⊢≻⋈∈⊥∋≻⋈∈⊥∋≻⋈∈⊥∋≻⋈∈⊤∋≻⋈∈⊤∋≻⋈∈⊥∋≻⋈∈⊤∋≻⋈∈⊤∋≻⋈∈⊥∋≻⋈∈⊤∋≻⋈∈⊥∋≻⋈∈⊤∋≻⋈∈⊤∋≻⋈∈⊥∋≻⋈∈⊤∋≻⋈∈⊤∋≻⋈∈⊥∋≻⋈∈⊤∋≻⋈∈⊤∋≻⋈∈⊥∋≻⋈∈⊤∋≻⋈∈⊤∋≻⋈∈⊥∋≻⋈∈⊤∋≻⋈∈⊥∋≻⋈∈⊥∋≻⋈∈⊤∋≻⋈∈⊤∋≻⋈∈⊥∋≻⋈∈⊥∋≻⋈∈⊥∋≻⋈∈⊥∋≻⋈∈⊥∋≻⋈∈⊤∋≻⋈∈⊥∋≻⋈∈⊤∋≻⋈∈⊤∋≻⋈∈⊤∋≻⋈∈⊤∋≻⋈∈⊤∋≻⋈∈⊥∋≻⋈∈⊥∋≻⋈∈⊤∋≻⋈∈⊥∋≻⋈∈⊤∋≻⋈∈⊤∋≻⋈∈⊤∋≻⋈∈⊥∋⊙⊡⊣
⊢⊙⊡⊣
⊢⊙⊡⊣
⊢⊙⊡⊣
⊢⊙⊡⊣
⊢⊙⊡⊣
⊢⊙⊡⊣
⊢⊙⊡⊣
⊢⊙⊡⊣
⊢⊙⊡⊣
⊢≻⋈∈⊥∋⊙⊡⊣
⊢≻⋈∈⊤∋≻⋈∈⊥∋≻⋈∈⊤∋≻⋈∈⊥∋≻⋈∈⊥∋≻⋈∈⊤∋≻⋈∈⊥∋⊙⊡⊣
⊢⊙⊡⊣
⊢⊙⊡⊣
⊢⊙⊡⊣
⊢⊙⊡⊣
⊢⊙⊡⊣
⊢⊙⊡⊣
⊢⊙⊡⊣
⊢⊙⊡⊣
⊢⊙⊡⊣
⊢≻⋈∈⊤∋≻⋈∈⊥∋⊙⊡⊣
⊢≻⋈∈⊥∋≻⋈∈⊥∋≻⋈∈⊤∋≻⋈∈⊥∋≻⋈∈⊥∋≻⋈∈⊤∋≻⋈∈⊥∋⊙⊡⊣
⊢⊙⊡⊣
⊢⊙⊡⊣
⊢⊙⊡⊣
⊢⊙⊡⊣
⊢⊙⊡⊣
⊢⊙⊡⊣
⊢⊙⊡⊣
⊢⊙⊡⊣
⊢⊙⊡⊣
⊢≻⋈∈⊤∋≻⋈∈⊤∋≻⋈∈⊥∋⊙⊡⊣
⊢≻⋈∈⊤∋≻⋈∈⊥∋≻⋈∈⊥∋≻⋈∈⊥∋≻⋈∈⊥∋≻⋈∈⊤∋≻⋈∈⊥∋⊙⊡⊣
⊢⊙⊡⊣
⊢⊙⊡⊣
⊢⊙⊡⊣
⊢⊙⊡⊣
⊢⊙⊡⊣
⊢⊙⊡⊣
⊢⊙⊡⊣
⊢⊙⊡⊣
⊢⊙⊡⊣
⊢≻⋈∈⊤∋≻⋈∈⊤∋≻⋈∈⊤∋≻⋈∈⊥∋⊙⊡⊣
⊢≻⋈∈⊥∋≻⋈∈⊤∋≻⋈∈⊤∋≻⋈∈⊤∋≻⋈∈⊤∋≻⋈∈⊥∋≻⋈∈⊥∋⊙⊡⊣
⊢⊙⊡⊣
⊢⊙⊡⊣
⊢⊙⊡⊣
⊢⊙⊡⊣
⊢⊙⊡⊣
⊢⊙⊡⊣
⊢⊙⊡⊣
⊢⊙⊡⊣
⊢⊙⊡⊣
⊢≻⋈∈⊤∋≻⋈∈⊤∋≻⋈∈⊤∋≻⋈∈⊤∋≻⋈∈⊥∋⊙⊡⊣
⊢≻⋈∈⊥∋≻⋈∈⊥∋≻⋈∈⊤∋≻⋈∈⊤∋≻⋈∈⊤∋≻⋈∈⊥∋≻⋈∈⊥∋⊙⊡⊣
⊢⊙⊡⊣
⊢⊙⊡⊣
⊢⊙⊡⊣
⊢⊙⊡⊣
⊢⊙⊡⊣
⊢⊙⊡⊣
⊢⊙⊡⊣
⊢⊙⊡⊣
⊢⊙⊡⊣
⊢≻⋈∈⊤∋≻⋈∈⊤∋≻⋈∈⊤∋≻⋈∈⊤∋≻⋈∈⊤∋≻⋈∈⊥∋⊙⊡⊣
⊢≻⋈∈⊤∋≻⋈∈⊥∋≻⋈∈⊥∋≻⋈∈⊤∋≻⋈∈⊤∋≻⋈∈⊥∋≻⋈∈⊥∋⊙⊡⊣
⊢≻⋈∈⊥∋⊙⊡⊣
⊢≻⋈∈⊤∋≻⋈∈⊥∋⊙⊡⊣
⊢≻⋈∈⊤∋≻⋈∈⊥∋≻⋈∈⊥∋≻⋈∈⊥∋≻⋈∈⊤∋≻⋈∈⊥∋⊙⊡⊣
⊢≻⋈∈⊥∋⊙⊡⊣
⊢≻⋈∈⊤∋≻⋈∈⊤∋≻⋈∈⊤∋≻⋈∈⊤∋≻⋈∈⊥∋≻⋈∈⊤∋≻⋈∈⊤∋≻⋈∈⊥∋⊙⊡⊣
⊢⊙⊡⊣
⊢⊙⊡⊣
⊢⊙⊡⊣
⊢⊙⊡⊣
⊢≻⋈∈⊤∋≻⋈∈⊤∋≻⋈∈⊤∋≻⋈∈⊤∋≻⋈∈⊥∋≻⋈∈⊥∋⊙⊡⊣
⊢≻⋈∈⊤∋≻⋈∈⊤∋≻⋈∈⊤∋≻⋈∈⊥∋≻⋈∈⊤∋≻⋈∈⊥∋≻⋈∈⊥∋⊙⊡⊣
⊢≻⋈∈⊥∋⊙⊡⊣
⊢≻⋈∈⊤∋≻⋈∈⊥∋⊙⊡⊣
⊢≻⋈∈⊤∋≻⋈∈⊥∋≻⋈∈⊥∋≻⋈∈⊥∋≻⋈∈⊤∋≻⋈∈⊥∋⊙⊡⊣
⊢≻⋈∈⊥∋⊙⊡⊣
⊢≻⋈∈⊤∋≻⋈∈⊤∋≻⋈∈⊤∋≻⋈∈⊤∋≻⋈∈⊥∋≻⋈∈⊤∋≻⋈∈⊤∋≻⋈∈⊥∋⊙⊡⊣
⊢⊙⊡⊣
⊢⊙⊡⊣
⊢⊙⊡⊣
⊢⊙⊡⊣
⊢≻⋈∈⊤∋≻⋈∈⊤∋≻⋈∈⊤∋≻⋈∈⊤∋≻⋈∈⊤∋≻⋈∈⊤∋≻⋈∈⊥∋⊙⊡⊣
⊢≻⋈∈⊤∋≻⋈∈⊤∋≻⋈∈⊤∋≻⋈∈⊥∋≻⋈∈⊤∋≻⋈∈⊥∋≻⋈∈⊥∋⊙⊡⊣
⊢≻⋈∈⊤∋≻⋈∈⊥∋⊙⊡⊣
⊢≻⋈∈⊤∋≻⋈∈⊥∋⊙⊡⊣
⊢≻⋈∈⊥∋≻⋈∈⊥∋≻⋈∈⊥∋≻⋈∈⊥∋≻⋈∈⊤∋≻⋈∈⊥∋⊙⊡⊣
⊢≻⋈∈⊥∋⊙⊡⊣
⊢≻⋈∈⊥∋≻⋈∈⊥∋≻⋈∈⊤∋≻⋈∈⊤∋≻⋈∈⊥∋≻⋈∈⊤∋≻⋈∈⊤∋≻⋈∈⊥∋⊙⊡⊣
⊢⊙⊡⊣
⊢⊙⊡⊣
⊢⊙⊡⊣
⊢⊙⊡⊣
⊢≻⋈∈⊤∋≻⋈∈⊤∋≻⋈∈⊤∋≻⋈∈⊤∋≻⋈∈⊤∋≻⋈∈⊥∋≻⋈∈⊥∋⊙⊡⊣
⊢≻⋈∈⊥∋≻⋈∈⊥∋≻⋈∈⊤∋≻⋈∈⊥∋≻⋈∈⊤∋≻⋈∈⊥∋≻⋈∈⊥∋⊙⊡⊣
⊢≻⋈∈⊤∋≻⋈∈⊥∋⊙⊡⊣
⊢≻⋈∈⊤∋≻⋈∈⊥∋⊙⊡⊣
⊢≻⋈∈⊥∋≻⋈∈⊥∋≻⋈∈⊥∋≻⋈∈⊥∋≻⋈∈⊤∋≻⋈∈⊥∋⊙⊡⊣
⊢≻⋈∈⊥∋⊙⊡⊣
⊢≻⋈∈⊥∋≻⋈∈⊥∋≻⋈∈⊤∋≻⋈∈⊤∋≻⋈∈⊥∋≻⋈∈⊤∋≻⋈∈⊤∋≻⋈∈⊥∋⊙⊡⊣
⊢⊙⊡⊣
⊢⊙⊡⊣
⊢⊙⊡⊣
⊢⊙⊡⊣
⊢≻⋈∈⊤∋≻⋈∈⊤∋≻⋈∈⊤∋≻⋈∈⊤∋≻⋈∈⊤∋≻⋈∈⊤∋≻⋈∈⊤∋≻⋈∈⊥∋⊙⊡⊣
⊢≻⋈∈⊥∋≻⋈∈⊥∋≻⋈∈⊤∋≻⋈∈⊥∋≻⋈∈⊤∋≻⋈∈⊥∋≻⋈∈⊥∋⊙⊡⊣
⊢≻⋈∈⊥∋≻⋈∈⊥∋⊙⊡⊣
⊢≻⋈∈⊤∋≻⋈∈⊤∋≻⋈∈⊤∋≻⋈∈⊥∋≻⋈∈⊥∋⊙⊡⊣
⊢≻⋈∈⊤∋≻⋈∈⊤∋≻⋈∈⊤∋≻⋈∈⊥∋≻⋈∈⊥∋⊙⊡⊣
⊢≻⋈∈⊥∋⊙⊡⊣
⊢≻⋈∈⊤∋≻⋈∈⊤∋≻⋈∈⊤∋≻⋈∈⊤∋≻⋈∈⊥∋≻⋈∈⊤∋≻⋈∈⊤∋≻⋈∈⊥∋⊙⊡⊣
⊢≻⋈∈⊥∋⊙⊡⊣
⊢⊙⊡⊣
⊢≻⋈∈⊥∋≻⋈∈⊥∋≻⋈∈⊥∋≻⋈∈⊤∋≻⋈∈⊥∋≻⋈∈⊥∋≻⋈∈⊥∋≻⋈∈⊤∋≻⋈∈⊤∋≻⋈∈⊤∋≻⋈∈⊥∋⊙⊡⊣
⊢≻⋈∈⊥∋≻⋈∈⊤∋≻⋈∈⊥∋≻⋈∈⊥∋≻⋈∈⊤∋≻⋈∈⊤∋≻⋈∈⊥∋≻⋈∈⊥∋≻⋈∈⊤∋≻⋈∈⊥∋≻⋈∈⊥∋⊙⊡⊣
⊢≻⋈∈⊤∋≻⋈∈⊤∋≻⋈∈⊤∋≻⋈∈⊤∋≻⋈∈⊥∋≻⋈∈⊤∋≻⋈∈⊤∋≻⋈∈⊥∋⊙⊡⊣
⊢≻⋈∈⊥∋≻⋈∈⊥∋≻⋈∈⊤∋≻⋈∈⊥∋≻⋈∈⊤∋≻⋈∈⊥∋≻⋈∈⊥∋⊙⊡⊣
⊢≻⋈∈⊤∋≻⋈∈⊤∋≻⋈∈⊥∋⊙⊡⊣
⊢≻⋈∈⊤∋≻⋈∈⊤∋≻⋈∈⊤∋≻⋈∈⊥∋≻⋈∈⊥∋⊙⊡⊣
⊢≻⋈∈⊤∋≻⋈∈⊤∋≻⋈∈⊤∋≻⋈∈⊥∋≻⋈∈⊥∋⊙⊡⊣
⊢≻⋈∈⊤∋≻⋈∈⊥∋⊙⊡⊣
⊢≻⋈∈⊤∋≻⋈∈⊤∋≻⋈∈⊤∋≻⋈∈⊤∋≻⋈∈⊤∋≻⋈∈⊥∋≻⋈∈⊤∋≻⋈∈⊤∋≻⋈∈⊥∋⊙⊡⊣
⊢≻⋈∈⊥∋⊙⊡⊣
⊢⊙⊡⊣
⊢≻⋈∈⊥∋≻⋈∈⊥∋≻⋈∈⊥∋≻⋈∈⊤∋≻⋈∈⊥∋≻⋈∈⊥∋≻⋈∈⊥∋≻⋈∈⊤∋≻⋈∈⊤∋≻⋈∈⊤∋≻⋈∈⊥∋⊙⊡⊣
⊢≻⋈∈⊥∋≻⋈∈⊤∋≻⋈∈⊥∋≻⋈∈⊥∋≻⋈∈⊤∋≻⋈∈⊤∋≻⋈∈⊥∋≻⋈∈⊥∋≻⋈∈⊤∋≻⋈∈⊥∋≻⋈∈⊥∋⊙⊡⊣
⊢≻⋈∈⊤∋≻⋈∈⊤∋≻⋈∈⊤∋≻⋈∈⊤∋≻⋈∈⊥∋≻⋈∈⊤∋≻⋈∈⊤∋≻⋈∈⊥∋⊙⊡⊣
⊢≻⋈∈⊥∋≻⋈∈⊥∋≻⋈∈⊤∋≻⋈∈⊥∋≻⋈∈⊤∋≻⋈∈⊥∋≻⋈∈⊥∋⊙⊡⊣
⊢≻⋈∈⊥∋≻⋈∈⊤∋≻⋈∈⊥∋⊙⊡⊣
⊢≻⋈∈⊤∋≻⋈∈⊤∋≻⋈∈⊤∋≻⋈∈⊥∋≻⋈∈⊥∋⊙⊡⊣
⊢≻⋈∈⊥∋≻⋈∈⊤∋≻⋈∈⊤∋≻⋈∈⊥∋≻⋈∈⊥∋⊙⊡⊣
⊢≻⋈∈⊤∋≻⋈∈⊤∋≻⋈∈⊥∋⊙⊡⊣
⊢≻⋈∈⊥∋≻⋈∈⊥∋≻⋈∈⊤∋≻⋈∈⊤∋≻⋈∈⊤∋≻⋈∈⊤∋≻⋈∈⊥∋≻⋈∈⊤∋≻⋈∈⊤∋≻⋈∈⊥∋⊙⊡⊣
⊢≻⋈∈⊥∋⊙⊡⊣
⊢⊙⊡⊣
⊢≻⋈∈⊥∋≻⋈∈⊥∋≻⋈∈⊥∋≻⋈∈⊤∋≻⋈∈⊥∋≻⋈∈⊥∋≻⋈∈⊥∋≻⋈∈⊤∋≻⋈∈⊤∋≻⋈∈⊤∋≻⋈∈⊥∋⊙⊡⊣
⊢≻⋈∈⊥∋≻⋈∈⊤∋≻⋈∈⊥∋≻⋈∈⊥∋≻⋈∈⊤∋≻⋈∈⊤∋≻⋈∈⊥∋≻⋈∈⊥∋≻⋈∈⊤∋≻⋈∈⊥∋≻⋈∈⊥∋⊙⊡⊣
⊢≻⋈∈⊤∋≻⋈∈⊤∋≻⋈∈⊤∋≻⋈∈⊤∋≻⋈∈⊤∋≻⋈∈⊤∋≻⋈∈⊥∋≻⋈∈⊥∋⊙⊡⊣
⊢≻⋈∈⊥∋≻⋈∈⊤∋≻⋈∈⊥∋≻⋈∈⊥∋≻⋈∈⊤∋≻⋈∈⊥∋≻⋈∈⊥∋⊙⊡⊣
⊢≻⋈∈⊥∋≻⋈∈⊤∋≻⋈∈⊥∋⊙⊡⊣
⊢≻⋈∈⊤∋≻⋈∈⊤∋≻⋈∈⊤∋≻⋈∈⊥∋≻⋈∈⊥∋⊙⊡⊣
⊢≻⋈∈⊥∋≻⋈∈⊤∋≻⋈∈⊤∋≻⋈∈⊥∋≻⋈∈⊥∋⊙⊡⊣
⊢≻⋈∈⊤∋≻⋈∈⊤∋≻⋈∈⊥∋⊙⊡⊣
⊢≻⋈∈⊥∋≻⋈∈⊥∋≻⋈∈⊤∋≻⋈∈⊤∋≻⋈∈⊤∋≻⋈∈⊤∋≻⋈∈⊥∋≻⋈∈⊤∋≻⋈∈⊤∋≻⋈∈⊥∋⊙⊡⊣
⊢≻⋈∈⊤∋≻⋈∈⊥∋⊙⊡⊣
⊢⊙⊡⊣
⊢≻⋈∈⊥∋≻⋈∈⊥∋≻⋈∈⊥∋≻⋈∈⊤∋≻⋈∈⊥∋≻⋈∈⊥∋≻⋈∈⊥∋≻⋈∈⊤∋≻⋈∈⊤∋≻⋈∈⊤∋≻⋈∈⊥∋⊙⊡⊣
⊢≻⋈∈⊥∋≻⋈∈⊤∋≻⋈∈⊥∋≻⋈∈⊥∋≻⋈∈⊤∋≻⋈∈⊤∋≻⋈∈⊥∋≻⋈∈⊥∋≻⋈∈⊤∋≻⋈∈⊥∋≻⋈∈⊥∋⊙⊡⊣
⊢≻⋈∈⊤∋≻⋈∈⊤∋≻⋈∈⊤∋≻⋈∈⊤∋≻⋈∈⊤∋≻⋈∈⊤∋≻⋈∈⊥∋≻⋈∈⊥∋⊙⊡⊣
⊢≻⋈∈⊥∋≻⋈∈⊤∋≻⋈∈⊥∋≻⋈∈⊥∋≻⋈∈⊤∋≻⋈∈⊥∋≻⋈∈⊥∋⊙⊡⊣
⊢≻⋈∈⊤∋≻⋈∈⊥∋≻⋈∈⊥∋⊙⊡⊣
⊢≻⋈∈⊤∋≻⋈∈⊤∋≻⋈∈⊤∋≻⋈∈⊥∋≻⋈∈⊥∋⊙⊡⊣
⊢≻⋈∈⊥∋≻⋈∈⊤∋≻⋈∈⊤∋≻⋈∈⊥∋≻⋈∈⊥∋⊙⊡⊣
⊢≻⋈∈⊥∋≻⋈∈⊤∋≻⋈∈⊥∋⊙⊡⊣
⊢≻⋈∈⊤∋≻⋈∈⊥∋≻⋈∈⊥∋≻⋈∈⊤∋≻⋈∈⊥∋≻⋈∈⊤∋≻⋈∈⊥∋≻⋈∈⊥∋≻⋈∈⊤∋≻⋈∈⊥∋⊙⊡⊣
⊢≻⋈∈⊤∋≻⋈∈⊥∋⊙⊡⊣
⊢⊙⊡⊣
⊢≻⋈∈⊥∋≻⋈∈⊥∋≻⋈∈⊥∋≻⋈∈⊤∋≻⋈∈⊥∋≻⋈∈⊥∋≻⋈∈⊥∋≻⋈∈⊤∋≻⋈∈⊤∋≻⋈∈⊤∋≻⋈∈⊥∋⊙⊡⊣
⊢≻⋈∈⊥∋≻⋈∈⊤∋≻⋈∈⊥∋≻⋈∈⊥∋≻⋈∈⊤∋≻⋈∈⊤∋≻⋈∈⊥∋≻⋈∈⊥∋≻⋈∈⊤∋≻⋈∈⊥∋≻⋈∈⊥∋⊙⊡⊣
⊢≻⋈∈⊤∋≻⋈∈⊤∋≻⋈∈⊤∋≻⋈∈⊤∋≻⋈∈⊤∋≻⋈∈⊤∋≻⋈∈⊥∋≻⋈∈⊥∋⊙⊡⊣
⊢≻⋈∈⊥∋≻⋈∈⊤∋≻⋈∈⊥∋≻⋈∈⊥∋≻⋈∈⊤∋≻⋈∈⊥∋≻⋈∈⊥∋⊙⊡⊣
⊢≻⋈∈⊥∋≻⋈∈⊥∋≻⋈∈⊥∋⊙⊡⊣
⊢≻⋈∈⊥∋≻⋈∈⊥∋⊙⊡⊣
⊢≻⋈∈⊥∋≻⋈∈⊤∋≻⋈∈⊥∋≻⋈∈⊥∋≻⋈∈⊤∋≻⋈∈⊥∋⊙⊡⊣
⊢≻⋈∈⊥∋≻⋈∈⊥∋≻⋈∈⊥∋⊙⊡⊣
⊢≻⋈∈⊥∋≻⋈∈⊤∋≻⋈∈⊤∋≻⋈∈⊥∋≻⋈∈⊥∋≻⋈∈⊥∋≻⋈∈⊥∋≻⋈∈⊥∋≻⋈∈⊥∋≻⋈∈⊥∋⊙⊡⊣
⊢≻⋈∈⊤∋≻⋈∈⊥∋⊙⊡⊣
⊢⊙⊡⊣
⊢≻⋈∈⊥∋≻⋈∈⊥∋≻⋈∈⊥∋≻⋈∈⊤∋≻⋈∈⊥∋≻⋈∈⊥∋≻⋈∈⊥∋≻⋈∈⊤∋≻⋈∈⊤∋≻⋈∈⊤∋≻⋈∈⊥∋⊙⊡⊣
⊢≻⋈∈⊥∋≻⋈∈⊤∋≻⋈∈⊥∋≻⋈∈⊥∋≻⋈∈⊤∋≻⋈∈⊤∋≻⋈∈⊥∋≻⋈∈⊥∋≻⋈∈⊤∋≻⋈∈⊥∋≻⋈∈⊥∋⊙⊡⊣
⊢≻⋈∈⊤∋≻⋈∈⊤∋≻⋈∈⊤∋≻⋈∈⊤∋≻⋈∈⊥∋≻⋈∈⊥∋≻⋈∈⊥∋≻⋈∈⊥∋⊙⊡⊣
⊢≻⋈∈⊥∋≻⋈∈⊤∋≻⋈∈⊥∋≻⋈∈⊥∋≻⋈∈⊤∋≻⋈∈⊥∋≻⋈∈⊥∋⊙⊡⊣
⊢≻⋈∈⊤∋≻⋈∈⊤∋≻⋈∈⊤∋≻⋈∈⊥∋⊙⊡⊣
⊢≻⋈∈⊥∋≻⋈∈⊥∋⊙⊡⊣
⊢≻⋈∈⊥∋≻⋈∈⊤∋≻⋈∈⊥∋≻⋈∈⊥∋≻⋈∈⊤∋≻⋈∈⊥∋⊙⊡⊣
⊢≻⋈∈⊤∋≻⋈∈⊤∋≻⋈∈⊤∋≻⋈∈⊥∋⊙⊡⊣
⊢≻⋈∈⊥∋≻⋈∈⊤∋≻⋈∈⊤∋≻⋈∈⊥∋≻⋈∈⊤∋≻⋈∈⊤∋≻⋈∈⊤∋≻⋈∈⊥∋≻⋈∈⊤∋≻⋈∈⊤∋≻⋈∈⊥∋⊙⊡⊣
⊢≻⋈∈⊥∋≻⋈∈⊥∋⊙⊡⊣
⊢⊙⊡⊣
⊢≻⋈∈⊥∋≻⋈∈⊥∋≻⋈∈⊥∋≻⋈∈⊤∋≻⋈∈⊥∋≻⋈∈⊥∋≻⋈∈⊥∋≻⋈∈⊤∋≻⋈∈⊤∋≻⋈∈⊤∋≻⋈∈⊥∋⊙⊡⊣
⊢≻⋈∈⊥∋≻⋈∈⊤∋≻⋈∈⊥∋≻⋈∈⊥∋≻⋈∈⊤∋≻⋈∈⊤∋≻⋈∈⊥∋≻⋈∈⊥∋≻⋈∈⊤∋≻⋈∈⊥∋≻⋈∈⊥∋⊙⊡⊣
⊢≻⋈∈⊤∋≻⋈∈⊤∋≻⋈∈⊤∋≻⋈∈⊤∋≻⋈∈⊥∋≻⋈∈⊥∋≻⋈∈⊥∋≻⋈∈⊥∋⊙⊡⊣
⊢≻⋈∈⊥∋≻⋈∈⊤∋≻⋈∈⊥∋≻⋈∈⊥∋≻⋈∈⊤∋≻⋈∈⊥∋≻⋈∈⊥∋⊙⊡⊣
⊢≻⋈∈⊤∋≻⋈∈⊤∋≻⋈∈⊤∋≻⋈∈⊥∋⊙⊡⊣
⊢≻⋈∈⊥∋≻⋈∈⊥∋⊙⊡⊣
⊢≻⋈∈⊥∋≻⋈∈⊤∋≻⋈∈⊥∋≻⋈∈⊥∋≻⋈∈⊤∋≻⋈∈⊥∋⊙⊡⊣
⊢≻⋈∈⊤∋≻⋈∈⊤∋≻⋈∈⊤∋≻⋈∈⊥∋⊙⊡⊣
⊢≻⋈∈⊥∋≻⋈∈⊤∋≻⋈∈⊤∋≻⋈∈⊥∋≻⋈∈⊤∋≻⋈∈⊤∋≻⋈∈⊤∋≻⋈∈⊥∋≻⋈∈⊤∋≻⋈∈⊤∋≻⋈∈⊥∋⊙⊡⊣
⊢≻⋈∈⊥∋≻⋈∈⊥∋⊙⊡⊣
⊢⊙⊡⊣
⊢≻⋈∈⊥∋≻⋈∈⊥∋≻⋈∈⊥∋≻⋈∈⊤∋≻⋈∈⊥∋≻⋈∈⊥∋≻⋈∈⊥∋≻⋈∈⊤∋≻⋈∈⊤∋≻⋈∈⊤∋≻⋈∈⊥∋⊙⊡⊣
⊢≻⋈∈⊥∋≻⋈∈⊤∋≻⋈∈⊥∋≻⋈∈⊥∋≻⋈∈⊤∋≻⋈∈⊤∋≻⋈∈⊥∋≻⋈∈⊥∋≻⋈∈⊤∋≻⋈∈⊥∋≻⋈∈⊥∋⊙⊡⊣
⊢≻⋈∈⊤∋≻⋈∈⊤∋≻⋈∈⊤∋≻⋈∈⊤∋≻⋈∈⊤∋≻⋈∈⊤∋≻⋈∈⊤∋≻⋈∈⊤∋≻⋈∈⊥∋⊙⊡⊣
⊢≻⋈∈⊥∋≻⋈∈⊤∋≻⋈∈⊥∋≻⋈∈⊥∋≻⋈∈⊤∋≻⋈∈⊥∋≻⋈∈⊥∋⊙⊡⊣
⊢≻⋈∈⊥∋≻⋈∈⊤∋≻⋈∈⊤∋≻⋈∈⊥∋⊙⊡⊣
⊢≻⋈∈⊥∋≻⋈∈⊥∋⊙⊡⊣
⊢≻⋈∈⊤∋≻⋈∈⊥∋≻⋈∈⊥∋≻⋈∈⊥∋≻⋈∈⊤∋≻⋈∈⊥∋⊙⊡⊣
⊢≻⋈∈⊤∋≻⋈∈⊤∋≻⋈∈⊤∋≻⋈∈⊥∋⊙⊡⊣
⊢≻⋈∈⊤∋≻⋈∈⊤∋≻⋈∈⊥∋≻⋈∈⊥∋≻⋈∈⊤∋≻⋈∈⊤∋≻⋈∈⊤∋≻⋈∈⊥∋≻⋈∈⊤∋≻⋈∈⊤∋≻⋈∈⊥∋⊙⊡⊣
⊢≻⋈∈⊤∋≻⋈∈⊤∋≻⋈∈⊥∋⊙⊡⊣
⊢⊙⊡⊣
⊢≻⋈∈⊥∋≻⋈∈⊥∋≻⋈∈⊥∋≻⋈∈⊤∋≻⋈∈⊥∋≻⋈∈⊥∋≻⋈∈⊥∋≻⋈∈⊤∋≻⋈∈⊤∋≻⋈∈⊤∋≻⋈∈⊥∋⊙⊡⊣
⊢≻⋈∈⊥∋≻⋈∈⊤∋≻⋈∈⊥∋≻⋈∈⊥∋≻⋈∈⊤∋≻⋈∈⊤∋≻⋈∈⊥∋≻⋈∈⊥∋≻⋈∈⊤∋≻⋈∈⊥∋≻⋈∈⊥∋⊙⊡⊣
⊢≻⋈∈⊤∋≻⋈∈⊤∋≻⋈∈⊤∋≻⋈∈⊤∋≻⋈∈⊤∋≻⋈∈⊥∋≻⋈∈⊤∋≻⋈∈⊤∋≻⋈∈⊥∋⊙⊡⊣
⊢≻⋈∈⊥∋≻⋈∈⊤∋≻⋈∈⊥∋≻⋈∈⊥∋≻⋈∈⊤∋≻⋈∈⊥∋≻⋈∈⊥∋⊙⊡⊣
⊢≻⋈∈⊥∋≻⋈∈⊥∋≻⋈∈⊤∋≻⋈∈⊥∋⊙⊡⊣
⊢≻⋈∈⊥∋≻⋈∈⊥∋≻⋈∈⊥∋≻⋈∈⊤∋≻⋈∈⊥∋⊙⊡⊣
⊢≻⋈∈⊥∋≻⋈∈⊤∋≻⋈∈⊤∋≻⋈∈⊥∋≻⋈∈⊥∋⊙⊡⊣
⊢≻⋈∈⊥∋≻⋈∈⊤∋≻⋈∈⊤∋≻⋈∈⊥∋⊙⊡⊣
⊢≻⋈∈⊥∋≻⋈∈⊤∋≻⋈∈⊤∋≻⋈∈⊥∋≻⋈∈⊥∋≻⋈∈⊤∋≻⋈∈⊤∋≻⋈∈⊤∋≻⋈∈⊥∋≻⋈∈⊤∋≻⋈∈⊥∋⊙⊡⊣
⊢≻⋈∈⊥∋≻⋈∈⊤∋≻⋈∈⊥∋⊙⊡⊣
⊢⊙⊡⊣
⊢≻⋈∈⊥∋≻⋈∈⊥∋≻⋈∈⊥∋≻⋈∈⊤∋≻⋈∈⊥∋≻⋈∈⊥∋≻⋈∈⊥∋≻⋈∈⊤∋≻⋈∈⊤∋≻⋈∈⊤∋≻⋈∈⊥∋⊙⊡⊣
⊢≻⋈∈⊥∋≻⋈∈⊤∋≻⋈∈⊥∋≻⋈∈⊥∋≻⋈∈⊤∋≻⋈∈⊤∋≻⋈∈⊥∋≻⋈∈⊥∋≻⋈∈⊤∋≻⋈∈⊥∋≻⋈∈⊥∋⊙⊡⊣
⊢≻⋈∈⊤∋≻⋈∈⊤∋≻⋈∈⊤∋≻⋈∈⊤∋≻⋈∈⊥∋≻⋈∈⊤∋≻⋈∈⊥∋≻⋈∈⊤∋≻⋈∈⊥∋⊙⊡⊣
⊢≻⋈∈⊥∋≻⋈∈⊤∋≻⋈∈⊥∋≻⋈∈⊥∋≻⋈∈⊤∋≻⋈∈⊥∋≻⋈∈⊥∋⊙⊡⊣
⊢≻⋈∈⊤∋≻⋈∈⊤∋≻⋈∈⊥∋≻⋈∈⊥∋⊙⊡⊣
⊢≻⋈∈⊥∋≻⋈∈⊥∋≻⋈∈⊥∋≻⋈∈⊤∋≻⋈∈⊥∋⊙⊡⊣
⊢≻⋈∈⊤∋≻⋈∈⊥∋≻⋈∈⊤∋≻⋈∈⊥∋≻⋈∈⊥∋⊙⊡⊣
⊢≻⋈∈⊥∋≻⋈∈⊥∋≻⋈∈⊤∋≻⋈∈⊥∋⊙⊡⊣
⊢≻⋈∈⊤∋≻⋈∈⊤∋≻⋈∈⊥∋≻⋈∈⊥∋≻⋈∈⊥∋≻⋈∈⊥∋≻⋈∈⊤∋≻⋈∈⊤∋≻⋈∈⊤∋≻⋈∈⊥∋≻⋈∈⊥∋⊙⊡⊣
⊢≻⋈∈⊥∋≻⋈∈⊤∋≻⋈∈⊥∋⊙⊡⊣
⊢⊙⊡⊣
⊢≻⋈∈⊥∋≻⋈∈⊥∋≻⋈∈⊥∋≻⋈∈⊤∋≻⋈∈⊥∋≻⋈∈⊥∋≻⋈∈⊥∋≻⋈∈⊤∋≻⋈∈⊤∋≻⋈∈⊤∋≻⋈∈⊥∋⊙⊡⊣
⊢≻⋈∈⊥∋≻⋈∈⊤∋≻⋈∈⊥∋≻⋈∈⊥∋≻⋈∈⊤∋≻⋈∈⊤∋≻⋈∈⊥∋≻⋈∈⊥∋≻⋈∈⊤∋≻⋈∈⊥∋≻⋈∈⊥∋⊙⊡⊣
⊢≻⋈∈⊤∋≻⋈∈⊤∋≻⋈∈⊤∋≻⋈∈⊤∋≻⋈∈⊤∋≻⋈∈⊤∋≻⋈∈⊤∋≻⋈∈⊥∋≻⋈∈⊥∋⊙⊡⊣
⊢≻⋈∈⊤∋≻⋈∈⊤∋≻⋈∈⊤∋≻⋈∈⊤∋≻⋈∈⊥∋≻⋈∈⊥∋≻⋈∈⊥∋⊙⊡⊣
⊢≻⋈∈⊥∋≻⋈∈⊤∋≻⋈∈⊥∋≻⋈∈⊥∋⊙⊡⊣
⊢≻⋈∈⊥∋≻⋈∈⊥∋≻⋈∈⊥∋≻⋈∈⊤∋≻⋈∈⊥∋⊙⊡⊣
⊢≻⋈∈⊤∋≻⋈∈⊥∋≻⋈∈⊤∋≻⋈∈⊥∋≻⋈∈⊥∋⊙⊡⊣
⊢≻⋈∈⊤∋≻⋈∈⊤∋≻⋈∈⊥∋≻⋈∈⊥∋⊙⊡⊣
⊢≻⋈∈⊥∋≻⋈∈⊥∋≻⋈∈⊥∋≻⋈∈⊥∋≻⋈∈⊤∋≻⋈∈⊤∋≻⋈∈⊥∋≻⋈∈⊥∋≻⋈∈⊤∋≻⋈∈⊥∋≻⋈∈⊥∋⊙⊡⊣
⊢≻⋈∈⊤∋≻⋈∈⊥∋≻⋈∈⊥∋⊙⊡⊣
⊢≻⋈∈⊥∋⊙⊡⊣
⊢≻⋈∈⊥∋≻⋈∈⊥∋≻⋈∈⊥∋≻⋈∈⊤∋≻⋈∈⊥∋≻⋈∈⊥∋≻⋈∈⊥∋≻⋈∈⊤∋≻⋈∈⊤∋≻⋈∈⊤∋≻⋈∈⊥∋⊙⊡⊣
⊢≻⋈∈⊥∋≻⋈∈⊤∋≻⋈∈⊥∋≻⋈∈⊥∋≻⋈∈⊤∋≻⋈∈⊤∋≻⋈∈⊥∋≻⋈∈⊥∋≻⋈∈⊤∋≻⋈∈⊥∋≻⋈∈⊥∋⊙⊡⊣
⊢≻⋈∈⊤∋≻⋈∈⊤∋≻⋈∈⊤∋≻⋈∈⊤∋≻⋈∈⊤∋≻⋈∈⊤∋≻⋈∈⊤∋≻⋈∈⊥∋≻⋈∈⊥∋⊙⊡⊣
⊢≻⋈∈⊤∋≻⋈∈⊤∋≻⋈∈⊤∋≻⋈∈⊤∋≻⋈∈⊥∋≻⋈∈⊥∋≻⋈∈⊥∋⊙⊡⊣
⊢≻⋈∈⊤∋≻⋈∈⊥∋≻⋈∈⊥∋≻⋈∈⊥∋⊙⊡⊣
⊢≻⋈∈⊤∋≻⋈∈⊤∋≻⋈∈⊥∋⊙⊡⊣
⊢≻⋈∈⊤∋≻⋈∈⊤∋≻⋈∈⊥∋≻⋈∈⊥∋≻⋈∈⊤∋≻⋈∈⊥∋⊙⊡⊣
⊢≻⋈∈⊤∋≻⋈∈⊥∋≻⋈∈⊥∋≻⋈∈⊥∋⊙⊡⊣
⊢≻⋈∈⊤∋≻⋈∈⊥∋≻⋈∈⊤∋≻⋈∈⊤∋≻⋈∈⊥∋≻⋈∈⊥∋≻⋈∈⊥∋≻⋈∈⊥∋≻⋈∈⊥∋≻⋈∈⊥∋≻⋈∈⊥∋⊙⊡⊣
⊢≻⋈∈⊤∋≻⋈∈⊥∋≻⋈∈⊥∋⊙⊡⊣
⊢≻⋈∈⊥∋⊙⊡⊣
⊢≻⋈∈⊥∋≻⋈∈⊥∋≻⋈∈⊥∋≻⋈∈⊤∋≻⋈∈⊥∋≻⋈∈⊥∋≻⋈∈⊥∋≻⋈∈⊤∋≻⋈∈⊤∋≻⋈∈⊤∋≻⋈∈⊥∋⊙⊡⊣
⊢≻⋈∈⊥∋≻⋈∈⊤∋≻⋈∈⊥∋≻⋈∈⊥∋≻⋈∈⊤∋≻⋈∈⊤∋≻⋈∈⊥∋≻⋈∈⊥∋≻⋈∈⊤∋≻⋈∈⊥∋≻⋈∈⊥∋⊙⊡⊣
⊢≻⋈∈⊤∋≻⋈∈⊤∋≻⋈∈⊤∋≻⋈∈⊤∋≻⋈∈⊥∋≻⋈∈⊥∋≻⋈∈⊤∋≻⋈∈⊥∋≻⋈∈⊥∋⊙⊡⊣
⊢≻⋈∈⊤∋≻⋈∈⊤∋≻⋈∈⊤∋≻⋈∈⊤∋≻⋈∈⊥∋≻⋈∈⊥∋≻⋈∈⊥∋⊙⊡⊣
⊢≻⋈∈⊥∋≻⋈∈⊥∋≻⋈∈⊥∋≻⋈∈⊥∋⊙⊡⊣
⊢≻⋈∈⊤∋≻⋈∈⊤∋≻⋈∈⊥∋⊙⊡⊣
⊢≻⋈∈⊤∋≻⋈∈⊤∋≻⋈∈⊥∋≻⋈∈⊥∋≻⋈∈⊤∋≻⋈∈⊥∋⊙⊡⊣
⊢≻⋈∈⊥∋≻⋈∈⊥∋≻⋈∈⊥∋≻⋈∈⊥∋⊙⊡⊣
⊢≻⋈∈⊤∋≻⋈∈⊥∋≻⋈∈⊤∋≻⋈∈⊤∋≻⋈∈⊤∋≻⋈∈⊤∋≻⋈∈⊤∋≻⋈∈⊥∋≻⋈∈⊤∋≻⋈∈⊤∋≻⋈∈⊤∋≻⋈∈⊥∋⊙⊡⊣
⊢≻⋈∈⊥∋≻⋈∈⊥∋≻⋈∈⊥∋⊙⊡⊣
⊢≻⋈∈⊥∋⊙⊡⊣
⊢≻⋈∈⊥∋≻⋈∈⊥∋≻⋈∈⊥∋≻⋈∈⊤∋≻⋈∈⊥∋≻⋈∈⊥∋≻⋈∈⊥∋≻⋈∈⊤∋≻⋈∈⊤∋≻⋈∈⊤∋≻⋈∈⊥∋⊙⊡⊣
⊢≻⋈∈⊥∋≻⋈∈⊤∋≻⋈∈⊥∋≻⋈∈⊥∋≻⋈∈⊤∋≻⋈∈⊤∋≻⋈∈⊥∋≻⋈∈⊥∋≻⋈∈⊤∋≻⋈∈⊥∋≻⋈∈⊥∋⊙⊡⊣
⊢≻⋈∈⊤∋≻⋈∈⊤∋≻⋈∈⊤∋≻⋈∈⊤∋≻⋈∈⊥∋≻⋈∈⊥∋≻⋈∈⊤∋≻⋈∈⊥∋≻⋈∈⊥∋⊙⊡⊣
⊢≻⋈∈⊤∋≻⋈∈⊤∋≻⋈∈⊤∋≻⋈∈⊤∋≻⋈∈⊥∋≻⋈∈⊥∋≻⋈∈⊥∋⊙⊡⊣
⊢≻⋈∈⊤∋≻⋈∈⊤∋≻⋈∈⊤∋≻⋈∈⊤∋≻⋈∈⊥∋⊙⊡⊣
⊢≻⋈∈⊤∋≻⋈∈⊤∋≻⋈∈⊥∋⊙⊡⊣
⊢≻⋈∈⊥∋≻⋈∈⊤∋≻⋈∈⊥∋≻⋈∈⊥∋≻⋈∈⊤∋≻⋈∈⊥∋⊙⊡⊣
⊢≻⋈∈⊥∋≻⋈∈⊥∋≻⋈∈⊥∋≻⋈∈⊥∋⊙⊡⊣
⊢≻⋈∈⊥∋≻⋈∈⊤∋≻⋈∈⊥∋≻⋈∈⊤∋≻⋈∈⊤∋≻⋈∈⊤∋≻⋈∈⊤∋≻⋈∈⊥∋≻⋈∈⊤∋≻⋈∈⊤∋≻⋈∈⊤∋≻⋈∈⊥∋⊙⊡⊣
⊢≻⋈∈⊥∋≻⋈∈⊥∋≻⋈∈⊥∋⊙⊡⊣
⊢≻⋈∈⊥∋⊙⊡⊣
⊢≻⋈∈⊥∋≻⋈∈⊥∋≻⋈∈⊥∋≻⋈∈⊤∋≻⋈∈⊥∋≻⋈∈⊥∋≻⋈∈⊥∋≻⋈∈⊤∋≻⋈∈⊤∋≻⋈∈⊤∋≻⋈∈⊥∋⊙⊡⊣
⊢≻⋈∈⊥∋≻⋈∈⊤∋≻⋈∈⊥∋≻⋈∈⊥∋≻⋈∈⊤∋≻⋈∈⊤∋≻⋈∈⊥∋≻⋈∈⊥∋≻⋈∈⊤∋≻⋈∈⊥∋≻⋈∈⊥∋⊙⊡⊣
⊢≻⋈∈⊤∋≻⋈∈⊤∋≻⋈∈⊤∋≻⋈∈⊤∋≻⋈∈⊤∋≻⋈∈⊥∋≻⋈∈⊥∋≻⋈∈⊥∋≻⋈∈⊥∋⊙⊡⊣
⊢≻⋈∈⊤∋≻⋈∈⊤∋≻⋈∈⊤∋≻⋈∈⊤∋≻⋈∈⊥∋≻⋈∈⊥∋≻⋈∈⊥∋⊙⊡⊣
⊢≻⋈∈⊤∋≻⋈∈⊤∋≻⋈∈⊤∋≻⋈∈⊤∋≻⋈∈⊥∋⊙⊡⊣
⊢≻⋈∈⊤∋≻⋈∈⊤∋≻⋈∈⊥∋⊙⊡⊣
⊢≻⋈∈⊥∋≻⋈∈⊤∋≻⋈∈⊥∋≻⋈∈⊥∋≻⋈∈⊤∋≻⋈∈⊥∋⊙⊡⊣
⊢≻⋈∈⊥∋≻⋈∈⊥∋≻⋈∈⊥∋≻⋈∈⊥∋⊙⊡⊣
⊢≻⋈∈⊥∋≻⋈∈⊤∋≻⋈∈⊥∋≻⋈∈⊤∋≻⋈∈⊤∋≻⋈∈⊤∋≻⋈∈⊤∋≻⋈∈⊥∋≻⋈∈⊤∋≻⋈∈⊤∋≻⋈∈⊤∋≻⋈∈⊥∋⊙⊡⊣
⊢≻⋈∈⊤∋≻⋈∈⊤∋≻⋈∈⊤∋≻⋈∈⊥∋⊙⊡⊣
⊢≻⋈∈⊥∋⊙⊡⊣
⊢≻⋈∈⊥∋≻⋈∈⊥∋≻⋈∈⊥∋≻⋈∈⊤∋≻⋈∈⊥∋≻⋈∈⊥∋≻⋈∈⊥∋≻⋈∈⊤∋≻⋈∈⊤∋≻⋈∈⊤∋≻⋈∈⊥∋⊙⊡⊣
⊢≻⋈∈⊥∋≻⋈∈⊤∋≻⋈∈⊥∋≻⋈∈⊥∋≻⋈∈⊤∋≻⋈∈⊤∋≻⋈∈⊥∋≻⋈∈⊥∋≻⋈∈⊤∋≻⋈∈⊥∋≻⋈∈⊥∋⊙⊡⊣
⊢≻⋈∈⊤∋≻⋈∈⊤∋≻⋈∈⊤∋≻⋈∈⊤∋≻⋈∈⊤∋≻⋈∈⊥∋≻⋈∈⊥∋≻⋈∈⊥∋≻⋈∈⊥∋⊙⊡⊣
⊢≻⋈∈⊤∋≻⋈∈⊤∋≻⋈∈⊤∋≻⋈∈⊤∋≻⋈∈⊥∋≻⋈∈⊥∋≻⋈∈⊥∋⊙⊡⊣
⊢≻⋈∈⊤∋≻⋈∈⊤∋≻⋈∈⊤∋≻⋈∈⊤∋≻⋈∈⊥∋⊙⊡⊣
⊢≻⋈∈⊤∋≻⋈∈⊤∋≻⋈∈⊥∋⊙⊡⊣
⊢≻⋈∈⊥∋≻⋈∈⊤∋≻⋈∈⊥∋≻⋈∈⊥∋≻⋈∈⊤∋≻⋈∈⊥∋⊙⊡⊣
⊢≻⋈∈⊥∋≻⋈∈⊥∋≻⋈∈⊥∋≻⋈∈⊥∋⊙⊡⊣
⊢≻⋈∈⊥∋≻⋈∈⊤∋≻⋈∈⊥∋≻⋈∈⊤∋≻⋈∈⊤∋≻⋈∈⊤∋≻⋈∈⊤∋≻⋈∈⊥∋≻⋈∈⊤∋≻⋈∈⊤∋≻⋈∈⊤∋≻⋈∈⊥∋⊙⊡⊣
⊢≻⋈∈⊤∋≻⋈∈⊤∋≻⋈∈⊤∋≻⋈∈⊥∋⊙⊡⊣
⊢≻⋈∈⊥∋⊙⊡⊣
⊢≻⋈∈⊥∋≻⋈∈⊥∋≻⋈∈⊥∋≻⋈∈⊤∋≻⋈∈⊥∋≻⋈∈⊥∋≻⋈∈⊥∋≻⋈∈⊤∋≻⋈∈⊤∋≻⋈∈⊤∋≻⋈∈⊥∋⊙⊡⊣
⊢≻⋈∈⊥∋≻⋈∈⊤∋≻⋈∈⊥∋≻⋈∈⊥∋≻⋈∈⊤∋≻⋈∈⊤∋≻⋈∈⊥∋≻⋈∈⊥∋≻⋈∈⊤∋≻⋈∈⊥∋≻⋈∈⊥∋⊙⊡⊣
⊢≻⋈∈⊤∋≻⋈∈⊤∋≻⋈∈⊤∋≻⋈∈⊤∋≻⋈∈⊤∋≻⋈∈⊤∋≻⋈∈⊤∋≻⋈∈⊤∋≻⋈∈⊤∋≻⋈∈⊥∋⊙⊡⊣
⊢≻⋈∈⊤∋≻⋈∈⊤∋≻⋈∈⊤∋≻⋈∈⊤∋≻⋈∈⊥∋≻⋈∈⊥∋≻⋈∈⊥∋⊙⊡⊣
⊢≻⋈∈⊤∋≻⋈∈⊥∋≻⋈∈⊤∋≻⋈∈⊤∋≻⋈∈⊥∋⊙⊡⊣
⊢≻⋈∈⊤∋≻⋈∈⊥∋≻⋈∈⊥∋≻⋈∈⊤∋≻⋈∈⊥∋⊙⊡⊣
⊢≻⋈∈⊤∋≻⋈∈⊥∋≻⋈∈⊤∋≻⋈∈⊥∋≻⋈∈⊥∋⊙⊡⊣
⊢≻⋈∈⊤∋≻⋈∈⊤∋≻⋈∈⊤∋≻⋈∈⊤∋≻⋈∈⊥∋⊙⊡⊣
⊢≻⋈∈⊤∋≻⋈∈⊥∋≻⋈∈⊤∋≻⋈∈⊤∋≻⋈∈⊥∋≻⋈∈⊤∋≻⋈∈⊤∋≻⋈∈⊤∋≻⋈∈⊥∋≻⋈∈⊤∋≻⋈∈⊤∋≻⋈∈⊥∋⊙⊡⊣
⊢≻⋈∈⊥∋≻⋈∈⊤∋≻⋈∈⊤∋≻⋈∈⊥∋⊙⊡⊣
⊢≻⋈∈⊥∋⊙⊡⊣
⊢≻⋈∈⊥∋≻⋈∈⊥∋≻⋈∈⊥∋≻⋈∈⊤∋≻⋈∈⊥∋≻⋈∈⊥∋≻⋈∈⊥∋≻⋈∈⊤∋≻⋈∈⊤∋≻⋈∈⊤∋≻⋈∈⊥∋⊙⊡⊣
⊢≻⋈∈⊥∋≻⋈∈⊤∋≻⋈∈⊥∋≻⋈∈⊥∋≻⋈∈⊤∋≻⋈∈⊤∋≻⋈∈⊥∋≻⋈∈⊥∋≻⋈∈⊤∋≻⋈∈⊥∋≻⋈∈⊥∋⊙⊡⊣
⊢≻⋈∈⊤∋≻⋈∈⊤∋≻⋈∈⊤∋≻⋈∈⊤∋≻⋈∈⊥∋≻⋈∈⊤∋≻⋈∈⊤∋≻⋈∈⊤∋≻⋈∈⊤∋≻⋈∈⊥∋⊙⊡⊣
⊢≻⋈∈⊤∋≻⋈∈⊤∋≻⋈∈⊤∋≻⋈∈⊤∋≻⋈∈⊥∋≻⋈∈⊥∋≻⋈∈⊥∋⊙⊡⊣
⊢≻⋈∈⊥∋≻⋈∈⊥∋≻⋈∈⊤∋≻⋈∈⊤∋≻⋈∈⊥∋⊙⊡⊣
⊢≻⋈∈⊤∋≻⋈∈⊥∋≻⋈∈⊥∋≻⋈∈⊤∋≻⋈∈⊥∋⊙⊡⊣
⊢≻⋈∈⊥∋≻⋈∈⊥∋≻⋈∈⊤∋≻⋈∈⊥∋≻⋈∈⊥∋⊙⊡⊣
⊢≻⋈∈⊤∋≻⋈∈⊥∋≻⋈∈⊤∋≻⋈∈⊤∋≻⋈∈⊥∋⊙⊡⊣
⊢≻⋈∈⊥∋≻⋈∈⊤∋≻⋈∈⊥∋≻⋈∈⊤∋≻⋈∈⊥∋≻⋈∈⊥∋≻⋈∈⊤∋≻⋈∈⊤∋≻⋈∈⊤∋≻⋈∈⊥∋≻⋈∈⊤∋≻⋈∈⊥∋⊙⊡⊣
⊢≻⋈∈⊥∋≻⋈∈⊤∋≻⋈∈⊤∋≻⋈∈⊥∋⊙⊡⊣
⊢≻⋈∈⊥∋⊙⊡⊣
⊢≻⋈∈⊥∋≻⋈∈⊥∋≻⋈∈⊥∋≻⋈∈⊤∋≻⋈∈⊥∋≻⋈∈⊥∋≻⋈∈⊥∋≻⋈∈⊤∋≻⋈∈⊤∋≻⋈∈⊤∋≻⋈∈⊥∋⊙⊡⊣
⊢≻⋈∈⊥∋≻⋈∈⊤∋≻⋈∈⊥∋≻⋈∈⊥∋≻⋈∈⊤∋≻⋈∈⊤∋≻⋈∈⊥∋≻⋈∈⊥∋≻⋈∈⊤∋≻⋈∈⊥∋≻⋈∈⊥∋⊙⊡⊣
⊢≻⋈∈⊤∋≻⋈∈⊤∋≻⋈∈⊤∋≻⋈∈⊤∋≻⋈∈⊤∋≻⋈∈⊤∋≻⋈∈⊥∋≻⋈∈⊤∋≻⋈∈⊤∋≻⋈∈⊥∋⊙⊡⊣
⊢≻⋈∈⊤∋≻⋈∈⊤∋≻⋈∈⊤∋≻⋈∈⊤∋≻⋈∈⊥∋≻⋈∈⊥∋≻⋈∈⊥∋⊙⊡⊣
⊢≻⋈∈⊤∋≻⋈∈⊤∋≻⋈∈⊥∋≻⋈∈⊤∋≻⋈∈⊥∋⊙⊡⊣
⊢≻⋈∈⊤∋≻⋈∈⊥∋≻⋈∈⊥∋≻⋈∈⊤∋≻⋈∈⊥∋⊙⊡⊣
⊢≻⋈∈⊥∋≻⋈∈⊥∋≻⋈∈⊤∋≻⋈∈⊥∋≻⋈∈⊥∋⊙⊡⊣
⊢≻⋈∈⊥∋≻⋈∈⊥∋≻⋈∈⊤∋≻⋈∈⊤∋≻⋈∈⊥∋⊙⊡⊣
⊢≻⋈∈⊤∋≻⋈∈⊤∋≻⋈∈⊤∋≻⋈∈⊥∋≻⋈∈⊤∋≻⋈∈⊤∋≻⋈∈⊥∋≻⋈∈⊥∋≻⋈∈⊤∋≻⋈∈⊥∋≻⋈∈⊤∋≻⋈∈⊥∋⊙⊡⊣
⊢≻⋈∈⊤∋≻⋈∈⊥∋≻⋈∈⊤∋≻⋈∈⊥∋⊙⊡⊣
⊢≻⋈∈⊥∋⊙⊡⊣
⊢≻⋈∈⊥∋≻⋈∈⊥∋≻⋈∈⊥∋≻⋈∈⊤∋≻⋈∈⊥∋≻⋈∈⊥∋≻⋈∈⊥∋≻⋈∈⊤∋≻⋈∈⊤∋≻⋈∈⊤∋≻⋈∈⊥∋⊙⊡⊣
⊢≻⋈∈⊥∋≻⋈∈⊤∋≻⋈∈⊥∋≻⋈∈⊥∋≻⋈∈⊤∋≻⋈∈⊤∋≻⋈∈⊥∋≻⋈∈⊥∋≻⋈∈⊤∋≻⋈∈⊥∋≻⋈∈⊥∋⊙⊡⊣
⊢≻⋈∈⊤∋≻⋈∈⊤∋≻⋈∈⊤∋≻⋈∈⊤∋≻⋈∈⊤∋≻⋈∈⊤∋≻⋈∈⊥∋≻⋈∈⊤∋≻⋈∈⊤∋≻⋈∈⊥∋⊙⊡⊣
⊢≻⋈∈⊤∋≻⋈∈⊤∋≻⋈∈⊤∋≻⋈∈⊤∋≻⋈∈⊥∋≻⋈∈⊥∋≻⋈∈⊥∋⊙⊡⊣
⊢≻⋈∈⊥∋≻⋈∈⊤∋≻⋈∈⊥∋≻⋈∈⊤∋≻⋈∈⊥∋⊙⊡⊣
⊢≻⋈∈⊥∋≻⋈∈⊤∋≻⋈∈⊥∋⊙⊡⊣
⊢≻⋈∈⊥∋≻⋈∈⊥∋≻⋈∈⊤∋≻⋈∈⊥∋≻⋈∈⊤∋≻⋈∈⊥∋⊙⊡⊣
⊢≻⋈∈⊥∋≻⋈∈⊤∋≻⋈∈⊥∋≻⋈∈⊤∋≻⋈∈⊥∋⊙⊡⊣
⊢≻⋈∈⊥∋≻⋈∈⊥∋≻⋈∈⊤∋≻⋈∈⊥∋≻⋈∈⊤∋≻⋈∈⊥∋≻⋈∈⊥∋≻⋈∈⊥∋≻⋈∈⊥∋≻⋈∈⊥∋≻⋈∈⊤∋≻⋈∈⊥∋⊙⊡⊣
⊢≻⋈∈⊤∋≻⋈∈⊥∋≻⋈∈⊤∋≻⋈∈⊥∋⊙⊡⊣
⊢≻⋈∈⊥∋⊙⊡⊣
⊢≻⋈∈⊥∋≻⋈∈⊥∋≻⋈∈⊥∋≻⋈∈⊤∋≻⋈∈⊥∋≻⋈∈⊥∋≻⋈∈⊥∋≻⋈∈⊤∋≻⋈∈⊤∋≻⋈∈⊤∋≻⋈∈⊥∋⊙⊡⊣
⊢≻⋈∈⊥∋≻⋈∈⊤∋≻⋈∈⊥∋≻⋈∈⊥∋≻⋈∈⊤∋≻⋈∈⊤∋≻⋈∈⊥∋≻⋈∈⊥∋≻⋈∈⊤∋≻⋈∈⊥∋≻⋈∈⊥∋⊙⊡⊣
⊢≻⋈∈⊤∋≻⋈∈⊤∋≻⋈∈⊤∋≻⋈∈⊤∋≻⋈∈⊥∋≻⋈∈⊥∋≻⋈∈⊥∋≻⋈∈⊤∋≻⋈∈⊤∋≻⋈∈⊥∋⊙⊡⊣
⊢≻⋈∈⊤∋≻⋈∈⊤∋≻⋈∈⊤∋≻⋈∈⊤∋≻⋈∈⊥∋≻⋈∈⊥∋≻⋈∈⊥∋⊙⊡⊣
⊢≻⋈∈⊤∋≻⋈∈⊥∋≻⋈∈⊥∋≻⋈∈⊤∋≻⋈∈⊥∋⊙⊡⊣
⊢≻⋈∈⊥∋≻⋈∈⊤∋≻⋈∈⊥∋⊙⊡⊣
⊢≻⋈∈⊥∋≻⋈∈⊥∋≻⋈∈⊤∋≻⋈∈⊥∋≻⋈∈⊤∋≻⋈∈⊥∋⊙⊡⊣
⊢≻⋈∈⊤∋≻⋈∈⊥∋≻⋈∈⊥∋≻⋈∈⊤∋≻⋈∈⊥∋⊙⊡⊣
⊢≻⋈∈⊥∋≻⋈∈⊥∋≻⋈∈⊤∋≻⋈∈⊥∋≻⋈∈⊥∋≻⋈∈⊥∋≻⋈∈⊥∋≻⋈∈⊤∋≻⋈∈⊤∋≻⋈∈⊤∋≻⋈∈⊥∋≻⋈∈⊥∋⊙⊡⊣
⊢≻⋈∈⊥∋≻⋈∈⊥∋≻⋈∈⊤∋≻⋈∈⊥∋⊙⊡⊣
⊢≻⋈∈⊥∋≻⋈∈⊥∋⊙⊡⊣
⊢≻⋈∈⊥∋≻⋈∈⊥∋≻⋈∈⊥∋≻⋈∈⊤∋≻⋈∈⊥∋≻⋈∈⊥∋≻⋈∈⊥∋≻⋈∈⊤∋≻⋈∈⊤∋≻⋈∈⊤∋≻⋈∈⊥∋⊙⊡⊣
⊢≻⋈∈⊥∋≻⋈∈⊤∋≻⋈∈⊥∋≻⋈∈⊥∋≻⋈∈⊤∋≻⋈∈⊤∋≻⋈∈⊥∋≻⋈∈⊥∋≻⋈∈⊤∋≻⋈∈⊥∋≻⋈∈⊥∋⊙⊡⊣
⊢≻⋈∈⊤∋≻⋈∈⊤∋≻⋈∈⊤∋≻⋈∈⊤∋≻⋈∈⊥∋≻⋈∈⊥∋≻⋈∈⊥∋≻⋈∈⊤∋≻⋈∈⊤∋≻⋈∈⊥∋⊙⊡⊣
⊢≻⋈∈⊤∋≻⋈∈⊤∋≻⋈∈⊤∋≻⋈∈⊤∋≻⋈∈⊥∋≻⋈∈⊥∋≻⋈∈⊥∋⊙⊡⊣
⊢≻⋈∈⊥∋≻⋈∈⊥∋≻⋈∈⊥∋≻⋈∈⊤∋≻⋈∈⊥∋⊙⊡⊣
⊢≻⋈∈⊥∋≻⋈∈⊤∋≻⋈∈⊥∋⊙⊡⊣
⊢≻⋈∈⊤∋≻⋈∈⊤∋≻⋈∈⊥∋≻⋈∈⊥∋≻⋈∈⊤∋≻⋈∈⊥∋⊙⊡⊣
⊢≻⋈∈⊤∋≻⋈∈⊤∋≻⋈∈⊤∋≻⋈∈⊥∋≻⋈∈⊥∋⊙⊡⊣
⊢≻⋈∈⊤∋≻⋈∈⊥∋≻⋈∈⊥∋≻⋈∈⊥∋≻⋈∈⊥∋≻⋈∈⊤∋≻⋈∈⊤∋≻⋈∈⊥∋≻⋈∈⊥∋≻⋈∈⊤∋≻⋈∈⊥∋≻⋈∈⊥∋⊙⊡⊣
⊢≻⋈∈⊥∋≻⋈∈⊥∋≻⋈∈⊤∋≻⋈∈⊥∋⊙⊡⊣
⊢≻⋈∈⊥∋≻⋈∈⊥∋⊙⊡⊣
⊢≻⋈∈⊥∋≻⋈∈⊥∋≻⋈∈⊥∋≻⋈∈⊤∋≻⋈∈⊥∋≻⋈∈⊥∋≻⋈∈⊥∋≻⋈∈⊤∋≻⋈∈⊤∋≻⋈∈⊤∋≻⋈∈⊥∋⊙⊡⊣
⊢≻⋈∈⊥∋≻⋈∈⊤∋≻⋈∈⊥∋≻⋈∈⊥∋≻⋈∈⊤∋≻⋈∈⊤∋≻⋈∈⊥∋≻⋈∈⊥∋≻⋈∈⊤∋≻⋈∈⊥∋≻⋈∈⊥∋⊙⊡⊣
⊢≻⋈∈⊤∋≻⋈∈⊤∋≻⋈∈⊤∋≻⋈∈⊤∋≻⋈∈⊤∋≻⋈∈⊥∋≻⋈∈⊤∋≻⋈∈⊥∋≻⋈∈⊤∋≻⋈∈⊥∋⊙⊡⊣
⊢≻⋈∈⊤∋≻⋈∈⊤∋≻⋈∈⊤∋≻⋈∈⊤∋≻⋈∈⊥∋≻⋈∈⊥∋≻⋈∈⊥∋⊙⊡⊣
⊢≻⋈∈⊥∋≻⋈∈⊤∋≻⋈∈⊤∋≻⋈∈⊥∋≻⋈∈⊥∋⊙⊡⊣
⊢≻⋈∈⊥∋≻⋈∈⊤∋≻⋈∈⊥∋≻⋈∈⊤∋≻⋈∈⊥∋⊙⊡⊣
⊢≻⋈∈⊥∋≻⋈∈⊥∋≻⋈∈⊤∋≻⋈∈⊥∋≻⋈∈⊥∋⊙⊡⊣
⊢≻⋈∈⊥∋≻⋈∈⊤∋≻⋈∈⊤∋≻⋈∈⊥∋≻⋈∈⊥∋⊙⊡⊣
⊢≻⋈∈⊥∋≻⋈∈⊥∋≻⋈∈⊤∋≻⋈∈⊥∋≻⋈∈⊤∋≻⋈∈⊥∋≻⋈∈⊤∋≻⋈∈⊤∋≻⋈∈⊤∋≻⋈∈⊥∋≻⋈∈⊥∋≻⋈∈⊥∋⊙⊡⊣
⊢≻⋈∈⊥∋≻⋈∈⊤∋≻⋈∈⊥∋≻⋈∈⊥∋⊙⊡⊣
⊢≻⋈∈⊥∋≻⋈∈⊥∋⊙⊡⊣
⊢≻⋈∈⊥∋≻⋈∈⊥∋≻⋈∈⊥∋≻⋈∈⊤∋≻⋈∈⊥∋≻⋈∈⊥∋≻⋈∈⊥∋≻⋈∈⊤∋≻⋈∈⊤∋≻⋈∈⊤∋≻⋈∈⊥∋⊙⊡⊣
⊢≻⋈∈⊥∋≻⋈∈⊤∋≻⋈∈⊥∋≻⋈∈⊥∋≻⋈∈⊤∋≻⋈∈⊤∋≻⋈∈⊥∋≻⋈∈⊥∋≻⋈∈⊤∋≻⋈∈⊥∋≻⋈∈⊥∋⊙⊡⊣
⊢≻⋈∈⊤∋≻⋈∈⊤∋≻⋈∈⊤∋≻⋈∈⊤∋≻⋈∈⊥∋≻⋈∈⊤∋≻⋈∈⊥∋≻⋈∈⊥∋≻⋈∈⊤∋≻⋈∈⊥∋⊙⊡⊣
⊢≻⋈∈⊤∋≻⋈∈⊥∋≻⋈∈⊤∋≻⋈∈⊤∋≻⋈∈⊥∋≻⋈∈⊥∋≻⋈∈⊥∋⊙⊡⊣
⊢≻⋈∈⊤∋≻⋈∈⊥∋≻⋈∈⊤∋≻⋈∈⊥∋≻⋈∈⊥∋⊙⊡⊣
⊢≻⋈∈⊥∋≻⋈∈⊤∋≻⋈∈⊥∋≻⋈∈⊤∋≻⋈∈⊥∋⊙⊡⊣
⊢≻⋈∈⊤∋≻⋈∈⊤∋≻⋈∈⊥∋≻⋈∈⊥∋≻⋈∈⊥∋⊙⊡⊣
⊢≻⋈∈⊥∋≻⋈∈⊥∋≻⋈∈⊤∋≻⋈∈⊥∋≻⋈∈⊥∋⊙⊡⊣
⊢≻⋈∈⊤∋≻⋈∈⊥∋≻⋈∈⊥∋≻⋈∈⊥∋≻⋈∈⊤∋≻⋈∈⊤∋≻⋈∈⊥∋≻⋈∈⊤∋≻⋈∈⊥∋≻⋈∈⊥∋≻⋈∈⊥∋≻⋈∈⊥∋⊙⊡⊣
⊢≻⋈∈⊥∋≻⋈∈⊤∋≻⋈∈⊥∋≻⋈∈⊥∋⊙⊡⊣
⊢≻⋈∈⊥∋≻⋈∈⊥∋⊙⊡⊣
⊢≻⋈∈⊥∋≻⋈∈⊥∋≻⋈∈⊥∋≻⋈∈⊤∋≻⋈∈⊥∋≻⋈∈⊥∋≻⋈∈⊥∋≻⋈∈⊤∋≻⋈∈⊤∋≻⋈∈⊤∋≻⋈∈⊥∋⊙⊡⊣
⊢≻⋈∈⊥∋≻⋈∈⊤∋≻⋈∈⊥∋≻⋈∈⊥∋≻⋈∈⊤∋≻⋈∈⊤∋≻⋈∈⊥∋≻⋈∈⊥∋≻⋈∈⊤∋≻⋈∈⊥∋≻⋈∈⊥∋⊙⊡⊣
⊢≻⋈∈⊤∋≻⋈∈⊤∋≻⋈∈⊤∋≻⋈∈⊤∋≻⋈∈⊤∋≻⋈∈⊤∋≻⋈∈⊤∋≻⋈∈⊤∋≻⋈∈⊥∋≻⋈∈⊥∋⊙⊡⊣
⊢≻⋈∈⊤∋≻⋈∈⊥∋≻⋈∈⊤∋≻⋈∈⊤∋≻⋈∈⊥∋≻⋈∈⊥∋≻⋈∈⊥∋⊙⊡⊣
⊢≻⋈∈⊥∋≻⋈∈⊥∋≻⋈∈⊤∋≻⋈∈⊥∋≻⋈∈⊥∋⊙⊡⊣
⊢≻⋈∈⊥∋≻⋈∈⊤∋≻⋈∈⊥∋≻⋈∈⊤∋≻⋈∈⊥∋⊙⊡⊣
⊢≻⋈∈⊤∋≻⋈∈⊤∋≻⋈∈⊥∋≻⋈∈⊥∋≻⋈∈⊥∋⊙⊡⊣
⊢≻⋈∈⊤∋≻⋈∈⊤∋≻⋈∈⊥∋≻⋈∈⊥∋≻⋈∈⊥∋⊙⊡⊣
⊢≻⋈∈⊥∋≻⋈∈⊤∋≻⋈∈⊤∋≻⋈∈⊤∋≻⋈∈⊤∋≻⋈∈⊥∋≻⋈∈⊥∋≻⋈∈⊥∋≻⋈∈⊥∋≻⋈∈⊥∋≻⋈∈⊥∋≻⋈∈⊥∋⊙⊡⊣
⊢≻⋈∈⊤∋≻⋈∈⊥∋≻⋈∈⊥∋≻⋈∈⊥∋⊙⊡⊣
⊢≻⋈∈⊥∋≻⋈∈⊥∋⊙⊡⊣
⊢≻⋈∈⊥∋≻⋈∈⊥∋≻⋈∈⊥∋≻⋈∈⊤∋≻⋈∈⊥∋≻⋈∈⊥∋≻⋈∈⊥∋≻⋈∈⊤∋≻⋈∈⊤∋≻⋈∈⊤∋≻⋈∈⊥∋⊙⊡⊣
⊢≻⋈∈⊥∋≻⋈∈⊤∋≻⋈∈⊥∋≻⋈∈⊥∋≻⋈∈⊤∋≻⋈∈⊤∋≻⋈∈⊥∋≻⋈∈⊥∋≻⋈∈⊤∋≻⋈∈⊥∋≻⋈∈⊥∋⊙⊡⊣
⊢≻⋈∈⊤∋≻⋈∈⊤∋≻⋈∈⊤∋≻⋈∈⊤∋≻⋈∈⊤∋≻⋈∈⊤∋≻⋈∈⊤∋≻⋈∈⊤∋≻⋈∈⊥∋≻⋈∈⊥∋⊙⊡⊣
⊢≻⋈∈⊤∋≻⋈∈⊥∋≻⋈∈⊤∋≻⋈∈⊤∋≻⋈∈⊥∋≻⋈∈⊥∋≻⋈∈⊥∋⊙⊡⊣
⊢≻⋈∈⊤∋≻⋈∈⊤∋≻⋈∈⊥∋≻⋈∈⊥∋≻⋈∈⊥∋⊙⊡⊣
⊢≻⋈∈⊤∋≻⋈∈⊥∋≻⋈∈⊥∋⊙⊡⊣
⊢≻⋈∈⊤∋≻⋈∈⊥∋≻⋈∈⊤∋≻⋈∈⊥∋≻⋈∈⊤∋≻⋈∈⊥∋⊙⊡⊣
⊢≻⋈∈⊤∋≻⋈∈⊥∋≻⋈∈⊥∋≻⋈∈⊥∋≻⋈∈⊥∋⊙⊡⊣
⊢≻⋈∈⊤∋≻⋈∈⊤∋≻⋈∈⊥∋≻⋈∈⊤∋≻⋈∈⊤∋≻⋈∈⊤∋≻⋈∈⊤∋≻⋈∈⊤∋≻⋈∈⊥∋≻⋈∈⊤∋≻⋈∈⊤∋≻⋈∈⊤∋≻⋈∈⊥∋⊙⊡⊣
⊢≻⋈∈⊤∋≻⋈∈⊥∋≻⋈∈⊥∋≻⋈∈⊥∋⊙⊡⊣
⊢≻⋈∈⊥∋≻⋈∈⊥∋⊙⊡⊣
⊢≻⋈∈⊥∋≻⋈∈⊥∋≻⋈∈⊥∋≻⋈∈⊤∋≻⋈∈⊥∋≻⋈∈⊥∋≻⋈∈⊥∋≻⋈∈⊤∋≻⋈∈⊤∋≻⋈∈⊤∋≻⋈∈⊥∋⊙⊡⊣
⊢≻⋈∈⊥∋≻⋈∈⊤∋≻⋈∈⊥∋≻⋈∈⊥∋≻⋈∈⊤∋≻⋈∈⊤∋≻⋈∈⊥∋≻⋈∈⊥∋≻⋈∈⊤∋≻⋈∈⊥∋≻⋈∈⊥∋⊙⊡⊣
⊢≻⋈∈⊤∋≻⋈∈⊤∋≻⋈∈⊤∋≻⋈∈⊤∋≻⋈∈⊥∋≻⋈∈⊥∋≻⋈∈⊤∋≻⋈∈⊤∋≻⋈∈⊥∋≻⋈∈⊥∋⊙⊡⊣
⊢≻⋈∈⊤∋≻⋈∈⊥∋≻⋈∈⊤∋≻⋈∈⊤∋≻⋈∈⊥∋≻⋈∈⊥∋≻⋈∈⊥∋⊙⊡⊣
⊢≻⋈∈⊥∋≻⋈∈⊤∋≻⋈∈⊥∋≻⋈∈⊥∋≻⋈∈⊥∋⊙⊡⊣
⊢≻⋈∈⊤∋≻⋈∈⊥∋≻⋈∈⊥∋⊙⊡⊣
⊢≻⋈∈⊤∋≻⋈∈⊥∋≻⋈∈⊤∋≻⋈∈⊥∋≻⋈∈⊤∋≻⋈∈⊥∋⊙⊡⊣
⊢≻⋈∈⊥∋≻⋈∈⊥∋≻⋈∈⊥∋≻⋈∈⊥∋≻⋈∈⊥∋⊙⊡⊣
⊢≻⋈∈⊤∋≻⋈∈⊤∋≻⋈∈⊥∋≻⋈∈⊤∋≻⋈∈⊥∋≻⋈∈⊤∋≻⋈∈⊤∋≻⋈∈⊥∋≻⋈∈⊥∋≻⋈∈⊤∋≻⋈∈⊤∋≻⋈∈⊤∋≻⋈∈⊥∋⊙⊡⊣
⊢≻⋈∈⊥∋≻⋈∈⊥∋≻⋈∈⊥∋≻⋈∈⊥∋⊙⊡⊣
⊢≻⋈∈⊥∋≻⋈∈⊥∋⊙⊡⊣
⊢≻⋈∈⊥∋≻⋈∈⊥∋≻⋈∈⊥∋≻⋈∈⊤∋≻⋈∈⊥∋≻⋈∈⊥∋≻⋈∈⊥∋≻⋈∈⊤∋≻⋈∈⊤∋≻⋈∈⊤∋≻⋈∈⊥∋⊙⊡⊣
⊢≻⋈∈⊥∋≻⋈∈⊤∋≻⋈∈⊥∋≻⋈∈⊥∋≻⋈∈⊤∋≻⋈∈⊤∋≻⋈∈⊥∋≻⋈∈⊥∋≻⋈∈⊤∋≻⋈∈⊥∋≻⋈∈⊥∋⊙⊡⊣
⊢≻⋈∈⊤∋≻⋈∈⊤∋≻⋈∈⊤∋≻⋈∈⊤∋≻⋈∈⊥∋≻⋈∈⊥∋≻⋈∈⊤∋≻⋈∈⊤∋≻⋈∈⊥∋≻⋈∈⊥∋⊙⊡⊣
⊢≻⋈∈⊤∋≻⋈∈⊥∋≻⋈∈⊤∋≻⋈∈⊤∋≻⋈∈⊥∋≻⋈∈⊥∋≻⋈∈⊥∋⊙⊡⊣
⊢≻⋈∈⊤∋≻⋈∈⊥∋≻⋈∈⊥∋≻⋈∈⊥∋≻⋈∈⊥∋⊙⊡⊣
⊢≻⋈∈⊤∋≻⋈∈⊥∋≻⋈∈⊥∋⊙⊡⊣
⊢≻⋈∈⊥∋≻⋈∈⊥∋≻⋈∈⊤∋≻⋈∈⊥∋≻⋈∈⊤∋≻⋈∈⊥∋⊙⊡⊣
⊢≻⋈∈⊥∋≻⋈∈⊤∋≻⋈∈⊤∋≻⋈∈⊤∋≻⋈∈⊤∋≻⋈∈⊥∋⊙⊡⊣
⊢≻⋈∈⊥∋≻⋈∈⊥∋≻⋈∈⊥∋≻⋈∈⊤∋≻⋈∈⊥∋≻⋈∈⊥∋≻⋈∈⊤∋≻⋈∈⊥∋≻⋈∈⊤∋≻⋈∈⊥∋≻⋈∈⊤∋≻⋈∈⊤∋≻⋈∈⊥∋⊙⊡⊣
⊢≻⋈∈⊥∋≻⋈∈⊥∋≻⋈∈⊥∋≻⋈∈⊥∋⊙⊡⊣
⊢≻⋈∈⊥∋≻⋈∈⊥∋⊙⊡⊣
⊢≻⋈∈⊥∋≻⋈∈⊥∋≻⋈∈⊥∋≻⋈∈⊤∋≻⋈∈⊥∋≻⋈∈⊥∋≻⋈∈⊥∋≻⋈∈⊤∋≻⋈∈⊤∋≻⋈∈⊤∋≻⋈∈⊥∋⊙⊡⊣
⊢≻⋈∈⊥∋≻⋈∈⊤∋≻⋈∈⊥∋≻⋈∈⊥∋≻⋈∈⊤∋≻⋈∈⊤∋≻⋈∈⊥∋≻⋈∈⊥∋≻⋈∈⊤∋≻⋈∈⊥∋≻⋈∈⊥∋⊙⊡⊣
⊢≻⋈∈⊤∋≻⋈∈⊤∋≻⋈∈⊤∋≻⋈∈⊤∋≻⋈∈⊤∋≻⋈∈⊥∋≻⋈∈⊥∋≻⋈∈⊤∋≻⋈∈⊥∋≻⋈∈⊥∋⊙⊡⊣
⊢≻⋈∈⊤∋≻⋈∈⊥∋≻⋈∈⊤∋≻⋈∈⊤∋≻⋈∈⊥∋≻⋈∈⊥∋≻⋈∈⊥∋⊙⊡⊣
⊢≻⋈∈⊤∋≻⋈∈⊥∋≻⋈∈⊥∋≻⋈∈⊥∋≻⋈∈⊥∋⊙⊡⊣
⊢≻⋈∈⊤∋≻⋈∈⊥∋≻⋈∈⊥∋⊙⊡⊣
⊢≻⋈∈⊥∋≻⋈∈⊥∋≻⋈∈⊤∋≻⋈∈⊥∋≻⋈∈⊤∋≻⋈∈⊥∋⊙⊡⊣
⊢≻⋈∈⊥∋≻⋈∈⊤∋≻⋈∈⊤∋≻⋈∈⊤∋≻⋈∈⊤∋≻⋈∈⊥∋⊙⊡⊣
⊢≻⋈∈⊥∋≻⋈∈⊥∋≻⋈∈⊥∋≻⋈∈⊤∋≻⋈∈⊥∋≻⋈∈⊥∋≻⋈∈⊤∋≻⋈∈⊥∋≻⋈∈⊤∋≻⋈∈⊥∋≻⋈∈⊤∋≻⋈∈⊤∋≻⋈∈⊥∋⊙⊡⊣
⊢≻⋈∈⊤∋≻⋈∈⊤∋≻⋈∈⊤∋≻⋈∈⊤∋≻⋈∈⊥∋⊙⊡⊣
⊢≻⋈∈⊤∋≻⋈∈⊤∋≻⋈∈⊥∋⊙⊡⊣
⊢≻⋈∈⊥∋≻⋈∈⊥∋≻⋈∈⊥∋≻⋈∈⊤∋≻⋈∈⊥∋≻⋈∈⊥∋≻⋈∈⊥∋≻⋈∈⊤∋≻⋈∈⊤∋≻⋈∈⊤∋≻⋈∈⊥∋⊙⊡⊣
⊢≻⋈∈⊥∋≻⋈∈⊤∋≻⋈∈⊥∋≻⋈∈⊥∋≻⋈∈⊤∋≻⋈∈⊤∋≻⋈∈⊥∋≻⋈∈⊥∋≻⋈∈⊤∋≻⋈∈⊥∋≻⋈∈⊥∋⊙⊡⊣
⊢≻⋈∈⊤∋≻⋈∈⊤∋≻⋈∈⊤∋≻⋈∈⊤∋≻⋈∈⊤∋≻⋈∈⊥∋≻⋈∈⊥∋≻⋈∈⊤∋≻⋈∈⊥∋≻⋈∈⊥∋⊙⊡⊣
⊢≻⋈∈⊤∋≻⋈∈⊥∋≻⋈∈⊤∋≻⋈∈⊤∋≻⋈∈⊥∋≻⋈∈⊥∋≻⋈∈⊥∋⊙⊡⊣
⊢≻⋈∈⊤∋≻⋈∈⊤∋≻⋈∈⊤∋≻⋈∈⊤∋≻⋈∈⊤∋≻⋈∈⊥∋⊙⊡⊣
⊢≻⋈∈⊤∋≻⋈∈⊤∋≻⋈∈⊥∋≻⋈∈⊤∋≻⋈∈⊥∋⊙⊡⊣
⊢≻⋈∈⊤∋≻⋈∈⊤∋≻⋈∈⊥∋≻⋈∈⊥∋≻⋈∈⊥∋⊙⊡⊣
⊢≻⋈∈⊤∋≻⋈∈⊥∋≻⋈∈⊤∋≻⋈∈⊤∋≻⋈∈⊤∋≻⋈∈⊥∋⊙⊡⊣
⊢≻⋈∈⊤∋≻⋈∈⊤∋≻⋈∈⊥∋≻⋈∈⊤∋≻⋈∈⊤∋≻⋈∈⊤∋≻⋈∈⊥∋≻⋈∈⊤∋≻⋈∈⊥∋≻⋈∈⊥∋≻⋈∈⊤∋≻⋈∈⊤∋≻⋈∈⊥∋⊙⊡⊣
⊢≻⋈∈⊥∋≻⋈∈⊤∋≻⋈∈⊤∋≻⋈∈⊤∋≻⋈∈⊥∋⊙⊡⊣
⊢≻⋈∈⊤∋≻⋈∈⊤∋≻⋈∈⊥∋⊙⊡⊣
⊢≻⋈∈⊥∋≻⋈∈⊥∋≻⋈∈⊥∋≻⋈∈⊤∋≻⋈∈⊥∋≻⋈∈⊥∋≻⋈∈⊥∋≻⋈∈⊤∋≻⋈∈⊤∋≻⋈∈⊤∋≻⋈∈⊥∋⊙⊡⊣
⊢≻⋈∈⊥∋≻⋈∈⊤∋≻⋈∈⊥∋≻⋈∈⊥∋≻⋈∈⊤∋≻⋈∈⊤∋≻⋈∈⊥∋≻⋈∈⊥∋≻⋈∈⊤∋≻⋈∈⊥∋≻⋈∈⊥∋⊙⊡⊣
⊢≻⋈∈⊤∋≻⋈∈⊤∋≻⋈∈⊤∋≻⋈∈⊤∋≻⋈∈⊥∋≻⋈∈⊤∋≻⋈∈⊤∋≻⋈∈⊥∋≻⋈∈⊥∋≻⋈∈⊥∋⊙⊡⊣
⊢≻⋈∈⊤∋≻⋈∈⊥∋≻⋈∈⊤∋≻⋈∈⊤∋≻⋈∈⊥∋≻⋈∈⊥∋≻⋈∈⊥∋⊙⊡⊣
⊢≻⋈∈⊥∋≻⋈∈⊤∋≻⋈∈⊤∋≻⋈∈⊤∋≻⋈∈⊤∋≻⋈∈⊥∋⊙⊡⊣
⊢≻⋈∈⊤∋≻⋈∈⊤∋≻⋈∈⊥∋≻⋈∈⊤∋≻⋈∈⊥∋⊙⊡⊣
⊢≻⋈∈⊥∋≻⋈∈⊤∋≻⋈∈⊥∋≻⋈∈⊥∋≻⋈∈⊥∋⊙⊡⊣
⊢≻⋈∈⊤∋≻⋈∈⊤∋≻⋈∈⊥∋≻⋈∈⊤∋≻⋈∈⊤∋≻⋈∈⊥∋⊙⊡⊣
⊢≻⋈∈⊥∋≻⋈∈⊥∋≻⋈∈⊥∋≻⋈∈⊤∋≻⋈∈⊤∋≻⋈∈⊥∋≻⋈∈⊥∋≻⋈∈⊤∋≻⋈∈⊤∋≻⋈∈⊤∋≻⋈∈⊥∋≻⋈∈⊤∋≻⋈∈⊥∋⊙⊡⊣
⊢≻⋈∈⊥∋≻⋈∈⊤∋≻⋈∈⊤∋≻⋈∈⊤∋≻⋈∈⊥∋⊙⊡⊣
⊢≻⋈∈⊤∋≻⋈∈⊤∋≻⋈∈⊥∋⊙⊡⊣
⊢≻⋈∈⊥∋≻⋈∈⊥∋≻⋈∈⊥∋≻⋈∈⊤∋≻⋈∈⊥∋≻⋈∈⊥∋≻⋈∈⊥∋≻⋈∈⊤∋≻⋈∈⊤∋≻⋈∈⊤∋≻⋈∈⊥∋⊙⊡⊣
⊢≻⋈∈⊥∋≻⋈∈⊤∋≻⋈∈⊥∋≻⋈∈⊥∋≻⋈∈⊤∋≻⋈∈⊤∋≻⋈∈⊥∋≻⋈∈⊥∋≻⋈∈⊤∋≻⋈∈⊥∋≻⋈∈⊥∋⊙⊡⊣
⊢≻⋈∈⊤∋≻⋈∈⊤∋≻⋈∈⊤∋≻⋈∈⊤∋≻⋈∈⊤∋≻⋈∈⊤∋≻⋈∈⊥∋≻⋈∈⊥∋≻⋈∈⊥∋≻⋈∈⊥∋⊙⊡⊣
⊢≻⋈∈⊤∋≻⋈∈⊥∋≻⋈∈⊤∋≻⋈∈⊤∋≻⋈∈⊥∋≻⋈∈⊥∋≻⋈∈⊥∋⊙⊡⊣
⊢≻⋈∈⊤∋≻⋈∈⊥∋≻⋈∈⊤∋≻⋈∈⊤∋≻⋈∈⊤∋≻⋈∈⊥∋⊙⊡⊣
⊢≻⋈∈⊤∋≻⋈∈⊤∋≻⋈∈⊥∋≻⋈∈⊤∋≻⋈∈⊥∋⊙⊡⊣
⊢≻⋈∈⊥∋≻⋈∈⊤∋≻⋈∈⊥∋≻⋈∈⊥∋≻⋈∈⊥∋⊙⊡⊣
⊢≻⋈∈⊥∋≻⋈∈⊤∋≻⋈∈⊥∋≻⋈∈⊤∋≻⋈∈⊤∋≻⋈∈⊥∋⊙⊡⊣
⊢≻⋈∈⊤∋≻⋈∈⊥∋≻⋈∈⊤∋≻⋈∈⊥∋≻⋈∈⊥∋≻⋈∈⊥∋≻⋈∈⊥∋≻⋈∈⊥∋≻⋈∈⊤∋≻⋈∈⊤∋≻⋈∈⊥∋≻⋈∈⊤∋≻⋈∈⊥∋⊙⊡⊣
⊢≻⋈∈⊤∋≻⋈∈⊥∋≻⋈∈⊤∋≻⋈∈⊤∋≻⋈∈⊥∋⊙⊡⊣
⊢≻⋈∈⊤∋≻⋈∈⊤∋≻⋈∈⊥∋⊙⊡⊣
⊢≻⋈∈⊥∋≻⋈∈⊥∋≻⋈∈⊥∋≻⋈∈⊤∋≻⋈∈⊥∋≻⋈∈⊥∋≻⋈∈⊥∋≻⋈∈⊤∋≻⋈∈⊤∋≻⋈∈⊤∋≻⋈∈⊥∋⊙⊡⊣
⊢≻⋈∈⊥∋≻⋈∈⊤∋≻⋈∈⊥∋≻⋈∈⊥∋≻⋈∈⊤∋≻⋈∈⊤∋≻⋈∈⊥∋≻⋈∈⊥∋≻⋈∈⊤∋≻⋈∈⊥∋≻⋈∈⊥∋⊙⊡⊣
⊢≻⋈∈⊤∋≻⋈∈⊤∋≻⋈∈⊤∋≻⋈∈⊤∋≻⋈∈⊤∋≻⋈∈⊤∋≻⋈∈⊥∋≻⋈∈⊥∋≻⋈∈⊥∋≻⋈∈⊥∋⊙⊡⊣
⊢≻⋈∈⊤∋≻⋈∈⊥∋≻⋈∈⊤∋≻⋈∈⊤∋≻⋈∈⊥∋≻⋈∈⊥∋≻⋈∈⊥∋⊙⊡⊣
⊢≻⋈∈⊥∋≻⋈∈⊥∋≻⋈∈⊤∋≻⋈∈⊤∋≻⋈∈⊤∋≻⋈∈⊥∋⊙⊡⊣
⊢≻⋈∈⊥∋≻⋈∈⊥∋≻⋈∈⊥∋⊙⊡⊣
⊢≻⋈∈⊥∋≻⋈∈⊤∋≻⋈∈⊤∋≻⋈∈⊥∋≻⋈∈⊤∋≻⋈∈⊥∋⊙⊡⊣
⊢≻⋈∈⊥∋≻⋈∈⊥∋≻⋈∈⊥∋≻⋈∈⊤∋≻⋈∈⊤∋≻⋈∈⊥∋⊙⊡⊣
⊢≻⋈∈⊥∋≻⋈∈⊤∋≻⋈∈⊥∋≻⋈∈⊥∋≻⋈∈⊥∋≻⋈∈⊤∋≻⋈∈⊤∋≻⋈∈⊤∋≻⋈∈⊤∋≻⋈∈⊥∋≻⋈∈⊥∋≻⋈∈⊤∋≻⋈∈⊥∋⊙⊡⊣
⊢≻⋈∈⊤∋≻⋈∈⊥∋≻⋈∈⊤∋≻⋈∈⊤∋≻⋈∈⊥∋⊙⊡⊣
⊢≻⋈∈⊤∋≻⋈∈⊤∋≻⋈∈⊥∋⊙⊡⊣
⊢≻⋈∈⊥∋≻⋈∈⊥∋≻⋈∈⊥∋≻⋈∈⊤∋≻⋈∈⊥∋≻⋈∈⊥∋≻⋈∈⊥∋≻⋈∈⊤∋≻⋈∈⊤∋≻⋈∈⊤∋≻⋈∈⊥∋⊙⊡⊣
⊢≻⋈∈⊥∋≻⋈∈⊤∋≻⋈∈⊥∋≻⋈∈⊥∋≻⋈∈⊤∋≻⋈∈⊤∋≻⋈∈⊥∋≻⋈∈⊥∋≻⋈∈⊤∋≻⋈∈⊥∋≻⋈∈⊥∋⊙⊡⊣
⊢≻⋈∈⊤∋≻⋈∈⊤∋≻⋈∈⊤∋≻⋈∈⊤∋≻⋈∈⊥∋≻⋈∈⊥∋≻⋈∈⊥∋≻⋈∈⊥∋≻⋈∈⊥∋≻⋈∈⊥∋⊙⊡⊣
⊢≻⋈∈⊤∋≻⋈∈⊥∋≻⋈∈⊤∋≻⋈∈⊤∋≻⋈∈⊥∋≻⋈∈⊥∋≻⋈∈⊥∋⊙⊡⊣
⊢≻⋈∈⊤∋≻⋈∈⊤∋≻⋈∈⊥∋≻⋈∈⊤∋≻⋈∈⊤∋≻⋈∈⊥∋⊙⊡⊣
⊢≻⋈∈⊥∋≻⋈∈⊥∋≻⋈∈⊥∋⊙⊡⊣
⊢≻⋈∈⊥∋≻⋈∈⊤∋≻⋈∈⊤∋≻⋈∈⊥∋≻⋈∈⊤∋≻⋈∈⊥∋⊙⊡⊣
⊢≻⋈∈⊤∋≻⋈∈⊤∋≻⋈∈⊤∋≻⋈∈⊥∋≻⋈∈⊤∋≻⋈∈⊥∋⊙⊡⊣
⊢≻⋈∈⊥∋≻⋈∈⊤∋≻⋈∈⊥∋≻⋈∈⊥∋≻⋈∈⊤∋≻⋈∈⊥∋≻⋈∈⊤∋≻⋈∈⊥∋≻⋈∈⊤∋≻⋈∈⊥∋≻⋈∈⊥∋≻⋈∈⊤∋≻⋈∈⊥∋⊙⊡⊣
⊢≻⋈∈⊥∋≻⋈∈⊥∋≻⋈∈⊤∋≻⋈∈⊤∋≻⋈∈⊥∋⊙⊡⊣
⊢≻⋈∈⊥∋≻⋈∈⊤∋≻⋈∈⊥∋⊙⊡⊣
⊢≻⋈∈⊥∋≻⋈∈⊥∋≻⋈∈⊥∋≻⋈∈⊤∋≻⋈∈⊥∋≻⋈∈⊥∋≻⋈∈⊥∋≻⋈∈⊤∋≻⋈∈⊤∋≻⋈∈⊤∋≻⋈∈⊥∋⊙⊡⊣
⊢≻⋈∈⊥∋≻⋈∈⊤∋≻⋈∈⊥∋≻⋈∈⊥∋≻⋈∈⊤∋≻⋈∈⊤∋≻⋈∈⊥∋≻⋈∈⊥∋≻⋈∈⊤∋≻⋈∈⊥∋≻⋈∈⊥∋⊙⊡⊣
⊢≻⋈∈⊤∋≻⋈∈⊤∋≻⋈∈⊤∋≻⋈∈⊤∋≻⋈∈⊥∋≻⋈∈⊥∋≻⋈∈⊥∋≻⋈∈⊥∋≻⋈∈⊥∋≻⋈∈⊥∋⊙⊡⊣
⊢≻⋈∈⊤∋≻⋈∈⊥∋≻⋈∈⊤∋≻⋈∈⊤∋≻⋈∈⊥∋≻⋈∈⊥∋≻⋈∈⊥∋⊙⊡⊣
⊢≻⋈∈⊤∋≻⋈∈⊤∋≻⋈∈⊥∋≻⋈∈⊤∋≻⋈∈⊤∋≻⋈∈⊥∋⊙⊡⊣
⊢≻⋈∈⊥∋≻⋈∈⊥∋≻⋈∈⊥∋⊙⊡⊣
⊢≻⋈∈⊥∋≻⋈∈⊤∋≻⋈∈⊤∋≻⋈∈⊥∋≻⋈∈⊤∋≻⋈∈⊥∋⊙⊡⊣
⊢≻⋈∈⊤∋≻⋈∈⊤∋≻⋈∈⊤∋≻⋈∈⊥∋≻⋈∈⊤∋≻⋈∈⊥∋⊙⊡⊣
⊢≻⋈∈⊥∋≻⋈∈⊤∋≻⋈∈⊥∋≻⋈∈⊥∋≻⋈∈⊤∋≻⋈∈⊥∋≻⋈∈⊤∋≻⋈∈⊥∋≻⋈∈⊤∋≻⋈∈⊥∋≻⋈∈⊥∋≻⋈∈⊤∋≻⋈∈⊥∋⊙⊡⊣
⊢≻⋈∈⊥∋≻⋈∈⊥∋≻⋈∈⊤∋≻⋈∈⊤∋≻⋈∈⊥∋⊙⊡⊣
⊢≻⋈∈⊥∋≻⋈∈⊤∋≻⋈∈⊥∋⊙⊡⊣
⊢≻⋈∈⊥∋≻⋈∈⊥∋≻⋈∈⊥∋≻⋈∈⊤∋≻⋈∈⊥∋≻⋈∈⊥∋≻⋈∈⊥∋≻⋈∈⊤∋≻⋈∈⊤∋≻⋈∈⊤∋≻⋈∈⊥∋⊙⊡⊣
⊢≻⋈∈⊥∋≻⋈∈⊤∋≻⋈∈⊥∋≻⋈∈⊥∋≻⋈∈⊤∋≻⋈∈⊤∋≻⋈∈⊥∋≻⋈∈⊥∋≻⋈∈⊤∋≻⋈∈⊥∋≻⋈∈⊥∋⊙⊡⊣
⊢≻⋈∈⊤∋≻⋈∈⊤∋≻⋈∈⊤∋≻⋈∈⊤∋≻⋈∈⊤∋≻⋈∈⊤∋≻⋈∈⊤∋≻⋈∈⊤∋≻⋈∈⊤∋≻⋈∈⊤∋≻⋈∈⊥∋⊙⊡⊣
⊢≻⋈∈⊤∋≻⋈∈⊥∋≻⋈∈⊤∋≻⋈∈⊤∋≻⋈∈⊥∋≻⋈∈⊥∋≻⋈∈⊥∋⊙⊡⊣
⊢≻⋈∈⊥∋≻⋈∈⊤∋≻⋈∈⊥∋≻⋈∈⊤∋≻⋈∈⊤∋≻⋈∈⊥∋⊙⊡⊣
⊢≻⋈∈⊥∋≻⋈∈⊥∋≻⋈∈⊥∋⊙⊡⊣
⊢≻⋈∈⊤∋≻⋈∈⊥∋≻⋈∈⊤∋≻⋈∈⊥∋≻⋈∈⊤∋≻⋈∈⊥∋⊙⊡⊣
⊢≻⋈∈⊤∋≻⋈∈⊥∋≻⋈∈⊤∋≻⋈∈⊥∋≻⋈∈⊤∋≻⋈∈⊥∋⊙⊡⊣
⊢≻⋈∈⊤∋≻⋈∈⊤∋≻⋈∈⊤∋≻⋈∈⊤∋≻⋈∈⊥∋≻⋈∈⊤∋≻⋈∈⊥∋≻⋈∈⊥∋≻⋈∈⊥∋≻⋈∈⊥∋≻⋈∈⊥∋≻⋈∈⊤∋≻⋈∈⊥∋⊙⊡⊣
⊢≻⋈∈⊥∋≻⋈∈⊥∋≻⋈∈⊤∋≻⋈∈⊤∋≻⋈∈⊥∋⊙⊡⊣
⊢≻⋈∈⊥∋≻⋈∈⊤∋≻⋈∈⊥∋⊙⊡⊣
⊢≻⋈∈⊥∋≻⋈∈⊥∋≻⋈∈⊥∋≻⋈∈⊤∋≻⋈∈⊥∋≻⋈∈⊥∋≻⋈∈⊥∋≻⋈∈⊤∋≻⋈∈⊤∋≻⋈∈⊤∋≻⋈∈⊥∋⊙⊡⊣
⊢≻⋈∈⊥∋≻⋈∈⊤∋≻⋈∈⊥∋≻⋈∈⊥∋≻⋈∈⊤∋≻⋈∈⊤∋≻⋈∈⊥∋≻⋈∈⊥∋≻⋈∈⊤∋≻⋈∈⊥∋≻⋈∈⊥∋⊙⊡⊣
⊢≻⋈∈⊤∋≻⋈∈⊤∋≻⋈∈⊤∋≻⋈∈⊤∋≻⋈∈⊤∋≻⋈∈⊥∋≻⋈∈⊤∋≻⋈∈⊤∋≻⋈∈⊤∋≻⋈∈⊤∋≻⋈∈⊥∋⊙⊡⊣
⊢≻⋈∈⊤∋≻⋈∈⊥∋≻⋈∈⊤∋≻⋈∈⊤∋≻⋈∈⊥∋≻⋈∈⊥∋≻⋈∈⊥∋⊙⊡⊣
⊢≻⋈∈⊤∋≻⋈∈⊥∋≻⋈∈⊥∋≻⋈∈⊤∋≻⋈∈⊤∋≻⋈∈⊥∋⊙⊡⊣
⊢≻⋈∈⊥∋≻⋈∈⊥∋≻⋈∈⊥∋⊙⊡⊣
⊢≻⋈∈⊤∋≻⋈∈⊥∋≻⋈∈⊤∋≻⋈∈⊥∋≻⋈∈⊤∋≻⋈∈⊥∋⊙⊡⊣
⊢≻⋈∈⊥∋≻⋈∈⊥∋≻⋈∈⊤∋≻⋈∈⊥∋≻⋈∈⊤∋≻⋈∈⊥∋⊙⊡⊣
⊢≻⋈∈⊥∋≻⋈∈⊥∋≻⋈∈⊤∋≻⋈∈⊤∋≻⋈∈⊤∋≻⋈∈⊥∋≻⋈∈⊥∋≻⋈∈⊤∋≻⋈∈⊤∋≻⋈∈⊤∋≻⋈∈⊤∋≻⋈∈⊥∋≻⋈∈⊥∋⊙⊡⊣
⊢≻⋈∈⊤∋≻⋈∈⊤∋≻⋈∈⊥∋≻⋈∈⊤∋≻⋈∈⊥∋⊙⊡⊣
⊢≻⋈∈⊥∋≻⋈∈⊤∋≻⋈∈⊥∋⊙⊡⊣
⊢≻⋈∈⊥∋≻⋈∈⊥∋≻⋈∈⊥∋≻⋈∈⊤∋≻⋈∈⊥∋≻⋈∈⊥∋≻⋈∈⊥∋≻⋈∈⊤∋≻⋈∈⊤∋≻⋈∈⊤∋≻⋈∈⊥∋⊙⊡⊣
⊢≻⋈∈⊥∋≻⋈∈⊤∋≻⋈∈⊥∋≻⋈∈⊥∋≻⋈∈⊤∋≻⋈∈⊤∋≻⋈∈⊥∋≻⋈∈⊥∋≻⋈∈⊤∋≻⋈∈⊥∋≻⋈∈⊥∋⊙⊡⊣
⊢≻⋈∈⊤∋≻⋈∈⊤∋≻⋈∈⊤∋≻⋈∈⊤∋≻⋈∈⊤∋≻⋈∈⊥∋≻⋈∈⊤∋≻⋈∈⊤∋≻⋈∈⊤∋≻⋈∈⊤∋≻⋈∈⊥∋⊙⊡⊣
⊢≻⋈∈⊤∋≻⋈∈⊥∋≻⋈∈⊤∋≻⋈∈⊤∋≻⋈∈⊥∋≻⋈∈⊥∋≻⋈∈⊥∋⊙⊡⊣
⊢≻⋈∈⊤∋≻⋈∈⊤∋≻⋈∈⊤∋≻⋈∈⊥∋≻⋈∈⊤∋≻⋈∈⊥∋⊙⊡⊣
⊢≻⋈∈⊥∋≻⋈∈⊥∋≻⋈∈⊤∋≻⋈∈⊤∋≻⋈∈⊥∋⊙⊡⊣
⊢≻⋈∈⊥∋≻⋈∈⊤∋≻⋈∈⊥∋≻⋈∈⊥∋≻⋈∈⊥∋⊙⊡⊣
⊢≻⋈∈⊤∋≻⋈∈⊤∋≻⋈∈⊥∋≻⋈∈⊥∋≻⋈∈⊤∋≻⋈∈⊥∋⊙⊡⊣
⊢≻⋈∈⊤∋≻⋈∈⊤∋≻⋈∈⊤∋≻⋈∈⊤∋≻⋈∈⊥∋≻⋈∈⊥∋≻⋈∈⊥∋≻⋈∈⊥∋≻⋈∈⊤∋≻⋈∈⊤∋≻⋈∈⊤∋≻⋈∈⊥∋≻⋈∈⊥∋⊙⊡⊣
⊢≻⋈∈⊥∋≻⋈∈⊤∋≻⋈∈⊥∋≻⋈∈⊤∋≻⋈∈⊥∋⊙⊡⊣
⊢≻⋈∈⊥∋≻⋈∈⊤∋≻⋈∈⊥∋⊙⊡⊣
⊢≻⋈∈⊥∋≻⋈∈⊥∋≻⋈∈⊥∋≻⋈∈⊤∋≻⋈∈⊥∋≻⋈∈⊥∋≻⋈∈⊥∋≻⋈∈⊤∋≻⋈∈⊤∋≻⋈∈⊤∋≻⋈∈⊥∋⊙⊡⊣
⊢≻⋈∈⊥∋≻⋈∈⊤∋≻⋈∈⊥∋≻⋈∈⊥∋≻⋈∈⊤∋≻⋈∈⊤∋≻⋈∈⊥∋≻⋈∈⊥∋≻⋈∈⊤∋≻⋈∈⊥∋≻⋈∈⊥∋⊙⊡⊣
⊢≻⋈∈⊤∋≻⋈∈⊤∋≻⋈∈⊤∋≻⋈∈⊤∋≻⋈∈⊥∋≻⋈∈⊤∋≻⋈∈⊥∋≻⋈∈⊤∋≻⋈∈⊤∋≻⋈∈⊤∋≻⋈∈⊥∋⊙⊡⊣
⊢≻⋈∈⊤∋≻⋈∈⊥∋≻⋈∈⊤∋≻⋈∈⊤∋≻⋈∈⊥∋≻⋈∈⊥∋≻⋈∈⊥∋⊙⊡⊣
⊢≻⋈∈⊥∋≻⋈∈⊤∋≻⋈∈⊤∋≻⋈∈⊥∋≻⋈∈⊤∋≻⋈∈⊥∋⊙⊡⊣
⊢≻⋈∈⊥∋≻⋈∈⊥∋≻⋈∈⊤∋≻⋈∈⊤∋≻⋈∈⊥∋⊙⊡⊣
⊢≻⋈∈⊤∋≻⋈∈⊥∋≻⋈∈⊥∋≻⋈∈⊥∋≻⋈∈⊥∋⊙⊡⊣
⊢≻⋈∈⊤∋≻⋈∈⊥∋≻⋈∈⊥∋≻⋈∈⊥∋≻⋈∈⊤∋≻⋈∈⊥∋⊙⊡⊣
⊢≻⋈∈⊥∋≻⋈∈⊥∋≻⋈∈⊤∋≻⋈∈⊤∋≻⋈∈⊥∋≻⋈∈⊤∋≻⋈∈⊤∋≻⋈∈⊤∋≻⋈∈⊤∋≻⋈∈⊥∋≻⋈∈⊤∋≻⋈∈⊥∋≻⋈∈⊥∋⊙⊡⊣
⊢≻⋈∈⊥∋≻⋈∈⊤∋≻⋈∈⊥∋≻⋈∈⊤∋≻⋈∈⊥∋⊙⊡⊣
⊢≻⋈∈⊥∋≻⋈∈⊤∋≻⋈∈⊥∋⊙⊡⊣
⊢≻⋈∈⊥∋≻⋈∈⊥∋≻⋈∈⊥∋≻⋈∈⊤∋≻⋈∈⊥∋≻⋈∈⊥∋≻⋈∈⊥∋≻⋈∈⊤∋≻⋈∈⊤∋≻⋈∈⊤∋≻⋈∈⊥∋⊙⊡⊣
⊢≻⋈∈⊥∋≻⋈∈⊤∋≻⋈∈⊥∋≻⋈∈⊥∋≻⋈∈⊤∋≻⋈∈⊤∋≻⋈∈⊥∋≻⋈∈⊥∋≻⋈∈⊤∋≻⋈∈⊥∋≻⋈∈⊥∋⊙⊡⊣
⊢≻⋈∈⊤∋≻⋈∈⊤∋≻⋈∈⊤∋≻⋈∈⊤∋≻⋈∈⊤∋≻⋈∈⊤∋≻⋈∈⊤∋≻⋈∈⊥∋≻⋈∈⊤∋≻⋈∈⊤∋≻⋈∈⊥∋⊙⊡⊣
⊢≻⋈∈⊤∋≻⋈∈⊥∋≻⋈∈⊤∋≻⋈∈⊤∋≻⋈∈⊥∋≻⋈∈⊥∋≻⋈∈⊥∋⊙⊡⊣
⊢≻⋈∈⊤∋≻⋈∈⊥∋≻⋈∈⊤∋≻⋈∈⊥∋≻⋈∈⊤∋≻⋈∈⊥∋⊙⊡⊣
⊢≻⋈∈⊥∋≻⋈∈⊥∋≻⋈∈⊤∋≻⋈∈⊤∋≻⋈∈⊥∋⊙⊡⊣
⊢≻⋈∈⊤∋≻⋈∈⊥∋≻⋈∈⊥∋≻⋈∈⊥∋≻⋈∈⊥∋⊙⊡⊣
⊢≻⋈∈⊥∋≻⋈∈⊥∋≻⋈∈⊥∋≻⋈∈⊥∋≻⋈∈⊤∋≻⋈∈⊥∋⊙⊡⊣
⊢≻⋈∈⊤∋≻⋈∈⊥∋≻⋈∈⊥∋≻⋈∈⊤∋≻⋈∈⊤∋≻⋈∈⊥∋≻⋈∈⊤∋≻⋈∈⊥∋≻⋈∈⊤∋≻⋈∈⊥∋≻⋈∈⊤∋≻⋈∈⊥∋≻⋈∈⊥∋⊙⊡⊣
⊢≻⋈∈⊤∋≻⋈∈⊥∋≻⋈∈⊥∋≻⋈∈⊤∋≻⋈∈⊥∋⊙⊡⊣
⊢≻⋈∈⊥∋≻⋈∈⊤∋≻⋈∈⊥∋⊙⊡⊣
⊢≻⋈∈⊥∋≻⋈∈⊥∋≻⋈∈⊥∋≻⋈∈⊤∋≻⋈∈⊥∋≻⋈∈⊥∋≻⋈∈⊥∋≻⋈∈⊤∋≻⋈∈⊤∋≻⋈∈⊤∋≻⋈∈⊥∋⊙⊡⊣
⊢≻⋈∈⊥∋≻⋈∈⊤∋≻⋈∈⊥∋≻⋈∈⊥∋≻⋈∈⊤∋≻⋈∈⊤∋≻⋈∈⊥∋≻⋈∈⊥∋≻⋈∈⊤∋≻⋈∈⊥∋≻⋈∈⊥∋⊙⊡⊣
⊢≻⋈∈⊤∋≻⋈∈⊤∋≻⋈∈⊤∋≻⋈∈⊤∋≻⋈∈⊤∋≻⋈∈⊤∋≻⋈∈⊤∋≻⋈∈⊥∋≻⋈∈⊤∋≻⋈∈⊤∋≻⋈∈⊥∋⊙⊡⊣
⊢≻⋈∈⊤∋≻⋈∈⊥∋≻⋈∈⊤∋≻⋈∈⊤∋≻⋈∈⊥∋≻⋈∈⊥∋≻⋈∈⊥∋⊙⊡⊣
⊢≻⋈∈⊥∋≻⋈∈⊥∋≻⋈∈⊤∋≻⋈∈⊥∋≻⋈∈⊤∋≻⋈∈⊥∋⊙⊡⊣
⊢≻⋈∈⊤∋≻⋈∈⊤∋≻⋈∈⊤∋≻⋈∈⊥∋⊙⊡⊣
⊢≻⋈∈⊤∋≻⋈∈⊤∋≻⋈∈⊤∋≻⋈∈⊥∋≻⋈∈⊤∋≻⋈∈⊥∋⊙⊡⊣
⊢≻⋈∈⊥∋≻⋈∈⊤∋≻⋈∈⊤∋≻⋈∈⊤∋≻⋈∈⊥∋≻⋈∈⊥∋⊙⊡⊣
⊢≻⋈∈⊥∋≻⋈∈⊤∋≻⋈∈⊤∋≻⋈∈⊥∋≻⋈∈⊤∋≻⋈∈⊤∋≻⋈∈⊥∋≻⋈∈⊥∋≻⋈∈⊥∋≻⋈∈⊥∋≻⋈∈⊤∋≻⋈∈⊥∋≻⋈∈⊥∋⊙⊡⊣
⊢≻⋈∈⊤∋≻⋈∈⊥∋≻⋈∈⊥∋≻⋈∈⊤∋≻⋈∈⊥∋⊙⊡⊣
⊢≻⋈∈⊥∋≻⋈∈⊤∋≻⋈∈⊥∋⊙⊡⊣
⊢≻⋈∈⊥∋≻⋈∈⊥∋≻⋈∈⊥∋≻⋈∈⊤∋≻⋈∈⊥∋≻⋈∈⊥∋≻⋈∈⊥∋≻⋈∈⊤∋≻⋈∈⊤∋≻⋈∈⊤∋≻⋈∈⊥∋⊙⊡⊣
⊢≻⋈∈⊥∋≻⋈∈⊤∋≻⋈∈⊥∋≻⋈∈⊥∋≻⋈∈⊤∋≻⋈∈⊤∋≻⋈∈⊥∋≻⋈∈⊥∋≻⋈∈⊤∋≻⋈∈⊥∋≻⋈∈⊥∋⊙⊡⊣
⊢≻⋈∈⊤∋≻⋈∈⊤∋≻⋈∈⊤∋≻⋈∈⊤∋≻⋈∈⊥∋≻⋈∈⊥∋≻⋈∈⊤∋≻⋈∈⊥∋≻⋈∈⊤∋≻⋈∈⊤∋≻⋈∈⊥∋⊙⊡⊣
⊢≻⋈∈⊤∋≻⋈∈⊥∋≻⋈∈⊤∋≻⋈∈⊤∋≻⋈∈⊥∋≻⋈∈⊥∋≻⋈∈⊥∋⊙⊡⊣
⊢≻⋈∈⊤∋≻⋈∈⊤∋≻⋈∈⊥∋≻⋈∈⊥∋≻⋈∈⊤∋≻⋈∈⊥∋⊙⊡⊣
⊢≻⋈∈⊤∋≻⋈∈⊤∋≻⋈∈⊤∋≻⋈∈⊥∋⊙⊡⊣
⊢≻⋈∈⊤∋≻⋈∈⊤∋≻⋈∈⊤∋≻⋈∈⊥∋≻⋈∈⊤∋≻⋈∈⊥∋⊙⊡⊣
⊢≻⋈∈⊤∋≻⋈∈⊥∋≻⋈∈⊤∋≻⋈∈⊤∋≻⋈∈⊥∋≻⋈∈⊥∋⊙⊡⊣
⊢≻⋈∈⊥∋≻⋈∈⊤∋≻⋈∈⊤∋≻⋈∈⊥∋≻⋈∈⊥∋≻⋈∈⊤∋≻⋈∈⊥∋≻⋈∈⊤∋≻⋈∈⊤∋≻⋈∈⊤∋≻⋈∈⊥∋≻⋈∈⊥∋≻⋈∈⊥∋⊙⊡⊣
⊢≻⋈∈⊥∋≻⋈∈⊥∋≻⋈∈⊥∋≻⋈∈⊤∋≻⋈∈⊥∋⊙⊡⊣
⊢≻⋈∈⊥∋≻⋈∈⊤∋≻⋈∈⊥∋⊙⊡⊣
⊢≻⋈∈⊥∋≻⋈∈⊥∋≻⋈∈⊥∋≻⋈∈⊤∋≻⋈∈⊥∋≻⋈∈⊥∋≻⋈∈⊥∋≻⋈∈⊤∋≻⋈∈⊤∋≻⋈∈⊤∋≻⋈∈⊥∋⊙⊡⊣
⊢≻⋈∈⊥∋≻⋈∈⊤∋≻⋈∈⊥∋≻⋈∈⊥∋≻⋈∈⊤∋≻⋈∈⊤∋≻⋈∈⊥∋≻⋈∈⊥∋≻⋈∈⊤∋≻⋈∈⊥∋≻⋈∈⊥∋⊙⊡⊣
⊢≻⋈∈⊤∋≻⋈∈⊤∋≻⋈∈⊤∋≻⋈∈⊤∋≻⋈∈⊥∋≻⋈∈⊥∋≻⋈∈⊤∋≻⋈∈⊥∋≻⋈∈⊤∋≻⋈∈⊤∋≻⋈∈⊥∋⊙⊡⊣
⊢≻⋈∈⊤∋≻⋈∈⊥∋≻⋈∈⊤∋≻⋈∈⊤∋≻⋈∈⊥∋≻⋈∈⊥∋≻⋈∈⊥∋⊙⊡⊣
⊢≻⋈∈⊥∋≻⋈∈⊤∋≻⋈∈⊥∋≻⋈∈⊥∋≻⋈∈⊤∋≻⋈∈⊥∋⊙⊡⊣
⊢≻⋈∈⊤∋≻⋈∈⊤∋≻⋈∈⊤∋≻⋈∈⊥∋⊙⊡⊣
⊢≻⋈∈⊥∋≻⋈∈⊤∋≻⋈∈⊤∋≻⋈∈⊥∋≻⋈∈⊤∋≻⋈∈⊥∋⊙⊡⊣
⊢≻⋈∈⊤∋≻⋈∈⊤∋≻⋈∈⊥∋≻⋈∈⊤∋≻⋈∈⊥∋≻⋈∈⊥∋⊙⊡⊣
⊢≻⋈∈⊤∋≻⋈∈⊤∋≻⋈∈⊥∋≻⋈∈⊥∋≻⋈∈⊥∋≻⋈∈⊥∋≻⋈∈⊥∋≻⋈∈⊤∋≻⋈∈⊥∋≻⋈∈⊤∋≻⋈∈⊥∋≻⋈∈⊥∋≻⋈∈⊥∋⊙⊡⊣
⊢≻⋈∈⊥∋≻⋈∈⊥∋≻⋈∈⊥∋≻⋈∈⊤∋≻⋈∈⊥∋⊙⊡⊣
⊢≻⋈∈⊥∋≻⋈∈⊤∋≻⋈∈⊥∋⊙⊡⊣
⊢≻⋈∈⊥∋≻⋈∈⊥∋≻⋈∈⊥∋≻⋈∈⊤∋≻⋈∈⊥∋≻⋈∈⊥∋≻⋈∈⊥∋≻⋈∈⊤∋≻⋈∈⊤∋≻⋈∈⊤∋≻⋈∈⊥∋⊙⊡⊣
⊢≻⋈∈⊥∋≻⋈∈⊤∋≻⋈∈⊥∋≻⋈∈⊥∋≻⋈∈⊤∋≻⋈∈⊤∋≻⋈∈⊥∋≻⋈∈⊥∋≻⋈∈⊤∋≻⋈∈⊥∋≻⋈∈⊥∋⊙⊡⊣
⊢≻⋈∈⊤∋≻⋈∈⊤∋≻⋈∈⊤∋≻⋈∈⊤∋≻⋈∈⊤∋≻⋈∈⊥∋≻⋈∈⊥∋≻⋈∈⊥∋≻⋈∈⊤∋≻⋈∈⊤∋≻⋈∈⊥∋⊙⊡⊣
⊢≻⋈∈⊤∋≻⋈∈⊥∋≻⋈∈⊤∋≻⋈∈⊤∋≻⋈∈⊥∋≻⋈∈⊥∋≻⋈∈⊥∋⊙⊡⊣
⊢≻⋈∈⊤∋≻⋈∈⊥∋≻⋈∈⊥∋≻⋈∈⊥∋≻⋈∈⊤∋≻⋈∈⊥∋⊙⊡⊣
⊢≻⋈∈⊤∋≻⋈∈⊤∋≻⋈∈⊤∋≻⋈∈⊥∋⊙⊡⊣
⊢≻⋈∈⊥∋≻⋈∈⊤∋≻⋈∈⊤∋≻⋈∈⊥∋≻⋈∈⊤∋≻⋈∈⊥∋⊙⊡⊣
⊢≻⋈∈⊥∋≻⋈∈⊤∋≻⋈∈⊥∋≻⋈∈⊤∋≻⋈∈⊥∋≻⋈∈⊥∋⊙⊡⊣
⊢≻⋈∈⊥∋≻⋈∈⊥∋≻⋈∈⊥∋≻⋈∈⊥∋≻⋈∈⊤∋≻⋈∈⊤∋≻⋈∈⊤∋≻⋈∈⊤∋≻⋈∈⊤∋≻⋈∈⊥∋≻⋈∈⊥∋≻⋈∈⊥∋≻⋈∈⊥∋⊙⊡⊣
⊢≻⋈∈⊤∋≻⋈∈⊤∋≻⋈∈⊤∋≻⋈∈⊥∋≻⋈∈⊥∋⊙⊡⊣
⊢≻⋈∈⊤∋≻⋈∈⊥∋≻⋈∈⊥∋⊙⊡⊣
⊢≻⋈∈⊥∋≻⋈∈⊥∋≻⋈∈⊥∋≻⋈∈⊤∋≻⋈∈⊥∋≻⋈∈⊥∋≻⋈∈⊥∋≻⋈∈⊤∋≻⋈∈⊤∋≻⋈∈⊤∋≻⋈∈⊥∋⊙⊡⊣
⊢≻⋈∈⊥∋≻⋈∈⊤∋≻⋈∈⊥∋≻⋈∈⊥∋≻⋈∈⊤∋≻⋈∈⊤∋≻⋈∈⊥∋≻⋈∈⊥∋≻⋈∈⊤∋≻⋈∈⊥∋≻⋈∈⊥∋⊙⊡⊣
⊢≻⋈∈⊤∋≻⋈∈⊤∋≻⋈∈⊤∋≻⋈∈⊤∋≻⋈∈⊤∋≻⋈∈⊥∋≻⋈∈⊥∋≻⋈∈⊥∋≻⋈∈⊤∋≻⋈∈⊤∋≻⋈∈⊥∋⊙⊡⊣
⊢≻⋈∈⊤∋≻⋈∈⊥∋≻⋈∈⊤∋≻⋈∈⊤∋≻⋈∈⊥∋≻⋈∈⊥∋≻⋈∈⊥∋⊙⊡⊣
⊢≻⋈∈⊤∋≻⋈∈⊤∋≻⋈∈⊤∋≻⋈∈⊤∋≻⋈∈⊥∋≻⋈∈⊥∋⊙⊡⊣
⊢≻⋈∈⊤∋≻⋈∈⊥∋≻⋈∈⊤∋≻⋈∈⊤∋≻⋈∈⊥∋⊙⊡⊣
⊢≻⋈∈⊤∋≻⋈∈⊥∋≻⋈∈⊥∋≻⋈∈⊥∋≻⋈∈⊥∋⊙⊡⊣
⊢≻⋈∈⊤∋≻⋈∈⊥∋≻⋈∈⊥∋≻⋈∈⊤∋≻⋈∈⊥∋≻⋈∈⊥∋⊙⊡⊣
⊢≻⋈∈⊤∋≻⋈∈⊤∋≻⋈∈⊥∋≻⋈∈⊥∋≻⋈∈⊥∋≻⋈∈⊤∋≻⋈∈⊤∋≻⋈∈⊥∋≻⋈∈⊤∋≻⋈∈⊥∋≻⋈∈⊥∋≻⋈∈⊥∋≻⋈∈⊥∋⊙⊡⊣
⊢≻⋈∈⊥∋≻⋈∈⊤∋≻⋈∈⊤∋≻⋈∈⊥∋≻⋈∈⊥∋⊙⊡⊣
⊢≻⋈∈⊤∋≻⋈∈⊥∋≻⋈∈⊥∋⊙⊡⊣
⊢≻⋈∈⊥∋≻⋈∈⊥∋≻⋈∈⊥∋≻⋈∈⊤∋≻⋈∈⊥∋≻⋈∈⊥∋≻⋈∈⊥∋≻⋈∈⊤∋≻⋈∈⊤∋≻⋈∈⊤∋≻⋈∈⊥∋⊙⊡⊣
⊢≻⋈∈⊥∋≻⋈∈⊤∋≻⋈∈⊥∋≻⋈∈⊥∋≻⋈∈⊤∋≻⋈∈⊤∋≻⋈∈⊥∋≻⋈∈⊥∋≻⋈∈⊤∋≻⋈∈⊥∋≻⋈∈⊥∋⊙⊡⊣
⊢≻⋈∈⊤∋≻⋈∈⊤∋≻⋈∈⊤∋≻⋈∈⊤∋≻⋈∈⊥∋≻⋈∈⊤∋≻⋈∈⊤∋≻⋈∈⊤∋≻⋈∈⊥∋≻⋈∈⊤∋≻⋈∈⊥∋⊙⊡⊣
⊢≻⋈∈⊤∋≻⋈∈⊥∋≻⋈∈⊤∋≻⋈∈⊤∋≻⋈∈⊥∋≻⋈∈⊥∋≻⋈∈⊥∋⊙⊡⊣
⊢≻⋈∈⊥∋≻⋈∈⊤∋≻⋈∈⊤∋≻⋈∈⊤∋≻⋈∈⊥∋≻⋈∈⊥∋⊙⊡⊣
⊢≻⋈∈⊤∋≻⋈∈⊥∋≻⋈∈⊤∋≻⋈∈⊤∋≻⋈∈⊥∋⊙⊡⊣
⊢≻⋈∈⊥∋≻⋈∈⊥∋≻⋈∈⊥∋≻⋈∈⊥∋≻⋈∈⊥∋⊙⊡⊣
⊢≻⋈∈⊤∋≻⋈∈⊤∋≻⋈∈⊤∋≻⋈∈⊥∋≻⋈∈⊥∋≻⋈∈⊥∋⊙⊡⊣
⊢≻⋈∈⊥∋≻⋈∈⊥∋≻⋈∈⊥∋≻⋈∈⊥∋≻⋈∈⊥∋≻⋈∈⊥∋≻⋈∈⊤∋≻⋈∈⊥∋≻⋈∈⊥∋≻⋈∈⊥∋≻⋈∈⊥∋≻⋈∈⊥∋≻⋈∈⊥∋⊙⊡⊣
⊢≻⋈∈⊥∋≻⋈∈⊤∋≻⋈∈⊤∋≻⋈∈⊥∋≻⋈∈⊥∋⊙⊡⊣
⊢≻⋈∈⊤∋≻⋈∈⊥∋≻⋈∈⊥∋⊙⊡⊣
⊢≻⋈∈⊥∋≻⋈∈⊥∋≻⋈∈⊥∋≻⋈∈⊤∋≻⋈∈⊥∋≻⋈∈⊥∋≻⋈∈⊥∋≻⋈∈⊤∋≻⋈∈⊤∋≻⋈∈⊤∋≻⋈∈⊥∋⊙⊡⊣
⊢≻⋈∈⊥∋≻⋈∈⊤∋≻⋈∈⊥∋≻⋈∈⊥∋≻⋈∈⊤∋≻⋈∈⊤∋≻⋈∈⊥∋≻⋈∈⊥∋≻⋈∈⊤∋≻⋈∈⊥∋≻⋈∈⊥∋⊙⊡⊣
⊢≻⋈∈⊤∋≻⋈∈⊤∋≻⋈∈⊤∋≻⋈∈⊤∋≻⋈∈⊤∋≻⋈∈⊤∋≻⋈∈⊥∋≻⋈∈⊤∋≻⋈∈⊥∋≻⋈∈⊤∋≻⋈∈⊥∋⊙⊡⊣
⊢≻⋈∈⊤∋≻⋈∈⊥∋≻⋈∈⊤∋≻⋈∈⊤∋≻⋈∈⊥∋≻⋈∈⊥∋≻⋈∈⊥∋⊙⊡⊣
⊢≻⋈∈⊤∋≻⋈∈⊥∋≻⋈∈⊤∋≻⋈∈⊤∋≻⋈∈⊥∋≻⋈∈⊥∋⊙⊡⊣
⊢≻⋈∈⊤∋≻⋈∈⊥∋≻⋈∈⊤∋≻⋈∈⊤∋≻⋈∈⊥∋⊙⊡⊣
⊢≻⋈∈⊥∋≻⋈∈⊥∋≻⋈∈⊥∋≻⋈∈⊥∋≻⋈∈⊥∋⊙⊡⊣
⊢≻⋈∈⊥∋≻⋈∈⊤∋≻⋈∈⊤∋≻⋈∈⊥∋≻⋈∈⊥∋≻⋈∈⊥∋⊙⊡⊣
⊢≻⋈∈⊤∋≻⋈∈⊥∋≻⋈∈⊤∋≻⋈∈⊤∋≻⋈∈⊥∋≻⋈∈⊤∋≻⋈∈⊥∋≻⋈∈⊤∋≻⋈∈⊤∋≻⋈∈⊤∋≻⋈∈⊤∋≻⋈∈⊤∋≻⋈∈⊤∋≻⋈∈⊥∋⊙⊡⊣
⊢≻⋈∈⊤∋≻⋈∈⊥∋≻⋈∈⊤∋≻⋈∈⊥∋≻⋈∈⊥∋⊙⊡⊣
⊢≻⋈∈⊤∋≻⋈∈⊥∋≻⋈∈⊥∋⊙⊡⊣
⊢≻⋈∈⊥∋≻⋈∈⊥∋≻⋈∈⊥∋≻⋈∈⊤∋≻⋈∈⊥∋≻⋈∈⊥∋≻⋈∈⊥∋≻⋈∈⊤∋≻⋈∈⊤∋≻⋈∈⊤∋≻⋈∈⊥∋⊙⊡⊣
⊢≻⋈∈⊥∋≻⋈∈⊤∋≻⋈∈⊥∋≻⋈∈⊥∋≻⋈∈⊤∋≻⋈∈⊤∋≻⋈∈⊥∋≻⋈∈⊥∋≻⋈∈⊤∋≻⋈∈⊥∋≻⋈∈⊥∋⊙⊡⊣
⊢≻⋈∈⊤∋≻⋈∈⊤∋≻⋈∈⊤∋≻⋈∈⊤∋≻⋈∈⊤∋≻⋈∈⊤∋≻⋈∈⊥∋≻⋈∈⊤∋≻⋈∈⊥∋≻⋈∈⊤∋≻⋈∈⊥∋⊙⊡⊣
⊢≻⋈∈⊤∋≻⋈∈⊥∋≻⋈∈⊤∋≻⋈∈⊤∋≻⋈∈⊥∋≻⋈∈⊥∋≻⋈∈⊥∋⊙⊡⊣
⊢≻⋈∈⊥∋≻⋈∈⊥∋≻⋈∈⊤∋≻⋈∈⊤∋≻⋈∈⊥∋≻⋈∈⊥∋⊙⊡⊣
⊢≻⋈∈⊥∋≻⋈∈⊤∋≻⋈∈⊤∋≻⋈∈⊥∋⊙⊡⊣
⊢≻⋈∈⊥∋≻⋈∈⊥∋≻⋈∈⊥∋≻⋈∈⊤∋≻⋈∈⊤∋≻⋈∈⊥∋⊙⊡⊣
⊢≻⋈∈⊥∋≻⋈∈⊥∋≻⋈∈⊤∋≻⋈∈⊥∋≻⋈∈⊥∋≻⋈∈⊥∋⊙⊡⊣
⊢≻⋈∈⊥∋≻⋈∈⊤∋≻⋈∈⊥∋≻⋈∈⊤∋≻⋈∈⊥∋≻⋈∈⊥∋≻⋈∈⊥∋≻⋈∈⊤∋≻⋈∈⊥∋≻⋈∈⊤∋≻⋈∈⊤∋≻⋈∈⊤∋≻⋈∈⊤∋≻⋈∈⊥∋⊙⊡⊣
⊢≻⋈∈⊤∋≻⋈∈⊥∋≻⋈∈⊤∋≻⋈∈⊥∋≻⋈∈⊥∋⊙⊡⊣
⊢≻⋈∈⊤∋≻⋈∈⊥∋≻⋈∈⊥∋⊙⊡⊣
⊢≻⋈∈⊥∋≻⋈∈⊥∋≻⋈∈⊥∋≻⋈∈⊤∋≻⋈∈⊥∋≻⋈∈⊥∋≻⋈∈⊥∋≻⋈∈⊤∋≻⋈∈⊤∋≻⋈∈⊤∋≻⋈∈⊥∋⊙⊡⊣
⊢≻⋈∈⊥∋≻⋈∈⊤∋≻⋈∈⊥∋≻⋈∈⊥∋≻⋈∈⊤∋≻⋈∈⊤∋≻⋈∈⊥∋≻⋈∈⊥∋≻⋈∈⊤∋≻⋈∈⊥∋≻⋈∈⊥∋⊙⊡⊣
⊢≻⋈∈⊤∋≻⋈∈⊤∋≻⋈∈⊤∋≻⋈∈⊤∋≻⋈∈⊥∋≻⋈∈⊥∋≻⋈∈⊥∋≻⋈∈⊤∋≻⋈∈⊥∋≻⋈∈⊤∋≻⋈∈⊥∋⊙⊡⊣
⊢≻⋈∈⊥∋≻⋈∈⊤∋≻⋈∈⊥∋≻⋈∈⊤∋≻⋈∈⊥∋≻⋈∈⊥∋≻⋈∈⊥∋⊙⊡⊣
⊢≻⋈∈⊤∋≻⋈∈⊤∋≻⋈∈⊥∋≻⋈∈⊤∋≻⋈∈⊥∋≻⋈∈⊥∋⊙⊡⊣
⊢≻⋈∈⊥∋≻⋈∈⊤∋≻⋈∈⊤∋≻⋈∈⊥∋⊙⊡⊣
⊢≻⋈∈⊥∋≻⋈∈⊥∋≻⋈∈⊥∋≻⋈∈⊤∋≻⋈∈⊤∋≻⋈∈⊥∋⊙⊡⊣
⊢≻⋈∈⊤∋≻⋈∈⊤∋≻⋈∈⊥∋≻⋈∈⊥∋≻⋈∈⊥∋≻⋈∈⊥∋⊙⊡⊣
⊢≻⋈∈⊥∋≻⋈∈⊤∋≻⋈∈⊥∋≻⋈∈⊤∋≻⋈∈⊤∋≻⋈∈⊤∋≻⋈∈⊤∋≻⋈∈⊤∋≻⋈∈⊤∋≻⋈∈⊥∋≻⋈∈⊤∋≻⋈∈⊤∋≻⋈∈⊤∋≻⋈∈⊥∋⊙⊡⊣
⊢≻⋈∈⊥∋≻⋈∈⊥∋≻⋈∈⊤∋≻⋈∈⊥∋≻⋈∈⊥∋⊙⊡⊣
⊢≻⋈∈⊤∋≻⋈∈⊥∋≻⋈∈⊥∋⊙⊡⊣
⊢≻⋈∈⊥∋≻⋈∈⊥∋≻⋈∈⊥∋≻⋈∈⊤∋≻⋈∈⊥∋≻⋈∈⊥∋≻⋈∈⊥∋≻⋈∈⊤∋≻⋈∈⊤∋≻⋈∈⊤∋≻⋈∈⊥∋⊙⊡⊣
⊢≻⋈∈⊥∋≻⋈∈⊤∋≻⋈∈⊥∋≻⋈∈⊥∋≻⋈∈⊤∋≻⋈∈⊤∋≻⋈∈⊥∋≻⋈∈⊥∋≻⋈∈⊤∋≻⋈∈⊥∋≻⋈∈⊥∋⊙⊡⊣
⊢≻⋈∈⊤∋≻⋈∈⊤∋≻⋈∈⊤∋≻⋈∈⊤∋≻⋈∈⊥∋≻⋈∈⊥∋≻⋈∈⊥∋≻⋈∈⊤∋≻⋈∈⊥∋≻⋈∈⊤∋≻⋈∈⊥∋⊙⊡⊣
⊢≻⋈∈⊥∋≻⋈∈⊤∋≻⋈∈⊥∋≻⋈∈⊤∋≻⋈∈⊥∋≻⋈∈⊥∋≻⋈∈⊥∋⊙⊡⊣
⊢≻⋈∈⊥∋≻⋈∈⊤∋≻⋈∈⊥∋≻⋈∈⊤∋≻⋈∈⊥∋≻⋈∈⊥∋⊙⊡⊣
⊢≻⋈∈⊥∋≻⋈∈⊤∋≻⋈∈⊤∋≻⋈∈⊥∋⊙⊡⊣
⊢≻⋈∈⊤∋≻⋈∈⊤∋≻⋈∈⊤∋≻⋈∈⊥∋≻⋈∈⊤∋≻⋈∈⊥∋⊙⊡⊣
⊢≻⋈∈⊤∋≻⋈∈⊥∋≻⋈∈⊥∋≻⋈∈⊥∋≻⋈∈⊥∋≻⋈∈⊥∋⊙⊡⊣
⊢≻⋈∈⊤∋≻⋈∈⊤∋≻⋈∈⊤∋≻⋈∈⊥∋≻⋈∈⊤∋≻⋈∈⊥∋≻⋈∈⊤∋≻⋈∈⊤∋≻⋈∈⊥∋≻⋈∈⊥∋≻⋈∈⊤∋≻⋈∈⊤∋≻⋈∈⊤∋≻⋈∈⊥∋⊙⊡⊣
⊢≻⋈∈⊥∋≻⋈∈⊥∋≻⋈∈⊤∋≻⋈∈⊥∋≻⋈∈⊥∋⊙⊡⊣
⊢≻⋈∈⊤∋≻⋈∈⊥∋≻⋈∈⊥∋⊙⊡⊣
⊢≻⋈∈⊥∋≻⋈∈⊥∋≻⋈∈⊥∋≻⋈∈⊤∋≻⋈∈⊥∋≻⋈∈⊥∋≻⋈∈⊥∋≻⋈∈⊤∋≻⋈∈⊤∋≻⋈∈⊤∋≻⋈∈⊥∋⊙⊡⊣
⊢≻⋈∈⊥∋≻⋈∈⊤∋≻⋈∈⊥∋≻⋈∈⊥∋≻⋈∈⊤∋≻⋈∈⊤∋≻⋈∈⊥∋≻⋈∈⊥∋≻⋈∈⊤∋≻⋈∈⊥∋≻⋈∈⊥∋⊙⊡⊣
⊢≻⋈∈⊤∋≻⋈∈⊤∋≻⋈∈⊤∋≻⋈∈⊤∋≻⋈∈⊤∋≻⋈∈⊥∋≻⋈∈⊤∋≻⋈∈⊥∋≻⋈∈⊥∋≻⋈∈⊤∋≻⋈∈⊥∋⊙⊡⊣
⊢≻⋈∈⊥∋≻⋈∈⊤∋≻⋈∈⊥∋≻⋈∈⊤∋≻⋈∈⊥∋≻⋈∈⊥∋≻⋈∈⊥∋⊙⊡⊣
⊢≻⋈∈⊤∋≻⋈∈⊥∋≻⋈∈⊥∋≻⋈∈⊤∋≻⋈∈⊥∋≻⋈∈⊥∋⊙⊡⊣
⊢≻⋈∈⊥∋≻⋈∈⊤∋≻⋈∈⊤∋≻⋈∈⊥∋⊙⊡⊣
⊢≻⋈∈⊤∋≻⋈∈⊤∋≻⋈∈⊤∋≻⋈∈⊥∋≻⋈∈⊤∋≻⋈∈⊥∋⊙⊡⊣
⊢≻⋈∈⊥∋≻⋈∈⊥∋≻⋈∈⊥∋≻⋈∈⊥∋≻⋈∈⊥∋≻⋈∈⊥∋⊙⊡⊣
⊢≻⋈∈⊥∋≻⋈∈⊥∋≻⋈∈⊤∋≻⋈∈⊥∋≻⋈∈⊥∋≻⋈∈⊥∋≻⋈∈⊤∋≻⋈∈⊥∋≻⋈∈⊥∋≻⋈∈⊥∋≻⋈∈⊤∋≻⋈∈⊤∋≻⋈∈⊤∋≻⋈∈⊥∋⊙⊡⊣
⊢≻⋈∈⊤∋≻⋈∈⊤∋≻⋈∈⊥∋≻⋈∈⊥∋≻⋈∈⊥∋⊙⊡⊣
⊢≻⋈∈⊤∋≻⋈∈⊥∋≻⋈∈⊥∋⊙⊡⊣
⊢≻⋈∈⊥∋≻⋈∈⊥∋≻⋈∈⊥∋≻⋈∈⊤∋≻⋈∈⊥∋≻⋈∈⊥∋≻⋈∈⊥∋≻⋈∈⊤∋≻⋈∈⊤∋≻⋈∈⊤∋≻⋈∈⊥∋⊙⊡⊣
⊢≻⋈∈⊥∋≻⋈∈⊤∋≻⋈∈⊥∋≻⋈∈⊥∋≻⋈∈⊤∋≻⋈∈⊤∋≻⋈∈⊥∋≻⋈∈⊥∋≻⋈∈⊤∋≻⋈∈⊥∋≻⋈∈⊥∋⊙⊡⊣
⊢≻⋈∈⊤∋≻⋈∈⊤∋≻⋈∈⊤∋≻⋈∈⊤∋≻⋈∈⊤∋≻⋈∈⊥∋≻⋈∈⊤∋≻⋈∈⊥∋≻⋈∈⊥∋≻⋈∈⊤∋≻⋈∈⊥∋⊙⊡⊣
⊢≻⋈∈⊥∋≻⋈∈⊤∋≻⋈∈⊥∋≻⋈∈⊤∋≻⋈∈⊥∋≻⋈∈⊥∋≻⋈∈⊥∋⊙⊡⊣
⊢≻⋈∈⊤∋≻⋈∈⊤∋≻⋈∈⊤∋≻⋈∈⊥∋≻⋈∈⊥∋≻⋈∈⊥∋⊙⊡⊣
⊢≻⋈∈⊥∋≻⋈∈⊤∋≻⋈∈⊤∋≻⋈∈⊤∋≻⋈∈⊥∋⊙⊡⊣
⊢≻⋈∈⊥∋≻⋈∈⊥∋≻⋈∈⊥∋≻⋈∈⊥∋≻⋈∈⊥∋⊙⊡⊣
⊢≻⋈∈⊤∋≻⋈∈⊤∋≻⋈∈⊤∋≻⋈∈⊤∋≻⋈∈⊤∋≻⋈∈⊤∋≻⋈∈⊥∋⊙⊡⊣
⊢≻⋈∈⊤∋≻⋈∈⊤∋≻⋈∈⊤∋≻⋈∈⊥∋≻⋈∈⊤∋≻⋈∈⊤∋≻⋈∈⊥∋≻⋈∈⊤∋≻⋈∈⊤∋≻⋈∈⊤∋≻⋈∈⊥∋≻⋈∈⊤∋≻⋈∈⊤∋≻⋈∈⊥∋⊙⊡⊣
⊢≻⋈∈⊥∋≻⋈∈⊤∋≻⋈∈⊥∋≻⋈∈⊥∋≻⋈∈⊥∋⊙⊡⊣
⊢≻⋈∈⊥∋≻⋈∈⊥∋≻⋈∈⊥∋⊙⊡⊣
⊢≻⋈∈⊥∋≻⋈∈⊥∋≻⋈∈⊥∋≻⋈∈⊤∋≻⋈∈⊥∋≻⋈∈⊥∋≻⋈∈⊥∋≻⋈∈⊤∋≻⋈∈⊤∋≻⋈∈⊤∋≻⋈∈⊥∋⊙⊡⊣
⊢≻⋈∈⊥∋≻⋈∈⊤∋≻⋈∈⊥∋≻⋈∈⊥∋≻⋈∈⊤∋≻⋈∈⊤∋≻⋈∈⊥∋≻⋈∈⊥∋≻⋈∈⊤∋≻⋈∈⊥∋≻⋈∈⊥∋⊙⊡⊣
⊢≻⋈∈⊤∋≻⋈∈⊤∋≻⋈∈⊤∋≻⋈∈⊤∋≻⋈∈⊥∋≻⋈∈⊤∋≻⋈∈⊥∋≻⋈∈⊥∋≻⋈∈⊥∋≻⋈∈⊤∋≻⋈∈⊥∋⊙⊡⊣
⊢≻⋈∈⊥∋≻⋈∈⊤∋≻⋈∈⊥∋≻⋈∈⊤∋≻⋈∈⊥∋≻⋈∈⊥∋≻⋈∈⊥∋⊙⊡⊣
⊢≻⋈∈⊥∋≻⋈∈⊤∋≻⋈∈⊤∋≻⋈∈⊥∋≻⋈∈⊥∋≻⋈∈⊥∋⊙⊡⊣
⊢≻⋈∈⊥∋≻⋈∈⊤∋≻⋈∈⊤∋≻⋈∈⊤∋≻⋈∈⊥∋⊙⊡⊣
⊢≻⋈∈⊤∋≻⋈∈⊤∋≻⋈∈⊤∋≻⋈∈⊤∋≻⋈∈⊤∋≻⋈∈⊥∋⊙⊡⊣
⊢≻⋈∈⊤∋≻⋈∈⊥∋≻⋈∈⊤∋≻⋈∈⊤∋≻⋈∈⊤∋≻⋈∈⊤∋≻⋈∈⊥∋⊙⊡⊣
⊢≻⋈∈⊥∋≻⋈∈⊥∋≻⋈∈⊤∋≻⋈∈⊥∋≻⋈∈⊤∋≻⋈∈⊥∋≻⋈∈⊥∋≻⋈∈⊤∋≻⋈∈⊥∋≻⋈∈⊤∋≻⋈∈⊥∋≻⋈∈⊤∋≻⋈∈⊤∋≻⋈∈⊥∋⊙⊡⊣
⊢≻⋈∈⊥∋≻⋈∈⊤∋≻⋈∈⊥∋≻⋈∈⊥∋≻⋈∈⊥∋⊙⊡⊣
⊢≻⋈∈⊥∋≻⋈∈⊥∋≻⋈∈⊥∋⊙⊡⊣
⊢≻⋈∈⊥∋≻⋈∈⊥∋≻⋈∈⊥∋≻⋈∈⊤∋≻⋈∈⊥∋≻⋈∈⊥∋≻⋈∈⊥∋≻⋈∈⊤∋≻⋈∈⊤∋≻⋈∈⊤∋≻⋈∈⊥∋⊙⊡⊣
⊢≻⋈∈⊥∋≻⋈∈⊤∋≻⋈∈⊥∋≻⋈∈⊥∋≻⋈∈⊤∋≻⋈∈⊤∋≻⋈∈⊥∋≻⋈∈⊥∋≻⋈∈⊤∋≻⋈∈⊥∋≻⋈∈⊥∋⊙⊡⊣
⊢≻⋈∈⊤∋≻⋈∈⊤∋≻⋈∈⊤∋≻⋈∈⊤∋≻⋈∈⊤∋≻⋈∈⊤∋≻⋈∈⊤∋≻⋈∈⊤∋≻⋈∈⊤∋≻⋈∈⊥∋≻⋈∈⊥∋⊙⊡⊣
⊢≻⋈∈⊥∋≻⋈∈⊤∋≻⋈∈⊥∋≻⋈∈⊤∋≻⋈∈⊥∋≻⋈∈⊥∋≻⋈∈⊥∋⊙⊡⊣
⊢≻⋈∈⊤∋≻⋈∈⊥∋≻⋈∈⊤∋≻⋈∈⊥∋≻⋈∈⊥∋≻⋈∈⊥∋⊙⊡⊣
⊢≻⋈∈⊥∋≻⋈∈⊤∋≻⋈∈⊤∋≻⋈∈⊤∋≻⋈∈⊥∋⊙⊡⊣
⊢≻⋈∈⊤∋≻⋈∈⊤∋≻⋈∈⊤∋≻⋈∈⊤∋≻⋈∈⊤∋≻⋈∈⊥∋⊙⊡⊣
⊢≻⋈∈⊥∋≻⋈∈⊥∋≻⋈∈⊤∋≻⋈∈⊤∋≻⋈∈⊤∋≻⋈∈⊤∋≻⋈∈⊥∋⊙⊡⊣
⊢≻⋈∈⊤∋≻⋈∈⊥∋≻⋈∈⊥∋≻⋈∈⊥∋≻⋈∈⊥∋≻⋈∈⊥∋≻⋈∈⊥∋≻⋈∈⊥∋≻⋈∈⊥∋≻⋈∈⊤∋≻⋈∈⊥∋≻⋈∈⊤∋≻⋈∈⊤∋≻⋈∈⊥∋⊙⊡⊣
⊢≻⋈∈⊤∋≻⋈∈⊥∋≻⋈∈⊥∋≻⋈∈⊥∋≻⋈∈⊥∋⊙⊡⊣
⊢≻⋈∈⊥∋≻⋈∈⊥∋≻⋈∈⊥∋⊙⊡⊣
⊢≻⋈∈⊥∋≻⋈∈⊥∋≻⋈∈⊥∋≻⋈∈⊤∋≻⋈∈⊥∋≻⋈∈⊥∋≻⋈∈⊥∋≻⋈∈⊤∋≻⋈∈⊤∋≻⋈∈⊤∋≻⋈∈⊥∋⊙⊡⊣
⊢≻⋈∈⊥∋≻⋈∈⊤∋≻⋈∈⊥∋≻⋈∈⊥∋≻⋈∈⊤∋≻⋈∈⊤∋≻⋈∈⊥∋≻⋈∈⊥∋≻⋈∈⊤∋≻⋈∈⊥∋≻⋈∈⊥∋⊙⊡⊣
⊢≻⋈∈⊤∋≻⋈∈⊤∋≻⋈∈⊤∋≻⋈∈⊤∋≻⋈∈⊤∋≻⋈∈⊤∋≻⋈∈⊤∋≻⋈∈⊤∋≻⋈∈⊤∋≻⋈∈⊥∋≻⋈∈⊥∋⊙⊡⊣
⊢≻⋈∈⊥∋≻⋈∈⊤∋≻⋈∈⊥∋≻⋈∈⊤∋≻⋈∈⊥∋≻⋈∈⊥∋≻⋈∈⊥∋⊙⊡⊣
⊢≻⋈∈⊥∋≻⋈∈⊥∋≻⋈∈⊤∋≻⋈∈⊥∋≻⋈∈⊥∋≻⋈∈⊥∋⊙⊡⊣
⊢≻⋈∈⊤∋≻⋈∈⊥∋≻⋈∈⊤∋≻⋈∈⊥∋⊙⊡⊣
⊢≻⋈∈⊤∋≻⋈∈⊥∋≻⋈∈⊥∋≻⋈∈⊤∋≻⋈∈⊤∋≻⋈∈⊥∋⊙⊡⊣
⊢≻⋈∈⊥∋≻⋈∈⊤∋≻⋈∈⊥∋≻⋈∈⊤∋≻⋈∈⊤∋≻⋈∈⊤∋≻⋈∈⊥∋⊙⊡⊣
⊢≻⋈∈⊥∋≻⋈∈⊤∋≻⋈∈⊤∋≻⋈∈⊤∋≻⋈∈⊤∋≻⋈∈⊥∋≻⋈∈⊤∋≻⋈∈⊤∋≻⋈∈⊥∋≻⋈∈⊥∋≻⋈∈⊥∋≻⋈∈⊤∋≻⋈∈⊤∋≻⋈∈⊥∋⊙⊡⊣
⊢≻⋈∈⊤∋≻⋈∈⊥∋≻⋈∈⊥∋≻⋈∈⊥∋≻⋈∈⊥∋⊙⊡⊣
⊢≻⋈∈⊥∋≻⋈∈⊥∋≻⋈∈⊥∋⊙⊡⊣
⊢≻⋈∈⊥∋≻⋈∈⊥∋≻⋈∈⊥∋≻⋈∈⊤∋≻⋈∈⊥∋≻⋈∈⊥∋≻⋈∈⊥∋≻⋈∈⊤∋≻⋈∈⊤∋≻⋈∈⊤∋≻⋈∈⊥∋⊙⊡⊣
⊢≻⋈∈⊥∋≻⋈∈⊤∋≻⋈∈⊥∋≻⋈∈⊥∋≻⋈∈⊤∋≻⋈∈⊤∋≻⋈∈⊥∋≻⋈∈⊥∋≻⋈∈⊤∋≻⋈∈⊥∋≻⋈∈⊥∋⊙⊡⊣
⊢≻⋈∈⊤∋≻⋈∈⊤∋≻⋈∈⊤∋≻⋈∈⊤∋≻⋈∈⊥∋≻⋈∈⊥∋≻⋈∈⊤∋≻⋈∈⊤∋≻⋈∈⊤∋≻⋈∈⊥∋≻⋈∈⊥∋⊙⊡⊣
⊢≻⋈∈⊥∋≻⋈∈⊤∋≻⋈∈⊥∋≻⋈∈⊤∋≻⋈∈⊥∋≻⋈∈⊥∋≻⋈∈⊥∋⊙⊡⊣
⊢≻⋈∈⊤∋≻⋈∈⊤∋≻⋈∈⊥∋≻⋈∈⊥∋≻⋈∈⊥∋≻⋈∈⊥∋⊙⊡⊣
⊢≻⋈∈⊤∋≻⋈∈⊥∋≻⋈∈⊤∋≻⋈∈⊥∋⊙⊡⊣
⊢≻⋈∈⊤∋≻⋈∈⊥∋≻⋈∈⊥∋≻⋈∈⊤∋≻⋈∈⊤∋≻⋈∈⊥∋⊙⊡⊣
⊢≻⋈∈⊤∋≻⋈∈⊥∋≻⋈∈⊥∋≻⋈∈⊤∋≻⋈∈⊤∋≻⋈∈⊤∋≻⋈∈⊥∋⊙⊡⊣
⊢≻⋈∈⊥∋≻⋈∈⊤∋≻⋈∈⊤∋≻⋈∈⊤∋≻⋈∈⊥∋≻⋈∈⊥∋≻⋈∈⊤∋≻⋈∈⊥∋≻⋈∈⊥∋≻⋈∈⊥∋≻⋈∈⊥∋≻⋈∈⊤∋≻⋈∈⊤∋≻⋈∈⊥∋⊙⊡⊣
⊢≻⋈∈⊥∋≻⋈∈⊥∋≻⋈∈⊥∋≻⋈∈⊥∋≻⋈∈⊥∋⊙⊡⊣
⊢≻⋈∈⊥∋≻⋈∈⊥∋≻⋈∈⊥∋⊙⊡⊣
⊢≻⋈∈⊥∋≻⋈∈⊥∋≻⋈∈⊥∋≻⋈∈⊤∋≻⋈∈⊥∋≻⋈∈⊥∋≻⋈∈⊥∋≻⋈∈⊤∋≻⋈∈⊤∋≻⋈∈⊤∋≻⋈∈⊥∋⊙⊡⊣
⊢≻⋈∈⊥∋≻⋈∈⊤∋≻⋈∈⊥∋≻⋈∈⊥∋≻⋈∈⊤∋≻⋈∈⊤∋≻⋈∈⊥∋≻⋈∈⊥∋≻⋈∈⊤∋≻⋈∈⊥∋≻⋈∈⊥∋⊙⊡⊣
⊢≻⋈∈⊤∋≻⋈∈⊤∋≻⋈∈⊤∋≻⋈∈⊤∋≻⋈∈⊥∋≻⋈∈⊥∋≻⋈∈⊤∋≻⋈∈⊤∋≻⋈∈⊤∋≻⋈∈⊥∋≻⋈∈⊥∋⊙⊡⊣
⊢≻⋈∈⊥∋≻⋈∈⊤∋≻⋈∈⊥∋≻⋈∈⊤∋≻⋈∈⊥∋≻⋈∈⊥∋≻⋈∈⊥∋⊙⊡⊣
⊢≻⋈∈⊥∋≻⋈∈⊤∋≻⋈∈⊥∋≻⋈∈⊥∋≻⋈∈⊥∋≻⋈∈⊥∋⊙⊡⊣
⊢≻⋈∈⊤∋≻⋈∈⊥∋≻⋈∈⊤∋≻⋈∈⊥∋⊙⊡⊣
⊢≻⋈∈⊥∋≻⋈∈⊥∋≻⋈∈⊥∋≻⋈∈⊤∋≻⋈∈⊤∋≻⋈∈⊥∋⊙⊡⊣
⊢≻⋈∈⊤∋≻⋈∈⊤∋≻⋈∈⊤∋≻⋈∈⊥∋≻⋈∈⊤∋≻⋈∈⊤∋≻⋈∈⊥∋⊙⊡⊣
⊢≻⋈∈⊤∋≻⋈∈⊤∋≻⋈∈⊥∋≻⋈∈⊤∋≻⋈∈⊥∋≻⋈∈⊤∋≻⋈∈⊥∋≻⋈∈⊥∋≻⋈∈⊤∋≻⋈∈⊤∋≻⋈∈⊤∋≻⋈∈⊥∋≻⋈∈⊤∋≻⋈∈⊥∋⊙⊡⊣
⊢≻⋈∈⊥∋≻⋈∈⊥∋≻⋈∈⊥∋≻⋈∈⊥∋≻⋈∈⊥∋⊙⊡⊣
⊢≻⋈∈⊥∋≻⋈∈⊥∋≻⋈∈⊥∋⊙⊡⊣
⊢≻⋈∈⊥∋≻⋈∈⊥∋≻⋈∈⊥∋≻⋈∈⊤∋≻⋈∈⊥∋≻⋈∈⊥∋≻⋈∈⊥∋≻⋈∈⊤∋≻⋈∈⊤∋≻⋈∈⊤∋≻⋈∈⊥∋⊙⊡⊣
⊢≻⋈∈⊥∋≻⋈∈⊤∋≻⋈∈⊥∋≻⋈∈⊥∋≻⋈∈⊤∋≻⋈∈⊤∋≻⋈∈⊥∋≻⋈∈⊥∋≻⋈∈⊤∋≻⋈∈⊥∋≻⋈∈⊥∋⊙⊡⊣
⊢≻⋈∈⊤∋≻⋈∈⊤∋≻⋈∈⊤∋≻⋈∈⊤∋≻⋈∈⊤∋≻⋈∈⊥∋≻⋈∈⊥∋≻⋈∈⊤∋≻⋈∈⊤∋≻⋈∈⊥∋≻⋈∈⊥∋⊙⊡⊣
⊢≻⋈∈⊥∋≻⋈∈⊤∋≻⋈∈⊥∋≻⋈∈⊤∋≻⋈∈⊥∋≻⋈∈⊥∋≻⋈∈⊥∋⊙⊡⊣
⊢≻⋈∈⊥∋≻⋈∈⊤∋≻⋈∈⊥∋≻⋈∈⊥∋≻⋈∈⊥∋≻⋈∈⊥∋⊙⊡⊣
⊢≻⋈∈⊤∋≻⋈∈⊥∋≻⋈∈⊤∋≻⋈∈⊥∋⊙⊡⊣
⊢≻⋈∈⊥∋≻⋈∈⊥∋≻⋈∈⊥∋≻⋈∈⊤∋≻⋈∈⊤∋≻⋈∈⊥∋⊙⊡⊣
⊢≻⋈∈⊤∋≻⋈∈⊤∋≻⋈∈⊤∋≻⋈∈⊥∋≻⋈∈⊤∋≻⋈∈⊤∋≻⋈∈⊥∋⊙⊡⊣
⊢≻⋈∈⊤∋≻⋈∈⊤∋≻⋈∈⊥∋≻⋈∈⊤∋≻⋈∈⊥∋≻⋈∈⊤∋≻⋈∈⊥∋≻⋈∈⊥∋≻⋈∈⊤∋≻⋈∈⊤∋≻⋈∈⊤∋≻⋈∈⊥∋≻⋈∈⊤∋≻⋈∈⊥∋⊙⊡⊣
⊢≻⋈∈⊤∋≻⋈∈⊤∋≻⋈∈⊤∋≻⋈∈⊤∋≻⋈∈⊤∋≻⋈∈⊥∋⊙⊡⊣
⊢≻⋈∈⊥∋≻⋈∈⊥∋≻⋈∈⊥∋⊙⊡⊣
⊢≻⋈∈⊥∋≻⋈∈⊥∋≻⋈∈⊥∋≻⋈∈⊤∋≻⋈∈⊥∋≻⋈∈⊥∋≻⋈∈⊥∋≻⋈∈⊤∋≻⋈∈⊤∋≻⋈∈⊤∋≻⋈∈⊥∋⊙⊡⊣
⊢≻⋈∈⊥∋≻⋈∈⊤∋≻⋈∈⊥∋≻⋈∈⊥∋≻⋈∈⊤∋≻⋈∈⊤∋≻⋈∈⊥∋≻⋈∈⊥∋≻⋈∈⊤∋≻⋈∈⊥∋≻⋈∈⊥∋⊙⊡⊣
⊢≻⋈∈⊤∋≻⋈∈⊤∋≻⋈∈⊤∋≻⋈∈⊤∋≻⋈∈⊤∋≻⋈∈⊥∋≻⋈∈⊥∋≻⋈∈⊤∋≻⋈∈⊤∋≻⋈∈⊥∋≻⋈∈⊥∋⊙⊡⊣
⊢≻⋈∈⊥∋≻⋈∈⊤∋≻⋈∈⊥∋≻⋈∈⊤∋≻⋈∈⊥∋≻⋈∈⊥∋≻⋈∈⊥∋⊙⊡⊣
⊢≻⋈∈⊤∋≻⋈∈⊥∋≻⋈∈⊥∋≻⋈∈⊥∋≻⋈∈⊥∋≻⋈∈⊥∋⊙⊡⊣
⊢≻⋈∈⊤∋≻⋈∈⊥∋≻⋈∈⊤∋≻⋈∈⊥∋⊙⊡⊣
⊢≻⋈∈⊥∋≻⋈∈⊥∋≻⋈∈⊥∋≻⋈∈⊤∋≻⋈∈⊤∋≻⋈∈⊥∋⊙⊡⊣
⊢≻⋈∈⊥∋≻⋈∈⊤∋≻⋈∈⊤∋≻⋈∈⊥∋≻⋈∈⊤∋≻⋈∈⊤∋≻⋈∈⊥∋⊙⊡⊣
⊢≻⋈∈⊥∋≻⋈∈⊥∋≻⋈∈⊥∋≻⋈∈⊤∋≻⋈∈⊤∋≻⋈∈⊥∋≻⋈∈⊥∋≻⋈∈⊤∋≻⋈∈⊥∋≻⋈∈⊤∋≻⋈∈⊤∋≻⋈∈⊥∋≻⋈∈⊤∋≻⋈∈⊥∋⊙⊡⊣
⊢≻⋈∈⊤∋≻⋈∈⊤∋≻⋈∈⊤∋≻⋈∈⊤∋≻⋈∈⊤∋≻⋈∈⊥∋⊙⊡⊣
⊢≻⋈∈⊥∋≻⋈∈⊥∋≻⋈∈⊥∋⊙⊡⊣
⊢≻⋈∈⊥∋≻⋈∈⊥∋≻⋈∈⊥∋≻⋈∈⊤∋≻⋈∈⊥∋≻⋈∈⊥∋≻⋈∈⊥∋≻⋈∈⊤∋≻⋈∈⊤∋≻⋈∈⊤∋≻⋈∈⊥∋⊙⊡⊣
⊢≻⋈∈⊥∋≻⋈∈⊤∋≻⋈∈⊥∋≻⋈∈⊥∋≻⋈∈⊤∋≻⋈∈⊤∋≻⋈∈⊥∋≻⋈∈⊥∋≻⋈∈⊤∋≻⋈∈⊥∋≻⋈∈⊥∋⊙⊡⊣
⊢≻⋈∈⊤∋≻⋈∈⊤∋≻⋈∈⊤∋≻⋈∈⊤∋≻⋈∈⊤∋≻⋈∈⊥∋≻⋈∈⊥∋≻⋈∈⊤∋≻⋈∈⊤∋≻⋈∈⊥∋≻⋈∈⊥∋⊙⊡⊣
⊢≻⋈∈⊥∋≻⋈∈⊤∋≻⋈∈⊥∋≻⋈∈⊤∋≻⋈∈⊥∋≻⋈∈⊥∋≻⋈∈⊥∋⊙⊡⊣
⊢≻⋈∈⊥∋≻⋈∈⊥∋≻⋈∈⊥∋≻⋈∈⊥∋≻⋈∈⊥∋≻⋈∈⊥∋⊙⊡⊣
⊢≻⋈∈⊤∋≻⋈∈⊤∋≻⋈∈⊤∋≻⋈∈⊤∋≻⋈∈⊥∋⊙⊡⊣
⊢≻⋈∈⊤∋≻⋈∈⊤∋≻⋈∈⊤∋≻⋈∈⊤∋≻⋈∈⊤∋≻⋈∈⊥∋⊙⊡⊣
⊢≻⋈∈⊥∋≻⋈∈⊥∋≻⋈∈⊤∋≻⋈∈⊥∋≻⋈∈⊤∋≻⋈∈⊤∋≻⋈∈⊥∋⊙⊡⊣
⊢≻⋈∈⊤∋≻⋈∈⊥∋≻⋈∈⊤∋≻⋈∈⊥∋≻⋈∈⊤∋≻⋈∈⊤∋≻⋈∈⊤∋≻⋈∈⊥∋≻⋈∈⊤∋≻⋈∈⊥∋≻⋈∈⊤∋≻⋈∈⊥∋≻⋈∈⊤∋≻⋈∈⊥∋⊙⊡⊣
⊢≻⋈∈⊤∋≻⋈∈⊤∋≻⋈∈⊤∋≻⋈∈⊤∋≻⋈∈⊤∋≻⋈∈⊥∋⊙⊡⊣
⊢≻⋈∈⊥∋≻⋈∈⊥∋≻⋈∈⊥∋⊙⊡⊣
⊢≻⋈∈⊥∋≻⋈∈⊥∋≻⋈∈⊥∋≻⋈∈⊤∋≻⋈∈⊥∋≻⋈∈⊥∋≻⋈∈⊥∋≻⋈∈⊤∋≻⋈∈⊤∋≻⋈∈⊤∋≻⋈∈⊥∋⊙⊡⊣
⊢≻⋈∈⊥∋≻⋈∈⊤∋≻⋈∈⊥∋≻⋈∈⊥∋≻⋈∈⊤∋≻⋈∈⊤∋≻⋈∈⊥∋≻⋈∈⊥∋≻⋈∈⊤∋≻⋈∈⊥∋≻⋈∈⊥∋⊙⊡⊣
⊢≻⋈∈⊤∋≻⋈∈⊤∋≻⋈∈⊤∋≻⋈∈⊤∋≻⋈∈⊥∋≻⋈∈⊤∋≻⋈∈⊤∋≻⋈∈⊥∋≻⋈∈⊤∋≻⋈∈⊥∋≻⋈∈⊥∋⊙⊡⊣
⊢≻⋈∈⊥∋≻⋈∈⊤∋≻⋈∈⊥∋≻⋈∈⊤∋≻⋈∈⊥∋≻⋈∈⊥∋≻⋈∈⊥∋⊙⊡⊣
⊢≻⋈∈⊤∋≻⋈∈⊤∋≻⋈∈⊤∋≻⋈∈⊤∋≻⋈∈⊤∋≻⋈∈⊤∋≻⋈∈⊥∋⊙⊡⊣
⊢≻⋈∈⊤∋≻⋈∈⊤∋≻⋈∈⊤∋≻⋈∈⊤∋≻⋈∈⊥∋⊙⊡⊣
⊢≻⋈∈⊤∋≻⋈∈⊤∋≻⋈∈⊤∋≻⋈∈⊤∋≻⋈∈⊤∋≻⋈∈⊥∋⊙⊡⊣
⊢≻⋈∈⊤∋≻⋈∈⊤∋≻⋈∈⊥∋≻⋈∈⊥∋≻⋈∈⊤∋≻⋈∈⊤∋≻⋈∈⊥∋⊙⊡⊣
⊢≻⋈∈⊤∋≻⋈∈⊥∋≻⋈∈⊤∋≻⋈∈⊥∋≻⋈∈⊥∋≻⋈∈⊤∋≻⋈∈⊤∋≻⋈∈⊤∋≻⋈∈⊥∋≻⋈∈⊥∋≻⋈∈⊤∋≻⋈∈⊥∋≻⋈∈⊤∋≻⋈∈⊥∋⊙⊡⊣
⊢≻⋈∈⊥∋≻⋈∈⊤∋≻⋈∈⊤∋≻⋈∈⊤∋≻⋈∈⊤∋≻⋈∈⊥∋⊙⊡⊣
⊢≻⋈∈⊥∋≻⋈∈⊥∋≻⋈∈⊥∋⊙⊡⊣
⊢≻⋈∈⊥∋≻⋈∈⊥∋≻⋈∈⊥∋≻⋈∈⊤∋≻⋈∈⊥∋≻⋈∈⊥∋≻⋈∈⊥∋≻⋈∈⊤∋≻⋈∈⊤∋≻⋈∈⊤∋≻⋈∈⊥∋⊙⊡⊣
⊢≻⋈∈⊥∋≻⋈∈⊤∋≻⋈∈⊥∋≻⋈∈⊥∋≻⋈∈⊤∋≻⋈∈⊤∋≻⋈∈⊥∋≻⋈∈⊥∋≻⋈∈⊤∋≻⋈∈⊥∋≻⋈∈⊥∋⊙⊡⊣
⊢≻⋈∈⊤∋≻⋈∈⊤∋≻⋈∈⊤∋≻⋈∈⊤∋≻⋈∈⊥∋≻⋈∈⊤∋≻⋈∈⊤∋≻⋈∈⊥∋≻⋈∈⊤∋≻⋈∈⊥∋≻⋈∈⊥∋⊙⊡⊣
⊢≻⋈∈⊥∋≻⋈∈⊤∋≻⋈∈⊥∋≻⋈∈⊤∋≻⋈∈⊥∋≻⋈∈⊥∋≻⋈∈⊥∋⊙⊡⊣
⊢≻⋈∈⊥∋≻⋈∈⊤∋≻⋈∈⊤∋≻⋈∈⊤∋≻⋈∈⊤∋≻⋈∈⊤∋≻⋈∈⊥∋⊙⊡⊣
⊢≻⋈∈⊤∋≻⋈∈⊤∋≻⋈∈⊤∋≻⋈∈⊤∋≻⋈∈⊥∋⊙⊡⊣
⊢≻⋈∈⊥∋≻⋈∈⊤∋≻⋈∈⊤∋≻⋈∈⊤∋≻⋈∈⊤∋≻⋈∈⊥∋⊙⊡⊣
⊢≻⋈∈⊤∋≻⋈∈⊥∋≻⋈∈⊥∋≻⋈∈⊥∋≻⋈∈⊤∋≻⋈∈⊤∋≻⋈∈⊥∋⊙⊡⊣
⊢≻⋈∈⊥∋≻⋈∈⊤∋≻⋈∈⊥∋≻⋈∈⊥∋≻⋈∈⊥∋≻⋈∈⊥∋≻⋈∈⊤∋≻⋈∈⊤∋≻⋈∈⊤∋≻⋈∈⊤∋≻⋈∈⊥∋≻⋈∈⊥∋≻⋈∈⊤∋≻⋈∈⊥∋⊙⊡⊣
⊢≻⋈∈⊥∋≻⋈∈⊤∋≻⋈∈⊤∋≻⋈∈⊤∋≻⋈∈⊤∋≻⋈∈⊥∋⊙⊡⊣
⊢≻⋈∈⊥∋≻⋈∈⊥∋≻⋈∈⊥∋⊙⊡⊣
⊢≻⋈∈⊥∋≻⋈∈⊥∋≻⋈∈⊥∋≻⋈∈⊤∋≻⋈∈⊥∋≻⋈∈⊥∋≻⋈∈⊥∋≻⋈∈⊤∋≻⋈∈⊤∋≻⋈∈⊤∋≻⋈∈⊥∋⊙⊡⊣
⊢≻⋈∈⊥∋≻⋈∈⊤∋≻⋈∈⊥∋≻⋈∈⊥∋≻⋈∈⊤∋≻⋈∈⊤∋≻⋈∈⊥∋≻⋈∈⊥∋≻⋈∈⊤∋≻⋈∈⊥∋≻⋈∈⊥∋⊙⊡⊣
⊢≻⋈∈⊤∋≻⋈∈⊤∋≻⋈∈⊤∋≻⋈∈⊤∋≻⋈∈⊤∋≻⋈∈⊤∋≻⋈∈⊥∋≻⋈∈⊥∋≻⋈∈⊤∋≻⋈∈⊥∋≻⋈∈⊥∋⊙⊡⊣
⊢≻⋈∈⊥∋≻⋈∈⊤∋≻⋈∈⊥∋≻⋈∈⊤∋≻⋈∈⊥∋≻⋈∈⊥∋≻⋈∈⊥∋⊙⊡⊣
⊢≻⋈∈⊤∋≻⋈∈⊥∋≻⋈∈⊤∋≻⋈∈⊤∋≻⋈∈⊤∋≻⋈∈⊤∋≻⋈∈⊥∋⊙⊡⊣
⊢≻⋈∈⊤∋≻⋈∈⊤∋≻⋈∈⊤∋≻⋈∈⊤∋≻⋈∈⊥∋⊙⊡⊣
⊢≻⋈∈⊥∋≻⋈∈⊤∋≻⋈∈⊤∋≻⋈∈⊤∋≻⋈∈⊤∋≻⋈∈⊥∋⊙⊡⊣
⊢≻⋈∈⊥∋≻⋈∈⊥∋≻⋈∈⊥∋≻⋈∈⊥∋≻⋈∈⊤∋≻⋈∈⊤∋≻⋈∈⊥∋⊙⊡⊣
⊢≻⋈∈⊤∋≻⋈∈⊤∋≻⋈∈⊤∋≻⋈∈⊤∋≻⋈∈⊥∋≻⋈∈⊤∋≻⋈∈⊥∋≻⋈∈⊥∋≻⋈∈⊤∋≻⋈∈⊤∋≻⋈∈⊥∋≻⋈∈⊥∋≻⋈∈⊤∋≻⋈∈⊥∋⊙⊡⊣
⊢≻⋈∈⊤∋≻⋈∈⊥∋≻⋈∈⊤∋≻⋈∈⊤∋≻⋈∈⊤∋≻⋈∈⊥∋⊙⊡⊣
⊢≻⋈∈⊥∋≻⋈∈⊥∋≻⋈∈⊥∋⊙⊡⊣
⊢≻⋈∈⊥∋≻⋈∈⊥∋≻⋈∈⊥∋≻⋈∈⊤∋≻⋈∈⊥∋≻⋈∈⊥∋≻⋈∈⊥∋≻⋈∈⊤∋≻⋈∈⊤∋≻⋈∈⊤∋≻⋈∈⊥∋⊙⊡⊣
⊢≻⋈∈⊥∋≻⋈∈⊤∋≻⋈∈⊥∋≻⋈∈⊥∋≻⋈∈⊤∋≻⋈∈⊤∋≻⋈∈⊥∋≻⋈∈⊥∋≻⋈∈⊤∋≻⋈∈⊥∋≻⋈∈⊥∋⊙⊡⊣
⊢≻⋈∈⊤∋≻⋈∈⊤∋≻⋈∈⊤∋≻⋈∈⊤∋≻⋈∈⊤∋≻⋈∈⊤∋≻⋈∈⊥∋≻⋈∈⊥∋≻⋈∈⊤∋≻⋈∈⊥∋≻⋈∈⊥∋⊙⊡⊣
⊢≻⋈∈⊥∋≻⋈∈⊤∋≻⋈∈⊥∋≻⋈∈⊤∋≻⋈∈⊥∋≻⋈∈⊥∋≻⋈∈⊥∋⊙⊡⊣
⊢≻⋈∈⊥∋≻⋈∈⊥∋≻⋈∈⊤∋≻⋈∈⊤∋≻⋈∈⊤∋≻⋈∈⊤∋≻⋈∈⊥∋⊙⊡⊣
⊢≻⋈∈⊥∋≻⋈∈⊥∋≻⋈∈⊤∋≻⋈∈⊥∋⊙⊡⊣
⊢≻⋈∈⊥∋≻⋈∈⊤∋≻⋈∈⊥∋≻⋈∈⊤∋≻⋈∈⊤∋≻⋈∈⊥∋⊙⊡⊣
⊢≻⋈∈⊥∋≻⋈∈⊤∋≻⋈∈⊤∋≻⋈∈⊤∋≻⋈∈⊥∋≻⋈∈⊤∋≻⋈∈⊥∋⊙⊡⊣
⊢≻⋈∈⊥∋≻⋈∈⊥∋≻⋈∈⊤∋≻⋈∈⊤∋≻⋈∈⊥∋≻⋈∈⊥∋≻⋈∈⊥∋≻⋈∈⊥∋≻⋈∈⊥∋≻⋈∈⊤∋≻⋈∈⊥∋≻⋈∈⊥∋≻⋈∈⊤∋≻⋈∈⊥∋⊙⊡⊣
⊢≻⋈∈⊤∋≻⋈∈⊥∋≻⋈∈⊤∋≻⋈∈⊤∋≻⋈∈⊤∋≻⋈∈⊥∋⊙⊡⊣
⊢≻⋈∈⊥∋≻⋈∈⊥∋≻⋈∈⊥∋⊙⊡⊣
⊢≻⋈∈⊥∋≻⋈∈⊥∋≻⋈∈⊥∋≻⋈∈⊤∋≻⋈∈⊥∋≻⋈∈⊥∋≻⋈∈⊥∋≻⋈∈⊤∋≻⋈∈⊤∋≻⋈∈⊤∋≻⋈∈⊥∋⊙⊡⊣
⊢≻⋈∈⊥∋≻⋈∈⊤∋≻⋈∈⊥∋≻⋈∈⊥∋≻⋈∈⊤∋≻⋈∈⊤∋≻⋈∈⊥∋≻⋈∈⊥∋≻⋈∈⊤∋≻⋈∈⊥∋≻⋈∈⊥∋⊙⊡⊣
⊢≻⋈∈⊤∋≻⋈∈⊤∋≻⋈∈⊤∋≻⋈∈⊤∋≻⋈∈⊥∋≻⋈∈⊥∋≻⋈∈⊥∋≻⋈∈⊥∋≻⋈∈⊤∋≻⋈∈⊥∋≻⋈∈⊥∋⊙⊡⊣
⊢≻⋈∈⊥∋≻⋈∈⊤∋≻⋈∈⊥∋≻⋈∈⊤∋≻⋈∈⊥∋≻⋈∈⊥∋≻⋈∈⊥∋⊙⊡⊣
⊢≻⋈∈⊤∋≻⋈∈⊤∋≻⋈∈⊥∋≻⋈∈⊤∋≻⋈∈⊤∋≻⋈∈⊤∋≻⋈∈⊥∋⊙⊡⊣
⊢≻⋈∈⊥∋≻⋈∈⊥∋≻⋈∈⊤∋≻⋈∈⊥∋⊙⊡⊣
⊢≻⋈∈⊥∋≻⋈∈⊤∋≻⋈∈⊥∋≻⋈∈⊤∋≻⋈∈⊤∋≻⋈∈⊥∋⊙⊡⊣
⊢≻⋈∈⊤∋≻⋈∈⊥∋≻⋈∈⊤∋≻⋈∈⊤∋≻⋈∈⊥∋≻⋈∈⊤∋≻⋈∈⊥∋⊙⊡⊣
⊢≻⋈∈⊥∋≻⋈∈⊥∋≻⋈∈⊤∋≻⋈∈⊤∋≻⋈∈⊤∋≻⋈∈⊤∋≻⋈∈⊤∋≻⋈∈⊥∋≻⋈∈⊤∋≻⋈∈⊥∋≻⋈∈⊥∋≻⋈∈⊥∋≻⋈∈⊤∋≻⋈∈⊥∋⊙⊡⊣
⊢≻⋈∈⊥∋≻⋈∈⊥∋≻⋈∈⊤∋≻⋈∈⊤∋≻⋈∈⊤∋≻⋈∈⊥∋⊙⊡⊣
⊢≻⋈∈⊥∋≻⋈∈⊥∋≻⋈∈⊥∋⊙⊡⊣
⊢≻⋈∈⊥∋≻⋈∈⊥∋≻⋈∈⊥∋≻⋈∈⊤∋≻⋈∈⊥∋≻⋈∈⊥∋≻⋈∈⊥∋≻⋈∈⊤∋≻⋈∈⊤∋≻⋈∈⊤∋≻⋈∈⊥∋⊙⊡⊣
⊢≻⋈∈⊥∋≻⋈∈⊤∋≻⋈∈⊥∋≻⋈∈⊥∋≻⋈∈⊤∋≻⋈∈⊤∋≻⋈∈⊥∋≻⋈∈⊥∋≻⋈∈⊤∋≻⋈∈⊥∋≻⋈∈⊥∋⊙⊡⊣
⊢≻⋈∈⊤∋≻⋈∈⊤∋≻⋈∈⊤∋≻⋈∈⊤∋≻⋈∈⊥∋≻⋈∈⊥∋≻⋈∈⊥∋≻⋈∈⊥∋≻⋈∈⊤∋≻⋈∈⊥∋≻⋈∈⊥∋⊙⊡⊣
⊢≻⋈∈⊥∋≻⋈∈⊤∋≻⋈∈⊥∋≻⋈∈⊤∋≻⋈∈⊥∋≻⋈∈⊥∋≻⋈∈⊥∋⊙⊡⊣
⊢≻⋈∈⊥∋≻⋈∈⊤∋≻⋈∈⊥∋≻⋈∈⊤∋≻⋈∈⊤∋≻⋈∈⊤∋≻⋈∈⊥∋⊙⊡⊣
⊢≻⋈∈⊥∋≻⋈∈⊥∋≻⋈∈⊤∋≻⋈∈⊥∋⊙⊡⊣
⊢≻⋈∈⊤∋≻⋈∈⊥∋≻⋈∈⊥∋≻⋈∈⊤∋≻⋈∈⊤∋≻⋈∈⊥∋⊙⊡⊣
⊢≻⋈∈⊤∋≻⋈∈⊤∋≻⋈∈⊥∋≻⋈∈⊤∋≻⋈∈⊥∋≻⋈∈⊤∋≻⋈∈⊥∋⊙⊡⊣
⊢≻⋈∈⊤∋≻⋈∈⊥∋≻⋈∈⊥∋≻⋈∈⊤∋≻⋈∈⊤∋≻⋈∈⊥∋≻⋈∈⊤∋≻⋈∈⊥∋≻⋈∈⊥∋≻⋈∈⊥∋≻⋈∈⊥∋≻⋈∈⊥∋≻⋈∈⊤∋≻⋈∈⊥∋⊙⊡⊣
⊢≻⋈∈⊥∋≻⋈∈⊥∋≻⋈∈⊤∋≻⋈∈⊤∋≻⋈∈⊤∋≻⋈∈⊥∋⊙⊡⊣
⊢≻⋈∈⊥∋≻⋈∈⊥∋≻⋈∈⊥∋⊙⊡⊣
⊢≻⋈∈⊥∋≻⋈∈⊥∋≻⋈∈⊥∋≻⋈∈⊤∋≻⋈∈⊥∋≻⋈∈⊥∋≻⋈∈⊥∋≻⋈∈⊤∋≻⋈∈⊤∋≻⋈∈⊤∋≻⋈∈⊥∋⊙⊡⊣
⊢≻⋈∈⊥∋≻⋈∈⊤∋≻⋈∈⊥∋≻⋈∈⊥∋≻⋈∈⊤∋≻⋈∈⊤∋≻⋈∈⊥∋≻⋈∈⊥∋≻⋈∈⊤∋≻⋈∈⊥∋≻⋈∈⊥∋⊙⊡⊣
⊢≻⋈∈⊤∋≻⋈∈⊤∋≻⋈∈⊤∋≻⋈∈⊤∋≻⋈∈⊤∋≻⋈∈⊥∋≻⋈∈⊤∋≻⋈∈⊤∋≻⋈∈⊥∋≻⋈∈⊥∋≻⋈∈⊥∋⊙⊡⊣
⊢≻⋈∈⊥∋≻⋈∈⊤∋≻⋈∈⊥∋≻⋈∈⊤∋≻⋈∈⊥∋≻⋈∈⊥∋≻⋈∈⊥∋⊙⊡⊣
⊢≻⋈∈⊤∋≻⋈∈⊥∋≻⋈∈⊥∋≻⋈∈⊤∋≻⋈∈⊤∋≻⋈∈⊤∋≻⋈∈⊥∋⊙⊡⊣
⊢≻⋈∈⊥∋≻⋈∈⊥∋≻⋈∈⊤∋≻⋈∈⊥∋⊙⊡⊣
⊢≻⋈∈⊤∋≻⋈∈⊥∋≻⋈∈⊥∋≻⋈∈⊤∋≻⋈∈⊤∋≻⋈∈⊥∋⊙⊡⊣
⊢≻⋈∈⊥∋≻⋈∈⊤∋≻⋈∈⊥∋≻⋈∈⊤∋≻⋈∈⊥∋≻⋈∈⊤∋≻⋈∈⊥∋⊙⊡⊣
⊢≻⋈∈⊥∋≻⋈∈⊤∋≻⋈∈⊤∋≻⋈∈⊥∋≻⋈∈⊥∋≻⋈∈⊥∋≻⋈∈⊤∋≻⋈∈⊤∋≻⋈∈⊤∋≻⋈∈⊤∋≻⋈∈⊤∋≻⋈∈⊤∋≻⋈∈⊥∋≻⋈∈⊥∋⊙⊡⊣
⊢≻⋈∈⊤∋≻⋈∈⊤∋≻⋈∈⊥∋≻⋈∈⊤∋≻⋈∈⊤∋≻⋈∈⊥∋⊙⊡⊣
⊢≻⋈∈⊥∋≻⋈∈⊤∋≻⋈∈⊤∋≻⋈∈⊥∋⊙⊡⊣
⊢≻⋈∈⊥∋≻⋈∈⊥∋≻⋈∈⊥∋≻⋈∈⊤∋≻⋈∈⊥∋≻⋈∈⊥∋≻⋈∈⊥∋≻⋈∈⊤∋≻⋈∈⊤∋≻⋈∈⊤∋≻⋈∈⊥∋⊙⊡⊣
⊢≻⋈∈⊥∋≻⋈∈⊤∋≻⋈∈⊥∋≻⋈∈⊥∋≻⋈∈⊤∋≻⋈∈⊤∋≻⋈∈⊥∋≻⋈∈⊥∋≻⋈∈⊤∋≻⋈∈⊥∋≻⋈∈⊥∋⊙⊡⊣
⊢≻⋈∈⊤∋≻⋈∈⊤∋≻⋈∈⊤∋≻⋈∈⊤∋≻⋈∈⊤∋≻⋈∈⊥∋≻⋈∈⊤∋≻⋈∈⊤∋≻⋈∈⊥∋≻⋈∈⊥∋≻⋈∈⊥∋⊙⊡⊣
⊢≻⋈∈⊥∋≻⋈∈⊤∋≻⋈∈⊥∋≻⋈∈⊤∋≻⋈∈⊥∋≻⋈∈⊥∋≻⋈∈⊥∋⊙⊡⊣
⊢≻⋈∈⊥∋≻⋈∈⊥∋≻⋈∈⊥∋≻⋈∈⊤∋≻⋈∈⊤∋≻⋈∈⊤∋≻⋈∈⊥∋⊙⊡⊣
⊢≻⋈∈⊥∋≻⋈∈⊥∋≻⋈∈⊥∋≻⋈∈⊥∋⊙⊡⊣
⊢≻⋈∈⊥∋≻⋈∈⊤∋≻⋈∈⊤∋≻⋈∈⊤∋≻⋈∈⊤∋≻⋈∈⊥∋⊙⊡⊣
⊢≻⋈∈⊥∋≻⋈∈⊥∋≻⋈∈⊥∋≻⋈∈⊤∋≻⋈∈⊥∋≻⋈∈⊤∋≻⋈∈⊥∋⊙⊡⊣
⊢≻⋈∈⊤∋≻⋈∈⊤∋≻⋈∈⊥∋≻⋈∈⊥∋≻⋈∈⊥∋≻⋈∈⊤∋≻⋈∈⊥∋≻⋈∈⊤∋≻⋈∈⊥∋≻⋈∈⊤∋≻⋈∈⊤∋≻⋈∈⊤∋≻⋈∈⊥∋≻⋈∈⊥∋⊙⊡⊣
⊢≻⋈∈⊤∋≻⋈∈⊤∋≻⋈∈⊥∋≻⋈∈⊤∋≻⋈∈⊤∋≻⋈∈⊥∋⊙⊡⊣
⊢≻⋈∈⊥∋≻⋈∈⊤∋≻⋈∈⊤∋≻⋈∈⊥∋⊙⊡⊣
⊢≻⋈∈⊥∋≻⋈∈⊥∋≻⋈∈⊥∋≻⋈∈⊤∋≻⋈∈⊥∋≻⋈∈⊥∋≻⋈∈⊥∋≻⋈∈⊤∋≻⋈∈⊤∋≻⋈∈⊤∋≻⋈∈⊥∋⊙⊡⊣
⊢≻⋈∈⊥∋≻⋈∈⊤∋≻⋈∈⊥∋≻⋈∈⊥∋≻⋈∈⊤∋≻⋈∈⊤∋≻⋈∈⊥∋≻⋈∈⊥∋≻⋈∈⊤∋≻⋈∈⊥∋≻⋈∈⊥∋⊙⊡⊣
⊢≻⋈∈⊤∋≻⋈∈⊤∋≻⋈∈⊤∋≻⋈∈⊤∋≻⋈∈⊥∋≻⋈∈⊤∋≻⋈∈⊥∋≻⋈∈⊤∋≻⋈∈⊥∋≻⋈∈⊥∋≻⋈∈⊥∋⊙⊡⊣
⊢≻⋈∈⊥∋≻⋈∈⊤∋≻⋈∈⊥∋≻⋈∈⊤∋≻⋈∈⊥∋≻⋈∈⊥∋≻⋈∈⊥∋⊙⊡⊣
⊢≻⋈∈⊤∋≻⋈∈⊤∋≻⋈∈⊤∋≻⋈∈⊥∋≻⋈∈⊤∋≻⋈∈⊤∋≻⋈∈⊥∋⊙⊡⊣
⊢≻⋈∈⊥∋≻⋈∈⊥∋≻⋈∈⊥∋≻⋈∈⊥∋⊙⊡⊣
⊢≻⋈∈⊥∋≻⋈∈⊤∋≻⋈∈⊤∋≻⋈∈⊤∋≻⋈∈⊤∋≻⋈∈⊥∋⊙⊡⊣
⊢≻⋈∈⊤∋≻⋈∈⊤∋≻⋈∈⊤∋≻⋈∈⊥∋≻⋈∈⊥∋≻⋈∈⊤∋≻⋈∈⊥∋⊙⊡⊣
⊢≻⋈∈⊤∋≻⋈∈⊤∋≻⋈∈⊥∋≻⋈∈⊥∋≻⋈∈⊤∋≻⋈∈⊥∋≻⋈∈⊥∋≻⋈∈⊥∋≻⋈∈⊥∋≻⋈∈⊤∋≻⋈∈⊤∋≻⋈∈⊤∋≻⋈∈⊥∋≻⋈∈⊥∋⊙⊡⊣
⊢≻⋈∈⊥∋≻⋈∈⊤∋≻⋈∈⊥∋≻⋈∈⊤∋≻⋈∈⊤∋≻⋈∈⊥∋⊙⊡⊣
⊢≻⋈∈⊥∋≻⋈∈⊤∋≻⋈∈⊤∋≻⋈∈⊥∋⊙⊡⊣
⊢≻⋈∈⊥∋≻⋈∈⊥∋≻⋈∈⊥∋≻⋈∈⊤∋≻⋈∈⊥∋≻⋈∈⊥∋≻⋈∈⊥∋≻⋈∈⊤∋≻⋈∈⊤∋≻⋈∈⊤∋≻⋈∈⊥∋⊙⊡⊣
⊢≻⋈∈⊥∋≻⋈∈⊤∋≻⋈∈⊥∋≻⋈∈⊥∋≻⋈∈⊤∋≻⋈∈⊤∋≻⋈∈⊥∋≻⋈∈⊥∋≻⋈∈⊤∋≻⋈∈⊥∋≻⋈∈⊥∋⊙⊡⊣
⊢≻⋈∈⊤∋≻⋈∈⊤∋≻⋈∈⊤∋≻⋈∈⊤∋≻⋈∈⊥∋≻⋈∈⊤∋≻⋈∈⊥∋≻⋈∈⊤∋≻⋈∈⊥∋≻⋈∈⊥∋≻⋈∈⊥∋⊙⊡⊣
⊢≻⋈∈⊥∋≻⋈∈⊤∋≻⋈∈⊥∋≻⋈∈⊤∋≻⋈∈⊥∋≻⋈∈⊥∋≻⋈∈⊥∋⊙⊡⊣
⊢≻⋈∈⊥∋≻⋈∈⊤∋≻⋈∈⊤∋≻⋈∈⊥∋≻⋈∈⊤∋≻⋈∈⊤∋≻⋈∈⊥∋⊙⊡⊣
⊢≻⋈∈⊥∋≻⋈∈⊥∋≻⋈∈⊥∋≻⋈∈⊥∋⊙⊡⊣
⊢≻⋈∈⊤∋≻⋈∈⊥∋≻⋈∈⊤∋≻⋈∈⊤∋≻⋈∈⊤∋≻⋈∈⊥∋⊙⊡⊣
⊢≻⋈∈⊤∋≻⋈∈⊥∋≻⋈∈⊤∋≻⋈∈⊥∋≻⋈∈⊥∋≻⋈∈⊤∋≻⋈∈⊥∋⊙⊡⊣
⊢≻⋈∈⊥∋≻⋈∈⊥∋≻⋈∈⊥∋≻⋈∈⊥∋≻⋈∈⊤∋≻⋈∈⊤∋≻⋈∈⊤∋≻⋈∈⊤∋≻⋈∈⊥∋≻⋈∈⊥∋≻⋈∈⊤∋≻⋈∈⊤∋≻⋈∈⊥∋≻⋈∈⊥∋⊙⊡⊣
⊢≻⋈∈⊥∋≻⋈∈⊤∋≻⋈∈⊥∋≻⋈∈⊤∋≻⋈∈⊤∋≻⋈∈⊥∋⊙⊡⊣
⊢≻⋈∈⊥∋≻⋈∈⊤∋≻⋈∈⊤∋≻⋈∈⊥∋⊙⊡⊣
⊢≻⋈∈⊥∋≻⋈∈⊥∋≻⋈∈⊥∋≻⋈∈⊤∋≻⋈∈⊥∋≻⋈∈⊥∋≻⋈∈⊥∋≻⋈∈⊤∋≻⋈∈⊤∋≻⋈∈⊤∋≻⋈∈⊥∋⊙⊡⊣
⊢≻⋈∈⊥∋≻⋈∈⊤∋≻⋈∈⊥∋≻⋈∈⊥∋≻⋈∈⊤∋≻⋈∈⊤∋≻⋈∈⊥∋≻⋈∈⊥∋≻⋈∈⊤∋≻⋈∈⊥∋≻⋈∈⊥∋⊙⊡⊣
⊢≻⋈∈⊤∋≻⋈∈⊤∋≻⋈∈⊤∋≻⋈∈⊤∋≻⋈∈⊤∋≻⋈∈⊤∋≻⋈∈⊤∋≻⋈∈⊥∋≻⋈∈⊥∋≻⋈∈⊥∋≻⋈∈⊥∋⊙⊡⊣
⊢≻⋈∈⊥∋≻⋈∈⊤∋≻⋈∈⊥∋≻⋈∈⊤∋≻⋈∈⊥∋≻⋈∈⊥∋≻⋈∈⊥∋⊙⊡⊣
⊢≻⋈∈⊤∋≻⋈∈⊥∋≻⋈∈⊤∋≻⋈∈⊥∋≻⋈∈⊤∋≻⋈∈⊤∋≻⋈∈⊥∋⊙⊡⊣
⊢≻⋈∈⊥∋≻⋈∈⊥∋≻⋈∈⊥∋≻⋈∈⊥∋⊙⊡⊣
⊢≻⋈∈⊤∋≻⋈∈⊥∋≻⋈∈⊤∋≻⋈∈⊤∋≻⋈∈⊤∋≻⋈∈⊥∋⊙⊡⊣
⊢≻⋈∈⊥∋≻⋈∈⊥∋≻⋈∈⊤∋≻⋈∈⊥∋≻⋈∈⊥∋≻⋈∈⊤∋≻⋈∈⊥∋⊙⊡⊣
⊢≻⋈∈⊤∋≻⋈∈⊥∋≻⋈∈⊤∋≻⋈∈⊤∋≻⋈∈⊤∋≻⋈∈⊥∋≻⋈∈⊤∋≻⋈∈⊥∋≻⋈∈⊥∋≻⋈∈⊥∋≻⋈∈⊤∋≻⋈∈⊤∋≻⋈∈⊥∋≻⋈∈⊥∋⊙⊡⊣
⊢≻⋈∈⊤∋≻⋈∈⊥∋≻⋈∈⊥∋≻⋈∈⊤∋≻⋈∈⊤∋≻⋈∈⊥∋⊙⊡⊣
⊢≻⋈∈⊤∋≻⋈∈⊥∋≻⋈∈⊤∋≻⋈∈⊥∋⊙⊡⊣
⊢≻⋈∈⊥∋≻⋈∈⊥∋≻⋈∈⊥∋≻⋈∈⊤∋≻⋈∈⊥∋≻⋈∈⊥∋≻⋈∈⊥∋≻⋈∈⊤∋≻⋈∈⊤∋≻⋈∈⊤∋≻⋈∈⊥∋⊙⊡⊣
⊢≻⋈∈⊥∋≻⋈∈⊤∋≻⋈∈⊥∋≻⋈∈⊥∋≻⋈∈⊤∋≻⋈∈⊤∋≻⋈∈⊥∋≻⋈∈⊥∋≻⋈∈⊤∋≻⋈∈⊥∋≻⋈∈⊥∋⊙⊡⊣
⊢≻⋈∈⊤∋≻⋈∈⊤∋≻⋈∈⊤∋≻⋈∈⊤∋≻⋈∈⊤∋≻⋈∈⊤∋≻⋈∈⊤∋≻⋈∈⊥∋≻⋈∈⊥∋≻⋈∈⊥∋≻⋈∈⊥∋⊙⊡⊣
⊢≻⋈∈⊥∋≻⋈∈⊤∋≻⋈∈⊥∋≻⋈∈⊤∋≻⋈∈⊥∋≻⋈∈⊥∋≻⋈∈⊥∋⊙⊡⊣
⊢≻⋈∈⊥∋≻⋈∈⊥∋≻⋈∈⊤∋≻⋈∈⊥∋≻⋈∈⊤∋≻⋈∈⊤∋≻⋈∈⊥∋⊙⊡⊣
⊢≻⋈∈⊤∋≻⋈∈⊤∋≻⋈∈⊥∋≻⋈∈⊥∋⊙⊡⊣
⊢≻⋈∈⊤∋≻⋈∈⊤∋≻⋈∈⊥∋≻⋈∈⊤∋≻⋈∈⊤∋≻⋈∈⊥∋⊙⊡⊣
⊢≻⋈∈⊥∋≻⋈∈⊤∋≻⋈∈⊥∋≻⋈∈⊥∋≻⋈∈⊥∋≻⋈∈⊤∋≻⋈∈⊥∋⊙⊡⊣
⊢≻⋈∈⊥∋≻⋈∈⊤∋≻⋈∈⊥∋≻⋈∈⊤∋≻⋈∈⊤∋≻⋈∈⊤∋≻⋈∈⊥∋≻⋈∈⊥∋≻⋈∈⊤∋≻⋈∈⊤∋≻⋈∈⊥∋≻⋈∈⊤∋≻⋈∈⊥∋≻⋈∈⊥∋⊙⊡⊣
⊢≻⋈∈⊤∋≻⋈∈⊥∋≻⋈∈⊥∋≻⋈∈⊤∋≻⋈∈⊤∋≻⋈∈⊥∋⊙⊡⊣
⊢≻⋈∈⊤∋≻⋈∈⊥∋≻⋈∈⊤∋≻⋈∈⊥∋⊙⊡⊣
⊢≻⋈∈⊥∋≻⋈∈⊥∋≻⋈∈⊥∋≻⋈∈⊤∋≻⋈∈⊥∋≻⋈∈⊥∋≻⋈∈⊥∋≻⋈∈⊤∋≻⋈∈⊤∋≻⋈∈⊤∋≻⋈∈⊥∋⊙⊡⊣
⊢≻⋈∈⊥∋≻⋈∈⊤∋≻⋈∈⊥∋≻⋈∈⊥∋≻⋈∈⊤∋≻⋈∈⊤∋≻⋈∈⊥∋≻⋈∈⊥∋≻⋈∈⊤∋≻⋈∈⊥∋≻⋈∈⊥∋⊙⊡⊣
⊢≻⋈∈⊤∋≻⋈∈⊤∋≻⋈∈⊤∋≻⋈∈⊤∋≻⋈∈⊥∋≻⋈∈⊥∋≻⋈∈⊤∋≻⋈∈⊥∋≻⋈∈⊥∋≻⋈∈⊥∋≻⋈∈⊥∋⊙⊡⊣
⊢≻⋈∈⊥∋≻⋈∈⊤∋≻⋈∈⊥∋≻⋈∈⊤∋≻⋈∈⊥∋≻⋈∈⊥∋≻⋈∈⊥∋⊙⊡⊣
⊢≻⋈∈⊤∋≻⋈∈⊤∋≻⋈∈⊥∋≻⋈∈⊥∋≻⋈∈⊤∋≻⋈∈⊤∋≻⋈∈⊥∋⊙⊡⊣
⊢≻⋈∈⊤∋≻⋈∈⊤∋≻⋈∈⊥∋≻⋈∈⊥∋⊙⊡⊣
⊢≻⋈∈⊤∋≻⋈∈⊤∋≻⋈∈⊥∋≻⋈∈⊤∋≻⋈∈⊤∋≻⋈∈⊥∋⊙⊡⊣
⊢≻⋈∈⊤∋≻⋈∈⊥∋≻⋈∈⊥∋≻⋈∈⊥∋≻⋈∈⊥∋≻⋈∈⊤∋≻⋈∈⊥∋⊙⊡⊣
⊢≻⋈∈⊥∋≻⋈∈⊤∋≻⋈∈⊥∋≻⋈∈⊤∋≻⋈∈⊥∋≻⋈∈⊤∋≻⋈∈⊥∋≻⋈∈⊤∋≻⋈∈⊥∋≻⋈∈⊤∋≻⋈∈⊥∋≻⋈∈⊤∋≻⋈∈⊥∋≻⋈∈⊥∋⊙⊡⊣
⊢≻⋈∈⊥∋≻⋈∈⊥∋≻⋈∈⊥∋≻⋈∈⊤∋≻⋈∈⊤∋≻⋈∈⊥∋⊙⊡⊣
⊢≻⋈∈⊥∋≻⋈∈⊥∋≻⋈∈⊤∋≻⋈∈⊥∋⊙⊡⊣
⊢≻⋈∈⊥∋≻⋈∈⊥∋≻⋈∈⊥∋≻⋈∈⊤∋≻⋈∈⊥∋≻⋈∈⊥∋≻⋈∈⊥∋≻⋈∈⊤∋≻⋈∈⊤∋≻⋈∈⊤∋≻⋈∈⊥∋⊙⊡⊣
⊢≻⋈∈⊥∋≻⋈∈⊤∋≻⋈∈⊥∋≻⋈∈⊥∋≻⋈∈⊤∋≻⋈∈⊤∋≻⋈∈⊥∋≻⋈∈⊥∋≻⋈∈⊤∋≻⋈∈⊥∋≻⋈∈⊥∋⊙⊡⊣
⊢≻⋈∈⊤∋≻⋈∈⊤∋≻⋈∈⊤∋≻⋈∈⊤∋≻⋈∈⊥∋≻⋈∈⊥∋≻⋈∈⊤∋≻⋈∈⊥∋≻⋈∈⊥∋≻⋈∈⊥∋≻⋈∈⊥∋⊙⊡⊣
⊢≻⋈∈⊥∋≻⋈∈⊤∋≻⋈∈⊥∋≻⋈∈⊤∋≻⋈∈⊥∋≻⋈∈⊥∋≻⋈∈⊥∋⊙⊡⊣
⊢≻⋈∈⊥∋≻⋈∈⊤∋≻⋈∈⊥∋≻⋈∈⊥∋≻⋈∈⊤∋≻⋈∈⊤∋≻⋈∈⊥∋⊙⊡⊣
⊢≻⋈∈⊤∋≻⋈∈⊤∋≻⋈∈⊥∋≻⋈∈⊥∋⊙⊡⊣
⊢≻⋈∈⊥∋≻⋈∈⊤∋≻⋈∈⊥∋≻⋈∈⊤∋≻⋈∈⊤∋≻⋈∈⊥∋⊙⊡⊣
⊢≻⋈∈⊤∋≻⋈∈⊤∋≻⋈∈⊤∋≻⋈∈⊤∋≻⋈∈⊤∋≻⋈∈⊥∋≻⋈∈⊥∋⊙⊡⊣
⊢≻⋈∈⊤∋≻⋈∈⊤∋≻⋈∈⊤∋≻⋈∈⊥∋≻⋈∈⊥∋≻⋈∈⊥∋≻⋈∈⊥∋≻⋈∈⊤∋≻⋈∈⊤∋≻⋈∈⊥∋≻⋈∈⊥∋≻⋈∈⊤∋≻⋈∈⊥∋≻⋈∈⊥∋⊙⊡⊣
⊢≻⋈∈⊥∋≻⋈∈⊥∋≻⋈∈⊥∋≻⋈∈⊤∋≻⋈∈⊤∋≻⋈∈⊥∋⊙⊡⊣
⊢≻⋈∈⊥∋≻⋈∈⊥∋≻⋈∈⊤∋≻⋈∈⊥∋⊙⊡⊣
⊢≻⋈∈⊥∋≻⋈∈⊥∋≻⋈∈⊥∋≻⋈∈⊤∋≻⋈∈⊥∋≻⋈∈⊥∋≻⋈∈⊥∋≻⋈∈⊤∋≻⋈∈⊤∋≻⋈∈⊤∋≻⋈∈⊥∋⊙⊡⊣
⊢≻⋈∈⊥∋≻⋈∈⊤∋≻⋈∈⊥∋≻⋈∈⊥∋≻⋈∈⊤∋≻⋈∈⊤∋≻⋈∈⊥∋≻⋈∈⊥∋≻⋈∈⊤∋≻⋈∈⊥∋≻⋈∈⊥∋⊙⊡⊣
⊢≻⋈∈⊤∋≻⋈∈⊤∋≻⋈∈⊤∋≻⋈∈⊤∋≻⋈∈⊤∋≻⋈∈⊥∋≻⋈∈⊥∋≻⋈∈⊥∋≻⋈∈⊥∋≻⋈∈⊥∋≻⋈∈⊥∋⊙⊡⊣
⊢≻⋈∈⊥∋≻⋈∈⊤∋≻⋈∈⊥∋≻⋈∈⊤∋≻⋈∈⊥∋≻⋈∈⊥∋≻⋈∈⊥∋⊙⊡⊣
⊢≻⋈∈⊤∋≻⋈∈⊥∋≻⋈∈⊥∋≻⋈∈⊥∋≻⋈∈⊤∋≻⋈∈⊤∋≻⋈∈⊥∋⊙⊡⊣
⊢≻⋈∈⊤∋≻⋈∈⊤∋≻⋈∈⊥∋≻⋈∈⊥∋⊙⊡⊣
⊢≻⋈∈⊥∋≻⋈∈⊤∋≻⋈∈⊥∋≻⋈∈⊤∋≻⋈∈⊤∋≻⋈∈⊥∋⊙⊡⊣
⊢≻⋈∈⊥∋≻⋈∈⊤∋≻⋈∈⊤∋≻⋈∈⊤∋≻⋈∈⊤∋≻⋈∈⊥∋≻⋈∈⊥∋⊙⊡⊣
⊢≻⋈∈⊥∋≻⋈∈⊥∋≻⋈∈⊤∋≻⋈∈⊥∋≻⋈∈⊤∋≻⋈∈⊤∋≻⋈∈⊤∋≻⋈∈⊤∋≻⋈∈⊥∋≻⋈∈⊥∋≻⋈∈⊥∋≻⋈∈⊤∋≻⋈∈⊥∋≻⋈∈⊥∋⊙⊡⊣
⊢≻⋈∈⊤∋≻⋈∈⊤∋≻⋈∈⊤∋≻⋈∈⊥∋≻⋈∈⊤∋≻⋈∈⊥∋⊙⊡⊣
⊢≻⋈∈⊥∋≻⋈∈⊥∋≻⋈∈⊤∋≻⋈∈⊥∋⊙⊡⊣
⊢≻⋈∈⊥∋≻⋈∈⊥∋≻⋈∈⊥∋≻⋈∈⊤∋≻⋈∈⊥∋≻⋈∈⊥∋≻⋈∈⊥∋≻⋈∈⊤∋≻⋈∈⊤∋≻⋈∈⊤∋≻⋈∈⊥∋⊙⊡⊣
⊢≻⋈∈⊥∋≻⋈∈⊤∋≻⋈∈⊥∋≻⋈∈⊥∋≻⋈∈⊤∋≻⋈∈⊤∋≻⋈∈⊥∋≻⋈∈⊥∋≻⋈∈⊤∋≻⋈∈⊥∋≻⋈∈⊥∋⊙⊡⊣
⊢≻⋈∈⊤∋≻⋈∈⊤∋≻⋈∈⊤∋≻⋈∈⊤∋≻⋈∈⊤∋≻⋈∈⊥∋≻⋈∈⊥∋≻⋈∈⊥∋≻⋈∈⊥∋≻⋈∈⊥∋≻⋈∈⊥∋⊙⊡⊣
⊢≻⋈∈⊥∋≻⋈∈⊤∋≻⋈∈⊥∋≻⋈∈⊤∋≻⋈∈⊥∋≻⋈∈⊥∋≻⋈∈⊥∋⊙⊡⊣
⊢≻⋈∈⊤∋≻⋈∈⊥∋≻⋈∈⊥∋≻⋈∈⊥∋≻⋈∈⊤∋≻⋈∈⊤∋≻⋈∈⊥∋⊙⊡⊣
⊢≻⋈∈⊤∋≻⋈∈⊤∋≻⋈∈⊥∋≻⋈∈⊥∋⊙⊡⊣
⊢≻⋈∈⊥∋≻⋈∈⊤∋≻⋈∈⊥∋≻⋈∈⊤∋≻⋈∈⊤∋≻⋈∈⊥∋⊙⊡⊣
⊢≻⋈∈⊥∋≻⋈∈⊤∋≻⋈∈⊤∋≻⋈∈⊤∋≻⋈∈⊤∋≻⋈∈⊥∋≻⋈∈⊥∋⊙⊡⊣
⊢≻⋈∈⊥∋≻⋈∈⊥∋≻⋈∈⊤∋≻⋈∈⊥∋≻⋈∈⊤∋≻⋈∈⊤∋≻⋈∈⊤∋≻⋈∈⊤∋≻⋈∈⊥∋≻⋈∈⊥∋≻⋈∈⊥∋≻⋈∈⊤∋≻⋈∈⊥∋≻⋈∈⊥∋⊙⊡⊣
⊢≻⋈∈⊤∋≻⋈∈⊤∋≻⋈∈⊤∋≻⋈∈⊥∋≻⋈∈⊤∋≻⋈∈⊥∋⊙⊡⊣
⊢≻⋈∈⊥∋≻⋈∈⊥∋≻⋈∈⊤∋≻⋈∈⊥∋⊙⊡⊣
⊢≻⋈∈⊥∋≻⋈∈⊥∋≻⋈∈⊥∋≻⋈∈⊤∋≻⋈∈⊥∋≻⋈∈⊥∋≻⋈∈⊥∋≻⋈∈⊤∋≻⋈∈⊤∋≻⋈∈⊤∋≻⋈∈⊥∋⊙⊡⊣
⊢≻⋈∈⊥∋≻⋈∈⊤∋≻⋈∈⊥∋≻⋈∈⊥∋≻⋈∈⊤∋≻⋈∈⊤∋≻⋈∈⊥∋≻⋈∈⊥∋≻⋈∈⊤∋≻⋈∈⊥∋≻⋈∈⊥∋⊙⊡⊣
⊢≻⋈∈⊤∋≻⋈∈⊤∋≻⋈∈⊤∋≻⋈∈⊤∋≻⋈∈⊤∋≻⋈∈⊤∋≻⋈∈⊤∋≻⋈∈⊤∋≻⋈∈⊤∋≻⋈∈⊤∋≻⋈∈⊤∋≻⋈∈⊥∋⊙⊡⊣
⊢≻⋈∈⊥∋≻⋈∈⊤∋≻⋈∈⊥∋≻⋈∈⊤∋≻⋈∈⊥∋≻⋈∈⊥∋≻⋈∈⊥∋⊙⊡⊣
⊢≻⋈∈⊥∋≻⋈∈⊥∋≻⋈∈⊥∋≻⋈∈⊥∋≻⋈∈⊤∋≻⋈∈⊤∋≻⋈∈⊥∋⊙⊡⊣
⊢≻⋈∈⊤∋≻⋈∈⊥∋≻⋈∈⊥∋≻⋈∈⊥∋⊙⊡⊣
⊢≻⋈∈⊤∋≻⋈∈⊥∋≻⋈∈⊤∋≻⋈∈⊤∋≻⋈∈⊤∋≻⋈∈⊥∋⊙⊡⊣
⊢≻⋈∈⊥∋≻⋈∈⊥∋≻⋈∈⊤∋≻⋈∈⊤∋≻⋈∈⊤∋≻⋈∈⊥∋≻⋈∈⊥∋⊙⊡⊣
⊢≻⋈∈⊤∋≻⋈∈⊥∋≻⋈∈⊥∋≻⋈∈⊥∋≻⋈∈⊤∋≻⋈∈⊥∋≻⋈∈⊤∋≻⋈∈⊤∋≻⋈∈⊤∋≻⋈∈⊤∋≻⋈∈⊤∋≻⋈∈⊥∋≻⋈∈⊥∋≻⋈∈⊥∋⊙⊡⊣
⊢≻⋈∈⊤∋≻⋈∈⊤∋≻⋈∈⊤∋≻⋈∈⊥∋≻⋈∈⊤∋≻⋈∈⊥∋⊙⊡⊣
⊢≻⋈∈⊥∋≻⋈∈⊥∋≻⋈∈⊤∋≻⋈∈⊥∋⊙⊡⊣
⊢≻⋈∈⊥∋≻⋈∈⊥∋≻⋈∈⊥∋≻⋈∈⊤∋≻⋈∈⊥∋≻⋈∈⊥∋≻⋈∈⊥∋≻⋈∈⊤∋≻⋈∈⊤∋≻⋈∈⊤∋≻⋈∈⊥∋⊙⊡⊣
⊢≻⋈∈⊥∋≻⋈∈⊤∋≻⋈∈⊥∋≻⋈∈⊥∋≻⋈∈⊤∋≻⋈∈⊤∋≻⋈∈⊥∋≻⋈∈⊥∋≻⋈∈⊤∋≻⋈∈⊥∋≻⋈∈⊥∋⊙⊡⊣
⊢≻⋈∈⊤∋≻⋈∈⊤∋≻⋈∈⊤∋≻⋈∈⊤∋≻⋈∈⊥∋≻⋈∈⊤∋≻⋈∈⊤∋≻⋈∈⊤∋≻⋈∈⊤∋≻⋈∈⊤∋≻⋈∈⊤∋≻⋈∈⊥∋⊙⊡⊣
⊢≻⋈∈⊥∋≻⋈∈⊤∋≻⋈∈⊥∋≻⋈∈⊤∋≻⋈∈⊥∋≻⋈∈⊥∋≻⋈∈⊥∋⊙⊡⊣
⊢≻⋈∈⊤∋≻⋈∈⊤∋≻⋈∈⊤∋≻⋈∈⊤∋≻⋈∈⊥∋≻⋈∈⊤∋≻⋈∈⊥∋⊙⊡⊣
⊢≻⋈∈⊤∋≻⋈∈⊥∋≻⋈∈⊥∋≻⋈∈⊥∋⊙⊡⊣
⊢≻⋈∈⊤∋≻⋈∈⊥∋≻⋈∈⊤∋≻⋈∈⊤∋≻⋈∈⊤∋≻⋈∈⊥∋⊙⊡⊣
⊢≻⋈∈⊤∋≻⋈∈⊤∋≻⋈∈⊥∋≻⋈∈⊤∋≻⋈∈⊤∋≻⋈∈⊥∋≻⋈∈⊥∋⊙⊡⊣
⊢≻⋈∈⊤∋≻⋈∈⊥∋≻⋈∈⊥∋≻⋈∈⊥∋≻⋈∈⊥∋≻⋈∈⊥∋≻⋈∈⊤∋≻⋈∈⊥∋≻⋈∈⊤∋≻⋈∈⊤∋≻⋈∈⊤∋≻⋈∈⊥∋≻⋈∈⊥∋≻⋈∈⊥∋⊙⊡⊣
⊢≻⋈∈⊥∋≻⋈∈⊤∋≻⋈∈⊤∋≻⋈∈⊥∋≻⋈∈⊤∋≻⋈∈⊥∋⊙⊡⊣
⊢≻⋈∈⊥∋≻⋈∈⊥∋≻⋈∈⊤∋≻⋈∈⊥∋⊙⊡⊣
⊢≻⋈∈⊥∋≻⋈∈⊥∋≻⋈∈⊥∋≻⋈∈⊤∋≻⋈∈⊥∋≻⋈∈⊥∋≻⋈∈⊥∋≻⋈∈⊤∋≻⋈∈⊤∋≻⋈∈⊤∋≻⋈∈⊥∋⊙⊡⊣
⊢≻⋈∈⊥∋≻⋈∈⊤∋≻⋈∈⊥∋≻⋈∈⊥∋≻⋈∈⊤∋≻⋈∈⊤∋≻⋈∈⊥∋≻⋈∈⊥∋≻⋈∈⊤∋≻⋈∈⊥∋≻⋈∈⊥∋⊙⊡⊣
⊢≻⋈∈⊤∋≻⋈∈⊤∋≻⋈∈⊤∋≻⋈∈⊤∋≻⋈∈⊥∋≻⋈∈⊤∋≻⋈∈⊤∋≻⋈∈⊤∋≻⋈∈⊤∋≻⋈∈⊤∋≻⋈∈⊤∋≻⋈∈⊥∋⊙⊡⊣
⊢≻⋈∈⊥∋≻⋈∈⊤∋≻⋈∈⊥∋≻⋈∈⊤∋≻⋈∈⊥∋≻⋈∈⊥∋≻⋈∈⊥∋⊙⊡⊣
⊢≻⋈∈⊥∋≻⋈∈⊤∋≻⋈∈⊤∋≻⋈∈⊤∋≻⋈∈⊥∋≻⋈∈⊤∋≻⋈∈⊥∋⊙⊡⊣
⊢≻⋈∈⊤∋≻⋈∈⊥∋≻⋈∈⊥∋≻⋈∈⊥∋⊙⊡⊣
⊢≻⋈∈⊥∋≻⋈∈⊥∋≻⋈∈⊤∋≻⋈∈⊤∋≻⋈∈⊤∋≻⋈∈⊥∋⊙⊡⊣
⊢≻⋈∈⊤∋≻⋈∈⊥∋≻⋈∈⊥∋≻⋈∈⊤∋≻⋈∈⊤∋≻⋈∈⊥∋≻⋈∈⊥∋⊙⊡⊣
⊢≻⋈∈⊥∋≻⋈∈⊤∋≻⋈∈⊤∋≻⋈∈⊤∋≻⋈∈⊤∋≻⋈∈⊥∋≻⋈∈⊥∋≻⋈∈⊥∋≻⋈∈⊥∋≻⋈∈⊤∋≻⋈∈⊤∋≻⋈∈⊥∋≻⋈∈⊥∋≻⋈∈⊥∋⊙⊡⊣
⊢≻⋈∈⊥∋≻⋈∈⊤∋≻⋈∈⊤∋≻⋈∈⊥∋≻⋈∈⊤∋≻⋈∈⊥∋⊙⊡⊣
⊢≻⋈∈⊥∋≻⋈∈⊥∋≻⋈∈⊤∋≻⋈∈⊥∋⊙⊡⊣
⊢≻⋈∈⊥∋≻⋈∈⊥∋≻⋈∈⊥∋≻⋈∈⊤∋≻⋈∈⊥∋≻⋈∈⊥∋≻⋈∈⊥∋≻⋈∈⊤∋≻⋈∈⊤∋≻⋈∈⊤∋≻⋈∈⊥∋⊙⊡⊣
⊢≻⋈∈⊥∋≻⋈∈⊤∋≻⋈∈⊥∋≻⋈∈⊥∋≻⋈∈⊤∋≻⋈∈⊤∋≻⋈∈⊥∋≻⋈∈⊥∋≻⋈∈⊤∋≻⋈∈⊥∋≻⋈∈⊥∋⊙⊡⊣
⊢≻⋈∈⊤∋≻⋈∈⊤∋≻⋈∈⊤∋≻⋈∈⊤∋≻⋈∈⊤∋≻⋈∈⊤∋≻⋈∈⊥∋≻⋈∈⊤∋≻⋈∈⊤∋≻⋈∈⊤∋≻⋈∈⊤∋≻⋈∈⊥∋⊙⊡⊣
⊢≻⋈∈⊥∋≻⋈∈⊤∋≻⋈∈⊥∋≻⋈∈⊤∋≻⋈∈⊥∋≻⋈∈⊥∋≻⋈∈⊥∋⊙⊡⊣
⊢≻⋈∈⊤∋≻⋈∈⊥∋≻⋈∈⊤∋≻⋈∈⊤∋≻⋈∈⊥∋≻⋈∈⊤∋≻⋈∈⊥∋⊙⊡⊣
⊢≻⋈∈⊤∋≻⋈∈⊥∋≻⋈∈⊥∋≻⋈∈⊥∋⊙⊡⊣
⊢≻⋈∈⊥∋≻⋈∈⊥∋≻⋈∈⊤∋≻⋈∈⊤∋≻⋈∈⊤∋≻⋈∈⊥∋⊙⊡⊣
⊢≻⋈∈⊥∋≻⋈∈⊥∋≻⋈∈⊥∋≻⋈∈⊤∋≻⋈∈⊤∋≻⋈∈⊥∋≻⋈∈⊥∋⊙⊡⊣
⊢≻⋈∈⊤∋≻⋈∈⊤∋≻⋈∈⊥∋≻⋈∈⊤∋≻⋈∈⊥∋≻⋈∈⊥∋≻⋈∈⊥∋≻⋈∈⊤∋≻⋈∈⊤∋≻⋈∈⊥∋≻⋈∈⊤∋≻⋈∈⊥∋≻⋈∈⊥∋≻⋈∈⊥∋⊙⊡⊣
⊢≻⋈∈⊤∋≻⋈∈⊥∋≻⋈∈⊤∋≻⋈∈⊥∋≻⋈∈⊤∋≻⋈∈⊥∋⊙⊡⊣
⊢≻⋈∈⊥∋≻⋈∈⊥∋≻⋈∈⊤∋≻⋈∈⊥∋⊙⊡⊣
⊢≻⋈∈⊥∋≻⋈∈⊥∋≻⋈∈⊥∋≻⋈∈⊤∋≻⋈∈⊥∋≻⋈∈⊥∋≻⋈∈⊥∋≻⋈∈⊤∋≻⋈∈⊤∋≻⋈∈⊤∋≻⋈∈⊥∋⊙⊡⊣
⊢≻⋈∈⊥∋≻⋈∈⊤∋≻⋈∈⊥∋≻⋈∈⊥∋≻⋈∈⊤∋≻⋈∈⊤∋≻⋈∈⊥∋≻⋈∈⊥∋≻⋈∈⊤∋≻⋈∈⊥∋≻⋈∈⊥∋⊙⊡⊣
⊢≻⋈∈⊤∋≻⋈∈⊤∋≻⋈∈⊤∋≻⋈∈⊤∋≻⋈∈⊤∋≻⋈∈⊤∋≻⋈∈⊥∋≻⋈∈⊤∋≻⋈∈⊤∋≻⋈∈⊤∋≻⋈∈⊤∋≻⋈∈⊥∋⊙⊡⊣
⊢≻⋈∈⊥∋≻⋈∈⊤∋≻⋈∈⊥∋≻⋈∈⊤∋≻⋈∈⊥∋≻⋈∈⊥∋≻⋈∈⊥∋⊙⊡⊣
⊢≻⋈∈⊥∋≻⋈∈⊥∋≻⋈∈⊤∋≻⋈∈⊤∋≻⋈∈⊥∋≻⋈∈⊤∋≻⋈∈⊥∋⊙⊡⊣
⊢≻⋈∈⊥∋≻⋈∈⊤∋≻⋈∈⊥∋≻⋈∈⊥∋⊙⊡⊣
⊢≻⋈∈⊥∋≻⋈∈⊥∋≻⋈∈⊤∋≻⋈∈⊤∋≻⋈∈⊤∋≻⋈∈⊥∋⊙⊡⊣
⊢≻⋈∈⊥∋≻⋈∈⊤∋≻⋈∈⊤∋≻⋈∈⊥∋≻⋈∈⊤∋≻⋈∈⊥∋≻⋈∈⊥∋⊙⊡⊣
⊢≻⋈∈⊥∋≻⋈∈⊥∋≻⋈∈⊥∋≻⋈∈⊤∋≻⋈∈⊥∋≻⋈∈⊤∋≻⋈∈⊤∋≻⋈∈⊥∋≻⋈∈⊥∋≻⋈∈⊥∋≻⋈∈⊤∋≻⋈∈⊥∋≻⋈∈⊥∋≻⋈∈⊥∋⊙⊡⊣
⊢≻⋈∈⊤∋≻⋈∈⊥∋≻⋈∈⊤∋≻⋈∈⊥∋≻⋈∈⊤∋≻⋈∈⊥∋⊙⊡⊣
⊢≻⋈∈⊥∋≻⋈∈⊥∋≻⋈∈⊤∋≻⋈∈⊥∋⊙⊡⊣
⊢≻⋈∈⊥∋≻⋈∈⊥∋≻⋈∈⊥∋≻⋈∈⊤∋≻⋈∈⊥∋≻⋈∈⊥∋≻⋈∈⊥∋≻⋈∈⊤∋≻⋈∈⊤∋≻⋈∈⊤∋≻⋈∈⊥∋⊙⊡⊣
⊢≻⋈∈⊥∋≻⋈∈⊤∋≻⋈∈⊥∋≻⋈∈⊥∋≻⋈∈⊤∋≻⋈∈⊤∋≻⋈∈⊥∋≻⋈∈⊥∋≻⋈∈⊤∋≻⋈∈⊥∋≻⋈∈⊥∋⊙⊡⊣
⊢≻⋈∈⊤∋≻⋈∈⊤∋≻⋈∈⊤∋≻⋈∈⊤∋≻⋈∈⊥∋≻⋈∈⊥∋≻⋈∈⊥∋≻⋈∈⊤∋≻⋈∈⊤∋≻⋈∈⊤∋≻⋈∈⊤∋≻⋈∈⊥∋⊙⊡⊣
⊢≻⋈∈⊥∋≻⋈∈⊤∋≻⋈∈⊥∋≻⋈∈⊤∋≻⋈∈⊥∋≻⋈∈⊥∋≻⋈∈⊥∋⊙⊡⊣
⊢≻⋈∈⊤∋≻⋈∈⊤∋≻⋈∈⊥∋≻⋈∈⊤∋≻⋈∈⊥∋≻⋈∈⊤∋≻⋈∈⊥∋⊙⊡⊣
⊢≻⋈∈⊥∋≻⋈∈⊤∋≻⋈∈⊥∋≻⋈∈⊥∋⊙⊡⊣
⊢≻⋈∈⊥∋≻⋈∈⊥∋≻⋈∈⊤∋≻⋈∈⊤∋≻⋈∈⊤∋≻⋈∈⊥∋⊙⊡⊣
⊢≻⋈∈⊤∋≻⋈∈⊥∋≻⋈∈⊤∋≻⋈∈⊥∋≻⋈∈⊤∋≻⋈∈⊥∋≻⋈∈⊥∋⊙⊡⊣
⊢≻⋈∈⊥∋≻⋈∈⊥∋≻⋈∈⊥∋≻⋈∈⊤∋≻⋈∈⊤∋≻⋈∈⊥∋≻⋈∈⊤∋≻⋈∈⊤∋≻⋈∈⊤∋≻⋈∈⊤∋≻⋈∈⊥∋≻⋈∈⊥∋≻⋈∈⊥∋≻⋈∈⊥∋⊙⊡⊣
⊢≻⋈∈⊥∋≻⋈∈⊥∋≻⋈∈⊤∋≻⋈∈⊥∋≻⋈∈⊤∋≻⋈∈⊥∋⊙⊡⊣
⊢≻⋈∈⊥∋≻⋈∈⊥∋≻⋈∈⊤∋≻⋈∈⊥∋⊙⊡⊣
⊢≻⋈∈⊥∋≻⋈∈⊥∋≻⋈∈⊥∋≻⋈∈⊤∋≻⋈∈⊥∋≻⋈∈⊥∋≻⋈∈⊥∋≻⋈∈⊤∋≻⋈∈⊤∋≻⋈∈⊤∋≻⋈∈⊥∋⊙⊡⊣
⊢≻⋈∈⊥∋≻⋈∈⊤∋≻⋈∈⊥∋≻⋈∈⊥∋≻⋈∈⊤∋≻⋈∈⊤∋≻⋈∈⊥∋≻⋈∈⊥∋≻⋈∈⊤∋≻⋈∈⊥∋≻⋈∈⊥∋⊙⊡⊣
⊢≻⋈∈⊤∋≻⋈∈⊤∋≻⋈∈⊤∋≻⋈∈⊤∋≻⋈∈⊥∋≻⋈∈⊥∋≻⋈∈⊥∋≻⋈∈⊤∋≻⋈∈⊤∋≻⋈∈⊤∋≻⋈∈⊤∋≻⋈∈⊥∋⊙⊡⊣
⊢≻⋈∈⊥∋≻⋈∈⊤∋≻⋈∈⊥∋≻⋈∈⊤∋≻⋈∈⊥∋≻⋈∈⊥∋≻⋈∈⊥∋⊙⊡⊣
⊢≻⋈∈⊥∋≻⋈∈⊤∋≻⋈∈⊥∋≻⋈∈⊤∋≻⋈∈⊥∋≻⋈∈⊤∋≻⋈∈⊥∋⊙⊡⊣
⊢≻⋈∈⊥∋≻⋈∈⊤∋≻⋈∈⊥∋≻⋈∈⊥∋⊙⊡⊣
⊢≻⋈∈⊤∋≻⋈∈⊤∋≻⋈∈⊥∋≻⋈∈⊤∋≻⋈∈⊤∋≻⋈∈⊥∋⊙⊡⊣
⊢≻⋈∈⊤∋≻⋈∈⊤∋≻⋈∈⊥∋≻⋈∈⊥∋≻⋈∈⊤∋≻⋈∈⊥∋≻⋈∈⊥∋⊙⊡⊣
⊢≻⋈∈⊤∋≻⋈∈⊥∋≻⋈∈⊤∋≻⋈∈⊥∋≻⋈∈⊤∋≻⋈∈⊤∋≻⋈∈⊥∋≻⋈∈⊤∋≻⋈∈⊥∋≻⋈∈⊤∋≻⋈∈⊥∋≻⋈∈⊥∋≻⋈∈⊥∋≻⋈∈⊥∋⊙⊡⊣
⊢≻⋈∈⊥∋≻⋈∈⊥∋≻⋈∈⊤∋≻⋈∈⊥∋≻⋈∈⊤∋≻⋈∈⊥∋⊙⊡⊣
⊢≻⋈∈⊥∋≻⋈∈⊥∋≻⋈∈⊤∋≻⋈∈⊥∋⊙⊡⊣
⊢≻⋈∈⊥∋≻⋈∈⊥∋≻⋈∈⊥∋≻⋈∈⊤∋≻⋈∈⊥∋≻⋈∈⊥∋≻⋈∈⊥∋≻⋈∈⊤∋≻⋈∈⊤∋≻⋈∈⊤∋≻⋈∈⊥∋⊙⊡⊣
⊢≻⋈∈⊥∋≻⋈∈⊤∋≻⋈∈⊥∋≻⋈∈⊥∋≻⋈∈⊤∋≻⋈∈⊤∋≻⋈∈⊥∋≻⋈∈⊥∋≻⋈∈⊤∋≻⋈∈⊥∋≻⋈∈⊥∋⊙⊡⊣
⊢≻⋈∈⊤∋≻⋈∈⊤∋≻⋈∈⊤∋≻⋈∈⊤∋≻⋈∈⊤∋≻⋈∈⊥∋≻⋈∈⊤∋≻⋈∈⊥∋≻⋈∈⊤∋≻⋈∈⊤∋≻⋈∈⊤∋≻⋈∈⊥∋⊙⊡⊣
⊢≻⋈∈⊥∋≻⋈∈⊤∋≻⋈∈⊥∋≻⋈∈⊤∋≻⋈∈⊥∋≻⋈∈⊥∋≻⋈∈⊥∋⊙⊡⊣
⊢≻⋈∈⊤∋≻⋈∈⊥∋≻⋈∈⊥∋≻⋈∈⊤∋≻⋈∈⊥∋≻⋈∈⊤∋≻⋈∈⊥∋⊙⊡⊣
⊢≻⋈∈⊥∋≻⋈∈⊤∋≻⋈∈⊥∋≻⋈∈⊥∋⊙⊡⊣
⊢≻⋈∈⊤∋≻⋈∈⊤∋≻⋈∈⊥∋≻⋈∈⊤∋≻⋈∈⊤∋≻⋈∈⊥∋⊙⊡⊣
⊢≻⋈∈⊥∋≻⋈∈⊤∋≻⋈∈⊥∋≻⋈∈⊥∋≻⋈∈⊤∋≻⋈∈⊥∋≻⋈∈⊥∋⊙⊡⊣
⊢≻⋈∈⊥∋≻⋈∈⊤∋≻⋈∈⊥∋≻⋈∈⊥∋≻⋈∈⊥∋≻⋈∈⊤∋≻⋈∈⊥∋≻⋈∈⊥∋≻⋈∈⊥∋≻⋈∈⊤∋≻⋈∈⊥∋≻⋈∈⊥∋≻⋈∈⊥∋≻⋈∈⊥∋⊙⊡⊣
⊢≻⋈∈⊤∋≻⋈∈⊤∋≻⋈∈⊥∋≻⋈∈⊥∋≻⋈∈⊤∋≻⋈∈⊥∋⊙⊡⊣
⊢≻⋈∈⊥∋≻⋈∈⊥∋≻⋈∈⊤∋≻⋈∈⊥∋⊙⊡⊣
⊢≻⋈∈⊥∋≻⋈∈⊥∋≻⋈∈⊥∋≻⋈∈⊤∋≻⋈∈⊥∋≻⋈∈⊥∋≻⋈∈⊥∋≻⋈∈⊤∋≻⋈∈⊤∋≻⋈∈⊤∋≻⋈∈⊥∋⊙⊡⊣
⊢≻⋈∈⊥∋≻⋈∈⊤∋≻⋈∈⊥∋≻⋈∈⊥∋≻⋈∈⊤∋≻⋈∈⊤∋≻⋈∈⊥∋≻⋈∈⊥∋≻⋈∈⊤∋≻⋈∈⊥∋≻⋈∈⊥∋⊙⊡⊣
⊢≻⋈∈⊤∋≻⋈∈⊤∋≻⋈∈⊤∋≻⋈∈⊤∋≻⋈∈⊤∋≻⋈∈⊥∋≻⋈∈⊤∋≻⋈∈⊥∋≻⋈∈⊤∋≻⋈∈⊤∋≻⋈∈⊤∋≻⋈∈⊥∋⊙⊡⊣
⊢≻⋈∈⊥∋≻⋈∈⊤∋≻⋈∈⊥∋≻⋈∈⊤∋≻⋈∈⊥∋≻⋈∈⊥∋≻⋈∈⊥∋⊙⊡⊣
⊢≻⋈∈⊥∋≻⋈∈⊥∋≻⋈∈⊥∋≻⋈∈⊤∋≻⋈∈⊥∋≻⋈∈⊤∋≻⋈∈⊥∋⊙⊡⊣
⊢≻⋈∈⊤∋≻⋈∈⊤∋≻⋈∈⊤∋≻⋈∈⊥∋≻⋈∈⊥∋⊙⊡⊣
⊢≻⋈∈⊤∋≻⋈∈⊤∋≻⋈∈⊤∋≻⋈∈⊥∋≻⋈∈⊥∋⊙⊡⊣
⊢≻⋈∈⊤∋≻⋈∈⊥∋≻⋈∈⊥∋≻⋈∈⊥∋≻⋈∈⊤∋≻⋈∈⊥∋≻⋈∈⊥∋⊙⊡⊣
⊢≻⋈∈⊤∋≻⋈∈⊤∋≻⋈∈⊤∋≻⋈∈⊤∋≻⋈∈⊥∋≻⋈∈⊥∋≻⋈∈⊥∋≻⋈∈⊤∋≻⋈∈⊤∋≻⋈∈⊥∋≻⋈∈⊥∋≻⋈∈⊥∋≻⋈∈⊥∋≻⋈∈⊥∋⊙⊡⊣
⊢≻⋈∈⊥∋≻⋈∈⊥∋≻⋈∈⊥∋≻⋈∈⊥∋≻⋈∈⊤∋≻⋈∈⊥∋⊙⊡⊣
⊢≻⋈∈⊤∋≻⋈∈⊤∋≻⋈∈⊥∋≻⋈∈⊥∋⊙⊡⊣
⊢≻⋈∈⊥∋≻⋈∈⊥∋≻⋈∈⊥∋≻⋈∈⊤∋≻⋈∈⊥∋≻⋈∈⊥∋≻⋈∈⊥∋≻⋈∈⊤∋≻⋈∈⊤∋≻⋈∈⊤∋≻⋈∈⊥∋⊙⊡⊣
⊢≻⋈∈⊥∋≻⋈∈⊤∋≻⋈∈⊥∋≻⋈∈⊥∋≻⋈∈⊤∋≻⋈∈⊤∋≻⋈∈⊥∋≻⋈∈⊥∋≻⋈∈⊤∋≻⋈∈⊥∋≻⋈∈⊥∋⊙⊡⊣
⊢≻⋈∈⊤∋≻⋈∈⊤∋≻⋈∈⊤∋≻⋈∈⊤∋≻⋈∈⊥∋≻⋈∈⊥∋≻⋈∈⊤∋≻⋈∈⊤∋≻⋈∈⊥∋≻⋈∈⊤∋≻⋈∈⊤∋≻⋈∈⊥∋⊙⊡⊣
⊢≻⋈∈⊥∋≻⋈∈⊤∋≻⋈∈⊥∋≻⋈∈⊤∋≻⋈∈⊥∋≻⋈∈⊥∋≻⋈∈⊥∋⊙⊡⊣
⊢≻⋈∈⊤∋≻⋈∈⊤∋≻⋈∈⊤∋≻⋈∈⊥∋≻⋈∈⊥∋≻⋈∈⊤∋≻⋈∈⊥∋⊙⊡⊣
⊢≻⋈∈⊤∋≻⋈∈⊤∋≻⋈∈⊤∋≻⋈∈⊥∋≻⋈∈⊥∋⊙⊡⊣
⊢≻⋈∈⊥∋≻⋈∈⊤∋≻⋈∈⊤∋≻⋈∈⊥∋≻⋈∈⊥∋⊙⊡⊣
⊢≻⋈∈⊥∋≻⋈∈⊥∋≻⋈∈⊥∋≻⋈∈⊥∋≻⋈∈⊤∋≻⋈∈⊥∋≻⋈∈⊥∋⊙⊡⊣
⊢≻⋈∈⊤∋≻⋈∈⊤∋≻⋈∈⊤∋≻⋈∈⊤∋≻⋈∈⊤∋≻⋈∈⊤∋≻⋈∈⊤∋≻⋈∈⊤∋≻⋈∈⊥∋≻⋈∈⊥∋≻⋈∈⊥∋≻⋈∈⊥∋≻⋈∈⊥∋≻⋈∈⊥∋⊙⊡⊣
⊢≻⋈∈⊤∋≻⋈∈⊤∋≻⋈∈⊤∋≻⋈∈⊤∋≻⋈∈⊥∋≻⋈∈⊥∋⊙⊡⊣
⊢≻⋈∈⊤∋≻⋈∈⊥∋≻⋈∈⊥∋≻⋈∈⊥∋⊙⊡⊣
⊢≻⋈∈⊥∋≻⋈∈⊥∋≻⋈∈⊥∋≻⋈∈⊤∋≻⋈∈⊥∋≻⋈∈⊥∋≻⋈∈⊥∋≻⋈∈⊤∋≻⋈∈⊤∋≻⋈∈⊤∋≻⋈∈⊥∋⊙⊡⊣
⊢≻⋈∈⊥∋≻⋈∈⊤∋≻⋈∈⊥∋≻⋈∈⊥∋≻⋈∈⊤∋≻⋈∈⊤∋≻⋈∈⊥∋≻⋈∈⊥∋≻⋈∈⊤∋≻⋈∈⊥∋≻⋈∈⊥∋⊙⊡⊣
⊢≻⋈∈⊤∋≻⋈∈⊤∋≻⋈∈⊤∋≻⋈∈⊤∋≻⋈∈⊤∋≻⋈∈⊥∋≻⋈∈⊥∋≻⋈∈⊤∋≻⋈∈⊥∋≻⋈∈⊤∋≻⋈∈⊤∋≻⋈∈⊥∋⊙⊡⊣
⊢≻⋈∈⊥∋≻⋈∈⊤∋≻⋈∈⊥∋≻⋈∈⊤∋≻⋈∈⊥∋≻⋈∈⊥∋≻⋈∈⊥∋⊙⊡⊣
⊢≻⋈∈⊥∋≻⋈∈⊤∋≻⋈∈⊤∋≻⋈∈⊥∋≻⋈∈⊥∋≻⋈∈⊤∋≻⋈∈⊥∋⊙⊡⊣
⊢≻⋈∈⊥∋≻⋈∈⊥∋⊙⊡⊣
⊢≻⋈∈⊥∋≻⋈∈⊤∋≻⋈∈⊥∋≻⋈∈⊥∋≻⋈∈⊤∋≻⋈∈⊥∋⊙⊡⊣
⊢≻⋈∈⊤∋≻⋈∈⊤∋≻⋈∈⊤∋≻⋈∈⊤∋≻⋈∈⊥∋≻⋈∈⊥∋≻⋈∈⊥∋⊙⊡⊣
⊢≻⋈∈⊥∋≻⋈∈⊥∋≻⋈∈⊤∋≻⋈∈⊤∋≻⋈∈⊥∋≻⋈∈⊤∋≻⋈∈⊤∋≻⋈∈⊥∋≻⋈∈⊥∋≻⋈∈⊥∋≻⋈∈⊥∋≻⋈∈⊥∋≻⋈∈⊥∋≻⋈∈⊥∋⊙⊡⊣
⊢≻⋈∈⊥∋≻⋈∈⊤∋≻⋈∈⊤∋≻⋈∈⊤∋≻⋈∈⊥∋≻⋈∈⊥∋⊙⊡⊣
⊢≻⋈∈⊤∋≻⋈∈⊥∋≻⋈∈⊥∋≻⋈∈⊥∋⊙⊡⊣
⊢≻⋈∈⊥∋≻⋈∈⊥∋≻⋈∈⊥∋≻⋈∈⊤∋≻⋈∈⊥∋≻⋈∈⊥∋≻⋈∈⊥∋≻⋈∈⊤∋≻⋈∈⊤∋≻⋈∈⊤∋≻⋈∈⊥∋⊙⊡⊣
⊢≻⋈∈⊥∋≻⋈∈⊤∋≻⋈∈⊥∋≻⋈∈⊥∋≻⋈∈⊤∋≻⋈∈⊤∋≻⋈∈⊥∋≻⋈∈⊥∋≻⋈∈⊤∋≻⋈∈⊥∋≻⋈∈⊥∋⊙⊡⊣
⊢≻⋈∈⊤∋≻⋈∈⊤∋≻⋈∈⊤∋≻⋈∈⊤∋≻⋈∈⊥∋≻⋈∈⊤∋≻⋈∈⊤∋≻⋈∈⊥∋≻⋈∈⊥∋≻⋈∈⊤∋≻⋈∈⊤∋≻⋈∈⊥∋⊙⊡⊣
⊢≻⋈∈⊥∋≻⋈∈⊤∋≻⋈∈⊥∋≻⋈∈⊤∋≻⋈∈⊥∋≻⋈∈⊥∋≻⋈∈⊥∋⊙⊡⊣
⊢≻⋈∈⊤∋≻⋈∈⊤∋≻⋈∈⊥∋≻⋈∈⊥∋≻⋈∈⊥∋≻⋈∈⊤∋≻⋈∈⊥∋⊙⊡⊣
⊢≻⋈∈⊤∋≻⋈∈⊤∋≻⋈∈⊥∋⊙⊡⊣
⊢≻⋈∈⊤∋≻⋈∈⊤∋≻⋈∈⊥∋≻⋈∈⊥∋≻⋈∈⊤∋≻⋈∈⊥∋⊙⊡⊣
⊢≻⋈∈⊥∋≻⋈∈⊤∋≻⋈∈⊤∋≻⋈∈⊤∋≻⋈∈⊥∋≻⋈∈⊥∋≻⋈∈⊥∋⊙⊡⊣
⊢≻⋈∈⊤∋≻⋈∈⊥∋≻⋈∈⊥∋≻⋈∈⊤∋≻⋈∈⊤∋≻⋈∈⊥∋≻⋈∈⊤∋≻⋈∈⊤∋≻⋈∈⊤∋≻⋈∈⊤∋≻⋈∈⊤∋≻⋈∈⊤∋≻⋈∈⊤∋≻⋈∈⊤∋≻⋈∈⊥∋⊙⊡⊣
⊢≻⋈∈⊥∋≻⋈∈⊤∋≻⋈∈⊥∋≻⋈∈⊤∋≻⋈∈⊥∋≻⋈∈⊥∋⊙⊡⊣
⊢≻⋈∈⊥∋≻⋈∈⊥∋≻⋈∈⊤∋≻⋈∈⊤∋≻⋈∈⊥∋⊙⊡⊣
⊢≻⋈∈⊥∋≻⋈∈⊥∋≻⋈∈⊥∋≻⋈∈⊤∋≻⋈∈⊥∋≻⋈∈⊥∋≻⋈∈⊥∋≻⋈∈⊤∋≻⋈∈⊤∋≻⋈∈⊤∋≻⋈∈⊥∋⊙⊡⊣
⊢≻⋈∈⊥∋≻⋈∈⊤∋≻⋈∈⊥∋≻⋈∈⊥∋≻⋈∈⊤∋≻⋈∈⊤∋≻⋈∈⊥∋≻⋈∈⊥∋≻⋈∈⊤∋≻⋈∈⊥∋≻⋈∈⊥∋⊙⊡⊣
⊢≻⋈∈⊤∋≻⋈∈⊤∋≻⋈∈⊤∋≻⋈∈⊤∋≻⋈∈⊥∋≻⋈∈⊤∋≻⋈∈⊥∋≻⋈∈⊤∋≻⋈∈⊤∋≻⋈∈⊥∋≻⋈∈⊤∋≻⋈∈⊥∋⊙⊡⊣
⊢≻⋈∈⊥∋≻⋈∈⊤∋≻⋈∈⊥∋≻⋈∈⊤∋≻⋈∈⊥∋≻⋈∈⊥∋≻⋈∈⊥∋⊙⊡⊣
⊢≻⋈∈⊥∋≻⋈∈⊥∋≻⋈∈⊥∋≻⋈∈⊥∋≻⋈∈⊥∋≻⋈∈⊤∋≻⋈∈⊥∋⊙⊡⊣
⊢≻⋈∈⊥∋≻⋈∈⊤∋≻⋈∈⊥∋⊙⊡⊣
⊢≻⋈∈⊥∋≻⋈∈⊥∋≻⋈∈⊤∋≻⋈∈⊥∋≻⋈∈⊤∋≻⋈∈⊥∋⊙⊡⊣
⊢≻⋈∈⊤∋≻⋈∈⊥∋≻⋈∈⊤∋≻⋈∈⊤∋≻⋈∈⊥∋≻⋈∈⊥∋≻⋈∈⊥∋⊙⊡⊣
⊢≻⋈∈⊥∋≻⋈∈⊤∋≻⋈∈⊤∋≻⋈∈⊥∋≻⋈∈⊥∋≻⋈∈⊥∋≻⋈∈⊤∋≻⋈∈⊥∋≻⋈∈⊤∋≻⋈∈⊤∋≻⋈∈⊤∋≻⋈∈⊤∋≻⋈∈⊤∋≻⋈∈⊤∋≻⋈∈⊥∋⊙⊡⊣
⊢≻⋈∈⊥∋≻⋈∈⊤∋≻⋈∈⊤∋≻⋈∈⊥∋≻⋈∈⊥∋≻⋈∈⊥∋⊙⊡⊣
⊢≻⋈∈⊥∋≻⋈∈⊥∋≻⋈∈⊥∋≻⋈∈⊤∋≻⋈∈⊥∋⊙⊡⊣
⊢≻⋈∈⊥∋≻⋈∈⊥∋≻⋈∈⊥∋≻⋈∈⊤∋≻⋈∈⊥∋≻⋈∈⊥∋≻⋈∈⊥∋≻⋈∈⊤∋≻⋈∈⊤∋≻⋈∈⊤∋≻⋈∈⊥∋⊙⊡⊣
⊢≻⋈∈⊥∋≻⋈∈⊤∋≻⋈∈⊥∋≻⋈∈⊥∋≻⋈∈⊤∋≻⋈∈⊤∋≻⋈∈⊥∋≻⋈∈⊥∋≻⋈∈⊤∋≻⋈∈⊥∋≻⋈∈⊥∋⊙⊡⊣
⊢≻⋈∈⊤∋≻⋈∈⊤∋≻⋈∈⊤∋≻⋈∈⊤∋≻⋈∈⊥∋≻⋈∈⊤∋≻⋈∈⊤∋≻⋈∈⊤∋≻⋈∈⊥∋≻⋈∈⊥∋≻⋈∈⊤∋≻⋈∈⊥∋⊙⊡⊣
⊢≻⋈∈⊥∋≻⋈∈⊥∋≻⋈∈⊥∋≻⋈∈⊤∋≻⋈∈⊥∋≻⋈∈⊥∋≻⋈∈⊥∋⊙⊡⊣
⊢≻⋈∈⊤∋≻⋈∈⊥∋≻⋈∈⊤∋≻⋈∈⊤∋≻⋈∈⊤∋≻⋈∈⊥∋≻⋈∈⊥∋⊙⊡⊣
⊢≻⋈∈⊤∋≻⋈∈⊥∋≻⋈∈⊥∋⊙⊡⊣
⊢≻⋈∈⊤∋≻⋈∈⊥∋≻⋈∈⊤∋≻⋈∈⊥∋≻⋈∈⊤∋≻⋈∈⊥∋⊙⊡⊣
⊢≻⋈∈⊥∋≻⋈∈⊥∋≻⋈∈⊤∋≻⋈∈⊤∋≻⋈∈⊥∋≻⋈∈⊥∋≻⋈∈⊥∋⊙⊡⊣
⊢≻⋈∈⊤∋≻⋈∈⊤∋≻⋈∈⊥∋≻⋈∈⊥∋≻⋈∈⊤∋≻⋈∈⊤∋≻⋈∈⊥∋≻⋈∈⊤∋≻⋈∈⊥∋≻⋈∈⊤∋≻⋈∈⊤∋≻⋈∈⊤∋≻⋈∈⊤∋≻⋈∈⊤∋≻⋈∈⊥∋⊙⊡⊣
⊢≻⋈∈⊥∋≻⋈∈⊤∋≻⋈∈⊥∋≻⋈∈⊥∋≻⋈∈⊥∋≻⋈∈⊥∋⊙⊡⊣
⊢≻⋈∈⊤∋≻⋈∈⊤∋≻⋈∈⊥∋≻⋈∈⊥∋≻⋈∈⊥∋⊙⊡⊣
⊢≻⋈∈⊥∋≻⋈∈⊥∋≻⋈∈⊥∋≻⋈∈⊤∋≻⋈∈⊥∋≻⋈∈⊥∋≻⋈∈⊥∋≻⋈∈⊤∋≻⋈∈⊤∋≻⋈∈⊤∋≻⋈∈⊥∋⊙⊡⊣
⊢≻⋈∈⊥∋≻⋈∈⊤∋≻⋈∈⊥∋≻⋈∈⊥∋≻⋈∈⊤∋≻⋈∈⊤∋≻⋈∈⊥∋≻⋈∈⊥∋≻⋈∈⊤∋≻⋈∈⊥∋≻⋈∈⊥∋⊙⊡⊣
⊢≻⋈∈⊤∋≻⋈∈⊤∋≻⋈∈⊤∋≻⋈∈⊤∋≻⋈∈⊥∋≻⋈∈⊤∋≻⋈∈⊥∋≻⋈∈⊥∋≻⋈∈⊥∋≻⋈∈⊥∋≻⋈∈⊤∋≻⋈∈⊥∋⊙⊡⊣
⊢≻⋈∈⊥∋≻⋈∈⊥∋≻⋈∈⊥∋≻⋈∈⊤∋≻⋈∈⊥∋≻⋈∈⊥∋≻⋈∈⊥∋⊙⊡⊣
⊢≻⋈∈⊥∋≻⋈∈⊥∋≻⋈∈⊤∋≻⋈∈⊤∋≻⋈∈⊤∋≻⋈∈⊥∋≻⋈∈⊥∋⊙⊡⊣
⊢≻⋈∈⊤∋≻⋈∈⊤∋≻⋈∈⊥∋≻⋈∈⊤∋≻⋈∈⊥∋⊙⊡⊣
⊢≻⋈∈⊤∋≻⋈∈⊤∋≻⋈∈⊥∋≻⋈∈⊥∋≻⋈∈⊥∋⊙⊡⊣
⊢≻⋈∈⊤∋≻⋈∈⊥∋≻⋈∈⊤∋≻⋈∈⊤∋≻⋈∈⊥∋≻⋈∈⊥∋≻⋈∈⊥∋⊙⊡⊣
⊢≻⋈∈⊤∋≻⋈∈⊤∋≻⋈∈⊥∋≻⋈∈⊥∋≻⋈∈⊥∋≻⋈∈⊥∋≻⋈∈⊤∋≻⋈∈⊥∋≻⋈∈⊤∋≻⋈∈⊤∋≻⋈∈⊤∋≻⋈∈⊤∋≻⋈∈⊤∋≻⋈∈⊤∋≻⋈∈⊥∋⊙⊡⊣
⊢≻⋈∈⊤∋≻⋈∈⊤∋≻⋈∈⊤∋≻⋈∈⊤∋≻⋈∈⊤∋≻⋈∈⊤∋≻⋈∈⊥∋⊙⊡⊣
⊢≻⋈∈⊤∋≻⋈∈⊥∋≻⋈∈⊥∋≻⋈∈⊥∋≻⋈∈⊥∋⊙⊡⊣
⊢≻⋈∈⊥∋≻⋈∈⊥∋≻⋈∈⊥∋≻⋈∈⊤∋≻⋈∈⊥∋≻⋈∈⊥∋≻⋈∈⊥∋≻⋈∈⊤∋≻⋈∈⊤∋≻⋈∈⊤∋≻⋈∈⊥∋⊙⊡⊣
⊢≻⋈∈⊥∋≻⋈∈⊤∋≻⋈∈⊥∋≻⋈∈⊥∋≻⋈∈⊤∋≻⋈∈⊤∋≻⋈∈⊥∋≻⋈∈⊥∋≻⋈∈⊤∋≻⋈∈⊥∋≻⋈∈⊥∋⊙⊡⊣
⊢≻⋈∈⊤∋≻⋈∈⊤∋≻⋈∈⊤∋≻⋈∈⊤∋≻⋈∈⊤∋≻⋈∈⊥∋≻⋈∈⊥∋≻⋈∈⊤∋≻⋈∈⊤∋≻⋈∈⊤∋≻⋈∈⊥∋≻⋈∈⊥∋⊙⊡⊣
⊢≻⋈∈⊥∋≻⋈∈⊥∋≻⋈∈⊥∋≻⋈∈⊤∋≻⋈∈⊥∋≻⋈∈⊥∋≻⋈∈⊥∋⊙⊡⊣
⊢≻⋈∈⊥∋≻⋈∈⊤∋≻⋈∈⊥∋≻⋈∈⊤∋≻⋈∈⊤∋≻⋈∈⊥∋≻⋈∈⊥∋⊙⊡⊣
⊢≻⋈∈⊥∋≻⋈∈⊥∋≻⋈∈⊥∋⊙⊡⊣
⊢≻⋈∈⊥∋≻⋈∈⊤∋≻⋈∈⊤∋≻⋈∈⊥∋≻⋈∈⊤∋≻⋈∈⊥∋⊙⊡⊣
⊢≻⋈∈⊤∋≻⋈∈⊤∋≻⋈∈⊥∋≻⋈∈⊤∋≻⋈∈⊥∋≻⋈∈⊥∋≻⋈∈⊥∋⊙⊡⊣
⊢≻⋈∈⊥∋≻⋈∈⊥∋≻⋈∈⊥∋≻⋈∈⊥∋≻⋈∈⊥∋≻⋈∈⊤∋≻⋈∈⊥∋≻⋈∈⊥∋≻⋈∈⊥∋≻⋈∈⊤∋≻⋈∈⊤∋≻⋈∈⊤∋≻⋈∈⊤∋≻⋈∈⊤∋≻⋈∈⊥∋⊙⊡⊣
⊢≻⋈∈⊥∋≻⋈∈⊤∋≻⋈∈⊤∋≻⋈∈⊤∋≻⋈∈⊤∋≻⋈∈⊤∋≻⋈∈⊥∋⊙⊡⊣
⊢≻⋈∈⊤∋≻⋈∈⊤∋≻⋈∈⊤∋≻⋈∈⊤∋≻⋈∈⊤∋≻⋈∈⊥∋⊙⊡⊣
⊢≻⋈∈⊥∋≻⋈∈⊥∋≻⋈∈⊥∋≻⋈∈⊤∋≻⋈∈⊥∋≻⋈∈⊥∋≻⋈∈⊥∋≻⋈∈⊤∋≻⋈∈⊤∋≻⋈∈⊤∋≻⋈∈⊥∋⊙⊡⊣
⊢≻⋈∈⊥∋≻⋈∈⊤∋≻⋈∈⊥∋≻⋈∈⊥∋≻⋈∈⊤∋≻⋈∈⊤∋≻⋈∈⊥∋≻⋈∈⊥∋≻⋈∈⊤∋≻⋈∈⊥∋≻⋈∈⊥∋⊙⊡⊣
⊢≻⋈∈⊤∋≻⋈∈⊤∋≻⋈∈⊤∋≻⋈∈⊤∋≻⋈∈⊥∋≻⋈∈⊤∋≻⋈∈⊤∋≻⋈∈⊥∋≻⋈∈⊤∋≻⋈∈⊤∋≻⋈∈⊥∋≻⋈∈⊥∋⊙⊡⊣
⊢≻⋈∈⊥∋≻⋈∈⊥∋≻⋈∈⊥∋≻⋈∈⊤∋≻⋈∈⊥∋≻⋈∈⊥∋≻⋈∈⊥∋⊙⊡⊣
⊢≻⋈∈⊤∋≻⋈∈⊥∋≻⋈∈⊥∋≻⋈∈⊤∋≻⋈∈⊤∋≻⋈∈⊥∋≻⋈∈⊥∋⊙⊡⊣
⊢≻⋈∈⊥∋≻⋈∈⊥∋≻⋈∈⊥∋⊙⊡⊣
⊢≻⋈∈⊤∋≻⋈∈⊥∋≻⋈∈⊤∋≻⋈∈⊥∋≻⋈∈⊤∋≻⋈∈⊥∋⊙⊡⊣
⊢≻⋈∈⊥∋≻⋈∈⊤∋≻⋈∈⊥∋≻⋈∈⊤∋≻⋈∈⊥∋≻⋈∈⊥∋≻⋈∈⊥∋⊙⊡⊣
⊢≻⋈∈⊥∋≻⋈∈⊥∋≻⋈∈⊥∋≻⋈∈⊥∋≻⋈∈⊤∋≻⋈∈⊥∋≻⋈∈⊥∋≻⋈∈⊤∋≻⋈∈⊤∋≻⋈∈⊥∋≻⋈∈⊤∋≻⋈∈⊤∋≻⋈∈⊤∋≻⋈∈⊤∋≻⋈∈⊥∋⊙⊡⊣
⊢≻⋈∈⊤∋≻⋈∈⊥∋≻⋈∈⊤∋≻⋈∈⊤∋≻⋈∈⊤∋≻⋈∈⊤∋≻⋈∈⊥∋⊙⊡⊣
⊢≻⋈∈⊤∋≻⋈∈⊥∋≻⋈∈⊤∋≻⋈∈⊤∋≻⋈∈⊤∋≻⋈∈⊥∋⊙⊡⊣
⊢≻⋈∈⊥∋≻⋈∈⊥∋≻⋈∈⊥∋≻⋈∈⊤∋≻⋈∈⊥∋≻⋈∈⊥∋≻⋈∈⊥∋≻⋈∈⊤∋≻⋈∈⊤∋≻⋈∈⊤∋≻⋈∈⊥∋⊙⊡⊣
⊢≻⋈∈⊥∋≻⋈∈⊤∋≻⋈∈⊥∋≻⋈∈⊥∋≻⋈∈⊤∋≻⋈∈⊤∋≻⋈∈⊥∋≻⋈∈⊥∋≻⋈∈⊤∋≻⋈∈⊥∋≻⋈∈⊥∋⊙⊡⊣
⊢≻⋈∈⊤∋≻⋈∈⊤∋≻⋈∈⊤∋≻⋈∈⊤∋≻⋈∈⊤∋≻⋈∈⊤∋≻⋈∈⊥∋≻⋈∈⊥∋≻⋈∈⊤∋≻⋈∈⊤∋≻⋈∈⊥∋≻⋈∈⊥∋⊙⊡⊣
⊢≻⋈∈⊥∋≻⋈∈⊥∋≻⋈∈⊥∋≻⋈∈⊤∋≻⋈∈⊥∋≻⋈∈⊥∋≻⋈∈⊥∋⊙⊡⊣
⊢≻⋈∈⊥∋≻⋈∈⊤∋≻⋈∈⊤∋≻⋈∈⊥∋≻⋈∈⊤∋≻⋈∈⊥∋≻⋈∈⊥∋⊙⊡⊣
⊢≻⋈∈⊤∋≻⋈∈⊤∋≻⋈∈⊤∋≻⋈∈⊥∋⊙⊡⊣
⊢≻⋈∈⊤∋≻⋈∈⊤∋≻⋈∈⊤∋≻⋈∈⊥∋≻⋈∈⊤∋≻⋈∈⊥∋⊙⊡⊣
⊢≻⋈∈⊤∋≻⋈∈⊥∋≻⋈∈⊥∋≻⋈∈⊤∋≻⋈∈⊥∋≻⋈∈⊥∋≻⋈∈⊥∋⊙⊡⊣
⊢≻⋈∈⊥∋≻⋈∈⊥∋≻⋈∈⊥∋≻⋈∈⊥∋≻⋈∈⊥∋≻⋈∈⊥∋≻⋈∈⊥∋≻⋈∈⊥∋≻⋈∈⊤∋≻⋈∈⊥∋≻⋈∈⊤∋≻⋈∈⊤∋≻⋈∈⊤∋≻⋈∈⊤∋≻⋈∈⊥∋⊙⊡⊣
⊢≻⋈∈⊥∋≻⋈∈⊤∋≻⋈∈⊥∋≻⋈∈⊤∋≻⋈∈⊤∋≻⋈∈⊤∋≻⋈∈⊥∋⊙⊡⊣
⊢≻⋈∈⊥∋≻⋈∈⊥∋≻⋈∈⊤∋≻⋈∈⊤∋≻⋈∈⊤∋≻⋈∈⊥∋⊙⊡⊣
⊢≻⋈∈⊥∋≻⋈∈⊥∋≻⋈∈⊥∋≻⋈∈⊤∋≻⋈∈⊥∋≻⋈∈⊥∋≻⋈∈⊥∋≻⋈∈⊤∋≻⋈∈⊤∋≻⋈∈⊤∋≻⋈∈⊥∋⊙⊡⊣
⊢≻⋈∈⊥∋≻⋈∈⊤∋≻⋈∈⊥∋≻⋈∈⊥∋≻⋈∈⊤∋≻⋈∈⊤∋≻⋈∈⊥∋≻⋈∈⊥∋≻⋈∈⊤∋≻⋈∈⊥∋≻⋈∈⊥∋⊙⊡⊣
⊢≻⋈∈⊤∋≻⋈∈⊤∋≻⋈∈⊤∋≻⋈∈⊤∋≻⋈∈⊥∋≻⋈∈⊤∋≻⋈∈⊥∋≻⋈∈⊤∋≻⋈∈⊥∋≻⋈∈⊤∋≻⋈∈⊥∋≻⋈∈⊥∋⊙⊡⊣
⊢≻⋈∈⊥∋≻⋈∈⊥∋≻⋈∈⊥∋≻⋈∈⊤∋≻⋈∈⊥∋≻⋈∈⊥∋≻⋈∈⊥∋⊙⊡⊣
⊢≻⋈∈⊤∋≻⋈∈⊥∋≻⋈∈⊤∋≻⋈∈⊥∋≻⋈∈⊤∋≻⋈∈⊥∋≻⋈∈⊥∋⊙⊡⊣
⊢≻⋈∈⊤∋≻⋈∈⊤∋≻⋈∈⊤∋≻⋈∈⊥∋⊙⊡⊣
⊢≻⋈∈⊥∋≻⋈∈⊤∋≻⋈∈⊤∋≻⋈∈⊥∋≻⋈∈⊤∋≻⋈∈⊥∋⊙⊡⊣
⊢≻⋈∈⊥∋≻⋈∈⊥∋≻⋈∈⊥∋≻⋈∈⊤∋≻⋈∈⊥∋≻⋈∈⊥∋≻⋈∈⊥∋⊙⊡⊣
⊢≻⋈∈⊥∋≻⋈∈⊥∋≻⋈∈⊥∋≻⋈∈⊥∋≻⋈∈⊤∋≻⋈∈⊤∋≻⋈∈⊤∋≻⋈∈⊥∋≻⋈∈⊥∋≻⋈∈⊥∋≻⋈∈⊤∋≻⋈∈⊤∋≻⋈∈⊤∋≻⋈∈⊤∋≻⋈∈⊥∋⊙⊡⊣
⊢≻⋈∈⊤∋≻⋈∈⊥∋≻⋈∈⊥∋≻⋈∈⊤∋≻⋈∈⊤∋≻⋈∈⊤∋≻⋈∈⊥∋⊙⊡⊣
⊢≻⋈∈⊤∋≻⋈∈⊥∋≻⋈∈⊥∋≻⋈∈⊤∋≻⋈∈⊤∋≻⋈∈⊥∋⊙⊡⊣
⊢≻⋈∈⊥∋≻⋈∈⊥∋≻⋈∈⊥∋≻⋈∈⊤∋≻⋈∈⊥∋≻⋈∈⊥∋≻⋈∈⊥∋≻⋈∈⊤∋≻⋈∈⊤∋≻⋈∈⊤∋≻⋈∈⊥∋⊙⊡⊣
⊢≻⋈∈⊥∋≻⋈∈⊤∋≻⋈∈⊥∋≻⋈∈⊥∋≻⋈∈⊤∋≻⋈∈⊤∋≻⋈∈⊥∋≻⋈∈⊥∋≻⋈∈⊤∋≻⋈∈⊥∋≻⋈∈⊥∋⊙⊡⊣
⊢≻⋈∈⊤∋≻⋈∈⊤∋≻⋈∈⊤∋≻⋈∈⊤∋≻⋈∈⊤∋≻⋈∈⊤∋≻⋈∈⊤∋≻⋈∈⊥∋≻⋈∈⊥∋≻⋈∈⊤∋≻⋈∈⊥∋≻⋈∈⊥∋⊙⊡⊣
⊢≻⋈∈⊥∋≻⋈∈⊥∋≻⋈∈⊥∋≻⋈∈⊤∋≻⋈∈⊥∋≻⋈∈⊥∋≻⋈∈⊥∋⊙⊡⊣
⊢≻⋈∈⊥∋≻⋈∈⊤∋≻⋈∈⊥∋≻⋈∈⊥∋≻⋈∈⊤∋≻⋈∈⊥∋≻⋈∈⊥∋⊙⊡⊣
⊢≻⋈∈⊥∋≻⋈∈⊤∋≻⋈∈⊤∋≻⋈∈⊥∋⊙⊡⊣
⊢≻⋈∈⊥∋≻⋈∈⊥∋≻⋈∈⊥∋≻⋈∈⊤∋≻⋈∈⊤∋≻⋈∈⊥∋⊙⊡⊣
⊢≻⋈∈⊤∋≻⋈∈⊤∋≻⋈∈⊤∋≻⋈∈⊥∋≻⋈∈⊥∋≻⋈∈⊥∋≻⋈∈⊥∋⊙⊡⊣
⊢≻⋈∈⊥∋≻⋈∈⊥∋≻⋈∈⊥∋≻⋈∈⊥∋≻⋈∈⊥∋≻⋈∈⊤∋≻⋈∈⊤∋≻⋈∈⊤∋≻⋈∈⊤∋≻⋈∈⊤∋≻⋈∈⊥∋≻⋈∈⊤∋≻⋈∈⊤∋≻⋈∈⊤∋≻⋈∈⊥∋⊙⊡⊣
⊢≻⋈∈⊥∋≻⋈∈⊤∋≻⋈∈⊤∋≻⋈∈⊥∋≻⋈∈⊤∋≻⋈∈⊤∋≻⋈∈⊥∋⊙⊡⊣
⊢≻⋈∈⊤∋≻⋈∈⊥∋≻⋈∈⊤∋≻⋈∈⊥∋≻⋈∈⊤∋≻⋈∈⊥∋⊙⊡⊣
⊢≻⋈∈⊥∋≻⋈∈⊥∋≻⋈∈⊥∋≻⋈∈⊤∋≻⋈∈⊥∋≻⋈∈⊥∋≻⋈∈⊥∋≻⋈∈⊤∋≻⋈∈⊤∋≻⋈∈⊤∋≻⋈∈⊥∋⊙⊡⊣
⊢≻⋈∈⊥∋≻⋈∈⊤∋≻⋈∈⊥∋≻⋈∈⊥∋≻⋈∈⊤∋≻⋈∈⊤∋≻⋈∈⊥∋≻⋈∈⊥∋≻⋈∈⊤∋≻⋈∈⊥∋≻⋈∈⊥∋⊙⊡⊣
⊢≻⋈∈⊤∋≻⋈∈⊤∋≻⋈∈⊤∋≻⋈∈⊤∋≻⋈∈⊥∋≻⋈∈⊤∋≻⋈∈⊤∋≻⋈∈⊤∋≻⋈∈⊤∋≻⋈∈⊥∋≻⋈∈⊥∋≻⋈∈⊥∋⊙⊡⊣
⊢≻⋈∈⊥∋≻⋈∈⊥∋≻⋈∈⊥∋≻⋈∈⊤∋≻⋈∈⊥∋≻⋈∈⊥∋≻⋈∈⊥∋⊙⊡⊣
⊢≻⋈∈⊤∋≻⋈∈⊥∋≻⋈∈⊥∋≻⋈∈⊥∋≻⋈∈⊤∋≻⋈∈⊥∋≻⋈∈⊥∋⊙⊡⊣
⊢≻⋈∈⊥∋≻⋈∈⊤∋≻⋈∈⊤∋≻⋈∈⊥∋⊙⊡⊣
⊢≻⋈∈⊤∋≻⋈∈⊤∋≻⋈∈⊤∋≻⋈∈⊥∋≻⋈∈⊤∋≻⋈∈⊥∋⊙⊡⊣
⊢≻⋈∈⊥∋≻⋈∈⊤∋≻⋈∈⊤∋≻⋈∈⊥∋≻⋈∈⊥∋≻⋈∈⊥∋≻⋈∈⊥∋⊙⊡⊣
⊢≻⋈∈⊥∋≻⋈∈⊥∋≻⋈∈⊥∋≻⋈∈⊥∋≻⋈∈⊤∋≻⋈∈⊥∋≻⋈∈⊤∋≻⋈∈⊥∋≻⋈∈⊤∋≻⋈∈⊤∋≻⋈∈⊥∋≻⋈∈⊤∋≻⋈∈⊤∋≻⋈∈⊤∋≻⋈∈⊥∋⊙⊡⊣
⊢≻⋈∈⊤∋≻⋈∈⊥∋≻⋈∈⊤∋≻⋈∈⊥∋≻⋈∈⊤∋≻⋈∈⊤∋≻⋈∈⊥∋⊙⊡⊣
⊢≻⋈∈⊤∋≻⋈∈⊥∋≻⋈∈⊤∋≻⋈∈⊥∋≻⋈∈⊤∋≻⋈∈⊥∋⊙⊡⊣
⊢≻⋈∈⊥∋≻⋈∈⊥∋≻⋈∈⊥∋≻⋈∈⊤∋≻⋈∈⊥∋≻⋈∈⊥∋≻⋈∈⊥∋≻⋈∈⊤∋≻⋈∈⊤∋≻⋈∈⊤∋≻⋈∈⊥∋⊙⊡⊣
⊢≻⋈∈⊥∋≻⋈∈⊤∋≻⋈∈⊥∋≻⋈∈⊥∋≻⋈∈⊤∋≻⋈∈⊤∋≻⋈∈⊥∋≻⋈∈⊥∋≻⋈∈⊤∋≻⋈∈⊥∋≻⋈∈⊥∋⊙⊡⊣
⊢≻⋈∈⊤∋≻⋈∈⊤∋≻⋈∈⊤∋≻⋈∈⊤∋≻⋈∈⊤∋≻⋈∈⊤∋≻⋈∈⊥∋≻⋈∈⊤∋≻⋈∈⊤∋≻⋈∈⊥∋≻⋈∈⊥∋≻⋈∈⊥∋⊙⊡⊣
⊢≻⋈∈⊥∋≻⋈∈⊥∋≻⋈∈⊥∋≻⋈∈⊤∋≻⋈∈⊥∋≻⋈∈⊥∋≻⋈∈⊥∋⊙⊡⊣
⊢≻⋈∈⊥∋≻⋈∈⊥∋≻⋈∈⊥∋≻⋈∈⊥∋≻⋈∈⊤∋≻⋈∈⊥∋≻⋈∈⊥∋⊙⊡⊣
⊢≻⋈∈⊥∋≻⋈∈⊤∋≻⋈∈⊤∋≻⋈∈⊤∋≻⋈∈⊥∋⊙⊡⊣
⊢≻⋈∈⊥∋≻⋈∈⊥∋≻⋈∈⊥∋≻⋈∈⊥∋≻⋈∈⊥∋⊙⊡⊣
⊢≻⋈∈⊤∋≻⋈∈⊥∋≻⋈∈⊤∋≻⋈∈⊥∋≻⋈∈⊥∋≻⋈∈⊥∋≻⋈∈⊥∋⊙⊡⊣
⊢≻⋈∈⊤∋≻⋈∈⊥∋≻⋈∈⊤∋≻⋈∈⊤∋≻⋈∈⊤∋≻⋈∈⊤∋≻⋈∈⊥∋≻⋈∈⊤∋≻⋈∈⊥∋≻⋈∈⊤∋≻⋈∈⊥∋≻⋈∈⊤∋≻⋈∈⊤∋≻⋈∈⊤∋≻⋈∈⊥∋⊙⊡⊣
⊢≻⋈∈⊥∋≻⋈∈⊥∋≻⋈∈⊤∋≻⋈∈⊥∋≻⋈∈⊤∋≻⋈∈⊤∋≻⋈∈⊥∋⊙⊡⊣
⊢≻⋈∈⊤∋≻⋈∈⊥∋≻⋈∈⊤∋≻⋈∈⊥∋≻⋈∈⊤∋≻⋈∈⊥∋⊙⊡⊣
⊢≻⋈∈⊥∋≻⋈∈⊥∋≻⋈∈⊥∋≻⋈∈⊤∋≻⋈∈⊥∋≻⋈∈⊥∋≻⋈∈⊥∋≻⋈∈⊤∋≻⋈∈⊤∋≻⋈∈⊤∋≻⋈∈⊥∋⊙⊡⊣
⊢≻⋈∈⊥∋≻⋈∈⊤∋≻⋈∈⊥∋≻⋈∈⊥∋≻⋈∈⊤∋≻⋈∈⊤∋≻⋈∈⊥∋≻⋈∈⊥∋≻⋈∈⊤∋≻⋈∈⊥∋≻⋈∈⊥∋⊙⊡⊣
⊢≻⋈∈⊤∋≻⋈∈⊤∋≻⋈∈⊤∋≻⋈∈⊤∋≻⋈∈⊥∋≻⋈∈⊥∋≻⋈∈⊥∋≻⋈∈⊤∋≻⋈∈⊤∋≻⋈∈⊥∋≻⋈∈⊥∋≻⋈∈⊥∋⊙⊡⊣
⊢≻⋈∈⊥∋≻⋈∈⊥∋≻⋈∈⊥∋≻⋈∈⊤∋≻⋈∈⊥∋≻⋈∈⊥∋≻⋈∈⊥∋⊙⊡⊣
⊢≻⋈∈⊤∋≻⋈∈⊤∋≻⋈∈⊤∋≻⋈∈⊤∋≻⋈∈⊥∋≻⋈∈⊥∋≻⋈∈⊥∋⊙⊡⊣
⊢≻⋈∈⊥∋≻⋈∈⊤∋≻⋈∈⊤∋≻⋈∈⊤∋≻⋈∈⊥∋⊙⊡⊣
⊢≻⋈∈⊤∋≻⋈∈⊤∋≻⋈∈⊤∋≻⋈∈⊤∋≻⋈∈⊤∋≻⋈∈⊥∋⊙⊡⊣
⊢≻⋈∈⊥∋≻⋈∈⊥∋≻⋈∈⊤∋≻⋈∈⊥∋≻⋈∈⊥∋≻⋈∈⊥∋≻⋈∈⊥∋⊙⊡⊣
⊢≻⋈∈⊤∋≻⋈∈⊥∋≻⋈∈⊤∋≻⋈∈⊤∋≻⋈∈⊥∋≻⋈∈⊤∋≻⋈∈⊥∋≻⋈∈⊥∋≻⋈∈⊥∋≻⋈∈⊤∋≻⋈∈⊥∋≻⋈∈⊤∋≻⋈∈⊤∋≻⋈∈⊤∋≻⋈∈⊥∋⊙⊡⊣
⊢≻⋈∈⊤∋≻⋈∈⊤∋≻⋈∈⊥∋≻⋈∈⊥∋≻⋈∈⊤∋≻⋈∈⊤∋≻⋈∈⊥∋⊙⊡⊣
⊢≻⋈∈⊤∋≻⋈∈⊥∋≻⋈∈⊤∋≻⋈∈⊥∋≻⋈∈⊤∋≻⋈∈⊥∋⊙⊡⊣
⊢≻⋈∈⊥∋≻⋈∈⊥∋≻⋈∈⊥∋≻⋈∈⊤∋≻⋈∈⊥∋≻⋈∈⊥∋≻⋈∈⊥∋≻⋈∈⊤∋≻⋈∈⊤∋≻⋈∈⊤∋≻⋈∈⊥∋⊙⊡⊣
⊢≻⋈∈⊥∋≻⋈∈⊤∋≻⋈∈⊥∋≻⋈∈⊥∋≻⋈∈⊤∋≻⋈∈⊤∋≻⋈∈⊥∋≻⋈∈⊥∋≻⋈∈⊤∋≻⋈∈⊥∋≻⋈∈⊥∋⊙⊡⊣
⊢≻⋈∈⊤∋≻⋈∈⊤∋≻⋈∈⊤∋≻⋈∈⊤∋≻⋈∈⊤∋≻⋈∈⊥∋≻⋈∈⊤∋≻⋈∈⊥∋≻⋈∈⊤∋≻⋈∈⊥∋≻⋈∈⊥∋≻⋈∈⊥∋⊙⊡⊣
⊢≻⋈∈⊥∋≻⋈∈⊥∋≻⋈∈⊥∋≻⋈∈⊤∋≻⋈∈⊥∋≻⋈∈⊥∋≻⋈∈⊥∋⊙⊡⊣
⊢≻⋈∈⊥∋≻⋈∈⊤∋≻⋈∈⊤∋≻⋈∈⊤∋≻⋈∈⊥∋≻⋈∈⊥∋≻⋈∈⊥∋⊙⊡⊣
⊢≻⋈∈⊤∋≻⋈∈⊥∋≻⋈∈⊤∋≻⋈∈⊥∋⊙⊡⊣
⊢≻⋈∈⊤∋≻⋈∈⊥∋≻⋈∈⊥∋≻⋈∈⊤∋≻⋈∈⊤∋≻⋈∈⊥∋⊙⊡⊣
⊢≻⋈∈⊤∋≻⋈∈⊤∋≻⋈∈⊥∋≻⋈∈⊥∋≻⋈∈⊥∋≻⋈∈⊥∋≻⋈∈⊥∋⊙⊡⊣
⊢≻⋈∈⊥∋≻⋈∈⊤∋≻⋈∈⊥∋≻⋈∈⊤∋≻⋈∈⊤∋≻⋈∈⊥∋≻⋈∈⊥∋≻⋈∈⊤∋≻⋈∈⊤∋≻⋈∈⊥∋≻⋈∈⊥∋≻⋈∈⊤∋≻⋈∈⊤∋≻⋈∈⊤∋≻⋈∈⊥∋⊙⊡⊣
⊢≻⋈∈⊥∋≻⋈∈⊤∋≻⋈∈⊥∋≻⋈∈⊥∋≻⋈∈⊤∋≻⋈∈⊤∋≻⋈∈⊥∋⊙⊡⊣
⊢≻⋈∈⊤∋≻⋈∈⊥∋≻⋈∈⊤∋≻⋈∈⊥∋≻⋈∈⊤∋≻⋈∈⊥∋⊙⊡⊣
⊢≻⋈∈⊥∋≻⋈∈⊥∋≻⋈∈⊥∋≻⋈∈⊤∋≻⋈∈⊥∋≻⋈∈⊥∋≻⋈∈⊥∋≻⋈∈⊤∋≻⋈∈⊤∋≻⋈∈⊤∋≻⋈∈⊥∋⊙⊡⊣
⊢≻⋈∈⊥∋≻⋈∈⊤∋≻⋈∈⊥∋≻⋈∈⊥∋≻⋈∈⊤∋≻⋈∈⊤∋≻⋈∈⊥∋≻⋈∈⊥∋≻⋈∈⊤∋≻⋈∈⊥∋≻⋈∈⊥∋⊙⊡⊣
⊢≻⋈∈⊤∋≻⋈∈⊤∋≻⋈∈⊤∋≻⋈∈⊤∋≻⋈∈⊥∋≻⋈∈⊤∋≻⋈∈⊥∋≻⋈∈⊥∋≻⋈∈⊤∋≻⋈∈⊥∋≻⋈∈⊥∋≻⋈∈⊥∋⊙⊡⊣
⊢≻⋈∈⊥∋≻⋈∈⊥∋≻⋈∈⊥∋≻⋈∈⊤∋≻⋈∈⊥∋≻⋈∈⊥∋≻⋈∈⊥∋⊙⊡⊣
⊢≻⋈∈⊤∋≻⋈∈⊥∋≻⋈∈⊤∋≻⋈∈⊤∋≻⋈∈⊥∋≻⋈∈⊥∋≻⋈∈⊥∋⊙⊡⊣
⊢≻⋈∈⊤∋≻⋈∈⊥∋≻⋈∈⊤∋≻⋈∈⊥∋⊙⊡⊣
⊢≻⋈∈⊥∋≻⋈∈⊥∋≻⋈∈⊥∋≻⋈∈⊤∋≻⋈∈⊤∋≻⋈∈⊥∋⊙⊡⊣
⊢≻⋈∈⊥∋≻⋈∈⊤∋≻⋈∈⊥∋≻⋈∈⊥∋≻⋈∈⊥∋≻⋈∈⊥∋≻⋈∈⊥∋⊙⊡⊣
⊢≻⋈∈⊥∋≻⋈∈⊤∋≻⋈∈⊥∋≻⋈∈⊤∋≻⋈∈⊥∋≻⋈∈⊥∋≻⋈∈⊥∋≻⋈∈⊥∋≻⋈∈⊤∋≻⋈∈⊥∋≻⋈∈⊥∋≻⋈∈⊤∋≻⋈∈⊤∋≻⋈∈⊤∋≻⋈∈⊥∋⊙⊡⊣
⊢≻⋈∈⊤∋≻⋈∈⊥∋≻⋈∈⊥∋≻⋈∈⊥∋≻⋈∈⊤∋≻⋈∈⊤∋≻⋈∈⊥∋⊙⊡⊣
⊢≻⋈∈⊥∋≻⋈∈⊥∋≻⋈∈⊤∋≻⋈∈⊥∋≻⋈∈⊤∋≻⋈∈⊥∋⊙⊡⊣
⊢≻⋈∈⊥∋≻⋈∈⊥∋≻⋈∈⊥∋≻⋈∈⊤∋≻⋈∈⊥∋≻⋈∈⊥∋≻⋈∈⊥∋≻⋈∈⊤∋≻⋈∈⊤∋≻⋈∈⊤∋≻⋈∈⊥∋⊙⊡⊣
⊢≻⋈∈⊥∋≻⋈∈⊤∋≻⋈∈⊥∋≻⋈∈⊥∋≻⋈∈⊤∋≻⋈∈⊤∋≻⋈∈⊥∋≻⋈∈⊥∋≻⋈∈⊤∋≻⋈∈⊥∋≻⋈∈⊥∋⊙⊡⊣
⊢≻⋈∈⊤∋≻⋈∈⊤∋≻⋈∈⊤∋≻⋈∈⊤∋≻⋈∈⊤∋≻⋈∈⊤∋≻⋈∈⊤∋≻⋈∈⊤∋≻⋈∈⊥∋≻⋈∈⊥∋≻⋈∈⊥∋≻⋈∈⊥∋⊙⊡⊣
⊢≻⋈∈⊥∋≻⋈∈⊥∋≻⋈∈⊥∋≻⋈∈⊤∋≻⋈∈⊥∋≻⋈∈⊥∋≻⋈∈⊥∋⊙⊡⊣
⊢≻⋈∈⊥∋≻⋈∈⊥∋≻⋈∈⊤∋≻⋈∈⊤∋≻⋈∈⊥∋≻⋈∈⊥∋≻⋈∈⊥∋⊙⊡⊣
⊢≻⋈∈⊤∋≻⋈∈⊤∋≻⋈∈⊤∋≻⋈∈⊤∋≻⋈∈⊥∋⊙⊡⊣
⊢≻⋈∈⊤∋≻⋈∈⊤∋≻⋈∈⊤∋≻⋈∈⊤∋≻⋈∈⊤∋≻⋈∈⊥∋⊙⊡⊣
⊢≻⋈∈⊤∋≻⋈∈⊥∋≻⋈∈⊥∋≻⋈∈⊥∋≻⋈∈⊥∋≻⋈∈⊥∋≻⋈∈⊥∋⊙⊡⊣
⊢≻⋈∈⊤∋≻⋈∈⊤∋≻⋈∈⊤∋≻⋈∈⊥∋≻⋈∈⊤∋≻⋈∈⊤∋≻⋈∈⊤∋≻⋈∈⊥∋≻⋈∈⊥∋≻⋈∈⊥∋≻⋈∈⊥∋≻⋈∈⊤∋≻⋈∈⊤∋≻⋈∈⊤∋≻⋈∈⊥∋⊙⊡⊣
⊢≻⋈∈⊥∋≻⋈∈⊥∋≻⋈∈⊥∋≻⋈∈⊥∋≻⋈∈⊤∋≻⋈∈⊤∋≻⋈∈⊥∋⊙⊡⊣
⊢≻⋈∈⊥∋≻⋈∈⊥∋≻⋈∈⊤∋≻⋈∈⊥∋≻⋈∈⊤∋≻⋈∈⊥∋⊙⊡⊣
⊢≻⋈∈⊥∋≻⋈∈⊥∋≻⋈∈⊥∋≻⋈∈⊤∋≻⋈∈⊥∋≻⋈∈⊥∋≻⋈∈⊥∋≻⋈∈⊤∋≻⋈∈⊤∋≻⋈∈⊤∋≻⋈∈⊥∋⊙⊡⊣
⊢≻⋈∈⊥∋≻⋈∈⊤∋≻⋈∈⊥∋≻⋈∈⊥∋≻⋈∈⊤∋≻⋈∈⊤∋≻⋈∈⊥∋≻⋈∈⊥∋≻⋈∈⊤∋≻⋈∈⊥∋≻⋈∈⊥∋⊙⊡⊣
⊢≻⋈∈⊤∋≻⋈∈⊤∋≻⋈∈⊤∋≻⋈∈⊤∋≻⋈∈⊥∋≻⋈∈⊥∋≻⋈∈⊤∋≻⋈∈⊤∋≻⋈∈⊥∋≻⋈∈⊥∋≻⋈∈⊥∋≻⋈∈⊥∋⊙⊡⊣
⊢≻⋈∈⊥∋≻⋈∈⊥∋≻⋈∈⊥∋≻⋈∈⊤∋≻⋈∈⊥∋≻⋈∈⊥∋≻⋈∈⊥∋⊙⊡⊣
⊢≻⋈∈⊤∋≻⋈∈⊤∋≻⋈∈⊥∋≻⋈∈⊤∋≻⋈∈⊥∋≻⋈∈⊥∋≻⋈∈⊥∋⊙⊡⊣
⊢≻⋈∈⊤∋≻⋈∈⊤∋≻⋈∈⊤∋≻⋈∈⊤∋≻⋈∈⊥∋⊙⊡⊣
⊢≻⋈∈⊥∋≻⋈∈⊤∋≻⋈∈⊤∋≻⋈∈⊤∋≻⋈∈⊤∋≻⋈∈⊥∋⊙⊡⊣
⊢≻⋈∈⊥∋≻⋈∈⊥∋≻⋈∈⊥∋≻⋈∈⊥∋≻⋈∈⊥∋≻⋈∈⊥∋≻⋈∈⊥∋⊙⊡⊣
⊢≻⋈∈⊤∋≻⋈∈⊤∋≻⋈∈⊤∋≻⋈∈⊥∋≻⋈∈⊥∋≻⋈∈⊤∋≻⋈∈⊤∋≻⋈∈⊤∋≻⋈∈⊤∋≻⋈∈⊤∋≻⋈∈⊤∋≻⋈∈⊥∋≻⋈∈⊤∋≻⋈∈⊤∋≻⋈∈⊥∋⊙⊡⊣
⊢≻⋈∈⊤∋≻⋈∈⊤∋≻⋈∈⊤∋≻⋈∈⊤∋≻⋈∈⊥∋≻⋈∈⊤∋≻⋈∈⊥∋⊙⊡⊣
⊢≻⋈∈⊥∋≻⋈∈⊤∋≻⋈∈⊥∋≻⋈∈⊥∋≻⋈∈⊤∋≻⋈∈⊥∋⊙⊡⊣
⊢≻⋈∈⊥∋≻⋈∈⊥∋≻⋈∈⊥∋≻⋈∈⊤∋≻⋈∈⊥∋≻⋈∈⊥∋≻⋈∈⊥∋≻⋈∈⊤∋≻⋈∈⊤∋≻⋈∈⊤∋≻⋈∈⊥∋⊙⊡⊣
⊢≻⋈∈⊥∋≻⋈∈⊤∋≻⋈∈⊥∋≻⋈∈⊥∋≻⋈∈⊤∋≻⋈∈⊤∋≻⋈∈⊥∋≻⋈∈⊥∋≻⋈∈⊤∋≻⋈∈⊥∋≻⋈∈⊥∋⊙⊡⊣
⊢≻⋈∈⊤∋≻⋈∈⊤∋≻⋈∈⊤∋≻⋈∈⊤∋≻⋈∈⊤∋≻⋈∈⊥∋≻⋈∈⊥∋≻⋈∈⊤∋≻⋈∈⊥∋≻⋈∈⊥∋≻⋈∈⊥∋≻⋈∈⊥∋⊙⊡⊣
⊢≻⋈∈⊥∋≻⋈∈⊥∋≻⋈∈⊥∋≻⋈∈⊤∋≻⋈∈⊥∋≻⋈∈⊥∋≻⋈∈⊥∋⊙⊡⊣
⊢≻⋈∈⊥∋≻⋈∈⊤∋≻⋈∈⊥∋≻⋈∈⊤∋≻⋈∈⊥∋≻⋈∈⊥∋≻⋈∈⊥∋⊙⊡⊣
⊢≻⋈∈⊥∋≻⋈∈⊥∋≻⋈∈⊤∋≻⋈∈⊥∋⊙⊡⊣
⊢≻⋈∈⊥∋≻⋈∈⊤∋≻⋈∈⊥∋≻⋈∈⊤∋≻⋈∈⊤∋≻⋈∈⊥∋⊙⊡⊣
⊢≻⋈∈⊤∋≻⋈∈⊤∋≻⋈∈⊤∋≻⋈∈⊤∋≻⋈∈⊤∋≻⋈∈⊤∋≻⋈∈⊤∋≻⋈∈⊥∋⊙⊡⊣
⊢≻⋈∈⊥∋≻⋈∈⊥∋≻⋈∈⊤∋≻⋈∈⊥∋≻⋈∈⊤∋≻⋈∈⊥∋≻⋈∈⊤∋≻⋈∈⊥∋≻⋈∈⊤∋≻⋈∈⊤∋≻⋈∈⊤∋≻⋈∈⊥∋≻⋈∈⊤∋≻⋈∈⊤∋≻⋈∈⊥∋⊙⊡⊣
⊢≻⋈∈⊥∋≻⋈∈⊤∋≻⋈∈⊤∋≻⋈∈⊤∋≻⋈∈⊥∋≻⋈∈⊤∋≻⋈∈⊥∋⊙⊡⊣
⊢≻⋈∈⊥∋≻⋈∈⊥∋≻⋈∈⊥∋≻⋈∈⊥∋≻⋈∈⊤∋≻⋈∈⊥∋⊙⊡⊣
⊢≻⋈∈⊥∋≻⋈∈⊥∋≻⋈∈⊥∋≻⋈∈⊤∋≻⋈∈⊥∋≻⋈∈⊥∋≻⋈∈⊥∋≻⋈∈⊤∋≻⋈∈⊤∋≻⋈∈⊤∋≻⋈∈⊥∋⊙⊡⊣
⊢≻⋈∈⊥∋≻⋈∈⊤∋≻⋈∈⊥∋≻⋈∈⊥∋≻⋈∈⊤∋≻⋈∈⊤∋≻⋈∈⊥∋≻⋈∈⊥∋≻⋈∈⊤∋≻⋈∈⊥∋≻⋈∈⊥∋⊙⊡⊣
⊢≻⋈∈⊤∋≻⋈∈⊤∋≻⋈∈⊤∋≻⋈∈⊤∋≻⋈∈⊥∋≻⋈∈⊤∋≻⋈∈⊤∋≻⋈∈⊥∋≻⋈∈⊥∋≻⋈∈⊥∋≻⋈∈⊥∋≻⋈∈⊥∋⊙⊡⊣
⊢≻⋈∈⊥∋≻⋈∈⊥∋≻⋈∈⊥∋≻⋈∈⊤∋≻⋈∈⊥∋≻⋈∈⊥∋≻⋈∈⊥∋⊙⊡⊣
⊢≻⋈∈⊤∋≻⋈∈⊥∋≻⋈∈⊥∋≻⋈∈⊤∋≻⋈∈⊥∋≻⋈∈⊥∋≻⋈∈⊥∋⊙⊡⊣
⊢≻⋈∈⊥∋≻⋈∈⊥∋≻⋈∈⊤∋≻⋈∈⊥∋⊙⊡⊣
⊢≻⋈∈⊤∋≻⋈∈⊥∋≻⋈∈⊥∋≻⋈∈⊤∋≻⋈∈⊤∋≻⋈∈⊥∋⊙⊡⊣
⊢≻⋈∈⊥∋≻⋈∈⊤∋≻⋈∈⊤∋≻⋈∈⊤∋≻⋈∈⊤∋≻⋈∈⊤∋≻⋈∈⊤∋≻⋈∈⊥∋⊙⊡⊣
⊢≻⋈∈⊥∋≻⋈∈⊥∋≻⋈∈⊤∋≻⋈∈⊥∋≻⋈∈⊥∋≻⋈∈⊥∋≻⋈∈⊤∋≻⋈∈⊤∋≻⋈∈⊥∋≻⋈∈⊤∋≻⋈∈⊤∋≻⋈∈⊥∋≻⋈∈⊤∋≻⋈∈⊤∋≻⋈∈⊥∋⊙⊡⊣
⊢≻⋈∈⊤∋≻⋈∈⊥∋≻⋈∈⊤∋≻⋈∈⊤∋≻⋈∈⊥∋≻⋈∈⊤∋≻⋈∈⊥∋⊙⊡⊣
⊢≻⋈∈⊥∋≻⋈∈⊥∋≻⋈∈⊥∋≻⋈∈⊥∋≻⋈∈⊤∋≻⋈∈⊥∋⊙⊡⊣
⊢≻⋈∈⊥∋≻⋈∈⊥∋≻⋈∈⊥∋≻⋈∈⊤∋≻⋈∈⊥∋≻⋈∈⊥∋≻⋈∈⊥∋≻⋈∈⊤∋≻⋈∈⊤∋≻⋈∈⊤∋≻⋈∈⊥∋⊙⊡⊣
⊢≻⋈∈⊥∋≻⋈∈⊤∋≻⋈∈⊥∋≻⋈∈⊥∋≻⋈∈⊤∋≻⋈∈⊤∋≻⋈∈⊥∋≻⋈∈⊥∋≻⋈∈⊤∋≻⋈∈⊥∋≻⋈∈⊥∋⊙⊡⊣
⊢≻⋈∈⊤∋≻⋈∈⊤∋≻⋈∈⊤∋≻⋈∈⊤∋≻⋈∈⊤∋≻⋈∈⊤∋≻⋈∈⊥∋≻⋈∈⊥∋≻⋈∈⊥∋≻⋈∈⊥∋≻⋈∈⊥∋≻⋈∈⊥∋⊙⊡⊣
⊢≻⋈∈⊥∋≻⋈∈⊥∋≻⋈∈⊥∋≻⋈∈⊤∋≻⋈∈⊥∋≻⋈∈⊥∋≻⋈∈⊥∋⊙⊡⊣
⊢≻⋈∈⊥∋≻⋈∈⊥∋≻⋈∈⊥∋≻⋈∈⊤∋≻⋈∈⊥∋≻⋈∈⊥∋≻⋈∈⊥∋⊙⊡⊣
⊢≻⋈∈⊥∋≻⋈∈⊥∋≻⋈∈⊥∋≻⋈∈⊥∋⊙⊡⊣
⊢≻⋈∈⊥∋≻⋈∈⊤∋≻⋈∈⊤∋≻⋈∈⊤∋≻⋈∈⊤∋≻⋈∈⊥∋⊙⊡⊣
⊢≻⋈∈⊤∋≻⋈∈⊥∋≻⋈∈⊤∋≻⋈∈⊤∋≻⋈∈⊤∋≻⋈∈⊤∋≻⋈∈⊤∋≻⋈∈⊥∋⊙⊡⊣
⊢≻⋈∈⊤∋≻⋈∈⊥∋≻⋈∈⊥∋≻⋈∈⊥∋≻⋈∈⊤∋≻⋈∈⊤∋≻⋈∈⊥∋≻⋈∈⊥∋≻⋈∈⊥∋≻⋈∈⊤∋≻⋈∈⊤∋≻⋈∈⊥∋≻⋈∈⊤∋≻⋈∈⊤∋≻⋈∈⊥∋⊙⊡⊣
⊢≻⋈∈⊥∋≻⋈∈⊥∋≻⋈∈⊤∋≻⋈∈⊤∋≻⋈∈⊥∋≻⋈∈⊤∋≻⋈∈⊥∋⊙⊡⊣
⊢≻⋈∈⊥∋≻⋈∈⊥∋≻⋈∈⊥∋≻⋈∈⊥∋≻⋈∈⊤∋≻⋈∈⊥∋⊙⊡⊣
⊢≻⋈∈⊥∋≻⋈∈⊥∋≻⋈∈⊥∋≻⋈∈⊤∋≻⋈∈⊥∋≻⋈∈⊥∋≻⋈∈⊥∋≻⋈∈⊤∋≻⋈∈⊤∋≻⋈∈⊤∋≻⋈∈⊥∋⊙⊡⊣
⊢≻⋈∈⊥∋≻⋈∈⊤∋≻⋈∈⊥∋≻⋈∈⊥∋≻⋈∈⊤∋≻⋈∈⊤∋≻⋈∈⊥∋≻⋈∈⊥∋≻⋈∈⊤∋≻⋈∈⊥∋≻⋈∈⊥∋⊙⊡⊣
⊢≻⋈∈⊤∋≻⋈∈⊤∋≻⋈∈⊤∋≻⋈∈⊤∋≻⋈∈⊥∋≻⋈∈⊥∋≻⋈∈⊥∋≻⋈∈⊥∋≻⋈∈⊥∋≻⋈∈⊥∋≻⋈∈⊥∋≻⋈∈⊥∋⊙⊡⊣
⊢≻⋈∈⊥∋≻⋈∈⊥∋≻⋈∈⊥∋≻⋈∈⊤∋≻⋈∈⊥∋≻⋈∈⊥∋≻⋈∈⊥∋⊙⊡⊣
⊢≻⋈∈⊥∋≻⋈∈⊥∋≻⋈∈⊥∋≻⋈∈⊤∋≻⋈∈⊥∋≻⋈∈⊥∋≻⋈∈⊥∋⊙⊡⊣
⊢≻⋈∈⊥∋≻⋈∈⊥∋≻⋈∈⊥∋≻⋈∈⊥∋⊙⊡⊣
⊢≻⋈∈⊥∋≻⋈∈⊤∋≻⋈∈⊤∋≻⋈∈⊤∋≻⋈∈⊤∋≻⋈∈⊥∋⊙⊡⊣
⊢≻⋈∈⊤∋≻⋈∈⊥∋≻⋈∈⊤∋≻⋈∈⊤∋≻⋈∈⊤∋≻⋈∈⊤∋≻⋈∈⊤∋≻⋈∈⊥∋⊙⊡⊣
⊢≻⋈∈⊤∋≻⋈∈⊥∋≻⋈∈⊥∋≻⋈∈⊥∋≻⋈∈⊤∋≻⋈∈⊤∋≻⋈∈⊥∋≻⋈∈⊥∋≻⋈∈⊥∋≻⋈∈⊤∋≻⋈∈⊤∋≻⋈∈⊥∋≻⋈∈⊤∋≻⋈∈⊤∋≻⋈∈⊥∋⊙⊡⊣
⊢≻⋈∈⊥∋≻⋈∈⊥∋≻⋈∈⊤∋≻⋈∈⊤∋≻⋈∈⊥∋≻⋈∈⊤∋≻⋈∈⊥∋⊙⊡⊣
⊢≻⋈∈⊥∋≻⋈∈⊥∋≻⋈∈⊥∋≻⋈∈⊥∋≻⋈∈⊤∋≻⋈∈⊥∋⊙⊡⊣
⊢≻⋈∈⊥∋≻⋈∈⊥∋≻⋈∈⊥∋≻⋈∈⊤∋≻⋈∈⊥∋≻⋈∈⊥∋≻⋈∈⊥∋≻⋈∈⊤∋≻⋈∈⊤∋≻⋈∈⊤∋≻⋈∈⊥∋⊙⊡⊣
⊢≻⋈∈⊥∋≻⋈∈⊤∋≻⋈∈⊥∋≻⋈∈⊥∋≻⋈∈⊤∋≻⋈∈⊤∋≻⋈∈⊥∋≻⋈∈⊥∋≻⋈∈⊤∋≻⋈∈⊥∋≻⋈∈⊥∋⊙⊡⊣
⊢≻⋈∈⊤∋≻⋈∈⊤∋≻⋈∈⊤∋≻⋈∈⊤∋≻⋈∈⊤∋≻⋈∈⊤∋≻⋈∈⊤∋≻⋈∈⊤∋≻⋈∈⊤∋≻⋈∈⊤∋≻⋈∈⊤∋≻⋈∈⊤∋≻⋈∈⊥∋⊙⊡⊣
⊢≻⋈∈⊥∋≻⋈∈⊥∋≻⋈∈⊥∋≻⋈∈⊤∋≻⋈∈⊥∋≻⋈∈⊥∋≻⋈∈⊥∋⊙⊡⊣
⊢≻⋈∈⊤∋≻⋈∈⊤∋≻⋈∈⊤∋≻⋈∈⊥∋≻⋈∈⊥∋≻⋈∈⊥∋≻⋈∈⊥∋⊙⊡⊣
⊢≻⋈∈⊥∋≻⋈∈⊥∋≻⋈∈⊥∋≻⋈∈⊥∋⊙⊡⊣
⊢≻⋈∈⊤∋≻⋈∈⊥∋≻⋈∈⊤∋≻⋈∈⊤∋≻⋈∈⊤∋≻⋈∈⊥∋⊙⊡⊣
⊢≻⋈∈⊥∋≻⋈∈⊥∋≻⋈∈⊤∋≻⋈∈⊤∋≻⋈∈⊤∋≻⋈∈⊤∋≻⋈∈⊤∋≻⋈∈⊥∋⊙⊡⊣
⊢≻⋈∈⊤∋≻⋈∈⊥∋≻⋈∈⊥∋≻⋈∈⊥∋≻⋈∈⊥∋≻⋈∈⊤∋≻⋈∈⊥∋≻⋈∈⊤∋≻⋈∈⊤∋≻⋈∈⊥∋≻⋈∈⊤∋≻⋈∈⊥∋≻⋈∈⊤∋≻⋈∈⊤∋≻⋈∈⊥∋⊙⊡⊣
⊢≻⋈∈⊤∋≻⋈∈⊤∋≻⋈∈⊥∋≻⋈∈⊤∋≻⋈∈⊥∋≻⋈∈⊤∋≻⋈∈⊥∋⊙⊡⊣
⊢≻⋈∈⊥∋≻⋈∈⊤∋≻⋈∈⊤∋≻⋈∈⊤∋≻⋈∈⊥∋≻⋈∈⊥∋⊙⊡⊣
⊢≻⋈∈⊥∋≻⋈∈⊥∋≻⋈∈⊥∋≻⋈∈⊤∋≻⋈∈⊥∋≻⋈∈⊥∋≻⋈∈⊥∋≻⋈∈⊤∋≻⋈∈⊤∋≻⋈∈⊤∋≻⋈∈⊥∋⊙⊡⊣
⊢≻⋈∈⊥∋≻⋈∈⊤∋≻⋈∈⊥∋≻⋈∈⊥∋≻⋈∈⊤∋≻⋈∈⊤∋≻⋈∈⊥∋≻⋈∈⊥∋≻⋈∈⊤∋≻⋈∈⊥∋≻⋈∈⊥∋⊙⊡⊣
⊢≻⋈∈⊤∋≻⋈∈⊤∋≻⋈∈⊤∋≻⋈∈⊤∋≻⋈∈⊤∋≻⋈∈⊥∋≻⋈∈⊤∋≻⋈∈⊤∋≻⋈∈⊤∋≻⋈∈⊤∋≻⋈∈⊤∋≻⋈∈⊤∋≻⋈∈⊥∋⊙⊡⊣
⊢≻⋈∈⊥∋≻⋈∈⊥∋≻⋈∈⊥∋≻⋈∈⊤∋≻⋈∈⊥∋≻⋈∈⊥∋≻⋈∈⊥∋⊙⊡⊣
⊢≻⋈∈⊥∋≻⋈∈⊤∋≻⋈∈⊤∋≻⋈∈⊥∋≻⋈∈⊥∋≻⋈∈⊥∋≻⋈∈⊥∋⊙⊡⊣
⊢≻⋈∈⊤∋≻⋈∈⊤∋≻⋈∈⊥∋≻⋈∈⊥∋⊙⊡⊣
⊢≻⋈∈⊤∋≻⋈∈⊤∋≻⋈∈⊥∋≻⋈∈⊤∋≻⋈∈⊤∋≻⋈∈⊥∋⊙⊡⊣
⊢≻⋈∈⊤∋≻⋈∈⊤∋≻⋈∈⊥∋≻⋈∈⊤∋≻⋈∈⊤∋≻⋈∈⊤∋≻⋈∈⊤∋≻⋈∈⊥∋⊙⊡⊣
⊢≻⋈∈⊥∋≻⋈∈⊤∋≻⋈∈⊤∋≻⋈∈⊤∋≻⋈∈⊥∋≻⋈∈⊥∋≻⋈∈⊥∋≻⋈∈⊥∋≻⋈∈⊤∋≻⋈∈⊥∋≻⋈∈⊤∋≻⋈∈⊥∋≻⋈∈⊤∋≻⋈∈⊤∋≻⋈∈⊥∋⊙⊡⊣
⊢≻⋈∈⊥∋≻⋈∈⊤∋≻⋈∈⊥∋≻⋈∈⊤∋≻⋈∈⊥∋≻⋈∈⊤∋≻⋈∈⊥∋⊙⊡⊣
⊢≻⋈∈⊥∋≻⋈∈⊥∋≻⋈∈⊤∋≻⋈∈⊤∋≻⋈∈⊥∋≻⋈∈⊥∋⊙⊡⊣
⊢≻⋈∈⊥∋≻⋈∈⊥∋≻⋈∈⊥∋≻⋈∈⊤∋≻⋈∈⊥∋≻⋈∈⊥∋≻⋈∈⊥∋≻⋈∈⊤∋≻⋈∈⊤∋≻⋈∈⊤∋≻⋈∈⊥∋⊙⊡⊣
⊢≻⋈∈⊥∋≻⋈∈⊤∋≻⋈∈⊥∋≻⋈∈⊥∋≻⋈∈⊤∋≻⋈∈⊤∋≻⋈∈⊥∋≻⋈∈⊥∋≻⋈∈⊤∋≻⋈∈⊥∋≻⋈∈⊥∋⊙⊡⊣
⊢≻⋈∈⊤∋≻⋈∈⊤∋≻⋈∈⊤∋≻⋈∈⊤∋≻⋈∈⊥∋≻⋈∈⊤∋≻⋈∈⊥∋≻⋈∈⊤∋≻⋈∈⊤∋≻⋈∈⊤∋≻⋈∈⊤∋≻⋈∈⊤∋≻⋈∈⊥∋⊙⊡⊣
⊢≻⋈∈⊥∋≻⋈∈⊥∋≻⋈∈⊥∋≻⋈∈⊤∋≻⋈∈⊥∋≻⋈∈⊥∋≻⋈∈⊥∋⊙⊡⊣
⊢≻⋈∈⊤∋≻⋈∈⊥∋≻⋈∈⊤∋≻⋈∈⊥∋≻⋈∈⊥∋≻⋈∈⊥∋≻⋈∈⊥∋⊙⊡⊣
⊢≻⋈∈⊤∋≻⋈∈⊤∋≻⋈∈⊥∋≻⋈∈⊥∋⊙⊡⊣
⊢≻⋈∈⊥∋≻⋈∈⊤∋≻⋈∈⊥∋≻⋈∈⊤∋≻⋈∈⊤∋≻⋈∈⊥∋⊙⊡⊣
⊢≻⋈∈⊥∋≻⋈∈⊤∋≻⋈∈⊥∋≻⋈∈⊤∋≻⋈∈⊤∋≻⋈∈⊤∋≻⋈∈⊤∋≻⋈∈⊥∋⊙⊡⊣
⊢≻⋈∈⊥∋≻⋈∈⊤∋≻⋈∈⊤∋≻⋈∈⊤∋≻⋈∈⊤∋≻⋈∈⊤∋≻⋈∈⊤∋≻⋈∈⊥∋≻⋈∈⊥∋≻⋈∈⊥∋≻⋈∈⊤∋≻⋈∈⊥∋≻⋈∈⊤∋≻⋈∈⊤∋≻⋈∈⊥∋⊙⊡⊣
⊢≻⋈∈⊤∋≻⋈∈⊥∋≻⋈∈⊥∋≻⋈∈⊤∋≻⋈∈⊥∋≻⋈∈⊤∋≻⋈∈⊥∋⊙⊡⊣
⊢≻⋈∈⊥∋≻⋈∈⊥∋≻⋈∈⊤∋≻⋈∈⊤∋≻⋈∈⊥∋≻⋈∈⊥∋⊙⊡⊣
⊢≻⋈∈⊥∋≻⋈∈⊥∋≻⋈∈⊥∋≻⋈∈⊤∋≻⋈∈⊥∋≻⋈∈⊥∋≻⋈∈⊥∋≻⋈∈⊤∋≻⋈∈⊤∋≻⋈∈⊤∋≻⋈∈⊥∋⊙⊡⊣
⊢≻⋈∈⊥∋≻⋈∈⊤∋≻⋈∈⊥∋≻⋈∈⊥∋≻⋈∈⊤∋≻⋈∈⊤∋≻⋈∈⊥∋≻⋈∈⊥∋≻⋈∈⊤∋≻⋈∈⊥∋≻⋈∈⊥∋⊙⊡⊣
⊢≻⋈∈⊤∋≻⋈∈⊤∋≻⋈∈⊤∋≻⋈∈⊤∋≻⋈∈⊤∋≻⋈∈⊤∋≻⋈∈⊤∋≻⋈∈⊥∋≻⋈∈⊤∋≻⋈∈⊤∋≻⋈∈⊤∋≻⋈∈⊤∋≻⋈∈⊥∋⊙⊡⊣
⊢≻⋈∈⊥∋≻⋈∈⊥∋≻⋈∈⊥∋≻⋈∈⊤∋≻⋈∈⊥∋≻⋈∈⊥∋≻⋈∈⊥∋⊙⊡⊣
⊢≻⋈∈⊥∋≻⋈∈⊥∋≻⋈∈⊤∋≻⋈∈⊥∋≻⋈∈⊥∋≻⋈∈⊥∋≻⋈∈⊥∋⊙⊡⊣
⊢≻⋈∈⊤∋≻⋈∈⊥∋≻⋈∈⊥∋≻⋈∈⊥∋⊙⊡⊣
⊢≻⋈∈⊤∋≻⋈∈⊥∋≻⋈∈⊤∋≻⋈∈⊤∋≻⋈∈⊤∋≻⋈∈⊥∋⊙⊡⊣
⊢≻⋈∈⊤∋≻⋈∈⊥∋≻⋈∈⊥∋≻⋈∈⊤∋≻⋈∈⊤∋≻⋈∈⊤∋≻⋈∈⊤∋≻⋈∈⊥∋⊙⊡⊣
⊢≻⋈∈⊤∋≻⋈∈⊤∋≻⋈∈⊥∋≻⋈∈⊤∋≻⋈∈⊥∋≻⋈∈⊤∋≻⋈∈⊤∋≻⋈∈⊤∋≻⋈∈⊤∋≻⋈∈⊤∋≻⋈∈⊥∋≻⋈∈⊥∋≻⋈∈⊤∋≻⋈∈⊤∋≻⋈∈⊥∋⊙⊡⊣
⊢≻⋈∈⊥∋≻⋈∈⊥∋≻⋈∈⊥∋≻⋈∈⊤∋≻⋈∈⊥∋≻⋈∈⊤∋≻⋈∈⊥∋⊙⊡⊣
⊢≻⋈∈⊤∋≻⋈∈⊥∋≻⋈∈⊥∋≻⋈∈⊤∋≻⋈∈⊥∋≻⋈∈⊥∋⊙⊡⊣
⊢≻⋈∈⊥∋≻⋈∈⊥∋≻⋈∈⊥∋≻⋈∈⊤∋≻⋈∈⊥∋≻⋈∈⊥∋≻⋈∈⊥∋≻⋈∈⊤∋≻⋈∈⊤∋≻⋈∈⊤∋≻⋈∈⊥∋⊙⊡⊣
⊢≻⋈∈⊥∋≻⋈∈⊤∋≻⋈∈⊥∋≻⋈∈⊥∋≻⋈∈⊤∋≻⋈∈⊤∋≻⋈∈⊥∋≻⋈∈⊥∋≻⋈∈⊤∋≻⋈∈⊥∋≻⋈∈⊥∋⊙⊡⊣
⊢≻⋈∈⊤∋≻⋈∈⊤∋≻⋈∈⊤∋≻⋈∈⊤∋≻⋈∈⊥∋≻⋈∈⊥∋≻⋈∈⊤∋≻⋈∈⊥∋≻⋈∈⊤∋≻⋈∈⊤∋≻⋈∈⊤∋≻⋈∈⊤∋≻⋈∈⊥∋⊙⊡⊣
⊢≻⋈∈⊥∋≻⋈∈⊥∋≻⋈∈⊥∋≻⋈∈⊤∋≻⋈∈⊥∋≻⋈∈⊥∋≻⋈∈⊥∋⊙⊡⊣
⊢≻⋈∈⊤∋≻⋈∈⊤∋≻⋈∈⊥∋≻⋈∈⊥∋≻⋈∈⊥∋≻⋈∈⊥∋≻⋈∈⊥∋⊙⊡⊣
⊢≻⋈∈⊤∋≻⋈∈⊥∋≻⋈∈⊥∋≻⋈∈⊥∋⊙⊡⊣
⊢≻⋈∈⊥∋≻⋈∈⊥∋≻⋈∈⊤∋≻⋈∈⊤∋≻⋈∈⊤∋≻⋈∈⊥∋⊙⊡⊣
⊢≻⋈∈⊥∋≻⋈∈⊥∋≻⋈∈⊥∋≻⋈∈⊤∋≻⋈∈⊤∋≻⋈∈⊤∋≻⋈∈⊤∋≻⋈∈⊥∋⊙⊡⊣
⊢≻⋈∈⊤∋≻⋈∈⊤∋≻⋈∈⊥∋≻⋈∈⊤∋≻⋈∈⊤∋≻⋈∈⊥∋≻⋈∈⊤∋≻⋈∈⊥∋≻⋈∈⊤∋≻⋈∈⊤∋≻⋈∈⊥∋≻⋈∈⊥∋≻⋈∈⊤∋≻⋈∈⊤∋≻⋈∈⊥∋⊙⊡⊣
⊢≻⋈∈⊤∋≻⋈∈⊤∋≻⋈∈⊤∋≻⋈∈⊥∋≻⋈∈⊥∋≻⋈∈⊤∋≻⋈∈⊥∋⊙⊡⊣
⊢≻⋈∈⊤∋≻⋈∈⊥∋≻⋈∈⊥∋≻⋈∈⊤∋≻⋈∈⊥∋≻⋈∈⊥∋⊙⊡⊣
⊢≻⋈∈⊥∋≻⋈∈⊥∋≻⋈∈⊥∋≻⋈∈⊤∋≻⋈∈⊥∋≻⋈∈⊥∋≻⋈∈⊥∋≻⋈∈⊤∋≻⋈∈⊤∋≻⋈∈⊤∋≻⋈∈⊥∋⊙⊡⊣
⊢≻⋈∈⊥∋≻⋈∈⊤∋≻⋈∈⊥∋≻⋈∈⊥∋≻⋈∈⊤∋≻⋈∈⊤∋≻⋈∈⊥∋≻⋈∈⊥∋≻⋈∈⊤∋≻⋈∈⊥∋≻⋈∈⊥∋⊙⊡⊣
⊢≻⋈∈⊤∋≻⋈∈⊤∋≻⋈∈⊤∋≻⋈∈⊤∋≻⋈∈⊤∋≻⋈∈⊥∋≻⋈∈⊥∋≻⋈∈⊥∋≻⋈∈⊤∋≻⋈∈⊤∋≻⋈∈⊤∋≻⋈∈⊤∋≻⋈∈⊥∋⊙⊡⊣
⊢≻⋈∈⊥∋≻⋈∈⊥∋≻⋈∈⊥∋≻⋈∈⊤∋≻⋈∈⊥∋≻⋈∈⊥∋≻⋈∈⊥∋⊙⊡⊣
⊢≻⋈∈⊥∋≻⋈∈⊤∋≻⋈∈⊥∋≻⋈∈⊥∋≻⋈∈⊥∋≻⋈∈⊥∋≻⋈∈⊥∋⊙⊡⊣
⊢≻⋈∈⊥∋≻⋈∈⊤∋≻⋈∈⊥∋≻⋈∈⊥∋⊙⊡⊣
⊢≻⋈∈⊥∋≻⋈∈⊥∋≻⋈∈⊤∋≻⋈∈⊤∋≻⋈∈⊤∋≻⋈∈⊥∋⊙⊡⊣
⊢≻⋈∈⊤∋≻⋈∈⊤∋≻⋈∈⊤∋≻⋈∈⊥∋≻⋈∈⊤∋≻⋈∈⊤∋≻⋈∈⊤∋≻⋈∈⊥∋⊙⊡⊣
⊢≻⋈∈⊥∋≻⋈∈⊥∋≻⋈∈⊥∋≻⋈∈⊤∋≻⋈∈⊥∋≻⋈∈⊥∋≻⋈∈⊤∋≻⋈∈⊤∋≻⋈∈⊥∋≻⋈∈⊤∋≻⋈∈⊥∋≻⋈∈⊥∋≻⋈∈⊤∋≻⋈∈⊤∋≻⋈∈⊥∋⊙⊡⊣
⊢≻⋈∈⊥∋≻⋈∈⊤∋≻⋈∈⊤∋≻⋈∈⊥∋≻⋈∈⊥∋≻⋈∈⊤∋≻⋈∈⊥∋⊙⊡⊣
⊢≻⋈∈⊤∋≻⋈∈⊥∋≻⋈∈⊥∋≻⋈∈⊤∋≻⋈∈⊥∋≻⋈∈⊥∋⊙⊡⊣
⊢≻⋈∈⊥∋≻⋈∈⊥∋≻⋈∈⊥∋≻⋈∈⊤∋≻⋈∈⊥∋≻⋈∈⊥∋≻⋈∈⊥∋≻⋈∈⊤∋≻⋈∈⊤∋≻⋈∈⊤∋≻⋈∈⊥∋⊙⊡⊣
⊢≻⋈∈⊥∋≻⋈∈⊤∋≻⋈∈⊥∋≻⋈∈⊥∋≻⋈∈⊤∋≻⋈∈⊤∋≻⋈∈⊥∋≻⋈∈⊥∋≻⋈∈⊤∋≻⋈∈⊥∋≻⋈∈⊥∋⊙⊡⊣
⊢≻⋈∈⊤∋≻⋈∈⊤∋≻⋈∈⊤∋≻⋈∈⊤∋≻⋈∈⊥∋≻⋈∈⊤∋≻⋈∈⊤∋≻⋈∈⊤∋≻⋈∈⊥∋≻⋈∈⊤∋≻⋈∈⊤∋≻⋈∈⊤∋≻⋈∈⊥∋⊙⊡⊣
⊢≻⋈∈⊥∋≻⋈∈⊥∋≻⋈∈⊥∋≻⋈∈⊤∋≻⋈∈⊥∋≻⋈∈⊥∋≻⋈∈⊥∋⊙⊡⊣
⊢≻⋈∈⊤∋≻⋈∈⊥∋≻⋈∈⊥∋≻⋈∈⊥∋≻⋈∈⊥∋≻⋈∈⊥∋≻⋈∈⊥∋⊙⊡⊣
⊢≻⋈∈⊥∋≻⋈∈⊤∋≻⋈∈⊥∋≻⋈∈⊥∋⊙⊡⊣
⊢≻⋈∈⊤∋≻⋈∈⊤∋≻⋈∈⊥∋≻⋈∈⊤∋≻⋈∈⊤∋≻⋈∈⊥∋⊙⊡⊣
⊢≻⋈∈⊥∋≻⋈∈⊤∋≻⋈∈⊤∋≻⋈∈⊥∋≻⋈∈⊤∋≻⋈∈⊤∋≻⋈∈⊤∋≻⋈∈⊥∋⊙⊡⊣
⊢≻⋈∈⊥∋≻⋈∈⊥∋≻⋈∈⊥∋≻⋈∈⊤∋≻⋈∈⊤∋≻⋈∈⊤∋≻⋈∈⊥∋≻⋈∈⊥∋≻⋈∈⊥∋≻⋈∈⊤∋≻⋈∈⊥∋≻⋈∈⊥∋≻⋈∈⊤∋≻⋈∈⊤∋≻⋈∈⊥∋⊙⊡⊣
⊢≻⋈∈⊤∋≻⋈∈⊥∋≻⋈∈⊤∋≻⋈∈⊥∋≻⋈∈⊥∋≻⋈∈⊤∋≻⋈∈⊥∋⊙⊡⊣
⊢≻⋈∈⊤∋≻⋈∈⊤∋≻⋈∈⊤∋≻⋈∈⊥∋≻⋈∈⊥∋≻⋈∈⊥∋⊙⊡⊣
⊢≻⋈∈⊥∋≻⋈∈⊥∋≻⋈∈⊥∋≻⋈∈⊤∋≻⋈∈⊥∋≻⋈∈⊥∋≻⋈∈⊥∋≻⋈∈⊤∋≻⋈∈⊤∋≻⋈∈⊤∋≻⋈∈⊥∋⊙⊡⊣
⊢≻⋈∈⊥∋≻⋈∈⊤∋≻⋈∈⊥∋≻⋈∈⊥∋≻⋈∈⊤∋≻⋈∈⊤∋≻⋈∈⊥∋≻⋈∈⊥∋≻⋈∈⊤∋≻⋈∈⊥∋≻⋈∈⊥∋⊙⊡⊣
⊢≻⋈∈⊤∋≻⋈∈⊤∋≻⋈∈⊤∋≻⋈∈⊤∋≻⋈∈⊤∋≻⋈∈⊤∋≻⋈∈⊥∋≻⋈∈⊤∋≻⋈∈⊥∋≻⋈∈⊤∋≻⋈∈⊤∋≻⋈∈⊤∋≻⋈∈⊥∋⊙⊡⊣
⊢≻⋈∈⊥∋≻⋈∈⊥∋≻⋈∈⊥∋≻⋈∈⊤∋≻⋈∈⊥∋≻⋈∈⊥∋≻⋈∈⊥∋⊙⊡⊣
⊢≻⋈∈⊥∋≻⋈∈⊥∋≻⋈∈⊥∋≻⋈∈⊥∋≻⋈∈⊥∋≻⋈∈⊥∋≻⋈∈⊥∋⊙⊡⊣
⊢≻⋈∈⊤∋≻⋈∈⊤∋≻⋈∈⊤∋≻⋈∈⊥∋≻⋈∈⊥∋⊙⊡⊣
⊢≻⋈∈⊤∋≻⋈∈⊤∋≻⋈∈⊤∋≻⋈∈⊥∋≻⋈∈⊥∋⊙⊡⊣
⊢≻⋈∈⊤∋≻⋈∈⊥∋≻⋈∈⊤∋≻⋈∈⊥∋≻⋈∈⊤∋≻⋈∈⊤∋≻⋈∈⊤∋≻⋈∈⊥∋⊙⊡⊣
⊢≻⋈∈⊤∋≻⋈∈⊥∋≻⋈∈⊤∋≻⋈∈⊥∋≻⋈∈⊥∋≻⋈∈⊤∋≻⋈∈⊥∋≻⋈∈⊤∋≻⋈∈⊤∋≻⋈∈⊥∋≻⋈∈⊥∋≻⋈∈⊥∋≻⋈∈⊤∋≻⋈∈⊤∋≻⋈∈⊥∋⊙⊡⊣
⊢≻⋈∈⊥∋≻⋈∈⊤∋≻⋈∈⊥∋≻⋈∈⊥∋≻⋈∈⊥∋≻⋈∈⊤∋≻⋈∈⊥∋⊙⊡⊣
⊢≻⋈∈⊥∋≻⋈∈⊥∋≻⋈∈⊤∋≻⋈∈⊥∋≻⋈∈⊥∋≻⋈∈⊥∋⊙⊡⊣
⊢≻⋈∈⊥∋≻⋈∈⊥∋≻⋈∈⊥∋≻⋈∈⊤∋≻⋈∈⊥∋≻⋈∈⊥∋≻⋈∈⊥∋≻⋈∈⊤∋≻⋈∈⊤∋≻⋈∈⊤∋≻⋈∈⊥∋⊙⊡⊣
⊢≻⋈∈⊥∋≻⋈∈⊤∋≻⋈∈⊥∋≻⋈∈⊥∋≻⋈∈⊤∋≻⋈∈⊤∋≻⋈∈⊥∋≻⋈∈⊥∋≻⋈∈⊤∋≻⋈∈⊥∋≻⋈∈⊥∋⊙⊡⊣
⊢≻⋈∈⊤∋≻⋈∈⊤∋≻⋈∈⊤∋≻⋈∈⊤∋≻⋈∈⊥∋≻⋈∈⊤∋≻⋈∈⊥∋≻⋈∈⊥∋≻⋈∈⊥∋≻⋈∈⊤∋≻⋈∈⊤∋≻⋈∈⊤∋≻⋈∈⊥∋⊙⊡⊣
⊢≻⋈∈⊥∋≻⋈∈⊥∋≻⋈∈⊥∋≻⋈∈⊤∋≻⋈∈⊥∋≻⋈∈⊥∋≻⋈∈⊥∋⊙⊡⊣
⊢≻⋈∈⊤∋≻⋈∈⊤∋≻⋈∈⊤∋≻⋈∈⊤∋≻⋈∈⊤∋≻⋈∈⊤∋≻⋈∈⊤∋≻⋈∈⊥∋⊙⊡⊣
⊢≻⋈∈⊤∋≻⋈∈⊤∋≻⋈∈⊤∋≻⋈∈⊥∋≻⋈∈⊥∋⊙⊡⊣
⊢≻⋈∈⊥∋≻⋈∈⊤∋≻⋈∈⊤∋≻⋈∈⊥∋≻⋈∈⊥∋⊙⊡⊣
⊢≻⋈∈⊥∋≻⋈∈⊥∋≻⋈∈⊤∋≻⋈∈⊥∋≻⋈∈⊤∋≻⋈∈⊤∋≻⋈∈⊤∋≻⋈∈⊥∋⊙⊡⊣
⊢≻⋈∈⊤∋≻⋈∈⊥∋≻⋈∈⊤∋≻⋈∈⊥∋≻⋈∈⊤∋≻⋈∈⊥∋≻⋈∈⊥∋≻⋈∈⊥∋≻⋈∈⊤∋≻⋈∈⊥∋≻⋈∈⊥∋≻⋈∈⊥∋≻⋈∈⊤∋≻⋈∈⊤∋≻⋈∈⊥∋⊙⊡⊣
⊢≻⋈∈⊤∋≻⋈∈⊥∋≻⋈∈⊥∋≻⋈∈⊥∋≻⋈∈⊥∋≻⋈∈⊤∋≻⋈∈⊥∋⊙⊡⊣
⊢≻⋈∈⊥∋≻⋈∈⊥∋≻⋈∈⊤∋≻⋈∈⊥∋≻⋈∈⊥∋≻⋈∈⊥∋⊙⊡⊣
⊢≻⋈∈⊥∋≻⋈∈⊥∋≻⋈∈⊥∋≻⋈∈⊤∋≻⋈∈⊥∋≻⋈∈⊥∋≻⋈∈⊥∋≻⋈∈⊤∋≻⋈∈⊤∋≻⋈∈⊤∋≻⋈∈⊥∋⊙⊡⊣
⊢≻⋈∈⊥∋≻⋈∈⊤∋≻⋈∈⊥∋≻⋈∈⊥∋≻⋈∈⊤∋≻⋈∈⊤∋≻⋈∈⊥∋≻⋈∈⊥∋≻⋈∈⊤∋≻⋈∈⊥∋≻⋈∈⊥∋⊙⊡⊣
⊢≻⋈∈⊤∋≻⋈∈⊤∋≻⋈∈⊤∋≻⋈∈⊤∋≻⋈∈⊤∋≻⋈∈⊤∋≻⋈∈⊤∋≻⋈∈⊤∋≻⋈∈⊤∋≻⋈∈⊥∋≻⋈∈⊤∋≻⋈∈⊤∋≻⋈∈⊥∋⊙⊡⊣
⊢≻⋈∈⊥∋≻⋈∈⊥∋≻⋈∈⊥∋≻⋈∈⊤∋≻⋈∈⊥∋≻⋈∈⊥∋≻⋈∈⊥∋⊙⊡⊣
⊢≻⋈∈⊥∋≻⋈∈⊤∋≻⋈∈⊤∋≻⋈∈⊤∋≻⋈∈⊤∋≻⋈∈⊤∋≻⋈∈⊤∋≻⋈∈⊥∋⊙⊡⊣
⊢≻⋈∈⊥∋≻⋈∈⊥∋≻⋈∈⊥∋≻⋈∈⊤∋≻⋈∈⊥∋⊙⊡⊣
⊢≻⋈∈⊥∋≻⋈∈⊤∋≻⋈∈⊤∋≻⋈∈⊥∋≻⋈∈⊥∋⊙⊡⊣
⊢≻⋈∈⊤∋≻⋈∈⊤∋≻⋈∈⊥∋≻⋈∈⊥∋≻⋈∈⊤∋≻⋈∈⊤∋≻⋈∈⊤∋≻⋈∈⊥∋⊙⊡⊣
⊢≻⋈∈⊥∋≻⋈∈⊤∋≻⋈∈⊥∋≻⋈∈⊥∋≻⋈∈⊥∋≻⋈∈⊥∋≻⋈∈⊥∋≻⋈∈⊤∋≻⋈∈⊥∋≻⋈∈⊥∋≻⋈∈⊥∋≻⋈∈⊥∋≻⋈∈⊤∋≻⋈∈⊤∋≻⋈∈⊥∋⊙⊡⊣
⊢≻⋈∈⊥∋≻⋈∈⊤∋≻⋈∈⊤∋≻⋈∈⊤∋≻⋈∈⊤∋≻⋈∈⊥∋≻⋈∈⊥∋⊙⊡⊣
⊢≻⋈∈⊥∋≻⋈∈⊤∋≻⋈∈⊥∋≻⋈∈⊥∋≻⋈∈⊥∋≻⋈∈⊥∋⊙⊡⊣
⊢≻⋈∈⊥∋≻⋈∈⊥∋≻⋈∈⊥∋≻⋈∈⊤∋≻⋈∈⊥∋≻⋈∈⊥∋≻⋈∈⊥∋≻⋈∈⊤∋≻⋈∈⊤∋≻⋈∈⊤∋≻⋈∈⊥∋⊙⊡⊣
⊢≻⋈∈⊥∋≻⋈∈⊤∋≻⋈∈⊥∋≻⋈∈⊥∋≻⋈∈⊤∋≻⋈∈⊤∋≻⋈∈⊥∋≻⋈∈⊥∋≻⋈∈⊤∋≻⋈∈⊥∋≻⋈∈⊥∋⊙⊡⊣
⊢≻⋈∈⊤∋≻⋈∈⊤∋≻⋈∈⊤∋≻⋈∈⊤∋≻⋈∈⊥∋≻⋈∈⊤∋≻⋈∈⊤∋≻⋈∈⊥∋≻⋈∈⊤∋≻⋈∈⊥∋≻⋈∈⊤∋≻⋈∈⊤∋≻⋈∈⊥∋⊙⊡⊣
⊢≻⋈∈⊥∋≻⋈∈⊥∋≻⋈∈⊥∋≻⋈∈⊤∋≻⋈∈⊥∋≻⋈∈⊥∋≻⋈∈⊥∋⊙⊡⊣
⊢≻⋈∈⊤∋≻⋈∈⊥∋≻⋈∈⊤∋≻⋈∈⊤∋≻⋈∈⊤∋≻⋈∈⊤∋≻⋈∈⊤∋≻⋈∈⊥∋⊙⊡⊣
⊢≻⋈∈⊥∋≻⋈∈⊥∋≻⋈∈⊥∋≻⋈∈⊤∋≻⋈∈⊥∋⊙⊡⊣
⊢≻⋈∈⊤∋≻⋈∈⊥∋≻⋈∈⊤∋≻⋈∈⊥∋≻⋈∈⊥∋⊙⊡⊣
⊢≻⋈∈⊥∋≻⋈∈⊤∋≻⋈∈⊥∋≻⋈∈⊥∋≻⋈∈⊤∋≻⋈∈⊤∋≻⋈∈⊤∋≻⋈∈⊥∋⊙⊡⊣
⊢≻⋈∈⊥∋≻⋈∈⊤∋≻⋈∈⊥∋≻⋈∈⊥∋≻⋈∈⊤∋≻⋈∈⊤∋≻⋈∈⊤∋≻⋈∈⊤∋≻⋈∈⊤∋≻⋈∈⊤∋≻⋈∈⊤∋≻⋈∈⊤∋≻⋈∈⊥∋≻⋈∈⊤∋≻⋈∈⊥∋⊙⊡⊣
⊢≻⋈∈⊤∋≻⋈∈⊥∋≻⋈∈⊤∋≻⋈∈⊤∋≻⋈∈⊤∋≻⋈∈⊥∋≻⋈∈⊥∋⊙⊡⊣
⊢≻⋈∈⊤∋≻⋈∈⊥∋≻⋈∈⊥∋≻⋈∈⊥∋≻⋈∈⊥∋≻⋈∈⊥∋⊙⊡⊣
⊢≻⋈∈⊥∋≻⋈∈⊥∋≻⋈∈⊥∋≻⋈∈⊤∋≻⋈∈⊥∋≻⋈∈⊥∋≻⋈∈⊥∋≻⋈∈⊤∋≻⋈∈⊤∋≻⋈∈⊤∋≻⋈∈⊥∋⊙⊡⊣
⊢≻⋈∈⊥∋≻⋈∈⊤∋≻⋈∈⊥∋≻⋈∈⊥∋≻⋈∈⊤∋≻⋈∈⊤∋≻⋈∈⊥∋≻⋈∈⊥∋≻⋈∈⊤∋≻⋈∈⊥∋≻⋈∈⊥∋⊙⊡⊣
⊢≻⋈∈⊤∋≻⋈∈⊤∋≻⋈∈⊤∋≻⋈∈⊤∋≻⋈∈⊤∋≻⋈∈⊤∋≻⋈∈⊥∋≻⋈∈⊥∋≻⋈∈⊤∋≻⋈∈⊥∋≻⋈∈⊤∋≻⋈∈⊤∋≻⋈∈⊥∋⊙⊡⊣
⊢≻⋈∈⊥∋≻⋈∈⊥∋≻⋈∈⊥∋≻⋈∈⊤∋≻⋈∈⊥∋≻⋈∈⊥∋≻⋈∈⊥∋⊙⊡⊣
⊢≻⋈∈⊥∋≻⋈∈⊥∋≻⋈∈⊤∋≻⋈∈⊤∋≻⋈∈⊤∋≻⋈∈⊤∋≻⋈∈⊤∋≻⋈∈⊥∋⊙⊡⊣
⊢≻⋈∈⊤∋≻⋈∈⊥∋≻⋈∈⊥∋≻⋈∈⊤∋≻⋈∈⊥∋⊙⊡⊣
⊢≻⋈∈⊤∋≻⋈∈⊥∋≻⋈∈⊤∋≻⋈∈⊥∋≻⋈∈⊥∋⊙⊡⊣
⊢≻⋈∈⊤∋≻⋈∈⊥∋≻⋈∈⊥∋≻⋈∈⊥∋≻⋈∈⊤∋≻⋈∈⊤∋≻⋈∈⊤∋≻⋈∈⊥∋⊙⊡⊣
⊢≻⋈∈⊤∋≻⋈∈⊤∋≻⋈∈⊤∋≻⋈∈⊤∋≻⋈∈⊤∋≻⋈∈⊥∋≻⋈∈⊤∋≻⋈∈⊥∋≻⋈∈⊤∋≻⋈∈⊤∋≻⋈∈⊤∋≻⋈∈⊤∋≻⋈∈⊥∋≻⋈∈⊤∋≻⋈∈⊥∋⊙⊡⊣
⊢≻⋈∈⊥∋≻⋈∈⊤∋≻⋈∈⊥∋≻⋈∈⊤∋≻⋈∈⊤∋≻⋈∈⊥∋≻⋈∈⊥∋⊙⊡⊣
⊢≻⋈∈⊤∋≻⋈∈⊤∋≻⋈∈⊤∋≻⋈∈⊤∋≻⋈∈⊤∋≻⋈∈⊤∋≻⋈∈⊥∋⊙⊡⊣
⊢≻⋈∈⊥∋≻⋈∈⊥∋≻⋈∈⊥∋≻⋈∈⊤∋≻⋈∈⊥∋≻⋈∈⊥∋≻⋈∈⊥∋≻⋈∈⊤∋≻⋈∈⊤∋≻⋈∈⊤∋≻⋈∈⊥∋⊙⊡⊣
⊢≻⋈∈⊥∋≻⋈∈⊤∋≻⋈∈⊥∋≻⋈∈⊥∋≻⋈∈⊤∋≻⋈∈⊤∋≻⋈∈⊥∋≻⋈∈⊥∋≻⋈∈⊤∋≻⋈∈⊥∋≻⋈∈⊥∋⊙⊡⊣
⊢≻⋈∈⊤∋≻⋈∈⊤∋≻⋈∈⊤∋≻⋈∈⊤∋≻⋈∈⊥∋≻⋈∈⊤∋≻⋈∈⊥∋≻⋈∈⊤∋≻⋈∈⊥∋≻⋈∈⊥∋≻⋈∈⊤∋≻⋈∈⊤∋≻⋈∈⊥∋⊙⊡⊣
⊢≻⋈∈⊥∋≻⋈∈⊥∋≻⋈∈⊥∋≻⋈∈⊤∋≻⋈∈⊥∋≻⋈∈⊥∋≻⋈∈⊥∋⊙⊡⊣
⊢≻⋈∈⊤∋≻⋈∈⊤∋≻⋈∈⊥∋≻⋈∈⊤∋≻⋈∈⊤∋≻⋈∈⊤∋≻⋈∈⊤∋≻⋈∈⊥∋⊙⊡⊣
⊢≻⋈∈⊤∋≻⋈∈⊥∋≻⋈∈⊥∋≻⋈∈⊤∋≻⋈∈⊥∋⊙⊡⊣
⊢≻⋈∈⊥∋≻⋈∈⊥∋≻⋈∈⊤∋≻⋈∈⊥∋≻⋈∈⊥∋⊙⊡⊣
⊢≻⋈∈⊥∋≻⋈∈⊥∋≻⋈∈⊥∋≻⋈∈⊥∋≻⋈∈⊤∋≻⋈∈⊤∋≻⋈∈⊤∋≻⋈∈⊥∋⊙⊡⊣
⊢≻⋈∈⊤∋≻⋈∈⊤∋≻⋈∈⊤∋≻⋈∈⊤∋≻⋈∈⊥∋≻⋈∈⊥∋≻⋈∈⊤∋≻⋈∈⊤∋≻⋈∈⊥∋≻⋈∈⊤∋≻⋈∈⊤∋≻⋈∈⊤∋≻⋈∈⊥∋≻⋈∈⊤∋≻⋈∈⊥∋⊙⊡⊣
⊢≻⋈∈⊤∋≻⋈∈⊥∋≻⋈∈⊥∋≻⋈∈⊤∋≻⋈∈⊤∋≻⋈∈⊥∋≻⋈∈⊥∋⊙⊡⊣
⊢≻⋈∈⊤∋≻⋈∈⊥∋≻⋈∈⊤∋≻⋈∈⊤∋≻⋈∈⊤∋≻⋈∈⊤∋≻⋈∈⊥∋⊙⊡⊣
⊢≻⋈∈⊥∋≻⋈∈⊥∋≻⋈∈⊥∋≻⋈∈⊤∋≻⋈∈⊥∋≻⋈∈⊥∋≻⋈∈⊥∋≻⋈∈⊤∋≻⋈∈⊤∋≻⋈∈⊤∋≻⋈∈⊥∋⊙⊡⊣
⊢≻⋈∈⊥∋≻⋈∈⊤∋≻⋈∈⊥∋≻⋈∈⊥∋≻⋈∈⊤∋≻⋈∈⊤∋≻⋈∈⊥∋≻⋈∈⊥∋≻⋈∈⊤∋≻⋈∈⊥∋≻⋈∈⊥∋⊙⊡⊣
⊢≻⋈∈⊤∋≻⋈∈⊤∋≻⋈∈⊤∋≻⋈∈⊤∋≻⋈∈⊤∋≻⋈∈⊤∋≻⋈∈⊤∋≻⋈∈⊥∋≻⋈∈⊥∋≻⋈∈⊥∋≻⋈∈⊤∋≻⋈∈⊤∋≻⋈∈⊥∋⊙⊡⊣
⊢≻⋈∈⊥∋≻⋈∈⊥∋≻⋈∈⊥∋≻⋈∈⊤∋≻⋈∈⊥∋≻⋈∈⊥∋≻⋈∈⊥∋⊙⊡⊣
⊢≻⋈∈⊥∋≻⋈∈⊤∋≻⋈∈⊥∋≻⋈∈⊤∋≻⋈∈⊤∋≻⋈∈⊤∋≻⋈∈⊤∋≻⋈∈⊥∋⊙⊡⊣
⊢≻⋈∈⊥∋≻⋈∈⊤∋≻⋈∈⊥∋⊙⊡⊣
⊢≻⋈∈⊥∋≻⋈∈⊥∋≻⋈∈⊤∋≻⋈∈⊥∋≻⋈∈⊤∋≻⋈∈⊥∋⊙⊡⊣
⊢≻⋈∈⊤∋≻⋈∈⊤∋≻⋈∈⊤∋≻⋈∈⊤∋≻⋈∈⊥∋≻⋈∈⊤∋≻⋈∈⊤∋≻⋈∈⊥∋⊙⊡⊣
⊢≻⋈∈⊥∋≻⋈∈⊥∋≻⋈∈⊤∋≻⋈∈⊤∋≻⋈∈⊤∋≻⋈∈⊤∋≻⋈∈⊥∋≻⋈∈⊥∋≻⋈∈⊥∋≻⋈∈⊤∋≻⋈∈⊤∋≻⋈∈⊤∋≻⋈∈⊥∋≻⋈∈⊤∋≻⋈∈⊥∋⊙⊡⊣
⊢≻⋈∈⊥∋≻⋈∈⊥∋≻⋈∈⊥∋≻⋈∈⊤∋≻⋈∈⊤∋≻⋈∈⊥∋≻⋈∈⊥∋⊙⊡⊣
⊢≻⋈∈⊤∋≻⋈∈⊤∋≻⋈∈⊥∋≻⋈∈⊤∋≻⋈∈⊤∋≻⋈∈⊤∋≻⋈∈⊥∋⊙⊡⊣
⊢≻⋈∈⊥∋≻⋈∈⊥∋≻⋈∈⊥∋≻⋈∈⊤∋≻⋈∈⊥∋≻⋈∈⊥∋≻⋈∈⊥∋≻⋈∈⊤∋≻⋈∈⊤∋≻⋈∈⊤∋≻⋈∈⊥∋⊙⊡⊣
⊢≻⋈∈⊥∋≻⋈∈⊤∋≻⋈∈⊥∋≻⋈∈⊥∋≻⋈∈⊤∋≻⋈∈⊤∋≻⋈∈⊥∋≻⋈∈⊥∋≻⋈∈⊤∋≻⋈∈⊥∋≻⋈∈⊥∋⊙⊡⊣
⊢≻⋈∈⊤∋≻⋈∈⊤∋≻⋈∈⊤∋≻⋈∈⊤∋≻⋈∈⊥∋≻⋈∈⊥∋≻⋈∈⊤∋≻⋈∈⊥∋≻⋈∈⊥∋≻⋈∈⊥∋≻⋈∈⊤∋≻⋈∈⊤∋≻⋈∈⊥∋⊙⊡⊣
⊢≻⋈∈⊥∋≻⋈∈⊥∋≻⋈∈⊥∋≻⋈∈⊤∋≻⋈∈⊥∋≻⋈∈⊥∋≻⋈∈⊥∋⊙⊡⊣
⊢≻⋈∈⊤∋≻⋈∈⊤∋≻⋈∈⊤∋≻⋈∈⊥∋≻⋈∈⊤∋≻⋈∈⊤∋≻⋈∈⊤∋≻⋈∈⊥∋⊙⊡⊣
⊢≻⋈∈⊤∋≻⋈∈⊥∋≻⋈∈⊥∋⊙⊡⊣
⊢≻⋈∈⊤∋≻⋈∈⊥∋≻⋈∈⊤∋≻⋈∈⊥∋≻⋈∈⊤∋≻⋈∈⊥∋⊙⊡⊣
⊢≻⋈∈⊥∋≻⋈∈⊤∋≻⋈∈⊤∋≻⋈∈⊤∋≻⋈∈⊥∋≻⋈∈⊤∋≻⋈∈⊤∋≻⋈∈⊥∋⊙⊡⊣
⊢≻⋈∈⊤∋≻⋈∈⊥∋≻⋈∈⊥∋≻⋈∈⊤∋≻⋈∈⊥∋≻⋈∈⊤∋≻⋈∈⊥∋≻⋈∈⊤∋≻⋈∈⊤∋≻⋈∈⊥∋≻⋈∈⊤∋≻⋈∈⊤∋≻⋈∈⊥∋≻⋈∈⊤∋≻⋈∈⊥∋⊙⊡⊣
⊢≻⋈∈⊥∋≻⋈∈⊥∋≻⋈∈⊤∋≻⋈∈⊥∋≻⋈∈⊤∋≻⋈∈⊥∋≻⋈∈⊥∋⊙⊡⊣
⊢≻⋈∈⊥∋≻⋈∈⊥∋≻⋈∈⊥∋≻⋈∈⊤∋≻⋈∈⊤∋≻⋈∈⊤∋≻⋈∈⊥∋⊙⊡⊣
⊢≻⋈∈⊥∋≻⋈∈⊥∋≻⋈∈⊥∋≻⋈∈⊤∋≻⋈∈⊥∋≻⋈∈⊥∋≻⋈∈⊥∋≻⋈∈⊤∋≻⋈∈⊤∋≻⋈∈⊤∋≻⋈∈⊥∋⊙⊡⊣
⊢≻⋈∈⊥∋≻⋈∈⊤∋≻⋈∈⊥∋≻⋈∈⊥∋≻⋈∈⊤∋≻⋈∈⊤∋≻⋈∈⊥∋≻⋈∈⊥∋≻⋈∈⊤∋≻⋈∈⊥∋≻⋈∈⊥∋⊙⊡⊣
⊢≻⋈∈⊤∋≻⋈∈⊤∋≻⋈∈⊤∋≻⋈∈⊤∋≻⋈∈⊥∋≻⋈∈⊥∋≻⋈∈⊥∋≻⋈∈⊤∋≻⋈∈⊤∋≻⋈∈⊤∋≻⋈∈⊥∋≻⋈∈⊤∋≻⋈∈⊥∋⊙⊡⊣
⊢≻⋈∈⊥∋≻⋈∈⊥∋≻⋈∈⊥∋≻⋈∈⊤∋≻⋈∈⊥∋≻⋈∈⊥∋≻⋈∈⊥∋⊙⊡⊣
⊢≻⋈∈⊥∋≻⋈∈⊥∋≻⋈∈⊤∋≻⋈∈⊥∋≻⋈∈⊤∋≻⋈∈⊤∋≻⋈∈⊤∋≻⋈∈⊥∋⊙⊡⊣
⊢≻⋈∈⊥∋≻⋈∈⊥∋≻⋈∈⊥∋⊙⊡⊣
⊢≻⋈∈⊥∋≻⋈∈⊤∋≻⋈∈⊤∋≻⋈∈⊥∋≻⋈∈⊤∋≻⋈∈⊥∋⊙⊡⊣
⊢≻⋈∈⊤∋≻⋈∈⊥∋≻⋈∈⊤∋≻⋈∈⊤∋≻⋈∈⊥∋≻⋈∈⊤∋≻⋈∈⊤∋≻⋈∈⊥∋⊙⊡⊣
⊢≻⋈∈⊥∋≻⋈∈⊤∋≻⋈∈⊤∋≻⋈∈⊥∋≻⋈∈⊤∋≻⋈∈⊥∋≻⋈∈⊥∋≻⋈∈⊥∋≻⋈∈⊤∋≻⋈∈⊥∋≻⋈∈⊤∋≻⋈∈⊤∋≻⋈∈⊥∋≻⋈∈⊤∋≻⋈∈⊥∋⊙⊡⊣
⊢≻⋈∈⊥∋≻⋈∈⊥∋≻⋈∈⊥∋≻⋈∈⊥∋≻⋈∈⊤∋≻⋈∈⊥∋≻⋈∈⊥∋⊙⊡⊣
⊢≻⋈∈⊥∋≻⋈∈⊤∋≻⋈∈⊤∋≻⋈∈⊥∋≻⋈∈⊤∋≻⋈∈⊤∋≻⋈∈⊥∋⊙⊡⊣
⊢≻⋈∈⊥∋≻⋈∈⊥∋≻⋈∈⊥∋≻⋈∈⊤∋≻⋈∈⊥∋≻⋈∈⊥∋≻⋈∈⊥∋≻⋈∈⊤∋≻⋈∈⊤∋≻⋈∈⊤∋≻⋈∈⊥∋⊙⊡⊣
⊢≻⋈∈⊥∋≻⋈∈⊤∋≻⋈∈⊥∋≻⋈∈⊥∋≻⋈∈⊤∋≻⋈∈⊤∋≻⋈∈⊥∋≻⋈∈⊥∋≻⋈∈⊤∋≻⋈∈⊥∋≻⋈∈⊥∋⊙⊡⊣
⊢≻⋈∈⊤∋≻⋈∈⊤∋≻⋈∈⊤∋≻⋈∈⊤∋≻⋈∈⊥∋≻⋈∈⊥∋≻⋈∈⊤∋≻⋈∈⊤∋≻⋈∈⊥∋≻⋈∈⊤∋≻⋈∈⊥∋≻⋈∈⊤∋≻⋈∈⊥∋⊙⊡⊣
⊢≻⋈∈⊥∋≻⋈∈⊥∋≻⋈∈⊥∋≻⋈∈⊤∋≻⋈∈⊥∋≻⋈∈⊥∋≻⋈∈⊥∋⊙⊡⊣
⊢≻⋈∈⊤∋≻⋈∈⊥∋≻⋈∈⊥∋≻⋈∈⊥∋≻⋈∈⊤∋≻⋈∈⊤∋≻⋈∈⊤∋≻⋈∈⊥∋⊙⊡⊣
⊢≻⋈∈⊤∋≻⋈∈⊤∋≻⋈∈⊤∋≻⋈∈⊥∋⊙⊡⊣
⊢≻⋈∈⊤∋≻⋈∈⊤∋≻⋈∈⊤∋≻⋈∈⊥∋≻⋈∈⊤∋≻⋈∈⊥∋⊙⊡⊣
⊢≻⋈∈⊥∋≻⋈∈⊥∋≻⋈∈⊤∋≻⋈∈⊤∋≻⋈∈⊥∋≻⋈∈⊤∋≻⋈∈⊤∋≻⋈∈⊥∋⊙⊡⊣
⊢≻⋈∈⊤∋≻⋈∈⊤∋≻⋈∈⊥∋≻⋈∈⊥∋≻⋈∈⊥∋≻⋈∈⊥∋≻⋈∈⊥∋≻⋈∈⊤∋≻⋈∈⊥∋≻⋈∈⊥∋≻⋈∈⊤∋≻⋈∈⊤∋≻⋈∈⊥∋≻⋈∈⊤∋≻⋈∈⊥∋⊙⊡⊣
⊢≻⋈∈⊥∋≻⋈∈⊥∋≻⋈∈⊤∋≻⋈∈⊤∋≻⋈∈⊥∋≻⋈∈⊥∋≻⋈∈⊥∋⊙⊡⊣
⊢≻⋈∈⊤∋≻⋈∈⊤∋≻⋈∈⊥∋≻⋈∈⊥∋≻⋈∈⊤∋≻⋈∈⊤∋≻⋈∈⊥∋⊙⊡⊣
⊢≻⋈∈⊥∋≻⋈∈⊥∋≻⋈∈⊥∋≻⋈∈⊤∋≻⋈∈⊥∋≻⋈∈⊥∋≻⋈∈⊥∋≻⋈∈⊤∋≻⋈∈⊤∋≻⋈∈⊤∋≻⋈∈⊥∋⊙⊡⊣
⊢≻⋈∈⊥∋≻⋈∈⊤∋≻⋈∈⊥∋≻⋈∈⊥∋≻⋈∈⊤∋≻⋈∈⊤∋≻⋈∈⊥∋≻⋈∈⊥∋≻⋈∈⊤∋≻⋈∈⊥∋≻⋈∈⊥∋⊙⊡⊣
⊢≻⋈∈⊤∋≻⋈∈⊤∋≻⋈∈⊤∋≻⋈∈⊤∋≻⋈∈⊥∋≻⋈∈⊥∋≻⋈∈⊥∋≻⋈∈⊥∋≻⋈∈⊥∋≻⋈∈⊤∋≻⋈∈⊥∋≻⋈∈⊤∋≻⋈∈⊥∋⊙⊡⊣
⊢≻⋈∈⊤∋≻⋈∈⊥∋≻⋈∈⊤∋≻⋈∈⊥∋≻⋈∈⊥∋≻⋈∈⊥∋≻⋈∈⊥∋⊙⊡⊣
⊢≻⋈∈⊥∋≻⋈∈⊥∋≻⋈∈⊥∋≻⋈∈⊥∋≻⋈∈⊤∋≻⋈∈⊤∋≻⋈∈⊤∋≻⋈∈⊥∋⊙⊡⊣
⊢≻⋈∈⊤∋≻⋈∈⊥∋≻⋈∈⊤∋≻⋈∈⊤∋≻⋈∈⊥∋⊙⊡⊣
⊢≻⋈∈⊤∋≻⋈∈⊥∋≻⋈∈⊥∋≻⋈∈⊥∋≻⋈∈⊥∋⊙⊡⊣
⊢≻⋈∈⊤∋≻⋈∈⊤∋≻⋈∈⊥∋≻⋈∈⊤∋≻⋈∈⊥∋≻⋈∈⊤∋≻⋈∈⊤∋≻⋈∈⊥∋⊙⊡⊣
⊢≻⋈∈⊤∋≻⋈∈⊤∋≻⋈∈⊥∋≻⋈∈⊥∋≻⋈∈⊤∋≻⋈∈⊤∋≻⋈∈⊤∋≻⋈∈⊤∋≻⋈∈⊤∋≻⋈∈⊤∋≻⋈∈⊥∋≻⋈∈⊤∋≻⋈∈⊥∋≻⋈∈⊤∋≻⋈∈⊥∋⊙⊡⊣
⊢≻⋈∈⊥∋≻⋈∈⊤∋≻⋈∈⊥∋≻⋈∈⊤∋≻⋈∈⊥∋≻⋈∈⊥∋≻⋈∈⊥∋⊙⊡⊣
⊢≻⋈∈⊥∋≻⋈∈⊥∋≻⋈∈⊥∋≻⋈∈⊥∋≻⋈∈⊤∋≻⋈∈⊤∋≻⋈∈⊥∋⊙⊡⊣
⊢≻⋈∈⊥∋≻⋈∈⊥∋≻⋈∈⊥∋≻⋈∈⊤∋≻⋈∈⊥∋≻⋈∈⊥∋≻⋈∈⊥∋≻⋈∈⊤∋≻⋈∈⊤∋≻⋈∈⊤∋≻⋈∈⊥∋⊙⊡⊣
⊢≻⋈∈⊥∋≻⋈∈⊤∋≻⋈∈⊥∋≻⋈∈⊥∋≻⋈∈⊤∋≻⋈∈⊤∋≻⋈∈⊥∋≻⋈∈⊥∋≻⋈∈⊤∋≻⋈∈⊥∋≻⋈∈⊥∋⊙⊡⊣
⊢≻⋈∈⊤∋≻⋈∈⊤∋≻⋈∈⊤∋≻⋈∈⊤∋≻⋈∈⊥∋≻⋈∈⊤∋≻⋈∈⊥∋≻⋈∈⊤∋≻⋈∈⊤∋≻⋈∈⊥∋≻⋈∈⊥∋≻⋈∈⊤∋≻⋈∈⊥∋⊙⊡⊣
⊢≻⋈∈⊤∋≻⋈∈⊥∋≻⋈∈⊤∋≻⋈∈⊥∋≻⋈∈⊥∋≻⋈∈⊥∋≻⋈∈⊥∋⊙⊡⊣
⊢≻⋈∈⊤∋≻⋈∈⊤∋≻⋈∈⊤∋≻⋈∈⊤∋≻⋈∈⊥∋≻⋈∈⊤∋≻⋈∈⊤∋≻⋈∈⊥∋⊙⊡⊣
⊢≻⋈∈⊤∋≻⋈∈⊥∋≻⋈∈⊤∋≻⋈∈⊤∋≻⋈∈⊥∋⊙⊡⊣
⊢≻⋈∈⊥∋≻⋈∈⊥∋≻⋈∈⊥∋≻⋈∈⊥∋≻⋈∈⊥∋⊙⊡⊣
⊢≻⋈∈⊥∋≻⋈∈⊤∋≻⋈∈⊥∋≻⋈∈⊤∋≻⋈∈⊥∋≻⋈∈⊤∋≻⋈∈⊤∋≻⋈∈⊥∋⊙⊡⊣
⊢≻⋈∈⊤∋≻⋈∈⊤∋≻⋈∈⊥∋≻⋈∈⊥∋≻⋈∈⊥∋≻⋈∈⊤∋≻⋈∈⊤∋≻⋈∈⊥∋≻⋈∈⊤∋≻⋈∈⊤∋≻⋈∈⊥∋≻⋈∈⊤∋≻⋈∈⊥∋≻⋈∈⊤∋≻⋈∈⊥∋⊙⊡⊣
⊢≻⋈∈⊤∋≻⋈∈⊥∋≻⋈∈⊥∋≻⋈∈⊤∋≻⋈∈⊥∋≻⋈∈⊥∋≻⋈∈⊥∋⊙⊡⊣
⊢≻⋈∈⊥∋≻⋈∈⊤∋≻⋈∈⊤∋≻⋈∈⊤∋≻⋈∈⊥∋≻⋈∈⊤∋≻⋈∈⊥∋⊙⊡⊣
⊢≻⋈∈⊥∋≻⋈∈⊥∋≻⋈∈⊥∋≻⋈∈⊤∋≻⋈∈⊥∋≻⋈∈⊥∋≻⋈∈⊥∋≻⋈∈⊤∋≻⋈∈⊤∋≻⋈∈⊤∋≻⋈∈⊥∋⊙⊡⊣
⊢≻⋈∈⊥∋≻⋈∈⊤∋≻⋈∈⊥∋≻⋈∈⊥∋≻⋈∈⊤∋≻⋈∈⊤∋≻⋈∈⊥∋≻⋈∈⊥∋≻⋈∈⊤∋≻⋈∈⊥∋≻⋈∈⊥∋⊙⊡⊣
⊢≻⋈∈⊤∋≻⋈∈⊤∋≻⋈∈⊤∋≻⋈∈⊤∋≻⋈∈⊤∋≻⋈∈⊤∋≻⋈∈⊤∋≻⋈∈⊥∋≻⋈∈⊤∋≻⋈∈⊥∋≻⋈∈⊥∋≻⋈∈⊤∋≻⋈∈⊥∋⊙⊡⊣
⊢≻⋈∈⊤∋≻⋈∈⊥∋≻⋈∈⊤∋≻⋈∈⊥∋≻⋈∈⊥∋≻⋈∈⊥∋≻⋈∈⊥∋⊙⊡⊣
⊢≻⋈∈⊥∋≻⋈∈⊤∋≻⋈∈⊤∋≻⋈∈⊤∋≻⋈∈⊥∋≻⋈∈⊤∋≻⋈∈⊤∋≻⋈∈⊥∋⊙⊡⊣
⊢≻⋈∈⊥∋≻⋈∈⊤∋≻⋈∈⊤∋≻⋈∈⊥∋⊙⊡⊣
⊢≻⋈∈⊥∋≻⋈∈⊥∋≻⋈∈⊥∋≻⋈∈⊤∋≻⋈∈⊤∋≻⋈∈⊥∋⊙⊡⊣
⊢≻⋈∈⊤∋≻⋈∈⊥∋≻⋈∈⊥∋≻⋈∈⊤∋≻⋈∈⊥∋≻⋈∈⊤∋≻⋈∈⊤∋≻⋈∈⊥∋⊙⊡⊣
⊢≻⋈∈⊥∋≻⋈∈⊥∋≻⋈∈⊥∋≻⋈∈⊥∋≻⋈∈⊤∋≻⋈∈⊥∋≻⋈∈⊤∋≻⋈∈⊤∋≻⋈∈⊥∋≻⋈∈⊤∋≻⋈∈⊥∋≻⋈∈⊤∋≻⋈∈⊥∋≻⋈∈⊤∋≻⋈∈⊥∋⊙⊡⊣
⊢≻⋈∈⊥∋≻⋈∈⊥∋≻⋈∈⊥∋≻⋈∈⊤∋≻⋈∈⊥∋≻⋈∈⊥∋≻⋈∈⊥∋⊙⊡⊣
⊢≻⋈∈⊥∋≻⋈∈⊤∋≻⋈∈⊤∋≻⋈∈⊤∋≻⋈∈⊥∋≻⋈∈⊤∋≻⋈∈⊥∋⊙⊡⊣
⊢≻⋈∈⊥∋≻⋈∈⊥∋≻⋈∈⊥∋≻⋈∈⊤∋≻⋈∈⊥∋≻⋈∈⊥∋≻⋈∈⊥∋≻⋈∈⊤∋≻⋈∈⊤∋≻⋈∈⊤∋≻⋈∈⊥∋⊙⊡⊣
⊢≻⋈∈⊥∋≻⋈∈⊤∋≻⋈∈⊥∋≻⋈∈⊥∋≻⋈∈⊤∋≻⋈∈⊤∋≻⋈∈⊥∋≻⋈∈⊥∋≻⋈∈⊤∋≻⋈∈⊥∋≻⋈∈⊥∋⊙⊡⊣
⊢≻⋈∈⊤∋≻⋈∈⊤∋≻⋈∈⊤∋≻⋈∈⊤∋≻⋈∈⊥∋≻⋈∈⊥∋≻⋈∈⊤∋≻⋈∈⊥∋≻⋈∈⊤∋≻⋈∈⊥∋≻⋈∈⊥∋≻⋈∈⊤∋≻⋈∈⊥∋⊙⊡⊣
⊢≻⋈∈⊤∋≻⋈∈⊥∋≻⋈∈⊤∋≻⋈∈⊥∋≻⋈∈⊥∋≻⋈∈⊥∋≻⋈∈⊥∋⊙⊡⊣
⊢≻⋈∈⊤∋≻⋈∈⊥∋≻⋈∈⊤∋≻⋈∈⊤∋≻⋈∈⊥∋≻⋈∈⊤∋≻⋈∈⊤∋≻⋈∈⊥∋⊙⊡⊣
⊢≻⋈∈⊥∋≻⋈∈⊤∋≻⋈∈⊤∋≻⋈∈⊥∋⊙⊡⊣
⊢≻⋈∈⊤∋≻⋈∈⊤∋≻⋈∈⊤∋≻⋈∈⊥∋≻⋈∈⊤∋≻⋈∈⊥∋⊙⊡⊣
⊢≻⋈∈⊥∋≻⋈∈⊥∋≻⋈∈⊥∋≻⋈∈⊤∋≻⋈∈⊥∋≻⋈∈⊤∋≻⋈∈⊤∋≻⋈∈⊥∋⊙⊡⊣
⊢≻⋈∈⊥∋≻⋈∈⊥∋≻⋈∈⊥∋≻⋈∈⊥∋≻⋈∈⊥∋≻⋈∈⊥∋≻⋈∈⊤∋≻⋈∈⊥∋≻⋈∈⊥∋≻⋈∈⊤∋≻⋈∈⊥∋≻⋈∈⊤∋≻⋈∈⊥∋≻⋈∈⊤∋≻⋈∈⊥∋⊙⊡⊣
⊢≻⋈∈⊤∋≻⋈∈⊤∋≻⋈∈⊤∋≻⋈∈⊥∋≻⋈∈⊥∋≻⋈∈⊥∋≻⋈∈⊥∋⊙⊡⊣
⊢≻⋈∈⊤∋≻⋈∈⊥∋≻⋈∈⊤∋≻⋈∈⊤∋≻⋈∈⊥∋≻⋈∈⊤∋≻⋈∈⊥∋⊙⊡⊣
⊢≻⋈∈⊥∋≻⋈∈⊥∋≻⋈∈⊥∋≻⋈∈⊤∋≻⋈∈⊥∋≻⋈∈⊥∋≻⋈∈⊥∋≻⋈∈⊤∋≻⋈∈⊤∋≻⋈∈⊤∋≻⋈∈⊥∋⊙⊡⊣
⊢≻⋈∈⊥∋≻⋈∈⊤∋≻⋈∈⊥∋≻⋈∈⊥∋≻⋈∈⊤∋≻⋈∈⊤∋≻⋈∈⊥∋≻⋈∈⊥∋≻⋈∈⊤∋≻⋈∈⊥∋≻⋈∈⊥∋⊙⊡⊣
⊢≻⋈∈⊤∋≻⋈∈⊤∋≻⋈∈⊤∋≻⋈∈⊤∋≻⋈∈⊤∋≻⋈∈⊥∋≻⋈∈⊥∋≻⋈∈⊥∋≻⋈∈⊤∋≻⋈∈⊥∋≻⋈∈⊥∋≻⋈∈⊤∋≻⋈∈⊥∋⊙⊡⊣
⊢≻⋈∈⊤∋≻⋈∈⊥∋≻⋈∈⊤∋≻⋈∈⊥∋≻⋈∈⊥∋≻⋈∈⊥∋≻⋈∈⊥∋⊙⊡⊣
⊢≻⋈∈⊥∋≻⋈∈⊤∋≻⋈∈⊥∋≻⋈∈⊤∋≻⋈∈⊥∋≻⋈∈⊤∋≻⋈∈⊤∋≻⋈∈⊥∋⊙⊡⊣
⊢≻⋈∈⊤∋≻⋈∈⊥∋≻⋈∈⊤∋≻⋈∈⊥∋⊙⊡⊣
⊢≻⋈∈⊤∋≻⋈∈⊥∋≻⋈∈⊥∋≻⋈∈⊤∋≻⋈∈⊤∋≻⋈∈⊥∋⊙⊡⊣
⊢≻⋈∈⊤∋≻⋈∈⊤∋≻⋈∈⊤∋≻⋈∈⊥∋≻⋈∈⊥∋≻⋈∈⊤∋≻⋈∈⊤∋≻⋈∈⊥∋⊙⊡⊣
⊢≻⋈∈⊥∋≻⋈∈⊥∋≻⋈∈⊥∋≻⋈∈⊥∋≻⋈∈⊤∋≻⋈∈⊤∋≻⋈∈⊥∋≻⋈∈⊤∋≻⋈∈⊤∋≻⋈∈⊥∋≻⋈∈⊥∋≻⋈∈⊤∋≻⋈∈⊥∋≻⋈∈⊤∋≻⋈∈⊥∋⊙⊡⊣
⊢≻⋈∈⊥∋≻⋈∈⊥∋≻⋈∈⊤∋≻⋈∈⊥∋≻⋈∈⊥∋≻⋈∈⊥∋≻⋈∈⊥∋⊙⊡⊣
⊢≻⋈∈⊥∋≻⋈∈⊥∋≻⋈∈⊥∋≻⋈∈⊤∋≻⋈∈⊥∋≻⋈∈⊤∋≻⋈∈⊥∋⊙⊡⊣
⊢≻⋈∈⊥∋≻⋈∈⊥∋≻⋈∈⊥∋≻⋈∈⊤∋≻⋈∈⊥∋≻⋈∈⊥∋≻⋈∈⊥∋≻⋈∈⊤∋≻⋈∈⊤∋≻⋈∈⊤∋≻⋈∈⊥∋⊙⊡⊣
⊢≻⋈∈⊥∋≻⋈∈⊤∋≻⋈∈⊥∋≻⋈∈⊥∋≻⋈∈⊤∋≻⋈∈⊤∋≻⋈∈⊥∋≻⋈∈⊥∋≻⋈∈⊤∋≻⋈∈⊥∋≻⋈∈⊥∋⊙⊡⊣
⊢≻⋈∈⊤∋≻⋈∈⊤∋≻⋈∈⊤∋≻⋈∈⊤∋≻⋈∈⊥∋≻⋈∈⊥∋≻⋈∈⊥∋≻⋈∈⊤∋≻⋈∈⊥∋≻⋈∈⊥∋≻⋈∈⊥∋≻⋈∈⊤∋≻⋈∈⊥∋⊙⊡⊣
⊢≻⋈∈⊤∋≻⋈∈⊥∋≻⋈∈⊤∋≻⋈∈⊥∋≻⋈∈⊥∋≻⋈∈⊥∋≻⋈∈⊥∋⊙⊡⊣
⊢≻⋈∈⊤∋≻⋈∈⊥∋≻⋈∈⊥∋≻⋈∈⊤∋≻⋈∈⊥∋≻⋈∈⊤∋≻⋈∈⊤∋≻⋈∈⊥∋⊙⊡⊣
⊢≻⋈∈⊤∋≻⋈∈⊥∋≻⋈∈⊤∋≻⋈∈⊥∋⊙⊡⊣
⊢≻⋈∈⊥∋≻⋈∈⊥∋≻⋈∈⊥∋≻⋈∈⊤∋≻⋈∈⊤∋≻⋈∈⊥∋⊙⊡⊣
⊢≻⋈∈⊥∋≻⋈∈⊤∋≻⋈∈⊤∋≻⋈∈⊥∋≻⋈∈⊥∋≻⋈∈⊤∋≻⋈∈⊤∋≻⋈∈⊥∋⊙⊡⊣
⊢≻⋈∈⊥∋≻⋈∈⊥∋≻⋈∈⊥∋≻⋈∈⊥∋≻⋈∈⊥∋≻⋈∈⊤∋≻⋈∈⊥∋≻⋈∈⊥∋≻⋈∈⊤∋≻⋈∈⊥∋≻⋈∈⊥∋≻⋈∈⊤∋≻⋈∈⊥∋≻⋈∈⊤∋≻⋈∈⊥∋⊙⊡⊣
⊢≻⋈∈⊤∋≻⋈∈⊤∋≻⋈∈⊥∋≻⋈∈⊥∋≻⋈∈⊥∋≻⋈∈⊥∋≻⋈∈⊥∋⊙⊡⊣
⊢≻⋈∈⊥∋≻⋈∈⊥∋≻⋈∈⊥∋≻⋈∈⊤∋≻⋈∈⊥∋≻⋈∈⊤∋≻⋈∈⊥∋⊙⊡⊣
⊢≻⋈∈⊥∋≻⋈∈⊥∋≻⋈∈⊥∋≻⋈∈⊤∋≻⋈∈⊥∋≻⋈∈⊥∋≻⋈∈⊥∋≻⋈∈⊤∋≻⋈∈⊤∋≻⋈∈⊤∋≻⋈∈⊥∋⊙⊡⊣
⊢≻⋈∈⊥∋≻⋈∈⊤∋≻⋈∈⊥∋≻⋈∈⊥∋≻⋈∈⊤∋≻⋈∈⊤∋≻⋈∈⊥∋≻⋈∈⊥∋≻⋈∈⊤∋≻⋈∈⊥∋≻⋈∈⊥∋⊙⊡⊣
⊢≻⋈∈⊤∋≻⋈∈⊤∋≻⋈∈⊤∋≻⋈∈⊤∋≻⋈∈⊤∋≻⋈∈⊥∋≻⋈∈⊤∋≻⋈∈⊥∋≻⋈∈⊥∋≻⋈∈⊥∋≻⋈∈⊥∋≻⋈∈⊤∋≻⋈∈⊥∋⊙⊡⊣
⊢≻⋈∈⊤∋≻⋈∈⊥∋≻⋈∈⊤∋≻⋈∈⊥∋≻⋈∈⊥∋≻⋈∈⊥∋≻⋈∈⊥∋⊙⊡⊣
⊢≻⋈∈⊥∋≻⋈∈⊤∋≻⋈∈⊤∋≻⋈∈⊥∋≻⋈∈⊥∋≻⋈∈⊤∋≻⋈∈⊤∋≻⋈∈⊥∋⊙⊡⊣
⊢≻⋈∈⊥∋≻⋈∈⊥∋≻⋈∈⊤∋≻⋈∈⊥∋⊙⊡⊣
⊢≻⋈∈⊥∋≻⋈∈⊤∋≻⋈∈⊥∋≻⋈∈⊤∋≻⋈∈⊤∋≻⋈∈⊥∋⊙⊡⊣
⊢≻⋈∈⊤∋≻⋈∈⊥∋≻⋈∈⊤∋≻⋈∈⊥∋≻⋈∈⊥∋≻⋈∈⊤∋≻⋈∈⊤∋≻⋈∈⊥∋⊙⊡⊣
⊢≻⋈∈⊥∋≻⋈∈⊥∋≻⋈∈⊥∋≻⋈∈⊥∋≻⋈∈⊤∋≻⋈∈⊥∋≻⋈∈⊥∋≻⋈∈⊤∋≻⋈∈⊥∋≻⋈∈⊥∋≻⋈∈⊥∋≻⋈∈⊤∋≻⋈∈⊥∋≻⋈∈⊤∋≻⋈∈⊥∋⊙⊡⊣
⊢≻⋈∈⊥∋≻⋈∈⊥∋≻⋈∈⊥∋≻⋈∈⊥∋≻⋈∈⊥∋≻⋈∈⊥∋≻⋈∈⊥∋⊙⊡⊣
⊢≻⋈∈⊥∋≻⋈∈⊥∋≻⋈∈⊤∋≻⋈∈⊥∋≻⋈∈⊥∋≻⋈∈⊤∋≻⋈∈⊥∋⊙⊡⊣
⊢≻⋈∈⊥∋≻⋈∈⊥∋≻⋈∈⊥∋≻⋈∈⊤∋≻⋈∈⊥∋≻⋈∈⊥∋≻⋈∈⊥∋≻⋈∈⊤∋≻⋈∈⊤∋≻⋈∈⊤∋≻⋈∈⊥∋⊙⊡⊣
⊢≻⋈∈⊥∋≻⋈∈⊤∋≻⋈∈⊥∋≻⋈∈⊥∋≻⋈∈⊤∋≻⋈∈⊤∋≻⋈∈⊥∋≻⋈∈⊥∋≻⋈∈⊤∋≻⋈∈⊥∋≻⋈∈⊥∋⊙⊡⊣
⊢≻⋈∈⊤∋≻⋈∈⊤∋≻⋈∈⊤∋≻⋈∈⊤∋≻⋈∈⊥∋≻⋈∈⊥∋≻⋈∈⊤∋≻⋈∈⊤∋≻⋈∈⊤∋≻⋈∈⊤∋≻⋈∈⊤∋≻⋈∈⊥∋≻⋈∈⊥∋⊙⊡⊣
⊢≻⋈∈⊤∋≻⋈∈⊥∋≻⋈∈⊤∋≻⋈∈⊥∋≻⋈∈⊥∋≻⋈∈⊥∋≻⋈∈⊥∋⊙⊡⊣
⊢≻⋈∈⊥∋≻⋈∈⊤∋≻⋈∈⊤∋≻⋈∈⊥∋≻⋈∈⊥∋≻⋈∈⊤∋≻⋈∈⊤∋≻⋈∈⊥∋⊙⊡⊣
⊢≻⋈∈⊥∋≻⋈∈⊥∋≻⋈∈⊤∋≻⋈∈⊥∋⊙⊡⊣
⊢≻⋈∈⊥∋≻⋈∈⊤∋≻⋈∈⊥∋≻⋈∈⊤∋≻⋈∈⊤∋≻⋈∈⊥∋⊙⊡⊣
⊢≻⋈∈⊤∋≻⋈∈⊥∋≻⋈∈⊤∋≻⋈∈⊥∋≻⋈∈⊥∋≻⋈∈⊤∋≻⋈∈⊤∋≻⋈∈⊥∋⊙⊡⊣
⊢≻⋈∈⊥∋≻⋈∈⊥∋≻⋈∈⊥∋≻⋈∈⊥∋≻⋈∈⊤∋≻⋈∈⊥∋≻⋈∈⊥∋≻⋈∈⊤∋≻⋈∈⊥∋≻⋈∈⊥∋≻⋈∈⊥∋≻⋈∈⊤∋≻⋈∈⊥∋≻⋈∈⊤∋≻⋈∈⊥∋⊙⊡⊣
⊢≻⋈∈⊤∋≻⋈∈⊤∋≻⋈∈⊤∋≻⋈∈⊤∋≻⋈∈⊤∋≻⋈∈⊤∋≻⋈∈⊤∋≻⋈∈⊥∋⊙⊡⊣
⊢≻⋈∈⊥∋≻⋈∈⊥∋≻⋈∈⊤∋≻⋈∈⊥∋≻⋈∈⊥∋≻⋈∈⊤∋≻⋈∈⊥∋⊙⊡⊣
⊢≻⋈∈⊥∋≻⋈∈⊥∋≻⋈∈⊥∋≻⋈∈⊤∋≻⋈∈⊥∋≻⋈∈⊥∋≻⋈∈⊥∋≻⋈∈⊤∋≻⋈∈⊤∋≻⋈∈⊤∋≻⋈∈⊥∋⊙⊡⊣
⊢≻⋈∈⊥∋≻⋈∈⊤∋≻⋈∈⊥∋≻⋈∈⊥∋≻⋈∈⊤∋≻⋈∈⊤∋≻⋈∈⊥∋≻⋈∈⊥∋≻⋈∈⊤∋≻⋈∈⊥∋≻⋈∈⊥∋⊙⊡⊣
⊢≻⋈∈⊤∋≻⋈∈⊤∋≻⋈∈⊤∋≻⋈∈⊤∋≻⋈∈⊤∋≻⋈∈⊥∋≻⋈∈⊥∋≻⋈∈⊤∋≻⋈∈⊤∋≻⋈∈⊤∋≻⋈∈⊤∋≻⋈∈⊥∋≻⋈∈⊥∋⊙⊡⊣
⊢≻⋈∈⊤∋≻⋈∈⊥∋≻⋈∈⊤∋≻⋈∈⊥∋≻⋈∈⊥∋≻⋈∈⊥∋≻⋈∈⊥∋⊙⊡⊣
⊢≻⋈∈⊤∋≻⋈∈⊥∋≻⋈∈⊤∋≻⋈∈⊥∋≻⋈∈⊥∋≻⋈∈⊤∋≻⋈∈⊤∋≻⋈∈⊥∋⊙⊡⊣
⊢≻⋈∈⊥∋≻⋈∈⊥∋≻⋈∈⊤∋≻⋈∈⊥∋⊙⊡⊣
⊢≻⋈∈⊤∋≻⋈∈⊥∋≻⋈∈⊥∋≻⋈∈⊤∋≻⋈∈⊤∋≻⋈∈⊥∋⊙⊡⊣
⊢≻⋈∈⊥∋≻⋈∈⊥∋≻⋈∈⊤∋≻⋈∈⊥∋≻⋈∈⊥∋≻⋈∈⊤∋≻⋈∈⊤∋≻⋈∈⊥∋⊙⊡⊣
⊢≻⋈∈⊥∋≻⋈∈⊥∋≻⋈∈⊥∋≻⋈∈⊥∋≻⋈∈⊥∋≻⋈∈⊥∋≻⋈∈⊥∋≻⋈∈⊥∋≻⋈∈⊥∋≻⋈∈⊥∋≻⋈∈⊥∋≻⋈∈⊤∋≻⋈∈⊥∋≻⋈∈⊤∋≻⋈∈⊥∋⊙⊡⊣
⊢≻⋈∈⊤∋≻⋈∈⊤∋≻⋈∈⊤∋≻⋈∈⊤∋≻⋈∈⊤∋≻⋈∈⊤∋≻⋈∈⊤∋≻⋈∈⊥∋⊙⊡⊣
⊢≻⋈∈⊥∋≻⋈∈⊥∋≻⋈∈⊤∋≻⋈∈⊥∋≻⋈∈⊥∋≻⋈∈⊤∋≻⋈∈⊥∋⊙⊡⊣
⊢≻⋈∈⊥∋≻⋈∈⊥∋≻⋈∈⊥∋≻⋈∈⊤∋≻⋈∈⊥∋≻⋈∈⊥∋≻⋈∈⊥∋≻⋈∈⊤∋≻⋈∈⊤∋≻⋈∈⊤∋≻⋈∈⊥∋⊙⊡⊣
⊢≻⋈∈⊥∋≻⋈∈⊤∋≻⋈∈⊥∋≻⋈∈⊥∋≻⋈∈⊤∋≻⋈∈⊤∋≻⋈∈⊥∋≻⋈∈⊥∋≻⋈∈⊤∋≻⋈∈⊥∋≻⋈∈⊥∋⊙⊡⊣
⊢≻⋈∈⊤∋≻⋈∈⊤∋≻⋈∈⊤∋≻⋈∈⊤∋≻⋈∈⊤∋≻⋈∈⊥∋≻⋈∈⊥∋≻⋈∈⊤∋≻⋈∈⊤∋≻⋈∈⊤∋≻⋈∈⊤∋≻⋈∈⊥∋≻⋈∈⊥∋⊙⊡⊣
⊢≻⋈∈⊤∋≻⋈∈⊥∋≻⋈∈⊤∋≻⋈∈⊥∋≻⋈∈⊥∋≻⋈∈⊥∋≻⋈∈⊥∋⊙⊡⊣
⊢≻⋈∈⊥∋≻⋈∈⊥∋≻⋈∈⊤∋≻⋈∈⊥∋≻⋈∈⊥∋≻⋈∈⊤∋≻⋈∈⊤∋≻⋈∈⊥∋⊙⊡⊣
⊢≻⋈∈⊥∋≻⋈∈⊥∋≻⋈∈⊥∋≻⋈∈⊥∋⊙⊡⊣
⊢≻⋈∈⊥∋≻⋈∈⊤∋≻⋈∈⊤∋≻⋈∈⊤∋≻⋈∈⊤∋≻⋈∈⊥∋⊙⊡⊣
⊢≻⋈∈⊤∋≻⋈∈⊤∋≻⋈∈⊥∋≻⋈∈⊥∋≻⋈∈⊥∋≻⋈∈⊤∋≻⋈∈⊤∋≻⋈∈⊥∋⊙⊡⊣
⊢≻⋈∈⊤∋≻⋈∈⊥∋≻⋈∈⊤∋≻⋈∈⊤∋≻⋈∈⊥∋≻⋈∈⊤∋≻⋈∈⊤∋≻⋈∈⊥∋≻⋈∈⊤∋≻⋈∈⊤∋≻⋈∈⊤∋≻⋈∈⊥∋≻⋈∈⊥∋≻⋈∈⊤∋≻⋈∈⊥∋⊙⊡⊣
⊢≻⋈∈⊥∋≻⋈∈⊤∋≻⋈∈⊤∋≻⋈∈⊤∋≻⋈∈⊤∋≻⋈∈⊤∋≻⋈∈⊤∋≻⋈∈⊥∋⊙⊡⊣
⊢≻⋈∈⊥∋≻⋈∈⊥∋≻⋈∈⊤∋≻⋈∈⊥∋≻⋈∈⊥∋≻⋈∈⊤∋≻⋈∈⊥∋⊙⊡⊣
⊢≻⋈∈⊥∋≻⋈∈⊥∋≻⋈∈⊥∋≻⋈∈⊤∋≻⋈∈⊥∋≻⋈∈⊥∋≻⋈∈⊥∋≻⋈∈⊤∋≻⋈∈⊤∋≻⋈∈⊤∋≻⋈∈⊥∋⊙⊡⊣
⊢≻⋈∈⊥∋≻⋈∈⊤∋≻⋈∈⊥∋≻⋈∈⊥∋≻⋈∈⊤∋≻⋈∈⊤∋≻⋈∈⊥∋≻⋈∈⊥∋≻⋈∈⊤∋≻⋈∈⊥∋≻⋈∈⊥∋⊙⊡⊣
⊢≻⋈∈⊤∋≻⋈∈⊤∋≻⋈∈⊤∋≻⋈∈⊤∋≻⋈∈⊥∋≻⋈∈⊤∋≻⋈∈⊤∋≻⋈∈⊥∋≻⋈∈⊤∋≻⋈∈⊤∋≻⋈∈⊤∋≻⋈∈⊥∋≻⋈∈⊥∋⊙⊡⊣
⊢≻⋈∈⊤∋≻⋈∈⊥∋≻⋈∈⊤∋≻⋈∈⊥∋≻⋈∈⊥∋≻⋈∈⊥∋≻⋈∈⊥∋⊙⊡⊣
⊢≻⋈∈⊤∋≻⋈∈⊤∋≻⋈∈⊥∋≻⋈∈⊥∋≻⋈∈⊥∋≻⋈∈⊤∋≻⋈∈⊤∋≻⋈∈⊥∋⊙⊡⊣
⊢≻⋈∈⊥∋≻⋈∈⊥∋≻⋈∈⊥∋≻⋈∈⊥∋⊙⊡⊣
⊢≻⋈∈⊤∋≻⋈∈⊥∋≻⋈∈⊤∋≻⋈∈⊤∋≻⋈∈⊤∋≻⋈∈⊥∋⊙⊡⊣
⊢≻⋈∈⊥∋≻⋈∈⊤∋≻⋈∈⊥∋≻⋈∈⊥∋≻⋈∈⊥∋≻⋈∈⊤∋≻⋈∈⊤∋≻⋈∈⊥∋⊙⊡⊣
⊢≻⋈∈⊤∋≻⋈∈⊥∋≻⋈∈⊤∋≻⋈∈⊤∋≻⋈∈⊤∋≻⋈∈⊥∋≻⋈∈⊤∋≻⋈∈⊤∋≻⋈∈⊥∋≻⋈∈⊤∋≻⋈∈⊤∋≻⋈∈⊥∋≻⋈∈⊥∋≻⋈∈⊤∋≻⋈∈⊥∋⊙⊡⊣
⊢≻⋈∈⊤∋≻⋈∈⊥∋≻⋈∈⊤∋≻⋈∈⊤∋≻⋈∈⊤∋≻⋈∈⊤∋≻⋈∈⊤∋≻⋈∈⊥∋⊙⊡⊣
⊢≻⋈∈⊥∋≻⋈∈⊤∋≻⋈∈⊥∋≻⋈∈⊥∋≻⋈∈⊥∋≻⋈∈⊤∋≻⋈∈⊥∋⊙⊡⊣
⊢≻⋈∈⊥∋≻⋈∈⊥∋≻⋈∈⊥∋≻⋈∈⊤∋≻⋈∈⊥∋≻⋈∈⊥∋≻⋈∈⊥∋≻⋈∈⊤∋≻⋈∈⊤∋≻⋈∈⊤∋≻⋈∈⊥∋⊙⊡⊣
⊢≻⋈∈⊥∋≻⋈∈⊤∋≻⋈∈⊥∋≻⋈∈⊥∋≻⋈∈⊤∋≻⋈∈⊤∋≻⋈∈⊥∋≻⋈∈⊥∋≻⋈∈⊤∋≻⋈∈⊥∋≻⋈∈⊥∋⊙⊡⊣
⊢≻⋈∈⊤∋≻⋈∈⊤∋≻⋈∈⊤∋≻⋈∈⊤∋≻⋈∈⊤∋≻⋈∈⊤∋≻⋈∈⊥∋≻⋈∈⊥∋≻⋈∈⊤∋≻⋈∈⊤∋≻⋈∈⊤∋≻⋈∈⊥∋≻⋈∈⊥∋⊙⊡⊣
⊢≻⋈∈⊤∋≻⋈∈⊥∋≻⋈∈⊤∋≻⋈∈⊥∋≻⋈∈⊥∋≻⋈∈⊥∋≻⋈∈⊥∋⊙⊡⊣
⊢≻⋈∈⊥∋≻⋈∈⊤∋≻⋈∈⊥∋≻⋈∈⊥∋≻⋈∈⊥∋≻⋈∈⊤∋≻⋈∈⊤∋≻⋈∈⊥∋⊙⊡⊣
⊢≻⋈∈⊤∋≻⋈∈⊤∋≻⋈∈⊥∋≻⋈∈⊥∋⊙⊡⊣
⊢≻⋈∈⊤∋≻⋈∈⊤∋≻⋈∈⊥∋≻⋈∈⊤∋≻⋈∈⊤∋≻⋈∈⊥∋⊙⊡⊣
⊢≻⋈∈⊤∋≻⋈∈⊥∋≻⋈∈⊥∋≻⋈∈⊥∋≻⋈∈⊥∋≻⋈∈⊤∋≻⋈∈⊤∋≻⋈∈⊥∋⊙⊡⊣
⊢≻⋈∈⊥∋≻⋈∈⊤∋≻⋈∈⊥∋≻⋈∈⊤∋≻⋈∈⊥∋≻⋈∈⊥∋≻⋈∈⊤∋≻⋈∈⊥∋≻⋈∈⊥∋≻⋈∈⊤∋≻⋈∈⊤∋≻⋈∈⊥∋≻⋈∈⊥∋≻⋈∈⊤∋≻⋈∈⊥∋⊙⊡⊣
⊢≻⋈∈⊥∋≻⋈∈⊥∋≻⋈∈⊤∋≻⋈∈⊤∋≻⋈∈⊤∋≻⋈∈⊤∋≻⋈∈⊤∋≻⋈∈⊥∋⊙⊡⊣
⊢≻⋈∈⊥∋≻⋈∈⊥∋≻⋈∈⊥∋≻⋈∈⊥∋≻⋈∈⊥∋≻⋈∈⊤∋≻⋈∈⊥∋⊙⊡⊣
⊢≻⋈∈⊥∋≻⋈∈⊥∋≻⋈∈⊥∋≻⋈∈⊤∋≻⋈∈⊥∋≻⋈∈⊥∋≻⋈∈⊥∋≻⋈∈⊤∋≻⋈∈⊤∋≻⋈∈⊤∋≻⋈∈⊥∋⊙⊡⊣
⊢≻⋈∈⊥∋≻⋈∈⊤∋≻⋈∈⊥∋≻⋈∈⊥∋≻⋈∈⊤∋≻⋈∈⊤∋≻⋈∈⊥∋≻⋈∈⊥∋≻⋈∈⊤∋≻⋈∈⊥∋≻⋈∈⊥∋⊙⊡⊣
⊢≻⋈∈⊤∋≻⋈∈⊤∋≻⋈∈⊤∋≻⋈∈⊤∋≻⋈∈⊥∋≻⋈∈⊥∋≻⋈∈⊥∋≻⋈∈⊥∋≻⋈∈⊤∋≻⋈∈⊤∋≻⋈∈⊤∋≻⋈∈⊥∋≻⋈∈⊥∋⊙⊡⊣
⊢≻⋈∈⊤∋≻⋈∈⊥∋≻⋈∈⊤∋≻⋈∈⊥∋≻⋈∈⊥∋≻⋈∈⊥∋≻⋈∈⊥∋⊙⊡⊣
⊢≻⋈∈⊤∋≻⋈∈⊥∋≻⋈∈⊥∋≻⋈∈⊥∋≻⋈∈⊥∋≻⋈∈⊤∋≻⋈∈⊤∋≻⋈∈⊥∋⊙⊡⊣
⊢≻⋈∈⊤∋≻⋈∈⊤∋≻⋈∈⊥∋≻⋈∈⊥∋⊙⊡⊣
⊢≻⋈∈⊥∋≻⋈∈⊤∋≻⋈∈⊥∋≻⋈∈⊤∋≻⋈∈⊤∋≻⋈∈⊥∋⊙⊡⊣
⊢≻⋈∈⊥∋≻⋈∈⊥∋≻⋈∈⊥∋≻⋈∈⊥∋≻⋈∈⊥∋≻⋈∈⊤∋≻⋈∈⊤∋≻⋈∈⊥∋⊙⊡⊣
⊢≻⋈∈⊥∋≻⋈∈⊤∋≻⋈∈⊥∋≻⋈∈⊤∋≻⋈∈⊤∋≻⋈∈⊤∋≻⋈∈⊥∋≻⋈∈⊤∋≻⋈∈⊤∋≻⋈∈⊥∋≻⋈∈⊤∋≻⋈∈⊥∋≻⋈∈⊥∋≻⋈∈⊤∋≻⋈∈⊥∋⊙⊡⊣
⊢≻⋈∈⊤∋≻⋈∈⊤∋≻⋈∈⊥∋≻⋈∈⊤∋≻⋈∈⊤∋≻⋈∈⊤∋≻⋈∈⊤∋≻⋈∈⊥∋⊙⊡⊣
⊢≻⋈∈⊥∋≻⋈∈⊤∋≻⋈∈⊤∋≻⋈∈⊤∋≻⋈∈⊤∋≻⋈∈⊥∋≻⋈∈⊥∋⊙⊡⊣
⊢≻⋈∈⊥∋≻⋈∈⊥∋≻⋈∈⊥∋≻⋈∈⊤∋≻⋈∈⊥∋≻⋈∈⊥∋≻⋈∈⊥∋≻⋈∈⊤∋≻⋈∈⊤∋≻⋈∈⊤∋≻⋈∈⊥∋⊙⊡⊣
⊢≻⋈∈⊥∋≻⋈∈⊤∋≻⋈∈⊥∋≻⋈∈⊥∋≻⋈∈⊤∋≻⋈∈⊤∋≻⋈∈⊥∋≻⋈∈⊥∋≻⋈∈⊤∋≻⋈∈⊥∋≻⋈∈⊥∋⊙⊡⊣
⊢≻⋈∈⊤∋≻⋈∈⊤∋≻⋈∈⊤∋≻⋈∈⊤∋≻⋈∈⊤∋≻⋈∈⊥∋≻⋈∈⊤∋≻⋈∈⊤∋≻⋈∈⊥∋≻⋈∈⊤∋≻⋈∈⊤∋≻⋈∈⊥∋≻⋈∈⊥∋⊙⊡⊣
⊢≻⋈∈⊤∋≻⋈∈⊥∋≻⋈∈⊤∋≻⋈∈⊥∋≻⋈∈⊥∋≻⋈∈⊥∋≻⋈∈⊥∋⊙⊡⊣
⊢≻⋈∈⊥∋≻⋈∈⊥∋≻⋈∈⊥∋≻⋈∈⊥∋≻⋈∈⊥∋≻⋈∈⊤∋≻⋈∈⊤∋≻⋈∈⊥∋⊙⊡⊣
⊢≻⋈∈⊤∋≻⋈∈⊥∋≻⋈∈⊥∋≻⋈∈⊥∋⊙⊡⊣
⊢≻⋈∈⊤∋≻⋈∈⊥∋≻⋈∈⊤∋≻⋈∈⊤∋≻⋈∈⊤∋≻⋈∈⊥∋⊙⊡⊣
⊢≻⋈∈⊤∋≻⋈∈⊤∋≻⋈∈⊤∋≻⋈∈⊤∋≻⋈∈⊤∋≻⋈∈⊥∋≻⋈∈⊤∋≻⋈∈⊥∋⊙⊡⊣
⊢≻⋈∈⊤∋≻⋈∈⊤∋≻⋈∈⊤∋≻⋈∈⊥∋≻⋈∈⊥∋≻⋈∈⊤∋≻⋈∈⊥∋≻⋈∈⊥∋≻⋈∈⊤∋≻⋈∈⊥∋≻⋈∈⊤∋≻⋈∈⊥∋≻⋈∈⊥∋≻⋈∈⊤∋≻⋈∈⊥∋⊙⊡⊣
⊢≻⋈∈⊥∋≻⋈∈⊤∋≻⋈∈⊥∋≻⋈∈⊤∋≻⋈∈⊤∋≻⋈∈⊤∋≻⋈∈⊤∋≻⋈∈⊥∋⊙⊡⊣
⊢≻⋈∈⊥∋≻⋈∈⊤∋≻⋈∈⊤∋≻⋈∈⊤∋≻⋈∈⊤∋≻⋈∈⊥∋≻⋈∈⊥∋⊙⊡⊣
⊢≻⋈∈⊥∋≻⋈∈⊥∋≻⋈∈⊥∋≻⋈∈⊤∋≻⋈∈⊥∋≻⋈∈⊥∋≻⋈∈⊥∋≻⋈∈⊤∋≻⋈∈⊤∋≻⋈∈⊤∋≻⋈∈⊥∋⊙⊡⊣
⊢≻⋈∈⊥∋≻⋈∈⊤∋≻⋈∈⊥∋≻⋈∈⊥∋≻⋈∈⊤∋≻⋈∈⊤∋≻⋈∈⊥∋≻⋈∈⊥∋≻⋈∈⊤∋≻⋈∈⊥∋≻⋈∈⊥∋⊙⊡⊣
⊢≻⋈∈⊤∋≻⋈∈⊤∋≻⋈∈⊤∋≻⋈∈⊤∋≻⋈∈⊥∋≻⋈∈⊤∋≻⋈∈⊥∋≻⋈∈⊤∋≻⋈∈⊥∋≻⋈∈⊤∋≻⋈∈⊤∋≻⋈∈⊥∋≻⋈∈⊥∋⊙⊡⊣
⊢≻⋈∈⊤∋≻⋈∈⊥∋≻⋈∈⊤∋≻⋈∈⊥∋≻⋈∈⊥∋≻⋈∈⊥∋≻⋈∈⊥∋⊙⊡⊣
⊢≻⋈∈⊤∋≻⋈∈⊤∋≻⋈∈⊤∋≻⋈∈⊤∋≻⋈∈⊤∋≻⋈∈⊥∋≻⋈∈⊤∋≻⋈∈⊥∋⊙⊡⊣
⊢≻⋈∈⊤∋≻⋈∈⊥∋≻⋈∈⊥∋≻⋈∈⊥∋⊙⊡⊣
⊢≻⋈∈⊥∋≻⋈∈⊥∋≻⋈∈⊤∋≻⋈∈⊤∋≻⋈∈⊤∋≻⋈∈⊥∋⊙⊡⊣
⊢≻⋈∈⊥∋≻⋈∈⊤∋≻⋈∈⊤∋≻⋈∈⊤∋≻⋈∈⊤∋≻⋈∈⊥∋≻⋈∈⊤∋≻⋈∈⊥∋⊙⊡⊣
⊢≻⋈∈⊤∋≻⋈∈⊤∋≻⋈∈⊤∋≻⋈∈⊥∋≻⋈∈⊤∋≻⋈∈⊥∋≻⋈∈⊥∋≻⋈∈⊤∋≻⋈∈⊥∋≻⋈∈⊥∋≻⋈∈⊤∋≻⋈∈⊥∋≻⋈∈⊥∋≻⋈∈⊤∋≻⋈∈⊥∋⊙⊡⊣
⊢≻⋈∈⊤∋≻⋈∈⊥∋≻⋈∈⊥∋≻⋈∈⊤∋≻⋈∈⊤∋≻⋈∈⊤∋≻⋈∈⊤∋≻⋈∈⊥∋⊙⊡⊣
⊢≻⋈∈⊥∋≻⋈∈⊤∋≻⋈∈⊤∋≻⋈∈⊤∋≻⋈∈⊤∋≻⋈∈⊥∋≻⋈∈⊥∋⊙⊡⊣
⊢≻⋈∈⊥∋≻⋈∈⊥∋≻⋈∈⊥∋≻⋈∈⊤∋≻⋈∈⊥∋≻⋈∈⊥∋≻⋈∈⊥∋≻⋈∈⊤∋≻⋈∈⊤∋≻⋈∈⊤∋≻⋈∈⊥∋⊙⊡⊣
⊢≻⋈∈⊥∋≻⋈∈⊤∋≻⋈∈⊥∋≻⋈∈⊥∋≻⋈∈⊤∋≻⋈∈⊤∋≻⋈∈⊥∋≻⋈∈⊥∋≻⋈∈⊤∋≻⋈∈⊥∋≻⋈∈⊥∋⊙⊡⊣
⊢≻⋈∈⊤∋≻⋈∈⊤∋≻⋈∈⊤∋≻⋈∈⊤∋≻⋈∈⊤∋≻⋈∈⊤∋≻⋈∈⊤∋≻⋈∈⊥∋≻⋈∈⊥∋≻⋈∈⊤∋≻⋈∈⊤∋≻⋈∈⊥∋≻⋈∈⊥∋⊙⊡⊣
⊢≻⋈∈⊤∋≻⋈∈⊥∋≻⋈∈⊤∋≻⋈∈⊥∋≻⋈∈⊥∋≻⋈∈⊥∋≻⋈∈⊥∋⊙⊡⊣
⊢≻⋈∈⊥∋≻⋈∈⊤∋≻⋈∈⊤∋≻⋈∈⊤∋≻⋈∈⊤∋≻⋈∈⊥∋≻⋈∈⊤∋≻⋈∈⊥∋⊙⊡⊣
⊢≻⋈∈⊥∋≻⋈∈⊤∋≻⋈∈⊥∋≻⋈∈⊥∋⊙⊡⊣
⊢≻⋈∈⊥∋≻⋈∈⊥∋≻⋈∈⊤∋≻⋈∈⊤∋≻⋈∈⊤∋≻⋈∈⊥∋⊙⊡⊣
⊢≻⋈∈⊤∋≻⋈∈⊥∋≻⋈∈⊤∋≻⋈∈⊤∋≻⋈∈⊤∋≻⋈∈⊥∋≻⋈∈⊤∋≻⋈∈⊥∋⊙⊡⊣
⊢≻⋈∈⊥∋≻⋈∈⊥∋≻⋈∈⊤∋≻⋈∈⊥∋≻⋈∈⊥∋≻⋈∈⊥∋≻⋈∈⊥∋≻⋈∈⊥∋≻⋈∈⊥∋≻⋈∈⊥∋≻⋈∈⊤∋≻⋈∈⊥∋≻⋈∈⊥∋≻⋈∈⊤∋≻⋈∈⊥∋⊙⊡⊣
⊢≻⋈∈⊥∋≻⋈∈⊥∋≻⋈∈⊥∋≻⋈∈⊤∋≻⋈∈⊤∋≻⋈∈⊤∋≻⋈∈⊤∋≻⋈∈⊥∋⊙⊡⊣
⊢≻⋈∈⊥∋≻⋈∈⊤∋≻⋈∈⊤∋≻⋈∈⊤∋≻⋈∈⊤∋≻⋈∈⊥∋≻⋈∈⊥∋⊙⊡⊣
⊢≻⋈∈⊥∋≻⋈∈⊥∋≻⋈∈⊥∋≻⋈∈⊤∋≻⋈∈⊥∋≻⋈∈⊥∋≻⋈∈⊥∋≻⋈∈⊤∋≻⋈∈⊤∋≻⋈∈⊤∋≻⋈∈⊥∋⊙⊡⊣
⊢≻⋈∈⊥∋≻⋈∈⊤∋≻⋈∈⊥∋≻⋈∈⊥∋≻⋈∈⊤∋≻⋈∈⊤∋≻⋈∈⊥∋≻⋈∈⊥∋≻⋈∈⊤∋≻⋈∈⊥∋≻⋈∈⊥∋⊙⊡⊣
⊢≻⋈∈⊤∋≻⋈∈⊤∋≻⋈∈⊤∋≻⋈∈⊤∋≻⋈∈⊥∋≻⋈∈⊥∋≻⋈∈⊤∋≻⋈∈⊥∋≻⋈∈⊥∋≻⋈∈⊤∋≻⋈∈⊤∋≻⋈∈⊥∋≻⋈∈⊥∋⊙⊡⊣
⊢≻⋈∈⊤∋≻⋈∈⊥∋≻⋈∈⊤∋≻⋈∈⊥∋≻⋈∈⊥∋≻⋈∈⊥∋≻⋈∈⊥∋⊙⊡⊣
⊢≻⋈∈⊤∋≻⋈∈⊥∋≻⋈∈⊤∋≻⋈∈⊤∋≻⋈∈⊤∋≻⋈∈⊥∋≻⋈∈⊤∋≻⋈∈⊥∋⊙⊡⊣
⊢≻⋈∈⊥∋≻⋈∈⊤∋≻⋈∈⊥∋≻⋈∈⊥∋⊙⊡⊣
⊢≻⋈∈⊤∋≻⋈∈⊤∋≻⋈∈⊥∋≻⋈∈⊤∋≻⋈∈⊤∋≻⋈∈⊥∋⊙⊡⊣
⊢≻⋈∈⊥∋≻⋈∈⊥∋≻⋈∈⊤∋≻⋈∈⊤∋≻⋈∈⊤∋≻⋈∈⊥∋≻⋈∈⊤∋≻⋈∈⊥∋⊙⊡⊣
⊢≻⋈∈⊥∋≻⋈∈⊥∋≻⋈∈⊤∋≻⋈∈⊥∋≻⋈∈⊤∋≻⋈∈⊤∋≻⋈∈⊤∋≻⋈∈⊥∋≻⋈∈⊤∋≻⋈∈⊤∋≻⋈∈⊥∋≻⋈∈⊥∋≻⋈∈⊥∋≻⋈∈⊤∋≻⋈∈⊥∋⊙⊡⊣
⊢≻⋈∈⊤∋≻⋈∈⊤∋≻⋈∈⊤∋≻⋈∈⊥∋≻⋈∈⊤∋≻⋈∈⊤∋≻⋈∈⊤∋≻⋈∈⊥∋⊙⊡⊣
⊢≻⋈∈⊥∋≻⋈∈⊥∋≻⋈∈⊤∋≻⋈∈⊤∋≻⋈∈⊤∋≻⋈∈⊥∋≻⋈∈⊥∋⊙⊡⊣
⊢≻⋈∈⊥∋≻⋈∈⊥∋≻⋈∈⊥∋≻⋈∈⊤∋≻⋈∈⊥∋≻⋈∈⊥∋≻⋈∈⊥∋≻⋈∈⊤∋≻⋈∈⊤∋≻⋈∈⊤∋≻⋈∈⊥∋⊙⊡⊣
⊢≻⋈∈⊥∋≻⋈∈⊤∋≻⋈∈⊥∋≻⋈∈⊥∋≻⋈∈⊤∋≻⋈∈⊤∋≻⋈∈⊥∋≻⋈∈⊥∋≻⋈∈⊤∋≻⋈∈⊥∋≻⋈∈⊥∋⊙⊡⊣
⊢≻⋈∈⊤∋≻⋈∈⊤∋≻⋈∈⊤∋≻⋈∈⊤∋≻⋈∈⊤∋≻⋈∈⊥∋≻⋈∈⊥∋≻⋈∈⊥∋≻⋈∈⊥∋≻⋈∈⊤∋≻⋈∈⊤∋≻⋈∈⊥∋≻⋈∈⊥∋⊙⊡⊣
⊢≻⋈∈⊤∋≻⋈∈⊥∋≻⋈∈⊤∋≻⋈∈⊥∋≻⋈∈⊥∋≻⋈∈⊥∋≻⋈∈⊥∋⊙⊡⊣
⊢≻⋈∈⊥∋≻⋈∈⊥∋≻⋈∈⊤∋≻⋈∈⊤∋≻⋈∈⊤∋≻⋈∈⊥∋≻⋈∈⊤∋≻⋈∈⊥∋⊙⊡⊣
⊢≻⋈∈⊤∋≻⋈∈⊤∋≻⋈∈⊤∋≻⋈∈⊥∋≻⋈∈⊥∋⊙⊡⊣
⊢≻⋈∈⊤∋≻⋈∈⊤∋≻⋈∈⊤∋≻⋈∈⊥∋≻⋈∈⊥∋⊙⊡⊣
⊢≻⋈∈⊤∋≻⋈∈⊤∋≻⋈∈⊥∋≻⋈∈⊤∋≻⋈∈⊤∋≻⋈∈⊥∋≻⋈∈⊤∋≻⋈∈⊥∋⊙⊡⊣
⊢≻⋈∈⊤∋≻⋈∈⊥∋≻⋈∈⊥∋≻⋈∈⊥∋≻⋈∈⊥∋≻⋈∈⊤∋≻⋈∈⊤∋≻⋈∈⊤∋≻⋈∈⊥∋≻⋈∈⊤∋≻⋈∈⊥∋≻⋈∈⊥∋≻⋈∈⊥∋≻⋈∈⊤∋≻⋈∈⊥∋⊙⊡⊣
⊢≻⋈∈⊥∋≻⋈∈⊥∋≻⋈∈⊤∋≻⋈∈⊥∋≻⋈∈⊤∋≻⋈∈⊤∋≻⋈∈⊤∋≻⋈∈⊥∋⊙⊡⊣
⊢≻⋈∈⊥∋≻⋈∈⊥∋≻⋈∈⊥∋≻⋈∈⊤∋≻⋈∈⊤∋≻⋈∈⊥∋≻⋈∈⊥∋⊙⊡⊣
⊢≻⋈∈⊥∋≻⋈∈⊥∋≻⋈∈⊥∋≻⋈∈⊤∋≻⋈∈⊥∋≻⋈∈⊥∋≻⋈∈⊥∋≻⋈∈⊤∋≻⋈∈⊤∋≻⋈∈⊤∋≻⋈∈⊥∋⊙⊡⊣
⊢≻⋈∈⊥∋≻⋈∈⊤∋≻⋈∈⊥∋≻⋈∈⊥∋≻⋈∈⊤∋≻⋈∈⊤∋≻⋈∈⊥∋≻⋈∈⊥∋≻⋈∈⊤∋≻⋈∈⊥∋≻⋈∈⊥∋⊙⊡⊣
⊢≻⋈∈⊤∋≻⋈∈⊤∋≻⋈∈⊤∋≻⋈∈⊤∋≻⋈∈⊥∋≻⋈∈⊥∋≻⋈∈⊥∋≻⋈∈⊤∋≻⋈∈⊤∋≻⋈∈⊥∋≻⋈∈⊤∋≻⋈∈⊥∋≻⋈∈⊥∋⊙⊡⊣
⊢≻⋈∈⊤∋≻⋈∈⊥∋≻⋈∈⊤∋≻⋈∈⊥∋≻⋈∈⊥∋≻⋈∈⊥∋≻⋈∈⊥∋⊙⊡⊣
⊢≻⋈∈⊤∋≻⋈∈⊤∋≻⋈∈⊥∋≻⋈∈⊤∋≻⋈∈⊤∋≻⋈∈⊥∋≻⋈∈⊤∋≻⋈∈⊥∋⊙⊡⊣
⊢≻⋈∈⊤∋≻⋈∈⊤∋≻⋈∈⊤∋≻⋈∈⊥∋≻⋈∈⊥∋⊙⊡⊣
⊢≻⋈∈⊥∋≻⋈∈⊤∋≻⋈∈⊤∋≻⋈∈⊥∋≻⋈∈⊥∋⊙⊡⊣
⊢≻⋈∈⊥∋≻⋈∈⊤∋≻⋈∈⊥∋≻⋈∈⊤∋≻⋈∈⊤∋≻⋈∈⊥∋≻⋈∈⊤∋≻⋈∈⊥∋⊙⊡⊣
⊢≻⋈∈⊤∋≻⋈∈⊥∋≻⋈∈⊥∋≻⋈∈⊥∋≻⋈∈⊤∋≻⋈∈⊥∋≻⋈∈⊤∋≻⋈∈⊥∋≻⋈∈⊥∋≻⋈∈⊤∋≻⋈∈⊥∋≻⋈∈⊥∋≻⋈∈⊥∋≻⋈∈⊤∋≻⋈∈⊥∋⊙⊡⊣
⊢≻⋈∈⊤∋≻⋈∈⊤∋≻⋈∈⊥∋≻⋈∈⊥∋≻⋈∈⊤∋≻⋈∈⊤∋≻⋈∈⊤∋≻⋈∈⊥∋⊙⊡⊣
⊢≻⋈∈⊥∋≻⋈∈⊤∋≻⋈∈⊤∋≻⋈∈⊥∋≻⋈∈⊤∋≻⋈∈⊥∋≻⋈∈⊥∋⊙⊡⊣
⊢≻⋈∈⊥∋≻⋈∈⊥∋≻⋈∈⊥∋≻⋈∈⊤∋≻⋈∈⊥∋≻⋈∈⊥∋≻⋈∈⊥∋≻⋈∈⊤∋≻⋈∈⊤∋≻⋈∈⊤∋≻⋈∈⊥∋⊙⊡⊣
⊢≻⋈∈⊥∋≻⋈∈⊤∋≻⋈∈⊥∋≻⋈∈⊥∋≻⋈∈⊤∋≻⋈∈⊤∋≻⋈∈⊥∋≻⋈∈⊥∋≻⋈∈⊤∋≻⋈∈⊥∋≻⋈∈⊥∋⊙⊡⊣
⊢≻⋈∈⊤∋≻⋈∈⊤∋≻⋈∈⊤∋≻⋈∈⊤∋≻⋈∈⊤∋≻⋈∈⊥∋≻⋈∈⊤∋≻⋈∈⊥∋≻⋈∈⊤∋≻⋈∈⊥∋≻⋈∈⊤∋≻⋈∈⊥∋≻⋈∈⊥∋⊙⊡⊣
⊢≻⋈∈⊤∋≻⋈∈⊥∋≻⋈∈⊤∋≻⋈∈⊥∋≻⋈∈⊥∋≻⋈∈⊥∋≻⋈∈⊥∋⊙⊡⊣
⊢≻⋈∈⊥∋≻⋈∈⊤∋≻⋈∈⊥∋≻⋈∈⊤∋≻⋈∈⊤∋≻⋈∈⊥∋≻⋈∈⊤∋≻⋈∈⊥∋⊙⊡⊣
⊢≻⋈∈⊥∋≻⋈∈⊥∋≻⋈∈⊥∋≻⋈∈⊤∋≻⋈∈⊥∋⊙⊡⊣
⊢≻⋈∈⊥∋≻⋈∈⊤∋≻⋈∈⊤∋≻⋈∈⊥∋≻⋈∈⊥∋⊙⊡⊣
⊢≻⋈∈⊤∋≻⋈∈⊥∋≻⋈∈⊥∋≻⋈∈⊤∋≻⋈∈⊤∋≻⋈∈⊥∋≻⋈∈⊤∋≻⋈∈⊥∋⊙⊡⊣
⊢≻⋈∈⊥∋≻⋈∈⊤∋≻⋈∈⊤∋≻⋈∈⊤∋≻⋈∈⊤∋≻⋈∈⊤∋≻⋈∈⊥∋≻⋈∈⊤∋≻⋈∈⊤∋≻⋈∈⊥∋≻⋈∈⊥∋≻⋈∈⊥∋≻⋈∈⊥∋≻⋈∈⊤∋≻⋈∈⊥∋⊙⊡⊣
⊢≻⋈∈⊥∋≻⋈∈⊥∋≻⋈∈⊥∋≻⋈∈⊥∋≻⋈∈⊤∋≻⋈∈⊤∋≻⋈∈⊤∋≻⋈∈⊥∋⊙⊡⊣
⊢≻⋈∈⊤∋≻⋈∈⊤∋≻⋈∈⊥∋≻⋈∈⊥∋≻⋈∈⊤∋≻⋈∈⊥∋≻⋈∈⊥∋⊙⊡⊣
⊢≻⋈∈⊥∋≻⋈∈⊥∋≻⋈∈⊥∋≻⋈∈⊤∋≻⋈∈⊥∋≻⋈∈⊥∋≻⋈∈⊥∋≻⋈∈⊤∋≻⋈∈⊤∋≻⋈∈⊤∋≻⋈∈⊥∋⊙⊡⊣
⊢≻⋈∈⊥∋≻⋈∈⊤∋≻⋈∈⊥∋≻⋈∈⊥∋≻⋈∈⊤∋≻⋈∈⊤∋≻⋈∈⊥∋≻⋈∈⊥∋≻⋈∈⊤∋≻⋈∈⊥∋≻⋈∈⊥∋⊙⊡⊣
⊢≻⋈∈⊤∋≻⋈∈⊤∋≻⋈∈⊤∋≻⋈∈⊤∋≻⋈∈⊥∋≻⋈∈⊥∋≻⋈∈⊤∋≻⋈∈⊤∋≻⋈∈⊥∋≻⋈∈⊥∋≻⋈∈⊤∋≻⋈∈⊥∋≻⋈∈⊥∋⊙⊡⊣
⊢≻⋈∈⊤∋≻⋈∈⊥∋≻⋈∈⊤∋≻⋈∈⊥∋≻⋈∈⊥∋≻⋈∈⊥∋≻⋈∈⊥∋⊙⊡⊣
⊢≻⋈∈⊤∋≻⋈∈⊥∋≻⋈∈⊥∋≻⋈∈⊤∋≻⋈∈⊤∋≻⋈∈⊥∋≻⋈∈⊤∋≻⋈∈⊥∋⊙⊡⊣
⊢≻⋈∈⊥∋≻⋈∈⊥∋≻⋈∈⊥∋≻⋈∈⊤∋≻⋈∈⊥∋⊙⊡⊣
⊢≻⋈∈⊤∋≻⋈∈⊥∋≻⋈∈⊤∋≻⋈∈⊥∋≻⋈∈⊥∋⊙⊡⊣
⊢≻⋈∈⊥∋≻⋈∈⊥∋≻⋈∈⊥∋≻⋈∈⊤∋≻⋈∈⊤∋≻⋈∈⊥∋≻⋈∈⊤∋≻⋈∈⊥∋⊙⊡⊣
⊢≻⋈∈⊥∋≻⋈∈⊤∋≻⋈∈⊤∋≻⋈∈⊤∋≻⋈∈⊥∋≻⋈∈⊤∋≻⋈∈⊥∋≻⋈∈⊥∋≻⋈∈⊤∋≻⋈∈⊥∋≻⋈∈⊥∋≻⋈∈⊥∋≻⋈∈⊥∋≻⋈∈⊤∋≻⋈∈⊥∋⊙⊡⊣
⊢≻⋈∈⊤∋≻⋈∈⊤∋≻⋈∈⊤∋≻⋈∈⊤∋≻⋈∈⊥∋≻⋈∈⊤∋≻⋈∈⊤∋≻⋈∈⊥∋⊙⊡⊣
⊢≻⋈∈⊤∋≻⋈∈⊤∋≻⋈∈⊥∋≻⋈∈⊥∋≻⋈∈⊤∋≻⋈∈⊥∋≻⋈∈⊥∋⊙⊡⊣
⊢≻⋈∈⊥∋≻⋈∈⊥∋≻⋈∈⊥∋≻⋈∈⊤∋≻⋈∈⊥∋≻⋈∈⊥∋≻⋈∈⊥∋≻⋈∈⊤∋≻⋈∈⊤∋≻⋈∈⊤∋≻⋈∈⊥∋⊙⊡⊣
⊢≻⋈∈⊥∋≻⋈∈⊤∋≻⋈∈⊥∋≻⋈∈⊥∋≻⋈∈⊤∋≻⋈∈⊤∋≻⋈∈⊥∋≻⋈∈⊥∋≻⋈∈⊤∋≻⋈∈⊥∋≻⋈∈⊥∋⊙⊡⊣
⊢≻⋈∈⊤∋≻⋈∈⊤∋≻⋈∈⊤∋≻⋈∈⊤∋≻⋈∈⊤∋≻⋈∈⊥∋≻⋈∈⊥∋≻⋈∈⊤∋≻⋈∈⊥∋≻⋈∈⊥∋≻⋈∈⊤∋≻⋈∈⊥∋≻⋈∈⊥∋⊙⊡⊣
⊢≻⋈∈⊤∋≻⋈∈⊥∋≻⋈∈⊤∋≻⋈∈⊥∋≻⋈∈⊥∋≻⋈∈⊥∋≻⋈∈⊥∋⊙⊡⊣
⊢≻⋈∈⊥∋≻⋈∈⊥∋≻⋈∈⊥∋≻⋈∈⊤∋≻⋈∈⊤∋≻⋈∈⊥∋≻⋈∈⊤∋≻⋈∈⊥∋⊙⊡⊣
⊢≻⋈∈⊤∋≻⋈∈⊥∋≻⋈∈⊥∋≻⋈∈⊤∋≻⋈∈⊥∋⊙⊡⊣
⊢≻⋈∈⊤∋≻⋈∈⊥∋≻⋈∈⊤∋≻⋈∈⊥∋≻⋈∈⊥∋⊙⊡⊣
⊢≻⋈∈⊤∋≻⋈∈⊤∋≻⋈∈⊤∋≻⋈∈⊥∋≻⋈∈⊤∋≻⋈∈⊥∋≻⋈∈⊤∋≻⋈∈⊥∋⊙⊡⊣
⊢≻⋈∈⊤∋≻⋈∈⊤∋≻⋈∈⊥∋≻⋈∈⊤∋≻⋈∈⊤∋≻⋈∈⊥∋≻⋈∈⊥∋≻⋈∈⊤∋≻⋈∈⊥∋≻⋈∈⊥∋≻⋈∈⊥∋≻⋈∈⊥∋≻⋈∈⊥∋≻⋈∈⊤∋≻⋈∈⊥∋⊙⊡⊣
⊢≻⋈∈⊥∋≻⋈∈⊥∋≻⋈∈⊤∋≻⋈∈⊤∋≻⋈∈⊥∋≻⋈∈⊤∋≻⋈∈⊤∋≻⋈∈⊥∋⊙⊡⊣
⊢≻⋈∈⊤∋≻⋈∈⊤∋≻⋈∈⊤∋≻⋈∈⊤∋≻⋈∈⊥∋≻⋈∈⊥∋≻⋈∈⊥∋⊙⊡⊣
⊢≻⋈∈⊥∋≻⋈∈⊥∋≻⋈∈⊥∋≻⋈∈⊤∋≻⋈∈⊥∋≻⋈∈⊥∋≻⋈∈⊥∋≻⋈∈⊤∋≻⋈∈⊤∋≻⋈∈⊤∋≻⋈∈⊥∋⊙⊡⊣
⊢≻⋈∈⊥∋≻⋈∈⊤∋≻⋈∈⊥∋≻⋈∈⊥∋≻⋈∈⊤∋≻⋈∈⊤∋≻⋈∈⊥∋≻⋈∈⊥∋≻⋈∈⊤∋≻⋈∈⊥∋≻⋈∈⊥∋⊙⊡⊣
⊢≻⋈∈⊤∋≻⋈∈⊤∋≻⋈∈⊤∋≻⋈∈⊤∋≻⋈∈⊥∋≻⋈∈⊥∋≻⋈∈⊥∋≻⋈∈⊥∋≻⋈∈⊥∋≻⋈∈⊥∋≻⋈∈⊤∋≻⋈∈⊥∋≻⋈∈⊥∋⊙⊡⊣
⊢≻⋈∈⊤∋≻⋈∈⊥∋≻⋈∈⊤∋≻⋈∈⊥∋≻⋈∈⊥∋≻⋈∈⊥∋≻⋈∈⊥∋⊙⊡⊣
⊢≻⋈∈⊤∋≻⋈∈⊤∋≻⋈∈⊤∋≻⋈∈⊥∋≻⋈∈⊤∋≻⋈∈⊥∋≻⋈∈⊤∋≻⋈∈⊥∋⊙⊡⊣
⊢≻⋈∈⊤∋≻⋈∈⊥∋≻⋈∈⊥∋≻⋈∈⊤∋≻⋈∈⊥∋⊙⊡⊣
⊢≻⋈∈⊥∋≻⋈∈⊥∋≻⋈∈⊤∋≻⋈∈⊥∋≻⋈∈⊥∋⊙⊡⊣
⊢≻⋈∈⊥∋≻⋈∈⊤∋≻⋈∈⊤∋≻⋈∈⊥∋≻⋈∈⊤∋≻⋈∈⊥∋≻⋈∈⊤∋≻⋈∈⊥∋⊙⊡⊣
⊢≻⋈∈⊤∋≻⋈∈⊤∋≻⋈∈⊥∋≻⋈∈⊤∋≻⋈∈⊥∋≻⋈∈⊥∋≻⋈∈⊥∋≻⋈∈⊥∋≻⋈∈⊥∋≻⋈∈⊥∋≻⋈∈⊥∋≻⋈∈⊥∋≻⋈∈⊥∋≻⋈∈⊤∋≻⋈∈⊥∋⊙⊡⊣
⊢≻⋈∈⊤∋≻⋈∈⊤∋≻⋈∈⊥∋≻⋈∈⊤∋≻⋈∈⊥∋≻⋈∈⊤∋≻⋈∈⊤∋≻⋈∈⊥∋⊙⊡⊣
⊢≻⋈∈⊤∋≻⋈∈⊤∋≻⋈∈⊤∋≻⋈∈⊤∋≻⋈∈⊥∋≻⋈∈⊥∋≻⋈∈⊥∋⊙⊡⊣
⊢≻⋈∈⊥∋≻⋈∈⊥∋≻⋈∈⊥∋≻⋈∈⊤∋≻⋈∈⊥∋≻⋈∈⊥∋≻⋈∈⊥∋≻⋈∈⊤∋≻⋈∈⊤∋≻⋈∈⊤∋≻⋈∈⊥∋⊙⊡⊣
⊢≻⋈∈⊥∋≻⋈∈⊤∋≻⋈∈⊥∋≻⋈∈⊥∋≻⋈∈⊤∋≻⋈∈⊤∋≻⋈∈⊥∋≻⋈∈⊥∋≻⋈∈⊤∋≻⋈∈⊥∋≻⋈∈⊥∋⊙⊡⊣
⊢≻⋈∈⊤∋≻⋈∈⊤∋≻⋈∈⊤∋≻⋈∈⊤∋≻⋈∈⊤∋≻⋈∈⊥∋≻⋈∈⊤∋≻⋈∈⊤∋≻⋈∈⊤∋≻⋈∈⊤∋≻⋈∈⊥∋≻⋈∈⊥∋≻⋈∈⊥∋⊙⊡⊣
⊢≻⋈∈⊤∋≻⋈∈⊥∋≻⋈∈⊤∋≻⋈∈⊥∋≻⋈∈⊥∋≻⋈∈⊥∋≻⋈∈⊥∋⊙⊡⊣
⊢≻⋈∈⊥∋≻⋈∈⊤∋≻⋈∈⊤∋≻⋈∈⊥∋≻⋈∈⊤∋≻⋈∈⊥∋≻⋈∈⊤∋≻⋈∈⊥∋⊙⊡⊣
⊢≻⋈∈⊥∋≻⋈∈⊤∋≻⋈∈⊥∋⊙⊡⊣
⊢≻⋈∈⊥∋≻⋈∈⊥∋≻⋈∈⊤∋≻⋈∈⊥∋≻⋈∈⊤∋≻⋈∈⊥∋⊙⊡⊣
⊢≻⋈∈⊤∋≻⋈∈⊥∋≻⋈∈⊤∋≻⋈∈⊥∋≻⋈∈⊤∋≻⋈∈⊥∋≻⋈∈⊤∋≻⋈∈⊥∋⊙⊡⊣
⊢≻⋈∈⊥∋≻⋈∈⊥∋≻⋈∈⊥∋≻⋈∈⊤∋≻⋈∈⊤∋≻⋈∈⊤∋≻⋈∈⊤∋≻⋈∈⊥∋≻⋈∈⊤∋≻⋈∈⊤∋≻⋈∈⊤∋≻⋈∈⊤∋≻⋈∈⊤∋≻⋈∈⊥∋≻⋈∈⊥∋⊙⊡⊣
⊢≻⋈∈⊥∋≻⋈∈⊤∋≻⋈∈⊥∋≻⋈∈⊤∋≻⋈∈⊥∋≻⋈∈⊤∋≻⋈∈⊤∋≻⋈∈⊥∋⊙⊡⊣
⊢≻⋈∈⊤∋≻⋈∈⊤∋≻⋈∈⊤∋≻⋈∈⊤∋≻⋈∈⊥∋≻⋈∈⊥∋≻⋈∈⊥∋⊙⊡⊣
⊢≻⋈∈⊥∋≻⋈∈⊥∋≻⋈∈⊥∋≻⋈∈⊤∋≻⋈∈⊥∋≻⋈∈⊥∋≻⋈∈⊥∋≻⋈∈⊤∋≻⋈∈⊤∋≻⋈∈⊤∋≻⋈∈⊥∋⊙⊡⊣
⊢≻⋈∈⊥∋≻⋈∈⊤∋≻⋈∈⊥∋≻⋈∈⊥∋≻⋈∈⊤∋≻⋈∈⊤∋≻⋈∈⊥∋≻⋈∈⊥∋≻⋈∈⊤∋≻⋈∈⊥∋≻⋈∈⊥∋⊙⊡⊣
⊢≻⋈∈⊤∋≻⋈∈⊤∋≻⋈∈⊤∋≻⋈∈⊤∋≻⋈∈⊥∋≻⋈∈⊤∋≻⋈∈⊥∋≻⋈∈⊤∋≻⋈∈⊤∋≻⋈∈⊤∋≻⋈∈⊥∋≻⋈∈⊥∋≻⋈∈⊥∋⊙⊡⊣
⊢≻⋈∈⊤∋≻⋈∈⊥∋≻⋈∈⊤∋≻⋈∈⊥∋≻⋈∈⊥∋≻⋈∈⊥∋≻⋈∈⊥∋⊙⊡⊣
⊢≻⋈∈⊤∋≻⋈∈⊤∋≻⋈∈⊥∋≻⋈∈⊥∋≻⋈∈⊤∋≻⋈∈⊥∋≻⋈∈⊤∋≻⋈∈⊥∋⊙⊡⊣
⊢≻⋈∈⊤∋≻⋈∈⊥∋≻⋈∈⊥∋⊙⊡⊣
⊢≻⋈∈⊤∋≻⋈∈⊥∋≻⋈∈⊤∋≻⋈∈⊥∋≻⋈∈⊤∋≻⋈∈⊥∋⊙⊡⊣
⊢≻⋈∈⊥∋≻⋈∈⊥∋≻⋈∈⊤∋≻⋈∈⊥∋≻⋈∈⊤∋≻⋈∈⊥∋≻⋈∈⊤∋≻⋈∈⊥∋⊙⊡⊣
⊢≻⋈∈⊤∋≻⋈∈⊥∋≻⋈∈⊤∋≻⋈∈⊥∋≻⋈∈⊥∋≻⋈∈⊤∋≻⋈∈⊤∋≻⋈∈⊤∋≻⋈∈⊥∋≻⋈∈⊤∋≻⋈∈⊤∋≻⋈∈⊤∋≻⋈∈⊤∋≻⋈∈⊥∋≻⋈∈⊥∋⊙⊡⊣
⊢≻⋈∈⊥∋≻⋈∈⊤∋≻⋈∈⊤∋≻⋈∈⊥∋≻⋈∈⊥∋≻⋈∈⊤∋≻⋈∈⊤∋≻⋈∈⊥∋⊙⊡⊣
⊢≻⋈∈⊤∋≻⋈∈⊥∋≻⋈∈⊥∋≻⋈∈⊤∋≻⋈∈⊥∋≻⋈∈⊥∋≻⋈∈⊥∋⊙⊡⊣
⊢≻⋈∈⊥∋≻⋈∈⊥∋≻⋈∈⊥∋≻⋈∈⊤∋≻⋈∈⊥∋≻⋈∈⊥∋≻⋈∈⊥∋≻⋈∈⊤∋≻⋈∈⊤∋≻⋈∈⊤∋≻⋈∈⊥∋⊙⊡⊣
⊢≻⋈∈⊥∋≻⋈∈⊤∋≻⋈∈⊥∋≻⋈∈⊥∋≻⋈∈⊤∋≻⋈∈⊤∋≻⋈∈⊥∋≻⋈∈⊥∋≻⋈∈⊤∋≻⋈∈⊥∋≻⋈∈⊥∋⊙⊡⊣
⊢≻⋈∈⊤∋≻⋈∈⊤∋≻⋈∈⊤∋≻⋈∈⊤∋≻⋈∈⊥∋≻⋈∈⊤∋≻⋈∈⊤∋≻⋈∈⊤∋≻⋈∈⊥∋≻⋈∈⊤∋≻⋈∈⊥∋≻⋈∈⊥∋≻⋈∈⊥∋⊙⊡⊣
⊢≻⋈∈⊤∋≻⋈∈⊥∋≻⋈∈⊤∋≻⋈∈⊥∋≻⋈∈⊥∋≻⋈∈⊥∋≻⋈∈⊥∋⊙⊡⊣
⊢≻⋈∈⊥∋≻⋈∈⊤∋≻⋈∈⊥∋≻⋈∈⊥∋≻⋈∈⊤∋≻⋈∈⊥∋≻⋈∈⊤∋≻⋈∈⊥∋⊙⊡⊣
⊢≻⋈∈⊤∋≻⋈∈⊤∋≻⋈∈⊥∋≻⋈∈⊤∋≻⋈∈⊥∋⊙⊡⊣
⊢≻⋈∈⊤∋≻⋈∈⊤∋≻⋈∈⊥∋≻⋈∈⊥∋≻⋈∈⊥∋⊙⊡⊣
⊢≻⋈∈⊤∋≻⋈∈⊤∋≻⋈∈⊥∋≻⋈∈⊥∋≻⋈∈⊤∋≻⋈∈⊥∋≻⋈∈⊤∋≻⋈∈⊥∋⊙⊡⊣
⊢≻⋈∈⊤∋≻⋈∈⊥∋≻⋈∈⊤∋≻⋈∈⊥∋≻⋈∈⊤∋≻⋈∈⊥∋≻⋈∈⊤∋≻⋈∈⊥∋≻⋈∈⊥∋≻⋈∈⊤∋≻⋈∈⊤∋≻⋈∈⊤∋≻⋈∈⊤∋≻⋈∈⊥∋≻⋈∈⊥∋⊙⊡⊣
⊢≻⋈∈⊥∋≻⋈∈⊥∋≻⋈∈⊤∋≻⋈∈⊥∋≻⋈∈⊥∋≻⋈∈⊤∋≻⋈∈⊤∋≻⋈∈⊥∋⊙⊡⊣
⊢≻⋈∈⊤∋≻⋈∈⊤∋≻⋈∈⊤∋≻⋈∈⊥∋≻⋈∈⊥∋≻⋈∈⊥∋≻⋈∈⊥∋⊙⊡⊣
⊢≻⋈∈⊥∋≻⋈∈⊥∋≻⋈∈⊥∋≻⋈∈⊤∋≻⋈∈⊥∋≻⋈∈⊥∋≻⋈∈⊥∋≻⋈∈⊤∋≻⋈∈⊤∋≻⋈∈⊤∋≻⋈∈⊥∋⊙⊡⊣
⊢≻⋈∈⊥∋≻⋈∈⊤∋≻⋈∈⊥∋≻⋈∈⊥∋≻⋈∈⊤∋≻⋈∈⊤∋≻⋈∈⊥∋≻⋈∈⊥∋≻⋈∈⊤∋≻⋈∈⊥∋≻⋈∈⊥∋⊙⊡⊣
⊢≻⋈∈⊤∋≻⋈∈⊤∋≻⋈∈⊤∋≻⋈∈⊤∋≻⋈∈⊥∋≻⋈∈⊥∋≻⋈∈⊥∋≻⋈∈⊤∋≻⋈∈⊥∋≻⋈∈⊤∋≻⋈∈⊥∋≻⋈∈⊥∋≻⋈∈⊥∋⊙⊡⊣
⊢≻⋈∈⊤∋≻⋈∈⊥∋≻⋈∈⊤∋≻⋈∈⊥∋≻⋈∈⊥∋≻⋈∈⊥∋≻⋈∈⊥∋⊙⊡⊣
⊢≻⋈∈⊤∋≻⋈∈⊥∋≻⋈∈⊥∋≻⋈∈⊥∋≻⋈∈⊤∋≻⋈∈⊥∋≻⋈∈⊤∋≻⋈∈⊥∋⊙⊡⊣
⊢≻⋈∈⊤∋≻⋈∈⊤∋≻⋈∈⊥∋≻⋈∈⊤∋≻⋈∈⊥∋⊙⊡⊣
⊢≻⋈∈⊥∋≻⋈∈⊤∋≻⋈∈⊥∋≻⋈∈⊥∋≻⋈∈⊥∋⊙⊡⊣
⊢≻⋈∈⊥∋≻⋈∈⊤∋≻⋈∈⊥∋≻⋈∈⊥∋≻⋈∈⊤∋≻⋈∈⊥∋≻⋈∈⊤∋≻⋈∈⊥∋⊙⊡⊣
⊢≻⋈∈⊤∋≻⋈∈⊥∋≻⋈∈⊤∋≻⋈∈⊥∋≻⋈∈⊥∋≻⋈∈⊥∋≻⋈∈⊤∋≻⋈∈⊤∋≻⋈∈⊤∋≻⋈∈⊥∋≻⋈∈⊤∋≻⋈∈⊤∋≻⋈∈⊤∋≻⋈∈⊥∋≻⋈∈⊥∋⊙⊡⊣
⊢≻⋈∈⊤∋≻⋈∈⊤∋≻⋈∈⊥∋≻⋈∈⊥∋≻⋈∈⊥∋≻⋈∈⊤∋≻⋈∈⊤∋≻⋈∈⊥∋⊙⊡⊣
⊢≻⋈∈⊤∋≻⋈∈⊤∋≻⋈∈⊤∋≻⋈∈⊥∋≻⋈∈⊥∋≻⋈∈⊥∋≻⋈∈⊥∋⊙⊡⊣
⊢≻⋈∈⊥∋≻⋈∈⊥∋≻⋈∈⊥∋≻⋈∈⊤∋≻⋈∈⊥∋≻⋈∈⊥∋≻⋈∈⊥∋≻⋈∈⊤∋≻⋈∈⊤∋≻⋈∈⊤∋≻⋈∈⊥∋⊙⊡⊣
⊢≻⋈∈⊥∋≻⋈∈⊤∋≻⋈∈⊥∋≻⋈∈⊥∋≻⋈∈⊤∋≻⋈∈⊤∋≻⋈∈⊥∋≻⋈∈⊥∋≻⋈∈⊤∋≻⋈∈⊥∋≻⋈∈⊥∋⊙⊡⊣
⊢≻⋈∈⊤∋≻⋈∈⊤∋≻⋈∈⊤∋≻⋈∈⊤∋≻⋈∈⊤∋≻⋈∈⊥∋≻⋈∈⊤∋≻⋈∈⊥∋≻⋈∈⊥∋≻⋈∈⊤∋≻⋈∈⊥∋≻⋈∈⊥∋≻⋈∈⊥∋⊙⊡⊣
⊢≻⋈∈⊤∋≻⋈∈⊥∋≻⋈∈⊤∋≻⋈∈⊥∋≻⋈∈⊥∋≻⋈∈⊥∋≻⋈∈⊥∋⊙⊡⊣
⊢≻⋈∈⊥∋≻⋈∈⊥∋≻⋈∈⊥∋≻⋈∈⊥∋≻⋈∈⊤∋≻⋈∈⊥∋≻⋈∈⊤∋≻⋈∈⊥∋⊙⊡⊣
⊢≻⋈∈⊥∋≻⋈∈⊥∋≻⋈∈⊥∋⊙⊡⊣
⊢≻⋈∈⊥∋≻⋈∈⊤∋≻⋈∈⊤∋≻⋈∈⊥∋≻⋈∈⊤∋≻⋈∈⊥∋⊙⊡⊣
⊢≻⋈∈⊤∋≻⋈∈⊥∋≻⋈∈⊥∋≻⋈∈⊥∋≻⋈∈⊤∋≻⋈∈⊥∋≻⋈∈⊤∋≻⋈∈⊥∋⊙⊡⊣
⊢≻⋈∈⊥∋≻⋈∈⊤∋≻⋈∈⊥∋≻⋈∈⊥∋≻⋈∈⊤∋≻⋈∈⊤∋≻⋈∈⊥∋≻⋈∈⊥∋≻⋈∈⊤∋≻⋈∈⊥∋≻⋈∈⊤∋≻⋈∈⊤∋≻⋈∈⊤∋≻⋈∈⊥∋≻⋈∈⊥∋⊙⊡⊣
⊢≻⋈∈⊥∋≻⋈∈⊤∋≻⋈∈⊥∋≻⋈∈⊥∋≻⋈∈⊥∋≻⋈∈⊤∋≻⋈∈⊤∋≻⋈∈⊥∋⊙⊡⊣
⊢≻⋈∈⊤∋≻⋈∈⊥∋≻⋈∈⊤∋≻⋈∈⊥∋≻⋈∈⊥∋≻⋈∈⊥∋≻⋈∈⊥∋⊙⊡⊣
⊢≻⋈∈⊥∋≻⋈∈⊥∋≻⋈∈⊥∋≻⋈∈⊤∋≻⋈∈⊥∋≻⋈∈⊥∋≻⋈∈⊥∋≻⋈∈⊤∋≻⋈∈⊤∋≻⋈∈⊤∋≻⋈∈⊥∋⊙⊡⊣
⊢≻⋈∈⊥∋≻⋈∈⊤∋≻⋈∈⊥∋≻⋈∈⊥∋≻⋈∈⊤∋≻⋈∈⊤∋≻⋈∈⊥∋≻⋈∈⊥∋≻⋈∈⊤∋≻⋈∈⊥∋≻⋈∈⊥∋⊙⊡⊣
⊢≻⋈∈⊤∋≻⋈∈⊤∋≻⋈∈⊤∋≻⋈∈⊤∋≻⋈∈⊥∋≻⋈∈⊤∋≻⋈∈⊥∋≻⋈∈⊥∋≻⋈∈⊥∋≻⋈∈⊤∋≻⋈∈⊥∋≻⋈∈⊥∋≻⋈∈⊥∋⊙⊡⊣
⊢≻⋈∈⊤∋≻⋈∈⊥∋≻⋈∈⊤∋≻⋈∈⊥∋≻⋈∈⊥∋≻⋈∈⊥∋≻⋈∈⊥∋⊙⊡⊣
⊢≻⋈∈⊤∋≻⋈∈⊥∋≻⋈∈⊤∋≻⋈∈⊤∋≻⋈∈⊥∋≻⋈∈⊥∋≻⋈∈⊤∋≻⋈∈⊥∋⊙⊡⊣
⊢≻⋈∈⊤∋≻⋈∈⊤∋≻⋈∈⊤∋≻⋈∈⊥∋⊙⊡⊣
⊢≻⋈∈⊤∋≻⋈∈⊤∋≻⋈∈⊤∋≻⋈∈⊥∋≻⋈∈⊤∋≻⋈∈⊥∋⊙⊡⊣
⊢≻⋈∈⊥∋≻⋈∈⊥∋≻⋈∈⊥∋≻⋈∈⊥∋≻⋈∈⊤∋≻⋈∈⊥∋≻⋈∈⊤∋≻⋈∈⊥∋⊙⊡⊣
⊢≻⋈∈⊤∋≻⋈∈⊤∋≻⋈∈⊤∋≻⋈∈⊤∋≻⋈∈⊤∋≻⋈∈⊥∋≻⋈∈⊥∋≻⋈∈⊤∋≻⋈∈⊥∋≻⋈∈⊥∋≻⋈∈⊤∋≻⋈∈⊤∋≻⋈∈⊤∋≻⋈∈⊥∋≻⋈∈⊥∋⊙⊡⊣
⊢≻⋈∈⊥∋≻⋈∈⊤∋≻⋈∈⊤∋≻⋈∈⊤∋≻⋈∈⊤∋≻⋈∈⊥∋≻⋈∈⊤∋≻⋈∈⊥∋⊙⊡⊣
⊢≻⋈∈⊤∋≻⋈∈⊤∋≻⋈∈⊤∋≻⋈∈⊤∋≻⋈∈⊤∋≻⋈∈⊤∋≻⋈∈⊤∋≻⋈∈⊥∋⊙⊡⊣
⊢≻⋈∈⊥∋≻⋈∈⊥∋≻⋈∈⊥∋≻⋈∈⊤∋≻⋈∈⊥∋≻⋈∈⊥∋≻⋈∈⊥∋≻⋈∈⊤∋≻⋈∈⊤∋≻⋈∈⊤∋≻⋈∈⊥∋⊙⊡⊣
⊢≻⋈∈⊥∋≻⋈∈⊤∋≻⋈∈⊥∋≻⋈∈⊥∋≻⋈∈⊤∋≻⋈∈⊤∋≻⋈∈⊥∋≻⋈∈⊥∋≻⋈∈⊤∋≻⋈∈⊥∋≻⋈∈⊥∋⊙⊡⊣
⊢≻⋈∈⊤∋≻⋈∈⊤∋≻⋈∈⊤∋≻⋈∈⊤∋≻⋈∈⊥∋≻⋈∈⊤∋≻⋈∈⊤∋≻⋈∈⊥∋≻⋈∈⊤∋≻⋈∈⊥∋≻⋈∈⊥∋≻⋈∈⊥∋≻⋈∈⊥∋⊙⊡⊣
⊢≻⋈∈⊤∋≻⋈∈⊥∋≻⋈∈⊤∋≻⋈∈⊥∋≻⋈∈⊥∋≻⋈∈⊥∋≻⋈∈⊥∋⊙⊡⊣
⊢≻⋈∈⊥∋≻⋈∈⊤∋≻⋈∈⊥∋≻⋈∈⊤∋≻⋈∈⊥∋≻⋈∈⊥∋≻⋈∈⊤∋≻⋈∈⊥∋⊙⊡⊣
⊢≻⋈∈⊥∋≻⋈∈⊤∋≻⋈∈⊤∋≻⋈∈⊥∋⊙⊡⊣
⊢≻⋈∈⊥∋≻⋈∈⊥∋≻⋈∈⊥∋≻⋈∈⊤∋≻⋈∈⊤∋≻⋈∈⊥∋⊙⊡⊣
⊢≻⋈∈⊤∋≻⋈∈⊤∋≻⋈∈⊤∋≻⋈∈⊤∋≻⋈∈⊥∋≻⋈∈⊥∋≻⋈∈⊤∋≻⋈∈⊥∋⊙⊡⊣
⊢≻⋈∈⊥∋≻⋈∈⊥∋≻⋈∈⊤∋≻⋈∈⊤∋≻⋈∈⊥∋≻⋈∈⊥∋≻⋈∈⊥∋≻⋈∈⊥∋≻⋈∈⊥∋≻⋈∈⊥∋≻⋈∈⊤∋≻⋈∈⊤∋≻⋈∈⊤∋≻⋈∈⊥∋≻⋈∈⊥∋⊙⊡⊣
⊢≻⋈∈⊥∋≻⋈∈⊤∋≻⋈∈⊥∋≻⋈∈⊤∋≻⋈∈⊤∋≻⋈∈⊥∋≻⋈∈⊤∋≻⋈∈⊥∋⊙⊡⊣
⊢≻⋈∈⊤∋≻⋈∈⊤∋≻⋈∈⊤∋≻⋈∈⊤∋≻⋈∈⊤∋≻⋈∈⊤∋≻⋈∈⊤∋≻⋈∈⊥∋⊙⊡⊣
⊢≻⋈∈⊥∋≻⋈∈⊥∋≻⋈∈⊥∋≻⋈∈⊤∋≻⋈∈⊥∋≻⋈∈⊥∋≻⋈∈⊥∋≻⋈∈⊤∋≻⋈∈⊤∋≻⋈∈⊤∋≻⋈∈⊥∋⊙⊡⊣
⊢≻⋈∈⊥∋≻⋈∈⊤∋≻⋈∈⊥∋≻⋈∈⊥∋≻⋈∈⊤∋≻⋈∈⊤∋≻⋈∈⊥∋≻⋈∈⊥∋≻⋈∈⊤∋≻⋈∈⊥∋≻⋈∈⊥∋⊙⊡⊣
⊢≻⋈∈⊤∋≻⋈∈⊤∋≻⋈∈⊤∋≻⋈∈⊤∋≻⋈∈⊥∋≻⋈∈⊤∋≻⋈∈⊥∋≻⋈∈⊤∋≻⋈∈⊥∋≻⋈∈⊥∋≻⋈∈⊥∋≻⋈∈⊥∋≻⋈∈⊥∋⊙⊡⊣
⊢≻⋈∈⊤∋≻⋈∈⊥∋≻⋈∈⊤∋≻⋈∈⊥∋≻⋈∈⊥∋≻⋈∈⊥∋≻⋈∈⊥∋⊙⊡⊣
⊢≻⋈∈⊤∋≻⋈∈⊥∋≻⋈∈⊥∋≻⋈∈⊤∋≻⋈∈⊥∋≻⋈∈⊥∋≻⋈∈⊤∋≻⋈∈⊥∋⊙⊡⊣
⊢≻⋈∈⊥∋≻⋈∈⊤∋≻⋈∈⊤∋≻⋈∈⊥∋⊙⊡⊣
⊢≻⋈∈⊤∋≻⋈∈⊤∋≻⋈∈⊤∋≻⋈∈⊥∋≻⋈∈⊤∋≻⋈∈⊥∋⊙⊡⊣
⊢≻⋈∈⊥∋≻⋈∈⊤∋≻⋈∈⊤∋≻⋈∈⊤∋≻⋈∈⊥∋≻⋈∈⊥∋≻⋈∈⊤∋≻⋈∈⊥∋⊙⊡⊣
⊢≻⋈∈⊥∋≻⋈∈⊥∋≻⋈∈⊤∋≻⋈∈⊤∋≻⋈∈⊤∋≻⋈∈⊤∋≻⋈∈⊤∋≻⋈∈⊥∋≻⋈∈⊤∋≻⋈∈⊤∋≻⋈∈⊥∋≻⋈∈⊤∋≻⋈∈⊤∋≻⋈∈⊥∋≻⋈∈⊥∋⊙⊡⊣
⊢≻⋈∈⊤∋≻⋈∈⊥∋≻⋈∈⊥∋≻⋈∈⊤∋≻⋈∈⊤∋≻⋈∈⊥∋≻⋈∈⊤∋≻⋈∈⊥∋⊙⊡⊣
⊢≻⋈∈⊤∋≻⋈∈⊤∋≻⋈∈⊤∋≻⋈∈⊤∋≻⋈∈⊤∋≻⋈∈⊤∋≻⋈∈⊤∋≻⋈∈⊥∋⊙⊡⊣
⊢≻⋈∈⊥∋≻⋈∈⊥∋≻⋈∈⊥∋≻⋈∈⊤∋≻⋈∈⊥∋≻⋈∈⊥∋≻⋈∈⊥∋≻⋈∈⊤∋≻⋈∈⊤∋≻⋈∈⊤∋≻⋈∈⊥∋⊙⊡⊣
⊢≻⋈∈⊥∋≻⋈∈⊤∋≻⋈∈⊥∋≻⋈∈⊥∋≻⋈∈⊤∋≻⋈∈⊤∋≻⋈∈⊥∋≻⋈∈⊥∋≻⋈∈⊤∋≻⋈∈⊥∋≻⋈∈⊥∋⊙⊡⊣
⊢≻⋈∈⊤∋≻⋈∈⊤∋≻⋈∈⊤∋≻⋈∈⊤∋≻⋈∈⊤∋≻⋈∈⊤∋≻⋈∈⊤∋≻⋈∈⊥∋≻⋈∈⊥∋≻⋈∈⊥∋≻⋈∈⊥∋≻⋈∈⊥∋≻⋈∈⊥∋⊙⊡⊣
⊢≻⋈∈⊤∋≻⋈∈⊥∋≻⋈∈⊤∋≻⋈∈⊥∋≻⋈∈⊥∋≻⋈∈⊥∋≻⋈∈⊥∋⊙⊡⊣
⊢≻⋈∈⊤∋≻⋈∈⊤∋≻⋈∈⊤∋≻⋈∈⊥∋≻⋈∈⊥∋≻⋈∈⊥∋≻⋈∈⊤∋≻⋈∈⊥∋⊙⊡⊣
⊢≻⋈∈⊥∋≻⋈∈⊤∋≻⋈∈⊤∋≻⋈∈⊤∋≻⋈∈⊥∋⊙⊡⊣
⊢≻⋈∈⊤∋≻⋈∈⊤∋≻⋈∈⊤∋≻⋈∈⊤∋≻⋈∈⊤∋≻⋈∈⊥∋⊙⊡⊣
⊢≻⋈∈⊥∋≻⋈∈⊤∋≻⋈∈⊤∋≻⋈∈⊤∋≻⋈∈⊥∋≻⋈∈⊥∋≻⋈∈⊤∋≻⋈∈⊥∋⊙⊡⊣
⊢≻⋈∈⊤∋≻⋈∈⊤∋≻⋈∈⊤∋≻⋈∈⊤∋≻⋈∈⊤∋≻⋈∈⊤∋≻⋈∈⊤∋≻⋈∈⊥∋≻⋈∈⊤∋≻⋈∈⊤∋≻⋈∈⊥∋≻⋈∈⊤∋≻⋈∈⊤∋≻⋈∈⊥∋≻⋈∈⊥∋⊙⊡⊣
⊢≻⋈∈⊤∋≻⋈∈⊤∋≻⋈∈⊤∋≻⋈∈⊥∋≻⋈∈⊤∋≻⋈∈⊥∋≻⋈∈⊤∋≻⋈∈⊥∋⊙⊡⊣
⊢≻⋈∈⊤∋≻⋈∈⊥∋≻⋈∈⊤∋≻⋈∈⊤∋≻⋈∈⊤∋≻⋈∈⊤∋≻⋈∈⊤∋≻⋈∈⊥∋⊙⊡⊣
⊢≻⋈∈⊥∋≻⋈∈⊥∋≻⋈∈⊥∋≻⋈∈⊤∋≻⋈∈⊥∋≻⋈∈⊥∋≻⋈∈⊥∋≻⋈∈⊤∋≻⋈∈⊤∋≻⋈∈⊤∋≻⋈∈⊥∋⊙⊡⊣
⊢≻⋈∈⊥∋≻⋈∈⊤∋≻⋈∈⊥∋≻⋈∈⊥∋≻⋈∈⊤∋≻⋈∈⊤∋≻⋈∈⊥∋≻⋈∈⊥∋≻⋈∈⊤∋≻⋈∈⊥∋≻⋈∈⊥∋⊙⊡⊣
⊢≻⋈∈⊤∋≻⋈∈⊤∋≻⋈∈⊤∋≻⋈∈⊤∋≻⋈∈⊤∋≻⋈∈⊤∋≻⋈∈⊤∋≻⋈∈⊤∋≻⋈∈⊤∋≻⋈∈⊤∋≻⋈∈⊤∋≻⋈∈⊤∋≻⋈∈⊤∋≻⋈∈⊥∋⊙⊡⊣
⊢≻⋈∈⊤∋≻⋈∈⊥∋≻⋈∈⊤∋≻⋈∈⊥∋≻⋈∈⊥∋≻⋈∈⊥∋≻⋈∈⊥∋⊙⊡⊣
⊢≻⋈∈⊥∋≻⋈∈⊤∋≻⋈∈⊤∋≻⋈∈⊥∋≻⋈∈⊥∋≻⋈∈⊥∋≻⋈∈⊤∋≻⋈∈⊥∋⊙⊡⊣
⊢≻⋈∈⊤∋≻⋈∈⊥∋≻⋈∈⊤∋≻⋈∈⊥∋⊙⊡⊣
⊢≻⋈∈⊤∋≻⋈∈⊥∋≻⋈∈⊥∋≻⋈∈⊤∋≻⋈∈⊤∋≻⋈∈⊥∋⊙⊡⊣
⊢≻⋈∈⊤∋≻⋈∈⊥∋≻⋈∈⊤∋≻⋈∈⊤∋≻⋈∈⊥∋≻⋈∈⊥∋≻⋈∈⊤∋≻⋈∈⊥∋⊙⊡⊣
⊢≻⋈∈⊥∋≻⋈∈⊥∋≻⋈∈⊤∋≻⋈∈⊤∋≻⋈∈⊥∋≻⋈∈⊤∋≻⋈∈⊤∋≻⋈∈⊤∋≻⋈∈⊥∋≻⋈∈⊤∋≻⋈∈⊥∋≻⋈∈⊤∋≻⋈∈⊤∋≻⋈∈⊥∋≻⋈∈⊥∋⊙⊡⊣
⊢≻⋈∈⊥∋≻⋈∈⊤∋≻⋈∈⊤∋≻⋈∈⊥∋≻⋈∈⊤∋≻⋈∈⊥∋≻⋈∈⊤∋≻⋈∈⊥∋⊙⊡⊣
⊢≻⋈∈⊤∋≻⋈∈⊥∋≻⋈∈⊤∋≻⋈∈⊤∋≻⋈∈⊤∋≻⋈∈⊤∋≻⋈∈⊤∋≻⋈∈⊥∋⊙⊡⊣
⊢≻⋈∈⊥∋≻⋈∈⊥∋≻⋈∈⊥∋≻⋈∈⊤∋≻⋈∈⊥∋≻⋈∈⊥∋≻⋈∈⊥∋≻⋈∈⊤∋≻⋈∈⊤∋≻⋈∈⊤∋≻⋈∈⊥∋⊙⊡⊣
⊢≻⋈∈⊥∋≻⋈∈⊤∋≻⋈∈⊥∋≻⋈∈⊥∋≻⋈∈⊤∋≻⋈∈⊤∋≻⋈∈⊥∋≻⋈∈⊥∋≻⋈∈⊤∋≻⋈∈⊥∋≻⋈∈⊥∋⊙⊡⊣
⊢≻⋈∈⊤∋≻⋈∈⊤∋≻⋈∈⊤∋≻⋈∈⊤∋≻⋈∈⊥∋≻⋈∈⊤∋≻⋈∈⊤∋≻⋈∈⊤∋≻⋈∈⊤∋≻⋈∈⊤∋≻⋈∈⊤∋≻⋈∈⊤∋≻⋈∈⊤∋≻⋈∈⊥∋⊙⊡⊣
⊢≻⋈∈⊤∋≻⋈∈⊥∋≻⋈∈⊤∋≻⋈∈⊥∋≻⋈∈⊥∋≻⋈∈⊥∋≻⋈∈⊥∋⊙⊡⊣
⊢≻⋈∈⊤∋≻⋈∈⊥∋≻⋈∈⊤∋≻⋈∈⊥∋≻⋈∈⊥∋≻⋈∈⊥∋≻⋈∈⊤∋≻⋈∈⊥∋⊙⊡⊣
⊢≻⋈∈⊤∋≻⋈∈⊥∋≻⋈∈⊤∋≻⋈∈⊥∋⊙⊡⊣
⊢≻⋈∈⊥∋≻⋈∈⊥∋≻⋈∈⊥∋≻⋈∈⊤∋≻⋈∈⊤∋≻⋈∈⊥∋⊙⊡⊣
⊢≻⋈∈⊥∋≻⋈∈⊥∋≻⋈∈⊤∋≻⋈∈⊤∋≻⋈∈⊥∋≻⋈∈⊥∋≻⋈∈⊤∋≻⋈∈⊥∋⊙⊡⊣
⊢≻⋈∈⊥∋≻⋈∈⊥∋≻⋈∈⊤∋≻⋈∈⊤∋≻⋈∈⊤∋≻⋈∈⊥∋≻⋈∈⊤∋≻⋈∈⊥∋≻⋈∈⊥∋≻⋈∈⊤∋≻⋈∈⊥∋≻⋈∈⊤∋≻⋈∈⊤∋≻⋈∈⊥∋≻⋈∈⊥∋⊙⊡⊣
⊢≻⋈∈⊤∋≻⋈∈⊥∋≻⋈∈⊤∋≻⋈∈⊥∋≻⋈∈⊤∋≻⋈∈⊥∋≻⋈∈⊤∋≻⋈∈⊥∋⊙⊡⊣
⊢≻⋈∈⊤∋≻⋈∈⊥∋≻⋈∈⊤∋≻⋈∈⊤∋≻⋈∈⊤∋≻⋈∈⊤∋≻⋈∈⊤∋≻⋈∈⊥∋⊙⊡⊣
⊢≻⋈∈⊥∋≻⋈∈⊥∋≻⋈∈⊥∋≻⋈∈⊤∋≻⋈∈⊥∋≻⋈∈⊥∋≻⋈∈⊥∋≻⋈∈⊤∋≻⋈∈⊤∋≻⋈∈⊤∋≻⋈∈⊥∋⊙⊡⊣
⊢≻⋈∈⊥∋≻⋈∈⊤∋≻⋈∈⊥∋≻⋈∈⊥∋≻⋈∈⊤∋≻⋈∈⊤∋≻⋈∈⊥∋≻⋈∈⊥∋≻⋈∈⊤∋≻⋈∈⊥∋≻⋈∈⊥∋⊙⊡⊣
⊢≻⋈∈⊤∋≻⋈∈⊤∋≻⋈∈⊤∋≻⋈∈⊤∋≻⋈∈⊤∋≻⋈∈⊤∋≻⋈∈⊥∋≻⋈∈⊤∋≻⋈∈⊤∋≻⋈∈⊤∋≻⋈∈⊤∋≻⋈∈⊤∋≻⋈∈⊤∋≻⋈∈⊥∋⊙⊡⊣
⊢≻⋈∈⊤∋≻⋈∈⊥∋≻⋈∈⊤∋≻⋈∈⊥∋≻⋈∈⊥∋≻⋈∈⊥∋≻⋈∈⊥∋⊙⊡⊣
⊢≻⋈∈⊥∋≻⋈∈⊤∋≻⋈∈⊥∋≻⋈∈⊥∋≻⋈∈⊥∋≻⋈∈⊥∋≻⋈∈⊤∋≻⋈∈⊥∋⊙⊡⊣
⊢≻⋈∈⊥∋≻⋈∈⊥∋≻⋈∈⊤∋≻⋈∈⊥∋⊙⊡⊣
⊢≻⋈∈⊥∋≻⋈∈⊤∋≻⋈∈⊥∋≻⋈∈⊤∋≻⋈∈⊤∋≻⋈∈⊥∋⊙⊡⊣
⊢≻⋈∈⊤∋≻⋈∈⊤∋≻⋈∈⊥∋≻⋈∈⊤∋≻⋈∈⊥∋≻⋈∈⊥∋≻⋈∈⊤∋≻⋈∈⊥∋⊙⊡⊣
⊢≻⋈∈⊥∋≻⋈∈⊥∋≻⋈∈⊤∋≻⋈∈⊤∋≻⋈∈⊥∋≻⋈∈⊥∋≻⋈∈⊤∋≻⋈∈⊤∋≻⋈∈⊤∋≻⋈∈⊥∋≻⋈∈⊥∋≻⋈∈⊤∋≻⋈∈⊤∋≻⋈∈⊥∋≻⋈∈⊥∋⊙⊡⊣
⊢≻⋈∈⊥∋≻⋈∈⊤∋≻⋈∈⊥∋≻⋈∈⊥∋≻⋈∈⊤∋≻⋈∈⊥∋≻⋈∈⊤∋≻⋈∈⊥∋⊙⊡⊣
⊢≻⋈∈⊤∋≻⋈∈⊤∋≻⋈∈⊥∋≻⋈∈⊤∋≻⋈∈⊤∋≻⋈∈⊤∋≻⋈∈⊤∋≻⋈∈⊥∋⊙⊡⊣
⊢≻⋈∈⊥∋≻⋈∈⊥∋≻⋈∈⊥∋≻⋈∈⊤∋≻⋈∈⊥∋≻⋈∈⊥∋≻⋈∈⊥∋≻⋈∈⊤∋≻⋈∈⊤∋≻⋈∈⊤∋≻⋈∈⊥∋⊙⊡⊣
⊢≻⋈∈⊥∋≻⋈∈⊤∋≻⋈∈⊥∋≻⋈∈⊥∋≻⋈∈⊤∋≻⋈∈⊤∋≻⋈∈⊥∋≻⋈∈⊥∋≻⋈∈⊤∋≻⋈∈⊥∋≻⋈∈⊥∋⊙⊡⊣
⊢≻⋈∈⊤∋≻⋈∈⊤∋≻⋈∈⊤∋≻⋈∈⊤∋≻⋈∈⊥∋≻⋈∈⊤∋≻⋈∈⊥∋≻⋈∈⊥∋≻⋈∈⊤∋≻⋈∈⊤∋≻⋈∈⊤∋≻⋈∈⊤∋≻⋈∈⊤∋≻⋈∈⊥∋⊙⊡⊣
⊢≻⋈∈⊤∋≻⋈∈⊥∋≻⋈∈⊤∋≻⋈∈⊥∋≻⋈∈⊥∋≻⋈∈⊥∋≻⋈∈⊥∋⊙⊡⊣
⊢≻⋈∈⊤∋≻⋈∈⊥∋≻⋈∈⊥∋≻⋈∈⊥∋≻⋈∈⊥∋≻⋈∈⊥∋≻⋈∈⊤∋≻⋈∈⊥∋⊙⊡⊣
⊢≻⋈∈⊥∋≻⋈∈⊥∋≻⋈∈⊤∋≻⋈∈⊥∋⊙⊡⊣
⊢≻⋈∈⊤∋≻⋈∈⊥∋≻⋈∈⊥∋≻⋈∈⊤∋≻⋈∈⊤∋≻⋈∈⊥∋⊙⊡⊣
⊢≻⋈∈⊥∋≻⋈∈⊤∋≻⋈∈⊥∋≻⋈∈⊤∋≻⋈∈⊥∋≻⋈∈⊥∋≻⋈∈⊤∋≻⋈∈⊥∋⊙⊡⊣
⊢≻⋈∈⊥∋≻⋈∈⊥∋≻⋈∈⊤∋≻⋈∈⊤∋≻⋈∈⊤∋≻⋈∈⊤∋≻⋈∈⊥∋≻⋈∈⊥∋≻⋈∈⊤∋≻⋈∈⊥∋≻⋈∈⊥∋≻⋈∈⊤∋≻⋈∈⊤∋≻⋈∈⊥∋≻⋈∈⊥∋⊙⊡⊣
⊢≻⋈∈⊤∋≻⋈∈⊥∋≻⋈∈⊥∋≻⋈∈⊥∋≻⋈∈⊤∋≻⋈∈⊥∋≻⋈∈⊤∋≻⋈∈⊥∋⊙⊡⊣
⊢≻⋈∈⊥∋≻⋈∈⊤∋≻⋈∈⊥∋≻⋈∈⊤∋≻⋈∈⊤∋≻⋈∈⊤∋≻⋈∈⊤∋≻⋈∈⊥∋⊙⊡⊣
⊢≻⋈∈⊥∋≻⋈∈⊥∋≻⋈∈⊥∋≻⋈∈⊤∋≻⋈∈⊥∋≻⋈∈⊥∋≻⋈∈⊥∋≻⋈∈⊤∋≻⋈∈⊤∋≻⋈∈⊤∋≻⋈∈⊥∋⊙⊡⊣
⊢≻⋈∈⊥∋≻⋈∈⊤∋≻⋈∈⊥∋≻⋈∈⊥∋≻⋈∈⊤∋≻⋈∈⊤∋≻⋈∈⊥∋≻⋈∈⊥∋≻⋈∈⊤∋≻⋈∈⊥∋≻⋈∈⊥∋⊙⊡⊣
⊢≻⋈∈⊤∋≻⋈∈⊤∋≻⋈∈⊤∋≻⋈∈⊤∋≻⋈∈⊤∋≻⋈∈⊤∋≻⋈∈⊤∋≻⋈∈⊤∋≻⋈∈⊥∋≻⋈∈⊤∋≻⋈∈⊤∋≻⋈∈⊤∋≻⋈∈⊤∋≻⋈∈⊥∋⊙⊡⊣
⊢≻⋈∈⊤∋≻⋈∈⊥∋≻⋈∈⊤∋≻⋈∈⊥∋≻⋈∈⊥∋≻⋈∈⊥∋≻⋈∈⊥∋⊙⊡⊣
⊢≻⋈∈⊥∋≻⋈∈⊤∋≻⋈∈⊤∋≻⋈∈⊤∋≻⋈∈⊤∋≻⋈∈⊤∋≻⋈∈⊥∋≻⋈∈⊥∋⊙⊡⊣
⊢≻⋈∈⊤∋≻⋈∈⊤∋≻⋈∈⊥∋≻⋈∈⊥∋⊙⊡⊣
⊢≻⋈∈⊤∋≻⋈∈⊤∋≻⋈∈⊥∋≻⋈∈⊤∋≻⋈∈⊤∋≻⋈∈⊥∋⊙⊡⊣
⊢≻⋈∈⊤∋≻⋈∈⊥∋≻⋈∈⊥∋≻⋈∈⊤∋≻⋈∈⊥∋≻⋈∈⊥∋≻⋈∈⊤∋≻⋈∈⊥∋⊙⊡⊣
⊢≻⋈∈⊥∋≻⋈∈⊥∋≻⋈∈⊤∋≻⋈∈⊤∋≻⋈∈⊥∋≻⋈∈⊤∋≻⋈∈⊥∋≻⋈∈⊤∋≻⋈∈⊥∋≻⋈∈⊥∋≻⋈∈⊥∋≻⋈∈⊤∋≻⋈∈⊤∋≻⋈∈⊥∋≻⋈∈⊥∋⊙⊡⊣
⊢≻⋈∈⊥∋≻⋈∈⊤∋≻⋈∈⊤∋≻⋈∈⊤∋≻⋈∈⊥∋≻⋈∈⊥∋≻⋈∈⊤∋≻⋈∈⊥∋⊙⊡⊣
⊢≻⋈∈⊤∋≻⋈∈⊤∋≻⋈∈⊤∋≻⋈∈⊥∋≻⋈∈⊤∋≻⋈∈⊤∋≻⋈∈⊤∋≻⋈∈⊥∋⊙⊡⊣
⊢≻⋈∈⊥∋≻⋈∈⊥∋≻⋈∈⊥∋≻⋈∈⊤∋≻⋈∈⊥∋≻⋈∈⊥∋≻⋈∈⊥∋≻⋈∈⊤∋≻⋈∈⊤∋≻⋈∈⊤∋≻⋈∈⊥∋⊙⊡⊣
⊢≻⋈∈⊥∋≻⋈∈⊤∋≻⋈∈⊥∋≻⋈∈⊥∋≻⋈∈⊤∋≻⋈∈⊤∋≻⋈∈⊥∋≻⋈∈⊥∋≻⋈∈⊤∋≻⋈∈⊥∋≻⋈∈⊥∋⊙⊡⊣
⊢≻⋈∈⊤∋≻⋈∈⊤∋≻⋈∈⊤∋≻⋈∈⊤∋≻⋈∈⊥∋≻⋈∈⊤∋≻⋈∈⊤∋≻⋈∈⊥∋≻⋈∈⊥∋≻⋈∈⊤∋≻⋈∈⊤∋≻⋈∈⊤∋≻⋈∈⊤∋≻⋈∈⊥∋⊙⊡⊣
⊢≻⋈∈⊤∋≻⋈∈⊥∋≻⋈∈⊤∋≻⋈∈⊥∋≻⋈∈⊥∋≻⋈∈⊥∋≻⋈∈⊥∋⊙⊡⊣
⊢≻⋈∈⊤∋≻⋈∈⊥∋≻⋈∈⊤∋≻⋈∈⊤∋≻⋈∈⊤∋≻⋈∈⊤∋≻⋈∈⊥∋≻⋈∈⊥∋⊙⊡⊣
⊢≻⋈∈⊤∋≻⋈∈⊤∋≻⋈∈⊥∋≻⋈∈⊥∋⊙⊡⊣
⊢≻⋈∈⊥∋≻⋈∈⊤∋≻⋈∈⊥∋≻⋈∈⊤∋≻⋈∈⊤∋≻⋈∈⊥∋⊙⊡⊣
⊢≻⋈∈⊥∋≻⋈∈⊥∋≻⋈∈⊥∋≻⋈∈⊤∋≻⋈∈⊥∋≻⋈∈⊥∋≻⋈∈⊤∋≻⋈∈⊥∋⊙⊡⊣
⊢≻⋈∈⊥∋≻⋈∈⊥∋≻⋈∈⊤∋≻⋈∈⊤∋≻⋈∈⊤∋≻⋈∈⊥∋≻⋈∈⊥∋≻⋈∈⊥∋≻⋈∈⊥∋≻⋈∈⊥∋≻⋈∈⊥∋≻⋈∈⊤∋≻⋈∈⊤∋≻⋈∈⊥∋≻⋈∈⊥∋⊙⊡⊣
⊢≻⋈∈⊤∋≻⋈∈⊥∋≻⋈∈⊤∋≻⋈∈⊤∋≻⋈∈⊥∋≻⋈∈⊥∋≻⋈∈⊤∋≻⋈∈⊥∋⊙⊡⊣
⊢≻⋈∈⊥∋≻⋈∈⊤∋≻⋈∈⊤∋≻⋈∈⊥∋≻⋈∈⊤∋≻⋈∈⊤∋≻⋈∈⊤∋≻⋈∈⊥∋⊙⊡⊣
⊢≻⋈∈⊥∋≻⋈∈⊥∋≻⋈∈⊥∋≻⋈∈⊤∋≻⋈∈⊥∋≻⋈∈⊥∋≻⋈∈⊥∋≻⋈∈⊤∋≻⋈∈⊤∋≻⋈∈⊤∋≻⋈∈⊥∋⊙⊡⊣
⊢≻⋈∈⊥∋≻⋈∈⊤∋≻⋈∈⊥∋≻⋈∈⊥∋≻⋈∈⊤∋≻⋈∈⊤∋≻⋈∈⊥∋≻⋈∈⊥∋≻⋈∈⊤∋≻⋈∈⊥∋≻⋈∈⊥∋⊙⊡⊣
⊢≻⋈∈⊤∋≻⋈∈⊤∋≻⋈∈⊤∋≻⋈∈⊤∋≻⋈∈⊤∋≻⋈∈⊤∋≻⋈∈⊥∋≻⋈∈⊥∋≻⋈∈⊥∋≻⋈∈⊤∋≻⋈∈⊤∋≻⋈∈⊤∋≻⋈∈⊤∋≻⋈∈⊥∋⊙⊡⊣
⊢≻⋈∈⊤∋≻⋈∈⊥∋≻⋈∈⊤∋≻⋈∈⊥∋≻⋈∈⊥∋≻⋈∈⊥∋≻⋈∈⊥∋⊙⊡⊣
⊢≻⋈∈⊥∋≻⋈∈⊥∋≻⋈∈⊤∋≻⋈∈⊤∋≻⋈∈⊤∋≻⋈∈⊤∋≻⋈∈⊥∋≻⋈∈⊥∋⊙⊡⊣
⊢≻⋈∈⊤∋≻⋈∈⊥∋≻⋈∈⊥∋≻⋈∈⊥∋⊙⊡⊣
⊢≻⋈∈⊤∋≻⋈∈⊥∋≻⋈∈⊤∋≻⋈∈⊤∋≻⋈∈⊤∋≻⋈∈⊥∋⊙⊡⊣
⊢≻⋈∈⊤∋≻⋈∈⊤∋≻⋈∈⊤∋≻⋈∈⊥∋≻⋈∈⊥∋≻⋈∈⊥∋≻⋈∈⊤∋≻⋈∈⊥∋⊙⊡⊣
⊢≻⋈∈⊤∋≻⋈∈⊥∋≻⋈∈⊥∋≻⋈∈⊤∋≻⋈∈⊥∋≻⋈∈⊥∋≻⋈∈⊥∋≻⋈∈⊤∋≻⋈∈⊤∋≻⋈∈⊤∋≻⋈∈⊤∋≻⋈∈⊥∋≻⋈∈⊤∋≻⋈∈⊥∋≻⋈∈⊥∋⊙⊡⊣
⊢≻⋈∈⊥∋≻⋈∈⊥∋≻⋈∈⊤∋≻⋈∈⊤∋≻⋈∈⊥∋≻⋈∈⊥∋≻⋈∈⊤∋≻⋈∈⊥∋⊙⊡⊣
⊢≻⋈∈⊥∋≻⋈∈⊥∋≻⋈∈⊤∋≻⋈∈⊥∋≻⋈∈⊤∋≻⋈∈⊤∋≻⋈∈⊤∋≻⋈∈⊥∋⊙⊡⊣
⊢≻⋈∈⊥∋≻⋈∈⊥∋≻⋈∈⊥∋≻⋈∈⊤∋≻⋈∈⊥∋≻⋈∈⊥∋≻⋈∈⊥∋≻⋈∈⊤∋≻⋈∈⊤∋≻⋈∈⊤∋≻⋈∈⊥∋⊙⊡⊣
⊢≻⋈∈⊥∋≻⋈∈⊤∋≻⋈∈⊥∋≻⋈∈⊥∋≻⋈∈⊤∋≻⋈∈⊤∋≻⋈∈⊥∋≻⋈∈⊥∋≻⋈∈⊤∋≻⋈∈⊥∋≻⋈∈⊥∋⊙⊡⊣
⊢≻⋈∈⊤∋≻⋈∈⊤∋≻⋈∈⊤∋≻⋈∈⊤∋≻⋈∈⊥∋≻⋈∈⊥∋≻⋈∈⊥∋≻⋈∈⊥∋≻⋈∈⊥∋≻⋈∈⊤∋≻⋈∈⊤∋≻⋈∈⊤∋≻⋈∈⊤∋≻⋈∈⊥∋⊙⊡⊣
⊢≻⋈∈⊤∋≻⋈∈⊥∋≻⋈∈⊤∋≻⋈∈⊥∋≻⋈∈⊥∋≻⋈∈⊥∋≻⋈∈⊥∋⊙⊡⊣
⊢≻⋈∈⊤∋≻⋈∈⊤∋≻⋈∈⊥∋≻⋈∈⊤∋≻⋈∈⊤∋≻⋈∈⊤∋≻⋈∈⊥∋≻⋈∈⊥∋⊙⊡⊣
⊢≻⋈∈⊤∋≻⋈∈⊥∋≻⋈∈⊥∋≻⋈∈⊥∋⊙⊡⊣
⊢≻⋈∈⊥∋≻⋈∈⊥∋≻⋈∈⊤∋≻⋈∈⊤∋≻⋈∈⊤∋≻⋈∈⊥∋⊙⊡⊣
⊢≻⋈∈⊥∋≻⋈∈⊤∋≻⋈∈⊤∋≻⋈∈⊥∋≻⋈∈⊥∋≻⋈∈⊥∋≻⋈∈⊤∋≻⋈∈⊥∋⊙⊡⊣
⊢≻⋈∈⊤∋≻⋈∈⊥∋≻⋈∈⊥∋≻⋈∈⊤∋≻⋈∈⊤∋≻⋈∈⊤∋≻⋈∈⊤∋≻⋈∈⊤∋≻⋈∈⊥∋≻⋈∈⊤∋≻⋈∈⊤∋≻⋈∈⊥∋≻⋈∈⊤∋≻⋈∈⊥∋≻⋈∈⊥∋⊙⊡⊣
⊢≻⋈∈⊤∋≻⋈∈⊤∋≻⋈∈⊥∋≻⋈∈⊤∋≻⋈∈⊥∋≻⋈∈⊥∋≻⋈∈⊤∋≻⋈∈⊥∋⊙⊡⊣
⊢≻⋈∈⊥∋≻⋈∈⊤∋≻⋈∈⊥∋≻⋈∈⊥∋≻⋈∈⊤∋≻⋈∈⊤∋≻⋈∈⊤∋≻⋈∈⊥∋⊙⊡⊣
⊢≻⋈∈⊥∋≻⋈∈⊥∋≻⋈∈⊥∋≻⋈∈⊤∋≻⋈∈⊥∋≻⋈∈⊥∋≻⋈∈⊥∋≻⋈∈⊤∋≻⋈∈⊤∋≻⋈∈⊤∋≻⋈∈⊥∋⊙⊡⊣
⊢≻⋈∈⊥∋≻⋈∈⊤∋≻⋈∈⊥∋≻⋈∈⊥∋≻⋈∈⊤∋≻⋈∈⊤∋≻⋈∈⊥∋≻⋈∈⊥∋≻⋈∈⊤∋≻⋈∈⊥∋≻⋈∈⊥∋⊙⊡⊣
⊢≻⋈∈⊤∋≻⋈∈⊤∋≻⋈∈⊤∋≻⋈∈⊤∋≻⋈∈⊤∋≻⋈∈⊥∋≻⋈∈⊤∋≻⋈∈⊤∋≻⋈∈⊤∋≻⋈∈⊥∋≻⋈∈⊤∋≻⋈∈⊤∋≻⋈∈⊤∋≻⋈∈⊥∋⊙⊡⊣
⊢≻⋈∈⊤∋≻⋈∈⊥∋≻⋈∈⊤∋≻⋈∈⊥∋≻⋈∈⊥∋≻⋈∈⊥∋≻⋈∈⊥∋⊙⊡⊣
⊢≻⋈∈⊥∋≻⋈∈⊤∋≻⋈∈⊥∋≻⋈∈⊤∋≻⋈∈⊤∋≻⋈∈⊤∋≻⋈∈⊥∋≻⋈∈⊥∋⊙⊡⊣
⊢≻⋈∈⊥∋≻⋈∈⊤∋≻⋈∈⊥∋≻⋈∈⊥∋⊙⊡⊣
⊢≻⋈∈⊥∋≻⋈∈⊥∋≻⋈∈⊤∋≻⋈∈⊤∋≻⋈∈⊤∋≻⋈∈⊥∋⊙⊡⊣
⊢≻⋈∈⊤∋≻⋈∈⊥∋≻⋈∈⊤∋≻⋈∈⊥∋≻⋈∈⊥∋≻⋈∈⊥∋≻⋈∈⊤∋≻⋈∈⊥∋⊙⊡⊣
⊢≻⋈∈⊥∋≻⋈∈⊤∋≻⋈∈⊤∋≻⋈∈⊥∋≻⋈∈⊥∋≻⋈∈⊤∋≻⋈∈⊤∋≻⋈∈⊥∋≻⋈∈⊥∋≻⋈∈⊤∋≻⋈∈⊤∋≻⋈∈⊥∋≻⋈∈⊤∋≻⋈∈⊥∋≻⋈∈⊥∋⊙⊡⊣
⊢≻⋈∈⊥∋≻⋈∈⊤∋≻⋈∈⊥∋≻⋈∈⊤∋≻⋈∈⊥∋≻⋈∈⊥∋≻⋈∈⊤∋≻⋈∈⊥∋⊙⊡⊣
⊢≻⋈∈⊥∋≻⋈∈⊤∋≻⋈∈⊥∋≻⋈∈⊥∋≻⋈∈⊤∋≻⋈∈⊤∋≻⋈∈⊤∋≻⋈∈⊥∋⊙⊡⊣
⊢≻⋈∈⊥∋≻⋈∈⊥∋≻⋈∈⊥∋≻⋈∈⊤∋≻⋈∈⊥∋≻⋈∈⊥∋≻⋈∈⊥∋≻⋈∈⊤∋≻⋈∈⊤∋≻⋈∈⊤∋≻⋈∈⊥∋⊙⊡⊣
⊢≻⋈∈⊥∋≻⋈∈⊤∋≻⋈∈⊥∋≻⋈∈⊥∋≻⋈∈⊤∋≻⋈∈⊤∋≻⋈∈⊥∋≻⋈∈⊥∋≻⋈∈⊤∋≻⋈∈⊥∋≻⋈∈⊥∋⊙⊡⊣
⊢≻⋈∈⊤∋≻⋈∈⊤∋≻⋈∈⊤∋≻⋈∈⊤∋≻⋈∈⊥∋≻⋈∈⊤∋≻⋈∈⊥∋≻⋈∈⊤∋≻⋈∈⊤∋≻⋈∈⊥∋≻⋈∈⊤∋≻⋈∈⊤∋≻⋈∈⊤∋≻⋈∈⊥∋⊙⊡⊣
⊢≻⋈∈⊤∋≻⋈∈⊥∋≻⋈∈⊤∋≻⋈∈⊥∋≻⋈∈⊥∋≻⋈∈⊥∋≻⋈∈⊥∋⊙⊡⊣
⊢≻⋈∈⊤∋≻⋈∈⊥∋≻⋈∈⊥∋≻⋈∈⊤∋≻⋈∈⊤∋≻⋈∈⊤∋≻⋈∈⊥∋≻⋈∈⊥∋⊙⊡⊣
⊢≻⋈∈⊥∋≻⋈∈⊤∋≻⋈∈⊥∋≻⋈∈⊥∋⊙⊡⊣
⊢≻⋈∈⊤∋≻⋈∈⊤∋≻⋈∈⊥∋≻⋈∈⊤∋≻⋈∈⊤∋≻⋈∈⊥∋⊙⊡⊣
⊢≻⋈∈⊥∋≻⋈∈⊥∋≻⋈∈⊤∋≻⋈∈⊥∋≻⋈∈⊥∋≻⋈∈⊥∋≻⋈∈⊤∋≻⋈∈⊥∋⊙⊡⊣
⊢≻⋈∈⊥∋≻⋈∈⊤∋≻⋈∈⊤∋≻⋈∈⊥∋≻⋈∈⊤∋≻⋈∈⊥∋≻⋈∈⊤∋≻⋈∈⊤∋≻⋈∈⊤∋≻⋈∈⊥∋≻⋈∈⊤∋≻⋈∈⊥∋≻⋈∈⊤∋≻⋈∈⊥∋≻⋈∈⊥∋⊙⊡⊣
⊢≻⋈∈⊤∋≻⋈∈⊥∋≻⋈∈⊥∋≻⋈∈⊤∋≻⋈∈⊥∋≻⋈∈⊥∋≻⋈∈⊤∋≻⋈∈⊥∋⊙⊡⊣
⊢≻⋈∈⊥∋≻⋈∈⊤∋≻⋈∈⊥∋≻⋈∈⊥∋≻⋈∈⊤∋≻⋈∈⊤∋≻⋈∈⊤∋≻⋈∈⊥∋⊙⊡⊣
⊢≻⋈∈⊥∋≻⋈∈⊥∋≻⋈∈⊥∋≻⋈∈⊤∋≻⋈∈⊥∋≻⋈∈⊥∋≻⋈∈⊥∋≻⋈∈⊤∋≻⋈∈⊤∋≻⋈∈⊤∋≻⋈∈⊥∋⊙⊡⊣
⊢≻⋈∈⊥∋≻⋈∈⊤∋≻⋈∈⊥∋≻⋈∈⊥∋≻⋈∈⊤∋≻⋈∈⊤∋≻⋈∈⊥∋≻⋈∈⊥∋≻⋈∈⊤∋≻⋈∈⊥∋≻⋈∈⊥∋⊙⊡⊣
⊢≻⋈∈⊤∋≻⋈∈⊤∋≻⋈∈⊤∋≻⋈∈⊤∋≻⋈∈⊤∋≻⋈∈⊤∋≻⋈∈⊤∋≻⋈∈⊥∋≻⋈∈⊤∋≻⋈∈⊥∋≻⋈∈⊤∋≻⋈∈⊤∋≻⋈∈⊤∋≻⋈∈⊥∋⊙⊡⊣
⊢≻⋈∈⊤∋≻⋈∈⊥∋≻⋈∈⊤∋≻⋈∈⊥∋≻⋈∈⊥∋≻⋈∈⊥∋≻⋈∈⊥∋⊙⊡⊣
⊢≻⋈∈⊥∋≻⋈∈⊥∋≻⋈∈⊥∋≻⋈∈⊤∋≻⋈∈⊤∋≻⋈∈⊤∋≻⋈∈⊥∋≻⋈∈⊥∋⊙⊡⊣
⊢≻⋈∈⊤∋≻⋈∈⊤∋≻⋈∈⊤∋≻⋈∈⊥∋≻⋈∈⊥∋⊙⊡⊣
⊢≻⋈∈⊤∋≻⋈∈⊤∋≻⋈∈⊤∋≻⋈∈⊥∋≻⋈∈⊥∋⊙⊡⊣
⊢≻⋈∈⊤∋≻⋈∈⊤∋≻⋈∈⊥∋≻⋈∈⊥∋≻⋈∈⊥∋≻⋈∈⊥∋≻⋈∈⊤∋≻⋈∈⊥∋⊙⊡⊣
⊢≻⋈∈⊤∋≻⋈∈⊤∋≻⋈∈⊥∋≻⋈∈⊥∋≻⋈∈⊥∋≻⋈∈⊥∋≻⋈∈⊤∋≻⋈∈⊥∋≻⋈∈⊤∋≻⋈∈⊥∋≻⋈∈⊤∋≻⋈∈⊥∋≻⋈∈⊤∋≻⋈∈⊥∋≻⋈∈⊥∋⊙⊡⊣
⊢≻⋈∈⊥∋≻⋈∈⊤∋≻⋈∈⊤∋≻⋈∈⊥∋≻⋈∈⊥∋≻⋈∈⊥∋≻⋈∈⊤∋≻⋈∈⊥∋⊙⊡⊣
⊢≻⋈∈⊥∋≻⋈∈⊥∋≻⋈∈⊥∋≻⋈∈⊥∋≻⋈∈⊤∋≻⋈∈⊤∋≻⋈∈⊤∋≻⋈∈⊥∋⊙⊡⊣
⊢≻⋈∈⊥∋≻⋈∈⊥∋≻⋈∈⊥∋≻⋈∈⊤∋≻⋈∈⊥∋≻⋈∈⊥∋≻⋈∈⊥∋≻⋈∈⊤∋≻⋈∈⊤∋≻⋈∈⊤∋≻⋈∈⊥∋⊙⊡⊣
⊢≻⋈∈⊥∋≻⋈∈⊤∋≻⋈∈⊥∋≻⋈∈⊥∋≻⋈∈⊤∋≻⋈∈⊤∋≻⋈∈⊥∋≻⋈∈⊥∋≻⋈∈⊤∋≻⋈∈⊥∋≻⋈∈⊥∋⊙⊡⊣
⊢≻⋈∈⊤∋≻⋈∈⊤∋≻⋈∈⊤∋≻⋈∈⊤∋≻⋈∈⊥∋≻⋈∈⊤∋≻⋈∈⊤∋≻⋈∈⊤∋≻⋈∈⊥∋≻⋈∈⊥∋≻⋈∈⊤∋≻⋈∈⊤∋≻⋈∈⊤∋≻⋈∈⊥∋⊙⊡⊣
⊢≻⋈∈⊤∋≻⋈∈⊥∋≻⋈∈⊤∋≻⋈∈⊥∋≻⋈∈⊥∋≻⋈∈⊥∋≻⋈∈⊥∋⊙⊡⊣
⊢≻⋈∈⊤∋≻⋈∈⊤∋≻⋈∈⊤∋≻⋈∈⊥∋≻⋈∈⊤∋≻⋈∈⊤∋≻⋈∈⊥∋≻⋈∈⊥∋⊙⊡⊣
⊢≻⋈∈⊤∋≻⋈∈⊤∋≻⋈∈⊤∋≻⋈∈⊥∋≻⋈∈⊥∋⊙⊡⊣
⊢≻⋈∈⊥∋≻⋈∈⊤∋≻⋈∈⊤∋≻⋈∈⊥∋≻⋈∈⊥∋⊙⊡⊣
⊢≻⋈∈⊥∋≻⋈∈⊤∋≻⋈∈⊥∋≻⋈∈⊥∋≻⋈∈⊥∋≻⋈∈⊥∋≻⋈∈⊤∋≻⋈∈⊥∋⊙⊡⊣
⊢≻⋈∈⊤∋≻⋈∈⊤∋≻⋈∈⊥∋≻⋈∈⊥∋≻⋈∈⊤∋≻⋈∈⊤∋≻⋈∈⊥∋≻⋈∈⊤∋≻⋈∈⊥∋≻⋈∈⊥∋≻⋈∈⊤∋≻⋈∈⊥∋≻⋈∈⊤∋≻⋈∈⊥∋≻⋈∈⊥∋⊙⊡⊣
⊢≻⋈∈⊤∋≻⋈∈⊥∋≻⋈∈⊤∋≻⋈∈⊥∋≻⋈∈⊥∋≻⋈∈⊥∋≻⋈∈⊤∋≻⋈∈⊥∋⊙⊡⊣
⊢≻⋈∈⊥∋≻⋈∈⊥∋≻⋈∈⊥∋≻⋈∈⊥∋≻⋈∈⊤∋≻⋈∈⊤∋≻⋈∈⊤∋≻⋈∈⊥∋⊙⊡⊣
⊢≻⋈∈⊥∋≻⋈∈⊥∋≻⋈∈⊥∋≻⋈∈⊤∋≻⋈∈⊥∋≻⋈∈⊥∋≻⋈∈⊥∋≻⋈∈⊤∋≻⋈∈⊤∋≻⋈∈⊤∋≻⋈∈⊥∋⊙⊡⊣
⊢≻⋈∈⊥∋≻⋈∈⊤∋≻⋈∈⊥∋≻⋈∈⊥∋≻⋈∈⊤∋≻⋈∈⊤∋≻⋈∈⊥∋≻⋈∈⊥∋≻⋈∈⊤∋≻⋈∈⊥∋≻⋈∈⊥∋⊙⊡⊣
⊢≻⋈∈⊤∋≻⋈∈⊤∋≻⋈∈⊤∋≻⋈∈⊤∋≻⋈∈⊤∋≻⋈∈⊤∋≻⋈∈⊥∋≻⋈∈⊤∋≻⋈∈⊥∋≻⋈∈⊥∋≻⋈∈⊤∋≻⋈∈⊤∋≻⋈∈⊤∋≻⋈∈⊥∋⊙⊡⊣
⊢≻⋈∈⊤∋≻⋈∈⊥∋≻⋈∈⊤∋≻⋈∈⊥∋≻⋈∈⊥∋≻⋈∈⊥∋≻⋈∈⊥∋⊙⊡⊣
⊢≻⋈∈⊥∋≻⋈∈⊤∋≻⋈∈⊤∋≻⋈∈⊥∋≻⋈∈⊤∋≻⋈∈⊤∋≻⋈∈⊥∋≻⋈∈⊥∋⊙⊡⊣
⊢≻⋈∈⊥∋≻⋈∈⊥∋≻⋈∈⊥∋≻⋈∈⊤∋≻⋈∈⊥∋⊙⊡⊣
⊢≻⋈∈⊥∋≻⋈∈⊤∋≻⋈∈⊤∋≻⋈∈⊥∋≻⋈∈⊥∋⊙⊡⊣
⊢≻⋈∈⊤∋≻⋈∈⊥∋≻⋈∈⊥∋≻⋈∈⊥∋≻⋈∈⊥∋≻⋈∈⊥∋≻⋈∈⊤∋≻⋈∈⊥∋⊙⊡⊣
⊢≻⋈∈⊥∋≻⋈∈⊥∋≻⋈∈⊥∋≻⋈∈⊥∋≻⋈∈⊥∋≻⋈∈⊤∋≻⋈∈⊥∋≻⋈∈⊥∋≻⋈∈⊥∋≻⋈∈⊥∋≻⋈∈⊤∋≻⋈∈⊥∋≻⋈∈⊤∋≻⋈∈⊥∋≻⋈∈⊥∋⊙⊡⊣
⊢≻⋈∈⊥∋≻⋈∈⊤∋≻⋈∈⊥∋≻⋈∈⊥∋≻⋈∈⊥∋≻⋈∈⊥∋≻⋈∈⊤∋≻⋈∈⊥∋⊙⊡⊣
⊢≻⋈∈⊥∋≻⋈∈⊤∋≻⋈∈⊤∋≻⋈∈⊤∋≻⋈∈⊥∋≻⋈∈⊤∋≻⋈∈⊤∋≻⋈∈⊥∋⊙⊡⊣
⊢≻⋈∈⊥∋≻⋈∈⊥∋≻⋈∈⊥∋≻⋈∈⊤∋≻⋈∈⊥∋≻⋈∈⊥∋≻⋈∈⊥∋≻⋈∈⊤∋≻⋈∈⊤∋≻⋈∈⊤∋≻⋈∈⊥∋⊙⊡⊣
⊢≻⋈∈⊥∋≻⋈∈⊤∋≻⋈∈⊥∋≻⋈∈⊥∋≻⋈∈⊤∋≻⋈∈⊤∋≻⋈∈⊥∋≻⋈∈⊥∋≻⋈∈⊤∋≻⋈∈⊥∋≻⋈∈⊥∋⊙⊡⊣
⊢≻⋈∈⊤∋≻⋈∈⊤∋≻⋈∈⊤∋≻⋈∈⊤∋≻⋈∈⊥∋≻⋈∈⊤∋≻⋈∈⊥∋≻⋈∈⊥∋≻⋈∈⊥∋≻⋈∈⊥∋≻⋈∈⊤∋≻⋈∈⊤∋≻⋈∈⊤∋≻⋈∈⊥∋⊙⊡⊣
⊢≻⋈∈⊤∋≻⋈∈⊥∋≻⋈∈⊤∋≻⋈∈⊥∋≻⋈∈⊥∋≻⋈∈⊥∋≻⋈∈⊥∋⊙⊡⊣
⊢≻⋈∈⊤∋≻⋈∈⊥∋≻⋈∈⊤∋≻⋈∈⊥∋≻⋈∈⊤∋≻⋈∈⊤∋≻⋈∈⊥∋≻⋈∈⊥∋⊙⊡⊣
⊢≻⋈∈⊥∋≻⋈∈⊥∋≻⋈∈⊥∋≻⋈∈⊤∋≻⋈∈⊥∋⊙⊡⊣
⊢≻⋈∈⊤∋≻⋈∈⊥∋≻⋈∈⊤∋≻⋈∈⊥∋≻⋈∈⊥∋⊙⊡⊣
⊢≻⋈∈⊥∋≻⋈∈⊥∋≻⋈∈⊥∋≻⋈∈⊥∋≻⋈∈⊥∋≻⋈∈⊥∋≻⋈∈⊤∋≻⋈∈⊥∋⊙⊡⊣
⊢≻⋈∈⊥∋≻⋈∈⊥∋≻⋈∈⊥∋≻⋈∈⊥∋≻⋈∈⊤∋≻⋈∈⊥∋≻⋈∈⊥∋≻⋈∈⊤∋≻⋈∈⊤∋≻⋈∈⊤∋≻⋈∈⊥∋≻⋈∈⊥∋≻⋈∈⊤∋≻⋈∈⊥∋≻⋈∈⊥∋⊙⊡⊣
⊢≻⋈∈⊤∋≻⋈∈⊥∋≻⋈∈⊥∋≻⋈∈⊥∋≻⋈∈⊥∋≻⋈∈⊥∋≻⋈∈⊤∋≻⋈∈⊥∋⊙⊡⊣
⊢≻⋈∈⊥∋≻⋈∈⊤∋≻⋈∈⊤∋≻⋈∈⊤∋≻⋈∈⊥∋≻⋈∈⊤∋≻⋈∈⊤∋≻⋈∈⊥∋⊙⊡⊣
⊢≻⋈∈⊥∋≻⋈∈⊥∋≻⋈∈⊥∋≻⋈∈⊤∋≻⋈∈⊥∋≻⋈∈⊥∋≻⋈∈⊥∋≻⋈∈⊤∋≻⋈∈⊤∋≻⋈∈⊤∋≻⋈∈⊥∋⊙⊡⊣
⊢≻⋈∈⊥∋≻⋈∈⊤∋≻⋈∈⊥∋≻⋈∈⊥∋≻⋈∈⊤∋≻⋈∈⊤∋≻⋈∈⊥∋≻⋈∈⊥∋≻⋈∈⊤∋≻⋈∈⊥∋≻⋈∈⊥∋⊙⊡⊣
⊢≻⋈∈⊤∋≻⋈∈⊤∋≻⋈∈⊤∋≻⋈∈⊤∋≻⋈∈⊤∋≻⋈∈⊤∋≻⋈∈⊤∋≻⋈∈⊤∋≻⋈∈⊤∋≻⋈∈⊤∋≻⋈∈⊥∋≻⋈∈⊤∋≻⋈∈⊤∋≻⋈∈⊥∋⊙⊡⊣
⊢≻⋈∈⊤∋≻⋈∈⊥∋≻⋈∈⊤∋≻⋈∈⊥∋≻⋈∈⊥∋≻⋈∈⊥∋≻⋈∈⊥∋⊙⊡⊣
⊢≻⋈∈⊥∋≻⋈∈⊥∋≻⋈∈⊤∋≻⋈∈⊥∋≻⋈∈⊤∋≻⋈∈⊤∋≻⋈∈⊥∋≻⋈∈⊥∋⊙⊡⊣
⊢≻⋈∈⊤∋≻⋈∈⊥∋≻⋈∈⊥∋≻⋈∈⊤∋≻⋈∈⊥∋⊙⊡⊣
⊢≻⋈∈⊤∋≻⋈∈⊥∋≻⋈∈⊤∋≻⋈∈⊥∋≻⋈∈⊥∋⊙⊡⊣
⊢≻⋈∈⊤∋≻⋈∈⊤∋≻⋈∈⊤∋≻⋈∈⊤∋≻⋈∈⊤∋≻⋈∈⊤∋≻⋈∈⊥∋≻⋈∈⊥∋⊙⊡⊣
⊢≻⋈∈⊤∋≻⋈∈⊥∋≻⋈∈⊤∋≻⋈∈⊤∋≻⋈∈⊤∋≻⋈∈⊤∋≻⋈∈⊤∋≻⋈∈⊤∋≻⋈∈⊥∋≻⋈∈⊤∋≻⋈∈⊥∋≻⋈∈⊥∋≻⋈∈⊤∋≻⋈∈⊥∋≻⋈∈⊥∋⊙⊡⊣
⊢≻⋈∈⊥∋≻⋈∈⊤∋≻⋈∈⊤∋≻⋈∈⊤∋≻⋈∈⊤∋≻⋈∈⊤∋≻⋈∈⊥∋≻⋈∈⊥∋⊙⊡⊣
⊢≻⋈∈⊥∋≻⋈∈⊤∋≻⋈∈⊤∋≻⋈∈⊤∋≻⋈∈⊥∋≻⋈∈⊤∋≻⋈∈⊤∋≻⋈∈⊥∋⊙⊡⊣
⊢≻⋈∈⊥∋≻⋈∈⊥∋≻⋈∈⊥∋≻⋈∈⊤∋≻⋈∈⊥∋≻⋈∈⊥∋≻⋈∈⊥∋≻⋈∈⊤∋≻⋈∈⊤∋≻⋈∈⊤∋≻⋈∈⊥∋⊙⊡⊣
⊢≻⋈∈⊥∋≻⋈∈⊤∋≻⋈∈⊥∋≻⋈∈⊥∋≻⋈∈⊤∋≻⋈∈⊤∋≻⋈∈⊥∋≻⋈∈⊥∋≻⋈∈⊤∋≻⋈∈⊥∋≻⋈∈⊥∋⊙⊡⊣
⊢≻⋈∈⊤∋≻⋈∈⊤∋≻⋈∈⊤∋≻⋈∈⊤∋≻⋈∈⊥∋≻⋈∈⊤∋≻⋈∈⊤∋≻⋈∈⊥∋≻⋈∈⊤∋≻⋈∈⊤∋≻⋈∈⊥∋≻⋈∈⊤∋≻⋈∈⊤∋≻⋈∈⊥∋⊙⊡⊣
⊢≻⋈∈⊤∋≻⋈∈⊥∋≻⋈∈⊤∋≻⋈∈⊥∋≻⋈∈⊥∋≻⋈∈⊥∋≻⋈∈⊥∋⊙⊡⊣
⊢≻⋈∈⊤∋≻⋈∈⊤∋≻⋈∈⊥∋≻⋈∈⊥∋≻⋈∈⊤∋≻⋈∈⊤∋≻⋈∈⊥∋≻⋈∈⊥∋⊙⊡⊣
⊢≻⋈∈⊤∋≻⋈∈⊥∋≻⋈∈⊥∋≻⋈∈⊤∋≻⋈∈⊥∋⊙⊡⊣
⊢≻⋈∈⊥∋≻⋈∈⊥∋≻⋈∈⊤∋≻⋈∈⊥∋≻⋈∈⊥∋⊙⊡⊣
⊢≻⋈∈⊥∋≻⋈∈⊤∋≻⋈∈⊤∋≻⋈∈⊤∋≻⋈∈⊤∋≻⋈∈⊤∋≻⋈∈⊥∋≻⋈∈⊥∋⊙⊡⊣
⊢≻⋈∈⊤∋≻⋈∈⊥∋≻⋈∈⊤∋≻⋈∈⊤∋≻⋈∈⊥∋≻⋈∈⊤∋≻⋈∈⊤∋≻⋈∈⊥∋≻⋈∈⊥∋≻⋈∈⊤∋≻⋈∈⊥∋≻⋈∈⊥∋≻⋈∈⊤∋≻⋈∈⊥∋≻⋈∈⊥∋⊙⊡⊣
⊢≻⋈∈⊤∋≻⋈∈⊥∋≻⋈∈⊤∋≻⋈∈⊤∋≻⋈∈⊤∋≻⋈∈⊤∋≻⋈∈⊥∋≻⋈∈⊥∋⊙⊡⊣
⊢≻⋈∈⊤∋≻⋈∈⊤∋≻⋈∈⊥∋≻⋈∈⊤∋≻⋈∈⊥∋≻⋈∈⊤∋≻⋈∈⊤∋≻⋈∈⊥∋⊙⊡⊣
⊢≻⋈∈⊥∋≻⋈∈⊥∋≻⋈∈⊥∋≻⋈∈⊤∋≻⋈∈⊥∋≻⋈∈⊥∋≻⋈∈⊥∋≻⋈∈⊤∋≻⋈∈⊤∋≻⋈∈⊤∋≻⋈∈⊥∋⊙⊡⊣
⊢≻⋈∈⊥∋≻⋈∈⊤∋≻⋈∈⊥∋≻⋈∈⊥∋≻⋈∈⊤∋≻⋈∈⊤∋≻⋈∈⊥∋≻⋈∈⊥∋≻⋈∈⊤∋≻⋈∈⊥∋≻⋈∈⊥∋⊙⊡⊣
⊢≻⋈∈⊤∋≻⋈∈⊤∋≻⋈∈⊤∋≻⋈∈⊤∋≻⋈∈⊤∋≻⋈∈⊤∋≻⋈∈⊥∋≻⋈∈⊥∋≻⋈∈⊤∋≻⋈∈⊤∋≻⋈∈⊥∋≻⋈∈⊤∋≻⋈∈⊤∋≻⋈∈⊥∋⊙⊡⊣
⊢≻⋈∈⊤∋≻⋈∈⊥∋≻⋈∈⊤∋≻⋈∈⊥∋≻⋈∈⊥∋≻⋈∈⊥∋≻⋈∈⊥∋⊙⊡⊣
⊢≻⋈∈⊥∋≻⋈∈⊤∋≻⋈∈⊥∋≻⋈∈⊥∋≻⋈∈⊤∋≻⋈∈⊤∋≻⋈∈⊥∋≻⋈∈⊥∋⊙⊡⊣
⊢≻⋈∈⊥∋≻⋈∈⊤∋≻⋈∈⊥∋≻⋈∈⊤∋≻⋈∈⊥∋⊙⊡⊣
⊢≻⋈∈⊥∋≻⋈∈⊥∋≻⋈∈⊤∋≻⋈∈⊥∋≻⋈∈⊥∋⊙⊡⊣
⊢≻⋈∈⊤∋≻⋈∈⊥∋≻⋈∈⊤∋≻⋈∈⊤∋≻⋈∈⊤∋≻⋈∈⊤∋≻⋈∈⊥∋≻⋈∈⊥∋⊙⊡⊣
⊢≻⋈∈⊥∋≻⋈∈⊤∋≻⋈∈⊥∋≻⋈∈⊤∋≻⋈∈⊤∋≻⋈∈⊥∋≻⋈∈⊤∋≻⋈∈⊤∋≻⋈∈⊤∋≻⋈∈⊥∋≻⋈∈⊥∋≻⋈∈⊥∋≻⋈∈⊤∋≻⋈∈⊥∋≻⋈∈⊥∋⊙⊡⊣
⊢≻⋈∈⊥∋≻⋈∈⊤∋≻⋈∈⊥∋≻⋈∈⊤∋≻⋈∈⊤∋≻⋈∈⊤∋≻⋈∈⊥∋≻⋈∈⊥∋⊙⊡⊣
⊢≻⋈∈⊥∋≻⋈∈⊥∋≻⋈∈⊥∋≻⋈∈⊤∋≻⋈∈⊥∋≻⋈∈⊤∋≻⋈∈⊤∋≻⋈∈⊥∋⊙⊡⊣
⊢≻⋈∈⊥∋≻⋈∈⊥∋≻⋈∈⊥∋≻⋈∈⊤∋≻⋈∈⊥∋≻⋈∈⊥∋≻⋈∈⊥∋≻⋈∈⊤∋≻⋈∈⊤∋≻⋈∈⊤∋≻⋈∈⊥∋⊙⊡⊣
⊢≻⋈∈⊥∋≻⋈∈⊤∋≻⋈∈⊥∋≻⋈∈⊥∋≻⋈∈⊤∋≻⋈∈⊤∋≻⋈∈⊥∋≻⋈∈⊥∋≻⋈∈⊤∋≻⋈∈⊥∋≻⋈∈⊥∋⊙⊡⊣
⊢≻⋈∈⊤∋≻⋈∈⊤∋≻⋈∈⊤∋≻⋈∈⊤∋≻⋈∈⊥∋≻⋈∈⊤∋≻⋈∈⊥∋≻⋈∈⊤∋≻⋈∈⊥∋≻⋈∈⊤∋≻⋈∈⊥∋≻⋈∈⊤∋≻⋈∈⊤∋≻⋈∈⊥∋⊙⊡⊣
⊢≻⋈∈⊤∋≻⋈∈⊥∋≻⋈∈⊤∋≻⋈∈⊥∋≻⋈∈⊥∋≻⋈∈⊥∋≻⋈∈⊥∋⊙⊡⊣
⊢≻⋈∈⊤∋≻⋈∈⊥∋≻⋈∈⊥∋≻⋈∈⊥∋≻⋈∈⊤∋≻⋈∈⊤∋≻⋈∈⊥∋≻⋈∈⊥∋⊙⊡⊣
⊢≻⋈∈⊥∋≻⋈∈⊤∋≻⋈∈⊥∋≻⋈∈⊤∋≻⋈∈⊥∋⊙⊡⊣
⊢≻⋈∈⊤∋≻⋈∈⊤∋≻⋈∈⊥∋≻⋈∈⊥∋≻⋈∈⊥∋⊙⊡⊣
⊢≻⋈∈⊥∋≻⋈∈⊥∋≻⋈∈⊤∋≻⋈∈⊤∋≻⋈∈⊤∋≻⋈∈⊤∋≻⋈∈⊥∋≻⋈∈⊥∋⊙⊡⊣
⊢≻⋈∈⊥∋≻⋈∈⊤∋≻⋈∈⊥∋≻⋈∈⊤∋≻⋈∈⊥∋≻⋈∈⊥∋≻⋈∈⊤∋≻⋈∈⊥∋≻⋈∈⊤∋≻⋈∈⊥∋≻⋈∈⊥∋≻⋈∈⊥∋≻⋈∈⊤∋≻⋈∈⊥∋≻⋈∈⊥∋⊙⊡⊣
⊢≻⋈∈⊤∋≻⋈∈⊥∋≻⋈∈⊥∋≻⋈∈⊤∋≻⋈∈⊤∋≻⋈∈⊤∋≻⋈∈⊥∋≻⋈∈⊥∋⊙⊡⊣
⊢≻⋈∈⊥∋≻⋈∈⊤∋≻⋈∈⊤∋≻⋈∈⊥∋≻⋈∈⊥∋≻⋈∈⊤∋≻⋈∈⊤∋≻⋈∈⊥∋⊙⊡⊣
⊢≻⋈∈⊥∋≻⋈∈⊥∋≻⋈∈⊥∋≻⋈∈⊤∋≻⋈∈⊥∋≻⋈∈⊥∋≻⋈∈⊥∋≻⋈∈⊤∋≻⋈∈⊤∋≻⋈∈⊤∋≻⋈∈⊥∋⊙⊡⊣
⊢≻⋈∈⊥∋≻⋈∈⊤∋≻⋈∈⊥∋≻⋈∈⊥∋≻⋈∈⊤∋≻⋈∈⊤∋≻⋈∈⊥∋≻⋈∈⊥∋≻⋈∈⊤∋≻⋈∈⊥∋≻⋈∈⊥∋⊙⊡⊣
⊢≻⋈∈⊤∋≻⋈∈⊤∋≻⋈∈⊤∋≻⋈∈⊤∋≻⋈∈⊤∋≻⋈∈⊤∋≻⋈∈⊤∋≻⋈∈⊥∋≻⋈∈⊥∋≻⋈∈⊤∋≻⋈∈⊥∋≻⋈∈⊤∋≻⋈∈⊤∋≻⋈∈⊥∋⊙⊡⊣
⊢≻⋈∈⊤∋≻⋈∈⊥∋≻⋈∈⊤∋≻⋈∈⊥∋≻⋈∈⊥∋≻⋈∈⊥∋≻⋈∈⊥∋⊙⊡⊣
⊢≻⋈∈⊥∋≻⋈∈⊥∋≻⋈∈⊥∋≻⋈∈⊥∋≻⋈∈⊤∋≻⋈∈⊤∋≻⋈∈⊥∋≻⋈∈⊥∋⊙⊡⊣
⊢≻⋈∈⊤∋≻⋈∈⊥∋≻⋈∈⊥∋⊙⊡⊣
⊢≻⋈∈⊤∋≻⋈∈⊥∋≻⋈∈⊤∋≻⋈∈⊥∋≻⋈∈⊤∋≻⋈∈⊥∋⊙⊡⊣
⊢≻⋈∈⊤∋≻⋈∈⊤∋≻⋈∈⊥∋≻⋈∈⊤∋≻⋈∈⊤∋≻⋈∈⊤∋≻⋈∈⊥∋≻⋈∈⊥∋⊙⊡⊣
⊢≻⋈∈⊤∋≻⋈∈⊤∋≻⋈∈⊤∋≻⋈∈⊥∋≻⋈∈⊤∋≻⋈∈⊤∋≻⋈∈⊥∋≻⋈∈⊤∋≻⋈∈⊥∋≻⋈∈⊥∋≻⋈∈⊥∋≻⋈∈⊥∋≻⋈∈⊤∋≻⋈∈⊥∋≻⋈∈⊥∋⊙⊡⊣
⊢≻⋈∈⊥∋≻⋈∈⊥∋≻⋈∈⊥∋≻⋈∈⊤∋≻⋈∈⊤∋≻⋈∈⊤∋≻⋈∈⊥∋≻⋈∈⊥∋⊙⊡⊣
⊢≻⋈∈⊥∋≻⋈∈⊤∋≻⋈∈⊤∋≻⋈∈⊥∋≻⋈∈⊥∋≻⋈∈⊤∋≻⋈∈⊤∋≻⋈∈⊥∋⊙⊡⊣
⊢≻⋈∈⊥∋≻⋈∈⊥∋≻⋈∈⊥∋≻⋈∈⊤∋≻⋈∈⊥∋≻⋈∈⊥∋≻⋈∈⊥∋≻⋈∈⊤∋≻⋈∈⊤∋≻⋈∈⊤∋≻⋈∈⊥∋⊙⊡⊣
⊢≻⋈∈⊥∋≻⋈∈⊤∋≻⋈∈⊥∋≻⋈∈⊥∋≻⋈∈⊤∋≻⋈∈⊤∋≻⋈∈⊥∋≻⋈∈⊥∋≻⋈∈⊤∋≻⋈∈⊥∋≻⋈∈⊥∋⊙⊡⊣
⊢≻⋈∈⊤∋≻⋈∈⊤∋≻⋈∈⊤∋≻⋈∈⊤∋≻⋈∈⊥∋≻⋈∈⊥∋≻⋈∈⊤∋≻⋈∈⊥∋≻⋈∈⊥∋≻⋈∈⊤∋≻⋈∈⊥∋≻⋈∈⊤∋≻⋈∈⊤∋≻⋈∈⊥∋⊙⊡⊣
⊢≻⋈∈⊤∋≻⋈∈⊥∋≻⋈∈⊤∋≻⋈∈⊥∋≻⋈∈⊥∋≻⋈∈⊥∋≻⋈∈⊥∋⊙⊡⊣
⊢≻⋈∈⊤∋≻⋈∈⊥∋≻⋈∈⊤∋≻⋈∈⊤∋≻⋈∈⊥∋≻⋈∈⊤∋≻⋈∈⊥∋≻⋈∈⊥∋⊙⊡⊣
⊢≻⋈∈⊥∋≻⋈∈⊥∋≻⋈∈⊥∋⊙⊡⊣
⊢≻⋈∈⊥∋≻⋈∈⊤∋≻⋈∈⊤∋≻⋈∈⊥∋≻⋈∈⊤∋≻⋈∈⊥∋⊙⊡⊣
⊢≻⋈∈⊥∋≻⋈∈⊤∋≻⋈∈⊥∋≻⋈∈⊤∋≻⋈∈⊤∋≻⋈∈⊤∋≻⋈∈⊥∋≻⋈∈⊥∋⊙⊡⊣
⊢≻⋈∈⊥∋≻⋈∈⊥∋≻⋈∈⊤∋≻⋈∈⊥∋≻⋈∈⊥∋≻⋈∈⊤∋≻⋈∈⊥∋≻⋈∈⊥∋≻⋈∈⊥∋≻⋈∈⊥∋≻⋈∈⊥∋≻⋈∈⊥∋≻⋈∈⊤∋≻⋈∈⊥∋≻⋈∈⊥∋⊙⊡⊣
⊢≻⋈∈⊥∋≻⋈∈⊥∋≻⋈∈⊤∋≻⋈∈⊥∋≻⋈∈⊤∋≻⋈∈⊤∋≻⋈∈⊥∋≻⋈∈⊥∋⊙⊡⊣
⊢≻⋈∈⊤∋≻⋈∈⊤∋≻⋈∈⊥∋≻⋈∈⊥∋≻⋈∈⊥∋≻⋈∈⊤∋≻⋈∈⊤∋≻⋈∈⊥∋⊙⊡⊣
⊢≻⋈∈⊥∋≻⋈∈⊥∋≻⋈∈⊥∋≻⋈∈⊤∋≻⋈∈⊥∋≻⋈∈⊥∋≻⋈∈⊥∋≻⋈∈⊤∋≻⋈∈⊤∋≻⋈∈⊤∋≻⋈∈⊥∋⊙⊡⊣
⊢≻⋈∈⊥∋≻⋈∈⊤∋≻⋈∈⊥∋≻⋈∈⊥∋≻⋈∈⊤∋≻⋈∈⊤∋≻⋈∈⊥∋≻⋈∈⊥∋≻⋈∈⊤∋≻⋈∈⊥∋≻⋈∈⊥∋⊙⊡⊣
⊢≻⋈∈⊤∋≻⋈∈⊤∋≻⋈∈⊤∋≻⋈∈⊤∋≻⋈∈⊥∋≻⋈∈⊥∋≻⋈∈⊥∋≻⋈∈⊤∋≻⋈∈⊤∋≻⋈∈⊥∋≻⋈∈⊥∋≻⋈∈⊤∋≻⋈∈⊤∋≻⋈∈⊥∋⊙⊡⊣
⊢≻⋈∈⊤∋≻⋈∈⊥∋≻⋈∈⊤∋≻⋈∈⊥∋≻⋈∈⊥∋≻⋈∈⊥∋≻⋈∈⊥∋⊙⊡⊣
⊢≻⋈∈⊥∋≻⋈∈⊥∋≻⋈∈⊤∋≻⋈∈⊤∋≻⋈∈⊥∋≻⋈∈⊤∋≻⋈∈⊥∋≻⋈∈⊥∋⊙⊡⊣
⊢≻⋈∈⊥∋≻⋈∈⊥∋≻⋈∈⊤∋≻⋈∈⊤∋≻⋈∈⊥∋⊙⊡⊣
⊢≻⋈∈⊥∋≻⋈∈⊤∋≻⋈∈⊥∋≻⋈∈⊥∋≻⋈∈⊥∋⊙⊡⊣
⊢≻⋈∈⊤∋≻⋈∈⊥∋≻⋈∈⊥∋≻⋈∈⊤∋≻⋈∈⊤∋≻⋈∈⊤∋≻⋈∈⊥∋≻⋈∈⊥∋⊙⊡⊣
⊢≻⋈∈⊥∋≻⋈∈⊥∋≻⋈∈⊤∋≻⋈∈⊥∋≻⋈∈⊤∋≻⋈∈⊥∋≻⋈∈⊥∋≻⋈∈⊤∋≻⋈∈⊤∋≻⋈∈⊤∋≻⋈∈⊤∋≻⋈∈⊤∋≻⋈∈⊥∋≻⋈∈⊥∋≻⋈∈⊥∋⊙⊡⊣
⊢≻⋈∈⊥∋≻⋈∈⊤∋≻⋈∈⊥∋≻⋈∈⊥∋≻⋈∈⊤∋≻⋈∈⊤∋≻⋈∈⊥∋≻⋈∈⊥∋⊙⊡⊣
⊢≻⋈∈⊤∋≻⋈∈⊥∋≻⋈∈⊥∋≻⋈∈⊥∋≻⋈∈⊥∋≻⋈∈⊤∋≻⋈∈⊤∋≻⋈∈⊥∋⊙⊡⊣
⊢≻⋈∈⊥∋≻⋈∈⊥∋≻⋈∈⊥∋≻⋈∈⊤∋≻⋈∈⊥∋≻⋈∈⊥∋≻⋈∈⊥∋≻⋈∈⊤∋≻⋈∈⊤∋≻⋈∈⊤∋≻⋈∈⊥∋⊙⊡⊣
⊢≻⋈∈⊥∋≻⋈∈⊤∋≻⋈∈⊥∋≻⋈∈⊥∋≻⋈∈⊤∋≻⋈∈⊤∋≻⋈∈⊥∋≻⋈∈⊥∋≻⋈∈⊤∋≻⋈∈⊥∋≻⋈∈⊥∋⊙⊡⊣
⊢≻⋈∈⊤∋≻⋈∈⊤∋≻⋈∈⊤∋≻⋈∈⊤∋≻⋈∈⊥∋≻⋈∈⊤∋≻⋈∈⊥∋≻⋈∈⊥∋≻⋈∈⊤∋≻⋈∈⊥∋≻⋈∈⊥∋≻⋈∈⊤∋≻⋈∈⊤∋≻⋈∈⊥∋⊙⊡⊣
⊢≻⋈∈⊤∋≻⋈∈⊥∋≻⋈∈⊤∋≻⋈∈⊥∋≻⋈∈⊥∋≻⋈∈⊥∋≻⋈∈⊥∋⊙⊡⊣
⊢≻⋈∈⊤∋≻⋈∈⊤∋≻⋈∈⊥∋≻⋈∈⊤∋≻⋈∈⊥∋≻⋈∈⊤∋≻⋈∈⊥∋≻⋈∈⊥∋⊙⊡⊣
⊢≻⋈∈⊥∋≻⋈∈⊥∋≻⋈∈⊤∋≻⋈∈⊤∋≻⋈∈⊥∋⊙⊡⊣
⊢≻⋈∈⊤∋≻⋈∈⊥∋≻⋈∈⊥∋≻⋈∈⊥∋≻⋈∈⊥∋⊙⊡⊣
⊢≻⋈∈⊥∋≻⋈∈⊥∋≻⋈∈⊥∋≻⋈∈⊤∋≻⋈∈⊤∋≻⋈∈⊤∋≻⋈∈⊥∋≻⋈∈⊥∋⊙⊡⊣
⊢≻⋈∈⊥∋≻⋈∈⊥∋≻⋈∈⊤∋≻⋈∈⊥∋≻⋈∈⊥∋≻⋈∈⊥∋≻⋈∈⊥∋≻⋈∈⊥∋≻⋈∈⊤∋≻⋈∈⊤∋≻⋈∈⊤∋≻⋈∈⊤∋≻⋈∈⊥∋≻⋈∈⊥∋≻⋈∈⊥∋⊙⊡⊣
⊢≻⋈∈⊤∋≻⋈∈⊥∋≻⋈∈⊥∋≻⋈∈⊥∋≻⋈∈⊤∋≻⋈∈⊤∋≻⋈∈⊥∋≻⋈∈⊥∋⊙⊡⊣
⊢≻⋈∈⊤∋≻⋈∈⊥∋≻⋈∈⊥∋≻⋈∈⊥∋≻⋈∈⊥∋≻⋈∈⊤∋≻⋈∈⊤∋≻⋈∈⊥∋⊙⊡⊣
⊢≻⋈∈⊥∋≻⋈∈⊥∋≻⋈∈⊥∋≻⋈∈⊤∋≻⋈∈⊥∋≻⋈∈⊥∋≻⋈∈⊥∋≻⋈∈⊤∋≻⋈∈⊤∋≻⋈∈⊤∋≻⋈∈⊥∋⊙⊡⊣
⊢≻⋈∈⊥∋≻⋈∈⊤∋≻⋈∈⊥∋≻⋈∈⊥∋≻⋈∈⊤∋≻⋈∈⊤∋≻⋈∈⊥∋≻⋈∈⊥∋≻⋈∈⊤∋≻⋈∈⊥∋≻⋈∈⊥∋⊙⊡⊣
⊢≻⋈∈⊤∋≻⋈∈⊤∋≻⋈∈⊤∋≻⋈∈⊤∋≻⋈∈⊤∋≻⋈∈⊤∋≻⋈∈⊤∋≻⋈∈⊤∋≻⋈∈⊥∋≻⋈∈⊥∋≻⋈∈⊥∋≻⋈∈⊤∋≻⋈∈⊤∋≻⋈∈⊥∋⊙⊡⊣
⊢≻⋈∈⊤∋≻⋈∈⊥∋≻⋈∈⊤∋≻⋈∈⊥∋≻⋈∈⊥∋≻⋈∈⊥∋≻⋈∈⊥∋⊙⊡⊣
⊢≻⋈∈⊥∋≻⋈∈⊤∋≻⋈∈⊥∋≻⋈∈⊤∋≻⋈∈⊥∋≻⋈∈⊤∋≻⋈∈⊥∋≻⋈∈⊥∋⊙⊡⊣
⊢≻⋈∈⊤∋≻⋈∈⊤∋≻⋈∈⊤∋≻⋈∈⊥∋⊙⊡⊣
⊢≻⋈∈⊤∋≻⋈∈⊤∋≻⋈∈⊤∋≻⋈∈⊥∋≻⋈∈⊤∋≻⋈∈⊥∋⊙⊡⊣
⊢≻⋈∈⊤∋≻⋈∈⊤∋≻⋈∈⊤∋≻⋈∈⊥∋≻⋈∈⊤∋≻⋈∈⊤∋≻⋈∈⊥∋≻⋈∈⊥∋⊙⊡⊣
⊢≻⋈∈⊤∋≻⋈∈⊥∋≻⋈∈⊥∋≻⋈∈⊥∋≻⋈∈⊤∋≻⋈∈⊤∋≻⋈∈⊤∋≻⋈∈⊥∋≻⋈∈⊥∋≻⋈∈⊤∋≻⋈∈⊤∋≻⋈∈⊤∋≻⋈∈⊥∋≻⋈∈⊥∋≻⋈∈⊥∋⊙⊡⊣
⊢≻⋈∈⊥∋≻⋈∈⊥∋≻⋈∈⊥∋≻⋈∈⊥∋≻⋈∈⊤∋≻⋈∈⊤∋≻⋈∈⊥∋≻⋈∈⊥∋⊙⊡⊣
⊢≻⋈∈⊥∋≻⋈∈⊤∋≻⋈∈⊤∋≻⋈∈⊤∋≻⋈∈⊤∋≻⋈∈⊥∋≻⋈∈⊤∋≻⋈∈⊥∋⊙⊡⊣
⊢≻⋈∈⊥∋≻⋈∈⊥∋≻⋈∈⊥∋≻⋈∈⊤∋≻⋈∈⊥∋≻⋈∈⊥∋≻⋈∈⊥∋≻⋈∈⊤∋≻⋈∈⊤∋≻⋈∈⊤∋≻⋈∈⊥∋⊙⊡⊣
⊢≻⋈∈⊥∋≻⋈∈⊤∋≻⋈∈⊥∋≻⋈∈⊥∋≻⋈∈⊤∋≻⋈∈⊤∋≻⋈∈⊥∋≻⋈∈⊥∋≻⋈∈⊤∋≻⋈∈⊥∋≻⋈∈⊥∋⊙⊡⊣
⊢≻⋈∈⊤∋≻⋈∈⊤∋≻⋈∈⊤∋≻⋈∈⊤∋≻⋈∈⊥∋≻⋈∈⊥∋≻⋈∈⊤∋≻⋈∈⊤∋≻⋈∈⊥∋≻⋈∈⊥∋≻⋈∈⊥∋≻⋈∈⊤∋≻⋈∈⊤∋≻⋈∈⊥∋⊙⊡⊣
⊢≻⋈∈⊤∋≻⋈∈⊥∋≻⋈∈⊤∋≻⋈∈⊥∋≻⋈∈⊥∋≻⋈∈⊥∋≻⋈∈⊥∋⊙⊡⊣
⊢≻⋈∈⊤∋≻⋈∈⊤∋≻⋈∈⊤∋≻⋈∈⊥∋≻⋈∈⊥∋≻⋈∈⊤∋≻⋈∈⊥∋≻⋈∈⊥∋⊙⊡⊣
⊢≻⋈∈⊥∋≻⋈∈⊤∋≻⋈∈⊤∋≻⋈∈⊥∋⊙⊡⊣
⊢≻⋈∈⊥∋≻⋈∈⊥∋≻⋈∈⊥∋≻⋈∈⊤∋≻⋈∈⊤∋≻⋈∈⊥∋⊙⊡⊣
⊢≻⋈∈⊥∋≻⋈∈⊤∋≻⋈∈⊤∋≻⋈∈⊥∋≻⋈∈⊤∋≻⋈∈⊤∋≻⋈∈⊥∋≻⋈∈⊥∋⊙⊡⊣
⊢≻⋈∈⊥∋≻⋈∈⊤∋≻⋈∈⊤∋≻⋈∈⊤∋≻⋈∈⊤∋≻⋈∈⊥∋≻⋈∈⊤∋≻⋈∈⊤∋≻⋈∈⊤∋≻⋈∈⊥∋≻⋈∈⊤∋≻⋈∈⊤∋≻⋈∈⊥∋≻⋈∈⊥∋≻⋈∈⊥∋⊙⊡⊣
⊢≻⋈∈⊥∋≻⋈∈⊥∋≻⋈∈⊤∋≻⋈∈⊤∋≻⋈∈⊥∋≻⋈∈⊤∋≻⋈∈⊥∋≻⋈∈⊥∋⊙⊡⊣
⊢≻⋈∈⊤∋≻⋈∈⊥∋≻⋈∈⊥∋≻⋈∈⊤∋≻⋈∈⊤∋≻⋈∈⊥∋≻⋈∈⊤∋≻⋈∈⊥∋⊙⊡⊣
⊢≻⋈∈⊥∋≻⋈∈⊥∋≻⋈∈⊥∋≻⋈∈⊤∋≻⋈∈⊥∋≻⋈∈⊥∋≻⋈∈⊥∋≻⋈∈⊤∋≻⋈∈⊤∋≻⋈∈⊤∋≻⋈∈⊥∋⊙⊡⊣
⊢≻⋈∈⊥∋≻⋈∈⊤∋≻⋈∈⊥∋≻⋈∈⊥∋≻⋈∈⊤∋≻⋈∈⊤∋≻⋈∈⊥∋≻⋈∈⊥∋≻⋈∈⊤∋≻⋈∈⊥∋≻⋈∈⊥∋⊙⊡⊣
⊢≻⋈∈⊤∋≻⋈∈⊤∋≻⋈∈⊤∋≻⋈∈⊤∋≻⋈∈⊥∋≻⋈∈⊥∋≻⋈∈⊥∋≻⋈∈⊥∋≻⋈∈⊥∋≻⋈∈⊥∋≻⋈∈⊥∋≻⋈∈⊤∋≻⋈∈⊤∋≻⋈∈⊥∋⊙⊡⊣
⊢≻⋈∈⊤∋≻⋈∈⊥∋≻⋈∈⊤∋≻⋈∈⊥∋≻⋈∈⊥∋≻⋈∈⊥∋≻⋈∈⊥∋⊙⊡⊣
⊢≻⋈∈⊥∋≻⋈∈⊥∋≻⋈∈⊤∋≻⋈∈⊥∋≻⋈∈⊥∋≻⋈∈⊤∋≻⋈∈⊥∋≻⋈∈⊥∋⊙⊡⊣
⊢≻⋈∈⊤∋≻⋈∈⊥∋≻⋈∈⊤∋≻⋈∈⊥∋⊙⊡⊣
⊢≻⋈∈⊤∋≻⋈∈⊥∋≻⋈∈⊥∋≻⋈∈⊤∋≻⋈∈⊤∋≻⋈∈⊥∋⊙⊡⊣
⊢≻⋈∈⊤∋≻⋈∈⊥∋≻⋈∈⊤∋≻⋈∈⊥∋≻⋈∈⊤∋≻⋈∈⊤∋≻⋈∈⊥∋≻⋈∈⊥∋⊙⊡⊣
⊢≻⋈∈⊤∋≻⋈∈⊤∋≻⋈∈⊥∋≻⋈∈⊤∋≻⋈∈⊥∋≻⋈∈⊥∋≻⋈∈⊤∋≻⋈∈⊥∋≻⋈∈⊤∋≻⋈∈⊥∋≻⋈∈⊤∋≻⋈∈⊤∋≻⋈∈⊥∋≻⋈∈⊥∋≻⋈∈⊥∋⊙⊡⊣
⊢≻⋈∈⊥∋≻⋈∈⊥∋≻⋈∈⊥∋≻⋈∈⊤∋≻⋈∈⊥∋≻⋈∈⊤∋≻⋈∈⊥∋≻⋈∈⊥∋⊙⊡⊣
⊢≻⋈∈⊤∋≻⋈∈⊥∋≻⋈∈⊥∋≻⋈∈⊤∋≻⋈∈⊤∋≻⋈∈⊥∋≻⋈∈⊤∋≻⋈∈⊥∋⊙⊡⊣
⊢≻⋈∈⊥∋≻⋈∈⊥∋≻⋈∈⊥∋≻⋈∈⊤∋≻⋈∈⊥∋≻⋈∈⊥∋≻⋈∈⊥∋≻⋈∈⊤∋≻⋈∈⊤∋≻⋈∈⊤∋≻⋈∈⊥∋⊙⊡⊣
⊢≻⋈∈⊥∋≻⋈∈⊤∋≻⋈∈⊥∋≻⋈∈⊥∋≻⋈∈⊤∋≻⋈∈⊤∋≻⋈∈⊥∋≻⋈∈⊥∋≻⋈∈⊤∋≻⋈∈⊥∋≻⋈∈⊥∋⊙⊡⊣
⊢≻⋈∈⊤∋≻⋈∈⊤∋≻⋈∈⊤∋≻⋈∈⊤∋≻⋈∈⊥∋≻⋈∈⊥∋≻⋈∈⊤∋≻⋈∈⊥∋≻⋈∈⊤∋≻⋈∈⊤∋≻⋈∈⊤∋≻⋈∈⊥∋≻⋈∈⊤∋≻⋈∈⊥∋⊙⊡⊣
⊢≻⋈∈⊤∋≻⋈∈⊥∋≻⋈∈⊤∋≻⋈∈⊥∋≻⋈∈⊥∋≻⋈∈⊥∋≻⋈∈⊥∋⊙⊡⊣
⊢≻⋈∈⊤∋≻⋈∈⊤∋≻⋈∈⊥∋≻⋈∈⊥∋≻⋈∈⊥∋≻⋈∈⊤∋≻⋈∈⊥∋≻⋈∈⊥∋⊙⊡⊣
⊢≻⋈∈⊤∋≻⋈∈⊥∋≻⋈∈⊤∋≻⋈∈⊥∋⊙⊡⊣
⊢≻⋈∈⊥∋≻⋈∈⊥∋≻⋈∈⊥∋≻⋈∈⊤∋≻⋈∈⊤∋≻⋈∈⊥∋⊙⊡⊣
⊢≻⋈∈⊥∋≻⋈∈⊥∋≻⋈∈⊤∋≻⋈∈⊥∋≻⋈∈⊤∋≻⋈∈⊤∋≻⋈∈⊥∋≻⋈∈⊥∋⊙⊡⊣
⊢≻⋈∈⊤∋≻⋈∈⊤∋≻⋈∈⊥∋≻⋈∈⊤∋≻⋈∈⊤∋≻⋈∈⊤∋≻⋈∈⊥∋≻⋈∈⊤∋≻⋈∈⊥∋≻⋈∈⊥∋≻⋈∈⊤∋≻⋈∈⊤∋≻⋈∈⊥∋≻⋈∈⊥∋≻⋈∈⊥∋⊙⊡⊣
⊢≻⋈∈⊤∋≻⋈∈⊤∋≻⋈∈⊤∋≻⋈∈⊥∋≻⋈∈⊥∋≻⋈∈⊤∋≻⋈∈⊥∋≻⋈∈⊥∋⊙⊡⊣
⊢≻⋈∈⊤∋≻⋈∈⊥∋≻⋈∈⊥∋≻⋈∈⊤∋≻⋈∈⊤∋≻⋈∈⊥∋≻⋈∈⊤∋≻⋈∈⊥∋⊙⊡⊣
⊢≻⋈∈⊥∋≻⋈∈⊥∋≻⋈∈⊥∋≻⋈∈⊤∋≻⋈∈⊥∋≻⋈∈⊥∋≻⋈∈⊥∋≻⋈∈⊤∋≻⋈∈⊤∋≻⋈∈⊤∋≻⋈∈⊥∋⊙⊡⊣
⊢≻⋈∈⊥∋≻⋈∈⊤∋≻⋈∈⊥∋≻⋈∈⊥∋≻⋈∈⊤∋≻⋈∈⊤∋≻⋈∈⊥∋≻⋈∈⊥∋≻⋈∈⊤∋≻⋈∈⊥∋≻⋈∈⊥∋⊙⊡⊣
⊢≻⋈∈⊤∋≻⋈∈⊤∋≻⋈∈⊤∋≻⋈∈⊤∋≻⋈∈⊤∋≻⋈∈⊥∋≻⋈∈⊥∋≻⋈∈⊥∋≻⋈∈⊤∋≻⋈∈⊤∋≻⋈∈⊤∋≻⋈∈⊥∋≻⋈∈⊤∋≻⋈∈⊥∋⊙⊡⊣
⊢≻⋈∈⊤∋≻⋈∈⊥∋≻⋈∈⊤∋≻⋈∈⊥∋≻⋈∈⊥∋≻⋈∈⊥∋≻⋈∈⊥∋⊙⊡⊣
⊢≻⋈∈⊥∋≻⋈∈⊥∋≻⋈∈⊥∋≻⋈∈⊥∋≻⋈∈⊥∋≻⋈∈⊤∋≻⋈∈⊥∋≻⋈∈⊥∋⊙⊡⊣
⊢≻⋈∈⊥∋≻⋈∈⊥∋≻⋈∈⊤∋≻⋈∈⊥∋⊙⊡⊣
⊢≻⋈∈⊥∋≻⋈∈⊤∋≻⋈∈⊥∋≻⋈∈⊤∋≻⋈∈⊤∋≻⋈∈⊥∋⊙⊡⊣
⊢≻⋈∈⊤∋≻⋈∈⊤∋≻⋈∈⊥∋≻⋈∈⊥∋≻⋈∈⊤∋≻⋈∈⊤∋≻⋈∈⊥∋≻⋈∈⊥∋⊙⊡⊣
⊢≻⋈∈⊤∋≻⋈∈⊤∋≻⋈∈⊥∋≻⋈∈⊤∋≻⋈∈⊥∋≻⋈∈⊤∋≻⋈∈⊥∋≻⋈∈⊥∋≻⋈∈⊥∋≻⋈∈⊥∋≻⋈∈⊤∋≻⋈∈⊤∋≻⋈∈⊥∋≻⋈∈⊥∋≻⋈∈⊥∋⊙⊡⊣
⊢≻⋈∈⊥∋≻⋈∈⊥∋≻⋈∈⊤∋≻⋈∈⊥∋≻⋈∈⊥∋≻⋈∈⊤∋≻⋈∈⊥∋≻⋈∈⊥∋⊙⊡⊣
⊢≻⋈∈⊥∋≻⋈∈⊥∋≻⋈∈⊤∋≻⋈∈⊥∋≻⋈∈⊤∋≻⋈∈⊥∋≻⋈∈⊤∋≻⋈∈⊥∋⊙⊡⊣
⊢≻⋈∈⊥∋≻⋈∈⊥∋≻⋈∈⊥∋≻⋈∈⊤∋≻⋈∈⊥∋≻⋈∈⊥∋≻⋈∈⊥∋≻⋈∈⊤∋≻⋈∈⊤∋≻⋈∈⊤∋≻⋈∈⊥∋⊙⊡⊣
⊢≻⋈∈⊥∋≻⋈∈⊤∋≻⋈∈⊥∋≻⋈∈⊥∋≻⋈∈⊤∋≻⋈∈⊤∋≻⋈∈⊥∋≻⋈∈⊥∋≻⋈∈⊤∋≻⋈∈⊥∋≻⋈∈⊥∋⊙⊡⊣
⊢≻⋈∈⊤∋≻⋈∈⊤∋≻⋈∈⊤∋≻⋈∈⊤∋≻⋈∈⊥∋≻⋈∈⊥∋≻⋈∈⊥∋≻⋈∈⊤∋≻⋈∈⊥∋≻⋈∈⊤∋≻⋈∈⊤∋≻⋈∈⊥∋≻⋈∈⊤∋≻⋈∈⊥∋⊙⊡⊣
⊢≻⋈∈⊤∋≻⋈∈⊥∋≻⋈∈⊤∋≻⋈∈⊥∋≻⋈∈⊥∋≻⋈∈⊥∋≻⋈∈⊥∋⊙⊡⊣
⊢≻⋈∈⊤∋≻⋈∈⊤∋≻⋈∈⊤∋≻⋈∈⊤∋≻⋈∈⊤∋≻⋈∈⊥∋≻⋈∈⊥∋≻⋈∈⊥∋⊙⊡⊣
⊢≻⋈∈⊥∋≻⋈∈⊥∋≻⋈∈⊤∋≻⋈∈⊥∋⊙⊡⊣
⊢≻⋈∈⊤∋≻⋈∈⊥∋≻⋈∈⊥∋≻⋈∈⊤∋≻⋈∈⊤∋≻⋈∈⊥∋⊙⊡⊣
⊢≻⋈∈⊥∋≻⋈∈⊤∋≻⋈∈⊥∋≻⋈∈⊥∋≻⋈∈⊤∋≻⋈∈⊤∋≻⋈∈⊥∋≻⋈∈⊥∋⊙⊡⊣
⊢≻⋈∈⊤∋≻⋈∈⊤∋≻⋈∈⊥∋≻⋈∈⊤∋≻⋈∈⊤∋≻⋈∈⊥∋≻⋈∈⊥∋≻⋈∈⊤∋≻⋈∈⊤∋≻⋈∈⊤∋≻⋈∈⊥∋≻⋈∈⊤∋≻⋈∈⊥∋≻⋈∈⊥∋≻⋈∈⊥∋⊙⊡⊣
⊢≻⋈∈⊤∋≻⋈∈⊤∋≻⋈∈⊥∋≻⋈∈⊥∋≻⋈∈⊥∋≻⋈∈⊤∋≻⋈∈⊥∋≻⋈∈⊥∋⊙⊡⊣
⊢≻⋈∈⊥∋≻⋈∈⊥∋≻⋈∈⊤∋≻⋈∈⊥∋≻⋈∈⊤∋≻⋈∈⊥∋≻⋈∈⊤∋≻⋈∈⊥∋⊙⊡⊣
⊢≻⋈∈⊥∋≻⋈∈⊥∋≻⋈∈⊥∋≻⋈∈⊤∋≻⋈∈⊥∋≻⋈∈⊥∋≻⋈∈⊥∋≻⋈∈⊤∋≻⋈∈⊤∋≻⋈∈⊤∋≻⋈∈⊥∋⊙⊡⊣
⊢≻⋈∈⊥∋≻⋈∈⊤∋≻⋈∈⊥∋≻⋈∈⊥∋≻⋈∈⊤∋≻⋈∈⊤∋≻⋈∈⊥∋≻⋈∈⊥∋≻⋈∈⊤∋≻⋈∈⊥∋≻⋈∈⊥∋⊙⊡⊣
⊢≻⋈∈⊤∋≻⋈∈⊤∋≻⋈∈⊤∋≻⋈∈⊤∋≻⋈∈⊤∋≻⋈∈⊥∋≻⋈∈⊤∋≻⋈∈⊥∋≻⋈∈⊥∋≻⋈∈⊤∋≻⋈∈⊤∋≻⋈∈⊥∋≻⋈∈⊤∋≻⋈∈⊥∋⊙⊡⊣
⊢≻⋈∈⊤∋≻⋈∈⊥∋≻⋈∈⊤∋≻⋈∈⊥∋≻⋈∈⊥∋≻⋈∈⊥∋≻⋈∈⊥∋⊙⊡⊣
⊢≻⋈∈⊥∋≻⋈∈⊥∋≻⋈∈⊤∋≻⋈∈⊤∋≻⋈∈⊤∋≻⋈∈⊥∋≻⋈∈⊥∋≻⋈∈⊥∋⊙⊡⊣
⊢≻⋈∈⊤∋≻⋈∈⊤∋≻⋈∈⊥∋≻⋈∈⊥∋⊙⊡⊣
⊢≻⋈∈⊤∋≻⋈∈⊤∋≻⋈∈⊥∋≻⋈∈⊤∋≻⋈∈⊤∋≻⋈∈⊥∋⊙⊡⊣
⊢≻⋈∈⊤∋≻⋈∈⊥∋≻⋈∈⊥∋≻⋈∈⊥∋≻⋈∈⊤∋≻⋈∈⊤∋≻⋈∈⊥∋≻⋈∈⊥∋⊙⊡⊣
⊢≻⋈∈⊤∋≻⋈∈⊤∋≻⋈∈⊥∋≻⋈∈⊤∋≻⋈∈⊥∋≻⋈∈⊥∋≻⋈∈⊥∋≻⋈∈⊥∋≻⋈∈⊤∋≻⋈∈⊤∋≻⋈∈⊥∋≻⋈∈⊤∋≻⋈∈⊥∋≻⋈∈⊥∋≻⋈∈⊥∋⊙⊡⊣
⊢≻⋈∈⊥∋≻⋈∈⊥∋≻⋈∈⊥∋≻⋈∈⊥∋≻⋈∈⊥∋≻⋈∈⊤∋≻⋈∈⊥∋≻⋈∈⊥∋⊙⊡⊣
⊢≻⋈∈⊤∋≻⋈∈⊤∋≻⋈∈⊤∋≻⋈∈⊤∋≻⋈∈⊥∋≻⋈∈⊥∋≻⋈∈⊤∋≻⋈∈⊥∋⊙⊡⊣
⊢≻⋈∈⊥∋≻⋈∈⊥∋≻⋈∈⊥∋≻⋈∈⊤∋≻⋈∈⊥∋≻⋈∈⊥∋≻⋈∈⊥∋≻⋈∈⊤∋≻⋈∈⊤∋≻⋈∈⊤∋≻⋈∈⊥∋⊙⊡⊣
⊢≻⋈∈⊥∋≻⋈∈⊤∋≻⋈∈⊥∋≻⋈∈⊥∋≻⋈∈⊤∋≻⋈∈⊤∋≻⋈∈⊥∋≻⋈∈⊥∋≻⋈∈⊤∋≻⋈∈⊥∋≻⋈∈⊥∋⊙⊡⊣
⊢≻⋈∈⊤∋≻⋈∈⊤∋≻⋈∈⊤∋≻⋈∈⊤∋≻⋈∈⊥∋≻⋈∈⊥∋≻⋈∈⊤∋≻⋈∈⊤∋≻⋈∈⊤∋≻⋈∈⊥∋≻⋈∈⊤∋≻⋈∈⊥∋≻⋈∈⊤∋≻⋈∈⊥∋⊙⊡⊣
⊢≻⋈∈⊤∋≻⋈∈⊥∋≻⋈∈⊤∋≻⋈∈⊥∋≻⋈∈⊥∋≻⋈∈⊥∋≻⋈∈⊥∋⊙⊡⊣
⊢≻⋈∈⊤∋≻⋈∈⊤∋≻⋈∈⊥∋≻⋈∈⊤∋≻⋈∈⊤∋≻⋈∈⊥∋≻⋈∈⊥∋≻⋈∈⊥∋⊙⊡⊣
⊢≻⋈∈⊤∋≻⋈∈⊤∋≻⋈∈⊥∋≻⋈∈⊥∋⊙⊡⊣
⊢≻⋈∈⊥∋≻⋈∈⊤∋≻⋈∈⊥∋≻⋈∈⊤∋≻⋈∈⊤∋≻⋈∈⊥∋⊙⊡⊣
⊢≻⋈∈⊥∋≻⋈∈⊥∋≻⋈∈⊥∋≻⋈∈⊥∋≻⋈∈⊤∋≻⋈∈⊤∋≻⋈∈⊥∋≻⋈∈⊥∋⊙⊡⊣
⊢≻⋈∈⊤∋≻⋈∈⊤∋≻⋈∈⊥∋≻⋈∈⊤∋≻⋈∈⊤∋≻⋈∈⊤∋≻⋈∈⊤∋≻⋈∈⊥∋≻⋈∈⊥∋≻⋈∈⊤∋≻⋈∈⊥∋≻⋈∈⊤∋≻⋈∈⊥∋≻⋈∈⊥∋≻⋈∈⊥∋⊙⊡⊣
⊢≻⋈∈⊤∋≻⋈∈⊤∋≻⋈∈⊤∋≻⋈∈⊤∋≻⋈∈⊤∋≻⋈∈⊥∋≻⋈∈⊥∋≻⋈∈⊥∋⊙⊡⊣
⊢≻⋈∈⊤∋≻⋈∈⊥∋≻⋈∈⊤∋≻⋈∈⊤∋≻⋈∈⊥∋≻⋈∈⊥∋≻⋈∈⊤∋≻⋈∈⊥∋⊙⊡⊣
⊢≻⋈∈⊥∋≻⋈∈⊥∋≻⋈∈⊥∋≻⋈∈⊤∋≻⋈∈⊥∋≻⋈∈⊥∋≻⋈∈⊥∋≻⋈∈⊤∋≻⋈∈⊤∋≻⋈∈⊤∋≻⋈∈⊥∋⊙⊡⊣
⊢≻⋈∈⊥∋≻⋈∈⊤∋≻⋈∈⊥∋≻⋈∈⊥∋≻⋈∈⊤∋≻⋈∈⊤∋≻⋈∈⊥∋≻⋈∈⊥∋≻⋈∈⊤∋≻⋈∈⊥∋≻⋈∈⊥∋⊙⊡⊣
⊢≻⋈∈⊤∋≻⋈∈⊤∋≻⋈∈⊤∋≻⋈∈⊤∋≻⋈∈⊤∋≻⋈∈⊥∋≻⋈∈⊥∋≻⋈∈⊤∋≻⋈∈⊤∋≻⋈∈⊥∋≻⋈∈⊤∋≻⋈∈⊥∋≻⋈∈⊤∋≻⋈∈⊥∋⊙⊡⊣
⊢≻⋈∈⊤∋≻⋈∈⊥∋≻⋈∈⊤∋≻⋈∈⊥∋≻⋈∈⊥∋≻⋈∈⊥∋≻⋈∈⊥∋⊙⊡⊣
⊢≻⋈∈⊥∋≻⋈∈⊥∋≻⋈∈⊥∋≻⋈∈⊤∋≻⋈∈⊤∋≻⋈∈⊥∋≻⋈∈⊥∋≻⋈∈⊥∋⊙⊡⊣
⊢≻⋈∈⊥∋≻⋈∈⊤∋≻⋈∈⊥∋≻⋈∈⊥∋⊙⊡⊣
⊢≻⋈∈⊥∋≻⋈∈⊥∋≻⋈∈⊤∋≻⋈∈⊤∋≻⋈∈⊤∋≻⋈∈⊥∋⊙⊡⊣
⊢≻⋈∈⊤∋≻⋈∈⊤∋≻⋈∈⊤∋≻⋈∈⊤∋≻⋈∈⊥∋≻⋈∈⊤∋≻⋈∈⊥∋≻⋈∈⊥∋⊙⊡⊣
⊢≻⋈∈⊤∋≻⋈∈⊤∋≻⋈∈⊥∋≻⋈∈⊤∋≻⋈∈⊥∋≻⋈∈⊤∋≻⋈∈⊤∋≻⋈∈⊤∋≻⋈∈⊤∋≻⋈∈⊥∋≻⋈∈⊥∋≻⋈∈⊤∋≻⋈∈⊥∋≻⋈∈⊥∋≻⋈∈⊥∋⊙⊡⊣
⊢≻⋈∈⊥∋≻⋈∈⊥∋≻⋈∈⊤∋≻⋈∈⊤∋≻⋈∈⊤∋≻⋈∈⊥∋≻⋈∈⊥∋≻⋈∈⊥∋⊙⊡⊣
⊢≻⋈∈⊥∋≻⋈∈⊥∋≻⋈∈⊤∋≻⋈∈⊤∋≻⋈∈⊥∋≻⋈∈⊥∋≻⋈∈⊤∋≻⋈∈⊥∋⊙⊡⊣
⊢≻⋈∈⊥∋≻⋈∈⊥∋≻⋈∈⊥∋≻⋈∈⊤∋≻⋈∈⊥∋≻⋈∈⊥∋≻⋈∈⊥∋≻⋈∈⊤∋≻⋈∈⊤∋≻⋈∈⊤∋≻⋈∈⊥∋⊙⊡⊣
⊢≻⋈∈⊥∋≻⋈∈⊤∋≻⋈∈⊥∋≻⋈∈⊥∋≻⋈∈⊤∋≻⋈∈⊤∋≻⋈∈⊥∋≻⋈∈⊥∋≻⋈∈⊤∋≻⋈∈⊥∋≻⋈∈⊥∋⊙⊡⊣
⊢≻⋈∈⊤∋≻⋈∈⊤∋≻⋈∈⊤∋≻⋈∈⊤∋≻⋈∈⊥∋≻⋈∈⊥∋≻⋈∈⊥∋≻⋈∈⊥∋≻⋈∈⊤∋≻⋈∈⊥∋≻⋈∈⊤∋≻⋈∈⊥∋≻⋈∈⊤∋≻⋈∈⊥∋⊙⊡⊣
⊢≻⋈∈⊤∋≻⋈∈⊥∋≻⋈∈⊤∋≻⋈∈⊥∋≻⋈∈⊥∋≻⋈∈⊥∋≻⋈∈⊥∋⊙⊡⊣
⊢≻⋈∈⊤∋≻⋈∈⊤∋≻⋈∈⊤∋≻⋈∈⊥∋≻⋈∈⊤∋≻⋈∈⊥∋≻⋈∈⊥∋≻⋈∈⊥∋⊙⊡⊣
⊢≻⋈∈⊥∋≻⋈∈⊤∋≻⋈∈⊥∋≻⋈∈⊥∋⊙⊡⊣
⊢≻⋈∈⊤∋≻⋈∈⊤∋≻⋈∈⊥∋≻⋈∈⊤∋≻⋈∈⊤∋≻⋈∈⊥∋⊙⊡⊣
⊢≻⋈∈⊥∋≻⋈∈⊤∋≻⋈∈⊤∋≻⋈∈⊤∋≻⋈∈⊥∋≻⋈∈⊤∋≻⋈∈⊥∋≻⋈∈⊥∋⊙⊡⊣
⊢≻⋈∈⊤∋≻⋈∈⊤∋≻⋈∈⊥∋≻⋈∈⊤∋≻⋈∈⊤∋≻⋈∈⊥∋≻⋈∈⊤∋≻⋈∈⊥∋≻⋈∈⊤∋≻⋈∈⊥∋≻⋈∈⊥∋≻⋈∈⊤∋≻⋈∈⊥∋≻⋈∈⊥∋≻⋈∈⊥∋⊙⊡⊣
⊢≻⋈∈⊤∋≻⋈∈⊤∋≻⋈∈⊥∋≻⋈∈⊤∋≻⋈∈⊤∋≻⋈∈⊥∋≻⋈∈⊥∋≻⋈∈⊥∋⊙⊡⊣
⊢≻⋈∈⊥∋≻⋈∈⊤∋≻⋈∈⊥∋≻⋈∈⊤∋≻⋈∈⊥∋≻⋈∈⊥∋≻⋈∈⊤∋≻⋈∈⊥∋⊙⊡⊣
⊢≻⋈∈⊥∋≻⋈∈⊥∋≻⋈∈⊥∋≻⋈∈⊤∋≻⋈∈⊥∋≻⋈∈⊥∋≻⋈∈⊥∋≻⋈∈⊤∋≻⋈∈⊤∋≻⋈∈⊤∋≻⋈∈⊥∋⊙⊡⊣
⊢≻⋈∈⊥∋≻⋈∈⊤∋≻⋈∈⊥∋≻⋈∈⊥∋≻⋈∈⊤∋≻⋈∈⊤∋≻⋈∈⊥∋≻⋈∈⊥∋≻⋈∈⊤∋≻⋈∈⊥∋≻⋈∈⊥∋⊙⊡⊣
⊢≻⋈∈⊤∋≻⋈∈⊤∋≻⋈∈⊤∋≻⋈∈⊤∋≻⋈∈⊤∋≻⋈∈⊥∋≻⋈∈⊤∋≻⋈∈⊤∋≻⋈∈⊥∋≻⋈∈⊥∋≻⋈∈⊤∋≻⋈∈⊥∋≻⋈∈⊤∋≻⋈∈⊥∋⊙⊡⊣
⊢≻⋈∈⊤∋≻⋈∈⊥∋≻⋈∈⊤∋≻⋈∈⊥∋≻⋈∈⊥∋≻⋈∈⊥∋≻⋈∈⊥∋⊙⊡⊣
⊢≻⋈∈⊥∋≻⋈∈⊤∋≻⋈∈⊤∋≻⋈∈⊥∋≻⋈∈⊤∋≻⋈∈⊥∋≻⋈∈⊥∋≻⋈∈⊥∋⊙⊡⊣
⊢≻⋈∈⊤∋≻⋈∈⊤∋≻⋈∈⊤∋≻⋈∈⊥∋≻⋈∈⊥∋⊙⊡⊣
⊢≻⋈∈⊤∋≻⋈∈⊤∋≻⋈∈⊤∋≻⋈∈⊥∋≻⋈∈⊥∋⊙⊡⊣
⊢≻⋈∈⊤∋≻⋈∈⊥∋≻⋈∈⊤∋≻⋈∈⊤∋≻⋈∈⊥∋≻⋈∈⊤∋≻⋈∈⊥∋≻⋈∈⊥∋⊙⊡⊣
⊢≻⋈∈⊥∋≻⋈∈⊥∋≻⋈∈⊥∋≻⋈∈⊤∋≻⋈∈⊥∋≻⋈∈⊥∋≻⋈∈⊤∋≻⋈∈⊤∋≻⋈∈⊥∋≻⋈∈⊥∋≻⋈∈⊥∋≻⋈∈⊤∋≻⋈∈⊥∋≻⋈∈⊥∋≻⋈∈⊥∋⊙⊡⊣
⊢≻⋈∈⊥∋≻⋈∈⊥∋≻⋈∈⊥∋≻⋈∈⊤∋≻⋈∈⊤∋≻⋈∈⊥∋≻⋈∈⊥∋≻⋈∈⊥∋⊙⊡⊣
⊢≻⋈∈⊤∋≻⋈∈⊤∋≻⋈∈⊤∋≻⋈∈⊥∋≻⋈∈⊥∋≻⋈∈⊥∋≻⋈∈⊤∋≻⋈∈⊥∋⊙⊡⊣
⊢≻⋈∈⊥∋≻⋈∈⊥∋≻⋈∈⊥∋≻⋈∈⊤∋≻⋈∈⊥∋≻⋈∈⊥∋≻⋈∈⊥∋≻⋈∈⊤∋≻⋈∈⊤∋≻⋈∈⊤∋≻⋈∈⊥∋⊙⊡⊣
⊢≻⋈∈⊥∋≻⋈∈⊤∋≻⋈∈⊥∋≻⋈∈⊥∋≻⋈∈⊤∋≻⋈∈⊤∋≻⋈∈⊥∋≻⋈∈⊥∋≻⋈∈⊤∋≻⋈∈⊥∋≻⋈∈⊥∋⊙⊡⊣
⊢≻⋈∈⊤∋≻⋈∈⊤∋≻⋈∈⊤∋≻⋈∈⊤∋≻⋈∈⊥∋≻⋈∈⊥∋≻⋈∈⊤∋≻⋈∈⊥∋≻⋈∈⊥∋≻⋈∈⊥∋≻⋈∈⊤∋≻⋈∈⊥∋≻⋈∈⊤∋≻⋈∈⊥∋⊙⊡⊣
⊢≻⋈∈⊤∋≻⋈∈⊤∋≻⋈∈⊥∋≻⋈∈⊥∋≻⋈∈⊥∋≻⋈∈⊥∋≻⋈∈⊥∋⊙⊡⊣
⊢≻⋈∈⊤∋≻⋈∈⊥∋≻⋈∈⊤∋≻⋈∈⊥∋≻⋈∈⊤∋≻⋈∈⊥∋≻⋈∈⊥∋≻⋈∈⊥∋⊙⊡⊣
⊢≻⋈∈⊤∋≻⋈∈⊤∋≻⋈∈⊤∋≻⋈∈⊥∋≻⋈∈⊥∋⊙⊡⊣
⊢≻⋈∈⊥∋≻⋈∈⊤∋≻⋈∈⊤∋≻⋈∈⊥∋≻⋈∈⊥∋⊙⊡⊣
⊢≻⋈∈⊥∋≻⋈∈⊥∋≻⋈∈⊤∋≻⋈∈⊤∋≻⋈∈⊥∋≻⋈∈⊤∋≻⋈∈⊥∋≻⋈∈⊥∋⊙⊡⊣
⊢≻⋈∈⊥∋≻⋈∈⊥∋≻⋈∈⊥∋≻⋈∈⊤∋≻⋈∈⊤∋≻⋈∈⊤∋≻⋈∈⊥∋≻⋈∈⊥∋≻⋈∈⊥∋≻⋈∈⊥∋≻⋈∈⊥∋≻⋈∈⊤∋≻⋈∈⊥∋≻⋈∈⊥∋≻⋈∈⊥∋⊙⊡⊣
⊢≻⋈∈⊤∋≻⋈∈⊤∋≻⋈∈⊤∋≻⋈∈⊥∋≻⋈∈⊤∋≻⋈∈⊥∋≻⋈∈⊥∋≻⋈∈⊥∋⊙⊡⊣
⊢≻⋈∈⊥∋≻⋈∈⊤∋≻⋈∈⊤∋≻⋈∈⊥∋≻⋈∈⊥∋≻⋈∈⊥∋≻⋈∈⊤∋≻⋈∈⊥∋⊙⊡⊣
⊢≻⋈∈⊥∋≻⋈∈⊥∋≻⋈∈⊥∋≻⋈∈⊤∋≻⋈∈⊥∋≻⋈∈⊥∋≻⋈∈⊥∋≻⋈∈⊤∋≻⋈∈⊤∋≻⋈∈⊤∋≻⋈∈⊥∋⊙⊡⊣
⊢≻⋈∈⊥∋≻⋈∈⊤∋≻⋈∈⊥∋≻⋈∈⊥∋≻⋈∈⊤∋≻⋈∈⊤∋≻⋈∈⊥∋≻⋈∈⊥∋≻⋈∈⊤∋≻⋈∈⊥∋≻⋈∈⊥∋⊙⊡⊣
⊢≻⋈∈⊤∋≻⋈∈⊤∋≻⋈∈⊤∋≻⋈∈⊤∋≻⋈∈⊤∋≻⋈∈⊥∋≻⋈∈⊥∋≻⋈∈⊥∋≻⋈∈⊥∋≻⋈∈⊥∋≻⋈∈⊤∋≻⋈∈⊥∋≻⋈∈⊤∋≻⋈∈⊥∋⊙⊡⊣
⊢≻⋈∈⊤∋≻⋈∈⊤∋≻⋈∈⊥∋≻⋈∈⊥∋≻⋈∈⊥∋≻⋈∈⊥∋≻⋈∈⊥∋⊙⊡⊣
⊢≻⋈∈⊥∋≻⋈∈⊥∋≻⋈∈⊤∋≻⋈∈⊥∋≻⋈∈⊤∋≻⋈∈⊥∋≻⋈∈⊥∋≻⋈∈⊥∋⊙⊡⊣
⊢≻⋈∈⊥∋≻⋈∈⊥∋≻⋈∈⊥∋≻⋈∈⊤∋≻⋈∈⊥∋⊙⊡⊣
⊢≻⋈∈⊥∋≻⋈∈⊤∋≻⋈∈⊤∋≻⋈∈⊥∋≻⋈∈⊥∋⊙⊡⊣
⊢≻⋈∈⊤∋≻⋈∈⊤∋≻⋈∈⊥∋≻⋈∈⊤∋≻⋈∈⊥∋≻⋈∈⊤∋≻⋈∈⊥∋≻⋈∈⊥∋⊙⊡⊣
⊢≻⋈∈⊤∋≻⋈∈⊥∋≻⋈∈⊤∋≻⋈∈⊥∋≻⋈∈⊥∋≻⋈∈⊤∋≻⋈∈⊥∋≻⋈∈⊤∋≻⋈∈⊤∋≻⋈∈⊤∋≻⋈∈⊤∋≻⋈∈⊥∋≻⋈∈⊥∋≻⋈∈⊥∋≻⋈∈⊥∋⊙⊡⊣
⊢≻⋈∈⊥∋≻⋈∈⊥∋≻⋈∈⊤∋≻⋈∈⊥∋≻⋈∈⊤∋≻⋈∈⊥∋≻⋈∈⊥∋≻⋈∈⊥∋⊙⊡⊣
⊢≻⋈∈⊤∋≻⋈∈⊥∋≻⋈∈⊥∋≻⋈∈⊥∋≻⋈∈⊥∋≻⋈∈⊥∋≻⋈∈⊤∋≻⋈∈⊥∋⊙⊡⊣
⊢≻⋈∈⊥∋≻⋈∈⊥∋≻⋈∈⊥∋≻⋈∈⊤∋≻⋈∈⊥∋≻⋈∈⊥∋≻⋈∈⊥∋≻⋈∈⊤∋≻⋈∈⊤∋≻⋈∈⊤∋≻⋈∈⊥∋⊙⊡⊣
⊢≻⋈∈⊥∋≻⋈∈⊤∋≻⋈∈⊥∋≻⋈∈⊥∋≻⋈∈⊤∋≻⋈∈⊤∋≻⋈∈⊥∋≻⋈∈⊥∋≻⋈∈⊤∋≻⋈∈⊥∋≻⋈∈⊥∋⊙⊡⊣
⊢≻⋈∈⊤∋≻⋈∈⊤∋≻⋈∈⊤∋≻⋈∈⊤∋≻⋈∈⊥∋≻⋈∈⊥∋≻⋈∈⊥∋≻⋈∈⊤∋≻⋈∈⊤∋≻⋈∈⊤∋≻⋈∈⊥∋≻⋈∈⊥∋≻⋈∈⊤∋≻⋈∈⊥∋⊙⊡⊣
⊢≻⋈∈⊤∋≻⋈∈⊤∋≻⋈∈⊥∋≻⋈∈⊥∋≻⋈∈⊥∋≻⋈∈⊥∋≻⋈∈⊥∋⊙⊡⊣
⊢≻⋈∈⊤∋≻⋈∈⊤∋≻⋈∈⊥∋≻⋈∈⊥∋≻⋈∈⊤∋≻⋈∈⊥∋≻⋈∈⊥∋≻⋈∈⊥∋⊙⊡⊣
⊢≻⋈∈⊥∋≻⋈∈⊥∋≻⋈∈⊥∋≻⋈∈⊤∋≻⋈∈⊥∋⊙⊡⊣
⊢≻⋈∈⊤∋≻⋈∈⊥∋≻⋈∈⊤∋≻⋈∈⊥∋≻⋈∈⊥∋⊙⊡⊣
⊢≻⋈∈⊥∋≻⋈∈⊤∋≻⋈∈⊥∋≻⋈∈⊤∋≻⋈∈⊥∋≻⋈∈⊤∋≻⋈∈⊥∋≻⋈∈⊥∋⊙⊡⊣
⊢≻⋈∈⊤∋≻⋈∈⊥∋≻⋈∈⊤∋≻⋈∈⊥∋≻⋈∈⊤∋≻⋈∈⊥∋≻⋈∈⊥∋≻⋈∈⊥∋≻⋈∈⊤∋≻⋈∈⊤∋≻⋈∈⊤∋≻⋈∈⊥∋≻⋈∈⊥∋≻⋈∈⊥∋≻⋈∈⊥∋⊙⊡⊣
⊢≻⋈∈⊤∋≻⋈∈⊤∋≻⋈∈⊥∋≻⋈∈⊥∋≻⋈∈⊤∋≻⋈∈⊥∋≻⋈∈⊥∋≻⋈∈⊥∋⊙⊡⊣
⊢≻⋈∈⊤∋≻⋈∈⊥∋≻⋈∈⊥∋≻⋈∈⊥∋≻⋈∈⊥∋≻⋈∈⊥∋≻⋈∈⊤∋≻⋈∈⊥∋⊙⊡⊣
⊢≻⋈∈⊥∋≻⋈∈⊥∋≻⋈∈⊥∋≻⋈∈⊤∋≻⋈∈⊥∋≻⋈∈⊥∋≻⋈∈⊥∋≻⋈∈⊤∋≻⋈∈⊤∋≻⋈∈⊤∋≻⋈∈⊥∋⊙⊡⊣
⊢≻⋈∈⊥∋≻⋈∈⊤∋≻⋈∈⊥∋≻⋈∈⊥∋≻⋈∈⊤∋≻⋈∈⊤∋≻⋈∈⊥∋≻⋈∈⊥∋≻⋈∈⊤∋≻⋈∈⊥∋≻⋈∈⊥∋⊙⊡⊣
⊢≻⋈∈⊤∋≻⋈∈⊤∋≻⋈∈⊤∋≻⋈∈⊤∋≻⋈∈⊤∋≻⋈∈⊥∋≻⋈∈⊤∋≻⋈∈⊥∋≻⋈∈⊤∋≻⋈∈⊤∋≻⋈∈⊥∋≻⋈∈⊥∋≻⋈∈⊤∋≻⋈∈⊥∋⊙⊡⊣
⊢≻⋈∈⊤∋≻⋈∈⊤∋≻⋈∈⊥∋≻⋈∈⊥∋≻⋈∈⊥∋≻⋈∈⊥∋≻⋈∈⊥∋⊙⊡⊣
⊢≻⋈∈⊥∋≻⋈∈⊤∋≻⋈∈⊥∋≻⋈∈⊥∋≻⋈∈⊤∋≻⋈∈⊥∋≻⋈∈⊥∋≻⋈∈⊥∋⊙⊡⊣
⊢≻⋈∈⊤∋≻⋈∈⊥∋≻⋈∈⊥∋≻⋈∈⊤∋≻⋈∈⊥∋⊙⊡⊣
⊢≻⋈∈⊤∋≻⋈∈⊥∋≻⋈∈⊤∋≻⋈∈⊥∋≻⋈∈⊥∋⊙⊡⊣
⊢≻⋈∈⊤∋≻⋈∈⊥∋≻⋈∈⊥∋≻⋈∈⊤∋≻⋈∈⊥∋≻⋈∈⊤∋≻⋈∈⊥∋≻⋈∈⊥∋⊙⊡⊣
⊢≻⋈∈⊥∋≻⋈∈⊤∋≻⋈∈⊥∋≻⋈∈⊥∋≻⋈∈⊥∋≻⋈∈⊥∋≻⋈∈⊥∋≻⋈∈⊤∋≻⋈∈⊥∋≻⋈∈⊤∋≻⋈∈⊤∋≻⋈∈⊥∋≻⋈∈⊥∋≻⋈∈⊥∋≻⋈∈⊥∋⊙⊡⊣
⊢≻⋈∈⊥∋≻⋈∈⊥∋≻⋈∈⊥∋≻⋈∈⊥∋≻⋈∈⊤∋≻⋈∈⊥∋≻⋈∈⊥∋≻⋈∈⊥∋⊙⊡⊣
⊢≻⋈∈⊥∋≻⋈∈⊥∋≻⋈∈⊥∋≻⋈∈⊥∋≻⋈∈⊥∋≻⋈∈⊥∋≻⋈∈⊤∋≻⋈∈⊥∋⊙⊡⊣
⊢≻⋈∈⊥∋≻⋈∈⊥∋≻⋈∈⊥∋≻⋈∈⊤∋≻⋈∈⊥∋≻⋈∈⊥∋≻⋈∈⊥∋≻⋈∈⊤∋≻⋈∈⊤∋≻⋈∈⊤∋≻⋈∈⊥∋⊙⊡⊣
⊢≻⋈∈⊥∋≻⋈∈⊤∋≻⋈∈⊥∋≻⋈∈⊥∋≻⋈∈⊤∋≻⋈∈⊤∋≻⋈∈⊥∋≻⋈∈⊥∋≻⋈∈⊤∋≻⋈∈⊥∋≻⋈∈⊥∋⊙⊡⊣
⊢≻⋈∈⊤∋≻⋈∈⊤∋≻⋈∈⊤∋≻⋈∈⊤∋≻⋈∈⊥∋≻⋈∈⊥∋≻⋈∈⊤∋≻⋈∈⊤∋≻⋈∈⊥∋≻⋈∈⊤∋≻⋈∈⊥∋≻⋈∈⊥∋≻⋈∈⊤∋≻⋈∈⊥∋⊙⊡⊣
⊢≻⋈∈⊤∋≻⋈∈⊤∋≻⋈∈⊥∋≻⋈∈⊥∋≻⋈∈⊥∋≻⋈∈⊥∋≻⋈∈⊥∋⊙⊡⊣
⊢≻⋈∈⊤∋≻⋈∈⊥∋≻⋈∈⊥∋≻⋈∈⊥∋≻⋈∈⊤∋≻⋈∈⊥∋≻⋈∈⊥∋≻⋈∈⊥∋⊙⊡⊣
⊢≻⋈∈⊤∋≻⋈∈⊥∋≻⋈∈⊥∋≻⋈∈⊤∋≻⋈∈⊥∋⊙⊡⊣
⊢≻⋈∈⊥∋≻⋈∈⊥∋≻⋈∈⊤∋≻⋈∈⊥∋≻⋈∈⊥∋⊙⊡⊣
⊢≻⋈∈⊥∋≻⋈∈⊥∋≻⋈∈⊥∋≻⋈∈⊤∋≻⋈∈⊥∋≻⋈∈⊤∋≻⋈∈⊥∋≻⋈∈⊥∋⊙⊡⊣
⊢≻⋈∈⊥∋≻⋈∈⊤∋≻⋈∈⊥∋≻⋈∈⊥∋≻⋈∈⊤∋≻⋈∈⊤∋≻⋈∈⊤∋≻⋈∈⊤∋≻⋈∈⊤∋≻⋈∈⊥∋≻⋈∈⊤∋≻⋈∈⊥∋≻⋈∈⊥∋≻⋈∈⊥∋≻⋈∈⊥∋⊙⊡⊣
⊢≻⋈∈⊤∋≻⋈∈⊤∋≻⋈∈⊤∋≻⋈∈⊤∋≻⋈∈⊥∋≻⋈∈⊥∋≻⋈∈⊥∋≻⋈∈⊥∋⊙⊡⊣
⊢≻⋈∈⊥∋≻⋈∈⊤∋≻⋈∈⊤∋≻⋈∈⊤∋≻⋈∈⊤∋≻⋈∈⊤∋≻⋈∈⊥∋≻⋈∈⊥∋⊙⊡⊣
⊢≻⋈∈⊥∋≻⋈∈⊥∋≻⋈∈⊥∋≻⋈∈⊤∋≻⋈∈⊥∋≻⋈∈⊥∋≻⋈∈⊥∋≻⋈∈⊤∋≻⋈∈⊤∋≻⋈∈⊤∋≻⋈∈⊥∋⊙⊡⊣
⊢≻⋈∈⊥∋≻⋈∈⊤∋≻⋈∈⊥∋≻⋈∈⊥∋≻⋈∈⊤∋≻⋈∈⊤∋≻⋈∈⊥∋≻⋈∈⊥∋≻⋈∈⊤∋≻⋈∈⊥∋≻⋈∈⊥∋⊙⊡⊣
⊢≻⋈∈⊤∋≻⋈∈⊤∋≻⋈∈⊤∋≻⋈∈⊤∋≻⋈∈⊤∋≻⋈∈⊥∋≻⋈∈⊥∋≻⋈∈⊤∋≻⋈∈⊥∋≻⋈∈⊤∋≻⋈∈⊥∋≻⋈∈⊥∋≻⋈∈⊤∋≻⋈∈⊥∋⊙⊡⊣
⊢≻⋈∈⊤∋≻⋈∈⊤∋≻⋈∈⊥∋≻⋈∈⊥∋≻⋈∈⊥∋≻⋈∈⊥∋≻⋈∈⊥∋⊙⊡⊣
⊢≻⋈∈⊥∋≻⋈∈⊥∋≻⋈∈⊥∋≻⋈∈⊥∋≻⋈∈⊤∋≻⋈∈⊥∋≻⋈∈⊥∋≻⋈∈⊥∋⊙⊡⊣
⊢≻⋈∈⊥∋≻⋈∈⊤∋≻⋈∈⊥∋≻⋈∈⊤∋≻⋈∈⊥∋⊙⊡⊣
⊢≻⋈∈⊥∋≻⋈∈⊥∋≻⋈∈⊤∋≻⋈∈⊥∋≻⋈∈⊥∋⊙⊡⊣
⊢≻⋈∈⊤∋≻⋈∈⊤∋≻⋈∈⊤∋≻⋈∈⊥∋≻⋈∈⊥∋≻⋈∈⊤∋≻⋈∈⊥∋≻⋈∈⊥∋⊙⊡⊣
⊢≻⋈∈⊤∋≻⋈∈⊤∋≻⋈∈⊤∋≻⋈∈⊤∋≻⋈∈⊤∋≻⋈∈⊥∋≻⋈∈⊤∋≻⋈∈⊥∋≻⋈∈⊤∋≻⋈∈⊥∋≻⋈∈⊤∋≻⋈∈⊥∋≻⋈∈⊥∋≻⋈∈⊥∋≻⋈∈⊥∋⊙⊡⊣
⊢≻⋈∈⊥∋≻⋈∈⊥∋≻⋈∈⊤∋≻⋈∈⊤∋≻⋈∈⊥∋≻⋈∈⊥∋≻⋈∈⊥∋≻⋈∈⊥∋⊙⊡⊣
⊢≻⋈∈⊥∋≻⋈∈⊤∋≻⋈∈⊤∋≻⋈∈⊤∋≻⋈∈⊤∋≻⋈∈⊤∋≻⋈∈⊥∋≻⋈∈⊥∋⊙⊡⊣
⊢≻⋈∈⊥∋≻⋈∈⊥∋≻⋈∈⊥∋≻⋈∈⊤∋≻⋈∈⊥∋≻⋈∈⊥∋≻⋈∈⊥∋≻⋈∈⊤∋≻⋈∈⊤∋≻⋈∈⊤∋≻⋈∈⊥∋⊙⊡⊣
⊢≻⋈∈⊥∋≻⋈∈⊤∋≻⋈∈⊥∋≻⋈∈⊥∋≻⋈∈⊤∋≻⋈∈⊤∋≻⋈∈⊥∋≻⋈∈⊥∋≻⋈∈⊤∋≻⋈∈⊥∋≻⋈∈⊥∋⊙⊡⊣
⊢≻⋈∈⊤∋≻⋈∈⊤∋≻⋈∈⊤∋≻⋈∈⊤∋≻⋈∈⊥∋≻⋈∈⊥∋≻⋈∈⊥∋≻⋈∈⊥∋≻⋈∈⊥∋≻⋈∈⊤∋≻⋈∈⊥∋≻⋈∈⊥∋≻⋈∈⊤∋≻⋈∈⊥∋⊙⊡⊣
⊢≻⋈∈⊤∋≻⋈∈⊤∋≻⋈∈⊥∋≻⋈∈⊥∋≻⋈∈⊥∋≻⋈∈⊥∋≻⋈∈⊥∋⊙⊡⊣
⊢≻⋈∈⊤∋≻⋈∈⊤∋≻⋈∈⊤∋≻⋈∈⊤∋≻⋈∈⊥∋≻⋈∈⊥∋≻⋈∈⊥∋≻⋈∈⊥∋⊙⊡⊣
⊢≻⋈∈⊥∋≻⋈∈⊤∋≻⋈∈⊥∋≻⋈∈⊤∋≻⋈∈⊥∋⊙⊡⊣
⊢≻⋈∈⊤∋≻⋈∈⊤∋≻⋈∈⊥∋≻⋈∈⊥∋≻⋈∈⊥∋⊙⊡⊣
⊢≻⋈∈⊥∋≻⋈∈⊤∋≻⋈∈⊤∋≻⋈∈⊥∋≻⋈∈⊥∋≻⋈∈⊤∋≻⋈∈⊥∋≻⋈∈⊥∋⊙⊡⊣
⊢≻⋈∈⊤∋≻⋈∈⊤∋≻⋈∈⊤∋≻⋈∈⊤∋≻⋈∈⊥∋≻⋈∈⊥∋≻⋈∈⊤∋≻⋈∈⊤∋≻⋈∈⊥∋≻⋈∈⊥∋≻⋈∈⊤∋≻⋈∈⊥∋≻⋈∈⊥∋≻⋈∈⊥∋≻⋈∈⊥∋⊙⊡⊣
⊢≻⋈∈⊤∋≻⋈∈⊤∋≻⋈∈⊥∋≻⋈∈⊤∋≻⋈∈⊥∋≻⋈∈⊥∋≻⋈∈⊥∋≻⋈∈⊥∋⊙⊡⊣
⊢≻⋈∈⊥∋≻⋈∈⊥∋≻⋈∈⊤∋≻⋈∈⊤∋≻⋈∈⊤∋≻⋈∈⊤∋≻⋈∈⊥∋≻⋈∈⊥∋⊙⊡⊣
⊢≻⋈∈⊥∋≻⋈∈⊥∋≻⋈∈⊥∋≻⋈∈⊤∋≻⋈∈⊥∋≻⋈∈⊥∋≻⋈∈⊥∋≻⋈∈⊤∋≻⋈∈⊤∋≻⋈∈⊤∋≻⋈∈⊥∋⊙⊡⊣
⊢≻⋈∈⊥∋≻⋈∈⊤∋≻⋈∈⊥∋≻⋈∈⊥∋≻⋈∈⊤∋≻⋈∈⊤∋≻⋈∈⊥∋≻⋈∈⊥∋≻⋈∈⊤∋≻⋈∈⊥∋≻⋈∈⊥∋⊙⊡⊣
⊢≻⋈∈⊤∋≻⋈∈⊤∋≻⋈∈⊤∋≻⋈∈⊤∋≻⋈∈⊤∋≻⋈∈⊥∋≻⋈∈⊤∋≻⋈∈⊤∋≻⋈∈⊤∋≻⋈∈⊥∋≻⋈∈⊥∋≻⋈∈⊥∋≻⋈∈⊤∋≻⋈∈⊥∋⊙⊡⊣
⊢≻⋈∈⊤∋≻⋈∈⊤∋≻⋈∈⊥∋≻⋈∈⊥∋≻⋈∈⊥∋≻⋈∈⊥∋≻⋈∈⊥∋⊙⊡⊣
⊢≻⋈∈⊥∋≻⋈∈⊤∋≻⋈∈⊤∋≻⋈∈⊤∋≻⋈∈⊥∋≻⋈∈⊥∋≻⋈∈⊥∋≻⋈∈⊥∋⊙⊡⊣
⊢≻⋈∈⊤∋≻⋈∈⊥∋≻⋈∈⊥∋⊙⊡⊣
⊢≻⋈∈⊤∋≻⋈∈⊥∋≻⋈∈⊤∋≻⋈∈⊥∋≻⋈∈⊤∋≻⋈∈⊥∋⊙⊡⊣
⊢≻⋈∈⊤∋≻⋈∈⊥∋≻⋈∈⊤∋≻⋈∈⊥∋≻⋈∈⊥∋≻⋈∈⊤∋≻⋈∈⊥∋≻⋈∈⊥∋⊙⊡⊣
⊢≻⋈∈⊥∋≻⋈∈⊥∋≻⋈∈⊤∋≻⋈∈⊤∋≻⋈∈⊤∋≻⋈∈⊤∋≻⋈∈⊥∋≻⋈∈⊥∋≻⋈∈⊥∋≻⋈∈⊥∋≻⋈∈⊤∋≻⋈∈⊥∋≻⋈∈⊥∋≻⋈∈⊥∋≻⋈∈⊥∋⊙⊡⊣
⊢≻⋈∈⊥∋≻⋈∈⊤∋≻⋈∈⊥∋≻⋈∈⊤∋≻⋈∈⊥∋≻⋈∈⊥∋≻⋈∈⊥∋≻⋈∈⊥∋⊙⊡⊣
⊢≻⋈∈⊥∋≻⋈∈⊥∋≻⋈∈⊤∋≻⋈∈⊤∋≻⋈∈⊤∋≻⋈∈⊤∋≻⋈∈⊥∋≻⋈∈⊥∋⊙⊡⊣
⊢≻⋈∈⊥∋≻⋈∈⊥∋≻⋈∈⊥∋≻⋈∈⊤∋≻⋈∈⊥∋≻⋈∈⊥∋≻⋈∈⊥∋≻⋈∈⊤∋≻⋈∈⊤∋≻⋈∈⊤∋≻⋈∈⊥∋⊙⊡⊣
⊢≻⋈∈⊥∋≻⋈∈⊤∋≻⋈∈⊥∋≻⋈∈⊥∋≻⋈∈⊤∋≻⋈∈⊤∋≻⋈∈⊥∋≻⋈∈⊥∋≻⋈∈⊤∋≻⋈∈⊥∋≻⋈∈⊥∋⊙⊡⊣
⊢≻⋈∈⊤∋≻⋈∈⊤∋≻⋈∈⊤∋≻⋈∈⊤∋≻⋈∈⊥∋≻⋈∈⊤∋≻⋈∈⊥∋≻⋈∈⊤∋≻⋈∈⊤∋≻⋈∈⊥∋≻⋈∈⊥∋≻⋈∈⊥∋≻⋈∈⊤∋≻⋈∈⊥∋⊙⊡⊣
⊢≻⋈∈⊤∋≻⋈∈⊤∋≻⋈∈⊥∋≻⋈∈⊥∋≻⋈∈⊥∋≻⋈∈⊥∋≻⋈∈⊥∋⊙⊡⊣
⊢≻⋈∈⊤∋≻⋈∈⊤∋≻⋈∈⊥∋≻⋈∈⊤∋≻⋈∈⊥∋≻⋈∈⊥∋≻⋈∈⊥∋≻⋈∈⊥∋⊙⊡⊣
⊢≻⋈∈⊥∋≻⋈∈⊥∋≻⋈∈⊥∋⊙⊡⊣
⊢≻⋈∈⊥∋≻⋈∈⊤∋≻⋈∈⊤∋≻⋈∈⊥∋≻⋈∈⊤∋≻⋈∈⊥∋⊙⊡⊣
⊢≻⋈∈⊥∋≻⋈∈⊥∋≻⋈∈⊤∋≻⋈∈⊥∋≻⋈∈⊥∋≻⋈∈⊤∋≻⋈∈⊥∋≻⋈∈⊥∋⊙⊡⊣
⊢≻⋈∈⊤∋≻⋈∈⊥∋≻⋈∈⊥∋≻⋈∈⊤∋≻⋈∈⊥∋≻⋈∈⊤∋≻⋈∈⊥∋≻⋈∈⊤∋≻⋈∈⊤∋≻⋈∈⊤∋≻⋈∈⊥∋≻⋈∈⊥∋≻⋈∈⊥∋≻⋈∈⊥∋≻⋈∈⊥∋⊙⊡⊣
⊢≻⋈∈⊥∋≻⋈∈⊤∋≻⋈∈⊤∋≻⋈∈⊥∋≻⋈∈⊥∋≻⋈∈⊥∋≻⋈∈⊥∋≻⋈∈⊥∋⊙⊡⊣
⊢≻⋈∈⊥∋≻⋈∈⊥∋≻⋈∈⊥∋≻⋈∈⊤∋≻⋈∈⊤∋≻⋈∈⊤∋≻⋈∈⊥∋≻⋈∈⊥∋⊙⊡⊣
⊢≻⋈∈⊥∋≻⋈∈⊥∋≻⋈∈⊥∋≻⋈∈⊤∋≻⋈∈⊥∋≻⋈∈⊥∋≻⋈∈⊥∋≻⋈∈⊤∋≻⋈∈⊤∋≻⋈∈⊤∋≻⋈∈⊥∋⊙⊡⊣
⊢≻⋈∈⊥∋≻⋈∈⊤∋≻⋈∈⊥∋≻⋈∈⊥∋≻⋈∈⊤∋≻⋈∈⊤∋≻⋈∈⊥∋≻⋈∈⊥∋≻⋈∈⊤∋≻⋈∈⊥∋≻⋈∈⊥∋⊙⊡⊣
⊢≻⋈∈⊤∋≻⋈∈⊤∋≻⋈∈⊤∋≻⋈∈⊤∋≻⋈∈⊥∋≻⋈∈⊤∋≻⋈∈⊤∋≻⋈∈⊤∋≻⋈∈⊥∋≻⋈∈⊥∋≻⋈∈⊥∋≻⋈∈⊥∋≻⋈∈⊤∋≻⋈∈⊥∋⊙⊡⊣
⊢≻⋈∈⊤∋≻⋈∈⊤∋≻⋈∈⊥∋≻⋈∈⊥∋≻⋈∈⊥∋≻⋈∈⊥∋≻⋈∈⊥∋⊙⊡⊣
⊢≻⋈∈⊥∋≻⋈∈⊥∋≻⋈∈⊥∋≻⋈∈⊤∋≻⋈∈⊥∋≻⋈∈⊥∋≻⋈∈⊥∋≻⋈∈⊥∋⊙⊡⊣
⊢≻⋈∈⊤∋≻⋈∈⊤∋≻⋈∈⊤∋≻⋈∈⊥∋⊙⊡⊣
⊢≻⋈∈⊤∋≻⋈∈⊤∋≻⋈∈⊤∋≻⋈∈⊥∋≻⋈∈⊤∋≻⋈∈⊥∋⊙⊡⊣
⊢≻⋈∈⊤∋≻⋈∈⊤∋≻⋈∈⊥∋≻⋈∈⊥∋≻⋈∈⊥∋≻⋈∈⊤∋≻⋈∈⊥∋≻⋈∈⊥∋⊙⊡⊣
⊢≻⋈∈⊥∋≻⋈∈⊤∋≻⋈∈⊤∋≻⋈∈⊥∋≻⋈∈⊤∋≻⋈∈⊥∋≻⋈∈⊥∋≻⋈∈⊥∋≻⋈∈⊤∋≻⋈∈⊤∋≻⋈∈⊥∋≻⋈∈⊥∋≻⋈∈⊥∋≻⋈∈⊥∋≻⋈∈⊥∋⊙⊡⊣
⊢≻⋈∈⊥∋≻⋈∈⊤∋≻⋈∈⊥∋≻⋈∈⊥∋≻⋈∈⊥∋≻⋈∈⊥∋≻⋈∈⊥∋≻⋈∈⊥∋⊙⊡⊣
⊢≻⋈∈⊤∋≻⋈∈⊤∋≻⋈∈⊥∋≻⋈∈⊥∋≻⋈∈⊤∋≻⋈∈⊤∋≻⋈∈⊥∋≻⋈∈⊥∋⊙⊡⊣
⊢≻⋈∈⊥∋≻⋈∈⊥∋≻⋈∈⊥∋≻⋈∈⊤∋≻⋈∈⊥∋≻⋈∈⊥∋≻⋈∈⊥∋≻⋈∈⊤∋≻⋈∈⊤∋≻⋈∈⊤∋≻⋈∈⊥∋⊙⊡⊣
⊢≻⋈∈⊥∋≻⋈∈⊤∋≻⋈∈⊥∋≻⋈∈⊥∋≻⋈∈⊤∋≻⋈∈⊤∋≻⋈∈⊥∋≻⋈∈⊥∋≻⋈∈⊤∋≻⋈∈⊥∋≻⋈∈⊥∋⊙⊡⊣
⊢≻⋈∈⊤∋≻⋈∈⊤∋≻⋈∈⊤∋≻⋈∈⊤∋≻⋈∈⊥∋≻⋈∈⊤∋≻⋈∈⊥∋≻⋈∈⊥∋≻⋈∈⊥∋≻⋈∈⊥∋≻⋈∈⊥∋≻⋈∈⊥∋≻⋈∈⊤∋≻⋈∈⊥∋⊙⊡⊣
⊢≻⋈∈⊤∋≻⋈∈⊤∋≻⋈∈⊥∋≻⋈∈⊥∋≻⋈∈⊥∋≻⋈∈⊥∋≻⋈∈⊥∋⊙⊡⊣
⊢≻⋈∈⊤∋≻⋈∈⊤∋≻⋈∈⊤∋≻⋈∈⊥∋≻⋈∈⊥∋≻⋈∈⊥∋≻⋈∈⊥∋≻⋈∈⊥∋⊙⊡⊣
⊢≻⋈∈⊤∋≻⋈∈⊥∋≻⋈∈⊤∋≻⋈∈⊤∋≻⋈∈⊥∋⊙⊡⊣
⊢≻⋈∈⊤∋≻⋈∈⊥∋≻⋈∈⊥∋≻⋈∈⊥∋≻⋈∈⊥∋⊙⊡⊣
⊢≻⋈∈⊥∋≻⋈∈⊤∋≻⋈∈⊥∋≻⋈∈⊥∋≻⋈∈⊥∋≻⋈∈⊤∋≻⋈∈⊥∋≻⋈∈⊥∋⊙⊡⊣
⊢≻⋈∈⊥∋≻⋈∈⊤∋≻⋈∈⊤∋≻⋈∈⊥∋≻⋈∈⊥∋≻⋈∈⊥∋≻⋈∈⊥∋≻⋈∈⊤∋≻⋈∈⊥∋≻⋈∈⊤∋≻⋈∈⊥∋≻⋈∈⊥∋≻⋈∈⊥∋≻⋈∈⊥∋≻⋈∈⊥∋⊙⊡⊣
⊢≻⋈∈⊥∋≻⋈∈⊥∋≻⋈∈⊥∋≻⋈∈⊥∋≻⋈∈⊥∋≻⋈∈⊥∋≻⋈∈⊥∋≻⋈∈⊥∋⊙⊡⊣
⊢≻⋈∈⊤∋≻⋈∈⊤∋≻⋈∈⊥∋≻⋈∈⊥∋≻⋈∈⊤∋≻⋈∈⊤∋≻⋈∈⊥∋≻⋈∈⊥∋⊙⊡⊣
⊢≻⋈∈⊥∋≻⋈∈⊥∋≻⋈∈⊥∋≻⋈∈⊤∋≻⋈∈⊥∋≻⋈∈⊥∋≻⋈∈⊥∋≻⋈∈⊤∋≻⋈∈⊤∋≻⋈∈⊤∋≻⋈∈⊥∋⊙⊡⊣
⊢≻⋈∈⊥∋≻⋈∈⊤∋≻⋈∈⊥∋≻⋈∈⊥∋≻⋈∈⊤∋≻⋈∈⊤∋≻⋈∈⊥∋≻⋈∈⊥∋≻⋈∈⊤∋≻⋈∈⊥∋≻⋈∈⊥∋⊙⊡⊣
⊢≻⋈∈⊤∋≻⋈∈⊤∋≻⋈∈⊤∋≻⋈∈⊤∋≻⋈∈⊥∋≻⋈∈⊥∋≻⋈∈⊤∋≻⋈∈⊤∋≻⋈∈⊤∋≻⋈∈⊤∋≻⋈∈⊤∋≻⋈∈⊤∋≻⋈∈⊥∋≻⋈∈⊥∋⊙⊡⊣
⊢≻⋈∈⊤∋≻⋈∈⊤∋≻⋈∈⊥∋≻⋈∈⊥∋≻⋈∈⊥∋≻⋈∈⊥∋≻⋈∈⊥∋⊙⊡⊣
⊢≻⋈∈⊤∋≻⋈∈⊤∋≻⋈∈⊤∋≻⋈∈⊥∋≻⋈∈⊥∋≻⋈∈⊥∋≻⋈∈⊥∋≻⋈∈⊥∋⊙⊡⊣
⊢≻⋈∈⊤∋≻⋈∈⊥∋≻⋈∈⊤∋≻⋈∈⊤∋≻⋈∈⊥∋⊙⊡⊣
⊢≻⋈∈⊤∋≻⋈∈⊥∋≻⋈∈⊥∋≻⋈∈⊥∋≻⋈∈⊥∋⊙⊡⊣
⊢≻⋈∈⊥∋≻⋈∈⊤∋≻⋈∈⊥∋≻⋈∈⊥∋≻⋈∈⊥∋≻⋈∈⊤∋≻⋈∈⊥∋≻⋈∈⊥∋⊙⊡⊣
⊢≻⋈∈⊥∋≻⋈∈⊤∋≻⋈∈⊤∋≻⋈∈⊥∋≻⋈∈⊥∋≻⋈∈⊥∋≻⋈∈⊥∋≻⋈∈⊤∋≻⋈∈⊥∋≻⋈∈⊤∋≻⋈∈⊥∋≻⋈∈⊥∋≻⋈∈⊥∋≻⋈∈⊥∋≻⋈∈⊥∋⊙⊡⊣
⊢≻⋈∈⊤∋≻⋈∈⊤∋≻⋈∈⊤∋≻⋈∈⊤∋≻⋈∈⊤∋≻⋈∈⊤∋≻⋈∈⊤∋≻⋈∈⊤∋≻⋈∈⊥∋⊙⊡⊣
⊢≻⋈∈⊤∋≻⋈∈⊥∋≻⋈∈⊥∋≻⋈∈⊥∋≻⋈∈⊤∋≻⋈∈⊤∋≻⋈∈⊥∋≻⋈∈⊥∋⊙⊡⊣
⊢≻⋈∈⊥∋≻⋈∈⊥∋≻⋈∈⊥∋≻⋈∈⊤∋≻⋈∈⊥∋≻⋈∈⊥∋≻⋈∈⊥∋≻⋈∈⊤∋≻⋈∈⊤∋≻⋈∈⊤∋≻⋈∈⊥∋⊙⊡⊣
⊢≻⋈∈⊥∋≻⋈∈⊤∋≻⋈∈⊥∋≻⋈∈⊥∋≻⋈∈⊤∋≻⋈∈⊤∋≻⋈∈⊥∋≻⋈∈⊥∋≻⋈∈⊤∋≻⋈∈⊥∋≻⋈∈⊥∋⊙⊡⊣
⊢≻⋈∈⊤∋≻⋈∈⊤∋≻⋈∈⊤∋≻⋈∈⊤∋≻⋈∈⊤∋≻⋈∈⊥∋≻⋈∈⊥∋≻⋈∈⊤∋≻⋈∈⊤∋≻⋈∈⊤∋≻⋈∈⊤∋≻⋈∈⊤∋≻⋈∈⊥∋≻⋈∈⊥∋⊙⊡⊣
⊢≻⋈∈⊤∋≻⋈∈⊤∋≻⋈∈⊥∋≻⋈∈⊥∋≻⋈∈⊥∋≻⋈∈⊥∋≻⋈∈⊥∋⊙⊡⊣
⊢≻⋈∈⊥∋≻⋈∈⊤∋≻⋈∈⊤∋≻⋈∈⊥∋≻⋈∈⊥∋≻⋈∈⊥∋≻⋈∈⊥∋≻⋈∈⊥∋⊙⊡⊣
⊢≻⋈∈⊤∋≻⋈∈⊥∋≻⋈∈⊤∋≻⋈∈⊤∋≻⋈∈⊥∋⊙⊡⊣
⊢≻⋈∈⊥∋≻⋈∈⊥∋≻⋈∈⊥∋≻⋈∈⊥∋≻⋈∈⊥∋⊙⊡⊣
⊢≻⋈∈⊤∋≻⋈∈⊥∋≻⋈∈⊥∋≻⋈∈⊥∋≻⋈∈⊥∋≻⋈∈⊤∋≻⋈∈⊥∋≻⋈∈⊥∋⊙⊡⊣
⊢≻⋈∈⊥∋≻⋈∈⊤∋≻⋈∈⊤∋≻⋈∈⊥∋≻⋈∈⊤∋≻⋈∈⊤∋≻⋈∈⊤∋≻⋈∈⊤∋≻⋈∈⊤∋≻⋈∈⊥∋≻⋈∈⊥∋≻⋈∈⊥∋≻⋈∈⊥∋≻⋈∈⊥∋≻⋈∈⊥∋⊙⊡⊣
⊢≻⋈∈⊤∋≻⋈∈⊤∋≻⋈∈⊤∋≻⋈∈⊤∋≻⋈∈⊤∋≻⋈∈⊤∋≻⋈∈⊤∋≻⋈∈⊤∋≻⋈∈⊥∋⊙⊡⊣
⊢≻⋈∈⊤∋≻⋈∈⊥∋≻⋈∈⊥∋≻⋈∈⊥∋≻⋈∈⊤∋≻⋈∈⊤∋≻⋈∈⊥∋≻⋈∈⊥∋⊙⊡⊣
⊢≻⋈∈⊥∋≻⋈∈⊥∋≻⋈∈⊥∋≻⋈∈⊤∋≻⋈∈⊥∋≻⋈∈⊥∋≻⋈∈⊥∋≻⋈∈⊤∋≻⋈∈⊤∋≻⋈∈⊤∋≻⋈∈⊥∋⊙⊡⊣
⊢≻⋈∈⊥∋≻⋈∈⊤∋≻⋈∈⊥∋≻⋈∈⊥∋≻⋈∈⊤∋≻⋈∈⊤∋≻⋈∈⊥∋≻⋈∈⊥∋≻⋈∈⊤∋≻⋈∈⊥∋≻⋈∈⊥∋⊙⊡⊣
⊢≻⋈∈⊤∋≻⋈∈⊤∋≻⋈∈⊤∋≻⋈∈⊤∋≻⋈∈⊤∋≻⋈∈⊥∋≻⋈∈⊥∋≻⋈∈⊤∋≻⋈∈⊤∋≻⋈∈⊤∋≻⋈∈⊤∋≻⋈∈⊤∋≻⋈∈⊥∋≻⋈∈⊥∋⊙⊡⊣
⊢≻⋈∈⊤∋≻⋈∈⊤∋≻⋈∈⊥∋≻⋈∈⊥∋≻⋈∈⊥∋≻⋈∈⊥∋≻⋈∈⊥∋⊙⊡⊣
⊢≻⋈∈⊤∋≻⋈∈⊥∋≻⋈∈⊤∋≻⋈∈⊥∋≻⋈∈⊥∋≻⋈∈⊥∋≻⋈∈⊥∋≻⋈∈⊥∋⊙⊡⊣
⊢≻⋈∈⊥∋≻⋈∈⊤∋≻⋈∈⊤∋≻⋈∈⊥∋⊙⊡⊣
⊢≻⋈∈⊥∋≻⋈∈⊥∋≻⋈∈⊥∋≻⋈∈⊤∋≻⋈∈⊤∋≻⋈∈⊥∋⊙⊡⊣
⊢≻⋈∈⊥∋≻⋈∈⊥∋≻⋈∈⊥∋≻⋈∈⊥∋≻⋈∈⊥∋≻⋈∈⊤∋≻⋈∈⊥∋≻⋈∈⊥∋⊙⊡⊣
⊢≻⋈∈⊤∋≻⋈∈⊤∋≻⋈∈⊥∋≻⋈∈⊥∋≻⋈∈⊥∋≻⋈∈⊤∋≻⋈∈⊤∋≻⋈∈⊥∋≻⋈∈⊤∋≻⋈∈⊥∋≻⋈∈⊥∋≻⋈∈⊥∋≻⋈∈⊥∋≻⋈∈⊥∋≻⋈∈⊥∋⊙⊡⊣
⊢≻⋈∈⊥∋≻⋈∈⊤∋≻⋈∈⊤∋≻⋈∈⊤∋≻⋈∈⊤∋≻⋈∈⊤∋≻⋈∈⊤∋≻⋈∈⊤∋≻⋈∈⊥∋⊙⊡⊣
⊢≻⋈∈⊥∋≻⋈∈⊤∋≻⋈∈⊤∋≻⋈∈⊤∋≻⋈∈⊥∋≻⋈∈⊤∋≻⋈∈⊥∋≻⋈∈⊥∋⊙⊡⊣
⊢≻⋈∈⊥∋≻⋈∈⊥∋≻⋈∈⊥∋≻⋈∈⊤∋≻⋈∈⊥∋≻⋈∈⊥∋≻⋈∈⊥∋≻⋈∈⊤∋≻⋈∈⊤∋≻⋈∈⊤∋≻⋈∈⊥∋⊙⊡⊣
⊢≻⋈∈⊥∋≻⋈∈⊤∋≻⋈∈⊥∋≻⋈∈⊥∋≻⋈∈⊤∋≻⋈∈⊤∋≻⋈∈⊥∋≻⋈∈⊥∋≻⋈∈⊤∋≻⋈∈⊥∋≻⋈∈⊥∋⊙⊡⊣
⊢≻⋈∈⊤∋≻⋈∈⊤∋≻⋈∈⊤∋≻⋈∈⊤∋≻⋈∈⊥∋≻⋈∈⊤∋≻⋈∈⊤∋≻⋈∈⊥∋≻⋈∈⊤∋≻⋈∈⊤∋≻⋈∈⊤∋≻⋈∈⊤∋≻⋈∈⊥∋≻⋈∈⊥∋⊙⊡⊣
⊢≻⋈∈⊤∋≻⋈∈⊤∋≻⋈∈⊥∋≻⋈∈⊥∋≻⋈∈⊥∋≻⋈∈⊥∋≻⋈∈⊥∋⊙⊡⊣
⊢≻⋈∈⊥∋≻⋈∈⊤∋≻⋈∈⊥∋≻⋈∈⊥∋≻⋈∈⊥∋≻⋈∈⊥∋≻⋈∈⊥∋≻⋈∈⊥∋⊙⊡⊣
⊢≻⋈∈⊤∋≻⋈∈⊥∋≻⋈∈⊤∋≻⋈∈⊥∋⊙⊡⊣
⊢≻⋈∈⊤∋≻⋈∈⊥∋≻⋈∈⊥∋≻⋈∈⊤∋≻⋈∈⊤∋≻⋈∈⊥∋⊙⊡⊣
⊢≻⋈∈⊤∋≻⋈∈⊤∋≻⋈∈⊤∋≻⋈∈⊤∋≻⋈∈⊤∋≻⋈∈⊥∋≻⋈∈⊥∋≻⋈∈⊥∋⊙⊡⊣
⊢≻⋈∈⊥∋≻⋈∈⊥∋≻⋈∈⊥∋≻⋈∈⊥∋≻⋈∈⊤∋≻⋈∈⊥∋≻⋈∈⊤∋≻⋈∈⊤∋≻⋈∈⊥∋≻⋈∈⊥∋≻⋈∈⊥∋≻⋈∈⊥∋≻⋈∈⊥∋≻⋈∈⊥∋≻⋈∈⊥∋⊙⊡⊣
⊢≻⋈∈⊥∋≻⋈∈⊤∋≻⋈∈⊥∋≻⋈∈⊤∋≻⋈∈⊤∋≻⋈∈⊤∋≻⋈∈⊤∋≻⋈∈⊤∋≻⋈∈⊥∋⊙⊡⊣
⊢≻⋈∈⊤∋≻⋈∈⊥∋≻⋈∈⊤∋≻⋈∈⊤∋≻⋈∈⊥∋≻⋈∈⊤∋≻⋈∈⊥∋≻⋈∈⊥∋⊙⊡⊣
⊢≻⋈∈⊥∋≻⋈∈⊥∋≻⋈∈⊥∋≻⋈∈⊤∋≻⋈∈⊥∋≻⋈∈⊥∋≻⋈∈⊥∋≻⋈∈⊤∋≻⋈∈⊤∋≻⋈∈⊤∋≻⋈∈⊥∋⊙⊡⊣
⊢≻⋈∈⊥∋≻⋈∈⊤∋≻⋈∈⊥∋≻⋈∈⊥∋≻⋈∈⊤∋≻⋈∈⊤∋≻⋈∈⊥∋≻⋈∈⊥∋≻⋈∈⊤∋≻⋈∈⊥∋≻⋈∈⊥∋⊙⊡⊣
⊢≻⋈∈⊤∋≻⋈∈⊤∋≻⋈∈⊤∋≻⋈∈⊤∋≻⋈∈⊥∋≻⋈∈⊤∋≻⋈∈⊥∋≻⋈∈⊤∋≻⋈∈⊥∋≻⋈∈⊤∋≻⋈∈⊤∋≻⋈∈⊤∋≻⋈∈⊥∋≻⋈∈⊥∋⊙⊡⊣
⊢≻⋈∈⊤∋≻⋈∈⊤∋≻⋈∈⊥∋≻⋈∈⊥∋≻⋈∈⊥∋≻⋈∈⊥∋≻⋈∈⊥∋⊙⊡⊣
⊢≻⋈∈⊤∋≻⋈∈⊤∋≻⋈∈⊤∋≻⋈∈⊤∋≻⋈∈⊤∋≻⋈∈⊤∋≻⋈∈⊤∋≻⋈∈⊤∋≻⋈∈⊥∋⊙⊡⊣
⊢≻⋈∈⊤∋≻⋈∈⊤∋≻⋈∈⊤∋≻⋈∈⊤∋≻⋈∈⊥∋⊙⊡⊣
⊢≻⋈∈⊥∋≻⋈∈⊤∋≻⋈∈⊤∋≻⋈∈⊤∋≻⋈∈⊤∋≻⋈∈⊥∋⊙⊡⊣
⊢≻⋈∈⊥∋≻⋈∈⊤∋≻⋈∈⊤∋≻⋈∈⊤∋≻⋈∈⊤∋≻⋈∈⊥∋≻⋈∈⊥∋≻⋈∈⊥∋⊙⊡⊣
⊢≻⋈∈⊤∋≻⋈∈⊥∋≻⋈∈⊤∋≻⋈∈⊤∋≻⋈∈⊤∋≻⋈∈⊤∋≻⋈∈⊥∋≻⋈∈⊥∋≻⋈∈⊥∋≻⋈∈⊥∋≻⋈∈⊥∋≻⋈∈⊥∋≻⋈∈⊥∋≻⋈∈⊥∋≻⋈∈⊥∋⊙⊡⊣
⊢≻⋈∈⊤∋≻⋈∈⊤∋≻⋈∈⊤∋≻⋈∈⊥∋≻⋈∈⊤∋≻⋈∈⊤∋≻⋈∈⊤∋≻⋈∈⊤∋≻⋈∈⊥∋⊙⊡⊣
⊢≻⋈∈⊥∋≻⋈∈⊥∋≻⋈∈⊥∋≻⋈∈⊤∋≻⋈∈⊥∋≻⋈∈⊤∋≻⋈∈⊥∋≻⋈∈⊥∋⊙⊡⊣
⊢≻⋈∈⊥∋≻⋈∈⊥∋≻⋈∈⊥∋≻⋈∈⊤∋≻⋈∈⊥∋≻⋈∈⊥∋≻⋈∈⊥∋≻⋈∈⊤∋≻⋈∈⊤∋≻⋈∈⊤∋≻⋈∈⊥∋⊙⊡⊣
⊢≻⋈∈⊥∋≻⋈∈⊤∋≻⋈∈⊥∋≻⋈∈⊥∋≻⋈∈⊤∋≻⋈∈⊤∋≻⋈∈⊥∋≻⋈∈⊥∋≻⋈∈⊤∋≻⋈∈⊥∋≻⋈∈⊥∋⊙⊡⊣
⊢≻⋈∈⊤∋≻⋈∈⊤∋≻⋈∈⊤∋≻⋈∈⊤∋≻⋈∈⊤∋≻⋈∈⊥∋≻⋈∈⊥∋≻⋈∈⊥∋≻⋈∈⊥∋≻⋈∈⊤∋≻⋈∈⊤∋≻⋈∈⊤∋≻⋈∈⊥∋≻⋈∈⊥∋⊙⊡⊣
⊢≻⋈∈⊤∋≻⋈∈⊤∋≻⋈∈⊥∋≻⋈∈⊥∋≻⋈∈⊥∋≻⋈∈⊥∋≻⋈∈⊥∋⊙⊡⊣
⊢≻⋈∈⊥∋≻⋈∈⊤∋≻⋈∈⊤∋≻⋈∈⊤∋≻⋈∈⊤∋≻⋈∈⊤∋≻⋈∈⊤∋≻⋈∈⊤∋≻⋈∈⊥∋⊙⊡⊣
⊢≻⋈∈⊥∋≻⋈∈⊥∋≻⋈∈⊤∋≻⋈∈⊥∋⊙⊡⊣
⊢≻⋈∈⊥∋≻⋈∈⊤∋≻⋈∈⊥∋≻⋈∈⊤∋≻⋈∈⊤∋≻⋈∈⊥∋⊙⊡⊣
⊢≻⋈∈⊤∋≻⋈∈⊥∋≻⋈∈⊤∋≻⋈∈⊤∋≻⋈∈⊤∋≻⋈∈⊥∋≻⋈∈⊥∋≻⋈∈⊥∋⊙⊡⊣
⊢≻⋈∈⊥∋≻⋈∈⊤∋≻⋈∈⊥∋≻⋈∈⊤∋≻⋈∈⊥∋≻⋈∈⊤∋≻⋈∈⊥∋≻⋈∈⊤∋≻⋈∈⊤∋≻⋈∈⊤∋≻⋈∈⊤∋≻⋈∈⊤∋≻⋈∈⊤∋≻⋈∈⊤∋≻⋈∈⊤∋≻⋈∈⊥∋⊙⊡⊣
⊢≻⋈∈⊥∋≻⋈∈⊤∋≻⋈∈⊤∋≻⋈∈⊥∋≻⋈∈⊤∋≻⋈∈⊤∋≻⋈∈⊤∋≻⋈∈⊤∋≻⋈∈⊥∋⊙⊡⊣
⊢≻⋈∈⊥∋≻⋈∈⊥∋≻⋈∈⊥∋≻⋈∈⊤∋≻⋈∈⊥∋≻⋈∈⊤∋≻⋈∈⊥∋≻⋈∈⊥∋⊙⊡⊣
⊢≻⋈∈⊥∋≻⋈∈⊥∋≻⋈∈⊥∋≻⋈∈⊤∋≻⋈∈⊥∋≻⋈∈⊥∋≻⋈∈⊥∋≻⋈∈⊤∋≻⋈∈⊤∋≻⋈∈⊤∋≻⋈∈⊥∋⊙⊡⊣
⊢≻⋈∈⊥∋≻⋈∈⊤∋≻⋈∈⊥∋≻⋈∈⊥∋≻⋈∈⊤∋≻⋈∈⊤∋≻⋈∈⊥∋≻⋈∈⊥∋≻⋈∈⊤∋≻⋈∈⊥∋≻⋈∈⊥∋⊙⊡⊣
⊢≻⋈∈⊤∋≻⋈∈⊤∋≻⋈∈⊤∋≻⋈∈⊤∋≻⋈∈⊥∋≻⋈∈⊤∋≻⋈∈⊤∋≻⋈∈⊤∋≻⋈∈⊤∋≻⋈∈⊥∋≻⋈∈⊤∋≻⋈∈⊤∋≻⋈∈⊥∋≻⋈∈⊥∋⊙⊡⊣
⊢≻⋈∈⊤∋≻⋈∈⊤∋≻⋈∈⊥∋≻⋈∈⊥∋≻⋈∈⊥∋≻⋈∈⊥∋≻⋈∈⊥∋⊙⊡⊣
⊢≻⋈∈⊤∋≻⋈∈⊥∋≻⋈∈⊤∋≻⋈∈⊤∋≻⋈∈⊤∋≻⋈∈⊤∋≻⋈∈⊤∋≻⋈∈⊤∋≻⋈∈⊥∋⊙⊡⊣
⊢≻⋈∈⊥∋≻⋈∈⊥∋≻⋈∈⊤∋≻⋈∈⊥∋⊙⊡⊣
⊢≻⋈∈⊤∋≻⋈∈⊥∋≻⋈∈⊥∋≻⋈∈⊤∋≻⋈∈⊤∋≻⋈∈⊥∋⊙⊡⊣
⊢≻⋈∈⊥∋≻⋈∈⊥∋≻⋈∈⊤∋≻⋈∈⊤∋≻⋈∈⊤∋≻⋈∈⊥∋≻⋈∈⊥∋≻⋈∈⊥∋⊙⊡⊣
⊢≻⋈∈⊥∋≻⋈∈⊤∋≻⋈∈⊥∋≻⋈∈⊤∋≻⋈∈⊤∋≻⋈∈⊥∋≻⋈∈⊥∋≻⋈∈⊥∋≻⋈∈⊤∋≻⋈∈⊤∋≻⋈∈⊤∋≻⋈∈⊤∋≻⋈∈⊤∋≻⋈∈⊤∋≻⋈∈⊤∋≻⋈∈⊥∋⊙⊡⊣
⊢≻⋈∈⊤∋≻⋈∈⊥∋≻⋈∈⊤∋≻⋈∈⊥∋≻⋈∈⊤∋≻⋈∈⊤∋≻⋈∈⊤∋≻⋈∈⊤∋≻⋈∈⊥∋⊙⊡⊣
⊢≻⋈∈⊤∋≻⋈∈⊤∋≻⋈∈⊤∋≻⋈∈⊥∋≻⋈∈⊥∋≻⋈∈⊤∋≻⋈∈⊥∋≻⋈∈⊥∋⊙⊡⊣
⊢≻⋈∈⊥∋≻⋈∈⊥∋≻⋈∈⊥∋≻⋈∈⊤∋≻⋈∈⊥∋≻⋈∈⊥∋≻⋈∈⊥∋≻⋈∈⊤∋≻⋈∈⊤∋≻⋈∈⊤∋≻⋈∈⊥∋⊙⊡⊣
⊢≻⋈∈⊥∋≻⋈∈⊤∋≻⋈∈⊥∋≻⋈∈⊥∋≻⋈∈⊤∋≻⋈∈⊤∋≻⋈∈⊥∋≻⋈∈⊥∋≻⋈∈⊤∋≻⋈∈⊥∋≻⋈∈⊥∋⊙⊡⊣
⊢≻⋈∈⊤∋≻⋈∈⊤∋≻⋈∈⊤∋≻⋈∈⊤∋≻⋈∈⊤∋≻⋈∈⊤∋≻⋈∈⊥∋≻⋈∈⊤∋≻⋈∈⊤∋≻⋈∈⊥∋≻⋈∈⊤∋≻⋈∈⊤∋≻⋈∈⊥∋≻⋈∈⊥∋⊙⊡⊣
⊢≻⋈∈⊤∋≻⋈∈⊤∋≻⋈∈⊥∋≻⋈∈⊥∋≻⋈∈⊥∋≻⋈∈⊥∋≻⋈∈⊥∋⊙⊡⊣
⊢≻⋈∈⊥∋≻⋈∈⊥∋≻⋈∈⊤∋≻⋈∈⊤∋≻⋈∈⊤∋≻⋈∈⊤∋≻⋈∈⊤∋≻⋈∈⊤∋≻⋈∈⊥∋⊙⊡⊣
⊢≻⋈∈⊥∋≻⋈∈⊥∋≻⋈∈⊥∋≻⋈∈⊥∋⊙⊡⊣
⊢≻⋈∈⊥∋≻⋈∈⊤∋≻⋈∈⊤∋≻⋈∈⊤∋≻⋈∈⊤∋≻⋈∈⊥∋⊙⊡⊣
⊢≻⋈∈⊤∋≻⋈∈⊤∋≻⋈∈⊥∋≻⋈∈⊤∋≻⋈∈⊤∋≻⋈∈⊥∋≻⋈∈⊥∋≻⋈∈⊥∋⊙⊡⊣
⊢≻⋈∈⊤∋≻⋈∈⊤∋≻⋈∈⊤∋≻⋈∈⊥∋≻⋈∈⊥∋≻⋈∈⊥∋≻⋈∈⊥∋≻⋈∈⊤∋≻⋈∈⊥∋≻⋈∈⊤∋≻⋈∈⊤∋≻⋈∈⊤∋≻⋈∈⊤∋≻⋈∈⊤∋≻⋈∈⊤∋≻⋈∈⊥∋⊙⊡⊣
⊢≻⋈∈⊥∋≻⋈∈⊥∋≻⋈∈⊤∋≻⋈∈⊥∋≻⋈∈⊤∋≻⋈∈⊤∋≻⋈∈⊤∋≻⋈∈⊤∋≻⋈∈⊥∋⊙⊡⊣
⊢≻⋈∈⊤∋≻⋈∈⊥∋≻⋈∈⊤∋≻⋈∈⊥∋≻⋈∈⊥∋≻⋈∈⊤∋≻⋈∈⊥∋≻⋈∈⊥∋⊙⊡⊣
⊢≻⋈∈⊥∋≻⋈∈⊥∋≻⋈∈⊥∋≻⋈∈⊤∋≻⋈∈⊥∋≻⋈∈⊥∋≻⋈∈⊥∋≻⋈∈⊤∋≻⋈∈⊤∋≻⋈∈⊤∋≻⋈∈⊥∋⊙⊡⊣
⊢≻⋈∈⊥∋≻⋈∈⊤∋≻⋈∈⊥∋≻⋈∈⊥∋≻⋈∈⊤∋≻⋈∈⊤∋≻⋈∈⊥∋≻⋈∈⊥∋≻⋈∈⊤∋≻⋈∈⊥∋≻⋈∈⊥∋⊙⊡⊣
⊢≻⋈∈⊤∋≻⋈∈⊤∋≻⋈∈⊤∋≻⋈∈⊤∋≻⋈∈⊥∋≻⋈∈⊥∋≻⋈∈⊥∋≻⋈∈⊤∋≻⋈∈⊤∋≻⋈∈⊥∋≻⋈∈⊤∋≻⋈∈⊤∋≻⋈∈⊥∋≻⋈∈⊥∋⊙⊡⊣
⊢≻⋈∈⊤∋≻⋈∈⊤∋≻⋈∈⊥∋≻⋈∈⊥∋≻⋈∈⊥∋≻⋈∈⊥∋≻⋈∈⊥∋⊙⊡⊣
⊢≻⋈∈⊤∋≻⋈∈⊤∋≻⋈∈⊥∋≻⋈∈⊤∋≻⋈∈⊤∋≻⋈∈⊤∋≻⋈∈⊤∋≻⋈∈⊤∋≻⋈∈⊥∋⊙⊡⊣
⊢≻⋈∈⊥∋≻⋈∈⊥∋≻⋈∈⊥∋≻⋈∈⊥∋⊙⊡⊣
⊢≻⋈∈⊤∋≻⋈∈⊥∋≻⋈∈⊤∋≻⋈∈⊤∋≻⋈∈⊤∋≻⋈∈⊥∋⊙⊡⊣
⊢≻⋈∈⊥∋≻⋈∈⊤∋≻⋈∈⊥∋≻⋈∈⊤∋≻⋈∈⊤∋≻⋈∈⊥∋≻⋈∈⊥∋≻⋈∈⊥∋⊙⊡⊣
⊢≻⋈∈⊤∋≻⋈∈⊤∋≻⋈∈⊤∋≻⋈∈⊥∋≻⋈∈⊤∋≻⋈∈⊤∋≻⋈∈⊤∋≻⋈∈⊤∋≻⋈∈⊤∋≻⋈∈⊥∋≻⋈∈⊤∋≻⋈∈⊤∋≻⋈∈⊤∋≻⋈∈⊤∋≻⋈∈⊤∋≻⋈∈⊥∋⊙⊡⊣
⊢≻⋈∈⊤∋≻⋈∈⊤∋≻⋈∈⊥∋≻⋈∈⊥∋≻⋈∈⊤∋≻⋈∈⊤∋≻⋈∈⊤∋≻⋈∈⊤∋≻⋈∈⊥∋⊙⊡⊣
⊢≻⋈∈⊥∋≻⋈∈⊥∋≻⋈∈⊤∋≻⋈∈⊥∋≻⋈∈⊥∋≻⋈∈⊤∋≻⋈∈⊥∋≻⋈∈⊥∋⊙⊡⊣
⊢≻⋈∈⊥∋≻⋈∈⊥∋≻⋈∈⊥∋≻⋈∈⊤∋≻⋈∈⊥∋≻⋈∈⊥∋≻⋈∈⊥∋≻⋈∈⊤∋≻⋈∈⊤∋≻⋈∈⊤∋≻⋈∈⊥∋⊙⊡⊣
⊢≻⋈∈⊥∋≻⋈∈⊤∋≻⋈∈⊥∋≻⋈∈⊥∋≻⋈∈⊤∋≻⋈∈⊤∋≻⋈∈⊥∋≻⋈∈⊥∋≻⋈∈⊤∋≻⋈∈⊥∋≻⋈∈⊥∋⊙⊡⊣
⊢≻⋈∈⊤∋≻⋈∈⊤∋≻⋈∈⊤∋≻⋈∈⊤∋≻⋈∈⊤∋≻⋈∈⊥∋≻⋈∈⊤∋≻⋈∈⊥∋≻⋈∈⊤∋≻⋈∈⊥∋≻⋈∈⊤∋≻⋈∈⊤∋≻⋈∈⊥∋≻⋈∈⊥∋⊙⊡⊣
⊢≻⋈∈⊤∋≻⋈∈⊤∋≻⋈∈⊥∋≻⋈∈⊥∋≻⋈∈⊥∋≻⋈∈⊥∋≻⋈∈⊥∋⊙⊡⊣
⊢≻⋈∈⊥∋≻⋈∈⊤∋≻⋈∈⊥∋≻⋈∈⊤∋≻⋈∈⊤∋≻⋈∈⊤∋≻⋈∈⊤∋≻⋈∈⊤∋≻⋈∈⊥∋⊙⊡⊣
⊢≻⋈∈⊤∋≻⋈∈⊤∋≻⋈∈⊥∋≻⋈∈⊥∋⊙⊡⊣
⊢≻⋈∈⊤∋≻⋈∈⊤∋≻⋈∈⊥∋≻⋈∈⊤∋≻⋈∈⊤∋≻⋈∈⊥∋⊙⊡⊣
⊢≻⋈∈⊤∋≻⋈∈⊥∋≻⋈∈⊥∋≻⋈∈⊤∋≻⋈∈⊤∋≻⋈∈⊥∋≻⋈∈⊥∋≻⋈∈⊥∋⊙⊡⊣
⊢≻⋈∈⊥∋≻⋈∈⊥∋≻⋈∈⊤∋≻⋈∈⊥∋≻⋈∈⊥∋≻⋈∈⊤∋≻⋈∈⊤∋≻⋈∈⊥∋≻⋈∈⊤∋≻⋈∈⊥∋≻⋈∈⊤∋≻⋈∈⊤∋≻⋈∈⊤∋≻⋈∈⊤∋≻⋈∈⊤∋≻⋈∈⊥∋⊙⊡⊣
⊢≻⋈∈⊥∋≻⋈∈⊤∋≻⋈∈⊥∋≻⋈∈⊥∋≻⋈∈⊤∋≻⋈∈⊤∋≻⋈∈⊤∋≻⋈∈⊤∋≻⋈∈⊥∋⊙⊡⊣
⊢≻⋈∈⊤∋≻⋈∈⊤∋≻⋈∈⊥∋≻⋈∈⊥∋≻⋈∈⊥∋≻⋈∈⊤∋≻⋈∈⊥∋≻⋈∈⊥∋⊙⊡⊣
⊢≻⋈∈⊥∋≻⋈∈⊥∋≻⋈∈⊥∋≻⋈∈⊤∋≻⋈∈⊥∋≻⋈∈⊥∋≻⋈∈⊥∋≻⋈∈⊤∋≻⋈∈⊤∋≻⋈∈⊤∋≻⋈∈⊥∋⊙⊡⊣
⊢≻⋈∈⊥∋≻⋈∈⊤∋≻⋈∈⊥∋≻⋈∈⊥∋≻⋈∈⊤∋≻⋈∈⊤∋≻⋈∈⊥∋≻⋈∈⊥∋≻⋈∈⊤∋≻⋈∈⊥∋≻⋈∈⊥∋⊙⊡⊣
⊢≻⋈∈⊤∋≻⋈∈⊤∋≻⋈∈⊤∋≻⋈∈⊤∋≻⋈∈⊥∋≻⋈∈⊤∋≻⋈∈⊥∋≻⋈∈⊥∋≻⋈∈⊤∋≻⋈∈⊥∋≻⋈∈⊤∋≻⋈∈⊤∋≻⋈∈⊥∋≻⋈∈⊥∋⊙⊡⊣
⊢≻⋈∈⊤∋≻⋈∈⊤∋≻⋈∈⊥∋≻⋈∈⊥∋≻⋈∈⊥∋≻⋈∈⊥∋≻⋈∈⊥∋⊙⊡⊣
⊢≻⋈∈⊤∋≻⋈∈⊥∋≻⋈∈⊥∋≻⋈∈⊤∋≻⋈∈⊤∋≻⋈∈⊤∋≻⋈∈⊤∋≻⋈∈⊤∋≻⋈∈⊥∋⊙⊡⊣
⊢≻⋈∈⊤∋≻⋈∈⊤∋≻⋈∈⊥∋≻⋈∈⊥∋⊙⊡⊣
⊢≻⋈∈⊥∋≻⋈∈⊤∋≻⋈∈⊥∋≻⋈∈⊤∋≻⋈∈⊤∋≻⋈∈⊥∋⊙⊡⊣
⊢≻⋈∈⊥∋≻⋈∈⊥∋≻⋈∈⊥∋≻⋈∈⊤∋≻⋈∈⊤∋≻⋈∈⊥∋≻⋈∈⊥∋≻⋈∈⊥∋⊙⊡⊣
⊢≻⋈∈⊥∋≻⋈∈⊥∋≻⋈∈⊤∋≻⋈∈⊥∋≻⋈∈⊤∋≻⋈∈⊥∋≻⋈∈⊤∋≻⋈∈⊤∋≻⋈∈⊥∋≻⋈∈⊥∋≻⋈∈⊤∋≻⋈∈⊤∋≻⋈∈⊤∋≻⋈∈⊤∋≻⋈∈⊤∋≻⋈∈⊥∋⊙⊡⊣
⊢≻⋈∈⊤∋≻⋈∈⊥∋≻⋈∈⊥∋≻⋈∈⊥∋≻⋈∈⊤∋≻⋈∈⊤∋≻⋈∈⊤∋≻⋈∈⊤∋≻⋈∈⊥∋⊙⊡⊣
⊢≻⋈∈⊤∋≻⋈∈⊥∋≻⋈∈⊥∋≻⋈∈⊥∋≻⋈∈⊥∋≻⋈∈⊤∋≻⋈∈⊥∋≻⋈∈⊥∋⊙⊡⊣
⊢≻⋈∈⊥∋≻⋈∈⊥∋≻⋈∈⊥∋≻⋈∈⊤∋≻⋈∈⊥∋≻⋈∈⊥∋≻⋈∈⊥∋≻⋈∈⊤∋≻⋈∈⊤∋≻⋈∈⊤∋≻⋈∈⊥∋⊙⊡⊣
⊢≻⋈∈⊥∋≻⋈∈⊤∋≻⋈∈⊥∋≻⋈∈⊥∋≻⋈∈⊤∋≻⋈∈⊤∋≻⋈∈⊥∋≻⋈∈⊥∋≻⋈∈⊤∋≻⋈∈⊥∋≻⋈∈⊥∋⊙⊡⊣
⊢≻⋈∈⊤∋≻⋈∈⊤∋≻⋈∈⊤∋≻⋈∈⊤∋≻⋈∈⊤∋≻⋈∈⊤∋≻⋈∈⊤∋≻⋈∈⊤∋≻⋈∈⊥∋≻⋈∈⊥∋≻⋈∈⊤∋≻⋈∈⊤∋≻⋈∈⊥∋≻⋈∈⊥∋⊙⊡⊣
⊢≻⋈∈⊤∋≻⋈∈⊤∋≻⋈∈⊥∋≻⋈∈⊥∋≻⋈∈⊥∋≻⋈∈⊥∋≻⋈∈⊥∋⊙⊡⊣
⊢≻⋈∈⊥∋≻⋈∈⊤∋≻⋈∈⊤∋≻⋈∈⊥∋≻⋈∈⊤∋≻⋈∈⊤∋≻⋈∈⊤∋≻⋈∈⊤∋≻⋈∈⊥∋⊙⊡⊣
⊢≻⋈∈⊥∋≻⋈∈⊤∋≻⋈∈⊥∋≻⋈∈⊥∋⊙⊡⊣
⊢≻⋈∈⊥∋≻⋈∈⊥∋≻⋈∈⊤∋≻⋈∈⊤∋≻⋈∈⊤∋≻⋈∈⊥∋⊙⊡⊣
⊢≻⋈∈⊤∋≻⋈∈⊤∋≻⋈∈⊤∋≻⋈∈⊥∋≻⋈∈⊤∋≻⋈∈⊥∋≻⋈∈⊥∋≻⋈∈⊥∋⊙⊡⊣
⊢≻⋈∈⊥∋≻⋈∈⊥∋≻⋈∈⊤∋≻⋈∈⊥∋≻⋈∈⊥∋≻⋈∈⊥∋≻⋈∈⊤∋≻⋈∈⊥∋≻⋈∈⊥∋≻⋈∈⊥∋≻⋈∈⊤∋≻⋈∈⊤∋≻⋈∈⊤∋≻⋈∈⊤∋≻⋈∈⊤∋≻⋈∈⊥∋⊙⊡⊣
⊢≻⋈∈⊥∋≻⋈∈⊤∋≻⋈∈⊤∋≻⋈∈⊤∋≻⋈∈⊥∋≻⋈∈⊤∋≻⋈∈⊤∋≻⋈∈⊤∋≻⋈∈⊥∋⊙⊡⊣
⊢≻⋈∈⊤∋≻⋈∈⊥∋≻⋈∈⊥∋≻⋈∈⊥∋≻⋈∈⊥∋≻⋈∈⊤∋≻⋈∈⊥∋≻⋈∈⊥∋⊙⊡⊣
⊢≻⋈∈⊥∋≻⋈∈⊥∋≻⋈∈⊥∋≻⋈∈⊤∋≻⋈∈⊥∋≻⋈∈⊥∋≻⋈∈⊥∋≻⋈∈⊤∋≻⋈∈⊤∋≻⋈∈⊤∋≻⋈∈⊥∋⊙⊡⊣
⊢≻⋈∈⊥∋≻⋈∈⊤∋≻⋈∈⊥∋≻⋈∈⊥∋≻⋈∈⊤∋≻⋈∈⊤∋≻⋈∈⊥∋≻⋈∈⊥∋≻⋈∈⊤∋≻⋈∈⊥∋≻⋈∈⊥∋⊙⊡⊣
⊢≻⋈∈⊤∋≻⋈∈⊤∋≻⋈∈⊤∋≻⋈∈⊤∋≻⋈∈⊥∋≻⋈∈⊤∋≻⋈∈⊤∋≻⋈∈⊥∋≻⋈∈⊥∋≻⋈∈⊥∋≻⋈∈⊤∋≻⋈∈⊤∋≻⋈∈⊥∋≻⋈∈⊥∋⊙⊡⊣
⊢≻⋈∈⊤∋≻⋈∈⊤∋≻⋈∈⊥∋≻⋈∈⊥∋≻⋈∈⊥∋≻⋈∈⊥∋≻⋈∈⊥∋⊙⊡⊣
⊢≻⋈∈⊤∋≻⋈∈⊥∋≻⋈∈⊤∋≻⋈∈⊥∋≻⋈∈⊤∋≻⋈∈⊤∋≻⋈∈⊤∋≻⋈∈⊤∋≻⋈∈⊥∋⊙⊡⊣
⊢≻⋈∈⊥∋≻⋈∈⊤∋≻⋈∈⊥∋≻⋈∈⊥∋⊙⊡⊣
⊢≻⋈∈⊤∋≻⋈∈⊤∋≻⋈∈⊥∋≻⋈∈⊤∋≻⋈∈⊤∋≻⋈∈⊥∋⊙⊡⊣
⊢≻⋈∈⊥∋≻⋈∈⊤∋≻⋈∈⊤∋≻⋈∈⊥∋≻⋈∈⊤∋≻⋈∈⊥∋≻⋈∈⊥∋≻⋈∈⊥∋⊙⊡⊣
⊢≻⋈∈⊥∋≻⋈∈⊥∋≻⋈∈⊤∋≻⋈∈⊥∋≻⋈∈⊤∋≻⋈∈⊤∋≻⋈∈⊥∋≻⋈∈⊤∋≻⋈∈⊤∋≻⋈∈⊤∋≻⋈∈⊥∋≻⋈∈⊤∋≻⋈∈⊤∋≻⋈∈⊤∋≻⋈∈⊤∋≻⋈∈⊥∋⊙⊡⊣
⊢≻⋈∈⊤∋≻⋈∈⊥∋≻⋈∈⊤∋≻⋈∈⊤∋≻⋈∈⊥∋≻⋈∈⊤∋≻⋈∈⊤∋≻⋈∈⊤∋≻⋈∈⊥∋⊙⊡⊣
⊢≻⋈∈⊤∋≻⋈∈⊥∋≻⋈∈⊥∋≻⋈∈⊥∋≻⋈∈⊥∋≻⋈∈⊤∋≻⋈∈⊥∋≻⋈∈⊥∋⊙⊡⊣
⊢≻⋈∈⊥∋≻⋈∈⊥∋≻⋈∈⊥∋≻⋈∈⊤∋≻⋈∈⊥∋≻⋈∈⊥∋≻⋈∈⊥∋≻⋈∈⊤∋≻⋈∈⊤∋≻⋈∈⊤∋≻⋈∈⊥∋⊙⊡⊣
⊢≻⋈∈⊥∋≻⋈∈⊤∋≻⋈∈⊥∋≻⋈∈⊥∋≻⋈∈⊤∋≻⋈∈⊤∋≻⋈∈⊥∋≻⋈∈⊥∋≻⋈∈⊤∋≻⋈∈⊥∋≻⋈∈⊥∋⊙⊡⊣
⊢≻⋈∈⊤∋≻⋈∈⊤∋≻⋈∈⊤∋≻⋈∈⊤∋≻⋈∈⊤∋≻⋈∈⊤∋≻⋈∈⊥∋≻⋈∈⊥∋≻⋈∈⊥∋≻⋈∈⊥∋≻⋈∈⊤∋≻⋈∈⊤∋≻⋈∈⊥∋≻⋈∈⊥∋⊙⊡⊣
⊢≻⋈∈⊤∋≻⋈∈⊤∋≻⋈∈⊥∋≻⋈∈⊥∋≻⋈∈⊥∋≻⋈∈⊥∋≻⋈∈⊥∋⊙⊡⊣
⊢≻⋈∈⊥∋≻⋈∈⊤∋≻⋈∈⊥∋≻⋈∈⊥∋≻⋈∈⊤∋≻⋈∈⊤∋≻⋈∈⊤∋≻⋈∈⊤∋≻⋈∈⊥∋⊙⊡⊣
⊢≻⋈∈⊥∋≻⋈∈⊥∋≻⋈∈⊥∋≻⋈∈⊤∋≻⋈∈⊥∋⊙⊡⊣
⊢≻⋈∈⊥∋≻⋈∈⊤∋≻⋈∈⊤∋≻⋈∈⊥∋≻⋈∈⊥∋⊙⊡⊣
⊢≻⋈∈⊤∋≻⋈∈⊥∋≻⋈∈⊤∋≻⋈∈⊥∋≻⋈∈⊤∋≻⋈∈⊥∋≻⋈∈⊥∋≻⋈∈⊥∋⊙⊡⊣
⊢≻⋈∈⊥∋≻⋈∈⊥∋≻⋈∈⊤∋≻⋈∈⊥∋≻⋈∈⊥∋≻⋈∈⊤∋≻⋈∈⊥∋≻⋈∈⊥∋≻⋈∈⊤∋≻⋈∈⊤∋≻⋈∈⊥∋≻⋈∈⊤∋≻⋈∈⊤∋≻⋈∈⊤∋≻⋈∈⊤∋≻⋈∈⊥∋⊙⊡⊣
⊢≻⋈∈⊥∋≻⋈∈⊤∋≻⋈∈⊤∋≻⋈∈⊥∋≻⋈∈⊥∋≻⋈∈⊤∋≻⋈∈⊤∋≻⋈∈⊤∋≻⋈∈⊥∋⊙⊡⊣
⊢≻⋈∈⊤∋≻⋈∈⊤∋≻⋈∈⊤∋≻⋈∈⊥∋≻⋈∈⊤∋≻⋈∈⊥∋≻⋈∈⊥∋≻⋈∈⊥∋⊙⊡⊣
⊢≻⋈∈⊥∋≻⋈∈⊥∋≻⋈∈⊥∋≻⋈∈⊤∋≻⋈∈⊥∋≻⋈∈⊥∋≻⋈∈⊥∋≻⋈∈⊤∋≻⋈∈⊤∋≻⋈∈⊤∋≻⋈∈⊥∋⊙⊡⊣
⊢≻⋈∈⊥∋≻⋈∈⊤∋≻⋈∈⊥∋≻⋈∈⊥∋≻⋈∈⊤∋≻⋈∈⊤∋≻⋈∈⊥∋≻⋈∈⊥∋≻⋈∈⊤∋≻⋈∈⊥∋≻⋈∈⊥∋⊙⊡⊣
⊢≻⋈∈⊤∋≻⋈∈⊤∋≻⋈∈⊤∋≻⋈∈⊤∋≻⋈∈⊥∋≻⋈∈⊤∋≻⋈∈⊤∋≻⋈∈⊤∋≻⋈∈⊥∋≻⋈∈⊤∋≻⋈∈⊥∋≻⋈∈⊤∋≻⋈∈⊥∋≻⋈∈⊥∋⊙⊡⊣
⊢≻⋈∈⊤∋≻⋈∈⊤∋≻⋈∈⊥∋≻⋈∈⊥∋≻⋈∈⊥∋≻⋈∈⊥∋≻⋈∈⊥∋⊙⊡⊣
⊢≻⋈∈⊤∋≻⋈∈⊥∋≻⋈∈⊥∋≻⋈∈⊥∋≻⋈∈⊤∋≻⋈∈⊤∋≻⋈∈⊤∋≻⋈∈⊤∋≻⋈∈⊥∋⊙⊡⊣
⊢≻⋈∈⊥∋≻⋈∈⊥∋≻⋈∈⊥∋≻⋈∈⊤∋≻⋈∈⊥∋⊙⊡⊣
⊢≻⋈∈⊤∋≻⋈∈⊥∋≻⋈∈⊤∋≻⋈∈⊥∋≻⋈∈⊥∋⊙⊡⊣
⊢≻⋈∈⊥∋≻⋈∈⊥∋≻⋈∈⊤∋≻⋈∈⊥∋≻⋈∈⊤∋≻⋈∈⊥∋≻⋈∈⊥∋≻⋈∈⊥∋⊙⊡⊣
⊢≻⋈∈⊥∋≻⋈∈⊥∋≻⋈∈⊤∋≻⋈∈⊥∋≻⋈∈⊤∋≻⋈∈⊥∋≻⋈∈⊥∋≻⋈∈⊤∋≻⋈∈⊥∋≻⋈∈⊤∋≻⋈∈⊥∋≻⋈∈⊤∋≻⋈∈⊤∋≻⋈∈⊤∋≻⋈∈⊤∋≻⋈∈⊥∋⊙⊡⊣
⊢≻⋈∈⊤∋≻⋈∈⊥∋≻⋈∈⊤∋≻⋈∈⊥∋≻⋈∈⊥∋≻⋈∈⊤∋≻⋈∈⊤∋≻⋈∈⊤∋≻⋈∈⊥∋⊙⊡⊣
⊢≻⋈∈⊤∋≻⋈∈⊤∋≻⋈∈⊤∋≻⋈∈⊥∋≻⋈∈⊤∋≻⋈∈⊥∋≻⋈∈⊥∋≻⋈∈⊥∋⊙⊡⊣
⊢≻⋈∈⊥∋≻⋈∈⊥∋≻⋈∈⊥∋≻⋈∈⊤∋≻⋈∈⊥∋≻⋈∈⊥∋≻⋈∈⊥∋≻⋈∈⊤∋≻⋈∈⊤∋≻⋈∈⊤∋≻⋈∈⊥∋⊙⊡⊣
⊢≻⋈∈⊥∋≻⋈∈⊤∋≻⋈∈⊥∋≻⋈∈⊥∋≻⋈∈⊤∋≻⋈∈⊤∋≻⋈∈⊥∋≻⋈∈⊥∋≻⋈∈⊤∋≻⋈∈⊥∋≻⋈∈⊥∋⊙⊡⊣
⊢≻⋈∈⊤∋≻⋈∈⊤∋≻⋈∈⊤∋≻⋈∈⊤∋≻⋈∈⊤∋≻⋈∈⊤∋≻⋈∈⊥∋≻⋈∈⊤∋≻⋈∈⊥∋≻⋈∈⊤∋≻⋈∈⊥∋≻⋈∈⊤∋≻⋈∈⊥∋≻⋈∈⊥∋⊙⊡⊣
⊢≻⋈∈⊤∋≻⋈∈⊤∋≻⋈∈⊥∋≻⋈∈⊥∋≻⋈∈⊥∋≻⋈∈⊥∋≻⋈∈⊥∋⊙⊡⊣
⊢≻⋈∈⊥∋≻⋈∈⊥∋≻⋈∈⊥∋≻⋈∈⊥∋≻⋈∈⊤∋≻⋈∈⊤∋≻⋈∈⊤∋≻⋈∈⊤∋≻⋈∈⊥∋⊙⊡⊣
⊢≻⋈∈⊤∋≻⋈∈⊥∋≻⋈∈⊥∋≻⋈∈⊤∋≻⋈∈⊥∋⊙⊡⊣
⊢≻⋈∈⊤∋≻⋈∈⊥∋≻⋈∈⊤∋≻⋈∈⊥∋≻⋈∈⊥∋⊙⊡⊣
⊢≻⋈∈⊤∋≻⋈∈⊤∋≻⋈∈⊥∋≻⋈∈⊥∋≻⋈∈⊤∋≻⋈∈⊥∋≻⋈∈⊥∋≻⋈∈⊥∋⊙⊡⊣
⊢≻⋈∈⊤∋≻⋈∈⊥∋≻⋈∈⊥∋≻⋈∈⊥∋≻⋈∈⊥∋≻⋈∈⊥∋≻⋈∈⊥∋≻⋈∈⊥∋≻⋈∈⊥∋≻⋈∈⊤∋≻⋈∈⊥∋≻⋈∈⊤∋≻⋈∈⊤∋≻⋈∈⊤∋≻⋈∈⊤∋≻⋈∈⊥∋⊙⊡⊣
⊢≻⋈∈⊥∋≻⋈∈⊤∋≻⋈∈⊥∋≻⋈∈⊥∋≻⋈∈⊥∋≻⋈∈⊤∋≻⋈∈⊤∋≻⋈∈⊤∋≻⋈∈⊥∋⊙⊡⊣
⊢≻⋈∈⊥∋≻⋈∈⊤∋≻⋈∈⊥∋≻⋈∈⊥∋≻⋈∈⊤∋≻⋈∈⊥∋≻⋈∈⊥∋≻⋈∈⊥∋⊙⊡⊣
⊢≻⋈∈⊥∋≻⋈∈⊥∋≻⋈∈⊥∋≻⋈∈⊤∋≻⋈∈⊥∋≻⋈∈⊥∋≻⋈∈⊥∋≻⋈∈⊤∋≻⋈∈⊤∋≻⋈∈⊤∋≻⋈∈⊥∋⊙⊡⊣
⊢≻⋈∈⊥∋≻⋈∈⊤∋≻⋈∈⊥∋≻⋈∈⊥∋≻⋈∈⊤∋≻⋈∈⊤∋≻⋈∈⊥∋≻⋈∈⊥∋≻⋈∈⊤∋≻⋈∈⊥∋≻⋈∈⊥∋⊙⊡⊣
⊢≻⋈∈⊤∋≻⋈∈⊤∋≻⋈∈⊤∋≻⋈∈⊤∋≻⋈∈⊥∋≻⋈∈⊤∋≻⋈∈⊥∋≻⋈∈⊥∋≻⋈∈⊥∋≻⋈∈⊤∋≻⋈∈⊥∋≻⋈∈⊤∋≻⋈∈⊥∋≻⋈∈⊥∋⊙⊡⊣
⊢≻⋈∈⊤∋≻⋈∈⊤∋≻⋈∈⊥∋≻⋈∈⊥∋≻⋈∈⊥∋≻⋈∈⊥∋≻⋈∈⊥∋⊙⊡⊣
⊢≻⋈∈⊤∋≻⋈∈⊤∋≻⋈∈⊤∋≻⋈∈⊤∋≻⋈∈⊥∋≻⋈∈⊤∋≻⋈∈⊤∋≻⋈∈⊤∋≻⋈∈⊥∋⊙⊡⊣
⊢≻⋈∈⊤∋≻⋈∈⊥∋≻⋈∈⊥∋≻⋈∈⊤∋≻⋈∈⊥∋⊙⊡⊣
⊢≻⋈∈⊥∋≻⋈∈⊥∋≻⋈∈⊤∋≻⋈∈⊥∋≻⋈∈⊥∋⊙⊡⊣
⊢≻⋈∈⊥∋≻⋈∈⊤∋≻⋈∈⊥∋≻⋈∈⊥∋≻⋈∈⊤∋≻⋈∈⊥∋≻⋈∈⊥∋≻⋈∈⊥∋⊙⊡⊣
⊢≻⋈∈⊤∋≻⋈∈⊥∋≻⋈∈⊥∋≻⋈∈⊥∋≻⋈∈⊤∋≻⋈∈⊤∋≻⋈∈⊤∋≻⋈∈⊥∋≻⋈∈⊤∋≻⋈∈⊥∋≻⋈∈⊥∋≻⋈∈⊤∋≻⋈∈⊤∋≻⋈∈⊤∋≻⋈∈⊤∋≻⋈∈⊥∋⊙⊡⊣
⊢≻⋈∈⊤∋≻⋈∈⊥∋≻⋈∈⊥∋≻⋈∈⊥∋≻⋈∈⊥∋≻⋈∈⊤∋≻⋈∈⊤∋≻⋈∈⊤∋≻⋈∈⊥∋⊙⊡⊣
⊢≻⋈∈⊥∋≻⋈∈⊤∋≻⋈∈⊥∋≻⋈∈⊥∋≻⋈∈⊤∋≻⋈∈⊥∋≻⋈∈⊥∋≻⋈∈⊥∋⊙⊡⊣
⊢≻⋈∈⊥∋≻⋈∈⊥∋≻⋈∈⊥∋≻⋈∈⊤∋≻⋈∈⊥∋≻⋈∈⊥∋≻⋈∈⊥∋≻⋈∈⊤∋≻⋈∈⊤∋≻⋈∈⊤∋≻⋈∈⊥∋⊙⊡⊣
⊢≻⋈∈⊥∋≻⋈∈⊤∋≻⋈∈⊥∋≻⋈∈⊥∋≻⋈∈⊤∋≻⋈∈⊤∋≻⋈∈⊥∋≻⋈∈⊥∋≻⋈∈⊤∋≻⋈∈⊥∋≻⋈∈⊥∋⊙⊡⊣
⊢≻⋈∈⊤∋≻⋈∈⊤∋≻⋈∈⊤∋≻⋈∈⊤∋≻⋈∈⊤∋≻⋈∈⊤∋≻⋈∈⊤∋≻⋈∈⊤∋≻⋈∈⊤∋≻⋈∈⊥∋≻⋈∈⊥∋≻⋈∈⊤∋≻⋈∈⊥∋≻⋈∈⊥∋⊙⊡⊣
⊢≻⋈∈⊤∋≻⋈∈⊤∋≻⋈∈⊥∋≻⋈∈⊥∋≻⋈∈⊥∋≻⋈∈⊥∋≻⋈∈⊥∋⊙⊡⊣
⊢≻⋈∈⊥∋≻⋈∈⊤∋≻⋈∈⊤∋≻⋈∈⊤∋≻⋈∈⊥∋≻⋈∈⊤∋≻⋈∈⊤∋≻⋈∈⊤∋≻⋈∈⊥∋⊙⊡⊣
⊢≻⋈∈⊥∋≻⋈∈⊤∋≻⋈∈⊥∋≻⋈∈⊤∋≻⋈∈⊥∋⊙⊡⊣
⊢≻⋈∈⊥∋≻⋈∈⊥∋≻⋈∈⊤∋≻⋈∈⊥∋≻⋈∈⊥∋⊙⊡⊣
⊢≻⋈∈⊤∋≻⋈∈⊥∋≻⋈∈⊥∋≻⋈∈⊥∋≻⋈∈⊤∋≻⋈∈⊥∋≻⋈∈⊥∋≻⋈∈⊥∋⊙⊡⊣
⊢≻⋈∈⊥∋≻⋈∈⊤∋≻⋈∈⊤∋≻⋈∈⊤∋≻⋈∈⊤∋≻⋈∈⊥∋≻⋈∈⊤∋≻⋈∈⊤∋≻⋈∈⊥∋≻⋈∈⊥∋≻⋈∈⊥∋≻⋈∈⊤∋≻⋈∈⊤∋≻⋈∈⊤∋≻⋈∈⊤∋≻⋈∈⊥∋⊙⊡⊣
⊢≻⋈∈⊥∋≻⋈∈⊤∋≻⋈∈⊤∋≻⋈∈⊤∋≻⋈∈⊤∋≻⋈∈⊥∋≻⋈∈⊤∋≻⋈∈⊤∋≻⋈∈⊥∋⊙⊡⊣
⊢≻⋈∈⊤∋≻⋈∈⊤∋≻⋈∈⊤∋≻⋈∈⊤∋≻⋈∈⊥∋≻⋈∈⊥∋≻⋈∈⊥∋≻⋈∈⊥∋⊙⊡⊣
⊢≻⋈∈⊥∋≻⋈∈⊥∋≻⋈∈⊥∋≻⋈∈⊤∋≻⋈∈⊥∋≻⋈∈⊥∋≻⋈∈⊥∋≻⋈∈⊤∋≻⋈∈⊤∋≻⋈∈⊤∋≻⋈∈⊥∋⊙⊡⊣
⊢≻⋈∈⊥∋≻⋈∈⊤∋≻⋈∈⊥∋≻⋈∈⊥∋≻⋈∈⊤∋≻⋈∈⊤∋≻⋈∈⊥∋≻⋈∈⊥∋≻⋈∈⊤∋≻⋈∈⊥∋≻⋈∈⊥∋⊙⊡⊣
⊢≻⋈∈⊤∋≻⋈∈⊤∋≻⋈∈⊤∋≻⋈∈⊤∋≻⋈∈⊥∋≻⋈∈⊤∋≻⋈∈⊤∋≻⋈∈⊥∋≻⋈∈⊤∋≻⋈∈⊥∋≻⋈∈⊥∋≻⋈∈⊤∋≻⋈∈⊥∋≻⋈∈⊥∋⊙⊡⊣
⊢≻⋈∈⊤∋≻⋈∈⊤∋≻⋈∈⊥∋≻⋈∈⊥∋≻⋈∈⊥∋≻⋈∈⊥∋≻⋈∈⊥∋⊙⊡⊣
⊢≻⋈∈⊤∋≻⋈∈⊥∋≻⋈∈⊤∋≻⋈∈⊤∋≻⋈∈⊥∋≻⋈∈⊤∋≻⋈∈⊤∋≻⋈∈⊤∋≻⋈∈⊥∋⊙⊡⊣
⊢≻⋈∈⊥∋≻⋈∈⊤∋≻⋈∈⊥∋≻⋈∈⊤∋≻⋈∈⊥∋⊙⊡⊣
⊢≻⋈∈⊤∋≻⋈∈⊤∋≻⋈∈⊥∋≻⋈∈⊥∋≻⋈∈⊥∋⊙⊡⊣
⊢≻⋈∈⊥∋≻⋈∈⊥∋≻⋈∈⊥∋≻⋈∈⊥∋≻⋈∈⊤∋≻⋈∈⊥∋≻⋈∈⊥∋≻⋈∈⊥∋⊙⊡⊣
⊢≻⋈∈⊥∋≻⋈∈⊤∋≻⋈∈⊤∋≻⋈∈⊤∋≻⋈∈⊥∋≻⋈∈⊥∋≻⋈∈⊤∋≻⋈∈⊥∋≻⋈∈⊥∋≻⋈∈⊥∋≻⋈∈⊥∋≻⋈∈⊤∋≻⋈∈⊤∋≻⋈∈⊤∋≻⋈∈⊤∋≻⋈∈⊥∋⊙⊡⊣
⊢≻⋈∈⊤∋≻⋈∈⊥∋≻⋈∈⊤∋≻⋈∈⊤∋≻⋈∈⊤∋≻⋈∈⊥∋≻⋈∈⊤∋≻⋈∈⊤∋≻⋈∈⊥∋⊙⊡⊣
⊢≻⋈∈⊤∋≻⋈∈⊤∋≻⋈∈⊤∋≻⋈∈⊤∋≻⋈∈⊥∋≻⋈∈⊥∋≻⋈∈⊥∋≻⋈∈⊥∋⊙⊡⊣
⊢≻⋈∈⊥∋≻⋈∈⊥∋≻⋈∈⊥∋≻⋈∈⊤∋≻⋈∈⊥∋≻⋈∈⊥∋≻⋈∈⊥∋≻⋈∈⊤∋≻⋈∈⊤∋≻⋈∈⊤∋≻⋈∈⊥∋⊙⊡⊣
⊢≻⋈∈⊥∋≻⋈∈⊤∋≻⋈∈⊥∋≻⋈∈⊥∋≻⋈∈⊤∋≻⋈∈⊤∋≻⋈∈⊥∋≻⋈∈⊥∋≻⋈∈⊤∋≻⋈∈⊥∋≻⋈∈⊥∋⊙⊡⊣
⊢≻⋈∈⊤∋≻⋈∈⊤∋≻⋈∈⊤∋≻⋈∈⊤∋≻⋈∈⊤∋≻⋈∈⊤∋≻⋈∈⊥∋≻⋈∈⊥∋≻⋈∈⊤∋≻⋈∈⊥∋≻⋈∈⊥∋≻⋈∈⊤∋≻⋈∈⊥∋≻⋈∈⊥∋⊙⊡⊣
⊢≻⋈∈⊤∋≻⋈∈⊤∋≻⋈∈⊥∋≻⋈∈⊥∋≻⋈∈⊥∋≻⋈∈⊥∋≻⋈∈⊥∋⊙⊡⊣
⊢≻⋈∈⊥∋≻⋈∈⊥∋≻⋈∈⊤∋≻⋈∈⊤∋≻⋈∈⊥∋≻⋈∈⊤∋≻⋈∈⊤∋≻⋈∈⊤∋≻⋈∈⊥∋⊙⊡⊣
⊢≻⋈∈⊤∋≻⋈∈⊤∋≻⋈∈⊥∋≻⋈∈⊤∋≻⋈∈⊥∋⊙⊡⊣
⊢≻⋈∈⊤∋≻⋈∈⊤∋≻⋈∈⊥∋≻⋈∈⊥∋≻⋈∈⊥∋⊙⊡⊣
⊢≻⋈∈⊤∋≻⋈∈⊤∋≻⋈∈⊤∋≻⋈∈⊤∋≻⋈∈⊥∋≻⋈∈⊥∋≻⋈∈⊥∋≻⋈∈⊥∋⊙⊡⊣
⊢≻⋈∈⊤∋≻⋈∈⊤∋≻⋈∈⊥∋≻⋈∈⊤∋≻⋈∈⊤∋≻⋈∈⊤∋≻⋈∈⊥∋≻⋈∈⊤∋≻⋈∈⊤∋≻⋈∈⊤∋≻⋈∈⊤∋≻⋈∈⊥∋≻⋈∈⊤∋≻⋈∈⊤∋≻⋈∈⊤∋≻⋈∈⊥∋⊙⊡⊣
⊢≻⋈∈⊥∋≻⋈∈⊤∋≻⋈∈⊥∋≻⋈∈⊤∋≻⋈∈⊤∋≻⋈∈⊥∋≻⋈∈⊤∋≻⋈∈⊤∋≻⋈∈⊥∋⊙⊡⊣
⊢≻⋈∈⊥∋≻⋈∈⊤∋≻⋈∈⊥∋≻⋈∈⊤∋≻⋈∈⊥∋≻⋈∈⊥∋≻⋈∈⊥∋≻⋈∈⊥∋⊙⊡⊣
⊢≻⋈∈⊥∋≻⋈∈⊥∋≻⋈∈⊥∋≻⋈∈⊤∋≻⋈∈⊥∋≻⋈∈⊥∋≻⋈∈⊥∋≻⋈∈⊤∋≻⋈∈⊤∋≻⋈∈⊤∋≻⋈∈⊥∋⊙⊡⊣
⊢≻⋈∈⊥∋≻⋈∈⊤∋≻⋈∈⊥∋≻⋈∈⊥∋≻⋈∈⊤∋≻⋈∈⊤∋≻⋈∈⊥∋≻⋈∈⊥∋≻⋈∈⊤∋≻⋈∈⊥∋≻⋈∈⊥∋⊙⊡⊣
⊢≻⋈∈⊤∋≻⋈∈⊤∋≻⋈∈⊤∋≻⋈∈⊤∋≻⋈∈⊥∋≻⋈∈⊤∋≻⋈∈⊥∋≻⋈∈⊤∋≻⋈∈⊥∋≻⋈∈⊥∋≻⋈∈⊥∋≻⋈∈⊤∋≻⋈∈⊥∋≻⋈∈⊥∋⊙⊡⊣
⊢≻⋈∈⊤∋≻⋈∈⊤∋≻⋈∈⊥∋≻⋈∈⊥∋≻⋈∈⊥∋≻⋈∈⊥∋≻⋈∈⊥∋⊙⊡⊣
⊢≻⋈∈⊤∋≻⋈∈⊤∋≻⋈∈⊥∋≻⋈∈⊤∋≻⋈∈⊥∋≻⋈∈⊤∋≻⋈∈⊤∋≻⋈∈⊤∋≻⋈∈⊥∋⊙⊡⊣
⊢≻⋈∈⊤∋≻⋈∈⊤∋≻⋈∈⊥∋≻⋈∈⊤∋≻⋈∈⊥∋⊙⊡⊣
⊢≻⋈∈⊥∋≻⋈∈⊤∋≻⋈∈⊥∋≻⋈∈⊥∋≻⋈∈⊥∋⊙⊡⊣
⊢≻⋈∈⊥∋≻⋈∈⊤∋≻⋈∈⊤∋≻⋈∈⊤∋≻⋈∈⊥∋≻⋈∈⊥∋≻⋈∈⊥∋≻⋈∈⊥∋⊙⊡⊣
⊢≻⋈∈⊤∋≻⋈∈⊤∋≻⋈∈⊥∋≻⋈∈⊤∋≻⋈∈⊥∋≻⋈∈⊤∋≻⋈∈⊥∋≻⋈∈⊥∋≻⋈∈⊤∋≻⋈∈⊤∋≻⋈∈⊤∋≻⋈∈⊥∋≻⋈∈⊤∋≻⋈∈⊤∋≻⋈∈⊤∋≻⋈∈⊥∋⊙⊡⊣
⊢≻⋈∈⊤∋≻⋈∈⊥∋≻⋈∈⊥∋≻⋈∈⊤∋≻⋈∈⊤∋≻⋈∈⊥∋≻⋈∈⊤∋≻⋈∈⊤∋≻⋈∈⊥∋⊙⊡⊣
⊢≻⋈∈⊥∋≻⋈∈⊥∋≻⋈∈⊥∋≻⋈∈⊤∋≻⋈∈⊥∋≻⋈∈⊥∋≻⋈∈⊥∋≻⋈∈⊥∋⊙⊡⊣
⊢≻⋈∈⊥∋≻⋈∈⊥∋≻⋈∈⊥∋≻⋈∈⊤∋≻⋈∈⊥∋≻⋈∈⊥∋≻⋈∈⊥∋≻⋈∈⊤∋≻⋈∈⊤∋≻⋈∈⊤∋≻⋈∈⊥∋⊙⊡⊣
⊢≻⋈∈⊥∋≻⋈∈⊤∋≻⋈∈⊥∋≻⋈∈⊥∋≻⋈∈⊤∋≻⋈∈⊤∋≻⋈∈⊥∋≻⋈∈⊥∋≻⋈∈⊤∋≻⋈∈⊥∋≻⋈∈⊥∋⊙⊡⊣
⊢≻⋈∈⊤∋≻⋈∈⊤∋≻⋈∈⊤∋≻⋈∈⊤∋≻⋈∈⊤∋≻⋈∈⊤∋≻⋈∈⊤∋≻⋈∈⊥∋≻⋈∈⊥∋≻⋈∈⊥∋≻⋈∈⊥∋≻⋈∈⊤∋≻⋈∈⊥∋≻⋈∈⊥∋⊙⊡⊣
⊢≻⋈∈⊤∋≻⋈∈⊤∋≻⋈∈⊥∋≻⋈∈⊥∋≻⋈∈⊥∋≻⋈∈⊥∋≻⋈∈⊥∋⊙⊡⊣
⊢≻⋈∈⊥∋≻⋈∈⊤∋≻⋈∈⊥∋≻⋈∈⊤∋≻⋈∈⊥∋≻⋈∈⊤∋≻⋈∈⊤∋≻⋈∈⊤∋≻⋈∈⊥∋⊙⊡⊣
⊢≻⋈∈⊥∋≻⋈∈⊥∋≻⋈∈⊥∋⊙⊡⊣
⊢≻⋈∈⊥∋≻⋈∈⊤∋≻⋈∈⊤∋≻⋈∈⊥∋≻⋈∈⊤∋≻⋈∈⊥∋⊙⊡⊣
⊢≻⋈∈⊤∋≻⋈∈⊥∋≻⋈∈⊤∋≻⋈∈⊤∋≻⋈∈⊥∋≻⋈∈⊥∋≻⋈∈⊥∋≻⋈∈⊥∋⊙⊡⊣
⊢≻⋈∈⊥∋≻⋈∈⊥∋≻⋈∈⊥∋≻⋈∈⊤∋≻⋈∈⊤∋≻⋈∈⊥∋≻⋈∈⊥∋≻⋈∈⊤∋≻⋈∈⊥∋≻⋈∈⊤∋≻⋈∈⊤∋≻⋈∈⊥∋≻⋈∈⊤∋≻⋈∈⊤∋≻⋈∈⊤∋≻⋈∈⊥∋⊙⊡⊣
⊢≻⋈∈⊥∋≻⋈∈⊥∋≻⋈∈⊥∋≻⋈∈⊤∋≻⋈∈⊤∋≻⋈∈⊥∋≻⋈∈⊤∋≻⋈∈⊤∋≻⋈∈⊥∋⊙⊡⊣
⊢≻⋈∈⊥∋≻⋈∈⊥∋≻⋈∈⊥∋≻⋈∈⊤∋≻⋈∈⊥∋≻⋈∈⊥∋≻⋈∈⊥∋≻⋈∈⊥∋⊙⊡⊣
⊢≻⋈∈⊥∋≻⋈∈⊥∋≻⋈∈⊥∋≻⋈∈⊤∋≻⋈∈⊥∋≻⋈∈⊥∋≻⋈∈⊥∋≻⋈∈⊤∋≻⋈∈⊤∋≻⋈∈⊤∋≻⋈∈⊥∋⊙⊡⊣
⊢≻⋈∈⊥∋≻⋈∈⊤∋≻⋈∈⊥∋≻⋈∈⊥∋≻⋈∈⊤∋≻⋈∈⊤∋≻⋈∈⊥∋≻⋈∈⊥∋≻⋈∈⊤∋≻⋈∈⊥∋≻⋈∈⊥∋⊙⊡⊣
⊢≻⋈∈⊤∋≻⋈∈⊤∋≻⋈∈⊤∋≻⋈∈⊤∋≻⋈∈⊥∋≻⋈∈⊥∋≻⋈∈⊤∋≻⋈∈⊥∋≻⋈∈⊥∋≻⋈∈⊥∋≻⋈∈⊥∋≻⋈∈⊤∋≻⋈∈⊥∋≻⋈∈⊥∋⊙⊡⊣
⊢≻⋈∈⊤∋≻⋈∈⊤∋≻⋈∈⊥∋≻⋈∈⊥∋≻⋈∈⊥∋≻⋈∈⊥∋≻⋈∈⊥∋⊙⊡⊣
⊢≻⋈∈⊤∋≻⋈∈⊤∋≻⋈∈⊤∋≻⋈∈⊥∋≻⋈∈⊥∋≻⋈∈⊤∋≻⋈∈⊤∋≻⋈∈⊤∋≻⋈∈⊥∋⊙⊡⊣
⊢≻⋈∈⊤∋≻⋈∈⊤∋≻⋈∈⊤∋≻⋈∈⊥∋⊙⊡⊣
⊢≻⋈∈⊤∋≻⋈∈⊤∋≻⋈∈⊤∋≻⋈∈⊥∋≻⋈∈⊤∋≻⋈∈⊥∋⊙⊡⊣
⊢≻⋈∈⊥∋≻⋈∈⊥∋≻⋈∈⊤∋≻⋈∈⊤∋≻⋈∈⊥∋≻⋈∈⊥∋≻⋈∈⊥∋≻⋈∈⊥∋⊙⊡⊣
⊢≻⋈∈⊤∋≻⋈∈⊥∋≻⋈∈⊤∋≻⋈∈⊥∋≻⋈∈⊥∋≻⋈∈⊥∋≻⋈∈⊥∋≻⋈∈⊥∋≻⋈∈⊥∋≻⋈∈⊤∋≻⋈∈⊤∋≻⋈∈⊥∋≻⋈∈⊤∋≻⋈∈⊤∋≻⋈∈⊤∋≻⋈∈⊥∋⊙⊡⊣
⊢≻⋈∈⊥∋≻⋈∈⊥∋≻⋈∈⊤∋≻⋈∈⊥∋≻⋈∈⊤∋≻⋈∈⊥∋≻⋈∈⊤∋≻⋈∈⊤∋≻⋈∈⊥∋⊙⊡⊣
⊢≻⋈∈⊥∋≻⋈∈⊥∋≻⋈∈⊥∋≻⋈∈⊤∋≻⋈∈⊥∋≻⋈∈⊥∋≻⋈∈⊥∋≻⋈∈⊥∋⊙⊡⊣
⊢≻⋈∈⊥∋≻⋈∈⊥∋≻⋈∈⊥∋≻⋈∈⊤∋≻⋈∈⊥∋≻⋈∈⊥∋≻⋈∈⊥∋≻⋈∈⊤∋≻⋈∈⊤∋≻⋈∈⊤∋≻⋈∈⊥∋⊙⊡⊣
⊢≻⋈∈⊥∋≻⋈∈⊤∋≻⋈∈⊥∋≻⋈∈⊥∋≻⋈∈⊤∋≻⋈∈⊤∋≻⋈∈⊥∋≻⋈∈⊥∋≻⋈∈⊤∋≻⋈∈⊥∋≻⋈∈⊥∋⊙⊡⊣
⊢≻⋈∈⊤∋≻⋈∈⊤∋≻⋈∈⊤∋≻⋈∈⊤∋≻⋈∈⊥∋≻⋈∈⊥∋≻⋈∈⊥∋≻⋈∈⊤∋≻⋈∈⊤∋≻⋈∈⊤∋≻⋈∈⊤∋≻⋈∈⊥∋≻⋈∈⊥∋≻⋈∈⊥∋⊙⊡⊣
⊢≻⋈∈⊤∋≻⋈∈⊤∋≻⋈∈⊥∋≻⋈∈⊥∋≻⋈∈⊥∋≻⋈∈⊥∋≻⋈∈⊥∋⊙⊡⊣
⊢≻⋈∈⊥∋≻⋈∈⊥∋≻⋈∈⊤∋≻⋈∈⊥∋≻⋈∈⊥∋≻⋈∈⊤∋≻⋈∈⊤∋≻⋈∈⊤∋≻⋈∈⊥∋⊙⊡⊣
⊢≻⋈∈⊥∋≻⋈∈⊤∋≻⋈∈⊤∋≻⋈∈⊥∋⊙⊡⊣
⊢≻⋈∈⊥∋≻⋈∈⊥∋≻⋈∈⊥∋≻⋈∈⊤∋≻⋈∈⊤∋≻⋈∈⊥∋⊙⊡⊣
⊢≻⋈∈⊤∋≻⋈∈⊤∋≻⋈∈⊥∋≻⋈∈⊤∋≻⋈∈⊥∋≻⋈∈⊥∋≻⋈∈⊥∋≻⋈∈⊥∋⊙⊡⊣
⊢≻⋈∈⊥∋≻⋈∈⊤∋≻⋈∈⊥∋≻⋈∈⊥∋≻⋈∈⊤∋≻⋈∈⊤∋≻⋈∈⊤∋≻⋈∈⊥∋≻⋈∈⊤∋≻⋈∈⊥∋≻⋈∈⊤∋≻⋈∈⊥∋≻⋈∈⊤∋≻⋈∈⊤∋≻⋈∈⊤∋≻⋈∈⊥∋⊙⊡⊣
⊢≻⋈∈⊥∋≻⋈∈⊥∋≻⋈∈⊥∋≻⋈∈⊥∋≻⋈∈⊤∋≻⋈∈⊥∋≻⋈∈⊤∋≻⋈∈⊤∋≻⋈∈⊥∋⊙⊡⊣
⊢≻⋈∈⊤∋≻⋈∈⊤∋≻⋈∈⊤∋≻⋈∈⊥∋≻⋈∈⊥∋≻⋈∈⊥∋≻⋈∈⊥∋≻⋈∈⊥∋⊙⊡⊣
⊢≻⋈∈⊥∋≻⋈∈⊥∋≻⋈∈⊥∋≻⋈∈⊤∋≻⋈∈⊥∋≻⋈∈⊥∋≻⋈∈⊥∋≻⋈∈⊤∋≻⋈∈⊤∋≻⋈∈⊤∋≻⋈∈⊥∋⊙⊡⊣
⊢≻⋈∈⊥∋≻⋈∈⊤∋≻⋈∈⊥∋≻⋈∈⊥∋≻⋈∈⊤∋≻⋈∈⊤∋≻⋈∈⊥∋≻⋈∈⊥∋≻⋈∈⊤∋≻⋈∈⊥∋≻⋈∈⊥∋⊙⊡⊣
⊢≻⋈∈⊤∋≻⋈∈⊤∋≻⋈∈⊤∋≻⋈∈⊤∋≻⋈∈⊥∋≻⋈∈⊥∋≻⋈∈⊤∋≻⋈∈⊤∋≻⋈∈⊥∋≻⋈∈⊤∋≻⋈∈⊤∋≻⋈∈⊥∋≻⋈∈⊥∋≻⋈∈⊥∋⊙⊡⊣
⊢≻⋈∈⊤∋≻⋈∈⊤∋≻⋈∈⊥∋≻⋈∈⊥∋≻⋈∈⊥∋≻⋈∈⊥∋≻⋈∈⊥∋⊙⊡⊣
⊢≻⋈∈⊤∋≻⋈∈⊤∋≻⋈∈⊥∋≻⋈∈⊥∋≻⋈∈⊥∋≻⋈∈⊤∋≻⋈∈⊤∋≻⋈∈⊤∋≻⋈∈⊥∋⊙⊡⊣
⊢≻⋈∈⊥∋≻⋈∈⊤∋≻⋈∈⊤∋≻⋈∈⊤∋≻⋈∈⊥∋⊙⊡⊣
⊢≻⋈∈⊥∋≻⋈∈⊥∋≻⋈∈⊥∋≻⋈∈⊥∋≻⋈∈⊥∋⊙⊡⊣
⊢≻⋈∈⊥∋≻⋈∈⊤∋≻⋈∈⊥∋≻⋈∈⊤∋≻⋈∈⊥∋≻⋈∈⊥∋≻⋈∈⊥∋≻⋈∈⊥∋⊙⊡⊣
⊢≻⋈∈⊥∋≻⋈∈⊤∋≻⋈∈⊥∋≻⋈∈⊥∋≻⋈∈⊥∋≻⋈∈⊤∋≻⋈∈⊤∋≻⋈∈⊤∋≻⋈∈⊥∋≻⋈∈⊥∋≻⋈∈⊤∋≻⋈∈⊥∋≻⋈∈⊤∋≻⋈∈⊤∋≻⋈∈⊤∋≻⋈∈⊥∋⊙⊡⊣
⊢≻⋈∈⊥∋≻⋈∈⊤∋≻⋈∈⊤∋≻⋈∈⊤∋≻⋈∈⊥∋≻⋈∈⊥∋≻⋈∈⊤∋≻⋈∈⊤∋≻⋈∈⊥∋⊙⊡⊣
⊢≻⋈∈⊤∋≻⋈∈⊥∋≻⋈∈⊤∋≻⋈∈⊥∋≻⋈∈⊥∋≻⋈∈⊥∋≻⋈∈⊥∋≻⋈∈⊥∋⊙⊡⊣
⊢≻⋈∈⊥∋≻⋈∈⊥∋≻⋈∈⊥∋≻⋈∈⊤∋≻⋈∈⊥∋≻⋈∈⊥∋≻⋈∈⊥∋≻⋈∈⊤∋≻⋈∈⊤∋≻⋈∈⊤∋≻⋈∈⊥∋⊙⊡⊣
⊢≻⋈∈⊥∋≻⋈∈⊤∋≻⋈∈⊥∋≻⋈∈⊥∋≻⋈∈⊤∋≻⋈∈⊤∋≻⋈∈⊥∋≻⋈∈⊥∋≻⋈∈⊤∋≻⋈∈⊥∋≻⋈∈⊥∋⊙⊡⊣
⊢≻⋈∈⊤∋≻⋈∈⊤∋≻⋈∈⊤∋≻⋈∈⊤∋≻⋈∈⊥∋≻⋈∈⊤∋≻⋈∈⊤∋≻⋈∈⊥∋≻⋈∈⊥∋≻⋈∈⊤∋≻⋈∈⊤∋≻⋈∈⊥∋≻⋈∈⊥∋≻⋈∈⊥∋⊙⊡⊣
⊢≻⋈∈⊤∋≻⋈∈⊤∋≻⋈∈⊥∋≻⋈∈⊥∋≻⋈∈⊥∋≻⋈∈⊥∋≻⋈∈⊥∋⊙⊡⊣
⊢≻⋈∈⊥∋≻⋈∈⊤∋≻⋈∈⊥∋≻⋈∈⊥∋≻⋈∈⊥∋≻⋈∈⊤∋≻⋈∈⊤∋≻⋈∈⊤∋≻⋈∈⊥∋⊙⊡⊣
⊢≻⋈∈⊥∋≻⋈∈⊤∋≻⋈∈⊤∋≻⋈∈⊤∋≻⋈∈⊥∋⊙⊡⊣
⊢≻⋈∈⊤∋≻⋈∈⊤∋≻⋈∈⊤∋≻⋈∈⊤∋≻⋈∈⊤∋≻⋈∈⊥∋⊙⊡⊣
⊢≻⋈∈⊤∋≻⋈∈⊥∋≻⋈∈⊥∋≻⋈∈⊤∋≻⋈∈⊥∋≻⋈∈⊥∋≻⋈∈⊥∋≻⋈∈⊥∋⊙⊡⊣
⊢≻⋈∈⊥∋≻⋈∈⊤∋≻⋈∈⊥∋≻⋈∈⊥∋≻⋈∈⊤∋≻⋈∈⊥∋≻⋈∈⊤∋≻⋈∈⊥∋≻⋈∈⊥∋≻⋈∈⊥∋≻⋈∈⊤∋≻⋈∈⊥∋≻⋈∈⊤∋≻⋈∈⊤∋≻⋈∈⊤∋≻⋈∈⊥∋⊙⊡⊣
⊢≻⋈∈⊤∋≻⋈∈⊥∋≻⋈∈⊤∋≻⋈∈⊤∋≻⋈∈⊥∋≻⋈∈⊥∋≻⋈∈⊤∋≻⋈∈⊤∋≻⋈∈⊥∋⊙⊡⊣
⊢≻⋈∈⊤∋≻⋈∈⊤∋≻⋈∈⊥∋≻⋈∈⊥∋≻⋈∈⊥∋≻⋈∈⊥∋≻⋈∈⊥∋≻⋈∈⊥∋⊙⊡⊣
⊢≻⋈∈⊥∋≻⋈∈⊥∋≻⋈∈⊥∋≻⋈∈⊤∋≻⋈∈⊥∋≻⋈∈⊥∋≻⋈∈⊥∋≻⋈∈⊤∋≻⋈∈⊤∋≻⋈∈⊤∋≻⋈∈⊥∋⊙⊡⊣
⊢≻⋈∈⊥∋≻⋈∈⊤∋≻⋈∈⊥∋≻⋈∈⊥∋≻⋈∈⊤∋≻⋈∈⊤∋≻⋈∈⊥∋≻⋈∈⊥∋≻⋈∈⊤∋≻⋈∈⊥∋≻⋈∈⊥∋⊙⊡⊣
⊢≻⋈∈⊤∋≻⋈∈⊤∋≻⋈∈⊤∋≻⋈∈⊤∋≻⋈∈⊤∋≻⋈∈⊤∋≻⋈∈⊥∋≻⋈∈⊥∋≻⋈∈⊥∋≻⋈∈⊤∋≻⋈∈⊤∋≻⋈∈⊥∋≻⋈∈⊥∋≻⋈∈⊥∋⊙⊡⊣
⊢≻⋈∈⊤∋≻⋈∈⊤∋≻⋈∈⊥∋≻⋈∈⊥∋≻⋈∈⊥∋≻⋈∈⊥∋≻⋈∈⊥∋⊙⊡⊣
⊢≻⋈∈⊤∋≻⋈∈⊥∋≻⋈∈⊥∋≻⋈∈⊥∋≻⋈∈⊥∋≻⋈∈⊤∋≻⋈∈⊤∋≻⋈∈⊤∋≻⋈∈⊥∋⊙⊡⊣
⊢≻⋈∈⊤∋≻⋈∈⊥∋≻⋈∈⊤∋≻⋈∈⊥∋⊙⊡⊣
⊢≻⋈∈⊤∋≻⋈∈⊥∋≻⋈∈⊥∋≻⋈∈⊤∋≻⋈∈⊤∋≻⋈∈⊥∋⊙⊡⊣
⊢≻⋈∈⊥∋≻⋈∈⊥∋≻⋈∈⊥∋≻⋈∈⊤∋≻⋈∈⊥∋≻⋈∈⊥∋≻⋈∈⊥∋≻⋈∈⊥∋⊙⊡⊣
⊢≻⋈∈⊤∋≻⋈∈⊤∋≻⋈∈⊤∋≻⋈∈⊤∋≻⋈∈⊤∋≻⋈∈⊤∋≻⋈∈⊥∋≻⋈∈⊤∋≻⋈∈⊤∋≻⋈∈⊤∋≻⋈∈⊥∋≻⋈∈⊥∋≻⋈∈⊤∋≻⋈∈⊤∋≻⋈∈⊤∋≻⋈∈⊥∋⊙⊡⊣
⊢≻⋈∈⊥∋≻⋈∈⊥∋≻⋈∈⊤∋≻⋈∈⊤∋≻⋈∈⊥∋≻⋈∈⊥∋≻⋈∈⊤∋≻⋈∈⊤∋≻⋈∈⊥∋⊙⊡⊣
⊢≻⋈∈⊤∋≻⋈∈⊤∋≻⋈∈⊥∋≻⋈∈⊥∋≻⋈∈⊥∋≻⋈∈⊥∋≻⋈∈⊥∋≻⋈∈⊥∋⊙⊡⊣
⊢≻⋈∈⊥∋≻⋈∈⊥∋≻⋈∈⊥∋≻⋈∈⊤∋≻⋈∈⊥∋≻⋈∈⊥∋≻⋈∈⊥∋≻⋈∈⊤∋≻⋈∈⊤∋≻⋈∈⊤∋≻⋈∈⊥∋⊙⊡⊣
⊢≻⋈∈⊥∋≻⋈∈⊤∋≻⋈∈⊥∋≻⋈∈⊥∋≻⋈∈⊤∋≻⋈∈⊤∋≻⋈∈⊥∋≻⋈∈⊥∋≻⋈∈⊤∋≻⋈∈⊥∋≻⋈∈⊥∋⊙⊡⊣
⊢≻⋈∈⊤∋≻⋈∈⊤∋≻⋈∈⊤∋≻⋈∈⊤∋≻⋈∈⊥∋≻⋈∈⊥∋≻⋈∈⊥∋≻⋈∈⊥∋≻⋈∈⊥∋≻⋈∈⊤∋≻⋈∈⊤∋≻⋈∈⊥∋≻⋈∈⊥∋≻⋈∈⊥∋⊙⊡⊣
⊢≻⋈∈⊤∋≻⋈∈⊤∋≻⋈∈⊥∋≻⋈∈⊥∋≻⋈∈⊥∋≻⋈∈⊥∋≻⋈∈⊥∋⊙⊡⊣
⊢≻⋈∈⊥∋≻⋈∈⊥∋≻⋈∈⊥∋≻⋈∈⊤∋≻⋈∈⊤∋≻⋈∈⊥∋≻⋈∈⊤∋≻⋈∈⊤∋≻⋈∈⊥∋⊙⊡⊣
⊢≻⋈∈⊤∋≻⋈∈⊤∋≻⋈∈⊥∋≻⋈∈⊥∋⊙⊡⊣
⊢≻⋈∈⊥∋≻⋈∈⊤∋≻⋈∈⊥∋≻⋈∈⊤∋≻⋈∈⊤∋≻⋈∈⊥∋⊙⊡⊣
⊢≻⋈∈⊤∋≻⋈∈⊤∋≻⋈∈⊤∋≻⋈∈⊥∋≻⋈∈⊥∋≻⋈∈⊥∋≻⋈∈⊥∋≻⋈∈⊥∋⊙⊡⊣
⊢≻⋈∈⊤∋≻⋈∈⊤∋≻⋈∈⊤∋≻⋈∈⊤∋≻⋈∈⊥∋≻⋈∈⊤∋≻⋈∈⊥∋≻⋈∈⊥∋≻⋈∈⊤∋≻⋈∈⊤∋≻⋈∈⊥∋≻⋈∈⊥∋≻⋈∈⊤∋≻⋈∈⊤∋≻⋈∈⊤∋≻⋈∈⊥∋⊙⊡⊣
⊢≻⋈∈⊤∋≻⋈∈⊤∋≻⋈∈⊥∋≻⋈∈⊥∋≻⋈∈⊥∋≻⋈∈⊥∋≻⋈∈⊤∋≻⋈∈⊤∋≻⋈∈⊥∋⊙⊡⊣
⊢≻⋈∈⊤∋≻⋈∈⊥∋≻⋈∈⊥∋≻⋈∈⊤∋≻⋈∈⊤∋≻⋈∈⊤∋≻⋈∈⊤∋≻⋈∈⊤∋≻⋈∈⊥∋⊙⊡⊣
⊢≻⋈∈⊥∋≻⋈∈⊥∋≻⋈∈⊥∋≻⋈∈⊤∋≻⋈∈⊥∋≻⋈∈⊥∋≻⋈∈⊥∋≻⋈∈⊤∋≻⋈∈⊤∋≻⋈∈⊤∋≻⋈∈⊥∋⊙⊡⊣
⊢≻⋈∈⊥∋≻⋈∈⊤∋≻⋈∈⊥∋≻⋈∈⊥∋≻⋈∈⊤∋≻⋈∈⊤∋≻⋈∈⊥∋≻⋈∈⊥∋≻⋈∈⊤∋≻⋈∈⊥∋≻⋈∈⊥∋⊙⊡⊣
⊢≻⋈∈⊤∋≻⋈∈⊤∋≻⋈∈⊤∋≻⋈∈⊤∋≻⋈∈⊤∋≻⋈∈⊥∋≻⋈∈⊤∋≻⋈∈⊥∋≻⋈∈⊥∋≻⋈∈⊥∋≻⋈∈⊤∋≻⋈∈⊥∋≻⋈∈⊥∋≻⋈∈⊥∋⊙⊡⊣
⊢≻⋈∈⊤∋≻⋈∈⊤∋≻⋈∈⊥∋≻⋈∈⊥∋≻⋈∈⊥∋≻⋈∈⊥∋≻⋈∈⊥∋⊙⊡⊣
⊢≻⋈∈⊤∋≻⋈∈⊤∋≻⋈∈⊤∋≻⋈∈⊥∋≻⋈∈⊤∋≻⋈∈⊥∋≻⋈∈⊤∋≻⋈∈⊤∋≻⋈∈⊥∋⊙⊡⊣
⊢≻⋈∈⊤∋≻⋈∈⊥∋≻⋈∈⊥∋≻⋈∈⊥∋⊙⊡⊣
⊢≻⋈∈⊤∋≻⋈∈⊥∋≻⋈∈⊤∋≻⋈∈⊤∋≻⋈∈⊤∋≻⋈∈⊥∋⊙⊡⊣
⊢≻⋈∈⊥∋≻⋈∈⊤∋≻⋈∈⊤∋≻⋈∈⊥∋≻⋈∈⊥∋≻⋈∈⊥∋≻⋈∈⊥∋≻⋈∈⊥∋⊙⊡⊣
⊢≻⋈∈⊥∋≻⋈∈⊥∋≻⋈∈⊤∋≻⋈∈⊤∋≻⋈∈⊤∋≻⋈∈⊥∋≻⋈∈⊥∋≻⋈∈⊤∋≻⋈∈⊥∋≻⋈∈⊤∋≻⋈∈⊥∋≻⋈∈⊥∋≻⋈∈⊤∋≻⋈∈⊤∋≻⋈∈⊤∋≻⋈∈⊥∋⊙⊡⊣
⊢≻⋈∈⊥∋≻⋈∈⊤∋≻⋈∈⊥∋≻⋈∈⊥∋≻⋈∈⊥∋≻⋈∈⊥∋≻⋈∈⊤∋≻⋈∈⊤∋≻⋈∈⊥∋⊙⊡⊣
⊢≻⋈∈⊤∋≻⋈∈⊤∋≻⋈∈⊤∋≻⋈∈⊥∋≻⋈∈⊤∋≻⋈∈⊤∋≻⋈∈⊤∋≻⋈∈⊤∋≻⋈∈⊥∋⊙⊡⊣
⊢≻⋈∈⊥∋≻⋈∈⊥∋≻⋈∈⊥∋≻⋈∈⊤∋≻⋈∈⊥∋≻⋈∈⊥∋≻⋈∈⊥∋≻⋈∈⊤∋≻⋈∈⊤∋≻⋈∈⊤∋≻⋈∈⊥∋⊙⊡⊣
⊢≻⋈∈⊥∋≻⋈∈⊤∋≻⋈∈⊥∋≻⋈∈⊥∋≻⋈∈⊤∋≻⋈∈⊤∋≻⋈∈⊥∋≻⋈∈⊥∋≻⋈∈⊤∋≻⋈∈⊥∋≻⋈∈⊥∋⊙⊡⊣
⊢≻⋈∈⊤∋≻⋈∈⊤∋≻⋈∈⊤∋≻⋈∈⊤∋≻⋈∈⊥∋≻⋈∈⊤∋≻⋈∈⊥∋≻⋈∈⊥∋≻⋈∈⊥∋≻⋈∈⊥∋≻⋈∈⊤∋≻⋈∈⊥∋≻⋈∈⊥∋≻⋈∈⊥∋⊙⊡⊣
⊢≻⋈∈⊤∋≻⋈∈⊤∋≻⋈∈⊥∋≻⋈∈⊥∋≻⋈∈⊥∋≻⋈∈⊥∋≻⋈∈⊥∋⊙⊡⊣
⊢≻⋈∈⊥∋≻⋈∈⊤∋≻⋈∈⊤∋≻⋈∈⊥∋≻⋈∈⊤∋≻⋈∈⊥∋≻⋈∈⊤∋≻⋈∈⊤∋≻⋈∈⊥∋⊙⊡⊣
⊢≻⋈∈⊤∋≻⋈∈⊥∋≻⋈∈⊥∋≻⋈∈⊥∋⊙⊡⊣
⊢≻⋈∈⊥∋≻⋈∈⊥∋≻⋈∈⊤∋≻⋈∈⊤∋≻⋈∈⊤∋≻⋈∈⊥∋⊙⊡⊣
⊢≻⋈∈⊤∋≻⋈∈⊥∋≻⋈∈⊤∋≻⋈∈⊥∋≻⋈∈⊥∋≻⋈∈⊥∋≻⋈∈⊥∋≻⋈∈⊥∋⊙⊡⊣
⊢≻⋈∈⊥∋≻⋈∈⊥∋≻⋈∈⊤∋≻⋈∈⊤∋≻⋈∈⊥∋≻⋈∈⊥∋≻⋈∈⊥∋≻⋈∈⊥∋≻⋈∈⊥∋≻⋈∈⊤∋≻⋈∈⊥∋≻⋈∈⊥∋≻⋈∈⊤∋≻⋈∈⊤∋≻⋈∈⊤∋≻⋈∈⊥∋⊙⊡⊣
⊢≻⋈∈⊤∋≻⋈∈⊥∋≻⋈∈⊥∋≻⋈∈⊥∋≻⋈∈⊥∋≻⋈∈⊥∋≻⋈∈⊤∋≻⋈∈⊤∋≻⋈∈⊥∋⊙⊡⊣
⊢≻⋈∈⊤∋≻⋈∈⊤∋≻⋈∈⊤∋≻⋈∈⊥∋≻⋈∈⊤∋≻⋈∈⊤∋≻⋈∈⊤∋≻⋈∈⊤∋≻⋈∈⊥∋⊙⊡⊣
⊢≻⋈∈⊥∋≻⋈∈⊥∋≻⋈∈⊥∋≻⋈∈⊤∋≻⋈∈⊥∋≻⋈∈⊥∋≻⋈∈⊥∋≻⋈∈⊤∋≻⋈∈⊤∋≻⋈∈⊤∋≻⋈∈⊥∋⊙⊡⊣
⊢≻⋈∈⊥∋≻⋈∈⊤∋≻⋈∈⊥∋≻⋈∈⊥∋≻⋈∈⊤∋≻⋈∈⊤∋≻⋈∈⊥∋≻⋈∈⊥∋≻⋈∈⊤∋≻⋈∈⊥∋≻⋈∈⊥∋⊙⊡⊣
⊢≻⋈∈⊤∋≻⋈∈⊤∋≻⋈∈⊤∋≻⋈∈⊤∋≻⋈∈⊤∋≻⋈∈⊤∋≻⋈∈⊤∋≻⋈∈⊤∋≻⋈∈⊤∋≻⋈∈⊤∋≻⋈∈⊥∋≻⋈∈⊥∋≻⋈∈⊥∋≻⋈∈⊥∋⊙⊡⊣
⊢≻⋈∈⊤∋≻⋈∈⊤∋≻⋈∈⊥∋≻⋈∈⊥∋≻⋈∈⊥∋≻⋈∈⊥∋≻⋈∈⊥∋⊙⊡⊣
⊢≻⋈∈⊤∋≻⋈∈⊥∋≻⋈∈⊥∋≻⋈∈⊥∋≻⋈∈⊤∋≻⋈∈⊥∋≻⋈∈⊤∋≻⋈∈⊤∋≻⋈∈⊥∋⊙⊡⊣
⊢≻⋈∈⊥∋≻⋈∈⊥∋≻⋈∈⊥∋≻⋈∈⊤∋≻⋈∈⊥∋⊙⊡⊣
⊢≻⋈∈⊥∋≻⋈∈⊤∋≻⋈∈⊤∋≻⋈∈⊥∋≻⋈∈⊥∋⊙⊡⊣
⊢≻⋈∈⊥∋≻⋈∈⊥∋≻⋈∈⊤∋≻⋈∈⊥∋≻⋈∈⊥∋≻⋈∈⊥∋≻⋈∈⊥∋≻⋈∈⊥∋⊙⊡⊣
⊢≻⋈∈⊤∋≻⋈∈⊤∋≻⋈∈⊤∋≻⋈∈⊤∋≻⋈∈⊤∋≻⋈∈⊤∋≻⋈∈⊤∋≻⋈∈⊥∋≻⋈∈⊤∋≻⋈∈⊥∋≻⋈∈⊥∋≻⋈∈⊥∋≻⋈∈⊤∋≻⋈∈⊤∋≻⋈∈⊤∋≻⋈∈⊥∋⊙⊡⊣
⊢≻⋈∈⊥∋≻⋈∈⊥∋≻⋈∈⊥∋≻⋈∈⊤∋≻⋈∈⊤∋≻⋈∈⊤∋≻⋈∈⊥∋≻⋈∈⊤∋≻⋈∈⊥∋⊙⊡⊣
⊢≻⋈∈⊤∋≻⋈∈⊥∋≻⋈∈⊥∋≻⋈∈⊥∋≻⋈∈⊤∋≻⋈∈⊤∋≻⋈∈⊤∋≻⋈∈⊤∋≻⋈∈⊥∋⊙⊡⊣
⊢≻⋈∈⊥∋≻⋈∈⊥∋≻⋈∈⊥∋≻⋈∈⊤∋≻⋈∈⊥∋≻⋈∈⊥∋≻⋈∈⊥∋≻⋈∈⊤∋≻⋈∈⊤∋≻⋈∈⊤∋≻⋈∈⊥∋⊙⊡⊣
⊢≻⋈∈⊥∋≻⋈∈⊤∋≻⋈∈⊥∋≻⋈∈⊥∋≻⋈∈⊤∋≻⋈∈⊤∋≻⋈∈⊥∋≻⋈∈⊥∋≻⋈∈⊤∋≻⋈∈⊥∋≻⋈∈⊥∋⊙⊡⊣
⊢≻⋈∈⊤∋≻⋈∈⊤∋≻⋈∈⊤∋≻⋈∈⊤∋≻⋈∈⊥∋≻⋈∈⊥∋≻⋈∈⊤∋≻⋈∈⊥∋≻⋈∈⊥∋≻⋈∈⊤∋≻⋈∈⊥∋≻⋈∈⊥∋≻⋈∈⊥∋≻⋈∈⊥∋⊙⊡⊣
⊢≻⋈∈⊤∋≻⋈∈⊤∋≻⋈∈⊥∋≻⋈∈⊥∋≻⋈∈⊥∋≻⋈∈⊥∋≻⋈∈⊥∋⊙⊡⊣
⊢≻⋈∈⊥∋≻⋈∈⊥∋≻⋈∈⊥∋≻⋈∈⊥∋≻⋈∈⊤∋≻⋈∈⊥∋≻⋈∈⊤∋≻⋈∈⊤∋≻⋈∈⊥∋⊙⊡⊣
⊢≻⋈∈⊥∋≻⋈∈⊥∋≻⋈∈⊥∋≻⋈∈⊤∋≻⋈∈⊥∋⊙⊡⊣
⊢≻⋈∈⊤∋≻⋈∈⊥∋≻⋈∈⊤∋≻⋈∈⊥∋≻⋈∈⊥∋⊙⊡⊣
⊢≻⋈∈⊤∋≻⋈∈⊤∋≻⋈∈⊥∋≻⋈∈⊥∋≻⋈∈⊥∋≻⋈∈⊥∋≻⋈∈⊥∋≻⋈∈⊥∋⊙⊡⊣
⊢≻⋈∈⊤∋≻⋈∈⊤∋≻⋈∈⊤∋≻⋈∈⊤∋≻⋈∈⊥∋≻⋈∈⊤∋≻⋈∈⊤∋≻⋈∈⊤∋≻⋈∈⊥∋≻⋈∈⊥∋≻⋈∈⊥∋≻⋈∈⊥∋≻⋈∈⊤∋≻⋈∈⊤∋≻⋈∈⊤∋≻⋈∈⊥∋⊙⊡⊣
⊢≻⋈∈⊤∋≻⋈∈⊤∋≻⋈∈⊤∋≻⋈∈⊥∋≻⋈∈⊤∋≻⋈∈⊤∋≻⋈∈⊥∋≻⋈∈⊤∋≻⋈∈⊥∋⊙⊡⊣
⊢≻⋈∈⊥∋≻⋈∈⊥∋≻⋈∈⊥∋≻⋈∈⊥∋≻⋈∈⊤∋≻⋈∈⊤∋≻⋈∈⊤∋≻⋈∈⊤∋≻⋈∈⊥∋⊙⊡⊣
⊢≻⋈∈⊥∋≻⋈∈⊥∋≻⋈∈⊥∋≻⋈∈⊤∋≻⋈∈⊥∋≻⋈∈⊥∋≻⋈∈⊥∋≻⋈∈⊤∋≻⋈∈⊤∋≻⋈∈⊤∋≻⋈∈⊥∋⊙⊡⊣
⊢≻⋈∈⊥∋≻⋈∈⊤∋≻⋈∈⊥∋≻⋈∈⊥∋≻⋈∈⊤∋≻⋈∈⊤∋≻⋈∈⊥∋≻⋈∈⊥∋≻⋈∈⊤∋≻⋈∈⊥∋≻⋈∈⊥∋⊙⊡⊣
⊢≻⋈∈⊤∋≻⋈∈⊤∋≻⋈∈⊤∋≻⋈∈⊤∋≻⋈∈⊤∋≻⋈∈⊥∋≻⋈∈⊥∋≻⋈∈⊥∋≻⋈∈⊥∋≻⋈∈⊤∋≻⋈∈⊥∋≻⋈∈⊥∋≻⋈∈⊥∋≻⋈∈⊥∋⊙⊡⊣
⊢≻⋈∈⊤∋≻⋈∈⊤∋≻⋈∈⊥∋≻⋈∈⊥∋≻⋈∈⊥∋≻⋈∈⊥∋≻⋈∈⊥∋⊙⊡⊣
⊢≻⋈∈⊤∋≻⋈∈⊤∋≻⋈∈⊤∋≻⋈∈⊤∋≻⋈∈⊥∋≻⋈∈⊥∋≻⋈∈⊤∋≻⋈∈⊤∋≻⋈∈⊥∋⊙⊡⊣
⊢≻⋈∈⊤∋≻⋈∈⊥∋≻⋈∈⊥∋≻⋈∈⊤∋≻⋈∈⊥∋⊙⊡⊣
⊢≻⋈∈⊤∋≻⋈∈⊥∋≻⋈∈⊤∋≻⋈∈⊥∋≻⋈∈⊥∋⊙⊡⊣
⊢≻⋈∈⊥∋≻⋈∈⊤∋≻⋈∈⊥∋≻⋈∈⊥∋≻⋈∈⊥∋≻⋈∈⊥∋≻⋈∈⊥∋≻⋈∈⊥∋⊙⊡⊣
⊢≻⋈∈⊥∋≻⋈∈⊥∋≻⋈∈⊤∋≻⋈∈⊤∋≻⋈∈⊤∋≻⋈∈⊥∋≻⋈∈⊤∋≻⋈∈⊥∋≻⋈∈⊥∋≻⋈∈⊥∋≻⋈∈⊥∋≻⋈∈⊥∋≻⋈∈⊤∋≻⋈∈⊤∋≻⋈∈⊤∋≻⋈∈⊥∋⊙⊡⊣
⊢≻⋈∈⊥∋≻⋈∈⊥∋≻⋈∈⊤∋≻⋈∈⊥∋≻⋈∈⊤∋≻⋈∈⊤∋≻⋈∈⊥∋≻⋈∈⊤∋≻⋈∈⊥∋⊙⊡⊣
⊢≻⋈∈⊤∋≻⋈∈⊤∋≻⋈∈⊥∋≻⋈∈⊤∋≻⋈∈⊥∋≻⋈∈⊤∋≻⋈∈⊤∋≻⋈∈⊤∋≻⋈∈⊥∋⊙⊡⊣
⊢≻⋈∈⊥∋≻⋈∈⊥∋≻⋈∈⊥∋≻⋈∈⊤∋≻⋈∈⊥∋≻⋈∈⊥∋≻⋈∈⊥∋≻⋈∈⊤∋≻⋈∈⊤∋≻⋈∈⊤∋≻⋈∈⊥∋⊙⊡⊣
⊢≻⋈∈⊥∋≻⋈∈⊤∋≻⋈∈⊥∋≻⋈∈⊥∋≻⋈∈⊤∋≻⋈∈⊤∋≻⋈∈⊥∋≻⋈∈⊥∋≻⋈∈⊤∋≻⋈∈⊥∋≻⋈∈⊥∋⊙⊡⊣
⊢≻⋈∈⊤∋≻⋈∈⊤∋≻⋈∈⊤∋≻⋈∈⊤∋≻⋈∈⊥∋≻⋈∈⊥∋≻⋈∈⊥∋≻⋈∈⊤∋≻⋈∈⊤∋≻⋈∈⊥∋≻⋈∈⊥∋≻⋈∈⊥∋≻⋈∈⊥∋≻⋈∈⊥∋⊙⊡⊣
⊢≻⋈∈⊤∋≻⋈∈⊤∋≻⋈∈⊥∋≻⋈∈⊥∋≻⋈∈⊥∋≻⋈∈⊥∋≻⋈∈⊥∋⊙⊡⊣
⊢≻⋈∈⊥∋≻⋈∈⊤∋≻⋈∈⊤∋≻⋈∈⊤∋≻⋈∈⊥∋≻⋈∈⊥∋≻⋈∈⊤∋≻⋈∈⊤∋≻⋈∈⊥∋⊙⊡⊣
⊢≻⋈∈⊤∋≻⋈∈⊥∋≻⋈∈⊥∋≻⋈∈⊤∋≻⋈∈⊥∋⊙⊡⊣
⊢≻⋈∈⊥∋≻⋈∈⊥∋≻⋈∈⊤∋≻⋈∈⊥∋≻⋈∈⊥∋⊙⊡⊣
⊢≻⋈∈⊤∋≻⋈∈⊥∋≻⋈∈⊥∋≻⋈∈⊥∋≻⋈∈⊥∋≻⋈∈⊥∋≻⋈∈⊥∋≻⋈∈⊥∋⊙⊡⊣
⊢≻⋈∈⊥∋≻⋈∈⊥∋≻⋈∈⊤∋≻⋈∈⊤∋≻⋈∈⊥∋≻⋈∈⊥∋≻⋈∈⊤∋≻⋈∈⊤∋≻⋈∈⊤∋≻⋈∈⊤∋≻⋈∈⊤∋≻⋈∈⊤∋≻⋈∈⊥∋≻⋈∈⊤∋≻⋈∈⊤∋≻⋈∈⊥∋⊙⊡⊣
⊢≻⋈∈⊤∋≻⋈∈⊤∋≻⋈∈⊥∋≻⋈∈⊥∋≻⋈∈⊤∋≻⋈∈⊤∋≻⋈∈⊥∋≻⋈∈⊤∋≻⋈∈⊥∋⊙⊡⊣
⊢≻⋈∈⊤∋≻⋈∈⊤∋≻⋈∈⊥∋≻⋈∈⊤∋≻⋈∈⊥∋≻⋈∈⊤∋≻⋈∈⊤∋≻⋈∈⊤∋≻⋈∈⊥∋⊙⊡⊣
⊢≻⋈∈⊥∋≻⋈∈⊥∋≻⋈∈⊥∋≻⋈∈⊤∋≻⋈∈⊥∋≻⋈∈⊥∋≻⋈∈⊥∋≻⋈∈⊤∋≻⋈∈⊤∋≻⋈∈⊤∋≻⋈∈⊥∋⊙⊡⊣
⊢≻⋈∈⊥∋≻⋈∈⊤∋≻⋈∈⊥∋≻⋈∈⊥∋≻⋈∈⊤∋≻⋈∈⊤∋≻⋈∈⊥∋≻⋈∈⊥∋≻⋈∈⊤∋≻⋈∈⊥∋≻⋈∈⊥∋⊙⊡⊣
⊢≻⋈∈⊤∋≻⋈∈⊤∋≻⋈∈⊤∋≻⋈∈⊤∋≻⋈∈⊤∋≻⋈∈⊥∋≻⋈∈⊤∋≻⋈∈⊥∋≻⋈∈⊤∋≻⋈∈⊥∋≻⋈∈⊥∋≻⋈∈⊥∋≻⋈∈⊥∋≻⋈∈⊥∋⊙⊡⊣
⊢≻⋈∈⊤∋≻⋈∈⊤∋≻⋈∈⊥∋≻⋈∈⊥∋≻⋈∈⊥∋≻⋈∈⊥∋≻⋈∈⊥∋⊙⊡⊣
⊢≻⋈∈⊤∋≻⋈∈⊥∋≻⋈∈⊤∋≻⋈∈⊤∋≻⋈∈⊥∋≻⋈∈⊥∋≻⋈∈⊤∋≻⋈∈⊤∋≻⋈∈⊥∋⊙⊡⊣
⊢≻⋈∈⊥∋≻⋈∈⊤∋≻⋈∈⊥∋≻⋈∈⊤∋≻⋈∈⊥∋⊙⊡⊣
⊢≻⋈∈⊥∋≻⋈∈⊥∋≻⋈∈⊤∋≻⋈∈⊥∋≻⋈∈⊥∋⊙⊡⊣
⊢≻⋈∈⊥∋≻⋈∈⊥∋≻⋈∈⊥∋≻⋈∈⊥∋≻⋈∈⊥∋≻⋈∈⊥∋≻⋈∈⊥∋≻⋈∈⊥∋⊙⊡⊣
⊢≻⋈∈⊤∋≻⋈∈⊥∋≻⋈∈⊥∋≻⋈∈⊤∋≻⋈∈⊤∋≻⋈∈⊤∋≻⋈∈⊥∋≻⋈∈⊥∋≻⋈∈⊤∋≻⋈∈⊤∋≻⋈∈⊤∋≻⋈∈⊤∋≻⋈∈⊥∋≻⋈∈⊤∋≻⋈∈⊤∋≻⋈∈⊥∋⊙⊡⊣
⊢≻⋈∈⊥∋≻⋈∈⊥∋≻⋈∈⊥∋≻⋈∈⊥∋≻⋈∈⊤∋≻⋈∈⊤∋≻⋈∈⊥∋≻⋈∈⊤∋≻⋈∈⊥∋⊙⊡⊣
⊢≻⋈∈⊥∋≻⋈∈⊤∋≻⋈∈⊤∋≻⋈∈⊥∋≻⋈∈⊥∋≻⋈∈⊤∋≻⋈∈⊤∋≻⋈∈⊤∋≻⋈∈⊥∋⊙⊡⊣
⊢≻⋈∈⊥∋≻⋈∈⊥∋≻⋈∈⊥∋≻⋈∈⊤∋≻⋈∈⊥∋≻⋈∈⊥∋≻⋈∈⊥∋≻⋈∈⊤∋≻⋈∈⊤∋≻⋈∈⊤∋≻⋈∈⊥∋⊙⊡⊣
⊢≻⋈∈⊥∋≻⋈∈⊤∋≻⋈∈⊥∋≻⋈∈⊥∋≻⋈∈⊤∋≻⋈∈⊤∋≻⋈∈⊥∋≻⋈∈⊥∋≻⋈∈⊤∋≻⋈∈⊥∋≻⋈∈⊥∋⊙⊡⊣
⊢≻⋈∈⊤∋≻⋈∈⊤∋≻⋈∈⊤∋≻⋈∈⊤∋≻⋈∈⊥∋≻⋈∈⊥∋≻⋈∈⊤∋≻⋈∈⊤∋≻⋈∈⊥∋≻⋈∈⊥∋≻⋈∈⊥∋≻⋈∈⊥∋≻⋈∈⊥∋≻⋈∈⊥∋⊙⊡⊣
⊢≻⋈∈⊤∋≻⋈∈⊤∋≻⋈∈⊥∋≻⋈∈⊥∋≻⋈∈⊥∋≻⋈∈⊥∋≻⋈∈⊥∋⊙⊡⊣
⊢≻⋈∈⊥∋≻⋈∈⊥∋≻⋈∈⊤∋≻⋈∈⊤∋≻⋈∈⊥∋≻⋈∈⊥∋≻⋈∈⊤∋≻⋈∈⊤∋≻⋈∈⊥∋⊙⊡⊣
⊢≻⋈∈⊥∋≻⋈∈⊤∋≻⋈∈⊥∋≻⋈∈⊤∋≻⋈∈⊥∋⊙⊡⊣
⊢≻⋈∈⊤∋≻⋈∈⊤∋≻⋈∈⊥∋≻⋈∈⊥∋≻⋈∈⊥∋⊙⊡⊣
⊢≻⋈∈⊤∋≻⋈∈⊤∋≻⋈∈⊤∋≻⋈∈⊤∋≻⋈∈⊤∋≻⋈∈⊤∋≻⋈∈⊤∋≻⋈∈⊤∋≻⋈∈⊥∋⊙⊡⊣
⊢≻⋈∈⊤∋≻⋈∈⊥∋≻⋈∈⊥∋≻⋈∈⊤∋≻⋈∈⊥∋≻⋈∈⊤∋≻⋈∈⊥∋≻⋈∈⊤∋≻⋈∈⊥∋≻⋈∈⊤∋≻⋈∈⊤∋≻⋈∈⊤∋≻⋈∈⊥∋≻⋈∈⊤∋≻⋈∈⊤∋≻⋈∈⊥∋⊙⊡⊣
⊢≻⋈∈⊤∋≻⋈∈⊤∋≻⋈∈⊤∋≻⋈∈⊤∋≻⋈∈⊥∋≻⋈∈⊤∋≻⋈∈⊥∋≻⋈∈⊤∋≻⋈∈⊥∋⊙⊡⊣
⊢≻⋈∈⊥∋≻⋈∈⊤∋≻⋈∈⊤∋≻⋈∈⊥∋≻⋈∈⊥∋≻⋈∈⊤∋≻⋈∈⊤∋≻⋈∈⊤∋≻⋈∈⊥∋⊙⊡⊣
⊢≻⋈∈⊥∋≻⋈∈⊥∋≻⋈∈⊥∋≻⋈∈⊤∋≻⋈∈⊥∋≻⋈∈⊥∋≻⋈∈⊥∋≻⋈∈⊤∋≻⋈∈⊤∋≻⋈∈⊤∋≻⋈∈⊥∋⊙⊡⊣
⊢≻⋈∈⊥∋≻⋈∈⊤∋≻⋈∈⊥∋≻⋈∈⊥∋≻⋈∈⊤∋≻⋈∈⊤∋≻⋈∈⊥∋≻⋈∈⊥∋≻⋈∈⊤∋≻⋈∈⊥∋≻⋈∈⊥∋⊙⊡⊣
⊢≻⋈∈⊤∋≻⋈∈⊤∋≻⋈∈⊤∋≻⋈∈⊤∋≻⋈∈⊤∋≻⋈∈⊥∋≻⋈∈⊥∋≻⋈∈⊤∋≻⋈∈⊥∋≻⋈∈⊥∋≻⋈∈⊥∋≻⋈∈⊥∋≻⋈∈⊥∋≻⋈∈⊥∋⊙⊡⊣
⊢≻⋈∈⊤∋≻⋈∈⊤∋≻⋈∈⊥∋≻⋈∈⊥∋≻⋈∈⊥∋≻⋈∈⊥∋≻⋈∈⊥∋⊙⊡⊣
⊢≻⋈∈⊤∋≻⋈∈⊤∋≻⋈∈⊥∋≻⋈∈⊤∋≻⋈∈⊥∋≻⋈∈⊥∋≻⋈∈⊤∋≻⋈∈⊤∋≻⋈∈⊥∋⊙⊡⊣
⊢≻⋈∈⊤∋≻⋈∈⊤∋≻⋈∈⊥∋≻⋈∈⊤∋≻⋈∈⊥∋⊙⊡⊣
⊢≻⋈∈⊤∋≻⋈∈⊤∋≻⋈∈⊥∋≻⋈∈⊥∋≻⋈∈⊥∋⊙⊡⊣
⊢≻⋈∈⊥∋≻⋈∈⊤∋≻⋈∈⊤∋≻⋈∈⊤∋≻⋈∈⊤∋≻⋈∈⊤∋≻⋈∈⊤∋≻⋈∈⊤∋≻⋈∈⊥∋⊙⊡⊣
⊢≻⋈∈⊥∋≻⋈∈⊤∋≻⋈∈⊤∋≻⋈∈⊥∋≻⋈∈⊤∋≻⋈∈⊥∋≻⋈∈⊥∋≻⋈∈⊥∋≻⋈∈⊥∋≻⋈∈⊤∋≻⋈∈⊤∋≻⋈∈⊤∋≻⋈∈⊥∋≻⋈∈⊤∋≻⋈∈⊤∋≻⋈∈⊥∋⊙⊡⊣
⊢≻⋈∈⊥∋≻⋈∈⊥∋≻⋈∈⊤∋≻⋈∈⊤∋≻⋈∈⊥∋≻⋈∈⊤∋≻⋈∈⊥∋≻⋈∈⊤∋≻⋈∈⊥∋⊙⊡⊣
⊢≻⋈∈⊤∋≻⋈∈⊤∋≻⋈∈⊥∋≻⋈∈⊥∋≻⋈∈⊥∋≻⋈∈⊤∋≻⋈∈⊤∋≻⋈∈⊤∋≻⋈∈⊥∋⊙⊡⊣
⊢≻⋈∈⊥∋≻⋈∈⊥∋≻⋈∈⊥∋≻⋈∈⊤∋≻⋈∈⊥∋≻⋈∈⊥∋≻⋈∈⊥∋≻⋈∈⊤∋≻⋈∈⊤∋≻⋈∈⊤∋≻⋈∈⊥∋⊙⊡⊣
⊢≻⋈∈⊥∋≻⋈∈⊤∋≻⋈∈⊥∋≻⋈∈⊥∋≻⋈∈⊤∋≻⋈∈⊤∋≻⋈∈⊥∋≻⋈∈⊥∋≻⋈∈⊤∋≻⋈∈⊥∋≻⋈∈⊥∋⊙⊡⊣
⊢≻⋈∈⊤∋≻⋈∈⊤∋≻⋈∈⊤∋≻⋈∈⊤∋≻⋈∈⊥∋≻⋈∈⊥∋≻⋈∈⊥∋≻⋈∈⊥∋≻⋈∈⊥∋≻⋈∈⊥∋≻⋈∈⊥∋≻⋈∈⊥∋≻⋈∈⊥∋≻⋈∈⊥∋⊙⊡⊣
⊢≻⋈∈⊤∋≻⋈∈⊤∋≻⋈∈⊥∋≻⋈∈⊥∋≻⋈∈⊥∋≻⋈∈⊥∋≻⋈∈⊥∋⊙⊡⊣
⊢≻⋈∈⊤∋≻⋈∈⊤∋≻⋈∈⊥∋≻⋈∈⊤∋≻⋈∈⊥∋≻⋈∈⊥∋≻⋈∈⊤∋≻⋈∈⊤∋≻⋈∈⊥∋⊙⊡⊣
⊢≻⋈∈⊤∋≻⋈∈⊤∋≻⋈∈⊥∋≻⋈∈⊤∋≻⋈∈⊥∋⊙⊡⊣
⊢≻⋈∈⊤∋≻⋈∈⊤∋≻⋈∈⊥∋≻⋈∈⊥∋≻⋈∈⊥∋⊙⊡⊣
⊢≻⋈∈⊥∋≻⋈∈⊤∋≻⋈∈⊤∋≻⋈∈⊤∋≻⋈∈⊤∋≻⋈∈⊤∋≻⋈∈⊤∋≻⋈∈⊤∋≻⋈∈⊥∋⊙⊡⊣
⊢≻⋈∈⊥∋≻⋈∈⊤∋≻⋈∈⊤∋≻⋈∈⊥∋≻⋈∈⊤∋≻⋈∈⊥∋≻⋈∈⊥∋≻⋈∈⊥∋≻⋈∈⊥∋≻⋈∈⊤∋≻⋈∈⊤∋≻⋈∈⊤∋≻⋈∈⊥∋≻⋈∈⊤∋≻⋈∈⊤∋≻⋈∈⊥∋⊙⊡⊣
⊢≻⋈∈⊥∋≻⋈∈⊥∋≻⋈∈⊤∋≻⋈∈⊤∋≻⋈∈⊥∋≻⋈∈⊤∋≻⋈∈⊥∋≻⋈∈⊤∋≻⋈∈⊥∋⊙⊡⊣
⊢≻⋈∈⊤∋≻⋈∈⊤∋≻⋈∈⊥∋≻⋈∈⊥∋≻⋈∈⊥∋≻⋈∈⊤∋≻⋈∈⊤∋≻⋈∈⊤∋≻⋈∈⊥∋⊙⊡⊣
⊢≻⋈∈⊥∋≻⋈∈⊥∋≻⋈∈⊥∋≻⋈∈⊤∋≻⋈∈⊥∋≻⋈∈⊥∋≻⋈∈⊥∋≻⋈∈⊤∋≻⋈∈⊤∋≻⋈∈⊤∋≻⋈∈⊥∋⊙⊡⊣
⊢≻⋈∈⊥∋≻⋈∈⊤∋≻⋈∈⊥∋≻⋈∈⊥∋≻⋈∈⊤∋≻⋈∈⊤∋≻⋈∈⊥∋≻⋈∈⊥∋≻⋈∈⊤∋≻⋈∈⊥∋≻⋈∈⊥∋⊙⊡⊣
⊢≻⋈∈⊤∋≻⋈∈⊤∋≻⋈∈⊤∋≻⋈∈⊤∋≻⋈∈⊤∋≻⋈∈⊤∋≻⋈∈⊤∋≻⋈∈⊤∋≻⋈∈⊤∋≻⋈∈⊤∋≻⋈∈⊤∋≻⋈∈⊤∋≻⋈∈⊤∋≻⋈∈⊤∋≻⋈∈⊥∋⊙⊡⊣
⊢≻⋈∈⊤∋≻⋈∈⊤∋≻⋈∈⊥∋≻⋈∈⊥∋≻⋈∈⊥∋≻⋈∈⊥∋≻⋈∈⊥∋⊙⊡⊣
⊢≻⋈∈⊥∋≻⋈∈⊤∋≻⋈∈⊥∋≻⋈∈⊤∋≻⋈∈⊥∋≻⋈∈⊥∋≻⋈∈⊤∋≻⋈∈⊤∋≻⋈∈⊥∋⊙⊡⊣
⊢≻⋈∈⊤∋≻⋈∈⊤∋≻⋈∈⊥∋≻⋈∈⊤∋≻⋈∈⊥∋⊙⊡⊣
⊢≻⋈∈⊥∋≻⋈∈⊤∋≻⋈∈⊥∋≻⋈∈⊥∋≻⋈∈⊥∋⊙⊡⊣
⊢≻⋈∈⊤∋≻⋈∈⊥∋≻⋈∈⊤∋≻⋈∈⊤∋≻⋈∈⊤∋≻⋈∈⊤∋≻⋈∈⊤∋≻⋈∈⊤∋≻⋈∈⊥∋⊙⊡⊣
⊢≻⋈∈⊥∋≻⋈∈⊤∋≻⋈∈⊤∋≻⋈∈⊥∋≻⋈∈⊥∋≻⋈∈⊥∋≻⋈∈⊥∋≻⋈∈⊤∋≻⋈∈⊤∋≻⋈∈⊥∋≻⋈∈⊤∋≻⋈∈⊤∋≻⋈∈⊥∋≻⋈∈⊤∋≻⋈∈⊤∋≻⋈∈⊥∋⊙⊡⊣
⊢≻⋈∈⊤∋≻⋈∈⊤∋≻⋈∈⊥∋≻⋈∈⊤∋≻⋈∈⊥∋≻⋈∈⊤∋≻⋈∈⊥∋≻⋈∈⊤∋≻⋈∈⊥∋⊙⊡⊣
⊢≻⋈∈⊤∋≻⋈∈⊥∋≻⋈∈⊥∋≻⋈∈⊥∋≻⋈∈⊥∋≻⋈∈⊤∋≻⋈∈⊤∋≻⋈∈⊤∋≻⋈∈⊥∋⊙⊡⊣
⊢≻⋈∈⊥∋≻⋈∈⊥∋≻⋈∈⊥∋≻⋈∈⊤∋≻⋈∈⊥∋≻⋈∈⊥∋≻⋈∈⊥∋≻⋈∈⊤∋≻⋈∈⊤∋≻⋈∈⊤∋≻⋈∈⊥∋⊙⊡⊣
⊢≻⋈∈⊥∋≻⋈∈⊤∋≻⋈∈⊥∋≻⋈∈⊥∋≻⋈∈⊤∋≻⋈∈⊤∋≻⋈∈⊥∋≻⋈∈⊥∋≻⋈∈⊤∋≻⋈∈⊥∋≻⋈∈⊥∋⊙⊡⊣
⊢≻⋈∈⊤∋≻⋈∈⊤∋≻⋈∈⊤∋≻⋈∈⊤∋≻⋈∈⊤∋≻⋈∈⊥∋≻⋈∈⊤∋≻⋈∈⊤∋≻⋈∈⊤∋≻⋈∈⊤∋≻⋈∈⊤∋≻⋈∈⊤∋≻⋈∈⊤∋≻⋈∈⊤∋≻⋈∈⊥∋⊙⊡⊣
⊢≻⋈∈⊤∋≻⋈∈⊤∋≻⋈∈⊥∋≻⋈∈⊥∋≻⋈∈⊥∋≻⋈∈⊥∋≻⋈∈⊥∋⊙⊡⊣
⊢≻⋈∈⊤∋≻⋈∈⊥∋≻⋈∈⊥∋≻⋈∈⊤∋≻⋈∈⊥∋≻⋈∈⊥∋≻⋈∈⊤∋≻⋈∈⊤∋≻⋈∈⊥∋⊙⊡⊣
⊢≻⋈∈⊥∋≻⋈∈⊥∋≻⋈∈⊥∋⊙⊡⊣
⊢≻⋈∈⊥∋≻⋈∈⊤∋≻⋈∈⊤∋≻⋈∈⊥∋≻⋈∈⊤∋≻⋈∈⊥∋⊙⊡⊣
⊢≻⋈∈⊥∋≻⋈∈⊥∋≻⋈∈⊤∋≻⋈∈⊤∋≻⋈∈⊤∋≻⋈∈⊤∋≻⋈∈⊤∋≻⋈∈⊤∋≻⋈∈⊥∋⊙⊡⊣
⊢≻⋈∈⊤∋≻⋈∈⊤∋≻⋈∈⊥∋≻⋈∈⊥∋≻⋈∈⊤∋≻⋈∈⊤∋≻⋈∈⊤∋≻⋈∈⊤∋≻⋈∈⊥∋≻⋈∈⊥∋≻⋈∈⊤∋≻⋈∈⊤∋≻⋈∈⊥∋≻⋈∈⊤∋≻⋈∈⊤∋≻⋈∈⊥∋⊙⊡⊣
⊢≻⋈∈⊥∋≻⋈∈⊤∋≻⋈∈⊥∋≻⋈∈⊤∋≻⋈∈⊥∋≻⋈∈⊤∋≻⋈∈⊥∋≻⋈∈⊤∋≻⋈∈⊥∋⊙⊡⊣
⊢≻⋈∈⊤∋≻⋈∈⊥∋≻⋈∈⊥∋≻⋈∈⊥∋≻⋈∈⊥∋≻⋈∈⊤∋≻⋈∈⊤∋≻⋈∈⊤∋≻⋈∈⊥∋⊙⊡⊣
⊢≻⋈∈⊥∋≻⋈∈⊥∋≻⋈∈⊥∋≻⋈∈⊤∋≻⋈∈⊥∋≻⋈∈⊥∋≻⋈∈⊥∋≻⋈∈⊤∋≻⋈∈⊤∋≻⋈∈⊤∋≻⋈∈⊥∋⊙⊡⊣
⊢≻⋈∈⊥∋≻⋈∈⊤∋≻⋈∈⊥∋≻⋈∈⊥∋≻⋈∈⊤∋≻⋈∈⊤∋≻⋈∈⊥∋≻⋈∈⊥∋≻⋈∈⊤∋≻⋈∈⊥∋≻⋈∈⊥∋⊙⊡⊣
⊢≻⋈∈⊤∋≻⋈∈⊤∋≻⋈∈⊤∋≻⋈∈⊤∋≻⋈∈⊥∋≻⋈∈⊤∋≻⋈∈⊥∋≻⋈∈⊤∋≻⋈∈⊤∋≻⋈∈⊤∋≻⋈∈⊤∋≻⋈∈⊤∋≻⋈∈⊤∋≻⋈∈⊤∋≻⋈∈⊥∋⊙⊡⊣
⊢≻⋈∈⊤∋≻⋈∈⊤∋≻⋈∈⊥∋≻⋈∈⊥∋≻⋈∈⊥∋≻⋈∈⊥∋≻⋈∈⊥∋⊙⊡⊣
⊢≻⋈∈⊥∋≻⋈∈⊥∋≻⋈∈⊥∋≻⋈∈⊤∋≻⋈∈⊥∋≻⋈∈⊥∋≻⋈∈⊤∋≻⋈∈⊤∋≻⋈∈⊥∋⊙⊡⊣
⊢≻⋈∈⊥∋≻⋈∈⊥∋≻⋈∈⊤∋≻⋈∈⊤∋≻⋈∈⊥∋⊙⊡⊣
⊢≻⋈∈⊥∋≻⋈∈⊤∋≻⋈∈⊥∋≻⋈∈⊥∋≻⋈∈⊥∋⊙⊡⊣
⊢≻⋈∈⊤∋≻⋈∈⊤∋≻⋈∈⊥∋≻⋈∈⊤∋≻⋈∈⊤∋≻⋈∈⊤∋≻⋈∈⊤∋≻⋈∈⊤∋≻⋈∈⊥∋⊙⊡⊣
⊢≻⋈∈⊤∋≻⋈∈⊤∋≻⋈∈⊥∋≻⋈∈⊥∋≻⋈∈⊥∋≻⋈∈⊤∋≻⋈∈⊤∋≻⋈∈⊥∋≻⋈∈⊥∋≻⋈∈⊥∋≻⋈∈⊤∋≻⋈∈⊤∋≻⋈∈⊥∋≻⋈∈⊤∋≻⋈∈⊤∋≻⋈∈⊥∋⊙⊡⊣
⊢≻⋈∈⊥∋≻⋈∈⊥∋≻⋈∈⊥∋≻⋈∈⊤∋≻⋈∈⊥∋≻⋈∈⊤∋≻⋈∈⊥∋≻⋈∈⊤∋≻⋈∈⊥∋⊙⊡⊣
⊢≻⋈∈⊥∋≻⋈∈⊤∋≻⋈∈⊤∋≻⋈∈⊤∋≻⋈∈⊤∋≻⋈∈⊥∋≻⋈∈⊤∋≻⋈∈⊤∋≻⋈∈⊥∋⊙⊡⊣
⊢≻⋈∈⊥∋≻⋈∈⊥∋≻⋈∈⊥∋≻⋈∈⊤∋≻⋈∈⊥∋≻⋈∈⊥∋≻⋈∈⊥∋≻⋈∈⊤∋≻⋈∈⊤∋≻⋈∈⊤∋≻⋈∈⊥∋⊙⊡⊣
⊢≻⋈∈⊥∋≻⋈∈⊤∋≻⋈∈⊥∋≻⋈∈⊥∋≻⋈∈⊤∋≻⋈∈⊤∋≻⋈∈⊥∋≻⋈∈⊥∋≻⋈∈⊤∋≻⋈∈⊥∋≻⋈∈⊥∋⊙⊡⊣
⊢≻⋈∈⊤∋≻⋈∈⊤∋≻⋈∈⊤∋≻⋈∈⊤∋≻⋈∈⊥∋≻⋈∈⊥∋≻⋈∈⊤∋≻⋈∈⊥∋≻⋈∈⊤∋≻⋈∈⊤∋≻⋈∈⊤∋≻⋈∈⊤∋≻⋈∈⊤∋≻⋈∈⊤∋≻⋈∈⊥∋⊙⊡⊣
⊢≻⋈∈⊤∋≻⋈∈⊤∋≻⋈∈⊥∋≻⋈∈⊥∋≻⋈∈⊥∋≻⋈∈⊥∋≻⋈∈⊥∋⊙⊡⊣
⊢≻⋈∈⊤∋≻⋈∈⊤∋≻⋈∈⊤∋≻⋈∈⊥∋≻⋈∈⊥∋≻⋈∈⊥∋≻⋈∈⊤∋≻⋈∈⊤∋≻⋈∈⊥∋⊙⊡⊣
⊢≻⋈∈⊥∋≻⋈∈⊥∋≻⋈∈⊤∋≻⋈∈⊤∋≻⋈∈⊥∋⊙⊡⊣
⊢≻⋈∈⊤∋≻⋈∈⊥∋≻⋈∈⊥∋≻⋈∈⊥∋≻⋈∈⊥∋⊙⊡⊣
⊢≻⋈∈⊥∋≻⋈∈⊤∋≻⋈∈⊥∋≻⋈∈⊤∋≻⋈∈⊤∋≻⋈∈⊤∋≻⋈∈⊤∋≻⋈∈⊤∋≻⋈∈⊥∋⊙⊡⊣
⊢≻⋈∈⊤∋≻⋈∈⊤∋≻⋈∈⊥∋≻⋈∈⊥∋≻⋈∈⊤∋≻⋈∈⊥∋≻⋈∈⊤∋≻⋈∈⊤∋≻⋈∈⊤∋≻⋈∈⊤∋≻⋈∈⊥∋≻⋈∈⊤∋≻⋈∈⊥∋≻⋈∈⊤∋≻⋈∈⊤∋≻⋈∈⊥∋⊙⊡⊣
⊢≻⋈∈⊤∋≻⋈∈⊤∋≻⋈∈⊤∋≻⋈∈⊥∋≻⋈∈⊥∋≻⋈∈⊤∋≻⋈∈⊥∋≻⋈∈⊤∋≻⋈∈⊥∋⊙⊡⊣
⊢≻⋈∈⊥∋≻⋈∈⊥∋≻⋈∈⊤∋≻⋈∈⊤∋≻⋈∈⊤∋≻⋈∈⊥∋≻⋈∈⊤∋≻⋈∈⊤∋≻⋈∈⊥∋⊙⊡⊣
⊢≻⋈∈⊥∋≻⋈∈⊥∋≻⋈∈⊥∋≻⋈∈⊤∋≻⋈∈⊥∋≻⋈∈⊥∋≻⋈∈⊥∋≻⋈∈⊤∋≻⋈∈⊤∋≻⋈∈⊤∋≻⋈∈⊥∋⊙⊡⊣
⊢≻⋈∈⊥∋≻⋈∈⊤∋≻⋈∈⊥∋≻⋈∈⊥∋≻⋈∈⊤∋≻⋈∈⊤∋≻⋈∈⊥∋≻⋈∈⊥∋≻⋈∈⊤∋≻⋈∈⊥∋≻⋈∈⊥∋⊙⊡⊣
⊢≻⋈∈⊤∋≻⋈∈⊤∋≻⋈∈⊤∋≻⋈∈⊤∋≻⋈∈⊤∋≻⋈∈⊥∋≻⋈∈⊥∋≻⋈∈⊥∋≻⋈∈⊤∋≻⋈∈⊤∋≻⋈∈⊤∋≻⋈∈⊤∋≻⋈∈⊤∋≻⋈∈⊤∋≻⋈∈⊥∋⊙⊡⊣
⊢≻⋈∈⊤∋≻⋈∈⊤∋≻⋈∈⊥∋≻⋈∈⊥∋≻⋈∈⊥∋≻⋈∈⊥∋≻⋈∈⊥∋⊙⊡⊣
⊢≻⋈∈⊥∋≻⋈∈⊤∋≻⋈∈⊤∋≻⋈∈⊥∋≻⋈∈⊥∋≻⋈∈⊥∋≻⋈∈⊤∋≻⋈∈⊤∋≻⋈∈⊥∋⊙⊡⊣
⊢≻⋈∈⊤∋≻⋈∈⊤∋≻⋈∈⊤∋≻⋈∈⊥∋⊙⊡⊣
⊢≻⋈∈⊤∋≻⋈∈⊤∋≻⋈∈⊤∋≻⋈∈⊥∋≻⋈∈⊤∋≻⋈∈⊥∋⊙⊡⊣
⊢≻⋈∈⊤∋≻⋈∈⊥∋≻⋈∈⊥∋≻⋈∈⊤∋≻⋈∈⊤∋≻⋈∈⊤∋≻⋈∈⊤∋≻⋈∈⊤∋≻⋈∈⊥∋⊙⊡⊣
⊢≻⋈∈⊥∋≻⋈∈⊥∋≻⋈∈⊥∋≻⋈∈⊥∋≻⋈∈⊥∋≻⋈∈⊥∋≻⋈∈⊤∋≻⋈∈⊥∋≻⋈∈⊤∋≻⋈∈⊤∋≻⋈∈⊥∋≻⋈∈⊤∋≻⋈∈⊥∋≻⋈∈⊤∋≻⋈∈⊤∋≻⋈∈⊥∋⊙⊡⊣
⊢≻⋈∈⊥∋≻⋈∈⊤∋≻⋈∈⊤∋≻⋈∈⊥∋≻⋈∈⊥∋≻⋈∈⊤∋≻⋈∈⊥∋≻⋈∈⊤∋≻⋈∈⊥∋⊙⊡⊣
⊢≻⋈∈⊥∋≻⋈∈⊥∋≻⋈∈⊤∋≻⋈∈⊤∋≻⋈∈⊤∋≻⋈∈⊥∋≻⋈∈⊤∋≻⋈∈⊤∋≻⋈∈⊥∋⊙⊡⊣
⊢≻⋈∈⊥∋≻⋈∈⊥∋≻⋈∈⊥∋≻⋈∈⊤∋≻⋈∈⊥∋≻⋈∈⊥∋≻⋈∈⊥∋≻⋈∈⊤∋≻⋈∈⊤∋≻⋈∈⊤∋≻⋈∈⊥∋⊙⊡⊣
⊢≻⋈∈⊥∋≻⋈∈⊤∋≻⋈∈⊥∋≻⋈∈⊥∋≻⋈∈⊤∋≻⋈∈⊤∋≻⋈∈⊥∋≻⋈∈⊥∋≻⋈∈⊤∋≻⋈∈⊥∋≻⋈∈⊥∋⊙⊡⊣
⊢≻⋈∈⊤∋≻⋈∈⊤∋≻⋈∈⊤∋≻⋈∈⊤∋≻⋈∈⊥∋≻⋈∈⊤∋≻⋈∈⊤∋≻⋈∈⊤∋≻⋈∈⊥∋≻⋈∈⊤∋≻⋈∈⊤∋≻⋈∈⊤∋≻⋈∈⊤∋≻⋈∈⊤∋≻⋈∈⊥∋⊙⊡⊣
⊢≻⋈∈⊤∋≻⋈∈⊤∋≻⋈∈⊥∋≻⋈∈⊥∋≻⋈∈⊥∋≻⋈∈⊥∋≻⋈∈⊥∋⊙⊡⊣
⊢≻⋈∈⊤∋≻⋈∈⊤∋≻⋈∈⊥∋≻⋈∈⊥∋≻⋈∈⊥∋≻⋈∈⊥∋≻⋈∈⊤∋≻⋈∈⊤∋≻⋈∈⊥∋⊙⊡⊣
⊢≻⋈∈⊥∋≻⋈∈⊤∋≻⋈∈⊤∋≻⋈∈⊥∋⊙⊡⊣
⊢≻⋈∈⊥∋≻⋈∈⊥∋≻⋈∈⊥∋≻⋈∈⊤∋≻⋈∈⊤∋≻⋈∈⊥∋⊙⊡⊣
⊢≻⋈∈⊥∋≻⋈∈⊥∋≻⋈∈⊥∋≻⋈∈⊤∋≻⋈∈⊤∋≻⋈∈⊤∋≻⋈∈⊤∋≻⋈∈⊤∋≻⋈∈⊥∋⊙⊡⊣
⊢≻⋈∈⊤∋≻⋈∈⊥∋≻⋈∈⊤∋≻⋈∈⊤∋≻⋈∈⊥∋≻⋈∈⊤∋≻⋈∈⊥∋≻⋈∈⊤∋≻⋈∈⊥∋≻⋈∈⊤∋≻⋈∈⊥∋≻⋈∈⊤∋≻⋈∈⊥∋≻⋈∈⊤∋≻⋈∈⊤∋≻⋈∈⊥∋⊙⊡⊣
⊢≻⋈∈⊥∋≻⋈∈⊤∋≻⋈∈⊥∋≻⋈∈⊥∋≻⋈∈⊥∋≻⋈∈⊤∋≻⋈∈⊥∋≻⋈∈⊤∋≻⋈∈⊥∋⊙⊡⊣
⊢≻⋈∈⊥∋≻⋈∈⊥∋≻⋈∈⊤∋≻⋈∈⊤∋≻⋈∈⊤∋≻⋈∈⊥∋≻⋈∈⊤∋≻⋈∈⊤∋≻⋈∈⊥∋⊙⊡⊣
⊢≻⋈∈⊥∋≻⋈∈⊥∋≻⋈∈⊥∋≻⋈∈⊤∋≻⋈∈⊥∋≻⋈∈⊥∋≻⋈∈⊥∋≻⋈∈⊤∋≻⋈∈⊤∋≻⋈∈⊤∋≻⋈∈⊥∋⊙⊡⊣
⊢≻⋈∈⊥∋≻⋈∈⊤∋≻⋈∈⊥∋≻⋈∈⊥∋≻⋈∈⊤∋≻⋈∈⊤∋≻⋈∈⊥∋≻⋈∈⊥∋≻⋈∈⊤∋≻⋈∈⊥∋≻⋈∈⊥∋⊙⊡⊣
⊢≻⋈∈⊤∋≻⋈∈⊤∋≻⋈∈⊤∋≻⋈∈⊤∋≻⋈∈⊥∋≻⋈∈⊤∋≻⋈∈⊥∋≻⋈∈⊥∋≻⋈∈⊥∋≻⋈∈⊤∋≻⋈∈⊤∋≻⋈∈⊤∋≻⋈∈⊤∋≻⋈∈⊤∋≻⋈∈⊥∋⊙⊡⊣
⊢≻⋈∈⊤∋≻⋈∈⊤∋≻⋈∈⊥∋≻⋈∈⊥∋≻⋈∈⊥∋≻⋈∈⊥∋≻⋈∈⊥∋⊙⊡⊣
⊢≻⋈∈⊥∋≻⋈∈⊥∋≻⋈∈⊥∋≻⋈∈⊥∋≻⋈∈⊥∋≻⋈∈⊥∋≻⋈∈⊤∋≻⋈∈⊤∋≻⋈∈⊥∋⊙⊡⊣
⊢≻⋈∈⊤∋≻⋈∈⊥∋≻⋈∈⊤∋≻⋈∈⊥∋⊙⊡⊣
⊢≻⋈∈⊤∋≻⋈∈⊥∋≻⋈∈⊥∋≻⋈∈⊤∋≻⋈∈⊤∋≻⋈∈⊥∋⊙⊡⊣
⊢≻⋈∈⊤∋≻⋈∈⊤∋≻⋈∈⊤∋≻⋈∈⊥∋≻⋈∈⊤∋≻⋈∈⊤∋≻⋈∈⊤∋≻⋈∈⊤∋≻⋈∈⊥∋⊙⊡⊣
⊢≻⋈∈⊥∋≻⋈∈⊤∋≻⋈∈⊥∋≻⋈∈⊤∋≻⋈∈⊤∋≻⋈∈⊥∋≻⋈∈⊥∋≻⋈∈⊥∋≻⋈∈⊥∋≻⋈∈⊤∋≻⋈∈⊥∋≻⋈∈⊤∋≻⋈∈⊥∋≻⋈∈⊤∋≻⋈∈⊤∋≻⋈∈⊥∋⊙⊡⊣
⊢≻⋈∈⊥∋≻⋈∈⊤∋≻⋈∈⊤∋≻⋈∈⊤∋≻⋈∈⊤∋≻⋈∈⊥∋≻⋈∈⊥∋≻⋈∈⊤∋≻⋈∈⊥∋⊙⊡⊣
⊢≻⋈∈⊤∋≻⋈∈⊤∋≻⋈∈⊤∋≻⋈∈⊥∋≻⋈∈⊤∋≻⋈∈⊥∋≻⋈∈⊤∋≻⋈∈⊤∋≻⋈∈⊥∋⊙⊡⊣
⊢≻⋈∈⊥∋≻⋈∈⊥∋≻⋈∈⊥∋≻⋈∈⊤∋≻⋈∈⊥∋≻⋈∈⊥∋≻⋈∈⊥∋≻⋈∈⊤∋≻⋈∈⊤∋≻⋈∈⊤∋≻⋈∈⊥∋⊙⊡⊣
⊢≻⋈∈⊥∋≻⋈∈⊤∋≻⋈∈⊥∋≻⋈∈⊥∋≻⋈∈⊤∋≻⋈∈⊤∋≻⋈∈⊥∋≻⋈∈⊥∋≻⋈∈⊤∋≻⋈∈⊥∋≻⋈∈⊥∋⊙⊡⊣
⊢≻⋈∈⊤∋≻⋈∈⊤∋≻⋈∈⊤∋≻⋈∈⊤∋≻⋈∈⊥∋≻⋈∈⊤∋≻⋈∈⊤∋≻⋈∈⊥∋≻⋈∈⊤∋≻⋈∈⊥∋≻⋈∈⊤∋≻⋈∈⊤∋≻⋈∈⊤∋≻⋈∈⊤∋≻⋈∈⊥∋⊙⊡⊣
⊢≻⋈∈⊤∋≻⋈∈⊤∋≻⋈∈⊥∋≻⋈∈⊥∋≻⋈∈⊥∋≻⋈∈⊥∋≻⋈∈⊥∋⊙⊡⊣
⊢≻⋈∈⊤∋≻⋈∈⊤∋≻⋈∈⊤∋≻⋈∈⊤∋≻⋈∈⊤∋≻⋈∈⊤∋≻⋈∈⊥∋≻⋈∈⊤∋≻⋈∈⊥∋⊙⊡⊣
⊢≻⋈∈⊤∋≻⋈∈⊥∋≻⋈∈⊤∋≻⋈∈⊥∋⊙⊡⊣
⊢≻⋈∈⊥∋≻⋈∈⊥∋≻⋈∈⊥∋≻⋈∈⊤∋≻⋈∈⊤∋≻⋈∈⊥∋⊙⊡⊣
⊢≻⋈∈⊥∋≻⋈∈⊤∋≻⋈∈⊤∋≻⋈∈⊥∋≻⋈∈⊤∋≻⋈∈⊤∋≻⋈∈⊤∋≻⋈∈⊤∋≻⋈∈⊥∋⊙⊡⊣
⊢≻⋈∈⊥∋≻⋈∈⊤∋≻⋈∈⊥∋≻⋈∈⊤∋≻⋈∈⊥∋≻⋈∈⊥∋≻⋈∈⊥∋≻⋈∈⊤∋≻⋈∈⊤∋≻⋈∈⊥∋≻⋈∈⊥∋≻⋈∈⊤∋≻⋈∈⊥∋≻⋈∈⊤∋≻⋈∈⊤∋≻⋈∈⊥∋⊙⊡⊣
⊢≻⋈∈⊤∋≻⋈∈⊥∋≻⋈∈⊤∋≻⋈∈⊤∋≻⋈∈⊤∋≻⋈∈⊥∋≻⋈∈⊥∋≻⋈∈⊤∋≻⋈∈⊥∋⊙⊡⊣
⊢≻⋈∈⊤∋≻⋈∈⊥∋≻⋈∈⊤∋≻⋈∈⊥∋≻⋈∈⊤∋≻⋈∈⊥∋≻⋈∈⊤∋≻⋈∈⊤∋≻⋈∈⊥∋⊙⊡⊣
⊢≻⋈∈⊥∋≻⋈∈⊥∋≻⋈∈⊥∋≻⋈∈⊤∋≻⋈∈⊥∋≻⋈∈⊥∋≻⋈∈⊥∋≻⋈∈⊤∋≻⋈∈⊤∋≻⋈∈⊤∋≻⋈∈⊥∋⊙⊡⊣
⊢≻⋈∈⊥∋≻⋈∈⊤∋≻⋈∈⊥∋≻⋈∈⊥∋≻⋈∈⊤∋≻⋈∈⊤∋≻⋈∈⊥∋≻⋈∈⊥∋≻⋈∈⊤∋≻⋈∈⊥∋≻⋈∈⊥∋⊙⊡⊣
⊢≻⋈∈⊤∋≻⋈∈⊤∋≻⋈∈⊤∋≻⋈∈⊤∋≻⋈∈⊤∋≻⋈∈⊤∋≻⋈∈⊥∋≻⋈∈⊥∋≻⋈∈⊤∋≻⋈∈⊥∋≻⋈∈⊤∋≻⋈∈⊤∋≻⋈∈⊤∋≻⋈∈⊤∋≻⋈∈⊥∋⊙⊡⊣
⊢≻⋈∈⊤∋≻⋈∈⊤∋≻⋈∈⊥∋≻⋈∈⊥∋≻⋈∈⊥∋≻⋈∈⊥∋≻⋈∈⊥∋⊙⊡⊣
⊢≻⋈∈⊥∋≻⋈∈⊥∋≻⋈∈⊤∋≻⋈∈⊤∋≻⋈∈⊤∋≻⋈∈⊤∋≻⋈∈⊥∋≻⋈∈⊤∋≻⋈∈⊥∋⊙⊡⊣
⊢≻⋈∈⊥∋≻⋈∈⊥∋≻⋈∈⊤∋≻⋈∈⊥∋⊙⊡⊣
⊢≻⋈∈⊥∋≻⋈∈⊤∋≻⋈∈⊥∋≻⋈∈⊤∋≻⋈∈⊤∋≻⋈∈⊥∋⊙⊡⊣
⊢≻⋈∈⊤∋≻⋈∈⊥∋≻⋈∈⊤∋≻⋈∈⊥∋≻⋈∈⊤∋≻⋈∈⊤∋≻⋈∈⊤∋≻⋈∈⊤∋≻⋈∈⊥∋⊙⊡⊣
⊢≻⋈∈⊥∋≻⋈∈⊤∋≻⋈∈⊥∋≻⋈∈⊤∋≻⋈∈⊤∋≻⋈∈⊤∋≻⋈∈⊤∋≻⋈∈⊤∋≻⋈∈⊥∋≻⋈∈⊥∋≻⋈∈⊥∋≻⋈∈⊤∋≻⋈∈⊥∋≻⋈∈⊤∋≻⋈∈⊤∋≻⋈∈⊥∋⊙⊡⊣
⊢≻⋈∈⊥∋≻⋈∈⊤∋≻⋈∈⊥∋≻⋈∈⊤∋≻⋈∈⊤∋≻⋈∈⊥∋≻⋈∈⊥∋≻⋈∈⊤∋≻⋈∈⊥∋⊙⊡⊣
⊢≻⋈∈⊤∋≻⋈∈⊤∋≻⋈∈⊥∋≻⋈∈⊥∋≻⋈∈⊤∋≻⋈∈⊥∋≻⋈∈⊤∋≻⋈∈⊤∋≻⋈∈⊥∋⊙⊡⊣
⊢≻⋈∈⊥∋≻⋈∈⊥∋≻⋈∈⊥∋≻⋈∈⊤∋≻⋈∈⊥∋≻⋈∈⊥∋≻⋈∈⊥∋≻⋈∈⊤∋≻⋈∈⊤∋≻⋈∈⊤∋≻⋈∈⊥∋⊙⊡⊣
⊢≻⋈∈⊥∋≻⋈∈⊤∋≻⋈∈⊥∋≻⋈∈⊥∋≻⋈∈⊤∋≻⋈∈⊤∋≻⋈∈⊥∋≻⋈∈⊥∋≻⋈∈⊤∋≻⋈∈⊥∋≻⋈∈⊥∋⊙⊡⊣
⊢≻⋈∈⊤∋≻⋈∈⊤∋≻⋈∈⊤∋≻⋈∈⊤∋≻⋈∈⊥∋≻⋈∈⊤∋≻⋈∈⊥∋≻⋈∈⊤∋≻⋈∈⊥∋≻⋈∈⊥∋≻⋈∈⊤∋≻⋈∈⊤∋≻⋈∈⊤∋≻⋈∈⊤∋≻⋈∈⊥∋⊙⊡⊣
⊢≻⋈∈⊤∋≻⋈∈⊤∋≻⋈∈⊥∋≻⋈∈⊥∋≻⋈∈⊥∋≻⋈∈⊥∋≻⋈∈⊥∋⊙⊡⊣
⊢≻⋈∈⊤∋≻⋈∈⊤∋≻⋈∈⊤∋≻⋈∈⊤∋≻⋈∈⊥∋≻⋈∈⊤∋≻⋈∈⊥∋≻⋈∈⊤∋≻⋈∈⊥∋⊙⊡⊣
⊢≻⋈∈⊥∋≻⋈∈⊥∋≻⋈∈⊥∋≻⋈∈⊤∋≻⋈∈⊥∋⊙⊡⊣
⊢≻⋈∈⊤∋≻⋈∈⊥∋≻⋈∈⊤∋≻⋈∈⊥∋≻⋈∈⊥∋⊙⊡⊣
⊢≻⋈∈⊥∋≻⋈∈⊥∋≻⋈∈⊤∋≻⋈∈⊥∋≻⋈∈⊤∋≻⋈∈⊤∋≻⋈∈⊤∋≻⋈∈⊤∋≻⋈∈⊥∋⊙⊡⊣
⊢≻⋈∈⊥∋≻⋈∈⊥∋≻⋈∈⊥∋≻⋈∈⊥∋≻⋈∈⊤∋≻⋈∈⊤∋≻⋈∈⊤∋≻⋈∈⊥∋≻⋈∈⊥∋≻⋈∈⊥∋≻⋈∈⊥∋≻⋈∈⊤∋≻⋈∈⊥∋≻⋈∈⊤∋≻⋈∈⊤∋≻⋈∈⊥∋⊙⊡⊣
⊢≻⋈∈⊤∋≻⋈∈⊥∋≻⋈∈⊥∋≻⋈∈⊤∋≻⋈∈⊥∋≻⋈∈⊥∋≻⋈∈⊥∋≻⋈∈⊤∋≻⋈∈⊥∋⊙⊡⊣
⊢≻⋈∈⊥∋≻⋈∈⊥∋≻⋈∈⊥∋≻⋈∈⊥∋≻⋈∈⊥∋≻⋈∈⊥∋≻⋈∈⊤∋≻⋈∈⊤∋≻⋈∈⊥∋⊙⊡⊣
⊢≻⋈∈⊥∋≻⋈∈⊥∋≻⋈∈⊥∋≻⋈∈⊤∋≻⋈∈⊥∋≻⋈∈⊥∋≻⋈∈⊥∋≻⋈∈⊤∋≻⋈∈⊤∋≻⋈∈⊤∋≻⋈∈⊥∋⊙⊡⊣
⊢≻⋈∈⊥∋≻⋈∈⊤∋≻⋈∈⊥∋≻⋈∈⊥∋≻⋈∈⊤∋≻⋈∈⊤∋≻⋈∈⊥∋≻⋈∈⊥∋≻⋈∈⊤∋≻⋈∈⊥∋≻⋈∈⊥∋⊙⊡⊣
⊢≻⋈∈⊤∋≻⋈∈⊤∋≻⋈∈⊤∋≻⋈∈⊤∋≻⋈∈⊤∋≻⋈∈⊤∋≻⋈∈⊤∋≻⋈∈⊥∋≻⋈∈⊤∋≻⋈∈⊥∋≻⋈∈⊥∋≻⋈∈⊤∋≻⋈∈⊤∋≻⋈∈⊤∋≻⋈∈⊥∋⊙⊡⊣
⊢≻⋈∈⊤∋≻⋈∈⊤∋≻⋈∈⊥∋≻⋈∈⊥∋≻⋈∈⊥∋≻⋈∈⊥∋≻⋈∈⊥∋⊙⊡⊣
⊢≻⋈∈⊥∋≻⋈∈⊤∋≻⋈∈⊤∋≻⋈∈⊤∋≻⋈∈⊥∋≻⋈∈⊤∋≻⋈∈⊥∋≻⋈∈⊤∋≻⋈∈⊥∋⊙⊡⊣
⊢≻⋈∈⊤∋≻⋈∈⊥∋≻⋈∈⊥∋≻⋈∈⊤∋≻⋈∈⊥∋⊙⊡⊣
⊢≻⋈∈⊤∋≻⋈∈⊥∋≻⋈∈⊤∋≻⋈∈⊥∋≻⋈∈⊥∋⊙⊡⊣
⊢≻⋈∈⊤∋≻⋈∈⊤∋≻⋈∈⊥∋≻⋈∈⊥∋≻⋈∈⊤∋≻⋈∈⊤∋≻⋈∈⊤∋≻⋈∈⊤∋≻⋈∈⊥∋⊙⊡⊣
⊢≻⋈∈⊤∋≻⋈∈⊥∋≻⋈∈⊤∋≻⋈∈⊤∋≻⋈∈⊤∋≻⋈∈⊥∋≻⋈∈⊤∋≻⋈∈⊤∋≻⋈∈⊤∋≻⋈∈⊤∋≻⋈∈⊤∋≻⋈∈⊥∋≻⋈∈⊥∋≻⋈∈⊤∋≻⋈∈⊤∋≻⋈∈⊥∋⊙⊡⊣
⊢≻⋈∈⊥∋≻⋈∈⊤∋≻⋈∈⊤∋≻⋈∈⊥∋≻⋈∈⊥∋≻⋈∈⊥∋≻⋈∈⊥∋≻⋈∈⊤∋≻⋈∈⊥∋⊙⊡⊣
⊢≻⋈∈⊤∋≻⋈∈⊥∋≻⋈∈⊤∋≻⋈∈⊤∋≻⋈∈⊤∋≻⋈∈⊤∋≻⋈∈⊥∋≻⋈∈⊤∋≻⋈∈⊥∋⊙⊡⊣
⊢≻⋈∈⊥∋≻⋈∈⊥∋≻⋈∈⊥∋≻⋈∈⊤∋≻⋈∈⊥∋≻⋈∈⊥∋≻⋈∈⊥∋≻⋈∈⊤∋≻⋈∈⊤∋≻⋈∈⊤∋≻⋈∈⊥∋⊙⊡⊣
⊢≻⋈∈⊥∋≻⋈∈⊤∋≻⋈∈⊥∋≻⋈∈⊥∋≻⋈∈⊤∋≻⋈∈⊤∋≻⋈∈⊥∋≻⋈∈⊥∋≻⋈∈⊤∋≻⋈∈⊥∋≻⋈∈⊥∋⊙⊡⊣
⊢≻⋈∈⊤∋≻⋈∈⊤∋≻⋈∈⊤∋≻⋈∈⊤∋≻⋈∈⊥∋≻⋈∈⊤∋≻⋈∈⊤∋≻⋈∈⊤∋≻⋈∈⊥∋≻⋈∈⊥∋≻⋈∈⊥∋≻⋈∈⊤∋≻⋈∈⊤∋≻⋈∈⊤∋≻⋈∈⊥∋⊙⊡⊣
⊢≻⋈∈⊤∋≻⋈∈⊤∋≻⋈∈⊥∋≻⋈∈⊥∋≻⋈∈⊥∋≻⋈∈⊥∋≻⋈∈⊥∋⊙⊡⊣
⊢≻⋈∈⊤∋≻⋈∈⊥∋≻⋈∈⊤∋≻⋈∈⊤∋≻⋈∈⊥∋≻⋈∈⊤∋≻⋈∈⊥∋≻⋈∈⊤∋≻⋈∈⊥∋⊙⊡⊣
⊢≻⋈∈⊤∋≻⋈∈⊥∋≻⋈∈⊥∋≻⋈∈⊤∋≻⋈∈⊥∋⊙⊡⊣
⊢≻⋈∈⊥∋≻⋈∈⊥∋≻⋈∈⊤∋≻⋈∈⊥∋≻⋈∈⊥∋⊙⊡⊣
⊢≻⋈∈⊥∋≻⋈∈⊤∋≻⋈∈⊥∋≻⋈∈⊥∋≻⋈∈⊤∋≻⋈∈⊤∋≻⋈∈⊤∋≻⋈∈⊤∋≻⋈∈⊥∋⊙⊡⊣
⊢≻⋈∈⊤∋≻⋈∈⊥∋≻⋈∈⊤∋≻⋈∈⊤∋≻⋈∈⊥∋≻⋈∈⊥∋≻⋈∈⊤∋≻⋈∈⊥∋≻⋈∈⊤∋≻⋈∈⊤∋≻⋈∈⊤∋≻⋈∈⊥∋≻⋈∈⊥∋≻⋈∈⊤∋≻⋈∈⊤∋≻⋈∈⊥∋⊙⊡⊣
⊢≻⋈∈⊤∋≻⋈∈⊥∋≻⋈∈⊤∋≻⋈∈⊥∋≻⋈∈⊥∋≻⋈∈⊥∋≻⋈∈⊥∋≻⋈∈⊤∋≻⋈∈⊥∋⊙⊡⊣
⊢≻⋈∈⊤∋≻⋈∈⊤∋≻⋈∈⊥∋≻⋈∈⊤∋≻⋈∈⊤∋≻⋈∈⊤∋≻⋈∈⊥∋≻⋈∈⊤∋≻⋈∈⊥∋⊙⊡⊣
⊢≻⋈∈⊥∋≻⋈∈⊥∋≻⋈∈⊥∋≻⋈∈⊤∋≻⋈∈⊥∋≻⋈∈⊥∋≻⋈∈⊥∋≻⋈∈⊤∋≻⋈∈⊤∋≻⋈∈⊤∋≻⋈∈⊥∋⊙⊡⊣
⊢≻⋈∈⊥∋≻⋈∈⊤∋≻⋈∈⊥∋≻⋈∈⊥∋≻⋈∈⊤∋≻⋈∈⊤∋≻⋈∈⊥∋≻⋈∈⊥∋≻⋈∈⊤∋≻⋈∈⊥∋≻⋈∈⊥∋⊙⊡⊣
⊢≻⋈∈⊤∋≻⋈∈⊤∋≻⋈∈⊤∋≻⋈∈⊤∋≻⋈∈⊤∋≻⋈∈⊤∋≻⋈∈⊥∋≻⋈∈⊤∋≻⋈∈⊥∋≻⋈∈⊥∋≻⋈∈⊥∋≻⋈∈⊤∋≻⋈∈⊤∋≻⋈∈⊤∋≻⋈∈⊥∋⊙⊡⊣
⊢≻⋈∈⊤∋≻⋈∈⊤∋≻⋈∈⊥∋≻⋈∈⊥∋≻⋈∈⊥∋≻⋈∈⊥∋≻⋈∈⊥∋⊙⊡⊣
⊢≻⋈∈⊥∋≻⋈∈⊥∋≻⋈∈⊤∋≻⋈∈⊤∋≻⋈∈⊥∋≻⋈∈⊤∋≻⋈∈⊥∋≻⋈∈⊤∋≻⋈∈⊥∋⊙⊡⊣
⊢≻⋈∈⊥∋≻⋈∈⊤∋≻⋈∈⊥∋≻⋈∈⊤∋≻⋈∈⊥∋⊙⊡⊣
⊢≻⋈∈⊥∋≻⋈∈⊥∋≻⋈∈⊤∋≻⋈∈⊥∋≻⋈∈⊥∋⊙⊡⊣
⊢≻⋈∈⊤∋≻⋈∈⊥∋≻⋈∈⊥∋≻⋈∈⊥∋≻⋈∈⊤∋≻⋈∈⊤∋≻⋈∈⊤∋≻⋈∈⊤∋≻⋈∈⊥∋⊙⊡⊣
⊢≻⋈∈⊥∋≻⋈∈⊤∋≻⋈∈⊥∋≻⋈∈⊤∋≻⋈∈⊤∋≻⋈∈⊤∋≻⋈∈⊥∋≻⋈∈⊤∋≻⋈∈⊥∋≻⋈∈⊤∋≻⋈∈⊤∋≻⋈∈⊥∋≻⋈∈⊥∋≻⋈∈⊤∋≻⋈∈⊤∋≻⋈∈⊥∋⊙⊡⊣
⊢≻⋈∈⊥∋≻⋈∈⊤∋≻⋈∈⊥∋≻⋈∈⊥∋≻⋈∈⊥∋≻⋈∈⊥∋≻⋈∈⊥∋≻⋈∈⊤∋≻⋈∈⊥∋⊙⊡⊣
⊢≻⋈∈⊤∋≻⋈∈⊤∋≻⋈∈⊥∋≻⋈∈⊤∋≻⋈∈⊤∋≻⋈∈⊤∋≻⋈∈⊥∋≻⋈∈⊤∋≻⋈∈⊥∋⊙⊡⊣
⊢≻⋈∈⊥∋≻⋈∈⊥∋≻⋈∈⊥∋≻⋈∈⊤∋≻⋈∈⊥∋≻⋈∈⊥∋≻⋈∈⊥∋≻⋈∈⊤∋≻⋈∈⊤∋≻⋈∈⊤∋≻⋈∈⊥∋⊙⊡⊣
⊢≻⋈∈⊥∋≻⋈∈⊤∋≻⋈∈⊥∋≻⋈∈⊥∋≻⋈∈⊤∋≻⋈∈⊤∋≻⋈∈⊥∋≻⋈∈⊥∋≻⋈∈⊤∋≻⋈∈⊥∋≻⋈∈⊥∋⊙⊡⊣
⊢≻⋈∈⊤∋≻⋈∈⊤∋≻⋈∈⊤∋≻⋈∈⊤∋≻⋈∈⊥∋≻⋈∈⊤∋≻⋈∈⊥∋≻⋈∈⊥∋≻⋈∈⊥∋≻⋈∈⊥∋≻⋈∈⊥∋≻⋈∈⊤∋≻⋈∈⊤∋≻⋈∈⊤∋≻⋈∈⊥∋⊙⊡⊣
⊢≻⋈∈⊤∋≻⋈∈⊤∋≻⋈∈⊥∋≻⋈∈⊥∋≻⋈∈⊥∋≻⋈∈⊥∋≻⋈∈⊥∋⊙⊡⊣
⊢≻⋈∈⊤∋≻⋈∈⊤∋≻⋈∈⊥∋≻⋈∈⊤∋≻⋈∈⊥∋≻⋈∈⊤∋≻⋈∈⊥∋≻⋈∈⊤∋≻⋈∈⊥∋⊙⊡⊣
⊢≻⋈∈⊥∋≻⋈∈⊤∋≻⋈∈⊥∋≻⋈∈⊤∋≻⋈∈⊥∋⊙⊡⊣
⊢≻⋈∈⊤∋≻⋈∈⊤∋≻⋈∈⊥∋≻⋈∈⊥∋≻⋈∈⊥∋⊙⊡⊣
⊢≻⋈∈⊥∋≻⋈∈⊥∋≻⋈∈⊥∋≻⋈∈⊥∋≻⋈∈⊤∋≻⋈∈⊤∋≻⋈∈⊤∋≻⋈∈⊤∋≻⋈∈⊥∋⊙⊡⊣
⊢≻⋈∈⊥∋≻⋈∈⊤∋≻⋈∈⊥∋≻⋈∈⊤∋≻⋈∈⊥∋≻⋈∈⊤∋≻⋈∈⊥∋≻⋈∈⊥∋≻⋈∈⊥∋≻⋈∈⊤∋≻⋈∈⊤∋≻⋈∈⊥∋≻⋈∈⊥∋≻⋈∈⊤∋≻⋈∈⊤∋≻⋈∈⊥∋⊙⊡⊣
⊢≻⋈∈⊤∋≻⋈∈⊥∋≻⋈∈⊥∋≻⋈∈⊥∋≻⋈∈⊥∋≻⋈∈⊥∋≻⋈∈⊥∋≻⋈∈⊤∋≻⋈∈⊥∋⊙⊡⊣
⊢≻⋈∈⊤∋≻⋈∈⊤∋≻⋈∈⊥∋≻⋈∈⊤∋≻⋈∈⊤∋≻⋈∈⊤∋≻⋈∈⊥∋≻⋈∈⊤∋≻⋈∈⊥∋⊙⊡⊣
⊢≻⋈∈⊥∋≻⋈∈⊥∋≻⋈∈⊥∋≻⋈∈⊤∋≻⋈∈⊥∋≻⋈∈⊥∋≻⋈∈⊥∋≻⋈∈⊤∋≻⋈∈⊤∋≻⋈∈⊤∋≻⋈∈⊥∋⊙⊡⊣
⊢≻⋈∈⊥∋≻⋈∈⊤∋≻⋈∈⊥∋≻⋈∈⊥∋≻⋈∈⊤∋≻⋈∈⊤∋≻⋈∈⊥∋≻⋈∈⊥∋≻⋈∈⊤∋≻⋈∈⊥∋≻⋈∈⊥∋⊙⊡⊣
⊢≻⋈∈⊤∋≻⋈∈⊤∋≻⋈∈⊤∋≻⋈∈⊤∋≻⋈∈⊤∋≻⋈∈⊤∋≻⋈∈⊤∋≻⋈∈⊤∋≻⋈∈⊤∋≻⋈∈⊤∋≻⋈∈⊤∋≻⋈∈⊥∋≻⋈∈⊤∋≻⋈∈⊤∋≻⋈∈⊥∋⊙⊡⊣
⊢≻⋈∈⊤∋≻⋈∈⊤∋≻⋈∈⊥∋≻⋈∈⊥∋≻⋈∈⊥∋≻⋈∈⊥∋≻⋈∈⊥∋⊙⊡⊣
⊢≻⋈∈⊥∋≻⋈∈⊤∋≻⋈∈⊥∋≻⋈∈⊤∋≻⋈∈⊥∋≻⋈∈⊤∋≻⋈∈⊥∋≻⋈∈⊤∋≻⋈∈⊥∋⊙⊡⊣
⊢≻⋈∈⊤∋≻⋈∈⊤∋≻⋈∈⊥∋≻⋈∈⊤∋≻⋈∈⊥∋⊙⊡⊣
⊢≻⋈∈⊤∋≻⋈∈⊤∋≻⋈∈⊥∋≻⋈∈⊥∋≻⋈∈⊥∋⊙⊡⊣
⊢≻⋈∈⊤∋≻⋈∈⊤∋≻⋈∈⊤∋≻⋈∈⊤∋≻⋈∈⊥∋≻⋈∈⊤∋≻⋈∈⊤∋≻⋈∈⊤∋≻⋈∈⊥∋⊙⊡⊣
⊢≻⋈∈⊤∋≻⋈∈⊤∋≻⋈∈⊤∋≻⋈∈⊥∋≻⋈∈⊤∋≻⋈∈⊥∋≻⋈∈⊥∋≻⋈∈⊤∋≻⋈∈⊤∋≻⋈∈⊥∋≻⋈∈⊤∋≻⋈∈⊥∋≻⋈∈⊥∋≻⋈∈⊤∋≻⋈∈⊤∋≻⋈∈⊥∋⊙⊡⊣
⊢≻⋈∈⊥∋≻⋈∈⊤∋≻⋈∈⊤∋≻⋈∈⊤∋≻⋈∈⊤∋≻⋈∈⊤∋≻⋈∈⊤∋≻⋈∈⊥∋≻⋈∈⊥∋⊙⊡⊣
⊢≻⋈∈⊤∋≻⋈∈⊤∋≻⋈∈⊤∋≻⋈∈⊥∋≻⋈∈⊤∋≻⋈∈⊤∋≻⋈∈⊥∋≻⋈∈⊤∋≻⋈∈⊥∋⊙⊡⊣
⊢≻⋈∈⊥∋≻⋈∈⊥∋≻⋈∈⊥∋≻⋈∈⊤∋≻⋈∈⊥∋≻⋈∈⊥∋≻⋈∈⊥∋≻⋈∈⊤∋≻⋈∈⊤∋≻⋈∈⊤∋≻⋈∈⊥∋⊙⊡⊣
⊢≻⋈∈⊥∋≻⋈∈⊤∋≻⋈∈⊥∋≻⋈∈⊥∋≻⋈∈⊤∋≻⋈∈⊤∋≻⋈∈⊥∋≻⋈∈⊥∋≻⋈∈⊤∋≻⋈∈⊥∋≻⋈∈⊥∋⊙⊡⊣
⊢≻⋈∈⊤∋≻⋈∈⊤∋≻⋈∈⊤∋≻⋈∈⊤∋≻⋈∈⊥∋≻⋈∈⊤∋≻⋈∈⊤∋≻⋈∈⊥∋≻⋈∈⊤∋≻⋈∈⊤∋≻⋈∈⊤∋≻⋈∈⊥∋≻⋈∈⊤∋≻⋈∈⊤∋≻⋈∈⊥∋⊙⊡⊣
⊢≻⋈∈⊤∋≻⋈∈⊤∋≻⋈∈⊥∋≻⋈∈⊥∋≻⋈∈⊥∋≻⋈∈⊥∋≻⋈∈⊥∋⊙⊡⊣
⊢≻⋈∈⊤∋≻⋈∈⊥∋≻⋈∈⊥∋≻⋈∈⊤∋≻⋈∈⊥∋≻⋈∈⊤∋≻⋈∈⊥∋≻⋈∈⊤∋≻⋈∈⊥∋⊙⊡⊣
⊢≻⋈∈⊤∋≻⋈∈⊤∋≻⋈∈⊥∋≻⋈∈⊤∋≻⋈∈⊥∋⊙⊡⊣
⊢≻⋈∈⊥∋≻⋈∈⊤∋≻⋈∈⊥∋≻⋈∈⊥∋≻⋈∈⊥∋⊙⊡⊣
⊢≻⋈∈⊥∋≻⋈∈⊤∋≻⋈∈⊤∋≻⋈∈⊤∋≻⋈∈⊥∋≻⋈∈⊤∋≻⋈∈⊤∋≻⋈∈⊤∋≻⋈∈⊥∋⊙⊡⊣
⊢≻⋈∈⊤∋≻⋈∈⊤∋≻⋈∈⊤∋≻⋈∈⊥∋≻⋈∈⊥∋≻⋈∈⊥∋≻⋈∈⊥∋≻⋈∈⊥∋≻⋈∈⊤∋≻⋈∈⊥∋≻⋈∈⊤∋≻⋈∈⊥∋≻⋈∈⊥∋≻⋈∈⊤∋≻⋈∈⊤∋≻⋈∈⊥∋⊙⊡⊣
⊢≻⋈∈⊤∋≻⋈∈⊥∋≻⋈∈⊤∋≻⋈∈⊤∋≻⋈∈⊤∋≻⋈∈⊤∋≻⋈∈⊤∋≻⋈∈⊥∋≻⋈∈⊥∋⊙⊡⊣
⊢≻⋈∈⊥∋≻⋈∈⊤∋≻⋈∈⊤∋≻⋈∈⊥∋≻⋈∈⊤∋≻⋈∈⊤∋≻⋈∈⊥∋≻⋈∈⊤∋≻⋈∈⊥∋⊙⊡⊣
⊢≻⋈∈⊥∋≻⋈∈⊥∋≻⋈∈⊥∋≻⋈∈⊤∋≻⋈∈⊥∋≻⋈∈⊥∋≻⋈∈⊥∋≻⋈∈⊤∋≻⋈∈⊤∋≻⋈∈⊤∋≻⋈∈⊥∋⊙⊡⊣
⊢≻⋈∈⊥∋≻⋈∈⊤∋≻⋈∈⊥∋≻⋈∈⊥∋≻⋈∈⊤∋≻⋈∈⊤∋≻⋈∈⊥∋≻⋈∈⊥∋≻⋈∈⊤∋≻⋈∈⊥∋≻⋈∈⊥∋⊙⊡⊣
⊢≻⋈∈⊤∋≻⋈∈⊤∋≻⋈∈⊤∋≻⋈∈⊤∋≻⋈∈⊤∋≻⋈∈⊤∋≻⋈∈⊥∋≻⋈∈⊥∋≻⋈∈⊤∋≻⋈∈⊤∋≻⋈∈⊤∋≻⋈∈⊥∋≻⋈∈⊤∋≻⋈∈⊤∋≻⋈∈⊥∋⊙⊡⊣
⊢≻⋈∈⊤∋≻⋈∈⊤∋≻⋈∈⊥∋≻⋈∈⊥∋≻⋈∈⊥∋≻⋈∈⊥∋≻⋈∈⊥∋⊙⊡⊣
⊢≻⋈∈⊥∋≻⋈∈⊥∋≻⋈∈⊥∋≻⋈∈⊤∋≻⋈∈⊥∋≻⋈∈⊤∋≻⋈∈⊥∋≻⋈∈⊤∋≻⋈∈⊥∋⊙⊡⊣
⊢≻⋈∈⊥∋≻⋈∈⊥∋≻⋈∈⊥∋⊙⊡⊣
⊢≻⋈∈⊥∋≻⋈∈⊤∋≻⋈∈⊤∋≻⋈∈⊥∋≻⋈∈⊤∋≻⋈∈⊥∋⊙⊡⊣
⊢≻⋈∈⊤∋≻⋈∈⊥∋≻⋈∈⊤∋≻⋈∈⊤∋≻⋈∈⊥∋≻⋈∈⊤∋≻⋈∈⊤∋≻⋈∈⊤∋≻⋈∈⊥∋⊙⊡⊣
⊢≻⋈∈⊥∋≻⋈∈⊥∋≻⋈∈⊤∋≻⋈∈⊥∋≻⋈∈⊤∋≻⋈∈⊤∋≻⋈∈⊤∋≻⋈∈⊥∋≻⋈∈⊥∋≻⋈∈⊥∋≻⋈∈⊤∋≻⋈∈⊥∋≻⋈∈⊥∋≻⋈∈⊤∋≻⋈∈⊤∋≻⋈∈⊥∋⊙⊡⊣
⊢≻⋈∈⊥∋≻⋈∈⊥∋≻⋈∈⊤∋≻⋈∈⊤∋≻⋈∈⊤∋≻⋈∈⊤∋≻⋈∈⊤∋≻⋈∈⊥∋≻⋈∈⊥∋⊙⊡⊣
⊢≻⋈∈⊥∋≻⋈∈⊥∋≻⋈∈⊤∋≻⋈∈⊥∋≻⋈∈⊤∋≻⋈∈⊤∋≻⋈∈⊥∋≻⋈∈⊤∋≻⋈∈⊥∋⊙⊡⊣
⊢≻⋈∈⊥∋≻⋈∈⊥∋≻⋈∈⊥∋≻⋈∈⊤∋≻⋈∈⊥∋≻⋈∈⊥∋≻⋈∈⊥∋≻⋈∈⊤∋≻⋈∈⊤∋≻⋈∈⊤∋≻⋈∈⊥∋⊙⊡⊣
⊢≻⋈∈⊥∋≻⋈∈⊤∋≻⋈∈⊥∋≻⋈∈⊥∋≻⋈∈⊤∋≻⋈∈⊤∋≻⋈∈⊥∋≻⋈∈⊥∋≻⋈∈⊤∋≻⋈∈⊥∋≻⋈∈⊥∋⊙⊡⊣
⊢≻⋈∈⊤∋≻⋈∈⊤∋≻⋈∈⊤∋≻⋈∈⊤∋≻⋈∈⊥∋≻⋈∈⊥∋≻⋈∈⊥∋≻⋈∈⊥∋≻⋈∈⊤∋≻⋈∈⊤∋≻⋈∈⊤∋≻⋈∈⊥∋≻⋈∈⊤∋≻⋈∈⊤∋≻⋈∈⊥∋⊙⊡⊣
⊢≻⋈∈⊤∋≻⋈∈⊤∋≻⋈∈⊥∋≻⋈∈⊥∋≻⋈∈⊥∋≻⋈∈⊥∋≻⋈∈⊥∋⊙⊡⊣
⊢≻⋈∈⊤∋≻⋈∈⊤∋≻⋈∈⊤∋≻⋈∈⊥∋≻⋈∈⊥∋≻⋈∈⊤∋≻⋈∈⊥∋≻⋈∈⊤∋≻⋈∈⊥∋⊙⊡⊣
⊢≻⋈∈⊥∋≻⋈∈⊥∋≻⋈∈⊤∋≻⋈∈⊤∋≻⋈∈⊥∋⊙⊡⊣
⊢≻⋈∈⊥∋≻⋈∈⊤∋≻⋈∈⊥∋≻⋈∈⊥∋≻⋈∈⊥∋⊙⊡⊣
⊢≻⋈∈⊥∋≻⋈∈⊥∋≻⋈∈⊤∋≻⋈∈⊤∋≻⋈∈⊥∋≻⋈∈⊤∋≻⋈∈⊤∋≻⋈∈⊤∋≻⋈∈⊥∋⊙⊡⊣
⊢≻⋈∈⊥∋≻⋈∈⊥∋≻⋈∈⊤∋≻⋈∈⊥∋≻⋈∈⊥∋≻⋈∈⊤∋≻⋈∈⊤∋≻⋈∈⊤∋≻⋈∈⊤∋≻⋈∈⊤∋≻⋈∈⊥∋≻⋈∈⊥∋≻⋈∈⊥∋≻⋈∈⊤∋≻⋈∈⊤∋≻⋈∈⊥∋⊙⊡⊣
⊢≻⋈∈⊥∋≻⋈∈⊤∋≻⋈∈⊥∋≻⋈∈⊤∋≻⋈∈⊤∋≻⋈∈⊤∋≻⋈∈⊤∋≻⋈∈⊥∋≻⋈∈⊥∋⊙⊡⊣
⊢≻⋈∈⊥∋≻⋈∈⊤∋≻⋈∈⊥∋≻⋈∈⊥∋≻⋈∈⊤∋≻⋈∈⊤∋≻⋈∈⊥∋≻⋈∈⊤∋≻⋈∈⊥∋⊙⊡⊣
⊢≻⋈∈⊥∋≻⋈∈⊥∋≻⋈∈⊥∋≻⋈∈⊤∋≻⋈∈⊥∋≻⋈∈⊥∋≻⋈∈⊥∋≻⋈∈⊤∋≻⋈∈⊤∋≻⋈∈⊤∋≻⋈∈⊥∋⊙⊡⊣
⊢≻⋈∈⊥∋≻⋈∈⊤∋≻⋈∈⊥∋≻⋈∈⊥∋≻⋈∈⊤∋≻⋈∈⊤∋≻⋈∈⊥∋≻⋈∈⊥∋≻⋈∈⊤∋≻⋈∈⊥∋≻⋈∈⊥∋⊙⊡⊣
⊢≻⋈∈⊤∋≻⋈∈⊤∋≻⋈∈⊤∋≻⋈∈⊤∋≻⋈∈⊥∋≻⋈∈⊤∋≻⋈∈⊥∋≻⋈∈⊤∋≻⋈∈⊥∋≻⋈∈⊤∋≻⋈∈⊤∋≻⋈∈⊥∋≻⋈∈⊤∋≻⋈∈⊤∋≻⋈∈⊥∋⊙⊡⊣
⊢≻⋈∈⊤∋≻⋈∈⊤∋≻⋈∈⊥∋≻⋈∈⊥∋≻⋈∈⊥∋≻⋈∈⊥∋≻⋈∈⊥∋⊙⊡⊣
⊢≻⋈∈⊥∋≻⋈∈⊤∋≻⋈∈⊤∋≻⋈∈⊥∋≻⋈∈⊥∋≻⋈∈⊤∋≻⋈∈⊥∋≻⋈∈⊤∋≻⋈∈⊥∋⊙⊡⊣
⊢≻⋈∈⊥∋≻⋈∈⊥∋≻⋈∈⊤∋≻⋈∈⊤∋≻⋈∈⊥∋⊙⊡⊣
⊢≻⋈∈⊤∋≻⋈∈⊥∋≻⋈∈⊥∋≻⋈∈⊥∋≻⋈∈⊥∋⊙⊡⊣
⊢≻⋈∈⊤∋≻⋈∈⊤∋≻⋈∈⊥∋≻⋈∈⊤∋≻⋈∈⊥∋≻⋈∈⊤∋≻⋈∈⊤∋≻⋈∈⊤∋≻⋈∈⊥∋⊙⊡⊣
⊢≻⋈∈⊥∋≻⋈∈⊥∋≻⋈∈⊤∋≻⋈∈⊥∋≻⋈∈⊤∋≻⋈∈⊥∋≻⋈∈⊤∋≻⋈∈⊥∋≻⋈∈⊤∋≻⋈∈⊤∋≻⋈∈⊥∋≻⋈∈⊥∋≻⋈∈⊥∋≻⋈∈⊤∋≻⋈∈⊤∋≻⋈∈⊥∋⊙⊡⊣
⊢≻⋈∈⊤∋≻⋈∈⊥∋≻⋈∈⊥∋≻⋈∈⊤∋≻⋈∈⊤∋≻⋈∈⊤∋≻⋈∈⊤∋≻⋈∈⊥∋≻⋈∈⊥∋⊙⊡⊣
⊢≻⋈∈⊥∋≻⋈∈⊥∋≻⋈∈⊥∋≻⋈∈⊥∋≻⋈∈⊤∋≻⋈∈⊤∋≻⋈∈⊥∋≻⋈∈⊤∋≻⋈∈⊥∋⊙⊡⊣
⊢≻⋈∈⊥∋≻⋈∈⊥∋≻⋈∈⊥∋≻⋈∈⊤∋≻⋈∈⊥∋≻⋈∈⊥∋≻⋈∈⊥∋≻⋈∈⊤∋≻⋈∈⊤∋≻⋈∈⊤∋≻⋈∈⊥∋⊙⊡⊣
⊢≻⋈∈⊥∋≻⋈∈⊤∋≻⋈∈⊥∋≻⋈∈⊥∋≻⋈∈⊤∋≻⋈∈⊤∋≻⋈∈⊥∋≻⋈∈⊥∋≻⋈∈⊤∋≻⋈∈⊥∋≻⋈∈⊥∋⊙⊡⊣
⊢≻⋈∈⊤∋≻⋈∈⊤∋≻⋈∈⊤∋≻⋈∈⊤∋≻⋈∈⊤∋≻⋈∈⊤∋≻⋈∈⊤∋≻⋈∈⊥∋≻⋈∈⊥∋≻⋈∈⊤∋≻⋈∈⊤∋≻⋈∈⊥∋≻⋈∈⊤∋≻⋈∈⊤∋≻⋈∈⊥∋⊙⊡⊣
⊢≻⋈∈⊤∋≻⋈∈⊤∋≻⋈∈⊥∋≻⋈∈⊥∋≻⋈∈⊥∋≻⋈∈⊥∋≻⋈∈⊥∋⊙⊡⊣
⊢≻⋈∈⊤∋≻⋈∈⊥∋≻⋈∈⊤∋≻⋈∈⊥∋≻⋈∈⊥∋≻⋈∈⊤∋≻⋈∈⊥∋≻⋈∈⊤∋≻⋈∈⊥∋⊙⊡⊣
⊢≻⋈∈⊤∋≻⋈∈⊤∋≻⋈∈⊤∋≻⋈∈⊥∋⊙⊡⊣
⊢≻⋈∈⊤∋≻⋈∈⊤∋≻⋈∈⊤∋≻⋈∈⊥∋≻⋈∈⊤∋≻⋈∈⊥∋⊙⊡⊣
⊢≻⋈∈⊥∋≻⋈∈⊤∋≻⋈∈⊥∋≻⋈∈⊤∋≻⋈∈⊥∋≻⋈∈⊤∋≻⋈∈⊤∋≻⋈∈⊤∋≻⋈∈⊥∋⊙⊡⊣
⊢≻⋈∈⊤∋≻⋈∈⊥∋≻⋈∈⊥∋≻⋈∈⊥∋≻⋈∈⊥∋≻⋈∈⊥∋≻⋈∈⊤∋≻⋈∈⊤∋≻⋈∈⊥∋≻⋈∈⊤∋≻⋈∈⊥∋≻⋈∈⊥∋≻⋈∈⊥∋≻⋈∈⊤∋≻⋈∈⊤∋≻⋈∈⊥∋⊙⊡⊣
⊢≻⋈∈⊥∋≻⋈∈⊥∋≻⋈∈⊥∋≻⋈∈⊤∋≻⋈∈⊤∋≻⋈∈⊤∋≻⋈∈⊤∋≻⋈∈⊥∋≻⋈∈⊥∋⊙⊡⊣
⊢≻⋈∈⊥∋≻⋈∈⊥∋≻⋈∈⊥∋≻⋈∈⊥∋≻⋈∈⊤∋≻⋈∈⊤∋≻⋈∈⊥∋≻⋈∈⊤∋≻⋈∈⊥∋⊙⊡⊣
⊢≻⋈∈⊥∋≻⋈∈⊥∋≻⋈∈⊥∋≻⋈∈⊤∋≻⋈∈⊥∋≻⋈∈⊥∋≻⋈∈⊥∋≻⋈∈⊤∋≻⋈∈⊤∋≻⋈∈⊤∋≻⋈∈⊥∋⊙⊡⊣
⊢≻⋈∈⊥∋≻⋈∈⊤∋≻⋈∈⊥∋≻⋈∈⊥∋≻⋈∈⊤∋≻⋈∈⊤∋≻⋈∈⊥∋≻⋈∈⊥∋≻⋈∈⊤∋≻⋈∈⊥∋≻⋈∈⊥∋⊙⊡⊣
⊢≻⋈∈⊤∋≻⋈∈⊤∋≻⋈∈⊤∋≻⋈∈⊤∋≻⋈∈⊥∋≻⋈∈⊥∋≻⋈∈⊤∋≻⋈∈⊥∋≻⋈∈⊥∋≻⋈∈⊤∋≻⋈∈⊤∋≻⋈∈⊥∋≻⋈∈⊤∋≻⋈∈⊤∋≻⋈∈⊥∋⊙⊡⊣
⊢≻⋈∈⊤∋≻⋈∈⊤∋≻⋈∈⊥∋≻⋈∈⊥∋≻⋈∈⊥∋≻⋈∈⊥∋≻⋈∈⊥∋⊙⊡⊣
⊢≻⋈∈⊥∋≻⋈∈⊥∋≻⋈∈⊤∋≻⋈∈⊥∋≻⋈∈⊥∋≻⋈∈⊤∋≻⋈∈⊥∋≻⋈∈⊤∋≻⋈∈⊥∋⊙⊡⊣
⊢≻⋈∈⊤∋≻⋈∈⊥∋≻⋈∈⊤∋≻⋈∈⊤∋≻⋈∈⊥∋⊙⊡⊣
⊢≻⋈∈⊤∋≻⋈∈⊥∋≻⋈∈⊥∋≻⋈∈⊥∋≻⋈∈⊥∋⊙⊡⊣
⊢≻⋈∈⊤∋≻⋈∈⊥∋≻⋈∈⊥∋≻⋈∈⊤∋≻⋈∈⊥∋≻⋈∈⊤∋≻⋈∈⊤∋≻⋈∈⊤∋≻⋈∈⊥∋⊙⊡⊣
⊢≻⋈∈⊤∋≻⋈∈⊥∋≻⋈∈⊥∋≻⋈∈⊥∋≻⋈∈⊤∋≻⋈∈⊤∋≻⋈∈⊥∋≻⋈∈⊥∋≻⋈∈⊥∋≻⋈∈⊤∋≻⋈∈⊥∋≻⋈∈⊥∋≻⋈∈⊥∋≻⋈∈⊤∋≻⋈∈⊤∋≻⋈∈⊥∋⊙⊡⊣
⊢≻⋈∈⊥∋≻⋈∈⊤∋≻⋈∈⊤∋≻⋈∈⊥∋≻⋈∈⊤∋≻⋈∈⊤∋≻⋈∈⊤∋≻⋈∈⊥∋≻⋈∈⊥∋⊙⊡⊣
⊢≻⋈∈⊤∋≻⋈∈⊥∋≻⋈∈⊤∋≻⋈∈⊤∋≻⋈∈⊥∋≻⋈∈⊤∋≻⋈∈⊥∋≻⋈∈⊤∋≻⋈∈⊥∋⊙⊡⊣
⊢≻⋈∈⊥∋≻⋈∈⊥∋≻⋈∈⊥∋≻⋈∈⊤∋≻⋈∈⊥∋≻⋈∈⊥∋≻⋈∈⊥∋≻⋈∈⊤∋≻⋈∈⊤∋≻⋈∈⊤∋≻⋈∈⊥∋⊙⊡⊣
⊢≻⋈∈⊥∋≻⋈∈⊤∋≻⋈∈⊥∋≻⋈∈⊥∋≻⋈∈⊤∋≻⋈∈⊤∋≻⋈∈⊥∋≻⋈∈⊥∋≻⋈∈⊤∋≻⋈∈⊥∋≻⋈∈⊥∋⊙⊡⊣
⊢≻⋈∈⊤∋≻⋈∈⊤∋≻⋈∈⊤∋≻⋈∈⊤∋≻⋈∈⊥∋≻⋈∈⊤∋≻⋈∈⊤∋≻⋈∈⊤∋≻⋈∈⊤∋≻⋈∈⊥∋≻⋈∈⊤∋≻⋈∈⊥∋≻⋈∈⊤∋≻⋈∈⊤∋≻⋈∈⊥∋⊙⊡⊣
⊢≻⋈∈⊤∋≻⋈∈⊤∋≻⋈∈⊥∋≻⋈∈⊥∋≻⋈∈⊥∋≻⋈∈⊥∋≻⋈∈⊥∋⊙⊡⊣
⊢≻⋈∈⊤∋≻⋈∈⊤∋≻⋈∈⊥∋≻⋈∈⊥∋≻⋈∈⊥∋≻⋈∈⊤∋≻⋈∈⊥∋≻⋈∈⊤∋≻⋈∈⊥∋⊙⊡⊣
⊢≻⋈∈⊤∋≻⋈∈⊥∋≻⋈∈⊤∋≻⋈∈⊤∋≻⋈∈⊥∋⊙⊡⊣
⊢≻⋈∈⊥∋≻⋈∈⊥∋≻⋈∈⊥∋≻⋈∈⊥∋≻⋈∈⊥∋⊙⊡⊣
⊢≻⋈∈⊥∋≻⋈∈⊥∋≻⋈∈⊥∋≻⋈∈⊤∋≻⋈∈⊥∋≻⋈∈⊤∋≻⋈∈⊤∋≻⋈∈⊤∋≻⋈∈⊥∋⊙⊡⊣
⊢≻⋈∈⊤∋≻⋈∈⊥∋≻⋈∈⊥∋≻⋈∈⊥∋≻⋈∈⊥∋≻⋈∈⊤∋≻⋈∈⊥∋≻⋈∈⊤∋≻⋈∈⊤∋≻⋈∈⊥∋≻⋈∈⊥∋≻⋈∈⊥∋≻⋈∈⊥∋≻⋈∈⊤∋≻⋈∈⊤∋≻⋈∈⊥∋⊙⊡⊣
⊢≻⋈∈⊤∋≻⋈∈⊥∋≻⋈∈⊤∋≻⋈∈⊥∋≻⋈∈⊤∋≻⋈∈⊤∋≻⋈∈⊤∋≻⋈∈⊥∋≻⋈∈⊥∋⊙⊡⊣
⊢≻⋈∈⊤∋≻⋈∈⊥∋≻⋈∈⊤∋≻⋈∈⊤∋≻⋈∈⊥∋≻⋈∈⊤∋≻⋈∈⊥∋≻⋈∈⊤∋≻⋈∈⊥∋⊙⊡⊣
⊢≻⋈∈⊥∋≻⋈∈⊥∋≻⋈∈⊥∋≻⋈∈⊤∋≻⋈∈⊥∋≻⋈∈⊥∋≻⋈∈⊥∋≻⋈∈⊤∋≻⋈∈⊤∋≻⋈∈⊤∋≻⋈∈⊥∋⊙⊡⊣
⊢≻⋈∈⊥∋≻⋈∈⊤∋≻⋈∈⊥∋≻⋈∈⊥∋≻⋈∈⊤∋≻⋈∈⊤∋≻⋈∈⊥∋≻⋈∈⊥∋≻⋈∈⊤∋≻⋈∈⊥∋≻⋈∈⊥∋⊙⊡⊣
⊢≻⋈∈⊤∋≻⋈∈⊤∋≻⋈∈⊤∋≻⋈∈⊤∋≻⋈∈⊤∋≻⋈∈⊤∋≻⋈∈⊥∋≻⋈∈⊤∋≻⋈∈⊤∋≻⋈∈⊥∋≻⋈∈⊤∋≻⋈∈⊥∋≻⋈∈⊤∋≻⋈∈⊤∋≻⋈∈⊥∋⊙⊡⊣
⊢≻⋈∈⊤∋≻⋈∈⊤∋≻⋈∈⊥∋≻⋈∈⊥∋≻⋈∈⊥∋≻⋈∈⊥∋≻⋈∈⊥∋⊙⊡⊣
⊢≻⋈∈⊥∋≻⋈∈⊤∋≻⋈∈⊥∋≻⋈∈⊥∋≻⋈∈⊥∋≻⋈∈⊤∋≻⋈∈⊥∋≻⋈∈⊤∋≻⋈∈⊥∋⊙⊡⊣
⊢≻⋈∈⊥∋≻⋈∈⊤∋≻⋈∈⊤∋≻⋈∈⊥∋⊙⊡⊣
⊢≻⋈∈⊥∋≻⋈∈⊥∋≻⋈∈⊥∋≻⋈∈⊤∋≻⋈∈⊤∋≻⋈∈⊥∋⊙⊡⊣
⊢≻⋈∈⊤∋≻⋈∈⊤∋≻⋈∈⊤∋≻⋈∈⊥∋≻⋈∈⊥∋≻⋈∈⊤∋≻⋈∈⊤∋≻⋈∈⊤∋≻⋈∈⊥∋⊙⊡⊣
⊢≻⋈∈⊥∋≻⋈∈⊤∋≻⋈∈⊤∋≻⋈∈⊤∋≻⋈∈⊥∋≻⋈∈⊥∋≻⋈∈⊥∋≻⋈∈⊥∋≻⋈∈⊤∋≻⋈∈⊥∋≻⋈∈⊥∋≻⋈∈⊥∋≻⋈∈⊥∋≻⋈∈⊤∋≻⋈∈⊤∋≻⋈∈⊥∋⊙⊡⊣
⊢≻⋈∈⊥∋≻⋈∈⊥∋≻⋈∈⊤∋≻⋈∈⊥∋≻⋈∈⊤∋≻⋈∈⊤∋≻⋈∈⊤∋≻⋈∈⊥∋≻⋈∈⊥∋⊙⊡⊣
⊢≻⋈∈⊤∋≻⋈∈⊤∋≻⋈∈⊥∋≻⋈∈⊤∋≻⋈∈⊥∋≻⋈∈⊤∋≻⋈∈⊥∋≻⋈∈⊤∋≻⋈∈⊥∋⊙⊡⊣
⊢≻⋈∈⊥∋≻⋈∈⊥∋≻⋈∈⊥∋≻⋈∈⊤∋≻⋈∈⊥∋≻⋈∈⊥∋≻⋈∈⊥∋≻⋈∈⊤∋≻⋈∈⊤∋≻⋈∈⊤∋≻⋈∈⊥∋⊙⊡⊣
⊢≻⋈∈⊥∋≻⋈∈⊤∋≻⋈∈⊥∋≻⋈∈⊥∋≻⋈∈⊤∋≻⋈∈⊤∋≻⋈∈⊥∋≻⋈∈⊥∋≻⋈∈⊤∋≻⋈∈⊥∋≻⋈∈⊥∋⊙⊡⊣
⊢≻⋈∈⊤∋≻⋈∈⊤∋≻⋈∈⊤∋≻⋈∈⊤∋≻⋈∈⊥∋≻⋈∈⊥∋≻⋈∈⊥∋≻⋈∈⊤∋≻⋈∈⊤∋≻⋈∈⊥∋≻⋈∈⊤∋≻⋈∈⊥∋≻⋈∈⊤∋≻⋈∈⊤∋≻⋈∈⊥∋⊙⊡⊣
⊢≻⋈∈⊤∋≻⋈∈⊤∋≻⋈∈⊥∋≻⋈∈⊥∋≻⋈∈⊥∋≻⋈∈⊥∋≻⋈∈⊥∋⊙⊡⊣
⊢≻⋈∈⊤∋≻⋈∈⊤∋≻⋈∈⊤∋≻⋈∈⊤∋≻⋈∈⊤∋≻⋈∈⊥∋≻⋈∈⊥∋≻⋈∈⊤∋≻⋈∈⊥∋⊙⊡⊣
⊢≻⋈∈⊤∋≻⋈∈⊥∋≻⋈∈⊤∋≻⋈∈⊥∋⊙⊡⊣
⊢≻⋈∈⊤∋≻⋈∈⊥∋≻⋈∈⊥∋≻⋈∈⊤∋≻⋈∈⊤∋≻⋈∈⊥∋⊙⊡⊣
⊢≻⋈∈⊥∋≻⋈∈⊤∋≻⋈∈⊤∋≻⋈∈⊥∋≻⋈∈⊥∋≻⋈∈⊤∋≻⋈∈⊤∋≻⋈∈⊤∋≻⋈∈⊥∋⊙⊡⊣
⊢≻⋈∈⊤∋≻⋈∈⊤∋≻⋈∈⊥∋≻⋈∈⊤∋≻⋈∈⊤∋≻⋈∈⊤∋≻⋈∈⊤∋≻⋈∈⊥∋≻⋈∈⊥∋≻⋈∈⊥∋≻⋈∈⊥∋≻⋈∈⊥∋≻⋈∈⊥∋≻⋈∈⊤∋≻⋈∈⊤∋≻⋈∈⊥∋⊙⊡⊣
⊢≻⋈∈⊥∋≻⋈∈⊥∋≻⋈∈⊥∋≻⋈∈⊥∋≻⋈∈⊤∋≻⋈∈⊤∋≻⋈∈⊤∋≻⋈∈⊥∋≻⋈∈⊥∋⊙⊡⊣
⊢≻⋈∈⊤∋≻⋈∈⊤∋≻⋈∈⊤∋≻⋈∈⊥∋≻⋈∈⊥∋≻⋈∈⊤∋≻⋈∈⊥∋≻⋈∈⊤∋≻⋈∈⊥∋⊙⊡⊣
⊢≻⋈∈⊥∋≻⋈∈⊥∋≻⋈∈⊥∋≻⋈∈⊤∋≻⋈∈⊥∋≻⋈∈⊥∋≻⋈∈⊥∋≻⋈∈⊤∋≻⋈∈⊤∋≻⋈∈⊤∋≻⋈∈⊥∋⊙⊡⊣
⊢≻⋈∈⊥∋≻⋈∈⊤∋≻⋈∈⊥∋≻⋈∈⊥∋≻⋈∈⊤∋≻⋈∈⊤∋≻⋈∈⊥∋≻⋈∈⊥∋≻⋈∈⊤∋≻⋈∈⊥∋≻⋈∈⊥∋⊙⊡⊣
⊢≻⋈∈⊤∋≻⋈∈⊤∋≻⋈∈⊤∋≻⋈∈⊤∋≻⋈∈⊥∋≻⋈∈⊥∋≻⋈∈⊤∋≻⋈∈⊤∋≻⋈∈⊥∋≻⋈∈⊥∋≻⋈∈⊤∋≻⋈∈⊥∋≻⋈∈⊤∋≻⋈∈⊤∋≻⋈∈⊥∋⊙⊡⊣
⊢≻⋈∈⊤∋≻⋈∈⊤∋≻⋈∈⊥∋≻⋈∈⊥∋≻⋈∈⊥∋≻⋈∈⊥∋≻⋈∈⊥∋⊙⊡⊣
⊢≻⋈∈⊥∋≻⋈∈⊤∋≻⋈∈⊥∋≻⋈∈⊤∋≻⋈∈⊤∋≻⋈∈⊥∋≻⋈∈⊥∋≻⋈∈⊤∋≻⋈∈⊥∋⊙⊡⊣
⊢≻⋈∈⊥∋≻⋈∈⊥∋≻⋈∈⊥∋≻⋈∈⊥∋⊙⊡⊣
⊢≻⋈∈⊥∋≻⋈∈⊤∋≻⋈∈⊤∋≻⋈∈⊤∋≻⋈∈⊤∋≻⋈∈⊥∋⊙⊡⊣
⊢≻⋈∈⊤∋≻⋈∈⊥∋≻⋈∈⊤∋≻⋈∈⊥∋≻⋈∈⊥∋≻⋈∈⊤∋≻⋈∈⊤∋≻⋈∈⊤∋≻⋈∈⊥∋⊙⊡⊣
⊢≻⋈∈⊤∋≻⋈∈⊤∋≻⋈∈⊥∋≻⋈∈⊤∋≻⋈∈⊥∋≻⋈∈⊤∋≻⋈∈⊤∋≻⋈∈⊤∋≻⋈∈⊤∋≻⋈∈⊤∋≻⋈∈⊤∋≻⋈∈⊤∋≻⋈∈⊤∋≻⋈∈⊥∋≻⋈∈⊤∋≻⋈∈⊥∋⊙⊡⊣
⊢≻⋈∈⊥∋≻⋈∈⊤∋≻⋈∈⊥∋≻⋈∈⊤∋≻⋈∈⊥∋≻⋈∈⊤∋≻⋈∈⊤∋≻⋈∈⊥∋≻⋈∈⊥∋⊙⊡⊣
⊢≻⋈∈⊥∋≻⋈∈⊤∋≻⋈∈⊥∋≻⋈∈⊥∋≻⋈∈⊥∋≻⋈∈⊤∋≻⋈∈⊥∋≻⋈∈⊤∋≻⋈∈⊥∋⊙⊡⊣
⊢≻⋈∈⊥∋≻⋈∈⊥∋≻⋈∈⊥∋≻⋈∈⊤∋≻⋈∈⊥∋≻⋈∈⊥∋≻⋈∈⊥∋≻⋈∈⊤∋≻⋈∈⊤∋≻⋈∈⊤∋≻⋈∈⊥∋⊙⊡⊣
⊢≻⋈∈⊥∋≻⋈∈⊤∋≻⋈∈⊥∋≻⋈∈⊥∋≻⋈∈⊤∋≻⋈∈⊤∋≻⋈∈⊥∋≻⋈∈⊥∋≻⋈∈⊤∋≻⋈∈⊥∋≻⋈∈⊥∋⊙⊡⊣
⊢≻⋈∈⊤∋≻⋈∈⊤∋≻⋈∈⊤∋≻⋈∈⊤∋≻⋈∈⊥∋≻⋈∈⊤∋≻⋈∈⊥∋≻⋈∈⊤∋≻⋈∈⊤∋≻⋈∈⊤∋≻⋈∈⊥∋≻⋈∈⊥∋≻⋈∈⊤∋≻⋈∈⊤∋≻⋈∈⊥∋⊙⊡⊣
⊢≻⋈∈⊤∋≻⋈∈⊤∋≻⋈∈⊥∋≻⋈∈⊥∋≻⋈∈⊥∋≻⋈∈⊥∋≻⋈∈⊥∋⊙⊡⊣
⊢≻⋈∈⊤∋≻⋈∈⊥∋≻⋈∈⊥∋≻⋈∈⊤∋≻⋈∈⊤∋≻⋈∈⊥∋≻⋈∈⊥∋≻⋈∈⊤∋≻⋈∈⊥∋⊙⊡⊣
⊢≻⋈∈⊥∋≻⋈∈⊥∋≻⋈∈⊥∋≻⋈∈⊥∋⊙⊡⊣
⊢≻⋈∈⊤∋≻⋈∈⊥∋≻⋈∈⊤∋≻⋈∈⊤∋≻⋈∈⊤∋≻⋈∈⊥∋⊙⊡⊣
⊢≻⋈∈⊥∋≻⋈∈⊥∋≻⋈∈⊤∋≻⋈∈⊥∋≻⋈∈⊥∋≻⋈∈⊤∋≻⋈∈⊤∋≻⋈∈⊤∋≻⋈∈⊥∋⊙⊡⊣
⊢≻⋈∈⊤∋≻⋈∈⊤∋≻⋈∈⊥∋≻⋈∈⊤∋≻⋈∈⊤∋≻⋈∈⊥∋≻⋈∈⊤∋≻⋈∈⊥∋≻⋈∈⊤∋≻⋈∈⊤∋≻⋈∈⊤∋≻⋈∈⊤∋≻⋈∈⊤∋≻⋈∈⊥∋≻⋈∈⊤∋≻⋈∈⊥∋⊙⊡⊣
⊢≻⋈∈⊤∋≻⋈∈⊥∋≻⋈∈⊥∋≻⋈∈⊤∋≻⋈∈⊥∋≻⋈∈⊤∋≻⋈∈⊤∋≻⋈∈⊥∋≻⋈∈⊥∋⊙⊡⊣
⊢≻⋈∈⊥∋≻⋈∈⊥∋≻⋈∈⊥∋≻⋈∈⊥∋≻⋈∈⊥∋≻⋈∈⊤∋≻⋈∈⊥∋≻⋈∈⊤∋≻⋈∈⊥∋⊙⊡⊣
⊢≻⋈∈⊥∋≻⋈∈⊥∋≻⋈∈⊥∋≻⋈∈⊤∋≻⋈∈⊥∋≻⋈∈⊥∋≻⋈∈⊥∋≻⋈∈⊤∋≻⋈∈⊤∋≻⋈∈⊤∋≻⋈∈⊥∋⊙⊡⊣
⊢≻⋈∈⊥∋≻⋈∈⊤∋≻⋈∈⊥∋≻⋈∈⊥∋≻⋈∈⊤∋≻⋈∈⊤∋≻⋈∈⊥∋≻⋈∈⊥∋≻⋈∈⊤∋≻⋈∈⊥∋≻⋈∈⊥∋⊙⊡⊣
⊢≻⋈∈⊤∋≻⋈∈⊤∋≻⋈∈⊤∋≻⋈∈⊤∋≻⋈∈⊤∋≻⋈∈⊤∋≻⋈∈⊤∋≻⋈∈⊥∋≻⋈∈⊤∋≻⋈∈⊤∋≻⋈∈⊥∋≻⋈∈⊥∋≻⋈∈⊤∋≻⋈∈⊤∋≻⋈∈⊥∋⊙⊡⊣
⊢≻⋈∈⊤∋≻⋈∈⊤∋≻⋈∈⊥∋≻⋈∈⊥∋≻⋈∈⊥∋≻⋈∈⊥∋≻⋈∈⊥∋⊙⊡⊣
⊢≻⋈∈⊥∋≻⋈∈⊤∋≻⋈∈⊤∋≻⋈∈⊤∋≻⋈∈⊥∋≻⋈∈⊥∋≻⋈∈⊥∋≻⋈∈⊤∋≻⋈∈⊥∋⊙⊡⊣
⊢≻⋈∈⊤∋≻⋈∈⊥∋≻⋈∈⊥∋≻⋈∈⊤∋≻⋈∈⊥∋⊙⊡⊣
⊢≻⋈∈⊤∋≻⋈∈⊥∋≻⋈∈⊤∋≻⋈∈⊥∋≻⋈∈⊥∋⊙⊡⊣
⊢≻⋈∈⊤∋≻⋈∈⊤∋≻⋈∈⊥∋≻⋈∈⊥∋≻⋈∈⊥∋≻⋈∈⊤∋≻⋈∈⊤∋≻⋈∈⊤∋≻⋈∈⊥∋⊙⊡⊣
⊢≻⋈∈⊤∋≻⋈∈⊤∋≻⋈∈⊥∋≻⋈∈⊤∋≻⋈∈⊥∋≻⋈∈⊥∋≻⋈∈⊤∋≻⋈∈⊤∋≻⋈∈⊥∋≻⋈∈⊤∋≻⋈∈⊤∋≻⋈∈⊤∋≻⋈∈⊤∋≻⋈∈⊥∋≻⋈∈⊤∋≻⋈∈⊥∋⊙⊡⊣
⊢≻⋈∈⊥∋≻⋈∈⊥∋≻⋈∈⊥∋≻⋈∈⊤∋≻⋈∈⊤∋≻⋈∈⊥∋≻⋈∈⊤∋≻⋈∈⊥∋≻⋈∈⊥∋⊙⊡⊣
⊢≻⋈∈⊥∋≻⋈∈⊥∋≻⋈∈⊤∋≻⋈∈⊥∋≻⋈∈⊤∋≻⋈∈⊥∋≻⋈∈⊥∋≻⋈∈⊤∋≻⋈∈⊥∋⊙⊡⊣
⊢≻⋈∈⊥∋≻⋈∈⊥∋≻⋈∈⊥∋≻⋈∈⊤∋≻⋈∈⊥∋≻⋈∈⊥∋≻⋈∈⊥∋≻⋈∈⊤∋≻⋈∈⊤∋≻⋈∈⊤∋≻⋈∈⊥∋⊙⊡⊣
⊢≻⋈∈⊥∋≻⋈∈⊤∋≻⋈∈⊥∋≻⋈∈⊥∋≻⋈∈⊤∋≻⋈∈⊤∋≻⋈∈⊥∋≻⋈∈⊥∋≻⋈∈⊤∋≻⋈∈⊥∋≻⋈∈⊥∋⊙⊡⊣
⊢≻⋈∈⊤∋≻⋈∈⊤∋≻⋈∈⊤∋≻⋈∈⊤∋≻⋈∈⊥∋≻⋈∈⊥∋≻⋈∈⊤∋≻⋈∈⊥∋≻⋈∈⊥∋≻⋈∈⊥∋≻⋈∈⊥∋≻⋈∈⊥∋≻⋈∈⊤∋≻⋈∈⊤∋≻⋈∈⊥∋⊙⊡⊣
⊢≻⋈∈⊤∋≻⋈∈⊤∋≻⋈∈⊥∋≻⋈∈⊥∋≻⋈∈⊥∋≻⋈∈⊥∋≻⋈∈⊥∋⊙⊡⊣
⊢≻⋈∈⊤∋≻⋈∈⊥∋≻⋈∈⊤∋≻⋈∈⊤∋≻⋈∈⊥∋≻⋈∈⊥∋≻⋈∈⊥∋≻⋈∈⊤∋≻⋈∈⊥∋⊙⊡⊣
⊢≻⋈∈⊤∋≻⋈∈⊥∋≻⋈∈⊥∋≻⋈∈⊤∋≻⋈∈⊥∋⊙⊡⊣
⊢≻⋈∈⊥∋≻⋈∈⊥∋≻⋈∈⊤∋≻⋈∈⊥∋≻⋈∈⊥∋⊙⊡⊣
⊢≻⋈∈⊥∋≻⋈∈⊤∋≻⋈∈⊥∋≻⋈∈⊥∋≻⋈∈⊥∋≻⋈∈⊤∋≻⋈∈⊤∋≻⋈∈⊤∋≻⋈∈⊥∋⊙⊡⊣
⊢≻⋈∈⊤∋≻⋈∈⊤∋≻⋈∈⊥∋≻⋈∈⊤∋≻⋈∈⊤∋≻⋈∈⊤∋≻⋈∈⊥∋≻⋈∈⊥∋≻⋈∈⊥∋≻⋈∈⊤∋≻⋈∈⊤∋≻⋈∈⊤∋≻⋈∈⊤∋≻⋈∈⊥∋≻⋈∈⊤∋≻⋈∈⊥∋⊙⊡⊣
⊢≻⋈∈⊤∋≻⋈∈⊤∋≻⋈∈⊤∋≻⋈∈⊥∋≻⋈∈⊤∋≻⋈∈⊥∋≻⋈∈⊤∋≻⋈∈⊥∋≻⋈∈⊥∋⊙⊡⊣
⊢≻⋈∈⊤∋≻⋈∈⊥∋≻⋈∈⊥∋≻⋈∈⊥∋≻⋈∈⊤∋≻⋈∈⊥∋≻⋈∈⊥∋≻⋈∈⊤∋≻⋈∈⊥∋⊙⊡⊣
⊢≻⋈∈⊥∋≻⋈∈⊥∋≻⋈∈⊥∋≻⋈∈⊤∋≻⋈∈⊥∋≻⋈∈⊥∋≻⋈∈⊥∋≻⋈∈⊤∋≻⋈∈⊤∋≻⋈∈⊤∋≻⋈∈⊥∋⊙⊡⊣
⊢≻⋈∈⊥∋≻⋈∈⊤∋≻⋈∈⊥∋≻⋈∈⊥∋≻⋈∈⊤∋≻⋈∈⊤∋≻⋈∈⊥∋≻⋈∈⊥∋≻⋈∈⊤∋≻⋈∈⊥∋≻⋈∈⊥∋⊙⊡⊣
⊢≻⋈∈⊤∋≻⋈∈⊤∋≻⋈∈⊤∋≻⋈∈⊤∋≻⋈∈⊤∋≻⋈∈⊥∋≻⋈∈⊥∋≻⋈∈⊥∋≻⋈∈⊥∋≻⋈∈⊥∋≻⋈∈⊥∋≻⋈∈⊥∋≻⋈∈⊤∋≻⋈∈⊤∋≻⋈∈⊥∋⊙⊡⊣
⊢≻⋈∈⊤∋≻⋈∈⊤∋≻⋈∈⊥∋≻⋈∈⊥∋≻⋈∈⊥∋≻⋈∈⊥∋≻⋈∈⊥∋⊙⊡⊣
⊢≻⋈∈⊥∋≻⋈∈⊥∋≻⋈∈⊤∋≻⋈∈⊤∋≻⋈∈⊥∋≻⋈∈⊥∋≻⋈∈⊥∋≻⋈∈⊤∋≻⋈∈⊥∋⊙⊡⊣
⊢≻⋈∈⊥∋≻⋈∈⊤∋≻⋈∈⊥∋≻⋈∈⊤∋≻⋈∈⊥∋⊙⊡⊣
⊢≻⋈∈⊥∋≻⋈∈⊥∋≻⋈∈⊤∋≻⋈∈⊥∋≻⋈∈⊥∋⊙⊡⊣
⊢≻⋈∈⊤∋≻⋈∈⊥∋≻⋈∈⊥∋≻⋈∈⊥∋≻⋈∈⊥∋≻⋈∈⊤∋≻⋈∈⊤∋≻⋈∈⊤∋≻⋈∈⊥∋⊙⊡⊣
⊢≻⋈∈⊥∋≻⋈∈⊥∋≻⋈∈⊥∋≻⋈∈⊤∋≻⋈∈⊥∋≻⋈∈⊤∋≻⋈∈⊥∋≻⋈∈⊤∋≻⋈∈⊤∋≻⋈∈⊥∋≻⋈∈⊤∋≻⋈∈⊤∋≻⋈∈⊤∋≻⋈∈⊥∋≻⋈∈⊤∋≻⋈∈⊥∋⊙⊡⊣
⊢≻⋈∈⊥∋≻⋈∈⊥∋≻⋈∈⊤∋≻⋈∈⊥∋≻⋈∈⊤∋≻⋈∈⊥∋≻⋈∈⊤∋≻⋈∈⊥∋≻⋈∈⊥∋⊙⊡⊣
⊢≻⋈∈⊤∋≻⋈∈⊥∋≻⋈∈⊥∋≻⋈∈⊥∋≻⋈∈⊤∋≻⋈∈⊥∋≻⋈∈⊥∋≻⋈∈⊤∋≻⋈∈⊥∋⊙⊡⊣
⊢≻⋈∈⊥∋≻⋈∈⊥∋≻⋈∈⊥∋≻⋈∈⊤∋≻⋈∈⊥∋≻⋈∈⊥∋≻⋈∈⊥∋≻⋈∈⊤∋≻⋈∈⊤∋≻⋈∈⊤∋≻⋈∈⊥∋⊙⊡⊣
⊢≻⋈∈⊥∋≻⋈∈⊤∋≻⋈∈⊥∋≻⋈∈⊥∋≻⋈∈⊤∋≻⋈∈⊤∋≻⋈∈⊥∋≻⋈∈⊥∋≻⋈∈⊤∋≻⋈∈⊥∋≻⋈∈⊥∋⊙⊡⊣
⊢≻⋈∈⊤∋≻⋈∈⊤∋≻⋈∈⊤∋≻⋈∈⊤∋≻⋈∈⊥∋≻⋈∈⊥∋≻⋈∈⊥∋≻⋈∈⊤∋≻⋈∈⊤∋≻⋈∈⊤∋≻⋈∈⊤∋≻⋈∈⊤∋≻⋈∈⊥∋≻⋈∈⊤∋≻⋈∈⊥∋⊙⊡⊣
⊢≻⋈∈⊤∋≻⋈∈⊤∋≻⋈∈⊥∋≻⋈∈⊥∋≻⋈∈⊥∋≻⋈∈⊥∋≻⋈∈⊥∋⊙⊡⊣
⊢≻⋈∈⊤∋≻⋈∈⊤∋≻⋈∈⊥∋≻⋈∈⊤∋≻⋈∈⊥∋≻⋈∈⊥∋≻⋈∈⊥∋≻⋈∈⊤∋≻⋈∈⊥∋⊙⊡⊣
⊢≻⋈∈⊥∋≻⋈∈⊤∋≻⋈∈⊥∋≻⋈∈⊤∋≻⋈∈⊥∋⊙⊡⊣
⊢≻⋈∈⊤∋≻⋈∈⊤∋≻⋈∈⊥∋≻⋈∈⊥∋≻⋈∈⊥∋⊙⊡⊣
⊢≻⋈∈⊥∋≻⋈∈⊥∋≻⋈∈⊥∋≻⋈∈⊥∋≻⋈∈⊥∋≻⋈∈⊤∋≻⋈∈⊤∋≻⋈∈⊤∋≻⋈∈⊥∋⊙⊡⊣
⊢≻⋈∈⊥∋≻⋈∈⊥∋≻⋈∈⊥∋≻⋈∈⊤∋≻⋈∈⊤∋≻⋈∈⊥∋≻⋈∈⊥∋≻⋈∈⊥∋≻⋈∈⊤∋≻⋈∈⊥∋≻⋈∈⊤∋≻⋈∈⊤∋≻⋈∈⊤∋≻⋈∈⊥∋≻⋈∈⊤∋≻⋈∈⊥∋⊙⊡⊣
⊢≻⋈∈⊤∋≻⋈∈⊤∋≻⋈∈⊥∋≻⋈∈⊥∋≻⋈∈⊤∋≻⋈∈⊥∋≻⋈∈⊤∋≻⋈∈⊥∋≻⋈∈⊥∋⊙⊡⊣
⊢≻⋈∈⊤∋≻⋈∈⊤∋≻⋈∈⊤∋≻⋈∈⊤∋≻⋈∈⊥∋≻⋈∈⊥∋≻⋈∈⊥∋≻⋈∈⊤∋≻⋈∈⊥∋⊙⊡⊣
⊢≻⋈∈⊥∋≻⋈∈⊥∋≻⋈∈⊥∋≻⋈∈⊤∋≻⋈∈⊥∋≻⋈∈⊥∋≻⋈∈⊥∋≻⋈∈⊤∋≻⋈∈⊤∋≻⋈∈⊤∋≻⋈∈⊥∋⊙⊡⊣
⊢≻⋈∈⊥∋≻⋈∈⊤∋≻⋈∈⊥∋≻⋈∈⊥∋≻⋈∈⊤∋≻⋈∈⊤∋≻⋈∈⊥∋≻⋈∈⊥∋≻⋈∈⊤∋≻⋈∈⊥∋≻⋈∈⊥∋⊙⊡⊣
⊢≻⋈∈⊤∋≻⋈∈⊤∋≻⋈∈⊤∋≻⋈∈⊤∋≻⋈∈⊤∋≻⋈∈⊥∋≻⋈∈⊤∋≻⋈∈⊥∋≻⋈∈⊤∋≻⋈∈⊤∋≻⋈∈⊤∋≻⋈∈⊤∋≻⋈∈⊥∋≻⋈∈⊤∋≻⋈∈⊥∋⊙⊡⊣
⊢≻⋈∈⊤∋≻⋈∈⊤∋≻⋈∈⊥∋≻⋈∈⊥∋≻⋈∈⊥∋≻⋈∈⊥∋≻⋈∈⊥∋⊙⊡⊣
⊢≻⋈∈⊥∋≻⋈∈⊤∋≻⋈∈⊥∋≻⋈∈⊤∋≻⋈∈⊥∋≻⋈∈⊥∋≻⋈∈⊥∋≻⋈∈⊤∋≻⋈∈⊥∋⊙⊡⊣
⊢≻⋈∈⊤∋≻⋈∈⊤∋≻⋈∈⊥∋≻⋈∈⊤∋≻⋈∈⊥∋⊙⊡⊣
⊢≻⋈∈⊤∋≻⋈∈⊤∋≻⋈∈⊥∋≻⋈∈⊥∋≻⋈∈⊥∋⊙⊡⊣
⊢≻⋈∈⊤∋≻⋈∈⊤∋≻⋈∈⊤∋≻⋈∈⊤∋≻⋈∈⊤∋≻⋈∈⊥∋≻⋈∈⊤∋≻⋈∈⊤∋≻⋈∈⊥∋⊙⊡⊣
⊢≻⋈∈⊤∋≻⋈∈⊥∋≻⋈∈⊤∋≻⋈∈⊥∋≻⋈∈⊥∋≻⋈∈⊥∋≻⋈∈⊥∋≻⋈∈⊤∋≻⋈∈⊥∋≻⋈∈⊥∋≻⋈∈⊤∋≻⋈∈⊤∋≻⋈∈⊤∋≻⋈∈⊥∋≻⋈∈⊤∋≻⋈∈⊥∋⊙⊡⊣
⊢≻⋈∈⊥∋≻⋈∈⊥∋≻⋈∈⊥∋≻⋈∈⊥∋≻⋈∈⊤∋≻⋈∈⊥∋≻⋈∈⊤∋≻⋈∈⊥∋≻⋈∈⊥∋⊙⊡⊣
⊢≻⋈∈⊥∋≻⋈∈⊤∋≻⋈∈⊤∋≻⋈∈⊤∋≻⋈∈⊥∋≻⋈∈⊥∋≻⋈∈⊥∋≻⋈∈⊤∋≻⋈∈⊥∋⊙⊡⊣
⊢≻⋈∈⊥∋≻⋈∈⊥∋≻⋈∈⊥∋≻⋈∈⊤∋≻⋈∈⊥∋≻⋈∈⊥∋≻⋈∈⊥∋≻⋈∈⊤∋≻⋈∈⊤∋≻⋈∈⊤∋≻⋈∈⊥∋⊙⊡⊣
⊢≻⋈∈⊥∋≻⋈∈⊤∋≻⋈∈⊥∋≻⋈∈⊥∋≻⋈∈⊤∋≻⋈∈⊤∋≻⋈∈⊥∋≻⋈∈⊥∋≻⋈∈⊤∋≻⋈∈⊥∋≻⋈∈⊥∋⊙⊡⊣
⊢≻⋈∈⊤∋≻⋈∈⊤∋≻⋈∈⊤∋≻⋈∈⊤∋≻⋈∈⊥∋≻⋈∈⊥∋≻⋈∈⊤∋≻⋈∈⊤∋≻⋈∈⊥∋≻⋈∈⊤∋≻⋈∈⊤∋≻⋈∈⊤∋≻⋈∈⊥∋≻⋈∈⊤∋≻⋈∈⊥∋⊙⊡⊣
⊢≻⋈∈⊤∋≻⋈∈⊤∋≻⋈∈⊥∋≻⋈∈⊥∋≻⋈∈⊥∋≻⋈∈⊥∋≻⋈∈⊥∋⊙⊡⊣
⊢≻⋈∈⊤∋≻⋈∈⊥∋≻⋈∈⊥∋≻⋈∈⊤∋≻⋈∈⊥∋≻⋈∈⊥∋≻⋈∈⊥∋≻⋈∈⊤∋≻⋈∈⊥∋⊙⊡⊣
⊢≻⋈∈⊤∋≻⋈∈⊤∋≻⋈∈⊥∋≻⋈∈⊤∋≻⋈∈⊥∋⊙⊡⊣
⊢≻⋈∈⊥∋≻⋈∈⊤∋≻⋈∈⊥∋≻⋈∈⊥∋≻⋈∈⊥∋⊙⊡⊣
⊢≻⋈∈⊥∋≻⋈∈⊤∋≻⋈∈⊤∋≻⋈∈⊤∋≻⋈∈⊤∋≻⋈∈⊥∋≻⋈∈⊤∋≻⋈∈⊤∋≻⋈∈⊥∋⊙⊡⊣
⊢≻⋈∈⊤∋≻⋈∈⊥∋≻⋈∈⊤∋≻⋈∈⊥∋≻⋈∈⊤∋≻⋈∈⊤∋≻⋈∈⊤∋≻⋈∈⊤∋≻⋈∈⊤∋≻⋈∈⊤∋≻⋈∈⊥∋≻⋈∈⊤∋≻⋈∈⊤∋≻⋈∈⊥∋≻⋈∈⊤∋≻⋈∈⊥∋⊙⊡⊣
⊢≻⋈∈⊤∋≻⋈∈⊤∋≻⋈∈⊤∋≻⋈∈⊤∋≻⋈∈⊥∋≻⋈∈⊥∋≻⋈∈⊤∋≻⋈∈⊥∋≻⋈∈⊥∋⊙⊡⊣
⊢≻⋈∈⊥∋≻⋈∈⊤∋≻⋈∈⊤∋≻⋈∈⊤∋≻⋈∈⊥∋≻⋈∈⊥∋≻⋈∈⊥∋≻⋈∈⊤∋≻⋈∈⊥∋⊙⊡⊣
⊢≻⋈∈⊥∋≻⋈∈⊥∋≻⋈∈⊥∋≻⋈∈⊤∋≻⋈∈⊥∋≻⋈∈⊥∋≻⋈∈⊥∋≻⋈∈⊤∋≻⋈∈⊤∋≻⋈∈⊤∋≻⋈∈⊥∋⊙⊡⊣
⊢≻⋈∈⊥∋≻⋈∈⊤∋≻⋈∈⊥∋≻⋈∈⊥∋≻⋈∈⊤∋≻⋈∈⊤∋≻⋈∈⊥∋≻⋈∈⊥∋≻⋈∈⊤∋≻⋈∈⊥∋≻⋈∈⊥∋⊙⊡⊣
⊢≻⋈∈⊤∋≻⋈∈⊤∋≻⋈∈⊤∋≻⋈∈⊤∋≻⋈∈⊤∋≻⋈∈⊥∋≻⋈∈⊥∋≻⋈∈⊤∋≻⋈∈⊥∋≻⋈∈⊤∋≻⋈∈⊤∋≻⋈∈⊤∋≻⋈∈⊥∋≻⋈∈⊤∋≻⋈∈⊥∋⊙⊡⊣
⊢≻⋈∈⊤∋≻⋈∈⊤∋≻⋈∈⊥∋≻⋈∈⊥∋≻⋈∈⊥∋≻⋈∈⊥∋≻⋈∈⊥∋⊙⊡⊣
⊢≻⋈∈⊥∋≻⋈∈⊥∋≻⋈∈⊥∋≻⋈∈⊤∋≻⋈∈⊥∋≻⋈∈⊥∋≻⋈∈⊥∋≻⋈∈⊤∋≻⋈∈⊥∋⊙⊡⊣
⊢≻⋈∈⊥∋≻⋈∈⊥∋≻⋈∈⊥∋⊙⊡⊣
⊢≻⋈∈⊥∋≻⋈∈⊤∋≻⋈∈⊤∋≻⋈∈⊥∋≻⋈∈⊤∋≻⋈∈⊥∋⊙⊡⊣
⊢≻⋈∈⊤∋≻⋈∈⊥∋≻⋈∈⊤∋≻⋈∈⊤∋≻⋈∈⊤∋≻⋈∈⊥∋≻⋈∈⊤∋≻⋈∈⊤∋≻⋈∈⊥∋⊙⊡⊣
⊢≻⋈∈⊥∋≻⋈∈⊤∋≻⋈∈⊥∋≻⋈∈⊥∋≻⋈∈⊥∋≻⋈∈⊤∋≻⋈∈⊤∋≻⋈∈⊥∋≻⋈∈⊤∋≻⋈∈⊤∋≻⋈∈⊥∋≻⋈∈⊤∋≻⋈∈⊤∋≻⋈∈⊥∋≻⋈∈⊤∋≻⋈∈⊥∋⊙⊡⊣
⊢≻⋈∈⊥∋≻⋈∈⊤∋≻⋈∈⊤∋≻⋈∈⊤∋≻⋈∈⊥∋≻⋈∈⊥∋≻⋈∈⊤∋≻⋈∈⊥∋≻⋈∈⊥∋⊙⊡⊣
⊢≻⋈∈⊤∋≻⋈∈⊥∋≻⋈∈⊤∋≻⋈∈⊤∋≻⋈∈⊥∋≻⋈∈⊥∋≻⋈∈⊥∋≻⋈∈⊤∋≻⋈∈⊥∋⊙⊡⊣
⊢≻⋈∈⊥∋≻⋈∈⊥∋≻⋈∈⊥∋≻⋈∈⊤∋≻⋈∈⊥∋≻⋈∈⊥∋≻⋈∈⊥∋≻⋈∈⊤∋≻⋈∈⊤∋≻⋈∈⊤∋≻⋈∈⊥∋⊙⊡⊣
⊢≻⋈∈⊥∋≻⋈∈⊤∋≻⋈∈⊥∋≻⋈∈⊥∋≻⋈∈⊤∋≻⋈∈⊤∋≻⋈∈⊥∋≻⋈∈⊥∋≻⋈∈⊤∋≻⋈∈⊥∋≻⋈∈⊥∋⊙⊡⊣
⊢≻⋈∈⊤∋≻⋈∈⊤∋≻⋈∈⊤∋≻⋈∈⊤∋≻⋈∈⊥∋≻⋈∈⊤∋≻⋈∈⊤∋≻⋈∈⊥∋≻⋈∈⊥∋≻⋈∈⊤∋≻⋈∈⊤∋≻⋈∈⊤∋≻⋈∈⊥∋≻⋈∈⊤∋≻⋈∈⊥∋⊙⊡⊣
⊢≻⋈∈⊤∋≻⋈∈⊤∋≻⋈∈⊥∋≻⋈∈⊥∋≻⋈∈⊥∋≻⋈∈⊥∋≻⋈∈⊥∋⊙⊡⊣
⊢≻⋈∈⊤∋≻⋈∈⊥∋≻⋈∈⊤∋≻⋈∈⊥∋≻⋈∈⊥∋≻⋈∈⊥∋≻⋈∈⊥∋≻⋈∈⊤∋≻⋈∈⊥∋⊙⊡⊣
⊢≻⋈∈⊤∋≻⋈∈⊤∋≻⋈∈⊤∋≻⋈∈⊥∋⊙⊡⊣
⊢≻⋈∈⊤∋≻⋈∈⊤∋≻⋈∈⊤∋≻⋈∈⊥∋≻⋈∈⊤∋≻⋈∈⊥∋⊙⊡⊣
⊢≻⋈∈⊥∋≻⋈∈⊥∋≻⋈∈⊤∋≻⋈∈⊤∋≻⋈∈⊤∋≻⋈∈⊥∋≻⋈∈⊤∋≻⋈∈⊤∋≻⋈∈⊥∋⊙⊡⊣
⊢≻⋈∈⊤∋≻⋈∈⊤∋≻⋈∈⊤∋≻⋈∈⊤∋≻⋈∈⊥∋≻⋈∈⊥∋≻⋈∈⊤∋≻⋈∈⊤∋≻⋈∈⊥∋≻⋈∈⊤∋≻⋈∈⊥∋≻⋈∈⊤∋≻⋈∈⊤∋≻⋈∈⊥∋≻⋈∈⊤∋≻⋈∈⊥∋⊙⊡⊣
⊢≻⋈∈⊥∋≻⋈∈⊤∋≻⋈∈⊥∋≻⋈∈⊤∋≻⋈∈⊥∋≻⋈∈⊥∋≻⋈∈⊤∋≻⋈∈⊥∋≻⋈∈⊥∋⊙⊡⊣
⊢≻⋈∈⊥∋≻⋈∈⊥∋≻⋈∈⊥∋≻⋈∈⊤∋≻⋈∈⊥∋≻⋈∈⊥∋≻⋈∈⊥∋≻⋈∈⊤∋≻⋈∈⊥∋⊙⊡⊣
⊢≻⋈∈⊥∋≻⋈∈⊥∋≻⋈∈⊥∋≻⋈∈⊤∋≻⋈∈⊥∋≻⋈∈⊥∋≻⋈∈⊥∋≻⋈∈⊤∋≻⋈∈⊤∋≻⋈∈⊤∋≻⋈∈⊥∋⊙⊡⊣
⊢≻⋈∈⊥∋≻⋈∈⊤∋≻⋈∈⊥∋≻⋈∈⊥∋≻⋈∈⊤∋≻⋈∈⊤∋≻⋈∈⊥∋≻⋈∈⊥∋≻⋈∈⊤∋≻⋈∈⊥∋≻⋈∈⊥∋⊙⊡⊣
⊢≻⋈∈⊤∋≻⋈∈⊤∋≻⋈∈⊤∋≻⋈∈⊤∋≻⋈∈⊥∋≻⋈∈⊤∋≻⋈∈⊥∋≻⋈∈⊤∋≻⋈∈⊤∋≻⋈∈⊥∋≻⋈∈⊤∋≻⋈∈⊤∋≻⋈∈⊥∋≻⋈∈⊤∋≻⋈∈⊥∋⊙⊡⊣
⊢≻⋈∈⊤∋≻⋈∈⊤∋≻⋈∈⊥∋≻⋈∈⊥∋≻⋈∈⊥∋≻⋈∈⊥∋≻⋈∈⊥∋⊙⊡⊣
⊢≻⋈∈⊥∋≻⋈∈⊥∋≻⋈∈⊤∋≻⋈∈⊥∋≻⋈∈⊥∋≻⋈∈⊥∋≻⋈∈⊥∋≻⋈∈⊤∋≻⋈∈⊥∋⊙⊡⊣
⊢≻⋈∈⊤∋≻⋈∈⊥∋≻⋈∈⊤∋≻⋈∈⊤∋≻⋈∈⊥∋⊙⊡⊣
⊢≻⋈∈⊤∋≻⋈∈⊥∋≻⋈∈⊥∋≻⋈∈⊥∋≻⋈∈⊥∋⊙⊡⊣
⊢≻⋈∈⊤∋≻⋈∈⊤∋≻⋈∈⊥∋≻⋈∈⊤∋≻⋈∈⊤∋≻⋈∈⊥∋≻⋈∈⊤∋≻⋈∈⊤∋≻⋈∈⊥∋⊙⊡⊣
⊢≻⋈∈⊤∋≻⋈∈⊤∋≻⋈∈⊤∋≻⋈∈⊤∋≻⋈∈⊤∋≻⋈∈⊤∋≻⋈∈⊥∋≻⋈∈⊥∋≻⋈∈⊥∋≻⋈∈⊤∋≻⋈∈⊥∋≻⋈∈⊤∋≻⋈∈⊤∋≻⋈∈⊥∋≻⋈∈⊤∋≻⋈∈⊥∋⊙⊡⊣
⊢≻⋈∈⊥∋≻⋈∈⊥∋≻⋈∈⊥∋≻⋈∈⊤∋≻⋈∈⊥∋≻⋈∈⊥∋≻⋈∈⊤∋≻⋈∈⊥∋≻⋈∈⊥∋⊙⊡⊣
⊢≻⋈∈⊥∋≻⋈∈⊤∋≻⋈∈⊤∋≻⋈∈⊥∋≻⋈∈⊥∋≻⋈∈⊥∋≻⋈∈⊥∋≻⋈∈⊤∋≻⋈∈⊥∋⊙⊡⊣
⊢≻⋈∈⊥∋≻⋈∈⊥∋≻⋈∈⊥∋≻⋈∈⊤∋≻⋈∈⊥∋≻⋈∈⊥∋≻⋈∈⊥∋≻⋈∈⊤∋≻⋈∈⊤∋≻⋈∈⊤∋≻⋈∈⊥∋⊙⊡⊣
⊢≻⋈∈⊥∋≻⋈∈⊤∋≻⋈∈⊥∋≻⋈∈⊥∋≻⋈∈⊤∋≻⋈∈⊤∋≻⋈∈⊥∋≻⋈∈⊥∋≻⋈∈⊤∋≻⋈∈⊥∋≻⋈∈⊥∋⊙⊡⊣
⊢≻⋈∈⊤∋≻⋈∈⊤∋≻⋈∈⊤∋≻⋈∈⊤∋≻⋈∈⊥∋≻⋈∈⊥∋≻⋈∈⊤∋≻⋈∈⊥∋≻⋈∈⊤∋≻⋈∈⊥∋≻⋈∈⊤∋≻⋈∈⊤∋≻⋈∈⊥∋≻⋈∈⊤∋≻⋈∈⊥∋⊙⊡⊣
⊢≻⋈∈⊤∋≻⋈∈⊤∋≻⋈∈⊥∋≻⋈∈⊥∋≻⋈∈⊥∋≻⋈∈⊥∋≻⋈∈⊥∋⊙⊡⊣
⊢≻⋈∈⊤∋≻⋈∈⊤∋≻⋈∈⊥∋≻⋈∈⊥∋≻⋈∈⊥∋≻⋈∈⊥∋≻⋈∈⊥∋≻⋈∈⊤∋≻⋈∈⊥∋⊙⊡⊣
⊢≻⋈∈⊤∋≻⋈∈⊥∋≻⋈∈⊤∋≻⋈∈⊤∋≻⋈∈⊥∋⊙⊡⊣
⊢≻⋈∈⊥∋≻⋈∈⊥∋≻⋈∈⊥∋≻⋈∈⊥∋≻⋈∈⊥∋⊙⊡⊣
⊢≻⋈∈⊥∋≻⋈∈⊤∋≻⋈∈⊥∋≻⋈∈⊤∋≻⋈∈⊤∋≻⋈∈⊥∋≻⋈∈⊤∋≻⋈∈⊤∋≻⋈∈⊥∋⊙⊡⊣
⊢≻⋈∈⊤∋≻⋈∈⊤∋≻⋈∈⊤∋≻⋈∈⊤∋≻⋈∈⊥∋≻⋈∈⊤∋≻⋈∈⊥∋≻⋈∈⊤∋≻⋈∈⊤∋≻⋈∈⊥∋≻⋈∈⊥∋≻⋈∈⊤∋≻⋈∈⊤∋≻⋈∈⊥∋≻⋈∈⊤∋≻⋈∈⊥∋⊙⊡⊣
⊢≻⋈∈⊤∋≻⋈∈⊤∋≻⋈∈⊤∋≻⋈∈⊥∋≻⋈∈⊥∋≻⋈∈⊥∋≻⋈∈⊤∋≻⋈∈⊥∋≻⋈∈⊥∋⊙⊡⊣
⊢≻⋈∈⊥∋≻⋈∈⊤∋≻⋈∈⊤∋≻⋈∈⊥∋≻⋈∈⊥∋≻⋈∈⊥∋≻⋈∈⊥∋≻⋈∈⊤∋≻⋈∈⊥∋⊙⊡⊣
⊢≻⋈∈⊥∋≻⋈∈⊥∋≻⋈∈⊥∋≻⋈∈⊤∋≻⋈∈⊥∋≻⋈∈⊥∋≻⋈∈⊥∋≻⋈∈⊤∋≻⋈∈⊤∋≻⋈∈⊤∋≻⋈∈⊥∋⊙⊡⊣
⊢≻⋈∈⊥∋≻⋈∈⊤∋≻⋈∈⊥∋≻⋈∈⊥∋≻⋈∈⊤∋≻⋈∈⊤∋≻⋈∈⊥∋≻⋈∈⊥∋≻⋈∈⊤∋≻⋈∈⊥∋≻⋈∈⊥∋⊙⊡⊣
⊢≻⋈∈⊤∋≻⋈∈⊤∋≻⋈∈⊤∋≻⋈∈⊤∋≻⋈∈⊤∋≻⋈∈⊥∋≻⋈∈⊥∋≻⋈∈⊥∋≻⋈∈⊤∋≻⋈∈⊥∋≻⋈∈⊤∋≻⋈∈⊤∋≻⋈∈⊥∋≻⋈∈⊤∋≻⋈∈⊥∋⊙⊡⊣
⊢≻⋈∈⊤∋≻⋈∈⊤∋≻⋈∈⊥∋≻⋈∈⊥∋≻⋈∈⊥∋≻⋈∈⊥∋≻⋈∈⊥∋⊙⊡⊣
⊢≻⋈∈⊥∋≻⋈∈⊤∋≻⋈∈⊥∋≻⋈∈⊥∋≻⋈∈⊥∋≻⋈∈⊥∋≻⋈∈⊥∋≻⋈∈⊤∋≻⋈∈⊥∋⊙⊡⊣
⊢≻⋈∈⊥∋≻⋈∈⊤∋≻⋈∈⊤∋≻⋈∈⊥∋⊙⊡⊣
⊢≻⋈∈⊥∋≻⋈∈⊥∋≻⋈∈⊥∋≻⋈∈⊤∋≻⋈∈⊤∋≻⋈∈⊥∋⊙⊡⊣
⊢≻⋈∈⊤∋≻⋈∈⊥∋≻⋈∈⊥∋≻⋈∈⊤∋≻⋈∈⊤∋≻⋈∈⊥∋≻⋈∈⊤∋≻⋈∈⊤∋≻⋈∈⊥∋⊙⊡⊣
⊢≻⋈∈⊥∋≻⋈∈⊥∋≻⋈∈⊤∋≻⋈∈⊤∋≻⋈∈⊤∋≻⋈∈⊥∋≻⋈∈⊥∋≻⋈∈⊥∋≻⋈∈⊤∋≻⋈∈⊥∋≻⋈∈⊥∋≻⋈∈⊤∋≻⋈∈⊤∋≻⋈∈⊥∋≻⋈∈⊤∋≻⋈∈⊥∋⊙⊡⊣
⊢≻⋈∈⊥∋≻⋈∈⊤∋≻⋈∈⊤∋≻⋈∈⊥∋≻⋈∈⊥∋≻⋈∈⊥∋≻⋈∈⊤∋≻⋈∈⊥∋≻⋈∈⊥∋⊙⊡⊣
⊢≻⋈∈⊥∋≻⋈∈⊤∋≻⋈∈⊤∋≻⋈∈⊥∋≻⋈∈⊥∋≻⋈∈⊥∋≻⋈∈⊥∋≻⋈∈⊤∋≻⋈∈⊥∋⊙⊡⊣
⊢≻⋈∈⊥∋≻⋈∈⊥∋≻⋈∈⊥∋≻⋈∈⊤∋≻⋈∈⊥∋≻⋈∈⊥∋≻⋈∈⊥∋≻⋈∈⊤∋≻⋈∈⊤∋≻⋈∈⊤∋≻⋈∈⊥∋⊙⊡⊣
⊢≻⋈∈⊥∋≻⋈∈⊤∋≻⋈∈⊥∋≻⋈∈⊥∋≻⋈∈⊤∋≻⋈∈⊤∋≻⋈∈⊥∋≻⋈∈⊥∋≻⋈∈⊤∋≻⋈∈⊥∋≻⋈∈⊥∋⊙⊡⊣
⊢≻⋈∈⊤∋≻⋈∈⊤∋≻⋈∈⊤∋≻⋈∈⊤∋≻⋈∈⊥∋≻⋈∈⊤∋≻⋈∈⊤∋≻⋈∈⊤∋≻⋈∈⊥∋≻⋈∈⊥∋≻⋈∈⊤∋≻⋈∈⊤∋≻⋈∈⊥∋≻⋈∈⊤∋≻⋈∈⊥∋⊙⊡⊣
⊢≻⋈∈⊤∋≻⋈∈⊤∋≻⋈∈⊥∋≻⋈∈⊥∋≻⋈∈⊥∋≻⋈∈⊥∋≻⋈∈⊥∋⊙⊡⊣
⊢≻⋈∈⊤∋≻⋈∈⊥∋≻⋈∈⊥∋≻⋈∈⊥∋≻⋈∈⊥∋≻⋈∈⊥∋≻⋈∈⊥∋≻⋈∈⊤∋≻⋈∈⊥∋⊙⊡⊣
⊢≻⋈∈⊥∋≻⋈∈⊤∋≻⋈∈⊤∋≻⋈∈⊤∋≻⋈∈⊥∋⊙⊡⊣
⊢≻⋈∈⊥∋≻⋈∈⊥∋≻⋈∈⊥∋≻⋈∈⊥∋≻⋈∈⊥∋⊙⊡⊣
⊢≻⋈∈⊥∋≻⋈∈⊥∋≻⋈∈⊥∋≻⋈∈⊤∋≻⋈∈⊤∋≻⋈∈⊥∋≻⋈∈⊤∋≻⋈∈⊤∋≻⋈∈⊥∋⊙⊡⊣
⊢≻⋈∈⊥∋≻⋈∈⊥∋≻⋈∈⊤∋≻⋈∈⊤∋≻⋈∈⊥∋≻⋈∈⊥∋≻⋈∈⊥∋≻⋈∈⊤∋≻⋈∈⊥∋≻⋈∈⊥∋≻⋈∈⊥∋≻⋈∈⊤∋≻⋈∈⊤∋≻⋈∈⊥∋≻⋈∈⊤∋≻⋈∈⊥∋⊙⊡⊣
⊢≻⋈∈⊥∋≻⋈∈⊥∋≻⋈∈⊤∋≻⋈∈⊥∋≻⋈∈⊥∋≻⋈∈⊥∋≻⋈∈⊤∋≻⋈∈⊥∋≻⋈∈⊥∋⊙⊡⊣
⊢≻⋈∈⊤∋≻⋈∈⊥∋≻⋈∈⊤∋≻⋈∈⊥∋≻⋈∈⊥∋≻⋈∈⊥∋≻⋈∈⊥∋≻⋈∈⊤∋≻⋈∈⊥∋⊙⊡⊣
⊢≻⋈∈⊥∋≻⋈∈⊥∋≻⋈∈⊥∋≻⋈∈⊤∋≻⋈∈⊥∋≻⋈∈⊥∋≻⋈∈⊥∋≻⋈∈⊤∋≻⋈∈⊤∋≻⋈∈⊤∋≻⋈∈⊥∋⊙⊡⊣
⊢≻⋈∈⊥∋≻⋈∈⊤∋≻⋈∈⊥∋≻⋈∈⊥∋≻⋈∈⊤∋≻⋈∈⊤∋≻⋈∈⊥∋≻⋈∈⊥∋≻⋈∈⊤∋≻⋈∈⊥∋≻⋈∈⊥∋⊙⊡⊣
⊢≻⋈∈⊤∋≻⋈∈⊤∋≻⋈∈⊤∋≻⋈∈⊤∋≻⋈∈⊥∋≻⋈∈⊥∋≻⋈∈⊥∋≻⋈∈⊤∋≻⋈∈⊥∋≻⋈∈⊥∋≻⋈∈⊤∋≻⋈∈⊤∋≻⋈∈⊥∋≻⋈∈⊤∋≻⋈∈⊥∋⊙⊡⊣
⊢≻⋈∈⊤∋≻⋈∈⊤∋≻⋈∈⊥∋≻⋈∈⊥∋≻⋈∈⊥∋≻⋈∈⊥∋≻⋈∈⊥∋⊙⊡⊣
⊢≻⋈∈⊥∋≻⋈∈⊥∋≻⋈∈⊥∋≻⋈∈⊥∋≻⋈∈⊥∋≻⋈∈⊥∋≻⋈∈⊥∋≻⋈∈⊤∋≻⋈∈⊥∋⊙⊡⊣
⊢≻⋈∈⊥∋≻⋈∈⊤∋≻⋈∈⊤∋≻⋈∈⊤∋≻⋈∈⊥∋⊙⊡⊣
⊢≻⋈∈⊤∋≻⋈∈⊤∋≻⋈∈⊤∋≻⋈∈⊤∋≻⋈∈⊤∋≻⋈∈⊥∋⊙⊡⊣
⊢≻⋈∈⊤∋≻⋈∈⊤∋≻⋈∈⊤∋≻⋈∈⊥∋≻⋈∈⊤∋≻⋈∈⊥∋≻⋈∈⊤∋≻⋈∈⊤∋≻⋈∈⊥∋⊙⊡⊣
⊢≻⋈∈⊥∋≻⋈∈⊥∋≻⋈∈⊤∋≻⋈∈⊤∋≻⋈∈⊤∋≻⋈∈⊤∋≻⋈∈⊤∋≻⋈∈⊤∋≻⋈∈⊤∋≻⋈∈⊤∋≻⋈∈⊤∋≻⋈∈⊥∋≻⋈∈⊤∋≻⋈∈⊥∋≻⋈∈⊤∋≻⋈∈⊥∋⊙⊡⊣
⊢≻⋈∈⊤∋≻⋈∈⊤∋≻⋈∈⊥∋≻⋈∈⊥∋≻⋈∈⊥∋≻⋈∈⊥∋≻⋈∈⊤∋≻⋈∈⊥∋≻⋈∈⊥∋⊙⊡⊣
⊢≻⋈∈⊤∋≻⋈∈⊥∋≻⋈∈⊤∋≻⋈∈⊥∋≻⋈∈⊥∋≻⋈∈⊥∋≻⋈∈⊥∋≻⋈∈⊤∋≻⋈∈⊥∋⊙⊡⊣
⊢≻⋈∈⊥∋≻⋈∈⊥∋≻⋈∈⊥∋≻⋈∈⊤∋≻⋈∈⊥∋≻⋈∈⊥∋≻⋈∈⊥∋≻⋈∈⊤∋≻⋈∈⊤∋≻⋈∈⊤∋≻⋈∈⊥∋⊙⊡⊣
⊢≻⋈∈⊥∋≻⋈∈⊤∋≻⋈∈⊥∋≻⋈∈⊥∋≻⋈∈⊤∋≻⋈∈⊤∋≻⋈∈⊥∋≻⋈∈⊥∋≻⋈∈⊤∋≻⋈∈⊥∋≻⋈∈⊥∋⊙⊡⊣
⊢≻⋈∈⊤∋≻⋈∈⊤∋≻⋈∈⊤∋≻⋈∈⊤∋≻⋈∈⊤∋≻⋈∈⊥∋≻⋈∈⊤∋≻⋈∈⊥∋≻⋈∈⊥∋≻⋈∈⊥∋≻⋈∈⊤∋≻⋈∈⊤∋≻⋈∈⊥∋≻⋈∈⊤∋≻⋈∈⊥∋⊙⊡⊣
⊢≻⋈∈⊤∋≻⋈∈⊤∋≻⋈∈⊥∋≻⋈∈⊥∋≻⋈∈⊥∋≻⋈∈⊥∋≻⋈∈⊥∋⊙⊡⊣
⊢≻⋈∈⊥∋≻⋈∈⊤∋≻⋈∈⊤∋≻⋈∈⊤∋≻⋈∈⊥∋≻⋈∈⊤∋≻⋈∈⊤∋≻⋈∈⊥∋≻⋈∈⊥∋⊙⊡⊣
⊢≻⋈∈⊤∋≻⋈∈⊥∋≻⋈∈⊥∋≻⋈∈⊤∋≻⋈∈⊥∋⊙⊡⊣
⊢≻⋈∈⊤∋≻⋈∈⊥∋≻⋈∈⊤∋≻⋈∈⊥∋≻⋈∈⊥∋⊙⊡⊣
⊢≻⋈∈⊤∋≻⋈∈⊤∋≻⋈∈⊤∋≻⋈∈⊥∋≻⋈∈⊤∋≻⋈∈⊥∋≻⋈∈⊤∋≻⋈∈⊤∋≻⋈∈⊥∋⊙⊡⊣
⊢≻⋈∈⊤∋≻⋈∈⊤∋≻⋈∈⊤∋≻⋈∈⊤∋≻⋈∈⊤∋≻⋈∈⊤∋≻⋈∈⊤∋≻⋈∈⊤∋≻⋈∈⊤∋≻⋈∈⊤∋≻⋈∈⊤∋≻⋈∈⊥∋≻⋈∈⊤∋≻⋈∈⊥∋≻⋈∈⊤∋≻⋈∈⊥∋⊙⊡⊣
⊢≻⋈∈⊥∋≻⋈∈⊤∋≻⋈∈⊥∋≻⋈∈⊤∋≻⋈∈⊥∋≻⋈∈⊤∋≻⋈∈⊥∋≻⋈∈⊥∋≻⋈∈⊥∋⊙⊡⊣
⊢≻⋈∈⊥∋≻⋈∈⊥∋≻⋈∈⊥∋≻⋈∈⊥∋≻⋈∈⊤∋≻⋈∈⊤∋≻⋈∈⊤∋≻⋈∈⊥∋≻⋈∈⊥∋⊙⊡⊣
⊢≻⋈∈⊥∋≻⋈∈⊥∋≻⋈∈⊥∋≻⋈∈⊤∋≻⋈∈⊥∋≻⋈∈⊥∋≻⋈∈⊥∋≻⋈∈⊤∋≻⋈∈⊤∋≻⋈∈⊤∋≻⋈∈⊥∋⊙⊡⊣
⊢≻⋈∈⊥∋≻⋈∈⊤∋≻⋈∈⊥∋≻⋈∈⊥∋≻⋈∈⊤∋≻⋈∈⊤∋≻⋈∈⊥∋≻⋈∈⊥∋≻⋈∈⊤∋≻⋈∈⊥∋≻⋈∈⊥∋⊙⊡⊣
⊢≻⋈∈⊥∋≻⋈∈⊥∋≻⋈∈⊤∋≻⋈∈⊥∋≻⋈∈⊥∋≻⋈∈⊥∋≻⋈∈⊥∋≻⋈∈⊤∋≻⋈∈⊤∋≻⋈∈⊤∋≻⋈∈⊤∋≻⋈∈⊥∋≻⋈∈⊥∋≻⋈∈⊤∋≻⋈∈⊥∋⊙⊡⊣
⊢≻⋈∈⊥∋≻⋈∈⊥∋≻⋈∈⊥∋≻⋈∈⊥∋≻⋈∈⊥∋≻⋈∈⊥∋≻⋈∈⊥∋⊙⊡⊣
⊢≻⋈∈⊥∋≻⋈∈⊥∋≻⋈∈⊥∋≻⋈∈⊤∋≻⋈∈⊤∋≻⋈∈⊥∋≻⋈∈⊤∋≻⋈∈⊤∋≻⋈∈⊥∋≻⋈∈⊤∋≻⋈∈⊥∋≻⋈∈⊤∋≻⋈∈⊤∋≻⋈∈⊥∋≻⋈∈⊤∋≻⋈∈⊤∋≻⋈∈⊥∋≻⋈∈⊤∋≻⋈∈⊤∋≻⋈∈⊥∋≻⋈∈⊤∋≻⋈∈⊤∋≻⋈∈⊥∋≻⋈∈⊤∋≻⋈∈⊥∋≻⋈∈⊥∋≻⋈∈⊤∋≻⋈∈⊤∋≻⋈∈⊥∋≻⋈∈⊥∋≻⋈∈⊥∋≻⋈∈⊥∋≻⋈∈⊥∋≻⋈∈⊤∋≻⋈∈⊥∋≻⋈∈⊤∋≻⋈∈⊤∋≻⋈∈⊤∋≻⋈∈⊤∋≻⋈∈⊤∋≻⋈∈⊥∋≻⋈∈⊥∋≻⋈∈⊤∋≻⋈∈⊥∋≻⋈∈⊤∋≻⋈∈⊤∋≻⋈∈⊤∋≻⋈∈⊥∋⊙⊡⊣
⊢≻⋈∈⊥∋≻⋈∈⊤∋≻⋈∈⊥∋≻⋈∈⊤∋≻⋈∈⊤∋≻⋈∈⊤∋≻⋈∈⊤∋≻⋈∈⊤∋≻⋈∈⊤∋≻⋈∈⊥∋≻⋈∈⊥∋≻⋈∈⊥∋≻⋈∈⊤∋≻⋈∈⊥∋≻⋈∈⊤∋≻⋈∈⊤∋≻⋈∈⊥∋≻⋈∈⊤∋≻⋈∈⊥∋≻⋈∈⊥∋≻⋈∈⊤∋≻⋈∈⊥∋≻⋈∈⊤∋≻⋈∈⊥∋⊙⊡⊣
⊢≻⋈∈⊥∋≻⋈∈⊥∋≻⋈∈⊤∋≻⋈∈⊥∋≻⋈∈⊥∋≻⋈∈⊥∋≻⋈∈⊤∋≻⋈∈⊤∋≻⋈∈⊤∋≻⋈∈⊥∋≻⋈∈⊤∋≻⋈∈⊤∋≻⋈∈⊤∋≻⋈∈⊤∋≻⋈∈⊤∋≻⋈∈⊥∋≻⋈∈⊥∋≻⋈∈⊤∋≻⋈∈⊥∋≻⋈∈⊥∋≻⋈∈⊤∋≻⋈∈⊤∋≻⋈∈⊥∋≻⋈∈⊥∋⊙⊡⊣
⊢∈⊥⊥⊥⊤⊤⊥⊤⊤⊥⊤⊥⊤⊤⊥⊤⊤⊥⊤⊤⊥⊤⊤⊥⊤⊥⊥⊤⊤⊥⊥⊥⊥⊥⊤⊥⊤⊤⊤⊤⊤⊥⊥⊤⊥⊤⊤⊤⊥∋∈⊥⊤⊥⊤⊤⊤⊤⊤⊤⊥⊥⊥⊤⊥⊤⊤⊥⊤⊥⊥⊤⊥⊤⊥∋∈⊥⊥⊤⊥⊥⊥⊤⊤⊤⊥⊤⊤⊤⊤⊤⊥⊥⊤⊥⊥⊤⊤⊥⊥∋∈⊥∋∈⊥⊤⊥⊥⊤⊤⊥⊥∋∈⋈⊤⊤⊡∈⊤⊥⊤⊤⊤⊤⊥⊤∋⊢∈⊥∋∈⊤∋∈⊥∋∈⊥∋∈⊤⊥∋∈⊤∋∈⊥⊤∋∈⊥⊥∋∈⊤⊤⊥∋∈⊥∋∈⊥⊤⊥⊤∋∈⊥⊥⊤⊥∋∈⊤⊤⊤⊥∋∈⊥∋∈⊥⊤⊥⊤⊤⊤⊤⊤∋∈⊥⊥⊤⊥⊥⊥⊤⊤∋∈⊤⊤⊤⊤⊥∋∈⊥⊥∋∈⊥⊤⊥⊤⊤⊤⊤⊤⊤⊥⊥⊥⊤⊥⊤⊤∋∈⊥⊥⊤⊥⊥⊥⊤⊤⊤⊥⊤⊤⊤⊤⊤⊥∋∈⊤⊤⊤⊥⊥∋∈⊤⊤⊥∋∈⊥⊤⊥⊤⊤⊤⊤⊤⊤⊥⊥⊥⊤⊥⊤⊤⊥⊤⊥⊥⊤⊥⊤⊥∋∈⊥⊥⊤⊥⊥⊥⊤⊤⊤⊥⊤⊤⊤⊤⊤⊥⊥⊤⊥⊥⊤⊤⊥⊥∋⊣∋∈⊥⊤⊥⊥⊤⊤⊥⊥∋∈⋈⊤⊤⊡∈⊤⊥⊤⊤⊤⊤⊥⊤∋⊢∈⊥∋∈⊤∋∈⊥∋∈⊥∋∈⊤⊥∋∈⊤∋∈⊥⊤∋∈⊥⊥∋∈⊤⊤⊥∋∈⊥∋∈⊥⊤⊥⊤∋∈⊥⊥⊤⊥∋∈⊤⊤⊤⊥∋∈⊥∋∈⊥⊤⊥⊤⊤⊤⊤⊤∋∈⊥⊥⊤⊥⊥⊥⊤⊤∋∈⊤⊤⊤⊤⊥∋∈⊥⊥∋∈⊥⊤⊥⊤⊤⊤⊤⊤⊤⊥⊥⊥⊤⊥⊤⊤∋∈⊥⊥⊤⊥⊥⊥⊤⊤⊤⊥⊤⊤⊤⊤⊤⊥∋∈⊤⊤⊤⊥⊥∋∈⊤⊤⊥∋∈⊥⊤⊥⊤⊤⊤⊤⊤⊤⊥⊥⊥⊤⊥⊤⊤⊥⊤⊥⊥⊤⊥⊤⊥∋∈⊥⊥⊤⊥⊥⊥⊤⊤⊤⊥⊤⊤⊤⊤⊤⊥⊥⊤⊥⊥⊤⊤⊥⊥∋⊣∋⊣
