
thread 'main' (0) panicked at examples/glut_stress_baked.rs:33:67:
called `Result::unwrap()` on an `Err` value: "malformed glut trace"
note: run with `RUST_BACKTRACE=1` environment variable to display a backtrace
          malloc rdi=0x68 rsi=0x280 rdx=0x7fffffffffffff00 @step 1484
            mmap len=0x1000 -> 0x300000000 @step 1671
            mmap len=0x1000 -> 0x300001000 @step 2337
         realloc rdi=0x300001040 rsi=0xd0 rdx=0xd0 @step 3767
  __libc_realloc rdi=0x300001040 rsi=0xd0 rdx=0xd0 @step 3768
     __libc_free rdi=0x300001040 rsi=0x3000010a8 rdx=0x0 @step 4438
          malloc rdi=0x18 rsi=0x6 rdx=0x0 @step 5099
            free rdi=0x300001240 rsi=0x7ffef7d0 rdx=0x18 @step 5943
     __libc_free rdi=0x300001240 rsi=0x7ffef7d0 rdx=0x18 @step 5944
          malloc rdi=0x18 rsi=0x300001040 rdx=0x6 @step 6343
          malloc rdi=0x18 rsi=0x6 rdx=0x0 @step 6537
            free rdi=0x300001080 rsi=0x300001078 rdx=0x0 @step 6708
     __libc_free rdi=0x300001080 rsi=0x300001078 rdx=0x0 @step 6709
          malloc rdi=0x10 rsi=0x4 rdx=0x10 @step 6956
          malloc rdi=0x18 rsi=0x6 rdx=0xa3 @step 7180
            free rdi=0x3000010c0 rsi=0x300001078 rdx=0x0 @step 7348
     __libc_free rdi=0x3000010c0 rsi=0x300001078 rdx=0x0 @step 7349
          malloc rdi=0x8 rsi=0x300001060 rdx=0x6 @step 7522
          malloc rdi=0x8 rsi=0x3000010a0 rdx=0x4 @step 8343
          malloc rdi=0x8 rsi=0x1 rdx=0x300001240 @step 8664
          malloc rdi=0x8 rsi=0x300001238 rdx=0x0 @step 8848
          calloc rdi=0x8 rsi=0x1 rdx=0x0 @step 9018
          malloc rdi=0x8 rsi=0x1 rdx=0x0 @step 9031
          malloc rdi=0x8 rsi=0x5 rdx=0x0 @step 9332
            free rdi=0x300001260 rsi=0x5 rdx=0x85 @step 9480
     __libc_free rdi=0x300001260 rsi=0x5 rdx=0x85 @step 9481
            free rdi=0x300001250 rsi=0x0 rdx=0x0 @step 9673
     __libc_free rdi=0x300001250 rsi=0x0 rdx=0x0 @step 9674
            free rdi=0x300001240 rsi=0xc rdx=0x8 @step 9827
     __libc_free rdi=0x300001240 rsi=0xc rdx=0x8 @step 9828
            free rdi=0x300001230 rsi=0xc rdx=0xc @step 9975
     __libc_free rdi=0x300001230 rsi=0xc rdx=0xc @step 9976
          malloc rdi=0x100 rsi=0x100 rdx=0x1 @step 10150
          malloc rdi=0x100 rsi=0x100 rdx=0x1 @step 11835
            free rdi=0x300001280 rsi=0x1 rdx=0x300001570 @step 13153
     __libc_free rdi=0x300001280 rsi=0x1 rdx=0x300001570 @step 13154
            free rdi=0x300001270 rsi=0xc rdx=0xf @step 13301
     __libc_free rdi=0x300001270 rsi=0xc rdx=0xf @step 13302
            free rdi=0x300001570 rsi=0x30000157c rdx=0x30000157c @step 13730
     __libc_free rdi=0x300001570 rsi=0x30000157c rdx=0x30000157c @step 13731
          malloc rdi=0x8 rsi=0x8 rdx=0x7ffef530 @step 13959
            free rdi=0x300001060 rsi=0x0 rdx=0x300001230 @step 14657
     __libc_free rdi=0x300001060 rsi=0x0 rdx=0x300001230 @step 14658
          malloc rdi=0x8 rsi=0x2 rdx=0x14 @step 14829
            free rdi=0x300001240 rsi=0x300001438 rdx=0x0 @step 15000
     __libc_free rdi=0x300001240 rsi=0x300001438 rdx=0x0 @step 15001
          malloc rdi=0x8 rsi=0x300001430 rdx=0x2 @step 15215
          malloc rdi=0x8 rsi=0x3000010a0 rdx=0x4 @step 15466
          malloc rdi=0x8 rsi=0x1 rdx=0x300001260 @step 15775
          malloc rdi=0x8 rsi=0x4 rdx=0x84 @step 15933
            free rdi=0x300001260 rsi=0x300001258 rdx=0x0 @step 16110
     __libc_free rdi=0x300001260 rsi=0x300001258 rdx=0x0 @step 16111
            free rdi=0x300001250 rsi=0xc rdx=0x2 @step 16258
     __libc_free rdi=0x300001250 rsi=0xc rdx=0x2 @step 16259
          malloc rdi=0x100 rsi=0x100 rdx=0x1 @step 16433
          malloc rdi=0x100 rsi=0x100 rdx=0x1 @step 17782
            free rdi=0x300001280 rsi=0x1 rdx=0x300001580 @step 19204
     __libc_free rdi=0x300001280 rsi=0x1 rdx=0x300001580 @step 19205
            free rdi=0x300001270 rsi=0xc rdx=0xe @step 19352
     __libc_free rdi=0x300001270 rsi=0xc rdx=0xe @step 19353
            free rdi=0x300001580 rsi=0x300001588 rdx=0x300001588 @step 19548
     __libc_free rdi=0x300001580 rsi=0x300001588 rdx=0x300001588 @step 19549
            free rdi=0x300001430 rsi=0xd rdx=0x0 @step 19762
     __libc_free rdi=0x300001430 rsi=0xd rdx=0x0 @step 19763
          malloc rdi=0x4 rsi=0x1 rdx=0x2 @step 19941
            free rdi=0x300001290 rsi=0x3000016b4 rdx=0x0 @step 20126
     __libc_free rdi=0x300001290 rsi=0x3000016b4 rdx=0x0 @step 20127
          malloc rdi=0x8 rsi=0x1 rdx=0x8 @step 20361
            free rdi=0x300001230 rsi=0x35 rdx=0x35 @step 20576
     __libc_free rdi=0x300001230 rsi=0x35 rdx=0x35 @step 20577
            free rdi=0x3000010a0 rsi=0xc rdx=0x7e @step 20729
     __libc_free rdi=0x3000010a0 rsi=0xc rdx=0x7e @step 20730
            free rdi=0x3000016b0 rsi=0x1c rdx=0x16 @step 20892
     __libc_free rdi=0x3000016b0 rsi=0x1c rdx=0x16 @step 20893
          malloc rdi=0x400 rsi=0x7ffef618 rdx=0x0 @step 21589
            mmap len=0x1000 -> 0x300002000 @step 21868
            free rdi=0x3000012a0 rsi=0x47f950 rdx=0x0 @step 23942
     __libc_free rdi=0x3000012a0 rsi=0x47f950 rdx=0x0 @step 23943
          malloc rdi=0x18 rsi=0x7ffef720 rdx=0x2c52a858 @step 24444
          malloc rdi=0x6 rsi=0x300001058 rdx=0x0 @step 24608
          malloc rdi=0x4 rsi=0x1 rdx=0x0 @step 25377
          malloc rdi=0x4 rsi=0x1 rdx=0xa1 @step 25528
          malloc rdi=0x4 rsi=0x2 rdx=0xa2 @step 25677
          malloc rdi=0x140 rsi=0x8 rdx=0x140 @step 25879
          malloc rdi=0x8 rsi=0x8 rdx=0xa0 @step 26582
          malloc rdi=0x4 rsi=0x300001240 rdx=0x300001488 @step 26752
          malloc rdi=0x4 rsi=0x300001250 rdx=0x300001488 @step 26942
          malloc rdi=0x4 rsi=0x300001260 rdx=0x300001488 @step 27133
          malloc rdi=0x68 rsi=0x300001264 rdx=0x0 @step 27332
          malloc rdi=0x18 rsi=0x7ffffffffffffffc rdx=0x3000014d8 @step 27853
            free rdi=0x3000010e0 rsi=0x3000010f8 rdx=0x0 @step 28026
     __libc_free rdi=0x3000010e0 rsi=0x3000010f8 rdx=0x0 @step 28027
          malloc rdi=0x18 rsi=0x3fffffffffffffff rdx=0x7ffffffffffffffc @step 30980
            free rdi=0x300001120 rsi=0x3fffffffffffffff rdx=0x0 @step 31156
     __libc_free rdi=0x300001120 rsi=0x3fffffffffffffff rdx=0x0 @step 31157
          malloc rdi=0x4 rsi=0x3fffffffffffffff rdx=0x22a4 @step 31386
          malloc rdi=0x4 rsi=0x8 rdx=0xa8 @step 31547
          malloc rdi=0x8 rsi=0x3000012c0 rdx=0x1 @step 31769
          malloc rdi=0x8 rsi=0x469e68 rdx=0x1 @step 32003
          malloc rdi=0x20 rsi=0x20 rdx=0x7ffef548 @step 32293
          malloc rdi=0x100 rsi=0x100 rdx=0x1 @step 33553
            free rdi=0x300001830 rsi=0x0 rdx=0x300001c30 @step 35214
     __libc_free rdi=0x300001830 rsi=0x0 rdx=0x300001c30 @step 35215
            free rdi=0x3000012e0 rsi=0x200001158 rdx=0x0 @step 35761
     __libc_free rdi=0x3000012e0 rsi=0x200001158 rdx=0x0 @step 35762
            free rdi=0x3000012d0 rsi=0x0 rdx=0x0 @step 35957
     __libc_free rdi=0x3000012d0 rsi=0x0 rdx=0x0 @step 35958
            free rdi=0x3000012c0 rsi=0xc rdx=0x800 @step 36105
     __libc_free rdi=0x3000012c0 rsi=0xc rdx=0x800 @step 36106
          malloc rdi=0x4 rsi=0x300001c34 rdx=0x0 @step 36325
            free rdi=0x3000012b0 rsi=0xc rdx=0xac @step 36481
     __libc_free rdi=0x3000012b0 rsi=0xc rdx=0xac @step 36482
            free rdi=0x300001c30 rsi=0xc rdx=0xe00 @step 36637
     __libc_free rdi=0x300001c30 rsi=0xc rdx=0xe00 @step 36638
          malloc rdi=0x4 rsi=0x3fffffffffffffff rdx=0x0 @step 37214
            free rdi=0x300001300 rsi=0x300001300 rdx=0x4 @step 37434
     __libc_free rdi=0x300001300 rsi=0x300001300 rdx=0x4 @step 37435
            free rdi=0x3000012f0 rsi=0xc rdx=0xf00 @step 37590
     __libc_free rdi=0x3000012f0 rsi=0xc rdx=0xf00 @step 37591
          malloc rdi=0x8 rsi=0x300001250 rdx=0x1 @step 37785
          malloc rdi=0x8 rsi=0x300001260 rdx=0x1 @step 38020
          calloc rdi=0x10 rsi=0x1 rdx=0x1 @step 38251
          malloc rdi=0x10 rsi=0x1 rdx=0x0 @step 38264
          malloc rdi=0x100 rsi=0x100 rdx=0x1 @step 38616
            free rdi=0x300001140 rsi=0x0 rdx=0x300001830 @step 40667
     __libc_free rdi=0x300001140 rsi=0x0 rdx=0x300001830 @step 40668
            free rdi=0x300001320 rsi=0x1c rdx=0xbe @step 40822
     __libc_free rdi=0x300001320 rsi=0x1c rdx=0xbe @step 40823
            free rdi=0x300001310 rsi=0xc rdx=0x3f00 @step 40977
     __libc_free rdi=0x300001310 rsi=0xc rdx=0x3f00 @step 40978
          malloc rdi=0x8 rsi=0x300001830 rdx=0x1 @step 41154
          malloc rdi=0x8 rsi=0x300001100 rdx=0x6 @step 41388
            free rdi=0x300001340 rsi=0x1 rdx=0x300001340 @step 41709
     __libc_free rdi=0x300001340 rsi=0x1 rdx=0x300001340 @step 41710
            free rdi=0x300001330 rsi=0xc rdx=0xff00 @step 41857
     __libc_free rdi=0x300001330 rsi=0xc rdx=0xff00 @step 41858
            free rdi=0x300001830 rsi=0xc rdx=0x2ff00 @step 42015
     __libc_free rdi=0x300001830 rsi=0xc rdx=0x2ff00 @step 42016
          malloc rdi=0x50 rsi=0x200001180 rdx=0x0 @step 42590
          malloc rdi=0x4 rsi=0x300001240 rdx=0x1 @step 43821
          malloc rdi=0x4 rsi=0x300001250 rdx=0x1 @step 44024
          malloc rdi=0x4 rsi=0x300001260 rdx=0x1 @step 44227
          malloc rdi=0x4 rsi=0x300001301 rdx=0x45ec40 @step 44567
            free rdi=0x300001380 rsi=0x300001354 rdx=0x0 @step 44801
     __libc_free rdi=0x300001380 rsi=0x300001354 rdx=0x0 @step 44802
          malloc rdi=0x4 rsi=0x0 rdx=0x45ec40 @step 44976
          malloc rdi=0x8 rsi=0x300001390 rdx=0x1 @step 45227
          malloc rdi=0x8 rsi=0x469e68 rdx=0x1 @step 45461
          malloc rdi=0x20 rsi=0x20 rdx=0x7ffef4a8 @step 45751
          malloc rdi=0x100 rsi=0x100 rdx=0x1 @step 46338
            free rdi=0x300001a20 rsi=0x0 rdx=0x300001c40 @step 48005
     __libc_free rdi=0x300001a20 rsi=0x0 rdx=0x300001c40 @step 48006
            free rdi=0x3000013b0 rsi=0x200001180 rdx=0x0 @step 48378
     __libc_free rdi=0x3000013b0 rsi=0x200001180 rdx=0x0 @step 48379
            free rdi=0x3000013a0 rsi=0xc rdx=0x23ff00 @step 48533
     __libc_free rdi=0x3000013a0 rsi=0xc rdx=0x23ff00 @step 48534
            free rdi=0x300001390 rsi=0xc rdx=0x123ff00 @step 48681
     __libc_free rdi=0x300001390 rsi=0xc rdx=0x123ff00 @step 48682
          malloc rdi=0x4 rsi=0xc rdx=0x1a3ff00 @step 48847
          malloc rdi=0x4 rsi=0x300001364 rdx=0x0 @step 49029
         realloc rdi=0x3000013c0 rsi=0x10 rdx=0x10 @step 49265
  __libc_realloc rdi=0x3000013c0 rsi=0x10 rdx=0x10 @step 49266
     __libc_free rdi=0x3000013c0 rsi=0x3000013c4 rdx=0x0 @step 49561
         realloc rdi=0x3000013d0 rsi=0x10 rdx=0x10 @step 49813
  __libc_realloc rdi=0x3000013d0 rsi=0x10 rdx=0x10 @step 49814
     __libc_free rdi=0x3000013d0 rsi=0x3000013d4 rdx=0x0 @step 50109
          malloc rdi=0x4 rsi=0x300001c44 rdx=0x0 @step 50332
          malloc rdi=0x140 rsi=0x8 rdx=0x140 @step 50548
            free rdi=0x300001c40 rsi=0x1 rdx=0x300001a10 @step 50895
     __libc_free rdi=0x300001c40 rsi=0x1 rdx=0x300001a10 @step 50896
          malloc rdi=0x4 rsi=0x1 rdx=0x45ec40 @step 51304
          malloc rdi=0x8 rsi=0x3000013f0 rdx=0x1 @step 51543
          malloc rdi=0x8 rsi=0x469e68 rdx=0x1 @step 51777
          malloc rdi=0x20 rsi=0x20 rdx=0x7ffef4a8 @step 52158
          malloc rdi=0x100 rsi=0x100 rdx=0x1 @step 53144
            mmap len=0x1000 -> 0x300003000 @step 53779
            free rdi=0x300001c20 rsi=0x0 rdx=0x300003060 @step 55409
     __libc_free rdi=0x300001c20 rsi=0x0 rdx=0x300003060 @step 55410
            free rdi=0x3000012b0 rsi=0x200001180 rdx=0x0 @step 55974
     __libc_free rdi=0x3000012b0 rsi=0x200001180 rdx=0x0 @step 55975
            free rdi=0x300001400 rsi=0x0 rdx=0x0 @step 56170
     __libc_free rdi=0x300001400 rsi=0x0 rdx=0x0 @step 56171
            free rdi=0x3000013f0 rsi=0xc rdx=0x100 @step 56318
     __libc_free rdi=0x3000013f0 rsi=0xc rdx=0x100 @step 56319
          malloc rdi=0x4 rsi=0xc rdx=0x20000100 @step 56496
          malloc rdi=0x4 rsi=0x300001364 rdx=0x0 @step 56681
         realloc rdi=0x3000012c0 rsi=0x10 rdx=0x10 @step 56920
  __libc_realloc rdi=0x3000012c0 rsi=0x10 rdx=0x10 @step 56921
     __libc_free rdi=0x3000012c0 rsi=0x3000012c4 rdx=0x0 @step 57216
         realloc rdi=0x3000012d0 rsi=0x10 rdx=0x10 @step 57468
  __libc_realloc rdi=0x3000012d0 rsi=0x10 rdx=0x10 @step 57469
     __libc_free rdi=0x3000012d0 rsi=0x3000012d4 rdx=0x0 @step 57764
          malloc rdi=0x4 rsi=0x300003064 rdx=0x0 @step 57987
            free rdi=0x300003060 rsi=0xb rdx=0x300001a10 @step 58181
     __libc_free rdi=0x300003060 rsi=0xb rdx=0x300001a10 @step 58182
          malloc rdi=0x4 rsi=0x0 rdx=0x45ec40 @step 58900
          malloc rdi=0x8 rsi=0x3000012f0 rdx=0x1 @step 59142
          malloc rdi=0x8 rsi=0x469e68 rdx=0x1 @step 59379
          malloc rdi=0x20 rsi=0x20 rdx=0x7ffef4a8 @step 59672
          malloc rdi=0x100 rsi=0x100 rdx=0x1 @step 60597
            mmap len=0x1000 -> 0x300004000 @step 61232
            free rdi=0x300001c20 rsi=0x0 rdx=0x300004030 @step 62871
     __libc_free rdi=0x300001c20 rsi=0x0 rdx=0x300004030 @step 62872
            free rdi=0x300001310 rsi=0x2000011f8 rdx=0x0 @step 63436
     __libc_free rdi=0x300001310 rsi=0x2000011f8 rdx=0x0 @step 63437
            free rdi=0x300001300 rsi=0xc rdx=0x30000700 @step 63591
     __libc_free rdi=0x300001300 rsi=0xc rdx=0x30000700 @step 63592
            free rdi=0x3000012f0 rsi=0xc rdx=0x30004700 @step 63739
     __libc_free rdi=0x3000012f0 rsi=0xc rdx=0x30004700 @step 63740
          malloc rdi=0x8 rsi=0x300004030 rdx=0x1 @step 63934
          malloc rdi=0x8 rsi=0x469e68 rdx=0x1 @step 64171
          malloc rdi=0x20 rsi=0x20 rdx=0x7ffef4a8 @step 64464
          malloc rdi=0x100 rsi=0x100 rdx=0x1 @step 65375
            free rdi=0x300004430 rsi=0x1 rdx=0x300004170 @step 66701
     __libc_free rdi=0x300004430 rsi=0x1 rdx=0x300004170 @step 66702
            free rdi=0x300001330 rsi=0x200001180 rdx=0x0 @step 67248
     __libc_free rdi=0x300001330 rsi=0x200001180 rdx=0x0 @step 67249
            free rdi=0x300001320 rsi=0xc rdx=0x30007700 @step 67403
     __libc_free rdi=0x300001320 rsi=0xc rdx=0x30007700 @step 67404
            free rdi=0x300004030 rsi=0xc rdx=0x30017700 @step 67551
     __libc_free rdi=0x300004030 rsi=0xc rdx=0x30017700 @step 67552
            free rdi=0x300004170 rsi=0xd rdx=0x0 @step 67758
     __libc_free rdi=0x300004170 rsi=0xd rdx=0x0 @step 67759
          malloc rdi=0x18 rsi=0x3fffffffffffffff rdx=0x7ffffffffffffffc @step 68545
            free rdi=0x3000011e0 rsi=0x3fffffffffffffff rdx=0x0 @step 68721
     __libc_free rdi=0x3000011e0 rsi=0x3fffffffffffffff rdx=0x0 @step 68722
          malloc rdi=0x4 rsi=0x3fffffffffffffff rdx=0x22a4 @step 68965
          malloc rdi=0x4 rsi=0x11 rdx=0xb1 @step 69126
          malloc rdi=0x8 rsi=0x300001380 rdx=0x1 @step 69348
          malloc rdi=0x8 rsi=0x469e68 rdx=0x1 @step 69585
          malloc rdi=0x20 rsi=0x20 rdx=0x7ffef588 @step 69878
          malloc rdi=0x100 rsi=0x100 rdx=0x1 @step 70803
            mmap len=0x1000 -> 0x300005000 @step 71438
            free rdi=0x300001c20 rsi=0x0 rdx=0x300005040 @step 73083
     __libc_free rdi=0x300001c20 rsi=0x0 rdx=0x300005040 @step 73084
            free rdi=0x3000013a0 rsi=0x2000011f8 rdx=0x0 @step 73648
     __libc_free rdi=0x3000013a0 rsi=0x2000011f8 rdx=0x0 @step 73649
            free rdi=0x300001390 rsi=0xc rdx=0x3001f700 @step 73803
     __libc_free rdi=0x300001390 rsi=0xc rdx=0x3001f700 @step 73804
            free rdi=0x300001380 rsi=0xc rdx=0x3081f700 @step 73951
     __libc_free rdi=0x300001380 rsi=0xc rdx=0x3081f700 @step 73952
          malloc rdi=0x4 rsi=0x300005044 rdx=0x0 @step 74171
            free rdi=0x300001340 rsi=0x18 rdx=0xb8 @step 74330
     __libc_free rdi=0x300001340 rsi=0x18 rdx=0xb8 @step 74331
            free rdi=0x300005040 rsi=0xc rdx=0x30e1f700 @step 74486
     __libc_free rdi=0x300005040 rsi=0xc rdx=0x30e1f700 @step 74487
          malloc rdi=0x4 rsi=0x3fffffffffffffff rdx=0x1000 @step 75200
          malloc rdi=0x8 rsi=0x3000013c0 rdx=0x1 @step 75422
          malloc rdi=0x8 rsi=0x469e68 rdx=0x1 @step 75659
          malloc rdi=0x20 rsi=0x20 rdx=0x7ffef588 @step 76040
          malloc rdi=0x100 rsi=0x100 rdx=0x1 @step 76965
            mmap len=0x1000 -> 0x300006000 @step 77600
            free rdi=0x300001c20 rsi=0x0 rdx=0x300006050 @step 79245
     __libc_free rdi=0x300001c20 rsi=0x0 rdx=0x300006050 @step 79246
            free rdi=0x3000012b0 rsi=0x200001180 rdx=0x0 @step 79810
     __libc_free rdi=0x3000012b0 rsi=0x200001180 rdx=0x0 @step 79811
            free rdi=0x3000013d0 rsi=0x0 rdx=0x0 @step 80006
     __libc_free rdi=0x3000013d0 rsi=0x0 rdx=0x0 @step 80007
            free rdi=0x3000013c0 rsi=0xc rdx=0x100 @step 80154
     __libc_free rdi=0x3000013c0 rsi=0xc rdx=0x100 @step 80155
          malloc rdi=0x4 rsi=0x300006054 rdx=0x0 @step 80391
            free rdi=0x3000013b0 rsi=0x9 rdx=0xa9 @step 80550
     __libc_free rdi=0x3000013b0 rsi=0x9 rdx=0xa9 @step 80551
            free rdi=0x300006050 rsi=0xc rdx=0x6000100 @step 80706
     __libc_free rdi=0x300006050 rsi=0xc rdx=0x6000100 @step 80707
          malloc rdi=0x4 rsi=0x3fffffffffffffff rdx=0x1000 @step 81427
            free rdi=0x3000012d0 rsi=0x3000012d0 rdx=0x4 @step 81650
     __libc_free rdi=0x3000012d0 rsi=0x3000012d0 rdx=0x4 @step 81651
            free rdi=0x3000012c0 rsi=0xc rdx=0x7000100 @step 81806
     __libc_free rdi=0x3000012c0 rsi=0xc rdx=0x7000100 @step 81807
          malloc rdi=0x8 rsi=0x300001160 rdx=0x2 @step 82001
          malloc rdi=0x8 rsi=0x300001180 rdx=0x2 @step 82251
          calloc rdi=0x10 rsi=0x1 rdx=0x1 @step 82497
          malloc rdi=0x10 rsi=0x1 rdx=0x0 @step 82510
          malloc rdi=0x100 rsi=0x100 rdx=0x1 @step 82862
            free rdi=0x300001200 rsi=0x0 rdx=0x300001c20 @step 84529
     __libc_free rdi=0x300001200 rsi=0x0 rdx=0x300001c20 @step 84530
            free rdi=0x300001300 rsi=0x1c rdx=0x21be @step 84684
     __libc_free rdi=0x300001300 rsi=0x1c rdx=0x21be @step 84685
            free rdi=0x3000012f0 rsi=0xc rdx=0x7000700 @step 84839
     __libc_free rdi=0x3000012f0 rsi=0xc rdx=0x7000700 @step 84840
          malloc rdi=0x8 rsi=0x300001c20 rdx=0x2 @step 85003
          malloc rdi=0x8 rsi=0x300001100 rdx=0x6 @step 85252
            free rdi=0x300001320 rsi=0x1 rdx=0x23 @step 85570
     __libc_free rdi=0x300001320 rsi=0x1 rdx=0x23 @step 85571
            free rdi=0x300001310 rsi=0xc rdx=0x7003700 @step 85718
     __libc_free rdi=0x300001310 rsi=0xc rdx=0x7003700 @step 85719
            free rdi=0x300001c20 rsi=0xc rdx=0x700b700 @step 85866
     __libc_free rdi=0x300001c20 rsi=0xc rdx=0x700b700 @step 85867
          malloc rdi=0x140 rsi=0x8 rdx=0x140 @step 86335
          malloc rdi=0x18 rsi=0x3fffffffffffffff rdx=0x7ffffffffffffffc @step 87036
            free rdi=0x300001060 rsi=0x3fffffffffffffff rdx=0x0 @step 87303
     __libc_free rdi=0x300001060 rsi=0x3fffffffffffffff rdx=0x0 @step 87304
          malloc rdi=0x4 rsi=0x3fffffffffffffff rdx=0x22a4 @step 87588
          malloc rdi=0x4 rsi=0x10 rdx=0xb0 @step 87749
          malloc rdi=0x8 rsi=0x300001340 rdx=0x1 @step 87971
          malloc rdi=0x8 rsi=0x469e68 rdx=0x1 @step 88208
          malloc rdi=0x20 rsi=0x20 rdx=0x7ffef588 @step 88501
          malloc rdi=0x100 rsi=0x100 rdx=0x1 @step 89093
            mmap len=0x1000 -> 0x300007000 @step 89728
            free rdi=0x300001e10 rsi=0x0 rdx=0x300007060 @step 91373
     __libc_free rdi=0x300001e10 rsi=0x0 rdx=0x300007060 @step 91374
            free rdi=0x300001390 rsi=0x200001220 rdx=0x0 @step 91746
     __libc_free rdi=0x300001390 rsi=0x200001220 rdx=0x0 @step 91747
            free rdi=0x300001380 rsi=0xc rdx=0x700f700 @step 91901
     __libc_free rdi=0x300001380 rsi=0xc rdx=0x700f700 @step 91902
            free rdi=0x300001340 rsi=0xc rdx=0x740f700 @step 92049
     __libc_free rdi=0x300001340 rsi=0xc rdx=0x740f700 @step 92050
          malloc rdi=0x4 rsi=0x300007064 rdx=0x0 @step 92269
            free rdi=0x300001330 rsi=0x17 rdx=0xb7 @step 92428
     __libc_free rdi=0x300001330 rsi=0x17 rdx=0xb7 @step 92429
            free rdi=0x300007060 rsi=0xc rdx=0x762f700 @step 92584
     __libc_free rdi=0x300007060 rsi=0xc rdx=0x762f700 @step 92585
          malloc rdi=0x4 rsi=0x3fffffffffffffff rdx=0x1000 @step 93273
          malloc rdi=0x8 rsi=0x3000013f0 rdx=0x1 @step 93515
          malloc rdi=0x8 rsi=0x469e68 rdx=0x1 @step 93752
          malloc rdi=0x20 rsi=0x20 rdx=0x7ffef588 @step 94133
          malloc rdi=0x100 rsi=0x100 rdx=0x1 @step 94784
            mmap len=0x1000 -> 0x300008000 @step 95403
            free rdi=0x300001e10 rsi=0x0 rdx=0x300008030 @step 97042
     __libc_free rdi=0x300001e10 rsi=0x0 rdx=0x300008030 @step 97043
            free rdi=0x3000012b0 rsi=0x200001220 rdx=0x0 @step 97415
     __libc_free rdi=0x3000012b0 rsi=0x200001220 rdx=0x0 @step 97416
            free rdi=0x300001400 rsi=0x0 rdx=0x0 @step 97611
     __libc_free rdi=0x300001400 rsi=0x0 rdx=0x0 @step 97612
            free rdi=0x3000013f0 rsi=0xc rdx=0x100 @step 97759
     __libc_free rdi=0x3000013f0 rsi=0xc rdx=0x100 @step 97760
          malloc rdi=0x4 rsi=0x300008034 rdx=0x0 @step 97979
            free rdi=0x3000013a0 rsi=0x9 rdx=0xa9 @step 98138
     __libc_free rdi=0x3000013a0 rsi=0x9 rdx=0xa9 @step 98139
            free rdi=0x300008030 rsi=0xc rdx=0x30000100 @step 98294
     __libc_free rdi=0x300008030 rsi=0xc rdx=0x30000100 @step 98295
          malloc rdi=0x4 rsi=0x3fffffffffffffff rdx=0x1000 @step 98990
            free rdi=0x3000012d0 rsi=0x3000012d0 rdx=0x4 @step 99213
     __libc_free rdi=0x3000012d0 rsi=0x3000012d0 rdx=0x4 @step 99214
            free rdi=0x3000012c0 rsi=0xc rdx=0x30800100 @step 99369
     __libc_free rdi=0x3000012c0 rsi=0xc rdx=0x30800100 @step 99370
          malloc rdi=0x8 rsi=0x3000011a0 rdx=0x2 @step 99564
          malloc rdi=0x8 rsi=0x3000011c0 rdx=0x2 @step 99814
          calloc rdi=0x10 rsi=0x1 rdx=0x1 @step 100060
          malloc rdi=0x10 rsi=0x1 rdx=0x0 @step 100073
          malloc rdi=0x100 rsi=0x100 rdx=0x1 @step 100428
            mmap len=0x1000 -> 0x300009000 @step 101052
            free rdi=0x300001080 rsi=0x0 rdx=0x300009040 @step 102693
     __libc_free rdi=0x300001080 rsi=0x0 rdx=0x300009040 @step 102694
            free rdi=0x300001300 rsi=0x1c rdx=0x2 @step 102848
     __libc_free rdi=0x300001300 rsi=0x1c rdx=0x2 @step 102849
            free rdi=0x3000012f0 rsi=0xc rdx=0x30800700 @step 103003
     __libc_free rdi=0x3000012f0 rsi=0xc rdx=0x30800700 @step 103004
          malloc rdi=0x8 rsi=0x300009040 rdx=0x2 @step 103167
          malloc rdi=0x8 rsi=0x300001100 rdx=0x6 @step 103416
            free rdi=0x300001320 rsi=0x1 rdx=0x23 @step 103734
     __libc_free rdi=0x300001320 rsi=0x1 rdx=0x23 @step 103735
            free rdi=0x300001310 rsi=0xc rdx=0x30803700 @step 103882
     __libc_free rdi=0x300001310 rsi=0xc rdx=0x30803700 @step 103883
            free rdi=0x300009040 rsi=0xc rdx=0x3080b700 @step 104030
     __libc_free rdi=0x300009040 rsi=0xc rdx=0x3080b700 @step 104031
            free rdi=0x300001a10 rsi=0x1000 rdx=0x7ffef7e8 @step 104762
     __libc_free rdi=0x300001a10 rsi=0x1000 rdx=0x7ffef7e8 @step 104763
            free rdi=0x300001350 rsi=0x2000011d0 rdx=0x0 @step 104995
     __libc_free rdi=0x300001350 rsi=0x2000011d0 rdx=0x0 @step 104996
            free rdi=0x300001360 rsi=0xc rdx=0x3080f700 @step 105150
     __libc_free rdi=0x300001360 rsi=0xc rdx=0x3080f700 @step 105151
            free rdi=0x300001370 rsi=0xc rdx=0x3084f700 @step 105305
     __libc_free rdi=0x300001370 rsi=0xc rdx=0x3084f700 @step 105306
            free rdi=0x300001830 rsi=0xc rdx=0x308cf700 @step 105464
     __libc_free rdi=0x300001830 rsi=0xc rdx=0x308cf700 @step 105465
          malloc rdi=0x4 rsi=0x2000011a8 rdx=0x7ffefd40 @step 106091
          malloc rdi=0x8 rsi=0x3000013e4 rdx=0x0 @step 106279
          malloc rdi=0x8 rsi=0x300001168 rdx=0x0 @step 106455
          malloc rdi=0x68 rsi=0x300001188 rdx=0x2 @step 106645
          malloc rdi=0x20 rsi=0x8 rdx=0x20 @step 106852
          malloc rdi=0x140 rsi=0x8 rdx=0x140 @step 107503
          malloc rdi=0x4 rsi=0x0 rdx=0x7ffefd40 @step 108221
          malloc rdi=0x8 rsi=0x3000012e4 rdx=0x0 @step 108409
          malloc rdi=0x8 rsi=0x3000011a8 rdx=0x0 @step 108585
          malloc rdi=0x68 rsi=0x3000011c8 rdx=0x2 @step 108775
            free rdi=0x300001c30 rsi=0x2 rdx=0x82 @step 109005
     __libc_free rdi=0x300001c30 rsi=0x2 rdx=0x82 @step 109006
          malloc rdi=0x8 rsi=0x300001690 rdx=0x300001e10 @step 109314
          malloc rdi=0x8 rsi=0x300001168 rdx=0x0 @step 109489
          malloc rdi=0x220 rsi=0x7ffef8c0 rdx=0x2 @step 109791
            mmap len=0x1000 -> 0x30000a000 @step 110249
          malloc rdi=0x140 rsi=0x8 rdx=0x140 @step 110686
          malloc rdi=0x20 rsi=0x8 rdx=0x20 @step 110979
          malloc rdi=0x8 rsi=0x300001700 rdx=0x300001e18 @step 111204
          malloc rdi=0x8 rsi=0x3000011a8 rdx=0x0 @step 111379
            free rdi=0x300001830 rsi=0xffffffffffffffff rdx=0x300001e40 @step 111730
     __libc_free rdi=0x300001830 rsi=0xffffffffffffffff rdx=0x300001e40 @step 111731
            free rdi=0x300001e10 rsi=0xf rdx=0x0 @step 111953
     __libc_free rdi=0x300001e10 rsi=0xf rdx=0x0 @step 111954
            free rdi=0x300001240 rsi=0x2 rdx=0x0 @step 112156
     __libc_free rdi=0x300001240 rsi=0x2 rdx=0x0 @step 112157
            free rdi=0x300001250 rsi=0x0 rdx=0x0 @step 112352
     __libc_free rdi=0x300001250 rsi=0x0 rdx=0x0 @step 112353
            free rdi=0x300001260 rsi=0xc rdx=0x2 @step 112507
     __libc_free rdi=0x300001260 rsi=0xc rdx=0x2 @step 112508
            free rdi=0x300001440 rsi=0xc rdx=0x6 @step 112666
     __libc_free rdi=0x300001440 rsi=0xc rdx=0x6 @step 112667
            free rdi=0x300001270 rsi=0x200001108 rdx=0x0 @step 112905
     __libc_free rdi=0x300001270 rsi=0x200001108 rdx=0x0 @step 112906
            free rdi=0x3000013d0 rsi=0x7ffef7d0 rdx=0x1 @step 113141
     __libc_free rdi=0x3000013d0 rsi=0x7ffef7d0 rdx=0x1 @step 113142
            free rdi=0x3000012b0 rsi=0xc rdx=0x1e @step 113289
     __libc_free rdi=0x3000012b0 rsi=0xc rdx=0x1e @step 113290
            free rdi=0x3000012c0 rsi=0x7ffef7d0 rdx=0x2 @step 113492
     __libc_free rdi=0x3000012c0 rsi=0x7ffef7d0 rdx=0x2 @step 113493
            free rdi=0x3000012d0 rsi=0xc rdx=0x400011e @step 113640
     __libc_free rdi=0x3000012d0 rsi=0xc rdx=0x400011e @step 113641
            free rdi=0x30000a040 rsi=0x7ffef7d0 rdx=0x400031e @step 113813
     __libc_free rdi=0x30000a040 rsi=0x7ffef7d0 rdx=0x400031e @step 113814
44b5b0: ax=0 bx=30000a070 cx=1 dx=0 si=7ffefa98 di=7ffef7d0 bp=7ffef7d0 r8=0 r9=0 r10=0 r11=7ffef532 r12=1 r13=300001040 r14=7ffefa98 r15=7ffef8c0  | ⋈ push r:rbp
44b5b1: ax=0 bx=30000a070 cx=1 dx=0 si=7ffefa98 di=7ffef7d0 bp=7ffef7d0 r8=0 r9=0 r10=0 r11=7ffef532 r12=1 r13=300001040 r14=7ffefa98 r15=7ffef8c0  | ⋈ push r:r15
44b5b3: ax=0 bx=30000a070 cx=1 dx=0 si=7ffefa98 di=7ffef7d0 bp=7ffef7d0 r8=0 r9=0 r10=0 r11=7ffef532 r12=1 r13=300001040 r14=7ffefa98 r15=7ffef8c0  | ⋈ push r:r14
44b5b5: ax=0 bx=30000a070 cx=1 dx=0 si=7ffefa98 di=7ffef7d0 bp=7ffef7d0 r8=0 r9=0 r10=0 r11=7ffef532 r12=1 r13=300001040 r14=7ffefa98 r15=7ffef8c0  | ⋈ push r:r13
44b5b7: ax=0 bx=30000a070 cx=1 dx=0 si=7ffefa98 di=7ffef7d0 bp=7ffef7d0 r8=0 r9=0 r10=0 r11=7ffef532 r12=1 r13=300001040 r14=7ffefa98 r15=7ffef8c0  | ⋈ push r:r12
44b5b9: ax=0 bx=30000a070 cx=1 dx=0 si=7ffefa98 di=7ffef7d0 bp=7ffef7d0 r8=0 r9=0 r10=0 r11=7ffef532 r12=1 r13=300001040 r14=7ffefa98 r15=7ffef8c0  | ⋈ push r:rbx
44b5ba: ax=0 bx=30000a070 cx=1 dx=0 si=7ffefa98 di=7ffef7d0 bp=7ffef7d0 r8=0 r9=0 r10=0 r11=7ffef532 r12=1 r13=300001040 r14=7ffefa98 r15=7ffef8c0  | ⊞ sub r:rsp i:0x228
44b5c1: ax=0 bx=30000a070 cx=1 dx=0 si=7ffefa98 di=7ffef7d0 bp=7ffef7d0 r8=0 r9=0 r10=0 r11=7ffef532 r12=1 r13=300001040 r14=7ffefa98 r15=7ffef8c0  | ⋈ mov r:r14 r:rsi
44b5c4: ax=0 bx=30000a070 cx=1 dx=0 si=7ffefa98 di=7ffef7d0 bp=7ffef7d0 r8=0 r9=0 r10=0 r11=7ffef532 r12=1 r13=300001040 r14=7ffefa98 r15=7ffef8c0  | ⋈ mov m:rsp::1:0x168:8 r:rdi
44b5cc: ax=0 bx=30000a070 cx=1 dx=0 si=7ffefa98 di=7ffef7d0 bp=7ffef7d0 r8=0 r9=0 r10=0 r11=7ffef532 r12=1 r13=300001040 r14=7ffefa98 r15=7ffef8c0  | ⋈ movabs r:rcx i:-0x8000000000000000
44b5d6: ax=0 bx=30000a070 cx=8000000000000000 dx=0 si=7ffefa98 di=7ffef7d0 bp=7ffef7d0 r8=0 r9=0 r10=0 r11=7ffef532 r12=1 r13=300001040 r14=7ffefa98 r15=7ffef8c0  | ⋈ mov m:rsp::1:0x40:8 i:0x0
44b5df: ax=0 bx=30000a070 cx=8000000000000000 dx=0 si=7ffefa98 di=7ffef7d0 bp=7ffef7d0 r8=0 r9=0 r10=0 r11=7ffef532 r12=1 r13=300001040 r14=7ffefa98 r15=7ffef8c0  | ⋈ mov m:rsp::1:0x48:8 i:0x8
44b5e8: ax=0 bx=30000a070 cx=8000000000000000 dx=0 si=7ffefa98 di=7ffef7d0 bp=7ffef7d0 r8=0 r9=0 r10=0 r11=7ffef532 r12=1 r13=300001040 r14=7ffefa98 r15=7ffef8c0  | ⋈ mov m:rsp::1:0x50:8 i:0x0
44b5f1: ax=0 bx=30000a070 cx=8000000000000000 dx=0 si=7ffefa98 di=7ffef7d0 bp=7ffef7d0 r8=0 r9=0 r10=0 r11=7ffef532 r12=1 r13=300001040 r14=7ffefa98 r15=7ffef8c0  | ⋈ mov m:rsp::1:0x120:8 i:0x0
44b5fd: ax=0 bx=30000a070 cx=8000000000000000 dx=0 si=7ffefa98 di=7ffef7d0 bp=7ffef7d0 r8=0 r9=0 r10=0 r11=7ffef532 r12=1 r13=300001040 r14=7ffefa98 r15=7ffef8c0  | ⋈ mov m:rsp::1:0x130:8 i:0x0
44b609: ax=0 bx=30000a070 cx=8000000000000000 dx=0 si=7ffefa98 di=7ffef7d0 bp=7ffef7d0 r8=0 r9=0 r10=0 r11=7ffef532 r12=1 r13=300001040 r14=7ffefa98 r15=7ffef8c0  | ⋈ mov r:rax m:rsi::1:0x40:8
44b60d: ax=2 bx=30000a070 cx=8000000000000000 dx=0 si=7ffefa98 di=7ffef7d0 bp=7ffef7d0 r8=0 r9=0 r10=0 r11=7ffef532 r12=1 r13=300001040 r14=7ffefa98 r15=7ffef8c0  | ⊤ test r:rax r:rax
44b610: ax=2 bx=30000a070 cx=8000000000000000 dx=0 si=7ffefa98 di=7ffef7d0 bp=7ffef7d0 r8=0 r9=0 r10=0 r11=7ffef532 r12=1 r13=300001040 r14=7ffefa98 r15=7ffef8c0  | ∈ e i:0x44b660
44b612: ax=2 bx=30000a070 cx=8000000000000000 dx=0 si=7ffefa98 di=7ffef7d0 bp=7ffef7d0 r8=0 r9=0 r10=0 r11=7ffef532 r12=1 r13=300001040 r14=7ffefa98 r15=7ffef8c0  | ⋈ mov r:rbp m:r14::1:0x38:8
44b616: ax=2 bx=30000a070 cx=8000000000000000 dx=0 si=7ffefa98 di=7ffef7d0 bp=300001a20 r8=0 r9=0 r10=0 r11=7ffef532 r12=1 r13=300001040 r14=7ffefa98 r15=7ffef8c0  | ⊞ lea r:rax m:rax:rax:4:0x0:8
44b61a: ax=a bx=30000a070 cx=8000000000000000 dx=0 si=7ffefa98 di=7ffef7d0 bp=300001a20 r8=0 r9=0 r10=0 r11=7ffef532 r12=1 r13=300001040 r14=7ffefa98 r15=7ffef8c0  | ⊞ shl r:rax i:0x4
44b61e: ax=a0 bx=30000a070 cx=8000000000000000 dx=0 si=7ffefa98 di=7ffef7d0 bp=300001a20 r8=0 r9=0 r10=0 r11=7ffef532 r12=1 r13=300001040 r14=7ffefa98 r15=7ffef8c0  | ⊞ add r:rax r:rbp
44b621: ax=300001ac0 bx=30000a070 cx=8000000000000000 dx=0 si=7ffefa98 di=7ffef7d0 bp=300001a20 r8=0 r9=0 r10=0 r11=7ffef532 r12=1 r13=300001040 r14=7ffefa98 r15=7ffef8c0  | ⋈ mov m:rsp::1:0xe8:8 r:rax
44b629: ax=300001ac0 bx=30000a070 cx=8000000000000000 dx=0 si=7ffefa98 di=7ffef7d0 bp=300001a20 r8=0 r9=0 r10=0 r11=7ffef532 r12=1 r13=300001040 r14=7ffefa98 r15=7ffef8c0  | ⋈ mov r:rax m:r14::1:0x8:8
44b62d: ax=300001100 bx=30000a070 cx=8000000000000000 dx=0 si=7ffefa98 di=7ffef7d0 bp=300001a20 r8=0 r9=0 r10=0 r11=7ffef532 r12=1 r13=300001040 r14=7ffefa98 r15=7ffef8c0  | ⋈ mov m:rsp::1:0x160:8 r:r14
44b635: ax=300001100 bx=30000a070 cx=8000000000000000 dx=0 si=7ffefa98 di=7ffef7d0 bp=300001a20 r8=0 r9=0 r10=0 r11=7ffef532 r12=1 r13=300001040 r14=7ffefa98 r15=7ffef8c0  | ⋈ mov r:rdx m:r14::1:0x10:8
44b639: ax=300001100 bx=30000a070 cx=8000000000000000 dx=6 si=7ffefa98 di=7ffef7d0 bp=300001a20 r8=0 r9=0 r10=0 r11=7ffef532 r12=1 r13=300001040 r14=7ffefa98 r15=7ffef8c0  | ⋈ mov r:r14 r:rax
44b63c: ax=300001100 bx=30000a070 cx=8000000000000000 dx=6 si=7ffefa98 di=7ffef7d0 bp=300001a20 r8=0 r9=0 r10=0 r11=7ffef532 r12=1 r13=300001040 r14=300001100 r15=7ffef8c0  | ⋈ mov r:r12d i:0x8
          malloc rdi=0x18 rsi=0x3fffffffffffffff rdx=0x7ffffffffffffffc @step 117022
            free rdi=0x3000010a0 rsi=0x3fffffffffffffff rdx=0x0 @step 117201
     __libc_free rdi=0x3000010a0 rsi=0x3fffffffffffffff rdx=0x0 @step 117202
          malloc rdi=0x4 rsi=0x3fffffffffffffff rdx=0x22a4 @step 117445
          malloc rdi=0x4 rsi=0xc rdx=0xac @step 117606
          malloc rdi=0x8 rsi=0x300001300 rdx=0x1 @step 117828
          malloc rdi=0x8 rsi=0x469e68 rdx=0x1 @step 118065
          malloc rdi=0x20 rsi=0x20 rdx=0x7ffef328 @step 118358
          malloc rdi=0x100 rsi=0x100 rdx=0x1 @step 118580
            mmap len=0x1000 -> 0x30000b000 @step 119220
            free rdi=0x300001e70 rsi=0x0 rdx=0x30000b060 @step 120865
     __libc_free rdi=0x300001e70 rsi=0x0 rdx=0x30000b060 @step 120866
            free rdi=0x300001320 rsi=0x2c rdx=0x1 @step 121020
     __libc_free rdi=0x300001320 rsi=0x2c rdx=0x1 @step 121021
            free rdi=0x300001310 rsi=0xc rdx=0x400071e @step 121175
     __libc_free rdi=0x300001310 rsi=0xc rdx=0x400071e @step 121176
            free rdi=0x300001300 rsi=0xc rdx=0x400871e @step 121323
     __libc_free rdi=0x300001300 rsi=0xc rdx=0x400871e @step 121324
          malloc rdi=0x4 rsi=0x30000b064 rdx=0x0 @step 121543
            free rdi=0x3000012f0 rsi=0x12 rdx=0xb2 @step 121702
     __libc_free rdi=0x3000012f0 rsi=0x12 rdx=0xb2 @step 121703
            free rdi=0x30000b060 rsi=0xc rdx=0x400e71e @step 121858
     __libc_free rdi=0x30000b060 rsi=0xc rdx=0x400e71e @step 121859
          malloc rdi=0x4 rsi=0x3fffffffffffffff rdx=0x1000 @step 122547
          malloc rdi=0x8 rsi=0x300001360 rdx=0x1 @step 122769
          malloc rdi=0x8 rsi=0x469e68 rdx=0x1 @step 123006
          malloc rdi=0x20 rsi=0x20 rdx=0x7ffef328 @step 123299
          malloc rdi=0x100 rsi=0x100 rdx=0x1 @step 123521
            mmap len=0x1000 -> 0x30000c000 @step 124145
            free rdi=0x300001ea0 rsi=0x0 rdx=0x30000c030 @step 125784
     __libc_free rdi=0x300001ea0 rsi=0x0 rdx=0x30000c030 @step 125785
            free rdi=0x3000013a0 rsi=0x2c rdx=0x5 @step 125939
     __libc_free rdi=0x3000013a0 rsi=0x2c rdx=0x5 @step 125940
            free rdi=0x300001370 rsi=0xc rdx=0x400f71e @step 126094
     __libc_free rdi=0x300001370 rsi=0xc rdx=0x400f71e @step 126095
            free rdi=0x300001360 rsi=0xc rdx=0x480f71e @step 126242
     __libc_free rdi=0x300001360 rsi=0xc rdx=0x480f71e @step 126243
          malloc rdi=0x4 rsi=0x30000c034 rdx=0x0 @step 126479
            free rdi=0x300001350 rsi=0x1c rdx=0xbc @step 126638
     __libc_free rdi=0x300001350 rsi=0x1c rdx=0xbc @step 126639
            free rdi=0x30000c030 rsi=0xc rdx=0x498f71e @step 126794
     __libc_free rdi=0x30000c030 rsi=0xc rdx=0x498f71e @step 126795
          malloc rdi=0x4 rsi=0x3fffffffffffffff rdx=0x1000 @step 127490
            free rdi=0x300001400 rsi=0x300001400 rdx=0x4 @step 127713
     __libc_free rdi=0x300001400 rsi=0x300001400 rdx=0x4 @step 127714
            free rdi=0x3000013f0 rsi=0xc rdx=0x49cf71e @step 127869
     __libc_free rdi=0x3000013f0 rsi=0xc rdx=0x49cf71e @step 127870
          malloc rdi=0x8 rsi=0xc rdx=0x249cf71e @step 128047
          malloc rdi=0x8 rsi=0x300001180 rdx=0x0 @step 128323
          malloc rdi=0x8 rsi=0x300001240 rdx=0x1 @step 128528
          malloc rdi=0x8 rsi=0x300001250 rdx=0x2 @step 128766
          calloc rdi=0x10 rsi=0x1 rdx=0x1 @step 129012
          malloc rdi=0x10 rsi=0x1 rdx=0x0 @step 129025
          malloc rdi=0x100 rsi=0x100 rdx=0x1 @step 129380
            mmap len=0x1000 -> 0x30000d000 @step 130004
            free rdi=0x3000010c0 rsi=0x0 rdx=0x30000d040 @step 131645
     __libc_free rdi=0x3000010c0 rsi=0x0 rdx=0x30000d040 @step 131646
            free rdi=0x300001270 rsi=0x1c rdx=0xe @step 131800
     __libc_free rdi=0x300001270 rsi=0x1c rdx=0xe @step 131801
            free rdi=0x300001260 rsi=0x0 rdx=0x0 @step 131996
     __libc_free rdi=0x300001260 rsi=0x0 rdx=0x0 @step 131997
          malloc rdi=0x8 rsi=0x30000d040 rdx=0x2 @step 132173
          malloc rdi=0x8 rsi=0x300001100 rdx=0x6 @step 132422
            free rdi=0x3000012c0 rsi=0x1 rdx=0x3000012c0 @step 132746
     __libc_free rdi=0x3000012c0 rsi=0x1 rdx=0x3000012c0 @step 132747
            free rdi=0x3000012b0 rsi=0xc rdx=0x18 @step 132894
     __libc_free rdi=0x3000012b0 rsi=0xc rdx=0x18 @step 132895
            free rdi=0x30000d040 rsi=0xc rdx=0x218 @step 133052
     __libc_free rdi=0x30000d040 rsi=0xc rdx=0x218 @step 133053
            free rdi=0x300001250 rsi=0x1000 rdx=0x1000 @step 133728
     __libc_free rdi=0x300001250 rsi=0x1000 rdx=0x1000 @step 133729
            free rdi=0x300001240 rsi=0xc rdx=0x318 @step 133876
     __libc_free rdi=0x300001240 rsi=0xc rdx=0x318 @step 133877
          malloc rdi=0x18 rsi=0x3fffffffffffffff rdx=0x7ffffffffffffffc @step 134057
            free rdi=0x3000010e0 rsi=0x3fffffffffffffff rdx=0x0 @step 134236
     __libc_free rdi=0x3000010e0 rsi=0x3fffffffffffffff rdx=0x0 @step 134237
          malloc rdi=0x4 rsi=0x3fffffffffffffff rdx=0x22a4 @step 134480
          malloc rdi=0x4 rsi=0xa rdx=0xaa @step 134641
          malloc rdi=0x8 rsi=0x3000012f0 rdx=0x1 @step 134863
          malloc rdi=0x8 rsi=0x469e68 rdx=0x1 @step 135100
          malloc rdi=0x20 rsi=0x20 rdx=0x7ffef328 @step 135393
          malloc rdi=0x100 rsi=0x100 rdx=0x1 @step 135615
            mmap len=0x1000 -> 0x30000e000 @step 136239
            free rdi=0x300001ed0 rsi=0x0 rdx=0x30000e050 @step 137884
     __libc_free rdi=0x300001ed0 rsi=0x0 rdx=0x30000e050 @step 137885
            free rdi=0x300001310 rsi=0x2c rdx=0xd @step 138039
     __libc_free rdi=0x300001310 rsi=0x2c rdx=0xd @step 138040
            free rdi=0x300001300 rsi=0xc rdx=0x31e @step 138194
     __libc_free rdi=0x300001300 rsi=0xc rdx=0x31e @step 138195
            free rdi=0x3000012f0 rsi=0xc rdx=0x431e @step 138342
     __libc_free rdi=0x3000012f0 rsi=0xc rdx=0x431e @step 138343
          malloc rdi=0x4 rsi=0x30000e054 rdx=0x0 @step 138562
            free rdi=0x3000012d0 rsi=0xf rdx=0xaf @step 138721
     __libc_free rdi=0x3000012d0 rsi=0xf rdx=0xaf @step 138722
            free rdi=0x30000e050 rsi=0xc rdx=0x731e @step 138877
     __libc_free rdi=0x30000e050 rsi=0xc rdx=0x731e @step 138878
          malloc rdi=0x4 rsi=0x3fffffffffffffff rdx=0x1000 @step 139566
          malloc rdi=0x8 rsi=0x300001350 rdx=0x1 @step 139808
          malloc rdi=0x8 rsi=0x469e68 rdx=0x1 @step 140045
          malloc rdi=0x20 rsi=0x20 rdx=0x7ffef328 @step 140338
          malloc rdi=0x100 rsi=0x100 rdx=0x1 @step 140560
            mmap len=0x1000 -> 0x30000f000 @step 141184
            free rdi=0x300001f00 rsi=0x0 rdx=0x30000f060 @step 142829
     __libc_free rdi=0x300001f00 rsi=0x0 rdx=0x30000f060 @step 142830
            free rdi=0x300001370 rsi=0x2c rdx=0x1d @step 142984
     __libc_free rdi=0x300001370 rsi=0x2c rdx=0x1d @step 142985
            free rdi=0x300001360 rsi=0xc rdx=0x771e @step 143139
     __libc_free rdi=0x300001360 rsi=0xc rdx=0x771e @step 143140
            free rdi=0x300001350 rsi=0xc rdx=0x10771e @step 143287
     __libc_free rdi=0x300001350 rsi=0xc rdx=0x10771e @step 143288
          malloc rdi=0x4 rsi=0x30000f064 rdx=0x0 @step 143507
            free rdi=0x300001320 rsi=0x17 rdx=0xb7 @step 143666
     __libc_free rdi=0x300001320 rsi=0x17 rdx=0xb7 @step 143667
            free rdi=0x30000f060 rsi=0xc rdx=0x1c771e @step 143822
     __libc_free rdi=0x30000f060 rsi=0xc rdx=0x1c771e @step 143823
          malloc rdi=0x4 rsi=0x3fffffffffffffff rdx=0x1000 @step 144518
            free rdi=0x3000013d0 rsi=0x3000013d0 rdx=0x4 @step 144741
     __libc_free rdi=0x3000013d0 rsi=0x3000013d0 rdx=0x4 @step 144742
            free rdi=0x3000013a0 rsi=0xc rdx=0x1cf71e @step 144897
     __libc_free rdi=0x3000013a0 rsi=0xc rdx=0x1cf71e @step 144898
          malloc rdi=0x8 rsi=0xc rdx=0x41cf71e @step 145075
          malloc rdi=0x8 rsi=0x3000011c0 rdx=0x0 @step 145259
          malloc rdi=0x8 rsi=0x3000013f0 rdx=0x2 @step 145469
          malloc rdi=0x8 rsi=0x300001400 rdx=0x1 @step 145807
          calloc rdi=0x10 rsi=0x1 rdx=0x1 @step 146041
          malloc rdi=0x10 rsi=0x1 rdx=0x0 @step 146054
          malloc rdi=0x100 rsi=0x100 rdx=0x1 @step 146409
            mmap len=0x1000 -> 0x300010000 @step 147033
            free rdi=0x300001120 rsi=0x0 rdx=0x300010030 @step 148668
     __libc_free rdi=0x300001120 rsi=0x0 rdx=0x300010030 @step 148669
            free rdi=0x300001250 rsi=0x1c rdx=0x3e @step 148823
     __libc_free rdi=0x300001250 rsi=0x1c rdx=0x3e @step 148824
            free rdi=0x300001240 rsi=0x0 rdx=0x0 @step 149019
     __libc_free rdi=0x300001240 rsi=0x0 rdx=0x0 @step 149020
          malloc rdi=0x8 rsi=0x300010030 rdx=0x2 @step 149196
          malloc rdi=0x8 rsi=0x300001100 rdx=0x6 @step 149445
            free rdi=0x300001270 rsi=0x1 rdx=0x300001270 @step 149769
     __libc_free rdi=0x300001270 rsi=0x1 rdx=0x300001270 @step 149770
            free rdi=0x300001260 rsi=0xc rdx=0x6 @step 149917
     __libc_free rdi=0x300001260 rsi=0xc rdx=0x6 @step 149918
            free rdi=0x300010030 rsi=0xc rdx=0x16 @step 150075
     __libc_free rdi=0x300010030 rsi=0xc rdx=0x16 @step 150076
            free rdi=0x300001400 rsi=0x1000 rdx=0x1000 @step 150751
     __libc_free rdi=0x300001400 rsi=0x1000 rdx=0x1000 @step 150752
            free rdi=0x3000013f0 rsi=0xc rdx=0x1e @step 150899
     __libc_free rdi=0x3000013f0 rsi=0xc rdx=0x1e @step 150900
          malloc rdi=0x18 rsi=0x3fffffffffffffff rdx=0x7ffffffffffffffc @step 151414
            free rdi=0x300001140 rsi=0x3fffffffffffffff rdx=0x0 @step 151593
     __libc_free rdi=0x300001140 rsi=0x3fffffffffffffff rdx=0x0 @step 151594
          malloc rdi=0x4 rsi=0x3fffffffffffffff rdx=0x22a4 @step 151837
          malloc rdi=0x4 rsi=0x8 rdx=0xa8 @step 151998
          malloc rdi=0x8 rsi=0x3000012c0 rdx=0x1 @step 152220
          malloc rdi=0x8 rsi=0x469e68 rdx=0x1 @step 152457
          malloc rdi=0x20 rsi=0x20 rdx=0x7ffef548 @step 152750
          malloc rdi=0x100 rsi=0x100 rdx=0x1 @step 152972
            mmap len=0x1000 -> 0x300011000 @step 153596
            free rdi=0x300001f30 rsi=0x0 rdx=0x300011040 @step 155241
     __libc_free rdi=0x300001f30 rsi=0x0 rdx=0x300011040 @step 155242
            free rdi=0x3000012f0 rsi=0x2c rdx=0x3d @step 155396
     __libc_free rdi=0x3000012f0 rsi=0x2c rdx=0x3d @step 155397
            free rdi=0x3000012d0 rsi=0xc rdx=0x3000001e @step 155551
     __libc_free rdi=0x3000012d0 rsi=0xc rdx=0x3000001e @step 155552
            free rdi=0x3000012c0 rsi=0xc rdx=0x3000101e @step 155699
     __libc_free rdi=0x3000012c0 rsi=0xc rdx=0x3000101e @step 155700
          malloc rdi=0x4 rsi=0x300011044 rdx=0x0 @step 155919
            free rdi=0x3000012b0 rsi=0xd rdx=0xad @step 156078
     __libc_free rdi=0x3000012b0 rsi=0xd rdx=0xad @step 156079
            free rdi=0x300011040 rsi=0xc rdx=0x3000161e @step 156234
     __libc_free rdi=0x300011040 rsi=0xc rdx=0x3000161e @step 156235
          malloc rdi=0x4 rsi=0x3fffffffffffffff rdx=0x1000 @step 156923
          malloc rdi=0x8 rsi=0x300001310 rdx=0x1 @step 157145
          malloc rdi=0x8 rsi=0x469e68 rdx=0x1 @step 157382
          malloc rdi=0x20 rsi=0x20 rdx=0x7ffef548 @step 157675
          malloc rdi=0x100 rsi=0x100 rdx=0x1 @step 157897
            mmap len=0x1000 -> 0x300012000 @step 158521
            free rdi=0x300001f60 rsi=0x0 rdx=0x300012050 @step 160166
     __libc_free rdi=0x300001f60 rsi=0x0 rdx=0x300012050 @step 160167
            free rdi=0x300001350 rsi=0x2c rdx=0x7d @step 160321
     __libc_free rdi=0x300001350 rsi=0x2c rdx=0x7d @step 160322
            free rdi=0x300001320 rsi=0xc rdx=0x3000171e @step 160476
     __libc_free rdi=0x300001320 rsi=0xc rdx=0x3000171e @step 160477
            free rdi=0x300001310 rsi=0xc rdx=0x3004171e @step 160624
     __libc_free rdi=0x300001310 rsi=0xc rdx=0x3004171e @step 160625
          malloc rdi=0x4 rsi=0x300012054 rdx=0x0 @step 160861
            free rdi=0x300001300 rsi=0x13 rdx=0xb3 @step 161020
     __libc_free rdi=0x300001300 rsi=0x13 rdx=0xb3 @step 161021
            free rdi=0x300012050 rsi=0xc rdx=0x3004d71e @step 161176
     __libc_free rdi=0x300012050 rsi=0xc rdx=0x3004d71e @step 161177
          malloc rdi=0x4 rsi=0x3fffffffffffffff rdx=0x1000 @step 161872
            free rdi=0x300001370 rsi=0x300001370 rdx=0x4 @step 162095
     __libc_free rdi=0x300001370 rsi=0x300001370 rdx=0x4 @step 162096
            free rdi=0x300001360 rsi=0xc rdx=0x3004f71e @step 162251
     __libc_free rdi=0x300001360 rsi=0xc rdx=0x3004f71e @step 162252
          malloc rdi=0x8 rsi=0x300001160 rdx=0x2 @step 162446
          malloc rdi=0x8 rsi=0x300001180 rdx=0x2 @step 162696
          calloc rdi=0x10 rsi=0x1 rdx=0x1 @step 162942
          malloc rdi=0x10 rsi=0x1 rdx=0x0 @step 162955
          malloc rdi=0x100 rsi=0x100 rdx=0x1 @step 163310
            mmap len=0x1000 -> 0x300013000 @step 163934
            free rdi=0x3000011e0 rsi=0x0 rdx=0x300013060 @step 165575
     __libc_free rdi=0x3000011e0 rsi=0x0 rdx=0x300013060 @step 165576
            free rdi=0x3000013d0 rsi=0x1c rdx=0x1be @step 165730
     __libc_free rdi=0x3000013d0 rsi=0x1c rdx=0x1be @step 165731
            free rdi=0x3000013a0 rsi=0xc rdx=0x301cf71e @step 165885
     __libc_free rdi=0x3000013a0 rsi=0xc rdx=0x301cf71e @step 165886
          malloc rdi=0x8 rsi=0x300013060 rdx=0x2 @step 166062
          malloc rdi=0x8 rsi=0x300001100 rdx=0x6 @step 166399
            free rdi=0x300001250 rsi=0x1 rdx=0x300001250 @step 166723
     __libc_free rdi=0x300001250 rsi=0x1 rdx=0x300001250 @step 166724
            free rdi=0x300001240 rsi=0x0 rdx=0x0 @step 166912
     __libc_free rdi=0x300001240 rsi=0x0 rdx=0x0 @step 166913
            free rdi=0x300013060 rsi=0xc rdx=0x4 @step 167070
     __libc_free rdi=0x300013060 rsi=0xc rdx=0x4 @step 167071
          malloc rdi=0x50 rsi=0x1000 rdx=0x1000 @step 167764
          malloc rdi=0x4 rsi=0x3000013e0 rdx=0x1 @step 168341
          malloc rdi=0x8 rsi=0x300001160 rdx=0x2 @step 168547
          malloc rdi=0x8 rsi=0x300001180 rdx=0x2 @step 168740
          malloc rdi=0x4 rsi=0x300001201 rdx=0x45ec40 @step 169070
          malloc rdi=0x8 rsi=0x300001264 rdx=0x0 @step 169326
          malloc rdi=0x8 rsi=0x300001278 rdx=0x0 @step 169498
         realloc rdi=0x3000012d0 rsi=0x10 rdx=0x10 @step 169724
  __libc_realloc rdi=0x3000012d0 rsi=0x10 rdx=0x10 @step 169725
     __libc_free rdi=0x3000012d0 rsi=0x3000012d8 rdx=0x0 @step 170006
         realloc rdi=0x3000012f0 rsi=0x10 rdx=0x10 @step 170251
  __libc_realloc rdi=0x3000012f0 rsi=0x10 rdx=0x10 @step 170252
     __libc_free rdi=0x3000012f0 rsi=0x3000012f8 rdx=0x0 @step 170621
          malloc rdi=0x4 rsi=0x3000012c4 rdx=0x0 @step 170837
          malloc rdi=0x140 rsi=0x8 rdx=0x140 @step 171056
            free rdi=0x3000012c0 rsi=0x0 rdx=0x300001450 @step 171407
     __libc_free rdi=0x3000012c0 rsi=0x0 rdx=0x300001450 @step 171408
          malloc rdi=0x4 rsi=0x0 rdx=0x45ec40 @step 171582
          malloc rdi=0x8 rsi=0x300001310 rdx=0x1 @step 171855
          malloc rdi=0x8 rsi=0x469e68 rdx=0x1 @step 172092
          malloc rdi=0x20 rsi=0x20 rdx=0x7ffef4a8 @step 172385
          malloc rdi=0x100 rsi=0x100 rdx=0x1 @step 172607
            mmap len=0x1000 -> 0x300014000 @step 173226
            free rdi=0x300001f90 rsi=0x0 rdx=0x300014030 @step 174865
     __libc_free rdi=0x300001f90 rsi=0x0 rdx=0x300014030 @step 174866
            free rdi=0x300001350 rsi=0x2c rdx=0xfd @step 175020
     __libc_free rdi=0x300001350 rsi=0x2c rdx=0xfd @step 175021
            free rdi=0x300001320 rsi=0xc rdx=0x1606 @step 175175
     __libc_free rdi=0x300001320 rsi=0xc rdx=0x1606 @step 175176
            free rdi=0x300001310 rsi=0xc rdx=0x41606 @step 175323
     __libc_free rdi=0x300001310 rsi=0xc rdx=0x41606 @step 175324
            free rdi=0x300014030 rsi=0xc rdx=0x49606 @step 175489
     __libc_free rdi=0x300014030 rsi=0xc rdx=0x49606 @step 175490
          malloc rdi=0x4 rsi=0x1 rdx=0x45ec40 @step 176193
          malloc rdi=0x8 rsi=0x300001360 rdx=0x1 @step 176454
          malloc rdi=0x8 rsi=0x469e68 rdx=0x1 @step 176691
          malloc rdi=0x20 rsi=0x20 rdx=0x7ffef4a8 @step 176984
          malloc rdi=0x100 rsi=0x100 rdx=0x1 @step 177206
            mmap len=0x1000 -> 0x300015000 @step 177825
            free rdi=0x300001fc0 rsi=0x0 rdx=0x300015040 @step 179470
     __libc_free rdi=0x300001fc0 rsi=0x0 rdx=0x300015040 @step 179471
            free rdi=0x3000013a0 rsi=0x2c rdx=0x1fd @step 179625
     __libc_free rdi=0x3000013a0 rsi=0x2c rdx=0x1fd @step 179626
            free rdi=0x300001370 rsi=0xc rdx=0x4d606 @step 179780
     __libc_free rdi=0x300001370 rsi=0xc rdx=0x4d606 @step 179781
            free rdi=0x300001360 rsi=0xc rdx=0x84d606 @step 179928
     __libc_free rdi=0x300001360 rsi=0xc rdx=0x84d606 @step 179929
            free rdi=0x300015040 rsi=0xc rdx=0x94d606 @step 180106
     __libc_free rdi=0x300015040 rsi=0xc rdx=0x94d606 @step 180107
          malloc rdi=0x4 rsi=0x0 rdx=0x45ec40 @step 180797
          malloc rdi=0x8 rsi=0x3000013d0 rdx=0x1 @step 181058
          malloc rdi=0x8 rsi=0x469e68 rdx=0x1 @step 181295
          malloc rdi=0x20 rsi=0x20 rdx=0x7ffef4a8 @step 181588
          malloc rdi=0x100 rsi=0x100 rdx=0x1 @step 181901
            mmap len=0x1000 -> 0x300016000 @step 182520
            free rdi=0x300001e10 rsi=0x0 rdx=0x300016050 @step 184165
     __libc_free rdi=0x300001e10 rsi=0x0 rdx=0x300016050 @step 184166
            free rdi=0x300001400 rsi=0x2 rdx=0x0 @step 184361
     __libc_free rdi=0x300001400 rsi=0x2 rdx=0x0 @step 184362
            free rdi=0x3000013f0 rsi=0xc rdx=0x9cd606 @step 184516
     __libc_free rdi=0x3000013f0 rsi=0xc rdx=0x9cd606 @step 184517
            free rdi=0x3000013d0 rsi=0xc rdx=0x209cd606 @step 184664
     __libc_free rdi=0x3000013d0 rsi=0xc rdx=0x209cd606 @step 184665
          malloc rdi=0x8 rsi=0x300016050 rdx=0x1 @step 184859
          malloc rdi=0x8 rsi=0x469e68 rdx=0x1 @step 185184
          malloc rdi=0x20 rsi=0x20 rdx=0x7ffef4a8 @step 185477
          malloc rdi=0x100 rsi=0x100 rdx=0x1 @step 185702
            free rdi=0x300001e70 rsi=0x1 rdx=0x300016190 @step 187034
     __libc_free rdi=0x300001e70 rsi=0x1 rdx=0x300016190 @step 187035
            free rdi=0x300001250 rsi=0x2c rdx=0x1 @step 187189
     __libc_free rdi=0x300001250 rsi=0x2c rdx=0x1 @step 187190
            free rdi=0x300001240 rsi=0x0 rdx=0x0 @step 187385
     __libc_free rdi=0x300001240 rsi=0x0 rdx=0x0 @step 187386
            free rdi=0x300016050 rsi=0xc rdx=0x4 @step 187533
     __libc_free rdi=0x300016050 rsi=0xc rdx=0x4 @step 187534
          malloc rdi=0x8 rsi=0xd rdx=0x0 @step 187740
          malloc rdi=0x8 rsi=0x300001278 rdx=0x0 @step 187912
         realloc rdi=0x3000012c0 rsi=0x10 rdx=0x10 @step 188138
  __libc_realloc rdi=0x3000012c0 rsi=0x10 rdx=0x10 @step 188139
     __libc_free rdi=0x3000012c0 rsi=0x3000012c8 rdx=0x0 @step 188420
         realloc rdi=0x3000012d0 rsi=0x10 rdx=0x10 @step 188665
  __libc_realloc rdi=0x3000012d0 rsi=0x10 rdx=0x10 @step 188666
     __libc_free rdi=0x3000012d0 rsi=0x3000012d8 rdx=0x0 @step 188947
          malloc rdi=0x4 rsi=0xc rdx=0x4 @step 189146
            free rdi=0x300016190 rsi=0x300016198 rdx=0x300001450 @step 189368
     __libc_free rdi=0x300016190 rsi=0x300016198 rdx=0x300001450 @step 189369
          malloc rdi=0x18 rsi=0x3fffffffffffffff rdx=0x7ffffffffffffffc @step 190127
            free rdi=0x3000010c0 rsi=0x3fffffffffffffff rdx=0x0 @step 190306
     __libc_free rdi=0x3000010c0 rsi=0x3fffffffffffffff rdx=0x0 @step 190307
          malloc rdi=0x4 rsi=0x3fffffffffffffff rdx=0x22a4 @step 190605
          malloc rdi=0x4 rsi=0xe rdx=0xae @step 190766
          malloc rdi=0x8 rsi=0x300001320 rdx=0x1 @step 190988
          malloc rdi=0x8 rsi=0x469e68 rdx=0x1 @step 191225
          malloc rdi=0x20 rsi=0x20 rdx=0x7ffef588 @step 191518
          malloc rdi=0x100 rsi=0x100 rdx=0x1 @step 191743
            mmap len=0x1000 -> 0x300017000 @step 192362
            free rdi=0x300001ea0 rsi=0x0 rdx=0x300017060 @step 194007
     __libc_free rdi=0x300001ea0 rsi=0x0 rdx=0x300017060 @step 194008
            free rdi=0x300001360 rsi=0x2c rdx=0x5 @step 194162
     __libc_free rdi=0x300001360 rsi=0x2c rdx=0x5 @step 194163
            free rdi=0x300001350 rsi=0xc rdx=0x606 @step 194317
     __libc_free rdi=0x300001350 rsi=0xc rdx=0x606 @step 194318
            free rdi=0x300001320 rsi=0xc rdx=0x80606 @step 194465
     __libc_free rdi=0x300001320 rsi=0xc rdx=0x80606 @step 194466
          malloc rdi=0x4 rsi=0x300017064 rdx=0x0 @step 194685
            free rdi=0x300001310 rsi=0x14 rdx=0xb4 @step 194844
     __libc_free rdi=0x300001310 rsi=0x14 rdx=0xb4 @step 194845
            free rdi=0x300017060 rsi=0xc rdx=0xc8606 @step 195000
     __libc_free rdi=0x300017060 rsi=0xc rdx=0xc8606 @step 195001
          malloc rdi=0x4 rsi=0x3fffffffffffffff rdx=0x1000 @step 195686
          malloc rdi=0x8 rsi=0x3000013a0 rdx=0x1 @step 195908
          malloc rdi=0x8 rsi=0x469e68 rdx=0x1 @step 196145
          malloc rdi=0x20 rsi=0x20 rdx=0x7ffef588 @step 196438
          malloc rdi=0x100 rsi=0x100 rdx=0x1 @step 196663
            mmap len=0x1000 -> 0x300018000 @step 197282
            free rdi=0x300001ed0 rsi=0x0 rdx=0x300018030 @step 198921
     __libc_free rdi=0x300001ed0 rsi=0x0 rdx=0x300018030 @step 198922
            free rdi=0x3000013f0 rsi=0x2c rdx=0xd @step 199076
     __libc_free rdi=0x3000013f0 rsi=0x2c rdx=0xd @step 199077
            free rdi=0x3000013d0 rsi=0xc rdx=0xcc606 @step 199231
     __libc_free rdi=0x3000013d0 rsi=0xc rdx=0xcc606 @step 199232
            free rdi=0x3000013a0 rsi=0xc rdx=0x100cc606 @step 199379
     __libc_free rdi=0x3000013a0 rsi=0xc rdx=0x100cc606 @step 199380
          malloc rdi=0x4 rsi=0x300018034 rdx=0x0 @step 199616
            free rdi=0x300001370 rsi=0x1d rdx=0xbd @step 199775
     __libc_free rdi=0x300001370 rsi=0x1d rdx=0xbd @step 199776
            free rdi=0x300018030 rsi=0xc rdx=0x148cc606 @step 199931
     __libc_free rdi=0x300018030 rsi=0xc rdx=0x148cc606 @step 199932
          malloc rdi=0x4 rsi=0x3fffffffffffffff rdx=0x1000 @step 200617
          malloc rdi=0x4 rsi=0x300001244 rdx=0x0 @step 200994
            free rdi=0x300001400 rsi=0x2 rdx=0xa2 @step 201153
     __libc_free rdi=0x300001400 rsi=0x2 rdx=0xa2 @step 201154
            free rdi=0x300001240 rsi=0x0 rdx=0x0 @step 201350
     __libc_free rdi=0x300001240 rsi=0x0 rdx=0x0 @step 201351
          malloc rdi=0x4 rsi=0x3fffffffffffffff rdx=0x20000000 @step 201527
            free rdi=0x3000012c0 rsi=0x3000012c0 rdx=0x4 @step 201750
     __libc_free rdi=0x3000012c0 rsi=0x3000012c0 rdx=0x4 @step 201751
            free rdi=0x300001250 rsi=0xc rdx=0x20000002 @step 201906
     __libc_free rdi=0x300001250 rsi=0xc rdx=0x20000002 @step 201907
          malloc rdi=0x8 rsi=0x300001200 rdx=0x3 @step 202101
          malloc rdi=0x8 rsi=0x300001060 rdx=0x3 @step 202363
          calloc rdi=0x10 rsi=0x1 rdx=0x1 @step 202621
          malloc rdi=0x10 rsi=0x1 rdx=0x0 @step 202634
          malloc rdi=0x100 rsi=0x100 rdx=0x1 @step 202989
            mmap len=0x1000 -> 0x300019000 @step 203608
            free rdi=0x3000010e0 rsi=0x0 rdx=0x300019040 @step 205249
     __libc_free rdi=0x3000010e0 rsi=0x0 rdx=0x300019040 @step 205250
            free rdi=0x300001310 rsi=0x1c rdx=0x10 @step 205404
     __libc_free rdi=0x300001310 rsi=0x1c rdx=0x10 @step 205405
            free rdi=0x3000012d0 rsi=0xc rdx=0x20000206 @step 205559
     __libc_free rdi=0x3000012d0 rsi=0xc rdx=0x20000206 @step 205560
          malloc rdi=0x8 rsi=0x300019040 rdx=0x2 @step 205723
          malloc rdi=0x8 rsi=0x300001100 rdx=0x6 @step 205972
            free rdi=0x300001350 rsi=0x1 rdx=0x23 @step 206290
     __libc_free rdi=0x300001350 rsi=0x1 rdx=0x23 @step 206291
            free rdi=0x300001320 rsi=0xc rdx=0x20004606 @step 206438
     __libc_free rdi=0x300001320 rsi=0xc rdx=0x20004606 @step 206439
            free rdi=0x300019040 rsi=0xc rdx=0x20044606 @step 206586
     __libc_free rdi=0x300019040 rsi=0xc rdx=0x20044606 @step 206587
          malloc rdi=0x140 rsi=0x8 rdx=0x140 @step 207350
          malloc rdi=0x18 rsi=0x3fffffffffffffff rdx=0x7ffffffffffffffc @step 207744
            free rdi=0x300001120 rsi=0x3fffffffffffffff rdx=0x0 @step 207923
     __libc_free rdi=0x300001120 rsi=0x3fffffffffffffff rdx=0x0 @step 207924
          malloc rdi=0x4 rsi=0x3fffffffffffffff rdx=0x22a4 @step 208181
          malloc rdi=0x4 rsi=0x13 rdx=0xb3 @step 208342
          malloc rdi=0x8 rsi=0x300001370 rdx=0x1 @step 208564
          malloc rdi=0x8 rsi=0x469e68 rdx=0x1 @step 208801
          malloc rdi=0x20 rsi=0x20 rdx=0x7ffef588 @step 209094
          malloc rdi=0x100 rsi=0x100 rdx=0x1 @step 209319
            mmap len=0x1000 -> 0x30001a000 @step 209938
            free rdi=0x300001f00 rsi=0x0 rdx=0x30001a050 @step 211583
     __libc_free rdi=0x300001f00 rsi=0x0 rdx=0x30001a050 @step 211584
            free rdi=0x3000013d0 rsi=0x2c rdx=0x1d @step 211738
     __libc_free rdi=0x3000013d0 rsi=0x2c rdx=0x1d @step 211739
            free rdi=0x3000013a0 rsi=0xc rdx=0x2004c606 @step 211893
     __libc_free rdi=0x3000013a0 rsi=0xc rdx=0x2004c606 @step 211894
            free rdi=0x300001370 rsi=0xc rdx=0x2404c606 @step 212041
     __libc_free rdi=0x300001370 rsi=0xc rdx=0x2404c606 @step 212042
          malloc rdi=0x4 rsi=0x30001a054 rdx=0x0 @step 212261
            free rdi=0x300001360 rsi=0x1c rdx=0xbc @step 212420
     __libc_free rdi=0x300001360 rsi=0x1c rdx=0xbc @step 212421
            free rdi=0x30001a050 rsi=0xc rdx=0x2494c606 @step 212576
     __libc_free rdi=0x30001a050 rsi=0xc rdx=0x2494c606 @step 212577
          malloc rdi=0x4 rsi=0x3fffffffffffffff rdx=0x1000 @step 213262
          malloc rdi=0x8 rsi=0x300001240 rdx=0x1 @step 213572
          malloc rdi=0x8 rsi=0x469e68 rdx=0x1 @step 213809
          malloc rdi=0x20 rsi=0x20 rdx=0x7ffef588 @step 214102
          malloc rdi=0x100 rsi=0x100 rdx=0x1 @step 214327
            mmap len=0x1000 -> 0x30001b000 @step 214946
            free rdi=0x300001f30 rsi=0x0 rdx=0x30001b060 @step 216591
     __libc_free rdi=0x300001f30 rsi=0x0 rdx=0x30001b060 @step 216592
            free rdi=0x3000012c0 rsi=0x2c rdx=0x3d @step 216746
     __libc_free rdi=0x3000012c0 rsi=0x2c rdx=0x3d @step 216747
            free rdi=0x300001250 rsi=0x0 rdx=0x0 @step 216942
     __libc_free rdi=0x300001250 rsi=0x0 rdx=0x0 @step 216943
            free rdi=0x300001240 rsi=0xc rdx=0x200 @step 217090
     __libc_free rdi=0x300001240 rsi=0xc rdx=0x200 @step 217091
          malloc rdi=0x4 rsi=0x30001b064 rdx=0x0 @step 217327
            free rdi=0x3000013f0 rsi=0xa rdx=0xaa @step 217486
     __libc_free rdi=0x3000013f0 rsi=0xa rdx=0xaa @step 217487
            free rdi=0x30001b060 rsi=0xc rdx=0x206 @step 217642
     __libc_free rdi=0x30001b060 rsi=0xc rdx=0x206 @step 217643
          malloc rdi=0x4 rsi=0x3fffffffffffffff rdx=0x1000 @step 218328
          malloc rdi=0x8 rsi=0x300001310 rdx=0x1 @step 218550
          malloc rdi=0x8 rsi=0x469e68 rdx=0x1 @step 218787
          malloc rdi=0x20 rsi=0x20 rdx=0x7ffef588 @step 219080
          malloc rdi=0x100 rsi=0x100 rdx=0x1 @step 219305
            mmap len=0x1000 -> 0x30001c000 @step 219924
            free rdi=0x300001f60 rsi=0x0 rdx=0x30001c030 @step 221563
     __libc_free rdi=0x300001f60 rsi=0x0 rdx=0x30001c030 @step 221564
            free rdi=0x300001350 rsi=0x2c rdx=0x7d @step 221718
     __libc_free rdi=0x300001350 rsi=0x2c rdx=0x7d @step 221719
            free rdi=0x300001320 rsi=0xc rdx=0x10000206 @step 221873
     __libc_free rdi=0x300001320 rsi=0xc rdx=0x10000206 @step 221874
            free rdi=0x300001310 rsi=0xc rdx=0x10040206 @step 222021
     __libc_free rdi=0x300001310 rsi=0xc rdx=0x10040206 @step 222022
          malloc rdi=0x8 rsi=0x30001c030 rdx=0x1 @step 222245
          malloc rdi=0x8 rsi=0x469e68 rdx=0x1 @step 222482
          malloc rdi=0x20 rsi=0x20 rdx=0x7ffef588 @step 222775
          malloc rdi=0x100 rsi=0x100 rdx=0x1 @step 223000
            free rdi=0x300001f90 rsi=0x1 rdx=0x30001c170 @step 224326
     __libc_free rdi=0x300001f90 rsi=0x1 rdx=0x30001c170 @step 224327
            free rdi=0x300001370 rsi=0x2c rdx=0xfd @step 224481
     __libc_free rdi=0x300001370 rsi=0x2c rdx=0xfd @step 224482
            free rdi=0x300001360 rsi=0xc rdx=0x1004c206 @step 224636
     __libc_free rdi=0x300001360 rsi=0xc rdx=0x1004c206 @step 224637
            free rdi=0x30001c030 rsi=0xc rdx=0x1014c206 @step 224784
     __libc_free rdi=0x30001c030 rsi=0xc rdx=0x1014c206 @step 224785
          malloc rdi=0x4 rsi=0x2 rdx=0x7ffffffffffffffc @step 225021
            free rdi=0x3000012d0 rsi=0x30001c178 rdx=0x0 @step 225213
     __libc_free rdi=0x3000012d0 rsi=0x30001c178 rdx=0x0 @step 225214
            free rdi=0x30001c170 rsi=0xc rdx=0x101cc206 @step 225369
     __libc_free rdi=0x30001c170 rsi=0xc rdx=0x101cc206 @step 225370
          malloc rdi=0x4 rsi=0x3fffffffffffffff rdx=0x1000 @step 226065
            free rdi=0x3000013d0 rsi=0x3000013d0 rdx=0x4 @step 226288
     __libc_free rdi=0x3000013d0 rsi=0x3000013d0 rdx=0x4 @step 226289
            free rdi=0x3000013a0 rsi=0xc rdx=0x101cc606 @step 226444
     __libc_free rdi=0x3000013a0 rsi=0xc rdx=0x101cc606 @step 226445
          malloc rdi=0x8 rsi=0x300001080 rdx=0x3 @step 226639
          malloc rdi=0x8 rsi=0x3000010a0 rdx=0x3 @step 226901
          calloc rdi=0x10 rsi=0x1 rdx=0x1 @step 227247
          malloc rdi=0x10 rsi=0x1 rdx=0x0 @step 227260
          malloc rdi=0x100 rsi=0x100 rdx=0x1 @step 227615
            mmap len=0x1000 -> 0x30001d000 @step 228234
            free rdi=0x300001140 rsi=0x0 rdx=0x30001d040 @step 229851
     __libc_free rdi=0x300001140 rsi=0x0 rdx=0x30001d040 @step 229852
            free rdi=0x300001240 rsi=0x1c rdx=0xb0 @step 230006
     __libc_free rdi=0x300001240 rsi=0x1c rdx=0xb0 @step 230007
            free rdi=0x300001400 rsi=0x0 rdx=0x0 @step 230202
     __libc_free rdi=0x300001400 rsi=0x0 rdx=0x0 @step 230203
          malloc rdi=0x8 rsi=0x30001d040 rdx=0x6 @step 230366
          malloc rdi=0x8 rsi=0x300001100 rdx=0x6 @step 230664
            free rdi=0x3000012c0 rsi=0x1 rdx=0x23 @step 230984
     __libc_free rdi=0x3000012c0 rsi=0x1 rdx=0x23 @step 230985
            free rdi=0x300001250 rsi=0xc rdx=0x20000002 @step 231132
     __libc_free rdi=0x300001250 rsi=0xc rdx=0x20000002 @step 231133
            free rdi=0x30001d040 rsi=0xc rdx=0x20000202 @step 231280
     __libc_free rdi=0x30001d040 rsi=0xc rdx=0x20000202 @step 231281
            free rdi=0x300001450 rsi=0x1000 rdx=0x7ffef7e8 @step 232009
     __libc_free rdi=0x300001450 rsi=0x1000 rdx=0x7ffef7e8 @step 232010
            free rdi=0x300001260 rsi=0x200001108 rdx=0x0 @step 232242
     __libc_free rdi=0x300001260 rsi=0x200001108 rdx=0x0 @step 232243
            free rdi=0x300001270 rsi=0xc rdx=0x20000206 @step 232397
     __libc_free rdi=0x300001270 rsi=0xc rdx=0x20000206 @step 232398
            free rdi=0x3000012b0 rsi=0xc rdx=0x2000020e @step 232545
     __libc_free rdi=0x3000012b0 rsi=0xc rdx=0x2000020e @step 232546
            free rdi=0x300001c20 rsi=0xc rdx=0x2000021e @step 232697
     __libc_free rdi=0x300001c20 rsi=0xc rdx=0x2000021e @step 232698
          malloc rdi=0x4 rsi=0x200001248 rdx=0x7ffefd40 @step 233152
          malloc rdi=0xc rsi=0x300001304 rdx=0x0 @step 233340
          malloc rdi=0xc rsi=0x30000120c rdx=0x0 @step 233522
          malloc rdi=0x68 rsi=0x30000106c rdx=0x3 @step 233718
          malloc rdi=0x20 rsi=0x8 rdx=0x20 @step 233928
          malloc rdi=0x140 rsi=0x8 rdx=0x140 @step 234153
          malloc rdi=0x4 rsi=0x0 rdx=0x7ffefd40 @step 234540
          malloc rdi=0xc rsi=0x3000012f4 rdx=0x0 @step 234728
          malloc rdi=0xc rsi=0x30000108c rdx=0x0 @step 234910
          malloc rdi=0x68 rsi=0x3000010ac rdx=0x3 @step 235106
            free rdi=0x300001840 rsi=0x0 rdx=0x80 @step 235760
     __libc_free rdi=0x300001840 rsi=0x0 rdx=0x80 @step 235761
          malloc rdi=0x18 rsi=0x3fffffffffffffff rdx=0x7ffffffffffffffc @step 236217
            free rdi=0x3000011e0 rsi=0x3fffffffffffffff rdx=0x0 @step 236396
     __libc_free rdi=0x3000011e0 rsi=0x3fffffffffffffff rdx=0x0 @step 236397
          malloc rdi=0x4 rsi=0x3fffffffffffffff rdx=0x22a4 @step 236640
          malloc rdi=0x4 rsi=0x17 rdx=0xb7 @step 236801
          malloc rdi=0x8 rsi=0x3000013d0 rdx=0x1 @step 237023
          malloc rdi=0x8 rsi=0x469e68 rdx=0x1 @step 237260
          malloc rdi=0x20 rsi=0x20 rdx=0x7ffef548 @step 237641
          malloc rdi=0x100 rsi=0x100 rdx=0x1 @step 237954
            mmap len=0x1000 -> 0x30001e000 @step 238573
            free rdi=0x300001e10 rsi=0x0 rdx=0x30001e050 @step 240218
     __libc_free rdi=0x300001e10 rsi=0x0 rdx=0x30001e050 @step 240219
            free rdi=0x300001240 rsi=0x2 rdx=0x0 @step 240414
     __libc_free rdi=0x300001240 rsi=0x2 rdx=0x0 @step 240415
            free rdi=0x3000013f0 rsi=0x0 rdx=0x0 @step 240610
     __libc_free rdi=0x3000013f0 rsi=0x0 rdx=0x0 @step 240611
            free rdi=0x3000013d0 rsi=0xc rdx=0x2 @step 240758
     __libc_free rdi=0x3000013d0 rsi=0xc rdx=0x2 @step 240759
          malloc rdi=0x4 rsi=0x30001e054 rdx=0x0 @step 240978
            free rdi=0x3000013a0 rsi=0x2 rdx=0xa2 @step 241137
     __libc_free rdi=0x3000013a0 rsi=0x2 rdx=0xa2 @step 241138
            free rdi=0x30001e050 rsi=0xc rdx=0x14000002 @step 241293
     __libc_free rdi=0x30001e050 rsi=0xc rdx=0x14000002 @step 241294
          malloc rdi=0x4 rsi=0x3fffffffffffffff rdx=0x1000 @step 241979
          malloc rdi=0x8 rsi=0x300001260 rdx=0x1 @step 242221
          malloc rdi=0x8 rsi=0x469e68 rdx=0x1 @step 242458
          malloc rdi=0x20 rsi=0x20 rdx=0x7ffef548 @step 242751
          malloc rdi=0x100 rsi=0x100 rdx=0x1 @step 242976
            mmap len=0x1000 -> 0x30001f000 @step 243595
            free rdi=0x300001e70 rsi=0x0 rdx=0x30001f060 @step 245240
     __libc_free rdi=0x300001e70 rsi=0x0 rdx=0x30001f060 @step 245241
            free rdi=0x3000012b0 rsi=0x2c rdx=0x1 @step 245395
     __libc_free rdi=0x3000012b0 rsi=0x2c rdx=0x1 @step 245396
            free rdi=0x300001270 rsi=0xc rdx=0x14800002 @step 245550
     __libc_free rdi=0x300001270 rsi=0xc rdx=0x14800002 @step 245551
            free rdi=0x300001260 rsi=0xc rdx=0x14800102 @step 245698
     __libc_free rdi=0x300001260 rsi=0xc rdx=0x14800102 @step 245699
          malloc rdi=0x4 rsi=0x30001f064 rdx=0x0 @step 245918
            free rdi=0x300001250 rsi=0x9 rdx=0xa9 @step 246077
     __libc_free rdi=0x300001250 rsi=0x9 rdx=0xa9 @step 246078
            free rdi=0x30001f060 rsi=0xc rdx=0x1480011a @step 246233
     __libc_free rdi=0x30001f060 rsi=0xc rdx=0x1480011a @step 246234
          malloc rdi=0x4 rsi=0x3fffffffffffffff rdx=0x1000 @step 246926
            free rdi=0x300001400 rsi=0x300001400 rdx=0x4 @step 247149
     __libc_free rdi=0x300001400 rsi=0x300001400 rdx=0x4 @step 247150
            free rdi=0x3000012c0 rsi=0xc rdx=0x1480011e @step 247305
     __libc_free rdi=0x3000012c0 rsi=0xc rdx=0x1480011e @step 247306
          malloc rdi=0x8 rsi=0x3000011a0 rdx=0x2 @step 247500
          malloc rdi=0x8 rsi=0x3000011c0 rdx=0x2 @step 247838
          calloc rdi=0x10 rsi=0x1 rdx=0x1 @step 248084
          malloc rdi=0x10 rsi=0x1 rdx=0x0 @step 248097
          malloc rdi=0x100 rsi=0x100 rdx=0x1 @step 248540
            mmap len=0x1000 -> 0x300020000 @step 249159
            free rdi=0x3000010c0 rsi=0x0 rdx=0x300020030 @step 250794
     __libc_free rdi=0x3000010c0 rsi=0x0 rdx=0x300020030 @step 250795
            free rdi=0x300001250 rsi=0x1 rdx=0x0 @step 250990
     __libc_free rdi=0x300001250 rsi=0x1 rdx=0x0 @step 250991
            free rdi=0x300001240 rsi=0x0 rdx=0x0 @step 251186
     __libc_free rdi=0x300001240 rsi=0x0 rdx=0x0 @step 251187
          malloc rdi=0x8 rsi=0x300020030 rdx=0x2 @step 251363
          malloc rdi=0x8 rsi=0x300001100 rdx=0x6 @step 251612
            free rdi=0x300001270 rsi=0x1 rdx=0x300001270 @step 251936
     __libc_free rdi=0x300001270 rsi=0x1 rdx=0x300001270 @step 251937
            free rdi=0x300001260 rsi=0xc rdx=0x6 @step 252084
     __libc_free rdi=0x300001260 rsi=0xc rdx=0x6 @step 252085
            free rdi=0x300020030 rsi=0xc rdx=0x16 @step 252242
     __libc_free rdi=0x300020030 rsi=0xc rdx=0x16 @step 252243
          malloc rdi=0x50 rsi=0x1000 rdx=0x1000 @step 252933
          malloc rdi=0x4 rsi=0x3000012e0 rdx=0x1 @step 253522
          malloc rdi=0x8 rsi=0x3000011a0 rdx=0x2 @step 253728
          malloc rdi=0x8 rsi=0x3000011c0 rdx=0x2 @step 253921
          malloc rdi=0x4 rsi=0x300001201 rdx=0x45ec40 @step 254251
          malloc rdi=0x8 rsi=0x3000012b4 rdx=0x0 @step 254507
          malloc rdi=0x8 rsi=0x3000012c8 rdx=0x0 @step 254679
         realloc rdi=0x3000013f0 rsi=0x10 rdx=0x10 @step 254905
  __libc_realloc rdi=0x3000013f0 rsi=0x10 rdx=0x10 @step 254906
     __libc_free rdi=0x3000013f0 rsi=0x3000013f8 rdx=0x0 @step 255187
         realloc rdi=0x300001400 rsi=0x10 rdx=0x10 @step 255432
  __libc_realloc rdi=0x300001400 rsi=0x10 rdx=0x10 @step 255433
     __libc_free rdi=0x300001400 rsi=0x300001408 rdx=0x0 @step 255714
          malloc rdi=0x4 rsi=0x3000013d4 rdx=0x0 @step 255930
          malloc rdi=0x140 rsi=0x8 rdx=0x140 @step 256237
            mmap len=0x1000 -> 0x300021000 @step 256889
            free rdi=0x3000013d0 rsi=0x0 rdx=0x300021040 @step 257447
     __libc_free rdi=0x3000013d0 rsi=0x0 rdx=0x300021040 @step 257448
          malloc rdi=0x4 rsi=0x0 rdx=0x45ec40 @step 257663
          malloc rdi=0x8 rsi=0x300001250 rdx=0x1 @step 257936
          malloc rdi=0x8 rsi=0x469e68 rdx=0x1 @step 258173
          malloc rdi=0x20 rsi=0x20 rdx=0x7ffef4a8 @step 258466
          malloc rdi=0x100 rsi=0x100 rdx=0x1 @step 258691
            free rdi=0x300001ea0 rsi=0x0 rdx=0x300021430 @step 260367
     __libc_free rdi=0x300001ea0 rsi=0x0 rdx=0x300021430 @step 260368
            free rdi=0x300001270 rsi=0x2c rdx=0x5 @step 260522
     __libc_free rdi=0x300001270 rsi=0x2c rdx=0x5 @step 260523
            free rdi=0x300001260 rsi=0xc rdx=0x4000000 @step 260677
     __libc_free rdi=0x300001260 rsi=0xc rdx=0x4000000 @step 260678
            free rdi=0x300001250 rsi=0xc rdx=0x4000010 @step 260825
     __libc_free rdi=0x300001250 rsi=0xc rdx=0x4000010 @step 260826
            free rdi=0x300021430 rsi=0xc rdx=0x4000018 @step 260991
     __libc_free rdi=0x300021430 rsi=0xc rdx=0x4000018 @step 260992
          malloc rdi=0x4 rsi=0x1 rdx=0x45ec40 @step 261397
          malloc rdi=0x8 rsi=0x3000013f0 rdx=0x1 @step 261658
          malloc rdi=0x8 rsi=0x469e68 rdx=0x1 @step 261895
          malloc rdi=0x20 rsi=0x20 rdx=0x7ffef4a8 @step 262276
          malloc rdi=0x100 rsi=0x100 rdx=0x1 @step 262501
            free rdi=0x300001ed0 rsi=0x0 rdx=0x300021440 @step 264220
     __libc_free rdi=0x300001ed0 rsi=0x0 rdx=0x300021440 @step 264221
            free rdi=0x300001250 rsi=0x2c rdx=0xd @step 264375
     __libc_free rdi=0x300001250 rsi=0x2c rdx=0xd @step 264376
            free rdi=0x300001400 rsi=0x0 rdx=0x0 @step 264571
     __libc_free rdi=0x300001400 rsi=0x0 rdx=0x0 @step 264572
            free rdi=0x3000013f0 rsi=0xc rdx=0x4 @step 264719
     __libc_free rdi=0x3000013f0 rsi=0xc rdx=0x4 @step 264720
            free rdi=0x300021440 rsi=0xc rdx=0x20000004 @step 264897
     __libc_free rdi=0x300021440 rsi=0xc rdx=0x20000004 @step 264898
          malloc rdi=0x4 rsi=0x0 rdx=0x45ec40 @step 265290
          malloc rdi=0x8 rsi=0x300001260 rdx=0x1 @step 265551
          malloc rdi=0x8 rsi=0x469e68 rdx=0x1 @step 265788
          malloc rdi=0x20 rsi=0x20 rdx=0x7ffef4a8 @step 266081
          malloc rdi=0x100 rsi=0x100 rdx=0x1 @step 266306
            free rdi=0x300001f00 rsi=0x0 rdx=0x300021450 @step 268025
     __libc_free rdi=0x300001f00 rsi=0x0 rdx=0x300021450 @step 268026
            free rdi=0x3000013d0 rsi=0x2c rdx=0x1d @step 268180
     __libc_free rdi=0x3000013d0 rsi=0x2c rdx=0x1d @step 268181
            free rdi=0x300001270 rsi=0xc rdx=0x30000004 @step 268335
     __libc_free rdi=0x300001270 rsi=0xc rdx=0x30000004 @step 268336
            free rdi=0x300001260 rsi=0xc rdx=0x34000004 @step 268483
     __libc_free rdi=0x300001260 rsi=0xc rdx=0x34000004 @step 268484
          malloc rdi=0x8 rsi=0x300021450 rdx=0x1 @step 268678
          malloc rdi=0x8 rsi=0x469e68 rdx=0x1 @step 269003
          malloc rdi=0x20 rsi=0x20 rdx=0x7ffef4a8 @step 269296
          malloc rdi=0x100 rsi=0x100 rdx=0x1 @step 269521
            free rdi=0x300001f30 rsi=0x1 rdx=0x300021570 @step 270853
     __libc_free rdi=0x300001f30 rsi=0x1 rdx=0x300021570 @step 270854
            free rdi=0x300001260 rsi=0x2c rdx=0x3d @step 271008
     __libc_free rdi=0x300001260 rsi=0x2c rdx=0x3d @step 271009
            free rdi=0x300001250 rsi=0x0 rdx=0x0 @step 271204
     __libc_free rdi=0x300001250 rsi=0x0 rdx=0x0 @step 271205
            free rdi=0x300021450 rsi=0xc rdx=0x8 @step 271352
     __libc_free rdi=0x300021450 rsi=0xc rdx=0x8 @step 271353
          malloc rdi=0x8 rsi=0xd rdx=0x0 @step 271559
          malloc rdi=0x8 rsi=0x3000012c8 rdx=0x0 @step 271731
         realloc rdi=0x300001270 rsi=0x10 rdx=0x10 @step 271957
  __libc_realloc rdi=0x300001270 rsi=0x10 rdx=0x10 @step 271958
     __libc_free rdi=0x300001270 rsi=0x300001278 rdx=0x0 @step 272239
         realloc rdi=0x3000013d0 rsi=0x10 rdx=0x10 @step 272484
  __libc_realloc rdi=0x3000013d0 rsi=0x10 rdx=0x10 @step 272485
     __libc_free rdi=0x3000013d0 rsi=0x3000013d8 rdx=0x0 @step 272766
          malloc rdi=0x4 rsi=0xc rdx=0x4 @step 272965
            free rdi=0x300021570 rsi=0x300021578 rdx=0x300021040 @step 273187
     __libc_free rdi=0x300021570 rsi=0x300021578 rdx=0x300021040 @step 273188
          malloc rdi=0x18 rsi=0x3fffffffffffffff rdx=0x7ffffffffffffffc @step 273648
            free rdi=0x3000010c0 rsi=0x3fffffffffffffff rdx=0x0 @step 273915
     __libc_free rdi=0x3000010c0 rsi=0x3fffffffffffffff rdx=0x0 @step 273916
          malloc rdi=0x4 rsi=0x3fffffffffffffff rdx=0x22a4 @step 274220
          malloc rdi=0x4 rsi=0x1d rdx=0xbd @step 274381
          malloc rdi=0x8 rsi=0x300001250 rdx=0x1 @step 274691
          malloc rdi=0x8 rsi=0x469e68 rdx=0x1 @step 274928
          malloc rdi=0x20 rsi=0x20 rdx=0x7ffef588 @step 275221
          malloc rdi=0x100 rsi=0x100 rdx=0x1 @step 275446
            free rdi=0x300001f60 rsi=0x0 rdx=0x300021420 @step 277174
     __libc_free rdi=0x300001f60 rsi=0x0 rdx=0x300021420 @step 277175
            free rdi=0x300001270 rsi=0x2c rdx=0x7d @step 277329
     __libc_free rdi=0x300001270 rsi=0x2c rdx=0x7d @step 277330
            free rdi=0x300001260 rsi=0x0 rdx=0x0 @step 277525
     __libc_free rdi=0x300001260 rsi=0x0 rdx=0x0 @step 277526
            free rdi=0x300001250 rsi=0xc rdx=0x10 @step 277673
     __libc_free rdi=0x300001250 rsi=0xc rdx=0x10 @step 277674
          malloc rdi=0x4 rsi=0x300021424 rdx=0x0 @step 277893
            free rdi=0x300001400 rsi=0x1a rdx=0xba @step 278052
     __libc_free rdi=0x300001400 rsi=0x1a rdx=0xba @step 278053
            free rdi=0x300021420 rsi=0xc rdx=0x1c @step 278208
     __libc_free rdi=0x300021420 rsi=0xc rdx=0x1c @step 278209
          malloc rdi=0x4 rsi=0x3fffffffffffffff rdx=0x0 @step 278596
          malloc rdi=0x8 rsi=0x300001250 rdx=0x1 @step 278926
          malloc rdi=0x8 rsi=0x469e68 rdx=0x1 @step 279163
          malloc rdi=0x20 rsi=0x20 rdx=0x7ffef588 @step 279456
          malloc rdi=0x100 rsi=0x100 rdx=0x1 @step 279681
            free rdi=0x300001f90 rsi=0x0 rdx=0x300021430 @step 281400
     __libc_free rdi=0x300001f90 rsi=0x0 rdx=0x300021430 @step 281401
            free rdi=0x300001270 rsi=0x2c rdx=0xfd @step 281555
     __libc_free rdi=0x300001270 rsi=0x2c rdx=0xfd @step 281556
            free rdi=0x300001260 rsi=0x0 rdx=0x0 @step 281751
     __libc_free rdi=0x300001260 rsi=0x0 rdx=0x0 @step 281752
            free rdi=0x300001250 rsi=0xc rdx=0x10 @step 281899
     __libc_free rdi=0x300001250 rsi=0xc rdx=0x10 @step 281900
          malloc rdi=0x4 rsi=0x300021434 rdx=0x0 @step 282119
            free rdi=0x3000013d0 rsi=0x1d rdx=0xbd @step 282278
     __libc_free rdi=0x3000013d0 rsi=0x1d rdx=0xbd @step 282279
            free rdi=0x300021430 rsi=0xc rdx=0x1c @step 282434
     __libc_free rdi=0x300021430 rsi=0xc rdx=0x1c @step 282435
          malloc rdi=0x4 rsi=0x3fffffffffffffff rdx=0x0 @step 282822
          malloc rdi=0x4 rsi=0x300001254 rdx=0x0 @step 283202
            free rdi=0x300001400 rsi=0x3 rdx=0xa3 @step 283361
     __libc_free rdi=0x300001400 rsi=0x3 rdx=0xa3 @step 283362
            free rdi=0x300001250 rsi=0x0 rdx=0x0 @step 283558
     __libc_free rdi=0x300001250 rsi=0x0 rdx=0x0 @step 283559
          malloc rdi=0x4 rsi=0x3fffffffffffffff rdx=0x20000000 @step 283735
            free rdi=0x300001270 rsi=0x300001270 rdx=0x4 @step 283958
     __libc_free rdi=0x300001270 rsi=0x300001270 rdx=0x4 @step 283959
            free rdi=0x300001260 rsi=0xc rdx=0x20000004 @step 284114
     __libc_free rdi=0x300001260 rsi=0xc rdx=0x20000004 @step 284115
          malloc rdi=0x8 rsi=0x3000010e0 rdx=0x3 @step 284309
          malloc rdi=0x8 rsi=0x300001120 rdx=0x3 @step 284571
          calloc rdi=0x10 rsi=0x1 rdx=0x1 @step 284917
          malloc rdi=0x10 rsi=0x1 rdx=0x0 @step 284930
          malloc rdi=0x100 rsi=0x100 rdx=0x1 @step 285373
            free rdi=0x3000010c0 rsi=0x0 rdx=0x300021440 @step 287088
     __libc_free rdi=0x3000010c0 rsi=0x0 rdx=0x300021440 @step 287089
            free rdi=0x300001250 rsi=0x1 rdx=0x0 @step 287290
     __libc_free rdi=0x300001250 rsi=0x1 rdx=0x0 @step 287291
            free rdi=0x3000013d0 rsi=0x0 rdx=0x0 @step 287486
     __libc_free rdi=0x3000013d0 rsi=0x0 rdx=0x0 @step 287487
          malloc rdi=0x8 rsi=0x300021440 rdx=0x2 @step 287650
          malloc rdi=0x8 rsi=0x300001100 rdx=0x6 @step 287899
            free rdi=0x300001270 rsi=0x1 rdx=0x23 @step 288217
     __libc_free rdi=0x300001270 rsi=0x1 rdx=0x23 @step 288218
            free rdi=0x300001260 rsi=0xc rdx=0x4000004 @step 288365
     __libc_free rdi=0x300001260 rsi=0xc rdx=0x4000004 @step 288366
            free rdi=0x300021440 rsi=0xc rdx=0x4000014 @step 288513
     __libc_free rdi=0x300021440 rsi=0xc rdx=0x4000014 @step 288514
          malloc rdi=0x140 rsi=0x8 rdx=0x140 @step 288979
          malloc rdi=0x18 rsi=0x3fffffffffffffff rdx=0x7ffffffffffffffc @step 289277
            free rdi=0x3000010c0 rsi=0x3fffffffffffffff rdx=0x0 @step 289544
     __libc_free rdi=0x3000010c0 rsi=0x3fffffffffffffff rdx=0x0 @step 289545
          malloc rdi=0x4 rsi=0x3fffffffffffffff rdx=0x22a4 @step 289849
          malloc rdi=0x4 rsi=0x1d rdx=0xbd @step 290010
          malloc rdi=0x8 rsi=0x300001250 rdx=0x1 @step 290320
          malloc rdi=0x8 rsi=0x469e68 rdx=0x1 @step 290557
          malloc rdi=0x20 rsi=0x20 rdx=0x7ffef588 @step 290850
          malloc rdi=0x100 rsi=0x100 rdx=0x1 @step 291163
            free rdi=0x300001e10 rsi=0x0 rdx=0x300021450 @step 292882
     __libc_free rdi=0x300001e10 rsi=0x0 rdx=0x300021450 @step 292883
            free rdi=0x300001270 rsi=0x2 rdx=0x0 @step 293078
     __libc_free rdi=0x300001270 rsi=0x2 rdx=0x0 @step 293079
            free rdi=0x300001260 rsi=0x0 rdx=0x0 @step 293274
     __libc_free rdi=0x300001260 rsi=0x0 rdx=0x0 @step 293275
            free rdi=0x300001250 rsi=0xc rdx=0x10 @step 293422
     __libc_free rdi=0x300001250 rsi=0xc rdx=0x10 @step 293423
          malloc rdi=0x4 rsi=0x300021454 rdx=0x0 @step 293642
            free rdi=0x300001400 rsi=0x1a rdx=0xba @step 293801
     __libc_free rdi=0x300001400 rsi=0x1a rdx=0xba @step 293802
            free rdi=0x300021450 rsi=0xc rdx=0x1c @step 293957
     __libc_free rdi=0x300021450 rsi=0xc rdx=0x1c @step 293958
          malloc rdi=0x4 rsi=0x3fffffffffffffff rdx=0x0 @step 294345
          malloc rdi=0x8 rsi=0x300001250 rdx=0x1 @step 294675
          malloc rdi=0x8 rsi=0x469e68 rdx=0x1 @step 294912
          malloc rdi=0x20 rsi=0x20 rdx=0x7ffef588 @step 295205
          malloc rdi=0x100 rsi=0x100 rdx=0x1 @step 295430
            free rdi=0x300001e70 rsi=0x0 rdx=0x300021420 @step 297158
     __libc_free rdi=0x300001e70 rsi=0x0 rdx=0x300021420 @step 297159
            free rdi=0x300001270 rsi=0x2c rdx=0x1 @step 297313
     __libc_free rdi=0x300001270 rsi=0x2c rdx=0x1 @step 297314
            free rdi=0x300001260 rsi=0x0 rdx=0x0 @step 297509
     __libc_free rdi=0x300001260 rsi=0x0 rdx=0x0 @step 297510
            free rdi=0x300001250 rsi=0xc rdx=0x10 @step 297657
     __libc_free rdi=0x300001250 rsi=0xc rdx=0x10 @step 297658
          malloc rdi=0x4 rsi=0x300021424 rdx=0x0 @step 297877
            free rdi=0x3000013d0 rsi=0x1d rdx=0xbd @step 298036
     __libc_free rdi=0x3000013d0 rsi=0x1d rdx=0xbd @step 298037
            free rdi=0x300021420 rsi=0xc rdx=0x1c @step 298192
     __libc_free rdi=0x300021420 rsi=0xc rdx=0x1c @step 298193
          malloc rdi=0x4 rsi=0x3fffffffffffffff rdx=0x0 @step 298580
          malloc rdi=0x8 rsi=0x300001250 rdx=0x1 @step 298890
          malloc rdi=0x8 rsi=0x469e68 rdx=0x1 @step 299127
          malloc rdi=0x20 rsi=0x20 rdx=0x7ffef588 @step 299420
          malloc rdi=0x100 rsi=0x100 rdx=0x1 @step 299645
            free rdi=0x300001ea0 rsi=0x0 rdx=0x300021430 @step 301364
     __libc_free rdi=0x300001ea0 rsi=0x0 rdx=0x300021430 @step 301365
            free rdi=0x300001270 rsi=0x2c rdx=0x5 @step 301519
     __libc_free rdi=0x300001270 rsi=0x2c rdx=0x5 @step 301520
            free rdi=0x300001260 rsi=0x0 rdx=0x0 @step 301715
     __libc_free rdi=0x300001260 rsi=0x0 rdx=0x0 @step 301716
            free rdi=0x300001250 rsi=0xc rdx=0x10 @step 301863
     __libc_free rdi=0x300001250 rsi=0xc rdx=0x10 @step 301864
          malloc rdi=0x8 rsi=0x300021430 rdx=0x1 @step 302090
          malloc rdi=0x8 rsi=0x469e68 rdx=0x1 @step 302327
          malloc rdi=0x20 rsi=0x20 rdx=0x7ffef588 @step 302708
          malloc rdi=0x100 rsi=0x100 rdx=0x1 @step 302933
            free rdi=0x300001ed0 rsi=0x1 rdx=0x300021580 @step 304253
     __libc_free rdi=0x300001ed0 rsi=0x1 rdx=0x300021580 @step 304254
            free rdi=0x300001250 rsi=0x2c rdx=0xd @step 304408
     __libc_free rdi=0x300001250 rsi=0x2c rdx=0xd @step 304409
            free rdi=0x3000013d0 rsi=0x0 rdx=0x0 @step 304604
     __libc_free rdi=0x3000013d0 rsi=0x0 rdx=0x0 @step 304605
            free rdi=0x300021430 rsi=0xc rdx=0x4 @step 304752
     __libc_free rdi=0x300021430 rsi=0xc rdx=0x4 @step 304753
          malloc rdi=0x4 rsi=0x2 rdx=0x7ffffffffffffffc @step 304989
            free rdi=0x300001400 rsi=0x300021588 rdx=0x0 @step 305181
     __libc_free rdi=0x300001400 rsi=0x300021588 rdx=0x0 @step 305182
            free rdi=0x300021580 rsi=0xc rdx=0x4000004 @step 305337
     __libc_free rdi=0x300021580 rsi=0xc rdx=0x4000004 @step 305338
          malloc rdi=0x4 rsi=0x3fffffffffffffff rdx=0x0 @step 305735
            free rdi=0x300001270 rsi=0x300001270 rdx=0x4 @step 305958
     __libc_free rdi=0x300001270 rsi=0x300001270 rdx=0x4 @step 305959
            free rdi=0x300001260 rsi=0xc rdx=0x24000004 @step 306114
     __libc_free rdi=0x300001260 rsi=0xc rdx=0x24000004 @step 306115
          malloc rdi=0x8 rsi=0x300001140 rdx=0x3 @step 306309
          malloc rdi=0x8 rsi=0x3000011e0 rdx=0x3 @step 306659
          calloc rdi=0x10 rsi=0x1 rdx=0x1 @step 306917
          malloc rdi=0x10 rsi=0x1 rdx=0x0 @step 306930
          malloc rdi=0x100 rsi=0x100 rdx=0x1 @step 307373
            free rdi=0x3000010c0 rsi=0x0 rdx=0x300021440 @step 309064
     __libc_free rdi=0x3000010c0 rsi=0x0 rdx=0x300021440 @step 309065
            free rdi=0x300001260 rsi=0x1 rdx=0x0 @step 309266
     __libc_free rdi=0x300001260 rsi=0x1 rdx=0x0 @step 309267
            free rdi=0x300001250 rsi=0x0 rdx=0x0 @step 309462
     __libc_free rdi=0x300001250 rsi=0x0 rdx=0x0 @step 309463
          malloc rdi=0x8 rsi=0x300021440 rdx=0x6 @step 309626
          malloc rdi=0x8 rsi=0x300001100 rdx=0x6 @step 309924
            free rdi=0x3000013d0 rsi=0x1 rdx=0x23 @step 310244
     __libc_free rdi=0x3000013d0 rsi=0x1 rdx=0x23 @step 310245
            free rdi=0x300001270 rsi=0xc rdx=0xc @step 310392
     __libc_free rdi=0x300001270 rsi=0xc rdx=0xc @step 310393
            free rdi=0x300021440 rsi=0xc rdx=0x400000c @step 310540
     __libc_free rdi=0x300021440 rsi=0xc rdx=0x400000c @step 310541
            free rdi=0x300021040 rsi=0x2000012c0 rdx=0x7ffef7e8 @step 310971
     __libc_free rdi=0x300021040 rsi=0x2000012c0 rdx=0x7ffef7e8 @step 310972
            free rdi=0x3000012b0 rsi=0xf rdx=0x0 @step 311186
     __libc_free rdi=0x3000012b0 rsi=0xf rdx=0x0 @step 311187
            free rdi=0x3000012c0 rsi=0xc rdx=0x400001c @step 311341
     __libc_free rdi=0x3000012c0 rsi=0xc rdx=0x400001c @step 311342
            free rdi=0x3000013a0 rsi=0xc rdx=0x400011c @step 311489
     __libc_free rdi=0x3000013a0 rsi=0xc rdx=0x400011c @step 311490
            free rdi=0x300001830 rsi=0xc rdx=0x400031c @step 311641
     __libc_free rdi=0x300001830 rsi=0xc rdx=0x400031c @step 311642
          malloc rdi=0x4 rsi=0x200001248 rdx=0x7ffefd40 @step 312096
          malloc rdi=0xc rsi=0x300001244 rdx=0x0 @step 312284
          malloc rdi=0xc rsi=0x3000010ec rdx=0x0 @step 312554
          malloc rdi=0x68 rsi=0x30000112c rdx=0x3 @step 312750
          malloc rdi=0x4 rsi=0x1 rdx=0x7ffefd40 @step 312978
          malloc rdi=0xc rsi=0x3000013f4 rdx=0x0 @step 313166
          malloc rdi=0xc rsi=0x30000114c rdx=0x0 @step 313348
          malloc rdi=0x68 rsi=0x3000011ec rdx=0x3 @step 313544
            free rdi=0x300021230 rsi=0x2 rdx=0x82 @step 313774
     __libc_free rdi=0x300021230 rsi=0x2 rdx=0x82 @step 313775
          malloc rdi=0xc rsi=0x300001770 rdx=0x300001fc0 @step 314565
          malloc rdi=0xc rsi=0x30000120c rdx=0x0 @step 314746
          malloc rdi=0x220 rsi=0x7ffef8c0 rdx=0x3 @step 314966
            mmap len=0x1000 -> 0x300022000 @step 315424
          malloc rdi=0x140 rsi=0x8 rdx=0x140 @step 315861
          malloc rdi=0x20 rsi=0x8 rdx=0x20 @step 316154
          malloc rdi=0xc rsi=0x300001c20 rdx=0x300001fc8 @step 316382
          malloc rdi=0xc rsi=0x30000108c rdx=0x0 @step 317697
          malloc rdi=0xc rsi=0x300001c90 rdx=0x300001fd0 @step 318086
          malloc rdi=0xc rsi=0x3000010ec rdx=0x0 @step 318264
          malloc rdi=0xc rsi=0x300001d00 rdx=0x300001fd8 @step 318678
          malloc rdi=0xc rsi=0x30000114c rdx=0x0 @step 318856
            free rdi=0x300001460 rsi=0xffffffffffffffff rdx=0x300001f00 @step 319278
     __libc_free rdi=0x300001460 rsi=0xffffffffffffffff rdx=0x300001f00 @step 319279
            free rdi=0x300001fc0 rsi=0x200001108 rdx=0x0 @step 319519
     __libc_free rdi=0x300001fc0 rsi=0x200001108 rdx=0x0 @step 319520
            free rdi=0x3000013e0 rsi=0x2c rdx=0x1d @step 319681
     __libc_free rdi=0x3000013e0 rsi=0x2c rdx=0x1d @step 319682
            free rdi=0x300001160 rsi=0x2000010b8 rdx=0x0 @step 319901
     __libc_free rdi=0x300001160 rsi=0x2000010b8 rdx=0x0 @step 319902
            free rdi=0x300001180 rsi=0x1c rdx=0x10 @step 320056
     __libc_free rdi=0x300001180 rsi=0x1c rdx=0x10 @step 320057
            free rdi=0x3000012e0 rsi=0x1c rdx=0x210 @step 320215
     __libc_free rdi=0x3000012e0 rsi=0x1c rdx=0x210 @step 320216
            free rdi=0x3000011a0 rsi=0xc rdx=0x8000000 @step 320370
     __libc_free rdi=0x3000011a0 rsi=0xc rdx=0x8000000 @step 320371
            free rdi=0x3000011c0 rsi=0x1c rdx=0x610 @step 320525
     __libc_free rdi=0x3000011c0 rsi=0x1c rdx=0x610 @step 320526
            free rdi=0x300001a20 rsi=0x1c rdx=0xe10 @step 320684
     __libc_free rdi=0x300001a20 rsi=0x1c rdx=0xe10 @step 320685
            free rdi=0x300001e40 rsi=0x200001270 rdx=0x0 @step 320930
     __libc_free rdi=0x300001e40 rsi=0x200001270 rdx=0x0 @step 320931
            free rdi=0x3000013a0 rsi=0x7ffef7d0 rdx=0x1 @step 321173
     __libc_free rdi=0x3000013a0 rsi=0x7ffef7d0 rdx=0x1 @step 321174
            free rdi=0x3000013d0 rsi=0xc rdx=0x8000800 @step 321321
     __libc_free rdi=0x3000013d0 rsi=0xc rdx=0x8000800 @step 321322
            free rdi=0x300022830 rsi=0x7ffef7d0 rdx=0x2 @step 321524
     __libc_free rdi=0x300022830 rsi=0x7ffef7d0 rdx=0x2 @step 321525
            free rdi=0x300022840 rsi=0x0 rdx=0x0 @step 321713
     __libc_free rdi=0x300022840 rsi=0x0 rdx=0x0 @step 321714
            free rdi=0x300022850 rsi=0x7ffef7d0 rdx=0x3 @step 321916
     __libc_free rdi=0x300022850 rsi=0x7ffef7d0 rdx=0x3 @step 321917
            free rdi=0x300022860 rsi=0xc rdx=0x3 @step 322064
     __libc_free rdi=0x300022860 rsi=0xc rdx=0x3 @step 322065
            free rdi=0x300022870 rsi=0x7ffef7d0 rdx=0x4 @step 322267
     __libc_free rdi=0x300022870 rsi=0x7ffef7d0 rdx=0x4 @step 322268
            free rdi=0x300022880 rsi=0xc rdx=0xf @step 322415
     __libc_free rdi=0x300022880 rsi=0xc rdx=0xf @step 322416
            free rdi=0x300022040 rsi=0x7ffef7d0 rdx=0x0 @step 323212
     __libc_free rdi=0x300022040 rsi=0x7ffef7d0 rdx=0x0 @step 323213
44b5b0: ax=0 bx=3000220d0 cx=1 dx=0 si=7ffefa98 di=7ffef7d0 bp=7ffef7d0 r8=0 r9=0 r10=0 r11=7ffef531 r12=2 r13=300001040 r14=7ffefa98 r15=7ffef8c0  | ⋈ push r:rbp
44b5b1: ax=0 bx=3000220d0 cx=1 dx=0 si=7ffefa98 di=7ffef7d0 bp=7ffef7d0 r8=0 r9=0 r10=0 r11=7ffef531 r12=2 r13=300001040 r14=7ffefa98 r15=7ffef8c0  | ⋈ push r:r15
44b5b3: ax=0 bx=3000220d0 cx=1 dx=0 si=7ffefa98 di=7ffef7d0 bp=7ffef7d0 r8=0 r9=0 r10=0 r11=7ffef531 r12=2 r13=300001040 r14=7ffefa98 r15=7ffef8c0  | ⋈ push r:r14
44b5b5: ax=0 bx=3000220d0 cx=1 dx=0 si=7ffefa98 di=7ffef7d0 bp=7ffef7d0 r8=0 r9=0 r10=0 r11=7ffef531 r12=2 r13=300001040 r14=7ffefa98 r15=7ffef8c0  | ⋈ push r:r13
44b5b7: ax=0 bx=3000220d0 cx=1 dx=0 si=7ffefa98 di=7ffef7d0 bp=7ffef7d0 r8=0 r9=0 r10=0 r11=7ffef531 r12=2 r13=300001040 r14=7ffefa98 r15=7ffef8c0  | ⋈ push r:r12
44b5b9: ax=0 bx=3000220d0 cx=1 dx=0 si=7ffefa98 di=7ffef7d0 bp=7ffef7d0 r8=0 r9=0 r10=0 r11=7ffef531 r12=2 r13=300001040 r14=7ffefa98 r15=7ffef8c0  | ⋈ push r:rbx
44b5ba: ax=0 bx=3000220d0 cx=1 dx=0 si=7ffefa98 di=7ffef7d0 bp=7ffef7d0 r8=0 r9=0 r10=0 r11=7ffef531 r12=2 r13=300001040 r14=7ffefa98 r15=7ffef8c0  | ⊞ sub r:rsp i:0x228
44b5c1: ax=0 bx=3000220d0 cx=1 dx=0 si=7ffefa98 di=7ffef7d0 bp=7ffef7d0 r8=0 r9=0 r10=0 r11=7ffef531 r12=2 r13=300001040 r14=7ffefa98 r15=7ffef8c0  | ⋈ mov r:r14 r:rsi
44b5c4: ax=0 bx=3000220d0 cx=1 dx=0 si=7ffefa98 di=7ffef7d0 bp=7ffef7d0 r8=0 r9=0 r10=0 r11=7ffef531 r12=2 r13=300001040 r14=7ffefa98 r15=7ffef8c0  | ⋈ mov m:rsp::1:0x168:8 r:rdi
44b5cc: ax=0 bx=3000220d0 cx=1 dx=0 si=7ffefa98 di=7ffef7d0 bp=7ffef7d0 r8=0 r9=0 r10=0 r11=7ffef531 r12=2 r13=300001040 r14=7ffefa98 r15=7ffef8c0  | ⋈ movabs r:rcx i:-0x8000000000000000
44b5d6: ax=0 bx=3000220d0 cx=8000000000000000 dx=0 si=7ffefa98 di=7ffef7d0 bp=7ffef7d0 r8=0 r9=0 r10=0 r11=7ffef531 r12=2 r13=300001040 r14=7ffefa98 r15=7ffef8c0  | ⋈ mov m:rsp::1:0x40:8 i:0x0
44b5df: ax=0 bx=3000220d0 cx=8000000000000000 dx=0 si=7ffefa98 di=7ffef7d0 bp=7ffef7d0 r8=0 r9=0 r10=0 r11=7ffef531 r12=2 r13=300001040 r14=7ffefa98 r15=7ffef8c0  | ⋈ mov m:rsp::1:0x48:8 i:0x8
44b5e8: ax=0 bx=3000220d0 cx=8000000000000000 dx=0 si=7ffefa98 di=7ffef7d0 bp=7ffef7d0 r8=0 r9=0 r10=0 r11=7ffef531 r12=2 r13=300001040 r14=7ffefa98 r15=7ffef8c0  | ⋈ mov m:rsp::1:0x50:8 i:0x0
44b5f1: ax=0 bx=3000220d0 cx=8000000000000000 dx=0 si=7ffefa98 di=7ffef7d0 bp=7ffef7d0 r8=0 r9=0 r10=0 r11=7ffef531 r12=2 r13=300001040 r14=7ffefa98 r15=7ffef8c0  | ⋈ mov m:rsp::1:0x120:8 i:0x0
44b5fd: ax=0 bx=3000220d0 cx=8000000000000000 dx=0 si=7ffefa98 di=7ffef7d0 bp=7ffef7d0 r8=0 r9=0 r10=0 r11=7ffef531 r12=2 r13=300001040 r14=7ffefa98 r15=7ffef8c0  | ⋈ mov m:rsp::1:0x130:8 i:0x0
44b609: ax=0 bx=3000220d0 cx=8000000000000000 dx=0 si=7ffefa98 di=7ffef7d0 bp=7ffef7d0 r8=0 r9=0 r10=0 r11=7ffef531 r12=2 r13=300001040 r14=7ffefa98 r15=7ffef8c0  | ⋈ mov r:rax m:rsi::1:0x40:8
44b60d: ax=4 bx=3000220d0 cx=8000000000000000 dx=0 si=7ffefa98 di=7ffef7d0 bp=7ffef7d0 r8=0 r9=0 r10=0 r11=7ffef531 r12=2 r13=300001040 r14=7ffefa98 r15=7ffef8c0  | ⊤ test r:rax r:rax
44b610: ax=4 bx=3000220d0 cx=8000000000000000 dx=0 si=7ffefa98 di=7ffef7d0 bp=7ffef7d0 r8=0 r9=0 r10=0 r11=7ffef531 r12=2 r13=300001040 r14=7ffefa98 r15=7ffef8c0  | ∈ e i:0x44b660
44b612: ax=4 bx=3000220d0 cx=8000000000000000 dx=0 si=7ffefa98 di=7ffef7d0 bp=7ffef7d0 r8=0 r9=0 r10=0 r11=7ffef531 r12=2 r13=300001040 r14=7ffefa98 r15=7ffef8c0  | ⋈ mov r:rbp m:r14::1:0x38:8
44b616: ax=4 bx=3000220d0 cx=8000000000000000 dx=0 si=7ffefa98 di=7ffef7d0 bp=300001830 r8=0 r9=0 r10=0 r11=7ffef531 r12=2 r13=300001040 r14=7ffefa98 r15=7ffef8c0  | ⊞ lea r:rax m:rax:rax:4:0x0:8
44b61a: ax=14 bx=3000220d0 cx=8000000000000000 dx=0 si=7ffefa98 di=7ffef7d0 bp=300001830 r8=0 r9=0 r10=0 r11=7ffef531 r12=2 r13=300001040 r14=7ffefa98 r15=7ffef8c0  | ⊞ shl r:rax i:0x4
44b61e: ax=140 bx=3000220d0 cx=8000000000000000 dx=0 si=7ffefa98 di=7ffef7d0 bp=300001830 r8=0 r9=0 r10=0 r11=7ffef531 r12=2 r13=300001040 r14=7ffefa98 r15=7ffef8c0  | ⊞ add r:rax r:rbp
44b621: ax=300001970 bx=3000220d0 cx=8000000000000000 dx=0 si=7ffefa98 di=7ffef7d0 bp=300001830 r8=0 r9=0 r10=0 r11=7ffef531 r12=2 r13=300001040 r14=7ffefa98 r15=7ffef8c0  | ⋈ mov m:rsp::1:0xe8:8 r:rax
44b629: ax=300001970 bx=3000220d0 cx=8000000000000000 dx=0 si=7ffefa98 di=7ffef7d0 bp=300001830 r8=0 r9=0 r10=0 r11=7ffef531 r12=2 r13=300001040 r14=7ffefa98 r15=7ffef8c0  | ⋈ mov r:rax m:r14::1:0x8:8
44b62d: ax=300001100 bx=3000220d0 cx=8000000000000000 dx=0 si=7ffefa98 di=7ffef7d0 bp=300001830 r8=0 r9=0 r10=0 r11=7ffef531 r12=2 r13=300001040 r14=7ffefa98 r15=7ffef8c0  | ⋈ mov m:rsp::1:0x160:8 r:r14
44b635: ax=300001100 bx=3000220d0 cx=8000000000000000 dx=0 si=7ffefa98 di=7ffef7d0 bp=300001830 r8=0 r9=0 r10=0 r11=7ffef531 r12=2 r13=300001040 r14=7ffefa98 r15=7ffef8c0  | ⋈ mov r:rdx m:r14::1:0x10:8
44b639: ax=300001100 bx=3000220d0 cx=8000000000000000 dx=6 si=7ffefa98 di=7ffef7d0 bp=300001830 r8=0 r9=0 r10=0 r11=7ffef531 r12=2 r13=300001040 r14=7ffefa98 r15=7ffef8c0  | ⋈ mov r:r14 r:rax
44b63c: ax=300001100 bx=3000220d0 cx=8000000000000000 dx=6 si=7ffefa98 di=7ffef7d0 bp=300001830 r8=0 r9=0 r10=0 r11=7ffef531 r12=2 r13=300001040 r14=300001100 r15=7ffef8c0  | ⋈ mov r:r12d i:0x8
          malloc rdi=0x18 rsi=0x3fffffffffffffff rdx=0x7ffffffffffffffc @step 326453
            free rdi=0x3000010c0 rsi=0x3fffffffffffffff rdx=0x0 @step 326720
     __libc_free rdi=0x3000010c0 rsi=0x3fffffffffffffff rdx=0x0 @step 326721
          malloc rdi=0x4 rsi=0x3fffffffffffffff rdx=0x22a4 @step 327019
          malloc rdi=0x4 rsi=0xb rdx=0xab @step 327180
          malloc rdi=0x8 rsi=0x3000013a0 rdx=0x1 @step 327402
          malloc rdi=0x8 rsi=0x469e68 rdx=0x1 @step 327639
          malloc rdi=0x20 rsi=0x20 rdx=0x7ffef328 @step 327932
          malloc rdi=0x100 rsi=0x100 rdx=0x1 @step 328157
            mmap len=0x1000 -> 0x300023000 @step 328781
            free rdi=0x300001f30 rsi=0x0 rdx=0x300023060 @step 330426
     __libc_free rdi=0x300001f30 rsi=0x0 rdx=0x300023060 @step 330427
            free rdi=0x3000013e0 rsi=0x2c rdx=0x21f @step 330581
     __libc_free rdi=0x3000013e0 rsi=0x2c rdx=0x21f @step 330582
            free rdi=0x3000013d0 rsi=0x0 rdx=0x0 @step 330783
     __libc_free rdi=0x3000013d0 rsi=0x0 rdx=0x0 @step 330784
            free rdi=0x3000013a0 rsi=0xc rdx=0x8000000 @step 330931
     __libc_free rdi=0x3000013a0 rsi=0xc rdx=0x8000000 @step 330932
          malloc rdi=0x4 rsi=0x300023064 rdx=0x0 @step 331151
            free rdi=0x3000012e0 rsi=0x17 rdx=0xb7 @step 331398
     __libc_free rdi=0x3000012e0 rsi=0x17 rdx=0xb7 @step 331399
            free rdi=0x300023060 rsi=0x0 rdx=0x0 @step 331595
     __libc_free rdi=0x300023060 rsi=0x0 rdx=0x0 @step 331596
          malloc rdi=0x4 rsi=0x3fffffffffffffff rdx=0x1000 @step 332284
          malloc rdi=0x8 rsi=0x3000013d0 rdx=0x1 @step 332506
          malloc rdi=0x8 rsi=0x469e68 rdx=0x1 @step 332743
          malloc rdi=0x20 rsi=0x20 rdx=0x7ffef328 @step 333124
          malloc rdi=0x100 rsi=0x100 rdx=0x1 @step 333349
            mmap len=0x1000 -> 0x300024000 @step 333973
            free rdi=0x300001f60 rsi=0x0 rdx=0x300024030 @step 335612
     __libc_free rdi=0x300001f60 rsi=0x0 rdx=0x300024030 @step 335613
            free rdi=0x3000012e0 rsi=0x2c rdx=0x25f @step 335767
     __libc_free rdi=0x3000012e0 rsi=0x2c rdx=0x25f @step 335768
            free rdi=0x3000013e0 rsi=0x0 rdx=0x0 @step 335969
     __libc_free rdi=0x3000013e0 rsi=0x0 rdx=0x0 @step 335970
            free rdi=0x3000013d0 rsi=0xc rdx=0x800 @step 336117
     __libc_free rdi=0x3000013d0 rsi=0xc rdx=0x800 @step 336118
          malloc rdi=0x4 rsi=0x300024034 rdx=0x0 @step 336354
            free rdi=0x3000013a0 rsi=0xb rdx=0xab @step 336601
     __libc_free rdi=0x3000013a0 rsi=0xb rdx=0xab @step 336602
            free rdi=0x300024030 rsi=0x0 rdx=0x0 @step 336798
     __libc_free rdi=0x300024030 rsi=0x0 rdx=0x0 @step 336799
          malloc rdi=0x4 rsi=0x3fffffffffffffff rdx=0x1000 @step 337487
          malloc rdi=0x4 rsi=0x3000013d4 rdx=0x0 @step 337776
            free rdi=0x3000012e0 rsi=0x1b rdx=0xbb @step 337935
     __libc_free rdi=0x3000012e0 rsi=0x1b rdx=0xbb @step 337936
            free rdi=0x3000013d0 rsi=0xc rdx=0x800000 @step 338091
     __libc_free rdi=0x3000013d0 rsi=0xc rdx=0x800000 @step 338092
          malloc rdi=0x4 rsi=0x3fffffffffffffff rdx=0x800800 @step 338268
            free rdi=0x3000012e0 rsi=0x3000012e0 rdx=0x4 @step 338579
     __libc_free rdi=0x3000012e0 rsi=0x3000012e0 rdx=0x4 @step 338580
            free rdi=0x3000013e0 rsi=0x0 rdx=0x0 @step 338776
     __libc_free rdi=0x3000013e0 rsi=0x0 rdx=0x0 @step 338777
          malloc rdi=0xc rsi=0xc rdx=0x800 @step 338954
          malloc rdi=0xc rsi=0x300001060 rdx=0x0 @step 339152
          malloc rdi=0x8 rsi=0x3000013a0 rdx=0x1 @step 339368
          malloc rdi=0x8 rsi=0x3000013d0 rdx=0x2 @step 339694
          calloc rdi=0x10 rsi=0x1 rdx=0x1 @step 339940
          malloc rdi=0x10 rsi=0x1 rdx=0x0 @step 339953
          malloc rdi=0x100 rsi=0x100 rdx=0x1 @step 340308
            mmap len=0x1000 -> 0x300025000 @step 340932
            free rdi=0x300001160 rsi=0x0 rdx=0x300025040 @step 342573
     __libc_free rdi=0x300001160 rsi=0x0 rdx=0x300025040 @step 342574
            free rdi=0x3000013e0 rsi=0x1c rdx=0x10 @step 342728
     __libc_free rdi=0x3000013e0 rsi=0x1c rdx=0x10 @step 342729
            free rdi=0x3000012e0 rsi=0x0 rdx=0x0 @step 342930
     __libc_free rdi=0x3000012e0 rsi=0x0 rdx=0x0 @step 342931
          malloc rdi=0x8 rsi=0x300025040 rdx=0x2 @step 343107
          malloc rdi=0x8 rsi=0x300001100 rdx=0x6 @step 343444
            free rdi=0x3000013e0 rsi=0x1 rdx=0x3000013e0 @step 343768
     __libc_free rdi=0x3000013e0 rsi=0x1 rdx=0x3000013e0 @step 343769
            free rdi=0x3000012e0 rsi=0x0 rdx=0x0 @step 343963
     __libc_free rdi=0x3000012e0 rsi=0x0 rdx=0x0 @step 343964
            free rdi=0x300025040 rsi=0xc rdx=0x8000000 @step 344121
     __libc_free rdi=0x300025040 rsi=0xc rdx=0x8000000 @step 344122
            free rdi=0x3000013d0 rsi=0x1000 rdx=0x1000 @step 344797
     __libc_free rdi=0x3000013d0 rsi=0x1000 rdx=0x1000 @step 344798
            free rdi=0x3000013a0 rsi=0xc rdx=0x8000800 @step 344945
     __libc_free rdi=0x3000013a0 rsi=0xc rdx=0x8000800 @step 344946
          malloc rdi=0x18 rsi=0x3fffffffffffffff rdx=0x7ffffffffffffffc @step 345126
            free rdi=0x300001180 rsi=0x3fffffffffffffff rdx=0x0 @step 345305
     __libc_free rdi=0x300001180 rsi=0x3fffffffffffffff rdx=0x0 @step 345306
          malloc rdi=0x4 rsi=0x3fffffffffffffff rdx=0x22a4 @step 345563
          malloc rdi=0x4 rsi=0xb rdx=0xab @step 345812
          malloc rdi=0x8 rsi=0x3000013a0 rdx=0x1 @step 346034
          malloc rdi=0x8 rsi=0x469e68 rdx=0x1 @step 346271
          malloc rdi=0x20 rsi=0x20 rdx=0x7ffef328 @step 346564
          malloc rdi=0x100 rsi=0x100 rdx=0x1 @step 346789
            mmap len=0x1000 -> 0x300026000 @step 347413
            free rdi=0x300001f90 rsi=0x0 rdx=0x300026050 @step 349058
     __libc_free rdi=0x300001f90 rsi=0x0 rdx=0x300026050 @step 349059
            free rdi=0x3000013e0 rsi=0x2c rdx=0x2df @step 349213
     __libc_free rdi=0x3000013e0 rsi=0x2c rdx=0x2df @step 349214
            free rdi=0x3000013d0 rsi=0x0 rdx=0x0 @step 349415
     __libc_free rdi=0x3000013d0 rsi=0x0 rdx=0x0 @step 349416
            free rdi=0x3000013a0 rsi=0xc rdx=0x8000000 @step 349563
     __libc_free rdi=0x3000013a0 rsi=0xc rdx=0x8000000 @step 349564
          malloc rdi=0x4 rsi=0x300026054 rdx=0x0 @step 349783
            free rdi=0x3000012e0 rsi=0x17 rdx=0xb7 @step 350030
     __libc_free rdi=0x3000012e0 rsi=0x17 rdx=0xb7 @step 350031
            free rdi=0x300026050 rsi=0x0 rdx=0x0 @step 350227
     __libc_free rdi=0x300026050 rsi=0x0 rdx=0x0 @step 350228
          malloc rdi=0x4 rsi=0x3fffffffffffffff rdx=0x1000 @step 350916
          malloc rdi=0x8 rsi=0x3000013d0 rdx=0x1 @step 351138
          malloc rdi=0x8 rsi=0x469e68 rdx=0x1 @step 351375
          malloc rdi=0x20 rsi=0x20 rdx=0x7ffef328 @step 351756
          malloc rdi=0x100 rsi=0x100 rdx=0x1 @step 352069
            mmap len=0x1000 -> 0x300027000 @step 352693
            free rdi=0x300001e10 rsi=0x0 rdx=0x300027060 @step 354338
     __libc_free rdi=0x300001e10 rsi=0x0 rdx=0x300027060 @step 354339
            free rdi=0x3000012e0 rsi=0x2 rdx=0x0 @step 354534
     __libc_free rdi=0x3000012e0 rsi=0x2 rdx=0x0 @step 354535
            free rdi=0x3000013e0 rsi=0x0 rdx=0x0 @step 354736
     __libc_free rdi=0x3000013e0 rsi=0x0 rdx=0x0 @step 354737
            free rdi=0x3000013d0 rsi=0xc rdx=0x800 @step 354884
     __libc_free rdi=0x3000013d0 rsi=0xc rdx=0x800 @step 354885
          malloc rdi=0x4 rsi=0x300027064 rdx=0x0 @step 355121
            free rdi=0x3000013a0 rsi=0xb rdx=0xab @step 355368
     __libc_free rdi=0x3000013a0 rsi=0xb rdx=0xab @step 355369
            free rdi=0x300027060 rsi=0x0 rdx=0x0 @step 355565
     __libc_free rdi=0x300027060 rsi=0x0 rdx=0x0 @step 355566
          malloc rdi=0x4 rsi=0x3fffffffffffffff rdx=0x1000 @step 356254
          malloc rdi=0x8 rsi=0x3000013d0 rdx=0x1 @step 356476
          malloc rdi=0x8 rsi=0x469e68 rdx=0x1 @step 356713
          malloc rdi=0x20 rsi=0x20 rdx=0x7ffef328 @step 357094
          malloc rdi=0x100 rsi=0x100 rdx=0x1 @step 357319
            mmap len=0x1000 -> 0x300028000 @step 357943
            free rdi=0x300001e40 rsi=0x0 rdx=0x300028030 @step 359582
     __libc_free rdi=0x300001e40 rsi=0x0 rdx=0x300028030 @step 359583
            free rdi=0x3000013a0 rsi=0x2c rdx=0x1 @step 359737
     __libc_free rdi=0x3000013a0 rsi=0x2c rdx=0x1 @step 359738
            free rdi=0x3000013e0 rsi=0x0 rdx=0x0 @step 359939
     __libc_free rdi=0x3000013e0 rsi=0x0 rdx=0x0 @step 359940
            free rdi=0x3000013d0 rsi=0xc rdx=0x800000 @step 360087
     __libc_free rdi=0x3000013d0 rsi=0xc rdx=0x800000 @step 360088
          malloc rdi=0x8 rsi=0x300028030 rdx=0x1 @step 360311
          malloc rdi=0x8 rsi=0x469e68 rdx=0x1 @step 360636
          malloc rdi=0x20 rsi=0x20 rdx=0x7ffef328 @step 360929
          malloc rdi=0x100 rsi=0x100 rdx=0x1 @step 361154
            free rdi=0x300001e70 rsi=0x1 rdx=0x300028170 @step 362480
     __libc_free rdi=0x300001e70 rsi=0x1 rdx=0x300028170 @step 362481
            free rdi=0x3000013d0 rsi=0x2c rdx=0x3 @step 362635
     __libc_free rdi=0x3000013d0 rsi=0x2c rdx=0x3 @step 362636
            free rdi=0x3000013a0 rsi=0x0 rdx=0x0 @step 362831
     __libc_free rdi=0x3000013a0 rsi=0x0 rdx=0x0 @step 362832
            free rdi=0x300028030 rsi=0xc rdx=0x4000000 @step 362979
     __libc_free rdi=0x300028030 rsi=0xc rdx=0x4000000 @step 362980
          malloc rdi=0x4 rsi=0x2 rdx=0x7ffffffffffffffc @step 363216
            free rdi=0x3000012e0 rsi=0x300028178 rdx=0x0 @step 363408
     __libc_free rdi=0x3000012e0 rsi=0x300028178 rdx=0x0 @step 363409
            free rdi=0x300028170 rsi=0xc rdx=0x4800000 @step 363564
     __libc_free rdi=0x300028170 rsi=0xc rdx=0x4800000 @step 363565
          malloc rdi=0x4 rsi=0x3fffffffffffffff rdx=0x1000 @step 364263
            free rdi=0x3000012e0 rsi=0x3000012e0 rdx=0x4 @step 364574
     __libc_free rdi=0x3000012e0 rsi=0x3000012e0 rdx=0x4 @step 364575
            free rdi=0x3000013e0 rsi=0x0 rdx=0x0 @step 364771
     __libc_free rdi=0x3000013e0 rsi=0x0 rdx=0x0 @step 364772
          malloc rdi=0xc rsi=0xc rdx=0x800 @step 364949
          malloc rdi=0xc rsi=0x3000010a0 rdx=0x0 @step 365139
          malloc rdi=0x8 rsi=0x3000013a0 rdx=0x3 @step 365350
          malloc rdi=0x8 rsi=0x3000013d0 rdx=0x3 @step 365700
          calloc rdi=0x10 rsi=0x1 rdx=0x1 @step 365958
          malloc rdi=0x10 rsi=0x1 rdx=0x0 @step 365971
          malloc rdi=0x100 rsi=0x100 rdx=0x1 @step 366326
            mmap len=0x1000 -> 0x300029000 @step 366950
            free rdi=0x3000011a0 rsi=0x0 rdx=0x300029040 @step 368567
     __libc_free rdi=0x3000011a0 rsi=0x0 rdx=0x300029040 @step 368568
            free rdi=0x3000013e0 rsi=0x1c rdx=0x610 @step 368722
     __libc_free rdi=0x3000013e0 rsi=0x1c rdx=0x610 @step 368723
            free rdi=0x3000012e0 rsi=0x0 rdx=0x0 @step 368924
     __libc_free rdi=0x3000012e0 rsi=0x0 rdx=0x0 @step 368925
          malloc rdi=0x8 rsi=0x300029040 rdx=0x6 @step 369101
          malloc rdi=0x8 rsi=0x300001100 rdx=0x6 @step 369487
            free rdi=0x3000013e0 rsi=0x1 rdx=0x3000013e0 @step 369812
     __libc_free rdi=0x3000013e0 rsi=0x1 rdx=0x3000013e0 @step 369813
            free rdi=0x3000012e0 rsi=0x0 rdx=0x0 @step 370007
     __libc_free rdi=0x3000012e0 rsi=0x0 rdx=0x0 @step 370008
          malloc rdi=0xc rsi=0xc rdx=0x8000000 @step 370165
          malloc rdi=0xc rsi=0x3000013ac rdx=0x0 @step 370421
          malloc rdi=0x220 rsi=0x7ffef570 rdx=0x3 @step 370635
          malloc rdi=0xc0 rsi=0x8 rdx=0xc0 @step 371271
            free rdi=0x300029040 rsi=0x0 rdx=0xa0 @step 371850
     __libc_free rdi=0x300029040 rsi=0x0 rdx=0xa0 @step 371851
          malloc rdi=0x18 rsi=0x3fffffffffffffff rdx=0x7ffffffffffffffc @step 372435
            free rdi=0x3000011c0 rsi=0x3fffffffffffffff rdx=0x0 @step 372614
     __libc_free rdi=0x3000011c0 rsi=0x3fffffffffffffff rdx=0x0 @step 372615
          malloc rdi=0x4 rsi=0x3fffffffffffffff rdx=0x22a4 @step 372872
          malloc rdi=0x4 rsi=0x0 rdx=0xa0 @step 373587
          malloc rdi=0x8 rsi=0x300001a30 rdx=0x1 @step 373806
          malloc rdi=0x8 rsi=0x469e68 rdx=0x1 @step 374040
          malloc rdi=0x20 rsi=0x20 rdx=0x7ffef328 @step 374330
          malloc rdi=0x100 rsi=0x100 rdx=0x1 @step 374555
            free rdi=0x300001ea0 rsi=0x0 rdx=0x300029050 @step 376599
     __libc_free rdi=0x300001ea0 rsi=0x0 rdx=0x300029050 @step 376600
            free rdi=0x300001a50 rsi=0x2c rdx=0x7 @step 376754
     __libc_free rdi=0x300001a50 rsi=0x2c rdx=0x7 @step 376755
            free rdi=0x300001a40 rsi=0x0 rdx=0x0 @step 376950
     __libc_free rdi=0x300001a40 rsi=0x0 rdx=0x0 @step 376951
            free rdi=0x300001a30 rsi=0xc rdx=0x8 @step 377098
     __libc_free rdi=0x300001a30 rsi=0xc rdx=0x8 @step 377099
          malloc rdi=0x4 rsi=0x300029054 rdx=0x0 @step 377318
            free rdi=0x300001a20 rsi=0x4 rdx=0xa4 @step 377474
     __libc_free rdi=0x300001a20 rsi=0x4 rdx=0xa4 @step 377475
            free rdi=0x300029050 rsi=0xc rdx=0xe @step 377630
     __libc_free rdi=0x300029050 rsi=0xc rdx=0xe @step 377631
          malloc rdi=0x4 rsi=0x3fffffffffffffff rdx=0x0 @step 378197
          malloc rdi=0x8 rsi=0x300001a70 rdx=0x1 @step 378436
          malloc rdi=0x8 rsi=0x469e68 rdx=0x1 @step 378670
          malloc rdi=0x20 rsi=0x20 rdx=0x7ffef328 @step 378960
          malloc rdi=0x100 rsi=0x100 rdx=0x1 @step 379185
            free rdi=0x300001ed0 rsi=0x0 rdx=0x300029060 @step 381233
     __libc_free rdi=0x300001ed0 rsi=0x0 rdx=0x300029060 @step 381234
            free rdi=0x300001a90 rsi=0x2c rdx=0xf @step 381388
     __libc_free rdi=0x300001a90 rsi=0x2c rdx=0xf @step 381389
            free rdi=0x300001a80 rsi=0xc rdx=0xf @step 381543
     __libc_free rdi=0x300001a80 rsi=0xc rdx=0xf @step 381544
            free rdi=0x300001a70 rsi=0xc rdx=0x8f @step 381691
     __libc_free rdi=0x300001a70 rsi=0xc rdx=0x8f @step 381692
          malloc rdi=0x4 rsi=0x300029064 rdx=0x0 @step 381911
            free rdi=0x300001a60 rsi=0x8 rdx=0xa8 @step 382067
     __libc_free rdi=0x300001a60 rsi=0x8 rdx=0xa8 @step 382068
            free rdi=0x300029060 rsi=0xc rdx=0xef @step 382223
     __libc_free rdi=0x300029060 rsi=0xc rdx=0xef @step 382224
          malloc rdi=0x4 rsi=0x3fffffffffffffff rdx=0x0 @step 382790
          malloc rdi=0x4 rsi=0x300001ab4 rdx=0x0 @step 383079
            free rdi=0x300001aa0 rsi=0xa rdx=0xaa @step 383235
     __libc_free rdi=0x300001aa0 rsi=0xa rdx=0xaa @step 383236
            free rdi=0x300001ab0 rsi=0xc rdx=0xff @step 383391
     __libc_free rdi=0x300001ab0 rsi=0xc rdx=0xff @step 383392
          malloc rdi=0x4 rsi=0x3fffffffffffffff rdx=0x1ff @step 383568
            free rdi=0x300001ad0 rsi=0x300001ad0 rdx=0x4 @step 383788
     __libc_free rdi=0x300001ad0 rsi=0x300001ad0 rdx=0x4 @step 383789
            free rdi=0x300001ac0 rsi=0xc rdx=0x3ff @step 383944
     __libc_free rdi=0x300001ac0 rsi=0xc rdx=0x3ff @step 383945
          malloc rdi=0xc rsi=0x2000011d0 rdx=0x0 @step 384346
          malloc rdi=0xc rsi=0x300001120 rdx=0x0 @step 385066
          malloc rdi=0x8 rsi=0x300001a20 rdx=0x2 @step 385287
          malloc rdi=0x8 rsi=0x300001a30 rdx=0x1 @step 385537
          calloc rdi=0x10 rsi=0x1 rdx=0x1 @step 385771
          malloc rdi=0x10 rsi=0x1 rdx=0x0 @step 385784
          malloc rdi=0x100 rsi=0x100 rdx=0x1 @step 386227
            free rdi=0x3000010c0 rsi=0x0 rdx=0x300029030 @step 388280
     __libc_free rdi=0x3000010c0 rsi=0x0 rdx=0x300029030 @step 388281
            free rdi=0x300001a50 rsi=0x1 rdx=0x0 @step 388476
     __libc_free rdi=0x300001a50 rsi=0x1 rdx=0x0 @step 388477
            free rdi=0x300001a40 rsi=0x0 rdx=0x0 @step 388672
     __libc_free rdi=0x300001a40 rsi=0x0 rdx=0x0 @step 388673
          malloc rdi=0x8 rsi=0x300029030 rdx=0x2 @step 388849
          malloc rdi=0x8 rsi=0x300001100 rdx=0x6 @step 389098
            free rdi=0x300001a70 rsi=0x1 rdx=0x300001a70 @step 389422
     __libc_free rdi=0x300001a70 rsi=0x1 rdx=0x300001a70 @step 389423
            free rdi=0x300001a60 rsi=0xc rdx=0xc @step 389570
     __libc_free rdi=0x300001a60 rsi=0xc rdx=0xc @step 389571
            free rdi=0x300029030 rsi=0xc rdx=0x2c @step 389728
     __libc_free rdi=0x300029030 rsi=0xc rdx=0x2c @step 389729
            free rdi=0x300001a30 rsi=0x2000012e8 rdx=0x0 @step 390282
     __libc_free rdi=0x300001a30 rsi=0x2000012e8 rdx=0x0 @step 390283
            free rdi=0x300001a20 rsi=0xc rdx=0x3c @step 390430
     __libc_free rdi=0x300001a20 rsi=0xc rdx=0x3c @step 390431
          malloc rdi=0x18 rsi=0x3fffffffffffffff rdx=0x7ffffffffffffffc @step 390835
            free rdi=0x300001160 rsi=0x3fffffffffffffff rdx=0x0 @step 391014
     __libc_free rdi=0x300001160 rsi=0x3fffffffffffffff rdx=0x0 @step 391015
          malloc rdi=0x4 rsi=0x3fffffffffffffff rdx=0x22a4 @step 391272
          malloc rdi=0x4 rsi=0x0 rdx=0xa0 @step 391959
          malloc rdi=0x8 rsi=0x300001a30 rdx=0x1 @step 392181
          malloc rdi=0x8 rsi=0x469e68 rdx=0x1 @step 392418
          malloc rdi=0x20 rsi=0x20 rdx=0x7ffef328 @step 392711
          malloc rdi=0x100 rsi=0x100 rdx=0x1 @step 392936
            free rdi=0x300001f30 rsi=0x0 rdx=0x300029040 @step 394984
     __libc_free rdi=0x300001f30 rsi=0x0 rdx=0x300029040 @step 394985
            free rdi=0x300001a50 rsi=0x2c rdx=0x1f @step 395139
     __libc_free rdi=0x300001a50 rsi=0x2c rdx=0x1f @step 395140
            free rdi=0x300001a40 rsi=0x0 rdx=0x0 @step 395335
     __libc_free rdi=0x300001a40 rsi=0x0 rdx=0x0 @step 395336
            free rdi=0x300001a30 rsi=0xc rdx=0x8 @step 395483
     __libc_free rdi=0x300001a30 rsi=0xc rdx=0x8 @step 395484
          malloc rdi=0x4 rsi=0x300029044 rdx=0x0 @step 395703
            free rdi=0x300001a20 rsi=0x4 rdx=0xa4 @step 395862
     __libc_free rdi=0x300001a20 rsi=0x4 rdx=0xa4 @step 395863
            free rdi=0x300029040 rsi=0xc rdx=0xe @step 396018
     __libc_free rdi=0x300029040 rsi=0xc rdx=0xe @step 396019
          malloc rdi=0x4 rsi=0x3fffffffffffffff rdx=0x0 @step 396585
          malloc rdi=0x8 rsi=0x300001a70 rdx=0x1 @step 396827
          malloc rdi=0x8 rsi=0x469e68 rdx=0x1 @step 397064
          malloc rdi=0x20 rsi=0x20 rdx=0x7ffef328 @step 397357
          malloc rdi=0x100 rsi=0x100 rdx=0x1 @step 397582
            free rdi=0x300001f60 rsi=0x0 rdx=0x300029050 @step 399630
     __libc_free rdi=0x300001f60 rsi=0x0 rdx=0x300029050 @step 399631
            free rdi=0x300001a90 rsi=0x2c rdx=0x5f @step 399785
     __libc_free rdi=0x300001a90 rsi=0x2c rdx=0x5f @step 399786
            free rdi=0x300001a80 rsi=0xc rdx=0xf @step 399940
     __libc_free rdi=0x300001a80 rsi=0xc rdx=0xf @step 399941
            free rdi=0x300001a70 rsi=0xc rdx=0x8f @step 400088
     __libc_free rdi=0x300001a70 rsi=0xc rdx=0x8f @step 400089
          malloc rdi=0x4 rsi=0x300029054 rdx=0x0 @step 400308
            free rdi=0x300001a60 rsi=0x8 rdx=0xa8 @step 400467
     __libc_free rdi=0x300001a60 rsi=0x8 rdx=0xa8 @step 400468
            free rdi=0x300029050 rsi=0xc rdx=0xef @step 400623
     __libc_free rdi=0x300029050 rsi=0xc rdx=0xef @step 400624
          malloc rdi=0x4 rsi=0x3fffffffffffffff rdx=0x0 @step 401190
          malloc rdi=0x8 rsi=0x300001ab0 rdx=0x1 @step 401412
          malloc rdi=0x8 rsi=0x469e68 rdx=0x1 @step 401649
          malloc rdi=0x20 rsi=0x20 rdx=0x7ffef328 @step 401942
          malloc rdi=0x100 rsi=0x100 rdx=0x1 @step 402167
            free rdi=0x300001f90 rsi=0x0 rdx=0x300029060 @step 404215
     __libc_free rdi=0x300001f90 rsi=0x0 rdx=0x300029060 @step 404216
            free rdi=0x300001ad0 rsi=0x2c rdx=0xdf @step 404370
     __libc_free rdi=0x300001ad0 rsi=0x2c rdx=0xdf @step 404371
            free rdi=0x300001ac0 rsi=0xc rdx=0xff @step 404525
     __libc_free rdi=0x300001ac0 rsi=0xc rdx=0xff @step 404526
            free rdi=0x300001ab0 rsi=0xc rdx=0x8ff @step 404673
     __libc_free rdi=0x300001ab0 rsi=0xc rdx=0x8ff @step 404674
          malloc rdi=0x8 rsi=0x300029060 rdx=0x1 @step 404900
          malloc rdi=0x8 rsi=0x469e68 rdx=0x1 @step 405134
          malloc rdi=0x20 rsi=0x20 rdx=0x7ffef328 @step 405424
          malloc rdi=0x100 rsi=0x100 rdx=0x1 @step 405649
            free rdi=0x300001fc0 rsi=0x1 rdx=0x300029180 @step 406981
     __libc_free rdi=0x300001fc0 rsi=0x1 rdx=0x300029180 @step 406982
            free rdi=0x300001af0 rsi=0x2c rdx=0x1df @step 407136
     __libc_free rdi=0x300001af0 rsi=0x2c rdx=0x1df @step 407137
            free rdi=0x300001ae0 rsi=0xc rdx=0xeff @step 407291
     __libc_free rdi=0x300001ae0 rsi=0xc rdx=0xeff @step 407292
            free rdi=0x300029060 rsi=0xc rdx=0x2eff @step 407439
     __libc_free rdi=0x300029060 rsi=0xc rdx=0x2eff @step 407440
          malloc rdi=0x4 rsi=0x2 rdx=0x7ffffffffffffffc @step 407676
            free rdi=0x300001aa0 rsi=0x300029188 rdx=0x0 @step 407865
     __libc_free rdi=0x300001aa0 rsi=0x300029188 rdx=0x0 @step 407866
            free rdi=0x300029180 rsi=0xc rdx=0x3eff @step 408021
     __libc_free rdi=0x300029180 rsi=0xc rdx=0x3eff @step 408022
          malloc rdi=0x4 rsi=0x3fffffffffffffff rdx=0x0 @step 408598
            free rdi=0x300001b10 rsi=0x300001b10 rdx=0x4 @step 408818
     __libc_free rdi=0x300001b10 rsi=0x300001b10 rdx=0x4 @step 408819
            free rdi=0x300001b00 rsi=0xc rdx=0x3fff @step 408974
     __libc_free rdi=0x300001b00 rsi=0xc rdx=0x3fff @step 408975
          malloc rdi=0xc rsi=0x2000011d0 rdx=0x0 @step 409376
          malloc rdi=0xc rsi=0x3000011e0 rdx=0x0 @step 410092
          malloc rdi=0x8 rsi=0x300001a20 rdx=0x3 @step 410303
          malloc rdi=0x8 rsi=0x300001a30 rdx=0x3 @step 410565
          calloc rdi=0x10 rsi=0x1 rdx=0x1 @step 410823
          malloc rdi=0x10 rsi=0x1 rdx=0x0 @step 410836
          malloc rdi=0x100 rsi=0x100 rdx=0x1 @step 411191
            free rdi=0x300001180 rsi=0x0 rdx=0x300029030 @step 413220
     __libc_free rdi=0x300001180 rsi=0x0 rdx=0x300029030 @step 413221
            free rdi=0x300001a50 rsi=0x1c rdx=0x210 @step 413375
     __libc_free rdi=0x300001a50 rsi=0x1c rdx=0x210 @step 413376
            free rdi=0x300001a40 rsi=0x0 rdx=0x0 @step 413571
     __libc_free rdi=0x300001a40 rsi=0x0 rdx=0x0 @step 413572
          malloc rdi=0x8 rsi=0x300029030 rdx=0x6 @step 413748
          malloc rdi=0x8 rsi=0x300001100 rdx=0x6 @step 414046
            free rdi=0x300001a70 rsi=0x1 rdx=0x300001a70 @step 414371
     __libc_free rdi=0x300001a70 rsi=0x1 rdx=0x300001a70 @step 414372
            free rdi=0x300001a60 rsi=0xc rdx=0xc @step 414519
     __libc_free rdi=0x300001a60 rsi=0xc rdx=0xc @step 414520
          malloc rdi=0xc rsi=0xc rdx=0x2c @step 414677
          malloc rdi=0xc rsi=0x300001a2c rdx=0x0 @step 414845
            free rdi=0x300029030 rsi=0xffffffffffffffff rdx=0x3 @step 415171
     __libc_free rdi=0x300029030 rsi=0xffffffffffffffff rdx=0x3 @step 415172
            free rdi=0x3000012e0 rsi=0x7ffef570 rdx=0x1 @step 415815
     __libc_free rdi=0x3000012e0 rsi=0x7ffef570 rdx=0x1 @step 415816
            free rdi=0x3000013e0 rsi=0x2000010b8 rdx=0x0 @step 416028
     __libc_free rdi=0x3000013e0 rsi=0x2000010b8 rdx=0x0 @step 416029
            free rdi=0x300001a80 rsi=0x7ffef570 rdx=0x2 @step 416231
     __libc_free rdi=0x300001a80 rsi=0x7ffef570 rdx=0x2 @step 416232
            free rdi=0x300001a90 rsi=0xc rdx=0x3c @step 416379
     __libc_free rdi=0x300001a90 rsi=0xc rdx=0x3c @step 416380
            free rdi=0x300029820 rsi=0x7ffef570 rdx=0x7c @step 416552
     __libc_free rdi=0x300029820 rsi=0x7ffef570 rdx=0x7c @step 416553
          malloc rdi=0x10 rsi=0x4 rdx=0x10 @step 417167
          malloc rdi=0x8 rsi=0x3000013a0 rdx=0x3 @step 417370
          malloc rdi=0x8 rsi=0x3000011a0 rdx=0x1 @step 417631
            free rdi=0x300001ab0 rsi=0x1 rdx=0x300001ab0 @step 417894
     __libc_free rdi=0x300001ab0 rsi=0x1 rdx=0x300001ab0 @step 417895
            free rdi=0x300001aa0 rsi=0xc rdx=0xfc @step 418042
     __libc_free rdi=0x300001aa0 rsi=0xc rdx=0xfc @step 418043
          malloc rdi=0x8 rsi=0x3000013d0 rdx=0x3 @step 418228
          malloc rdi=0x8 rsi=0x3000011a0 rdx=0x1 @step 418489
            free rdi=0x300001ad0 rsi=0x1 rdx=0x300001ad0 @step 418752
     __libc_free rdi=0x300001ad0 rsi=0x1 rdx=0x300001ad0 @step 418753
            free rdi=0x300001ac0 rsi=0xc rdx=0x3fc @step 418900
     __libc_free rdi=0x300001ac0 rsi=0xc rdx=0x3fc @step 418901
          malloc rdi=0x8 rsi=0x3000013a0 rdx=0x3 @step 419087
          malloc rdi=0x8 rsi=0x3000013d0 rdx=0x3 @step 419349
          calloc rdi=0x10 rsi=0x1 rdx=0x1 @step 419607
          malloc rdi=0x10 rsi=0x1 rdx=0x0 @step 419620
          malloc rdi=0x100 rsi=0x100 rdx=0x1 @step 419975
            mmap len=0x1000 -> 0x30002a000 @step 420599
            free rdi=0x3000011c0 rsi=0x0 rdx=0x30002a050 @step 422216
     __libc_free rdi=0x3000011c0 rsi=0x0 rdx=0x30002a050 @step 422217
            free rdi=0x300001af0 rsi=0x1c rdx=0x610 @step 422371
     __libc_free rdi=0x300001af0 rsi=0x1c rdx=0x610 @step 422372
            free rdi=0x300001ae0 rsi=0xc rdx=0xffc @step 422526
     __libc_free rdi=0x300001ae0 rsi=0xc rdx=0xffc @step 422527
          malloc rdi=0x8 rsi=0x30002a050 rdx=0x6 @step 422703
          malloc rdi=0x8 rsi=0x300001100 rdx=0x6 @step 423001
            free rdi=0x300001b10 rsi=0x1 rdx=0x300001b10 @step 423326
     __libc_free rdi=0x300001b10 rsi=0x1 rdx=0x300001b10 @step 423327
            free rdi=0x300001b00 rsi=0xc rdx=0x3ffc @step 423474
     __libc_free rdi=0x300001b00 rsi=0xc rdx=0x3ffc @step 423475
            free rdi=0x3000011a0 rsi=0xc rdx=0xbffc @step 423631
     __libc_free rdi=0x3000011a0 rsi=0xc rdx=0xbffc @step 423632
            free rdi=0x30002a050 rsi=0x1c rdx=0x1610 @step 423788
     __libc_free rdi=0x30002a050 rsi=0x1c rdx=0x1610 @step 423789
          malloc rdi=0x8 rsi=0x3000013a0 rdx=0x3 @step 424503
          malloc rdi=0x8 rsi=0x3000013d0 rdx=0x3 @step 424761
            free rdi=0x300001b30 rsi=0x1 rdx=0x300001b30 @step 425045
     __libc_free rdi=0x300001b30 rsi=0x1 rdx=0x300001b30 @step 425046
            free rdi=0x300001b20 rsi=0xc rdx=0xfffc @step 425193
     __libc_free rdi=0x300001b20 rsi=0xc rdx=0xfffc @step 425194
          malloc rdi=0x10 rsi=0x4 rdx=0x10 @step 425485
          malloc rdi=0x8 rsi=0x300001a20 rdx=0x3 @step 425776
          malloc rdi=0x8 rsi=0x3000010c0 rdx=0x1 @step 426034
            free rdi=0x300001b50 rsi=0x1 rdx=0x300001b50 @step 426294
     __libc_free rdi=0x300001b50 rsi=0x1 rdx=0x300001b50 @step 426295
            free rdi=0x300001b40 rsi=0xc rdx=0x3fffc @step 426442
     __libc_free rdi=0x300001b40 rsi=0xc rdx=0x3fffc @step 426443
          malloc rdi=0x8 rsi=0x300001a30 rdx=0x3 @step 426628
          malloc rdi=0x8 rsi=0x3000010c0 rdx=0x1 @step 426886
            free rdi=0x300001b70 rsi=0x1 rdx=0x300001b70 @step 427146
     __libc_free rdi=0x300001b70 rsi=0x1 rdx=0x300001b70 @step 427147
            free rdi=0x300001b60 rsi=0xc rdx=0xffffc @step 427294
     __libc_free rdi=0x300001b60 rsi=0xc rdx=0xffffc @step 427295
          malloc rdi=0x8 rsi=0x300001a20 rdx=0x3 @step 427481
          malloc rdi=0x8 rsi=0x300001a30 rdx=0x3 @step 427740
          calloc rdi=0x10 rsi=0x1 rdx=0x1 @step 427995
          malloc rdi=0x10 rsi=0x1 rdx=0x0 @step 428008
          malloc rdi=0x100 rsi=0x100 rdx=0x1 @step 428363
            mmap len=0x1000 -> 0x30002b000 @step 428987
            free rdi=0x300001160 rsi=0x0 rdx=0x30002b060 @step 430604
     __libc_free rdi=0x300001160 rsi=0x0 rdx=0x30002b060 @step 430605
            free rdi=0x300001b90 rsi=0x1 rdx=0x0 @step 430800
     __libc_free rdi=0x300001b90 rsi=0x1 rdx=0x0 @step 430801
            free rdi=0x300001b80 rsi=0xc rdx=0x3ffffc @step 430955
     __libc_free rdi=0x300001b80 rsi=0xc rdx=0x3ffffc @step 430956
          malloc rdi=0x8 rsi=0x30002b060 rdx=0x6 @step 431132
          malloc rdi=0x8 rsi=0x300001100 rdx=0x6 @step 431427
            free rdi=0x300001bb0 rsi=0x1 rdx=0x300001bb0 @step 431749
     __libc_free rdi=0x300001bb0 rsi=0x1 rdx=0x300001bb0 @step 431750
            free rdi=0x300001ba0 rsi=0xc rdx=0xfffffc @step 431897
     __libc_free rdi=0x300001ba0 rsi=0xc rdx=0xfffffc @step 431898
            free rdi=0x3000010c0 rsi=0xc rdx=0x2fffffc @step 432054
     __libc_free rdi=0x3000010c0 rsi=0xc rdx=0x2fffffc @step 432055
            free rdi=0x30002b060 rsi=0x1c rdx=0x200 @step 432211
     __libc_free rdi=0x30002b060 rsi=0x1c rdx=0x200 @step 432212
          malloc rdi=0x8 rsi=0x300001a20 rdx=0x3 @step 432926
          malloc rdi=0x8 rsi=0x300001a30 rdx=0x3 @step 433184
            free rdi=0x300001bd0 rsi=0x1 rdx=0x300001bd0 @step 433468
     __libc_free rdi=0x300001bd0 rsi=0x1 rdx=0x300001bd0 @step 433469
            free rdi=0x300001bc0 rsi=0xc rdx=0x3fffffc @step 433616
     __libc_free rdi=0x300001bc0 rsi=0xc rdx=0x3fffffc @step 433617
          malloc rdi=0x8 rsi=0x3000013a0 rdx=0x3 @step 433837
          malloc rdi=0x8 rsi=0x300001a30 rdx=0x3 @step 434095
            free rdi=0x300001bf0 rsi=0x1 rdx=0x300001bf0 @step 434380
     __libc_free rdi=0x300001bf0 rsi=0x1 rdx=0x300001bf0 @step 434381
            free rdi=0x300001be0 rsi=0xc rdx=0xffffffc @step 434528
     __libc_free rdi=0x300001be0 rsi=0xc rdx=0xffffffc @step 434529
            free rdi=0x300001a30 rsi=0xc rdx=0x3 @step 434703
     __libc_free rdi=0x300001a30 rsi=0xc rdx=0x3 @step 434704
            free rdi=0x300001a20 rsi=0xc rdx=0x3ffffffc @step 434859
     __libc_free rdi=0x300001a20 rsi=0xc rdx=0x3ffffffc @step 434860
            free rdi=0x300001440 rsi=0x2000011a8 rdx=0x0 @step 435284
     __libc_free rdi=0x300001440 rsi=0x2000011a8 rdx=0x0 @step 435285
            free rdi=0x3000013a0 rsi=0x200001248 rdx=0x0 @step 435688
     __libc_free rdi=0x3000013a0 rsi=0x200001248 rdx=0x0 @step 435689
            free rdi=0x3000013d0 rsi=0x0 rdx=0x0 @step 435877
     __libc_free rdi=0x3000013d0 rsi=0x0 rdx=0x0 @step 435878
44b5b0: ax=0 bx=7ffef7d0 cx=5bc7a dx=0 si=7ffefa98 di=7ffef7d0 bp=2c52a858 r8=7201c6c r9=0 r10=1 r11=0 r12=2 r13=300001040 r14=7ffefa98 r15=7ffef8c0  | ⋈ push r:rbp
44b5b1: ax=0 bx=7ffef7d0 cx=5bc7a dx=0 si=7ffefa98 di=7ffef7d0 bp=2c52a858 r8=7201c6c r9=0 r10=1 r11=0 r12=2 r13=300001040 r14=7ffefa98 r15=7ffef8c0  | ⋈ push r:r15
44b5b3: ax=0 bx=7ffef7d0 cx=5bc7a dx=0 si=7ffefa98 di=7ffef7d0 bp=2c52a858 r8=7201c6c r9=0 r10=1 r11=0 r12=2 r13=300001040 r14=7ffefa98 r15=7ffef8c0  | ⋈ push r:r14
44b5b5: ax=0 bx=7ffef7d0 cx=5bc7a dx=0 si=7ffefa98 di=7ffef7d0 bp=2c52a858 r8=7201c6c r9=0 r10=1 r11=0 r12=2 r13=300001040 r14=7ffefa98 r15=7ffef8c0  | ⋈ push r:r13
44b5b7: ax=0 bx=7ffef7d0 cx=5bc7a dx=0 si=7ffefa98 di=7ffef7d0 bp=2c52a858 r8=7201c6c r9=0 r10=1 r11=0 r12=2 r13=300001040 r14=7ffefa98 r15=7ffef8c0  | ⋈ push r:r12
44b5b9: ax=0 bx=7ffef7d0 cx=5bc7a dx=0 si=7ffefa98 di=7ffef7d0 bp=2c52a858 r8=7201c6c r9=0 r10=1 r11=0 r12=2 r13=300001040 r14=7ffefa98 r15=7ffef8c0  | ⋈ push r:rbx
44b5ba: ax=0 bx=7ffef7d0 cx=5bc7a dx=0 si=7ffefa98 di=7ffef7d0 bp=2c52a858 r8=7201c6c r9=0 r10=1 r11=0 r12=2 r13=300001040 r14=7ffefa98 r15=7ffef8c0  | ⊞ sub r:rsp i:0x228
44b5c1: ax=0 bx=7ffef7d0 cx=5bc7a dx=0 si=7ffefa98 di=7ffef7d0 bp=2c52a858 r8=7201c6c r9=0 r10=1 r11=0 r12=2 r13=300001040 r14=7ffefa98 r15=7ffef8c0  | ⋈ mov r:r14 r:rsi
44b5c4: ax=0 bx=7ffef7d0 cx=5bc7a dx=0 si=7ffefa98 di=7ffef7d0 bp=2c52a858 r8=7201c6c r9=0 r10=1 r11=0 r12=2 r13=300001040 r14=7ffefa98 r15=7ffef8c0  | ⋈ mov m:rsp::1:0x168:8 r:rdi
44b5cc: ax=0 bx=7ffef7d0 cx=5bc7a dx=0 si=7ffefa98 di=7ffef7d0 bp=2c52a858 r8=7201c6c r9=0 r10=1 r11=0 r12=2 r13=300001040 r14=7ffefa98 r15=7ffef8c0  | ⋈ movabs r:rcx i:-0x8000000000000000
44b5d6: ax=0 bx=7ffef7d0 cx=8000000000000000 dx=0 si=7ffefa98 di=7ffef7d0 bp=2c52a858 r8=7201c6c r9=0 r10=1 r11=0 r12=2 r13=300001040 r14=7ffefa98 r15=7ffef8c0  | ⋈ mov m:rsp::1:0x40:8 i:0x0
44b5df: ax=0 bx=7ffef7d0 cx=8000000000000000 dx=0 si=7ffefa98 di=7ffef7d0 bp=2c52a858 r8=7201c6c r9=0 r10=1 r11=0 r12=2 r13=300001040 r14=7ffefa98 r15=7ffef8c0  | ⋈ mov m:rsp::1:0x48:8 i:0x8
44b5e8: ax=0 bx=7ffef7d0 cx=8000000000000000 dx=0 si=7ffefa98 di=7ffef7d0 bp=2c52a858 r8=7201c6c r9=0 r10=1 r11=0 r12=2 r13=300001040 r14=7ffefa98 r15=7ffef8c0  | ⋈ mov m:rsp::1:0x50:8 i:0x0
44b5f1: ax=0 bx=7ffef7d0 cx=8000000000000000 dx=0 si=7ffefa98 di=7ffef7d0 bp=2c52a858 r8=7201c6c r9=0 r10=1 r11=0 r12=2 r13=300001040 r14=7ffefa98 r15=7ffef8c0  | ⋈ mov m:rsp::1:0x120:8 i:0x0
44b5fd: ax=0 bx=7ffef7d0 cx=8000000000000000 dx=0 si=7ffefa98 di=7ffef7d0 bp=2c52a858 r8=7201c6c r9=0 r10=1 r11=0 r12=2 r13=300001040 r14=7ffefa98 r15=7ffef8c0  | ⋈ mov m:rsp::1:0x130:8 i:0x0
44b609: ax=0 bx=7ffef7d0 cx=8000000000000000 dx=0 si=7ffefa98 di=7ffef7d0 bp=2c52a858 r8=7201c6c r9=0 r10=1 r11=0 r12=2 r13=300001040 r14=7ffefa98 r15=7ffef8c0  | ⋈ mov r:rax m:rsi::1:0x40:8
44b60d: ax=4 bx=7ffef7d0 cx=8000000000000000 dx=0 si=7ffefa98 di=7ffef7d0 bp=2c52a858 r8=7201c6c r9=0 r10=1 r11=0 r12=2 r13=300001040 r14=7ffefa98 r15=7ffef8c0  | ⊤ test r:rax r:rax
44b610: ax=4 bx=7ffef7d0 cx=8000000000000000 dx=0 si=7ffefa98 di=7ffef7d0 bp=2c52a858 r8=7201c6c r9=0 r10=1 r11=0 r12=2 r13=300001040 r14=7ffefa98 r15=7ffef8c0  | ∈ e i:0x44b660
44b612: ax=4 bx=7ffef7d0 cx=8000000000000000 dx=0 si=7ffefa98 di=7ffef7d0 bp=2c52a858 r8=7201c6c r9=0 r10=1 r11=0 r12=2 r13=300001040 r14=7ffefa98 r15=7ffef8c0  | ⋈ mov r:rbp m:r14::1:0x38:8
44b616: ax=4 bx=7ffef7d0 cx=8000000000000000 dx=0 si=7ffefa98 di=7ffef7d0 bp=300001830 r8=7201c6c r9=0 r10=1 r11=0 r12=2 r13=300001040 r14=7ffefa98 r15=7ffef8c0  | ⊞ lea r:rax m:rax:rax:4:0x0:8
44b61a: ax=14 bx=7ffef7d0 cx=8000000000000000 dx=0 si=7ffefa98 di=7ffef7d0 bp=300001830 r8=7201c6c r9=0 r10=1 r11=0 r12=2 r13=300001040 r14=7ffefa98 r15=7ffef8c0  | ⊞ shl r:rax i:0x4
44b61e: ax=140 bx=7ffef7d0 cx=8000000000000000 dx=0 si=7ffefa98 di=7ffef7d0 bp=300001830 r8=7201c6c r9=0 r10=1 r11=0 r12=2 r13=300001040 r14=7ffefa98 r15=7ffef8c0  | ⊞ add r:rax r:rbp
44b621: ax=300001970 bx=7ffef7d0 cx=8000000000000000 dx=0 si=7ffefa98 di=7ffef7d0 bp=300001830 r8=7201c6c r9=0 r10=1 r11=0 r12=2 r13=300001040 r14=7ffefa98 r15=7ffef8c0  | ⋈ mov m:rsp::1:0xe8:8 r:rax
44b629: ax=300001970 bx=7ffef7d0 cx=8000000000000000 dx=0 si=7ffefa98 di=7ffef7d0 bp=300001830 r8=7201c6c r9=0 r10=1 r11=0 r12=2 r13=300001040 r14=7ffefa98 r15=7ffef8c0  | ⋈ mov r:rax m:r14::1:0x8:8
44b62d: ax=300001100 bx=7ffef7d0 cx=8000000000000000 dx=0 si=7ffefa98 di=7ffef7d0 bp=300001830 r8=7201c6c r9=0 r10=1 r11=0 r12=2 r13=300001040 r14=7ffefa98 r15=7ffef8c0  | ⋈ mov m:rsp::1:0x160:8 r:r14
44b635: ax=300001100 bx=7ffef7d0 cx=8000000000000000 dx=0 si=7ffefa98 di=7ffef7d0 bp=300001830 r8=7201c6c r9=0 r10=1 r11=0 r12=2 r13=300001040 r14=7ffefa98 r15=7ffef8c0  | ⋈ mov r:rdx m:r14::1:0x10:8
44b639: ax=300001100 bx=7ffef7d0 cx=8000000000000000 dx=6 si=7ffefa98 di=7ffef7d0 bp=300001830 r8=7201c6c r9=0 r10=1 r11=0 r12=2 r13=300001040 r14=7ffefa98 r15=7ffef8c0  | ⋈ mov r:r14 r:rax
44b63c: ax=300001100 bx=7ffef7d0 cx=8000000000000000 dx=6 si=7ffefa98 di=7ffef7d0 bp=300001830 r8=7201c6c r9=0 r10=1 r11=0 r12=2 r13=300001040 r14=300001100 r15=7ffef8c0  | ⋈ mov r:r12d i:0x8
          malloc rdi=0x18 rsi=0x3fffffffffffffff rdx=0x7ffffffffffffffc @step 436194
            free rdi=0x300001180 rsi=0x3fffffffffffffff rdx=0x0 @step 436373
     __libc_free rdi=0x300001180 rsi=0x3fffffffffffffff rdx=0x0 @step 436374
          malloc rdi=0x4 rsi=0x3fffffffffffffff rdx=0x22a4 @step 436631
          malloc rdi=0x4 rsi=0xb rdx=0xab @step 436792
          malloc rdi=0x8 rsi=0x3000013e0 rdx=0x1 @step 437014
          malloc rdi=0x8 rsi=0x469e68 rdx=0x1 @step 437339
          malloc rdi=0x20 rsi=0x20 rdx=0x7ffef328 @step 437632
          malloc rdi=0x100 rsi=0x100 rdx=0x1 @step 437945
            mmap len=0x1000 -> 0x30002c000 @step 438569
            free rdi=0x300001e10 rsi=0x0 rdx=0x30002c030 @step 440208
     __libc_free rdi=0x300001e10 rsi=0x0 rdx=0x30002c030 @step 440209
            free rdi=0x3000013d0 rsi=0x2 rdx=0x0 @step 440404
     __libc_free rdi=0x3000013d0 rsi=0x2 rdx=0x0 @step 440405
            free rdi=0x3000013a0 rsi=0x0 rdx=0x0 @step 440606
     __libc_free rdi=0x3000013a0 rsi=0x0 rdx=0x0 @step 440607
            free rdi=0x3000013e0 rsi=0xc rdx=0x4000000 @step 440754
     __libc_free rdi=0x3000013e0 rsi=0xc rdx=0x4000000 @step 440755
          malloc rdi=0x4 rsi=0x30002c034 rdx=0x0 @step 440974
            free rdi=0x3000012e0 rsi=0x17 rdx=0xb7 @step 441221
     __libc_free rdi=0x3000012e0 rsi=0x17 rdx=0xb7 @step 441222
            free rdi=0x30002c030 rsi=0x0 rdx=0x0 @step 441418
     __libc_free rdi=0x30002c030 rsi=0x0 rdx=0x0 @step 441419
          malloc rdi=0x4 rsi=0x3fffffffffffffff rdx=0x1000 @step 442107
          malloc rdi=0x8 rsi=0x3000013d0 rdx=0x1 @step 442329
          malloc rdi=0x8 rsi=0x469e68 rdx=0x1 @step 442566
          malloc rdi=0x20 rsi=0x20 rdx=0x7ffef328 @step 442947
          malloc rdi=0x100 rsi=0x100 rdx=0x1 @step 443172
            mmap len=0x1000 -> 0x30002d000 @step 443796
            free rdi=0x300001e40 rsi=0x0 rdx=0x30002d040 @step 445441
     __libc_free rdi=0x300001e40 rsi=0x0 rdx=0x30002d040 @step 445442
            free rdi=0x3000012e0 rsi=0x2c rdx=0x1 @step 445596
     __libc_free rdi=0x3000012e0 rsi=0x2c rdx=0x1 @step 445597
            free rdi=0x3000013e0 rsi=0x0 rdx=0x0 @step 445798
     __libc_free rdi=0x3000013e0 rsi=0x0 rdx=0x0 @step 445799
            free rdi=0x3000013d0 rsi=0xc rdx=0x800 @step 445946
     __libc_free rdi=0x3000013d0 rsi=0xc rdx=0x800 @step 445947
          malloc rdi=0x4 rsi=0x30002d044 rdx=0x0 @step 446183
            free rdi=0x3000013a0 rsi=0xb rdx=0xab @step 446430
     __libc_free rdi=0x3000013a0 rsi=0xb rdx=0xab @step 446431
            free rdi=0x30002d040 rsi=0x0 rdx=0x0 @step 446627
     __libc_free rdi=0x30002d040 rsi=0x0 rdx=0x0 @step 446628
          malloc rdi=0x4 rsi=0x3fffffffffffffff rdx=0x1000 @step 447316
          malloc rdi=0x4 rsi=0x3000013d4 rdx=0x0 @step 447605
            free rdi=0x3000012e0 rsi=0x1b rdx=0xbb @step 447764
     __libc_free rdi=0x3000012e0 rsi=0x1b rdx=0xbb @step 447765
            free rdi=0x3000013d0 rsi=0xc rdx=0x800000 @step 447920
     __libc_free rdi=0x3000013d0 rsi=0xc rdx=0x800000 @step 447921
          malloc rdi=0x4 rsi=0x3fffffffffffffff rdx=0x800800 @step 448097
            free rdi=0x3000012e0 rsi=0x3000012e0 rdx=0x4 @step 448408
     __libc_free rdi=0x3000012e0 rsi=0x3000012e0 rdx=0x4 @step 448409
            free rdi=0x3000013e0 rsi=0x0 rdx=0x0 @step 448605
     __libc_free rdi=0x3000013e0 rsi=0x0 rdx=0x0 @step 448606
          malloc rdi=0xc rsi=0xc rdx=0x800 @step 448783
          malloc rdi=0xc rsi=0x300001060 rdx=0x0 @step 448981
          malloc rdi=0x8 rsi=0x3000013a0 rdx=0x1 @step 449197
          malloc rdi=0x8 rsi=0x3000013d0 rdx=0x2 @step 449523
          calloc rdi=0x10 rsi=0x1 rdx=0x1 @step 449769
          malloc rdi=0x10 rsi=0x1 rdx=0x0 @step 449782
          malloc rdi=0x100 rsi=0x100 rdx=0x1 @step 450137
            mmap len=0x1000 -> 0x30002e000 @step 450761
            free rdi=0x3000011a0 rsi=0x0 rdx=0x30002e050 @step 452402
     __libc_free rdi=0x3000011a0 rsi=0x0 rdx=0x30002e050 @step 452403
            free rdi=0x3000013e0 rsi=0x1c rdx=0x610 @step 452557
     __libc_free rdi=0x3000013e0 rsi=0x1c rdx=0x610 @step 452558
            free rdi=0x3000012e0 rsi=0x0 rdx=0x0 @step 452759
     __libc_free rdi=0x3000012e0 rsi=0x0 rdx=0x0 @step 452760
          malloc rdi=0x8 rsi=0x30002e050 rdx=0x2 @step 452936
          malloc rdi=0x8 rsi=0x300001100 rdx=0x6 @step 453273
            free rdi=0x3000013e0 rsi=0x1 rdx=0x3000013e0 @step 453597
     __libc_free rdi=0x3000013e0 rsi=0x1 rdx=0x3000013e0 @step 453598
            free rdi=0x3000012e0 rsi=0x0 rdx=0x0 @step 453792
     __libc_free rdi=0x3000012e0 rsi=0x0 rdx=0x0 @step 453793
            free rdi=0x30002e050 rsi=0xc rdx=0x8000000 @step 453950
     __libc_free rdi=0x30002e050 rsi=0xc rdx=0x8000000 @step 453951
            free rdi=0x3000013d0 rsi=0x1000 rdx=0x1000 @step 454626
     __libc_free rdi=0x3000013d0 rsi=0x1000 rdx=0x1000 @step 454627
            free rdi=0x3000013a0 rsi=0xc rdx=0x8000800 @step 454774
     __libc_free rdi=0x3000013a0 rsi=0xc rdx=0x8000800 @step 454775
          malloc rdi=0x18 rsi=0x3fffffffffffffff rdx=0x7ffffffffffffffc @step 454955
            free rdi=0x3000011c0 rsi=0x3fffffffffffffff rdx=0x0 @step 455134
     __libc_free rdi=0x3000011c0 rsi=0x3fffffffffffffff rdx=0x0 @step 455135
          malloc rdi=0x4 rsi=0x3fffffffffffffff rdx=0x22a4 @step 455392
          malloc rdi=0x4 rsi=0xb rdx=0xab @step 455641
          malloc rdi=0x8 rsi=0x3000013a0 rdx=0x1 @step 455863
          malloc rdi=0x8 rsi=0x469e68 rdx=0x1 @step 456100
          malloc rdi=0x20 rsi=0x20 rdx=0x7ffef328 @step 456393
          malloc rdi=0x100 rsi=0x100 rdx=0x1 @step 456618
            mmap len=0x1000 -> 0x30002f000 @step 457242
            free rdi=0x300001e70 rsi=0x0 rdx=0x30002f060 @step 458887
     __libc_free rdi=0x300001e70 rsi=0x0 rdx=0x30002f060 @step 458888
            free rdi=0x3000013e0 rsi=0x2c rdx=0x3 @step 459042
     __libc_free rdi=0x3000013e0 rsi=0x2c rdx=0x3 @step 459043
            free rdi=0x3000013d0 rsi=0x0 rdx=0x0 @step 459244
     __libc_free rdi=0x3000013d0 rsi=0x0 rdx=0x0 @step 459245
            free rdi=0x3000013a0 rsi=0xc rdx=0x8000000 @step 459392
     __libc_free rdi=0x3000013a0 rsi=0xc rdx=0x8000000 @step 459393
          malloc rdi=0x4 rsi=0x30002f064 rdx=0x0 @step 459612
            free rdi=0x3000012e0 rsi=0x17 rdx=0xb7 @step 459859
     __libc_free rdi=0x3000012e0 rsi=0x17 rdx=0xb7 @step 459860
            free rdi=0x30002f060 rsi=0x0 rdx=0x0 @step 460056
     __libc_free rdi=0x30002f060 rsi=0x0 rdx=0x0 @step 460057
          malloc rdi=0x4 rsi=0x3fffffffffffffff rdx=0x1000 @step 460745
          malloc rdi=0x8 rsi=0x3000013d0 rdx=0x1 @step 460967
          malloc rdi=0x8 rsi=0x469e68 rdx=0x1 @step 461204
          malloc rdi=0x20 rsi=0x20 rdx=0x7ffef328 @step 461585
          malloc rdi=0x100 rsi=0x100 rdx=0x1 @step 461810
            mmap len=0x1000 -> 0x300030000 @step 462434
            free rdi=0x300001ea0 rsi=0x0 rdx=0x300030030 @step 464073
     __libc_free rdi=0x300001ea0 rsi=0x0 rdx=0x300030030 @step 464074
            free rdi=0x3000012e0 rsi=0x2c rdx=0x7 @step 464228
     __libc_free rdi=0x3000012e0 rsi=0x2c rdx=0x7 @step 464229
            free rdi=0x3000013e0 rsi=0x0 rdx=0x0 @step 464430
     __libc_free rdi=0x3000013e0 rsi=0x0 rdx=0x0 @step 464431
            free rdi=0x3000013d0 rsi=0xc rdx=0x800 @step 464578
     __libc_free rdi=0x3000013d0 rsi=0xc rdx=0x800 @step 464579
          malloc rdi=0x4 rsi=0x300030034 rdx=0x0 @step 464815
            free rdi=0x3000013a0 rsi=0xb rdx=0xab @step 465062
     __libc_free rdi=0x3000013a0 rsi=0xb rdx=0xab @step 465063
            free rdi=0x300030030 rsi=0x0 rdx=0x0 @step 465259
     __libc_free rdi=0x300030030 rsi=0x0 rdx=0x0 @step 465260
          malloc rdi=0x4 rsi=0x3fffffffffffffff rdx=0x1000 @step 465948
          malloc rdi=0x8 rsi=0x3000013d0 rdx=0x1 @step 466170
          malloc rdi=0x8 rsi=0x469e68 rdx=0x1 @step 466407
          malloc rdi=0x20 rsi=0x20 rdx=0x7ffef328 @step 466788
          malloc rdi=0x100 rsi=0x100 rdx=0x1 @step 467013
            mmap len=0x1000 -> 0x300031000 @step 467637
            free rdi=0x300001ed0 rsi=0x0 rdx=0x300031040 @step 469282
     __libc_free rdi=0x300001ed0 rsi=0x0 rdx=0x300031040 @step 469283
            free rdi=0x3000013a0 rsi=0x2c rdx=0xf @step 469437
     __libc_free rdi=0x3000013a0 rsi=0x2c rdx=0xf @step 469438
            free rdi=0x3000013e0 rsi=0x0 rdx=0x0 @step 469639
     __libc_free rdi=0x3000013e0 rsi=0x0 rdx=0x0 @step 469640
            free rdi=0x3000013d0 rsi=0xc rdx=0x800000 @step 469787
     __libc_free rdi=0x3000013d0 rsi=0xc rdx=0x800000 @step 469788
          malloc rdi=0x8 rsi=0x300031040 rdx=0x1 @step 470011
          malloc rdi=0x8 rsi=0x469e68 rdx=0x1 @step 470336
          malloc rdi=0x20 rsi=0x20 rdx=0x7ffef328 @step 470629
          malloc rdi=0x100 rsi=0x100 rdx=0x1 @step 470854
            free rdi=0x300001f30 rsi=0x1 rdx=0x300031180 @step 472186
     __libc_free rdi=0x300001f30 rsi=0x1 rdx=0x300031180 @step 472187
            free rdi=0x3000013d0 rsi=0x2c rdx=0x1f @step 472341
     __libc_free rdi=0x3000013d0 rsi=0x2c rdx=0x1f @step 472342
            free rdi=0x3000013a0 rsi=0x0 rdx=0x0 @step 472537
     __libc_free rdi=0x3000013a0 rsi=0x0 rdx=0x0 @step 472538
            free rdi=0x300031040 rsi=0xc rdx=0x4000000 @step 472685
     __libc_free rdi=0x300031040 rsi=0xc rdx=0x4000000 @step 472686
          malloc rdi=0x4 rsi=0x2 rdx=0x7ffffffffffffffc @step 472922
            free rdi=0x3000012e0 rsi=0x300031188 rdx=0x0 @step 473114
     __libc_free rdi=0x3000012e0 rsi=0x300031188 rdx=0x0 @step 473115
            free rdi=0x300031180 rsi=0xc rdx=0x4800000 @step 473270
     __libc_free rdi=0x300031180 rsi=0xc rdx=0x4800000 @step 473271
          malloc rdi=0x4 rsi=0x3fffffffffffffff rdx=0x1000 @step 473969
            free rdi=0x3000012e0 rsi=0x3000012e0 rdx=0x4 @step 474280
     __libc_free rdi=0x3000012e0 rsi=0x3000012e0 rdx=0x4 @step 474281
            free rdi=0x3000013e0 rsi=0x0 rdx=0x0 @step 474477
     __libc_free rdi=0x3000013e0 rsi=0x0 rdx=0x0 @step 474478
          malloc rdi=0xc rsi=0xc rdx=0x800 @step 474655
          malloc rdi=0xc rsi=0x3000010a0 rdx=0x0 @step 474845
          malloc rdi=0x8 rsi=0x3000013a0 rdx=0x3 @step 475056
          malloc rdi=0x8 rsi=0x3000013d0 rdx=0x3 @step 475406
          calloc rdi=0x10 rsi=0x1 rdx=0x1 @step 475664
          malloc rdi=0x10 rsi=0x1 rdx=0x0 @step 475677
          malloc rdi=0x100 rsi=0x100 rdx=0x1 @step 476120
            mmap len=0x1000 -> 0x300032000 @step 476744
            free rdi=0x3000010c0 rsi=0x0 rdx=0x300032050 @step 478361
     __libc_free rdi=0x3000010c0 rsi=0x0 rdx=0x300032050 @step 478362
            free rdi=0x3000013e0 rsi=0x1 rdx=0x0 @step 478557
     __libc_free rdi=0x3000013e0 rsi=0x1 rdx=0x0 @step 478558
            free rdi=0x3000012e0 rsi=0x0 rdx=0x0 @step 478759
     __libc_free rdi=0x3000012e0 rsi=0x0 rdx=0x0 @step 478760
          malloc rdi=0x8 rsi=0x300032050 rdx=0x6 @step 478936
          malloc rdi=0x8 rsi=0x300001100 rdx=0x6 @step 479322
            free rdi=0x3000013e0 rsi=0x1 rdx=0x3000013e0 @step 479647
     __libc_free rdi=0x3000013e0 rsi=0x1 rdx=0x3000013e0 @step 479648
            free rdi=0x3000012e0 rsi=0x0 rdx=0x0 @step 479842
     __libc_free rdi=0x3000012e0 rsi=0x0 rdx=0x0 @step 479843
          malloc rdi=0xc rsi=0xc rdx=0x8000000 @step 480000
          malloc rdi=0xc rsi=0x3000013ac rdx=0x0 @step 480256
          malloc rdi=0x220 rsi=0x7ffef570 rdx=0x3 @step 480470
          malloc rdi=0xc0 rsi=0x8 rdx=0xc0 @step 481106
            free rdi=0x300032050 rsi=0x0 rdx=0xa0 @step 481743
     __libc_free rdi=0x300032050 rsi=0x0 rdx=0xa0 @step 481744
          malloc rdi=0x18 rsi=0x3fffffffffffffff rdx=0x7ffffffffffffffc @step 482331
            free rdi=0x300001160 rsi=0x3fffffffffffffff rdx=0x0 @step 482510
     __libc_free rdi=0x300001160 rsi=0x3fffffffffffffff rdx=0x0 @step 482511
          malloc rdi=0x4 rsi=0x3fffffffffffffff rdx=0x22a4 @step 482768
          malloc rdi=0x4 rsi=0x0 rdx=0xa0 @step 483483
          malloc rdi=0x8 rsi=0x300001a30 rdx=0x1 @step 483705
          malloc rdi=0x8 rsi=0x469e68 rdx=0x1 @step 483942
          malloc rdi=0x20 rsi=0x20 rdx=0x7ffef328 @step 484235
          malloc rdi=0x100 rsi=0x100 rdx=0x1 @step 484460
            free rdi=0x300001f60 rsi=0x0 rdx=0x300032060 @step 486508
     __libc_free rdi=0x300001f60 rsi=0x0 rdx=0x300032060 @step 486509
            free rdi=0x300001a50 rsi=0x2c rdx=0x5f @step 486663
     __libc_free rdi=0x300001a50 rsi=0x2c rdx=0x5f @step 486664
            free rdi=0x300001a40 rsi=0x0 rdx=0x0 @step 486859
     __libc_free rdi=0x300001a40 rsi=0x0 rdx=0x0 @step 486860
            free rdi=0x300001a30 rsi=0xc rdx=0x8 @step 487007
     __libc_free rdi=0x300001a30 rsi=0xc rdx=0x8 @step 487008
          malloc rdi=0x4 rsi=0x300032064 rdx=0x0 @step 487227
            free rdi=0x300001a20 rsi=0x4 rdx=0xa4 @step 487386
     __libc_free rdi=0x300001a20 rsi=0x4 rdx=0xa4 @step 487387
            free rdi=0x300032060 rsi=0xc rdx=0xe @step 487542
     __libc_free rdi=0x300032060 rsi=0xc rdx=0xe @step 487543
          malloc rdi=0x4 rsi=0x3fffffffffffffff rdx=0x0 @step 488109
          malloc rdi=0x8 rsi=0x300001a70 rdx=0x1 @step 488351
          malloc rdi=0x8 rsi=0x469e68 rdx=0x1 @step 488588
          malloc rdi=0x20 rsi=0x20 rdx=0x7ffef328 @step 488881
          malloc rdi=0x100 rsi=0x100 rdx=0x1 @step 489106
            free rdi=0x300001f90 rsi=0x0 rdx=0x300032030 @step 491163
     __libc_free rdi=0x300001f90 rsi=0x0 rdx=0x300032030 @step 491164
            free rdi=0x300001a90 rsi=0x2c rdx=0xdf @step 491318
     __libc_free rdi=0x300001a90 rsi=0x2c rdx=0xdf @step 491319
            free rdi=0x300001a80 rsi=0xc rdx=0xf @step 491473
     __libc_free rdi=0x300001a80 rsi=0xc rdx=0xf @step 491474
            free rdi=0x300001a70 rsi=0xc rdx=0x8f @step 491621
     __libc_free rdi=0x300001a70 rsi=0xc rdx=0x8f @step 491622
          malloc rdi=0x4 rsi=0x300032034 rdx=0x0 @step 491841
            free rdi=0x300001a60 rsi=0x8 rdx=0xa8 @step 492000
     __libc_free rdi=0x300001a60 rsi=0x8 rdx=0xa8 @step 492001
            free rdi=0x300032030 rsi=0xc rdx=0xef @step 492156
     __libc_free rdi=0x300032030 rsi=0xc rdx=0xef @step 492157
          malloc rdi=0x4 rsi=0x3fffffffffffffff rdx=0x0 @step 492723
          malloc rdi=0x4 rsi=0x300001ab4 rdx=0x0 @step 493015
            free rdi=0x300001aa0 rsi=0xa rdx=0xaa @step 493174
     __libc_free rdi=0x300001aa0 rsi=0xa rdx=0xaa @step 493175
            free rdi=0x300001ab0 rsi=0xc rdx=0xff @step 493330
     __libc_free rdi=0x300001ab0 rsi=0xc rdx=0xff @step 493331
          malloc rdi=0x4 rsi=0x3fffffffffffffff rdx=0x1ff @step 493507
            free rdi=0x300001ad0 rsi=0x300001ad0 rdx=0x4 @step 493730
     __libc_free rdi=0x300001ad0 rsi=0x300001ad0 rdx=0x4 @step 493731
            free rdi=0x300001ac0 rsi=0xc rdx=0x3ff @step 493886
     __libc_free rdi=0x300001ac0 rsi=0xc rdx=0x3ff @step 493887
          malloc rdi=0xc rsi=0x2000012c0 rdx=0x0 @step 494288
          malloc rdi=0xc rsi=0x300001120 rdx=0x0 @step 495008
          malloc rdi=0x8 rsi=0x300001a20 rdx=0x2 @step 495229
          malloc rdi=0x8 rsi=0x300001a30 rdx=0x1 @step 495479
          calloc rdi=0x10 rsi=0x1 rdx=0x1 @step 495713
          malloc rdi=0x10 rsi=0x1 rdx=0x0 @step 495726
          malloc rdi=0x100 rsi=0x100 rdx=0x1 @step 496081
            free rdi=0x300001180 rsi=0x0 rdx=0x300032040 @step 498125
     __libc_free rdi=0x300001180 rsi=0x0 rdx=0x300032040 @step 498126
            free rdi=0x300001a50 rsi=0x1c rdx=0x210 @step 498280
     __libc_free rdi=0x300001a50 rsi=0x1c rdx=0x210 @step 498281
            free rdi=0x300001a40 rsi=0x0 rdx=0x0 @step 498476
     __libc_free rdi=0x300001a40 rsi=0x0 rdx=0x0 @step 498477
          malloc rdi=0x8 rsi=0x300032040 rdx=0x2 @step 498653
          malloc rdi=0x8 rsi=0x300001100 rdx=0x6 @step 498902
            free rdi=0x300001a70 rsi=0x1 rdx=0x300001a70 @step 499226
     __libc_free rdi=0x300001a70 rsi=0x1 rdx=0x300001a70 @step 499227
            free rdi=0x300001a60 rsi=0xc rdx=0xc @step 499374
     __libc_free rdi=0x300001a60 rsi=0xc rdx=0xc @step 499375
            free rdi=0x300032040 rsi=0xc rdx=0x2c @step 499532
     __libc_free rdi=0x300032040 rsi=0xc rdx=0x2c @step 499533
            free rdi=0x300001a30 rsi=0x200001298 rdx=0x0 @step 500086
     __libc_free rdi=0x300001a30 rsi=0x200001298 rdx=0x0 @step 500087
            free rdi=0x300001a20 rsi=0xc rdx=0x3c @step 500234
     __libc_free rdi=0x300001a20 rsi=0xc rdx=0x3c @step 500235
          malloc rdi=0x18 rsi=0x3fffffffffffffff rdx=0x7ffffffffffffffc @step 500639
            free rdi=0x3000011a0 rsi=0x3fffffffffffffff rdx=0x0 @step 500818
     __libc_free rdi=0x3000011a0 rsi=0x3fffffffffffffff rdx=0x0 @step 500819
          malloc rdi=0x4 rsi=0x3fffffffffffffff rdx=0x22a4 @step 501076
          malloc rdi=0x4 rsi=0x0 rdx=0xa0 @step 501763
          malloc rdi=0x8 rsi=0x300001a30 rdx=0x1 @step 501985
          malloc rdi=0x8 rsi=0x469e68 rdx=0x1 @step 502222
          malloc rdi=0x20 rsi=0x20 rdx=0x7ffef328 @step 502515
          malloc rdi=0x100 rsi=0x100 rdx=0x1 @step 502740
            free rdi=0x300001fc0 rsi=0x0 rdx=0x300032050 @step 504788
     __libc_free rdi=0x300001fc0 rsi=0x0 rdx=0x300032050 @step 504789
            free rdi=0x300001a50 rsi=0x2c rdx=0x1df @step 504943
     __libc_free rdi=0x300001a50 rsi=0x2c rdx=0x1df @step 504944
            free rdi=0x300001a40 rsi=0x0 rdx=0x0 @step 505139
     __libc_free rdi=0x300001a40 rsi=0x0 rdx=0x0 @step 505140
            free rdi=0x300001a30 rsi=0xc rdx=0x8 @step 505287
     __libc_free rdi=0x300001a30 rsi=0xc rdx=0x8 @step 505288
          malloc rdi=0x4 rsi=0x300032054 rdx=0x0 @step 505507
            free rdi=0x300001a20 rsi=0x4 rdx=0xa4 @step 505666
     __libc_free rdi=0x300001a20 rsi=0x4 rdx=0xa4 @step 505667
            free rdi=0x300032050 rsi=0xc rdx=0xe @step 505822
     __libc_free rdi=0x300032050 rsi=0xc rdx=0xe @step 505823
          malloc rdi=0x4 rsi=0x3fffffffffffffff rdx=0x0 @step 506389
          malloc rdi=0x8 rsi=0x300001a70 rdx=0x1 @step 506631
          malloc rdi=0x8 rsi=0x469e68 rdx=0x1 @step 506868
          malloc rdi=0x20 rsi=0x20 rdx=0x7ffef328 @step 507161
          malloc rdi=0x100 rsi=0x100 rdx=0x1 @step 507474
            free rdi=0x300001e10 rsi=0x0 rdx=0x300032060 @step 509522
     __libc_free rdi=0x300001e10 rsi=0x0 rdx=0x300032060 @step 509523
            free rdi=0x300001a90 rsi=0x2 rdx=0x0 @step 509718
     __libc_free rdi=0x300001a90 rsi=0x2 rdx=0x0 @step 509719
            free rdi=0x300001a80 rsi=0xc rdx=0xf @step 509873
     __libc_free rdi=0x300001a80 rsi=0xc rdx=0xf @step 509874
            free rdi=0x300001a70 rsi=0xc rdx=0x8f @step 510021
     __libc_free rdi=0x300001a70 rsi=0xc rdx=0x8f @step 510022
          malloc rdi=0x4 rsi=0x300032064 rdx=0x0 @step 510241
            free rdi=0x300001a60 rsi=0x8 rdx=0xa8 @step 510400
     __libc_free rdi=0x300001a60 rsi=0x8 rdx=0xa8 @step 510401
            free rdi=0x300032060 rsi=0xc rdx=0xef @step 510556
     __libc_free rdi=0x300032060 rsi=0xc rdx=0xef @step 510557
          malloc rdi=0x4 rsi=0x3fffffffffffffff rdx=0x0 @step 511123
          malloc rdi=0x8 rsi=0x300001ab0 rdx=0x1 @step 511345
          malloc rdi=0x8 rsi=0x469e68 rdx=0x1 @step 511582
          malloc rdi=0x20 rsi=0x20 rdx=0x7ffef328 @step 511875
          malloc rdi=0x100 rsi=0x100 rdx=0x1 @step 512100
            free rdi=0x300001e40 rsi=0x0 rdx=0x300032030 @step 514157
     __libc_free rdi=0x300001e40 rsi=0x0 rdx=0x300032030 @step 514158
            free rdi=0x300001ad0 rsi=0x2c rdx=0x1 @step 514312
     __libc_free rdi=0x300001ad0 rsi=0x2c rdx=0x1 @step 514313
            free rdi=0x300001ac0 rsi=0xc rdx=0xff @step 514467
     __libc_free rdi=0x300001ac0 rsi=0xc rdx=0xff @step 514468
            free rdi=0x300001ab0 rsi=0xc rdx=0x8ff @step 514615
     __libc_free rdi=0x300001ab0 rsi=0xc rdx=0x8ff @step 514616
          malloc rdi=0x8 rsi=0x300032030 rdx=0x1 @step 514842
          malloc rdi=0x8 rsi=0x469e68 rdx=0x1 @step 515079
          malloc rdi=0x20 rsi=0x20 rdx=0x7ffef328 @step 515372
          malloc rdi=0x100 rsi=0x100 rdx=0x1 @step 515597
            free rdi=0x300001e70 rsi=0x1 rdx=0x300032190 @step 516929
     __libc_free rdi=0x300001e70 rsi=0x1 rdx=0x300032190 @step 516930
            free rdi=0x300001af0 rsi=0x2c rdx=0x3 @step 517084
     __libc_free rdi=0x300001af0 rsi=0x2c rdx=0x3 @step 517085
            free rdi=0x300001ae0 rsi=0xc rdx=0xeff @step 517239
     __libc_free rdi=0x300001ae0 rsi=0xc rdx=0xeff @step 517240
            free rdi=0x300032030 rsi=0xc rdx=0x2eff @step 517387
     __libc_free rdi=0x300032030 rsi=0xc rdx=0x2eff @step 517388
          malloc rdi=0x4 rsi=0x2 rdx=0x7ffffffffffffffc @step 517624
            free rdi=0x300001aa0 rsi=0x300032198 rdx=0x0 @step 517816
     __libc_free rdi=0x300001aa0 rsi=0x300032198 rdx=0x0 @step 517817
            free rdi=0x300032190 rsi=0xc rdx=0x3eff @step 517972
     __libc_free rdi=0x300032190 rsi=0xc rdx=0x3eff @step 517973
          malloc rdi=0x4 rsi=0x3fffffffffffffff rdx=0x0 @step 518549
            free rdi=0x300001b10 rsi=0x300001b10 rdx=0x4 @step 518772
     __libc_free rdi=0x300001b10 rsi=0x300001b10 rdx=0x4 @step 518773
            free rdi=0x300001b00 rsi=0xc rdx=0x3fff @step 518928
     __libc_free rdi=0x300001b00 rsi=0xc rdx=0x3fff @step 518929
          malloc rdi=0xc rsi=0x2000012c0 rdx=0x0 @step 519330
          malloc rdi=0xc rsi=0x3000011e0 rdx=0x0 @step 520046
          malloc rdi=0x8 rsi=0x300001a20 rdx=0x3 @step 520257
          malloc rdi=0x8 rsi=0x300001a30 rdx=0x3 @step 520519
          calloc rdi=0x10 rsi=0x1 rdx=0x1 @step 520777
          malloc rdi=0x10 rsi=0x1 rdx=0x0 @step 520790
          malloc rdi=0x100 rsi=0x100 rdx=0x1 @step 521145
            free rdi=0x3000011c0 rsi=0x0 rdx=0x300032040 @step 523165
     __libc_free rdi=0x3000011c0 rsi=0x0 rdx=0x300032040 @step 523166
            free rdi=0x300001a50 rsi=0x1c rdx=0xe10 @step 523320
     __libc_free rdi=0x300001a50 rsi=0x1c rdx=0xe10 @step 523321
            free rdi=0x300001a40 rsi=0x0 rdx=0x0 @step 523516
     __libc_free rdi=0x300001a40 rsi=0x0 rdx=0x0 @step 523517
          malloc rdi=0x8 rsi=0x300032040 rdx=0x6 @step 523693
          malloc rdi=0x8 rsi=0x300001100 rdx=0x6 @step 523991
            free rdi=0x300001a70 rsi=0x1 rdx=0x300001a70 @step 524316
     __libc_free rdi=0x300001a70 rsi=0x1 rdx=0x300001a70 @step 524317
            free rdi=0x300001a60 rsi=0xc rdx=0xc @step 524464
     __libc_free rdi=0x300001a60 rsi=0xc rdx=0xc @step 524465
          malloc rdi=0xc rsi=0xc rdx=0x2c @step 524622
          malloc rdi=0xc rsi=0x300001a2c rdx=0x0 @step 524790
            free rdi=0x300032040 rsi=0xffffffffffffffff rdx=0x3 @step 525116
     __libc_free rdi=0x300032040 rsi=0xffffffffffffffff rdx=0x3 @step 525117
            free rdi=0x3000012e0 rsi=0x7ffef570 rdx=0x1 @step 525760
     __libc_free rdi=0x3000012e0 rsi=0x7ffef570 rdx=0x1 @step 525761
            free rdi=0x3000013e0 rsi=0x2000010b8 rdx=0x0 @step 525973
     __libc_free rdi=0x3000013e0 rsi=0x2000010b8 rdx=0x0 @step 525974
            free rdi=0x300001a80 rsi=0x7ffef570 rdx=0x2 @step 526176
     __libc_free rdi=0x300001a80 rsi=0x7ffef570 rdx=0x2 @step 526177
            free rdi=0x300001a90 rsi=0xc rdx=0x3c @step 526324
     __libc_free rdi=0x300001a90 rsi=0xc rdx=0x3c @step 526325
            free rdi=0x300032830 rsi=0x7ffef570 rdx=0x7c @step 526497
     __libc_free rdi=0x300032830 rsi=0x7ffef570 rdx=0x7c @step 526498
          malloc rdi=0x10 rsi=0x4 rdx=0x10 @step 527112
          malloc rdi=0x8 rsi=0x3000013a0 rdx=0x3 @step 527403
          malloc rdi=0x8 rsi=0x3000010c0 rdx=0x1 @step 527664
            free rdi=0x300001ab0 rsi=0x1 rdx=0x300001ab0 @step 527927
     __libc_free rdi=0x300001ab0 rsi=0x1 rdx=0x300001ab0 @step 527928
            free rdi=0x300001aa0 rsi=0xc rdx=0xfc @step 528075
     __libc_free rdi=0x300001aa0 rsi=0xc rdx=0xfc @step 528076
          malloc rdi=0x8 rsi=0x3000013d0 rdx=0x3 @step 528261
          malloc rdi=0x8 rsi=0x3000010c0 rdx=0x1 @step 528522
            free rdi=0x300001ad0 rsi=0x1 rdx=0x300001ad0 @step 528785
     __libc_free rdi=0x300001ad0 rsi=0x1 rdx=0x300001ad0 @step 528786
            free rdi=0x300001ac0 rsi=0xc rdx=0x3fc @step 528933
     __libc_free rdi=0x300001ac0 rsi=0xc rdx=0x3fc @step 528934
          malloc rdi=0x8 rsi=0x3000013a0 rdx=0x3 @step 529120
          malloc rdi=0x8 rsi=0x3000013d0 rdx=0x3 @step 529382
          calloc rdi=0x10 rsi=0x1 rdx=0x1 @step 529640
          malloc rdi=0x10 rsi=0x1 rdx=0x0 @step 529653
          malloc rdi=0x100 rsi=0x100 rdx=0x1 @step 530008
            mmap len=0x1000 -> 0x300033000 @step 530632
            free rdi=0x300001160 rsi=0x0 rdx=0x300033060 @step 532249
     __libc_free rdi=0x300001160 rsi=0x0 rdx=0x300033060 @step 532250
            free rdi=0x300001af0 rsi=0x1 rdx=0x0 @step 532445
     __libc_free rdi=0x300001af0 rsi=0x1 rdx=0x0 @step 532446
            free rdi=0x300001ae0 rsi=0xc rdx=0xffc @step 532600
     __libc_free rdi=0x300001ae0 rsi=0xc rdx=0xffc @step 532601
          malloc rdi=0x8 rsi=0x300033060 rdx=0x6 @step 532777
          malloc rdi=0x8 rsi=0x300001100 rdx=0x6 @step 533075
            free rdi=0x300001b10 rsi=0x1 rdx=0x300001b10 @step 533400
     __libc_free rdi=0x300001b10 rsi=0x1 rdx=0x300001b10 @step 533401
            free rdi=0x300001b00 rsi=0xc rdx=0x3ffc @step 533548
     __libc_free rdi=0x300001b00 rsi=0xc rdx=0x3ffc @step 533549
            free rdi=0x3000010c0 rsi=0xc rdx=0xbffc @step 533705
     __libc_free rdi=0x3000010c0 rsi=0xc rdx=0xbffc @step 533706
            free rdi=0x300033060 rsi=0x1c rdx=0x200 @step 533862
     __libc_free rdi=0x300033060 rsi=0x1c rdx=0x200 @step 533863
          malloc rdi=0x8 rsi=0x3000013a0 rdx=0x3 @step 534577
          malloc rdi=0x8 rsi=0x3000013d0 rdx=0x3 @step 534838
            free rdi=0x300001b30 rsi=0x1 rdx=0x300001b30 @step 535125
     __libc_free rdi=0x300001b30 rsi=0x1 rdx=0x300001b30 @step 535126
            free rdi=0x300001b20 rsi=0xc rdx=0xfffc @step 535273
     __libc_free rdi=0x300001b20 rsi=0xc rdx=0xfffc @step 535274
          malloc rdi=0x10 rsi=0x4 rdx=0x10 @step 535565
          malloc rdi=0x8 rsi=0x300001a20 rdx=0x3 @step 535768
          malloc rdi=0x8 rsi=0x300001180 rdx=0x1 @step 536029
            free rdi=0x300001b50 rsi=0x1 rdx=0x300001b50 @step 536292
     __libc_free rdi=0x300001b50 rsi=0x1 rdx=0x300001b50 @step 536293
            free rdi=0x300001b40 rsi=0xc rdx=0x3fffc @step 536440
     __libc_free rdi=0x300001b40 rsi=0xc rdx=0x3fffc @step 536441
          malloc rdi=0x8 rsi=0x300001a30 rdx=0x3 @step 536626
          malloc rdi=0x8 rsi=0x300001180 rdx=0x1 @step 536887
            free rdi=0x300001b70 rsi=0x1 rdx=0x300001b70 @step 537150
     __libc_free rdi=0x300001b70 rsi=0x1 rdx=0x300001b70 @step 537151
            free rdi=0x300001b60 rsi=0xc rdx=0xffffc @step 537298
     __libc_free rdi=0x300001b60 rsi=0xc rdx=0xffffc @step 537299
          malloc rdi=0x8 rsi=0x300001a20 rdx=0x3 @step 537485
          malloc rdi=0x8 rsi=0x300001a30 rdx=0x3 @step 537747
          calloc rdi=0x10 rsi=0x1 rdx=0x1 @step 538005
          malloc rdi=0x10 rsi=0x1 rdx=0x0 @step 538018
          malloc rdi=0x100 rsi=0x100 rdx=0x1 @step 538373
            mmap len=0x1000 -> 0x300034000 @step 538997
            free rdi=0x3000011a0 rsi=0x0 rdx=0x300034030 @step 540608
     __libc_free rdi=0x3000011a0 rsi=0x0 rdx=0x300034030 @step 540609
            free rdi=0x300001b90 rsi=0x1c rdx=0x210 @step 540763
     __libc_free rdi=0x300001b90 rsi=0x1c rdx=0x210 @step 540764
            free rdi=0x300001b80 rsi=0xc rdx=0x3ffffc @step 540918
     __libc_free rdi=0x300001b80 rsi=0xc rdx=0x3ffffc @step 540919
          malloc rdi=0x8 rsi=0x300034030 rdx=0x6 @step 541095
          malloc rdi=0x8 rsi=0x300001100 rdx=0x6 @step 541393
            free rdi=0x300001bb0 rsi=0x1 rdx=0x300001bb0 @step 541718
     __libc_free rdi=0x300001bb0 rsi=0x1 rdx=0x300001bb0 @step 541719
            free rdi=0x300001ba0 rsi=0xc rdx=0xfffffc @step 541866
     __libc_free rdi=0x300001ba0 rsi=0xc rdx=0xfffffc @step 541867
            free rdi=0x300001180 rsi=0xc rdx=0x2fffffc @step 542023
     __libc_free rdi=0x300001180 rsi=0xc rdx=0x2fffffc @step 542024
            free rdi=0x300034030 rsi=0x1c rdx=0xa10 @step 542180
     __libc_free rdi=0x300034030 rsi=0x1c rdx=0xa10 @step 542181
          malloc rdi=0x8 rsi=0x300001a20 rdx=0x3 @step 542895
          malloc rdi=0x8 rsi=0x300001a30 rdx=0x3 @step 543156
            free rdi=0x300001bd0 rsi=0x1 rdx=0x300001bd0 @step 543443
     __libc_free rdi=0x300001bd0 rsi=0x1 rdx=0x300001bd0 @step 543444
            free rdi=0x300001bc0 rsi=0xc rdx=0x3fffffc @step 543591
     __libc_free rdi=0x300001bc0 rsi=0xc rdx=0x3fffffc @step 543592
          malloc rdi=0x8 rsi=0x3000013a0 rdx=0x3 @step 543812
          malloc rdi=0x8 rsi=0x300001a30 rdx=0x3 @step 544073
            free rdi=0x300001bf0 rsi=0x1 rdx=0x300001bf0 @step 544361
     __libc_free rdi=0x300001bf0 rsi=0x1 rdx=0x300001bf0 @step 544362
            free rdi=0x300001be0 rsi=0xc rdx=0xffffffc @step 544509
     __libc_free rdi=0x300001be0 rsi=0xc rdx=0xffffffc @step 544510
            free rdi=0x300001a30 rsi=0xc rdx=0x3 @step 544684
     __libc_free rdi=0x300001a30 rsi=0xc rdx=0x3 @step 544685
            free rdi=0x300001a20 rsi=0xc rdx=0x3ffffffc @step 544840
     __libc_free rdi=0x300001a20 rsi=0xc rdx=0x3ffffffc @step 544841
            free rdi=0x300001450 rsi=0x2000012e8 rdx=0x0 @step 545265
     __libc_free rdi=0x300001450 rsi=0x2000012e8 rdx=0x0 @step 545266
          malloc rdi=0xc rsi=0x7ffffffffffffffc rdx=0x8000000000000000 @step 545707
          malloc rdi=0xc rsi=0x30000131c rdx=0x7fffffffffffff00 @step 545908
            free rdi=0x3000013e0 rsi=0x30000132c rdx=0x0 @step 546098
     __libc_free rdi=0x3000013e0 rsi=0x30000132c rdx=0x0 @step 546099
            free rdi=0x3000012e0 rsi=0x0 rdx=0x0 @step 546294
     __libc_free rdi=0x3000012e0 rsi=0x0 rdx=0x0 @step 546295
          malloc rdi=0xc rsi=0x7ffffffffffffffc rdx=0x8000000 @step 546462
          malloc rdi=0xc rsi=0x30000136c rdx=0x7fffffffffffff00 @step 546743
            free rdi=0x3000013e0 rsi=0x3000013d0 rdx=0xc @step 547121
     __libc_free rdi=0x3000013e0 rsi=0x3000013d0 rdx=0xc @step 547122
            free rdi=0x3000012e0 rsi=0x0 rdx=0x0 @step 547317
     __libc_free rdi=0x3000012e0 rsi=0x0 rdx=0x0 @step 547318
          malloc rdi=0xc rsi=0x7ffffffffffffffc rdx=0x8000000 @step 547481
            free rdi=0x3000012e0 rsi=0x3000013a0 rdx=0xc @step 547848
     __libc_free rdi=0x3000012e0 rsi=0x3000013a0 rdx=0xc @step 547849
          malloc rdi=0x4 rsi=0x0 rdx=0x0 @step 548058
          malloc rdi=0xc rsi=0x300001354 rdx=0x0 @step 548246
          malloc rdi=0xc rsi=0x30000136c rdx=0x0 @step 548515
          malloc rdi=0x140 rsi=0x8 rdx=0x140 @step 549291
          malloc rdi=0x4 rsi=0x1 rdx=0xa1 @step 549675
          malloc rdi=0x8 rsi=0x300001334 rdx=0x0 @step 549863
          malloc rdi=0x8 rsi=0x300001348 rdx=0x0 @step 550038
          malloc rdi=0x4 rsi=0x300001388 rdx=0x0 @step 550264
          malloc rdi=0x4 rsi=0x300001284 rdx=0x0 @step 550449
          malloc rdi=0x4 rsi=0x300001294 rdx=0x0 @step 550634
          malloc rdi=0x10 rsi=0x4 rdx=0x10 @step 550997
          malloc rdi=0x8 rsi=0x3000013a0 rdx=0x3 @step 551200
          malloc rdi=0x8 rsi=0x3000011c0 rdx=0x1 @step 551458
            free rdi=0x3000014b0 rsi=0x1 rdx=0x3000014b0 @step 551718
     __libc_free rdi=0x3000014b0 rsi=0x1 rdx=0x3000014b0 @step 551719
            free rdi=0x3000014a0 rsi=0x0 rdx=0x0 @step 551907
     __libc_free rdi=0x3000014a0 rsi=0x0 rdx=0x0 @step 551908
          malloc rdi=0x8 rsi=0x3000013d0 rdx=0x3 @step 552093
          malloc rdi=0x8 rsi=0x3000011c0 rdx=0x1 @step 552351
            free rdi=0x3000014d0 rsi=0x1 rdx=0x3000014d0 @step 552611
     __libc_free rdi=0x3000014d0 rsi=0x1 rdx=0x3000014d0 @step 552612
            free rdi=0x3000014c0 rsi=0xc rdx=0x180 @step 552759
     __libc_free rdi=0x3000014c0 rsi=0xc rdx=0x180 @step 552760
          malloc rdi=0x8 rsi=0x3000013a0 rdx=0x3 @step 552946
          malloc rdi=0x8 rsi=0x3000013d0 rdx=0x3 @step 553205
          calloc rdi=0x10 rsi=0x1 rdx=0x1 @step 553460
          malloc rdi=0x10 rsi=0x1 rdx=0x0 @step 553473
          malloc rdi=0x100 rsi=0x100 rdx=0x1 @step 553916
            mmap len=0x1000 -> 0x300035000 @step 554540
            free rdi=0x3000010c0 rsi=0x0 rdx=0x300035040 @step 556157
     __libc_free rdi=0x3000010c0 rsi=0x0 rdx=0x300035040 @step 556158
            free rdi=0x3000014f0 rsi=0x1 rdx=0x0 @step 556353
     __libc_free rdi=0x3000014f0 rsi=0x1 rdx=0x0 @step 556354
            free rdi=0x3000014e0 rsi=0xc rdx=0x780 @step 556508
     __libc_free rdi=0x3000014e0 rsi=0xc rdx=0x780 @step 556509
          malloc rdi=0x8 rsi=0x300035040 rdx=0x6 @step 556685
          malloc rdi=0x8 rsi=0x300001100 rdx=0x6 @step 556980
            free rdi=0x300001510 rsi=0x1 rdx=0x300001510 @step 557302
     __libc_free rdi=0x300001510 rsi=0x1 rdx=0x300001510 @step 557303
            free rdi=0x300001500 rsi=0xc rdx=0x1f80 @step 557450
     __libc_free rdi=0x300001500 rsi=0xc rdx=0x1f80 @step 557451
            free rdi=0x3000011c0 rsi=0xc rdx=0x5f80 @step 557607
     __libc_free rdi=0x3000011c0 rsi=0xc rdx=0x5f80 @step 557608
            free rdi=0x300035040 rsi=0x1c rdx=0x10 @step 557764
     __libc_free rdi=0x300035040 rsi=0x1c rdx=0x10 @step 557765
          malloc rdi=0x8 rsi=0x3000013a0 rdx=0x3 @step 558478
          malloc rdi=0x8 rsi=0x3000013d0 rdx=0x3 @step 558736
            free rdi=0x300001530 rsi=0x1 rdx=0x300001530 @step 559020
     __libc_free rdi=0x300001530 rsi=0x1 rdx=0x300001530 @step 559021
            free rdi=0x300001520 rsi=0xc rdx=0x7f80 @step 559168
     __libc_free rdi=0x300001520 rsi=0xc rdx=0x7f80 @step 559169
          malloc rdi=0x4 rsi=0x1 rdx=0x17f80 @step 559356
          malloc rdi=0x4 rsi=0x11 rdx=0xb1 @step 559504
          malloc rdi=0x4 rsi=0x12 rdx=0xb2 @step 559650
          malloc rdi=0x140 rsi=0x8 rdx=0x140 @step 559849
            mmap len=0x1000 -> 0x300036000 @step 560510
            free rdi=0x300001540 rsi=0x1 rdx=0x4 @step 561248
     __libc_free rdi=0x300001540 rsi=0x1 rdx=0x4 @step 561249
            free rdi=0x300001550 rsi=0xc rdx=0x1ff80 @step 561403
     __libc_free rdi=0x300001550 rsi=0xc rdx=0x1ff80 @step 561404
            free rdi=0x300001560 rsi=0xc rdx=0x3ff80 @step 561558
     __libc_free rdi=0x300001560 rsi=0xc rdx=0x3ff80 @step 561559
            free rdi=0x300036090 rsi=0xc rdx=0x7ff80 @step 561720
     __libc_free rdi=0x300036090 rsi=0xc rdx=0x7ff80 @step 561721
          malloc rdi=0x18 rsi=0x3fffffffffffffff rdx=0x7ffffffffffffffc @step 562430
            free rdi=0x300001160 rsi=0x3fffffffffffffff rdx=0x0 @step 562609
     __libc_free rdi=0x300001160 rsi=0x3fffffffffffffff rdx=0x0 @step 562610
          malloc rdi=0x4 rsi=0x3fffffffffffffff rdx=0x22a4 @step 562839
          malloc rdi=0x4 rsi=0x14 rdx=0xb4 @step 562997
          malloc rdi=0x8 rsi=0x300001580 rdx=0x1 @step 563216
          malloc rdi=0x8 rsi=0x469e68 rdx=0x1 @step 563450
          malloc rdi=0x20 rsi=0x20 rdx=0x7ffef358 @step 563740
          malloc rdi=0x100 rsi=0x100 rdx=0x1 @step 563965
            mmap len=0x1000 -> 0x300037000 @step 564589
            free rdi=0x300001ea0 rsi=0x0 rdx=0x300037060 @step 566234
     __libc_free rdi=0x300001ea0 rsi=0x0 rdx=0x300037060 @step 566235
            free rdi=0x3000015a0 rsi=0x2c rdx=0x7 @step 566389
     __libc_free rdi=0x3000015a0 rsi=0x2c rdx=0x7 @step 566390
            free rdi=0x300001590 rsi=0xc rdx=0xfff80 @step 566544
     __libc_free rdi=0x300001590 rsi=0xc rdx=0xfff80 @step 566545
            free rdi=0x300001580 rsi=0xc rdx=0x8fff80 @step 566692
     __libc_free rdi=0x300001580 rsi=0xc rdx=0x8fff80 @step 566693
          malloc rdi=0x4 rsi=0x300037064 rdx=0x0 @step 566912
            free rdi=0x300001570 rsi=0x18 rdx=0xb8 @step 567071
     __libc_free rdi=0x300001570 rsi=0x18 rdx=0xb8 @step 567072
            free rdi=0x300037060 rsi=0xc rdx=0xefff80 @step 567227
     __libc_free rdi=0x300037060 rsi=0xc rdx=0xefff80 @step 567228
          malloc rdi=0x4 rsi=0x3fffffffffffffff rdx=0x1000 @step 567923
            free rdi=0x3000015c0 rsi=0x3000015c0 rdx=0x4 @step 568146
     __libc_free rdi=0x3000015c0 rsi=0x3000015c0 rdx=0x4 @step 568147
            free rdi=0x3000015b0 rsi=0xc rdx=0xffff80 @step 568302
     __libc_free rdi=0x3000015b0 rsi=0xc rdx=0xffff80 @step 568303
          malloc rdi=0x8 rsi=0x300001480 rdx=0x1 @step 568497
          malloc rdi=0x8 rsi=0x300001490 rdx=0x1 @step 568735
          calloc rdi=0x10 rsi=0x1 rdx=0x1 @step 568969
          malloc rdi=0x10 rsi=0x1 rdx=0x0 @step 568982
          malloc rdi=0x100 rsi=0x100 rdx=0x1 @step 569337
            mmap len=0x1000 -> 0x300038000 @step 569961
            free rdi=0x300001180 rsi=0x0 rdx=0x300038030 @step 571600
     __libc_free rdi=0x300001180 rsi=0x0 rdx=0x300038030 @step 571601
            free rdi=0x3000015e0 rsi=0x1c rdx=0x1210 @step 571755
     __libc_free rdi=0x3000015e0 rsi=0x1c rdx=0x1210 @step 571756
            free rdi=0x3000015d0 rsi=0xc rdx=0x3ffff80 @step 571910
     __libc_free rdi=0x3000015d0 rsi=0xc rdx=0x3ffff80 @step 571911
          malloc rdi=0x8 rsi=0x300038030 rdx=0x1 @step 572087
          malloc rdi=0x8 rsi=0x300001100 rdx=0x6 @step 572324
            free rdi=0x300001600 rsi=0x1 rdx=0x300001600 @step 572648
     __libc_free rdi=0x300001600 rsi=0x1 rdx=0x300001600 @step 572649
            free rdi=0x3000015f0 rsi=0xc rdx=0xfffff80 @step 572796
     __libc_free rdi=0x3000015f0 rsi=0xc rdx=0xfffff80 @step 572797
            free rdi=0x300038030 rsi=0xc rdx=0x2fffff80 @step 572954
     __libc_free rdi=0x300038030 rsi=0xc rdx=0x2fffff80 @step 572955
          malloc rdi=0x18 rsi=0x3fffffffffffffff rdx=0x7ffffffffffffffc @step 573686
            free rdi=0x3000011a0 rsi=0x3fffffffffffffff rdx=0x0 @step 573865
     __libc_free rdi=0x3000011a0 rsi=0x3fffffffffffffff rdx=0x0 @step 573866
          malloc rdi=0x4 rsi=0x3fffffffffffffff rdx=0x22a4 @step 574109
          malloc rdi=0x4 rsi=0x7 rdx=0xa7 @step 574358
          malloc rdi=0x8 rsi=0x3000014b0 rdx=0x1 @step 574580
          malloc rdi=0x8 rsi=0x469e68 rdx=0x1 @step 574817
          malloc rdi=0x20 rsi=0x20 rdx=0x7ffef358 @step 575110
          malloc rdi=0x100 rsi=0x100 rdx=0x1 @step 575335
            mmap len=0x1000 -> 0x300039000 @step 575959
            free rdi=0x300001ed0 rsi=0x0 rdx=0x300039040 @step 577604
     __libc_free rdi=0x300001ed0 rsi=0x0 rdx=0x300039040 @step 577605
            free rdi=0x3000014d0 rsi=0x2c rdx=0xf @step 577759
     __libc_free rdi=0x3000014d0 rsi=0x2c rdx=0xf @step 577760
            free rdi=0x3000014c0 rsi=0x0 rdx=0x0 @step 577955
     __libc_free rdi=0x3000014c0 rsi=0x0 rdx=0x0 @step 577956
            free rdi=0x3000014b0 rsi=0xc rdx=0x400 @step 578103
     __libc_free rdi=0x3000014b0 rsi=0xc rdx=0x400 @step 578104
          malloc rdi=0x4 rsi=0x300039044 rdx=0x0 @step 578323
            free rdi=0x3000014a0 rsi=0xb rdx=0xab @step 578482
     __libc_free rdi=0x3000014a0 rsi=0xb rdx=0xab @step 578483
            free rdi=0x300039040 rsi=0xc rdx=0x700 @step 578638
     __libc_free rdi=0x300039040 rsi=0xc rdx=0x700 @step 578639
          malloc rdi=0x4 rsi=0x3fffffffffffffff rdx=0x1000 @step 579327
          malloc rdi=0x8 rsi=0x3000014f0 rdx=0x1 @step 579549
          malloc rdi=0x8 rsi=0x469e68 rdx=0x1 @step 579786
          malloc rdi=0x20 rsi=0x20 rdx=0x7ffef358 @step 580079
          malloc rdi=0x100 rsi=0x100 rdx=0x1 @step 580304
            mmap len=0x1000 -> 0x30003a000 @step 580928
            free rdi=0x300001f30 rsi=0x0 rdx=0x30003a050 @step 582573
     __libc_free rdi=0x300001f30 rsi=0x0 rdx=0x30003a050 @step 582574
            free rdi=0x300001510 rsi=0x2c rdx=0x1f @step 582728
     __libc_free rdi=0x300001510 rsi=0x2c rdx=0x1f @step 582729
            free rdi=0x300001500 rsi=0xc rdx=0x780 @step 582883
     __libc_free rdi=0x300001500 rsi=0xc rdx=0x780 @step 582884
            free rdi=0x3000014f0 rsi=0xc rdx=0x4780 @step 583031
     __libc_free rdi=0x3000014f0 rsi=0xc rdx=0x4780 @step 583032
          malloc rdi=0x4 rsi=0x30003a054 rdx=0x0 @step 583268
            free rdi=0x3000014e0 rsi=0xf rdx=0xaf @step 583427
     __libc_free rdi=0x3000014e0 rsi=0xf rdx=0xaf @step 583428
            free rdi=0x30003a050 rsi=0xc rdx=0x7780 @step 583583
     __libc_free rdi=0x30003a050 rsi=0xc rdx=0x7780 @step 583584
          malloc rdi=0x4 rsi=0x3fffffffffffffff rdx=0x1000 @step 584279
            free rdi=0x300001530 rsi=0x300001530 rdx=0x4 @step 584502
     __libc_free rdi=0x300001530 rsi=0x300001530 rdx=0x4 @step 584503
            free rdi=0x300001520 rsi=0xc rdx=0x7f80 @step 584658
     __libc_free rdi=0x300001520 rsi=0xc rdx=0x7f80 @step 584659
          malloc rdi=0x8 rsi=0x300001450 rdx=0x2 @step 584853
          malloc rdi=0x8 rsi=0x300001460 rdx=0x2 @step 585103
          calloc rdi=0x10 rsi=0x1 rdx=0x1 @step 585349
          malloc rdi=0x10 rsi=0x1 rdx=0x0 @step 585362
          malloc rdi=0x100 rsi=0x100 rdx=0x1 @step 585805
            mmap len=0x1000 -> 0x30003b000 @step 586429
            free rdi=0x3000010c0 rsi=0x0 rdx=0x30003b060 @step 588070
     __libc_free rdi=0x3000010c0 rsi=0x0 rdx=0x30003b060 @step 588071
            free rdi=0x300001550 rsi=0x1 rdx=0x0 @step 588266
     __libc_free rdi=0x300001550 rsi=0x1 rdx=0x0 @step 588267
            free rdi=0x300001540 rsi=0xc rdx=0x1ff80 @step 588421
     __libc_free rdi=0x300001540 rsi=0xc rdx=0x1ff80 @step 588422
          malloc rdi=0x8 rsi=0x30003b060 rdx=0x2 @step 588598
          malloc rdi=0x8 rsi=0x300001100 rdx=0x6 @step 588847
            free rdi=0x300001570 rsi=0x1 rdx=0x300001570 @step 589171
     __libc_free rdi=0x300001570 rsi=0x1 rdx=0x300001570 @step 589172
            free rdi=0x300001560 rsi=0xc rdx=0x7ff80 @step 589319
     __libc_free rdi=0x300001560 rsi=0xc rdx=0x7ff80 @step 589320
            free rdi=0x30003b060 rsi=0xc rdx=0x17ff80 @step 589477
     __libc_free rdi=0x30003b060 rsi=0xc rdx=0x17ff80 @step 589478
          malloc rdi=0x4 rsi=0x300001470 rdx=0x1 @step 590181
          malloc rdi=0x4 rsi=0x300001480 rdx=0x1 @step 590387
          malloc rdi=0x4 rsi=0x300001490 rdx=0x1 @step 590594
          malloc rdi=0x4 rsi=0x300001501 rdx=0x45ec40 @step 590891
            free rdi=0x3000015b0 rsi=0x300001584 rdx=0x0 @step 591128
     __libc_free rdi=0x3000015b0 rsi=0x300001584 rdx=0x0 @step 591129
          malloc rdi=0x4 rsi=0x0 rdx=0x45ec40 @step 591303
          malloc rdi=0x8 rsi=0x3000015c0 rdx=0x1 @step 591557
          malloc rdi=0x8 rsi=0x469e68 rdx=0x1 @step 591794
          malloc rdi=0x20 rsi=0x20 rdx=0x7ffef2b8 @step 592087
          malloc rdi=0x100 rsi=0x100 rdx=0x1 @step 592312
            mmap len=0x1000 -> 0x30003c000 @step 592936
            free rdi=0x300001f60 rsi=0x0 rdx=0x30003c030 @step 594575
     __libc_free rdi=0x300001f60 rsi=0x0 rdx=0x30003c030 @step 594576
            free rdi=0x3000015e0 rsi=0x2c rdx=0x5f @step 594730
     __libc_free rdi=0x3000015e0 rsi=0x2c rdx=0x5f @step 594731
            free rdi=0x3000015d0 rsi=0xc rdx=0x11fff80 @step 594885
     __libc_free rdi=0x3000015d0 rsi=0xc rdx=0x11fff80 @step 594886
            free rdi=0x3000015c0 rsi=0xc rdx=0x91fff80 @step 595033
     __libc_free rdi=0x3000015c0 rsi=0xc rdx=0x91fff80 @step 595034
          malloc rdi=0x4 rsi=0xc rdx=0xd1fff80 @step 595199
          malloc rdi=0x4 rsi=0x300001594 rdx=0x0 @step 595384
         realloc rdi=0x3000015f0 rsi=0x10 rdx=0x10 @step 595623
  __libc_realloc rdi=0x3000015f0 rsi=0x10 rdx=0x10 @step 595624
     __libc_free rdi=0x3000015f0 rsi=0x3000015f4 rdx=0x0 @step 595922
         realloc rdi=0x300001600 rsi=0x10 rdx=0x10 @step 596174
  __libc_realloc rdi=0x300001600 rsi=0x10 rdx=0x10 @step 596175
     __libc_free rdi=0x300001600 rsi=0x300001604 rdx=0x0 @step 596473
          malloc rdi=0x4 rsi=0x30003c034 rdx=0x0 @step 596696
          malloc rdi=0x140 rsi=0x8 rdx=0x140 @step 597003
            free rdi=0x30003c030 rsi=0x0 rdx=0x30003c430 @step 597612
     __libc_free rdi=0x30003c030 rsi=0x0 rdx=0x30003c430 @step 597613
          malloc rdi=0x4 rsi=0x1 rdx=0x45ec40 @step 598021
          malloc rdi=0x8 rsi=0x3000014b0 rdx=0x1 @step 598263
          malloc rdi=0x8 rsi=0x469e68 rdx=0x1 @step 598500
          malloc rdi=0x20 rsi=0x20 rdx=0x7ffef2b8 @step 598793
          malloc rdi=0x100 rsi=0x100 rdx=0x1 @step 599018
            free rdi=0x300001f90 rsi=0x0 rdx=0x30003c040 @step 600742
     __libc_free rdi=0x300001f90 rsi=0x0 rdx=0x30003c040 @step 600743
            free rdi=0x3000014d0 rsi=0x2c rdx=0xdf @step 600897
     __libc_free rdi=0x3000014d0 rsi=0x2c rdx=0xdf @step 600898
            free rdi=0x3000014c0 rsi=0x0 rdx=0x0 @step 601093
     __libc_free rdi=0x3000014c0 rsi=0x0 rdx=0x0 @step 601094
            free rdi=0x3000014b0 rsi=0xc rdx=0x400 @step 601241
     __libc_free rdi=0x3000014b0 rsi=0xc rdx=0x400 @step 601242
          malloc rdi=0x4 rsi=0xc rdx=0x600 @step 601419
          malloc rdi=0x4 rsi=0x300001594 rdx=0x0 @step 601604
         realloc rdi=0x3000014e0 rsi=0x10 rdx=0x10 @step 601843
  __libc_realloc rdi=0x3000014e0 rsi=0x10 rdx=0x10 @step 601844
     __libc_free rdi=0x3000014e0 rsi=0x3000014e4 rdx=0x0 @step 602142
         realloc rdi=0x3000014f0 rsi=0x10 rdx=0x10 @step 602394
  __libc_realloc rdi=0x3000014f0 rsi=0x10 rdx=0x10 @step 602395
     __libc_free rdi=0x3000014f0 rsi=0x3000014f4 rdx=0x0 @step 602693
          malloc rdi=0x4 rsi=0x30003c044 rdx=0x0 @step 602916
            free rdi=0x30003c040 rsi=0xd rdx=0x30003c430 @step 603110
     __libc_free rdi=0x30003c040 rsi=0xd rdx=0x30003c430 @step 603111
          malloc rdi=0x4 rsi=0x0 rdx=0x45ec40 @step 603506
          malloc rdi=0x8 rsi=0x300001510 rdx=0x1 @step 603748
          malloc rdi=0x8 rsi=0x469e68 rdx=0x1 @step 603985
          malloc rdi=0x20 rsi=0x20 rdx=0x7ffef2b8 @step 604278
          malloc rdi=0x100 rsi=0x100 rdx=0x1 @step 604503
            free rdi=0x300001fc0 rsi=0x0 rdx=0x30003c050 @step 606227
     __libc_free rdi=0x300001fc0 rsi=0x0 rdx=0x30003c050 @step 606228
            free rdi=0x300001530 rsi=0x2c rdx=0x1df @step 606382
     __libc_free rdi=0x300001530 rsi=0x2c rdx=0x1df @step 606383
            free rdi=0x300001520 rsi=0xc rdx=0x1f00 @step 606537
     __libc_free rdi=0x300001520 rsi=0xc rdx=0x1f00 @step 606538
            free rdi=0x300001510 rsi=0xc rdx=0x11f00 @step 606685
     __libc_free rdi=0x300001510 rsi=0xc rdx=0x11f00 @step 606686
          malloc rdi=0x8 rsi=0x30003c050 rdx=0x1 @step 606880
          malloc rdi=0x8 rsi=0x469e68 rdx=0x1 @step 607117
          malloc rdi=0x20 rsi=0x20 rdx=0x7ffef2b8 @step 607410
          malloc rdi=0x100 rsi=0x100 rdx=0x1 @step 607723
            free rdi=0x300001e10 rsi=0x1 rdx=0x30003c170 @step 609049
     __libc_free rdi=0x300001e10 rsi=0x1 rdx=0x30003c170 @step 609050
            free rdi=0x300001550 rsi=0x2 rdx=0x0 @step 609245
     __libc_free rdi=0x300001550 rsi=0x2 rdx=0x0 @step 609246
            free rdi=0x300001540 rsi=0xc rdx=0x1df00 @step 609400
     __libc_free rdi=0x300001540 rsi=0xc rdx=0x1df00 @step 609401
            free rdi=0x30003c050 rsi=0xc rdx=0x5df00 @step 609548
     __libc_free rdi=0x30003c050 rsi=0xc rdx=0x5df00 @step 609549
            free rdi=0x30003c170 rsi=0xd rdx=0x0 @step 609755
     __libc_free rdi=0x30003c170 rsi=0xd rdx=0x0 @step 609756
          malloc rdi=0x18 rsi=0x3fffffffffffffff rdx=0x7ffffffffffffffc @step 610404
            free rdi=0x3000010c0 rsi=0x3fffffffffffffff rdx=0x0 @step 610671
     __libc_free rdi=0x3000010c0 rsi=0x3fffffffffffffff rdx=0x0 @step 610672
          malloc rdi=0x4 rsi=0x3fffffffffffffff rdx=0x22a4 @step 610962
          malloc rdi=0x4 rsi=0x13 rdx=0xb3 @step 611123
          malloc rdi=0x8 rsi=0x300001570 rdx=0x1 @step 611345
          malloc rdi=0x8 rsi=0x469e68 rdx=0x1 @step 611582
          malloc rdi=0x20 rsi=0x20 rdx=0x7ffef258 @step 611875
          malloc rdi=0x100 rsi=0x100 rdx=0x1 @step 612100
            free rdi=0x300001e40 rsi=0x0 rdx=0x30003c060 @step 613824
     __libc_free rdi=0x300001e40 rsi=0x0 rdx=0x30003c060 @step 613825
            free rdi=0x3000015c0 rsi=0x2c rdx=0x1 @step 613979
     __libc_free rdi=0x3000015c0 rsi=0x2c rdx=0x1 @step 613980
            free rdi=0x3000015b0 rsi=0xc rdx=0x7df00 @step 614134
     __libc_free rdi=0x3000015b0 rsi=0xc rdx=0x7df00 @step 614135
            free rdi=0x300001570 rsi=0xc rdx=0x207df00 @step 614282
     __libc_free rdi=0x300001570 rsi=0xc rdx=0x207df00 @step 614283
          malloc rdi=0x4 rsi=0x30003c064 rdx=0x0 @step 614502
            free rdi=0x300001560 rsi=0x1a rdx=0xba @step 614661
     __libc_free rdi=0x300001560 rsi=0x1a rdx=0xba @step 614662
            free rdi=0x30003c060 rsi=0xc rdx=0x317df00 @step 614817
     __libc_free rdi=0x30003c060 rsi=0xc rdx=0x317df00 @step 614818
          malloc rdi=0x4 rsi=0x3fffffffffffffff rdx=0x0 @step 615208
          malloc rdi=0x8 rsi=0x3000015e0 rdx=0x1 @step 615430
          malloc rdi=0x8 rsi=0x469e68 rdx=0x1 @step 615667
          malloc rdi=0x20 rsi=0x20 rdx=0x7ffef258 @step 615960
          malloc rdi=0x100 rsi=0x100 rdx=0x1 @step 616185
            free rdi=0x300001e70 rsi=0x0 rdx=0x30003c030 @step 617918
     __libc_free rdi=0x300001e70 rsi=0x0 rdx=0x30003c030 @step 617919
            free rdi=0x300001600 rsi=0x2c rdx=0x3 @step 618073
     __libc_free rdi=0x300001600 rsi=0x2c rdx=0x3 @step 618074
            free rdi=0x3000015f0 rsi=0xc rdx=0x31fdf00 @step 618228
     __libc_free rdi=0x3000015f0 rsi=0xc rdx=0x31fdf00 @step 618229
            free rdi=0x3000015e0 rsi=0xc rdx=0x231fdf00 @step 618376
     __libc_free rdi=0x3000015e0 rsi=0xc rdx=0x231fdf00 @step 618377
          malloc rdi=0x4 rsi=0x30003c034 rdx=0x0 @step 618613
            free rdi=0x3000015d0 rsi=0x8 rdx=0xa8 @step 618860
     __libc_free rdi=0x3000015d0 rsi=0x8 rdx=0xa8 @step 618861
            free rdi=0x30003c030 rsi=0x0 rdx=0x0 @step 619057
     __libc_free rdi=0x30003c030 rsi=0x0 rdx=0x0 @step 619058
          malloc rdi=0x4 rsi=0x3fffffffffffffff rdx=0x0 @step 619455
            free rdi=0x3000014c0 rsi=0x3000014c0 rdx=0x4 @step 619678
     __libc_free rdi=0x3000014c0 rsi=0x3000014c0 rdx=0x4 @step 619679
            free rdi=0x3000014b0 rsi=0xc rdx=0x4000000 @step 619834
     __libc_free rdi=0x3000014b0 rsi=0xc rdx=0x4000000 @step 619835
          malloc rdi=0x8 rsi=0x300001160 rdx=0x2 @step 620029
          malloc rdi=0x8 rsi=0x300001180 rdx=0x2 @step 620279
          calloc rdi=0x10 rsi=0x1 rdx=0x1 @step 620525
          malloc rdi=0x10 rsi=0x1 rdx=0x0 @step 620538
          malloc rdi=0x100 rsi=0x100 rdx=0x1 @step 620981
            free rdi=0x3000010c0 rsi=0x0 rdx=0x30003c040 @step 622701
     __libc_free rdi=0x3000010c0 rsi=0x0 rdx=0x30003c040 @step 622702
            free rdi=0x3000014e0 rsi=0x1 rdx=0x0 @step 622903
     __libc_free rdi=0x3000014e0 rsi=0x1 rdx=0x0 @step 622904
            free rdi=0x3000014d0 rsi=0xc rdx=0x4000300 @step 623058
     __libc_free rdi=0x3000014d0 rsi=0xc rdx=0x4000300 @step 623059
          malloc rdi=0x8 rsi=0x30003c040 rdx=0x2 @step 623235
          malloc rdi=0x8 rsi=0x300001100 rdx=0x6 @step 623484
            free rdi=0x300001510 rsi=0x1 rdx=0x300001510 @step 623808
     __libc_free rdi=0x300001510 rsi=0x1 rdx=0x300001510 @step 623809
            free rdi=0x3000014f0 rsi=0xc rdx=0x4000f00 @step 623956
     __libc_free rdi=0x3000014f0 rsi=0xc rdx=0x4000f00 @step 623957
            free rdi=0x30003c040 rsi=0xc rdx=0x4004f00 @step 624114
     __libc_free rdi=0x30003c040 rsi=0xc rdx=0x4004f00 @step 624115
            free rdi=0x300001580 rsi=0x2000011d0 rdx=0x0 @step 624554
     __libc_free rdi=0x300001580 rsi=0x2000011d0 rdx=0x0 @step 624555
            free rdi=0x300001590 rsi=0xc rdx=0x4005f00 @step 624709
     __libc_free rdi=0x300001590 rsi=0xc rdx=0x4005f00 @step 624710
            free rdi=0x3000015a0 rsi=0xc rdx=0x4205f00 @step 624865
     __libc_free rdi=0x3000015a0 rsi=0xc rdx=0x4205f00 @step 624866
            free rdi=0x300001500 rsi=0xc rdx=0x4605f00 @step 625049
     __libc_free rdi=0x300001500 rsi=0xc rdx=0x4605f00 @step 625050
            free rdi=0x3000011a0 rsi=0xc rdx=0x4e05f00 @step 625204
     __libc_free rdi=0x3000011a0 rsi=0xc rdx=0x4e05f00 @step 625205
            free rdi=0x3000011c0 rsi=0x1c rdx=0x10 @step 625359
     __libc_free rdi=0x3000011c0 rsi=0x1c rdx=0x10 @step 625360
            free rdi=0x30003c430 rsi=0x1c rdx=0x810 @step 625522
     __libc_free rdi=0x30003c430 rsi=0x1c rdx=0x810 @step 625523
            free rdi=0x3000014a0 rsi=0x300001460 rdx=0x8 @step 626408
     __libc_free rdi=0x3000014a0 rsi=0x300001460 rdx=0x8 @step 626409
            free rdi=0x300001160 rsi=0xc rdx=0x4e07f00 @step 626563
     __libc_free rdi=0x300001160 rsi=0xc rdx=0x4e07f00 @step 626564
            free rdi=0x300001180 rsi=0x1c rdx=0x1810 @step 626719
     __libc_free rdi=0x300001180 rsi=0x1c rdx=0x1810 @step 626720
          malloc rdi=0x18 rsi=0x3fffffffffffffff rdx=0x7ffffffffffffffc @step 626919
            free rdi=0x3000010c0 rsi=0x3fffffffffffffff rdx=0x0 @step 627186
     __libc_free rdi=0x3000010c0 rsi=0x3fffffffffffffff rdx=0x0 @step 627187
          malloc rdi=0x4 rsi=0x3fffffffffffffff rdx=0x22a4 @step 627485
          malloc rdi=0x4 rsi=0xf rdx=0xaf @step 627646
          malloc rdi=0x8 rsi=0x300001530 rdx=0x1 @step 627868
          malloc rdi=0x8 rsi=0x469e68 rdx=0x1 @step 628105
          malloc rdi=0x20 rsi=0x20 rdx=0x7ffef358 @step 628398
          malloc rdi=0x100 rsi=0x100 rdx=0x1 @step 628623
            mmap len=0x1000 -> 0x30003d000 @step 629247
            free rdi=0x300001ea0 rsi=0x0 rdx=0x30003d040 @step 630892
     __libc_free rdi=0x300001ea0 rsi=0x0 rdx=0x30003d040 @step 630893
            free rdi=0x300001550 rsi=0x2c rdx=0x7 @step 631047
     __libc_free rdi=0x300001550 rsi=0x2c rdx=0x7 @step 631048
            free rdi=0x300001540 rsi=0xc rdx=0x4e07f80 @step 631202
     __libc_free rdi=0x300001540 rsi=0xc rdx=0x4e07f80 @step 631203
            free rdi=0x300001530 rsi=0xc rdx=0x4e47f80 @step 631350
     __libc_free rdi=0x300001530 rsi=0xc rdx=0x4e47f80 @step 631351
          malloc rdi=0x4 rsi=0x30003d044 rdx=0x0 @step 631570
            free rdi=0x300001520 rsi=0x13 rdx=0xb3 @step 631729
     __libc_free rdi=0x300001520 rsi=0x13 rdx=0xb3 @step 631730
            free rdi=0x30003d040 rsi=0xc rdx=0x4e77f80 @step 631885
     __libc_free rdi=0x30003d040 rsi=0xc rdx=0x4e77f80 @step 631886
          malloc rdi=0x4 rsi=0x3fffffffffffffff rdx=0x1000 @step 632574
          malloc rdi=0x8 rsi=0x300001570 rdx=0x1 @step 632796
          malloc rdi=0x8 rsi=0x469e68 rdx=0x1 @step 633033
          malloc rdi=0x20 rsi=0x20 rdx=0x7ffef358 @step 633326
          malloc rdi=0x100 rsi=0x100 rdx=0x1 @step 633551
            mmap len=0x1000 -> 0x30003e000 @step 634175
            free rdi=0x300001ed0 rsi=0x0 rdx=0x30003e050 @step 635820
     __libc_free rdi=0x300001ed0 rsi=0x0 rdx=0x30003e050 @step 635821
            free rdi=0x3000015c0 rsi=0x2c rdx=0xf @step 635975
     __libc_free rdi=0x3000015c0 rsi=0x2c rdx=0xf @step 635976
            free rdi=0x3000015b0 rsi=0xc rdx=0x4e7ff80 @step 636130
     __libc_free rdi=0x3000015b0 rsi=0xc rdx=0x4e7ff80 @step 636131
            free rdi=0x300001570 rsi=0xc rdx=0x6e7ff80 @step 636278
     __libc_free rdi=0x300001570 rsi=0xc rdx=0x6e7ff80 @step 636279
          malloc rdi=0x4 rsi=0x30003e054 rdx=0x0 @step 636515
            free rdi=0x300001560 rsi=0x1b rdx=0xbb @step 636674
     __libc_free rdi=0x300001560 rsi=0x1b rdx=0xbb @step 636675
            free rdi=0x30003e050 rsi=0xc rdx=0x7f7ff80 @step 636830
     __libc_free rdi=0x30003e050 rsi=0xc rdx=0x7f7ff80 @step 636831
          malloc rdi=0x4 rsi=0x3fffffffffffffff rdx=0x1000 @step 637519
          malloc rdi=0x8 rsi=0x3000015f0 rdx=0x1 @step 637741
          malloc rdi=0x8 rsi=0x469e68 rdx=0x1 @step 637978
          malloc rdi=0x20 rsi=0x20 rdx=0x7ffef358 @step 638359
          malloc rdi=0x100 rsi=0x100 rdx=0x1 @step 638584
            mmap len=0x1000 -> 0x30003f000 @step 639208
            free rdi=0x300001f30 rsi=0x0 rdx=0x30003f060 @step 640853
     __libc_free rdi=0x300001f30 rsi=0x0 rdx=0x30003f060 @step 640854
            free rdi=0x3000014a0 rsi=0x2c rdx=0x1f @step 641008
     __libc_free rdi=0x3000014a0 rsi=0x2c rdx=0x1f @step 641009
            free rdi=0x300001600 rsi=0x0 rdx=0x0 @step 641204
     __libc_free rdi=0x300001600 rsi=0x0 rdx=0x0 @step 641205
            free rdi=0x3000015f0 rsi=0xc rdx=0x80 @step 641352
     __libc_free rdi=0x3000015f0 rsi=0xc rdx=0x80 @step 641353
          malloc rdi=0x8 rsi=0x30003f060 rdx=0x1 @step 641576
          malloc rdi=0x8 rsi=0x469e68 rdx=0x1 @step 641813
          malloc rdi=0x20 rsi=0x20 rdx=0x7ffef358 @step 642106
          malloc rdi=0x100 rsi=0x100 rdx=0x1 @step 642331
            free rdi=0x300001f60 rsi=0x1 rdx=0x30003f1a0 @step 643663
     __libc_free rdi=0x300001f60 rsi=0x1 rdx=0x30003f1a0 @step 643664
            free rdi=0x3000014c0 rsi=0x2c rdx=0x5f @step 643818
     __libc_free rdi=0x3000014c0 rsi=0x2c rdx=0x5f @step 643819
            free rdi=0x3000014b0 rsi=0xc rdx=0x30000080 @step 643973
     __libc_free rdi=0x3000014b0 rsi=0xc rdx=0x30000080 @step 643974
            free rdi=0x30003f060 rsi=0xc rdx=0x30000280 @step 644121
     __libc_free rdi=0x30003f060 rsi=0xc rdx=0x30000280 @step 644122
          malloc rdi=0x4 rsi=0x2 rdx=0x7ffffffffffffffc @step 644358
            free rdi=0x3000015e0 rsi=0x30003f1a8 rdx=0x0 @step 644550
     __libc_free rdi=0x3000015e0 rsi=0x30003f1a8 rdx=0x0 @step 644551
            free rdi=0x30003f1a0 rsi=0xc rdx=0x30000380 @step 644706
     __libc_free rdi=0x30003f1a0 rsi=0xc rdx=0x30000380 @step 644707
          malloc rdi=0x4 rsi=0x3fffffffffffffff rdx=0x1000 @step 645405
            free rdi=0x3000014e0 rsi=0x3000014e0 rdx=0x4 @step 645628
     __libc_free rdi=0x3000014e0 rsi=0x3000014e0 rdx=0x4 @step 645629
            free rdi=0x3000014d0 rsi=0xc rdx=0x38000380 @step 645784
     __libc_free rdi=0x3000014d0 rsi=0xc rdx=0x38000380 @step 645785
          malloc rdi=0x8 rsi=0x3000012e0 rdx=0x3 @step 645979
          malloc rdi=0x8 rsi=0x300001430 rdx=0x3 @step 646241
          calloc rdi=0x10 rsi=0x1 rdx=0x1 @step 646499
          malloc rdi=0x10 rsi=0x1 rdx=0x0 @step 646512
          malloc rdi=0x100 rsi=0x100 rdx=0x1 @step 646867
            mmap len=0x1000 -> 0x300040000 @step 647491
            free rdi=0x300001160 rsi=0x0 rdx=0x300040030 @step 649102
     __libc_free rdi=0x300001160 rsi=0x0 rdx=0x300040030 @step 649103
            free rdi=0x300001500 rsi=0x1c rdx=0x10 @step 649257
     __libc_free rdi=0x300001500 rsi=0x1c rdx=0x10 @step 649258
            free rdi=0x3000014f0 rsi=0xc rdx=0x38000f80 @step 649412
     __libc_free rdi=0x3000014f0 rsi=0xc rdx=0x38000f80 @step 649413
          malloc rdi=0x8 rsi=0x300040030 rdx=0x6 @step 649589
          malloc rdi=0x8 rsi=0x300001100 rdx=0x6 @step 649887
            free rdi=0x300001520 rsi=0x1 rdx=0x300001520 @step 650212
     __libc_free rdi=0x300001520 rsi=0x1 rdx=0x300001520 @step 650213
            free rdi=0x300001510 rsi=0xc rdx=0x38003f80 @step 650360
     __libc_free rdi=0x300001510 rsi=0xc rdx=0x38003f80 @step 650361
            free rdi=0x300040030 rsi=0xc rdx=0x3800bf80 @step 650518
     __libc_free rdi=0x300040030 rsi=0xc rdx=0x3800bf80 @step 650519
          malloc rdi=0x4 rsi=0x300001440 rdx=0x1 @step 651222
          malloc rdi=0x8 rsi=0x300001450 rdx=0x2 @step 651428
          malloc rdi=0x8 rsi=0x300001460 rdx=0x2 @step 651622
          malloc rdi=0x4 rsi=0x300001501 rdx=0x45ec40 @step 651906
          malloc rdi=0x8 rsi=0x300001534 rdx=0x0 @step 652162
          malloc rdi=0x8 rsi=0x300001548 rdx=0x0 @step 652334
         realloc rdi=0x300001570 rsi=0x10 rdx=0x10 @step 652560
  __libc_realloc rdi=0x300001570 rsi=0x10 rdx=0x10 @step 652561
     __libc_free rdi=0x300001570 rsi=0x300001578 rdx=0x0 @step 652842
         realloc rdi=0x300001580 rsi=0x10 rdx=0x10 @step 653087
  __libc_realloc rdi=0x300001580 rsi=0x10 rdx=0x10 @step 653088
     __libc_free rdi=0x300001580 rsi=0x300001588 rdx=0x0 @step 653369
          malloc rdi=0x4 rsi=0x300001564 rdx=0x0 @step 653585
          malloc rdi=0x140 rsi=0x8 rdx=0x140 @step 653804
            mmap len=0x1000 -> 0x300041000 @step 654441
            free rdi=0x300001560 rsi=0x0 rdx=0x300041040 @step 654999
     __libc_free rdi=0x300001560 rsi=0x0 rdx=0x300041040 @step 655000
          malloc rdi=0x4 rsi=0x0 rdx=0x45ec40 @step 655174
          malloc rdi=0x8 rsi=0x3000015a0 rdx=0x1 @step 655447
          malloc rdi=0x8 rsi=0x469e68 rdx=0x1 @step 655684
          malloc rdi=0x20 rsi=0x20 rdx=0x7ffef2b8 @step 655977
          malloc rdi=0x100 rsi=0x100 rdx=0x1 @step 656202
            free rdi=0x300001f90 rsi=0x0 rdx=0x300041430 @step 657882
     __libc_free rdi=0x300001f90 rsi=0x0 rdx=0x300041430 @step 657883
            free rdi=0x3000015c0 rsi=0x2c rdx=0xdf @step 658037
     __libc_free rdi=0x3000015c0 rsi=0x2c rdx=0xdf @step 658038
            free rdi=0x3000015b0 rsi=0xc rdx=0x3838ff80 @step 658192
     __libc_free rdi=0x3000015b0 rsi=0xc rdx=0x3838ff80 @step 658193
            free rdi=0x3000015a0 rsi=0xc rdx=0x3a38ff80 @step 658340
     __libc_free rdi=0x3000015a0 rsi=0xc rdx=0x3a38ff80 @step 658341
            free rdi=0x300041430 rsi=0xc rdx=0x3b38ff80 @step 658506
     __libc_free rdi=0x300041430 rsi=0xc rdx=0x3b38ff80 @step 658507
          malloc rdi=0x4 rsi=0x1 rdx=0x45ec40 @step 658915
          malloc rdi=0x8 rsi=0x3000015d0 rdx=0x1 @step 659176
          malloc rdi=0x8 rsi=0x469e68 rdx=0x1 @step 659501
          malloc rdi=0x20 rsi=0x20 rdx=0x7ffef2b8 @step 659794
          malloc rdi=0x100 rsi=0x100 rdx=0x1 @step 660019
            free rdi=0x300001fc0 rsi=0x0 rdx=0x300041440 @step 661743
     __libc_free rdi=0x300001fc0 rsi=0x0 rdx=0x300041440 @step 661744
            free rdi=0x3000014b0 rsi=0x2c rdx=0x1df @step 661898
     __libc_free rdi=0x3000014b0 rsi=0x2c rdx=0x1df @step 661899
            free rdi=0x3000014a0 rsi=0x0 rdx=0x0 @step 662094
     __libc_free rdi=0x3000014a0 rsi=0x0 rdx=0x0 @step 662095
            free rdi=0x3000015d0 rsi=0xc rdx=0x100 @step 662242
     __libc_free rdi=0x3000015d0 rsi=0xc rdx=0x100 @step 662243
            free rdi=0x300041440 rsi=0xc rdx=0x180 @step 662420
     __libc_free rdi=0x300041440 rsi=0xc rdx=0x180 @step 662421
          malloc rdi=0x4 rsi=0x0 rdx=0x45ec40 @step 662816
          malloc rdi=0x8 rsi=0x3000014c0 rdx=0x1 @step 663077
          malloc rdi=0x8 rsi=0x469e68 rdx=0x1 @step 663314
          malloc rdi=0x20 rsi=0x20 rdx=0x7ffef2b8 @step 663607
          malloc rdi=0x100 rsi=0x100 rdx=0x1 @step 663920
            free rdi=0x300001e10 rsi=0x0 rdx=0x300041450 @step 665644
     __libc_free rdi=0x300001e10 rsi=0x0 rdx=0x300041450 @step 665645
            free rdi=0x3000014e0 rsi=0x2 rdx=0x0 @step 665840
     __libc_free rdi=0x3000014e0 rsi=0x2 rdx=0x0 @step 665841
            free rdi=0x3000014d0 rsi=0xc rdx=0x4000180 @step 665995
     __libc_free rdi=0x3000014d0 rsi=0xc rdx=0x4000180 @step 665996
            free rdi=0x3000014c0 rsi=0xc rdx=0x4000980 @step 666143
     __libc_free rdi=0x3000014c0 rsi=0xc rdx=0x4000980 @step 666144
          malloc rdi=0x8 rsi=0x300041450 rdx=0x1 @step 666338
          malloc rdi=0x8 rsi=0x469e68 rdx=0x1 @step 666575
          malloc rdi=0x20 rsi=0x20 rdx=0x7ffef2b8 @step 666868
          malloc rdi=0x100 rsi=0x100 rdx=0x1 @step 667093
            free rdi=0x300001e40 rsi=0x1 rdx=0x300041570 @step 668425
     __libc_free rdi=0x300001e40 rsi=0x1 rdx=0x300041570 @step 668426
            free rdi=0x300001500 rsi=0x2c rdx=0x1 @step 668580
     __libc_free rdi=0x300001500 rsi=0x2c rdx=0x1 @step 668581
            free rdi=0x3000014f0 rsi=0xc rdx=0x4000f80 @step 668735
     __libc_free rdi=0x3000014f0 rsi=0xc rdx=0x4000f80 @step 668736
            free rdi=0x300041450 rsi=0xc rdx=0x4002f80 @step 668883
     __libc_free rdi=0x300041450 rsi=0xc rdx=0x4002f80 @step 668884
          malloc rdi=0x8 rsi=0xd rdx=0x0 @step 669090
          malloc rdi=0x8 rsi=0x300001548 rdx=0x0 @step 669262
         realloc rdi=0x300001510 rsi=0x10 rdx=0x10 @step 669488
  __libc_realloc rdi=0x300001510 rsi=0x10 rdx=0x10 @step 669489
     __libc_free rdi=0x300001510 rsi=0x300001518 rdx=0x0 @step 669770
         realloc rdi=0x300001520 rsi=0x10 rdx=0x10 @step 670015
  __libc_realloc rdi=0x300001520 rsi=0x10 rdx=0x10 @step 670016
     __libc_free rdi=0x300001520 rsi=0x300001528 rdx=0x0 @step 670385
          malloc rdi=0x4 rsi=0xc rdx=0x4 @step 670584
            free rdi=0x300041570 rsi=0x300041578 rdx=0x300041040 @step 670806
     __libc_free rdi=0x300041570 rsi=0x300041578 rdx=0x300041040 @step 670807
            free rdi=0x300001590 rsi=0x3000012e0 rdx=0xc @step 671351
     __libc_free rdi=0x300001590 rsi=0x3000012e0 rdx=0xc @step 671352
            free rdi=0x300001180 rsi=0xc rdx=0x400ff80 @step 671506
     __libc_free rdi=0x300001180 rsi=0xc rdx=0x400ff80 @step 671507
            free rdi=0x3000011a0 rsi=0x1 rdx=0x0 @step 671702
     __libc_free rdi=0x3000011a0 rsi=0x1 rdx=0x0 @step 671703
          malloc rdi=0x18 rsi=0x3fffffffffffffff rdx=0x7ffffffffffffffc @step 672114
            free rdi=0x300001160 rsi=0x3fffffffffffffff rdx=0x0 @step 672293
     __libc_free rdi=0x300001160 rsi=0x3fffffffffffffff rdx=0x0 @step 672294
          malloc rdi=0x4 rsi=0x3fffffffffffffff rdx=0x22a4 @step 672551
          malloc rdi=0x4 rsi=0x14 rdx=0xb4 @step 672712
          malloc rdi=0x8 rsi=0x300001580 rdx=0x1 @step 672934
          malloc rdi=0x8 rsi=0x469e68 rdx=0x1 @step 673171
          malloc rdi=0x20 rsi=0x20 rdx=0x7ffef258 @step 673464
          malloc rdi=0x100 rsi=0x100 rdx=0x1 @step 673689
            free rdi=0x300001e70 rsi=0x0 rdx=0x300041420 @step 675422
     __libc_free rdi=0x300001e70 rsi=0x0 rdx=0x300041420 @step 675423
            free rdi=0x3000015b0 rsi=0x2c rdx=0x3 @step 675577
     __libc_free rdi=0x3000015b0 rsi=0x2c rdx=0x3 @step 675578
            free rdi=0x3000015a0 rsi=0xc rdx=0x440ff80 @step 675732
     __libc_free rdi=0x3000015a0 rsi=0xc rdx=0x440ff80 @step 675733
            free rdi=0x300001580 rsi=0xc rdx=0x540ff80 @step 675880
     __libc_free rdi=0x300001580 rsi=0xc rdx=0x540ff80 @step 675881
          malloc rdi=0x4 rsi=0x300041424 rdx=0x0 @step 676100
            free rdi=0x300001570 rsi=0x19 rdx=0xb9 @step 676259
     __libc_free rdi=0x300001570 rsi=0x19 rdx=0xb9 @step 676260
            free rdi=0x300041420 rsi=0xc rdx=0x5e0ff80 @step 676415
     __libc_free rdi=0x300041420 rsi=0xc rdx=0x5e0ff80 @step 676416
          malloc rdi=0x4 rsi=0x3fffffffffffffff rdx=0x0 @step 676806
          malloc rdi=0x8 rsi=0x3000015e0 rdx=0x1 @step 677028
          malloc rdi=0x8 rsi=0x469e68 rdx=0x1 @step 677265
          malloc rdi=0x20 rsi=0x20 rdx=0x7ffef258 @step 677558
          malloc rdi=0x100 rsi=0x100 rdx=0x1 @step 677783
            free rdi=0x300001ea0 rsi=0x0 rdx=0x300041430 @step 679507
     __libc_free rdi=0x300001ea0 rsi=0x0 rdx=0x300041430 @step 679508
            free rdi=0x300001600 rsi=0x2c rdx=0x7 @step 679662
     __libc_free rdi=0x300001600 rsi=0x2c rdx=0x7 @step 679663
            free rdi=0x3000015f0 rsi=0xc rdx=0x5f0ff80 @step 679817
     __libc_free rdi=0x3000015f0 rsi=0xc rdx=0x5f0ff80 @step 679818
            free rdi=0x3000015e0 rsi=0xc rdx=0x25f0ff80 @step 679965
     __libc_free rdi=0x3000015e0 rsi=0xc rdx=0x25f0ff80 @step 679966
          malloc rdi=0x4 rsi=0x300041434 rdx=0x0 @step 680202
            free rdi=0x3000015c0 rsi=0x7 rdx=0xa7 @step 680449
     __libc_free rdi=0x3000015c0 rsi=0x7 rdx=0xa7 @step 680450
            free rdi=0x300041430 rsi=0x0 rdx=0x0 @step 680646
     __libc_free rdi=0x300041430 rsi=0x0 rdx=0x0 @step 680647
          malloc rdi=0x4 rsi=0x3fffffffffffffff rdx=0x0 @step 681037
          malloc rdi=0x8 rsi=0x3000014b0 rdx=0x1 @step 681259
          malloc rdi=0x8 rsi=0x469e68 rdx=0x1 @step 681496
          malloc rdi=0x20 rsi=0x20 rdx=0x7ffef258 @step 681789
          malloc rdi=0x100 rsi=0x100 rdx=0x1 @step 682014
            free rdi=0x300001ed0 rsi=0x0 rdx=0x300041440 @step 683738
     __libc_free rdi=0x300001ed0 rsi=0x0 rdx=0x300041440 @step 683739
            free rdi=0x3000014d0 rsi=0x2c rdx=0xf @step 683893
     __libc_free rdi=0x3000014d0 rsi=0x2c rdx=0xf @step 683894
            free rdi=0x3000014c0 rsi=0xc rdx=0x2000000 @step 684048
     __libc_free rdi=0x3000014c0 rsi=0xc rdx=0x2000000 @step 684049
            free rdi=0x3000014b0 rsi=0xc rdx=0x2000400 @step 684196
     __libc_free rdi=0x3000014b0 rsi=0xc rdx=0x2000400 @step 684197
          malloc rdi=0x8 rsi=0x300041440 rdx=0x1 @step 684420
          malloc rdi=0x8 rsi=0x469e68 rdx=0x1 @step 684657
          malloc rdi=0x20 rsi=0x20 rdx=0x7ffef258 @step 684950
          malloc rdi=0x100 rsi=0x100 rdx=0x1 @step 685175
            free rdi=0x300001f30 rsi=0x1 rdx=0x300041580 @step 686495
     __libc_free rdi=0x300001f30 rsi=0x1 rdx=0x300041580 @step 686496
            free rdi=0x3000014f0 rsi=0x2c rdx=0x1f @step 686650
     __libc_free rdi=0x3000014f0 rsi=0x2c rdx=0x1f @step 686651
            free rdi=0x3000014e0 rsi=0xc rdx=0x2000700 @step 686805
     __libc_free rdi=0x3000014e0 rsi=0xc rdx=0x2000700 @step 686806
            free rdi=0x300041440 rsi=0xc rdx=0x2001700 @step 686953
     __libc_free rdi=0x300041440 rsi=0xc rdx=0x2001700 @step 686954
          malloc rdi=0x4 rsi=0x2 rdx=0x7ffffffffffffffc @step 687190
            free rdi=0x3000014a0 rsi=0x300041588 rdx=0x0 @step 687382
     __libc_free rdi=0x3000014a0 rsi=0x300041588 rdx=0x0 @step 687383
            free rdi=0x300041580 rsi=0xc rdx=0x2001f00 @step 687538
     __libc_free rdi=0x300041580 rsi=0xc rdx=0x2001f00 @step 687539
          malloc rdi=0x4 rsi=0x3fffffffffffffff rdx=0x0 @step 687939
            free rdi=0x300001510 rsi=0x300001510 rdx=0x4 @step 688162
     __libc_free rdi=0x300001510 rsi=0x300001510 rdx=0x4 @step 688163
            free rdi=0x300001500 rsi=0xc rdx=0x2001f80 @step 688318
     __libc_free rdi=0x300001500 rsi=0xc rdx=0x2001f80 @step 688319
          malloc rdi=0x8 rsi=0x3000011c0 rdx=0x3 @step 688513
          malloc rdi=0x8 rsi=0x3000010c0 rdx=0x3 @step 688775
          calloc rdi=0x10 rsi=0x1 rdx=0x1 @step 689033
          malloc rdi=0x10 rsi=0x1 rdx=0x0 @step 689046
          malloc rdi=0x100 rsi=0x100 rdx=0x1 @step 689489
            free rdi=0x300001160 rsi=0x0 rdx=0x300041450 @step 691185
     __libc_free rdi=0x300001160 rsi=0x0 rdx=0x300041450 @step 691186
            free rdi=0x300001570 rsi=0x1 rdx=0x0 @step 691381
     __libc_free rdi=0x300001570 rsi=0x1 rdx=0x0 @step 691382
            free rdi=0x300001520 rsi=0xc rdx=0x2007f80 @step 691536
     __libc_free rdi=0x300001520 rsi=0xc rdx=0x2007f80 @step 691537
          malloc rdi=0x8 rsi=0x300041450 rdx=0x6 @step 691713
          malloc rdi=0x8 rsi=0x300001100 rdx=0x6 @step 692011
            free rdi=0x300001590 rsi=0x1 rdx=0x300001590 @step 692336
     __libc_free rdi=0x300001590 rsi=0x1 rdx=0x300001590 @step 692337
            free rdi=0x300001580 rsi=0xc rdx=0x210ff80 @step 692484
     __libc_free rdi=0x300001580 rsi=0xc rdx=0x210ff80 @step 692485
            free rdi=0x300041450 rsi=0xc rdx=0x250ff80 @step 692642
     __libc_free rdi=0x300041450 rsi=0xc rdx=0x250ff80 @step 692643
            free rdi=0x300001530 rsi=0x2000012e8 rdx=0x0 @step 693082
     __libc_free rdi=0x300001530 rsi=0x2000012e8 rdx=0x0 @step 693083
            free rdi=0x300001540 rsi=0xc rdx=0x270ff80 @step 693237
     __libc_free rdi=0x300001540 rsi=0xc rdx=0x270ff80 @step 693238
            free rdi=0x300001550 rsi=0xc rdx=0x271ff80 @step 693386
     __libc_free rdi=0x300001550 rsi=0xc rdx=0x271ff80 @step 693387
            free rdi=0x300041040 rsi=0xc rdx=0x273ff80 @step 693569
     __libc_free rdi=0x300041040 rsi=0xc rdx=0x273ff80 @step 693570
            free rdi=0x300001560 rsi=0x300001430 rdx=0xc @step 694511
     __libc_free rdi=0x300001560 rsi=0x300001430 rdx=0xc @step 694512
            free rdi=0x3000011c0 rsi=0xc rdx=0x277ff80 @step 694666
     __libc_free rdi=0x3000011c0 rsi=0xc rdx=0x277ff80 @step 694667
            free rdi=0x3000010c0 rsi=0x1c rdx=0x200 @step 694822
     __libc_free rdi=0x3000010c0 rsi=0x1c rdx=0x200 @step 694823
          malloc rdi=0xc rsi=0x3000012e0 rdx=0x3 @step 695012
            free rdi=0x3000015a0 rsi=0x3000013a0 rdx=0xc @step 695314
     __libc_free rdi=0x3000015a0 rsi=0x3000013a0 rdx=0xc @step 695315
          malloc rdi=0xc rsi=0x300001430 rdx=0x3 @step 695484
            free rdi=0x3000015b0 rsi=0x3000013d0 rdx=0xc @step 695786
     __libc_free rdi=0x3000015b0 rsi=0x3000013d0 rdx=0xc @step 695787
          malloc rdi=0x10 rsi=0x4 rdx=0x10 @step 696106
          malloc rdi=0x8 rsi=0x3000013a0 rdx=0x3 @step 696309
          malloc rdi=0x8 rsi=0x300001180 rdx=0x1 @step 696570
            free rdi=0x3000015e0 rsi=0x1 rdx=0x3000015e0 @step 696833
     __libc_free rdi=0x3000015e0 rsi=0x1 rdx=0x3000015e0 @step 696834
            free rdi=0x3000015d0 rsi=0xc rdx=0x3ffff80 @step 696981
     __libc_free rdi=0x3000015d0 rsi=0xc rdx=0x3ffff80 @step 696982
          malloc rdi=0x8 rsi=0x3000013d0 rdx=0x3 @step 697167
          malloc rdi=0x8 rsi=0x300001180 rdx=0x1 @step 697428
            free rdi=0x300001600 rsi=0x1 rdx=0x300001600 @step 697691
     __libc_free rdi=0x300001600 rsi=0x1 rdx=0x300001600 @step 697692
            free rdi=0x3000015f0 rsi=0xc rdx=0xfffff80 @step 697839
     __libc_free rdi=0x3000015f0 rsi=0xc rdx=0xfffff80 @step 697840
          malloc rdi=0x8 rsi=0x3000013a0 rdx=0x3 @step 698026
          malloc rdi=0x8 rsi=0x3000013d0 rdx=0x3 @step 698376
          calloc rdi=0x10 rsi=0x1 rdx=0x1 @step 698634
          malloc rdi=0x10 rsi=0x1 rdx=0x0 @step 698647
          malloc rdi=0x100 rsi=0x100 rdx=0x1 @step 699002
            mmap len=0x1000 -> 0x300042000 @step 699626
            free rdi=0x3000011a0 rsi=0x0 rdx=0x300042050 @step 701243
     __libc_free rdi=0x3000011a0 rsi=0x0 rdx=0x300042050 @step 701244
            free rdi=0x3000014b0 rsi=0x1c rdx=0x1210 @step 701398
     __libc_free rdi=0x3000014b0 rsi=0x1c rdx=0x1210 @step 701399
            free rdi=0x3000014a0 rsi=0x0 rdx=0x0 @step 701594
     __libc_free rdi=0x3000014a0 rsi=0x0 rdx=0x0 @step 701595
          malloc rdi=0x8 rsi=0x300042050 rdx=0x6 @step 701771
          malloc rdi=0x8 rsi=0x300001040 rdx=0x6 @step 702069
            free rdi=0x3000014d0 rsi=0x1 rdx=0x3000014d0 @step 702394
     __libc_free rdi=0x3000014d0 rsi=0x1 rdx=0x3000014d0 @step 702395
            free rdi=0x3000014c0 rsi=0xc rdx=0x180 @step 702542
     __libc_free rdi=0x3000014c0 rsi=0xc rdx=0x180 @step 702543
            free rdi=0x300001180 rsi=0xc rdx=0x580 @step 702699
     __libc_free rdi=0x300001180 rsi=0xc rdx=0x580 @step 702700
            free rdi=0x300042050 rsi=0x1c rdx=0x1a10 @step 702856
     __libc_free rdi=0x300042050 rsi=0x1c rdx=0x1a10 @step 702857
          malloc rdi=0x8 rsi=0x3000013a0 rdx=0x3 @step 703570
          malloc rdi=0x8 rsi=0x3000013d0 rdx=0x3 @step 703831
            free rdi=0x3000014f0 rsi=0x1 rdx=0x3000014f0 @step 704118
     __libc_free rdi=0x3000014f0 rsi=0x1 rdx=0x3000014f0 @step 704119
            free rdi=0x3000014e0 rsi=0xc rdx=0x780 @step 704266
     __libc_free rdi=0x3000014e0 rsi=0xc rdx=0x780 @step 704267
          malloc rdi=0x4 rsi=0x1 rdx=0x1780 @step 704454
          malloc rdi=0x4 rsi=0xd rdx=0xad @step 704605
          malloc rdi=0x4 rsi=0xe rdx=0xae @step 704754
          malloc rdi=0x140 rsi=0x8 rdx=0x140 @step 704956
            mmap len=0x1000 -> 0x300043000 @step 705593
            free rdi=0x300001500 rsi=0x1 rdx=0x4 @step 706331
     __libc_free rdi=0x300001500 rsi=0x1 rdx=0x4 @step 706332
            free rdi=0x300001510 rsi=0xc rdx=0x1f80 @step 706486
     __libc_free rdi=0x300001510 rsi=0xc rdx=0x1f80 @step 706487
            free rdi=0x300001520 rsi=0xc rdx=0x3f80 @step 706641
     __libc_free rdi=0x300001520 rsi=0xc rdx=0x3f80 @step 706642
            free rdi=0x300043060 rsi=0xc rdx=0x7f80 @step 706803
     __libc_free rdi=0x300043060 rsi=0xc rdx=0x7f80 @step 706804
          malloc rdi=0x18 rsi=0x3fffffffffffffff rdx=0x7ffffffffffffffc @step 707513
            free rdi=0x3000010c0 rsi=0x3fffffffffffffff rdx=0x0 @step 707780
     __libc_free rdi=0x3000010c0 rsi=0x3fffffffffffffff rdx=0x0 @step 707781
          malloc rdi=0x4 rsi=0x3fffffffffffffff rdx=0x22a4 @step 708051
          malloc rdi=0x4 rsi=0x10 rdx=0xb0 @step 708212
          malloc rdi=0x8 rsi=0x300001540 rdx=0x1 @step 708434
          malloc rdi=0x8 rsi=0x469e68 rdx=0x1 @step 708671
          malloc rdi=0x20 rsi=0x20 rdx=0x7ffef358 @step 708964
          malloc rdi=0x100 rsi=0x100 rdx=0x1 @step 709189
            mmap len=0x1000 -> 0x300044000 @step 709813
            free rdi=0x300001f60 rsi=0x0 rdx=0x300044030 @step 711452
     __libc_free rdi=0x300001f60 rsi=0x0 rdx=0x300044030 @step 711453
            free rdi=0x300001560 rsi=0x2c rdx=0x5f @step 711607
     __libc_free rdi=0x300001560 rsi=0x2c rdx=0x5f @step 711608
            free rdi=0x300001550 rsi=0xc rdx=0xff80 @step 711762
     __libc_free rdi=0x300001550 rsi=0xc rdx=0xff80 @step 711763
            free rdi=0x300001540 rsi=0xc rdx=0x8ff80 @step 711910
     __libc_free rdi=0x300001540 rsi=0xc rdx=0x8ff80 @step 711911
          malloc rdi=0x4 rsi=0x300044034 rdx=0x0 @step 712130
            free rdi=0x300001530 rsi=0x14 rdx=0xb4 @step 712289
     __libc_free rdi=0x300001530 rsi=0x14 rdx=0xb4 @step 712290
            free rdi=0x300044030 rsi=0xc rdx=0xeff80 @step 712445
     __libc_free rdi=0x300044030 rsi=0xc rdx=0xeff80 @step 712446
          malloc rdi=0x4 rsi=0x3fffffffffffffff rdx=0x1000 @step 713141
            free rdi=0x300001580 rsi=0x300001580 rdx=0x4 @step 713364
     __libc_free rdi=0x300001580 rsi=0x300001580 rdx=0x4 @step 713365
            free rdi=0x300001570 rsi=0xc rdx=0xfff80 @step 713520
     __libc_free rdi=0x300001570 rsi=0xc rdx=0xfff80 @step 713521
          malloc rdi=0x8 rsi=0x300001480 rdx=0x1 @step 713715
          malloc rdi=0x8 rsi=0x300001490 rdx=0x1 @step 713953
          calloc rdi=0x10 rsi=0x1 rdx=0x1 @step 714187
          malloc rdi=0x10 rsi=0x1 rdx=0x0 @step 714200
          malloc rdi=0x100 rsi=0x100 rdx=0x1 @step 714555
            mmap len=0x1000 -> 0x300045000 @step 715179
            free rdi=0x300001160 rsi=0x0 rdx=0x300045040 @step 716824
     __libc_free rdi=0x300001160 rsi=0x0 rdx=0x300045040 @step 716825
            free rdi=0x3000015a0 rsi=0x1c rdx=0x10 @step 716979
     __libc_free rdi=0x3000015a0 rsi=0x1c rdx=0x10 @step 716980
            free rdi=0x300001590 rsi=0xc rdx=0x3fff80 @step 717134
     __libc_free rdi=0x300001590 rsi=0xc rdx=0x3fff80 @step 717135
          malloc rdi=0x8 rsi=0x300045040 rdx=0x1 @step 717311
          malloc rdi=0x8 rsi=0x300001040 rdx=0x6 @step 717548
            free rdi=0x3000015c0 rsi=0x1 rdx=0x3000015c0 @step 717872
     __libc_free rdi=0x3000015c0 rsi=0x1 rdx=0x3000015c0 @step 717873
            free rdi=0x3000015b0 rsi=0xc rdx=0xffff80 @step 718020
     __libc_free rdi=0x3000015b0 rsi=0xc rdx=0xffff80 @step 718021
            free rdi=0x300045040 rsi=0xc rdx=0x2ffff80 @step 718178
     __libc_free rdi=0x300045040 rsi=0xc rdx=0x2ffff80 @step 718179
          malloc rdi=0x18 rsi=0x3fffffffffffffff rdx=0x7ffffffffffffffc @step 718910
            free rdi=0x300001180 rsi=0x3fffffffffffffff rdx=0x0 @step 719089
     __libc_free rdi=0x300001180 rsi=0x3fffffffffffffff rdx=0x0 @step 719090
          malloc rdi=0x4 rsi=0x3fffffffffffffff rdx=0x22a4 @step 719333
          malloc rdi=0x4 rsi=0x1a rdx=0xba @step 719494
          malloc rdi=0x8 rsi=0x3000015e0 rdx=0x1 @step 719716
          malloc rdi=0x8 rsi=0x469e68 rdx=0x1 @step 719953
          malloc rdi=0x20 rsi=0x20 rdx=0x7ffef358 @step 720246
          malloc rdi=0x100 rsi=0x100 rdx=0x1 @step 720471
            mmap len=0x1000 -> 0x300046000 @step 721095
            free rdi=0x300001f90 rsi=0x0 rdx=0x300046050 @step 722740
     __libc_free rdi=0x300001f90 rsi=0x0 rdx=0x300046050 @step 722741
            free rdi=0x300001600 rsi=0x2c rdx=0xdf @step 722895
     __libc_free rdi=0x300001600 rsi=0x2c rdx=0xdf @step 722896
            free rdi=0x3000015f0 rsi=0xc rdx=0x3ffff80 @step 723050
     __libc_free rdi=0x3000015f0 rsi=0xc rdx=0x3ffff80 @step 723051
            free rdi=0x3000015e0 rsi=0xc rdx=0x23ffff80 @step 723198
     __libc_free rdi=0x3000015e0 rsi=0xc rdx=0x23ffff80 @step 723199
          malloc rdi=0x4 rsi=0x300046054 rdx=0x0 @step 723418
            free rdi=0x3000015d0 rsi=0x7 rdx=0xa7 @step 723665
     __libc_free rdi=0x3000015d0 rsi=0x7 rdx=0xa7 @step 723666
            free rdi=0x300046050 rsi=0x0 rdx=0x0 @step 723862
     __libc_free rdi=0x300046050 rsi=0x0 rdx=0x0 @step 723863
          malloc rdi=0x4 rsi=0x3fffffffffffffff rdx=0x1000 @step 724551
          malloc rdi=0x8 rsi=0x3000014b0 rdx=0x1 @step 724773
          malloc rdi=0x8 rsi=0x469e68 rdx=0x1 @step 725010
          malloc rdi=0x20 rsi=0x20 rdx=0x7ffef358 @step 725303
          malloc rdi=0x100 rsi=0x100 rdx=0x1 @step 725528
            mmap len=0x1000 -> 0x300047000 @step 726152
            free rdi=0x300001fc0 rsi=0x0 rdx=0x300047060 @step 727797
     __libc_free rdi=0x300001fc0 rsi=0x0 rdx=0x300047060 @step 727798
            free rdi=0x3000014d0 rsi=0x2c rdx=0x1df @step 727952
     __libc_free rdi=0x3000014d0 rsi=0x2c rdx=0x1df @step 727953
            free rdi=0x3000014c0 rsi=0xc rdx=0x4000000 @step 728107
     __libc_free rdi=0x3000014c0 rsi=0xc rdx=0x4000000 @step 728108
            free rdi=0x3000014b0 rsi=0xc rdx=0x4000400 @step 728255
     __libc_free rdi=0x3000014b0 rsi=0xc rdx=0x4000400 @step 728256
          malloc rdi=0x4 rsi=0x300047064 rdx=0x0 @step 728492
            free rdi=0x3000014a0 rsi=0xb rdx=0xab @step 728651
     __libc_free rdi=0x3000014a0 rsi=0xb rdx=0xab @step 728652
            free rdi=0x300047060 rsi=0xc rdx=0x4000700 @step 728807
     __libc_free rdi=0x300047060 rsi=0xc rdx=0x4000700 @step 728808
          malloc rdi=0x4 rsi=0x3fffffffffffffff rdx=0x1000 @step 729503
            free rdi=0x3000014f0 rsi=0x3000014f0 rdx=0x4 @step 729726
     __libc_free rdi=0x3000014f0 rsi=0x3000014f0 rdx=0x4 @step 729727
            free rdi=0x3000014e0 rsi=0xc rdx=0x4000780 @step 729882
     __libc_free rdi=0x3000014e0 rsi=0xc rdx=0x4000780 @step 729883
          malloc rdi=0x8 rsi=0x300001450 rdx=0x2 @step 730077
          malloc rdi=0x8 rsi=0x300001460 rdx=0x2 @step 730327
          calloc rdi=0x10 rsi=0x1 rdx=0x1 @step 730573
          malloc rdi=0x10 rsi=0x1 rdx=0x0 @step 730586
          malloc rdi=0x100 rsi=0x100 rdx=0x1 @step 730941
            mmap len=0x1000 -> 0x300048000 @step 731565
            free rdi=0x3000011a0 rsi=0x0 rdx=0x300048030 @step 733200
     __libc_free rdi=0x3000011a0 rsi=0x0 rdx=0x300048030 @step 733201
            free rdi=0x300001510 rsi=0x1c rdx=0x610 @step 733355
     __libc_free rdi=0x300001510 rsi=0x1c rdx=0x610 @step 733356
            free rdi=0x300001500 rsi=0xc rdx=0x4001f80 @step 733510
     __libc_free rdi=0x300001500 rsi=0xc rdx=0x4001f80 @step 733511
          malloc rdi=0x8 rsi=0x300048030 rdx=0x2 @step 733687
          malloc rdi=0x8 rsi=0x300001040 rdx=0x6 @step 733936
            free rdi=0x300001530 rsi=0x1 rdx=0x300001530 @step 734260
     __libc_free rdi=0x300001530 rsi=0x1 rdx=0x300001530 @step 734261
            free rdi=0x300001520 rsi=0xc rdx=0x4007f80 @step 734408
     __libc_free rdi=0x300001520 rsi=0xc rdx=0x4007f80 @step 734409
            free rdi=0x300048030 rsi=0xc rdx=0x4017f80 @step 734566
     __libc_free rdi=0x300048030 rsi=0xc rdx=0x4017f80 @step 734567
          malloc rdi=0x4 rsi=0x300001470 rdx=0x1 @step 735270
          malloc rdi=0x4 rsi=0x300001480 rdx=0x1 @step 735476
          malloc rdi=0x4 rsi=0x300001490 rdx=0x1 @step 735683
          malloc rdi=0x4 rsi=0x300001501 rdx=0x45ec40 @step 735980
            free rdi=0x300001570 rsi=0x300001544 rdx=0x0 @step 736217
     __libc_free rdi=0x300001570 rsi=0x300001544 rdx=0x0 @step 736218
          malloc rdi=0x4 rsi=0x0 rdx=0x45ec40 @step 736392
          malloc rdi=0x8 rsi=0x300001580 rdx=0x1 @step 736646
          malloc rdi=0x8 rsi=0x469e68 rdx=0x1 @step 736883
          malloc rdi=0x20 rsi=0x20 rdx=0x7ffef2b8 @step 737176
          malloc rdi=0x100 rsi=0x100 rdx=0x1 @step 737489
            mmap len=0x1000 -> 0x300049000 @step 738113
            free rdi=0x300001e10 rsi=0x0 rdx=0x300049040 @step 739758
     __libc_free rdi=0x300001e10 rsi=0x0 rdx=0x300049040 @step 739759
            free rdi=0x3000015a0 rsi=0x2 rdx=0x0 @step 739954
     __libc_free rdi=0x3000015a0 rsi=0x2 rdx=0x0 @step 739955
            free rdi=0x300001590 rsi=0xc rdx=0x411ff80 @step 740109
     __libc_free rdi=0x300001590 rsi=0xc rdx=0x411ff80 @step 740110
            free rdi=0x300001580 rsi=0xc rdx=0x491ff80 @step 740257
     __libc_free rdi=0x300001580 rsi=0xc rdx=0x491ff80 @step 740258
          malloc rdi=0x4 rsi=0xc rdx=0x4d1ff80 @step 740423
          malloc rdi=0x4 rsi=0x300001554 rdx=0x0 @step 740608
         realloc rdi=0x3000015b0 rsi=0x10 rdx=0x10 @step 740847
  __libc_realloc rdi=0x3000015b0 rsi=0x10 rdx=0x10 @step 740848
     __libc_free rdi=0x3000015b0 rsi=0x3000015b4 rdx=0x0 @step 741146
         realloc rdi=0x3000015c0 rsi=0x10 rdx=0x10 @step 741398
  __libc_realloc rdi=0x3000015c0 rsi=0x10 rdx=0x10 @step 741399
     __libc_free rdi=0x3000015c0 rsi=0x3000015c4 rdx=0x0 @step 741785
          malloc rdi=0x4 rsi=0x300049044 rdx=0x0 @step 742008
          malloc rdi=0x140 rsi=0x8 rdx=0x140 @step 742227
            free rdi=0x300049040 rsi=0x0 rdx=0x3000494b0 @step 742833
     __libc_free rdi=0x300049040 rsi=0x0 rdx=0x3000494b0 @step 742834
          malloc rdi=0x4 rsi=0x1 rdx=0x45ec40 @step 743242
          malloc rdi=0x8 rsi=0x3000015f0 rdx=0x1 @step 743484
          malloc rdi=0x8 rsi=0x469e68 rdx=0x1 @step 743721
          malloc rdi=0x20 rsi=0x20 rdx=0x7ffef2b8 @step 744102
          malloc rdi=0x100 rsi=0x100 rdx=0x1 @step 744327
            free rdi=0x300001e40 rsi=0x0 rdx=0x300049050 @step 746051
     __libc_free rdi=0x300001e40 rsi=0x0 rdx=0x300049050 @step 746052
            free rdi=0x3000014a0 rsi=0x2c rdx=0x1 @step 746206
     __libc_free rdi=0x3000014a0 rsi=0x2c rdx=0x1 @step 746207
            free rdi=0x300001600 rsi=0x0 rdx=0x0 @step 746402
     __libc_free rdi=0x300001600 rsi=0x0 rdx=0x0 @step 746403
            free rdi=0x3000015f0 rsi=0xc rdx=0x80 @step 746550
     __libc_free rdi=0x3000015f0 rsi=0xc rdx=0x80 @step 746551
          malloc rdi=0x4 rsi=0xc rdx=0x20000080 @step 746728
          malloc rdi=0x4 rsi=0x300001554 rdx=0x0 @step 746913
         realloc rdi=0x3000014b0 rsi=0x10 rdx=0x10 @step 747152
  __libc_realloc rdi=0x3000014b0 rsi=0x10 rdx=0x10 @step 747153
     __libc_free rdi=0x3000014b0 rsi=0x3000014b4 rdx=0x0 @step 747451
         realloc rdi=0x3000014c0 rsi=0x10 rdx=0x10 @step 747703
  __libc_realloc rdi=0x3000014c0 rsi=0x10 rdx=0x10 @step 747704
     __libc_free rdi=0x3000014c0 rsi=0x3000014c4 rdx=0x0 @step 748002
          malloc rdi=0x4 rsi=0x300049054 rdx=0x0 @step 748225
            free rdi=0x300049050 rsi=0xa rdx=0x3000494b0 @step 748419
     __libc_free rdi=0x300049050 rsi=0xa rdx=0x3000494b0 @step 748420
          malloc rdi=0x4 rsi=0x0 rdx=0x45ec40 @step 748815
          malloc rdi=0x8 rsi=0x3000014e0 rdx=0x1 @step 749057
          malloc rdi=0x8 rsi=0x469e68 rdx=0x1 @step 749294
          malloc rdi=0x20 rsi=0x20 rdx=0x7ffef2b8 @step 749587
          malloc rdi=0x100 rsi=0x100 rdx=0x1 @step 749812
            free rdi=0x300001e70 rsi=0x0 rdx=0x300049060 @step 751536
     __libc_free rdi=0x300001e70 rsi=0x0 rdx=0x300049060 @step 751537
            free rdi=0x300001500 rsi=0x2c rdx=0x3 @step 751691
     __libc_free rdi=0x300001500 rsi=0x2c rdx=0x3 @step 751692
            free rdi=0x3000014f0 rsi=0xc rdx=0x30000380 @step 751846
     __libc_free rdi=0x3000014f0 rsi=0xc rdx=0x30000380 @step 751847
            free rdi=0x3000014e0 rsi=0xc rdx=0x30002380 @step 751994
     __libc_free rdi=0x3000014e0 rsi=0xc rdx=0x30002380 @step 751995
          malloc rdi=0x8 rsi=0x300049060 rdx=0x1 @step 752189
          malloc rdi=0x8 rsi=0x469e68 rdx=0x1 @step 752426
          malloc rdi=0x20 rsi=0x20 rdx=0x7ffef2b8 @step 752719
          malloc rdi=0x100 rsi=0x100 rdx=0x1 @step 752944
            free rdi=0x300001ea0 rsi=0x1 rdx=0x300049180 @step 754276
     __libc_free rdi=0x300001ea0 rsi=0x1 rdx=0x300049180 @step 754277
            free rdi=0x300001520 rsi=0x2c rdx=0x7 @step 754431
     __libc_free rdi=0x300001520 rsi=0x2c rdx=0x7 @step 754432
            free rdi=0x300001510 rsi=0xc rdx=0x30003b80 @step 754586
     __libc_free rdi=0x300001510 rsi=0xc rdx=0x30003b80 @step 754587
            free rdi=0x300049060 rsi=0xc rdx=0x3000bb80 @step 754734
     __libc_free rdi=0x300049060 rsi=0xc rdx=0x3000bb80 @step 754735
            free rdi=0x300049180 rsi=0xd rdx=0x0 @step 754941
     __libc_free rdi=0x300049180 rsi=0xd rdx=0x0 @step 754942
          malloc rdi=0x18 rsi=0x3fffffffffffffff rdx=0x7ffffffffffffffc @step 755590
            free rdi=0x3000011a0 rsi=0x3fffffffffffffff rdx=0x0 @step 755769
     __libc_free rdi=0x3000011a0 rsi=0x3fffffffffffffff rdx=0x0 @step 755770
          malloc rdi=0x4 rsi=0x3fffffffffffffff rdx=0x22a4 @step 756060
          malloc rdi=0x4 rsi=0x10 rdx=0xb0 @step 756221
          malloc rdi=0x8 rsi=0x300001570 rdx=0x1 @step 756443
          malloc rdi=0x8 rsi=0x469e68 rdx=0x1 @step 756680
          malloc rdi=0x20 rsi=0x20 rdx=0x7ffef258 @step 756973
          malloc rdi=0x100 rsi=0x100 rdx=0x1 @step 757198
            free rdi=0x300001ed0 rsi=0x0 rdx=0x300049030 @step 758931
     __libc_free rdi=0x300001ed0 rsi=0x0 rdx=0x300049030 @step 758932
            free rdi=0x300001590 rsi=0x2c rdx=0xf @step 759086
     __libc_free rdi=0x300001590 rsi=0x2c rdx=0xf @step 759087
            free rdi=0x300001580 rsi=0xc rdx=0x3000fb80 @step 759241
     __libc_free rdi=0x300001580 rsi=0xc rdx=0x3000fb80 @step 759242
            free rdi=0x300001570 rsi=0xc rdx=0x3040fb80 @step 759389
     __libc_free rdi=0x300001570 rsi=0xc rdx=0x3040fb80 @step 759390
          malloc rdi=0x4 rsi=0x300049034 rdx=0x0 @step 759609
            free rdi=0x300001530 rsi=0x17 rdx=0xb7 @step 759768
     __libc_free rdi=0x300001530 rsi=0x17 rdx=0xb7 @step 759769
            free rdi=0x300049030 rsi=0xc rdx=0x3070fb80 @step 759924
     __libc_free rdi=0x300049030 rsi=0xc rdx=0x3070fb80 @step 759925
          malloc rdi=0x4 rsi=0x3fffffffffffffff rdx=0x0 @step 760315
          malloc rdi=0x8 rsi=0x3000015b0 rdx=0x1 @step 760537
          malloc rdi=0x8 rsi=0x469e68 rdx=0x1 @step 760774
          malloc rdi=0x20 rsi=0x20 rdx=0x7ffef258 @step 761067
          malloc rdi=0x100 rsi=0x100 rdx=0x1 @step 761292
            free rdi=0x300001f30 rsi=0x0 rdx=0x300049040 @step 763016
     __libc_free rdi=0x300001f30 rsi=0x0 rdx=0x300049040 @step 763017
            free rdi=0x3000015d0 rsi=0x2c rdx=0x1f @step 763171
     __libc_free rdi=0x3000015d0 rsi=0x2c rdx=0x1f @step 763172
            free rdi=0x3000015c0 rsi=0xc rdx=0x3071fb80 @step 763326
     __libc_free rdi=0x3000015c0 rsi=0xc rdx=0x3071fb80 @step 763327
            free rdi=0x3000015b0 rsi=0xc rdx=0x3471fb80 @step 763474
     __libc_free rdi=0x3000015b0 rsi=0xc rdx=0x3471fb80 @step 763475
          malloc rdi=0x4 rsi=0x300049044 rdx=0x0 @step 763711
            free rdi=0x3000015a0 rsi=0x7 rdx=0xa7 @step 763958
     __libc_free rdi=0x3000015a0 rsi=0x7 rdx=0xa7 @step 763959
            free rdi=0x300049040 rsi=0x0 rdx=0x0 @step 764155
     __libc_free rdi=0x300049040 rsi=0x0 rdx=0x0 @step 764156
          malloc rdi=0x4 rsi=0x3fffffffffffffff rdx=0x0 @step 764553
            free rdi=0x3000014b0 rsi=0x3000014b0 rdx=0x4 @step 764776
     __libc_free rdi=0x3000014b0 rsi=0x3000014b0 rdx=0x4 @step 764777
            free rdi=0x3000014a0 rsi=0xc rdx=0x800000 @step 764932
     __libc_free rdi=0x3000014a0 rsi=0xc rdx=0x800000 @step 764933
          malloc rdi=0x8 rsi=0x3000011c0 rdx=0x2 @step 765127
          malloc rdi=0x8 rsi=0x3000010c0 rdx=0x2 @step 765377
          calloc rdi=0x10 rsi=0x1 rdx=0x1 @step 765623
          malloc rdi=0x10 rsi=0x1 rdx=0x0 @step 765636
          malloc rdi=0x100 rsi=0x100 rdx=0x1 @step 766079
            free rdi=0x3000011a0 rsi=0x0 rdx=0x300049050 @step 767799
     __libc_free rdi=0x3000011a0 rsi=0x0 rdx=0x300049050 @step 767800
            free rdi=0x3000014e0 rsi=0x1 rdx=0x0 @step 768001
     __libc_free rdi=0x3000014e0 rsi=0x1 rdx=0x0 @step 768002
            free rdi=0x3000014c0 rsi=0xc rdx=0x800180 @step 768156
     __libc_free rdi=0x3000014c0 rsi=0xc rdx=0x800180 @step 768157
          malloc rdi=0x8 rsi=0x300049050 rdx=0x2 @step 768333
          malloc rdi=0x8 rsi=0x300001040 rdx=0x6 @step 768582
            free rdi=0x300001500 rsi=0x1 rdx=0x300001500 @step 768906
     __libc_free rdi=0x300001500 rsi=0x1 rdx=0x300001500 @step 768907
            free rdi=0x3000014f0 rsi=0xc rdx=0x800b80 @step 769054
     __libc_free rdi=0x3000014f0 rsi=0xc rdx=0x800b80 @step 769055
            free rdi=0x300049050 rsi=0xc rdx=0x802b80 @step 769212
     __libc_free rdi=0x300049050 rsi=0xc rdx=0x802b80 @step 769213
            free rdi=0x300001540 rsi=0x2000012e8 rdx=0x0 @step 769652
     __libc_free rdi=0x300001540 rsi=0x2000012e8 rdx=0x0 @step 769653
            free rdi=0x300001550 rsi=0xc rdx=0x803b80 @step 769807
     __libc_free rdi=0x300001550 rsi=0xc rdx=0x803b80 @step 769808
            free rdi=0x300001560 rsi=0xc rdx=0x823b80 @step 769963
     __libc_free rdi=0x300001560 rsi=0xc rdx=0x823b80 @step 769964
            free rdi=0x3000014d0 rsi=0xc rdx=0x863b80 @step 770147
     __libc_free rdi=0x3000014d0 rsi=0xc rdx=0x863b80 @step 770148
            free rdi=0x300001160 rsi=0xc rdx=0x8e3b80 @step 770302
     __libc_free rdi=0x300001160 rsi=0xc rdx=0x8e3b80 @step 770303
            free rdi=0x300001180 rsi=0x1c rdx=0x800 @step 770457
     __libc_free rdi=0x300001180 rsi=0x1c rdx=0x800 @step 770458
            free rdi=0x3000494b0 rsi=0x1c rdx=0xa00 @step 770620
     __libc_free rdi=0x3000494b0 rsi=0x1c rdx=0xa00 @step 770621
            free rdi=0x3000015e0 rsi=0x300001460 rdx=0x8 @step 771506
     __libc_free rdi=0x3000015e0 rsi=0x300001460 rdx=0x8 @step 771507
            free rdi=0x3000011c0 rsi=0xc rdx=0x8e3f80 @step 771661
     __libc_free rdi=0x3000011c0 rsi=0xc rdx=0x8e3f80 @step 771662
            free rdi=0x3000010c0 rsi=0x1c rdx=0xe00 @step 771817
     __libc_free rdi=0x3000010c0 rsi=0x1c rdx=0xe00 @step 771818
          malloc rdi=0x18 rsi=0x3fffffffffffffff rdx=0x7ffffffffffffffc @step 772017
            free rdi=0x3000010c0 rsi=0x3fffffffffffffff rdx=0x0 @step 772284
     __libc_free rdi=0x3000010c0 rsi=0x3fffffffffffffff rdx=0x0 @step 772285
          malloc rdi=0x4 rsi=0x3fffffffffffffff rdx=0x22a4 @step 772583
          malloc rdi=0x4 rsi=0xe rdx=0xae @step 772744
          malloc rdi=0x8 rsi=0x300001520 rdx=0x1 @step 772966
          malloc rdi=0x8 rsi=0x469e68 rdx=0x1 @step 773203
          malloc rdi=0x20 rsi=0x20 rdx=0x7ffef358 @step 773496
          malloc rdi=0x100 rsi=0x100 rdx=0x1 @step 773721
            mmap len=0x1000 -> 0x30004a000 @step 774345
            free rdi=0x300001f60 rsi=0x0 rdx=0x30004a050 @step 775990
     __libc_free rdi=0x300001f60 rsi=0x0 rdx=0x30004a050 @step 775991
            free rdi=0x300001570 rsi=0x2c rdx=0x5f @step 776145
     __libc_free rdi=0x300001570 rsi=0x2c rdx=0x5f @step 776146
            free rdi=0x300001530 rsi=0xc rdx=0x88e3f80 @step 776300
     __libc_free rdi=0x300001530 rsi=0xc rdx=0x88e3f80 @step 776301
            free rdi=0x300001520 rsi=0xc rdx=0x89e3f80 @step 776448
     __libc_free rdi=0x300001520 rsi=0xc rdx=0x89e3f80 @step 776449
          malloc rdi=0x4 rsi=0x30004a054 rdx=0x0 @step 776668
            free rdi=0x300001510 rsi=0x15 rdx=0xb5 @step 776827
     __libc_free rdi=0x300001510 rsi=0x15 rdx=0xb5 @step 776828
            free rdi=0x30004a050 rsi=0xc rdx=0x89fbf80 @step 776983
     __libc_free rdi=0x30004a050 rsi=0xc rdx=0x89fbf80 @step 776984
          malloc rdi=0x4 rsi=0x3fffffffffffffff rdx=0x1000 @step 777672
          malloc rdi=0x8 rsi=0x300001590 rdx=0x1 @step 777894
          malloc rdi=0x8 rsi=0x469e68 rdx=0x1 @step 778131
          malloc rdi=0x20 rsi=0x20 rdx=0x7ffef358 @step 778424
          malloc rdi=0x100 rsi=0x100 rdx=0x1 @step 778649
            mmap len=0x1000 -> 0x30004b000 @step 779273
            free rdi=0x300001f90 rsi=0x0 rdx=0x30004b060 @step 780918
     __libc_free rdi=0x300001f90 rsi=0x0 rdx=0x30004b060 @step 780919
            free rdi=0x3000015c0 rsi=0x2c rdx=0xdf @step 781073
     __libc_free rdi=0x3000015c0 rsi=0x2c rdx=0xdf @step 781074
            free rdi=0x3000015b0 rsi=0xc rdx=0x89fff80 @step 781228
     __libc_free rdi=0x3000015b0 rsi=0xc rdx=0x89fff80 @step 781229
            free rdi=0x300001590 rsi=0xc rdx=0xa9fff80 @step 781376
     __libc_free rdi=0x300001590 rsi=0xc rdx=0xa9fff80 @step 781377
          malloc rdi=0x4 rsi=0x30004b064 rdx=0x0 @step 781613
            free rdi=0x300001580 rsi=0x1a rdx=0xba @step 781772
     __libc_free rdi=0x300001580 rsi=0x1a rdx=0xba @step 781773
            free rdi=0x30004b060 rsi=0xc rdx=0xbdfff80 @step 781928
     __libc_free rdi=0x30004b060 rsi=0xc rdx=0xbdfff80 @step 781929
          malloc rdi=0x4 rsi=0x3fffffffffffffff rdx=0x1000 @step 782617
          malloc rdi=0x8 rsi=0x3000015f0 rdx=0x1 @step 782839
          malloc rdi=0x8 rsi=0x469e68 rdx=0x1 @step 783076
          malloc rdi=0x20 rsi=0x20 rdx=0x7ffef358 @step 783457
          malloc rdi=0x100 rsi=0x100 rdx=0x1 @step 783682
            mmap len=0x1000 -> 0x30004c000 @step 784306
            free rdi=0x300001fc0 rsi=0x0 rdx=0x30004c030 @step 785945
     __libc_free rdi=0x300001fc0 rsi=0x0 rdx=0x30004c030 @step 785946
            free rdi=0x3000014a0 rsi=0x2c rdx=0x1df @step 786100
     __libc_free rdi=0x3000014a0 rsi=0x2c rdx=0x1df @step 786101
            free rdi=0x300001600 rsi=0x0 rdx=0x0 @step 786296
     __libc_free rdi=0x300001600 rsi=0x0 rdx=0x0 @step 786297
            free rdi=0x3000015f0 rsi=0xc rdx=0x80 @step 786444
     __libc_free rdi=0x3000015f0 rsi=0xc rdx=0x80 @step 786445
          malloc rdi=0x8 rsi=0x30004c030 rdx=0x1 @step 786668
          malloc rdi=0x8 rsi=0x469e68 rdx=0x1 @step 786905
          malloc rdi=0x20 rsi=0x20 rdx=0x7ffef358 @step 787198
          malloc rdi=0x100 rsi=0x100 rdx=0x1 @step 787511
            free rdi=0x300001e10 rsi=0x1 rdx=0x30004c170 @step 788837
     __libc_free rdi=0x300001e10 rsi=0x1 rdx=0x30004c170 @step 788838
            free rdi=0x3000014c0 rsi=0x2 rdx=0x0 @step 789033
     __libc_free rdi=0x3000014c0 rsi=0x2 rdx=0x0 @step 789034
            free rdi=0x3000014b0 rsi=0xc rdx=0x30000080 @step 789188
     __libc_free rdi=0x3000014b0 rsi=0xc rdx=0x30000080 @step 789189
            free rdi=0x30004c030 rsi=0xc rdx=0x30000280 @step 789336
     __libc_free rdi=0x30004c030 rsi=0xc rdx=0x30000280 @step 789337
          malloc rdi=0x4 rsi=0x2 rdx=0x7ffffffffffffffc @step 789573
            free rdi=0x3000015d0 rsi=0x30004c178 rdx=0x0 @step 789765
     __libc_free rdi=0x3000015d0 rsi=0x30004c178 rdx=0x0 @step 789766
            free rdi=0x30004c170 rsi=0xc rdx=0x30000380 @step 789921
     __libc_free rdi=0x30004c170 rsi=0xc rdx=0x30000380 @step 789922
          malloc rdi=0x4 rsi=0x3fffffffffffffff rdx=0x1000 @step 790620
            free rdi=0x3000014e0 rsi=0x3000014e0 rdx=0x4 @step 790843
     __libc_free rdi=0x3000014e0 rsi=0x3000014e0 rdx=0x4 @step 790844
            free rdi=0x3000014d0 rsi=0xc rdx=0x34000380 @step 790999
     __libc_free rdi=0x3000014d0 rsi=0xc rdx=0x34000380 @step 791000
          malloc rdi=0x8 rsi=0x3000012e0 rdx=0x3 @step 791194
          malloc rdi=0x8 rsi=0x300001430 rdx=0x3 @step 791456
          calloc rdi=0x10 rsi=0x1 rdx=0x1 @step 791714
          malloc rdi=0x10 rsi=0x1 rdx=0x0 @step 791727
          malloc rdi=0x100 rsi=0x100 rdx=0x1 @step 792082
            mmap len=0x1000 -> 0x30004d000 @step 792706
            free rdi=0x300001160 rsi=0x0 rdx=0x30004d040 @step 794323
     __libc_free rdi=0x300001160 rsi=0x0 rdx=0x30004d040 @step 794324
            free rdi=0x300001500 rsi=0x1c rdx=0x10 @step 794478
     __libc_free rdi=0x300001500 rsi=0x1c rdx=0x10 @step 794479
            free rdi=0x3000014f0 rsi=0xc rdx=0x34000f80 @step 794633
     __libc_free rdi=0x3000014f0 rsi=0xc rdx=0x34000f80 @step 794634
          malloc rdi=0x8 rsi=0x30004d040 rdx=0x6 @step 794810
          malloc rdi=0x8 rsi=0x300001040 rdx=0x6 @step 795108
            free rdi=0x300001520 rsi=0x1 rdx=0x300001520 @step 795433
     __libc_free rdi=0x300001520 rsi=0x1 rdx=0x300001520 @step 795434
            free rdi=0x300001510 rsi=0xc rdx=0x34003f80 @step 795581
     __libc_free rdi=0x300001510 rsi=0xc rdx=0x34003f80 @step 795582
            free rdi=0x30004d040 rsi=0xc rdx=0x3400bf80 @step 795739
     __libc_free rdi=0x30004d040 rsi=0xc rdx=0x3400bf80 @step 795740
          malloc rdi=0x4 rsi=0x300001440 rdx=0x1 @step 796443
          malloc rdi=0x8 rsi=0x300001450 rdx=0x2 @step 796649
          malloc rdi=0x8 rsi=0x300001460 rdx=0x2 @step 796843
          malloc rdi=0x4 rsi=0x300001501 rdx=0x45ec40 @step 797127
          malloc rdi=0x8 rsi=0x300001534 rdx=0x0 @step 797383
          malloc rdi=0x8 rsi=0x300001548 rdx=0x0 @step 797555
         realloc rdi=0x300001570 rsi=0x10 rdx=0x10 @step 797781
  __libc_realloc rdi=0x300001570 rsi=0x10 rdx=0x10 @step 797782
     __libc_free rdi=0x300001570 rsi=0x300001578 rdx=0x0 @step 798063
         realloc rdi=0x300001580 rsi=0x10 rdx=0x10 @step 798308
  __libc_realloc rdi=0x300001580 rsi=0x10 rdx=0x10 @step 798309
     __libc_free rdi=0x300001580 rsi=0x300001588 rdx=0x0 @step 798590
          malloc rdi=0x4 rsi=0x300001564 rdx=0x0 @step 798806
          malloc rdi=0x140 rsi=0x8 rdx=0x140 @step 799025
            mmap len=0x1000 -> 0x30004e000 @step 799662
            free rdi=0x300001560 rsi=0x0 rdx=0x30004e060 @step 800223
     __libc_free rdi=0x300001560 rsi=0x0 rdx=0x30004e060 @step 800224
          malloc rdi=0x4 rsi=0x0 rdx=0x45ec40 @step 800398
          malloc rdi=0x8 rsi=0x3000015a0 rdx=0x1 @step 800671
          malloc rdi=0x8 rsi=0x469e68 rdx=0x1 @step 800908
          malloc rdi=0x20 rsi=0x20 rdx=0x7ffef2b8 @step 801201
          malloc rdi=0x100 rsi=0x100 rdx=0x1 @step 801426
            free rdi=0x300001e40 rsi=0x0 rdx=0x30004e440 @step 803106
     __libc_free rdi=0x300001e40 rsi=0x0 rdx=0x30004e440 @step 803107
            free rdi=0x3000015c0 rsi=0x2c rdx=0x1 @step 803261
     __libc_free rdi=0x3000015c0 rsi=0x2c rdx=0x1 @step 803262
            free rdi=0x3000015b0 rsi=0xc rdx=0x3438ff80 @step 803416
     __libc_free rdi=0x3000015b0 rsi=0xc rdx=0x3438ff80 @step 803417
            free rdi=0x3000015a0 rsi=0xc rdx=0x3638ff80 @step 803564
     __libc_free rdi=0x3000015a0 rsi=0xc rdx=0x3638ff80 @step 803565
            free rdi=0x30004e440 rsi=0xc rdx=0x3738ff80 @step 803730
     __libc_free rdi=0x30004e440 rsi=0xc rdx=0x3738ff80 @step 803731
          malloc rdi=0x4 rsi=0x1 rdx=0x45ec40 @step 804139
          malloc rdi=0x8 rsi=0x3000015e0 rdx=0x1 @step 804400
          malloc rdi=0x8 rsi=0x469e68 rdx=0x1 @step 804725
          malloc rdi=0x20 rsi=0x20 rdx=0x7ffef2b8 @step 805018
          malloc rdi=0x100 rsi=0x100 rdx=0x1 @step 805243
            free rdi=0x300001e70 rsi=0x0 rdx=0x30004e450 @step 806967
     __libc_free rdi=0x300001e70 rsi=0x0 rdx=0x30004e450 @step 806968
            free rdi=0x3000014b0 rsi=0x2c rdx=0x3 @step 807122
     __libc_free rdi=0x3000014b0 rsi=0x2c rdx=0x3 @step 807123
            free rdi=0x3000014a0 rsi=0x0 rdx=0x0 @step 807318
     __libc_free rdi=0x3000014a0 rsi=0x0 rdx=0x0 @step 807319
            free rdi=0x3000015e0 rsi=0xc rdx=0x100 @step 807466
     __libc_free rdi=0x3000015e0 rsi=0xc rdx=0x100 @step 807467
            free rdi=0x30004e450 rsi=0xc rdx=0x180 @step 807644
     __libc_free rdi=0x30004e450 rsi=0xc rdx=0x180 @step 807645
          malloc rdi=0x4 rsi=0x0 rdx=0x45ec40 @step 808040
          malloc rdi=0x8 rsi=0x3000014c0 rdx=0x1 @step 808301
          malloc rdi=0x8 rsi=0x469e68 rdx=0x1 @step 808538
          malloc rdi=0x20 rsi=0x20 rdx=0x7ffef2b8 @step 808831
          malloc rdi=0x100 rsi=0x100 rdx=0x1 @step 809056
            free rdi=0x300001ea0 rsi=0x0 rdx=0x30004e420 @step 810789
     __libc_free rdi=0x300001ea0 rsi=0x0 rdx=0x30004e420 @step 810790
            free rdi=0x3000014e0 rsi=0x2c rdx=0x7 @step 810944
     __libc_free rdi=0x3000014e0 rsi=0x2c rdx=0x7 @step 810945
            free rdi=0x3000014d0 rsi=0xc rdx=0x8000180 @step 811099
     __libc_free rdi=0x3000014d0 rsi=0xc rdx=0x8000180 @step 811100
            free rdi=0x3000014c0 rsi=0xc rdx=0x8000980 @step 811247
     __libc_free rdi=0x3000014c0 rsi=0xc rdx=0x8000980 @step 811248
          malloc rdi=0x8 rsi=0x30004e420 rdx=0x1 @step 811442
          malloc rdi=0x8 rsi=0x469e68 rdx=0x1 @step 811679
          malloc rdi=0x20 rsi=0x20 rdx=0x7ffef2b8 @step 811972
          malloc rdi=0x100 rsi=0x100 rdx=0x1 @step 812197
            free rdi=0x300001ed0 rsi=0x1 rdx=0x30004e580 @step 813529
     __libc_free rdi=0x300001ed0 rsi=0x1 rdx=0x30004e580 @step 813530
            free rdi=0x300001500 rsi=0x2c rdx=0xf @step 813684
     __libc_free rdi=0x300001500 rsi=0x2c rdx=0xf @step 813685
            free rdi=0x3000014f0 rsi=0xc rdx=0x8000f80 @step 813839
     __libc_free rdi=0x3000014f0 rsi=0xc rdx=0x8000f80 @step 813840
            free rdi=0x30004e420 rsi=0xc rdx=0x8002f80 @step 813987
     __libc_free rdi=0x30004e420 rsi=0xc rdx=0x8002f80 @step 813988
          malloc rdi=0x8 rsi=0xd rdx=0x0 @step 814194
          malloc rdi=0x8 rsi=0x300001548 rdx=0x0 @step 814366
         realloc rdi=0x300001510 rsi=0x10 rdx=0x10 @step 814592
  __libc_realloc rdi=0x300001510 rsi=0x10 rdx=0x10 @step 814593
     __libc_free rdi=0x300001510 rsi=0x300001518 rdx=0x0 @step 814874
         realloc rdi=0x300001520 rsi=0x10 rdx=0x10 @step 815119
  __libc_realloc rdi=0x300001520 rsi=0x10 rdx=0x10 @step 815120
     __libc_free rdi=0x300001520 rsi=0x300001528 rdx=0x0 @step 815489
          malloc rdi=0x4 rsi=0xc rdx=0x4 @step 815688
            free rdi=0x30004e580 rsi=0x30004e588 rdx=0x30004e060 @step 815910
     __libc_free rdi=0x30004e580 rsi=0x30004e588 rdx=0x30004e060 @step 815911
            free rdi=0x300001590 rsi=0x3000012e0 rdx=0xc @step 816455
     __libc_free rdi=0x300001590 rsi=0x3000012e0 rdx=0xc @step 816456
            free rdi=0x300001180 rsi=0xc rdx=0x800ff80 @step 816610
     __libc_free rdi=0x300001180 rsi=0xc rdx=0x800ff80 @step 816611
            free rdi=0x3000011a0 rsi=0x1 rdx=0x0 @step 816806
     __libc_free rdi=0x3000011a0 rsi=0x1 rdx=0x0 @step 816807
          malloc rdi=0x18 rsi=0x3fffffffffffffff rdx=0x7ffffffffffffffc @step 817218
            free rdi=0x300001160 rsi=0x3fffffffffffffff rdx=0x0 @step 817397
     __libc_free rdi=0x300001160 rsi=0x3fffffffffffffff rdx=0x0 @step 817398
          malloc rdi=0x4 rsi=0x3fffffffffffffff rdx=0x22a4 @step 817655
          malloc rdi=0x4 rsi=0x14 rdx=0xb4 @step 817816
          malloc rdi=0x8 rsi=0x300001580 rdx=0x1 @step 818038
          malloc rdi=0x8 rsi=0x469e68 rdx=0x1 @step 818275
          malloc rdi=0x20 rsi=0x20 rdx=0x7ffef258 @step 818568
          malloc rdi=0x100 rsi=0x100 rdx=0x1 @step 818793
            free rdi=0x300001f30 rsi=0x0 rdx=0x30004e430 @step 820517
     __libc_free rdi=0x300001f30 rsi=0x0 rdx=0x30004e430 @step 820518
            free rdi=0x3000015b0 rsi=0x2c rdx=0x1f @step 820672
     __libc_free rdi=0x3000015b0 rsi=0x2c rdx=0x1f @step 820673
            free rdi=0x3000015a0 rsi=0xc rdx=0x840ff80 @step 820827
     __libc_free rdi=0x3000015a0 rsi=0xc rdx=0x840ff80 @step 820828
            free rdi=0x300001580 rsi=0xc rdx=0x940ff80 @step 820975
     __libc_free rdi=0x300001580 rsi=0xc rdx=0x940ff80 @step 820976
          malloc rdi=0x4 rsi=0x30004e434 rdx=0x0 @step 821195
            free rdi=0x300001570 rsi=0x19 rdx=0xb9 @step 821354
     __libc_free rdi=0x300001570 rsi=0x19 rdx=0xb9 @step 821355
            free rdi=0x30004e430 rsi=0xc rdx=0x9e0ff80 @step 821510
     __libc_free rdi=0x30004e430 rsi=0xc rdx=0x9e0ff80 @step 821511
          malloc rdi=0x4 rsi=0x3fffffffffffffff rdx=0x0 @step 821901
          malloc rdi=0x8 rsi=0x3000015d0 rdx=0x1 @step 822123
          malloc rdi=0x8 rsi=0x469e68 rdx=0x1 @step 822360
          malloc rdi=0x20 rsi=0x20 rdx=0x7ffef258 @step 822653
          malloc rdi=0x100 rsi=0x100 rdx=0x1 @step 822878
            free rdi=0x300001f60 rsi=0x0 rdx=0x30004e440 @step 824602
     __libc_free rdi=0x300001f60 rsi=0x0 rdx=0x30004e440 @step 824603
            free rdi=0x300001600 rsi=0x2c rdx=0x5f @step 824757
     __libc_free rdi=0x300001600 rsi=0x2c rdx=0x5f @step 824758
            free rdi=0x3000015f0 rsi=0xc rdx=0x9f0ff80 @step 824912
     __libc_free rdi=0x3000015f0 rsi=0xc rdx=0x9f0ff80 @step 824913
            free rdi=0x3000015d0 rsi=0xc rdx=0x29f0ff80 @step 825060
     __libc_free rdi=0x3000015d0 rsi=0xc rdx=0x29f0ff80 @step 825061
          malloc rdi=0x4 rsi=0x30004e444 rdx=0x0 @step 825297
            free rdi=0x3000015c0 rsi=0x7 rdx=0xa7 @step 825544
     __libc_free rdi=0x3000015c0 rsi=0x7 rdx=0xa7 @step 825545
            free rdi=0x30004e440 rsi=0x0 rdx=0x0 @step 825741
     __libc_free rdi=0x30004e440 rsi=0x0 rdx=0x0 @step 825742
          malloc rdi=0x4 rsi=0x3fffffffffffffff rdx=0x0 @step 826132
          malloc rdi=0x8 rsi=0x3000014b0 rdx=0x1 @step 826354
          malloc rdi=0x8 rsi=0x469e68 rdx=0x1 @step 826591
          malloc rdi=0x20 rsi=0x20 rdx=0x7ffef258 @step 826884
          malloc rdi=0x100 rsi=0x100 rdx=0x1 @step 827109
            free rdi=0x300001f90 rsi=0x0 rdx=0x30004e450 @step 828833
     __libc_free rdi=0x300001f90 rsi=0x0 rdx=0x30004e450 @step 828834
            free rdi=0x3000014d0 rsi=0x2c rdx=0xdf @step 828988
     __libc_free rdi=0x3000014d0 rsi=0x2c rdx=0xdf @step 828989
            free rdi=0x3000014c0 rsi=0xc rdx=0x2000000 @step 829143
     __libc_free rdi=0x3000014c0 rsi=0xc rdx=0x2000000 @step 829144
            free rdi=0x3000014b0 rsi=0xc rdx=0x2000400 @step 829291
     __libc_free rdi=0x3000014b0 rsi=0xc rdx=0x2000400 @step 829292
          malloc rdi=0x8 rsi=0x30004e450 rdx=0x1 @step 829515
          malloc rdi=0x8 rsi=0x469e68 rdx=0x1 @step 829752
          malloc rdi=0x20 rsi=0x20 rdx=0x7ffef258 @step 830045
          malloc rdi=0x100 rsi=0x100 rdx=0x1 @step 830270
            free rdi=0x300001fc0 rsi=0x1 rdx=0x30004e590 @step 831590
     __libc_free rdi=0x300001fc0 rsi=0x1 rdx=0x30004e590 @step 831591
            free rdi=0x3000014f0 rsi=0x2c rdx=0x1df @step 831745
     __libc_free rdi=0x3000014f0 rsi=0x2c rdx=0x1df @step 831746
            free rdi=0x3000014e0 rsi=0xc rdx=0x2000700 @step 831900
     __libc_free rdi=0x3000014e0 rsi=0xc rdx=0x2000700 @step 831901
            free rdi=0x30004e450 rsi=0xc rdx=0x2001700 @step 832048
     __libc_free rdi=0x30004e450 rsi=0xc rdx=0x2001700 @step 832049
          malloc rdi=0x4 rsi=0x2 rdx=0x7ffffffffffffffc @step 832285
            free rdi=0x3000014a0 rsi=0x30004e598 rdx=0x0 @step 832477
     __libc_free rdi=0x3000014a0 rsi=0x30004e598 rdx=0x0 @step 832478
            free rdi=0x30004e590 rsi=0xc rdx=0x2001f00 @step 832633
     __libc_free rdi=0x30004e590 rsi=0xc rdx=0x2001f00 @step 832634
          malloc rdi=0x4 rsi=0x3fffffffffffffff rdx=0x0 @step 833034
            free rdi=0x300001510 rsi=0x300001510 rdx=0x4 @step 833257
     __libc_free rdi=0x300001510 rsi=0x300001510 rdx=0x4 @step 833258
            free rdi=0x300001500 rsi=0xc rdx=0x2001f80 @step 833413
     __libc_free rdi=0x300001500 rsi=0xc rdx=0x2001f80 @step 833414
          malloc rdi=0x8 rsi=0x3000011c0 rdx=0x3 @step 833608
          malloc rdi=0x8 rsi=0x3000010c0 rdx=0x3 @step 833870
          calloc rdi=0x10 rsi=0x1 rdx=0x1 @step 834128
          malloc rdi=0x10 rsi=0x1 rdx=0x0 @step 834141
          malloc rdi=0x100 rsi=0x100 rdx=0x1 @step 834584
            free rdi=0x300001160 rsi=0x0 rdx=0x30004e420 @step 836289
     __libc_free rdi=0x300001160 rsi=0x0 rdx=0x30004e420 @step 836290
            free rdi=0x300001570 rsi=0x1 rdx=0x0 @step 836485
     __libc_free rdi=0x300001570 rsi=0x1 rdx=0x0 @step 836486
            free rdi=0x300001520 rsi=0xc rdx=0x2007f80 @step 836640
     __libc_free rdi=0x300001520 rsi=0xc rdx=0x2007f80 @step 836641
          malloc rdi=0x8 rsi=0x30004e420 rdx=0x6 @step 836817
          malloc rdi=0x8 rsi=0x300001040 rdx=0x6 @step 837115
            free rdi=0x300001590 rsi=0x1 rdx=0x300001590 @step 837440
     __libc_free rdi=0x300001590 rsi=0x1 rdx=0x300001590 @step 837441
            free rdi=0x300001580 rsi=0xc rdx=0x210ff80 @step 837588
     __libc_free rdi=0x300001580 rsi=0xc rdx=0x210ff80 @step 837589
            free rdi=0x30004e420 rsi=0xc rdx=0x250ff80 @step 837746
     __libc_free rdi=0x30004e420 rsi=0xc rdx=0x250ff80 @step 837747
            free rdi=0x300001530 rsi=0x2000011d0 rdx=0x0 @step 838186
     __libc_free rdi=0x300001530 rsi=0x2000011d0 rdx=0x0 @step 838187
            free rdi=0x300001540 rsi=0xc rdx=0x270ff80 @step 838341
     __libc_free rdi=0x300001540 rsi=0xc rdx=0x270ff80 @step 838342
            free rdi=0x300001550 rsi=0xc rdx=0x271ff80 @step 838490
     __libc_free rdi=0x300001550 rsi=0xc rdx=0x271ff80 @step 838491
            free rdi=0x30004e060 rsi=0xc rdx=0x273ff80 @step 838673
     __libc_free rdi=0x30004e060 rsi=0xc rdx=0x273ff80 @step 838674
            free rdi=0x300001560 rsi=0x300001430 rdx=0xc @step 839615
     __libc_free rdi=0x300001560 rsi=0x300001430 rdx=0xc @step 839616
            free rdi=0x3000011c0 rsi=0xc rdx=0x277ff80 @step 839770
     __libc_free rdi=0x3000011c0 rsi=0xc rdx=0x277ff80 @step 839771
            free rdi=0x3000010c0 rsi=0x1c rdx=0x200 @step 839926
     __libc_free rdi=0x3000010c0 rsi=0x1c rdx=0x200 @step 839927
          malloc rdi=0xc rsi=0x3000012e0 rdx=0x3 @step 840116
            free rdi=0x3000015a0 rsi=0x3000013a0 rdx=0xc @step 840418
     __libc_free rdi=0x3000015a0 rsi=0x3000013a0 rdx=0xc @step 840419
          malloc rdi=0xc rsi=0x300001430 rdx=0x3 @step 840588
            free rdi=0x3000015b0 rsi=0x3000013d0 rdx=0xc @step 840890
     __libc_free rdi=0x3000015b0 rsi=0x3000013d0 rdx=0xc @step 840891
          malloc rdi=0x10 rsi=0x4 rdx=0x10 @step 841141
          malloc rdi=0x8 rsi=0x3000013a0 rdx=0x3 @step 841344
          malloc rdi=0x8 rsi=0x300001180 rdx=0x1 @step 841605
            free rdi=0x3000015e0 rsi=0x1 rdx=0x3000015e0 @step 841868
     __libc_free rdi=0x3000015e0 rsi=0x1 rdx=0x3000015e0 @step 841869
            free rdi=0x3000015d0 rsi=0xc rdx=0x3ffff80 @step 842016
     __libc_free rdi=0x3000015d0 rsi=0xc rdx=0x3ffff80 @step 842017
          malloc rdi=0x8 rsi=0x3000013d0 rdx=0x3 @step 842202
          malloc rdi=0x8 rsi=0x300001180 rdx=0x1 @step 842463
            free rdi=0x300001600 rsi=0x1 rdx=0x300001600 @step 842726
     __libc_free rdi=0x300001600 rsi=0x1 rdx=0x300001600 @step 842727
            free rdi=0x3000015f0 rsi=0xc rdx=0xfffff80 @step 842874
     __libc_free rdi=0x3000015f0 rsi=0xc rdx=0xfffff80 @step 842875
          malloc rdi=0x8 rsi=0x3000013a0 rdx=0x3 @step 843061
          malloc rdi=0x8 rsi=0x3000013d0 rdx=0x3 @step 843411
          calloc rdi=0x10 rsi=0x1 rdx=0x1 @step 843669
          malloc rdi=0x10 rsi=0x1 rdx=0x0 @step 843682
          malloc rdi=0x100 rsi=0x100 rdx=0x1 @step 844037
            mmap len=0x1000 -> 0x30004f000 @step 844661
            free rdi=0x3000011a0 rsi=0x0 rdx=0x30004f060 @step 846278
     __libc_free rdi=0x3000011a0 rsi=0x0 rdx=0x30004f060 @step 846279
            free rdi=0x3000014b0 rsi=0x1c rdx=0x1210 @step 846433
     __libc_free rdi=0x3000014b0 rsi=0x1c rdx=0x1210 @step 846434
            free rdi=0x3000014a0 rsi=0x0 rdx=0x0 @step 846629
     __libc_free rdi=0x3000014a0 rsi=0x0 rdx=0x0 @step 846630
          malloc rdi=0x8 rsi=0x30004f060 rdx=0x6 @step 846806
          malloc rdi=0x8 rsi=0x300001040 rdx=0x6 @step 847104
            free rdi=0x3000014d0 rsi=0x1 rdx=0x3000014d0 @step 847429
     __libc_free rdi=0x3000014d0 rsi=0x1 rdx=0x3000014d0 @step 847430
            free rdi=0x3000014c0 rsi=0xc rdx=0x180 @step 847577
     __libc_free rdi=0x3000014c0 rsi=0xc rdx=0x180 @step 847578
            free rdi=0x300001180 rsi=0xc rdx=0x580 @step 847734
     __libc_free rdi=0x300001180 rsi=0xc rdx=0x580 @step 847735
            free rdi=0x30004f060 rsi=0x1c rdx=0x1a10 @step 847891
     __libc_free rdi=0x30004f060 rsi=0x1c rdx=0x1a10 @step 847892
          malloc rdi=0x8 rsi=0x3000013a0 rdx=0x3 @step 848605
          malloc rdi=0x8 rsi=0x3000013d0 rdx=0x3 @step 848866
            free rdi=0x3000014f0 rsi=0x1 rdx=0x3000014f0 @step 849153
     __libc_free rdi=0x3000014f0 rsi=0x1 rdx=0x3000014f0 @step 849154
            free rdi=0x3000014e0 rsi=0xc rdx=0x780 @step 849301
     __libc_free rdi=0x3000014e0 rsi=0xc rdx=0x780 @step 849302
          malloc rdi=0x4 rsi=0x1 rdx=0x1780 @step 849489
          malloc rdi=0x4 rsi=0xd rdx=0xad @step 849640
          malloc rdi=0x4 rsi=0xe rdx=0xae @step 849789
          malloc rdi=0x140 rsi=0x8 rdx=0x140 @step 849991
            mmap len=0x1000 -> 0x300050000 @step 850628
            free rdi=0x300001500 rsi=0x1 rdx=0x4 @step 851360
     __libc_free rdi=0x300001500 rsi=0x1 rdx=0x4 @step 851361
            free rdi=0x300001510 rsi=0xc rdx=0x1f80 @step 851515
     __libc_free rdi=0x300001510 rsi=0xc rdx=0x1f80 @step 851516
            free rdi=0x300001520 rsi=0xc rdx=0x3f80 @step 851670
     __libc_free rdi=0x300001520 rsi=0xc rdx=0x3f80 @step 851671
            free rdi=0x300050030 rsi=0xc rdx=0x7f80 @step 851832
     __libc_free rdi=0x300050030 rsi=0xc rdx=0x7f80 @step 851833
          malloc rdi=0x18 rsi=0x3fffffffffffffff rdx=0x7ffffffffffffffc @step 852542
            free rdi=0x3000010c0 rsi=0x3fffffffffffffff rdx=0x0 @step 852809
     __libc_free rdi=0x3000010c0 rsi=0x3fffffffffffffff rdx=0x0 @step 852810
          malloc rdi=0x4 rsi=0x3fffffffffffffff rdx=0x22a4 @step 853080
          malloc rdi=0x4 rsi=0x10 rdx=0xb0 @step 853241
          malloc rdi=0x8 rsi=0x300001540 rdx=0x1 @step 853463
          malloc rdi=0x8 rsi=0x469e68 rdx=0x1 @step 853700
          malloc rdi=0x20 rsi=0x20 rdx=0x7ffef358 @step 853993
          malloc rdi=0x100 rsi=0x100 rdx=0x1 @step 854306
            mmap len=0x1000 -> 0x300051000 @step 854930
            free rdi=0x300001e10 rsi=0x0 rdx=0x300051040 @step 856575
     __libc_free rdi=0x300001e10 rsi=0x0 rdx=0x300051040 @step 856576
            free rdi=0x300001560 rsi=0x2 rdx=0x0 @step 856771
     __libc_free rdi=0x300001560 rsi=0x2 rdx=0x0 @step 856772
            free rdi=0x300001550 rsi=0xc rdx=0xff80 @step 856926
     __libc_free rdi=0x300001550 rsi=0xc rdx=0xff80 @step 856927
            free rdi=0x300001540 rsi=0xc rdx=0x8ff80 @step 857074
     __libc_free rdi=0x300001540 rsi=0xc rdx=0x8ff80 @step 857075
          malloc rdi=0x4 rsi=0x300051044 rdx=0x0 @step 857294
            free rdi=0x300001530 rsi=0x14 rdx=0xb4 @step 857453
     __libc_free rdi=0x300001530 rsi=0x14 rdx=0xb4 @step 857454
            free rdi=0x300051040 rsi=0xc rdx=0xeff80 @step 857609
     __libc_free rdi=0x300051040 rsi=0xc rdx=0xeff80 @step 857610
          malloc rdi=0x4 rsi=0x3fffffffffffffff rdx=0x1000 @step 858305
            free rdi=0x300001580 rsi=0x300001580 rdx=0x4 @step 858528
     __libc_free rdi=0x300001580 rsi=0x300001580 rdx=0x4 @step 858529
            free rdi=0x300001570 rsi=0xc rdx=0xfff80 @step 858684
     __libc_free rdi=0x300001570 rsi=0xc rdx=0xfff80 @step 858685
          malloc rdi=0x8 rsi=0x300001480 rdx=0x1 @step 858879
          malloc rdi=0x8 rsi=0x300001490 rdx=0x1 @step 859117
          calloc rdi=0x10 rsi=0x1 rdx=0x1 @step 859351
          malloc rdi=0x10 rsi=0x1 rdx=0x0 @step 859364
          malloc rdi=0x100 rsi=0x100 rdx=0x1 @step 859719
            mmap len=0x1000 -> 0x300052000 @step 860343
            free rdi=0x300001160 rsi=0x0 rdx=0x300052050 @step 861988
     __libc_free rdi=0x300001160 rsi=0x0 rdx=0x300052050 @step 861989
            free rdi=0x3000015a0 rsi=0x1c rdx=0x10 @step 862143
     __libc_free rdi=0x3000015a0 rsi=0x1c rdx=0x10 @step 862144
            free rdi=0x300001590 rsi=0xc rdx=0x3fff80 @step 862298
     __libc_free rdi=0x300001590 rsi=0xc rdx=0x3fff80 @step 862299
          malloc rdi=0x8 rsi=0x300052050 rdx=0x1 @step 862475
          malloc rdi=0x8 rsi=0x300001040 rdx=0x6 @step 862712
            free rdi=0x3000015c0 rsi=0x1 rdx=0x3000015c0 @step 863036
     __libc_free rdi=0x3000015c0 rsi=0x1 rdx=0x3000015c0 @step 863037
            free rdi=0x3000015b0 rsi=0xc rdx=0xffff80 @step 863184
     __libc_free rdi=0x3000015b0 rsi=0xc rdx=0xffff80 @step 863185
            free rdi=0x300052050 rsi=0xc rdx=0x2ffff80 @step 863342
     __libc_free rdi=0x300052050 rsi=0xc rdx=0x2ffff80 @step 863343
          malloc rdi=0x18 rsi=0x3fffffffffffffff rdx=0x7ffffffffffffffc @step 864074
            free rdi=0x300001180 rsi=0x3fffffffffffffff rdx=0x0 @step 864253
     __libc_free rdi=0x300001180 rsi=0x3fffffffffffffff rdx=0x0 @step 864254
          malloc rdi=0x4 rsi=0x3fffffffffffffff rdx=0x22a4 @step 864497
          malloc rdi=0x4 rsi=0x1a rdx=0xba @step 864658
          malloc rdi=0x8 rsi=0x3000015e0 rdx=0x1 @step 864880
          malloc rdi=0x8 rsi=0x469e68 rdx=0x1 @step 865117
          malloc rdi=0x20 rsi=0x20 rdx=0x7ffef358 @step 865410
          malloc rdi=0x100 rsi=0x100 rdx=0x1 @step 865635
            mmap len=0x1000 -> 0x300053000 @step 866259
            free rdi=0x300001e40 rsi=0x0 rdx=0x300053060 @step 867904
     __libc_free rdi=0x300001e40 rsi=0x0 rdx=0x300053060 @step 867905
            free rdi=0x300001600 rsi=0x2c rdx=0x1 @step 868059
     __libc_free rdi=0x300001600 rsi=0x2c rdx=0x1 @step 868060
            free rdi=0x3000015f0 rsi=0xc rdx=0x3ffff80 @step 868214
     __libc_free rdi=0x3000015f0 rsi=0xc rdx=0x3ffff80 @step 868215
            free rdi=0x3000015e0 rsi=0xc rdx=0x23ffff80 @step 868362
     __libc_free rdi=0x3000015e0 rsi=0xc rdx=0x23ffff80 @step 868363
          malloc rdi=0x4 rsi=0x300053064 rdx=0x0 @step 868582
            free rdi=0x3000015d0 rsi=0x7 rdx=0xa7 @step 868829
     __libc_free rdi=0x3000015d0 rsi=0x7 rdx=0xa7 @step 868830
            free rdi=0x300053060 rsi=0x0 rdx=0x0 @step 869026
     __libc_free rdi=0x300053060 rsi=0x0 rdx=0x0 @step 869027
          malloc rdi=0x4 rsi=0x3fffffffffffffff rdx=0x1000 @step 869715
          malloc rdi=0x8 rsi=0x3000014b0 rdx=0x1 @step 869937
          malloc rdi=0x8 rsi=0x469e68 rdx=0x1 @step 870174
          malloc rdi=0x20 rsi=0x20 rdx=0x7ffef358 @step 870467
          malloc rdi=0x100 rsi=0x100 rdx=0x1 @step 870692
            mmap len=0x1000 -> 0x300054000 @step 871316
            free rdi=0x300001e70 rsi=0x0 rdx=0x300054030 @step 872955
     __libc_free rdi=0x300001e70 rsi=0x0 rdx=0x300054030 @step 872956
            free rdi=0x3000014d0 rsi=0x2c rdx=0x3 @step 873110
     __libc_free rdi=0x3000014d0 rsi=0x2c rdx=0x3 @step 873111
            free rdi=0x3000014c0 rsi=0xc rdx=0x4000000 @step 873265
     __libc_free rdi=0x3000014c0 rsi=0xc rdx=0x4000000 @step 873266
            free rdi=0x3000014b0 rsi=0xc rdx=0x4000400 @step 873413
     __libc_free rdi=0x3000014b0 rsi=0xc rdx=0x4000400 @step 873414
          malloc rdi=0x4 rsi=0x300054034 rdx=0x0 @step 873650
            free rdi=0x3000014a0 rsi=0xb rdx=0xab @step 873809
     __libc_free rdi=0x3000014a0 rsi=0xb rdx=0xab @step 873810
            free rdi=0x300054030 rsi=0xc rdx=0x4000700 @step 873965
     __libc_free rdi=0x300054030 rsi=0xc rdx=0x4000700 @step 873966
          malloc rdi=0x4 rsi=0x3fffffffffffffff rdx=0x1000 @step 874661
            free rdi=0x3000014f0 rsi=0x3000014f0 rdx=0x4 @step 874884
     __libc_free rdi=0x3000014f0 rsi=0x3000014f0 rdx=0x4 @step 874885
            free rdi=0x3000014e0 rsi=0xc rdx=0x4000780 @step 875040
     __libc_free rdi=0x3000014e0 rsi=0xc rdx=0x4000780 @step 875041
          malloc rdi=0x8 rsi=0x300001450 rdx=0x2 @step 875235
          malloc rdi=0x8 rsi=0x300001460 rdx=0x2 @step 875485
          calloc rdi=0x10 rsi=0x1 rdx=0x1 @step 875731
          malloc rdi=0x10 rsi=0x1 rdx=0x0 @step 875744
          malloc rdi=0x100 rsi=0x100 rdx=0x1 @step 876099
            mmap len=0x1000 -> 0x300055000 @step 876723
            free rdi=0x3000011a0 rsi=0x0 rdx=0x300055040 @step 878364
     __libc_free rdi=0x3000011a0 rsi=0x0 rdx=0x300055040 @step 878365
            free rdi=0x300001510 rsi=0x1c rdx=0x610 @step 878519
     __libc_free rdi=0x300001510 rsi=0x1c rdx=0x610 @step 878520
            free rdi=0x300001500 rsi=0xc rdx=0x4001f80 @step 878674
     __libc_free rdi=0x300001500 rsi=0xc rdx=0x4001f80 @step 878675
          malloc rdi=0x8 rsi=0x300055040 rdx=0x2 @step 878851
          malloc rdi=0x8 rsi=0x300001040 rdx=0x6 @step 879100
            free rdi=0x300001530 rsi=0x1 rdx=0x300001530 @step 879424
     __libc_free rdi=0x300001530 rsi=0x1 rdx=0x300001530 @step 879425
            free rdi=0x300001520 rsi=0xc rdx=0x4007f80 @step 879572
     __libc_free rdi=0x300001520 rsi=0xc rdx=0x4007f80 @step 879573
            free rdi=0x300055040 rsi=0xc rdx=0x4017f80 @step 879730
     __libc_free rdi=0x300055040 rsi=0xc rdx=0x4017f80 @step 879731
          malloc rdi=0x4 rsi=0x300001470 rdx=0x1 @step 880434
          malloc rdi=0x4 rsi=0x300001480 rdx=0x1 @step 880640
          malloc rdi=0x4 rsi=0x300001490 rdx=0x1 @step 880847
          malloc rdi=0x4 rsi=0x300001501 rdx=0x45ec40 @step 881144
            free rdi=0x300001570 rsi=0x300001544 rdx=0x0 @step 881381
     __libc_free rdi=0x300001570 rsi=0x300001544 rdx=0x0 @step 881382
          malloc rdi=0x4 rsi=0x0 rdx=0x45ec40 @step 881556
          malloc rdi=0x8 rsi=0x300001580 rdx=0x1 @step 881810
          malloc rdi=0x8 rsi=0x469e68 rdx=0x1 @step 882047
          malloc rdi=0x20 rsi=0x20 rdx=0x7ffef2b8 @step 882340
          malloc rdi=0x100 rsi=0x100 rdx=0x1 @step 882565
            mmap len=0x1000 -> 0x300056000 @step 883189
            free rdi=0x300001ea0 rsi=0x0 rdx=0x300056050 @step 884834
     __libc_free rdi=0x300001ea0 rsi=0x0 rdx=0x300056050 @step 884835
            free rdi=0x3000015a0 rsi=0x2c rdx=0x7 @step 884989
     __libc_free rdi=0x3000015a0 rsi=0x2c rdx=0x7 @step 884990
            free rdi=0x300001590 rsi=0xc rdx=0x411ff80 @step 885144
     __libc_free rdi=0x300001590 rsi=0xc rdx=0x411ff80 @step 885145
            free rdi=0x300001580 rsi=0xc rdx=0x491ff80 @step 885292
     __libc_free rdi=0x300001580 rsi=0xc rdx=0x491ff80 @step 885293
          malloc rdi=0x4 rsi=0xc rdx=0x4d1ff80 @step 885458
          malloc rdi=0x4 rsi=0x300001554 rdx=0x0 @step 885643
         realloc rdi=0x3000015b0 rsi=0x10 rdx=0x10 @step 885882
  __libc_realloc rdi=0x3000015b0 rsi=0x10 rdx=0x10 @step 885883
     __libc_free rdi=0x3000015b0 rsi=0x3000015b4 rdx=0x0 @step 886181
         realloc rdi=0x3000015c0 rsi=0x10 rdx=0x10 @step 886433
  __libc_realloc rdi=0x3000015c0 rsi=0x10 rdx=0x10 @step 886434
     __libc_free rdi=0x3000015c0 rsi=0x3000015c4 rdx=0x0 @step 886820
          malloc rdi=0x4 rsi=0x300056054 rdx=0x0 @step 887043
          malloc rdi=0x140 rsi=0x8 rdx=0x140 @step 887262
            free rdi=0x300056050 rsi=0x0 rdx=0x300056480 @step 887868
     __libc_free rdi=0x300056050 rsi=0x0 rdx=0x300056480 @step 887869
          malloc rdi=0x4 rsi=0x1 rdx=0x45ec40 @step 888277
          malloc rdi=0x8 rsi=0x3000015f0 rdx=0x1 @step 888519
          malloc rdi=0x8 rsi=0x469e68 rdx=0x1 @step 888756
          malloc rdi=0x20 rsi=0x20 rdx=0x7ffef2b8 @step 889137
          malloc rdi=0x100 rsi=0x100 rdx=0x1 @step 889362
            free rdi=0x300001ed0 rsi=0x0 rdx=0x300056060 @step 891086
     __libc_free rdi=0x300001ed0 rsi=0x0 rdx=0x300056060 @step 891087
            free rdi=0x3000014a0 rsi=0x2c rdx=0xf @step 891241
     __libc_free rdi=0x3000014a0 rsi=0x2c rdx=0xf @step 891242
            free rdi=0x300001600 rsi=0x0 rdx=0x0 @step 891437
     __libc_free rdi=0x300001600 rsi=0x0 rdx=0x0 @step 891438
            free rdi=0x3000015f0 rsi=0xc rdx=0x80 @step 891585
     __libc_free rdi=0x3000015f0 rsi=0xc rdx=0x80 @step 891586
          malloc rdi=0x4 rsi=0xc rdx=0x20000080 @step 891763
          malloc rdi=0x4 rsi=0x300001554 rdx=0x0 @step 891948
         realloc rdi=0x3000014b0 rsi=0x10 rdx=0x10 @step 892187
  __libc_realloc rdi=0x3000014b0 rsi=0x10 rdx=0x10 @step 892188
     __libc_free rdi=0x3000014b0 rsi=0x3000014b4 rdx=0x0 @step 892486
         realloc rdi=0x3000014c0 rsi=0x10 rdx=0x10 @step 892738
  __libc_realloc rdi=0x3000014c0 rsi=0x10 rdx=0x10 @step 892739
     __libc_free rdi=0x3000014c0 rsi=0x3000014c4 rdx=0x0 @step 893037
          malloc rdi=0x4 rsi=0x300056064 rdx=0x0 @step 893260
            free rdi=0x300056060 rsi=0xa rdx=0x300056480 @step 893454
     __libc_free rdi=0x300056060 rsi=0xa rdx=0x300056480 @step 893455
          malloc rdi=0x4 rsi=0x0 rdx=0x45ec40 @step 893850
          malloc rdi=0x8 rsi=0x3000014e0 rdx=0x1 @step 894092
          malloc rdi=0x8 rsi=0x469e68 rdx=0x1 @step 894329
          malloc rdi=0x20 rsi=0x20 rdx=0x7ffef2b8 @step 894622
          malloc rdi=0x100 rsi=0x100 rdx=0x1 @step 894847
            free rdi=0x300001f30 rsi=0x0 rdx=0x300056030 @step 896580
     __libc_free rdi=0x300001f30 rsi=0x0 rdx=0x300056030 @step 896581
            free rdi=0x300001500 rsi=0x2c rdx=0x1f @step 896735
     __libc_free rdi=0x300001500 rsi=0x2c rdx=0x1f @step 896736
            free rdi=0x3000014f0 rsi=0xc rdx=0x30000380 @step 896890
     __libc_free rdi=0x3000014f0 rsi=0xc rdx=0x30000380 @step 896891
            free rdi=0x3000014e0 rsi=0xc rdx=0x30002380 @step 897038
     __libc_free rdi=0x3000014e0 rsi=0xc rdx=0x30002380 @step 897039
          malloc rdi=0x8 rsi=0x300056030 rdx=0x1 @step 897233
          malloc rdi=0x8 rsi=0x469e68 rdx=0x1 @step 897470
          malloc rdi=0x20 rsi=0x20 rdx=0x7ffef2b8 @step 897763
          malloc rdi=0x100 rsi=0x100 rdx=0x1 @step 897988
            free rdi=0x300001f60 rsi=0x1 rdx=0x300056190 @step 899320
     __libc_free rdi=0x300001f60 rsi=0x1 rdx=0x300056190 @step 899321
            free rdi=0x300001520 rsi=0x2c rdx=0x5f @step 899475
     __libc_free rdi=0x300001520 rsi=0x2c rdx=0x5f @step 899476
            free rdi=0x300001510 rsi=0xc rdx=0x30003b80 @step 899630
     __libc_free rdi=0x300001510 rsi=0xc rdx=0x30003b80 @step 899631
            free rdi=0x300056030 rsi=0xc rdx=0x3000bb80 @step 899778
     __libc_free rdi=0x300056030 rsi=0xc rdx=0x3000bb80 @step 899779
            free rdi=0x300056190 rsi=0xd rdx=0x0 @step 899985
     __libc_free rdi=0x300056190 rsi=0xd rdx=0x0 @step 899986
          malloc rdi=0x18 rsi=0x3fffffffffffffff rdx=0x7ffffffffffffffc @step 900634
            free rdi=0x3000011a0 rsi=0x3fffffffffffffff rdx=0x0 @step 900813
     __libc_free rdi=0x3000011a0 rsi=0x3fffffffffffffff rdx=0x0 @step 900814
          malloc rdi=0x4 rsi=0x3fffffffffffffff rdx=0x22a4 @step 901104
          malloc rdi=0x4 rsi=0x10 rdx=0xb0 @step 901265
          malloc rdi=0x8 rsi=0x300001570 rdx=0x1 @step 901487
          malloc rdi=0x8 rsi=0x469e68 rdx=0x1 @step 901724
          malloc rdi=0x20 rsi=0x20 rdx=0x7ffef258 @step 902017
          malloc rdi=0x100 rsi=0x100 rdx=0x1 @step 902242
            free rdi=0x300001f90 rsi=0x0 rdx=0x300056040 @step 903966
     __libc_free rdi=0x300001f90 rsi=0x0 rdx=0x300056040 @step 903967
            free rdi=0x300001590 rsi=0x2c rdx=0xdf @step 904121
     __libc_free rdi=0x300001590 rsi=0x2c rdx=0xdf @step 904122
            free rdi=0x300001580 rsi=0xc rdx=0x3000fb80 @step 904276
     __libc_free rdi=0x300001580 rsi=0xc rdx=0x3000fb80 @step 904277
            free rdi=0x300001570 rsi=0xc rdx=0x3040fb80 @step 904424
     __libc_free rdi=0x300001570 rsi=0xc rdx=0x3040fb80 @step 904425
          malloc rdi=0x4 rsi=0x300056044 rdx=0x0 @step 904644
            free rdi=0x300001530 rsi=0x17 rdx=0xb7 @step 904803
     __libc_free rdi=0x300001530 rsi=0x17 rdx=0xb7 @step 904804
            free rdi=0x300056040 rsi=0xc rdx=0x3070fb80 @step 904959
     __libc_free rdi=0x300056040 rsi=0xc rdx=0x3070fb80 @step 904960
          malloc rdi=0x4 rsi=0x3fffffffffffffff rdx=0x0 @step 905350
          malloc rdi=0x8 rsi=0x3000015b0 rdx=0x1 @step 905572
          malloc rdi=0x8 rsi=0x469e68 rdx=0x1 @step 905809
          malloc rdi=0x20 rsi=0x20 rdx=0x7ffef258 @step 906102
          malloc rdi=0x100 rsi=0x100 rdx=0x1 @step 906327
            free rdi=0x300001fc0 rsi=0x0 rdx=0x300056050 @step 908051
     __libc_free rdi=0x300001fc0 rsi=0x0 rdx=0x300056050 @step 908052
            free rdi=0x3000015d0 rsi=0x2c rdx=0x1df @step 908206
     __libc_free rdi=0x3000015d0 rsi=0x2c rdx=0x1df @step 908207
            free rdi=0x3000015c0 rsi=0xc rdx=0x3071fb80 @step 908361
     __libc_free rdi=0x3000015c0 rsi=0xc rdx=0x3071fb80 @step 908362
            free rdi=0x3000015b0 rsi=0xc rdx=0x3471fb80 @step 908509
     __libc_free rdi=0x3000015b0 rsi=0xc rdx=0x3471fb80 @step 908510
          malloc rdi=0x4 rsi=0x300056054 rdx=0x0 @step 908746
            free rdi=0x3000015a0 rsi=0x7 rdx=0xa7 @step 908993
     __libc_free rdi=0x3000015a0 rsi=0x7 rdx=0xa7 @step 908994
            free rdi=0x300056050 rsi=0x0 rdx=0x0 @step 909190
     __libc_free rdi=0x300056050 rsi=0x0 rdx=0x0 @step 909191
          malloc rdi=0x4 rsi=0x3fffffffffffffff rdx=0x0 @step 909588
            free rdi=0x3000014b0 rsi=0x3000014b0 rdx=0x4 @step 909811
     __libc_free rdi=0x3000014b0 rsi=0x3000014b0 rdx=0x4 @step 909812
            free rdi=0x3000014a0 rsi=0xc rdx=0x800000 @step 909967
     __libc_free rdi=0x3000014a0 rsi=0xc rdx=0x800000 @step 909968
          malloc rdi=0x8 rsi=0x3000011c0 rdx=0x2 @step 910162
          malloc rdi=0x8 rsi=0x3000010c0 rdx=0x2 @step 910412
          calloc rdi=0x10 rsi=0x1 rdx=0x1 @step 910658
          malloc rdi=0x10 rsi=0x1 rdx=0x0 @step 910671
          malloc rdi=0x100 rsi=0x100 rdx=0x1 @step 911114
            free rdi=0x3000011a0 rsi=0x0 rdx=0x300056060 @step 912834
     __libc_free rdi=0x3000011a0 rsi=0x0 rdx=0x300056060 @step 912835
            free rdi=0x3000014e0 rsi=0x1 rdx=0x0 @step 913036
     __libc_free rdi=0x3000014e0 rsi=0x1 rdx=0x0 @step 913037
            free rdi=0x3000014c0 rsi=0xc rdx=0x800180 @step 913191
     __libc_free rdi=0x3000014c0 rsi=0xc rdx=0x800180 @step 913192
          malloc rdi=0x8 rsi=0x300056060 rdx=0x2 @step 913368
          malloc rdi=0x8 rsi=0x300001040 rdx=0x6 @step 913617
            free rdi=0x300001500 rsi=0x1 rdx=0x300001500 @step 913941
     __libc_free rdi=0x300001500 rsi=0x1 rdx=0x300001500 @step 913942
            free rdi=0x3000014f0 rsi=0xc rdx=0x800b80 @step 914089
     __libc_free rdi=0x3000014f0 rsi=0xc rdx=0x800b80 @step 914090
            free rdi=0x300056060 rsi=0xc rdx=0x802b80 @step 914247
     __libc_free rdi=0x300056060 rsi=0xc rdx=0x802b80 @step 914248
            free rdi=0x300001540 rsi=0x2000011d0 rdx=0x0 @step 914687
     __libc_free rdi=0x300001540 rsi=0x2000011d0 rdx=0x0 @step 914688
            free rdi=0x300001550 rsi=0xc rdx=0x803b80 @step 914842
     __libc_free rdi=0x300001550 rsi=0xc rdx=0x803b80 @step 914843
            free rdi=0x300001560 rsi=0xc rdx=0x823b80 @step 914998
     __libc_free rdi=0x300001560 rsi=0xc rdx=0x823b80 @step 914999
            free rdi=0x3000014d0 rsi=0xc rdx=0x863b80 @step 915182
     __libc_free rdi=0x3000014d0 rsi=0xc rdx=0x863b80 @step 915183
            free rdi=0x300001160 rsi=0xc rdx=0x8e3b80 @step 915337
     __libc_free rdi=0x300001160 rsi=0xc rdx=0x8e3b80 @step 915338
            free rdi=0x300001180 rsi=0x1c rdx=0x800 @step 915492
     __libc_free rdi=0x300001180 rsi=0x1c rdx=0x800 @step 915493
            free rdi=0x300056480 rsi=0x1c rdx=0xa00 @step 915655
     __libc_free rdi=0x300056480 rsi=0x1c rdx=0xa00 @step 915656
            free rdi=0x3000015e0 rsi=0x300001460 rdx=0x8 @step 916541
     __libc_free rdi=0x3000015e0 rsi=0x300001460 rdx=0x8 @step 916542
            free rdi=0x3000011c0 rsi=0xc rdx=0x8e3f80 @step 916696
     __libc_free rdi=0x3000011c0 rsi=0xc rdx=0x8e3f80 @step 916697
            free rdi=0x3000010c0 rsi=0x1c rdx=0xe00 @step 916852
     __libc_free rdi=0x3000010c0 rsi=0x1c rdx=0xe00 @step 916853
          malloc rdi=0x18 rsi=0x3fffffffffffffff rdx=0x7ffffffffffffffc @step 917052
            free rdi=0x3000010c0 rsi=0x3fffffffffffffff rdx=0x0 @step 917319
     __libc_free rdi=0x3000010c0 rsi=0x3fffffffffffffff rdx=0x0 @step 917320
          malloc rdi=0x4 rsi=0x3fffffffffffffff rdx=0x22a4 @step 917618
          malloc rdi=0x4 rsi=0xe rdx=0xae @step 917779
          malloc rdi=0x8 rsi=0x300001520 rdx=0x1 @step 918001
          malloc rdi=0x8 rsi=0x469e68 rdx=0x1 @step 918238
          malloc rdi=0x20 rsi=0x20 rdx=0x7ffef358 @step 918531
          malloc rdi=0x100 rsi=0x100 rdx=0x1 @step 918844
            mmap len=0x1000 -> 0x300057000 @step 919468
            free rdi=0x300001e10 rsi=0x0 rdx=0x300057060 @step 921113
     __libc_free rdi=0x300001e10 rsi=0x0 rdx=0x300057060 @step 921114
            free rdi=0x300001570 rsi=0x2 rdx=0x0 @step 921309
     __libc_free rdi=0x300001570 rsi=0x2 rdx=0x0 @step 921310
            free rdi=0x300001530 rsi=0xc rdx=0x88e3f80 @step 921464
     __libc_free rdi=0x300001530 rsi=0xc rdx=0x88e3f80 @step 921465
            free rdi=0x300001520 rsi=0xc rdx=0x89e3f80 @step 921612
     __libc_free rdi=0x300001520 rsi=0xc rdx=0x89e3f80 @step 921613
          malloc rdi=0x4 rsi=0x300057064 rdx=0x0 @step 921832
            free rdi=0x300001510 rsi=0x15 rdx=0xb5 @step 921991
     __libc_free rdi=0x300001510 rsi=0x15 rdx=0xb5 @step 921992
            free rdi=0x300057060 rsi=0xc rdx=0x89fbf80 @step 922147
     __libc_free rdi=0x300057060 rsi=0xc rdx=0x89fbf80 @step 922148
          malloc rdi=0x4 rsi=0x3fffffffffffffff rdx=0x1000 @step 922836
          malloc rdi=0x8 rsi=0x300001590 rdx=0x1 @step 923058
          malloc rdi=0x8 rsi=0x469e68 rdx=0x1 @step 923295
          malloc rdi=0x20 rsi=0x20 rdx=0x7ffef358 @step 923588
          malloc rdi=0x100 rsi=0x100 rdx=0x1 @step 923813
            mmap len=0x1000 -> 0x300058000 @step 924437
            free rdi=0x300001e40 rsi=0x0 rdx=0x300058030 @step 926076
     __libc_free rdi=0x300001e40 rsi=0x0 rdx=0x300058030 @step 926077
            free rdi=0x3000015c0 rsi=0x2c rdx=0x1 @step 926231
     __libc_free rdi=0x3000015c0 rsi=0x2c rdx=0x1 @step 926232
            free rdi=0x3000015b0 rsi=0xc rdx=0x89fff80 @step 926386
     __libc_free rdi=0x3000015b0 rsi=0xc rdx=0x89fff80 @step 926387
            free rdi=0x300001590 rsi=0xc rdx=0xa9fff80 @step 926534
     __libc_free rdi=0x300001590 rsi=0xc rdx=0xa9fff80 @step 926535
          malloc rdi=0x4 rsi=0x300058034 rdx=0x0 @step 926771
            free rdi=0x300001580 rsi=0x1a rdx=0xba @step 926930
     __libc_free rdi=0x300001580 rsi=0x1a rdx=0xba @step 926931
            free rdi=0x300058030 rsi=0xc rdx=0xbdfff80 @step 927086
     __libc_free rdi=0x300058030 rsi=0xc rdx=0xbdfff80 @step 927087
          malloc rdi=0x4 rsi=0x3fffffffffffffff rdx=0x1000 @step 927775
          malloc rdi=0x8 rsi=0x3000015f0 rdx=0x1 @step 927997
          malloc rdi=0x8 rsi=0x469e68 rdx=0x1 @step 928234
          malloc rdi=0x20 rsi=0x20 rdx=0x7ffef358 @step 928615
          malloc rdi=0x100 rsi=0x100 rdx=0x1 @step 928840
            mmap len=0x1000 -> 0x300059000 @step 929464
            free rdi=0x300001e70 rsi=0x0 rdx=0x300059040 @step 931109
     __libc_free rdi=0x300001e70 rsi=0x0 rdx=0x300059040 @step 931110
            free rdi=0x3000014a0 rsi=0x2c rdx=0x3 @step 931264
     __libc_free rdi=0x3000014a0 rsi=0x2c rdx=0x3 @step 931265
            free rdi=0x300001600 rsi=0x0 rdx=0x0 @step 931460
     __libc_free rdi=0x300001600 rsi=0x0 rdx=0x0 @step 931461
            free rdi=0x3000015f0 rsi=0xc rdx=0x80 @step 931608
     __libc_free rdi=0x3000015f0 rsi=0xc rdx=0x80 @step 931609
          malloc rdi=0x8 rsi=0x300059040 rdx=0x1 @step 931832
          malloc rdi=0x8 rsi=0x469e68 rdx=0x1 @step 932069
          malloc rdi=0x20 rsi=0x20 rdx=0x7ffef358 @step 932362
          malloc rdi=0x100 rsi=0x100 rdx=0x1 @step 932587
            free rdi=0x300001ea0 rsi=0x1 rdx=0x300059180 @step 933919
     __libc_free rdi=0x300001ea0 rsi=0x1 rdx=0x300059180 @step 933920
            free rdi=0x3000014c0 rsi=0x2c rdx=0x7 @step 934074
     __libc_free rdi=0x3000014c0 rsi=0x2c rdx=0x7 @step 934075
            free rdi=0x3000014b0 rsi=0xc rdx=0x30000080 @step 934229
     __libc_free rdi=0x3000014b0 rsi=0xc rdx=0x30000080 @step 934230
            free rdi=0x300059040 rsi=0xc rdx=0x30000280 @step 934377
     __libc_free rdi=0x300059040 rsi=0xc rdx=0x30000280 @step 934378
          malloc rdi=0x4 rsi=0x2 rdx=0x7ffffffffffffffc @step 934614
            free rdi=0x3000015d0 rsi=0x300059188 rdx=0x0 @step 934806
     __libc_free rdi=0x3000015d0 rsi=0x300059188 rdx=0x0 @step 934807
            free rdi=0x300059180 rsi=0xc rdx=0x30000380 @step 934962
     __libc_free rdi=0x300059180 rsi=0xc rdx=0x30000380 @step 934963
          malloc rdi=0x4 rsi=0x3fffffffffffffff rdx=0x1000 @step 935661
            free rdi=0x3000014e0 rsi=0x3000014e0 rdx=0x4 @step 935884
     __libc_free rdi=0x3000014e0 rsi=0x3000014e0 rdx=0x4 @step 935885
            free rdi=0x3000014d0 rsi=0xc rdx=0x34000380 @step 936040
     __libc_free rdi=0x3000014d0 rsi=0xc rdx=0x34000380 @step 936041
          malloc rdi=0x8 rsi=0x3000012e0 rdx=0x3 @step 936235
          malloc rdi=0x8 rsi=0x300001430 rdx=0x3 @step 936497
          calloc rdi=0x10 rsi=0x1 rdx=0x1 @step 936755
          malloc rdi=0x10 rsi=0x1 rdx=0x0 @step 936768
          malloc rdi=0x100 rsi=0x100 rdx=0x1 @step 937123
            mmap len=0x1000 -> 0x30005a000 @step 937747
            free rdi=0x300001160 rsi=0x0 rdx=0x30005a050 @step 939364
     __libc_free rdi=0x300001160 rsi=0x0 rdx=0x30005a050 @step 939365
            free rdi=0x300001500 rsi=0x1c rdx=0x10 @step 939519
     __libc_free rdi=0x300001500 rsi=0x1c rdx=0x10 @step 939520
            free rdi=0x3000014f0 rsi=0xc rdx=0x34000f80 @step 939674
     __libc_free rdi=0x3000014f0 rsi=0xc rdx=0x34000f80 @step 939675
          malloc rdi=0x8 rsi=0x30005a050 rdx=0x6 @step 939851
          malloc rdi=0x8 rsi=0x300001040 rdx=0x6 @step 940149
            free rdi=0x300001520 rsi=0x1 rdx=0x300001520 @step 940474
     __libc_free rdi=0x300001520 rsi=0x1 rdx=0x300001520 @step 940475
            free rdi=0x300001510 rsi=0xc rdx=0x34003f80 @step 940622
     __libc_free rdi=0x300001510 rsi=0xc rdx=0x34003f80 @step 940623
            free rdi=0x30005a050 rsi=0xc rdx=0x3400bf80 @step 940780
     __libc_free rdi=0x30005a050 rsi=0xc rdx=0x3400bf80 @step 940781
          malloc rdi=0x4 rsi=0x300001440 rdx=0x1 @step 941484
          malloc rdi=0x8 rsi=0x300001450 rdx=0x2 @step 941690
          malloc rdi=0x8 rsi=0x300001460 rdx=0x2 @step 941884
          malloc rdi=0x4 rsi=0x300001501 rdx=0x45ec40 @step 942168
          malloc rdi=0x8 rsi=0x300001534 rdx=0x0 @step 942424
          malloc rdi=0x8 rsi=0x300001548 rdx=0x0 @step 942596
         realloc rdi=0x300001570 rsi=0x10 rdx=0x10 @step 942822
  __libc_realloc rdi=0x300001570 rsi=0x10 rdx=0x10 @step 942823
     __libc_free rdi=0x300001570 rsi=0x300001578 rdx=0x0 @step 943104
         realloc rdi=0x300001580 rsi=0x10 rdx=0x10 @step 943349
  __libc_realloc rdi=0x300001580 rsi=0x10 rdx=0x10 @step 943350
     __libc_free rdi=0x300001580 rsi=0x300001588 rdx=0x0 @step 943631
          malloc rdi=0x4 rsi=0x300001564 rdx=0x0 @step 943847
          malloc rdi=0x140 rsi=0x8 rdx=0x140 @step 944066
            mmap len=0x1000 -> 0x30005b000 @step 944703
            free rdi=0x300001560 rsi=0x0 rdx=0x30005b030 @step 945258
     __libc_free rdi=0x300001560 rsi=0x0 rdx=0x30005b030 @step 945259
          malloc rdi=0x4 rsi=0x0 rdx=0x45ec40 @step 945433
          malloc rdi=0x8 rsi=0x3000015a0 rdx=0x1 @step 945706
          malloc rdi=0x8 rsi=0x469e68 rdx=0x1 @step 945943
          malloc rdi=0x20 rsi=0x20 rdx=0x7ffef2b8 @step 946236
          malloc rdi=0x100 rsi=0x100 rdx=0x1 @step 946461
            free rdi=0x300001ed0 rsi=0x0 rdx=0x30005b450 @step 948141
     __libc_free rdi=0x300001ed0 rsi=0x0 rdx=0x30005b450 @step 948142
            free rdi=0x3000015c0 rsi=0x2c rdx=0xf @step 948296
     __libc_free rdi=0x3000015c0 rsi=0x2c rdx=0xf @step 948297
            free rdi=0x3000015b0 rsi=0xc rdx=0x3438ff80 @step 948451
     __libc_free rdi=0x3000015b0 rsi=0xc rdx=0x3438ff80 @step 948452
            free rdi=0x3000015a0 rsi=0xc rdx=0x3638ff80 @step 948599
     __libc_free rdi=0x3000015a0 rsi=0xc rdx=0x3638ff80 @step 948600
            free rdi=0x30005b450 rsi=0xc rdx=0x3738ff80 @step 948765
     __libc_free rdi=0x30005b450 rsi=0xc rdx=0x3738ff80 @step 948766
          malloc rdi=0x4 rsi=0x1 rdx=0x45ec40 @step 949174
          malloc rdi=0x8 rsi=0x3000015e0 rdx=0x1 @step 949435
          malloc rdi=0x8 rsi=0x469e68 rdx=0x1 @step 949760
          malloc rdi=0x20 rsi=0x20 rdx=0x7ffef2b8 @step 950053
          malloc rdi=0x100 rsi=0x100 rdx=0x1 @step 950278
            free rdi=0x300001f30 rsi=0x0 rdx=0x30005b420 @step 952011
     __libc_free rdi=0x300001f30 rsi=0x0 rdx=0x30005b420 @step 952012
            free rdi=0x3000014b0 rsi=0x2c rdx=0x1f @step 952166
     __libc_free rdi=0x3000014b0 rsi=0x2c rdx=0x1f @step 952167
            free rdi=0x3000014a0 rsi=0x0 rdx=0x0 @step 952362
     __libc_free rdi=0x3000014a0 rsi=0x0 rdx=0x0 @step 952363
            free rdi=0x3000015e0 rsi=0xc rdx=0x100 @step 952510
     __libc_free rdi=0x3000015e0 rsi=0xc rdx=0x100 @step 952511
            free rdi=0x30005b420 rsi=0xc rdx=0x180 @step 952688
     __libc_free rdi=0x30005b420 rsi=0xc rdx=0x180 @step 952689
          malloc rdi=0x4 rsi=0x0 rdx=0x45ec40 @step 953084
          malloc rdi=0x8 rsi=0x3000014c0 rdx=0x1 @step 953345
          malloc rdi=0x8 rsi=0x469e68 rdx=0x1 @step 953582
          malloc rdi=0x20 rsi=0x20 rdx=0x7ffef2b8 @step 953875
          malloc rdi=0x100 rsi=0x100 rdx=0x1 @step 954100
            free rdi=0x300001f60 rsi=0x0 rdx=0x30005b430 @step 955824
     __libc_free rdi=0x300001f60 rsi=0x0 rdx=0x30005b430 @step 955825
            free rdi=0x3000014e0 rsi=0x2c rdx=0x5f @step 955979
     __libc_free rdi=0x3000014e0 rsi=0x2c rdx=0x5f @step 955980
            free rdi=0x3000014d0 rsi=0xc rdx=0x8000180 @step 956134
     __libc_free rdi=0x3000014d0 rsi=0xc rdx=0x8000180 @step 956135
            free rdi=0x3000014c0 rsi=0xc rdx=0x8000980 @step 956282
     __libc_free rdi=0x3000014c0 rsi=0xc rdx=0x8000980 @step 956283
          malloc rdi=0x8 rsi=0x30005b430 rdx=0x1 @step 956477
          malloc rdi=0x8 rsi=0x469e68 rdx=0x1 @step 956714
          malloc rdi=0x20 rsi=0x20 rdx=0x7ffef2b8 @step 957007
          malloc rdi=0x100 rsi=0x100 rdx=0x1 @step 957232
            free rdi=0x300001f90 rsi=0x1 rdx=0x30005b590 @step 958564
     __libc_free rdi=0x300001f90 rsi=0x1 rdx=0x30005b590 @step 958565
            free rdi=0x300001500 rsi=0x2c rdx=0xdf @step 958719
     __libc_free rdi=0x300001500 rsi=0x2c rdx=0xdf @step 958720
            free rdi=0x3000014f0 rsi=0xc rdx=0x8000f80 @step 958874
     __libc_free rdi=0x3000014f0 rsi=0xc rdx=0x8000f80 @step 958875
            free rdi=0x30005b430 rsi=0xc rdx=0x8002f80 @step 959022
     __libc_free rdi=0x30005b430 rsi=0xc rdx=0x8002f80 @step 959023
          malloc rdi=0x8 rsi=0xd rdx=0x0 @step 959229
          malloc rdi=0x8 rsi=0x300001548 rdx=0x0 @step 959401
         realloc rdi=0x300001510 rsi=0x10 rdx=0x10 @step 959627
  __libc_realloc rdi=0x300001510 rsi=0x10 rdx=0x10 @step 959628
     __libc_free rdi=0x300001510 rsi=0x300001518 rdx=0x0 @step 959909
         realloc rdi=0x300001520 rsi=0x10 rdx=0x10 @step 960154
  __libc_realloc rdi=0x300001520 rsi=0x10 rdx=0x10 @step 960155
     __libc_free rdi=0x300001520 rsi=0x300001528 rdx=0x0 @step 960524
          malloc rdi=0x4 rsi=0xc rdx=0x4 @step 960723
            free rdi=0x30005b590 rsi=0x30005b598 rdx=0x30005b030 @step 960945
     __libc_free rdi=0x30005b590 rsi=0x30005b598 rdx=0x30005b030 @step 960946
            free rdi=0x300001590 rsi=0x3000012e0 rdx=0xc @step 961490
     __libc_free rdi=0x300001590 rsi=0x3000012e0 rdx=0xc @step 961491
            free rdi=0x300001180 rsi=0xc rdx=0x800ff80 @step 961645
     __libc_free rdi=0x300001180 rsi=0xc rdx=0x800ff80 @step 961646
            free rdi=0x3000011a0 rsi=0x1 rdx=0x0 @step 961841
     __libc_free rdi=0x3000011a0 rsi=0x1 rdx=0x0 @step 961842
          malloc rdi=0x18 rsi=0x3fffffffffffffff rdx=0x7ffffffffffffffc @step 962253
            free rdi=0x300001160 rsi=0x3fffffffffffffff rdx=0x0 @step 962432
     __libc_free rdi=0x300001160 rsi=0x3fffffffffffffff rdx=0x0 @step 962433
          malloc rdi=0x4 rsi=0x3fffffffffffffff rdx=0x22a4 @step 962690
          malloc rdi=0x4 rsi=0x14 rdx=0xb4 @step 962851
          malloc rdi=0x8 rsi=0x300001580 rdx=0x1 @step 963073
          malloc rdi=0x8 rsi=0x469e68 rdx=0x1 @step 963310
          malloc rdi=0x20 rsi=0x20 rdx=0x7ffef258 @step 963603
          malloc rdi=0x100 rsi=0x100 rdx=0x1 @step 963828
            free rdi=0x300001fc0 rsi=0x0 rdx=0x30005b440 @step 965552
     __libc_free rdi=0x300001fc0 rsi=0x0 rdx=0x30005b440 @step 965553
            free rdi=0x3000015b0 rsi=0x2c rdx=0x1df @step 965707
     __libc_free rdi=0x3000015b0 rsi=0x2c rdx=0x1df @step 965708
            free rdi=0x3000015a0 rsi=0xc rdx=0x840ff80 @step 965862
     __libc_free rdi=0x3000015a0 rsi=0xc rdx=0x840ff80 @step 965863
            free rdi=0x300001580 rsi=0xc rdx=0x940ff80 @step 966010
     __libc_free rdi=0x300001580 rsi=0xc rdx=0x940ff80 @step 966011
          malloc rdi=0x4 rsi=0x30005b444 rdx=0x0 @step 966230
            free rdi=0x300001570 rsi=0x19 rdx=0xb9 @step 966389
     __libc_free rdi=0x300001570 rsi=0x19 rdx=0xb9 @step 966390
            free rdi=0x30005b440 rsi=0xc rdx=0x9e0ff80 @step 966545
     __libc_free rdi=0x30005b440 rsi=0xc rdx=0x9e0ff80 @step 966546
          malloc rdi=0x4 rsi=0x3fffffffffffffff rdx=0x0 @step 966936
          malloc rdi=0x8 rsi=0x3000015d0 rdx=0x1 @step 967158
          malloc rdi=0x8 rsi=0x469e68 rdx=0x1 @step 967395
          malloc rdi=0x20 rsi=0x20 rdx=0x7ffef258 @step 967688
          malloc rdi=0x100 rsi=0x100 rdx=0x1 @step 968001
            free rdi=0x300001e10 rsi=0x0 rdx=0x30005b450 @step 969725
     __libc_free rdi=0x300001e10 rsi=0x0 rdx=0x30005b450 @step 969726
            free rdi=0x300001600 rsi=0x2 rdx=0x0 @step 969921
     __libc_free rdi=0x300001600 rsi=0x2 rdx=0x0 @step 969922
            free rdi=0x3000015f0 rsi=0xc rdx=0x9f0ff80 @step 970076
     __libc_free rdi=0x3000015f0 rsi=0xc rdx=0x9f0ff80 @step 970077
            free rdi=0x3000015d0 rsi=0xc rdx=0x29f0ff80 @step 970224
     __libc_free rdi=0x3000015d0 rsi=0xc rdx=0x29f0ff80 @step 970225
          malloc rdi=0x4 rsi=0x30005b454 rdx=0x0 @step 970461
            free rdi=0x3000015c0 rsi=0x7 rdx=0xa7 @step 970708
     __libc_free rdi=0x3000015c0 rsi=0x7 rdx=0xa7 @step 970709
            free rdi=0x30005b450 rsi=0x0 rdx=0x0 @step 970905
     __libc_free rdi=0x30005b450 rsi=0x0 rdx=0x0 @step 970906
          malloc rdi=0x4 rsi=0x3fffffffffffffff rdx=0x0 @step 971296
          malloc rdi=0x8 rsi=0x3000014b0 rdx=0x1 @step 971518
          malloc rdi=0x8 rsi=0x469e68 rdx=0x1 @step 971755
          malloc rdi=0x20 rsi=0x20 rdx=0x7ffef258 @step 972048
          malloc rdi=0x100 rsi=0x100 rdx=0x1 @step 972273
            free rdi=0x300001e40 rsi=0x0 rdx=0x30005b420 @step 974006
     __libc_free rdi=0x300001e40 rsi=0x0 rdx=0x30005b420 @step 974007
            free rdi=0x3000014d0 rsi=0x2c rdx=0x1 @step 974161
     __libc_free rdi=0x3000014d0 rsi=0x2c rdx=0x1 @step 974162
            free rdi=0x3000014c0 rsi=0xc rdx=0x2000000 @step 974316
     __libc_free rdi=0x3000014c0 rsi=0xc rdx=0x2000000 @step 974317
            free rdi=0x3000014b0 rsi=0xc rdx=0x2000400 @step 974464
     __libc_free rdi=0x3000014b0 rsi=0xc rdx=0x2000400 @step 974465
          malloc rdi=0x8 rsi=0x30005b420 rdx=0x1 @step 974688
          malloc rdi=0x8 rsi=0x469e68 rdx=0x1 @step 974925
          malloc rdi=0x20 rsi=0x20 rdx=0x7ffef258 @step 975218
          malloc rdi=0x100 rsi=0x100 rdx=0x1 @step 975443
            free rdi=0x300001e70 rsi=0x1 rdx=0x30005b560 @step 976772
     __libc_free rdi=0x300001e70 rsi=0x1 rdx=0x30005b560 @step 976773
            free rdi=0x3000014f0 rsi=0x2c rdx=0x3 @step 976927
     __libc_free rdi=0x3000014f0 rsi=0x2c rdx=0x3 @step 976928
            free rdi=0x3000014e0 rsi=0xc rdx=0x2000700 @step 977082
     __libc_free rdi=0x3000014e0 rsi=0xc rdx=0x2000700 @step 977083
            free rdi=0x30005b420 rsi=0xc rdx=0x2001700 @step 977230
     __libc_free rdi=0x30005b420 rsi=0xc rdx=0x2001700 @step 977231
          malloc rdi=0x4 rsi=0x2 rdx=0x7ffffffffffffffc @step 977467
            free rdi=0x3000014a0 rsi=0x30005b568 rdx=0x0 @step 977659
     __libc_free rdi=0x3000014a0 rsi=0x30005b568 rdx=0x0 @step 977660
            free rdi=0x30005b560 rsi=0xc rdx=0x2001f00 @step 977815
     __libc_free rdi=0x30005b560 rsi=0xc rdx=0x2001f00 @step 977816
          malloc rdi=0x4 rsi=0x3fffffffffffffff rdx=0x0 @step 978216
            free rdi=0x300001510 rsi=0x300001510 rdx=0x4 @step 978439
     __libc_free rdi=0x300001510 rsi=0x300001510 rdx=0x4 @step 978440
            free rdi=0x300001500 rsi=0xc rdx=0x2001f80 @step 978595
     __libc_free rdi=0x300001500 rsi=0xc rdx=0x2001f80 @step 978596
          malloc rdi=0x8 rsi=0x3000011c0 rdx=0x3 @step 978790
          malloc rdi=0x8 rsi=0x3000010c0 rdx=0x3 @step 979052
          calloc rdi=0x10 rsi=0x1 rdx=0x1 @step 979310
          malloc rdi=0x10 rsi=0x1 rdx=0x0 @step 979323
          malloc rdi=0x100 rsi=0x100 rdx=0x1 @step 979766
            free rdi=0x300001160 rsi=0x0 rdx=0x30005b430 @step 981462
     __libc_free rdi=0x300001160 rsi=0x0 rdx=0x30005b430 @step 981463
            free rdi=0x300001570 rsi=0x1 rdx=0x0 @step 981658
     __libc_free rdi=0x300001570 rsi=0x1 rdx=0x0 @step 981659
            free rdi=0x300001520 rsi=0xc rdx=0x2007f80 @step 981813
     __libc_free rdi=0x300001520 rsi=0xc rdx=0x2007f80 @step 981814
          malloc rdi=0x8 rsi=0x30005b430 rdx=0x6 @step 981990
          malloc rdi=0x8 rsi=0x300001040 rdx=0x6 @step 982288
            free rdi=0x300001590 rsi=0x1 rdx=0x300001590 @step 982613
     __libc_free rdi=0x300001590 rsi=0x1 rdx=0x300001590 @step 982614
            free rdi=0x300001580 rsi=0xc rdx=0x210ff80 @step 982761
     __libc_free rdi=0x300001580 rsi=0xc rdx=0x210ff80 @step 982762
            free rdi=0x30005b430 rsi=0xc rdx=0x250ff80 @step 982919
     __libc_free rdi=0x30005b430 rsi=0xc rdx=0x250ff80 @step 982920
            free rdi=0x300001530 rsi=0x2000012e8 rdx=0x0 @step 983359
     __libc_free rdi=0x300001530 rsi=0x2000012e8 rdx=0x0 @step 983360
            free rdi=0x300001540 rsi=0xc rdx=0x270ff80 @step 983514
     __libc_free rdi=0x300001540 rsi=0xc rdx=0x270ff80 @step 983515
            free rdi=0x300001550 rsi=0xc rdx=0x271ff80 @step 983663
     __libc_free rdi=0x300001550 rsi=0xc rdx=0x271ff80 @step 983664
            free rdi=0x30005b030 rsi=0xc rdx=0x273ff80 @step 983846
     __libc_free rdi=0x30005b030 rsi=0xc rdx=0x273ff80 @step 983847
            free rdi=0x300001560 rsi=0x300001430 rdx=0xc @step 984788
     __libc_free rdi=0x300001560 rsi=0x300001430 rdx=0xc @step 984789
            free rdi=0x3000011c0 rsi=0xc rdx=0x277ff80 @step 984943
     __libc_free rdi=0x3000011c0 rsi=0xc rdx=0x277ff80 @step 984944
            free rdi=0x3000010c0 rsi=0x1c rdx=0x200 @step 985099
     __libc_free rdi=0x3000010c0 rsi=0x1c rdx=0x200 @step 985100
          malloc rdi=0xc rsi=0x3000012e0 rdx=0x3 @step 985289
            free rdi=0x3000015a0 rsi=0x3000013a0 rdx=0xc @step 985591
     __libc_free rdi=0x3000015a0 rsi=0x3000013a0 rdx=0xc @step 985592
          malloc rdi=0xc rsi=0x300001430 rdx=0x3 @step 985761
            free rdi=0x3000015b0 rsi=0x3000013d0 rdx=0xc @step 986063
     __libc_free rdi=0x3000015b0 rsi=0x3000013d0 rdx=0xc @step 986064
          malloc rdi=0x4 rsi=0xc rdx=0x2ffff80 @step 986226
          malloc rdi=0x10 rsi=0x4 rdx=0x10 @step 986445
          malloc rdi=0x4 rsi=0xa rdx=0x0 @step 986646
          malloc rdi=0x4 rsi=0x300001474 rdx=0x0 @step 986834
          malloc rdi=0x4 rsi=0x300001484 rdx=0x0 @step 987024
         realloc rdi=0x3000015d0 rsi=0x10 rdx=0x10 @step 987284
  __libc_realloc rdi=0x3000015d0 rsi=0x10 rdx=0x10 @step 987285
     __libc_free rdi=0x3000015d0 rsi=0x3000015d4 rdx=0x0 @step 987583
            free rdi=0x300001180 rsi=0x300001184 rdx=0x0 @step 987806
     __libc_free rdi=0x300001180 rsi=0x300001184 rdx=0x0 @step 987807
         realloc rdi=0x3000011a0 rsi=0x20 rdx=0x20 @step 988025
  __libc_realloc rdi=0x3000011a0 rsi=0x20 rdx=0x20 @step 988026
     __libc_free rdi=0x3000011a0 rsi=0x3000011b0 rdx=0x0 @step 988314
            free rdi=0x3000015e0 rsi=0x3000015e4 rdx=0x0 @step 988537
     __libc_free rdi=0x3000015e0 rsi=0x3000015e4 rdx=0x0 @step 988538
         realloc rdi=0x300001ea0 rsi=0x40 rdx=0x40 @step 988777
  __libc_realloc rdi=0x300001ea0 rsi=0x40 rdx=0x40 @step 988778
            mmap len=0x1000 -> 0x30005c000 @step 989633
     __libc_free rdi=0x300001ea0 rsi=0x300001ec0 rdx=0x0 @step 990333
            free rdi=0x3000015f0 rsi=0x3000015f4 rdx=0x0 @step 990551
     __libc_free rdi=0x3000015f0 rsi=0x3000015f4 rdx=0x0 @step 990552
            free rdi=0x300001600 rsi=0x300001604 rdx=0x0 @step 990749
     __libc_free rdi=0x300001600 rsi=0x300001604 rdx=0x0 @step 990750
          malloc rdi=0x10 rsi=0x4 rdx=0x10 @step 990969
          malloc rdi=0x4 rsi=0x4 rdx=0x0 @step 991272
          malloc rdi=0x8 rsi=0x300001444 rdx=0x0 @step 991548
          malloc rdi=0x8 rsi=0x300001458 rdx=0x0 @step 991725
            free rdi=0x3000010c0 rsi=0x3000010c8 rdx=0x0 @step 991943
     __libc_free rdi=0x3000010c0 rsi=0x3000010c8 rdx=0x0 @step 991944
         realloc rdi=0x30005c040 rsi=0x80 rdx=0x80 @step 992194
  __libc_realloc rdi=0x30005c040 rsi=0x80 rdx=0x80 @step 992195
     __libc_free rdi=0x30005c040 rsi=0x30005c080 rdx=0x0 @step 992843
            free rdi=0x3000014a0 rsi=0x3000014a4 rdx=0x0 @step 993290
     __libc_free rdi=0x3000014a0 rsi=0x3000014a4 rdx=0x0 @step 993291
            free rdi=0x3000014b0 rsi=0x3000014b8 rdx=0x0 @step 993547
     __libc_free rdi=0x3000014b0 rsi=0x3000014b8 rdx=0x0 @step 993548
            free rdi=0x3000014c0 rsi=0x3000014c8 rdx=0x0 @step 993756
     __libc_free rdi=0x3000014c0 rsi=0x3000014c8 rdx=0x0 @step 993757
          malloc rdi=0x10 rsi=0x4 rdx=0x10 @step 993969
          malloc rdi=0x4 rsi=0x9 rdx=0x0 @step 994184
          malloc rdi=0xc rsi=0x3000013e4 rdx=0x0 @step 994372
          malloc rdi=0xc rsi=0x3000012ec rdx=0x0 @step 994555
            free rdi=0x300001160 rsi=0x300001168 rdx=0x0 @step 994807
     __libc_free rdi=0x300001160 rsi=0x300001168 rdx=0x0 @step 994808
         realloc rdi=0x30005c230 rsi=0x100 rdx=0x100 @step 995026
  __libc_realloc rdi=0x30005c230 rsi=0x100 rdx=0x100 @step 995027
     __libc_free rdi=0x30005c230 rsi=0x30005c2b0 rdx=0x0 @step 995711
            free rdi=0x3000014d0 rsi=0x3000014d4 rdx=0x0 @step 996326
     __libc_free rdi=0x3000014d0 rsi=0x3000014d4 rdx=0x0 @step 996327
            free rdi=0x3000014e0 rsi=0x3000014ec rdx=0x0 @step 996526
     __libc_free rdi=0x3000014e0 rsi=0x3000014ec rdx=0x0 @step 996527
            free rdi=0x3000014f0 rsi=0x3000014fc rdx=0x0 @step 996723
     __libc_free rdi=0x3000014f0 rsi=0x3000014fc rdx=0x0 @step 996724
          malloc rdi=0x28 rsi=0x2e rdx=0x17 @step 996909
          malloc rdi=0xb8 rsi=0x4 rdx=0x84 @step 997067
          malloc rdi=0xd8 rsi=0x30005c4d8 rdx=0x0 @step 998063
         realloc rdi=0x30005c130 rsi=0x1b0 rdx=0x1b0 @step 998401
  __libc_realloc rdi=0x30005c130 rsi=0x1b0 rdx=0x1b0 @step 998402
     __libc_free rdi=0x30005c130 rsi=0x30005c208 rdx=0x0 @step 998727
          malloc rdi=0xf8 rsi=0x4 rdx=0xf8 @step 999079
            free rdi=0x30005c220 rsi=0x30005c318 rdx=0x0 @step 999332
     __libc_free rdi=0x30005c220 rsi=0x30005c318 rdx=0x0 @step 999333
            free rdi=0x30005c050 rsi=0xf rdx=0x0 @step 999551
     __libc_free rdi=0x30005c050 rsi=0xf rdx=0x0 @step 999552
            free rdi=0x300001ed0 rsi=0x2000012e8 rdx=0x0 @step 1000105
     __libc_free rdi=0x300001ed0 rsi=0x2000012e8 rdx=0x0 @step 1000106
            free rdi=0x30005c420 rsi=0x2c rdx=0xf @step 1000253
     __libc_free rdi=0x30005c420 rsi=0x2c rdx=0xf @step 1000254
44b010: ax=8000000000000000 bx=7ffef8c0 cx=3000013a0 dx=3e si=5c5a0 di=7ffef5e0 bp=3 r8=3 r9=3000013d0 r10=2 r11=d r12=30005c220 r13=0 r14=6 r15=300001040  | ⋈ push r:rbp
44b011: ax=8000000000000000 bx=7ffef8c0 cx=3000013a0 dx=3e si=5c5a0 di=7ffef5e0 bp=3 r8=3 r9=3000013d0 r10=2 r11=d r12=30005c220 r13=0 r14=6 r15=300001040  | ⋈ push r:r15
44b013: ax=8000000000000000 bx=7ffef8c0 cx=3000013a0 dx=3e si=5c5a0 di=7ffef5e0 bp=3 r8=3 r9=3000013d0 r10=2 r11=d r12=30005c220 r13=0 r14=6 r15=300001040  | ⋈ push r:r14
44b015: ax=8000000000000000 bx=7ffef8c0 cx=3000013a0 dx=3e si=5c5a0 di=7ffef5e0 bp=3 r8=3 r9=3000013d0 r10=2 r11=d r12=30005c220 r13=0 r14=6 r15=300001040  | ⋈ push r:r13
44b017: ax=8000000000000000 bx=7ffef8c0 cx=3000013a0 dx=3e si=5c5a0 di=7ffef5e0 bp=3 r8=3 r9=3000013d0 r10=2 r11=d r12=30005c220 r13=0 r14=6 r15=300001040  | ⋈ push r:r12
44b019: ax=8000000000000000 bx=7ffef8c0 cx=3000013a0 dx=3e si=5c5a0 di=7ffef5e0 bp=3 r8=3 r9=3000013d0 r10=2 r11=d r12=30005c220 r13=0 r14=6 r15=300001040  | ⋈ push r:rbx
44b01a: ax=8000000000000000 bx=7ffef8c0 cx=3000013a0 dx=3e si=5c5a0 di=7ffef5e0 bp=3 r8=3 r9=3000013d0 r10=2 r11=d r12=30005c220 r13=0 r14=6 r15=300001040  | ⊞ sub r:rsp i:0x68
44b01e: ax=8000000000000000 bx=7ffef8c0 cx=3000013a0 dx=3e si=5c5a0 di=7ffef5e0 bp=3 r8=3 r9=3000013d0 r10=2 r11=d r12=30005c220 r13=0 r14=6 r15=300001040  | ⋈ mov r:r14 r:rdi
44b021: ax=8000000000000000 bx=7ffef8c0 cx=3000013a0 dx=3e si=5c5a0 di=7ffef5e0 bp=3 r8=3 r9=3000013d0 r10=2 r11=d r12=30005c220 r13=0 r14=7ffef5e0 r15=300001040  | ⋈ mov m:rsp::1:0x18:8 i:0x0
44b02a: ax=8000000000000000 bx=7ffef8c0 cx=3000013a0 dx=3e si=5c5a0 di=7ffef5e0 bp=3 r8=3 r9=3000013d0 r10=2 r11=d r12=30005c220 r13=0 r14=7ffef5e0 r15=300001040  | ⋈ mov m:rsp::1:0x20:8 i:0x8
44b033: ax=8000000000000000 bx=7ffef8c0 cx=3000013a0 dx=3e si=5c5a0 di=7ffef5e0 bp=3 r8=3 r9=3000013d0 r10=2 r11=d r12=30005c220 r13=0 r14=7ffef5e0 r15=300001040  | ⋈ mov m:rsp::1:0x28:8 i:0x0
44b03c: ax=8000000000000000 bx=7ffef8c0 cx=3000013a0 dx=3e si=5c5a0 di=7ffef5e0 bp=3 r8=3 r9=3000013d0 r10=2 r11=d r12=30005c220 r13=0 r14=7ffef5e0 r15=300001040  | ⊤ test r:rdx r:rdx
44b03f: ax=8000000000000000 bx=7ffef8c0 cx=3000013a0 dx=3e si=5c5a0 di=7ffef5e0 bp=3 r8=3 r9=3000013d0 r10=2 r11=d r12=30005c220 r13=0 r14=7ffef5e0 r15=300001040  | ∈ e i:0x44b40a
44b045: ax=8000000000000000 bx=7ffef8c0 cx=3000013a0 dx=3e si=5c5a0 di=7ffef5e0 bp=3 r8=3 r9=3000013d0 r10=2 r11=d r12=30005c220 r13=0 r14=7ffef5e0 r15=300001040  | ⋈ mov r:r15 r:rdx
44b048: ax=8000000000000000 bx=7ffef8c0 cx=3000013a0 dx=3e si=5c5a0 di=7ffef5e0 bp=3 r8=3 r9=3000013d0 r10=2 r11=d r12=30005c220 r13=0 r14=7ffef5e0 r15=3e  | ⊞ lea r:rax m:rdx::1:-0xf:8
44b04c: ax=2f bx=7ffef8c0 cx=3000013a0 dx=3e si=5c5a0 di=7ffef5e0 bp=3 r8=3 r9=3000013d0 r10=2 r11=d r12=30005c220 r13=0 r14=7ffef5e0 r15=3e  | ⋈ mov m:rsp::1:0x60:8 r:rax
44b051: ax=2f bx=7ffef8c0 cx=3000013a0 dx=3e si=5c5a0 di=7ffef5e0 bp=3 r8=3 r9=3000013d0 r10=2 r11=d r12=30005c220 r13=0 r14=7ffef5e0 r15=3e  | ⊞ lea r:rax m:rsi::1:0x3c:8
44b055: ax=5c5dc bx=7ffef8c0 cx=3000013a0 dx=3e si=5c5a0 di=7ffef5e0 bp=3 r8=3 r9=3000013d0 r10=2 r11=d r12=30005c220 r13=0 r14=7ffef5e0 r15=3e  | ⋈ mov m:rsp::1:0x58:8 r:rax
44b05a: ax=5c5dc bx=7ffef8c0 cx=3000013a0 dx=3e si=5c5a0 di=7ffef5e0 bp=3 r8=3 r9=3000013d0 r10=2 r11=d r12=30005c220 r13=0 r14=7ffef5e0 r15=3e  | ⋈ mov r:r12d i:0x8
44b060: ax=5c5dc bx=7ffef8c0 cx=3000013a0 dx=3e si=5c5a0 di=7ffef5e0 bp=3 r8=3 r9=3000013d0 r10=2 r11=d r12=8 r13=0 r14=7ffef5e0 r15=3e  | ⊞ xor r:r13d r:r13d
44b063: ax=5c5dc bx=7ffef8c0 cx=3000013a0 dx=3e si=5c5a0 di=7ffef5e0 bp=3 r8=3 r9=3000013d0 r10=2 r11=d r12=8 r13=0 r14=7ffef5e0 r15=3e  | ⊞ xor r:ebx r:ebx
44b065: ax=5c5dc bx=0 cx=3000013a0 dx=3e si=5c5a0 di=7ffef5e0 bp=3 r8=3 r9=3000013d0 r10=2 r11=d r12=8 r13=0 r14=7ffef5e0 r15=3e  | ⊤ cmp m:rsi:rbx:4:0x0:4 i:0x2208
44b06c: ax=5c5dc bx=0 cx=3000013a0 dx=3e si=5c5a0 di=7ffef5e0 bp=3 r8=3 r9=3000013d0 r10=2 r11=d r12=8 r13=0 r14=7ffef5e0 r15=3e  | ∈ ne i:0x44b429
44b429: ax=5c5dc bx=0 cx=3000013a0 dx=3e si=5c5a0 di=7ffef5e0 bp=3 r8=3 r9=3000013d0 r10=2 r11=d r12=8 r13=0 r14=7ffef5e0 r15=3e  | ⋈ movabs r:rax i:-0x8000000000000000
44b433: ax=8000000000000000 bx=0 cx=3000013a0 dx=3e si=5c5a0 di=7ffef5e0 bp=3 r8=3 r9=3000013d0 r10=2 r11=d r12=8 r13=0 r14=7ffef5e0 r15=3e  | ⋈ mov m:r14::1:0x0:8 r:rax
44b436: ax=8000000000000000 bx=0 cx=3000013a0 dx=3e si=5c5a0 di=7ffef5e0 bp=3 r8=3 r9=3000013d0 r10=2 r11=d r12=8 r13=0 r14=7ffef5e0 r15=3e  | ≺ jmp i:0x44b466
44b466: ax=8000000000000000 bx=0 cx=3000013a0 dx=3e si=5c5a0 di=7ffef5e0 bp=3 r8=3 r9=3000013d0 r10=2 r11=d r12=8 r13=0 r14=7ffef5e0 r15=3e  | ⊞ lea r:rbx m:r12::1:0x8:8
44b46b: ax=8000000000000000 bx=10 cx=3000013a0 dx=3e si=5c5a0 di=7ffef5e0 bp=3 r8=3 r9=3000013d0 r10=2 r11=d r12=8 r13=0 r14=7ffef5e0 r15=3e  | ⊞ lea r:r14 m:rip::1:0x137be:8
44b472: ax=8000000000000000 bx=10 cx=3000013a0 dx=3e si=5c5a0 di=7ffef5e0 bp=3 r8=3 r9=3000013d0 r10=2 r11=d r12=8 r13=0 r14=45ec30 r15=3e  | ≺ jmp i:0x44b484
44b484: ax=8000000000000000 bx=10 cx=3000013a0 dx=3e si=5c5a0 di=7ffef5e0 bp=3 r8=3 r9=3000013d0 r10=2 r11=d r12=8 r13=0 r14=45ec30 r15=3e  | ⊞ sub r:r13 i:0x1
44b488: ax=8000000000000000 bx=10 cx=3000013a0 dx=3e si=5c5a0 di=7ffef5e0 bp=3 r8=3 r9=3000013d0 r10=2 r11=d r12=8 r13=ffffffffffffffff r14=45ec30 r15=3e  | ∈ b i:0x44b499
44b499: ax=8000000000000000 bx=10 cx=3000013a0 dx=3e si=5c5a0 di=7ffef5e0 bp=3 r8=3 r9=3000013d0 r10=2 r11=d r12=8 r13=ffffffffffffffff r14=45ec30 r15=3e  | ⊤ cmp m:rsp::1:0x18:8 i:0x0
44b49f: ax=8000000000000000 bx=10 cx=3000013a0 dx=3e si=5c5a0 di=7ffef5e0 bp=3 r8=3 r9=3000013d0 r10=2 r11=d r12=8 r13=ffffffffffffffff r14=45ec30 r15=3e  | ∈ e i:0x44b4b8
44b4b8: ax=8000000000000000 bx=10 cx=3000013a0 dx=3e si=5c5a0 di=7ffef5e0 bp=3 r8=3 r9=3000013d0 r10=2 r11=d r12=8 r13=ffffffffffffffff r14=45ec30 r15=3e  | ⊞ add r:rsp i:0x68
44b4bc: ax=8000000000000000 bx=10 cx=3000013a0 dx=3e si=5c5a0 di=7ffef5e0 bp=3 r8=3 r9=3000013d0 r10=2 r11=d r12=8 r13=ffffffffffffffff r14=45ec30 r15=3e  | ⋈ pop r:rbx
44b4bd: ax=8000000000000000 bx=7ffef8c0 cx=3000013a0 dx=3e si=5c5a0 di=7ffef5e0 bp=3 r8=3 r9=3000013d0 r10=2 r11=d r12=8 r13=ffffffffffffffff r14=45ec30 r15=3e  | ⋈ pop r:r12
44b4bf: ax=8000000000000000 bx=7ffef8c0 cx=3000013a0 dx=3e si=5c5a0 di=7ffef5e0 bp=3 r8=3 r9=3000013d0 r10=2 r11=d r12=30005c220 r13=ffffffffffffffff r14=45ec30 r15=3e  | ⋈ pop r:r13
44b4c1: ax=8000000000000000 bx=7ffef8c0 cx=3000013a0 dx=3e si=5c5a0 di=7ffef5e0 bp=3 r8=3 r9=3000013d0 r10=2 r11=d r12=30005c220 r13=0 r14=45ec30 r15=3e  | ⋈ pop r:r14
44b4c3: ax=8000000000000000 bx=7ffef8c0 cx=3000013a0 dx=3e si=5c5a0 di=7ffef5e0 bp=3 r8=3 r9=3000013d0 r10=2 r11=d r12=30005c220 r13=0 r14=6 r15=3e  | ⋈ pop r:r15
44b4c5: ax=8000000000000000 bx=7ffef8c0 cx=3000013a0 dx=3e si=5c5a0 di=7ffef5e0 bp=3 r8=3 r9=3000013d0 r10=2 r11=d r12=30005c220 r13=0 r14=6 r15=300001040  | ⋈ pop r:rbp
44b4c6: ax=8000000000000000 bx=7ffef8c0 cx=3000013a0 dx=3e si=5c5a0 di=7ffef5e0 bp=3 r8=3 r9=3000013d0 r10=2 r11=d r12=30005c220 r13=0 r14=6 r15=300001040  | ⊣ ret
          malloc rdi=0x14 rsi=0x5c5a0 rdx=0x3e @step 1000527
          malloc rdi=0x2b rsi=0x1 rdx=0x2b @step 1000972
         realloc rdi=0x300001f30 rsi=0x56 rdx=0x56 @step 1001274
  __libc_realloc rdi=0x300001f30 rsi=0x56 rdx=0x56 @step 1001275
     __libc_free rdi=0x300001f30 rsi=0x300001f5b rdx=0x0 @step 1002285
          malloc rdi=0x18 rsi=0x46ce50 rdx=0x4e @step 1005107
          malloc rdi=0x38 rsi=0xb rdx=0x46d798 @step 1005264
            free rdi=0x300001180 rsi=0x0 rdx=0x0 @step 1191524
     __libc_free rdi=0x300001180 rsi=0x0 rdx=0x0 @step 1191525
            free rdi=0x30005c5a0 rsi=0x1c rdx=0x210 @step 1191680
     __libc_free rdi=0x30005c5a0 rsi=0x1c rdx=0x210 @step 1191681
            free rdi=0x3000013a0 rsi=0x200001298 rdx=0x0 @step 1192057
     __libc_free rdi=0x3000013a0 rsi=0x200001298 rdx=0x0 @step 1192058
            free rdi=0x3000013d0 rsi=0x2000010b8 rdx=0x0 @step 1192270
     __libc_free rdi=0x3000013d0 rsi=0x2000010b8 rdx=0x0 @step 1192271
            free rdi=0x300001470 rsi=0xc rdx=0x800000 @step 1192425
     __libc_free rdi=0x300001470 rsi=0xc rdx=0x800000 @step 1192426
            free rdi=0x300001480 rsi=0xc rdx=0x1f80 @step 1192580
     __libc_free rdi=0x300001480 rsi=0xc rdx=0x1f80 @step 1192581
            free rdi=0x300001490 rsi=0xc rdx=0x1f90 @step 1192735
     __libc_free rdi=0x300001490 rsi=0xc rdx=0x1f90 @step 1192736
            free rdi=0x300001440 rsi=0xc rdx=0x1fb0 @step 1192894
     __libc_free rdi=0x300001440 rsi=0xc rdx=0x1fb0 @step 1192895
            free rdi=0x300001450 rsi=0xc rdx=0x1ff0 @step 1193049
     __libc_free rdi=0x300001450 rsi=0xc rdx=0x1ff0 @step 1193050
            free rdi=0x300001460 rsi=0xc rdx=0x1ff2 @step 1193197
     __libc_free rdi=0x300001460 rsi=0xc rdx=0x1ff2 @step 1193198
            free rdi=0x3000013e0 rsi=0xc rdx=0x1ff6 @step 1193349
     __libc_free rdi=0x3000013e0 rsi=0xc rdx=0x1ff6 @step 1193350
            free rdi=0x3000012e0 rsi=0xc rdx=0x4800000 @step 1193504
     __libc_free rdi=0x3000012e0 rsi=0xc rdx=0x4800000 @step 1193505
            free rdi=0x300001430 rsi=0xc rdx=0xc800000 @step 1193652
     __libc_free rdi=0x300001430 rsi=0xc rdx=0xc800000 @step 1193653
            free rdi=0x300001a10 rsi=0x2000012c0 rdx=0x0 @step 1194076
     __libc_free rdi=0x300001a10 rsi=0x2000012c0 rdx=0x0 @step 1194077
            free rdi=0x300001100 rsi=0x200001270 rdx=0x0 @step 1194304
     __libc_free rdi=0x300001100 rsi=0x200001270 rdx=0x0 @step 1194305
            free rdi=0x300001230 rsi=0x1c rdx=0x610 @step 1194452
     __libc_free rdi=0x300001230 rsi=0x1c rdx=0x610 @step 1194453
            free rdi=0x300001300 rsi=0x0 rdx=0x0 @step 1194655
     __libc_free rdi=0x300001300 rsi=0x0 rdx=0x0 @step 1194656
            free rdi=0x300001200 rsi=0xc rdx=0x1 @step 1194810
     __libc_free rdi=0x300001200 rsi=0xc rdx=0x1 @step 1194811
            free rdi=0x300001060 rsi=0x1c rdx=0x650 @step 1194965
     __libc_free rdi=0x300001060 rsi=0x1c rdx=0x650 @step 1194966
            free rdi=0x3000012f0 rsi=0x1c rdx=0x4650 @step 1195124
     __libc_free rdi=0x3000012f0 rsi=0x1c rdx=0x4650 @step 1195125
            free rdi=0x300001080 rsi=0xc rdx=0x2001 @step 1195279
     __libc_free rdi=0x300001080 rsi=0xc rdx=0x2001 @step 1195280
            free rdi=0x3000010a0 rsi=0x1c rdx=0x4652 @step 1195434
     __libc_free rdi=0x3000010a0 rsi=0x1c rdx=0x4652 @step 1195435
            free rdi=0x300001240 rsi=0x1c rdx=0x4656 @step 1195593
     __libc_free rdi=0x300001240 rsi=0x1c rdx=0x4656 @step 1195594
            free rdi=0x3000010e0 rsi=0xc rdx=0x3001 @step 1195748
     __libc_free rdi=0x3000010e0 rsi=0xc rdx=0x3001 @step 1195749
            free rdi=0x300001120 rsi=0x1c rdx=0x465e @step 1195903
     __libc_free rdi=0x300001120 rsi=0x1c rdx=0x465e @step 1195904
            free rdi=0x3000013f0 rsi=0x1c rdx=0x467e @step 1196062
     __libc_free rdi=0x3000013f0 rsi=0x1c rdx=0x467e @step 1196063
            free rdi=0x300001140 rsi=0xc rdx=0x3003 @step 1196217
     __libc_free rdi=0x300001140 rsi=0xc rdx=0x3003 @step 1196218
            free rdi=0x3000011e0 rsi=0x1c rdx=0x46fe @step 1196372
     __libc_free rdi=0x3000011e0 rsi=0x1c rdx=0x46fe @step 1196373
            free rdi=0x300001830 rsi=0x1c rdx=0x47fe @step 1196531
     __libc_free rdi=0x300001830 rsi=0x1c rdx=0x47fe @step 1196532
            free rdi=0x3000012d0 rsi=0x200001270 rdx=0x0 @step 1196962
     __libc_free rdi=0x3000012d0 rsi=0x200001270 rdx=0x0 @step 1196963
            free rdi=0x300001310 rsi=0xc rdx=0x10003003 @step 1197117
     __libc_free rdi=0x300001310 rsi=0xc rdx=0x10003003 @step 1197118
            free rdi=0x300001320 rsi=0xc rdx=0x10003403 @step 1197265
     __libc_free rdi=0x300001320 rsi=0xc rdx=0x10003403 @step 1197266
            free rdi=0x300001770 rsi=0xc rdx=0x10007403 @step 1197423
     __libc_free rdi=0x300001770 rsi=0xc rdx=0x10007403 @step 1197424
            free rdi=0x300001350 rsi=0x200001130 rdx=0x0 @step 1197650
     __libc_free rdi=0x300001350 rsi=0x200001130 rdx=0x0 @step 1197651
            free rdi=0x300001360 rsi=0xc rdx=0x1000f403 @step 1197805
     __libc_free rdi=0x300001360 rsi=0xc rdx=0x1000f403 @step 1197806
            free rdi=0x300001370 rsi=0xc rdx=0x1004f403 @step 1197953
     __libc_free rdi=0x300001370 rsi=0xc rdx=0x1004f403 @step 1197954
            free rdi=0x300001330 rsi=0xc rdx=0x100cf403 @step 1198112
     __libc_free rdi=0x300001330 rsi=0xc rdx=0x100cf403 @step 1198113
            free rdi=0x300001340 rsi=0xc rdx=0x101cf403 @step 1198267
     __libc_free rdi=0x300001340 rsi=0xc rdx=0x101cf403 @step 1198268
            free rdi=0x300001380 rsi=0xc rdx=0x101df403 @step 1198415
     __libc_free rdi=0x300001380 rsi=0xc rdx=0x101df403 @step 1198416
            free rdi=0x300001690 rsi=0xc rdx=0x101ff403 @step 1198573
     __libc_free rdi=0x300001690 rsi=0xc rdx=0x101ff403 @step 1198574
            free rdi=0x300001c20 rsi=0x6c rdx=0x8 @step 1198726
     __libc_free rdi=0x300001c20 rsi=0x6c rdx=0x8 @step 1198727
            free rdi=0x300001400 rsi=0x6 rdx=0x0 @step 1198929
     __libc_free rdi=0x300001400 rsi=0x6 rdx=0x0 @step 1198930
            free rdi=0x300001250 rsi=0xc rdx=0x103ff403 @step 1199084
     __libc_free rdi=0x300001250 rsi=0xc rdx=0x103ff403 @step 1199085
            free rdi=0x300001260 rsi=0xc rdx=0x303ff403 @step 1199232
     __libc_free rdi=0x300001260 rsi=0xc rdx=0x303ff403 @step 1199233
            free rdi=0x300001c90 rsi=0xc rdx=0x303ff407 @step 1199390
     __libc_free rdi=0x300001c90 rsi=0xc rdx=0x303ff407 @step 1199391
            free rdi=0x300001270 rsi=0x6c rdx=0x1 @step 1199552
     __libc_free rdi=0x300001270 rsi=0x6c rdx=0x1 @step 1199553
            free rdi=0x3000012b0 rsi=0xc rdx=0x303ff40f @step 1199707
     __libc_free rdi=0x3000012b0 rsi=0xc rdx=0x303ff40f @step 1199708
            free rdi=0x3000012c0 rsi=0xc rdx=0x303ff41f @step 1199855
     __libc_free rdi=0x3000012c0 rsi=0xc rdx=0x303ff41f @step 1199856
            free rdi=0x300001390 rsi=0xc rdx=0x303ff51f @step 1200014
     __libc_free rdi=0x300001390 rsi=0xc rdx=0x303ff51f @step 1200015
            free rdi=0x3000013b0 rsi=0xc rdx=0x303ff71f @step 1200169
     __libc_free rdi=0x3000013b0 rsi=0xc rdx=0x303ff71f @step 1200170
            free rdi=0x3000013c0 rsi=0xc rdx=0x307ff71f @step 1200317
     __libc_free rdi=0x3000013c0 rsi=0xc rdx=0x307ff71f @step 1200318
            free rdi=0x300001280 rsi=0xc rdx=0x317ff71f @step 1200476
     __libc_free rdi=0x300001280 rsi=0xc rdx=0x317ff71f @step 1200477
            free rdi=0x300001290 rsi=0xc rdx=0x337ff71f @step 1200631
     __libc_free rdi=0x300001290 rsi=0xc rdx=0x337ff71f @step 1200632
            free rdi=0x3000012a0 rsi=0xc rdx=0x337ff73f @step 1200786
     __libc_free rdi=0x3000012a0 rsi=0xc rdx=0x337ff73f @step 1200787
            free rdi=0x300001620 rsi=0x2000010b8 rdx=0x0 @step 1201191
     __libc_free rdi=0x300001620 rsi=0x2000010b8 rdx=0x0 @step 1201192
            free rdi=0x300001700 rsi=0x6c rdx=0xa @step 1201344
     __libc_free rdi=0x300001700 rsi=0x6c rdx=0xa @step 1201345
            free rdi=0x300001d00 rsi=0x200001130 rdx=0x0 @step 1201915
     __libc_free rdi=0x300001d00 rsi=0x200001130 rdx=0x0 @step 1201916
            free rdi=0x300001f00 rsi=0x200001220 rdx=0x0 @step 1202317
     __libc_free rdi=0x300001f00 rsi=0x200001220 rdx=0x0 @step 1202318
            free rdi=0x300001040 rsi=0x2000011f8 rdx=0x0 @step 1203072
     __libc_free rdi=0x300001040 rsi=0x2000011f8 rdx=0x0 @step 1203073
            free rdi=0x30005c230 rsi=0x1c rdx=0x0 @step 1310141
     __libc_free rdi=0x30005c230 rsi=0x1c rdx=0x0 @step 1310142
            free rdi=0x30005c040 rsi=0x200001310 rdx=0x46d798 @step 1310526
     __libc_free rdi=0x30005c040 rsi=0x200001310 rdx=0x46d798 @step 1310527
            free rdi=0x3000011a0 rsi=0x1000 rdx=0x1000 @step 1311445
     __libc_free rdi=0x3000011a0 rsi=0x1000 rdx=0x1000 @step 1311446
            free rdi=0x300002030 rsi=0x7ffefdc8 rdx=0x0 @step 1312421
     __libc_free rdi=0x300002030 rsi=0x7ffefdc8 rdx=0x0 @step 1312422
rax = e7  mem[e7..] = [00, 00, 00, 00, 00, 00, 00, 00, 00, 00, 00, 00, 00, 00, 00, 00]
rbx = 410670  mem[410670..] = [00, 00, 00, 00, 00, 00, 00, 00, 00, 00, 00, 00, 00, 00, 00, 00]
rcx = 0  mem[0..] = [00, 00, 00, 00, 00, 00, 00, 00, 00, 00, 00, 00, 00, 00, 00, 00]
rdx = 0  mem[0..] = [00, 00, 00, 00, 00, 00, 00, 00, 00, 00, 00, 00, 00, 00, 00, 00]
rsi = 0  mem[0..] = [00, 00, 00, 00, 00, 00, 00, 00, 00, 00, 00, 00, 00, 00, 00, 00]
rdi = 65  mem[65..] = [00, 00, 00, 00, 00, 00, 00, 00, 00, 00, 00, 00, 00, 00, 00, 00]
rbp = 1  mem[1..] = [00, 00, 00, 00, 00, 00, 00, 00, 00, 00, 00, 00, 00, 00, 00, 00]
