⊙> qc hxstxsh
Building gate net (depth 10, SK recursion 3)...
  net: 4842 entries, 871 KB (heap 3699 of 49152 KB)
  single arm : error 8.481316e-4  length 1084
  split+fused: error 4.070233e-4  length 1882
  gain       : 2.1x
  unitary    : true
  word check : PASS (residual 9.67e-14)
  heap peak  : 3710 of 49152 KB
  braid word (1882 generators):
    -2 1 1 1 -2 -2 1 1 1 -2 1 1 -2 1 1 -2 -2 1 -2 -1 2 2 -1 -1 
    2 -1 -1 2 2 2 -1 2 2 -1 -1 2 -1 -1 -2 1 1 -2 1 1 -2 -2 1 -2 
    -2 1 1 -2 -2 1 -2 -2 1 1 -2 1 -2 -2 1 1 -2 1 1 -2 -1 -1 2 2 
    -1 2 2 -1 -1 2 2 -1 -1 2 -1 -1 2 2 -1 2 -1 -1 2 -1 -1 2 2 -1 
    2 2 2 -1 -1 2 2 -1 -1 -2 -2 1 1 -2 1 1 -2 -2 1 1 1 -2 -2 1 
    1 2 -1 2 2 -1 -1 2 -1 -2 -2 1 1 -2 -2 1 -2 -2 1 -2 -2 1 1 -2 
    1 1 -2 1 -2 -2 1 1 -2 1 1 -2 -2 1 1 -2 -2 1 -2 -2 1 1 2 -1 
    -1 2 -1 -1 2 2 -1 2 -1 -1 2 2 -1 2 2 -1 -1 2 -1 2 2 -1 -1 2 
    2 1 -2 1 1 -2 -2 1 -2 -1 -1 2 2 -1 -1 -1 2 2 -1 -1 2 -1 -1 2 
    2 1 1 -2 -2 1 2 -1 -1 2 -1 -2 -2 -1 -1 2 2 -1 2 2 -1 -1 2 2 
    2 1 -2 1 1 -2 1 -2 -2 1 1 -2 -2 1 -2 -2 1 1 2 -1 -1 2 2 -1 
    2 2 -1 -2 1 1 -2 -2 1 1 -2 -1 -1 2 2 -1 -1 2 -1 -1 2 2 1 2 
    -1 -1 2 2 -1 -1 2 -1 -2 -2 1 1 -2 1 1 -2 -2 1 1 -2 -2 1 -2 -2 
    1 1 -2 1 1 1 -2 -2 1 -2 -2 1 1 -2 -1 -1 2 2 -1 2 2 -1 -1 2 
    2 -1 2 -1 -1 2 -1 -2 -2 -2 1 1 -2 -2 1 -2 -2 1 1 2 2 1 -2 1 
    1 -2 1 -2 -1 2 -1 -1 2 2 -1 2 2 -1 -1 2 2 -1 -1 2 -1 -1 2 2 
    1 -2 1 1 -2 -2 1 1 -2 -1 -2 -2 1 1 -2 1 1 -2 -2 1 1 2 -1 -1 
    2 2 -1 -1 2 -1 -1 2 2 -1 2 2 -1 -1 2 -1 2 -1 2 2 -1 -1 2 -1 
    -1 2 1 -2 1 1 -2 -2 1 -2 -2 1 -2 1 1 -2 1 1 -2 -2 1 -2 -1 2 
    2 -1 2 2 -1 -1 2 -1 -2 -2 1 1 -2 1 1 -2 -2 1 1 -2 1 1 -2 -2 
    -1 2 -1 -1 2 2 2 2 -1 -1 2 -1 -1 2 2 -1 2 -1 2 2 -1 -1 2 -1 
    -1 2 -1 2 2 -1 -1 2 -1 -1 2 1 1 -2 1 1 -2 -2 1 -2 -2 -2 1 1 
    -2 1 1 -2 -2 1 1 1 -2 1 1 -2 -2 1 -2 -2 1 -2 -2 1 1 -2 1 1 
    -2 -2 -2 -2 1 1 -2 1 2 2 -1 -1 2 -1 -1 2 2 -1 -1 2 -1 -1 2 2 
    1 -2 1 1 -2 -2 1 -2 -2 1 2 2 -1 2 2 -1 -1 2 -1 -1 -1 2 2 -1 
    -1 2 -1 -1 2 2 2 -1 2 2 -1 -1 2 -1 -1 -2 1 1 -2 1 1 -2 -2 1 
    1 1 -2 1 1 -2 -2 1 -2 -2 -2 1 1 -2 1 1 -2 -2 1 2 -1 2 2 -1 
    -1 2 -1 -1 2 -1 2 2 -1 -1 2 -1 -1 2 -1 2 2 -1 2 2 -1 -1 2 -1 
    -2 1 1 -2 1 1 -2 -2 1 -2 1 -2 1 1 -2 -2 1 -2 -2 1 1 -2 1 1 
    -2 -2 1 1 -2 -1 -1 2 2 -1 -1 2 -1 -1 2 2 1 2 -1 -1 2 2 -1 -1 
    2 -1 -2 -2 1 1 -2 1 1 -2 -2 1 1 -2 -2 1 -2 -2 1 1 -2 1 2 -1 
    2 -1 -1 2 -1 -2 -2 -1 -1 2 2 -1 2 2 -1 -1 2 2 2 1 -2 1 1 -2 
    1 -2 -2 1 1 -2 -2 1 -2 -2 1 1 2 -1 -1 2 2 -1 2 2 -1 -1 -1 2 
    -1 -1 2 2 -1 2 2 -1 -1 2 2 -1 -1 2 -1 -1 2 2 1 -2 1 1 -2 -2 
    1 1 -2 -1 -2 -2 1 1 -2 1 1 -2 -2 1 1 2 -1 -1 2 2 -1 -1 2 1 
    -2 -2 1 -2 -2 1 1 -2 -1 -1 2 2 -1 2 2 -1 -1 2 2 -1 2 -1 -1 2 
    -1 -2 -2 -2 1 1 -2 -2 1 -2 -2 1 1 2 2 1 -2 1 1 -2 1 -2 1 1 
    -2 1 1 -2 -2 1 -2 -1 2 2 -1 -1 2 -1 -1 2 2 2 -1 2 2 -1 -1 2 
    -1 -1 -1 2 2 -1 -1 2 -1 -1 2 1 1 -2 1 1 -2 -2 1 -2 -2 -2 1 1 
    -2 1 1 -2 -2 1 1 1 -2 1 1 -2 -2 1 -2 -2 -1 2 2 -1 2 2 -1 -1 
    2 -1 -2 -2 1 1 -2 1 1 -2 -2 1 1 -2 1 1 -2 -2 -1 2 -1 -1 2 2 
    2 2 -1 -1 2 -1 -1 2 2 -1 2 2 -1 2 2 -1 -1 2 -1 -1 -1 2 2 -1 
    -1 2 -1 -1 2 2 2 -1 2 2 -1 -1 2 -1 -1 -2 1 1 -2 1 1 -2 -2 1 
    -2 1 1 -2 1 1 -2 -2 1 -2 1 -2 -2 1 1 -2 1 1 -2 -2 -2 -2 1 1 
    -2 1 2 2 -1 -1 2 -1 -1 2 2 -1 -1 2 -1 -1 2 2 1 -2 1 1 -2 -2 
    1 -2 -1 -1 2 2 -1 2 2 -1 -2 1 1 -2 1 1 -2 -2 1 -2 1 -2 -2 1 
    -2 -2 1 1 -2 1 2 -1 2 2 -1 -1 2 -1 -1 2 -1 2 2 -1 2 2 -1 -1 
    2 -1 -2 1 1 -2 1 1 -2 -2 1 -2 1 1 -2 1 1 -2 -2 1 -2 -1 2 2 
    -1 -1 2 -1 -1 2 2 2 -1 2 2 -1 -1 2 -1 -1 -1 2 2 -1 -1 2 -1 -1 
    2 2 1 -2 1 1 -2 -2 1 -2 -2 1 -2 1 1 -2 1 1 -2 -2 1 -2 -1 2 
    -1 -1 2 2 -1 2 2 -1 2 -1 2 2 -1 -1 2 -1 -1 2 1 -2 -2 1 -2 -2 
    1 1 -2 1 -2 -2 1 1 -2 1 1 -2 -2 1 1 1 -2 1 1 -2 -2 1 -2 -2 
    -2 1 1 -2 1 1 -2 -2 1 2 -1 2 2 -1 -1 2 -1 -1 2 -1 2 2 -1 -1 
    2 -1 -1 2 -1 2 2 -1 2 2 -1 -1 2 -1 2 -1 -1 2 -1 -1 2 2 -1 2 
    1 -2 1 1 -2 -2 1 -2 -2 1 -2 1 -2 -2 1 1 -2 1 1 -2 1 -2 -2 1 
    1 -2 1 1 -2 -2 -1 2 2 -1 -1 2 -1 -1 2 2 2 2 -1 -1 2 -1 -1 2 
    2 -1 -2 -2 1 1 -2 1 1 -2 -2 -1 -1 2 2 -1 -1 -1 -2 -1 -1 2 2 -1 
    -1 2 2 2 1 1 1 -2 -2 1 1 1 -2 1 1 -2 -2 1 1 -2 1 1 -2 1 
    1 -2 -2 1 -2 -2 -1 2 2 -1 -1 2 -1 -1 2 2 1 -2 -2 1 1 -2 1 1 
    -2 -2 -2 -2 1 1 -2 1 1 -2 -2 1 2 2 -1 -1 2 -1 -1 2 2 -1 2 2 
    -1 2 2 -1 -1 2 -1 -1 2 -1 -1 2 2 -1 -1 2 -1 -1 -1 2 2 -1 -1 -1 
    -2 -2 -2 1 1 -2 -2 1 1 2 1 1 1 -2 -2 1 1 1 2 -1 -1 2 -1 -1 
    2 2 -1 2 -1 2 2 -1 2 2 -1 -1 2 -1 -2 1 -2 -2 1 1 -2 1 1 -2 
    1 -2 1 1 -2 -2 1 -2 -2 1 -2 1 1 -2 1 1 -2 -2 1 -2 1 1 -2 1 
    1 -2 -2 1 -2 -1 2 2 -1 -1 2 -1 -1 2 2 2 -1 2 2 -1 -1 2 -1 -1 
    -1 2 2 -1 -1 2 -1 -1 2 2 -1 2 -1 -1 2 2 -1 2 2 -1 -2 1 1 -2 
    1 1 -2 -2 1 -2 1 -2 -2 1 -2 -2 1 1 -2 1 2 -1 2 2 -1 -1 2 -1 
    -1 2 -1 2 2 -1 2 2 -1 -1 2 -1 -2 -2 1 1 -2 1 1 -2 -2 1 1 1 
    -2 1 1 -2 -2 1 -2 -2 -2 1 1 -2 1 1 -2 -2 1 2 -1 2 2 -1 -1 2 
    -1 -1 2 -1 2 2 -1 -1 2 -1 -1 2 1 -2 1 1 -2 -2 1 -2 -2 1 -2 1 
    1 -2 1 1 -2 -2 1 -2 -1 2 -1 -1 2 2 -1 2 2 -1 2 -1 2 2 -1 -1 
    2 -1 -1 2 1 -2 -2 1 -2 -2 1 1 -2 -1 -1 2 2 -1 -1 -1 -2 -1 -1 2 
    2 -1 -1 2 2 2 1 1 1 -2 -2 1 1 1 -2 1 1 -2 -2 1 1 -2 1 1 
    -2 1 1 -2 -2 1 -2 -2 1 -2 -2 1 1 -2 1 1 -2 -2 -1 2 2 -1 -1 2 
    -1 -1 2 2 2 2 -1 -1 2 -1 -1 2 2 -1 -2 -2 1 1 -2 1 1 -2 -2 1 
    2 2 -1 2 2 -1 -1 2 -1 -1 2 -1 -1 2 2 -1 -1 2 -1 -1 -1 2 2 -1 
    -1 -1 -2 -2 -2 1 1 -2 -2 1 1 2 1 1 1 -2 -2 1 1 2 2 -1 -1 2 
    -1 -1 2 2 1 -2 -2 1 1 -2 1 1 -2 -2 -2 -2 1 1 -2 1 1 -2 -2 1 
    2 2 -1 -1 2 -1 -1 2 2 -1 
⊙> qc xsttsts
Building gate net (depth 10, SK recursion 3)...
  net: 4842 entries, 871 KB (heap 3699 of 49152 KB)
  single arm : error 2.852137e-4  length 1068
  split+fused: error 1.641098e-5  length 2136
  gain       : 17.4x
  unitary    : true
  word check : PASS (residual 1.04e-13)
  heap peak  : 3711 of 49152 KB
  braid word (2136 generators):
    2 1 -2 -2 1 -2 1 -2 1 -2 -1 2 2 -1 -1 2 -1 -1 2 2 -1 2 2 -1 
    2 2 -1 -1 2 -1 -2 -2 1 1 -2 1 1 -2 -2 1 1 -2 1 1 -2 -2 1 -2 
    -2 1 -2 -2 1 -2 -2 1 1 -2 1 1 -2 1 -2 -2 1 1 -2 1 1 -2 -1 -1 
    2 -1 -1 2 2 -1 2 2 2 -1 -1 2 -1 -1 2 2 -1 2 -1 2 2 -1 -1 2 
    -1 -1 2 1 1 -2 -2 1 -2 -2 1 1 -2 1 -2 -2 1 1 -2 1 1 -2 -1 -1 
    2 2 -1 2 2 -1 -1 2 2 -1 -1 2 -1 -1 2 2 -1 2 -1 2 2 -1 2 2 
    -1 -1 2 -1 -2 -2 1 1 -2 1 1 -2 -2 1 -2 1 -2 -2 1 1 -2 1 1 -2 
    -2 -2 1 -2 -2 1 1 -2 1 1 2 -1 -1 2 -1 -1 2 2 -1 2 -1 -1 2 -1 
    -1 2 2 -1 2 2 1 -2 1 1 -2 -2 1 -2 -2 1 -2 1 -2 -2 1 1 -2 1 
    1 -2 -2 1 1 -2 -2 1 -2 -2 1 1 2 -1 -1 2 -1 -1 2 2 -1 2 -1 -1 
    2 2 -1 2 2 -1 -1 2 2 -1 -1 2 -1 -1 2 2 -1 2 -1 -1 2 2 -1 2 
    2 -1 -2 -2 1 1 -2 1 1 -2 -2 1 1 -2 -2 1 -2 -2 1 2 2 -1 2 2 
    -1 -1 2 -1 -1 -1 2 -1 -1 2 2 -1 2 2 1 -2 1 1 -2 -2 1 -2 -2 1 
    -2 -2 1 -2 -2 1 1 2 -1 2 2 -1 -1 2 2 -1 -1 2 -1 -1 2 2 1 -2 
    -2 1 -2 -2 1 1 -2 1 -2 -2 1 1 -2 1 1 -2 -1 -1 2 -1 -1 2 2 -1 
    2 2 -1 2 2 -1 2 2 -1 -1 2 -1 -2 -2 1 -2 -2 1 1 -2 1 2 2 -1 
    -1 2 -1 -1 2 2 1 -2 1 1 -2 -2 1 -2 -2 1 -2 -2 1 1 -2 1 1 -2 
    -2 1 -2 1 1 -2 -2 1 -2 -2 1 2 -1 -1 2 -1 -2 -2 -2 -2 -1 -1 2 2 
    -1 2 2 -1 -1 2 2 2 2 2 1 -2 1 1 2 -1 2 2 -1 -1 -2 1 1 -2 
    -2 -1 2 -1 -1 2 2 -1 2 2 -1 2 2 -1 -1 2 2 -1 -2 -2 1 -2 -2 1 
    1 -2 1 1 2 -1 2 2 -1 -1 2 -1 -1 2 1 -2 1 1 -2 -2 1 -2 -1 -1 
    2 -1 -2 -2 -2 -2 -2 1 1 -2 -2 1 -2 -2 1 1 2 2 2 2 1 -2 1 1 
    -2 -1 2 2 -1 2 1 1 -2 -2 1 -2 -1 -1 2 -1 -1 2 2 -1 2 2 1 -2 
    -2 1 1 -2 -2 1 -2 -2 1 -2 -2 1 1 -2 1 2 2 -1 -1 2 2 -1 2 -1 
    -1 2 -1 -1 2 2 -1 2 -1 -1 2 2 -1 2 2 -1 -2 -2 1 1 -2 1 1 -2 
    -2 1 1 -2 -2 1 -2 -2 1 2 2 -1 -1 2 -1 -1 2 2 -1 2 2 -1 2 2 
    -1 -1 2 -1 -2 -2 1 1 -2 1 1 -2 -2 -1 2 -1 -1 2 2 -1 2 2 1 -2 
    1 1 -2 -2 1 -2 -2 1 -2 -2 1 -2 -2 1 1 -2 1 1 2 -1 -1 2 -1 -1 
    2 2 -1 2 -1 -1 2 2 -1 2 2 -1 -2 -2 1 1 -2 1 1 -2 -2 1 1 -2 
    -2 1 -2 -1 -1 2 2 -1 2 2 -1 2 2 -1 2 2 -1 -1 2 -1 -2 -2 1 -2 
    -2 1 1 -2 1 1 1 -2 1 1 -2 -2 1 -2 -2 -1 2 2 -1 2 2 -1 -1 2 
    2 -1 -1 2 -1 -1 2 2 1 -2 -2 1 -2 -2 1 1 -2 1 -2 -2 1 1 -2 1 
    1 -2 -1 -1 2 2 -1 2 2 -1 -1 2 2 -1 -1 2 -1 -1 2 2 1 -2 -2 1 
    -2 -2 1 1 -2 1 -2 -2 1 1 -2 1 1 -2 1 -2 -2 1 1 -2 -2 -1 2 -1 
    -1 2 2 -1 2 2 -1 2 2 -1 -1 2 2 -1 -2 -2 1 -2 -2 1 1 -2 1 1 
    2 -1 2 2 -1 -1 -2 1 -2 -2 1 2 -1 -1 2 -1 -2 -2 -2 -2 -1 -1 2 2 
    -1 2 2 -1 -1 2 2 2 2 2 1 -2 1 1 2 -1 2 2 -1 -1 2 -1 -2 1 
    1 -2 1 1 -2 -2 1 -2 -1 -1 2 -1 -1 2 2 -1 2 2 1 -2 -2 1 1 -2 
    -2 1 -2 -2 1 -2 -2 1 1 -2 1 2 2 -1 -1 2 1 1 -2 -2 1 -2 -1 -1 
    2 -1 -2 -2 -2 -2 -2 1 1 -2 -2 1 -2 -2 1 1 2 2 2 2 1 -2 1 1 
    -2 -1 2 2 -1 2 2 -1 -1 2 1 -2 1 1 -2 -2 1 1 -2 -1 -1 2 2 -1 
    -1 2 -1 -1 2 2 1 2 -1 -1 2 2 -1 -1 2 -1 -2 -2 1 1 -2 1 1 -2 
    -2 1 2 -1 2 2 -1 -1 2 2 -1 -2 -2 -2 1 1 -2 -2 1 1 2 1 -2 -2 
    1 1 -2 -2 1 -2 -1 -1 2 2 -1 -1 2 2 -1 2 2 -1 -1 2 -1 -1 2 2 
    1 -2 1 1 -2 -2 1 1 -2 -1 -2 -2 1 1 -2 1 1 -2 -2 1 1 2 -1 -1 
    2 2 -1 -1 2 -1 -2 -2 1 1 -2 -2 1 1 2 -1 2 2 -1 -1 2 2 -1 -2 
    -1 -1 2 2 -1 -1 2 2 2 1 -2 -1 -1 2 1 1 -2 1 1 -2 -2 1 -2 -2 
    -2 1 1 -2 1 1 -2 -2 1 2 -1 2 2 -1 -1 2 -1 -1 -1 2 -1 -1 2 2 
    -1 2 2 -1 -2 -2 1 1 -2 1 1 -2 -2 1 1 -2 -2 1 -2 -2 1 1 2 -1 
    -1 2 -1 -1 2 2 1 1 -2 1 1 -2 -2 1 -2 -1 2 2 -1 -1 2 -1 -1 2 
    2 2 -1 2 2 -1 -1 2 -1 -1 -2 1 1 -2 1 1 -2 -2 1 -2 -2 -2 1 1 
    -2 1 1 -2 -1 -1 2 2 -1 2 2 -1 -1 2 2 -1 -1 2 -1 -1 2 2 1 -2 
    -2 1 -2 -2 1 1 -2 1 2 -1 2 2 -1 -1 2 2 -1 -2 -2 -2 1 1 -2 -2 
    1 1 2 1 -2 -2 1 1 -2 -2 1 -2 -1 -1 2 2 -1 -1 2 2 1 -2 1 1 
    -2 -2 1 1 -2 -1 -1 2 2 -1 -1 2 -1 -1 2 2 1 2 -1 -1 2 2 -1 -1 
    2 -1 -2 -2 1 1 -2 1 1 -2 -2 1 -2 -2 1 1 -2 -2 1 1 2 -1 2 2 
    -1 -1 2 2 -1 -2 -1 -1 2 2 -1 -1 2 2 2 1 -2 -2 1 1 -2 -2 1 -2 
    -1 2 2 -1 -1 2 -1 -1 2 2 1 -2 1 1 -2 -2 1 1 -2 -1 -2 -2 1 1 
    -2 1 1 -2 -2 1 1 2 -1 -1 2 2 -1 -1 2 -1 -1 2 -1 -1 2 2 -1 2 
    2 -1 -2 -2 1 1 -2 1 1 -2 -2 1 1 -2 -2 1 -2 -2 1 1 2 -1 -1 2 
    -1 -1 2 2 2 -1 2 2 -1 -1 2 -1 -1 2 1 1 -2 1 1 -2 -2 1 -2 -2 
    -2 1 1 -2 1 1 -2 -2 1 2 -1 2 2 -1 -1 2 -1 -1 -2 -2 1 1 -2 1 
    1 -2 -1 -1 2 2 -1 2 2 -1 -1 2 2 -1 -1 2 -1 -1 2 2 1 -2 -2 1 
    -2 -2 1 1 -2 1 1 1 -2 1 1 -2 -2 1 -2 -1 2 2 -1 -1 2 -1 -1 2 
    2 2 -1 2 2 -1 -1 2 -1 -1 -1 2 2 -1 -1 2 -1 -1 2 1 1 -2 1 1 
    -2 -2 1 -2 -2 -2 1 1 -2 1 1 -2 -2 1 -2 -2 1 -2 -2 1 1 -2 1 1 
    1 -2 -2 1 -2 -2 1 1 -2 -1 2 -1 -1 2 2 -1 2 2 -1 2 -1 -1 2 2 
    -1 2 2 -1 -1 2 2 -1 -1 2 -1 -1 2 2 2 -1 2 2 -1 -1 2 -1 -1 -2 
    1 1 -2 1 1 -2 -2 1 -2 1 1 -2 1 1 -2 -2 1 -2 1 -2 -2 1 -2 -2 
    1 1 -2 1 -2 -2 1 -2 -2 1 1 -2 1 2 -1 -1 2 2 -1 2 2 -1 -1 -1 
    2 -1 -1 2 2 -1 2 2 2 -1 2 2 -1 -1 2 -1 -1 2 1 1 -2 1 1 -2 
    -2 1 -2 -2 -2 1 1 -2 1 1 -2 -2 1 2 -1 2 2 -1 -1 2 -1 -1 -1 2 
    -1 -1 2 2 -1 2 2 -1 -2 -2 1 1 -2 1 1 -2 -2 1 1 -2 -2 1 -2 -2 
    1 1 2 -1 -1 2 -1 -1 2 2 1 1 -2 1 1 -2 -2 1 -2 -1 2 2 -1 -1 
    2 -1 -1 2 2 2 -1 2 2 -1 -1 2 -1 -1 -2 1 1 -2 1 1 -2 -2 1 -2 
    -2 -2 1 1 -2 1 1 -2 -1 -1 2 2 -1 2 2 -1 -1 2 2 -1 -1 2 -1 -1 
    2 2 1 -2 -2 1 -2 -2 1 1 -2 1 -2 -2 1 -2 -2 1 1 -2 1 1 1 -2 
    -2 1 -2 -2 1 1 -2 -1 2 -1 -1 2 2 -1 2 2 -1 2 -1 -1 2 2 -1 2 
    2 -1 2 -1 2 2 -1 -1 2 -1 -1 2 -1 2 2 -1 -1 2 -1 -1 2 1 1 -2 
    1 1 -2 -2 1 -2 -2 -2 1 1 -2 1 1 -2 -2 1 1 -2 -2 1 -2 -2 1 1 
    -2 1 -2 -2 1 -2 -2 1 1 -2 1 2 -1 -1 2 2 -1 2 2 -1 -1 -1 2 -1 
    -1 2 2 -1 2 2 -1 2 2 -1 -1 2 -1 -1 2 2 2 -1 2 2 -1 -1 2 -1 
    -1 -2 1 1 -2 1 1 -2 -2 1 -2 1 1 -2 1 1 -2 -2 1 -2 -1 2 -1 -1 
    2 2 -1 2 2 -1 -2 -2 1 1 -2 1 1 -2 -2 1 1 -2 -2 1 -2 -2 1 1 
    2 -1 -1 2 -1 -1 2 2 2 -1 2 2 -1 -1 2 -1 -1 2 1 1 -2 1 1 -2 
    -2 1 -2 -2 -2 1 1 -2 1 1 -2 -2 1 2 -1 2 2 -1 -1 2 -1 -1 -2 -2 
    1 1 -2 1 1 -2 -1 -1 2 2 -1 2 2 -1 -1 2 2 -1 -1 2 -1 -1 2 2 
    1 -2 -2 1 -2 -2 1 1 -2 1 1 1 -2 1 1 -2 -2 1 -2 -1 2 2 -1 -1 
    2 -1 -1 2 2 2 -1 2 2 -1 -1 2 -1 -1 -2 1 1 -2 1 1 -2 -2 1 -2 
⊙> qc hhssttxx
Building gate net (depth 10, SK recursion 3)...
  net: 4842 entries, 871 KB (heap 3699 of 49152 KB)
  single arm : error 7.040036e-4  length 1036
  split+fused: error 2.015222e-4  length 2324
  gain       : 3.5x
  unitary    : true
  word check : PASS (residual 1.19e-13)
  heap peak  : 3712 of 49152 KB
  braid word (2324 generators):
    -2 -2 1 -2 -2 -2 1 -2 -2 1 1 1 -2 1 1 -2 -2 1 -2 -1 2 2 -1 -1 
    2 -1 -1 2 2 2 -1 2 2 -1 -1 2 -1 -1 -2 1 1 -2 1 1 -2 -2 1 -2 
    1 -2 -2 1 1 -2 -2 1 1 1 -2 1 1 -2 -2 1 -2 -2 -1 2 2 -1 -1 2 
    2 -1 2 2 -1 2 2 -1 -1 2 -1 -1 -1 -1 2 -1 -1 2 2 -1 2 2 2 -1 
    -1 2 2 -1 -1 2 2 2 -1 -1 2 2 -1 -1 -2 1 1 -2 -2 1 1 -2 1 1 
    -2 -2 1 1 -2 -2 -2 -2 1 -2 -2 1 1 -2 1 1 1 1 -2 1 1 -2 -2 1 
    -2 -2 1 -2 -2 1 1 -2 -2 1 2 2 -1 2 2 -1 -1 2 -1 -1 -1 2 2 -1 
    -1 2 2 -1 2 2 -1 -1 2 2 -1 -1 2 -1 -1 2 2 -1 -1 2 1 1 -2 -2 
    1 1 -2 -2 -2 1 1 -2 -2 1 1 -2 -2 -2 1 -2 -2 1 1 -2 1 1 -2 1 
    -2 1 1 -2 -2 -2 -1 -1 -1 2 -1 -1 2 2 -1 2 2 1 2 2 2 -1 -1 2 
    -1 2 1 1 -2 1 1 -2 -2 1 -2 -2 -1 2 2 -1 2 2 -1 -1 2 -1 2 2 
    -1 2 2 -1 -1 2 -1 -1 -1 2 2 -1 -1 2 -1 -1 2 2 1 -2 1 1 -2 -2 
    1 -2 -2 1 -2 1 -2 1 1 -2 -2 -2 -1 -2 -2 1 -2 -2 1 1 -2 1 1 1 
    2 2 2 -1 -1 2 -1 2 -1 -1 2 -1 -1 2 2 1 -2 1 1 -2 -2 1 1 1 
    -2 1 1 -2 -2 1 -2 -2 1 -2 1 1 -2 -2 1 -2 -2 1 2 2 -1 2 2 -1 
    -1 2 -1 -1 -1 2 2 -1 2 2 -1 -1 2 -1 -1 2 2 -1 2 2 -1 -1 2 -1 
    2 -1 -1 2 -1 -1 2 2 -1 2 1 -2 1 1 -2 -2 1 -2 -2 1 -2 1 -2 -2 
    1 1 -2 1 1 -2 1 1 -2 -2 1 -2 -2 1 1 -2 -2 1 1 -2 -2 1 -2 -2 
    -1 2 -1 -1 2 2 -1 2 2 -1 2 2 -1 2 2 -1 -1 2 2 2 -1 -1 2 -1 
    -1 2 2 -1 2 -1 2 2 -1 -1 2 -1 -1 2 -1 2 2 -1 -1 2 -1 -1 2 1 
    1 -2 1 1 -2 -2 1 -2 -2 -2 1 1 -2 1 1 -2 -2 1 1 1 -2 1 1 -2 
    -2 1 -2 -2 1 -2 -2 1 1 -2 1 1 -2 -2 -2 1 1 -2 -2 1 -2 -2 1 -2 
    -2 1 -2 -2 1 1 -2 1 2 2 -1 2 2 -1 -1 2 2 -1 -1 2 2 -1 2 2 
    -1 -1 2 2 -1 2 2 -1 -1 2 -1 -1 -1 2 2 -1 -1 2 -1 -1 2 2 2 -1 
    2 2 -1 -1 2 -1 -1 -2 1 1 -2 1 1 -2 -2 1 1 1 -2 1 1 -2 -2 1 
    -2 -2 -2 1 1 -2 1 1 -2 -2 1 2 -1 2 2 -1 -1 2 -1 -1 2 -1 -1 2 
    -1 -1 2 2 -1 2 -1 2 2 -1 2 2 -1 -1 2 -1 -2 1 -2 -2 1 1 -2 1 
    1 -2 1 -2 1 1 -2 -2 1 -2 -2 1 1 -2 1 1 -2 -2 1 -2 -2 1 1 1 
    -2 1 1 -2 -2 1 -2 -2 -1 2 2 -1 2 2 -1 -1 2 -1 2 2 -1 2 2 -1 
    -1 2 -1 -1 -1 2 2 -1 -1 2 -1 -2 -2 1 1 -2 1 1 -2 1 -2 1 1 -2 
    -2 -2 -1 -1 -1 2 -1 -1 2 2 -1 2 2 1 2 2 2 -1 -1 2 -1 2 -1 2 
    2 -1 2 2 -1 -1 2 -1 -2 -2 1 1 -2 1 1 -2 -2 1 1 1 -2 1 1 -2 
    -2 1 -2 -2 1 -2 1 1 -2 -2 1 -2 -2 1 2 2 -1 2 2 -1 -1 2 -1 -1 
    -2 1 -2 1 1 -2 -2 -2 -1 -2 -2 1 -2 -2 1 1 -2 1 1 1 2 2 2 -1 
    -1 2 -1 2 -1 -1 2 -1 -1 2 2 -1 2 2 1 1 -2 1 1 -2 -2 1 -2 -1 
    2 2 -1 -1 2 -1 -1 2 2 2 -1 2 2 -1 -1 2 -1 -1 -1 2 2 -1 -1 2 
    -1 -1 2 1 1 -2 1 1 -2 -2 1 -2 -2 -2 1 1 -2 1 1 -2 -2 1 1 1 
    -2 1 1 -2 -2 1 -2 -2 1 1 -2 -2 1 -2 -2 1 1 -2 -2 1 1 -2 -2 1 
    -2 -2 -1 2 -1 -1 2 2 -1 2 2 -1 2 2 -1 2 2 -1 -1 2 2 2 -1 -1 
    2 -1 -1 2 2 -1 2 2 -1 2 2 -1 -1 2 -1 -1 -1 2 2 -1 -1 2 -1 -1 
    2 2 2 -1 2 2 -1 -1 2 -1 -1 -2 1 1 -2 1 1 -2 -2 1 -2 1 1 -2 
    1 1 -2 -2 1 -2 1 -2 -2 1 1 -2 1 1 -2 -2 -2 1 1 -2 -2 1 -2 -2 
    1 -2 -2 1 -2 -2 1 1 -2 1 2 2 -1 2 2 -1 -1 2 2 -1 -1 2 2 -1 
    2 2 -1 -2 1 1 -2 -2 1 1 -2 -1 -2 -2 1 1 -2 -2 1 1 1 2 -1 -1 
    2 2 -1 -1 2 -1 -1 -1 2 2 -1 -1 2 1 1 -2 -2 1 -2 -2 1 1 -2 1 
    -2 -2 1 1 -2 1 1 -2 -1 -1 2 2 -1 2 2 -1 -1 2 2 -1 -1 2 -1 -1 
    2 2 -1 2 -1 -1 2 -1 -1 2 2 1 -2 -2 1 1 1 -2 1 1 -2 -2 1 1 
    -2 -1 -1 -1 2 2 -1 -1 2 2 1 2 -1 -1 2 2 -1 -1 2 -1 -2 -2 1 -2 
    -2 1 1 -2 1 1 -2 1 -2 -2 1 1 -2 1 1 -2 -2 1 1 -2 -2 1 -2 -2 
    1 1 2 -1 -1 2 -1 -1 2 2 -1 2 -1 -1 2 2 -1 2 2 -1 -1 2 -1 2 
    2 -1 2 2 -1 -1 2 -1 2 -1 -1 2 -1 -1 2 2 -1 2 1 -2 1 1 -2 -2 
    1 -2 -2 1 -2 1 -2 -2 1 1 -2 1 1 -2 -1 2 2 -1 -1 2 -1 -1 2 1 
    1 -2 1 1 -2 -2 1 -2 -2 -2 1 1 -2 1 1 -2 -2 1 1 1 -2 1 1 -2 
    -2 1 -2 -1 2 2 -1 -1 2 -1 -1 2 2 -1 -1 2 -1 -1 2 2 -1 2 -1 2 
    2 -1 2 2 -1 -1 2 -1 -2 1 -2 -2 1 1 -2 1 1 -2 1 -2 1 1 -2 -2 
    1 -2 -2 1 2 2 -1 2 2 -1 -1 2 -1 -1 -1 2 2 -1 -1 2 -1 -1 2 2 
    2 -1 2 2 -1 -1 2 -1 -1 -2 1 1 -2 1 1 -2 -2 1 1 1 -2 1 1 -2 
    -2 1 -2 -2 -2 1 1 -2 1 1 -2 -2 1 2 -1 2 2 -1 -1 2 -1 -1 -2 1 
    1 -2 -2 1 -2 -2 1 1 -2 1 -2 -2 1 1 -2 1 1 -2 -1 -1 2 2 -1 2 
    2 -1 -1 2 2 -1 -1 2 -1 -1 2 2 -1 2 -1 -1 2 -1 -1 2 2 -1 2 2 
    1 -2 1 1 -2 -2 1 1 -2 -1 -2 -2 1 1 -2 -2 1 1 1 2 -1 -1 2 2 
    -1 -1 2 -1 -1 -1 2 2 -1 -2 -2 1 1 -2 1 1 -2 1 -2 -2 1 1 -2 1 
    1 -2 -2 1 1 -2 -2 1 -2 -2 1 1 2 -1 -1 2 -1 -1 2 2 -1 2 -1 -1 
    2 2 -1 2 2 -1 -1 -2 1 1 -2 -2 1 1 1 -2 1 1 -2 -2 1 1 -2 -1 
    -1 -1 2 2 -1 -1 2 2 1 2 -1 -1 2 2 -1 -1 2 1 -2 1 1 -2 -2 1 
    -2 -1 2 2 -1 -1 2 -1 -1 2 2 2 -1 2 2 -1 -1 2 -1 -1 -1 2 2 -1 
    -1 2 -1 -1 2 1 1 -2 1 1 -2 -2 1 -2 -2 -2 1 1 -2 1 1 -2 -2 1 
    1 1 -2 1 1 -2 -2 1 -2 -2 -1 2 2 -1 2 2 -1 -1 2 -1 2 -1 -1 2 
    -1 -1 2 2 -1 2 1 -2 1 1 -2 -2 1 -2 -2 1 -2 1 -2 -2 1 1 -2 1 
    1 -2 -2 1 1 -2 1 1 -2 -2 1 2 -1 2 2 -1 -1 2 -1 -1 -1 2 2 -1 
    -1 2 -1 -1 2 2 2 -1 2 2 -1 -1 2 -1 -1 -2 1 1 -2 1 1 -2 -2 1 
    2 -1 -1 2 -1 -1 2 2 -1 2 -1 2 2 -1 2 2 -1 -1 2 -1 -2 1 -2 -2 
    1 1 -2 1 1 -2 1 -2 1 1 -2 -2 1 -2 -2 1 1 -2 1 1 -2 -2 1 -2 
    -2 1 1 1 -2 1 1 -2 -2 1 -2 -2 -1 2 2 -1 2 2 -1 -1 2 -1 2 2 
    -1 2 2 -1 -1 2 -1 -1 -1 2 2 -1 2 2 -1 -1 2 -1 -2 1 1 -2 -2 1 
    1 -2 1 -2 1 1 -2 -2 1 -2 -2 1 2 -1 -1 2 2 -1 -1 2 1 1 -2 1 
    1 -2 -2 1 -2 -2 1 -2 1 1 -2 -2 1 -2 -2 1 2 2 -1 2 2 -1 -1 2 
    -1 -1 -1 2 2 -1 2 2 -1 -1 2 -1 -2 1 1 -2 -2 1 1 -2 -1 2 2 -1 
    2 2 -1 -1 2 -1 2 -1 -1 2 2 -1 -1 2 1 -2 1 1 -2 -2 1 -2 -2 1 
    2 -1 2 2 -1 -1 2 -1 -1 2 1 1 -2 1 1 -2 -2 1 -2 -2 -2 1 1 -2 
    1 1 -2 -2 1 2 -1 2 2 -1 -1 2 -1 -1 -1 2 2 -1 2 2 -1 -1 2 -1 
    -1 -1 2 2 -1 -1 2 2 1 -2 1 1 -2 -2 1 -2 -2 1 -2 -2 1 1 -2 -2 
    1 1 1 1 -2 1 1 -2 -2 1 -2 -1 2 2 -1 -1 2 -1 -1 2 2 2 -1 2 
    2 -1 -1 2 -1 -1 -2 1 1 -2 1 1 -2 -2 1 -2 -1 -1 2 2 -1 -1 2 2 
    -1 2 2 -1 2 2 -1 -1 2 -1 -2 -2 1 1 -2 -2 1 1 -2 1 1 -2 -2 1 
    1 -2 1 -2 1 1 -2 -2 1 -2 -2 1 2 -1 -1 2 2 -1 -1 2 1 -2 1 1 
    -2 -2 1 -2 -2 1 1 1 -2 1 1 -2 -2 1 -2 -2 -1 2 2 -1 2 2 -1 -1 
    2 -1 2 2 -1 2 2 -1 -1 2 -1 -1 -2 1 1 -2 -2 1 1 -2 -1 2 2 -1 
    2 2 -1 -1 2 -1 2 -1 -1 2 2 -1 -1 2 1 -2 1 1 -2 -2 1 -2 -2 1 
    1 1 -2 1 1 -2 -2 1 -2 -2 1 -2 1 1 -2 -2 1 -2 -2 1 2 2 -1 2 
    2 -1 -1 2 -1 -1 -1 2 2 -1 2 2 -1 -1 2 -1 -1 2 2 -1 2 2 -1 -1 
    2 -1 -1 -1 2 2 -1 -1 2 2 1 -2 1 1 -2 -2 1 -2 -2 1 -2 -2 1 1 
    -2 -2 1 1 2 -1 2 2 -1 -1 2 -1 -1 2 1 1 -2 1 1 -2 -2 1 -2 -2 
    -2 1 1 -2 1 1 -2 -2 1 2 -1 2 2 -1 -1 2 -1 -1 -1 -1 2 2 -1 -1 
    2 2 -1 2 2 -1 2 2 -1 -1 2 -1 -2 -2 1 1 -2 -2 1 1 1 -2 1 1 
    -2 -2 1 -2 -2 1 1 1 -2 1 1 -2 -2 1 -2 -1 2 2 -1 -1 2 -1 -1 2 
    2 2 -1 2 2 -1 -1 2 -1 -1 -2 1 1 -2 1 1 -2 -2 1 -2 
⊙> qc hxstxhst
Building gate net (depth 10, SK recursion 3)...
  net: 4842 entries, 871 KB (heap 3699 of 49152 KB)
  single arm : error 1.276748e-3  length 1062
  split+fused: error 6.518551e-4  length 1940
  gain       : 2.0x
  unitary    : true
  word check : PASS (residual 9.93e-14)
  heap peak  : 3710 of 49152 KB
  braid word (1940 generators):
    1 1 -2 -2 1 -2 -2 1 1 -2 -2 -1 2 -1 -1 2 2 -1 2 2 -1 2 2 -1 
    -1 2 2 -1 -2 -2 1 -2 -2 1 1 -2 1 2 -1 -1 2 2 -1 2 2 -1 -2 1 
    -2 -2 1 1 -2 1 1 -2 1 -2 -2 1 -2 -2 1 1 -2 1 2 -1 -1 2 -1 -1 
    2 2 -1 2 -1 -1 2 -1 -1 2 2 -1 2 2 -1 2 -1 -1 2 2 -1 2 2 -1 
    -2 1 1 -2 1 1 -2 -2 1 -2 1 -2 -2 1 -2 -2 1 1 -2 1 2 -1 2 2 
    -1 -1 2 -1 -1 2 -1 2 2 -1 -1 2 -1 -2 -2 1 1 -2 1 1 -2 1 -2 -2 
    1 1 -2 1 1 -2 -1 2 -1 -1 2 2 -1 2 2 -1 2 -1 -1 2 -1 -1 2 2 
    -1 2 1 -2 -2 1 -2 -2 1 1 -2 1 -2 -2 1 1 -2 1 1 -2 -2 1 -2 1 
    1 -2 1 1 -2 -2 1 -2 -1 2 -1 -1 2 2 -1 2 2 -1 2 -1 2 2 -1 -1 
    2 -1 -1 2 1 -2 -2 1 -2 -2 1 1 -2 1 1 1 -2 -2 1 -2 -2 1 1 -2 
    -1 2 -1 2 2 -1 -1 -1 -1 -1 2 2 -1 2 2 -1 -1 2 1 1 1 -2 -2 1 
    -2 1 2 2 -1 -1 2 -1 -1 2 2 -1 -1 2 2 -1 2 2 -1 -1 2 -1 -1 2 
    2 -1 -1 2 -1 -1 2 2 1 -2 1 1 -2 -2 1 -2 -2 1 -2 -2 1 1 -2 1 
    1 -2 -2 1 1 1 -2 1 1 -2 -2 1 -2 -2 1 -2 -2 1 1 -2 1 1 -2 -2 
    -1 2 -1 2 2 -1 -1 -1 -2 1 1 -2 -2 1 -2 -2 1 1 1 1 1 -2 -2 1 
    -2 1 2 -1 -1 2 2 -1 2 2 -1 -1 2 2 -1 2 2 -1 -1 2 -1 -1 -1 2 
    2 -1 -1 2 -1 -1 2 2 -1 2 2 -1 2 2 -1 -1 2 -1 -2 -2 1 1 -2 1 
    1 -2 -2 1 1 -2 1 1 -2 -2 1 -2 -2 1 -2 1 -2 -2 1 1 -2 1 1 -2 
    -1 2 2 -1 2 2 -1 -1 2 -1 2 -1 -1 2 -1 -1 2 2 -1 2 1 -2 1 1 
    -2 -2 1 -2 -2 1 -2 1 1 -2 -2 1 1 -2 1 1 -2 1 1 -2 -2 1 -2 -1 
    -1 2 2 -1 -1 2 2 2 -1 2 2 -1 -1 2 -1 -1 -1 2 2 -1 2 2 -1 -1 
    2 -1 -1 -1 2 -1 -1 2 2 -1 2 2 1 -2 1 1 -2 -2 1 -2 -2 1 -2 -2 
    1 -2 -2 1 1 -2 1 1 1 1 -2 1 1 -2 -2 1 -2 -2 -2 1 1 -2 -2 1 
    1 2 -1 2 2 -1 -1 2 -1 -1 2 -1 -1 2 2 -1 -1 2 -1 -1 2 -1 -1 2 
    2 -1 2 2 -1 2 2 -1 2 2 -1 -1 2 -1 -2 -2 1 -2 -2 1 1 -2 1 1 
    1 -2 1 1 -2 -2 1 -2 -1 -1 2 2 -1 2 2 -1 -2 1 1 -2 1 1 -2 -2 
    1 -2 1 -2 -2 1 -2 -2 1 1 -2 1 2 -1 2 2 -1 -1 2 -1 -1 2 -1 2 
    2 -1 2 2 -1 -1 2 -1 -2 1 -2 -2 1 1 -2 1 1 -2 1 -2 1 1 -2 -2 
    1 -2 -2 1 2 -1 -1 2 -1 -1 2 2 -1 2 -1 2 2 -1 2 2 -1 -1 2 -1 
    -1 2 2 -1 -1 2 -1 -1 2 2 1 -2 1 1 -2 -2 1 -2 -2 1 -2 -2 1 1 
    -2 1 1 -2 -2 1 1 1 -2 1 1 -2 -2 1 -2 -2 1 1 -2 -2 1 -2 -2 1 
    1 -2 -1 2 -1 2 2 -1 -1 -1 -1 -1 2 2 -1 2 2 -1 -1 2 1 1 1 -2 
    -2 1 -2 1 2 2 -1 -1 2 -1 -1 2 2 -1 2 2 -1 2 2 -1 -1 2 -1 -1 
    -1 2 2 -1 -1 2 -1 -1 2 2 -1 2 2 -1 2 2 -1 -1 2 -1 -2 -2 1 1 
    -2 1 1 -2 -2 1 1 -2 1 1 -2 -2 1 -2 -2 1 1 -2 -2 1 1 -2 1 1 
    -2 -2 -1 2 -1 2 2 -1 -1 -1 -2 1 1 -2 -2 1 -2 -2 1 1 1 1 1 -2 
    -2 1 -2 1 2 -1 -1 2 2 -1 2 2 -1 -1 -2 1 1 -2 1 1 -2 -2 1 -2 
    -1 2 -1 -1 2 2 -1 2 2 -1 2 -1 2 2 -1 -1 2 -1 -1 2 1 -2 -2 1 
    -2 -2 1 1 2 -1 2 2 -1 -1 2 -1 -1 -1 2 -1 -1 2 2 -1 2 2 1 -2 
    1 1 -2 -2 1 -2 -2 1 -2 -2 1 -2 -2 1 1 -2 1 1 -2 1 1 -2 -2 1 
    1 -2 1 1 -2 1 1 -2 -2 1 -2 -1 -1 2 2 -1 -1 2 2 2 -1 2 2 -1 
    -1 2 -1 -1 -1 -1 2 -1 -1 2 2 -1 2 2 -1 2 2 -1 2 2 -1 -1 2 -1 
    -2 -2 1 -2 -2 1 1 -2 1 1 1 -2 1 1 -2 -2 1 -2 -2 1 1 1 -2 1 
    1 -2 -2 1 -2 -2 -2 1 1 -2 -2 1 1 2 -1 2 2 -1 -1 2 -1 -1 2 -1 
    -1 2 2 -1 -1 2 -1 2 -1 -1 2 2 1 -2 1 1 -2 -2 1 -2 -2 1 -2 -2 
    1 1 -2 1 2 2 -1 -1 2 -1 -1 2 2 -1 2 2 -1 2 2 -1 -1 2 -1 -2 
    1 1 -2 -2 1 -2 -2 1 1 1 -2 1 1 -2 -2 1 -2 -2 -1 2 2 -1 2 2 
    -1 -1 -2 1 1 -2 1 1 -2 -2 -1 2 -1 -1 2 2 -1 2 2 -1 2 2 -1 -1 
    2 -1 -2 -2 1 1 -2 1 1 -2 1 1 -2 -2 1 -2 -2 1 2 2 -1 2 2 -1 
    -1 2 -1 -1 -1 2 2 -1 2 2 -1 -1 2 1 -2 1 1 -2 -2 1 -2 -1 2 2 
    -1 -1 2 -1 -1 2 1 1 -2 1 1 -2 -2 1 -2 -2 -2 1 1 -2 1 1 -2 -2 
    1 2 -1 2 2 -1 -1 2 -1 -1 -1 2 2 -1 2 2 -1 -1 2 -1 -2 1 1 -2 
    -2 1 1 -2 1 -2 1 1 -2 -2 1 -2 -2 1 2 -1 -1 2 2 -1 -1 2 1 1 
    -2 1 1 -2 -2 1 -2 -1 2 2 -1 -1 2 -1 -1 2 2 2 -1 2 2 -1 -1 2 
    -1 -1 -2 1 1 -2 1 1 -2 -2 1 -2 -2 1 1 -2 -2 1 1 -2 -1 2 2 -1 
    2 2 -1 -1 2 -1 2 -1 -1 2 2 -1 -1 2 1 -2 1 1 -2 -2 1 -2 -2 1 
    -2 -2 1 1 -2 1 1 -2 -2 1 1 -2 -2 1 -2 -2 1 1 2 -1 -1 2 -1 -1 
    2 2 -1 2 -1 -1 2 2 -1 2 1 1 -2 -2 1 1 -2 1 -2 1 1 -2 -2 1 
    -2 -2 1 2 -1 -1 2 2 -1 -1 2 -1 2 2 -1 2 2 -1 -1 2 -1 -1 -1 -1 
    -1 2 2 -1 -1 -1 -2 -2 1 -2 -2 1 1 -2 -2 1 2 2 1 1 1 -2 -2 1 
    1 2 2 -1 -1 2 2 -1 -2 1 -2 -2 1 1 -2 1 1 -2 1 1 -2 1 1 -2 
    -2 1 -2 -2 1 -2 1 1 -2 -2 1 1 -2 -1 2 2 -1 2 2 -1 -1 2 -1 2 
    -1 -1 2 2 -1 -1 2 -1 2 -1 -1 2 -1 -1 2 2 -1 2 1 -2 -2 1 1 -2 
    -2 -1 -1 2 2 -1 -1 -1 -2 -2 -1 2 2 -1 -1 2 2 -1 2 2 1 1 1 -2 
    -2 1 1 2 -1 -1 2 2 1 -2 1 1 -2 -2 1 -2 -2 1 -2 -2 1 1 -2 1 
    2 2 -1 -1 2 -1 -2 -2 1 1 -2 1 -2 -2 1 1 -2 1 1 -2 -1 -1 2 2 
    -1 2 2 -1 -1 2 2 -1 -1 2 -1 -1 2 2 -1 2 2 -1 2 2 -1 -1 2 -1 
    -2 1 1 -2 -2 1 1 -2 1 -2 1 1 -2 -2 1 -2 -2 1 2 -1 -1 2 2 -1 
    -1 2 2 -1 2 2 -1 -1 2 -1 -1 2 1 1 -2 1 1 -2 -2 1 -2 -2 -2 1 
    1 -2 1 1 -2 -2 1 2 -1 2 2 -1 -1 2 -1 -1 -2 1 1 -2 -2 1 1 -2 
    -1 2 2 -1 2 2 -1 -1 2 -1 2 -1 -1 2 2 -1 -1 2 1 -2 1 1 -2 -2 
    1 -2 -2 1 1 1 -2 1 1 -2 -2 1 -2 -1 2 2 -1 -1 2 -1 -1 2 2 2 
    -1 2 2 -1 -1 2 -1 -1 -2 1 1 -2 1 1 -2 -2 1 -2 1 -2 -2 1 1 -2 
    1 1 -2 -2 -1 2 -1 -1 2 2 -1 2 2 -1 2 2 -1 -1 2 -1 -2 -2 1 1 
    -2 -1 -1 2 2 -1 -1 -1 -2 -2 1 -2 -2 1 1 -2 -2 1 2 2 1 1 1 -2 
    -2 1 1 2 2 -1 -1 2 2 -1 -2 1 -2 -2 1 1 -2 1 1 -2 1 -2 1 1 
    -2 -2 1 1 -2 1 -2 1 1 -2 -2 1 -2 -2 1 2 -1 -1 2 2 -1 -1 2 -1 
    2 2 -1 2 2 -1 -1 2 -1 -1 2 -1 -1 2 -1 -1 2 2 -1 2 1 -2 -2 1 
    1 -2 -2 -1 -1 2 2 -1 -1 -1 -2 -2 -1 2 2 -1 -1 2 2 -1 2 2 1 1 
    1 -2 -2 1 1 1 1 1 -2 1 1 -2 -2 1 -2 -2 1 -2 1 1 -2 -2 1 1 
    -2 -1 2 2 -1 2 2 -1 -1 2 -1 2 -1 -1 2 2 -1 -1 2 -1 
⊙> qc xtshxtsh
Building gate net (depth 10, SK recursion 3)...
  net: 4842 entries, 871 KB (heap 3699 of 49152 KB)
  single arm : error 2.341943e-4  length 1098
  split+fused: error 1.630518e-4  length 1678
  gain       : 1.4x
  unitary    : true
  word check : PASS (residual 8.40e-14)
  heap peak  : 3710 of 49152 KB
  braid word (1678 generators):
    2 1 1 1 -2 -2 -2 1 2 -1 -1 2 -1 -1 2 2 -1 -1 2 2 -1 2 2 -1 
    -1 -2 1 1 -2 1 1 -2 -2 1 -2 1 1 -2 -2 1 -2 -2 1 2 2 -1 2 2 
    -1 -1 2 -1 2 -1 -1 2 -1 -1 2 2 -1 2 1 -2 1 1 -2 -2 1 -2 -2 1 
    -2 1 -2 -2 1 1 -2 1 1 2 -1 -1 2 -1 -1 2 2 -1 -2 1 1 -2 1 1 
    -2 -2 1 -2 1 1 -2 1 1 -2 -2 1 -2 -1 2 2 -1 -1 2 -1 -1 2 2 2 
    -1 2 2 -1 -1 2 -1 -1 -1 2 2 -1 2 2 -1 -1 -2 1 1 -2 1 1 -2 -1 
    -1 2 -1 -1 2 2 -1 2 -1 2 2 -1 2 2 -1 -1 2 -1 -2 1 -2 -2 1 1 
    -2 1 1 -2 1 -2 1 1 -2 -2 1 -2 -2 1 1 -2 1 1 -2 -2 1 -2 -2 1 
    1 1 -2 1 1 -2 -2 1 -2 -2 -2 1 1 -2 1 1 -2 -2 1 2 -1 2 2 -1 
    -1 2 -1 -1 2 -1 2 2 -1 -1 2 -1 -1 2 2 -1 2 2 -1 -1 2 -1 -1 -2 
    1 1 -2 -2 1 1 -2 1 1 -2 1 1 -2 -2 1 -2 -1 -1 2 2 -1 -1 2 2 
    -1 -1 -1 2 2 -1 -1 -1 -2 -2 -1 2 2 -1 -1 2 -1 -1 2 2 2 2 1 1 
    1 -2 -2 1 1 1 -2 -2 1 1 -2 1 1 -2 -2 1 1 1 -2 1 1 -2 -2 1 
    -2 -2 -2 -2 1 1 -2 -2 1 1 2 -1 2 2 -1 -1 2 -1 -1 2 -1 -1 2 2 
    -1 -1 2 1 1 -2 1 1 -2 -2 1 2 -1 2 2 -1 -1 2 -1 -1 -1 2 2 -1 
    -1 2 -1 -1 2 2 -1 -1 -1 2 2 -1 -1 -1 -2 -2 -2 -2 1 1 -2 1 1 -2 
    -2 1 2 2 1 1 1 -2 -2 1 1 1 1 1 -2 -2 1 -2 -1 -1 2 2 -1 2 
    2 -1 -1 2 2 -1 2 2 -1 -1 -2 1 -2 -2 1 1 -2 1 1 -2 -1 2 -1 -1 
    2 2 -1 2 2 -1 -2 1 1 -2 1 1 -2 -2 1 -2 1 -2 -2 1 -2 -2 1 1 
    -2 1 2 -1 2 2 -1 -1 2 -1 -1 2 1 1 -2 -2 1 -2 -2 1 1 -2 -2 1 
    1 -2 -2 1 -2 -2 1 1 -2 1 -2 -2 1 1 -2 1 1 -2 -1 -1 2 2 -1 2 
    2 -1 -1 2 2 -1 -1 2 -1 -1 2 2 -1 2 -1 -1 2 -1 -1 2 2 -1 2 2 
    2 -1 -1 2 2 -1 2 2 -1 -1 -2 1 1 -2 1 1 -2 -2 1 -2 -1 2 -1 -1 
    2 2 -1 2 2 -1 2 -1 2 2 -1 -1 2 -1 -1 2 1 -2 -2 1 -2 -2 1 1 
    -2 1 -2 -2 1 -2 -2 1 1 -2 1 1 -2 1 -2 -2 1 1 -2 1 1 -2 -2 1 
    1 -2 -2 1 -2 -2 1 1 2 -1 -1 2 -1 -1 2 2 -1 2 -1 -1 2 2 -1 2 
    2 -1 -1 -2 1 -2 -2 1 1 -2 1 1 1 -2 -2 1 -2 -2 1 1 -2 -1 2 -1 
    -1 2 2 -1 2 2 -1 2 -1 -1 2 2 -1 2 2 -1 2 -1 -1 2 -1 -1 2 2 
    -1 2 1 1 -2 -2 1 -2 -2 1 1 -2 -2 1 -2 -2 1 1 2 -1 2 2 -1 -1 
    -1 -1 -1 2 2 -1 -1 -1 -2 -2 -1 2 2 -1 -1 2 -1 -1 2 2 2 2 1 1 
    1 -2 -2 1 1 1 -2 -2 1 1 -2 1 1 -2 -2 1 1 1 -2 1 1 -2 -2 1 
    -2 -1 2 2 -1 -1 2 -1 -1 -2 1 1 -2 -2 1 1 -2 1 1 -2 1 1 -2 -2 
    1 -2 -1 -1 2 2 -1 -1 2 2 2 2 -1 2 2 -1 -1 2 -1 -1 -1 2 2 -1 
    -1 2 -1 -1 2 2 -1 -1 -1 2 2 -1 -1 -1 -2 -2 -2 -2 1 1 -2 1 1 -2 
    -2 1 2 2 1 1 1 -2 -2 1 1 1 -2 -2 1 1 -2 -2 1 1 2 -1 2 2 
    -1 -1 2 -1 -1 2 -1 -1 2 2 -1 -1 2 1 1 -2 1 1 -2 -2 1 -2 1 -2 
    -2 1 -2 -2 1 1 -2 1 -2 -2 1 -2 -2 1 1 -2 1 2 -1 -1 2 2 -1 2 
    2 -1 -1 -1 2 -1 -1 2 2 -1 2 1 1 -2 -2 1 -2 -2 1 1 -2 1 -2 -2 
    1 1 -2 1 1 -2 -1 -1 2 2 -1 2 2 -1 -1 2 2 -1 -1 2 -1 -1 2 2 
    -1 2 -1 -1 2 -1 -1 2 2 -1 2 2 -1 2 -1 -1 2 2 -1 2 2 -1 -2 1 
    1 -2 1 1 -2 -2 1 -2 1 -2 -2 1 -2 -2 1 1 -2 1 2 -1 2 2 -1 -1 
    2 -1 -1 2 1 1 -2 -2 1 -2 -2 1 1 -2 -2 -2 1 -2 -2 1 1 -2 1 1 
    -2 1 -2 -2 1 1 -2 1 1 -2 -2 1 1 -2 -2 1 -2 -2 1 1 2 -1 -1 2 
    -1 -1 2 2 -1 2 -1 -1 2 2 -1 2 2 -1 -1 2 2 -1 -1 2 2 -1 2 2 
    -1 -1 -2 1 1 -2 1 1 -2 -2 1 -2 -1 2 -1 -1 2 2 -1 2 2 -1 2 -1 
    2 2 -1 -1 2 -1 -1 2 1 -2 -2 1 -2 -2 1 1 -2 1 2 -1 2 2 -1 -1 
    2 -1 -1 2 1 1 -2 1 1 -2 -2 1 -2 -2 -2 1 1 -2 1 1 -2 -2 1 2 
    -1 2 2 -1 -1 2 -1 -1 -1 2 2 -1 2 2 -1 -1 2 -1 -2 1 1 -2 -2 1 
    -2 -2 1 1 1 -2 1 1 -2 -2 1 -2 -2 -1 2 2 -1 2 2 -1 -1 2 1 1 
    -2 1 1 -2 -2 1 -2 -1 2 2 -1 -1 2 -1 -1 2 2 2 -1 2 2 -1 -1 2 
    -1 -1 -2 1 1 -2 1 1 -2 -2 1 -2 -2 1 1 -2 -2 1 -2 -2 1 2 2 -1 
    2 2 -1 -1 2 -1 -1 -1 2 2 -1 2 2 -1 -1 2 1 -2 1 1 -2 -2 1 -2 
    -2 1 1 -2 -2 1 1 -2 1 1 -2 -2 1 1 -2 1 1 -2 -2 -1 2 -1 -1 2 
    2 -1 2 2 -1 2 2 -1 -1 2 -1 -1 -1 2 2 -1 2 2 -1 -1 2 -1 2 -1 
    -1 2 -1 -1 2 2 -1 2 1 -2 1 1 -2 -2 1 -2 -2 1 -2 1 -2 -2 1 1 
    -2 1 1 -2 1 1 -2 1 1 -2 -2 1 -2 -2 1 -2 -2 1 1 -2 1 2 2 -1 
    -1 2 -1 -1 2 2 -1 -1 2 -1 -1 2 2 -1 2 -1 -1 2 -1 -1 2 2 -1 2 
    -1 2 2 -1 2 2 -1 -1 2 -1 -2 1 -2 -2 1 1 -2 1 1 -2 -2 1 1 -2 
    -2 1 -2 -2 1 1 1 -2 1 1 -2 -2 1 -2 -2 -1 2 2 -1 2 2 -1 -1 2 
    2 -1 2 2 -1 -1 2 -1 -1 2 1 1 -2 1 1 -2 -2 1 -2 -2 -2 1 1 -2 
    1 1 -2 -2 1 2 -1 2 2 -1 -1 2 -1 -1 -2 1 1 -2 -2 1 -2 -2 1 2 
    2 -1 2 2 -1 -1 2 -1 -1 -1 2 2 -1 2 2 -1 -1 2 1 -2 1 1 -2 -2 
    1 -2 -2 1 1 1 -2 1 1 -2 -2 1 -2 -1 2 2 -1 -1 2 -1 -1 2 2 2 
    -1 2 2 -1 -1 2 -1 -1 -2 1 1 -2 1 1 -2 -2 1 -2 -1 2 2 -1 2 2 
    -1 -1 2 -1 2 -1 -1 2 -1 -1 2 2 -1 2 1 -2 1 1 -2 -2 1 -2 -2 1 
    -2 1 -2 -2 1 1 -2 1 1 -2 1 -2 -2 1 1 -2 1 1 -2 -2 1 1 -2 1 
    1 -2 -2 -1 2 -1 -1 2 2 -1 2 2 -1 2 2 -1 -1 2 -1 -1 2 -1 -1 2 
    -1 -1 2 2 -1 2 -1 2 2 -1 2 2 -1 -1 2 -1 -2 1 -2 -2 1 1 -2 1 
    1 -2 1 -2 1 1 -2 -2 1 -2 -2 1 1 1 -2 1 1 -2 -2 1 -2 -2 1 -2 
    -2 1 1 -2 1 2 2 -1 -1 2 -1 -1 2 2 -1 -1 2 -1 -1 2 2 -1 
⊙> qc hstxxtsh
Building gate net (depth 10, SK recursion 3)...
  net: 4842 entries, 871 KB (heap 3699 of 49152 KB)
  single arm : error 9.693021e-4  length 963
  split+fused: error 1.192994e-4  length 2005
  gain       : 8.1x
  unitary    : true
  word check : PASS (residual 9.70e-14)
  heap peak  : 3710 of 49152 KB
  braid word (2005 generators):
    1 1 -2 -2 1 1 -2 -2 -2 1 1 -2 1 1 -2 -2 1 -2 -2 1 -2 -2 1 1 
    -2 -2 -1 -1 2 2 -1 2 2 -1 -1 2 2 2 -1 -1 2 2 -1 -1 2 2 -1 2 
    2 -1 -1 2 -1 -2 1 1 -2 -2 1 1 -2 1 -2 1 1 -2 -2 1 -2 -2 1 2 
    -1 -1 2 2 -1 -1 2 1 -2 -2 1 1 -2 -2 -2 1 1 -2 -2 1 -2 -2 1 1 
    2 2 -1 -1 2 2 -1 2 2 -1 2 2 -1 -1 2 -1 -1 -2 1 1 -2 -2 1 1 
    -2 -1 2 2 -1 2 2 -1 -1 2 -1 2 -1 -1 2 2 -1 -1 2 1 -2 1 1 -2 
    -2 1 -2 -2 1 1 1 -2 1 1 -2 -2 1 -2 -2 1 -2 -2 1 1 -2 -2 -1 -1 
    2 2 -1 2 2 -1 -1 2 -1 -2 -2 1 1 -2 1 1 -2 -2 1 1 2 2 -1 -1 
    2 2 -1 2 2 -1 -1 2 -1 -1 2 2 -1 -1 2 2 -1 -1 2 2 1 -2 1 1 
    -2 -2 1 -2 -2 1 -2 -2 1 1 -2 -2 1 2 2 -1 2 2 -1 -1 2 -1 -2 -2 
    1 1 -2 1 1 -2 -2 1 -2 -2 1 1 -2 -2 -1 -1 2 2 -1 -1 2 -1 -1 2 
    2 1 2 2 -1 -1 2 2 1 -2 1 1 -2 -2 1 -2 -2 -1 2 2 -1 -1 2 2 
    -1 2 2 -1 2 2 -1 -1 2 -1 -2 -2 1 2 2 -1 -1 2 -1 -2 1 1 -2 -2 
    1 -2 -2 1 1 1 -2 1 1 -2 -2 1 -2 -2 -1 2 2 -1 2 2 -1 -1 2 2 
    -1 2 2 -1 -1 2 -1 -1 2 1 1 -2 1 1 -2 -2 1 -2 -2 -2 1 1 -2 1 
    1 -2 -2 1 2 -1 2 2 -1 -1 2 -1 -1 -2 1 1 -2 -2 1 -2 -2 1 1 -2 
    1 -2 -2 1 1 -2 1 1 -2 -1 -1 2 2 -1 2 2 -1 -1 2 2 -1 -1 2 -1 
    -1 2 2 -1 2 1 1 -2 1 1 -2 -2 1 -2 -1 2 2 -1 -1 2 -1 -1 2 2 
    2 -1 2 2 -1 -1 2 -1 -1 -2 1 1 -2 1 1 -2 -2 1 -2 -2 1 -2 -2 1 
    1 -2 1 1 -2 -2 1 1 -2 -2 1 -2 -2 1 1 2 -1 -1 2 -1 -1 2 2 -1 
    2 -1 -1 2 2 -1 2 2 -1 -1 2 2 -1 2 2 -1 -1 2 -1 -1 2 1 1 -2 
    1 1 -2 -2 1 -2 -2 -2 1 1 -2 1 1 -2 -2 1 2 -1 2 2 -1 -1 2 -1 
    -1 -2 1 1 -2 -2 1 -2 -2 1 2 2 -1 2 2 -1 -1 2 -1 -1 -1 2 2 -1 
    2 2 -1 -1 2 1 -2 1 1 -2 -2 -1 2 2 1 -2 1 1 -2 -2 1 -2 -2 1 
    -2 -2 1 1 -2 -2 1 2 2 -1 2 2 -1 -1 2 -1 -2 -2 1 1 -2 -2 -1 -2 
    -2 1 1 -2 1 1 -2 -2 1 1 2 2 -1 -1 2 2 -1 2 2 -1 -1 2 -1 -1 
    2 2 1 -2 1 1 -2 -2 1 -2 -2 -1 2 2 -1 -1 2 2 -1 2 2 -1 2 2 
    -1 -1 2 -1 -2 -2 1 1 -2 -2 1 1 -2 -2 1 1 -2 1 1 -2 -2 1 -2 -2 
    1 1 -2 -2 -1 -1 2 2 -1 -1 2 -1 -1 2 2 1 2 2 -1 -1 2 2 1 -2 
    1 1 -2 -2 1 -2 -1 2 2 -1 -1 2 -1 -1 2 2 2 -1 2 2 -1 -1 2 -1 
    -1 -2 1 1 -2 1 1 -2 -2 1 -2 -2 1 1 -2 -2 1 -2 -2 1 1 -2 1 -2 
    -2 1 1 -2 1 1 -2 -1 -1 2 2 -1 2 2 -1 -1 2 2 -1 -1 2 -1 -1 2 
    2 -1 2 2 -1 2 2 -1 -1 2 -1 -1 2 1 1 -2 1 1 -2 -2 1 -2 -2 -2 
    1 1 -2 1 1 -2 -2 1 2 -1 2 2 -1 -1 2 -1 -1 -2 1 -2 -2 1 1 -2 
    1 1 -2 -2 1 1 -2 -2 1 -2 -2 1 1 2 -1 -1 2 -1 -1 2 2 -1 2 -1 
    -1 2 2 -1 2 2 -1 -1 2 1 1 -2 1 1 -2 -2 1 -2 -1 2 2 -1 -1 2 
    -1 -1 2 2 2 -1 2 2 -1 -1 2 -1 -1 -1 -1 2 2 -1 2 1 1 -2 -2 1 
    -2 -2 1 1 -2 -2 1 -2 -1 -1 2 2 -1 2 2 1 1 -2 -2 1 -2 -2 1 1 
    -2 -2 -2 1 -2 -2 1 1 -2 1 1 2 -1 -1 2 2 -1 2 2 -1 -1 -1 -1 2 
    2 -1 2 2 -1 -1 2 2 -1 2 2 -1 -1 -2 1 -2 -2 1 1 -2 1 1 -2 1 
    1 -2 -2 1 -2 1 1 -2 -2 1 -2 -2 1 1 -2 -1 -1 2 -1 -1 2 2 -1 2 
    2 2 -1 -1 2 2 -1 2 2 -1 -1 -2 -2 1 -2 -2 1 1 -2 1 1 -2 1 1 
    -2 -2 1 -2 -2 1 1 1 1 -2 1 1 -2 -2 1 -2 -2 -1 -1 2 2 -1 2 2 
    -1 -1 2 2 2 -1 2 2 -1 -1 -2 1 -2 -2 1 2 2 -1 -1 2 -1 -1 2 2 
    -1 -1 2 2 -1 2 2 -1 -1 -2 1 1 -2 1 1 -2 -2 1 -2 1 1 -2 1 1 
    -2 -2 1 -2 -2 -2 1 1 -2 -2 1 -2 -2 1 1 2 2 -1 2 2 -1 -1 2 -1 
    -1 -1 -1 2 2 -1 2 2 -1 -1 2 2 -1 2 2 -1 -1 2 -1 -1 2 1 1 -2 
    -2 1 -2 -2 1 1 -2 -2 1 1 -2 1 1 -2 -2 -1 2 2 -1 2 2 -1 -1 -1 
    -1 2 -1 -1 2 2 -1 2 2 1 1 -2 -2 1 -2 -2 1 1 -2 -2 -2 1 -2 -2 
    1 1 -2 1 1 2 -1 -1 2 2 -1 2 2 -1 -1 2 -1 2 2 -1 -1 2 -1 -1 
    2 -1 -1 2 2 -1 2 1 1 -2 -2 1 -2 -2 1 1 -2 -2 1 -2 -2 1 1 1 
    1 -2 -2 1 -2 -2 1 1 -2 -1 -1 2 -1 -1 2 2 -1 2 2 2 -1 -1 2 2 
    -1 2 2 -1 -1 -2 -2 1 -2 -2 1 1 2 -1 2 2 -1 -1 2 2 -1 2 2 -1 
    -1 -2 1 -2 -2 1 1 -2 1 1 -2 1 1 -2 -2 1 -2 1 1 -2 -2 1 -2 -2 
    1 2 2 -1 -1 2 -1 -1 2 2 -1 -1 2 2 -1 2 2 -1 -1 -2 1 1 -2 1 
    1 -2 -2 1 -2 -2 1 1 -2 -2 1 -2 -2 1 1 1 1 -2 1 1 -2 -2 1 -2 
    -2 -1 -1 2 2 -1 2 2 -1 -1 2 2 2 -1 2 2 -1 -1 2 -1 -1 2 -1 2 
    2 -1 -1 2 -1 -1 2 1 1 -2 -2 1 -2 -2 1 1 -2 -2 1 1 -2 1 1 -2 
    -2 -1 2 2 -1 2 1 1 -2 -2 1 -2 -2 -2 1 1 -2 -2 1 -2 -2 1 1 2 
    2 -1 2 2 -1 -1 2 -1 -1 -1 -1 2 2 -1 2 2 -1 -1 2 2 -1 2 2 -1 
    -1 2 -1 -1 2 -1 -1 2 2 -1 2 1 1 -2 -2 1 -2 -2 1 1 -2 -2 1 -2 
    -2 1 1 1 -2 -2 1 1 -2 1 1 -2 -2 1 1 -2 -2 1 -2 -2 1 1 2 -1 
    -1 2 -1 -1 2 2 -1 2 -1 -1 2 2 -1 2 2 -1 -1 -1 -1 2 2 -1 2 2 
    -1 -1 2 2 -1 2 2 -1 -1 -2 1 -2 -2 1 1 -2 1 1 -2 1 1 -2 -2 1 
    -2 1 1 -2 -2 1 -2 -2 1 1 -2 1 -2 -2 1 1 -2 1 1 -2 -1 -1 2 2 
    -1 2 2 -1 -1 2 2 -1 -1 2 -1 -1 2 2 -1 -2 1 1 -2 -2 1 -2 -2 1 
    1 1 1 -2 1 1 -2 -2 1 -2 -2 -1 -1 2 2 -1 2 2 -1 -1 2 2 2 -1 
    2 2 -1 -1 -2 1 -2 -2 1 2 2 -1 -1 2 -1 -1 2 2 -1 -1 2 2 -1 2 
    2 -1 -1 -2 1 1 -2 1 1 -2 -2 1 -2 1 1 -2 1 1 -2 -2 1 -2 -2 -2 
    1 1 -2 -2 1 -2 -2 1 1 2 2 -1 2 2 -1 -1 2 -1 -1 -1 -1 2 2 -1 
    2 2 -1 -1 2 2 -1 2 2 -1 -1 2 -1 -1 2 1 1 -2 -2 1 -2 -2 1 1 
    -2 -2 1 1 -2 1 1 -2 -2 -1 2 2 -1 2 2 -1 -2 -2 1 1 -2 1 1 -2 
    -2 1 1 -2 -2 1 -2 -2 1 1 2 -1 -1 2 -1 -1 2 2 -1 2 -1 -1 2 2 
    -1 2 2 -1 -1 2 -1 2 2 -1 -1 2 -1 -1 2 -1 -1 2 2 -1 2 1 1 -2 
    -2 1 -2 -2 1 1 -2 -2 1 -2 -2 1 1 1 1 -2 -2 1 -2 -2 1 1 -2 1 
    -2 -2 1 1 -2 1 1 -2 -1 -1 2 2 -1 2 2 -1 -1 2 2 -1 -1 2 -1 -1 
    2 2 -1 -1 -1 2 2 -1 2 2 -1 -1 2 2 -1 2 2 -1 -1 -2 1 -2 -2 1 
    1 -2 1 1 -2 1 1 -2 -2 1 -2 1 1 -2 -2 1 -2 -2 1 2 2 -1 -1 2 
    -1 -1 2 2 -1 -1 2 2 -1 2 2 -1 -1 -2 1 1 -2 1 1 -2 -2 1 -2 -2 
    1 1 -2 -2 1 -2 -2 1 1 1 1 -2 1 1 -2 -2 1 -2 -2 -1 -1 2 2 -1 
    2 2 -1 -1 2 2 2 -1 2 2 -1 -1 2 -1 -1 2 -1 2 2 -1 -1 2 -1 -1 
    2 1 1 -2 -2 1 -2 -2 1 1 -2 -2 1 1 -2 1 1 -2 -2 -1 2 2 -1 2 
    1 1 -2 -2 1 -2 -2 -2 1 1 -2 -2 1 -2 -2 1 1 2 2 -1 2 2 -1 -1 
    2 -1 -1 -1 -1 2 2 -1 2 2 -1 -1 2 
⊙> qc xhstxhstx
Building gate net (depth 10, SK recursion 3)...
  net: 4842 entries, 871 KB (heap 3699 of 49152 KB)
  single arm : error 5.688212e-4  length 1074
  split+fused: error 2.414215e-4  length 1822
  gain       : 2.4x
  unitary    : true
  word check : PASS (residual 9.00e-14)
  heap peak  : 3710 of 49152 KB
  braid word (1822 generators):
    1 2 2 -1 2 -1 2 2 -1 -2 -2 1 1 -2 -2 -2 -1 -1 -1 2 -1 -1 2 2 
    -1 2 2 1 2 2 2 -1 -1 2 2 2 1 -2 -2 1 -2 -2 1 2 2 -1 -1 -1 
    -2 1 -2 -2 1 1 -2 1 1 -2 1 1 1 -2 -2 1 -2 1 2 2 -1 -1 2 -1 
    -1 2 2 -1 -2 -2 1 1 -2 1 1 -2 -2 1 1 1 -2 -2 1 -2 -2 1 2 2 
    -1 -1 2 -1 -1 2 2 -1 -1 2 2 -1 2 2 -1 -1 -2 1 1 -2 1 1 -2 -2 
    1 -2 -1 2 -1 -1 2 2 -1 2 2 -1 -1 2 2 -1 -1 2 -1 -1 2 2 1 -2 
    -2 1 1 -2 1 1 -2 -2 -1 2 -1 2 2 -1 -1 -1 2 -1 -1 2 -1 -1 2 2 
    -1 2 1 1 1 -2 -2 1 -2 1 1 -2 -2 1 -2 -2 1 1 -2 1 2 -1 2 2 
    -1 -1 2 -1 -1 2 1 1 -2 -2 1 -2 -2 1 1 -2 -2 1 1 -2 1 1 -2 -2 
    -1 2 2 -1 2 2 -1 -1 -2 1 -2 -2 1 1 -2 1 1 2 -1 -1 2 2 -1 -1 
    2 -1 -1 2 -1 -1 2 2 -1 2 1 1 -2 -2 1 1 -2 -2 -1 2 -1 -1 2 2 
    -1 2 2 -1 -2 1 1 -2 -2 1 -2 -2 -2 -2 1 1 -2 1 1 -2 -2 1 2 2 
    -1 2 2 -1 -1 2 2 2 -1 -1 2 -1 -1 2 2 -1 2 -1 -1 2 2 -1 2 2 
    -1 -2 -2 1 -2 -2 1 1 -2 1 2 2 -1 -1 2 2 -1 -1 -2 1 -2 -2 1 1 
    -2 1 1 -2 1 1 -2 -2 1 1 -2 -1 -1 2 -1 -1 2 2 -1 2 1 1 -2 -2 
    1 -2 -2 1 1 -2 1 -2 -2 1 1 -2 1 1 -2 -2 -2 1 1 -2 -2 1 -2 -2 
    -1 2 2 -1 -1 2 -1 -1 2 2 2 2 -1 2 2 -1 -1 -2 1 1 -2 1 1 -2 
    -2 1 1 1 -2 1 1 -2 -2 1 -2 -2 -1 2 2 -1 -1 2 -1 -1 2 2 2 2 
    -1 2 2 -1 -1 2 -1 -1 2 2 -1 -1 2 -1 -1 2 2 1 -2 1 1 -2 -2 1 
    -2 -2 1 -2 -2 1 1 -2 1 2 2 -1 -1 2 -1 -1 2 -1 2 2 -1 -1 2 -1 
    -1 2 2 -1 2 2 -1 -1 2 -1 -1 2 -1 2 2 -1 -1 2 -1 -1 2 1 1 -2 
    1 1 -2 -2 1 -2 -2 -2 1 1 -2 1 1 -2 -2 1 1 1 -2 1 1 -2 -2 1 
    -2 -2 -2 1 1 -2 1 1 -2 -2 1 -2 1 1 -2 1 1 -2 -2 -1 2 -1 -1 2 
    2 -1 2 2 -1 2 2 -1 -1 2 -1 -2 -2 1 1 -2 1 2 2 -1 -1 2 -1 -1 
    -1 2 2 -1 -1 2 -1 -1 2 2 2 -1 2 2 -1 -1 2 -1 -1 -2 1 1 -2 1 
    1 -2 -2 1 -2 1 1 -2 1 1 -2 -2 1 -2 -1 2 2 -1 2 2 -1 -1 -2 1 
    1 -2 1 1 -2 -2 1 -2 1 1 -2 -2 1 -2 -2 1 2 2 -1 -1 2 -1 -1 2 
    2 1 -2 1 1 -2 -2 1 -2 -2 -2 -2 1 1 -2 1 1 -2 -2 1 2 2 -1 2 
    2 -1 -1 2 -1 -1 -1 2 2 -1 -1 2 -1 -1 2 1 1 -2 -2 1 -2 -2 -2 -2 
    1 1 -2 1 1 -2 -2 1 2 2 -1 2 2 -1 -1 2 2 2 -1 -1 2 -1 -1 2 
    2 -1 2 -1 -1 2 2 -1 2 2 -1 -1 -2 1 -2 -2 1 1 -2 1 1 2 -1 -1 
    2 2 -1 -1 2 -1 -1 2 -1 -1 2 2 -1 2 1 1 -2 -2 1 1 -2 -2 -1 2 
    -1 -1 2 2 -1 2 2 1 -2 -2 1 -2 -2 1 1 -2 1 -2 -2 1 1 -2 1 1 
    -2 -2 -2 1 1 -2 -2 1 -2 -2 -1 2 2 -1 -1 2 -1 -1 2 2 2 2 -1 2 
    2 -1 -1 2 1 -2 -2 1 -2 -2 1 1 -2 1 2 2 -1 -1 2 2 -1 -1 -2 1 
    -2 -2 1 1 -2 1 1 -2 1 1 -2 -2 1 1 -2 -1 -1 2 -1 -1 2 2 -1 2 
    1 -2 -2 1 1 -2 1 1 -2 -2 -1 2 2 -1 2 2 -1 -1 2 -1 2 2 -1 -1 
    2 -1 -1 2 1 1 -2 -2 1 -2 -2 1 2 -1 2 2 -1 -1 2 -1 -1 2 -1 2 
    2 -1 -1 2 -1 -1 2 1 1 -2 1 1 -2 -2 1 -2 -2 -2 1 1 -2 1 1 -2 
    -2 1 1 1 -2 1 1 -2 -2 -1 2 -1 -1 2 2 1 -2 1 1 -2 -2 1 -2 -2 
    1 -2 -2 1 1 -2 1 2 2 -1 -1 2 -1 -1 2 -1 2 2 -1 -1 2 -1 -1 2 
    2 2 -1 2 2 -1 -1 2 -1 -1 -1 2 2 -1 -1 2 -1 -1 2 2 2 -1 2 2 
    -1 -1 2 -1 -1 -2 1 1 -2 1 1 -2 -2 1 -2 1 1 -2 1 1 -2 -2 1 -2 
    -2 1 1 -2 1 1 -2 -2 1 -2 1 1 -2 1 1 -2 -2 -1 2 -1 -1 2 2 -1 
    2 2 -1 2 2 -1 -1 2 -1 -2 -2 1 1 -2 1 1 -2 -2 1 1 -2 -2 1 -2 
    -2 1 2 2 -1 -1 2 -1 -1 2 2 -1 -1 2 2 -1 2 2 -1 -1 -2 1 1 -2 
    1 1 -2 -2 1 -2 -2 1 1 -2 -2 1 -2 -2 1 2 2 -1 2 2 -1 -1 2 -1 
    -1 2 2 -1 -1 2 -1 -1 2 2 1 -2 1 1 -2 -2 1 -2 -2 1 -2 -2 1 1 
    -2 1 1 -2 -2 1 1 1 -2 1 1 -2 -2 1 -2 -2 -1 -1 2 2 -1 2 2 -1 
    -1 2 2 -1 2 2 -1 -1 2 -1 -1 2 1 1 -2 -2 1 -2 -2 1 1 -2 -2 1 
    1 -2 1 1 -2 -2 -1 2 2 -1 2 2 -1 -1 2 2 -1 2 2 -1 -1 2 -1 -1 
    -1 2 2 -1 -1 2 -1 -1 2 2 -1 2 2 -1 2 2 -1 -1 2 -1 -2 -2 1 1 
    -2 1 1 -2 -2 1 1 -2 1 1 -2 -2 1 -2 -1 -1 2 2 -1 2 2 -1 -2 -2 
    1 1 -2 1 1 -2 -2 1 1 -2 -2 1 -2 -2 1 1 2 -1 -1 2 -1 -1 2 2 
    1 -2 -2 1 1 -2 1 1 -2 -2 -1 2 2 -1 -1 2 -1 -1 2 2 2 2 -1 -1 
    2 -1 -1 2 2 -1 -2 -2 1 1 -2 1 2 2 -1 -1 2 -1 2 -1 -1 2 -1 -1 
    2 2 -1 2 1 -2 1 1 -2 -2 1 -2 -2 1 -2 1 -2 -2 1 1 -2 1 1 -2 
    -1 2 2 -1 -1 2 -1 -1 2 2 1 -2 -2 1 1 -2 1 1 -2 -2 -2 -2 1 1 
    -2 1 1 -2 -2 1 2 2 -1 -1 2 -1 -1 2 2 -1 2 -1 -1 2 -1 -1 2 2 
    -1 2 -1 2 2 -1 2 2 -1 -1 2 -1 -2 1 -2 -2 1 1 -2 1 1 -2 1 -2 
    1 1 -2 -2 1 -2 -2 1 -2 -2 1 1 -2 1 1 -2 -1 -1 2 2 -1 2 2 -1 
    -1 2 2 -1 -1 2 -1 -1 2 2 1 -2 -2 1 -2 -2 1 1 2 -1 2 2 -1 -1 
    2 -1 -1 2 2 -1 -1 2 -1 -1 2 2 1 -2 1 1 -2 -2 1 -2 -2 1 -2 -2 
    1 1 -2 1 1 -2 -2 1 1 1 -2 1 1 -2 -2 1 -2 -2 1 1 -2 -2 1 -2 
    -2 1 2 2 -1 -1 2 -1 -1 2 2 -1 -1 2 2 -1 2 2 -1 -1 -2 1 1 -2 
    1 1 -2 -2 1 -2 -2 1 1 -2 -2 1 -2 -2 1 1 2 2 -1 2 2 -1 -1 2 
    -1 -1 -1 2 2 -1 -1 2 -1 -1 2 2 -1 2 2 -1 2 2 -1 -1 2 -1 -2 -2 
    1 1 -2 1 1 -2 -2 1 1 -2 1 1 -2 -2 1 -2 -2 -1 2 2 -1 2 2 -1 
    -1 2 2 -1 2 2 -1 -1 2 -1 -1 2 1 1 -2 -2 1 -2 -2 1 1 -2 -2 1 
    1 -2 1 1 -2 -2 -1 2 2 -1 2 2 -1 -1 -1 2 2 -1 2 2 -1 -1 2 -1 
    2 -1 -1 2 -1 -1 2 2 -1 2 1 -2 1 1 -2 -2 1 -2 -2 1 -2 1 -2 -2 
    1 1 -2 1 1 -2 1 -2 -2 1 1 -2 1 1 -2 -2 -1 2 2 -1 -1 2 -1 -1 
    2 2 2 2 -1 -1 2 -1 -1 2 2 -1 -2 -2 1 1 -2 1 1 -2 -2 1 2 -1 
    -1 2 -1 -1 2 2 -1 2 -1 2 2 -1 2 2 -1 -1 2 -1 -2 1 -2 -2 1 1 
    -2 1 1 -2 1 -2 1 1 -2 -2 -1 2 -1 -1 2 2 1 -2 -2 1 1 -2 1 1 
    -2 -2 -2 -2 1 1 -2 1 1 -2 -2 1 2 2 -1 -1 2 -1 -1 2 2 -1 
⊙> qc hxhxhxhx
Building gate net (depth 10, SK recursion 3)...
  net: 4842 entries, 871 KB (heap 3699 of 49152 KB)
  single arm : error 2.355139e-16  length 0
  split+fused: error 2.355139e-16  length 0
  gain       : 1.0x
  unitary    : true
  word check : PASS (residual 0.00e0)
  heap peak  : 3699 of 49152 KB
  braid word (0 generators):
⊙> qc stststst
Building gate net (depth 10, SK recursion 3)...
  net: 4842 entries, 871 KB (heap 3699 of 49152 KB)
  single arm : error 4.375356e-16  length 5
  split+fused: error 4.375356e-16  length 5
  gain       : 1.0x
  unitary    : true
  word check : PASS (residual 8.67e-16)
  heap peak  : 3699 of 49152 KB
  braid word (5 generators):
    1 1 1 1 1 
⊙> qc xxhhssttxx
Building gate net (depth 10, SK recursion 3)...
  net: 4842 entries, 871 KB (heap 3699 of 49152 KB)
  single arm : error 7.040036e-4  length 1036
  split+fused: error 2.015222e-4  length 2324
  gain       : 3.5x
  unitary    : true
  word check : PASS (residual 1.19e-13)
  heap peak  : 3712 of 49152 KB
  braid word (2324 generators):
    -2 -2 1 -2 -2 -2 1 -2 -2 1 1 1 -2 1 1 -2 -2 1 -2 -1 2 2 -1 -1 
    2 -1 -1 2 2 2 -1 2 2 -1 -1 2 -1 -1 -2 1 1 -2 1 1 -2 -2 1 -2 
    1 -2 -2 1 1 -2 -2 1 1 1 -2 1 1 -2 -2 1 -2 -2 -1 2 2 -1 -1 2 
    2 -1 2 2 -1 2 2 -1 -1 2 -1 -1 -1 -1 2 -1 -1 2 2 -1 2 2 2 -1 
    -1 2 2 -1 -1 2 2 2 -1 -1 2 2 -1 -1 -2 1 1 -2 -2 1 1 -2 1 1 
    -2 -2 1 1 -2 -2 -2 -2 1 -2 -2 1 1 -2 1 1 1 1 -2 1 1 -2 -2 1 
    -2 -2 1 -2 -2 1 1 -2 -2 1 2 2 -1 2 2 -1 -1 2 -1 -1 -1 2 2 -1 
    -1 2 2 -1 2 2 -1 -1 2 2 -1 -1 2 -1 -1 2 2 -1 -1 2 1 1 -2 -2 
    1 1 -2 -2 -2 1 1 -2 -2 1 1 -2 -2 -2 1 -2 -2 1 1 -2 1 1 -2 1 
    -2 1 1 -2 -2 -2 -1 -1 -1 2 -1 -1 2 2 -1 2 2 1 2 2 2 -1 -1 2 
    -1 2 1 1 -2 1 1 -2 -2 1 -2 -2 -1 2 2 -1 2 2 -1 -1 2 -1 2 2 
    -1 2 2 -1 -1 2 -1 -1 -1 2 2 -1 -1 2 -1 -1 2 2 1 -2 1 1 -2 -2 
    1 -2 -2 1 -2 1 -2 1 1 -2 -2 -2 -1 -2 -2 1 -2 -2 1 1 -2 1 1 1 
    2 2 2 -1 -1 2 -1 2 -1 -1 2 -1 -1 2 2 1 -2 1 1 -2 -2 1 1 1 
    -2 1 1 -2 -2 1 -2 -2 1 -2 1 1 -2 -2 1 -2 -2 1 2 2 -1 2 2 -1 
    -1 2 -1 -1 -1 2 2 -1 2 2 -1 -1 2 -1 -1 2 2 -1 2 2 -1 -1 2 -1 
    2 -1 -1 2 -1 -1 2 2 -1 2 1 -2 1 1 -2 -2 1 -2 -2 1 -2 1 -2 -2 
    1 1 -2 1 1 -2 1 1 -2 -2 1 -2 -2 1 1 -2 -2 1 1 -2 -2 1 -2 -2 
    -1 2 -1 -1 2 2 -1 2 2 -1 2 2 -1 2 2 -1 -1 2 2 2 -1 -1 2 -1 
    -1 2 2 -1 2 -1 2 2 -1 -1 2 -1 -1 2 -1 2 2 -1 -1 2 -1 -1 2 1 
    1 -2 1 1 -2 -2 1 -2 -2 -2 1 1 -2 1 1 -2 -2 1 1 1 -2 1 1 -2 
    -2 1 -2 -2 1 -2 -2 1 1 -2 1 1 -2 -2 -2 1 1 -2 -2 1 -2 -2 1 -2 
    -2 1 -2 -2 1 1 -2 1 2 2 -1 2 2 -1 -1 2 2 -1 -1 2 2 -1 2 2 
    -1 -1 2 2 -1 2 2 -1 -1 2 -1 -1 -1 2 2 -1 -1 2 -1 -1 2 2 2 -1 
    2 2 -1 -1 2 -1 -1 -2 1 1 -2 1 1 -2 -2 1 1 1 -2 1 1 -2 -2 1 
    -2 -2 -2 1 1 -2 1 1 -2 -2 1 2 -1 2 2 -1 -1 2 -1 -1 2 -1 -1 2 
    -1 -1 2 2 -1 2 -1 2 2 -1 2 2 -1 -1 2 -1 -2 1 -2 -2 1 1 -2 1 
    1 -2 1 -2 1 1 -2 -2 1 -2 -2 1 1 -2 1 1 -2 -2 1 -2 -2 1 1 1 
    -2 1 1 -2 -2 1 -2 -2 -1 2 2 -1 2 2 -1 -1 2 -1 2 2 -1 2 2 -1 
    -1 2 -1 -1 -1 2 2 -1 -1 2 -1 -2 -2 1 1 -2 1 1 -2 1 -2 1 1 -2 
    -2 -2 -1 -1 -1 2 -1 -1 2 2 -1 2 2 1 2 2 2 -1 -1 2 -1 2 -1 2 
    2 -1 2 2 -1 -1 2 -1 -2 -2 1 1 -2 1 1 -2 -2 1 1 1 -2 1 1 -2 
    -2 1 -2 -2 1 -2 1 1 -2 -2 1 -2 -2 1 2 2 -1 2 2 -1 -1 2 -1 -1 
    -2 1 -2 1 1 -2 -2 -2 -1 -2 -2 1 -2 -2 1 1 -2 1 1 1 2 2 2 -1 
    -1 2 -1 2 -1 -1 2 -1 -1 2 2 -1 2 2 1 1 -2 1 1 -2 -2 1 -2 -1 
    2 2 -1 -1 2 -1 -1 2 2 2 -1 2 2 -1 -1 2 -1 -1 -1 2 2 -1 -1 2 
    -1 -1 2 1 1 -2 1 1 -2 -2 1 -2 -2 -2 1 1 -2 1 1 -2 -2 1 1 1 
    -2 1 1 -2 -2 1 -2 -2 1 1 -2 -2 1 -2 -2 1 1 -2 -2 1 1 -2 -2 1 
    -2 -2 -1 2 -1 -1 2 2 -1 2 2 -1 2 2 -1 2 2 -1 -1 2 2 2 -1 -1 
    2 -1 -1 2 2 -1 2 2 -1 2 2 -1 -1 2 -1 -1 -1 2 2 -1 -1 2 -1 -1 
    2 2 2 -1 2 2 -1 -1 2 -1 -1 -2 1 1 -2 1 1 -2 -2 1 -2 1 1 -2 
    1 1 -2 -2 1 -2 1 -2 -2 1 1 -2 1 1 -2 -2 -2 1 1 -2 -2 1 -2 -2 
    1 -2 -2 1 -2 -2 1 1 -2 1 2 2 -1 2 2 -1 -1 2 2 -1 -1 2 2 -1 
    2 2 -1 -2 1 1 -2 -2 1 1 -2 -1 -2 -2 1 1 -2 -2 1 1 1 2 -1 -1 
    2 2 -1 -1 2 -1 -1 -1 2 2 -1 -1 2 1 1 -2 -2 1 -2 -2 1 1 -2 1 
    -2 -2 1 1 -2 1 1 -2 -1 -1 2 2 -1 2 2 -1 -1 2 2 -1 -1 2 -1 -1 
    2 2 -1 2 -1 -1 2 -1 -1 2 2 1 -2 -2 1 1 1 -2 1 1 -2 -2 1 1 
    -2 -1 -1 -1 2 2 -1 -1 2 2 1 2 -1 -1 2 2 -1 -1 2 -1 -2 -2 1 -2 
    -2 1 1 -2 1 1 -2 1 -2 -2 1 1 -2 1 1 -2 -2 1 1 -2 -2 1 -2 -2 
    1 1 2 -1 -1 2 -1 -1 2 2 -1 2 -1 -1 2 2 -1 2 2 -1 -1 2 -1 2 
    2 -1 2 2 -1 -1 2 -1 2 -1 -1 2 -1 -1 2 2 -1 2 1 -2 1 1 -2 -2 
    1 -2 -2 1 -2 1 -2 -2 1 1 -2 1 1 -2 -1 2 2 -1 -1 2 -1 -1 2 1 
    1 -2 1 1 -2 -2 1 -2 -2 -2 1 1 -2 1 1 -2 -2 1 1 1 -2 1 1 -2 
    -2 1 -2 -1 2 2 -1 -1 2 -1 -1 2 2 -1 -1 2 -1 -1 2 2 -1 2 -1 2 
    2 -1 2 2 -1 -1 2 -1 -2 1 -2 -2 1 1 -2 1 1 -2 1 -2 1 1 -2 -2 
    1 -2 -2 1 2 2 -1 2 2 -1 -1 2 -1 -1 -1 2 2 -1 -1 2 -1 -1 2 2 
    2 -1 2 2 -1 -1 2 -1 -1 -2 1 1 -2 1 1 -2 -2 1 1 1 -2 1 1 -2 
    -2 1 -2 -2 -2 1 1 -2 1 1 -2 -2 1 2 -1 2 2 -1 -1 2 -1 -1 -2 1 
    1 -2 -2 1 -2 -2 1 1 -2 1 -2 -2 1 1 -2 1 1 -2 -1 -1 2 2 -1 2 
    2 -1 -1 2 2 -1 -1 2 -1 -1 2 2 -1 2 -1 -1 2 -1 -1 2 2 -1 2 2 
    1 -2 1 1 -2 -2 1 1 -2 -1 -2 -2 1 1 -2 -2 1 1 1 2 -1 -1 2 2 
    -1 -1 2 -1 -1 -1 2 2 -1 -2 -2 1 1 -2 1 1 -2 1 -2 -2 1 1 -2 1 
    1 -2 -2 1 1 -2 -2 1 -2 -2 1 1 2 -1 -1 2 -1 -1 2 2 -1 2 -1 -1 
    2 2 -1 2 2 -1 -1 -2 1 1 -2 -2 1 1 1 -2 1 1 -2 -2 1 1 -2 -1 
    -1 -1 2 2 -1 -1 2 2 1 2 -1 -1 2 2 -1 -1 2 1 -2 1 1 -2 -2 1 
    -2 -1 2 2 -1 -1 2 -1 -1 2 2 2 -1 2 2 -1 -1 2 -1 -1 -1 2 2 -1 
    -1 2 -1 -1 2 1 1 -2 1 1 -2 -2 1 -2 -2 -2 1 1 -2 1 1 -2 -2 1 
    1 1 -2 1 1 -2 -2 1 -2 -2 -1 2 2 -1 2 2 -1 -1 2 -1 2 -1 -1 2 
    -1 -1 2 2 -1 2 1 -2 1 1 -2 -2 1 -2 -2 1 -2 1 -2 -2 1 1 -2 1 
    1 -2 -2 1 1 -2 1 1 -2 -2 1 2 -1 2 2 -1 -1 2 -1 -1 -1 2 2 -1 
    -1 2 -1 -1 2 2 2 -1 2 2 -1 -1 2 -1 -1 -2 1 1 -2 1 1 -2 -2 1 
    2 -1 -1 2 -1 -1 2 2 -1 2 -1 2 2 -1 2 2 -1 -1 2 -1 -2 1 -2 -2 
    1 1 -2 1 1 -2 1 -2 1 1 -2 -2 1 -2 -2 1 1 -2 1 1 -2 -2 1 -2 
    -2 1 1 1 -2 1 1 -2 -2 1 -2 -2 -1 2 2 -1 2 2 -1 -1 2 -1 2 2 
    -1 2 2 -1 -1 2 -1 -1 -1 2 2 -1 2 2 -1 -1 2 -1 -2 1 1 -2 -2 1 
    1 -2 1 -2 1 1 -2 -2 1 -2 -2 1 2 -1 -1 2 2 -1 -1 2 1 1 -2 1 
    1 -2 -2 1 -2 -2 1 -2 1 1 -2 -2 1 -2 -2 1 2 2 -1 2 2 -1 -1 2 
    -1 -1 -1 2 2 -1 2 2 -1 -1 2 -1 -2 1 1 -2 -2 1 1 -2 -1 2 2 -1 
    2 2 -1 -1 2 -1 2 -1 -1 2 2 -1 -1 2 1 -2 1 1 -2 -2 1 -2 -2 1 
    2 -1 2 2 -1 -1 2 -1 -1 2 1 1 -2 1 1 -2 -2 1 -2 -2 -2 1 1 -2 
    1 1 -2 -2 1 2 -1 2 2 -1 -1 2 -1 -1 -1 2 2 -1 2 2 -1 -1 2 -1 
    -1 -1 2 2 -1 -1 2 2 1 -2 1 1 -2 -2 1 -2 -2 1 -2 -2 1 1 -2 -2 
    1 1 1 1 -2 1 1 -2 -2 1 -2 -1 2 2 -1 -1 2 -1 -1 2 2 2 -1 2 
    2 -1 -1 2 -1 -1 -2 1 1 -2 1 1 -2 -2 1 -2 -1 -1 2 2 -1 -1 2 2 
    -1 2 2 -1 2 2 -1 -1 2 -1 -2 -2 1 1 -2 -2 1 1 -2 1 1 -2 -2 1 
    1 -2 1 -2 1 1 -2 -2 1 -2 -2 1 2 -1 -1 2 2 -1 -1 2 1 -2 1 1 
    -2 -2 1 -2 -2 1 1 1 -2 1 1 -2 -2 1 -2 -2 -1 2 2 -1 2 2 -1 -1 
    2 -1 2 2 -1 2 2 -1 -1 2 -1 -1 -2 1 1 -2 -2 1 1 -2 -1 2 2 -1 
    2 2 -1 -1 2 -1 2 -1 -1 2 2 -1 -1 2 1 -2 1 1 -2 -2 1 -2 -2 1 
    1 1 -2 1 1 -2 -2 1 -2 -2 1 -2 1 1 -2 -2 1 -2 -2 1 2 2 -1 2 
    2 -1 -1 2 -1 -1 -1 2 2 -1 2 2 -1 -1 2 -1 -1 2 2 -1 2 2 -1 -1 
    2 -1 -1 -1 2 2 -1 -1 2 2 1 -2 1 1 -2 -2 1 -2 -2 1 -2 -2 1 1 
    -2 -2 1 1 2 -1 2 2 -1 -1 2 -1 -1 2 1 1 -2 1 1 -2 -2 1 -2 -2 
    -2 1 1 -2 1 1 -2 -2 1 2 -1 2 2 -1 -1 2 -1 -1 -1 -1 2 2 -1 -1 
    2 2 -1 2 2 -1 2 2 -1 -1 2 -1 -2 -2 1 1 -2 -2 1 1 1 -2 1 1 
    -2 -2 1 -2 -2 1 1 1 -2 1 1 -2 -2 1 -2 -1 2 2 -1 -1 2 -1 -1 2 
    2 2 -1 2 2 -1 -1 2 -1 -1 -2 1 1 -2 1 1 -2 -2 1 -2 
⊙> qc hxsthxsthxst
Building gate net (depth 10, SK recursion 3)...
  net: 4842 entries, 871 KB (heap 3699 of 49152 KB)
  single arm : error 5.615253e-4  length 970
  split+fused: error 4.535304e-4  length 1710
  gain       : 1.2x
  unitary    : true
  word check : PASS (residual 9.03e-14)
  heap peak  : 3709 of 49152 KB
  braid word (1710 generators):
    -2 -2 -2 1 -2 -2 1 -2 -2 1 2 2 -1 2 2 -1 -1 2 -1 -1 -1 2 2 -1 
    2 2 -1 -1 2 1 -2 1 1 -2 -2 1 -2 -2 1 -2 1 1 -2 -2 1 -2 -2 1 
    1 -2 -2 1 1 -2 -2 -1 -1 -2 1 1 -2 -2 1 1 -2 1 1 2 2 -1 -1 2 
    2 -1 2 -1 -1 2 2 -1 -1 -2 1 1 -2 1 1 -2 -2 1 1 1 -2 -2 1 -2 
    -2 1 2 2 -1 -1 2 -1 -1 2 2 -1 -1 2 2 -1 2 2 -1 -1 -2 1 1 -2 
    1 1 -2 -2 1 -2 -1 2 -1 -1 2 2 -1 2 2 -1 -1 2 2 -1 -1 2 -1 -1 
    2 1 1 -2 -2 1 1 -2 1 -2 -2 1 1 -2 -2 -1 -1 2 -1 -1 2 2 -1 -1 
    2 1 1 2 2 -1 -2 -2 1 1 -2 1 2 -1 2 2 -1 -1 2 -1 -1 2 1 1 
    -2 -2 1 -2 -2 1 1 -2 -2 1 1 -2 1 1 -2 -2 -1 2 2 -1 2 2 -1 -1 
    -2 1 1 -2 -2 1 -2 -2 1 1 -2 1 -2 -2 1 1 -2 1 1 -2 -1 -1 2 2 
    -1 2 2 -1 -1 2 2 -1 -1 2 -1 -1 2 2 -1 2 -1 2 2 -1 -1 2 -1 -1 
    2 2 2 -1 2 2 -1 -1 2 -1 -1 -2 1 1 -2 1 1 -2 -2 1 -2 1 1 -2 
    1 1 -2 -2 1 -2 -2 1 -2 -2 1 1 -2 1 1 -2 -2 1 1 -2 -2 1 -2 -2 
    1 1 2 -1 -1 2 -1 -1 2 2 -1 2 -1 -1 2 2 -1 2 2 -1 -1 2 2 -1 
    2 2 -1 -1 2 -1 -1 2 -1 2 2 -1 -1 2 -1 -1 2 1 1 -2 1 1 -2 -2 
    1 -2 -2 -2 1 1 -2 1 2 2 -1 -1 2 -1 2 2 -1 -1 2 -1 -1 2 1 1 
    -2 -2 1 -2 -2 1 1 -2 -2 1 1 -2 1 1 -2 -1 2 2 -1 -1 2 -1 -1 2 
    1 1 -2 1 1 -2 -2 1 -2 -2 -2 1 1 -2 1 1 -2 -2 1 2 -1 2 2 -1 
    -1 2 -1 -1 -1 -1 2 -1 -1 2 2 -1 2 2 -1 2 -1 -1 2 2 -1 2 2 -1 
    -2 -2 1 -2 -2 1 1 -2 1 1 1 -2 -2 1 -2 -2 1 1 -2 1 1 1 -2 1 
    1 -2 -2 1 -2 -1 2 2 -1 -1 2 -1 -1 2 2 2 -1 2 2 -1 -1 2 -1 -1 
    -2 1 1 -2 1 1 -2 -2 1 -2 -1 2 -1 -1 2 2 -1 2 2 -1 -1 -1 2 -1 
    -1 2 2 -1 2 2 1 -2 -2 1 -2 -2 1 1 -2 1 -2 -2 1 -2 -2 1 1 -2 
    1 1 2 -1 2 2 -1 -1 2 -1 -1 2 1 1 -2 1 1 -2 -2 1 -2 -2 -2 1 
    1 -2 1 1 -2 -2 1 2 -1 2 2 -1 -1 2 -1 -1 2 2 -1 -1 2 -1 -1 2 
    2 -1 -1 2 2 -1 2 2 -1 -1 -2 1 1 -2 1 1 -2 -2 1 -2 1 1 -2 -2 
    -1 2 -1 -1 2 2 2 -1 2 2 -1 -1 2 -1 -1 -2 1 1 -2 1 1 -2 -2 1 
    -2 1 1 -2 1 1 -2 -2 1 -2 -2 1 1 -2 -2 1 -2 -2 1 1 -2 1 -2 -2 
    1 1 -2 1 1 -2 -1 -1 2 2 -1 2 2 -1 -1 2 2 -1 -1 2 -1 -1 2 2 
    -1 2 2 -1 2 2 -1 -1 2 -1 -1 2 -1 2 2 -1 -1 2 -1 -1 2 1 1 -2 
    1 1 -2 -2 1 -2 -2 -2 1 1 -2 1 1 -2 -2 1 -2 1 -2 -2 1 1 -2 1 
    1 -2 -2 1 1 -2 -2 1 -2 -2 1 1 2 -1 -1 2 -1 -1 2 2 -1 2 -1 -1 
    2 2 -1 2 2 -1 -1 2 1 1 -2 1 1 -2 -2 1 -2 -1 2 2 -1 -1 2 -1 
    -1 2 2 2 -1 2 2 -1 -1 2 -1 -1 -2 1 1 -2 1 1 -2 -2 1 -2 -1 -1 
    2 -1 -1 2 2 -1 2 2 -1 2 -1 -1 2 2 -1 2 2 -1 -2 -2 1 -2 -2 1 
    1 -2 1 1 1 -2 -2 1 -2 -2 1 1 -2 1 2 -1 2 2 -1 -1 2 -1 -1 2 
    1 1 -2 1 1 -2 -2 1 -2 -2 -2 1 1 -2 1 1 -2 -2 1 2 -1 2 2 -1 
    -1 2 -1 -1 -1 2 -1 -1 2 2 -1 2 2 -1 -1 -1 2 -1 -1 2 2 -1 2 2 
    1 -2 -2 1 -2 -2 1 1 -2 1 -2 -2 1 -2 -2 1 1 -2 1 1 1 1 -2 1 
    1 -2 -2 1 -2 -1 2 2 -1 -1 2 -1 -1 2 2 2 -1 2 2 -1 -1 2 -1 -1 
    -2 1 1 -2 1 1 -2 -2 1 -2 -2 1 -2 -2 1 1 -2 1 1 -2 -1 -1 2 -1 
    -1 2 2 -1 2 2 2 -1 -1 2 -1 -1 2 2 -1 -2 1 -2 -2 1 1 -2 1 1 
    1 -2 -2 1 1 -2 -2 1 2 2 -1 -1 2 -1 -1 2 2 -1 -2 1 -2 -2 1 1 
    -2 1 1 -2 1 -2 -2 1 1 -2 1 1 -2 -1 -1 2 -1 -1 2 2 -1 2 -1 -1 
    2 -1 -1 2 2 -1 2 2 -1 2 2 -1 -1 2 2 -1 -1 -1 2 -1 -1 2 2 -1 
    2 1 -2 -2 1 1 -2 1 1 -2 -2 -2 1 -2 -2 1 1 -2 1 1 2 -1 -1 2 
    -1 -1 2 2 -1 -2 1 -2 -2 1 1 -2 1 1 -2 1 -2 -2 1 1 -2 1 1 2 
    -1 -1 2 -1 -1 2 2 -1 2 -1 -1 2 -1 -1 2 2 -1 2 1 -2 -2 1 1 -2 
    1 1 -2 -2 -1 2 2 -1 2 2 -1 -1 2 -1 2 2 -1 -1 2 -1 -1 2 1 1 
    -2 -2 1 -2 -2 1 1 -2 -2 1 1 -2 1 1 -2 -2 -1 2 -1 -2 -2 1 1 -2 
    -2 1 -2 -2 1 1 2 1 -2 1 2 -1 -1 2 2 -1 2 2 -1 -1 -1 2 2 -1 
    2 2 -1 -1 2 -1 2 -1 -1 2 2 -1 -1 2 1 -2 1 1 -2 -2 1 -2 -2 1 
    -2 1 1 -2 -2 1 1 -2 1 1 -2 1 1 -2 -2 1 -2 -2 1 1 -2 -2 1 -2 
    -2 1 1 -2 -1 2 -1 -2 -1 -1 2 2 -1 2 2 -1 -1 2 2 1 -2 1 2 2 
    -1 2 2 -1 -1 2 -1 -1 2 -1 -1 2 2 -1 -1 2 -1 2 2 -1 2 2 -1 -1 
    2 -1 -2 1 1 -2 -2 1 1 -2 1 -2 1 1 -2 -2 1 -2 -2 1 2 2 -1 -1 
    2 -1 -1 2 2 -1 -1 2 2 -1 2 2 -1 -1 -2 1 1 -2 1 1 -2 -2 1 -2 
    1 1 -2 -2 1 -2 -2 1 2 2 -1 -1 2 -1 -1 2 2 -1 -2 1 -2 -2 1 1 
    -2 1 1 -2 1 -2 -2 1 1 -2 1 1 -2 -1 -1 2 -1 -1 2 2 -1 2 -1 -1 
    2 -1 -1 2 2 -1 2 1 -2 -2 1 1 -2 1 1 -2 -1 -1 2 -1 -1 2 2 -1 
    2 2 2 -1 -1 2 -1 -1 2 2 -1 -2 1 -2 -2 1 1 -2 1 1 1 -2 -2 1 
    1 -2 -2 1 -2 -2 1 -2 -2 1 1 -2 1 1 -2 1 -2 -2 1 1 -2 1 1 2 
    -1 -1 2 -1 -1 2 2 -1 2 -1 -1 2 -1 -1 2 2 -1 2 1 -2 -2 1 1 -2 
    1 1 -2 -2 -1 2 2 -1 -1 2 2 -1 -1 -1 2 -1 -1 2 2 -1 2 1 -2 -2 
    1 1 -2 1 1 -2 -2 -2 1 -2 -2 1 1 -2 1 1 2 -1 -1 2 -1 -1 2 2 
    -1 2 -1 2 2 -1 2 2 -1 -1 2 -1 2 -1 -1 2 2 -1 -1 2 1 -2 1 1 
    -2 -2 1 -2 -2 1 -2 1 1 -2 -2 1 1 -2 1 1 -2 1 1 -2 -2 1 -2 -2 
    -1 2 -1 -2 -2 1 1 -2 -2 1 -2 -2 1 1 2 1 -2 1 2 -1 -1 2 2 -1 
    2 2 -1 -1 2 2 -1 2 2 -1 -1 2 -1 -1 2 -1 -1 2 2 -1 -1 2 -1 2 
    2 -1 2 2 -1 -1 2 -1 -2 1 1 -2 -2 1 1 -2 1 -2 1 1 -2 -2 1 -2 
    -2 1 1 1 -2 -2 1 -2 -2 1 1 -2 -1 2 -1 -2 -1 -1 2 2 -1 2 2 -1 
    -1 2 2 1 -2 1 
⊙> qc xhstxhstxhst
Building gate net (depth 10, SK recursion 3)...
  net: 4842 entries, 871 KB (heap 3699 of 49152 KB)
  single arm : error 6.276788e-4  length 920
  split+fused: error 2.488113e-4  length 1662
  gain       : 2.5x
  unitary    : true
  word check : PASS (residual 8.25e-14)
  heap peak  : 3709 of 49152 KB
  braid word (1662 generators):
    -1 2 2 2 -1 2 1 -2 -2 1 -2 -2 -2 1 1 -2 1 1 -2 -2 1 2 -1 2 
    2 -1 -1 2 -1 -1 2 -1 2 2 -1 -1 2 -1 -1 2 2 2 2 -1 2 2 -1 -1 
    2 -1 -1 -2 -2 -2 1 1 -2 1 1 -2 -2 1 1 -2 -2 1 1 -2 1 1 -2 -1 
    2 2 -1 -1 2 -1 -1 2 -1 2 2 -1 -1 2 -1 -1 2 1 1 -2 1 1 -2 -2 
    1 -2 -2 -2 1 1 -2 1 1 -2 -2 1 2 2 -1 -1 2 -1 -1 2 2 -1 -1 2 
    2 -1 -1 2 -1 -1 2 2 2 1 1 -2 1 1 -2 -2 1 -2 -2 -2 -1 2 2 -1 
    -1 2 -1 -1 2 2 2 -1 2 2 -1 -1 2 -1 -1 -2 1 1 -2 1 1 -2 -2 1 
    -2 1 1 -2 1 1 -2 -2 1 -2 1 1 -2 -2 1 -2 -2 1 2 -1 -1 2 -1 -2 
    -1 -1 2 2 -1 2 2 -1 -1 2 2 1 -2 1 1 -2 1 -2 -1 2 -1 -1 2 2 
    -1 2 2 -1 -1 2 2 -1 2 2 -1 -1 2 1 -2 1 1 -2 -2 1 -2 -2 1 -2 
    1 1 -2 -2 1 -2 -2 1 2 2 -1 2 2 -1 -1 2 -1 -2 -2 1 1 -2 1 1 
    -2 -2 1 -2 -2 1 -2 -2 1 1 -2 1 2 -1 2 -1 -1 2 -1 -2 -2 1 1 -2 
    -2 1 -2 -2 1 1 2 1 -2 1 1 -2 -1 2 2 -1 2 2 -1 -1 2 2 -1 -1 
    2 -1 -1 2 2 1 -2 1 1 -2 -2 1 -2 -2 -1 2 2 -1 2 2 -1 -1 2 -1 
    2 2 -1 2 2 -1 -1 2 -1 -1 2 2 -1 2 2 -1 -1 2 -1 -2 1 1 -2 -2 
    1 -2 -2 1 1 1 -2 1 1 -2 -2 1 -2 -2 -1 2 -1 -1 2 2 -1 2 2 -1 
    -1 2 2 -1 -1 2 -1 -1 2 2 1 -2 -2 1 -2 -2 1 1 -2 1 -2 -2 1 1 
    -2 1 1 -2 -2 1 2 -1 -1 2 2 -1 -1 2 -1 -1 2 -1 -1 2 2 -1 2 1 
    1 -2 -2 1 1 -2 -2 -2 1 -2 -2 1 1 -2 1 2 2 -1 -1 2 -1 -1 2 2 
    -1 2 -1 -1 2 2 -1 2 2 -1 -2 -2 1 1 -2 1 1 -2 -2 1 1 -2 -2 1 
    -2 -2 1 1 -2 -1 2 -1 -1 2 2 -1 2 2 2 -1 -1 2 2 -1 -1 -2 1 -2 
    -2 1 1 -2 1 1 -2 1 1 -2 -2 1 2 2 -1 -1 2 -1 -1 2 1 1 -2 1 
    1 -2 -2 1 -2 -2 -2 1 1 -2 1 1 -2 -2 1 2 -1 2 2 -1 -1 2 -1 -1 
    2 2 -1 2 2 -1 -1 2 -1 -1 -1 2 2 -1 2 2 -1 -1 2 1 -2 1 1 -2 
    -2 1 -2 -2 1 1 -2 1 1 -2 -2 1 -2 -2 1 -2 1 1 -2 -2 1 -2 -2 1 
    2 2 -1 2 2 -1 -1 2 -1 -2 -2 1 1 -2 1 1 -2 -2 1 1 -2 -2 1 -2 
    -2 1 2 -1 -1 2 -1 -2 -1 -1 2 2 -1 2 2 -1 -1 2 2 1 -2 1 1 -2 
    1 -2 -1 2 -1 -1 2 2 -1 2 2 -1 2 2 -1 -1 2 -1 -1 2 2 1 -2 1 
    1 -2 -2 1 -2 -2 -1 2 2 -1 2 2 -1 -1 2 -1 2 2 -1 2 2 -1 -1 2 
    -1 -2 1 1 -2 -2 1 -2 -2 1 1 -2 -2 1 -2 -2 1 1 -2 1 2 -1 2 -1 
    -1 2 -1 -2 -2 1 1 -2 -2 1 -2 -2 1 1 2 1 -2 1 1 -2 -1 2 2 -1 
    2 1 1 -2 -2 1 -2 -1 2 2 -1 -1 2 -1 -1 2 2 2 -1 2 2 -1 -1 2 
    -1 -1 -2 1 1 -2 1 1 -2 -2 -1 2 2 -1 -1 2 -1 -1 2 -1 -1 2 2 -1 
    2 1 1 -2 -2 1 1 -2 -2 -2 1 -2 -2 1 1 -2 1 2 -1 -1 2 2 -1 2 
    2 -1 -1 2 2 -1 -1 2 -1 -1 2 2 1 -2 -2 1 -2 -2 1 1 -2 1 -2 -2 
    1 1 -2 1 1 -2 -2 -1 2 -1 -1 2 2 -1 2 2 2 -1 -1 2 2 -1 -1 -2 
    1 -2 -2 1 1 -2 1 1 -2 1 1 -2 -2 1 1 -2 -1 2 2 -1 -1 2 -1 -1 
    2 2 -1 2 -1 -1 2 2 -1 2 2 -1 -2 -2 1 1 -2 1 1 -2 -2 1 1 -2 
    -2 1 -2 -2 1 2 2 -1 -1 -1 -2 -2 1 1 -2 -2 1 1 1 1 1 -2 -2 1 
    -2 1 2 -1 -1 2 2 -1 -1 2 -1 2 2 -1 -1 2 -1 -1 2 2 1 -2 1 1 
    -2 -2 1 1 -2 -1 -2 -2 1 1 -2 1 1 -2 -2 1 1 2 -1 -1 2 2 -1 -1 
    2 -1 -1 2 -1 -1 2 2 -1 2 2 -1 -2 1 1 -2 -2 1 1 -2 -1 2 -1 2 
    2 -1 -1 -1 -1 -1 2 2 -1 -1 2 2 1 1 1 -2 -2 1 -2 1 1 -2 -2 1 
    -2 -2 1 1 -2 1 1 -2 1 1 -2 -2 1 1 -2 -1 -1 2 2 -1 -1 2 -1 -1 
    2 2 1 2 -1 -1 2 2 -1 -1 2 -1 -2 -2 1 1 -2 1 1 -2 -1 -1 2 2 
    -1 2 2 -1 -2 1 -2 -2 1 1 -2 1 1 -2 1 -2 -2 1 -2 -2 1 1 -2 1 
    2 -1 -1 2 -1 -1 2 2 -1 2 -1 2 2 -1 -1 2 -1 -1 2 2 -1 2 2 -1 
    2 2 -1 -1 2 -1 2 -1 -1 2 2 -1 -1 2 1 -2 1 1 -2 -2 1 -2 -2 1 
    -2 1 1 -2 -2 1 1 -2 -1 -1 2 -1 -1 2 2 1 -2 1 1 -2 -2 1 -2 1 
    -2 -2 1 1 -2 1 1 -2 -1 2 -1 -1 2 2 -1 2 2 -1 2 -1 -1 2 -1 -1 
    2 2 -1 2 1 -2 -2 1 -2 -2 1 1 -2 1 -2 -2 1 -2 -2 1 1 -2 1 1 
    2 -1 -1 2 2 -1 -1 2 -1 2 2 -1 2 2 -1 -1 2 -1 -2 1 1 -2 -2 1 
    1 -2 1 -2 1 1 -2 -2 1 -2 -2 1 2 -1 2 2 -1 -1 2 -1 -1 2 -1 2 
    2 -1 -1 2 -1 -1 2 1 1 -2 1 1 -2 -2 1 -2 1 -2 1 1 -2 -2 1 1 
    -2 -1 -2 -2 1 1 -2 1 1 -2 -2 1 1 2 -1 -1 2 2 -1 -1 2 -1 -1 2 
    -1 -1 2 2 -1 2 2 -1 -1 2 -1 2 2 -1 -1 -1 -2 -2 1 1 -2 -2 1 1 
    1 1 1 -2 -2 1 -2 1 2 -1 -1 2 2 -1 -1 2 1 -2 -2 1 -2 -2 1 1 
    -2 1 1 -2 1 1 -2 -2 1 1 -2 -1 -1 2 2 -1 -1 2 -1 -1 2 2 1 2 
    -1 -1 2 2 -1 -1 2 -1 -2 -2 1 1 -2 1 1 -2 -2 1 -2 1 1 -2 -2 1 
    1 -2 -1 2 -1 2 2 -1 -1 -1 -1 -1 2 2 -1 -1 2 2 1 1 1 -2 -2 1 
    2 -1 -1 2 -1 -1 2 2 2 -1 2 2 -1 -1 2 -1 -1 -2 1 1 -2 1 1 -2 
    -2 1 -2 1 1 -2 1 1 -2 -2 1 -2 -1 2 2 -1 2 2 -1 -1 2 -1 2 -1 
    -1 2 2 -1 -1 2 1 -2 1 1 -2 -2 1 -2 -2 1 -2 1 1 -2 -2 1 1 -2 
    -1 -1 2 -1 -1 2 2 -1 2 2 -1 2 -1 -1 2 2 -1 2 2 -1 -2 1 -2 -2 
    1 1 -2 1 1 -2 1 -2 -2 1 -2 -2 1 1 -2 1 2 -1 -1 2 -1 -1 2 2 
    -1 2 -1 2 2 -1 -1 2 -1 -2 -2 1 1 -2 1 1 2 -1 -1 2 2 -1 -1 2 
    -1 2 2 -1 2 2 -1 -1 2 -1 -2 1 1 -2 -2 1 1 -2 1 -2 1 1 -2 -2 
    1 -2 -2 1 -2 -2 1 1 -2 1 1 -2 -2 1 -2 1 -2 -2 1 1 -2 1 1 -2 
    -1 2 -1 -1 2 2 -1 2 2 -1 2 -1 -1 2 -1 -1 2 2 -1 2 1 -2 -2 1 
    -2 -2 1 1 -2 1 
⊙> qc htsxhtsxhtsx
Building gate net (depth 10, SK recursion 3)...
  net: 4842 entries, 871 KB (heap 3699 of 49152 KB)
  single arm : error 7.761726e-4  length 818
  split+fused: error 7.761726e-4  length 818
  gain       : 1.0x
  unitary    : true
  word check : PASS (residual 3.80e-14)
  heap peak  : 3705 of 49152 KB
  braid word (818 generators):
    2 2 2 -1 2 2 -1 2 2 -1 2 -1 2 2 -1 -1 2 -1 -1 2 -1 2 2 -1 
    2 2 -1 -1 2 -1 -2 1 1 -2 1 1 -2 -2 1 -2 1 1 -2 1 1 -2 -2 1 
    -2 -2 1 -2 1 1 -2 -2 1 -2 -2 1 2 2 -1 2 2 -1 -1 2 -1 -2 -2 1 
    1 -2 1 1 -2 -2 -2 1 1 -2 -2 1 -2 -2 1 1 1 2 2 -1 2 2 -1 -1 
    2 -1 -1 -1 -1 2 2 -1 2 2 -1 -1 2 -1 2 2 -1 -1 2 -1 -1 2 2 1 
    -2 1 1 -2 -2 1 -2 -2 -1 2 2 -1 2 2 -1 -1 2 -1 2 2 -1 2 2 -1 
    -1 2 -1 -2 1 1 -2 -2 1 -2 -2 1 1 -2 1 1 -2 -2 1 -2 -2 1 1 1 
    1 -2 1 1 -2 -2 1 -2 -2 -1 -1 -1 2 2 -1 2 2 -1 -1 2 2 -1 2 2 
    -1 -1 2 -1 -1 2 1 1 -2 1 1 -2 -2 1 -2 -2 -2 1 1 -2 1 1 -2 -2 
    1 2 -1 2 2 -1 -1 2 -1 -1 2 2 2 1 1 -2 1 1 -2 -2 1 -2 -2 -2 
    -2 -1 2 2 -1 -1 2 -1 -1 2 2 2 -1 2 2 -1 -1 2 -1 -1 -2 1 1 -2 
    1 1 -2 -2 1 -2 1 1 -2 1 1 -2 -2 1 2 2 2 -1 2 2 -1 -1 2 -1 
    -1 -2 -2 -2 -1 2 2 -1 2 2 -1 -1 -2 1 1 -2 1 1 -2 -2 1 -2 1 1 
    -2 -2 1 -2 -2 1 2 2 -1 -1 2 -1 -1 2 2 -1 2 -1 -1 2 2 -1 -1 2 
    -1 -1 2 -1 -1 2 2 -1 2 1 1 -2 -2 1 1 -2 -2 -2 1 -2 -2 1 1 -2 
    1 2 2 -1 2 2 -1 -1 2 -1 -2 1 1 -2 -2 1 1 -2 1 -2 1 1 -2 -2 
    1 -2 -2 1 2 -1 -1 2 2 -1 -1 2 -1 -1 2 -1 -1 2 2 -1 2 2 2 -1 
    -1 2 2 -1 -1 -2 1 -2 -2 1 1 -2 1 1 -2 1 1 -2 -2 1 1 -2 -2 1 
    1 -2 -2 1 1 -2 -1 2 2 -1 2 2 -1 -1 2 -1 2 -1 -1 2 2 -1 -1 2 
    1 -2 1 1 -2 -2 1 -2 -2 1 2 -1 2 2 -1 -1 2 -1 -1 2 1 1 -2 1 
    1 -2 -2 1 -2 -2 -2 1 1 -2 1 1 -2 -2 1 2 -1 2 2 -1 -1 2 -1 -2 
    -2 1 1 -2 1 1 -2 -2 -1 2 2 -1 2 2 -1 -1 2 -1 2 2 -1 -1 2 -1 
    -1 2 1 1 -2 -2 1 -2 -2 1 2 2 2 1 1 -2 1 1 -2 -2 1 -2 -2 -2 
    -1 2 2 -1 -1 2 -1 -1 2 -1 2 2 -1 -1 2 -1 -1 2 1 1 -2 1 1 -2 
    -2 1 -2 -2 -2 1 1 -2 1 1 -2 -2 1 2 2 2 2 -1 2 2 -1 -1 2 -1 
    -1 -2 -2 -2 1 1 -2 1 1 -2 -2 1 -2 -1 2 2 -1 -1 2 -1 -1 2 2 2 
    -1 2 2 -1 -1 2 -1 -1 -2 1 1 -2 1 1 -2 -2 1 -2 1 1 -2 1 1 -2 
    -2 1 -2 -1 2 2 -1 -1 2 -1 -1 2 2 2 -1 2 2 -1 -1 2 -1 -1 -2 1 
    1 -2 1 1 -2 -2 1 -2 -1 2 2 -1 2 2 -1 -1 2 -1 -2 1 1 -2 -2 1 
    1 -2 1 -2 1 1 -2 -2 1 -2 -2 1 2 -1 -1 2 2 -1 -1 2 2 -1 -1 2 
    2 -1 -1 2 -1 -1 2 -1 -1 2 2 -1 2 1 1 -2 -2 1 1 -2 -2 -2 1 -2 
    -2 1 1 -2 1 1 -2 1 1 -2 -2 1 1 -2 -1 2 2 -1 2 2 -1 -1 2 -1 
    2 -1 -1 2 2 -1 -1 2 1 -2 1 1 -2 -2 1 -2 -2 -1 2 -1 -1 2 2 -1 
    2 2 2 -1 -1 2 2 -1 -1 -2 1 -2 -2 1 1 -2 1 1 -2 1 1 -2 -2 1 
    1 -2 
⊙> qc xsthxsthxsth
Building gate net (depth 10, SK recursion 3)...
  net: 4842 entries, 871 KB (heap 3699 of 49152 KB)
  single arm : error 7.780450e-4  length 1030
  split+fused: error 7.780450e-4  length 1030
  gain       : 1.0x
  unitary    : true
  word check : PASS (residual 4.80e-14)
  heap peak  : 3707 of 49152 KB
  braid word (1030 generators):
    -1 2 2 -1 2 2 -1 2 2 1 -2 -2 1 1 -2 1 1 2 -1 -1 2 -1 -1 2 
    2 -1 2 -1 -1 2 -1 -1 2 2 -1 2 1 -2 -2 1 1 -2 1 1 -2 -2 -1 2 
    2 -1 2 2 -1 -1 2 -1 -1 2 2 -1 -1 2 -1 -1 2 2 1 -2 1 1 -2 -2 
    1 -2 -2 1 -2 -2 1 1 -2 1 1 -2 -2 1 1 -2 -2 1 -2 -2 1 1 -2 1 
    2 -1 -1 2 -1 -1 2 2 -1 2 -1 2 2 -1 -1 2 2 -1 -2 1 -2 -2 1 1 
    -2 1 1 -2 1 -2 -2 1 1 -2 -2 1 -2 -2 1 -2 -2 1 1 -2 1 2 -1 -1 
    2 2 -1 2 2 -1 -1 2 2 -1 -1 2 -1 -1 2 2 -1 2 2 -1 2 2 -1 -1 
    2 -1 -2 -2 1 1 -2 1 1 -2 -2 1 1 -2 1 1 -2 -2 1 -2 -2 -1 2 -1 
    -1 2 2 -1 2 2 -1 2 2 -1 -1 2 2 -1 2 -1 -1 2 -1 -1 2 2 -1 2 
    1 -2 -2 1 1 -2 -2 1 -2 1 -2 -2 1 1 2 -1 2 2 1 -2 -2 1 1 -2 
    -2 1 -2 -2 1 -2 -2 1 1 -2 1 2 2 -1 -1 2 2 -1 -1 -1 -1 2 2 -1 
    2 2 -1 -1 2 -1 -2 1 1 -2 -2 1 1 -2 1 -2 1 1 -2 -2 1 -2 -2 1 
    2 -1 -1 2 2 -1 -1 2 1 1 1 -2 -2 1 1 -2 -2 -1 2 -1 -1 2 2 -1 
    2 2 -1 2 2 -1 -1 2 2 -1 -2 -2 1 -2 -2 1 1 -2 -2 1 1 -2 -2 1 
    1 -2 -1 2 2 -1 2 2 -1 -1 2 -1 2 -1 -1 2 2 -1 -1 2 1 -2 1 1 
    -2 -2 1 -2 -2 1 1 1 -2 -2 1 -2 -2 1 2 2 -1 -1 2 -1 -1 2 2 -1 
    -1 2 2 -1 2 2 -1 -1 -2 1 1 -2 1 1 -2 -2 1 -2 -1 2 -1 -1 2 -1 
    -2 -2 -2 -2 -1 2 2 -1 2 2 -1 -1 2 -1 2 2 2 2 1 -2 1 1 -2 1 
    1 -2 1 1 -2 -2 1 -2 -2 1 2 2 -1 -1 2 -1 -1 2 2 -1 -2 1 -2 -2 
    1 -2 -1 -1 -1 -1 -2 -2 -2 1 1 -2 -2 -2 1 1 2 -1 2 2 -1 2 1 1 
    2 2 2 -1 -1 2 2 1 -2 -2 1 1 -2 1 1 -2 1 -2 -2 1 1 -2 1 1 
    -2 -2 -1 2 2 -1 2 2 -1 -1 2 -1 -1 2 -1 -1 2 -1 -2 -2 -2 -2 1 -2 
    1 1 -2 -2 1 -2 -2 1 2 2 2 2 1 -2 1 1 -2 1 2 -1 -1 2 -1 -1 
    2 2 -1 -2 -2 1 1 -2 -2 -2 -1 -1 -2 1 -2 -2 1 -2 -1 -1 2 2 2 -1 
    -1 2 2 2 1 1 1 1 2 -1 2 2 -1 2 -1 2 2 -1 2 2 -1 -1 2 1 
    -2 1 1 -2 -2 1 -2 -2 1 -2 1 1 -2 -2 1 -2 -2 1 2 2 -1 2 2 -1 
    -1 2 -1 -1 2 -1 2 2 -1 -1 2 -1 -1 2 1 1 -2 -2 1 -2 -2 1 1 -2 
    -2 1 1 -2 1 1 -2 -2 -1 2 2 -1 2 2 -1 -1 -1 2 2 -1 2 2 -1 -1 
    2 -1 -2 1 1 -2 -2 1 1 -2 1 -2 1 1 -2 -2 1 -2 -2 1 2 -1 -1 2 
    2 -1 -1 2 2 -1 -1 2 2 -1 2 2 1 -2 -2 1 1 -2 -2 1 -2 -2 1 -2 
    -2 1 1 -2 1 2 2 -1 -1 2 2 -1 -1 -1 -2 1 1 -2 -2 1 1 -2 -1 2 
    2 -1 2 2 -1 -1 2 -1 2 -1 -1 2 2 -1 -1 2 1 -2 1 1 -2 -2 1 -2 
    -2 1 1 1 1 -2 -2 1 1 -2 -2 -1 2 -1 -1 2 2 -1 2 2 -1 2 2 -1 
    -1 2 2 -1 -2 -2 1 -2 -2 1 1 -2 1 1 -2 1 1 -2 -2 1 -2 -2 -1 2 
    2 -1 2 2 -1 -1 2 -1 2 2 -1 2 2 -1 -1 2 -1 -2 1 1 -2 -2 1 -2 
    -2 1 -2 1 -2 -2 1 -2 -1 -1 -1 -1 -2 -2 -2 1 1 -2 -2 -2 1 1 2 -1 
    2 2 -1 2 1 1 2 2 2 -1 -1 2 2 1 -2 -2 1 1 -2 1 1 -2 -1 2 
    -1 -1 2 -1 -2 -2 -2 -2 -1 2 2 -1 2 2 -1 -1 2 -1 2 2 2 2 1 -2 
    1 1 -2 1 1 -2 1 1 -2 -2 1 -2 -2 1 2 2 -1 -1 2 -1 -1 2 2 -1 
    2 -1 -1 2 -1 -1 2 2 -1 -2 -2 1 1 -2 -2 -2 -1 -1 -2 1 -2 -2 1 -2 
    -1 -1 2 2 2 -1 -1 2 2 2 1 1 1 1 2 -1 2 2 -1 2 1 -2 -2 1 
    1 -2 1 1 -2 -2 -1 2 2 -1 2 2 -1 -1 2 -1 -1 2 -1 -1 2 -1 -2 -2 
    -2 -2 1 -2 1 1 -2 -2 1 -2 -2 1 2 2 2 2 1 -2 1 1 -2 1 
⊙> qc hhxxsstthhxx
Building gate net (depth 10, SK recursion 3)...
  net: 4842 entries, 871 KB (heap 3699 of 49152 KB)
  single arm : error 7.040036e-4  length 1036
  split+fused: error 2.015222e-4  length 2324
  gain       : 3.5x
  unitary    : true
  word check : PASS (residual 1.19e-13)
  heap peak  : 3712 of 49152 KB
  braid word (2324 generators):
    -2 -2 1 -2 -2 -2 1 -2 -2 1 1 1 -2 1 1 -2 -2 1 -2 -1 2 2 -1 -1 
    2 -1 -1 2 2 2 -1 2 2 -1 -1 2 -1 -1 -2 1 1 -2 1 1 -2 -2 1 -2 
    1 -2 -2 1 1 -2 -2 1 1 1 -2 1 1 -2 -2 1 -2 -2 -1 2 2 -1 -1 2 
    2 -1 2 2 -1 2 2 -1 -1 2 -1 -1 -1 -1 2 -1 -1 2 2 -1 2 2 2 -1 
    -1 2 2 -1 -1 2 2 2 -1 -1 2 2 -1 -1 -2 1 1 -2 -2 1 1 -2 1 1 
    -2 -2 1 1 -2 -2 -2 -2 1 -2 -2 1 1 -2 1 1 1 1 -2 1 1 -2 -2 1 
    -2 -2 1 -2 -2 1 1 -2 -2 1 2 2 -1 2 2 -1 -1 2 -1 -1 -1 2 2 -1 
    -1 2 2 -1 2 2 -1 -1 2 2 -1 -1 2 -1 -1 2 2 -1 -1 2 1 1 -2 -2 
    1 1 -2 -2 -2 1 1 -2 -2 1 1 -2 -2 -2 1 -2 -2 1 1 -2 1 1 -2 1 
    -2 1 1 -2 -2 -2 -1 -1 -1 2 -1 -1 2 2 -1 2 2 1 2 2 2 -1 -1 2 
    -1 2 1 1 -2 1 1 -2 -2 1 -2 -2 -1 2 2 -1 2 2 -1 -1 2 -1 2 2 
    -1 2 2 -1 -1 2 -1 -1 -1 2 2 -1 -1 2 -1 -1 2 2 1 -2 1 1 -2 -2 
    1 -2 -2 1 -2 1 -2 1 1 -2 -2 -2 -1 -2 -2 1 -2 -2 1 1 -2 1 1 1 
    2 2 2 -1 -1 2 -1 2 -1 -1 2 -1 -1 2 2 1 -2 1 1 -2 -2 1 1 1 
    -2 1 1 -2 -2 1 -2 -2 1 -2 1 1 -2 -2 1 -2 -2 1 2 2 -1 2 2 -1 
    -1 2 -1 -1 -1 2 2 -1 2 2 -1 -1 2 -1 -1 2 2 -1 2 2 -1 -1 2 -1 
    2 -1 -1 2 -1 -1 2 2 -1 2 1 -2 1 1 -2 -2 1 -2 -2 1 -2 1 -2 -2 
    1 1 -2 1 1 -2 1 1 -2 -2 1 -2 -2 1 1 -2 -2 1 1 -2 -2 1 -2 -2 
    -1 2 -1 -1 2 2 -1 2 2 -1 2 2 -1 2 2 -1 -1 2 2 2 -1 -1 2 -1 
    -1 2 2 -1 2 -1 2 2 -1 -1 2 -1 -1 2 -1 2 2 -1 -1 2 -1 -1 2 1 
    1 -2 1 1 -2 -2 1 -2 -2 -2 1 1 -2 1 1 -2 -2 1 1 1 -2 1 1 -2 
    -2 1 -2 -2 1 -2 -2 1 1 -2 1 1 -2 -2 -2 1 1 -2 -2 1 -2 -2 1 -2 
    -2 1 -2 -2 1 1 -2 1 2 2 -1 2 2 -1 -1 2 2 -1 -1 2 2 -1 2 2 
    -1 -1 2 2 -1 2 2 -1 -1 2 -1 -1 -1 2 2 -1 -1 2 -1 -1 2 2 2 -1 
    2 2 -1 -1 2 -1 -1 -2 1 1 -2 1 1 -2 -2 1 1 1 -2 1 1 -2 -2 1 
    -2 -2 -2 1 1 -2 1 1 -2 -2 1 2 -1 2 2 -1 -1 2 -1 -1 2 -1 -1 2 
    -1 -1 2 2 -1 2 -1 2 2 -1 2 2 -1 -1 2 -1 -2 1 -2 -2 1 1 -2 1 
    1 -2 1 -2 1 1 -2 -2 1 -2 -2 1 1 -2 1 1 -2 -2 1 -2 -2 1 1 1 
    -2 1 1 -2 -2 1 -2 -2 -1 2 2 -1 2 2 -1 -1 2 -1 2 2 -1 2 2 -1 
    -1 2 -1 -1 -1 2 2 -1 -1 2 -1 -2 -2 1 1 -2 1 1 -2 1 -2 1 1 -2 
    -2 -2 -1 -1 -1 2 -1 -1 2 2 -1 2 2 1 2 2 2 -1 -1 2 -1 2 -1 2 
    2 -1 2 2 -1 -1 2 -1 -2 -2 1 1 -2 1 1 -2 -2 1 1 1 -2 1 1 -2 
    -2 1 -2 -2 1 -2 1 1 -2 -2 1 -2 -2 1 2 2 -1 2 2 -1 -1 2 -1 -1 
    -2 1 -2 1 1 -2 -2 -2 -1 -2 -2 1 -2 -2 1 1 -2 1 1 1 2 2 2 -1 
    -1 2 -1 2 -1 -1 2 -1 -1 2 2 -1 2 2 1 1 -2 1 1 -2 -2 1 -2 -1 
    2 2 -1 -1 2 -1 -1 2 2 2 -1 2 2 -1 -1 2 -1 -1 -1 2 2 -1 -1 2 
    -1 -1 2 1 1 -2 1 1 -2 -2 1 -2 -2 -2 1 1 -2 1 1 -2 -2 1 1 1 
    -2 1 1 -2 -2 1 -2 -2 1 1 -2 -2 1 -2 -2 1 1 -2 -2 1 1 -2 -2 1 
    -2 -2 -1 2 -1 -1 2 2 -1 2 2 -1 2 2 -1 2 2 -1 -1 2 2 2 -1 -1 
    2 -1 -1 2 2 -1 2 2 -1 2 2 -1 -1 2 -1 -1 -1 2 2 -1 -1 2 -1 -1 
    2 2 2 -1 2 2 -1 -1 2 -1 -1 -2 1 1 -2 1 1 -2 -2 1 -2 1 1 -2 
    1 1 -2 -2 1 -2 1 -2 -2 1 1 -2 1 1 -2 -2 -2 1 1 -2 -2 1 -2 -2 
    1 -2 -2 1 -2 -2 1 1 -2 1 2 2 -1 2 2 -1 -1 2 2 -1 -1 2 2 -1 
    2 2 -1 -2 1 1 -2 -2 1 1 -2 -1 -2 -2 1 1 -2 -2 1 1 1 2 -1 -1 
    2 2 -1 -1 2 -1 -1 -1 2 2 -1 -1 2 1 1 -2 -2 1 -2 -2 1 1 -2 1 
    -2 -2 1 1 -2 1 1 -2 -1 -1 2 2 -1 2 2 -1 -1 2 2 -1 -1 2 -1 -1 
    2 2 -1 2 -1 -1 2 -1 -1 2 2 1 -2 -2 1 1 1 -2 1 1 -2 -2 1 1 
    -2 -1 -1 -1 2 2 -1 -1 2 2 1 2 -1 -1 2 2 -1 -1 2 -1 -2 -2 1 -2 
    -2 1 1 -2 1 1 -2 1 -2 -2 1 1 -2 1 1 -2 -2 1 1 -2 -2 1 -2 -2 
    1 1 2 -1 -1 2 -1 -1 2 2 -1 2 -1 -1 2 2 -1 2 2 -1 -1 2 -1 2 
    2 -1 2 2 -1 -1 2 -1 2 -1 -1 2 -1 -1 2 2 -1 2 1 -2 1 1 -2 -2 
    1 -2 -2 1 -2 1 -2 -2 1 1 -2 1 1 -2 -1 2 2 -1 -1 2 -1 -1 2 1 
    1 -2 1 1 -2 -2 1 -2 -2 -2 1 1 -2 1 1 -2 -2 1 1 1 -2 1 1 -2 
    -2 1 -2 -1 2 2 -1 -1 2 -1 -1 2 2 -1 -1 2 -1 -1 2 2 -1 2 -1 2 
    2 -1 2 2 -1 -1 2 -1 -2 1 -2 -2 1 1 -2 1 1 -2 1 -2 1 1 -2 -2 
    1 -2 -2 1 2 2 -1 2 2 -1 -1 2 -1 -1 -1 2 2 -1 -1 2 -1 -1 2 2 
    2 -1 2 2 -1 -1 2 -1 -1 -2 1 1 -2 1 1 -2 -2 1 1 1 -2 1 1 -2 
    -2 1 -2 -2 -2 1 1 -2 1 1 -2 -2 1 2 -1 2 2 -1 -1 2 -1 -1 -2 1 
    1 -2 -2 1 -2 -2 1 1 -2 1 -2 -2 1 1 -2 1 1 -2 -1 -1 2 2 -1 2 
    2 -1 -1 2 2 -1 -1 2 -1 -1 2 2 -1 2 -1 -1 2 -1 -1 2 2 -1 2 2 
    1 -2 1 1 -2 -2 1 1 -2 -1 -2 -2 1 1 -2 -2 1 1 1 2 -1 -1 2 2 
    -1 -1 2 -1 -1 -1 2 2 -1 -2 -2 1 1 -2 1 1 -2 1 -2 -2 1 1 -2 1 
    1 -2 -2 1 1 -2 -2 1 -2 -2 1 1 2 -1 -1 2 -1 -1 2 2 -1 2 -1 -1 
    2 2 -1 2 2 -1 -1 -2 1 1 -2 -2 1 1 1 -2 1 1 -2 -2 1 1 -2 -1 
    -1 -1 2 2 -1 -1 2 2 1 2 -1 -1 2 2 -1 -1 2 1 -2 1 1 -2 -2 1 
    -2 -1 2 2 -1 -1 2 -1 -1 2 2 2 -1 2 2 -1 -1 2 -1 -1 -1 2 2 -1 
    -1 2 -1 -1 2 1 1 -2 1 1 -2 -2 1 -2 -2 -2 1 1 -2 1 1 -2 -2 1 
    1 1 -2 1 1 -2 -2 1 -2 -2 -1 2 2 -1 2 2 -1 -1 2 -1 2 -1 -1 2 
    -1 -1 2 2 -1 2 1 -2 1 1 -2 -2 1 -2 -2 1 -2 1 -2 -2 1 1 -2 1 
    1 -2 -2 1 1 -2 1 1 -2 -2 1 2 -1 2 2 -1 -1 2 -1 -1 -1 2 2 -1 
    -1 2 -1 -1 2 2 2 -1 2 2 -1 -1 2 -1 -1 -2 1 1 -2 1 1 -2 -2 1 
    2 -1 -1 2 -1 -1 2 2 -1 2 -1 2 2 -1 2 2 -1 -1 2 -1 -2 1 -2 -2 
    1 1 -2 1 1 -2 1 -2 1 1 -2 -2 1 -2 -2 1 1 -2 1 1 -2 -2 1 -2 
    -2 1 1 1 -2 1 1 -2 -2 1 -2 -2 -1 2 2 -1 2 2 -1 -1 2 -1 2 2 
    -1 2 2 -1 -1 2 -1 -1 -1 2 2 -1 2 2 -1 -1 2 -1 -2 1 1 -2 -2 1 
    1 -2 1 -2 1 1 -2 -2 1 -2 -2 1 2 -1 -1 2 2 -1 -1 2 1 1 -2 1 
    1 -2 -2 1 -2 -2 1 -2 1 1 -2 -2 1 -2 -2 1 2 2 -1 2 2 -1 -1 2 
    -1 -1 -1 2 2 -1 2 2 -1 -1 2 -1 -2 1 1 -2 -2 1 1 -2 -1 2 2 -1 
    2 2 -1 -1 2 -1 2 -1 -1 2 2 -1 -1 2 1 -2 1 1 -2 -2 1 -2 -2 1 
    2 -1 2 2 -1 -1 2 -1 -1 2 1 1 -2 1 1 -2 -2 1 -2 -2 -2 1 1 -2 
    1 1 -2 -2 1 2 -1 2 2 -1 -1 2 -1 -1 -1 2 2 -1 2 2 -1 -1 2 -1 
    -1 -1 2 2 -1 -1 2 2 1 -2 1 1 -2 -2 1 -2 -2 1 -2 -2 1 1 -2 -2 
    1 1 1 1 -2 1 1 -2 -2 1 -2 -1 2 2 -1 -1 2 -1 -1 2 2 2 -1 2 
    2 -1 -1 2 -1 -1 -2 1 1 -2 1 1 -2 -2 1 -2 -1 -1 2 2 -1 -1 2 2 
    -1 2 2 -1 2 2 -1 -1 2 -1 -2 -2 1 1 -2 -2 1 1 -2 1 1 -2 -2 1 
    1 -2 1 -2 1 1 -2 -2 1 -2 -2 1 2 -1 -1 2 2 -1 -1 2 1 -2 1 1 
    -2 -2 1 -2 -2 1 1 1 -2 1 1 -2 -2 1 -2 -2 -1 2 2 -1 2 2 -1 -1 
    2 -1 2 2 -1 2 2 -1 -1 2 -1 -1 -2 1 1 -2 -2 1 1 -2 -1 2 2 -1 
    2 2 -1 -1 2 -1 2 -1 -1 2 2 -1 -1 2 1 -2 1 1 -2 -2 1 -2 -2 1 
    1 1 -2 1 1 -2 -2 1 -2 -2 1 -2 1 1 -2 -2 1 -2 -2 1 2 2 -1 2 
    2 -1 -1 2 -1 -1 -1 2 2 -1 2 2 -1 -1 2 -1 -1 2 2 -1 2 2 -1 -1 
    2 -1 -1 -1 2 2 -1 -1 2 2 1 -2 1 1 -2 -2 1 -2 -2 1 -2 -2 1 1 
    -2 -2 1 1 2 -1 2 2 -1 -1 2 -1 -1 2 1 1 -2 1 1 -2 -2 1 -2 -2 
    -2 1 1 -2 1 1 -2 -2 1 2 -1 2 2 -1 -1 2 -1 -1 -1 -1 2 2 -1 -1 
    2 2 -1 2 2 -1 2 2 -1 -1 2 -1 -2 -2 1 1 -2 -2 1 1 1 -2 1 1 
    -2 -2 1 -2 -2 1 1 1 -2 1 1 -2 -2 1 -2 -1 2 2 -1 -1 2 -1 -1 2 
    2 2 -1 2 2 -1 -1 2 -1 -1 -2 1 1 -2 1 1 -2 -2 1 -2 
⊙> qc xsttstsxsttsts
Building gate net (depth 10, SK recursion 3)...
  net: 4842 entries, 871 KB (heap 3699 of 49152 KB)
  single arm : error 0.000000e0  length 0
  split+fused: error 0.000000e0  length 0
  unitary    : true
  word check : PASS (residual 0.00e0)
  heap peak  : 3699 of 49152 KB
  braid word (0 generators):
⊙> qc hxstxhstxhstxhst
Building gate net (depth 10, SK recursion 3)...
  net: 4842 entries, 871 KB (heap 3699 of 49152 KB)
  single arm : error 9.070078e-4  length 950
  split+fused: error 3.732949e-4  length 1808
  gain       : 2.4x
  unitary    : true
  word check : PASS (residual 9.55e-14)
  heap peak  : 3709 of 49152 KB
  braid word (1808 generators):
    1 2 -1 -1 -1 2 2 -1 -1 2 -1 2 2 -1 -1 2 -1 -1 2 2 2 -1 2 2 
    -1 -1 2 -1 -1 -2 1 1 -2 1 1 -2 -2 1 -2 1 1 -2 1 1 -2 -2 1 -2 
    -1 2 2 -1 2 2 -1 -1 2 -1 2 -1 -1 2 2 -1 -1 2 1 -2 1 1 -2 -2 
    1 -2 -2 1 -2 1 1 -2 -2 1 1 -2 -1 -1 2 -1 -1 2 2 -1 2 1 1 -2 
    -2 1 -2 -2 1 1 -2 1 -2 -2 1 1 -2 1 1 -2 -1 -1 2 2 -1 2 2 -1 
    -1 2 2 -1 -1 2 -1 -1 2 2 -1 2 -1 2 2 -1 -1 2 -1 -2 -2 1 1 -2 
    1 1 2 -1 -1 2 2 -1 -1 2 -1 2 2 -1 2 2 -1 -1 2 -1 -2 1 1 -2 
    -2 1 1 -2 1 -2 1 1 -2 -2 1 -2 -2 1 -2 -2 1 1 -2 1 1 -2 -2 1 
    -2 1 -2 -2 1 1 -2 1 1 -2 -2 1 1 -2 -2 1 -2 -2 1 1 2 -1 -1 2 
    -1 -1 2 2 -1 2 -1 -1 2 2 -1 2 2 -1 -1 2 -1 2 2 -1 -1 2 -1 -1 
    2 2 1 -2 -2 1 1 -2 -2 -1 -1 -2 -2 1 1 -2 1 1 -2 -2 1 1 1 2 
    2 -1 -1 2 2 -1 -1 2 -1 -1 2 2 -1 2 2 -1 -1 2 2 -1 2 2 -1 -1 
    2 -1 -2 1 1 -2 -2 1 1 -2 1 -2 1 1 -2 -2 1 -2 -2 1 2 -1 -1 2 
    2 -1 -1 -2 1 1 -2 1 1 -2 -2 1 1 -2 -2 1 -2 -2 1 1 -2 1 1 -2 
    -2 1 1 -2 -2 -1 -1 -1 2 2 -1 -1 2 -1 -1 2 2 1 1 2 2 -1 -1 2 
    2 -1 -2 1 1 -2 -2 1 1 -2 -1 2 2 -1 2 2 -1 -1 2 -1 2 -1 -1 2 
    2 -1 -1 2 1 -2 -2 1 1 -2 1 1 -2 -2 1 -2 1 1 -2 -2 1 -2 -2 1 
    2 2 -1 -1 2 -1 -1 2 2 -1 2 -1 2 2 -1 -1 2 -1 -1 2 1 1 -2 1 
    1 -2 -2 1 -2 -2 -2 1 1 -2 1 1 -2 -2 1 2 -1 2 2 -1 -1 2 -1 -1 
    -1 2 2 -1 2 2 -1 -1 2 -1 -2 -2 1 1 -2 1 1 -2 -2 1 1 -2 1 1 
    -2 -2 -1 2 -1 -1 2 2 1 1 -2 1 1 -2 -2 1 -2 -1 2 2 -1 -1 2 -1 
    -1 2 2 2 -1 2 2 -1 -1 2 -1 -1 -2 1 1 -2 1 1 -2 -2 1 -2 -2 -2 
    1 1 -2 1 2 2 -1 -1 2 -1 -1 2 2 -1 -1 2 -1 -1 2 2 1 -2 1 1 
    -2 -2 1 -2 -2 1 -2 1 1 -2 -2 1 1 -2 1 1 -2 1 1 -2 -2 1 -2 -1 
    -1 2 2 -1 -1 2 2 2 -1 2 2 -1 -1 2 -1 -2 -2 1 1 -2 1 1 -2 -2 
    -1 2 2 -1 2 2 -1 -1 2 -1 2 2 -1 -1 2 -1 -1 2 2 -1 -2 1 1 -2 
    -2 1 1 -2 1 -2 1 1 -2 -2 1 -2 -2 1 2 -1 -1 2 2 -1 -1 2 1 -2 
    -2 1 1 -2 -2 -1 -1 -2 -2 1 1 -2 1 1 -2 -2 1 1 1 2 2 -1 -1 2 
    2 -1 -1 2 -1 -1 2 2 -1 2 2 -1 -1 2 2 -1 -1 2 -1 -1 2 1 1 -2 
    -2 1 1 -2 -1 2 2 -1 2 2 -1 -1 2 -1 2 -1 -1 2 2 -1 -1 2 1 -2 
    1 1 -2 -2 1 -2 -2 1 1 -2 -2 1 -2 -2 1 1 -2 1 1 -2 -2 1 1 -2 
    -2 -1 -1 -1 2 2 -1 -1 2 -1 -1 2 2 1 1 2 2 -1 -1 2 2 -1 -2 -2 
    1 1 -2 1 1 -2 -2 1 1 1 -2 1 1 -2 -2 1 -2 -2 -2 1 1 -2 -2 1 
    1 2 -1 2 2 -1 -1 2 -1 -1 2 -1 -1 2 2 -1 -1 2 -1 2 2 -1 2 2 
    -1 -1 2 -1 -2 -2 1 1 -2 1 1 -2 -2 1 1 -2 1 1 -2 -2 -1 2 -1 -1 
    2 2 2 -1 2 2 -1 -1 2 -1 -1 2 1 1 -2 1 1 -2 -2 1 -2 -2 -2 1 
    1 -2 1 1 -2 -2 1 2 -1 2 2 -1 -1 2 -1 -1 -2 -2 1 1 -2 1 2 2 
    -1 -1 2 -1 -1 2 2 -1 -1 2 -1 -1 2 2 1 -2 1 1 -2 -2 1 -2 -2 1 
    1 1 -2 1 1 -2 -2 1 -2 -1 2 2 -1 -1 2 -1 -1 2 2 2 -1 2 2 -1 
    -1 2 -1 -1 -2 1 1 -2 1 1 -2 -2 1 -2 -2 1 1 -2 -2 1 -2 -2 1 1 
    1 1 -2 1 1 -2 -2 1 -2 -2 -1 -1 2 2 -1 2 2 -1 -1 2 2 2 -1 2 
    2 -1 -1 2 -1 -1 2 -1 2 2 -1 -1 2 -1 -1 2 1 1 -2 1 1 -2 -2 1 
    -2 -2 -2 1 1 -2 1 1 -2 -2 1 -2 -2 1 1 -2 -2 1 -2 -2 1 1 2 2 
    -1 2 2 -1 -1 2 -1 -1 -1 -1 2 2 -1 2 2 -1 -1 2 1 1 -2 1 1 -2 
    -2 1 -2 -1 2 2 -1 -1 2 -1 -1 2 2 2 -1 2 2 -1 -1 2 -1 -1 -2 1 
    1 -2 1 1 -2 -2 1 -2 1 -2 -2 1 1 -2 -2 -2 1 1 -2 -2 1 -2 -2 1 
    1 2 2 -1 -1 2 2 -1 2 2 -1 2 2 -1 -1 2 -1 -1 -1 -1 -1 2 2 -1 
    -1 -1 -2 -1 -1 2 2 -1 -1 2 2 2 1 1 1 -2 -2 1 1 1 -2 1 1 -2 
    -2 1 1 -2 1 1 -2 1 1 -2 -2 1 -2 -2 1 1 -2 1 1 -2 -2 1 -2 -2 
    1 -2 -2 1 1 -2 -2 -1 -1 2 2 -1 2 2 -1 -1 2 2 2 -1 -1 2 2 -1 
    2 2 -1 2 2 -1 -1 2 -1 -1 2 -1 -1 2 2 -1 -1 2 -1 -1 -1 2 2 -1 
    -1 -1 -2 -2 -2 1 1 -2 -2 1 1 2 1 1 1 -2 -2 1 1 2 -1 -1 2 2 
    -1 2 2 -1 2 -1 -1 2 2 -1 2 2 -1 -2 -2 1 -2 -2 1 1 -2 1 1 1 
    -2 -2 1 -2 -2 1 1 2 2 -1 -1 2 -1 -1 2 2 -1 -2 -2 -2 1 -2 -2 1 
    1 -2 1 1 -2 1 1 -2 -2 1 -2 -2 1 2 2 -1 -1 2 -1 -1 2 2 -1 -1 
    2 2 -1 2 2 -1 -1 -2 1 1 -2 1 1 -2 -2 -1 2 -1 -1 2 2 -1 2 2 
    -1 -1 2 -1 -1 2 2 -1 2 2 2 1 -2 -2 1 1 -2 1 1 -2 -2 -2 -2 -2 
    1 -2 -2 1 1 -2 1 2 2 -1 -1 2 -1 -1 2 1 1 -2 -2 1 -2 -2 1 1 
    -2 -2 1 1 -2 1 1 -2 -2 -1 2 2 -1 2 2 -1 -1 2 2 -1 2 2 -1 -1 
    2 -1 -1 2 1 1 -2 1 1 -2 -2 1 -2 -2 -2 1 1 -2 1 1 -2 -2 1 2 
    -1 2 2 -1 -1 2 -1 -1 2 -1 -1 2 2 -1 2 2 -1 -1 -1 2 -1 -1 2 2 
    -1 2 2 1 -2 -2 1 -2 -2 1 1 -2 1 -2 -2 1 -2 -2 1 1 -2 -1 -1 2 
    2 -1 -1 -1 -2 -1 -1 2 2 -1 -1 2 2 2 1 1 1 -2 -2 1 1 1 -2 1 
    1 -2 -2 1 1 -2 1 1 -2 1 1 -2 -2 1 -2 -2 1 -2 -2 1 1 -2 -2 -2 
    1 1 -2 -2 1 -2 -2 1 1 2 2 -1 -1 2 2 -1 2 2 -1 2 2 -1 -1 2 
    -1 -1 2 2 -1 2 2 -1 -1 2 -1 -1 2 -1 -1 2 2 -1 -1 2 -1 -1 -1 2 
    2 -1 -1 -1 -2 -2 -2 1 1 -2 -2 1 1 2 1 1 1 -2 -2 1 1 1 1 1 
    -2 1 1 -2 -2 1 -2 -2 1 -2 -2 1 1 -2 -2 -1 -1 2 2 -1 2 2 -1 -1 
    2 2 2 -1 -1 2 2 1 -2 1 1 -2 -2 1 -2 -1 2 2 -1 -1 2 -1 -1 2 
    2 2 -1 2 2 -1 -1 2 -1 -1 -2 1 1 -2 1 1 -2 -2 1 -2 -2 1 1 -2 
    -2 1 -2 -2 1 2 2 -1 -1 2 -1 -1 2 2 -1 -1 2 2 -1 2 2 -1 -1 -2 
    1 1 -2 1 1 -2 -2 -1 2 -1 -1 2 2 -1 2 2 2 2 2 -1 -1 2 -1 -1 
    2 2 -1 -2 -2 -2 1 -2 -2 1 1 -2 1 1 -2 -2 1 -2 -2 1 1 -2 1 2 
    2 -1 -1 2 -1 -1 2 1 1 -2 -2 1 -2 -2 1 1 -2 -2 1 1 -2 1 1 -2 
    -2 -1 2 2 -1 2 2 -1 -1 2 -1 -1 2 -1 -1 2 2 -1 2 2 2 1 -2 -2 
    1 1 -2 1 1 -2 -2 -2 
⊙> qc xxxhhhssstttxxx
Building gate net (depth 10, SK recursion 3)...
  net: 4842 entries, 871 KB (heap 3699 of 49152 KB)
  single arm : error 1.027302e-3  length 1051
  split+fused: error 2.948177e-4  length 2091
  gain       : 3.5x
  unitary    : true
  word check : PASS (residual 9.89e-14)
  heap peak  : 3711 of 49152 KB
  braid word (2091 generators):
    2 -1 2 2 2 -1 -1 -2 -2 1 1 -2 1 1 -2 -2 1 1 -2 -2 1 -2 -2 1 
    1 2 -1 -1 2 -1 -1 2 2 -1 2 -1 -1 2 2 -1 2 2 -1 -1 2 1 -2 -2 
    1 1 -2 -2 1 1 1 -2 1 1 -2 -2 1 -2 -2 -1 2 2 -1 -1 2 2 -1 2 
    2 -1 2 2 -1 -1 2 -1 -2 -2 1 1 -2 1 1 -2 -2 -1 2 2 -1 2 2 -1 
    -1 -2 1 1 -2 1 1 -2 -2 1 -2 1 1 -2 -2 1 -2 -2 1 2 2 -1 -1 2 
    -1 -1 2 2 -1 2 -1 -1 2 -1 -1 2 2 -1 2 2 2 -1 -1 2 -1 -1 2 2 
    1 -2 1 1 -2 -2 1 -2 -2 1 -2 -2 1 1 -2 -2 1 2 2 -1 2 2 -1 -1 
    2 -1 -1 -1 2 2 -1 -1 2 2 -1 -2 1 -2 -2 1 1 -2 1 1 -2 1 -2 -2 
    1 1 -2 1 1 -2 -2 -1 2 2 -1 2 2 -1 -1 2 -1 2 2 -1 -1 2 -1 -1 
    2 1 1 -2 -2 1 -2 -2 1 1 1 -2 -2 1 -2 -2 1 1 -2 -1 2 -1 2 2 
    -1 -1 -1 -1 -1 2 2 -1 2 2 -1 -1 2 1 1 1 -2 -2 -1 2 2 -1 2 2 
    -1 -1 2 2 -1 2 2 -1 -1 2 1 -2 1 1 -2 -2 1 -2 -2 1 -2 1 1 -2 
    -2 1 -2 -2 1 2 2 -1 2 2 -1 -1 2 -1 -2 -2 1 1 -2 1 1 -2 -2 1 
    -2 -2 1 -2 -2 1 2 2 -1 -1 -1 -2 1 1 -2 -2 1 -2 -2 1 1 1 1 1 
    -2 -2 1 -2 1 2 -1 -1 2 2 -1 2 2 -1 -1 2 2 -1 -1 2 -1 -1 2 2 
    1 -2 1 1 -2 -2 1 -2 -2 -1 2 2 -1 2 2 -1 -1 2 -1 2 2 -1 2 2 
    -1 -1 2 -1 -1 2 -1 -1 2 -1 -1 2 2 -1 2 1 -2 1 1 -2 -2 1 -2 -2 
    1 -2 1 -2 -2 1 1 -2 1 1 -2 -1 2 2 -1 2 2 -1 -1 2 -1 -1 2 2 
    -1 -1 2 -1 -1 2 2 1 -2 1 1 -2 -2 1 -2 -2 1 -2 -2 1 1 -2 1 1 
    -2 -2 -1 2 2 -1 2 1 1 -2 -2 1 -2 -1 2 -1 -1 2 -1 -2 -2 -2 -1 2 
    2 -1 -1 2 -1 -1 2 2 2 2 2 1 -2 1 1 -2 1 1 1 -2 -2 1 -2 -2 
    1 1 -2 -2 1 1 -2 -2 1 -2 -2 1 2 2 -1 -1 2 -1 -1 2 2 -1 2 2 
    -1 2 2 -1 -1 2 -1 -2 -2 1 1 -2 1 1 -2 -2 1 1 -2 1 1 -2 -2 1 
    -2 -2 1 2 -1 -1 2 2 -1 2 2 -1 -1 -1 2 -1 -1 2 -1 -2 -2 -2 -2 -2 
    1 1 -2 1 1 -2 -2 1 2 2 2 1 -2 1 1 -2 1 2 -1 2 2 -1 -1 2 
    -1 -1 2 2 -1 2 2 -1 -1 2 -1 -1 2 1 1 -2 1 1 -2 -2 1 -2 -2 -2 
    1 1 -2 1 1 -2 -2 1 2 -1 2 2 -1 -1 2 -1 -1 2 -1 -1 2 -1 -1 2 
    2 -1 2 -1 2 2 -1 2 2 -1 -1 2 -1 -2 1 -2 -2 1 1 -2 1 1 -2 1 
    1 -2 1 1 -2 -2 1 -2 -2 1 -2 1 1 -2 -2 1 -2 -2 1 2 2 -1 2 2 
    -1 -1 2 -1 -2 -2 1 1 -2 1 1 -2 -2 1 1 -2 -2 1 -2 -2 1 1 -2 -1 
    2 -1 2 2 -1 -1 -1 -1 -1 2 2 -1 2 2 -1 -1 2 1 1 1 -2 -2 -1 2 
    2 -1 2 2 -1 2 2 -1 -1 2 -1 -1 2 2 1 -2 1 1 -2 -2 1 -2 -2 -1 
    2 2 -1 2 2 -1 -1 2 -1 2 2 -1 2 2 -1 -1 2 -1 -2 1 1 -2 -2 1 
    -2 -2 1 1 -2 -2 1 -2 -2 1 2 2 -1 -1 -1 -2 1 1 -2 -2 1 -2 -2 1 
    1 1 1 1 -2 -2 1 -2 1 2 -1 -1 2 2 -1 2 1 1 -2 -2 1 -2 -1 2 
    2 -1 -1 2 -1 -1 2 2 2 -1 2 2 -1 -1 2 -1 -1 -2 1 1 -2 1 1 -2 
    -2 1 -2 -2 1 1 -2 1 1 -2 -2 1 -2 -1 2 -1 -1 2 -1 -2 -2 -2 -1 2 
    2 -1 -1 2 -1 -1 2 2 2 2 2 1 -2 1 1 -2 1 1 1 -2 -2 1 -2 -2 
    1 1 -2 -1 2 2 -1 2 2 -1 -1 2 -1 -1 2 2 -1 -1 2 -1 -1 2 2 1 
    -2 1 1 -2 -2 1 -2 -2 1 -2 -2 1 1 -2 1 1 -2 -2 -1 2 2 -1 2 2 
    -1 -1 2 2 -1 -1 2 2 -1 2 2 -1 -1 -1 2 -1 -1 2 -1 -2 -2 -2 -2 -2 
    1 1 -2 1 1 -2 -2 1 2 2 2 1 -2 1 1 -2 1 2 -1 2 2 -1 -1 -2 
    1 -2 -2 1 2 2 -1 -1 2 -1 -1 2 2 -1 2 2 -1 2 2 -1 -1 2 -1 -2 
    -2 1 1 -2 1 1 -2 -2 1 1 -2 1 1 -2 -2 1 -2 -2 1 2 2 -1 2 2 
    -1 -1 2 -1 -1 2 -1 -1 2 2 -1 2 1 1 -2 -2 1 -2 -2 1 1 -2 -2 1 
    -2 -1 -1 2 2 -1 2 1 1 -2 1 1 -2 -2 1 -2 -2 -2 1 -2 -2 1 1 -2 
    1 1 2 -1 2 2 -1 -1 2 -1 -1 2 -1 -1 2 2 -1 2 2 -1 -1 2 2 -1 
    2 2 -1 -1 -2 1 -2 -2 1 1 -2 1 1 -2 1 1 -2 -2 1 -2 -2 1 1 -2 
    1 1 -2 -2 1 -2 -1 -1 2 -1 -1 2 2 -1 2 2 2 -1 2 2 -1 -1 2 -1 
    -1 -2 1 -2 -2 1 1 -2 1 1 -2 -2 1 1 -2 1 1 -2 -2 1 -2 -2 1 -2 
    -2 1 1 -2 1 2 2 -1 -1 2 -1 -1 2 2 -1 -1 2 -1 -1 2 2 -1 2 -1 
    -1 2 -1 -1 2 2 -1 2 2 -1 2 -1 -1 2 2 -1 2 2 -1 -2 1 -2 -2 1 
    1 -2 1 1 -2 1 -2 -2 1 -2 -2 1 1 -2 1 2 -1 -1 2 -1 -1 2 2 -1 
    2 1 1 -2 -2 1 -2 -2 1 1 -2 -2 -2 1 -2 -2 1 1 -2 1 1 -2 1 -2 
    -2 1 1 -2 1 1 -2 -2 1 1 -2 1 1 -2 -2 -1 2 -1 -1 2 2 -1 2 2 
    -1 2 2 -1 -1 2 -1 -1 2 2 -1 -1 2 2 -1 2 2 -1 -1 -2 1 -2 -2 1 
    1 -2 1 1 -2 -1 2 -1 -1 2 2 -1 2 2 -1 2 -1 -1 2 -1 -1 2 2 -1 
    2 1 -2 -2 1 -2 -2 1 1 -2 1 1 -2 -2 1 1 -2 -2 -1 2 -1 -1 2 2 
    -1 2 2 -1 2 2 -1 -1 2 2 -1 -2 -2 1 -2 -2 1 1 -2 1 1 2 -1 -1 
    2 -1 -1 2 2 -1 2 -1 2 2 -1 -1 2 2 -1 -2 1 -2 -2 1 1 -2 1 1 
    -2 1 -2 -2 1 1 -2 -2 1 -2 1 1 -2 1 1 -2 -2 1 -2 -1 2 2 -1 2 
    2 -1 -1 2 -1 -1 2 2 -1 -1 2 -1 -1 2 2 1 -2 1 1 -2 -2 1 -2 -2 
    1 -2 -2 1 1 -2 1 1 -2 -2 1 1 1 -2 1 1 -2 -2 1 -2 -1 2 2 -1 
    -1 2 -1 -1 2 -1 2 2 -1 -1 2 2 -1 2 -1 -1 2 -1 -1 2 2 -1 2 1 
    -2 -2 1 1 -2 -2 1 -2 1 -2 -2 1 1 -2 1 1 2 -1 2 2 -1 -1 2 -1 
    -1 -1 2 2 -1 -1 2 -1 -1 2 2 -1 2 2 -1 2 2 -1 -1 2 -1 -2 -2 1 
    1 -2 1 1 -2 -2 1 1 -2 1 1 -2 -2 1 -2 -2 1 2 -1 2 2 -1 -1 2 
    -1 -1 2 1 1 -2 1 1 -2 -2 1 -2 -2 -2 1 1 -2 1 1 -2 -2 1 2 -1 
    2 2 -1 -1 2 -1 -1 -1 -1 2 -1 -1 2 2 -1 2 2 1 -2 -2 1 1 -2 -2 
    1 -2 -2 1 -2 -2 1 1 -2 1 2 2 -1 -1 2 2 -1 -1 2 -1 -1 2 2 -1 
    2 2 -1 -2 1 -2 -2 1 1 -2 1 1 -2 1 -2 -2 1 -2 -2 1 1 -2 1 2 
    -1 -1 2 -1 -1 2 2 -1 2 1 1 -2 -2 1 -2 -2 1 1 -2 -2 1 1 -2 1 
    1 -2 -2 1 -2 -2 1 -2 -2 1 1 -2 1 2 2 -1 -1 2 -1 -1 2 2 -1 -1 
    2 -1 -1 2 2 -1 2 -1 -1 2 -1 -1 2 2 -1 2 2 2 -1 -1 2 2 -1 2 
    2 -1 -1 -2 1 -2 -2 1 1 -2 1 1 -2 -1 2 -1 -1 2 2 -1 2 2 -1 2 
    -1 -1 2 -1 -1 2 2 -1 2 1 -2 -2 1 -2 -2 1 1 -2 1 -2 -2 1 -2 -2 
    1 1 -2 1 1 -2 1 -2 -2 1 1 -2 1 1 -2 -2 1 1 -2 1 1 -2 -2 -1 
    2 -1 -1 2 2 -1 2 2 -1 2 2 -1 -1 2 -1 -1 2 1 1 -2 1 1 -2 -2 
    1 -2 -1 2 2 -1 -1 2 -1 -1 2 2 2 -1 2 2 -1 -1 2 -1 -1 -2 1 1 
    -2 1 1 -2 -2 1 -2 -1 2 2 -1 2 2 -1 -1 2 -1 -1 2 2 -1 -1 2 -1 
    -1 2 2 1 -2 1 1 -2 -2 1 -2 -2 1 -2 -2 1 1 -2 1 1 -2 -2 1 1 
    1 -2 1 1 -2 -2 1 -2 -1 -1 2 -1 -1 2 2 -1 2 -1 2 2 -1 -1 2 2 
    -1 -2 1 -2 -2 1 1 -2 1 1 -2 1 -2 -2 1 1 -2 -2 1 -2 1 1 -2 1 
    1 -2 -2 1 2 -1 2 2 -1 -1 2 -1 -1 -1 2 2 -1 -1 2 -1 -1 2 2 -1 
    2 2 -1 2 2 -1 -1 2 -1 -2 -2 1 1 -2 1 1 -2 -2 1 1 -2 1 1 -2 
    -2 1 -2 -2 1 2 -1 2 2 -1 -1 2 -1 -1 2 -1 2 2 -1 -1 2 2 -1 2 
    -1 -1 2 -1 -1 2 2 -1 2 1 -2 -2 1 1 -2 -2 1 -2 1 -2 -2 1 1 -2 
    1 1 -2 
⊙> qc hstxsthxtshxsth
Building gate net (depth 10, SK recursion 3)...
  net: 4842 entries, 871 KB (heap 3699 of 49152 KB)
  single arm : error 3.003450e-4  length 959
  split+fused: error 2.128997e-4  length 1585
  gain       : 1.4x
  unitary    : true
  word check : PASS (residual 7.19e-14)
  heap peak  : 3709 of 49152 KB
  braid word (1585 generators):
    2 2 1 -2 -2 1 -2 1 -2 1 1 -2 1 1 -2 -2 1 -2 -1 2 2 -1 -1 2 
    -1 -1 2 2 2 -1 2 2 -1 -1 2 -1 -1 -2 1 1 -2 1 1 -2 -2 -1 2 2 
    -1 -1 2 2 2 -1 -1 2 2 -1 -1 -2 1 1 -2 -2 1 1 -2 1 1 -2 -2 1 
    1 -2 -2 -2 1 -2 -2 1 1 -2 1 1 -2 -1 -1 2 -1 -1 2 2 -1 2 2 2 
    -1 -1 2 -1 -1 2 2 -1 -2 1 -2 -2 1 1 -2 1 1 -2 1 1 -2 -2 1 -2 
    -2 1 1 2 2 -1 -1 2 2 -1 -1 2 -1 -1 2 2 -1 -1 2 1 1 -2 -2 1 
    1 -2 -2 -2 1 1 -2 -2 1 1 -2 -1 -1 2 2 -1 2 2 -1 -1 2 -1 -1 2 
    -1 -1 2 2 -1 2 1 -2 -2 1 1 -2 1 1 -2 -2 -2 1 -2 -2 1 1 -2 1 
    1 2 -1 -1 2 -1 -1 2 2 -1 2 2 2 2 -1 2 2 -1 -1 2 -1 -1 -2 -2 
    -2 1 1 -2 1 1 -2 -2 1 2 -1 2 2 -1 -1 2 -1 -1 2 -1 -1 -1 2 2 
    -1 -1 -1 -2 -1 -1 2 2 -1 -1 2 2 2 1 1 1 -2 -2 1 1 1 -2 1 1 
    -2 -2 1 1 -2 1 1 -2 1 1 -2 -2 1 -2 -2 -2 1 1 -2 1 1 -2 -2 1 
    -2 -1 2 2 -1 -1 2 -1 -1 2 2 2 1 1 -2 1 1 -2 -2 1 -2 -1 2 2 
    -1 -1 2 -1 -1 2 -1 -1 2 2 -1 -1 2 -1 -1 -1 2 2 -1 -1 -1 -2 -2 -2 
    1 1 -2 -2 1 1 2 1 1 1 -2 -2 1 1 1 1 1 -2 1 1 -2 -2 1 -2 
    -2 -1 2 2 -1 2 2 -1 -1 2 -1 2 2 -1 2 2 -1 -1 2 -1 -2 1 1 -2 
    -2 1 -2 -1 -1 2 2 -1 2 2 -1 -2 1 1 -2 1 1 -2 -2 1 -2 1 -2 -2 
    1 -2 -2 1 1 -2 1 2 -1 2 2 -1 -1 2 -1 -1 2 -1 2 2 -1 -1 2 -1 
    -1 2 2 2 2 2 1 1 -2 1 1 -2 -2 1 -2 -2 -2 -1 2 2 -1 -1 2 -1 
    -1 2 -1 2 2 -1 -1 2 -1 -1 -2 1 1 -2 1 1 -2 -2 1 -2 1 1 -2 1 
    1 -2 -2 1 -2 -1 2 -1 -1 2 2 -1 2 2 -1 2 -1 2 2 -1 -1 2 -1 -1 
    2 1 -2 -2 1 -2 -2 1 1 -2 1 -2 1 1 -2 1 1 -2 -2 1 -2 1 1 -2 
    1 1 -2 -2 1 2 2 2 -1 2 2 -1 -1 2 -1 -1 -2 -2 -1 2 2 -1 -1 2 
    -1 -1 2 -1 2 2 -1 -1 2 -1 -1 2 1 1 -2 1 1 -2 -2 1 -2 -2 -2 1 
    1 -2 1 2 2 -1 -1 2 1 -2 1 1 -2 -2 1 -2 -2 1 -2 1 1 -2 -2 1 
    -2 -2 1 2 2 -1 2 2 -1 -1 2 -1 -1 -1 -1 -1 2 2 -1 -1 -1 -2 -1 -1 
    2 2 -1 -1 2 2 2 1 1 1 -2 -2 1 1 1 -2 1 1 -2 -2 1 1 -2 1 
    1 -2 1 1 -2 -2 1 2 -1 2 2 -1 -1 2 -1 -1 -2 -2 -2 1 1 -2 1 1 
    -2 -2 1 2 -1 2 2 -1 -1 2 -1 -1 2 2 2 -1 2 2 -1 -1 2 -1 -1 2 
    -1 -1 2 2 -1 -1 2 -1 -1 -1 2 2 -1 -1 -1 -2 -2 -2 1 1 -2 -2 1 1 
    2 1 1 1 -2 -2 1 1 1 -2 1 1 -2 1 1 -2 -2 1 -2 -1 2 2 -1 -1 
    2 -1 -1 2 2 2 1 1 -2 1 1 -2 -2 1 -2 -2 -2 -1 2 2 -1 -1 2 -1 
    -1 2 2 2 -1 2 2 -1 -1 2 -1 -1 -2 1 1 -2 1 1 -2 -2 1 -2 1 1 
    -2 1 1 -2 -2 1 2 2 1 1 -2 1 1 -2 -2 1 -2 -2 -2 -1 2 2 -1 -1 
    2 -1 -1 2 -1 2 2 -1 -1 2 -1 -1 2 -1 2 -1 -1 2 2 -1 2 2 -1 -2 
    1 1 -2 1 1 -2 -2 1 -2 1 -2 -2 1 -2 -2 1 1 -2 1 2 -1 2 2 -1 
    -1 2 -1 -1 2 -1 2 2 -1 -1 2 -1 -1 2 1 1 -2 1 1 -2 -2 1 -2 1 
    1 -2 1 1 -2 -2 1 2 2 2 -1 2 2 -1 -1 2 -1 -1 -2 -2 -2 -2 -2 1 
    1 -2 1 1 -2 -2 1 -2 1 1 -2 1 1 -2 -2 1 -2 -1 2 -1 -1 2 2 -1 
    2 2 -1 2 -1 2 2 -1 -1 2 -1 -1 2 1 -2 -2 1 -2 -2 1 1 -2 1 2 
    -1 2 2 -1 -1 2 -1 -1 2 1 1 -2 1 1 -2 -2 1 -2 -2 -2 1 1 -2 1 
    1 -2 -2 1 2 -1 2 2 -1 -1 2 -1 -1 -1 2 -1 -1 2 2 -1 2 2 -1 -2 
    1 1 -2 1 1 -2 -2 1 -2 1 -2 -2 1 -2 -2 1 1 -2 1 2 -1 2 2 -1 
    -1 2 -1 -1 2 1 1 -2 1 1 -2 -2 1 -2 -1 2 2 -1 -1 2 -1 -1 2 2 
    2 -1 2 2 -1 -1 2 -1 -1 -2 1 1 -2 1 1 -2 -2 1 -2 -2 1 1 -2 1 
    1 -2 -2 1 -2 -1 2 -1 -1 2 2 -1 2 2 -1 2 -1 2 2 -1 -1 2 -1 -1 
    2 1 -2 -2 1 -2 -2 1 1 -2 -1 2 2 -1 2 2 -1 -1 2 1 1 -2 -2 1 
    -2 -2 1 1 -2 -2 1 1 -2 -2 1 -2 -2 1 1 2 -1 -1 2 2 -1 2 2 -1 
    -1 -1 2 2 -1 2 2 -1 -1 2 -1 2 -1 -1 2 -1 -1 2 2 -1 2 1 -2 1 
    1 -2 -2 1 -2 -2 1 -2 1 -2 -2 1 1 -2 1 1 -2 1 1 -2 -2 1 -2 -2 
    1 1 -2 -1 -1 2 2 -1 2 2 -1 -1 2 2 -1 -1 2 2 -1 2 2 -1 -1 -2 
    1 1 -2 -2 1 -2 -2 1 1 2 -1 -1 2 -1 -1 2 2 -1 2 -1 2 2 -1 2 
    2 -1 -1 2 -1 -2 1 -2 -2 1 1 -2 1 1 -2 1 -2 1 1 -2 -2 1 -2 -1 
    -1 2 2 -1 2 2 -1 -2 1 1 -2 1 1 -2 -2 1 -2 1 -2 -2 1 -2 -2 1 
    1 -2 1 2 -1 2 2 -1 -1 2 -1 -1 2 2 -1 2 2 -1 -1 2 -1 -1 2 1 
    1 -2 1 1 -2 -2 1 -2 -2 -2 1 1 -2 1 1 -2 -2 1 2 -1 2 2 -1 -1 
    2 -1 -1 -2 1 1 -2 1 1 -2 -2 1 -2 -1 2 -1 -1 2 2 -1 2 2 -1 2 
    -1 2 2 -1 -1 2 -1 -1 2 1 -2 -2 1 -2 -2 1 1 -2 1 1 1 -2 1 1 
    -2 -2 1 -2 -1 2 2 -1 -1 2 -1 -1 2 2 2 -1 2 2 -1 -1 2 -1 -1 -2 
    1 1 -2 1 1 -2 -2 1 -2 -1 2 2 -1 2 2 -1 -1 2 -1 2 -1 -1 2 -1 
    -1 2 2 -1 2 1 -2 1 1 -2 -2 1 -2 -2 1 -2 1 -2 -2 1 1 -2 1 1 
    -2 -1 -1 2 2 -1 2 2 -1 -1 2 1 1 -2 -2 1 -2 -2 1 1 -2 -2 1 1 
    -2 -2 1 -2 -2 1 1 2 -1 -1 2 2 -1 2 2 -1 -1 2 -1 -1 2 -1 -1 2 
    2 -1 2 -1 2 2 -1 2 2 -1 -1 2 -1 -2 1 -2 -2 1 1 -2 1 1 -2 1 
    -2 1 1 -2 -2 1 -2 -2 1 1 1 -2 -2 1 -2 -2 1 1 -2 -1 -1 2 2 -1 
    2 2 -1 -1 2 2 -1 -1 2 2 -1 2 2 -1 -1 -2 1 1 -2 -2 1 -2 -2 1 
    1 
⊙> qc xtshtsxhstxhtsx
Building gate net (depth 10, SK recursion 3)...
  net: 4842 entries, 871 KB (heap 3699 of 49152 KB)
  single arm : error 6.313518e-4  length 999
  split+fused: error 6.313518e-4  length 999
  gain       : 1.0x
  unitary    : true
  word check : PASS (residual 5.10e-14)
  heap peak  : 3707 of 49152 KB
  braid word (999 generators):
    1 -2 -2 1 1 -2 1 -2 1 -2 1 -2 -2 1 1 -2 1 1 2 -1 -1 2 -1 -1 
    2 2 -1 2 -1 -1 2 -1 -1 2 2 -1 2 1 -2 -2 1 1 -2 1 1 -2 -2 1 
    -2 -2 1 1 -2 -2 1 1 1 -2 1 1 -2 -2 1 -2 -2 -1 2 2 -1 -1 2 2 
    -1 2 2 -1 2 2 -1 -1 2 -1 -1 2 -1 2 2 -1 -1 2 -1 -1 2 1 1 -2 
    1 1 -2 -2 1 -2 -2 -2 1 1 -2 1 1 -2 -2 1 -2 1 -2 -2 1 1 -2 -2 
    1 2 2 -1 2 2 -1 -1 2 -1 -1 -1 2 2 -1 -1 2 2 1 -2 1 1 -2 -2 
    1 -2 -1 2 2 -1 -1 2 -1 -1 2 2 2 -1 2 2 -1 -1 2 -1 -1 -2 1 1 
    -2 1 1 -2 -2 1 -2 -1 2 2 -1 2 2 -1 -1 2 1 -2 1 1 -2 -2 1 -2 
    -2 1 -2 1 1 -2 -2 1 -2 -2 1 2 2 -1 2 2 -1 -1 2 -1 -2 -2 1 1 
    -2 1 1 -2 -2 -1 2 -1 -1 2 2 -1 2 2 -1 -2 -2 1 -2 -2 1 1 -2 1 
    1 1 -2 -2 1 -2 -2 1 1 -2 -1 2 -1 -1 2 2 -1 2 2 -1 2 2 -1 -1 
    2 -1 -1 2 2 2 2 -1 -1 2 -1 -1 2 2 1 -2 1 1 -2 -2 1 -2 -2 -1 
    2 2 -1 2 2 -1 -1 2 -1 2 2 -1 2 2 -1 -1 2 -1 -2 1 1 -2 -2 1 
    -2 -2 1 -2 -2 1 1 -2 1 1 -2 -2 1 -2 -2 1 -2 -2 1 1 -2 1 2 -1 
    -1 2 2 -1 2 2 -1 -1 -1 2 -1 -1 2 2 -1 2 2 1 -2 -2 1 -2 -2 1 
    1 -2 1 2 -1 -1 2 2 -1 -1 2 -1 -1 2 -1 -1 2 2 -1 2 1 1 -2 -2 
    1 1 -2 -2 -2 1 -2 -2 1 1 -2 1 2 -1 -1 2 2 -1 2 2 1 1 1 -2 
    -2 1 -2 -2 1 1 -2 -1 -1 -1 2 2 -1 -1 2 -1 -1 2 1 1 -2 -2 1 -2 
    -2 1 1 -2 1 -2 -2 1 1 -2 1 1 -2 -1 -1 2 2 -1 2 2 -1 -1 2 2 
    -1 -1 2 -1 -1 2 2 -1 2 -1 -1 2 -1 -1 2 2 1 -2 1 1 -2 -2 1 1 
    1 2 -1 -1 2 2 -1 2 2 -1 -1 -1 -2 -2 1 -2 -2 1 1 -2 1 -2 -2 1 
    -2 -2 1 1 -2 1 1 -2 1 -2 -2 1 1 -2 1 1 -2 -2 1 1 -2 -2 1 -2 
    -2 1 1 2 -1 -1 2 -1 -1 2 2 -1 2 -1 -1 2 2 -1 2 2 -1 -1 2 -1 
    2 2 -1 2 2 -1 -1 2 -1 -1 2 2 -1 -1 2 -1 -1 2 2 1 -2 1 1 -2 
    -2 1 -2 -2 1 -2 -2 1 1 -2 1 1 -2 -2 -1 2 -1 -1 2 2 -1 2 2 2 
    -1 -1 2 2 -1 -1 -2 1 -2 -2 1 1 -2 1 1 -2 1 1 -2 -2 1 1 -2 -1 
    2 -1 -1 2 2 -1 2 2 -1 -2 -2 1 -2 -2 1 1 -2 1 1 1 -2 -2 1 -2 
    -2 1 1 -2 -1 2 -1 -1 2 2 -1 2 2 -1 2 2 -1 -1 2 -1 -1 2 2 -1 
    2 2 -1 2 2 -1 -1 2 1 -2 1 1 -2 -2 1 -2 -2 1 -2 1 1 -2 -2 1 
    -2 -2 1 2 2 -1 2 2 -1 -1 2 -1 -2 -2 1 1 -2 1 1 -2 -2 -2 -2 1 
    1 -2 1 1 -2 -2 1 -2 -2 1 -2 -2 1 1 -2 1 2 -1 -1 2 2 -1 2 2 
    -1 -1 -1 2 -1 -1 2 2 -1 2 2 1 -2 -2 1 -2 -2 1 1 -2 1 2 2 -1 
    -1 2 -1 -1 2 2 1 -2 1 1 -2 -2 1 -2 -2 -1 2 2 -1 2 2 -1 -1 2 
    -1 2 2 -1 2 2 -1 -1 2 -1 -2 1 1 -2 -2 -1 2 -1 -1 2 2 -1 2 2 
    -1 2 2 -1 -1 2 -1 -2 -2 1 1 -2 1 1 -2 -2 1 1 -2 1 1 -2 -2 1 
    -2 -2 1 -2 1 1 -2 -2 1 -2 -2 1 1 -2 1 -2 -2 1 1 -2 1 1 -2 -1 
    -1 2 2 -1 2 2 -1 -1 2 2 -1 -1 2 -1 -1 2 2 -1 2 -1 -1 2 -1 -1 
    2 2 -1 2 2 -1 2 -1 -1 2 2 -1 2 2 1 1 1 -2 -2 1 -2 -2 1 1 
    -2 -1 -1 -1 2 2 -1 -1 2 -1 -2 -2 1 1 -2 1 1 -2 1 -2 -2 1 1 -2 
    1 1 -2 -2 1 1 -2 -2 1 -2 -2 1 1 2 -1 -1 2 -1 -1 2 2 -1 2 -1 
    -1 2 2 -1 2 2 -1 -1 -2 1 1 -2 1 1 -2 -2 1 1 1 2 -1 -1 2 2 
    -1 2 2 -1 -1 -1 -2 -2 1 -2 -2 1 1 -2 1 
⊙> qc hxstxhsthxstxhstx
Building gate net (depth 10, SK recursion 3)...
  net: 4842 entries, 871 KB (heap 3699 of 49152 KB)
  single arm : error 1.290321e-3  length 1057
  split+fused: error 1.257633e-3  length 1943
  gain       : 1.0x
  unitary    : true
  word check : PASS (residual 9.52e-14)
  heap peak  : 3711 of 49152 KB
  braid word (1943 generators):
    1 -2 -2 -2 -2 1 1 -2 -2 1 1 -2 -2 1 -2 -2 1 1 -2 -1 -1 2 -1 -1 
    2 2 -1 2 2 2 -1 -1 2 2 -1 2 2 -1 -1 -2 -2 1 -2 -2 1 1 -2 1 
    2 2 -1 2 2 -1 -1 2 -1 2 -1 -1 2 2 -1 -1 2 1 -2 1 1 -2 -2 1 
    -2 -2 1 -2 1 1 -2 -2 1 1 -2 -1 2 2 -1 -1 2 -1 -1 2 2 -1 2 2 
    -1 2 2 -1 -1 2 -1 -1 -1 2 -1 -1 2 2 -1 2 2 1 -2 1 1 -2 -2 1 
    -2 -2 1 -2 -2 1 -2 -2 1 1 -2 1 1 2 -1 2 2 -1 -1 2 -1 -1 -2 1 
    1 -2 1 1 -2 -2 1 2 -1 -1 2 2 -1 -1 2 -1 2 2 -1 2 2 -1 -1 2 
    -1 -2 1 1 -2 -2 1 1 -2 1 -2 1 1 -2 -2 1 -2 -2 1 -2 1 1 -2 1 
    1 -2 -2 1 -2 -1 -1 2 -1 -1 2 2 -1 2 2 -1 2 2 -1 2 2 -1 -1 2 
    -1 -2 -2 1 -2 -2 1 1 -2 1 2 2 -1 -1 2 -1 -1 2 2 1 -2 1 1 -2 
    -2 1 -2 -2 1 -2 -2 1 1 -2 1 1 -2 -2 1 1 -2 -2 1 1 -2 1 1 -2 
    -2 1 -2 1 1 -2 -2 1 -2 -2 1 1 -2 -2 1 -2 -2 1 1 2 -1 2 2 -1 
    -1 2 -1 -1 2 -1 -1 2 2 -1 2 2 -1 -1 2 2 -1 -1 2 -1 -1 2 2 2 
    2 -1 -1 2 -1 -1 2 2 -1 -1 2 2 -1 -1 2 -1 -1 2 2 -1 2 2 -1 2 
    2 -1 -1 2 -1 -2 -2 1 1 -2 1 1 -2 -2 1 1 -2 1 1 -2 -2 1 -2 -2 
    1 -2 -2 1 1 -2 1 1 -2 -2 1 1 -2 -2 1 -2 -2 1 1 -2 1 1 -2 1 
    1 -2 -2 1 -2 -1 -1 2 2 -1 2 2 -1 -1 2 2 -1 2 2 -1 -1 2 -1 2 
    -1 -1 2 -1 -1 2 2 -1 2 1 -2 1 1 -2 -2 1 -2 -2 1 -2 1 -2 -2 1 
    1 -2 1 1 -2 -1 2 2 -1 2 2 -1 -1 2 -1 2 -1 2 2 -1 -1 2 -1 -1 
    -2 1 1 -2 -2 1 1 -2 1 1 -2 1 1 -2 -2 1 -2 -1 -1 2 2 -1 -1 2 
    1 1 -2 -2 1 -2 -2 1 2 -1 -1 2 -1 -2 -2 -2 -2 -1 -1 2 2 -1 2 2 
    -1 -1 2 2 2 2 2 1 -2 1 1 -2 -1 2 -1 -1 2 2 1 -2 -2 1 1 2 
    -1 2 2 -1 -1 2 -1 -1 2 -1 -1 2 2 -1 -1 2 1 1 -2 1 1 -2 -2 1 
    -2 -2 -2 1 -2 -2 1 1 -2 1 2 -1 -1 2 -1 -2 -2 -2 -2 -2 1 1 -2 -2 
    1 -2 -2 1 1 2 2 2 2 1 -2 1 1 -2 -1 2 2 -1 2 2 -1 -1 2 2 
    -1 2 2 -1 -1 2 -1 -1 2 1 1 -2 1 1 -2 -2 1 -2 -2 -2 1 1 -2 1 
    1 -2 -2 1 2 -1 2 2 -1 -1 2 -1 -2 1 1 -2 -2 1 -2 -2 1 2 -1 -1 
    2 -1 -1 2 2 -1 2 -1 2 2 -1 2 2 -1 -1 2 -1 -2 1 -2 -2 1 1 -2 
    1 1 -2 1 -2 1 1 -2 -2 1 -2 -2 1 1 -2 -2 1 -2 -2 1 1 2 -1 2 
    2 -1 -1 2 -1 -1 2 -1 -1 2 2 -1 2 2 -1 -1 2 2 -1 -1 2 -1 -1 2 
    2 -1 2 2 -1 2 2 -1 -1 2 -1 -1 2 2 -1 -1 2 -1 -1 2 2 1 -2 1 
    1 -2 -2 1 -2 -2 1 -2 -2 1 1 -2 1 1 -2 -2 1 1 -2 -2 1 1 -2 1 
    1 -2 -2 -2 -2 1 1 -2 1 1 -2 -2 1 1 -2 -2 1 -2 -2 1 1 -2 1 1 
    -2 1 1 -2 -2 1 -2 -1 -1 2 2 -1 2 2 -1 -1 2 2 -1 2 2 -1 -1 2 
    -1 2 2 -1 -1 2 -1 -1 2 2 -1 -1 2 2 -1 -1 2 -1 -1 2 2 -1 2 2 
    -1 2 2 -1 -1 2 -1 -2 -2 1 1 -2 1 1 -2 -2 1 1 -2 1 1 -2 -2 1 
    -2 -2 1 1 1 -2 1 1 -2 -2 1 -2 -1 2 2 -1 -1 2 -1 -1 2 2 2 -1 
    2 2 -1 -1 2 -1 -1 -2 1 1 -2 1 1 -2 -2 1 -2 -2 1 1 -2 -2 1 -2 
    -2 1 2 -1 -1 2 -1 -2 -2 -2 -2 -1 -1 2 2 -1 2 2 -1 -1 2 2 2 2 
    2 1 -2 1 1 -2 -1 2 -1 -1 2 2 -1 2 2 2 -1 2 2 -1 -1 2 -1 -1 
    -2 1 1 -2 -2 1 1 -2 1 1 -2 1 1 -2 -2 1 -2 -1 -1 2 2 -1 -2 -2 
    1 1 -2 1 2 -1 -1 2 -1 -2 -2 -2 -2 -2 1 1 -2 -2 1 -2 -2 1 1 2 
    2 2 2 1 -2 1 1 -2 -1 2 2 -1 2 2 -1 -1 -2 1 1 -2 -2 1 1 2 
    -1 2 2 -1 -1 2 -1 -1 2 -1 -1 2 2 -1 -1 2 1 1 -2 1 1 -2 -2 1 
    -2 -1 2 -1 -1 2 2 -1 2 2 -1 2 -1 -1 2 2 -1 2 2 -1 -2 -2 1 -2 
    -2 1 1 -2 1 1 1 -2 -2 1 -2 -2 1 2 2 -1 -1 2 -1 -1 2 1 1 -2 
    1 1 -2 -2 1 -2 -2 -2 1 1 -2 1 1 -2 -2 1 2 -1 2 2 -1 -1 2 -1 
    -1 2 -1 -1 2 2 -1 2 2 -1 -1 -1 2 -1 -1 2 2 -1 2 2 1 -2 -2 1 
    -2 -2 1 1 -2 1 -2 -2 1 -2 -2 1 1 -2 1 1 1 -2 1 1 -2 -2 1 -2 
    -1 2 2 -1 -1 2 -1 -1 2 2 2 -1 2 2 -1 -1 2 -1 -1 -2 1 1 -2 1 
    1 -2 -2 1 -2 -1 2 -1 -1 2 2 -1 2 2 -1 -2 1 1 -2 -2 1 1 -2 1 
    -2 -2 1 -2 -2 1 1 -2 1 2 -1 -1 2 2 -1 -1 2 2 2 -1 2 2 -1 -1 
    2 -1 -1 -1 2 -1 2 2 -1 -1 -1 -2 -2 1 1 -2 -2 1 1 1 1 1 -2 -2 
    1 -2 1 2 -1 -1 2 2 -1 -1 2 2 -1 -1 2 2 -1 2 1 1 -2 -2 1 -2 
    -2 -2 1 1 -2 -2 1 1 -2 -1 2 -1 -1 2 2 -1 2 2 -1 2 -1 -1 2 2 
    -1 -1 2 1 -2 -2 1 -2 -2 1 1 -2 1 1 1 -2 -2 1 -2 -2 1 1 -2 -2 
    1 1 -2 -2 1 1 -2 -1 2 -1 2 2 -1 -1 -1 -1 -1 2 2 -1 -1 2 2 1 
    1 1 -2 -2 1 -2 1 1 -2 -2 1 1 -2 -2 1 1 1 -2 1 1 -2 -2 1 -2 
    -2 -1 2 2 -1 -1 2 2 -1 2 2 -1 2 2 -1 -1 2 -1 -1 -1 2 2 -1 2 
    2 -1 -1 2 1 -2 1 1 -2 -2 1 -2 -2 1 -2 1 1 -2 -2 1 -2 -2 1 2 
    2 -1 2 2 -1 -1 2 -1 -2 -2 1 1 -2 -2 1 2 2 -1 -1 2 2 -1 -1 -1 
    2 2 -1 -1 2 2 1 -2 -2 1 1 -2 -2 1 1 -2 1 1 -2 -2 1 -2 -2 -1 
    2 2 -1 2 2 -1 -1 2 -1 2 2 -1 2 2 -1 -1 2 -1 -2 1 1 -2 -2 1 
    -2 -2 1 2 2 -1 -1 2 2 -1 -2 -2 1 1 -2 -2 1 1 1 -2 -2 1 1 -2 
    -2 -1 2 2 -1 -1 2 2 -1 2 -1 2 2 -1 -1 2 -1 -1 2 1 1 -2 1 1 
    -2 -2 1 -2 -2 -2 1 1 -2 1 1 -2 -2 1 -2 1 -2 -2 1 1 -2 -2 1 2 
    2 -1 2 2 -1 -1 2 -1 -1 -1 2 2 -1 -1 2 2 -1 -1 2 -1 2 2 -1 -1 
    -1 -2 -2 1 1 -2 -2 1 1 1 1 1 -2 -2 1 -2 1 2 -1 -1 2 2 -1 -1 
    2 2 -1 -1 2 2 -1 2 2 -1 -1 -1 2 -1 -1 2 2 -1 2 2 -1 -2 1 1 
    -2 -2 1 1 -2 1 -2 -2 1 -2 -2 1 1 -2 1 2 -1 -1 2 2 -1 -1 2 2 
    2 -1 2 2 -1 -1 -2 1 -2 -2 1 1 -2 -2 1 1 -2 -2 1 1 -2 -1 2 -1 
    2 2 -1 -1 -1 -1 -1 2 2 -1 -1 2 2 1 1 1 -2 -2 1 -2 1 1 1 -2 
    1 1 -2 -2 1 -2 -2 -2 1 1 -2 -2 1 1 -2 -1 2 -1 -1 2 2 -1 2 2 
    -1 2 -1 -1 2 2 -1 -1 2 1 -2 -2 1 -2 -2 1 1 -2 1 1 1 -2 1 1 
    -2 -2 1 -2 -1 2 2 -1 -1 2 -1 -1 2 2 2 -1 2 2 -1 -1 2 -1 -1 -2 
    1 1 -2 1 1 -2 -2 1 -2 1 -2 -2 1 1 -2 -2 1 2 2 -1 -1 2 2 -1 
    -1 -1 2 2 -1 -1 2 2 1 -2 -2 1 1 -2 -2 -1 2 2 -1 2 2 -1 -1 2 
    1 -2 1 1 -2 -2 1 -2 -2 1 -2 1 1 -2 -2 1 -2 -2 1 2 2 -1 2 2 
    -1 -1 2 -1 -1 2 2 -1 -1 2 2 -1 -2 -2 1 1 -2 -2 1 1 1 -2 -2 1 
    1 -2 -2 -1 2 2 -1 -1 2 2 1 -2 1 1 -2 -2 1 -2 -2 -1 2 2 -1 2 
    2 -1 -1 2 -1 2 2 -1 2 2 -1 -1 2 -1 -2 1 1 -2 -2 1 -2 -2 1 
⊙> qc sthxxhtssthxxhts
Building gate net (depth 10, SK recursion 3)...
  net: 4842 entries, 871 KB (heap 3699 of 49152 KB)
  single arm : error 6.695943e-16  length 5
  split+fused: error 6.695943e-16  length 5
  gain       : 1.0x
  unitary    : true
  word check : PASS (residual 8.67e-16)
  heap peak  : 3699 of 49152 KB
  braid word (5 generators):
    1 1 1 1 1 
⊙> qc hhssttxxhhssttxx
Building gate net (depth 10, SK recursion 3)...
  net: 4842 entries, 871 KB (heap 3699 of 49152 KB)
  single arm : error 6.695943e-16  length 5
  split+fused: error 6.695943e-16  length 5
  gain       : 1.0x
  unitary    : true
  word check : PASS (residual 8.67e-16)
  heap peak  : 3699 of 49152 KB
  braid word (5 generators):
    1 1 1 1 1 
⊙> qc xhstxhstxhstxhstxhst
Building gate net (depth 10, SK recursion 3)...
  net: 4842 entries, 871 KB (heap 3699 of 49152 KB)
  single arm : error 9.039798e-4  length 850
  split+fused: error 5.039530e-4  length 1842
  gain       : 1.8x
  unitary    : true
  word check : PASS (residual 8.51e-14)
  heap peak  : 3709 of 49152 KB
  braid word (1842 generators):
    -2 1 1 -2 -2 1 1 2 -1 -1 2 -1 -1 2 2 -1 -1 2 2 -1 2 2 -1 -1 
    -2 1 1 -2 1 1 -2 -2 1 -2 1 1 -2 -2 1 -2 -2 1 1 -2 -2 1 1 -2 
    -2 -1 2 -1 -1 2 2 -1 2 2 -1 2 2 -1 -1 2 2 -1 -2 -2 1 -2 -2 1 
    1 -2 1 1 1 -2 1 1 -2 -2 1 1 -2 1 -2 1 1 -2 -2 1 -2 -2 1 2 
    -1 -1 2 2 -1 -1 2 -1 2 2 -1 2 2 -1 -1 2 -1 -1 -1 -1 2 -1 -1 2 
    2 -1 2 2 1 -2 -2 1 1 -2 -2 1 -2 -2 1 -2 -2 1 1 -2 1 2 2 -1 
    -1 2 2 1 -2 1 1 -2 -2 1 -2 -2 1 -2 1 1 -2 -2 1 1 -2 -1 2 2 
    -1 2 2 -1 -1 2 -1 2 -1 -1 2 2 -1 -1 2 -1 -1 2 2 -1 2 2 -1 -1 
    2 -1 2 -1 -1 2 2 -1 -1 2 1 -2 1 1 -2 -2 1 -2 -2 1 -2 1 1 -2 
    -2 1 1 -2 -2 -2 -2 1 1 -2 -2 -2 -2 1 1 -2 -2 1 -2 -2 1 1 2 2 
    2 -1 -1 2 2 2 2 2 -1 2 2 -1 -1 2 -1 -1 2 -1 -1 2 2 -1 -1 2 
    -1 2 2 -1 2 2 -1 -1 2 -1 -2 1 1 -2 -2 1 1 -2 1 -2 1 1 -2 -2 
    1 -2 -2 1 1 1 -2 1 1 -2 -2 1 -2 -2 -2 -2 -2 1 1 -2 -2 -2 -1 -1 
    2 2 -1 2 2 -1 -1 2 2 2 2 -1 -1 2 2 2 1 1 -2 -2 1 -2 -2 1 
    2 2 -1 -1 2 -1 -1 2 2 -1 -1 2 2 -1 2 2 -1 -1 -2 -2 1 1 -2 -2 
    1 1 -2 1 1 -2 1 1 -2 -2 1 -2 -1 -1 2 2 -1 -1 2 2 -1 2 2 -1 
    2 2 -1 -1 2 -1 2 -1 2 2 -1 -1 2 -1 -1 2 1 -2 1 1 -2 -2 1 -2 
    -2 1 -2 1 1 -2 1 1 -2 -2 1 -2 -2 -2 1 1 -2 -2 1 1 2 -1 2 2 
    -1 -1 2 -1 -1 2 -1 -1 2 2 -1 -1 2 2 -1 2 2 -1 2 2 -1 -1 2 -1 
    -2 1 1 -2 1 1 -2 -2 1 -2 1 -2 1 1 -2 -2 1 -2 -2 1 2 2 -1 -1 
    2 -1 -1 2 2 1 -2 1 1 -2 -2 1 -2 -2 1 -2 -2 1 1 -2 1 2 2 -1 
    -1 2 -1 -1 2 -1 2 2 -1 -1 2 -1 -1 2 1 1 -2 -2 1 -2 -2 1 1 -2 
    -2 1 1 -2 1 1 -2 -2 -1 2 2 -1 2 2 -1 -1 -2 -2 -2 1 1 -2 -2 -2 
    -2 1 1 -2 -2 1 -2 -2 1 1 2 2 2 -1 -1 2 2 2 2 2 -1 2 2 -1 
    -1 2 -1 -1 -1 2 2 -1 2 2 -1 -1 2 -1 2 -1 -1 2 2 -1 -1 2 1 -2 
    1 1 -2 -2 1 -2 -2 1 -2 1 1 -2 -2 1 1 -2 1 1 -2 1 1 -2 -2 1 
    -2 -2 -2 -2 -2 1 1 -2 -2 -2 -1 -1 2 2 -1 2 2 -1 -1 2 2 2 2 -1 
    -1 2 2 2 2 -1 -1 2 2 -1 -1 2 -1 2 2 -1 2 2 -1 -1 2 -1 -2 1 
    1 -2 -2 1 1 -2 1 -2 1 1 -2 -2 1 -2 -2 1 1 1 -2 1 1 -2 -2 -1 
    2 -1 -1 2 2 -1 2 2 -1 2 2 -1 -1 2 -1 -2 -2 1 1 -2 1 1 -2 -2 
    -1 2 2 -1 2 2 -1 -1 2 -1 2 -1 2 2 -1 -1 2 -1 -1 2 1 -2 1 1 
    -2 -2 1 -2 -2 1 -2 -2 1 1 -2 -2 1 1 -2 1 1 -2 1 1 -2 -2 1 -2 
    -1 -1 2 2 -1 -1 2 2 2 -1 2 2 -1 -1 2 -1 -1 2 -1 2 2 -1 2 2 
    -1 -1 2 -1 -2 1 1 -2 1 1 -2 -2 1 -2 1 -2 1 1 -2 -2 1 -2 -2 1 
    -2 -2 1 1 -2 -2 1 1 2 -1 2 2 -1 -1 2 -1 -1 2 -1 -1 2 2 -1 -1 
    2 1 1 -2 1 1 -2 -2 1 -2 1 1 -2 -2 1 -2 -2 1 2 2 -1 -1 2 -1 
    -1 2 2 -1 -1 2 2 -1 2 1 1 -2 -2 1 -2 -2 -2 1 1 -2 1 1 -2 -2 
    1 2 -1 2 2 -1 -1 2 -1 -1 2 -1 2 2 -1 -1 2 -1 -1 2 1 1 -2 -2 
    1 -2 -2 1 1 -2 -2 1 1 -2 1 1 -2 -2 -1 2 2 -1 2 1 1 -2 -2 1 
    -2 -1 2 2 -1 -1 2 -1 -1 2 2 2 -1 2 2 -1 -1 2 -1 -1 -2 1 1 -2 
    1 1 -2 -2 1 -2 -1 2 2 -1 2 2 -1 -1 2 -1 2 2 -1 2 2 -1 -1 2 
    -1 -2 1 1 -2 -2 1 -2 -2 1 1 1 -2 1 1 -2 -2 1 -2 -2 -2 1 1 -2 
    1 1 -2 -2 1 -2 -1 2 2 -1 2 2 -1 -1 2 -1 2 -1 -1 2 2 -1 -1 2 
    1 -2 1 1 -2 -2 1 -2 -2 1 -2 1 1 -2 -2 1 1 -2 1 1 -2 1 1 -2 
    -2 1 -2 -1 2 2 -1 -1 2 -1 -1 2 2 2 -1 2 2 -1 -1 2 -1 -1 -1 2 
    2 -1 2 2 -1 -1 2 1 -2 1 1 -2 -2 1 -2 -2 1 -2 1 1 -2 -2 1 -2 
    -2 1 2 2 -1 2 2 -1 -1 2 -1 -1 2 -1 -1 2 2 -1 -1 2 -1 2 2 -1 
    2 2 -1 -1 2 -1 -2 1 1 -2 -2 1 1 -2 1 -2 1 1 -2 -2 1 -2 -2 1 
    2 -1 2 2 -1 -1 2 -1 -1 2 -1 2 2 -1 -1 2 -1 -1 2 1 1 -2 1 1 
    -2 -2 1 -2 -2 -2 1 1 -2 1 1 -2 -2 1 1 -2 1 -2 -2 1 -2 -2 1 1 
    -2 -2 1 -2 -2 1 1 2 -1 2 2 -1 2 -1 2 2 -1 2 2 -1 -1 2 -1 -2 
    -2 1 1 -2 -2 1 -2 1 1 -2 -2 1 -2 -2 1 1 -2 1 -2 -2 1 1 -2 1 
    1 -2 -1 -1 2 2 -1 2 2 -1 -1 2 2 -1 -1 2 -1 -1 2 2 -1 2 -1 -1 
    2 -1 -1 2 2 -1 2 2 -1 2 2 -1 -1 2 2 1 -2 1 1 -2 -2 1 -2 -2 
    1 -2 1 -2 -2 1 -2 -1 -1 2 2 -1 2 2 -1 -1 2 2 -1 2 2 -1 2 -1 
    -2 -2 1 -2 -2 1 1 -2 1 1 -2 1 -2 -2 1 1 -2 1 1 -2 -2 1 1 -2 
    -2 1 -2 -2 1 1 2 -1 -1 2 -1 -1 2 2 -1 2 -1 -1 2 2 -1 2 2 -1 
    -1 2 2 -1 -1 2 -1 -1 2 2 -1 2 -1 -1 2 2 -1 2 2 -1 -2 -2 1 1 
    -2 1 1 -2 -2 1 1 -2 -2 1 -2 -2 1 2 2 -1 -1 2 -1 -1 2 2 2 -1 
    2 2 -1 -1 2 -1 -1 -2 1 1 -2 1 1 -2 -2 1 -2 1 1 -2 1 1 -2 -2 
    1 -2 -1 2 2 -1 2 2 -1 -1 2 -1 2 -1 -1 2 2 -1 -1 2 1 -2 1 1 
    -2 -2 1 -2 -2 1 -2 1 1 -2 -2 1 1 -2 1 1 -2 1 1 -2 -2 1 -2 -2 
    -1 2 2 -1 2 2 -1 -1 2 -1 2 2 -1 2 2 -1 -1 2 -1 -2 1 1 -2 -2 
    1 -2 -2 1 1 1 -2 1 1 -2 -2 1 -2 -2 -2 1 1 -2 1 1 -2 -2 1 2 
    -1 2 2 -1 -1 2 -1 -1 2 -1 -1 2 2 -1 -1 2 -1 2 2 -1 2 2 -1 -1 
    2 -1 -2 1 1 -2 -2 1 1 -2 1 -2 1 1 -2 -2 1 -2 -2 1 2 -1 2 2 
    -1 -1 2 -1 -1 2 2 2 -1 2 2 -1 -1 2 -1 -1 -1 2 2 -1 2 2 -1 -1 
    2 1 -2 1 1 -2 -2 1 -2 -2 1 -2 1 1 -2 -2 1 -2 -2 -1 2 2 -1 2 
    2 -1 -1 2 2 -1 -1 2 -1 -1 2 2 1 -2 -2 1 -2 -2 1 1 -2 1 -2 -2 
    1 1 -2 1 1 -2 -2 1 1 -2 -2 1 -2 -2 1 1 -2 1 -2 -2 1 1 -2 1 
    1 -2 -1 -1 2 2 -1 2 2 -1 -1 2 2 -1 -1 2 -1 -1 2 2 -1 2 -1 -1 
    2 -1 -1 2 2 -1 2 2 1 -2 1 -2 -2 1 -2 -2 1 1 -2 -2 1 -2 -2 1 
    1 2 -1 2 2 -1 2 -1 2 2 -1 2 2 -1 -1 2 -1 -2 -2 1 1 -2 -2 1 
    -2 -2 1 -2 -2 1 1 -2 1 1 -2 1 -2 -2 1 1 -2 1 1 -2 -2 1 1 -2 
    -2 1 -2 -2 1 1 2 -1 -1 2 -1 -1 2 2 -1 2 -1 -1 2 2 -1 2 2 -1 
    -1 2 -1 2 2 -1 -1 2 2 1 -2 1 1 -2 -2 1 -2 -2 1 -2 1 -2 -2 1 
    -2 -1 -1 2 2 -1 2 2 -1 -1 2 2 -1 2 2 -1 2 -1 
⊙> qc htsxsxthhtsxsxth
Building gate net (depth 10, SK recursion 3)...
  net: 4842 entries, 871 KB (heap 3699 of 49152 KB)
  single arm : error 8.145314e-4  length 969
  split+fused: error 4.788545e-5  length 3243
  gain       : 17.0x
  unitary    : true
  word check : PASS (residual 1.52e-13)
  heap peak  : 3715 of 49152 KB
  braid word (3243 generators):
    1 -2 -2 1 -2 1 1 1 -2 1 1 -2 1 1 -2 -1 2 2 -1 -1 -1 -2 -1 2 
    2 -1 -1 2 -1 -1 2 2 2 1 1 1 -2 -2 1 -2 1 2 -1 -1 2 2 -1 -1 
    2 -1 -1 2 -1 -1 2 2 -1 2 1 1 -2 -2 1 1 -2 -2 -2 1 -2 -2 1 1 
    -2 1 1 2 2 1 -2 -2 1 1 -2 1 1 -2 -2 -2 -1 -1 2 -1 -1 2 2 -1 
    2 -1 -1 2 -1 -1 2 2 -1 2 2 2 -1 -1 2 2 -1 -1 -2 1 -2 -2 1 1 
    -2 1 1 -2 1 1 -2 -2 1 1 -2 -2 1 -2 -2 1 1 -2 1 1 2 2 2 -1 
    -1 2 -1 -1 2 2 -1 -2 -1 2 2 -1 -1 2 -1 -1 2 1 1 -2 1 1 -2 -2 
    1 -2 -2 -2 1 1 -2 1 1 -2 -2 1 2 -1 2 2 -1 -1 2 -1 -1 -2 1 1 
    -2 1 1 -2 -2 1 -2 -1 -1 2 2 -1 2 2 -1 -1 2 2 -1 2 2 -1 -1 2 
    -1 -1 2 1 1 -2 -2 1 -2 -2 1 1 -2 -2 1 1 -2 -2 1 -2 -2 1 1 1 
    1 -2 1 1 -2 -2 1 -2 -1 2 2 -1 -1 2 -1 -1 2 2 2 -1 2 2 -1 -1 
    2 -1 -1 -2 1 1 -2 1 1 -2 -2 -1 2 2 -1 2 2 -1 -1 -2 1 1 -2 1 
    1 -2 -2 1 -2 -2 1 1 -2 -2 1 -2 -2 1 1 2 -1 2 2 -1 -1 2 -1 -1 
    2 -1 -1 2 2 -1 2 2 -1 -1 2 1 1 -2 -2 1 -2 -2 1 2 2 -1 -1 2 
    -1 -1 2 2 -1 -1 2 2 -1 2 2 -1 -1 -2 1 1 -2 1 1 -2 -2 1 -2 -1 
    2 2 -1 2 2 -1 -1 2 1 -2 1 1 -2 -2 1 -2 -2 1 -2 1 1 -2 -2 1 
    -2 -2 1 2 2 -1 2 2 -1 -1 2 -1 -1 2 -1 2 2 -1 -1 2 -1 -1 2 -1 
    2 -1 -1 2 2 -1 2 2 -1 -2 1 1 -2 1 1 -2 -2 1 -2 1 -2 -2 1 -2 
    -2 1 1 -2 1 2 -1 2 2 -1 -1 2 -1 -1 2 -1 2 2 -1 -1 2 -1 -1 2 
    1 1 -2 1 1 -2 -2 1 -2 1 1 -2 1 1 -2 -2 1 -2 -2 -1 2 2 -1 2 
    2 -1 -1 2 -1 2 2 -1 2 2 -1 -1 2 -1 -2 1 1 -2 -2 1 -2 -2 1 -2 
    -2 1 1 -2 1 1 -2 -2 1 -2 1 1 -2 1 1 -2 -2 1 -2 -1 2 -1 -1 2 
    2 -1 2 2 -1 2 -1 2 2 -1 -1 2 -1 -1 2 1 -2 -2 1 -2 -2 1 1 -2 
    1 -2 -2 1 -2 -2 1 1 -2 1 1 -2 1 -2 -2 1 1 -2 1 1 -2 -1 -1 2 
    -1 -1 2 2 -1 2 2 2 -1 -1 2 -1 -1 2 2 -1 2 2 -1 2 2 -1 -1 2 
    -1 -1 2 1 1 -2 -2 1 -2 -2 1 1 -2 -2 1 1 -2 1 1 -2 -2 -1 2 2 
    -1 2 2 -1 -1 -2 1 1 -2 -2 1 -2 -2 1 1 -2 1 1 -2 1 1 -2 -2 1 
    -2 -1 -1 2 2 -1 2 2 -1 -1 2 2 -1 2 2 -1 -1 2 -1 -1 2 1 1 -2 
    -2 1 -2 -2 1 2 2 -1 -1 2 -1 -1 2 1 1 -2 1 1 -2 -2 1 -2 -2 -2 
    1 1 -2 1 1 -2 -2 1 2 -1 2 2 -1 -1 2 -1 -1 -1 -1 2 2 -1 2 2 
    -1 -1 2 2 -1 -1 2 2 -1 2 2 -1 -1 -2 1 1 -2 1 1 -2 -2 1 -2 -2 
    1 1 -2 -2 1 -2 -2 1 1 2 -1 2 2 -1 -1 2 -1 -1 2 1 1 -2 1 1 
    -2 -2 1 -2 -1 2 2 -1 -1 2 -1 -1 2 2 2 -1 2 2 -1 -1 2 -1 -1 -2 
    1 1 -2 1 1 -2 -2 1 -2 -2 1 -2 -2 1 1 -2 1 1 -2 -2 -2 1 -2 -2 
    1 1 -2 1 1 2 -1 -1 2 -1 -1 2 2 -1 2 -1 -1 2 -1 -1 2 2 -1 2 
    2 -1 2 -1 -1 2 2 -1 2 2 -1 -2 1 1 -2 1 1 -2 -2 1 -2 1 -2 -2 
    1 -2 -2 1 1 -2 1 2 -1 2 2 -1 -1 2 -1 -1 2 -1 2 2 -1 -1 2 -1 
    -1 2 2 -1 2 2 -1 2 2 -1 -1 2 1 -2 1 1 -2 -2 1 -2 -2 1 -2 1 
    1 -2 -2 1 -2 -2 1 2 2 -1 2 2 -1 -1 2 -1 -1 2 -1 2 2 -1 -1 2 
    -1 -1 -2 1 1 -2 1 1 -2 -2 1 -2 1 1 -2 1 1 -2 -2 1 -2 -1 2 -1 
    -1 2 2 -1 2 2 -1 2 -1 2 2 -1 -1 2 -1 -1 2 1 -2 -2 1 -2 -2 1 
    1 -2 1 -2 1 1 -2 1 1 -2 -2 1 -2 1 1 -2 1 1 -2 -2 1 -2 -2 -1 
    2 2 -1 2 2 -1 -1 2 -1 2 2 -1 2 2 -1 -1 2 -1 -2 1 1 -2 -2 1 
    -2 -2 1 1 -2 -2 1 1 -2 -2 -1 2 -1 -1 2 2 -1 2 2 -1 2 2 -1 -1 
    2 2 -1 -2 -2 1 -2 -2 1 1 -2 1 2 2 -1 2 2 -1 -1 2 -1 2 -1 2 
    2 -1 -1 2 -1 -1 2 1 -2 1 1 -2 -2 1 -2 -2 1 -2 1 1 -2 1 1 -2 
    -2 1 -2 -1 -1 2 -1 -1 2 2 -1 2 2 1 -2 -2 1 1 -2 -2 1 -2 -2 1 
    -2 -2 1 1 -2 1 2 2 -1 -1 2 2 -1 2 -1 2 2 -1 -1 2 -1 -1 2 -1 
    2 2 -1 2 2 -1 -1 2 -1 -2 1 1 -2 1 1 -2 -2 1 -2 1 -2 1 1 -2 
    -2 1 -2 -2 1 2 -1 2 2 -1 -1 2 -1 -1 2 1 1 -2 1 1 -2 -2 1 -2 
    -2 -2 1 1 -2 1 1 -2 -2 1 2 -1 2 2 -1 -1 2 -1 -1 -1 2 2 -1 2 
    2 -1 -1 2 1 -2 1 1 -2 -2 1 -2 -2 1 -2 1 1 -2 -2 1 -2 -2 1 2 
    -1 2 2 -1 -1 2 -1 -1 2 2 2 -1 2 2 -1 -1 2 -1 -1 -2 1 1 -2 1 
    1 -2 -2 1 -2 1 1 -2 1 1 -2 -2 1 -2 -2 -1 2 2 -1 2 2 -1 -1 2 
    -1 2 2 -1 2 2 -1 -1 2 -1 -1 2 -1 2 2 -1 -1 2 -1 -1 2 1 -2 1 
    1 -2 -2 1 -2 -2 1 -2 1 1 -2 1 1 -2 -2 1 -2 1 -2 -2 1 1 -2 -2 
    -1 2 -1 -1 2 2 -1 2 2 -1 2 2 -1 -1 2 2 -1 -2 -2 1 -2 -2 1 1 
    -2 1 1 2 -1 2 2 -1 -1 2 -1 -1 2 -1 2 2 -1 2 2 -1 -1 2 -1 -2 
    1 1 -2 1 1 -2 -2 1 -2 1 -2 1 1 -2 -2 1 -2 -2 -1 2 -1 -1 2 2 
    -1 2 2 1 -2 -2 1 1 -2 -2 1 -2 -2 1 -2 -2 1 1 -2 1 2 2 -1 -1 
    2 2 -1 -1 2 2 -1 2 2 -1 -1 2 1 -2 1 1 -2 -2 1 -2 -2 1 -2 1 
    1 -2 -2 1 -2 -2 1 2 2 -1 2 2 -1 -1 2 -1 -1 2 -1 2 2 -1 -1 2 
    -1 -1 2 1 1 -2 1 1 -2 -2 1 -2 -2 -2 1 1 -2 1 1 -2 -2 1 -2 -1 
    2 2 -1 2 2 -1 -1 2 -1 2 2 -1 2 2 -1 -1 2 -1 -2 1 1 -2 -2 1 
    -2 -2 1 1 1 -2 1 1 -2 -2 1 -2 -1 2 2 -1 -1 2 -1 -1 2 2 2 -1 
    2 2 -1 -1 2 -1 -1 -2 1 1 -2 1 1 -2 -2 1 -2 1 -2 -2 1 1 -2 -2 
    -1 2 -1 -1 2 2 -1 2 2 -1 2 2 -1 -1 2 2 -1 -2 -2 1 -2 -2 1 1 
    -2 1 2 -1 -1 2 2 -1 2 2 -1 -2 1 1 -2 -2 1 1 -2 1 -2 -2 1 -2 
    -2 1 1 -2 1 2 -1 -1 2 2 -1 -1 2 -1 -1 2 -1 -1 2 2 -1 2 2 1 
    -2 -2 1 1 -2 -2 1 -2 -2 1 -2 -2 1 1 -2 1 2 2 -1 -1 2 2 -1 -2 
    1 1 -2 -2 1 1 -2 -1 2 -1 -1 2 2 -1 2 2 -1 2 -1 -1 2 2 -1 -1 
    2 1 -2 -2 1 -2 -2 1 1 -2 1 2 -1 2 2 -1 -1 2 -1 -1 2 1 1 -2 
    1 1 -2 -2 1 -2 -2 -2 1 1 -2 1 1 -2 -2 1 2 -1 2 2 -1 -1 2 -1 
    -2 -2 1 1 -2 -2 1 1 1 -2 1 1 -2 -2 1 -2 -2 -1 2 2 -1 -1 2 2 
    -1 2 -1 2 2 -1 -1 2 -1 -1 2 2 2 -1 2 2 -1 -1 2 -1 -1 -2 1 1 
    -2 1 1 -2 -2 1 -2 1 1 -2 1 1 -2 -2 1 -2 -2 1 -2 -2 1 1 -2 -2 
    1 2 2 -1 2 2 -1 -1 2 -1 -1 -1 2 2 -1 -1 2 2 -1 -1 2 -1 -1 2 
    2 -1 2 2 -1 -2 1 1 -2 -2 1 1 -2 1 -2 -2 1 -2 -2 1 1 -2 1 2 
    -1 -1 2 2 -1 -1 2 1 -2 -2 1 1 -2 -2 -1 2 -1 -1 2 2 -1 2 2 -1 
    2 2 -1 -1 2 2 -1 -2 -2 1 -2 -2 1 1 -2 1 1 -2 1 1 -2 -2 1 1 
    -2 -1 2 -1 -1 2 2 -1 2 2 -1 2 -1 -1 2 2 -1 -1 2 1 -2 -2 1 -2 
    -2 1 1 -2 -1 2 -1 -1 2 2 -1 2 2 1 -2 -2 1 1 -2 -2 1 -2 -2 1 
    -2 -2 1 1 -2 1 1 1 1 -2 1 1 -2 -2 1 -2 -2 -1 2 2 -1 -1 2 2 
    -1 2 2 -1 2 2 -1 -1 2 -1 -1 2 -1 2 2 -1 -1 2 -1 -1 2 1 1 -2 
    1 1 -2 -2 1 -2 -2 -2 1 1 -2 1 1 -2 -2 1 -2 1 -2 -2 1 1 -2 -2 
    1 2 2 -1 2 2 -1 -1 2 -1 -1 -1 2 2 -1 -1 2 2 1 -2 1 1 -2 -2 
    1 -2 -1 2 2 -1 -1 2 -1 -1 2 2 2 -1 2 2 -1 -1 2 -1 -1 -2 1 1 
    -2 1 1 -2 -2 1 -2 -1 2 2 -1 2 2 -1 -1 2 1 -2 1 1 -2 -2 1 -2 
    -2 1 -2 1 1 -2 -2 1 -2 -2 1 2 2 -1 2 2 -1 -1 -2 1 -2 -2 1 2 
    2 -1 -1 2 -1 -1 2 2 -1 -1 2 2 -1 2 2 -1 -1 -2 1 1 -2 1 1 -2 
    -2 1 -2 1 1 -2 1 1 -2 -2 1 -2 -2 -1 2 2 -1 2 2 -1 -1 2 -1 2 
    2 -1 2 2 -1 -1 2 -1 -2 1 1 -2 -2 1 -2 -2 1 2 -1 2 2 -1 -1 2 
    -1 -1 2 1 1 -2 -2 1 -2 -2 1 1 -2 -2 1 1 -2 1 1 -2 -2 -1 2 2 
    -1 2 2 -1 -1 -2 1 1 -2 -2 1 1 -2 1 1 -2 1 1 -2 -2 1 -2 -1 -1 
    2 2 -1 -1 2 2 2 -1 2 2 -1 -1 2 -1 -1 -1 2 2 -1 2 2 -1 -1 -2 
    1 1 -2 1 1 -2 -2 1 -2 1 1 -2 -2 1 -2 -2 1 2 2 -1 -1 2 -1 -1 
    2 2 1 -2 1 1 -2 -2 1 -2 -2 -2 1 1 -2 -2 1 1 2 -1 2 2 -1 -1 
    2 -1 -1 2 -1 -1 2 2 -1 -1 2 1 -2 -2 1 1 -2 1 1 -2 -2 -1 2 2 
    -1 2 2 -1 -1 2 -1 2 2 -1 -1 2 -1 -1 2 1 1 -2 -2 1 -2 -2 1 1 
    1 -2 -2 1 -2 -2 1 2 2 -1 -1 2 -1 -1 2 2 -1 -1 2 2 -1 2 2 -1 
    -1 -2 1 1 -2 1 1 -2 -2 1 -2 -1 2 2 -1 2 2 -1 -1 2 1 -2 1 1 
    -2 -2 1 -2 -2 1 -2 1 1 -2 -2 1 -2 -2 1 2 2 -1 2 2 -1 -1 2 -1 
    -1 2 -1 2 2 -1 -1 2 -1 -1 2 1 1 -2 -2 1 -2 -2 1 1 -2 -2 1 1 
    -2 1 1 -2 -2 -1 2 2 -1 2 1 1 -2 -2 1 -2 -2 -1 2 2 -1 2 2 -1 
    -1 2 -1 2 2 -1 2 2 -1 -1 2 -1 -2 -2 1 1 -2 1 1 -2 -2 1 -2 1 
    1 -2 -2 1 -2 -2 1 2 2 -1 -1 2 -1 -1 2 2 -1 -2 1 1 -2 -2 1 1 
    -2 1 1 -2 1 1 -2 -2 1 -2 -1 -1 2 2 -1 -1 2 2 2 -1 2 2 -1 -1 
    2 -1 -2 -2 1 1 -2 1 1 -2 -2 -1 2 2 -1 2 2 -1 -1 2 -1 2 2 -1 
    -1 2 -1 -1 2 1 1 -2 -2 1 -2 -2 1 1 1 -2 1 1 -2 -2 1 -2 -2 -2 
    1 1 -2 -2 1 1 2 -1 2 2 -1 -1 2 -1 -1 2 -1 -1 2 2 -1 -1 2 2 
    -1 2 2 -1 -1 2 -1 -1 2 1 1 -2 1 1 -2 -2 1 -2 -2 -2 1 1 -2 1 
    1 -2 -2 1 2 -1 2 2 -1 -1 2 -1 -1 -1 2 -1 -1 2 2 -1 2 2 -1 -2 
    -2 1 -2 -2 1 1 -2 1 1 1 -2 -2 1 -2 -2 1 1 -2 -1 2 -1 -1 2 2 
    -1 2 2 1 1 -2 1 1 -2 -2 1 -2 -1 2 2 -1 -1 2 -1 -1 2 2 2 -1 
    2 2 -1 -1 2 -1 -1 -2 1 1 -2 1 1 -2 -2 1 -2 -2 -2 1 -2 -2 1 1 
    -2 1 2 -1 -1 2 2 -1 2 2 -1 -1 -1 2 -1 -1 2 2 -1 2 2 1 -2 -2 
    1 -2 -2 1 1 -2 1 1 -2 -2 1 1 -2 1 1 -2 -2 -1 2 2 -1 -1 2 -1 
    -1 2 2 2 2 -1 -1 2 -1 -1 2 2 -1 -2 -2 1 1 -2 1 2 2 -1 -1 2 
    -1 2 -1 -1 2 -1 -1 2 2 -1 2 1 -2 1 1 -2 -2 1 -2 -2 1 -2 1 -2 
    -2 1 1 -2 1 1 -2 -1 2 2 -1 -1 2 -1 -1 2 2 1 -2 -2 1 1 -2 1 
    1 -2 -2 -2 -2 1 1 -2 1 1 -2 -2 1 2 2 -1 -1 2 -1 -1 2 2 -1 2 
    -1 -1 2 -1 -1 2 2 -1 2 -1 2 2 -1 2 2 -1 -1 2 -1 -2 1 -2 -2 1 
    1 -2 1 1 -2 1 -2 1 1 -2 -2 1 -2 -1 -1 2 2 -1 2 2 -1 -2 -2 1 
    -2 -2 1 1 -2 1 1 1 -2 -2 1 -2 -2 1 1 -2 -1 2 -1 -1 2 2 -1 2 
    2 2 -1 2 2 -1 -1 2 -1 -1 2 1 1 -2 1 1 -2 -2 1 -2 -2 -2 1 1 
    -2 1 1 -2 -2 1 2 -1 2 2 -1 -1 2 -1 -1 -2 -2 1 -2 -2 1 1 -2 1 
    2 -1 -1 2 2 -1 2 2 -1 -1 -1 2 -1 -1 2 2 -1 2 2 1 -2 -2 1 -2 
    -2 1 1 -2 1 1 1 -2 1 1 -2 -2 1 -2 -1 2 2 -1 -1 2 -1 -1 2 2 
    2 -1 2 2 -1 -1 2 -1 -1 -2 1 1 -2 1 1 -2 -2 1 -2 -1 2 2 -1 2 
    2 -1 -1 2 -1 2 -1 -1 2 -1 -1 2 2 -1 2 1 -2 1 1 -2 -2 1 -2 -2 
    1 -2 1 -2 -2 1 1 -2 1 1 -2 1 -2 -2 1 1 -2 1 1 -2 -2 -1 2 2 
    -1 -1 2 -1 -1 2 2 2 2 -1 -1 2 -1 -1 2 2 -1 -2 -2 1 1 -2 1 1 
    -2 -2 1 2 -1 -1 2 -1 -1 2 2 -1 2 -1 2 2 -1 2 2 -1 -1 2 -1 -2 
    1 -2 -2 1 1 -2 1 1 -2 1 -2 1 1 -2 -2 -1 2 -1 -1 2 2 1 -2 -2 
    1 1 -2 1 1 -2 -2 -2 -2 1 1 -2 1 1 -2 -2 1 2 2 -1 -1 2 -1 -1 
    2 2 -1 
⊙> qc xxxhhhssstttxxxhhh
Building gate net (depth 10, SK recursion 3)...
  net: 4842 entries, 871 KB (heap 3699 of 49152 KB)
  single arm : error 2.939626e-4  length 655
  split+fused: error 1.671247e-4  length 1177
  gain       : 1.8x
  unitary    : true
  word check : PASS (residual 6.60e-14)
  heap peak  : 3706 of 49152 KB
  braid word (1177 generators):
    1 1 1 2 2 -1 -1 2 -1 2 2 -1 -1 2 -1 -1 2 1 1 -2 1 1 -2 -2 
    1 -2 -2 -2 1 1 -2 1 1 -2 -2 1 2 -1 2 2 -1 -1 2 -1 -1 -1 -1 -1 
    2 2 -1 -1 -1 -2 -2 -2 1 1 -2 -2 1 -2 -2 1 1 2 2 1 1 1 -2 -2 
    1 2 2 -1 2 2 -1 -1 2 1 1 -2 1 1 -2 -2 1 -2 -1 2 2 -1 -1 2 
    -1 -1 2 2 2 -1 2 2 -1 -1 2 -1 -1 -2 1 1 -2 1 1 -2 -2 1 -2 -2 
    1 1 -2 -2 1 -2 -2 -1 2 2 -1 -1 -1 -2 -2 -1 -1 2 2 -1 2 2 -1 -1 
    2 2 2 1 1 1 -2 -2 1 1 1 2 -1 2 2 -1 -1 2 -1 -1 2 1 1 -2 
    1 1 -2 -2 1 -2 -2 -2 1 1 -2 1 1 -2 -2 1 2 -1 2 2 -1 -1 2 -1 
    -1 -2 1 1 -2 -2 1 -2 -2 1 1 -2 1 -2 -2 1 1 -2 1 1 -2 -1 -1 2 
    2 -1 2 2 -1 -1 2 2 -1 -1 2 -1 -1 2 2 -1 2 -1 -1 2 -1 -1 2 2 
    -1 2 2 1 1 -2 1 1 -2 -2 1 -2 -1 2 2 -1 -1 2 -1 -1 2 2 2 -1 
    2 2 -1 -1 2 -1 -1 -2 1 1 -2 1 1 -2 -2 1 -2 -2 -2 1 -2 -2 1 1 
    -2 1 1 -2 1 -2 -2 1 1 -2 1 1 -2 -2 1 1 -2 -2 1 -2 -2 1 1 2 
    -1 -1 2 -1 -1 2 2 -1 2 -1 -1 2 2 -1 2 2 -1 -1 2 -1 -1 -1 2 2 
    -1 -1 -1 -2 -2 -2 1 1 -2 -2 1 -2 -2 1 1 2 2 1 1 1 -2 -2 1 2 
    2 -1 2 2 -1 -1 2 2 -1 2 2 -1 -1 2 -1 -1 2 1 1 -2 1 1 -2 -2 
    1 -2 -2 -2 1 1 -2 1 1 -2 -2 1 2 -1 2 2 -1 -1 2 -1 -1 -2 1 1 
    -2 -2 1 -2 -2 -1 2 2 -1 -1 -1 -2 -2 -1 -1 2 2 -1 2 2 -1 -1 2 2 
    2 1 1 1 -2 -2 1 1 1 1 1 -2 1 1 -2 -2 1 -2 -1 2 2 -1 -1 2 
    -1 -1 2 2 2 -1 2 2 -1 -1 2 -1 -1 -2 1 1 -2 1 1 -2 -2 1 -2 -2 
    1 1 -2 -2 1 -2 -2 1 1 -2 1 -2 -2 1 1 -2 1 1 -2 -1 -1 2 2 -1 
    2 2 -1 -1 2 2 -1 -1 2 -1 -1 2 2 -1 2 -1 -1 2 -1 -1 2 2 -1 2 
    2 2 -1 2 2 -1 -1 2 -1 -1 2 1 1 -2 1 1 -2 -2 1 -2 -2 -2 1 1 
    -2 1 1 -2 -2 1 2 -1 2 2 -1 -1 2 -1 -1 -2 -2 1 -2 -2 1 1 -2 1 
    1 -2 1 -2 -2 1 1 -2 1 1 -2 -2 1 1 -2 -2 1 -2 -2 1 1 2 -1 -1 
    2 -1 -1 2 2 -1 2 -1 -1 2 2 -1 2 2 -1 -1 2 -1 -1 -1 2 2 -1 -1 
    -1 -2 -2 -2 1 1 -2 -2 1 -2 -2 1 1 2 2 1 1 1 -2 -2 1 2 2 -1 
    2 2 -1 -1 2 1 1 -2 1 1 -2 -2 1 -2 -1 2 2 -1 -1 2 -1 -1 2 2 
    2 -1 2 2 -1 -1 2 -1 -1 -2 1 1 -2 1 1 -2 -2 1 -2 -2 1 1 -2 -2 
    1 -2 -2 -1 2 2 -1 -1 -1 -2 -2 -1 -1 2 2 -1 2 2 -1 -1 2 2 2 1 
    1 1 -2 -2 1 1 1 2 -1 2 2 -1 -1 2 -1 -1 2 1 1 -2 1 1 -2 -2 
    1 -2 -2 -2 1 1 -2 1 1 -2 -2 1 2 -1 2 2 -1 -1 2 -1 -1 -1 2 2 
    -1 2 2 -1 -1 2 -1 2 -1 -1 2 -1 -1 2 2 -1 2 1 -2 1 1 -2 -2 1 
    -2 -2 1 -2 1 -2 -2 1 1 -2 1 1 -2 1 1 -2 1 1 -2 -2 1 -2 -1 2 
    2 -1 -1 2 -1 -1 2 2 2 -1 2 2 -1 -1 2 -1 -1 -2 1 1 -2 1 1 -2 
    -2 -1 2 -1 -1 2 2 -1 2 -1 2 2 -1 2 2 -1 -1 2 -1 -2 1 -2 -2 1 
    1 -2 1 1 -2 1 -2 1 1 -2 -2 1 -2 -2 -1 -1 2 2 -1 -1 -1 -2 -2 -2 
    1 1 -2 -2 1 -2 -2 1 1 2 2 1 1 1 -2 -2 1 2 2 -1 2 2 -1 -1 
    2 2 -1 2 2 -1 -1 2 -1 -1 2 1 1 -2 1 1 -2 -2 1 -2 -2 -2 1 1 
    -2 1 1 -2 -2 1 2 -1 2 2 -1 -1 2 -1 -1 -2 1 1 -2 -2 1 -2 -2 -1 
    2 2 -1 -1 -1 -2 -2 -1 -1 2 2 -1 2 2 -1 -1 2 2 2 1 1 1 -2 -2 
    1 1 1 1 1 -2 1 1 -2 -2 1 -2 -1 2 2 -1 -1 2 -1 -1 2 2 2 -1 
    2 2 -1 -1 2 -1 -1 -2 1 1 -2 1 1 -2 -2 1 -2 -1 2 2 -1 2 2 -1 
    -1 2 -1 2 -1 -1 2 -1 -1 2 2 -1 2 1 -2 1 1 -2 -2 1 -2 -2 1 -2 
    1 -2 -2 1 1 -2 1 2 2 -1 -1 2 -1 -1 2 1 1 -2 1 1 -2 -2 1 -2 
    -2 -2 1 1 -2 1 1 -2 -2 1 2 -1 2 2 -1 -1 2 -1 -1 2 -1 -1 2 -1 
    -1 2 2 -1 2 -1 2 2 -1 2 2 -1 -1 2 -1 -2 1 -2 -2 1 1 -2 1 1 
    -2 1 -2 1 1 -2 -2 1 -2 -2 1 1 1 -2 1 1 -2 -2 1 -2 -1 2 2 -1 
    -1 2 -1 -1 2 2 2 -1 2 2 -1 -1 2 -1 -1 -2 1 1 -2 1 1 -2 -2 1 
    -2 
⊙> qc hxsthxsthxsthxsthxsthxst
Building gate net (depth 10, SK recursion 3)...
  net: 4842 entries, 871 KB (heap 3699 of 49152 KB)
  single arm : error 4.515002e-4  length 984
  split+fused: error 2.080573e-4  length 1488
  gain       : 2.2x
  unitary    : true
  word check : PASS (residual 6.57e-14)
  heap peak  : 3708 of 49152 KB
  braid word (1488 generators):
    -2 1 -2 1 -2 -2 -2 -2 1 2 -1 -1 2 -1 -1 2 2 -1 -1 2 2 -1 2 2 
    -1 -1 -2 1 1 -2 1 1 -2 -1 -1 2 2 -1 -1 2 1 -2 1 1 -2 -2 1 -2 
    -2 1 -2 1 1 -2 -2 1 1 -2 1 1 -2 1 1 -2 -2 1 -2 -1 -1 2 -1 -1 
    2 2 -1 2 -1 2 2 -1 -1 2 2 -1 -2 1 -2 -2 1 1 -2 1 1 -2 1 -2 
    -2 1 1 -2 -2 1 -2 1 1 -2 1 1 -2 -2 1 2 -1 2 2 -1 -1 2 -1 -1 
    2 -1 -1 2 2 -1 -1 2 -1 2 2 -1 2 2 -1 -1 2 -1 -2 1 1 -2 -2 1 
    1 -2 1 -2 1 1 -2 -2 1 -2 -2 1 2 -1 2 2 -1 -1 2 -1 -1 2 -1 2 
    2 -1 -1 2 2 -1 2 -1 -1 2 -1 -1 2 2 -1 2 1 -2 -2 1 1 -2 -2 1 
    -2 1 -2 -2 1 1 -2 1 2 -1 -1 2 -1 -2 -2 1 1 -2 1 1 -2 -2 1 1 
    -2 1 1 -2 1 2 -1 2 2 -1 -1 2 -1 -1 2 2 2 -1 -1 2 2 -1 -1 -1 
    -1 2 2 -1 2 2 -1 -1 2 1 1 -2 -2 1 1 -2 -2 -2 1 1 -2 -2 1 -2 
    -2 1 1 -2 1 1 -2 1 1 -2 -2 1 -2 -1 2 -1 -1 2 -1 -1 2 2 -1 -1 
    2 -1 -1 2 2 1 -2 1 1 -2 -1 2 2 -1 2 2 -1 -1 2 2 2 -1 -1 2 
    2 -1 -1 -2 1 1 -2 -2 1 -2 -2 1 1 1 1 -2 -2 1 1 -2 -2 -2 -1 2 
    -1 -1 2 2 1 -2 1 1 -2 -2 1 -2 -2 1 -2 -2 1 1 -2 1 2 2 -1 -1 
    2 -1 -1 2 2 1 -2 -2 1 -2 -2 1 1 -2 -1 2 -1 -1 2 2 -1 2 2 -1 
    2 -1 -1 2 2 -1 2 2 -1 -2 -2 1 -2 -2 1 1 -2 1 -2 1 1 -2 1 1 
    -2 -2 1 -2 -1 2 2 -1 2 2 -1 -1 2 -1 -1 2 2 -1 -1 2 -1 -1 2 2 
    1 -2 1 1 -2 -2 1 -2 -2 1 -2 -2 1 1 -2 1 1 -2 -2 1 1 1 -2 1 
    1 -2 -2 1 -2 -1 2 2 -1 -1 2 -1 -1 2 -1 2 -1 -1 2 2 -1 2 2 1 
    -2 -2 1 -2 -2 1 1 -2 1 -2 -2 1 -2 -2 1 1 -2 1 2 -1 -1 2 2 -1 
    2 2 -1 -1 2 2 -1 2 2 -1 -1 2 -1 -1 -1 2 2 -1 -1 2 -1 -1 2 2 
    -1 2 2 -1 2 2 -1 -1 2 -1 -2 -2 1 1 -2 1 1 -2 -2 1 1 -2 1 1 
    -2 -2 1 -2 -1 -1 2 2 -1 2 2 -1 -2 -2 1 1 -2 1 1 -2 -2 1 1 -2 
    -2 1 -2 -2 1 1 2 -1 -1 2 -1 -1 2 2 1 -2 -2 1 1 -2 1 1 -2 -2 
    -1 2 -1 -1 2 2 -1 2 2 -1 2 2 -1 -1 2 -1 -2 -2 1 1 -2 1 2 2 
    2 -1 -1 2 2 -1 -1 -1 -1 2 2 -1 2 2 -1 -1 2 1 1 -2 -2 1 1 -2 
    -2 -2 1 1 -2 -2 1 -2 -2 1 2 -1 -1 2 -1 -2 -2 1 1 -2 1 1 -2 -2 
    1 1 -2 1 1 -2 1 2 -1 2 2 -1 -1 2 -1 -1 2 -1 -1 2 2 -1 2 2 
    -1 -1 2 2 2 -1 -1 2 2 -1 -1 -2 1 1 -2 -2 1 -2 -2 1 1 1 1 -2 
    -2 1 1 -2 -2 -2 1 1 -2 1 1 -2 -2 1 -2 -1 2 -1 -1 2 -1 -1 2 2 
    -1 -1 2 -1 -1 2 2 1 -2 1 1 -2 1 -2 -2 -2 1 1 -2 1 1 -2 -1 -1 
    2 2 -1 2 2 -1 -1 2 2 -1 -1 2 -1 -1 2 2 1 -2 -2 1 -2 -2 1 1 
    2 -1 2 2 -1 -1 2 -1 -1 2 2 -1 -1 2 -1 -1 2 2 1 -2 1 1 -2 -2 
    1 -2 -2 1 -2 -2 1 1 -2 1 1 -2 -2 1 1 1 -2 1 1 -2 -2 1 -2 -2 
    1 1 -2 -2 1 -2 -2 1 1 -2 -1 2 -1 -1 2 2 -1 2 2 -1 2 -1 -1 2 
    2 -1 2 2 -1 -2 -2 1 -2 -2 1 1 -2 1 -2 1 1 -2 1 1 -2 -2 1 2 
    -1 2 2 -1 -1 2 -1 -1 -1 2 2 -1 -1 2 -1 -1 2 2 -1 2 2 -1 2 2 
    -1 -1 2 -1 -2 -2 1 1 -2 1 1 -2 -2 1 1 -2 1 1 -2 -2 1 -2 -2 1 
    2 -1 2 2 -1 -1 2 -1 -1 2 -1 2 -1 -1 2 2 -1 2 2 1 -2 -2 1 -2 
    -2 1 1 -2 1 -2 -2 1 -2 -2 1 1 -2 1 2 -1 -1 2 2 -1 2 2 -1 -1 
    2 -1 2 2 -1 -1 2 -1 -1 2 1 1 -2 1 1 -2 -2 1 -2 -2 -2 1 1 -2 
    1 1 -2 -2 1 2 -1 2 2 -1 -1 2 -1 -1 -1 2 2 -1 2 2 -1 -1 2 -1 
    -2 1 -2 -2 1 -2 -1 -1 -1 -2 1 1 -2 -2 1 -2 -2 1 1 1 1 1 2 -1 
    2 2 -1 2 1 1 -2 1 1 -2 -2 1 -2 -1 2 2 -1 -1 2 -1 -1 2 2 2 
    -1 2 2 -1 -1 2 -1 -1 -2 1 1 -2 1 1 -2 -2 1 -2 -2 1 -2 -2 1 -2 
    -1 -1 -1 -1 -1 2 2 -1 2 2 -1 -1 2 1 1 1 2 -1 2 2 -1 2 1 -2 
    1 1 -2 -2 1 -2 -2 1 2 2 2 2 -1 -1 2 2 -1 -1 -2 -2 -2 1 1 -2 
    -2 1 1 -2 -2 1 1 -2 1 1 -2 -2 1 -2 1 -2 -2 -2 -1 2 -1 2 2 -1 
    -1 2 -1 -1 2 1 2 2 2 -1 2 -1 -1 2 2 -1 -1 2 2 2 1 1 -2 -2 
    1 1 -2 -2 -2 -2 1 -2 -2 -2 -1 -2 1 1 -2 1 1 -2 -2 1 -2 1 2 2 
    2 -1 2 -1 2 2 -1 -1 2 -1 -1 2 -1 2 2 -1 2 2 -1 -1 2 -1 -2 1 
    -2 -2 1 -2 -1 -1 -1 -2 1 1 -2 -2 1 -2 -2 1 1 1 1 1 2 -1 2 2 
    -1 2 2 -1 2 2 -1 -1 2 -1 -1 2 1 1 -2 1 1 -2 -2 1 -2 -2 -2 1 
    1 -2 1 1 -2 -2 1 2 -1 2 2 -1 -1 2 -1 -1 -2 1 -2 -2 1 -2 -1 -1 
    -1 -1 -1 2 2 -1 2 2 -1 -1 2 1 1 1 2 -1 2 2 -1 2 1 -2 1 1 
    -2 -2 1 -2 -2 1 1 1 -2 1 1 -2 -2 1 -2 -1 2 2 -1 -1 2 -1 -1 2 
    2 2 -1 2 2 -1 -1 2 -1 -1 -2 1 1 -2 1 1 -2 -2 1 -2 -2 1 1 -2 
    1 1 -2 -2 1 -2 1 -2 -2 -2 -1 2 -1 2 2 -1 -1 2 -1 -1 2 1 2 2 
    2 -1 2 2 2 2 -1 -1 2 2 -1 -1 -2 -2 -2 1 1 -2 -2 1 1 -2 1 -2 
    -2 -2 -1 -2 1 1 -2 1 1 -2 -2 1 -2 1 2 2 2 -1 2 -1 2 2 -1 -1 
    2 -1 -1 2 2 -1 -1 2 2 -1 -1 2 2 2 1 1 -2 -2 1 1 -2 -2 -2 -2 
⊙> qc xsttstsxsttstsxsttsts
Building gate net (depth 10, SK recursion 3)...
  net: 4842 entries, 871 KB (heap 3699 of 49152 KB)
  single arm : error 2.852137e-4  length 1068
  split+fused: error 1.641098e-5  length 2136
  gain       : 17.4x
  unitary    : true
  word check : PASS (residual 1.04e-13)
  heap peak  : 3711 of 49152 KB
  braid word (2136 generators):
    2 1 -2 -2 1 -2 1 -2 1 -2 -1 2 2 -1 -1 2 -1 -1 2 2 -1 2 2 -1 
    2 2 -1 -1 2 -1 -2 -2 1 1 -2 1 1 -2 -2 1 1 -2 1 1 -2 -2 1 -2 
    -2 1 -2 -2 1 -2 -2 1 1 -2 1 1 -2 1 -2 -2 1 1 -2 1 1 -2 -1 -1 
    2 -1 -1 2 2 -1 2 2 2 -1 -1 2 -1 -1 2 2 -1 2 -1 2 2 -1 -1 2 
    -1 -1 2 1 1 -2 -2 1 -2 -2 1 1 -2 1 -2 -2 1 1 -2 1 1 -2 -1 -1 
    2 2 -1 2 2 -1 -1 2 2 -1 -1 2 -1 -1 2 2 -1 2 -1 2 2 -1 2 2 
    -1 -1 2 -1 -2 -2 1 1 -2 1 1 -2 -2 1 -2 1 -2 -2 1 1 -2 1 1 -2 
    -2 -2 1 -2 -2 1 1 -2 1 1 2 -1 -1 2 -1 -1 2 2 -1 2 -1 -1 2 -1 
    -1 2 2 -1 2 2 1 -2 1 1 -2 -2 1 -2 -2 1 -2 1 -2 -2 1 1 -2 1 
    1 -2 -2 1 1 -2 -2 1 -2 -2 1 1 2 -1 -1 2 -1 -1 2 2 -1 2 -1 -1 
    2 2 -1 2 2 -1 -1 2 2 -1 -1 2 -1 -1 2 2 -1 2 -1 -1 2 2 -1 2 
    2 -1 -2 -2 1 1 -2 1 1 -2 -2 1 1 -2 -2 1 -2 -2 1 2 2 -1 2 2 
    -1 -1 2 -1 -1 -1 2 -1 -1 2 2 -1 2 2 1 -2 1 1 -2 -2 1 -2 -2 1 
    -2 -2 1 -2 -2 1 1 2 -1 2 2 -1 -1 2 2 -1 -1 2 -1 -1 2 2 1 -2 
    -2 1 -2 -2 1 1 -2 1 -2 -2 1 1 -2 1 1 -2 -1 -1 2 -1 -1 2 2 -1 
    2 2 -1 2 2 -1 2 2 -1 -1 2 -1 -2 -2 1 -2 -2 1 1 -2 1 2 2 -1 
    -1 2 -1 -1 2 2 1 -2 1 1 -2 -2 1 -2 -2 1 -2 -2 1 1 -2 1 1 -2 
    -2 1 -2 1 1 -2 -2 1 -2 -2 1 2 -1 -1 2 -1 -2 -2 -2 -2 -1 -1 2 2 
    -1 2 2 -1 -1 2 2 2 2 2 1 -2 1 1 2 -1 2 2 -1 -1 -2 1 1 -2 
    -2 -1 2 -1 -1 2 2 -1 2 2 -1 2 2 -1 -1 2 2 -1 -2 -2 1 -2 -2 1 
    1 -2 1 1 2 -1 2 2 -1 -1 2 -1 -1 2 1 -2 1 1 -2 -2 1 -2 -1 -1 
    2 -1 -2 -2 -2 -2 -2 1 1 -2 -2 1 -2 -2 1 1 2 2 2 2 1 -2 1 1 
    -2 -1 2 2 -1 2 1 1 -2 -2 1 -2 -1 -1 2 -1 -1 2 2 -1 2 2 1 -2 
    -2 1 1 -2 -2 1 -2 -2 1 -2 -2 1 1 -2 1 2 2 -1 -1 2 2 -1 2 -1 
    -1 2 -1 -1 2 2 -1 2 -1 -1 2 2 -1 2 2 -1 -2 -2 1 1 -2 1 1 -2 
    -2 1 1 -2 -2 1 -2 -2 1 2 2 -1 -1 2 -1 -1 2 2 -1 2 2 -1 2 2 
    -1 -1 2 -1 -2 -2 1 1 -2 1 1 -2 -2 -1 2 -1 -1 2 2 -1 2 2 1 -2 
    1 1 -2 -2 1 -2 -2 1 -2 -2 1 -2 -2 1 1 -2 1 1 2 -1 -1 2 -1 -1 
    2 2 -1 2 -1 -1 2 2 -1 2 2 -1 -2 -2 1 1 -2 1 1 -2 -2 1 1 -2 
    -2 1 -2 -1 -1 2 2 -1 2 2 -1 2 2 -1 2 2 -1 -1 2 -1 -2 -2 1 -2 
    -2 1 1 -2 1 1 1 -2 1 1 -2 -2 1 -2 -2 -1 2 2 -1 2 2 -1 -1 2 
    2 -1 -1 2 -1 -1 2 2 1 -2 -2 1 -2 -2 1 1 -2 1 -2 -2 1 1 -2 1 
    1 -2 -1 -1 2 2 -1 2 2 -1 -1 2 2 -1 -1 2 -1 -1 2 2 1 -2 -2 1 
    -2 -2 1 1 -2 1 -2 -2 1 1 -2 1 1 -2 1 -2 -2 1 1 -2 -2 -1 2 -1 
    -1 2 2 -1 2 2 -1 2 2 -1 -1 2 2 -1 -2 -2 1 -2 -2 1 1 -2 1 1 
    2 -1 2 2 -1 -1 -2 1 -2 -2 1 2 -1 -1 2 -1 -2 -2 -2 -2 -1 -1 2 2 
    -1 2 2 -1 -1 2 2 2 2 2 1 -2 1 1 2 -1 2 2 -1 -1 2 -1 -2 1 
    1 -2 1 1 -2 -2 1 -2 -1 -1 2 -1 -1 2 2 -1 2 2 1 -2 -2 1 1 -2 
    -2 1 -2 -2 1 -2 -2 1 1 -2 1 2 2 -1 -1 2 1 1 -2 -2 1 -2 -1 -1 
    2 -1 -2 -2 -2 -2 -2 1 1 -2 -2 1 -2 -2 1 1 2 2 2 2 1 -2 1 1 
    -2 -1 2 2 -1 2 2 -1 -1 2 1 -2 1 1 -2 -2 1 1 -2 -1 -1 2 2 -1 
    -1 2 -1 -1 2 2 1 2 -1 -1 2 2 -1 -1 2 -1 -2 -2 1 1 -2 1 1 -2 
    -2 1 2 -1 2 2 -1 -1 2 2 -1 -2 -2 -2 1 1 -2 -2 1 1 2 1 -2 -2 
    1 1 -2 -2 1 -2 -1 -1 2 2 -1 -1 2 2 -1 2 2 -1 -1 2 -1 -1 2 2 
    1 -2 1 1 -2 -2 1 1 -2 -1 -2 -2 1 1 -2 1 1 -2 -2 1 1 2 -1 -1 
    2 2 -1 -1 2 -1 -2 -2 1 1 -2 -2 1 1 2 -1 2 2 -1 -1 2 2 -1 -2 
    -1 -1 2 2 -1 -1 2 2 2 1 -2 -1 -1 2 1 1 -2 1 1 -2 -2 1 -2 -2 
    -2 1 1 -2 1 1 -2 -2 1 2 -1 2 2 -1 -1 2 -1 -1 -1 2 -1 -1 2 2 
    -1 2 2 -1 -2 -2 1 1 -2 1 1 -2 -2 1 1 -2 -2 1 -2 -2 1 1 2 -1 
    -1 2 -1 -1 2 2 1 1 -2 1 1 -2 -2 1 -2 -1 2 2 -1 -1 2 -1 -1 2 
    2 2 -1 2 2 -1 -1 2 -1 -1 -2 1 1 -2 1 1 -2 -2 1 -2 -2 -2 1 1 
    -2 1 1 -2 -1 -1 2 2 -1 2 2 -1 -1 2 2 -1 -1 2 -1 -1 2 2 1 -2 
    -2 1 -2 -2 1 1 -2 1 2 -1 2 2 -1 -1 2 2 -1 -2 -2 -2 1 1 -2 -2 
    1 1 2 1 -2 -2 1 1 -2 -2 1 -2 -1 -1 2 2 -1 -1 2 2 1 -2 1 1 
    -2 -2 1 1 -2 -1 -1 2 2 -1 -1 2 -1 -1 2 2 1 2 -1 -1 2 2 -1 -1 
    2 -1 -2 -2 1 1 -2 1 1 -2 -2 1 -2 -2 1 1 -2 -2 1 1 2 -1 2 2 
    -1 -1 2 2 -1 -2 -1 -1 2 2 -1 -1 2 2 2 1 -2 -2 1 1 -2 -2 1 -2 
    -1 2 2 -1 -1 2 -1 -1 2 2 1 -2 1 1 -2 -2 1 1 -2 -1 -2 -2 1 1 
    -2 1 1 -2 -2 1 1 2 -1 -1 2 2 -1 -1 2 -1 -1 2 -1 -1 2 2 -1 2 
    2 -1 -2 -2 1 1 -2 1 1 -2 -2 1 1 -2 -2 1 -2 -2 1 1 2 -1 -1 2 
    -1 -1 2 2 2 -1 2 2 -1 -1 2 -1 -1 2 1 1 -2 1 1 -2 -2 1 -2 -2 
    -2 1 1 -2 1 1 -2 -2 1 2 -1 2 2 -1 -1 2 -1 -1 -2 -2 1 1 -2 1 
    1 -2 -1 -1 2 2 -1 2 2 -1 -1 2 2 -1 -1 2 -1 -1 2 2 1 -2 -2 1 
    -2 -2 1 1 -2 1 1 1 -2 1 1 -2 -2 1 -2 -1 2 2 -1 -1 2 -1 -1 2 
    2 2 -1 2 2 -1 -1 2 -1 -1 -1 2 2 -1 -1 2 -1 -1 2 1 1 -2 1 1 
    -2 -2 1 -2 -2 -2 1 1 -2 1 1 -2 -2 1 -2 -2 1 -2 -2 1 1 -2 1 1 
    1 -2 -2 1 -2 -2 1 1 -2 -1 2 -1 -1 2 2 -1 2 2 -1 2 -1 -1 2 2 
    -1 2 2 -1 -1 2 2 -1 -1 2 -1 -1 2 2 2 -1 2 2 -1 -1 2 -1 -1 -2 
    1 1 -2 1 1 -2 -2 1 -2 1 1 -2 1 1 -2 -2 1 -2 1 -2 -2 1 -2 -2 
    1 1 -2 1 -2 -2 1 -2 -2 1 1 -2 1 2 -1 -1 2 2 -1 2 2 -1 -1 -1 
    2 -1 -1 2 2 -1 2 2 2 -1 2 2 -1 -1 2 -1 -1 2 1 1 -2 1 1 -2 
    -2 1 -2 -2 -2 1 1 -2 1 1 -2 -2 1 2 -1 2 2 -1 -1 2 -1 -1 -1 2 
    -1 -1 2 2 -1 2 2 -1 -2 -2 1 1 -2 1 1 -2 -2 1 1 -2 -2 1 -2 -2 
    1 1 2 -1 -1 2 -1 -1 2 2 1 1 -2 1 1 -2 -2 1 -2 -1 2 2 -1 -1 
    2 -1 -1 2 2 2 -1 2 2 -1 -1 2 -1 -1 -2 1 1 -2 1 1 -2 -2 1 -2 
    -2 -2 1 1 -2 1 1 -2 -1 -1 2 2 -1 2 2 -1 -1 2 2 -1 -1 2 -1 -1 
    2 2 1 -2 -2 1 -2 -2 1 1 -2 1 -2 -2 1 -2 -2 1 1 -2 1 1 1 -2 
    -2 1 -2 -2 1 1 -2 -1 2 -1 -1 2 2 -1 2 2 -1 2 -1 -1 2 2 -1 2 
    2 -1 2 -1 2 2 -1 -1 2 -1 -1 2 -1 2 2 -1 -1 2 -1 -1 2 1 1 -2 
    1 1 -2 -2 1 -2 -2 -2 1 1 -2 1 1 -2 -2 1 1 -2 -2 1 -2 -2 1 1 
    -2 1 -2 -2 1 -2 -2 1 1 -2 1 2 -1 -1 2 2 -1 2 2 -1 -1 -1 2 -1 
    -1 2 2 -1 2 2 -1 2 2 -1 -1 2 -1 -1 2 2 2 -1 2 2 -1 -1 2 -1 
    -1 -2 1 1 -2 1 1 -2 -2 1 -2 1 1 -2 1 1 -2 -2 1 -2 -1 2 -1 -1 
    2 2 -1 2 2 -1 -2 -2 1 1 -2 1 1 -2 -2 1 1 -2 -2 1 -2 -2 1 1 
    2 -1 -1 2 -1 -1 2 2 2 -1 2 2 -1 -1 2 -1 -1 2 1 1 -2 1 1 -2 
    -2 1 -2 -2 -2 1 1 -2 1 1 -2 -2 1 2 -1 2 2 -1 -1 2 -1 -1 -2 -2 
    1 1 -2 1 1 -2 -1 -1 2 2 -1 2 2 -1 -1 2 2 -1 -1 2 -1 -1 2 2 
    1 -2 -2 1 -2 -2 1 1 -2 1 1 1 -2 1 1 -2 -2 1 -2 -1 2 2 -1 -1 
    2 -1 -1 2 2 2 -1 2 2 -1 -1 2 -1 -1 -2 1 1 -2 1 1 -2 -2 1 -2 
⊙> qc hstxhstxhstxhstxhstx
Building gate net (depth 10, SK recursion 3)...
  net: 4842 entries, 871 KB (heap 3699 of 49152 KB)
  single arm : error 2.025965e-4  length 1050
  split+fused: error 1.090560e-4  length 1634
  gain       : 1.9x
  unitary    : true
  word check : PASS (residual 8.20e-14)
  heap peak  : 3709 of 49152 KB
  braid word (1634 generators):
    1 -2 1 1 -2 -2 1 -2 -2 1 1 1 -2 -2 1 1 -2 -2 -1 2 -1 -1 2 2 
    -1 2 2 -1 2 2 -1 -1 2 2 -1 -2 -2 1 -2 -2 1 1 -2 1 1 -2 -2 1 
    1 -2 -2 1 1 -2 1 1 -2 -2 1 1 -2 -1 -1 2 2 -1 -1 2 2 2 -1 -1 
    2 2 -1 -1 2 -1 -1 2 -1 -1 2 2 -1 2 2 1 -2 1 1 -2 -2 1 -2 -2 
    1 -2 -2 1 -2 -2 1 1 -2 1 2 2 -1 2 2 -1 -1 2 -1 -2 1 1 -2 -2 
    1 1 -2 -2 -2 1 1 -2 -2 1 1 2 -1 -1 2 2 -1 -1 2 -1 -1 2 2 -1 
    -1 2 2 1 -2 1 1 -2 -2 1 -2 -2 -1 2 -1 -1 2 2 -1 2 2 -1 2 2 
    -1 2 2 -1 -1 2 -1 -2 -2 1 -2 -2 1 1 -2 1 1 -2 -2 1 1 -2 -2 1 
    1 1 -2 1 1 -2 -2 1 -2 -2 -1 2 2 -1 -1 2 2 -1 2 2 -1 2 2 -1 
    -1 2 -1 -1 2 -1 2 2 -1 -1 2 -1 -1 2 2 2 -1 2 2 -1 -1 2 -1 -2 
    1 1 -2 -2 1 -2 -2 1 1 1 -2 1 1 -2 -2 1 -2 -2 -1 2 2 -1 2 2 
    -1 -1 2 -1 -1 2 2 -1 -1 2 -1 -1 2 1 1 -2 1 1 -2 -2 1 -2 1 1 
    -2 1 1 -2 -2 1 -2 -2 1 -2 -2 1 1 -2 -2 1 2 2 -1 2 2 -1 -1 2 
    -1 -1 -1 2 2 -1 -1 2 2 -1 -2 -2 1 1 -2 1 1 -2 -2 1 1 -2 1 1 
    -2 -2 1 -2 -2 1 2 2 -1 2 2 -1 -1 2 -1 -1 -1 2 2 -1 2 2 -1 -1 
    2 1 -2 1 1 -2 -2 1 -2 -1 -1 2 2 -1 -1 2 -1 -1 2 -1 -1 2 2 -1 
    2 1 1 -2 -2 1 1 -2 -2 -2 1 -2 -2 1 1 -2 1 1 2 -1 2 2 -1 -1 
    2 -1 -1 2 1 1 -2 1 1 -2 -2 1 -2 -2 -2 1 1 -2 1 1 -2 -2 1 2 
    -1 2 2 -1 -1 2 -1 -1 -2 1 1 -2 -2 1 -2 -2 1 1 -2 1 -2 -2 1 1 
    -2 1 1 -2 -1 -1 2 2 -1 2 2 -1 -1 2 2 -1 -1 2 -1 -1 2 2 -1 2 
    -1 -1 2 -1 -1 2 2 -1 2 2 1 1 -2 1 1 -2 -2 1 -2 -1 2 2 -1 -1 
    2 -1 -1 2 2 2 -1 2 2 -1 -1 2 -1 -1 -2 1 1 -2 1 1 -2 -2 1 -2 
    -2 -2 1 -2 -2 1 1 -2 1 1 -2 1 -2 -2 1 1 -2 1 1 -2 -2 1 1 -2 
    -2 1 -2 -2 1 1 2 -1 -1 2 -1 -1 2 2 -1 2 -1 -1 2 2 -1 2 2 -1 
    -1 2 -1 2 2 -1 2 2 -1 -1 2 -1 -1 2 2 -1 -1 2 -1 -1 2 2 1 -2 
    1 1 -2 -2 1 -2 -2 1 -2 -2 1 1 -2 1 1 -2 -2 -1 2 -1 -1 2 2 -1 
    2 2 2 -1 -1 2 2 -1 -1 -2 1 -2 -2 1 1 -2 1 1 -2 1 1 -2 -2 1 
    1 2 -1 2 2 -1 -1 2 -1 -2 1 1 -2 -2 1 -2 -2 1 1 1 -2 1 1 -2 
    -2 1 -2 -2 -1 2 2 -1 2 2 -1 -1 2 -1 -1 2 2 -1 -1 2 -1 -1 2 2 
    1 -2 -2 1 1 -2 -2 1 1 1 -2 1 1 -2 -2 1 -2 -2 -1 2 2 -1 -1 2 
    2 -1 2 2 -1 2 2 -1 -1 2 -1 -1 2 -1 2 2 -1 -1 2 -1 -1 -2 1 1 
    -2 1 1 -2 -2 1 1 -2 1 1 -2 -2 1 -2 -2 1 2 2 -1 2 2 -1 -1 2 
    -1 -1 -1 2 2 -1 2 2 -1 -1 2 1 -2 1 1 -2 -2 1 -2 -2 -2 1 1 -2 
    1 1 -2 -2 1 -2 1 1 -2 1 1 -2 -2 1 -2 -2 1 -2 -2 1 1 -2 -2 1 
    2 2 -1 2 2 -1 -1 2 -1 -1 -1 2 2 -1 -1 2 2 -1 -1 2 2 -1 -1 2 
    -1 -1 2 2 -1 2 2 -1 2 2 -1 -1 2 -1 -2 -2 1 1 -2 1 1 -2 -2 1 
    1 -2 1 1 -2 -2 1 -2 -2 1 -2 1 1 -2 -2 1 -2 -2 1 1 -2 1 -2 -2 
    1 1 -2 1 1 -2 -1 -1 2 2 -1 2 2 -1 -1 2 2 -1 -1 2 -1 -1 2 2 
    -1 2 -1 -1 2 -1 -1 2 2 -1 2 2 2 -1 2 2 -1 -1 2 -1 -1 2 1 1 
    -2 1 1 -2 -2 1 -2 -2 -2 1 1 -2 1 1 -2 -2 1 2 -1 2 2 -1 -1 2 
    -1 -1 -2 -2 1 -2 -2 1 1 -2 1 1 -2 1 -2 -2 1 1 -2 1 1 -2 -2 1 
    1 -2 -2 1 -2 -2 1 1 2 -1 -1 2 -1 -1 2 2 -1 2 -1 -1 2 2 -1 2 
    2 -1 -1 2 1 1 -2 1 1 -2 -2 1 -2 -1 2 2 -1 -1 2 -1 -1 2 2 2 
    -1 2 2 -1 -1 2 -1 -1 -1 2 2 -1 -1 2 -1 -1 2 1 1 -2 1 1 -2 -2 
    1 -2 -2 -2 1 1 -2 1 1 -2 -1 -1 2 2 -1 2 2 -1 -2 1 1 -2 1 1 
    -2 -2 1 -2 1 -2 -2 1 -2 -2 1 1 -2 1 2 -1 2 2 -1 -1 2 -1 -1 2 
    -1 2 2 -1 -1 2 -1 -1 2 2 2 -1 2 2 -1 -1 2 -1 -1 -2 1 1 -2 1 
    1 -2 -2 1 -2 1 1 -2 1 1 -2 -2 1 -2 -2 1 1 -2 1 1 -2 -2 1 -2 
    -1 2 -1 -1 2 2 -1 2 2 -1 2 -1 2 2 -1 -1 2 -1 -1 2 1 -2 -2 1 
    -2 -2 1 1 -2 1 1 -2 -2 1 1 -2 1 1 -2 -2 -1 2 2 -1 -1 2 -1 -1 
    2 2 2 2 -1 -1 2 -1 -1 2 2 -1 -2 -2 1 1 -2 1 2 2 -1 -1 2 -1 
    2 -1 -1 2 -1 -1 2 2 -1 2 1 -2 1 1 -2 -2 1 -2 -2 1 -2 1 -2 -2 
    1 1 -2 1 1 -2 -1 2 2 -1 -1 2 -1 -1 2 2 1 -2 -2 1 1 -2 1 1 
    -2 -2 -2 -2 1 1 -2 1 1 -2 -2 1 2 2 -1 -1 2 -1 -1 2 2 -1 2 -1 
    -1 2 -1 -1 2 2 -1 2 -1 2 2 -1 2 2 -1 -1 2 -1 -2 1 -2 -2 1 1 
    -2 1 1 -2 1 -2 1 1 -2 -2 1 -2 -1 -1 2 2 -1 2 2 -1 -2 1 1 -2 
    1 1 -2 -2 1 -2 1 -2 -2 1 -2 -2 1 1 -2 1 2 -1 2 2 -1 -1 2 -1 
    -1 2 2 -1 2 2 -1 -1 2 -1 -1 2 -1 2 2 -1 -1 2 -1 -1 2 1 1 -2 
    1 1 -2 -2 1 -2 -2 -2 1 1 -2 1 1 -2 -2 1 -2 1 1 -2 1 1 -2 -2 
    1 -2 -1 2 -1 -1 2 2 -1 2 2 -1 2 -1 2 2 -1 -1 2 -1 -1 2 1 -2 
    -2 1 -2 -2 1 1 2 -1 -1 2 -1 -1 2 2 2 -1 2 2 -1 -1 2 -1 -1 -2 
    1 1 -2 1 1 -2 -2 1 -2 1 1 -2 1 1 -2 -2 1 -2 -1 2 2 -1 2 2 
    -1 -1 2 -1 2 -1 -1 2 -1 -1 2 2 -1 2 1 -2 1 1 -2 -2 1 -2 -2 1 
    -2 1 -2 -2 1 1 -2 1 1 -2 1 -2 -2 1 1 -2 1 1 -2 -2 -1 2 2 -1 
    -1 2 -1 -1 2 2 2 2 -1 -1 2 -1 -1 2 2 -1 -2 -2 1 1 -2 1 1 -2 
    -2 1 2 -1 -1 2 -1 -1 2 2 -1 2 -1 2 2 -1 2 2 -1 -1 2 -1 -2 1 
    -2 -2 1 1 -2 1 1 -2 1 -2 1 1 -2 -2 -1 2 -1 -1 2 2 1 -2 -2 1 
    1 -2 1 1 -2 -2 -2 -2 1 1 -2 1 1 -2 -2 1 2 2 -1 -1 2 -1 -1 2 
    2 -1 
⊙> qc xhxsxtxhxsxtxhxsxt
Building gate net (depth 10, SK recursion 3)...
  net: 4842 entries, 871 KB (heap 3699 of 49152 KB)
  single arm : error 1.325721e-3  length 942
  split+fused: error 5.045314e-4  length 1904
  gain       : 2.6x
  unitary    : true
  word check : PASS (residual 8.95e-14)
  heap peak  : 3710 of 49152 KB
  braid word (1904 generators):
    2 -1 2 2 -1 -1 -1 -2 -1 -2 1 -2 1 1 2 2 2 -1 -1 2 -1 2 1 1 
    -2 1 1 -2 -2 1 -2 -2 -1 2 2 -1 2 2 -1 -1 2 -1 2 2 -1 2 2 -1 
    -1 2 -1 -2 1 1 -2 -2 1 -2 -2 1 1 1 -2 1 1 -2 -2 1 -2 -1 -1 2 
    2 -1 -1 2 1 1 -2 1 1 -2 -2 1 -2 -2 -2 1 1 -2 -2 1 1 2 -1 2 
    2 -1 -1 2 -1 -1 2 -1 2 -1 -1 2 -1 -1 2 2 -1 -1 2 -1 -1 -1 2 2 
    -1 2 2 -1 -1 2 1 -2 1 1 -2 -2 1 -2 -2 1 -2 1 1 -2 -2 1 -2 -2 
    1 2 2 -1 2 2 -1 -1 2 -1 -1 2 2 1 -2 1 1 -2 1 -2 1 1 -2 1 
    1 -2 -2 1 -2 -1 -1 2 2 -1 -1 2 2 2 -1 2 2 -1 -1 2 -1 -1 -2 1 
    1 -2 -2 1 2 2 -1 -1 2 -1 -1 2 1 1 -2 1 1 -2 -2 1 -2 -2 -2 1 
    1 -2 1 1 -2 -2 1 -2 1 1 -2 -2 1 -2 -2 1 1 2 -1 2 2 -1 -1 2 
    -1 -1 2 -1 -1 2 2 -1 2 1 1 -2 -2 1 -2 -1 2 2 -1 -1 2 -1 -1 2 
    2 2 -1 2 2 -1 -1 2 -1 -1 -2 1 1 -2 1 1 -2 -2 1 -2 1 1 -2 -2 
    1 -2 -2 1 1 -2 1 1 -2 1 1 -2 -2 1 -2 -1 -1 2 2 -1 2 2 -1 -1 
    2 2 -1 2 2 -1 -1 -2 1 -2 -2 1 2 2 -1 -1 2 -1 -1 2 2 -1 -1 2 
    2 -1 2 2 -1 -1 -2 1 1 -2 1 1 -2 -2 1 -2 1 1 -2 -2 1 -2 -2 1 
    2 2 -1 -1 2 -1 -1 2 2 -1 -1 2 2 -1 2 2 -1 -1 -2 1 1 -2 1 1 
    -2 -2 1 2 -1 2 2 -1 -1 2 -1 -1 2 -1 -1 2 -1 -1 2 2 -1 2 -1 -1 
    2 2 -1 2 2 -1 -2 -2 1 1 -2 1 1 -2 -2 1 1 -2 -2 1 -2 -2 1 1 
    1 -2 1 1 -2 -2 1 -2 -2 1 1 1 -2 1 1 -2 -2 1 -2 -1 2 2 -1 -1 
    2 -1 -1 2 1 1 -2 -2 1 -2 -2 1 1 -2 -2 1 1 -2 1 1 -2 -2 -1 2 
    2 -1 2 2 -1 -1 -1 2 2 -1 2 2 -1 -1 2 -1 -1 -1 2 2 -1 2 2 -1 
    -1 2 2 -1 -1 2 -1 -1 2 2 1 -2 -2 1 -2 -2 1 1 -2 1 -2 -2 1 1 
    -2 1 1 -2 1 -2 -2 1 1 -2 -2 1 1 1 -2 1 1 -2 -2 1 -2 -2 -1 2 
    2 -1 -1 2 2 -1 2 2 -1 2 2 -1 -1 2 -1 -1 2 -1 2 2 -1 -1 2 -1 
    -1 2 1 1 -2 -2 1 -2 -2 1 1 -2 -2 1 1 -2 1 1 -2 -2 -1 2 2 -1 
    2 1 1 -2 -2 1 -2 -2 1 1 -2 -2 1 -2 -2 1 1 2 -1 2 2 -1 -1 2 
    -1 -1 2 -1 -1 2 2 -1 2 2 -1 -1 2 -1 2 2 -1 -1 2 -1 -1 2 1 1 
    -2 1 1 -2 -2 1 -2 -2 -2 1 1 -2 1 1 -2 -2 1 2 -1 2 2 -1 -1 -2 
    1 -2 -2 1 1 -2 1 1 -2 1 1 -2 -2 1 -2 -1 -1 2 2 -1 2 2 -1 -1 
    2 -1 2 2 -1 -1 2 -1 -1 2 2 2 -1 2 2 -1 -1 2 -1 -1 -2 1 1 -2 
    1 1 -2 -2 1 -2 1 1 -2 1 1 -2 -2 1 -2 -2 1 -2 -2 1 1 -2 -2 1 
    2 2 -1 2 2 -1 -1 2 -1 -1 -1 2 2 -1 -1 2 2 -1 2 -1 -1 2 -1 -1 
    2 2 -1 2 -1 -1 2 2 -1 2 2 -1 -2 -2 1 1 -2 1 1 -2 -2 1 1 -2 
    -2 1 -2 -2 1 1 1 -2 1 1 -2 -2 1 -2 -2 1 1 1 -2 -2 1 -2 -2 1 
    2 2 -1 -1 2 -1 -1 2 2 -1 -1 2 2 -1 2 2 -1 -1 -2 1 1 -2 1 1 
    -2 -2 1 2 -1 2 2 -1 -1 2 -1 -1 -1 2 2 -1 2 2 -1 -1 2 -1 -1 -1 
    2 2 -1 2 2 -1 -1 2 2 -1 -1 2 -1 -1 2 2 1 -2 -2 1 -2 -2 1 1 
    -2 1 -2 -2 1 1 -2 1 1 -2 1 1 -2 1 1 -2 -2 1 -2 -1 2 2 -1 -1 
    2 -1 -1 2 1 1 -2 -2 1 -2 -2 1 1 -2 -2 1 1 -2 1 1 -2 -2 -1 2 
    2 -1 2 2 -1 -1 -1 2 2 -1 -1 2 -1 -1 2 2 -1 -1 2 -1 -1 2 2 1 
    -2 1 1 -2 -2 1 -2 -2 1 -2 -2 1 1 -2 1 2 -1 -1 2 2 -1 2 2 -1 
    -2 1 -2 -2 1 1 -2 1 1 -2 1 -2 -2 1 -2 -2 1 1 -2 1 2 -1 -1 2 
    -1 -1 2 2 -1 2 -1 -1 2 -1 -1 2 2 -1 2 2 -1 2 2 -1 -1 2 -1 -2 
    -2 1 1 -2 1 1 -2 -2 1 1 -2 1 1 -2 -2 1 -2 1 -2 -2 1 1 -2 1 
    1 -2 -1 2 -1 -1 2 2 -1 2 2 -1 2 -1 -1 2 -1 -1 2 2 -1 2 1 -2 
    -2 1 -2 -2 1 1 -2 1 2 -1 -1 -1 -2 -2 1 -2 1 1 -2 -2 -2 -1 2 1 
    1 1 -2 1 2 2 2 -1 -1 2 -1 2 -1 2 2 -1 2 2 -1 -1 2 -1 2 -1 
    2 2 -1 -1 2 -1 -1 2 -1 2 2 -1 -1 2 -1 -1 2 1 1 -2 1 1 -2 -2 
    1 -2 -2 -2 1 1 -2 1 1 -2 -2 1 1 1 -2 1 1 -2 -2 1 -2 -2 1 -2 
    1 1 -2 -2 1 -2 -2 1 -2 1 -2 1 1 -2 -2 -2 -1 2 -1 -1 -1 -2 1 2 
    2 2 -1 -1 2 -1 2 2 1 1 1 2 -1 2 2 -1 -1 2 -1 -1 -1 2 2 -1 
    -1 2 -1 -1 2 2 2 -1 2 2 -1 -1 2 -1 -1 -2 1 1 -2 1 1 -2 -2 1 
    -2 1 1 -2 1 1 -2 -2 1 -2 -1 2 2 -1 2 2 -1 -1 2 -1 2 -1 -1 2 
    -1 -1 2 2 -1 2 1 -2 1 1 -2 -2 1 -2 -2 1 -2 1 -2 -2 1 1 -2 1 
    1 -2 -2 1 1 -2 -2 1 -2 -2 -1 -1 -1 2 2 -1 2 2 -1 -1 2 1 1 1 
    1 -2 1 1 -2 -2 1 -2 -1 -1 2 2 -1 2 2 -1 -2 1 -2 -2 1 1 -2 1 
    1 -2 1 -2 -2 1 -2 -2 1 1 -2 1 2 -1 -1 2 -1 -1 2 2 -1 2 1 1 
    -2 1 1 -2 -2 1 -2 -2 -1 2 2 -1 2 2 -1 -1 2 -1 -1 -1 -1 -2 1 1 
    -2 -2 1 -2 -2 1 1 1 2 2 -1 2 2 -1 -1 2 2 2 -1 2 2 -1 -1 2 
    -1 -1 -2 1 -2 -2 1 1 -2 1 1 -2 -1 2 -1 -1 2 2 -1 2 2 -1 2 -1 
    -1 2 -1 -1 2 2 -1 2 1 -2 -2 1 -2 -2 1 1 -2 1 2 -1 2 2 -1 -1 
    2 -1 -1 2 1 1 -2 1 1 -2 -2 1 -2 -2 -2 1 1 -2 1 1 -2 -2 1 2 
    -1 2 2 -1 -1 2 -1 -1 2 -1 -1 2 -1 -1 2 2 -1 2 -1 2 2 -1 2 2 
    -1 -1 2 -1 -2 1 -2 -2 1 1 -2 1 1 -2 1 -2 1 1 -2 -2 1 -2 -2 1 
    2 -1 2 2 -1 -1 2 -1 -1 2 -1 2 2 -1 -1 2 -1 -1 2 1 1 -2 1 1 
    -2 -2 1 -2 -2 -2 1 1 -2 1 1 -2 -2 1 1 1 -2 1 1 -2 -2 1 -2 -1 
    -1 -1 -2 -2 1 -2 1 1 -2 -2 -2 -1 2 1 1 1 -2 1 2 2 2 -1 -1 2 
    -1 2 -1 2 2 -1 2 2 -1 -1 2 -1 2 2 -1 2 2 -1 -1 2 -1 -1 -1 2 
    2 -1 -1 2 -1 -1 2 2 2 -1 2 2 -1 -1 2 -1 -1 -2 1 1 -2 1 1 -2 
    -2 1 -2 1 1 -2 1 1 -2 -2 1 -2 1 -2 1 1 -2 -2 1 -2 -2 1 -2 1 
    -2 1 1 -2 -2 -2 -1 2 -1 -1 -1 -2 1 2 2 2 -1 -1 2 -1 2 2 1 1 
    1 -2 1 1 -2 1 1 -2 -2 1 -2 -1 2 2 -1 -1 2 -1 -1 2 2 2 -1 2 
    2 -1 -1 2 -1 -1 -2 1 1 -2 1 1 -2 -2 1 -2 -1 2 -1 -1 2 2 -1 2 
    2 -1 -2 1 -2 -2 1 1 -2 1 1 -2 1 -2 -2 1 -2 -2 1 1 -2 1 2 -1 
    -1 2 -1 -1 2 2 -1 2 1 1 -2 1 1 -2 -2 1 -2 -2 -2 1 1 -2 -2 1 
    -2 -2 -1 -1 -1 2 2 -1 2 2 -1 -1 2 1 1 1 1 -2 1 1 -2 -2 1 -2 
    -2 1 2 2 -1 2 2 -1 -1 2 -1 -1 -2 1 -2 -2 1 1 -2 1 1 -2 -1 2 
    -1 -1 2 2 -1 2 2 -1 2 -1 -1 2 -1 -1 2 2 -1 2 1 -2 -2 1 -2 -2 
    1 1 2 -1 2 2 -1 -1 2 -1 -1 -1 -1 -2 1 1 -2 -2 1 -2 -2 1 1 1 
    2 2 -1 2 2 -1 -1 2 
⊙> qc htsxhtsxhtsxhtsxhtsx
Building gate net (depth 10, SK recursion 3)...
  net: 4842 entries, 871 KB (heap 3699 of 49152 KB)
  single arm : error 2.025965e-4  length 1050
  split+fused: error 1.090560e-4  length 1634
  gain       : 1.9x
  unitary    : true
  word check : PASS (residual 8.20e-14)
  heap peak  : 3709 of 49152 KB
  braid word (1634 generators):
    1 -2 1 1 -2 -2 1 -2 -2 1 1 1 -2 -2 1 1 -2 -2 -1 2 -1 -1 2 2 
    -1 2 2 -1 2 2 -1 -1 2 2 -1 -2 -2 1 -2 -2 1 1 -2 1 1 -2 -2 1 
    1 -2 -2 1 1 -2 1 1 -2 -2 1 1 -2 -1 -1 2 2 -1 -1 2 2 2 -1 -1 
    2 2 -1 -1 2 -1 -1 2 -1 -1 2 2 -1 2 2 1 -2 1 1 -2 -2 1 -2 -2 
    1 -2 -2 1 -2 -2 1 1 -2 1 2 2 -1 2 2 -1 -1 2 -1 -2 1 1 -2 -2 
    1 1 -2 -2 -2 1 1 -2 -2 1 1 2 -1 -1 2 2 -1 -1 2 -1 -1 2 2 -1 
    -1 2 2 1 -2 1 1 -2 -2 1 -2 -2 -1 2 -1 -1 2 2 -1 2 2 -1 2 2 
    -1 2 2 -1 -1 2 -1 -2 -2 1 -2 -2 1 1 -2 1 1 -2 -2 1 1 -2 -2 1 
    1 1 -2 1 1 -2 -2 1 -2 -2 -1 2 2 -1 -1 2 2 -1 2 2 -1 2 2 -1 
    -1 2 -1 -1 2 -1 2 2 -1 -1 2 -1 -1 2 2 2 -1 2 2 -1 -1 2 -1 -2 
    1 1 -2 -2 1 -2 -2 1 1 1 -2 1 1 -2 -2 1 -2 -2 -1 2 2 -1 2 2 
    -1 -1 2 -1 -1 2 2 -1 -1 2 -1 -1 2 1 1 -2 1 1 -2 -2 1 -2 1 1 
    -2 1 1 -2 -2 1 -2 -2 1 -2 -2 1 1 -2 -2 1 2 2 -1 2 2 -1 -1 2 
    -1 -1 -1 2 2 -1 -1 2 2 -1 -2 -2 1 1 -2 1 1 -2 -2 1 1 -2 1 1 
    -2 -2 1 -2 -2 1 2 2 -1 2 2 -1 -1 2 -1 -1 -1 2 2 -1 2 2 -1 -1 
    2 1 -2 1 1 -2 -2 1 -2 -1 -1 2 2 -1 -1 2 -1 -1 2 -1 -1 2 2 -1 
    2 1 1 -2 -2 1 1 -2 -2 -2 1 -2 -2 1 1 -2 1 1 2 -1 2 2 -1 -1 
    2 -1 -1 2 1 1 -2 1 1 -2 -2 1 -2 -2 -2 1 1 -2 1 1 -2 -2 1 2 
    -1 2 2 -1 -1 2 -1 -1 -2 1 1 -2 -2 1 -2 -2 1 1 -2 1 -2 -2 1 1 
    -2 1 1 -2 -1 -1 2 2 -1 2 2 -1 -1 2 2 -1 -1 2 -1 -1 2 2 -1 2 
    -1 -1 2 -1 -1 2 2 -1 2 2 1 1 -2 1 1 -2 -2 1 -2 -1 2 2 -1 -1 
    2 -1 -1 2 2 2 -1 2 2 -1 -1 2 -1 -1 -2 1 1 -2 1 1 -2 -2 1 -2 
    -2 -2 1 -2 -2 1 1 -2 1 1 -2 1 -2 -2 1 1 -2 1 1 -2 -2 1 1 -2 
    -2 1 -2 -2 1 1 2 -1 -1 2 -1 -1 2 2 -1 2 -1 -1 2 2 -1 2 2 -1 
    -1 2 -1 2 2 -1 2 2 -1 -1 2 -1 -1 2 2 -1 -1 2 -1 -1 2 2 1 -2 
    1 1 -2 -2 1 -2 -2 1 -2 -2 1 1 -2 1 1 -2 -2 -1 2 -1 -1 2 2 -1 
    2 2 2 -1 -1 2 2 -1 -1 -2 1 -2 -2 1 1 -2 1 1 -2 1 1 -2 -2 1 
    1 2 -1 2 2 -1 -1 2 -1 -2 1 1 -2 -2 1 -2 -2 1 1 1 -2 1 1 -2 
    -2 1 -2 -2 -1 2 2 -1 2 2 -1 -1 2 -1 -1 2 2 -1 -1 2 -1 -1 2 2 
    1 -2 -2 1 1 -2 -2 1 1 1 -2 1 1 -2 -2 1 -2 -2 -1 2 2 -1 -1 2 
    2 -1 2 2 -1 2 2 -1 -1 2 -1 -1 2 -1 2 2 -1 -1 2 -1 -1 -2 1 1 
    -2 1 1 -2 -2 1 1 -2 1 1 -2 -2 1 -2 -2 1 2 2 -1 2 2 -1 -1 2 
    -1 -1 -1 2 2 -1 2 2 -1 -1 2 1 -2 1 1 -2 -2 1 -2 -2 -2 1 1 -2 
    1 1 -2 -2 1 -2 1 1 -2 1 1 -2 -2 1 -2 -2 1 -2 -2 1 1 -2 -2 1 
    2 2 -1 2 2 -1 -1 2 -1 -1 -1 2 2 -1 -1 2 2 -1 -1 2 2 -1 -1 2 
    -1 -1 2 2 -1 2 2 -1 2 2 -1 -1 2 -1 -2 -2 1 1 -2 1 1 -2 -2 1 
    1 -2 1 1 -2 -2 1 -2 -2 1 -2 1 1 -2 -2 1 -2 -2 1 1 -2 1 -2 -2 
    1 1 -2 1 1 -2 -1 -1 2 2 -1 2 2 -1 -1 2 2 -1 -1 2 -1 -1 2 2 
    -1 2 -1 -1 2 -1 -1 2 2 -1 2 2 2 -1 2 2 -1 -1 2 -1 -1 2 1 1 
    -2 1 1 -2 -2 1 -2 -2 -2 1 1 -2 1 1 -2 -2 1 2 -1 2 2 -1 -1 2 
    -1 -1 -2 -2 1 -2 -2 1 1 -2 1 1 -2 1 -2 -2 1 1 -2 1 1 -2 -2 1 
    1 -2 -2 1 -2 -2 1 1 2 -1 -1 2 -1 -1 2 2 -1 2 -1 -1 2 2 -1 2 
    2 -1 -1 2 1 1 -2 1 1 -2 -2 1 -2 -1 2 2 -1 -1 2 -1 -1 2 2 2 
    -1 2 2 -1 -1 2 -1 -1 -1 2 2 -1 -1 2 -1 -1 2 1 1 -2 1 1 -2 -2 
    1 -2 -2 -2 1 1 -2 1 1 -2 -1 -1 2 2 -1 2 2 -1 -2 1 1 -2 1 1 
    -2 -2 1 -2 1 -2 -2 1 -2 -2 1 1 -2 1 2 -1 2 2 -1 -1 2 -1 -1 2 
    -1 2 2 -1 -1 2 -1 -1 2 2 2 -1 2 2 -1 -1 2 -1 -1 -2 1 1 -2 1 
    1 -2 -2 1 -2 1 1 -2 1 1 -2 -2 1 -2 -2 1 1 -2 1 1 -2 -2 1 -2 
    -1 2 -1 -1 2 2 -1 2 2 -1 2 -1 2 2 -1 -1 2 -1 -1 2 1 -2 -2 1 
    -2 -2 1 1 -2 1 1 -2 -2 1 1 -2 1 1 -2 -2 -1 2 2 -1 -1 2 -1 -1 
    2 2 2 2 -1 -1 2 -1 -1 2 2 -1 -2 -2 1 1 -2 1 2 2 -1 -1 2 -1 
    2 -1 -1 2 -1 -1 2 2 -1 2 1 -2 1 1 -2 -2 1 -2 -2 1 -2 1 -2 -2 
    1 1 -2 1 1 -2 -1 2 2 -1 -1 2 -1 -1 2 2 1 -2 -2 1 1 -2 1 1 
    -2 -2 -2 -2 1 1 -2 1 1 -2 -2 1 2 2 -1 -1 2 -1 -1 2 2 -1 2 -1 
    -1 2 -1 -1 2 2 -1 2 -1 2 2 -1 2 2 -1 -1 2 -1 -2 1 -2 -2 1 1 
    -2 1 1 -2 1 -2 1 1 -2 -2 1 -2 -1 -1 2 2 -1 2 2 -1 -2 1 1 -2 
    1 1 -2 -2 1 -2 1 -2 -2 1 -2 -2 1 1 -2 1 2 -1 2 2 -1 -1 2 -1 
    -1 2 2 -1 2 2 -1 -1 2 -1 -1 2 -1 2 2 -1 -1 2 -1 -1 2 1 1 -2 
    1 1 -2 -2 1 -2 -2 -2 1 1 -2 1 1 -2 -2 1 -2 1 1 -2 1 1 -2 -2 
    1 -2 -1 2 -1 -1 2 2 -1 2 2 -1 2 -1 2 2 -1 -1 2 -1 -1 2 1 -2 
    -2 1 -2 -2 1 1 2 -1 -1 2 -1 -1 2 2 2 -1 2 2 -1 -1 2 -1 -1 -2 
    1 1 -2 1 1 -2 -2 1 -2 1 1 -2 1 1 -2 -2 1 -2 -1 2 2 -1 2 2 
    -1 -1 2 -1 2 -1 -1 2 -1 -1 2 2 -1 2 1 -2 1 1 -2 -2 1 -2 -2 1 
    -2 1 -2 -2 1 1 -2 1 1 -2 1 -2 -2 1 1 -2 1 1 -2 -2 -1 2 2 -1 
    -1 2 -1 -1 2 2 2 2 -1 -1 2 -1 -1 2 2 -1 -2 -2 1 1 -2 1 1 -2 
    -2 1 2 -1 -1 2 -1 -1 2 2 -1 2 -1 2 2 -1 2 2 -1 -1 2 -1 -2 1 
    -2 -2 1 1 -2 1 1 -2 1 -2 1 1 -2 -2 -1 2 -1 -1 2 2 1 -2 -2 1 
    1 -2 1 1 -2 -2 -2 -2 1 1 -2 1 1 -2 -2 1 2 2 -1 -1 2 -1 -1 2 
    2 -1 
⊙> qc shxtshxtshxtshxtshxt
Building gate net (depth 10, SK recursion 3)...
  net: 4842 entries, 871 KB (heap 3699 of 49152 KB)
  single arm : error 9.636344e-4  length 924
  split+fused: error 3.402491e-4  length 1628
  gain       : 2.8x
  unitary    : true
  word check : PASS (residual 8.69e-14)
  heap peak  : 3709 of 49152 KB
  braid word (1628 generators):
    -2 -2 1 1 -2 1 1 -2 -2 -1 2 -1 -1 2 2 -1 2 2 -1 2 2 -1 -1 2 
    -1 -2 -2 1 1 -2 1 1 -2 -2 1 1 -2 1 2 2 -1 -1 2 -1 2 -1 -1 2 
    2 -1 -1 2 1 -2 1 1 -2 -2 1 -2 -2 1 -2 1 1 -2 -2 1 1 -2 1 -2 
    1 -2 -2 1 -2 -2 1 1 -2 -2 1 -2 -2 1 1 2 -1 2 2 -1 2 -1 2 2 
    -1 2 2 -1 -1 2 -1 -1 2 -1 -1 2 2 -1 -1 2 -1 2 2 -1 2 2 -1 -1 
    2 -1 -2 1 1 -2 -2 1 1 -2 1 -2 1 1 -2 -2 1 -2 -2 1 1 -2 1 -2 
    -2 1 -2 -1 -1 2 2 -1 2 2 -1 -1 2 2 -1 2 2 -1 2 1 -2 1 1 -2 
    -2 1 -2 -1 2 2 -1 -1 2 -1 -1 2 1 1 -2 1 1 -2 -2 1 -2 -2 -2 1 
    1 -2 1 1 -2 -2 1 2 -1 2 2 -1 -1 2 -1 -1 -1 2 2 -1 2 2 -1 -1 
    2 -1 2 -1 -1 2 -1 -1 2 2 -1 2 1 -2 1 1 -2 -2 1 -2 -2 1 -2 1 
    -2 -2 1 1 -2 1 1 -2 1 1 -2 1 1 -2 -2 1 -2 -1 2 2 -1 -1 2 -1 
    -1 2 2 2 -1 2 2 -1 -1 2 -1 -1 -2 1 1 -2 1 1 -2 -2 -1 2 -1 -1 
    2 2 -1 2 -1 2 2 -1 2 2 -1 -1 2 -1 -2 1 -2 -2 1 1 -2 1 1 -2 
    1 -2 1 1 -2 -2 1 -2 -2 1 2 -1 -1 2 2 -1 2 2 -1 -2 -2 1 -2 -2 
    1 1 -2 1 1 1 -2 -2 1 -2 -2 1 1 -2 -1 2 -1 -1 2 2 -1 2 2 -1 
    -1 2 2 -1 2 2 -1 -1 2 -1 -1 -1 2 -1 -1 2 2 -1 2 2 1 -2 1 1 
    -2 -2 1 -2 -2 1 -2 -2 1 -2 -2 1 1 -2 1 2 -1 -1 2 2 -1 2 2 -1 
    -2 1 1 -2 -2 1 1 -2 1 -2 -2 1 -2 -2 1 1 -2 1 2 -1 -1 2 2 -1 
    -1 2 -1 -1 2 -1 -1 2 2 -1 2 2 -1 2 2 -1 2 2 -1 -1 2 -1 -2 -2 
    1 -2 -2 1 1 -2 1 1 1 -2 1 1 -2 -2 1 -2 -2 1 -2 1 1 -2 -2 1 
    1 -2 -1 2 -1 -1 2 2 -1 2 2 -1 2 -1 -1 2 2 -1 -1 2 1 -2 -2 1 
    -2 -2 1 1 -2 1 2 -1 2 2 -1 -1 2 -1 -1 2 1 1 -2 1 1 -2 -2 1 
    -2 -2 -2 1 1 -2 1 1 -2 -2 1 2 -1 2 2 -1 -1 2 -1 -2 -2 1 -2 -2 
    1 1 -2 1 2 -1 -1 2 2 -1 2 2 -1 -1 -1 2 -1 -1 2 2 -1 2 2 1 
    -2 -2 1 -2 -2 1 1 -2 -1 2 2 -1 2 2 -1 -1 2 -1 2 -1 -1 2 -1 -1 
    2 2 -1 2 1 -2 1 1 -2 -2 1 -2 -2 1 -2 1 -2 -2 1 1 -2 1 2 2 
    -1 -1 2 -1 -1 2 1 1 -2 1 1 -2 -2 1 -2 -2 -2 1 1 -2 1 1 -2 -2 
    1 2 -1 2 2 -1 -1 2 -1 -1 2 -1 -1 2 -1 -1 2 2 -1 2 -1 2 2 -1 
    2 2 -1 -1 2 -1 -2 1 -2 -2 1 1 -2 1 1 -2 1 -2 1 1 -2 -2 1 -2 
    -2 1 1 1 -2 1 1 -2 -2 1 -2 -1 2 2 -1 -1 2 -1 -1 2 2 2 -1 2 
    2 -1 -1 2 -1 -1 -2 1 1 -2 1 1 -2 -2 1 -2 1 1 -2 1 1 -2 -2 1 
    -2 -1 2 2 -1 -1 2 -1 -1 2 2 2 -1 2 2 -1 -1 2 -1 -1 -2 1 1 -2 
    1 1 -2 -2 1 -2 -1 2 -1 -1 2 2 -1 2 2 -1 -2 1 1 -2 -2 1 1 -2 
    1 -2 -2 1 -2 -2 1 1 -2 1 2 -1 -1 2 2 -1 -1 2 -1 2 2 -1 2 2 
    -1 -1 2 -1 -1 -1 2 -1 -1 2 2 -1 2 2 1 -2 1 1 -2 -2 1 -2 -2 1 
    -2 -2 1 -2 -2 1 1 -2 1 1 -2 1 1 -2 -2 1 1 -2 -1 2 -1 -1 2 2 
    -1 2 2 -1 2 -1 -1 2 2 -1 -1 2 1 -2 -2 1 -2 -2 1 1 -2 -1 2 -1 
    -1 2 2 -1 2 2 -1 2 2 -1 2 2 -1 -1 2 -1 -2 -2 1 -2 -2 1 1 -2 
    1 1 1 -2 1 1 -2 -2 1 -2 -2 1 1 -2 1 1 -2 -2 1 1 -2 -1 -2 -2 
    1 1 -2 -2 1 1 1 2 -1 -1 2 2 -1 -1 2 -1 -1 -1 2 2 -1 -1 2 2 
    -1 -1 -1 2 2 -1 -1 -1 -2 -2 -1 2 2 -1 -1 2 -1 -1 2 2 2 2 1 1 
    1 -2 -2 1 1 1 -2 -2 1 1 -2 1 1 -2 -2 1 1 1 -2 1 1 -2 -2 1 
    -2 -2 -2 -2 1 1 -2 -2 1 1 1 -2 1 1 -2 -2 1 1 -2 -1 -1 -1 2 2 
    -1 -1 2 2 1 2 -1 -1 2 2 -1 -1 2 -1 2 2 -1 2 2 -1 -1 2 -1 -1 
    -1 2 2 -1 -1 2 -1 -1 2 2 -1 -1 -1 2 2 -1 -1 -1 -2 -2 -2 -2 1 1 
    -2 1 1 -2 -2 1 2 2 1 1 1 -2 -2 1 1 2 -1 -1 2 2 -1 2 2 -1 
    -2 -2 1 1 -2 1 1 -2 -2 1 1 -2 -2 1 -2 -2 1 1 2 -1 -1 2 -1 -1 
    2 2 -1 2 2 -1 -1 2 -1 -1 2 1 1 -2 1 1 -2 -2 1 -2 -2 -2 1 1 
    -2 1 1 -2 -2 1 1 1 -2 1 1 -2 -2 1 -2 -1 2 2 -1 -1 2 -1 -1 -2 
    1 1 -2 1 1 -2 -1 -1 2 2 -1 2 2 -1 -1 2 2 -1 -1 2 -1 -1 2 2 
    1 -2 -2 1 -2 -2 1 1 -2 1 2 2 -1 2 2 -1 -1 2 -1 -1 -1 2 2 -1 
    -1 2 -1 -1 2 2 2 -1 2 2 -1 -1 2 -1 -1 -2 1 1 -2 1 1 -2 -2 1 
    1 1 -2 1 1 -2 -2 1 -2 -2 -2 1 1 -2 1 1 -2 -2 1 2 -1 2 2 -1 
    -1 2 -1 -1 -1 -1 -1 2 2 -1 -1 -1 -2 -2 -1 2 2 -1 -1 2 -1 -1 2 2 
    2 2 1 1 1 -2 -2 1 1 1 -2 -2 1 1 -2 1 1 -2 -2 1 1 1 -2 1 
    1 -2 -2 1 -2 -2 1 -2 1 1 -2 -2 1 1 -2 -1 -2 -2 1 1 -2 -2 1 1 
    1 2 -1 -1 2 2 -1 -1 2 -1 -1 -1 2 2 -1 -1 2 2 2 2 -1 2 2 -1 
    -1 2 -1 -1 -1 2 2 -1 -1 2 -1 -1 2 2 -1 -1 -1 2 2 -1 -1 -1 -2 -2 
    -2 -2 1 1 -2 1 1 -2 -2 1 2 2 1 1 1 -2 -2 1 1 1 -2 -2 1 1 
    -2 -2 1 1 1 -2 1 1 -2 -2 1 1 -2 -1 -1 -1 2 2 -1 -1 2 2 1 2 
    -1 -1 2 2 -1 -1 2 1 -2 1 1 -2 -2 1 -2 -1 2 2 -1 -1 2 -1 -1 2 
    2 2 -1 2 2 -1 -1 2 -1 -1 -1 2 2 -1 -1 2 -1 -1 2 1 1 -2 1 1 
    -2 -2 1 -2 -2 -2 1 1 -2 1 1 -2 -2 1 1 1 -2 1 1 -2 -2 1 -2 -2 
    -1 2 -1 -1 2 2 -1 2 2 -1 -2 -2 1 1 -2 1 1 -2 -2 1 1 -2 -2 1 
    -2 -2 1 1 2 -1 -1 2 -1 -1 2 1 1 -2 1 1 -2 -2 1 2 -1 2 2 -1 
    -1 2 -1 -1 -1 2 2 -1 -1 2 -1 -1 2 2 2 -1 2 2 -1 -1 2 -1 -1 -2 
    1 1 -2 1 1 -2 -2 1 -2 -2 1 1 -2 1 1 -2 -1 -1 2 2 -1 2 2 -1 
    -1 2 2 -1 -1 2 -1 -1 2 2 1 -2 -2 1 -2 -2 1 1 -2 1 
⊙> qc xxsshhttxxsshhtt
Building gate net (depth 10, SK recursion 3)...
  net: 4842 entries, 871 KB (heap 3699 of 49152 KB)
  single arm : error 6.695943e-16  length 5
  split+fused: error 6.695943e-16  length 5
  gain       : 1.0x
  unitary    : true
  word check : PASS (residual 8.67e-16)
  heap peak  : 3699 of 49152 KB
  braid word (5 generators):
    1 1 1 1 1 
⊙> qc hxstxhstxhstxhstxhstxhstx
Building gate net (depth 10, SK recursion 3)...
  net: 4842 entries, 871 KB (heap 3699 of 49152 KB)
  single arm : error 7.748762e-4  length 960
  split+fused: error 7.210570e-4  length 1984
  gain       : 1.1x
  unitary    : true
  word check : PASS (residual 9.49e-14)
  heap peak  : 3710 of 49152 KB
  braid word (1984 generators):
    -1 2 -1 -1 2 -1 -1 -1 2 -1 -1 2 2 -1 -1 2 -1 -1 2 2 1 -2 1 1 
    -2 -2 1 1 -2 -1 -2 -2 1 1 -2 1 1 -2 -2 1 1 2 -1 -1 2 2 -1 -1 
    2 -1 2 2 2 1 1 -2 1 1 -2 -2 1 -2 -2 -2 -1 2 2 -1 -1 2 -1 -2 
    -2 1 1 -2 1 1 -2 -2 1 -2 -2 1 1 -2 1 1 -2 -2 -1 2 2 -1 -1 2 
    -1 -1 2 2 2 2 -1 -1 2 -1 -1 2 2 -1 -2 -2 1 1 -2 1 1 -2 -2 1 
    2 2 -1 -1 2 -1 -1 2 2 1 -2 1 1 -2 -2 1 2 2 2 -1 2 2 -1 -1 
    2 -1 -1 -2 -2 -2 -1 2 2 -1 -1 2 -1 -1 2 2 1 -2 -2 1 1 -2 1 1 
    -2 -2 -2 -2 1 1 -2 1 1 -2 -2 1 2 2 -1 -1 2 -1 -1 2 2 1 -2 -2 
    1 -2 -2 1 1 -2 -2 1 1 -2 -2 1 -2 -2 -1 2 -1 -1 2 2 -1 2 2 -1 
    2 2 -1 2 2 -1 -1 2 -1 2 -1 -1 2 2 -1 2 2 -1 -1 2 2 -1 2 2 
    -1 -1 2 1 -2 1 1 -2 -2 1 -2 -2 1 -2 1 1 -2 -2 1 -2 -2 1 2 2 
    -1 2 2 -1 -1 2 -1 -2 -2 1 1 -2 1 1 -2 -2 1 -2 -2 1 -2 -2 1 1 
    -2 1 -2 1 1 -2 -2 1 -2 -2 1 -2 -2 1 -2 -2 1 1 -2 1 2 2 -1 2 
    2 -1 -1 2 2 -1 -1 2 2 -1 2 2 -1 -1 2 2 -1 -1 2 -1 -1 2 2 1 
    -2 1 1 -2 -2 1 -2 -2 -1 2 2 -1 2 2 -1 -1 2 -1 2 2 -1 2 2 -1 
    -1 2 -1 -1 2 -1 -1 2 -1 -1 2 2 -1 2 1 -2 1 1 -2 -2 1 -2 -2 1 
    -2 1 -2 -2 1 1 -2 1 1 -2 1 -2 -2 1 -2 -2 1 1 -2 1 1 1 -2 -2 
    1 -2 -2 1 1 -2 -1 2 -1 -1 2 2 -1 2 2 -1 2 -1 -1 2 2 -1 2 2 
    -1 -1 -1 2 2 -1 2 2 -1 -1 2 -1 -2 1 1 -2 -2 1 1 -2 1 -2 1 1 
    -2 -2 1 -2 -2 1 2 -1 -1 2 2 -1 -1 2 1 1 -2 -2 1 -2 -2 1 1 -2 
    1 -2 -2 1 -2 -2 1 1 -2 1 2 -1 -1 2 2 -1 2 2 -1 -1 -1 2 -1 -1 
    2 2 -1 2 2 -1 -2 1 1 -2 -2 1 1 -2 -1 2 2 -1 2 2 -1 -1 2 -1 
    2 -1 -1 2 2 -1 -1 2 1 -2 1 1 -2 -2 1 -2 -2 -1 2 2 -1 2 2 -1 
    -1 2 1 1 -2 -2 1 -2 -2 1 1 -2 -2 1 1 -2 -2 1 -2 -2 1 1 2 -1 
    -1 2 2 -1 2 2 -1 -1 2 -1 -1 2 -1 -1 2 2 -1 2 -1 2 2 -1 2 2 
    -1 -1 2 -1 -2 1 -2 -2 1 1 -2 1 1 -2 1 1 -2 1 1 -2 -2 1 -2 -2 
    1 -2 1 1 -2 -2 1 -2 -2 1 2 2 -1 2 2 -1 -1 2 -1 -2 -2 1 1 -2 
    1 1 -2 -2 1 1 -2 -2 1 -2 -2 1 1 -2 -2 1 1 -2 -2 1 -2 -2 -1 2 
    -1 -1 2 2 -1 2 2 -1 2 2 -1 2 2 -1 -1 2 -1 2 -1 -1 2 2 -1 2 
    2 -1 2 2 -1 -1 2 -1 -1 2 2 1 -2 1 1 -2 -2 1 -2 -2 -1 2 2 -1 
    2 2 -1 -1 2 -1 2 2 -1 2 2 -1 -1 2 -1 -2 1 1 -2 -2 1 -2 -2 1 
    1 -2 -2 1 -2 -2 1 1 -2 1 -2 1 1 -2 -2 1 -2 -2 1 -2 -2 1 -2 -2 
    1 1 -2 1 2 2 -1 2 2 -1 -1 2 -1 -1 2 2 -1 2 2 -1 -1 2 2 -1 
    -1 2 2 -1 2 2 -1 -1 -2 1 1 -2 -2 1 -2 -2 1 2 2 -1 2 2 -1 -1 
    2 -1 -2 1 1 -2 -2 1 1 -2 1 -2 1 1 -2 -2 1 -2 -2 1 2 -1 -1 2 
    2 -1 -1 2 1 -2 -2 1 -2 -2 1 1 -2 1 1 1 -2 -2 1 -2 -2 1 1 -2 
    -1 2 -1 -1 2 2 -1 2 2 -1 2 -1 -1 2 2 -1 2 2 -1 -1 -2 1 1 -2 
    -2 1 1 -2 -1 2 2 -1 2 2 -1 -1 2 -1 2 -1 -1 2 2 -1 -1 2 1 -2 
    1 1 -2 -2 1 -2 -2 1 1 1 -2 -2 1 -2 -2 1 1 -2 1 -2 -2 1 -2 -2 
    1 1 -2 1 2 -1 -1 2 2 -1 2 2 -1 -1 -1 2 -1 -1 2 2 -1 2 2 1 
    -2 1 1 -2 -2 1 -2 -2 -1 2 2 -1 2 2 -1 -1 2 -1 2 2 -1 2 2 -1 
    -1 2 -1 -2 1 1 -2 -2 1 -2 -2 1 2 -1 2 2 -1 -1 2 -1 -1 2 -1 2 
    2 -1 -1 2 -1 -1 2 1 1 -2 1 1 -2 -2 1 -2 -2 -2 1 1 -2 1 2 2 
    -1 -1 2 1 -2 1 1 -2 -2 1 -2 -2 1 -2 1 1 -2 -2 1 -2 -2 1 2 2 
    -1 2 2 -1 -1 2 -1 -1 -1 2 2 -1 -1 2 -1 -1 2 2 2 -1 2 2 -1 -1 
    2 -1 -1 -2 1 1 -2 1 1 -2 -2 1 -2 1 1 -2 1 1 -2 -2 1 -2 1 1 
    -2 -2 1 -2 -2 1 2 2 -1 -1 2 -1 -1 2 2 -1 -1 2 2 -1 2 2 -1 -1 
    -2 1 1 -2 1 1 -2 -2 1 -2 -1 2 -1 -1 2 2 -1 2 2 -1 -1 2 2 -1 
    -1 2 -1 -1 2 2 -1 -1 -1 2 2 -1 -1 -1 -2 -2 -2 -2 1 1 -2 1 1 -2 
    -2 1 2 2 1 1 1 -2 -2 1 1 1 2 2 -1 2 2 -1 -1 2 -1 -2 -2 1 
    -2 -2 1 1 -2 1 2 -1 2 2 -1 -1 2 -1 -1 2 1 1 -2 -2 1 -2 -2 1 
    1 -2 -2 1 1 -2 1 1 -2 -2 -1 2 2 -1 2 1 1 -2 -2 1 -2 -2 -1 -1 
    -1 2 2 -1 -1 -1 -2 -2 -1 2 2 -1 -1 2 -1 -1 2 2 2 2 1 1 1 -2 
    -2 1 1 1 -2 -2 1 1 -2 1 1 -2 -2 1 1 -2 -2 1 1 -2 -2 -1 2 -1 
    -1 2 2 -1 2 2 -1 2 2 -1 -1 2 2 -1 -2 -2 1 -2 -2 1 1 -2 1 1 
    -2 1 1 -2 1 1 -2 -2 1 -2 1 1 -2 1 1 -2 -2 1 -2 -1 2 2 -1 -1 
    2 -1 -1 2 2 2 -1 2 2 -1 -1 2 -1 -1 -1 2 2 -1 2 2 -1 -1 2 -1 
    -1 2 2 -1 -1 2 -1 -1 2 2 -1 -1 -1 2 2 -1 -1 -1 -2 -2 -2 -2 1 1 
    -2 1 1 -2 -2 1 2 2 1 1 1 -2 -2 1 1 1 -2 1 1 -2 -2 1 -2 -2 
    1 1 1 -2 1 1 -2 -2 1 -2 -2 1 1 1 -2 1 1 -2 -2 1 -2 -2 -2 1 
    1 -2 1 1 -2 -2 1 2 -1 2 2 -1 -1 2 -1 -1 2 -1 2 2 -1 -1 2 -1 
    -1 2 -1 -1 2 2 -1 2 2 -1 -1 2 -1 -1 -1 2 2 -1 -1 -1 -2 -2 -1 2 
    2 -1 -1 2 -1 -1 2 2 2 2 1 1 1 -2 -2 1 1 1 -2 -2 1 1 -2 1 
    2 2 -1 -1 2 1 -2 1 1 -2 -2 1 -2 -2 1 -2 1 1 -2 -2 1 -2 -2 1 
    2 2 -1 2 2 -1 -1 2 -1 -1 -1 -1 2 -1 -1 2 2 -1 2 2 1 -2 -2 1 
    1 -2 -2 1 -2 -2 1 -2 -2 1 1 -2 1 2 2 -1 -1 2 2 -1 -1 2 2 -1 
    -1 2 -1 -1 2 2 -1 -1 -1 2 2 -1 -1 -1 -2 -2 -2 -2 1 1 -2 1 1 -2 
    -2 1 2 2 1 1 1 -2 -2 1 1 1 2 2 -1 2 2 -1 -1 -2 1 -2 -2 1 
    2 2 -1 -1 2 -1 -1 2 2 -1 -1 2 2 -1 2 2 -1 -1 -2 1 1 -2 1 1 
    -2 -2 1 -2 -1 2 -1 -1 2 2 -1 2 2 1 -2 1 1 -2 -2 1 -2 -2 -1 -1 
    -1 2 2 -1 -1 -1 -2 -2 -1 2 2 -1 -1 2 -1 -1 2 2 2 2 1 1 1 -2 
    -2 1 1 1 -2 -2 1 1 -2 1 1 -2 -2 1 1 -2 -2 1 -2 -2 1 1 -2 1 
    2 -1 2 2 -1 -1 2 -1 -1 2 1 1 -2 -2 1 -2 -2 1 1 -2 -2 1 1 -2 
    1 1 -2 -2 -1 2 2 -1 2 1 1 -2 -2 1 -2 -2 -1 2 2 -1 2 2 -1 -1 
    2 -1 2 2 -1 2 2 -1 -1 2 -1 -2 1 1 -2 -2 -1 2 -1 -1 2 2 -1 -1 
    -1 2 2 -1 -1 -1 -2 -2 -2 -2 1 1 -2 1 1 -2 -2 1 2 2 1 1 1 -2 
    -2 1 1 1 -2 1 1 -2 -2 1 -2 -2 1 1 -2 1 1 -2 1 1 -2 -2 1 -2 
    1 1 -2 1 1 -2 -2 1 -2 -1 2 2 -1 -1 2 -1 -1 2 2 2 -1 2 2 -1 
    -1 2 -1 -1 -1 2 2 -1 2 2 -1 -1 2 -1 -1 -1 2 2 -1 2 2 -1 -1 2 
    -1 -1 -1 2 2 -1 -1 -1 -2 -2 -1 2 2 -1 -1 2 -1 -1 2 2 2 2 1 1 
    1 -2 -2 1 1 1 -2 -2 1 1 -2 1 1 -2 -2 1 1 -2 1 1 -2 -2 1 -2 
    -2 1 1 1 -2 1 1 -2 -2 1 -2 -2 -2 1 1 -2 1 1 -2 -2 1 2 -1 2 
    2 -1 -1 2 -1 -1 2 -1 2 2 -1 -1 2 -1 -1 2 
⊙> qc thsxthsxthsxthsxthsx
Building gate net (depth 10, SK recursion 3)...
  net: 4842 entries, 871 KB (heap 3699 of 49152 KB)
  single arm : error 5.126456e-4  length 948
  split+fused: error 2.449633e-4  length 1612
  gain       : 2.1x
  unitary    : true
  word check : PASS (residual 8.27e-14)
  heap peak  : 3709 of 49152 KB
  braid word (1612 generators):
    -2 1 -2 -2 -1 2 -1 -1 2 2 1 -2 -2 1 1 -2 -2 1 -2 -2 1 1 2 -1 
    2 -1 2 2 -1 -1 2 -1 -1 2 1 1 -2 1 1 -2 -2 1 -2 -2 -2 1 1 -2 
    1 1 -2 -2 1 -2 -1 2 2 -1 2 2 -1 -1 2 -1 -2 1 1 -2 -2 1 1 -2 
    1 -2 1 1 -2 -2 1 -2 -2 1 2 -1 -2 -2 1 1 2 -1 2 2 -1 -1 2 -1 
    -1 2 2 2 -1 2 2 -1 -1 2 -1 -1 -2 1 1 -2 1 1 -2 -2 1 -2 -1 -1 
    2 2 1 -2 -1 2 2 -1 2 2 -1 -1 2 -1 2 -1 -1 2 2 -1 -1 2 1 -2 
    1 1 -2 -2 1 -2 -2 1 -2 1 1 -2 -2 1 -2 -2 1 1 -2 1 -2 -2 1 1 
    -2 1 1 -2 -1 -1 2 2 -1 2 2 -1 -1 2 2 -1 -1 2 -1 -1 2 2 -1 2 
    2 -1 2 2 -1 -1 2 -1 -1 2 2 -1 2 2 -1 -1 2 -1 -1 2 -1 2 2 -1 
    -1 2 -1 -1 2 1 1 -2 1 1 -2 -2 1 -2 -2 -2 1 1 -2 1 1 -2 -2 1 
    1 1 -2 1 1 -2 -2 1 -2 -2 -2 1 1 -2 1 1 -2 -2 1 -2 -2 1 -2 -2 
    1 1 -2 1 1 -2 -2 1 1 -2 -2 1 -2 -2 1 1 2 -1 -1 2 -1 -1 2 2 
    -1 2 -1 -1 2 2 -1 2 2 -1 -1 2 2 2 -1 2 2 -1 -1 2 -1 -1 -1 2 
    2 -1 -1 2 -1 -1 2 2 2 -1 2 2 -1 -1 2 -1 -1 -2 1 1 -2 1 1 -2 
    -2 1 -2 1 1 -2 1 1 -2 -2 1 -2 -1 2 2 -1 2 2 -1 -1 -2 1 1 -2 
    1 1 -2 -2 1 -2 1 1 -2 -2 1 -2 -2 1 2 2 -1 -1 -2 1 1 1 -2 1 
    1 -2 -2 1 -2 -2 -1 2 2 -1 -1 2 2 -1 2 2 -1 2 2 -1 -1 -2 1 -2 
    -2 1 1 -2 1 -2 1 1 -2 -2 1 1 -2 -1 2 -1 -1 2 2 -1 2 2 -1 2 
    -1 -1 2 2 -1 -1 2 1 -2 1 1 -2 -2 1 -2 -2 1 -2 -2 1 1 -2 -2 1 
    2 2 -1 2 2 -1 -1 2 -1 -1 -1 2 2 -1 -1 2 1 1 -2 -2 1 1 -2 1 
    -2 -2 1 -2 -2 1 1 -2 1 2 -1 -1 2 2 -1 -1 2 -1 2 -1 -1 2 2 -1 
    2 2 -1 -1 2 -1 -1 2 -1 -1 2 2 -1 2 -1 2 2 -1 -1 2 2 -1 -2 1 
    -2 -2 1 1 -2 1 1 -2 1 -2 -2 1 1 -2 -2 1 1 -2 -2 1 1 -2 1 1 
    -2 -2 -1 2 2 -1 2 2 -1 -1 2 -1 2 2 -1 -1 2 -1 -1 2 1 1 -2 -2 
    1 -2 -2 1 2 -1 2 2 -1 -1 2 -1 -1 2 -1 2 2 -1 -1 2 -1 -1 2 1 
    1 -2 1 1 -2 -2 1 -2 -2 -2 1 1 -2 1 1 -2 -2 1 1 1 -2 1 1 -2 
    -2 1 -2 -2 -2 1 1 -2 -2 1 -2 -2 1 1 -2 1 -2 -2 1 1 -2 1 1 -2 
    -1 -1 2 2 -1 2 2 -1 -1 2 2 -1 -1 2 -1 -1 2 2 -1 2 2 -1 2 2 
    -1 -1 2 -1 -1 2 2 2 -1 2 2 -1 -1 2 -1 -1 -1 2 2 -1 -1 2 -1 -1 
    2 2 2 -1 2 2 -1 -1 2 -1 -1 -2 1 1 -2 1 1 -2 -2 1 -2 1 1 -2 
    1 1 -2 -2 1 -2 -2 1 1 -2 1 1 -2 -2 1 -2 -2 1 -2 -2 1 1 -2 1 
    1 -2 -2 1 1 -2 -2 1 -2 -2 1 1 2 -1 -1 2 -1 -1 2 2 -1 2 -1 -1 
    2 2 -1 2 2 -1 -1 2 -1 2 2 -1 -1 2 2 -1 2 -1 -1 2 -1 -1 2 2 
    -1 2 1 -2 -2 1 1 -2 -2 1 -2 1 -2 -2 1 1 -2 1 1 -2 1 1 -2 -2 
    1 -2 -2 1 1 -2 1 -2 1 1 -2 -2 1 1 -2 -1 2 -1 -1 2 2 -1 2 2 
    -1 2 -1 -1 2 2 -1 -1 -2 1 1 -2 -2 1 1 1 -2 1 1 -2 -2 1 -2 -2 
    -1 2 2 -1 -1 2 2 -1 2 2 -1 2 2 -1 -1 2 -1 -2 1 1 -2 -2 1 1 
    -2 1 -2 -2 1 -2 -2 1 1 -2 1 2 -1 -1 2 2 -1 -1 2 -1 2 -1 -1 2 
    2 -1 2 1 1 -2 -2 1 -2 -2 1 -2 -2 1 1 -2 -2 1 2 2 -1 2 2 -1 
    -1 2 -1 -1 -1 2 2 -1 -1 2 2 -1 -2 1 1 -2 -2 1 -2 -2 1 1 -2 1 
    -2 -2 1 1 -2 1 1 -2 -1 -1 2 2 -1 2 2 -1 -1 2 2 -1 -1 2 -1 -1 
    2 2 -1 2 1 1 -2 -2 1 -2 -2 1 1 -2 1 -2 1 1 -2 -2 1 1 -2 -1 
    2 -1 -1 2 2 -1 -1 2 1 2 -1 -1 2 2 -1 -1 2 -1 -2 1 2 2 -1 -1 
    -2 1 -2 -2 1 1 -2 1 1 -2 -2 1 1 -2 -2 1 -2 -2 1 1 2 -1 -1 2 
    -1 -1 2 2 -1 2 -1 -1 2 2 -1 2 2 -1 -1 2 2 -1 -1 2 2 -1 -1 2 
    1 -2 1 1 -2 -2 1 1 -2 -1 -2 1 1 -2 -2 1 1 -2 1 2 -1 -1 2 2 
    -1 -1 2 -1 -1 2 2 -1 2 2 -1 -1 2 -1 -1 2 2 -1 -1 2 -1 -1 2 2 
    1 -2 1 1 -2 -2 1 -2 -2 1 -2 -2 1 1 -2 1 1 -2 -2 1 1 -2 -2 1 
    1 -2 1 1 -2 -2 -1 2 2 -1 2 2 -1 -1 -2 1 1 -2 1 1 -2 -2 1 -2 
    1 1 -2 -2 1 -2 -2 1 2 2 -1 -1 2 -1 -1 2 2 -1 2 2 -1 -1 2 -1 
    -1 2 2 -1 -1 2 2 -1 -1 2 -1 -1 2 2 -1 2 2 -1 2 2 -1 -1 2 -1 
    -2 -2 1 1 -2 1 1 -2 -2 1 1 -2 1 1 -2 -2 1 -2 -2 1 1 -2 -2 1 
    1 -2 1 1 -2 -2 -1 2 2 -1 2 2 -1 -1 2 -1 2 2 -1 -1 2 -1 -1 2 
    1 1 -2 -2 1 -2 -2 1 1 -2 1 1 -2 -2 1 1 -2 -1 2 -1 -1 2 2 -1 
    -1 2 1 2 -1 -1 2 2 -1 -1 2 -1 -2 1 1 -2 -2 1 1 -2 -2 1 1 -2 
    -2 1 -2 -2 1 1 -2 1 -2 -2 1 1 -2 1 1 -2 -1 -1 2 2 -1 2 2 -1 
    -1 2 2 -1 -1 2 -1 -1 2 2 -1 2 1 1 -2 -2 -1 2 1 -2 1 1 -2 -2 
    1 1 -2 -1 -2 1 1 -2 -2 1 1 -2 1 2 -1 -1 2 2 -1 -1 2 -1 2 -1 
    -1 2 2 -1 2 2 -1 -1 -2 1 -2 -2 1 1 -2 1 1 -2 -2 1 1 -2 -2 1 
    -2 -2 1 1 2 -1 -1 2 -1 -1 2 2 -1 2 -1 -1 2 2 -1 2 2 -1 -1 2 
    -1 2 2 -1 2 2 -1 -1 -2 1 1 -2 1 1 -2 -2 1 -2 1 1 -2 -2 1 -2 
    -2 1 2 2 -1 -1 2 -1 -1 2 2 -1 -1 2 2 -1 2 2 -1 -1 2 -1 -1 2 
    2 -1 -1 2 -1 -1 2 2 1 -2 1 1 -2 -2 1 -2 -2 1 -2 -2 1 1 -2 1 
    1 -2 -2 1 1 -2 -2 1 1 -2 1 1 -2 -2 1 -2 -2 1 1 -2 1 1 -2 -2 
    -1 2 2 -1 2 2 -1 -1 2 -1 2 2 -1 -1 2 -1 -1 2 1 1 -2 -2 1 -2 
    -2 1 2 2 -1 -1 2 -1 -1 2 2 -1 -1 2 2 -1 -1 2 -1 -1 2 2 -1 2 
    2 -1 2 2 -1 -1 2 -1 -2 -2 1 1 -2 1 1 -2 -2 1 1 -2 1 1 -2 -2 
    1 -2 -2 1 
⊙> qc xshtxshtxshtxshtxsht
Building gate net (depth 10, SK recursion 3)...
  net: 4842 entries, 871 KB (heap 3699 of 49152 KB)
  single arm : error 7.630581e-4  length 896
  split+fused: error 6.816800e-4  length 1622
  gain       : 1.1x
  unitary    : true
  word check : PASS (residual 8.90e-14)
  heap peak  : 3709 of 49152 KB
  braid word (1622 generators):
    1 -2 -2 1 -2 -2 1 -2 -1 2 -1 -1 2 -1 -2 -2 -1 -1 2 -1 -1 2 2 -1 
    2 2 2 2 1 -2 1 1 -2 1 1 -2 -2 1 1 -2 1 1 -2 -2 -2 1 1 -2 
    -2 1 -2 -2 1 1 1 1 -2 1 1 -2 -2 1 -2 -2 -1 -1 2 2 -1 2 2 -1 
    -1 2 2 2 -1 2 2 -1 -1 2 -1 -1 -1 -1 2 -1 -1 2 2 -1 2 2 2 -1 
    2 2 -1 -1 2 2 -1 -2 -2 -2 1 1 -2 -2 1 1 2 1 -2 -2 1 1 -2 -2 
    1 -2 -1 -1 2 2 -1 -1 2 2 2 -1 -1 2 2 -1 -1 -2 1 -2 -2 1 1 -2 
    1 1 1 1 -2 1 1 -2 -2 1 -2 -2 -2 1 1 -2 -2 1 -2 -2 1 1 2 2 
    -1 2 2 -1 -1 2 -1 -1 -1 -1 2 2 1 -2 -2 -2 1 1 -2 -2 1 1 2 -1 
    2 2 -1 -1 2 2 -1 -2 -1 -1 2 2 -1 -1 2 2 2 1 -2 -2 1 1 -2 -1 
    -1 2 -1 -2 -2 1 1 -2 1 1 -2 -2 1 1 -2 1 1 -2 1 2 -1 2 2 -1 
    -1 2 -1 -1 -1 -1 -1 2 2 -1 -1 -1 -2 -1 -1 2 2 -1 -1 2 2 2 1 1 
    1 -2 -2 1 1 1 -2 1 1 -2 -2 1 1 -2 1 1 -2 1 1 -2 -2 1 -2 -2 
    1 1 -2 1 1 -2 -2 1 -2 -1 2 -1 -1 2 -1 -1 2 2 -1 -1 2 -1 -1 2 
    2 1 -2 1 1 -2 1 2 -1 2 2 -1 -1 2 -1 -1 2 -1 -1 2 2 -1 -1 2 
    -1 -1 -1 2 2 -1 -1 -1 -2 -2 -2 1 1 -2 -2 1 1 2 1 1 1 -2 -2 1 
    1 1 2 -1 -1 2 -1 -1 2 2 -1 2 -1 2 2 -1 -1 2 2 -1 -2 1 -2 -2 
    1 1 -2 1 1 -2 1 -2 -2 1 1 -2 -2 1 2 -1 2 2 -1 -1 2 -1 -1 2 
    1 1 -2 1 1 -2 -2 1 -2 -2 -2 1 1 -2 1 1 -2 -2 1 2 -1 2 2 -1 
    -1 2 -1 -1 -1 2 2 -1 2 2 -1 -1 2 -1 2 -1 2 2 -1 -1 2 -1 -1 2 
    1 -2 1 1 -2 -2 1 -2 -2 1 -2 1 1 -2 1 1 -2 -2 1 -2 1 1 -2 1 
    1 -2 -2 1 -2 -1 2 2 -1 -1 2 -1 -1 2 2 2 -1 2 2 -1 -1 2 -1 -1 
    -1 2 2 -1 2 2 -1 -1 2 -1 -2 1 1 -2 1 1 -2 -2 1 -2 1 -2 -2 1 
    1 -2 1 1 -2 -2 1 -2 1 1 -2 -2 1 -2 -2 1 2 2 -1 -1 2 -1 -1 2 
    2 -1 -1 2 2 -1 -1 2 2 -1 2 -1 -1 2 -1 -1 2 2 -1 2 1 -2 -2 1 
    1 -2 -2 1 -2 1 -2 -2 1 1 -2 1 1 -2 -1 -1 -1 2 2 -1 -1 -1 -2 -1 
    -1 2 2 -1 -1 2 2 2 1 1 1 -2 -2 1 1 1 -2 1 1 -2 -2 1 1 -2 
    1 1 -2 1 1 -2 -2 1 -2 -1 2 -1 -1 2 -1 -2 -2 1 1 -2 1 1 -2 -2 
    1 1 -2 1 1 -2 1 2 -1 2 2 -1 -1 2 -1 -1 2 2 -1 2 2 -1 -1 2 
    -1 -1 2 -1 -1 2 2 -1 -1 2 -1 -1 -1 2 2 -1 -1 -1 -2 -2 -2 1 1 -2 
    -2 1 1 2 1 1 1 -2 -2 1 1 1 1 1 -2 1 1 -2 -2 1 -2 -1 2 -1 
    -1 2 -1 -1 2 2 -1 -1 2 -1 -1 2 2 1 -2 1 1 -2 1 -2 1 -2 -2 1 
    1 -2 1 1 -2 -2 -1 2 2 -1 2 2 -1 -1 2 -1 2 2 -1 -1 2 -1 -1 2 
    2 -1 2 -1 2 2 -1 -1 2 -1 -1 2 1 -2 1 1 -2 -2 1 -2 -2 1 1 1 
    -2 1 1 -2 -2 1 -2 -2 -2 1 1 -2 1 1 -2 -2 1 2 -1 2 2 -1 -1 2 
    -1 -1 2 -1 2 2 -1 -1 2 -1 -1 2 -1 2 2 -1 2 2 -1 -1 2 -1 -2 1 
    1 -2 1 1 -2 -2 1 -2 1 -2 1 1 -2 -2 1 -2 -2 1 1 1 -2 1 1 -2 
    -2 1 -2 -1 2 2 -1 -1 2 -1 -1 2 2 2 -1 2 2 -1 -1 2 -1 -1 -2 1 
    1 -2 1 1 -2 -2 1 -2 -1 2 2 -1 2 2 -1 -1 2 -1 -2 1 1 -2 -2 1 
    1 -2 1 -2 1 1 -2 -2 1 -2 -2 1 2 -1 -2 -2 1 2 2 -1 2 2 -1 -1 
    2 -1 -1 2 2 -1 -1 2 -1 -1 2 2 1 -2 1 1 -2 -2 1 -2 -2 1 -2 -2 
    1 1 -2 1 1 -2 -2 1 1 1 -2 1 1 -2 -2 1 -2 -2 -1 -1 2 2 1 -2 
    -1 2 2 -1 2 2 -1 -1 2 -1 2 -1 -1 2 2 -1 -1 2 1 -2 1 1 -2 -2 
    1 -2 -2 1 2 2 -1 2 2 -1 -1 2 -1 -1 -1 2 2 -1 -1 2 -1 -1 2 2 
    -1 2 2 -1 2 2 -1 -1 2 -1 -2 -2 1 1 -2 1 1 -2 -2 1 1 -2 1 1 
    -2 -2 1 -2 -2 1 1 1 -2 -2 1 -2 -2 1 1 -2 -1 2 -1 -1 2 2 -1 2 
    2 -1 2 -1 -1 2 2 -1 2 2 -1 -1 -2 1 -2 -2 1 1 -2 1 1 -2 1 -2 
    -2 1 -2 -2 1 1 -2 1 2 -1 -1 2 -1 -1 2 2 -1 2 -1 -1 2 -1 -1 2 
    2 -1 2 2 1 -2 -2 1 1 -2 -2 -2 1 1 -2 -2 1 -2 -2 1 1 2 2 -1 
    -1 2 2 -1 2 2 -1 2 2 -1 -1 2 -1 -1 -2 -2 1 -2 -2 1 1 -2 1 1 
    -2 1 -2 -2 1 1 -2 1 1 -2 -1 2 -1 -1 2 2 -1 2 2 -1 2 -1 -1 2 
    -1 -1 2 2 -1 2 1 -2 -2 1 -2 -2 1 1 -2 1 1 1 -2 1 1 -2 -2 1 
    -2 -2 1 -2 -2 1 1 -2 -2 -1 -1 2 2 -1 2 2 -1 -1 2 2 2 -1 -1 2 
    2 -1 -1 2 -1 -1 2 2 -1 2 2 1 -2 -2 1 -2 -2 1 1 -2 1 -2 -2 1 
    -2 -2 1 1 -2 1 2 -1 -1 2 2 -1 2 2 -1 -1 -1 2 2 -1 2 2 -1 -1 
    2 -1 -1 2 2 -1 -1 2 -1 -1 2 2 1 -2 1 1 -2 -2 1 -2 -2 1 -2 -2 
    1 1 -2 1 1 -2 -2 1 1 1 -2 1 1 -2 -2 1 -2 -2 -1 2 2 -1 2 2 
    -1 -1 2 -1 -2 1 1 -2 -2 1 1 -2 1 -2 1 1 -2 -2 1 -2 -2 1 2 -1 
    -2 -2 1 1 2 2 -1 2 2 -1 -1 2 -1 -1 -1 2 2 -1 -1 2 -1 -1 2 2 
    -1 2 2 -1 2 2 -1 -1 2 -1 -2 -2 1 1 -2 1 1 -2 -2 1 1 -2 1 1 
    -2 -2 1 -2 -2 -1 2 2 1 -2 -1 2 2 -1 2 2 -1 -1 2 -1 2 -1 -1 2 
    2 -1 -1 2 1 -2 1 1 -2 -2 1 -2 -2 1 1 -2 -2 1 1 -2 -2 -2 1 1 
    -2 -2 1 -2 -2 1 1 2 2 -1 -1 2 2 -1 2 2 -1 2 2 -1 -1 2 -1 -1 
    -1 2 -1 -1 2 2 -1 2 2 -1 -2 1 -2 -2 1 1 -2 1 1 -2 1 -2 -2 1 
    -2 -2 1 1 -2 1 2 -1 -1 2 -1 -1 2 2 -1 2 -1 -1 2 -1 -1 2 2 -1 
    2 2 1 1 -2 1 1 -2 -2 1 -2 -2 1 -2 -2 1 1 -2 -2 -1 -1 2 2 -1 
    2 2 -1 -1 2 2 2 -1 -1 2 2 -1 -2 -2 1 -2 -2 1 1 -2 1 1 -2 1 
    -2 -2 1 1 -2 1 1 -2 -1 2 -1 -1 2 2 -1 2 2 -1 2 -1 -1 2 -1 -1 
    2 2 -1 2 1 -2 -2 1 -2 -2 1 1 -2 1 
⊙> qc hhhxxxsssttthhhxxx
Building gate net (depth 10, SK recursion 3)...
  net: 4842 entries, 871 KB (heap 3699 of 49152 KB)
  single arm : error 2.784642e-4  length 615
  split+fused: error 1.588352e-4  length 1205
  gain       : 1.8x
  unitary    : true
  word check : PASS (residual 6.30e-14)
  heap peak  : 3706 of 49152 KB
  braid word (1205 generators):
    2 1 -2 1 -2 1 1 2 -1 2 2 -1 -1 2 -1 -1 2 1 1 -2 1 1 -2 -2 
    1 -2 -2 -2 1 1 -2 1 1 -2 -2 1 2 -1 2 2 -1 -1 2 -1 -1 -1 -1 -1 
    2 2 -1 -1 -1 -2 -2 -2 1 1 -2 -2 1 -2 -2 1 1 2 2 1 1 1 -2 -2 
    1 2 2 -1 2 2 -1 -1 2 1 1 -2 1 1 -2 -2 1 -2 -1 2 2 -1 -1 2 
    -1 -1 2 2 2 -1 2 2 -1 -1 2 -1 -1 -2 1 1 -2 1 1 -2 -2 1 -2 -2 
    1 1 -2 -2 1 -2 -2 -1 2 2 -1 -1 -1 -2 -2 -1 -1 2 2 -1 2 2 -1 -1 
    2 2 2 1 1 1 -2 -2 1 1 1 1 1 -2 -2 1 -2 -1 -1 2 2 -1 2 2 
    -1 -1 2 2 -1 2 2 -1 -1 -2 1 -2 -2 1 1 -2 1 1 -2 -2 1 1 -2 -2 
    1 -2 -2 1 1 -2 1 1 -2 1 1 -2 -2 1 -2 -1 -1 2 2 -1 2 2 -1 -1 
    2 2 -1 2 2 -1 -1 2 -1 -1 2 1 1 -2 -2 1 -2 -1 -1 2 2 -1 2 1 
    1 -2 -2 1 -2 -2 1 1 -2 -2 1 -2 -2 1 1 2 -1 2 2 -1 -1 2 -1 -1 
    2 2 -1 2 2 -1 -1 -2 1 1 -2 1 1 -2 -2 1 -2 -2 1 1 -2 -2 1 -2 
    -2 1 1 2 -1 2 2 -1 -1 2 -1 -1 2 -1 -1 2 2 -1 2 2 -1 -1 2 -1 
    -1 -1 2 2 -1 -1 -1 -2 -2 -2 1 1 -2 -2 1 -2 -2 1 1 2 2 1 1 1 
    -2 -2 1 2 2 -1 2 2 -1 -1 2 2 -1 2 2 -1 -1 2 -1 -1 2 1 1 -2 
    1 1 -2 -2 1 -2 -2 -2 1 1 -2 1 1 -2 -2 1 2 -1 2 2 -1 -1 2 -1 
    -1 -2 1 1 -2 -2 1 -2 -2 -1 2 2 -1 -1 -1 -2 -2 -1 -1 2 2 -1 2 2 
    -1 -1 2 2 2 1 1 1 -2 -2 1 1 1 1 1 -2 1 1 -2 -2 1 -2 -1 2 
    2 -1 -1 2 -1 -1 2 2 2 -1 2 2 -1 -1 2 -1 -1 -2 1 1 -2 1 1 -2 
    -2 1 -2 -2 1 1 -2 -2 1 -2 -2 1 1 -2 1 1 -2 1 1 -2 -2 1 -2 -1 
    -1 2 2 -1 2 2 -1 -1 2 2 -1 2 2 -1 -1 2 -1 -1 2 1 1 -2 -2 1 
    -2 -2 1 1 -2 1 1 -2 -2 1 -2 -1 -1 2 2 -1 2 2 -1 -1 2 2 -1 2 
    2 -1 -1 -2 1 -2 -2 1 1 2 -1 2 2 -1 -1 -2 1 1 -2 1 1 -2 -2 1 
    -2 -2 1 1 -2 -2 1 -2 -2 1 1 2 -1 2 2 -1 -1 2 -1 -1 2 -1 -1 2 
    2 -1 2 2 -1 -1 2 2 -1 -1 2 -1 -1 2 2 -1 2 1 1 -2 -2 1 -2 -2 
    1 1 -2 -2 1 -2 -2 1 1 2 -1 2 2 -1 -1 2 -1 2 2 -1 -1 2 -1 -1 
    2 1 1 -2 1 1 -2 -2 1 -2 -2 -2 1 1 -2 1 1 -2 -2 1 2 -1 2 2 
    -1 -1 2 -1 -1 -1 -1 -1 2 2 -1 -1 -1 -2 -2 -2 1 1 -2 -2 1 -2 -2 1 
    1 2 2 1 1 1 -2 -2 1 2 2 -1 2 2 -1 -1 2 1 1 -2 1 1 -2 -2 
    1 -2 -1 2 2 -1 -1 2 -1 -1 2 2 2 -1 2 2 -1 -1 2 -1 -1 -2 1 1 
    -2 1 1 -2 -2 1 -2 -2 1 1 -2 -2 1 -2 -2 -1 2 2 -1 -1 -1 -2 -2 -1 
    -1 2 2 -1 2 2 -1 -1 2 2 2 1 1 1 -2 -2 1 1 2 -1 -1 2 2 -1 
    2 2 -1 2 -1 -1 2 2 -1 -1 2 1 -2 -2 1 -2 -2 1 1 -2 1 -2 1 1 
    -2 -2 1 1 -2 -2 1 1 -2 1 1 -2 -2 1 -2 1 1 -2 1 1 -2 -2 1 -2 
    -1 2 2 -1 -1 2 -1 -1 2 2 2 -1 2 2 -1 -1 2 -1 -1 2 -1 -1 2 2 
    -1 -1 2 -1 2 -1 -1 2 2 -1 2 2 -1 -2 1 1 -2 -2 1 1 -2 1 -2 -2 
    1 -2 -2 1 1 -2 1 1 1 -2 1 1 -2 -2 1 -2 -2 -2 1 1 -2 1 1 -2 
    -2 1 2 -1 2 2 -1 -1 2 -1 -1 2 -1 2 2 -1 -1 2 -1 -1 2 -1 -1 -1 
    2 2 -1 -1 -1 -2 -2 -2 1 1 -2 -2 1 -2 -2 1 1 2 2 1 1 1 -2 -2 
    1 2 2 -1 2 2 -1 -1 2 2 -1 2 2 -1 -1 2 -1 -1 2 1 1 -2 1 1 
    -2 -2 1 -2 -2 -2 1 1 -2 1 1 -2 -2 1 2 -1 2 2 -1 -1 2 -1 -1 -2 
    1 1 -2 -2 1 -2 -2 -1 2 2 -1 -1 -1 -2 -2 -1 -1 2 2 -1 2 2 -1 -1 
    2 2 2 1 1 1 -2 -2 1 1 1 1 1 -2 1 1 -2 -2 1 -2 -1 2 2 -1 
    -1 2 -1 -1 2 2 2 -1 2 2 -1 -1 2 -1 -1 -2 1 1 -2 1 1 -2 -2 1 
    -2 -2 1 1 -2 1 1 -2 -2 1 -2 1 1 -2 1 1 -2 -2 1 -2 -1 2 2 -1 
    -1 2 -1 -1 2 2 2 -1 2 2 -1 -1 2 -1 -1 -1 2 -1 -1 2 2 -1 2 2 
    -1 2 -1 -1 2 2 -1 -1 2 1 -2 -2 1 -2 -2 1 1 -2 1 -2 1 1 -2 -2 
    1 1 -2 1 1 -2 1 1 -2 -2 1 -2 -2 -2 1 1 -2 1 1 -2 -2 1 2 -1 
    2 2 -1 -1 2 -1 -1 2 -1 2 2 -1 -1 2 -1 -1 2 2 -1 -1 2 2 -1 -1 
    2 -1 2 -1 -1 2 2 -1 2 2 -1 -2 1 1 -2 -2 1 1 -2 1 -2 -2 1 -2 
    -2 1 1 -2 1 
⊙> qc stxhstxhstxhstxhstxh
Building gate net (depth 10, SK recursion 3)...
  net: 4842 entries, 871 KB (heap 3699 of 49152 KB)
  single arm : error 2.557761e-4  length 996
  split+fused: error 1.842941e-4  length 1522
  gain       : 1.4x
  unitary    : true
  word check : PASS (residual 7.49e-14)
  heap peak  : 3709 of 49152 KB
  braid word (1522 generators):
    -1 2 2 -1 2 2 -1 -1 2 -1 2 -1 2 2 -1 -1 2 -1 -1 2 1 -2 -2 1 
    1 -2 -2 1 -2 1 1 -2 1 1 -2 -2 1 -2 -1 2 2 -1 -1 2 2 -1 -1 -1 
    -1 2 2 -1 -1 -1 -2 -2 -1 2 2 -1 -1 2 -1 -1 2 2 2 2 1 1 1 -2 
    -2 1 1 1 -2 -2 1 1 -2 1 1 -2 -2 1 1 1 -2 1 1 -2 -2 1 -2 -2 
    -2 1 1 -2 -2 1 -2 -2 1 1 -2 1 -2 -2 1 1 -2 1 1 -2 -1 -1 2 2 
    -1 2 2 -1 -1 2 2 -1 -1 2 -1 -1 2 2 -1 2 -1 2 2 -1 2 2 -1 -1 
    2 -1 2 2 -1 2 2 -1 -1 2 -1 -1 -1 2 2 -1 -1 2 -1 -1 2 2 -1 -1 
    -1 2 2 -1 -1 -1 -2 -2 -2 -2 1 1 -2 1 1 -2 -2 1 2 2 1 1 1 -2 
    -2 1 1 1 1 -2 1 1 -2 -2 1 -2 -2 1 -2 1 -2 -2 1 1 -2 1 1 -2 
    -2 1 1 -2 -2 1 -2 -2 1 1 2 -1 -1 2 -1 -1 2 2 -1 2 -1 -1 2 2 
    -1 2 2 -1 -1 2 2 -1 2 2 -1 -1 2 -1 -1 -2 1 1 -2 -2 1 1 -2 1 
    1 -2 1 1 -2 -2 1 -2 -1 -1 2 2 -1 -1 2 1 1 -2 -2 1 -2 -2 1 1 
    -2 1 -2 -2 1 1 -2 1 1 -2 -1 -1 2 2 -1 2 2 -1 -1 2 2 -1 -1 2 
    -1 -1 2 2 -1 2 -1 -1 2 -1 -1 2 2 1 -2 -2 1 1 2 -1 2 2 -1 -1 
    2 -1 -1 2 -1 -1 2 2 -1 -1 2 1 1 -2 1 1 -2 -2 1 -2 -2 -2 1 -2 
    -2 1 1 -2 1 1 -2 1 -2 -2 1 1 -2 1 1 -2 -2 1 1 -2 -2 1 -2 -2 
    1 1 2 -1 -1 2 -1 -1 2 2 -1 2 -1 -1 2 2 -1 2 2 -1 -1 2 1 -2 
    -2 1 1 -2 1 1 -2 -2 1 1 -2 -2 1 -2 -2 1 1 2 -1 -1 2 -1 -1 2 
    2 -1 2 -1 -1 2 2 -1 2 2 -1 -1 -1 2 -1 -1 2 2 -1 2 2 -1 -2 1 
    -2 -2 1 1 -2 1 1 -2 1 -2 -2 1 -2 -2 1 1 -2 1 2 -1 -1 2 -1 -1 
    2 2 -1 2 2 -1 -1 2 2 -1 -1 2 -1 -1 2 -1 -1 2 2 -1 2 1 1 -2 
    -2 1 1 -2 -2 -2 1 -2 -2 1 1 -2 1 1 -2 1 -2 -2 1 1 -2 1 1 -2 
    -1 2 -1 -1 2 2 -1 2 2 -1 2 -1 -1 2 -1 -1 2 2 -1 2 1 -2 -2 1 
    -2 -2 1 1 -2 -1 2 -1 -1 2 2 -1 2 2 2 -1 -1 2 2 -1 -1 -2 1 -2 
    -2 1 1 -2 1 1 -2 1 1 -2 -2 1 1 -2 -1 2 -1 -1 2 2 1 -2 1 1 
    -2 -2 1 -2 -2 1 -2 -2 1 1 -2 1 2 2 -1 -1 2 -1 -1 2 2 1 -2 -2 
    1 -2 -2 1 1 -2 1 -2 -2 1 1 -2 1 1 -2 -1 -1 2 2 -1 2 2 -1 -1 
    2 2 -1 -1 2 -1 -1 2 2 -1 -2 1 1 -2 -2 1 -2 -2 1 1 -2 1 -2 -2 
    1 1 -2 1 1 -2 -1 -1 2 2 -1 2 2 -1 -1 2 2 -1 -1 2 -1 -1 2 2 
    -1 2 -1 -1 2 -1 -1 2 2 -1 2 2 2 -1 2 2 -1 -1 2 -1 -1 -2 1 1 
    -2 -2 1 1 -2 1 1 -2 1 1 -2 -2 1 -2 -1 -1 2 2 -1 -2 -2 1 1 -2 
    1 1 -2 1 -2 -2 1 1 -2 1 1 -2 -2 1 1 -2 -2 1 -2 -2 1 1 2 -1 
    -1 2 -1 -1 2 2 -1 2 -1 -1 2 2 -1 2 2 -1 -1 -2 1 1 -2 -2 1 1 
    2 -1 2 2 -1 -1 2 -1 -1 2 -1 -1 2 2 -1 -1 2 1 1 -2 1 1 -2 -2 
    1 -2 1 -2 -2 1 1 -2 1 1 -2 -2 -1 2 -1 -1 2 2 -1 2 2 -1 2 2 
    -1 -1 2 -1 -2 -2 1 1 -2 1 2 -1 -1 2 2 -1 -1 2 -1 -1 2 -1 -1 2 
    2 -1 2 1 1 -2 -2 1 1 -2 -2 -2 1 -2 -2 1 1 -2 1 2 -1 -1 2 2 
    -1 2 2 -1 -2 1 -2 -2 1 1 -2 1 1 -2 1 -2 -2 1 -2 -2 1 1 -2 1 
    2 -1 -1 2 -1 -1 2 2 -1 2 -1 -1 2 -1 -1 2 2 -1 2 2 2 -1 -1 2 
    2 -1 -1 -2 1 -2 -2 1 1 -2 1 1 -2 1 1 -2 -2 1 1 -2 -2 1 -2 -2 
    1 1 -2 1 1 -2 -1 2 -1 -1 2 2 -1 2 2 -1 2 -1 -1 2 -1 -1 2 2 
    -1 2 1 -2 -2 1 -2 -2 1 1 -2 1 2 -1 2 2 -1 -1 2 -1 -1 2 -1 -1 
    2 2 -1 2 1 1 -2 -2 1 -2 -2 1 1 -2 -2 1 -2 -1 -1 2 2 -1 2 2 
    1 -2 -2 1 1 -2 -2 1 -2 -2 1 -2 -2 1 1 -2 1 2 2 -1 -1 2 2 -1 
    -1 -1 2 2 -1 2 2 -1 -1 2 2 -1 2 2 -1 -1 -2 1 -2 -2 1 1 -2 1 
    1 -2 1 1 -2 -2 1 -2 1 -2 -2 1 1 -2 -2 -1 2 -1 -1 2 2 -1 2 2 
    -1 2 2 -1 -1 2 2 -1 -2 -2 1 -2 -2 1 1 -2 1 2 -1 -1 2 2 -1 2 
    2 -1 -2 -2 1 1 -2 1 1 -2 -2 1 1 -2 -2 1 -2 -2 1 1 2 -1 -1 2 
    -1 -1 2 2 2 -1 2 2 -1 -1 2 -1 -1 2 1 1 -2 1 1 -2 -2 1 -2 -2 
    -2 1 1 -2 1 1 -2 -2 1 2 -1 2 2 -1 -1 2 -1 -1 -2 -2 1 1 -2 1 
    1 -2 -1 -1 2 2 -1 2 2 -1 -1 2 2 -1 -1 2 -1 -1 2 2 1 -2 -2 1 
    -2 -2 1 1 -2 1 1 1 -2 1 1 -2 -2 1 -2 -1 2 2 -1 -1 2 -1 -1 2 
    2 2 -1 2 2 -1 -1 2 -1 -1 -2 1 1 -2 1 1 -2 -2 1 -2 -1 -1 2 -1 
    -1 2 2 -1 2 2 1 -2 -2 1 1 -2 -2 1 -2 -2 1 -2 -2 1 1 -2 1 2 
    2 -1 -1 2 2 -1 2 -1 2 2 -1 -1 2 -1 -1 2 -1 -1 2 2 -1 2 1 1 
    -2 -2 1 -2 -2 1 1 -2 -2 1 -2 -2 1 1 1 -2 -2 1 1 -2 -2 -1 2 -1 
    -1 2 2 -1 2 2 -1 2 2 -1 -1 2 2 -1 -2 -2 1 -2 -2 1 1 2 -1 2 
    2 -1 -1 2 2 -1 2 2 -1 -1 -2 1 -2 -2 1 1 1 1 -2 1 1 -2 -2 1 
    -2 -2 -2 1 1 -2 1 1 -2 -2 1 2 -1 2 2 -1 -1 2 -1 -1 -1 2 -1 -1 
    2 2 -1 2 2 -1 -2 -2 1 1 -2 1 1 -2 -2 1 1 -2 -2 1 -2 -2 1 1 
    2 -1 -1 2 -1 -1 2 2 1 1 -2 1 1 -2 -2 1 -2 -1 2 2 -1 -1 2 -1 
    -1 2 2 2 -1 2 2 -1 -1 2 -1 -1 -2 1 1 -2 1 1 -2 -2 1 -2 -2 -2 
    1 1 -2 1 1 -2 -1 -1 2 2 -1 2 2 -1 -1 2 2 -1 -1 2 -1 -1 2 2 
    1 -2 -2 1 -2 -2 1 1 -2 1 
⊙> qc xtshxtshxtshxtshxtsh
Building gate net (depth 10, SK recursion 3)...
  net: 4842 entries, 871 KB (heap 3699 of 49152 KB)
  single arm : error 8.158274e-4  length 994
  split+fused: error 4.694663e-4  length 1876
  gain       : 1.7x
  unitary    : true
  word check : PASS (residual 9.76e-14)
  heap peak  : 3710 of 49152 KB
  braid word (1876 generators):
    1 -2 -2 1 -2 -2 1 1 -2 1 2 -1 -1 2 2 -1 2 2 -1 -1 -2 1 -2 -2 
    1 -2 -1 -1 -2 -2 1 -2 -2 1 1 -2 1 1 1 1 2 -1 2 2 -1 2 -1 2 
    -1 -1 2 2 -1 2 2 -1 -2 1 -2 -2 1 1 -2 1 1 -2 1 -2 -2 1 -2 -2 
    1 1 -2 1 2 -1 -1 2 -1 -1 2 2 -1 2 -1 -1 2 -1 -1 2 2 -1 2 2 
    -1 2 2 -1 2 2 -1 -1 2 -1 2 2 -1 -1 2 -1 -1 2 1 1 -2 -2 1 -2 
    -2 1 1 -2 -2 1 1 -2 1 1 -2 -2 -2 1 -2 -2 1 1 -2 1 1 -2 -2 -2 
    1 -2 -2 1 1 -2 1 1 -2 1 -2 -2 1 1 -2 1 1 -2 -1 2 -1 -1 2 2 
    -1 2 2 -1 2 -1 -1 2 -1 -1 2 2 -1 2 1 -2 -2 1 -2 -2 1 1 -2 1 
    2 -1 -1 2 -1 -1 2 2 -1 2 2 2 -1 -1 2 -1 -1 2 2 -1 -1 2 2 -1 
    2 2 -1 -1 -2 1 1 -2 1 1 -2 -2 1 -2 1 1 -2 -2 1 -2 -2 1 2 -1 
    2 2 -1 -1 2 -1 -1 2 1 1 -2 1 1 -2 -2 1 -2 -2 -2 1 1 -2 1 1 
    -2 -2 1 2 -1 2 2 -1 -1 2 -1 -1 -1 2 2 -1 2 2 -1 -1 2 -1 2 2 
    -1 -1 2 -1 -1 2 1 1 -2 -2 1 -2 -2 1 1 -2 -2 1 1 -2 1 1 -2 -2 
    1 1 -2 1 1 -2 -2 1 -2 -1 2 2 -1 -1 2 -1 -1 2 2 2 -1 2 2 -1 
    -1 2 -1 -1 -2 1 1 -2 1 1 -2 -2 1 2 -1 -1 2 -1 -1 2 2 -1 -1 2 
    2 -1 2 2 -1 -1 -2 1 1 -2 1 1 -2 -2 1 -2 1 1 -2 -2 -1 2 -1 -1 
    2 2 -1 2 2 -1 2 2 -1 -1 2 -1 -2 -2 1 1 -2 1 1 -2 -2 1 1 -2 
    1 1 -2 -2 -1 2 -1 -1 2 2 1 -2 1 1 -2 -2 1 1 -2 -1 -2 -2 1 1 
    -2 1 1 -2 -2 1 1 2 -1 -1 2 2 -1 -1 2 -1 -1 2 -1 -1 2 2 -1 2 
    2 -1 -1 2 2 -1 2 2 -1 -1 -2 1 1 -2 1 1 -2 -2 1 -2 1 1 -2 -2 
    1 -2 -2 1 2 2 -1 -1 2 -1 -1 2 2 -1 -2 -2 1 1 -2 1 1 -2 -2 1 
    1 -2 -2 1 -2 -2 1 1 -2 1 1 -2 1 1 -2 -2 1 1 -2 -1 -1 2 2 -1 
    -1 2 -1 -1 2 2 1 2 -1 -1 2 2 -1 -1 -2 1 1 -2 1 1 -2 -2 -1 2 
    2 -1 2 2 -1 -1 2 -1 2 2 -1 -1 2 -1 -1 2 1 1 -2 -2 1 -2 -1 -1 
    2 2 -1 2 2 -1 -2 1 1 -2 1 1 -2 -2 1 -2 1 -2 -2 1 -2 -2 1 1 
    -2 1 2 -1 2 2 -1 -1 2 -1 -1 2 -1 2 2 -1 2 2 -1 -1 2 -1 -1 2 
    2 -1 -1 2 -1 -1 2 2 1 -2 1 1 -2 -2 1 -2 -2 1 -2 -2 1 1 -2 1 
    2 2 -1 -1 2 -1 2 2 -1 -1 2 -1 -1 2 1 1 -2 -2 1 -2 -2 1 1 -2 
    -2 1 1 -2 1 1 -2 -1 2 2 -1 -1 2 -1 -1 2 1 1 -2 1 1 -2 -2 1 
    -2 -2 -2 1 1 -2 1 1 -2 -2 1 2 -1 2 2 -1 -1 2 -1 -1 2 2 -1 -1 
    2 -1 -1 2 2 -1 -1 2 2 -1 2 2 -1 -1 -2 1 1 -2 1 1 -2 -2 1 -2 
    1 1 -2 -2 1 -2 -2 1 1 1 -2 1 1 -2 -2 1 -2 -1 2 2 -1 -1 2 -1 
    -1 2 2 2 -1 2 2 -1 -1 2 -1 -1 -2 1 1 -2 1 1 -2 -2 1 -2 -2 1 
    1 -2 1 1 -2 -2 1 -2 -1 2 -1 -1 2 2 -1 2 2 -1 2 -1 2 2 -1 -1 
    2 -1 -1 2 1 -2 -2 1 -2 -2 1 1 2 -1 2 2 -1 -1 -2 1 1 -2 1 1 
    -2 -2 1 -2 1 1 -2 -2 1 -2 -2 1 2 2 -1 -1 2 -1 -1 2 1 1 -2 -2 
    1 1 -2 -1 -2 -2 1 1 -2 1 1 -2 -2 1 1 2 -1 -1 2 2 -1 -1 2 -1 
    -1 2 -1 -1 2 2 -1 2 2 -1 -1 2 2 -1 -1 2 -1 -1 2 2 1 -2 -2 1 
    1 -2 1 1 -2 -2 -1 2 2 -1 2 2 -1 -1 2 -1 2 2 -1 -1 2 -1 -1 2 
    1 1 -2 -2 1 -2 -2 1 1 -2 -2 1 -2 -2 1 1 -2 1 1 -2 1 1 -2 -2 
    1 1 -2 -1 -1 2 2 -1 -1 2 -1 -1 2 2 1 2 -1 -1 2 2 -1 -1 2 -1 
    -2 -2 1 1 -2 1 1 -2 -2 1 -2 1 1 -2 -2 1 -2 -2 1 1 1 1 -2 1 
    1 -2 -2 1 -2 -2 -1 -1 2 2 -1 2 2 -1 -1 2 2 2 -1 2 2 -1 -1 2 
    -1 -1 2 -1 2 2 -1 -1 2 -1 -1 2 1 1 -2 1 1 -2 -2 1 -2 -2 -2 1 
    1 -2 1 1 -2 -2 1 -2 -2 1 1 -2 -2 1 -2 -2 1 1 2 2 -1 2 2 -1 
    -1 2 -1 -1 -1 -1 2 2 -1 2 2 -1 -1 2 1 1 -2 1 1 -2 -2 1 -2 -1 
    2 2 -1 -1 2 -1 -1 2 2 2 -1 2 2 -1 -1 2 -1 -1 -2 1 1 -2 1 1 
    -2 -2 1 -2 1 -2 -2 1 1 -2 -2 -2 1 1 -2 -2 1 -2 -2 1 1 2 2 -1 
    -1 2 2 -1 2 2 -1 2 2 -1 -1 2 -1 -1 -1 -1 -1 2 2 -1 -1 -1 -2 -1 
    -1 2 2 -1 -1 2 2 2 1 1 1 -2 -2 1 1 1 -2 1 1 -2 -2 1 1 -2 
    1 1 -2 1 1 -2 -2 1 -2 -2 1 1 -2 1 1 -2 -2 1 -2 -2 1 -2 -2 1 
    1 -2 -2 -1 -1 2 2 -1 2 2 -1 -1 2 2 2 -1 -1 2 2 -1 2 2 -1 2 
    2 -1 -1 2 -1 -1 2 -1 -1 2 2 -1 -1 2 -1 -1 -1 2 2 -1 -1 -1 -2 -2 
    -2 1 1 -2 -2 1 1 2 1 1 1 -2 -2 1 1 2 -1 -1 2 2 -1 2 2 -1 
    2 -1 -1 2 2 -1 2 2 -1 -2 -2 1 -2 -2 1 1 -2 1 1 1 -2 -2 1 -2 
    -2 1 1 2 2 -1 -1 2 -1 -1 2 2 -1 -2 -2 -2 1 -2 -2 1 1 -2 1 1 
    -2 1 1 -2 -2 1 -2 -2 1 1 -2 1 -2 -2 1 1 -2 1 1 -2 -1 -1 2 2 
    -1 2 2 -1 -1 2 2 -1 -1 2 -1 -1 2 2 -1 2 -1 -1 2 -1 -1 2 2 -1 
    2 2 -1 -1 2 -1 -1 2 2 -1 2 2 2 1 -2 -2 1 1 -2 1 1 -2 -2 -2 
    -2 -2 1 -2 -2 1 1 -2 1 1 -2 1 -2 -2 1 1 -2 1 1 -2 -2 1 1 -2 
    -2 1 -2 -2 1 1 2 -1 -1 2 -1 -1 2 2 -1 2 -1 -1 2 2 -1 2 2 -1 
    -1 2 2 -1 2 2 -1 -1 2 -1 -1 2 1 1 -2 1 1 -2 -2 1 -2 -2 -2 1 
    1 -2 1 1 -2 -2 1 2 -1 2 2 -1 -1 2 -1 -1 2 -1 -1 2 2 -1 2 2 
    -1 -1 -1 2 -1 -1 2 2 -1 2 2 1 -2 -2 1 -2 -2 1 1 -2 1 -2 -2 1 
    -2 -2 1 1 -2 -1 -1 2 2 -1 -1 -1 -2 -1 -1 2 2 -1 -1 2 2 2 1 1 
    1 -2 -2 1 1 1 -2 1 1 -2 -2 1 1 -2 1 1 -2 1 1 -2 -2 1 -2 -2 
    1 -2 -2 1 1 -2 -2 -2 1 1 -2 -2 1 -2 -2 1 1 2 2 -1 -1 2 2 -1 
    2 2 -1 2 2 -1 -1 2 -1 -1 2 2 -1 2 2 -1 -1 2 -1 -1 2 -1 -1 2 
    2 -1 -1 2 -1 -1 -1 2 2 -1 -1 -1 -2 -2 -2 1 1 -2 -2 1 1 2 1 1 
    1 -2 -2 1 1 1 1 1 -2 1 1 -2 -2 1 -2 -2 1 -2 -2 1 1 -2 -2 -1 
    -1 2 2 -1 2 2 -1 -1 2 2 2 -1 -1 2 2 1 -2 1 1 -2 -2 1 -2 -1 
    2 2 -1 -1 2 -1 -1 2 2 2 -1 2 2 -1 -1 2 -1 -1 -2 1 1 -2 1 1 
    -2 -2 1 -2 -2 1 1 -2 -2 1 -2 -2 1 1 -2 1 -2 -2 1 1 -2 1 1 -2 
    -1 -1 2 2 -1 2 2 -1 -1 2 2 -1 -1 2 -1 -1 2 2 -1 2 -1 -1 2 -1 
    -1 2 2 -1 2 2 2 2 2 -1 -1 2 -1 -1 2 2 -1 -2 -2 -2 1 -2 -2 1 
    1 -2 1 1 -2 -2 1 -2 -2 1 1 -2 1 1 -2 1 -2 -2 1 1 -2 1 1 -2 
    -2 1 1 -2 -2 1 -2 -2 1 1 2 -1 -1 2 -1 -1 2 2 -1 2 -1 -1 2 2 
    -1 2 2 -1 -1 2 -1 -1 2 -1 -1 2 2 -1 2 2 2 1 -2 -2 1 1 -2 1 
    1 -2 -2 -2 
⊙> qc hxhxststxhxhstst
Building gate net (depth 10, SK recursion 3)...
  net: 4842 entries, 871 KB (heap 3699 of 49152 KB)
  single arm : error 2.363302e-16  length 0
  split+fused: error 2.363302e-16  length 0
  gain       : 1.0x
  unitary    : true
  word check : PASS (residual 0.00e0)
  heap peak  : 3699 of 49152 KB
  braid word (0 generators):
⊙> qc xsththsxxsththsx
Building gate net (depth 10, SK recursion 3)...
  net: 4842 entries, 871 KB (heap 3699 of 49152 KB)
  single arm : error 6.467537e-4  length 1091
  split+fused: error 6.040545e-4  length 1731
  gain       : 1.1x
  unitary    : true
  word check : PASS (residual 8.35e-14)
  heap peak  : 3710 of 49152 KB
  braid word (1731 generators):
    2 1 -2 -2 1 -2 -2 -2 1 -2 -2 1 1 -2 1 1 -2 -2 1 1 -2 -2 1 -2 
    -2 1 1 2 -1 -1 2 -1 -1 2 2 -1 2 -1 -1 2 2 -1 2 2 -1 -1 2 2 
    -1 -1 2 2 -1 -1 2 1 1 -2 1 1 -2 -2 1 -2 -2 -2 1 1 -2 -2 1 1 
    2 -1 2 2 -1 -1 2 -1 -1 -1 2 2 -1 2 2 -1 -1 2 -1 -1 2 2 -1 -1 
    2 -1 -1 2 2 1 -2 1 1 -2 -2 1 -2 -2 1 -2 -2 1 1 -2 1 1 -2 -2 
    1 1 1 -2 1 1 -2 -2 1 -2 -1 -1 2 2 -1 -1 2 2 2 -1 2 2 -1 -1 
    2 -1 -1 -2 1 1 -2 -2 1 1 -2 -1 2 2 -1 -1 2 -1 -1 2 2 -1 2 2 
    -1 2 2 -1 -1 2 -1 -2 -2 1 1 -2 1 1 -2 -2 1 1 -2 1 1 -2 -2 1 
    -2 -1 -1 2 2 -1 2 2 -1 -2 1 1 -2 1 1 -2 -2 1 -2 1 -2 -2 1 -2 
    -2 1 1 -2 1 2 -1 2 2 -1 -1 2 -1 -1 2 1 1 -2 1 1 -2 -2 1 -2 
    -2 -1 2 -1 -1 2 2 -1 2 2 -1 -2 1 1 -2 1 1 -2 -2 1 -2 1 -2 -2 
    1 -2 -2 1 1 -2 1 2 -1 2 2 -1 -1 2 -1 -1 2 1 1 -2 -2 1 -2 -2 
    1 1 2 -1 2 2 -1 -1 2 -1 -1 -2 1 1 -2 1 1 -2 -2 1 -2 -1 2 -1 
    -1 2 2 -1 2 2 -1 2 -1 2 2 -1 -1 2 -1 -1 2 1 -2 -2 1 -2 -2 1 
    1 -2 1 2 -1 -1 2 2 -1 2 2 -1 -1 -2 1 1 -2 1 1 -2 -2 1 -2 -1 
    2 -1 -1 2 2 -1 2 2 -1 2 -1 2 2 -1 -1 2 -1 -1 2 1 -2 -2 1 -2 
    -2 1 1 -2 1 1 -2 -2 1 1 -2 -2 -1 2 -1 -1 2 2 -1 2 2 -1 2 2 
    -1 -1 2 2 -1 -2 -2 1 -2 -2 1 1 -2 1 1 -2 1 1 -2 1 1 -2 -2 1 
    -2 -1 -1 2 -1 -1 2 2 -1 2 2 2 -1 2 2 -1 -1 2 -1 -1 -2 1 -2 -2 
    1 1 -2 1 2 2 -1 2 2 -1 -1 2 -1 -1 2 2 -1 -1 2 -1 -1 2 2 2 
    -1 2 2 -1 -1 2 -1 -1 -2 1 1 -2 1 1 -2 -2 1 -2 1 1 -2 1 1 -2 
    -2 1 -2 -2 1 1 -2 -2 1 -2 -2 1 1 1 -2 1 1 -2 -2 1 -2 -2 -1 2 
    -1 -1 2 2 -1 2 1 1 -2 1 1 -2 -2 1 -2 -2 -2 1 -2 -2 1 1 -2 1 
    1 2 -1 2 2 -1 -1 2 -1 -1 2 -1 -1 2 2 -1 2 2 -1 -1 2 2 -1 2 
    2 -1 -1 2 -1 -1 2 -1 2 2 -1 -1 2 -1 -1 2 1 1 -2 1 1 -2 -2 1 
    -2 -2 -2 1 1 -2 1 2 2 -1 -1 2 1 -2 1 1 -2 -2 1 -2 -2 1 -2 1 
    1 -2 -2 1 -2 -2 1 2 2 -1 2 2 -1 -1 2 -1 -1 -1 -1 2 -1 -1 2 2 
    -1 2 2 1 -2 -2 1 1 -2 -2 1 -2 -2 1 -2 -2 1 1 -2 1 2 2 -1 -1 
    2 2 -1 -1 2 -1 -1 2 2 -1 2 2 -1 -2 1 1 -2 1 1 -2 -2 1 -2 1 
    -2 -2 1 -2 -2 1 1 -2 1 2 -1 2 2 -1 -1 2 -1 -1 2 1 1 -2 -2 1 
    -2 -2 1 1 -2 -1 2 -1 -1 2 2 -1 2 2 -1 -2 1 1 -2 1 1 -2 -2 1 
    -2 1 -2 -2 1 -2 -2 1 1 -2 1 2 -1 2 2 -1 -1 2 -1 -1 2 1 1 -2 
    1 1 -2 -2 1 -2 -1 -1 2 2 -1 2 2 -1 -1 -2 1 1 -2 1 1 -2 -2 1 
    -2 -1 2 -1 -1 2 2 -1 2 2 -1 2 -1 2 2 -1 -1 2 -1 -1 2 1 -2 -2 
    1 -2 -2 1 1 -2 1 2 2 -1 2 2 -1 -1 2 -1 -1 -2 1 1 -2 1 1 -2 
    -2 1 -2 -1 2 -1 -1 2 2 -1 2 2 -1 2 -1 2 2 -1 -1 2 -1 -1 2 1 
    -2 -2 1 -2 -2 1 1 -2 1 1 1 -2 1 1 -2 -2 1 -2 -2 -1 2 2 -1 2 
    2 -1 -1 2 -1 2 2 -1 2 2 -1 -1 2 -1 -2 1 1 -2 -2 -1 2 -1 -1 2 
    2 2 -1 2 2 -1 -1 2 -1 -1 -2 1 1 -2 1 1 -2 -2 1 -2 1 1 -2 1 
    1 -2 -2 1 -2 -2 1 1 -2 -2 1 -2 -2 1 1 -2 1 1 -2 1 1 -2 -2 1 
    -2 -1 -1 2 -1 -1 2 2 -1 2 2 2 -1 2 2 -1 -1 2 -1 -1 -2 1 -2 -2 
    1 1 -2 1 2 2 -1 2 2 -1 -1 2 -1 -1 -1 2 2 -1 2 2 -1 -1 2 2 
    -1 2 2 -1 -1 2 -1 -1 2 -1 2 2 -1 -1 2 -1 -1 2 1 1 -2 1 1 -2 
    -2 1 -2 -2 -2 1 1 -2 1 1 -2 -2 1 1 -2 1 1 -2 -2 1 -2 -2 -1 2 
    -1 -1 2 2 -1 2 1 1 -2 1 1 -2 -2 1 -2 -2 -2 1 -2 -2 1 1 -2 1 
    1 2 -1 2 2 -1 -1 2 -1 -1 2 2 -1 2 2 -1 -1 2 -1 -1 -2 1 1 -2 
    -2 1 1 -2 1 1 -2 1 1 -2 -2 1 -2 -1 -1 2 2 -1 -1 2 1 1 -2 -2 
    1 -2 -2 1 1 1 1 -2 1 1 -2 -2 1 -2 -2 -1 -1 2 2 -1 2 2 -1 -1 
    2 2 2 -1 2 2 -1 -1 2 -1 -1 2 -1 2 2 -1 -1 2 -1 -1 -2 1 1 -2 
    -2 1 1 2 -1 2 2 -1 -1 2 -1 -1 2 -1 -1 2 2 -1 -1 2 1 1 -2 1 
    1 -2 -2 1 -2 -2 1 1 -2 1 1 -2 -2 1 -2 1 1 -2 1 1 -2 -2 1 -2 
    -2 -2 1 1 -2 -2 1 -2 -2 1 1 2 2 -1 2 2 -1 -1 2 -1 -1 -1 -1 2 
    2 -1 2 2 -1 -1 2 1 1 -2 -2 1 1 -2 -2 -2 1 -2 1 1 -2 -2 -2 -1 
    2 2 -1 -1 2 2 -1 2 2 2 -1 -1 2 -1 2 -1 2 -1 -1 2 2 -1 2 2 
    -1 2 -1 -1 2 2 -1 -1 2 1 -2 -2 1 -2 -2 1 1 -2 1 -2 1 1 -2 -2 
    1 1 -2 1 1 -2 1 1 -2 -2 1 -2 -2 -2 1 -2 1 1 -2 -2 -2 1 -2 -2 
    1 1 -2 -2 1 2 2 2 -1 -1 2 -1 2 2 2 -1 -1 2 2 -1 -1 2 2 -1 
    2 2 -1 -1 2 -1 -1 2 -1 -1 2 2 -1 -1 2 -1 2 -1 -1 2 2 -1 2 2 
    -1 -2 1 1 -2 -2 1 1 -2 1 -2 -2 1 -2 -2 1 1 -2 1 -2 1 1 -2 -2 
    1 -2 -2 1 1 1 1 -2 1 1 -2 -2 1 -2 -2 -1 -1 2 2 -1 2 2 -1 -1 
    2 2 2 -1 2 2 -1 -1 2 -1 -1 2 -1 2 2 -1 -1 2 -1 -1 2 2 -1 2 
    2 -1 -1 2 -1 -1 -2 1 1 -2 -2 1 1 -2 1 1 -2 1 1 -2 -2 1 -2 -1 
    -1 2 2 -1 -1 2 1 1 -2 1 1 -2 -2 1 -2 1 1 -2 1 1 -2 -2 1 -2 
    -2 -2 1 1 -2 -2 1 -2 -2 1 1 2 2 -1 2 2 -1 -1 2 -1 -1 -1 -1 2 
    2 -1 2 2 -1 -1 -2 1 1 -2 -2 1 1 2 -1 2 2 -1 -1 2 -1 -1 2 -1 
    -1 2 2 -1 -1 2 1 1 -2 1 1 -2 -2 1 -2 -1 2 -1 -1 2 2 -1 2 2 
    -1 2 -1 -1 2 2 -1 -1 2 1 -2 -2 1 -2 -2 1 1 -2 1 -2 1 1 -2 -2 
    1 1 -2 1 1 -2 1 1 -2 -2 1 -2 -2 1 1 -2 -2 1 1 -2 -2 -2 1 -2 
    1 1 -2 -2 -2 -1 2 2 -1 -1 2 2 -1 2 2 2 -1 -1 2 -1 2 2 2 -1 
    2 2 -1 -1 2 -1 -1 2 -1 -1 2 2 -1 -1 2 -1 2 -1 -1 2 2 -1 2 2 
    -1 -2 1 1 -2 -2 1 1 -2 1 -2 -2 1 -2 -2 1 1 -2 1 -2 1 -2 1 1 
    -2 -2 -2 1 -2 -2 1 1 -2 -2 1 2 2 2 -1 -1 2 -1 2 2 2 -1 -1 2 
    2 -1 -1 
⊙> qc hstxxtshhstxxtshhstxxtsh
Building gate net (depth 10, SK recursion 3)...
  net: 4842 entries, 871 KB (heap 3699 of 49152 KB)
  single arm : error 7.438997e-4  length 939
  split+fused: error 2.100443e-4  length 2085
  gain       : 3.5x
  unitary    : true
  word check : PASS (residual 1.04e-13)
  heap peak  : 3711 of 49152 KB
  braid word (2085 generators):
    2 2 2 -1 -1 2 2 -1 -1 -1 -1 -1 2 2 -1 -1 -1 -2 -2 -1 2 2 -1 -1 
    2 -1 -1 2 2 2 2 1 1 1 -2 -2 1 1 1 -2 -2 1 1 -2 1 1 -2 -1 
    -1 2 2 -1 2 2 -1 -2 1 -2 -2 1 1 -2 1 1 -2 1 -2 -2 1 -2 -2 1 
    1 -2 1 2 -1 -1 2 -1 -1 2 2 -1 2 -1 -1 2 -1 -1 2 2 -1 2 2 -1 
    2 -1 -1 2 2 -1 2 2 -1 -2 1 -2 -2 1 1 -2 1 1 -2 1 -2 -2 1 -2 
    -2 1 1 -2 1 2 -1 -1 2 -1 -1 2 2 -1 2 -1 2 2 -1 -1 2 -1 -2 -2 
    1 1 -2 1 1 -2 1 -2 -2 1 1 -2 1 1 -2 -1 2 -1 -1 2 2 -1 2 2 
    -1 2 -1 -1 2 -1 -1 2 2 -1 2 1 -2 -2 1 -2 -2 1 1 -2 1 -2 -2 1 
    1 -2 1 1 -2 -2 1 -2 1 -2 -2 1 1 -2 1 1 -2 -1 2 -1 -1 2 2 -1 
    2 2 -1 2 -1 -1 2 -1 -1 2 2 -1 2 1 -2 -2 1 -2 -2 1 1 -2 1 2 
    2 -1 -1 2 2 -1 -2 -2 1 1 -2 -2 1 1 1 -2 -2 1 1 -2 -2 -1 2 2 
    -1 -1 2 2 1 -2 -2 1 -2 -1 -1 2 2 -1 2 2 -1 -1 2 2 -1 2 2 -1 
    -1 -2 1 -2 -2 1 1 -2 1 1 -2 1 -2 -2 1 1 -2 -2 1 2 2 -1 -1 2 
    2 -1 -1 -1 2 2 -1 -1 2 2 1 -2 -2 1 1 -2 -1 -1 2 -1 -1 2 2 -1 
    2 1 1 -2 -2 1 -2 -2 1 1 -2 -2 1 -2 -2 1 1 2 -1 2 1 1 -2 -2 
    1 -2 -2 -1 2 2 -1 2 2 -1 -1 2 -1 2 2 -1 2 2 -1 -1 2 -1 -2 1 
    1 -2 -2 1 -2 -2 1 2 -1 2 2 -1 -1 2 -1 -1 2 -1 -1 2 2 -1 2 1 
    1 -2 -2 1 -2 -2 1 1 -2 -2 1 -2 -2 1 1 2 2 -1 -1 2 2 -1 -2 -2 
    1 1 -2 -2 1 1 1 -2 -2 1 1 -2 -2 -1 2 2 -1 -1 2 2 -1 -1 -1 2 
    2 -1 2 2 -1 -1 2 2 -1 2 2 -1 -1 -2 1 -2 -2 1 1 -2 1 1 -2 1 
    1 -2 -2 1 -2 1 -2 -2 1 1 -2 -2 1 2 2 -1 -1 2 2 -1 -1 -1 2 2 
    -1 -1 2 2 1 -2 -2 1 1 -2 -1 2 2 -1 -1 2 -1 -1 2 -1 2 2 -1 -1 
    2 -1 -1 2 1 1 -2 1 1 -2 -2 1 -2 -2 -2 1 1 -2 1 2 2 -1 -1 2 
    1 -2 1 1 -2 -2 1 -2 -2 1 -2 1 1 -2 -2 1 -2 -2 1 2 2 -1 2 2 
    -1 -1 -2 1 -2 -1 -1 2 2 -1 2 2 -1 -1 2 2 -1 2 2 -1 -1 -2 1 -2 
    -2 1 1 -2 1 1 2 -1 -1 2 2 -1 -2 -2 1 1 -2 -2 1 1 1 -2 -2 1 
    1 -2 -2 -1 2 2 -1 -1 2 2 -1 2 -1 -1 2 -1 -1 2 2 -1 2 1 1 -2 
    -2 1 -2 -2 1 1 -2 -2 1 -2 -2 1 1 2 -1 2 2 -1 -2 -2 1 1 -2 -2 
    1 2 2 -1 -1 2 2 -1 -1 -1 2 2 -1 -1 2 2 1 -2 -2 1 1 -2 -2 -1 
    2 2 -1 -1 2 -1 -1 2 2 2 -1 2 2 -1 -1 2 -1 -1 -2 1 1 -2 1 1 
    -2 -2 1 -2 1 1 -2 1 1 -2 -2 1 2 -1 -1 2 2 -1 -2 -2 1 1 -2 -2 
    1 1 1 -2 -2 1 1 -2 -2 -1 2 2 -1 -1 2 2 -1 2 -1 2 2 -1 -1 2 
    -1 -1 2 -1 -1 2 2 -1 2 1 1 -2 -2 1 -2 -2 1 1 -2 -2 1 -2 -2 1 
    1 1 -2 -2 1 1 -2 -2 1 2 2 -1 -1 2 2 -1 -1 -1 2 2 -1 -1 2 2 
    1 -2 -2 1 1 -2 -2 -1 -1 2 2 -1 2 2 -1 -1 2 2 -1 2 2 -1 -1 -2 
    1 -2 -2 1 1 -2 -2 1 1 -2 -2 1 1 -2 1 1 -2 1 1 -2 -2 1 -2 -1 
    -1 2 2 -1 -1 2 2 1 1 -2 -2 1 -2 -2 1 1 -2 1 -2 1 1 -2 -2 1 
    1 -2 -1 2 -1 -1 2 2 -1 2 2 -1 2 -1 -1 2 2 -1 -1 2 -1 2 -1 -1 
    2 -1 -1 2 2 -1 -2 1 1 -2 -2 1 1 2 -1 2 2 -1 -1 2 -1 -1 2 -1 
    -1 2 2 -1 -1 2 1 1 -2 1 1 -2 -2 1 -2 -2 1 -2 -2 1 1 -2 1 1 
    -2 1 -2 1 1 -2 -2 1 1 -2 1 -2 -2 1 -2 -2 1 1 -2 1 2 -1 -1 2 
    2 -1 -1 2 -1 2 -1 -1 2 2 -1 2 2 -1 -2 -2 1 1 -2 1 1 -2 -2 -1 
    2 2 -1 -1 2 -1 -1 2 2 2 2 -1 -1 2 -1 -1 2 2 -1 -2 -2 1 1 -2 
    1 1 -2 -2 -1 -1 2 2 -1 -1 -1 -2 -1 -1 2 2 -1 -1 2 2 2 1 1 1 
    -2 -2 1 1 1 -2 1 1 -2 -2 1 1 -2 1 1 -2 1 1 -2 -2 1 -2 -2 -1 
    2 2 -1 -1 2 -1 -1 2 2 1 -2 -2 1 1 -2 1 1 -2 -2 -2 -2 1 1 -2 
    1 1 -2 -2 1 2 2 -1 -1 2 -1 -1 2 2 -1 2 2 -1 2 2 -1 -1 2 -1 
    -1 2 -1 -1 2 2 -1 -1 2 -1 -1 -1 2 2 -1 -1 -1 -2 -2 -2 1 1 -2 -2 
    1 1 2 1 1 1 -2 -2 1 1 1 1 1 -2 -2 1 -2 -2 1 1 -2 1 -2 1 
    1 -2 -2 1 1 -2 -1 2 -1 -1 2 2 -1 2 2 -1 2 -1 -1 2 2 -1 -1 2 
    -1 2 -1 -1 2 -1 -1 2 2 -1 2 2 -1 2 2 -1 -1 2 -1 -1 -2 1 1 -2 
    -2 1 1 -2 1 1 -2 1 1 -2 -2 1 -2 -1 -1 2 2 -1 -1 2 1 -2 -2 1 
    1 -2 1 1 -2 1 -2 1 1 -2 -2 1 1 -2 1 -2 -2 1 -2 -2 1 1 -2 1 
    2 -1 -1 2 2 -1 -1 2 -1 2 -1 -1 2 2 -1 2 2 -1 -1 -2 -2 1 1 -2 
    -2 1 1 2 -1 2 2 -1 -1 2 -1 -1 2 -1 -1 2 2 -1 -1 2 1 1 -2 1 
    1 -2 -2 1 -2 -1 -1 -1 2 2 -1 -1 -1 -2 -1 -1 2 2 -1 -1 2 2 2 1 
    1 1 -2 -2 1 1 1 -2 1 1 -2 -2 1 1 -2 1 1 -2 1 1 -2 -2 1 -2 
    -2 1 -2 -2 1 1 -2 1 1 -2 -2 -1 2 2 -1 -1 2 -1 -1 2 2 2 2 -1 
    -1 2 -1 -1 2 2 -1 -2 -2 1 1 -2 1 1 -2 -2 1 2 2 -1 2 2 -1 -1 
    2 -1 -1 2 -1 -1 2 2 -1 -1 2 -1 -1 -1 2 2 -1 -1 -1 -2 -2 -2 1 1 
    -2 -2 1 1 2 1 1 1 -2 -2 1 1 2 2 -1 -1 2 -1 -1 2 2 1 -2 -2 
    1 1 -2 1 1 -2 -2 -2 -2 1 1 -2 1 1 -2 -2 1 2 2 -1 -1 2 -1 -1 
    2 2 -1 2 -1 2 2 -1 -1 2 -1 -1 2 1 1 -2 1 1 -2 -2 1 -2 -2 -2 
    1 1 -2 1 1 -2 -2 1 2 -1 2 2 -1 -1 2 -1 -1 -1 2 -1 -1 2 2 -1 
    2 2 -1 -2 -2 1 -2 -2 1 1 -2 1 1 1 -2 -2 1 -2 -2 1 1 -2 -1 2 
    -1 -1 2 2 -1 2 2 1 1 -2 1 1 -2 -2 1 -2 -1 2 2 -1 -1 2 -1 -1 
    2 2 2 -1 2 2 -1 -1 2 -1 -1 -2 1 1 -2 1 1 -2 -2 1 -2 -2 -2 1 
    -2 -2 1 1 -2 1 2 -1 -1 2 2 -1 2 2 -1 -1 -1 2 -1 -1 2 2 -1 2 
    2 1 -2 -2 1 -2 -2 1 1 -2 -1 2 2 -1 2 2 -1 -1 2 -1 2 2 -1 -1 
    2 -1 -1 2 1 1 -2 -2 1 -2 -2 1 1 -2 -2 1 1 -2 1 2 2 -1 -1 2 
    -1 2 -1 -1 2 -1 -1 2 2 -1 2 1 -2 1 1 -2 -2 1 -2 -2 1 -2 1 -2 
    -2 1 1 -2 1 1 -2 -1 2 2 -1 -1 2 -1 -1 2 2 -1 -1 2 2 -1 2 2 
    -1 -1 -2 1 1 -2 1 1 -2 -2 1 -2 1 1 -2 -2 1 -2 -2 1 1 2 -1 -1 
    2 -1 -1 2 2 -1 2 -1 2 2 -1 2 2 -1 -1 2 -1 -2 1 -2 -2 1 1 -2 
    1 1 -2 1 -2 1 1 -2 -2 1 -2 -1 -1 2 2 -1 2 2 -1 -2 -2 1 -2 -2 
    1 1 -2 1 1 1 -2 -2 1 -2 -2 1 1 -2 -1 2 -1 -1 2 2 -1 2 2 2 
    -1 2 2 -1 -1 2 -1 -1 2 1 1 -2 1 1 -2 -2 1 -2 -2 -2 1 1 -2 1 
    1 -2 -2 1 2 -1 2 2 -1 -1 2 -1 -1 -2 -2 1 -2 -2 1 1 -2 1 2 -1 
    -1 2 2 -1 2 2 -1 -1 -1 2 -1 -1 2 2 -1 2 2 1 -2 -2 1 -2 -2 1 
    1 -2 1 1 1 -2 1 1 -2 -2 1 -2 -1 2 2 -1 -1 2 -1 -1 2 2 2 -1 
    2 2 -1 -1 2 -1 -1 -2 1 1 -2 1 1 -2 -2 1 -2 -1 2 2 -1 2 2 -1 
    -1 2 -1 2 -1 -1 2 -1 -1 2 2 -1 2 1 -2 1 1 -2 -2 1 -2 -2 1 -2 
    1 -2 -2 1 1 -2 1 1 -2 -1 -1 2 2 -1 2 2 -1 -1 2 -1 2 2 -1 -1 
    2 -1 -1 2 1 1 -2 -2 1 -2 -2 1 1 -2 -2 1 1 -2 1 1 -2 -2 1 2 
    -1 -1 2 -1 -1 2 2 -1 2 -1 2 2 -1 2 2 -1 -1 2 -1 -2 1 -2 -2 1 
    1 -2 1 1 -2 1 -2 1 1 -2 -2 -1 2 -1 -1 2 2 -1 -1 2 2 -1 2 2 
    -1 -1 -2 1 1 -2 1 1 -2 -2 1 -2 1 1 -2 -2 1 -2 -2 1 1 
⊙> qc xhxsxtxhxsxtxhxsxtxhxsxt
Building gate net (depth 10, SK recursion 3)...
  net: 4842 entries, 871 KB (heap 3699 of 49152 KB)
  single arm : error 3.592809e-4  length 1027
  split+fused: error 2.273703e-4  length 1635
  gain       : 1.6x
  unitary    : true
  word check : PASS (residual 8.27e-14)
  heap peak  : 3709 of 49152 KB
  braid word (1635 generators):
    1 1 2 -1 -2 1 1 -2 1 1 -2 -1 -1 2 2 -1 2 2 -1 -1 2 2 -1 -1 
    2 -1 -1 2 2 1 -2 -2 1 -2 -2 1 1 2 -1 2 2 -1 -1 2 -1 -1 2 2 
    -1 -1 2 -1 -1 2 2 1 -2 1 1 -2 -2 1 -2 -2 1 -2 -2 1 1 -2 1 1 
    -2 -2 1 1 1 -2 1 1 -2 -2 1 -2 -2 -1 2 2 -1 -1 2 -1 -1 2 2 1 
    -2 -2 1 1 -2 -2 -1 -1 -2 -2 1 1 -2 1 1 -2 -2 1 1 1 2 2 -1 -1 
    2 2 -1 2 2 -1 -1 2 -1 -1 2 2 -1 2 2 -1 2 2 -1 -1 2 -1 -1 -1 
    2 2 -1 -1 2 -1 -1 2 2 -1 2 2 -1 2 2 -1 -1 2 -1 -2 -2 1 1 -2 
    1 1 -2 -2 1 1 -2 1 1 -2 -2 1 -2 -2 1 1 -2 -2 1 1 -2 1 1 -2 
    -2 1 -2 -2 1 1 -2 -2 -1 -1 -1 2 2 -1 -1 2 -1 -1 2 2 1 1 2 2 
    -1 -1 2 2 -1 -2 -2 1 1 -2 1 1 -2 -2 1 2 -1 2 2 -1 -1 2 -1 -1 
    2 1 1 -2 1 1 -2 -2 1 -2 -2 -2 1 1 -2 1 1 -2 -2 1 2 -1 2 2 
    -1 -1 2 -1 -1 -1 -1 -1 2 2 -1 -1 -1 -2 -2 -1 2 2 -1 -1 2 -1 -1 2 
    2 2 2 1 1 1 -2 -2 1 1 1 -2 -2 1 1 -2 1 1 -2 -2 1 1 1 -2 
    1 1 -2 -2 1 -2 -2 1 1 -2 1 1 -2 -2 1 -2 -1 2 2 -1 -1 2 -1 -1 
    2 2 2 -1 2 2 -1 -1 2 -1 -1 -2 1 1 -2 1 1 -2 -2 1 2 -1 2 2 
    -1 -1 2 -1 -1 -1 2 2 -1 -1 2 -1 -1 2 2 -1 -1 -1 2 2 -1 -1 -1 -2 
    -2 -2 -2 1 1 -2 1 1 -2 -2 1 2 2 1 1 1 -2 -2 1 1 1 1 1 -2 
    -2 1 -2 -1 -1 2 2 -1 2 2 -1 -1 2 2 -1 2 2 -1 -1 -2 1 -2 -2 1 
    1 -2 1 1 -2 -1 2 -1 -1 2 2 -1 2 2 1 1 1 -2 -2 1 -2 -2 1 1 
    -2 -2 -2 1 -2 -2 1 1 -2 -2 1 1 -2 -2 1 -2 -2 1 1 -2 1 -2 -2 1 
    1 -2 1 1 -2 -1 -1 2 2 -1 2 2 -1 -1 2 2 -1 -1 2 -1 -1 2 2 -1 
    2 -1 -1 2 -1 -1 2 2 -1 2 2 2 -1 -1 2 2 -1 2 2 2 -1 -1 2 2 
    -1 2 2 -1 -1 -1 -2 -2 1 -2 -2 1 1 -2 1 -2 -2 1 -2 -2 1 1 -2 1 
    1 -2 1 -2 -2 1 1 -2 1 1 -2 -2 1 1 -2 -2 1 -2 -2 1 1 2 -1 -1 
    2 -1 -1 2 2 -1 2 -1 -1 2 2 -1 2 2 -1 -1 -2 1 -2 -2 1 1 -2 1 
    1 1 -2 -2 1 -2 -2 1 1 -2 -1 2 -1 -1 2 2 -1 2 2 -1 2 -1 -1 2 
    2 -1 2 2 -1 2 -1 -1 2 -1 -1 2 2 -1 2 1 1 -2 -2 1 -2 -2 1 1 
    -2 -2 1 -2 -2 1 1 2 -1 2 2 -1 -1 -1 -1 -1 2 2 -1 -1 -1 -2 -2 -1 
    2 2 -1 -1 2 -1 -1 2 2 2 2 1 1 1 -2 -2 1 1 1 -2 -2 1 1 -2 
    1 1 -2 -2 1 1 1 -2 1 1 -2 -2 1 -2 -1 2 2 -1 -1 2 -1 -1 2 1 
    1 -2 1 1 -2 -2 1 -2 -2 -2 1 1 -2 1 1 -2 -2 1 2 -1 2 2 -1 -1 
    2 -1 -1 2 2 -1 2 2 -1 -1 2 -1 -1 -1 2 2 -1 -1 2 -1 -1 2 2 -1 
    -1 -1 2 2 -1 -1 -1 -2 -2 -2 -2 1 1 -2 1 1 -2 -2 1 2 2 1 1 1 
    -2 -2 1 1 1 1 1 -2 1 1 -2 -2 1 -2 -1 2 2 -1 -1 2 -1 -1 2 2 
    2 -1 2 2 -1 -1 2 -1 -1 -2 1 1 -2 1 1 -2 -2 1 -2 1 -2 -2 1 -2 
    -2 1 1 -2 1 -2 -2 1 -2 -2 1 1 -2 1 2 -1 -1 2 2 -1 2 2 -1 -1 
    -1 2 -1 -1 2 2 -1 2 1 1 -2 -2 1 -2 -2 1 1 -2 1 -2 -2 1 1 -2 
    1 1 -2 -1 -1 2 2 -1 2 2 -1 -1 2 2 -1 -1 2 -1 -1 2 2 -1 2 -1 
    -1 2 -1 -1 2 2 -1 2 2 -1 2 -1 -1 2 2 -1 2 2 1 1 1 -2 -2 1 
    -2 -2 1 1 -2 -2 -2 1 -2 -2 1 1 -2 -2 -2 1 -2 -2 1 1 -2 1 1 -2 
    1 -2 -2 1 1 -2 1 1 -2 -2 1 1 -2 -2 1 -2 -2 1 1 2 -1 -1 2 -1 
    -1 2 2 -1 2 -1 -1 2 2 -1 2 2 -1 -1 2 2 -1 -1 2 2 -1 2 2 2 
    -1 -1 2 2 -1 2 2 -1 -1 -1 -2 -2 1 -2 -2 1 1 -2 1 1 -2 1 1 -2 
    -2 1 1 -2 -1 -1 2 2 -1 -1 2 -1 -1 2 2 1 2 -1 -1 2 2 -1 -1 2 
    -1 -2 -2 1 1 -2 1 1 -2 -2 1 -2 -2 1 -2 -2 1 1 -2 1 2 -1 -1 2 
    -1 -2 -2 -2 -2 -1 -1 2 -1 -1 2 2 -1 2 2 2 2 2 2 1 -2 1 1 2 
    -1 -1 2 -1 -1 2 2 1 -2 1 1 -2 -2 1 1 -2 -1 -2 -2 1 1 -2 1 1 
    -2 -2 1 1 2 -1 -1 2 2 -1 -1 2 -1 -1 2 -1 -1 2 -1 -2 -2 -2 -2 -2 
    -2 1 -2 -2 1 1 -2 1 1 2 2 2 2 1 -2 1 1 -2 -1 2 -1 -1 2 2 
    -1 2 2 1 -2 -2 1 1 -2 1 1 -2 -2 -1 2 2 -1 -1 2 -1 -1 2 2 2 
    2 -1 -1 2 -1 -1 2 2 -1 -2 -2 1 1 -2 1 2 2 -1 -1 2 -1 2 -1 -1 
    2 -1 -1 2 2 -1 2 1 -2 1 1 -2 -2 1 -2 -2 1 -2 1 -2 -2 1 1 -2 
    1 1 -2 -1 2 2 -1 -1 2 -1 -1 2 2 1 -2 -2 1 1 -2 1 1 -2 -2 -2 
    -2 1 1 -2 1 1 -2 -2 1 2 2 -1 -1 2 -1 -1 2 2 -1 2 -1 -1 2 -1 
    -1 2 2 -1 2 -1 2 2 -1 2 2 -1 -1 2 -1 -2 1 -2 -2 1 1 -2 1 1 
    -2 1 -2 1 1 -2 -2 1 -2 -2 1 -2 -2 1 -2 -2 1 1 -2 1 2 -1 -1 2 
    -1 -2 -2 -2 -2 -1 -1 2 -1 -1 2 2 -1 2 2 2 2 2 2 1 -2 1 1 -2 
    1 1 -2 1 1 -2 -2 1 1 -2 -1 -1 2 2 -1 -1 2 -1 -1 2 2 1 2 -1 
    -1 2 2 -1 -1 2 -1 -2 -2 1 1 -2 1 1 -2 -1 -1 2 -1 -2 -2 -2 -2 -2 
    -2 1 -2 -2 1 1 -2 1 1 2 2 2 2 1 -2 1 1 -2 -1 2 -1 -1 2 2 
    -1 2 2 -1 2 2 -1 -1 2 -1 -1 2 2 1 -2 1 1 -2 -2 1 1 -2 -1 -2 
    -2 1 1 -2 1 1 -2 -2 1 1 2 -1 -1 2 2 -1 -1 2 -1 -1 2 2 -1 2 
    2 -1 -1 2 -1 2 -1 -1 2 -1 -1 2 2 -1 2 1 -2 1 1 -2 -2 1 -2 -2 
    1 -2 1 -2 -2 1 1 -2 1 1 -2 1 -2 -2 1 1 -2 1 1 -2 -2 -1 2 2 
    -1 -1 2 -1 -1 2 2 2 2 -1 -1 2 -1 -1 2 2 -1 -2 -2 1 1 -2 1 1 
    -2 -2 1 2 -1 -1 2 -1 -1 2 2 -1 2 -1 2 2 -1 2 2 -1 -1 2 -1 -2 
    1 -2 -2 1 1 -2 1 1 -2 1 -2 1 1 -2 -2 -1 2 -1 -1 2 2 1 -2 -2 
    1 1 -2 1 1 -2 -2 -2 -2 1 1 -2 1 1 -2 -2 1 2 2 -1 -1 2 -1 -1 
    2 2 -1 
⊙> qc htsxsxthhtsxsxthhtsxsxth
Building gate net (depth 10, SK recursion 3)...
  net: 4842 entries, 871 KB (heap 3699 of 49152 KB)
  single arm : error 9.693021e-4  length 963
  split+fused: error 1.192994e-4  length 2005
  gain       : 8.1x
  unitary    : true
  word check : PASS (residual 9.70e-14)
  heap peak  : 3710 of 49152 KB
  braid word (2005 generators):
    1 1 -2 -2 1 1 -2 -2 -2 1 1 -2 1 1 -2 -2 1 -2 -2 1 -2 -2 1 1 
    -2 -2 -1 -1 2 2 -1 2 2 -1 -1 2 2 2 -1 -1 2 2 -1 -1 2 2 -1 2 
    2 -1 -1 2 -1 -2 1 1 -2 -2 1 1 -2 1 -2 1 1 -2 -2 1 -2 -2 1 2 
    -1 -1 2 2 -1 -1 2 1 -2 -2 1 1 -2 -2 -2 1 1 -2 -2 1 -2 -2 1 1 
    2 2 -1 -1 2 2 -1 2 2 -1 2 2 -1 -1 2 -1 -1 -2 1 1 -2 -2 1 1 
    -2 -1 2 2 -1 2 2 -1 -1 2 -1 2 -1 -1 2 2 -1 -1 2 1 -2 1 1 -2 
    -2 1 -2 -2 1 1 1 -2 1 1 -2 -2 1 -2 -2 1 -2 -2 1 1 -2 -2 -1 -1 
    2 2 -1 2 2 -1 -1 2 -1 -2 -2 1 1 -2 1 1 -2 -2 1 1 2 2 -1 -1 
    2 2 -1 2 2 -1 -1 2 -1 -1 2 2 -1 -1 2 2 -1 -1 2 2 1 -2 1 1 
    -2 -2 1 -2 -2 1 -2 -2 1 1 -2 -2 1 2 2 -1 2 2 -1 -1 2 -1 -2 -2 
    1 1 -2 1 1 -2 -2 1 -2 -2 1 1 -2 -2 -1 -1 2 2 -1 -1 2 -1 -1 2 
    2 1 2 2 -1 -1 2 2 1 -2 1 1 -2 -2 1 -2 -2 -1 2 2 -1 -1 2 2 
    -1 2 2 -1 2 2 -1 -1 2 -1 -2 -2 1 2 2 -1 -1 2 -1 -2 1 1 -2 -2 
    1 -2 -2 1 1 1 -2 1 1 -2 -2 1 -2 -2 -1 2 2 -1 2 2 -1 -1 2 2 
    -1 2 2 -1 -1 2 -1 -1 2 1 1 -2 1 1 -2 -2 1 -2 -2 -2 1 1 -2 1 
    1 -2 -2 1 2 -1 2 2 -1 -1 2 -1 -1 -2 1 1 -2 -2 1 -2 -2 1 1 -2 
    1 -2 -2 1 1 -2 1 1 -2 -1 -1 2 2 -1 2 2 -1 -1 2 2 -1 -1 2 -1 
    -1 2 2 -1 2 1 1 -2 1 1 -2 -2 1 -2 -1 2 2 -1 -1 2 -1 -1 2 2 
    2 -1 2 2 -1 -1 2 -1 -1 -2 1 1 -2 1 1 -2 -2 1 -2 -2 1 -2 -2 1 
    1 -2 1 1 -2 -2 1 1 -2 -2 1 -2 -2 1 1 2 -1 -1 2 -1 -1 2 2 -1 
    2 -1 -1 2 2 -1 2 2 -1 -1 2 2 -1 2 2 -1 -1 2 -1 -1 2 1 1 -2 
    1 1 -2 -2 1 -2 -2 -2 1 1 -2 1 1 -2 -2 1 2 -1 2 2 -1 -1 2 -1 
    -1 -2 1 1 -2 -2 1 -2 -2 1 2 2 -1 2 2 -1 -1 2 -1 -1 -1 2 2 -1 
    2 2 -1 -1 2 1 -2 1 1 -2 -2 -1 2 2 1 -2 1 1 -2 -2 1 -2 -2 1 
    -2 -2 1 1 -2 -2 1 2 2 -1 2 2 -1 -1 2 -1 -2 -2 1 1 -2 -2 -1 -2 
    -2 1 1 -2 1 1 -2 -2 1 1 2 2 -1 -1 2 2 -1 2 2 -1 -1 2 -1 -1 
    2 2 1 -2 1 1 -2 -2 1 -2 -2 -1 2 2 -1 -1 2 2 -1 2 2 -1 2 2 
    -1 -1 2 -1 -2 -2 1 1 -2 -2 1 1 -2 -2 1 1 -2 1 1 -2 -2 1 -2 -2 
    1 1 -2 -2 -1 -1 2 2 -1 -1 2 -1 -1 2 2 1 2 2 -1 -1 2 2 1 -2 
    1 1 -2 -2 1 -2 -1 2 2 -1 -1 2 -1 -1 2 2 2 -1 2 2 -1 -1 2 -1 
    -1 -2 1 1 -2 1 1 -2 -2 1 -2 -2 1 1 -2 -2 1 -2 -2 1 1 -2 1 -2 
    -2 1 1 -2 1 1 -2 -1 -1 2 2 -1 2 2 -1 -1 2 2 -1 -1 2 -1 -1 2 
    2 -1 2 2 -1 2 2 -1 -1 2 -1 -1 2 1 1 -2 1 1 -2 -2 1 -2 -2 -2 
    1 1 -2 1 1 -2 -2 1 2 -1 2 2 -1 -1 2 -1 -1 -2 1 -2 -2 1 1 -2 
    1 1 -2 -2 1 1 -2 -2 1 -2 -2 1 1 2 -1 -1 2 -1 -1 2 2 -1 2 -1 
    -1 2 2 -1 2 2 -1 -1 2 1 1 -2 1 1 -2 -2 1 -2 -1 2 2 -1 -1 2 
    -1 -1 2 2 2 -1 2 2 -1 -1 2 -1 -1 -1 -1 2 2 -1 2 1 1 -2 -2 1 
    -2 -2 1 1 -2 -2 1 -2 -1 -1 2 2 -1 2 2 1 1 -2 -2 1 -2 -2 1 1 
    -2 -2 -2 1 -2 -2 1 1 -2 1 1 2 -1 -1 2 2 -1 2 2 -1 -1 -1 -1 2 
    2 -1 2 2 -1 -1 2 2 -1 2 2 -1 -1 -2 1 -2 -2 1 1 -2 1 1 -2 1 
    1 -2 -2 1 -2 1 1 -2 -2 1 -2 -2 1 1 -2 -1 -1 2 -1 -1 2 2 -1 2 
    2 2 -1 -1 2 2 -1 2 2 -1 -1 -2 -2 1 -2 -2 1 1 -2 1 1 -2 1 1 
    -2 -2 1 -2 -2 1 1 1 1 -2 1 1 -2 -2 1 -2 -2 -1 -1 2 2 -1 2 2 
    -1 -1 2 2 2 -1 2 2 -1 -1 -2 1 -2 -2 1 2 2 -1 -1 2 -1 -1 2 2 
    -1 -1 2 2 -1 2 2 -1 -1 -2 1 1 -2 1 1 -2 -2 1 -2 1 1 -2 1 1 
    -2 -2 1 -2 -2 -2 1 1 -2 -2 1 -2 -2 1 1 2 2 -1 2 2 -1 -1 2 -1 
    -1 -1 -1 2 2 -1 2 2 -1 -1 2 2 -1 2 2 -1 -1 2 -1 -1 2 1 1 -2 
    -2 1 -2 -2 1 1 -2 -2 1 1 -2 1 1 -2 -2 -1 2 2 -1 2 2 -1 -1 -1 
    -1 2 -1 -1 2 2 -1 2 2 1 1 -2 -2 1 -2 -2 1 1 -2 -2 -2 1 -2 -2 
    1 1 -2 1 1 2 -1 -1 2 2 -1 2 2 -1 -1 2 -1 2 2 -1 -1 2 -1 -1 
    2 -1 -1 2 2 -1 2 1 1 -2 -2 1 -2 -2 1 1 -2 -2 1 -2 -2 1 1 1 
    1 -2 -2 1 -2 -2 1 1 -2 -1 -1 2 -1 -1 2 2 -1 2 2 2 -1 -1 2 2 
    -1 2 2 -1 -1 -2 -2 1 -2 -2 1 1 2 -1 2 2 -1 -1 2 2 -1 2 2 -1 
    -1 -2 1 -2 -2 1 1 -2 1 1 -2 1 1 -2 -2 1 -2 1 1 -2 -2 1 -2 -2 
    1 2 2 -1 -1 2 -1 -1 2 2 -1 -1 2 2 -1 2 2 -1 -1 -2 1 1 -2 1 
    1 -2 -2 1 -2 -2 1 1 -2 -2 1 -2 -2 1 1 1 1 -2 1 1 -2 -2 1 -2 
    -2 -1 -1 2 2 -1 2 2 -1 -1 2 2 2 -1 2 2 -1 -1 2 -1 -1 2 -1 2 
    2 -1 -1 2 -1 -1 2 1 1 -2 -2 1 -2 -2 1 1 -2 -2 1 1 -2 1 1 -2 
    -2 -1 2 2 -1 2 1 1 -2 -2 1 -2 -2 -2 1 1 -2 -2 1 -2 -2 1 1 2 
    2 -1 2 2 -1 -1 2 -1 -1 -1 -1 2 2 -1 2 2 -1 -1 2 2 -1 2 2 -1 
    -1 2 -1 -1 2 -1 -1 2 2 -1 2 1 1 -2 -2 1 -2 -2 1 1 -2 -2 1 -2 
    -2 1 1 1 -2 -2 1 1 -2 1 1 -2 -2 1 1 -2 -2 1 -2 -2 1 1 2 -1 
    -1 2 -1 -1 2 2 -1 2 -1 -1 2 2 -1 2 2 -1 -1 -1 -1 2 2 -1 2 2 
    -1 -1 2 2 -1 2 2 -1 -1 -2 1 -2 -2 1 1 -2 1 1 -2 1 1 -2 -2 1 
    -2 1 1 -2 -2 1 -2 -2 1 1 -2 1 -2 -2 1 1 -2 1 1 -2 -1 -1 2 2 
    -1 2 2 -1 -1 2 2 -1 -1 2 -1 -1 2 2 -1 -2 1 1 -2 -2 1 -2 -2 1 
    1 1 1 -2 1 1 -2 -2 1 -2 -2 -1 -1 2 2 -1 2 2 -1 -1 2 2 2 -1 
    2 2 -1 -1 -2 1 -2 -2 1 2 2 -1 -1 2 -1 -1 2 2 -1 -1 2 2 -1 2 
    2 -1 -1 -2 1 1 -2 1 1 -2 -2 1 -2 1 1 -2 1 1 -2 -2 1 -2 -2 -2 
    1 1 -2 -2 1 -2 -2 1 1 2 2 -1 2 2 -1 -1 2 -1 -1 -1 -1 2 2 -1 
    2 2 -1 -1 2 2 -1 2 2 -1 -1 2 -1 -1 2 1 1 -2 -2 1 -2 -2 1 1 
    -2 -2 1 1 -2 1 1 -2 -2 -1 2 2 -1 2 2 -1 -2 -2 1 1 -2 1 1 -2 
    -2 1 1 -2 -2 1 -2 -2 1 1 2 -1 -1 2 -1 -1 2 2 -1 2 -1 -1 2 2 
    -1 2 2 -1 -1 2 -1 2 2 -1 -1 2 -1 -1 2 -1 -1 2 2 -1 2 1 1 -2 
    -2 1 -2 -2 1 1 -2 -2 1 -2 -2 1 1 1 1 -2 -2 1 -2 -2 1 1 -2 1 
    -2 -2 1 1 -2 1 1 -2 -1 -1 2 2 -1 2 2 -1 -1 2 2 -1 -1 2 -1 -1 
    2 2 -1 -1 -1 2 2 -1 2 2 -1 -1 2 2 -1 2 2 -1 -1 -2 1 -2 -2 1 
    1 -2 1 1 -2 1 1 -2 -2 1 -2 1 1 -2 -2 1 -2 -2 1 2 2 -1 -1 2 
    -1 -1 2 2 -1 -1 2 2 -1 2 2 -1 -1 -2 1 1 -2 1 1 -2 -2 1 -2 -2 
    1 1 -2 -2 1 -2 -2 1 1 1 1 -2 1 1 -2 -2 1 -2 -2 -1 -1 2 2 -1 
    2 2 -1 -1 2 2 2 -1 2 2 -1 -1 2 -1 -1 2 -1 2 2 -1 -1 2 -1 -1 
    2 1 1 -2 -2 1 -2 -2 1 1 -2 -2 1 1 -2 1 1 -2 -2 -1 2 2 -1 2 
    1 1 -2 -2 1 -2 -2 -2 1 1 -2 -2 1 -2 -2 1 1 2 2 -1 2 2 -1 -1 
    2 -1 -1 -1 -1 2 2 -1 2 2 -1 -1 2 
⊙> qc xxhhssttxxhhssttxxhhsstt
Building gate net (depth 10, SK recursion 3)...
  net: 4842 entries, 871 KB (heap 3699 of 49152 KB)
  single arm : error 6.150956e-4  length 1014
  split+fused: error 6.150956e-4  length 1014
  gain       : 1.0x
  unitary    : true
  word check : PASS (residual 5.03e-14)
  heap peak  : 3707 of 49152 KB
  braid word (1014 generators):
    -1 2 2 -1 2 2 2 -1 2 1 -2 -2 1 1 -2 1 1 -2 -1 2 -1 -1 2 2 
    -1 2 2 -1 2 -1 -1 2 -1 -1 2 2 -1 2 1 -2 -2 1 -2 -2 1 1 -2 1 
    2 -1 2 -1 -1 2 -1 -2 -2 1 1 -2 1 1 -2 -2 1 1 -2 1 1 -2 1 2 
    -1 2 2 -1 -1 2 -1 -1 -1 -1 2 2 -1 2 2 -1 -1 2 -1 2 2 -1 2 2 
    -1 -1 2 -1 2 -1 2 2 -1 -1 2 -1 -1 2 1 -2 1 1 -2 -2 1 -2 -2 1 
    -2 1 1 -2 1 1 -2 -2 -1 2 -1 -1 2 2 1 -2 -2 1 -2 -2 1 1 1 1 
    -2 1 1 -2 -2 1 -2 -1 2 -1 -1 2 -1 -1 2 2 -1 -1 2 -1 -1 2 2 1 
    -2 1 1 -2 1 -2 -2 1 -2 -2 1 1 -2 1 2 2 -1 -1 2 -1 -1 2 -1 2 
    2 -1 2 2 -1 -1 2 -1 -2 1 1 -2 1 1 -2 -2 1 -2 -1 2 -1 -2 -2 1 
    -2 1 1 -2 -2 1 -2 -2 1 2 2 1 -2 1 -2 1 1 -2 -2 1 -2 -2 1 1 
    -2 1 -2 -2 1 1 -2 1 1 -2 -1 -1 2 2 -1 2 2 -1 -1 2 2 -1 -1 2 
    -1 -1 2 2 -1 2 -1 -1 2 -1 -1 2 2 -1 2 2 -1 2 -1 -2 -2 -1 2 2 
    -1 2 2 -1 -1 2 -1 2 2 1 -2 1 1 -2 1 1 -2 -2 1 -2 -2 1 -2 -2 
    1 -2 -2 1 1 -2 1 1 -2 1 -2 -2 1 1 -2 1 1 -2 -2 1 1 -2 -2 1 
    -2 -2 1 1 2 -1 -1 2 -1 -1 2 2 -1 2 -1 -1 2 2 -1 2 2 -1 -1 2 
    -1 2 -1 -1 2 2 -1 2 2 -1 -2 -2 1 1 -2 1 1 -2 -2 1 1 -2 -2 1 
    -2 -2 1 1 2 -1 -1 2 -1 -1 2 2 1 -2 -2 1 1 -2 -2 1 1 -2 1 1 
    -2 -2 1 1 -2 -1 -1 2 2 -1 -1 2 2 2 -1 -1 2 2 -1 -1 2 -1 2 -1 
    -1 2 -1 -1 2 2 -1 2 1 -2 -2 1 1 -2 -2 -2 1 1 -2 -2 1 -2 -2 1 
    1 2 2 -1 -1 2 2 -1 2 2 -1 2 2 -1 -1 2 -1 -1 -1 -1 2 2 -1 2 
    2 -1 -2 -2 1 1 -2 1 1 -2 1 -2 1 1 -2 -2 1 1 -2 -2 -2 1 1 -2 
    -2 1 1 2 -1 -1 2 2 -1 -1 2 -1 -1 2 2 -1 -1 2 2 -1 -2 1 1 -2 
    -2 1 -2 -2 1 1 1 1 -2 1 1 -2 -2 1 -2 -2 1 -2 -2 1 1 -2 -2 -1 
    -1 2 2 -1 2 2 -1 -1 2 2 2 -1 -1 2 2 -1 -1 2 2 -1 2 2 -1 -1 
    2 -1 -1 -1 2 -1 -1 2 2 -1 2 2 1 -2 1 1 -2 -2 1 -2 -2 1 -2 -2 
    1 -2 -2 1 1 -2 1 1 -2 -2 1 1 -2 1 1 -2 -1 -1 2 2 -1 2 2 -1 
    -1 2 2 -1 -1 2 -1 -1 2 2 1 -2 -2 1 -2 -2 1 1 -2 1 -2 1 1 -2 
    -2 1 -2 -2 1 1 -2 1 -2 -2 1 1 -2 1 1 -2 -1 -1 2 2 -1 2 2 -1 
    -1 2 2 -1 -1 2 -1 -1 2 2 -1 2 -1 -1 2 -1 -1 2 2 -1 2 2 -1 2 
    2 -1 2 2 -1 -1 2 -1 -1 2 -1 -2 -2 1 -2 1 1 -2 -2 1 -2 -2 1 2 
    2 1 -2 1 -2 -2 1 -2 -2 1 1 -2 1 1 -2 1 -2 -2 1 1 -2 1 1 -2 
    -2 1 1 -2 -2 1 -2 -2 1 1 2 -1 -1 2 -1 -1 2 2 -1 2 -1 -1 2 2 
    -1 2 2 -1 -1 2 -1 2 -1 -2 -2 -1 2 2 -1 2 2 -1 -1 2 -1 2 2 1 
    -2 1 1 -2 1 1 -2 -2 1 -2 -2 -1 2 -1 -1 2 2 -1 2 2 -1 2 2 -1 
    2 2 -1 -1 2 -1 -2 -2 1 -2 -2 1 1 -2 1 1 1 -2 1 1 -2 -2 1 -2 
    -2 1 1 -2 -2 1 1 -2 -2 -2 1 1 -2 -2 1 -2 -2 1 1 2 2 -1 -1 2 
    2 -1 2 2 -1 2 2 -1 -1 2 -1 -1 -1 -1 2 2 -1 2 2 -1 -1 2 1 -2 
    -2 1 1 -2 -2 1 1 -2 1 1 -2 -2 1 1 -2 -1 -1 2 2 -1 -1 2 2 2 
    -1 -1 2 2 -1 -1 2 -1 2 -1 -1 2 -1 -1 2 2 1 -2 -2 1 -2 -2 1 1 
    1 1 -2 1 1 -2 -2 1 -2 -2 1 -2 -2 1 1 -2 -2 -1 -1 2 2 -1 2 2 
    -1 -1 2 2 2 -1 -1 2 2 -1 -2 1 -2 -2 1 1 -2 1 1 -2 1 -2 1 1 
    -2 -2 1 1 -2 -2 -2 1 1 -2 -2 1 1 2 -1 -1 2 2 -1 -1 2 -1 -1 2 
    2 -1 -1 2 2 -1 
⊙> qc hstxhstxhstxhstxhstxhstxhstx
Building gate net (depth 10, SK recursion 3)...
  net: 4842 entries, 871 KB (heap 3699 of 49152 KB)
  single arm : error 2.704960e-3  length 1049
  split+fused: error 7.582916e-4  length 2021
  gain       : 3.6x
  unitary    : true
  word check : PASS (residual 9.33e-14)
  heap peak  : 3711 of 49152 KB
  braid word (2021 generators):
    1 1 2 -1 2 2 -1 2 -1 -2 1 -2 -2 1 1 -2 1 1 -2 -2 1 1 -2 -2 
    1 -2 -2 1 1 2 -1 -1 2 -1 -1 2 2 -1 2 -1 -1 2 2 -1 2 2 -1 -1 
    2 -1 2 -1 -1 2 2 -1 2 2 -1 -2 1 -2 -2 1 1 -2 1 1 -2 1 -2 -2 
    1 -2 -2 1 1 -2 1 2 -1 -1 2 -1 -1 2 2 -1 2 1 -2 -2 1 1 -2 1 
    1 -2 -2 -1 2 2 -1 -1 2 -1 -1 2 2 1 -2 -2 1 1 -2 -2 -1 -1 -2 -2 
    1 1 -2 1 1 -2 -2 1 1 1 2 2 -1 -1 2 2 -1 -1 2 -1 -1 2 2 -1 
    2 2 -1 2 2 -1 -1 2 -1 -1 2 2 -1 -2 1 -2 -2 1 1 -2 1 1 -2 -1 
    2 -1 -1 2 2 -1 2 2 -1 2 -1 -1 2 -1 -1 2 2 -1 2 1 -2 -2 1 -2 
    -2 1 1 -2 1 1 -2 -2 1 -2 -2 1 1 -2 1 1 -2 -2 1 1 -2 -2 -1 -1 
    -1 2 2 -1 -1 2 -1 -1 2 2 1 1 2 2 -1 -1 2 2 -1 -2 -2 1 1 -2 
    1 1 -2 -2 1 2 -1 -1 2 2 -1 -1 -2 -2 1 -2 -2 -2 -1 2 2 1 1 -2 
    -2 1 1 -2 1 2 1 1 -2 -2 1 -2 1 1 -2 -2 1 -2 -2 1 1 -2 1 -2 
    -2 1 1 -2 1 1 -2 -1 -1 2 2 -1 2 2 -1 -1 2 2 -1 -1 2 -1 -1 2 
    2 -1 2 -1 -1 2 -1 -1 2 2 -1 2 2 -1 2 2 -1 -1 -2 -1 2 -1 -1 2 
    2 -1 -1 -2 -2 1 2 2 2 -1 2 2 1 1 -2 -2 1 1 -2 -2 -2 1 -2 -2 
    1 1 -2 1 1 -2 1 -2 -2 1 1 -2 1 1 -2 -2 1 1 -2 -2 1 -2 -2 1 
    1 2 -1 -1 2 -1 -1 2 2 -1 2 -1 -1 2 2 -1 2 2 -1 -1 2 2 -1 -1 
    2 -1 -1 2 2 -1 2 1 -2 -2 1 1 -2 1 1 -2 -2 -2 1 -2 -2 1 1 -2 
    1 1 2 -1 -1 2 -1 -1 2 2 -1 -1 2 -1 -1 2 2 -1 2 2 -1 2 -1 -1 
    2 2 -1 2 2 -1 -2 -2 1 -2 -2 1 1 -2 1 1 1 -2 -2 1 -2 -2 1 1 
    -2 -2 1 -2 -2 1 -2 -1 -1 -1 -1 -2 -2 -2 1 1 -2 -2 -2 1 1 2 -1 2 
    2 -1 2 1 1 2 2 2 -1 -1 2 2 2 -1 2 2 -1 -1 2 -1 -1 2 2 2 
    -1 -1 2 2 -1 2 2 -1 -1 -1 2 -1 -1 2 2 -1 2 2 1 -2 -2 1 -2 -2 
    1 1 -2 1 -2 -2 1 -2 -2 1 1 -2 1 -2 -2 1 1 -2 1 1 -2 -2 1 -2 
    -2 -2 1 1 -2 -2 -2 -1 -1 -2 1 -2 -2 1 -2 -1 -1 2 2 2 -1 -1 2 2 
    2 1 1 1 1 2 -1 2 2 -1 2 -1 2 2 -1 2 2 -1 -1 2 -1 2 -1 -1 
    2 -1 -1 2 2 -1 2 1 -2 1 1 -2 -2 1 -2 -2 1 -2 1 -2 -2 1 1 -2 
    1 1 -2 1 -2 -2 1 1 -2 1 1 -2 -1 -1 2 -1 -1 2 2 -1 2 2 2 -1 
    -1 2 -1 -1 2 2 -1 -2 1 -2 -2 1 1 -2 1 1 -2 -2 1 1 -2 -2 1 -2 
    -2 1 1 -2 1 -2 -2 1 1 -2 1 1 -2 -1 -1 2 2 -1 2 2 -1 -1 2 2 
    -1 -1 2 -1 -1 2 2 -1 2 -1 -1 2 -1 -1 2 2 -1 2 2 2 -1 -1 2 2 
    -1 -1 -2 -2 1 -2 -2 -2 -1 2 2 1 1 -2 -2 1 1 -2 1 2 1 1 -2 -2 
    1 -2 -2 1 -2 -2 1 1 -2 1 1 -2 1 -2 -2 1 1 -2 1 1 -2 -2 1 1 
    -2 -2 1 -2 -2 1 1 2 -1 -1 2 -1 -1 2 2 -1 2 -1 -1 2 2 -1 2 2 
    -1 -1 2 -1 2 2 -1 -1 -2 -1 2 -1 -1 2 2 -1 -1 -2 -2 1 2 2 2 -1 
    2 2 1 1 -2 -1 -1 2 2 -1 2 -1 2 2 -1 2 2 -1 -1 2 -1 -2 1 -2 
    -2 1 1 -2 1 1 -2 1 -2 1 1 -2 -2 1 -2 -2 1 -2 1 -2 -2 1 -2 -1 
    -1 -1 -1 -2 -2 -2 1 1 -2 -2 -2 1 1 2 -1 2 2 -1 2 1 1 2 2 2 
    -1 -1 2 2 2 -1 2 2 -1 -1 2 -1 -1 2 2 -1 2 -1 -1 2 2 -1 2 2 
    -1 2 -1 -1 2 2 -1 2 2 -1 -2 -2 1 -2 -2 1 1 -2 1 1 1 -2 -2 1 
    -2 -2 1 1 -2 -2 -2 1 1 -2 1 1 -2 -2 1 -2 -2 -2 1 1 -2 -2 -2 -1 
    -1 -2 1 -2 -2 1 -2 -1 -1 2 2 2 -1 -1 2 2 2 1 1 1 1 2 -1 2 
    2 -1 2 2 -1 -1 2 2 -1 2 2 -1 -1 -1 2 -1 -1 2 2 -1 2 2 1 -2 
    -2 1 -2 -2 1 1 -2 1 -2 -2 1 -2 -2 1 1 2 -1 2 2 -1 -1 2 -1 2 
    -1 -1 2 -1 -1 2 2 -1 2 1 -2 1 1 -2 -2 1 -2 -2 1 -2 1 -2 -2 1 
    1 -2 1 1 -2 -1 -1 2 2 -1 2 2 -1 -1 2 1 1 -2 -2 1 -2 -2 1 1 
    -2 -2 1 1 -2 -2 1 -2 -2 1 1 2 -1 -1 2 2 -1 2 2 -1 -1 2 -1 -1 
    2 -1 -1 2 2 -1 2 -1 2 2 -1 2 2 -1 -1 2 -1 -2 1 -2 -2 1 1 -2 
    1 1 -2 1 -2 1 1 -2 -2 1 -2 -2 1 1 1 -2 -2 1 -2 -2 1 1 -2 -1 
    -1 2 2 -1 2 2 -1 -1 2 2 -1 -1 2 2 -1 2 2 -1 -1 -2 1 1 -2 -2 
    1 -2 -2 1 1 -2 -2 1 1 -2 1 1 -2 -2 1 1 -2 -2 1 -2 -2 1 1 2 
    -1 -1 2 -1 -1 2 2 -1 2 -1 -1 2 2 -1 2 2 -1 -1 2 -1 -1 2 2 -1 
    2 2 -1 -2 1 1 -2 1 1 -2 -2 1 -2 1 -2 -2 1 -2 -2 1 1 -2 1 2 
    -1 2 2 -1 -1 2 -1 -1 2 -1 2 2 -1 -1 2 -1 -1 2 2 1 -2 -2 1 -2 
    -2 1 1 -2 1 -2 -2 1 1 -2 1 1 -2 -1 -1 2 2 -1 2 2 -1 -2 1 1 
    -2 1 1 -2 -2 1 -2 -1 2 -1 -1 2 2 -1 2 2 -1 2 -1 2 2 -1 -1 2 
    -1 -1 2 1 -2 -2 1 -2 -2 1 1 -2 1 1 1 -2 -2 1 -2 -2 1 2 2 -1 
    -1 2 -1 -1 2 2 -1 -1 2 2 -1 2 2 -1 -1 -2 1 1 -2 1 1 -2 -2 1 
    -2 -1 -1 2 2 -1 2 2 -1 -1 2 1 1 -2 -2 1 -2 -2 1 1 -2 -2 1 1 
    -2 -2 1 -2 -2 1 1 2 -1 -1 2 2 -1 2 2 -1 -1 -2 1 1 -2 1 1 -2 
    -2 1 2 -1 2 2 -1 -1 2 -1 -1 -2 -2 -2 1 1 -2 -2 -2 -2 1 1 -2 -2 
    1 -2 -2 1 1 2 2 2 -1 -1 2 2 1 -2 -2 1 1 -2 1 2 2 -1 -1 2 
    -1 -1 2 1 1 -2 -2 1 -2 -2 1 1 -2 -1 -1 2 2 -1 2 2 -1 -1 2 2 
    -1 -1 2 2 -1 2 2 -1 -1 -2 1 1 -2 -2 1 -2 -2 1 1 2 -1 -1 2 -1 
    -1 2 2 -1 -2 -2 1 1 -2 -2 -2 -1 -1 2 2 -1 2 2 -1 -1 2 2 2 2 
    -1 -1 2 2 2 1 1 -2 1 1 -2 -2 1 -2 -2 -1 2 2 -1 2 2 -1 -1 2 
    1 -2 1 1 -2 -2 1 -2 -2 1 -2 1 1 -2 -2 1 -2 -2 1 2 2 -1 2 2 
    -1 -1 2 -1 -1 2 -1 2 2 -1 -1 2 -1 -1 2 1 1 -2 -2 1 -2 -2 1 1 
    -2 -2 1 1 -2 1 1 -2 -2 -1 2 2 -1 2 2 -1 -1 -1 2 -1 -1 2 2 -1 
    2 2 -1 -2 1 1 -2 1 1 -2 -2 1 -2 1 -2 -2 1 -2 -2 1 1 -2 1 2 
    -1 2 2 -1 -1 2 -1 -1 2 1 -2 -2 1 -2 -2 1 1 2 -1 -1 2 -1 -1 2 
    2 -1 2 -1 -1 2 2 -1 2 2 -1 -2 -2 1 1 -2 1 1 -2 -2 1 -2 1 1 
    -2 1 1 -2 -2 1 -2 -1 2 -1 -1 2 2 -1 2 2 -1 2 -1 2 2 -1 -1 2 
    -1 -1 2 1 -2 -2 1 -2 -2 1 1 -2 1 1 -2 -2 1 -2 -2 1 1 -2 1 -2 
    -2 1 1 -2 1 1 -2 -1 -1 2 2 -1 2 2 -1 -1 2 2 -1 -1 2 -1 -1 2 
    2 1 1 -2 1 1 -2 -2 1 -2 -2 -1 2 2 -1 2 2 -1 -1 2 -1 2 2 -1 
    2 2 -1 -1 2 -1 -2 1 1 -2 -2 1 -2 -2 1 2 2 -1 2 2 -1 -1 2 -1 
    -1 -2 -2 -2 1 1 -2 -2 -2 -2 1 1 -2 -2 1 -2 -2 1 1 2 2 2 -1 -1 
    2 2 1 -2 -2 1 1 -2 1 1 -2 -1 -1 2 2 -1 2 2 -1 -1 2 1 1 -2 
    -2 1 -2 -2 1 1 -2 -2 1 1 -2 -2 1 -2 -2 1 1 2 -1 -1 2 2 -1 2 
    2 -1 -1 -2 1 1 -2 1 1 -2 -2 -1 2 -1 -1 2 2 -1 -2 -2 1 1 -2 -2 
    -2 -1 -1 2 2 -1 2 2 -1 -1 2 2 2 2 -1 -1 2 2 2 1 1 -2 1 1 
    -2 -2 1 -2 -1 2 2 -1 -1 2 -1 -1 2 1 1 -2 -2 1 -2 -2 1 1 -2 -1 
    -1 2 2 -1 2 2 -1 -1 2 2 -1 -1 2 2 -1 2 2 -1 -1 -2 1 1 -2 -2 
    1 -2 -2 1 1 
⊙> qc xthsxthsxthsxthsxthsxths
Building gate net (depth 10, SK recursion 3)...
  net: 4842 entries, 871 KB (heap 3699 of 49152 KB)
  single arm : error 2.820261e-3  length 1034
  split+fused: error 4.107804e-4  length 2066
  gain       : 6.9x
  unitary    : true
  word check : PASS (residual 1.01e-13)
  heap peak  : 3711 of 49152 KB
  braid word (2066 generators):
    1 1 2 -1 -1 2 2 2 -1 2 2 -1 -1 2 -1 -1 2 2 -1 2 2 -1 2 2 
    -1 -1 2 -1 -2 -2 1 1 -2 1 1 -2 -2 1 2 -1 -1 2 -1 -1 2 2 -1 2 
    1 -2 1 1 -2 -2 1 -2 -2 1 -2 1 -2 -2 1 1 -2 1 1 -2 -2 1 1 -2 
    1 1 -2 -2 1 -2 1 1 -2 -2 1 -2 -2 1 1 -2 -2 1 -2 -2 1 -2 -1 -1 
    -1 -1 2 -1 -1 2 2 -1 2 2 1 1 2 -1 2 2 1 -2 -2 1 -2 -2 1 1 
    2 -1 2 2 -1 -1 2 -1 -1 2 2 -1 -1 2 -1 -1 2 2 -1 2 -1 2 2 -1 
    2 2 -1 -1 2 -1 -2 1 -2 -2 1 1 -2 1 1 -2 1 -2 1 1 -2 -2 1 -2 
    -2 -1 2 2 -1 2 2 -1 -2 -2 1 -2 -1 -1 -2 -2 1 -2 -2 1 1 -2 1 1 
    1 1 2 -1 2 2 -1 2 2 -1 -1 2 2 -1 2 2 -1 -1 -1 2 2 -1 -1 2 
    -1 -1 2 2 -1 2 2 -1 2 2 -1 -1 2 -1 -2 -2 1 1 -2 1 1 -2 -2 1 
    1 -2 1 1 -2 -2 1 -2 -1 -1 2 2 -1 2 2 -1 -1 2 2 -1 2 2 -1 -1 
    -2 1 1 -2 1 1 -2 -2 1 -2 1 1 -2 -2 1 -2 -2 1 2 2 -1 -1 2 -1 
    -1 2 2 -1 -2 -2 1 1 -2 1 1 -2 -2 1 1 -2 -2 1 -2 -2 1 1 2 -1 
    2 2 -1 -1 2 -1 -1 2 2 -1 -1 2 -1 -1 2 2 1 -2 1 1 -2 -2 1 -2 
    -2 1 1 -2 -2 1 1 -2 1 1 -2 -2 -1 2 2 -1 2 2 -1 -1 2 -1 2 2 
    -1 -1 2 -1 -1 2 2 -1 2 2 -1 2 2 -1 -1 2 -1 -2 1 1 -2 -2 1 -2 
    -2 1 1 1 -2 1 1 -2 -2 1 -2 -2 -1 2 2 -1 2 2 -1 -1 2 -1 -1 2 
    2 -1 -1 2 -1 -1 2 2 1 -2 1 1 -2 -2 1 -2 -2 1 -2 -2 1 1 -2 1 
    1 -2 -2 1 1 -2 -2 1 1 -2 1 2 2 -1 -1 2 -1 -2 1 1 -2 -2 1 -2 
    -2 1 1 1 -2 1 1 -2 -2 1 -2 -2 -1 2 2 -1 2 2 -1 -1 2 -1 -1 2 
    2 -1 -1 2 -1 -1 2 2 2 2 -1 -1 2 -1 -1 2 2 -1 -1 2 2 -1 -1 2 
    -1 -1 2 2 -1 2 2 -1 2 2 -1 -1 2 -1 -2 -2 1 1 -2 1 1 -2 -2 1 
    1 -2 1 1 -2 -2 1 -2 -2 1 -2 -2 1 1 -2 1 1 -2 -2 1 1 -2 1 1 
    -2 -2 1 -2 -2 1 2 2 -1 2 2 -1 -1 2 -1 -1 -1 2 2 -1 2 2 -1 -1 
    2 1 -2 1 1 -2 -2 1 -2 -1 2 2 -1 -1 2 -1 -1 2 1 1 -2 1 1 -2 
    -2 1 -2 -2 -2 1 1 -2 1 1 -2 -2 1 2 -1 2 2 -1 -1 2 -1 -1 2 2 
    -1 2 2 -1 -1 2 -1 -1 -1 2 2 -1 2 2 -1 -1 2 1 -2 1 1 -2 -2 1 
    -2 -2 1 -2 -2 1 1 -2 1 1 -2 -2 1 -2 1 1 -2 -2 1 -2 -2 1 2 2 
    -1 -1 2 -1 -1 2 2 -1 -1 2 2 -1 2 2 -1 -1 2 -1 -2 -2 1 1 -2 1 
    1 -2 -2 1 1 -2 1 1 -2 -2 1 -2 -1 -1 2 2 -1 2 2 -1 -1 2 2 -1 
    -1 2 -1 -1 2 2 1 -2 -2 1 1 -2 1 1 -2 -2 -1 2 2 -1 2 2 -1 -1 
    2 -1 2 2 -1 -1 2 -1 -1 2 1 1 -2 -2 1 -2 -2 1 1 -2 -2 1 -2 -2 
    1 1 2 -1 2 2 -1 -1 2 -1 -1 2 2 -1 -1 2 -1 -1 2 2 1 -2 1 1 
    -2 -2 1 -2 -2 1 -2 -2 1 1 -2 1 1 -2 -2 1 1 1 -2 1 1 -2 -2 1 
    -2 -1 2 2 -1 -1 2 -1 -1 2 2 2 -1 2 2 -1 -1 2 -1 -1 -2 1 1 -2 
    1 1 -2 -2 1 2 -1 2 2 -1 -1 2 -1 -2 1 1 -2 -2 1 -2 -2 1 1 1 
    -2 1 1 -2 -2 1 -2 -2 -1 2 2 -1 2 2 -1 -1 2 -1 -1 2 2 -1 -1 2 
    -1 -1 2 2 -1 2 2 -1 2 2 -1 -1 2 -1 -1 2 2 -1 -1 2 -1 -1 2 2 
    1 -2 1 1 -2 -2 1 -2 -2 1 -2 -2 1 1 -2 1 1 -2 -2 1 1 -2 -2 1 
    1 -2 1 1 -2 -2 -2 -2 1 1 -2 1 1 -2 -2 1 1 -2 1 1 -2 -2 1 -2 
    -2 1 2 2 -1 2 2 -1 -1 2 -1 -1 -1 2 2 -1 2 2 -1 -1 2 1 -2 1 
    1 -2 -2 -1 2 -1 -1 2 2 -1 -1 2 2 -1 -1 2 -1 -1 2 2 -1 2 2 -1 
    2 2 -1 -1 2 -1 -2 -2 1 1 -2 1 1 -2 -2 1 1 -2 1 1 -2 -2 -1 2 
    -1 -1 2 2 2 -1 2 2 -1 -1 2 -1 -1 -2 1 1 -2 1 1 -2 -2 1 -2 1 
    1 -2 1 1 -2 -2 1 -2 -2 1 1 -2 -2 1 -2 -2 1 1 1 1 -2 1 1 -2 
    -2 1 -2 -2 -1 -1 2 2 -1 2 2 -1 -1 2 2 2 -1 2 2 -1 -1 2 -1 -1 
    2 -1 2 2 -1 -1 2 -1 -1 2 -1 2 2 -1 -1 2 -1 -1 2 1 1 -2 1 1 
    -2 -2 1 -2 -2 -2 1 1 -2 1 1 -2 -2 1 1 1 -2 1 1 -2 -2 1 -2 -2 
    -2 1 1 -2 -2 1 -2 -2 1 1 2 2 -1 2 2 -1 -1 2 -1 -1 -1 -1 2 2 
    -1 2 2 -1 -1 2 -1 2 2 -1 2 2 -1 -1 2 1 -2 1 1 -2 -2 1 -2 -2 
    1 -2 1 1 -2 -2 1 -2 -2 1 2 2 -1 2 2 -1 -1 2 -1 -1 2 -1 2 2 
    -1 -1 -2 1 -2 -2 1 1 -2 1 1 -2 1 1 -2 -2 1 -2 -1 -1 2 2 -1 2 
    2 -1 -1 2 2 -1 2 2 -1 -1 2 -1 -1 2 -1 2 2 -1 -1 2 -1 -1 2 1 
    1 -2 1 1 -2 -2 1 -2 1 1 -2 1 1 -2 -2 1 -2 -2 -1 2 2 -1 2 2 
    -1 -1 2 -1 2 2 -1 2 2 -1 -1 2 -1 -2 1 1 -2 -2 1 -2 -2 1 -2 -2 
    1 1 -2 1 1 -2 -2 1 -2 1 1 -2 1 1 -2 -2 1 -2 -2 1 1 -2 -2 1 
    -2 -2 1 1 2 -1 2 2 -1 -1 2 -1 -1 2 -1 -1 2 2 -1 2 2 -1 -1 2 
    -1 2 2 -1 2 2 -1 -1 2 -1 -2 -2 1 1 -2 1 1 -2 -2 1 1 -2 1 1 
    -2 -2 -1 2 -1 -1 2 2 -1 2 -1 -1 2 2 -1 2 2 -1 -2 -2 1 1 -2 1 
    1 -2 -2 1 1 -2 -2 1 -2 -2 1 1 2 -1 -1 2 -1 -1 2 1 1 -2 1 1 
    -2 -2 1 -2 -1 2 2 -1 2 2 -1 -1 2 -1 -1 2 2 -1 -1 2 -1 -1 2 2 
    1 -2 1 1 -2 -2 1 -2 -2 1 -2 -2 1 1 -2 1 1 -2 -2 1 1 1 -2 1 
    1 -2 -2 1 -2 -1 2 2 -1 -1 2 -1 -1 -2 1 1 -2 1 1 -2 -1 -1 2 2 
    -1 2 2 -1 -1 2 2 -1 -1 2 -1 -1 2 2 1 -2 -2 1 -2 -2 1 1 -2 1 
    2 2 -1 2 2 -1 -1 2 -1 -1 -1 2 2 -1 -1 2 -1 -1 2 2 -1 2 2 -1 
    2 2 -1 -1 2 -1 -2 -2 1 1 -2 1 1 -2 -2 1 1 -2 1 1 -2 -2 1 -2 
    -2 1 2 -1 2 2 -1 -1 2 -1 -1 2 1 1 -2 1 1 -2 -2 1 -2 -2 -2 1 
    1 -2 1 1 -2 -2 1 2 -1 2 2 -1 -1 2 -1 -1 -2 -2 1 1 -2 1 2 2 
    -1 -1 2 -1 -1 2 2 -1 -1 2 -1 -1 2 2 1 -2 1 1 -2 -2 1 -2 -2 1 
    -2 1 1 -2 -2 1 -2 -2 1 1 -2 1 1 -2 1 1 -2 -2 1 -2 -1 -1 2 2 
    -1 2 2 -1 -1 2 2 -1 2 2 -1 -1 2 -1 -1 2 -1 2 2 -1 -1 2 -1 -1 
    2 2 -1 2 2 -1 2 2 -1 -1 2 1 -2 1 1 -2 -2 1 -2 -2 1 -2 1 1 
    -2 -2 1 -2 -2 1 2 2 -1 2 2 -1 -1 2 -1 -1 2 -1 2 2 -1 -1 2 -1 
    -1 -2 1 1 -2 1 1 -2 -2 1 -2 1 1 -2 1 1 -2 -2 1 -2 -2 1 1 -2 
    -2 1 -2 -2 1 1 2 -1 2 2 -1 -1 2 -1 -1 2 -1 -1 2 2 -1 2 1 1 
    -2 -2 1 -2 1 1 -2 1 1 -2 -2 1 -2 -2 -1 2 2 -1 2 2 -1 -1 2 -1 
    2 2 -1 2 2 -1 -1 2 -1 -2 1 1 -2 -2 1 -2 -2 1 1 1 -2 1 1 -2 
    -2 1 -2 -1 2 2 -1 -1 2 -1 -1 2 2 2 -1 2 2 -1 -1 2 -1 -1 -2 1 
    1 -2 1 1 -2 -2 1 -2 -1 2 2 -1 2 2 -1 -1 2 -1 -1 2 2 -1 -1 2 
    -1 -1 2 2 1 -2 1 1 -2 -2 1 -2 -2 1 -2 -2 1 1 -2 1 1 -2 -2 1 
    1 1 -2 1 1 -2 -2 1 -2 -2 -1 2 -1 -1 2 2 -1 2 2 -1 -2 -2 1 1 
    -2 1 1 -2 -2 1 1 -2 -2 1 -2 -2 1 1 2 -1 -1 2 -1 -1 2 1 1 -2 
    1 1 -2 -2 1 2 -1 2 2 -1 -1 2 -1 -1 -1 2 2 -1 -1 2 -1 -1 2 2 
    -1 2 2 -1 2 2 -1 -1 2 -1 -2 -2 1 1 -2 1 1 -2 -2 1 1 -2 1 1 
    -2 -2 1 -2 -2 1 2 -1 2 2 -1 -1 2 -1 -1 -2 1 1 -2 1 1 -2 -1 -1 
    2 2 -1 2 2 -1 -1 2 2 -1 -1 2 -1 -1 2 2 1 -2 -2 1 -2 -2 1 1 
    -2 1 
⊙> qc hxstxhstxhstxhstxhstxhstxhstxhst
Building gate net (depth 10, SK recursion 3)...
  net: 4842 entries, 871 KB (heap 3699 of 49152 KB)
  single arm : error 3.939779e-4  length 1000
  split+fused: error 3.055777e-4  length 1536
  gain       : 1.3x
  unitary    : true
  word check : PASS (residual 7.78e-14)
  heap peak  : 3709 of 49152 KB
  braid word (1536 generators):
    -1 -1 2 -1 2 -1 -1 -1 2 -1 -1 -1 2 -1 -1 2 2 -1 2 1 1 -2 1 1 
    -2 -2 1 -2 -2 -2 1 -2 -2 1 1 -2 1 1 2 -1 2 2 -1 -1 2 -1 -1 2 
    1 -2 -2 1 1 -2 -2 1 1 1 -2 1 1 -2 -2 1 -2 -2 -1 2 2 -1 -1 2 
    2 -1 2 2 -1 2 2 -1 -1 2 -1 -1 -1 -1 2 -1 -1 2 2 -1 2 2 -1 2 
    -1 -1 2 2 -1 2 2 -1 -2 -2 1 1 -2 1 1 -2 -2 1 1 -2 -2 1 -2 -2 
    1 1 2 -1 -1 2 -1 -1 2 1 1 -2 1 1 -2 -2 1 -2 -2 -2 1 -2 -2 1 
    1 -2 1 1 1 1 -2 1 1 -2 -2 1 -2 -2 1 -2 -2 1 1 -2 -2 1 2 2 
    -1 2 2 -1 -1 2 -1 -1 -1 2 2 -1 -1 2 2 -1 2 -1 2 2 -1 -1 2 -1 
    -1 -2 1 1 -2 1 1 -2 -1 -1 2 2 -1 2 2 -1 -1 2 2 -1 -1 2 -1 -1 
    2 2 2 -1 -1 2 2 -1 -1 2 1 -2 -2 1 -2 -2 1 1 -2 1 -2 1 1 -2 
    -2 1 1 -2 -1 2 2 -1 -1 2 -1 -1 2 2 -1 2 -1 -1 2 2 -1 2 2 -1 
    -2 1 -2 -2 1 1 -2 1 1 -2 1 -2 -2 1 -2 -2 1 1 -2 1 2 -1 -1 2 
    -1 -1 2 2 -1 2 -1 -1 2 -1 -1 2 2 1 -2 1 1 -2 -2 1 2 -1 -1 2 
    2 -1 -1 2 -1 2 -1 -1 2 2 -1 2 2 -1 -2 1 1 -2 -2 1 1 -2 1 -2 
    -2 1 -2 -2 1 1 -2 1 -2 -2 1 -2 -2 1 1 -2 1 1 -2 1 -2 -2 1 1 
    -2 1 1 -2 -1 2 -1 -1 2 2 -1 2 2 -1 2 -1 -1 2 -1 -1 2 2 -1 2 
    1 -2 -2 1 -2 -2 1 1 2 -1 2 2 -1 -1 2 -1 -2 1 1 -2 1 1 -2 -2 
    1 -2 1 -2 1 1 -2 -2 1 -2 -2 1 2 -1 2 2 -1 -1 2 -1 -1 2 -1 2 
    2 -1 2 2 -1 -1 2 -1 -2 -2 1 1 -2 1 1 -2 -2 1 1 -2 1 1 -2 -2 
    -1 2 -1 -1 2 2 -1 2 2 -1 -1 2 -1 -1 2 1 1 -2 1 1 -2 -2 1 -2 
    -2 -2 1 1 -2 1 1 -2 -2 1 1 1 -2 1 1 -2 -2 1 -2 -1 2 2 -1 -1 
    2 -1 -1 -2 1 1 -2 1 2 2 -1 -1 2 -1 -1 2 2 -1 -1 2 -1 -1 2 2 
    1 -2 1 1 -2 -2 1 -2 -2 1 2 2 -1 2 2 -1 -1 2 -1 -1 -1 2 2 -1 
    -1 2 -1 -1 2 2 2 -1 2 2 -1 -1 2 -1 -1 -2 1 1 -2 1 1 -2 -2 1 
    1 1 -2 1 1 -2 -2 1 -2 -2 -2 1 1 -2 1 1 -2 -2 1 2 -1 2 2 -1 
    -1 2 -1 -1 -2 1 1 -2 1 1 -2 -2 1 -2 -1 2 2 -1 2 2 -1 -1 2 -1 
    2 -1 2 2 -1 -1 2 -1 -1 2 1 -2 1 1 -2 -2 1 -2 -1 -1 2 2 -1 2 
    2 -1 -2 1 -2 -2 1 1 -2 1 1 -2 1 -2 -2 1 -2 -2 1 1 -2 1 2 -1 
    -1 2 -1 -1 2 2 -1 2 -1 -1 2 -1 -1 2 2 -1 2 2 -1 2 -1 -1 2 2 
    -1 2 2 -1 2 -1 -1 2 2 -1 -1 2 1 -2 -2 1 -2 -2 1 1 -2 1 -2 1 
    1 -2 -2 1 1 -2 -1 2 2 -1 -1 2 -1 -2 -2 1 1 -2 1 1 -2 1 -2 -2 
    1 1 -2 1 1 -2 -1 2 -1 -1 2 2 -1 2 2 -1 2 -1 -1 2 -1 -1 2 2 
    -1 2 1 -2 -2 1 -2 -2 1 1 -2 1 -2 -2 1 1 -2 1 1 -2 -2 1 2 -1 
    -1 2 2 -1 -1 2 -1 2 -1 -1 2 2 -1 2 2 -1 -2 1 1 -2 -2 1 1 -2 
    1 -2 -2 1 -2 -2 1 1 -2 1 1 1 -2 1 1 -2 -2 1 -2 -1 2 2 -1 -1 
    2 -1 -1 2 2 2 -1 2 2 -1 -1 2 -1 -1 -1 2 2 -1 -1 2 -1 -1 2 1 
    1 -2 1 1 -2 -2 1 -2 -2 -2 1 1 -2 1 1 -2 -2 1 1 1 -2 1 1 -2 
    -2 1 -2 -2 -1 2 2 -1 2 2 -1 -1 2 -1 -2 -2 1 1 -2 1 1 -2 -2 1 
    1 -2 1 1 -2 -2 -1 2 -1 -1 2 1 1 -2 1 1 -2 -2 1 2 -1 2 2 -1 
    -1 2 -1 -1 -1 2 2 -1 -1 2 -1 -1 2 2 2 -1 2 2 -1 -1 2 -1 -1 -2 
    1 1 -2 1 1 -2 -2 1 -2 -2 1 1 -2 1 2 2 -1 -1 2 -1 -1 2 2 -1 
    -1 2 -1 -1 2 2 1 -2 1 1 -2 -2 1 -2 -2 1 2 -1 2 2 -1 -1 2 -1 
    -1 2 -1 -1 2 2 -1 2 1 1 -2 -2 1 -2 -2 1 1 -2 -2 1 -2 -1 -1 2 
    2 -1 2 2 1 -2 -2 1 1 -2 -2 1 -2 -2 1 -2 -2 1 1 -2 1 2 2 -1 
    -1 2 2 -1 -1 -1 2 2 -1 2 2 -1 -1 2 2 -1 2 2 -1 -1 -2 1 -2 -2 
    1 1 -2 1 1 -2 1 1 -2 -2 1 -2 1 -2 -2 1 1 -2 -2 -1 2 -1 -1 2 
    2 -1 2 2 -1 2 2 -1 -1 2 2 -1 -2 -2 1 -2 -2 1 1 -2 1 2 2 -1 
    2 2 -1 -1 2 -1 -1 2 2 -1 -1 2 -1 -1 2 2 1 -2 1 1 -2 -2 1 -2 
    -2 1 -2 -2 1 1 -2 1 1 -2 -2 1 2 2 -1 -1 2 -1 -1 2 2 1 -2 1 
    1 -2 -2 1 -2 -2 1 -2 -2 1 1 -2 1 2 2 -1 -1 2 -1 -1 -1 2 2 -1 
    -1 2 -1 -1 2 2 -1 2 2 -1 2 2 -1 -1 2 -1 -2 -2 1 1 -2 1 1 -2 
    -2 1 1 -2 1 1 -2 -2 1 -2 -2 1 1 1 -2 1 1 -2 -2 -1 2 -1 -1 2 
    2 -1 2 2 -1 2 2 -1 -1 2 -1 -2 -2 1 1 -2 1 1 -2 -2 -1 -1 2 -1 
    -1 2 2 -1 2 2 1 -2 -2 1 1 -2 -2 1 -2 -2 1 -2 -2 1 1 -2 1 2 
    2 -1 -1 2 2 -1 2 -1 2 2 -1 -1 2 -1 -1 2 -1 -1 2 2 -1 2 1 1 
    -2 -2 1 -2 -2 1 1 -2 -2 1 -2 -2 1 1 1 -2 -2 1 1 -2 -2 -1 2 -1 
    -1 2 2 -1 2 2 -1 2 2 -1 -1 2 2 -1 -2 -2 1 -2 -2 1 1 2 -1 2 
    2 -1 -1 2 2 -1 2 2 -1 -1 -2 1 -2 -2 1 1 -2 1 1 -2 1 1 -2 -2 
    1 2 -1 -1 2 -1 -1 2 2 1 -2 1 1 -2 -2 1 -2 -2 1 -2 -2 1 1 -2 
    1 2 2 -1 -1 2 -1 -1 -1 2 2 -1 2 2 -1 -1 2 -1 -1 2 2 -1 -1 2 
    -1 -1 2 2 1 -2 1 1 -2 -2 1 -2 -2 1 -2 -2 1 1 -2 1 1 -2 -2 1 
    1 1 -2 1 1 -2 -2 -1 2 -1 -1 2 2 -1 2 2 -1 2 2 -1 -1 2 -1 -2 
    -2 1 1 -2 1 1 -2 -2 -1 2 2 -1 -1 2 -1 -1 2 2 -1 2 2 -1 2 2 
    -1 -1 2 -1 -2 -2 1 1 -2 1 1 -2 -2 1 1 -2 1 1 -2 -2 1 -2 -2 1 
⊙> quit
Halting. μ∘δ=id.
[SHUTDOWN] μ∘δ=id. Goodbye.
