⊢≻⋈∈⊥∋≻⋈∈⊤∋≻⋈∈⊥∋≻⋈∈⊥∋≻⋈∈⊥∋≻⋈∈⊥∋≻⋈∈⊤∋≻⋈∈⊤∋≻⋈∈⊤∋≻⋈∈⊤∋≻⋈∈⊤∋≻⋈∈⊤∋≻⋈∈⊥∋≻⋈∈⊤∋≻⋈∈⊥∋≻⋈∈⊤∋≻⋈∈⊥∋≻⋈∈⊥∋≻⋈∈⊥∋≻⋈∈⊥∋≻⋈∈⊤∋≻⋈∈⊤∋≻⋈∈⊥∋≻⋈∈⊤∋≻⋈∈⊤∋≻⋈∈⊥∋≻⋈∈⊥∋≻⋈∈⊥∋≻⋈∈⊤∋≻⋈∈⊤∋≻⋈∈⊤∋≻⋈∈⊤∋≻⋈∈⊤∋≻⋈∈⊤∋≻⋈∈⊥∋≻⋈∈⊤∋≻⋈∈⊤∋≻⋈∈⊥∋≻⋈∈⊤∋≻⋈∈⊥∋≻⋈∈⊥∋≻⋈∈⊤∋≻⋈∈⊤∋≻⋈∈⊤∋≻⋈∈⊥∋≻⋈∈⊤∋≻⋈∈⊥∋≻⋈∈⊥∋≻⋈∈⊥∋≻⋈∈⊥∋≻⋈∈⊥∋≻⋈∈⊥∋≻⋈∈⊥∋≻⋈∈⊤∋≻⋈∈⊥∋≻⋈∈⊤∋≻⋈∈⊤∋≻⋈∈⊤∋≻⋈∈⊥∋≻⋈∈⊥∋≻⋈∈⊥∋≻⋈∈⊥∋≻⋈∈⊥∋≻⋈∈⊥∋≻⋈∈⊥∋≻⋈∈⊤∋≻⋈∈⊥∋≻⋈∈⊥∋≻⋈∈⊤∋≻⋈∈⊤∋≻⋈∈⊥∋≻⋈∈⊤∋≻⋈∈⊤∋≻⋈∈⊤∋≻⋈∈⊤∋≻⋈∈⊥∋≻⋈∈⊤∋≻⋈∈⊤∋≻⋈∈⊥∋≻⋈∈⊤∋≻⋈∈⊤∋≻⋈∈⊤∋≻⋈∈⊤∋≻⋈∈⊥∋≻⋈∈⊤∋≻⋈∈⊤∋≻⋈∈⊥∋≻⋈∈⊤∋≻⋈∈⊥∋≻⋈∈⊥∋≻⋈∈⊤∋≻⋈∈⊤∋≻⋈∈⊤∋≻⋈∈⊤∋≻⋈∈⊤∋≻⋈∈⊥∋≻⋈∈⊥∋≻⋈∈⊤∋≻⋈∈⊥∋≻⋈∈⊤∋≻⋈∈⊥∋≻⋈∈⊥∋≻⋈∈⊤∋≻⋈∈⊥∋≻⋈∈⊤∋≻⋈∈⊤∋≻⋈∈⊤∋≻⋈∈⊤∋≻⋈∈⊤∋≻⋈∈⊥∋≻⋈∈⊥∋≻⋈∈⊤∋≻⋈∈⊥∋≻⋈∈⊥∋≻⋈∈⊤∋≻⋈∈⊥∋≻⋈∈⊥∋≻⋈∈⊤∋≻⋈∈⊥∋≻⋈∈⊥∋≻⋈∈⊥∋≻⋈∈⊥∋≻⋈∈⊥∋≻⋈∈⊤∋≻⋈∈⊤∋≻⋈∈⊥∋≻⋈∈⊤∋≻⋈∈⊥∋≻⋈∈⊤∋≻⋈∈⊤∋≻⋈∈⊥∋≻⋈∈⊥∋≻⋈∈⊥∋≻⋈∈⊤∋≻⋈∈⊤∋≻⋈∈⊥∋≻⋈∈⊥∋≻⋈∈⊤∋≻⋈∈⊤∋≻⋈∈⊤∋≻⋈∈⊤∋≻⋈∈⊥∋≻⋈∈⊤∋≻⋈∈⊤∋≻⋈∈⊤∋≻⋈∈⊥∋≻⋈∈⊥∋≻⋈∈⊥∋≻⋈∈⊥∋≻⋈∈⊥∋≻⋈∈⊤∋≻⋈∈⊥∋≻⋈∈⊤∋≻⋈∈⊤∋≻⋈∈⊥∋≻⋈∈⊤∋≻⋈∈⊥∋≻⋈∈⊤∋≻⋈∈⊥∋≻⋈∈⊤∋≻⋈∈⊤∋≻⋈∈⊥∋≻⋈∈⊤∋≻⋈∈⊥∋≻⋈∈⊥∋≻⋈∈⊥∋≻⋈∈⊤∋≻⋈∈⊤∋≻⋈∈⊥∋≻⋈∈⊤∋≻⋈∈⊤∋≻⋈∈⊤∋≻⋈∈⊤∋≻⋈∈⊤∋≻⋈∈⊤∋≻⋈∈⊥∋≻⋈∈⊤∋≻⋈∈⊤∋≻⋈∈⊥∋≻⋈∈⊥∋≻⋈∈⊤∋≻⋈∈⊥∋≻⋈∈⊥∋≻⋈∈⊥∋≻⋈∈⊤∋≻⋈∈⊤∋≻⋈∈⊥∋≻⋈∈⊤∋≻⋈∈⊥∋≻⋈∈⊤∋≻⋈∈⊤∋≻⋈∈⊤∋≻⋈∈⊤∋≻⋈∈⊥∋≻⋈∈⊤∋≻⋈∈⊥∋≻⋈∈⊤∋≻⋈∈⊥∋≻⋈∈⊤∋≻⋈∈⊤∋≻⋈∈⊥∋≻⋈∈⊥∋≻⋈∈⊤∋≻⋈∈⊤∋≻⋈∈⊥∋≻⋈∈⊥∋≻⋈∈⊥∋≻⋈∈⊤∋≻⋈∈⊤∋≻⋈∈⊤∋≻⋈∈⊥∋≻⋈∈⊥∋≻⋈∈⊥∋≻⋈∈⊤∋≻⋈∈⊥∋≻⋈∈⊤∋≻⋈∈⊥∋≻⋈∈⊤∋≻⋈∈⊤∋≻⋈∈⊥∋≻⋈∈⊤∋≻⋈∈⊥∋≻⋈∈⊥∋≻⋈∈⊤∋≻⋈∈⊤∋≻⋈∈⊤∋≻⋈∈⊤∋≻⋈∈⊥∋≻⋈∈⊤∋≻⋈∈⊥∋≻⋈∈⊤∋≻⋈∈⊤∋≻⋈∈⊥∋≻⋈∈⊥∋≻⋈∈⊥∋≻⋈∈⊤∋≻⋈∈⊤∋≻⋈∈⊤∋≻⋈∈⊤∋≻⋈∈⊤∋≻⋈∈⊤∋≻⋈∈⊥∋≻⋈∈⊤∋≻⋈∈⊥∋≻⋈∈⊤∋≻⋈∈⊤∋≻⋈∈⊤∋≻⋈∈⊤∋≻⋈∈⊤∋≻⋈∈⊥∋≻⋈∈⊤∋≻⋈∈⊤∋≻⋈∈⊤∋≻⋈∈⊤∋≻⋈∈⊤∋≻⋈∈⊥∋≻⋈∈⊤∋≻⋈∈⊤∋≻⋈∈⊤∋≻⋈∈⊤∋≻⋈∈⊤∋≻⋈∈⊥∋≻⋈∈⊥∋≻⋈∈⊤∋≻⋈∈⊥∋≻⋈∈⊤∋≻⋈∈⊥∋≻⋈∈⊥∋≻⋈∈⊤∋≻⋈∈⊥∋≻⋈∈⊤∋≻⋈∈⊥∋≻⋈∈⊤∋≻⋈∈⊤∋≻⋈∈⊤∋≻⋈∈⊥∋≻⋈∈⊥∋≻⋈∈⊤∋≻⋈∈⊥∋≻⋈∈⊥∋≻⋈∈⊥∋≻⋈∈⊥∋≻⋈∈⊤∋≻⋈∈⊥∋≻⋈∈⊥∋≻⋈∈⊤∋≻⋈∈⊤∋≻⋈∈⊤∋≻⋈∈⊤∋≻⋈∈⊤∋≻⋈∈⊥∋≻⋈∈⊤∋≻⋈∈⊥∋≻⋈∈⊤∋≻⋈∈⊤∋≻⋈∈⊤∋≻⋈∈⊤∋≻⋈∈⊥∋≻⋈∈⊤∋≻⋈∈⊤∋≻⋈∈⊤∋≻⋈∈⊥∋≻⋈∈⊤∋≻⋈∈⊥∋≻⋈∈⊥∋≻⋈∈⊤∋≻⋈∈⊤∋≻⋈∈⊥∋≻⋈∈⊤∋≻⋈∈⊤∋≻⋈∈⊤∋≻⋈∈⊥∋≻⋈∈⊤∋≻⋈∈⊤∋≻⋈∈⊤∋≻⋈∈⊥∋≻⋈∈⊥∋≻⋈∈⊤∋≻⋈∈⊥∋≻⋈∈⊤∋≻⋈∈⊤∋≻⋈∈⊤∋≻⋈∈⊤∋≻⋈∈⊤∋≻⋈∈⊤∋≻⋈∈⊥∋≻⋈∈⊤∋≻⋈∈⊥∋≻⋈∈⊥∋≻⋈∈⊥∋≻⋈∈⊤∋≻⋈∈⊤∋≻⋈∈⊥∋≻⋈∈⊤∋≻⋈∈⊤∋≻⋈∈⊥∋≻⋈∈⊤∋≻⋈∈⊤∋≻⋈∈⊤∋≻⋈∈⊥∋≻⋈∈⊤∋≻⋈∈⊥∋≻⋈∈⊥∋≻⋈∈⊥∋≻⋈∈⊤∋≻⋈∈⊤∋≻⋈∈⊤∋≻⋈∈⊤∋≻⋈∈⊥∋≻⋈∈⊥∋≻⋈∈⊥∋≻⋈∈⊥∋≻⋈∈⊤∋≻⋈∈⊤∋≻⋈∈⊥∋≻⋈∈⊤∋≻⋈∈⊥∋≻⋈∈⊤∋≻⋈∈⊤∋≻⋈∈⊤∋≻⋈∈⊥∋≻⋈∈⊤∋≻⋈∈⊤∋≻⋈∈⊤∋≻⋈∈⊤∋≻⋈∈⊤∋≻⋈∈⊤∋≻⋈∈⊤∋≻⋈∈⊤∋≻⋈∈⊤∋≻⋈∈⊥∋≻⋈∈⊤∋≻⋈∈⊥∋≻⋈∈⊥∋≻⋈∈⊤∋≻⋈∈⊤∋≻⋈∈⊤∋≻⋈∈⊤∋≻⋈∈⊤∋≻⋈∈⊥∋≻⋈∈⊤∋≻⋈∈⊤∋≻⋈∈⊤∋≻⋈∈⊥∋≻⋈∈⊥∋≻⋈∈⊥∋≻⋈∈⊤∋≻⋈∈⊤∋≻⋈∈⊤∋≻⋈∈⊤∋≻⋈∈⊤∋≻⋈∈⊥∋≻⋈∈⊥∋≻⋈∈⊤∋≻⋈∈⊥∋≻⋈∈⊤∋≻⋈∈⊥∋≻⋈∈⊤∋≻⋈∈⊥∋≻⋈∈⊥∋≻⋈∈⊤∋≻⋈∈⊥∋≻⋈∈⊤∋≻⋈∈⊤∋≻⋈∈⊥∋≻⋈∈⊥∋≻⋈∈⊥∋≻⋈∈⊤∋≻⋈∈⊥∋≻⋈∈⊤∋≻⋈∈⊥∋≻⋈∈⊥∋≻⋈∈⊤∋≻⋈∈⊥∋≻⋈∈⊤∋≻⋈∈⊥∋≻⋈∈⊥∋≻⋈∈⊥∋≻⋈∈⊤∋≻⋈∈⊤∋≻⋈∈⊤∋≻⋈∈⊤∋≻⋈∈⊥∋≻⋈∈⊥∋≻⋈∈⊥∋≻⋈∈⊤∋≻⋈∈⊥∋≻⋈∈⊥∋≻⋈∈⊥∋≻⋈∈⊤∋≻⋈∈⊤∋≻⋈∈⊥∋≻⋈∈⊥∋≻⋈∈⊥∋≻⋈∈⊤∋≻⋈∈⊤∋≻⋈∈⊤∋≻⋈∈⊥∋≻⋈∈⊥∋≻⋈∈⊤∋≻⋈∈⊤∋≻⋈∈⊤∋≻⋈∈⊥∋≻⋈∈⊥∋≻⋈∈⊤∋≻⋈∈⊥∋≻⋈∈⊥∋≻⋈∈⊥∋≻⋈∈⊤∋≻⋈∈⊤∋≻⋈∈⊥∋≻⋈∈⊥∋≻⋈∈⊥∋≻⋈∈⊤∋≻⋈∈⊤∋≻⋈∈⊥∋≻⋈∈⊥∋≻⋈∈⊥∋≻⋈∈⊤∋≻⋈∈⊥∋≻⋈∈⊤∋≻⋈∈⊥∋≻⋈∈⊤∋≻⋈∈⊥∋≻⋈∈⊥∋≻⋈∈⊥∋≻⋈∈⊤∋≻⋈∈⊤∋≻⋈∈⊤∋≻⋈∈⊥∋≻⋈∈⊥∋≻⋈∈⊤∋≻⋈∈⊤∋≻⋈∈⊥∋≻⋈∈⊤∋≻⋈∈⊥∋≻⋈∈⊥∋≻⋈∈⊤∋≻⋈∈⊥∋≻⋈∈⊤∋≻⋈∈⊥∋≻⋈∈⊥∋≻⋈∈⊥∋≻⋈∈⊥∋≻⋈∈⊤∋≻⋈∈⊤∋≻⋈∈⊥∋≻⋈∈⊤∋≻⋈∈⊥∋≻⋈∈⊤∋≻⋈∈⊤∋≻⋈∈⊥∋≻⋈∈⊥∋≻⋈∈⊥∋≻⋈∈⊥∋≻⋈∈⊥∋≻⋈∈⊤∋≻⋈∈⊥∋≻⋈∈⊤∋≻⋈∈⊤∋≻⋈∈⊥∋≻⋈∈⊤∋≻⋈∈⊥∋≻⋈∈⊤∋≻⋈∈⊤∋≻⋈∈⊥∋≻⋈∈⊤∋≻⋈∈⊤∋≻⋈∈⊥∋≻⋈∈⊥∋≻⋈∈⊤∋≻⋈∈⊥∋≻⋈∈⊥∋≻⋈∈⊥∋≻⋈∈⊤∋≻⋈∈⊤∋≻⋈∈⊤∋≻⋈∈⊤∋≻⋈∈⊤∋≻⋈∈⊥∋≻⋈∈⊤∋≻⋈∈⊤∋≻⋈∈⊤∋≻⋈∈⊥∋≻⋈∈⊤∋≻⋈∈⊥∋≻⋈∈⊥∋≻⋈∈⊤∋≻⋈∈⊥∋≻⋈∈⊤∋≻⋈∈⊥∋≻⋈∈⊤∋≻⋈∈⊤∋≻⋈∈⊥∋≻⋈∈⊥∋≻⋈∈⊤∋≻⋈∈⊤∋≻⋈∈⊥∋≻⋈∈⊤∋≻⋈∈⊤∋≻⋈∈⊤∋≻⋈∈⊥∋≻⋈∈⊤∋≻⋈∈⊤∋≻⋈∈⊥∋≻⋈∈⊥∋≻⋈∈⊥∋≻⋈∈⊥∋≻⋈∈⊥∋≻⋈∈⊤∋≻⋈∈⊤∋≻⋈∈⊤∋≻⋈∈⊤∋≻⋈∈⊥∋≻⋈∈⊥∋≻⋈∈⊥∋≻⋈∈⊥∋≻⋈∈⊥∋≻⋈∈⊤∋≻⋈∈⊥∋≻⋈∈⊥∋≻⋈∈⊥∋≻⋈∈⊥∋≻⋈∈⊥∋≻⋈∈⊥∋≻⋈∈⊥∋≻⋈∈⊤∋≻⋈∈⊥∋≻⋈∈⊥∋≻⋈∈⊥∋≻⋈∈⊥∋≻⋈∈⊥∋≻⋈∈⊥∋≻⋈∈⊤∋≻⋈∈⊤∋≻⋈∈⊥∋≻⋈∈⊤∋≻⋈∈⊥∋≻⋈∈⊤∋≻⋈∈⊥∋≻⋈∈⊥∋≻⋈∈⊥∋≻⋈∈⊥∋≻⋈∈⊥∋≻⋈∈⊤∋≻⋈∈⊤∋≻⋈∈⊥∋≻⋈∈⊥∋≻⋈∈⊥∋≻⋈∈⊤∋≻⋈∈⊥∋≻⋈∈⊤∋≻⋈∈⊥∋≻⋈∈⊥∋≻⋈∈⊥∋≻⋈∈⊤∋≻⋈∈⊤∋≻⋈∈⊤∋≻⋈∈⊤∋≻⋈∈⊤∋≻⋈∈⊤∋≻⋈∈⊤∋≻⋈∈⊥∋≻⋈∈⊤∋≻⋈∈⊤∋≻⋈∈⊥∋≻⋈∈⊤∋≻⋈∈⊥∋≻⋈∈⊥∋≻⋈∈⊤∋≻⋈∈⊤∋≻⋈∈⊤∋≻⋈∈⊤∋≻⋈∈⊤∋≻⋈∈⊥∋≻⋈∈⊤∋≻⋈∈⊥∋≻⋈∈⊥∋≻⋈∈⊥∋≻⋈∈⊥∋≻⋈∈⊥∋≻⋈∈⊤∋≻⋈∈⊤∋≻⋈∈⊤∋≻⋈∈⊥∋≻⋈∈⊥∋≻⋈∈⊤∋≻⋈∈⊥∋≻⋈∈⊤∋≻⋈∈⊤∋≻⋈∈⊤∋≻⋈∈⊥∋≻⋈∈⊤∋≻⋈∈⊤∋≻⋈∈⊤∋≻⋈∈⊥∋≻⋈∈⊥∋≻⋈∈⊤∋≻⋈∈⊥∋≻⋈∈⊤∋≻⋈∈⊤∋≻⋈∈⊤∋≻⋈∈⊥∋≻⋈∈⊤∋≻⋈∈⊤∋≻⋈∈⊤∋≻⋈∈⊤∋≻⋈∈⊥∋≻⋈∈⊥∋≻⋈∈⊤∋≻⋈∈⊤∋≻⋈∈⊤∋≻⋈∈⊤∋≻⋈∈⊤∋≻⋈∈⊤∋≻⋈∈⊥∋≻⋈∈⊥∋≻⋈∈⊥∋≻⋈∈⊤∋≻⋈∈⊥∋≻⋈∈⊥∋≻⋈∈⊤∋≻⋈∈⊤∋≻⋈∈⊤∋≻⋈∈⊤∋≻⋈∈⊥∋≻⋈∈⊥∋≻⋈∈⊤∋≻⋈∈⊥∋≻⋈∈⊥∋≻⋈∈⊥∋≻⋈∈⊥∋≻⋈∈⊥∋≻⋈∈⊤∋≻⋈∈⊤∋≻⋈∈⊥∋≻⋈∈⊤∋≻⋈∈⊥∋≻⋈∈⊥∋≻⋈∈⊥∋≻⋈∈⊥∋≻⋈∈⊤∋≻⋈∈⊥∋≻⋈∈⊤∋≻⋈∈⊥∋≻⋈∈⊤∋≻⋈∈⊥∋≻⋈∈⊥∋≻⋈∈⊥∋≻⋈∈⊥∋≻⋈∈⊥∋≻⋈∈⊤∋≻⋈∈⊤∋≻⋈∈⊤∋≻⋈∈⊥∋≻⋈∈⊤∋≻⋈∈⊤∋≻⋈∈⊤∋≻⋈∈⊥∋≻⋈∈⊥∋≻⋈∈⊤∋≻⋈∈⊤∋≻⋈∈⊥∋≻⋈∈⊤∋≻⋈∈⊥∋≻⋈∈⊤∋≻⋈∈⊥∋≻⋈∈⊤∋≻⋈∈⊥∋≻⋈∈⊥∋≻⋈∈⊤∋≻⋈∈⊥∋≻⋈∈⊤∋≻⋈∈⊥∋≻⋈∈⊥∋≻⋈∈⊤∋≻⋈∈⊤∋≻⋈∈⊥∋≻⋈∈⊤∋≻⋈∈⊥∋≻⋈∈⊤∋≻⋈∈⊥∋≻⋈∈⊤∋≻⋈∈⊤∋≻⋈∈⊤∋≻⋈∈⊤∋≻⋈∈⊥∋≻⋈∈⊥∋≻⋈∈⊤∋≻⋈∈⊥∋≻⋈∈⊤∋≻⋈∈⊤∋≻⋈∈⊤∋≻⋈∈⊥∋≻⋈∈⊥∋≻⋈∈⊥∋≻⋈∈⊤∋≻⋈∈⊤∋≻⋈∈⊥∋≻⋈∈⊤∋≻⋈∈⊥∋≻⋈∈⊥∋≻⋈∈⊤∋≻⋈∈⊤∋≻⋈∈⊥∋≻⋈∈⊥∋≻⋈∈⊥∋≻⋈∈⊤∋≻⋈∈⊥∋≻⋈∈⊤∋≻⋈∈⊤∋≻⋈∈⊤∋≻⋈∈⊤∋≻⋈∈⊥∋≻⋈∈⊤∋≻⋈∈⊥∋≻⋈∈⊥∋≻⋈∈⊥∋≻⋈∈⊤∋≻⋈∈⊥∋≻⋈∈⊥∋≻⋈∈⊤∋≻⋈∈⊥∋≻⋈∈⊤∋≻⋈∈⊤∋≻⋈∈⊥∋≻⋈∈⊥∋≻⋈∈⊤∋≻⋈∈⊥∋≻⋈∈⊥∋≻⋈∈⊥∋≻⋈∈⊤∋≻⋈∈⊤∋≻⋈∈⊥∋≻⋈∈⊤∋≻⋈∈⊤∋≻⋈∈⊥∋≻⋈∈⊥∋≻⋈∈⊥∋≻⋈∈⊥∋≻⋈∈⊤∋≻⋈∈⊤∋≻⋈∈⊥∋≻⋈∈⊥∋≻⋈∈⊥∋≻⋈∈⊤∋≻⋈∈⊥∋≻⋈∈⊤∋≻⋈∈⊤∋≻⋈∈⊥∋≻⋈∈⊥∋≻⋈∈⊤∋≻⋈∈⊤∋≻⋈∈⊥∋≻⋈∈⊥∋≻⋈∈⊤∋≻⋈∈⊤∋≻⋈∈⊥∋≻⋈∈⊤∋≻⋈∈⊤∋≻⋈∈⊥∋≻⋈∈⊤∋≻⋈∈⊥∋≻⋈∈⊥∋≻⋈∈⊤∋≻⋈∈⊤∋≻⋈∈⊥∋≻⋈∈⊤∋≻⋈∈⊤∋≻⋈∈⊥∋≻⋈∈⊥∋≻⋈∈⊥∋≻⋈∈⊥∋≻⋈∈⊤∋≻⋈∈⊤∋≻⋈∈⊤∋≻⋈∈⊤∋≻⋈∈⊥∋≻⋈∈⊤∋≻⋈∈⊥∋≻⋈∈⊤∋≻⋈∈⊥∋≻⋈∈⊥∋≻⋈∈⊤∋≻⋈∈⊥∋≻⋈∈⊥∋≻⋈∈⊥∋≻⋈∈⊤∋≻⋈∈⊥∋≻⋈∈⊥∋≻⋈∈⊤∋≻⋈∈⊤∋≻⋈∈⊤∋≻⋈∈⊥∋≻⋈∈⊥∋≻⋈∈⊥∋≻⋈∈⊥∋≻⋈∈⊥∋≻⋈∈⊥∋≻⋈∈⊥∋≻⋈∈⊤∋≻⋈∈⊥∋≻⋈∈⊤∋≻⋈∈⊥∋≻⋈∈⊥∋≻⋈∈⊤∋≻⋈∈⊤∋≻⋈∈⊤∋≻⋈∈⊤∋≻⋈∈⊥∋≻⋈∈⊥∋≻⋈∈⊤∋≻⋈∈⊤∋≻⋈∈⊥∋≻⋈∈⊤∋≻⋈∈⊥∋≻⋈∈⊤∋≻⋈∈⊥∋≻⋈∈⊤∋≻⋈∈⊥∋≻⋈∈⊥∋≻⋈∈⊤∋≻⋈∈⊤∋≻⋈∈⊤∋≻⋈∈⊤∋≻⋈∈⊥∋≻⋈∈⊥∋≻⋈∈⊤∋≻⋈∈⊤∋≻⋈∈⊤∋≻⋈∈⊤∋≻⋈∈⊤∋≻⋈∈⊥∋≻⋈∈⊥∋≻⋈∈⊥∋≻⋈∈⊤∋≻⋈∈⊤∋≻⋈∈⊥∋≻⋈∈⊥∋≻⋈∈⊤∋≻⋈∈⊥∋≻⋈∈⊤∋≻⋈∈⊥∋≻⋈∈⊥∋≻⋈∈⊤∋≻⋈∈⊥∋≻⋈∈⊤∋≻⋈∈⊥∋≻⋈∈⊤∋≻⋈∈⊥∋≻⋈∈⊤∋≻⋈∈⊤∋≻⋈∈⊤∋≻⋈∈⊥∋≻⋈∈⊤∋≻⋈∈⊤∋≻⋈∈⊥∋≻⋈∈⊤∋≻⋈∈⊥∋≻⋈∈⊤∋≻⋈∈⊤∋≻⋈∈⊥∋≻⋈∈⊤∋≻⋈∈⊤∋≻⋈∈⊥∋≻⋈∈⊥∋≻⋈∈⊤∋≻⋈∈⊤∋≻⋈∈⊥∋≻⋈∈⊥∋≻⋈∈⊤∋≻⋈∈⊤∋≻⋈∈⊤∋≻⋈∈⊤∋≻⋈∈⊤∋≻⋈∈⊥∋≻⋈∈⊤∋≻⋈∈⊤∋≻⋈∈⊥∋≻⋈∈⊥∋≻⋈∈⊥∋≻⋈∈⊤∋≻⋈∈⊤∋≻⋈∈⊤∋≻⋈∈⊥∋≻⋈∈⊥∋≻⋈∈⊤∋≻⋈∈⊤∋≻⋈∈⊥∋≻⋈∈⊤∋≻⋈∈⊤∋≻⋈∈⊥∋≻⋈∈⊥∋≻⋈∈⊤∋≻⋈∈⊤∋≻⋈∈⊥∋≻⋈∈⊥∋≻⋈∈⊤∋≻⋈∈⊥∋≻⋈∈⊥∋≻⋈∈⊤∋≻⋈∈⊤∋≻⋈∈⊤∋≻⋈∈⊥∋≻⋈∈⊥∋≻⋈∈⊤∋≻⋈∈⊥∋≻⋈∈⊤∋≻⋈∈⊥∋≻⋈∈⊤∋≻⋈∈⊥∋≻⋈∈⊤∋≻⋈∈⊥∋≻⋈∈⊤∋≻⋈∈⊤∋≻⋈∈⊤∋≻⋈∈⊥∋≻⋈∈⊥∋≻⋈∈⊥∋≻⋈∈⊤∋≻⋈∈⊤∋≻⋈∈⊥∋≻⋈∈⊥∋≻⋈∈⊤∋≻⋈∈⊥∋≻⋈∈⊤∋≻⋈∈⊤∋≻⋈∈⊥∋≻⋈∈⊤∋≻⋈∈⊥∋≻⋈∈⊤∋≻⋈∈⊤∋≻⋈∈⊤∋≻⋈∈⊤∋≻⋈∈⊤∋≻⋈∈⊤∋≻⋈∈⊤∋≻⋈∈⊥∋≻⋈∈⊥∋≻⋈∈⊥∋≻⋈∈⊥∋≻⋈∈⊥∋≻⋈∈⊥∋≻⋈∈⊥∋≻⋈∈⊥∋≻⋈∈⊥∋≻⋈∈⊤∋≻⋈∈⊥∋≻⋈∈⊥∋≻⋈∈⊤∋≻⋈∈⊤∋≻⋈∈⊥∋≻⋈∈⊥∋≻⋈∈⊥∋≻⋈∈⊤∋≻⋈∈⊥∋≻⋈∈⊤∋≻⋈∈⊤∋≻⋈∈⊤∋≻⋈∈⊤∋≻⋈∈⊥∋≻⋈∈⊤∋≻⋈∈⊤∋≻⋈∈⊤∋≻⋈∈⊥∋≻⋈∈⊤∋≻⋈∈⊥∋≻⋈∈⊤∋≻⋈∈⊥∋≻⋈∈⊤∋≻⋈∈⊥∋≻⋈∈⊤∋≻⋈∈⊥∋≻⋈∈⊤∋≻⋈∈⊥∋≻⋈∈⊤∋≻⋈∈⊤∋≻⋈∈⊥∋≻⋈∈⊤∋≻⋈∈⊤∋≻⋈∈⊤∋≻⋈∈⊤∋≻⋈∈⊥∋≻⋈∈⊥∋≻⋈∈⊥∋≻⋈∈⊤∋≻⋈∈⊥∋≻⋈∈⊥∋≻⋈∈⊥∋≻⋈∈⊥∋≻⋈∈⊤∋≻⋈∈⊥∋≻⋈∈⊤∋≻⋈∈⊤∋≻⋈∈⊥∋≻⋈∈⊤∋≻⋈∈⊥∋≻⋈∈⊤∋≻⋈∈⊥∋≻⋈∈⊤∋≻⋈∈⊤∋≻⋈∈⊥∋≻⋈∈⊤∋≻⋈∈⊤∋≻⋈∈⊤∋≻⋈∈⊤∋≻⋈∈⊥∋≻⋈∈⊤∋≻⋈∈⊤∋≻⋈∈⊥∋≻⋈∈⊤∋≻⋈∈⊥∋≻⋈∈⊥∋≻⋈∈⊥∋≻⋈∈⊥∋≻⋈∈⊥∋≻⋈∈⊤∋≻⋈∈⊥∋≻⋈∈⊤∋≻⋈∈⊤∋≻⋈∈⊥∋≻⋈∈⊤∋≻⋈∈⊥∋≻⋈∈⊤∋≻⋈∈⊥∋≻⋈∈⊥∋≻⋈∈⊥∋≻⋈∈⊥∋≻⋈∈⊥∋≻⋈∈⊤∋≻⋈∈⊤∋≻⋈∈⊥∋≻⋈∈⊥∋≻⋈∈⊥∋≻⋈∈⊤∋≻⋈∈⊥∋≻⋈∈⊥∋≻⋈∈⊥∋≻⋈∈⊤∋≻⋈∈⊥∋≻⋈∈⊥∋≻⋈∈⊥∋≻⋈∈⊤∋≻⋈∈⊤∋≻⋈∈⊤∋≻⋈∈⊤∋≻⋈∈⊤∋≻⋈∈⊥∋≻⋈∈⊤∋≻⋈∈⊥∋≻⋈∈⊥∋≻⋈∈⊤∋≻⋈∈⊥∋≻⋈∈⊤∋≻⋈∈⊥∋≻⋈∈⊤∋≻⋈∈⊥∋≻⋈∈⊥∋≻⋈∈⊥∋≻⋈∈⊤∋≻⋈∈⊥∋≻⋈∈⊥∋≻⋈∈⊥∋≻⋈∈⊥∋≻⋈∈⊥∋≻⋈∈⊤∋≻⋈∈⊤∋≻⋈∈⊤∋≻⋈∈⊤∋≻⋈∈⊥∋≻⋈∈⊤∋≻⋈∈⊤∋≻⋈∈⊥∋≻⋈∈⊤∋≻⋈∈⊥∋≻⋈∈⊥∋≻⋈∈⊥∋≻⋈∈⊤∋≻⋈∈⊥∋≻⋈∈⊤∋≻⋈∈⊤∋≻⋈∈⊤∋≻⋈∈⊥∋≻⋈∈⊤∋≻⋈∈⊥∋≻⋈∈⊥∋≻⋈∈⊥∋≻⋈∈⊤∋≻⋈∈⊥∋≻⋈∈⊤∋≻⋈∈⊤∋≻⋈∈⊤∋≻⋈∈⊤∋≻⋈∈⊥∋≻⋈∈⊤∋≻⋈∈⊤∋≻⋈∈⊤∋≻⋈∈⊤∋≻⋈∈⊤∋≻⋈∈⊥∋≻⋈∈⊥∋≻⋈∈⊥∋≻⋈∈⊤∋≻⋈∈⊥∋≻⋈∈⊤∋≻⋈∈⊥∋≻⋈∈⊤∋≻⋈∈⊥∋≻⋈∈⊥∋≻⋈∈⊥∋≻⋈∈⊤∋≻⋈∈⊥∋≻⋈∈⊥∋≻⋈∈⊤∋≻⋈∈⊤∋≻⋈∈⊤∋≻⋈∈⊥∋≻⋈∈⊤∋≻⋈∈⊥∋≻⋈∈⊥∋≻⋈∈⊤∋≻⋈∈⊤∋≻⋈∈⊥∋≻⋈∈⊤∋≻⋈∈⊥∋≻⋈∈⊤∋≻⋈∈⊥∋≻⋈∈⊥∋≻⋈∈⊤∋≻⋈∈⊤∋≻⋈∈⊤∋≻⋈∈⊤∋≻⋈∈⊥∋≻⋈∈⊥∋≻⋈∈⊥∋≻⋈∈⊥∋≻⋈∈⊥∋≻⋈∈⊤∋≻⋈∈⊤∋≻⋈∈⊤∋≻⋈∈⊥∋≻⋈∈⊥∋≻⋈∈⊥∋≻⋈∈⊥∋≻⋈∈⊥∋≻⋈∈⊥∋≻⋈∈⊥∋≻⋈∈⊥∋≻⋈∈⊥∋≻⋈∈⊥∋≻⋈∈⊥∋≻⋈∈⊤∋≻⋈∈⊤∋≻⋈∈⊥∋≻⋈∈⊤∋≻⋈∈⊥∋≻⋈∈⊤∋≻⋈∈⊤∋≻⋈∈⊤∋≻⋈∈⊤∋≻⋈∈⊤∋≻⋈∈⊤∋≻⋈∈⊥∋≻⋈∈⊤∋≻⋈∈⊤∋≻⋈∈⊥∋≻⋈∈⊥∋≻⋈∈⊥∋≻⋈∈⊤∋≻⋈∈⊤∋≻⋈∈⊥∋≻⋈∈⊤∋≻⋈∈⊥∋≻⋈∈⊤∋≻⋈∈⊤∋≻⋈∈⊥∋≻⋈∈⊥∋≻⋈∈⊤∋≻⋈∈⊥∋≻⋈∈⊤∋≻⋈∈⊥∋≻⋈∈⊥∋≻⋈∈⊥∋≻⋈∈⊥∋≻⋈∈⊥∋≻⋈∈⊤∋≻⋈∈⊤∋≻⋈∈⊥∋≻⋈∈⊤∋≻⋈∈⊥∋≻⋈∈⊥∋≻⋈∈⊤∋≻⋈∈⊤∋≻⋈∈⊥∋≻⋈∈⊥∋≻⋈∈⊥∋≻⋈∈⊥∋≻⋈∈⊥∋≻⋈∈⊥∋≻⋈∈⊥∋≻⋈∈⊤∋≻⋈∈⊥∋≻⋈∈⊥∋≻⋈∈⊤∋≻⋈∈⊤∋≻⋈∈⊤∋≻⋈∈⊤∋≻⋈∈⊤∋≻⋈∈⊤∋≻⋈∈⊥∋≻⋈∈⊤∋≻⋈∈⊤∋≻⋈∈⊤∋≻⋈∈⊥∋≻⋈∈⊤∋≻⋈∈⊥∋≻⋈∈⊤∋≻⋈∈⊥∋≻⋈∈⊤∋≻⋈∈⊤∋≻⋈∈⊤∋≻⋈∈⊥∋≻⋈∈⊤∋≻⋈∈⊤∋≻⋈∈⊥∋≻⋈∈⊤∋≻⋈∈⊥∋≻⋈∈⊥∋≻⋈∈⊥∋≻⋈∈⊥∋≻⋈∈⊥∋≻⋈∈⊤∋≻⋈∈⊤∋≻⋈∈⊤∋≻⋈∈⊥∋≻⋈∈⊥∋≻⋈∈⊤∋≻⋈∈⊥∋≻⋈∈⊤∋≻⋈∈⊤∋≻⋈∈⊤∋≻⋈∈⊥∋≻⋈∈⊥∋≻⋈∈⊥∋≻⋈∈⊥∋≻⋈∈⊤∋≻⋈∈⊥∋≻⋈∈⊥∋≻⋈∈⊤∋≻⋈∈⊥∋≻⋈∈⊤∋≻⋈∈⊥∋≻⋈∈⊤∋≻⋈∈⊤∋≻⋈∈⊤∋≻⋈∈⊤∋≻⋈∈⊤∋≻⋈∈⊥∋≻⋈∈⊤∋≻⋈∈⊤∋≻⋈∈⊥∋≻⋈∈⊥∋≻⋈∈⊥∋≻⋈∈⊤∋≻⋈∈⊤∋≻⋈∈⊥∋≻⋈∈⊥∋≻⋈∈⊥∋≻⋈∈⊤∋≻⋈∈⊤∋≻⋈∈⊥∋≻⋈∈⊥∋≻⋈∈⊤∋≻⋈∈⊤∋≻⋈∈⊥∋≻⋈∈⊤∋≻⋈∈⊥∋≻⋈∈⊥∋≻⋈∈⊤∋≻⋈∈⊤∋≻⋈∈⊤∋≻⋈∈⊤∋≻⋈∈⊥∋≻⋈∈⊥∋≻⋈∈⊤∋≻⋈∈⊤∋≻⋈∈⊤∋≻⋈∈⊥∋≻⋈∈⊤∋≻⋈∈⊤∋≻⋈∈⊤∋≻⋈∈⊤∋≻⋈∈⊤∋≻⋈∈⊤∋≻⋈∈⊥∋≻⋈∈⊤∋≻⋈∈⊤∋≻⋈∈⊥∋≻⋈∈⊤∋≻⋈∈⊤∋≻⋈∈⊤∋≻⋈∈⊤∋≻⋈∈⊤∋≻⋈∈⊤∋≻⋈∈⊤∋≻⋈∈⊥∋≻⋈∈⊥∋≻⋈∈⊥∋≻⋈∈⊥∋≻⋈∈⊥∋≻⋈∈⊤∋≻⋈∈⊥∋≻⋈∈⊥∋≻⋈∈⊤∋≻⋈∈⊥∋≻⋈∈⊥∋≻⋈∈⊤∋≻⋈∈⊥∋≻⋈∈⊤∋≻⋈∈⊤∋≻⋈∈⊥∋≻⋈∈⊥∋≻⋈∈⊤∋≻⋈∈⊤∋≻⋈∈⊥∋≻⋈∈⊤∋≻⋈∈⊤∋≻⋈∈⊥∋≻⋈∈⊥∋≻⋈∈⊥∋≻⋈∈⊤∋≻⋈∈⊤∋≻⋈∈⊤∋≻⋈∈⊥∋≻⋈∈⊥∋≻⋈∈⊥∋≻⋈∈⊥∋≻⋈∈⊥∋≻⋈∈⊥∋≻⋈∈⊤∋≻⋈∈⊤∋≻⋈∈⊤∋≻⋈∈⊥∋≻⋈∈⊥∋≻⋈∈⊥∋≻⋈∈⊥∋≻⋈∈⊤∋≻⋈∈⊥∋≻⋈∈⊥∋≻⋈∈⊤∋≻⋈∈⊤∋≻⋈∈⊤∋≻⋈∈⊥∋≻⋈∈⊤∋≻⋈∈⊥∋≻⋈∈⊥∋≻⋈∈⊥∋≻⋈∈⊤∋≻⋈∈⊤∋≻⋈∈⊥∋≻⋈∈⊥∋≻⋈∈⊥∋≻⋈∈⊥∋≻⋈∈⊤∋≻⋈∈⊤∋≻⋈∈⊥∋≻⋈∈⊥∋≻⋈∈⊤∋≻⋈∈⊥∋≻⋈∈⊤∋≻⋈∈⊤∋≻⋈∈⊥∋≻⋈∈⊤∋≻⋈∈⊤∋≻⋈∈⊤∋≻⋈∈⊤∋≻⋈∈⊥∋≻⋈∈⊤∋≻⋈∈⊤∋≻⋈∈⊤∋≻⋈∈⊤∋≻⋈∈⊤∋≻⋈∈⊥∋≻⋈∈⊤∋≻⋈∈⊤∋≻⋈∈⊥∋≻⋈∈⊥∋≻⋈∈⊤∋≻⋈∈⊤∋≻⋈∈⊥∋≻⋈∈⊥∋≻⋈∈⊥∋≻⋈∈⊤∋≻⋈∈⊤∋≻⋈∈⊤∋≻⋈∈⊤∋≻⋈∈⊥∋≻⋈∈⊥∋≻⋈∈⊥∋≻⋈∈⊤∋≻⋈∈⊥∋≻⋈∈⊥∋≻⋈∈⊤∋≻⋈∈⊤∋≻⋈∈⊤∋≻⋈∈⊤∋≻⋈∈⊤∋≻⋈∈⊤∋≻⋈∈⊥∋≻⋈∈⊥∋≻⋈∈⊤∋≻⋈∈⊤∋≻⋈∈⊥∋≻⋈∈⊥∋≻⋈∈⊤∋≻⋈∈⊥∋≻⋈∈⊥∋≻⋈∈⊥∋≻⋈∈⊤∋≻⋈∈⊥∋≻⋈∈⊤∋≻⋈∈⊥∋≻⋈∈⊥∋≻⋈∈⊤∋≻⋈∈⊤∋≻⋈∈⊤∋≻⋈∈⊥∋≻⋈∈⊤∋≻⋈∈⊥∋≻⋈∈⊥∋≻⋈∈⊥∋≻⋈∈⊤∋≻⋈∈⊤∋≻⋈∈⊥∋≻⋈∈⊥∋≻⋈∈⊥∋≻⋈∈⊥∋≻⋈∈⊥∋≻⋈∈⊤∋≻⋈∈⊤∋≻⋈∈⊥∋≻⋈∈⊤∋≻⋈∈⊤∋≻⋈∈⊤∋≻⋈∈⊥∋≻⋈∈⊤∋≻⋈∈⊤∋≻⋈∈⊤∋≻⋈∈⊥∋≻⋈∈⊥∋≻⋈∈⊤∋≻⋈∈⊥∋≻⋈∈⊥∋≻⋈∈⊥∋≻⋈∈⊥∋≻⋈∈⊤∋≻⋈∈⊤∋≻⋈∈⊥∋≻⋈∈⊥∋≻⋈∈⊤∋≻⋈∈⊤∋≻⋈∈⊤∋≻⋈∈⊤∋≻⋈∈⊤∋≻⋈∈⊤∋≻⋈∈⊥∋≻⋈∈⊤∋≻⋈∈⊤∋≻⋈∈⊥∋≻⋈∈⊤∋≻⋈∈⊥∋≻⋈∈⊤∋≻⋈∈⊥∋≻⋈∈⊤∋≻⋈∈⊤∋≻⋈∈⊤∋≻⋈∈⊥∋≻⋈∈⊤∋≻⋈∈⊥∋≻⋈∈⊤∋≻⋈∈⊤∋≻⋈∈⊥∋≻⋈∈⊥∋≻⋈∈⊥∋≻⋈∈⊤∋≻⋈∈⊤∋≻⋈∈⊤∋≻⋈∈⊥∋≻⋈∈⊥∋≻⋈∈⊤∋≻⋈∈⊤∋≻⋈∈⊥∋≻⋈∈⊤∋≻⋈∈⊤∋≻⋈∈⊥∋≻⋈∈⊤∋≻⋈∈⊤∋≻⋈∈⊥∋≻⋈∈⊤∋≻⋈∈⊥∋≻⋈∈⊤∋≻⋈∈⊤∋≻⋈∈⊥∋≻⋈∈⊤∋≻⋈∈⊤∋≻⋈∈⊤∋≻⋈∈⊤∋≻⋈∈⊥∋≻⋈∈⊤∋≻⋈∈⊥∋≻⋈∈⊤∋≻⋈∈⊤∋≻⋈∈⊥∋≻⋈∈⊥∋≻⋈∈⊥∋≻⋈∈⊤∋≻⋈∈⊥∋≻⋈∈⊥∋≻⋈∈⊥∋≻⋈∈⊤∋≻⋈∈⊤∋≻⋈∈⊥∋≻⋈∈⊤∋≻⋈∈⊥∋≻⋈∈⊥∋≻⋈∈⊤∋≻⋈∈⊤∋≻⋈∈⊥∋≻⋈∈⊥∋≻⋈∈⊤∋≻⋈∈⊤∋≻⋈∈⊥∋≻⋈∈⊤∋≻⋈∈⊤∋≻⋈∈⊥∋≻⋈∈⊥∋≻⋈∈⊥∋≻⋈∈⊤∋≻⋈∈⊤∋≻⋈∈⊤∋≻⋈∈⊥∋≻⋈∈⊤∋≻⋈∈⊤∋≻⋈∈⊤∋≻⋈∈⊥∋≻⋈∈⊤∋≻⋈∈⊥∋≻⋈∈⊤∋≻⋈∈⊥∋≻⋈∈⊤∋≻⋈∈⊥∋≻⋈∈⊤∋≻⋈∈⊤∋≻⋈∈⊤∋≻⋈∈⊥∋≻⋈∈⊥∋≻⋈∈⊥∋≻⋈∈⊤∋≻⋈∈⊤∋≻⋈∈⊤∋≻⋈∈⊤∋≻⋈∈⊥∋≻⋈∈⊥∋≻⋈∈⊥∋≻⋈∈⊥∋≻⋈∈⊤∋≻⋈∈⊤∋≻⋈∈⊤∋≻⋈∈⊥∋≻⋈∈⊤∋≻⋈∈⊥∋≻⋈∈⊤∋≻⋈∈⊥∋≻⋈∈⊥∋≻⋈∈⊥∋≻⋈∈⊤∋≻⋈∈⊥∋≻⋈∈⊥∋≻⋈∈⊥∋≻⋈∈⊥∋≻⋈∈⊤∋≻⋈∈⊥∋≻⋈∈⊤∋≻⋈∈⊥∋≻⋈∈⊤∋≻⋈∈⊥∋≻⋈∈⊤∋≻⋈∈⊥∋≻⋈∈⊥∋≻⋈∈⊤∋≻⋈∈⊥∋≻⋈∈⊥∋≻⋈∈⊤∋≻⋈∈⊥∋≻⋈∈⊤∋≻⋈∈⊤∋≻⋈∈⊥∋≻⋈∈⊥∋≻⋈∈⊤∋≻⋈∈⊥∋≻⋈∈⊥∋≻⋈∈⊥∋≻⋈∈⊥∋≻⋈∈⊤∋≻⋈∈⊥∋≻⋈∈⊥∋≻⋈∈⊥∋≻⋈∈⊥∋≻⋈∈⊤∋≻⋈∈⊤∋≻⋈∈⊤∋≻⋈∈⊤∋≻⋈∈⊥∋≻⋈∈⊥∋≻⋈∈⊤∋≻⋈∈⊥∋≻⋈∈⊥∋≻⋈∈⊤∋≻⋈∈⊥∋≻⋈∈⊥∋≻⋈∈⊥∋≻⋈∈⊤∋≻⋈∈⊥∋≻⋈∈⊤∋≻⋈∈⊤∋≻⋈∈⊤∋≻⋈∈⊤∋≻⋈∈⊤∋≻⋈∈⊤∋≻⋈∈⊥∋≻⋈∈⊥∋≻⋈∈⊤∋≻⋈∈⊥∋≻⋈∈⊥∋≻⋈∈⊥∋≻⋈∈⊥∋≻⋈∈⊥∋≻⋈∈⊤∋≻⋈∈⊤∋≻⋈∈⊤∋≻⋈∈⊥∋≻⋈∈⊥∋≻⋈∈⊥∋≻⋈∈⊤∋≻⋈∈⊤∋≻⋈∈⊤∋≻⋈∈⊤∋≻⋈∈⊥∋≻⋈∈⊥∋≻⋈∈⊥∋≻⋈∈⊥∋≻⋈∈⊤∋≻⋈∈⊤∋≻⋈∈⊤∋≻⋈∈⊤∋≻⋈∈⊤∋≻⋈∈⊤∋≻⋈∈⊤∋≻⋈∈⊤∋≻⋈∈⊥∋≻⋈∈⊤∋≻⋈∈⊥∋≻⋈∈⊥∋≻⋈∈⊥∋≻⋈∈⊤∋≻⋈∈⊤∋≻⋈∈⊤∋≻⋈∈⊥∋≻⋈∈⊥∋≻⋈∈⊥∋≻⋈∈⊥∋≻⋈∈⊥∋≻⋈∈⊥∋≻⋈∈⊤∋≻⋈∈⊤∋≻⋈∈⊥∋≻⋈∈⊥∋≻⋈∈⊤∋≻⋈∈⊥∋≻⋈∈⊥∋≻⋈∈⊥∋≻⋈∈⊥∋≻⋈∈⊤∋≻⋈∈⊤∋≻⋈∈⊤∋≻⋈∈⊥∋≻⋈∈⊤∋≻⋈∈⊥∋≻⋈∈⊥∋≻⋈∈⊥∋≻⋈∈⊥∋≻⋈∈⊥∋≻⋈∈⊥∋≻⋈∈⊥∋≻⋈∈⊥∋≻⋈∈⊥∋≻⋈∈⊤∋≻⋈∈⊤∋≻⋈∈⊤∋≻⋈∈⊥∋≻⋈∈⊤∋≻⋈∈⊥∋≻⋈∈⊤∋≻⋈∈⊥∋≻⋈∈⊤∋≻⋈∈⊤∋≻⋈∈⊥∋≻⋈∈⊤∋≻⋈∈⊤∋≻⋈∈⊥∋≻⋈∈⊤∋≻⋈∈⊤∋≻⋈∈⊤∋≻⋈∈⊤∋≻⋈∈⊤∋≻⋈∈⊤∋≻⋈∈⊤∋≻⋈∈⊤∋≻⋈∈⊥∋≻⋈∈⊤∋≻⋈∈⊤∋≻⋈∈⊤∋≻⋈∈⊥∋≻⋈∈⊥∋≻⋈∈⊥∋≻⋈∈⊥∋≻⋈∈⊤∋≻⋈∈⊥∋≻⋈∈⊤∋≻⋈∈⊤∋≻⋈∈⊤∋≻⋈∈⊤∋≻⋈∈⊥∋≻⋈∈⊥∋≻⋈∈⊤∋≻⋈∈⊤∋≻⋈∈⊥∋≻⋈∈⊤∋≻⋈∈⊤∋≻⋈∈⊤∋≻⋈∈⊤∋≻⋈∈⊤∋≻⋈∈⊤∋≻⋈∈⊤∋≻⋈∈⊤∋≻⋈∈⊥∋≻⋈∈⊤∋≻⋈∈⊤∋≻⋈∈⊥∋≻⋈∈⊥∋≻⋈∈⊤∋≻⋈∈⊥∋≻⋈∈⊤∋≻⋈∈⊥∋≻⋈∈⊤∋≻⋈∈⊤∋≻⋈∈⊥∋≻⋈∈⊥∋≻⋈∈⊥∋≻⋈∈⊤∋≻⋈∈⊥∋≻⋈∈⊥∋≻⋈∈⊤∋≻⋈∈⊥∋≻⋈∈⊥∋≻⋈∈⊤∋≻⋈∈⊤∋≻⋈∈⊥∋≻⋈∈⊤∋≻⋈∈⊤∋≻⋈∈⊥∋≻⋈∈⊤∋≻⋈∈⊤∋≻⋈∈⊥∋≻⋈∈⊥∋≻⋈∈⊤∋≻⋈∈⊥∋≻⋈∈⊤∋≻⋈∈⊥∋≻⋈∈⊥∋≻⋈∈⊥∋≻⋈∈⊤∋≻⋈∈⊤∋≻⋈∈⊥∋≻⋈∈⊤∋≻⋈∈⊤∋≻⋈∈⊥∋≻⋈∈⊥∋≻⋈∈⊤∋≻⋈∈⊥∋≻⋈∈⊤∋≻⋈∈⊥∋≻⋈∈⊥∋≻⋈∈⊥∋≻⋈∈⊤∋≻⋈∈⊤∋≻⋈∈⊤∋≻⋈∈⊥∋≻⋈∈⊤∋≻⋈∈⊤∋≻⋈∈⊥∋≻⋈∈⊤∋≻⋈∈⊥∋≻⋈∈⊤∋≻⋈∈⊤∋≻⋈∈⊥∋≻⋈∈⊤∋≻⋈∈⊤∋≻⋈∈⊤∋≻⋈∈⊥∋≻⋈∈⊥∋≻⋈∈⊥∋≻⋈∈⊤∋≻⋈∈⊤∋≻⋈∈⊥∋≻⋈∈⊥∋≻⋈∈⊥∋≻⋈∈⊥∋≻⋈∈⊥∋≻⋈∈⊥∋≻⋈∈⊥∋≻⋈∈⊥∋≻⋈∈⊥∋≻⋈∈⊥∋≻⋈∈⊥∋≻⋈∈⊤∋≻⋈∈⊥∋≻⋈∈⊤∋≻⋈∈⊥∋≻⋈∈⊥∋≻⋈∈⊤∋≻⋈∈⊤∋≻⋈∈⊥∋≻⋈∈⊥∋≻⋈∈⊥∋≻⋈∈⊤∋≻⋈∈⊤∋≻⋈∈⊤∋≻⋈∈⊤∋≻⋈∈⊤∋≻⋈∈⊥∋≻⋈∈⊥∋≻⋈∈⊤∋≻⋈∈⊥∋≻⋈∈⊤∋≻⋈∈⊥∋≻⋈∈⊤∋≻⋈∈⊥∋≻⋈∈⊥∋≻⋈∈⊤∋≻⋈∈⊥∋≻⋈∈⊥∋≻⋈∈⊤∋≻⋈∈⊤∋≻⋈∈⊤∋≻⋈∈⊤∋≻⋈∈⊤∋≻⋈∈⊥∋≻⋈∈⊤∋≻⋈∈⊥∋≻⋈∈⊤∋≻⋈∈⊤∋≻⋈∈⊥∋≻⋈∈⊥∋≻⋈∈⊤∋≻⋈∈⊥∋≻⋈∈⊥∋≻⋈∈⊥∋≻⋈∈⊤∋≻⋈∈⊤∋≻⋈∈⊥∋≻⋈∈⊤∋≻⋈∈⊥∋≻⋈∈⊥∋≻⋈∈⊤∋≻⋈∈⊥∋≻⋈∈⊤∋≻⋈∈⊥∋≻⋈∈⊥∋≻⋈∈⊥∋≻⋈∈⊤∋≻⋈∈⊥∋≻⋈∈⊤∋≻⋈∈⊥∋≻⋈∈⊤∋≻⋈∈⊤∋≻⋈∈⊥∋≻⋈∈⊥∋≻⋈∈⊥∋≻⋈∈⊤∋≻⋈∈⊥∋≻⋈∈⊤∋≻⋈∈⊤∋≻⋈∈⊥∋≻⋈∈⊥∋≻⋈∈⊤∋≻⋈∈⊥∋≻⋈∈⊤∋≻⋈∈⊤∋≻⋈∈⊤∋≻⋈∈⊥∋≻⋈∈⊥∋≻⋈∈⊥∋≻⋈∈⊤∋≻⋈∈⊥∋≻⋈∈⊤∋≻⋈∈⊥∋≻⋈∈⊥∋≻⋈∈⊥∋≻⋈∈⊤∋≻⋈∈⊥∋≻⋈∈⊥∋≻⋈∈⊥∋≻⋈∈⊥∋≻⋈∈⊤∋≻⋈∈⊥∋≻⋈∈⊥∋≻⋈∈⊤∋≻⋈∈⊤∋≻⋈∈⊤∋≻⋈∈⊥∋≻⋈∈⊤∋≻⋈∈⊤∋≻⋈∈⊤∋≻⋈∈⊥∋≻⋈∈⊥∋≻⋈∈⊥∋≻⋈∈⊥∋≻⋈∈⊥∋≻⋈∈⊥∋≻⋈∈⊥∋≻⋈∈⊥∋≻⋈∈⊤∋≻⋈∈⊤∋≻⋈∈⊥∋≻⋈∈⊤∋≻⋈∈⊥∋≻⋈∈⊥∋≻⋈∈⊥∋≻⋈∈⊥∋≻⋈∈⊥∋≻⋈∈⊥∋≻⋈∈⊥∋≻⋈∈⊤∋≻⋈∈⊤∋≻⋈∈⊤∋≻⋈∈⊤∋≻⋈∈⊤∋≻⋈∈⊤∋≻⋈∈⊤∋≻⋈∈⊤∋≻⋈∈⊥∋≻⋈∈⊤∋≻⋈∈⊥∋≻⋈∈⊤∋≻⋈∈⊤∋≻⋈∈⊥∋≻⋈∈⊤∋≻⋈∈⊥∋≻⋈∈⊤∋≻⋈∈⊤∋≻⋈∈⊤∋≻⋈∈⊥∋≻⋈∈⊥∋≻⋈∈⊥∋≻⋈∈⊤∋≻⋈∈⊤∋≻⋈∈⊤∋≻⋈∈⊥∋≻⋈∈⊤∋≻⋈∈⊥∋≻⋈∈⊥∋≻⋈∈⊤∋≻⋈∈⊥∋≻⋈∈⊤∋≻⋈∈⊥∋≻⋈∈⊥∋≻⋈∈⊤∋≻⋈∈⊥∋≻⋈∈⊥∋≻⋈∈⊤∋≻⋈∈⊥∋≻⋈∈⊥∋≻⋈∈⊥∋≻⋈∈⊥∋≻⋈∈⊥∋≻⋈∈⊥∋≻⋈∈⊥∋≻⋈∈⊥∋≻⋈∈⊤∋≻⋈∈⊥∋≻⋈∈⊤∋≻⋈∈⊥∋≻⋈∈⊤∋≻⋈∈⊤∋≻⋈∈⊥∋≻⋈∈⊤∋≻⋈∈⊤∋≻⋈∈⊤∋≻⋈∈⊥∋≻⋈∈⊥∋≻⋈∈⊤∋≻⋈∈⊥∋≻⋈∈⊤∋≻⋈∈⊤∋≻⋈∈⊥∋≻⋈∈⊥∋≻⋈∈⊥∋⊙⊡⊣
⊢≻⋈∈⊥∋⊙⊡⊣
⊢≻⋈∈⊤∋≻⋈∈⊥∋⊙⊡⊣
⊢≻⋈∈⊤∋≻⋈∈⊥∋≻⋈∈⊥∋≻⋈∈⊥∋≻⋈∈⊥∋≻⋈∈⊥∋≻⋈∈⊥∋≻⋈∈⊥∋≻⋈∈⊥∋≻⋈∈⊥∋≻⋈∈⊥∋⊙⊡⊣
⊢≻⋈∈⊥∋⊙⊡⊣
⊢≻⋈∈⊤∋≻⋈∈⊤∋≻⋈∈⊤∋≻⋈∈⊤∋≻⋈∈⊤∋≻⋈∈⊤∋≻⋈∈⊤∋≻⋈∈⊤∋≻⋈∈⊤∋≻⋈∈⊤∋≻⋈∈⊤∋≻⋈∈⊥∋≻⋈∈⊥∋⊙⊡⊣
⊢≻⋈∈⊤∋≻⋈∈⊥∋⊙⊡⊣
⊢≻⋈∈⊤∋≻⋈∈⊥∋⊙⊡⊣
⊢≻⋈∈⊥∋≻⋈∈⊥∋≻⋈∈⊥∋≻⋈∈⊥∋≻⋈∈⊥∋≻⋈∈⊥∋≻⋈∈⊥∋≻⋈∈⊥∋≻⋈∈⊥∋≻⋈∈⊥∋≻⋈∈⊥∋⊙⊡⊣
⊢≻⋈∈⊥∋⊙⊡⊣
⊢≻⋈∈⊥∋≻⋈∈⊥∋≻⋈∈⊤∋≻⋈∈⊤∋≻⋈∈⊤∋≻⋈∈⊤∋≻⋈∈⊤∋≻⋈∈⊤∋≻⋈∈⊤∋≻⋈∈⊤∋≻⋈∈⊤∋≻⋈∈⊥∋≻⋈∈⊥∋⊙⊡⊣
⊢≻⋈∈⊤∋≻⋈∈⊤∋≻⋈∈⊥∋⊙⊡⊣
⊢≻⋈∈⊤∋≻⋈∈⊤∋≻⋈∈⊤∋≻⋈∈⊤∋≻⋈∈⊤∋≻⋈∈⊤∋≻⋈∈⊤∋≻⋈∈⊤∋≻⋈∈⊤∋≻⋈∈⊤∋≻⋈∈⊥∋⊙⊡⊣
⊢≻⋈∈⊥∋≻⋈∈⊤∋≻⋈∈⊤∋≻⋈∈⊤∋≻⋈∈⊤∋≻⋈∈⊤∋≻⋈∈⊤∋≻⋈∈⊤∋≻⋈∈⊤∋≻⋈∈⊤∋≻⋈∈⊥∋⊙⊡⊣
⊢≻⋈∈⊥∋≻⋈∈⊥∋⊙⊡⊣
⊢≻⋈∈⊥∋≻⋈∈⊥∋≻⋈∈⊤∋≻⋈∈⊤∋≻⋈∈⊤∋≻⋈∈⊤∋≻⋈∈⊤∋≻⋈∈⊤∋≻⋈∈⊤∋≻⋈∈⊤∋≻⋈∈⊤∋≻⋈∈⊥∋≻⋈∈⊤∋≻⋈∈⊤∋≻⋈∈⊥∋⊙⊡⊣
⊢≻⋈∈⊥∋≻⋈∈⊤∋≻⋈∈⊥∋⊙⊡⊣
⊢≻⋈∈⊥∋≻⋈∈⊥∋⊙⊡⊣
⊢≻⋈∈⊥∋≻⋈∈⊤∋≻⋈∈⊥∋≻⋈∈⊥∋≻⋈∈⊥∋≻⋈∈⊥∋≻⋈∈⊥∋≻⋈∈⊥∋≻⋈∈⊥∋≻⋈∈⊥∋≻⋈∈⊥∋⊙⊡⊣
⊢≻⋈∈⊥∋≻⋈∈⊤∋≻⋈∈⊥∋⊙⊡⊣
⊢≻⋈∈⊤∋≻⋈∈⊥∋≻⋈∈⊥∋≻⋈∈⊤∋≻⋈∈⊤∋≻⋈∈⊤∋≻⋈∈⊤∋≻⋈∈⊤∋≻⋈∈⊤∋≻⋈∈⊤∋≻⋈∈⊤∋≻⋈∈⊥∋≻⋈∈⊥∋≻⋈∈⊥∋≻⋈∈⊥∋⊙⊡⊣
⊢≻⋈∈⊤∋≻⋈∈⊤∋≻⋈∈⊤∋≻⋈∈⊥∋⊙⊡⊣
⊢≻⋈∈⊥∋≻⋈∈⊥∋≻⋈∈⊥∋≻⋈∈⊥∋≻⋈∈⊥∋≻⋈∈⊥∋≻⋈∈⊥∋≻⋈∈⊥∋≻⋈∈⊥∋≻⋈∈⊥∋⊙⊡⊣
⊢≻⋈∈⊤∋≻⋈∈⊥∋≻⋈∈⊤∋≻⋈∈⊤∋≻⋈∈⊤∋≻⋈∈⊤∋≻⋈∈⊤∋≻⋈∈⊤∋≻⋈∈⊤∋≻⋈∈⊤∋≻⋈∈⊥∋⊙⊡⊣
⊢≻⋈∈⊥∋≻⋈∈⊥∋≻⋈∈⊥∋⊙⊡⊣
⊢≻⋈∈⊥∋≻⋈∈⊤∋≻⋈∈⊤∋≻⋈∈⊥∋≻⋈∈⊤∋≻⋈∈⊤∋≻⋈∈⊤∋≻⋈∈⊤∋≻⋈∈⊤∋≻⋈∈⊤∋≻⋈∈⊤∋≻⋈∈⊥∋≻⋈∈⊤∋≻⋈∈⊥∋≻⋈∈⊤∋≻⋈∈⊥∋⊙⊡⊣
⊢≻⋈∈⊥∋≻⋈∈⊤∋≻⋈∈⊤∋≻⋈∈⊥∋⊙⊡⊣
⊢≻⋈∈⊤∋≻⋈∈⊤∋≻⋈∈⊥∋⊙⊡⊣
⊢≻⋈∈⊤∋≻⋈∈⊤∋≻⋈∈⊥∋≻⋈∈⊥∋≻⋈∈⊥∋≻⋈∈⊥∋≻⋈∈⊥∋≻⋈∈⊥∋≻⋈∈⊥∋≻⋈∈⊥∋≻⋈∈⊥∋⊙⊡⊣
⊢≻⋈∈⊥∋≻⋈∈⊤∋≻⋈∈⊤∋≻⋈∈⊥∋⊙⊡⊣
⊢≻⋈∈⊤∋≻⋈∈⊤∋≻⋈∈⊥∋≻⋈∈⊥∋≻⋈∈⊤∋≻⋈∈⊤∋≻⋈∈⊤∋≻⋈∈⊤∋≻⋈∈⊤∋≻⋈∈⊤∋≻⋈∈⊤∋≻⋈∈⊥∋≻⋈∈⊥∋≻⋈∈⊤∋≻⋈∈⊥∋≻⋈∈⊥∋⊙⊡⊣
⊢≻⋈∈⊥∋≻⋈∈⊥∋≻⋈∈⊤∋≻⋈∈⊥∋⊙⊡⊣
⊢≻⋈∈⊤∋≻⋈∈⊥∋≻⋈∈⊥∋≻⋈∈⊥∋≻⋈∈⊥∋≻⋈∈⊥∋≻⋈∈⊥∋≻⋈∈⊥∋≻⋈∈⊥∋≻⋈∈⊥∋⊙⊡⊣
⊢≻⋈∈⊤∋≻⋈∈⊥∋≻⋈∈⊤∋≻⋈∈⊤∋≻⋈∈⊤∋≻⋈∈⊤∋≻⋈∈⊤∋≻⋈∈⊤∋≻⋈∈⊤∋≻⋈∈⊤∋≻⋈∈⊥∋⊙⊡⊣
⊢≻⋈∈⊥∋≻⋈∈⊥∋≻⋈∈⊤∋≻⋈∈⊥∋⊙⊡⊣
⊢≻⋈∈⊤∋≻⋈∈⊥∋≻⋈∈⊤∋≻⋈∈⊤∋≻⋈∈⊥∋≻⋈∈⊤∋≻⋈∈⊤∋≻⋈∈⊤∋≻⋈∈⊤∋≻⋈∈⊤∋≻⋈∈⊤∋≻⋈∈⊥∋≻⋈∈⊤∋≻⋈∈⊤∋≻⋈∈⊤∋≻⋈∈⊤∋≻⋈∈⊥∋⊙⊡⊣
⊢≻⋈∈⊤∋≻⋈∈⊤∋≻⋈∈⊥∋≻⋈∈⊥∋⊙⊡⊣
⊢≻⋈∈⊤∋≻⋈∈⊥∋≻⋈∈⊥∋≻⋈∈⊥∋≻⋈∈⊥∋≻⋈∈⊥∋≻⋈∈⊥∋≻⋈∈⊥∋≻⋈∈⊥∋≻⋈∈⊥∋⊙⊡⊣
⊢≻⋈∈⊥∋≻⋈∈⊥∋≻⋈∈⊤∋≻⋈∈⊤∋≻⋈∈⊤∋≻⋈∈⊤∋≻⋈∈⊤∋≻⋈∈⊤∋≻⋈∈⊤∋≻⋈∈⊤∋≻⋈∈⊥∋⊙⊡⊣
⊢≻⋈∈⊥∋≻⋈∈⊤∋≻⋈∈⊥∋≻⋈∈⊥∋⊙⊡⊣
⊢≻⋈∈⊥∋≻⋈∈⊤∋≻⋈∈⊥∋≻⋈∈⊤∋≻⋈∈⊥∋≻⋈∈⊤∋≻⋈∈⊤∋≻⋈∈⊤∋≻⋈∈⊤∋≻⋈∈⊤∋≻⋈∈⊤∋≻⋈∈⊥∋≻⋈∈⊥∋≻⋈∈⊥∋≻⋈∈⊤∋≻⋈∈⊤∋≻⋈∈⊥∋⊙⊡⊣
⊢≻⋈∈⊥∋≻⋈∈⊤∋≻⋈∈⊥∋≻⋈∈⊥∋⊙⊡⊣
⊢≻⋈∈⊥∋≻⋈∈⊤∋≻⋈∈⊥∋⊙⊡⊣
⊢≻⋈∈⊥∋≻⋈∈⊥∋≻⋈∈⊤∋≻⋈∈⊥∋≻⋈∈⊥∋≻⋈∈⊥∋≻⋈∈⊥∋≻⋈∈⊥∋≻⋈∈⊥∋≻⋈∈⊥∋≻⋈∈⊥∋⊙⊡⊣
⊢≻⋈∈⊥∋≻⋈∈⊥∋≻⋈∈⊥∋≻⋈∈⊥∋⊙⊡⊣
⊢≻⋈∈⊤∋≻⋈∈⊤∋≻⋈∈⊤∋≻⋈∈⊥∋≻⋈∈⊥∋≻⋈∈⊤∋≻⋈∈⊤∋≻⋈∈⊤∋≻⋈∈⊤∋≻⋈∈⊤∋≻⋈∈⊤∋≻⋈∈⊥∋≻⋈∈⊤∋≻⋈∈⊥∋≻⋈∈⊥∋≻⋈∈⊤∋≻⋈∈⊥∋⊙⊡⊣
⊢≻⋈∈⊥∋≻⋈∈⊥∋≻⋈∈⊥∋≻⋈∈⊥∋⊙⊡⊣
⊢≻⋈∈⊥∋≻⋈∈⊤∋≻⋈∈⊥∋≻⋈∈⊥∋≻⋈∈⊥∋≻⋈∈⊥∋≻⋈∈⊥∋≻⋈∈⊥∋≻⋈∈⊥∋≻⋈∈⊥∋⊙⊡⊣
⊢≻⋈∈⊥∋≻⋈∈⊥∋≻⋈∈⊤∋≻⋈∈⊤∋≻⋈∈⊤∋≻⋈∈⊤∋≻⋈∈⊤∋≻⋈∈⊤∋≻⋈∈⊤∋≻⋈∈⊤∋≻⋈∈⊥∋⊙⊡⊣
⊢≻⋈∈⊥∋≻⋈∈⊤∋≻⋈∈⊤∋≻⋈∈⊤∋≻⋈∈⊥∋⊙⊡⊣
⊢≻⋈∈⊤∋≻⋈∈⊥∋≻⋈∈⊥∋≻⋈∈⊥∋≻⋈∈⊥∋≻⋈∈⊤∋≻⋈∈⊤∋≻⋈∈⊤∋≻⋈∈⊤∋≻⋈∈⊤∋≻⋈∈⊤∋≻⋈∈⊥∋≻⋈∈⊥∋≻⋈∈⊤∋≻⋈∈⊤∋≻⋈∈⊥∋≻⋈∈⊥∋⊙⊡⊣
⊢≻⋈∈⊤∋≻⋈∈⊤∋≻⋈∈⊤∋≻⋈∈⊤∋≻⋈∈⊥∋⊙⊡⊣
⊢≻⋈∈⊥∋≻⋈∈⊤∋≻⋈∈⊥∋≻⋈∈⊥∋≻⋈∈⊥∋≻⋈∈⊥∋≻⋈∈⊥∋≻⋈∈⊥∋≻⋈∈⊥∋≻⋈∈⊥∋⊙⊡⊣
⊢≻⋈∈⊤∋≻⋈∈⊤∋≻⋈∈⊥∋≻⋈∈⊤∋≻⋈∈⊤∋≻⋈∈⊤∋≻⋈∈⊤∋≻⋈∈⊤∋≻⋈∈⊤∋≻⋈∈⊤∋≻⋈∈⊥∋⊙⊡⊣
⊢≻⋈∈⊥∋≻⋈∈⊥∋≻⋈∈⊤∋≻⋈∈⊤∋≻⋈∈⊥∋⊙⊡⊣
⊢≻⋈∈⊥∋≻⋈∈⊤∋≻⋈∈⊤∋≻⋈∈⊤∋≻⋈∈⊤∋≻⋈∈⊥∋≻⋈∈⊤∋≻⋈∈⊤∋≻⋈∈⊤∋≻⋈∈⊤∋≻⋈∈⊤∋≻⋈∈⊥∋≻⋈∈⊤∋≻⋈∈⊤∋≻⋈∈⊥∋≻⋈∈⊥∋≻⋈∈⊥∋⊙⊡⊣
⊢≻⋈∈⊥∋≻⋈∈⊤∋≻⋈∈⊤∋≻⋈∈⊤∋≻⋈∈⊥∋⊙⊡⊣
⊢≻⋈∈⊤∋≻⋈∈⊥∋≻⋈∈⊥∋⊙⊡⊣
⊢≻⋈∈⊤∋≻⋈∈⊥∋≻⋈∈⊤∋≻⋈∈⊥∋≻⋈∈⊥∋≻⋈∈⊥∋≻⋈∈⊥∋≻⋈∈⊥∋≻⋈∈⊥∋≻⋈∈⊥∋≻⋈∈⊥∋⊙⊡⊣
⊢≻⋈∈⊥∋≻⋈∈⊤∋≻⋈∈⊥∋≻⋈∈⊤∋≻⋈∈⊥∋⊙⊡⊣
⊢≻⋈∈⊤∋≻⋈∈⊤∋≻⋈∈⊥∋≻⋈∈⊤∋≻⋈∈⊤∋≻⋈∈⊥∋≻⋈∈⊤∋≻⋈∈⊤∋≻⋈∈⊤∋≻⋈∈⊤∋≻⋈∈⊤∋≻⋈∈⊥∋≻⋈∈⊥∋≻⋈∈⊥∋≻⋈∈⊥∋≻⋈∈⊥∋≻⋈∈⊥∋⊙⊡⊣
⊢≻⋈∈⊤∋≻⋈∈⊥∋≻⋈∈⊤∋≻⋈∈⊤∋≻⋈∈⊥∋⊙⊡⊣
⊢≻⋈∈⊤∋≻⋈∈⊥∋≻⋈∈⊥∋⊙⊡⊣
⊢≻⋈∈⊥∋≻⋈∈⊥∋≻⋈∈⊤∋≻⋈∈⊥∋≻⋈∈⊥∋≻⋈∈⊥∋≻⋈∈⊥∋≻⋈∈⊥∋≻⋈∈⊥∋≻⋈∈⊥∋≻⋈∈⊥∋⊙⊡⊣
⊢≻⋈∈⊥∋≻⋈∈⊥∋≻⋈∈⊥∋≻⋈∈⊤∋≻⋈∈⊥∋⊙⊡⊣
⊢≻⋈∈⊥∋≻⋈∈⊥∋≻⋈∈⊥∋≻⋈∈⊤∋≻⋈∈⊤∋≻⋈∈⊥∋≻⋈∈⊤∋≻⋈∈⊤∋≻⋈∈⊤∋≻⋈∈⊤∋≻⋈∈⊤∋≻⋈∈⊥∋≻⋈∈⊤∋≻⋈∈⊥∋≻⋈∈⊤∋≻⋈∈⊤∋≻⋈∈⊤∋≻⋈∈⊥∋⊙⊡⊣
⊢≻⋈∈⊥∋≻⋈∈⊥∋≻⋈∈⊤∋≻⋈∈⊤∋≻⋈∈⊥∋⊙⊡⊣
⊢≻⋈∈⊤∋≻⋈∈⊤∋≻⋈∈⊥∋≻⋈∈⊥∋≻⋈∈⊥∋≻⋈∈⊥∋≻⋈∈⊥∋≻⋈∈⊥∋≻⋈∈⊥∋≻⋈∈⊥∋⊙⊡⊣
⊢≻⋈∈⊤∋≻⋈∈⊤∋≻⋈∈⊥∋≻⋈∈⊤∋≻⋈∈⊤∋≻⋈∈⊤∋≻⋈∈⊤∋≻⋈∈⊤∋≻⋈∈⊤∋≻⋈∈⊤∋≻⋈∈⊥∋⊙⊡⊣
⊢≻⋈∈⊥∋≻⋈∈⊤∋≻⋈∈⊤∋≻⋈∈⊥∋≻⋈∈⊥∋⊙⊡⊣
⊢≻⋈∈⊤∋≻⋈∈⊥∋≻⋈∈⊤∋≻⋈∈⊥∋≻⋈∈⊤∋≻⋈∈⊥∋≻⋈∈⊤∋≻⋈∈⊤∋≻⋈∈⊤∋≻⋈∈⊤∋≻⋈∈⊤∋≻⋈∈⊥∋≻⋈∈⊥∋≻⋈∈⊤∋≻⋈∈⊥∋≻⋈∈⊤∋≻⋈∈⊤∋≻⋈∈⊥∋⊙⊡⊣
⊢≻⋈∈⊤∋≻⋈∈⊤∋≻⋈∈⊥∋≻⋈∈⊤∋≻⋈∈⊥∋⊙⊡⊣
⊢≻⋈∈⊤∋≻⋈∈⊤∋≻⋈∈⊥∋≻⋈∈⊥∋≻⋈∈⊥∋≻⋈∈⊥∋≻⋈∈⊥∋≻⋈∈⊥∋≻⋈∈⊥∋≻⋈∈⊥∋⊙⊡⊣
⊢≻⋈∈⊥∋≻⋈∈⊤∋≻⋈∈⊥∋≻⋈∈⊤∋≻⋈∈⊤∋≻⋈∈⊤∋≻⋈∈⊤∋≻⋈∈⊤∋≻⋈∈⊤∋≻⋈∈⊤∋≻⋈∈⊥∋⊙⊡⊣
⊢≻⋈∈⊥∋≻⋈∈⊥∋≻⋈∈⊤∋≻⋈∈⊥∋≻⋈∈⊥∋⊙⊡⊣
⊢≻⋈∈⊥∋≻⋈∈⊤∋≻⋈∈⊥∋≻⋈∈⊥∋≻⋈∈⊤∋≻⋈∈⊥∋≻⋈∈⊤∋≻⋈∈⊤∋≻⋈∈⊤∋≻⋈∈⊤∋≻⋈∈⊤∋≻⋈∈⊥∋≻⋈∈⊤∋≻⋈∈⊤∋≻⋈∈⊤∋≻⋈∈⊥∋≻⋈∈⊤∋≻⋈∈⊥∋⊙⊡⊣
⊢≻⋈∈⊥∋≻⋈∈⊤∋≻⋈∈⊥∋≻⋈∈⊤∋≻⋈∈⊥∋⊙⊡⊣
⊢≻⋈∈⊥∋≻⋈∈⊥∋≻⋈∈⊥∋⊙⊡⊣
⊢≻⋈∈⊥∋≻⋈∈⊤∋≻⋈∈⊤∋≻⋈∈⊥∋≻⋈∈⊥∋≻⋈∈⊥∋≻⋈∈⊥∋≻⋈∈⊥∋≻⋈∈⊥∋≻⋈∈⊥∋≻⋈∈⊥∋⊙⊡⊣
⊢≻⋈∈⊥∋≻⋈∈⊤∋≻⋈∈⊥∋≻⋈∈⊥∋≻⋈∈⊥∋⊙⊡⊣
⊢≻⋈∈⊤∋≻⋈∈⊤∋≻⋈∈⊤∋≻⋈∈⊤∋≻⋈∈⊥∋≻⋈∈⊥∋≻⋈∈⊤∋≻⋈∈⊤∋≻⋈∈⊤∋≻⋈∈⊤∋≻⋈∈⊤∋≻⋈∈⊥∋≻⋈∈⊥∋≻⋈∈⊥∋≻⋈∈⊤∋≻⋈∈⊥∋≻⋈∈⊤∋≻⋈∈⊥∋⊙⊡⊣
⊢≻⋈∈⊤∋≻⋈∈⊥∋≻⋈∈⊥∋≻⋈∈⊤∋≻⋈∈⊥∋⊙⊡⊣
⊢≻⋈∈⊥∋≻⋈∈⊥∋≻⋈∈⊥∋⊙⊡⊣
⊢≻⋈∈⊤∋≻⋈∈⊥∋≻⋈∈⊤∋≻⋈∈⊥∋≻⋈∈⊥∋≻⋈∈⊥∋≻⋈∈⊥∋≻⋈∈⊥∋≻⋈∈⊥∋≻⋈∈⊥∋≻⋈∈⊥∋⊙⊡⊣
⊢≻⋈∈⊥∋≻⋈∈⊥∋≻⋈∈⊥∋≻⋈∈⊥∋≻⋈∈⊥∋⊙⊡⊣
⊢≻⋈∈⊥∋≻⋈∈⊥∋≻⋈∈⊤∋≻⋈∈⊤∋≻⋈∈⊥∋≻⋈∈⊥∋≻⋈∈⊤∋≻⋈∈⊤∋≻⋈∈⊤∋≻⋈∈⊤∋≻⋈∈⊤∋≻⋈∈⊥∋≻⋈∈⊤∋≻⋈∈⊥∋≻⋈∈⊥∋≻⋈∈⊥∋≻⋈∈⊤∋≻⋈∈⊥∋⊙⊡⊣
⊢≻⋈∈⊥∋≻⋈∈⊥∋≻⋈∈⊥∋≻⋈∈⊤∋≻⋈∈⊥∋⊙⊡⊣
⊢≻⋈∈⊥∋≻⋈∈⊥∋≻⋈∈⊤∋≻⋈∈⊥∋≻⋈∈⊥∋≻⋈∈⊥∋≻⋈∈⊥∋≻⋈∈⊥∋≻⋈∈⊥∋≻⋈∈⊥∋⊙⊡⊣
⊢≻⋈∈⊥∋≻⋈∈⊤∋≻⋈∈⊥∋≻⋈∈⊤∋≻⋈∈⊤∋≻⋈∈⊤∋≻⋈∈⊤∋≻⋈∈⊤∋≻⋈∈⊤∋≻⋈∈⊤∋≻⋈∈⊥∋⊙⊡⊣
⊢≻⋈∈⊥∋≻⋈∈⊤∋≻⋈∈⊤∋≻⋈∈⊤∋≻⋈∈⊤∋≻⋈∈⊥∋⊙⊡⊣
⊢≻⋈∈⊤∋≻⋈∈⊥∋≻⋈∈⊥∋≻⋈∈⊤∋≻⋈∈⊥∋≻⋈∈⊥∋≻⋈∈⊤∋≻⋈∈⊤∋≻⋈∈⊤∋≻⋈∈⊤∋≻⋈∈⊤∋≻⋈∈⊥∋≻⋈∈⊥∋≻⋈∈⊤∋≻⋈∈⊤∋≻⋈∈⊤∋≻⋈∈⊥∋≻⋈∈⊥∋⊙⊡⊣
⊢≻⋈∈⊤∋≻⋈∈⊤∋≻⋈∈⊤∋≻⋈∈⊥∋≻⋈∈⊥∋⊙⊡⊣
⊢≻⋈∈⊥∋≻⋈∈⊥∋≻⋈∈⊤∋≻⋈∈⊥∋≻⋈∈⊥∋≻⋈∈⊥∋≻⋈∈⊥∋≻⋈∈⊥∋≻⋈∈⊥∋≻⋈∈⊥∋⊙⊡⊣
⊢≻⋈∈⊤∋≻⋈∈⊥∋≻⋈∈⊥∋≻⋈∈⊤∋≻⋈∈⊤∋≻⋈∈⊤∋≻⋈∈⊤∋≻⋈∈⊤∋≻⋈∈⊤∋≻⋈∈⊤∋≻⋈∈⊥∋⊙⊡⊣
⊢≻⋈∈⊥∋≻⋈∈⊥∋≻⋈∈⊤∋≻⋈∈⊤∋≻⋈∈⊤∋≻⋈∈⊥∋⊙⊡⊣
⊢≻⋈∈⊥∋≻⋈∈⊤∋≻⋈∈⊤∋≻⋈∈⊥∋≻⋈∈⊥∋≻⋈∈⊥∋≻⋈∈⊤∋≻⋈∈⊤∋≻⋈∈⊤∋≻⋈∈⊤∋≻⋈∈⊤∋≻⋈∈⊥∋≻⋈∈⊤∋≻⋈∈⊤∋≻⋈∈⊥∋≻⋈∈⊤∋≻⋈∈⊥∋≻⋈∈⊥∋⊙⊡⊣
⊢≻⋈∈⊥∋≻⋈∈⊤∋≻⋈∈⊤∋≻⋈∈⊥∋≻⋈∈⊥∋⊙⊡⊣
⊢≻⋈∈⊤∋≻⋈∈⊤∋≻⋈∈⊤∋≻⋈∈⊥∋⊙⊡⊣
⊢≻⋈∈⊤∋≻⋈∈⊤∋≻⋈∈⊤∋≻⋈∈⊥∋≻⋈∈⊥∋≻⋈∈⊥∋≻⋈∈⊥∋≻⋈∈⊥∋≻⋈∈⊥∋≻⋈∈⊥∋≻⋈∈⊥∋⊙⊡⊣
⊢≻⋈∈⊥∋≻⋈∈⊤∋≻⋈∈⊥∋≻⋈∈⊤∋≻⋈∈⊤∋≻⋈∈⊥∋⊙⊡⊣
⊢≻⋈∈⊤∋≻⋈∈⊤∋≻⋈∈⊥∋≻⋈∈⊥∋≻⋈∈⊥∋≻⋈∈⊥∋≻⋈∈⊤∋≻⋈∈⊤∋≻⋈∈⊤∋≻⋈∈⊤∋≻⋈∈⊤∋≻⋈∈⊥∋≻⋈∈⊥∋≻⋈∈⊥∋≻⋈∈⊥∋≻⋈∈⊤∋≻⋈∈⊥∋≻⋈∈⊥∋⊙⊡⊣
⊢≻⋈∈⊤∋≻⋈∈⊥∋≻⋈∈⊤∋≻⋈∈⊥∋≻⋈∈⊥∋⊙⊡⊣
⊢≻⋈∈⊤∋≻⋈∈⊤∋≻⋈∈⊤∋≻⋈∈⊥∋⊙⊡⊣
⊢≻⋈∈⊥∋≻⋈∈⊤∋≻⋈∈⊤∋≻⋈∈⊥∋≻⋈∈⊥∋≻⋈∈⊥∋≻⋈∈⊥∋≻⋈∈⊥∋≻⋈∈⊥∋≻⋈∈⊥∋≻⋈∈⊥∋⊙⊡⊣
⊢≻⋈∈⊥∋≻⋈∈⊥∋≻⋈∈⊥∋≻⋈∈⊤∋≻⋈∈⊤∋≻⋈∈⊥∋⊙⊡⊣
⊢≻⋈∈⊥∋≻⋈∈⊥∋≻⋈∈⊥∋≻⋈∈⊥∋≻⋈∈⊥∋≻⋈∈⊥∋≻⋈∈⊤∋≻⋈∈⊤∋≻⋈∈⊤∋≻⋈∈⊤∋≻⋈∈⊤∋≻⋈∈⊥∋≻⋈∈⊤∋≻⋈∈⊥∋≻⋈∈⊤∋≻⋈∈⊥∋≻⋈∈⊥∋≻⋈∈⊥∋⊙⊡⊣
⊢≻⋈∈⊥∋≻⋈∈⊥∋≻⋈∈⊤∋≻⋈∈⊥∋≻⋈∈⊥∋⊙⊡⊣
⊢≻⋈∈⊤∋≻⋈∈⊥∋≻⋈∈⊤∋≻⋈∈⊥∋≻⋈∈⊥∋≻⋈∈⊥∋≻⋈∈⊥∋≻⋈∈⊥∋≻⋈∈⊥∋≻⋈∈⊥∋⊙⊡⊣
⊢≻⋈∈⊤∋≻⋈∈⊥∋≻⋈∈⊥∋≻⋈∈⊤∋≻⋈∈⊤∋≻⋈∈⊤∋≻⋈∈⊤∋≻⋈∈⊤∋≻⋈∈⊤∋≻⋈∈⊤∋≻⋈∈⊥∋⊙⊡⊣
⊢≻⋈∈⊥∋≻⋈∈⊤∋≻⋈∈⊤∋≻⋈∈⊥∋≻⋈∈⊤∋≻⋈∈⊥∋⊙⊡⊣
⊢≻⋈∈⊤∋≻⋈∈⊥∋≻⋈∈⊤∋≻⋈∈⊤∋≻⋈∈⊤∋≻⋈∈⊤∋≻⋈∈⊥∋≻⋈∈⊤∋≻⋈∈⊤∋≻⋈∈⊤∋≻⋈∈⊤∋≻⋈∈⊥∋≻⋈∈⊥∋≻⋈∈⊤∋≻⋈∈⊥∋≻⋈∈⊥∋≻⋈∈⊥∋≻⋈∈⊥∋⊙⊡⊣
⊢≻⋈∈⊤∋≻⋈∈⊤∋≻⋈∈⊥∋≻⋈∈⊥∋≻⋈∈⊥∋⊙⊡⊣
⊢≻⋈∈⊤∋≻⋈∈⊥∋≻⋈∈⊤∋≻⋈∈⊥∋≻⋈∈⊥∋≻⋈∈⊥∋≻⋈∈⊥∋≻⋈∈⊥∋≻⋈∈⊥∋≻⋈∈⊥∋⊙⊡⊣
⊢≻⋈∈⊥∋≻⋈∈⊥∋≻⋈∈⊥∋≻⋈∈⊤∋≻⋈∈⊤∋≻⋈∈⊤∋≻⋈∈⊤∋≻⋈∈⊤∋≻⋈∈⊤∋≻⋈∈⊤∋≻⋈∈⊥∋⊙⊡⊣
⊢≻⋈∈⊥∋≻⋈∈⊥∋≻⋈∈⊤∋≻⋈∈⊥∋≻⋈∈⊤∋≻⋈∈⊥∋⊙⊡⊣
⊢≻⋈∈⊥∋≻⋈∈⊤∋≻⋈∈⊥∋≻⋈∈⊤∋≻⋈∈⊤∋≻⋈∈⊤∋≻⋈∈⊥∋≻⋈∈⊤∋≻⋈∈⊤∋≻⋈∈⊤∋≻⋈∈⊤∋≻⋈∈⊥∋≻⋈∈⊤∋≻⋈∈⊤∋≻⋈∈⊤∋≻⋈∈⊤∋≻⋈∈⊤∋≻⋈∈⊤∋≻⋈∈⊥∋⊙⊡⊣
⊢≻⋈∈⊥∋≻⋈∈⊤∋≻⋈∈⊥∋≻⋈∈⊥∋≻⋈∈⊥∋⊙⊡⊣
⊢≻⋈∈⊥∋≻⋈∈⊤∋≻⋈∈⊤∋≻⋈∈⊥∋⊙⊡⊣
⊢≻⋈∈⊥∋≻⋈∈⊥∋≻⋈∈⊥∋≻⋈∈⊤∋≻⋈∈⊥∋≻⋈∈⊥∋≻⋈∈⊥∋≻⋈∈⊥∋≻⋈∈⊥∋≻⋈∈⊥∋≻⋈∈⊥∋⊙⊡⊣
⊢≻⋈∈⊥∋≻⋈∈⊤∋≻⋈∈⊥∋≻⋈∈⊥∋≻⋈∈⊤∋≻⋈∈⊥∋⊙⊡⊣
⊢≻⋈∈⊤∋≻⋈∈⊤∋≻⋈∈⊤∋≻⋈∈⊥∋≻⋈∈⊤∋≻⋈∈⊤∋≻⋈∈⊥∋≻⋈∈⊤∋≻⋈∈⊤∋≻⋈∈⊤∋≻⋈∈⊤∋≻⋈∈⊥∋≻⋈∈⊥∋≻⋈∈⊥∋≻⋈∈⊤∋≻⋈∈⊤∋≻⋈∈⊤∋≻⋈∈⊤∋≻⋈∈⊥∋⊙⊡⊣
⊢≻⋈∈⊤∋≻⋈∈⊥∋≻⋈∈⊥∋≻⋈∈⊥∋≻⋈∈⊥∋⊙⊡⊣
⊢≻⋈∈⊥∋≻⋈∈⊤∋≻⋈∈⊤∋≻⋈∈⊥∋⊙⊡⊣
⊢≻⋈∈⊤∋≻⋈∈⊤∋≻⋈∈⊤∋≻⋈∈⊥∋≻⋈∈⊥∋≻⋈∈⊥∋≻⋈∈⊥∋≻⋈∈⊥∋≻⋈∈⊥∋≻⋈∈⊥∋≻⋈∈⊥∋⊙⊡⊣
⊢≻⋈∈⊥∋≻⋈∈⊥∋≻⋈∈⊥∋≻⋈∈⊥∋≻⋈∈⊤∋≻⋈∈⊥∋⊙⊡⊣
⊢≻⋈∈⊥∋≻⋈∈⊥∋≻⋈∈⊤∋≻⋈∈⊥∋≻⋈∈⊤∋≻⋈∈⊤∋≻⋈∈⊥∋≻⋈∈⊤∋≻⋈∈⊤∋≻⋈∈⊤∋≻⋈∈⊤∋≻⋈∈⊥∋≻⋈∈⊤∋≻⋈∈⊥∋≻⋈∈⊥∋≻⋈∈⊤∋≻⋈∈⊤∋≻⋈∈⊤∋≻⋈∈⊥∋⊙⊡⊣
⊢≻⋈∈⊥∋≻⋈∈⊥∋≻⋈∈⊥∋≻⋈∈⊥∋≻⋈∈⊥∋⊙⊡⊣
⊢≻⋈∈⊥∋≻⋈∈⊤∋≻⋈∈⊤∋≻⋈∈⊥∋≻⋈∈⊥∋≻⋈∈⊥∋≻⋈∈⊥∋≻⋈∈⊥∋≻⋈∈⊥∋≻⋈∈⊥∋⊙⊡⊣
⊢≻⋈∈⊥∋≻⋈∈⊥∋≻⋈∈⊥∋≻⋈∈⊤∋≻⋈∈⊤∋≻⋈∈⊤∋≻⋈∈⊤∋≻⋈∈⊤∋≻⋈∈⊤∋≻⋈∈⊤∋≻⋈∈⊥∋⊙⊡⊣
⊢≻⋈∈⊥∋≻⋈∈⊤∋≻⋈∈⊤∋≻⋈∈⊤∋≻⋈∈⊥∋≻⋈∈⊥∋⊙⊡⊣
⊢≻⋈∈⊤∋≻⋈∈⊥∋≻⋈∈⊥∋≻⋈∈⊥∋≻⋈∈⊤∋≻⋈∈⊤∋≻⋈∈⊥∋≻⋈∈⊤∋≻⋈∈⊤∋≻⋈∈⊤∋≻⋈∈⊤∋≻⋈∈⊥∋≻⋈∈⊥∋≻⋈∈⊤∋≻⋈∈⊤∋≻⋈∈⊥∋≻⋈∈⊤∋≻⋈∈⊤∋≻⋈∈⊥∋⊙⊡⊣
⊢≻⋈∈⊤∋≻⋈∈⊤∋≻⋈∈⊤∋≻⋈∈⊤∋≻⋈∈⊤∋≻⋈∈⊥∋⊙⊡⊣
⊢≻⋈∈⊥∋≻⋈∈⊤∋≻⋈∈⊤∋≻⋈∈⊥∋≻⋈∈⊥∋≻⋈∈⊥∋≻⋈∈⊥∋≻⋈∈⊥∋≻⋈∈⊥∋≻⋈∈⊥∋⊙⊡⊣
⊢≻⋈∈⊤∋≻⋈∈⊤∋≻⋈∈⊤∋≻⋈∈⊥∋≻⋈∈⊤∋≻⋈∈⊤∋≻⋈∈⊤∋≻⋈∈⊤∋≻⋈∈⊤∋≻⋈∈⊤∋≻⋈∈⊥∋⊙⊡⊣
⊢≻⋈∈⊥∋≻⋈∈⊥∋≻⋈∈⊤∋≻⋈∈⊤∋≻⋈∈⊥∋≻⋈∈⊥∋⊙⊡⊣
⊢≻⋈∈⊥∋≻⋈∈⊤∋≻⋈∈⊤∋≻⋈∈⊤∋≻⋈∈⊥∋≻⋈∈⊤∋≻⋈∈⊥∋≻⋈∈⊤∋≻⋈∈⊤∋≻⋈∈⊤∋≻⋈∈⊤∋≻⋈∈⊥∋≻⋈∈⊤∋≻⋈∈⊤∋≻⋈∈⊥∋≻⋈∈⊥∋≻⋈∈⊤∋≻⋈∈⊤∋≻⋈∈⊥∋⊙⊡⊣
⊢≻⋈∈⊥∋≻⋈∈⊤∋≻⋈∈⊤∋≻⋈∈⊤∋≻⋈∈⊤∋≻⋈∈⊥∋⊙⊡⊣
⊢≻⋈∈⊤∋≻⋈∈⊥∋≻⋈∈⊤∋≻⋈∈⊥∋⊙⊡⊣
⊢≻⋈∈⊤∋≻⋈∈⊥∋≻⋈∈⊥∋≻⋈∈⊤∋≻⋈∈⊥∋≻⋈∈⊥∋≻⋈∈⊥∋≻⋈∈⊥∋≻⋈∈⊥∋≻⋈∈⊥∋≻⋈∈⊥∋⊙⊡⊣
⊢≻⋈∈⊥∋≻⋈∈⊤∋≻⋈∈⊥∋≻⋈∈⊤∋≻⋈∈⊥∋≻⋈∈⊥∋⊙⊡⊣
⊢≻⋈∈⊤∋≻⋈∈⊤∋≻⋈∈⊥∋≻⋈∈⊤∋≻⋈∈⊥∋≻⋈∈⊤∋≻⋈∈⊥∋≻⋈∈⊤∋≻⋈∈⊤∋≻⋈∈⊤∋≻⋈∈⊤∋≻⋈∈⊥∋≻⋈∈⊥∋≻⋈∈⊥∋≻⋈∈⊥∋≻⋈∈⊥∋≻⋈∈⊤∋≻⋈∈⊤∋≻⋈∈⊥∋⊙⊡⊣
⊢≻⋈∈⊤∋≻⋈∈⊥∋≻⋈∈⊤∋≻⋈∈⊤∋≻⋈∈⊤∋≻⋈∈⊥∋⊙⊡⊣
⊢≻⋈∈⊤∋≻⋈∈⊥∋≻⋈∈⊤∋≻⋈∈⊥∋⊙⊡⊣
⊢≻⋈∈⊥∋≻⋈∈⊥∋≻⋈∈⊥∋≻⋈∈⊤∋≻⋈∈⊥∋≻⋈∈⊥∋≻⋈∈⊥∋≻⋈∈⊥∋≻⋈∈⊥∋≻⋈∈⊥∋≻⋈∈⊥∋⊙⊡⊣
⊢≻⋈∈⊥∋≻⋈∈⊥∋≻⋈∈⊥∋≻⋈∈⊤∋≻⋈∈⊥∋≻⋈∈⊥∋⊙⊡⊣
⊢≻⋈∈⊥∋≻⋈∈⊥∋≻⋈∈⊥∋≻⋈∈⊤∋≻⋈∈⊥∋≻⋈∈⊤∋≻⋈∈⊥∋≻⋈∈⊤∋≻⋈∈⊤∋≻⋈∈⊤∋≻⋈∈⊤∋≻⋈∈⊥∋≻⋈∈⊤∋≻⋈∈⊥∋≻⋈∈⊤∋≻⋈∈⊤∋≻⋈∈⊥∋≻⋈∈⊤∋≻⋈∈⊥∋⊙⊡⊣
⊢≻⋈∈⊥∋≻⋈∈⊥∋≻⋈∈⊤∋≻⋈∈⊤∋≻⋈∈⊤∋≻⋈∈⊥∋⊙⊡⊣
⊢≻⋈∈⊤∋≻⋈∈⊤∋≻⋈∈⊤∋≻⋈∈⊥∋≻⋈∈⊥∋≻⋈∈⊥∋≻⋈∈⊥∋≻⋈∈⊥∋≻⋈∈⊥∋≻⋈∈⊥∋⊙⊡⊣
⊢≻⋈∈⊤∋≻⋈∈⊤∋≻⋈∈⊤∋≻⋈∈⊥∋≻⋈∈⊤∋≻⋈∈⊤∋≻⋈∈⊤∋≻⋈∈⊤∋≻⋈∈⊤∋≻⋈∈⊤∋≻⋈∈⊥∋⊙⊡⊣
⊢≻⋈∈⊥∋≻⋈∈⊤∋≻⋈∈⊤∋≻⋈∈⊥∋≻⋈∈⊥∋≻⋈∈⊥∋⊙⊡⊣
⊢≻⋈∈⊤∋≻⋈∈⊥∋≻⋈∈⊤∋≻⋈∈⊥∋≻⋈∈⊥∋≻⋈∈⊤∋≻⋈∈⊥∋≻⋈∈⊤∋≻⋈∈⊤∋≻⋈∈⊤∋≻⋈∈⊤∋≻⋈∈⊥∋≻⋈∈⊥∋≻⋈∈⊤∋≻⋈∈⊥∋≻⋈∈⊤∋≻⋈∈⊥∋≻⋈∈⊤∋≻⋈∈⊥∋⊙⊡⊣
⊢≻⋈∈⊤∋≻⋈∈⊤∋≻⋈∈⊥∋≻⋈∈⊤∋≻⋈∈⊤∋≻⋈∈⊥∋⊙⊡⊣
⊢≻⋈∈⊤∋≻⋈∈⊤∋≻⋈∈⊤∋≻⋈∈⊥∋≻⋈∈⊥∋≻⋈∈⊥∋≻⋈∈⊥∋≻⋈∈⊥∋≻⋈∈⊥∋≻⋈∈⊥∋⊙⊡⊣
⊢≻⋈∈⊥∋≻⋈∈⊤∋≻⋈∈⊤∋≻⋈∈⊥∋≻⋈∈⊤∋≻⋈∈⊤∋≻⋈∈⊤∋≻⋈∈⊤∋≻⋈∈⊤∋≻⋈∈⊤∋≻⋈∈⊥∋⊙⊡⊣
⊢≻⋈∈⊥∋≻⋈∈⊥∋≻⋈∈⊤∋≻⋈∈⊥∋≻⋈∈⊥∋≻⋈∈⊥∋⊙⊡⊣
⊢≻⋈∈⊥∋≻⋈∈⊤∋≻⋈∈⊥∋≻⋈∈⊥∋≻⋈∈⊥∋≻⋈∈⊤∋≻⋈∈⊥∋≻⋈∈⊤∋≻⋈∈⊤∋≻⋈∈⊤∋≻⋈∈⊤∋≻⋈∈⊥∋≻⋈∈⊤∋≻⋈∈⊤∋≻⋈∈⊤∋≻⋈∈⊥∋≻⋈∈⊥∋≻⋈∈⊤∋≻⋈∈⊥∋⊙⊡⊣
⊢≻⋈∈⊥∋≻⋈∈⊤∋≻⋈∈⊥∋≻⋈∈⊤∋≻⋈∈⊤∋≻⋈∈⊥∋⊙⊡⊣
⊢≻⋈∈⊥∋≻⋈∈⊥∋≻⋈∈⊤∋≻⋈∈⊥∋⊙⊡⊣
⊢≻⋈∈⊥∋≻⋈∈⊤∋≻⋈∈⊥∋≻⋈∈⊤∋≻⋈∈⊥∋≻⋈∈⊥∋≻⋈∈⊥∋≻⋈∈⊥∋≻⋈∈⊥∋≻⋈∈⊥∋≻⋈∈⊥∋⊙⊡⊣
⊢≻⋈∈⊥∋≻⋈∈⊤∋≻⋈∈⊥∋≻⋈∈⊥∋≻⋈∈⊥∋≻⋈∈⊥∋⊙⊡⊣
⊢≻⋈∈⊤∋≻⋈∈⊤∋≻⋈∈⊤∋≻⋈∈⊤∋≻⋈∈⊤∋≻⋈∈⊥∋≻⋈∈⊥∋≻⋈∈⊤∋≻⋈∈⊤∋≻⋈∈⊤∋≻⋈∈⊤∋≻⋈∈⊥∋≻⋈∈⊥∋≻⋈∈⊥∋≻⋈∈⊤∋≻⋈∈⊥∋≻⋈∈⊥∋≻⋈∈⊤∋≻⋈∈⊥∋⊙⊡⊣
⊢≻⋈∈⊤∋≻⋈∈⊥∋≻⋈∈⊥∋≻⋈∈⊤∋≻⋈∈⊤∋≻⋈∈⊥∋⊙⊡⊣
⊢≻⋈∈⊥∋≻⋈∈⊥∋≻⋈∈⊤∋≻⋈∈⊥∋⊙⊡⊣
⊢≻⋈∈⊤∋≻⋈∈⊥∋≻⋈∈⊥∋≻⋈∈⊤∋≻⋈∈⊥∋≻⋈∈⊥∋≻⋈∈⊥∋≻⋈∈⊥∋≻⋈∈⊥∋≻⋈∈⊥∋≻⋈∈⊥∋⊙⊡⊣
⊢≻⋈∈⊥∋≻⋈∈⊥∋≻⋈∈⊥∋≻⋈∈⊥∋≻⋈∈⊥∋≻⋈∈⊥∋⊙⊡⊣
⊢≻⋈∈⊥∋≻⋈∈⊥∋≻⋈∈⊤∋≻⋈∈⊤∋≻⋈∈⊤∋≻⋈∈⊥∋≻⋈∈⊥∋≻⋈∈⊤∋≻⋈∈⊤∋≻⋈∈⊤∋≻⋈∈⊤∋≻⋈∈⊥∋≻⋈∈⊤∋≻⋈∈⊥∋≻⋈∈⊥∋≻⋈∈⊥∋≻⋈∈⊥∋≻⋈∈⊤∋≻⋈∈⊥∋⊙⊡⊣
⊢≻⋈∈⊥∋≻⋈∈⊥∋≻⋈∈⊥∋≻⋈∈⊤∋≻⋈∈⊤∋≻⋈∈⊥∋⊙⊡⊣
⊢≻⋈∈⊥∋≻⋈∈⊥∋≻⋈∈⊥∋≻⋈∈⊤∋≻⋈∈⊥∋≻⋈∈⊥∋≻⋈∈⊥∋≻⋈∈⊥∋≻⋈∈⊥∋≻⋈∈⊥∋⊙⊡⊣
⊢≻⋈∈⊥∋≻⋈∈⊤∋≻⋈∈⊤∋≻⋈∈⊥∋≻⋈∈⊤∋≻⋈∈⊤∋≻⋈∈⊤∋≻⋈∈⊤∋≻⋈∈⊤∋≻⋈∈⊤∋≻⋈∈⊥∋⊙⊡⊣
⊢≻⋈∈⊥∋≻⋈∈⊤∋≻⋈∈⊤∋≻⋈∈⊤∋≻⋈∈⊤∋≻⋈∈⊤∋≻⋈∈⊥∋⊙⊡⊣
⊢≻⋈∈⊤∋≻⋈∈⊥∋≻⋈∈⊥∋≻⋈∈⊤∋≻⋈∈⊤∋≻⋈∈⊥∋≻⋈∈⊥∋≻⋈∈⊤∋≻⋈∈⊤∋≻⋈∈⊤∋≻⋈∈⊤∋≻⋈∈⊥∋≻⋈∈⊥∋≻⋈∈⊤∋≻⋈∈⊤∋≻⋈∈⊤∋≻⋈∈⊤∋≻⋈∈⊥∋≻⋈∈⊥∋⊙⊡⊣
⊢≻⋈∈⊤∋≻⋈∈⊤∋≻⋈∈⊤∋≻⋈∈⊥∋≻⋈∈⊤∋≻⋈∈⊥∋⊙⊡⊣
⊢≻⋈∈⊥∋≻⋈∈⊥∋≻⋈∈⊥∋≻⋈∈⊤∋≻⋈∈⊥∋≻⋈∈⊥∋≻⋈∈⊥∋≻⋈∈⊥∋≻⋈∈⊥∋≻⋈∈⊥∋⊙⊡⊣
⊢≻⋈∈⊤∋≻⋈∈⊥∋≻⋈∈⊤∋≻⋈∈⊥∋≻⋈∈⊤∋≻⋈∈⊤∋≻⋈∈⊤∋≻⋈∈⊤∋≻⋈∈⊤∋≻⋈∈⊤∋≻⋈∈⊥∋⊙⊡⊣
⊢≻⋈∈⊥∋≻⋈∈⊥∋≻⋈∈⊤∋≻⋈∈⊤∋≻⋈∈⊤∋≻⋈∈⊤∋≻⋈∈⊥∋⊙⊡⊣
⊢≻⋈∈⊥∋≻⋈∈⊤∋≻⋈∈⊤∋≻⋈∈⊥∋≻⋈∈⊤∋≻⋈∈⊥∋≻⋈∈⊥∋≻⋈∈⊤∋≻⋈∈⊤∋≻⋈∈⊤∋≻⋈∈⊤∋≻⋈∈⊥∋≻⋈∈⊤∋≻⋈∈⊤∋≻⋈∈⊥∋≻⋈∈⊤∋≻⋈∈⊤∋≻⋈∈⊥∋≻⋈∈⊥∋⊙⊡⊣
⊢≻⋈∈⊥∋≻⋈∈⊤∋≻⋈∈⊤∋≻⋈∈⊥∋≻⋈∈⊤∋≻⋈∈⊥∋⊙⊡⊣
⊢≻⋈∈⊤∋≻⋈∈⊤∋≻⋈∈⊥∋≻⋈∈⊥∋⊙⊡⊣
⊢≻⋈∈⊤∋≻⋈∈⊤∋≻⋈∈⊥∋≻⋈∈⊤∋≻⋈∈⊥∋≻⋈∈⊥∋≻⋈∈⊥∋≻⋈∈⊥∋≻⋈∈⊥∋≻⋈∈⊥∋≻⋈∈⊥∋⊙⊡⊣
⊢≻⋈∈⊥∋≻⋈∈⊤∋≻⋈∈⊥∋≻⋈∈⊤∋≻⋈∈⊤∋≻⋈∈⊤∋≻⋈∈⊥∋⊙⊡⊣
⊢≻⋈∈⊤∋≻⋈∈⊤∋≻⋈∈⊥∋≻⋈∈⊥∋≻⋈∈⊤∋≻⋈∈⊥∋≻⋈∈⊥∋≻⋈∈⊤∋≻⋈∈⊤∋≻⋈∈⊤∋≻⋈∈⊤∋≻⋈∈⊥∋≻⋈∈⊥∋≻⋈∈⊥∋≻⋈∈⊥∋≻⋈∈⊤∋≻⋈∈⊤∋≻⋈∈⊥∋≻⋈∈⊥∋⊙⊡⊣
⊢≻⋈∈⊤∋≻⋈∈⊥∋≻⋈∈⊤∋≻⋈∈⊥∋≻⋈∈⊤∋≻⋈∈⊥∋⊙⊡⊣
⊢≻⋈∈⊤∋≻⋈∈⊤∋≻⋈∈⊥∋≻⋈∈⊥∋⊙⊡⊣
⊢≻⋈∈⊥∋≻⋈∈⊤∋≻⋈∈⊥∋≻⋈∈⊤∋≻⋈∈⊥∋≻⋈∈⊥∋≻⋈∈⊥∋≻⋈∈⊥∋≻⋈∈⊥∋≻⋈∈⊥∋≻⋈∈⊥∋⊙⊡⊣
⊢≻⋈∈⊥∋≻⋈∈⊥∋≻⋈∈⊥∋≻⋈∈⊤∋≻⋈∈⊤∋≻⋈∈⊤∋≻⋈∈⊥∋⊙⊡⊣
⊢≻⋈∈⊥∋≻⋈∈⊥∋≻⋈∈⊥∋≻⋈∈⊥∋≻⋈∈⊤∋≻⋈∈⊥∋≻⋈∈⊥∋≻⋈∈⊤∋≻⋈∈⊤∋≻⋈∈⊤∋≻⋈∈⊤∋≻⋈∈⊥∋≻⋈∈⊤∋≻⋈∈⊥∋≻⋈∈⊤∋≻⋈∈⊥∋≻⋈∈⊤∋≻⋈∈⊥∋≻⋈∈⊥∋⊙⊡⊣
⊢≻⋈∈⊥∋≻⋈∈⊥∋≻⋈∈⊤∋≻⋈∈⊥∋≻⋈∈⊤∋≻⋈∈⊥∋⊙⊡⊣
⊢≻⋈∈⊤∋≻⋈∈⊥∋≻⋈∈⊥∋≻⋈∈⊤∋≻⋈∈⊥∋≻⋈∈⊥∋≻⋈∈⊥∋≻⋈∈⊥∋≻⋈∈⊥∋≻⋈∈⊥∋⊙⊡⊣
⊢≻⋈∈⊤∋≻⋈∈⊥∋≻⋈∈⊤∋≻⋈∈⊥∋≻⋈∈⊤∋≻⋈∈⊤∋≻⋈∈⊤∋≻⋈∈⊤∋≻⋈∈⊤∋≻⋈∈⊤∋≻⋈∈⊥∋⊙⊡⊣
⊢≻⋈∈⊥∋≻⋈∈⊤∋≻⋈∈⊤∋≻⋈∈⊥∋≻⋈∈⊤∋≻⋈∈⊤∋≻⋈∈⊥∋⊙⊡⊣
⊢≻⋈∈⊤∋≻⋈∈⊥∋≻⋈∈⊤∋≻⋈∈⊤∋≻⋈∈⊥∋≻⋈∈⊥∋≻⋈∈⊥∋≻⋈∈⊤∋≻⋈∈⊤∋≻⋈∈⊤∋≻⋈∈⊤∋≻⋈∈⊥∋≻⋈∈⊥∋≻⋈∈⊤∋≻⋈∈⊥∋≻⋈∈⊥∋≻⋈∈⊤∋≻⋈∈⊥∋≻⋈∈⊥∋⊙⊡⊣
⊢≻⋈∈⊤∋≻⋈∈⊤∋≻⋈∈⊥∋≻⋈∈⊥∋≻⋈∈⊤∋≻⋈∈⊥∋⊙⊡⊣
⊢≻⋈∈⊤∋≻⋈∈⊥∋≻⋈∈⊥∋≻⋈∈⊤∋≻⋈∈⊥∋≻⋈∈⊥∋≻⋈∈⊥∋≻⋈∈⊥∋≻⋈∈⊥∋≻⋈∈⊥∋⊙⊡⊣
⊢≻⋈∈⊥∋≻⋈∈⊥∋≻⋈∈⊤∋≻⋈∈⊥∋≻⋈∈⊤∋≻⋈∈⊤∋≻⋈∈⊤∋≻⋈∈⊤∋≻⋈∈⊤∋≻⋈∈⊤∋≻⋈∈⊥∋⊙⊡⊣
⊢≻⋈∈⊥∋≻⋈∈⊥∋≻⋈∈⊤∋≻⋈∈⊥∋≻⋈∈⊤∋≻⋈∈⊤∋≻⋈∈⊥∋⊙⊡⊣
⊢≻⋈∈⊥∋≻⋈∈⊤∋≻⋈∈⊥∋≻⋈∈⊤∋≻⋈∈⊥∋≻⋈∈⊥∋≻⋈∈⊥∋≻⋈∈⊤∋≻⋈∈⊤∋≻⋈∈⊤∋≻⋈∈⊤∋≻⋈∈⊥∋≻⋈∈⊤∋≻⋈∈⊤∋≻⋈∈⊤∋≻⋈∈⊤∋≻⋈∈⊥∋≻⋈∈⊥∋≻⋈∈⊥∋⊙⊡⊣
⊢≻⋈∈⊥∋≻⋈∈⊤∋≻⋈∈⊥∋≻⋈∈⊥∋≻⋈∈⊤∋≻⋈∈⊥∋⊙⊡⊣
⊢≻⋈∈⊥∋≻⋈∈⊤∋≻⋈∈⊥∋≻⋈∈⊥∋⊙⊡⊣
⊢≻⋈∈⊥∋≻⋈∈⊥∋≻⋈∈⊤∋≻⋈∈⊤∋≻⋈∈⊥∋≻⋈∈⊥∋≻⋈∈⊥∋≻⋈∈⊥∋≻⋈∈⊥∋≻⋈∈⊥∋≻⋈∈⊥∋⊙⊡⊣
⊢≻⋈∈⊥∋≻⋈∈⊤∋≻⋈∈⊥∋≻⋈∈⊥∋≻⋈∈⊤∋≻⋈∈⊤∋≻⋈∈⊥∋⊙⊡⊣
⊢≻⋈∈⊤∋≻⋈∈⊤∋≻⋈∈⊤∋≻⋈∈⊥∋≻⋈∈⊥∋≻⋈∈⊥∋≻⋈∈⊥∋≻⋈∈⊤∋≻⋈∈⊤∋≻⋈∈⊤∋≻⋈∈⊤∋≻⋈∈⊥∋≻⋈∈⊥∋≻⋈∈⊥∋≻⋈∈⊤∋≻⋈∈⊤∋≻⋈∈⊥∋≻⋈∈⊥∋≻⋈∈⊥∋⊙⊡⊣
⊢≻⋈∈⊤∋≻⋈∈⊥∋≻⋈∈⊥∋≻⋈∈⊥∋≻⋈∈⊤∋≻⋈∈⊥∋⊙⊡⊣
⊢≻⋈∈⊥∋≻⋈∈⊤∋≻⋈∈⊥∋≻⋈∈⊥∋⊙⊡⊣
⊢≻⋈∈⊤∋≻⋈∈⊤∋≻⋈∈⊥∋≻⋈∈⊤∋≻⋈∈⊥∋≻⋈∈⊥∋≻⋈∈⊥∋≻⋈∈⊥∋≻⋈∈⊥∋≻⋈∈⊥∋≻⋈∈⊥∋⊙⊡⊣
⊢≻⋈∈⊥∋≻⋈∈⊥∋≻⋈∈⊥∋≻⋈∈⊥∋≻⋈∈⊤∋≻⋈∈⊤∋≻⋈∈⊥∋⊙⊡⊣
⊢≻⋈∈⊥∋≻⋈∈⊥∋≻⋈∈⊤∋≻⋈∈⊥∋≻⋈∈⊥∋≻⋈∈⊥∋≻⋈∈⊥∋≻⋈∈⊤∋≻⋈∈⊤∋≻⋈∈⊤∋≻⋈∈⊤∋≻⋈∈⊥∋≻⋈∈⊤∋≻⋈∈⊥∋≻⋈∈⊥∋≻⋈∈⊤∋≻⋈∈⊥∋≻⋈∈⊥∋≻⋈∈⊥∋⊙⊡⊣
⊢≻⋈∈⊥∋≻⋈∈⊥∋≻⋈∈⊥∋≻⋈∈⊥∋≻⋈∈⊤∋≻⋈∈⊥∋⊙⊡⊣
⊢≻⋈∈⊥∋≻⋈∈⊤∋≻⋈∈⊥∋≻⋈∈⊤∋≻⋈∈⊥∋≻⋈∈⊥∋≻⋈∈⊥∋≻⋈∈⊥∋≻⋈∈⊥∋≻⋈∈⊥∋⊙⊡⊣
⊢≻⋈∈⊥∋≻⋈∈⊥∋≻⋈∈⊤∋≻⋈∈⊥∋≻⋈∈⊤∋≻⋈∈⊤∋≻⋈∈⊤∋≻⋈∈⊤∋≻⋈∈⊤∋≻⋈∈⊤∋≻⋈∈⊥∋⊙⊡⊣
⊢≻⋈∈⊥∋≻⋈∈⊤∋≻⋈∈⊤∋≻⋈∈⊤∋≻⋈∈⊥∋≻⋈∈⊤∋≻⋈∈⊥∋⊙⊡⊣
⊢≻⋈∈⊤∋≻⋈∈⊥∋≻⋈∈⊥∋≻⋈∈⊥∋≻⋈∈⊥∋≻⋈∈⊥∋≻⋈∈⊥∋≻⋈∈⊤∋≻⋈∈⊤∋≻⋈∈⊤∋≻⋈∈⊤∋≻⋈∈⊥∋≻⋈∈⊥∋≻⋈∈⊤∋≻⋈∈⊤∋≻⋈∈⊥∋≻⋈∈⊥∋≻⋈∈⊥∋≻⋈∈⊥∋⊙⊡⊣
⊢≻⋈∈⊤∋≻⋈∈⊤∋≻⋈∈⊤∋≻⋈∈⊤∋≻⋈∈⊥∋≻⋈∈⊥∋⊙⊡⊣
⊢≻⋈∈⊥∋≻⋈∈⊤∋≻⋈∈⊥∋≻⋈∈⊤∋≻⋈∈⊥∋≻⋈∈⊥∋≻⋈∈⊥∋≻⋈∈⊥∋≻⋈∈⊥∋≻⋈∈⊥∋⊙⊡⊣
⊢≻⋈∈⊤∋≻⋈∈⊤∋≻⋈∈⊥∋≻⋈∈⊥∋≻⋈∈⊤∋≻⋈∈⊤∋≻⋈∈⊤∋≻⋈∈⊤∋≻⋈∈⊤∋≻⋈∈⊤∋≻⋈∈⊥∋⊙⊡⊣
⊢≻⋈∈⊥∋≻⋈∈⊥∋≻⋈∈⊤∋≻⋈∈⊤∋≻⋈∈⊥∋≻⋈∈⊤∋≻⋈∈⊥∋⊙⊡⊣
⊢≻⋈∈⊥∋≻⋈∈⊤∋≻⋈∈⊤∋≻⋈∈⊤∋≻⋈∈⊤∋≻⋈∈⊤∋≻⋈∈⊤∋≻⋈∈⊥∋≻⋈∈⊤∋≻⋈∈⊤∋≻⋈∈⊤∋≻⋈∈⊥∋≻⋈∈⊤∋≻⋈∈⊤∋≻⋈∈⊥∋≻⋈∈⊥∋≻⋈∈⊥∋≻⋈∈⊥∋≻⋈∈⊥∋⊙⊡⊣
⊢≻⋈∈⊥∋≻⋈∈⊤∋≻⋈∈⊤∋≻⋈∈⊤∋≻⋈∈⊥∋≻⋈∈⊥∋⊙⊡⊣
⊢≻⋈∈⊤∋≻⋈∈⊥∋≻⋈∈⊥∋≻⋈∈⊥∋⊙⊡⊣
⊢≻⋈∈⊤∋≻⋈∈⊥∋≻⋈∈⊤∋≻⋈∈⊤∋≻⋈∈⊥∋≻⋈∈⊥∋≻⋈∈⊥∋≻⋈∈⊥∋≻⋈∈⊥∋≻⋈∈⊥∋≻⋈∈⊥∋⊙⊡⊣
⊢≻⋈∈⊥∋≻⋈∈⊤∋≻⋈∈⊥∋≻⋈∈⊤∋≻⋈∈⊥∋≻⋈∈⊤∋≻⋈∈⊥∋⊙⊡⊣
⊢≻⋈∈⊤∋≻⋈∈⊤∋≻⋈∈⊥∋≻⋈∈⊤∋≻⋈∈⊤∋≻⋈∈⊤∋≻⋈∈⊤∋≻⋈∈⊥∋≻⋈∈⊤∋≻⋈∈⊤∋≻⋈∈⊤∋≻⋈∈⊥∋≻⋈∈⊥∋≻⋈∈⊥∋≻⋈∈⊥∋≻⋈∈⊥∋≻⋈∈⊥∋≻⋈∈⊥∋≻⋈∈⊥∋⊙⊡⊣
⊢≻⋈∈⊤∋≻⋈∈⊥∋≻⋈∈⊤∋≻⋈∈⊤∋≻⋈∈⊥∋≻⋈∈⊥∋⊙⊡⊣
⊢≻⋈∈⊤∋≻⋈∈⊥∋≻⋈∈⊥∋≻⋈∈⊥∋⊙⊡⊣
⊢≻⋈∈⊥∋≻⋈∈⊥∋≻⋈∈⊤∋≻⋈∈⊤∋≻⋈∈⊥∋≻⋈∈⊥∋≻⋈∈⊥∋≻⋈∈⊥∋≻⋈∈⊥∋≻⋈∈⊥∋≻⋈∈⊥∋⊙⊡⊣
⊢≻⋈∈⊥∋≻⋈∈⊥∋≻⋈∈⊥∋≻⋈∈⊤∋≻⋈∈⊥∋≻⋈∈⊤∋≻⋈∈⊥∋⊙⊡⊣
⊢≻⋈∈⊥∋≻⋈∈⊥∋≻⋈∈⊥∋≻⋈∈⊤∋≻⋈∈⊤∋≻⋈∈⊤∋≻⋈∈⊤∋≻⋈∈⊥∋≻⋈∈⊤∋≻⋈∈⊤∋≻⋈∈⊤∋≻⋈∈⊥∋≻⋈∈⊤∋≻⋈∈⊥∋≻⋈∈⊤∋≻⋈∈⊤∋≻⋈∈⊤∋≻⋈∈⊤∋≻⋈∈⊤∋≻⋈∈⊥∋⊙⊡⊣
⊢≻⋈∈⊥∋≻⋈∈⊥∋≻⋈∈⊤∋≻⋈∈⊤∋≻⋈∈⊥∋≻⋈∈⊥∋⊙⊡⊣
⊢≻⋈∈⊤∋≻⋈∈⊤∋≻⋈∈⊥∋≻⋈∈⊤∋≻⋈∈⊥∋≻⋈∈⊥∋≻⋈∈⊥∋≻⋈∈⊥∋≻⋈∈⊥∋≻⋈∈⊥∋⊙⊡⊣
⊢≻⋈∈⊤∋≻⋈∈⊤∋≻⋈∈⊥∋≻⋈∈⊥∋≻⋈∈⊤∋≻⋈∈⊤∋≻⋈∈⊤∋≻⋈∈⊤∋≻⋈∈⊤∋≻⋈∈⊤∋≻⋈∈⊥∋⊙⊡⊣
⊢≻⋈∈⊥∋≻⋈∈⊤∋≻⋈∈⊤∋≻⋈∈⊥∋≻⋈∈⊥∋≻⋈∈⊤∋≻⋈∈⊥∋⊙⊡⊣
⊢≻⋈∈⊤∋≻⋈∈⊥∋≻⋈∈⊤∋≻⋈∈⊥∋≻⋈∈⊤∋≻⋈∈⊤∋≻⋈∈⊤∋≻⋈∈⊥∋≻⋈∈⊤∋≻⋈∈⊤∋≻⋈∈⊤∋≻⋈∈⊥∋≻⋈∈⊥∋≻⋈∈⊤∋≻⋈∈⊥∋≻⋈∈⊤∋≻⋈∈⊤∋≻⋈∈⊤∋≻⋈∈⊤∋≻⋈∈⊥∋⊙⊡⊣
⊢≻⋈∈⊤∋≻⋈∈⊤∋≻⋈∈⊥∋≻⋈∈⊤∋≻⋈∈⊥∋≻⋈∈⊥∋⊙⊡⊣
⊢≻⋈∈⊤∋≻⋈∈⊤∋≻⋈∈⊥∋≻⋈∈⊤∋≻⋈∈⊥∋≻⋈∈⊥∋≻⋈∈⊥∋≻⋈∈⊥∋≻⋈∈⊥∋≻⋈∈⊥∋⊙⊡⊣
⊢≻⋈∈⊥∋≻⋈∈⊤∋≻⋈∈⊥∋≻⋈∈⊥∋≻⋈∈⊤∋≻⋈∈⊤∋≻⋈∈⊤∋≻⋈∈⊤∋≻⋈∈⊤∋≻⋈∈⊤∋≻⋈∈⊥∋⊙⊡⊣
⊢≻⋈∈⊥∋≻⋈∈⊥∋≻⋈∈⊤∋≻⋈∈⊥∋≻⋈∈⊥∋≻⋈∈⊤∋≻⋈∈⊥∋⊙⊡⊣
⊢≻⋈∈⊥∋≻⋈∈⊤∋≻⋈∈⊥∋≻⋈∈⊥∋≻⋈∈⊤∋≻⋈∈⊤∋≻⋈∈⊤∋≻⋈∈⊥∋≻⋈∈⊤∋≻⋈∈⊤∋≻⋈∈⊤∋≻⋈∈⊥∋≻⋈∈⊤∋≻⋈∈⊤∋≻⋈∈⊤∋≻⋈∈⊥∋≻⋈∈⊤∋≻⋈∈⊤∋≻⋈∈⊤∋≻⋈∈⊥∋⊙⊡⊣
⊢≻⋈∈⊥∋≻⋈∈⊤∋≻⋈∈⊥∋≻⋈∈⊤∋≻⋈∈⊥∋≻⋈∈⊥∋⊙⊡⊣
⊢≻⋈∈⊥∋≻⋈∈⊥∋≻⋈∈⊥∋≻⋈∈⊥∋⊙⊡⊣
⊢≻⋈∈⊥∋≻⋈∈⊤∋≻⋈∈⊤∋≻⋈∈⊤∋≻⋈∈⊥∋≻⋈∈⊥∋≻⋈∈⊥∋≻⋈∈⊥∋≻⋈∈⊥∋≻⋈∈⊥∋≻⋈∈⊥∋⊙⊡⊣
⊢≻⋈∈⊥∋≻⋈∈⊤∋≻⋈∈⊥∋≻⋈∈⊥∋≻⋈∈⊥∋≻⋈∈⊤∋≻⋈∈⊥∋⊙⊡⊣
⊢≻⋈∈⊤∋≻⋈∈⊤∋≻⋈∈⊤∋≻⋈∈⊤∋≻⋈∈⊥∋≻⋈∈⊤∋≻⋈∈⊤∋≻⋈∈⊥∋≻⋈∈⊤∋≻⋈∈⊤∋≻⋈∈⊤∋≻⋈∈⊥∋≻⋈∈⊥∋≻⋈∈⊥∋≻⋈∈⊤∋≻⋈∈⊥∋≻⋈∈⊤∋≻⋈∈⊤∋≻⋈∈⊤∋≻⋈∈⊥∋⊙⊡⊣
⊢≻⋈∈⊤∋≻⋈∈⊥∋≻⋈∈⊥∋≻⋈∈⊤∋≻⋈∈⊥∋≻⋈∈⊥∋⊙⊡⊣
⊢≻⋈∈⊥∋≻⋈∈⊥∋≻⋈∈⊥∋≻⋈∈⊥∋⊙⊡⊣
⊢≻⋈∈⊤∋≻⋈∈⊥∋≻⋈∈⊤∋≻⋈∈⊤∋≻⋈∈⊥∋≻⋈∈⊥∋≻⋈∈⊥∋≻⋈∈⊥∋≻⋈∈⊥∋≻⋈∈⊥∋≻⋈∈⊥∋⊙⊡⊣
⊢≻⋈∈⊥∋≻⋈∈⊥∋≻⋈∈⊥∋≻⋈∈⊥∋≻⋈∈⊥∋≻⋈∈⊤∋≻⋈∈⊥∋⊙⊡⊣
⊢≻⋈∈⊥∋≻⋈∈⊥∋≻⋈∈⊤∋≻⋈∈⊤∋≻⋈∈⊥∋≻⋈∈⊤∋≻⋈∈⊤∋≻⋈∈⊥∋≻⋈∈⊤∋≻⋈∈⊤∋≻⋈∈⊤∋≻⋈∈⊥∋≻⋈∈⊤∋≻⋈∈⊥∋≻⋈∈⊥∋≻⋈∈⊥∋≻⋈∈⊤∋≻⋈∈⊤∋≻⋈∈⊤∋≻⋈∈⊥∋⊙⊡⊣
⊢≻⋈∈⊥∋≻⋈∈⊥∋≻⋈∈⊥∋≻⋈∈⊤∋≻⋈∈⊥∋≻⋈∈⊥∋⊙⊡⊣
⊢≻⋈∈⊥∋≻⋈∈⊥∋≻⋈∈⊤∋≻⋈∈⊤∋≻⋈∈⊥∋≻⋈∈⊥∋≻⋈∈⊥∋≻⋈∈⊥∋≻⋈∈⊥∋≻⋈∈⊥∋⊙⊡⊣
⊢≻⋈∈⊥∋≻⋈∈⊤∋≻⋈∈⊥∋≻⋈∈⊥∋≻⋈∈⊤∋≻⋈∈⊤∋≻⋈∈⊤∋≻⋈∈⊤∋≻⋈∈⊤∋≻⋈∈⊤∋≻⋈∈⊥∋⊙⊡⊣
⊢≻⋈∈⊥∋≻⋈∈⊤∋≻⋈∈⊤∋≻⋈∈⊤∋≻⋈∈⊤∋≻⋈∈⊥∋≻⋈∈⊥∋⊙⊡⊣
⊢≻⋈∈⊤∋≻⋈∈⊥∋≻⋈∈⊥∋≻⋈∈⊤∋≻⋈∈⊥∋≻⋈∈⊤∋≻⋈∈⊤∋≻⋈∈⊥∋≻⋈∈⊤∋≻⋈∈⊤∋≻⋈∈⊤∋≻⋈∈⊥∋≻⋈∈⊥∋≻⋈∈⊤∋≻⋈∈⊤∋≻⋈∈⊤∋≻⋈∈⊥∋≻⋈∈⊤∋≻⋈∈⊤∋≻⋈∈⊥∋⊙⊡⊣
⊢≻⋈∈⊤∋≻⋈∈⊤∋≻⋈∈⊤∋≻⋈∈⊥∋≻⋈∈⊥∋≻⋈∈⊥∋⊙⊡⊣
⊢≻⋈∈⊥∋≻⋈∈⊥∋≻⋈∈⊤∋≻⋈∈⊤∋≻⋈∈⊥∋≻⋈∈⊥∋≻⋈∈⊥∋≻⋈∈⊥∋≻⋈∈⊥∋≻⋈∈⊥∋⊙⊡⊣
⊢≻⋈∈⊤∋≻⋈∈⊥∋≻⋈∈⊥∋≻⋈∈⊥∋≻⋈∈⊤∋≻⋈∈⊤∋≻⋈∈⊤∋≻⋈∈⊤∋≻⋈∈⊤∋≻⋈∈⊤∋≻⋈∈⊥∋⊙⊡⊣
⊢≻⋈∈⊥∋≻⋈∈⊥∋≻⋈∈⊤∋≻⋈∈⊤∋≻⋈∈⊤∋≻⋈∈⊥∋≻⋈∈⊥∋⊙⊡⊣
⊢≻⋈∈⊥∋≻⋈∈⊤∋≻⋈∈⊤∋≻⋈∈⊥∋≻⋈∈⊥∋≻⋈∈⊤∋≻⋈∈⊤∋≻⋈∈⊥∋≻⋈∈⊤∋≻⋈∈⊤∋≻⋈∈⊤∋≻⋈∈⊥∋≻⋈∈⊤∋≻⋈∈⊤∋≻⋈∈⊥∋≻⋈∈⊤∋≻⋈∈⊥∋≻⋈∈⊤∋≻⋈∈⊤∋≻⋈∈⊥∋⊙⊡⊣
⊢≻⋈∈⊥∋≻⋈∈⊤∋≻⋈∈⊤∋≻⋈∈⊥∋≻⋈∈⊥∋≻⋈∈⊥∋⊙⊡⊣
⊢≻⋈∈⊤∋≻⋈∈⊤∋≻⋈∈⊤∋≻⋈∈⊤∋≻⋈∈⊥∋⊙⊡⊣
⊢≻⋈∈⊤∋≻⋈∈⊤∋≻⋈∈⊤∋≻⋈∈⊤∋≻⋈∈⊥∋≻⋈∈⊥∋≻⋈∈⊥∋≻⋈∈⊥∋≻⋈∈⊥∋≻⋈∈⊥∋≻⋈∈⊥∋⊙⊡⊣
⊢≻⋈∈⊥∋≻⋈∈⊤∋≻⋈∈⊥∋≻⋈∈⊤∋≻⋈∈⊤∋≻⋈∈⊥∋≻⋈∈⊥∋⊙⊡⊣
⊢≻⋈∈⊤∋≻⋈∈⊤∋≻⋈∈⊥∋≻⋈∈⊥∋≻⋈∈⊥∋≻⋈∈⊤∋≻⋈∈⊤∋≻⋈∈⊥∋≻⋈∈⊤∋≻⋈∈⊤∋≻⋈∈⊤∋≻⋈∈⊥∋≻⋈∈⊥∋≻⋈∈⊥∋≻⋈∈⊥∋≻⋈∈⊤∋≻⋈∈⊥∋≻⋈∈⊤∋≻⋈∈⊤∋≻⋈∈⊥∋⊙⊡⊣
⊢≻⋈∈⊤∋≻⋈∈⊥∋≻⋈∈⊤∋≻⋈∈⊥∋≻⋈∈⊥∋≻⋈∈⊥∋⊙⊡⊣
⊢≻⋈∈⊤∋≻⋈∈⊤∋≻⋈∈⊤∋≻⋈∈⊤∋≻⋈∈⊥∋⊙⊡⊣
⊢≻⋈∈⊥∋≻⋈∈⊤∋≻⋈∈⊤∋≻⋈∈⊤∋≻⋈∈⊥∋≻⋈∈⊥∋≻⋈∈⊥∋≻⋈∈⊥∋≻⋈∈⊥∋≻⋈∈⊥∋≻⋈∈⊥∋⊙⊡⊣
⊢≻⋈∈⊥∋≻⋈∈⊥∋≻⋈∈⊥∋≻⋈∈⊤∋≻⋈∈⊤∋≻⋈∈⊥∋≻⋈∈⊥∋⊙⊡⊣
⊢≻⋈∈⊥∋≻⋈∈⊥∋≻⋈∈⊥∋≻⋈∈⊥∋≻⋈∈⊥∋≻⋈∈⊤∋≻⋈∈⊤∋≻⋈∈⊥∋≻⋈∈⊤∋≻⋈∈⊤∋≻⋈∈⊤∋≻⋈∈⊥∋≻⋈∈⊤∋≻⋈∈⊥∋≻⋈∈⊤∋≻⋈∈⊥∋≻⋈∈⊥∋≻⋈∈⊤∋≻⋈∈⊤∋≻⋈∈⊥∋⊙⊡⊣
⊢≻⋈∈⊥∋≻⋈∈⊥∋≻⋈∈⊤∋≻⋈∈⊥∋≻⋈∈⊥∋≻⋈∈⊥∋⊙⊡⊣
⊢≻⋈∈⊤∋≻⋈∈⊥∋≻⋈∈⊤∋≻⋈∈⊤∋≻⋈∈⊥∋≻⋈∈⊥∋≻⋈∈⊥∋≻⋈∈⊥∋≻⋈∈⊥∋≻⋈∈⊥∋⊙⊡⊣
⊢≻⋈∈⊤∋≻⋈∈⊥∋≻⋈∈⊥∋≻⋈∈⊥∋≻⋈∈⊤∋≻⋈∈⊤∋≻⋈∈⊤∋≻⋈∈⊤∋≻⋈∈⊤∋≻⋈∈⊤∋≻⋈∈⊥∋⊙⊡⊣
⊢≻⋈∈⊥∋≻⋈∈⊤∋≻⋈∈⊤∋≻⋈∈⊥∋≻⋈∈⊤∋≻⋈∈⊥∋≻⋈∈⊥∋⊙⊡⊣
⊢≻⋈∈⊤∋≻⋈∈⊥∋≻⋈∈⊤∋≻⋈∈⊤∋≻⋈∈⊤∋≻⋈∈⊥∋≻⋈∈⊤∋≻⋈∈⊥∋≻⋈∈⊤∋≻⋈∈⊤∋≻⋈∈⊤∋≻⋈∈⊥∋≻⋈∈⊥∋≻⋈∈⊤∋≻⋈∈⊥∋≻⋈∈⊥∋≻⋈∈⊥∋≻⋈∈⊤∋≻⋈∈⊤∋≻⋈∈⊥∋⊙⊡⊣
⊢≻⋈∈⊤∋≻⋈∈⊤∋≻⋈∈⊥∋≻⋈∈⊥∋≻⋈∈⊥∋≻⋈∈⊥∋⊙⊡⊣
⊢≻⋈∈⊤∋≻⋈∈⊥∋≻⋈∈⊤∋≻⋈∈⊤∋≻⋈∈⊥∋≻⋈∈⊥∋≻⋈∈⊥∋≻⋈∈⊥∋≻⋈∈⊥∋≻⋈∈⊥∋⊙⊡⊣
⊢≻⋈∈⊥∋≻⋈∈⊥∋≻⋈∈⊥∋≻⋈∈⊥∋≻⋈∈⊤∋≻⋈∈⊤∋≻⋈∈⊤∋≻⋈∈⊤∋≻⋈∈⊤∋≻⋈∈⊤∋≻⋈∈⊥∋⊙⊡⊣
⊢≻⋈∈⊥∋≻⋈∈⊥∋≻⋈∈⊤∋≻⋈∈⊥∋≻⋈∈⊤∋≻⋈∈⊥∋≻⋈∈⊥∋⊙⊡⊣
⊢≻⋈∈⊥∋≻⋈∈⊤∋≻⋈∈⊥∋≻⋈∈⊤∋≻⋈∈⊤∋≻⋈∈⊥∋≻⋈∈⊤∋≻⋈∈⊥∋≻⋈∈⊤∋≻⋈∈⊤∋≻⋈∈⊤∋≻⋈∈⊥∋≻⋈∈⊤∋≻⋈∈⊤∋≻⋈∈⊤∋≻⋈∈⊤∋≻⋈∈⊤∋≻⋈∈⊥∋≻⋈∈⊤∋≻⋈∈⊥∋⊙⊡⊣
⊢≻⋈∈⊥∋≻⋈∈⊤∋≻⋈∈⊥∋≻⋈∈⊥∋≻⋈∈⊥∋≻⋈∈⊥∋⊙⊡⊣
⊢≻⋈∈⊥∋≻⋈∈⊤∋≻⋈∈⊤∋≻⋈∈⊤∋≻⋈∈⊥∋⊙⊡⊣
⊢≻⋈∈⊥∋≻⋈∈⊥∋≻⋈∈⊥∋≻⋈∈⊥∋≻⋈∈⊤∋≻⋈∈⊥∋≻⋈∈⊥∋≻⋈∈⊥∋≻⋈∈⊥∋≻⋈∈⊥∋≻⋈∈⊥∋⊙⊡⊣
⊢≻⋈∈⊥∋≻⋈∈⊤∋≻⋈∈⊥∋≻⋈∈⊥∋≻⋈∈⊤∋≻⋈∈⊥∋≻⋈∈⊥∋⊙⊡⊣
⊢≻⋈∈⊤∋≻⋈∈⊤∋≻⋈∈⊤∋≻⋈∈⊥∋≻⋈∈⊤∋≻⋈∈⊥∋≻⋈∈⊤∋≻⋈∈⊥∋≻⋈∈⊤∋≻⋈∈⊤∋≻⋈∈⊤∋≻⋈∈⊥∋≻⋈∈⊥∋≻⋈∈⊥∋≻⋈∈⊤∋≻⋈∈⊤∋≻⋈∈⊤∋≻⋈∈⊥∋≻⋈∈⊤∋≻⋈∈⊥∋⊙⊡⊣
⊢≻⋈∈⊤∋≻⋈∈⊥∋≻⋈∈⊥∋≻⋈∈⊥∋≻⋈∈⊥∋≻⋈∈⊥∋⊙⊡⊣
⊢≻⋈∈⊥∋≻⋈∈⊤∋≻⋈∈⊤∋≻⋈∈⊤∋≻⋈∈⊥∋⊙⊡⊣
⊢≻⋈∈⊤∋≻⋈∈⊤∋≻⋈∈⊤∋≻⋈∈⊤∋≻⋈∈⊥∋≻⋈∈⊥∋≻⋈∈⊥∋≻⋈∈⊥∋≻⋈∈⊥∋≻⋈∈⊥∋≻⋈∈⊥∋⊙⊡⊣
⊢≻⋈∈⊥∋≻⋈∈⊥∋≻⋈∈⊥∋≻⋈∈⊥∋≻⋈∈⊤∋≻⋈∈⊥∋≻⋈∈⊥∋⊙⊡⊣
⊢≻⋈∈⊥∋≻⋈∈⊥∋≻⋈∈⊤∋≻⋈∈⊥∋≻⋈∈⊤∋≻⋈∈⊥∋≻⋈∈⊤∋≻⋈∈⊥∋≻⋈∈⊤∋≻⋈∈⊤∋≻⋈∈⊤∋≻⋈∈⊥∋≻⋈∈⊤∋≻⋈∈⊥∋≻⋈∈⊥∋≻⋈∈⊤∋≻⋈∈⊤∋≻⋈∈⊥∋≻⋈∈⊤∋≻⋈∈⊥∋⊙⊡⊣
⊢≻⋈∈⊥∋≻⋈∈⊥∋≻⋈∈⊥∋≻⋈∈⊥∋≻⋈∈⊥∋≻⋈∈⊥∋⊙⊡⊣
⊢≻⋈∈⊥∋≻⋈∈⊤∋≻⋈∈⊤∋≻⋈∈⊤∋≻⋈∈⊥∋≻⋈∈⊥∋≻⋈∈⊥∋≻⋈∈⊥∋≻⋈∈⊥∋≻⋈∈⊥∋⊙⊡⊣
⊢≻⋈∈⊥∋≻⋈∈⊥∋≻⋈∈⊥∋≻⋈∈⊥∋≻⋈∈⊤∋≻⋈∈⊤∋≻⋈∈⊤∋≻⋈∈⊤∋≻⋈∈⊤∋≻⋈∈⊤∋≻⋈∈⊥∋⊙⊡⊣
⊢≻⋈∈⊥∋≻⋈∈⊤∋≻⋈∈⊤∋≻⋈∈⊤∋≻⋈∈⊥∋≻⋈∈⊥∋≻⋈∈⊥∋⊙⊡⊣
⊢≻⋈∈⊤∋≻⋈∈⊥∋≻⋈∈⊥∋≻⋈∈⊥∋≻⋈∈⊤∋≻⋈∈⊥∋≻⋈∈⊤∋≻⋈∈⊥∋≻⋈∈⊤∋≻⋈∈⊤∋≻⋈∈⊤∋≻⋈∈⊥∋≻⋈∈⊥∋≻⋈∈⊤∋≻⋈∈⊤∋≻⋈∈⊥∋≻⋈∈⊤∋≻⋈∈⊥∋≻⋈∈⊤∋≻⋈∈⊥∋⊙⊡⊣
⊢≻⋈∈⊤∋≻⋈∈⊤∋≻⋈∈⊤∋≻⋈∈⊤∋≻⋈∈⊤∋≻⋈∈⊤∋≻⋈∈⊥∋⊙⊡⊣
⊢≻⋈∈⊥∋≻⋈∈⊤∋≻⋈∈⊤∋≻⋈∈⊤∋≻⋈∈⊥∋≻⋈∈⊥∋≻⋈∈⊥∋≻⋈∈⊥∋≻⋈∈⊥∋≻⋈∈⊥∋⊙⊡⊣
⊢≻⋈∈⊤∋≻⋈∈⊤∋≻⋈∈⊤∋≻⋈∈⊤∋≻⋈∈⊥∋≻⋈∈⊤∋≻⋈∈⊤∋≻⋈∈⊤∋≻⋈∈⊤∋≻⋈∈⊤∋≻⋈∈⊥∋⊙⊡⊣
⊢≻⋈∈⊥∋≻⋈∈⊥∋≻⋈∈⊤∋≻⋈∈⊤∋≻⋈∈⊥∋≻⋈∈⊥∋≻⋈∈⊥∋⊙⊡⊣
⊢≻⋈∈⊥∋≻⋈∈⊤∋≻⋈∈⊤∋≻⋈∈⊤∋≻⋈∈⊥∋≻⋈∈⊥∋≻⋈∈⊤∋≻⋈∈⊥∋≻⋈∈⊤∋≻⋈∈⊤∋≻⋈∈⊤∋≻⋈∈⊥∋≻⋈∈⊤∋≻⋈∈⊤∋≻⋈∈⊥∋≻⋈∈⊥∋≻⋈∈⊤∋≻⋈∈⊥∋≻⋈∈⊤∋≻⋈∈⊥∋⊙⊡⊣
⊢≻⋈∈⊥∋≻⋈∈⊤∋≻⋈∈⊤∋≻⋈∈⊤∋≻⋈∈⊤∋≻⋈∈⊤∋≻⋈∈⊥∋⊙⊡⊣
⊢≻⋈∈⊤∋≻⋈∈⊥∋≻⋈∈⊤∋≻⋈∈⊤∋≻⋈∈⊥∋⊙⊡⊣
⊢≻⋈∈⊤∋≻⋈∈⊥∋≻⋈∈⊥∋≻⋈∈⊥∋≻⋈∈⊤∋≻⋈∈⊥∋≻⋈∈⊥∋≻⋈∈⊥∋≻⋈∈⊥∋≻⋈∈⊥∋≻⋈∈⊥∋⊙⊡⊣
⊢≻⋈∈⊥∋≻⋈∈⊤∋≻⋈∈⊥∋≻⋈∈⊤∋≻⋈∈⊥∋≻⋈∈⊥∋≻⋈∈⊥∋⊙⊡⊣
⊢≻⋈∈⊤∋≻⋈∈⊤∋≻⋈∈⊥∋≻⋈∈⊤∋≻⋈∈⊥∋≻⋈∈⊥∋≻⋈∈⊤∋≻⋈∈⊥∋≻⋈∈⊤∋≻⋈∈⊤∋≻⋈∈⊤∋≻⋈∈⊥∋≻⋈∈⊥∋≻⋈∈⊥∋≻⋈∈⊥∋≻⋈∈⊥∋≻⋈∈⊤∋≻⋈∈⊥∋≻⋈∈⊤∋≻⋈∈⊥∋⊙⊡⊣
⊢≻⋈∈⊤∋≻⋈∈⊥∋≻⋈∈⊤∋≻⋈∈⊤∋≻⋈∈⊤∋≻⋈∈⊤∋≻⋈∈⊥∋⊙⊡⊣
⊢≻⋈∈⊤∋≻⋈∈⊥∋≻⋈∈⊤∋≻⋈∈⊤∋≻⋈∈⊥∋⊙⊡⊣
⊢≻⋈∈⊥∋≻⋈∈⊥∋≻⋈∈⊥∋≻⋈∈⊥∋≻⋈∈⊤∋≻⋈∈⊥∋≻⋈∈⊥∋≻⋈∈⊥∋≻⋈∈⊥∋≻⋈∈⊥∋≻⋈∈⊥∋⊙⊡⊣
⊢≻⋈∈⊥∋≻⋈∈⊥∋≻⋈∈⊥∋≻⋈∈⊤∋≻⋈∈⊥∋≻⋈∈⊥∋≻⋈∈⊥∋⊙⊡⊣
⊢≻⋈∈⊥∋≻⋈∈⊥∋≻⋈∈⊥∋≻⋈∈⊤∋≻⋈∈⊥∋≻⋈∈⊥∋≻⋈∈⊤∋≻⋈∈⊥∋≻⋈∈⊤∋≻⋈∈⊤∋≻⋈∈⊤∋≻⋈∈⊥∋≻⋈∈⊤∋≻⋈∈⊥∋≻⋈∈⊤∋≻⋈∈⊤∋≻⋈∈⊥∋≻⋈∈⊥∋≻⋈∈⊤∋≻⋈∈⊥∋⊙⊡⊣
⊢≻⋈∈⊥∋≻⋈∈⊥∋≻⋈∈⊤∋≻⋈∈⊤∋≻⋈∈⊤∋≻⋈∈⊤∋≻⋈∈⊥∋⊙⊡⊣
⊢≻⋈∈⊤∋≻⋈∈⊤∋≻⋈∈⊤∋≻⋈∈⊤∋≻⋈∈⊥∋≻⋈∈⊥∋≻⋈∈⊥∋≻⋈∈⊥∋≻⋈∈⊥∋≻⋈∈⊥∋⊙⊡⊣
⊢≻⋈∈⊤∋≻⋈∈⊤∋≻⋈∈⊤∋≻⋈∈⊤∋≻⋈∈⊥∋≻⋈∈⊤∋≻⋈∈⊤∋≻⋈∈⊤∋≻⋈∈⊤∋≻⋈∈⊤∋≻⋈∈⊥∋⊙⊡⊣
⊢≻⋈∈⊥∋≻⋈∈⊤∋≻⋈∈⊤∋≻⋈∈⊥∋≻⋈∈⊥∋≻⋈∈⊥∋≻⋈∈⊥∋⊙⊡⊣
⊢≻⋈∈⊤∋≻⋈∈⊥∋≻⋈∈⊤∋≻⋈∈⊥∋≻⋈∈⊥∋≻⋈∈⊥∋≻⋈∈⊤∋≻⋈∈⊥∋≻⋈∈⊤∋≻⋈∈⊤∋≻⋈∈⊤∋≻⋈∈⊥∋≻⋈∈⊥∋≻⋈∈⊤∋≻⋈∈⊥∋≻⋈∈⊤∋≻⋈∈⊥∋≻⋈∈⊥∋≻⋈∈⊤∋≻⋈∈⊥∋⊙⊡⊣
⊢≻⋈∈⊤∋≻⋈∈⊤∋≻⋈∈⊥∋≻⋈∈⊤∋≻⋈∈⊤∋≻⋈∈⊤∋≻⋈∈⊥∋⊙⊡⊣
⊢≻⋈∈⊤∋≻⋈∈⊤∋≻⋈∈⊤∋≻⋈∈⊤∋≻⋈∈⊥∋≻⋈∈⊥∋≻⋈∈⊥∋≻⋈∈⊥∋≻⋈∈⊥∋≻⋈∈⊥∋⊙⊡⊣
⊢≻⋈∈⊥∋≻⋈∈⊤∋≻⋈∈⊤∋≻⋈∈⊤∋≻⋈∈⊥∋≻⋈∈⊤∋≻⋈∈⊤∋≻⋈∈⊤∋≻⋈∈⊤∋≻⋈∈⊤∋≻⋈∈⊥∋⊙⊡⊣
⊢≻⋈∈⊥∋≻⋈∈⊥∋≻⋈∈⊤∋≻⋈∈⊥∋≻⋈∈⊥∋≻⋈∈⊥∋≻⋈∈⊥∋⊙⊡⊣
⊢≻⋈∈⊥∋≻⋈∈⊤∋≻⋈∈⊥∋≻⋈∈⊥∋≻⋈∈⊥∋≻⋈∈⊥∋≻⋈∈⊤∋≻⋈∈⊥∋≻⋈∈⊤∋≻⋈∈⊤∋≻⋈∈⊤∋≻⋈∈⊥∋≻⋈∈⊤∋≻⋈∈⊤∋≻⋈∈⊤∋≻⋈∈⊥∋≻⋈∈⊥∋≻⋈∈⊥∋≻⋈∈⊤∋≻⋈∈⊥∋⊙⊡⊣
⊢≻⋈∈⊥∋≻⋈∈⊤∋≻⋈∈⊥∋≻⋈∈⊤∋≻⋈∈⊤∋≻⋈∈⊤∋≻⋈∈⊥∋⊙⊡⊣
⊢≻⋈∈⊥∋≻⋈∈⊥∋≻⋈∈⊤∋≻⋈∈⊤∋≻⋈∈⊥∋⊙⊡⊣
⊢≻⋈∈⊥∋≻⋈∈⊤∋≻⋈∈⊥∋≻⋈∈⊥∋≻⋈∈⊤∋≻⋈∈⊥∋≻⋈∈⊥∋≻⋈∈⊥∋≻⋈∈⊥∋≻⋈∈⊥∋≻⋈∈⊥∋⊙⊡⊣
⊢≻⋈∈⊥∋≻⋈∈⊤∋≻⋈∈⊥∋≻⋈∈⊥∋≻⋈∈⊥∋≻⋈∈⊥∋≻⋈∈⊥∋⊙⊡⊣
⊢≻⋈∈⊤∋≻⋈∈⊤∋≻⋈∈⊤∋≻⋈∈⊤∋≻⋈∈⊤∋≻⋈∈⊤∋≻⋈∈⊥∋≻⋈∈⊥∋≻⋈∈⊤∋≻⋈∈⊤∋≻⋈∈⊤∋≻⋈∈⊥∋≻⋈∈⊥∋≻⋈∈⊥∋≻⋈∈⊤∋≻⋈∈⊥∋≻⋈∈⊥∋≻⋈∈⊥∋≻⋈∈⊤∋≻⋈∈⊥∋⊙⊡⊣
⊢≻⋈∈⊤∋≻⋈∈⊥∋≻⋈∈⊥∋≻⋈∈⊤∋≻⋈∈⊤∋≻⋈∈⊤∋≻⋈∈⊥∋⊙⊡⊣
⊢≻⋈∈⊥∋≻⋈∈⊥∋≻⋈∈⊤∋≻⋈∈⊤∋≻⋈∈⊥∋⊙⊡⊣
⊢≻⋈∈⊤∋≻⋈∈⊥∋≻⋈∈⊥∋≻⋈∈⊥∋≻⋈∈⊤∋≻⋈∈⊥∋≻⋈∈⊥∋≻⋈∈⊥∋≻⋈∈⊥∋≻⋈∈⊥∋≻⋈∈⊥∋⊙⊡⊣
⊢≻⋈∈⊥∋≻⋈∈⊥∋≻⋈∈⊥∋≻⋈∈⊥∋≻⋈∈⊥∋≻⋈∈⊥∋≻⋈∈⊥∋⊙⊡⊣
⊢≻⋈∈⊥∋≻⋈∈⊥∋≻⋈∈⊤∋≻⋈∈⊤∋≻⋈∈⊤∋≻⋈∈⊤∋≻⋈∈⊥∋≻⋈∈⊥∋≻⋈∈⊤∋≻⋈∈⊤∋≻⋈∈⊤∋≻⋈∈⊥∋≻⋈∈⊤∋≻⋈∈⊥∋≻⋈∈⊥∋≻⋈∈⊥∋≻⋈∈⊥∋≻⋈∈⊥∋≻⋈∈⊤∋≻⋈∈⊥∋⊙⊡⊣
⊢≻⋈∈⊥∋≻⋈∈⊥∋≻⋈∈⊥∋≻⋈∈⊤∋≻⋈∈⊤∋≻⋈∈⊤∋≻⋈∈⊥∋⊙⊡⊣
⊢≻⋈∈⊥∋≻⋈∈⊥∋≻⋈∈⊥∋≻⋈∈⊥∋≻⋈∈⊤∋≻⋈∈⊥∋≻⋈∈⊥∋≻⋈∈⊥∋≻⋈∈⊥∋≻⋈∈⊥∋⊙⊡⊣
⊢≻⋈∈⊥∋≻⋈∈⊤∋≻⋈∈⊤∋≻⋈∈⊤∋≻⋈∈⊥∋≻⋈∈⊤∋≻⋈∈⊤∋≻⋈∈⊤∋≻⋈∈⊤∋≻⋈∈⊤∋≻⋈∈⊥∋⊙⊡⊣
⊢≻⋈∈⊥∋≻⋈∈⊤∋≻⋈∈⊤∋≻⋈∈⊤∋≻⋈∈⊤∋≻⋈∈⊤∋≻⋈∈⊤∋≻⋈∈⊥∋⊙⊡⊣
⊢≻⋈∈⊤∋≻⋈∈⊥∋≻⋈∈⊥∋≻⋈∈⊤∋≻⋈∈⊤∋≻⋈∈⊤∋≻⋈∈⊥∋≻⋈∈⊥∋≻⋈∈⊤∋≻⋈∈⊤∋≻⋈∈⊤∋≻⋈∈⊥∋≻⋈∈⊥∋≻⋈∈⊤∋≻⋈∈⊤∋≻⋈∈⊤∋≻⋈∈⊤∋≻⋈∈⊤∋≻⋈∈⊥∋≻⋈∈⊥∋⊙⊡⊣
⊢≻⋈∈⊤∋≻⋈∈⊤∋≻⋈∈⊤∋≻⋈∈⊥∋≻⋈∈⊤∋≻⋈∈⊤∋≻⋈∈⊥∋⊙⊡⊣
⊢≻⋈∈⊥∋≻⋈∈⊥∋≻⋈∈⊥∋≻⋈∈⊥∋≻⋈∈⊤∋≻⋈∈⊥∋≻⋈∈⊥∋≻⋈∈⊥∋≻⋈∈⊥∋≻⋈∈⊥∋⊙⊡⊣
⊢≻⋈∈⊤∋≻⋈∈⊥∋≻⋈∈⊤∋≻⋈∈⊤∋≻⋈∈⊥∋≻⋈∈⊤∋≻⋈∈⊤∋≻⋈∈⊤∋≻⋈∈⊤∋≻⋈∈⊤∋≻⋈∈⊥∋⊙⊡⊣
⊢≻⋈∈⊥∋≻⋈∈⊥∋≻⋈∈⊤∋≻⋈∈⊤∋≻⋈∈⊤∋≻⋈∈⊤∋≻⋈∈⊤∋≻⋈∈⊥∋⊙⊡⊣
⊢≻⋈∈⊥∋≻⋈∈⊤∋≻⋈∈⊤∋≻⋈∈⊥∋≻⋈∈⊤∋≻⋈∈⊤∋≻⋈∈⊥∋≻⋈∈⊥∋≻⋈∈⊤∋≻⋈∈⊤∋≻⋈∈⊤∋≻⋈∈⊥∋≻⋈∈⊤∋≻⋈∈⊤∋≻⋈∈⊥∋≻⋈∈⊤∋≻⋈∈⊤∋≻⋈∈⊤∋≻⋈∈⊥∋≻⋈∈⊥∋⊙⊡⊣
⊢≻⋈∈⊥∋≻⋈∈⊤∋≻⋈∈⊤∋≻⋈∈⊥∋≻⋈∈⊤∋≻⋈∈⊤∋≻⋈∈⊥∋⊙⊡⊣
⊢≻⋈∈⊤∋≻⋈∈⊤∋≻⋈∈⊥∋≻⋈∈⊤∋≻⋈∈⊥∋⊙⊡⊣
⊢≻⋈∈⊤∋≻⋈∈⊤∋≻⋈∈⊥∋≻⋈∈⊥∋≻⋈∈⊤∋≻⋈∈⊥∋≻⋈∈⊥∋≻⋈∈⊥∋≻⋈∈⊥∋≻⋈∈⊥∋≻⋈∈⊥∋⊙⊡⊣
⊢≻⋈∈⊥∋≻⋈∈⊤∋≻⋈∈⊥∋≻⋈∈⊤∋≻⋈∈⊤∋≻⋈∈⊤∋≻⋈∈⊤∋≻⋈∈⊥∋⊙⊡⊣
⊢≻⋈∈⊤∋≻⋈∈⊤∋≻⋈∈⊥∋≻⋈∈⊥∋≻⋈∈⊤∋≻⋈∈⊤∋≻⋈∈⊥∋≻⋈∈⊥∋≻⋈∈⊤∋≻⋈∈⊤∋≻⋈∈⊤∋≻⋈∈⊥∋≻⋈∈⊥∋≻⋈∈⊥∋≻⋈∈⊥∋≻⋈∈⊤∋≻⋈∈⊤∋≻⋈∈⊤∋≻⋈∈⊥∋≻⋈∈⊥∋⊙⊡⊣
⊢≻⋈∈⊤∋≻⋈∈⊥∋≻⋈∈⊤∋≻⋈∈⊥∋≻⋈∈⊤∋≻⋈∈⊤∋≻⋈∈⊥∋⊙⊡⊣
⊢≻⋈∈⊤∋≻⋈∈⊤∋≻⋈∈⊥∋≻⋈∈⊤∋≻⋈∈⊥∋⊙⊡⊣
⊢≻⋈∈⊥∋≻⋈∈⊤∋≻⋈∈⊥∋≻⋈∈⊥∋≻⋈∈⊤∋≻⋈∈⊥∋≻⋈∈⊥∋≻⋈∈⊥∋≻⋈∈⊥∋≻⋈∈⊥∋≻⋈∈⊥∋⊙⊡⊣
⊢≻⋈∈⊥∋≻⋈∈⊥∋≻⋈∈⊥∋≻⋈∈⊤∋≻⋈∈⊤∋≻⋈∈⊤∋≻⋈∈⊤∋≻⋈∈⊥∋⊙⊡⊣
⊢≻⋈∈⊥∋≻⋈∈⊥∋≻⋈∈⊥∋≻⋈∈⊥∋≻⋈∈⊤∋≻⋈∈⊤∋≻⋈∈⊥∋≻⋈∈⊥∋≻⋈∈⊤∋≻⋈∈⊤∋≻⋈∈⊤∋≻⋈∈⊥∋≻⋈∈⊤∋≻⋈∈⊥∋≻⋈∈⊤∋≻⋈∈⊥∋≻⋈∈⊤∋≻⋈∈⊤∋≻⋈∈⊥∋≻⋈∈⊥∋⊙⊡⊣
⊢≻⋈∈⊥∋≻⋈∈⊥∋≻⋈∈⊤∋≻⋈∈⊥∋≻⋈∈⊤∋≻⋈∈⊤∋≻⋈∈⊥∋⊙⊡⊣
⊢≻⋈∈⊤∋≻⋈∈⊥∋≻⋈∈⊥∋≻⋈∈⊥∋≻⋈∈⊤∋≻⋈∈⊥∋≻⋈∈⊥∋≻⋈∈⊥∋≻⋈∈⊥∋≻⋈∈⊥∋⊙⊡⊣
⊢≻⋈∈⊤∋≻⋈∈⊥∋≻⋈∈⊤∋≻⋈∈⊤∋≻⋈∈⊥∋≻⋈∈⊤∋≻⋈∈⊤∋≻⋈∈⊤∋≻⋈∈⊤∋≻⋈∈⊤∋≻⋈∈⊥∋⊙⊡⊣
⊢≻⋈∈⊥∋≻⋈∈⊤∋≻⋈∈⊤∋≻⋈∈⊥∋≻⋈∈⊤∋≻⋈∈⊤∋≻⋈∈⊤∋≻⋈∈⊥∋⊙⊡⊣
⊢≻⋈∈⊤∋≻⋈∈⊥∋≻⋈∈⊤∋≻⋈∈⊤∋≻⋈∈⊥∋≻⋈∈⊤∋≻⋈∈⊥∋≻⋈∈⊥∋≻⋈∈⊤∋≻⋈∈⊤∋≻⋈∈⊤∋≻⋈∈⊥∋≻⋈∈⊥∋≻⋈∈⊤∋≻⋈∈⊥∋≻⋈∈⊥∋≻⋈∈⊤∋≻⋈∈⊤∋≻⋈∈⊥∋≻⋈∈⊥∋⊙⊡⊣
⊢≻⋈∈⊤∋≻⋈∈⊤∋≻⋈∈⊥∋≻⋈∈⊥∋≻⋈∈⊤∋≻⋈∈⊤∋≻⋈∈⊥∋⊙⊡⊣
⊢≻⋈∈⊤∋≻⋈∈⊥∋≻⋈∈⊥∋≻⋈∈⊥∋≻⋈∈⊤∋≻⋈∈⊥∋≻⋈∈⊥∋≻⋈∈⊥∋≻⋈∈⊥∋≻⋈∈⊥∋⊙⊡⊣
⊢≻⋈∈⊥∋≻⋈∈⊥∋≻⋈∈⊤∋≻⋈∈⊤∋≻⋈∈⊥∋≻⋈∈⊤∋≻⋈∈⊤∋≻⋈∈⊤∋≻⋈∈⊤∋≻⋈∈⊤∋≻⋈∈⊥∋⊙⊡⊣
⊢≻⋈∈⊥∋≻⋈∈⊥∋≻⋈∈⊤∋≻⋈∈⊥∋≻⋈∈⊤∋≻⋈∈⊤∋≻⋈∈⊤∋≻⋈∈⊥∋⊙⊡⊣
⊢≻⋈∈⊥∋≻⋈∈⊤∋≻⋈∈⊥∋≻⋈∈⊤∋≻⋈∈⊥∋≻⋈∈⊤∋≻⋈∈⊥∋≻⋈∈⊥∋≻⋈∈⊤∋≻⋈∈⊤∋≻⋈∈⊤∋≻⋈∈⊥∋≻⋈∈⊤∋≻⋈∈⊤∋≻⋈∈⊤∋≻⋈∈⊤∋≻⋈∈⊥∋≻⋈∈⊤∋≻⋈∈⊥∋≻⋈∈⊥∋⊙⊡⊣
⊢≻⋈∈⊥∋≻⋈∈⊤∋≻⋈∈⊥∋≻⋈∈⊥∋≻⋈∈⊤∋≻⋈∈⊤∋≻⋈∈⊥∋⊙⊡⊣
⊢≻⋈∈⊥∋≻⋈∈⊤∋≻⋈∈⊥∋≻⋈∈⊤∋≻⋈∈⊥∋⊙⊡⊣
⊢≻⋈∈⊥∋≻⋈∈⊥∋≻⋈∈⊤∋≻⋈∈⊥∋≻⋈∈⊤∋≻⋈∈⊥∋≻⋈∈⊥∋≻⋈∈⊥∋≻⋈∈⊥∋≻⋈∈⊥∋≻⋈∈⊥∋⊙⊡⊣
⊢≻⋈∈⊥∋≻⋈∈⊤∋≻⋈∈⊥∋≻⋈∈⊥∋≻⋈∈⊤∋≻⋈∈⊤∋≻⋈∈⊤∋≻⋈∈⊥∋⊙⊡⊣
⊢≻⋈∈⊤∋≻⋈∈⊤∋≻⋈∈⊤∋≻⋈∈⊥∋≻⋈∈⊥∋≻⋈∈⊤∋≻⋈∈⊥∋≻⋈∈⊥∋≻⋈∈⊤∋≻⋈∈⊤∋≻⋈∈⊤∋≻⋈∈⊥∋≻⋈∈⊥∋≻⋈∈⊥∋≻⋈∈⊤∋≻⋈∈⊤∋≻⋈∈⊥∋≻⋈∈⊤∋≻⋈∈⊥∋≻⋈∈⊥∋⊙⊡⊣
⊢≻⋈∈⊤∋≻⋈∈⊥∋≻⋈∈⊥∋≻⋈∈⊥∋≻⋈∈⊤∋≻⋈∈⊤∋≻⋈∈⊥∋⊙⊡⊣
⊢≻⋈∈⊥∋≻⋈∈⊤∋≻⋈∈⊥∋≻⋈∈⊤∋≻⋈∈⊥∋⊙⊡⊣
⊢≻⋈∈⊤∋≻⋈∈⊤∋≻⋈∈⊥∋≻⋈∈⊥∋≻⋈∈⊤∋≻⋈∈⊥∋≻⋈∈⊥∋≻⋈∈⊥∋≻⋈∈⊥∋≻⋈∈⊥∋≻⋈∈⊥∋⊙⊡⊣
⊢≻⋈∈⊥∋≻⋈∈⊥∋≻⋈∈⊥∋≻⋈∈⊥∋≻⋈∈⊤∋≻⋈∈⊤∋≻⋈∈⊤∋≻⋈∈⊥∋⊙⊡⊣
⊢≻⋈∈⊥∋≻⋈∈⊥∋≻⋈∈⊤∋≻⋈∈⊥∋≻⋈∈⊥∋≻⋈∈⊤∋≻⋈∈⊥∋≻⋈∈⊥∋≻⋈∈⊤∋≻⋈∈⊤∋≻⋈∈⊤∋≻⋈∈⊥∋≻⋈∈⊤∋≻⋈∈⊥∋≻⋈∈⊥∋≻⋈∈⊤∋≻⋈∈⊥∋≻⋈∈⊤∋≻⋈∈⊥∋≻⋈∈⊥∋⊙⊡⊣
⊢≻⋈∈⊥∋≻⋈∈⊥∋≻⋈∈⊥∋≻⋈∈⊥∋≻⋈∈⊤∋≻⋈∈⊤∋≻⋈∈⊥∋⊙⊡⊣
⊢≻⋈∈⊥∋≻⋈∈⊤∋≻⋈∈⊥∋≻⋈∈⊥∋≻⋈∈⊤∋≻⋈∈⊥∋≻⋈∈⊥∋≻⋈∈⊥∋≻⋈∈⊥∋≻⋈∈⊥∋⊙⊡⊣
⊢≻⋈∈⊥∋≻⋈∈⊥∋≻⋈∈⊤∋≻⋈∈⊤∋≻⋈∈⊥∋≻⋈∈⊤∋≻⋈∈⊤∋≻⋈∈⊤∋≻⋈∈⊤∋≻⋈∈⊤∋≻⋈∈⊥∋⊙⊡⊣
⊢≻⋈∈⊥∋≻⋈∈⊤∋≻⋈∈⊤∋≻⋈∈⊤∋≻⋈∈⊥∋≻⋈∈⊤∋≻⋈∈⊤∋≻⋈∈⊥∋⊙⊡⊣
⊢≻⋈∈⊤∋≻⋈∈⊥∋≻⋈∈⊥∋≻⋈∈⊥∋≻⋈∈⊥∋≻⋈∈⊤∋≻⋈∈⊥∋≻⋈∈⊥∋≻⋈∈⊤∋≻⋈∈⊤∋≻⋈∈⊤∋≻⋈∈⊥∋≻⋈∈⊥∋≻⋈∈⊤∋≻⋈∈⊤∋≻⋈∈⊥∋≻⋈∈⊥∋≻⋈∈⊤∋≻⋈∈⊥∋≻⋈∈⊥∋⊙⊡⊣
⊢≻⋈∈⊤∋≻⋈∈⊤∋≻⋈∈⊤∋≻⋈∈⊤∋≻⋈∈⊥∋≻⋈∈⊤∋≻⋈∈⊥∋⊙⊡⊣
⊢≻⋈∈⊥∋≻⋈∈⊤∋≻⋈∈⊥∋≻⋈∈⊥∋≻⋈∈⊤∋≻⋈∈⊥∋≻⋈∈⊥∋≻⋈∈⊥∋≻⋈∈⊥∋≻⋈∈⊥∋⊙⊡⊣
⊢≻⋈∈⊤∋≻⋈∈⊤∋≻⋈∈⊥∋≻⋈∈⊤∋≻⋈∈⊥∋≻⋈∈⊤∋≻⋈∈⊤∋≻⋈∈⊤∋≻⋈∈⊤∋≻⋈∈⊤∋≻⋈∈⊥∋⊙⊡⊣
⊢≻⋈∈⊥∋≻⋈∈⊥∋≻⋈∈⊤∋≻⋈∈⊤∋≻⋈∈⊥∋≻⋈∈⊤∋≻⋈∈⊤∋≻⋈∈⊥∋⊙⊡⊣
⊢≻⋈∈⊥∋≻⋈∈⊤∋≻⋈∈⊤∋≻⋈∈⊤∋≻⋈∈⊤∋≻⋈∈⊥∋≻⋈∈⊥∋≻⋈∈⊥∋≻⋈∈⊤∋≻⋈∈⊤∋≻⋈∈⊤∋≻⋈∈⊥∋≻⋈∈⊤∋≻⋈∈⊤∋≻⋈∈⊥∋≻⋈∈⊥∋≻⋈∈⊥∋≻⋈∈⊤∋≻⋈∈⊥∋≻⋈∈⊥∋⊙⊡⊣
⊢≻⋈∈⊥∋≻⋈∈⊤∋≻⋈∈⊤∋≻⋈∈⊤∋≻⋈∈⊥∋≻⋈∈⊤∋≻⋈∈⊥∋⊙⊡⊣
⊢≻⋈∈⊤∋≻⋈∈⊥∋≻⋈∈⊥∋≻⋈∈⊤∋≻⋈∈⊥∋⊙⊡⊣
⊢≻⋈∈⊤∋≻⋈∈⊥∋≻⋈∈⊤∋≻⋈∈⊥∋≻⋈∈⊤∋≻⋈∈⊥∋≻⋈∈⊥∋≻⋈∈⊥∋≻⋈∈⊥∋≻⋈∈⊥∋≻⋈∈⊥∋⊙⊡⊣
⊢≻⋈∈⊥∋≻⋈∈⊤∋≻⋈∈⊥∋≻⋈∈⊤∋≻⋈∈⊥∋≻⋈∈⊤∋≻⋈∈⊤∋≻⋈∈⊥∋⊙⊡⊣
⊢≻⋈∈⊤∋≻⋈∈⊤∋≻⋈∈⊥∋≻⋈∈⊤∋≻⋈∈⊤∋≻⋈∈⊥∋≻⋈∈⊥∋≻⋈∈⊥∋≻⋈∈⊤∋≻⋈∈⊤∋≻⋈∈⊤∋≻⋈∈⊥∋≻⋈∈⊥∋≻⋈∈⊥∋≻⋈∈⊥∋≻⋈∈⊥∋≻⋈∈⊥∋≻⋈∈⊤∋≻⋈∈⊥∋≻⋈∈⊥∋⊙⊡⊣
⊢≻⋈∈⊤∋≻⋈∈⊥∋≻⋈∈⊤∋≻⋈∈⊤∋≻⋈∈⊥∋≻⋈∈⊤∋≻⋈∈⊥∋⊙⊡⊣
⊢≻⋈∈⊤∋≻⋈∈⊥∋≻⋈∈⊥∋≻⋈∈⊤∋≻⋈∈⊥∋⊙⊡⊣
⊢≻⋈∈⊥∋≻⋈∈⊥∋≻⋈∈⊤∋≻⋈∈⊥∋≻⋈∈⊤∋≻⋈∈⊥∋≻⋈∈⊥∋≻⋈∈⊥∋≻⋈∈⊥∋≻⋈∈⊥∋≻⋈∈⊥∋⊙⊡⊣
⊢≻⋈∈⊥∋≻⋈∈⊥∋≻⋈∈⊥∋≻⋈∈⊤∋≻⋈∈⊥∋≻⋈∈⊤∋≻⋈∈⊤∋≻⋈∈⊥∋⊙⊡⊣
⊢≻⋈∈⊥∋≻⋈∈⊥∋≻⋈∈⊥∋≻⋈∈⊤∋≻⋈∈⊤∋≻⋈∈⊥∋≻⋈∈⊥∋≻⋈∈⊥∋≻⋈∈⊤∋≻⋈∈⊤∋≻⋈∈⊤∋≻⋈∈⊥∋≻⋈∈⊤∋≻⋈∈⊥∋≻⋈∈⊤∋≻⋈∈⊤∋≻⋈∈⊤∋≻⋈∈⊥∋≻⋈∈⊥∋≻⋈∈⊥∋⊙⊡⊣
⊢≻⋈∈⊥∋≻⋈∈⊥∋≻⋈∈⊤∋≻⋈∈⊤∋≻⋈∈⊥∋≻⋈∈⊤∋≻⋈∈⊥∋⊙⊡⊣
⊢≻⋈∈⊤∋≻⋈∈⊤∋≻⋈∈⊥∋≻⋈∈⊥∋≻⋈∈⊤∋≻⋈∈⊥∋≻⋈∈⊥∋≻⋈∈⊥∋≻⋈∈⊥∋≻⋈∈⊥∋⊙⊡⊣
⊢≻⋈∈⊤∋≻⋈∈⊤∋≻⋈∈⊥∋≻⋈∈⊤∋≻⋈∈⊥∋≻⋈∈⊤∋≻⋈∈⊤∋≻⋈∈⊤∋≻⋈∈⊤∋≻⋈∈⊤∋≻⋈∈⊥∋⊙⊡⊣
⊢≻⋈∈⊥∋≻⋈∈⊤∋≻⋈∈⊤∋≻⋈∈⊥∋≻⋈∈⊥∋≻⋈∈⊤∋≻⋈∈⊤∋≻⋈∈⊥∋⊙⊡⊣
⊢≻⋈∈⊤∋≻⋈∈⊥∋≻⋈∈⊤∋≻⋈∈⊥∋≻⋈∈⊤∋≻⋈∈⊥∋≻⋈∈⊥∋≻⋈∈⊥∋≻⋈∈⊤∋≻⋈∈⊤∋≻⋈∈⊤∋≻⋈∈⊥∋≻⋈∈⊥∋≻⋈∈⊤∋≻⋈∈⊥∋≻⋈∈⊤∋≻⋈∈⊤∋≻⋈∈⊥∋≻⋈∈⊥∋≻⋈∈⊥∋⊙⊡⊣
⊢≻⋈∈⊤∋≻⋈∈⊤∋≻⋈∈⊥∋≻⋈∈⊤∋≻⋈∈⊥∋≻⋈∈⊤∋≻⋈∈⊥∋⊙⊡⊣
⊢≻⋈∈⊤∋≻⋈∈⊤∋≻⋈∈⊥∋≻⋈∈⊥∋≻⋈∈⊤∋≻⋈∈⊥∋≻⋈∈⊥∋≻⋈∈⊥∋≻⋈∈⊥∋≻⋈∈⊥∋⊙⊡⊣
⊢≻⋈∈⊥∋≻⋈∈⊤∋≻⋈∈⊥∋≻⋈∈⊤∋≻⋈∈⊥∋≻⋈∈⊤∋≻⋈∈⊤∋≻⋈∈⊤∋≻⋈∈⊤∋≻⋈∈⊤∋≻⋈∈⊥∋⊙⊡⊣
⊢≻⋈∈⊥∋≻⋈∈⊥∋≻⋈∈⊤∋≻⋈∈⊥∋≻⋈∈⊥∋≻⋈∈⊤∋≻⋈∈⊤∋≻⋈∈⊥∋⊙⊡⊣
⊢≻⋈∈⊥∋≻⋈∈⊤∋≻⋈∈⊥∋≻⋈∈⊥∋≻⋈∈⊤∋≻⋈∈⊥∋≻⋈∈⊥∋≻⋈∈⊥∋≻⋈∈⊤∋≻⋈∈⊤∋≻⋈∈⊤∋≻⋈∈⊥∋≻⋈∈⊤∋≻⋈∈⊤∋≻⋈∈⊤∋≻⋈∈⊥∋≻⋈∈⊤∋≻⋈∈⊥∋≻⋈∈⊥∋≻⋈∈⊥∋⊙⊡⊣
⊢≻⋈∈⊥∋≻⋈∈⊤∋≻⋈∈⊥∋≻⋈∈⊤∋≻⋈∈⊥∋≻⋈∈⊤∋≻⋈∈⊥∋⊙⊡⊣
⊢≻⋈∈⊥∋≻⋈∈⊥∋≻⋈∈⊥∋≻⋈∈⊤∋≻⋈∈⊥∋⊙⊡⊣
⊢≻⋈∈⊥∋≻⋈∈⊤∋≻⋈∈⊤∋≻⋈∈⊥∋≻⋈∈⊤∋≻⋈∈⊥∋≻⋈∈⊥∋≻⋈∈⊥∋≻⋈∈⊥∋≻⋈∈⊥∋≻⋈∈⊥∋⊙⊡⊣
⊢≻⋈∈⊥∋≻⋈∈⊤∋≻⋈∈⊥∋≻⋈∈⊥∋≻⋈∈⊥∋≻⋈∈⊤∋≻⋈∈⊤∋≻⋈∈⊥∋⊙⊡⊣
⊢≻⋈∈⊤∋≻⋈∈⊤∋≻⋈∈⊤∋≻⋈∈⊤∋≻⋈∈⊥∋≻⋈∈⊥∋≻⋈∈⊥∋≻⋈∈⊥∋≻⋈∈⊤∋≻⋈∈⊤∋≻⋈∈⊤∋≻⋈∈⊥∋≻⋈∈⊥∋≻⋈∈⊥∋≻⋈∈⊤∋≻⋈∈⊥∋≻⋈∈⊤∋≻⋈∈⊥∋≻⋈∈⊥∋≻⋈∈⊥∋⊙⊡⊣
⊢≻⋈∈⊤∋≻⋈∈⊥∋≻⋈∈⊥∋≻⋈∈⊤∋≻⋈∈⊥∋≻⋈∈⊤∋≻⋈∈⊥∋⊙⊡⊣
⊢≻⋈∈⊥∋≻⋈∈⊥∋≻⋈∈⊥∋≻⋈∈⊤∋≻⋈∈⊥∋⊙⊡⊣
⊢≻⋈∈⊤∋≻⋈∈⊥∋≻⋈∈⊤∋≻⋈∈⊥∋≻⋈∈⊤∋≻⋈∈⊥∋≻⋈∈⊥∋≻⋈∈⊥∋≻⋈∈⊥∋≻⋈∈⊥∋≻⋈∈⊥∋⊙⊡⊣
⊢≻⋈∈⊥∋≻⋈∈⊥∋≻⋈∈⊥∋≻⋈∈⊥∋≻⋈∈⊥∋≻⋈∈⊤∋≻⋈∈⊤∋≻⋈∈⊥∋⊙⊡⊣
⊢≻⋈∈⊥∋≻⋈∈⊥∋≻⋈∈⊤∋≻⋈∈⊤∋≻⋈∈⊥∋≻⋈∈⊥∋≻⋈∈⊥∋≻⋈∈⊥∋≻⋈∈⊤∋≻⋈∈⊤∋≻⋈∈⊤∋≻⋈∈⊥∋≻⋈∈⊤∋≻⋈∈⊥∋≻⋈∈⊥∋≻⋈∈⊥∋≻⋈∈⊤∋≻⋈∈⊥∋≻⋈∈⊥∋≻⋈∈⊥∋⊙⊡⊣
⊢≻⋈∈⊥∋≻⋈∈⊥∋≻⋈∈⊥∋≻⋈∈⊤∋≻⋈∈⊥∋≻⋈∈⊤∋≻⋈∈⊥∋⊙⊡⊣
⊢≻⋈∈⊥∋≻⋈∈⊥∋≻⋈∈⊤∋≻⋈∈⊥∋≻⋈∈⊤∋≻⋈∈⊥∋≻⋈∈⊥∋≻⋈∈⊥∋≻⋈∈⊥∋≻⋈∈⊥∋⊙⊡⊣
⊢≻⋈∈⊥∋≻⋈∈⊤∋≻⋈∈⊥∋≻⋈∈⊤∋≻⋈∈⊥∋≻⋈∈⊤∋≻⋈∈⊤∋≻⋈∈⊤∋≻⋈∈⊤∋≻⋈∈⊤∋≻⋈∈⊥∋⊙⊡⊣
⊢≻⋈∈⊥∋≻⋈∈⊤∋≻⋈∈⊤∋≻⋈∈⊤∋≻⋈∈⊤∋≻⋈∈⊥∋≻⋈∈⊤∋≻⋈∈⊥∋⊙⊡⊣
⊢≻⋈∈⊤∋≻⋈∈⊥∋≻⋈∈⊥∋≻⋈∈⊤∋≻⋈∈⊥∋≻⋈∈⊥∋≻⋈∈⊥∋≻⋈∈⊥∋≻⋈∈⊤∋≻⋈∈⊤∋≻⋈∈⊤∋≻⋈∈⊥∋≻⋈∈⊥∋≻⋈∈⊤∋≻⋈∈⊤∋≻⋈∈⊤∋≻⋈∈⊥∋≻⋈∈⊥∋≻⋈∈⊥∋≻⋈∈⊥∋⊙⊡⊣
⊢≻⋈∈⊤∋≻⋈∈⊤∋≻⋈∈⊤∋≻⋈∈⊥∋≻⋈∈⊥∋≻⋈∈⊤∋≻⋈∈⊥∋⊙⊡⊣
⊢≻⋈∈⊥∋≻⋈∈⊥∋≻⋈∈⊤∋≻⋈∈⊥∋≻⋈∈⊤∋≻⋈∈⊥∋≻⋈∈⊥∋≻⋈∈⊥∋≻⋈∈⊥∋≻⋈∈⊥∋⊙⊡⊣
⊢≻⋈∈⊤∋≻⋈∈⊥∋≻⋈∈⊥∋≻⋈∈⊤∋≻⋈∈⊥∋≻⋈∈⊤∋≻⋈∈⊤∋≻⋈∈⊤∋≻⋈∈⊤∋≻⋈∈⊤∋≻⋈∈⊥∋⊙⊡⊣
⊢≻⋈∈⊥∋≻⋈∈⊥∋≻⋈∈⊤∋≻⋈∈⊤∋≻⋈∈⊤∋≻⋈∈⊥∋≻⋈∈⊤∋≻⋈∈⊥∋⊙⊡⊣
⊢≻⋈∈⊥∋≻⋈∈⊤∋≻⋈∈⊤∋≻⋈∈⊥∋≻⋈∈⊥∋≻⋈∈⊥∋≻⋈∈⊥∋≻⋈∈⊥∋≻⋈∈⊤∋≻⋈∈⊤∋≻⋈∈⊤∋≻⋈∈⊥∋≻⋈∈⊤∋≻⋈∈⊤∋≻⋈∈⊥∋≻⋈∈⊤∋≻⋈∈⊥∋≻⋈∈⊥∋≻⋈∈⊥∋≻⋈∈⊥∋⊙⊡⊣
⊢≻⋈∈⊥∋≻⋈∈⊤∋≻⋈∈⊤∋≻⋈∈⊥∋≻⋈∈⊥∋≻⋈∈⊤∋≻⋈∈⊥∋⊙⊡⊣
⊢≻⋈∈⊤∋≻⋈∈⊤∋≻⋈∈⊤∋≻⋈∈⊥∋≻⋈∈⊥∋⊙⊡⊣
⊢≻⋈∈⊤∋≻⋈∈⊤∋≻⋈∈⊤∋≻⋈∈⊥∋≻⋈∈⊤∋≻⋈∈⊥∋≻⋈∈⊥∋≻⋈∈⊥∋≻⋈∈⊥∋≻⋈∈⊥∋≻⋈∈⊥∋⊙⊡⊣
⊢≻⋈∈⊥∋≻⋈∈⊤∋≻⋈∈⊥∋≻⋈∈⊤∋≻⋈∈⊤∋≻⋈∈⊥∋≻⋈∈⊤∋≻⋈∈⊥∋⊙⊡⊣
⊢≻⋈∈⊤∋≻⋈∈⊤∋≻⋈∈⊥∋≻⋈∈⊥∋≻⋈∈⊥∋≻⋈∈⊥∋≻⋈∈⊥∋≻⋈∈⊥∋≻⋈∈⊤∋≻⋈∈⊤∋≻⋈∈⊤∋≻⋈∈⊥∋≻⋈∈⊥∋≻⋈∈⊥∋≻⋈∈⊥∋≻⋈∈⊤∋≻⋈∈⊥∋≻⋈∈⊥∋≻⋈∈⊥∋≻⋈∈⊥∋⊙⊡⊣
⊢≻⋈∈⊤∋≻⋈∈⊥∋≻⋈∈⊤∋≻⋈∈⊥∋≻⋈∈⊥∋≻⋈∈⊤∋≻⋈∈⊥∋⊙⊡⊣
⊢≻⋈∈⊤∋≻⋈∈⊤∋≻⋈∈⊤∋≻⋈∈⊥∋≻⋈∈⊥∋⊙⊡⊣
⊢≻⋈∈⊥∋≻⋈∈⊤∋≻⋈∈⊤∋≻⋈∈⊥∋≻⋈∈⊤∋≻⋈∈⊥∋≻⋈∈⊥∋≻⋈∈⊥∋≻⋈∈⊥∋≻⋈∈⊥∋≻⋈∈⊥∋⊙⊡⊣
⊢≻⋈∈⊥∋≻⋈∈⊥∋≻⋈∈⊥∋≻⋈∈⊤∋≻⋈∈⊤∋≻⋈∈⊥∋≻⋈∈⊤∋≻⋈∈⊥∋⊙⊡⊣
⊢≻⋈∈⊥∋≻⋈∈⊥∋≻⋈∈⊥∋≻⋈∈⊥∋≻⋈∈⊥∋≻⋈∈⊥∋≻⋈∈⊥∋≻⋈∈⊥∋≻⋈∈⊤∋≻⋈∈⊤∋≻⋈∈⊤∋≻⋈∈⊥∋≻⋈∈⊤∋≻⋈∈⊥∋≻⋈∈⊤∋≻⋈∈⊥∋≻⋈∈⊥∋≻⋈∈⊥∋≻⋈∈⊥∋≻⋈∈⊥∋⊙⊡⊣
⊢≻⋈∈⊥∋≻⋈∈⊥∋≻⋈∈⊤∋≻⋈∈⊥∋≻⋈∈⊥∋≻⋈∈⊤∋≻⋈∈⊥∋⊙⊡⊣
⊢≻⋈∈⊤∋≻⋈∈⊥∋≻⋈∈⊤∋≻⋈∈⊥∋≻⋈∈⊤∋≻⋈∈⊥∋≻⋈∈⊥∋≻⋈∈⊥∋≻⋈∈⊥∋≻⋈∈⊥∋⊙⊡⊣
⊢≻⋈∈⊤∋≻⋈∈⊥∋≻⋈∈⊥∋≻⋈∈⊤∋≻⋈∈⊥∋≻⋈∈⊤∋≻⋈∈⊤∋≻⋈∈⊤∋≻⋈∈⊤∋≻⋈∈⊤∋≻⋈∈⊥∋⊙⊡⊣
⊢≻⋈∈⊥∋≻⋈∈⊤∋≻⋈∈⊤∋≻⋈∈⊥∋≻⋈∈⊤∋≻⋈∈⊥∋≻⋈∈⊤∋≻⋈∈⊥∋⊙⊡⊣
⊢≻⋈∈⊤∋≻⋈∈⊥∋≻⋈∈⊤∋≻⋈∈⊤∋≻⋈∈⊤∋≻⋈∈⊤∋≻⋈∈⊤∋≻⋈∈⊤∋≻⋈∈⊥∋≻⋈∈⊤∋≻⋈∈⊤∋≻⋈∈⊥∋≻⋈∈⊥∋≻⋈∈⊤∋≻⋈∈⊥∋≻⋈∈⊥∋≻⋈∈⊥∋≻⋈∈⊥∋≻⋈∈⊥∋≻⋈∈⊥∋⊙⊡⊣
⊢≻⋈∈⊤∋≻⋈∈⊤∋≻⋈∈⊥∋≻⋈∈⊥∋≻⋈∈⊥∋≻⋈∈⊤∋≻⋈∈⊥∋⊙⊡⊣
⊢≻⋈∈⊤∋≻⋈∈⊥∋≻⋈∈⊤∋≻⋈∈⊥∋≻⋈∈⊤∋≻⋈∈⊥∋≻⋈∈⊥∋≻⋈∈⊥∋≻⋈∈⊥∋≻⋈∈⊥∋⊙⊡⊣
⊢≻⋈∈⊥∋≻⋈∈⊥∋≻⋈∈⊥∋≻⋈∈⊤∋≻⋈∈⊥∋≻⋈∈⊤∋≻⋈∈⊤∋≻⋈∈⊤∋≻⋈∈⊤∋≻⋈∈⊤∋≻⋈∈⊥∋⊙⊡⊣
⊢≻⋈∈⊥∋≻⋈∈⊥∋≻⋈∈⊤∋≻⋈∈⊥∋≻⋈∈⊤∋≻⋈∈⊥∋≻⋈∈⊤∋≻⋈∈⊥∋⊙⊡⊣
⊢≻⋈∈⊥∋≻⋈∈⊤∋≻⋈∈⊥∋≻⋈∈⊤∋≻⋈∈⊤∋≻⋈∈⊤∋≻⋈∈⊤∋≻⋈∈⊤∋≻⋈∈⊥∋≻⋈∈⊤∋≻⋈∈⊤∋≻⋈∈⊥∋≻⋈∈⊤∋≻⋈∈⊤∋≻⋈∈⊤∋≻⋈∈⊤∋≻⋈∈⊤∋≻⋈∈⊤∋≻⋈∈⊤∋≻⋈∈⊤∋≻⋈∈⊥∋⊙⊡⊣
⊢≻⋈∈⊥∋≻⋈∈⊤∋≻⋈∈⊥∋≻⋈∈⊥∋≻⋈∈⊥∋≻⋈∈⊤∋≻⋈∈⊥∋⊙⊡⊣
⊢≻⋈∈⊥∋≻⋈∈⊤∋≻⋈∈⊤∋≻⋈∈⊥∋≻⋈∈⊥∋⊙⊡⊣
⊢≻⋈∈⊥∋≻⋈∈⊥∋≻⋈∈⊥∋≻⋈∈⊤∋≻⋈∈⊤∋≻⋈∈⊥∋≻⋈∈⊥∋≻⋈∈⊥∋≻⋈∈⊥∋≻⋈∈⊥∋≻⋈∈⊥∋⊙⊡⊣
⊢≻⋈∈⊥∋≻⋈∈⊤∋≻⋈∈⊥∋≻⋈∈⊥∋≻⋈∈⊤∋≻⋈∈⊥∋≻⋈∈⊤∋≻⋈∈⊥∋⊙⊡⊣
⊢≻⋈∈⊤∋≻⋈∈⊤∋≻⋈∈⊤∋≻⋈∈⊥∋≻⋈∈⊤∋≻⋈∈⊤∋≻⋈∈⊤∋≻⋈∈⊤∋≻⋈∈⊥∋≻⋈∈⊤∋≻⋈∈⊤∋≻⋈∈⊥∋≻⋈∈⊥∋≻⋈∈⊥∋≻⋈∈⊤∋≻⋈∈⊤∋≻⋈∈⊤∋≻⋈∈⊤∋≻⋈∈⊤∋≻⋈∈⊤∋≻⋈∈⊥∋⊙⊡⊣
⊢≻⋈∈⊤∋≻⋈∈⊥∋≻⋈∈⊥∋≻⋈∈⊥∋≻⋈∈⊥∋≻⋈∈⊤∋≻⋈∈⊥∋⊙⊡⊣
⊢≻⋈∈⊥∋≻⋈∈⊤∋≻⋈∈⊤∋≻⋈∈⊥∋≻⋈∈⊥∋⊙⊡⊣
⊢≻⋈∈⊤∋≻⋈∈⊤∋≻⋈∈⊤∋≻⋈∈⊥∋≻⋈∈⊤∋≻⋈∈⊥∋≻⋈∈⊥∋≻⋈∈⊥∋≻⋈∈⊥∋≻⋈∈⊥∋≻⋈∈⊥∋⊙⊡⊣
⊢≻⋈∈⊥∋≻⋈∈⊥∋≻⋈∈⊥∋≻⋈∈⊥∋≻⋈∈⊤∋≻⋈∈⊥∋≻⋈∈⊤∋≻⋈∈⊥∋⊙⊡⊣
⊢≻⋈∈⊥∋≻⋈∈⊥∋≻⋈∈⊤∋≻⋈∈⊥∋≻⋈∈⊤∋≻⋈∈⊤∋≻⋈∈⊤∋≻⋈∈⊤∋≻⋈∈⊥∋≻⋈∈⊤∋≻⋈∈⊤∋≻⋈∈⊥∋≻⋈∈⊤∋≻⋈∈⊥∋≻⋈∈⊥∋≻⋈∈⊤∋≻⋈∈⊤∋≻⋈∈⊤∋≻⋈∈⊤∋≻⋈∈⊤∋≻⋈∈⊥∋⊙⊡⊣
⊢≻⋈∈⊥∋≻⋈∈⊥∋≻⋈∈⊥∋≻⋈∈⊥∋≻⋈∈⊥∋≻⋈∈⊤∋≻⋈∈⊥∋⊙⊡⊣
⊢≻⋈∈⊥∋≻⋈∈⊤∋≻⋈∈⊤∋≻⋈∈⊥∋≻⋈∈⊤∋≻⋈∈⊥∋≻⋈∈⊥∋≻⋈∈⊥∋≻⋈∈⊥∋≻⋈∈⊥∋⊙⊡⊣
⊢≻⋈∈⊥∋≻⋈∈⊥∋≻⋈∈⊥∋≻⋈∈⊤∋≻⋈∈⊥∋≻⋈∈⊤∋≻⋈∈⊤∋≻⋈∈⊤∋≻⋈∈⊤∋≻⋈∈⊤∋≻⋈∈⊥∋⊙⊡⊣
⊢≻⋈∈⊥∋≻⋈∈⊤∋≻⋈∈⊤∋≻⋈∈⊤∋≻⋈∈⊥∋≻⋈∈⊥∋≻⋈∈⊤∋≻⋈∈⊥∋⊙⊡⊣
⊢≻⋈∈⊤∋≻⋈∈⊥∋≻⋈∈⊥∋≻⋈∈⊥∋≻⋈∈⊤∋≻⋈∈⊤∋≻⋈∈⊤∋≻⋈∈⊤∋≻⋈∈⊥∋≻⋈∈⊤∋≻⋈∈⊤∋≻⋈∈⊥∋≻⋈∈⊥∋≻⋈∈⊤∋≻⋈∈⊤∋≻⋈∈⊥∋≻⋈∈⊤∋≻⋈∈⊤∋≻⋈∈⊤∋≻⋈∈⊤∋≻⋈∈⊥∋⊙⊡⊣
⊢≻⋈∈⊤∋≻⋈∈⊤∋≻⋈∈⊤∋≻⋈∈⊤∋≻⋈∈⊤∋≻⋈∈⊥∋≻⋈∈⊥∋⊙⊡⊣
⊢≻⋈∈⊥∋≻⋈∈⊤∋≻⋈∈⊤∋≻⋈∈⊥∋≻⋈∈⊤∋≻⋈∈⊥∋≻⋈∈⊥∋≻⋈∈⊥∋≻⋈∈⊥∋≻⋈∈⊥∋⊙⊡⊣
⊢≻⋈∈⊤∋≻⋈∈⊤∋≻⋈∈⊤∋≻⋈∈⊥∋≻⋈∈⊥∋≻⋈∈⊤∋≻⋈∈⊤∋≻⋈∈⊤∋≻⋈∈⊤∋≻⋈∈⊤∋≻⋈∈⊥∋⊙⊡⊣
⊢≻⋈∈⊥∋≻⋈∈⊥∋≻⋈∈⊤∋≻⋈∈⊤∋≻⋈∈⊥∋≻⋈∈⊥∋≻⋈∈⊤∋≻⋈∈⊥∋⊙⊡⊣
⊢≻⋈∈⊥∋≻⋈∈⊤∋≻⋈∈⊤∋≻⋈∈⊤∋≻⋈∈⊥∋≻⋈∈⊤∋≻⋈∈⊤∋≻⋈∈⊤∋≻⋈∈⊥∋≻⋈∈⊤∋≻⋈∈⊤∋≻⋈∈⊥∋≻⋈∈⊤∋≻⋈∈⊤∋≻⋈∈⊥∋≻⋈∈⊥∋≻⋈∈⊤∋≻⋈∈⊤∋≻⋈∈⊤∋≻⋈∈⊤∋≻⋈∈⊥∋⊙⊡⊣
⊢≻⋈∈⊥∋≻⋈∈⊤∋≻⋈∈⊤∋≻⋈∈⊤∋≻⋈∈⊤∋≻⋈∈⊥∋≻⋈∈⊥∋⊙⊡⊣
⊢≻⋈∈⊤∋≻⋈∈⊥∋≻⋈∈⊤∋≻⋈∈⊥∋≻⋈∈⊥∋⊙⊡⊣
⊢≻⋈∈⊤∋≻⋈∈⊥∋≻⋈∈⊥∋≻⋈∈⊤∋≻⋈∈⊤∋≻⋈∈⊥∋≻⋈∈⊥∋≻⋈∈⊥∋≻⋈∈⊥∋≻⋈∈⊥∋≻⋈∈⊥∋⊙⊡⊣
⊢≻⋈∈⊥∋≻⋈∈⊤∋≻⋈∈⊥∋≻⋈∈⊤∋≻⋈∈⊥∋≻⋈∈⊥∋≻⋈∈⊤∋≻⋈∈⊥∋⊙⊡⊣
⊢≻⋈∈⊤∋≻⋈∈⊤∋≻⋈∈⊥∋≻⋈∈⊤∋≻⋈∈⊥∋≻⋈∈⊤∋≻⋈∈⊤∋≻⋈∈⊤∋≻⋈∈⊥∋≻⋈∈⊤∋≻⋈∈⊤∋≻⋈∈⊥∋≻⋈∈⊥∋≻⋈∈⊥∋≻⋈∈⊥∋≻⋈∈⊥∋≻⋈∈⊤∋≻⋈∈⊤∋≻⋈∈⊤∋≻⋈∈⊤∋≻⋈∈⊥∋⊙⊡⊣
⊢≻⋈∈⊤∋≻⋈∈⊥∋≻⋈∈⊤∋≻⋈∈⊤∋≻⋈∈⊤∋≻⋈∈⊥∋≻⋈∈⊥∋⊙⊡⊣
⊢≻⋈∈⊤∋≻⋈∈⊥∋≻⋈∈⊤∋≻⋈∈⊥∋≻⋈∈⊥∋⊙⊡⊣
⊢≻⋈∈⊥∋≻⋈∈⊥∋≻⋈∈⊥∋≻⋈∈⊤∋≻⋈∈⊤∋≻⋈∈⊥∋≻⋈∈⊥∋≻⋈∈⊥∋≻⋈∈⊥∋≻⋈∈⊥∋≻⋈∈⊥∋⊙⊡⊣
⊢≻⋈∈⊥∋≻⋈∈⊥∋≻⋈∈⊥∋≻⋈∈⊤∋≻⋈∈⊥∋≻⋈∈⊥∋≻⋈∈⊤∋≻⋈∈⊥∋⊙⊡⊣
⊢≻⋈∈⊥∋≻⋈∈⊥∋≻⋈∈⊥∋≻⋈∈⊤∋≻⋈∈⊥∋≻⋈∈⊤∋≻⋈∈⊤∋≻⋈∈⊤∋≻⋈∈⊥∋≻⋈∈⊤∋≻⋈∈⊤∋≻⋈∈⊥∋≻⋈∈⊤∋≻⋈∈⊥∋≻⋈∈⊤∋≻⋈∈⊤∋≻⋈∈⊥∋≻⋈∈⊤∋≻⋈∈⊤∋≻⋈∈⊤∋≻⋈∈⊥∋⊙⊡⊣
⊢≻⋈∈⊥∋≻⋈∈⊥∋≻⋈∈⊤∋≻⋈∈⊤∋≻⋈∈⊤∋≻⋈∈⊥∋≻⋈∈⊥∋⊙⊡⊣
⊢≻⋈∈⊤∋≻⋈∈⊤∋≻⋈∈⊤∋≻⋈∈⊥∋≻⋈∈⊤∋≻⋈∈⊥∋≻⋈∈⊥∋≻⋈∈⊥∋≻⋈∈⊥∋≻⋈∈⊥∋⊙⊡⊣
⊢≻⋈∈⊤∋≻⋈∈⊤∋≻⋈∈⊤∋≻⋈∈⊥∋≻⋈∈⊥∋≻⋈∈⊤∋≻⋈∈⊤∋≻⋈∈⊤∋≻⋈∈⊤∋≻⋈∈⊤∋≻⋈∈⊥∋⊙⊡⊣
⊢≻⋈∈⊥∋≻⋈∈⊤∋≻⋈∈⊤∋≻⋈∈⊥∋≻⋈∈⊥∋≻⋈∈⊥∋≻⋈∈⊤∋≻⋈∈⊥∋⊙⊡⊣
⊢≻⋈∈⊤∋≻⋈∈⊥∋≻⋈∈⊤∋≻⋈∈⊥∋≻⋈∈⊥∋≻⋈∈⊤∋≻⋈∈⊤∋≻⋈∈⊤∋≻⋈∈⊥∋≻⋈∈⊤∋≻⋈∈⊤∋≻⋈∈⊥∋≻⋈∈⊥∋≻⋈∈⊤∋≻⋈∈⊥∋≻⋈∈⊤∋≻⋈∈⊥∋≻⋈∈⊤∋≻⋈∈⊤∋≻⋈∈⊤∋≻⋈∈⊥∋⊙⊡⊣
⊢≻⋈∈⊤∋≻⋈∈⊤∋≻⋈∈⊥∋≻⋈∈⊤∋≻⋈∈⊤∋≻⋈∈⊥∋≻⋈∈⊥∋⊙⊡⊣
⊢≻⋈∈⊤∋≻⋈∈⊤∋≻⋈∈⊤∋≻⋈∈⊥∋≻⋈∈⊤∋≻⋈∈⊥∋≻⋈∈⊥∋≻⋈∈⊥∋≻⋈∈⊥∋≻⋈∈⊥∋⊙⊡⊣
⊢≻⋈∈⊥∋≻⋈∈⊤∋≻⋈∈⊤∋≻⋈∈⊥∋≻⋈∈⊥∋≻⋈∈⊤∋≻⋈∈⊤∋≻⋈∈⊤∋≻⋈∈⊤∋≻⋈∈⊤∋≻⋈∈⊥∋⊙⊡⊣
⊢≻⋈∈⊥∋≻⋈∈⊥∋≻⋈∈⊤∋≻⋈∈⊥∋≻⋈∈⊥∋≻⋈∈⊥∋≻⋈∈⊤∋≻⋈∈⊥∋⊙⊡⊣
⊢≻⋈∈⊥∋≻⋈∈⊤∋≻⋈∈⊥∋≻⋈∈⊥∋≻⋈∈⊥∋≻⋈∈⊤∋≻⋈∈⊤∋≻⋈∈⊤∋≻⋈∈⊥∋≻⋈∈⊤∋≻⋈∈⊤∋≻⋈∈⊥∋≻⋈∈⊤∋≻⋈∈⊤∋≻⋈∈⊤∋≻⋈∈⊥∋≻⋈∈⊥∋≻⋈∈⊤∋≻⋈∈⊤∋≻⋈∈⊤∋≻⋈∈⊥∋⊙⊡⊣
⊢≻⋈∈⊥∋≻⋈∈⊤∋≻⋈∈⊥∋≻⋈∈⊤∋≻⋈∈⊤∋≻⋈∈⊥∋≻⋈∈⊥∋⊙⊡⊣
⊢≻⋈∈⊥∋≻⋈∈⊥∋≻⋈∈⊤∋≻⋈∈⊥∋≻⋈∈⊥∋⊙⊡⊣
⊢≻⋈∈⊥∋≻⋈∈⊤∋≻⋈∈⊥∋≻⋈∈⊤∋≻⋈∈⊤∋≻⋈∈⊥∋≻⋈∈⊥∋≻⋈∈⊥∋≻⋈∈⊥∋≻⋈∈⊥∋≻⋈∈⊥∋⊙⊡⊣
⊢≻⋈∈⊥∋≻⋈∈⊤∋≻⋈∈⊥∋≻⋈∈⊥∋≻⋈∈⊥∋≻⋈∈⊥∋≻⋈∈⊤∋≻⋈∈⊥∋⊙⊡⊣
⊢≻⋈∈⊤∋≻⋈∈⊤∋≻⋈∈⊤∋≻⋈∈⊤∋≻⋈∈⊤∋≻⋈∈⊥∋≻⋈∈⊤∋≻⋈∈⊤∋≻⋈∈⊥∋≻⋈∈⊤∋≻⋈∈⊤∋≻⋈∈⊥∋≻⋈∈⊥∋≻⋈∈⊥∋≻⋈∈⊤∋≻⋈∈⊥∋≻⋈∈⊥∋≻⋈∈⊤∋≻⋈∈⊤∋≻⋈∈⊤∋≻⋈∈⊥∋⊙⊡⊣
⊢≻⋈∈⊤∋≻⋈∈⊥∋≻⋈∈⊥∋≻⋈∈⊤∋≻⋈∈⊤∋≻⋈∈⊥∋≻⋈∈⊥∋⊙⊡⊣
⊢≻⋈∈⊥∋≻⋈∈⊥∋≻⋈∈⊤∋≻⋈∈⊥∋≻⋈∈⊥∋⊙⊡⊣
⊢≻⋈∈⊤∋≻⋈∈⊥∋≻⋈∈⊥∋≻⋈∈⊤∋≻⋈∈⊤∋≻⋈∈⊥∋≻⋈∈⊥∋≻⋈∈⊥∋≻⋈∈⊥∋≻⋈∈⊥∋≻⋈∈⊥∋⊙⊡⊣
⊢≻⋈∈⊥∋≻⋈∈⊥∋≻⋈∈⊥∋≻⋈∈⊥∋≻⋈∈⊥∋≻⋈∈⊥∋≻⋈∈⊤∋≻⋈∈⊥∋⊙⊡⊣
⊢≻⋈∈⊥∋≻⋈∈⊥∋≻⋈∈⊤∋≻⋈∈⊤∋≻⋈∈⊤∋≻⋈∈⊥∋≻⋈∈⊤∋≻⋈∈⊤∋≻⋈∈⊥∋≻⋈∈⊤∋≻⋈∈⊤∋≻⋈∈⊥∋≻⋈∈⊤∋≻⋈∈⊥∋≻⋈∈⊥∋≻⋈∈⊥∋≻⋈∈⊥∋≻⋈∈⊤∋≻⋈∈⊤∋≻⋈∈⊤∋≻⋈∈⊥∋⊙⊡⊣
⊢≻⋈∈⊥∋≻⋈∈⊥∋≻⋈∈⊥∋≻⋈∈⊤∋≻⋈∈⊤∋≻⋈∈⊥∋≻⋈∈⊥∋⊙⊡⊣
⊢≻⋈∈⊥∋≻⋈∈⊥∋≻⋈∈⊥∋≻⋈∈⊤∋≻⋈∈⊤∋≻⋈∈⊥∋≻⋈∈⊥∋≻⋈∈⊥∋≻⋈∈⊥∋≻⋈∈⊥∋⊙⊡⊣
⊢≻⋈∈⊥∋≻⋈∈⊤∋≻⋈∈⊤∋≻⋈∈⊥∋≻⋈∈⊥∋≻⋈∈⊤∋≻⋈∈⊤∋≻⋈∈⊤∋≻⋈∈⊤∋≻⋈∈⊤∋≻⋈∈⊥∋⊙⊡⊣
⊢≻⋈∈⊥∋≻⋈∈⊤∋≻⋈∈⊤∋≻⋈∈⊤∋≻⋈∈⊤∋≻⋈∈⊤∋≻⋈∈⊥∋≻⋈∈⊥∋⊙⊡⊣
⊢≻⋈∈⊤∋≻⋈∈⊥∋≻⋈∈⊥∋≻⋈∈⊤∋≻⋈∈⊤∋≻⋈∈⊥∋≻⋈∈⊤∋≻⋈∈⊤∋≻⋈∈⊥∋≻⋈∈⊤∋≻⋈∈⊤∋≻⋈∈⊥∋≻⋈∈⊥∋≻⋈∈⊤∋≻⋈∈⊤∋≻⋈∈⊤∋≻⋈∈⊤∋≻⋈∈⊥∋≻⋈∈⊤∋≻⋈∈⊤∋≻⋈∈⊥∋⊙⊡⊣
⊢≻⋈∈⊤∋≻⋈∈⊤∋≻⋈∈⊤∋≻⋈∈⊥∋≻⋈∈⊤∋≻⋈∈⊥∋≻⋈∈⊥∋⊙⊡⊣
⊢≻⋈∈⊥∋≻⋈∈⊥∋≻⋈∈⊥∋≻⋈∈⊤∋≻⋈∈⊤∋≻⋈∈⊥∋≻⋈∈⊥∋≻⋈∈⊥∋≻⋈∈⊥∋≻⋈∈⊥∋⊙⊡⊣
⊢≻⋈∈⊤∋≻⋈∈⊥∋≻⋈∈⊤∋≻⋈∈⊥∋≻⋈∈⊥∋≻⋈∈⊤∋≻⋈∈⊤∋≻⋈∈⊤∋≻⋈∈⊤∋≻⋈∈⊤∋≻⋈∈⊥∋⊙⊡⊣
⊢≻⋈∈⊥∋≻⋈∈⊥∋≻⋈∈⊤∋≻⋈∈⊤∋≻⋈∈⊤∋≻⋈∈⊤∋≻⋈∈⊥∋≻⋈∈⊥∋⊙⊡⊣
⊢≻⋈∈⊥∋≻⋈∈⊤∋≻⋈∈⊤∋≻⋈∈⊥∋≻⋈∈⊤∋≻⋈∈⊥∋≻⋈∈⊤∋≻⋈∈⊤∋≻⋈∈⊥∋≻⋈∈⊤∋≻⋈∈⊤∋≻⋈∈⊥∋≻⋈∈⊤∋≻⋈∈⊤∋≻⋈∈⊥∋≻⋈∈⊤∋≻⋈∈⊤∋≻⋈∈⊥∋≻⋈∈⊤∋≻⋈∈⊤∋≻⋈∈⊥∋⊙⊡⊣
⊢≻⋈∈⊥∋≻⋈∈⊤∋≻⋈∈⊤∋≻⋈∈⊥∋≻⋈∈⊤∋≻⋈∈⊥∋≻⋈∈⊥∋⊙⊡⊣
⊢≻⋈∈⊤∋≻⋈∈⊤∋≻⋈∈⊥∋≻⋈∈⊥∋≻⋈∈⊥∋⊙⊡⊣
⊢≻⋈∈⊤∋≻⋈∈⊤∋≻⋈∈⊥∋≻⋈∈⊤∋≻⋈∈⊤∋≻⋈∈⊥∋≻⋈∈⊥∋≻⋈∈⊥∋≻⋈∈⊥∋≻⋈∈⊥∋≻⋈∈⊥∋⊙⊡⊣
⊢≻⋈∈⊥∋≻⋈∈⊤∋≻⋈∈⊥∋≻⋈∈⊤∋≻⋈∈⊤∋≻⋈∈⊤∋≻⋈∈⊥∋≻⋈∈⊥∋⊙⊡⊣
⊢≻⋈∈⊤∋≻⋈∈⊤∋≻⋈∈⊥∋≻⋈∈⊥∋≻⋈∈⊤∋≻⋈∈⊥∋≻⋈∈⊤∋≻⋈∈⊤∋≻⋈∈⊥∋≻⋈∈⊤∋≻⋈∈⊤∋≻⋈∈⊥∋≻⋈∈⊥∋≻⋈∈⊥∋≻⋈∈⊥∋≻⋈∈⊤∋≻⋈∈⊤∋≻⋈∈⊥∋≻⋈∈⊤∋≻⋈∈⊤∋≻⋈∈⊥∋⊙⊡⊣
⊢≻⋈∈⊤∋≻⋈∈⊥∋≻⋈∈⊤∋≻⋈∈⊥∋≻⋈∈⊤∋≻⋈∈⊥∋≻⋈∈⊥∋⊙⊡⊣
⊢≻⋈∈⊤∋≻⋈∈⊤∋≻⋈∈⊥∋≻⋈∈⊥∋≻⋈∈⊥∋⊙⊡⊣
⊢≻⋈∈⊥∋≻⋈∈⊤∋≻⋈∈⊥∋≻⋈∈⊤∋≻⋈∈⊤∋≻⋈∈⊥∋≻⋈∈⊥∋≻⋈∈⊥∋≻⋈∈⊥∋≻⋈∈⊥∋≻⋈∈⊥∋⊙⊡⊣
⊢≻⋈∈⊥∋≻⋈∈⊥∋≻⋈∈⊥∋≻⋈∈⊤∋≻⋈∈⊤∋≻⋈∈⊤∋≻⋈∈⊥∋≻⋈∈⊥∋⊙⊡⊣
⊢≻⋈∈⊥∋≻⋈∈⊥∋≻⋈∈⊥∋≻⋈∈⊥∋≻⋈∈⊤∋≻⋈∈⊥∋≻⋈∈⊤∋≻⋈∈⊤∋≻⋈∈⊥∋≻⋈∈⊤∋≻⋈∈⊤∋≻⋈∈⊥∋≻⋈∈⊤∋≻⋈∈⊥∋≻⋈∈⊤∋≻⋈∈⊥∋≻⋈∈⊤∋≻⋈∈⊥∋≻⋈∈⊤∋≻⋈∈⊤∋≻⋈∈⊥∋⊙⊡⊣
⊢≻⋈∈⊥∋≻⋈∈⊥∋≻⋈∈⊤∋≻⋈∈⊥∋≻⋈∈⊤∋≻⋈∈⊥∋≻⋈∈⊥∋⊙⊡⊣
⊢≻⋈∈⊤∋≻⋈∈⊥∋≻⋈∈⊥∋≻⋈∈⊤∋≻⋈∈⊤∋≻⋈∈⊥∋≻⋈∈⊥∋≻⋈∈⊥∋≻⋈∈⊥∋≻⋈∈⊥∋⊙⊡⊣
⊢≻⋈∈⊤∋≻⋈∈⊥∋≻⋈∈⊤∋≻⋈∈⊥∋≻⋈∈⊥∋≻⋈∈⊤∋≻⋈∈⊤∋≻⋈∈⊤∋≻⋈∈⊤∋≻⋈∈⊤∋≻⋈∈⊥∋⊙⊡⊣
⊢≻⋈∈⊥∋≻⋈∈⊤∋≻⋈∈⊤∋≻⋈∈⊥∋≻⋈∈⊤∋≻⋈∈⊤∋≻⋈∈⊥∋≻⋈∈⊥∋⊙⊡⊣
⊢≻⋈∈⊤∋≻⋈∈⊥∋≻⋈∈⊤∋≻⋈∈⊤∋≻⋈∈⊥∋≻⋈∈⊥∋≻⋈∈⊤∋≻⋈∈⊤∋≻⋈∈⊥∋≻⋈∈⊤∋≻⋈∈⊤∋≻⋈∈⊥∋≻⋈∈⊥∋≻⋈∈⊤∋≻⋈∈⊥∋≻⋈∈⊥∋≻⋈∈⊤∋≻⋈∈⊥∋≻⋈∈⊤∋≻⋈∈⊤∋≻⋈∈⊥∋⊙⊡⊣
⊢≻⋈∈⊤∋≻⋈∈⊤∋≻⋈∈⊥∋≻⋈∈⊥∋≻⋈∈⊤∋≻⋈∈⊥∋≻⋈∈⊥∋⊙⊡⊣
⊢≻⋈∈⊤∋≻⋈∈⊥∋≻⋈∈⊥∋≻⋈∈⊤∋≻⋈∈⊤∋≻⋈∈⊥∋≻⋈∈⊥∋≻⋈∈⊥∋≻⋈∈⊥∋≻⋈∈⊥∋⊙⊡⊣
⊢≻⋈∈⊥∋≻⋈∈⊥∋≻⋈∈⊤∋≻⋈∈⊥∋≻⋈∈⊥∋≻⋈∈⊤∋≻⋈∈⊤∋≻⋈∈⊤∋≻⋈∈⊤∋≻⋈∈⊤∋≻⋈∈⊥∋⊙⊡⊣
⊢≻⋈∈⊥∋≻⋈∈⊥∋≻⋈∈⊤∋≻⋈∈⊥∋≻⋈∈⊤∋≻⋈∈⊤∋≻⋈∈⊥∋≻⋈∈⊥∋⊙⊡⊣
⊢≻⋈∈⊥∋≻⋈∈⊤∋≻⋈∈⊥∋≻⋈∈⊤∋≻⋈∈⊥∋≻⋈∈⊥∋≻⋈∈⊤∋≻⋈∈⊤∋≻⋈∈⊥∋≻⋈∈⊤∋≻⋈∈⊤∋≻⋈∈⊥∋≻⋈∈⊤∋≻⋈∈⊤∋≻⋈∈⊤∋≻⋈∈⊤∋≻⋈∈⊥∋≻⋈∈⊥∋≻⋈∈⊤∋≻⋈∈⊤∋≻⋈∈⊥∋⊙⊡⊣
⊢≻⋈∈⊥∋≻⋈∈⊤∋≻⋈∈⊥∋≻⋈∈⊥∋≻⋈∈⊤∋≻⋈∈⊥∋≻⋈∈⊥∋⊙⊡⊣
⊢≻⋈∈⊥∋≻⋈∈⊤∋≻⋈∈⊥∋≻⋈∈⊥∋≻⋈∈⊥∋⊙⊡⊣
⊢≻⋈∈⊥∋≻⋈∈⊥∋≻⋈∈⊤∋≻⋈∈⊤∋≻⋈∈⊤∋≻⋈∈⊥∋≻⋈∈⊥∋≻⋈∈⊥∋≻⋈∈⊥∋≻⋈∈⊥∋≻⋈∈⊥∋⊙⊡⊣
⊢≻⋈∈⊥∋≻⋈∈⊤∋≻⋈∈⊥∋≻⋈∈⊥∋≻⋈∈⊤∋≻⋈∈⊤∋≻⋈∈⊥∋≻⋈∈⊥∋⊙⊡⊣
⊢≻⋈∈⊤∋≻⋈∈⊤∋≻⋈∈⊤∋≻⋈∈⊥∋≻⋈∈⊥∋≻⋈∈⊥∋≻⋈∈⊤∋≻⋈∈⊤∋≻⋈∈⊥∋≻⋈∈⊤∋≻⋈∈⊤∋≻⋈∈⊥∋≻⋈∈⊥∋≻⋈∈⊥∋≻⋈∈⊤∋≻⋈∈⊤∋≻⋈∈⊥∋≻⋈∈⊥∋≻⋈∈⊤∋≻⋈∈⊤∋≻⋈∈⊥∋⊙⊡⊣
⊢≻⋈∈⊤∋≻⋈∈⊥∋≻⋈∈⊥∋≻⋈∈⊥∋≻⋈∈⊤∋≻⋈∈⊥∋≻⋈∈⊥∋⊙⊡⊣
⊢≻⋈∈⊥∋≻⋈∈⊤∋≻⋈∈⊥∋≻⋈∈⊥∋≻⋈∈⊥∋⊙⊡⊣
⊢≻⋈∈⊤∋≻⋈∈⊤∋≻⋈∈⊥∋≻⋈∈⊤∋≻⋈∈⊤∋≻⋈∈⊥∋≻⋈∈⊥∋≻⋈∈⊥∋≻⋈∈⊥∋≻⋈∈⊥∋≻⋈∈⊥∋⊙⊡⊣
⊢≻⋈∈⊥∋≻⋈∈⊥∋≻⋈∈⊥∋≻⋈∈⊥∋≻⋈∈⊤∋≻⋈∈⊤∋≻⋈∈⊥∋≻⋈∈⊥∋⊙⊡⊣
⊢≻⋈∈⊥∋≻⋈∈⊥∋≻⋈∈⊤∋≻⋈∈⊥∋≻⋈∈⊥∋≻⋈∈⊥∋≻⋈∈⊤∋≻⋈∈⊤∋≻⋈∈⊥∋≻⋈∈⊤∋≻⋈∈⊤∋≻⋈∈⊥∋≻⋈∈⊤∋≻⋈∈⊥∋≻⋈∈⊥∋≻⋈∈⊤∋≻⋈∈⊥∋≻⋈∈⊥∋≻⋈∈⊤∋≻⋈∈⊤∋≻⋈∈⊥∋⊙⊡⊣
⊢≻⋈∈⊥∋≻⋈∈⊥∋≻⋈∈⊥∋≻⋈∈⊥∋≻⋈∈⊤∋≻⋈∈⊥∋≻⋈∈⊥∋⊙⊡⊣
⊢≻⋈∈⊥∋≻⋈∈⊤∋≻⋈∈⊥∋≻⋈∈⊤∋≻⋈∈⊤∋≻⋈∈⊥∋≻⋈∈⊥∋≻⋈∈⊥∋≻⋈∈⊥∋≻⋈∈⊥∋⊙⊡⊣
⊢≻⋈∈⊥∋≻⋈∈⊥∋≻⋈∈⊤∋≻⋈∈⊥∋≻⋈∈⊥∋≻⋈∈⊤∋≻⋈∈⊤∋≻⋈∈⊤∋≻⋈∈⊤∋≻⋈∈⊤∋≻⋈∈⊥∋⊙⊡⊣
⊢≻⋈∈⊥∋≻⋈∈⊤∋≻⋈∈⊤∋≻⋈∈⊤∋≻⋈∈⊥∋≻⋈∈⊤∋≻⋈∈⊥∋≻⋈∈⊥∋⊙⊡⊣
⊢≻⋈∈⊤∋≻⋈∈⊥∋≻⋈∈⊥∋≻⋈∈⊥∋≻⋈∈⊥∋≻⋈∈⊥∋≻⋈∈⊤∋≻⋈∈⊤∋≻⋈∈⊥∋≻⋈∈⊤∋≻⋈∈⊤∋≻⋈∈⊥∋≻⋈∈⊥∋≻⋈∈⊤∋≻⋈∈⊤∋≻⋈∈⊥∋≻⋈∈⊥∋≻⋈∈⊥∋≻⋈∈⊤∋≻⋈∈⊤∋≻⋈∈⊥∋⊙⊡⊣
⊢≻⋈∈⊤∋≻⋈∈⊤∋≻⋈∈⊤∋≻⋈∈⊤∋≻⋈∈⊥∋≻⋈∈⊥∋≻⋈∈⊥∋⊙⊡⊣
⊢≻⋈∈⊥∋≻⋈∈⊤∋≻⋈∈⊥∋≻⋈∈⊤∋≻⋈∈⊤∋≻⋈∈⊥∋≻⋈∈⊥∋≻⋈∈⊥∋≻⋈∈⊥∋≻⋈∈⊥∋⊙⊡⊣
⊢≻⋈∈⊤∋≻⋈∈⊤∋≻⋈∈⊥∋≻⋈∈⊥∋≻⋈∈⊥∋≻⋈∈⊤∋≻⋈∈⊤∋≻⋈∈⊤∋≻⋈∈⊤∋≻⋈∈⊤∋≻⋈∈⊥∋⊙⊡⊣
⊢≻⋈∈⊥∋≻⋈∈⊥∋≻⋈∈⊤∋≻⋈∈⊤∋≻⋈∈⊥∋≻⋈∈⊤∋≻⋈∈⊥∋≻⋈∈⊥∋⊙⊡⊣
⊢≻⋈∈⊥∋≻⋈∈⊤∋≻⋈∈⊤∋≻⋈∈⊤∋≻⋈∈⊤∋≻⋈∈⊤∋≻⋈∈⊥∋≻⋈∈⊤∋≻⋈∈⊥∋≻⋈∈⊤∋≻⋈∈⊤∋≻⋈∈⊥∋≻⋈∈⊤∋≻⋈∈⊤∋≻⋈∈⊥∋≻⋈∈⊥∋≻⋈∈⊥∋≻⋈∈⊥∋≻⋈∈⊤∋≻⋈∈⊤∋≻⋈∈⊥∋⊙⊡⊣
⊢≻⋈∈⊥∋≻⋈∈⊤∋≻⋈∈⊤∋≻⋈∈⊤∋≻⋈∈⊥∋≻⋈∈⊥∋≻⋈∈⊥∋⊙⊡⊣
⊢≻⋈∈⊤∋≻⋈∈⊥∋≻⋈∈⊥∋≻⋈∈⊥∋≻⋈∈⊥∋⊙⊡⊣
⊢≻⋈∈⊤∋≻⋈∈⊥∋≻⋈∈⊤∋≻⋈∈⊤∋≻⋈∈⊤∋≻⋈∈⊥∋≻⋈∈⊥∋≻⋈∈⊥∋≻⋈∈⊥∋≻⋈∈⊥∋≻⋈∈⊥∋⊙⊡⊣
⊢≻⋈∈⊥∋≻⋈∈⊤∋≻⋈∈⊥∋≻⋈∈⊤∋≻⋈∈⊥∋≻⋈∈⊤∋≻⋈∈⊥∋≻⋈∈⊥∋⊙⊡⊣
⊢≻⋈∈⊤∋≻⋈∈⊤∋≻⋈∈⊥∋≻⋈∈⊤∋≻⋈∈⊤∋≻⋈∈⊤∋≻⋈∈⊥∋≻⋈∈⊤∋≻⋈∈⊥∋≻⋈∈⊤∋≻⋈∈⊤∋≻⋈∈⊥∋≻⋈∈⊥∋≻⋈∈⊥∋≻⋈∈⊥∋≻⋈∈⊥∋≻⋈∈⊥∋≻⋈∈⊥∋≻⋈∈⊤∋≻⋈∈⊤∋≻⋈∈⊥∋⊙⊡⊣
⊢≻⋈∈⊤∋≻⋈∈⊥∋≻⋈∈⊤∋≻⋈∈⊤∋≻⋈∈⊥∋≻⋈∈⊥∋≻⋈∈⊥∋⊙⊡⊣
⊢≻⋈∈⊤∋≻⋈∈⊥∋≻⋈∈⊥∋≻⋈∈⊥∋≻⋈∈⊥∋⊙⊡⊣
⊢≻⋈∈⊥∋≻⋈∈⊥∋≻⋈∈⊤∋≻⋈∈⊤∋≻⋈∈⊤∋≻⋈∈⊥∋≻⋈∈⊥∋≻⋈∈⊥∋≻⋈∈⊥∋≻⋈∈⊥∋≻⋈∈⊥∋⊙⊡⊣
⊢≻⋈∈⊥∋≻⋈∈⊥∋≻⋈∈⊥∋≻⋈∈⊤∋≻⋈∈⊥∋≻⋈∈⊤∋≻⋈∈⊥∋≻⋈∈⊥∋⊙⊡⊣
⊢≻⋈∈⊥∋≻⋈∈⊥∋≻⋈∈⊥∋≻⋈∈⊤∋≻⋈∈⊤∋≻⋈∈⊤∋≻⋈∈⊥∋≻⋈∈⊤∋≻⋈∈⊥∋≻⋈∈⊤∋≻⋈∈⊤∋≻⋈∈⊥∋≻⋈∈⊤∋≻⋈∈⊥∋≻⋈∈⊤∋≻⋈∈⊤∋≻⋈∈⊤∋≻⋈∈⊤∋≻⋈∈⊥∋≻⋈∈⊤∋≻⋈∈⊥∋⊙⊡⊣
⊢≻⋈∈⊥∋≻⋈∈⊥∋≻⋈∈⊤∋≻⋈∈⊤∋≻⋈∈⊥∋≻⋈∈⊥∋≻⋈∈⊥∋⊙⊡⊣
⊢≻⋈∈⊤∋≻⋈∈⊤∋≻⋈∈⊥∋≻⋈∈⊤∋≻⋈∈⊤∋≻⋈∈⊥∋≻⋈∈⊥∋≻⋈∈⊥∋≻⋈∈⊥∋≻⋈∈⊥∋⊙⊡⊣
⊢≻⋈∈⊤∋≻⋈∈⊤∋≻⋈∈⊥∋≻⋈∈⊥∋≻⋈∈⊥∋≻⋈∈⊤∋≻⋈∈⊤∋≻⋈∈⊤∋≻⋈∈⊤∋≻⋈∈⊤∋≻⋈∈⊥∋⊙⊡⊣
⊢≻⋈∈⊥∋≻⋈∈⊤∋≻⋈∈⊤∋≻⋈∈⊥∋≻⋈∈⊥∋≻⋈∈⊤∋≻⋈∈⊥∋≻⋈∈⊥∋⊙⊡⊣
⊢≻⋈∈⊤∋≻⋈∈⊥∋≻⋈∈⊤∋≻⋈∈⊥∋≻⋈∈⊤∋≻⋈∈⊤∋≻⋈∈⊥∋≻⋈∈⊤∋≻⋈∈⊥∋≻⋈∈⊤∋≻⋈∈⊤∋≻⋈∈⊥∋≻⋈∈⊥∋≻⋈∈⊤∋≻⋈∈⊥∋≻⋈∈⊤∋≻⋈∈⊤∋≻⋈∈⊤∋≻⋈∈⊥∋≻⋈∈⊤∋≻⋈∈⊥∋⊙⊡⊣
⊢≻⋈∈⊤∋≻⋈∈⊤∋≻⋈∈⊥∋≻⋈∈⊤∋≻⋈∈⊥∋≻⋈∈⊥∋≻⋈∈⊥∋⊙⊡⊣
⊢≻⋈∈⊤∋≻⋈∈⊤∋≻⋈∈⊥∋≻⋈∈⊤∋≻⋈∈⊤∋≻⋈∈⊥∋≻⋈∈⊥∋≻⋈∈⊥∋≻⋈∈⊥∋≻⋈∈⊥∋⊙⊡⊣
⊢≻⋈∈⊥∋≻⋈∈⊤∋≻⋈∈⊥∋≻⋈∈⊥∋≻⋈∈⊥∋≻⋈∈⊤∋≻⋈∈⊤∋≻⋈∈⊤∋≻⋈∈⊤∋≻⋈∈⊤∋≻⋈∈⊥∋⊙⊡⊣
⊢≻⋈∈⊥∋≻⋈∈⊥∋≻⋈∈⊤∋≻⋈∈⊥∋≻⋈∈⊥∋≻⋈∈⊤∋≻⋈∈⊥∋≻⋈∈⊥∋⊙⊡⊣
⊢≻⋈∈⊥∋≻⋈∈⊤∋≻⋈∈⊥∋≻⋈∈⊥∋≻⋈∈⊤∋≻⋈∈⊤∋≻⋈∈⊥∋≻⋈∈⊤∋≻⋈∈⊥∋≻⋈∈⊤∋≻⋈∈⊤∋≻⋈∈⊥∋≻⋈∈⊤∋≻⋈∈⊤∋≻⋈∈⊤∋≻⋈∈⊥∋≻⋈∈⊤∋≻⋈∈⊤∋≻⋈∈⊥∋≻⋈∈⊤∋≻⋈∈⊥∋⊙⊡⊣
⊢≻⋈∈⊥∋≻⋈∈⊤∋≻⋈∈⊥∋≻⋈∈⊤∋≻⋈∈⊥∋≻⋈∈⊥∋≻⋈∈⊥∋⊙⊡⊣
⊢≻⋈∈⊥∋≻⋈∈⊥∋≻⋈∈⊥∋≻⋈∈⊥∋≻⋈∈⊥∋⊙⊡⊣
⊢≻⋈∈⊥∋≻⋈∈⊤∋≻⋈∈⊤∋≻⋈∈⊤∋≻⋈∈⊤∋≻⋈∈⊥∋≻⋈∈⊥∋≻⋈∈⊥∋≻⋈∈⊥∋≻⋈∈⊥∋≻⋈∈⊥∋⊙⊡⊣
⊢≻⋈∈⊥∋≻⋈∈⊤∋≻⋈∈⊥∋≻⋈∈⊥∋≻⋈∈⊥∋≻⋈∈⊤∋≻⋈∈⊥∋≻⋈∈⊥∋⊙⊡⊣
⊢≻⋈∈⊤∋≻⋈∈⊤∋≻⋈∈⊤∋≻⋈∈⊤∋≻⋈∈⊥∋≻⋈∈⊤∋≻⋈∈⊥∋≻⋈∈⊤∋≻⋈∈⊥∋≻⋈∈⊤∋≻⋈∈⊤∋≻⋈∈⊥∋≻⋈∈⊥∋≻⋈∈⊥∋≻⋈∈⊤∋≻⋈∈⊥∋≻⋈∈⊤∋≻⋈∈⊤∋≻⋈∈⊥∋≻⋈∈⊤∋≻⋈∈⊥∋⊙⊡⊣
⊢≻⋈∈⊤∋≻⋈∈⊥∋≻⋈∈⊥∋≻⋈∈⊤∋≻⋈∈⊥∋≻⋈∈⊥∋≻⋈∈⊥∋⊙⊡⊣
⊢≻⋈∈⊥∋≻⋈∈⊥∋≻⋈∈⊥∋≻⋈∈⊥∋≻⋈∈⊥∋⊙⊡⊣
⊢≻⋈∈⊤∋≻⋈∈⊥∋≻⋈∈⊤∋≻⋈∈⊤∋≻⋈∈⊤∋≻⋈∈⊥∋≻⋈∈⊥∋≻⋈∈⊥∋≻⋈∈⊥∋≻⋈∈⊥∋≻⋈∈⊥∋⊙⊡⊣
⊢≻⋈∈⊥∋≻⋈∈⊥∋≻⋈∈⊥∋≻⋈∈⊥∋≻⋈∈⊥∋≻⋈∈⊤∋≻⋈∈⊥∋≻⋈∈⊥∋⊙⊡⊣
⊢≻⋈∈⊥∋≻⋈∈⊥∋≻⋈∈⊤∋≻⋈∈⊤∋≻⋈∈⊥∋≻⋈∈⊤∋≻⋈∈⊥∋≻⋈∈⊤∋≻⋈∈⊥∋≻⋈∈⊤∋≻⋈∈⊤∋≻⋈∈⊥∋≻⋈∈⊤∋≻⋈∈⊥∋≻⋈∈⊥∋≻⋈∈⊥∋≻⋈∈⊤∋≻⋈∈⊤∋≻⋈∈⊥∋≻⋈∈⊤∋≻⋈∈⊥∋⊙⊡⊣
⊢≻⋈∈⊥∋≻⋈∈⊥∋≻⋈∈⊥∋≻⋈∈⊤∋≻⋈∈⊥∋≻⋈∈⊥∋≻⋈∈⊥∋⊙⊡⊣
⊢≻⋈∈⊥∋≻⋈∈⊥∋≻⋈∈⊤∋≻⋈∈⊤∋≻⋈∈⊤∋≻⋈∈⊥∋≻⋈∈⊥∋≻⋈∈⊥∋≻⋈∈⊥∋≻⋈∈⊥∋⊙⊡⊣
⊢≻⋈∈⊥∋≻⋈∈⊤∋≻⋈∈⊥∋≻⋈∈⊥∋≻⋈∈⊥∋≻⋈∈⊤∋≻⋈∈⊤∋≻⋈∈⊤∋≻⋈∈⊤∋≻⋈∈⊤∋≻⋈∈⊥∋⊙⊡⊣
⊢≻⋈∈⊥∋≻⋈∈⊤∋≻⋈∈⊤∋≻⋈∈⊤∋≻⋈∈⊤∋≻⋈∈⊥∋≻⋈∈⊥∋≻⋈∈⊥∋⊙⊡⊣
⊢≻⋈∈⊤∋≻⋈∈⊥∋≻⋈∈⊥∋≻⋈∈⊤∋≻⋈∈⊥∋≻⋈∈⊤∋≻⋈∈⊥∋≻⋈∈⊤∋≻⋈∈⊥∋≻⋈∈⊤∋≻⋈∈⊤∋≻⋈∈⊥∋≻⋈∈⊥∋≻⋈∈⊤∋≻⋈∈⊤∋≻⋈∈⊤∋≻⋈∈⊥∋≻⋈∈⊤∋≻⋈∈⊥∋≻⋈∈⊤∋≻⋈∈⊥∋⊙⊡⊣
⊢≻⋈∈⊤∋≻⋈∈⊤∋≻⋈∈⊤∋≻⋈∈⊥∋≻⋈∈⊥∋≻⋈∈⊥∋≻⋈∈⊥∋⊙⊡⊣
⊢≻⋈∈⊥∋≻⋈∈⊥∋≻⋈∈⊤∋≻⋈∈⊤∋≻⋈∈⊤∋≻⋈∈⊥∋≻⋈∈⊥∋≻⋈∈⊥∋≻⋈∈⊥∋≻⋈∈⊥∋⊙⊡⊣
⊢≻⋈∈⊤∋≻⋈∈⊥∋≻⋈∈⊥∋≻⋈∈⊥∋≻⋈∈⊥∋≻⋈∈⊤∋≻⋈∈⊤∋≻⋈∈⊤∋≻⋈∈⊤∋≻⋈∈⊤∋≻⋈∈⊥∋⊙⊡⊣
⊢≻⋈∈⊥∋≻⋈∈⊥∋≻⋈∈⊤∋≻⋈∈⊤∋≻⋈∈⊤∋≻⋈∈⊥∋≻⋈∈⊥∋≻⋈∈⊥∋⊙⊡⊣
⊢≻⋈∈⊥∋≻⋈∈⊤∋≻⋈∈⊤∋≻⋈∈⊥∋≻⋈∈⊥∋≻⋈∈⊤∋≻⋈∈⊥∋≻⋈∈⊤∋≻⋈∈⊥∋≻⋈∈⊤∋≻⋈∈⊤∋≻⋈∈⊥∋≻⋈∈⊤∋≻⋈∈⊤∋≻⋈∈⊥∋≻⋈∈⊤∋≻⋈∈⊥∋≻⋈∈⊤∋≻⋈∈⊥∋≻⋈∈⊤∋≻⋈∈⊥∋⊙⊡⊣
⊢≻⋈∈⊥∋≻⋈∈⊤∋≻⋈∈⊤∋≻⋈∈⊥∋≻⋈∈⊥∋≻⋈∈⊥∋≻⋈∈⊥∋⊙⊡⊣
⊢≻⋈∈⊤∋≻⋈∈⊤∋≻⋈∈⊤∋≻⋈∈⊤∋≻⋈∈⊤∋≻⋈∈⊥∋⊙⊡⊣
⊢≻⋈∈⊤∋≻⋈∈⊤∋≻⋈∈⊤∋≻⋈∈⊤∋≻⋈∈⊤∋≻⋈∈⊥∋≻⋈∈⊥∋≻⋈∈⊥∋≻⋈∈⊥∋≻⋈∈⊥∋≻⋈∈⊥∋⊙⊡⊣
⊢≻⋈∈⊥∋≻⋈∈⊤∋≻⋈∈⊥∋≻⋈∈⊤∋≻⋈∈⊤∋≻⋈∈⊥∋≻⋈∈⊥∋≻⋈∈⊥∋⊙⊡⊣
⊢≻⋈∈⊤∋≻⋈∈⊤∋≻⋈∈⊥∋≻⋈∈⊥∋≻⋈∈⊥∋≻⋈∈⊤∋≻⋈∈⊥∋≻⋈∈⊤∋≻⋈∈⊥∋≻⋈∈⊤∋≻⋈∈⊤∋≻⋈∈⊥∋≻⋈∈⊥∋≻⋈∈⊥∋≻⋈∈⊥∋≻⋈∈⊤∋≻⋈∈⊥∋≻⋈∈⊤∋≻⋈∈⊥∋≻⋈∈⊤∋≻⋈∈⊥∋⊙⊡⊣
⊢≻⋈∈⊤∋≻⋈∈⊥∋≻⋈∈⊤∋≻⋈∈⊥∋≻⋈∈⊥∋≻⋈∈⊥∋≻⋈∈⊥∋⊙⊡⊣
⊢≻⋈∈⊤∋≻⋈∈⊤∋≻⋈∈⊤∋≻⋈∈⊤∋≻⋈∈⊤∋≻⋈∈⊥∋⊙⊡⊣
⊢≻⋈∈⊥∋≻⋈∈⊤∋≻⋈∈⊤∋≻⋈∈⊤∋≻⋈∈⊤∋≻⋈∈⊥∋≻⋈∈⊥∋≻⋈∈⊥∋≻⋈∈⊥∋≻⋈∈⊥∋≻⋈∈⊥∋⊙⊡⊣
⊢≻⋈∈⊥∋≻⋈∈⊥∋≻⋈∈⊥∋≻⋈∈⊤∋≻⋈∈⊤∋≻⋈∈⊥∋≻⋈∈⊥∋≻⋈∈⊥∋⊙⊡⊣
⊢≻⋈∈⊥∋≻⋈∈⊥∋≻⋈∈⊥∋≻⋈∈⊥∋≻⋈∈⊥∋≻⋈∈⊤∋≻⋈∈⊥∋≻⋈∈⊤∋≻⋈∈⊥∋≻⋈∈⊤∋≻⋈∈⊤∋≻⋈∈⊥∋≻⋈∈⊤∋≻⋈∈⊥∋≻⋈∈⊤∋≻⋈∈⊥∋≻⋈∈⊥∋≻⋈∈⊤∋≻⋈∈⊥∋≻⋈∈⊤∋≻⋈∈⊥∋⊙⊡⊣
⊢≻⋈∈⊥∋≻⋈∈⊥∋≻⋈∈⊤∋≻⋈∈⊥∋≻⋈∈⊥∋≻⋈∈⊥∋≻⋈∈⊥∋⊙⊡⊣
⊢≻⋈∈⊤∋≻⋈∈⊥∋≻⋈∈⊤∋≻⋈∈⊤∋≻⋈∈⊤∋≻⋈∈⊥∋≻⋈∈⊥∋≻⋈∈⊥∋≻⋈∈⊥∋≻⋈∈⊥∋⊙⊡⊣
⊢≻⋈∈⊤∋≻⋈∈⊥∋≻⋈∈⊥∋≻⋈∈⊥∋≻⋈∈⊥∋≻⋈∈⊤∋≻⋈∈⊤∋≻⋈∈⊤∋≻⋈∈⊤∋≻⋈∈⊤∋≻⋈∈⊥∋⊙⊡⊣
⊢≻⋈∈⊥∋≻⋈∈⊤∋≻⋈∈⊤∋≻⋈∈⊥∋≻⋈∈⊤∋≻⋈∈⊥∋≻⋈∈⊥∋≻⋈∈⊥∋⊙⊡⊣
⊢≻⋈∈⊤∋≻⋈∈⊥∋≻⋈∈⊤∋≻⋈∈⊤∋≻⋈∈⊤∋≻⋈∈⊥∋≻⋈∈⊥∋≻⋈∈⊤∋≻⋈∈⊥∋≻⋈∈⊤∋≻⋈∈⊤∋≻⋈∈⊥∋≻⋈∈⊥∋≻⋈∈⊤∋≻⋈∈⊥∋≻⋈∈⊥∋≻⋈∈⊥∋≻⋈∈⊤∋≻⋈∈⊥∋≻⋈∈⊤∋≻⋈∈⊥∋⊙⊡⊣
⊢≻⋈∈⊤∋≻⋈∈⊤∋≻⋈∈⊥∋≻⋈∈⊥∋≻⋈∈⊥∋≻⋈∈⊥∋≻⋈∈⊥∋⊙⊡⊣
⊢≻⋈∈⊤∋≻⋈∈⊥∋≻⋈∈⊤∋≻⋈∈⊤∋≻⋈∈⊤∋≻⋈∈⊥∋≻⋈∈⊥∋≻⋈∈⊥∋≻⋈∈⊥∋≻⋈∈⊥∋⊙⊡⊣
⊢≻⋈∈⊥∋≻⋈∈⊥∋≻⋈∈⊥∋≻⋈∈⊥∋≻⋈∈⊥∋≻⋈∈⊤∋≻⋈∈⊤∋≻⋈∈⊤∋≻⋈∈⊤∋≻⋈∈⊤∋≻⋈∈⊥∋⊙⊡⊣
⊢≻⋈∈⊥∋≻⋈∈⊥∋≻⋈∈⊤∋≻⋈∈⊥∋≻⋈∈⊤∋≻⋈∈⊥∋≻⋈∈⊥∋≻⋈∈⊥∋⊙⊡⊣
⊢≻⋈∈⊥∋≻⋈∈⊤∋≻⋈∈⊥∋≻⋈∈⊤∋≻⋈∈⊤∋≻⋈∈⊥∋≻⋈∈⊥∋≻⋈∈⊤∋≻⋈∈⊥∋≻⋈∈⊤∋≻⋈∈⊤∋≻⋈∈⊥∋≻⋈∈⊤∋≻⋈∈⊤∋≻⋈∈⊤∋≻⋈∈⊤∋≻⋈∈⊤∋≻⋈∈⊥∋≻⋈∈⊥∋≻⋈∈⊤∋≻⋈∈⊥∋⊙⊡⊣
⊢≻⋈∈⊥∋≻⋈∈⊤∋≻⋈∈⊥∋≻⋈∈⊥∋≻⋈∈⊥∋≻⋈∈⊥∋≻⋈∈⊥∋⊙⊡⊣
⊢≻⋈∈⊥∋≻⋈∈⊤∋≻⋈∈⊤∋≻⋈∈⊤∋≻⋈∈⊤∋≻⋈∈⊥∋⊙⊡⊣
⊢≻⋈∈⊥∋≻⋈∈⊥∋≻⋈∈⊥∋≻⋈∈⊥∋≻⋈∈⊥∋≻⋈∈⊤∋≻⋈∈⊥∋≻⋈∈⊥∋≻⋈∈⊥∋≻⋈∈⊥∋≻⋈∈⊥∋⊙⊡⊣
⊢≻⋈∈⊥∋≻⋈∈⊤∋≻⋈∈⊥∋≻⋈∈⊥∋≻⋈∈⊤∋≻⋈∈⊥∋≻⋈∈⊥∋≻⋈∈⊥∋⊙⊡⊣
⊢≻⋈∈⊤∋≻⋈∈⊤∋≻⋈∈⊤∋≻⋈∈⊥∋≻⋈∈⊤∋≻⋈∈⊥∋≻⋈∈⊥∋≻⋈∈⊤∋≻⋈∈⊥∋≻⋈∈⊤∋≻⋈∈⊤∋≻⋈∈⊥∋≻⋈∈⊥∋≻⋈∈⊥∋≻⋈∈⊤∋≻⋈∈⊤∋≻⋈∈⊤∋≻⋈∈⊥∋≻⋈∈⊥∋≻⋈∈⊤∋≻⋈∈⊥∋⊙⊡⊣
⊢≻⋈∈⊤∋≻⋈∈⊥∋≻⋈∈⊥∋≻⋈∈⊥∋≻⋈∈⊥∋≻⋈∈⊥∋≻⋈∈⊥∋⊙⊡⊣
⊢≻⋈∈⊥∋≻⋈∈⊤∋≻⋈∈⊤∋≻⋈∈⊤∋≻⋈∈⊤∋≻⋈∈⊥∋⊙⊡⊣
⊢≻⋈∈⊤∋≻⋈∈⊤∋≻⋈∈⊤∋≻⋈∈⊤∋≻⋈∈⊤∋≻⋈∈⊥∋≻⋈∈⊥∋≻⋈∈⊥∋≻⋈∈⊥∋≻⋈∈⊥∋≻⋈∈⊥∋⊙⊡⊣
⊢≻⋈∈⊥∋≻⋈∈⊥∋≻⋈∈⊥∋≻⋈∈⊥∋≻⋈∈⊤∋≻⋈∈⊥∋≻⋈∈⊥∋≻⋈∈⊥∋⊙⊡⊣
⊢≻⋈∈⊥∋≻⋈∈⊥∋≻⋈∈⊤∋≻⋈∈⊥∋≻⋈∈⊤∋≻⋈∈⊥∋≻⋈∈⊥∋≻⋈∈⊤∋≻⋈∈⊥∋≻⋈∈⊤∋≻⋈∈⊤∋≻⋈∈⊥∋≻⋈∈⊤∋≻⋈∈⊥∋≻⋈∈⊥∋≻⋈∈⊤∋≻⋈∈⊤∋≻⋈∈⊥∋≻⋈∈⊥∋≻⋈∈⊤∋≻⋈∈⊥∋⊙⊡⊣
⊢≻⋈∈⊥∋≻⋈∈⊥∋≻⋈∈⊥∋≻⋈∈⊥∋≻⋈∈⊥∋≻⋈∈⊥∋≻⋈∈⊥∋⊙⊡⊣
⊢≻⋈∈⊥∋≻⋈∈⊤∋≻⋈∈⊤∋≻⋈∈⊤∋≻⋈∈⊤∋≻⋈∈⊥∋≻⋈∈⊥∋≻⋈∈⊥∋≻⋈∈⊥∋≻⋈∈⊥∋⊙⊡⊣
⊢≻⋈∈⊥∋≻⋈∈⊥∋≻⋈∈⊥∋≻⋈∈⊥∋≻⋈∈⊥∋≻⋈∈⊤∋≻⋈∈⊤∋≻⋈∈⊤∋≻⋈∈⊤∋≻⋈∈⊤∋≻⋈∈⊥∋⊙⊡⊣
⊢≻⋈∈⊥∋≻⋈∈⊤∋≻⋈∈⊤∋≻⋈∈⊤∋≻⋈∈⊥∋≻⋈∈⊥∋≻⋈∈⊥∋≻⋈∈⊥∋⊙⊡⊣
⊢≻⋈∈⊤∋≻⋈∈⊥∋≻⋈∈⊥∋≻⋈∈⊥∋≻⋈∈⊤∋≻⋈∈⊥∋≻⋈∈⊥∋≻⋈∈⊤∋≻⋈∈⊥∋≻⋈∈⊤∋≻⋈∈⊤∋≻⋈∈⊥∋≻⋈∈⊥∋≻⋈∈⊤∋≻⋈∈⊤∋≻⋈∈⊥∋≻⋈∈⊤∋≻⋈∈⊥∋≻⋈∈⊥∋≻⋈∈⊤∋≻⋈∈⊥∋⊙⊡⊣
⊢≻⋈∈⊤∋≻⋈∈⊤∋≻⋈∈⊤∋≻⋈∈⊤∋≻⋈∈⊤∋≻⋈∈⊤∋≻⋈∈⊤∋≻⋈∈⊥∋⊙⊡⊣
⊢≻⋈∈⊥∋≻⋈∈⊤∋≻⋈∈⊤∋≻⋈∈⊤∋≻⋈∈⊤∋≻⋈∈⊥∋≻⋈∈⊥∋≻⋈∈⊥∋≻⋈∈⊥∋≻⋈∈⊥∋⊙⊡⊣
⊢≻⋈∈⊤∋≻⋈∈⊤∋≻⋈∈⊤∋≻⋈∈⊤∋≻⋈∈⊤∋≻⋈∈⊥∋≻⋈∈⊤∋≻⋈∈⊤∋≻⋈∈⊤∋≻⋈∈⊤∋≻⋈∈⊥∋⊙⊡⊣
⊢≻⋈∈⊥∋≻⋈∈⊥∋≻⋈∈⊤∋≻⋈∈⊤∋≻⋈∈⊥∋≻⋈∈⊥∋≻⋈∈⊥∋≻⋈∈⊥∋⊙⊡⊣
⊢≻⋈∈⊥∋≻⋈∈⊤∋≻⋈∈⊤∋≻⋈∈⊤∋≻⋈∈⊥∋≻⋈∈⊥∋≻⋈∈⊥∋≻⋈∈⊤∋≻⋈∈⊥∋≻⋈∈⊤∋≻⋈∈⊤∋≻⋈∈⊥∋≻⋈∈⊤∋≻⋈∈⊤∋≻⋈∈⊥∋≻⋈∈⊥∋≻⋈∈⊤∋≻⋈∈⊥∋≻⋈∈⊥∋≻⋈∈⊤∋≻⋈∈⊥∋⊙⊡⊣
⊢≻⋈∈⊥∋≻⋈∈⊤∋≻⋈∈⊤∋≻⋈∈⊤∋≻⋈∈⊤∋≻⋈∈⊤∋≻⋈∈⊤∋≻⋈∈⊥∋⊙⊡⊣
⊢≻⋈∈⊤∋≻⋈∈⊥∋≻⋈∈⊤∋≻⋈∈⊤∋≻⋈∈⊤∋≻⋈∈⊥∋⊙⊡⊣
⊢≻⋈∈⊤∋≻⋈∈⊥∋≻⋈∈⊥∋≻⋈∈⊥∋≻⋈∈⊥∋≻⋈∈⊤∋≻⋈∈⊥∋≻⋈∈⊥∋≻⋈∈⊥∋≻⋈∈⊥∋≻⋈∈⊥∋⊙⊡⊣
⊢≻⋈∈⊥∋≻⋈∈⊤∋≻⋈∈⊥∋≻⋈∈⊤∋≻⋈∈⊥∋≻⋈∈⊥∋≻⋈∈⊥∋≻⋈∈⊥∋⊙⊡⊣
⊢≻⋈∈⊤∋≻⋈∈⊤∋≻⋈∈⊥∋≻⋈∈⊤∋≻⋈∈⊥∋≻⋈∈⊥∋≻⋈∈⊥∋≻⋈∈⊤∋≻⋈∈⊥∋≻⋈∈⊤∋≻⋈∈⊤∋≻⋈∈⊥∋≻⋈∈⊥∋≻⋈∈⊥∋≻⋈∈⊥∋≻⋈∈⊥∋≻⋈∈⊤∋≻⋈∈⊥∋≻⋈∈⊥∋≻⋈∈⊤∋≻⋈∈⊥∋⊙⊡⊣
⊢≻⋈∈⊤∋≻⋈∈⊥∋≻⋈∈⊤∋≻⋈∈⊤∋≻⋈∈⊤∋≻⋈∈⊤∋≻⋈∈⊤∋≻⋈∈⊥∋⊙⊡⊣
⊢≻⋈∈⊤∋≻⋈∈⊥∋≻⋈∈⊤∋≻⋈∈⊤∋≻⋈∈⊤∋≻⋈∈⊥∋⊙⊡⊣
⊢≻⋈∈⊥∋≻⋈∈⊥∋≻⋈∈⊥∋≻⋈∈⊥∋≻⋈∈⊥∋≻⋈∈⊤∋≻⋈∈⊥∋≻⋈∈⊥∋≻⋈∈⊥∋≻⋈∈⊥∋≻⋈∈⊥∋⊙⊡⊣
⊢≻⋈∈⊥∋≻⋈∈⊥∋≻⋈∈⊥∋≻⋈∈⊤∋≻⋈∈⊥∋≻⋈∈⊥∋≻⋈∈⊥∋≻⋈∈⊥∋⊙⊡⊣
⊢≻⋈∈⊥∋≻⋈∈⊥∋≻⋈∈⊥∋≻⋈∈⊤∋≻⋈∈⊥∋≻⋈∈⊥∋≻⋈∈⊥∋≻⋈∈⊤∋≻⋈∈⊥∋≻⋈∈⊤∋≻⋈∈⊤∋≻⋈∈⊥∋≻⋈∈⊤∋≻⋈∈⊥∋≻⋈∈⊤∋≻⋈∈⊤∋≻⋈∈⊥∋≻⋈∈⊥∋≻⋈∈⊥∋≻⋈∈⊤∋≻⋈∈⊥∋⊙⊡⊣
⊢≻⋈∈⊥∋≻⋈∈⊥∋≻⋈∈⊤∋≻⋈∈⊤∋≻⋈∈⊤∋≻⋈∈⊤∋≻⋈∈⊤∋≻⋈∈⊥∋⊙⊡⊣
⊢≻⋈∈⊤∋≻⋈∈⊤∋≻⋈∈⊤∋≻⋈∈⊤∋≻⋈∈⊤∋≻⋈∈⊥∋≻⋈∈⊥∋≻⋈∈⊥∋≻⋈∈⊥∋≻⋈∈⊥∋⊙⊡⊣
⊢≻⋈∈⊤∋≻⋈∈⊤∋≻⋈∈⊤∋≻⋈∈⊤∋≻⋈∈⊤∋≻⋈∈⊥∋≻⋈∈⊤∋≻⋈∈⊤∋≻⋈∈⊤∋≻⋈∈⊤∋≻⋈∈⊥∋⊙⊡⊣
⊢≻⋈∈⊥∋≻⋈∈⊤∋≻⋈∈⊤∋≻⋈∈⊥∋≻⋈∈⊥∋≻⋈∈⊥∋≻⋈∈⊥∋≻⋈∈⊥∋⊙⊡⊣
⊢≻⋈∈⊤∋≻⋈∈⊥∋≻⋈∈⊤∋≻⋈∈⊥∋≻⋈∈⊥∋≻⋈∈⊥∋≻⋈∈⊥∋≻⋈∈⊤∋≻⋈∈⊥∋≻⋈∈⊤∋≻⋈∈⊤∋≻⋈∈⊥∋≻⋈∈⊥∋≻⋈∈⊤∋≻⋈∈⊥∋≻⋈∈⊤∋≻⋈∈⊥∋≻⋈∈⊥∋≻⋈∈⊥∋≻⋈∈⊤∋≻⋈∈⊥∋⊙⊡⊣
⊢≻⋈∈⊤∋≻⋈∈⊤∋≻⋈∈⊥∋≻⋈∈⊤∋≻⋈∈⊤∋≻⋈∈⊤∋≻⋈∈⊤∋≻⋈∈⊥∋⊙⊡⊣
⊢≻⋈∈⊤∋≻⋈∈⊤∋≻⋈∈⊤∋≻⋈∈⊤∋≻⋈∈⊤∋≻⋈∈⊥∋≻⋈∈⊥∋≻⋈∈⊥∋≻⋈∈⊥∋≻⋈∈⊥∋⊙⊡⊣
⊢≻⋈∈⊥∋≻⋈∈⊤∋≻⋈∈⊤∋≻⋈∈⊤∋≻⋈∈⊤∋≻⋈∈⊥∋≻⋈∈⊤∋≻⋈∈⊤∋≻⋈∈⊤∋≻⋈∈⊤∋≻⋈∈⊥∋⊙⊡⊣
⊢≻⋈∈⊥∋≻⋈∈⊥∋≻⋈∈⊤∋≻⋈∈⊥∋≻⋈∈⊥∋≻⋈∈⊥∋≻⋈∈⊥∋≻⋈∈⊥∋⊙⊡⊣
⊢≻⋈∈⊥∋≻⋈∈⊤∋≻⋈∈⊥∋≻⋈∈⊥∋≻⋈∈⊥∋≻⋈∈⊥∋≻⋈∈⊥∋≻⋈∈⊤∋≻⋈∈⊥∋≻⋈∈⊤∋≻⋈∈⊤∋≻⋈∈⊥∋≻⋈∈⊤∋≻⋈∈⊤∋≻⋈∈⊤∋≻⋈∈⊥∋≻⋈∈⊥∋≻⋈∈⊥∋≻⋈∈⊥∋≻⋈∈⊤∋≻⋈∈⊥∋⊙⊡⊣
⊢≻⋈∈⊥∋≻⋈∈⊤∋≻⋈∈⊥∋≻⋈∈⊤∋≻⋈∈⊤∋≻⋈∈⊤∋≻⋈∈⊤∋≻⋈∈⊥∋⊙⊡⊣
⊢≻⋈∈⊥∋≻⋈∈⊥∋≻⋈∈⊤∋≻⋈∈⊤∋≻⋈∈⊤∋≻⋈∈⊥∋⊙⊡⊣
⊢≻⋈∈⊥∋≻⋈∈⊤∋≻⋈∈⊥∋≻⋈∈⊥∋≻⋈∈⊥∋≻⋈∈⊤∋≻⋈∈⊥∋≻⋈∈⊥∋≻⋈∈⊥∋≻⋈∈⊥∋≻⋈∈⊥∋⊙⊡⊣
⊢≻⋈∈⊥∋≻⋈∈⊤∋≻⋈∈⊥∋≻⋈∈⊥∋≻⋈∈⊥∋≻⋈∈⊥∋≻⋈∈⊥∋≻⋈∈⊥∋⊙⊡⊣
⊢≻⋈∈⊤∋≻⋈∈⊤∋≻⋈∈⊤∋≻⋈∈⊤∋≻⋈∈⊤∋≻⋈∈⊤∋≻⋈∈⊤∋≻⋈∈⊥∋≻⋈∈⊥∋≻⋈∈⊤∋≻⋈∈⊤∋≻⋈∈⊥∋≻⋈∈⊥∋≻⋈∈⊥∋≻⋈∈⊤∋≻⋈∈⊥∋≻⋈∈⊥∋≻⋈∈⊥∋≻⋈∈⊥∋≻⋈∈⊤∋≻⋈∈⊥∋⊙⊡⊣
⊢≻⋈∈⊤∋≻⋈∈⊥∋≻⋈∈⊥∋≻⋈∈⊤∋≻⋈∈⊤∋≻⋈∈⊤∋≻⋈∈⊤∋≻⋈∈⊥∋⊙⊡⊣
⊢≻⋈∈⊥∋≻⋈∈⊥∋≻⋈∈⊤∋≻⋈∈⊤∋≻⋈∈⊤∋≻⋈∈⊥∋⊙⊡⊣
⊢≻⋈∈⊤∋≻⋈∈⊥∋≻⋈∈⊥∋≻⋈∈⊥∋≻⋈∈⊥∋≻⋈∈⊤∋≻⋈∈⊥∋≻⋈∈⊥∋≻⋈∈⊥∋≻⋈∈⊥∋≻⋈∈⊥∋⊙⊡⊣
⊢≻⋈∈⊥∋≻⋈∈⊥∋≻⋈∈⊥∋≻⋈∈⊥∋≻⋈∈⊥∋≻⋈∈⊥∋≻⋈∈⊥∋≻⋈∈⊥∋⊙⊡⊣
⊢≻⋈∈⊥∋≻⋈∈⊥∋≻⋈∈⊤∋≻⋈∈⊤∋≻⋈∈⊤∋≻⋈∈⊤∋≻⋈∈⊤∋≻⋈∈⊥∋≻⋈∈⊥∋≻⋈∈⊤∋≻⋈∈⊤∋≻⋈∈⊥∋≻⋈∈⊤∋≻⋈∈⊥∋≻⋈∈⊥∋≻⋈∈⊥∋≻⋈∈⊥∋≻⋈∈⊥∋≻⋈∈⊥∋≻⋈∈⊤∋≻⋈∈⊥∋⊙⊡⊣
⊢≻⋈∈⊥∋≻⋈∈⊥∋≻⋈∈⊥∋≻⋈∈⊤∋≻⋈∈⊤∋≻⋈∈⊤∋≻⋈∈⊤∋≻⋈∈⊥∋⊙⊡⊣
⊢≻⋈∈⊥∋≻⋈∈⊥∋≻⋈∈⊥∋≻⋈∈⊥∋≻⋈∈⊥∋≻⋈∈⊤∋≻⋈∈⊥∋≻⋈∈⊥∋≻⋈∈⊥∋≻⋈∈⊥∋⊙⊡⊣
⊢≻⋈∈⊥∋≻⋈∈⊤∋≻⋈∈⊤∋≻⋈∈⊤∋≻⋈∈⊤∋≻⋈∈⊥∋≻⋈∈⊤∋≻⋈∈⊤∋≻⋈∈⊤∋≻⋈∈⊤∋≻⋈∈⊥∋⊙⊡⊣
⊢≻⋈∈⊥∋≻⋈∈⊤∋≻⋈∈⊤∋≻⋈∈⊤∋≻⋈∈⊤∋≻⋈∈⊤∋≻⋈∈⊤∋≻⋈∈⊤∋≻⋈∈⊥∋⊙⊡⊣
⊢≻⋈∈⊤∋≻⋈∈⊥∋≻⋈∈⊥∋≻⋈∈⊤∋≻⋈∈⊤∋≻⋈∈⊤∋≻⋈∈⊤∋≻⋈∈⊥∋≻⋈∈⊥∋≻⋈∈⊤∋≻⋈∈⊤∋≻⋈∈⊥∋≻⋈∈⊥∋≻⋈∈⊤∋≻⋈∈⊤∋≻⋈∈⊤∋≻⋈∈⊤∋≻⋈∈⊤∋≻⋈∈⊤∋≻⋈∈⊥∋≻⋈∈⊥∋⊙⊡⊣
⊢≻⋈∈⊤∋≻⋈∈⊤∋≻⋈∈⊤∋≻⋈∈⊥∋≻⋈∈⊤∋≻⋈∈⊤∋≻⋈∈⊤∋≻⋈∈⊥∋⊙⊡⊣
⊢≻⋈∈⊥∋≻⋈∈⊥∋≻⋈∈⊥∋≻⋈∈⊥∋≻⋈∈⊥∋≻⋈∈⊤∋≻⋈∈⊥∋≻⋈∈⊥∋≻⋈∈⊥∋≻⋈∈⊥∋⊙⊡⊣
⊢≻⋈∈⊤∋≻⋈∈⊥∋≻⋈∈⊤∋≻⋈∈⊤∋≻⋈∈⊤∋≻⋈∈⊥∋≻⋈∈⊤∋≻⋈∈⊤∋≻⋈∈⊤∋≻⋈∈⊤∋≻⋈∈⊥∋⊙⊡⊣
⊢≻⋈∈⊥∋≻⋈∈⊥∋≻⋈∈⊤∋≻⋈∈⊤∋≻⋈∈⊤∋≻⋈∈⊤∋≻⋈∈⊤∋≻⋈∈⊤∋≻⋈∈⊥∋⊙⊡⊣
⊢≻⋈∈⊥∋≻⋈∈⊤∋≻⋈∈⊤∋≻⋈∈⊥∋≻⋈∈⊤∋≻⋈∈⊤∋≻⋈∈⊤∋≻⋈∈⊥∋≻⋈∈⊥∋≻⋈∈⊤∋≻⋈∈⊤∋≻⋈∈⊥∋≻⋈∈⊤∋≻⋈∈⊤∋≻⋈∈⊥∋≻⋈∈⊤∋≻⋈∈⊤∋≻⋈∈⊤∋≻⋈∈⊤∋≻⋈∈⊥∋≻⋈∈⊥∋⊙⊡⊣
⊢≻⋈∈⊥∋≻⋈∈⊤∋≻⋈∈⊤∋≻⋈∈⊥∋≻⋈∈⊤∋≻⋈∈⊤∋≻⋈∈⊤∋≻⋈∈⊥∋⊙⊡⊣
⊢≻⋈∈⊤∋≻⋈∈⊤∋≻⋈∈⊥∋≻⋈∈⊤∋≻⋈∈⊤∋≻⋈∈⊥∋⊙⊡⊣
⊢≻⋈∈⊤∋≻⋈∈⊤∋≻⋈∈⊥∋≻⋈∈⊥∋≻⋈∈⊥∋≻⋈∈⊤∋≻⋈∈⊥∋≻⋈∈⊥∋≻⋈∈⊥∋≻⋈∈⊥∋≻⋈∈⊥∋⊙⊡⊣
⊢≻⋈∈⊥∋≻⋈∈⊤∋≻⋈∈⊥∋≻⋈∈⊤∋≻⋈∈⊤∋≻⋈∈⊤∋≻⋈∈⊤∋≻⋈∈⊤∋≻⋈∈⊥∋⊙⊡⊣
⊢≻⋈∈⊤∋≻⋈∈⊤∋≻⋈∈⊥∋≻⋈∈⊥∋≻⋈∈⊤∋≻⋈∈⊤∋≻⋈∈⊤∋≻⋈∈⊥∋≻⋈∈⊥∋≻⋈∈⊤∋≻⋈∈⊤∋≻⋈∈⊥∋≻⋈∈⊥∋≻⋈∈⊥∋≻⋈∈⊥∋≻⋈∈⊤∋≻⋈∈⊤∋≻⋈∈⊤∋≻⋈∈⊤∋≻⋈∈⊥∋≻⋈∈⊥∋⊙⊡⊣
⊢≻⋈∈⊤∋≻⋈∈⊥∋≻⋈∈⊤∋≻⋈∈⊥∋≻⋈∈⊤∋≻⋈∈⊤∋≻⋈∈⊤∋≻⋈∈⊥∋⊙⊡⊣
⊢≻⋈∈⊤∋≻⋈∈⊤∋≻⋈∈⊥∋≻⋈∈⊤∋≻⋈∈⊤∋≻⋈∈⊥∋⊙⊡⊣
⊢≻⋈∈⊥∋≻⋈∈⊤∋≻⋈∈⊥∋≻⋈∈⊥∋≻⋈∈⊥∋≻⋈∈⊤∋≻⋈∈⊥∋≻⋈∈⊥∋≻⋈∈⊥∋≻⋈∈⊥∋≻⋈∈⊥∋⊙⊡⊣
⊢≻⋈∈⊥∋≻⋈∈⊥∋≻⋈∈⊥∋≻⋈∈⊤∋≻⋈∈⊤∋≻⋈∈⊤∋≻⋈∈⊤∋≻⋈∈⊤∋≻⋈∈⊥∋⊙⊡⊣
⊢≻⋈∈⊥∋≻⋈∈⊥∋≻⋈∈⊥∋≻⋈∈⊥∋≻⋈∈⊤∋≻⋈∈⊤∋≻⋈∈⊤∋≻⋈∈⊥∋≻⋈∈⊥∋≻⋈∈⊤∋≻⋈∈⊤∋≻⋈∈⊥∋≻⋈∈⊤∋≻⋈∈⊥∋≻⋈∈⊤∋≻⋈∈⊥∋≻⋈∈⊤∋≻⋈∈⊤∋≻⋈∈⊤∋≻⋈∈⊥∋≻⋈∈⊥∋⊙⊡⊣
⊢≻⋈∈⊥∋≻⋈∈⊥∋≻⋈∈⊤∋≻⋈∈⊥∋≻⋈∈⊤∋≻⋈∈⊤∋≻⋈∈⊤∋≻⋈∈⊥∋⊙⊡⊣
⊢≻⋈∈⊤∋≻⋈∈⊥∋≻⋈∈⊥∋≻⋈∈⊥∋≻⋈∈⊥∋≻⋈∈⊤∋≻⋈∈⊥∋≻⋈∈⊥∋≻⋈∈⊥∋≻⋈∈⊥∋⊙⊡⊣
⊢≻⋈∈⊤∋≻⋈∈⊥∋≻⋈∈⊤∋≻⋈∈⊤∋≻⋈∈⊤∋≻⋈∈⊥∋≻⋈∈⊤∋≻⋈∈⊤∋≻⋈∈⊤∋≻⋈∈⊤∋≻⋈∈⊥∋⊙⊡⊣
⊢≻⋈∈⊥∋≻⋈∈⊤∋≻⋈∈⊤∋≻⋈∈⊥∋≻⋈∈⊤∋≻⋈∈⊤∋≻⋈∈⊤∋≻⋈∈⊤∋≻⋈∈⊥∋⊙⊡⊣
⊢≻⋈∈⊤∋≻⋈∈⊥∋≻⋈∈⊤∋≻⋈∈⊤∋≻⋈∈⊥∋≻⋈∈⊤∋≻⋈∈⊤∋≻⋈∈⊥∋≻⋈∈⊥∋≻⋈∈⊤∋≻⋈∈⊤∋≻⋈∈⊥∋≻⋈∈⊥∋≻⋈∈⊤∋≻⋈∈⊥∋≻⋈∈⊥∋≻⋈∈⊤∋≻⋈∈⊤∋≻⋈∈⊤∋≻⋈∈⊥∋≻⋈∈⊥∋⊙⊡⊣
⊢≻⋈∈⊤∋≻⋈∈⊤∋≻⋈∈⊥∋≻⋈∈⊥∋≻⋈∈⊤∋≻⋈∈⊤∋≻⋈∈⊤∋≻⋈∈⊥∋⊙⊡⊣
⊢≻⋈∈⊤∋≻⋈∈⊥∋≻⋈∈⊥∋≻⋈∈⊥∋≻⋈∈⊥∋≻⋈∈⊤∋≻⋈∈⊥∋≻⋈∈⊥∋≻⋈∈⊥∋≻⋈∈⊥∋⊙⊡⊣
⊢≻⋈∈⊥∋≻⋈∈⊥∋≻⋈∈⊤∋≻⋈∈⊤∋≻⋈∈⊤∋≻⋈∈⊥∋≻⋈∈⊤∋≻⋈∈⊤∋≻⋈∈⊤∋≻⋈∈⊤∋≻⋈∈⊥∋⊙⊡⊣
⊢≻⋈∈⊥∋≻⋈∈⊥∋≻⋈∈⊤∋≻⋈∈⊥∋≻⋈∈⊤∋≻⋈∈⊤∋≻⋈∈⊤∋≻⋈∈⊤∋≻⋈∈⊥∋⊙⊡⊣
⊢≻⋈∈⊥∋≻⋈∈⊤∋≻⋈∈⊥∋≻⋈∈⊤∋≻⋈∈⊥∋≻⋈∈⊤∋≻⋈∈⊤∋≻⋈∈⊥∋≻⋈∈⊥∋≻⋈∈⊤∋≻⋈∈⊤∋≻⋈∈⊥∋≻⋈∈⊤∋≻⋈∈⊤∋≻⋈∈⊤∋≻⋈∈⊤∋≻⋈∈⊥∋≻⋈∈⊤∋≻⋈∈⊤∋≻⋈∈⊥∋≻⋈∈⊥∋⊙⊡⊣
⊢≻⋈∈⊥∋≻⋈∈⊤∋≻⋈∈⊥∋≻⋈∈⊥∋≻⋈∈⊤∋≻⋈∈⊤∋≻⋈∈⊤∋≻⋈∈⊥∋⊙⊡⊣
⊢≻⋈∈⊥∋≻⋈∈⊤∋≻⋈∈⊥∋≻⋈∈⊤∋≻⋈∈⊤∋≻⋈∈⊥∋⊙⊡⊣
⊢≻⋈∈⊥∋≻⋈∈⊥∋≻⋈∈⊤∋≻⋈∈⊥∋≻⋈∈⊥∋≻⋈∈⊤∋≻⋈∈⊥∋≻⋈∈⊥∋≻⋈∈⊥∋≻⋈∈⊥∋≻⋈∈⊥∋⊙⊡⊣
⊢≻⋈∈⊥∋≻⋈∈⊤∋≻⋈∈⊥∋≻⋈∈⊥∋≻⋈∈⊤∋≻⋈∈⊤∋≻⋈∈⊤∋≻⋈∈⊤∋≻⋈∈⊥∋⊙⊡⊣
⊢≻⋈∈⊤∋≻⋈∈⊤∋≻⋈∈⊤∋≻⋈∈⊥∋≻⋈∈⊥∋≻⋈∈⊤∋≻⋈∈⊤∋≻⋈∈⊥∋≻⋈∈⊥∋≻⋈∈⊤∋≻⋈∈⊤∋≻⋈∈⊥∋≻⋈∈⊥∋≻⋈∈⊥∋≻⋈∈⊤∋≻⋈∈⊤∋≻⋈∈⊥∋≻⋈∈⊤∋≻⋈∈⊤∋≻⋈∈⊥∋≻⋈∈⊥∋⊙⊡⊣
⊢≻⋈∈⊤∋≻⋈∈⊥∋≻⋈∈⊥∋≻⋈∈⊥∋≻⋈∈⊤∋≻⋈∈⊤∋≻⋈∈⊤∋≻⋈∈⊥∋⊙⊡⊣
⊢≻⋈∈⊥∋≻⋈∈⊤∋≻⋈∈⊥∋≻⋈∈⊤∋≻⋈∈⊤∋≻⋈∈⊥∋⊙⊡⊣
⊢≻⋈∈⊤∋≻⋈∈⊤∋≻⋈∈⊥∋≻⋈∈⊥∋≻⋈∈⊥∋≻⋈∈⊤∋≻⋈∈⊥∋≻⋈∈⊥∋≻⋈∈⊥∋≻⋈∈⊥∋≻⋈∈⊥∋⊙⊡⊣
⊢≻⋈∈⊥∋≻⋈∈⊥∋≻⋈∈⊥∋≻⋈∈⊥∋≻⋈∈⊤∋≻⋈∈⊤∋≻⋈∈⊤∋≻⋈∈⊤∋≻⋈∈⊥∋⊙⊡⊣
⊢≻⋈∈⊥∋≻⋈∈⊥∋≻⋈∈⊤∋≻⋈∈⊥∋≻⋈∈⊥∋≻⋈∈⊤∋≻⋈∈⊤∋≻⋈∈⊥∋≻⋈∈⊥∋≻⋈∈⊤∋≻⋈∈⊤∋≻⋈∈⊥∋≻⋈∈⊤∋≻⋈∈⊥∋≻⋈∈⊥∋≻⋈∈⊤∋≻⋈∈⊥∋≻⋈∈⊤∋≻⋈∈⊤∋≻⋈∈⊥∋≻⋈∈⊥∋⊙⊡⊣
⊢≻⋈∈⊥∋≻⋈∈⊥∋≻⋈∈⊥∋≻⋈∈⊥∋≻⋈∈⊤∋≻⋈∈⊤∋≻⋈∈⊤∋≻⋈∈⊥∋⊙⊡⊣
⊢≻⋈∈⊥∋≻⋈∈⊤∋≻⋈∈⊥∋≻⋈∈⊥∋≻⋈∈⊥∋≻⋈∈⊤∋≻⋈∈⊥∋≻⋈∈⊥∋≻⋈∈⊥∋≻⋈∈⊥∋⊙⊡⊣
⊢≻⋈∈⊥∋≻⋈∈⊥∋≻⋈∈⊤∋≻⋈∈⊤∋≻⋈∈⊤∋≻⋈∈⊥∋≻⋈∈⊤∋≻⋈∈⊤∋≻⋈∈⊤∋≻⋈∈⊤∋≻⋈∈⊥∋⊙⊡⊣
⊢≻⋈∈⊥∋≻⋈∈⊤∋≻⋈∈⊤∋≻⋈∈⊤∋≻⋈∈⊥∋≻⋈∈⊤∋≻⋈∈⊤∋≻⋈∈⊤∋≻⋈∈⊥∋⊙⊡⊣
⊢≻⋈∈⊤∋≻⋈∈⊥∋≻⋈∈⊥∋≻⋈∈⊥∋≻⋈∈⊥∋≻⋈∈⊤∋≻⋈∈⊤∋≻⋈∈⊥∋≻⋈∈⊥∋≻⋈∈⊤∋≻⋈∈⊤∋≻⋈∈⊥∋≻⋈∈⊥∋≻⋈∈⊤∋≻⋈∈⊤∋≻⋈∈⊥∋≻⋈∈⊥∋≻⋈∈⊤∋≻⋈∈⊤∋≻⋈∈⊥∋≻⋈∈⊥∋⊙⊡⊣
⊢≻⋈∈⊤∋≻⋈∈⊤∋≻⋈∈⊤∋≻⋈∈⊤∋≻⋈∈⊥∋≻⋈∈⊤∋≻⋈∈⊤∋≻⋈∈⊥∋⊙⊡⊣
⊢≻⋈∈⊥∋≻⋈∈⊤∋≻⋈∈⊥∋≻⋈∈⊥∋≻⋈∈⊥∋≻⋈∈⊤∋≻⋈∈⊥∋≻⋈∈⊥∋≻⋈∈⊥∋≻⋈∈⊥∋⊙⊡⊣
⊢≻⋈∈⊤∋≻⋈∈⊤∋≻⋈∈⊥∋≻⋈∈⊤∋≻⋈∈⊤∋≻⋈∈⊥∋≻⋈∈⊤∋≻⋈∈⊤∋≻⋈∈⊤∋≻⋈∈⊤∋≻⋈∈⊥∋⊙⊡⊣
⊢≻⋈∈⊥∋≻⋈∈⊥∋≻⋈∈⊤∋≻⋈∈⊤∋≻⋈∈⊥∋≻⋈∈⊤∋≻⋈∈⊤∋≻⋈∈⊤∋≻⋈∈⊥∋⊙⊡⊣
⊢≻⋈∈⊥∋≻⋈∈⊤∋≻⋈∈⊤∋≻⋈∈⊤∋≻⋈∈⊤∋≻⋈∈⊥∋≻⋈∈⊤∋≻⋈∈⊥∋≻⋈∈⊥∋≻⋈∈⊤∋≻⋈∈⊤∋≻⋈∈⊥∋≻⋈∈⊤∋≻⋈∈⊤∋≻⋈∈⊥∋≻⋈∈⊥∋≻⋈∈⊥∋≻⋈∈⊤∋≻⋈∈⊤∋≻⋈∈⊥∋≻⋈∈⊥∋⊙⊡⊣
⊢≻⋈∈⊥∋≻⋈∈⊤∋≻⋈∈⊤∋≻⋈∈⊤∋≻⋈∈⊥∋≻⋈∈⊤∋≻⋈∈⊤∋≻⋈∈⊥∋⊙⊡⊣
⊢≻⋈∈⊤∋≻⋈∈⊥∋≻⋈∈⊥∋≻⋈∈⊤∋≻⋈∈⊤∋≻⋈∈⊥∋⊙⊡⊣
⊢≻⋈∈⊤∋≻⋈∈⊥∋≻⋈∈⊤∋≻⋈∈⊥∋≻⋈∈⊥∋≻⋈∈⊤∋≻⋈∈⊥∋≻⋈∈⊥∋≻⋈∈⊥∋≻⋈∈⊥∋≻⋈∈⊥∋⊙⊡⊣
⊢≻⋈∈⊥∋≻⋈∈⊤∋≻⋈∈⊥∋≻⋈∈⊤∋≻⋈∈⊥∋≻⋈∈⊤∋≻⋈∈⊤∋≻⋈∈⊤∋≻⋈∈⊥∋⊙⊡⊣
⊢≻⋈∈⊤∋≻⋈∈⊤∋≻⋈∈⊥∋≻⋈∈⊤∋≻⋈∈⊤∋≻⋈∈⊥∋≻⋈∈⊤∋≻⋈∈⊥∋≻⋈∈⊥∋≻⋈∈⊤∋≻⋈∈⊤∋≻⋈∈⊥∋≻⋈∈⊥∋≻⋈∈⊥∋≻⋈∈⊥∋≻⋈∈⊥∋≻⋈∈⊥∋≻⋈∈⊤∋≻⋈∈⊤∋≻⋈∈⊥∋≻⋈∈⊥∋⊙⊡⊣
⊢≻⋈∈⊤∋≻⋈∈⊥∋≻⋈∈⊤∋≻⋈∈⊤∋≻⋈∈⊥∋≻⋈∈⊤∋≻⋈∈⊤∋≻⋈∈⊥∋⊙⊡⊣
⊢≻⋈∈⊤∋≻⋈∈⊥∋≻⋈∈⊥∋≻⋈∈⊤∋≻⋈∈⊤∋≻⋈∈⊥∋⊙⊡⊣
⊢≻⋈∈⊥∋≻⋈∈⊥∋≻⋈∈⊤∋≻⋈∈⊥∋≻⋈∈⊥∋≻⋈∈⊤∋≻⋈∈⊥∋≻⋈∈⊥∋≻⋈∈⊥∋≻⋈∈⊥∋≻⋈∈⊥∋⊙⊡⊣
⊢≻⋈∈⊥∋≻⋈∈⊥∋≻⋈∈⊥∋≻⋈∈⊤∋≻⋈∈⊥∋≻⋈∈⊤∋≻⋈∈⊤∋≻⋈∈⊤∋≻⋈∈⊥∋⊙⊡⊣
⊢≻⋈∈⊥∋≻⋈∈⊥∋≻⋈∈⊥∋≻⋈∈⊤∋≻⋈∈⊤∋≻⋈∈⊥∋≻⋈∈⊤∋≻⋈∈⊥∋≻⋈∈⊥∋≻⋈∈⊤∋≻⋈∈⊤∋≻⋈∈⊥∋≻⋈∈⊤∋≻⋈∈⊥∋≻⋈∈⊤∋≻⋈∈⊤∋≻⋈∈⊤∋≻⋈∈⊥∋≻⋈∈⊤∋≻⋈∈⊥∋≻⋈∈⊥∋⊙⊡⊣
⊢≻⋈∈⊥∋≻⋈∈⊥∋≻⋈∈⊤∋≻⋈∈⊤∋≻⋈∈⊥∋≻⋈∈⊤∋≻⋈∈⊤∋≻⋈∈⊥∋⊙⊡⊣
⊢≻⋈∈⊤∋≻⋈∈⊤∋≻⋈∈⊥∋≻⋈∈⊥∋≻⋈∈⊥∋≻⋈∈⊤∋≻⋈∈⊥∋≻⋈∈⊥∋≻⋈∈⊥∋≻⋈∈⊥∋⊙⊡⊣
⊢≻⋈∈⊤∋≻⋈∈⊤∋≻⋈∈⊥∋≻⋈∈⊤∋≻⋈∈⊤∋≻⋈∈⊥∋≻⋈∈⊤∋≻⋈∈⊤∋≻⋈∈⊤∋≻⋈∈⊤∋≻⋈∈⊥∋⊙⊡⊣
⊢≻⋈∈⊥∋≻⋈∈⊤∋≻⋈∈⊤∋≻⋈∈⊥∋≻⋈∈⊥∋≻⋈∈⊤∋≻⋈∈⊤∋≻⋈∈⊤∋≻⋈∈⊥∋⊙⊡⊣
⊢≻⋈∈⊤∋≻⋈∈⊥∋≻⋈∈⊤∋≻⋈∈⊥∋≻⋈∈⊤∋≻⋈∈⊥∋≻⋈∈⊤∋≻⋈∈⊥∋≻⋈∈⊥∋≻⋈∈⊤∋≻⋈∈⊤∋≻⋈∈⊥∋≻⋈∈⊥∋≻⋈∈⊤∋≻⋈∈⊥∋≻⋈∈⊤∋≻⋈∈⊤∋≻⋈∈⊥∋≻⋈∈⊤∋≻⋈∈⊥∋≻⋈∈⊥∋⊙⊡⊣
⊢≻⋈∈⊤∋≻⋈∈⊤∋≻⋈∈⊥∋≻⋈∈⊤∋≻⋈∈⊥∋≻⋈∈⊤∋≻⋈∈⊤∋≻⋈∈⊥∋⊙⊡⊣
⊢≻⋈∈⊤∋≻⋈∈⊤∋≻⋈∈⊥∋≻⋈∈⊥∋≻⋈∈⊥∋≻⋈∈⊤∋≻⋈∈⊥∋≻⋈∈⊥∋≻⋈∈⊥∋≻⋈∈⊥∋⊙⊡⊣
⊢≻⋈∈⊥∋≻⋈∈⊤∋≻⋈∈⊥∋≻⋈∈⊤∋≻⋈∈⊤∋≻⋈∈⊥∋≻⋈∈⊤∋≻⋈∈⊤∋≻⋈∈⊤∋≻⋈∈⊤∋≻⋈∈⊥∋⊙⊡⊣
⊢≻⋈∈⊥∋≻⋈∈⊥∋≻⋈∈⊤∋≻⋈∈⊥∋≻⋈∈⊥∋≻⋈∈⊤∋≻⋈∈⊤∋≻⋈∈⊤∋≻⋈∈⊥∋⊙⊡⊣
⊢≻⋈∈⊥∋≻⋈∈⊤∋≻⋈∈⊥∋≻⋈∈⊥∋≻⋈∈⊤∋≻⋈∈⊥∋≻⋈∈⊤∋≻⋈∈⊥∋≻⋈∈⊥∋≻⋈∈⊤∋≻⋈∈⊤∋≻⋈∈⊥∋≻⋈∈⊤∋≻⋈∈⊤∋≻⋈∈⊤∋≻⋈∈⊥∋≻⋈∈⊤∋≻⋈∈⊥∋≻⋈∈⊤∋≻⋈∈⊥∋≻⋈∈⊥∋⊙⊡⊣
⊢≻⋈∈⊥∋≻⋈∈⊤∋≻⋈∈⊥∋≻⋈∈⊤∋≻⋈∈⊥∋≻⋈∈⊤∋≻⋈∈⊤∋≻⋈∈⊥∋⊙⊡⊣
⊢≻⋈∈⊥∋≻⋈∈⊥∋≻⋈∈⊥∋≻⋈∈⊤∋≻⋈∈⊤∋≻⋈∈⊥∋⊙⊡⊣
⊢≻⋈∈⊥∋≻⋈∈⊤∋≻⋈∈⊤∋≻⋈∈⊥∋≻⋈∈⊥∋≻⋈∈⊤∋≻⋈∈⊥∋≻⋈∈⊥∋≻⋈∈⊥∋≻⋈∈⊥∋≻⋈∈⊥∋⊙⊡⊣
⊢≻⋈∈⊥∋≻⋈∈⊤∋≻⋈∈⊥∋≻⋈∈⊥∋≻⋈∈⊥∋≻⋈∈⊤∋≻⋈∈⊤∋≻⋈∈⊤∋≻⋈∈⊥∋⊙⊡⊣
⊢≻⋈∈⊤∋≻⋈∈⊤∋≻⋈∈⊤∋≻⋈∈⊤∋≻⋈∈⊥∋≻⋈∈⊥∋≻⋈∈⊤∋≻⋈∈⊥∋≻⋈∈⊥∋≻⋈∈⊤∋≻⋈∈⊤∋≻⋈∈⊥∋≻⋈∈⊥∋≻⋈∈⊥∋≻⋈∈⊤∋≻⋈∈⊥∋≻⋈∈⊤∋≻⋈∈⊥∋≻⋈∈⊤∋≻⋈∈⊥∋≻⋈∈⊥∋⊙⊡⊣
⊢≻⋈∈⊤∋≻⋈∈⊥∋≻⋈∈⊥∋≻⋈∈⊤∋≻⋈∈⊥∋≻⋈∈⊤∋≻⋈∈⊤∋≻⋈∈⊥∋⊙⊡⊣
⊢≻⋈∈⊥∋≻⋈∈⊥∋≻⋈∈⊥∋≻⋈∈⊤∋≻⋈∈⊤∋≻⋈∈⊥∋⊙⊡⊣
⊢≻⋈∈⊤∋≻⋈∈⊥∋≻⋈∈⊤∋≻⋈∈⊥∋≻⋈∈⊥∋≻⋈∈⊤∋≻⋈∈⊥∋≻⋈∈⊥∋≻⋈∈⊥∋≻⋈∈⊥∋≻⋈∈⊥∋⊙⊡⊣
⊢≻⋈∈⊥∋≻⋈∈⊥∋≻⋈∈⊥∋≻⋈∈⊥∋≻⋈∈⊥∋≻⋈∈⊤∋≻⋈∈⊤∋≻⋈∈⊤∋≻⋈∈⊥∋⊙⊡⊣
⊢≻⋈∈⊥∋≻⋈∈⊥∋≻⋈∈⊤∋≻⋈∈⊤∋≻⋈∈⊥∋≻⋈∈⊥∋≻⋈∈⊤∋≻⋈∈⊥∋≻⋈∈⊥∋≻⋈∈⊤∋≻⋈∈⊤∋≻⋈∈⊥∋≻⋈∈⊤∋≻⋈∈⊥∋≻⋈∈⊥∋≻⋈∈⊥∋≻⋈∈⊤∋≻⋈∈⊥∋≻⋈∈⊤∋≻⋈∈⊥∋≻⋈∈⊥∋⊙⊡⊣
⊢≻⋈∈⊥∋≻⋈∈⊥∋≻⋈∈⊥∋≻⋈∈⊤∋≻⋈∈⊥∋≻⋈∈⊤∋≻⋈∈⊤∋≻⋈∈⊥∋⊙⊡⊣
⊢≻⋈∈⊥∋≻⋈∈⊥∋≻⋈∈⊤∋≻⋈∈⊥∋≻⋈∈⊥∋≻⋈∈⊤∋≻⋈∈⊥∋≻⋈∈⊥∋≻⋈∈⊥∋≻⋈∈⊥∋⊙⊡⊣
⊢≻⋈∈⊥∋≻⋈∈⊤∋≻⋈∈⊥∋≻⋈∈⊤∋≻⋈∈⊤∋≻⋈∈⊥∋≻⋈∈⊤∋≻⋈∈⊤∋≻⋈∈⊤∋≻⋈∈⊤∋≻⋈∈⊥∋⊙⊡⊣
⊢≻⋈∈⊥∋≻⋈∈⊤∋≻⋈∈⊤∋≻⋈∈⊤∋≻⋈∈⊤∋≻⋈∈⊥∋≻⋈∈⊤∋≻⋈∈⊤∋≻⋈∈⊥∋⊙⊡⊣
⊢≻⋈∈⊤∋≻⋈∈⊥∋≻⋈∈⊥∋≻⋈∈⊤∋≻⋈∈⊥∋≻⋈∈⊥∋≻⋈∈⊤∋≻⋈∈⊥∋≻⋈∈⊥∋≻⋈∈⊤∋≻⋈∈⊤∋≻⋈∈⊥∋≻⋈∈⊥∋≻⋈∈⊤∋≻⋈∈⊤∋≻⋈∈⊤∋≻⋈∈⊥∋≻⋈∈⊥∋≻⋈∈⊤∋≻⋈∈⊥∋≻⋈∈⊥∋⊙⊡⊣
⊢≻⋈∈⊤∋≻⋈∈⊤∋≻⋈∈⊤∋≻⋈∈⊥∋≻⋈∈⊥∋≻⋈∈⊤∋≻⋈∈⊤∋≻⋈∈⊥∋⊙⊡⊣
⊢≻⋈∈⊥∋≻⋈∈⊥∋≻⋈∈⊤∋≻⋈∈⊥∋≻⋈∈⊥∋≻⋈∈⊤∋≻⋈∈⊥∋≻⋈∈⊥∋≻⋈∈⊥∋≻⋈∈⊥∋⊙⊡⊣
⊢≻⋈∈⊤∋≻⋈∈⊥∋≻⋈∈⊥∋≻⋈∈⊤∋≻⋈∈⊤∋≻⋈∈⊥∋≻⋈∈⊤∋≻⋈∈⊤∋≻⋈∈⊤∋≻⋈∈⊤∋≻⋈∈⊥∋⊙⊡⊣
⊢≻⋈∈⊥∋≻⋈∈⊥∋≻⋈∈⊤∋≻⋈∈⊤∋≻⋈∈⊤∋≻⋈∈⊥∋≻⋈∈⊤∋≻⋈∈⊤∋≻⋈∈⊥∋⊙⊡⊣
⊢≻⋈∈⊥∋≻⋈∈⊤∋≻⋈∈⊤∋≻⋈∈⊥∋≻⋈∈⊥∋≻⋈∈⊥∋≻⋈∈⊤∋≻⋈∈⊥∋≻⋈∈⊥∋≻⋈∈⊤∋≻⋈∈⊤∋≻⋈∈⊥∋≻⋈∈⊤∋≻⋈∈⊤∋≻⋈∈⊥∋≻⋈∈⊤∋≻⋈∈⊥∋≻⋈∈⊥∋≻⋈∈⊤∋≻⋈∈⊥∋≻⋈∈⊥∋⊙⊡⊣
⊢≻⋈∈⊥∋≻⋈∈⊤∋≻⋈∈⊤∋≻⋈∈⊥∋≻⋈∈⊥∋≻⋈∈⊤∋≻⋈∈⊤∋≻⋈∈⊥∋⊙⊡⊣
⊢≻⋈∈⊤∋≻⋈∈⊤∋≻⋈∈⊤∋≻⋈∈⊥∋≻⋈∈⊤∋≻⋈∈⊥∋⊙⊡⊣
⊢≻⋈∈⊤∋≻⋈∈⊤∋≻⋈∈⊤∋≻⋈∈⊥∋≻⋈∈⊥∋≻⋈∈⊤∋≻⋈∈⊥∋≻⋈∈⊥∋≻⋈∈⊥∋≻⋈∈⊥∋≻⋈∈⊥∋⊙⊡⊣
⊢≻⋈∈⊥∋≻⋈∈⊤∋≻⋈∈⊥∋≻⋈∈⊤∋≻⋈∈⊤∋≻⋈∈⊥∋≻⋈∈⊤∋≻⋈∈⊤∋≻⋈∈⊥∋⊙⊡⊣
⊢≻⋈∈⊤∋≻⋈∈⊤∋≻⋈∈⊥∋≻⋈∈⊥∋≻⋈∈⊥∋≻⋈∈⊥∋≻⋈∈⊤∋≻⋈∈⊥∋≻⋈∈⊥∋≻⋈∈⊤∋≻⋈∈⊤∋≻⋈∈⊥∋≻⋈∈⊥∋≻⋈∈⊥∋≻⋈∈⊥∋≻⋈∈⊤∋≻⋈∈⊥∋≻⋈∈⊥∋≻⋈∈⊤∋≻⋈∈⊥∋≻⋈∈⊥∋⊙⊡⊣
⊢≻⋈∈⊤∋≻⋈∈⊥∋≻⋈∈⊤∋≻⋈∈⊥∋≻⋈∈⊥∋≻⋈∈⊤∋≻⋈∈⊤∋≻⋈∈⊥∋⊙⊡⊣
⊢≻⋈∈⊤∋≻⋈∈⊤∋≻⋈∈⊤∋≻⋈∈⊥∋≻⋈∈⊤∋≻⋈∈⊥∋⊙⊡⊣
⊢≻⋈∈⊥∋≻⋈∈⊤∋≻⋈∈⊤∋≻⋈∈⊥∋≻⋈∈⊥∋≻⋈∈⊤∋≻⋈∈⊥∋≻⋈∈⊥∋≻⋈∈⊥∋≻⋈∈⊥∋≻⋈∈⊥∋⊙⊡⊣
⊢≻⋈∈⊥∋≻⋈∈⊥∋≻⋈∈⊥∋≻⋈∈⊤∋≻⋈∈⊤∋≻⋈∈⊥∋≻⋈∈⊤∋≻⋈∈⊤∋≻⋈∈⊥∋⊙⊡⊣
⊢≻⋈∈⊥∋≻⋈∈⊥∋≻⋈∈⊥∋≻⋈∈⊥∋≻⋈∈⊥∋≻⋈∈⊥∋≻⋈∈⊤∋≻⋈∈⊥∋≻⋈∈⊥∋≻⋈∈⊤∋≻⋈∈⊤∋≻⋈∈⊥∋≻⋈∈⊤∋≻⋈∈⊥∋≻⋈∈⊤∋≻⋈∈⊥∋≻⋈∈⊥∋≻⋈∈⊥∋≻⋈∈⊤∋≻⋈∈⊥∋≻⋈∈⊥∋⊙⊡⊣
⊢≻⋈∈⊥∋≻⋈∈⊥∋≻⋈∈⊤∋≻⋈∈⊥∋≻⋈∈⊥∋≻⋈∈⊤∋≻⋈∈⊤∋≻⋈∈⊥∋⊙⊡⊣
⊢≻⋈∈⊤∋≻⋈∈⊥∋≻⋈∈⊤∋≻⋈∈⊥∋≻⋈∈⊥∋≻⋈∈⊤∋≻⋈∈⊥∋≻⋈∈⊥∋≻⋈∈⊥∋≻⋈∈⊥∋⊙⊡⊣
⊢≻⋈∈⊤∋≻⋈∈⊥∋≻⋈∈⊥∋≻⋈∈⊤∋≻⋈∈⊤∋≻⋈∈⊥∋≻⋈∈⊤∋≻⋈∈⊤∋≻⋈∈⊤∋≻⋈∈⊤∋≻⋈∈⊥∋⊙⊡⊣
⊢≻⋈∈⊥∋≻⋈∈⊤∋≻⋈∈⊤∋≻⋈∈⊥∋≻⋈∈⊤∋≻⋈∈⊥∋≻⋈∈⊤∋≻⋈∈⊤∋≻⋈∈⊥∋⊙⊡⊣
⊢≻⋈∈⊤∋≻⋈∈⊥∋≻⋈∈⊤∋≻⋈∈⊤∋≻⋈∈⊤∋≻⋈∈⊤∋≻⋈∈⊥∋≻⋈∈⊥∋≻⋈∈⊥∋≻⋈∈⊤∋≻⋈∈⊤∋≻⋈∈⊥∋≻⋈∈⊥∋≻⋈∈⊤∋≻⋈∈⊥∋≻⋈∈⊥∋≻⋈∈⊥∋≻⋈∈⊥∋≻⋈∈⊤∋≻⋈∈⊥∋≻⋈∈⊥∋⊙⊡⊣
⊢≻⋈∈⊤∋≻⋈∈⊤∋≻⋈∈⊥∋≻⋈∈⊥∋≻⋈∈⊥∋≻⋈∈⊤∋≻⋈∈⊤∋≻⋈∈⊥∋⊙⊡⊣
⊢≻⋈∈⊤∋≻⋈∈⊥∋≻⋈∈⊤∋≻⋈∈⊥∋≻⋈∈⊥∋≻⋈∈⊤∋≻⋈∈⊥∋≻⋈∈⊥∋≻⋈∈⊥∋≻⋈∈⊥∋⊙⊡⊣
⊢≻⋈∈⊥∋≻⋈∈⊥∋≻⋈∈⊥∋≻⋈∈⊤∋≻⋈∈⊤∋≻⋈∈⊥∋≻⋈∈⊤∋≻⋈∈⊤∋≻⋈∈⊤∋≻⋈∈⊤∋≻⋈∈⊥∋⊙⊡⊣
⊢≻⋈∈⊥∋≻⋈∈⊥∋≻⋈∈⊤∋≻⋈∈⊥∋≻⋈∈⊤∋≻⋈∈⊥∋≻⋈∈⊤∋≻⋈∈⊤∋≻⋈∈⊥∋⊙⊡⊣
⊢≻⋈∈⊥∋≻⋈∈⊤∋≻⋈∈⊥∋≻⋈∈⊤∋≻⋈∈⊤∋≻⋈∈⊤∋≻⋈∈⊥∋≻⋈∈⊥∋≻⋈∈⊥∋≻⋈∈⊤∋≻⋈∈⊤∋≻⋈∈⊥∋≻⋈∈⊤∋≻⋈∈⊤∋≻⋈∈⊤∋≻⋈∈⊤∋≻⋈∈⊤∋≻⋈∈⊤∋≻⋈∈⊥∋≻⋈∈⊥∋≻⋈∈⊥∋⊙⊡⊣
⊢≻⋈∈⊥∋≻⋈∈⊤∋≻⋈∈⊥∋≻⋈∈⊥∋≻⋈∈⊥∋≻⋈∈⊤∋≻⋈∈⊤∋≻⋈∈⊥∋⊙⊡⊣
⊢≻⋈∈⊥∋≻⋈∈⊤∋≻⋈∈⊤∋≻⋈∈⊥∋≻⋈∈⊤∋≻⋈∈⊥∋⊙⊡⊣
⊢≻⋈∈⊥∋≻⋈∈⊥∋≻⋈∈⊥∋≻⋈∈⊤∋≻⋈∈⊥∋≻⋈∈⊤∋≻⋈∈⊥∋≻⋈∈⊥∋≻⋈∈⊥∋≻⋈∈⊥∋≻⋈∈⊥∋⊙⊡⊣
⊢≻⋈∈⊥∋≻⋈∈⊤∋≻⋈∈⊥∋≻⋈∈⊥∋≻⋈∈⊤∋≻⋈∈⊥∋≻⋈∈⊤∋≻⋈∈⊤∋≻⋈∈⊥∋⊙⊡⊣
⊢≻⋈∈⊤∋≻⋈∈⊤∋≻⋈∈⊤∋≻⋈∈⊥∋≻⋈∈⊤∋≻⋈∈⊤∋≻⋈∈⊥∋≻⋈∈⊥∋≻⋈∈⊥∋≻⋈∈⊤∋≻⋈∈⊤∋≻⋈∈⊥∋≻⋈∈⊥∋≻⋈∈⊥∋≻⋈∈⊤∋≻⋈∈⊤∋≻⋈∈⊤∋≻⋈∈⊤∋≻⋈∈⊥∋≻⋈∈⊥∋≻⋈∈⊥∋⊙⊡⊣
⊢≻⋈∈⊤∋≻⋈∈⊥∋≻⋈∈⊥∋≻⋈∈⊥∋≻⋈∈⊥∋≻⋈∈⊤∋≻⋈∈⊤∋≻⋈∈⊥∋⊙⊡⊣
⊢≻⋈∈⊥∋≻⋈∈⊤∋≻⋈∈⊤∋≻⋈∈⊥∋≻⋈∈⊤∋≻⋈∈⊥∋⊙⊡⊣
⊢≻⋈∈⊤∋≻⋈∈⊤∋≻⋈∈⊤∋≻⋈∈⊥∋≻⋈∈⊥∋≻⋈∈⊤∋≻⋈∈⊥∋≻⋈∈⊥∋≻⋈∈⊥∋≻⋈∈⊥∋≻⋈∈⊥∋⊙⊡⊣
⊢≻⋈∈⊥∋≻⋈∈⊥∋≻⋈∈⊥∋≻⋈∈⊥∋≻⋈∈⊤∋≻⋈∈⊥∋≻⋈∈⊤∋≻⋈∈⊤∋≻⋈∈⊥∋⊙⊡⊣
⊢≻⋈∈⊥∋≻⋈∈⊥∋≻⋈∈⊤∋≻⋈∈⊥∋≻⋈∈⊤∋≻⋈∈⊤∋≻⋈∈⊥∋≻⋈∈⊥∋≻⋈∈⊥∋≻⋈∈⊤∋≻⋈∈⊤∋≻⋈∈⊥∋≻⋈∈⊤∋≻⋈∈⊥∋≻⋈∈⊥∋≻⋈∈⊤∋≻⋈∈⊤∋≻⋈∈⊤∋≻⋈∈⊥∋≻⋈∈⊥∋≻⋈∈⊥∋⊙⊡⊣
⊢≻⋈∈⊥∋≻⋈∈⊥∋≻⋈∈⊥∋≻⋈∈⊥∋≻⋈∈⊥∋≻⋈∈⊤∋≻⋈∈⊤∋≻⋈∈⊥∋⊙⊡⊣
⊢≻⋈∈⊥∋≻⋈∈⊤∋≻⋈∈⊤∋≻⋈∈⊥∋≻⋈∈⊥∋≻⋈∈⊤∋≻⋈∈⊥∋≻⋈∈⊥∋≻⋈∈⊥∋≻⋈∈⊥∋⊙⊡⊣
⊢≻⋈∈⊥∋≻⋈∈⊥∋≻⋈∈⊥∋≻⋈∈⊤∋≻⋈∈⊤∋≻⋈∈⊥∋≻⋈∈⊤∋≻⋈∈⊤∋≻⋈∈⊤∋≻⋈∈⊤∋≻⋈∈⊥∋⊙⊡⊣
⊢≻⋈∈⊥∋≻⋈∈⊤∋≻⋈∈⊤∋≻⋈∈⊤∋≻⋈∈⊥∋≻⋈∈⊥∋≻⋈∈⊤∋≻⋈∈⊤∋≻⋈∈⊥∋⊙⊡⊣
⊢≻⋈∈⊤∋≻⋈∈⊥∋≻⋈∈⊥∋≻⋈∈⊥∋≻⋈∈⊤∋≻⋈∈⊤∋≻⋈∈⊥∋≻⋈∈⊥∋≻⋈∈⊥∋≻⋈∈⊤∋≻⋈∈⊤∋≻⋈∈⊥∋≻⋈∈⊥∋≻⋈∈⊤∋≻⋈∈⊤∋≻⋈∈⊥∋≻⋈∈⊤∋≻⋈∈⊤∋≻⋈∈⊥∋≻⋈∈⊥∋≻⋈∈⊥∋⊙⊡⊣
⊢≻⋈∈⊤∋≻⋈∈⊤∋≻⋈∈⊤∋≻⋈∈⊤∋≻⋈∈⊤∋≻⋈∈⊥∋≻⋈∈⊤∋≻⋈∈⊥∋⊙⊡⊣
⊢≻⋈∈⊥∋≻⋈∈⊤∋≻⋈∈⊤∋≻⋈∈⊥∋≻⋈∈⊥∋≻⋈∈⊤∋≻⋈∈⊥∋≻⋈∈⊥∋≻⋈∈⊥∋≻⋈∈⊥∋⊙⊡⊣
⊢≻⋈∈⊤∋≻⋈∈⊤∋≻⋈∈⊤∋≻⋈∈⊥∋≻⋈∈⊤∋≻⋈∈⊥∋≻⋈∈⊤∋≻⋈∈⊤∋≻⋈∈⊤∋≻⋈∈⊤∋≻⋈∈⊥∋⊙⊡⊣
⊢≻⋈∈⊥∋≻⋈∈⊥∋≻⋈∈⊤∋≻⋈∈⊤∋≻⋈∈⊥∋≻⋈∈⊥∋≻⋈∈⊤∋≻⋈∈⊤∋≻⋈∈⊥∋⊙⊡⊣
⊢≻⋈∈⊥∋≻⋈∈⊤∋≻⋈∈⊤∋≻⋈∈⊤∋≻⋈∈⊥∋≻⋈∈⊤∋≻⋈∈⊥∋≻⋈∈⊥∋≻⋈∈⊥∋≻⋈∈⊤∋≻⋈∈⊤∋≻⋈∈⊥∋≻⋈∈⊤∋≻⋈∈⊤∋≻⋈∈⊥∋≻⋈∈⊥∋≻⋈∈⊤∋≻⋈∈⊤∋≻⋈∈⊥∋≻⋈∈⊥∋≻⋈∈⊥∋⊙⊡⊣
⊢≻⋈∈⊥∋≻⋈∈⊤∋≻⋈∈⊤∋≻⋈∈⊤∋≻⋈∈⊤∋≻⋈∈⊥∋≻⋈∈⊤∋≻⋈∈⊥∋⊙⊡⊣
⊢≻⋈∈⊤∋≻⋈∈⊥∋≻⋈∈⊤∋≻⋈∈⊥∋≻⋈∈⊤∋≻⋈∈⊥∋⊙⊡⊣
⊢≻⋈∈⊤∋≻⋈∈⊥∋≻⋈∈⊥∋≻⋈∈⊤∋≻⋈∈⊥∋≻⋈∈⊤∋≻⋈∈⊥∋≻⋈∈⊥∋≻⋈∈⊥∋≻⋈∈⊥∋≻⋈∈⊥∋⊙⊡⊣
⊢≻⋈∈⊥∋≻⋈∈⊤∋≻⋈∈⊥∋≻⋈∈⊤∋≻⋈∈⊥∋≻⋈∈⊥∋≻⋈∈⊤∋≻⋈∈⊤∋≻⋈∈⊥∋⊙⊡⊣
⊢≻⋈∈⊤∋≻⋈∈⊤∋≻⋈∈⊥∋≻⋈∈⊤∋≻⋈∈⊥∋≻⋈∈⊤∋≻⋈∈⊥∋≻⋈∈⊥∋≻⋈∈⊥∋≻⋈∈⊤∋≻⋈∈⊤∋≻⋈∈⊥∋≻⋈∈⊥∋≻⋈∈⊥∋≻⋈∈⊥∋≻⋈∈⊥∋≻⋈∈⊤∋≻⋈∈⊤∋≻⋈∈⊥∋≻⋈∈⊥∋≻⋈∈⊥∋⊙⊡⊣
⊢≻⋈∈⊤∋≻⋈∈⊥∋≻⋈∈⊤∋≻⋈∈⊤∋≻⋈∈⊤∋≻⋈∈⊥∋≻⋈∈⊤∋≻⋈∈⊥∋⊙⊡⊣
⊢≻⋈∈⊤∋≻⋈∈⊥∋≻⋈∈⊤∋≻⋈∈⊥∋≻⋈∈⊤∋≻⋈∈⊥∋⊙⊡⊣
⊢≻⋈∈⊥∋≻⋈∈⊥∋≻⋈∈⊥∋≻⋈∈⊤∋≻⋈∈⊥∋≻⋈∈⊤∋≻⋈∈⊥∋≻⋈∈⊥∋≻⋈∈⊥∋≻⋈∈⊥∋≻⋈∈⊥∋⊙⊡⊣
⊢≻⋈∈⊥∋≻⋈∈⊥∋≻⋈∈⊥∋≻⋈∈⊤∋≻⋈∈⊥∋≻⋈∈⊥∋≻⋈∈⊤∋≻⋈∈⊤∋≻⋈∈⊥∋⊙⊡⊣
⊢≻⋈∈⊥∋≻⋈∈⊥∋≻⋈∈⊥∋≻⋈∈⊤∋≻⋈∈⊥∋≻⋈∈⊤∋≻⋈∈⊥∋≻⋈∈⊥∋≻⋈∈⊥∋≻⋈∈⊤∋≻⋈∈⊤∋≻⋈∈⊥∋≻⋈∈⊤∋≻⋈∈⊥∋≻⋈∈⊤∋≻⋈∈⊤∋≻⋈∈⊥∋≻⋈∈⊤∋≻⋈∈⊥∋≻⋈∈⊥∋≻⋈∈⊥∋⊙⊡⊣
⊢≻⋈∈⊥∋≻⋈∈⊥∋≻⋈∈⊤∋≻⋈∈⊤∋≻⋈∈⊤∋≻⋈∈⊥∋≻⋈∈⊤∋≻⋈∈⊥∋⊙⊡⊣
⊢≻⋈∈⊤∋≻⋈∈⊤∋≻⋈∈⊤∋≻⋈∈⊥∋≻⋈∈⊥∋≻⋈∈⊤∋≻⋈∈⊥∋≻⋈∈⊥∋≻⋈∈⊥∋≻⋈∈⊥∋⊙⊡⊣
⊢≻⋈∈⊤∋≻⋈∈⊤∋≻⋈∈⊤∋≻⋈∈⊥∋≻⋈∈⊤∋≻⋈∈⊥∋≻⋈∈⊤∋≻⋈∈⊤∋≻⋈∈⊤∋≻⋈∈⊤∋≻⋈∈⊥∋⊙⊡⊣
⊢≻⋈∈⊥∋≻⋈∈⊤∋≻⋈∈⊤∋≻⋈∈⊥∋≻⋈∈⊥∋≻⋈∈⊥∋≻⋈∈⊤∋≻⋈∈⊤∋≻⋈∈⊥∋⊙⊡⊣
⊢≻⋈∈⊤∋≻⋈∈⊥∋≻⋈∈⊤∋≻⋈∈⊥∋≻⋈∈⊥∋≻⋈∈⊤∋≻⋈∈⊥∋≻⋈∈⊥∋≻⋈∈⊥∋≻⋈∈⊤∋≻⋈∈⊤∋≻⋈∈⊥∋≻⋈∈⊥∋≻⋈∈⊤∋≻⋈∈⊥∋≻⋈∈⊤∋≻⋈∈⊥∋≻⋈∈⊤∋≻⋈∈⊥∋≻⋈∈⊥∋≻⋈∈⊥∋⊙⊡⊣
⊢≻⋈∈⊤∋≻⋈∈⊤∋≻⋈∈⊥∋≻⋈∈⊤∋≻⋈∈⊤∋≻⋈∈⊥∋≻⋈∈⊤∋≻⋈∈⊥∋⊙⊡⊣
⊢≻⋈∈⊤∋≻⋈∈⊤∋≻⋈∈⊤∋≻⋈∈⊥∋≻⋈∈⊥∋≻⋈∈⊤∋≻⋈∈⊥∋≻⋈∈⊥∋≻⋈∈⊥∋≻⋈∈⊥∋⊙⊡⊣
⊢≻⋈∈⊥∋≻⋈∈⊤∋≻⋈∈⊤∋≻⋈∈⊥∋≻⋈∈⊤∋≻⋈∈⊥∋≻⋈∈⊤∋≻⋈∈⊤∋≻⋈∈⊤∋≻⋈∈⊤∋≻⋈∈⊥∋⊙⊡⊣
⊢≻⋈∈⊥∋≻⋈∈⊥∋≻⋈∈⊤∋≻⋈∈⊥∋≻⋈∈⊥∋≻⋈∈⊥∋≻⋈∈⊤∋≻⋈∈⊤∋≻⋈∈⊥∋⊙⊡⊣
⊢≻⋈∈⊥∋≻⋈∈⊤∋≻⋈∈⊥∋≻⋈∈⊥∋≻⋈∈⊥∋≻⋈∈⊤∋≻⋈∈⊥∋≻⋈∈⊥∋≻⋈∈⊥∋≻⋈∈⊤∋≻⋈∈⊤∋≻⋈∈⊥∋≻⋈∈⊤∋≻⋈∈⊤∋≻⋈∈⊤∋≻⋈∈⊥∋≻⋈∈⊥∋≻⋈∈⊤∋≻⋈∈⊥∋≻⋈∈⊥∋≻⋈∈⊥∋⊙⊡⊣
⊢≻⋈∈⊥∋≻⋈∈⊤∋≻⋈∈⊥∋≻⋈∈⊤∋≻⋈∈⊤∋≻⋈∈⊥∋≻⋈∈⊤∋≻⋈∈⊥∋⊙⊡⊣
⊢≻⋈∈⊥∋≻⋈∈⊥∋≻⋈∈⊤∋≻⋈∈⊥∋≻⋈∈⊤∋≻⋈∈⊥∋⊙⊡⊣
⊢≻⋈∈⊥∋≻⋈∈⊤∋≻⋈∈⊥∋≻⋈∈⊤∋≻⋈∈⊥∋≻⋈∈⊤∋≻⋈∈⊥∋≻⋈∈⊥∋≻⋈∈⊥∋≻⋈∈⊥∋≻⋈∈⊥∋⊙⊡⊣
⊢≻⋈∈⊥∋≻⋈∈⊤∋≻⋈∈⊥∋≻⋈∈⊥∋≻⋈∈⊥∋≻⋈∈⊥∋≻⋈∈⊤∋≻⋈∈⊤∋≻⋈∈⊥∋⊙⊡⊣
⊢≻⋈∈⊤∋≻⋈∈⊤∋≻⋈∈⊤∋≻⋈∈⊤∋≻⋈∈⊤∋≻⋈∈⊥∋≻⋈∈⊥∋≻⋈∈⊥∋≻⋈∈⊥∋≻⋈∈⊤∋≻⋈∈⊤∋≻⋈∈⊥∋≻⋈∈⊥∋≻⋈∈⊥∋≻⋈∈⊤∋≻⋈∈⊥∋≻⋈∈⊥∋≻⋈∈⊤∋≻⋈∈⊥∋≻⋈∈⊥∋≻⋈∈⊥∋⊙⊡⊣
⊢≻⋈∈⊤∋≻⋈∈⊥∋≻⋈∈⊥∋≻⋈∈⊤∋≻⋈∈⊤∋≻⋈∈⊥∋≻⋈∈⊤∋≻⋈∈⊥∋⊙⊡⊣
⊢≻⋈∈⊥∋≻⋈∈⊥∋≻⋈∈⊤∋≻⋈∈⊥∋≻⋈∈⊤∋≻⋈∈⊥∋⊙⊡⊣
⊢≻⋈∈⊤∋≻⋈∈⊥∋≻⋈∈⊥∋≻⋈∈⊤∋≻⋈∈⊥∋≻⋈∈⊤∋≻⋈∈⊥∋≻⋈∈⊥∋≻⋈∈⊥∋≻⋈∈⊥∋≻⋈∈⊥∋⊙⊡⊣
⊢≻⋈∈⊥∋≻⋈∈⊥∋≻⋈∈⊥∋≻⋈∈⊥∋≻⋈∈⊥∋≻⋈∈⊥∋≻⋈∈⊤∋≻⋈∈⊤∋≻⋈∈⊥∋⊙⊡⊣
⊢≻⋈∈⊥∋≻⋈∈⊥∋≻⋈∈⊤∋≻⋈∈⊤∋≻⋈∈⊤∋≻⋈∈⊥∋≻⋈∈⊥∋≻⋈∈⊥∋≻⋈∈⊥∋≻⋈∈⊤∋≻⋈∈⊤∋≻⋈∈⊥∋≻⋈∈⊤∋≻⋈∈⊥∋≻⋈∈⊥∋≻⋈∈⊥∋≻⋈∈⊥∋≻⋈∈⊤∋≻⋈∈⊥∋≻⋈∈⊥∋≻⋈∈⊥∋⊙⊡⊣
⊢≻⋈∈⊥∋≻⋈∈⊥∋≻⋈∈⊥∋≻⋈∈⊤∋≻⋈∈⊤∋≻⋈∈⊥∋≻⋈∈⊤∋≻⋈∈⊥∋⊙⊡⊣
⊢≻⋈∈⊥∋≻⋈∈⊥∋≻⋈∈⊥∋≻⋈∈⊤∋≻⋈∈⊥∋≻⋈∈⊤∋≻⋈∈⊥∋≻⋈∈⊥∋≻⋈∈⊥∋≻⋈∈⊥∋⊙⊡⊣
⊢≻⋈∈⊥∋≻⋈∈⊤∋≻⋈∈⊤∋≻⋈∈⊥∋≻⋈∈⊤∋≻⋈∈⊥∋≻⋈∈⊤∋≻⋈∈⊤∋≻⋈∈⊤∋≻⋈∈⊤∋≻⋈∈⊥∋⊙⊡⊣
⊢≻⋈∈⊥∋≻⋈∈⊤∋≻⋈∈⊤∋≻⋈∈⊤∋≻⋈∈⊤∋≻⋈∈⊤∋≻⋈∈⊥∋≻⋈∈⊤∋≻⋈∈⊥∋⊙⊡⊣
⊢≻⋈∈⊤∋≻⋈∈⊥∋≻⋈∈⊥∋≻⋈∈⊤∋≻⋈∈⊤∋≻⋈∈⊥∋≻⋈∈⊥∋≻⋈∈⊥∋≻⋈∈⊥∋≻⋈∈⊤∋≻⋈∈⊤∋≻⋈∈⊥∋≻⋈∈⊥∋≻⋈∈⊤∋≻⋈∈⊤∋≻⋈∈⊤∋≻⋈∈⊤∋≻⋈∈⊥∋≻⋈∈⊥∋≻⋈∈⊥∋≻⋈∈⊥∋⊙⊡⊣
⊢≻⋈∈⊤∋≻⋈∈⊤∋≻⋈∈⊤∋≻⋈∈⊥∋≻⋈∈⊤∋≻⋈∈⊥∋≻⋈∈⊤∋≻⋈∈⊥∋⊙⊡⊣
⊢≻⋈∈⊥∋≻⋈∈⊥∋≻⋈∈⊥∋≻⋈∈⊤∋≻⋈∈⊥∋≻⋈∈⊤∋≻⋈∈⊥∋≻⋈∈⊥∋≻⋈∈⊥∋≻⋈∈⊥∋⊙⊡⊣
⊢≻⋈∈⊤∋≻⋈∈⊥∋≻⋈∈⊤∋≻⋈∈⊥∋≻⋈∈⊤∋≻⋈∈⊥∋≻⋈∈⊤∋≻⋈∈⊤∋≻⋈∈⊤∋≻⋈∈⊤∋≻⋈∈⊥∋⊙⊡⊣
⊢≻⋈∈⊥∋≻⋈∈⊥∋≻⋈∈⊤∋≻⋈∈⊤∋≻⋈∈⊤∋≻⋈∈⊤∋≻⋈∈⊥∋≻⋈∈⊤∋≻⋈∈⊥∋⊙⊡⊣
⊢≻⋈∈⊥∋≻⋈∈⊤∋≻⋈∈⊤∋≻⋈∈⊥∋≻⋈∈⊤∋≻⋈∈⊥∋≻⋈∈⊥∋≻⋈∈⊥∋≻⋈∈⊥∋≻⋈∈⊤∋≻⋈∈⊤∋≻⋈∈⊥∋≻⋈∈⊤∋≻⋈∈⊤∋≻⋈∈⊥∋≻⋈∈⊤∋≻⋈∈⊤∋≻⋈∈⊥∋≻⋈∈⊥∋≻⋈∈⊥∋≻⋈∈⊥∋⊙⊡⊣
⊢≻⋈∈⊥∋≻⋈∈⊤∋≻⋈∈⊤∋≻⋈∈⊥∋≻⋈∈⊤∋≻⋈∈⊥∋≻⋈∈⊤∋≻⋈∈⊥∋⊙⊡⊣
⊢≻⋈∈⊤∋≻⋈∈⊤∋≻⋈∈⊥∋≻⋈∈⊥∋≻⋈∈⊤∋≻⋈∈⊥∋⊙⊡⊣
⊢≻⋈∈⊤∋≻⋈∈⊤∋≻⋈∈⊥∋≻⋈∈⊤∋≻⋈∈⊥∋≻⋈∈⊤∋≻⋈∈⊥∋≻⋈∈⊥∋≻⋈∈⊥∋≻⋈∈⊥∋≻⋈∈⊥∋⊙⊡⊣
⊢≻⋈∈⊥∋≻⋈∈⊤∋≻⋈∈⊥∋≻⋈∈⊤∋≻⋈∈⊤∋≻⋈∈⊤∋≻⋈∈⊥∋≻⋈∈⊤∋≻⋈∈⊥∋⊙⊡⊣
⊢≻⋈∈⊤∋≻⋈∈⊤∋≻⋈∈⊥∋≻⋈∈⊥∋≻⋈∈⊤∋≻⋈∈⊥∋≻⋈∈⊥∋≻⋈∈⊥∋≻⋈∈⊥∋≻⋈∈⊤∋≻⋈∈⊤∋≻⋈∈⊥∋≻⋈∈⊥∋≻⋈∈⊥∋≻⋈∈⊥∋≻⋈∈⊤∋≻⋈∈⊤∋≻⋈∈⊥∋≻⋈∈⊥∋≻⋈∈⊥∋≻⋈∈⊥∋⊙⊡⊣
⊢≻⋈∈⊤∋≻⋈∈⊥∋≻⋈∈⊤∋≻⋈∈⊥∋≻⋈∈⊤∋≻⋈∈⊥∋≻⋈∈⊤∋≻⋈∈⊥∋⊙⊡⊣
⊢≻⋈∈⊤∋≻⋈∈⊤∋≻⋈∈⊥∋≻⋈∈⊥∋≻⋈∈⊤∋≻⋈∈⊥∋⊙⊡⊣
⊢≻⋈∈⊥∋≻⋈∈⊤∋≻⋈∈⊥∋≻⋈∈⊤∋≻⋈∈⊥∋≻⋈∈⊤∋≻⋈∈⊥∋≻⋈∈⊥∋≻⋈∈⊥∋≻⋈∈⊥∋≻⋈∈⊥∋⊙⊡⊣
⊢≻⋈∈⊥∋≻⋈∈⊥∋≻⋈∈⊥∋≻⋈∈⊤∋≻⋈∈⊤∋≻⋈∈⊤∋≻⋈∈⊥∋≻⋈∈⊤∋≻⋈∈⊥∋⊙⊡⊣
⊢≻⋈∈⊥∋≻⋈∈⊥∋≻⋈∈⊥∋≻⋈∈⊥∋≻⋈∈⊤∋≻⋈∈⊥∋≻⋈∈⊥∋≻⋈∈⊥∋≻⋈∈⊥∋≻⋈∈⊤∋≻⋈∈⊤∋≻⋈∈⊥∋≻⋈∈⊤∋≻⋈∈⊥∋≻⋈∈⊤∋≻⋈∈⊥∋≻⋈∈⊤∋≻⋈∈⊥∋≻⋈∈⊥∋≻⋈∈⊥∋≻⋈∈⊥∋⊙⊡⊣
⊢≻⋈∈⊥∋≻⋈∈⊥∋≻⋈∈⊤∋≻⋈∈⊥∋≻⋈∈⊤∋≻⋈∈⊥∋≻⋈∈⊤∋≻⋈∈⊥∋⊙⊡⊣
⊢≻⋈∈⊤∋≻⋈∈⊥∋≻⋈∈⊥∋≻⋈∈⊤∋≻⋈∈⊥∋≻⋈∈⊤∋≻⋈∈⊥∋≻⋈∈⊥∋≻⋈∈⊥∋≻⋈∈⊥∋⊙⊡⊣
⊢≻⋈∈⊤∋≻⋈∈⊥∋≻⋈∈⊤∋≻⋈∈⊥∋≻⋈∈⊤∋≻⋈∈⊥∋≻⋈∈⊤∋≻⋈∈⊤∋≻⋈∈⊤∋≻⋈∈⊤∋≻⋈∈⊥∋⊙⊡⊣
⊢≻⋈∈⊥∋≻⋈∈⊤∋≻⋈∈⊤∋≻⋈∈⊥∋≻⋈∈⊤∋≻⋈∈⊤∋≻⋈∈⊥∋≻⋈∈⊤∋≻⋈∈⊥∋⊙⊡⊣
⊢≻⋈∈⊤∋≻⋈∈⊥∋≻⋈∈⊤∋≻⋈∈⊤∋≻⋈∈⊥∋≻⋈∈⊥∋≻⋈∈⊥∋≻⋈∈⊥∋≻⋈∈⊥∋≻⋈∈⊤∋≻⋈∈⊤∋≻⋈∈⊥∋≻⋈∈⊥∋≻⋈∈⊤∋≻⋈∈⊥∋≻⋈∈⊥∋≻⋈∈⊤∋≻⋈∈⊥∋≻⋈∈⊥∋≻⋈∈⊥∋≻⋈∈⊥∋⊙⊡⊣
⊢≻⋈∈⊤∋≻⋈∈⊤∋≻⋈∈⊥∋≻⋈∈⊥∋≻⋈∈⊤∋≻⋈∈⊥∋≻⋈∈⊤∋≻⋈∈⊥∋⊙⊡⊣
⊢≻⋈∈⊤∋≻⋈∈⊥∋≻⋈∈⊥∋≻⋈∈⊤∋≻⋈∈⊥∋≻⋈∈⊤∋≻⋈∈⊥∋≻⋈∈⊥∋≻⋈∈⊥∋≻⋈∈⊥∋⊙⊡⊣
⊢≻⋈∈⊥∋≻⋈∈⊥∋≻⋈∈⊤∋≻⋈∈⊥∋≻⋈∈⊤∋≻⋈∈⊥∋≻⋈∈⊤∋≻⋈∈⊤∋≻⋈∈⊤∋≻⋈∈⊤∋≻⋈∈⊥∋⊙⊡⊣
⊢≻⋈∈⊥∋≻⋈∈⊥∋≻⋈∈⊤∋≻⋈∈⊥∋≻⋈∈⊤∋≻⋈∈⊤∋≻⋈∈⊥∋≻⋈∈⊤∋≻⋈∈⊥∋⊙⊡⊣
⊢≻⋈∈⊥∋≻⋈∈⊤∋≻⋈∈⊥∋≻⋈∈⊤∋≻⋈∈⊥∋≻⋈∈⊥∋≻⋈∈⊥∋≻⋈∈⊥∋≻⋈∈⊥∋≻⋈∈⊤∋≻⋈∈⊤∋≻⋈∈⊥∋≻⋈∈⊤∋≻⋈∈⊤∋≻⋈∈⊤∋≻⋈∈⊤∋≻⋈∈⊥∋≻⋈∈⊥∋≻⋈∈⊥∋≻⋈∈⊥∋≻⋈∈⊥∋⊙⊡⊣
⊢≻⋈∈⊥∋≻⋈∈⊤∋≻⋈∈⊥∋≻⋈∈⊥∋≻⋈∈⊤∋≻⋈∈⊥∋≻⋈∈⊤∋≻⋈∈⊥∋⊙⊡⊣
⊢≻⋈∈⊥∋≻⋈∈⊤∋≻⋈∈⊥∋≻⋈∈⊥∋≻⋈∈⊤∋≻⋈∈⊥∋⊙⊡⊣
⊢≻⋈∈⊥∋≻⋈∈⊥∋≻⋈∈⊤∋≻⋈∈⊤∋≻⋈∈⊥∋≻⋈∈⊤∋≻⋈∈⊥∋≻⋈∈⊥∋≻⋈∈⊥∋≻⋈∈⊥∋≻⋈∈⊥∋⊙⊡⊣
⊢≻⋈∈⊥∋≻⋈∈⊤∋≻⋈∈⊥∋≻⋈∈⊥∋≻⋈∈⊤∋≻⋈∈⊤∋≻⋈∈⊥∋≻⋈∈⊤∋≻⋈∈⊥∋⊙⊡⊣
⊢≻⋈∈⊤∋≻⋈∈⊤∋≻⋈∈⊤∋≻⋈∈⊥∋≻⋈∈⊥∋≻⋈∈⊥∋≻⋈∈⊥∋≻⋈∈⊥∋≻⋈∈⊥∋≻⋈∈⊤∋≻⋈∈⊤∋≻⋈∈⊥∋≻⋈∈⊥∋≻⋈∈⊥∋≻⋈∈⊤∋≻⋈∈⊤∋≻⋈∈⊥∋≻⋈∈⊥∋≻⋈∈⊥∋≻⋈∈⊥∋≻⋈∈⊥∋⊙⊡⊣
⊢≻⋈∈⊤∋≻⋈∈⊥∋≻⋈∈⊥∋≻⋈∈⊥∋≻⋈∈⊤∋≻⋈∈⊥∋≻⋈∈⊤∋≻⋈∈⊥∋⊙⊡⊣
⊢≻⋈∈⊥∋≻⋈∈⊤∋≻⋈∈⊥∋≻⋈∈⊥∋≻⋈∈⊤∋≻⋈∈⊥∋⊙⊡⊣
⊢≻⋈∈⊤∋≻⋈∈⊤∋≻⋈∈⊥∋≻⋈∈⊤∋≻⋈∈⊥∋≻⋈∈⊤∋≻⋈∈⊥∋≻⋈∈⊥∋≻⋈∈⊥∋≻⋈∈⊥∋≻⋈∈⊥∋⊙⊡⊣
⊢≻⋈∈⊥∋≻⋈∈⊥∋≻⋈∈⊥∋≻⋈∈⊥∋≻⋈∈⊤∋≻⋈∈⊤∋≻⋈∈⊥∋≻⋈∈⊤∋≻⋈∈⊥∋⊙⊡⊣
⊢≻⋈∈⊥∋≻⋈∈⊥∋≻⋈∈⊤∋≻⋈∈⊥∋≻⋈∈⊥∋≻⋈∈⊥∋≻⋈∈⊥∋≻⋈∈⊥∋≻⋈∈⊥∋≻⋈∈⊤∋≻⋈∈⊤∋≻⋈∈⊥∋≻⋈∈⊤∋≻⋈∈⊥∋≻⋈∈⊥∋≻⋈∈⊤∋≻⋈∈⊥∋≻⋈∈⊥∋≻⋈∈⊥∋≻⋈∈⊥∋≻⋈∈⊥∋⊙⊡⊣
⊢≻⋈∈⊥∋≻⋈∈⊥∋≻⋈∈⊥∋≻⋈∈⊥∋≻⋈∈⊤∋≻⋈∈⊥∋≻⋈∈⊤∋≻⋈∈⊥∋⊙⊡⊣
⊢≻⋈∈⊥∋≻⋈∈⊤∋≻⋈∈⊥∋≻⋈∈⊤∋≻⋈∈⊥∋≻⋈∈⊤∋≻⋈∈⊥∋≻⋈∈⊥∋≻⋈∈⊥∋≻⋈∈⊥∋⊙⊡⊣
⊢≻⋈∈⊥∋≻⋈∈⊥∋≻⋈∈⊤∋≻⋈∈⊥∋≻⋈∈⊤∋≻⋈∈⊥∋≻⋈∈⊤∋≻⋈∈⊤∋≻⋈∈⊤∋≻⋈∈⊤∋≻⋈∈⊥∋⊙⊡⊣
⊢≻⋈∈⊥∋≻⋈∈⊤∋≻⋈∈⊤∋≻⋈∈⊤∋≻⋈∈⊥∋≻⋈∈⊤∋≻⋈∈⊥∋≻⋈∈⊤∋≻⋈∈⊥∋⊙⊡⊣
⊢≻⋈∈⊤∋≻⋈∈⊥∋≻⋈∈⊥∋≻⋈∈⊥∋≻⋈∈⊥∋≻⋈∈⊥∋≻⋈∈⊥∋≻⋈∈⊥∋≻⋈∈⊥∋≻⋈∈⊤∋≻⋈∈⊤∋≻⋈∈⊥∋≻⋈∈⊥∋≻⋈∈⊤∋≻⋈∈⊤∋≻⋈∈⊥∋≻⋈∈⊥∋≻⋈∈⊥∋≻⋈∈⊥∋≻⋈∈⊥∋≻⋈∈⊥∋⊙⊡⊣
⊢≻⋈∈⊤∋≻⋈∈⊤∋≻⋈∈⊤∋≻⋈∈⊤∋≻⋈∈⊥∋≻⋈∈⊥∋≻⋈∈⊤∋≻⋈∈⊥∋⊙⊡⊣
⊢≻⋈∈⊥∋≻⋈∈⊤∋≻⋈∈⊥∋≻⋈∈⊤∋≻⋈∈⊥∋≻⋈∈⊤∋≻⋈∈⊥∋≻⋈∈⊥∋≻⋈∈⊥∋≻⋈∈⊥∋⊙⊡⊣
⊢≻⋈∈⊤∋≻⋈∈⊤∋≻⋈∈⊥∋≻⋈∈⊥∋≻⋈∈⊤∋≻⋈∈⊥∋≻⋈∈⊤∋≻⋈∈⊤∋≻⋈∈⊤∋≻⋈∈⊤∋≻⋈∈⊥∋⊙⊡⊣
⊢≻⋈∈⊥∋≻⋈∈⊥∋≻⋈∈⊤∋≻⋈∈⊤∋≻⋈∈⊥∋≻⋈∈⊤∋≻⋈∈⊥∋≻⋈∈⊤∋≻⋈∈⊥∋⊙⊡⊣
⊢≻⋈∈⊥∋≻⋈∈⊤∋≻⋈∈⊤∋≻⋈∈⊤∋≻⋈∈⊤∋≻⋈∈⊤∋≻⋈∈⊤∋≻⋈∈⊤∋≻⋈∈⊤∋≻⋈∈⊥∋≻⋈∈⊤∋≻⋈∈⊥∋≻⋈∈⊤∋≻⋈∈⊤∋≻⋈∈⊥∋≻⋈∈⊥∋≻⋈∈⊥∋≻⋈∈⊥∋≻⋈∈⊥∋≻⋈∈⊥∋≻⋈∈⊥∋⊙⊡⊣
⊢≻⋈∈⊥∋≻⋈∈⊤∋≻⋈∈⊤∋≻⋈∈⊤∋≻⋈∈⊥∋≻⋈∈⊥∋≻⋈∈⊤∋≻⋈∈⊥∋⊙⊡⊣
⊢≻⋈∈⊤∋≻⋈∈⊥∋≻⋈∈⊥∋≻⋈∈⊥∋≻⋈∈⊤∋≻⋈∈⊥∋⊙⊡⊣
⊢≻⋈∈⊤∋≻⋈∈⊥∋≻⋈∈⊤∋≻⋈∈⊤∋≻⋈∈⊥∋≻⋈∈⊤∋≻⋈∈⊥∋≻⋈∈⊥∋≻⋈∈⊥∋≻⋈∈⊥∋≻⋈∈⊥∋⊙⊡⊣
⊢≻⋈∈⊥∋≻⋈∈⊤∋≻⋈∈⊥∋≻⋈∈⊤∋≻⋈∈⊥∋≻⋈∈⊤∋≻⋈∈⊥∋≻⋈∈⊤∋≻⋈∈⊥∋⊙⊡⊣
⊢≻⋈∈⊤∋≻⋈∈⊤∋≻⋈∈⊥∋≻⋈∈⊤∋≻⋈∈⊤∋≻⋈∈⊤∋≻⋈∈⊤∋≻⋈∈⊤∋≻⋈∈⊤∋≻⋈∈⊥∋≻⋈∈⊤∋≻⋈∈⊥∋≻⋈∈⊥∋≻⋈∈⊥∋≻⋈∈⊥∋≻⋈∈⊥∋≻⋈∈⊥∋≻⋈∈⊥∋≻⋈∈⊥∋≻⋈∈⊥∋≻⋈∈⊥∋⊙⊡⊣
⊢≻⋈∈⊤∋≻⋈∈⊥∋≻⋈∈⊤∋≻⋈∈⊤∋≻⋈∈⊥∋≻⋈∈⊥∋≻⋈∈⊤∋≻⋈∈⊥∋⊙⊡⊣
⊢≻⋈∈⊤∋≻⋈∈⊥∋≻⋈∈⊥∋≻⋈∈⊥∋≻⋈∈⊤∋≻⋈∈⊥∋⊙⊡⊣
⊢≻⋈∈⊥∋≻⋈∈⊥∋≻⋈∈⊤∋≻⋈∈⊤∋≻⋈∈⊥∋≻⋈∈⊤∋≻⋈∈⊥∋≻⋈∈⊥∋≻⋈∈⊥∋≻⋈∈⊥∋≻⋈∈⊥∋⊙⊡⊣
⊢≻⋈∈⊥∋≻⋈∈⊥∋≻⋈∈⊥∋≻⋈∈⊤∋≻⋈∈⊥∋≻⋈∈⊤∋≻⋈∈⊥∋≻⋈∈⊤∋≻⋈∈⊥∋⊙⊡⊣
⊢≻⋈∈⊥∋≻⋈∈⊥∋≻⋈∈⊥∋≻⋈∈⊤∋≻⋈∈⊤∋≻⋈∈⊤∋≻⋈∈⊤∋≻⋈∈⊤∋≻⋈∈⊤∋≻⋈∈⊥∋≻⋈∈⊤∋≻⋈∈⊥∋≻⋈∈⊤∋≻⋈∈⊥∋≻⋈∈⊤∋≻⋈∈⊤∋≻⋈∈⊤∋≻⋈∈⊤∋≻⋈∈⊤∋≻⋈∈⊤∋≻⋈∈⊤∋≻⋈∈⊥∋⊙⊡⊣
⊢≻⋈∈⊥∋≻⋈∈⊥∋≻⋈∈⊤∋≻⋈∈⊤∋≻⋈∈⊥∋≻⋈∈⊥∋≻⋈∈⊤∋≻⋈∈⊥∋⊙⊡⊣
⊢≻⋈∈⊤∋≻⋈∈⊤∋≻⋈∈⊥∋≻⋈∈⊤∋≻⋈∈⊥∋≻⋈∈⊤∋≻⋈∈⊥∋≻⋈∈⊥∋≻⋈∈⊥∋≻⋈∈⊥∋⊙⊡⊣
⊢≻⋈∈⊤∋≻⋈∈⊤∋≻⋈∈⊥∋≻⋈∈⊥∋≻⋈∈⊤∋≻⋈∈⊥∋≻⋈∈⊤∋≻⋈∈⊤∋≻⋈∈⊤∋≻⋈∈⊤∋≻⋈∈⊥∋⊙⊡⊣
⊢≻⋈∈⊥∋≻⋈∈⊤∋≻⋈∈⊤∋≻⋈∈⊥∋≻⋈∈⊥∋≻⋈∈⊤∋≻⋈∈⊥∋≻⋈∈⊤∋≻⋈∈⊥∋⊙⊡⊣
⊢≻⋈∈⊤∋≻⋈∈⊥∋≻⋈∈⊤∋≻⋈∈⊥∋≻⋈∈⊤∋≻⋈∈⊤∋≻⋈∈⊤∋≻⋈∈⊤∋≻⋈∈⊤∋≻⋈∈⊥∋≻⋈∈⊤∋≻⋈∈⊥∋≻⋈∈⊥∋≻⋈∈⊤∋≻⋈∈⊥∋≻⋈∈⊤∋≻⋈∈⊤∋≻⋈∈⊤∋≻⋈∈⊤∋≻⋈∈⊤∋≻⋈∈⊤∋≻⋈∈⊥∋⊙⊡⊣
⊢≻⋈∈⊤∋≻⋈∈⊤∋≻⋈∈⊥∋≻⋈∈⊤∋≻⋈∈⊥∋≻⋈∈⊥∋≻⋈∈⊤∋≻⋈∈⊥∋⊙⊡⊣
⊢≻⋈∈⊤∋≻⋈∈⊤∋≻⋈∈⊥∋≻⋈∈⊤∋≻⋈∈⊥∋≻⋈∈⊤∋≻⋈∈⊥∋≻⋈∈⊥∋≻⋈∈⊥∋≻⋈∈⊥∋⊙⊡⊣
⊢≻⋈∈⊥∋≻⋈∈⊤∋≻⋈∈⊥∋≻⋈∈⊥∋≻⋈∈⊤∋≻⋈∈⊥∋≻⋈∈⊤∋≻⋈∈⊤∋≻⋈∈⊤∋≻⋈∈⊤∋≻⋈∈⊥∋⊙⊡⊣
⊢≻⋈∈⊥∋≻⋈∈⊥∋≻⋈∈⊤∋≻⋈∈⊥∋≻⋈∈⊥∋≻⋈∈⊤∋≻⋈∈⊥∋≻⋈∈⊤∋≻⋈∈⊥∋⊙⊡⊣
⊢≻⋈∈⊥∋≻⋈∈⊤∋≻⋈∈⊥∋≻⋈∈⊥∋≻⋈∈⊤∋≻⋈∈⊤∋≻⋈∈⊤∋≻⋈∈⊤∋≻⋈∈⊤∋≻⋈∈⊥∋≻⋈∈⊤∋≻⋈∈⊥∋≻⋈∈⊤∋≻⋈∈⊤∋≻⋈∈⊤∋≻⋈∈⊥∋≻⋈∈⊤∋≻⋈∈⊤∋≻⋈∈⊤∋≻⋈∈⊤∋≻⋈∈⊤∋≻⋈∈⊥∋⊙⊡⊣
⊢≻⋈∈⊥∋≻⋈∈⊤∋≻⋈∈⊥∋≻⋈∈⊤∋≻⋈∈⊥∋≻⋈∈⊥∋≻⋈∈⊤∋≻⋈∈⊥∋⊙⊡⊣
⊢≻⋈∈⊥∋≻⋈∈⊥∋≻⋈∈⊥∋≻⋈∈⊥∋≻⋈∈⊤∋≻⋈∈⊥∋⊙⊡⊣
⊢≻⋈∈⊥∋≻⋈∈⊤∋≻⋈∈⊤∋≻⋈∈⊤∋≻⋈∈⊥∋≻⋈∈⊤∋≻⋈∈⊥∋≻⋈∈⊥∋≻⋈∈⊥∋≻⋈∈⊥∋≻⋈∈⊥∋⊙⊡⊣
⊢≻⋈∈⊥∋≻⋈∈⊤∋≻⋈∈⊥∋≻⋈∈⊥∋≻⋈∈⊥∋≻⋈∈⊤∋≻⋈∈⊥∋≻⋈∈⊤∋≻⋈∈⊥∋⊙⊡⊣
⊢≻⋈∈⊤∋≻⋈∈⊤∋≻⋈∈⊤∋≻⋈∈⊤∋≻⋈∈⊥∋≻⋈∈⊤∋≻⋈∈⊤∋≻⋈∈⊤∋≻⋈∈⊤∋≻⋈∈⊥∋≻⋈∈⊤∋≻⋈∈⊥∋≻⋈∈⊥∋≻⋈∈⊥∋≻⋈∈⊤∋≻⋈∈⊥∋≻⋈∈⊤∋≻⋈∈⊤∋≻⋈∈⊤∋≻⋈∈⊤∋≻⋈∈⊤∋≻⋈∈⊥∋⊙⊡⊣
⊢≻⋈∈⊤∋≻⋈∈⊥∋≻⋈∈⊥∋≻⋈∈⊤∋≻⋈∈⊥∋≻⋈∈⊥∋≻⋈∈⊤∋≻⋈∈⊥∋⊙⊡⊣
⊢≻⋈∈⊥∋≻⋈∈⊥∋≻⋈∈⊥∋≻⋈∈⊥∋≻⋈∈⊤∋≻⋈∈⊥∋⊙⊡⊣
⊢≻⋈∈⊤∋≻⋈∈⊥∋≻⋈∈⊤∋≻⋈∈⊤∋≻⋈∈⊥∋≻⋈∈⊤∋≻⋈∈⊥∋≻⋈∈⊥∋≻⋈∈⊥∋≻⋈∈⊥∋≻⋈∈⊥∋⊙⊡⊣
⊢≻⋈∈⊥∋≻⋈∈⊥∋≻⋈∈⊥∋≻⋈∈⊥∋≻⋈∈⊥∋≻⋈∈⊤∋≻⋈∈⊥∋≻⋈∈⊤∋≻⋈∈⊥∋⊙⊡⊣
⊢≻⋈∈⊥∋≻⋈∈⊥∋≻⋈∈⊤∋≻⋈∈⊤∋≻⋈∈⊥∋≻⋈∈⊤∋≻⋈∈⊤∋≻⋈∈⊤∋≻⋈∈⊤∋≻⋈∈⊥∋≻⋈∈⊤∋≻⋈∈⊥∋≻⋈∈⊤∋≻⋈∈⊥∋≻⋈∈⊥∋≻⋈∈⊥∋≻⋈∈⊤∋≻⋈∈⊤∋≻⋈∈⊤∋≻⋈∈⊤∋≻⋈∈⊤∋≻⋈∈⊥∋⊙⊡⊣
⊢≻⋈∈⊥∋≻⋈∈⊥∋≻⋈∈⊥∋≻⋈∈⊤∋≻⋈∈⊥∋≻⋈∈⊥∋≻⋈∈⊤∋≻⋈∈⊥∋⊙⊡⊣
⊢≻⋈∈⊥∋≻⋈∈⊥∋≻⋈∈⊤∋≻⋈∈⊤∋≻⋈∈⊥∋≻⋈∈⊤∋≻⋈∈⊥∋≻⋈∈⊥∋≻⋈∈⊥∋≻⋈∈⊥∋⊙⊡⊣
⊢≻⋈∈⊥∋≻⋈∈⊤∋≻⋈∈⊥∋≻⋈∈⊥∋≻⋈∈⊤∋≻⋈∈⊥∋≻⋈∈⊤∋≻⋈∈⊤∋≻⋈∈⊤∋≻⋈∈⊤∋≻⋈∈⊥∋⊙⊡⊣
⊢≻⋈∈⊥∋≻⋈∈⊤∋≻⋈∈⊤∋≻⋈∈⊤∋≻⋈∈⊤∋≻⋈∈⊥∋≻⋈∈⊥∋≻⋈∈⊤∋≻⋈∈⊥∋⊙⊡⊣
⊢≻⋈∈⊤∋≻⋈∈⊥∋≻⋈∈⊥∋≻⋈∈⊤∋≻⋈∈⊥∋≻⋈∈⊤∋≻⋈∈⊤∋≻⋈∈⊤∋≻⋈∈⊤∋≻⋈∈⊥∋≻⋈∈⊤∋≻⋈∈⊥∋≻⋈∈⊥∋≻⋈∈⊤∋≻⋈∈⊤∋≻⋈∈⊤∋≻⋈∈⊥∋≻⋈∈⊤∋≻⋈∈⊤∋≻⋈∈⊤∋≻⋈∈⊤∋≻⋈∈⊥∋⊙⊡⊣
⊢≻⋈∈⊤∋≻⋈∈⊤∋≻⋈∈⊤∋≻⋈∈⊥∋≻⋈∈⊥∋≻⋈∈⊥∋≻⋈∈⊤∋≻⋈∈⊥∋⊙⊡⊣
⊢≻⋈∈⊥∋≻⋈∈⊥∋≻⋈∈⊤∋≻⋈∈⊤∋≻⋈∈⊥∋≻⋈∈⊤∋≻⋈∈⊥∋≻⋈∈⊥∋≻⋈∈⊥∋≻⋈∈⊥∋⊙⊡⊣
⊢≻⋈∈⊤∋≻⋈∈⊥∋≻⋈∈⊥∋≻⋈∈⊥∋≻⋈∈⊤∋≻⋈∈⊥∋≻⋈∈⊤∋≻⋈∈⊤∋≻⋈∈⊤∋≻⋈∈⊤∋≻⋈∈⊥∋⊙⊡⊣
⊢≻⋈∈⊥∋≻⋈∈⊥∋≻⋈∈⊤∋≻⋈∈⊤∋≻⋈∈⊤∋≻⋈∈⊥∋≻⋈∈⊥∋≻⋈∈⊤∋≻⋈∈⊥∋⊙⊡⊣
⊢≻⋈∈⊥∋≻⋈∈⊤∋≻⋈∈⊤∋≻⋈∈⊥∋≻⋈∈⊥∋≻⋈∈⊤∋≻⋈∈⊤∋≻⋈∈⊤∋≻⋈∈⊤∋≻⋈∈⊥∋≻⋈∈⊤∋≻⋈∈⊥∋≻⋈∈⊤∋≻⋈∈⊤∋≻⋈∈⊥∋≻⋈∈⊤∋≻⋈∈⊥∋≻⋈∈⊤∋≻⋈∈⊤∋≻⋈∈⊤∋≻⋈∈⊤∋≻⋈∈⊥∋⊙⊡⊣
⊢≻⋈∈⊥∋≻⋈∈⊤∋≻⋈∈⊤∋≻⋈∈⊥∋≻⋈∈⊥∋≻⋈∈⊥∋≻⋈∈⊤∋≻⋈∈⊥∋⊙⊡⊣
⊢≻⋈∈⊤∋≻⋈∈⊤∋≻⋈∈⊤∋≻⋈∈⊤∋≻⋈∈⊥∋≻⋈∈⊥∋⊙⊡⊣
⊢≻⋈∈⊤∋≻⋈∈⊤∋≻⋈∈⊤∋≻⋈∈⊤∋≻⋈∈⊥∋≻⋈∈⊤∋≻⋈∈⊥∋≻⋈∈⊥∋≻⋈∈⊥∋≻⋈∈⊥∋≻⋈∈⊥∋⊙⊡⊣
⊢≻⋈∈⊥∋≻⋈∈⊤∋≻⋈∈⊥∋≻⋈∈⊤∋≻⋈∈⊤∋≻⋈∈⊥∋≻⋈∈⊥∋≻⋈∈⊤∋≻⋈∈⊥∋⊙⊡⊣
⊢≻⋈∈⊤∋≻⋈∈⊤∋≻⋈∈⊥∋≻⋈∈⊥∋≻⋈∈⊥∋≻⋈∈⊤∋≻⋈∈⊤∋≻⋈∈⊤∋≻⋈∈⊤∋≻⋈∈⊥∋≻⋈∈⊤∋≻⋈∈⊥∋≻⋈∈⊥∋≻⋈∈⊥∋≻⋈∈⊥∋≻⋈∈⊤∋≻⋈∈⊥∋≻⋈∈⊤∋≻⋈∈⊤∋≻⋈∈⊤∋≻⋈∈⊤∋≻⋈∈⊥∋⊙⊡⊣
⊢≻⋈∈⊤∋≻⋈∈⊥∋≻⋈∈⊤∋≻⋈∈⊥∋≻⋈∈⊥∋≻⋈∈⊥∋≻⋈∈⊤∋≻⋈∈⊥∋⊙⊡⊣
⊢≻⋈∈⊤∋≻⋈∈⊤∋≻⋈∈⊤∋≻⋈∈⊤∋≻⋈∈⊥∋≻⋈∈⊥∋⊙⊡⊣
⊢≻⋈∈⊥∋≻⋈∈⊤∋≻⋈∈⊤∋≻⋈∈⊤∋≻⋈∈⊥∋≻⋈∈⊤∋≻⋈∈⊥∋≻⋈∈⊥∋≻⋈∈⊥∋≻⋈∈⊥∋≻⋈∈⊥∋⊙⊡⊣
⊢≻⋈∈⊥∋≻⋈∈⊥∋≻⋈∈⊥∋≻⋈∈⊤∋≻⋈∈⊤∋≻⋈∈⊥∋≻⋈∈⊥∋≻⋈∈⊤∋≻⋈∈⊥∋⊙⊡⊣
⊢≻⋈∈⊥∋≻⋈∈⊥∋≻⋈∈⊥∋≻⋈∈⊥∋≻⋈∈⊥∋≻⋈∈⊤∋≻⋈∈⊤∋≻⋈∈⊤∋≻⋈∈⊤∋≻⋈∈⊥∋≻⋈∈⊤∋≻⋈∈⊥∋≻⋈∈⊤∋≻⋈∈⊥∋≻⋈∈⊤∋≻⋈∈⊥∋≻⋈∈⊥∋≻⋈∈⊤∋≻⋈∈⊤∋≻⋈∈⊤∋≻⋈∈⊤∋≻⋈∈⊥∋⊙⊡⊣
⊢≻⋈∈⊥∋≻⋈∈⊥∋≻⋈∈⊤∋≻⋈∈⊥∋≻⋈∈⊥∋≻⋈∈⊥∋≻⋈∈⊤∋≻⋈∈⊥∋⊙⊡⊣
⊢≻⋈∈⊤∋≻⋈∈⊥∋≻⋈∈⊤∋≻⋈∈⊤∋≻⋈∈⊥∋≻⋈∈⊤∋≻⋈∈⊥∋≻⋈∈⊥∋≻⋈∈⊥∋≻⋈∈⊥∋⊙⊡⊣
⊢≻⋈∈⊤∋≻⋈∈⊥∋≻⋈∈⊥∋≻⋈∈⊥∋≻⋈∈⊤∋≻⋈∈⊥∋≻⋈∈⊤∋≻⋈∈⊤∋≻⋈∈⊤∋≻⋈∈⊤∋≻⋈∈⊥∋⊙⊡⊣
⊢≻⋈∈⊥∋≻⋈∈⊤∋≻⋈∈⊤∋≻⋈∈⊥∋≻⋈∈⊤∋≻⋈∈⊥∋≻⋈∈⊥∋≻⋈∈⊤∋≻⋈∈⊥∋⊙⊡⊣
⊢≻⋈∈⊤∋≻⋈∈⊥∋≻⋈∈⊤∋≻⋈∈⊤∋≻⋈∈⊤∋≻⋈∈⊥∋≻⋈∈⊤∋≻⋈∈⊤∋≻⋈∈⊤∋≻⋈∈⊥∋≻⋈∈⊤∋≻⋈∈⊥∋≻⋈∈⊥∋≻⋈∈⊤∋≻⋈∈⊥∋≻⋈∈⊥∋≻⋈∈⊥∋≻⋈∈⊤∋≻⋈∈⊤∋≻⋈∈⊤∋≻⋈∈⊤∋≻⋈∈⊥∋⊙⊡⊣
⊢≻⋈∈⊤∋≻⋈∈⊤∋≻⋈∈⊥∋≻⋈∈⊥∋≻⋈∈⊥∋≻⋈∈⊥∋≻⋈∈⊤∋≻⋈∈⊥∋⊙⊡⊣
⊢≻⋈∈⊤∋≻⋈∈⊥∋≻⋈∈⊤∋≻⋈∈⊤∋≻⋈∈⊥∋≻⋈∈⊤∋≻⋈∈⊥∋≻⋈∈⊥∋≻⋈∈⊥∋≻⋈∈⊥∋⊙⊡⊣
⊢≻⋈∈⊥∋≻⋈∈⊥∋≻⋈∈⊥∋≻⋈∈⊥∋≻⋈∈⊤∋≻⋈∈⊥∋≻⋈∈⊤∋≻⋈∈⊤∋≻⋈∈⊤∋≻⋈∈⊤∋≻⋈∈⊥∋⊙⊡⊣
⊢≻⋈∈⊥∋≻⋈∈⊥∋≻⋈∈⊤∋≻⋈∈⊥∋≻⋈∈⊤∋≻⋈∈⊥∋≻⋈∈⊥∋≻⋈∈⊤∋≻⋈∈⊥∋⊙⊡⊣
⊢≻⋈∈⊥∋≻⋈∈⊤∋≻⋈∈⊥∋≻⋈∈⊤∋≻⋈∈⊤∋≻⋈∈⊥∋≻⋈∈⊤∋≻⋈∈⊤∋≻⋈∈⊤∋≻⋈∈⊥∋≻⋈∈⊤∋≻⋈∈⊥∋≻⋈∈⊤∋≻⋈∈⊤∋≻⋈∈⊤∋≻⋈∈⊤∋≻⋈∈⊤∋≻⋈∈⊥∋≻⋈∈⊤∋≻⋈∈⊤∋≻⋈∈⊤∋≻⋈∈⊥∋⊙⊡⊣
⊢≻⋈∈⊥∋≻⋈∈⊤∋≻⋈∈⊥∋≻⋈∈⊥∋≻⋈∈⊥∋≻⋈∈⊥∋≻⋈∈⊤∋≻⋈∈⊥∋⊙⊡⊣
⊢≻⋈∈⊥∋≻⋈∈⊤∋≻⋈∈⊤∋≻⋈∈⊤∋≻⋈∈⊥∋≻⋈∈⊥∋⊙⊡⊣
⊢≻⋈∈⊥∋≻⋈∈⊥∋≻⋈∈⊥∋≻⋈∈⊥∋≻⋈∈⊤∋≻⋈∈⊤∋≻⋈∈⊥∋≻⋈∈⊥∋≻⋈∈⊥∋≻⋈∈⊥∋≻⋈∈⊥∋⊙⊡⊣
⊢≻⋈∈⊥∋≻⋈∈⊤∋≻⋈∈⊥∋≻⋈∈⊥∋≻⋈∈⊤∋≻⋈∈⊥∋≻⋈∈⊥∋≻⋈∈⊤∋≻⋈∈⊥∋⊙⊡⊣
⊢≻⋈∈⊤∋≻⋈∈⊤∋≻⋈∈⊤∋≻⋈∈⊥∋≻⋈∈⊤∋≻⋈∈⊥∋≻⋈∈⊤∋≻⋈∈⊤∋≻⋈∈⊤∋≻⋈∈⊥∋≻⋈∈⊤∋≻⋈∈⊥∋≻⋈∈⊥∋≻⋈∈⊥∋≻⋈∈⊤∋≻⋈∈⊤∋≻⋈∈⊤∋≻⋈∈⊥∋≻⋈∈⊤∋≻⋈∈⊤∋≻⋈∈⊤∋≻⋈∈⊥∋⊙⊡⊣
⊢≻⋈∈⊤∋≻⋈∈⊥∋≻⋈∈⊥∋≻⋈∈⊥∋≻⋈∈⊥∋≻⋈∈⊥∋≻⋈∈⊤∋≻⋈∈⊥∋⊙⊡⊣
⊢≻⋈∈⊥∋≻⋈∈⊤∋≻⋈∈⊤∋≻⋈∈⊤∋≻⋈∈⊥∋≻⋈∈⊥∋⊙⊡⊣
⊢≻⋈∈⊤∋≻⋈∈⊤∋≻⋈∈⊤∋≻⋈∈⊤∋≻⋈∈⊥∋≻⋈∈⊤∋≻⋈∈⊥∋≻⋈∈⊥∋≻⋈∈⊥∋≻⋈∈⊥∋≻⋈∈⊥∋⊙⊡⊣
⊢≻⋈∈⊥∋≻⋈∈⊥∋≻⋈∈⊥∋≻⋈∈⊥∋≻⋈∈⊤∋≻⋈∈⊥∋≻⋈∈⊥∋≻⋈∈⊤∋≻⋈∈⊥∋⊙⊡⊣
⊢≻⋈∈⊥∋≻⋈∈⊥∋≻⋈∈⊤∋≻⋈∈⊥∋≻⋈∈⊤∋≻⋈∈⊥∋≻⋈∈⊤∋≻⋈∈⊤∋≻⋈∈⊤∋≻⋈∈⊥∋≻⋈∈⊤∋≻⋈∈⊥∋≻⋈∈⊤∋≻⋈∈⊥∋≻⋈∈⊥∋≻⋈∈⊤∋≻⋈∈⊤∋≻⋈∈⊥∋≻⋈∈⊤∋≻⋈∈⊤∋≻⋈∈⊤∋≻⋈∈⊥∋⊙⊡⊣
⊢≻⋈∈⊥∋≻⋈∈⊥∋≻⋈∈⊥∋≻⋈∈⊥∋≻⋈∈⊥∋≻⋈∈⊥∋≻⋈∈⊤∋≻⋈∈⊥∋⊙⊡⊣
⊢≻⋈∈⊥∋≻⋈∈⊤∋≻⋈∈⊤∋≻⋈∈⊤∋≻⋈∈⊥∋≻⋈∈⊤∋≻⋈∈⊥∋≻⋈∈⊥∋≻⋈∈⊥∋≻⋈∈⊥∋⊙⊡⊣
⊢≻⋈∈⊥∋≻⋈∈⊥∋≻⋈∈⊥∋≻⋈∈⊥∋≻⋈∈⊤∋≻⋈∈⊥∋≻⋈∈⊤∋≻⋈∈⊤∋≻⋈∈⊤∋≻⋈∈⊤∋≻⋈∈⊥∋⊙⊡⊣
⊢≻⋈∈⊥∋≻⋈∈⊤∋≻⋈∈⊤∋≻⋈∈⊤∋≻⋈∈⊥∋≻⋈∈⊥∋≻⋈∈⊥∋≻⋈∈⊤∋≻⋈∈⊥∋⊙⊡⊣
⊢≻⋈∈⊤∋≻⋈∈⊥∋≻⋈∈⊥∋≻⋈∈⊥∋≻⋈∈⊤∋≻⋈∈⊥∋≻⋈∈⊤∋≻⋈∈⊤∋≻⋈∈⊤∋≻⋈∈⊥∋≻⋈∈⊤∋≻⋈∈⊥∋≻⋈∈⊥∋≻⋈∈⊤∋≻⋈∈⊤∋≻⋈∈⊥∋≻⋈∈⊤∋≻⋈∈⊥∋≻⋈∈⊤∋≻⋈∈⊤∋≻⋈∈⊤∋≻⋈∈⊥∋⊙⊡⊣
⊢≻⋈∈⊤∋≻⋈∈⊤∋≻⋈∈⊤∋≻⋈∈⊤∋≻⋈∈⊤∋≻⋈∈⊤∋≻⋈∈⊥∋≻⋈∈⊥∋⊙⊡⊣
⊢≻⋈∈⊥∋≻⋈∈⊤∋≻⋈∈⊤∋≻⋈∈⊤∋≻⋈∈⊥∋≻⋈∈⊤∋≻⋈∈⊥∋≻⋈∈⊥∋≻⋈∈⊥∋≻⋈∈⊥∋⊙⊡⊣
⊢≻⋈∈⊤∋≻⋈∈⊤∋≻⋈∈⊤∋≻⋈∈⊤∋≻⋈∈⊥∋≻⋈∈⊥∋≻⋈∈⊤∋≻⋈∈⊤∋≻⋈∈⊤∋≻⋈∈⊤∋≻⋈∈⊥∋⊙⊡⊣
⊢≻⋈∈⊥∋≻⋈∈⊥∋≻⋈∈⊤∋≻⋈∈⊤∋≻⋈∈⊥∋≻⋈∈⊥∋≻⋈∈⊥∋≻⋈∈⊤∋≻⋈∈⊥∋⊙⊡⊣
⊢≻⋈∈⊥∋≻⋈∈⊤∋≻⋈∈⊤∋≻⋈∈⊤∋≻⋈∈⊥∋≻⋈∈⊥∋≻⋈∈⊤∋≻⋈∈⊤∋≻⋈∈⊤∋≻⋈∈⊥∋≻⋈∈⊤∋≻⋈∈⊥∋≻⋈∈⊤∋≻⋈∈⊤∋≻⋈∈⊥∋≻⋈∈⊥∋≻⋈∈⊤∋≻⋈∈⊥∋≻⋈∈⊤∋≻⋈∈⊤∋≻⋈∈⊤∋≻⋈∈⊥∋⊙⊡⊣
⊢≻⋈∈⊥∋≻⋈∈⊤∋≻⋈∈⊤∋≻⋈∈⊤∋≻⋈∈⊤∋≻⋈∈⊤∋≻⋈∈⊥∋≻⋈∈⊥∋⊙⊡⊣
⊢≻⋈∈⊤∋≻⋈∈⊥∋≻⋈∈⊤∋≻⋈∈⊤∋≻⋈∈⊥∋≻⋈∈⊥∋⊙⊡⊣
⊢≻⋈∈⊤∋≻⋈∈⊥∋≻⋈∈⊥∋≻⋈∈⊥∋≻⋈∈⊤∋≻⋈∈⊤∋≻⋈∈⊥∋≻⋈∈⊥∋≻⋈∈⊥∋≻⋈∈⊥∋≻⋈∈⊥∋⊙⊡⊣
⊢≻⋈∈⊥∋≻⋈∈⊤∋≻⋈∈⊥∋≻⋈∈⊤∋≻⋈∈⊥∋≻⋈∈⊥∋≻⋈∈⊥∋≻⋈∈⊤∋≻⋈∈⊥∋⊙⊡⊣
⊢≻⋈∈⊤∋≻⋈∈⊤∋≻⋈∈⊥∋≻⋈∈⊤∋≻⋈∈⊥∋≻⋈∈⊥∋≻⋈∈⊤∋≻⋈∈⊤∋≻⋈∈⊤∋≻⋈∈⊥∋≻⋈∈⊤∋≻⋈∈⊥∋≻⋈∈⊥∋≻⋈∈⊥∋≻⋈∈⊥∋≻⋈∈⊥∋≻⋈∈⊤∋≻⋈∈⊥∋≻⋈∈⊤∋≻⋈∈⊤∋≻⋈∈⊤∋≻⋈∈⊥∋⊙⊡⊣
⊢≻⋈∈⊤∋≻⋈∈⊥∋≻⋈∈⊤∋≻⋈∈⊤∋≻⋈∈⊤∋≻⋈∈⊤∋≻⋈∈⊥∋≻⋈∈⊥∋⊙⊡⊣
⊢≻⋈∈⊤∋≻⋈∈⊥∋≻⋈∈⊤∋≻⋈∈⊤∋≻⋈∈⊥∋≻⋈∈⊥∋⊙⊡⊣
⊢≻⋈∈⊥∋≻⋈∈⊥∋≻⋈∈⊥∋≻⋈∈⊥∋≻⋈∈⊤∋≻⋈∈⊤∋≻⋈∈⊥∋≻⋈∈⊥∋≻⋈∈⊥∋≻⋈∈⊥∋≻⋈∈⊥∋⊙⊡⊣
⊢≻⋈∈⊥∋≻⋈∈⊥∋≻⋈∈⊥∋≻⋈∈⊤∋≻⋈∈⊥∋≻⋈∈⊥∋≻⋈∈⊥∋≻⋈∈⊤∋≻⋈∈⊥∋⊙⊡⊣
⊢≻⋈∈⊥∋≻⋈∈⊥∋≻⋈∈⊥∋≻⋈∈⊤∋≻⋈∈⊥∋≻⋈∈⊥∋≻⋈∈⊤∋≻⋈∈⊤∋≻⋈∈⊤∋≻⋈∈⊥∋≻⋈∈⊤∋≻⋈∈⊥∋≻⋈∈⊤∋≻⋈∈⊥∋≻⋈∈⊤∋≻⋈∈⊤∋≻⋈∈⊥∋≻⋈∈⊥∋≻⋈∈⊤∋≻⋈∈⊤∋≻⋈∈⊤∋≻⋈∈⊥∋⊙⊡⊣
⊢≻⋈∈⊥∋≻⋈∈⊥∋≻⋈∈⊤∋≻⋈∈⊤∋≻⋈∈⊤∋≻⋈∈⊤∋≻⋈∈⊥∋≻⋈∈⊥∋⊙⊡⊣
⊢≻⋈∈⊤∋≻⋈∈⊤∋≻⋈∈⊤∋≻⋈∈⊤∋≻⋈∈⊥∋≻⋈∈⊤∋≻⋈∈⊥∋≻⋈∈⊥∋≻⋈∈⊥∋≻⋈∈⊥∋⊙⊡⊣
⊢≻⋈∈⊤∋≻⋈∈⊤∋≻⋈∈⊤∋≻⋈∈⊤∋≻⋈∈⊥∋≻⋈∈⊥∋≻⋈∈⊤∋≻⋈∈⊤∋≻⋈∈⊤∋≻⋈∈⊤∋≻⋈∈⊥∋⊙⊡⊣
⊢≻⋈∈⊥∋≻⋈∈⊤∋≻⋈∈⊤∋≻⋈∈⊥∋≻⋈∈⊥∋≻⋈∈⊥∋≻⋈∈⊥∋≻⋈∈⊤∋≻⋈∈⊥∋⊙⊡⊣
⊢≻⋈∈⊤∋≻⋈∈⊥∋≻⋈∈⊤∋≻⋈∈⊥∋≻⋈∈⊥∋≻⋈∈⊥∋≻⋈∈⊤∋≻⋈∈⊤∋≻⋈∈⊤∋≻⋈∈⊥∋≻⋈∈⊤∋≻⋈∈⊥∋≻⋈∈⊥∋≻⋈∈⊤∋≻⋈∈⊥∋≻⋈∈⊤∋≻⋈∈⊥∋≻⋈∈⊥∋≻⋈∈⊤∋≻⋈∈⊤∋≻⋈∈⊤∋≻⋈∈⊥∋⊙⊡⊣
⊢≻⋈∈⊤∋≻⋈∈⊤∋≻⋈∈⊥∋≻⋈∈⊤∋≻⋈∈⊤∋≻⋈∈⊤∋≻⋈∈⊥∋≻⋈∈⊥∋⊙⊡⊣
⊢≻⋈∈⊤∋≻⋈∈⊤∋≻⋈∈⊤∋≻⋈∈⊤∋≻⋈∈⊥∋≻⋈∈⊤∋≻⋈∈⊥∋≻⋈∈⊥∋≻⋈∈⊥∋≻⋈∈⊥∋⊙⊡⊣
⊢≻⋈∈⊥∋≻⋈∈⊤∋≻⋈∈⊤∋≻⋈∈⊤∋≻⋈∈⊥∋≻⋈∈⊥∋≻⋈∈⊤∋≻⋈∈⊤∋≻⋈∈⊤∋≻⋈∈⊤∋≻⋈∈⊥∋⊙⊡⊣
⊢≻⋈∈⊥∋≻⋈∈⊥∋≻⋈∈⊤∋≻⋈∈⊥∋≻⋈∈⊥∋≻⋈∈⊥∋≻⋈∈⊥∋≻⋈∈⊤∋≻⋈∈⊥∋⊙⊡⊣
⊢≻⋈∈⊥∋≻⋈∈⊤∋≻⋈∈⊥∋≻⋈∈⊥∋≻⋈∈⊥∋≻⋈∈⊥∋≻⋈∈⊤∋≻⋈∈⊤∋≻⋈∈⊤∋≻⋈∈⊥∋≻⋈∈⊤∋≻⋈∈⊥∋≻⋈∈⊤∋≻⋈∈⊤∋≻⋈∈⊤∋≻⋈∈⊥∋≻⋈∈⊥∋≻⋈∈⊥∋≻⋈∈⊤∋≻⋈∈⊤∋≻⋈∈⊤∋≻⋈∈⊥∋⊙⊡⊣
⊢≻⋈∈⊥∋≻⋈∈⊤∋≻⋈∈⊥∋≻⋈∈⊤∋≻⋈∈⊤∋≻⋈∈⊤∋≻⋈∈⊥∋≻⋈∈⊥∋⊙⊡⊣
⊢≻⋈∈⊥∋≻⋈∈⊥∋≻⋈∈⊤∋≻⋈∈⊤∋≻⋈∈⊥∋≻⋈∈⊥∋⊙⊡⊣
⊢≻⋈∈⊥∋≻⋈∈⊤∋≻⋈∈⊥∋≻⋈∈⊥∋≻⋈∈⊤∋≻⋈∈⊤∋≻⋈∈⊥∋≻⋈∈⊥∋≻⋈∈⊥∋≻⋈∈⊥∋≻⋈∈⊥∋⊙⊡⊣
⊢≻⋈∈⊥∋≻⋈∈⊤∋≻⋈∈⊥∋≻⋈∈⊥∋≻⋈∈⊥∋≻⋈∈⊥∋≻⋈∈⊥∋≻⋈∈⊤∋≻⋈∈⊥∋⊙⊡⊣
⊢≻⋈∈⊤∋≻⋈∈⊤∋≻⋈∈⊤∋≻⋈∈⊤∋≻⋈∈⊤∋≻⋈∈⊤∋≻⋈∈⊥∋≻⋈∈⊤∋≻⋈∈⊤∋≻⋈∈⊥∋≻⋈∈⊤∋≻⋈∈⊥∋≻⋈∈⊥∋≻⋈∈⊥∋≻⋈∈⊤∋≻⋈∈⊥∋≻⋈∈⊥∋≻⋈∈⊥∋≻⋈∈⊤∋≻⋈∈⊤∋≻⋈∈⊤∋≻⋈∈⊥∋⊙⊡⊣
⊢≻⋈∈⊤∋≻⋈∈⊥∋≻⋈∈⊥∋≻⋈∈⊤∋≻⋈∈⊤∋≻⋈∈⊤∋≻⋈∈⊥∋≻⋈∈⊥∋⊙⊡⊣
⊢≻⋈∈⊥∋≻⋈∈⊥∋≻⋈∈⊤∋≻⋈∈⊤∋≻⋈∈⊥∋≻⋈∈⊥∋⊙⊡⊣
⊢≻⋈∈⊤∋≻⋈∈⊥∋≻⋈∈⊥∋≻⋈∈⊥∋≻⋈∈⊤∋≻⋈∈⊤∋≻⋈∈⊥∋≻⋈∈⊥∋≻⋈∈⊥∋≻⋈∈⊥∋≻⋈∈⊥∋⊙⊡⊣
⊢≻⋈∈⊥∋≻⋈∈⊥∋≻⋈∈⊥∋≻⋈∈⊥∋≻⋈∈⊥∋≻⋈∈⊥∋≻⋈∈⊥∋≻⋈∈⊤∋≻⋈∈⊥∋⊙⊡⊣
⊢≻⋈∈⊥∋≻⋈∈⊥∋≻⋈∈⊤∋≻⋈∈⊤∋≻⋈∈⊤∋≻⋈∈⊤∋≻⋈∈⊥∋≻⋈∈⊤∋≻⋈∈⊤∋≻⋈∈⊥∋≻⋈∈⊤∋≻⋈∈⊥∋≻⋈∈⊤∋≻⋈∈⊥∋≻⋈∈⊥∋≻⋈∈⊥∋≻⋈∈⊥∋≻⋈∈⊥∋≻⋈∈⊤∋≻⋈∈⊤∋≻⋈∈⊤∋≻⋈∈⊥∋⊙⊡⊣
⊢≻⋈∈⊥∋≻⋈∈⊥∋≻⋈∈⊥∋≻⋈∈⊤∋≻⋈∈⊤∋≻⋈∈⊤∋≻⋈∈⊥∋≻⋈∈⊥∋⊙⊡⊣
⊢≻⋈∈⊥∋≻⋈∈⊥∋≻⋈∈⊥∋≻⋈∈⊥∋≻⋈∈⊤∋≻⋈∈⊤∋≻⋈∈⊥∋≻⋈∈⊥∋≻⋈∈⊥∋≻⋈∈⊥∋⊙⊡⊣
⊢≻⋈∈⊥∋≻⋈∈⊤∋≻⋈∈⊤∋≻⋈∈⊤∋≻⋈∈⊥∋≻⋈∈⊥∋≻⋈∈⊤∋≻⋈∈⊤∋≻⋈∈⊤∋≻⋈∈⊤∋≻⋈∈⊥∋⊙⊡⊣
⊢≻⋈∈⊥∋≻⋈∈⊤∋≻⋈∈⊤∋≻⋈∈⊤∋≻⋈∈⊤∋≻⋈∈⊤∋≻⋈∈⊤∋≻⋈∈⊥∋≻⋈∈⊥∋⊙⊡⊣
⊢≻⋈∈⊤∋≻⋈∈⊥∋≻⋈∈⊥∋≻⋈∈⊤∋≻⋈∈⊤∋≻⋈∈⊤∋≻⋈∈⊥∋≻⋈∈⊤∋≻⋈∈⊤∋≻⋈∈⊥∋≻⋈∈⊤∋≻⋈∈⊥∋≻⋈∈⊥∋≻⋈∈⊤∋≻⋈∈⊤∋≻⋈∈⊤∋≻⋈∈⊤∋≻⋈∈⊤∋≻⋈∈⊥∋≻⋈∈⊤∋≻⋈∈⊤∋≻⋈∈⊥∋⊙⊡⊣
⊢≻⋈∈⊤∋≻⋈∈⊤∋≻⋈∈⊤∋≻⋈∈⊥∋≻⋈∈⊤∋≻⋈∈⊤∋≻⋈∈⊥∋≻⋈∈⊥∋⊙⊡⊣
⊢≻⋈∈⊥∋≻⋈∈⊥∋≻⋈∈⊥∋≻⋈∈⊥∋≻⋈∈⊤∋≻⋈∈⊤∋≻⋈∈⊥∋≻⋈∈⊥∋≻⋈∈⊥∋≻⋈∈⊥∋⊙⊡⊣
⊢≻⋈∈⊤∋≻⋈∈⊥∋≻⋈∈⊤∋≻⋈∈⊤∋≻⋈∈⊥∋≻⋈∈⊥∋≻⋈∈⊤∋≻⋈∈⊤∋≻⋈∈⊤∋≻⋈∈⊤∋≻⋈∈⊥∋⊙⊡⊣
⊢≻⋈∈⊥∋≻⋈∈⊥∋≻⋈∈⊤∋≻⋈∈⊤∋≻⋈∈⊤∋≻⋈∈⊤∋≻⋈∈⊤∋≻⋈∈⊥∋≻⋈∈⊥∋⊙⊡⊣
⊢≻⋈∈⊥∋≻⋈∈⊤∋≻⋈∈⊤∋≻⋈∈⊥∋≻⋈∈⊤∋≻⋈∈⊤∋≻⋈∈⊥∋≻⋈∈⊤∋≻⋈∈⊤∋≻⋈∈⊥∋≻⋈∈⊤∋≻⋈∈⊥∋≻⋈∈⊤∋≻⋈∈⊤∋≻⋈∈⊥∋≻⋈∈⊤∋≻⋈∈⊤∋≻⋈∈⊤∋≻⋈∈⊥∋≻⋈∈⊤∋≻⋈∈⊤∋≻⋈∈⊥∋⊙⊡⊣
⊢≻⋈∈⊥∋≻⋈∈⊤∋≻⋈∈⊤∋≻⋈∈⊥∋≻⋈∈⊤∋≻⋈∈⊤∋≻⋈∈⊥∋≻⋈∈⊥∋⊙⊡⊣
⊢≻⋈∈⊤∋≻⋈∈⊤∋≻⋈∈⊥∋≻⋈∈⊤∋≻⋈∈⊥∋≻⋈∈⊥∋⊙⊡⊣
⊢≻⋈∈⊤∋≻⋈∈⊤∋≻⋈∈⊥∋≻⋈∈⊥∋≻⋈∈⊤∋≻⋈∈⊤∋≻⋈∈⊥∋≻⋈∈⊥∋≻⋈∈⊥∋≻⋈∈⊥∋≻⋈∈⊥∋⊙⊡⊣
⊢≻⋈∈⊥∋≻⋈∈⊤∋≻⋈∈⊥∋≻⋈∈⊤∋≻⋈∈⊤∋≻⋈∈⊤∋≻⋈∈⊤∋≻⋈∈⊥∋≻⋈∈⊥∋⊙⊡⊣
⊢≻⋈∈⊤∋≻⋈∈⊤∋≻⋈∈⊥∋≻⋈∈⊥∋≻⋈∈⊤∋≻⋈∈⊤∋≻⋈∈⊥∋≻⋈∈⊤∋≻⋈∈⊤∋≻⋈∈⊥∋≻⋈∈⊤∋≻⋈∈⊥∋≻⋈∈⊥∋≻⋈∈⊥∋≻⋈∈⊥∋≻⋈∈⊤∋≻⋈∈⊤∋≻⋈∈⊤∋≻⋈∈⊥∋≻⋈∈⊤∋≻⋈∈⊤∋≻⋈∈⊥∋⊙⊡⊣
⊢≻⋈∈⊤∋≻⋈∈⊥∋≻⋈∈⊤∋≻⋈∈⊥∋≻⋈∈⊤∋≻⋈∈⊤∋≻⋈∈⊥∋≻⋈∈⊥∋⊙⊡⊣
⊢≻⋈∈⊤∋≻⋈∈⊤∋≻⋈∈⊥∋≻⋈∈⊤∋≻⋈∈⊥∋≻⋈∈⊥∋⊙⊡⊣
⊢≻⋈∈⊥∋≻⋈∈⊤∋≻⋈∈⊥∋≻⋈∈⊥∋≻⋈∈⊤∋≻⋈∈⊤∋≻⋈∈⊥∋≻⋈∈⊥∋≻⋈∈⊥∋≻⋈∈⊥∋≻⋈∈⊥∋⊙⊡⊣
⊢≻⋈∈⊥∋≻⋈∈⊥∋≻⋈∈⊥∋≻⋈∈⊤∋≻⋈∈⊤∋≻⋈∈⊤∋≻⋈∈⊤∋≻⋈∈⊥∋≻⋈∈⊥∋⊙⊡⊣
⊢≻⋈∈⊥∋≻⋈∈⊥∋≻⋈∈⊥∋≻⋈∈⊥∋≻⋈∈⊤∋≻⋈∈⊤∋≻⋈∈⊥∋≻⋈∈⊤∋≻⋈∈⊤∋≻⋈∈⊥∋≻⋈∈⊤∋≻⋈∈⊥∋≻⋈∈⊤∋≻⋈∈⊥∋≻⋈∈⊤∋≻⋈∈⊥∋≻⋈∈⊤∋≻⋈∈⊤∋≻⋈∈⊥∋≻⋈∈⊤∋≻⋈∈⊤∋≻⋈∈⊥∋⊙⊡⊣
⊢≻⋈∈⊥∋≻⋈∈⊥∋≻⋈∈⊤∋≻⋈∈⊥∋≻⋈∈⊤∋≻⋈∈⊤∋≻⋈∈⊥∋≻⋈∈⊥∋⊙⊡⊣
⊢≻⋈∈⊤∋≻⋈∈⊥∋≻⋈∈⊥∋≻⋈∈⊥∋≻⋈∈⊤∋≻⋈∈⊤∋≻⋈∈⊥∋≻⋈∈⊥∋≻⋈∈⊥∋≻⋈∈⊥∋⊙⊡⊣
⊢≻⋈∈⊤∋≻⋈∈⊥∋≻⋈∈⊤∋≻⋈∈⊤∋≻⋈∈⊥∋≻⋈∈⊥∋≻⋈∈⊤∋≻⋈∈⊤∋≻⋈∈⊤∋≻⋈∈⊤∋≻⋈∈⊥∋⊙⊡⊣
⊢≻⋈∈⊥∋≻⋈∈⊤∋≻⋈∈⊤∋≻⋈∈⊥∋≻⋈∈⊤∋≻⋈∈⊤∋≻⋈∈⊤∋≻⋈∈⊥∋≻⋈∈⊥∋⊙⊡⊣
⊢≻⋈∈⊤∋≻⋈∈⊥∋≻⋈∈⊤∋≻⋈∈⊤∋≻⋈∈⊥∋≻⋈∈⊤∋≻⋈∈⊥∋≻⋈∈⊤∋≻⋈∈⊤∋≻⋈∈⊥∋≻⋈∈⊤∋≻⋈∈⊥∋≻⋈∈⊥∋≻⋈∈⊤∋≻⋈∈⊥∋≻⋈∈⊥∋≻⋈∈⊤∋≻⋈∈⊤∋≻⋈∈⊥∋≻⋈∈⊤∋≻⋈∈⊤∋≻⋈∈⊥∋⊙⊡⊣
⊢≻⋈∈⊤∋≻⋈∈⊤∋≻⋈∈⊥∋≻⋈∈⊥∋≻⋈∈⊤∋≻⋈∈⊤∋≻⋈∈⊥∋≻⋈∈⊥∋⊙⊡⊣
⊢≻⋈∈⊤∋≻⋈∈⊥∋≻⋈∈⊥∋≻⋈∈⊥∋≻⋈∈⊤∋≻⋈∈⊤∋≻⋈∈⊥∋≻⋈∈⊥∋≻⋈∈⊥∋≻⋈∈⊥∋⊙⊡⊣
⊢≻⋈∈⊥∋≻⋈∈⊥∋≻⋈∈⊤∋≻⋈∈⊤∋≻⋈∈⊥∋≻⋈∈⊥∋≻⋈∈⊤∋≻⋈∈⊤∋≻⋈∈⊤∋≻⋈∈⊤∋≻⋈∈⊥∋⊙⊡⊣
⊢≻⋈∈⊥∋≻⋈∈⊥∋≻⋈∈⊤∋≻⋈∈⊥∋≻⋈∈⊤∋≻⋈∈⊤∋≻⋈∈⊤∋≻⋈∈⊥∋≻⋈∈⊥∋⊙⊡⊣
⊢≻⋈∈⊥∋≻⋈∈⊤∋≻⋈∈⊥∋≻⋈∈⊤∋≻⋈∈⊥∋≻⋈∈⊤∋≻⋈∈⊥∋≻⋈∈⊤∋≻⋈∈⊤∋≻⋈∈⊥∋≻⋈∈⊤∋≻⋈∈⊥∋≻⋈∈⊤∋≻⋈∈⊤∋≻⋈∈⊤∋≻⋈∈⊤∋≻⋈∈⊥∋≻⋈∈⊤∋≻⋈∈⊥∋≻⋈∈⊤∋≻⋈∈⊤∋≻⋈∈⊥∋⊙⊡⊣
⊢≻⋈∈⊥∋≻⋈∈⊤∋≻⋈∈⊥∋≻⋈∈⊥∋≻⋈∈⊤∋≻⋈∈⊤∋≻⋈∈⊥∋≻⋈∈⊥∋⊙⊡⊣
⊢≻⋈∈⊥∋≻⋈∈⊤∋≻⋈∈⊥∋≻⋈∈⊤∋≻⋈∈⊥∋≻⋈∈⊥∋⊙⊡⊣
⊢≻⋈∈⊥∋≻⋈∈⊥∋≻⋈∈⊤∋≻⋈∈⊥∋≻⋈∈⊤∋≻⋈∈⊤∋≻⋈∈⊥∋≻⋈∈⊥∋≻⋈∈⊥∋≻⋈∈⊥∋≻⋈∈⊥∋⊙⊡⊣
⊢≻⋈∈⊥∋≻⋈∈⊤∋≻⋈∈⊥∋≻⋈∈⊥∋≻⋈∈⊤∋≻⋈∈⊤∋≻⋈∈⊤∋≻⋈∈⊥∋≻⋈∈⊥∋⊙⊡⊣
⊢≻⋈∈⊤∋≻⋈∈⊤∋≻⋈∈⊤∋≻⋈∈⊥∋≻⋈∈⊥∋≻⋈∈⊤∋≻⋈∈⊥∋≻⋈∈⊤∋≻⋈∈⊤∋≻⋈∈⊥∋≻⋈∈⊤∋≻⋈∈⊥∋≻⋈∈⊥∋≻⋈∈⊥∋≻⋈∈⊤∋≻⋈∈⊤∋≻⋈∈⊥∋≻⋈∈⊤∋≻⋈∈⊥∋≻⋈∈⊤∋≻⋈∈⊤∋≻⋈∈⊥∋⊙⊡⊣
⊢≻⋈∈⊤∋≻⋈∈⊥∋≻⋈∈⊥∋≻⋈∈⊥∋≻⋈∈⊤∋≻⋈∈⊤∋≻⋈∈⊥∋≻⋈∈⊥∋⊙⊡⊣
⊢≻⋈∈⊥∋≻⋈∈⊤∋≻⋈∈⊥∋≻⋈∈⊤∋≻⋈∈⊥∋≻⋈∈⊥∋⊙⊡⊣
⊢≻⋈∈⊤∋≻⋈∈⊤∋≻⋈∈⊥∋≻⋈∈⊥∋≻⋈∈⊤∋≻⋈∈⊤∋≻⋈∈⊥∋≻⋈∈⊥∋≻⋈∈⊥∋≻⋈∈⊥∋≻⋈∈⊥∋⊙⊡⊣
⊢≻⋈∈⊥∋≻⋈∈⊥∋≻⋈∈⊥∋≻⋈∈⊥∋≻⋈∈⊤∋≻⋈∈⊤∋≻⋈∈⊤∋≻⋈∈⊥∋≻⋈∈⊥∋⊙⊡⊣
⊢≻⋈∈⊥∋≻⋈∈⊥∋≻⋈∈⊤∋≻⋈∈⊥∋≻⋈∈⊥∋≻⋈∈⊤∋≻⋈∈⊥∋≻⋈∈⊤∋≻⋈∈⊤∋≻⋈∈⊥∋≻⋈∈⊤∋≻⋈∈⊥∋≻⋈∈⊤∋≻⋈∈⊥∋≻⋈∈⊥∋≻⋈∈⊤∋≻⋈∈⊥∋≻⋈∈⊤∋≻⋈∈⊥∋≻⋈∈⊤∋≻⋈∈⊤∋≻⋈∈⊥∋⊙⊡⊣
⊢≻⋈∈⊥∋≻⋈∈⊥∋≻⋈∈⊥∋≻⋈∈⊥∋≻⋈∈⊤∋≻⋈∈⊤∋≻⋈∈⊥∋≻⋈∈⊥∋⊙⊡⊣
⊢≻⋈∈⊥∋≻⋈∈⊤∋≻⋈∈⊥∋≻⋈∈⊥∋≻⋈∈⊤∋≻⋈∈⊤∋≻⋈∈⊥∋≻⋈∈⊥∋≻⋈∈⊥∋≻⋈∈⊥∋⊙⊡⊣
⊢≻⋈∈⊥∋≻⋈∈⊥∋≻⋈∈⊤∋≻⋈∈⊤∋≻⋈∈⊥∋≻⋈∈⊥∋≻⋈∈⊤∋≻⋈∈⊤∋≻⋈∈⊤∋≻⋈∈⊤∋≻⋈∈⊥∋⊙⊡⊣
⊢≻⋈∈⊥∋≻⋈∈⊤∋≻⋈∈⊤∋≻⋈∈⊤∋≻⋈∈⊥∋≻⋈∈⊤∋≻⋈∈⊤∋≻⋈∈⊥∋≻⋈∈⊥∋⊙⊡⊣
⊢≻⋈∈⊤∋≻⋈∈⊥∋≻⋈∈⊥∋≻⋈∈⊥∋≻⋈∈⊥∋≻⋈∈⊤∋≻⋈∈⊥∋≻⋈∈⊤∋≻⋈∈⊤∋≻⋈∈⊥∋≻⋈∈⊤∋≻⋈∈⊥∋≻⋈∈⊥∋≻⋈∈⊤∋≻⋈∈⊤∋≻⋈∈⊥∋≻⋈∈⊥∋≻⋈∈⊤∋≻⋈∈⊥∋≻⋈∈⊤∋≻⋈∈⊤∋≻⋈∈⊥∋⊙⊡⊣
⊢≻⋈∈⊤∋≻⋈∈⊤∋≻⋈∈⊤∋≻⋈∈⊤∋≻⋈∈⊥∋≻⋈∈⊤∋≻⋈∈⊥∋≻⋈∈⊥∋⊙⊡⊣
⊢≻⋈∈⊥∋≻⋈∈⊤∋≻⋈∈⊥∋≻⋈∈⊥∋≻⋈∈⊤∋≻⋈∈⊤∋≻⋈∈⊥∋≻⋈∈⊥∋≻⋈∈⊥∋≻⋈∈⊥∋⊙⊡⊣
⊢≻⋈∈⊤∋≻⋈∈⊤∋≻⋈∈⊥∋≻⋈∈⊤∋≻⋈∈⊥∋≻⋈∈⊥∋≻⋈∈⊤∋≻⋈∈⊤∋≻⋈∈⊤∋≻⋈∈⊤∋≻⋈∈⊥∋⊙⊡⊣
⊢≻⋈∈⊥∋≻⋈∈⊥∋≻⋈∈⊤∋≻⋈∈⊤∋≻⋈∈⊥∋≻⋈∈⊤∋≻⋈∈⊤∋≻⋈∈⊥∋≻⋈∈⊥∋⊙⊡⊣
⊢≻⋈∈⊥∋≻⋈∈⊤∋≻⋈∈⊤∋≻⋈∈⊤∋≻⋈∈⊤∋≻⋈∈⊥∋≻⋈∈⊥∋≻⋈∈⊤∋≻⋈∈⊤∋≻⋈∈⊥∋≻⋈∈⊤∋≻⋈∈⊥∋≻⋈∈⊤∋≻⋈∈⊤∋≻⋈∈⊥∋≻⋈∈⊥∋≻⋈∈⊥∋≻⋈∈⊤∋≻⋈∈⊥∋≻⋈∈⊤∋≻⋈∈⊤∋≻⋈∈⊥∋⊙⊡⊣
⊢≻⋈∈⊥∋≻⋈∈⊤∋≻⋈∈⊤∋≻⋈∈⊤∋≻⋈∈⊥∋≻⋈∈⊤∋≻⋈∈⊥∋≻⋈∈⊥∋⊙⊡⊣
⊢≻⋈∈⊤∋≻⋈∈⊥∋≻⋈∈⊥∋≻⋈∈⊤∋≻⋈∈⊥∋≻⋈∈⊥∋⊙⊡⊣
⊢≻⋈∈⊤∋≻⋈∈⊥∋≻⋈∈⊤∋≻⋈∈⊥∋≻⋈∈⊤∋≻⋈∈⊤∋≻⋈∈⊥∋≻⋈∈⊥∋≻⋈∈⊥∋≻⋈∈⊥∋≻⋈∈⊥∋⊙⊡⊣
⊢≻⋈∈⊥∋≻⋈∈⊤∋≻⋈∈⊥∋≻⋈∈⊤∋≻⋈∈⊥∋≻⋈∈⊤∋≻⋈∈⊤∋≻⋈∈⊥∋≻⋈∈⊥∋⊙⊡⊣
⊢≻⋈∈⊤∋≻⋈∈⊤∋≻⋈∈⊥∋≻⋈∈⊤∋≻⋈∈⊤∋≻⋈∈⊥∋≻⋈∈⊥∋≻⋈∈⊤∋≻⋈∈⊤∋≻⋈∈⊥∋≻⋈∈⊤∋≻⋈∈⊥∋≻⋈∈⊥∋≻⋈∈⊥∋≻⋈∈⊥∋≻⋈∈⊥∋≻⋈∈⊥∋≻⋈∈⊤∋≻⋈∈⊥∋≻⋈∈⊤∋≻⋈∈⊤∋≻⋈∈⊥∋⊙⊡⊣
⊢≻⋈∈⊤∋≻⋈∈⊥∋≻⋈∈⊤∋≻⋈∈⊤∋≻⋈∈⊥∋≻⋈∈⊤∋≻⋈∈⊥∋≻⋈∈⊥∋⊙⊡⊣
⊢≻⋈∈⊤∋≻⋈∈⊥∋≻⋈∈⊥∋≻⋈∈⊤∋≻⋈∈⊥∋≻⋈∈⊥∋⊙⊡⊣
⊢≻⋈∈⊥∋≻⋈∈⊥∋≻⋈∈⊤∋≻⋈∈⊥∋≻⋈∈⊤∋≻⋈∈⊤∋≻⋈∈⊥∋≻⋈∈⊥∋≻⋈∈⊥∋≻⋈∈⊥∋≻⋈∈⊥∋⊙⊡⊣
⊢≻⋈∈⊥∋≻⋈∈⊥∋≻⋈∈⊥∋≻⋈∈⊤∋≻⋈∈⊥∋≻⋈∈⊤∋≻⋈∈⊤∋≻⋈∈⊥∋≻⋈∈⊥∋⊙⊡⊣
⊢≻⋈∈⊥∋≻⋈∈⊥∋≻⋈∈⊥∋≻⋈∈⊤∋≻⋈∈⊤∋≻⋈∈⊥∋≻⋈∈⊥∋≻⋈∈⊤∋≻⋈∈⊤∋≻⋈∈⊥∋≻⋈∈⊤∋≻⋈∈⊥∋≻⋈∈⊤∋≻⋈∈⊥∋≻⋈∈⊤∋≻⋈∈⊤∋≻⋈∈⊤∋≻⋈∈⊥∋≻⋈∈⊥∋≻⋈∈⊤∋≻⋈∈⊤∋≻⋈∈⊥∋⊙⊡⊣
⊢≻⋈∈⊥∋≻⋈∈⊥∋≻⋈∈⊤∋≻⋈∈⊤∋≻⋈∈⊥∋≻⋈∈⊤∋≻⋈∈⊥∋≻⋈∈⊥∋⊙⊡⊣
⊢≻⋈∈⊤∋≻⋈∈⊤∋≻⋈∈⊥∋≻⋈∈⊥∋≻⋈∈⊤∋≻⋈∈⊤∋≻⋈∈⊥∋≻⋈∈⊥∋≻⋈∈⊥∋≻⋈∈⊥∋⊙⊡⊣
⊢≻⋈∈⊤∋≻⋈∈⊤∋≻⋈∈⊥∋≻⋈∈⊤∋≻⋈∈⊥∋≻⋈∈⊥∋≻⋈∈⊤∋≻⋈∈⊤∋≻⋈∈⊤∋≻⋈∈⊤∋≻⋈∈⊥∋⊙⊡⊣
⊢≻⋈∈⊥∋≻⋈∈⊤∋≻⋈∈⊤∋≻⋈∈⊥∋≻⋈∈⊥∋≻⋈∈⊤∋≻⋈∈⊤∋≻⋈∈⊥∋≻⋈∈⊥∋⊙⊡⊣
⊢≻⋈∈⊤∋≻⋈∈⊥∋≻⋈∈⊤∋≻⋈∈⊥∋≻⋈∈⊤∋≻⋈∈⊥∋≻⋈∈⊥∋≻⋈∈⊤∋≻⋈∈⊤∋≻⋈∈⊥∋≻⋈∈⊤∋≻⋈∈⊥∋≻⋈∈⊥∋≻⋈∈⊤∋≻⋈∈⊥∋≻⋈∈⊤∋≻⋈∈⊤∋≻⋈∈⊥∋≻⋈∈⊥∋≻⋈∈⊤∋≻⋈∈⊤∋≻⋈∈⊥∋⊙⊡⊣
⊢≻⋈∈⊤∋≻⋈∈⊤∋≻⋈∈⊥∋≻⋈∈⊤∋≻⋈∈⊥∋≻⋈∈⊤∋≻⋈∈⊥∋≻⋈∈⊥∋⊙⊡⊣
⊢≻⋈∈⊤∋≻⋈∈⊤∋≻⋈∈⊥∋≻⋈∈⊥∋≻⋈∈⊤∋≻⋈∈⊤∋≻⋈∈⊥∋≻⋈∈⊥∋≻⋈∈⊥∋≻⋈∈⊥∋⊙⊡⊣
⊢≻⋈∈⊥∋≻⋈∈⊤∋≻⋈∈⊥∋≻⋈∈⊤∋≻⋈∈⊥∋≻⋈∈⊥∋≻⋈∈⊤∋≻⋈∈⊤∋≻⋈∈⊤∋≻⋈∈⊤∋≻⋈∈⊥∋⊙⊡⊣
⊢≻⋈∈⊥∋≻⋈∈⊥∋≻⋈∈⊤∋≻⋈∈⊥∋≻⋈∈⊥∋≻⋈∈⊤∋≻⋈∈⊤∋≻⋈∈⊥∋≻⋈∈⊥∋⊙⊡⊣
⊢≻⋈∈⊥∋≻⋈∈⊤∋≻⋈∈⊥∋≻⋈∈⊥∋≻⋈∈⊤∋≻⋈∈⊥∋≻⋈∈⊥∋≻⋈∈⊤∋≻⋈∈⊤∋≻⋈∈⊥∋≻⋈∈⊤∋≻⋈∈⊥∋≻⋈∈⊤∋≻⋈∈⊤∋≻⋈∈⊤∋≻⋈∈⊥∋≻⋈∈⊤∋≻⋈∈⊥∋≻⋈∈⊥∋≻⋈∈⊤∋≻⋈∈⊤∋≻⋈∈⊥∋⊙⊡⊣
⊢≻⋈∈⊥∋≻⋈∈⊤∋≻⋈∈⊥∋≻⋈∈⊤∋≻⋈∈⊥∋≻⋈∈⊤∋≻⋈∈⊥∋≻⋈∈⊥∋⊙⊡⊣
⊢≻⋈∈⊥∋≻⋈∈⊥∋≻⋈∈⊥∋≻⋈∈⊤∋≻⋈∈⊥∋≻⋈∈⊥∋⊙⊡⊣
⊢≻⋈∈⊥∋≻⋈∈⊤∋≻⋈∈⊤∋≻⋈∈⊥∋≻⋈∈⊤∋≻⋈∈⊤∋≻⋈∈⊥∋≻⋈∈⊥∋≻⋈∈⊥∋≻⋈∈⊥∋≻⋈∈⊥∋⊙⊡⊣
⊢≻⋈∈⊥∋≻⋈∈⊤∋≻⋈∈⊥∋≻⋈∈⊥∋≻⋈∈⊥∋≻⋈∈⊤∋≻⋈∈⊤∋≻⋈∈⊥∋≻⋈∈⊥∋⊙⊡⊣
⊢≻⋈∈⊤∋≻⋈∈⊤∋≻⋈∈⊤∋≻⋈∈⊤∋≻⋈∈⊥∋≻⋈∈⊥∋≻⋈∈⊥∋≻⋈∈⊤∋≻⋈∈⊤∋≻⋈∈⊥∋≻⋈∈⊤∋≻⋈∈⊥∋≻⋈∈⊥∋≻⋈∈⊥∋≻⋈∈⊤∋≻⋈∈⊥∋≻⋈∈⊤∋≻⋈∈⊥∋≻⋈∈⊥∋≻⋈∈⊤∋≻⋈∈⊤∋≻⋈∈⊥∋⊙⊡⊣
⊢≻⋈∈⊤∋≻⋈∈⊥∋≻⋈∈⊥∋≻⋈∈⊤∋≻⋈∈⊥∋≻⋈∈⊤∋≻⋈∈⊥∋≻⋈∈⊥∋⊙⊡⊣
⊢≻⋈∈⊥∋≻⋈∈⊥∋≻⋈∈⊥∋≻⋈∈⊤∋≻⋈∈⊥∋≻⋈∈⊥∋⊙⊡⊣
⊢≻⋈∈⊤∋≻⋈∈⊥∋≻⋈∈⊤∋≻⋈∈⊥∋≻⋈∈⊤∋≻⋈∈⊤∋≻⋈∈⊥∋≻⋈∈⊥∋≻⋈∈⊥∋≻⋈∈⊥∋≻⋈∈⊥∋⊙⊡⊣
⊢≻⋈∈⊥∋≻⋈∈⊥∋≻⋈∈⊥∋≻⋈∈⊥∋≻⋈∈⊥∋≻⋈∈⊤∋≻⋈∈⊤∋≻⋈∈⊥∋≻⋈∈⊥∋⊙⊡⊣
⊢≻⋈∈⊥∋≻⋈∈⊥∋≻⋈∈⊤∋≻⋈∈⊤∋≻⋈∈⊥∋≻⋈∈⊥∋≻⋈∈⊥∋≻⋈∈⊤∋≻⋈∈⊤∋≻⋈∈⊥∋≻⋈∈⊤∋≻⋈∈⊥∋≻⋈∈⊤∋≻⋈∈⊥∋≻⋈∈⊥∋≻⋈∈⊥∋≻⋈∈⊤∋≻⋈∈⊥∋≻⋈∈⊥∋≻⋈∈⊤∋≻⋈∈⊤∋≻⋈∈⊥∋⊙⊡⊣
⊢≻⋈∈⊥∋≻⋈∈⊥∋≻⋈∈⊥∋≻⋈∈⊤∋≻⋈∈⊥∋≻⋈∈⊤∋≻⋈∈⊥∋≻⋈∈⊥∋⊙⊡⊣
⊢≻⋈∈⊥∋≻⋈∈⊥∋≻⋈∈⊤∋≻⋈∈⊥∋≻⋈∈⊤∋≻⋈∈⊤∋≻⋈∈⊥∋≻⋈∈⊥∋≻⋈∈⊥∋≻⋈∈⊥∋⊙⊡⊣
⊢≻⋈∈⊥∋≻⋈∈⊤∋≻⋈∈⊥∋≻⋈∈⊤∋≻⋈∈⊥∋≻⋈∈⊥∋≻⋈∈⊤∋≻⋈∈⊤∋≻⋈∈⊤∋≻⋈∈⊤∋≻⋈∈⊥∋⊙⊡⊣
⊢≻⋈∈⊥∋≻⋈∈⊤∋≻⋈∈⊤∋≻⋈∈⊤∋≻⋈∈⊤∋≻⋈∈⊥∋≻⋈∈⊤∋≻⋈∈⊥∋≻⋈∈⊥∋⊙⊡⊣
⊢≻⋈∈⊤∋≻⋈∈⊥∋≻⋈∈⊥∋≻⋈∈⊤∋≻⋈∈⊥∋≻⋈∈⊥∋≻⋈∈⊥∋≻⋈∈⊤∋≻⋈∈⊤∋≻⋈∈⊥∋≻⋈∈⊤∋≻⋈∈⊥∋≻⋈∈⊥∋≻⋈∈⊤∋≻⋈∈⊤∋≻⋈∈⊤∋≻⋈∈⊥∋≻⋈∈⊥∋≻⋈∈⊥∋≻⋈∈⊤∋≻⋈∈⊤∋≻⋈∈⊥∋⊙⊡⊣
⊢≻⋈∈⊤∋≻⋈∈⊤∋≻⋈∈⊤∋≻⋈∈⊥∋≻⋈∈⊥∋≻⋈∈⊤∋≻⋈∈⊥∋≻⋈∈⊥∋⊙⊡⊣
⊢≻⋈∈⊥∋≻⋈∈⊥∋≻⋈∈⊤∋≻⋈∈⊥∋≻⋈∈⊤∋≻⋈∈⊤∋≻⋈∈⊥∋≻⋈∈⊥∋≻⋈∈⊥∋≻⋈∈⊥∋⊙⊡⊣
⊢≻⋈∈⊤∋≻⋈∈⊥∋≻⋈∈⊥∋≻⋈∈⊤∋≻⋈∈⊥∋≻⋈∈⊥∋≻⋈∈⊤∋≻⋈∈⊤∋≻⋈∈⊤∋≻⋈∈⊤∋≻⋈∈⊥∋⊙⊡⊣
⊢≻⋈∈⊥∋≻⋈∈⊥∋≻⋈∈⊤∋≻⋈∈⊤∋≻⋈∈⊤∋≻⋈∈⊥∋≻⋈∈⊤∋≻⋈∈⊥∋≻⋈∈⊥∋⊙⊡⊣
⊢≻⋈∈⊥∋≻⋈∈⊤∋≻⋈∈⊤∋≻⋈∈⊥∋≻⋈∈⊥∋≻⋈∈⊥∋≻⋈∈⊥∋≻⋈∈⊤∋≻⋈∈⊤∋≻⋈∈⊥∋≻⋈∈⊤∋≻⋈∈⊥∋≻⋈∈⊤∋≻⋈∈⊤∋≻⋈∈⊥∋≻⋈∈⊤∋≻⋈∈⊥∋≻⋈∈⊥∋≻⋈∈⊥∋≻⋈∈⊤∋≻⋈∈⊤∋≻⋈∈⊥∋⊙⊡⊣
⊢≻⋈∈⊥∋≻⋈∈⊤∋≻⋈∈⊤∋≻⋈∈⊥∋≻⋈∈⊥∋≻⋈∈⊤∋≻⋈∈⊥∋≻⋈∈⊥∋⊙⊡⊣
⊢≻⋈∈⊤∋≻⋈∈⊤∋≻⋈∈⊤∋≻⋈∈⊥∋≻⋈∈⊥∋≻⋈∈⊥∋⊙⊡⊣
⊢≻⋈∈⊤∋≻⋈∈⊤∋≻⋈∈⊤∋≻⋈∈⊥∋≻⋈∈⊤∋≻⋈∈⊤∋≻⋈∈⊥∋≻⋈∈⊥∋≻⋈∈⊥∋≻⋈∈⊥∋≻⋈∈⊥∋⊙⊡⊣
⊢≻⋈∈⊥∋≻⋈∈⊤∋≻⋈∈⊥∋≻⋈∈⊤∋≻⋈∈⊤∋≻⋈∈⊥∋≻⋈∈⊤∋≻⋈∈⊥∋≻⋈∈⊥∋⊙⊡⊣
⊢≻⋈∈⊤∋≻⋈∈⊤∋≻⋈∈⊥∋≻⋈∈⊥∋≻⋈∈⊥∋≻⋈∈⊥∋≻⋈∈⊥∋≻⋈∈⊤∋≻⋈∈⊤∋≻⋈∈⊥∋≻⋈∈⊤∋≻⋈∈⊥∋≻⋈∈⊥∋≻⋈∈⊥∋≻⋈∈⊥∋≻⋈∈⊤∋≻⋈∈⊥∋≻⋈∈⊥∋≻⋈∈⊥∋≻⋈∈⊤∋≻⋈∈⊤∋≻⋈∈⊥∋⊙⊡⊣
⊢≻⋈∈⊤∋≻⋈∈⊥∋≻⋈∈⊤∋≻⋈∈⊥∋≻⋈∈⊥∋≻⋈∈⊤∋≻⋈∈⊥∋≻⋈∈⊥∋⊙⊡⊣
⊢≻⋈∈⊤∋≻⋈∈⊤∋≻⋈∈⊤∋≻⋈∈⊥∋≻⋈∈⊥∋≻⋈∈⊥∋⊙⊡⊣
⊢≻⋈∈⊥∋≻⋈∈⊤∋≻⋈∈⊤∋≻⋈∈⊥∋≻⋈∈⊤∋≻⋈∈⊤∋≻⋈∈⊥∋≻⋈∈⊥∋≻⋈∈⊥∋≻⋈∈⊥∋≻⋈∈⊥∋⊙⊡⊣
⊢≻⋈∈⊥∋≻⋈∈⊥∋≻⋈∈⊥∋≻⋈∈⊤∋≻⋈∈⊤∋≻⋈∈⊥∋≻⋈∈⊤∋≻⋈∈⊥∋≻⋈∈⊥∋⊙⊡⊣
⊢≻⋈∈⊥∋≻⋈∈⊥∋≻⋈∈⊥∋≻⋈∈⊥∋≻⋈∈⊥∋≻⋈∈⊥∋≻⋈∈⊥∋≻⋈∈⊤∋≻⋈∈⊤∋≻⋈∈⊥∋≻⋈∈⊤∋≻⋈∈⊥∋≻⋈∈⊤∋≻⋈∈⊥∋≻⋈∈⊤∋≻⋈∈⊥∋≻⋈∈⊥∋≻⋈∈⊥∋≻⋈∈⊥∋≻⋈∈⊤∋≻⋈∈⊤∋≻⋈∈⊥∋⊙⊡⊣
⊢≻⋈∈⊥∋≻⋈∈⊥∋≻⋈∈⊤∋≻⋈∈⊥∋≻⋈∈⊥∋≻⋈∈⊤∋≻⋈∈⊥∋≻⋈∈⊥∋⊙⊡⊣
⊢≻⋈∈⊤∋≻⋈∈⊥∋≻⋈∈⊤∋≻⋈∈⊥∋≻⋈∈⊤∋≻⋈∈⊤∋≻⋈∈⊥∋≻⋈∈⊥∋≻⋈∈⊥∋≻⋈∈⊥∋⊙⊡⊣
⊢≻⋈∈⊤∋≻⋈∈⊥∋≻⋈∈⊥∋≻⋈∈⊤∋≻⋈∈⊥∋≻⋈∈⊥∋≻⋈∈⊤∋≻⋈∈⊤∋≻⋈∈⊤∋≻⋈∈⊤∋≻⋈∈⊥∋⊙⊡⊣
⊢≻⋈∈⊥∋≻⋈∈⊤∋≻⋈∈⊤∋≻⋈∈⊥∋≻⋈∈⊤∋≻⋈∈⊥∋≻⋈∈⊤∋≻⋈∈⊥∋≻⋈∈⊥∋⊙⊡⊣
⊢≻⋈∈⊤∋≻⋈∈⊥∋≻⋈∈⊤∋≻⋈∈⊤∋≻⋈∈⊤∋≻⋈∈⊤∋≻⋈∈⊤∋≻⋈∈⊥∋≻⋈∈⊤∋≻⋈∈⊥∋≻⋈∈⊤∋≻⋈∈⊥∋≻⋈∈⊥∋≻⋈∈⊤∋≻⋈∈⊥∋≻⋈∈⊥∋≻⋈∈⊥∋≻⋈∈⊥∋≻⋈∈⊥∋≻⋈∈⊤∋≻⋈∈⊤∋≻⋈∈⊥∋⊙⊡⊣
⊢≻⋈∈⊤∋≻⋈∈⊤∋≻⋈∈⊥∋≻⋈∈⊥∋≻⋈∈⊥∋≻⋈∈⊤∋≻⋈∈⊥∋≻⋈∈⊥∋⊙⊡⊣
⊢≻⋈∈⊤∋≻⋈∈⊥∋≻⋈∈⊤∋≻⋈∈⊥∋≻⋈∈⊤∋≻⋈∈⊤∋≻⋈∈⊥∋≻⋈∈⊥∋≻⋈∈⊥∋≻⋈∈⊥∋⊙⊡⊣
⊢≻⋈∈⊥∋≻⋈∈⊥∋≻⋈∈⊥∋≻⋈∈⊤∋≻⋈∈⊥∋≻⋈∈⊥∋≻⋈∈⊤∋≻⋈∈⊤∋≻⋈∈⊤∋≻⋈∈⊤∋≻⋈∈⊥∋⊙⊡⊣
⊢≻⋈∈⊥∋≻⋈∈⊥∋≻⋈∈⊤∋≻⋈∈⊥∋≻⋈∈⊤∋≻⋈∈⊥∋≻⋈∈⊤∋≻⋈∈⊥∋≻⋈∈⊥∋⊙⊡⊣
⊢≻⋈∈⊥∋≻⋈∈⊤∋≻⋈∈⊥∋≻⋈∈⊤∋≻⋈∈⊤∋≻⋈∈⊤∋≻⋈∈⊤∋≻⋈∈⊥∋≻⋈∈⊤∋≻⋈∈⊥∋≻⋈∈⊤∋≻⋈∈⊥∋≻⋈∈⊤∋≻⋈∈⊤∋≻⋈∈⊤∋≻⋈∈⊤∋≻⋈∈⊤∋≻⋈∈⊤∋≻⋈∈⊤∋≻⋈∈⊥∋≻⋈∈⊤∋≻⋈∈⊥∋⊙⊡⊣
⊢≻⋈∈⊥∋≻⋈∈⊤∋≻⋈∈⊥∋≻⋈∈⊥∋≻⋈∈⊥∋≻⋈∈⊤∋≻⋈∈⊥∋≻⋈∈⊥∋⊙⊡⊣
⊢≻⋈∈⊥∋≻⋈∈⊤∋≻⋈∈⊤∋≻⋈∈⊥∋≻⋈∈⊥∋≻⋈∈⊥∋⊙⊡⊣
⊢≻⋈∈⊥∋≻⋈∈⊥∋≻⋈∈⊥∋≻⋈∈⊤∋≻⋈∈⊤∋≻⋈∈⊤∋≻⋈∈⊥∋≻⋈∈⊥∋≻⋈∈⊥∋≻⋈∈⊥∋≻⋈∈⊥∋⊙⊡⊣
⊢≻⋈∈⊥∋≻⋈∈⊤∋≻⋈∈⊥∋≻⋈∈⊥∋≻⋈∈⊤∋≻⋈∈⊥∋≻⋈∈⊤∋≻⋈∈⊥∋≻⋈∈⊥∋⊙⊡⊣
⊢≻⋈∈⊤∋≻⋈∈⊤∋≻⋈∈⊤∋≻⋈∈⊥∋≻⋈∈⊤∋≻⋈∈⊤∋≻⋈∈⊤∋≻⋈∈⊥∋≻⋈∈⊤∋≻⋈∈⊥∋≻⋈∈⊤∋≻⋈∈⊥∋≻⋈∈⊥∋≻⋈∈⊥∋≻⋈∈⊤∋≻⋈∈⊤∋≻⋈∈⊤∋≻⋈∈⊤∋≻⋈∈⊤∋≻⋈∈⊥∋≻⋈∈⊤∋≻⋈∈⊥∋⊙⊡⊣
⊢≻⋈∈⊤∋≻⋈∈⊥∋≻⋈∈⊥∋≻⋈∈⊥∋≻⋈∈⊥∋≻⋈∈⊤∋≻⋈∈⊥∋≻⋈∈⊥∋⊙⊡⊣
⊢≻⋈∈⊥∋≻⋈∈⊤∋≻⋈∈⊤∋≻⋈∈⊥∋≻⋈∈⊥∋≻⋈∈⊥∋⊙⊡⊣
⊢≻⋈∈⊤∋≻⋈∈⊤∋≻⋈∈⊤∋≻⋈∈⊥∋≻⋈∈⊤∋≻⋈∈⊤∋≻⋈∈⊥∋≻⋈∈⊥∋≻⋈∈⊥∋≻⋈∈⊥∋≻⋈∈⊥∋⊙⊡⊣
⊢≻⋈∈⊥∋≻⋈∈⊥∋≻⋈∈⊥∋≻⋈∈⊥∋≻⋈∈⊤∋≻⋈∈⊥∋≻⋈∈⊤∋≻⋈∈⊥∋≻⋈∈⊥∋⊙⊡⊣
⊢≻⋈∈⊥∋≻⋈∈⊥∋≻⋈∈⊤∋≻⋈∈⊥∋≻⋈∈⊤∋≻⋈∈⊤∋≻⋈∈⊤∋≻⋈∈⊥∋≻⋈∈⊤∋≻⋈∈⊥∋≻⋈∈⊤∋≻⋈∈⊥∋≻⋈∈⊤∋≻⋈∈⊥∋≻⋈∈⊥∋≻⋈∈⊤∋≻⋈∈⊤∋≻⋈∈⊤∋≻⋈∈⊤∋≻⋈∈⊥∋≻⋈∈⊤∋≻⋈∈⊥∋⊙⊡⊣
⊢≻⋈∈⊥∋≻⋈∈⊥∋≻⋈∈⊥∋≻⋈∈⊥∋≻⋈∈⊥∋≻⋈∈⊤∋≻⋈∈⊥∋≻⋈∈⊥∋⊙⊡⊣
⊢≻⋈∈⊥∋≻⋈∈⊤∋≻⋈∈⊤∋≻⋈∈⊥∋≻⋈∈⊤∋≻⋈∈⊤∋≻⋈∈⊥∋≻⋈∈⊥∋≻⋈∈⊥∋≻⋈∈⊥∋⊙⊡⊣
⊢≻⋈∈⊥∋≻⋈∈⊥∋≻⋈∈⊥∋≻⋈∈⊤∋≻⋈∈⊥∋≻⋈∈⊥∋≻⋈∈⊤∋≻⋈∈⊤∋≻⋈∈⊤∋≻⋈∈⊤∋≻⋈∈⊥∋⊙⊡⊣
⊢≻⋈∈⊥∋≻⋈∈⊤∋≻⋈∈⊤∋≻⋈∈⊤∋≻⋈∈⊥∋≻⋈∈⊥∋≻⋈∈⊤∋≻⋈∈⊥∋≻⋈∈⊥∋⊙⊡⊣
⊢≻⋈∈⊤∋≻⋈∈⊥∋≻⋈∈⊥∋≻⋈∈⊥∋≻⋈∈⊤∋≻⋈∈⊤∋≻⋈∈⊤∋≻⋈∈⊥∋≻⋈∈⊤∋≻⋈∈⊥∋≻⋈∈⊤∋≻⋈∈⊥∋≻⋈∈⊥∋≻⋈∈⊤∋≻⋈∈⊤∋≻⋈∈⊥∋≻⋈∈⊤∋≻⋈∈⊤∋≻⋈∈⊤∋≻⋈∈⊥∋≻⋈∈⊤∋≻⋈∈⊥∋⊙⊡⊣
⊢≻⋈∈⊤∋≻⋈∈⊤∋≻⋈∈⊤∋≻⋈∈⊤∋≻⋈∈⊤∋≻⋈∈⊥∋≻⋈∈⊥∋≻⋈∈⊥∋⊙⊡⊣
⊢≻⋈∈⊥∋≻⋈∈⊤∋≻⋈∈⊤∋≻⋈∈⊥∋≻⋈∈⊤∋≻⋈∈⊤∋≻⋈∈⊥∋≻⋈∈⊥∋≻⋈∈⊥∋≻⋈∈⊥∋⊙⊡⊣
⊢≻⋈∈⊤∋≻⋈∈⊤∋≻⋈∈⊤∋≻⋈∈⊥∋≻⋈∈⊥∋≻⋈∈⊥∋≻⋈∈⊤∋≻⋈∈⊤∋≻⋈∈⊤∋≻⋈∈⊤∋≻⋈∈⊥∋⊙⊡⊣
⊢≻⋈∈⊥∋≻⋈∈⊥∋≻⋈∈⊤∋≻⋈∈⊤∋≻⋈∈⊥∋≻⋈∈⊥∋≻⋈∈⊤∋≻⋈∈⊥∋≻⋈∈⊥∋⊙⊡⊣
⊢≻⋈∈⊥∋≻⋈∈⊤∋≻⋈∈⊤∋≻⋈∈⊤∋≻⋈∈⊥∋≻⋈∈⊤∋≻⋈∈⊤∋≻⋈∈⊥∋≻⋈∈⊤∋≻⋈∈⊥∋≻⋈∈⊤∋≻⋈∈⊥∋≻⋈∈⊤∋≻⋈∈⊤∋≻⋈∈⊥∋≻⋈∈⊥∋≻⋈∈⊤∋≻⋈∈⊤∋≻⋈∈⊤∋≻⋈∈⊥∋≻⋈∈⊤∋≻⋈∈⊥∋⊙⊡⊣
⊢≻⋈∈⊥∋≻⋈∈⊤∋≻⋈∈⊤∋≻⋈∈⊤∋≻⋈∈⊤∋≻⋈∈⊥∋≻⋈∈⊥∋≻⋈∈⊥∋⊙⊡⊣
⊢≻⋈∈⊤∋≻⋈∈⊥∋≻⋈∈⊤∋≻⋈∈⊥∋≻⋈∈⊥∋≻⋈∈⊥∋⊙⊡⊣
⊢≻⋈∈⊤∋≻⋈∈⊥∋≻⋈∈⊥∋≻⋈∈⊤∋≻⋈∈⊤∋≻⋈∈⊤∋≻⋈∈⊥∋≻⋈∈⊥∋≻⋈∈⊥∋≻⋈∈⊥∋≻⋈∈⊥∋⊙⊡⊣
⊢≻⋈∈⊥∋≻⋈∈⊤∋≻⋈∈⊥∋≻⋈∈⊤∋≻⋈∈⊥∋≻⋈∈⊥∋≻⋈∈⊤∋≻⋈∈⊥∋≻⋈∈⊥∋⊙⊡⊣
⊢≻⋈∈⊤∋≻⋈∈⊤∋≻⋈∈⊥∋≻⋈∈⊤∋≻⋈∈⊥∋≻⋈∈⊤∋≻⋈∈⊤∋≻⋈∈⊥∋≻⋈∈⊤∋≻⋈∈⊥∋≻⋈∈⊤∋≻⋈∈⊥∋≻⋈∈⊥∋≻⋈∈⊥∋≻⋈∈⊥∋≻⋈∈⊥∋≻⋈∈⊤∋≻⋈∈⊤∋≻⋈∈⊤∋≻⋈∈⊥∋≻⋈∈⊤∋≻⋈∈⊥∋⊙⊡⊣
⊢≻⋈∈⊤∋≻⋈∈⊥∋≻⋈∈⊤∋≻⋈∈⊤∋≻⋈∈⊤∋≻⋈∈⊥∋≻⋈∈⊥∋≻⋈∈⊥∋⊙⊡⊣
⊢≻⋈∈⊤∋≻⋈∈⊥∋≻⋈∈⊤∋≻⋈∈⊥∋≻⋈∈⊥∋≻⋈∈⊥∋⊙⊡⊣
⊢≻⋈∈⊥∋≻⋈∈⊥∋≻⋈∈⊥∋≻⋈∈⊤∋≻⋈∈⊤∋≻⋈∈⊤∋≻⋈∈⊥∋≻⋈∈⊥∋≻⋈∈⊥∋≻⋈∈⊥∋≻⋈∈⊥∋⊙⊡⊣
⊢≻⋈∈⊥∋≻⋈∈⊥∋≻⋈∈⊥∋≻⋈∈⊤∋≻⋈∈⊥∋≻⋈∈⊥∋≻⋈∈⊤∋≻⋈∈⊥∋≻⋈∈⊥∋⊙⊡⊣
⊢≻⋈∈⊥∋≻⋈∈⊥∋≻⋈∈⊥∋≻⋈∈⊤∋≻⋈∈⊥∋≻⋈∈⊤∋≻⋈∈⊤∋≻⋈∈⊥∋≻⋈∈⊤∋≻⋈∈⊥∋≻⋈∈⊤∋≻⋈∈⊥∋≻⋈∈⊤∋≻⋈∈⊥∋≻⋈∈⊤∋≻⋈∈⊤∋≻⋈∈⊥∋≻⋈∈⊤∋≻⋈∈⊤∋≻⋈∈⊥∋≻⋈∈⊤∋≻⋈∈⊥∋⊙⊡⊣
⊢≻⋈∈⊥∋≻⋈∈⊥∋≻⋈∈⊤∋≻⋈∈⊤∋≻⋈∈⊤∋≻⋈∈⊥∋≻⋈∈⊥∋≻⋈∈⊥∋⊙⊡⊣
⊢≻⋈∈⊤∋≻⋈∈⊤∋≻⋈∈⊤∋≻⋈∈⊥∋≻⋈∈⊤∋≻⋈∈⊤∋≻⋈∈⊥∋≻⋈∈⊥∋≻⋈∈⊥∋≻⋈∈⊥∋⊙⊡⊣
⊢≻⋈∈⊤∋≻⋈∈⊤∋≻⋈∈⊤∋≻⋈∈⊥∋≻⋈∈⊥∋≻⋈∈⊥∋≻⋈∈⊤∋≻⋈∈⊤∋≻⋈∈⊤∋≻⋈∈⊤∋≻⋈∈⊥∋⊙⊡⊣
⊢≻⋈∈⊥∋≻⋈∈⊤∋≻⋈∈⊤∋≻⋈∈⊥∋≻⋈∈⊥∋≻⋈∈⊥∋≻⋈∈⊤∋≻⋈∈⊥∋≻⋈∈⊥∋⊙⊡⊣
⊢≻⋈∈⊤∋≻⋈∈⊥∋≻⋈∈⊤∋≻⋈∈⊥∋≻⋈∈⊥∋≻⋈∈⊤∋≻⋈∈⊤∋≻⋈∈⊥∋≻⋈∈⊤∋≻⋈∈⊥∋≻⋈∈⊤∋≻⋈∈⊥∋≻⋈∈⊥∋≻⋈∈⊤∋≻⋈∈⊥∋≻⋈∈⊤∋≻⋈∈⊥∋≻⋈∈⊤∋≻⋈∈⊤∋≻⋈∈⊥∋≻⋈∈⊤∋≻⋈∈⊥∋⊙⊡⊣
⊢≻⋈∈⊤∋≻⋈∈⊤∋≻⋈∈⊥∋≻⋈∈⊤∋≻⋈∈⊤∋≻⋈∈⊥∋≻⋈∈⊥∋≻⋈∈⊥∋⊙⊡⊣
⊢≻⋈∈⊤∋≻⋈∈⊤∋≻⋈∈⊤∋≻⋈∈⊥∋≻⋈∈⊤∋≻⋈∈⊤∋≻⋈∈⊥∋≻⋈∈⊥∋≻⋈∈⊥∋≻⋈∈⊥∋⊙⊡⊣
⊢≻⋈∈⊥∋≻⋈∈⊤∋≻⋈∈⊤∋≻⋈∈⊥∋≻⋈∈⊥∋≻⋈∈⊥∋≻⋈∈⊤∋≻⋈∈⊤∋≻⋈∈⊤∋≻⋈∈⊤∋≻⋈∈⊥∋⊙⊡⊣
⊢≻⋈∈⊥∋≻⋈∈⊥∋≻⋈∈⊤∋≻⋈∈⊥∋≻⋈∈⊥∋≻⋈∈⊥∋≻⋈∈⊤∋≻⋈∈⊥∋≻⋈∈⊥∋⊙⊡⊣
⊢≻⋈∈⊥∋≻⋈∈⊤∋≻⋈∈⊥∋≻⋈∈⊥∋≻⋈∈⊥∋≻⋈∈⊤∋≻⋈∈⊤∋≻⋈∈⊥∋≻⋈∈⊤∋≻⋈∈⊥∋≻⋈∈⊤∋≻⋈∈⊥∋≻⋈∈⊤∋≻⋈∈⊤∋≻⋈∈⊤∋≻⋈∈⊥∋≻⋈∈⊥∋≻⋈∈⊤∋≻⋈∈⊤∋≻⋈∈⊥∋≻⋈∈⊤∋≻⋈∈⊥∋⊙⊡⊣
⊢≻⋈∈⊥∋≻⋈∈⊤∋≻⋈∈⊥∋≻⋈∈⊤∋≻⋈∈⊤∋≻⋈∈⊥∋≻⋈∈⊥∋≻⋈∈⊥∋⊙⊡⊣
⊢≻⋈∈⊥∋≻⋈∈⊥∋≻⋈∈⊤∋≻⋈∈⊥∋≻⋈∈⊥∋≻⋈∈⊥∋⊙⊡⊣
⊢≻⋈∈⊥∋≻⋈∈⊤∋≻⋈∈⊥∋≻⋈∈⊤∋≻⋈∈⊤∋≻⋈∈⊤∋≻⋈∈⊥∋≻⋈∈⊥∋≻⋈∈⊥∋≻⋈∈⊥∋≻⋈∈⊥∋⊙⊡⊣
⊢≻⋈∈⊥∋≻⋈∈⊤∋≻⋈∈⊥∋≻⋈∈⊥∋≻⋈∈⊥∋≻⋈∈⊥∋≻⋈∈⊤∋≻⋈∈⊥∋≻⋈∈⊥∋⊙⊡⊣
⊢≻⋈∈⊤∋≻⋈∈⊤∋≻⋈∈⊤∋≻⋈∈⊤∋≻⋈∈⊤∋≻⋈∈⊥∋≻⋈∈⊤∋≻⋈∈⊥∋≻⋈∈⊤∋≻⋈∈⊥∋≻⋈∈⊤∋≻⋈∈⊥∋≻⋈∈⊥∋≻⋈∈⊥∋≻⋈∈⊤∋≻⋈∈⊥∋≻⋈∈⊥∋≻⋈∈⊤∋≻⋈∈⊤∋≻⋈∈⊥∋≻⋈∈⊤∋≻⋈∈⊥∋⊙⊡⊣
⊢≻⋈∈⊤∋≻⋈∈⊥∋≻⋈∈⊥∋≻⋈∈⊤∋≻⋈∈⊤∋≻⋈∈⊥∋≻⋈∈⊥∋≻⋈∈⊥∋⊙⊡⊣
⊢≻⋈∈⊥∋≻⋈∈⊥∋≻⋈∈⊤∋≻⋈∈⊥∋≻⋈∈⊥∋≻⋈∈⊥∋⊙⊡⊣
⊢≻⋈∈⊤∋≻⋈∈⊥∋≻⋈∈⊥∋≻⋈∈⊤∋≻⋈∈⊤∋≻⋈∈⊤∋≻⋈∈⊥∋≻⋈∈⊥∋≻⋈∈⊥∋≻⋈∈⊥∋≻⋈∈⊥∋⊙⊡⊣
⊢≻⋈∈⊥∋≻⋈∈⊥∋≻⋈∈⊥∋≻⋈∈⊥∋≻⋈∈⊥∋≻⋈∈⊥∋≻⋈∈⊤∋≻⋈∈⊥∋≻⋈∈⊥∋⊙⊡⊣
⊢≻⋈∈⊥∋≻⋈∈⊥∋≻⋈∈⊤∋≻⋈∈⊤∋≻⋈∈⊤∋≻⋈∈⊥∋≻⋈∈⊤∋≻⋈∈⊥∋≻⋈∈⊤∋≻⋈∈⊥∋≻⋈∈⊤∋≻⋈∈⊥∋≻⋈∈⊤∋≻⋈∈⊥∋≻⋈∈⊥∋≻⋈∈⊥∋≻⋈∈⊥∋≻⋈∈⊤∋≻⋈∈⊤∋≻⋈∈⊥∋≻⋈∈⊤∋≻⋈∈⊥∋⊙⊡⊣
⊢≻⋈∈⊥∋≻⋈∈⊥∋≻⋈∈⊥∋≻⋈∈⊤∋≻⋈∈⊤∋≻⋈∈⊥∋≻⋈∈⊥∋≻⋈∈⊥∋⊙⊡⊣
⊢≻⋈∈⊥∋≻⋈∈⊥∋≻⋈∈⊥∋≻⋈∈⊤∋≻⋈∈⊤∋≻⋈∈⊤∋≻⋈∈⊥∋≻⋈∈⊥∋≻⋈∈⊥∋≻⋈∈⊥∋⊙⊡⊣
⊢≻⋈∈⊥∋≻⋈∈⊤∋≻⋈∈⊤∋≻⋈∈⊥∋≻⋈∈⊥∋≻⋈∈⊥∋≻⋈∈⊤∋≻⋈∈⊤∋≻⋈∈⊤∋≻⋈∈⊤∋≻⋈∈⊥∋⊙⊡⊣
⊢≻⋈∈⊥∋≻⋈∈⊤∋≻⋈∈⊤∋≻⋈∈⊤∋≻⋈∈⊤∋≻⋈∈⊤∋≻⋈∈⊥∋≻⋈∈⊥∋≻⋈∈⊥∋⊙⊡⊣
⊢≻⋈∈⊤∋≻⋈∈⊥∋≻⋈∈⊥∋≻⋈∈⊤∋≻⋈∈⊤∋≻⋈∈⊥∋≻⋈∈⊤∋≻⋈∈⊥∋≻⋈∈⊤∋≻⋈∈⊥∋≻⋈∈⊤∋≻⋈∈⊥∋≻⋈∈⊥∋≻⋈∈⊤∋≻⋈∈⊤∋≻⋈∈⊤∋≻⋈∈⊤∋≻⋈∈⊥∋≻⋈∈⊤∋≻⋈∈⊥∋≻⋈∈⊤∋≻⋈∈⊥∋⊙⊡⊣
⊢≻⋈∈⊤∋≻⋈∈⊤∋≻⋈∈⊤∋≻⋈∈⊥∋≻⋈∈⊤∋≻⋈∈⊥∋≻⋈∈⊥∋≻⋈∈⊥∋⊙⊡⊣
⊢≻⋈∈⊥∋≻⋈∈⊥∋≻⋈∈⊥∋≻⋈∈⊤∋≻⋈∈⊤∋≻⋈∈⊤∋≻⋈∈⊥∋≻⋈∈⊥∋≻⋈∈⊥∋≻⋈∈⊥∋⊙⊡⊣
⊢≻⋈∈⊤∋≻⋈∈⊥∋≻⋈∈⊤∋≻⋈∈⊥∋≻⋈∈⊥∋≻⋈∈⊥∋≻⋈∈⊤∋≻⋈∈⊤∋≻⋈∈⊤∋≻⋈∈⊤∋≻⋈∈⊥∋⊙⊡⊣
⊢≻⋈∈⊥∋≻⋈∈⊥∋≻⋈∈⊤∋≻⋈∈⊤∋≻⋈∈⊤∋≻⋈∈⊤∋≻⋈∈⊥∋≻⋈∈⊥∋≻⋈∈⊥∋⊙⊡⊣
⊢≻⋈∈⊥∋≻⋈∈⊤∋≻⋈∈⊤∋≻⋈∈⊥∋≻⋈∈⊤∋≻⋈∈⊥∋≻⋈∈⊤∋≻⋈∈⊥∋≻⋈∈⊤∋≻⋈∈⊥∋≻⋈∈⊤∋≻⋈∈⊥∋≻⋈∈⊤∋≻⋈∈⊤∋≻⋈∈⊥∋≻⋈∈⊤∋≻⋈∈⊤∋≻⋈∈⊥∋≻⋈∈⊤∋≻⋈∈⊥∋≻⋈∈⊤∋≻⋈∈⊥∋⊙⊡⊣
⊢≻⋈∈⊥∋≻⋈∈⊤∋≻⋈∈⊤∋≻⋈∈⊥∋≻⋈∈⊤∋≻⋈∈⊥∋≻⋈∈⊥∋≻⋈∈⊥∋⊙⊡⊣
⊢≻⋈∈⊤∋≻⋈∈⊤∋≻⋈∈⊥∋≻⋈∈⊥∋≻⋈∈⊥∋≻⋈∈⊥∋⊙⊡⊣
⊢≻⋈∈⊤∋≻⋈∈⊤∋≻⋈∈⊥∋≻⋈∈⊤∋≻⋈∈⊤∋≻⋈∈⊤∋≻⋈∈⊥∋≻⋈∈⊥∋≻⋈∈⊥∋≻⋈∈⊥∋≻⋈∈⊥∋⊙⊡⊣
⊢≻⋈∈⊥∋≻⋈∈⊤∋≻⋈∈⊥∋≻⋈∈⊤∋≻⋈∈⊤∋≻⋈∈⊤∋≻⋈∈⊥∋≻⋈∈⊥∋≻⋈∈⊥∋⊙⊡⊣
⊢≻⋈∈⊤∋≻⋈∈⊤∋≻⋈∈⊥∋≻⋈∈⊥∋≻⋈∈⊤∋≻⋈∈⊥∋≻⋈∈⊤∋≻⋈∈⊥∋≻⋈∈⊤∋≻⋈∈⊥∋≻⋈∈⊤∋≻⋈∈⊥∋≻⋈∈⊥∋≻⋈∈⊥∋≻⋈∈⊥∋≻⋈∈⊤∋≻⋈∈⊤∋≻⋈∈⊥∋≻⋈∈⊤∋≻⋈∈⊥∋≻⋈∈⊤∋≻⋈∈⊥∋⊙⊡⊣
⊢≻⋈∈⊤∋≻⋈∈⊥∋≻⋈∈⊤∋≻⋈∈⊥∋≻⋈∈⊤∋≻⋈∈⊥∋≻⋈∈⊥∋≻⋈∈⊥∋⊙⊡⊣
⊢≻⋈∈⊤∋≻⋈∈⊤∋≻⋈∈⊥∋≻⋈∈⊥∋≻⋈∈⊥∋≻⋈∈⊥∋⊙⊡⊣
⊢≻⋈∈⊥∋≻⋈∈⊤∋≻⋈∈⊥∋≻⋈∈⊤∋≻⋈∈⊤∋≻⋈∈⊤∋≻⋈∈⊥∋≻⋈∈⊥∋≻⋈∈⊥∋≻⋈∈⊥∋≻⋈∈⊥∋⊙⊡⊣
⊢≻⋈∈⊥∋≻⋈∈⊥∋≻⋈∈⊥∋≻⋈∈⊤∋≻⋈∈⊤∋≻⋈∈⊤∋≻⋈∈⊥∋≻⋈∈⊥∋≻⋈∈⊥∋⊙⊡⊣
⊢≻⋈∈⊥∋≻⋈∈⊥∋≻⋈∈⊥∋≻⋈∈⊥∋≻⋈∈⊤∋≻⋈∈⊥∋≻⋈∈⊤∋≻⋈∈⊥∋≻⋈∈⊤∋≻⋈∈⊥∋≻⋈∈⊤∋≻⋈∈⊥∋≻⋈∈⊤∋≻⋈∈⊥∋≻⋈∈⊤∋≻⋈∈⊥∋≻⋈∈⊤∋≻⋈∈⊥∋≻⋈∈⊤∋≻⋈∈⊥∋≻⋈∈⊤∋≻⋈∈⊥∋⊙⊡⊣
⊢≻⋈∈⊥∋≻⋈∈⊥∋≻⋈∈⊤∋≻⋈∈⊥∋≻⋈∈⊤∋≻⋈∈⊥∋≻⋈∈⊥∋≻⋈∈⊥∋⊙⊡⊣
⊢≻⋈∈⊤∋≻⋈∈⊥∋≻⋈∈⊥∋≻⋈∈⊤∋≻⋈∈⊤∋≻⋈∈⊤∋≻⋈∈⊥∋≻⋈∈⊥∋≻⋈∈⊥∋≻⋈∈⊥∋⊙⊡⊣
⊢≻⋈∈⊤∋≻⋈∈⊥∋≻⋈∈⊤∋≻⋈∈⊥∋≻⋈∈⊥∋≻⋈∈⊥∋≻⋈∈⊤∋≻⋈∈⊤∋≻⋈∈⊤∋≻⋈∈⊤∋≻⋈∈⊥∋⊙⊡⊣
⊢≻⋈∈⊥∋≻⋈∈⊤∋≻⋈∈⊤∋≻⋈∈⊥∋≻⋈∈⊤∋≻⋈∈⊤∋≻⋈∈⊥∋≻⋈∈⊥∋≻⋈∈⊥∋⊙⊡⊣
⊢≻⋈∈⊤∋≻⋈∈⊥∋≻⋈∈⊤∋≻⋈∈⊤∋≻⋈∈⊥∋≻⋈∈⊥∋≻⋈∈⊤∋≻⋈∈⊥∋≻⋈∈⊤∋≻⋈∈⊥∋≻⋈∈⊤∋≻⋈∈⊥∋≻⋈∈⊥∋≻⋈∈⊤∋≻⋈∈⊥∋≻⋈∈⊥∋≻⋈∈⊤∋≻⋈∈⊥∋≻⋈∈⊤∋≻⋈∈⊥∋≻⋈∈⊤∋≻⋈∈⊥∋⊙⊡⊣
⊢≻⋈∈⊤∋≻⋈∈⊤∋≻⋈∈⊥∋≻⋈∈⊥∋≻⋈∈⊤∋≻⋈∈⊥∋≻⋈∈⊥∋≻⋈∈⊥∋⊙⊡⊣
⊢≻⋈∈⊤∋≻⋈∈⊥∋≻⋈∈⊥∋≻⋈∈⊤∋≻⋈∈⊤∋≻⋈∈⊤∋≻⋈∈⊥∋≻⋈∈⊥∋≻⋈∈⊥∋≻⋈∈⊥∋⊙⊡⊣
⊢≻⋈∈⊥∋≻⋈∈⊥∋≻⋈∈⊤∋≻⋈∈⊥∋≻⋈∈⊥∋≻⋈∈⊥∋≻⋈∈⊤∋≻⋈∈⊤∋≻⋈∈⊤∋≻⋈∈⊤∋≻⋈∈⊥∋⊙⊡⊣
⊢≻⋈∈⊥∋≻⋈∈⊥∋≻⋈∈⊤∋≻⋈∈⊥∋≻⋈∈⊤∋≻⋈∈⊤∋≻⋈∈⊥∋≻⋈∈⊥∋≻⋈∈⊥∋⊙⊡⊣
⊢≻⋈∈⊥∋≻⋈∈⊤∋≻⋈∈⊥∋≻⋈∈⊤∋≻⋈∈⊥∋≻⋈∈⊥∋≻⋈∈⊤∋≻⋈∈⊥∋≻⋈∈⊤∋≻⋈∈⊥∋≻⋈∈⊤∋≻⋈∈⊥∋≻⋈∈⊤∋≻⋈∈⊤∋≻⋈∈⊤∋≻⋈∈⊤∋≻⋈∈⊥∋≻⋈∈⊥∋≻⋈∈⊤∋≻⋈∈⊥∋≻⋈∈⊤∋≻⋈∈⊥∋⊙⊡⊣
⊢≻⋈∈⊥∋≻⋈∈⊤∋≻⋈∈⊥∋≻⋈∈⊥∋≻⋈∈⊤∋≻⋈∈⊥∋≻⋈∈⊥∋≻⋈∈⊥∋⊙⊡⊣
⊢≻⋈∈⊥∋≻⋈∈⊤∋≻⋈∈⊥∋≻⋈∈⊥∋≻⋈∈⊥∋≻⋈∈⊥∋⊙⊡⊣
⊢≻⋈∈⊥∋≻⋈∈⊥∋≻⋈∈⊤∋≻⋈∈⊤∋≻⋈∈⊤∋≻⋈∈⊤∋≻⋈∈⊥∋≻⋈∈⊥∋≻⋈∈⊥∋≻⋈∈⊥∋≻⋈∈⊥∋⊙⊡⊣
⊢≻⋈∈⊥∋≻⋈∈⊤∋≻⋈∈⊥∋≻⋈∈⊥∋≻⋈∈⊤∋≻⋈∈⊤∋≻⋈∈⊥∋≻⋈∈⊥∋≻⋈∈⊥∋⊙⊡⊣
⊢≻⋈∈⊤∋≻⋈∈⊤∋≻⋈∈⊤∋≻⋈∈⊥∋≻⋈∈⊥∋≻⋈∈⊥∋≻⋈∈⊤∋≻⋈∈⊥∋≻⋈∈⊤∋≻⋈∈⊥∋≻⋈∈⊤∋≻⋈∈⊥∋≻⋈∈⊥∋≻⋈∈⊥∋≻⋈∈⊤∋≻⋈∈⊤∋≻⋈∈⊥∋≻⋈∈⊥∋≻⋈∈⊤∋≻⋈∈⊥∋≻⋈∈⊤∋≻⋈∈⊥∋⊙⊡⊣
⊢≻⋈∈⊤∋≻⋈∈⊥∋≻⋈∈⊥∋≻⋈∈⊥∋≻⋈∈⊤∋≻⋈∈⊥∋≻⋈∈⊥∋≻⋈∈⊥∋⊙⊡⊣
⊢≻⋈∈⊥∋≻⋈∈⊤∋≻⋈∈⊥∋≻⋈∈⊥∋≻⋈∈⊥∋≻⋈∈⊥∋⊙⊡⊣
⊢≻⋈∈⊤∋≻⋈∈⊤∋≻⋈∈⊥∋≻⋈∈⊤∋≻⋈∈⊤∋≻⋈∈⊤∋≻⋈∈⊥∋≻⋈∈⊥∋≻⋈∈⊥∋≻⋈∈⊥∋≻⋈∈⊥∋⊙⊡⊣
⊢≻⋈∈⊥∋≻⋈∈⊥∋≻⋈∈⊥∋≻⋈∈⊥∋≻⋈∈⊤∋≻⋈∈⊤∋≻⋈∈⊥∋≻⋈∈⊥∋≻⋈∈⊥∋⊙⊡⊣
⊢≻⋈∈⊥∋≻⋈∈⊥∋≻⋈∈⊤∋≻⋈∈⊥∋≻⋈∈⊥∋≻⋈∈⊥∋≻⋈∈⊤∋≻⋈∈⊥∋≻⋈∈⊤∋≻⋈∈⊥∋≻⋈∈⊤∋≻⋈∈⊥∋≻⋈∈⊤∋≻⋈∈⊥∋≻⋈∈⊥∋≻⋈∈⊤∋≻⋈∈⊥∋≻⋈∈⊥∋≻⋈∈⊤∋≻⋈∈⊥∋≻⋈∈⊤∋≻⋈∈⊥∋⊙⊡⊣
⊢≻⋈∈⊥∋≻⋈∈⊥∋≻⋈∈⊥∋≻⋈∈⊥∋≻⋈∈⊤∋≻⋈∈⊥∋≻⋈∈⊥∋≻⋈∈⊥∋⊙⊡⊣
⊢≻⋈∈⊥∋≻⋈∈⊤∋≻⋈∈⊥∋≻⋈∈⊤∋≻⋈∈⊤∋≻⋈∈⊤∋≻⋈∈⊥∋≻⋈∈⊥∋≻⋈∈⊥∋≻⋈∈⊥∋⊙⊡⊣
⊢≻⋈∈⊥∋≻⋈∈⊥∋≻⋈∈⊤∋≻⋈∈⊥∋≻⋈∈⊥∋≻⋈∈⊥∋≻⋈∈⊤∋≻⋈∈⊤∋≻⋈∈⊤∋≻⋈∈⊤∋≻⋈∈⊥∋⊙⊡⊣
⊢≻⋈∈⊥∋≻⋈∈⊤∋≻⋈∈⊤∋≻⋈∈⊤∋≻⋈∈⊥∋≻⋈∈⊤∋≻⋈∈⊥∋≻⋈∈⊥∋≻⋈∈⊥∋⊙⊡⊣
⊢≻⋈∈⊤∋≻⋈∈⊥∋≻⋈∈⊥∋≻⋈∈⊥∋≻⋈∈⊥∋≻⋈∈⊥∋≻⋈∈⊤∋≻⋈∈⊥∋≻⋈∈⊤∋≻⋈∈⊥∋≻⋈∈⊤∋≻⋈∈⊥∋≻⋈∈⊥∋≻⋈∈⊤∋≻⋈∈⊤∋≻⋈∈⊥∋≻⋈∈⊥∋≻⋈∈⊥∋≻⋈∈⊤∋≻⋈∈⊥∋≻⋈∈⊤∋≻⋈∈⊥∋⊙⊡⊣
⊢≻⋈∈⊤∋≻⋈∈⊤∋≻⋈∈⊤∋≻⋈∈⊤∋≻⋈∈⊥∋≻⋈∈⊥∋≻⋈∈⊥∋≻⋈∈⊥∋⊙⊡⊣
⊢≻⋈∈⊥∋≻⋈∈⊤∋≻⋈∈⊥∋≻⋈∈⊤∋≻⋈∈⊤∋≻⋈∈⊤∋≻⋈∈⊥∋≻⋈∈⊥∋≻⋈∈⊥∋≻⋈∈⊥∋⊙⊡⊣
⊢≻⋈∈⊤∋≻⋈∈⊤∋≻⋈∈⊥∋≻⋈∈⊥∋≻⋈∈⊥∋≻⋈∈⊥∋≻⋈∈⊤∋≻⋈∈⊤∋≻⋈∈⊤∋≻⋈∈⊤∋≻⋈∈⊥∋⊙⊡⊣
⊢≻⋈∈⊥∋≻⋈∈⊥∋≻⋈∈⊤∋≻⋈∈⊤∋≻⋈∈⊥∋≻⋈∈⊤∋≻⋈∈⊥∋≻⋈∈⊥∋≻⋈∈⊥∋⊙⊡⊣
⊢≻⋈∈⊥∋≻⋈∈⊤∋≻⋈∈⊤∋≻⋈∈⊤∋≻⋈∈⊤∋≻⋈∈⊤∋≻⋈∈⊥∋≻⋈∈⊥∋≻⋈∈⊤∋≻⋈∈⊥∋≻⋈∈⊤∋≻⋈∈⊥∋≻⋈∈⊤∋≻⋈∈⊤∋≻⋈∈⊥∋≻⋈∈⊥∋≻⋈∈⊥∋≻⋈∈⊥∋≻⋈∈⊤∋≻⋈∈⊥∋≻⋈∈⊤∋≻⋈∈⊥∋⊙⊡⊣
⊢≻⋈∈⊥∋≻⋈∈⊤∋≻⋈∈⊤∋≻⋈∈⊤∋≻⋈∈⊥∋≻⋈∈⊥∋≻⋈∈⊥∋≻⋈∈⊥∋⊙⊡⊣
⊢≻⋈∈⊤∋≻⋈∈⊥∋≻⋈∈⊥∋≻⋈∈⊥∋≻⋈∈⊥∋≻⋈∈⊥∋⊙⊡⊣
⊢≻⋈∈⊤∋≻⋈∈⊥∋≻⋈∈⊤∋≻⋈∈⊤∋≻⋈∈⊤∋≻⋈∈⊤∋≻⋈∈⊥∋≻⋈∈⊥∋≻⋈∈⊥∋≻⋈∈⊥∋≻⋈∈⊥∋⊙⊡⊣
⊢≻⋈∈⊥∋≻⋈∈⊤∋≻⋈∈⊥∋≻⋈∈⊤∋≻⋈∈⊥∋≻⋈∈⊤∋≻⋈∈⊥∋≻⋈∈⊥∋≻⋈∈⊥∋⊙⊡⊣
⊢≻⋈∈⊤∋≻⋈∈⊤∋≻⋈∈⊥∋≻⋈∈⊤∋≻⋈∈⊤∋≻⋈∈⊤∋≻⋈∈⊥∋≻⋈∈⊥∋≻⋈∈⊤∋≻⋈∈⊥∋≻⋈∈⊤∋≻⋈∈⊥∋≻⋈∈⊥∋≻⋈∈⊥∋≻⋈∈⊥∋≻⋈∈⊥∋≻⋈∈⊥∋≻⋈∈⊥∋≻⋈∈⊤∋≻⋈∈⊥∋≻⋈∈⊤∋≻⋈∈⊥∋⊙⊡⊣
⊢≻⋈∈⊤∋≻⋈∈⊥∋≻⋈∈⊤∋≻⋈∈⊤∋≻⋈∈⊥∋≻⋈∈⊥∋≻⋈∈⊥∋≻⋈∈⊥∋⊙⊡⊣
⊢≻⋈∈⊤∋≻⋈∈⊥∋≻⋈∈⊥∋≻⋈∈⊥∋≻⋈∈⊥∋≻⋈∈⊥∋⊙⊡⊣
⊢≻⋈∈⊥∋≻⋈∈⊥∋≻⋈∈⊤∋≻⋈∈⊤∋≻⋈∈⊤∋≻⋈∈⊤∋≻⋈∈⊥∋≻⋈∈⊥∋≻⋈∈⊥∋≻⋈∈⊥∋≻⋈∈⊥∋⊙⊡⊣
⊢≻⋈∈⊥∋≻⋈∈⊥∋≻⋈∈⊥∋≻⋈∈⊤∋≻⋈∈⊥∋≻⋈∈⊤∋≻⋈∈⊥∋≻⋈∈⊥∋≻⋈∈⊥∋⊙⊡⊣
⊢≻⋈∈⊥∋≻⋈∈⊥∋≻⋈∈⊥∋≻⋈∈⊤∋≻⋈∈⊤∋≻⋈∈⊤∋≻⋈∈⊥∋≻⋈∈⊥∋≻⋈∈⊤∋≻⋈∈⊥∋≻⋈∈⊤∋≻⋈∈⊥∋≻⋈∈⊤∋≻⋈∈⊥∋≻⋈∈⊤∋≻⋈∈⊤∋≻⋈∈⊤∋≻⋈∈⊤∋≻⋈∈⊥∋≻⋈∈⊥∋≻⋈∈⊤∋≻⋈∈⊥∋⊙⊡⊣
⊢≻⋈∈⊥∋≻⋈∈⊥∋≻⋈∈⊤∋≻⋈∈⊤∋≻⋈∈⊥∋≻⋈∈⊥∋≻⋈∈⊥∋≻⋈∈⊥∋⊙⊡⊣
⊢≻⋈∈⊤∋≻⋈∈⊤∋≻⋈∈⊥∋≻⋈∈⊤∋≻⋈∈⊤∋≻⋈∈⊤∋≻⋈∈⊥∋≻⋈∈⊥∋≻⋈∈⊥∋≻⋈∈⊥∋⊙⊡⊣
⊢≻⋈∈⊤∋≻⋈∈⊤∋≻⋈∈⊥∋≻⋈∈⊥∋≻⋈∈⊥∋≻⋈∈⊥∋≻⋈∈⊤∋≻⋈∈⊤∋≻⋈∈⊤∋≻⋈∈⊤∋≻⋈∈⊥∋⊙⊡⊣
⊢≻⋈∈⊥∋≻⋈∈⊤∋≻⋈∈⊤∋≻⋈∈⊥∋≻⋈∈⊥∋≻⋈∈⊤∋≻⋈∈⊥∋≻⋈∈⊥∋≻⋈∈⊥∋⊙⊡⊣
⊢≻⋈∈⊤∋≻⋈∈⊥∋≻⋈∈⊤∋≻⋈∈⊥∋≻⋈∈⊤∋≻⋈∈⊤∋≻⋈∈⊥∋≻⋈∈⊥∋≻⋈∈⊤∋≻⋈∈⊥∋≻⋈∈⊤∋≻⋈∈⊥∋≻⋈∈⊥∋≻⋈∈⊤∋≻⋈∈⊥∋≻⋈∈⊤∋≻⋈∈⊤∋≻⋈∈⊤∋≻⋈∈⊥∋≻⋈∈⊥∋≻⋈∈⊤∋≻⋈∈⊥∋⊙⊡⊣
⊢≻⋈∈⊤∋≻⋈∈⊤∋≻⋈∈⊥∋≻⋈∈⊤∋≻⋈∈⊥∋≻⋈∈⊥∋≻⋈∈⊥∋≻⋈∈⊥∋⊙⊡⊣
⊢≻⋈∈⊤∋≻⋈∈⊤∋≻⋈∈⊥∋≻⋈∈⊤∋≻⋈∈⊤∋≻⋈∈⊤∋≻⋈∈⊥∋≻⋈∈⊥∋≻⋈∈⊥∋≻⋈∈⊥∋⊙⊡⊣
⊢≻⋈∈⊥∋≻⋈∈⊤∋≻⋈∈⊥∋≻⋈∈⊥∋≻⋈∈⊥∋≻⋈∈⊥∋≻⋈∈⊤∋≻⋈∈⊤∋≻⋈∈⊤∋≻⋈∈⊤∋≻⋈∈⊥∋⊙⊡⊣
⊢≻⋈∈⊥∋≻⋈∈⊥∋≻⋈∈⊤∋≻⋈∈⊥∋≻⋈∈⊥∋≻⋈∈⊤∋≻⋈∈⊥∋≻⋈∈⊥∋≻⋈∈⊥∋⊙⊡⊣
⊢≻⋈∈⊥∋≻⋈∈⊤∋≻⋈∈⊥∋≻⋈∈⊥∋≻⋈∈⊤∋≻⋈∈⊤∋≻⋈∈⊥∋≻⋈∈⊥∋≻⋈∈⊤∋≻⋈∈⊥∋≻⋈∈⊤∋≻⋈∈⊥∋≻⋈∈⊤∋≻⋈∈⊤∋≻⋈∈⊤∋≻⋈∈⊥∋≻⋈∈⊤∋≻⋈∈⊤∋≻⋈∈⊥∋≻⋈∈⊥∋≻⋈∈⊤∋≻⋈∈⊥∋⊙⊡⊣
⊢≻⋈∈⊥∋≻⋈∈⊤∋≻⋈∈⊥∋≻⋈∈⊤∋≻⋈∈⊥∋≻⋈∈⊥∋≻⋈∈⊥∋≻⋈∈⊥∋⊙⊡⊣
⊢≻⋈∈⊥∋≻⋈∈⊥∋≻⋈∈⊥∋≻⋈∈⊥∋≻⋈∈⊥∋≻⋈∈⊥∋⊙⊡⊣
⊢≻⋈∈⊥∋≻⋈∈⊤∋≻⋈∈⊤∋≻⋈∈⊤∋≻⋈∈⊤∋≻⋈∈⊤∋≻⋈∈⊥∋≻⋈∈⊥∋≻⋈∈⊥∋≻⋈∈⊥∋≻⋈∈⊥∋⊙⊡⊣
⊢≻⋈∈⊥∋≻⋈∈⊤∋≻⋈∈⊥∋≻⋈∈⊥∋≻⋈∈⊥∋≻⋈∈⊤∋≻⋈∈⊥∋≻⋈∈⊥∋≻⋈∈⊥∋⊙⊡⊣
⊢≻⋈∈⊤∋≻⋈∈⊤∋≻⋈∈⊤∋≻⋈∈⊤∋≻⋈∈⊥∋≻⋈∈⊤∋≻⋈∈⊥∋≻⋈∈⊥∋≻⋈∈⊤∋≻⋈∈⊥∋≻⋈∈⊤∋≻⋈∈⊥∋≻⋈∈⊥∋≻⋈∈⊥∋≻⋈∈⊤∋≻⋈∈⊥∋≻⋈∈⊤∋≻⋈∈⊤∋≻⋈∈⊥∋≻⋈∈⊥∋≻⋈∈⊤∋≻⋈∈⊥∋⊙⊡⊣
⊢≻⋈∈⊤∋≻⋈∈⊥∋≻⋈∈⊥∋≻⋈∈⊤∋≻⋈∈⊥∋≻⋈∈⊥∋≻⋈∈⊥∋≻⋈∈⊥∋⊙⊡⊣
⊢≻⋈∈⊥∋≻⋈∈⊥∋≻⋈∈⊥∋≻⋈∈⊥∋≻⋈∈⊥∋≻⋈∈⊥∋⊙⊡⊣
⊢≻⋈∈⊤∋≻⋈∈⊥∋≻⋈∈⊤∋≻⋈∈⊤∋≻⋈∈⊤∋≻⋈∈⊤∋≻⋈∈⊥∋≻⋈∈⊥∋≻⋈∈⊥∋≻⋈∈⊥∋≻⋈∈⊥∋⊙⊡⊣
⊢≻⋈∈⊥∋≻⋈∈⊥∋≻⋈∈⊥∋≻⋈∈⊥∋≻⋈∈⊥∋≻⋈∈⊤∋≻⋈∈⊥∋≻⋈∈⊥∋≻⋈∈⊥∋⊙⊡⊣
⊢≻⋈∈⊥∋≻⋈∈⊥∋≻⋈∈⊤∋≻⋈∈⊤∋≻⋈∈⊥∋≻⋈∈⊤∋≻⋈∈⊥∋≻⋈∈⊥∋≻⋈∈⊤∋≻⋈∈⊥∋≻⋈∈⊤∋≻⋈∈⊥∋≻⋈∈⊤∋≻⋈∈⊥∋≻⋈∈⊥∋≻⋈∈⊥∋≻⋈∈⊤∋≻⋈∈⊤∋≻⋈∈⊥∋≻⋈∈⊥∋≻⋈∈⊤∋≻⋈∈⊥∋⊙⊡⊣
⊢≻⋈∈⊥∋≻⋈∈⊥∋≻⋈∈⊥∋≻⋈∈⊤∋≻⋈∈⊥∋≻⋈∈⊥∋≻⋈∈⊥∋≻⋈∈⊥∋⊙⊡⊣
⊢≻⋈∈⊥∋≻⋈∈⊥∋≻⋈∈⊤∋≻⋈∈⊤∋≻⋈∈⊤∋≻⋈∈⊤∋≻⋈∈⊥∋≻⋈∈⊥∋≻⋈∈⊥∋≻⋈∈⊥∋⊙⊡⊣
⊢≻⋈∈⊥∋≻⋈∈⊤∋≻⋈∈⊥∋≻⋈∈⊥∋≻⋈∈⊥∋≻⋈∈⊥∋≻⋈∈⊤∋≻⋈∈⊤∋≻⋈∈⊤∋≻⋈∈⊤∋≻⋈∈⊥∋⊙⊡⊣
⊢≻⋈∈⊥∋≻⋈∈⊤∋≻⋈∈⊤∋≻⋈∈⊤∋≻⋈∈⊤∋≻⋈∈⊥∋≻⋈∈⊥∋≻⋈∈⊥∋≻⋈∈⊥∋⊙⊡⊣
⊢≻⋈∈⊤∋≻⋈∈⊥∋≻⋈∈⊥∋≻⋈∈⊤∋≻⋈∈⊥∋≻⋈∈⊤∋≻⋈∈⊥∋≻⋈∈⊥∋≻⋈∈⊤∋≻⋈∈⊥∋≻⋈∈⊤∋≻⋈∈⊥∋≻⋈∈⊥∋≻⋈∈⊤∋≻⋈∈⊤∋≻⋈∈⊤∋≻⋈∈⊥∋≻⋈∈⊤∋≻⋈∈⊥∋≻⋈∈⊥∋≻⋈∈⊤∋≻⋈∈⊥∋⊙⊡⊣
⊢≻⋈∈⊤∋≻⋈∈⊤∋≻⋈∈⊤∋≻⋈∈⊥∋≻⋈∈⊥∋≻⋈∈⊥∋≻⋈∈⊥∋≻⋈∈⊥∋⊙⊡⊣
⊢≻⋈∈⊥∋≻⋈∈⊥∋≻⋈∈⊤∋≻⋈∈⊤∋≻⋈∈⊤∋≻⋈∈⊤∋≻⋈∈⊥∋≻⋈∈⊥∋≻⋈∈⊥∋≻⋈∈⊥∋⊙⊡⊣
⊢≻⋈∈⊤∋≻⋈∈⊥∋≻⋈∈⊥∋≻⋈∈⊥∋≻⋈∈⊥∋≻⋈∈⊥∋≻⋈∈⊤∋≻⋈∈⊤∋≻⋈∈⊤∋≻⋈∈⊤∋≻⋈∈⊥∋⊙⊡⊣
⊢≻⋈∈⊥∋≻⋈∈⊥∋≻⋈∈⊤∋≻⋈∈⊤∋≻⋈∈⊤∋≻⋈∈⊥∋≻⋈∈⊥∋≻⋈∈⊥∋≻⋈∈⊥∋⊙⊡⊣
⊢≻⋈∈⊥∋≻⋈∈⊤∋≻⋈∈⊤∋≻⋈∈⊥∋≻⋈∈⊥∋≻⋈∈⊤∋≻⋈∈⊥∋≻⋈∈⊥∋≻⋈∈⊤∋≻⋈∈⊥∋≻⋈∈⊤∋≻⋈∈⊥∋≻⋈∈⊤∋≻⋈∈⊤∋≻⋈∈⊥∋≻⋈∈⊤∋≻⋈∈⊥∋≻⋈∈⊤∋≻⋈∈⊥∋≻⋈∈⊥∋≻⋈∈⊤∋≻⋈∈⊥∋⊙⊡⊣
⊢≻⋈∈⊥∋≻⋈∈⊤∋≻⋈∈⊤∋≻⋈∈⊥∋≻⋈∈⊥∋≻⋈∈⊥∋≻⋈∈⊥∋≻⋈∈⊥∋⊙⊡⊣
⊢≻⋈∈⊤∋≻⋈∈⊤∋≻⋈∈⊤∋≻⋈∈⊤∋≻⋈∈⊤∋≻⋈∈⊤∋≻⋈∈⊥∋⊙⊡⊣
⊢≻⋈∈⊤∋≻⋈∈⊤∋≻⋈∈⊤∋≻⋈∈⊤∋≻⋈∈⊤∋≻⋈∈⊤∋≻⋈∈⊥∋≻⋈∈⊥∋≻⋈∈⊥∋≻⋈∈⊥∋≻⋈∈⊥∋⊙⊡⊣
⊢≻⋈∈⊥∋≻⋈∈⊤∋≻⋈∈⊥∋≻⋈∈⊤∋≻⋈∈⊤∋≻⋈∈⊥∋≻⋈∈⊥∋≻⋈∈⊥∋≻⋈∈⊥∋⊙⊡⊣
⊢≻⋈∈⊤∋≻⋈∈⊤∋≻⋈∈⊥∋≻⋈∈⊥∋≻⋈∈⊥∋≻⋈∈⊤∋≻⋈∈⊥∋≻⋈∈⊥∋≻⋈∈⊤∋≻⋈∈⊥∋≻⋈∈⊤∋≻⋈∈⊥∋≻⋈∈⊥∋≻⋈∈⊥∋≻⋈∈⊥∋≻⋈∈⊤∋≻⋈∈⊥∋≻⋈∈⊤∋≻⋈∈⊥∋≻⋈∈⊥∋≻⋈∈⊤∋≻⋈∈⊥∋⊙⊡⊣
⊢≻⋈∈⊤∋≻⋈∈⊥∋≻⋈∈⊤∋≻⋈∈⊥∋≻⋈∈⊥∋≻⋈∈⊥∋≻⋈∈⊥∋≻⋈∈⊥∋⊙⊡⊣
⊢≻⋈∈⊤∋≻⋈∈⊤∋≻⋈∈⊤∋≻⋈∈⊤∋≻⋈∈⊤∋≻⋈∈⊤∋≻⋈∈⊥∋⊙⊡⊣
⊢≻⋈∈⊥∋≻⋈∈⊤∋≻⋈∈⊤∋≻⋈∈⊤∋≻⋈∈⊤∋≻⋈∈⊤∋≻⋈∈⊥∋≻⋈∈⊥∋≻⋈∈⊥∋≻⋈∈⊥∋≻⋈∈⊥∋⊙⊡⊣
⊢≻⋈∈⊥∋≻⋈∈⊥∋≻⋈∈⊥∋≻⋈∈⊤∋≻⋈∈⊤∋≻⋈∈⊥∋≻⋈∈⊥∋≻⋈∈⊥∋≻⋈∈⊥∋⊙⊡⊣
⊢≻⋈∈⊥∋≻⋈∈⊥∋≻⋈∈⊥∋≻⋈∈⊥∋≻⋈∈⊥∋≻⋈∈⊤∋≻⋈∈⊥∋≻⋈∈⊥∋≻⋈∈⊤∋≻⋈∈⊥∋≻⋈∈⊤∋≻⋈∈⊥∋≻⋈∈⊤∋≻⋈∈⊥∋≻⋈∈⊤∋≻⋈∈⊥∋≻⋈∈⊥∋≻⋈∈⊤∋≻⋈∈⊥∋≻⋈∈⊥∋≻⋈∈⊤∋≻⋈∈⊥∋⊙⊡⊣
⊢≻⋈∈⊥∋≻⋈∈⊥∋≻⋈∈⊤∋≻⋈∈⊥∋≻⋈∈⊥∋≻⋈∈⊥∋≻⋈∈⊥∋≻⋈∈⊥∋⊙⊡⊣
⊢≻⋈∈⊤∋≻⋈∈⊥∋≻⋈∈⊤∋≻⋈∈⊤∋≻⋈∈⊤∋≻⋈∈⊤∋≻⋈∈⊥∋≻⋈∈⊥∋≻⋈∈⊥∋≻⋈∈⊥∋⊙⊡⊣
⊢≻⋈∈⊤∋≻⋈∈⊥∋≻⋈∈⊥∋≻⋈∈⊥∋≻⋈∈⊥∋≻⋈∈⊥∋≻⋈∈⊤∋≻⋈∈⊤∋≻⋈∈⊤∋≻⋈∈⊤∋≻⋈∈⊥∋⊙⊡⊣
⊢≻⋈∈⊥∋≻⋈∈⊤∋≻⋈∈⊤∋≻⋈∈⊥∋≻⋈∈⊤∋≻⋈∈⊥∋≻⋈∈⊥∋≻⋈∈⊥∋≻⋈∈⊥∋⊙⊡⊣
⊢≻⋈∈⊤∋≻⋈∈⊥∋≻⋈∈⊤∋≻⋈∈⊤∋≻⋈∈⊤∋≻⋈∈⊥∋≻⋈∈⊥∋≻⋈∈⊥∋≻⋈∈⊤∋≻⋈∈⊥∋≻⋈∈⊤∋≻⋈∈⊥∋≻⋈∈⊥∋≻⋈∈⊤∋≻⋈∈⊥∋≻⋈∈⊥∋≻⋈∈⊥∋≻⋈∈⊤∋≻⋈∈⊥∋≻⋈∈⊥∋≻⋈∈⊤∋≻⋈∈⊥∋⊙⊡⊣
⊢≻⋈∈⊤∋≻⋈∈⊤∋≻⋈∈⊥∋≻⋈∈⊥∋≻⋈∈⊥∋≻⋈∈⊥∋≻⋈∈⊥∋≻⋈∈⊥∋⊙⊡⊣
⊢≻⋈∈⊤∋≻⋈∈⊥∋≻⋈∈⊤∋≻⋈∈⊤∋≻⋈∈⊤∋≻⋈∈⊤∋≻⋈∈⊥∋≻⋈∈⊥∋≻⋈∈⊥∋≻⋈∈⊥∋⊙⊡⊣
⊢≻⋈∈⊥∋≻⋈∈⊥∋≻⋈∈⊥∋≻⋈∈⊥∋≻⋈∈⊥∋≻⋈∈⊥∋≻⋈∈⊤∋≻⋈∈⊤∋≻⋈∈⊤∋≻⋈∈⊤∋≻⋈∈⊥∋⊙⊡⊣
⊢≻⋈∈⊥∋≻⋈∈⊥∋≻⋈∈⊤∋≻⋈∈⊥∋≻⋈∈⊤∋≻⋈∈⊥∋≻⋈∈⊥∋≻⋈∈⊥∋≻⋈∈⊥∋⊙⊡⊣
⊢≻⋈∈⊥∋≻⋈∈⊤∋≻⋈∈⊥∋≻⋈∈⊤∋≻⋈∈⊤∋≻⋈∈⊥∋≻⋈∈⊥∋≻⋈∈⊥∋≻⋈∈⊤∋≻⋈∈⊥∋≻⋈∈⊤∋≻⋈∈⊥∋≻⋈∈⊤∋≻⋈∈⊤∋≻⋈∈⊤∋≻⋈∈⊤∋≻⋈∈⊤∋≻⋈∈⊥∋≻⋈∈⊥∋≻⋈∈⊥∋≻⋈∈⊤∋≻⋈∈⊥∋⊙⊡⊣
⊢≻⋈∈⊥∋≻⋈∈⊤∋≻⋈∈⊥∋≻⋈∈⊥∋≻⋈∈⊥∋≻⋈∈⊥∋≻⋈∈⊥∋≻⋈∈⊥∋⊙⊡⊣
⊢≻⋈∈⊥∋≻⋈∈⊤∋≻⋈∈⊤∋≻⋈∈⊤∋≻⋈∈⊤∋≻⋈∈⊤∋≻⋈∈⊥∋⊙⊡⊣
⊢≻⋈∈⊥∋≻⋈∈⊥∋≻⋈∈⊥∋≻⋈∈⊥∋≻⋈∈⊥∋≻⋈∈⊥∋≻⋈∈⊤∋≻⋈∈⊥∋≻⋈∈⊥∋≻⋈∈⊥∋≻⋈∈⊥∋⊙⊡⊣
⊢≻⋈∈⊥∋≻⋈∈⊤∋≻⋈∈⊥∋≻⋈∈⊥∋≻⋈∈⊤∋≻⋈∈⊥∋≻⋈∈⊥∋≻⋈∈⊥∋≻⋈∈⊥∋⊙⊡⊣
⊢≻⋈∈⊤∋≻⋈∈⊤∋≻⋈∈⊤∋≻⋈∈⊥∋≻⋈∈⊤∋≻⋈∈⊥∋≻⋈∈⊥∋≻⋈∈⊥∋≻⋈∈⊤∋≻⋈∈⊥∋≻⋈∈⊤∋≻⋈∈⊥∋≻⋈∈⊥∋≻⋈∈⊥∋≻⋈∈⊤∋≻⋈∈⊤∋≻⋈∈⊤∋≻⋈∈⊥∋≻⋈∈⊥∋≻⋈∈⊥∋≻⋈∈⊤∋≻⋈∈⊥∋⊙⊡⊣
⊢≻⋈∈⊤∋≻⋈∈⊥∋≻⋈∈⊥∋≻⋈∈⊥∋≻⋈∈⊥∋≻⋈∈⊥∋≻⋈∈⊥∋≻⋈∈⊥∋⊙⊡⊣
⊢≻⋈∈⊥∋≻⋈∈⊤∋≻⋈∈⊤∋≻⋈∈⊤∋≻⋈∈⊤∋≻⋈∈⊤∋≻⋈∈⊥∋⊙⊡⊣
⊢≻⋈∈⊤∋≻⋈∈⊤∋≻⋈∈⊤∋≻⋈∈⊤∋≻⋈∈⊤∋≻⋈∈⊤∋≻⋈∈⊥∋≻⋈∈⊥∋≻⋈∈⊥∋≻⋈∈⊥∋≻⋈∈⊥∋⊙⊡⊣
⊢≻⋈∈⊥∋≻⋈∈⊥∋≻⋈∈⊥∋≻⋈∈⊥∋≻⋈∈⊤∋≻⋈∈⊥∋≻⋈∈⊥∋≻⋈∈⊥∋≻⋈∈⊥∋⊙⊡⊣
⊢≻⋈∈⊥∋≻⋈∈⊥∋≻⋈∈⊤∋≻⋈∈⊥∋≻⋈∈⊤∋≻⋈∈⊥∋≻⋈∈⊥∋≻⋈∈⊥∋≻⋈∈⊤∋≻⋈∈⊥∋≻⋈∈⊤∋≻⋈∈⊥∋≻⋈∈⊤∋≻⋈∈⊥∋≻⋈∈⊥∋≻⋈∈⊤∋≻⋈∈⊤∋≻⋈∈⊥∋≻⋈∈⊥∋≻⋈∈⊥∋≻⋈∈⊤∋≻⋈∈⊥∋⊙⊡⊣
⊢≻⋈∈⊥∋≻⋈∈⊥∋≻⋈∈⊥∋≻⋈∈⊥∋≻⋈∈⊥∋≻⋈∈⊥∋≻⋈∈⊥∋≻⋈∈⊥∋⊙⊡⊣
⊢≻⋈∈⊥∋≻⋈∈⊤∋≻⋈∈⊤∋≻⋈∈⊤∋≻⋈∈⊤∋≻⋈∈⊤∋≻⋈∈⊥∋≻⋈∈⊥∋≻⋈∈⊥∋≻⋈∈⊥∋⊙⊡⊣
⊢≻⋈∈⊥∋≻⋈∈⊥∋≻⋈∈⊥∋≻⋈∈⊥∋≻⋈∈⊥∋≻⋈∈⊥∋≻⋈∈⊤∋≻⋈∈⊤∋≻⋈∈⊤∋≻⋈∈⊤∋≻⋈∈⊥∋⊙⊡⊣
⊢≻⋈∈⊥∋≻⋈∈⊤∋≻⋈∈⊤∋≻⋈∈⊤∋≻⋈∈⊥∋≻⋈∈⊥∋≻⋈∈⊥∋≻⋈∈⊥∋≻⋈∈⊥∋⊙⊡⊣
⊢≻⋈∈⊤∋≻⋈∈⊥∋≻⋈∈⊥∋≻⋈∈⊥∋≻⋈∈⊤∋≻⋈∈⊥∋≻⋈∈⊥∋≻⋈∈⊥∋≻⋈∈⊤∋≻⋈∈⊥∋≻⋈∈⊤∋≻⋈∈⊥∋≻⋈∈⊥∋≻⋈∈⊤∋≻⋈∈⊤∋≻⋈∈⊥∋≻⋈∈⊤∋≻⋈∈⊥∋≻⋈∈⊥∋≻⋈∈⊥∋≻⋈∈⊤∋≻⋈∈⊥∋⊙⊡⊣
⊢≻⋈∈⊤∋≻⋈∈⊤∋≻⋈∈⊤∋≻⋈∈⊤∋≻⋈∈⊤∋≻⋈∈⊤∋≻⋈∈⊤∋≻⋈∈⊤∋≻⋈∈⊥∋⊙⊡⊣
⊢≻⋈∈⊥∋≻⋈∈⊤∋≻⋈∈⊤∋≻⋈∈⊤∋≻⋈∈⊤∋≻⋈∈⊤∋≻⋈∈⊥∋≻⋈∈⊥∋≻⋈∈⊥∋≻⋈∈⊥∋⊙⊡⊣
⊢≻⋈∈⊤∋≻⋈∈⊤∋≻⋈∈⊤∋≻⋈∈⊤∋≻⋈∈⊤∋≻⋈∈⊤∋≻⋈∈⊥∋≻⋈∈⊤∋≻⋈∈⊤∋≻⋈∈⊤∋≻⋈∈⊥∋⊙⊡⊣
⊢≻⋈∈⊥∋≻⋈∈⊥∋≻⋈∈⊤∋≻⋈∈⊤∋≻⋈∈⊥∋≻⋈∈⊥∋≻⋈∈⊥∋≻⋈∈⊥∋≻⋈∈⊥∋⊙⊡⊣
⊢≻⋈∈⊥∋≻⋈∈⊤∋≻⋈∈⊤∋≻⋈∈⊤∋≻⋈∈⊥∋≻⋈∈⊥∋≻⋈∈⊥∋≻⋈∈⊥∋≻⋈∈⊤∋≻⋈∈⊥∋≻⋈∈⊤∋≻⋈∈⊥∋≻⋈∈⊤∋≻⋈∈⊤∋≻⋈∈⊥∋≻⋈∈⊥∋≻⋈∈⊤∋≻⋈∈⊥∋≻⋈∈⊥∋≻⋈∈⊥∋≻⋈∈⊤∋≻⋈∈⊥∋⊙⊡⊣
⊢≻⋈∈⊥∋≻⋈∈⊤∋≻⋈∈⊤∋≻⋈∈⊤∋≻⋈∈⊤∋≻⋈∈⊤∋≻⋈∈⊤∋≻⋈∈⊤∋≻⋈∈⊥∋⊙⊡⊣
⊢≻⋈∈⊤∋≻⋈∈⊥∋≻⋈∈⊤∋≻⋈∈⊤∋≻⋈∈⊤∋≻⋈∈⊤∋≻⋈∈⊥∋⊙⊡⊣
⊢≻⋈∈⊤∋≻⋈∈⊥∋≻⋈∈⊥∋≻⋈∈⊥∋≻⋈∈⊥∋≻⋈∈⊥∋≻⋈∈⊤∋≻⋈∈⊥∋≻⋈∈⊥∋≻⋈∈⊥∋≻⋈∈⊥∋⊙⊡⊣
⊢≻⋈∈⊥∋≻⋈∈⊤∋≻⋈∈⊥∋≻⋈∈⊤∋≻⋈∈⊥∋≻⋈∈⊥∋≻⋈∈⊥∋≻⋈∈⊥∋≻⋈∈⊥∋⊙⊡⊣
⊢≻⋈∈⊤∋≻⋈∈⊤∋≻⋈∈⊥∋≻⋈∈⊤∋≻⋈∈⊥∋≻⋈∈⊥∋≻⋈∈⊥∋≻⋈∈⊥∋≻⋈∈⊤∋≻⋈∈⊥∋≻⋈∈⊤∋≻⋈∈⊥∋≻⋈∈⊥∋≻⋈∈⊥∋≻⋈∈⊥∋≻⋈∈⊥∋≻⋈∈⊤∋≻⋈∈⊥∋≻⋈∈⊥∋≻⋈∈⊥∋≻⋈∈⊤∋≻⋈∈⊥∋⊙⊡⊣
⊢≻⋈∈⊤∋≻⋈∈⊥∋≻⋈∈⊤∋≻⋈∈⊤∋≻⋈∈⊤∋≻⋈∈⊤∋≻⋈∈⊤∋≻⋈∈⊤∋≻⋈∈⊥∋⊙⊡⊣
⊢≻⋈∈⊤∋≻⋈∈⊥∋≻⋈∈⊤∋≻⋈∈⊤∋≻⋈∈⊤∋≻⋈∈⊤∋≻⋈∈⊥∋⊙⊡⊣
⊢≻⋈∈⊥∋≻⋈∈⊥∋≻⋈∈⊥∋≻⋈∈⊥∋≻⋈∈⊥∋≻⋈∈⊥∋≻⋈∈⊤∋≻⋈∈⊥∋≻⋈∈⊥∋≻⋈∈⊥∋≻⋈∈⊥∋⊙⊡⊣
⊢≻⋈∈⊥∋≻⋈∈⊥∋≻⋈∈⊥∋≻⋈∈⊤∋≻⋈∈⊥∋≻⋈∈⊥∋≻⋈∈⊥∋≻⋈∈⊥∋≻⋈∈⊥∋⊙⊡⊣
⊢≻⋈∈⊥∋≻⋈∈⊥∋≻⋈∈⊥∋≻⋈∈⊤∋≻⋈∈⊥∋≻⋈∈⊥∋≻⋈∈⊥∋≻⋈∈⊥∋≻⋈∈⊤∋≻⋈∈⊥∋≻⋈∈⊤∋≻⋈∈⊥∋≻⋈∈⊤∋≻⋈∈⊥∋≻⋈∈⊤∋≻⋈∈⊤∋≻⋈∈⊥∋≻⋈∈⊥∋≻⋈∈⊥∋≻⋈∈⊥∋≻⋈∈⊤∋≻⋈∈⊥∋⊙⊡⊣
⊢≻⋈∈⊥∋≻⋈∈⊥∋≻⋈∈⊤∋≻⋈∈⊤∋≻⋈∈⊤∋≻⋈∈⊤∋≻⋈∈⊤∋≻⋈∈⊤∋≻⋈∈⊥∋⊙⊡⊣
⊢≻⋈∈⊤∋≻⋈∈⊤∋≻⋈∈⊤∋≻⋈∈⊤∋≻⋈∈⊤∋≻⋈∈⊤∋≻⋈∈⊥∋≻⋈∈⊥∋≻⋈∈⊥∋≻⋈∈⊥∋⊙⊡⊣
⊢≻⋈∈⊤∋≻⋈∈⊤∋≻⋈∈⊤∋≻⋈∈⊤∋≻⋈∈⊤∋≻⋈∈⊤∋≻⋈∈⊥∋≻⋈∈⊤∋≻⋈∈⊤∋≻⋈∈⊤∋≻⋈∈⊥∋⊙⊡⊣
⊢≻⋈∈⊥∋≻⋈∈⊤∋≻⋈∈⊤∋≻⋈∈⊥∋≻⋈∈⊥∋≻⋈∈⊥∋≻⋈∈⊥∋≻⋈∈⊥∋≻⋈∈⊥∋⊙⊡⊣
⊢≻⋈∈⊤∋≻⋈∈⊥∋≻⋈∈⊤∋≻⋈∈⊥∋≻⋈∈⊥∋≻⋈∈⊥∋≻⋈∈⊥∋≻⋈∈⊥∋≻⋈∈⊤∋≻⋈∈⊥∋≻⋈∈⊤∋≻⋈∈⊥∋≻⋈∈⊥∋≻⋈∈⊤∋≻⋈∈⊥∋≻⋈∈⊤∋≻⋈∈⊥∋≻⋈∈⊥∋≻⋈∈⊥∋≻⋈∈⊥∋≻⋈∈⊤∋≻⋈∈⊥∋⊙⊡⊣
⊢≻⋈∈⊤∋≻⋈∈⊤∋≻⋈∈⊥∋≻⋈∈⊤∋≻⋈∈⊤∋≻⋈∈⊤∋≻⋈∈⊤∋≻⋈∈⊤∋≻⋈∈⊥∋⊙⊡⊣
⊢≻⋈∈⊤∋≻⋈∈⊤∋≻⋈∈⊤∋≻⋈∈⊤∋≻⋈∈⊤∋≻⋈∈⊤∋≻⋈∈⊥∋≻⋈∈⊥∋≻⋈∈⊥∋≻⋈∈⊥∋⊙⊡⊣
⊢≻⋈∈⊥∋≻⋈∈⊤∋≻⋈∈⊤∋≻⋈∈⊤∋≻⋈∈⊤∋≻⋈∈⊤∋≻⋈∈⊥∋≻⋈∈⊤∋≻⋈∈⊤∋≻⋈∈⊤∋≻⋈∈⊥∋⊙⊡⊣
⊢≻⋈∈⊥∋≻⋈∈⊥∋≻⋈∈⊤∋≻⋈∈⊥∋≻⋈∈⊥∋≻⋈∈⊥∋≻⋈∈⊥∋≻⋈∈⊥∋≻⋈∈⊥∋⊙⊡⊣
⊢≻⋈∈⊥∋≻⋈∈⊤∋≻⋈∈⊥∋≻⋈∈⊥∋≻⋈∈⊥∋≻⋈∈⊥∋≻⋈∈⊥∋≻⋈∈⊥∋≻⋈∈⊤∋≻⋈∈⊥∋≻⋈∈⊤∋≻⋈∈⊥∋≻⋈∈⊤∋≻⋈∈⊤∋≻⋈∈⊤∋≻⋈∈⊥∋≻⋈∈⊥∋≻⋈∈⊥∋≻⋈∈⊥∋≻⋈∈⊥∋≻⋈∈⊤∋≻⋈∈⊥∋⊙⊡⊣
⊢≻⋈∈⊥∋≻⋈∈⊤∋≻⋈∈⊥∋≻⋈∈⊤∋≻⋈∈⊤∋≻⋈∈⊤∋≻⋈∈⊤∋≻⋈∈⊤∋≻⋈∈⊥∋⊙⊡⊣
⊢≻⋈∈⊥∋≻⋈∈⊥∋≻⋈∈⊤∋≻⋈∈⊤∋≻⋈∈⊤∋≻⋈∈⊤∋≻⋈∈⊥∋⊙⊡⊣
⊢≻⋈∈⊥∋≻⋈∈⊤∋≻⋈∈⊥∋≻⋈∈⊥∋≻⋈∈⊥∋≻⋈∈⊥∋≻⋈∈⊤∋≻⋈∈⊥∋≻⋈∈⊥∋≻⋈∈⊥∋≻⋈∈⊥∋⊙⊡⊣
⊢≻⋈∈⊥∋≻⋈∈⊤∋≻⋈∈⊥∋≻⋈∈⊥∋≻⋈∈⊥∋≻⋈∈⊥∋≻⋈∈⊥∋≻⋈∈⊥∋≻⋈∈⊥∋⊙⊡⊣
⊢≻⋈∈⊤∋≻⋈∈⊤∋≻⋈∈⊤∋≻⋈∈⊤∋≻⋈∈⊤∋≻⋈∈⊤∋≻⋈∈⊤∋≻⋈∈⊤∋≻⋈∈⊥∋≻⋈∈⊥∋≻⋈∈⊤∋≻⋈∈⊥∋≻⋈∈⊥∋≻⋈∈⊥∋≻⋈∈⊤∋≻⋈∈⊥∋≻⋈∈⊥∋≻⋈∈⊥∋≻⋈∈⊥∋≻⋈∈⊥∋≻⋈∈⊤∋≻⋈∈⊥∋⊙⊡⊣
⊢≻⋈∈⊤∋≻⋈∈⊥∋≻⋈∈⊥∋≻⋈∈⊤∋≻⋈∈⊤∋≻⋈∈⊤∋≻⋈∈⊤∋≻⋈∈⊤∋≻⋈∈⊥∋⊙⊡⊣
⊢≻⋈∈⊥∋≻⋈∈⊥∋≻⋈∈⊤∋≻⋈∈⊤∋≻⋈∈⊤∋≻⋈∈⊤∋≻⋈∈⊥∋⊙⊡⊣
⊢≻⋈∈⊤∋≻⋈∈⊥∋≻⋈∈⊥∋≻⋈∈⊥∋≻⋈∈⊥∋≻⋈∈⊥∋≻⋈∈⊤∋≻⋈∈⊥∋≻⋈∈⊥∋≻⋈∈⊥∋≻⋈∈⊥∋⊙⊡⊣
⊢≻⋈∈⊥∋≻⋈∈⊥∋≻⋈∈⊥∋≻⋈∈⊥∋≻⋈∈⊥∋≻⋈∈⊥∋≻⋈∈⊥∋≻⋈∈⊥∋≻⋈∈⊥∋⊙⊡⊣
⊢≻⋈∈⊥∋≻⋈∈⊥∋≻⋈∈⊤∋≻⋈∈⊤∋≻⋈∈⊤∋≻⋈∈⊤∋≻⋈∈⊤∋≻⋈∈⊤∋≻⋈∈⊥∋≻⋈∈⊥∋≻⋈∈⊤∋≻⋈∈⊥∋≻⋈∈⊤∋≻⋈∈⊥∋≻⋈∈⊥∋≻⋈∈⊥∋≻⋈∈⊥∋≻⋈∈⊥∋≻⋈∈⊥∋≻⋈∈⊥∋≻⋈∈⊤∋≻⋈∈⊥∋⊙⊡⊣
⊢≻⋈∈⊥∋≻⋈∈⊥∋≻⋈∈⊥∋≻⋈∈⊤∋≻⋈∈⊤∋≻⋈∈⊤∋≻⋈∈⊤∋≻⋈∈⊤∋≻⋈∈⊥∋⊙⊡⊣
⊢≻⋈∈⊥∋≻⋈∈⊥∋≻⋈∈⊥∋≻⋈∈⊥∋≻⋈∈⊥∋≻⋈∈⊥∋≻⋈∈⊤∋≻⋈∈⊥∋≻⋈∈⊥∋≻⋈∈⊥∋⊙⊡⊣
⊢≻⋈∈⊥∋≻⋈∈⊤∋≻⋈∈⊤∋≻⋈∈⊤∋≻⋈∈⊤∋≻⋈∈⊤∋≻⋈∈⊥∋≻⋈∈⊤∋≻⋈∈⊤∋≻⋈∈⊤∋≻⋈∈⊥∋⊙⊡⊣
⊢≻⋈∈⊥∋≻⋈∈⊤∋≻⋈∈⊤∋≻⋈∈⊤∋≻⋈∈⊤∋≻⋈∈⊤∋≻⋈∈⊤∋≻⋈∈⊤∋≻⋈∈⊤∋≻⋈∈⊥∋⊙⊡⊣
⊢≻⋈∈⊤∋≻⋈∈⊥∋≻⋈∈⊥∋≻⋈∈⊤∋≻⋈∈⊤∋≻⋈∈⊤∋≻⋈∈⊤∋≻⋈∈⊤∋≻⋈∈⊥∋≻⋈∈⊥∋≻⋈∈⊤∋≻⋈∈⊥∋≻⋈∈⊥∋≻⋈∈⊤∋≻⋈∈⊤∋≻⋈∈⊤∋≻⋈∈⊤∋≻⋈∈⊤∋≻⋈∈⊤∋≻⋈∈⊤∋≻⋈∈⊥∋≻⋈∈⊥∋⊙⊡⊣
⊢≻⋈∈⊤∋≻⋈∈⊤∋≻⋈∈⊤∋≻⋈∈⊥∋≻⋈∈⊤∋≻⋈∈⊤∋≻⋈∈⊤∋≻⋈∈⊤∋≻⋈∈⊥∋⊙⊡⊣
⊢≻⋈∈⊥∋≻⋈∈⊥∋≻⋈∈⊥∋≻⋈∈⊥∋≻⋈∈⊥∋≻⋈∈⊥∋≻⋈∈⊤∋≻⋈∈⊥∋≻⋈∈⊥∋≻⋈∈⊥∋⊙⊡⊣
⊢≻⋈∈⊤∋≻⋈∈⊥∋≻⋈∈⊤∋≻⋈∈⊤∋≻⋈∈⊤∋≻⋈∈⊤∋≻⋈∈⊥∋≻⋈∈⊤∋≻⋈∈⊤∋≻⋈∈⊤∋≻⋈∈⊥∋⊙⊡⊣
⊢≻⋈∈⊥∋≻⋈∈⊥∋≻⋈∈⊤∋≻⋈∈⊤∋≻⋈∈⊤∋≻⋈∈⊤∋≻⋈∈⊤∋≻⋈∈⊤∋≻⋈∈⊤∋≻⋈∈⊥∋⊙⊡⊣
⊢≻⋈∈⊥∋≻⋈∈⊤∋≻⋈∈⊤∋≻⋈∈⊥∋≻⋈∈⊤∋≻⋈∈⊤∋≻⋈∈⊤∋≻⋈∈⊤∋≻⋈∈⊥∋≻⋈∈⊥∋≻⋈∈⊤∋≻⋈∈⊥∋≻⋈∈⊤∋≻⋈∈⊤∋≻⋈∈⊥∋≻⋈∈⊤∋≻⋈∈⊤∋≻⋈∈⊤∋≻⋈∈⊤∋≻⋈∈⊤∋≻⋈∈⊥∋≻⋈∈⊥∋⊙⊡⊣
⊢≻⋈∈⊥∋≻⋈∈⊤∋≻⋈∈⊤∋≻⋈∈⊥∋≻⋈∈⊤∋≻⋈∈⊤∋≻⋈∈⊤∋≻⋈∈⊤∋≻⋈∈⊥∋⊙⊡⊣
⊢≻⋈∈⊤∋≻⋈∈⊤∋≻⋈∈⊥∋≻⋈∈⊤∋≻⋈∈⊤∋≻⋈∈⊤∋≻⋈∈⊥∋⊙⊡⊣
⊢≻⋈∈⊤∋≻⋈∈⊤∋≻⋈∈⊥∋≻⋈∈⊥∋≻⋈∈⊥∋≻⋈∈⊥∋≻⋈∈⊤∋≻⋈∈⊥∋≻⋈∈⊥∋≻⋈∈⊥∋≻⋈∈⊥∋⊙⊡⊣
⊢≻⋈∈⊥∋≻⋈∈⊤∋≻⋈∈⊥∋≻⋈∈⊤∋≻⋈∈⊤∋≻⋈∈⊤∋≻⋈∈⊤∋≻⋈∈⊤∋≻⋈∈⊤∋≻⋈∈⊥∋⊙⊡⊣
⊢≻⋈∈⊤∋≻⋈∈⊤∋≻⋈∈⊥∋≻⋈∈⊥∋≻⋈∈⊤∋≻⋈∈⊤∋≻⋈∈⊤∋≻⋈∈⊤∋≻⋈∈⊥∋≻⋈∈⊥∋≻⋈∈⊤∋≻⋈∈⊥∋≻⋈∈⊥∋≻⋈∈⊥∋≻⋈∈⊥∋≻⋈∈⊤∋≻⋈∈⊤∋≻⋈∈⊤∋≻⋈∈⊤∋≻⋈∈⊤∋≻⋈∈⊥∋≻⋈∈⊥∋⊙⊡⊣
⊢≻⋈∈⊤∋≻⋈∈⊥∋≻⋈∈⊤∋≻⋈∈⊥∋≻⋈∈⊤∋≻⋈∈⊤∋≻⋈∈⊤∋≻⋈∈⊤∋≻⋈∈⊥∋⊙⊡⊣
⊢≻⋈∈⊤∋≻⋈∈⊤∋≻⋈∈⊥∋≻⋈∈⊤∋≻⋈∈⊤∋≻⋈∈⊤∋≻⋈∈⊥∋⊙⊡⊣
⊢≻⋈∈⊥∋≻⋈∈⊤∋≻⋈∈⊥∋≻⋈∈⊥∋≻⋈∈⊥∋≻⋈∈⊥∋≻⋈∈⊤∋≻⋈∈⊥∋≻⋈∈⊥∋≻⋈∈⊥∋≻⋈∈⊥∋⊙⊡⊣
⊢≻⋈∈⊥∋≻⋈∈⊥∋≻⋈∈⊥∋≻⋈∈⊤∋≻⋈∈⊤∋≻⋈∈⊤∋≻⋈∈⊤∋≻⋈∈⊤∋≻⋈∈⊤∋≻⋈∈⊥∋⊙⊡⊣
⊢≻⋈∈⊥∋≻⋈∈⊥∋≻⋈∈⊥∋≻⋈∈⊥∋≻⋈∈⊤∋≻⋈∈⊤∋≻⋈∈⊤∋≻⋈∈⊤∋≻⋈∈⊥∋≻⋈∈⊥∋≻⋈∈⊤∋≻⋈∈⊥∋≻⋈∈⊤∋≻⋈∈⊥∋≻⋈∈⊤∋≻⋈∈⊥∋≻⋈∈⊤∋≻⋈∈⊤∋≻⋈∈⊤∋≻⋈∈⊤∋≻⋈∈⊥∋≻⋈∈⊥∋⊙⊡⊣
⊢≻⋈∈⊥∋≻⋈∈⊥∋≻⋈∈⊤∋≻⋈∈⊥∋≻⋈∈⊤∋≻⋈∈⊤∋≻⋈∈⊤∋≻⋈∈⊤∋≻⋈∈⊥∋⊙⊡⊣
⊢≻⋈∈⊤∋≻⋈∈⊥∋≻⋈∈⊥∋≻⋈∈⊥∋≻⋈∈⊥∋≻⋈∈⊥∋≻⋈∈⊤∋≻⋈∈⊥∋≻⋈∈⊥∋≻⋈∈⊥∋⊙⊡⊣
⊢≻⋈∈⊤∋≻⋈∈⊥∋≻⋈∈⊤∋≻⋈∈⊤∋≻⋈∈⊤∋≻⋈∈⊤∋≻⋈∈⊥∋≻⋈∈⊤∋≻⋈∈⊤∋≻⋈∈⊤∋≻⋈∈⊥∋⊙⊡⊣
⊢≻⋈∈⊥∋≻⋈∈⊤∋≻⋈∈⊤∋≻⋈∈⊥∋≻⋈∈⊤∋≻⋈∈⊤∋≻⋈∈⊤∋≻⋈∈⊤∋≻⋈∈⊤∋≻⋈∈⊥∋⊙⊡⊣
⊢≻⋈∈⊤∋≻⋈∈⊥∋≻⋈∈⊤∋≻⋈∈⊤∋≻⋈∈⊥∋≻⋈∈⊤∋≻⋈∈⊤∋≻⋈∈⊤∋≻⋈∈⊥∋≻⋈∈⊥∋≻⋈∈⊤∋≻⋈∈⊥∋≻⋈∈⊥∋≻⋈∈⊤∋≻⋈∈⊥∋≻⋈∈⊥∋≻⋈∈⊤∋≻⋈∈⊤∋≻⋈∈⊤∋≻⋈∈⊤∋≻⋈∈⊥∋≻⋈∈⊥∋⊙⊡⊣
⊢≻⋈∈⊤∋≻⋈∈⊤∋≻⋈∈⊥∋≻⋈∈⊥∋≻⋈∈⊤∋≻⋈∈⊤∋≻⋈∈⊤∋≻⋈∈⊤∋≻⋈∈⊥∋⊙⊡⊣
⊢≻⋈∈⊤∋≻⋈∈⊥∋≻⋈∈⊥∋≻⋈∈⊥∋≻⋈∈⊥∋≻⋈∈⊥∋≻⋈∈⊤∋≻⋈∈⊥∋≻⋈∈⊥∋≻⋈∈⊥∋⊙⊡⊣
⊢≻⋈∈⊥∋≻⋈∈⊥∋≻⋈∈⊤∋≻⋈∈⊤∋≻⋈∈⊤∋≻⋈∈⊤∋≻⋈∈⊥∋≻⋈∈⊤∋≻⋈∈⊤∋≻⋈∈⊤∋≻⋈∈⊥∋⊙⊡⊣
⊢≻⋈∈⊥∋≻⋈∈⊥∋≻⋈∈⊤∋≻⋈∈⊥∋≻⋈∈⊤∋≻⋈∈⊤∋≻⋈∈⊤∋≻⋈∈⊤∋≻⋈∈⊤∋≻⋈∈⊥∋⊙⊡⊣
⊢≻⋈∈⊥∋≻⋈∈⊤∋≻⋈∈⊥∋≻⋈∈⊤∋≻⋈∈⊥∋≻⋈∈⊤∋≻⋈∈⊤∋≻⋈∈⊤∋≻⋈∈⊥∋≻⋈∈⊥∋≻⋈∈⊤∋≻⋈∈⊥∋≻⋈∈⊤∋≻⋈∈⊤∋≻⋈∈⊤∋≻⋈∈⊤∋≻⋈∈⊥∋≻⋈∈⊤∋≻⋈∈⊤∋≻⋈∈⊤∋≻⋈∈⊥∋≻⋈∈⊥∋⊙⊡⊣
⊢≻⋈∈⊥∋≻⋈∈⊤∋≻⋈∈⊥∋≻⋈∈⊥∋≻⋈∈⊤∋≻⋈∈⊤∋≻⋈∈⊤∋≻⋈∈⊤∋≻⋈∈⊥∋⊙⊡⊣
⊢≻⋈∈⊥∋≻⋈∈⊤∋≻⋈∈⊥∋≻⋈∈⊤∋≻⋈∈⊤∋≻⋈∈⊤∋≻⋈∈⊥∋⊙⊡⊣
⊢≻⋈∈⊥∋≻⋈∈⊥∋≻⋈∈⊤∋≻⋈∈⊥∋≻⋈∈⊥∋≻⋈∈⊥∋≻⋈∈⊤∋≻⋈∈⊥∋≻⋈∈⊥∋≻⋈∈⊥∋≻⋈∈⊥∋⊙⊡⊣
⊢≻⋈∈⊥∋≻⋈∈⊤∋≻⋈∈⊥∋≻⋈∈⊥∋≻⋈∈⊤∋≻⋈∈⊤∋≻⋈∈⊤∋≻⋈∈⊤∋≻⋈∈⊤∋≻⋈∈⊥∋⊙⊡⊣
⊢≻⋈∈⊤∋≻⋈∈⊤∋≻⋈∈⊤∋≻⋈∈⊥∋≻⋈∈⊥∋≻⋈∈⊤∋≻⋈∈⊤∋≻⋈∈⊤∋≻⋈∈⊥∋≻⋈∈⊥∋≻⋈∈⊤∋≻⋈∈⊥∋≻⋈∈⊥∋≻⋈∈⊥∋≻⋈∈⊤∋≻⋈∈⊤∋≻⋈∈⊥∋≻⋈∈⊤∋≻⋈∈⊤∋≻⋈∈⊤∋≻⋈∈⊥∋≻⋈∈⊥∋⊙⊡⊣
⊢≻⋈∈⊤∋≻⋈∈⊥∋≻⋈∈⊥∋≻⋈∈⊥∋≻⋈∈⊤∋≻⋈∈⊤∋≻⋈∈⊤∋≻⋈∈⊤∋≻⋈∈⊥∋⊙⊡⊣
⊢≻⋈∈⊥∋≻⋈∈⊤∋≻⋈∈⊥∋≻⋈∈⊤∋≻⋈∈⊤∋≻⋈∈⊤∋≻⋈∈⊥∋⊙⊡⊣
⊢≻⋈∈⊤∋≻⋈∈⊤∋≻⋈∈⊥∋≻⋈∈⊥∋≻⋈∈⊥∋≻⋈∈⊥∋≻⋈∈⊤∋≻⋈∈⊥∋≻⋈∈⊥∋≻⋈∈⊥∋≻⋈∈⊥∋⊙⊡⊣
⊢≻⋈∈⊥∋≻⋈∈⊥∋≻⋈∈⊥∋≻⋈∈⊥∋≻⋈∈⊤∋≻⋈∈⊤∋≻⋈∈⊤∋≻⋈∈⊤∋≻⋈∈⊤∋≻⋈∈⊥∋⊙⊡⊣
⊢≻⋈∈⊥∋≻⋈∈⊥∋≻⋈∈⊤∋≻⋈∈⊥∋≻⋈∈⊥∋≻⋈∈⊤∋≻⋈∈⊤∋≻⋈∈⊤∋≻⋈∈⊥∋≻⋈∈⊥∋≻⋈∈⊤∋≻⋈∈⊥∋≻⋈∈⊤∋≻⋈∈⊥∋≻⋈∈⊥∋≻⋈∈⊤∋≻⋈∈⊥∋≻⋈∈⊤∋≻⋈∈⊤∋≻⋈∈⊤∋≻⋈∈⊥∋≻⋈∈⊥∋⊙⊡⊣
⊢≻⋈∈⊥∋≻⋈∈⊥∋≻⋈∈⊥∋≻⋈∈⊥∋≻⋈∈⊤∋≻⋈∈⊤∋≻⋈∈⊤∋≻⋈∈⊤∋≻⋈∈⊥∋⊙⊡⊣
⊢≻⋈∈⊥∋≻⋈∈⊤∋≻⋈∈⊥∋≻⋈∈⊥∋≻⋈∈⊥∋≻⋈∈⊥∋≻⋈∈⊤∋≻⋈∈⊥∋≻⋈∈⊥∋≻⋈∈⊥∋⊙⊡⊣
⊢≻⋈∈⊥∋≻⋈∈⊥∋≻⋈∈⊤∋≻⋈∈⊤∋≻⋈∈⊤∋≻⋈∈⊤∋≻⋈∈⊥∋≻⋈∈⊤∋≻⋈∈⊤∋≻⋈∈⊤∋≻⋈∈⊥∋⊙⊡⊣
⊢≻⋈∈⊥∋≻⋈∈⊤∋≻⋈∈⊤∋≻⋈∈⊤∋≻⋈∈⊥∋≻⋈∈⊤∋≻⋈∈⊤∋≻⋈∈⊤∋≻⋈∈⊤∋≻⋈∈⊥∋⊙⊡⊣
⊢≻⋈∈⊤∋≻⋈∈⊥∋≻⋈∈⊥∋≻⋈∈⊥∋≻⋈∈⊥∋≻⋈∈⊤∋≻⋈∈⊤∋≻⋈∈⊤∋≻⋈∈⊥∋≻⋈∈⊥∋≻⋈∈⊤∋≻⋈∈⊥∋≻⋈∈⊥∋≻⋈∈⊤∋≻⋈∈⊤∋≻⋈∈⊥∋≻⋈∈⊥∋≻⋈∈⊤∋≻⋈∈⊤∋≻⋈∈⊤∋≻⋈∈⊥∋≻⋈∈⊥∋⊙⊡⊣
⊢≻⋈∈⊤∋≻⋈∈⊤∋≻⋈∈⊤∋≻⋈∈⊤∋≻⋈∈⊥∋≻⋈∈⊤∋≻⋈∈⊤∋≻⋈∈⊤∋≻⋈∈⊥∋⊙⊡⊣
⊢≻⋈∈⊥∋≻⋈∈⊤∋≻⋈∈⊥∋≻⋈∈⊥∋≻⋈∈⊥∋≻⋈∈⊥∋≻⋈∈⊤∋≻⋈∈⊥∋≻⋈∈⊥∋≻⋈∈⊥∋⊙⊡⊣
⊢≻⋈∈⊤∋≻⋈∈⊤∋≻⋈∈⊥∋≻⋈∈⊤∋≻⋈∈⊤∋≻⋈∈⊤∋≻⋈∈⊥∋≻⋈∈⊤∋≻⋈∈⊤∋≻⋈∈⊤∋≻⋈∈⊥∋⊙⊡⊣
⊢≻⋈∈⊥∋≻⋈∈⊥∋≻⋈∈⊤∋≻⋈∈⊤∋≻⋈∈⊥∋≻⋈∈⊤∋≻⋈∈⊤∋≻⋈∈⊤∋≻⋈∈⊤∋≻⋈∈⊥∋⊙⊡⊣
⊢≻⋈∈⊥∋≻⋈∈⊤∋≻⋈∈⊤∋≻⋈∈⊤∋≻⋈∈⊤∋≻⋈∈⊥∋≻⋈∈⊤∋≻⋈∈⊤∋≻⋈∈⊥∋≻⋈∈⊥∋≻⋈∈⊤∋≻⋈∈⊥∋≻⋈∈⊤∋≻⋈∈⊤∋≻⋈∈⊥∋≻⋈∈⊥∋≻⋈∈⊥∋≻⋈∈⊤∋≻⋈∈⊤∋≻⋈∈⊤∋≻⋈∈⊥∋≻⋈∈⊥∋⊙⊡⊣
⊢≻⋈∈⊥∋≻⋈∈⊤∋≻⋈∈⊤∋≻⋈∈⊤∋≻⋈∈⊥∋≻⋈∈⊤∋≻⋈∈⊤∋≻⋈∈⊤∋≻⋈∈⊥∋⊙⊡⊣
⊢≻⋈∈⊤∋≻⋈∈⊥∋≻⋈∈⊥∋≻⋈∈⊤∋≻⋈∈⊤∋≻⋈∈⊤∋≻⋈∈⊥∋⊙⊡⊣
⊢≻⋈∈⊤∋≻⋈∈⊥∋≻⋈∈⊤∋≻⋈∈⊥∋≻⋈∈⊥∋≻⋈∈⊥∋≻⋈∈⊤∋≻⋈∈⊥∋≻⋈∈⊥∋≻⋈∈⊥∋≻⋈∈⊥∋⊙⊡⊣
⊢≻⋈∈⊥∋≻⋈∈⊤∋≻⋈∈⊥∋≻⋈∈⊤∋≻⋈∈⊥∋≻⋈∈⊤∋≻⋈∈⊤∋≻⋈∈⊤∋≻⋈∈⊤∋≻⋈∈⊥∋⊙⊡⊣
⊢≻⋈∈⊤∋≻⋈∈⊤∋≻⋈∈⊥∋≻⋈∈⊤∋≻⋈∈⊤∋≻⋈∈⊥∋≻⋈∈⊤∋≻⋈∈⊤∋≻⋈∈⊥∋≻⋈∈⊥∋≻⋈∈⊤∋≻⋈∈⊥∋≻⋈∈⊥∋≻⋈∈⊥∋≻⋈∈⊥∋≻⋈∈⊥∋≻⋈∈⊥∋≻⋈∈⊤∋≻⋈∈⊤∋≻⋈∈⊤∋≻⋈∈⊥∋≻⋈∈⊥∋⊙⊡⊣
⊢≻⋈∈⊤∋≻⋈∈⊥∋≻⋈∈⊤∋≻⋈∈⊤∋≻⋈∈⊥∋≻⋈∈⊤∋≻⋈∈⊤∋≻⋈∈⊤∋≻⋈∈⊥∋⊙⊡⊣
⊢≻⋈∈⊤∋≻⋈∈⊥∋≻⋈∈⊥∋≻⋈∈⊤∋≻⋈∈⊤∋≻⋈∈⊤∋≻⋈∈⊥∋⊙⊡⊣
⊢≻⋈∈⊥∋≻⋈∈⊥∋≻⋈∈⊤∋≻⋈∈⊥∋≻⋈∈⊥∋≻⋈∈⊥∋≻⋈∈⊤∋≻⋈∈⊥∋≻⋈∈⊥∋≻⋈∈⊥∋≻⋈∈⊥∋⊙⊡⊣
⊢≻⋈∈⊥∋≻⋈∈⊥∋≻⋈∈⊥∋≻⋈∈⊤∋≻⋈∈⊥∋≻⋈∈⊤∋≻⋈∈⊤∋≻⋈∈⊤∋≻⋈∈⊤∋≻⋈∈⊥∋⊙⊡⊣
⊢≻⋈∈⊥∋≻⋈∈⊥∋≻⋈∈⊥∋≻⋈∈⊤∋≻⋈∈⊤∋≻⋈∈⊥∋≻⋈∈⊤∋≻⋈∈⊤∋≻⋈∈⊥∋≻⋈∈⊥∋≻⋈∈⊤∋≻⋈∈⊥∋≻⋈∈⊤∋≻⋈∈⊥∋≻⋈∈⊤∋≻⋈∈⊤∋≻⋈∈⊤∋≻⋈∈⊥∋≻⋈∈⊤∋≻⋈∈⊤∋≻⋈∈⊥∋≻⋈∈⊥∋⊙⊡⊣
⊢≻⋈∈⊥∋≻⋈∈⊥∋≻⋈∈⊤∋≻⋈∈⊤∋≻⋈∈⊥∋≻⋈∈⊤∋≻⋈∈⊤∋≻⋈∈⊤∋≻⋈∈⊥∋⊙⊡⊣
⊢≻⋈∈⊤∋≻⋈∈⊤∋≻⋈∈⊥∋≻⋈∈⊥∋≻⋈∈⊥∋≻⋈∈⊥∋≻⋈∈⊤∋≻⋈∈⊥∋≻⋈∈⊥∋≻⋈∈⊥∋⊙⊡⊣
⊢≻⋈∈⊤∋≻⋈∈⊤∋≻⋈∈⊥∋≻⋈∈⊤∋≻⋈∈⊤∋≻⋈∈⊤∋≻⋈∈⊥∋≻⋈∈⊤∋≻⋈∈⊤∋≻⋈∈⊤∋≻⋈∈⊥∋⊙⊡⊣
⊢≻⋈∈⊥∋≻⋈∈⊤∋≻⋈∈⊤∋≻⋈∈⊥∋≻⋈∈⊥∋≻⋈∈⊤∋≻⋈∈⊤∋≻⋈∈⊤∋≻⋈∈⊤∋≻⋈∈⊥∋⊙⊡⊣
⊢≻⋈∈⊤∋≻⋈∈⊥∋≻⋈∈⊤∋≻⋈∈⊥∋≻⋈∈⊤∋≻⋈∈⊥∋≻⋈∈⊤∋≻⋈∈⊤∋≻⋈∈⊥∋≻⋈∈⊥∋≻⋈∈⊤∋≻⋈∈⊥∋≻⋈∈⊥∋≻⋈∈⊤∋≻⋈∈⊥∋≻⋈∈⊤∋≻⋈∈⊤∋≻⋈∈⊥∋≻⋈∈⊤∋≻⋈∈⊤∋≻⋈∈⊥∋≻⋈∈⊥∋⊙⊡⊣
⊢≻⋈∈⊤∋≻⋈∈⊤∋≻⋈∈⊥∋≻⋈∈⊤∋≻⋈∈⊥∋≻⋈∈⊤∋≻⋈∈⊤∋≻⋈∈⊤∋≻⋈∈⊥∋⊙⊡⊣
⊢≻⋈∈⊤∋≻⋈∈⊤∋≻⋈∈⊥∋≻⋈∈⊥∋≻⋈∈⊥∋≻⋈∈⊥∋≻⋈∈⊤∋≻⋈∈⊥∋≻⋈∈⊥∋≻⋈∈⊥∋⊙⊡⊣
⊢≻⋈∈⊥∋≻⋈∈⊤∋≻⋈∈⊥∋≻⋈∈⊤∋≻⋈∈⊤∋≻⋈∈⊤∋≻⋈∈⊥∋≻⋈∈⊤∋≻⋈∈⊤∋≻⋈∈⊤∋≻⋈∈⊥∋⊙⊡⊣
⊢≻⋈∈⊥∋≻⋈∈⊥∋≻⋈∈⊤∋≻⋈∈⊥∋≻⋈∈⊥∋≻⋈∈⊤∋≻⋈∈⊤∋≻⋈∈⊤∋≻⋈∈⊤∋≻⋈∈⊥∋⊙⊡⊣
⊢≻⋈∈⊥∋≻⋈∈⊤∋≻⋈∈⊥∋≻⋈∈⊥∋≻⋈∈⊤∋≻⋈∈⊥∋≻⋈∈⊤∋≻⋈∈⊤∋≻⋈∈⊥∋≻⋈∈⊥∋≻⋈∈⊤∋≻⋈∈⊥∋≻⋈∈⊤∋≻⋈∈⊤∋≻⋈∈⊤∋≻⋈∈⊥∋≻⋈∈⊤∋≻⋈∈⊥∋≻⋈∈⊤∋≻⋈∈⊤∋≻⋈∈⊥∋≻⋈∈⊥∋⊙⊡⊣
⊢≻⋈∈⊥∋≻⋈∈⊤∋≻⋈∈⊥∋≻⋈∈⊤∋≻⋈∈⊥∋≻⋈∈⊤∋≻⋈∈⊤∋≻⋈∈⊤∋≻⋈∈⊥∋⊙⊡⊣
⊢≻⋈∈⊥∋≻⋈∈⊥∋≻⋈∈⊥∋≻⋈∈⊤∋≻⋈∈⊤∋≻⋈∈⊤∋≻⋈∈⊥∋⊙⊡⊣
⊢≻⋈∈⊥∋≻⋈∈⊤∋≻⋈∈⊤∋≻⋈∈⊥∋≻⋈∈⊥∋≻⋈∈⊥∋≻⋈∈⊤∋≻⋈∈⊥∋≻⋈∈⊥∋≻⋈∈⊥∋≻⋈∈⊥∋⊙⊡⊣
⊢≻⋈∈⊥∋≻⋈∈⊤∋≻⋈∈⊥∋≻⋈∈⊥∋≻⋈∈⊥∋≻⋈∈⊤∋≻⋈∈⊤∋≻⋈∈⊤∋≻⋈∈⊤∋≻⋈∈⊥∋⊙⊡⊣
⊢≻⋈∈⊤∋≻⋈∈⊤∋≻⋈∈⊤∋≻⋈∈⊤∋≻⋈∈⊥∋≻⋈∈⊥∋≻⋈∈⊤∋≻⋈∈⊤∋≻⋈∈⊥∋≻⋈∈⊥∋≻⋈∈⊤∋≻⋈∈⊥∋≻⋈∈⊥∋≻⋈∈⊥∋≻⋈∈⊤∋≻⋈∈⊥∋≻⋈∈⊤∋≻⋈∈⊥∋≻⋈∈⊤∋≻⋈∈⊤∋≻⋈∈⊥∋≻⋈∈⊥∋⊙⊡⊣
⊢≻⋈∈⊤∋≻⋈∈⊥∋≻⋈∈⊥∋≻⋈∈⊤∋≻⋈∈⊥∋≻⋈∈⊤∋≻⋈∈⊤∋≻⋈∈⊤∋≻⋈∈⊥∋⊙⊡⊣
⊢≻⋈∈⊥∋≻⋈∈⊥∋≻⋈∈⊥∋≻⋈∈⊤∋≻⋈∈⊤∋≻⋈∈⊤∋≻⋈∈⊥∋⊙⊡⊣
⊢≻⋈∈⊤∋≻⋈∈⊥∋≻⋈∈⊤∋≻⋈∈⊥∋≻⋈∈⊥∋≻⋈∈⊥∋≻⋈∈⊤∋≻⋈∈⊥∋≻⋈∈⊥∋≻⋈∈⊥∋≻⋈∈⊥∋⊙⊡⊣
⊢≻⋈∈⊥∋≻⋈∈⊥∋≻⋈∈⊥∋≻⋈∈⊥∋≻⋈∈⊥∋≻⋈∈⊤∋≻⋈∈⊤∋≻⋈∈⊤∋≻⋈∈⊤∋≻⋈∈⊥∋⊙⊡⊣
⊢≻⋈∈⊥∋≻⋈∈⊥∋≻⋈∈⊤∋≻⋈∈⊤∋≻⋈∈⊥∋≻⋈∈⊥∋≻⋈∈⊤∋≻⋈∈⊤∋≻⋈∈⊥∋≻⋈∈⊥∋≻⋈∈⊤∋≻⋈∈⊥∋≻⋈∈⊤∋≻⋈∈⊥∋≻⋈∈⊥∋≻⋈∈⊥∋≻⋈∈⊤∋≻⋈∈⊥∋≻⋈∈⊤∋≻⋈∈⊤∋≻⋈∈⊥∋≻⋈∈⊥∋⊙⊡⊣
⊢≻⋈∈⊥∋≻⋈∈⊥∋≻⋈∈⊥∋≻⋈∈⊤∋≻⋈∈⊥∋≻⋈∈⊤∋≻⋈∈⊤∋≻⋈∈⊤∋≻⋈∈⊥∋⊙⊡⊣
⊢≻⋈∈⊥∋≻⋈∈⊥∋≻⋈∈⊤∋≻⋈∈⊥∋≻⋈∈⊥∋≻⋈∈⊥∋≻⋈∈⊤∋≻⋈∈⊥∋≻⋈∈⊥∋≻⋈∈⊥∋⊙⊡⊣
⊢≻⋈∈⊥∋≻⋈∈⊤∋≻⋈∈⊥∋≻⋈∈⊤∋≻⋈∈⊤∋≻⋈∈⊤∋≻⋈∈⊥∋≻⋈∈⊤∋≻⋈∈⊤∋≻⋈∈⊤∋≻⋈∈⊥∋⊙⊡⊣
⊢≻⋈∈⊥∋≻⋈∈⊤∋≻⋈∈⊤∋≻⋈∈⊤∋≻⋈∈⊤∋≻⋈∈⊥∋≻⋈∈⊤∋≻⋈∈⊤∋≻⋈∈⊤∋≻⋈∈⊥∋⊙⊡⊣
⊢≻⋈∈⊤∋≻⋈∈⊥∋≻⋈∈⊥∋≻⋈∈⊤∋≻⋈∈⊥∋≻⋈∈⊥∋≻⋈∈⊤∋≻⋈∈⊤∋≻⋈∈⊥∋≻⋈∈⊥∋≻⋈∈⊤∋≻⋈∈⊥∋≻⋈∈⊥∋≻⋈∈⊤∋≻⋈∈⊤∋≻⋈∈⊤∋≻⋈∈⊥∋≻⋈∈⊥∋≻⋈∈⊤∋≻⋈∈⊤∋≻⋈∈⊥∋≻⋈∈⊥∋⊙⊡⊣
⊢≻⋈∈⊤∋≻⋈∈⊤∋≻⋈∈⊤∋≻⋈∈⊥∋≻⋈∈⊥∋≻⋈∈⊤∋≻⋈∈⊤∋≻⋈∈⊤∋≻⋈∈⊥∋⊙⊡⊣
⊢≻⋈∈⊥∋≻⋈∈⊥∋≻⋈∈⊤∋≻⋈∈⊥∋≻⋈∈⊥∋≻⋈∈⊥∋≻⋈∈⊤∋≻⋈∈⊥∋≻⋈∈⊥∋≻⋈∈⊥∋⊙⊡⊣
⊢≻⋈∈⊤∋≻⋈∈⊥∋≻⋈∈⊥∋≻⋈∈⊤∋≻⋈∈⊤∋≻⋈∈⊤∋≻⋈∈⊥∋≻⋈∈⊤∋≻⋈∈⊤∋≻⋈∈⊤∋≻⋈∈⊥∋⊙⊡⊣
⊢≻⋈∈⊥∋≻⋈∈⊥∋≻⋈∈⊤∋≻⋈∈⊤∋≻⋈∈⊤∋≻⋈∈⊥∋≻⋈∈⊤∋≻⋈∈⊤∋≻⋈∈⊤∋≻⋈∈⊥∋⊙⊡⊣
⊢≻⋈∈⊥∋≻⋈∈⊤∋≻⋈∈⊤∋≻⋈∈⊥∋≻⋈∈⊥∋≻⋈∈⊥∋≻⋈∈⊤∋≻⋈∈⊤∋≻⋈∈⊥∋≻⋈∈⊥∋≻⋈∈⊤∋≻⋈∈⊥∋≻⋈∈⊤∋≻⋈∈⊤∋≻⋈∈⊥∋≻⋈∈⊤∋≻⋈∈⊥∋≻⋈∈⊥∋≻⋈∈⊤∋≻⋈∈⊤∋≻⋈∈⊥∋≻⋈∈⊥∋⊙⊡⊣
⊢≻⋈∈⊥∋≻⋈∈⊤∋≻⋈∈⊤∋≻⋈∈⊥∋≻⋈∈⊥∋≻⋈∈⊤∋≻⋈∈⊤∋≻⋈∈⊤∋≻⋈∈⊥∋⊙⊡⊣
⊢≻⋈∈⊤∋≻⋈∈⊤∋≻⋈∈⊤∋≻⋈∈⊥∋≻⋈∈⊤∋≻⋈∈⊤∋≻⋈∈⊥∋⊙⊡⊣
⊢≻⋈∈⊤∋≻⋈∈⊤∋≻⋈∈⊤∋≻⋈∈⊥∋≻⋈∈⊥∋≻⋈∈⊥∋≻⋈∈⊤∋≻⋈∈⊥∋≻⋈∈⊥∋≻⋈∈⊥∋≻⋈∈⊥∋⊙⊡⊣
⊢≻⋈∈⊥∋≻⋈∈⊤∋≻⋈∈⊥∋≻⋈∈⊤∋≻⋈∈⊤∋≻⋈∈⊥∋≻⋈∈⊤∋≻⋈∈⊤∋≻⋈∈⊤∋≻⋈∈⊥∋⊙⊡⊣
⊢≻⋈∈⊤∋≻⋈∈⊤∋≻⋈∈⊥∋≻⋈∈⊥∋≻⋈∈⊥∋≻⋈∈⊥∋≻⋈∈⊤∋≻⋈∈⊤∋≻⋈∈⊥∋≻⋈∈⊥∋≻⋈∈⊤∋≻⋈∈⊥∋≻⋈∈⊥∋≻⋈∈⊥∋≻⋈∈⊥∋≻⋈∈⊤∋≻⋈∈⊥∋≻⋈∈⊥∋≻⋈∈⊤∋≻⋈∈⊤∋≻⋈∈⊥∋≻⋈∈⊥∋⊙⊡⊣
⊢≻⋈∈⊤∋≻⋈∈⊥∋≻⋈∈⊤∋≻⋈∈⊥∋≻⋈∈⊥∋≻⋈∈⊤∋≻⋈∈⊤∋≻⋈∈⊤∋≻⋈∈⊥∋⊙⊡⊣
⊢≻⋈∈⊤∋≻⋈∈⊤∋≻⋈∈⊤∋≻⋈∈⊥∋≻⋈∈⊤∋≻⋈∈⊤∋≻⋈∈⊥∋⊙⊡⊣
⊢≻⋈∈⊥∋≻⋈∈⊤∋≻⋈∈⊤∋≻⋈∈⊥∋≻⋈∈⊥∋≻⋈∈⊥∋≻⋈∈⊤∋≻⋈∈⊥∋≻⋈∈⊥∋≻⋈∈⊥∋≻⋈∈⊥∋⊙⊡⊣
⊢≻⋈∈⊥∋≻⋈∈⊥∋≻⋈∈⊥∋≻⋈∈⊤∋≻⋈∈⊤∋≻⋈∈⊥∋≻⋈∈⊤∋≻⋈∈⊤∋≻⋈∈⊤∋≻⋈∈⊥∋⊙⊡⊣
⊢≻⋈∈⊥∋≻⋈∈⊥∋≻⋈∈⊥∋≻⋈∈⊥∋≻⋈∈⊥∋≻⋈∈⊥∋≻⋈∈⊤∋≻⋈∈⊤∋≻⋈∈⊥∋≻⋈∈⊥∋≻⋈∈⊤∋≻⋈∈⊥∋≻⋈∈⊤∋≻⋈∈⊥∋≻⋈∈⊤∋≻⋈∈⊥∋≻⋈∈⊥∋≻⋈∈⊥∋≻⋈∈⊤∋≻⋈∈⊤∋≻⋈∈⊥∋≻⋈∈⊥∋⊙⊡⊣
⊢≻⋈∈⊥∋≻⋈∈⊥∋≻⋈∈⊤∋≻⋈∈⊥∋≻⋈∈⊥∋≻⋈∈⊤∋≻⋈∈⊤∋≻⋈∈⊤∋≻⋈∈⊥∋⊙⊡⊣
⊢≻⋈∈⊤∋≻⋈∈⊥∋≻⋈∈⊤∋≻⋈∈⊥∋≻⋈∈⊥∋≻⋈∈⊥∋≻⋈∈⊤∋≻⋈∈⊥∋≻⋈∈⊥∋≻⋈∈⊥∋⊙⊡⊣
⊢≻⋈∈⊤∋≻⋈∈⊥∋≻⋈∈⊥∋≻⋈∈⊤∋≻⋈∈⊤∋≻⋈∈⊤∋≻⋈∈⊥∋≻⋈∈⊤∋≻⋈∈⊤∋≻⋈∈⊤∋≻⋈∈⊥∋⊙⊡⊣
⊢≻⋈∈⊥∋≻⋈∈⊤∋≻⋈∈⊤∋≻⋈∈⊥∋≻⋈∈⊤∋≻⋈∈⊥∋≻⋈∈⊤∋≻⋈∈⊤∋≻⋈∈⊤∋≻⋈∈⊥∋⊙⊡⊣
⊢≻⋈∈⊤∋≻⋈∈⊥∋≻⋈∈⊤∋≻⋈∈⊤∋≻⋈∈⊤∋≻⋈∈⊤∋≻⋈∈⊥∋≻⋈∈⊤∋≻⋈∈⊥∋≻⋈∈⊥∋≻⋈∈⊤∋≻⋈∈⊥∋≻⋈∈⊥∋≻⋈∈⊤∋≻⋈∈⊥∋≻⋈∈⊥∋≻⋈∈⊥∋≻⋈∈⊥∋≻⋈∈⊤∋≻⋈∈⊤∋≻⋈∈⊥∋≻⋈∈⊥∋⊙⊡⊣
⊢≻⋈∈⊤∋≻⋈∈⊤∋≻⋈∈⊥∋≻⋈∈⊥∋≻⋈∈⊥∋≻⋈∈⊤∋≻⋈∈⊤∋≻⋈∈⊤∋≻⋈∈⊥∋⊙⊡⊣
⊢≻⋈∈⊤∋≻⋈∈⊥∋≻⋈∈⊤∋≻⋈∈⊥∋≻⋈∈⊥∋≻⋈∈⊥∋≻⋈∈⊤∋≻⋈∈⊥∋≻⋈∈⊥∋≻⋈∈⊥∋⊙⊡⊣
⊢≻⋈∈⊥∋≻⋈∈⊥∋≻⋈∈⊥∋≻⋈∈⊤∋≻⋈∈⊤∋≻⋈∈⊤∋≻⋈∈⊥∋≻⋈∈⊤∋≻⋈∈⊤∋≻⋈∈⊤∋≻⋈∈⊥∋⊙⊡⊣
⊢≻⋈∈⊥∋≻⋈∈⊥∋≻⋈∈⊤∋≻⋈∈⊥∋≻⋈∈⊤∋≻⋈∈⊥∋≻⋈∈⊤∋≻⋈∈⊤∋≻⋈∈⊤∋≻⋈∈⊥∋⊙⊡⊣
⊢≻⋈∈⊥∋≻⋈∈⊤∋≻⋈∈⊥∋≻⋈∈⊤∋≻⋈∈⊤∋≻⋈∈⊤∋≻⋈∈⊥∋≻⋈∈⊤∋≻⋈∈⊥∋≻⋈∈⊥∋≻⋈∈⊤∋≻⋈∈⊥∋≻⋈∈⊤∋≻⋈∈⊤∋≻⋈∈⊤∋≻⋈∈⊤∋≻⋈∈⊤∋≻⋈∈⊤∋≻⋈∈⊥∋≻⋈∈⊤∋≻⋈∈⊥∋≻⋈∈⊥∋⊙⊡⊣
⊢≻⋈∈⊥∋≻⋈∈⊤∋≻⋈∈⊥∋≻⋈∈⊥∋≻⋈∈⊥∋≻⋈∈⊤∋≻⋈∈⊤∋≻⋈∈⊤∋≻⋈∈⊥∋⊙⊡⊣
⊢≻⋈∈⊥∋≻⋈∈⊤∋≻⋈∈⊤∋≻⋈∈⊥∋≻⋈∈⊤∋≻⋈∈⊤∋≻⋈∈⊥∋⊙⊡⊣
⊢≻⋈∈⊥∋≻⋈∈⊥∋≻⋈∈⊥∋≻⋈∈⊤∋≻⋈∈⊥∋≻⋈∈⊥∋≻⋈∈⊤∋≻⋈∈⊥∋≻⋈∈⊥∋≻⋈∈⊥∋≻⋈∈⊥∋⊙⊡⊣
⊢≻⋈∈⊥∋≻⋈∈⊤∋≻⋈∈⊥∋≻⋈∈⊥∋≻⋈∈⊤∋≻⋈∈⊥∋≻⋈∈⊤∋≻⋈∈⊤∋≻⋈∈⊤∋≻⋈∈⊥∋⊙⊡⊣
⊢≻⋈∈⊤∋≻⋈∈⊤∋≻⋈∈⊤∋≻⋈∈⊥∋≻⋈∈⊤∋≻⋈∈⊤∋≻⋈∈⊥∋≻⋈∈⊤∋≻⋈∈⊥∋≻⋈∈⊥∋≻⋈∈⊤∋≻⋈∈⊥∋≻⋈∈⊥∋≻⋈∈⊥∋≻⋈∈⊤∋≻⋈∈⊤∋≻⋈∈⊤∋≻⋈∈⊤∋≻⋈∈⊥∋≻⋈∈⊤∋≻⋈∈⊥∋≻⋈∈⊥∋⊙⊡⊣
⊢≻⋈∈⊤∋≻⋈∈⊥∋≻⋈∈⊥∋≻⋈∈⊥∋≻⋈∈⊥∋≻⋈∈⊤∋≻⋈∈⊤∋≻⋈∈⊤∋≻⋈∈⊥∋⊙⊡⊣
⊢≻⋈∈⊥∋≻⋈∈⊤∋≻⋈∈⊤∋≻⋈∈⊥∋≻⋈∈⊤∋≻⋈∈⊤∋≻⋈∈⊥∋⊙⊡⊣
⊢≻⋈∈⊤∋≻⋈∈⊤∋≻⋈∈⊤∋≻⋈∈⊥∋≻⋈∈⊥∋≻⋈∈⊥∋≻⋈∈⊤∋≻⋈∈⊥∋≻⋈∈⊥∋≻⋈∈⊥∋≻⋈∈⊥∋⊙⊡⊣
⊢≻⋈∈⊥∋≻⋈∈⊥∋≻⋈∈⊥∋≻⋈∈⊥∋≻⋈∈⊤∋≻⋈∈⊥∋≻⋈∈⊤∋≻⋈∈⊤∋≻⋈∈⊤∋≻⋈∈⊥∋⊙⊡⊣
⊢≻⋈∈⊥∋≻⋈∈⊥∋≻⋈∈⊤∋≻⋈∈⊥∋≻⋈∈⊤∋≻⋈∈⊤∋≻⋈∈⊥∋≻⋈∈⊤∋≻⋈∈⊥∋≻⋈∈⊥∋≻⋈∈⊤∋≻⋈∈⊥∋≻⋈∈⊤∋≻⋈∈⊥∋≻⋈∈⊥∋≻⋈∈⊤∋≻⋈∈⊤∋≻⋈∈⊤∋≻⋈∈⊥∋≻⋈∈⊤∋≻⋈∈⊥∋≻⋈∈⊥∋⊙⊡⊣
⊢≻⋈∈⊥∋≻⋈∈⊥∋≻⋈∈⊥∋≻⋈∈⊥∋≻⋈∈⊥∋≻⋈∈⊤∋≻⋈∈⊤∋≻⋈∈⊤∋≻⋈∈⊥∋⊙⊡⊣
⊢≻⋈∈⊥∋≻⋈∈⊤∋≻⋈∈⊤∋≻⋈∈⊥∋≻⋈∈⊥∋≻⋈∈⊥∋≻⋈∈⊤∋≻⋈∈⊥∋≻⋈∈⊥∋≻⋈∈⊥∋⊙⊡⊣
⊢≻⋈∈⊥∋≻⋈∈⊥∋≻⋈∈⊥∋≻⋈∈⊤∋≻⋈∈⊤∋≻⋈∈⊤∋≻⋈∈⊥∋≻⋈∈⊤∋≻⋈∈⊤∋≻⋈∈⊤∋≻⋈∈⊥∋⊙⊡⊣
⊢≻⋈∈⊥∋≻⋈∈⊤∋≻⋈∈⊤∋≻⋈∈⊤∋≻⋈∈⊥∋≻⋈∈⊥∋≻⋈∈⊤∋≻⋈∈⊤∋≻⋈∈⊤∋≻⋈∈⊥∋⊙⊡⊣
⊢≻⋈∈⊤∋≻⋈∈⊥∋≻⋈∈⊥∋≻⋈∈⊥∋≻⋈∈⊤∋≻⋈∈⊤∋≻⋈∈⊥∋≻⋈∈⊤∋≻⋈∈⊥∋≻⋈∈⊥∋≻⋈∈⊤∋≻⋈∈⊥∋≻⋈∈⊥∋≻⋈∈⊤∋≻⋈∈⊤∋≻⋈∈⊥∋≻⋈∈⊤∋≻⋈∈⊤∋≻⋈∈⊥∋≻⋈∈⊤∋≻⋈∈⊥∋≻⋈∈⊥∋⊙⊡⊣
⊢≻⋈∈⊤∋≻⋈∈⊤∋≻⋈∈⊤∋≻⋈∈⊤∋≻⋈∈⊤∋≻⋈∈⊥∋≻⋈∈⊤∋≻⋈∈⊤∋≻⋈∈⊥∋⊙⊡⊣
⊢≻⋈∈⊥∋≻⋈∈⊤∋≻⋈∈⊤∋≻⋈∈⊥∋≻⋈∈⊥∋≻⋈∈⊥∋≻⋈∈⊤∋≻⋈∈⊥∋≻⋈∈⊥∋≻⋈∈⊥∋⊙⊡⊣
⊢≻⋈∈⊤∋≻⋈∈⊤∋≻⋈∈⊤∋≻⋈∈⊥∋≻⋈∈⊤∋≻⋈∈⊤∋≻⋈∈⊥∋≻⋈∈⊤∋≻⋈∈⊤∋≻⋈∈⊤∋≻⋈∈⊥∋⊙⊡⊣
⊢≻⋈∈⊥∋≻⋈∈⊥∋≻⋈∈⊤∋≻⋈∈⊤∋≻⋈∈⊥∋≻⋈∈⊥∋≻⋈∈⊤∋≻⋈∈⊤∋≻⋈∈⊤∋≻⋈∈⊥∋⊙⊡⊣
⊢≻⋈∈⊥∋≻⋈∈⊤∋≻⋈∈⊤∋≻⋈∈⊤∋≻⋈∈⊥∋≻⋈∈⊤∋≻⋈∈⊥∋≻⋈∈⊤∋≻⋈∈⊥∋≻⋈∈⊥∋≻⋈∈⊤∋≻⋈∈⊥∋≻⋈∈⊤∋≻⋈∈⊤∋≻⋈∈⊥∋≻⋈∈⊥∋≻⋈∈⊤∋≻⋈∈⊤∋≻⋈∈⊥∋≻⋈∈⊤∋≻⋈∈⊥∋≻⋈∈⊥∋⊙⊡⊣
⊢≻⋈∈⊥∋≻⋈∈⊤∋≻⋈∈⊤∋≻⋈∈⊤∋≻⋈∈⊤∋≻⋈∈⊥∋≻⋈∈⊤∋≻⋈∈⊤∋≻⋈∈⊥∋⊙⊡⊣
⊢≻⋈∈⊤∋≻⋈∈⊥∋≻⋈∈⊤∋≻⋈∈⊥∋≻⋈∈⊤∋≻⋈∈⊤∋≻⋈∈⊥∋⊙⊡⊣
⊢≻⋈∈⊤∋≻⋈∈⊥∋≻⋈∈⊥∋≻⋈∈⊤∋≻⋈∈⊥∋≻⋈∈⊥∋≻⋈∈⊤∋≻⋈∈⊥∋≻⋈∈⊥∋≻⋈∈⊥∋≻⋈∈⊥∋⊙⊡⊣
⊢≻⋈∈⊥∋≻⋈∈⊤∋≻⋈∈⊥∋≻⋈∈⊤∋≻⋈∈⊥∋≻⋈∈⊥∋≻⋈∈⊤∋≻⋈∈⊤∋≻⋈∈⊤∋≻⋈∈⊥∋⊙⊡⊣
⊢≻⋈∈⊤∋≻⋈∈⊤∋≻⋈∈⊥∋≻⋈∈⊤∋≻⋈∈⊥∋≻⋈∈⊤∋≻⋈∈⊥∋≻⋈∈⊤∋≻⋈∈⊥∋≻⋈∈⊥∋≻⋈∈⊤∋≻⋈∈⊥∋≻⋈∈⊥∋≻⋈∈⊥∋≻⋈∈⊥∋≻⋈∈⊥∋≻⋈∈⊤∋≻⋈∈⊤∋≻⋈∈⊥∋≻⋈∈⊤∋≻⋈∈⊥∋≻⋈∈⊥∋⊙⊡⊣
⊢≻⋈∈⊤∋≻⋈∈⊥∋≻⋈∈⊤∋≻⋈∈⊤∋≻⋈∈⊤∋≻⋈∈⊥∋≻⋈∈⊤∋≻⋈∈⊤∋≻⋈∈⊥∋⊙⊡⊣
⊢≻⋈∈⊤∋≻⋈∈⊥∋≻⋈∈⊤∋≻⋈∈⊥∋≻⋈∈⊤∋≻⋈∈⊤∋≻⋈∈⊥∋⊙⊡⊣
⊢≻⋈∈⊥∋≻⋈∈⊥∋≻⋈∈⊥∋≻⋈∈⊤∋≻⋈∈⊥∋≻⋈∈⊥∋≻⋈∈⊤∋≻⋈∈⊥∋≻⋈∈⊥∋≻⋈∈⊥∋≻⋈∈⊥∋⊙⊡⊣
⊢≻⋈∈⊥∋≻⋈∈⊥∋≻⋈∈⊥∋≻⋈∈⊤∋≻⋈∈⊥∋≻⋈∈⊥∋≻⋈∈⊤∋≻⋈∈⊤∋≻⋈∈⊤∋≻⋈∈⊥∋⊙⊡⊣
⊢≻⋈∈⊥∋≻⋈∈⊥∋≻⋈∈⊥∋≻⋈∈⊤∋≻⋈∈⊥∋≻⋈∈⊤∋≻⋈∈⊥∋≻⋈∈⊤∋≻⋈∈⊥∋≻⋈∈⊥∋≻⋈∈⊤∋≻⋈∈⊥∋≻⋈∈⊤∋≻⋈∈⊥∋≻⋈∈⊤∋≻⋈∈⊤∋≻⋈∈⊥∋≻⋈∈⊤∋≻⋈∈⊥∋≻⋈∈⊤∋≻⋈∈⊥∋≻⋈∈⊥∋⊙⊡⊣
⊢≻⋈∈⊥∋≻⋈∈⊥∋≻⋈∈⊤∋≻⋈∈⊤∋≻⋈∈⊤∋≻⋈∈⊥∋≻⋈∈⊤∋≻⋈∈⊤∋≻⋈∈⊥∋⊙⊡⊣
⊢≻⋈∈⊤∋≻⋈∈⊤∋≻⋈∈⊤∋≻⋈∈⊥∋≻⋈∈⊥∋≻⋈∈⊥∋≻⋈∈⊤∋≻⋈∈⊥∋≻⋈∈⊥∋≻⋈∈⊥∋⊙⊡⊣
⊢≻⋈∈⊤∋≻⋈∈⊤∋≻⋈∈⊤∋≻⋈∈⊥∋≻⋈∈⊤∋≻⋈∈⊤∋≻⋈∈⊥∋≻⋈∈⊤∋≻⋈∈⊤∋≻⋈∈⊤∋≻⋈∈⊥∋⊙⊡⊣
⊢≻⋈∈⊥∋≻⋈∈⊤∋≻⋈∈⊤∋≻⋈∈⊥∋≻⋈∈⊥∋≻⋈∈⊥∋≻⋈∈⊤∋≻⋈∈⊤∋≻⋈∈⊤∋≻⋈∈⊥∋⊙⊡⊣
⊢≻⋈∈⊤∋≻⋈∈⊥∋≻⋈∈⊤∋≻⋈∈⊥∋≻⋈∈⊥∋≻⋈∈⊤∋≻⋈∈⊥∋≻⋈∈⊤∋≻⋈∈⊥∋≻⋈∈⊥∋≻⋈∈⊤∋≻⋈∈⊥∋≻⋈∈⊥∋≻⋈∈⊤∋≻⋈∈⊥∋≻⋈∈⊤∋≻⋈∈⊥∋≻⋈∈⊤∋≻⋈∈⊥∋≻⋈∈⊤∋≻⋈∈⊥∋≻⋈∈⊥∋⊙⊡⊣
⊢≻⋈∈⊤∋≻⋈∈⊤∋≻⋈∈⊥∋≻⋈∈⊤∋≻⋈∈⊤∋≻⋈∈⊥∋≻⋈∈⊤∋≻⋈∈⊤∋≻⋈∈⊥∋⊙⊡⊣
⊢≻⋈∈⊤∋≻⋈∈⊤∋≻⋈∈⊤∋≻⋈∈⊥∋≻⋈∈⊥∋≻⋈∈⊥∋≻⋈∈⊤∋≻⋈∈⊥∋≻⋈∈⊥∋≻⋈∈⊥∋⊙⊡⊣
⊢≻⋈∈⊥∋≻⋈∈⊤∋≻⋈∈⊤∋≻⋈∈⊥∋≻⋈∈⊤∋≻⋈∈⊤∋≻⋈∈⊥∋≻⋈∈⊤∋≻⋈∈⊤∋≻⋈∈⊤∋≻⋈∈⊥∋⊙⊡⊣
⊢≻⋈∈⊥∋≻⋈∈⊥∋≻⋈∈⊤∋≻⋈∈⊥∋≻⋈∈⊥∋≻⋈∈⊥∋≻⋈∈⊤∋≻⋈∈⊤∋≻⋈∈⊤∋≻⋈∈⊥∋⊙⊡⊣
⊢≻⋈∈⊥∋≻⋈∈⊤∋≻⋈∈⊥∋≻⋈∈⊥∋≻⋈∈⊥∋≻⋈∈⊤∋≻⋈∈⊥∋≻⋈∈⊤∋≻⋈∈⊥∋≻⋈∈⊥∋≻⋈∈⊤∋≻⋈∈⊥∋≻⋈∈⊤∋≻⋈∈⊤∋≻⋈∈⊤∋≻⋈∈⊥∋≻⋈∈⊥∋≻⋈∈⊤∋≻⋈∈⊥∋≻⋈∈⊤∋≻⋈∈⊥∋≻⋈∈⊥∋⊙⊡⊣
⊢≻⋈∈⊥∋≻⋈∈⊤∋≻⋈∈⊥∋≻⋈∈⊤∋≻⋈∈⊤∋≻⋈∈⊥∋≻⋈∈⊤∋≻⋈∈⊤∋≻⋈∈⊥∋⊙⊡⊣
⊢≻⋈∈⊥∋≻⋈∈⊥∋≻⋈∈⊤∋≻⋈∈⊥∋≻⋈∈⊤∋≻⋈∈⊤∋≻⋈∈⊥∋⊙⊡⊣
⊢≻⋈∈⊥∋≻⋈∈⊤∋≻⋈∈⊥∋≻⋈∈⊤∋≻⋈∈⊥∋≻⋈∈⊥∋≻⋈∈⊤∋≻⋈∈⊥∋≻⋈∈⊥∋≻⋈∈⊥∋≻⋈∈⊥∋⊙⊡⊣
⊢≻⋈∈⊥∋≻⋈∈⊤∋≻⋈∈⊥∋≻⋈∈⊥∋≻⋈∈⊥∋≻⋈∈⊥∋≻⋈∈⊤∋≻⋈∈⊤∋≻⋈∈⊤∋≻⋈∈⊥∋⊙⊡⊣
⊢≻⋈∈⊤∋≻⋈∈⊤∋≻⋈∈⊤∋≻⋈∈⊤∋≻⋈∈⊤∋≻⋈∈⊥∋≻⋈∈⊥∋≻⋈∈⊤∋≻⋈∈⊥∋≻⋈∈⊥∋≻⋈∈⊤∋≻⋈∈⊥∋≻⋈∈⊥∋≻⋈∈⊥∋≻⋈∈⊤∋≻⋈∈⊥∋≻⋈∈⊥∋≻⋈∈⊤∋≻⋈∈⊥∋≻⋈∈⊤∋≻⋈∈⊥∋≻⋈∈⊥∋⊙⊡⊣
⊢≻⋈∈⊤∋≻⋈∈⊥∋≻⋈∈⊥∋≻⋈∈⊤∋≻⋈∈⊤∋≻⋈∈⊥∋≻⋈∈⊤∋≻⋈∈⊤∋≻⋈∈⊥∋⊙⊡⊣
⊢≻⋈∈⊥∋≻⋈∈⊥∋≻⋈∈⊤∋≻⋈∈⊥∋≻⋈∈⊤∋≻⋈∈⊤∋≻⋈∈⊥∋⊙⊡⊣
⊢≻⋈∈⊤∋≻⋈∈⊥∋≻⋈∈⊥∋≻⋈∈⊤∋≻⋈∈⊥∋≻⋈∈⊥∋≻⋈∈⊤∋≻⋈∈⊥∋≻⋈∈⊥∋≻⋈∈⊥∋≻⋈∈⊥∋⊙⊡⊣
⊢≻⋈∈⊥∋≻⋈∈⊥∋≻⋈∈⊥∋≻⋈∈⊥∋≻⋈∈⊥∋≻⋈∈⊥∋≻⋈∈⊤∋≻⋈∈⊤∋≻⋈∈⊤∋≻⋈∈⊥∋⊙⊡⊣
⊢≻⋈∈⊥∋≻⋈∈⊥∋≻⋈∈⊤∋≻⋈∈⊤∋≻⋈∈⊤∋≻⋈∈⊥∋≻⋈∈⊥∋≻⋈∈⊤∋≻⋈∈⊥∋≻⋈∈⊥∋≻⋈∈⊤∋≻⋈∈⊥∋≻⋈∈⊤∋≻⋈∈⊥∋≻⋈∈⊥∋≻⋈∈⊥∋≻⋈∈⊥∋≻⋈∈⊤∋≻⋈∈⊥∋≻⋈∈⊤∋≻⋈∈⊥∋≻⋈∈⊥∋⊙⊡⊣
⊢≻⋈∈⊥∋≻⋈∈⊥∋≻⋈∈⊥∋≻⋈∈⊤∋≻⋈∈⊤∋≻⋈∈⊥∋≻⋈∈⊤∋≻⋈∈⊤∋≻⋈∈⊥∋⊙⊡⊣
⊢≻⋈∈⊥∋≻⋈∈⊥∋≻⋈∈⊥∋≻⋈∈⊤∋≻⋈∈⊥∋≻⋈∈⊥∋≻⋈∈⊤∋≻⋈∈⊥∋≻⋈∈⊥∋≻⋈∈⊥∋⊙⊡⊣
⊢≻⋈∈⊥∋≻⋈∈⊤∋≻⋈∈⊤∋≻⋈∈⊥∋≻⋈∈⊤∋≻⋈∈⊤∋≻⋈∈⊥∋≻⋈∈⊤∋≻⋈∈⊤∋≻⋈∈⊤∋≻⋈∈⊥∋⊙⊡⊣
⊢≻⋈∈⊥∋≻⋈∈⊤∋≻⋈∈⊤∋≻⋈∈⊤∋≻⋈∈⊤∋≻⋈∈⊤∋≻⋈∈⊥∋≻⋈∈⊤∋≻⋈∈⊤∋≻⋈∈⊥∋⊙⊡⊣
⊢≻⋈∈⊤∋≻⋈∈⊥∋≻⋈∈⊥∋≻⋈∈⊤∋≻⋈∈⊤∋≻⋈∈⊥∋≻⋈∈⊥∋≻⋈∈⊤∋≻⋈∈⊥∋≻⋈∈⊥∋≻⋈∈⊤∋≻⋈∈⊥∋≻⋈∈⊥∋≻⋈∈⊤∋≻⋈∈⊤∋≻⋈∈⊤∋≻⋈∈⊤∋≻⋈∈⊥∋≻⋈∈⊥∋≻⋈∈⊤∋≻⋈∈⊥∋≻⋈∈⊥∋⊙⊡⊣
⊢≻⋈∈⊤∋≻⋈∈⊤∋≻⋈∈⊤∋≻⋈∈⊥∋≻⋈∈⊤∋≻⋈∈⊥∋≻⋈∈⊤∋≻⋈∈⊤∋≻⋈∈⊥∋⊙⊡⊣
⊢≻⋈∈⊥∋≻⋈∈⊥∋≻⋈∈⊥∋≻⋈∈⊤∋≻⋈∈⊥∋≻⋈∈⊥∋≻⋈∈⊤∋≻⋈∈⊥∋≻⋈∈⊥∋≻⋈∈⊥∋⊙⊡⊣
⊢≻⋈∈⊤∋≻⋈∈⊥∋≻⋈∈⊤∋≻⋈∈⊥∋≻⋈∈⊤∋≻⋈∈⊤∋≻⋈∈⊥∋≻⋈∈⊤∋≻⋈∈⊤∋≻⋈∈⊤∋≻⋈∈⊥∋⊙⊡⊣
⊢≻⋈∈⊥∋≻⋈∈⊥∋≻⋈∈⊤∋≻⋈∈⊤∋≻⋈∈⊤∋≻⋈∈⊤∋≻⋈∈⊥∋≻⋈∈⊤∋≻⋈∈⊤∋≻⋈∈⊥∋⊙⊡⊣
⊢≻⋈∈⊥∋≻⋈∈⊤∋≻⋈∈⊤∋≻⋈∈⊥∋≻⋈∈⊤∋≻⋈∈⊥∋≻⋈∈⊥∋≻⋈∈⊤∋≻⋈∈⊥∋≻⋈∈⊥∋≻⋈∈⊤∋≻⋈∈⊥∋≻⋈∈⊤∋≻⋈∈⊤∋≻⋈∈⊥∋≻⋈∈⊤∋≻⋈∈⊤∋≻⋈∈⊥∋≻⋈∈⊥∋≻⋈∈⊤∋≻⋈∈⊥∋≻⋈∈⊥∋⊙⊡⊣
⊢≻⋈∈⊥∋≻⋈∈⊤∋≻⋈∈⊤∋≻⋈∈⊥∋≻⋈∈⊤∋≻⋈∈⊥∋≻⋈∈⊤∋≻⋈∈⊤∋≻⋈∈⊥∋⊙⊡⊣
⊢≻⋈∈⊤∋≻⋈∈⊤∋≻⋈∈⊥∋≻⋈∈⊥∋≻⋈∈⊤∋≻⋈∈⊤∋≻⋈∈⊥∋⊙⊡⊣
⊢≻⋈∈⊤∋≻⋈∈⊤∋≻⋈∈⊥∋≻⋈∈⊤∋≻⋈∈⊥∋≻⋈∈⊥∋≻⋈∈⊤∋≻⋈∈⊥∋≻⋈∈⊥∋≻⋈∈⊥∋≻⋈∈⊥∋⊙⊡⊣
⊢≻⋈∈⊥∋≻⋈∈⊤∋≻⋈∈⊥∋≻⋈∈⊤∋≻⋈∈⊤∋≻⋈∈⊤∋≻⋈∈⊥∋≻⋈∈⊤∋≻⋈∈⊤∋≻⋈∈⊥∋⊙⊡⊣
⊢≻⋈∈⊤∋≻⋈∈⊤∋≻⋈∈⊥∋≻⋈∈⊥∋≻⋈∈⊤∋≻⋈∈⊥∋≻⋈∈⊥∋≻⋈∈⊤∋≻⋈∈⊥∋≻⋈∈⊥∋≻⋈∈⊤∋≻⋈∈⊥∋≻⋈∈⊥∋≻⋈∈⊥∋≻⋈∈⊥∋≻⋈∈⊤∋≻⋈∈⊤∋≻⋈∈⊥∋≻⋈∈⊥∋≻⋈∈⊤∋≻⋈∈⊥∋≻⋈∈⊥∋⊙⊡⊣
⊢≻⋈∈⊤∋≻⋈∈⊥∋≻⋈∈⊤∋≻⋈∈⊥∋≻⋈∈⊤∋≻⋈∈⊥∋≻⋈∈⊤∋≻⋈∈⊤∋≻⋈∈⊥∋⊙⊡⊣
⊢≻⋈∈⊤∋≻⋈∈⊤∋≻⋈∈⊥∋≻⋈∈⊥∋≻⋈∈⊤∋≻⋈∈⊤∋≻⋈∈⊥∋⊙⊡⊣
⊢≻⋈∈⊥∋≻⋈∈⊤∋≻⋈∈⊥∋≻⋈∈⊤∋≻⋈∈⊥∋≻⋈∈⊥∋≻⋈∈⊤∋≻⋈∈⊥∋≻⋈∈⊥∋≻⋈∈⊥∋≻⋈∈⊥∋⊙⊡⊣
⊢≻⋈∈⊥∋≻⋈∈⊥∋≻⋈∈⊥∋≻⋈∈⊤∋≻⋈∈⊤∋≻⋈∈⊤∋≻⋈∈⊥∋≻⋈∈⊤∋≻⋈∈⊤∋≻⋈∈⊥∋⊙⊡⊣
⊢≻⋈∈⊥∋≻⋈∈⊥∋≻⋈∈⊥∋≻⋈∈⊥∋≻⋈∈⊤∋≻⋈∈⊥∋≻⋈∈⊥∋≻⋈∈⊤∋≻⋈∈⊥∋≻⋈∈⊥∋≻⋈∈⊤∋≻⋈∈⊥∋≻⋈∈⊤∋≻⋈∈⊥∋≻⋈∈⊤∋≻⋈∈⊥∋≻⋈∈⊤∋≻⋈∈⊥∋≻⋈∈⊥∋≻⋈∈⊤∋≻⋈∈⊥∋≻⋈∈⊥∋⊙⊡⊣
⊢≻⋈∈⊥∋≻⋈∈⊥∋≻⋈∈⊤∋≻⋈∈⊥∋≻⋈∈⊤∋≻⋈∈⊥∋≻⋈∈⊤∋≻⋈∈⊤∋≻⋈∈⊥∋⊙⊡⊣
⊢≻⋈∈⊤∋≻⋈∈⊥∋≻⋈∈⊥∋≻⋈∈⊤∋≻⋈∈⊥∋≻⋈∈⊥∋≻⋈∈⊤∋≻⋈∈⊥∋≻⋈∈⊥∋≻⋈∈⊥∋⊙⊡⊣
⊢≻⋈∈⊤∋≻⋈∈⊥∋≻⋈∈⊤∋≻⋈∈⊥∋≻⋈∈⊤∋≻⋈∈⊤∋≻⋈∈⊥∋≻⋈∈⊤∋≻⋈∈⊤∋≻⋈∈⊤∋≻⋈∈⊥∋⊙⊡⊣
⊢≻⋈∈⊥∋≻⋈∈⊤∋≻⋈∈⊤∋≻⋈∈⊥∋≻⋈∈⊤∋≻⋈∈⊤∋≻⋈∈⊥∋≻⋈∈⊤∋≻⋈∈⊤∋≻⋈∈⊥∋⊙⊡⊣
⊢≻⋈∈⊤∋≻⋈∈⊥∋≻⋈∈⊤∋≻⋈∈⊤∋≻⋈∈⊥∋≻⋈∈⊥∋≻⋈∈⊥∋≻⋈∈⊤∋≻⋈∈⊥∋≻⋈∈⊥∋≻⋈∈⊤∋≻⋈∈⊥∋≻⋈∈⊥∋≻⋈∈⊤∋≻⋈∈⊥∋≻⋈∈⊥∋≻⋈∈⊤∋≻⋈∈⊥∋≻⋈∈⊥∋≻⋈∈⊤∋≻⋈∈⊥∋≻⋈∈⊥∋⊙⊡⊣
⊢≻⋈∈⊤∋≻⋈∈⊤∋≻⋈∈⊥∋≻⋈∈⊥∋≻⋈∈⊤∋≻⋈∈⊥∋≻⋈∈⊤∋≻⋈∈⊤∋≻⋈∈⊥∋⊙⊡⊣
⊢≻⋈∈⊤∋≻⋈∈⊥∋≻⋈∈⊥∋≻⋈∈⊤∋≻⋈∈⊥∋≻⋈∈⊥∋≻⋈∈⊤∋≻⋈∈⊥∋≻⋈∈⊥∋≻⋈∈⊥∋⊙⊡⊣
⊢≻⋈∈⊥∋≻⋈∈⊥∋≻⋈∈⊤∋≻⋈∈⊥∋≻⋈∈⊤∋≻⋈∈⊤∋≻⋈∈⊥∋≻⋈∈⊤∋≻⋈∈⊤∋≻⋈∈⊤∋≻⋈∈⊥∋⊙⊡⊣
⊢≻⋈∈⊥∋≻⋈∈⊥∋≻⋈∈⊤∋≻⋈∈⊥∋≻⋈∈⊤∋≻⋈∈⊤∋≻⋈∈⊥∋≻⋈∈⊤∋≻⋈∈⊤∋≻⋈∈⊥∋⊙⊡⊣
⊢≻⋈∈⊥∋≻⋈∈⊤∋≻⋈∈⊥∋≻⋈∈⊤∋≻⋈∈⊥∋≻⋈∈⊥∋≻⋈∈⊥∋≻⋈∈⊤∋≻⋈∈⊥∋≻⋈∈⊥∋≻⋈∈⊤∋≻⋈∈⊥∋≻⋈∈⊤∋≻⋈∈⊤∋≻⋈∈⊤∋≻⋈∈⊤∋≻⋈∈⊥∋≻⋈∈⊥∋≻⋈∈⊥∋≻⋈∈⊤∋≻⋈∈⊥∋≻⋈∈⊥∋⊙⊡⊣
⊢≻⋈∈⊥∋≻⋈∈⊤∋≻⋈∈⊥∋≻⋈∈⊥∋≻⋈∈⊤∋≻⋈∈⊥∋≻⋈∈⊤∋≻⋈∈⊤∋≻⋈∈⊥∋⊙⊡⊣
⊢≻⋈∈⊥∋≻⋈∈⊤∋≻⋈∈⊥∋≻⋈∈⊥∋≻⋈∈⊤∋≻⋈∈⊤∋≻⋈∈⊥∋⊙⊡⊣
⊢≻⋈∈⊥∋≻⋈∈⊥∋≻⋈∈⊤∋≻⋈∈⊤∋≻⋈∈⊥∋≻⋈∈⊥∋≻⋈∈⊤∋≻⋈∈⊥∋≻⋈∈⊥∋≻⋈∈⊥∋≻⋈∈⊥∋⊙⊡⊣
⊢≻⋈∈⊥∋≻⋈∈⊤∋≻⋈∈⊥∋≻⋈∈⊥∋≻⋈∈⊤∋≻⋈∈⊤∋≻⋈∈⊥∋≻⋈∈⊤∋≻⋈∈⊤∋≻⋈∈⊥∋⊙⊡⊣
⊢≻⋈∈⊤∋≻⋈∈⊤∋≻⋈∈⊤∋≻⋈∈⊥∋≻⋈∈⊥∋≻⋈∈⊥∋≻⋈∈⊥∋≻⋈∈⊤∋≻⋈∈⊥∋≻⋈∈⊥∋≻⋈∈⊤∋≻⋈∈⊥∋≻⋈∈⊥∋≻⋈∈⊥∋≻⋈∈⊤∋≻⋈∈⊤∋≻⋈∈⊥∋≻⋈∈⊥∋≻⋈∈⊥∋≻⋈∈⊤∋≻⋈∈⊥∋≻⋈∈⊥∋⊙⊡⊣
⊢≻⋈∈⊤∋≻⋈∈⊥∋≻⋈∈⊥∋≻⋈∈⊥∋≻⋈∈⊤∋≻⋈∈⊥∋≻⋈∈⊤∋≻⋈∈⊤∋≻⋈∈⊥∋⊙⊡⊣
⊢≻⋈∈⊥∋≻⋈∈⊤∋≻⋈∈⊥∋≻⋈∈⊥∋≻⋈∈⊤∋≻⋈∈⊤∋≻⋈∈⊥∋⊙⊡⊣
⊢≻⋈∈⊤∋≻⋈∈⊤∋≻⋈∈⊥∋≻⋈∈⊤∋≻⋈∈⊥∋≻⋈∈⊥∋≻⋈∈⊤∋≻⋈∈⊥∋≻⋈∈⊥∋≻⋈∈⊥∋≻⋈∈⊥∋⊙⊡⊣
⊢≻⋈∈⊥∋≻⋈∈⊥∋≻⋈∈⊥∋≻⋈∈⊥∋≻⋈∈⊤∋≻⋈∈⊤∋≻⋈∈⊥∋≻⋈∈⊤∋≻⋈∈⊤∋≻⋈∈⊥∋⊙⊡⊣
⊢≻⋈∈⊥∋≻⋈∈⊥∋≻⋈∈⊤∋≻⋈∈⊥∋≻⋈∈⊥∋≻⋈∈⊥∋≻⋈∈⊥∋≻⋈∈⊤∋≻⋈∈⊥∋≻⋈∈⊥∋≻⋈∈⊤∋≻⋈∈⊥∋≻⋈∈⊤∋≻⋈∈⊥∋≻⋈∈⊥∋≻⋈∈⊤∋≻⋈∈⊥∋≻⋈∈⊥∋≻⋈∈⊥∋≻⋈∈⊤∋≻⋈∈⊥∋≻⋈∈⊥∋⊙⊡⊣
⊢≻⋈∈⊥∋≻⋈∈⊥∋≻⋈∈⊥∋≻⋈∈⊥∋≻⋈∈⊤∋≻⋈∈⊥∋≻⋈∈⊤∋≻⋈∈⊤∋≻⋈∈⊥∋⊙⊡⊣
⊢≻⋈∈⊥∋≻⋈∈⊤∋≻⋈∈⊥∋≻⋈∈⊤∋≻⋈∈⊥∋≻⋈∈⊥∋≻⋈∈⊤∋≻⋈∈⊥∋≻⋈∈⊥∋≻⋈∈⊥∋⊙⊡⊣
⊢≻⋈∈⊥∋≻⋈∈⊥∋≻⋈∈⊤∋≻⋈∈⊥∋≻⋈∈⊤∋≻⋈∈⊤∋≻⋈∈⊥∋≻⋈∈⊤∋≻⋈∈⊤∋≻⋈∈⊤∋≻⋈∈⊥∋⊙⊡⊣
⊢≻⋈∈⊥∋≻⋈∈⊤∋≻⋈∈⊤∋≻⋈∈⊤∋≻⋈∈⊥∋≻⋈∈⊤∋≻⋈∈⊥∋≻⋈∈⊤∋≻⋈∈⊤∋≻⋈∈⊥∋⊙⊡⊣
⊢≻⋈∈⊤∋≻⋈∈⊥∋≻⋈∈⊥∋≻⋈∈⊥∋≻⋈∈⊥∋≻⋈∈⊥∋≻⋈∈⊥∋≻⋈∈⊤∋≻⋈∈⊥∋≻⋈∈⊥∋≻⋈∈⊤∋≻⋈∈⊥∋≻⋈∈⊥∋≻⋈∈⊤∋≻⋈∈⊤∋≻⋈∈⊥∋≻⋈∈⊥∋≻⋈∈⊥∋≻⋈∈⊥∋≻⋈∈⊤∋≻⋈∈⊥∋≻⋈∈⊥∋⊙⊡⊣
⊢≻⋈∈⊤∋≻⋈∈⊤∋≻⋈∈⊤∋≻⋈∈⊤∋≻⋈∈⊥∋≻⋈∈⊥∋≻⋈∈⊤∋≻⋈∈⊤∋≻⋈∈⊥∋⊙⊡⊣
⊢≻⋈∈⊥∋≻⋈∈⊤∋≻⋈∈⊥∋≻⋈∈⊤∋≻⋈∈⊥∋≻⋈∈⊥∋≻⋈∈⊤∋≻⋈∈⊥∋≻⋈∈⊥∋≻⋈∈⊥∋⊙⊡⊣
⊢≻⋈∈⊤∋≻⋈∈⊤∋≻⋈∈⊥∋≻⋈∈⊥∋≻⋈∈⊤∋≻⋈∈⊤∋≻⋈∈⊥∋≻⋈∈⊤∋≻⋈∈⊤∋≻⋈∈⊤∋≻⋈∈⊥∋⊙⊡⊣
⊢≻⋈∈⊥∋≻⋈∈⊥∋≻⋈∈⊤∋≻⋈∈⊤∋≻⋈∈⊥∋≻⋈∈⊤∋≻⋈∈⊥∋≻⋈∈⊤∋≻⋈∈⊤∋≻⋈∈⊥∋⊙⊡⊣
⊢≻⋈∈⊥∋≻⋈∈⊤∋≻⋈∈⊤∋≻⋈∈⊤∋≻⋈∈⊤∋≻⋈∈⊤∋≻⋈∈⊤∋≻⋈∈⊥∋≻⋈∈⊥∋≻⋈∈⊥∋≻⋈∈⊤∋≻⋈∈⊥∋≻⋈∈⊤∋≻⋈∈⊤∋≻⋈∈⊥∋≻⋈∈⊥∋≻⋈∈⊥∋≻⋈∈⊥∋≻⋈∈⊥∋≻⋈∈⊤∋≻⋈∈⊥∋≻⋈∈⊥∋⊙⊡⊣
⊢≻⋈∈⊥∋≻⋈∈⊤∋≻⋈∈⊤∋≻⋈∈⊤∋≻⋈∈⊥∋≻⋈∈⊥∋≻⋈∈⊤∋≻⋈∈⊤∋≻⋈∈⊥∋⊙⊡⊣
⊢≻⋈∈⊤∋≻⋈∈⊥∋≻⋈∈⊥∋≻⋈∈⊥∋≻⋈∈⊤∋≻⋈∈⊤∋≻⋈∈⊥∋⊙⊡⊣
⊢≻⋈∈⊤∋≻⋈∈⊥∋≻⋈∈⊤∋≻⋈∈⊤∋≻⋈∈⊥∋≻⋈∈⊥∋≻⋈∈⊤∋≻⋈∈⊥∋≻⋈∈⊥∋≻⋈∈⊥∋≻⋈∈⊥∋⊙⊡⊣
⊢≻⋈∈⊥∋≻⋈∈⊤∋≻⋈∈⊥∋≻⋈∈⊤∋≻⋈∈⊥∋≻⋈∈⊤∋≻⋈∈⊥∋≻⋈∈⊤∋≻⋈∈⊤∋≻⋈∈⊥∋⊙⊡⊣
⊢≻⋈∈⊤∋≻⋈∈⊤∋≻⋈∈⊥∋≻⋈∈⊤∋≻⋈∈⊤∋≻⋈∈⊤∋≻⋈∈⊤∋≻⋈∈⊥∋≻⋈∈⊥∋≻⋈∈⊥∋≻⋈∈⊤∋≻⋈∈⊥∋≻⋈∈⊥∋≻⋈∈⊥∋≻⋈∈⊥∋≻⋈∈⊥∋≻⋈∈⊥∋≻⋈∈⊥∋≻⋈∈⊥∋≻⋈∈⊤∋≻⋈∈⊥∋≻⋈∈⊥∋⊙⊡⊣
⊢≻⋈∈⊤∋≻⋈∈⊥∋≻⋈∈⊤∋≻⋈∈⊤∋≻⋈∈⊥∋≻⋈∈⊥∋≻⋈∈⊤∋≻⋈∈⊤∋≻⋈∈⊥∋⊙⊡⊣
⊢≻⋈∈⊤∋≻⋈∈⊥∋≻⋈∈⊥∋≻⋈∈⊥∋≻⋈∈⊤∋≻⋈∈⊤∋≻⋈∈⊥∋⊙⊡⊣
⊢≻⋈∈⊥∋≻⋈∈⊥∋≻⋈∈⊤∋≻⋈∈⊤∋≻⋈∈⊥∋≻⋈∈⊥∋≻⋈∈⊤∋≻⋈∈⊥∋≻⋈∈⊥∋≻⋈∈⊥∋≻⋈∈⊥∋⊙⊡⊣
⊢≻⋈∈⊥∋≻⋈∈⊥∋≻⋈∈⊥∋≻⋈∈⊤∋≻⋈∈⊥∋≻⋈∈⊤∋≻⋈∈⊥∋≻⋈∈⊤∋≻⋈∈⊤∋≻⋈∈⊥∋⊙⊡⊣
⊢≻⋈∈⊥∋≻⋈∈⊥∋≻⋈∈⊥∋≻⋈∈⊤∋≻⋈∈⊤∋≻⋈∈⊤∋≻⋈∈⊤∋≻⋈∈⊥∋≻⋈∈⊥∋≻⋈∈⊥∋≻⋈∈⊤∋≻⋈∈⊥∋≻⋈∈⊤∋≻⋈∈⊥∋≻⋈∈⊤∋≻⋈∈⊤∋≻⋈∈⊤∋≻⋈∈⊤∋≻⋈∈⊤∋≻⋈∈⊥∋≻⋈∈⊥∋≻⋈∈⊥∋⊙⊡⊣
⊢≻⋈∈⊥∋≻⋈∈⊥∋≻⋈∈⊤∋≻⋈∈⊤∋≻⋈∈⊥∋≻⋈∈⊥∋≻⋈∈⊤∋≻⋈∈⊤∋≻⋈∈⊥∋⊙⊡⊣
⊢≻⋈∈⊤∋≻⋈∈⊤∋≻⋈∈⊥∋≻⋈∈⊤∋≻⋈∈⊥∋≻⋈∈⊥∋≻⋈∈⊤∋≻⋈∈⊥∋≻⋈∈⊥∋≻⋈∈⊥∋⊙⊡⊣
⊢≻⋈∈⊤∋≻⋈∈⊤∋≻⋈∈⊥∋≻⋈∈⊥∋≻⋈∈⊤∋≻⋈∈⊤∋≻⋈∈⊥∋≻⋈∈⊤∋≻⋈∈⊤∋≻⋈∈⊤∋≻⋈∈⊥∋⊙⊡⊣
⊢≻⋈∈⊥∋≻⋈∈⊤∋≻⋈∈⊤∋≻⋈∈⊥∋≻⋈∈⊥∋≻⋈∈⊤∋≻⋈∈⊥∋≻⋈∈⊤∋≻⋈∈⊤∋≻⋈∈⊥∋⊙⊡⊣
⊢≻⋈∈⊤∋≻⋈∈⊥∋≻⋈∈⊤∋≻⋈∈⊥∋≻⋈∈⊤∋≻⋈∈⊤∋≻⋈∈⊤∋≻⋈∈⊥∋≻⋈∈⊥∋≻⋈∈⊥∋≻⋈∈⊤∋≻⋈∈⊥∋≻⋈∈⊥∋≻⋈∈⊤∋≻⋈∈⊥∋≻⋈∈⊤∋≻⋈∈⊤∋≻⋈∈⊤∋≻⋈∈⊤∋≻⋈∈⊥∋≻⋈∈⊥∋≻⋈∈⊥∋⊙⊡⊣
⊢≻⋈∈⊤∋≻⋈∈⊤∋≻⋈∈⊥∋≻⋈∈⊤∋≻⋈∈⊥∋≻⋈∈⊥∋≻⋈∈⊤∋≻⋈∈⊤∋≻⋈∈⊥∋⊙⊡⊣
⊢≻⋈∈⊤∋≻⋈∈⊤∋≻⋈∈⊥∋≻⋈∈⊤∋≻⋈∈⊥∋≻⋈∈⊥∋≻⋈∈⊤∋≻⋈∈⊥∋≻⋈∈⊥∋≻⋈∈⊥∋⊙⊡⊣
⊢≻⋈∈⊥∋≻⋈∈⊤∋≻⋈∈⊥∋≻⋈∈⊥∋≻⋈∈⊤∋≻⋈∈⊤∋≻⋈∈⊥∋≻⋈∈⊤∋≻⋈∈⊤∋≻⋈∈⊤∋≻⋈∈⊥∋⊙⊡⊣
⊢≻⋈∈⊥∋≻⋈∈⊥∋≻⋈∈⊤∋≻⋈∈⊥∋≻⋈∈⊥∋≻⋈∈⊤∋≻⋈∈⊥∋≻⋈∈⊤∋≻⋈∈⊤∋≻⋈∈⊥∋⊙⊡⊣
⊢≻⋈∈⊥∋≻⋈∈⊤∋≻⋈∈⊥∋≻⋈∈⊥∋≻⋈∈⊤∋≻⋈∈⊤∋≻⋈∈⊤∋≻⋈∈⊥∋≻⋈∈⊥∋≻⋈∈⊥∋≻⋈∈⊤∋≻⋈∈⊥∋≻⋈∈⊤∋≻⋈∈⊤∋≻⋈∈⊤∋≻⋈∈⊥∋≻⋈∈⊤∋≻⋈∈⊤∋≻⋈∈⊤∋≻⋈∈⊥∋≻⋈∈⊥∋≻⋈∈⊥∋⊙⊡⊣
⊢≻⋈∈⊥∋≻⋈∈⊤∋≻⋈∈⊥∋≻⋈∈⊤∋≻⋈∈⊥∋≻⋈∈⊥∋≻⋈∈⊤∋≻⋈∈⊤∋≻⋈∈⊥∋⊙⊡⊣
⊢≻⋈∈⊥∋≻⋈∈⊥∋≻⋈∈⊥∋≻⋈∈⊥∋≻⋈∈⊤∋≻⋈∈⊤∋≻⋈∈⊥∋⊙⊡⊣
⊢≻⋈∈⊥∋≻⋈∈⊤∋≻⋈∈⊤∋≻⋈∈⊤∋≻⋈∈⊥∋≻⋈∈⊥∋≻⋈∈⊤∋≻⋈∈⊥∋≻⋈∈⊥∋≻⋈∈⊥∋≻⋈∈⊥∋⊙⊡⊣
⊢≻⋈∈⊥∋≻⋈∈⊤∋≻⋈∈⊥∋≻⋈∈⊥∋≻⋈∈⊥∋≻⋈∈⊤∋≻⋈∈⊥∋≻⋈∈⊤∋≻⋈∈⊤∋≻⋈∈⊥∋⊙⊡⊣
⊢≻⋈∈⊤∋≻⋈∈⊤∋≻⋈∈⊤∋≻⋈∈⊤∋≻⋈∈⊥∋≻⋈∈⊤∋≻⋈∈⊤∋≻⋈∈⊥∋≻⋈∈⊥∋≻⋈∈⊥∋≻⋈∈⊤∋≻⋈∈⊥∋≻⋈∈⊥∋≻⋈∈⊥∋≻⋈∈⊤∋≻⋈∈⊥∋≻⋈∈⊤∋≻⋈∈⊤∋≻⋈∈⊤∋≻⋈∈⊥∋≻⋈∈⊥∋≻⋈∈⊥∋⊙⊡⊣
⊢≻⋈∈⊤∋≻⋈∈⊥∋≻⋈∈⊥∋≻⋈∈⊤∋≻⋈∈⊥∋≻⋈∈⊥∋≻⋈∈⊤∋≻⋈∈⊤∋≻⋈∈⊥∋⊙⊡⊣
⊢≻⋈∈⊥∋≻⋈∈⊥∋≻⋈∈⊥∋≻⋈∈⊥∋≻⋈∈⊤∋≻⋈∈⊤∋≻⋈∈⊥∋⊙⊡⊣
⊢≻⋈∈⊤∋≻⋈∈⊥∋≻⋈∈⊤∋≻⋈∈⊤∋≻⋈∈⊥∋≻⋈∈⊥∋≻⋈∈⊤∋≻⋈∈⊥∋≻⋈∈⊥∋≻⋈∈⊥∋≻⋈∈⊥∋⊙⊡⊣
⊢≻⋈∈⊥∋≻⋈∈⊥∋≻⋈∈⊥∋≻⋈∈⊥∋≻⋈∈⊥∋≻⋈∈⊤∋≻⋈∈⊥∋≻⋈∈⊤∋≻⋈∈⊤∋≻⋈∈⊥∋⊙⊡⊣
⊢≻⋈∈⊥∋≻⋈∈⊥∋≻⋈∈⊤∋≻⋈∈⊤∋≻⋈∈⊥∋≻⋈∈⊤∋≻⋈∈⊤∋≻⋈∈⊥∋≻⋈∈⊥∋≻⋈∈⊥∋≻⋈∈⊤∋≻⋈∈⊥∋≻⋈∈⊤∋≻⋈∈⊥∋≻⋈∈⊥∋≻⋈∈⊥∋≻⋈∈⊤∋≻⋈∈⊤∋≻⋈∈⊤∋≻⋈∈⊥∋≻⋈∈⊥∋≻⋈∈⊥∋⊙⊡⊣
⊢≻⋈∈⊥∋≻⋈∈⊥∋≻⋈∈⊥∋≻⋈∈⊤∋≻⋈∈⊥∋≻⋈∈⊥∋≻⋈∈⊤∋≻⋈∈⊤∋≻⋈∈⊥∋⊙⊡⊣
⊢≻⋈∈⊥∋≻⋈∈⊥∋≻⋈∈⊤∋≻⋈∈⊤∋≻⋈∈⊥∋≻⋈∈⊥∋≻⋈∈⊤∋≻⋈∈⊥∋≻⋈∈⊥∋≻⋈∈⊥∋⊙⊡⊣
⊢≻⋈∈⊥∋≻⋈∈⊤∋≻⋈∈⊥∋≻⋈∈⊥∋≻⋈∈⊤∋≻⋈∈⊤∋≻⋈∈⊥∋≻⋈∈⊤∋≻⋈∈⊤∋≻⋈∈⊤∋≻⋈∈⊥∋⊙⊡⊣
⊢≻⋈∈⊥∋≻⋈∈⊤∋≻⋈∈⊤∋≻⋈∈⊤∋≻⋈∈⊤∋≻⋈∈⊥∋≻⋈∈⊥∋≻⋈∈⊤∋≻⋈∈⊤∋≻⋈∈⊥∋⊙⊡⊣
⊢≻⋈∈⊤∋≻⋈∈⊥∋≻⋈∈⊥∋≻⋈∈⊤∋≻⋈∈⊥∋≻⋈∈⊤∋≻⋈∈⊤∋≻⋈∈⊥∋≻⋈∈⊥∋≻⋈∈⊥∋≻⋈∈⊤∋≻⋈∈⊥∋≻⋈∈⊥∋≻⋈∈⊤∋≻⋈∈⊤∋≻⋈∈⊤∋≻⋈∈⊥∋≻⋈∈⊤∋≻⋈∈⊤∋≻⋈∈⊥∋≻⋈∈⊥∋≻⋈∈⊥∋⊙⊡⊣
⊢≻⋈∈⊤∋≻⋈∈⊤∋≻⋈∈⊤∋≻⋈∈⊥∋≻⋈∈⊥∋≻⋈∈⊥∋≻⋈∈⊤∋≻⋈∈⊤∋≻⋈∈⊥∋⊙⊡⊣
⊢≻⋈∈⊥∋≻⋈∈⊥∋≻⋈∈⊤∋≻⋈∈⊤∋≻⋈∈⊥∋≻⋈∈⊥∋≻⋈∈⊤∋≻⋈∈⊥∋≻⋈∈⊥∋≻⋈∈⊥∋⊙⊡⊣
⊢≻⋈∈⊤∋≻⋈∈⊥∋≻⋈∈⊥∋≻⋈∈⊥∋≻⋈∈⊤∋≻⋈∈⊤∋≻⋈∈⊥∋≻⋈∈⊤∋≻⋈∈⊤∋≻⋈∈⊤∋≻⋈∈⊥∋⊙⊡⊣
⊢≻⋈∈⊥∋≻⋈∈⊥∋≻⋈∈⊤∋≻⋈∈⊤∋≻⋈∈⊤∋≻⋈∈⊥∋≻⋈∈⊥∋≻⋈∈⊤∋≻⋈∈⊤∋≻⋈∈⊥∋⊙⊡⊣
⊢≻⋈∈⊥∋≻⋈∈⊤∋≻⋈∈⊤∋≻⋈∈⊥∋≻⋈∈⊥∋≻⋈∈⊤∋≻⋈∈⊤∋≻⋈∈⊥∋≻⋈∈⊥∋≻⋈∈⊥∋≻⋈∈⊤∋≻⋈∈⊥∋≻⋈∈⊤∋≻⋈∈⊤∋≻⋈∈⊥∋≻⋈∈⊤∋≻⋈∈⊥∋≻⋈∈⊤∋≻⋈∈⊤∋≻⋈∈⊥∋≻⋈∈⊥∋≻⋈∈⊥∋⊙⊡⊣
⊢≻⋈∈⊥∋≻⋈∈⊤∋≻⋈∈⊤∋≻⋈∈⊥∋≻⋈∈⊥∋≻⋈∈⊥∋≻⋈∈⊤∋≻⋈∈⊤∋≻⋈∈⊥∋⊙⊡⊣
⊢≻⋈∈⊤∋≻⋈∈⊤∋≻⋈∈⊤∋≻⋈∈⊤∋≻⋈∈⊥∋≻⋈∈⊤∋≻⋈∈⊥∋⊙⊡⊣
⊢≻⋈∈⊤∋≻⋈∈⊤∋≻⋈∈⊤∋≻⋈∈⊤∋≻⋈∈⊥∋≻⋈∈⊥∋≻⋈∈⊤∋≻⋈∈⊥∋≻⋈∈⊥∋≻⋈∈⊥∋≻⋈∈⊥∋⊙⊡⊣
⊢≻⋈∈⊥∋≻⋈∈⊤∋≻⋈∈⊥∋≻⋈∈⊤∋≻⋈∈⊤∋≻⋈∈⊥∋≻⋈∈⊥∋≻⋈∈⊤∋≻⋈∈⊤∋≻⋈∈⊥∋⊙⊡⊣
⊢≻⋈∈⊤∋≻⋈∈⊤∋≻⋈∈⊥∋≻⋈∈⊥∋≻⋈∈⊥∋≻⋈∈⊤∋≻⋈∈⊤∋≻⋈∈⊥∋≻⋈∈⊥∋≻⋈∈⊥∋≻⋈∈⊤∋≻⋈∈⊥∋≻⋈∈⊥∋≻⋈∈⊥∋≻⋈∈⊥∋≻⋈∈⊤∋≻⋈∈⊥∋≻⋈∈⊤∋≻⋈∈⊤∋≻⋈∈⊥∋≻⋈∈⊥∋≻⋈∈⊥∋⊙⊡⊣
⊢≻⋈∈⊤∋≻⋈∈⊥∋≻⋈∈⊤∋≻⋈∈⊥∋≻⋈∈⊥∋≻⋈∈⊥∋≻⋈∈⊤∋≻⋈∈⊤∋≻⋈∈⊥∋⊙⊡⊣
⊢≻⋈∈⊤∋≻⋈∈⊤∋≻⋈∈⊤∋≻⋈∈⊤∋≻⋈∈⊥∋≻⋈∈⊤∋≻⋈∈⊥∋⊙⊡⊣
⊢≻⋈∈⊥∋≻⋈∈⊤∋≻⋈∈⊤∋≻⋈∈⊤∋≻⋈∈⊥∋≻⋈∈⊥∋≻⋈∈⊤∋≻⋈∈⊥∋≻⋈∈⊥∋≻⋈∈⊥∋≻⋈∈⊥∋⊙⊡⊣
⊢≻⋈∈⊥∋≻⋈∈⊥∋≻⋈∈⊥∋≻⋈∈⊤∋≻⋈∈⊤∋≻⋈∈⊥∋≻⋈∈⊥∋≻⋈∈⊤∋≻⋈∈⊤∋≻⋈∈⊥∋⊙⊡⊣
⊢≻⋈∈⊥∋≻⋈∈⊥∋≻⋈∈⊥∋≻⋈∈⊥∋≻⋈∈⊥∋≻⋈∈⊤∋≻⋈∈⊤∋≻⋈∈⊥∋≻⋈∈⊥∋≻⋈∈⊥∋≻⋈∈⊤∋≻⋈∈⊥∋≻⋈∈⊤∋≻⋈∈⊥∋≻⋈∈⊤∋≻⋈∈⊥∋≻⋈∈⊥∋≻⋈∈⊤∋≻⋈∈⊤∋≻⋈∈⊥∋≻⋈∈⊥∋≻⋈∈⊥∋⊙⊡⊣
⊢≻⋈∈⊥∋≻⋈∈⊥∋≻⋈∈⊤∋≻⋈∈⊥∋≻⋈∈⊥∋≻⋈∈⊥∋≻⋈∈⊤∋≻⋈∈⊤∋≻⋈∈⊥∋⊙⊡⊣
⊢≻⋈∈⊤∋≻⋈∈⊥∋≻⋈∈⊤∋≻⋈∈⊤∋≻⋈∈⊥∋≻⋈∈⊥∋≻⋈∈⊤∋≻⋈∈⊥∋≻⋈∈⊥∋≻⋈∈⊥∋⊙⊡⊣
⊢≻⋈∈⊤∋≻⋈∈⊥∋≻⋈∈⊥∋≻⋈∈⊥∋≻⋈∈⊤∋≻⋈∈⊤∋≻⋈∈⊥∋≻⋈∈⊤∋≻⋈∈⊤∋≻⋈∈⊤∋≻⋈∈⊥∋⊙⊡⊣
⊢≻⋈∈⊥∋≻⋈∈⊤∋≻⋈∈⊤∋≻⋈∈⊥∋≻⋈∈⊤∋≻⋈∈⊥∋≻⋈∈⊥∋≻⋈∈⊤∋≻⋈∈⊤∋≻⋈∈⊥∋⊙⊡⊣
⊢≻⋈∈⊤∋≻⋈∈⊥∋≻⋈∈⊤∋≻⋈∈⊤∋≻⋈∈⊤∋≻⋈∈⊥∋≻⋈∈⊤∋≻⋈∈⊥∋≻⋈∈⊥∋≻⋈∈⊥∋≻⋈∈⊤∋≻⋈∈⊥∋≻⋈∈⊥∋≻⋈∈⊤∋≻⋈∈⊥∋≻⋈∈⊥∋≻⋈∈⊥∋≻⋈∈⊤∋≻⋈∈⊤∋≻⋈∈⊥∋≻⋈∈⊥∋≻⋈∈⊥∋⊙⊡⊣
⊢≻⋈∈⊤∋≻⋈∈⊤∋≻⋈∈⊥∋≻⋈∈⊥∋≻⋈∈⊥∋≻⋈∈⊥∋≻⋈∈⊤∋≻⋈∈⊤∋≻⋈∈⊥∋⊙⊡⊣
⊢≻⋈∈⊤∋≻⋈∈⊥∋≻⋈∈⊤∋≻⋈∈⊤∋≻⋈∈⊥∋≻⋈∈⊥∋≻⋈∈⊤∋≻⋈∈⊥∋≻⋈∈⊥∋≻⋈∈⊥∋⊙⊡⊣
⊢≻⋈∈⊥∋≻⋈∈⊥∋≻⋈∈⊥∋≻⋈∈⊥∋≻⋈∈⊤∋≻⋈∈⊤∋≻⋈∈⊥∋≻⋈∈⊤∋≻⋈∈⊤∋≻⋈∈⊤∋≻⋈∈⊥∋⊙⊡⊣
⊢≻⋈∈⊥∋≻⋈∈⊥∋≻⋈∈⊤∋≻⋈∈⊥∋≻⋈∈⊤∋≻⋈∈⊥∋≻⋈∈⊥∋≻⋈∈⊤∋≻⋈∈⊤∋≻⋈∈⊥∋⊙⊡⊣
⊢≻⋈∈⊥∋≻⋈∈⊤∋≻⋈∈⊥∋≻⋈∈⊤∋≻⋈∈⊤∋≻⋈∈⊥∋≻⋈∈⊤∋≻⋈∈⊥∋≻⋈∈⊥∋≻⋈∈⊥∋≻⋈∈⊤∋≻⋈∈⊥∋≻⋈∈⊤∋≻⋈∈⊤∋≻⋈∈⊤∋≻⋈∈⊤∋≻⋈∈⊤∋≻⋈∈⊥∋≻⋈∈⊤∋≻⋈∈⊥∋≻⋈∈⊥∋≻⋈∈⊥∋⊙⊡⊣
⊢≻⋈∈⊥∋≻⋈∈⊤∋≻⋈∈⊥∋≻⋈∈⊥∋≻⋈∈⊥∋≻⋈∈⊥∋≻⋈∈⊤∋≻⋈∈⊤∋≻⋈∈⊥∋⊙⊡⊣
⊢≻⋈∈⊥∋≻⋈∈⊤∋≻⋈∈⊤∋≻⋈∈⊤∋≻⋈∈⊥∋≻⋈∈⊤∋≻⋈∈⊥∋⊙⊡⊣
⊢≻⋈∈⊥∋≻⋈∈⊥∋≻⋈∈⊥∋≻⋈∈⊥∋≻⋈∈⊤∋≻⋈∈⊥∋≻⋈∈⊤∋≻⋈∈⊥∋≻⋈∈⊥∋≻⋈∈⊥∋≻⋈∈⊥∋⊙⊡⊣
⊢≻⋈∈⊥∋≻⋈∈⊤∋≻⋈∈⊥∋≻⋈∈⊥∋≻⋈∈⊤∋≻⋈∈⊥∋≻⋈∈⊥∋≻⋈∈⊤∋≻⋈∈⊤∋≻⋈∈⊥∋⊙⊡⊣
⊢≻⋈∈⊤∋≻⋈∈⊤∋≻⋈∈⊤∋≻⋈∈⊥∋≻⋈∈⊤∋≻⋈∈⊥∋≻⋈∈⊤∋≻⋈∈⊥∋≻⋈∈⊥∋≻⋈∈⊥∋≻⋈∈⊤∋≻⋈∈⊥∋≻⋈∈⊥∋≻⋈∈⊥∋≻⋈∈⊤∋≻⋈∈⊤∋≻⋈∈⊤∋≻⋈∈⊥∋≻⋈∈⊤∋≻⋈∈⊥∋≻⋈∈⊥∋≻⋈∈⊥∋⊙⊡⊣
⊢≻⋈∈⊤∋≻⋈∈⊥∋≻⋈∈⊥∋≻⋈∈⊥∋≻⋈∈⊥∋≻⋈∈⊥∋≻⋈∈⊤∋≻⋈∈⊤∋≻⋈∈⊥∋⊙⊡⊣
⊢≻⋈∈⊥∋≻⋈∈⊤∋≻⋈∈⊤∋≻⋈∈⊤∋≻⋈∈⊥∋≻⋈∈⊤∋≻⋈∈⊥∋⊙⊡⊣
⊢≻⋈∈⊤∋≻⋈∈⊤∋≻⋈∈⊤∋≻⋈∈⊤∋≻⋈∈⊥∋≻⋈∈⊥∋≻⋈∈⊤∋≻⋈∈⊥∋≻⋈∈⊥∋≻⋈∈⊥∋≻⋈∈⊥∋⊙⊡⊣
⊢≻⋈∈⊥∋≻⋈∈⊥∋≻⋈∈⊥∋≻⋈∈⊥∋≻⋈∈⊤∋≻⋈∈⊥∋≻⋈∈⊥∋≻⋈∈⊤∋≻⋈∈⊤∋≻⋈∈⊥∋⊙⊡⊣
⊢≻⋈∈⊥∋≻⋈∈⊥∋≻⋈∈⊤∋≻⋈∈⊥∋≻⋈∈⊤∋≻⋈∈⊥∋≻⋈∈⊤∋≻⋈∈⊥∋≻⋈∈⊥∋≻⋈∈⊥∋≻⋈∈⊤∋≻⋈∈⊥∋≻⋈∈⊤∋≻⋈∈⊥∋≻⋈∈⊥∋≻⋈∈⊤∋≻⋈∈⊤∋≻⋈∈⊥∋≻⋈∈⊤∋≻⋈∈⊥∋≻⋈∈⊥∋≻⋈∈⊥∋⊙⊡⊣
⊢≻⋈∈⊥∋≻⋈∈⊥∋≻⋈∈⊥∋≻⋈∈⊥∋≻⋈∈⊥∋≻⋈∈⊥∋≻⋈∈⊤∋≻⋈∈⊤∋≻⋈∈⊥∋⊙⊡⊣
⊢≻⋈∈⊥∋≻⋈∈⊤∋≻⋈∈⊤∋≻⋈∈⊤∋≻⋈∈⊥∋≻⋈∈⊥∋≻⋈∈⊤∋≻⋈∈⊥∋≻⋈∈⊥∋≻⋈∈⊥∋⊙⊡⊣
⊢≻⋈∈⊥∋≻⋈∈⊥∋≻⋈∈⊥∋≻⋈∈⊥∋≻⋈∈⊤∋≻⋈∈⊤∋≻⋈∈⊥∋≻⋈∈⊤∋≻⋈∈⊤∋≻⋈∈⊤∋≻⋈∈⊥∋⊙⊡⊣
⊢≻⋈∈⊥∋≻⋈∈⊤∋≻⋈∈⊤∋≻⋈∈⊤∋≻⋈∈⊥∋≻⋈∈⊥∋≻⋈∈⊥∋≻⋈∈⊤∋≻⋈∈⊤∋≻⋈∈⊥∋⊙⊡⊣
⊢≻⋈∈⊤∋≻⋈∈⊥∋≻⋈∈⊥∋≻⋈∈⊥∋≻⋈∈⊤∋≻⋈∈⊥∋≻⋈∈⊤∋≻⋈∈⊥∋≻⋈∈⊥∋≻⋈∈⊥∋≻⋈∈⊤∋≻⋈∈⊥∋≻⋈∈⊥∋≻⋈∈⊤∋≻⋈∈⊤∋≻⋈∈⊥∋≻⋈∈⊤∋≻⋈∈⊥∋≻⋈∈⊤∋≻⋈∈⊥∋≻⋈∈⊥∋≻⋈∈⊥∋⊙⊡⊣
⊢≻⋈∈⊤∋≻⋈∈⊤∋≻⋈∈⊤∋≻⋈∈⊤∋≻⋈∈⊤∋≻⋈∈⊤∋≻⋈∈⊥∋≻⋈∈⊤∋≻⋈∈⊥∋⊙⊡⊣
⊢≻⋈∈⊥∋≻⋈∈⊤∋≻⋈∈⊤∋≻⋈∈⊤∋≻⋈∈⊥∋≻⋈∈⊥∋≻⋈∈⊤∋≻⋈∈⊥∋≻⋈∈⊥∋≻⋈∈⊥∋⊙⊡⊣
⊢≻⋈∈⊤∋≻⋈∈⊤∋≻⋈∈⊤∋≻⋈∈⊤∋≻⋈∈⊥∋≻⋈∈⊤∋≻⋈∈⊥∋≻⋈∈⊤∋≻⋈∈⊤∋≻⋈∈⊤∋≻⋈∈⊥∋⊙⊡⊣
⊢≻⋈∈⊥∋≻⋈∈⊥∋≻⋈∈⊤∋≻⋈∈⊤∋≻⋈∈⊥∋≻⋈∈⊥∋≻⋈∈⊥∋≻⋈∈⊤∋≻⋈∈⊤∋≻⋈∈⊥∋⊙⊡⊣
⊢≻⋈∈⊥∋≻⋈∈⊤∋≻⋈∈⊤∋≻⋈∈⊤∋≻⋈∈⊥∋≻⋈∈⊥∋≻⋈∈⊤∋≻⋈∈⊥∋≻⋈∈⊥∋≻⋈∈⊥∋≻⋈∈⊤∋≻⋈∈⊥∋≻⋈∈⊤∋≻⋈∈⊤∋≻⋈∈⊥∋≻⋈∈⊥∋≻⋈∈⊤∋≻⋈∈⊥∋≻⋈∈⊤∋≻⋈∈⊥∋≻⋈∈⊥∋≻⋈∈⊥∋⊙⊡⊣
⊢≻⋈∈⊥∋≻⋈∈⊤∋≻⋈∈⊤∋≻⋈∈⊤∋≻⋈∈⊤∋≻⋈∈⊤∋≻⋈∈⊥∋≻⋈∈⊤∋≻⋈∈⊥∋⊙⊡⊣
⊢≻⋈∈⊤∋≻⋈∈⊥∋≻⋈∈⊤∋≻⋈∈⊤∋≻⋈∈⊥∋≻⋈∈⊤∋≻⋈∈⊥∋⊙⊡⊣
⊢≻⋈∈⊤∋≻⋈∈⊥∋≻⋈∈⊥∋≻⋈∈⊥∋≻⋈∈⊤∋≻⋈∈⊥∋≻⋈∈⊤∋≻⋈∈⊥∋≻⋈∈⊥∋≻⋈∈⊥∋≻⋈∈⊥∋⊙⊡⊣
⊢≻⋈∈⊥∋≻⋈∈⊤∋≻⋈∈⊥∋≻⋈∈⊤∋≻⋈∈⊥∋≻⋈∈⊥∋≻⋈∈⊥∋≻⋈∈⊤∋≻⋈∈⊤∋≻⋈∈⊥∋⊙⊡⊣
⊢≻⋈∈⊤∋≻⋈∈⊤∋≻⋈∈⊥∋≻⋈∈⊤∋≻⋈∈⊥∋≻⋈∈⊥∋≻⋈∈⊤∋≻⋈∈⊥∋≻⋈∈⊥∋≻⋈∈⊥∋≻⋈∈⊤∋≻⋈∈⊥∋≻⋈∈⊥∋≻⋈∈⊥∋≻⋈∈⊥∋≻⋈∈⊥∋≻⋈∈⊤∋≻⋈∈⊥∋≻⋈∈⊤∋≻⋈∈⊥∋≻⋈∈⊥∋≻⋈∈⊥∋⊙⊡⊣
⊢≻⋈∈⊤∋≻⋈∈⊥∋≻⋈∈⊤∋≻⋈∈⊤∋≻⋈∈⊤∋≻⋈∈⊤∋≻⋈∈⊥∋≻⋈∈⊤∋≻⋈∈⊥∋⊙⊡⊣
⊢≻⋈∈⊤∋≻⋈∈⊥∋≻⋈∈⊤∋≻⋈∈⊤∋≻⋈∈⊥∋≻⋈∈⊤∋≻⋈∈⊥∋⊙⊡⊣
⊢≻⋈∈⊥∋≻⋈∈⊥∋≻⋈∈⊥∋≻⋈∈⊥∋≻⋈∈⊤∋≻⋈∈⊥∋≻⋈∈⊤∋≻⋈∈⊥∋≻⋈∈⊥∋≻⋈∈⊥∋≻⋈∈⊥∋⊙⊡⊣
⊢≻⋈∈⊥∋≻⋈∈⊥∋≻⋈∈⊥∋≻⋈∈⊤∋≻⋈∈⊥∋≻⋈∈⊥∋≻⋈∈⊥∋≻⋈∈⊤∋≻⋈∈⊤∋≻⋈∈⊥∋⊙⊡⊣
⊢≻⋈∈⊥∋≻⋈∈⊥∋≻⋈∈⊥∋≻⋈∈⊤∋≻⋈∈⊥∋≻⋈∈⊥∋≻⋈∈⊤∋≻⋈∈⊥∋≻⋈∈⊥∋≻⋈∈⊥∋≻⋈∈⊤∋≻⋈∈⊥∋≻⋈∈⊤∋≻⋈∈⊥∋≻⋈∈⊤∋≻⋈∈⊤∋≻⋈∈⊥∋≻⋈∈⊥∋≻⋈∈⊤∋≻⋈∈⊥∋≻⋈∈⊥∋≻⋈∈⊥∋⊙⊡⊣
⊢≻⋈∈⊥∋≻⋈∈⊥∋≻⋈∈⊤∋≻⋈∈⊤∋≻⋈∈⊤∋≻⋈∈⊤∋≻⋈∈⊥∋≻⋈∈⊤∋≻⋈∈⊥∋⊙⊡⊣
⊢≻⋈∈⊤∋≻⋈∈⊤∋≻⋈∈⊤∋≻⋈∈⊤∋≻⋈∈⊥∋≻⋈∈⊥∋≻⋈∈⊤∋≻⋈∈⊥∋≻⋈∈⊥∋≻⋈∈⊥∋⊙⊡⊣
⊢≻⋈∈⊤∋≻⋈∈⊤∋≻⋈∈⊤∋≻⋈∈⊤∋≻⋈∈⊥∋≻⋈∈⊤∋≻⋈∈⊥∋≻⋈∈⊤∋≻⋈∈⊤∋≻⋈∈⊤∋≻⋈∈⊥∋⊙⊡⊣
⊢≻⋈∈⊥∋≻⋈∈⊤∋≻⋈∈⊤∋≻⋈∈⊥∋≻⋈∈⊥∋≻⋈∈⊥∋≻⋈∈⊥∋≻⋈∈⊤∋≻⋈∈⊤∋≻⋈∈⊥∋⊙⊡⊣
⊢≻⋈∈⊤∋≻⋈∈⊥∋≻⋈∈⊤∋≻⋈∈⊥∋≻⋈∈⊥∋≻⋈∈⊥∋≻⋈∈⊤∋≻⋈∈⊥∋≻⋈∈⊥∋≻⋈∈⊥∋≻⋈∈⊤∋≻⋈∈⊥∋≻⋈∈⊥∋≻⋈∈⊤∋≻⋈∈⊥∋≻⋈∈⊤∋≻⋈∈⊥∋≻⋈∈⊥∋≻⋈∈⊤∋≻⋈∈⊥∋≻⋈∈⊥∋≻⋈∈⊥∋⊙⊡⊣
⊢≻⋈∈⊤∋≻⋈∈⊤∋≻⋈∈⊥∋≻⋈∈⊤∋≻⋈∈⊤∋≻⋈∈⊤∋≻⋈∈⊥∋≻⋈∈⊤∋≻⋈∈⊥∋⊙⊡⊣
⊢≻⋈∈⊤∋≻⋈∈⊤∋≻⋈∈⊤∋≻⋈∈⊤∋≻⋈∈⊥∋≻⋈∈⊥∋≻⋈∈⊤∋≻⋈∈⊥∋≻⋈∈⊥∋≻⋈∈⊥∋⊙⊡⊣
⊢≻⋈∈⊥∋≻⋈∈⊤∋≻⋈∈⊤∋≻⋈∈⊤∋≻⋈∈⊥∋≻⋈∈⊤∋≻⋈∈⊥∋≻⋈∈⊤∋≻⋈∈⊤∋≻⋈∈⊤∋≻⋈∈⊥∋⊙⊡⊣
⊢≻⋈∈⊥∋≻⋈∈⊥∋≻⋈∈⊤∋≻⋈∈⊥∋≻⋈∈⊥∋≻⋈∈⊥∋≻⋈∈⊥∋≻⋈∈⊤∋≻⋈∈⊤∋≻⋈∈⊥∋⊙⊡⊣
⊢≻⋈∈⊥∋≻⋈∈⊤∋≻⋈∈⊥∋≻⋈∈⊥∋≻⋈∈⊥∋≻⋈∈⊥∋≻⋈∈⊤∋≻⋈∈⊥∋≻⋈∈⊥∋≻⋈∈⊥∋≻⋈∈⊤∋≻⋈∈⊥∋≻⋈∈⊤∋≻⋈∈⊤∋≻⋈∈⊤∋≻⋈∈⊥∋≻⋈∈⊥∋≻⋈∈⊥∋≻⋈∈⊤∋≻⋈∈⊥∋≻⋈∈⊥∋≻⋈∈⊥∋⊙⊡⊣
⊢≻⋈∈⊥∋≻⋈∈⊤∋≻⋈∈⊥∋≻⋈∈⊤∋≻⋈∈⊤∋≻⋈∈⊤∋≻⋈∈⊥∋≻⋈∈⊤∋≻⋈∈⊥∋⊙⊡⊣
⊢≻⋈∈⊥∋≻⋈∈⊥∋≻⋈∈⊤∋≻⋈∈⊤∋≻⋈∈⊥∋≻⋈∈⊤∋≻⋈∈⊥∋⊙⊡⊣
⊢≻⋈∈⊥∋≻⋈∈⊤∋≻⋈∈⊥∋≻⋈∈⊥∋≻⋈∈⊤∋≻⋈∈⊥∋≻⋈∈⊤∋≻⋈∈⊥∋≻⋈∈⊥∋≻⋈∈⊥∋≻⋈∈⊥∋⊙⊡⊣
⊢≻⋈∈⊥∋≻⋈∈⊤∋≻⋈∈⊥∋≻⋈∈⊥∋≻⋈∈⊥∋≻⋈∈⊥∋≻⋈∈⊥∋≻⋈∈⊤∋≻⋈∈⊤∋≻⋈∈⊥∋⊙⊡⊣
⊢≻⋈∈⊤∋≻⋈∈⊤∋≻⋈∈⊤∋≻⋈∈⊤∋≻⋈∈⊤∋≻⋈∈⊤∋≻⋈∈⊥∋≻⋈∈⊥∋≻⋈∈⊥∋≻⋈∈⊥∋≻⋈∈⊤∋≻⋈∈⊥∋≻⋈∈⊥∋≻⋈∈⊥∋≻⋈∈⊤∋≻⋈∈⊥∋≻⋈∈⊥∋≻⋈∈⊥∋≻⋈∈⊤∋≻⋈∈⊥∋≻⋈∈⊥∋≻⋈∈⊥∋⊙⊡⊣
⊢≻⋈∈⊤∋≻⋈∈⊥∋≻⋈∈⊥∋≻⋈∈⊤∋≻⋈∈⊤∋≻⋈∈⊤∋≻⋈∈⊥∋≻⋈∈⊤∋≻⋈∈⊥∋⊙⊡⊣
⊢≻⋈∈⊥∋≻⋈∈⊥∋≻⋈∈⊤∋≻⋈∈⊤∋≻⋈∈⊥∋≻⋈∈⊤∋≻⋈∈⊥∋⊙⊡⊣
⊢≻⋈∈⊤∋≻⋈∈⊥∋≻⋈∈⊥∋≻⋈∈⊥∋≻⋈∈⊤∋≻⋈∈⊥∋≻⋈∈⊤∋≻⋈∈⊥∋≻⋈∈⊥∋≻⋈∈⊥∋≻⋈∈⊥∋⊙⊡⊣
⊢≻⋈∈⊥∋≻⋈∈⊥∋≻⋈∈⊥∋≻⋈∈⊥∋≻⋈∈⊥∋≻⋈∈⊥∋≻⋈∈⊥∋≻⋈∈⊤∋≻⋈∈⊤∋≻⋈∈⊥∋⊙⊡⊣
⊢≻⋈∈⊥∋≻⋈∈⊥∋≻⋈∈⊤∋≻⋈∈⊤∋≻⋈∈⊤∋≻⋈∈⊤∋≻⋈∈⊥∋≻⋈∈⊥∋≻⋈∈⊥∋≻⋈∈⊥∋≻⋈∈⊤∋≻⋈∈⊥∋≻⋈∈⊤∋≻⋈∈⊥∋≻⋈∈⊥∋≻⋈∈⊥∋≻⋈∈⊥∋≻⋈∈⊥∋≻⋈∈⊤∋≻⋈∈⊥∋≻⋈∈⊥∋≻⋈∈⊥∋⊙⊡⊣
⊢≻⋈∈⊥∋≻⋈∈⊥∋≻⋈∈⊥∋≻⋈∈⊤∋≻⋈∈⊤∋≻⋈∈⊤∋≻⋈∈⊥∋≻⋈∈⊤∋≻⋈∈⊥∋⊙⊡⊣
⊢≻⋈∈⊥∋≻⋈∈⊥∋≻⋈∈⊥∋≻⋈∈⊥∋≻⋈∈⊤∋≻⋈∈⊥∋≻⋈∈⊤∋≻⋈∈⊥∋≻⋈∈⊥∋≻⋈∈⊥∋⊙⊡⊣
⊢≻⋈∈⊥∋≻⋈∈⊤∋≻⋈∈⊤∋≻⋈∈⊤∋≻⋈∈⊥∋≻⋈∈⊤∋≻⋈∈⊥∋≻⋈∈⊤∋≻⋈∈⊤∋≻⋈∈⊤∋≻⋈∈⊥∋⊙⊡⊣
⊢≻⋈∈⊥∋≻⋈∈⊤∋≻⋈∈⊤∋≻⋈∈⊤∋≻⋈∈⊤∋≻⋈∈⊤∋≻⋈∈⊤∋≻⋈∈⊥∋≻⋈∈⊤∋≻⋈∈⊥∋⊙⊡⊣
⊢≻⋈∈⊤∋≻⋈∈⊥∋≻⋈∈⊥∋≻⋈∈⊤∋≻⋈∈⊤∋≻⋈∈⊤∋≻⋈∈⊥∋≻⋈∈⊥∋≻⋈∈⊥∋≻⋈∈⊥∋≻⋈∈⊤∋≻⋈∈⊥∋≻⋈∈⊥∋≻⋈∈⊤∋≻⋈∈⊤∋≻⋈∈⊤∋≻⋈∈⊤∋≻⋈∈⊤∋≻⋈∈⊥∋≻⋈∈⊥∋≻⋈∈⊥∋≻⋈∈⊥∋⊙⊡⊣
⊢≻⋈∈⊤∋≻⋈∈⊤∋≻⋈∈⊤∋≻⋈∈⊥∋≻⋈∈⊤∋≻⋈∈⊤∋≻⋈∈⊥∋≻⋈∈⊤∋≻⋈∈⊥∋⊙⊡⊣
⊢≻⋈∈⊥∋≻⋈∈⊥∋≻⋈∈⊥∋≻⋈∈⊥∋≻⋈∈⊤∋≻⋈∈⊥∋≻⋈∈⊤∋≻⋈∈⊥∋≻⋈∈⊥∋≻⋈∈⊥∋⊙⊡⊣
⊢≻⋈∈⊤∋≻⋈∈⊥∋≻⋈∈⊤∋≻⋈∈⊤∋≻⋈∈⊥∋≻⋈∈⊤∋≻⋈∈⊥∋≻⋈∈⊤∋≻⋈∈⊤∋≻⋈∈⊤∋≻⋈∈⊥∋⊙⊡⊣
⊢≻⋈∈⊥∋≻⋈∈⊥∋≻⋈∈⊤∋≻⋈∈⊤∋≻⋈∈⊤∋≻⋈∈⊤∋≻⋈∈⊤∋≻⋈∈⊥∋≻⋈∈⊤∋≻⋈∈⊥∋⊙⊡⊣
⊢≻⋈∈⊥∋≻⋈∈⊤∋≻⋈∈⊤∋≻⋈∈⊥∋≻⋈∈⊤∋≻⋈∈⊤∋≻⋈∈⊥∋≻⋈∈⊥∋≻⋈∈⊥∋≻⋈∈⊥∋≻⋈∈⊤∋≻⋈∈⊥∋≻⋈∈⊤∋≻⋈∈⊤∋≻⋈∈⊥∋≻⋈∈⊤∋≻⋈∈⊤∋≻⋈∈⊤∋≻⋈∈⊥∋≻⋈∈⊥∋≻⋈∈⊥∋≻⋈∈⊥∋⊙⊡⊣
⊢≻⋈∈⊥∋≻⋈∈⊤∋≻⋈∈⊤∋≻⋈∈⊥∋≻⋈∈⊤∋≻⋈∈⊤∋≻⋈∈⊥∋≻⋈∈⊤∋≻⋈∈⊥∋⊙⊡⊣
⊢≻⋈∈⊤∋≻⋈∈⊤∋≻⋈∈⊥∋≻⋈∈⊤∋≻⋈∈⊥∋≻⋈∈⊤∋≻⋈∈⊥∋⊙⊡⊣
⊢≻⋈∈⊤∋≻⋈∈⊤∋≻⋈∈⊥∋≻⋈∈⊥∋≻⋈∈⊤∋≻⋈∈⊥∋≻⋈∈⊤∋≻⋈∈⊥∋≻⋈∈⊥∋≻⋈∈⊥∋≻⋈∈⊥∋⊙⊡⊣
⊢≻⋈∈⊥∋≻⋈∈⊤∋≻⋈∈⊥∋≻⋈∈⊤∋≻⋈∈⊤∋≻⋈∈⊤∋≻⋈∈⊤∋≻⋈∈⊥∋≻⋈∈⊤∋≻⋈∈⊥∋⊙⊡⊣
⊢≻⋈∈⊤∋≻⋈∈⊤∋≻⋈∈⊥∋≻⋈∈⊥∋≻⋈∈⊤∋≻⋈∈⊤∋≻⋈∈⊥∋≻⋈∈⊥∋≻⋈∈⊥∋≻⋈∈⊥∋≻⋈∈⊤∋≻⋈∈⊥∋≻⋈∈⊥∋≻⋈∈⊥∋≻⋈∈⊥∋≻⋈∈⊤∋≻⋈∈⊤∋≻⋈∈⊤∋≻⋈∈⊥∋≻⋈∈⊥∋≻⋈∈⊥∋≻⋈∈⊥∋⊙⊡⊣
⊢≻⋈∈⊤∋≻⋈∈⊥∋≻⋈∈⊤∋≻⋈∈⊥∋≻⋈∈⊤∋≻⋈∈⊤∋≻⋈∈⊥∋≻⋈∈⊤∋≻⋈∈⊥∋⊙⊡⊣
⊢≻⋈∈⊤∋≻⋈∈⊤∋≻⋈∈⊥∋≻⋈∈⊤∋≻⋈∈⊥∋≻⋈∈⊤∋≻⋈∈⊥∋⊙⊡⊣
⊢≻⋈∈⊥∋≻⋈∈⊤∋≻⋈∈⊥∋≻⋈∈⊥∋≻⋈∈⊤∋≻⋈∈⊥∋≻⋈∈⊤∋≻⋈∈⊥∋≻⋈∈⊥∋≻⋈∈⊥∋≻⋈∈⊥∋⊙⊡⊣
⊢≻⋈∈⊥∋≻⋈∈⊥∋≻⋈∈⊥∋≻⋈∈⊤∋≻⋈∈⊤∋≻⋈∈⊤∋≻⋈∈⊤∋≻⋈∈⊥∋≻⋈∈⊤∋≻⋈∈⊥∋⊙⊡⊣
⊢≻⋈∈⊥∋≻⋈∈⊥∋≻⋈∈⊥∋≻⋈∈⊥∋≻⋈∈⊤∋≻⋈∈⊤∋≻⋈∈⊥∋≻⋈∈⊥∋≻⋈∈⊥∋≻⋈∈⊥∋≻⋈∈⊤∋≻⋈∈⊥∋≻⋈∈⊤∋≻⋈∈⊥∋≻⋈∈⊤∋≻⋈∈⊥∋≻⋈∈⊤∋≻⋈∈⊤∋≻⋈∈⊥∋≻⋈∈⊥∋≻⋈∈⊥∋≻⋈∈⊥∋⊙⊡⊣
⊢≻⋈∈⊥∋≻⋈∈⊥∋≻⋈∈⊤∋≻⋈∈⊥∋≻⋈∈⊤∋≻⋈∈⊤∋≻⋈∈⊥∋≻⋈∈⊤∋≻⋈∈⊥∋⊙⊡⊣
⊢≻⋈∈⊤∋≻⋈∈⊥∋≻⋈∈⊥∋≻⋈∈⊥∋≻⋈∈⊤∋≻⋈∈⊥∋≻⋈∈⊤∋≻⋈∈⊥∋≻⋈∈⊥∋≻⋈∈⊥∋⊙⊡⊣
⊢≻⋈∈⊤∋≻⋈∈⊥∋≻⋈∈⊤∋≻⋈∈⊤∋≻⋈∈⊥∋≻⋈∈⊤∋≻⋈∈⊥∋≻⋈∈⊤∋≻⋈∈⊤∋≻⋈∈⊤∋≻⋈∈⊥∋⊙⊡⊣
⊢≻⋈∈⊥∋≻⋈∈⊤∋≻⋈∈⊤∋≻⋈∈⊥∋≻⋈∈⊤∋≻⋈∈⊤∋≻⋈∈⊤∋≻⋈∈⊥∋≻⋈∈⊤∋≻⋈∈⊥∋⊙⊡⊣
⊢≻⋈∈⊤∋≻⋈∈⊥∋≻⋈∈⊤∋≻⋈∈⊤∋≻⋈∈⊥∋≻⋈∈⊤∋≻⋈∈⊥∋≻⋈∈⊥∋≻⋈∈⊥∋≻⋈∈⊥∋≻⋈∈⊤∋≻⋈∈⊥∋≻⋈∈⊥∋≻⋈∈⊤∋≻⋈∈⊥∋≻⋈∈⊥∋≻⋈∈⊤∋≻⋈∈⊤∋≻⋈∈⊥∋≻⋈∈⊥∋≻⋈∈⊥∋≻⋈∈⊥∋⊙⊡⊣
⊢≻⋈∈⊤∋≻⋈∈⊤∋≻⋈∈⊥∋≻⋈∈⊥∋≻⋈∈⊤∋≻⋈∈⊤∋≻⋈∈⊥∋≻⋈∈⊤∋≻⋈∈⊥∋⊙⊡⊣
⊢≻⋈∈⊤∋≻⋈∈⊥∋≻⋈∈⊥∋≻⋈∈⊥∋≻⋈∈⊤∋≻⋈∈⊥∋≻⋈∈⊤∋≻⋈∈⊥∋≻⋈∈⊥∋≻⋈∈⊥∋⊙⊡⊣
⊢≻⋈∈⊥∋≻⋈∈⊥∋≻⋈∈⊤∋≻⋈∈⊤∋≻⋈∈⊥∋≻⋈∈⊤∋≻⋈∈⊥∋≻⋈∈⊤∋≻⋈∈⊤∋≻⋈∈⊤∋≻⋈∈⊥∋⊙⊡⊣
⊢≻⋈∈⊥∋≻⋈∈⊥∋≻⋈∈⊤∋≻⋈∈⊥∋≻⋈∈⊤∋≻⋈∈⊤∋≻⋈∈⊤∋≻⋈∈⊥∋≻⋈∈⊤∋≻⋈∈⊥∋⊙⊡⊣
⊢≻⋈∈⊥∋≻⋈∈⊤∋≻⋈∈⊥∋≻⋈∈⊤∋≻⋈∈⊥∋≻⋈∈⊤∋≻⋈∈⊥∋≻⋈∈⊥∋≻⋈∈⊥∋≻⋈∈⊥∋≻⋈∈⊤∋≻⋈∈⊥∋≻⋈∈⊤∋≻⋈∈⊤∋≻⋈∈⊤∋≻⋈∈⊤∋≻⋈∈⊥∋≻⋈∈⊤∋≻⋈∈⊥∋≻⋈∈⊥∋≻⋈∈⊥∋≻⋈∈⊥∋⊙⊡⊣
⊢≻⋈∈⊥∋≻⋈∈⊤∋≻⋈∈⊥∋≻⋈∈⊥∋≻⋈∈⊤∋≻⋈∈⊤∋≻⋈∈⊥∋≻⋈∈⊤∋≻⋈∈⊥∋⊙⊡⊣
⊢≻⋈∈⊥∋≻⋈∈⊤∋≻⋈∈⊥∋≻⋈∈⊤∋≻⋈∈⊥∋≻⋈∈⊤∋≻⋈∈⊥∋⊙⊡⊣
⊢≻⋈∈⊥∋≻⋈∈⊥∋≻⋈∈⊤∋≻⋈∈⊥∋≻⋈∈⊤∋≻⋈∈⊥∋≻⋈∈⊤∋≻⋈∈⊥∋≻⋈∈⊥∋≻⋈∈⊥∋≻⋈∈⊥∋⊙⊡⊣
⊢≻⋈∈⊥∋≻⋈∈⊤∋≻⋈∈⊥∋≻⋈∈⊥∋≻⋈∈⊤∋≻⋈∈⊤∋≻⋈∈⊤∋≻⋈∈⊥∋≻⋈∈⊤∋≻⋈∈⊥∋⊙⊡⊣
⊢≻⋈∈⊤∋≻⋈∈⊤∋≻⋈∈⊤∋≻⋈∈⊥∋≻⋈∈⊥∋≻⋈∈⊤∋≻⋈∈⊥∋≻⋈∈⊥∋≻⋈∈⊥∋≻⋈∈⊥∋≻⋈∈⊤∋≻⋈∈⊥∋≻⋈∈⊥∋≻⋈∈⊥∋≻⋈∈⊤∋≻⋈∈⊤∋≻⋈∈⊥∋≻⋈∈⊤∋≻⋈∈⊥∋≻⋈∈⊥∋≻⋈∈⊥∋≻⋈∈⊥∋⊙⊡⊣
⊢≻⋈∈⊤∋≻⋈∈⊥∋≻⋈∈⊥∋≻⋈∈⊥∋≻⋈∈⊤∋≻⋈∈⊤∋≻⋈∈⊥∋≻⋈∈⊤∋≻⋈∈⊥∋⊙⊡⊣
⊢≻⋈∈⊥∋≻⋈∈⊤∋≻⋈∈⊥∋≻⋈∈⊤∋≻⋈∈⊥∋≻⋈∈⊤∋≻⋈∈⊥∋⊙⊡⊣
⊢≻⋈∈⊤∋≻⋈∈⊤∋≻⋈∈⊥∋≻⋈∈⊥∋≻⋈∈⊤∋≻⋈∈⊥∋≻⋈∈⊤∋≻⋈∈⊥∋≻⋈∈⊥∋≻⋈∈⊥∋≻⋈∈⊥∋⊙⊡⊣
⊢≻⋈∈⊥∋≻⋈∈⊥∋≻⋈∈⊥∋≻⋈∈⊥∋≻⋈∈⊤∋≻⋈∈⊤∋≻⋈∈⊤∋≻⋈∈⊥∋≻⋈∈⊤∋≻⋈∈⊥∋⊙⊡⊣
⊢≻⋈∈⊥∋≻⋈∈⊥∋≻⋈∈⊤∋≻⋈∈⊥∋≻⋈∈⊥∋≻⋈∈⊤∋≻⋈∈⊥∋≻⋈∈⊥∋≻⋈∈⊥∋≻⋈∈⊥∋≻⋈∈⊤∋≻⋈∈⊥∋≻⋈∈⊤∋≻⋈∈⊥∋≻⋈∈⊥∋≻⋈∈⊤∋≻⋈∈⊥∋≻⋈∈⊤∋≻⋈∈⊥∋≻⋈∈⊥∋≻⋈∈⊥∋≻⋈∈⊥∋⊙⊡⊣
⊢≻⋈∈⊥∋≻⋈∈⊥∋≻⋈∈⊥∋≻⋈∈⊥∋≻⋈∈⊤∋≻⋈∈⊤∋≻⋈∈⊥∋≻⋈∈⊤∋≻⋈∈⊥∋⊙⊡⊣
⊢≻⋈∈⊥∋≻⋈∈⊤∋≻⋈∈⊥∋≻⋈∈⊥∋≻⋈∈⊤∋≻⋈∈⊥∋≻⋈∈⊤∋≻⋈∈⊥∋≻⋈∈⊥∋≻⋈∈⊥∋⊙⊡⊣
⊢≻⋈∈⊥∋≻⋈∈⊥∋≻⋈∈⊤∋≻⋈∈⊤∋≻⋈∈⊥∋≻⋈∈⊤∋≻⋈∈⊥∋≻⋈∈⊤∋≻⋈∈⊤∋≻⋈∈⊤∋≻⋈∈⊥∋⊙⊡⊣
⊢≻⋈∈⊥∋≻⋈∈⊤∋≻⋈∈⊤∋≻⋈∈⊤∋≻⋈∈⊥∋≻⋈∈⊤∋≻⋈∈⊤∋≻⋈∈⊥∋≻⋈∈⊤∋≻⋈∈⊥∋⊙⊡⊣
⊢≻⋈∈⊤∋≻⋈∈⊥∋≻⋈∈⊥∋≻⋈∈⊥∋≻⋈∈⊥∋≻⋈∈⊤∋≻⋈∈⊥∋≻⋈∈⊥∋≻⋈∈⊥∋≻⋈∈⊥∋≻⋈∈⊤∋≻⋈∈⊥∋≻⋈∈⊥∋≻⋈∈⊤∋≻⋈∈⊤∋≻⋈∈⊥∋≻⋈∈⊥∋≻⋈∈⊤∋≻⋈∈⊥∋≻⋈∈⊥∋≻⋈∈⊥∋≻⋈∈⊥∋⊙⊡⊣
⊢≻⋈∈⊤∋≻⋈∈⊤∋≻⋈∈⊤∋≻⋈∈⊤∋≻⋈∈⊥∋≻⋈∈⊤∋≻⋈∈⊥∋≻⋈∈⊤∋≻⋈∈⊥∋⊙⊡⊣
⊢≻⋈∈⊥∋≻⋈∈⊤∋≻⋈∈⊥∋≻⋈∈⊥∋≻⋈∈⊤∋≻⋈∈⊥∋≻⋈∈⊤∋≻⋈∈⊥∋≻⋈∈⊥∋≻⋈∈⊥∋⊙⊡⊣
⊢≻⋈∈⊤∋≻⋈∈⊤∋≻⋈∈⊥∋≻⋈∈⊤∋≻⋈∈⊥∋≻⋈∈⊤∋≻⋈∈⊥∋≻⋈∈⊤∋≻⋈∈⊤∋≻⋈∈⊤∋≻⋈∈⊥∋⊙⊡⊣
⊢≻⋈∈⊥∋≻⋈∈⊥∋≻⋈∈⊤∋≻⋈∈⊤∋≻⋈∈⊥∋≻⋈∈⊤∋≻⋈∈⊤∋≻⋈∈⊥∋≻⋈∈⊤∋≻⋈∈⊥∋⊙⊡⊣
⊢≻⋈∈⊥∋≻⋈∈⊤∋≻⋈∈⊤∋≻⋈∈⊤∋≻⋈∈⊤∋≻⋈∈⊥∋≻⋈∈⊥∋≻⋈∈⊥∋≻⋈∈⊥∋≻⋈∈⊥∋≻⋈∈⊤∋≻⋈∈⊥∋≻⋈∈⊤∋≻⋈∈⊤∋≻⋈∈⊥∋≻⋈∈⊥∋≻⋈∈⊥∋≻⋈∈⊤∋≻⋈∈⊥∋≻⋈∈⊥∋≻⋈∈⊥∋≻⋈∈⊥∋⊙⊡⊣
⊢≻⋈∈⊥∋≻⋈∈⊤∋≻⋈∈⊤∋≻⋈∈⊤∋≻⋈∈⊥∋≻⋈∈⊤∋≻⋈∈⊥∋≻⋈∈⊤∋≻⋈∈⊥∋⊙⊡⊣
⊢≻⋈∈⊤∋≻⋈∈⊥∋≻⋈∈⊥∋≻⋈∈⊤∋≻⋈∈⊥∋≻⋈∈⊤∋≻⋈∈⊥∋⊙⊡⊣
⊢≻⋈∈⊤∋≻⋈∈⊥∋≻⋈∈⊤∋≻⋈∈⊥∋≻⋈∈⊤∋≻⋈∈⊥∋≻⋈∈⊤∋≻⋈∈⊥∋≻⋈∈⊥∋≻⋈∈⊥∋≻⋈∈⊥∋⊙⊡⊣
⊢≻⋈∈⊥∋≻⋈∈⊤∋≻⋈∈⊥∋≻⋈∈⊤∋≻⋈∈⊥∋≻⋈∈⊤∋≻⋈∈⊤∋≻⋈∈⊥∋≻⋈∈⊤∋≻⋈∈⊥∋⊙⊡⊣
⊢≻⋈∈⊤∋≻⋈∈⊤∋≻⋈∈⊥∋≻⋈∈⊤∋≻⋈∈⊤∋≻⋈∈⊥∋≻⋈∈⊥∋≻⋈∈⊥∋≻⋈∈⊥∋≻⋈∈⊥∋≻⋈∈⊤∋≻⋈∈⊥∋≻⋈∈⊥∋≻⋈∈⊥∋≻⋈∈⊥∋≻⋈∈⊥∋≻⋈∈⊥∋≻⋈∈⊤∋≻⋈∈⊥∋≻⋈∈⊥∋≻⋈∈⊥∋≻⋈∈⊥∋⊙⊡⊣
⊢≻⋈∈⊤∋≻⋈∈⊥∋≻⋈∈⊤∋≻⋈∈⊤∋≻⋈∈⊥∋≻⋈∈⊤∋≻⋈∈⊥∋≻⋈∈⊤∋≻⋈∈⊥∋⊙⊡⊣
⊢≻⋈∈⊤∋≻⋈∈⊥∋≻⋈∈⊥∋≻⋈∈⊤∋≻⋈∈⊥∋≻⋈∈⊤∋≻⋈∈⊥∋⊙⊡⊣
⊢≻⋈∈⊥∋≻⋈∈⊥∋≻⋈∈⊤∋≻⋈∈⊥∋≻⋈∈⊤∋≻⋈∈⊥∋≻⋈∈⊤∋≻⋈∈⊥∋≻⋈∈⊥∋≻⋈∈⊥∋≻⋈∈⊥∋⊙⊡⊣
⊢≻⋈∈⊥∋≻⋈∈⊥∋≻⋈∈⊥∋≻⋈∈⊤∋≻⋈∈⊥∋≻⋈∈⊤∋≻⋈∈⊤∋≻⋈∈⊥∋≻⋈∈⊤∋≻⋈∈⊥∋⊙⊡⊣
⊢≻⋈∈⊥∋≻⋈∈⊥∋≻⋈∈⊥∋≻⋈∈⊤∋≻⋈∈⊤∋≻⋈∈⊥∋≻⋈∈⊥∋≻⋈∈⊥∋≻⋈∈⊥∋≻⋈∈⊥∋≻⋈∈⊤∋≻⋈∈⊥∋≻⋈∈⊤∋≻⋈∈⊥∋≻⋈∈⊤∋≻⋈∈⊤∋≻⋈∈⊤∋≻⋈∈⊥∋≻⋈∈⊥∋≻⋈∈⊥∋≻⋈∈⊥∋≻⋈∈⊥∋⊙⊡⊣
⊢≻⋈∈⊥∋≻⋈∈⊥∋≻⋈∈⊤∋≻⋈∈⊤∋≻⋈∈⊥∋≻⋈∈⊤∋≻⋈∈⊥∋≻⋈∈⊤∋≻⋈∈⊥∋⊙⊡⊣
⊢≻⋈∈⊤∋≻⋈∈⊤∋≻⋈∈⊥∋≻⋈∈⊥∋≻⋈∈⊤∋≻⋈∈⊥∋≻⋈∈⊤∋≻⋈∈⊥∋≻⋈∈⊥∋≻⋈∈⊥∋⊙⊡⊣
⊢≻⋈∈⊤∋≻⋈∈⊤∋≻⋈∈⊥∋≻⋈∈⊤∋≻⋈∈⊥∋≻⋈∈⊤∋≻⋈∈⊥∋≻⋈∈⊤∋≻⋈∈⊤∋≻⋈∈⊤∋≻⋈∈⊥∋⊙⊡⊣
⊢≻⋈∈⊥∋≻⋈∈⊤∋≻⋈∈⊤∋≻⋈∈⊥∋≻⋈∈⊥∋≻⋈∈⊤∋≻⋈∈⊤∋≻⋈∈⊥∋≻⋈∈⊤∋≻⋈∈⊥∋⊙⊡⊣
⊢≻⋈∈⊤∋≻⋈∈⊥∋≻⋈∈⊤∋≻⋈∈⊥∋≻⋈∈⊤∋≻⋈∈⊥∋≻⋈∈⊥∋≻⋈∈⊥∋≻⋈∈⊥∋≻⋈∈⊥∋≻⋈∈⊤∋≻⋈∈⊥∋≻⋈∈⊥∋≻⋈∈⊤∋≻⋈∈⊥∋≻⋈∈⊤∋≻⋈∈⊤∋≻⋈∈⊥∋≻⋈∈⊥∋≻⋈∈⊥∋≻⋈∈⊥∋≻⋈∈⊥∋⊙⊡⊣
⊢≻⋈∈⊤∋≻⋈∈⊤∋≻⋈∈⊥∋≻⋈∈⊤∋≻⋈∈⊥∋≻⋈∈⊤∋≻⋈∈⊥∋≻⋈∈⊤∋≻⋈∈⊥∋⊙⊡⊣
⊢≻⋈∈⊤∋≻⋈∈⊤∋≻⋈∈⊥∋≻⋈∈⊥∋≻⋈∈⊤∋≻⋈∈⊥∋≻⋈∈⊤∋≻⋈∈⊥∋≻⋈∈⊥∋≻⋈∈⊥∋⊙⊡⊣
⊢≻⋈∈⊥∋≻⋈∈⊤∋≻⋈∈⊥∋≻⋈∈⊤∋≻⋈∈⊥∋≻⋈∈⊤∋≻⋈∈⊥∋≻⋈∈⊤∋≻⋈∈⊤∋≻⋈∈⊤∋≻⋈∈⊥∋⊙⊡⊣
⊢≻⋈∈⊥∋≻⋈∈⊥∋≻⋈∈⊤∋≻⋈∈⊥∋≻⋈∈⊥∋≻⋈∈⊤∋≻⋈∈⊤∋≻⋈∈⊥∋≻⋈∈⊤∋≻⋈∈⊥∋⊙⊡⊣
⊢≻⋈∈⊥∋≻⋈∈⊤∋≻⋈∈⊥∋≻⋈∈⊥∋≻⋈∈⊤∋≻⋈∈⊥∋≻⋈∈⊥∋≻⋈∈⊥∋≻⋈∈⊥∋≻⋈∈⊥∋≻⋈∈⊤∋≻⋈∈⊥∋≻⋈∈⊤∋≻⋈∈⊤∋≻⋈∈⊤∋≻⋈∈⊥∋≻⋈∈⊤∋≻⋈∈⊥∋≻⋈∈⊥∋≻⋈∈⊥∋≻⋈∈⊥∋≻⋈∈⊥∋⊙⊡⊣
⊢≻⋈∈⊥∋≻⋈∈⊤∋≻⋈∈⊥∋≻⋈∈⊤∋≻⋈∈⊥∋≻⋈∈⊤∋≻⋈∈⊥∋≻⋈∈⊤∋≻⋈∈⊥∋⊙⊡⊣
⊢≻⋈∈⊥∋≻⋈∈⊥∋≻⋈∈⊥∋≻⋈∈⊤∋≻⋈∈⊥∋≻⋈∈⊤∋≻⋈∈⊥∋⊙⊡⊣
⊢≻⋈∈⊥∋≻⋈∈⊤∋≻⋈∈⊤∋≻⋈∈⊥∋≻⋈∈⊤∋≻⋈∈⊥∋≻⋈∈⊤∋≻⋈∈⊥∋≻⋈∈⊥∋≻⋈∈⊥∋≻⋈∈⊥∋⊙⊡⊣
⊢≻⋈∈⊥∋≻⋈∈⊤∋≻⋈∈⊥∋≻⋈∈⊥∋≻⋈∈⊥∋≻⋈∈⊤∋≻⋈∈⊤∋≻⋈∈⊥∋≻⋈∈⊤∋≻⋈∈⊥∋⊙⊡⊣
⊢≻⋈∈⊤∋≻⋈∈⊤∋≻⋈∈⊤∋≻⋈∈⊤∋≻⋈∈⊥∋≻⋈∈⊥∋≻⋈∈⊥∋≻⋈∈⊥∋≻⋈∈⊥∋≻⋈∈⊥∋≻⋈∈⊤∋≻⋈∈⊥∋≻⋈∈⊥∋≻⋈∈⊥∋≻⋈∈⊤∋≻⋈∈⊥∋≻⋈∈⊤∋≻⋈∈⊥∋≻⋈∈⊥∋≻⋈∈⊥∋≻⋈∈⊥∋≻⋈∈⊥∋⊙⊡⊣
⊢≻⋈∈⊤∋≻⋈∈⊥∋≻⋈∈⊥∋≻⋈∈⊤∋≻⋈∈⊥∋≻⋈∈⊤∋≻⋈∈⊥∋≻⋈∈⊤∋≻⋈∈⊥∋⊙⊡⊣
⊢≻⋈∈⊥∋≻⋈∈⊥∋≻⋈∈⊥∋≻⋈∈⊤∋≻⋈∈⊥∋≻⋈∈⊤∋≻⋈∈⊥∋⊙⊡⊣
⊢≻⋈∈⊤∋≻⋈∈⊥∋≻⋈∈⊤∋≻⋈∈⊥∋≻⋈∈⊤∋≻⋈∈⊥∋≻⋈∈⊤∋≻⋈∈⊥∋≻⋈∈⊥∋≻⋈∈⊥∋≻⋈∈⊥∋⊙⊡⊣
⊢≻⋈∈⊥∋≻⋈∈⊥∋≻⋈∈⊥∋≻⋈∈⊥∋≻⋈∈⊥∋≻⋈∈⊤∋≻⋈∈⊤∋≻⋈∈⊥∋≻⋈∈⊤∋≻⋈∈⊥∋⊙⊡⊣
⊢≻⋈∈⊥∋≻⋈∈⊥∋≻⋈∈⊤∋≻⋈∈⊤∋≻⋈∈⊥∋≻⋈∈⊥∋≻⋈∈⊥∋≻⋈∈⊥∋≻⋈∈⊥∋≻⋈∈⊥∋≻⋈∈⊤∋≻⋈∈⊥∋≻⋈∈⊤∋≻⋈∈⊥∋≻⋈∈⊥∋≻⋈∈⊥∋≻⋈∈⊤∋≻⋈∈⊥∋≻⋈∈⊥∋≻⋈∈⊥∋≻⋈∈⊥∋≻⋈∈⊥∋⊙⊡⊣
⊢≻⋈∈⊥∋≻⋈∈⊥∋≻⋈∈⊥∋≻⋈∈⊤∋≻⋈∈⊥∋≻⋈∈⊤∋≻⋈∈⊥∋≻⋈∈⊤∋≻⋈∈⊥∋⊙⊡⊣
⊢≻⋈∈⊥∋≻⋈∈⊥∋≻⋈∈⊤∋≻⋈∈⊥∋≻⋈∈⊤∋≻⋈∈⊥∋≻⋈∈⊤∋≻⋈∈⊥∋≻⋈∈⊥∋≻⋈∈⊥∋⊙⊡⊣
⊢≻⋈∈⊥∋≻⋈∈⊤∋≻⋈∈⊥∋≻⋈∈⊤∋≻⋈∈⊥∋≻⋈∈⊤∋≻⋈∈⊥∋≻⋈∈⊤∋≻⋈∈⊤∋≻⋈∈⊤∋≻⋈∈⊥∋⊙⊡⊣
⊢≻⋈∈⊥∋≻⋈∈⊤∋≻⋈∈⊤∋≻⋈∈⊤∋≻⋈∈⊤∋≻⋈∈⊥∋≻⋈∈⊤∋≻⋈∈⊥∋≻⋈∈⊤∋≻⋈∈⊥∋⊙⊡⊣
⊢≻⋈∈⊤∋≻⋈∈⊥∋≻⋈∈⊥∋≻⋈∈⊤∋≻⋈∈⊥∋≻⋈∈⊥∋≻⋈∈⊥∋≻⋈∈⊥∋≻⋈∈⊥∋≻⋈∈⊥∋≻⋈∈⊤∋≻⋈∈⊥∋≻⋈∈⊥∋≻⋈∈⊤∋≻⋈∈⊤∋≻⋈∈⊤∋≻⋈∈⊥∋≻⋈∈⊥∋≻⋈∈⊥∋≻⋈∈⊥∋≻⋈∈⊥∋≻⋈∈⊥∋⊙⊡⊣
⊢≻⋈∈⊤∋≻⋈∈⊤∋≻⋈∈⊤∋≻⋈∈⊥∋≻⋈∈⊥∋≻⋈∈⊤∋≻⋈∈⊥∋≻⋈∈⊤∋≻⋈∈⊥∋⊙⊡⊣
⊢≻⋈∈⊥∋≻⋈∈⊥∋≻⋈∈⊤∋≻⋈∈⊥∋≻⋈∈⊤∋≻⋈∈⊥∋≻⋈∈⊤∋≻⋈∈⊥∋≻⋈∈⊥∋≻⋈∈⊥∋⊙⊡⊣
⊢≻⋈∈⊤∋≻⋈∈⊥∋≻⋈∈⊥∋≻⋈∈⊤∋≻⋈∈⊥∋≻⋈∈⊤∋≻⋈∈⊥∋≻⋈∈⊤∋≻⋈∈⊤∋≻⋈∈⊤∋≻⋈∈⊥∋⊙⊡⊣
⊢≻⋈∈⊥∋≻⋈∈⊥∋≻⋈∈⊤∋≻⋈∈⊤∋≻⋈∈⊤∋≻⋈∈⊥∋≻⋈∈⊤∋≻⋈∈⊥∋≻⋈∈⊤∋≻⋈∈⊥∋⊙⊡⊣
⊢≻⋈∈⊥∋≻⋈∈⊤∋≻⋈∈⊤∋≻⋈∈⊥∋≻⋈∈⊥∋≻⋈∈⊥∋≻⋈∈⊥∋≻⋈∈⊥∋≻⋈∈⊥∋≻⋈∈⊥∋≻⋈∈⊤∋≻⋈∈⊥∋≻⋈∈⊤∋≻⋈∈⊤∋≻⋈∈⊥∋≻⋈∈⊤∋≻⋈∈⊥∋≻⋈∈⊥∋≻⋈∈⊥∋≻⋈∈⊥∋≻⋈∈⊥∋≻⋈∈⊥∋⊙⊡⊣
⊢≻⋈∈⊥∋≻⋈∈⊤∋≻⋈∈⊤∋≻⋈∈⊥∋≻⋈∈⊥∋≻⋈∈⊤∋≻⋈∈⊥∋≻⋈∈⊤∋≻⋈∈⊥∋⊙⊡⊣
⊢≻⋈∈⊤∋≻⋈∈⊤∋≻⋈∈⊤∋≻⋈∈⊥∋≻⋈∈⊥∋≻⋈∈⊤∋≻⋈∈⊥∋⊙⊡⊣
⊢≻⋈∈⊤∋≻⋈∈⊤∋≻⋈∈⊤∋≻⋈∈⊥∋≻⋈∈⊤∋≻⋈∈⊥∋≻⋈∈⊤∋≻⋈∈⊥∋≻⋈∈⊥∋≻⋈∈⊥∋≻⋈∈⊥∋⊙⊡⊣
⊢≻⋈∈⊥∋≻⋈∈⊤∋≻⋈∈⊥∋≻⋈∈⊤∋≻⋈∈⊤∋≻⋈∈⊥∋≻⋈∈⊤∋≻⋈∈⊥∋≻⋈∈⊤∋≻⋈∈⊥∋⊙⊡⊣
⊢≻⋈∈⊤∋≻⋈∈⊤∋≻⋈∈⊥∋≻⋈∈⊥∋≻⋈∈⊥∋≻⋈∈⊥∋≻⋈∈⊥∋≻⋈∈⊥∋≻⋈∈⊥∋≻⋈∈⊥∋≻⋈∈⊤∋≻⋈∈⊥∋≻⋈∈⊥∋≻⋈∈⊥∋≻⋈∈⊥∋≻⋈∈⊤∋≻⋈∈⊥∋≻⋈∈⊥∋≻⋈∈⊥∋≻⋈∈⊥∋≻⋈∈⊥∋≻⋈∈⊥∋⊙⊡⊣
⊢≻⋈∈⊤∋≻⋈∈⊥∋≻⋈∈⊤∋≻⋈∈⊥∋≻⋈∈⊥∋≻⋈∈⊤∋≻⋈∈⊥∋≻⋈∈⊤∋≻⋈∈⊥∋⊙⊡⊣
⊢≻⋈∈⊤∋≻⋈∈⊤∋≻⋈∈⊤∋≻⋈∈⊥∋≻⋈∈⊥∋≻⋈∈⊤∋≻⋈∈⊥∋⊙⊡⊣
⊢≻⋈∈⊥∋≻⋈∈⊤∋≻⋈∈⊤∋≻⋈∈⊥∋≻⋈∈⊤∋≻⋈∈⊥∋≻⋈∈⊤∋≻⋈∈⊥∋≻⋈∈⊥∋≻⋈∈⊥∋≻⋈∈⊥∋⊙⊡⊣
⊢≻⋈∈⊥∋≻⋈∈⊥∋≻⋈∈⊥∋≻⋈∈⊤∋≻⋈∈⊤∋≻⋈∈⊥∋≻⋈∈⊤∋≻⋈∈⊥∋≻⋈∈⊤∋≻⋈∈⊥∋⊙⊡⊣
⊢≻⋈∈⊥∋≻⋈∈⊥∋≻⋈∈⊥∋≻⋈∈⊥∋≻⋈∈⊥∋≻⋈∈⊥∋≻⋈∈⊥∋≻⋈∈⊥∋≻⋈∈⊥∋≻⋈∈⊥∋≻⋈∈⊤∋≻⋈∈⊥∋≻⋈∈⊤∋≻⋈∈⊥∋≻⋈∈⊤∋≻⋈∈⊥∋≻⋈∈⊥∋≻⋈∈⊥∋≻⋈∈⊥∋≻⋈∈⊥∋≻⋈∈⊥∋≻⋈∈⊥∋⊙⊡⊣
⊢≻⋈∈⊥∋≻⋈∈⊥∋≻⋈∈⊤∋≻⋈∈⊥∋≻⋈∈⊥∋≻⋈∈⊤∋≻⋈∈⊥∋≻⋈∈⊤∋≻⋈∈⊥∋⊙⊡⊣
⊢≻⋈∈⊤∋≻⋈∈⊥∋≻⋈∈⊤∋≻⋈∈⊥∋≻⋈∈⊤∋≻⋈∈⊥∋≻⋈∈⊤∋≻⋈∈⊥∋≻⋈∈⊥∋≻⋈∈⊥∋⊙⊡⊣
⊢≻⋈∈⊤∋≻⋈∈⊥∋≻⋈∈⊥∋≻⋈∈⊤∋≻⋈∈⊥∋≻⋈∈⊤∋≻⋈∈⊥∋≻⋈∈⊤∋≻⋈∈⊤∋≻⋈∈⊤∋≻⋈∈⊥∋⊙⊡⊣
⊢≻⋈∈⊥∋≻⋈∈⊤∋≻⋈∈⊤∋≻⋈∈⊥∋≻⋈∈⊤∋≻⋈∈⊥∋≻⋈∈⊤∋≻⋈∈⊥∋≻⋈∈⊤∋≻⋈∈⊥∋⊙⊡⊣
⊢≻⋈∈⊤∋≻⋈∈⊥∋≻⋈∈⊤∋≻⋈∈⊤∋≻⋈∈⊤∋≻⋈∈⊤∋≻⋈∈⊤∋≻⋈∈⊤∋≻⋈∈⊤∋≻⋈∈⊤∋≻⋈∈⊥∋≻⋈∈⊥∋≻⋈∈⊥∋≻⋈∈⊤∋≻⋈∈⊥∋≻⋈∈⊥∋≻⋈∈⊥∋≻⋈∈⊥∋≻⋈∈⊥∋≻⋈∈⊥∋≻⋈∈⊥∋≻⋈∈⊥∋⊙⊡⊣
⊢≻⋈∈⊤∋≻⋈∈⊤∋≻⋈∈⊥∋≻⋈∈⊥∋≻⋈∈⊥∋≻⋈∈⊤∋≻⋈∈⊥∋≻⋈∈⊤∋≻⋈∈⊥∋⊙⊡⊣
⊢≻⋈∈⊤∋≻⋈∈⊥∋≻⋈∈⊤∋≻⋈∈⊥∋≻⋈∈⊤∋≻⋈∈⊥∋≻⋈∈⊤∋≻⋈∈⊥∋≻⋈∈⊥∋≻⋈∈⊥∋⊙⊡⊣
⊢≻⋈∈⊥∋≻⋈∈⊥∋≻⋈∈⊥∋≻⋈∈⊤∋≻⋈∈⊥∋≻⋈∈⊤∋≻⋈∈⊥∋≻⋈∈⊤∋≻⋈∈⊤∋≻⋈∈⊤∋≻⋈∈⊥∋⊙⊡⊣
⊢≻⋈∈⊥∋≻⋈∈⊥∋≻⋈∈⊤∋≻⋈∈⊥∋≻⋈∈⊤∋≻⋈∈⊥∋≻⋈∈⊤∋≻⋈∈⊥∋≻⋈∈⊤∋≻⋈∈⊥∋⊙⊡⊣
⊢≻⋈∈⊥∋≻⋈∈⊤∋≻⋈∈⊥∋≻⋈∈⊤∋≻⋈∈⊤∋≻⋈∈⊤∋≻⋈∈⊤∋≻⋈∈⊤∋≻⋈∈⊤∋≻⋈∈⊤∋≻⋈∈⊥∋≻⋈∈⊥∋≻⋈∈⊤∋≻⋈∈⊤∋≻⋈∈⊤∋≻⋈∈⊤∋≻⋈∈⊤∋≻⋈∈⊤∋≻⋈∈⊤∋≻⋈∈⊤∋≻⋈∈⊤∋≻⋈∈⊤∋≻⋈∈⊥∋⊙⊡⊣
⊢≻⋈∈⊥∋≻⋈∈⊤∋≻⋈∈⊥∋≻⋈∈⊥∋≻⋈∈⊥∋≻⋈∈⊤∋≻⋈∈⊥∋≻⋈∈⊤∋≻⋈∈⊥∋⊙⊡⊣
⊢≻⋈∈⊥∋≻⋈∈⊤∋≻⋈∈⊤∋≻⋈∈⊥∋≻⋈∈⊥∋≻⋈∈⊤∋≻⋈∈⊥∋⊙⊡⊣
⊢≻⋈∈⊥∋≻⋈∈⊥∋≻⋈∈⊥∋≻⋈∈⊤∋≻⋈∈⊤∋≻⋈∈⊥∋≻⋈∈⊤∋≻⋈∈⊥∋≻⋈∈⊥∋≻⋈∈⊥∋≻⋈∈⊥∋⊙⊡⊣
⊢≻⋈∈⊥∋≻⋈∈⊤∋≻⋈∈⊥∋≻⋈∈⊥∋≻⋈∈⊤∋≻⋈∈⊥∋≻⋈∈⊤∋≻⋈∈⊥∋≻⋈∈⊤∋≻⋈∈⊥∋⊙⊡⊣
⊢≻⋈∈⊤∋≻⋈∈⊤∋≻⋈∈⊤∋≻⋈∈⊥∋≻⋈∈⊤∋≻⋈∈⊤∋≻⋈∈⊤∋≻⋈∈⊤∋≻⋈∈⊤∋≻⋈∈⊤∋≻⋈∈⊥∋≻⋈∈⊥∋≻⋈∈⊥∋≻⋈∈⊥∋≻⋈∈⊤∋≻⋈∈⊤∋≻⋈∈⊤∋≻⋈∈⊤∋≻⋈∈⊤∋≻⋈∈⊤∋≻⋈∈⊤∋≻⋈∈⊤∋≻⋈∈⊥∋⊙⊡⊣
⊢≻⋈∈⊤∋≻⋈∈⊥∋≻⋈∈⊥∋≻⋈∈⊥∋≻⋈∈⊥∋≻⋈∈⊤∋≻⋈∈⊥∋≻⋈∈⊤∋≻⋈∈⊥∋⊙⊡⊣
⊢≻⋈∈⊥∋≻⋈∈⊤∋≻⋈∈⊤∋≻⋈∈⊥∋≻⋈∈⊥∋≻⋈∈⊤∋≻⋈∈⊥∋⊙⊡⊣
⊢≻⋈∈⊤∋≻⋈∈⊤∋≻⋈∈⊤∋≻⋈∈⊥∋≻⋈∈⊤∋≻⋈∈⊥∋≻⋈∈⊤∋≻⋈∈⊥∋≻⋈∈⊥∋≻⋈∈⊥∋≻⋈∈⊥∋⊙⊡⊣
⊢≻⋈∈⊥∋≻⋈∈⊥∋≻⋈∈⊥∋≻⋈∈⊥∋≻⋈∈⊤∋≻⋈∈⊥∋≻⋈∈⊤∋≻⋈∈⊥∋≻⋈∈⊤∋≻⋈∈⊥∋⊙⊡⊣
⊢≻⋈∈⊥∋≻⋈∈⊥∋≻⋈∈⊤∋≻⋈∈⊥∋≻⋈∈⊤∋≻⋈∈⊤∋≻⋈∈⊤∋≻⋈∈⊤∋≻⋈∈⊤∋≻⋈∈⊤∋≻⋈∈⊥∋≻⋈∈⊥∋≻⋈∈⊤∋≻⋈∈⊥∋≻⋈∈⊥∋≻⋈∈⊤∋≻⋈∈⊤∋≻⋈∈⊤∋≻⋈∈⊤∋≻⋈∈⊤∋≻⋈∈⊤∋≻⋈∈⊤∋≻⋈∈⊥∋⊙⊡⊣
⊢≻⋈∈⊥∋≻⋈∈⊥∋≻⋈∈⊥∋≻⋈∈⊥∋≻⋈∈⊥∋≻⋈∈⊤∋≻⋈∈⊥∋≻⋈∈⊤∋≻⋈∈⊥∋⊙⊡⊣
⊢≻⋈∈⊥∋≻⋈∈⊤∋≻⋈∈⊤∋≻⋈∈⊥∋≻⋈∈⊤∋≻⋈∈⊥∋≻⋈∈⊤∋≻⋈∈⊥∋≻⋈∈⊥∋≻⋈∈⊥∋⊙⊡⊣
⊢≻⋈∈⊥∋≻⋈∈⊥∋≻⋈∈⊥∋≻⋈∈⊤∋≻⋈∈⊥∋≻⋈∈⊤∋≻⋈∈⊥∋≻⋈∈⊤∋≻⋈∈⊤∋≻⋈∈⊤∋≻⋈∈⊥∋⊙⊡⊣
⊢≻⋈∈⊥∋≻⋈∈⊤∋≻⋈∈⊤∋≻⋈∈⊤∋≻⋈∈⊥∋≻⋈∈⊥∋≻⋈∈⊤∋≻⋈∈⊥∋≻⋈∈⊤∋≻⋈∈⊥∋⊙⊡⊣
⊢≻⋈∈⊤∋≻⋈∈⊥∋≻⋈∈⊥∋≻⋈∈⊥∋≻⋈∈⊤∋≻⋈∈⊤∋≻⋈∈⊤∋≻⋈∈⊤∋≻⋈∈⊤∋≻⋈∈⊤∋≻⋈∈⊥∋≻⋈∈⊥∋≻⋈∈⊥∋≻⋈∈⊤∋≻⋈∈⊤∋≻⋈∈⊥∋≻⋈∈⊤∋≻⋈∈⊤∋≻⋈∈⊤∋≻⋈∈⊤∋≻⋈∈⊤∋≻⋈∈⊤∋≻⋈∈⊥∋⊙⊡⊣
⊢≻⋈∈⊤∋≻⋈∈⊤∋≻⋈∈⊤∋≻⋈∈⊤∋≻⋈∈⊤∋≻⋈∈⊥∋≻⋈∈⊥∋≻⋈∈⊤∋≻⋈∈⊥∋⊙⊡⊣
⊢≻⋈∈⊥∋≻⋈∈⊤∋≻⋈∈⊤∋≻⋈∈⊥∋≻⋈∈⊤∋≻⋈∈⊥∋≻⋈∈⊤∋≻⋈∈⊥∋≻⋈∈⊥∋≻⋈∈⊥∋⊙⊡⊣
⊢≻⋈∈⊤∋≻⋈∈⊤∋≻⋈∈⊤∋≻⋈∈⊥∋≻⋈∈⊥∋≻⋈∈⊤∋≻⋈∈⊥∋≻⋈∈⊤∋≻⋈∈⊤∋≻⋈∈⊤∋≻⋈∈⊥∋⊙⊡⊣
⊢≻⋈∈⊥∋≻⋈∈⊥∋≻⋈∈⊤∋≻⋈∈⊤∋≻⋈∈⊥∋≻⋈∈⊥∋≻⋈∈⊤∋≻⋈∈⊥∋≻⋈∈⊤∋≻⋈∈⊥∋⊙⊡⊣
⊢≻⋈∈⊥∋≻⋈∈⊤∋≻⋈∈⊤∋≻⋈∈⊤∋≻⋈∈⊥∋≻⋈∈⊤∋≻⋈∈⊤∋≻⋈∈⊤∋≻⋈∈⊤∋≻⋈∈⊤∋≻⋈∈⊥∋≻⋈∈⊥∋≻⋈∈⊤∋≻⋈∈⊤∋≻⋈∈⊥∋≻⋈∈⊥∋≻⋈∈⊤∋≻⋈∈⊤∋≻⋈∈⊤∋≻⋈∈⊤∋≻⋈∈⊤∋≻⋈∈⊤∋≻⋈∈⊥∋⊙⊡⊣
⊢≻⋈∈⊥∋≻⋈∈⊤∋≻⋈∈⊤∋≻⋈∈⊤∋≻⋈∈⊤∋≻⋈∈⊥∋≻⋈∈⊥∋≻⋈∈⊤∋≻⋈∈⊥∋⊙⊡⊣
⊢≻⋈∈⊤∋≻⋈∈⊥∋≻⋈∈⊤∋≻⋈∈⊥∋≻⋈∈⊥∋≻⋈∈⊤∋≻⋈∈⊥∋⊙⊡⊣
⊢≻⋈∈⊤∋≻⋈∈⊥∋≻⋈∈⊥∋≻⋈∈⊤∋≻⋈∈⊤∋≻⋈∈⊥∋≻⋈∈⊤∋≻⋈∈⊥∋≻⋈∈⊥∋≻⋈∈⊥∋≻⋈∈⊥∋⊙⊡⊣
⊢≻⋈∈⊥∋≻⋈∈⊤∋≻⋈∈⊥∋≻⋈∈⊤∋≻⋈∈⊥∋≻⋈∈⊥∋≻⋈∈⊤∋≻⋈∈⊥∋≻⋈∈⊤∋≻⋈∈⊥∋⊙⊡⊣
⊢≻⋈∈⊤∋≻⋈∈⊤∋≻⋈∈⊥∋≻⋈∈⊤∋≻⋈∈⊥∋≻⋈∈⊤∋≻⋈∈⊤∋≻⋈∈⊤∋≻⋈∈⊤∋≻⋈∈⊤∋≻⋈∈⊥∋≻⋈∈⊥∋≻⋈∈⊥∋≻⋈∈⊥∋≻⋈∈⊥∋≻⋈∈⊥∋≻⋈∈⊤∋≻⋈∈⊤∋≻⋈∈⊤∋≻⋈∈⊤∋≻⋈∈⊤∋≻⋈∈⊤∋≻⋈∈⊥∋⊙⊡⊣
⊢≻⋈∈⊤∋≻⋈∈⊥∋≻⋈∈⊤∋≻⋈∈⊤∋≻⋈∈⊤∋≻⋈∈⊥∋≻⋈∈⊥∋≻⋈∈⊤∋≻⋈∈⊥∋⊙⊡⊣
⊢≻⋈∈⊤∋≻⋈∈⊥∋≻⋈∈⊤∋≻⋈∈⊥∋≻⋈∈⊥∋≻⋈∈⊤∋≻⋈∈⊥∋⊙⊡⊣
⊢≻⋈∈⊥∋≻⋈∈⊥∋≻⋈∈⊥∋≻⋈∈⊤∋≻⋈∈⊤∋≻⋈∈⊥∋≻⋈∈⊤∋≻⋈∈⊥∋≻⋈∈⊥∋≻⋈∈⊥∋≻⋈∈⊥∋⊙⊡⊣
⊢≻⋈∈⊥∋≻⋈∈⊥∋≻⋈∈⊥∋≻⋈∈⊤∋≻⋈∈⊥∋≻⋈∈⊥∋≻⋈∈⊤∋≻⋈∈⊥∋≻⋈∈⊤∋≻⋈∈⊥∋⊙⊡⊣
⊢≻⋈∈⊥∋≻⋈∈⊥∋≻⋈∈⊥∋≻⋈∈⊤∋≻⋈∈⊥∋≻⋈∈⊤∋≻⋈∈⊤∋≻⋈∈⊤∋≻⋈∈⊤∋≻⋈∈⊤∋≻⋈∈⊥∋≻⋈∈⊥∋≻⋈∈⊤∋≻⋈∈⊥∋≻⋈∈⊤∋≻⋈∈⊤∋≻⋈∈⊥∋≻⋈∈⊤∋≻⋈∈⊤∋≻⋈∈⊤∋≻⋈∈⊤∋≻⋈∈⊤∋≻⋈∈⊥∋⊙⊡⊣
⊢≻⋈∈⊥∋≻⋈∈⊥∋≻⋈∈⊤∋≻⋈∈⊤∋≻⋈∈⊤∋≻⋈∈⊥∋≻⋈∈⊥∋≻⋈∈⊤∋≻⋈∈⊥∋⊙⊡⊣
⊢≻⋈∈⊤∋≻⋈∈⊤∋≻⋈∈⊤∋≻⋈∈⊥∋≻⋈∈⊤∋≻⋈∈⊥∋≻⋈∈⊤∋≻⋈∈⊥∋≻⋈∈⊥∋≻⋈∈⊥∋⊙⊡⊣
⊢≻⋈∈⊤∋≻⋈∈⊤∋≻⋈∈⊤∋≻⋈∈⊥∋≻⋈∈⊥∋≻⋈∈⊤∋≻⋈∈⊥∋≻⋈∈⊤∋≻⋈∈⊤∋≻⋈∈⊤∋≻⋈∈⊥∋⊙⊡⊣
⊢≻⋈∈⊥∋≻⋈∈⊤∋≻⋈∈⊤∋≻⋈∈⊥∋≻⋈∈⊥∋≻⋈∈⊥∋≻⋈∈⊤∋≻⋈∈⊥∋≻⋈∈⊤∋≻⋈∈⊥∋⊙⊡⊣
⊢≻⋈∈⊤∋≻⋈∈⊥∋≻⋈∈⊤∋≻⋈∈⊥∋≻⋈∈⊥∋≻⋈∈⊤∋≻⋈∈⊤∋≻⋈∈⊤∋≻⋈∈⊤∋≻⋈∈⊤∋≻⋈∈⊥∋≻⋈∈⊥∋≻⋈∈⊥∋≻⋈∈⊤∋≻⋈∈⊥∋≻⋈∈⊤∋≻⋈∈⊥∋≻⋈∈⊤∋≻⋈∈⊤∋≻⋈∈⊤∋≻⋈∈⊤∋≻⋈∈⊤∋≻⋈∈⊥∋⊙⊡⊣
⊢≻⋈∈⊤∋≻⋈∈⊤∋≻⋈∈⊥∋≻⋈∈⊤∋≻⋈∈⊤∋≻⋈∈⊥∋≻⋈∈⊥∋≻⋈∈⊤∋≻⋈∈⊥∋⊙⊡⊣
⊢≻⋈∈⊤∋≻⋈∈⊤∋≻⋈∈⊤∋≻⋈∈⊥∋≻⋈∈⊤∋≻⋈∈⊥∋≻⋈∈⊤∋≻⋈∈⊥∋≻⋈∈⊥∋≻⋈∈⊥∋⊙⊡⊣
⊢≻⋈∈⊥∋≻⋈∈⊤∋≻⋈∈⊤∋≻⋈∈⊥∋≻⋈∈⊥∋≻⋈∈⊤∋≻⋈∈⊥∋≻⋈∈⊤∋≻⋈∈⊤∋≻⋈∈⊤∋≻⋈∈⊥∋⊙⊡⊣
⊢≻⋈∈⊥∋≻⋈∈⊥∋≻⋈∈⊤∋≻⋈∈⊥∋≻⋈∈⊥∋≻⋈∈⊥∋≻⋈∈⊤∋≻⋈∈⊥∋≻⋈∈⊤∋≻⋈∈⊥∋⊙⊡⊣
⊢≻⋈∈⊥∋≻⋈∈⊤∋≻⋈∈⊥∋≻⋈∈⊥∋≻⋈∈⊥∋≻⋈∈⊤∋≻⋈∈⊤∋≻⋈∈⊤∋≻⋈∈⊤∋≻⋈∈⊤∋≻⋈∈⊥∋≻⋈∈⊥∋≻⋈∈⊤∋≻⋈∈⊤∋≻⋈∈⊤∋≻⋈∈⊥∋≻⋈∈⊥∋≻⋈∈⊤∋≻⋈∈⊤∋≻⋈∈⊤∋≻⋈∈⊤∋≻⋈∈⊤∋≻⋈∈⊥∋⊙⊡⊣
⊢≻⋈∈⊥∋≻⋈∈⊤∋≻⋈∈⊥∋≻⋈∈⊤∋≻⋈∈⊤∋≻⋈∈⊥∋≻⋈∈⊥∋≻⋈∈⊤∋≻⋈∈⊥∋⊙⊡⊣
⊢≻⋈∈⊥∋≻⋈∈⊥∋≻⋈∈⊤∋≻⋈∈⊥∋≻⋈∈⊥∋≻⋈∈⊤∋≻⋈∈⊥∋⊙⊡⊣
⊢≻⋈∈⊥∋≻⋈∈⊤∋≻⋈∈⊥∋≻⋈∈⊤∋≻⋈∈⊤∋≻⋈∈⊥∋≻⋈∈⊤∋≻⋈∈⊥∋≻⋈∈⊥∋≻⋈∈⊥∋≻⋈∈⊥∋⊙⊡⊣
⊢≻⋈∈⊥∋≻⋈∈⊤∋≻⋈∈⊥∋≻⋈∈⊥∋≻⋈∈⊥∋≻⋈∈⊥∋≻⋈∈⊤∋≻⋈∈⊥∋≻⋈∈⊤∋≻⋈∈⊥∋⊙⊡⊣
⊢≻⋈∈⊤∋≻⋈∈⊤∋≻⋈∈⊤∋≻⋈∈⊤∋≻⋈∈⊤∋≻⋈∈⊥∋≻⋈∈⊤∋≻⋈∈⊤∋≻⋈∈⊤∋≻⋈∈⊤∋≻⋈∈⊥∋≻⋈∈⊥∋≻⋈∈⊥∋≻⋈∈⊥∋≻⋈∈⊤∋≻⋈∈⊥∋≻⋈∈⊥∋≻⋈∈⊤∋≻⋈∈⊤∋≻⋈∈⊤∋≻⋈∈⊤∋≻⋈∈⊤∋≻⋈∈⊥∋⊙⊡⊣
⊢≻⋈∈⊤∋≻⋈∈⊥∋≻⋈∈⊥∋≻⋈∈⊤∋≻⋈∈⊤∋≻⋈∈⊥∋≻⋈∈⊥∋≻⋈∈⊤∋≻⋈∈⊥∋⊙⊡⊣
⊢≻⋈∈⊥∋≻⋈∈⊥∋≻⋈∈⊤∋≻⋈∈⊥∋≻⋈∈⊥∋≻⋈∈⊤∋≻⋈∈⊥∋⊙⊡⊣
⊢≻⋈∈⊤∋≻⋈∈⊥∋≻⋈∈⊥∋≻⋈∈⊤∋≻⋈∈⊤∋≻⋈∈⊥∋≻⋈∈⊤∋≻⋈∈⊥∋≻⋈∈⊥∋≻⋈∈⊥∋≻⋈∈⊥∋⊙⊡⊣
⊢≻⋈∈⊥∋≻⋈∈⊥∋≻⋈∈⊥∋≻⋈∈⊥∋≻⋈∈⊥∋≻⋈∈⊥∋≻⋈∈⊤∋≻⋈∈⊥∋≻⋈∈⊤∋≻⋈∈⊥∋⊙⊡⊣
⊢≻⋈∈⊥∋≻⋈∈⊥∋≻⋈∈⊤∋≻⋈∈⊤∋≻⋈∈⊤∋≻⋈∈⊥∋≻⋈∈⊤∋≻⋈∈⊤∋≻⋈∈⊤∋≻⋈∈⊤∋≻⋈∈⊥∋≻⋈∈⊥∋≻⋈∈⊤∋≻⋈∈⊥∋≻⋈∈⊥∋≻⋈∈⊥∋≻⋈∈⊥∋≻⋈∈⊤∋≻⋈∈⊤∋≻⋈∈⊤∋≻⋈∈⊤∋≻⋈∈⊤∋≻⋈∈⊥∋⊙⊡⊣
⊢≻⋈∈⊥∋≻⋈∈⊥∋≻⋈∈⊥∋≻⋈∈⊤∋≻⋈∈⊤∋≻⋈∈⊥∋≻⋈∈⊥∋≻⋈∈⊤∋≻⋈∈⊥∋⊙⊡⊣
⊢≻⋈∈⊥∋≻⋈∈⊥∋≻⋈∈⊥∋≻⋈∈⊤∋≻⋈∈⊤∋≻⋈∈⊥∋≻⋈∈⊤∋≻⋈∈⊥∋≻⋈∈⊥∋≻⋈∈⊥∋⊙⊡⊣
⊢≻⋈∈⊥∋≻⋈∈⊤∋≻⋈∈⊤∋≻⋈∈⊥∋≻⋈∈⊥∋≻⋈∈⊤∋≻⋈∈⊥∋≻⋈∈⊤∋≻⋈∈⊤∋≻⋈∈⊤∋≻⋈∈⊥∋⊙⊡⊣
⊢≻⋈∈⊥∋≻⋈∈⊤∋≻⋈∈⊤∋≻⋈∈⊤∋≻⋈∈⊤∋≻⋈∈⊤∋≻⋈∈⊥∋≻⋈∈⊥∋≻⋈∈⊤∋≻⋈∈⊥∋⊙⊡⊣
⊢≻⋈∈⊤∋≻⋈∈⊥∋≻⋈∈⊥∋≻⋈∈⊤∋≻⋈∈⊤∋≻⋈∈⊥∋≻⋈∈⊤∋≻⋈∈⊤∋≻⋈∈⊤∋≻⋈∈⊤∋≻⋈∈⊥∋≻⋈∈⊥∋≻⋈∈⊥∋≻⋈∈⊤∋≻⋈∈⊤∋≻⋈∈⊤∋≻⋈∈⊤∋≻⋈∈⊥∋≻⋈∈⊤∋≻⋈∈⊤∋≻⋈∈⊤∋≻⋈∈⊤∋≻⋈∈⊥∋⊙⊡⊣
⊢≻⋈∈⊤∋≻⋈∈⊤∋≻⋈∈⊤∋≻⋈∈⊥∋≻⋈∈⊤∋≻⋈∈⊥∋≻⋈∈⊥∋≻⋈∈⊤∋≻⋈∈⊥∋⊙⊡⊣
⊢≻⋈∈⊥∋≻⋈∈⊥∋≻⋈∈⊥∋≻⋈∈⊤∋≻⋈∈⊤∋≻⋈∈⊥∋≻⋈∈⊤∋≻⋈∈⊥∋≻⋈∈⊥∋≻⋈∈⊥∋⊙⊡⊣
⊢≻⋈∈⊤∋≻⋈∈⊥∋≻⋈∈⊤∋≻⋈∈⊥∋≻⋈∈⊥∋≻⋈∈⊤∋≻⋈∈⊥∋≻⋈∈⊤∋≻⋈∈⊤∋≻⋈∈⊤∋≻⋈∈⊥∋⊙⊡⊣
⊢≻⋈∈⊥∋≻⋈∈⊥∋≻⋈∈⊤∋≻⋈∈⊤∋≻⋈∈⊤∋≻⋈∈⊤∋≻⋈∈⊥∋≻⋈∈⊥∋≻⋈∈⊤∋≻⋈∈⊥∋⊙⊡⊣
⊢≻⋈∈⊥∋≻⋈∈⊤∋≻⋈∈⊤∋≻⋈∈⊥∋≻⋈∈⊤∋≻⋈∈⊥∋≻⋈∈⊤∋≻⋈∈⊤∋≻⋈∈⊤∋≻⋈∈⊤∋≻⋈∈⊥∋≻⋈∈⊥∋≻⋈∈⊤∋≻⋈∈⊤∋≻⋈∈⊥∋≻⋈∈⊤∋≻⋈∈⊤∋≻⋈∈⊥∋≻⋈∈⊤∋≻⋈∈⊤∋≻⋈∈⊤∋≻⋈∈⊤∋≻⋈∈⊥∋⊙⊡⊣
⊢≻⋈∈⊥∋≻⋈∈⊤∋≻⋈∈⊤∋≻⋈∈⊥∋≻⋈∈⊤∋≻⋈∈⊥∋≻⋈∈⊥∋≻⋈∈⊤∋≻⋈∈⊥∋⊙⊡⊣
⊢≻⋈∈⊤∋≻⋈∈⊤∋≻⋈∈⊥∋≻⋈∈⊥∋≻⋈∈⊥∋≻⋈∈⊤∋≻⋈∈⊥∋⊙⊡⊣
⊢≻⋈∈⊤∋≻⋈∈⊤∋≻⋈∈⊥∋≻⋈∈⊤∋≻⋈∈⊤∋≻⋈∈⊥∋≻⋈∈⊤∋≻⋈∈⊥∋≻⋈∈⊥∋≻⋈∈⊥∋≻⋈∈⊥∋⊙⊡⊣
⊢≻⋈∈⊥∋≻⋈∈⊤∋≻⋈∈⊥∋≻⋈∈⊤∋≻⋈∈⊤∋≻⋈∈⊤∋≻⋈∈⊥∋≻⋈∈⊥∋≻⋈∈⊤∋≻⋈∈⊥∋⊙⊡⊣
⊢≻⋈∈⊤∋≻⋈∈⊤∋≻⋈∈⊥∋≻⋈∈⊥∋≻⋈∈⊤∋≻⋈∈⊥∋≻⋈∈⊤∋≻⋈∈⊤∋≻⋈∈⊤∋≻⋈∈⊤∋≻⋈∈⊥∋≻⋈∈⊥∋≻⋈∈⊥∋≻⋈∈⊥∋≻⋈∈⊥∋≻⋈∈⊤∋≻⋈∈⊤∋≻⋈∈⊥∋≻⋈∈⊤∋≻⋈∈⊤∋≻⋈∈⊤∋≻⋈∈⊤∋≻⋈∈⊥∋⊙⊡⊣
⊢≻⋈∈⊤∋≻⋈∈⊥∋≻⋈∈⊤∋≻⋈∈⊥∋≻⋈∈⊤∋≻⋈∈⊥∋≻⋈∈⊥∋≻⋈∈⊤∋≻⋈∈⊥∋⊙⊡⊣
⊢≻⋈∈⊤∋≻⋈∈⊤∋≻⋈∈⊥∋≻⋈∈⊥∋≻⋈∈⊥∋≻⋈∈⊤∋≻⋈∈⊥∋⊙⊡⊣
⊢≻⋈∈⊥∋≻⋈∈⊤∋≻⋈∈⊥∋≻⋈∈⊤∋≻⋈∈⊤∋≻⋈∈⊥∋≻⋈∈⊤∋≻⋈∈⊥∋≻⋈∈⊥∋≻⋈∈⊥∋≻⋈∈⊥∋⊙⊡⊣
⊢≻⋈∈⊥∋≻⋈∈⊥∋≻⋈∈⊥∋≻⋈∈⊤∋≻⋈∈⊤∋≻⋈∈⊤∋≻⋈∈⊥∋≻⋈∈⊥∋≻⋈∈⊤∋≻⋈∈⊥∋⊙⊡⊣
⊢≻⋈∈⊥∋≻⋈∈⊥∋≻⋈∈⊥∋≻⋈∈⊥∋≻⋈∈⊤∋≻⋈∈⊥∋≻⋈∈⊤∋≻⋈∈⊤∋≻⋈∈⊤∋≻⋈∈⊤∋≻⋈∈⊥∋≻⋈∈⊥∋≻⋈∈⊤∋≻⋈∈⊥∋≻⋈∈⊤∋≻⋈∈⊥∋≻⋈∈⊤∋≻⋈∈⊥∋≻⋈∈⊤∋≻⋈∈⊤∋≻⋈∈⊤∋≻⋈∈⊤∋≻⋈∈⊥∋⊙⊡⊣
⊢≻⋈∈⊥∋≻⋈∈⊥∋≻⋈∈⊤∋≻⋈∈⊥∋≻⋈∈⊤∋≻⋈∈⊥∋≻⋈∈⊥∋≻⋈∈⊤∋≻⋈∈⊥∋⊙⊡⊣
⊢≻⋈∈⊤∋≻⋈∈⊥∋≻⋈∈⊥∋≻⋈∈⊤∋≻⋈∈⊤∋≻⋈∈⊥∋≻⋈∈⊤∋≻⋈∈⊥∋≻⋈∈⊥∋≻⋈∈⊥∋⊙⊡⊣
⊢≻⋈∈⊤∋≻⋈∈⊥∋≻⋈∈⊤∋≻⋈∈⊥∋≻⋈∈⊥∋≻⋈∈⊤∋≻⋈∈⊥∋≻⋈∈⊤∋≻⋈∈⊤∋≻⋈∈⊤∋≻⋈∈⊥∋⊙⊡⊣
⊢≻⋈∈⊥∋≻⋈∈⊤∋≻⋈∈⊤∋≻⋈∈⊥∋≻⋈∈⊤∋≻⋈∈⊤∋≻⋈∈⊥∋≻⋈∈⊥∋≻⋈∈⊤∋≻⋈∈⊥∋⊙⊡⊣
⊢≻⋈∈⊤∋≻⋈∈⊥∋≻⋈∈⊤∋≻⋈∈⊤∋≻⋈∈⊥∋≻⋈∈⊥∋≻⋈∈⊤∋≻⋈∈⊤∋≻⋈∈⊤∋≻⋈∈⊤∋≻⋈∈⊥∋≻⋈∈⊥∋≻⋈∈⊥∋≻⋈∈⊤∋≻⋈∈⊥∋≻⋈∈⊥∋≻⋈∈⊤∋≻⋈∈⊥∋≻⋈∈⊤∋≻⋈∈⊤∋≻⋈∈⊤∋≻⋈∈⊤∋≻⋈∈⊥∋⊙⊡⊣
⊢≻⋈∈⊤∋≻⋈∈⊤∋≻⋈∈⊥∋≻⋈∈⊥∋≻⋈∈⊤∋≻⋈∈⊥∋≻⋈∈⊥∋≻⋈∈⊤∋≻⋈∈⊥∋⊙⊡⊣
⊢≻⋈∈⊤∋≻⋈∈⊥∋≻⋈∈⊥∋≻⋈∈⊤∋≻⋈∈⊤∋≻⋈∈⊥∋≻⋈∈⊤∋≻⋈∈⊥∋≻⋈∈⊥∋≻⋈∈⊥∋⊙⊡⊣
⊢≻⋈∈⊥∋≻⋈∈⊥∋≻⋈∈⊤∋≻⋈∈⊥∋≻⋈∈⊥∋≻⋈∈⊤∋≻⋈∈⊥∋≻⋈∈⊤∋≻⋈∈⊤∋≻⋈∈⊤∋≻⋈∈⊥∋⊙⊡⊣
⊢≻⋈∈⊥∋≻⋈∈⊥∋≻⋈∈⊤∋≻⋈∈⊥∋≻⋈∈⊤∋≻⋈∈⊤∋≻⋈∈⊥∋≻⋈∈⊥∋≻⋈∈⊤∋≻⋈∈⊥∋⊙⊡⊣
⊢≻⋈∈⊥∋≻⋈∈⊤∋≻⋈∈⊥∋≻⋈∈⊤∋≻⋈∈⊥∋≻⋈∈⊥∋≻⋈∈⊤∋≻⋈∈⊤∋≻⋈∈⊤∋≻⋈∈⊤∋≻⋈∈⊥∋≻⋈∈⊥∋≻⋈∈⊤∋≻⋈∈⊤∋≻⋈∈⊤∋≻⋈∈⊤∋≻⋈∈⊥∋≻⋈∈⊥∋≻⋈∈⊤∋≻⋈∈⊤∋≻⋈∈⊤∋≻⋈∈⊤∋≻⋈∈⊥∋⊙⊡⊣
⊢≻⋈∈⊥∋≻⋈∈⊤∋≻⋈∈⊥∋≻⋈∈⊥∋≻⋈∈⊤∋≻⋈∈⊥∋≻⋈∈⊥∋≻⋈∈⊤∋≻⋈∈⊥∋⊙⊡⊣
⊢≻⋈∈⊥∋≻⋈∈⊤∋≻⋈∈⊥∋≻⋈∈⊥∋≻⋈∈⊥∋≻⋈∈⊤∋≻⋈∈⊥∋⊙⊡⊣
⊢≻⋈∈⊥∋≻⋈∈⊥∋≻⋈∈⊤∋≻⋈∈⊤∋≻⋈∈⊤∋≻⋈∈⊥∋≻⋈∈⊤∋≻⋈∈⊥∋≻⋈∈⊥∋≻⋈∈⊥∋≻⋈∈⊥∋⊙⊡⊣
⊢≻⋈∈⊥∋≻⋈∈⊤∋≻⋈∈⊥∋≻⋈∈⊥∋≻⋈∈⊤∋≻⋈∈⊤∋≻⋈∈⊥∋≻⋈∈⊥∋≻⋈∈⊤∋≻⋈∈⊥∋⊙⊡⊣
⊢≻⋈∈⊤∋≻⋈∈⊤∋≻⋈∈⊤∋≻⋈∈⊥∋≻⋈∈⊥∋≻⋈∈⊥∋≻⋈∈⊤∋≻⋈∈⊤∋≻⋈∈⊤∋≻⋈∈⊤∋≻⋈∈⊥∋≻⋈∈⊥∋≻⋈∈⊥∋≻⋈∈⊥∋≻⋈∈⊤∋≻⋈∈⊤∋≻⋈∈⊥∋≻⋈∈⊥∋≻⋈∈⊤∋≻⋈∈⊤∋≻⋈∈⊤∋≻⋈∈⊤∋≻⋈∈⊥∋⊙⊡⊣
⊢≻⋈∈⊤∋≻⋈∈⊥∋≻⋈∈⊥∋≻⋈∈⊥∋≻⋈∈⊤∋≻⋈∈⊥∋≻⋈∈⊥∋≻⋈∈⊤∋≻⋈∈⊥∋⊙⊡⊣
⊢≻⋈∈⊥∋≻⋈∈⊤∋≻⋈∈⊥∋≻⋈∈⊥∋≻⋈∈⊥∋≻⋈∈⊤∋≻⋈∈⊥∋⊙⊡⊣
⊢≻⋈∈⊤∋≻⋈∈⊤∋≻⋈∈⊥∋≻⋈∈⊤∋≻⋈∈⊤∋≻⋈∈⊥∋≻⋈∈⊤∋≻⋈∈⊥∋≻⋈∈⊥∋≻⋈∈⊥∋≻⋈∈⊥∋⊙⊡⊣
⊢≻⋈∈⊥∋≻⋈∈⊥∋≻⋈∈⊥∋≻⋈∈⊥∋≻⋈∈⊤∋≻⋈∈⊤∋≻⋈∈⊥∋≻⋈∈⊥∋≻⋈∈⊤∋≻⋈∈⊥∋⊙⊡⊣
⊢≻⋈∈⊥∋≻⋈∈⊥∋≻⋈∈⊤∋≻⋈∈⊥∋≻⋈∈⊥∋≻⋈∈⊥∋≻⋈∈⊤∋≻⋈∈⊤∋≻⋈∈⊤∋≻⋈∈⊤∋≻⋈∈⊥∋≻⋈∈⊥∋≻⋈∈⊤∋≻⋈∈⊥∋≻⋈∈⊥∋≻⋈∈⊤∋≻⋈∈⊥∋≻⋈∈⊥∋≻⋈∈⊤∋≻⋈∈⊤∋≻⋈∈⊤∋≻⋈∈⊤∋≻⋈∈⊥∋⊙⊡⊣
⊢≻⋈∈⊥∋≻⋈∈⊥∋≻⋈∈⊥∋≻⋈∈⊥∋≻⋈∈⊤∋≻⋈∈⊥∋≻⋈∈⊥∋≻⋈∈⊤∋≻⋈∈⊥∋⊙⊡⊣
⊢≻⋈∈⊥∋≻⋈∈⊤∋≻⋈∈⊥∋≻⋈∈⊤∋≻⋈∈⊤∋≻⋈∈⊥∋≻⋈∈⊤∋≻⋈∈⊥∋≻⋈∈⊥∋≻⋈∈⊥∋⊙⊡⊣
⊢≻⋈∈⊥∋≻⋈∈⊥∋≻⋈∈⊤∋≻⋈∈⊥∋≻⋈∈⊥∋≻⋈∈⊤∋≻⋈∈⊥∋≻⋈∈⊤∋≻⋈∈⊤∋≻⋈∈⊤∋≻⋈∈⊥∋⊙⊡⊣
⊢≻⋈∈⊥∋≻⋈∈⊤∋≻⋈∈⊤∋≻⋈∈⊤∋≻⋈∈⊥∋≻⋈∈⊤∋≻⋈∈⊥∋≻⋈∈⊥∋≻⋈∈⊤∋≻⋈∈⊥∋⊙⊡⊣
⊢≻⋈∈⊤∋≻⋈∈⊥∋≻⋈∈⊥∋≻⋈∈⊥∋≻⋈∈⊥∋≻⋈∈⊥∋≻⋈∈⊤∋≻⋈∈⊤∋≻⋈∈⊤∋≻⋈∈⊤∋≻⋈∈⊥∋≻⋈∈⊥∋≻⋈∈⊥∋≻⋈∈⊤∋≻⋈∈⊤∋≻⋈∈⊥∋≻⋈∈⊥∋≻⋈∈⊥∋≻⋈∈⊤∋≻⋈∈⊤∋≻⋈∈⊤∋≻⋈∈⊤∋≻⋈∈⊥∋⊙⊡⊣
⊢≻⋈∈⊤∋≻⋈∈⊤∋≻⋈∈⊤∋≻⋈∈⊤∋≻⋈∈⊥∋≻⋈∈⊥∋≻⋈∈⊥∋≻⋈∈⊤∋≻⋈∈⊥∋⊙⊡⊣
⊢≻⋈∈⊥∋≻⋈∈⊤∋≻⋈∈⊥∋≻⋈∈⊤∋≻⋈∈⊤∋≻⋈∈⊥∋≻⋈∈⊤∋≻⋈∈⊥∋≻⋈∈⊥∋≻⋈∈⊥∋⊙⊡⊣
⊢≻⋈∈⊤∋≻⋈∈⊤∋≻⋈∈⊥∋≻⋈∈⊥∋≻⋈∈⊥∋≻⋈∈⊤∋≻⋈∈⊥∋≻⋈∈⊤∋≻⋈∈⊤∋≻⋈∈⊤∋≻⋈∈⊥∋⊙⊡⊣
⊢≻⋈∈⊥∋≻⋈∈⊥∋≻⋈∈⊤∋≻⋈∈⊤∋≻⋈∈⊥∋≻⋈∈⊤∋≻⋈∈⊥∋≻⋈∈⊥∋≻⋈∈⊤∋≻⋈∈⊥∋⊙⊡⊣
⊢≻⋈∈⊥∋≻⋈∈⊤∋≻⋈∈⊤∋≻⋈∈⊤∋≻⋈∈⊤∋≻⋈∈⊤∋≻⋈∈⊥∋≻⋈∈⊤∋≻⋈∈⊤∋≻⋈∈⊤∋≻⋈∈⊥∋≻⋈∈⊥∋≻⋈∈⊤∋≻⋈∈⊤∋≻⋈∈⊥∋≻⋈∈⊥∋≻⋈∈⊥∋≻⋈∈⊥∋≻⋈∈⊤∋≻⋈∈⊤∋≻⋈∈⊤∋≻⋈∈⊤∋≻⋈∈⊥∋⊙⊡⊣
⊢≻⋈∈⊥∋≻⋈∈⊤∋≻⋈∈⊤∋≻⋈∈⊤∋≻⋈∈⊥∋≻⋈∈⊥∋≻⋈∈⊥∋≻⋈∈⊤∋≻⋈∈⊥∋⊙⊡⊣
⊢≻⋈∈⊤∋≻⋈∈⊥∋≻⋈∈⊥∋≻⋈∈⊥∋≻⋈∈⊥∋≻⋈∈⊤∋≻⋈∈⊥∋⊙⊡⊣
⊢≻⋈∈⊤∋≻⋈∈⊥∋≻⋈∈⊤∋≻⋈∈⊤∋≻⋈∈⊤∋≻⋈∈⊥∋≻⋈∈⊤∋≻⋈∈⊥∋≻⋈∈⊥∋≻⋈∈⊥∋≻⋈∈⊥∋⊙⊡⊣
⊢≻⋈∈⊥∋≻⋈∈⊤∋≻⋈∈⊥∋≻⋈∈⊤∋≻⋈∈⊥∋≻⋈∈⊤∋≻⋈∈⊥∋≻⋈∈⊥∋≻⋈∈⊤∋≻⋈∈⊥∋⊙⊡⊣
⊢≻⋈∈⊤∋≻⋈∈⊤∋≻⋈∈⊥∋≻⋈∈⊤∋≻⋈∈⊤∋≻⋈∈⊤∋≻⋈∈⊥∋≻⋈∈⊤∋≻⋈∈⊤∋≻⋈∈⊤∋≻⋈∈⊥∋≻⋈∈⊥∋≻⋈∈⊥∋≻⋈∈⊥∋≻⋈∈⊥∋≻⋈∈⊥∋≻⋈∈⊥∋≻⋈∈⊥∋≻⋈∈⊤∋≻⋈∈⊤∋≻⋈∈⊤∋≻⋈∈⊤∋≻⋈∈⊥∋⊙⊡⊣
⊢≻⋈∈⊤∋≻⋈∈⊥∋≻⋈∈⊤∋≻⋈∈⊤∋≻⋈∈⊥∋≻⋈∈⊥∋≻⋈∈⊥∋≻⋈∈⊤∋≻⋈∈⊥∋⊙⊡⊣
⊢≻⋈∈⊤∋≻⋈∈⊥∋≻⋈∈⊥∋≻⋈∈⊥∋≻⋈∈⊥∋≻⋈∈⊤∋≻⋈∈⊥∋⊙⊡⊣
⊢≻⋈∈⊥∋≻⋈∈⊥∋≻⋈∈⊤∋≻⋈∈⊤∋≻⋈∈⊤∋≻⋈∈⊥∋≻⋈∈⊤∋≻⋈∈⊥∋≻⋈∈⊥∋≻⋈∈⊥∋≻⋈∈⊥∋⊙⊡⊣
⊢≻⋈∈⊥∋≻⋈∈⊥∋≻⋈∈⊥∋≻⋈∈⊤∋≻⋈∈⊥∋≻⋈∈⊤∋≻⋈∈⊥∋≻⋈∈⊥∋≻⋈∈⊤∋≻⋈∈⊥∋⊙⊡⊣
⊢≻⋈∈⊥∋≻⋈∈⊥∋≻⋈∈⊥∋≻⋈∈⊤∋≻⋈∈⊤∋≻⋈∈⊤∋≻⋈∈⊥∋≻⋈∈⊤∋≻⋈∈⊤∋≻⋈∈⊤∋≻⋈∈⊥∋≻⋈∈⊥∋≻⋈∈⊤∋≻⋈∈⊥∋≻⋈∈⊤∋≻⋈∈⊤∋≻⋈∈⊤∋≻⋈∈⊤∋≻⋈∈⊥∋≻⋈∈⊤∋≻⋈∈⊤∋≻⋈∈⊤∋≻⋈∈⊥∋⊙⊡⊣
⊢≻⋈∈⊥∋≻⋈∈⊥∋≻⋈∈⊤∋≻⋈∈⊤∋≻⋈∈⊥∋≻⋈∈⊥∋≻⋈∈⊥∋≻⋈∈⊤∋≻⋈∈⊥∋⊙⊡⊣
⊢≻⋈∈⊤∋≻⋈∈⊤∋≻⋈∈⊥∋≻⋈∈⊤∋≻⋈∈⊤∋≻⋈∈⊥∋≻⋈∈⊤∋≻⋈∈⊥∋≻⋈∈⊥∋≻⋈∈⊥∋⊙⊡⊣
⊢≻⋈∈⊤∋≻⋈∈⊤∋≻⋈∈⊥∋≻⋈∈⊥∋≻⋈∈⊥∋≻⋈∈⊤∋≻⋈∈⊥∋≻⋈∈⊤∋≻⋈∈⊤∋≻⋈∈⊤∋≻⋈∈⊥∋⊙⊡⊣
⊢≻⋈∈⊥∋≻⋈∈⊤∋≻⋈∈⊤∋≻⋈∈⊥∋≻⋈∈⊥∋≻⋈∈⊤∋≻⋈∈⊥∋≻⋈∈⊥∋≻⋈∈⊤∋≻⋈∈⊥∋⊙⊡⊣
⊢≻⋈∈⊤∋≻⋈∈⊥∋≻⋈∈⊤∋≻⋈∈⊥∋≻⋈∈⊤∋≻⋈∈⊤∋≻⋈∈⊥∋≻⋈∈⊤∋≻⋈∈⊤∋≻⋈∈⊤∋≻⋈∈⊥∋≻⋈∈⊥∋≻⋈∈⊥∋≻⋈∈⊤∋≻⋈∈⊥∋≻⋈∈⊤∋≻⋈∈⊤∋≻⋈∈⊤∋≻⋈∈⊥∋≻⋈∈⊤∋≻⋈∈⊤∋≻⋈∈⊤∋≻⋈∈⊥∋⊙⊡⊣
⊢≻⋈∈⊤∋≻⋈∈⊤∋≻⋈∈⊥∋≻⋈∈⊤∋≻⋈∈⊥∋≻⋈∈⊥∋≻⋈∈⊥∋≻⋈∈⊤∋≻⋈∈⊥∋⊙⊡⊣
⊢≻⋈∈⊤∋≻⋈∈⊤∋≻⋈∈⊥∋≻⋈∈⊤∋≻⋈∈⊤∋≻⋈∈⊥∋≻⋈∈⊤∋≻⋈∈⊥∋≻⋈∈⊥∋≻⋈∈⊥∋⊙⊡⊣
⊢≻⋈∈⊥∋≻⋈∈⊤∋≻⋈∈⊥∋≻⋈∈⊥∋≻⋈∈⊥∋≻⋈∈⊤∋≻⋈∈⊥∋≻⋈∈⊤∋≻⋈∈⊤∋≻⋈∈⊤∋≻⋈∈⊥∋⊙⊡⊣
⊢≻⋈∈⊥∋≻⋈∈⊥∋≻⋈∈⊤∋≻⋈∈⊥∋≻⋈∈⊥∋≻⋈∈⊤∋≻⋈∈⊥∋≻⋈∈⊥∋≻⋈∈⊤∋≻⋈∈⊥∋⊙⊡⊣
⊢≻⋈∈⊥∋≻⋈∈⊤∋≻⋈∈⊥∋≻⋈∈⊥∋≻⋈∈⊤∋≻⋈∈⊤∋≻⋈∈⊥∋≻⋈∈⊤∋≻⋈∈⊤∋≻⋈∈⊤∋≻⋈∈⊥∋≻⋈∈⊥∋≻⋈∈⊤∋≻⋈∈⊤∋≻⋈∈⊤∋≻⋈∈⊥∋≻⋈∈⊤∋≻⋈∈⊤∋≻⋈∈⊥∋≻⋈∈⊤∋≻⋈∈⊤∋≻⋈∈⊤∋≻⋈∈⊥∋⊙⊡⊣
⊢≻⋈∈⊥∋≻⋈∈⊤∋≻⋈∈⊥∋≻⋈∈⊤∋≻⋈∈⊥∋≻⋈∈⊥∋≻⋈∈⊥∋≻⋈∈⊤∋≻⋈∈⊥∋⊙⊡⊣
⊢≻⋈∈⊥∋≻⋈∈⊥∋≻⋈∈⊥∋≻⋈∈⊥∋≻⋈∈⊥∋≻⋈∈⊤∋≻⋈∈⊥∋⊙⊡⊣
⊢≻⋈∈⊥∋≻⋈∈⊤∋≻⋈∈⊤∋≻⋈∈⊤∋≻⋈∈⊤∋≻⋈∈⊥∋≻⋈∈⊤∋≻⋈∈⊥∋≻⋈∈⊥∋≻⋈∈⊥∋≻⋈∈⊥∋⊙⊡⊣
⊢≻⋈∈⊥∋≻⋈∈⊤∋≻⋈∈⊥∋≻⋈∈⊥∋≻⋈∈⊥∋≻⋈∈⊤∋≻⋈∈⊥∋≻⋈∈⊥∋≻⋈∈⊤∋≻⋈∈⊥∋⊙⊡⊣
⊢≻⋈∈⊤∋≻⋈∈⊤∋≻⋈∈⊤∋≻⋈∈⊤∋≻⋈∈⊥∋≻⋈∈⊤∋≻⋈∈⊥∋≻⋈∈⊤∋≻⋈∈⊤∋≻⋈∈⊤∋≻⋈∈⊥∋≻⋈∈⊥∋≻⋈∈⊥∋≻⋈∈⊥∋≻⋈∈⊤∋≻⋈∈⊥∋≻⋈∈⊤∋≻⋈∈⊤∋≻⋈∈⊥∋≻⋈∈⊤∋≻⋈∈⊤∋≻⋈∈⊤∋≻⋈∈⊥∋⊙⊡⊣
⊢≻⋈∈⊤∋≻⋈∈⊥∋≻⋈∈⊥∋≻⋈∈⊤∋≻⋈∈⊥∋≻⋈∈⊥∋≻⋈∈⊥∋≻⋈∈⊤∋≻⋈∈⊥∋⊙⊡⊣
⊢≻⋈∈⊥∋≻⋈∈⊥∋≻⋈∈⊥∋≻⋈∈⊥∋≻⋈∈⊥∋≻⋈∈⊤∋≻⋈∈⊥∋⊙⊡⊣
⊢≻⋈∈⊤∋≻⋈∈⊥∋≻⋈∈⊤∋≻⋈∈⊤∋≻⋈∈⊤∋≻⋈∈⊥∋≻⋈∈⊤∋≻⋈∈⊥∋≻⋈∈⊥∋≻⋈∈⊥∋≻⋈∈⊥∋⊙⊡⊣
⊢≻⋈∈⊥∋≻⋈∈⊥∋≻⋈∈⊥∋≻⋈∈⊥∋≻⋈∈⊥∋≻⋈∈⊤∋≻⋈∈⊥∋≻⋈∈⊥∋≻⋈∈⊤∋≻⋈∈⊥∋⊙⊡⊣
⊢≻⋈∈⊥∋≻⋈∈⊥∋≻⋈∈⊤∋≻⋈∈⊤∋≻⋈∈⊥∋≻⋈∈⊤∋≻⋈∈⊥∋≻⋈∈⊤∋≻⋈∈⊤∋≻⋈∈⊤∋≻⋈∈⊥∋≻⋈∈⊥∋≻⋈∈⊤∋≻⋈∈⊥∋≻⋈∈⊥∋≻⋈∈⊥∋≻⋈∈⊤∋≻⋈∈⊤∋≻⋈∈⊥∋≻⋈∈⊤∋≻⋈∈⊤∋≻⋈∈⊤∋≻⋈∈⊥∋⊙⊡⊣
⊢≻⋈∈⊥∋≻⋈∈⊥∋≻⋈∈⊥∋≻⋈∈⊤∋≻⋈∈⊥∋≻⋈∈⊥∋≻⋈∈⊥∋≻⋈∈⊤∋≻⋈∈⊥∋⊙⊡⊣
⊢≻⋈∈⊥∋≻⋈∈⊥∋≻⋈∈⊤∋≻⋈∈⊤∋≻⋈∈⊤∋≻⋈∈⊥∋≻⋈∈⊤∋≻⋈∈⊥∋≻⋈∈⊥∋≻⋈∈⊥∋⊙⊡⊣
⊢≻⋈∈⊥∋≻⋈∈⊤∋≻⋈∈⊥∋≻⋈∈⊥∋≻⋈∈⊥∋≻⋈∈⊤∋≻⋈∈⊥∋≻⋈∈⊤∋≻⋈∈⊤∋≻⋈∈⊤∋≻⋈∈⊥∋⊙⊡⊣
⊢≻⋈∈⊥∋≻⋈∈⊤∋≻⋈∈⊤∋≻⋈∈⊤∋≻⋈∈⊤∋≻⋈∈⊥∋≻⋈∈⊥∋≻⋈∈⊥∋≻⋈∈⊤∋≻⋈∈⊥∋⊙⊡⊣
⊢≻⋈∈⊤∋≻⋈∈⊥∋≻⋈∈⊥∋≻⋈∈⊤∋≻⋈∈⊥∋≻⋈∈⊤∋≻⋈∈⊥∋≻⋈∈⊤∋≻⋈∈⊤∋≻⋈∈⊤∋≻⋈∈⊥∋≻⋈∈⊥∋≻⋈∈⊥∋≻⋈∈⊤∋≻⋈∈⊤∋≻⋈∈⊤∋≻⋈∈⊥∋≻⋈∈⊤∋≻⋈∈⊥∋≻⋈∈⊤∋≻⋈∈⊤∋≻⋈∈⊤∋≻⋈∈⊥∋⊙⊡⊣
⊢≻⋈∈⊤∋≻⋈∈⊤∋≻⋈∈⊤∋≻⋈∈⊥∋≻⋈∈⊥∋≻⋈∈⊥∋≻⋈∈⊥∋≻⋈∈⊤∋≻⋈∈⊥∋⊙⊡⊣
⊢≻⋈∈⊥∋≻⋈∈⊥∋≻⋈∈⊤∋≻⋈∈⊤∋≻⋈∈⊤∋≻⋈∈⊥∋≻⋈∈⊤∋≻⋈∈⊥∋≻⋈∈⊥∋≻⋈∈⊥∋⊙⊡⊣
⊢≻⋈∈⊤∋≻⋈∈⊥∋≻⋈∈⊥∋≻⋈∈⊥∋≻⋈∈⊥∋≻⋈∈⊤∋≻⋈∈⊥∋≻⋈∈⊤∋≻⋈∈⊤∋≻⋈∈⊤∋≻⋈∈⊥∋⊙⊡⊣
⊢≻⋈∈⊥∋≻⋈∈⊥∋≻⋈∈⊤∋≻⋈∈⊤∋≻⋈∈⊤∋≻⋈∈⊥∋≻⋈∈⊥∋≻⋈∈⊥∋≻⋈∈⊤∋≻⋈∈⊥∋⊙⊡⊣
⊢≻⋈∈⊥∋≻⋈∈⊤∋≻⋈∈⊤∋≻⋈∈⊥∋≻⋈∈⊥∋≻⋈∈⊤∋≻⋈∈⊥∋≻⋈∈⊤∋≻⋈∈⊤∋≻⋈∈⊤∋≻⋈∈⊥∋≻⋈∈⊥∋≻⋈∈⊤∋≻⋈∈⊤∋≻⋈∈⊥∋≻⋈∈⊤∋≻⋈∈⊥∋≻⋈∈⊤∋≻⋈∈⊥∋≻⋈∈⊤∋≻⋈∈⊤∋≻⋈∈⊤∋≻⋈∈⊥∋⊙⊡⊣
⊢≻⋈∈⊥∋≻⋈∈⊤∋≻⋈∈⊤∋≻⋈∈⊥∋≻⋈∈⊥∋≻⋈∈⊥∋≻⋈∈⊥∋≻⋈∈⊤∋≻⋈∈⊥∋⊙⊡⊣
⊢≻⋈∈⊤∋≻⋈∈⊤∋≻⋈∈⊤∋≻⋈∈⊤∋≻⋈∈⊤∋≻⋈∈⊥∋≻⋈∈⊥∋⊙⊡⊣
⊢≻⋈∈⊤∋≻⋈∈⊤∋≻⋈∈⊤∋≻⋈∈⊤∋≻⋈∈⊤∋≻⋈∈⊥∋≻⋈∈⊤∋≻⋈∈⊥∋≻⋈∈⊥∋≻⋈∈⊥∋≻⋈∈⊥∋⊙⊡⊣
⊢≻⋈∈⊥∋≻⋈∈⊤∋≻⋈∈⊥∋≻⋈∈⊤∋≻⋈∈⊤∋≻⋈∈⊥∋≻⋈∈⊥∋≻⋈∈⊥∋≻⋈∈⊤∋≻⋈∈⊥∋⊙⊡⊣
⊢≻⋈∈⊤∋≻⋈∈⊤∋≻⋈∈⊥∋≻⋈∈⊥∋≻⋈∈⊥∋≻⋈∈⊤∋≻⋈∈⊥∋≻⋈∈⊤∋≻⋈∈⊤∋≻⋈∈⊤∋≻⋈∈⊥∋≻⋈∈⊥∋≻⋈∈⊥∋≻⋈∈⊥∋≻⋈∈⊥∋≻⋈∈⊤∋≻⋈∈⊥∋≻⋈∈⊤∋≻⋈∈⊥∋≻⋈∈⊤∋≻⋈∈⊤∋≻⋈∈⊤∋≻⋈∈⊥∋⊙⊡⊣
⊢≻⋈∈⊤∋≻⋈∈⊥∋≻⋈∈⊤∋≻⋈∈⊥∋≻⋈∈⊥∋≻⋈∈⊥∋≻⋈∈⊥∋≻⋈∈⊤∋≻⋈∈⊥∋⊙⊡⊣
⊢≻⋈∈⊤∋≻⋈∈⊤∋≻⋈∈⊤∋≻⋈∈⊤∋≻⋈∈⊤∋≻⋈∈⊥∋≻⋈∈⊥∋⊙⊡⊣
⊢≻⋈∈⊥∋≻⋈∈⊤∋≻⋈∈⊤∋≻⋈∈⊤∋≻⋈∈⊤∋≻⋈∈⊥∋≻⋈∈⊤∋≻⋈∈⊥∋≻⋈∈⊥∋≻⋈∈⊥∋≻⋈∈⊥∋⊙⊡⊣
⊢≻⋈∈⊥∋≻⋈∈⊥∋≻⋈∈⊥∋≻⋈∈⊤∋≻⋈∈⊤∋≻⋈∈⊥∋≻⋈∈⊥∋≻⋈∈⊥∋≻⋈∈⊤∋≻⋈∈⊥∋⊙⊡⊣
⊢≻⋈∈⊥∋≻⋈∈⊥∋≻⋈∈⊥∋≻⋈∈⊥∋≻⋈∈⊥∋≻⋈∈⊤∋≻⋈∈⊥∋≻⋈∈⊤∋≻⋈∈⊤∋≻⋈∈⊤∋≻⋈∈⊥∋≻⋈∈⊥∋≻⋈∈⊤∋≻⋈∈⊥∋≻⋈∈⊤∋≻⋈∈⊥∋≻⋈∈⊥∋≻⋈∈⊤∋≻⋈∈⊥∋≻⋈∈⊤∋≻⋈∈⊤∋≻⋈∈⊤∋≻⋈∈⊥∋⊙⊡⊣
⊢≻⋈∈⊥∋≻⋈∈⊥∋≻⋈∈⊤∋≻⋈∈⊥∋≻⋈∈⊥∋≻⋈∈⊥∋≻⋈∈⊥∋≻⋈∈⊤∋≻⋈∈⊥∋⊙⊡⊣
⊢≻⋈∈⊤∋≻⋈∈⊥∋≻⋈∈⊤∋≻⋈∈⊤∋≻⋈∈⊤∋≻⋈∈⊥∋≻⋈∈⊤∋≻⋈∈⊥∋≻⋈∈⊥∋≻⋈∈⊥∋⊙⊡⊣
⊢≻⋈∈⊤∋≻⋈∈⊥∋≻⋈∈⊥∋≻⋈∈⊥∋≻⋈∈⊥∋≻⋈∈⊤∋≻⋈∈⊥∋≻⋈∈⊤∋≻⋈∈⊤∋≻⋈∈⊤∋≻⋈∈⊥∋⊙⊡⊣
⊢≻⋈∈⊥∋≻⋈∈⊤∋≻⋈∈⊤∋≻⋈∈⊥∋≻⋈∈⊤∋≻⋈∈⊥∋≻⋈∈⊥∋≻⋈∈⊥∋≻⋈∈⊤∋≻⋈∈⊥∋⊙⊡⊣
⊢≻⋈∈⊤∋≻⋈∈⊥∋≻⋈∈⊤∋≻⋈∈⊤∋≻⋈∈⊤∋≻⋈∈⊥∋≻⋈∈⊥∋≻⋈∈⊤∋≻⋈∈⊤∋≻⋈∈⊤∋≻⋈∈⊥∋≻⋈∈⊥∋≻⋈∈⊥∋≻⋈∈⊤∋≻⋈∈⊥∋≻⋈∈⊥∋≻⋈∈⊥∋≻⋈∈⊤∋≻⋈∈⊥∋≻⋈∈⊤∋≻⋈∈⊤∋≻⋈∈⊤∋≻⋈∈⊥∋⊙⊡⊣
⊢≻⋈∈⊤∋≻⋈∈⊤∋≻⋈∈⊥∋≻⋈∈⊥∋≻⋈∈⊥∋≻⋈∈⊥∋≻⋈∈⊥∋≻⋈∈⊤∋≻⋈∈⊥∋⊙⊡⊣
⊢≻⋈∈⊤∋≻⋈∈⊥∋≻⋈∈⊤∋≻⋈∈⊤∋≻⋈∈⊤∋≻⋈∈⊥∋≻⋈∈⊤∋≻⋈∈⊥∋≻⋈∈⊥∋≻⋈∈⊥∋⊙⊡⊣
⊢≻⋈∈⊥∋≻⋈∈⊥∋≻⋈∈⊥∋≻⋈∈⊥∋≻⋈∈⊥∋≻⋈∈⊤∋≻⋈∈⊥∋≻⋈∈⊤∋≻⋈∈⊤∋≻⋈∈⊤∋≻⋈∈⊥∋⊙⊡⊣
⊢≻⋈∈⊥∋≻⋈∈⊥∋≻⋈∈⊤∋≻⋈∈⊥∋≻⋈∈⊤∋≻⋈∈⊥∋≻⋈∈⊥∋≻⋈∈⊥∋≻⋈∈⊤∋≻⋈∈⊥∋⊙⊡⊣
⊢≻⋈∈⊥∋≻⋈∈⊤∋≻⋈∈⊥∋≻⋈∈⊤∋≻⋈∈⊤∋≻⋈∈⊥∋≻⋈∈⊥∋≻⋈∈⊤∋≻⋈∈⊤∋≻⋈∈⊤∋≻⋈∈⊥∋≻⋈∈⊥∋≻⋈∈⊤∋≻⋈∈⊤∋≻⋈∈⊤∋≻⋈∈⊤∋≻⋈∈⊤∋≻⋈∈⊥∋≻⋈∈⊥∋≻⋈∈⊤∋≻⋈∈⊤∋≻⋈∈⊤∋≻⋈∈⊥∋⊙⊡⊣
⊢≻⋈∈⊥∋≻⋈∈⊤∋≻⋈∈⊥∋≻⋈∈⊥∋≻⋈∈⊥∋≻⋈∈⊥∋≻⋈∈⊥∋≻⋈∈⊤∋≻⋈∈⊥∋⊙⊡⊣
⊢≻⋈∈⊥∋≻⋈∈⊤∋≻⋈∈⊤∋≻⋈∈⊤∋≻⋈∈⊤∋≻⋈∈⊥∋≻⋈∈⊥∋⊙⊡⊣
⊢≻⋈∈⊥∋≻⋈∈⊥∋≻⋈∈⊥∋≻⋈∈⊥∋≻⋈∈⊥∋≻⋈∈⊤∋≻⋈∈⊤∋≻⋈∈⊥∋≻⋈∈⊥∋≻⋈∈⊥∋≻⋈∈⊥∋⊙⊡⊣
⊢≻⋈∈⊥∋≻⋈∈⊤∋≻⋈∈⊥∋≻⋈∈⊥∋≻⋈∈⊤∋≻⋈∈⊥∋≻⋈∈⊥∋≻⋈∈⊥∋≻⋈∈⊤∋≻⋈∈⊥∋⊙⊡⊣
⊢≻⋈∈⊤∋≻⋈∈⊤∋≻⋈∈⊤∋≻⋈∈⊥∋≻⋈∈⊤∋≻⋈∈⊥∋≻⋈∈⊥∋≻⋈∈⊤∋≻⋈∈⊤∋≻⋈∈⊤∋≻⋈∈⊥∋≻⋈∈⊥∋≻⋈∈⊥∋≻⋈∈⊥∋≻⋈∈⊤∋≻⋈∈⊤∋≻⋈∈⊤∋≻⋈∈⊥∋≻⋈∈⊥∋≻⋈∈⊤∋≻⋈∈⊤∋≻⋈∈⊤∋≻⋈∈⊥∋⊙⊡⊣
⊢≻⋈∈⊤∋≻⋈∈⊥∋≻⋈∈⊥∋≻⋈∈⊥∋≻⋈∈⊥∋≻⋈∈⊥∋≻⋈∈⊥∋≻⋈∈⊤∋≻⋈∈⊥∋⊙⊡⊣
⊢≻⋈∈⊥∋≻⋈∈⊤∋≻⋈∈⊤∋≻⋈∈⊤∋≻⋈∈⊤∋≻⋈∈⊥∋≻⋈∈⊥∋⊙⊡⊣
⊢≻⋈∈⊤∋≻⋈∈⊤∋≻⋈∈⊤∋≻⋈∈⊤∋≻⋈∈⊤∋≻⋈∈⊥∋≻⋈∈⊤∋≻⋈∈⊥∋≻⋈∈⊥∋≻⋈∈⊥∋≻⋈∈⊥∋⊙⊡⊣
⊢≻⋈∈⊥∋≻⋈∈⊥∋≻⋈∈⊥∋≻⋈∈⊥∋≻⋈∈⊤∋≻⋈∈⊥∋≻⋈∈⊥∋≻⋈∈⊥∋≻⋈∈⊤∋≻⋈∈⊥∋⊙⊡⊣
⊢≻⋈∈⊥∋≻⋈∈⊥∋≻⋈∈⊤∋≻⋈∈⊥∋≻⋈∈⊤∋≻⋈∈⊥∋≻⋈∈⊥∋≻⋈∈⊤∋≻⋈∈⊤∋≻⋈∈⊤∋≻⋈∈⊥∋≻⋈∈⊥∋≻⋈∈⊤∋≻⋈∈⊥∋≻⋈∈⊥∋≻⋈∈⊤∋≻⋈∈⊤∋≻⋈∈⊥∋≻⋈∈⊥∋≻⋈∈⊤∋≻⋈∈⊤∋≻⋈∈⊤∋≻⋈∈⊥∋⊙⊡⊣
⊢≻⋈∈⊥∋≻⋈∈⊥∋≻⋈∈⊥∋≻⋈∈⊥∋≻⋈∈⊥∋≻⋈∈⊥∋≻⋈∈⊥∋≻⋈∈⊤∋≻⋈∈⊥∋⊙⊡⊣
⊢≻⋈∈⊥∋≻⋈∈⊤∋≻⋈∈⊤∋≻⋈∈⊤∋≻⋈∈⊤∋≻⋈∈⊥∋≻⋈∈⊤∋≻⋈∈⊥∋≻⋈∈⊥∋≻⋈∈⊥∋⊙⊡⊣
⊢≻⋈∈⊥∋≻⋈∈⊥∋≻⋈∈⊥∋≻⋈∈⊥∋≻⋈∈⊥∋≻⋈∈⊤∋≻⋈∈⊥∋≻⋈∈⊤∋≻⋈∈⊤∋≻⋈∈⊤∋≻⋈∈⊥∋⊙⊡⊣
⊢≻⋈∈⊥∋≻⋈∈⊤∋≻⋈∈⊤∋≻⋈∈⊤∋≻⋈∈⊥∋≻⋈∈⊥∋≻⋈∈⊥∋≻⋈∈⊥∋≻⋈∈⊤∋≻⋈∈⊥∋⊙⊡⊣
⊢≻⋈∈⊤∋≻⋈∈⊥∋≻⋈∈⊥∋≻⋈∈⊥∋≻⋈∈⊤∋≻⋈∈⊥∋≻⋈∈⊥∋≻⋈∈⊤∋≻⋈∈⊤∋≻⋈∈⊤∋≻⋈∈⊥∋≻⋈∈⊥∋≻⋈∈⊥∋≻⋈∈⊤∋≻⋈∈⊤∋≻⋈∈⊥∋≻⋈∈⊤∋≻⋈∈⊥∋≻⋈∈⊥∋≻⋈∈⊤∋≻⋈∈⊤∋≻⋈∈⊤∋≻⋈∈⊥∋⊙⊡⊣
⊢≻⋈∈⊤∋≻⋈∈⊤∋≻⋈∈⊤∋≻⋈∈⊤∋≻⋈∈⊤∋≻⋈∈⊤∋≻⋈∈⊤∋≻⋈∈⊥∋≻⋈∈⊥∋⊙⊡⊣
⊢≻⋈∈⊥∋≻⋈∈⊤∋≻⋈∈⊤∋≻⋈∈⊤∋≻⋈∈⊤∋≻⋈∈⊥∋≻⋈∈⊤∋≻⋈∈⊥∋≻⋈∈⊥∋≻⋈∈⊥∋⊙⊡⊣
⊢≻⋈∈⊤∋≻⋈∈⊤∋≻⋈∈⊤∋≻⋈∈⊤∋≻⋈∈⊤∋≻⋈∈⊥∋≻⋈∈⊥∋≻⋈∈⊤∋≻⋈∈⊤∋≻⋈∈⊤∋≻⋈∈⊥∋⊙⊡⊣
⊢≻⋈∈⊥∋≻⋈∈⊥∋≻⋈∈⊤∋≻⋈∈⊤∋≻⋈∈⊥∋≻⋈∈⊥∋≻⋈∈⊥∋≻⋈∈⊥∋≻⋈∈⊤∋≻⋈∈⊥∋⊙⊡⊣
⊢≻⋈∈⊥∋≻⋈∈⊤∋≻⋈∈⊤∋≻⋈∈⊤∋≻⋈∈⊥∋≻⋈∈⊥∋≻⋈∈⊥∋≻⋈∈⊤∋≻⋈∈⊤∋≻⋈∈⊤∋≻⋈∈⊥∋≻⋈∈⊥∋≻⋈∈⊤∋≻⋈∈⊤∋≻⋈∈⊥∋≻⋈∈⊥∋≻⋈∈⊤∋≻⋈∈⊥∋≻⋈∈⊥∋≻⋈∈⊤∋≻⋈∈⊤∋≻⋈∈⊤∋≻⋈∈⊥∋⊙⊡⊣
⊢≻⋈∈⊥∋≻⋈∈⊤∋≻⋈∈⊤∋≻⋈∈⊤∋≻⋈∈⊤∋≻⋈∈⊤∋≻⋈∈⊤∋≻⋈∈⊥∋≻⋈∈⊥∋⊙⊡⊣
⊢≻⋈∈⊤∋≻⋈∈⊥∋≻⋈∈⊤∋≻⋈∈⊤∋≻⋈∈⊤∋≻⋈∈⊥∋≻⋈∈⊥∋⊙⊡⊣
⊢≻⋈∈⊤∋≻⋈∈⊥∋≻⋈∈⊥∋≻⋈∈⊥∋≻⋈∈⊥∋≻⋈∈⊤∋≻⋈∈⊤∋≻⋈∈⊥∋≻⋈∈⊥∋≻⋈∈⊥∋≻⋈∈⊥∋⊙⊡⊣
⊢≻⋈∈⊥∋≻⋈∈⊤∋≻⋈∈⊥∋≻⋈∈⊤∋≻⋈∈⊥∋≻⋈∈⊥∋≻⋈∈⊥∋≻⋈∈⊥∋≻⋈∈⊤∋≻⋈∈⊥∋⊙⊡⊣
⊢≻⋈∈⊤∋≻⋈∈⊤∋≻⋈∈⊥∋≻⋈∈⊤∋≻⋈∈⊥∋≻⋈∈⊥∋≻⋈∈⊥∋≻⋈∈⊤∋≻⋈∈⊤∋≻⋈∈⊤∋≻⋈∈⊥∋≻⋈∈⊥∋≻⋈∈⊥∋≻⋈∈⊥∋≻⋈∈⊥∋≻⋈∈⊥∋≻⋈∈⊤∋≻⋈∈⊥∋≻⋈∈⊥∋≻⋈∈⊤∋≻⋈∈⊤∋≻⋈∈⊤∋≻⋈∈⊥∋⊙⊡⊣
⊢≻⋈∈⊤∋≻⋈∈⊥∋≻⋈∈⊤∋≻⋈∈⊤∋≻⋈∈⊤∋≻⋈∈⊤∋≻⋈∈⊤∋≻⋈∈⊥∋≻⋈∈⊥∋⊙⊡⊣
⊢≻⋈∈⊤∋≻⋈∈⊥∋≻⋈∈⊤∋≻⋈∈⊤∋≻⋈∈⊤∋≻⋈∈⊥∋≻⋈∈⊥∋⊙⊡⊣
⊢≻⋈∈⊥∋≻⋈∈⊥∋≻⋈∈⊥∋≻⋈∈⊥∋≻⋈∈⊥∋≻⋈∈⊤∋≻⋈∈⊤∋≻⋈∈⊥∋≻⋈∈⊥∋≻⋈∈⊥∋≻⋈∈⊥∋⊙⊡⊣
⊢≻⋈∈⊥∋≻⋈∈⊥∋≻⋈∈⊥∋≻⋈∈⊤∋≻⋈∈⊥∋≻⋈∈⊥∋≻⋈∈⊥∋≻⋈∈⊥∋≻⋈∈⊤∋≻⋈∈⊥∋⊙⊡⊣
⊢≻⋈∈⊥∋≻⋈∈⊥∋≻⋈∈⊥∋≻⋈∈⊤∋≻⋈∈⊥∋≻⋈∈⊥∋≻⋈∈⊥∋≻⋈∈⊤∋≻⋈∈⊤∋≻⋈∈⊤∋≻⋈∈⊥∋≻⋈∈⊥∋≻⋈∈⊤∋≻⋈∈⊥∋≻⋈∈⊤∋≻⋈∈⊤∋≻⋈∈⊥∋≻⋈∈⊥∋≻⋈∈⊥∋≻⋈∈⊤∋≻⋈∈⊤∋≻⋈∈⊤∋≻⋈∈⊥∋⊙⊡⊣
⊢≻⋈∈⊥∋≻⋈∈⊥∋≻⋈∈⊤∋≻⋈∈⊤∋≻⋈∈⊤∋≻⋈∈⊤∋≻⋈∈⊤∋≻⋈∈⊥∋≻⋈∈⊥∋⊙⊡⊣
⊢≻⋈∈⊤∋≻⋈∈⊤∋≻⋈∈⊤∋≻⋈∈⊤∋≻⋈∈⊤∋≻⋈∈⊥∋≻⋈∈⊤∋≻⋈∈⊥∋≻⋈∈⊥∋≻⋈∈⊥∋⊙⊡⊣
⊢≻⋈∈⊤∋≻⋈∈⊤∋≻⋈∈⊤∋≻⋈∈⊤∋≻⋈∈⊤∋≻⋈∈⊥∋≻⋈∈⊥∋≻⋈∈⊤∋≻⋈∈⊤∋≻⋈∈⊤∋≻⋈∈⊥∋⊙⊡⊣
⊢≻⋈∈⊥∋≻⋈∈⊤∋≻⋈∈⊤∋≻⋈∈⊥∋≻⋈∈⊥∋≻⋈∈⊥∋≻⋈∈⊥∋≻⋈∈⊥∋≻⋈∈⊤∋≻⋈∈⊥∋⊙⊡⊣
⊢≻⋈∈⊤∋≻⋈∈⊥∋≻⋈∈⊤∋≻⋈∈⊥∋≻⋈∈⊥∋≻⋈∈⊥∋≻⋈∈⊥∋≻⋈∈⊤∋≻⋈∈⊤∋≻⋈∈⊤∋≻⋈∈⊥∋≻⋈∈⊥∋≻⋈∈⊥∋≻⋈∈⊤∋≻⋈∈⊥∋≻⋈∈⊤∋≻⋈∈⊥∋≻⋈∈⊥∋≻⋈∈⊥∋≻⋈∈⊤∋≻⋈∈⊤∋≻⋈∈⊤∋≻⋈∈⊥∋⊙⊡⊣
⊢≻⋈∈⊤∋≻⋈∈⊤∋≻⋈∈⊥∋≻⋈∈⊤∋≻⋈∈⊤∋≻⋈∈⊤∋≻⋈∈⊤∋≻⋈∈⊥∋≻⋈∈⊥∋⊙⊡⊣
⊢≻⋈∈⊤∋≻⋈∈⊤∋≻⋈∈⊤∋≻⋈∈⊤∋≻⋈∈⊤∋≻⋈∈⊥∋≻⋈∈⊤∋≻⋈∈⊥∋≻⋈∈⊥∋≻⋈∈⊥∋⊙⊡⊣
⊢≻⋈∈⊥∋≻⋈∈⊤∋≻⋈∈⊤∋≻⋈∈⊤∋≻⋈∈⊤∋≻⋈∈⊥∋≻⋈∈⊥∋≻⋈∈⊤∋≻⋈∈⊤∋≻⋈∈⊤∋≻⋈∈⊥∋⊙⊡⊣
⊢≻⋈∈⊥∋≻⋈∈⊥∋≻⋈∈⊤∋≻⋈∈⊥∋≻⋈∈⊥∋≻⋈∈⊥∋≻⋈∈⊥∋≻⋈∈⊥∋≻⋈∈⊤∋≻⋈∈⊥∋⊙⊡⊣
⊢≻⋈∈⊥∋≻⋈∈⊤∋≻⋈∈⊥∋≻⋈∈⊥∋≻⋈∈⊥∋≻⋈∈⊥∋≻⋈∈⊥∋≻⋈∈⊤∋≻⋈∈⊤∋≻⋈∈⊤∋≻⋈∈⊥∋≻⋈∈⊥∋≻⋈∈⊤∋≻⋈∈⊤∋≻⋈∈⊤∋≻⋈∈⊥∋≻⋈∈⊥∋≻⋈∈⊥∋≻⋈∈⊥∋≻⋈∈⊤∋≻⋈∈⊤∋≻⋈∈⊤∋≻⋈∈⊥∋⊙⊡⊣
⊢≻⋈∈⊥∋≻⋈∈⊤∋≻⋈∈⊥∋≻⋈∈⊤∋≻⋈∈⊤∋≻⋈∈⊤∋≻⋈∈⊤∋≻⋈∈⊥∋≻⋈∈⊥∋⊙⊡⊣
⊢≻⋈∈⊥∋≻⋈∈⊥∋≻⋈∈⊤∋≻⋈∈⊤∋≻⋈∈⊤∋≻⋈∈⊥∋≻⋈∈⊥∋⊙⊡⊣
⊢≻⋈∈⊥∋≻⋈∈⊤∋≻⋈∈⊥∋≻⋈∈⊥∋≻⋈∈⊥∋≻⋈∈⊤∋≻⋈∈⊤∋≻⋈∈⊥∋≻⋈∈⊥∋≻⋈∈⊥∋≻⋈∈⊥∋⊙⊡⊣
⊢≻⋈∈⊥∋≻⋈∈⊤∋≻⋈∈⊥∋≻⋈∈⊥∋≻⋈∈⊥∋≻⋈∈⊥∋≻⋈∈⊥∋≻⋈∈⊥∋≻⋈∈⊤∋≻⋈∈⊥∋⊙⊡⊣
⊢≻⋈∈⊤∋≻⋈∈⊤∋≻⋈∈⊤∋≻⋈∈⊤∋≻⋈∈⊤∋≻⋈∈⊤∋≻⋈∈⊤∋≻⋈∈⊥∋≻⋈∈⊤∋≻⋈∈⊤∋≻⋈∈⊥∋≻⋈∈⊥∋≻⋈∈⊥∋≻⋈∈⊥∋≻⋈∈⊤∋≻⋈∈⊥∋≻⋈∈⊥∋≻⋈∈⊥∋≻⋈∈⊥∋≻⋈∈⊤∋≻⋈∈⊤∋≻⋈∈⊤∋≻⋈∈⊥∋⊙⊡⊣
⊢≻⋈∈⊤∋≻⋈∈⊥∋≻⋈∈⊥∋≻⋈∈⊤∋≻⋈∈⊤∋≻⋈∈⊤∋≻⋈∈⊤∋≻⋈∈⊥∋≻⋈∈⊥∋⊙⊡⊣
⊢≻⋈∈⊥∋≻⋈∈⊥∋≻⋈∈⊤∋≻⋈∈⊤∋≻⋈∈⊤∋≻⋈∈⊥∋≻⋈∈⊥∋⊙⊡⊣
⊢≻⋈∈⊤∋≻⋈∈⊥∋≻⋈∈⊥∋≻⋈∈⊥∋≻⋈∈⊥∋≻⋈∈⊤∋≻⋈∈⊤∋≻⋈∈⊥∋≻⋈∈⊥∋≻⋈∈⊥∋≻⋈∈⊥∋⊙⊡⊣
⊢≻⋈∈⊥∋≻⋈∈⊥∋≻⋈∈⊥∋≻⋈∈⊥∋≻⋈∈⊥∋≻⋈∈⊥∋≻⋈∈⊥∋≻⋈∈⊥∋≻⋈∈⊤∋≻⋈∈⊥∋⊙⊡⊣
⊢≻⋈∈⊥∋≻⋈∈⊥∋≻⋈∈⊤∋≻⋈∈⊤∋≻⋈∈⊤∋≻⋈∈⊤∋≻⋈∈⊤∋≻⋈∈⊥∋≻⋈∈⊤∋≻⋈∈⊤∋≻⋈∈⊥∋≻⋈∈⊥∋≻⋈∈⊤∋≻⋈∈⊥∋≻⋈∈⊥∋≻⋈∈⊥∋≻⋈∈⊥∋≻⋈∈⊥∋≻⋈∈⊥∋≻⋈∈⊤∋≻⋈∈⊤∋≻⋈∈⊤∋≻⋈∈⊥∋⊙⊡⊣
⊢≻⋈∈⊥∋≻⋈∈⊥∋≻⋈∈⊥∋≻⋈∈⊤∋≻⋈∈⊤∋≻⋈∈⊤∋≻⋈∈⊤∋≻⋈∈⊥∋≻⋈∈⊥∋⊙⊡⊣
⊢≻⋈∈⊥∋≻⋈∈⊥∋≻⋈∈⊥∋≻⋈∈⊥∋≻⋈∈⊥∋≻⋈∈⊤∋≻⋈∈⊤∋≻⋈∈⊥∋≻⋈∈⊥∋≻⋈∈⊥∋⊙⊡⊣
⊢≻⋈∈⊥∋≻⋈∈⊤∋≻⋈∈⊤∋≻⋈∈⊤∋≻⋈∈⊤∋≻⋈∈⊥∋≻⋈∈⊥∋≻⋈∈⊤∋≻⋈∈⊤∋≻⋈∈⊤∋≻⋈∈⊥∋⊙⊡⊣
⊢≻⋈∈⊥∋≻⋈∈⊤∋≻⋈∈⊤∋≻⋈∈⊤∋≻⋈∈⊤∋≻⋈∈⊤∋≻⋈∈⊤∋≻⋈∈⊤∋≻⋈∈⊥∋≻⋈∈⊥∋⊙⊡⊣
⊢≻⋈∈⊤∋≻⋈∈⊥∋≻⋈∈⊥∋≻⋈∈⊤∋≻⋈∈⊤∋≻⋈∈⊤∋≻⋈∈⊤∋≻⋈∈⊥∋≻⋈∈⊤∋≻⋈∈⊤∋≻⋈∈⊥∋≻⋈∈⊥∋≻⋈∈⊥∋≻⋈∈⊤∋≻⋈∈⊤∋≻⋈∈⊤∋≻⋈∈⊤∋≻⋈∈⊤∋≻⋈∈⊤∋≻⋈∈⊥∋≻⋈∈⊤∋≻⋈∈⊤∋≻⋈∈⊥∋⊙⊡⊣
⊢≻⋈∈⊤∋≻⋈∈⊤∋≻⋈∈⊤∋≻⋈∈⊥∋≻⋈∈⊤∋≻⋈∈⊤∋≻⋈∈⊤∋≻⋈∈⊥∋≻⋈∈⊥∋⊙⊡⊣
⊢≻⋈∈⊥∋≻⋈∈⊥∋≻⋈∈⊥∋≻⋈∈⊥∋≻⋈∈⊥∋≻⋈∈⊤∋≻⋈∈⊤∋≻⋈∈⊥∋≻⋈∈⊥∋≻⋈∈⊥∋⊙⊡⊣
⊢≻⋈∈⊤∋≻⋈∈⊥∋≻⋈∈⊤∋≻⋈∈⊤∋≻⋈∈⊤∋≻⋈∈⊥∋≻⋈∈⊥∋≻⋈∈⊤∋≻⋈∈⊤∋≻⋈∈⊤∋≻⋈∈⊥∋⊙⊡⊣
⊢≻⋈∈⊥∋≻⋈∈⊥∋≻⋈∈⊤∋≻⋈∈⊤∋≻⋈∈⊤∋≻⋈∈⊤∋≻⋈∈⊤∋≻⋈∈⊤∋≻⋈∈⊥∋≻⋈∈⊥∋⊙⊡⊣
⊢≻⋈∈⊥∋≻⋈∈⊤∋≻⋈∈⊤∋≻⋈∈⊥∋≻⋈∈⊤∋≻⋈∈⊤∋≻⋈∈⊤∋≻⋈∈⊥∋≻⋈∈⊤∋≻⋈∈⊤∋≻⋈∈⊥∋≻⋈∈⊥∋≻⋈∈⊤∋≻⋈∈⊤∋≻⋈∈⊥∋≻⋈∈⊤∋≻⋈∈⊤∋≻⋈∈⊤∋≻⋈∈⊤∋≻⋈∈⊥∋≻⋈∈⊤∋≻⋈∈⊤∋≻⋈∈⊥∋⊙⊡⊣
⊢≻⋈∈⊥∋≻⋈∈⊤∋≻⋈∈⊤∋≻⋈∈⊥∋≻⋈∈⊤∋≻⋈∈⊤∋≻⋈∈⊤∋≻⋈∈⊥∋≻⋈∈⊥∋⊙⊡⊣
⊢≻⋈∈⊤∋≻⋈∈⊤∋≻⋈∈⊥∋≻⋈∈⊤∋≻⋈∈⊤∋≻⋈∈⊥∋≻⋈∈⊥∋⊙⊡⊣
⊢≻⋈∈⊤∋≻⋈∈⊤∋≻⋈∈⊥∋≻⋈∈⊥∋≻⋈∈⊥∋≻⋈∈⊤∋≻⋈∈⊤∋≻⋈∈⊥∋≻⋈∈⊥∋≻⋈∈⊥∋≻⋈∈⊥∋⊙⊡⊣
⊢≻⋈∈⊥∋≻⋈∈⊤∋≻⋈∈⊥∋≻⋈∈⊤∋≻⋈∈⊤∋≻⋈∈⊤∋≻⋈∈⊤∋≻⋈∈⊤∋≻⋈∈⊥∋≻⋈∈⊥∋⊙⊡⊣
⊢≻⋈∈⊤∋≻⋈∈⊤∋≻⋈∈⊥∋≻⋈∈⊥∋≻⋈∈⊤∋≻⋈∈⊤∋≻⋈∈⊤∋≻⋈∈⊥∋≻⋈∈⊤∋≻⋈∈⊤∋≻⋈∈⊥∋≻⋈∈⊥∋≻⋈∈⊥∋≻⋈∈⊥∋≻⋈∈⊥∋≻⋈∈⊤∋≻⋈∈⊤∋≻⋈∈⊤∋≻⋈∈⊤∋≻⋈∈⊥∋≻⋈∈⊤∋≻⋈∈⊤∋≻⋈∈⊥∋⊙⊡⊣
⊢≻⋈∈⊤∋≻⋈∈⊥∋≻⋈∈⊤∋≻⋈∈⊥∋≻⋈∈⊤∋≻⋈∈⊤∋≻⋈∈⊤∋≻⋈∈⊥∋≻⋈∈⊥∋⊙⊡⊣
⊢≻⋈∈⊤∋≻⋈∈⊤∋≻⋈∈⊥∋≻⋈∈⊤∋≻⋈∈⊤∋≻⋈∈⊥∋≻⋈∈⊥∋⊙⊡⊣
⊢≻⋈∈⊥∋≻⋈∈⊤∋≻⋈∈⊥∋≻⋈∈⊥∋≻⋈∈⊥∋≻⋈∈⊤∋≻⋈∈⊤∋≻⋈∈⊥∋≻⋈∈⊥∋≻⋈∈⊥∋≻⋈∈⊥∋⊙⊡⊣
⊢≻⋈∈⊥∋≻⋈∈⊥∋≻⋈∈⊥∋≻⋈∈⊤∋≻⋈∈⊤∋≻⋈∈⊤∋≻⋈∈⊤∋≻⋈∈⊤∋≻⋈∈⊥∋≻⋈∈⊥∋⊙⊡⊣
⊢≻⋈∈⊥∋≻⋈∈⊥∋≻⋈∈⊥∋≻⋈∈⊥∋≻⋈∈⊤∋≻⋈∈⊤∋≻⋈∈⊤∋≻⋈∈⊥∋≻⋈∈⊤∋≻⋈∈⊤∋≻⋈∈⊥∋≻⋈∈⊥∋≻⋈∈⊤∋≻⋈∈⊥∋≻⋈∈⊤∋≻⋈∈⊥∋≻⋈∈⊤∋≻⋈∈⊤∋≻⋈∈⊤∋≻⋈∈⊥∋≻⋈∈⊤∋≻⋈∈⊤∋≻⋈∈⊥∋⊙⊡⊣
⊢≻⋈∈⊥∋≻⋈∈⊥∋≻⋈∈⊤∋≻⋈∈⊥∋≻⋈∈⊤∋≻⋈∈⊤∋≻⋈∈⊤∋≻⋈∈⊥∋≻⋈∈⊥∋⊙⊡⊣
⊢≻⋈∈⊤∋≻⋈∈⊥∋≻⋈∈⊥∋≻⋈∈⊥∋≻⋈∈⊥∋≻⋈∈⊤∋≻⋈∈⊤∋≻⋈∈⊥∋≻⋈∈⊥∋≻⋈∈⊥∋⊙⊡⊣
⊢≻⋈∈⊤∋≻⋈∈⊥∋≻⋈∈⊤∋≻⋈∈⊤∋≻⋈∈⊤∋≻⋈∈⊥∋≻⋈∈⊥∋≻⋈∈⊤∋≻⋈∈⊤∋≻⋈∈⊤∋≻⋈∈⊥∋⊙⊡⊣
⊢≻⋈∈⊥∋≻⋈∈⊤∋≻⋈∈⊤∋≻⋈∈⊥∋≻⋈∈⊤∋≻⋈∈⊤∋≻⋈∈⊤∋≻⋈∈⊤∋≻⋈∈⊥∋≻⋈∈⊥∋⊙⊡⊣
⊢≻⋈∈⊤∋≻⋈∈⊥∋≻⋈∈⊤∋≻⋈∈⊤∋≻⋈∈⊥∋≻⋈∈⊤∋≻⋈∈⊤∋≻⋈∈⊥∋≻⋈∈⊤∋≻⋈∈⊤∋≻⋈∈⊥∋≻⋈∈⊥∋≻⋈∈⊥∋≻⋈∈⊤∋≻⋈∈⊥∋≻⋈∈⊥∋≻⋈∈⊤∋≻⋈∈⊤∋≻⋈∈⊤∋≻⋈∈⊥∋≻⋈∈⊤∋≻⋈∈⊤∋≻⋈∈⊥∋⊙⊡⊣
⊢≻⋈∈⊤∋≻⋈∈⊤∋≻⋈∈⊥∋≻⋈∈⊥∋≻⋈∈⊤∋≻⋈∈⊤∋≻⋈∈⊤∋≻⋈∈⊥∋≻⋈∈⊥∋⊙⊡⊣
⊢≻⋈∈⊤∋≻⋈∈⊥∋≻⋈∈⊥∋≻⋈∈⊥∋≻⋈∈⊥∋≻⋈∈⊤∋≻⋈∈⊤∋≻⋈∈⊥∋≻⋈∈⊥∋≻⋈∈⊥∋⊙⊡⊣
⊢≻⋈∈⊥∋≻⋈∈⊥∋≻⋈∈⊤∋≻⋈∈⊤∋≻⋈∈⊤∋≻⋈∈⊥∋≻⋈∈⊥∋≻⋈∈⊤∋≻⋈∈⊤∋≻⋈∈⊤∋≻⋈∈⊥∋⊙⊡⊣
⊢≻⋈∈⊥∋≻⋈∈⊥∋≻⋈∈⊤∋≻⋈∈⊥∋≻⋈∈⊤∋≻⋈∈⊤∋≻⋈∈⊤∋≻⋈∈⊤∋≻⋈∈⊥∋≻⋈∈⊥∋⊙⊡⊣
⊢≻⋈∈⊥∋≻⋈∈⊤∋≻⋈∈⊥∋≻⋈∈⊤∋≻⋈∈⊥∋≻⋈∈⊤∋≻⋈∈⊤∋≻⋈∈⊥∋≻⋈∈⊤∋≻⋈∈⊤∋≻⋈∈⊥∋≻⋈∈⊥∋≻⋈∈⊤∋≻⋈∈⊤∋≻⋈∈⊤∋≻⋈∈⊤∋≻⋈∈⊥∋≻⋈∈⊤∋≻⋈∈⊤∋≻⋈∈⊥∋≻⋈∈⊤∋≻⋈∈⊤∋≻⋈∈⊥∋⊙⊡⊣
⊢≻⋈∈⊥∋≻⋈∈⊤∋≻⋈∈⊥∋≻⋈∈⊥∋≻⋈∈⊤∋≻⋈∈⊤∋≻⋈∈⊤∋≻⋈∈⊥∋≻⋈∈⊥∋⊙⊡⊣
⊢≻⋈∈⊥∋≻⋈∈⊤∋≻⋈∈⊥∋≻⋈∈⊤∋≻⋈∈⊤∋≻⋈∈⊥∋≻⋈∈⊥∋⊙⊡⊣
⊢≻⋈∈⊥∋≻⋈∈⊥∋≻⋈∈⊤∋≻⋈∈⊥∋≻⋈∈⊥∋≻⋈∈⊤∋≻⋈∈⊤∋≻⋈∈⊥∋≻⋈∈⊥∋≻⋈∈⊥∋≻⋈∈⊥∋⊙⊡⊣
⊢≻⋈∈⊥∋≻⋈∈⊤∋≻⋈∈⊥∋≻⋈∈⊥∋≻⋈∈⊤∋≻⋈∈⊤∋≻⋈∈⊤∋≻⋈∈⊤∋≻⋈∈⊥∋≻⋈∈⊥∋⊙⊡⊣
⊢≻⋈∈⊤∋≻⋈∈⊤∋≻⋈∈⊤∋≻⋈∈⊥∋≻⋈∈⊥∋≻⋈∈⊤∋≻⋈∈⊤∋≻⋈∈⊥∋≻⋈∈⊤∋≻⋈∈⊤∋≻⋈∈⊥∋≻⋈∈⊥∋≻⋈∈⊥∋≻⋈∈⊥∋≻⋈∈⊤∋≻⋈∈⊤∋≻⋈∈⊥∋≻⋈∈⊤∋≻⋈∈⊤∋≻⋈∈⊥∋≻⋈∈⊤∋≻⋈∈⊤∋≻⋈∈⊥∋⊙⊡⊣
⊢≻⋈∈⊤∋≻⋈∈⊥∋≻⋈∈⊥∋≻⋈∈⊥∋≻⋈∈⊤∋≻⋈∈⊤∋≻⋈∈⊤∋≻⋈∈⊥∋≻⋈∈⊥∋⊙⊡⊣
⊢≻⋈∈⊥∋≻⋈∈⊤∋≻⋈∈⊥∋≻⋈∈⊤∋≻⋈∈⊤∋≻⋈∈⊥∋≻⋈∈⊥∋⊙⊡⊣
⊢≻⋈∈⊤∋≻⋈∈⊤∋≻⋈∈⊥∋≻⋈∈⊥∋≻⋈∈⊥∋≻⋈∈⊤∋≻⋈∈⊤∋≻⋈∈⊥∋≻⋈∈⊥∋≻⋈∈⊥∋≻⋈∈⊥∋⊙⊡⊣
⊢≻⋈∈⊥∋≻⋈∈⊥∋≻⋈∈⊥∋≻⋈∈⊥∋≻⋈∈⊤∋≻⋈∈⊤∋≻⋈∈⊤∋≻⋈∈⊤∋≻⋈∈⊥∋≻⋈∈⊥∋⊙⊡⊣
⊢≻⋈∈⊥∋≻⋈∈⊥∋≻⋈∈⊤∋≻⋈∈⊥∋≻⋈∈⊥∋≻⋈∈⊤∋≻⋈∈⊤∋≻⋈∈⊥∋≻⋈∈⊤∋≻⋈∈⊤∋≻⋈∈⊥∋≻⋈∈⊥∋≻⋈∈⊤∋≻⋈∈⊥∋≻⋈∈⊥∋≻⋈∈⊤∋≻⋈∈⊥∋≻⋈∈⊤∋≻⋈∈⊤∋≻⋈∈⊥∋≻⋈∈⊤∋≻⋈∈⊤∋≻⋈∈⊥∋⊙⊡⊣
⊢≻⋈∈⊥∋≻⋈∈⊥∋≻⋈∈⊥∋≻⋈∈⊥∋≻⋈∈⊤∋≻⋈∈⊤∋≻⋈∈⊤∋≻⋈∈⊥∋≻⋈∈⊥∋⊙⊡⊣
⊢≻⋈∈⊥∋≻⋈∈⊤∋≻⋈∈⊥∋≻⋈∈⊥∋≻⋈∈⊥∋≻⋈∈⊤∋≻⋈∈⊤∋≻⋈∈⊥∋≻⋈∈⊥∋≻⋈∈⊥∋⊙⊡⊣
⊢≻⋈∈⊥∋≻⋈∈⊥∋≻⋈∈⊤∋≻⋈∈⊤∋≻⋈∈⊤∋≻⋈∈⊥∋≻⋈∈⊥∋≻⋈∈⊤∋≻⋈∈⊤∋≻⋈∈⊤∋≻⋈∈⊥∋⊙⊡⊣
⊢≻⋈∈⊥∋≻⋈∈⊤∋≻⋈∈⊤∋≻⋈∈⊤∋≻⋈∈⊥∋≻⋈∈⊤∋≻⋈∈⊤∋≻⋈∈⊤∋≻⋈∈⊥∋≻⋈∈⊥∋⊙⊡⊣
⊢≻⋈∈⊤∋≻⋈∈⊥∋≻⋈∈⊥∋≻⋈∈⊥∋≻⋈∈⊥∋≻⋈∈⊤∋≻⋈∈⊤∋≻⋈∈⊥∋≻⋈∈⊤∋≻⋈∈⊤∋≻⋈∈⊥∋≻⋈∈⊥∋≻⋈∈⊥∋≻⋈∈⊤∋≻⋈∈⊤∋≻⋈∈⊥∋≻⋈∈⊥∋≻⋈∈⊤∋≻⋈∈⊤∋≻⋈∈⊥∋≻⋈∈⊤∋≻⋈∈⊤∋≻⋈∈⊥∋⊙⊡⊣
⊢≻⋈∈⊤∋≻⋈∈⊤∋≻⋈∈⊤∋≻⋈∈⊤∋≻⋈∈⊥∋≻⋈∈⊤∋≻⋈∈⊤∋≻⋈∈⊥∋≻⋈∈⊥∋⊙⊡⊣
⊢≻⋈∈⊥∋≻⋈∈⊤∋≻⋈∈⊥∋≻⋈∈⊥∋≻⋈∈⊥∋≻⋈∈⊤∋≻⋈∈⊤∋≻⋈∈⊥∋≻⋈∈⊥∋≻⋈∈⊥∋⊙⊡⊣
⊢≻⋈∈⊤∋≻⋈∈⊤∋≻⋈∈⊥∋≻⋈∈⊤∋≻⋈∈⊤∋≻⋈∈⊥∋≻⋈∈⊥∋≻⋈∈⊤∋≻⋈∈⊤∋≻⋈∈⊤∋≻⋈∈⊥∋⊙⊡⊣
⊢≻⋈∈⊥∋≻⋈∈⊥∋≻⋈∈⊤∋≻⋈∈⊤∋≻⋈∈⊥∋≻⋈∈⊤∋≻⋈∈⊤∋≻⋈∈⊤∋≻⋈∈⊥∋≻⋈∈⊥∋⊙⊡⊣
⊢≻⋈∈⊥∋≻⋈∈⊤∋≻⋈∈⊤∋≻⋈∈⊤∋≻⋈∈⊤∋≻⋈∈⊥∋≻⋈∈⊤∋≻⋈∈⊥∋≻⋈∈⊤∋≻⋈∈⊤∋≻⋈∈⊥∋≻⋈∈⊥∋≻⋈∈⊤∋≻⋈∈⊤∋≻⋈∈⊥∋≻⋈∈⊥∋≻⋈∈⊥∋≻⋈∈⊤∋≻⋈∈⊤∋≻⋈∈⊥∋≻⋈∈⊤∋≻⋈∈⊤∋≻⋈∈⊥∋⊙⊡⊣
⊢≻⋈∈⊥∋≻⋈∈⊤∋≻⋈∈⊤∋≻⋈∈⊤∋≻⋈∈⊥∋≻⋈∈⊤∋≻⋈∈⊤∋≻⋈∈⊥∋≻⋈∈⊥∋⊙⊡⊣
⊢≻⋈∈⊤∋≻⋈∈⊥∋≻⋈∈⊥∋≻⋈∈⊤∋≻⋈∈⊤∋≻⋈∈⊥∋≻⋈∈⊥∋⊙⊡⊣
⊢≻⋈∈⊤∋≻⋈∈⊥∋≻⋈∈⊤∋≻⋈∈⊥∋≻⋈∈⊥∋≻⋈∈⊤∋≻⋈∈⊤∋≻⋈∈⊥∋≻⋈∈⊥∋≻⋈∈⊥∋≻⋈∈⊥∋⊙⊡⊣
⊢≻⋈∈⊥∋≻⋈∈⊤∋≻⋈∈⊥∋≻⋈∈⊤∋≻⋈∈⊥∋≻⋈∈⊤∋≻⋈∈⊤∋≻⋈∈⊤∋≻⋈∈⊥∋≻⋈∈⊥∋⊙⊡⊣
⊢≻⋈∈⊤∋≻⋈∈⊤∋≻⋈∈⊥∋≻⋈∈⊤∋≻⋈∈⊤∋≻⋈∈⊥∋≻⋈∈⊤∋≻⋈∈⊥∋≻⋈∈⊤∋≻⋈∈⊤∋≻⋈∈⊥∋≻⋈∈⊥∋≻⋈∈⊥∋≻⋈∈⊥∋≻⋈∈⊥∋≻⋈∈⊥∋≻⋈∈⊥∋≻⋈∈⊤∋≻⋈∈⊤∋≻⋈∈⊥∋≻⋈∈⊤∋≻⋈∈⊤∋≻⋈∈⊥∋⊙⊡⊣
⊢≻⋈∈⊤∋≻⋈∈⊥∋≻⋈∈⊤∋≻⋈∈⊤∋≻⋈∈⊥∋≻⋈∈⊤∋≻⋈∈⊤∋≻⋈∈⊥∋≻⋈∈⊥∋⊙⊡⊣
⊢≻⋈∈⊤∋≻⋈∈⊥∋≻⋈∈⊥∋≻⋈∈⊤∋≻⋈∈⊤∋≻⋈∈⊥∋≻⋈∈⊥∋⊙⊡⊣
⊢≻⋈∈⊥∋≻⋈∈⊥∋≻⋈∈⊤∋≻⋈∈⊥∋≻⋈∈⊥∋≻⋈∈⊤∋≻⋈∈⊤∋≻⋈∈⊥∋≻⋈∈⊥∋≻⋈∈⊥∋≻⋈∈⊥∋⊙⊡⊣
⊢≻⋈∈⊥∋≻⋈∈⊥∋≻⋈∈⊥∋≻⋈∈⊤∋≻⋈∈⊥∋≻⋈∈⊤∋≻⋈∈⊤∋≻⋈∈⊤∋≻⋈∈⊥∋≻⋈∈⊥∋⊙⊡⊣
⊢≻⋈∈⊥∋≻⋈∈⊥∋≻⋈∈⊥∋≻⋈∈⊤∋≻⋈∈⊤∋≻⋈∈⊥∋≻⋈∈⊤∋≻⋈∈⊥∋≻⋈∈⊤∋≻⋈∈⊤∋≻⋈∈⊥∋≻⋈∈⊥∋≻⋈∈⊤∋≻⋈∈⊥∋≻⋈∈⊤∋≻⋈∈⊤∋≻⋈∈⊤∋≻⋈∈⊥∋≻⋈∈⊤∋≻⋈∈⊥∋≻⋈∈⊤∋≻⋈∈⊤∋≻⋈∈⊥∋⊙⊡⊣
⊢≻⋈∈⊥∋≻⋈∈⊥∋≻⋈∈⊤∋≻⋈∈⊤∋≻⋈∈⊥∋≻⋈∈⊤∋≻⋈∈⊤∋≻⋈∈⊥∋≻⋈∈⊥∋⊙⊡⊣
⊢≻⋈∈⊤∋≻⋈∈⊤∋≻⋈∈⊥∋≻⋈∈⊥∋≻⋈∈⊥∋≻⋈∈⊤∋≻⋈∈⊤∋≻⋈∈⊥∋≻⋈∈⊥∋≻⋈∈⊥∋⊙⊡⊣
⊢≻⋈∈⊤∋≻⋈∈⊤∋≻⋈∈⊥∋≻⋈∈⊤∋≻⋈∈⊤∋≻⋈∈⊥∋≻⋈∈⊥∋≻⋈∈⊤∋≻⋈∈⊤∋≻⋈∈⊤∋≻⋈∈⊥∋⊙⊡⊣
⊢≻⋈∈⊥∋≻⋈∈⊤∋≻⋈∈⊤∋≻⋈∈⊥∋≻⋈∈⊥∋≻⋈∈⊤∋≻⋈∈⊤∋≻⋈∈⊤∋≻⋈∈⊥∋≻⋈∈⊥∋⊙⊡⊣
⊢≻⋈∈⊤∋≻⋈∈⊥∋≻⋈∈⊤∋≻⋈∈⊥∋≻⋈∈⊤∋≻⋈∈⊥∋≻⋈∈⊤∋≻⋈∈⊥∋≻⋈∈⊤∋≻⋈∈⊤∋≻⋈∈⊥∋≻⋈∈⊥∋≻⋈∈⊥∋≻⋈∈⊤∋≻⋈∈⊥∋≻⋈∈⊤∋≻⋈∈⊤∋≻⋈∈⊥∋≻⋈∈⊤∋≻⋈∈⊥∋≻⋈∈⊤∋≻⋈∈⊤∋≻⋈∈⊥∋⊙⊡⊣
⊢≻⋈∈⊤∋≻⋈∈⊤∋≻⋈∈⊥∋≻⋈∈⊤∋≻⋈∈⊥∋≻⋈∈⊤∋≻⋈∈⊤∋≻⋈∈⊥∋≻⋈∈⊥∋⊙⊡⊣
⊢≻⋈∈⊤∋≻⋈∈⊤∋≻⋈∈⊥∋≻⋈∈⊥∋≻⋈∈⊥∋≻⋈∈⊤∋≻⋈∈⊤∋≻⋈∈⊥∋≻⋈∈⊥∋≻⋈∈⊥∋⊙⊡⊣
⊢≻⋈∈⊥∋≻⋈∈⊤∋≻⋈∈⊥∋≻⋈∈⊤∋≻⋈∈⊤∋≻⋈∈⊥∋≻⋈∈⊥∋≻⋈∈⊤∋≻⋈∈⊤∋≻⋈∈⊤∋≻⋈∈⊥∋⊙⊡⊣
⊢≻⋈∈⊥∋≻⋈∈⊥∋≻⋈∈⊤∋≻⋈∈⊥∋≻⋈∈⊥∋≻⋈∈⊤∋≻⋈∈⊤∋≻⋈∈⊤∋≻⋈∈⊥∋≻⋈∈⊥∋⊙⊡⊣
⊢≻⋈∈⊥∋≻⋈∈⊤∋≻⋈∈⊥∋≻⋈∈⊥∋≻⋈∈⊤∋≻⋈∈⊥∋≻⋈∈⊤∋≻⋈∈⊥∋≻⋈∈⊤∋≻⋈∈⊤∋≻⋈∈⊥∋≻⋈∈⊥∋≻⋈∈⊤∋≻⋈∈⊤∋≻⋈∈⊤∋≻⋈∈⊥∋≻⋈∈⊤∋≻⋈∈⊥∋≻⋈∈⊤∋≻⋈∈⊥∋≻⋈∈⊤∋≻⋈∈⊤∋≻⋈∈⊥∋⊙⊡⊣
⊢≻⋈∈⊥∋≻⋈∈⊤∋≻⋈∈⊥∋≻⋈∈⊤∋≻⋈∈⊥∋≻⋈∈⊤∋≻⋈∈⊤∋≻⋈∈⊥∋≻⋈∈⊥∋⊙⊡⊣
⊢≻⋈∈⊥∋≻⋈∈⊥∋≻⋈∈⊥∋≻⋈∈⊤∋≻⋈∈⊤∋≻⋈∈⊥∋≻⋈∈⊥∋⊙⊡⊣
⊢≻⋈∈⊥∋≻⋈∈⊤∋≻⋈∈⊤∋≻⋈∈⊥∋≻⋈∈⊥∋≻⋈∈⊤∋≻⋈∈⊤∋≻⋈∈⊥∋≻⋈∈⊥∋≻⋈∈⊥∋≻⋈∈⊥∋⊙⊡⊣
⊢≻⋈∈⊥∋≻⋈∈⊤∋≻⋈∈⊥∋≻⋈∈⊥∋≻⋈∈⊥∋≻⋈∈⊤∋≻⋈∈⊤∋≻⋈∈⊤∋≻⋈∈⊥∋≻⋈∈⊥∋⊙⊡⊣
⊢≻⋈∈⊤∋≻⋈∈⊤∋≻⋈∈⊤∋≻⋈∈⊤∋≻⋈∈⊥∋≻⋈∈⊥∋≻⋈∈⊤∋≻⋈∈⊥∋≻⋈∈⊤∋≻⋈∈⊤∋≻⋈∈⊥∋≻⋈∈⊥∋≻⋈∈⊥∋≻⋈∈⊥∋≻⋈∈⊤∋≻⋈∈⊥∋≻⋈∈⊤∋≻⋈∈⊥∋≻⋈∈⊤∋≻⋈∈⊥∋≻⋈∈⊤∋≻⋈∈⊤∋≻⋈∈⊥∋⊙⊡⊣
⊢≻⋈∈⊤∋≻⋈∈⊥∋≻⋈∈⊥∋≻⋈∈⊤∋≻⋈∈⊥∋≻⋈∈⊤∋≻⋈∈⊤∋≻⋈∈⊥∋≻⋈∈⊥∋⊙⊡⊣
⊢≻⋈∈⊥∋≻⋈∈⊥∋≻⋈∈⊥∋≻⋈∈⊤∋≻⋈∈⊤∋≻⋈∈⊥∋≻⋈∈⊥∋⊙⊡⊣
⊢≻⋈∈⊤∋≻⋈∈⊥∋≻⋈∈⊤∋≻⋈∈⊥∋≻⋈∈⊥∋≻⋈∈⊤∋≻⋈∈⊤∋≻⋈∈⊥∋≻⋈∈⊥∋≻⋈∈⊥∋≻⋈∈⊥∋⊙⊡⊣
⊢≻⋈∈⊥∋≻⋈∈⊥∋≻⋈∈⊥∋≻⋈∈⊥∋≻⋈∈⊥∋≻⋈∈⊤∋≻⋈∈⊤∋≻⋈∈⊤∋≻⋈∈⊥∋≻⋈∈⊥∋⊙⊡⊣
⊢≻⋈∈⊥∋≻⋈∈⊥∋≻⋈∈⊤∋≻⋈∈⊤∋≻⋈∈⊥∋≻⋈∈⊥∋≻⋈∈⊤∋≻⋈∈⊥∋≻⋈∈⊤∋≻⋈∈⊤∋≻⋈∈⊥∋≻⋈∈⊥∋≻⋈∈⊤∋≻⋈∈⊥∋≻⋈∈⊥∋≻⋈∈⊥∋≻⋈∈⊤∋≻⋈∈⊥∋≻⋈∈⊤∋≻⋈∈⊥∋≻⋈∈⊤∋≻⋈∈⊤∋≻⋈∈⊥∋⊙⊡⊣
⊢≻⋈∈⊥∋≻⋈∈⊥∋≻⋈∈⊥∋≻⋈∈⊤∋≻⋈∈⊥∋≻⋈∈⊤∋≻⋈∈⊤∋≻⋈∈⊥∋≻⋈∈⊥∋⊙⊡⊣
⊢≻⋈∈⊥∋≻⋈∈⊥∋≻⋈∈⊤∋≻⋈∈⊥∋≻⋈∈⊥∋≻⋈∈⊤∋≻⋈∈⊤∋≻⋈∈⊥∋≻⋈∈⊥∋≻⋈∈⊥∋⊙⊡⊣
⊢≻⋈∈⊥∋≻⋈∈⊤∋≻⋈∈⊥∋≻⋈∈⊤∋≻⋈∈⊤∋≻⋈∈⊥∋≻⋈∈⊥∋≻⋈∈⊤∋≻⋈∈⊤∋≻⋈∈⊤∋≻⋈∈⊥∋⊙⊡⊣
⊢≻⋈∈⊥∋≻⋈∈⊤∋≻⋈∈⊤∋≻⋈∈⊤∋≻⋈∈⊤∋≻⋈∈⊥∋≻⋈∈⊤∋≻⋈∈⊤∋≻⋈∈⊥∋≻⋈∈⊥∋⊙⊡⊣
⊢≻⋈∈⊤∋≻⋈∈⊥∋≻⋈∈⊥∋≻⋈∈⊤∋≻⋈∈⊥∋≻⋈∈⊥∋≻⋈∈⊤∋≻⋈∈⊥∋≻⋈∈⊤∋≻⋈∈⊤∋≻⋈∈⊥∋≻⋈∈⊥∋≻⋈∈⊥∋≻⋈∈⊤∋≻⋈∈⊤∋≻⋈∈⊤∋≻⋈∈⊥∋≻⋈∈⊥∋≻⋈∈⊤∋≻⋈∈⊥∋≻⋈∈⊤∋≻⋈∈⊤∋≻⋈∈⊥∋⊙⊡⊣
⊢≻⋈∈⊤∋≻⋈∈⊤∋≻⋈∈⊤∋≻⋈∈⊥∋≻⋈∈⊥∋≻⋈∈⊤∋≻⋈∈⊤∋≻⋈∈⊥∋≻⋈∈⊥∋⊙⊡⊣
⊢≻⋈∈⊥∋≻⋈∈⊥∋≻⋈∈⊤∋≻⋈∈⊥∋≻⋈∈⊥∋≻⋈∈⊤∋≻⋈∈⊤∋≻⋈∈⊥∋≻⋈∈⊥∋≻⋈∈⊥∋⊙⊡⊣
⊢≻⋈∈⊤∋≻⋈∈⊥∋≻⋈∈⊥∋≻⋈∈⊤∋≻⋈∈⊤∋≻⋈∈⊥∋≻⋈∈⊥∋≻⋈∈⊤∋≻⋈∈⊤∋≻⋈∈⊤∋≻⋈∈⊥∋⊙⊡⊣
⊢≻⋈∈⊥∋≻⋈∈⊥∋≻⋈∈⊤∋≻⋈∈⊤∋≻⋈∈⊤∋≻⋈∈⊥∋≻⋈∈⊤∋≻⋈∈⊤∋≻⋈∈⊥∋≻⋈∈⊥∋⊙⊡⊣
⊢≻⋈∈⊥∋≻⋈∈⊤∋≻⋈∈⊤∋≻⋈∈⊥∋≻⋈∈⊥∋≻⋈∈⊥∋≻⋈∈⊤∋≻⋈∈⊥∋≻⋈∈⊤∋≻⋈∈⊤∋≻⋈∈⊥∋≻⋈∈⊥∋≻⋈∈⊤∋≻⋈∈⊤∋≻⋈∈⊥∋≻⋈∈⊤∋≻⋈∈⊥∋≻⋈∈⊥∋≻⋈∈⊤∋≻⋈∈⊥∋≻⋈∈⊤∋≻⋈∈⊤∋≻⋈∈⊥∋⊙⊡⊣
⊢≻⋈∈⊥∋≻⋈∈⊤∋≻⋈∈⊤∋≻⋈∈⊥∋≻⋈∈⊥∋≻⋈∈⊤∋≻⋈∈⊤∋≻⋈∈⊥∋≻⋈∈⊥∋⊙⊡⊣
⊢≻⋈∈⊤∋≻⋈∈⊤∋≻⋈∈⊤∋≻⋈∈⊥∋≻⋈∈⊤∋≻⋈∈⊥∋≻⋈∈⊥∋⊙⊡⊣
⊢≻⋈∈⊤∋≻⋈∈⊤∋≻⋈∈⊤∋≻⋈∈⊥∋≻⋈∈⊥∋≻⋈∈⊤∋≻⋈∈⊤∋≻⋈∈⊥∋≻⋈∈⊥∋≻⋈∈⊥∋≻⋈∈⊥∋⊙⊡⊣
⊢≻⋈∈⊥∋≻⋈∈⊤∋≻⋈∈⊥∋≻⋈∈⊤∋≻⋈∈⊤∋≻⋈∈⊥∋≻⋈∈⊤∋≻⋈∈⊤∋≻⋈∈⊥∋≻⋈∈⊥∋⊙⊡⊣
⊢≻⋈∈⊤∋≻⋈∈⊤∋≻⋈∈⊥∋≻⋈∈⊥∋≻⋈∈⊥∋≻⋈∈⊥∋≻⋈∈⊤∋≻⋈∈⊥∋≻⋈∈⊤∋≻⋈∈⊤∋≻⋈∈⊥∋≻⋈∈⊥∋≻⋈∈⊥∋≻⋈∈⊥∋≻⋈∈⊥∋≻⋈∈⊤∋≻⋈∈⊥∋≻⋈∈⊥∋≻⋈∈⊤∋≻⋈∈⊥∋≻⋈∈⊤∋≻⋈∈⊤∋≻⋈∈⊥∋⊙⊡⊣
⊢≻⋈∈⊤∋≻⋈∈⊥∋≻⋈∈⊤∋≻⋈∈⊥∋≻⋈∈⊥∋≻⋈∈⊤∋≻⋈∈⊤∋≻⋈∈⊥∋≻⋈∈⊥∋⊙⊡⊣
⊢≻⋈∈⊤∋≻⋈∈⊤∋≻⋈∈⊤∋≻⋈∈⊥∋≻⋈∈⊤∋≻⋈∈⊥∋≻⋈∈⊥∋⊙⊡⊣
⊢≻⋈∈⊥∋≻⋈∈⊤∋≻⋈∈⊤∋≻⋈∈⊥∋≻⋈∈⊥∋≻⋈∈⊤∋≻⋈∈⊤∋≻⋈∈⊥∋≻⋈∈⊥∋≻⋈∈⊥∋≻⋈∈⊥∋⊙⊡⊣
⊢≻⋈∈⊥∋≻⋈∈⊥∋≻⋈∈⊥∋≻⋈∈⊤∋≻⋈∈⊤∋≻⋈∈⊥∋≻⋈∈⊤∋≻⋈∈⊤∋≻⋈∈⊥∋≻⋈∈⊥∋⊙⊡⊣
⊢≻⋈∈⊥∋≻⋈∈⊥∋≻⋈∈⊥∋≻⋈∈⊥∋≻⋈∈⊥∋≻⋈∈⊥∋≻⋈∈⊤∋≻⋈∈⊥∋≻⋈∈⊤∋≻⋈∈⊤∋≻⋈∈⊥∋≻⋈∈⊥∋≻⋈∈⊤∋≻⋈∈⊥∋≻⋈∈⊤∋≻⋈∈⊥∋≻⋈∈⊥∋≻⋈∈⊥∋≻⋈∈⊤∋≻⋈∈⊥∋≻⋈∈⊤∋≻⋈∈⊤∋≻⋈∈⊥∋⊙⊡⊣
⊢≻⋈∈⊥∋≻⋈∈⊥∋≻⋈∈⊤∋≻⋈∈⊥∋≻⋈∈⊥∋≻⋈∈⊤∋≻⋈∈⊤∋≻⋈∈⊥∋≻⋈∈⊥∋⊙⊡⊣
⊢≻⋈∈⊤∋≻⋈∈⊥∋≻⋈∈⊤∋≻⋈∈⊥∋≻⋈∈⊥∋≻⋈∈⊤∋≻⋈∈⊤∋≻⋈∈⊥∋≻⋈∈⊥∋≻⋈∈⊥∋⊙⊡⊣
⊢≻⋈∈⊤∋≻⋈∈⊥∋≻⋈∈⊥∋≻⋈∈⊤∋≻⋈∈⊤∋≻⋈∈⊥∋≻⋈∈⊥∋≻⋈∈⊤∋≻⋈∈⊤∋≻⋈∈⊤∋≻⋈∈⊥∋⊙⊡⊣
⊢≻⋈∈⊥∋≻⋈∈⊤∋≻⋈∈⊤∋≻⋈∈⊥∋≻⋈∈⊤∋≻⋈∈⊥∋≻⋈∈⊤∋≻⋈∈⊤∋≻⋈∈⊥∋≻⋈∈⊥∋⊙⊡⊣
⊢≻⋈∈⊤∋≻⋈∈⊥∋≻⋈∈⊤∋≻⋈∈⊤∋≻⋈∈⊤∋≻⋈∈⊤∋≻⋈∈⊥∋≻⋈∈⊥∋≻⋈∈⊤∋≻⋈∈⊤∋≻⋈∈⊥∋≻⋈∈⊥∋≻⋈∈⊥∋≻⋈∈⊤∋≻⋈∈⊥∋≻⋈∈⊥∋≻⋈∈⊥∋≻⋈∈⊥∋≻⋈∈⊤∋≻⋈∈⊥∋≻⋈∈⊤∋≻⋈∈⊤∋≻⋈∈⊥∋⊙⊡⊣
⊢≻⋈∈⊤∋≻⋈∈⊤∋≻⋈∈⊥∋≻⋈∈⊥∋≻⋈∈⊥∋≻⋈∈⊤∋≻⋈∈⊤∋≻⋈∈⊥∋≻⋈∈⊥∋⊙⊡⊣
⊢≻⋈∈⊤∋≻⋈∈⊥∋≻⋈∈⊤∋≻⋈∈⊥∋≻⋈∈⊥∋≻⋈∈⊤∋≻⋈∈⊤∋≻⋈∈⊥∋≻⋈∈⊥∋≻⋈∈⊥∋⊙⊡⊣
⊢≻⋈∈⊥∋≻⋈∈⊥∋≻⋈∈⊥∋≻⋈∈⊤∋≻⋈∈⊤∋≻⋈∈⊥∋≻⋈∈⊥∋≻⋈∈⊤∋≻⋈∈⊤∋≻⋈∈⊤∋≻⋈∈⊥∋⊙⊡⊣
⊢≻⋈∈⊥∋≻⋈∈⊥∋≻⋈∈⊤∋≻⋈∈⊥∋≻⋈∈⊤∋≻⋈∈⊥∋≻⋈∈⊤∋≻⋈∈⊤∋≻⋈∈⊥∋≻⋈∈⊥∋⊙⊡⊣
⊢≻⋈∈⊥∋≻⋈∈⊤∋≻⋈∈⊥∋≻⋈∈⊤∋≻⋈∈⊤∋≻⋈∈⊤∋≻⋈∈⊥∋≻⋈∈⊥∋≻⋈∈⊤∋≻⋈∈⊤∋≻⋈∈⊥∋≻⋈∈⊥∋≻⋈∈⊤∋≻⋈∈⊤∋≻⋈∈⊤∋≻⋈∈⊤∋≻⋈∈⊤∋≻⋈∈⊤∋≻⋈∈⊥∋≻⋈∈⊥∋≻⋈∈⊤∋≻⋈∈⊤∋≻⋈∈⊥∋⊙⊡⊣
⊢≻⋈∈⊥∋≻⋈∈⊤∋≻⋈∈⊥∋≻⋈∈⊥∋≻⋈∈⊥∋≻⋈∈⊤∋≻⋈∈⊤∋≻⋈∈⊥∋≻⋈∈⊥∋⊙⊡⊣
⊢≻⋈∈⊥∋≻⋈∈⊤∋≻⋈∈⊤∋≻⋈∈⊥∋≻⋈∈⊤∋≻⋈∈⊥∋≻⋈∈⊥∋⊙⊡⊣
⊢≻⋈∈⊥∋≻⋈∈⊥∋≻⋈∈⊥∋≻⋈∈⊤∋≻⋈∈⊥∋≻⋈∈⊤∋≻⋈∈⊤∋≻⋈∈⊥∋≻⋈∈⊥∋≻⋈∈⊥∋≻⋈∈⊥∋⊙⊡⊣
⊢≻⋈∈⊥∋≻⋈∈⊤∋≻⋈∈⊥∋≻⋈∈⊥∋≻⋈∈⊤∋≻⋈∈⊥∋≻⋈∈⊤∋≻⋈∈⊤∋≻⋈∈⊥∋≻⋈∈⊥∋⊙⊡⊣
⊢≻⋈∈⊤∋≻⋈∈⊤∋≻⋈∈⊤∋≻⋈∈⊥∋≻⋈∈⊤∋≻⋈∈⊤∋≻⋈∈⊥∋≻⋈∈⊥∋≻⋈∈⊤∋≻⋈∈⊤∋≻⋈∈⊥∋≻⋈∈⊥∋≻⋈∈⊥∋≻⋈∈⊥∋≻⋈∈⊤∋≻⋈∈⊤∋≻⋈∈⊤∋≻⋈∈⊤∋≻⋈∈⊥∋≻⋈∈⊥∋≻⋈∈⊤∋≻⋈∈⊤∋≻⋈∈⊥∋⊙⊡⊣
⊢≻⋈∈⊤∋≻⋈∈⊥∋≻⋈∈⊥∋≻⋈∈⊥∋≻⋈∈⊥∋≻⋈∈⊤∋≻⋈∈⊤∋≻⋈∈⊥∋≻⋈∈⊥∋⊙⊡⊣
⊢≻⋈∈⊥∋≻⋈∈⊤∋≻⋈∈⊤∋≻⋈∈⊥∋≻⋈∈⊤∋≻⋈∈⊥∋≻⋈∈⊥∋⊙⊡⊣
⊢≻⋈∈⊤∋≻⋈∈⊤∋≻⋈∈⊤∋≻⋈∈⊥∋≻⋈∈⊥∋≻⋈∈⊤∋≻⋈∈⊤∋≻⋈∈⊥∋≻⋈∈⊥∋≻⋈∈⊥∋≻⋈∈⊥∋⊙⊡⊣
⊢≻⋈∈⊥∋≻⋈∈⊥∋≻⋈∈⊥∋≻⋈∈⊥∋≻⋈∈⊤∋≻⋈∈⊥∋≻⋈∈⊤∋≻⋈∈⊤∋≻⋈∈⊥∋≻⋈∈⊥∋⊙⊡⊣
⊢≻⋈∈⊥∋≻⋈∈⊥∋≻⋈∈⊤∋≻⋈∈⊥∋≻⋈∈⊤∋≻⋈∈⊤∋≻⋈∈⊥∋≻⋈∈⊥∋≻⋈∈⊤∋≻⋈∈⊤∋≻⋈∈⊥∋≻⋈∈⊥∋≻⋈∈⊤∋≻⋈∈⊥∋≻⋈∈⊥∋≻⋈∈⊤∋≻⋈∈⊤∋≻⋈∈⊤∋≻⋈∈⊥∋≻⋈∈⊥∋≻⋈∈⊤∋≻⋈∈⊤∋≻⋈∈⊥∋⊙⊡⊣
⊢≻⋈∈⊥∋≻⋈∈⊥∋≻⋈∈⊥∋≻⋈∈⊥∋≻⋈∈⊥∋≻⋈∈⊤∋≻⋈∈⊤∋≻⋈∈⊥∋≻⋈∈⊥∋⊙⊡⊣
⊢≻⋈∈⊥∋≻⋈∈⊤∋≻⋈∈⊤∋≻⋈∈⊥∋≻⋈∈⊥∋≻⋈∈⊤∋≻⋈∈⊤∋≻⋈∈⊥∋≻⋈∈⊥∋≻⋈∈⊥∋⊙⊡⊣
⊢≻⋈∈⊥∋≻⋈∈⊥∋≻⋈∈⊥∋≻⋈∈⊤∋≻⋈∈⊤∋≻⋈∈⊥∋≻⋈∈⊥∋≻⋈∈⊤∋≻⋈∈⊤∋≻⋈∈⊤∋≻⋈∈⊥∋⊙⊡⊣
⊢≻⋈∈⊥∋≻⋈∈⊤∋≻⋈∈⊤∋≻⋈∈⊤∋≻⋈∈⊥∋≻⋈∈⊥∋≻⋈∈⊤∋≻⋈∈⊤∋≻⋈∈⊥∋≻⋈∈⊥∋⊙⊡⊣
⊢≻⋈∈⊤∋≻⋈∈⊥∋≻⋈∈⊥∋≻⋈∈⊥∋≻⋈∈⊤∋≻⋈∈⊤∋≻⋈∈⊥∋≻⋈∈⊥∋≻⋈∈⊤∋≻⋈∈⊤∋≻⋈∈⊥∋≻⋈∈⊥∋≻⋈∈⊥∋≻⋈∈⊤∋≻⋈∈⊤∋≻⋈∈⊥∋≻⋈∈⊤∋≻⋈∈⊤∋≻⋈∈⊥∋≻⋈∈⊥∋≻⋈∈⊤∋≻⋈∈⊤∋≻⋈∈⊥∋⊙⊡⊣
⊢≻⋈∈⊤∋≻⋈∈⊤∋≻⋈∈⊤∋≻⋈∈⊤∋≻⋈∈⊤∋≻⋈∈⊥∋≻⋈∈⊤∋≻⋈∈⊥∋≻⋈∈⊥∋⊙⊡⊣
⊢≻⋈∈⊥∋≻⋈∈⊤∋≻⋈∈⊤∋≻⋈∈⊥∋≻⋈∈⊥∋≻⋈∈⊤∋≻⋈∈⊤∋≻⋈∈⊥∋≻⋈∈⊥∋≻⋈∈⊥∋⊙⊡⊣
⊢≻⋈∈⊤∋≻⋈∈⊤∋≻⋈∈⊤∋≻⋈∈⊥∋≻⋈∈⊤∋≻⋈∈⊥∋≻⋈∈⊥∋≻⋈∈⊤∋≻⋈∈⊤∋≻⋈∈⊤∋≻⋈∈⊥∋⊙⊡⊣
⊢≻⋈∈⊥∋≻⋈∈⊥∋≻⋈∈⊤∋≻⋈∈⊤∋≻⋈∈⊥∋≻⋈∈⊥∋≻⋈∈⊤∋≻⋈∈⊤∋≻⋈∈⊥∋≻⋈∈⊥∋⊙⊡⊣
⊢≻⋈∈⊥∋≻⋈∈⊤∋≻⋈∈⊤∋≻⋈∈⊤∋≻⋈∈⊥∋≻⋈∈⊤∋≻⋈∈⊥∋≻⋈∈⊥∋≻⋈∈⊤∋≻⋈∈⊤∋≻⋈∈⊥∋≻⋈∈⊥∋≻⋈∈⊤∋≻⋈∈⊤∋≻⋈∈⊥∋≻⋈∈⊥∋≻⋈∈⊤∋≻⋈∈⊤∋≻⋈∈⊥∋≻⋈∈⊥∋≻⋈∈⊤∋≻⋈∈⊤∋≻⋈∈⊥∋⊙⊡⊣
⊢≻⋈∈⊥∋≻⋈∈⊤∋≻⋈∈⊤∋≻⋈∈⊤∋≻⋈∈⊤∋≻⋈∈⊥∋≻⋈∈⊤∋≻⋈∈⊥∋≻⋈∈⊥∋⊙⊡⊣
⊢≻⋈∈⊤∋≻⋈∈⊥∋≻⋈∈⊤∋≻⋈∈⊥∋≻⋈∈⊤∋≻⋈∈⊥∋≻⋈∈⊥∋⊙⊡⊣
⊢≻⋈∈⊤∋≻⋈∈⊥∋≻⋈∈⊥∋≻⋈∈⊤∋≻⋈∈⊥∋≻⋈∈⊤∋≻⋈∈⊤∋≻⋈∈⊥∋≻⋈∈⊥∋≻⋈∈⊥∋≻⋈∈⊥∋⊙⊡⊣
⊢≻⋈∈⊥∋≻⋈∈⊤∋≻⋈∈⊥∋≻⋈∈⊤∋≻⋈∈⊥∋≻⋈∈⊥∋≻⋈∈⊤∋≻⋈∈⊤∋≻⋈∈⊥∋≻⋈∈⊥∋⊙⊡⊣
⊢≻⋈∈⊤∋≻⋈∈⊤∋≻⋈∈⊥∋≻⋈∈⊤∋≻⋈∈⊥∋≻⋈∈⊤∋≻⋈∈⊥∋≻⋈∈⊥∋≻⋈∈⊤∋≻⋈∈⊤∋≻⋈∈⊥∋≻⋈∈⊥∋≻⋈∈⊥∋≻⋈∈⊥∋≻⋈∈⊥∋≻⋈∈⊥∋≻⋈∈⊤∋≻⋈∈⊤∋≻⋈∈⊥∋≻⋈∈⊥∋≻⋈∈⊤∋≻⋈∈⊤∋≻⋈∈⊥∋⊙⊡⊣
⊢≻⋈∈⊤∋≻⋈∈⊥∋≻⋈∈⊤∋≻⋈∈⊤∋≻⋈∈⊤∋≻⋈∈⊥∋≻⋈∈⊤∋≻⋈∈⊥∋≻⋈∈⊥∋⊙⊡⊣
⊢≻⋈∈⊤∋≻⋈∈⊥∋≻⋈∈⊤∋≻⋈∈⊥∋≻⋈∈⊤∋≻⋈∈⊥∋≻⋈∈⊥∋⊙⊡⊣
⊢≻⋈∈⊥∋≻⋈∈⊥∋≻⋈∈⊥∋≻⋈∈⊤∋≻⋈∈⊥∋≻⋈∈⊤∋≻⋈∈⊤∋≻⋈∈⊥∋≻⋈∈⊥∋≻⋈∈⊥∋≻⋈∈⊥∋⊙⊡⊣
⊢≻⋈∈⊥∋≻⋈∈⊥∋≻⋈∈⊥∋≻⋈∈⊤∋≻⋈∈⊥∋≻⋈∈⊥∋≻⋈∈⊤∋≻⋈∈⊤∋≻⋈∈⊥∋≻⋈∈⊥∋⊙⊡⊣
⊢≻⋈∈⊥∋≻⋈∈⊥∋≻⋈∈⊥∋≻⋈∈⊤∋≻⋈∈⊥∋≻⋈∈⊤∋≻⋈∈⊥∋≻⋈∈⊥∋≻⋈∈⊤∋≻⋈∈⊤∋≻⋈∈⊥∋≻⋈∈⊥∋≻⋈∈⊤∋≻⋈∈⊥∋≻⋈∈⊤∋≻⋈∈⊤∋≻⋈∈⊥∋≻⋈∈⊤∋≻⋈∈⊥∋≻⋈∈⊥∋≻⋈∈⊤∋≻⋈∈⊤∋≻⋈∈⊥∋⊙⊡⊣
⊢≻⋈∈⊥∋≻⋈∈⊥∋≻⋈∈⊤∋≻⋈∈⊤∋≻⋈∈⊤∋≻⋈∈⊥∋≻⋈∈⊤∋≻⋈∈⊥∋≻⋈∈⊥∋⊙⊡⊣
⊢≻⋈∈⊤∋≻⋈∈⊤∋≻⋈∈⊤∋≻⋈∈⊥∋≻⋈∈⊥∋≻⋈∈⊤∋≻⋈∈⊤∋≻⋈∈⊥∋≻⋈∈⊥∋≻⋈∈⊥∋⊙⊡⊣
⊢≻⋈∈⊤∋≻⋈∈⊤∋≻⋈∈⊤∋≻⋈∈⊥∋≻⋈∈⊤∋≻⋈∈⊥∋≻⋈∈⊥∋≻⋈∈⊤∋≻⋈∈⊤∋≻⋈∈⊤∋≻⋈∈⊥∋⊙⊡⊣
⊢≻⋈∈⊥∋≻⋈∈⊤∋≻⋈∈⊤∋≻⋈∈⊥∋≻⋈∈⊥∋≻⋈∈⊥∋≻⋈∈⊤∋≻⋈∈⊤∋≻⋈∈⊥∋≻⋈∈⊥∋⊙⊡⊣
⊢≻⋈∈⊤∋≻⋈∈⊥∋≻⋈∈⊤∋≻⋈∈⊥∋≻⋈∈⊥∋≻⋈∈⊤∋≻⋈∈⊥∋≻⋈∈⊥∋≻⋈∈⊤∋≻⋈∈⊤∋≻⋈∈⊥∋≻⋈∈⊥∋≻⋈∈⊥∋≻⋈∈⊤∋≻⋈∈⊥∋≻⋈∈⊤∋≻⋈∈⊥∋≻⋈∈⊤∋≻⋈∈⊥∋≻⋈∈⊥∋≻⋈∈⊤∋≻⋈∈⊤∋≻⋈∈⊥∋⊙⊡⊣
⊢≻⋈∈⊤∋≻⋈∈⊤∋≻⋈∈⊥∋≻⋈∈⊤∋≻⋈∈⊤∋≻⋈∈⊥∋≻⋈∈⊤∋≻⋈∈⊥∋≻⋈∈⊥∋⊙⊡⊣
⊢≻⋈∈⊤∋≻⋈∈⊤∋≻⋈∈⊤∋≻⋈∈⊥∋≻⋈∈⊥∋≻⋈∈⊤∋≻⋈∈⊤∋≻⋈∈⊥∋≻⋈∈⊥∋≻⋈∈⊥∋⊙⊡⊣
⊢≻⋈∈⊥∋≻⋈∈⊤∋≻⋈∈⊤∋≻⋈∈⊥∋≻⋈∈⊤∋≻⋈∈⊥∋≻⋈∈⊥∋≻⋈∈⊤∋≻⋈∈⊤∋≻⋈∈⊤∋≻⋈∈⊥∋⊙⊡⊣
⊢≻⋈∈⊥∋≻⋈∈⊥∋≻⋈∈⊤∋≻⋈∈⊥∋≻⋈∈⊥∋≻⋈∈⊥∋≻⋈∈⊤∋≻⋈∈⊤∋≻⋈∈⊥∋≻⋈∈⊥∋⊙⊡⊣
⊢≻⋈∈⊥∋≻⋈∈⊤∋≻⋈∈⊥∋≻⋈∈⊥∋≻⋈∈⊥∋≻⋈∈⊤∋≻⋈∈⊥∋≻⋈∈⊥∋≻⋈∈⊤∋≻⋈∈⊤∋≻⋈∈⊥∋≻⋈∈⊥∋≻⋈∈⊤∋≻⋈∈⊤∋≻⋈∈⊤∋≻⋈∈⊥∋≻⋈∈⊥∋≻⋈∈⊤∋≻⋈∈⊥∋≻⋈∈⊥∋≻⋈∈⊤∋≻⋈∈⊤∋≻⋈∈⊥∋⊙⊡⊣
⊢≻⋈∈⊥∋≻⋈∈⊤∋≻⋈∈⊥∋≻⋈∈⊤∋≻⋈∈⊤∋≻⋈∈⊥∋≻⋈∈⊤∋≻⋈∈⊥∋≻⋈∈⊥∋⊙⊡⊣
⊢≻⋈∈⊥∋≻⋈∈⊥∋≻⋈∈⊤∋≻⋈∈⊥∋≻⋈∈⊤∋≻⋈∈⊥∋≻⋈∈⊥∋⊙⊡⊣
⊢≻⋈∈⊥∋≻⋈∈⊤∋≻⋈∈⊥∋≻⋈∈⊤∋≻⋈∈⊥∋≻⋈∈⊤∋≻⋈∈⊤∋≻⋈∈⊥∋≻⋈∈⊥∋≻⋈∈⊥∋≻⋈∈⊥∋⊙⊡⊣
⊢≻⋈∈⊥∋≻⋈∈⊤∋≻⋈∈⊥∋≻⋈∈⊥∋≻⋈∈⊥∋≻⋈∈⊥∋≻⋈∈⊤∋≻⋈∈⊤∋≻⋈∈⊥∋≻⋈∈⊥∋⊙⊡⊣
⊢≻⋈∈⊤∋≻⋈∈⊤∋≻⋈∈⊤∋≻⋈∈⊤∋≻⋈∈⊤∋≻⋈∈⊥∋≻⋈∈⊥∋≻⋈∈⊥∋≻⋈∈⊤∋≻⋈∈⊤∋≻⋈∈⊥∋≻⋈∈⊥∋≻⋈∈⊥∋≻⋈∈⊥∋≻⋈∈⊤∋≻⋈∈⊥∋≻⋈∈⊥∋≻⋈∈⊤∋≻⋈∈⊥∋≻⋈∈⊥∋≻⋈∈⊤∋≻⋈∈⊤∋≻⋈∈⊥∋⊙⊡⊣
⊢≻⋈∈⊤∋≻⋈∈⊥∋≻⋈∈⊥∋≻⋈∈⊤∋≻⋈∈⊤∋≻⋈∈⊥∋≻⋈∈⊤∋≻⋈∈⊥∋≻⋈∈⊥∋⊙⊡⊣
⊢≻⋈∈⊥∋≻⋈∈⊥∋≻⋈∈⊤∋≻⋈∈⊥∋≻⋈∈⊤∋≻⋈∈⊥∋≻⋈∈⊥∋⊙⊡⊣
⊢≻⋈∈⊤∋≻⋈∈⊥∋≻⋈∈⊥∋≻⋈∈⊤∋≻⋈∈⊥∋≻⋈∈⊤∋≻⋈∈⊤∋≻⋈∈⊥∋≻⋈∈⊥∋≻⋈∈⊥∋≻⋈∈⊥∋⊙⊡⊣
⊢≻⋈∈⊥∋≻⋈∈⊥∋≻⋈∈⊥∋≻⋈∈⊥∋≻⋈∈⊥∋≻⋈∈⊥∋≻⋈∈⊤∋≻⋈∈⊤∋≻⋈∈⊥∋≻⋈∈⊥∋⊙⊡⊣
⊢≻⋈∈⊥∋≻⋈∈⊥∋≻⋈∈⊤∋≻⋈∈⊤∋≻⋈∈⊤∋≻⋈∈⊥∋≻⋈∈⊥∋≻⋈∈⊥∋≻⋈∈⊤∋≻⋈∈⊤∋≻⋈∈⊥∋≻⋈∈⊥∋≻⋈∈⊤∋≻⋈∈⊥∋≻⋈∈⊥∋≻⋈∈⊥∋≻⋈∈⊥∋≻⋈∈⊤∋≻⋈∈⊥∋≻⋈∈⊥∋≻⋈∈⊤∋≻⋈∈⊤∋≻⋈∈⊥∋⊙⊡⊣
⊢≻⋈∈⊥∋≻⋈∈⊥∋≻⋈∈⊥∋≻⋈∈⊤∋≻⋈∈⊤∋≻⋈∈⊥∋≻⋈∈⊤∋≻⋈∈⊥∋≻⋈∈⊥∋⊙⊡⊣
⊢≻⋈∈⊥∋≻⋈∈⊥∋≻⋈∈⊥∋≻⋈∈⊤∋≻⋈∈⊥∋≻⋈∈⊤∋≻⋈∈⊤∋≻⋈∈⊥∋≻⋈∈⊥∋≻⋈∈⊥∋⊙⊡⊣
⊢≻⋈∈⊥∋≻⋈∈⊤∋≻⋈∈⊤∋≻⋈∈⊥∋≻⋈∈⊤∋≻⋈∈⊥∋≻⋈∈⊥∋≻⋈∈⊤∋≻⋈∈⊤∋≻⋈∈⊤∋≻⋈∈⊥∋⊙⊡⊣
⊢≻⋈∈⊥∋≻⋈∈⊤∋≻⋈∈⊤∋≻⋈∈⊤∋≻⋈∈⊤∋≻⋈∈⊤∋≻⋈∈⊥∋≻⋈∈⊤∋≻⋈∈⊥∋≻⋈∈⊥∋⊙⊡⊣
⊢≻⋈∈⊤∋≻⋈∈⊥∋≻⋈∈⊥∋≻⋈∈⊤∋≻⋈∈⊤∋≻⋈∈⊥∋≻⋈∈⊥∋≻⋈∈⊥∋≻⋈∈⊤∋≻⋈∈⊤∋≻⋈∈⊥∋≻⋈∈⊥∋≻⋈∈⊥∋≻⋈∈⊤∋≻⋈∈⊤∋≻⋈∈⊤∋≻⋈∈⊤∋≻⋈∈⊥∋≻⋈∈⊥∋≻⋈∈⊥∋≻⋈∈⊤∋≻⋈∈⊤∋≻⋈∈⊥∋⊙⊡⊣
⊢≻⋈∈⊤∋≻⋈∈⊤∋≻⋈∈⊤∋≻⋈∈⊥∋≻⋈∈⊤∋≻⋈∈⊥∋≻⋈∈⊤∋≻⋈∈⊥∋≻⋈∈⊥∋⊙⊡⊣
⊢≻⋈∈⊥∋≻⋈∈⊥∋≻⋈∈⊥∋≻⋈∈⊤∋≻⋈∈⊥∋≻⋈∈⊤∋≻⋈∈⊤∋≻⋈∈⊥∋≻⋈∈⊥∋≻⋈∈⊥∋⊙⊡⊣
⊢≻⋈∈⊤∋≻⋈∈⊥∋≻⋈∈⊤∋≻⋈∈⊥∋≻⋈∈⊤∋≻⋈∈⊥∋≻⋈∈⊥∋≻⋈∈⊤∋≻⋈∈⊤∋≻⋈∈⊤∋≻⋈∈⊥∋⊙⊡⊣
⊢≻⋈∈⊥∋≻⋈∈⊥∋≻⋈∈⊤∋≻⋈∈⊤∋≻⋈∈⊤∋≻⋈∈⊤∋≻⋈∈⊥∋≻⋈∈⊤∋≻⋈∈⊥∋≻⋈∈⊥∋⊙⊡⊣
⊢≻⋈∈⊥∋≻⋈∈⊤∋≻⋈∈⊤∋≻⋈∈⊥∋≻⋈∈⊤∋≻⋈∈⊥∋≻⋈∈⊥∋≻⋈∈⊥∋≻⋈∈⊤∋≻⋈∈⊤∋≻⋈∈⊥∋≻⋈∈⊥∋≻⋈∈⊤∋≻⋈∈⊤∋≻⋈∈⊥∋≻⋈∈⊤∋≻⋈∈⊤∋≻⋈∈⊥∋≻⋈∈⊥∋≻⋈∈⊥∋≻⋈∈⊤∋≻⋈∈⊤∋≻⋈∈⊥∋⊙⊡⊣
⊢≻⋈∈⊥∋≻⋈∈⊤∋≻⋈∈⊤∋≻⋈∈⊥∋≻⋈∈⊤∋≻⋈∈⊥∋≻⋈∈⊤∋≻⋈∈⊥∋≻⋈∈⊥∋⊙⊡⊣
⊢≻⋈∈⊤∋≻⋈∈⊤∋≻⋈∈⊥∋≻⋈∈⊥∋≻⋈∈⊤∋≻⋈∈⊥∋≻⋈∈⊥∋⊙⊡⊣
⊢≻⋈∈⊤∋≻⋈∈⊤∋≻⋈∈⊥∋≻⋈∈⊤∋≻⋈∈⊥∋≻⋈∈⊤∋≻⋈∈⊤∋≻⋈∈⊥∋≻⋈∈⊥∋≻⋈∈⊥∋≻⋈∈⊥∋⊙⊡⊣
⊢≻⋈∈⊥∋≻⋈∈⊤∋≻⋈∈⊥∋≻⋈∈⊤∋≻⋈∈⊤∋≻⋈∈⊤∋≻⋈∈⊥∋≻⋈∈⊤∋≻⋈∈⊥∋≻⋈∈⊥∋⊙⊡⊣
⊢≻⋈∈⊤∋≻⋈∈⊤∋≻⋈∈⊥∋≻⋈∈⊥∋≻⋈∈⊤∋≻⋈∈⊥∋≻⋈∈⊥∋≻⋈∈⊥∋≻⋈∈⊤∋≻⋈∈⊤∋≻⋈∈⊥∋≻⋈∈⊥∋≻⋈∈⊥∋≻⋈∈⊥∋≻⋈∈⊥∋≻⋈∈⊤∋≻⋈∈⊤∋≻⋈∈⊥∋≻⋈∈⊥∋≻⋈∈⊥∋≻⋈∈⊤∋≻⋈∈⊤∋≻⋈∈⊥∋⊙⊡⊣
⊢≻⋈∈⊤∋≻⋈∈⊥∋≻⋈∈⊤∋≻⋈∈⊥∋≻⋈∈⊤∋≻⋈∈⊥∋≻⋈∈⊤∋≻⋈∈⊥∋≻⋈∈⊥∋⊙⊡⊣
⊢≻⋈∈⊤∋≻⋈∈⊤∋≻⋈∈⊥∋≻⋈∈⊥∋≻⋈∈⊤∋≻⋈∈⊥∋≻⋈∈⊥∋⊙⊡⊣
⊢≻⋈∈⊥∋≻⋈∈⊤∋≻⋈∈⊥∋≻⋈∈⊤∋≻⋈∈⊥∋≻⋈∈⊤∋≻⋈∈⊤∋≻⋈∈⊥∋≻⋈∈⊥∋≻⋈∈⊥∋≻⋈∈⊥∋⊙⊡⊣
⊢≻⋈∈⊥∋≻⋈∈⊥∋≻⋈∈⊥∋≻⋈∈⊤∋≻⋈∈⊤∋≻⋈∈⊤∋≻⋈∈⊥∋≻⋈∈⊤∋≻⋈∈⊥∋≻⋈∈⊥∋⊙⊡⊣
⊢≻⋈∈⊥∋≻⋈∈⊥∋≻⋈∈⊥∋≻⋈∈⊥∋≻⋈∈⊤∋≻⋈∈⊥∋≻⋈∈⊥∋≻⋈∈⊥∋≻⋈∈⊤∋≻⋈∈⊤∋≻⋈∈⊥∋≻⋈∈⊥∋≻⋈∈⊤∋≻⋈∈⊥∋≻⋈∈⊤∋≻⋈∈⊥∋≻⋈∈⊤∋≻⋈∈⊥∋≻⋈∈⊥∋≻⋈∈⊥∋≻⋈∈⊤∋≻⋈∈⊤∋≻⋈∈⊥∋⊙⊡⊣
⊢≻⋈∈⊥∋≻⋈∈⊥∋≻⋈∈⊤∋≻⋈∈⊥∋≻⋈∈⊤∋≻⋈∈⊥∋≻⋈∈⊤∋≻⋈∈⊥∋≻⋈∈⊥∋⊙⊡⊣
⊢≻⋈∈⊤∋≻⋈∈⊥∋≻⋈∈⊥∋≻⋈∈⊤∋≻⋈∈⊥∋≻⋈∈⊤∋≻⋈∈⊤∋≻⋈∈⊥∋≻⋈∈⊥∋≻⋈∈⊥∋⊙⊡⊣
⊢≻⋈∈⊤∋≻⋈∈⊥∋≻⋈∈⊤∋≻⋈∈⊥∋≻⋈∈⊤∋≻⋈∈⊥∋≻⋈∈⊥∋≻⋈∈⊤∋≻⋈∈⊤∋≻⋈∈⊤∋≻⋈∈⊥∋⊙⊡⊣
⊢≻⋈∈⊥∋≻⋈∈⊤∋≻⋈∈⊤∋≻⋈∈⊥∋≻⋈∈⊤∋≻⋈∈⊤∋≻⋈∈⊥∋≻⋈∈⊤∋≻⋈∈⊥∋≻⋈∈⊥∋⊙⊡⊣
⊢≻⋈∈⊤∋≻⋈∈⊥∋≻⋈∈⊤∋≻⋈∈⊤∋≻⋈∈⊥∋≻⋈∈⊥∋≻⋈∈⊥∋≻⋈∈⊥∋≻⋈∈⊤∋≻⋈∈⊤∋≻⋈∈⊥∋≻⋈∈⊥∋≻⋈∈⊥∋≻⋈∈⊤∋≻⋈∈⊥∋≻⋈∈⊥∋≻⋈∈⊤∋≻⋈∈⊥∋≻⋈∈⊥∋≻⋈∈⊥∋≻⋈∈⊤∋≻⋈∈⊤∋≻⋈∈⊥∋⊙⊡⊣
⊢≻⋈∈⊤∋≻⋈∈⊤∋≻⋈∈⊥∋≻⋈∈⊥∋≻⋈∈⊤∋≻⋈∈⊥∋≻⋈∈⊤∋≻⋈∈⊥∋≻⋈∈⊥∋⊙⊡⊣
⊢≻⋈∈⊤∋≻⋈∈⊥∋≻⋈∈⊥∋≻⋈∈⊤∋≻⋈∈⊥∋≻⋈∈⊤∋≻⋈∈⊤∋≻⋈∈⊥∋≻⋈∈⊥∋≻⋈∈⊥∋⊙⊡⊣
⊢≻⋈∈⊥∋≻⋈∈⊥∋≻⋈∈⊤∋≻⋈∈⊥∋≻⋈∈⊤∋≻⋈∈⊥∋≻⋈∈⊥∋≻⋈∈⊤∋≻⋈∈⊤∋≻⋈∈⊤∋≻⋈∈⊥∋⊙⊡⊣
⊢≻⋈∈⊥∋≻⋈∈⊥∋≻⋈∈⊤∋≻⋈∈⊥∋≻⋈∈⊤∋≻⋈∈⊤∋≻⋈∈⊥∋≻⋈∈⊤∋≻⋈∈⊥∋≻⋈∈⊥∋⊙⊡⊣
⊢≻⋈∈⊥∋≻⋈∈⊤∋≻⋈∈⊥∋≻⋈∈⊤∋≻⋈∈⊥∋≻⋈∈⊥∋≻⋈∈⊥∋≻⋈∈⊥∋≻⋈∈⊤∋≻⋈∈⊤∋≻⋈∈⊥∋≻⋈∈⊥∋≻⋈∈⊤∋≻⋈∈⊤∋≻⋈∈⊤∋≻⋈∈⊤∋≻⋈∈⊥∋≻⋈∈⊥∋≻⋈∈⊥∋≻⋈∈⊥∋≻⋈∈⊤∋≻⋈∈⊤∋≻⋈∈⊥∋⊙⊡⊣
⊢≻⋈∈⊥∋≻⋈∈⊤∋≻⋈∈⊥∋≻⋈∈⊥∋≻⋈∈⊤∋≻⋈∈⊥∋≻⋈∈⊤∋≻⋈∈⊥∋≻⋈∈⊥∋⊙⊡⊣
⊢≻⋈∈⊥∋≻⋈∈⊤∋≻⋈∈⊥∋≻⋈∈⊥∋≻⋈∈⊤∋≻⋈∈⊥∋≻⋈∈⊥∋⊙⊡⊣
⊢≻⋈∈⊥∋≻⋈∈⊥∋≻⋈∈⊤∋≻⋈∈⊤∋≻⋈∈⊥∋≻⋈∈⊤∋≻⋈∈⊤∋≻⋈∈⊥∋≻⋈∈⊥∋≻⋈∈⊥∋≻⋈∈⊥∋⊙⊡⊣
⊢≻⋈∈⊥∋≻⋈∈⊤∋≻⋈∈⊥∋≻⋈∈⊥∋≻⋈∈⊤∋≻⋈∈⊤∋≻⋈∈⊥∋≻⋈∈⊤∋≻⋈∈⊥∋≻⋈∈⊥∋⊙⊡⊣
⊢≻⋈∈⊤∋≻⋈∈⊤∋≻⋈∈⊤∋≻⋈∈⊥∋≻⋈∈⊥∋≻⋈∈⊥∋≻⋈∈⊥∋≻⋈∈⊥∋≻⋈∈⊤∋≻⋈∈⊤∋≻⋈∈⊥∋≻⋈∈⊥∋≻⋈∈⊥∋≻⋈∈⊥∋≻⋈∈⊤∋≻⋈∈⊤∋≻⋈∈⊥∋≻⋈∈⊥∋≻⋈∈⊥∋≻⋈∈⊥∋≻⋈∈⊤∋≻⋈∈⊤∋≻⋈∈⊥∋⊙⊡⊣
⊢≻⋈∈⊤∋≻⋈∈⊥∋≻⋈∈⊥∋≻⋈∈⊥∋≻⋈∈⊤∋≻⋈∈⊥∋≻⋈∈⊤∋≻⋈∈⊥∋≻⋈∈⊥∋⊙⊡⊣
⊢≻⋈∈⊥∋≻⋈∈⊤∋≻⋈∈⊥∋≻⋈∈⊥∋≻⋈∈⊤∋≻⋈∈⊥∋≻⋈∈⊥∋⊙⊡⊣
⊢≻⋈∈⊤∋≻⋈∈⊤∋≻⋈∈⊥∋≻⋈∈⊤∋≻⋈∈⊥∋≻⋈∈⊤∋≻⋈∈⊤∋≻⋈∈⊥∋≻⋈∈⊥∋≻⋈∈⊥∋≻⋈∈⊥∋⊙⊡⊣
⊢≻⋈∈⊥∋≻⋈∈⊥∋≻⋈∈⊥∋≻⋈∈⊥∋≻⋈∈⊤∋≻⋈∈⊤∋≻⋈∈⊥∋≻⋈∈⊤∋≻⋈∈⊥∋≻⋈∈⊥∋⊙⊡⊣
⊢≻⋈∈⊥∋≻⋈∈⊥∋≻⋈∈⊤∋≻⋈∈⊥∋≻⋈∈⊥∋≻⋈∈⊥∋≻⋈∈⊥∋≻⋈∈⊥∋≻⋈∈⊤∋≻⋈∈⊤∋≻⋈∈⊥∋≻⋈∈⊥∋≻⋈∈⊤∋≻⋈∈⊥∋≻⋈∈⊥∋≻⋈∈⊤∋≻⋈∈⊥∋≻⋈∈⊥∋≻⋈∈⊥∋≻⋈∈⊥∋≻⋈∈⊤∋≻⋈∈⊤∋≻⋈∈⊥∋⊙⊡⊣
⊢≻⋈∈⊥∋≻⋈∈⊥∋≻⋈∈⊥∋≻⋈∈⊥∋≻⋈∈⊤∋≻⋈∈⊥∋≻⋈∈⊤∋≻⋈∈⊥∋≻⋈∈⊥∋⊙⊡⊣
⊢≻⋈∈⊥∋≻⋈∈⊤∋≻⋈∈⊥∋≻⋈∈⊤∋≻⋈∈⊥∋≻⋈∈⊤∋≻⋈∈⊤∋≻⋈∈⊥∋≻⋈∈⊥∋≻⋈∈⊥∋⊙⊡⊣
⊢≻⋈∈⊥∋≻⋈∈⊥∋≻⋈∈⊤∋≻⋈∈⊥∋≻⋈∈⊤∋≻⋈∈⊥∋≻⋈∈⊥∋≻⋈∈⊤∋≻⋈∈⊤∋≻⋈∈⊤∋≻⋈∈⊥∋⊙⊡⊣
⊢≻⋈∈⊥∋≻⋈∈⊤∋≻⋈∈⊤∋≻⋈∈⊤∋≻⋈∈⊥∋≻⋈∈⊤∋≻⋈∈⊥∋≻⋈∈⊤∋≻⋈∈⊥∋≻⋈∈⊥∋⊙⊡⊣
⊢≻⋈∈⊤∋≻⋈∈⊥∋≻⋈∈⊥∋≻⋈∈⊥∋≻⋈∈⊥∋≻⋈∈⊥∋≻⋈∈⊥∋≻⋈∈⊥∋≻⋈∈⊤∋≻⋈∈⊤∋≻⋈∈⊥∋≻⋈∈⊥∋≻⋈∈⊥∋≻⋈∈⊤∋≻⋈∈⊤∋≻⋈∈⊥∋≻⋈∈⊥∋≻⋈∈⊥∋≻⋈∈⊥∋≻⋈∈⊥∋≻⋈∈⊤∋≻⋈∈⊤∋≻⋈∈⊥∋⊙⊡⊣
⊢≻⋈∈⊤∋≻⋈∈⊤∋≻⋈∈⊤∋≻⋈∈⊤∋≻⋈∈⊥∋≻⋈∈⊥∋≻⋈∈⊤∋≻⋈∈⊥∋≻⋈∈⊥∋⊙⊡⊣
⊢≻⋈∈⊥∋≻⋈∈⊤∋≻⋈∈⊥∋≻⋈∈⊤∋≻⋈∈⊥∋≻⋈∈⊤∋≻⋈∈⊤∋≻⋈∈⊥∋≻⋈∈⊥∋≻⋈∈⊥∋⊙⊡⊣
⊢≻⋈∈⊤∋≻⋈∈⊤∋≻⋈∈⊥∋≻⋈∈⊥∋≻⋈∈⊤∋≻⋈∈⊥∋≻⋈∈⊥∋≻⋈∈⊤∋≻⋈∈⊤∋≻⋈∈⊤∋≻⋈∈⊥∋⊙⊡⊣
⊢≻⋈∈⊥∋≻⋈∈⊥∋≻⋈∈⊤∋≻⋈∈⊤∋≻⋈∈⊥∋≻⋈∈⊤∋≻⋈∈⊥∋≻⋈∈⊤∋≻⋈∈⊥∋≻⋈∈⊥∋⊙⊡⊣
⊢≻⋈∈⊥∋≻⋈∈⊤∋≻⋈∈⊤∋≻⋈∈⊤∋≻⋈∈⊤∋≻⋈∈⊤∋≻⋈∈⊤∋≻⋈∈⊤∋≻⋈∈⊥∋≻⋈∈⊤∋≻⋈∈⊥∋≻⋈∈⊥∋≻⋈∈⊤∋≻⋈∈⊤∋≻⋈∈⊥∋≻⋈∈⊥∋≻⋈∈⊥∋≻⋈∈⊥∋≻⋈∈⊥∋≻⋈∈⊥∋≻⋈∈⊤∋≻⋈∈⊤∋≻⋈∈⊥∋⊙⊡⊣
⊢≻⋈∈⊥∋≻⋈∈⊤∋≻⋈∈⊤∋≻⋈∈⊤∋≻⋈∈⊥∋≻⋈∈⊥∋≻⋈∈⊤∋≻⋈∈⊥∋≻⋈∈⊥∋⊙⊡⊣
⊢≻⋈∈⊤∋≻⋈∈⊥∋≻⋈∈⊥∋≻⋈∈⊥∋≻⋈∈⊤∋≻⋈∈⊥∋≻⋈∈⊥∋⊙⊡⊣
⊢≻⋈∈⊤∋≻⋈∈⊥∋≻⋈∈⊤∋≻⋈∈⊤∋≻⋈∈⊥∋≻⋈∈⊤∋≻⋈∈⊤∋≻⋈∈⊥∋≻⋈∈⊥∋≻⋈∈⊥∋≻⋈∈⊥∋⊙⊡⊣
⊢≻⋈∈⊥∋≻⋈∈⊤∋≻⋈∈⊥∋≻⋈∈⊤∋≻⋈∈⊥∋≻⋈∈⊤∋≻⋈∈⊥∋≻⋈∈⊤∋≻⋈∈⊥∋≻⋈∈⊥∋⊙⊡⊣
⊢≻⋈∈⊤∋≻⋈∈⊤∋≻⋈∈⊥∋≻⋈∈⊤∋≻⋈∈⊤∋≻⋈∈⊤∋≻⋈∈⊤∋≻⋈∈⊤∋≻⋈∈⊥∋≻⋈∈⊤∋≻⋈∈⊥∋≻⋈∈⊥∋≻⋈∈⊥∋≻⋈∈⊥∋≻⋈∈⊥∋≻⋈∈⊥∋≻⋈∈⊥∋≻⋈∈⊥∋≻⋈∈⊥∋≻⋈∈⊥∋≻⋈∈⊤∋≻⋈∈⊤∋≻⋈∈⊥∋⊙⊡⊣
⊢≻⋈∈⊤∋≻⋈∈⊥∋≻⋈∈⊤∋≻⋈∈⊤∋≻⋈∈⊥∋≻⋈∈⊥∋≻⋈∈⊤∋≻⋈∈⊥∋≻⋈∈⊥∋⊙⊡⊣
⊢≻⋈∈⊤∋≻⋈∈⊥∋≻⋈∈⊥∋≻⋈∈⊥∋≻⋈∈⊤∋≻⋈∈⊥∋≻⋈∈⊥∋⊙⊡⊣
⊢≻⋈∈⊥∋≻⋈∈⊥∋≻⋈∈⊤∋≻⋈∈⊤∋≻⋈∈⊥∋≻⋈∈⊤∋≻⋈∈⊤∋≻⋈∈⊥∋≻⋈∈⊥∋≻⋈∈⊥∋≻⋈∈⊥∋⊙⊡⊣
⊢≻⋈∈⊥∋≻⋈∈⊥∋≻⋈∈⊥∋≻⋈∈⊤∋≻⋈∈⊥∋≻⋈∈⊤∋≻⋈∈⊥∋≻⋈∈⊤∋≻⋈∈⊥∋≻⋈∈⊥∋⊙⊡⊣
⊢≻⋈∈⊥∋≻⋈∈⊥∋≻⋈∈⊥∋≻⋈∈⊤∋≻⋈∈⊤∋≻⋈∈⊤∋≻⋈∈⊤∋≻⋈∈⊤∋≻⋈∈⊥∋≻⋈∈⊤∋≻⋈∈⊥∋≻⋈∈⊥∋≻⋈∈⊤∋≻⋈∈⊥∋≻⋈∈⊤∋≻⋈∈⊤∋≻⋈∈⊤∋≻⋈∈⊤∋≻⋈∈⊤∋≻⋈∈⊤∋≻⋈∈⊥∋≻⋈∈⊤∋≻⋈∈⊥∋⊙⊡⊣
⊢≻⋈∈⊥∋≻⋈∈⊥∋≻⋈∈⊤∋≻⋈∈⊤∋≻⋈∈⊥∋≻⋈∈⊥∋≻⋈∈⊤∋≻⋈∈⊥∋≻⋈∈⊥∋⊙⊡⊣
⊢≻⋈∈⊤∋≻⋈∈⊤∋≻⋈∈⊥∋≻⋈∈⊤∋≻⋈∈⊥∋≻⋈∈⊤∋≻⋈∈⊤∋≻⋈∈⊥∋≻⋈∈⊥∋≻⋈∈⊥∋⊙⊡⊣
⊢≻⋈∈⊤∋≻⋈∈⊤∋≻⋈∈⊥∋≻⋈∈⊥∋≻⋈∈⊤∋≻⋈∈⊥∋≻⋈∈⊥∋≻⋈∈⊤∋≻⋈∈⊤∋≻⋈∈⊤∋≻⋈∈⊥∋⊙⊡⊣
⊢≻⋈∈⊥∋≻⋈∈⊤∋≻⋈∈⊤∋≻⋈∈⊥∋≻⋈∈⊥∋≻⋈∈⊤∋≻⋈∈⊥∋≻⋈∈⊤∋≻⋈∈⊥∋≻⋈∈⊥∋⊙⊡⊣
⊢≻⋈∈⊤∋≻⋈∈⊥∋≻⋈∈⊤∋≻⋈∈⊥∋≻⋈∈⊤∋≻⋈∈⊤∋≻⋈∈⊤∋≻⋈∈⊤∋≻⋈∈⊥∋≻⋈∈⊤∋≻⋈∈⊥∋≻⋈∈⊥∋≻⋈∈⊥∋≻⋈∈⊤∋≻⋈∈⊥∋≻⋈∈⊤∋≻⋈∈⊤∋≻⋈∈⊤∋≻⋈∈⊤∋≻⋈∈⊤∋≻⋈∈⊥∋≻⋈∈⊤∋≻⋈∈⊥∋⊙⊡⊣
⊢≻⋈∈⊤∋≻⋈∈⊤∋≻⋈∈⊥∋≻⋈∈⊤∋≻⋈∈⊥∋≻⋈∈⊥∋≻⋈∈⊤∋≻⋈∈⊥∋≻⋈∈⊥∋⊙⊡⊣
⊢≻⋈∈⊤∋≻⋈∈⊤∋≻⋈∈⊥∋≻⋈∈⊤∋≻⋈∈⊥∋≻⋈∈⊤∋≻⋈∈⊤∋≻⋈∈⊥∋≻⋈∈⊥∋≻⋈∈⊥∋⊙⊡⊣
⊢≻⋈∈⊥∋≻⋈∈⊤∋≻⋈∈⊥∋≻⋈∈⊥∋≻⋈∈⊤∋≻⋈∈⊥∋≻⋈∈⊥∋≻⋈∈⊤∋≻⋈∈⊤∋≻⋈∈⊤∋≻⋈∈⊥∋⊙⊡⊣
⊢≻⋈∈⊥∋≻⋈∈⊥∋≻⋈∈⊤∋≻⋈∈⊥∋≻⋈∈⊥∋≻⋈∈⊤∋≻⋈∈⊥∋≻⋈∈⊤∋≻⋈∈⊥∋≻⋈∈⊥∋⊙⊡⊣
⊢≻⋈∈⊥∋≻⋈∈⊤∋≻⋈∈⊥∋≻⋈∈⊥∋≻⋈∈⊤∋≻⋈∈⊤∋≻⋈∈⊤∋≻⋈∈⊤∋≻⋈∈⊥∋≻⋈∈⊤∋≻⋈∈⊥∋≻⋈∈⊥∋≻⋈∈⊤∋≻⋈∈⊤∋≻⋈∈⊤∋≻⋈∈⊥∋≻⋈∈⊤∋≻⋈∈⊤∋≻⋈∈⊤∋≻⋈∈⊤∋≻⋈∈⊥∋≻⋈∈⊤∋≻⋈∈⊥∋⊙⊡⊣
⊢≻⋈∈⊥∋≻⋈∈⊤∋≻⋈∈⊥∋≻⋈∈⊤∋≻⋈∈⊥∋≻⋈∈⊥∋≻⋈∈⊤∋≻⋈∈⊥∋≻⋈∈⊥∋⊙⊡⊣
⊢≻⋈∈⊥∋≻⋈∈⊥∋≻⋈∈⊥∋≻⋈∈⊥∋≻⋈∈⊤∋≻⋈∈⊥∋≻⋈∈⊥∋⊙⊡⊣
⊢≻⋈∈⊥∋≻⋈∈⊤∋≻⋈∈⊤∋≻⋈∈⊤∋≻⋈∈⊥∋≻⋈∈⊤∋≻⋈∈⊤∋≻⋈∈⊥∋≻⋈∈⊥∋≻⋈∈⊥∋≻⋈∈⊥∋⊙⊡⊣
⊢≻⋈∈⊥∋≻⋈∈⊤∋≻⋈∈⊥∋≻⋈∈⊥∋≻⋈∈⊥∋≻⋈∈⊤∋≻⋈∈⊥∋≻⋈∈⊤∋≻⋈∈⊥∋≻⋈∈⊥∋⊙⊡⊣
⊢≻⋈∈⊤∋≻⋈∈⊤∋≻⋈∈⊤∋≻⋈∈⊤∋≻⋈∈⊥∋≻⋈∈⊤∋≻⋈∈⊤∋≻⋈∈⊤∋≻⋈∈⊥∋≻⋈∈⊤∋≻⋈∈⊥∋≻⋈∈⊥∋≻⋈∈⊥∋≻⋈∈⊥∋≻⋈∈⊤∋≻⋈∈⊥∋≻⋈∈⊤∋≻⋈∈⊤∋≻⋈∈⊤∋≻⋈∈⊤∋≻⋈∈⊥∋≻⋈∈⊤∋≻⋈∈⊥∋⊙⊡⊣
⊢≻⋈∈⊤∋≻⋈∈⊥∋≻⋈∈⊥∋≻⋈∈⊤∋≻⋈∈⊥∋≻⋈∈⊥∋≻⋈∈⊤∋≻⋈∈⊥∋≻⋈∈⊥∋⊙⊡⊣
⊢≻⋈∈⊥∋≻⋈∈⊥∋≻⋈∈⊥∋≻⋈∈⊥∋≻⋈∈⊤∋≻⋈∈⊥∋≻⋈∈⊥∋⊙⊡⊣
⊢≻⋈∈⊤∋≻⋈∈⊥∋≻⋈∈⊤∋≻⋈∈⊤∋≻⋈∈⊥∋≻⋈∈⊤∋≻⋈∈⊤∋≻⋈∈⊥∋≻⋈∈⊥∋≻⋈∈⊥∋≻⋈∈⊥∋⊙⊡⊣
⊢≻⋈∈⊥∋≻⋈∈⊥∋≻⋈∈⊥∋≻⋈∈⊥∋≻⋈∈⊥∋≻⋈∈⊤∋≻⋈∈⊥∋≻⋈∈⊤∋≻⋈∈⊥∋≻⋈∈⊥∋⊙⊡⊣
⊢≻⋈∈⊥∋≻⋈∈⊥∋≻⋈∈⊤∋≻⋈∈⊤∋≻⋈∈⊥∋≻⋈∈⊤∋≻⋈∈⊤∋≻⋈∈⊤∋≻⋈∈⊥∋≻⋈∈⊤∋≻⋈∈⊥∋≻⋈∈⊥∋≻⋈∈⊤∋≻⋈∈⊥∋≻⋈∈⊥∋≻⋈∈⊥∋≻⋈∈⊤∋≻⋈∈⊤∋≻⋈∈⊤∋≻⋈∈⊤∋≻⋈∈⊥∋≻⋈∈⊤∋≻⋈∈⊥∋⊙⊡⊣
⊢≻⋈∈⊥∋≻⋈∈⊥∋≻⋈∈⊥∋≻⋈∈⊤∋≻⋈∈⊥∋≻⋈∈⊥∋≻⋈∈⊤∋≻⋈∈⊥∋≻⋈∈⊥∋⊙⊡⊣
⊢≻⋈∈⊥∋≻⋈∈⊥∋≻⋈∈⊤∋≻⋈∈⊤∋≻⋈∈⊥∋≻⋈∈⊤∋≻⋈∈⊤∋≻⋈∈⊥∋≻⋈∈⊥∋≻⋈∈⊥∋⊙⊡⊣
⊢≻⋈∈⊥∋≻⋈∈⊤∋≻⋈∈⊥∋≻⋈∈⊥∋≻⋈∈⊤∋≻⋈∈⊥∋≻⋈∈⊥∋≻⋈∈⊤∋≻⋈∈⊤∋≻⋈∈⊤∋≻⋈∈⊥∋⊙⊡⊣
⊢≻⋈∈⊥∋≻⋈∈⊤∋≻⋈∈⊤∋≻⋈∈⊤∋≻⋈∈⊤∋≻⋈∈⊥∋≻⋈∈⊥∋≻⋈∈⊤∋≻⋈∈⊥∋≻⋈∈⊥∋⊙⊡⊣
⊢≻⋈∈⊤∋≻⋈∈⊥∋≻⋈∈⊥∋≻⋈∈⊤∋≻⋈∈⊥∋≻⋈∈⊤∋≻⋈∈⊤∋≻⋈∈⊤∋≻⋈∈⊥∋≻⋈∈⊤∋≻⋈∈⊥∋≻⋈∈⊥∋≻⋈∈⊥∋≻⋈∈⊤∋≻⋈∈⊤∋≻⋈∈⊤∋≻⋈∈⊥∋≻⋈∈⊤∋≻⋈∈⊤∋≻⋈∈⊤∋≻⋈∈⊥∋≻⋈∈⊤∋≻⋈∈⊥∋⊙⊡⊣
⊢≻⋈∈⊤∋≻⋈∈⊤∋≻⋈∈⊤∋≻⋈∈⊥∋≻⋈∈⊥∋≻⋈∈⊥∋≻⋈∈⊤∋≻⋈∈⊥∋≻⋈∈⊥∋⊙⊡⊣
⊢≻⋈∈⊥∋≻⋈∈⊥∋≻⋈∈⊤∋≻⋈∈⊤∋≻⋈∈⊥∋≻⋈∈⊤∋≻⋈∈⊤∋≻⋈∈⊥∋≻⋈∈⊥∋≻⋈∈⊥∋⊙⊡⊣
⊢≻⋈∈⊤∋≻⋈∈⊥∋≻⋈∈⊥∋≻⋈∈⊥∋≻⋈∈⊤∋≻⋈∈⊥∋≻⋈∈⊥∋≻⋈∈⊤∋≻⋈∈⊤∋≻⋈∈⊤∋≻⋈∈⊥∋⊙⊡⊣
⊢≻⋈∈⊥∋≻⋈∈⊥∋≻⋈∈⊤∋≻⋈∈⊤∋≻⋈∈⊤∋≻⋈∈⊥∋≻⋈∈⊥∋≻⋈∈⊤∋≻⋈∈⊥∋≻⋈∈⊥∋⊙⊡⊣
⊢≻⋈∈⊥∋≻⋈∈⊤∋≻⋈∈⊤∋≻⋈∈⊥∋≻⋈∈⊥∋≻⋈∈⊤∋≻⋈∈⊤∋≻⋈∈⊤∋≻⋈∈⊥∋≻⋈∈⊤∋≻⋈∈⊥∋≻⋈∈⊥∋≻⋈∈⊤∋≻⋈∈⊤∋≻⋈∈⊥∋≻⋈∈⊤∋≻⋈∈⊥∋≻⋈∈⊤∋≻⋈∈⊤∋≻⋈∈⊤∋≻⋈∈⊥∋≻⋈∈⊤∋≻⋈∈⊥∋⊙⊡⊣
⊢≻⋈∈⊥∋≻⋈∈⊤∋≻⋈∈⊤∋≻⋈∈⊥∋≻⋈∈⊥∋≻⋈∈⊥∋≻⋈∈⊤∋≻⋈∈⊥∋≻⋈∈⊥∋⊙⊡⊣
⊢≻⋈∈⊤∋≻⋈∈⊤∋≻⋈∈⊤∋≻⋈∈⊤∋≻⋈∈⊥∋≻⋈∈⊥∋≻⋈∈⊥∋⊙⊡⊣
⊢≻⋈∈⊤∋≻⋈∈⊤∋≻⋈∈⊤∋≻⋈∈⊤∋≻⋈∈⊥∋≻⋈∈⊤∋≻⋈∈⊤∋≻⋈∈⊥∋≻⋈∈⊥∋≻⋈∈⊥∋≻⋈∈⊥∋⊙⊡⊣
⊢≻⋈∈⊥∋≻⋈∈⊤∋≻⋈∈⊥∋≻⋈∈⊤∋≻⋈∈⊤∋≻⋈∈⊥∋≻⋈∈⊥∋≻⋈∈⊤∋≻⋈∈⊥∋≻⋈∈⊥∋⊙⊡⊣
⊢≻⋈∈⊤∋≻⋈∈⊤∋≻⋈∈⊥∋≻⋈∈⊥∋≻⋈∈⊥∋≻⋈∈⊤∋≻⋈∈⊤∋≻⋈∈⊤∋≻⋈∈⊥∋≻⋈∈⊤∋≻⋈∈⊥∋≻⋈∈⊥∋≻⋈∈⊥∋≻⋈∈⊥∋≻⋈∈⊥∋≻⋈∈⊤∋≻⋈∈⊥∋≻⋈∈⊤∋≻⋈∈⊤∋≻⋈∈⊤∋≻⋈∈⊥∋≻⋈∈⊤∋≻⋈∈⊥∋⊙⊡⊣
⊢≻⋈∈⊤∋≻⋈∈⊥∋≻⋈∈⊤∋≻⋈∈⊥∋≻⋈∈⊥∋≻⋈∈⊥∋≻⋈∈⊤∋≻⋈∈⊥∋≻⋈∈⊥∋⊙⊡⊣
⊢≻⋈∈⊤∋≻⋈∈⊤∋≻⋈∈⊤∋≻⋈∈⊤∋≻⋈∈⊥∋≻⋈∈⊥∋≻⋈∈⊥∋⊙⊡⊣
⊢≻⋈∈⊥∋≻⋈∈⊤∋≻⋈∈⊤∋≻⋈∈⊤∋≻⋈∈⊥∋≻⋈∈⊤∋≻⋈∈⊤∋≻⋈∈⊥∋≻⋈∈⊥∋≻⋈∈⊥∋≻⋈∈⊥∋⊙⊡⊣
⊢≻⋈∈⊥∋≻⋈∈⊥∋≻⋈∈⊥∋≻⋈∈⊤∋≻⋈∈⊤∋≻⋈∈⊥∋≻⋈∈⊥∋≻⋈∈⊤∋≻⋈∈⊥∋≻⋈∈⊥∋⊙⊡⊣
⊢≻⋈∈⊥∋≻⋈∈⊥∋≻⋈∈⊥∋≻⋈∈⊥∋≻⋈∈⊥∋≻⋈∈⊤∋≻⋈∈⊤∋≻⋈∈⊤∋≻⋈∈⊥∋≻⋈∈⊤∋≻⋈∈⊥∋≻⋈∈⊥∋≻⋈∈⊤∋≻⋈∈⊥∋≻⋈∈⊤∋≻⋈∈⊥∋≻⋈∈⊥∋≻⋈∈⊤∋≻⋈∈⊤∋≻⋈∈⊤∋≻⋈∈⊥∋≻⋈∈⊤∋≻⋈∈⊥∋⊙⊡⊣
⊢≻⋈∈⊥∋≻⋈∈⊥∋≻⋈∈⊤∋≻⋈∈⊥∋≻⋈∈⊥∋≻⋈∈⊥∋≻⋈∈⊤∋≻⋈∈⊥∋≻⋈∈⊥∋⊙⊡⊣
⊢≻⋈∈⊤∋≻⋈∈⊥∋≻⋈∈⊤∋≻⋈∈⊤∋≻⋈∈⊥∋≻⋈∈⊤∋≻⋈∈⊤∋≻⋈∈⊥∋≻⋈∈⊥∋≻⋈∈⊥∋⊙⊡⊣
⊢≻⋈∈⊤∋≻⋈∈⊥∋≻⋈∈⊥∋≻⋈∈⊥∋≻⋈∈⊤∋≻⋈∈⊥∋≻⋈∈⊥∋≻⋈∈⊤∋≻⋈∈⊤∋≻⋈∈⊤∋≻⋈∈⊥∋⊙⊡⊣
⊢≻⋈∈⊥∋≻⋈∈⊤∋≻⋈∈⊤∋≻⋈∈⊥∋≻⋈∈⊤∋≻⋈∈⊥∋≻⋈∈⊥∋≻⋈∈⊤∋≻⋈∈⊥∋≻⋈∈⊥∋⊙⊡⊣
⊢≻⋈∈⊤∋≻⋈∈⊥∋≻⋈∈⊤∋≻⋈∈⊤∋≻⋈∈⊤∋≻⋈∈⊥∋≻⋈∈⊤∋≻⋈∈⊤∋≻⋈∈⊥∋≻⋈∈⊤∋≻⋈∈⊥∋≻⋈∈⊥∋≻⋈∈⊥∋≻⋈∈⊤∋≻⋈∈⊥∋≻⋈∈⊥∋≻⋈∈⊥∋≻⋈∈⊤∋≻⋈∈⊤∋≻⋈∈⊤∋≻⋈∈⊥∋≻⋈∈⊤∋≻⋈∈⊥∋⊙⊡⊣
⊢≻⋈∈⊤∋≻⋈∈⊤∋≻⋈∈⊥∋≻⋈∈⊥∋≻⋈∈⊥∋≻⋈∈⊥∋≻⋈∈⊤∋≻⋈∈⊥∋≻⋈∈⊥∋⊙⊡⊣
⊢≻⋈∈⊤∋≻⋈∈⊥∋≻⋈∈⊤∋≻⋈∈⊤∋≻⋈∈⊥∋≻⋈∈⊤∋≻⋈∈⊤∋≻⋈∈⊥∋≻⋈∈⊥∋≻⋈∈⊥∋⊙⊡⊣
⊢≻⋈∈⊥∋≻⋈∈⊥∋≻⋈∈⊥∋≻⋈∈⊥∋≻⋈∈⊤∋≻⋈∈⊥∋≻⋈∈⊥∋≻⋈∈⊤∋≻⋈∈⊤∋≻⋈∈⊤∋≻⋈∈⊥∋⊙⊡⊣
⊢≻⋈∈⊥∋≻⋈∈⊥∋≻⋈∈⊤∋≻⋈∈⊥∋≻⋈∈⊤∋≻⋈∈⊥∋≻⋈∈⊥∋≻⋈∈⊤∋≻⋈∈⊥∋≻⋈∈⊥∋⊙⊡⊣
⊢≻⋈∈⊥∋≻⋈∈⊤∋≻⋈∈⊥∋≻⋈∈⊤∋≻⋈∈⊤∋≻⋈∈⊥∋≻⋈∈⊤∋≻⋈∈⊤∋≻⋈∈⊥∋≻⋈∈⊤∋≻⋈∈⊥∋≻⋈∈⊥∋≻⋈∈⊤∋≻⋈∈⊤∋≻⋈∈⊤∋≻⋈∈⊤∋≻⋈∈⊤∋≻⋈∈⊥∋≻⋈∈⊤∋≻⋈∈⊤∋≻⋈∈⊥∋≻⋈∈⊤∋≻⋈∈⊥∋⊙⊡⊣
⊢≻⋈∈⊥∋≻⋈∈⊤∋≻⋈∈⊥∋≻⋈∈⊥∋≻⋈∈⊥∋≻⋈∈⊥∋≻⋈∈⊤∋≻⋈∈⊥∋≻⋈∈⊥∋⊙⊡⊣
⊢≻⋈∈⊥∋≻⋈∈⊤∋≻⋈∈⊤∋≻⋈∈⊤∋≻⋈∈⊥∋≻⋈∈⊥∋≻⋈∈⊥∋⊙⊡⊣
⊢≻⋈∈⊥∋≻⋈∈⊥∋≻⋈∈⊥∋≻⋈∈⊥∋≻⋈∈⊤∋≻⋈∈⊤∋≻⋈∈⊤∋≻⋈∈⊥∋≻⋈∈⊥∋≻⋈∈⊥∋≻⋈∈⊥∋⊙⊡⊣
⊢≻⋈∈⊥∋≻⋈∈⊤∋≻⋈∈⊥∋≻⋈∈⊥∋≻⋈∈⊤∋≻⋈∈⊥∋≻⋈∈⊥∋≻⋈∈⊤∋≻⋈∈⊥∋≻⋈∈⊥∋⊙⊡⊣
⊢≻⋈∈⊤∋≻⋈∈⊤∋≻⋈∈⊤∋≻⋈∈⊥∋≻⋈∈⊤∋≻⋈∈⊥∋≻⋈∈⊤∋≻⋈∈⊤∋≻⋈∈⊥∋≻⋈∈⊤∋≻⋈∈⊥∋≻⋈∈⊥∋≻⋈∈⊥∋≻⋈∈⊥∋≻⋈∈⊤∋≻⋈∈⊤∋≻⋈∈⊤∋≻⋈∈⊥∋≻⋈∈⊤∋≻⋈∈⊤∋≻⋈∈⊥∋≻⋈∈⊤∋≻⋈∈⊥∋⊙⊡⊣
⊢≻⋈∈⊤∋≻⋈∈⊥∋≻⋈∈⊥∋≻⋈∈⊥∋≻⋈∈⊥∋≻⋈∈⊥∋≻⋈∈⊤∋≻⋈∈⊥∋≻⋈∈⊥∋⊙⊡⊣
⊢≻⋈∈⊥∋≻⋈∈⊤∋≻⋈∈⊤∋≻⋈∈⊤∋≻⋈∈⊥∋≻⋈∈⊥∋≻⋈∈⊥∋⊙⊡⊣
⊢≻⋈∈⊤∋≻⋈∈⊤∋≻⋈∈⊤∋≻⋈∈⊤∋≻⋈∈⊥∋≻⋈∈⊤∋≻⋈∈⊤∋≻⋈∈⊥∋≻⋈∈⊥∋≻⋈∈⊥∋≻⋈∈⊥∋⊙⊡⊣
⊢≻⋈∈⊥∋≻⋈∈⊥∋≻⋈∈⊥∋≻⋈∈⊥∋≻⋈∈⊤∋≻⋈∈⊥∋≻⋈∈⊥∋≻⋈∈⊤∋≻⋈∈⊥∋≻⋈∈⊥∋⊙⊡⊣
⊢≻⋈∈⊥∋≻⋈∈⊥∋≻⋈∈⊤∋≻⋈∈⊥∋≻⋈∈⊤∋≻⋈∈⊥∋≻⋈∈⊤∋≻⋈∈⊤∋≻⋈∈⊥∋≻⋈∈⊤∋≻⋈∈⊥∋≻⋈∈⊥∋≻⋈∈⊤∋≻⋈∈⊥∋≻⋈∈⊥∋≻⋈∈⊤∋≻⋈∈⊤∋≻⋈∈⊥∋≻⋈∈⊤∋≻⋈∈⊤∋≻⋈∈⊥∋≻⋈∈⊤∋≻⋈∈⊥∋⊙⊡⊣
⊢≻⋈∈⊥∋≻⋈∈⊥∋≻⋈∈⊥∋≻⋈∈⊥∋≻⋈∈⊥∋≻⋈∈⊥∋≻⋈∈⊤∋≻⋈∈⊥∋≻⋈∈⊥∋⊙⊡⊣
⊢≻⋈∈⊥∋≻⋈∈⊤∋≻⋈∈⊤∋≻⋈∈⊤∋≻⋈∈⊥∋≻⋈∈⊤∋≻⋈∈⊤∋≻⋈∈⊥∋≻⋈∈⊥∋≻⋈∈⊥∋⊙⊡⊣
⊢≻⋈∈⊥∋≻⋈∈⊥∋≻⋈∈⊥∋≻⋈∈⊥∋≻⋈∈⊤∋≻⋈∈⊥∋≻⋈∈⊥∋≻⋈∈⊤∋≻⋈∈⊤∋≻⋈∈⊤∋≻⋈∈⊥∋⊙⊡⊣
⊢≻⋈∈⊥∋≻⋈∈⊤∋≻⋈∈⊤∋≻⋈∈⊤∋≻⋈∈⊥∋≻⋈∈⊥∋≻⋈∈⊥∋≻⋈∈⊤∋≻⋈∈⊥∋≻⋈∈⊥∋⊙⊡⊣
⊢≻⋈∈⊤∋≻⋈∈⊥∋≻⋈∈⊥∋≻⋈∈⊥∋≻⋈∈⊤∋≻⋈∈⊥∋≻⋈∈⊤∋≻⋈∈⊤∋≻⋈∈⊥∋≻⋈∈⊤∋≻⋈∈⊥∋≻⋈∈⊥∋≻⋈∈⊥∋≻⋈∈⊤∋≻⋈∈⊤∋≻⋈∈⊥∋≻⋈∈⊤∋≻⋈∈⊥∋≻⋈∈⊤∋≻⋈∈⊤∋≻⋈∈⊥∋≻⋈∈⊤∋≻⋈∈⊥∋⊙⊡⊣
⊢≻⋈∈⊤∋≻⋈∈⊤∋≻⋈∈⊤∋≻⋈∈⊤∋≻⋈∈⊤∋≻⋈∈⊤∋≻⋈∈⊥∋≻⋈∈⊥∋≻⋈∈⊥∋⊙⊡⊣
⊢≻⋈∈⊥∋≻⋈∈⊤∋≻⋈∈⊤∋≻⋈∈⊤∋≻⋈∈⊥∋≻⋈∈⊤∋≻⋈∈⊤∋≻⋈∈⊥∋≻⋈∈⊥∋≻⋈∈⊥∋⊙⊡⊣
⊢≻⋈∈⊤∋≻⋈∈⊤∋≻⋈∈⊤∋≻⋈∈⊤∋≻⋈∈⊥∋≻⋈∈⊥∋≻⋈∈⊥∋≻⋈∈⊤∋≻⋈∈⊤∋≻⋈∈⊤∋≻⋈∈⊥∋⊙⊡⊣
⊢≻⋈∈⊥∋≻⋈∈⊥∋≻⋈∈⊤∋≻⋈∈⊤∋≻⋈∈⊥∋≻⋈∈⊥∋≻⋈∈⊥∋≻⋈∈⊤∋≻⋈∈⊥∋≻⋈∈⊥∋⊙⊡⊣
⊢≻⋈∈⊥∋≻⋈∈⊤∋≻⋈∈⊤∋≻⋈∈⊤∋≻⋈∈⊥∋≻⋈∈⊥∋≻⋈∈⊤∋≻⋈∈⊤∋≻⋈∈⊥∋≻⋈∈⊤∋≻⋈∈⊥∋≻⋈∈⊥∋≻⋈∈⊤∋≻⋈∈⊤∋≻⋈∈⊥∋≻⋈∈⊥∋≻⋈∈⊤∋≻⋈∈⊥∋≻⋈∈⊤∋≻⋈∈⊤∋≻⋈∈⊥∋≻⋈∈⊤∋≻⋈∈⊥∋⊙⊡⊣
⊢≻⋈∈⊥∋≻⋈∈⊤∋≻⋈∈⊤∋≻⋈∈⊤∋≻⋈∈⊤∋≻⋈∈⊤∋≻⋈∈⊥∋≻⋈∈⊥∋≻⋈∈⊥∋⊙⊡⊣
⊢≻⋈∈⊤∋≻⋈∈⊥∋≻⋈∈⊤∋≻⋈∈⊤∋≻⋈∈⊥∋≻⋈∈⊥∋≻⋈∈⊥∋⊙⊡⊣
⊢≻⋈∈⊤∋≻⋈∈⊥∋≻⋈∈⊥∋≻⋈∈⊥∋≻⋈∈⊤∋≻⋈∈⊤∋≻⋈∈⊤∋≻⋈∈⊥∋≻⋈∈⊥∋≻⋈∈⊥∋≻⋈∈⊥∋⊙⊡⊣
⊢≻⋈∈⊥∋≻⋈∈⊤∋≻⋈∈⊥∋≻⋈∈⊤∋≻⋈∈⊥∋≻⋈∈⊥∋≻⋈∈⊥∋≻⋈∈⊤∋≻⋈∈⊥∋≻⋈∈⊥∋⊙⊡⊣
⊢≻⋈∈⊤∋≻⋈∈⊤∋≻⋈∈⊥∋≻⋈∈⊤∋≻⋈∈⊥∋≻⋈∈⊥∋≻⋈∈⊤∋≻⋈∈⊤∋≻⋈∈⊥∋≻⋈∈⊤∋≻⋈∈⊥∋≻⋈∈⊥∋≻⋈∈⊥∋≻⋈∈⊥∋≻⋈∈⊥∋≻⋈∈⊥∋≻⋈∈⊤∋≻⋈∈⊥∋≻⋈∈⊤∋≻⋈∈⊤∋≻⋈∈⊥∋≻⋈∈⊤∋≻⋈∈⊥∋⊙⊡⊣
⊢≻⋈∈⊤∋≻⋈∈⊥∋≻⋈∈⊤∋≻⋈∈⊤∋≻⋈∈⊤∋≻⋈∈⊤∋≻⋈∈⊥∋≻⋈∈⊥∋≻⋈∈⊥∋⊙⊡⊣
⊢≻⋈∈⊤∋≻⋈∈⊥∋≻⋈∈⊤∋≻⋈∈⊤∋≻⋈∈⊥∋≻⋈∈⊥∋≻⋈∈⊥∋⊙⊡⊣
⊢≻⋈∈⊥∋≻⋈∈⊥∋≻⋈∈⊥∋≻⋈∈⊥∋≻⋈∈⊤∋≻⋈∈⊤∋≻⋈∈⊤∋≻⋈∈⊥∋≻⋈∈⊥∋≻⋈∈⊥∋≻⋈∈⊥∋⊙⊡⊣
⊢≻⋈∈⊥∋≻⋈∈⊥∋≻⋈∈⊥∋≻⋈∈⊤∋≻⋈∈⊥∋≻⋈∈⊥∋≻⋈∈⊥∋≻⋈∈⊤∋≻⋈∈⊥∋≻⋈∈⊥∋⊙⊡⊣
⊢≻⋈∈⊥∋≻⋈∈⊥∋≻⋈∈⊥∋≻⋈∈⊤∋≻⋈∈⊥∋≻⋈∈⊥∋≻⋈∈⊤∋≻⋈∈⊤∋≻⋈∈⊥∋≻⋈∈⊤∋≻⋈∈⊥∋≻⋈∈⊥∋≻⋈∈⊤∋≻⋈∈⊥∋≻⋈∈⊤∋≻⋈∈⊤∋≻⋈∈⊥∋≻⋈∈⊥∋≻⋈∈⊤∋≻⋈∈⊤∋≻⋈∈⊥∋≻⋈∈⊤∋≻⋈∈⊥∋⊙⊡⊣
⊢≻⋈∈⊥∋≻⋈∈⊥∋≻⋈∈⊤∋≻⋈∈⊤∋≻⋈∈⊤∋≻⋈∈⊤∋≻⋈∈⊥∋≻⋈∈⊥∋≻⋈∈⊥∋⊙⊡⊣
⊢≻⋈∈⊤∋≻⋈∈⊤∋≻⋈∈⊤∋≻⋈∈⊤∋≻⋈∈⊥∋≻⋈∈⊤∋≻⋈∈⊤∋≻⋈∈⊥∋≻⋈∈⊥∋≻⋈∈⊥∋⊙⊡⊣
⊢≻⋈∈⊤∋≻⋈∈⊤∋≻⋈∈⊤∋≻⋈∈⊤∋≻⋈∈⊥∋≻⋈∈⊥∋≻⋈∈⊥∋≻⋈∈⊤∋≻⋈∈⊤∋≻⋈∈⊤∋≻⋈∈⊥∋⊙⊡⊣
⊢≻⋈∈⊥∋≻⋈∈⊤∋≻⋈∈⊤∋≻⋈∈⊥∋≻⋈∈⊥∋≻⋈∈⊥∋≻⋈∈⊥∋≻⋈∈⊤∋≻⋈∈⊥∋≻⋈∈⊥∋⊙⊡⊣
⊢≻⋈∈⊤∋≻⋈∈⊥∋≻⋈∈⊤∋≻⋈∈⊥∋≻⋈∈⊥∋≻⋈∈⊥∋≻⋈∈⊤∋≻⋈∈⊤∋≻⋈∈⊥∋≻⋈∈⊤∋≻⋈∈⊥∋≻⋈∈⊥∋≻⋈∈⊥∋≻⋈∈⊤∋≻⋈∈⊥∋≻⋈∈⊤∋≻⋈∈⊥∋≻⋈∈⊥∋≻⋈∈⊤∋≻⋈∈⊤∋≻⋈∈⊥∋≻⋈∈⊤∋≻⋈∈⊥∋⊙⊡⊣
⊢≻⋈∈⊤∋≻⋈∈⊤∋≻⋈∈⊥∋≻⋈∈⊤∋≻⋈∈⊤∋≻⋈∈⊤∋≻⋈∈⊥∋≻⋈∈⊥∋≻⋈∈⊥∋⊙⊡⊣
⊢≻⋈∈⊤∋≻⋈∈⊤∋≻⋈∈⊤∋≻⋈∈⊤∋≻⋈∈⊥∋≻⋈∈⊤∋≻⋈∈⊤∋≻⋈∈⊥∋≻⋈∈⊥∋≻⋈∈⊥∋⊙⊡⊣
⊢≻⋈∈⊥∋≻⋈∈⊤∋≻⋈∈⊤∋≻⋈∈⊤∋≻⋈∈⊥∋≻⋈∈⊥∋≻⋈∈⊥∋≻⋈∈⊤∋≻⋈∈⊤∋≻⋈∈⊤∋≻⋈∈⊥∋⊙⊡⊣
⊢≻⋈∈⊥∋≻⋈∈⊥∋≻⋈∈⊤∋≻⋈∈⊥∋≻⋈∈⊥∋≻⋈∈⊥∋≻⋈∈⊥∋≻⋈∈⊤∋≻⋈∈⊥∋≻⋈∈⊥∋⊙⊡⊣
⊢≻⋈∈⊥∋≻⋈∈⊤∋≻⋈∈⊥∋≻⋈∈⊥∋≻⋈∈⊥∋≻⋈∈⊥∋≻⋈∈⊤∋≻⋈∈⊤∋≻⋈∈⊥∋≻⋈∈⊤∋≻⋈∈⊥∋≻⋈∈⊥∋≻⋈∈⊤∋≻⋈∈⊤∋≻⋈∈⊤∋≻⋈∈⊥∋≻⋈∈⊥∋≻⋈∈⊥∋≻⋈∈⊤∋≻⋈∈⊤∋≻⋈∈⊥∋≻⋈∈⊤∋≻⋈∈⊥∋⊙⊡⊣
⊢≻⋈∈⊥∋≻⋈∈⊤∋≻⋈∈⊥∋≻⋈∈⊤∋≻⋈∈⊤∋≻⋈∈⊤∋≻⋈∈⊥∋≻⋈∈⊥∋≻⋈∈⊥∋⊙⊡⊣
⊢≻⋈∈⊥∋≻⋈∈⊥∋≻⋈∈⊤∋≻⋈∈⊤∋≻⋈∈⊥∋≻⋈∈⊥∋≻⋈∈⊥∋⊙⊡⊣
⊢≻⋈∈⊥∋≻⋈∈⊤∋≻⋈∈⊥∋≻⋈∈⊥∋≻⋈∈⊤∋≻⋈∈⊤∋≻⋈∈⊤∋≻⋈∈⊥∋≻⋈∈⊥∋≻⋈∈⊥∋≻⋈∈⊥∋⊙⊡⊣
⊢≻⋈∈⊥∋≻⋈∈⊤∋≻⋈∈⊥∋≻⋈∈⊥∋≻⋈∈⊥∋≻⋈∈⊥∋≻⋈∈⊥∋≻⋈∈⊤∋≻⋈∈⊥∋≻⋈∈⊥∋⊙⊡⊣
⊢≻⋈∈⊤∋≻⋈∈⊤∋≻⋈∈⊤∋≻⋈∈⊤∋≻⋈∈⊤∋≻⋈∈⊤∋≻⋈∈⊥∋≻⋈∈⊤∋≻⋈∈⊥∋≻⋈∈⊤∋≻⋈∈⊥∋≻⋈∈⊥∋≻⋈∈⊥∋≻⋈∈⊥∋≻⋈∈⊤∋≻⋈∈⊥∋≻⋈∈⊥∋≻⋈∈⊥∋≻⋈∈⊤∋≻⋈∈⊤∋≻⋈∈⊥∋≻⋈∈⊤∋≻⋈∈⊥∋⊙⊡⊣
⊢≻⋈∈⊤∋≻⋈∈⊥∋≻⋈∈⊥∋≻⋈∈⊤∋≻⋈∈⊤∋≻⋈∈⊤∋≻⋈∈⊥∋≻⋈∈⊥∋≻⋈∈⊥∋⊙⊡⊣
⊢≻⋈∈⊥∋≻⋈∈⊥∋≻⋈∈⊤∋≻⋈∈⊤∋≻⋈∈⊥∋≻⋈∈⊥∋≻⋈∈⊥∋⊙⊡⊣
⊢≻⋈∈⊤∋≻⋈∈⊥∋≻⋈∈⊥∋≻⋈∈⊥∋≻⋈∈⊤∋≻⋈∈⊤∋≻⋈∈⊤∋≻⋈∈⊥∋≻⋈∈⊥∋≻⋈∈⊥∋≻⋈∈⊥∋⊙⊡⊣
⊢≻⋈∈⊥∋≻⋈∈⊥∋≻⋈∈⊥∋≻⋈∈⊥∋≻⋈∈⊥∋≻⋈∈⊥∋≻⋈∈⊥∋≻⋈∈⊤∋≻⋈∈⊥∋≻⋈∈⊥∋⊙⊡⊣
⊢≻⋈∈⊥∋≻⋈∈⊥∋≻⋈∈⊤∋≻⋈∈⊤∋≻⋈∈⊤∋≻⋈∈⊤∋≻⋈∈⊥∋≻⋈∈⊤∋≻⋈∈⊥∋≻⋈∈⊤∋≻⋈∈⊥∋≻⋈∈⊥∋≻⋈∈⊤∋≻⋈∈⊥∋≻⋈∈⊥∋≻⋈∈⊥∋≻⋈∈⊥∋≻⋈∈⊥∋≻⋈∈⊤∋≻⋈∈⊤∋≻⋈∈⊥∋≻⋈∈⊤∋≻⋈∈⊥∋⊙⊡⊣
⊢≻⋈∈⊥∋≻⋈∈⊥∋≻⋈∈⊥∋≻⋈∈⊤∋≻⋈∈⊤∋≻⋈∈⊤∋≻⋈∈⊥∋≻⋈∈⊥∋≻⋈∈⊥∋⊙⊡⊣
⊢≻⋈∈⊥∋≻⋈∈⊥∋≻⋈∈⊥∋≻⋈∈⊥∋≻⋈∈⊤∋≻⋈∈⊤∋≻⋈∈⊤∋≻⋈∈⊥∋≻⋈∈⊥∋≻⋈∈⊥∋⊙⊡⊣
⊢≻⋈∈⊥∋≻⋈∈⊤∋≻⋈∈⊤∋≻⋈∈⊤∋≻⋈∈⊥∋≻⋈∈⊥∋≻⋈∈⊥∋≻⋈∈⊤∋≻⋈∈⊤∋≻⋈∈⊤∋≻⋈∈⊥∋⊙⊡⊣
⊢≻⋈∈⊥∋≻⋈∈⊤∋≻⋈∈⊤∋≻⋈∈⊤∋≻⋈∈⊤∋≻⋈∈⊤∋≻⋈∈⊤∋≻⋈∈⊥∋≻⋈∈⊥∋≻⋈∈⊥∋⊙⊡⊣
⊢≻⋈∈⊤∋≻⋈∈⊥∋≻⋈∈⊥∋≻⋈∈⊤∋≻⋈∈⊤∋≻⋈∈⊤∋≻⋈∈⊥∋≻⋈∈⊤∋≻⋈∈⊥∋≻⋈∈⊤∋≻⋈∈⊥∋≻⋈∈⊥∋≻⋈∈⊥∋≻⋈∈⊤∋≻⋈∈⊤∋≻⋈∈⊤∋≻⋈∈⊤∋≻⋈∈⊤∋≻⋈∈⊥∋≻⋈∈⊤∋≻⋈∈⊥∋≻⋈∈⊤∋≻⋈∈⊥∋⊙⊡⊣
⊢≻⋈∈⊤∋≻⋈∈⊤∋≻⋈∈⊤∋≻⋈∈⊥∋≻⋈∈⊤∋≻⋈∈⊤∋≻⋈∈⊥∋≻⋈∈⊥∋≻⋈∈⊥∋⊙⊡⊣
⊢≻⋈∈⊥∋≻⋈∈⊥∋≻⋈∈⊥∋≻⋈∈⊥∋≻⋈∈⊤∋≻⋈∈⊤∋≻⋈∈⊤∋≻⋈∈⊥∋≻⋈∈⊥∋≻⋈∈⊥∋⊙⊡⊣
⊢≻⋈∈⊤∋≻⋈∈⊥∋≻⋈∈⊤∋≻⋈∈⊤∋≻⋈∈⊥∋≻⋈∈⊥∋≻⋈∈⊥∋≻⋈∈⊤∋≻⋈∈⊤∋≻⋈∈⊤∋≻⋈∈⊥∋⊙⊡⊣
⊢≻⋈∈⊥∋≻⋈∈⊥∋≻⋈∈⊤∋≻⋈∈⊤∋≻⋈∈⊤∋≻⋈∈⊤∋≻⋈∈⊤∋≻⋈∈⊥∋≻⋈∈⊥∋≻⋈∈⊥∋⊙⊡⊣
⊢≻⋈∈⊥∋≻⋈∈⊤∋≻⋈∈⊤∋≻⋈∈⊥∋≻⋈∈⊤∋≻⋈∈⊤∋≻⋈∈⊥∋≻⋈∈⊤∋≻⋈∈⊥∋≻⋈∈⊤∋≻⋈∈⊥∋≻⋈∈⊥∋≻⋈∈⊤∋≻⋈∈⊤∋≻⋈∈⊥∋≻⋈∈⊤∋≻⋈∈⊤∋≻⋈∈⊤∋≻⋈∈⊥∋≻⋈∈⊤∋≻⋈∈⊥∋≻⋈∈⊤∋≻⋈∈⊥∋⊙⊡⊣
⊢≻⋈∈⊥∋≻⋈∈⊤∋≻⋈∈⊤∋≻⋈∈⊥∋≻⋈∈⊤∋≻⋈∈⊤∋≻⋈∈⊥∋≻⋈∈⊥∋≻⋈∈⊥∋⊙⊡⊣
⊢≻⋈∈⊤∋≻⋈∈⊤∋≻⋈∈⊥∋≻⋈∈⊤∋≻⋈∈⊥∋≻⋈∈⊥∋≻⋈∈⊥∋⊙⊡⊣
⊢≻⋈∈⊤∋≻⋈∈⊤∋≻⋈∈⊥∋≻⋈∈⊥∋≻⋈∈⊤∋≻⋈∈⊤∋≻⋈∈⊤∋≻⋈∈⊥∋≻⋈∈⊥∋≻⋈∈⊥∋≻⋈∈⊥∋⊙⊡⊣
⊢≻⋈∈⊥∋≻⋈∈⊤∋≻⋈∈⊥∋≻⋈∈⊤∋≻⋈∈⊤∋≻⋈∈⊤∋≻⋈∈⊤∋≻⋈∈⊥∋≻⋈∈⊥∋≻⋈∈⊥∋⊙⊡⊣
⊢≻⋈∈⊤∋≻⋈∈⊤∋≻⋈∈⊥∋≻⋈∈⊥∋≻⋈∈⊤∋≻⋈∈⊤∋≻⋈∈⊥∋≻⋈∈⊤∋≻⋈∈⊥∋≻⋈∈⊤∋≻⋈∈⊥∋≻⋈∈⊥∋≻⋈∈⊥∋≻⋈∈⊥∋≻⋈∈⊥∋≻⋈∈⊤∋≻⋈∈⊤∋≻⋈∈⊤∋≻⋈∈⊥∋≻⋈∈⊤∋≻⋈∈⊥∋≻⋈∈⊤∋≻⋈∈⊥∋⊙⊡⊣
⊢≻⋈∈⊤∋≻⋈∈⊥∋≻⋈∈⊤∋≻⋈∈⊥∋≻⋈∈⊤∋≻⋈∈⊤∋≻⋈∈⊥∋≻⋈∈⊥∋≻⋈∈⊥∋⊙⊡⊣
⊢≻⋈∈⊤∋≻⋈∈⊤∋≻⋈∈⊥∋≻⋈∈⊤∋≻⋈∈⊥∋≻⋈∈⊥∋≻⋈∈⊥∋⊙⊡⊣
⊢≻⋈∈⊥∋≻⋈∈⊤∋≻⋈∈⊥∋≻⋈∈⊥∋≻⋈∈⊤∋≻⋈∈⊤∋≻⋈∈⊤∋≻⋈∈⊥∋≻⋈∈⊥∋≻⋈∈⊥∋≻⋈∈⊥∋⊙⊡⊣
⊢≻⋈∈⊥∋≻⋈∈⊥∋≻⋈∈⊥∋≻⋈∈⊤∋≻⋈∈⊤∋≻⋈∈⊤∋≻⋈∈⊤∋≻⋈∈⊥∋≻⋈∈⊥∋≻⋈∈⊥∋⊙⊡⊣
⊢≻⋈∈⊥∋≻⋈∈⊥∋≻⋈∈⊥∋≻⋈∈⊥∋≻⋈∈⊤∋≻⋈∈⊤∋≻⋈∈⊥∋≻⋈∈⊤∋≻⋈∈⊥∋≻⋈∈⊤∋≻⋈∈⊥∋≻⋈∈⊥∋≻⋈∈⊤∋≻⋈∈⊥∋≻⋈∈⊤∋≻⋈∈⊥∋≻⋈∈⊤∋≻⋈∈⊤∋≻⋈∈⊥∋≻⋈∈⊤∋≻⋈∈⊥∋≻⋈∈⊤∋≻⋈∈⊥∋⊙⊡⊣
⊢≻⋈∈⊥∋≻⋈∈⊥∋≻⋈∈⊤∋≻⋈∈⊥∋≻⋈∈⊤∋≻⋈∈⊤∋≻⋈∈⊥∋≻⋈∈⊥∋≻⋈∈⊥∋⊙⊡⊣
⊢≻⋈∈⊤∋≻⋈∈⊥∋≻⋈∈⊥∋≻⋈∈⊥∋≻⋈∈⊤∋≻⋈∈⊤∋≻⋈∈⊤∋≻⋈∈⊥∋≻⋈∈⊥∋≻⋈∈⊥∋⊙⊡⊣
⊢≻⋈∈⊤∋≻⋈∈⊥∋≻⋈∈⊤∋≻⋈∈⊤∋≻⋈∈⊥∋≻⋈∈⊥∋≻⋈∈⊥∋≻⋈∈⊤∋≻⋈∈⊤∋≻⋈∈⊤∋≻⋈∈⊥∋⊙⊡⊣
⊢≻⋈∈⊥∋≻⋈∈⊤∋≻⋈∈⊤∋≻⋈∈⊥∋≻⋈∈⊤∋≻⋈∈⊤∋≻⋈∈⊤∋≻⋈∈⊥∋≻⋈∈⊥∋≻⋈∈⊥∋⊙⊡⊣
⊢≻⋈∈⊤∋≻⋈∈⊥∋≻⋈∈⊤∋≻⋈∈⊤∋≻⋈∈⊥∋≻⋈∈⊤∋≻⋈∈⊥∋≻⋈∈⊤∋≻⋈∈⊥∋≻⋈∈⊤∋≻⋈∈⊥∋≻⋈∈⊥∋≻⋈∈⊥∋≻⋈∈⊤∋≻⋈∈⊥∋≻⋈∈⊥∋≻⋈∈⊤∋≻⋈∈⊤∋≻⋈∈⊥∋≻⋈∈⊤∋≻⋈∈⊥∋≻⋈∈⊤∋≻⋈∈⊥∋⊙⊡⊣
⊢≻⋈∈⊤∋≻⋈∈⊤∋≻⋈∈⊥∋≻⋈∈⊥∋≻⋈∈⊤∋≻⋈∈⊤∋≻⋈∈⊥∋≻⋈∈⊥∋≻⋈∈⊥∋⊙⊡⊣
⊢≻⋈∈⊤∋≻⋈∈⊥∋≻⋈∈⊥∋≻⋈∈⊥∋≻⋈∈⊤∋≻⋈∈⊤∋≻⋈∈⊤∋≻⋈∈⊥∋≻⋈∈⊥∋≻⋈∈⊥∋⊙⊡⊣
⊢≻⋈∈⊥∋≻⋈∈⊥∋≻⋈∈⊤∋≻⋈∈⊤∋≻⋈∈⊥∋≻⋈∈⊥∋≻⋈∈⊥∋≻⋈∈⊤∋≻⋈∈⊤∋≻⋈∈⊤∋≻⋈∈⊥∋⊙⊡⊣
⊢≻⋈∈⊥∋≻⋈∈⊥∋≻⋈∈⊤∋≻⋈∈⊥∋≻⋈∈⊤∋≻⋈∈⊤∋≻⋈∈⊤∋≻⋈∈⊥∋≻⋈∈⊥∋≻⋈∈⊥∋⊙⊡⊣
⊢≻⋈∈⊥∋≻⋈∈⊤∋≻⋈∈⊥∋≻⋈∈⊤∋≻⋈∈⊥∋≻⋈∈⊤∋≻⋈∈⊥∋≻⋈∈⊤∋≻⋈∈⊥∋≻⋈∈⊤∋≻⋈∈⊥∋≻⋈∈⊥∋≻⋈∈⊤∋≻⋈∈⊤∋≻⋈∈⊤∋≻⋈∈⊤∋≻⋈∈⊥∋≻⋈∈⊤∋≻⋈∈⊥∋≻⋈∈⊤∋≻⋈∈⊥∋≻⋈∈⊤∋≻⋈∈⊥∋⊙⊡⊣
⊢≻⋈∈⊥∋≻⋈∈⊤∋≻⋈∈⊥∋≻⋈∈⊥∋≻⋈∈⊤∋≻⋈∈⊤∋≻⋈∈⊥∋≻⋈∈⊥∋≻⋈∈⊥∋⊙⊡⊣
⊢≻⋈∈⊥∋≻⋈∈⊤∋≻⋈∈⊥∋≻⋈∈⊤∋≻⋈∈⊥∋≻⋈∈⊥∋≻⋈∈⊥∋⊙⊡⊣
⊢≻⋈∈⊥∋≻⋈∈⊥∋≻⋈∈⊤∋≻⋈∈⊥∋≻⋈∈⊤∋≻⋈∈⊤∋≻⋈∈⊤∋≻⋈∈⊥∋≻⋈∈⊥∋≻⋈∈⊥∋≻⋈∈⊥∋⊙⊡⊣
⊢≻⋈∈⊥∋≻⋈∈⊤∋≻⋈∈⊥∋≻⋈∈⊥∋≻⋈∈⊤∋≻⋈∈⊤∋≻⋈∈⊤∋≻⋈∈⊥∋≻⋈∈⊥∋≻⋈∈⊥∋⊙⊡⊣
⊢≻⋈∈⊤∋≻⋈∈⊤∋≻⋈∈⊤∋≻⋈∈⊥∋≻⋈∈⊥∋≻⋈∈⊤∋≻⋈∈⊥∋≻⋈∈⊤∋≻⋈∈⊥∋≻⋈∈⊤∋≻⋈∈⊥∋≻⋈∈⊥∋≻⋈∈⊥∋≻⋈∈⊥∋≻⋈∈⊤∋≻⋈∈⊤∋≻⋈∈⊥∋≻⋈∈⊤∋≻⋈∈⊥∋≻⋈∈⊤∋≻⋈∈⊥∋≻⋈∈⊤∋≻⋈∈⊥∋⊙⊡⊣
⊢≻⋈∈⊤∋≻⋈∈⊥∋≻⋈∈⊥∋≻⋈∈⊥∋≻⋈∈⊤∋≻⋈∈⊤∋≻⋈∈⊥∋≻⋈∈⊥∋≻⋈∈⊥∋⊙⊡⊣
⊢≻⋈∈⊥∋≻⋈∈⊤∋≻⋈∈⊥∋≻⋈∈⊤∋≻⋈∈⊥∋≻⋈∈⊥∋≻⋈∈⊥∋⊙⊡⊣
⊢≻⋈∈⊤∋≻⋈∈⊤∋≻⋈∈⊥∋≻⋈∈⊥∋≻⋈∈⊤∋≻⋈∈⊤∋≻⋈∈⊤∋≻⋈∈⊥∋≻⋈∈⊥∋≻⋈∈⊥∋≻⋈∈⊥∋⊙⊡⊣
⊢≻⋈∈⊥∋≻⋈∈⊥∋≻⋈∈⊥∋≻⋈∈⊥∋≻⋈∈⊤∋≻⋈∈⊤∋≻⋈∈⊤∋≻⋈∈⊥∋≻⋈∈⊥∋≻⋈∈⊥∋⊙⊡⊣
⊢≻⋈∈⊥∋≻⋈∈⊥∋≻⋈∈⊤∋≻⋈∈⊥∋≻⋈∈⊥∋≻⋈∈⊤∋≻⋈∈⊥∋≻⋈∈⊤∋≻⋈∈⊥∋≻⋈∈⊤∋≻⋈∈⊥∋≻⋈∈⊥∋≻⋈∈⊤∋≻⋈∈⊥∋≻⋈∈⊥∋≻⋈∈⊤∋≻⋈∈⊥∋≻⋈∈⊤∋≻⋈∈⊥∋≻⋈∈⊤∋≻⋈∈⊥∋≻⋈∈⊤∋≻⋈∈⊥∋⊙⊡⊣
⊢≻⋈∈⊥∋≻⋈∈⊥∋≻⋈∈⊥∋≻⋈∈⊥∋≻⋈∈⊤∋≻⋈∈⊤∋≻⋈∈⊥∋≻⋈∈⊥∋≻⋈∈⊥∋⊙⊡⊣
⊢≻⋈∈⊥∋≻⋈∈⊤∋≻⋈∈⊥∋≻⋈∈⊥∋≻⋈∈⊤∋≻⋈∈⊤∋≻⋈∈⊤∋≻⋈∈⊥∋≻⋈∈⊥∋≻⋈∈⊥∋⊙⊡⊣
⊢≻⋈∈⊥∋≻⋈∈⊥∋≻⋈∈⊤∋≻⋈∈⊤∋≻⋈∈⊥∋≻⋈∈⊥∋≻⋈∈⊥∋≻⋈∈⊤∋≻⋈∈⊤∋≻⋈∈⊤∋≻⋈∈⊥∋⊙⊡⊣
⊢≻⋈∈⊥∋≻⋈∈⊤∋≻⋈∈⊤∋≻⋈∈⊤∋≻⋈∈⊥∋≻⋈∈⊤∋≻⋈∈⊤∋≻⋈∈⊥∋≻⋈∈⊥∋≻⋈∈⊥∋⊙⊡⊣
⊢≻⋈∈⊤∋≻⋈∈⊥∋≻⋈∈⊥∋≻⋈∈⊥∋≻⋈∈⊥∋≻⋈∈⊤∋≻⋈∈⊥∋≻⋈∈⊤∋≻⋈∈⊥∋≻⋈∈⊤∋≻⋈∈⊥∋≻⋈∈⊥∋≻⋈∈⊥∋≻⋈∈⊤∋≻⋈∈⊤∋≻⋈∈⊥∋≻⋈∈⊥∋≻⋈∈⊤∋≻⋈∈⊥∋≻⋈∈⊤∋≻⋈∈⊥∋≻⋈∈⊤∋≻⋈∈⊥∋⊙⊡⊣
⊢≻⋈∈⊤∋≻⋈∈⊤∋≻⋈∈⊤∋≻⋈∈⊤∋≻⋈∈⊥∋≻⋈∈⊤∋≻⋈∈⊥∋≻⋈∈⊥∋≻⋈∈⊥∋⊙⊡⊣
⊢≻⋈∈⊥∋≻⋈∈⊤∋≻⋈∈⊥∋≻⋈∈⊥∋≻⋈∈⊤∋≻⋈∈⊤∋≻⋈∈⊤∋≻⋈∈⊥∋≻⋈∈⊥∋≻⋈∈⊥∋⊙⊡⊣
⊢≻⋈∈⊤∋≻⋈∈⊤∋≻⋈∈⊥∋≻⋈∈⊤∋≻⋈∈⊥∋≻⋈∈⊥∋≻⋈∈⊥∋≻⋈∈⊤∋≻⋈∈⊤∋≻⋈∈⊤∋≻⋈∈⊥∋⊙⊡⊣
⊢≻⋈∈⊥∋≻⋈∈⊥∋≻⋈∈⊤∋≻⋈∈⊤∋≻⋈∈⊥∋≻⋈∈⊤∋≻⋈∈⊤∋≻⋈∈⊥∋≻⋈∈⊥∋≻⋈∈⊥∋⊙⊡⊣
⊢≻⋈∈⊥∋≻⋈∈⊤∋≻⋈∈⊤∋≻⋈∈⊤∋≻⋈∈⊤∋≻⋈∈⊥∋≻⋈∈⊥∋≻⋈∈⊤∋≻⋈∈⊥∋≻⋈∈⊤∋≻⋈∈⊥∋≻⋈∈⊥∋≻⋈∈⊤∋≻⋈∈⊤∋≻⋈∈⊥∋≻⋈∈⊥∋≻⋈∈⊥∋≻⋈∈⊤∋≻⋈∈⊥∋≻⋈∈⊤∋≻⋈∈⊥∋≻⋈∈⊤∋≻⋈∈⊥∋⊙⊡⊣
⊢≻⋈∈⊥∋≻⋈∈⊤∋≻⋈∈⊤∋≻⋈∈⊤∋≻⋈∈⊥∋≻⋈∈⊤∋≻⋈∈⊥∋≻⋈∈⊥∋≻⋈∈⊥∋⊙⊡⊣
⊢≻⋈∈⊤∋≻⋈∈⊥∋≻⋈∈⊥∋≻⋈∈⊤∋≻⋈∈⊥∋≻⋈∈⊥∋≻⋈∈⊥∋⊙⊡⊣
⊢≻⋈∈⊤∋≻⋈∈⊥∋≻⋈∈⊤∋≻⋈∈⊥∋≻⋈∈⊤∋≻⋈∈⊤∋≻⋈∈⊤∋≻⋈∈⊥∋≻⋈∈⊥∋≻⋈∈⊥∋≻⋈∈⊥∋⊙⊡⊣
⊢≻⋈∈⊥∋≻⋈∈⊤∋≻⋈∈⊥∋≻⋈∈⊤∋≻⋈∈⊥∋≻⋈∈⊤∋≻⋈∈⊤∋≻⋈∈⊥∋≻⋈∈⊥∋≻⋈∈⊥∋⊙⊡⊣
⊢≻⋈∈⊤∋≻⋈∈⊤∋≻⋈∈⊥∋≻⋈∈⊤∋≻⋈∈⊤∋≻⋈∈⊥∋≻⋈∈⊥∋≻⋈∈⊤∋≻⋈∈⊥∋≻⋈∈⊤∋≻⋈∈⊥∋≻⋈∈⊥∋≻⋈∈⊥∋≻⋈∈⊥∋≻⋈∈⊥∋≻⋈∈⊥∋≻⋈∈⊥∋≻⋈∈⊤∋≻⋈∈⊥∋≻⋈∈⊤∋≻⋈∈⊥∋≻⋈∈⊤∋≻⋈∈⊥∋⊙⊡⊣
⊢≻⋈∈⊤∋≻⋈∈⊥∋≻⋈∈⊤∋≻⋈∈⊤∋≻⋈∈⊥∋≻⋈∈⊤∋≻⋈∈⊥∋≻⋈∈⊥∋≻⋈∈⊥∋⊙⊡⊣
⊢≻⋈∈⊤∋≻⋈∈⊥∋≻⋈∈⊥∋≻⋈∈⊤∋≻⋈∈⊥∋≻⋈∈⊥∋≻⋈∈⊥∋⊙⊡⊣
⊢≻⋈∈⊥∋≻⋈∈⊥∋≻⋈∈⊤∋≻⋈∈⊥∋≻⋈∈⊤∋≻⋈∈⊤∋≻⋈∈⊤∋≻⋈∈⊥∋≻⋈∈⊥∋≻⋈∈⊥∋≻⋈∈⊥∋⊙⊡⊣
⊢≻⋈∈⊥∋≻⋈∈⊥∋≻⋈∈⊥∋≻⋈∈⊤∋≻⋈∈⊥∋≻⋈∈⊤∋≻⋈∈⊤∋≻⋈∈⊥∋≻⋈∈⊥∋≻⋈∈⊥∋⊙⊡⊣
⊢≻⋈∈⊥∋≻⋈∈⊥∋≻⋈∈⊥∋≻⋈∈⊤∋≻⋈∈⊤∋≻⋈∈⊥∋≻⋈∈⊥∋≻⋈∈⊤∋≻⋈∈⊥∋≻⋈∈⊤∋≻⋈∈⊥∋≻⋈∈⊥∋≻⋈∈⊤∋≻⋈∈⊥∋≻⋈∈⊤∋≻⋈∈⊤∋≻⋈∈⊤∋≻⋈∈⊥∋≻⋈∈⊥∋≻⋈∈⊤∋≻⋈∈⊥∋≻⋈∈⊤∋≻⋈∈⊥∋⊙⊡⊣
⊢≻⋈∈⊥∋≻⋈∈⊥∋≻⋈∈⊤∋≻⋈∈⊤∋≻⋈∈⊥∋≻⋈∈⊤∋≻⋈∈⊥∋≻⋈∈⊥∋≻⋈∈⊥∋⊙⊡⊣
⊢≻⋈∈⊤∋≻⋈∈⊤∋≻⋈∈⊥∋≻⋈∈⊥∋≻⋈∈⊤∋≻⋈∈⊤∋≻⋈∈⊤∋≻⋈∈⊥∋≻⋈∈⊥∋≻⋈∈⊥∋⊙⊡⊣
⊢≻⋈∈⊤∋≻⋈∈⊤∋≻⋈∈⊥∋≻⋈∈⊤∋≻⋈∈⊥∋≻⋈∈⊥∋≻⋈∈⊥∋≻⋈∈⊤∋≻⋈∈⊤∋≻⋈∈⊤∋≻⋈∈⊥∋⊙⊡⊣
⊢≻⋈∈⊥∋≻⋈∈⊤∋≻⋈∈⊤∋≻⋈∈⊥∋≻⋈∈⊥∋≻⋈∈⊤∋≻⋈∈⊤∋≻⋈∈⊥∋≻⋈∈⊥∋≻⋈∈⊥∋⊙⊡⊣
⊢≻⋈∈⊤∋≻⋈∈⊥∋≻⋈∈⊤∋≻⋈∈⊥∋≻⋈∈⊤∋≻⋈∈⊥∋≻⋈∈⊥∋≻⋈∈⊤∋≻⋈∈⊥∋≻⋈∈⊤∋≻⋈∈⊥∋≻⋈∈⊥∋≻⋈∈⊥∋≻⋈∈⊤∋≻⋈∈⊥∋≻⋈∈⊤∋≻⋈∈⊤∋≻⋈∈⊥∋≻⋈∈⊥∋≻⋈∈⊤∋≻⋈∈⊥∋≻⋈∈⊤∋≻⋈∈⊥∋⊙⊡⊣
⊢≻⋈∈⊤∋≻⋈∈⊤∋≻⋈∈⊥∋≻⋈∈⊤∋≻⋈∈⊥∋≻⋈∈⊤∋≻⋈∈⊥∋≻⋈∈⊥∋≻⋈∈⊥∋⊙⊡⊣
⊢≻⋈∈⊤∋≻⋈∈⊤∋≻⋈∈⊥∋≻⋈∈⊥∋≻⋈∈⊤∋≻⋈∈⊤∋≻⋈∈⊤∋≻⋈∈⊥∋≻⋈∈⊥∋≻⋈∈⊥∋⊙⊡⊣
⊢≻⋈∈⊥∋≻⋈∈⊤∋≻⋈∈⊥∋≻⋈∈⊤∋≻⋈∈⊥∋≻⋈∈⊥∋≻⋈∈⊥∋≻⋈∈⊤∋≻⋈∈⊤∋≻⋈∈⊤∋≻⋈∈⊥∋⊙⊡⊣
⊢≻⋈∈⊥∋≻⋈∈⊥∋≻⋈∈⊤∋≻⋈∈⊥∋≻⋈∈⊥∋≻⋈∈⊤∋≻⋈∈⊤∋≻⋈∈⊥∋≻⋈∈⊥∋≻⋈∈⊥∋⊙⊡⊣
⊢≻⋈∈⊥∋≻⋈∈⊤∋≻⋈∈⊥∋≻⋈∈⊥∋≻⋈∈⊤∋≻⋈∈⊥∋≻⋈∈⊥∋≻⋈∈⊤∋≻⋈∈⊥∋≻⋈∈⊤∋≻⋈∈⊥∋≻⋈∈⊥∋≻⋈∈⊤∋≻⋈∈⊤∋≻⋈∈⊤∋≻⋈∈⊥∋≻⋈∈⊤∋≻⋈∈⊥∋≻⋈∈⊥∋≻⋈∈⊤∋≻⋈∈⊥∋≻⋈∈⊤∋≻⋈∈⊥∋⊙⊡⊣
⊢≻⋈∈⊥∋≻⋈∈⊤∋≻⋈∈⊥∋≻⋈∈⊤∋≻⋈∈⊥∋≻⋈∈⊤∋≻⋈∈⊥∋≻⋈∈⊥∋≻⋈∈⊥∋⊙⊡⊣
⊢≻⋈∈⊥∋≻⋈∈⊥∋≻⋈∈⊥∋≻⋈∈⊤∋≻⋈∈⊥∋≻⋈∈⊥∋≻⋈∈⊥∋⊙⊡⊣
⊢≻⋈∈⊥∋≻⋈∈⊤∋≻⋈∈⊤∋≻⋈∈⊥∋≻⋈∈⊤∋≻⋈∈⊤∋≻⋈∈⊤∋≻⋈∈⊥∋≻⋈∈⊥∋≻⋈∈⊥∋≻⋈∈⊥∋⊙⊡⊣
⊢≻⋈∈⊥∋≻⋈∈⊤∋≻⋈∈⊥∋≻⋈∈⊥∋≻⋈∈⊥∋≻⋈∈⊤∋≻⋈∈⊤∋≻⋈∈⊥∋≻⋈∈⊥∋≻⋈∈⊥∋⊙⊡⊣
⊢≻⋈∈⊤∋≻⋈∈⊤∋≻⋈∈⊤∋≻⋈∈⊤∋≻⋈∈⊥∋≻⋈∈⊥∋≻⋈∈⊥∋≻⋈∈⊤∋≻⋈∈⊥∋≻⋈∈⊤∋≻⋈∈⊥∋≻⋈∈⊥∋≻⋈∈⊥∋≻⋈∈⊥∋≻⋈∈⊤∋≻⋈∈⊥∋≻⋈∈⊤∋≻⋈∈⊥∋≻⋈∈⊥∋≻⋈∈⊤∋≻⋈∈⊥∋≻⋈∈⊤∋≻⋈∈⊥∋⊙⊡⊣
⊢≻⋈∈⊤∋≻⋈∈⊥∋≻⋈∈⊥∋≻⋈∈⊤∋≻⋈∈⊥∋≻⋈∈⊤∋≻⋈∈⊥∋≻⋈∈⊥∋≻⋈∈⊥∋⊙⊡⊣
⊢≻⋈∈⊥∋≻⋈∈⊥∋≻⋈∈⊥∋≻⋈∈⊤∋≻⋈∈⊥∋≻⋈∈⊥∋≻⋈∈⊥∋⊙⊡⊣
⊢≻⋈∈⊤∋≻⋈∈⊥∋≻⋈∈⊤∋≻⋈∈⊥∋≻⋈∈⊤∋≻⋈∈⊤∋≻⋈∈⊤∋≻⋈∈⊥∋≻⋈∈⊥∋≻⋈∈⊥∋≻⋈∈⊥∋⊙⊡⊣
⊢≻⋈∈⊥∋≻⋈∈⊥∋≻⋈∈⊥∋≻⋈∈⊥∋≻⋈∈⊥∋≻⋈∈⊤∋≻⋈∈⊤∋≻⋈∈⊥∋≻⋈∈⊥∋≻⋈∈⊥∋⊙⊡⊣
⊢≻⋈∈⊥∋≻⋈∈⊥∋≻⋈∈⊤∋≻⋈∈⊤∋≻⋈∈⊥∋≻⋈∈⊥∋≻⋈∈⊥∋≻⋈∈⊤∋≻⋈∈⊥∋≻⋈∈⊤∋≻⋈∈⊥∋≻⋈∈⊥∋≻⋈∈⊤∋≻⋈∈⊥∋≻⋈∈⊥∋≻⋈∈⊥∋≻⋈∈⊤∋≻⋈∈⊥∋≻⋈∈⊥∋≻⋈∈⊤∋≻⋈∈⊥∋≻⋈∈⊤∋≻⋈∈⊥∋⊙⊡⊣
⊢≻⋈∈⊥∋≻⋈∈⊥∋≻⋈∈⊥∋≻⋈∈⊤∋≻⋈∈⊥∋≻⋈∈⊤∋≻⋈∈⊥∋≻⋈∈⊥∋≻⋈∈⊥∋⊙⊡⊣
⊢≻⋈∈⊥∋≻⋈∈⊥∋≻⋈∈⊤∋≻⋈∈⊥∋≻⋈∈⊤∋≻⋈∈⊤∋≻⋈∈⊤∋≻⋈∈⊥∋≻⋈∈⊥∋≻⋈∈⊥∋⊙⊡⊣
⊢≻⋈∈⊥∋≻⋈∈⊤∋≻⋈∈⊥∋≻⋈∈⊤∋≻⋈∈⊥∋≻⋈∈⊥∋≻⋈∈⊥∋≻⋈∈⊤∋≻⋈∈⊤∋≻⋈∈⊤∋≻⋈∈⊥∋⊙⊡⊣
⊢≻⋈∈⊥∋≻⋈∈⊤∋≻⋈∈⊤∋≻⋈∈⊤∋≻⋈∈⊤∋≻⋈∈⊥∋≻⋈∈⊤∋≻⋈∈⊥∋≻⋈∈⊥∋≻⋈∈⊥∋⊙⊡⊣
⊢≻⋈∈⊤∋≻⋈∈⊥∋≻⋈∈⊥∋≻⋈∈⊤∋≻⋈∈⊥∋≻⋈∈⊥∋≻⋈∈⊥∋≻⋈∈⊤∋≻⋈∈⊥∋≻⋈∈⊤∋≻⋈∈⊥∋≻⋈∈⊥∋≻⋈∈⊥∋≻⋈∈⊤∋≻⋈∈⊤∋≻⋈∈⊤∋≻⋈∈⊥∋≻⋈∈⊥∋≻⋈∈⊥∋≻⋈∈⊤∋≻⋈∈⊥∋≻⋈∈⊤∋≻⋈∈⊥∋⊙⊡⊣
⊢≻⋈∈⊤∋≻⋈∈⊤∋≻⋈∈⊤∋≻⋈∈⊥∋≻⋈∈⊥∋≻⋈∈⊤∋≻⋈∈⊥∋≻⋈∈⊥∋≻⋈∈⊥∋⊙⊡⊣
⊢≻⋈∈⊥∋≻⋈∈⊥∋≻⋈∈⊤∋≻⋈∈⊥∋≻⋈∈⊤∋≻⋈∈⊤∋≻⋈∈⊤∋≻⋈∈⊥∋≻⋈∈⊥∋≻⋈∈⊥∋⊙⊡⊣
⊢≻⋈∈⊤∋≻⋈∈⊥∋≻⋈∈⊥∋≻⋈∈⊤∋≻⋈∈⊥∋≻⋈∈⊥∋≻⋈∈⊥∋≻⋈∈⊤∋≻⋈∈⊤∋≻⋈∈⊤∋≻⋈∈⊥∋⊙⊡⊣
⊢≻⋈∈⊥∋≻⋈∈⊥∋≻⋈∈⊤∋≻⋈∈⊤∋≻⋈∈⊤∋≻⋈∈⊥∋≻⋈∈⊤∋≻⋈∈⊥∋≻⋈∈⊥∋≻⋈∈⊥∋⊙⊡⊣
⊢≻⋈∈⊥∋≻⋈∈⊤∋≻⋈∈⊤∋≻⋈∈⊥∋≻⋈∈⊥∋≻⋈∈⊥∋≻⋈∈⊥∋≻⋈∈⊤∋≻⋈∈⊥∋≻⋈∈⊤∋≻⋈∈⊥∋≻⋈∈⊥∋≻⋈∈⊤∋≻⋈∈⊤∋≻⋈∈⊥∋≻⋈∈⊤∋≻⋈∈⊥∋≻⋈∈⊥∋≻⋈∈⊥∋≻⋈∈⊤∋≻⋈∈⊥∋≻⋈∈⊤∋≻⋈∈⊥∋⊙⊡⊣
⊢≻⋈∈⊥∋≻⋈∈⊤∋≻⋈∈⊤∋≻⋈∈⊥∋≻⋈∈⊥∋≻⋈∈⊤∋≻⋈∈⊥∋≻⋈∈⊥∋≻⋈∈⊥∋⊙⊡⊣
⊢≻⋈∈⊤∋≻⋈∈⊤∋≻⋈∈⊤∋≻⋈∈⊥∋≻⋈∈⊥∋≻⋈∈⊥∋≻⋈∈⊥∋⊙⊡⊣
⊢≻⋈∈⊤∋≻⋈∈⊤∋≻⋈∈⊤∋≻⋈∈⊥∋≻⋈∈⊤∋≻⋈∈⊤∋≻⋈∈⊤∋≻⋈∈⊥∋≻⋈∈⊥∋≻⋈∈⊥∋≻⋈∈⊥∋⊙⊡⊣
⊢≻⋈∈⊥∋≻⋈∈⊤∋≻⋈∈⊥∋≻⋈∈⊤∋≻⋈∈⊤∋≻⋈∈⊥∋≻⋈∈⊤∋≻⋈∈⊥∋≻⋈∈⊥∋≻⋈∈⊥∋⊙⊡⊣
⊢≻⋈∈⊤∋≻⋈∈⊤∋≻⋈∈⊥∋≻⋈∈⊥∋≻⋈∈⊥∋≻⋈∈⊥∋≻⋈∈⊥∋≻⋈∈⊤∋≻⋈∈⊥∋≻⋈∈⊤∋≻⋈∈⊥∋≻⋈∈⊥∋≻⋈∈⊥∋≻⋈∈⊥∋≻⋈∈⊥∋≻⋈∈⊤∋≻⋈∈⊥∋≻⋈∈⊥∋≻⋈∈⊥∋≻⋈∈⊤∋≻⋈∈⊥∋≻⋈∈⊤∋≻⋈∈⊥∋⊙⊡⊣
⊢≻⋈∈⊤∋≻⋈∈⊥∋≻⋈∈⊤∋≻⋈∈⊥∋≻⋈∈⊥∋≻⋈∈⊤∋≻⋈∈⊥∋≻⋈∈⊥∋≻⋈∈⊥∋⊙⊡⊣
⊢≻⋈∈⊤∋≻⋈∈⊤∋≻⋈∈⊤∋≻⋈∈⊥∋≻⋈∈⊥∋≻⋈∈⊥∋≻⋈∈⊥∋⊙⊡⊣
⊢≻⋈∈⊥∋≻⋈∈⊤∋≻⋈∈⊤∋≻⋈∈⊥∋≻⋈∈⊤∋≻⋈∈⊤∋≻⋈∈⊤∋≻⋈∈⊥∋≻⋈∈⊥∋≻⋈∈⊥∋≻⋈∈⊥∋⊙⊡⊣
⊢≻⋈∈⊥∋≻⋈∈⊥∋≻⋈∈⊥∋≻⋈∈⊤∋≻⋈∈⊤∋≻⋈∈⊥∋≻⋈∈⊤∋≻⋈∈⊥∋≻⋈∈⊥∋≻⋈∈⊥∋⊙⊡⊣
⊢≻⋈∈⊥∋≻⋈∈⊥∋≻⋈∈⊥∋≻⋈∈⊥∋≻⋈∈⊥∋≻⋈∈⊥∋≻⋈∈⊥∋≻⋈∈⊤∋≻⋈∈⊥∋≻⋈∈⊤∋≻⋈∈⊥∋≻⋈∈⊥∋≻⋈∈⊤∋≻⋈∈⊥∋≻⋈∈⊤∋≻⋈∈⊥∋≻⋈∈⊥∋≻⋈∈⊥∋≻⋈∈⊥∋≻⋈∈⊤∋≻⋈∈⊥∋≻⋈∈⊤∋≻⋈∈⊥∋⊙⊡⊣
⊢≻⋈∈⊥∋≻⋈∈⊥∋≻⋈∈⊤∋≻⋈∈⊥∋≻⋈∈⊥∋≻⋈∈⊤∋≻⋈∈⊥∋≻⋈∈⊥∋≻⋈∈⊥∋⊙⊡⊣
⊢≻⋈∈⊤∋≻⋈∈⊥∋≻⋈∈⊤∋≻⋈∈⊥∋≻⋈∈⊤∋≻⋈∈⊤∋≻⋈∈⊤∋≻⋈∈⊥∋≻⋈∈⊥∋≻⋈∈⊥∋⊙⊡⊣
⊢≻⋈∈⊤∋≻⋈∈⊥∋≻⋈∈⊥∋≻⋈∈⊤∋≻⋈∈⊥∋≻⋈∈⊥∋≻⋈∈⊥∋≻⋈∈⊤∋≻⋈∈⊤∋≻⋈∈⊤∋≻⋈∈⊥∋⊙⊡⊣
⊢≻⋈∈⊥∋≻⋈∈⊤∋≻⋈∈⊤∋≻⋈∈⊥∋≻⋈∈⊤∋≻⋈∈⊥∋≻⋈∈⊤∋≻⋈∈⊥∋≻⋈∈⊥∋≻⋈∈⊥∋⊙⊡⊣
⊢≻⋈∈⊤∋≻⋈∈⊥∋≻⋈∈⊤∋≻⋈∈⊤∋≻⋈∈⊤∋≻⋈∈⊤∋≻⋈∈⊤∋≻⋈∈⊥∋≻⋈∈⊥∋≻⋈∈⊤∋≻⋈∈⊥∋≻⋈∈⊥∋≻⋈∈⊥∋≻⋈∈⊤∋≻⋈∈⊥∋≻⋈∈⊥∋≻⋈∈⊥∋≻⋈∈⊥∋≻⋈∈⊥∋≻⋈∈⊤∋≻⋈∈⊥∋≻⋈∈⊤∋≻⋈∈⊥∋⊙⊡⊣
⊢≻⋈∈⊤∋≻⋈∈⊤∋≻⋈∈⊥∋≻⋈∈⊥∋≻⋈∈⊥∋≻⋈∈⊤∋≻⋈∈⊥∋≻⋈∈⊥∋≻⋈∈⊥∋⊙⊡⊣
⊢≻⋈∈⊤∋≻⋈∈⊥∋≻⋈∈⊤∋≻⋈∈⊥∋≻⋈∈⊤∋≻⋈∈⊤∋≻⋈∈⊤∋≻⋈∈⊥∋≻⋈∈⊥∋≻⋈∈⊥∋⊙⊡⊣
⊢≻⋈∈⊥∋≻⋈∈⊥∋≻⋈∈⊥∋≻⋈∈⊤∋≻⋈∈⊥∋≻⋈∈⊥∋≻⋈∈⊥∋≻⋈∈⊤∋≻⋈∈⊤∋≻⋈∈⊤∋≻⋈∈⊥∋⊙⊡⊣
⊢≻⋈∈⊥∋≻⋈∈⊥∋≻⋈∈⊤∋≻⋈∈⊥∋≻⋈∈⊤∋≻⋈∈⊥∋≻⋈∈⊤∋≻⋈∈⊥∋≻⋈∈⊥∋≻⋈∈⊥∋⊙⊡⊣
⊢≻⋈∈⊥∋≻⋈∈⊤∋≻⋈∈⊥∋≻⋈∈⊤∋≻⋈∈⊤∋≻⋈∈⊤∋≻⋈∈⊤∋≻⋈∈⊥∋≻⋈∈⊥∋≻⋈∈⊤∋≻⋈∈⊥∋≻⋈∈⊥∋≻⋈∈⊤∋≻⋈∈⊤∋≻⋈∈⊤∋≻⋈∈⊤∋≻⋈∈⊤∋≻⋈∈⊤∋≻⋈∈⊤∋≻⋈∈⊥∋≻⋈∈⊥∋≻⋈∈⊤∋≻⋈∈⊥∋⊙⊡⊣
⊢≻⋈∈⊥∋≻⋈∈⊤∋≻⋈∈⊥∋≻⋈∈⊥∋≻⋈∈⊥∋≻⋈∈⊤∋≻⋈∈⊥∋≻⋈∈⊥∋≻⋈∈⊥∋⊙⊡⊣
⊢≻⋈∈⊥∋≻⋈∈⊤∋≻⋈∈⊤∋≻⋈∈⊥∋≻⋈∈⊥∋≻⋈∈⊥∋≻⋈∈⊥∋⊙⊡⊣
⊢≻⋈∈⊥∋≻⋈∈⊥∋≻⋈∈⊥∋≻⋈∈⊤∋≻⋈∈⊤∋≻⋈∈⊤∋≻⋈∈⊤∋≻⋈∈⊥∋≻⋈∈⊥∋≻⋈∈⊥∋≻⋈∈⊥∋⊙⊡⊣
⊢≻⋈∈⊥∋≻⋈∈⊤∋≻⋈∈⊥∋≻⋈∈⊥∋≻⋈∈⊤∋≻⋈∈⊥∋≻⋈∈⊤∋≻⋈∈⊥∋≻⋈∈⊥∋≻⋈∈⊥∋⊙⊡⊣
⊢≻⋈∈⊤∋≻⋈∈⊤∋≻⋈∈⊤∋≻⋈∈⊥∋≻⋈∈⊤∋≻⋈∈⊤∋≻⋈∈⊤∋≻⋈∈⊥∋≻⋈∈⊥∋≻⋈∈⊤∋≻⋈∈⊥∋≻⋈∈⊥∋≻⋈∈⊥∋≻⋈∈⊥∋≻⋈∈⊤∋≻⋈∈⊤∋≻⋈∈⊤∋≻⋈∈⊤∋≻⋈∈⊤∋≻⋈∈⊥∋≻⋈∈⊥∋≻⋈∈⊤∋≻⋈∈⊥∋⊙⊡⊣
⊢≻⋈∈⊤∋≻⋈∈⊥∋≻⋈∈⊥∋≻⋈∈⊥∋≻⋈∈⊥∋≻⋈∈⊤∋≻⋈∈⊥∋≻⋈∈⊥∋≻⋈∈⊥∋⊙⊡⊣
⊢≻⋈∈⊥∋≻⋈∈⊤∋≻⋈∈⊤∋≻⋈∈⊥∋≻⋈∈⊥∋≻⋈∈⊥∋≻⋈∈⊥∋⊙⊡⊣
⊢≻⋈∈⊤∋≻⋈∈⊤∋≻⋈∈⊤∋≻⋈∈⊥∋≻⋈∈⊤∋≻⋈∈⊤∋≻⋈∈⊤∋≻⋈∈⊥∋≻⋈∈⊥∋≻⋈∈⊥∋≻⋈∈⊥∋⊙⊡⊣
⊢≻⋈∈⊥∋≻⋈∈⊥∋≻⋈∈⊥∋≻⋈∈⊥∋≻⋈∈⊤∋≻⋈∈⊥∋≻⋈∈⊤∋≻⋈∈⊥∋≻⋈∈⊥∋≻⋈∈⊥∋⊙⊡⊣
⊢≻⋈∈⊥∋≻⋈∈⊥∋≻⋈∈⊤∋≻⋈∈⊥∋≻⋈∈⊤∋≻⋈∈⊤∋≻⋈∈⊤∋≻⋈∈⊥∋≻⋈∈⊥∋≻⋈∈⊤∋≻⋈∈⊥∋≻⋈∈⊥∋≻⋈∈⊤∋≻⋈∈⊥∋≻⋈∈⊥∋≻⋈∈⊤∋≻⋈∈⊤∋≻⋈∈⊤∋≻⋈∈⊤∋≻⋈∈⊥∋≻⋈∈⊥∋≻⋈∈⊤∋≻⋈∈⊥∋⊙⊡⊣
⊢≻⋈∈⊥∋≻⋈∈⊥∋≻⋈∈⊥∋≻⋈∈⊥∋≻⋈∈⊥∋≻⋈∈⊤∋≻⋈∈⊥∋≻⋈∈⊥∋≻⋈∈⊥∋⊙⊡⊣
⊢≻⋈∈⊥∋≻⋈∈⊤∋≻⋈∈⊤∋≻⋈∈⊥∋≻⋈∈⊤∋≻⋈∈⊤∋≻⋈∈⊤∋≻⋈∈⊥∋≻⋈∈⊥∋≻⋈∈⊥∋⊙⊡⊣
⊢≻⋈∈⊥∋≻⋈∈⊥∋≻⋈∈⊥∋≻⋈∈⊤∋≻⋈∈⊥∋≻⋈∈⊥∋≻⋈∈⊥∋≻⋈∈⊤∋≻⋈∈⊤∋≻⋈∈⊤∋≻⋈∈⊥∋⊙⊡⊣
⊢≻⋈∈⊥∋≻⋈∈⊤∋≻⋈∈⊤∋≻⋈∈⊤∋≻⋈∈⊥∋≻⋈∈⊥∋≻⋈∈⊤∋≻⋈∈⊥∋≻⋈∈⊥∋≻⋈∈⊥∋⊙⊡⊣
⊢≻⋈∈⊤∋≻⋈∈⊥∋≻⋈∈⊥∋≻⋈∈⊥∋≻⋈∈⊤∋≻⋈∈⊤∋≻⋈∈⊤∋≻⋈∈⊥∋≻⋈∈⊥∋≻⋈∈⊤∋≻⋈∈⊥∋≻⋈∈⊥∋≻⋈∈⊥∋≻⋈∈⊤∋≻⋈∈⊤∋≻⋈∈⊥∋≻⋈∈⊤∋≻⋈∈⊤∋≻⋈∈⊤∋≻⋈∈⊥∋≻⋈∈⊥∋≻⋈∈⊤∋≻⋈∈⊥∋⊙⊡⊣
⊢≻⋈∈⊤∋≻⋈∈⊤∋≻⋈∈⊤∋≻⋈∈⊤∋≻⋈∈⊤∋≻⋈∈⊥∋≻⋈∈⊥∋≻⋈∈⊥∋≻⋈∈⊥∋⊙⊡⊣
⊢≻⋈∈⊥∋≻⋈∈⊤∋≻⋈∈⊤∋≻⋈∈⊥∋≻⋈∈⊤∋≻⋈∈⊤∋≻⋈∈⊤∋≻⋈∈⊥∋≻⋈∈⊥∋≻⋈∈⊥∋⊙⊡⊣
⊢≻⋈∈⊤∋≻⋈∈⊤∋≻⋈∈⊤∋≻⋈∈⊥∋≻⋈∈⊥∋≻⋈∈⊥∋≻⋈∈⊥∋≻⋈∈⊤∋≻⋈∈⊤∋≻⋈∈⊤∋≻⋈∈⊥∋⊙⊡⊣
⊢≻⋈∈⊥∋≻⋈∈⊥∋≻⋈∈⊤∋≻⋈∈⊤∋≻⋈∈⊥∋≻⋈∈⊥∋≻⋈∈⊤∋≻⋈∈⊥∋≻⋈∈⊥∋≻⋈∈⊥∋⊙⊡⊣
⊢≻⋈∈⊥∋≻⋈∈⊤∋≻⋈∈⊤∋≻⋈∈⊤∋≻⋈∈⊥∋≻⋈∈⊤∋≻⋈∈⊤∋≻⋈∈⊥∋≻⋈∈⊥∋≻⋈∈⊤∋≻⋈∈⊥∋≻⋈∈⊥∋≻⋈∈⊤∋≻⋈∈⊤∋≻⋈∈⊥∋≻⋈∈⊥∋≻⋈∈⊤∋≻⋈∈⊤∋≻⋈∈⊤∋≻⋈∈⊥∋≻⋈∈⊥∋≻⋈∈⊤∋≻⋈∈⊥∋⊙⊡⊣
⊢≻⋈∈⊥∋≻⋈∈⊤∋≻⋈∈⊤∋≻⋈∈⊤∋≻⋈∈⊤∋≻⋈∈⊥∋≻⋈∈⊥∋≻⋈∈⊥∋≻⋈∈⊥∋⊙⊡⊣
⊢≻⋈∈⊤∋≻⋈∈⊥∋≻⋈∈⊤∋≻⋈∈⊥∋≻⋈∈⊥∋≻⋈∈⊥∋≻⋈∈⊥∋⊙⊡⊣
⊢≻⋈∈⊤∋≻⋈∈⊥∋≻⋈∈⊥∋≻⋈∈⊤∋≻⋈∈⊤∋≻⋈∈⊤∋≻⋈∈⊤∋≻⋈∈⊥∋≻⋈∈⊥∋≻⋈∈⊥∋≻⋈∈⊥∋⊙⊡⊣
⊢≻⋈∈⊥∋≻⋈∈⊤∋≻⋈∈⊥∋≻⋈∈⊤∋≻⋈∈⊥∋≻⋈∈⊥∋≻⋈∈⊤∋≻⋈∈⊥∋≻⋈∈⊥∋≻⋈∈⊥∋⊙⊡⊣
⊢≻⋈∈⊤∋≻⋈∈⊤∋≻⋈∈⊥∋≻⋈∈⊤∋≻⋈∈⊥∋≻⋈∈⊤∋≻⋈∈⊤∋≻⋈∈⊥∋≻⋈∈⊥∋≻⋈∈⊤∋≻⋈∈⊥∋≻⋈∈⊥∋≻⋈∈⊥∋≻⋈∈⊥∋≻⋈∈⊥∋≻⋈∈⊥∋≻⋈∈⊤∋≻⋈∈⊤∋≻⋈∈⊤∋≻⋈∈⊥∋≻⋈∈⊥∋≻⋈∈⊤∋≻⋈∈⊥∋⊙⊡⊣
⊢≻⋈∈⊤∋≻⋈∈⊥∋≻⋈∈⊤∋≻⋈∈⊤∋≻⋈∈⊤∋≻⋈∈⊥∋≻⋈∈⊥∋≻⋈∈⊥∋≻⋈∈⊥∋⊙⊡⊣
⊢≻⋈∈⊤∋≻⋈∈⊥∋≻⋈∈⊤∋≻⋈∈⊥∋≻⋈∈⊥∋≻⋈∈⊥∋≻⋈∈⊥∋⊙⊡⊣
⊢≻⋈∈⊥∋≻⋈∈⊥∋≻⋈∈⊥∋≻⋈∈⊤∋≻⋈∈⊤∋≻⋈∈⊤∋≻⋈∈⊤∋≻⋈∈⊥∋≻⋈∈⊥∋≻⋈∈⊥∋≻⋈∈⊥∋⊙⊡⊣
⊢≻⋈∈⊥∋≻⋈∈⊥∋≻⋈∈⊥∋≻⋈∈⊤∋≻⋈∈⊥∋≻⋈∈⊥∋≻⋈∈⊤∋≻⋈∈⊥∋≻⋈∈⊥∋≻⋈∈⊥∋⊙⊡⊣
⊢≻⋈∈⊥∋≻⋈∈⊥∋≻⋈∈⊥∋≻⋈∈⊤∋≻⋈∈⊥∋≻⋈∈⊤∋≻⋈∈⊤∋≻⋈∈⊥∋≻⋈∈⊥∋≻⋈∈⊤∋≻⋈∈⊥∋≻⋈∈⊥∋≻⋈∈⊤∋≻⋈∈⊥∋≻⋈∈⊤∋≻⋈∈⊤∋≻⋈∈⊥∋≻⋈∈⊤∋≻⋈∈⊤∋≻⋈∈⊥∋≻⋈∈⊥∋≻⋈∈⊤∋≻⋈∈⊥∋⊙⊡⊣
⊢≻⋈∈⊥∋≻⋈∈⊥∋≻⋈∈⊤∋≻⋈∈⊤∋≻⋈∈⊤∋≻⋈∈⊥∋≻⋈∈⊥∋≻⋈∈⊥∋≻⋈∈⊥∋⊙⊡⊣
⊢≻⋈∈⊤∋≻⋈∈⊤∋≻⋈∈⊤∋≻⋈∈⊥∋≻⋈∈⊤∋≻⋈∈⊤∋≻⋈∈⊤∋≻⋈∈⊥∋≻⋈∈⊥∋≻⋈∈⊥∋⊙⊡⊣
⊢≻⋈∈⊤∋≻⋈∈⊤∋≻⋈∈⊤∋≻⋈∈⊥∋≻⋈∈⊥∋≻⋈∈⊥∋≻⋈∈⊥∋≻⋈∈⊤∋≻⋈∈⊤∋≻⋈∈⊤∋≻⋈∈⊥∋⊙⊡⊣
⊢≻⋈∈⊥∋≻⋈∈⊤∋≻⋈∈⊤∋≻⋈∈⊥∋≻⋈∈⊥∋≻⋈∈⊥∋≻⋈∈⊤∋≻⋈∈⊥∋≻⋈∈⊥∋≻⋈∈⊥∋⊙⊡⊣
⊢≻⋈∈⊤∋≻⋈∈⊥∋≻⋈∈⊤∋≻⋈∈⊥∋≻⋈∈⊥∋≻⋈∈⊤∋≻⋈∈⊤∋≻⋈∈⊥∋≻⋈∈⊥∋≻⋈∈⊤∋≻⋈∈⊥∋≻⋈∈⊥∋≻⋈∈⊥∋≻⋈∈⊤∋≻⋈∈⊥∋≻⋈∈⊤∋≻⋈∈⊥∋≻⋈∈⊤∋≻⋈∈⊤∋≻⋈∈⊥∋≻⋈∈⊥∋≻⋈∈⊤∋≻⋈∈⊥∋⊙⊡⊣
⊢≻⋈∈⊤∋≻⋈∈⊤∋≻⋈∈⊥∋≻⋈∈⊤∋≻⋈∈⊤∋≻⋈∈⊥∋≻⋈∈⊥∋≻⋈∈⊥∋≻⋈∈⊥∋⊙⊡⊣
⊢≻⋈∈⊤∋≻⋈∈⊤∋≻⋈∈⊤∋≻⋈∈⊥∋≻⋈∈⊤∋≻⋈∈⊤∋≻⋈∈⊤∋≻⋈∈⊥∋≻⋈∈⊥∋≻⋈∈⊥∋⊙⊡⊣
⊢≻⋈∈⊥∋≻⋈∈⊤∋≻⋈∈⊤∋≻⋈∈⊥∋≻⋈∈⊥∋≻⋈∈⊥∋≻⋈∈⊥∋≻⋈∈⊤∋≻⋈∈⊤∋≻⋈∈⊤∋≻⋈∈⊥∋⊙⊡⊣
⊢≻⋈∈⊥∋≻⋈∈⊥∋≻⋈∈⊤∋≻⋈∈⊥∋≻⋈∈⊥∋≻⋈∈⊥∋≻⋈∈⊤∋≻⋈∈⊥∋≻⋈∈⊥∋≻⋈∈⊥∋⊙⊡⊣
⊢≻⋈∈⊥∋≻⋈∈⊤∋≻⋈∈⊥∋≻⋈∈⊥∋≻⋈∈⊥∋≻⋈∈⊤∋≻⋈∈⊤∋≻⋈∈⊥∋≻⋈∈⊥∋≻⋈∈⊤∋≻⋈∈⊥∋≻⋈∈⊥∋≻⋈∈⊤∋≻⋈∈⊤∋≻⋈∈⊤∋≻⋈∈⊥∋≻⋈∈⊥∋≻⋈∈⊤∋≻⋈∈⊤∋≻⋈∈⊥∋≻⋈∈⊥∋≻⋈∈⊤∋≻⋈∈⊥∋⊙⊡⊣
⊢≻⋈∈⊥∋≻⋈∈⊤∋≻⋈∈⊥∋≻⋈∈⊤∋≻⋈∈⊤∋≻⋈∈⊥∋≻⋈∈⊥∋≻⋈∈⊥∋≻⋈∈⊥∋⊙⊡⊣
⊢≻⋈∈⊥∋≻⋈∈⊥∋≻⋈∈⊤∋≻⋈∈⊥∋≻⋈∈⊥∋≻⋈∈⊥∋≻⋈∈⊥∋⊙⊡⊣
⊢≻⋈∈⊥∋≻⋈∈⊤∋≻⋈∈⊥∋≻⋈∈⊤∋≻⋈∈⊤∋≻⋈∈⊤∋≻⋈∈⊤∋≻⋈∈⊥∋≻⋈∈⊥∋≻⋈∈⊥∋≻⋈∈⊥∋⊙⊡⊣
⊢≻⋈∈⊥∋≻⋈∈⊤∋≻⋈∈⊥∋≻⋈∈⊥∋≻⋈∈⊥∋≻⋈∈⊥∋≻⋈∈⊤∋≻⋈∈⊥∋≻⋈∈⊥∋≻⋈∈⊥∋⊙⊡⊣
⊢≻⋈∈⊤∋≻⋈∈⊤∋≻⋈∈⊤∋≻⋈∈⊤∋≻⋈∈⊤∋≻⋈∈⊥∋≻⋈∈⊤∋≻⋈∈⊥∋≻⋈∈⊥∋≻⋈∈⊤∋≻⋈∈⊥∋≻⋈∈⊥∋≻⋈∈⊥∋≻⋈∈⊥∋≻⋈∈⊤∋≻⋈∈⊥∋≻⋈∈⊥∋≻⋈∈⊤∋≻⋈∈⊤∋≻⋈∈⊥∋≻⋈∈⊥∋≻⋈∈⊤∋≻⋈∈⊥∋⊙⊡⊣
⊢≻⋈∈⊤∋≻⋈∈⊥∋≻⋈∈⊥∋≻⋈∈⊤∋≻⋈∈⊤∋≻⋈∈⊥∋≻⋈∈⊥∋≻⋈∈⊥∋≻⋈∈⊥∋⊙⊡⊣
⊢≻⋈∈⊥∋≻⋈∈⊥∋≻⋈∈⊤∋≻⋈∈⊥∋≻⋈∈⊥∋≻⋈∈⊥∋≻⋈∈⊥∋⊙⊡⊣
⊢≻⋈∈⊤∋≻⋈∈⊥∋≻⋈∈⊥∋≻⋈∈⊤∋≻⋈∈⊤∋≻⋈∈⊤∋≻⋈∈⊤∋≻⋈∈⊥∋≻⋈∈⊥∋≻⋈∈⊥∋≻⋈∈⊥∋⊙⊡⊣
⊢≻⋈∈⊥∋≻⋈∈⊥∋≻⋈∈⊥∋≻⋈∈⊥∋≻⋈∈⊥∋≻⋈∈⊥∋≻⋈∈⊤∋≻⋈∈⊥∋≻⋈∈⊥∋≻⋈∈⊥∋⊙⊡⊣
⊢≻⋈∈⊥∋≻⋈∈⊥∋≻⋈∈⊤∋≻⋈∈⊤∋≻⋈∈⊤∋≻⋈∈⊥∋≻⋈∈⊤∋≻⋈∈⊥∋≻⋈∈⊥∋≻⋈∈⊤∋≻⋈∈⊥∋≻⋈∈⊥∋≻⋈∈⊤∋≻⋈∈⊥∋≻⋈∈⊥∋≻⋈∈⊥∋≻⋈∈⊥∋≻⋈∈⊤∋≻⋈∈⊤∋≻⋈∈⊥∋≻⋈∈⊥∋≻⋈∈⊤∋≻⋈∈⊥∋⊙⊡⊣
⊢≻⋈∈⊥∋≻⋈∈⊥∋≻⋈∈⊥∋≻⋈∈⊤∋≻⋈∈⊤∋≻⋈∈⊥∋≻⋈∈⊥∋≻⋈∈⊥∋≻⋈∈⊥∋⊙⊡⊣
⊢≻⋈∈⊥∋≻⋈∈⊥∋≻⋈∈⊥∋≻⋈∈⊤∋≻⋈∈⊤∋≻⋈∈⊤∋≻⋈∈⊤∋≻⋈∈⊥∋≻⋈∈⊥∋≻⋈∈⊥∋⊙⊡⊣
⊢≻⋈∈⊥∋≻⋈∈⊤∋≻⋈∈⊤∋≻⋈∈⊥∋≻⋈∈⊥∋≻⋈∈⊥∋≻⋈∈⊥∋≻⋈∈⊤∋≻⋈∈⊤∋≻⋈∈⊤∋≻⋈∈⊥∋⊙⊡⊣
⊢≻⋈∈⊥∋≻⋈∈⊤∋≻⋈∈⊤∋≻⋈∈⊤∋≻⋈∈⊤∋≻⋈∈⊤∋≻⋈∈⊥∋≻⋈∈⊥∋≻⋈∈⊥∋≻⋈∈⊥∋⊙⊡⊣
⊢≻⋈∈⊤∋≻⋈∈⊥∋≻⋈∈⊥∋≻⋈∈⊤∋≻⋈∈⊤∋≻⋈∈⊥∋≻⋈∈⊤∋≻⋈∈⊥∋≻⋈∈⊥∋≻⋈∈⊤∋≻⋈∈⊥∋≻⋈∈⊥∋≻⋈∈⊥∋≻⋈∈⊤∋≻⋈∈⊤∋≻⋈∈⊤∋≻⋈∈⊤∋≻⋈∈⊥∋≻⋈∈⊤∋≻⋈∈⊥∋≻⋈∈⊥∋≻⋈∈⊤∋≻⋈∈⊥∋⊙⊡⊣
⊢≻⋈∈⊤∋≻⋈∈⊤∋≻⋈∈⊤∋≻⋈∈⊥∋≻⋈∈⊤∋≻⋈∈⊥∋≻⋈∈⊥∋≻⋈∈⊥∋≻⋈∈⊥∋⊙⊡⊣
⊢≻⋈∈⊥∋≻⋈∈⊥∋≻⋈∈⊥∋≻⋈∈⊤∋≻⋈∈⊤∋≻⋈∈⊤∋≻⋈∈⊤∋≻⋈∈⊥∋≻⋈∈⊥∋≻⋈∈⊥∋⊙⊡⊣
⊢≻⋈∈⊤∋≻⋈∈⊥∋≻⋈∈⊤∋≻⋈∈⊥∋≻⋈∈⊥∋≻⋈∈⊥∋≻⋈∈⊥∋≻⋈∈⊤∋≻⋈∈⊤∋≻⋈∈⊤∋≻⋈∈⊥∋⊙⊡⊣
⊢≻⋈∈⊥∋≻⋈∈⊥∋≻⋈∈⊤∋≻⋈∈⊤∋≻⋈∈⊤∋≻⋈∈⊤∋≻⋈∈⊥∋≻⋈∈⊥∋≻⋈∈⊥∋≻⋈∈⊥∋⊙⊡⊣
⊢≻⋈∈⊥∋≻⋈∈⊤∋≻⋈∈⊤∋≻⋈∈⊥∋≻⋈∈⊤∋≻⋈∈⊥∋≻⋈∈⊤∋≻⋈∈⊥∋≻⋈∈⊥∋≻⋈∈⊤∋≻⋈∈⊥∋≻⋈∈⊥∋≻⋈∈⊤∋≻⋈∈⊤∋≻⋈∈⊥∋≻⋈∈⊤∋≻⋈∈⊤∋≻⋈∈⊥∋≻⋈∈⊤∋≻⋈∈⊥∋≻⋈∈⊥∋≻⋈∈⊤∋≻⋈∈⊥∋⊙⊡⊣
⊢≻⋈∈⊥∋≻⋈∈⊤∋≻⋈∈⊤∋≻⋈∈⊥∋≻⋈∈⊤∋≻⋈∈⊥∋≻⋈∈⊥∋≻⋈∈⊥∋≻⋈∈⊥∋⊙⊡⊣
⊢≻⋈∈⊤∋≻⋈∈⊤∋≻⋈∈⊥∋≻⋈∈⊥∋≻⋈∈⊥∋≻⋈∈⊥∋≻⋈∈⊥∋⊙⊡⊣
⊢≻⋈∈⊤∋≻⋈∈⊤∋≻⋈∈⊥∋≻⋈∈⊤∋≻⋈∈⊤∋≻⋈∈⊤∋≻⋈∈⊤∋≻⋈∈⊥∋≻⋈∈⊥∋≻⋈∈⊥∋≻⋈∈⊥∋⊙⊡⊣
⊢≻⋈∈⊥∋≻⋈∈⊤∋≻⋈∈⊥∋≻⋈∈⊤∋≻⋈∈⊤∋≻⋈∈⊤∋≻⋈∈⊥∋≻⋈∈⊥∋≻⋈∈⊥∋≻⋈∈⊥∋⊙⊡⊣
⊢≻⋈∈⊤∋≻⋈∈⊤∋≻⋈∈⊥∋≻⋈∈⊥∋≻⋈∈⊤∋≻⋈∈⊥∋≻⋈∈⊤∋≻⋈∈⊥∋≻⋈∈⊥∋≻⋈∈⊤∋≻⋈∈⊥∋≻⋈∈⊥∋≻⋈∈⊥∋≻⋈∈⊥∋≻⋈∈⊥∋≻⋈∈⊤∋≻⋈∈⊤∋≻⋈∈⊥∋≻⋈∈⊤∋≻⋈∈⊥∋≻⋈∈⊥∋≻⋈∈⊤∋≻⋈∈⊥∋⊙⊡⊣
⊢≻⋈∈⊤∋≻⋈∈⊥∋≻⋈∈⊤∋≻⋈∈⊥∋≻⋈∈⊤∋≻⋈∈⊥∋≻⋈∈⊥∋≻⋈∈⊥∋≻⋈∈⊥∋⊙⊡⊣
⊢≻⋈∈⊤∋≻⋈∈⊤∋≻⋈∈⊥∋≻⋈∈⊥∋≻⋈∈⊥∋≻⋈∈⊥∋≻⋈∈⊥∋⊙⊡⊣
⊢≻⋈∈⊥∋≻⋈∈⊤∋≻⋈∈⊥∋≻⋈∈⊤∋≻⋈∈⊤∋≻⋈∈⊤∋≻⋈∈⊤∋≻⋈∈⊥∋≻⋈∈⊥∋≻⋈∈⊥∋≻⋈∈⊥∋⊙⊡⊣
⊢≻⋈∈⊥∋≻⋈∈⊥∋≻⋈∈⊥∋≻⋈∈⊤∋≻⋈∈⊤∋≻⋈∈⊤∋≻⋈∈⊥∋≻⋈∈⊥∋≻⋈∈⊥∋≻⋈∈⊥∋⊙⊡⊣
⊢≻⋈∈⊥∋≻⋈∈⊥∋≻⋈∈⊥∋≻⋈∈⊥∋≻⋈∈⊤∋≻⋈∈⊥∋≻⋈∈⊤∋≻⋈∈⊥∋≻⋈∈⊥∋≻⋈∈⊤∋≻⋈∈⊥∋≻⋈∈⊥∋≻⋈∈⊤∋≻⋈∈⊥∋≻⋈∈⊤∋≻⋈∈⊥∋≻⋈∈⊤∋≻⋈∈⊥∋≻⋈∈⊤∋≻⋈∈⊥∋≻⋈∈⊥∋≻⋈∈⊤∋≻⋈∈⊥∋⊙⊡⊣
⊢≻⋈∈⊥∋≻⋈∈⊥∋≻⋈∈⊤∋≻⋈∈⊥∋≻⋈∈⊤∋≻⋈∈⊥∋≻⋈∈⊥∋≻⋈∈⊥∋≻⋈∈⊥∋⊙⊡⊣
⊢≻⋈∈⊤∋≻⋈∈⊥∋≻⋈∈⊥∋≻⋈∈⊤∋≻⋈∈⊤∋≻⋈∈⊤∋≻⋈∈⊤∋≻⋈∈⊥∋≻⋈∈⊥∋≻⋈∈⊥∋⊙⊡⊣
⊢≻⋈∈⊤∋≻⋈∈⊥∋≻⋈∈⊤∋≻⋈∈⊥∋≻⋈∈⊥∋≻⋈∈⊥∋≻⋈∈⊥∋≻⋈∈⊤∋≻⋈∈⊤∋≻⋈∈⊤∋≻⋈∈⊥∋⊙⊡⊣
⊢≻⋈∈⊥∋≻⋈∈⊤∋≻⋈∈⊤∋≻⋈∈⊥∋≻⋈∈⊤∋≻⋈∈⊤∋≻⋈∈⊥∋≻⋈∈⊥∋≻⋈∈⊥∋≻⋈∈⊥∋⊙⊡⊣
⊢≻⋈∈⊤∋≻⋈∈⊥∋≻⋈∈⊤∋≻⋈∈⊤∋≻⋈∈⊥∋≻⋈∈⊥∋≻⋈∈⊤∋≻⋈∈⊥∋≻⋈∈⊥∋≻⋈∈⊤∋≻⋈∈⊥∋≻⋈∈⊥∋≻⋈∈⊥∋≻⋈∈⊤∋≻⋈∈⊥∋≻⋈∈⊥∋≻⋈∈⊤∋≻⋈∈⊥∋≻⋈∈⊤∋≻⋈∈⊥∋≻⋈∈⊥∋≻⋈∈⊤∋≻⋈∈⊥∋⊙⊡⊣
⊢≻⋈∈⊤∋≻⋈∈⊤∋≻⋈∈⊥∋≻⋈∈⊥∋≻⋈∈⊤∋≻⋈∈⊥∋≻⋈∈⊥∋≻⋈∈⊥∋≻⋈∈⊥∋⊙⊡⊣
⊢≻⋈∈⊤∋≻⋈∈⊥∋≻⋈∈⊥∋≻⋈∈⊤∋≻⋈∈⊤∋≻⋈∈⊤∋≻⋈∈⊤∋≻⋈∈⊥∋≻⋈∈⊥∋≻⋈∈⊥∋⊙⊡⊣
⊢≻⋈∈⊥∋≻⋈∈⊥∋≻⋈∈⊤∋≻⋈∈⊥∋≻⋈∈⊥∋≻⋈∈⊥∋≻⋈∈⊥∋≻⋈∈⊤∋≻⋈∈⊤∋≻⋈∈⊤∋≻⋈∈⊥∋⊙⊡⊣
⊢≻⋈∈⊥∋≻⋈∈⊥∋≻⋈∈⊤∋≻⋈∈⊥∋≻⋈∈⊤∋≻⋈∈⊤∋≻⋈∈⊥∋≻⋈∈⊥∋≻⋈∈⊥∋≻⋈∈⊥∋⊙⊡⊣
⊢≻⋈∈⊥∋≻⋈∈⊤∋≻⋈∈⊥∋≻⋈∈⊤∋≻⋈∈⊥∋≻⋈∈⊥∋≻⋈∈⊤∋≻⋈∈⊥∋≻⋈∈⊥∋≻⋈∈⊤∋≻⋈∈⊥∋≻⋈∈⊥∋≻⋈∈⊤∋≻⋈∈⊤∋≻⋈∈⊤∋≻⋈∈⊤∋≻⋈∈⊥∋≻⋈∈⊥∋≻⋈∈⊤∋≻⋈∈⊥∋≻⋈∈⊥∋≻⋈∈⊤∋≻⋈∈⊥∋⊙⊡⊣
⊢≻⋈∈⊥∋≻⋈∈⊤∋≻⋈∈⊥∋≻⋈∈⊥∋≻⋈∈⊤∋≻⋈∈⊥∋≻⋈∈⊥∋≻⋈∈⊥∋≻⋈∈⊥∋⊙⊡⊣
⊢≻⋈∈⊥∋≻⋈∈⊤∋≻⋈∈⊥∋≻⋈∈⊥∋≻⋈∈⊥∋≻⋈∈⊥∋≻⋈∈⊥∋⊙⊡⊣
⊢≻⋈∈⊥∋≻⋈∈⊥∋≻⋈∈⊤∋≻⋈∈⊤∋≻⋈∈⊤∋≻⋈∈⊤∋≻⋈∈⊤∋≻⋈∈⊥∋≻⋈∈⊥∋≻⋈∈⊥∋≻⋈∈⊥∋⊙⊡⊣
⊢≻⋈∈⊥∋≻⋈∈⊤∋≻⋈∈⊥∋≻⋈∈⊥∋≻⋈∈⊤∋≻⋈∈⊤∋≻⋈∈⊥∋≻⋈∈⊥∋≻⋈∈⊥∋≻⋈∈⊥∋⊙⊡⊣
⊢≻⋈∈⊤∋≻⋈∈⊤∋≻⋈∈⊤∋≻⋈∈⊥∋≻⋈∈⊥∋≻⋈∈⊥∋≻⋈∈⊤∋≻⋈∈⊥∋≻⋈∈⊥∋≻⋈∈⊤∋≻⋈∈⊥∋≻⋈∈⊥∋≻⋈∈⊥∋≻⋈∈⊥∋≻⋈∈⊤∋≻⋈∈⊤∋≻⋈∈⊥∋≻⋈∈⊥∋≻⋈∈⊤∋≻⋈∈⊥∋≻⋈∈⊥∋≻⋈∈⊤∋≻⋈∈⊥∋⊙⊡⊣
⊢≻⋈∈⊤∋≻⋈∈⊥∋≻⋈∈⊥∋≻⋈∈⊥∋≻⋈∈⊤∋≻⋈∈⊥∋≻⋈∈⊥∋≻⋈∈⊥∋≻⋈∈⊥∋⊙⊡⊣
⊢≻⋈∈⊥∋≻⋈∈⊤∋≻⋈∈⊥∋≻⋈∈⊥∋≻⋈∈⊥∋≻⋈∈⊥∋≻⋈∈⊥∋⊙⊡⊣
⊢≻⋈∈⊤∋≻⋈∈⊤∋≻⋈∈⊥∋≻⋈∈⊤∋≻⋈∈⊤∋≻⋈∈⊤∋≻⋈∈⊤∋≻⋈∈⊥∋≻⋈∈⊥∋≻⋈∈⊥∋≻⋈∈⊥∋⊙⊡⊣
⊢≻⋈∈⊥∋≻⋈∈⊥∋≻⋈∈⊥∋≻⋈∈⊥∋≻⋈∈⊤∋≻⋈∈⊤∋≻⋈∈⊥∋≻⋈∈⊥∋≻⋈∈⊥∋≻⋈∈⊥∋⊙⊡⊣
⊢≻⋈∈⊥∋≻⋈∈⊥∋≻⋈∈⊤∋≻⋈∈⊥∋≻⋈∈⊥∋≻⋈∈⊥∋≻⋈∈⊤∋≻⋈∈⊥∋≻⋈∈⊥∋≻⋈∈⊤∋≻⋈∈⊥∋≻⋈∈⊥∋≻⋈∈⊤∋≻⋈∈⊥∋≻⋈∈⊥∋≻⋈∈⊤∋≻⋈∈⊥∋≻⋈∈⊥∋≻⋈∈⊤∋≻⋈∈⊥∋≻⋈∈⊥∋≻⋈∈⊤∋≻⋈∈⊥∋⊙⊡⊣
⊢≻⋈∈⊥∋≻⋈∈⊥∋≻⋈∈⊥∋≻⋈∈⊥∋≻⋈∈⊤∋≻⋈∈⊥∋≻⋈∈⊥∋≻⋈∈⊥∋≻⋈∈⊥∋⊙⊡⊣
⊢≻⋈∈⊥∋≻⋈∈⊤∋≻⋈∈⊥∋≻⋈∈⊤∋≻⋈∈⊤∋≻⋈∈⊤∋≻⋈∈⊤∋≻⋈∈⊥∋≻⋈∈⊥∋≻⋈∈⊥∋⊙⊡⊣
⊢≻⋈∈⊥∋≻⋈∈⊥∋≻⋈∈⊤∋≻⋈∈⊥∋≻⋈∈⊥∋≻⋈∈⊥∋≻⋈∈⊥∋≻⋈∈⊤∋≻⋈∈⊤∋≻⋈∈⊤∋≻⋈∈⊥∋⊙⊡⊣
⊢≻⋈∈⊥∋≻⋈∈⊤∋≻⋈∈⊤∋≻⋈∈⊤∋≻⋈∈⊥∋≻⋈∈⊤∋≻⋈∈⊥∋≻⋈∈⊥∋≻⋈∈⊥∋≻⋈∈⊥∋⊙⊡⊣
⊢≻⋈∈⊤∋≻⋈∈⊥∋≻⋈∈⊥∋≻⋈∈⊥∋≻⋈∈⊥∋≻⋈∈⊥∋≻⋈∈⊤∋≻⋈∈⊥∋≻⋈∈⊥∋≻⋈∈⊤∋≻⋈∈⊥∋≻⋈∈⊥∋≻⋈∈⊥∋≻⋈∈⊤∋≻⋈∈⊤∋≻⋈∈⊥∋≻⋈∈⊥∋≻⋈∈⊥∋≻⋈∈⊤∋≻⋈∈⊥∋≻⋈∈⊥∋≻⋈∈⊤∋≻⋈∈⊥∋⊙⊡⊣
⊢≻⋈∈⊤∋≻⋈∈⊤∋≻⋈∈⊤∋≻⋈∈⊤∋≻⋈∈⊥∋≻⋈∈⊥∋≻⋈∈⊥∋≻⋈∈⊥∋≻⋈∈⊥∋⊙⊡⊣
⊢≻⋈∈⊥∋≻⋈∈⊤∋≻⋈∈⊥∋≻⋈∈⊤∋≻⋈∈⊤∋≻⋈∈⊤∋≻⋈∈⊤∋≻⋈∈⊥∋≻⋈∈⊥∋≻⋈∈⊥∋⊙⊡⊣
⊢≻⋈∈⊤∋≻⋈∈⊤∋≻⋈∈⊥∋≻⋈∈⊥∋≻⋈∈⊥∋≻⋈∈⊥∋≻⋈∈⊥∋≻⋈∈⊤∋≻⋈∈⊤∋≻⋈∈⊤∋≻⋈∈⊥∋⊙⊡⊣
⊢≻⋈∈⊥∋≻⋈∈⊥∋≻⋈∈⊤∋≻⋈∈⊤∋≻⋈∈⊥∋≻⋈∈⊤∋≻⋈∈⊥∋≻⋈∈⊥∋≻⋈∈⊥∋≻⋈∈⊥∋⊙⊡⊣
⊢≻⋈∈⊥∋≻⋈∈⊤∋≻⋈∈⊤∋≻⋈∈⊤∋≻⋈∈⊤∋≻⋈∈⊤∋≻⋈∈⊥∋≻⋈∈⊥∋≻⋈∈⊥∋≻⋈∈⊤∋≻⋈∈⊥∋≻⋈∈⊥∋≻⋈∈⊤∋≻⋈∈⊤∋≻⋈∈⊥∋≻⋈∈⊥∋≻⋈∈⊥∋≻⋈∈⊥∋≻⋈∈⊤∋≻⋈∈⊥∋≻⋈∈⊥∋≻⋈∈⊤∋≻⋈∈⊥∋⊙⊡⊣
⊢≻⋈∈⊥∋≻⋈∈⊤∋≻⋈∈⊤∋≻⋈∈⊤∋≻⋈∈⊥∋≻⋈∈⊥∋≻⋈∈⊥∋≻⋈∈⊥∋≻⋈∈⊥∋⊙⊡⊣
⊢≻⋈∈⊤∋≻⋈∈⊥∋≻⋈∈⊥∋≻⋈∈⊥∋≻⋈∈⊥∋≻⋈∈⊥∋≻⋈∈⊥∋⊙⊡⊣
⊢≻⋈∈⊤∋≻⋈∈⊥∋≻⋈∈⊤∋≻⋈∈⊤∋≻⋈∈⊤∋≻⋈∈⊤∋≻⋈∈⊤∋≻⋈∈⊥∋≻⋈∈⊥∋≻⋈∈⊥∋≻⋈∈⊥∋⊙⊡⊣
⊢≻⋈∈⊥∋≻⋈∈⊤∋≻⋈∈⊥∋≻⋈∈⊤∋≻⋈∈⊥∋≻⋈∈⊤∋≻⋈∈⊥∋≻⋈∈⊥∋≻⋈∈⊥∋≻⋈∈⊥∋⊙⊡⊣
⊢≻⋈∈⊤∋≻⋈∈⊤∋≻⋈∈⊥∋≻⋈∈⊤∋≻⋈∈⊤∋≻⋈∈⊤∋≻⋈∈⊥∋≻⋈∈⊥∋≻⋈∈⊥∋≻⋈∈⊤∋≻⋈∈⊥∋≻⋈∈⊥∋≻⋈∈⊥∋≻⋈∈⊥∋≻⋈∈⊥∋≻⋈∈⊥∋≻⋈∈⊥∋≻⋈∈⊥∋≻⋈∈⊤∋≻⋈∈⊥∋≻⋈∈⊥∋≻⋈∈⊤∋≻⋈∈⊥∋⊙⊡⊣
⊢≻⋈∈⊤∋≻⋈∈⊥∋≻⋈∈⊤∋≻⋈∈⊤∋≻⋈∈⊥∋≻⋈∈⊥∋≻⋈∈⊥∋≻⋈∈⊥∋≻⋈∈⊥∋⊙⊡⊣
⊢≻⋈∈⊤∋≻⋈∈⊥∋≻⋈∈⊥∋≻⋈∈⊥∋≻⋈∈⊥∋≻⋈∈⊥∋≻⋈∈⊥∋⊙⊡⊣
⊢≻⋈∈⊥∋≻⋈∈⊥∋≻⋈∈⊤∋≻⋈∈⊤∋≻⋈∈⊤∋≻⋈∈⊤∋≻⋈∈⊤∋≻⋈∈⊥∋≻⋈∈⊥∋≻⋈∈⊥∋≻⋈∈⊥∋⊙⊡⊣
⊢≻⋈∈⊥∋≻⋈∈⊥∋≻⋈∈⊥∋≻⋈∈⊤∋≻⋈∈⊥∋≻⋈∈⊤∋≻⋈∈⊥∋≻⋈∈⊥∋≻⋈∈⊥∋≻⋈∈⊥∋⊙⊡⊣
⊢≻⋈∈⊥∋≻⋈∈⊥∋≻⋈∈⊥∋≻⋈∈⊤∋≻⋈∈⊤∋≻⋈∈⊤∋≻⋈∈⊥∋≻⋈∈⊥∋≻⋈∈⊥∋≻⋈∈⊤∋≻⋈∈⊥∋≻⋈∈⊥∋≻⋈∈⊤∋≻⋈∈⊥∋≻⋈∈⊤∋≻⋈∈⊤∋≻⋈∈⊤∋≻⋈∈⊤∋≻⋈∈⊥∋≻⋈∈⊥∋≻⋈∈⊥∋≻⋈∈⊤∋≻⋈∈⊥∋⊙⊡⊣
⊢≻⋈∈⊥∋≻⋈∈⊥∋≻⋈∈⊤∋≻⋈∈⊤∋≻⋈∈⊥∋≻⋈∈⊥∋≻⋈∈⊥∋≻⋈∈⊥∋≻⋈∈⊥∋⊙⊡⊣
⊢≻⋈∈⊤∋≻⋈∈⊤∋≻⋈∈⊥∋≻⋈∈⊤∋≻⋈∈⊤∋≻⋈∈⊤∋≻⋈∈⊤∋≻⋈∈⊥∋≻⋈∈⊥∋≻⋈∈⊥∋⊙⊡⊣
⊢≻⋈∈⊤∋≻⋈∈⊤∋≻⋈∈⊥∋≻⋈∈⊥∋≻⋈∈⊥∋≻⋈∈⊥∋≻⋈∈⊥∋≻⋈∈⊤∋≻⋈∈⊤∋≻⋈∈⊤∋≻⋈∈⊥∋⊙⊡⊣
⊢≻⋈∈⊥∋≻⋈∈⊤∋≻⋈∈⊤∋≻⋈∈⊥∋≻⋈∈⊥∋≻⋈∈⊤∋≻⋈∈⊥∋≻⋈∈⊥∋≻⋈∈⊥∋≻⋈∈⊥∋⊙⊡⊣
⊢≻⋈∈⊤∋≻⋈∈⊥∋≻⋈∈⊤∋≻⋈∈⊥∋≻⋈∈⊤∋≻⋈∈⊤∋≻⋈∈⊥∋≻⋈∈⊥∋≻⋈∈⊥∋≻⋈∈⊤∋≻⋈∈⊥∋≻⋈∈⊥∋≻⋈∈⊥∋≻⋈∈⊤∋≻⋈∈⊥∋≻⋈∈⊤∋≻⋈∈⊤∋≻⋈∈⊤∋≻⋈∈⊥∋≻⋈∈⊥∋≻⋈∈⊥∋≻⋈∈⊤∋≻⋈∈⊥∋⊙⊡⊣
⊢≻⋈∈⊤∋≻⋈∈⊤∋≻⋈∈⊥∋≻⋈∈⊤∋≻⋈∈⊥∋≻⋈∈⊥∋≻⋈∈⊥∋≻⋈∈⊥∋≻⋈∈⊥∋⊙⊡⊣
⊢≻⋈∈⊤∋≻⋈∈⊤∋≻⋈∈⊥∋≻⋈∈⊤∋≻⋈∈⊤∋≻⋈∈⊤∋≻⋈∈⊤∋≻⋈∈⊥∋≻⋈∈⊥∋≻⋈∈⊥∋⊙⊡⊣
⊢≻⋈∈⊥∋≻⋈∈⊤∋≻⋈∈⊥∋≻⋈∈⊥∋≻⋈∈⊥∋≻⋈∈⊥∋≻⋈∈⊥∋≻⋈∈⊤∋≻⋈∈⊤∋≻⋈∈⊤∋≻⋈∈⊥∋⊙⊡⊣
⊢≻⋈∈⊥∋≻⋈∈⊥∋≻⋈∈⊤∋≻⋈∈⊥∋≻⋈∈⊥∋≻⋈∈⊤∋≻⋈∈⊥∋≻⋈∈⊥∋≻⋈∈⊥∋≻⋈∈⊥∋⊙⊡⊣
⊢≻⋈∈⊥∋≻⋈∈⊤∋≻⋈∈⊥∋≻⋈∈⊥∋≻⋈∈⊤∋≻⋈∈⊤∋≻⋈∈⊥∋≻⋈∈⊥∋≻⋈∈⊥∋≻⋈∈⊤∋≻⋈∈⊥∋≻⋈∈⊥∋≻⋈∈⊤∋≻⋈∈⊤∋≻⋈∈⊤∋≻⋈∈⊥∋≻⋈∈⊤∋≻⋈∈⊤∋≻⋈∈⊥∋≻⋈∈⊥∋≻⋈∈⊥∋≻⋈∈⊤∋≻⋈∈⊥∋⊙⊡⊣
⊢≻⋈∈⊥∋≻⋈∈⊤∋≻⋈∈⊥∋≻⋈∈⊤∋≻⋈∈⊥∋≻⋈∈⊥∋≻⋈∈⊥∋≻⋈∈⊥∋≻⋈∈⊥∋⊙⊡⊣
⊢≻⋈∈⊥∋≻⋈∈⊥∋≻⋈∈⊥∋≻⋈∈⊥∋≻⋈∈⊥∋≻⋈∈⊥∋≻⋈∈⊥∋⊙⊡⊣
⊢≻⋈∈⊥∋≻⋈∈⊤∋≻⋈∈⊤∋≻⋈∈⊤∋≻⋈∈⊤∋≻⋈∈⊤∋≻⋈∈⊤∋≻⋈∈⊥∋≻⋈∈⊥∋≻⋈∈⊥∋≻⋈∈⊥∋⊙⊡⊣
⊢≻⋈∈⊥∋≻⋈∈⊤∋≻⋈∈⊥∋≻⋈∈⊥∋≻⋈∈⊥∋≻⋈∈⊤∋≻⋈∈⊥∋≻⋈∈⊥∋≻⋈∈⊥∋≻⋈∈⊥∋⊙⊡⊣
⊢≻⋈∈⊤∋≻⋈∈⊤∋≻⋈∈⊤∋≻⋈∈⊤∋≻⋈∈⊥∋≻⋈∈⊤∋≻⋈∈⊥∋≻⋈∈⊥∋≻⋈∈⊥∋≻⋈∈⊤∋≻⋈∈⊥∋≻⋈∈⊥∋≻⋈∈⊥∋≻⋈∈⊥∋≻⋈∈⊤∋≻⋈∈⊥∋≻⋈∈⊤∋≻⋈∈⊤∋≻⋈∈⊥∋≻⋈∈⊥∋≻⋈∈⊥∋≻⋈∈⊤∋≻⋈∈⊥∋⊙⊡⊣
⊢≻⋈∈⊤∋≻⋈∈⊥∋≻⋈∈⊥∋≻⋈∈⊤∋≻⋈∈⊥∋≻⋈∈⊥∋≻⋈∈⊥∋≻⋈∈⊥∋≻⋈∈⊥∋⊙⊡⊣
⊢≻⋈∈⊥∋≻⋈∈⊥∋≻⋈∈⊥∋≻⋈∈⊥∋≻⋈∈⊥∋≻⋈∈⊥∋≻⋈∈⊥∋⊙⊡⊣
⊢≻⋈∈⊤∋≻⋈∈⊥∋≻⋈∈⊤∋≻⋈∈⊤∋≻⋈∈⊤∋≻⋈∈⊤∋≻⋈∈⊤∋≻⋈∈⊥∋≻⋈∈⊥∋≻⋈∈⊥∋≻⋈∈⊥∋⊙⊡⊣
⊢≻⋈∈⊥∋≻⋈∈⊥∋≻⋈∈⊥∋≻⋈∈⊥∋≻⋈∈⊥∋≻⋈∈⊤∋≻⋈∈⊥∋≻⋈∈⊥∋≻⋈∈⊥∋≻⋈∈⊥∋⊙⊡⊣
⊢≻⋈∈⊥∋≻⋈∈⊥∋≻⋈∈⊤∋≻⋈∈⊤∋≻⋈∈⊥∋≻⋈∈⊤∋≻⋈∈⊥∋≻⋈∈⊥∋≻⋈∈⊥∋≻⋈∈⊤∋≻⋈∈⊥∋≻⋈∈⊥∋≻⋈∈⊤∋≻⋈∈⊥∋≻⋈∈⊥∋≻⋈∈⊥∋≻⋈∈⊤∋≻⋈∈⊤∋≻⋈∈⊥∋≻⋈∈⊥∋≻⋈∈⊥∋≻⋈∈⊤∋≻⋈∈⊥∋⊙⊡⊣
⊢≻⋈∈⊥∋≻⋈∈⊥∋≻⋈∈⊥∋≻⋈∈⊤∋≻⋈∈⊥∋≻⋈∈⊥∋≻⋈∈⊥∋≻⋈∈⊥∋≻⋈∈⊥∋⊙⊡⊣
⊢≻⋈∈⊥∋≻⋈∈⊥∋≻⋈∈⊤∋≻⋈∈⊤∋≻⋈∈⊤∋≻⋈∈⊤∋≻⋈∈⊤∋≻⋈∈⊥∋≻⋈∈⊥∋≻⋈∈⊥∋⊙⊡⊣
⊢≻⋈∈⊥∋≻⋈∈⊤∋≻⋈∈⊥∋≻⋈∈⊥∋≻⋈∈⊥∋≻⋈∈⊥∋≻⋈∈⊥∋≻⋈∈⊤∋≻⋈∈⊤∋≻⋈∈⊤∋≻⋈∈⊥∋⊙⊡⊣
⊢≻⋈∈⊥∋≻⋈∈⊤∋≻⋈∈⊤∋≻⋈∈⊤∋≻⋈∈⊤∋≻⋈∈⊥∋≻⋈∈⊥∋≻⋈∈⊥∋≻⋈∈⊥∋≻⋈∈⊥∋⊙⊡⊣
⊢≻⋈∈⊤∋≻⋈∈⊥∋≻⋈∈⊥∋≻⋈∈⊤∋≻⋈∈⊥∋≻⋈∈⊤∋≻⋈∈⊥∋≻⋈∈⊥∋≻⋈∈⊥∋≻⋈∈⊤∋≻⋈∈⊥∋≻⋈∈⊥∋≻⋈∈⊥∋≻⋈∈⊤∋≻⋈∈⊤∋≻⋈∈⊤∋≻⋈∈⊥∋≻⋈∈⊤∋≻⋈∈⊥∋≻⋈∈⊥∋≻⋈∈⊥∋≻⋈∈⊤∋≻⋈∈⊥∋⊙⊡⊣
⊢≻⋈∈⊤∋≻⋈∈⊤∋≻⋈∈⊤∋≻⋈∈⊥∋≻⋈∈⊥∋≻⋈∈⊥∋≻⋈∈⊥∋≻⋈∈⊥∋≻⋈∈⊥∋⊙⊡⊣
⊢≻⋈∈⊥∋≻⋈∈⊥∋≻⋈∈⊤∋≻⋈∈⊤∋≻⋈∈⊤∋≻⋈∈⊤∋≻⋈∈⊤∋≻⋈∈⊥∋≻⋈∈⊥∋≻⋈∈⊥∋⊙⊡⊣
⊢≻⋈∈⊤∋≻⋈∈⊥∋≻⋈∈⊥∋≻⋈∈⊥∋≻⋈∈⊥∋≻⋈∈⊥∋≻⋈∈⊥∋≻⋈∈⊤∋≻⋈∈⊤∋≻⋈∈⊤∋≻⋈∈⊥∋⊙⊡⊣
⊢≻⋈∈⊥∋≻⋈∈⊥∋≻⋈∈⊤∋≻⋈∈⊤∋≻⋈∈⊤∋≻⋈∈⊥∋≻⋈∈⊥∋≻⋈∈⊥∋≻⋈∈⊥∋≻⋈∈⊥∋⊙⊡⊣
⊢≻⋈∈⊥∋≻⋈∈⊤∋≻⋈∈⊤∋≻⋈∈⊥∋≻⋈∈⊥∋≻⋈∈⊤∋≻⋈∈⊥∋≻⋈∈⊥∋≻⋈∈⊥∋≻⋈∈⊤∋≻⋈∈⊥∋≻⋈∈⊥∋≻⋈∈⊤∋≻⋈∈⊤∋≻⋈∈⊥∋≻⋈∈⊤∋≻⋈∈⊥∋≻⋈∈⊤∋≻⋈∈⊥∋≻⋈∈⊥∋≻⋈∈⊥∋≻⋈∈⊤∋≻⋈∈⊥∋⊙⊡⊣
⊢≻⋈∈⊥∋≻⋈∈⊤∋≻⋈∈⊤∋≻⋈∈⊥∋≻⋈∈⊥∋≻⋈∈⊥∋≻⋈∈⊥∋≻⋈∈⊥∋≻⋈∈⊥∋⊙⊡⊣
⊢≻⋈∈⊤∋≻⋈∈⊤∋≻⋈∈⊤∋≻⋈∈⊤∋≻⋈∈⊤∋≻⋈∈⊤∋≻⋈∈⊤∋≻⋈∈⊥∋⊙⊡⊣
⊢≻⋈∈⊤∋≻⋈∈⊤∋≻⋈∈⊤∋≻⋈∈⊤∋≻⋈∈⊤∋≻⋈∈⊤∋≻⋈∈⊤∋≻⋈∈⊥∋≻⋈∈⊥∋≻⋈∈⊥∋≻⋈∈⊥∋⊙⊡⊣
⊢≻⋈∈⊥∋≻⋈∈⊤∋≻⋈∈⊥∋≻⋈∈⊤∋≻⋈∈⊤∋≻⋈∈⊥∋≻⋈∈⊥∋≻⋈∈⊥∋≻⋈∈⊥∋≻⋈∈⊥∋⊙⊡⊣
⊢≻⋈∈⊤∋≻⋈∈⊤∋≻⋈∈⊥∋≻⋈∈⊥∋≻⋈∈⊥∋≻⋈∈⊤∋≻⋈∈⊥∋≻⋈∈⊥∋≻⋈∈⊥∋≻⋈∈⊤∋≻⋈∈⊥∋≻⋈∈⊥∋≻⋈∈⊥∋≻⋈∈⊥∋≻⋈∈⊥∋≻⋈∈⊤∋≻⋈∈⊥∋≻⋈∈⊤∋≻⋈∈⊥∋≻⋈∈⊥∋≻⋈∈⊥∋≻⋈∈⊤∋≻⋈∈⊥∋⊙⊡⊣
⊢≻⋈∈⊤∋≻⋈∈⊥∋≻⋈∈⊤∋≻⋈∈⊥∋≻⋈∈⊥∋≻⋈∈⊥∋≻⋈∈⊥∋≻⋈∈⊥∋≻⋈∈⊥∋⊙⊡⊣
⊢≻⋈∈⊤∋≻⋈∈⊤∋≻⋈∈⊤∋≻⋈∈⊤∋≻⋈∈⊤∋≻⋈∈⊤∋≻⋈∈⊤∋≻⋈∈⊥∋⊙⊡⊣
⊢≻⋈∈⊥∋≻⋈∈⊤∋≻⋈∈⊤∋≻⋈∈⊤∋≻⋈∈⊤∋≻⋈∈⊤∋≻⋈∈⊤∋≻⋈∈⊥∋≻⋈∈⊥∋≻⋈∈⊥∋≻⋈∈⊥∋⊙⊡⊣
⊢≻⋈∈⊥∋≻⋈∈⊥∋≻⋈∈⊥∋≻⋈∈⊤∋≻⋈∈⊤∋≻⋈∈⊥∋≻⋈∈⊥∋≻⋈∈⊥∋≻⋈∈⊥∋≻⋈∈⊥∋⊙⊡⊣
⊢≻⋈∈⊥∋≻⋈∈⊥∋≻⋈∈⊥∋≻⋈∈⊥∋≻⋈∈⊥∋≻⋈∈⊤∋≻⋈∈⊥∋≻⋈∈⊥∋≻⋈∈⊥∋≻⋈∈⊤∋≻⋈∈⊥∋≻⋈∈⊥∋≻⋈∈⊤∋≻⋈∈⊥∋≻⋈∈⊤∋≻⋈∈⊥∋≻⋈∈⊥∋≻⋈∈⊤∋≻⋈∈⊥∋≻⋈∈⊥∋≻⋈∈⊥∋≻⋈∈⊤∋≻⋈∈⊥∋⊙⊡⊣
⊢≻⋈∈⊥∋≻⋈∈⊥∋≻⋈∈⊤∋≻⋈∈⊥∋≻⋈∈⊥∋≻⋈∈⊥∋≻⋈∈⊥∋≻⋈∈⊥∋≻⋈∈⊥∋⊙⊡⊣
⊢≻⋈∈⊤∋≻⋈∈⊥∋≻⋈∈⊤∋≻⋈∈⊤∋≻⋈∈⊤∋≻⋈∈⊤∋≻⋈∈⊤∋≻⋈∈⊥∋≻⋈∈⊥∋≻⋈∈⊥∋⊙⊡⊣
⊢≻⋈∈⊤∋≻⋈∈⊥∋≻⋈∈⊥∋≻⋈∈⊥∋≻⋈∈⊥∋≻⋈∈⊥∋≻⋈∈⊥∋≻⋈∈⊤∋≻⋈∈⊤∋≻⋈∈⊤∋≻⋈∈⊥∋⊙⊡⊣
⊢≻⋈∈⊥∋≻⋈∈⊤∋≻⋈∈⊤∋≻⋈∈⊥∋≻⋈∈⊤∋≻⋈∈⊥∋≻⋈∈⊥∋≻⋈∈⊥∋≻⋈∈⊥∋≻⋈∈⊥∋⊙⊡⊣
⊢≻⋈∈⊤∋≻⋈∈⊥∋≻⋈∈⊤∋≻⋈∈⊤∋≻⋈∈⊤∋≻⋈∈⊥∋≻⋈∈⊥∋≻⋈∈⊥∋≻⋈∈⊥∋≻⋈∈⊤∋≻⋈∈⊥∋≻⋈∈⊥∋≻⋈∈⊥∋≻⋈∈⊤∋≻⋈∈⊥∋≻⋈∈⊥∋≻⋈∈⊥∋≻⋈∈⊤∋≻⋈∈⊥∋≻⋈∈⊥∋≻⋈∈⊥∋≻⋈∈⊤∋≻⋈∈⊥∋⊙⊡⊣
⊢≻⋈∈⊤∋≻⋈∈⊤∋≻⋈∈⊥∋≻⋈∈⊥∋≻⋈∈⊥∋≻⋈∈⊥∋≻⋈∈⊥∋≻⋈∈⊥∋≻⋈∈⊥∋⊙⊡⊣
⊢≻⋈∈⊤∋≻⋈∈⊥∋≻⋈∈⊤∋≻⋈∈⊤∋≻⋈∈⊤∋≻⋈∈⊤∋≻⋈∈⊤∋≻⋈∈⊥∋≻⋈∈⊥∋≻⋈∈⊥∋⊙⊡⊣
⊢≻⋈∈⊥∋≻⋈∈⊥∋≻⋈∈⊥∋≻⋈∈⊥∋≻⋈∈⊥∋≻⋈∈⊥∋≻⋈∈⊥∋≻⋈∈⊤∋≻⋈∈⊤∋≻⋈∈⊤∋≻⋈∈⊥∋⊙⊡⊣
⊢≻⋈∈⊥∋≻⋈∈⊥∋≻⋈∈⊤∋≻⋈∈⊥∋≻⋈∈⊤∋≻⋈∈⊥∋≻⋈∈⊥∋≻⋈∈⊥∋≻⋈∈⊥∋≻⋈∈⊥∋⊙⊡⊣
⊢≻⋈∈⊥∋≻⋈∈⊤∋≻⋈∈⊥∋≻⋈∈⊤∋≻⋈∈⊤∋≻⋈∈⊥∋≻⋈∈⊥∋≻⋈∈⊥∋≻⋈∈⊥∋≻⋈∈⊤∋≻⋈∈⊥∋≻⋈∈⊥∋≻⋈∈⊤∋≻⋈∈⊤∋≻⋈∈⊤∋≻⋈∈⊤∋≻⋈∈⊤∋≻⋈∈⊥∋≻⋈∈⊥∋≻⋈∈⊥∋≻⋈∈⊥∋≻⋈∈⊤∋≻⋈∈⊥∋⊙⊡⊣
⊢≻⋈∈⊥∋≻⋈∈⊤∋≻⋈∈⊥∋≻⋈∈⊥∋≻⋈∈⊥∋≻⋈∈⊥∋≻⋈∈⊥∋≻⋈∈⊥∋≻⋈∈⊥∋⊙⊡⊣
⊢≻⋈∈⊥∋≻⋈∈⊤∋≻⋈∈⊤∋≻⋈∈⊤∋≻⋈∈⊤∋≻⋈∈⊤∋≻⋈∈⊤∋≻⋈∈⊥∋⊙⊡⊣
⊢≻⋈∈⊥∋≻⋈∈⊥∋≻⋈∈⊥∋≻⋈∈⊥∋≻⋈∈⊥∋≻⋈∈⊥∋≻⋈∈⊥∋≻⋈∈⊤∋≻⋈∈⊥∋≻⋈∈⊥∋≻⋈∈⊥∋⊙⊡⊣
⊢≻⋈∈⊥∋≻⋈∈⊤∋≻⋈∈⊥∋≻⋈∈⊥∋≻⋈∈⊤∋≻⋈∈⊥∋≻⋈∈⊥∋≻⋈∈⊥∋≻⋈∈⊥∋≻⋈∈⊥∋⊙⊡⊣
⊢≻⋈∈⊤∋≻⋈∈⊤∋≻⋈∈⊤∋≻⋈∈⊥∋≻⋈∈⊤∋≻⋈∈⊥∋≻⋈∈⊥∋≻⋈∈⊥∋≻⋈∈⊥∋≻⋈∈⊤∋≻⋈∈⊥∋≻⋈∈⊥∋≻⋈∈⊥∋≻⋈∈⊥∋≻⋈∈⊤∋≻⋈∈⊤∋≻⋈∈⊤∋≻⋈∈⊥∋≻⋈∈⊥∋≻⋈∈⊥∋≻⋈∈⊥∋≻⋈∈⊤∋≻⋈∈⊥∋⊙⊡⊣
⊢≻⋈∈⊤∋≻⋈∈⊥∋≻⋈∈⊥∋≻⋈∈⊥∋≻⋈∈⊥∋≻⋈∈⊥∋≻⋈∈⊥∋≻⋈∈⊥∋≻⋈∈⊥∋⊙⊡⊣
⊢≻⋈∈⊥∋≻⋈∈⊤∋≻⋈∈⊤∋≻⋈∈⊤∋≻⋈∈⊤∋≻⋈∈⊤∋≻⋈∈⊤∋≻⋈∈⊥∋⊙⊡⊣
⊢≻⋈∈⊤∋≻⋈∈⊤∋≻⋈∈⊤∋≻⋈∈⊤∋≻⋈∈⊤∋≻⋈∈⊤∋≻⋈∈⊤∋≻⋈∈⊥∋≻⋈∈⊥∋≻⋈∈⊥∋≻⋈∈⊥∋⊙⊡⊣
⊢≻⋈∈⊥∋≻⋈∈⊥∋≻⋈∈⊥∋≻⋈∈⊥∋≻⋈∈⊤∋≻⋈∈⊥∋≻⋈∈⊥∋≻⋈∈⊥∋≻⋈∈⊥∋≻⋈∈⊥∋⊙⊡⊣
⊢≻⋈∈⊥∋≻⋈∈⊥∋≻⋈∈⊤∋≻⋈∈⊥∋≻⋈∈⊤∋≻⋈∈⊥∋≻⋈∈⊥∋≻⋈∈⊥∋≻⋈∈⊥∋≻⋈∈⊤∋≻⋈∈⊥∋≻⋈∈⊥∋≻⋈∈⊤∋≻⋈∈⊥∋≻⋈∈⊥∋≻⋈∈⊤∋≻⋈∈⊤∋≻⋈∈⊥∋≻⋈∈⊥∋≻⋈∈⊥∋≻⋈∈⊥∋≻⋈∈⊤∋≻⋈∈⊥∋⊙⊡⊣
⊢≻⋈∈⊥∋≻⋈∈⊥∋≻⋈∈⊥∋≻⋈∈⊥∋≻⋈∈⊥∋≻⋈∈⊥∋≻⋈∈⊥∋≻⋈∈⊥∋≻⋈∈⊥∋⊙⊡⊣
⊢≻⋈∈⊥∋≻⋈∈⊤∋≻⋈∈⊤∋≻⋈∈⊤∋≻⋈∈⊤∋≻⋈∈⊤∋≻⋈∈⊤∋≻⋈∈⊥∋≻⋈∈⊥∋≻⋈∈⊥∋⊙⊡⊣
⊢≻⋈∈⊥∋≻⋈∈⊥∋≻⋈∈⊥∋≻⋈∈⊥∋≻⋈∈⊥∋≻⋈∈⊥∋≻⋈∈⊥∋≻⋈∈⊤∋≻⋈∈⊤∋≻⋈∈⊤∋≻⋈∈⊥∋⊙⊡⊣
⊢≻⋈∈⊥∋≻⋈∈⊤∋≻⋈∈⊤∋≻⋈∈⊤∋≻⋈∈⊥∋≻⋈∈⊥∋≻⋈∈⊥∋≻⋈∈⊥∋≻⋈∈⊥∋≻⋈∈⊥∋⊙⊡⊣
⊢≻⋈∈⊤∋≻⋈∈⊥∋≻⋈∈⊥∋≻⋈∈⊥∋≻⋈∈⊤∋≻⋈∈⊥∋≻⋈∈⊥∋≻⋈∈⊥∋≻⋈∈⊥∋≻⋈∈⊤∋≻⋈∈⊥∋≻⋈∈⊥∋≻⋈∈⊥∋≻⋈∈⊤∋≻⋈∈⊤∋≻⋈∈⊥∋≻⋈∈⊤∋≻⋈∈⊥∋≻⋈∈⊥∋≻⋈∈⊥∋≻⋈∈⊥∋≻⋈∈⊤∋≻⋈∈⊥∋⊙⊡⊣
⊢≻⋈∈⊤∋≻⋈∈⊤∋≻⋈∈⊤∋≻⋈∈⊤∋≻⋈∈⊤∋≻⋈∈⊤∋≻⋈∈⊤∋≻⋈∈⊤∋≻⋈∈⊤∋≻⋈∈⊥∋⊙⊡⊣
⊢≻⋈∈⊥∋≻⋈∈⊤∋≻⋈∈⊤∋≻⋈∈⊤∋≻⋈∈⊤∋≻⋈∈⊤∋≻⋈∈⊤∋≻⋈∈⊥∋≻⋈∈⊥∋≻⋈∈⊥∋⊙⊡⊣
⊢≻⋈∈⊤∋≻⋈∈⊤∋≻⋈∈⊤∋≻⋈∈⊤∋≻⋈∈⊤∋≻⋈∈⊤∋≻⋈∈⊤∋≻⋈∈⊥∋≻⋈∈⊤∋≻⋈∈⊤∋≻⋈∈⊥∋⊙⊡⊣
⊢≻⋈∈⊥∋≻⋈∈⊥∋≻⋈∈⊤∋≻⋈∈⊤∋≻⋈∈⊥∋≻⋈∈⊥∋≻⋈∈⊥∋≻⋈∈⊥∋≻⋈∈⊥∋≻⋈∈⊥∋⊙⊡⊣
⊢≻⋈∈⊥∋≻⋈∈⊤∋≻⋈∈⊤∋≻⋈∈⊤∋≻⋈∈⊥∋≻⋈∈⊥∋≻⋈∈⊥∋≻⋈∈⊥∋≻⋈∈⊥∋≻⋈∈⊤∋≻⋈∈⊥∋≻⋈∈⊥∋≻⋈∈⊤∋≻⋈∈⊤∋≻⋈∈⊥∋≻⋈∈⊥∋≻⋈∈⊤∋≻⋈∈⊥∋≻⋈∈⊥∋≻⋈∈⊥∋≻⋈∈⊥∋≻⋈∈⊤∋≻⋈∈⊥∋⊙⊡⊣
⊢≻⋈∈⊥∋≻⋈∈⊤∋≻⋈∈⊤∋≻⋈∈⊤∋≻⋈∈⊤∋≻⋈∈⊤∋≻⋈∈⊤∋≻⋈∈⊤∋≻⋈∈⊤∋≻⋈∈⊥∋⊙⊡⊣
⊢≻⋈∈⊤∋≻⋈∈⊥∋≻⋈∈⊤∋≻⋈∈⊤∋≻⋈∈⊤∋≻⋈∈⊤∋≻⋈∈⊤∋≻⋈∈⊥∋⊙⊡⊣
⊢≻⋈∈⊤∋≻⋈∈⊥∋≻⋈∈⊥∋≻⋈∈⊥∋≻⋈∈⊥∋≻⋈∈⊥∋≻⋈∈⊥∋≻⋈∈⊤∋≻⋈∈⊥∋≻⋈∈⊥∋≻⋈∈⊥∋⊙⊡⊣
⊢≻⋈∈⊥∋≻⋈∈⊤∋≻⋈∈⊥∋≻⋈∈⊤∋≻⋈∈⊥∋≻⋈∈⊥∋≻⋈∈⊥∋≻⋈∈⊥∋≻⋈∈⊥∋≻⋈∈⊥∋⊙⊡⊣
⊢≻⋈∈⊤∋≻⋈∈⊤∋≻⋈∈⊥∋≻⋈∈⊤∋≻⋈∈⊥∋≻⋈∈⊥∋≻⋈∈⊥∋≻⋈∈⊥∋≻⋈∈⊥∋≻⋈∈⊤∋≻⋈∈⊥∋≻⋈∈⊥∋≻⋈∈⊥∋≻⋈∈⊥∋≻⋈∈⊥∋≻⋈∈⊥∋≻⋈∈⊤∋≻⋈∈⊥∋≻⋈∈⊥∋≻⋈∈⊥∋≻⋈∈⊥∋≻⋈∈⊤∋≻⋈∈⊥∋⊙⊡⊣
⊢≻⋈∈⊤∋≻⋈∈⊥∋≻⋈∈⊤∋≻⋈∈⊤∋≻⋈∈⊤∋≻⋈∈⊤∋≻⋈∈⊤∋≻⋈∈⊤∋≻⋈∈⊤∋≻⋈∈⊥∋⊙⊡⊣
⊢≻⋈∈⊤∋≻⋈∈⊥∋≻⋈∈⊤∋≻⋈∈⊤∋≻⋈∈⊤∋≻⋈∈⊤∋≻⋈∈⊤∋≻⋈∈⊥∋⊙⊡⊣
⊢≻⋈∈⊥∋≻⋈∈⊥∋≻⋈∈⊥∋≻⋈∈⊥∋≻⋈∈⊥∋≻⋈∈⊥∋≻⋈∈⊥∋≻⋈∈⊤∋≻⋈∈⊥∋≻⋈∈⊥∋≻⋈∈⊥∋⊙⊡⊣
⊢≻⋈∈⊥∋≻⋈∈⊥∋≻⋈∈⊥∋≻⋈∈⊤∋≻⋈∈⊥∋≻⋈∈⊥∋≻⋈∈⊥∋≻⋈∈⊥∋≻⋈∈⊥∋≻⋈∈⊥∋⊙⊡⊣
⊢≻⋈∈⊥∋≻⋈∈⊥∋≻⋈∈⊥∋≻⋈∈⊤∋≻⋈∈⊥∋≻⋈∈⊥∋≻⋈∈⊥∋≻⋈∈⊥∋≻⋈∈⊥∋≻⋈∈⊤∋≻⋈∈⊥∋≻⋈∈⊥∋≻⋈∈⊤∋≻⋈∈⊥∋≻⋈∈⊤∋≻⋈∈⊤∋≻⋈∈⊥∋≻⋈∈⊥∋≻⋈∈⊥∋≻⋈∈⊥∋≻⋈∈⊥∋≻⋈∈⊤∋≻⋈∈⊥∋⊙⊡⊣
⊢≻⋈∈⊥∋≻⋈∈⊥∋≻⋈∈⊤∋≻⋈∈⊤∋≻⋈∈⊤∋≻⋈∈⊤∋≻⋈∈⊤∋≻⋈∈⊤∋≻⋈∈⊤∋≻⋈∈⊥∋⊙⊡⊣
⊢≻⋈∈⊤∋≻⋈∈⊤∋≻⋈∈⊤∋≻⋈∈⊤∋≻⋈∈⊤∋≻⋈∈⊤∋≻⋈∈⊤∋≻⋈∈⊥∋≻⋈∈⊥∋≻⋈∈⊥∋⊙⊡⊣
⊢≻⋈∈⊤∋≻⋈∈⊤∋≻⋈∈⊤∋≻⋈∈⊤∋≻⋈∈⊤∋≻⋈∈⊤∋≻⋈∈⊤∋≻⋈∈⊥∋≻⋈∈⊤∋≻⋈∈⊤∋≻⋈∈⊥∋⊙⊡⊣
⊢≻⋈∈⊥∋≻⋈∈⊤∋≻⋈∈⊤∋≻⋈∈⊥∋≻⋈∈⊥∋≻⋈∈⊥∋≻⋈∈⊥∋≻⋈∈⊥∋≻⋈∈⊥∋≻⋈∈⊥∋⊙⊡⊣
⊢≻⋈∈⊤∋≻⋈∈⊥∋≻⋈∈⊤∋≻⋈∈⊥∋≻⋈∈⊥∋≻⋈∈⊥∋≻⋈∈⊥∋≻⋈∈⊥∋≻⋈∈⊥∋≻⋈∈⊤∋≻⋈∈⊥∋≻⋈∈⊥∋≻⋈∈⊥∋≻⋈∈⊤∋≻⋈∈⊥∋≻⋈∈⊤∋≻⋈∈⊥∋≻⋈∈⊥∋≻⋈∈⊥∋≻⋈∈⊥∋≻⋈∈⊥∋≻⋈∈⊤∋≻⋈∈⊥∋⊙⊡⊣
⊢≻⋈∈⊤∋≻⋈∈⊤∋≻⋈∈⊥∋≻⋈∈⊤∋≻⋈∈⊤∋≻⋈∈⊤∋≻⋈∈⊤∋≻⋈∈⊤∋≻⋈∈⊤∋≻⋈∈⊥∋⊙⊡⊣
⊢≻⋈∈⊤∋≻⋈∈⊤∋≻⋈∈⊤∋≻⋈∈⊤∋≻⋈∈⊤∋≻⋈∈⊤∋≻⋈∈⊤∋≻⋈∈⊥∋≻⋈∈⊥∋≻⋈∈⊥∋⊙⊡⊣
⊢≻⋈∈⊥∋≻⋈∈⊤∋≻⋈∈⊤∋≻⋈∈⊤∋≻⋈∈⊤∋≻⋈∈⊤∋≻⋈∈⊤∋≻⋈∈⊥∋≻⋈∈⊤∋≻⋈∈⊤∋≻⋈∈⊥∋⊙⊡⊣
⊢≻⋈∈⊥∋≻⋈∈⊥∋≻⋈∈⊤∋≻⋈∈⊥∋≻⋈∈⊥∋≻⋈∈⊥∋≻⋈∈⊥∋≻⋈∈⊥∋≻⋈∈⊥∋≻⋈∈⊥∋⊙⊡⊣
⊢≻⋈∈⊥∋≻⋈∈⊤∋≻⋈∈⊥∋≻⋈∈⊥∋≻⋈∈⊥∋≻⋈∈⊥∋≻⋈∈⊥∋≻⋈∈⊥∋≻⋈∈⊥∋≻⋈∈⊤∋≻⋈∈⊥∋≻⋈∈⊥∋≻⋈∈⊤∋≻⋈∈⊤∋≻⋈∈⊤∋≻⋈∈⊥∋≻⋈∈⊥∋≻⋈∈⊥∋≻⋈∈⊥∋≻⋈∈⊥∋≻⋈∈⊥∋≻⋈∈⊤∋≻⋈∈⊥∋⊙⊡⊣
⊢≻⋈∈⊥∋≻⋈∈⊤∋≻⋈∈⊥∋≻⋈∈⊤∋≻⋈∈⊤∋≻⋈∈⊤∋≻⋈∈⊤∋≻⋈∈⊤∋≻⋈∈⊤∋≻⋈∈⊥∋⊙⊡⊣
⊢≻⋈∈⊥∋≻⋈∈⊥∋≻⋈∈⊤∋≻⋈∈⊤∋≻⋈∈⊤∋≻⋈∈⊤∋≻⋈∈⊤∋≻⋈∈⊥∋⊙⊡⊣
⊢≻⋈∈⊥∋≻⋈∈⊤∋≻⋈∈⊥∋≻⋈∈⊥∋≻⋈∈⊥∋≻⋈∈⊥∋≻⋈∈⊥∋≻⋈∈⊤∋≻⋈∈⊥∋≻⋈∈⊥∋≻⋈∈⊥∋⊙⊡⊣
⊢≻⋈∈⊥∋≻⋈∈⊤∋≻⋈∈⊥∋≻⋈∈⊥∋≻⋈∈⊥∋≻⋈∈⊥∋≻⋈∈⊥∋≻⋈∈⊥∋≻⋈∈⊥∋≻⋈∈⊥∋⊙⊡⊣
⊢≻⋈∈⊤∋≻⋈∈⊤∋≻⋈∈⊤∋≻⋈∈⊤∋≻⋈∈⊤∋≻⋈∈⊤∋≻⋈∈⊤∋≻⋈∈⊤∋≻⋈∈⊤∋≻⋈∈⊥∋≻⋈∈⊥∋≻⋈∈⊥∋≻⋈∈⊥∋≻⋈∈⊥∋≻⋈∈⊤∋≻⋈∈⊥∋≻⋈∈⊥∋≻⋈∈⊥∋≻⋈∈⊥∋≻⋈∈⊥∋≻⋈∈⊥∋≻⋈∈⊤∋≻⋈∈⊥∋⊙⊡⊣
⊢≻⋈∈⊤∋≻⋈∈⊥∋≻⋈∈⊥∋≻⋈∈⊤∋≻⋈∈⊤∋≻⋈∈⊤∋≻⋈∈⊤∋≻⋈∈⊤∋≻⋈∈⊤∋≻⋈∈⊥∋⊙⊡⊣
⊢≻⋈∈⊥∋≻⋈∈⊥∋≻⋈∈⊤∋≻⋈∈⊤∋≻⋈∈⊤∋≻⋈∈⊤∋≻⋈∈⊤∋≻⋈∈⊥∋⊙⊡⊣
⊢≻⋈∈⊤∋≻⋈∈⊥∋≻⋈∈⊥∋≻⋈∈⊥∋≻⋈∈⊥∋≻⋈∈⊥∋≻⋈∈⊥∋≻⋈∈⊤∋≻⋈∈⊥∋≻⋈∈⊥∋≻⋈∈⊥∋⊙⊡⊣
⊢≻⋈∈⊥∋≻⋈∈⊥∋≻⋈∈⊥∋≻⋈∈⊥∋≻⋈∈⊥∋≻⋈∈⊥∋≻⋈∈⊥∋≻⋈∈⊥∋≻⋈∈⊥∋≻⋈∈⊥∋⊙⊡⊣
⊢≻⋈∈⊥∋≻⋈∈⊥∋≻⋈∈⊤∋≻⋈∈⊤∋≻⋈∈⊤∋≻⋈∈⊤∋≻⋈∈⊤∋≻⋈∈⊤∋≻⋈∈⊤∋≻⋈∈⊥∋≻⋈∈⊥∋≻⋈∈⊥∋≻⋈∈⊤∋≻⋈∈⊥∋≻⋈∈⊥∋≻⋈∈⊥∋≻⋈∈⊥∋≻⋈∈⊥∋≻⋈∈⊥∋≻⋈∈⊥∋≻⋈∈⊥∋≻⋈∈⊤∋≻⋈∈⊥∋⊙⊡⊣
⊢≻⋈∈⊥∋≻⋈∈⊥∋≻⋈∈⊥∋≻⋈∈⊤∋≻⋈∈⊤∋≻⋈∈⊤∋≻⋈∈⊤∋≻⋈∈⊤∋≻⋈∈⊤∋≻⋈∈⊥∋⊙⊡⊣
⊢≻⋈∈⊥∋≻⋈∈⊥∋≻⋈∈⊥∋≻⋈∈⊥∋≻⋈∈⊥∋≻⋈∈⊥∋≻⋈∈⊥∋≻⋈∈⊤∋≻⋈∈⊥∋≻⋈∈⊥∋⊙⊡⊣
⊢≻⋈∈⊥∋≻⋈∈⊤∋≻⋈∈⊤∋≻⋈∈⊤∋≻⋈∈⊤∋≻⋈∈⊤∋≻⋈∈⊤∋≻⋈∈⊥∋≻⋈∈⊤∋≻⋈∈⊤∋≻⋈∈⊥∋⊙⊡⊣
⊢≻⋈∈⊥∋≻⋈∈⊤∋≻⋈∈⊤∋≻⋈∈⊤∋≻⋈∈⊤∋≻⋈∈⊤∋≻⋈∈⊤∋≻⋈∈⊤∋≻⋈∈⊤∋≻⋈∈⊤∋≻⋈∈⊥∋⊙⊡⊣
⊢≻⋈∈⊤∋≻⋈∈⊥∋≻⋈∈⊥∋≻⋈∈⊤∋≻⋈∈⊤∋≻⋈∈⊤∋≻⋈∈⊤∋≻⋈∈⊤∋≻⋈∈⊤∋≻⋈∈⊥∋≻⋈∈⊥∋≻⋈∈⊥∋≻⋈∈⊥∋≻⋈∈⊤∋≻⋈∈⊤∋≻⋈∈⊤∋≻⋈∈⊤∋≻⋈∈⊤∋≻⋈∈⊤∋≻⋈∈⊤∋≻⋈∈⊤∋≻⋈∈⊥∋≻⋈∈⊥∋⊙⊡⊣
⊢≻⋈∈⊤∋≻⋈∈⊤∋≻⋈∈⊤∋≻⋈∈⊥∋≻⋈∈⊤∋≻⋈∈⊤∋≻⋈∈⊤∋≻⋈∈⊤∋≻⋈∈⊤∋≻⋈∈⊥∋⊙⊡⊣
⊢≻⋈∈⊥∋≻⋈∈⊥∋≻⋈∈⊥∋≻⋈∈⊥∋≻⋈∈⊥∋≻⋈∈⊥∋≻⋈∈⊥∋≻⋈∈⊤∋≻⋈∈⊥∋≻⋈∈⊥∋⊙⊡⊣
⊢≻⋈∈⊤∋≻⋈∈⊥∋≻⋈∈⊤∋≻⋈∈⊤∋≻⋈∈⊤∋≻⋈∈⊤∋≻⋈∈⊤∋≻⋈∈⊥∋≻⋈∈⊤∋≻⋈∈⊤∋≻⋈∈⊥∋⊙⊡⊣
⊢≻⋈∈⊥∋≻⋈∈⊥∋≻⋈∈⊤∋≻⋈∈⊤∋≻⋈∈⊤∋≻⋈∈⊤∋≻⋈∈⊤∋≻⋈∈⊤∋≻⋈∈⊤∋≻⋈∈⊤∋≻⋈∈⊥∋⊙⊡⊣
⊢≻⋈∈⊥∋≻⋈∈⊤∋≻⋈∈⊤∋≻⋈∈⊥∋≻⋈∈⊤∋≻⋈∈⊤∋≻⋈∈⊤∋≻⋈∈⊤∋≻⋈∈⊤∋≻⋈∈⊥∋≻⋈∈⊥∋≻⋈∈⊥∋≻⋈∈⊤∋≻⋈∈⊤∋≻⋈∈⊥∋≻⋈∈⊤∋≻⋈∈⊤∋≻⋈∈⊤∋≻⋈∈⊤∋≻⋈∈⊤∋≻⋈∈⊤∋≻⋈∈⊥∋≻⋈∈⊥∋⊙⊡⊣
⊢≻⋈∈⊥∋≻⋈∈⊤∋≻⋈∈⊤∋≻⋈∈⊥∋≻⋈∈⊤∋≻⋈∈⊤∋≻⋈∈⊤∋≻⋈∈⊤∋≻⋈∈⊤∋≻⋈∈⊥∋⊙⊡⊣
⊢≻⋈∈⊤∋≻⋈∈⊤∋≻⋈∈⊥∋≻⋈∈⊤∋≻⋈∈⊤∋≻⋈∈⊤∋≻⋈∈⊤∋≻⋈∈⊥∋⊙⊡⊣
⊢≻⋈∈⊤∋≻⋈∈⊤∋≻⋈∈⊥∋≻⋈∈⊥∋≻⋈∈⊥∋≻⋈∈⊥∋≻⋈∈⊥∋≻⋈∈⊤∋≻⋈∈⊥∋≻⋈∈⊥∋≻⋈∈⊥∋⊙⊡⊣
⊢≻⋈∈⊥∋≻⋈∈⊤∋≻⋈∈⊥∋≻⋈∈⊤∋≻⋈∈⊤∋≻⋈∈⊤∋≻⋈∈⊤∋≻⋈∈⊤∋≻⋈∈⊤∋≻⋈∈⊤∋≻⋈∈⊥∋⊙⊡⊣
⊢≻⋈∈⊤∋≻⋈∈⊤∋≻⋈∈⊥∋≻⋈∈⊥∋≻⋈∈⊤∋≻⋈∈⊤∋≻⋈∈⊤∋≻⋈∈⊤∋≻⋈∈⊤∋≻⋈∈⊥∋≻⋈∈⊥∋≻⋈∈⊥∋≻⋈∈⊥∋≻⋈∈⊥∋≻⋈∈⊥∋≻⋈∈⊤∋≻⋈∈⊤∋≻⋈∈⊤∋≻⋈∈⊤∋≻⋈∈⊤∋≻⋈∈⊤∋≻⋈∈⊥∋≻⋈∈⊥∋⊙⊡⊣
⊢≻⋈∈⊤∋≻⋈∈⊥∋≻⋈∈⊤∋≻⋈∈⊥∋≻⋈∈⊤∋≻⋈∈⊤∋≻⋈∈⊤∋≻⋈∈⊤∋≻⋈∈⊤∋≻⋈∈⊥∋⊙⊡⊣
⊢≻⋈∈⊤∋≻⋈∈⊤∋≻⋈∈⊥∋≻⋈∈⊤∋≻⋈∈⊤∋≻⋈∈⊤∋≻⋈∈⊤∋≻⋈∈⊥∋⊙⊡⊣
⊢≻⋈∈⊥∋≻⋈∈⊤∋≻⋈∈⊥∋≻⋈∈⊥∋≻⋈∈⊥∋≻⋈∈⊥∋≻⋈∈⊥∋≻⋈∈⊤∋≻⋈∈⊥∋≻⋈∈⊥∋≻⋈∈⊥∋⊙⊡⊣
⊢≻⋈∈⊥∋≻⋈∈⊥∋≻⋈∈⊥∋≻⋈∈⊤∋≻⋈∈⊤∋≻⋈∈⊤∋≻⋈∈⊤∋≻⋈∈⊤∋≻⋈∈⊤∋≻⋈∈⊤∋≻⋈∈⊥∋⊙⊡⊣
⊢≻⋈∈⊥∋≻⋈∈⊥∋≻⋈∈⊥∋≻⋈∈⊥∋≻⋈∈⊤∋≻⋈∈⊤∋≻⋈∈⊤∋≻⋈∈⊤∋≻⋈∈⊤∋≻⋈∈⊥∋≻⋈∈⊥∋≻⋈∈⊥∋≻⋈∈⊤∋≻⋈∈⊥∋≻⋈∈⊤∋≻⋈∈⊥∋≻⋈∈⊤∋≻⋈∈⊤∋≻⋈∈⊤∋≻⋈∈⊤∋≻⋈∈⊤∋≻⋈∈⊥∋≻⋈∈⊥∋⊙⊡⊣
⊢≻⋈∈⊥∋≻⋈∈⊥∋≻⋈∈⊤∋≻⋈∈⊥∋≻⋈∈⊤∋≻⋈∈⊤∋≻⋈∈⊤∋≻⋈∈⊤∋≻⋈∈⊤∋≻⋈∈⊥∋⊙⊡⊣
⊢≻⋈∈⊤∋≻⋈∈⊥∋≻⋈∈⊥∋≻⋈∈⊥∋≻⋈∈⊥∋≻⋈∈⊥∋≻⋈∈⊥∋≻⋈∈⊤∋≻⋈∈⊥∋≻⋈∈⊥∋⊙⊡⊣
⊢≻⋈∈⊤∋≻⋈∈⊥∋≻⋈∈⊤∋≻⋈∈⊤∋≻⋈∈⊤∋≻⋈∈⊤∋≻⋈∈⊤∋≻⋈∈⊥∋≻⋈∈⊤∋≻⋈∈⊤∋≻⋈∈⊥∋⊙⊡⊣
⊢≻⋈∈⊥∋≻⋈∈⊤∋≻⋈∈⊤∋≻⋈∈⊥∋≻⋈∈⊤∋≻⋈∈⊤∋≻⋈∈⊤∋≻⋈∈⊤∋≻⋈∈⊤∋≻⋈∈⊤∋≻⋈∈⊥∋⊙⊡⊣
⊢≻⋈∈⊤∋≻⋈∈⊥∋≻⋈∈⊤∋≻⋈∈⊤∋≻⋈∈⊥∋≻⋈∈⊤∋≻⋈∈⊤∋≻⋈∈⊤∋≻⋈∈⊤∋≻⋈∈⊥∋≻⋈∈⊥∋≻⋈∈⊥∋≻⋈∈⊥∋≻⋈∈⊤∋≻⋈∈⊥∋≻⋈∈⊥∋≻⋈∈⊤∋≻⋈∈⊤∋≻⋈∈⊤∋≻⋈∈⊤∋≻⋈∈⊤∋≻⋈∈⊥∋≻⋈∈⊥∋⊙⊡⊣
⊢≻⋈∈⊤∋≻⋈∈⊤∋≻⋈∈⊥∋≻⋈∈⊥∋≻⋈∈⊤∋≻⋈∈⊤∋≻⋈∈⊤∋≻⋈∈⊤∋≻⋈∈⊤∋≻⋈∈⊥∋⊙⊡⊣
⊢≻⋈∈⊤∋≻⋈∈⊥∋≻⋈∈⊥∋≻⋈∈⊥∋≻⋈∈⊥∋≻⋈∈⊥∋≻⋈∈⊥∋≻⋈∈⊤∋≻⋈∈⊥∋≻⋈∈⊥∋⊙⊡⊣
⊢≻⋈∈⊥∋≻⋈∈⊥∋≻⋈∈⊤∋≻⋈∈⊤∋≻⋈∈⊤∋≻⋈∈⊤∋≻⋈∈⊤∋≻⋈∈⊥∋≻⋈∈⊤∋≻⋈∈⊤∋≻⋈∈⊥∋⊙⊡⊣
⊢≻⋈∈⊥∋≻⋈∈⊥∋≻⋈∈⊤∋≻⋈∈⊥∋≻⋈∈⊤∋≻⋈∈⊤∋≻⋈∈⊤∋≻⋈∈⊤∋≻⋈∈⊤∋≻⋈∈⊤∋≻⋈∈⊥∋⊙⊡⊣
⊢≻⋈∈⊥∋≻⋈∈⊤∋≻⋈∈⊥∋≻⋈∈⊤∋≻⋈∈⊥∋≻⋈∈⊤∋≻⋈∈⊤∋≻⋈∈⊤∋≻⋈∈⊤∋≻⋈∈⊥∋≻⋈∈⊥∋≻⋈∈⊥∋≻⋈∈⊤∋≻⋈∈⊤∋≻⋈∈⊤∋≻⋈∈⊤∋≻⋈∈⊥∋≻⋈∈⊤∋≻⋈∈⊤∋≻⋈∈⊤∋≻⋈∈⊤∋≻⋈∈⊥∋≻⋈∈⊥∋⊙⊡⊣
⊢≻⋈∈⊥∋≻⋈∈⊤∋≻⋈∈⊥∋≻⋈∈⊥∋≻⋈∈⊤∋≻⋈∈⊤∋≻⋈∈⊤∋≻⋈∈⊤∋≻⋈∈⊤∋≻⋈∈⊥∋⊙⊡⊣
⊢≻⋈∈⊥∋≻⋈∈⊤∋≻⋈∈⊥∋≻⋈∈⊤∋≻⋈∈⊤∋≻⋈∈⊤∋≻⋈∈⊤∋≻⋈∈⊥∋⊙⊡⊣
⊢≻⋈∈⊥∋≻⋈∈⊥∋≻⋈∈⊤∋≻⋈∈⊥∋≻⋈∈⊥∋≻⋈∈⊥∋≻⋈∈⊥∋≻⋈∈⊤∋≻⋈∈⊥∋≻⋈∈⊥∋≻⋈∈⊥∋⊙⊡⊣
⊢≻⋈∈⊥∋≻⋈∈⊤∋≻⋈∈⊥∋≻⋈∈⊥∋≻⋈∈⊤∋≻⋈∈⊤∋≻⋈∈⊤∋≻⋈∈⊤∋≻⋈∈⊤∋≻⋈∈⊤∋≻⋈∈⊥∋⊙⊡⊣
⊢≻⋈∈⊤∋≻⋈∈⊤∋≻⋈∈⊤∋≻⋈∈⊥∋≻⋈∈⊥∋≻⋈∈⊤∋≻⋈∈⊤∋≻⋈∈⊤∋≻⋈∈⊤∋≻⋈∈⊥∋≻⋈∈⊥∋≻⋈∈⊥∋≻⋈∈⊥∋≻⋈∈⊥∋≻⋈∈⊤∋≻⋈∈⊤∋≻⋈∈⊥∋≻⋈∈⊤∋≻⋈∈⊤∋≻⋈∈⊤∋≻⋈∈⊤∋≻⋈∈⊥∋≻⋈∈⊥∋⊙⊡⊣
⊢≻⋈∈⊤∋≻⋈∈⊥∋≻⋈∈⊥∋≻⋈∈⊥∋≻⋈∈⊤∋≻⋈∈⊤∋≻⋈∈⊤∋≻⋈∈⊤∋≻⋈∈⊤∋≻⋈∈⊥∋⊙⊡⊣
⊢≻⋈∈⊥∋≻⋈∈⊤∋≻⋈∈⊥∋≻⋈∈⊤∋≻⋈∈⊤∋≻⋈∈⊤∋≻⋈∈⊤∋≻⋈∈⊥∋⊙⊡⊣
⊢≻⋈∈⊤∋≻⋈∈⊤∋≻⋈∈⊥∋≻⋈∈⊥∋≻⋈∈⊥∋≻⋈∈⊥∋≻⋈∈⊥∋≻⋈∈⊤∋≻⋈∈⊥∋≻⋈∈⊥∋≻⋈∈⊥∋⊙⊡⊣
⊢≻⋈∈⊥∋≻⋈∈⊥∋≻⋈∈⊥∋≻⋈∈⊥∋≻⋈∈⊤∋≻⋈∈⊤∋≻⋈∈⊤∋≻⋈∈⊤∋≻⋈∈⊤∋≻⋈∈⊤∋≻⋈∈⊥∋⊙⊡⊣
⊢≻⋈∈⊥∋≻⋈∈⊥∋≻⋈∈⊤∋≻⋈∈⊥∋≻⋈∈⊥∋≻⋈∈⊤∋≻⋈∈⊤∋≻⋈∈⊤∋≻⋈∈⊤∋≻⋈∈⊥∋≻⋈∈⊥∋≻⋈∈⊥∋≻⋈∈⊤∋≻⋈∈⊥∋≻⋈∈⊥∋≻⋈∈⊤∋≻⋈∈⊥∋≻⋈∈⊤∋≻⋈∈⊤∋≻⋈∈⊤∋≻⋈∈⊤∋≻⋈∈⊥∋≻⋈∈⊥∋⊙⊡⊣
⊢≻⋈∈⊥∋≻⋈∈⊥∋≻⋈∈⊥∋≻⋈∈⊥∋≻⋈∈⊤∋≻⋈∈⊤∋≻⋈∈⊤∋≻⋈∈⊤∋≻⋈∈⊤∋≻⋈∈⊥∋⊙⊡⊣
⊢≻⋈∈⊥∋≻⋈∈⊤∋≻⋈∈⊥∋≻⋈∈⊥∋≻⋈∈⊥∋≻⋈∈⊥∋≻⋈∈⊥∋≻⋈∈⊤∋≻⋈∈⊥∋≻⋈∈⊥∋⊙⊡⊣
⊢≻⋈∈⊥∋≻⋈∈⊥∋≻⋈∈⊤∋≻⋈∈⊤∋≻⋈∈⊤∋≻⋈∈⊤∋≻⋈∈⊤∋≻⋈∈⊥∋≻⋈∈⊤∋≻⋈∈⊤∋≻⋈∈⊥∋⊙⊡⊣
⊢≻⋈∈⊥∋≻⋈∈⊤∋≻⋈∈⊤∋≻⋈∈⊤∋≻⋈∈⊥∋≻⋈∈⊤∋≻⋈∈⊤∋≻⋈∈⊤∋≻⋈∈⊤∋≻⋈∈⊤∋≻⋈∈⊥∋⊙⊡⊣
⊢≻⋈∈⊤∋≻⋈∈⊥∋≻⋈∈⊥∋≻⋈∈⊥∋≻⋈∈⊥∋≻⋈∈⊤∋≻⋈∈⊤∋≻⋈∈⊤∋≻⋈∈⊤∋≻⋈∈⊥∋≻⋈∈⊥∋≻⋈∈⊥∋≻⋈∈⊥∋≻⋈∈⊤∋≻⋈∈⊤∋≻⋈∈⊥∋≻⋈∈⊥∋≻⋈∈⊤∋≻⋈∈⊤∋≻⋈∈⊤∋≻⋈∈⊤∋≻⋈∈⊥∋≻⋈∈⊥∋⊙⊡⊣
⊢≻⋈∈⊤∋≻⋈∈⊤∋≻⋈∈⊤∋≻⋈∈⊤∋≻⋈∈⊥∋≻⋈∈⊤∋≻⋈∈⊤∋≻⋈∈⊤∋≻⋈∈⊤∋≻⋈∈⊥∋⊙⊡⊣
⊢≻⋈∈⊥∋≻⋈∈⊤∋≻⋈∈⊥∋≻⋈∈⊥∋≻⋈∈⊥∋≻⋈∈⊥∋≻⋈∈⊥∋≻⋈∈⊤∋≻⋈∈⊥∋≻⋈∈⊥∋⊙⊡⊣
⊢≻⋈∈⊤∋≻⋈∈⊤∋≻⋈∈⊥∋≻⋈∈⊤∋≻⋈∈⊤∋≻⋈∈⊤∋≻⋈∈⊤∋≻⋈∈⊥∋≻⋈∈⊤∋≻⋈∈⊤∋≻⋈∈⊥∋⊙⊡⊣
⊢≻⋈∈⊥∋≻⋈∈⊥∋≻⋈∈⊤∋≻⋈∈⊤∋≻⋈∈⊥∋≻⋈∈⊤∋≻⋈∈⊤∋≻⋈∈⊤∋≻⋈∈⊤∋≻⋈∈⊤∋≻⋈∈⊥∋⊙⊡⊣
⊢≻⋈∈⊥∋≻⋈∈⊤∋≻⋈∈⊤∋≻⋈∈⊤∋≻⋈∈⊤∋≻⋈∈⊥∋≻⋈∈⊤∋≻⋈∈⊤∋≻⋈∈⊤∋≻⋈∈⊥∋≻⋈∈⊥∋≻⋈∈⊥∋≻⋈∈⊤∋≻⋈∈⊤∋≻⋈∈⊥∋≻⋈∈⊥∋≻⋈∈⊥∋≻⋈∈⊤∋≻⋈∈⊤∋≻⋈∈⊤∋≻⋈∈⊤∋≻⋈∈⊥∋≻⋈∈⊥∋⊙⊡⊣
⊢≻⋈∈⊥∋≻⋈∈⊤∋≻⋈∈⊤∋≻⋈∈⊤∋≻⋈∈⊥∋≻⋈∈⊤∋≻⋈∈⊤∋≻⋈∈⊤∋≻⋈∈⊤∋≻⋈∈⊥∋⊙⊡⊣
⊢≻⋈∈⊤∋≻⋈∈⊥∋≻⋈∈⊥∋≻⋈∈⊤∋≻⋈∈⊤∋≻⋈∈⊤∋≻⋈∈⊤∋≻⋈∈⊥∋⊙⊡⊣
⊢≻⋈∈⊤∋≻⋈∈⊥∋≻⋈∈⊤∋≻⋈∈⊥∋≻⋈∈⊥∋≻⋈∈⊥∋≻⋈∈⊥∋≻⋈∈⊤∋≻⋈∈⊥∋≻⋈∈⊥∋≻⋈∈⊥∋⊙⊡⊣
⊢≻⋈∈⊥∋≻⋈∈⊤∋≻⋈∈⊥∋≻⋈∈⊤∋≻⋈∈⊥∋≻⋈∈⊤∋≻⋈∈⊤∋≻⋈∈⊤∋≻⋈∈⊤∋≻⋈∈⊤∋≻⋈∈⊥∋⊙⊡⊣
⊢≻⋈∈⊤∋≻⋈∈⊤∋≻⋈∈⊥∋≻⋈∈⊤∋≻⋈∈⊤∋≻⋈∈⊥∋≻⋈∈⊤∋≻⋈∈⊤∋≻⋈∈⊤∋≻⋈∈⊥∋≻⋈∈⊥∋≻⋈∈⊥∋≻⋈∈⊥∋≻⋈∈⊥∋≻⋈∈⊥∋≻⋈∈⊥∋≻⋈∈⊥∋≻⋈∈⊤∋≻⋈∈⊤∋≻⋈∈⊤∋≻⋈∈⊤∋≻⋈∈⊥∋≻⋈∈⊥∋⊙⊡⊣
⊢≻⋈∈⊤∋≻⋈∈⊥∋≻⋈∈⊤∋≻⋈∈⊤∋≻⋈∈⊥∋≻⋈∈⊤∋≻⋈∈⊤∋≻⋈∈⊤∋≻⋈∈⊤∋≻⋈∈⊥∋⊙⊡⊣
⊢≻⋈∈⊤∋≻⋈∈⊥∋≻⋈∈⊥∋≻⋈∈⊤∋≻⋈∈⊤∋≻⋈∈⊤∋≻⋈∈⊤∋≻⋈∈⊥∋⊙⊡⊣
⊢≻⋈∈⊥∋≻⋈∈⊥∋≻⋈∈⊤∋≻⋈∈⊥∋≻⋈∈⊥∋≻⋈∈⊥∋≻⋈∈⊥∋≻⋈∈⊤∋≻⋈∈⊥∋≻⋈∈⊥∋≻⋈∈⊥∋⊙⊡⊣
⊢≻⋈∈⊥∋≻⋈∈⊥∋≻⋈∈⊥∋≻⋈∈⊤∋≻⋈∈⊥∋≻⋈∈⊤∋≻⋈∈⊤∋≻⋈∈⊤∋≻⋈∈⊤∋≻⋈∈⊤∋≻⋈∈⊥∋⊙⊡⊣
⊢≻⋈∈⊥∋≻⋈∈⊥∋≻⋈∈⊥∋≻⋈∈⊤∋≻⋈∈⊤∋≻⋈∈⊥∋≻⋈∈⊤∋≻⋈∈⊤∋≻⋈∈⊤∋≻⋈∈⊥∋≻⋈∈⊥∋≻⋈∈⊥∋≻⋈∈⊤∋≻⋈∈⊥∋≻⋈∈⊤∋≻⋈∈⊤∋≻⋈∈⊤∋≻⋈∈⊥∋≻⋈∈⊤∋≻⋈∈⊤∋≻⋈∈⊤∋≻⋈∈⊥∋≻⋈∈⊥∋⊙⊡⊣
⊢≻⋈∈⊥∋≻⋈∈⊥∋≻⋈∈⊤∋≻⋈∈⊤∋≻⋈∈⊥∋≻⋈∈⊤∋≻⋈∈⊤∋≻⋈∈⊤∋≻⋈∈⊤∋≻⋈∈⊥∋⊙⊡⊣
⊢≻⋈∈⊤∋≻⋈∈⊤∋≻⋈∈⊥∋≻⋈∈⊥∋≻⋈∈⊥∋≻⋈∈⊥∋≻⋈∈⊥∋≻⋈∈⊤∋≻⋈∈⊥∋≻⋈∈⊥∋⊙⊡⊣
⊢≻⋈∈⊤∋≻⋈∈⊤∋≻⋈∈⊥∋≻⋈∈⊤∋≻⋈∈⊤∋≻⋈∈⊤∋≻⋈∈⊤∋≻⋈∈⊥∋≻⋈∈⊤∋≻⋈∈⊤∋≻⋈∈⊥∋⊙⊡⊣
⊢≻⋈∈⊥∋≻⋈∈⊤∋≻⋈∈⊤∋≻⋈∈⊥∋≻⋈∈⊥∋≻⋈∈⊤∋≻⋈∈⊤∋≻⋈∈⊤∋≻⋈∈⊤∋≻⋈∈⊤∋≻⋈∈⊥∋⊙⊡⊣
⊢≻⋈∈⊤∋≻⋈∈⊥∋≻⋈∈⊤∋≻⋈∈⊥∋≻⋈∈⊤∋≻⋈∈⊥∋≻⋈∈⊤∋≻⋈∈⊤∋≻⋈∈⊤∋≻⋈∈⊥∋≻⋈∈⊥∋≻⋈∈⊥∋≻⋈∈⊥∋≻⋈∈⊤∋≻⋈∈⊥∋≻⋈∈⊤∋≻⋈∈⊤∋≻⋈∈⊥∋≻⋈∈⊤∋≻⋈∈⊤∋≻⋈∈⊤∋≻⋈∈⊥∋≻⋈∈⊥∋⊙⊡⊣
⊢≻⋈∈⊤∋≻⋈∈⊤∋≻⋈∈⊥∋≻⋈∈⊤∋≻⋈∈⊥∋≻⋈∈⊤∋≻⋈∈⊤∋≻⋈∈⊤∋≻⋈∈⊤∋≻⋈∈⊥∋⊙⊡⊣
⊢≻⋈∈⊤∋≻⋈∈⊤∋≻⋈∈⊥∋≻⋈∈⊥∋≻⋈∈⊥∋≻⋈∈⊥∋≻⋈∈⊥∋≻⋈∈⊤∋≻⋈∈⊥∋≻⋈∈⊥∋⊙⊡⊣
⊢≻⋈∈⊥∋≻⋈∈⊤∋≻⋈∈⊥∋≻⋈∈⊤∋≻⋈∈⊤∋≻⋈∈⊤∋≻⋈∈⊤∋≻⋈∈⊥∋≻⋈∈⊤∋≻⋈∈⊤∋≻⋈∈⊥∋⊙⊡⊣
⊢≻⋈∈⊥∋≻⋈∈⊥∋≻⋈∈⊤∋≻⋈∈⊥∋≻⋈∈⊥∋≻⋈∈⊤∋≻⋈∈⊤∋≻⋈∈⊤∋≻⋈∈⊤∋≻⋈∈⊤∋≻⋈∈⊥∋⊙⊡⊣
⊢≻⋈∈⊥∋≻⋈∈⊤∋≻⋈∈⊥∋≻⋈∈⊥∋≻⋈∈⊤∋≻⋈∈⊥∋≻⋈∈⊤∋≻⋈∈⊤∋≻⋈∈⊤∋≻⋈∈⊥∋≻⋈∈⊥∋≻⋈∈⊥∋≻⋈∈⊤∋≻⋈∈⊤∋≻⋈∈⊤∋≻⋈∈⊥∋≻⋈∈⊤∋≻⋈∈⊥∋≻⋈∈⊤∋≻⋈∈⊤∋≻⋈∈⊤∋≻⋈∈⊥∋≻⋈∈⊥∋⊙⊡⊣
⊢≻⋈∈⊥∋≻⋈∈⊤∋≻⋈∈⊥∋≻⋈∈⊤∋≻⋈∈⊥∋≻⋈∈⊤∋≻⋈∈⊤∋≻⋈∈⊤∋≻⋈∈⊤∋≻⋈∈⊥∋⊙⊡⊣
⊢≻⋈∈⊥∋≻⋈∈⊥∋≻⋈∈⊥∋≻⋈∈⊤∋≻⋈∈⊤∋≻⋈∈⊤∋≻⋈∈⊤∋≻⋈∈⊥∋⊙⊡⊣
⊢≻⋈∈⊥∋≻⋈∈⊤∋≻⋈∈⊤∋≻⋈∈⊥∋≻⋈∈⊥∋≻⋈∈⊥∋≻⋈∈⊥∋≻⋈∈⊤∋≻⋈∈⊥∋≻⋈∈⊥∋≻⋈∈⊥∋⊙⊡⊣
⊢≻⋈∈⊥∋≻⋈∈⊤∋≻⋈∈⊥∋≻⋈∈⊥∋≻⋈∈⊥∋≻⋈∈⊤∋≻⋈∈⊤∋≻⋈∈⊤∋≻⋈∈⊤∋≻⋈∈⊤∋≻⋈∈⊥∋⊙⊡⊣
⊢≻⋈∈⊤∋≻⋈∈⊤∋≻⋈∈⊤∋≻⋈∈⊤∋≻⋈∈⊥∋≻⋈∈⊥∋≻⋈∈⊤∋≻⋈∈⊤∋≻⋈∈⊤∋≻⋈∈⊥∋≻⋈∈⊥∋≻⋈∈⊥∋≻⋈∈⊥∋≻⋈∈⊥∋≻⋈∈⊤∋≻⋈∈⊥∋≻⋈∈⊤∋≻⋈∈⊥∋≻⋈∈⊤∋≻⋈∈⊤∋≻⋈∈⊤∋≻⋈∈⊥∋≻⋈∈⊥∋⊙⊡⊣
⊢≻⋈∈⊤∋≻⋈∈⊥∋≻⋈∈⊥∋≻⋈∈⊤∋≻⋈∈⊥∋≻⋈∈⊤∋≻⋈∈⊤∋≻⋈∈⊤∋≻⋈∈⊤∋≻⋈∈⊥∋⊙⊡⊣
⊢≻⋈∈⊥∋≻⋈∈⊥∋≻⋈∈⊥∋≻⋈∈⊤∋≻⋈∈⊤∋≻⋈∈⊤∋≻⋈∈⊤∋≻⋈∈⊥∋⊙⊡⊣
⊢≻⋈∈⊤∋≻⋈∈⊥∋≻⋈∈⊤∋≻⋈∈⊥∋≻⋈∈⊥∋≻⋈∈⊥∋≻⋈∈⊥∋≻⋈∈⊤∋≻⋈∈⊥∋≻⋈∈⊥∋≻⋈∈⊥∋⊙⊡⊣
⊢≻⋈∈⊥∋≻⋈∈⊥∋≻⋈∈⊥∋≻⋈∈⊥∋≻⋈∈⊥∋≻⋈∈⊤∋≻⋈∈⊤∋≻⋈∈⊤∋≻⋈∈⊤∋≻⋈∈⊤∋≻⋈∈⊥∋⊙⊡⊣
⊢≻⋈∈⊥∋≻⋈∈⊥∋≻⋈∈⊤∋≻⋈∈⊤∋≻⋈∈⊥∋≻⋈∈⊥∋≻⋈∈⊤∋≻⋈∈⊤∋≻⋈∈⊤∋≻⋈∈⊥∋≻⋈∈⊥∋≻⋈∈⊥∋≻⋈∈⊤∋≻⋈∈⊥∋≻⋈∈⊥∋≻⋈∈⊥∋≻⋈∈⊤∋≻⋈∈⊥∋≻⋈∈⊤∋≻⋈∈⊤∋≻⋈∈⊤∋≻⋈∈⊥∋≻⋈∈⊥∋⊙⊡⊣
⊢≻⋈∈⊥∋≻⋈∈⊥∋≻⋈∈⊥∋≻⋈∈⊤∋≻⋈∈⊥∋≻⋈∈⊤∋≻⋈∈⊤∋≻⋈∈⊤∋≻⋈∈⊤∋≻⋈∈⊥∋⊙⊡⊣
⊢≻⋈∈⊥∋≻⋈∈⊥∋≻⋈∈⊤∋≻⋈∈⊥∋≻⋈∈⊥∋≻⋈∈⊥∋≻⋈∈⊥∋≻⋈∈⊤∋≻⋈∈⊥∋≻⋈∈⊥∋⊙⊡⊣
⊢≻⋈∈⊥∋≻⋈∈⊤∋≻⋈∈⊥∋≻⋈∈⊤∋≻⋈∈⊤∋≻⋈∈⊤∋≻⋈∈⊤∋≻⋈∈⊥∋≻⋈∈⊤∋≻⋈∈⊤∋≻⋈∈⊥∋⊙⊡⊣
⊢≻⋈∈⊥∋≻⋈∈⊤∋≻⋈∈⊤∋≻⋈∈⊤∋≻⋈∈⊤∋≻⋈∈⊥∋≻⋈∈⊤∋≻⋈∈⊤∋≻⋈∈⊤∋≻⋈∈⊤∋≻⋈∈⊥∋⊙⊡⊣
⊢≻⋈∈⊤∋≻⋈∈⊥∋≻⋈∈⊥∋≻⋈∈⊤∋≻⋈∈⊥∋≻⋈∈⊥∋≻⋈∈⊤∋≻⋈∈⊤∋≻⋈∈⊤∋≻⋈∈⊥∋≻⋈∈⊥∋≻⋈∈⊥∋≻⋈∈⊥∋≻⋈∈⊤∋≻⋈∈⊤∋≻⋈∈⊤∋≻⋈∈⊥∋≻⋈∈⊥∋≻⋈∈⊤∋≻⋈∈⊤∋≻⋈∈⊤∋≻⋈∈⊥∋≻⋈∈⊥∋⊙⊡⊣
⊢≻⋈∈⊤∋≻⋈∈⊤∋≻⋈∈⊤∋≻⋈∈⊥∋≻⋈∈⊥∋≻⋈∈⊤∋≻⋈∈⊤∋≻⋈∈⊤∋≻⋈∈⊤∋≻⋈∈⊥∋⊙⊡⊣
⊢≻⋈∈⊥∋≻⋈∈⊥∋≻⋈∈⊤∋≻⋈∈⊥∋≻⋈∈⊥∋≻⋈∈⊥∋≻⋈∈⊥∋≻⋈∈⊤∋≻⋈∈⊥∋≻⋈∈⊥∋⊙⊡⊣
⊢≻⋈∈⊤∋≻⋈∈⊥∋≻⋈∈⊥∋≻⋈∈⊤∋≻⋈∈⊤∋≻⋈∈⊤∋≻⋈∈⊤∋≻⋈∈⊥∋≻⋈∈⊤∋≻⋈∈⊤∋≻⋈∈⊥∋⊙⊡⊣
⊢≻⋈∈⊥∋≻⋈∈⊥∋≻⋈∈⊤∋≻⋈∈⊤∋≻⋈∈⊤∋≻⋈∈⊥∋≻⋈∈⊤∋≻⋈∈⊤∋≻⋈∈⊤∋≻⋈∈⊤∋≻⋈∈⊥∋⊙⊡⊣
⊢≻⋈∈⊥∋≻⋈∈⊤∋≻⋈∈⊤∋≻⋈∈⊥∋≻⋈∈⊥∋≻⋈∈⊥∋≻⋈∈⊤∋≻⋈∈⊤∋≻⋈∈⊤∋≻⋈∈⊥∋≻⋈∈⊥∋≻⋈∈⊥∋≻⋈∈⊤∋≻⋈∈⊤∋≻⋈∈⊥∋≻⋈∈⊤∋≻⋈∈⊥∋≻⋈∈⊥∋≻⋈∈⊤∋≻⋈∈⊤∋≻⋈∈⊤∋≻⋈∈⊥∋≻⋈∈⊥∋⊙⊡⊣
⊢≻⋈∈⊥∋≻⋈∈⊤∋≻⋈∈⊤∋≻⋈∈⊥∋≻⋈∈⊥∋≻⋈∈⊤∋≻⋈∈⊤∋≻⋈∈⊤∋≻⋈∈⊤∋≻⋈∈⊥∋⊙⊡⊣
⊢≻⋈∈⊤∋≻⋈∈⊤∋≻⋈∈⊤∋≻⋈∈⊥∋≻⋈∈⊤∋≻⋈∈⊤∋≻⋈∈⊤∋≻⋈∈⊥∋⊙⊡⊣
⊢≻⋈∈⊤∋≻⋈∈⊤∋≻⋈∈⊤∋≻⋈∈⊥∋≻⋈∈⊥∋≻⋈∈⊥∋≻⋈∈⊥∋≻⋈∈⊤∋≻⋈∈⊥∋≻⋈∈⊥∋≻⋈∈⊥∋⊙⊡⊣
⊢≻⋈∈⊥∋≻⋈∈⊤∋≻⋈∈⊥∋≻⋈∈⊤∋≻⋈∈⊤∋≻⋈∈⊥∋≻⋈∈⊤∋≻⋈∈⊤∋≻⋈∈⊤∋≻⋈∈⊤∋≻⋈∈⊥∋⊙⊡⊣
⊢≻⋈∈⊤∋≻⋈∈⊤∋≻⋈∈⊥∋≻⋈∈⊥∋≻⋈∈⊥∋≻⋈∈⊥∋≻⋈∈⊤∋≻⋈∈⊤∋≻⋈∈⊤∋≻⋈∈⊥∋≻⋈∈⊥∋≻⋈∈⊥∋≻⋈∈⊥∋≻⋈∈⊥∋≻⋈∈⊥∋≻⋈∈⊤∋≻⋈∈⊥∋≻⋈∈⊥∋≻⋈∈⊤∋≻⋈∈⊤∋≻⋈∈⊤∋≻⋈∈⊥∋≻⋈∈⊥∋⊙⊡⊣
⊢≻⋈∈⊤∋≻⋈∈⊥∋≻⋈∈⊤∋≻⋈∈⊥∋≻⋈∈⊥∋≻⋈∈⊤∋≻⋈∈⊤∋≻⋈∈⊤∋≻⋈∈⊤∋≻⋈∈⊥∋⊙⊡⊣
⊢≻⋈∈⊤∋≻⋈∈⊤∋≻⋈∈⊤∋≻⋈∈⊥∋≻⋈∈⊤∋≻⋈∈⊤∋≻⋈∈⊤∋≻⋈∈⊥∋⊙⊡⊣
⊢≻⋈∈⊥∋≻⋈∈⊤∋≻⋈∈⊤∋≻⋈∈⊥∋≻⋈∈⊥∋≻⋈∈⊥∋≻⋈∈⊥∋≻⋈∈⊤∋≻⋈∈⊥∋≻⋈∈⊥∋≻⋈∈⊥∋⊙⊡⊣
⊢≻⋈∈⊥∋≻⋈∈⊥∋≻⋈∈⊥∋≻⋈∈⊤∋≻⋈∈⊤∋≻⋈∈⊥∋≻⋈∈⊤∋≻⋈∈⊤∋≻⋈∈⊤∋≻⋈∈⊤∋≻⋈∈⊥∋⊙⊡⊣
⊢≻⋈∈⊥∋≻⋈∈⊥∋≻⋈∈⊥∋≻⋈∈⊥∋≻⋈∈⊥∋≻⋈∈⊥∋≻⋈∈⊤∋≻⋈∈⊤∋≻⋈∈⊤∋≻⋈∈⊥∋≻⋈∈⊥∋≻⋈∈⊥∋≻⋈∈⊤∋≻⋈∈⊥∋≻⋈∈⊤∋≻⋈∈⊥∋≻⋈∈⊥∋≻⋈∈⊥∋≻⋈∈⊤∋≻⋈∈⊤∋≻⋈∈⊤∋≻⋈∈⊥∋≻⋈∈⊥∋⊙⊡⊣
⊢≻⋈∈⊥∋≻⋈∈⊥∋≻⋈∈⊤∋≻⋈∈⊥∋≻⋈∈⊥∋≻⋈∈⊤∋≻⋈∈⊤∋≻⋈∈⊤∋≻⋈∈⊤∋≻⋈∈⊥∋⊙⊡⊣
⊢≻⋈∈⊤∋≻⋈∈⊥∋≻⋈∈⊤∋≻⋈∈⊥∋≻⋈∈⊥∋≻⋈∈⊥∋≻⋈∈⊥∋≻⋈∈⊤∋≻⋈∈⊥∋≻⋈∈⊥∋⊙⊡⊣
⊢≻⋈∈⊤∋≻⋈∈⊥∋≻⋈∈⊥∋≻⋈∈⊤∋≻⋈∈⊤∋≻⋈∈⊤∋≻⋈∈⊤∋≻⋈∈⊥∋≻⋈∈⊤∋≻⋈∈⊤∋≻⋈∈⊥∋⊙⊡⊣
⊢≻⋈∈⊥∋≻⋈∈⊤∋≻⋈∈⊤∋≻⋈∈⊥∋≻⋈∈⊤∋≻⋈∈⊥∋≻⋈∈⊤∋≻⋈∈⊤∋≻⋈∈⊤∋≻⋈∈⊤∋≻⋈∈⊥∋⊙⊡⊣
⊢≻⋈∈⊤∋≻⋈∈⊥∋≻⋈∈⊤∋≻⋈∈⊤∋≻⋈∈⊤∋≻⋈∈⊤∋≻⋈∈⊥∋≻⋈∈⊤∋≻⋈∈⊤∋≻⋈∈⊥∋≻⋈∈⊥∋≻⋈∈⊥∋≻⋈∈⊥∋≻⋈∈⊤∋≻⋈∈⊥∋≻⋈∈⊥∋≻⋈∈⊥∋≻⋈∈⊥∋≻⋈∈⊤∋≻⋈∈⊤∋≻⋈∈⊤∋≻⋈∈⊥∋≻⋈∈⊥∋⊙⊡⊣
⊢≻⋈∈⊤∋≻⋈∈⊤∋≻⋈∈⊥∋≻⋈∈⊥∋≻⋈∈⊥∋≻⋈∈⊤∋≻⋈∈⊤∋≻⋈∈⊤∋≻⋈∈⊤∋≻⋈∈⊥∋⊙⊡⊣
⊢≻⋈∈⊤∋≻⋈∈⊥∋≻⋈∈⊤∋≻⋈∈⊥∋≻⋈∈⊥∋≻⋈∈⊥∋≻⋈∈⊥∋≻⋈∈⊤∋≻⋈∈⊥∋≻⋈∈⊥∋⊙⊡⊣
⊢≻⋈∈⊥∋≻⋈∈⊥∋≻⋈∈⊥∋≻⋈∈⊤∋≻⋈∈⊤∋≻⋈∈⊤∋≻⋈∈⊤∋≻⋈∈⊥∋≻⋈∈⊤∋≻⋈∈⊤∋≻⋈∈⊥∋⊙⊡⊣
⊢≻⋈∈⊥∋≻⋈∈⊥∋≻⋈∈⊤∋≻⋈∈⊥∋≻⋈∈⊤∋≻⋈∈⊥∋≻⋈∈⊤∋≻⋈∈⊤∋≻⋈∈⊤∋≻⋈∈⊤∋≻⋈∈⊥∋⊙⊡⊣
⊢≻⋈∈⊥∋≻⋈∈⊤∋≻⋈∈⊥∋≻⋈∈⊤∋≻⋈∈⊤∋≻⋈∈⊤∋≻⋈∈⊥∋≻⋈∈⊤∋≻⋈∈⊤∋≻⋈∈⊥∋≻⋈∈⊥∋≻⋈∈⊥∋≻⋈∈⊤∋≻⋈∈⊤∋≻⋈∈⊤∋≻⋈∈⊤∋≻⋈∈⊤∋≻⋈∈⊤∋≻⋈∈⊥∋≻⋈∈⊤∋≻⋈∈⊤∋≻⋈∈⊥∋≻⋈∈⊥∋⊙⊡⊣
⊢≻⋈∈⊥∋≻⋈∈⊤∋≻⋈∈⊥∋≻⋈∈⊥∋≻⋈∈⊥∋≻⋈∈⊤∋≻⋈∈⊤∋≻⋈∈⊤∋≻⋈∈⊤∋≻⋈∈⊥∋⊙⊡⊣
⊢≻⋈∈⊥∋≻⋈∈⊤∋≻⋈∈⊤∋≻⋈∈⊥∋≻⋈∈⊤∋≻⋈∈⊤∋≻⋈∈⊤∋≻⋈∈⊥∋⊙⊡⊣
⊢≻⋈∈⊥∋≻⋈∈⊥∋≻⋈∈⊥∋≻⋈∈⊤∋≻⋈∈⊥∋≻⋈∈⊥∋≻⋈∈⊥∋≻⋈∈⊤∋≻⋈∈⊥∋≻⋈∈⊥∋≻⋈∈⊥∋⊙⊡⊣
⊢≻⋈∈⊥∋≻⋈∈⊤∋≻⋈∈⊥∋≻⋈∈⊥∋≻⋈∈⊤∋≻⋈∈⊥∋≻⋈∈⊤∋≻⋈∈⊤∋≻⋈∈⊤∋≻⋈∈⊤∋≻⋈∈⊥∋⊙⊡⊣
⊢≻⋈∈⊤∋≻⋈∈⊤∋≻⋈∈⊤∋≻⋈∈⊥∋≻⋈∈⊤∋≻⋈∈⊤∋≻⋈∈⊥∋≻⋈∈⊤∋≻⋈∈⊤∋≻⋈∈⊥∋≻⋈∈⊥∋≻⋈∈⊥∋≻⋈∈⊥∋≻⋈∈⊥∋≻⋈∈⊤∋≻⋈∈⊤∋≻⋈∈⊤∋≻⋈∈⊤∋≻⋈∈⊥∋≻⋈∈⊤∋≻⋈∈⊤∋≻⋈∈⊥∋≻⋈∈⊥∋⊙⊡⊣
⊢≻⋈∈⊤∋≻⋈∈⊥∋≻⋈∈⊥∋≻⋈∈⊥∋≻⋈∈⊥∋≻⋈∈⊤∋≻⋈∈⊤∋≻⋈∈⊤∋≻⋈∈⊤∋≻⋈∈⊥∋⊙⊡⊣
⊢≻⋈∈⊥∋≻⋈∈⊤∋≻⋈∈⊤∋≻⋈∈⊥∋≻⋈∈⊤∋≻⋈∈⊤∋≻⋈∈⊤∋≻⋈∈⊥∋⊙⊡⊣
⊢≻⋈∈⊤∋≻⋈∈⊤∋≻⋈∈⊤∋≻⋈∈⊥∋≻⋈∈⊥∋≻⋈∈⊥∋≻⋈∈⊥∋≻⋈∈⊤∋≻⋈∈⊥∋≻⋈∈⊥∋≻⋈∈⊥∋⊙⊡⊣
⊢≻⋈∈⊥∋≻⋈∈⊥∋≻⋈∈⊥∋≻⋈∈⊥∋≻⋈∈⊤∋≻⋈∈⊥∋≻⋈∈⊤∋≻⋈∈⊤∋≻⋈∈⊤∋≻⋈∈⊤∋≻⋈∈⊥∋⊙⊡⊣
⊢≻⋈∈⊥∋≻⋈∈⊥∋≻⋈∈⊤∋≻⋈∈⊥∋≻⋈∈⊤∋≻⋈∈⊤∋≻⋈∈⊥∋≻⋈∈⊤∋≻⋈∈⊤∋≻⋈∈⊥∋≻⋈∈⊥∋≻⋈∈⊥∋≻⋈∈⊤∋≻⋈∈⊥∋≻⋈∈⊥∋≻⋈∈⊤∋≻⋈∈⊤∋≻⋈∈⊤∋≻⋈∈⊥∋≻⋈∈⊤∋≻⋈∈⊤∋≻⋈∈⊥∋≻⋈∈⊥∋⊙⊡⊣
⊢≻⋈∈⊥∋≻⋈∈⊥∋≻⋈∈⊥∋≻⋈∈⊥∋≻⋈∈⊥∋≻⋈∈⊤∋≻⋈∈⊤∋≻⋈∈⊤∋≻⋈∈⊤∋≻⋈∈⊥∋⊙⊡⊣
⊢≻⋈∈⊥∋≻⋈∈⊤∋≻⋈∈⊤∋≻⋈∈⊥∋≻⋈∈⊥∋≻⋈∈⊥∋≻⋈∈⊥∋≻⋈∈⊤∋≻⋈∈⊥∋≻⋈∈⊥∋⊙⊡⊣
⊢≻⋈∈⊥∋≻⋈∈⊥∋≻⋈∈⊥∋≻⋈∈⊤∋≻⋈∈⊤∋≻⋈∈⊤∋≻⋈∈⊤∋≻⋈∈⊥∋≻⋈∈⊤∋≻⋈∈⊤∋≻⋈∈⊥∋⊙⊡⊣
⊢≻⋈∈⊥∋≻⋈∈⊤∋≻⋈∈⊤∋≻⋈∈⊤∋≻⋈∈⊥∋≻⋈∈⊥∋≻⋈∈⊤∋≻⋈∈⊤∋≻⋈∈⊤∋≻⋈∈⊤∋≻⋈∈⊥∋⊙⊡⊣
⊢≻⋈∈⊤∋≻⋈∈⊥∋≻⋈∈⊥∋≻⋈∈⊥∋≻⋈∈⊤∋≻⋈∈⊤∋≻⋈∈⊥∋≻⋈∈⊤∋≻⋈∈⊤∋≻⋈∈⊥∋≻⋈∈⊥∋≻⋈∈⊥∋≻⋈∈⊥∋≻⋈∈⊤∋≻⋈∈⊤∋≻⋈∈⊥∋≻⋈∈⊤∋≻⋈∈⊤∋≻⋈∈⊥∋≻⋈∈⊤∋≻⋈∈⊤∋≻⋈∈⊥∋≻⋈∈⊥∋⊙⊡⊣
⊢≻⋈∈⊤∋≻⋈∈⊤∋≻⋈∈⊤∋≻⋈∈⊤∋≻⋈∈⊤∋≻⋈∈⊥∋≻⋈∈⊤∋≻⋈∈⊤∋≻⋈∈⊤∋≻⋈∈⊥∋⊙⊡⊣
⊢≻⋈∈⊥∋≻⋈∈⊤∋≻⋈∈⊤∋≻⋈∈⊥∋≻⋈∈⊥∋≻⋈∈⊥∋≻⋈∈⊥∋≻⋈∈⊤∋≻⋈∈⊥∋≻⋈∈⊥∋⊙⊡⊣
⊢≻⋈∈⊤∋≻⋈∈⊤∋≻⋈∈⊤∋≻⋈∈⊥∋≻⋈∈⊤∋≻⋈∈⊤∋≻⋈∈⊤∋≻⋈∈⊥∋≻⋈∈⊤∋≻⋈∈⊤∋≻⋈∈⊥∋⊙⊡⊣
⊢≻⋈∈⊥∋≻⋈∈⊥∋≻⋈∈⊤∋≻⋈∈⊤∋≻⋈∈⊥∋≻⋈∈⊥∋≻⋈∈⊤∋≻⋈∈⊤∋≻⋈∈⊤∋≻⋈∈⊤∋≻⋈∈⊥∋⊙⊡⊣
⊢≻⋈∈⊥∋≻⋈∈⊤∋≻⋈∈⊤∋≻⋈∈⊤∋≻⋈∈⊥∋≻⋈∈⊤∋≻⋈∈⊥∋≻⋈∈⊤∋≻⋈∈⊤∋≻⋈∈⊥∋≻⋈∈⊥∋≻⋈∈⊥∋≻⋈∈⊤∋≻⋈∈⊤∋≻⋈∈⊥∋≻⋈∈⊥∋≻⋈∈⊤∋≻⋈∈⊤∋≻⋈∈⊥∋≻⋈∈⊤∋≻⋈∈⊤∋≻⋈∈⊥∋≻⋈∈⊥∋⊙⊡⊣
⊢≻⋈∈⊥∋≻⋈∈⊤∋≻⋈∈⊤∋≻⋈∈⊤∋≻⋈∈⊤∋≻⋈∈⊥∋≻⋈∈⊤∋≻⋈∈⊤∋≻⋈∈⊤∋≻⋈∈⊥∋⊙⊡⊣
⊢≻⋈∈⊤∋≻⋈∈⊥∋≻⋈∈⊤∋≻⋈∈⊥∋≻⋈∈⊤∋≻⋈∈⊤∋≻⋈∈⊤∋≻⋈∈⊥∋⊙⊡⊣
⊢≻⋈∈⊤∋≻⋈∈⊥∋≻⋈∈⊥∋≻⋈∈⊤∋≻⋈∈⊥∋≻⋈∈⊥∋≻⋈∈⊥∋≻⋈∈⊤∋≻⋈∈⊥∋≻⋈∈⊥∋≻⋈∈⊥∋⊙⊡⊣
⊢≻⋈∈⊥∋≻⋈∈⊤∋≻⋈∈⊥∋≻⋈∈⊤∋≻⋈∈⊥∋≻⋈∈⊥∋≻⋈∈⊤∋≻⋈∈⊤∋≻⋈∈⊤∋≻⋈∈⊤∋≻⋈∈⊥∋⊙⊡⊣
⊢≻⋈∈⊤∋≻⋈∈⊤∋≻⋈∈⊥∋≻⋈∈⊤∋≻⋈∈⊥∋≻⋈∈⊤∋≻⋈∈⊥∋≻⋈∈⊤∋≻⋈∈⊤∋≻⋈∈⊥∋≻⋈∈⊥∋≻⋈∈⊥∋≻⋈∈⊥∋≻⋈∈⊥∋≻⋈∈⊥∋≻⋈∈⊥∋≻⋈∈⊤∋≻⋈∈⊤∋≻⋈∈⊥∋≻⋈∈⊤∋≻⋈∈⊤∋≻⋈∈⊥∋≻⋈∈⊥∋⊙⊡⊣
⊢≻⋈∈⊤∋≻⋈∈⊥∋≻⋈∈⊤∋≻⋈∈⊤∋≻⋈∈⊤∋≻⋈∈⊥∋≻⋈∈⊤∋≻⋈∈⊤∋≻⋈∈⊤∋≻⋈∈⊥∋⊙⊡⊣
⊢≻⋈∈⊤∋≻⋈∈⊥∋≻⋈∈⊤∋≻⋈∈⊥∋≻⋈∈⊤∋≻⋈∈⊤∋≻⋈∈⊤∋≻⋈∈⊥∋⊙⊡⊣
⊢≻⋈∈⊥∋≻⋈∈⊥∋≻⋈∈⊥∋≻⋈∈⊤∋≻⋈∈⊥∋≻⋈∈⊥∋≻⋈∈⊥∋≻⋈∈⊤∋≻⋈∈⊥∋≻⋈∈⊥∋≻⋈∈⊥∋⊙⊡⊣
⊢≻⋈∈⊥∋≻⋈∈⊥∋≻⋈∈⊥∋≻⋈∈⊤∋≻⋈∈⊥∋≻⋈∈⊥∋≻⋈∈⊤∋≻⋈∈⊤∋≻⋈∈⊤∋≻⋈∈⊤∋≻⋈∈⊥∋⊙⊡⊣
⊢≻⋈∈⊥∋≻⋈∈⊥∋≻⋈∈⊥∋≻⋈∈⊤∋≻⋈∈⊥∋≻⋈∈⊤∋≻⋈∈⊥∋≻⋈∈⊤∋≻⋈∈⊤∋≻⋈∈⊥∋≻⋈∈⊥∋≻⋈∈⊥∋≻⋈∈⊤∋≻⋈∈⊥∋≻⋈∈⊤∋≻⋈∈⊤∋≻⋈∈⊥∋≻⋈∈⊤∋≻⋈∈⊥∋≻⋈∈⊤∋≻⋈∈⊤∋≻⋈∈⊥∋≻⋈∈⊥∋⊙⊡⊣
⊢≻⋈∈⊥∋≻⋈∈⊥∋≻⋈∈⊤∋≻⋈∈⊤∋≻⋈∈⊤∋≻⋈∈⊥∋≻⋈∈⊤∋≻⋈∈⊤∋≻⋈∈⊤∋≻⋈∈⊥∋⊙⊡⊣
⊢≻⋈∈⊤∋≻⋈∈⊤∋≻⋈∈⊤∋≻⋈∈⊥∋≻⋈∈⊥∋≻⋈∈⊥∋≻⋈∈⊥∋≻⋈∈⊤∋≻⋈∈⊥∋≻⋈∈⊥∋⊙⊡⊣
⊢≻⋈∈⊤∋≻⋈∈⊤∋≻⋈∈⊤∋≻⋈∈⊥∋≻⋈∈⊤∋≻⋈∈⊤∋≻⋈∈⊤∋≻⋈∈⊥∋≻⋈∈⊤∋≻⋈∈⊤∋≻⋈∈⊥∋⊙⊡⊣
⊢≻⋈∈⊥∋≻⋈∈⊤∋≻⋈∈⊤∋≻⋈∈⊥∋≻⋈∈⊥∋≻⋈∈⊥∋≻⋈∈⊤∋≻⋈∈⊤∋≻⋈∈⊤∋≻⋈∈⊤∋≻⋈∈⊥∋⊙⊡⊣
⊢≻⋈∈⊤∋≻⋈∈⊥∋≻⋈∈⊤∋≻⋈∈⊥∋≻⋈∈⊥∋≻⋈∈⊤∋≻⋈∈⊥∋≻⋈∈⊤∋≻⋈∈⊤∋≻⋈∈⊥∋≻⋈∈⊥∋≻⋈∈⊥∋≻⋈∈⊥∋≻⋈∈⊤∋≻⋈∈⊥∋≻⋈∈⊤∋≻⋈∈⊥∋≻⋈∈⊤∋≻⋈∈⊥∋≻⋈∈⊤∋≻⋈∈⊤∋≻⋈∈⊥∋≻⋈∈⊥∋⊙⊡⊣
⊢≻⋈∈⊤∋≻⋈∈⊤∋≻⋈∈⊥∋≻⋈∈⊤∋≻⋈∈⊤∋≻⋈∈⊥∋≻⋈∈⊤∋≻⋈∈⊤∋≻⋈∈⊤∋≻⋈∈⊥∋⊙⊡⊣
⊢≻⋈∈⊤∋≻⋈∈⊤∋≻⋈∈⊤∋≻⋈∈⊥∋≻⋈∈⊥∋≻⋈∈⊥∋≻⋈∈⊥∋≻⋈∈⊤∋≻⋈∈⊥∋≻⋈∈⊥∋⊙⊡⊣
⊢≻⋈∈⊥∋≻⋈∈⊤∋≻⋈∈⊤∋≻⋈∈⊥∋≻⋈∈⊤∋≻⋈∈⊤∋≻⋈∈⊤∋≻⋈∈⊥∋≻⋈∈⊤∋≻⋈∈⊤∋≻⋈∈⊥∋⊙⊡⊣
⊢≻⋈∈⊥∋≻⋈∈⊥∋≻⋈∈⊤∋≻⋈∈⊥∋≻⋈∈⊥∋≻⋈∈⊥∋≻⋈∈⊤∋≻⋈∈⊤∋≻⋈∈⊤∋≻⋈∈⊤∋≻⋈∈⊥∋⊙⊡⊣
⊢≻⋈∈⊥∋≻⋈∈⊤∋≻⋈∈⊥∋≻⋈∈⊥∋≻⋈∈⊥∋≻⋈∈⊤∋≻⋈∈⊥∋≻⋈∈⊤∋≻⋈∈⊤∋≻⋈∈⊥∋≻⋈∈⊥∋≻⋈∈⊥∋≻⋈∈⊤∋≻⋈∈⊤∋≻⋈∈⊤∋≻⋈∈⊥∋≻⋈∈⊥∋≻⋈∈⊤∋≻⋈∈⊥∋≻⋈∈⊤∋≻⋈∈⊤∋≻⋈∈⊥∋≻⋈∈⊥∋⊙⊡⊣
⊢≻⋈∈⊥∋≻⋈∈⊤∋≻⋈∈⊥∋≻⋈∈⊤∋≻⋈∈⊤∋≻⋈∈⊥∋≻⋈∈⊤∋≻⋈∈⊤∋≻⋈∈⊤∋≻⋈∈⊥∋⊙⊡⊣
⊢≻⋈∈⊥∋≻⋈∈⊥∋≻⋈∈⊤∋≻⋈∈⊥∋≻⋈∈⊤∋≻⋈∈⊤∋≻⋈∈⊤∋≻⋈∈⊥∋⊙⊡⊣
⊢≻⋈∈⊥∋≻⋈∈⊤∋≻⋈∈⊥∋≻⋈∈⊤∋≻⋈∈⊥∋≻⋈∈⊥∋≻⋈∈⊥∋≻⋈∈⊤∋≻⋈∈⊥∋≻⋈∈⊥∋≻⋈∈⊥∋⊙⊡⊣
⊢≻⋈∈⊥∋≻⋈∈⊤∋≻⋈∈⊥∋≻⋈∈⊥∋≻⋈∈⊥∋≻⋈∈⊥∋≻⋈∈⊤∋≻⋈∈⊤∋≻⋈∈⊤∋≻⋈∈⊤∋≻⋈∈⊥∋⊙⊡⊣
⊢≻⋈∈⊤∋≻⋈∈⊤∋≻⋈∈⊤∋≻⋈∈⊤∋≻⋈∈⊤∋≻⋈∈⊥∋≻⋈∈⊥∋≻⋈∈⊤∋≻⋈∈⊤∋≻⋈∈⊥∋≻⋈∈⊥∋≻⋈∈⊥∋≻⋈∈⊥∋≻⋈∈⊥∋≻⋈∈⊤∋≻⋈∈⊥∋≻⋈∈⊥∋≻⋈∈⊤∋≻⋈∈⊥∋≻⋈∈⊤∋≻⋈∈⊤∋≻⋈∈⊥∋≻⋈∈⊥∋⊙⊡⊣
⊢≻⋈∈⊤∋≻⋈∈⊥∋≻⋈∈⊥∋≻⋈∈⊤∋≻⋈∈⊤∋≻⋈∈⊥∋≻⋈∈⊤∋≻⋈∈⊤∋≻⋈∈⊤∋≻⋈∈⊥∋⊙⊡⊣
⊢≻⋈∈⊥∋≻⋈∈⊥∋≻⋈∈⊤∋≻⋈∈⊥∋≻⋈∈⊤∋≻⋈∈⊤∋≻⋈∈⊤∋≻⋈∈⊥∋⊙⊡⊣
⊢≻⋈∈⊤∋≻⋈∈⊥∋≻⋈∈⊥∋≻⋈∈⊤∋≻⋈∈⊥∋≻⋈∈⊥∋≻⋈∈⊥∋≻⋈∈⊤∋≻⋈∈⊥∋≻⋈∈⊥∋≻⋈∈⊥∋⊙⊡⊣
⊢≻⋈∈⊥∋≻⋈∈⊥∋≻⋈∈⊥∋≻⋈∈⊥∋≻⋈∈⊥∋≻⋈∈⊥∋≻⋈∈⊤∋≻⋈∈⊤∋≻⋈∈⊤∋≻⋈∈⊤∋≻⋈∈⊥∋⊙⊡⊣
⊢≻⋈∈⊥∋≻⋈∈⊥∋≻⋈∈⊤∋≻⋈∈⊤∋≻⋈∈⊤∋≻⋈∈⊥∋≻⋈∈⊥∋≻⋈∈⊤∋≻⋈∈⊤∋≻⋈∈⊥∋≻⋈∈⊥∋≻⋈∈⊥∋≻⋈∈⊤∋≻⋈∈⊥∋≻⋈∈⊥∋≻⋈∈⊥∋≻⋈∈⊥∋≻⋈∈⊤∋≻⋈∈⊥∋≻⋈∈⊤∋≻⋈∈⊤∋≻⋈∈⊥∋≻⋈∈⊥∋⊙⊡⊣
⊢≻⋈∈⊥∋≻⋈∈⊥∋≻⋈∈⊥∋≻⋈∈⊤∋≻⋈∈⊤∋≻⋈∈⊥∋≻⋈∈⊤∋≻⋈∈⊤∋≻⋈∈⊤∋≻⋈∈⊥∋⊙⊡⊣
⊢≻⋈∈⊥∋≻⋈∈⊥∋≻⋈∈⊥∋≻⋈∈⊤∋≻⋈∈⊥∋≻⋈∈⊥∋≻⋈∈⊥∋≻⋈∈⊤∋≻⋈∈⊥∋≻⋈∈⊥∋⊙⊡⊣
⊢≻⋈∈⊥∋≻⋈∈⊤∋≻⋈∈⊤∋≻⋈∈⊥∋≻⋈∈⊤∋≻⋈∈⊤∋≻⋈∈⊤∋≻⋈∈⊥∋≻⋈∈⊤∋≻⋈∈⊤∋≻⋈∈⊥∋⊙⊡⊣
⊢≻⋈∈⊥∋≻⋈∈⊤∋≻⋈∈⊤∋≻⋈∈⊤∋≻⋈∈⊤∋≻⋈∈⊤∋≻⋈∈⊥∋≻⋈∈⊤∋≻⋈∈⊤∋≻⋈∈⊤∋≻⋈∈⊥∋⊙⊡⊣
⊢≻⋈∈⊤∋≻⋈∈⊥∋≻⋈∈⊥∋≻⋈∈⊤∋≻⋈∈⊤∋≻⋈∈⊥∋≻⋈∈⊥∋≻⋈∈⊤∋≻⋈∈⊤∋≻⋈∈⊥∋≻⋈∈⊥∋≻⋈∈⊥∋≻⋈∈⊥∋≻⋈∈⊤∋≻⋈∈⊤∋≻⋈∈⊤∋≻⋈∈⊤∋≻⋈∈⊥∋≻⋈∈⊥∋≻⋈∈⊤∋≻⋈∈⊤∋≻⋈∈⊥∋≻⋈∈⊥∋⊙⊡⊣
⊢≻⋈∈⊤∋≻⋈∈⊤∋≻⋈∈⊤∋≻⋈∈⊥∋≻⋈∈⊤∋≻⋈∈⊥∋≻⋈∈⊤∋≻⋈∈⊤∋≻⋈∈⊤∋≻⋈∈⊥∋⊙⊡⊣
⊢≻⋈∈⊥∋≻⋈∈⊥∋≻⋈∈⊥∋≻⋈∈⊤∋≻⋈∈⊥∋≻⋈∈⊥∋≻⋈∈⊥∋≻⋈∈⊤∋≻⋈∈⊥∋≻⋈∈⊥∋⊙⊡⊣
⊢≻⋈∈⊤∋≻⋈∈⊥∋≻⋈∈⊤∋≻⋈∈⊥∋≻⋈∈⊤∋≻⋈∈⊤∋≻⋈∈⊤∋≻⋈∈⊥∋≻⋈∈⊤∋≻⋈∈⊤∋≻⋈∈⊥∋⊙⊡⊣
⊢≻⋈∈⊥∋≻⋈∈⊥∋≻⋈∈⊤∋≻⋈∈⊤∋≻⋈∈⊤∋≻⋈∈⊤∋≻⋈∈⊥∋≻⋈∈⊤∋≻⋈∈⊤∋≻⋈∈⊤∋≻⋈∈⊥∋⊙⊡⊣
⊢≻⋈∈⊥∋≻⋈∈⊤∋≻⋈∈⊤∋≻⋈∈⊥∋≻⋈∈⊤∋≻⋈∈⊥∋≻⋈∈⊥∋≻⋈∈⊤∋≻⋈∈⊤∋≻⋈∈⊥∋≻⋈∈⊥∋≻⋈∈⊥∋≻⋈∈⊤∋≻⋈∈⊤∋≻⋈∈⊥∋≻⋈∈⊤∋≻⋈∈⊤∋≻⋈∈⊥∋≻⋈∈⊥∋≻⋈∈⊤∋≻⋈∈⊤∋≻⋈∈⊥∋≻⋈∈⊥∋⊙⊡⊣
⊢≻⋈∈⊥∋≻⋈∈⊤∋≻⋈∈⊤∋≻⋈∈⊥∋≻⋈∈⊤∋≻⋈∈⊥∋≻⋈∈⊤∋≻⋈∈⊤∋≻⋈∈⊤∋≻⋈∈⊥∋⊙⊡⊣
⊢≻⋈∈⊤∋≻⋈∈⊤∋≻⋈∈⊥∋≻⋈∈⊥∋≻⋈∈⊤∋≻⋈∈⊤∋≻⋈∈⊤∋≻⋈∈⊥∋⊙⊡⊣
⊢≻⋈∈⊤∋≻⋈∈⊤∋≻⋈∈⊥∋≻⋈∈⊤∋≻⋈∈⊥∋≻⋈∈⊥∋≻⋈∈⊥∋≻⋈∈⊤∋≻⋈∈⊥∋≻⋈∈⊥∋≻⋈∈⊥∋⊙⊡⊣
⊢≻⋈∈⊥∋≻⋈∈⊤∋≻⋈∈⊥∋≻⋈∈⊤∋≻⋈∈⊤∋≻⋈∈⊤∋≻⋈∈⊥∋≻⋈∈⊤∋≻⋈∈⊤∋≻⋈∈⊤∋≻⋈∈⊥∋⊙⊡⊣
⊢≻⋈∈⊤∋≻⋈∈⊤∋≻⋈∈⊥∋≻⋈∈⊥∋≻⋈∈⊤∋≻⋈∈⊥∋≻⋈∈⊥∋≻⋈∈⊤∋≻⋈∈⊤∋≻⋈∈⊥∋≻⋈∈⊥∋≻⋈∈⊥∋≻⋈∈⊥∋≻⋈∈⊥∋≻⋈∈⊥∋≻⋈∈⊤∋≻⋈∈⊤∋≻⋈∈⊥∋≻⋈∈⊥∋≻⋈∈⊤∋≻⋈∈⊤∋≻⋈∈⊥∋≻⋈∈⊥∋⊙⊡⊣
⊢≻⋈∈⊤∋≻⋈∈⊥∋≻⋈∈⊤∋≻⋈∈⊥∋≻⋈∈⊤∋≻⋈∈⊥∋≻⋈∈⊤∋≻⋈∈⊤∋≻⋈∈⊤∋≻⋈∈⊥∋⊙⊡⊣
⊢≻⋈∈⊤∋≻⋈∈⊤∋≻⋈∈⊥∋≻⋈∈⊥∋≻⋈∈⊤∋≻⋈∈⊤∋≻⋈∈⊤∋≻⋈∈⊥∋⊙⊡⊣
⊢≻⋈∈⊥∋≻⋈∈⊤∋≻⋈∈⊥∋≻⋈∈⊤∋≻⋈∈⊥∋≻⋈∈⊥∋≻⋈∈⊥∋≻⋈∈⊤∋≻⋈∈⊥∋≻⋈∈⊥∋≻⋈∈⊥∋⊙⊡⊣
⊢≻⋈∈⊥∋≻⋈∈⊥∋≻⋈∈⊥∋≻⋈∈⊤∋≻⋈∈⊤∋≻⋈∈⊤∋≻⋈∈⊥∋≻⋈∈⊤∋≻⋈∈⊤∋≻⋈∈⊤∋≻⋈∈⊥∋⊙⊡⊣
⊢≻⋈∈⊥∋≻⋈∈⊥∋≻⋈∈⊥∋≻⋈∈⊥∋≻⋈∈⊤∋≻⋈∈⊥∋≻⋈∈⊥∋≻⋈∈⊤∋≻⋈∈⊤∋≻⋈∈⊥∋≻⋈∈⊥∋≻⋈∈⊥∋≻⋈∈⊤∋≻⋈∈⊥∋≻⋈∈⊤∋≻⋈∈⊥∋≻⋈∈⊤∋≻⋈∈⊥∋≻⋈∈⊥∋≻⋈∈⊤∋≻⋈∈⊤∋≻⋈∈⊥∋≻⋈∈⊥∋⊙⊡⊣
⊢≻⋈∈⊥∋≻⋈∈⊥∋≻⋈∈⊤∋≻⋈∈⊥∋≻⋈∈⊤∋≻⋈∈⊥∋≻⋈∈⊤∋≻⋈∈⊤∋≻⋈∈⊤∋≻⋈∈⊥∋⊙⊡⊣
⊢≻⋈∈⊤∋≻⋈∈⊥∋≻⋈∈⊥∋≻⋈∈⊤∋≻⋈∈⊥∋≻⋈∈⊥∋≻⋈∈⊥∋≻⋈∈⊤∋≻⋈∈⊥∋≻⋈∈⊥∋⊙⊡⊣
⊢≻⋈∈⊤∋≻⋈∈⊥∋≻⋈∈⊤∋≻⋈∈⊥∋≻⋈∈⊤∋≻⋈∈⊤∋≻⋈∈⊤∋≻⋈∈⊥∋≻⋈∈⊤∋≻⋈∈⊤∋≻⋈∈⊥∋⊙⊡⊣
⊢≻⋈∈⊥∋≻⋈∈⊤∋≻⋈∈⊤∋≻⋈∈⊥∋≻⋈∈⊤∋≻⋈∈⊤∋≻⋈∈⊥∋≻⋈∈⊤∋≻⋈∈⊤∋≻⋈∈⊤∋≻⋈∈⊥∋⊙⊡⊣
⊢≻⋈∈⊤∋≻⋈∈⊥∋≻⋈∈⊤∋≻⋈∈⊤∋≻⋈∈⊥∋≻⋈∈⊥∋≻⋈∈⊥∋≻⋈∈⊤∋≻⋈∈⊤∋≻⋈∈⊥∋≻⋈∈⊥∋≻⋈∈⊥∋≻⋈∈⊥∋≻⋈∈⊤∋≻⋈∈⊥∋≻⋈∈⊥∋≻⋈∈⊤∋≻⋈∈⊥∋≻⋈∈⊥∋≻⋈∈⊤∋≻⋈∈⊤∋≻⋈∈⊥∋≻⋈∈⊥∋⊙⊡⊣
⊢≻⋈∈⊤∋≻⋈∈⊤∋≻⋈∈⊥∋≻⋈∈⊥∋≻⋈∈⊤∋≻⋈∈⊥∋≻⋈∈⊤∋≻⋈∈⊤∋≻⋈∈⊤∋≻⋈∈⊥∋⊙⊡⊣
⊢≻⋈∈⊤∋≻⋈∈⊥∋≻⋈∈⊥∋≻⋈∈⊤∋≻⋈∈⊥∋≻⋈∈⊥∋≻⋈∈⊥∋≻⋈∈⊤∋≻⋈∈⊥∋≻⋈∈⊥∋⊙⊡⊣
⊢≻⋈∈⊥∋≻⋈∈⊥∋≻⋈∈⊤∋≻⋈∈⊥∋≻⋈∈⊤∋≻⋈∈⊤∋≻⋈∈⊤∋≻⋈∈⊥∋≻⋈∈⊤∋≻⋈∈⊤∋≻⋈∈⊥∋⊙⊡⊣
⊢≻⋈∈⊥∋≻⋈∈⊥∋≻⋈∈⊤∋≻⋈∈⊥∋≻⋈∈⊤∋≻⋈∈⊤∋≻⋈∈⊥∋≻⋈∈⊤∋≻⋈∈⊤∋≻⋈∈⊤∋≻⋈∈⊥∋⊙⊡⊣
⊢≻⋈∈⊥∋≻⋈∈⊤∋≻⋈∈⊥∋≻⋈∈⊤∋≻⋈∈⊥∋≻⋈∈⊥∋≻⋈∈⊥∋≻⋈∈⊤∋≻⋈∈⊤∋≻⋈∈⊥∋≻⋈∈⊥∋≻⋈∈⊥∋≻⋈∈⊤∋≻⋈∈⊤∋≻⋈∈⊤∋≻⋈∈⊤∋≻⋈∈⊥∋≻⋈∈⊥∋≻⋈∈⊥∋≻⋈∈⊤∋≻⋈∈⊤∋≻⋈∈⊥∋≻⋈∈⊥∋⊙⊡⊣
⊢≻⋈∈⊥∋≻⋈∈⊤∋≻⋈∈⊥∋≻⋈∈⊥∋≻⋈∈⊤∋≻⋈∈⊥∋≻⋈∈⊤∋≻⋈∈⊤∋≻⋈∈⊤∋≻⋈∈⊥∋⊙⊡⊣
⊢≻⋈∈⊥∋≻⋈∈⊤∋≻⋈∈⊥∋≻⋈∈⊥∋≻⋈∈⊤∋≻⋈∈⊤∋≻⋈∈⊤∋≻⋈∈⊥∋⊙⊡⊣
⊢≻⋈∈⊥∋≻⋈∈⊥∋≻⋈∈⊤∋≻⋈∈⊤∋≻⋈∈⊥∋≻⋈∈⊥∋≻⋈∈⊥∋≻⋈∈⊤∋≻⋈∈⊥∋≻⋈∈⊥∋≻⋈∈⊥∋⊙⊡⊣
⊢≻⋈∈⊥∋≻⋈∈⊤∋≻⋈∈⊥∋≻⋈∈⊥∋≻⋈∈⊤∋≻⋈∈⊤∋≻⋈∈⊥∋≻⋈∈⊤∋≻⋈∈⊤∋≻⋈∈⊤∋≻⋈∈⊥∋⊙⊡⊣
⊢≻⋈∈⊤∋≻⋈∈⊤∋≻⋈∈⊤∋≻⋈∈⊥∋≻⋈∈⊥∋≻⋈∈⊥∋≻⋈∈⊥∋≻⋈∈⊤∋≻⋈∈⊤∋≻⋈∈⊥∋≻⋈∈⊥∋≻⋈∈⊥∋≻⋈∈⊥∋≻⋈∈⊥∋≻⋈∈⊤∋≻⋈∈⊤∋≻⋈∈⊥∋≻⋈∈⊥∋≻⋈∈⊥∋≻⋈∈⊤∋≻⋈∈⊤∋≻⋈∈⊥∋≻⋈∈⊥∋⊙⊡⊣
⊢≻⋈∈⊤∋≻⋈∈⊥∋≻⋈∈⊥∋≻⋈∈⊥∋≻⋈∈⊤∋≻⋈∈⊥∋≻⋈∈⊤∋≻⋈∈⊤∋≻⋈∈⊤∋≻⋈∈⊥∋⊙⊡⊣
⊢≻⋈∈⊥∋≻⋈∈⊤∋≻⋈∈⊥∋≻⋈∈⊥∋≻⋈∈⊤∋≻⋈∈⊤∋≻⋈∈⊤∋≻⋈∈⊥∋⊙⊡⊣
⊢≻⋈∈⊤∋≻⋈∈⊤∋≻⋈∈⊥∋≻⋈∈⊤∋≻⋈∈⊥∋≻⋈∈⊥∋≻⋈∈⊥∋≻⋈∈⊤∋≻⋈∈⊥∋≻⋈∈⊥∋≻⋈∈⊥∋⊙⊡⊣
⊢≻⋈∈⊥∋≻⋈∈⊥∋≻⋈∈⊥∋≻⋈∈⊥∋≻⋈∈⊤∋≻⋈∈⊤∋≻⋈∈⊥∋≻⋈∈⊤∋≻⋈∈⊤∋≻⋈∈⊤∋≻⋈∈⊥∋⊙⊡⊣
⊢≻⋈∈⊥∋≻⋈∈⊥∋≻⋈∈⊤∋≻⋈∈⊥∋≻⋈∈⊥∋≻⋈∈⊥∋≻⋈∈⊥∋≻⋈∈⊤∋≻⋈∈⊤∋≻⋈∈⊥∋≻⋈∈⊥∋≻⋈∈⊥∋≻⋈∈⊤∋≻⋈∈⊥∋≻⋈∈⊥∋≻⋈∈⊤∋≻⋈∈⊥∋≻⋈∈⊥∋≻⋈∈⊥∋≻⋈∈⊤∋≻⋈∈⊤∋≻⋈∈⊥∋≻⋈∈⊥∋⊙⊡⊣
⊢≻⋈∈⊥∋≻⋈∈⊥∋≻⋈∈⊥∋≻⋈∈⊥∋≻⋈∈⊤∋≻⋈∈⊥∋≻⋈∈⊤∋≻⋈∈⊤∋≻⋈∈⊤∋≻⋈∈⊥∋⊙⊡⊣
⊢≻⋈∈⊥∋≻⋈∈⊤∋≻⋈∈⊥∋≻⋈∈⊤∋≻⋈∈⊥∋≻⋈∈⊥∋≻⋈∈⊥∋≻⋈∈⊤∋≻⋈∈⊥∋≻⋈∈⊥∋⊙⊡⊣
⊢≻⋈∈⊥∋≻⋈∈⊥∋≻⋈∈⊤∋≻⋈∈⊥∋≻⋈∈⊤∋≻⋈∈⊤∋≻⋈∈⊤∋≻⋈∈⊥∋≻⋈∈⊤∋≻⋈∈⊤∋≻⋈∈⊥∋⊙⊡⊣
⊢≻⋈∈⊥∋≻⋈∈⊤∋≻⋈∈⊤∋≻⋈∈⊤∋≻⋈∈⊥∋≻⋈∈⊤∋≻⋈∈⊥∋≻⋈∈⊤∋≻⋈∈⊤∋≻⋈∈⊤∋≻⋈∈⊥∋⊙⊡⊣
⊢≻⋈∈⊤∋≻⋈∈⊥∋≻⋈∈⊥∋≻⋈∈⊥∋≻⋈∈⊥∋≻⋈∈⊥∋≻⋈∈⊥∋≻⋈∈⊤∋≻⋈∈⊤∋≻⋈∈⊥∋≻⋈∈⊥∋≻⋈∈⊥∋≻⋈∈⊥∋≻⋈∈⊤∋≻⋈∈⊤∋≻⋈∈⊥∋≻⋈∈⊥∋≻⋈∈⊥∋≻⋈∈⊥∋≻⋈∈⊤∋≻⋈∈⊤∋≻⋈∈⊥∋≻⋈∈⊥∋⊙⊡⊣
⊢≻⋈∈⊤∋≻⋈∈⊤∋≻⋈∈⊤∋≻⋈∈⊤∋≻⋈∈⊥∋≻⋈∈⊥∋≻⋈∈⊤∋≻⋈∈⊤∋≻⋈∈⊤∋≻⋈∈⊥∋⊙⊡⊣
⊢≻⋈∈⊥∋≻⋈∈⊤∋≻⋈∈⊥∋≻⋈∈⊤∋≻⋈∈⊥∋≻⋈∈⊥∋≻⋈∈⊥∋≻⋈∈⊤∋≻⋈∈⊥∋≻⋈∈⊥∋⊙⊡⊣
⊢≻⋈∈⊤∋≻⋈∈⊤∋≻⋈∈⊥∋≻⋈∈⊥∋≻⋈∈⊤∋≻⋈∈⊤∋≻⋈∈⊤∋≻⋈∈⊥∋≻⋈∈⊤∋≻⋈∈⊤∋≻⋈∈⊥∋⊙⊡⊣
⊢≻⋈∈⊥∋≻⋈∈⊥∋≻⋈∈⊤∋≻⋈∈⊤∋≻⋈∈⊥∋≻⋈∈⊤∋≻⋈∈⊥∋≻⋈∈⊤∋≻⋈∈⊤∋≻⋈∈⊤∋≻⋈∈⊥∋⊙⊡⊣
⊢≻⋈∈⊥∋≻⋈∈⊤∋≻⋈∈⊤∋≻⋈∈⊤∋≻⋈∈⊤∋≻⋈∈⊤∋≻⋈∈⊤∋≻⋈∈⊥∋≻⋈∈⊤∋≻⋈∈⊥∋≻⋈∈⊥∋≻⋈∈⊥∋≻⋈∈⊤∋≻⋈∈⊤∋≻⋈∈⊥∋≻⋈∈⊥∋≻⋈∈⊥∋≻⋈∈⊥∋≻⋈∈⊥∋≻⋈∈⊤∋≻⋈∈⊤∋≻⋈∈⊥∋≻⋈∈⊥∋⊙⊡⊣
⊢≻⋈∈⊥∋≻⋈∈⊤∋≻⋈∈⊤∋≻⋈∈⊤∋≻⋈∈⊥∋≻⋈∈⊥∋≻⋈∈⊤∋≻⋈∈⊤∋≻⋈∈⊤∋≻⋈∈⊥∋⊙⊡⊣
⊢≻⋈∈⊤∋≻⋈∈⊥∋≻⋈∈⊥∋≻⋈∈⊥∋≻⋈∈⊤∋≻⋈∈⊤∋≻⋈∈⊤∋≻⋈∈⊥∋⊙⊡⊣
⊢≻⋈∈⊤∋≻⋈∈⊥∋≻⋈∈⊤∋≻⋈∈⊤∋≻⋈∈⊥∋≻⋈∈⊥∋≻⋈∈⊥∋≻⋈∈⊤∋≻⋈∈⊥∋≻⋈∈⊥∋≻⋈∈⊥∋⊙⊡⊣
⊢≻⋈∈⊥∋≻⋈∈⊤∋≻⋈∈⊥∋≻⋈∈⊤∋≻⋈∈⊥∋≻⋈∈⊤∋≻⋈∈⊥∋≻⋈∈⊤∋≻⋈∈⊤∋≻⋈∈⊤∋≻⋈∈⊥∋⊙⊡⊣
⊢≻⋈∈⊤∋≻⋈∈⊤∋≻⋈∈⊥∋≻⋈∈⊤∋≻⋈∈⊤∋≻⋈∈⊤∋≻⋈∈⊤∋≻⋈∈⊥∋≻⋈∈⊤∋≻⋈∈⊥∋≻⋈∈⊥∋≻⋈∈⊥∋≻⋈∈⊥∋≻⋈∈⊥∋≻⋈∈⊥∋≻⋈∈⊥∋≻⋈∈⊥∋≻⋈∈⊥∋≻⋈∈⊥∋≻⋈∈⊤∋≻⋈∈⊤∋≻⋈∈⊥∋≻⋈∈⊥∋⊙⊡⊣
⊢≻⋈∈⊤∋≻⋈∈⊥∋≻⋈∈⊤∋≻⋈∈⊤∋≻⋈∈⊥∋≻⋈∈⊥∋≻⋈∈⊤∋≻⋈∈⊤∋≻⋈∈⊤∋≻⋈∈⊥∋⊙⊡⊣
⊢≻⋈∈⊤∋≻⋈∈⊥∋≻⋈∈⊥∋≻⋈∈⊥∋≻⋈∈⊤∋≻⋈∈⊤∋≻⋈∈⊤∋≻⋈∈⊥∋⊙⊡⊣
⊢≻⋈∈⊥∋≻⋈∈⊥∋≻⋈∈⊤∋≻⋈∈⊤∋≻⋈∈⊥∋≻⋈∈⊥∋≻⋈∈⊥∋≻⋈∈⊤∋≻⋈∈⊥∋≻⋈∈⊥∋≻⋈∈⊥∋⊙⊡⊣
⊢≻⋈∈⊥∋≻⋈∈⊥∋≻⋈∈⊥∋≻⋈∈⊤∋≻⋈∈⊥∋≻⋈∈⊤∋≻⋈∈⊥∋≻⋈∈⊤∋≻⋈∈⊤∋≻⋈∈⊤∋≻⋈∈⊥∋⊙⊡⊣
⊢≻⋈∈⊥∋≻⋈∈⊥∋≻⋈∈⊥∋≻⋈∈⊤∋≻⋈∈⊤∋≻⋈∈⊤∋≻⋈∈⊤∋≻⋈∈⊥∋≻⋈∈⊤∋≻⋈∈⊥∋≻⋈∈⊥∋≻⋈∈⊥∋≻⋈∈⊤∋≻⋈∈⊥∋≻⋈∈⊤∋≻⋈∈⊤∋≻⋈∈⊤∋≻⋈∈⊤∋≻⋈∈⊤∋≻⋈∈⊥∋≻⋈∈⊤∋≻⋈∈⊥∋≻⋈∈⊥∋⊙⊡⊣
⊢≻⋈∈⊥∋≻⋈∈⊥∋≻⋈∈⊤∋≻⋈∈⊤∋≻⋈∈⊥∋≻⋈∈⊥∋≻⋈∈⊤∋≻⋈∈⊤∋≻⋈∈⊤∋≻⋈∈⊥∋⊙⊡⊣
⊢≻⋈∈⊤∋≻⋈∈⊤∋≻⋈∈⊥∋≻⋈∈⊤∋≻⋈∈⊥∋≻⋈∈⊥∋≻⋈∈⊥∋≻⋈∈⊤∋≻⋈∈⊥∋≻⋈∈⊥∋⊙⊡⊣
⊢≻⋈∈⊤∋≻⋈∈⊤∋≻⋈∈⊥∋≻⋈∈⊥∋≻⋈∈⊤∋≻⋈∈⊤∋≻⋈∈⊤∋≻⋈∈⊥∋≻⋈∈⊤∋≻⋈∈⊤∋≻⋈∈⊥∋⊙⊡⊣
⊢≻⋈∈⊥∋≻⋈∈⊤∋≻⋈∈⊤∋≻⋈∈⊥∋≻⋈∈⊥∋≻⋈∈⊤∋≻⋈∈⊥∋≻⋈∈⊤∋≻⋈∈⊤∋≻⋈∈⊤∋≻⋈∈⊥∋⊙⊡⊣
⊢≻⋈∈⊤∋≻⋈∈⊥∋≻⋈∈⊤∋≻⋈∈⊥∋≻⋈∈⊤∋≻⋈∈⊤∋≻⋈∈⊤∋≻⋈∈⊥∋≻⋈∈⊤∋≻⋈∈⊥∋≻⋈∈⊥∋≻⋈∈⊥∋≻⋈∈⊥∋≻⋈∈⊤∋≻⋈∈⊥∋≻⋈∈⊤∋≻⋈∈⊤∋≻⋈∈⊤∋≻⋈∈⊤∋≻⋈∈⊥∋≻⋈∈⊤∋≻⋈∈⊥∋≻⋈∈⊥∋⊙⊡⊣
⊢≻⋈∈⊤∋≻⋈∈⊤∋≻⋈∈⊥∋≻⋈∈⊤∋≻⋈∈⊥∋≻⋈∈⊥∋≻⋈∈⊤∋≻⋈∈⊤∋≻⋈∈⊤∋≻⋈∈⊥∋⊙⊡⊣
⊢≻⋈∈⊤∋≻⋈∈⊤∋≻⋈∈⊥∋≻⋈∈⊤∋≻⋈∈⊥∋≻⋈∈⊥∋≻⋈∈⊥∋≻⋈∈⊤∋≻⋈∈⊥∋≻⋈∈⊥∋⊙⊡⊣
⊢≻⋈∈⊥∋≻⋈∈⊤∋≻⋈∈⊥∋≻⋈∈⊥∋≻⋈∈⊤∋≻⋈∈⊤∋≻⋈∈⊤∋≻⋈∈⊥∋≻⋈∈⊤∋≻⋈∈⊤∋≻⋈∈⊥∋⊙⊡⊣
⊢≻⋈∈⊥∋≻⋈∈⊥∋≻⋈∈⊤∋≻⋈∈⊥∋≻⋈∈⊥∋≻⋈∈⊤∋≻⋈∈⊥∋≻⋈∈⊤∋≻⋈∈⊤∋≻⋈∈⊤∋≻⋈∈⊥∋⊙⊡⊣
⊢≻⋈∈⊥∋≻⋈∈⊤∋≻⋈∈⊥∋≻⋈∈⊥∋≻⋈∈⊤∋≻⋈∈⊤∋≻⋈∈⊤∋≻⋈∈⊥∋≻⋈∈⊤∋≻⋈∈⊥∋≻⋈∈⊥∋≻⋈∈⊥∋≻⋈∈⊤∋≻⋈∈⊤∋≻⋈∈⊤∋≻⋈∈⊥∋≻⋈∈⊤∋≻⋈∈⊤∋≻⋈∈⊤∋≻⋈∈⊥∋≻⋈∈⊤∋≻⋈∈⊥∋≻⋈∈⊥∋⊙⊡⊣
⊢≻⋈∈⊥∋≻⋈∈⊤∋≻⋈∈⊥∋≻⋈∈⊤∋≻⋈∈⊥∋≻⋈∈⊥∋≻⋈∈⊤∋≻⋈∈⊤∋≻⋈∈⊤∋≻⋈∈⊥∋⊙⊡⊣
⊢≻⋈∈⊥∋≻⋈∈⊥∋≻⋈∈⊥∋≻⋈∈⊥∋≻⋈∈⊤∋≻⋈∈⊤∋≻⋈∈⊤∋≻⋈∈⊥∋⊙⊡⊣
⊢≻⋈∈⊥∋≻⋈∈⊤∋≻⋈∈⊤∋≻⋈∈⊤∋≻⋈∈⊥∋≻⋈∈⊥∋≻⋈∈⊥∋≻⋈∈⊤∋≻⋈∈⊥∋≻⋈∈⊥∋≻⋈∈⊥∋⊙⊡⊣
⊢≻⋈∈⊥∋≻⋈∈⊤∋≻⋈∈⊥∋≻⋈∈⊥∋≻⋈∈⊥∋≻⋈∈⊤∋≻⋈∈⊥∋≻⋈∈⊤∋≻⋈∈⊤∋≻⋈∈⊤∋≻⋈∈⊥∋⊙⊡⊣
⊢≻⋈∈⊤∋≻⋈∈⊤∋≻⋈∈⊤∋≻⋈∈⊤∋≻⋈∈⊥∋≻⋈∈⊤∋≻⋈∈⊤∋≻⋈∈⊥∋≻⋈∈⊤∋≻⋈∈⊥∋≻⋈∈⊥∋≻⋈∈⊥∋≻⋈∈⊥∋≻⋈∈⊥∋≻⋈∈⊤∋≻⋈∈⊥∋≻⋈∈⊤∋≻⋈∈⊤∋≻⋈∈⊤∋≻⋈∈⊥∋≻⋈∈⊤∋≻⋈∈⊥∋≻⋈∈⊥∋⊙⊡⊣
⊢≻⋈∈⊤∋≻⋈∈⊥∋≻⋈∈⊥∋≻⋈∈⊤∋≻⋈∈⊥∋≻⋈∈⊥∋≻⋈∈⊤∋≻⋈∈⊤∋≻⋈∈⊤∋≻⋈∈⊥∋⊙⊡⊣
⊢≻⋈∈⊥∋≻⋈∈⊥∋≻⋈∈⊥∋≻⋈∈⊥∋≻⋈∈⊤∋≻⋈∈⊤∋≻⋈∈⊤∋≻⋈∈⊥∋⊙⊡⊣
⊢≻⋈∈⊤∋≻⋈∈⊥∋≻⋈∈⊤∋≻⋈∈⊤∋≻⋈∈⊥∋≻⋈∈⊥∋≻⋈∈⊥∋≻⋈∈⊤∋≻⋈∈⊥∋≻⋈∈⊥∋≻⋈∈⊥∋⊙⊡⊣
⊢≻⋈∈⊥∋≻⋈∈⊥∋≻⋈∈⊥∋≻⋈∈⊥∋≻⋈∈⊥∋≻⋈∈⊤∋≻⋈∈⊥∋≻⋈∈⊤∋≻⋈∈⊤∋≻⋈∈⊤∋≻⋈∈⊥∋⊙⊡⊣
⊢≻⋈∈⊥∋≻⋈∈⊥∋≻⋈∈⊤∋≻⋈∈⊤∋≻⋈∈⊥∋≻⋈∈⊤∋≻⋈∈⊤∋≻⋈∈⊥∋≻⋈∈⊤∋≻⋈∈⊥∋≻⋈∈⊥∋≻⋈∈⊥∋≻⋈∈⊤∋≻⋈∈⊥∋≻⋈∈⊥∋≻⋈∈⊥∋≻⋈∈⊤∋≻⋈∈⊤∋≻⋈∈⊤∋≻⋈∈⊥∋≻⋈∈⊤∋≻⋈∈⊥∋≻⋈∈⊥∋⊙⊡⊣
⊢≻⋈∈⊥∋≻⋈∈⊥∋≻⋈∈⊥∋≻⋈∈⊤∋≻⋈∈⊥∋≻⋈∈⊥∋≻⋈∈⊤∋≻⋈∈⊤∋≻⋈∈⊤∋≻⋈∈⊥∋⊙⊡⊣
⊢≻⋈∈⊥∋≻⋈∈⊥∋≻⋈∈⊤∋≻⋈∈⊤∋≻⋈∈⊥∋≻⋈∈⊥∋≻⋈∈⊥∋≻⋈∈⊤∋≻⋈∈⊥∋≻⋈∈⊥∋⊙⊡⊣
⊢≻⋈∈⊥∋≻⋈∈⊤∋≻⋈∈⊥∋≻⋈∈⊥∋≻⋈∈⊤∋≻⋈∈⊤∋≻⋈∈⊤∋≻⋈∈⊥∋≻⋈∈⊤∋≻⋈∈⊤∋≻⋈∈⊥∋⊙⊡⊣
⊢≻⋈∈⊥∋≻⋈∈⊤∋≻⋈∈⊤∋≻⋈∈⊤∋≻⋈∈⊤∋≻⋈∈⊥∋≻⋈∈⊥∋≻⋈∈⊤∋≻⋈∈⊤∋≻⋈∈⊤∋≻⋈∈⊥∋⊙⊡⊣
⊢≻⋈∈⊤∋≻⋈∈⊥∋≻⋈∈⊥∋≻⋈∈⊤∋≻⋈∈⊥∋≻⋈∈⊤∋≻⋈∈⊤∋≻⋈∈⊥∋≻⋈∈⊤∋≻⋈∈⊥∋≻⋈∈⊥∋≻⋈∈⊥∋≻⋈∈⊥∋≻⋈∈⊤∋≻⋈∈⊤∋≻⋈∈⊤∋≻⋈∈⊥∋≻⋈∈⊤∋≻⋈∈⊤∋≻⋈∈⊥∋≻⋈∈⊤∋≻⋈∈⊥∋≻⋈∈⊥∋⊙⊡⊣
⊢≻⋈∈⊤∋≻⋈∈⊤∋≻⋈∈⊤∋≻⋈∈⊥∋≻⋈∈⊥∋≻⋈∈⊥∋≻⋈∈⊤∋≻⋈∈⊤∋≻⋈∈⊤∋≻⋈∈⊥∋⊙⊡⊣
⊢≻⋈∈⊥∋≻⋈∈⊥∋≻⋈∈⊤∋≻⋈∈⊤∋≻⋈∈⊥∋≻⋈∈⊥∋≻⋈∈⊥∋≻⋈∈⊤∋≻⋈∈⊥∋≻⋈∈⊥∋⊙⊡⊣
⊢≻⋈∈⊤∋≻⋈∈⊥∋≻⋈∈⊥∋≻⋈∈⊥∋≻⋈∈⊤∋≻⋈∈⊤∋≻⋈∈⊤∋≻⋈∈⊥∋≻⋈∈⊤∋≻⋈∈⊤∋≻⋈∈⊥∋⊙⊡⊣
⊢≻⋈∈⊥∋≻⋈∈⊥∋≻⋈∈⊤∋≻⋈∈⊤∋≻⋈∈⊤∋≻⋈∈⊥∋≻⋈∈⊥∋≻⋈∈⊤∋≻⋈∈⊤∋≻⋈∈⊤∋≻⋈∈⊥∋⊙⊡⊣
⊢≻⋈∈⊥∋≻⋈∈⊤∋≻⋈∈⊤∋≻⋈∈⊥∋≻⋈∈⊥∋≻⋈∈⊤∋≻⋈∈⊤∋≻⋈∈⊥∋≻⋈∈⊤∋≻⋈∈⊥∋≻⋈∈⊥∋≻⋈∈⊥∋≻⋈∈⊤∋≻⋈∈⊤∋≻⋈∈⊥∋≻⋈∈⊤∋≻⋈∈⊥∋≻⋈∈⊤∋≻⋈∈⊤∋≻⋈∈⊥∋≻⋈∈⊤∋≻⋈∈⊥∋≻⋈∈⊥∋⊙⊡⊣
⊢≻⋈∈⊥∋≻⋈∈⊤∋≻⋈∈⊤∋≻⋈∈⊥∋≻⋈∈⊥∋≻⋈∈⊥∋≻⋈∈⊤∋≻⋈∈⊤∋≻⋈∈⊤∋≻⋈∈⊥∋⊙⊡⊣
⊢≻⋈∈⊤∋≻⋈∈⊤∋≻⋈∈⊤∋≻⋈∈⊤∋≻⋈∈⊥∋≻⋈∈⊤∋≻⋈∈⊤∋≻⋈∈⊥∋⊙⊡⊣
⊢≻⋈∈⊤∋≻⋈∈⊤∋≻⋈∈⊤∋≻⋈∈⊤∋≻⋈∈⊥∋≻⋈∈⊥∋≻⋈∈⊥∋≻⋈∈⊤∋≻⋈∈⊥∋≻⋈∈⊥∋≻⋈∈⊥∋⊙⊡⊣
⊢≻⋈∈⊥∋≻⋈∈⊤∋≻⋈∈⊥∋≻⋈∈⊤∋≻⋈∈⊤∋≻⋈∈⊥∋≻⋈∈⊥∋≻⋈∈⊤∋≻⋈∈⊤∋≻⋈∈⊤∋≻⋈∈⊥∋⊙⊡⊣
⊢≻⋈∈⊤∋≻⋈∈⊤∋≻⋈∈⊥∋≻⋈∈⊥∋≻⋈∈⊥∋≻⋈∈⊤∋≻⋈∈⊤∋≻⋈∈⊥∋≻⋈∈⊤∋≻⋈∈⊥∋≻⋈∈⊥∋≻⋈∈⊥∋≻⋈∈⊥∋≻⋈∈⊥∋≻⋈∈⊥∋≻⋈∈⊤∋≻⋈∈⊥∋≻⋈∈⊤∋≻⋈∈⊤∋≻⋈∈⊥∋≻⋈∈⊤∋≻⋈∈⊥∋≻⋈∈⊥∋⊙⊡⊣
⊢≻⋈∈⊤∋≻⋈∈⊥∋≻⋈∈⊤∋≻⋈∈⊥∋≻⋈∈⊥∋≻⋈∈⊥∋≻⋈∈⊤∋≻⋈∈⊤∋≻⋈∈⊤∋≻⋈∈⊥∋⊙⊡⊣
⊢≻⋈∈⊤∋≻⋈∈⊤∋≻⋈∈⊤∋≻⋈∈⊤∋≻⋈∈⊥∋≻⋈∈⊤∋≻⋈∈⊤∋≻⋈∈⊥∋⊙⊡⊣
⊢≻⋈∈⊥∋≻⋈∈⊤∋≻⋈∈⊤∋≻⋈∈⊤∋≻⋈∈⊥∋≻⋈∈⊥∋≻⋈∈⊥∋≻⋈∈⊤∋≻⋈∈⊥∋≻⋈∈⊥∋≻⋈∈⊥∋⊙⊡⊣
⊢≻⋈∈⊥∋≻⋈∈⊥∋≻⋈∈⊥∋≻⋈∈⊤∋≻⋈∈⊤∋≻⋈∈⊥∋≻⋈∈⊥∋≻⋈∈⊤∋≻⋈∈⊤∋≻⋈∈⊤∋≻⋈∈⊥∋⊙⊡⊣
⊢≻⋈∈⊥∋≻⋈∈⊥∋≻⋈∈⊥∋≻⋈∈⊥∋≻⋈∈⊥∋≻⋈∈⊤∋≻⋈∈⊤∋≻⋈∈⊥∋≻⋈∈⊤∋≻⋈∈⊥∋≻⋈∈⊥∋≻⋈∈⊥∋≻⋈∈⊤∋≻⋈∈⊥∋≻⋈∈⊤∋≻⋈∈⊥∋≻⋈∈⊥∋≻⋈∈⊤∋≻⋈∈⊤∋≻⋈∈⊥∋≻⋈∈⊤∋≻⋈∈⊥∋≻⋈∈⊥∋⊙⊡⊣
⊢≻⋈∈⊥∋≻⋈∈⊥∋≻⋈∈⊤∋≻⋈∈⊥∋≻⋈∈⊥∋≻⋈∈⊥∋≻⋈∈⊤∋≻⋈∈⊤∋≻⋈∈⊤∋≻⋈∈⊥∋⊙⊡⊣
⊢≻⋈∈⊤∋≻⋈∈⊥∋≻⋈∈⊤∋≻⋈∈⊤∋≻⋈∈⊥∋≻⋈∈⊥∋≻⋈∈⊥∋≻⋈∈⊤∋≻⋈∈⊥∋≻⋈∈⊥∋⊙⊡⊣
⊢≻⋈∈⊤∋≻⋈∈⊥∋≻⋈∈⊥∋≻⋈∈⊥∋≻⋈∈⊤∋≻⋈∈⊤∋≻⋈∈⊤∋≻⋈∈⊥∋≻⋈∈⊤∋≻⋈∈⊤∋≻⋈∈⊥∋⊙⊡⊣
⊢≻⋈∈⊥∋≻⋈∈⊤∋≻⋈∈⊤∋≻⋈∈⊥∋≻⋈∈⊤∋≻⋈∈⊥∋≻⋈∈⊥∋≻⋈∈⊤∋≻⋈∈⊤∋≻⋈∈⊤∋≻⋈∈⊥∋⊙⊡⊣
⊢≻⋈∈⊤∋≻⋈∈⊥∋≻⋈∈⊤∋≻⋈∈⊤∋≻⋈∈⊤∋≻⋈∈⊥∋≻⋈∈⊤∋≻⋈∈⊥∋≻⋈∈⊤∋≻⋈∈⊥∋≻⋈∈⊥∋≻⋈∈⊥∋≻⋈∈⊥∋≻⋈∈⊤∋≻⋈∈⊥∋≻⋈∈⊥∋≻⋈∈⊥∋≻⋈∈⊤∋≻⋈∈⊤∋≻⋈∈⊥∋≻⋈∈⊤∋≻⋈∈⊥∋≻⋈∈⊥∋⊙⊡⊣
⊢≻⋈∈⊤∋≻⋈∈⊤∋≻⋈∈⊥∋≻⋈∈⊥∋≻⋈∈⊥∋≻⋈∈⊥∋≻⋈∈⊤∋≻⋈∈⊤∋≻⋈∈⊤∋≻⋈∈⊥∋⊙⊡⊣
⊢≻⋈∈⊤∋≻⋈∈⊥∋≻⋈∈⊤∋≻⋈∈⊤∋≻⋈∈⊥∋≻⋈∈⊥∋≻⋈∈⊥∋≻⋈∈⊤∋≻⋈∈⊥∋≻⋈∈⊥∋⊙⊡⊣
⊢≻⋈∈⊥∋≻⋈∈⊥∋≻⋈∈⊥∋≻⋈∈⊥∋≻⋈∈⊤∋≻⋈∈⊤∋≻⋈∈⊤∋≻⋈∈⊥∋≻⋈∈⊤∋≻⋈∈⊤∋≻⋈∈⊥∋⊙⊡⊣
⊢≻⋈∈⊥∋≻⋈∈⊥∋≻⋈∈⊤∋≻⋈∈⊥∋≻⋈∈⊤∋≻⋈∈⊥∋≻⋈∈⊥∋≻⋈∈⊤∋≻⋈∈⊤∋≻⋈∈⊤∋≻⋈∈⊥∋⊙⊡⊣
⊢≻⋈∈⊥∋≻⋈∈⊤∋≻⋈∈⊥∋≻⋈∈⊤∋≻⋈∈⊤∋≻⋈∈⊥∋≻⋈∈⊤∋≻⋈∈⊥∋≻⋈∈⊤∋≻⋈∈⊥∋≻⋈∈⊥∋≻⋈∈⊥∋≻⋈∈⊤∋≻⋈∈⊤∋≻⋈∈⊤∋≻⋈∈⊤∋≻⋈∈⊤∋≻⋈∈⊥∋≻⋈∈⊤∋≻⋈∈⊥∋≻⋈∈⊤∋≻⋈∈⊥∋≻⋈∈⊥∋⊙⊡⊣
⊢≻⋈∈⊥∋≻⋈∈⊤∋≻⋈∈⊥∋≻⋈∈⊥∋≻⋈∈⊥∋≻⋈∈⊥∋≻⋈∈⊤∋≻⋈∈⊤∋≻⋈∈⊤∋≻⋈∈⊥∋⊙⊡⊣
⊢≻⋈∈⊥∋≻⋈∈⊤∋≻⋈∈⊤∋≻⋈∈⊤∋≻⋈∈⊥∋≻⋈∈⊤∋≻⋈∈⊤∋≻⋈∈⊥∋⊙⊡⊣
⊢≻⋈∈⊥∋≻⋈∈⊥∋≻⋈∈⊥∋≻⋈∈⊥∋≻⋈∈⊤∋≻⋈∈⊥∋≻⋈∈⊥∋≻⋈∈⊤∋≻⋈∈⊥∋≻⋈∈⊥∋≻⋈∈⊥∋⊙⊡⊣
⊢≻⋈∈⊥∋≻⋈∈⊤∋≻⋈∈⊥∋≻⋈∈⊥∋≻⋈∈⊤∋≻⋈∈⊥∋≻⋈∈⊥∋≻⋈∈⊤∋≻⋈∈⊤∋≻⋈∈⊤∋≻⋈∈⊥∋⊙⊡⊣
⊢≻⋈∈⊤∋≻⋈∈⊤∋≻⋈∈⊤∋≻⋈∈⊥∋≻⋈∈⊤∋≻⋈∈⊥∋≻⋈∈⊤∋≻⋈∈⊥∋≻⋈∈⊤∋≻⋈∈⊥∋≻⋈∈⊥∋≻⋈∈⊥∋≻⋈∈⊥∋≻⋈∈⊥∋≻⋈∈⊤∋≻⋈∈⊤∋≻⋈∈⊤∋≻⋈∈⊥∋≻⋈∈⊤∋≻⋈∈⊥∋≻⋈∈⊤∋≻⋈∈⊥∋≻⋈∈⊥∋⊙⊡⊣
⊢≻⋈∈⊤∋≻⋈∈⊥∋≻⋈∈⊥∋≻⋈∈⊥∋≻⋈∈⊥∋≻⋈∈⊥∋≻⋈∈⊤∋≻⋈∈⊤∋≻⋈∈⊤∋≻⋈∈⊥∋⊙⊡⊣
⊢≻⋈∈⊥∋≻⋈∈⊤∋≻⋈∈⊤∋≻⋈∈⊤∋≻⋈∈⊥∋≻⋈∈⊤∋≻⋈∈⊤∋≻⋈∈⊥∋⊙⊡⊣
⊢≻⋈∈⊤∋≻⋈∈⊤∋≻⋈∈⊤∋≻⋈∈⊤∋≻⋈∈⊥∋≻⋈∈⊥∋≻⋈∈⊥∋≻⋈∈⊤∋≻⋈∈⊥∋≻⋈∈⊥∋≻⋈∈⊥∋⊙⊡⊣
⊢≻⋈∈⊥∋≻⋈∈⊥∋≻⋈∈⊥∋≻⋈∈⊥∋≻⋈∈⊤∋≻⋈∈⊥∋≻⋈∈⊥∋≻⋈∈⊤∋≻⋈∈⊤∋≻⋈∈⊤∋≻⋈∈⊥∋⊙⊡⊣
⊢≻⋈∈⊥∋≻⋈∈⊥∋≻⋈∈⊤∋≻⋈∈⊥∋≻⋈∈⊤∋≻⋈∈⊥∋≻⋈∈⊤∋≻⋈∈⊥∋≻⋈∈⊤∋≻⋈∈⊥∋≻⋈∈⊥∋≻⋈∈⊥∋≻⋈∈⊤∋≻⋈∈⊥∋≻⋈∈⊥∋≻⋈∈⊤∋≻⋈∈⊤∋≻⋈∈⊥∋≻⋈∈⊤∋≻⋈∈⊥∋≻⋈∈⊤∋≻⋈∈⊥∋≻⋈∈⊥∋⊙⊡⊣
⊢≻⋈∈⊥∋≻⋈∈⊥∋≻⋈∈⊥∋≻⋈∈⊥∋≻⋈∈⊥∋≻⋈∈⊥∋≻⋈∈⊤∋≻⋈∈⊤∋≻⋈∈⊤∋≻⋈∈⊥∋⊙⊡⊣
⊢≻⋈∈⊥∋≻⋈∈⊤∋≻⋈∈⊤∋≻⋈∈⊤∋≻⋈∈⊥∋≻⋈∈⊥∋≻⋈∈⊥∋≻⋈∈⊤∋≻⋈∈⊥∋≻⋈∈⊥∋⊙⊡⊣
⊢≻⋈∈⊥∋≻⋈∈⊥∋≻⋈∈⊥∋≻⋈∈⊥∋≻⋈∈⊤∋≻⋈∈⊤∋≻⋈∈⊤∋≻⋈∈⊥∋≻⋈∈⊤∋≻⋈∈⊤∋≻⋈∈⊥∋⊙⊡⊣
⊢≻⋈∈⊥∋≻⋈∈⊤∋≻⋈∈⊤∋≻⋈∈⊤∋≻⋈∈⊥∋≻⋈∈⊥∋≻⋈∈⊥∋≻⋈∈⊤∋≻⋈∈⊤∋≻⋈∈⊤∋≻⋈∈⊥∋⊙⊡⊣
⊢≻⋈∈⊤∋≻⋈∈⊥∋≻⋈∈⊥∋≻⋈∈⊥∋≻⋈∈⊤∋≻⋈∈⊥∋≻⋈∈⊤∋≻⋈∈⊥∋≻⋈∈⊤∋≻⋈∈⊥∋≻⋈∈⊥∋≻⋈∈⊥∋≻⋈∈⊥∋≻⋈∈⊤∋≻⋈∈⊤∋≻⋈∈⊥∋≻⋈∈⊤∋≻⋈∈⊥∋≻⋈∈⊤∋≻⋈∈⊥∋≻⋈∈⊤∋≻⋈∈⊥∋≻⋈∈⊥∋⊙⊡⊣
⊢≻⋈∈⊤∋≻⋈∈⊤∋≻⋈∈⊤∋≻⋈∈⊤∋≻⋈∈⊤∋≻⋈∈⊤∋≻⋈∈⊥∋≻⋈∈⊤∋≻⋈∈⊤∋≻⋈∈⊥∋⊙⊡⊣
⊢≻⋈∈⊥∋≻⋈∈⊤∋≻⋈∈⊤∋≻⋈∈⊤∋≻⋈∈⊥∋≻⋈∈⊥∋≻⋈∈⊥∋≻⋈∈⊤∋≻⋈∈⊥∋≻⋈∈⊥∋⊙⊡⊣
⊢≻⋈∈⊤∋≻⋈∈⊤∋≻⋈∈⊤∋≻⋈∈⊤∋≻⋈∈⊥∋≻⋈∈⊤∋≻⋈∈⊤∋≻⋈∈⊥∋≻⋈∈⊤∋≻⋈∈⊤∋≻⋈∈⊥∋⊙⊡⊣
⊢≻⋈∈⊥∋≻⋈∈⊥∋≻⋈∈⊤∋≻⋈∈⊤∋≻⋈∈⊥∋≻⋈∈⊥∋≻⋈∈⊥∋≻⋈∈⊤∋≻⋈∈⊤∋≻⋈∈⊤∋≻⋈∈⊥∋⊙⊡⊣
⊢≻⋈∈⊥∋≻⋈∈⊤∋≻⋈∈⊤∋≻⋈∈⊤∋≻⋈∈⊥∋≻⋈∈⊥∋≻⋈∈⊤∋≻⋈∈⊥∋≻⋈∈⊤∋≻⋈∈⊥∋≻⋈∈⊥∋≻⋈∈⊥∋≻⋈∈⊤∋≻⋈∈⊤∋≻⋈∈⊥∋≻⋈∈⊥∋≻⋈∈⊤∋≻⋈∈⊥∋≻⋈∈⊤∋≻⋈∈⊥∋≻⋈∈⊤∋≻⋈∈⊥∋≻⋈∈⊥∋⊙⊡⊣
⊢≻⋈∈⊥∋≻⋈∈⊤∋≻⋈∈⊤∋≻⋈∈⊤∋≻⋈∈⊤∋≻⋈∈⊤∋≻⋈∈⊥∋≻⋈∈⊤∋≻⋈∈⊤∋≻⋈∈⊥∋⊙⊡⊣
⊢≻⋈∈⊤∋≻⋈∈⊥∋≻⋈∈⊤∋≻⋈∈⊤∋≻⋈∈⊥∋≻⋈∈⊤∋≻⋈∈⊤∋≻⋈∈⊥∋⊙⊡⊣
⊢≻⋈∈⊤∋≻⋈∈⊥∋≻⋈∈⊥∋≻⋈∈⊥∋≻⋈∈⊤∋≻⋈∈⊥∋≻⋈∈⊥∋≻⋈∈⊤∋≻⋈∈⊥∋≻⋈∈⊥∋≻⋈∈⊥∋⊙⊡⊣
⊢≻⋈∈⊥∋≻⋈∈⊤∋≻⋈∈⊥∋≻⋈∈⊤∋≻⋈∈⊥∋≻⋈∈⊥∋≻⋈∈⊥∋≻⋈∈⊤∋≻⋈∈⊤∋≻⋈∈⊤∋≻⋈∈⊥∋⊙⊡⊣
⊢≻⋈∈⊤∋≻⋈∈⊤∋≻⋈∈⊥∋≻⋈∈⊤∋≻⋈∈⊥∋≻⋈∈⊥∋≻⋈∈⊤∋≻⋈∈⊥∋≻⋈∈⊤∋≻⋈∈⊥∋≻⋈∈⊥∋≻⋈∈⊥∋≻⋈∈⊥∋≻⋈∈⊥∋≻⋈∈⊥∋≻⋈∈⊥∋≻⋈∈⊤∋≻⋈∈⊥∋≻⋈∈⊤∋≻⋈∈⊥∋≻⋈∈⊤∋≻⋈∈⊥∋≻⋈∈⊥∋⊙⊡⊣
⊢≻⋈∈⊤∋≻⋈∈⊥∋≻⋈∈⊤∋≻⋈∈⊤∋≻⋈∈⊤∋≻⋈∈⊤∋≻⋈∈⊥∋≻⋈∈⊤∋≻⋈∈⊤∋≻⋈∈⊥∋⊙⊡⊣
⊢≻⋈∈⊤∋≻⋈∈⊥∋≻⋈∈⊤∋≻⋈∈⊤∋≻⋈∈⊥∋≻⋈∈⊤∋≻⋈∈⊤∋≻⋈∈⊥∋⊙⊡⊣
⊢≻⋈∈⊥∋≻⋈∈⊥∋≻⋈∈⊥∋≻⋈∈⊥∋≻⋈∈⊤∋≻⋈∈⊥∋≻⋈∈⊥∋≻⋈∈⊤∋≻⋈∈⊥∋≻⋈∈⊥∋≻⋈∈⊥∋⊙⊡⊣
⊢≻⋈∈⊥∋≻⋈∈⊥∋≻⋈∈⊥∋≻⋈∈⊤∋≻⋈∈⊥∋≻⋈∈⊥∋≻⋈∈⊥∋≻⋈∈⊤∋≻⋈∈⊤∋≻⋈∈⊤∋≻⋈∈⊥∋⊙⊡⊣
⊢≻⋈∈⊥∋≻⋈∈⊥∋≻⋈∈⊥∋≻⋈∈⊤∋≻⋈∈⊥∋≻⋈∈⊥∋≻⋈∈⊤∋≻⋈∈⊥∋≻⋈∈⊤∋≻⋈∈⊥∋≻⋈∈⊥∋≻⋈∈⊥∋≻⋈∈⊤∋≻⋈∈⊥∋≻⋈∈⊤∋≻⋈∈⊤∋≻⋈∈⊥∋≻⋈∈⊥∋≻⋈∈⊤∋≻⋈∈⊥∋≻⋈∈⊤∋≻⋈∈⊥∋≻⋈∈⊥∋⊙⊡⊣
⊢≻⋈∈⊥∋≻⋈∈⊥∋≻⋈∈⊤∋≻⋈∈⊤∋≻⋈∈⊤∋≻⋈∈⊤∋≻⋈∈⊥∋≻⋈∈⊤∋≻⋈∈⊤∋≻⋈∈⊥∋⊙⊡⊣
⊢≻⋈∈⊤∋≻⋈∈⊤∋≻⋈∈⊤∋≻⋈∈⊤∋≻⋈∈⊥∋≻⋈∈⊥∋≻⋈∈⊥∋≻⋈∈⊤∋≻⋈∈⊥∋≻⋈∈⊥∋⊙⊡⊣
⊢≻⋈∈⊤∋≻⋈∈⊤∋≻⋈∈⊤∋≻⋈∈⊤∋≻⋈∈⊥∋≻⋈∈⊤∋≻⋈∈⊤∋≻⋈∈⊥∋≻⋈∈⊤∋≻⋈∈⊤∋≻⋈∈⊥∋⊙⊡⊣
⊢≻⋈∈⊥∋≻⋈∈⊤∋≻⋈∈⊤∋≻⋈∈⊥∋≻⋈∈⊥∋≻⋈∈⊥∋≻⋈∈⊥∋≻⋈∈⊤∋≻⋈∈⊤∋≻⋈∈⊤∋≻⋈∈⊥∋⊙⊡⊣
⊢≻⋈∈⊤∋≻⋈∈⊥∋≻⋈∈⊤∋≻⋈∈⊥∋≻⋈∈⊥∋≻⋈∈⊥∋≻⋈∈⊤∋≻⋈∈⊥∋≻⋈∈⊤∋≻⋈∈⊥∋≻⋈∈⊥∋≻⋈∈⊥∋≻⋈∈⊥∋≻⋈∈⊤∋≻⋈∈⊥∋≻⋈∈⊤∋≻⋈∈⊥∋≻⋈∈⊥∋≻⋈∈⊤∋≻⋈∈⊥∋≻⋈∈⊤∋≻⋈∈⊥∋≻⋈∈⊥∋⊙⊡⊣
⊢≻⋈∈⊤∋≻⋈∈⊤∋≻⋈∈⊥∋≻⋈∈⊤∋≻⋈∈⊤∋≻⋈∈⊤∋≻⋈∈⊥∋≻⋈∈⊤∋≻⋈∈⊤∋≻⋈∈⊥∋⊙⊡⊣
⊢≻⋈∈⊤∋≻⋈∈⊤∋≻⋈∈⊤∋≻⋈∈⊤∋≻⋈∈⊥∋≻⋈∈⊥∋≻⋈∈⊥∋≻⋈∈⊤∋≻⋈∈⊥∋≻⋈∈⊥∋⊙⊡⊣
⊢≻⋈∈⊥∋≻⋈∈⊤∋≻⋈∈⊤∋≻⋈∈⊤∋≻⋈∈⊥∋≻⋈∈⊤∋≻⋈∈⊤∋≻⋈∈⊥∋≻⋈∈⊤∋≻⋈∈⊤∋≻⋈∈⊥∋⊙⊡⊣
⊢≻⋈∈⊥∋≻⋈∈⊥∋≻⋈∈⊤∋≻⋈∈⊥∋≻⋈∈⊥∋≻⋈∈⊥∋≻⋈∈⊥∋≻⋈∈⊤∋≻⋈∈⊤∋≻⋈∈⊤∋≻⋈∈⊥∋⊙⊡⊣
⊢≻⋈∈⊥∋≻⋈∈⊤∋≻⋈∈⊥∋≻⋈∈⊥∋≻⋈∈⊥∋≻⋈∈⊥∋≻⋈∈⊤∋≻⋈∈⊥∋≻⋈∈⊤∋≻⋈∈⊥∋≻⋈∈⊥∋≻⋈∈⊥∋≻⋈∈⊤∋≻⋈∈⊤∋≻⋈∈⊤∋≻⋈∈⊥∋≻⋈∈⊥∋≻⋈∈⊥∋≻⋈∈⊤∋≻⋈∈⊥∋≻⋈∈⊤∋≻⋈∈⊥∋≻⋈∈⊥∋⊙⊡⊣
⊢≻⋈∈⊥∋≻⋈∈⊤∋≻⋈∈⊥∋≻⋈∈⊤∋≻⋈∈⊤∋≻⋈∈⊤∋≻⋈∈⊥∋≻⋈∈⊤∋≻⋈∈⊤∋≻⋈∈⊥∋⊙⊡⊣
⊢≻⋈∈⊥∋≻⋈∈⊥∋≻⋈∈⊤∋≻⋈∈⊤∋≻⋈∈⊥∋≻⋈∈⊤∋≻⋈∈⊤∋≻⋈∈⊥∋⊙⊡⊣
⊢≻⋈∈⊥∋≻⋈∈⊤∋≻⋈∈⊥∋≻⋈∈⊥∋≻⋈∈⊤∋≻⋈∈⊥∋≻⋈∈⊥∋≻⋈∈⊤∋≻⋈∈⊥∋≻⋈∈⊥∋≻⋈∈⊥∋⊙⊡⊣
⊢≻⋈∈⊥∋≻⋈∈⊤∋≻⋈∈⊥∋≻⋈∈⊥∋≻⋈∈⊥∋≻⋈∈⊥∋≻⋈∈⊥∋≻⋈∈⊤∋≻⋈∈⊤∋≻⋈∈⊤∋≻⋈∈⊥∋⊙⊡⊣
⊢≻⋈∈⊤∋≻⋈∈⊤∋≻⋈∈⊤∋≻⋈∈⊤∋≻⋈∈⊤∋≻⋈∈⊤∋≻⋈∈⊥∋≻⋈∈⊥∋≻⋈∈⊤∋≻⋈∈⊥∋≻⋈∈⊥∋≻⋈∈⊥∋≻⋈∈⊥∋≻⋈∈⊥∋≻⋈∈⊤∋≻⋈∈⊥∋≻⋈∈⊥∋≻⋈∈⊥∋≻⋈∈⊤∋≻⋈∈⊥∋≻⋈∈⊤∋≻⋈∈⊥∋≻⋈∈⊥∋⊙⊡⊣
⊢≻⋈∈⊤∋≻⋈∈⊥∋≻⋈∈⊥∋≻⋈∈⊤∋≻⋈∈⊤∋≻⋈∈⊤∋≻⋈∈⊥∋≻⋈∈⊤∋≻⋈∈⊤∋≻⋈∈⊥∋⊙⊡⊣
⊢≻⋈∈⊥∋≻⋈∈⊥∋≻⋈∈⊤∋≻⋈∈⊤∋≻⋈∈⊥∋≻⋈∈⊤∋≻⋈∈⊤∋≻⋈∈⊥∋⊙⊡⊣
⊢≻⋈∈⊤∋≻⋈∈⊥∋≻⋈∈⊥∋≻⋈∈⊥∋≻⋈∈⊤∋≻⋈∈⊥∋≻⋈∈⊥∋≻⋈∈⊤∋≻⋈∈⊥∋≻⋈∈⊥∋≻⋈∈⊥∋⊙⊡⊣
⊢≻⋈∈⊥∋≻⋈∈⊥∋≻⋈∈⊥∋≻⋈∈⊥∋≻⋈∈⊥∋≻⋈∈⊥∋≻⋈∈⊥∋≻⋈∈⊤∋≻⋈∈⊤∋≻⋈∈⊤∋≻⋈∈⊥∋⊙⊡⊣
⊢≻⋈∈⊥∋≻⋈∈⊥∋≻⋈∈⊤∋≻⋈∈⊤∋≻⋈∈⊤∋≻⋈∈⊤∋≻⋈∈⊥∋≻⋈∈⊥∋≻⋈∈⊤∋≻⋈∈⊥∋≻⋈∈⊥∋≻⋈∈⊥∋≻⋈∈⊤∋≻⋈∈⊥∋≻⋈∈⊥∋≻⋈∈⊥∋≻⋈∈⊥∋≻⋈∈⊥∋≻⋈∈⊤∋≻⋈∈⊥∋≻⋈∈⊤∋≻⋈∈⊥∋≻⋈∈⊥∋⊙⊡⊣
⊢≻⋈∈⊥∋≻⋈∈⊥∋≻⋈∈⊥∋≻⋈∈⊤∋≻⋈∈⊤∋≻⋈∈⊤∋≻⋈∈⊥∋≻⋈∈⊤∋≻⋈∈⊤∋≻⋈∈⊥∋⊙⊡⊣
⊢≻⋈∈⊥∋≻⋈∈⊥∋≻⋈∈⊥∋≻⋈∈⊥∋≻⋈∈⊤∋≻⋈∈⊥∋≻⋈∈⊥∋≻⋈∈⊤∋≻⋈∈⊥∋≻⋈∈⊥∋⊙⊡⊣
⊢≻⋈∈⊥∋≻⋈∈⊤∋≻⋈∈⊤∋≻⋈∈⊤∋≻⋈∈⊥∋≻⋈∈⊤∋≻⋈∈⊤∋≻⋈∈⊥∋≻⋈∈⊤∋≻⋈∈⊤∋≻⋈∈⊥∋⊙⊡⊣
⊢≻⋈∈⊥∋≻⋈∈⊤∋≻⋈∈⊤∋≻⋈∈⊤∋≻⋈∈⊤∋≻⋈∈⊤∋≻⋈∈⊤∋≻⋈∈⊥∋≻⋈∈⊤∋≻⋈∈⊤∋≻⋈∈⊥∋⊙⊡⊣
⊢≻⋈∈⊤∋≻⋈∈⊥∋≻⋈∈⊥∋≻⋈∈⊤∋≻⋈∈⊤∋≻⋈∈⊤∋≻⋈∈⊥∋≻⋈∈⊥∋≻⋈∈⊤∋≻⋈∈⊥∋≻⋈∈⊥∋≻⋈∈⊥∋≻⋈∈⊥∋≻⋈∈⊤∋≻⋈∈⊤∋≻⋈∈⊤∋≻⋈∈⊤∋≻⋈∈⊤∋≻⋈∈⊥∋≻⋈∈⊥∋≻⋈∈⊤∋≻⋈∈⊥∋≻⋈∈⊥∋⊙⊡⊣
⊢≻⋈∈⊤∋≻⋈∈⊤∋≻⋈∈⊤∋≻⋈∈⊥∋≻⋈∈⊤∋≻⋈∈⊤∋≻⋈∈⊥∋≻⋈∈⊤∋≻⋈∈⊤∋≻⋈∈⊥∋⊙⊡⊣
⊢≻⋈∈⊥∋≻⋈∈⊥∋≻⋈∈⊥∋≻⋈∈⊥∋≻⋈∈⊤∋≻⋈∈⊥∋≻⋈∈⊥∋≻⋈∈⊤∋≻⋈∈⊥∋≻⋈∈⊥∋⊙⊡⊣
⊢≻⋈∈⊤∋≻⋈∈⊥∋≻⋈∈⊤∋≻⋈∈⊤∋≻⋈∈⊥∋≻⋈∈⊤∋≻⋈∈⊤∋≻⋈∈⊥∋≻⋈∈⊤∋≻⋈∈⊤∋≻⋈∈⊥∋⊙⊡⊣
⊢≻⋈∈⊥∋≻⋈∈⊥∋≻⋈∈⊤∋≻⋈∈⊤∋≻⋈∈⊤∋≻⋈∈⊤∋≻⋈∈⊤∋≻⋈∈⊥∋≻⋈∈⊤∋≻⋈∈⊤∋≻⋈∈⊥∋⊙⊡⊣
⊢≻⋈∈⊥∋≻⋈∈⊤∋≻⋈∈⊤∋≻⋈∈⊥∋≻⋈∈⊤∋≻⋈∈⊤∋≻⋈∈⊥∋≻⋈∈⊥∋≻⋈∈⊤∋≻⋈∈⊥∋≻⋈∈⊥∋≻⋈∈⊥∋≻⋈∈⊤∋≻⋈∈⊤∋≻⋈∈⊥∋≻⋈∈⊤∋≻⋈∈⊤∋≻⋈∈⊤∋≻⋈∈⊥∋≻⋈∈⊥∋≻⋈∈⊤∋≻⋈∈⊥∋≻⋈∈⊥∋⊙⊡⊣
⊢≻⋈∈⊥∋≻⋈∈⊤∋≻⋈∈⊤∋≻⋈∈⊥∋≻⋈∈⊤∋≻⋈∈⊤∋≻⋈∈⊥∋≻⋈∈⊤∋≻⋈∈⊤∋≻⋈∈⊥∋⊙⊡⊣
⊢≻⋈∈⊤∋≻⋈∈⊤∋≻⋈∈⊥∋≻⋈∈⊤∋≻⋈∈⊥∋≻⋈∈⊤∋≻⋈∈⊤∋≻⋈∈⊥∋⊙⊡⊣
⊢≻⋈∈⊤∋≻⋈∈⊤∋≻⋈∈⊥∋≻⋈∈⊥∋≻⋈∈⊤∋≻⋈∈⊥∋≻⋈∈⊥∋≻⋈∈⊤∋≻⋈∈⊥∋≻⋈∈⊥∋≻⋈∈⊥∋⊙⊡⊣
⊢≻⋈∈⊥∋≻⋈∈⊤∋≻⋈∈⊥∋≻⋈∈⊤∋≻⋈∈⊤∋≻⋈∈⊤∋≻⋈∈⊤∋≻⋈∈⊥∋≻⋈∈⊤∋≻⋈∈⊤∋≻⋈∈⊥∋⊙⊡⊣
⊢≻⋈∈⊤∋≻⋈∈⊤∋≻⋈∈⊥∋≻⋈∈⊥∋≻⋈∈⊤∋≻⋈∈⊤∋≻⋈∈⊥∋≻⋈∈⊥∋≻⋈∈⊤∋≻⋈∈⊥∋≻⋈∈⊥∋≻⋈∈⊥∋≻⋈∈⊥∋≻⋈∈⊥∋≻⋈∈⊥∋≻⋈∈⊤∋≻⋈∈⊤∋≻⋈∈⊤∋≻⋈∈⊥∋≻⋈∈⊥∋≻⋈∈⊤∋≻⋈∈⊥∋≻⋈∈⊥∋⊙⊡⊣
⊢≻⋈∈⊤∋≻⋈∈⊥∋≻⋈∈⊤∋≻⋈∈⊥∋≻⋈∈⊤∋≻⋈∈⊤∋≻⋈∈⊥∋≻⋈∈⊤∋≻⋈∈⊤∋≻⋈∈⊥∋⊙⊡⊣
⊢≻⋈∈⊤∋≻⋈∈⊤∋≻⋈∈⊥∋≻⋈∈⊤∋≻⋈∈⊥∋≻⋈∈⊤∋≻⋈∈⊤∋≻⋈∈⊥∋⊙⊡⊣
⊢≻⋈∈⊥∋≻⋈∈⊤∋≻⋈∈⊥∋≻⋈∈⊥∋≻⋈∈⊤∋≻⋈∈⊥∋≻⋈∈⊥∋≻⋈∈⊤∋≻⋈∈⊥∋≻⋈∈⊥∋≻⋈∈⊥∋⊙⊡⊣
⊢≻⋈∈⊥∋≻⋈∈⊥∋≻⋈∈⊥∋≻⋈∈⊤∋≻⋈∈⊤∋≻⋈∈⊤∋≻⋈∈⊤∋≻⋈∈⊥∋≻⋈∈⊤∋≻⋈∈⊤∋≻⋈∈⊥∋⊙⊡⊣
⊢≻⋈∈⊥∋≻⋈∈⊥∋≻⋈∈⊥∋≻⋈∈⊥∋≻⋈∈⊤∋≻⋈∈⊤∋≻⋈∈⊥∋≻⋈∈⊥∋≻⋈∈⊤∋≻⋈∈⊥∋≻⋈∈⊥∋≻⋈∈⊥∋≻⋈∈⊤∋≻⋈∈⊥∋≻⋈∈⊤∋≻⋈∈⊥∋≻⋈∈⊤∋≻⋈∈⊤∋≻⋈∈⊥∋≻⋈∈⊥∋≻⋈∈⊤∋≻⋈∈⊥∋≻⋈∈⊥∋⊙⊡⊣
⊢≻⋈∈⊥∋≻⋈∈⊥∋≻⋈∈⊤∋≻⋈∈⊥∋≻⋈∈⊤∋≻⋈∈⊤∋≻⋈∈⊥∋≻⋈∈⊤∋≻⋈∈⊤∋≻⋈∈⊥∋⊙⊡⊣
⊢≻⋈∈⊤∋≻⋈∈⊥∋≻⋈∈⊥∋≻⋈∈⊥∋≻⋈∈⊤∋≻⋈∈⊥∋≻⋈∈⊥∋≻⋈∈⊤∋≻⋈∈⊥∋≻⋈∈⊥∋⊙⊡⊣
⊢≻⋈∈⊤∋≻⋈∈⊥∋≻⋈∈⊤∋≻⋈∈⊤∋≻⋈∈⊥∋≻⋈∈⊤∋≻⋈∈⊤∋≻⋈∈⊥∋≻⋈∈⊤∋≻⋈∈⊤∋≻⋈∈⊥∋⊙⊡⊣
⊢≻⋈∈⊥∋≻⋈∈⊤∋≻⋈∈⊤∋≻⋈∈⊥∋≻⋈∈⊤∋≻⋈∈⊤∋≻⋈∈⊤∋≻⋈∈⊥∋≻⋈∈⊤∋≻⋈∈⊤∋≻⋈∈⊥∋⊙⊡⊣
⊢≻⋈∈⊤∋≻⋈∈⊥∋≻⋈∈⊤∋≻⋈∈⊤∋≻⋈∈⊥∋≻⋈∈⊤∋≻⋈∈⊥∋≻⋈∈⊥∋≻⋈∈⊤∋≻⋈∈⊥∋≻⋈∈⊥∋≻⋈∈⊥∋≻⋈∈⊥∋≻⋈∈⊤∋≻⋈∈⊥∋≻⋈∈⊥∋≻⋈∈⊤∋≻⋈∈⊤∋≻⋈∈⊥∋≻⋈∈⊥∋≻⋈∈⊤∋≻⋈∈⊥∋≻⋈∈⊥∋⊙⊡⊣
⊢≻⋈∈⊤∋≻⋈∈⊤∋≻⋈∈⊥∋≻⋈∈⊥∋≻⋈∈⊤∋≻⋈∈⊤∋≻⋈∈⊥∋≻⋈∈⊤∋≻⋈∈⊤∋≻⋈∈⊥∋⊙⊡⊣
⊢≻⋈∈⊤∋≻⋈∈⊥∋≻⋈∈⊥∋≻⋈∈⊥∋≻⋈∈⊤∋≻⋈∈⊥∋≻⋈∈⊥∋≻⋈∈⊤∋≻⋈∈⊥∋≻⋈∈⊥∋⊙⊡⊣
⊢≻⋈∈⊥∋≻⋈∈⊥∋≻⋈∈⊤∋≻⋈∈⊤∋≻⋈∈⊥∋≻⋈∈⊤∋≻⋈∈⊤∋≻⋈∈⊥∋≻⋈∈⊤∋≻⋈∈⊤∋≻⋈∈⊥∋⊙⊡⊣
⊢≻⋈∈⊥∋≻⋈∈⊥∋≻⋈∈⊤∋≻⋈∈⊥∋≻⋈∈⊤∋≻⋈∈⊤∋≻⋈∈⊤∋≻⋈∈⊥∋≻⋈∈⊤∋≻⋈∈⊤∋≻⋈∈⊥∋⊙⊡⊣
⊢≻⋈∈⊥∋≻⋈∈⊤∋≻⋈∈⊥∋≻⋈∈⊤∋≻⋈∈⊥∋≻⋈∈⊤∋≻⋈∈⊥∋≻⋈∈⊥∋≻⋈∈⊤∋≻⋈∈⊥∋≻⋈∈⊥∋≻⋈∈⊥∋≻⋈∈⊤∋≻⋈∈⊤∋≻⋈∈⊤∋≻⋈∈⊤∋≻⋈∈⊥∋≻⋈∈⊤∋≻⋈∈⊥∋≻⋈∈⊥∋≻⋈∈⊤∋≻⋈∈⊥∋≻⋈∈⊥∋⊙⊡⊣
⊢≻⋈∈⊥∋≻⋈∈⊤∋≻⋈∈⊥∋≻⋈∈⊥∋≻⋈∈⊤∋≻⋈∈⊤∋≻⋈∈⊥∋≻⋈∈⊤∋≻⋈∈⊤∋≻⋈∈⊥∋⊙⊡⊣
⊢≻⋈∈⊥∋≻⋈∈⊤∋≻⋈∈⊥∋≻⋈∈⊤∋≻⋈∈⊥∋≻⋈∈⊤∋≻⋈∈⊤∋≻⋈∈⊥∋⊙⊡⊣
⊢≻⋈∈⊥∋≻⋈∈⊥∋≻⋈∈⊤∋≻⋈∈⊥∋≻⋈∈⊤∋≻⋈∈⊥∋≻⋈∈⊥∋≻⋈∈⊤∋≻⋈∈⊥∋≻⋈∈⊥∋≻⋈∈⊥∋⊙⊡⊣
⊢≻⋈∈⊥∋≻⋈∈⊤∋≻⋈∈⊥∋≻⋈∈⊥∋≻⋈∈⊤∋≻⋈∈⊤∋≻⋈∈⊤∋≻⋈∈⊥∋≻⋈∈⊤∋≻⋈∈⊤∋≻⋈∈⊥∋⊙⊡⊣
⊢≻⋈∈⊤∋≻⋈∈⊤∋≻⋈∈⊤∋≻⋈∈⊥∋≻⋈∈⊥∋≻⋈∈⊤∋≻⋈∈⊥∋≻⋈∈⊥∋≻⋈∈⊤∋≻⋈∈⊥∋≻⋈∈⊥∋≻⋈∈⊥∋≻⋈∈⊥∋≻⋈∈⊥∋≻⋈∈⊤∋≻⋈∈⊤∋≻⋈∈⊥∋≻⋈∈⊤∋≻⋈∈⊥∋≻⋈∈⊥∋≻⋈∈⊤∋≻⋈∈⊥∋≻⋈∈⊥∋⊙⊡⊣
⊢≻⋈∈⊤∋≻⋈∈⊥∋≻⋈∈⊥∋≻⋈∈⊥∋≻⋈∈⊤∋≻⋈∈⊤∋≻⋈∈⊥∋≻⋈∈⊤∋≻⋈∈⊤∋≻⋈∈⊥∋⊙⊡⊣
⊢≻⋈∈⊥∋≻⋈∈⊤∋≻⋈∈⊥∋≻⋈∈⊤∋≻⋈∈⊥∋≻⋈∈⊤∋≻⋈∈⊤∋≻⋈∈⊥∋⊙⊡⊣
⊢≻⋈∈⊤∋≻⋈∈⊤∋≻⋈∈⊥∋≻⋈∈⊥∋≻⋈∈⊤∋≻⋈∈⊥∋≻⋈∈⊥∋≻⋈∈⊤∋≻⋈∈⊥∋≻⋈∈⊥∋≻⋈∈⊥∋⊙⊡⊣
⊢≻⋈∈⊥∋≻⋈∈⊥∋≻⋈∈⊥∋≻⋈∈⊥∋≻⋈∈⊤∋≻⋈∈⊤∋≻⋈∈⊤∋≻⋈∈⊥∋≻⋈∈⊤∋≻⋈∈⊤∋≻⋈∈⊥∋⊙⊡⊣
⊢≻⋈∈⊥∋≻⋈∈⊥∋≻⋈∈⊤∋≻⋈∈⊥∋≻⋈∈⊥∋≻⋈∈⊤∋≻⋈∈⊥∋≻⋈∈⊥∋≻⋈∈⊤∋≻⋈∈⊥∋≻⋈∈⊥∋≻⋈∈⊥∋≻⋈∈⊤∋≻⋈∈⊥∋≻⋈∈⊥∋≻⋈∈⊤∋≻⋈∈⊥∋≻⋈∈⊤∋≻⋈∈⊥∋≻⋈∈⊥∋≻⋈∈⊤∋≻⋈∈⊥∋≻⋈∈⊥∋⊙⊡⊣
⊢≻⋈∈⊥∋≻⋈∈⊥∋≻⋈∈⊥∋≻⋈∈⊥∋≻⋈∈⊤∋≻⋈∈⊤∋≻⋈∈⊥∋≻⋈∈⊤∋≻⋈∈⊤∋≻⋈∈⊥∋⊙⊡⊣
⊢≻⋈∈⊥∋≻⋈∈⊤∋≻⋈∈⊥∋≻⋈∈⊥∋≻⋈∈⊤∋≻⋈∈⊥∋≻⋈∈⊥∋≻⋈∈⊤∋≻⋈∈⊥∋≻⋈∈⊥∋⊙⊡⊣
⊢≻⋈∈⊥∋≻⋈∈⊥∋≻⋈∈⊤∋≻⋈∈⊤∋≻⋈∈⊥∋≻⋈∈⊤∋≻⋈∈⊤∋≻⋈∈⊥∋≻⋈∈⊤∋≻⋈∈⊤∋≻⋈∈⊥∋⊙⊡⊣
⊢≻⋈∈⊥∋≻⋈∈⊤∋≻⋈∈⊤∋≻⋈∈⊤∋≻⋈∈⊥∋≻⋈∈⊤∋≻⋈∈⊤∋≻⋈∈⊥∋≻⋈∈⊤∋≻⋈∈⊤∋≻⋈∈⊥∋⊙⊡⊣
⊢≻⋈∈⊤∋≻⋈∈⊥∋≻⋈∈⊥∋≻⋈∈⊥∋≻⋈∈⊥∋≻⋈∈⊤∋≻⋈∈⊥∋≻⋈∈⊥∋≻⋈∈⊤∋≻⋈∈⊥∋≻⋈∈⊥∋≻⋈∈⊥∋≻⋈∈⊥∋≻⋈∈⊤∋≻⋈∈⊤∋≻⋈∈⊥∋≻⋈∈⊥∋≻⋈∈⊤∋≻⋈∈⊥∋≻⋈∈⊥∋≻⋈∈⊤∋≻⋈∈⊥∋≻⋈∈⊥∋⊙⊡⊣
⊢≻⋈∈⊤∋≻⋈∈⊤∋≻⋈∈⊤∋≻⋈∈⊤∋≻⋈∈⊥∋≻⋈∈⊤∋≻⋈∈⊥∋≻⋈∈⊤∋≻⋈∈⊤∋≻⋈∈⊥∋⊙⊡⊣
⊢≻⋈∈⊥∋≻⋈∈⊤∋≻⋈∈⊥∋≻⋈∈⊥∋≻⋈∈⊤∋≻⋈∈⊥∋≻⋈∈⊥∋≻⋈∈⊤∋≻⋈∈⊥∋≻⋈∈⊥∋⊙⊡⊣
⊢≻⋈∈⊤∋≻⋈∈⊤∋≻⋈∈⊥∋≻⋈∈⊤∋≻⋈∈⊥∋≻⋈∈⊤∋≻⋈∈⊤∋≻⋈∈⊥∋≻⋈∈⊤∋≻⋈∈⊤∋≻⋈∈⊥∋⊙⊡⊣
⊢≻⋈∈⊥∋≻⋈∈⊥∋≻⋈∈⊤∋≻⋈∈⊤∋≻⋈∈⊥∋≻⋈∈⊤∋≻⋈∈⊤∋≻⋈∈⊥∋≻⋈∈⊤∋≻⋈∈⊤∋≻⋈∈⊥∋⊙⊡⊣
⊢≻⋈∈⊥∋≻⋈∈⊤∋≻⋈∈⊤∋≻⋈∈⊤∋≻⋈∈⊤∋≻⋈∈⊥∋≻⋈∈⊥∋≻⋈∈⊥∋≻⋈∈⊤∋≻⋈∈⊥∋≻⋈∈⊥∋≻⋈∈⊥∋≻⋈∈⊤∋≻⋈∈⊤∋≻⋈∈⊥∋≻⋈∈⊥∋≻⋈∈⊥∋≻⋈∈⊤∋≻⋈∈⊥∋≻⋈∈⊥∋≻⋈∈⊤∋≻⋈∈⊥∋≻⋈∈⊥∋⊙⊡⊣
⊢≻⋈∈⊥∋≻⋈∈⊤∋≻⋈∈⊤∋≻⋈∈⊤∋≻⋈∈⊥∋≻⋈∈⊤∋≻⋈∈⊥∋≻⋈∈⊤∋≻⋈∈⊤∋≻⋈∈⊥∋⊙⊡⊣
⊢≻⋈∈⊤∋≻⋈∈⊥∋≻⋈∈⊥∋≻⋈∈⊤∋≻⋈∈⊥∋≻⋈∈⊤∋≻⋈∈⊤∋≻⋈∈⊥∋⊙⊡⊣
⊢≻⋈∈⊤∋≻⋈∈⊥∋≻⋈∈⊤∋≻⋈∈⊥∋≻⋈∈⊤∋≻⋈∈⊥∋≻⋈∈⊥∋≻⋈∈⊤∋≻⋈∈⊥∋≻⋈∈⊥∋≻⋈∈⊥∋⊙⊡⊣
⊢≻⋈∈⊥∋≻⋈∈⊤∋≻⋈∈⊥∋≻⋈∈⊤∋≻⋈∈⊥∋≻⋈∈⊤∋≻⋈∈⊤∋≻⋈∈⊥∋≻⋈∈⊤∋≻⋈∈⊤∋≻⋈∈⊥∋⊙⊡⊣
⊢≻⋈∈⊤∋≻⋈∈⊤∋≻⋈∈⊥∋≻⋈∈⊤∋≻⋈∈⊤∋≻⋈∈⊥∋≻⋈∈⊥∋≻⋈∈⊥∋≻⋈∈⊤∋≻⋈∈⊥∋≻⋈∈⊥∋≻⋈∈⊥∋≻⋈∈⊥∋≻⋈∈⊥∋≻⋈∈⊥∋≻⋈∈⊥∋≻⋈∈⊥∋≻⋈∈⊤∋≻⋈∈⊥∋≻⋈∈⊥∋≻⋈∈⊤∋≻⋈∈⊥∋≻⋈∈⊥∋⊙⊡⊣
⊢≻⋈∈⊤∋≻⋈∈⊥∋≻⋈∈⊤∋≻⋈∈⊤∋≻⋈∈⊥∋≻⋈∈⊤∋≻⋈∈⊥∋≻⋈∈⊤∋≻⋈∈⊤∋≻⋈∈⊥∋⊙⊡⊣
⊢≻⋈∈⊤∋≻⋈∈⊥∋≻⋈∈⊥∋≻⋈∈⊤∋≻⋈∈⊥∋≻⋈∈⊤∋≻⋈∈⊤∋≻⋈∈⊥∋⊙⊡⊣
⊢≻⋈∈⊥∋≻⋈∈⊥∋≻⋈∈⊤∋≻⋈∈⊥∋≻⋈∈⊤∋≻⋈∈⊥∋≻⋈∈⊥∋≻⋈∈⊤∋≻⋈∈⊥∋≻⋈∈⊥∋≻⋈∈⊥∋⊙⊡⊣
⊢≻⋈∈⊥∋≻⋈∈⊥∋≻⋈∈⊥∋≻⋈∈⊤∋≻⋈∈⊥∋≻⋈∈⊤∋≻⋈∈⊤∋≻⋈∈⊥∋≻⋈∈⊤∋≻⋈∈⊤∋≻⋈∈⊥∋⊙⊡⊣
⊢≻⋈∈⊥∋≻⋈∈⊥∋≻⋈∈⊥∋≻⋈∈⊤∋≻⋈∈⊤∋≻⋈∈⊥∋≻⋈∈⊥∋≻⋈∈⊥∋≻⋈∈⊤∋≻⋈∈⊥∋≻⋈∈⊥∋≻⋈∈⊥∋≻⋈∈⊤∋≻⋈∈⊥∋≻⋈∈⊤∋≻⋈∈⊤∋≻⋈∈⊤∋≻⋈∈⊥∋≻⋈∈⊥∋≻⋈∈⊥∋≻⋈∈⊤∋≻⋈∈⊥∋≻⋈∈⊥∋⊙⊡⊣
⊢≻⋈∈⊥∋≻⋈∈⊥∋≻⋈∈⊤∋≻⋈∈⊤∋≻⋈∈⊥∋≻⋈∈⊤∋≻⋈∈⊥∋≻⋈∈⊤∋≻⋈∈⊤∋≻⋈∈⊥∋⊙⊡⊣
⊢≻⋈∈⊤∋≻⋈∈⊤∋≻⋈∈⊥∋≻⋈∈⊥∋≻⋈∈⊤∋≻⋈∈⊥∋≻⋈∈⊥∋≻⋈∈⊤∋≻⋈∈⊥∋≻⋈∈⊥∋⊙⊡⊣
⊢≻⋈∈⊤∋≻⋈∈⊤∋≻⋈∈⊥∋≻⋈∈⊤∋≻⋈∈⊥∋≻⋈∈⊤∋≻⋈∈⊤∋≻⋈∈⊥∋≻⋈∈⊤∋≻⋈∈⊤∋≻⋈∈⊥∋⊙⊡⊣
⊢≻⋈∈⊥∋≻⋈∈⊤∋≻⋈∈⊤∋≻⋈∈⊥∋≻⋈∈⊥∋≻⋈∈⊤∋≻⋈∈⊤∋≻⋈∈⊥∋≻⋈∈⊤∋≻⋈∈⊤∋≻⋈∈⊥∋⊙⊡⊣
⊢≻⋈∈⊤∋≻⋈∈⊥∋≻⋈∈⊤∋≻⋈∈⊥∋≻⋈∈⊤∋≻⋈∈⊥∋≻⋈∈⊥∋≻⋈∈⊥∋≻⋈∈⊤∋≻⋈∈⊥∋≻⋈∈⊥∋≻⋈∈⊥∋≻⋈∈⊥∋≻⋈∈⊤∋≻⋈∈⊥∋≻⋈∈⊤∋≻⋈∈⊤∋≻⋈∈⊥∋≻⋈∈⊥∋≻⋈∈⊥∋≻⋈∈⊤∋≻⋈∈⊥∋≻⋈∈⊥∋⊙⊡⊣
⊢≻⋈∈⊤∋≻⋈∈⊤∋≻⋈∈⊥∋≻⋈∈⊤∋≻⋈∈⊥∋≻⋈∈⊤∋≻⋈∈⊥∋≻⋈∈⊤∋≻⋈∈⊤∋≻⋈∈⊥∋⊙⊡⊣
⊢≻⋈∈⊤∋≻⋈∈⊤∋≻⋈∈⊥∋≻⋈∈⊥∋≻⋈∈⊤∋≻⋈∈⊥∋≻⋈∈⊥∋≻⋈∈⊤∋≻⋈∈⊥∋≻⋈∈⊥∋⊙⊡⊣
⊢≻⋈∈⊥∋≻⋈∈⊤∋≻⋈∈⊥∋≻⋈∈⊤∋≻⋈∈⊥∋≻⋈∈⊤∋≻⋈∈⊤∋≻⋈∈⊥∋≻⋈∈⊤∋≻⋈∈⊤∋≻⋈∈⊥∋⊙⊡⊣
⊢≻⋈∈⊥∋≻⋈∈⊥∋≻⋈∈⊤∋≻⋈∈⊥∋≻⋈∈⊥∋≻⋈∈⊤∋≻⋈∈⊤∋≻⋈∈⊥∋≻⋈∈⊤∋≻⋈∈⊤∋≻⋈∈⊥∋⊙⊡⊣
⊢≻⋈∈⊥∋≻⋈∈⊤∋≻⋈∈⊥∋≻⋈∈⊥∋≻⋈∈⊤∋≻⋈∈⊥∋≻⋈∈⊥∋≻⋈∈⊥∋≻⋈∈⊤∋≻⋈∈⊥∋≻⋈∈⊥∋≻⋈∈⊥∋≻⋈∈⊤∋≻⋈∈⊤∋≻⋈∈⊤∋≻⋈∈⊥∋≻⋈∈⊤∋≻⋈∈⊥∋≻⋈∈⊥∋≻⋈∈⊥∋≻⋈∈⊤∋≻⋈∈⊥∋≻⋈∈⊥∋⊙⊡⊣
⊢≻⋈∈⊥∋≻⋈∈⊤∋≻⋈∈⊥∋≻⋈∈⊤∋≻⋈∈⊥∋≻⋈∈⊤∋≻⋈∈⊥∋≻⋈∈⊤∋≻⋈∈⊤∋≻⋈∈⊥∋⊙⊡⊣
⊢≻⋈∈⊥∋≻⋈∈⊥∋≻⋈∈⊥∋≻⋈∈⊤∋≻⋈∈⊥∋≻⋈∈⊤∋≻⋈∈⊤∋≻⋈∈⊥∋⊙⊡⊣
⊢≻⋈∈⊥∋≻⋈∈⊤∋≻⋈∈⊤∋≻⋈∈⊥∋≻⋈∈⊤∋≻⋈∈⊥∋≻⋈∈⊥∋≻⋈∈⊤∋≻⋈∈⊥∋≻⋈∈⊥∋≻⋈∈⊥∋⊙⊡⊣
⊢≻⋈∈⊥∋≻⋈∈⊤∋≻⋈∈⊥∋≻⋈∈⊥∋≻⋈∈⊥∋≻⋈∈⊤∋≻⋈∈⊤∋≻⋈∈⊥∋≻⋈∈⊤∋≻⋈∈⊤∋≻⋈∈⊥∋⊙⊡⊣
⊢≻⋈∈⊤∋≻⋈∈⊤∋≻⋈∈⊤∋≻⋈∈⊤∋≻⋈∈⊥∋≻⋈∈⊥∋≻⋈∈⊥∋≻⋈∈⊥∋≻⋈∈⊤∋≻⋈∈⊥∋≻⋈∈⊥∋≻⋈∈⊥∋≻⋈∈⊥∋≻⋈∈⊥∋≻⋈∈⊤∋≻⋈∈⊥∋≻⋈∈⊤∋≻⋈∈⊥∋≻⋈∈⊥∋≻⋈∈⊥∋≻⋈∈⊤∋≻⋈∈⊥∋≻⋈∈⊥∋⊙⊡⊣
⊢≻⋈∈⊤∋≻⋈∈⊥∋≻⋈∈⊥∋≻⋈∈⊤∋≻⋈∈⊥∋≻⋈∈⊤∋≻⋈∈⊥∋≻⋈∈⊤∋≻⋈∈⊤∋≻⋈∈⊥∋⊙⊡⊣
⊢≻⋈∈⊥∋≻⋈∈⊥∋≻⋈∈⊥∋≻⋈∈⊤∋≻⋈∈⊥∋≻⋈∈⊤∋≻⋈∈⊤∋≻⋈∈⊥∋⊙⊡⊣
⊢≻⋈∈⊤∋≻⋈∈⊥∋≻⋈∈⊤∋≻⋈∈⊥∋≻⋈∈⊤∋≻⋈∈⊥∋≻⋈∈⊥∋≻⋈∈⊤∋≻⋈∈⊥∋≻⋈∈⊥∋≻⋈∈⊥∋⊙⊡⊣
⊢≻⋈∈⊥∋≻⋈∈⊥∋≻⋈∈⊥∋≻⋈∈⊥∋≻⋈∈⊥∋≻⋈∈⊤∋≻⋈∈⊤∋≻⋈∈⊥∋≻⋈∈⊤∋≻⋈∈⊤∋≻⋈∈⊥∋⊙⊡⊣
⊢≻⋈∈⊥∋≻⋈∈⊥∋≻⋈∈⊤∋≻⋈∈⊤∋≻⋈∈⊥∋≻⋈∈⊥∋≻⋈∈⊥∋≻⋈∈⊥∋≻⋈∈⊤∋≻⋈∈⊥∋≻⋈∈⊥∋≻⋈∈⊥∋≻⋈∈⊤∋≻⋈∈⊥∋≻⋈∈⊥∋≻⋈∈⊥∋≻⋈∈⊤∋≻⋈∈⊥∋≻⋈∈⊥∋≻⋈∈⊥∋≻⋈∈⊤∋≻⋈∈⊥∋≻⋈∈⊥∋⊙⊡⊣
⊢≻⋈∈⊥∋≻⋈∈⊥∋≻⋈∈⊥∋≻⋈∈⊤∋≻⋈∈⊥∋≻⋈∈⊤∋≻⋈∈⊥∋≻⋈∈⊤∋≻⋈∈⊤∋≻⋈∈⊥∋⊙⊡⊣
⊢≻⋈∈⊥∋≻⋈∈⊥∋≻⋈∈⊤∋≻⋈∈⊥∋≻⋈∈⊤∋≻⋈∈⊥∋≻⋈∈⊥∋≻⋈∈⊤∋≻⋈∈⊥∋≻⋈∈⊥∋⊙⊡⊣
⊢≻⋈∈⊥∋≻⋈∈⊤∋≻⋈∈⊥∋≻⋈∈⊤∋≻⋈∈⊥∋≻⋈∈⊤∋≻⋈∈⊤∋≻⋈∈⊥∋≻⋈∈⊤∋≻⋈∈⊤∋≻⋈∈⊥∋⊙⊡⊣
⊢≻⋈∈⊥∋≻⋈∈⊤∋≻⋈∈⊤∋≻⋈∈⊤∋≻⋈∈⊤∋≻⋈∈⊥∋≻⋈∈⊤∋≻⋈∈⊥∋≻⋈∈⊤∋≻⋈∈⊤∋≻⋈∈⊥∋⊙⊡⊣
⊢≻⋈∈⊤∋≻⋈∈⊥∋≻⋈∈⊥∋≻⋈∈⊤∋≻⋈∈⊥∋≻⋈∈⊥∋≻⋈∈⊥∋≻⋈∈⊥∋≻⋈∈⊤∋≻⋈∈⊥∋≻⋈∈⊥∋≻⋈∈⊥∋≻⋈∈⊥∋≻⋈∈⊤∋≻⋈∈⊤∋≻⋈∈⊤∋≻⋈∈⊥∋≻⋈∈⊥∋≻⋈∈⊥∋≻⋈∈⊥∋≻⋈∈⊤∋≻⋈∈⊥∋≻⋈∈⊥∋⊙⊡⊣
⊢≻⋈∈⊤∋≻⋈∈⊤∋≻⋈∈⊤∋≻⋈∈⊥∋≻⋈∈⊥∋≻⋈∈⊤∋≻⋈∈⊥∋≻⋈∈⊤∋≻⋈∈⊤∋≻⋈∈⊥∋⊙⊡⊣
⊢≻⋈∈⊥∋≻⋈∈⊥∋≻⋈∈⊤∋≻⋈∈⊥∋≻⋈∈⊤∋≻⋈∈⊥∋≻⋈∈⊥∋≻⋈∈⊤∋≻⋈∈⊥∋≻⋈∈⊥∋⊙⊡⊣
⊢≻⋈∈⊤∋≻⋈∈⊥∋≻⋈∈⊥∋≻⋈∈⊤∋≻⋈∈⊥∋≻⋈∈⊤∋≻⋈∈⊤∋≻⋈∈⊥∋≻⋈∈⊤∋≻⋈∈⊤∋≻⋈∈⊥∋⊙⊡⊣
⊢≻⋈∈⊥∋≻⋈∈⊥∋≻⋈∈⊤∋≻⋈∈⊤∋≻⋈∈⊤∋≻⋈∈⊥∋≻⋈∈⊤∋≻⋈∈⊥∋≻⋈∈⊤∋≻⋈∈⊤∋≻⋈∈⊥∋⊙⊡⊣
⊢≻⋈∈⊥∋≻⋈∈⊤∋≻⋈∈⊤∋≻⋈∈⊥∋≻⋈∈⊥∋≻⋈∈⊥∋≻⋈∈⊥∋≻⋈∈⊥∋≻⋈∈⊤∋≻⋈∈⊥∋≻⋈∈⊥∋≻⋈∈⊥∋≻⋈∈⊤∋≻⋈∈⊤∋≻⋈∈⊥∋≻⋈∈⊤∋≻⋈∈⊥∋≻⋈∈⊥∋≻⋈∈⊥∋≻⋈∈⊥∋≻⋈∈⊤∋≻⋈∈⊥∋≻⋈∈⊥∋⊙⊡⊣
⊢≻⋈∈⊥∋≻⋈∈⊤∋≻⋈∈⊤∋≻⋈∈⊥∋≻⋈∈⊥∋≻⋈∈⊤∋≻⋈∈⊥∋≻⋈∈⊤∋≻⋈∈⊤∋≻⋈∈⊥∋⊙⊡⊣
⊢≻⋈∈⊤∋≻⋈∈⊤∋≻⋈∈⊤∋≻⋈∈⊥∋≻⋈∈⊥∋≻⋈∈⊤∋≻⋈∈⊤∋≻⋈∈⊥∋⊙⊡⊣
⊢≻⋈∈⊤∋≻⋈∈⊤∋≻⋈∈⊤∋≻⋈∈⊥∋≻⋈∈⊤∋≻⋈∈⊥∋≻⋈∈⊥∋≻⋈∈⊤∋≻⋈∈⊥∋≻⋈∈⊥∋≻⋈∈⊥∋⊙⊡⊣
⊢≻⋈∈⊥∋≻⋈∈⊤∋≻⋈∈⊥∋≻⋈∈⊤∋≻⋈∈⊤∋≻⋈∈⊥∋≻⋈∈⊤∋≻⋈∈⊥∋≻⋈∈⊤∋≻⋈∈⊤∋≻⋈∈⊥∋⊙⊡⊣
⊢≻⋈∈⊤∋≻⋈∈⊤∋≻⋈∈⊥∋≻⋈∈⊥∋≻⋈∈⊥∋≻⋈∈⊥∋≻⋈∈⊥∋≻⋈∈⊥∋≻⋈∈⊤∋≻⋈∈⊥∋≻⋈∈⊥∋≻⋈∈⊥∋≻⋈∈⊥∋≻⋈∈⊥∋≻⋈∈⊥∋≻⋈∈⊤∋≻⋈∈⊥∋≻⋈∈⊥∋≻⋈∈⊥∋≻⋈∈⊥∋≻⋈∈⊤∋≻⋈∈⊥∋≻⋈∈⊥∋⊙⊡⊣
⊢≻⋈∈⊤∋≻⋈∈⊥∋≻⋈∈⊤∋≻⋈∈⊥∋≻⋈∈⊥∋≻⋈∈⊤∋≻⋈∈⊥∋≻⋈∈⊤∋≻⋈∈⊤∋≻⋈∈⊥∋⊙⊡⊣
⊢≻⋈∈⊤∋≻⋈∈⊤∋≻⋈∈⊤∋≻⋈∈⊥∋≻⋈∈⊥∋≻⋈∈⊤∋≻⋈∈⊤∋≻⋈∈⊥∋⊙⊡⊣
⊢≻⋈∈⊥∋≻⋈∈⊤∋≻⋈∈⊤∋≻⋈∈⊥∋≻⋈∈⊤∋≻⋈∈⊥∋≻⋈∈⊥∋≻⋈∈⊤∋≻⋈∈⊥∋≻⋈∈⊥∋≻⋈∈⊥∋⊙⊡⊣
⊢≻⋈∈⊥∋≻⋈∈⊥∋≻⋈∈⊥∋≻⋈∈⊤∋≻⋈∈⊤∋≻⋈∈⊥∋≻⋈∈⊤∋≻⋈∈⊥∋≻⋈∈⊤∋≻⋈∈⊤∋≻⋈∈⊥∋⊙⊡⊣
⊢≻⋈∈⊥∋≻⋈∈⊥∋≻⋈∈⊥∋≻⋈∈⊥∋≻⋈∈⊥∋≻⋈∈⊥∋≻⋈∈⊥∋≻⋈∈⊥∋≻⋈∈⊤∋≻⋈∈⊥∋≻⋈∈⊥∋≻⋈∈⊥∋≻⋈∈⊤∋≻⋈∈⊥∋≻⋈∈⊤∋≻⋈∈⊥∋≻⋈∈⊥∋≻⋈∈⊥∋≻⋈∈⊥∋≻⋈∈⊥∋≻⋈∈⊤∋≻⋈∈⊥∋≻⋈∈⊥∋⊙⊡⊣
⊢≻⋈∈⊥∋≻⋈∈⊥∋≻⋈∈⊤∋≻⋈∈⊥∋≻⋈∈⊥∋≻⋈∈⊤∋≻⋈∈⊥∋≻⋈∈⊤∋≻⋈∈⊤∋≻⋈∈⊥∋⊙⊡⊣
⊢≻⋈∈⊤∋≻⋈∈⊥∋≻⋈∈⊤∋≻⋈∈⊥∋≻⋈∈⊤∋≻⋈∈⊥∋≻⋈∈⊥∋≻⋈∈⊤∋≻⋈∈⊥∋≻⋈∈⊥∋⊙⊡⊣
⊢≻⋈∈⊤∋≻⋈∈⊥∋≻⋈∈⊥∋≻⋈∈⊤∋≻⋈∈⊥∋≻⋈∈⊤∋≻⋈∈⊤∋≻⋈∈⊥∋≻⋈∈⊤∋≻⋈∈⊤∋≻⋈∈⊥∋⊙⊡⊣
⊢≻⋈∈⊥∋≻⋈∈⊤∋≻⋈∈⊤∋≻⋈∈⊥∋≻⋈∈⊤∋≻⋈∈⊥∋≻⋈∈⊤∋≻⋈∈⊥∋≻⋈∈⊤∋≻⋈∈⊤∋≻⋈∈⊥∋⊙⊡⊣
⊢≻⋈∈⊤∋≻⋈∈⊥∋≻⋈∈⊤∋≻⋈∈⊤∋≻⋈∈⊤∋≻⋈∈⊤∋≻⋈∈⊤∋≻⋈∈⊤∋≻⋈∈⊥∋≻⋈∈⊥∋≻⋈∈⊥∋≻⋈∈⊥∋≻⋈∈⊥∋≻⋈∈⊤∋≻⋈∈⊥∋≻⋈∈⊥∋≻⋈∈⊥∋≻⋈∈⊥∋≻⋈∈⊥∋≻⋈∈⊥∋≻⋈∈⊤∋≻⋈∈⊥∋≻⋈∈⊥∋⊙⊡⊣
⊢≻⋈∈⊤∋≻⋈∈⊤∋≻⋈∈⊥∋≻⋈∈⊥∋≻⋈∈⊥∋≻⋈∈⊤∋≻⋈∈⊥∋≻⋈∈⊤∋≻⋈∈⊤∋≻⋈∈⊥∋⊙⊡⊣
⊢≻⋈∈⊤∋≻⋈∈⊥∋≻⋈∈⊤∋≻⋈∈⊥∋≻⋈∈⊤∋≻⋈∈⊥∋≻⋈∈⊥∋≻⋈∈⊤∋≻⋈∈⊥∋≻⋈∈⊥∋⊙⊡⊣
⊢≻⋈∈⊥∋≻⋈∈⊥∋≻⋈∈⊥∋≻⋈∈⊤∋≻⋈∈⊥∋≻⋈∈⊤∋≻⋈∈⊤∋≻⋈∈⊥∋≻⋈∈⊤∋≻⋈∈⊤∋≻⋈∈⊥∋⊙⊡⊣
⊢≻⋈∈⊥∋≻⋈∈⊥∋≻⋈∈⊤∋≻⋈∈⊥∋≻⋈∈⊤∋≻⋈∈⊥∋≻⋈∈⊤∋≻⋈∈⊥∋≻⋈∈⊤∋≻⋈∈⊤∋≻⋈∈⊥∋⊙⊡⊣
⊢≻⋈∈⊥∋≻⋈∈⊤∋≻⋈∈⊥∋≻⋈∈⊤∋≻⋈∈⊤∋≻⋈∈⊤∋≻⋈∈⊤∋≻⋈∈⊤∋≻⋈∈⊥∋≻⋈∈⊥∋≻⋈∈⊥∋≻⋈∈⊥∋≻⋈∈⊤∋≻⋈∈⊤∋≻⋈∈⊤∋≻⋈∈⊤∋≻⋈∈⊤∋≻⋈∈⊤∋≻⋈∈⊤∋≻⋈∈⊤∋≻⋈∈⊥∋≻⋈∈⊥∋≻⋈∈⊥∋⊙⊡⊣
⊢≻⋈∈⊥∋≻⋈∈⊤∋≻⋈∈⊥∋≻⋈∈⊥∋≻⋈∈⊥∋≻⋈∈⊤∋≻⋈∈⊥∋≻⋈∈⊤∋≻⋈∈⊤∋≻⋈∈⊥∋⊙⊡⊣
⊢≻⋈∈⊥∋≻⋈∈⊤∋≻⋈∈⊤∋≻⋈∈⊥∋≻⋈∈⊥∋≻⋈∈⊤∋≻⋈∈⊤∋≻⋈∈⊥∋⊙⊡⊣
⊢≻⋈∈⊥∋≻⋈∈⊥∋≻⋈∈⊥∋≻⋈∈⊤∋≻⋈∈⊤∋≻⋈∈⊥∋≻⋈∈⊥∋≻⋈∈⊤∋≻⋈∈⊥∋≻⋈∈⊥∋≻⋈∈⊥∋⊙⊡⊣
⊢≻⋈∈⊥∋≻⋈∈⊤∋≻⋈∈⊥∋≻⋈∈⊥∋≻⋈∈⊤∋≻⋈∈⊥∋≻⋈∈⊤∋≻⋈∈⊥∋≻⋈∈⊤∋≻⋈∈⊤∋≻⋈∈⊥∋⊙⊡⊣
⊢≻⋈∈⊤∋≻⋈∈⊤∋≻⋈∈⊤∋≻⋈∈⊥∋≻⋈∈⊤∋≻⋈∈⊤∋≻⋈∈⊤∋≻⋈∈⊤∋≻⋈∈⊥∋≻⋈∈⊥∋≻⋈∈⊥∋≻⋈∈⊥∋≻⋈∈⊥∋≻⋈∈⊥∋≻⋈∈⊤∋≻⋈∈⊤∋≻⋈∈⊤∋≻⋈∈⊤∋≻⋈∈⊤∋≻⋈∈⊤∋≻⋈∈⊥∋≻⋈∈⊥∋≻⋈∈⊥∋⊙⊡⊣
⊢≻⋈∈⊤∋≻⋈∈⊥∋≻⋈∈⊥∋≻⋈∈⊥∋≻⋈∈⊥∋≻⋈∈⊤∋≻⋈∈⊥∋≻⋈∈⊤∋≻⋈∈⊤∋≻⋈∈⊥∋⊙⊡⊣
⊢≻⋈∈⊥∋≻⋈∈⊤∋≻⋈∈⊤∋≻⋈∈⊥∋≻⋈∈⊥∋≻⋈∈⊤∋≻⋈∈⊤∋≻⋈∈⊥∋⊙⊡⊣
⊢≻⋈∈⊤∋≻⋈∈⊤∋≻⋈∈⊤∋≻⋈∈⊥∋≻⋈∈⊤∋≻⋈∈⊥∋≻⋈∈⊥∋≻⋈∈⊤∋≻⋈∈⊥∋≻⋈∈⊥∋≻⋈∈⊥∋⊙⊡⊣
⊢≻⋈∈⊥∋≻⋈∈⊥∋≻⋈∈⊥∋≻⋈∈⊥∋≻⋈∈⊤∋≻⋈∈⊥∋≻⋈∈⊤∋≻⋈∈⊥∋≻⋈∈⊤∋≻⋈∈⊤∋≻⋈∈⊥∋⊙⊡⊣
⊢≻⋈∈⊥∋≻⋈∈⊥∋≻⋈∈⊤∋≻⋈∈⊥∋≻⋈∈⊤∋≻⋈∈⊤∋≻⋈∈⊤∋≻⋈∈⊤∋≻⋈∈⊥∋≻⋈∈⊥∋≻⋈∈⊥∋≻⋈∈⊥∋≻⋈∈⊤∋≻⋈∈⊥∋≻⋈∈⊥∋≻⋈∈⊤∋≻⋈∈⊤∋≻⋈∈⊤∋≻⋈∈⊤∋≻⋈∈⊤∋≻⋈∈⊥∋≻⋈∈⊥∋≻⋈∈⊥∋⊙⊡⊣
⊢≻⋈∈⊥∋≻⋈∈⊥∋≻⋈∈⊥∋≻⋈∈⊥∋≻⋈∈⊥∋≻⋈∈⊤∋≻⋈∈⊥∋≻⋈∈⊤∋≻⋈∈⊤∋≻⋈∈⊥∋⊙⊡⊣
⊢≻⋈∈⊥∋≻⋈∈⊤∋≻⋈∈⊤∋≻⋈∈⊥∋≻⋈∈⊤∋≻⋈∈⊥∋≻⋈∈⊥∋≻⋈∈⊤∋≻⋈∈⊥∋≻⋈∈⊥∋⊙⊡⊣
⊢≻⋈∈⊥∋≻⋈∈⊥∋≻⋈∈⊥∋≻⋈∈⊤∋≻⋈∈⊥∋≻⋈∈⊤∋≻⋈∈⊤∋≻⋈∈⊥∋≻⋈∈⊤∋≻⋈∈⊤∋≻⋈∈⊥∋⊙⊡⊣
⊢≻⋈∈⊥∋≻⋈∈⊤∋≻⋈∈⊤∋≻⋈∈⊤∋≻⋈∈⊥∋≻⋈∈⊥∋≻⋈∈⊤∋≻⋈∈⊥∋≻⋈∈⊤∋≻⋈∈⊤∋≻⋈∈⊥∋⊙⊡⊣
⊢≻⋈∈⊤∋≻⋈∈⊥∋≻⋈∈⊥∋≻⋈∈⊥∋≻⋈∈⊤∋≻⋈∈⊤∋≻⋈∈⊤∋≻⋈∈⊤∋≻⋈∈⊥∋≻⋈∈⊥∋≻⋈∈⊥∋≻⋈∈⊥∋≻⋈∈⊥∋≻⋈∈⊤∋≻⋈∈⊤∋≻⋈∈⊥∋≻⋈∈⊤∋≻⋈∈⊤∋≻⋈∈⊤∋≻⋈∈⊤∋≻⋈∈⊥∋≻⋈∈⊥∋≻⋈∈⊥∋⊙⊡⊣
⊢≻⋈∈⊤∋≻⋈∈⊤∋≻⋈∈⊤∋≻⋈∈⊤∋≻⋈∈⊤∋≻⋈∈⊥∋≻⋈∈⊥∋≻⋈∈⊤∋≻⋈∈⊤∋≻⋈∈⊥∋⊙⊡⊣
⊢≻⋈∈⊥∋≻⋈∈⊤∋≻⋈∈⊤∋≻⋈∈⊥∋≻⋈∈⊤∋≻⋈∈⊥∋≻⋈∈⊥∋≻⋈∈⊤∋≻⋈∈⊥∋≻⋈∈⊥∋⊙⊡⊣
⊢≻⋈∈⊤∋≻⋈∈⊤∋≻⋈∈⊤∋≻⋈∈⊥∋≻⋈∈⊥∋≻⋈∈⊤∋≻⋈∈⊤∋≻⋈∈⊥∋≻⋈∈⊤∋≻⋈∈⊤∋≻⋈∈⊥∋⊙⊡⊣
⊢≻⋈∈⊥∋≻⋈∈⊥∋≻⋈∈⊤∋≻⋈∈⊤∋≻⋈∈⊥∋≻⋈∈⊥∋≻⋈∈⊤∋≻⋈∈⊥∋≻⋈∈⊤∋≻⋈∈⊤∋≻⋈∈⊥∋⊙⊡⊣
⊢≻⋈∈⊥∋≻⋈∈⊤∋≻⋈∈⊤∋≻⋈∈⊤∋≻⋈∈⊥∋≻⋈∈⊤∋≻⋈∈⊤∋≻⋈∈⊤∋≻⋈∈⊥∋≻⋈∈⊥∋≻⋈∈⊥∋≻⋈∈⊥∋≻⋈∈⊤∋≻⋈∈⊤∋≻⋈∈⊥∋≻⋈∈⊥∋≻⋈∈⊤∋≻⋈∈⊤∋≻⋈∈⊤∋≻⋈∈⊤∋≻⋈∈⊥∋≻⋈∈⊥∋≻⋈∈⊥∋⊙⊡⊣
⊢≻⋈∈⊥∋≻⋈∈⊤∋≻⋈∈⊤∋≻⋈∈⊤∋≻⋈∈⊤∋≻⋈∈⊥∋≻⋈∈⊥∋≻⋈∈⊤∋≻⋈∈⊤∋≻⋈∈⊥∋⊙⊡⊣
⊢≻⋈∈⊤∋≻⋈∈⊥∋≻⋈∈⊤∋≻⋈∈⊥∋≻⋈∈⊥∋≻⋈∈⊤∋≻⋈∈⊤∋≻⋈∈⊥∋⊙⊡⊣
⊢≻⋈∈⊤∋≻⋈∈⊥∋≻⋈∈⊥∋≻⋈∈⊤∋≻⋈∈⊤∋≻⋈∈⊥∋≻⋈∈⊥∋≻⋈∈⊤∋≻⋈∈⊥∋≻⋈∈⊥∋≻⋈∈⊥∋⊙⊡⊣
⊢≻⋈∈⊥∋≻⋈∈⊤∋≻⋈∈⊥∋≻⋈∈⊤∋≻⋈∈⊥∋≻⋈∈⊥∋≻⋈∈⊤∋≻⋈∈⊥∋≻⋈∈⊤∋≻⋈∈⊤∋≻⋈∈⊥∋⊙⊡⊣
⊢≻⋈∈⊤∋≻⋈∈⊤∋≻⋈∈⊥∋≻⋈∈⊤∋≻⋈∈⊥∋≻⋈∈⊤∋≻⋈∈⊤∋≻⋈∈⊤∋≻⋈∈⊥∋≻⋈∈⊥∋≻⋈∈⊥∋≻⋈∈⊥∋≻⋈∈⊥∋≻⋈∈⊥∋≻⋈∈⊥∋≻⋈∈⊥∋≻⋈∈⊤∋≻⋈∈⊤∋≻⋈∈⊤∋≻⋈∈⊤∋≻⋈∈⊥∋≻⋈∈⊥∋≻⋈∈⊥∋⊙⊡⊣
⊢≻⋈∈⊤∋≻⋈∈⊥∋≻⋈∈⊤∋≻⋈∈⊤∋≻⋈∈⊤∋≻⋈∈⊥∋≻⋈∈⊥∋≻⋈∈⊤∋≻⋈∈⊤∋≻⋈∈⊥∋⊙⊡⊣
⊢≻⋈∈⊤∋≻⋈∈⊥∋≻⋈∈⊤∋≻⋈∈⊥∋≻⋈∈⊥∋≻⋈∈⊤∋≻⋈∈⊤∋≻⋈∈⊥∋⊙⊡⊣
⊢≻⋈∈⊥∋≻⋈∈⊥∋≻⋈∈⊥∋≻⋈∈⊤∋≻⋈∈⊤∋≻⋈∈⊥∋≻⋈∈⊥∋≻⋈∈⊤∋≻⋈∈⊥∋≻⋈∈⊥∋≻⋈∈⊥∋⊙⊡⊣
⊢≻⋈∈⊥∋≻⋈∈⊥∋≻⋈∈⊥∋≻⋈∈⊤∋≻⋈∈⊥∋≻⋈∈⊥∋≻⋈∈⊤∋≻⋈∈⊥∋≻⋈∈⊤∋≻⋈∈⊤∋≻⋈∈⊥∋⊙⊡⊣
⊢≻⋈∈⊥∋≻⋈∈⊥∋≻⋈∈⊥∋≻⋈∈⊤∋≻⋈∈⊥∋≻⋈∈⊤∋≻⋈∈⊤∋≻⋈∈⊤∋≻⋈∈⊥∋≻⋈∈⊥∋≻⋈∈⊥∋≻⋈∈⊥∋≻⋈∈⊤∋≻⋈∈⊥∋≻⋈∈⊤∋≻⋈∈⊤∋≻⋈∈⊥∋≻⋈∈⊤∋≻⋈∈⊤∋≻⋈∈⊤∋≻⋈∈⊥∋≻⋈∈⊥∋≻⋈∈⊥∋⊙⊡⊣
⊢≻⋈∈⊥∋≻⋈∈⊥∋≻⋈∈⊤∋≻⋈∈⊤∋≻⋈∈⊤∋≻⋈∈⊥∋≻⋈∈⊥∋≻⋈∈⊤∋≻⋈∈⊤∋≻⋈∈⊥∋⊙⊡⊣
⊢≻⋈∈⊤∋≻⋈∈⊤∋≻⋈∈⊤∋≻⋈∈⊥∋≻⋈∈⊤∋≻⋈∈⊥∋≻⋈∈⊥∋≻⋈∈⊤∋≻⋈∈⊥∋≻⋈∈⊥∋⊙⊡⊣
⊢≻⋈∈⊤∋≻⋈∈⊤∋≻⋈∈⊤∋≻⋈∈⊥∋≻⋈∈⊥∋≻⋈∈⊤∋≻⋈∈⊤∋≻⋈∈⊥∋≻⋈∈⊤∋≻⋈∈⊤∋≻⋈∈⊥∋⊙⊡⊣
⊢≻⋈∈⊥∋≻⋈∈⊤∋≻⋈∈⊤∋≻⋈∈⊥∋≻⋈∈⊥∋≻⋈∈⊥∋≻⋈∈⊤∋≻⋈∈⊥∋≻⋈∈⊤∋≻⋈∈⊤∋≻⋈∈⊥∋⊙⊡⊣
⊢≻⋈∈⊤∋≻⋈∈⊥∋≻⋈∈⊤∋≻⋈∈⊥∋≻⋈∈⊥∋≻⋈∈⊤∋≻⋈∈⊤∋≻⋈∈⊤∋≻⋈∈⊥∋≻⋈∈⊥∋≻⋈∈⊥∋≻⋈∈⊥∋≻⋈∈⊥∋≻⋈∈⊤∋≻⋈∈⊥∋≻⋈∈⊤∋≻⋈∈⊥∋≻⋈∈⊤∋≻⋈∈⊤∋≻⋈∈⊤∋≻⋈∈⊥∋≻⋈∈⊥∋≻⋈∈⊥∋⊙⊡⊣
⊢≻⋈∈⊤∋≻⋈∈⊤∋≻⋈∈⊥∋≻⋈∈⊤∋≻⋈∈⊤∋≻⋈∈⊥∋≻⋈∈⊥∋≻⋈∈⊤∋≻⋈∈⊤∋≻⋈∈⊥∋⊙⊡⊣
⊢≻⋈∈⊤∋≻⋈∈⊤∋≻⋈∈⊤∋≻⋈∈⊥∋≻⋈∈⊤∋≻⋈∈⊥∋≻⋈∈⊥∋≻⋈∈⊤∋≻⋈∈⊥∋≻⋈∈⊥∋⊙⊡⊣
⊢≻⋈∈⊥∋≻⋈∈⊤∋≻⋈∈⊤∋≻⋈∈⊥∋≻⋈∈⊥∋≻⋈∈⊤∋≻⋈∈⊤∋≻⋈∈⊥∋≻⋈∈⊤∋≻⋈∈⊤∋≻⋈∈⊥∋⊙⊡⊣
⊢≻⋈∈⊥∋≻⋈∈⊥∋≻⋈∈⊤∋≻⋈∈⊥∋≻⋈∈⊥∋≻⋈∈⊥∋≻⋈∈⊤∋≻⋈∈⊥∋≻⋈∈⊤∋≻⋈∈⊤∋≻⋈∈⊥∋⊙⊡⊣
⊢≻⋈∈⊥∋≻⋈∈⊤∋≻⋈∈⊥∋≻⋈∈⊥∋≻⋈∈⊥∋≻⋈∈⊤∋≻⋈∈⊤∋≻⋈∈⊤∋≻⋈∈⊥∋≻⋈∈⊥∋≻⋈∈⊥∋≻⋈∈⊥∋≻⋈∈⊤∋≻⋈∈⊤∋≻⋈∈⊤∋≻⋈∈⊥∋≻⋈∈⊥∋≻⋈∈⊤∋≻⋈∈⊤∋≻⋈∈⊤∋≻⋈∈⊥∋≻⋈∈⊥∋≻⋈∈⊥∋⊙⊡⊣
⊢≻⋈∈⊥∋≻⋈∈⊤∋≻⋈∈⊥∋≻⋈∈⊤∋≻⋈∈⊤∋≻⋈∈⊥∋≻⋈∈⊥∋≻⋈∈⊤∋≻⋈∈⊤∋≻⋈∈⊥∋⊙⊡⊣
⊢≻⋈∈⊥∋≻⋈∈⊥∋≻⋈∈⊤∋≻⋈∈⊥∋≻⋈∈⊥∋≻⋈∈⊤∋≻⋈∈⊤∋≻⋈∈⊥∋⊙⊡⊣
⊢≻⋈∈⊥∋≻⋈∈⊤∋≻⋈∈⊥∋≻⋈∈⊤∋≻⋈∈⊤∋≻⋈∈⊥∋≻⋈∈⊥∋≻⋈∈⊤∋≻⋈∈⊥∋≻⋈∈⊥∋≻⋈∈⊥∋⊙⊡⊣
⊢≻⋈∈⊥∋≻⋈∈⊤∋≻⋈∈⊥∋≻⋈∈⊥∋≻⋈∈⊥∋≻⋈∈⊥∋≻⋈∈⊤∋≻⋈∈⊥∋≻⋈∈⊤∋≻⋈∈⊤∋≻⋈∈⊥∋⊙⊡⊣
⊢≻⋈∈⊤∋≻⋈∈⊤∋≻⋈∈⊤∋≻⋈∈⊤∋≻⋈∈⊤∋≻⋈∈⊥∋≻⋈∈⊤∋≻⋈∈⊤∋≻⋈∈⊥∋≻⋈∈⊥∋≻⋈∈⊥∋≻⋈∈⊥∋≻⋈∈⊥∋≻⋈∈⊥∋≻⋈∈⊤∋≻⋈∈⊥∋≻⋈∈⊥∋≻⋈∈⊤∋≻⋈∈⊤∋≻⋈∈⊤∋≻⋈∈⊥∋≻⋈∈⊥∋≻⋈∈⊥∋⊙⊡⊣
⊢≻⋈∈⊤∋≻⋈∈⊥∋≻⋈∈⊥∋≻⋈∈⊤∋≻⋈∈⊤∋≻⋈∈⊥∋≻⋈∈⊥∋≻⋈∈⊤∋≻⋈∈⊤∋≻⋈∈⊥∋⊙⊡⊣
⊢≻⋈∈⊥∋≻⋈∈⊥∋≻⋈∈⊤∋≻⋈∈⊥∋≻⋈∈⊥∋≻⋈∈⊤∋≻⋈∈⊤∋≻⋈∈⊥∋⊙⊡⊣
⊢≻⋈∈⊤∋≻⋈∈⊥∋≻⋈∈⊥∋≻⋈∈⊤∋≻⋈∈⊤∋≻⋈∈⊥∋≻⋈∈⊥∋≻⋈∈⊤∋≻⋈∈⊥∋≻⋈∈⊥∋≻⋈∈⊥∋⊙⊡⊣
⊢≻⋈∈⊥∋≻⋈∈⊥∋≻⋈∈⊥∋≻⋈∈⊥∋≻⋈∈⊥∋≻⋈∈⊥∋≻⋈∈⊤∋≻⋈∈⊥∋≻⋈∈⊤∋≻⋈∈⊤∋≻⋈∈⊥∋⊙⊡⊣
⊢≻⋈∈⊥∋≻⋈∈⊥∋≻⋈∈⊤∋≻⋈∈⊤∋≻⋈∈⊤∋≻⋈∈⊥∋≻⋈∈⊤∋≻⋈∈⊤∋≻⋈∈⊥∋≻⋈∈⊥∋≻⋈∈⊥∋≻⋈∈⊥∋≻⋈∈⊤∋≻⋈∈⊥∋≻⋈∈⊥∋≻⋈∈⊥∋≻⋈∈⊥∋≻⋈∈⊤∋≻⋈∈⊤∋≻⋈∈⊤∋≻⋈∈⊥∋≻⋈∈⊥∋≻⋈∈⊥∋⊙⊡⊣
⊢≻⋈∈⊥∋≻⋈∈⊥∋≻⋈∈⊥∋≻⋈∈⊤∋≻⋈∈⊤∋≻⋈∈⊥∋≻⋈∈⊥∋≻⋈∈⊤∋≻⋈∈⊤∋≻⋈∈⊥∋⊙⊡⊣
⊢≻⋈∈⊥∋≻⋈∈⊥∋≻⋈∈⊥∋≻⋈∈⊤∋≻⋈∈⊤∋≻⋈∈⊥∋≻⋈∈⊥∋≻⋈∈⊤∋≻⋈∈⊥∋≻⋈∈⊥∋⊙⊡⊣
⊢≻⋈∈⊥∋≻⋈∈⊤∋≻⋈∈⊤∋≻⋈∈⊥∋≻⋈∈⊥∋≻⋈∈⊤∋≻⋈∈⊤∋≻⋈∈⊥∋≻⋈∈⊤∋≻⋈∈⊤∋≻⋈∈⊥∋⊙⊡⊣
⊢≻⋈∈⊥∋≻⋈∈⊤∋≻⋈∈⊤∋≻⋈∈⊤∋≻⋈∈⊤∋≻⋈∈⊤∋≻⋈∈⊥∋≻⋈∈⊥∋≻⋈∈⊤∋≻⋈∈⊤∋≻⋈∈⊥∋⊙⊡⊣
⊢≻⋈∈⊤∋≻⋈∈⊥∋≻⋈∈⊥∋≻⋈∈⊤∋≻⋈∈⊤∋≻⋈∈⊥∋≻⋈∈⊤∋≻⋈∈⊤∋≻⋈∈⊥∋≻⋈∈⊥∋≻⋈∈⊥∋≻⋈∈⊥∋≻⋈∈⊥∋≻⋈∈⊤∋≻⋈∈⊤∋≻⋈∈⊤∋≻⋈∈⊤∋≻⋈∈⊥∋≻⋈∈⊤∋≻⋈∈⊤∋≻⋈∈⊥∋≻⋈∈⊥∋≻⋈∈⊥∋⊙⊡⊣
⊢≻⋈∈⊤∋≻⋈∈⊤∋≻⋈∈⊤∋≻⋈∈⊥∋≻⋈∈⊤∋≻⋈∈⊥∋≻⋈∈⊥∋≻⋈∈⊤∋≻⋈∈⊤∋≻⋈∈⊥∋⊙⊡⊣
⊢≻⋈∈⊥∋≻⋈∈⊥∋≻⋈∈⊥∋≻⋈∈⊤∋≻⋈∈⊤∋≻⋈∈⊥∋≻⋈∈⊥∋≻⋈∈⊤∋≻⋈∈⊥∋≻⋈∈⊥∋⊙⊡⊣
⊢≻⋈∈⊤∋≻⋈∈⊥∋≻⋈∈⊤∋≻⋈∈⊥∋≻⋈∈⊥∋≻⋈∈⊤∋≻⋈∈⊤∋≻⋈∈⊥∋≻⋈∈⊤∋≻⋈∈⊤∋≻⋈∈⊥∋⊙⊡⊣
⊢≻⋈∈⊥∋≻⋈∈⊥∋≻⋈∈⊤∋≻⋈∈⊤∋≻⋈∈⊤∋≻⋈∈⊤∋≻⋈∈⊥∋≻⋈∈⊥∋≻⋈∈⊤∋≻⋈∈⊤∋≻⋈∈⊥∋⊙⊡⊣
⊢≻⋈∈⊥∋≻⋈∈⊤∋≻⋈∈⊤∋≻⋈∈⊥∋≻⋈∈⊤∋≻⋈∈⊥∋≻⋈∈⊤∋≻⋈∈⊤∋≻⋈∈⊥∋≻⋈∈⊥∋≻⋈∈⊥∋≻⋈∈⊥∋≻⋈∈⊤∋≻⋈∈⊤∋≻⋈∈⊥∋≻⋈∈⊤∋≻⋈∈⊤∋≻⋈∈⊥∋≻⋈∈⊤∋≻⋈∈⊤∋≻⋈∈⊥∋≻⋈∈⊥∋≻⋈∈⊥∋⊙⊡⊣
⊢≻⋈∈⊥∋≻⋈∈⊤∋≻⋈∈⊤∋≻⋈∈⊥∋≻⋈∈⊤∋≻⋈∈⊥∋≻⋈∈⊥∋≻⋈∈⊤∋≻⋈∈⊤∋≻⋈∈⊥∋⊙⊡⊣
⊢≻⋈∈⊤∋≻⋈∈⊤∋≻⋈∈⊥∋≻⋈∈⊥∋≻⋈∈⊥∋≻⋈∈⊤∋≻⋈∈⊤∋≻⋈∈⊥∋⊙⊡⊣
⊢≻⋈∈⊤∋≻⋈∈⊤∋≻⋈∈⊥∋≻⋈∈⊤∋≻⋈∈⊤∋≻⋈∈⊥∋≻⋈∈⊥∋≻⋈∈⊤∋≻⋈∈⊥∋≻⋈∈⊥∋≻⋈∈⊥∋⊙⊡⊣
⊢≻⋈∈⊥∋≻⋈∈⊤∋≻⋈∈⊥∋≻⋈∈⊤∋≻⋈∈⊤∋≻⋈∈⊤∋≻⋈∈⊥∋≻⋈∈⊥∋≻⋈∈⊤∋≻⋈∈⊤∋≻⋈∈⊥∋⊙⊡⊣
⊢≻⋈∈⊤∋≻⋈∈⊤∋≻⋈∈⊥∋≻⋈∈⊥∋≻⋈∈⊤∋≻⋈∈⊥∋≻⋈∈⊤∋≻⋈∈⊤∋≻⋈∈⊥∋≻⋈∈⊥∋≻⋈∈⊥∋≻⋈∈⊥∋≻⋈∈⊥∋≻⋈∈⊥∋≻⋈∈⊥∋≻⋈∈⊤∋≻⋈∈⊤∋≻⋈∈⊥∋≻⋈∈⊤∋≻⋈∈⊤∋≻⋈∈⊥∋≻⋈∈⊥∋≻⋈∈⊥∋⊙⊡⊣
⊢≻⋈∈⊤∋≻⋈∈⊥∋≻⋈∈⊤∋≻⋈∈⊥∋≻⋈∈⊤∋≻⋈∈⊥∋≻⋈∈⊥∋≻⋈∈⊤∋≻⋈∈⊤∋≻⋈∈⊥∋⊙⊡⊣
⊢≻⋈∈⊤∋≻⋈∈⊤∋≻⋈∈⊥∋≻⋈∈⊥∋≻⋈∈⊥∋≻⋈∈⊤∋≻⋈∈⊤∋≻⋈∈⊥∋⊙⊡⊣
⊢≻⋈∈⊥∋≻⋈∈⊤∋≻⋈∈⊥∋≻⋈∈⊤∋≻⋈∈⊤∋≻⋈∈⊥∋≻⋈∈⊥∋≻⋈∈⊤∋≻⋈∈⊥∋≻⋈∈⊥∋≻⋈∈⊥∋⊙⊡⊣
⊢≻⋈∈⊥∋≻⋈∈⊥∋≻⋈∈⊥∋≻⋈∈⊤∋≻⋈∈⊤∋≻⋈∈⊤∋≻⋈∈⊥∋≻⋈∈⊥∋≻⋈∈⊤∋≻⋈∈⊤∋≻⋈∈⊥∋⊙⊡⊣
⊢≻⋈∈⊥∋≻⋈∈⊥∋≻⋈∈⊥∋≻⋈∈⊥∋≻⋈∈⊤∋≻⋈∈⊥∋≻⋈∈⊤∋≻⋈∈⊤∋≻⋈∈⊥∋≻⋈∈⊥∋≻⋈∈⊥∋≻⋈∈⊥∋≻⋈∈⊤∋≻⋈∈⊥∋≻⋈∈⊤∋≻⋈∈⊥∋≻⋈∈⊤∋≻⋈∈⊥∋≻⋈∈⊤∋≻⋈∈⊤∋≻⋈∈⊥∋≻⋈∈⊥∋≻⋈∈⊥∋⊙⊡⊣
⊢≻⋈∈⊥∋≻⋈∈⊥∋≻⋈∈⊤∋≻⋈∈⊥∋≻⋈∈⊤∋≻⋈∈⊥∋≻⋈∈⊥∋≻⋈∈⊤∋≻⋈∈⊤∋≻⋈∈⊥∋⊙⊡⊣
⊢≻⋈∈⊤∋≻⋈∈⊥∋≻⋈∈⊥∋≻⋈∈⊤∋≻⋈∈⊤∋≻⋈∈⊥∋≻⋈∈⊥∋≻⋈∈⊤∋≻⋈∈⊥∋≻⋈∈⊥∋⊙⊡⊣
⊢≻⋈∈⊤∋≻⋈∈⊥∋≻⋈∈⊤∋≻⋈∈⊥∋≻⋈∈⊥∋≻⋈∈⊤∋≻⋈∈⊤∋≻⋈∈⊥∋≻⋈∈⊤∋≻⋈∈⊤∋≻⋈∈⊥∋⊙⊡⊣
⊢≻⋈∈⊥∋≻⋈∈⊤∋≻⋈∈⊤∋≻⋈∈⊥∋≻⋈∈⊤∋≻⋈∈⊤∋≻⋈∈⊥∋≻⋈∈⊥∋≻⋈∈⊤∋≻⋈∈⊤∋≻⋈∈⊥∋⊙⊡⊣
⊢≻⋈∈⊤∋≻⋈∈⊥∋≻⋈∈⊤∋≻⋈∈⊤∋≻⋈∈⊥∋≻⋈∈⊥∋≻⋈∈⊤∋≻⋈∈⊤∋≻⋈∈⊥∋≻⋈∈⊥∋≻⋈∈⊥∋≻⋈∈⊥∋≻⋈∈⊥∋≻⋈∈⊤∋≻⋈∈⊥∋≻⋈∈⊥∋≻⋈∈⊤∋≻⋈∈⊥∋≻⋈∈⊤∋≻⋈∈⊤∋≻⋈∈⊥∋≻⋈∈⊥∋≻⋈∈⊥∋⊙⊡⊣
⊢≻⋈∈⊤∋≻⋈∈⊤∋≻⋈∈⊥∋≻⋈∈⊥∋≻⋈∈⊤∋≻⋈∈⊥∋≻⋈∈⊥∋≻⋈∈⊤∋≻⋈∈⊤∋≻⋈∈⊥∋⊙⊡⊣
⊢≻⋈∈⊤∋≻⋈∈⊥∋≻⋈∈⊥∋≻⋈∈⊤∋≻⋈∈⊤∋≻⋈∈⊥∋≻⋈∈⊥∋≻⋈∈⊤∋≻⋈∈⊥∋≻⋈∈⊥∋⊙⊡⊣
⊢≻⋈∈⊥∋≻⋈∈⊥∋≻⋈∈⊤∋≻⋈∈⊥∋≻⋈∈⊥∋≻⋈∈⊤∋≻⋈∈⊤∋≻⋈∈⊥∋≻⋈∈⊤∋≻⋈∈⊤∋≻⋈∈⊥∋⊙⊡⊣
⊢≻⋈∈⊥∋≻⋈∈⊥∋≻⋈∈⊤∋≻⋈∈⊥∋≻⋈∈⊤∋≻⋈∈⊤∋≻⋈∈⊥∋≻⋈∈⊥∋≻⋈∈⊤∋≻⋈∈⊤∋≻⋈∈⊥∋⊙⊡⊣
⊢≻⋈∈⊥∋≻⋈∈⊤∋≻⋈∈⊥∋≻⋈∈⊤∋≻⋈∈⊥∋≻⋈∈⊥∋≻⋈∈⊤∋≻⋈∈⊤∋≻⋈∈⊥∋≻⋈∈⊥∋≻⋈∈⊥∋≻⋈∈⊥∋≻⋈∈⊤∋≻⋈∈⊤∋≻⋈∈⊤∋≻⋈∈⊤∋≻⋈∈⊥∋≻⋈∈⊥∋≻⋈∈⊤∋≻⋈∈⊤∋≻⋈∈⊥∋≻⋈∈⊥∋≻⋈∈⊥∋⊙⊡⊣
⊢≻⋈∈⊥∋≻⋈∈⊤∋≻⋈∈⊥∋≻⋈∈⊥∋≻⋈∈⊤∋≻⋈∈⊥∋≻⋈∈⊥∋≻⋈∈⊤∋≻⋈∈⊤∋≻⋈∈⊥∋⊙⊡⊣
⊢≻⋈∈⊥∋≻⋈∈⊤∋≻⋈∈⊥∋≻⋈∈⊥∋≻⋈∈⊥∋≻⋈∈⊤∋≻⋈∈⊤∋≻⋈∈⊥∋⊙⊡⊣
⊢≻⋈∈⊥∋≻⋈∈⊥∋≻⋈∈⊤∋≻⋈∈⊤∋≻⋈∈⊤∋≻⋈∈⊥∋≻⋈∈⊥∋≻⋈∈⊤∋≻⋈∈⊥∋≻⋈∈⊥∋≻⋈∈⊥∋⊙⊡⊣
⊢≻⋈∈⊥∋≻⋈∈⊤∋≻⋈∈⊥∋≻⋈∈⊥∋≻⋈∈⊤∋≻⋈∈⊤∋≻⋈∈⊥∋≻⋈∈⊥∋≻⋈∈⊤∋≻⋈∈⊤∋≻⋈∈⊥∋⊙⊡⊣
⊢≻⋈∈⊤∋≻⋈∈⊤∋≻⋈∈⊤∋≻⋈∈⊥∋≻⋈∈⊥∋≻⋈∈⊥∋≻⋈∈⊤∋≻⋈∈⊤∋≻⋈∈⊥∋≻⋈∈⊥∋≻⋈∈⊥∋≻⋈∈⊥∋≻⋈∈⊥∋≻⋈∈⊥∋≻⋈∈⊤∋≻⋈∈⊤∋≻⋈∈⊥∋≻⋈∈⊥∋≻⋈∈⊤∋≻⋈∈⊤∋≻⋈∈⊥∋≻⋈∈⊥∋≻⋈∈⊥∋⊙⊡⊣
⊢≻⋈∈⊤∋≻⋈∈⊥∋≻⋈∈⊥∋≻⋈∈⊥∋≻⋈∈⊤∋≻⋈∈⊥∋≻⋈∈⊥∋≻⋈∈⊤∋≻⋈∈⊤∋≻⋈∈⊥∋⊙⊡⊣
⊢≻⋈∈⊥∋≻⋈∈⊤∋≻⋈∈⊥∋≻⋈∈⊥∋≻⋈∈⊥∋≻⋈∈⊤∋≻⋈∈⊤∋≻⋈∈⊥∋⊙⊡⊣
⊢≻⋈∈⊤∋≻⋈∈⊤∋≻⋈∈⊥∋≻⋈∈⊤∋≻⋈∈⊤∋≻⋈∈⊥∋≻⋈∈⊥∋≻⋈∈⊤∋≻⋈∈⊥∋≻⋈∈⊥∋≻⋈∈⊥∋⊙⊡⊣
⊢≻⋈∈⊥∋≻⋈∈⊥∋≻⋈∈⊥∋≻⋈∈⊥∋≻⋈∈⊤∋≻⋈∈⊤∋≻⋈∈⊥∋≻⋈∈⊥∋≻⋈∈⊤∋≻⋈∈⊤∋≻⋈∈⊥∋⊙⊡⊣
⊢≻⋈∈⊥∋≻⋈∈⊥∋≻⋈∈⊤∋≻⋈∈⊥∋≻⋈∈⊥∋≻⋈∈⊥∋≻⋈∈⊤∋≻⋈∈⊤∋≻⋈∈⊥∋≻⋈∈⊥∋≻⋈∈⊥∋≻⋈∈⊥∋≻⋈∈⊤∋≻⋈∈⊥∋≻⋈∈⊥∋≻⋈∈⊤∋≻⋈∈⊥∋≻⋈∈⊥∋≻⋈∈⊤∋≻⋈∈⊤∋≻⋈∈⊥∋≻⋈∈⊥∋≻⋈∈⊥∋⊙⊡⊣
⊢≻⋈∈⊥∋≻⋈∈⊥∋≻⋈∈⊥∋≻⋈∈⊥∋≻⋈∈⊤∋≻⋈∈⊥∋≻⋈∈⊥∋≻⋈∈⊤∋≻⋈∈⊤∋≻⋈∈⊥∋⊙⊡⊣
⊢≻⋈∈⊥∋≻⋈∈⊤∋≻⋈∈⊥∋≻⋈∈⊤∋≻⋈∈⊤∋≻⋈∈⊥∋≻⋈∈⊥∋≻⋈∈⊤∋≻⋈∈⊥∋≻⋈∈⊥∋⊙⊡⊣
⊢≻⋈∈⊥∋≻⋈∈⊥∋≻⋈∈⊤∋≻⋈∈⊥∋≻⋈∈⊥∋≻⋈∈⊤∋≻⋈∈⊤∋≻⋈∈⊥∋≻⋈∈⊤∋≻⋈∈⊤∋≻⋈∈⊥∋⊙⊡⊣
⊢≻⋈∈⊥∋≻⋈∈⊤∋≻⋈∈⊤∋≻⋈∈⊤∋≻⋈∈⊥∋≻⋈∈⊤∋≻⋈∈⊥∋≻⋈∈⊥∋≻⋈∈⊤∋≻⋈∈⊤∋≻⋈∈⊥∋⊙⊡⊣
⊢≻⋈∈⊤∋≻⋈∈⊥∋≻⋈∈⊥∋≻⋈∈⊥∋≻⋈∈⊥∋≻⋈∈⊥∋≻⋈∈⊤∋≻⋈∈⊤∋≻⋈∈⊥∋≻⋈∈⊥∋≻⋈∈⊥∋≻⋈∈⊥∋≻⋈∈⊥∋≻⋈∈⊤∋≻⋈∈⊤∋≻⋈∈⊥∋≻⋈∈⊥∋≻⋈∈⊥∋≻⋈∈⊤∋≻⋈∈⊤∋≻⋈∈⊥∋≻⋈∈⊥∋≻⋈∈⊥∋⊙⊡⊣
⊢≻⋈∈⊤∋≻⋈∈⊤∋≻⋈∈⊤∋≻⋈∈⊤∋≻⋈∈⊥∋≻⋈∈⊥∋≻⋈∈⊥∋≻⋈∈⊤∋≻⋈∈⊤∋≻⋈∈⊥∋⊙⊡⊣
⊢≻⋈∈⊥∋≻⋈∈⊤∋≻⋈∈⊥∋≻⋈∈⊤∋≻⋈∈⊤∋≻⋈∈⊥∋≻⋈∈⊥∋≻⋈∈⊤∋≻⋈∈⊥∋≻⋈∈⊥∋⊙⊡⊣
⊢≻⋈∈⊤∋≻⋈∈⊤∋≻⋈∈⊥∋≻⋈∈⊥∋≻⋈∈⊥∋≻⋈∈⊤∋≻⋈∈⊤∋≻⋈∈⊥∋≻⋈∈⊤∋≻⋈∈⊤∋≻⋈∈⊥∋⊙⊡⊣
⊢≻⋈∈⊥∋≻⋈∈⊥∋≻⋈∈⊤∋≻⋈∈⊤∋≻⋈∈⊥∋≻⋈∈⊤∋≻⋈∈⊥∋≻⋈∈⊥∋≻⋈∈⊤∋≻⋈∈⊤∋≻⋈∈⊥∋⊙⊡⊣
⊢≻⋈∈⊥∋≻⋈∈⊤∋≻⋈∈⊤∋≻⋈∈⊤∋≻⋈∈⊤∋≻⋈∈⊤∋≻⋈∈⊥∋≻⋈∈⊤∋≻⋈∈⊥∋≻⋈∈⊥∋≻⋈∈⊥∋≻⋈∈⊥∋≻⋈∈⊤∋≻⋈∈⊤∋≻⋈∈⊥∋≻⋈∈⊥∋≻⋈∈⊥∋≻⋈∈⊥∋≻⋈∈⊤∋≻⋈∈⊤∋≻⋈∈⊥∋≻⋈∈⊥∋≻⋈∈⊥∋⊙⊡⊣
⊢≻⋈∈⊥∋≻⋈∈⊤∋≻⋈∈⊤∋≻⋈∈⊤∋≻⋈∈⊥∋≻⋈∈⊥∋≻⋈∈⊥∋≻⋈∈⊤∋≻⋈∈⊤∋≻⋈∈⊥∋⊙⊡⊣
⊢≻⋈∈⊤∋≻⋈∈⊥∋≻⋈∈⊥∋≻⋈∈⊥∋≻⋈∈⊥∋≻⋈∈⊤∋≻⋈∈⊤∋≻⋈∈⊥∋⊙⊡⊣
⊢≻⋈∈⊤∋≻⋈∈⊥∋≻⋈∈⊤∋≻⋈∈⊤∋≻⋈∈⊤∋≻⋈∈⊥∋≻⋈∈⊥∋≻⋈∈⊤∋≻⋈∈⊥∋≻⋈∈⊥∋≻⋈∈⊥∋⊙⊡⊣
⊢≻⋈∈⊥∋≻⋈∈⊤∋≻⋈∈⊥∋≻⋈∈⊤∋≻⋈∈⊥∋≻⋈∈⊤∋≻⋈∈⊥∋≻⋈∈⊥∋≻⋈∈⊤∋≻⋈∈⊤∋≻⋈∈⊥∋⊙⊡⊣
⊢≻⋈∈⊤∋≻⋈∈⊤∋≻⋈∈⊥∋≻⋈∈⊤∋≻⋈∈⊤∋≻⋈∈⊤∋≻⋈∈⊥∋≻⋈∈⊤∋≻⋈∈⊥∋≻⋈∈⊥∋≻⋈∈⊥∋≻⋈∈⊥∋≻⋈∈⊥∋≻⋈∈⊥∋≻⋈∈⊥∋≻⋈∈⊥∋≻⋈∈⊥∋≻⋈∈⊥∋≻⋈∈⊤∋≻⋈∈⊤∋≻⋈∈⊥∋≻⋈∈⊥∋≻⋈∈⊥∋⊙⊡⊣
⊢≻⋈∈⊤∋≻⋈∈⊥∋≻⋈∈⊤∋≻⋈∈⊤∋≻⋈∈⊥∋≻⋈∈⊥∋≻⋈∈⊥∋≻⋈∈⊤∋≻⋈∈⊤∋≻⋈∈⊥∋⊙⊡⊣
⊢≻⋈∈⊤∋≻⋈∈⊥∋≻⋈∈⊥∋≻⋈∈⊥∋≻⋈∈⊥∋≻⋈∈⊤∋≻⋈∈⊤∋≻⋈∈⊥∋⊙⊡⊣
⊢≻⋈∈⊥∋≻⋈∈⊥∋≻⋈∈⊤∋≻⋈∈⊤∋≻⋈∈⊤∋≻⋈∈⊥∋≻⋈∈⊥∋≻⋈∈⊤∋≻⋈∈⊥∋≻⋈∈⊥∋≻⋈∈⊥∋⊙⊡⊣
⊢≻⋈∈⊥∋≻⋈∈⊥∋≻⋈∈⊥∋≻⋈∈⊤∋≻⋈∈⊥∋≻⋈∈⊤∋≻⋈∈⊥∋≻⋈∈⊥∋≻⋈∈⊤∋≻⋈∈⊤∋≻⋈∈⊥∋⊙⊡⊣
⊢≻⋈∈⊥∋≻⋈∈⊥∋≻⋈∈⊥∋≻⋈∈⊤∋≻⋈∈⊤∋≻⋈∈⊤∋≻⋈∈⊥∋≻⋈∈⊤∋≻⋈∈⊥∋≻⋈∈⊥∋≻⋈∈⊥∋≻⋈∈⊥∋≻⋈∈⊤∋≻⋈∈⊥∋≻⋈∈⊤∋≻⋈∈⊤∋≻⋈∈⊤∋≻⋈∈⊤∋≻⋈∈⊥∋≻⋈∈⊤∋≻⋈∈⊥∋≻⋈∈⊥∋≻⋈∈⊥∋⊙⊡⊣
⊢≻⋈∈⊥∋≻⋈∈⊥∋≻⋈∈⊤∋≻⋈∈⊤∋≻⋈∈⊥∋≻⋈∈⊥∋≻⋈∈⊥∋≻⋈∈⊤∋≻⋈∈⊤∋≻⋈∈⊥∋⊙⊡⊣
⊢≻⋈∈⊤∋≻⋈∈⊤∋≻⋈∈⊥∋≻⋈∈⊤∋≻⋈∈⊤∋≻⋈∈⊥∋≻⋈∈⊥∋≻⋈∈⊤∋≻⋈∈⊥∋≻⋈∈⊥∋⊙⊡⊣
⊢≻⋈∈⊤∋≻⋈∈⊤∋≻⋈∈⊥∋≻⋈∈⊥∋≻⋈∈⊥∋≻⋈∈⊤∋≻⋈∈⊤∋≻⋈∈⊥∋≻⋈∈⊤∋≻⋈∈⊤∋≻⋈∈⊥∋⊙⊡⊣
⊢≻⋈∈⊥∋≻⋈∈⊤∋≻⋈∈⊤∋≻⋈∈⊥∋≻⋈∈⊥∋≻⋈∈⊤∋≻⋈∈⊥∋≻⋈∈⊥∋≻⋈∈⊤∋≻⋈∈⊤∋≻⋈∈⊥∋⊙⊡⊣
⊢≻⋈∈⊤∋≻⋈∈⊥∋≻⋈∈⊤∋≻⋈∈⊥∋≻⋈∈⊤∋≻⋈∈⊤∋≻⋈∈⊥∋≻⋈∈⊤∋≻⋈∈⊥∋≻⋈∈⊥∋≻⋈∈⊥∋≻⋈∈⊥∋≻⋈∈⊥∋≻⋈∈⊤∋≻⋈∈⊥∋≻⋈∈⊤∋≻⋈∈⊤∋≻⋈∈⊤∋≻⋈∈⊥∋≻⋈∈⊤∋≻⋈∈⊥∋≻⋈∈⊥∋≻⋈∈⊥∋⊙⊡⊣
⊢≻⋈∈⊤∋≻⋈∈⊤∋≻⋈∈⊥∋≻⋈∈⊤∋≻⋈∈⊥∋≻⋈∈⊥∋≻⋈∈⊥∋≻⋈∈⊤∋≻⋈∈⊤∋≻⋈∈⊥∋⊙⊡⊣
⊢≻⋈∈⊤∋≻⋈∈⊤∋≻⋈∈⊥∋≻⋈∈⊤∋≻⋈∈⊤∋≻⋈∈⊥∋≻⋈∈⊥∋≻⋈∈⊤∋≻⋈∈⊥∋≻⋈∈⊥∋⊙⊡⊣
⊢≻⋈∈⊥∋≻⋈∈⊤∋≻⋈∈⊥∋≻⋈∈⊥∋≻⋈∈⊥∋≻⋈∈⊤∋≻⋈∈⊤∋≻⋈∈⊥∋≻⋈∈⊤∋≻⋈∈⊤∋≻⋈∈⊥∋⊙⊡⊣
⊢≻⋈∈⊥∋≻⋈∈⊥∋≻⋈∈⊤∋≻⋈∈⊥∋≻⋈∈⊥∋≻⋈∈⊤∋≻⋈∈⊥∋≻⋈∈⊥∋≻⋈∈⊤∋≻⋈∈⊤∋≻⋈∈⊥∋⊙⊡⊣
⊢≻⋈∈⊥∋≻⋈∈⊤∋≻⋈∈⊥∋≻⋈∈⊥∋≻⋈∈⊤∋≻⋈∈⊤∋≻⋈∈⊥∋≻⋈∈⊤∋≻⋈∈⊥∋≻⋈∈⊥∋≻⋈∈⊥∋≻⋈∈⊥∋≻⋈∈⊤∋≻⋈∈⊤∋≻⋈∈⊤∋≻⋈∈⊥∋≻⋈∈⊤∋≻⋈∈⊤∋≻⋈∈⊥∋≻⋈∈⊤∋≻⋈∈⊥∋≻⋈∈⊥∋≻⋈∈⊥∋⊙⊡⊣
⊢≻⋈∈⊥∋≻⋈∈⊤∋≻⋈∈⊥∋≻⋈∈⊤∋≻⋈∈⊥∋≻⋈∈⊥∋≻⋈∈⊥∋≻⋈∈⊤∋≻⋈∈⊤∋≻⋈∈⊥∋⊙⊡⊣
⊢≻⋈∈⊥∋≻⋈∈⊥∋≻⋈∈⊥∋≻⋈∈⊥∋≻⋈∈⊥∋≻⋈∈⊤∋≻⋈∈⊤∋≻⋈∈⊥∋⊙⊡⊣
⊢≻⋈∈⊥∋≻⋈∈⊤∋≻⋈∈⊤∋≻⋈∈⊤∋≻⋈∈⊤∋≻⋈∈⊥∋≻⋈∈⊥∋≻⋈∈⊤∋≻⋈∈⊥∋≻⋈∈⊥∋≻⋈∈⊥∋⊙⊡⊣
⊢≻⋈∈⊥∋≻⋈∈⊤∋≻⋈∈⊥∋≻⋈∈⊥∋≻⋈∈⊥∋≻⋈∈⊤∋≻⋈∈⊥∋≻⋈∈⊥∋≻⋈∈⊤∋≻⋈∈⊤∋≻⋈∈⊥∋⊙⊡⊣
⊢≻⋈∈⊤∋≻⋈∈⊤∋≻⋈∈⊤∋≻⋈∈⊤∋≻⋈∈⊥∋≻⋈∈⊤∋≻⋈∈⊥∋≻⋈∈⊤∋≻⋈∈⊥∋≻⋈∈⊥∋≻⋈∈⊥∋≻⋈∈⊥∋≻⋈∈⊥∋≻⋈∈⊥∋≻⋈∈⊤∋≻⋈∈⊥∋≻⋈∈⊤∋≻⋈∈⊤∋≻⋈∈⊥∋≻⋈∈⊤∋≻⋈∈⊥∋≻⋈∈⊥∋≻⋈∈⊥∋⊙⊡⊣
⊢≻⋈∈⊤∋≻⋈∈⊥∋≻⋈∈⊥∋≻⋈∈⊤∋≻⋈∈⊥∋≻⋈∈⊥∋≻⋈∈⊥∋≻⋈∈⊤∋≻⋈∈⊤∋≻⋈∈⊥∋⊙⊡⊣
⊢≻⋈∈⊥∋≻⋈∈⊥∋≻⋈∈⊥∋≻⋈∈⊥∋≻⋈∈⊥∋≻⋈∈⊤∋≻⋈∈⊤∋≻⋈∈⊥∋⊙⊡⊣
⊢≻⋈∈⊤∋≻⋈∈⊥∋≻⋈∈⊤∋≻⋈∈⊤∋≻⋈∈⊤∋≻⋈∈⊥∋≻⋈∈⊥∋≻⋈∈⊤∋≻⋈∈⊥∋≻⋈∈⊥∋≻⋈∈⊥∋⊙⊡⊣
⊢≻⋈∈⊥∋≻⋈∈⊥∋≻⋈∈⊥∋≻⋈∈⊥∋≻⋈∈⊥∋≻⋈∈⊤∋≻⋈∈⊥∋≻⋈∈⊥∋≻⋈∈⊤∋≻⋈∈⊤∋≻⋈∈⊥∋⊙⊡⊣
⊢≻⋈∈⊥∋≻⋈∈⊥∋≻⋈∈⊤∋≻⋈∈⊤∋≻⋈∈⊥∋≻⋈∈⊤∋≻⋈∈⊥∋≻⋈∈⊤∋≻⋈∈⊥∋≻⋈∈⊥∋≻⋈∈⊥∋≻⋈∈⊥∋≻⋈∈⊤∋≻⋈∈⊥∋≻⋈∈⊥∋≻⋈∈⊥∋≻⋈∈⊤∋≻⋈∈⊤∋≻⋈∈⊥∋≻⋈∈⊤∋≻⋈∈⊥∋≻⋈∈⊥∋≻⋈∈⊥∋⊙⊡⊣
⊢≻⋈∈⊥∋≻⋈∈⊥∋≻⋈∈⊥∋≻⋈∈⊤∋≻⋈∈⊥∋≻⋈∈⊥∋≻⋈∈⊥∋≻⋈∈⊤∋≻⋈∈⊤∋≻⋈∈⊥∋⊙⊡⊣
⊢≻⋈∈⊥∋≻⋈∈⊥∋≻⋈∈⊤∋≻⋈∈⊤∋≻⋈∈⊤∋≻⋈∈⊥∋≻⋈∈⊥∋≻⋈∈⊤∋≻⋈∈⊥∋≻⋈∈⊥∋⊙⊡⊣
⊢≻⋈∈⊥∋≻⋈∈⊤∋≻⋈∈⊥∋≻⋈∈⊥∋≻⋈∈⊥∋≻⋈∈⊤∋≻⋈∈⊤∋≻⋈∈⊥∋≻⋈∈⊤∋≻⋈∈⊤∋≻⋈∈⊥∋⊙⊡⊣
⊢≻⋈∈⊥∋≻⋈∈⊤∋≻⋈∈⊤∋≻⋈∈⊤∋≻⋈∈⊤∋≻⋈∈⊥∋≻⋈∈⊥∋≻⋈∈⊥∋≻⋈∈⊤∋≻⋈∈⊤∋≻⋈∈⊥∋⊙⊡⊣
⊢≻⋈∈⊤∋≻⋈∈⊥∋≻⋈∈⊥∋≻⋈∈⊤∋≻⋈∈⊥∋≻⋈∈⊤∋≻⋈∈⊥∋≻⋈∈⊤∋≻⋈∈⊥∋≻⋈∈⊥∋≻⋈∈⊥∋≻⋈∈⊥∋≻⋈∈⊥∋≻⋈∈⊤∋≻⋈∈⊤∋≻⋈∈⊤∋≻⋈∈⊥∋≻⋈∈⊤∋≻⋈∈⊥∋≻⋈∈⊤∋≻⋈∈⊥∋≻⋈∈⊥∋≻⋈∈⊥∋⊙⊡⊣
⊢≻⋈∈⊤∋≻⋈∈⊤∋≻⋈∈⊤∋≻⋈∈⊥∋≻⋈∈⊥∋≻⋈∈⊥∋≻⋈∈⊥∋≻⋈∈⊤∋≻⋈∈⊤∋≻⋈∈⊥∋⊙⊡⊣
⊢≻⋈∈⊥∋≻⋈∈⊥∋≻⋈∈⊤∋≻⋈∈⊤∋≻⋈∈⊤∋≻⋈∈⊥∋≻⋈∈⊥∋≻⋈∈⊤∋≻⋈∈⊥∋≻⋈∈⊥∋⊙⊡⊣
⊢≻⋈∈⊤∋≻⋈∈⊥∋≻⋈∈⊥∋≻⋈∈⊥∋≻⋈∈⊥∋≻⋈∈⊤∋≻⋈∈⊤∋≻⋈∈⊥∋≻⋈∈⊤∋≻⋈∈⊤∋≻⋈∈⊥∋⊙⊡⊣
⊢≻⋈∈⊥∋≻⋈∈⊥∋≻⋈∈⊤∋≻⋈∈⊤∋≻⋈∈⊤∋≻⋈∈⊥∋≻⋈∈⊥∋≻⋈∈⊥∋≻⋈∈⊤∋≻⋈∈⊤∋≻⋈∈⊥∋⊙⊡⊣
⊢≻⋈∈⊥∋≻⋈∈⊤∋≻⋈∈⊤∋≻⋈∈⊥∋≻⋈∈⊥∋≻⋈∈⊤∋≻⋈∈⊥∋≻⋈∈⊤∋≻⋈∈⊥∋≻⋈∈⊥∋≻⋈∈⊥∋≻⋈∈⊥∋≻⋈∈⊤∋≻⋈∈⊤∋≻⋈∈⊥∋≻⋈∈⊤∋≻⋈∈⊥∋≻⋈∈⊤∋≻⋈∈⊥∋≻⋈∈⊤∋≻⋈∈⊥∋≻⋈∈⊥∋≻⋈∈⊥∋⊙⊡⊣
⊢≻⋈∈⊥∋≻⋈∈⊤∋≻⋈∈⊤∋≻⋈∈⊥∋≻⋈∈⊥∋≻⋈∈⊥∋≻⋈∈⊥∋≻⋈∈⊤∋≻⋈∈⊤∋≻⋈∈⊥∋⊙⊡⊣
⊢≻⋈∈⊤∋≻⋈∈⊤∋≻⋈∈⊤∋≻⋈∈⊤∋≻⋈∈⊤∋≻⋈∈⊥∋≻⋈∈⊤∋≻⋈∈⊥∋⊙⊡⊣
⊢≻⋈∈⊤∋≻⋈∈⊤∋≻⋈∈⊤∋≻⋈∈⊤∋≻⋈∈⊤∋≻⋈∈⊥∋≻⋈∈⊥∋≻⋈∈⊤∋≻⋈∈⊥∋≻⋈∈⊥∋≻⋈∈⊥∋⊙⊡⊣
⊢≻⋈∈⊥∋≻⋈∈⊤∋≻⋈∈⊥∋≻⋈∈⊤∋≻⋈∈⊤∋≻⋈∈⊥∋≻⋈∈⊥∋≻⋈∈⊥∋≻⋈∈⊤∋≻⋈∈⊤∋≻⋈∈⊥∋⊙⊡⊣
⊢≻⋈∈⊤∋≻⋈∈⊤∋≻⋈∈⊥∋≻⋈∈⊥∋≻⋈∈⊥∋≻⋈∈⊤∋≻⋈∈⊥∋≻⋈∈⊤∋≻⋈∈⊥∋≻⋈∈⊥∋≻⋈∈⊥∋≻⋈∈⊥∋≻⋈∈⊥∋≻⋈∈⊥∋≻⋈∈⊥∋≻⋈∈⊤∋≻⋈∈⊥∋≻⋈∈⊤∋≻⋈∈⊥∋≻⋈∈⊤∋≻⋈∈⊥∋≻⋈∈⊥∋≻⋈∈⊥∋⊙⊡⊣
⊢≻⋈∈⊤∋≻⋈∈⊥∋≻⋈∈⊤∋≻⋈∈⊥∋≻⋈∈⊥∋≻⋈∈⊥∋≻⋈∈⊥∋≻⋈∈⊤∋≻⋈∈⊤∋≻⋈∈⊥∋⊙⊡⊣
⊢≻⋈∈⊤∋≻⋈∈⊤∋≻⋈∈⊤∋≻⋈∈⊤∋≻⋈∈⊤∋≻⋈∈⊥∋≻⋈∈⊤∋≻⋈∈⊥∋⊙⊡⊣
⊢≻⋈∈⊥∋≻⋈∈⊤∋≻⋈∈⊤∋≻⋈∈⊤∋≻⋈∈⊤∋≻⋈∈⊥∋≻⋈∈⊥∋≻⋈∈⊤∋≻⋈∈⊥∋≻⋈∈⊥∋≻⋈∈⊥∋⊙⊡⊣
⊢≻⋈∈⊥∋≻⋈∈⊥∋≻⋈∈⊥∋≻⋈∈⊤∋≻⋈∈⊤∋≻⋈∈⊥∋≻⋈∈⊥∋≻⋈∈⊥∋≻⋈∈⊤∋≻⋈∈⊤∋≻⋈∈⊥∋⊙⊡⊣
⊢≻⋈∈⊥∋≻⋈∈⊥∋≻⋈∈⊥∋≻⋈∈⊥∋≻⋈∈⊥∋≻⋈∈⊤∋≻⋈∈⊥∋≻⋈∈⊤∋≻⋈∈⊥∋≻⋈∈⊥∋≻⋈∈⊥∋≻⋈∈⊥∋≻⋈∈⊤∋≻⋈∈⊥∋≻⋈∈⊤∋≻⋈∈⊥∋≻⋈∈⊥∋≻⋈∈⊤∋≻⋈∈⊥∋≻⋈∈⊤∋≻⋈∈⊥∋≻⋈∈⊥∋≻⋈∈⊥∋⊙⊡⊣
⊢≻⋈∈⊥∋≻⋈∈⊥∋≻⋈∈⊤∋≻⋈∈⊥∋≻⋈∈⊥∋≻⋈∈⊥∋≻⋈∈⊥∋≻⋈∈⊤∋≻⋈∈⊤∋≻⋈∈⊥∋⊙⊡⊣
⊢≻⋈∈⊤∋≻⋈∈⊥∋≻⋈∈⊤∋≻⋈∈⊤∋≻⋈∈⊤∋≻⋈∈⊥∋≻⋈∈⊥∋≻⋈∈⊤∋≻⋈∈⊥∋≻⋈∈⊥∋⊙⊡⊣
⊢≻⋈∈⊤∋≻⋈∈⊥∋≻⋈∈⊥∋≻⋈∈⊥∋≻⋈∈⊥∋≻⋈∈⊤∋≻⋈∈⊤∋≻⋈∈⊥∋≻⋈∈⊤∋≻⋈∈⊤∋≻⋈∈⊥∋⊙⊡⊣
⊢≻⋈∈⊥∋≻⋈∈⊤∋≻⋈∈⊤∋≻⋈∈⊥∋≻⋈∈⊤∋≻⋈∈⊥∋≻⋈∈⊥∋≻⋈∈⊥∋≻⋈∈⊤∋≻⋈∈⊤∋≻⋈∈⊥∋⊙⊡⊣
⊢≻⋈∈⊤∋≻⋈∈⊥∋≻⋈∈⊤∋≻⋈∈⊤∋≻⋈∈⊤∋≻⋈∈⊥∋≻⋈∈⊥∋≻⋈∈⊤∋≻⋈∈⊥∋≻⋈∈⊥∋≻⋈∈⊥∋≻⋈∈⊥∋≻⋈∈⊥∋≻⋈∈⊤∋≻⋈∈⊥∋≻⋈∈⊥∋≻⋈∈⊥∋≻⋈∈⊤∋≻⋈∈⊥∋≻⋈∈⊤∋≻⋈∈⊥∋≻⋈∈⊥∋≻⋈∈⊥∋⊙⊡⊣
⊢≻⋈∈⊤∋≻⋈∈⊤∋≻⋈∈⊥∋≻⋈∈⊥∋≻⋈∈⊥∋≻⋈∈⊥∋≻⋈∈⊥∋≻⋈∈⊤∋≻⋈∈⊤∋≻⋈∈⊥∋⊙⊡⊣
⊢≻⋈∈⊤∋≻⋈∈⊥∋≻⋈∈⊤∋≻⋈∈⊤∋≻⋈∈⊤∋≻⋈∈⊥∋≻⋈∈⊥∋≻⋈∈⊤∋≻⋈∈⊥∋≻⋈∈⊥∋⊙⊡⊣
⊢≻⋈∈⊥∋≻⋈∈⊥∋≻⋈∈⊥∋≻⋈∈⊥∋≻⋈∈⊥∋≻⋈∈⊤∋≻⋈∈⊤∋≻⋈∈⊥∋≻⋈∈⊤∋≻⋈∈⊤∋≻⋈∈⊥∋⊙⊡⊣
⊢≻⋈∈⊥∋≻⋈∈⊥∋≻⋈∈⊤∋≻⋈∈⊥∋≻⋈∈⊤∋≻⋈∈⊥∋≻⋈∈⊥∋≻⋈∈⊥∋≻⋈∈⊤∋≻⋈∈⊤∋≻⋈∈⊥∋⊙⊡⊣
⊢≻⋈∈⊥∋≻⋈∈⊤∋≻⋈∈⊥∋≻⋈∈⊤∋≻⋈∈⊤∋≻⋈∈⊥∋≻⋈∈⊥∋≻⋈∈⊤∋≻⋈∈⊥∋≻⋈∈⊥∋≻⋈∈⊥∋≻⋈∈⊥∋≻⋈∈⊤∋≻⋈∈⊤∋≻⋈∈⊤∋≻⋈∈⊤∋≻⋈∈⊤∋≻⋈∈⊥∋≻⋈∈⊥∋≻⋈∈⊤∋≻⋈∈⊥∋≻⋈∈⊥∋≻⋈∈⊥∋⊙⊡⊣
⊢≻⋈∈⊥∋≻⋈∈⊤∋≻⋈∈⊥∋≻⋈∈⊥∋≻⋈∈⊥∋≻⋈∈⊥∋≻⋈∈⊥∋≻⋈∈⊤∋≻⋈∈⊤∋≻⋈∈⊥∋⊙⊡⊣
⊢≻⋈∈⊥∋≻⋈∈⊤∋≻⋈∈⊤∋≻⋈∈⊤∋≻⋈∈⊤∋≻⋈∈⊥∋≻⋈∈⊤∋≻⋈∈⊥∋⊙⊡⊣
⊢≻⋈∈⊥∋≻⋈∈⊥∋≻⋈∈⊥∋≻⋈∈⊥∋≻⋈∈⊥∋≻⋈∈⊤∋≻⋈∈⊥∋≻⋈∈⊤∋≻⋈∈⊥∋≻⋈∈⊥∋≻⋈∈⊥∋⊙⊡⊣
⊢≻⋈∈⊥∋≻⋈∈⊤∋≻⋈∈⊥∋≻⋈∈⊥∋≻⋈∈⊤∋≻⋈∈⊥∋≻⋈∈⊥∋≻⋈∈⊥∋≻⋈∈⊤∋≻⋈∈⊤∋≻⋈∈⊥∋⊙⊡⊣
⊢≻⋈∈⊤∋≻⋈∈⊤∋≻⋈∈⊤∋≻⋈∈⊥∋≻⋈∈⊤∋≻⋈∈⊥∋≻⋈∈⊥∋≻⋈∈⊤∋≻⋈∈⊥∋≻⋈∈⊥∋≻⋈∈⊥∋≻⋈∈⊥∋≻⋈∈⊥∋≻⋈∈⊥∋≻⋈∈⊤∋≻⋈∈⊤∋≻⋈∈⊤∋≻⋈∈⊥∋≻⋈∈⊥∋≻⋈∈⊤∋≻⋈∈⊥∋≻⋈∈⊥∋≻⋈∈⊥∋⊙⊡⊣
⊢≻⋈∈⊤∋≻⋈∈⊥∋≻⋈∈⊥∋≻⋈∈⊥∋≻⋈∈⊥∋≻⋈∈⊥∋≻⋈∈⊥∋≻⋈∈⊤∋≻⋈∈⊤∋≻⋈∈⊥∋⊙⊡⊣
⊢≻⋈∈⊥∋≻⋈∈⊤∋≻⋈∈⊤∋≻⋈∈⊤∋≻⋈∈⊤∋≻⋈∈⊥∋≻⋈∈⊤∋≻⋈∈⊥∋⊙⊡⊣
⊢≻⋈∈⊤∋≻⋈∈⊤∋≻⋈∈⊤∋≻⋈∈⊤∋≻⋈∈⊤∋≻⋈∈⊥∋≻⋈∈⊥∋≻⋈∈⊤∋≻⋈∈⊥∋≻⋈∈⊥∋≻⋈∈⊥∋⊙⊡⊣
⊢≻⋈∈⊥∋≻⋈∈⊥∋≻⋈∈⊥∋≻⋈∈⊥∋≻⋈∈⊤∋≻⋈∈⊥∋≻⋈∈⊥∋≻⋈∈⊥∋≻⋈∈⊤∋≻⋈∈⊤∋≻⋈∈⊥∋⊙⊡⊣
⊢≻⋈∈⊥∋≻⋈∈⊥∋≻⋈∈⊤∋≻⋈∈⊥∋≻⋈∈⊤∋≻⋈∈⊥∋≻⋈∈⊥∋≻⋈∈⊤∋≻⋈∈⊥∋≻⋈∈⊥∋≻⋈∈⊥∋≻⋈∈⊥∋≻⋈∈⊤∋≻⋈∈⊥∋≻⋈∈⊥∋≻⋈∈⊤∋≻⋈∈⊤∋≻⋈∈⊥∋≻⋈∈⊥∋≻⋈∈⊤∋≻⋈∈⊥∋≻⋈∈⊥∋≻⋈∈⊥∋⊙⊡⊣
⊢≻⋈∈⊥∋≻⋈∈⊥∋≻⋈∈⊥∋≻⋈∈⊥∋≻⋈∈⊥∋≻⋈∈⊥∋≻⋈∈⊥∋≻⋈∈⊤∋≻⋈∈⊤∋≻⋈∈⊥∋⊙⊡⊣
⊢≻⋈∈⊥∋≻⋈∈⊤∋≻⋈∈⊤∋≻⋈∈⊤∋≻⋈∈⊤∋≻⋈∈⊥∋≻⋈∈⊥∋≻⋈∈⊤∋≻⋈∈⊥∋≻⋈∈⊥∋⊙⊡⊣
⊢≻⋈∈⊥∋≻⋈∈⊥∋≻⋈∈⊥∋≻⋈∈⊥∋≻⋈∈⊥∋≻⋈∈⊤∋≻⋈∈⊤∋≻⋈∈⊥∋≻⋈∈⊤∋≻⋈∈⊤∋≻⋈∈⊥∋⊙⊡⊣
⊢≻⋈∈⊥∋≻⋈∈⊤∋≻⋈∈⊤∋≻⋈∈⊤∋≻⋈∈⊥∋≻⋈∈⊥∋≻⋈∈⊥∋≻⋈∈⊥∋≻⋈∈⊤∋≻⋈∈⊤∋≻⋈∈⊥∋⊙⊡⊣
⊢≻⋈∈⊤∋≻⋈∈⊥∋≻⋈∈⊥∋≻⋈∈⊥∋≻⋈∈⊤∋≻⋈∈⊥∋≻⋈∈⊥∋≻⋈∈⊤∋≻⋈∈⊥∋≻⋈∈⊥∋≻⋈∈⊥∋≻⋈∈⊥∋≻⋈∈⊥∋≻⋈∈⊤∋≻⋈∈⊤∋≻⋈∈⊥∋≻⋈∈⊤∋≻⋈∈⊥∋≻⋈∈⊥∋≻⋈∈⊤∋≻⋈∈⊥∋≻⋈∈⊥∋≻⋈∈⊥∋⊙⊡⊣
⊢≻⋈∈⊤∋≻⋈∈⊤∋≻⋈∈⊤∋≻⋈∈⊤∋≻⋈∈⊤∋≻⋈∈⊤∋≻⋈∈⊤∋≻⋈∈⊥∋≻⋈∈⊤∋≻⋈∈⊥∋⊙⊡⊣
⊢≻⋈∈⊥∋≻⋈∈⊤∋≻⋈∈⊤∋≻⋈∈⊤∋≻⋈∈⊤∋≻⋈∈⊥∋≻⋈∈⊥∋≻⋈∈⊤∋≻⋈∈⊥∋≻⋈∈⊥∋⊙⊡⊣
⊢≻⋈∈⊤∋≻⋈∈⊤∋≻⋈∈⊤∋≻⋈∈⊤∋≻⋈∈⊤∋≻⋈∈⊥∋≻⋈∈⊤∋≻⋈∈⊥∋≻⋈∈⊤∋≻⋈∈⊤∋≻⋈∈⊥∋⊙⊡⊣
⊢≻⋈∈⊥∋≻⋈∈⊥∋≻⋈∈⊤∋≻⋈∈⊤∋≻⋈∈⊥∋≻⋈∈⊥∋≻⋈∈⊥∋≻⋈∈⊥∋≻⋈∈⊤∋≻⋈∈⊤∋≻⋈∈⊥∋⊙⊡⊣
⊢≻⋈∈⊥∋≻⋈∈⊤∋≻⋈∈⊤∋≻⋈∈⊤∋≻⋈∈⊥∋≻⋈∈⊥∋≻⋈∈⊥∋≻⋈∈⊤∋≻⋈∈⊥∋≻⋈∈⊥∋≻⋈∈⊥∋≻⋈∈⊥∋≻⋈∈⊤∋≻⋈∈⊤∋≻⋈∈⊥∋≻⋈∈⊥∋≻⋈∈⊤∋≻⋈∈⊥∋≻⋈∈⊥∋≻⋈∈⊤∋≻⋈∈⊥∋≻⋈∈⊥∋≻⋈∈⊥∋⊙⊡⊣
⊢≻⋈∈⊥∋≻⋈∈⊤∋≻⋈∈⊤∋≻⋈∈⊤∋≻⋈∈⊤∋≻⋈∈⊤∋≻⋈∈⊤∋≻⋈∈⊥∋≻⋈∈⊤∋≻⋈∈⊥∋⊙⊡⊣
⊢≻⋈∈⊤∋≻⋈∈⊥∋≻⋈∈⊤∋≻⋈∈⊤∋≻⋈∈⊤∋≻⋈∈⊥∋≻⋈∈⊤∋≻⋈∈⊥∋⊙⊡⊣
⊢≻⋈∈⊤∋≻⋈∈⊥∋≻⋈∈⊥∋≻⋈∈⊥∋≻⋈∈⊥∋≻⋈∈⊤∋≻⋈∈⊥∋≻⋈∈⊤∋≻⋈∈⊥∋≻⋈∈⊥∋≻⋈∈⊥∋⊙⊡⊣
⊢≻⋈∈⊥∋≻⋈∈⊤∋≻⋈∈⊥∋≻⋈∈⊤∋≻⋈∈⊥∋≻⋈∈⊥∋≻⋈∈⊥∋≻⋈∈⊥∋≻⋈∈⊤∋≻⋈∈⊤∋≻⋈∈⊥∋⊙⊡⊣
⊢≻⋈∈⊤∋≻⋈∈⊤∋≻⋈∈⊥∋≻⋈∈⊤∋≻⋈∈⊥∋≻⋈∈⊥∋≻⋈∈⊥∋≻⋈∈⊤∋≻⋈∈⊥∋≻⋈∈⊥∋≻⋈∈⊥∋≻⋈∈⊥∋≻⋈∈⊥∋≻⋈∈⊥∋≻⋈∈⊥∋≻⋈∈⊥∋≻⋈∈⊤∋≻⋈∈⊥∋≻⋈∈⊥∋≻⋈∈⊤∋≻⋈∈⊥∋≻⋈∈⊥∋≻⋈∈⊥∋⊙⊡⊣
⊢≻⋈∈⊤∋≻⋈∈⊥∋≻⋈∈⊤∋≻⋈∈⊤∋≻⋈∈⊤∋≻⋈∈⊤∋≻⋈∈⊤∋≻⋈∈⊥∋≻⋈∈⊤∋≻⋈∈⊥∋⊙⊡⊣
⊢≻⋈∈⊤∋≻⋈∈⊥∋≻⋈∈⊤∋≻⋈∈⊤∋≻⋈∈⊤∋≻⋈∈⊥∋≻⋈∈⊤∋≻⋈∈⊥∋⊙⊡⊣
⊢≻⋈∈⊥∋≻⋈∈⊥∋≻⋈∈⊥∋≻⋈∈⊥∋≻⋈∈⊥∋≻⋈∈⊤∋≻⋈∈⊥∋≻⋈∈⊤∋≻⋈∈⊥∋≻⋈∈⊥∋≻⋈∈⊥∋⊙⊡⊣
⊢≻⋈∈⊥∋≻⋈∈⊥∋≻⋈∈⊥∋≻⋈∈⊤∋≻⋈∈⊥∋≻⋈∈⊥∋≻⋈∈⊥∋≻⋈∈⊥∋≻⋈∈⊤∋≻⋈∈⊤∋≻⋈∈⊥∋⊙⊡⊣
⊢≻⋈∈⊥∋≻⋈∈⊥∋≻⋈∈⊥∋≻⋈∈⊤∋≻⋈∈⊥∋≻⋈∈⊥∋≻⋈∈⊥∋≻⋈∈⊤∋≻⋈∈⊥∋≻⋈∈⊥∋≻⋈∈⊥∋≻⋈∈⊥∋≻⋈∈⊤∋≻⋈∈⊥∋≻⋈∈⊤∋≻⋈∈⊤∋≻⋈∈⊥∋≻⋈∈⊥∋≻⋈∈⊥∋≻⋈∈⊤∋≻⋈∈⊥∋≻⋈∈⊥∋≻⋈∈⊥∋⊙⊡⊣
⊢≻⋈∈⊥∋≻⋈∈⊥∋≻⋈∈⊤∋≻⋈∈⊤∋≻⋈∈⊤∋≻⋈∈⊤∋≻⋈∈⊤∋≻⋈∈⊥∋≻⋈∈⊤∋≻⋈∈⊥∋⊙⊡⊣
⊢≻⋈∈⊤∋≻⋈∈⊤∋≻⋈∈⊤∋≻⋈∈⊤∋≻⋈∈⊤∋≻⋈∈⊥∋≻⋈∈⊥∋≻⋈∈⊤∋≻⋈∈⊥∋≻⋈∈⊥∋⊙⊡⊣
⊢≻⋈∈⊤∋≻⋈∈⊤∋≻⋈∈⊤∋≻⋈∈⊤∋≻⋈∈⊤∋≻⋈∈⊥∋≻⋈∈⊤∋≻⋈∈⊥∋≻⋈∈⊤∋≻⋈∈⊤∋≻⋈∈⊥∋⊙⊡⊣
⊢≻⋈∈⊥∋≻⋈∈⊤∋≻⋈∈⊤∋≻⋈∈⊥∋≻⋈∈⊥∋≻⋈∈⊥∋≻⋈∈⊥∋≻⋈∈⊥∋≻⋈∈⊤∋≻⋈∈⊤∋≻⋈∈⊥∋⊙⊡⊣
⊢≻⋈∈⊤∋≻⋈∈⊥∋≻⋈∈⊤∋≻⋈∈⊥∋≻⋈∈⊥∋≻⋈∈⊥∋≻⋈∈⊥∋≻⋈∈⊤∋≻⋈∈⊥∋≻⋈∈⊥∋≻⋈∈⊥∋≻⋈∈⊥∋≻⋈∈⊥∋≻⋈∈⊤∋≻⋈∈⊥∋≻⋈∈⊤∋≻⋈∈⊥∋≻⋈∈⊥∋≻⋈∈⊥∋≻⋈∈⊤∋≻⋈∈⊥∋≻⋈∈⊥∋≻⋈∈⊥∋⊙⊡⊣
⊢≻⋈∈⊤∋≻⋈∈⊤∋≻⋈∈⊥∋≻⋈∈⊤∋≻⋈∈⊤∋≻⋈∈⊤∋≻⋈∈⊤∋≻⋈∈⊥∋≻⋈∈⊤∋≻⋈∈⊥∋⊙⊡⊣
⊢≻⋈∈⊤∋≻⋈∈⊤∋≻⋈∈⊤∋≻⋈∈⊤∋≻⋈∈⊤∋≻⋈∈⊥∋≻⋈∈⊥∋≻⋈∈⊤∋≻⋈∈⊥∋≻⋈∈⊥∋⊙⊡⊣
⊢≻⋈∈⊥∋≻⋈∈⊤∋≻⋈∈⊤∋≻⋈∈⊤∋≻⋈∈⊤∋≻⋈∈⊥∋≻⋈∈⊤∋≻⋈∈⊥∋≻⋈∈⊤∋≻⋈∈⊤∋≻⋈∈⊥∋⊙⊡⊣
⊢≻⋈∈⊥∋≻⋈∈⊥∋≻⋈∈⊤∋≻⋈∈⊥∋≻⋈∈⊥∋≻⋈∈⊥∋≻⋈∈⊥∋≻⋈∈⊥∋≻⋈∈⊤∋≻⋈∈⊤∋≻⋈∈⊥∋⊙⊡⊣
⊢≻⋈∈⊥∋≻⋈∈⊤∋≻⋈∈⊥∋≻⋈∈⊥∋≻⋈∈⊥∋≻⋈∈⊥∋≻⋈∈⊥∋≻⋈∈⊤∋≻⋈∈⊥∋≻⋈∈⊥∋≻⋈∈⊥∋≻⋈∈⊥∋≻⋈∈⊤∋≻⋈∈⊤∋≻⋈∈⊤∋≻⋈∈⊥∋≻⋈∈⊥∋≻⋈∈⊥∋≻⋈∈⊥∋≻⋈∈⊤∋≻⋈∈⊥∋≻⋈∈⊥∋≻⋈∈⊥∋⊙⊡⊣
⊢≻⋈∈⊥∋≻⋈∈⊤∋≻⋈∈⊥∋≻⋈∈⊤∋≻⋈∈⊤∋≻⋈∈⊤∋≻⋈∈⊤∋≻⋈∈⊥∋≻⋈∈⊤∋≻⋈∈⊥∋⊙⊡⊣
⊢≻⋈∈⊥∋≻⋈∈⊥∋≻⋈∈⊤∋≻⋈∈⊤∋≻⋈∈⊤∋≻⋈∈⊥∋≻⋈∈⊤∋≻⋈∈⊥∋⊙⊡⊣
⊢≻⋈∈⊥∋≻⋈∈⊤∋≻⋈∈⊥∋≻⋈∈⊥∋≻⋈∈⊥∋≻⋈∈⊤∋≻⋈∈⊥∋≻⋈∈⊤∋≻⋈∈⊥∋≻⋈∈⊥∋≻⋈∈⊥∋⊙⊡⊣
⊢≻⋈∈⊥∋≻⋈∈⊤∋≻⋈∈⊥∋≻⋈∈⊥∋≻⋈∈⊥∋≻⋈∈⊥∋≻⋈∈⊥∋≻⋈∈⊥∋≻⋈∈⊤∋≻⋈∈⊤∋≻⋈∈⊥∋⊙⊡⊣
⊢≻⋈∈⊤∋≻⋈∈⊤∋≻⋈∈⊤∋≻⋈∈⊤∋≻⋈∈⊤∋≻⋈∈⊤∋≻⋈∈⊤∋≻⋈∈⊥∋≻⋈∈⊥∋≻⋈∈⊥∋≻⋈∈⊥∋≻⋈∈⊥∋≻⋈∈⊥∋≻⋈∈⊥∋≻⋈∈⊤∋≻⋈∈⊥∋≻⋈∈⊥∋≻⋈∈⊥∋≻⋈∈⊥∋≻⋈∈⊤∋≻⋈∈⊥∋≻⋈∈⊥∋≻⋈∈⊥∋⊙⊡⊣
⊢≻⋈∈⊤∋≻⋈∈⊥∋≻⋈∈⊥∋≻⋈∈⊤∋≻⋈∈⊤∋≻⋈∈⊤∋≻⋈∈⊤∋≻⋈∈⊥∋≻⋈∈⊤∋≻⋈∈⊥∋⊙⊡⊣
⊢≻⋈∈⊥∋≻⋈∈⊥∋≻⋈∈⊤∋≻⋈∈⊤∋≻⋈∈⊤∋≻⋈∈⊥∋≻⋈∈⊤∋≻⋈∈⊥∋⊙⊡⊣
⊢≻⋈∈⊤∋≻⋈∈⊥∋≻⋈∈⊥∋≻⋈∈⊥∋≻⋈∈⊥∋≻⋈∈⊤∋≻⋈∈⊥∋≻⋈∈⊤∋≻⋈∈⊥∋≻⋈∈⊥∋≻⋈∈⊥∋⊙⊡⊣
⊢≻⋈∈⊥∋≻⋈∈⊥∋≻⋈∈⊥∋≻⋈∈⊥∋≻⋈∈⊥∋≻⋈∈⊥∋≻⋈∈⊥∋≻⋈∈⊥∋≻⋈∈⊤∋≻⋈∈⊤∋≻⋈∈⊥∋⊙⊡⊣
⊢≻⋈∈⊥∋≻⋈∈⊥∋≻⋈∈⊤∋≻⋈∈⊤∋≻⋈∈⊤∋≻⋈∈⊤∋≻⋈∈⊤∋≻⋈∈⊥∋≻⋈∈⊥∋≻⋈∈⊥∋≻⋈∈⊥∋≻⋈∈⊥∋≻⋈∈⊤∋≻⋈∈⊥∋≻⋈∈⊥∋≻⋈∈⊥∋≻⋈∈⊥∋≻⋈∈⊥∋≻⋈∈⊥∋≻⋈∈⊤∋≻⋈∈⊥∋≻⋈∈⊥∋≻⋈∈⊥∋⊙⊡⊣
⊢≻⋈∈⊥∋≻⋈∈⊥∋≻⋈∈⊥∋≻⋈∈⊤∋≻⋈∈⊤∋≻⋈∈⊤∋≻⋈∈⊤∋≻⋈∈⊥∋≻⋈∈⊤∋≻⋈∈⊥∋⊙⊡⊣
⊢≻⋈∈⊥∋≻⋈∈⊥∋≻⋈∈⊥∋≻⋈∈⊥∋≻⋈∈⊥∋≻⋈∈⊤∋≻⋈∈⊥∋≻⋈∈⊤∋≻⋈∈⊥∋≻⋈∈⊥∋⊙⊡⊣
⊢≻⋈∈⊥∋≻⋈∈⊤∋≻⋈∈⊤∋≻⋈∈⊤∋≻⋈∈⊤∋≻⋈∈⊥∋≻⋈∈⊤∋≻⋈∈⊥∋≻⋈∈⊤∋≻⋈∈⊤∋≻⋈∈⊥∋⊙⊡⊣
⊢≻⋈∈⊥∋≻⋈∈⊤∋≻⋈∈⊤∋≻⋈∈⊤∋≻⋈∈⊤∋≻⋈∈⊤∋≻⋈∈⊤∋≻⋈∈⊤∋≻⋈∈⊥∋≻⋈∈⊤∋≻⋈∈⊥∋⊙⊡⊣
⊢≻⋈∈⊤∋≻⋈∈⊥∋≻⋈∈⊥∋≻⋈∈⊤∋≻⋈∈⊤∋≻⋈∈⊤∋≻⋈∈⊤∋≻⋈∈⊥∋≻⋈∈⊥∋≻⋈∈⊥∋≻⋈∈⊥∋≻⋈∈⊥∋≻⋈∈⊥∋≻⋈∈⊤∋≻⋈∈⊤∋≻⋈∈⊤∋≻⋈∈⊤∋≻⋈∈⊤∋≻⋈∈⊤∋≻⋈∈⊥∋≻⋈∈⊥∋≻⋈∈⊥∋≻⋈∈⊥∋⊙⊡⊣
⊢≻⋈∈⊤∋≻⋈∈⊤∋≻⋈∈⊤∋≻⋈∈⊥∋≻⋈∈⊤∋≻⋈∈⊤∋≻⋈∈⊤∋≻⋈∈⊥∋≻⋈∈⊤∋≻⋈∈⊥∋⊙⊡⊣
⊢≻⋈∈⊥∋≻⋈∈⊥∋≻⋈∈⊥∋≻⋈∈⊥∋≻⋈∈⊥∋≻⋈∈⊤∋≻⋈∈⊥∋≻⋈∈⊤∋≻⋈∈⊥∋≻⋈∈⊥∋⊙⊡⊣
⊢≻⋈∈⊤∋≻⋈∈⊥∋≻⋈∈⊤∋≻⋈∈⊤∋≻⋈∈⊤∋≻⋈∈⊥∋≻⋈∈⊤∋≻⋈∈⊥∋≻⋈∈⊤∋≻⋈∈⊤∋≻⋈∈⊥∋⊙⊡⊣
⊢≻⋈∈⊥∋≻⋈∈⊥∋≻⋈∈⊤∋≻⋈∈⊤∋≻⋈∈⊤∋≻⋈∈⊤∋≻⋈∈⊤∋≻⋈∈⊤∋≻⋈∈⊥∋≻⋈∈⊤∋≻⋈∈⊥∋⊙⊡⊣
⊢≻⋈∈⊥∋≻⋈∈⊤∋≻⋈∈⊤∋≻⋈∈⊥∋≻⋈∈⊤∋≻⋈∈⊤∋≻⋈∈⊤∋≻⋈∈⊥∋≻⋈∈⊥∋≻⋈∈⊥∋≻⋈∈⊥∋≻⋈∈⊥∋≻⋈∈⊤∋≻⋈∈⊤∋≻⋈∈⊥∋≻⋈∈⊤∋≻⋈∈⊤∋≻⋈∈⊤∋≻⋈∈⊤∋≻⋈∈⊥∋≻⋈∈⊥∋≻⋈∈⊥∋≻⋈∈⊥∋⊙⊡⊣
⊢≻⋈∈⊥∋≻⋈∈⊤∋≻⋈∈⊤∋≻⋈∈⊥∋≻⋈∈⊤∋≻⋈∈⊤∋≻⋈∈⊤∋≻⋈∈⊥∋≻⋈∈⊤∋≻⋈∈⊥∋⊙⊡⊣
⊢≻⋈∈⊤∋≻⋈∈⊤∋≻⋈∈⊥∋≻⋈∈⊤∋≻⋈∈⊤∋≻⋈∈⊥∋≻⋈∈⊤∋≻⋈∈⊥∋⊙⊡⊣
⊢≻⋈∈⊤∋≻⋈∈⊤∋≻⋈∈⊥∋≻⋈∈⊥∋≻⋈∈⊥∋≻⋈∈⊤∋≻⋈∈⊥∋≻⋈∈⊤∋≻⋈∈⊥∋≻⋈∈⊥∋≻⋈∈⊥∋⊙⊡⊣
⊢≻⋈∈⊥∋≻⋈∈⊤∋≻⋈∈⊥∋≻⋈∈⊤∋≻⋈∈⊤∋≻⋈∈⊤∋≻⋈∈⊤∋≻⋈∈⊤∋≻⋈∈⊥∋≻⋈∈⊤∋≻⋈∈⊥∋⊙⊡⊣
⊢≻⋈∈⊤∋≻⋈∈⊤∋≻⋈∈⊥∋≻⋈∈⊥∋≻⋈∈⊤∋≻⋈∈⊤∋≻⋈∈⊤∋≻⋈∈⊥∋≻⋈∈⊥∋≻⋈∈⊥∋≻⋈∈⊥∋≻⋈∈⊥∋≻⋈∈⊥∋≻⋈∈⊥∋≻⋈∈⊥∋≻⋈∈⊤∋≻⋈∈⊤∋≻⋈∈⊤∋≻⋈∈⊤∋≻⋈∈⊥∋≻⋈∈⊥∋≻⋈∈⊥∋≻⋈∈⊥∋⊙⊡⊣
⊢≻⋈∈⊤∋≻⋈∈⊥∋≻⋈∈⊤∋≻⋈∈⊥∋≻⋈∈⊤∋≻⋈∈⊤∋≻⋈∈⊤∋≻⋈∈⊥∋≻⋈∈⊤∋≻⋈∈⊥∋⊙⊡⊣
⊢≻⋈∈⊤∋≻⋈∈⊤∋≻⋈∈⊥∋≻⋈∈⊤∋≻⋈∈⊤∋≻⋈∈⊥∋≻⋈∈⊤∋≻⋈∈⊥∋⊙⊡⊣
⊢≻⋈∈⊥∋≻⋈∈⊤∋≻⋈∈⊥∋≻⋈∈⊥∋≻⋈∈⊥∋≻⋈∈⊤∋≻⋈∈⊥∋≻⋈∈⊤∋≻⋈∈⊥∋≻⋈∈⊥∋≻⋈∈⊥∋⊙⊡⊣
⊢≻⋈∈⊥∋≻⋈∈⊥∋≻⋈∈⊥∋≻⋈∈⊤∋≻⋈∈⊤∋≻⋈∈⊤∋≻⋈∈⊤∋≻⋈∈⊤∋≻⋈∈⊥∋≻⋈∈⊤∋≻⋈∈⊥∋⊙⊡⊣
⊢≻⋈∈⊥∋≻⋈∈⊥∋≻⋈∈⊥∋≻⋈∈⊥∋≻⋈∈⊤∋≻⋈∈⊤∋≻⋈∈⊤∋≻⋈∈⊥∋≻⋈∈⊥∋≻⋈∈⊥∋≻⋈∈⊥∋≻⋈∈⊥∋≻⋈∈⊤∋≻⋈∈⊥∋≻⋈∈⊤∋≻⋈∈⊥∋≻⋈∈⊤∋≻⋈∈⊤∋≻⋈∈⊤∋≻⋈∈⊥∋≻⋈∈⊥∋≻⋈∈⊥∋≻⋈∈⊥∋⊙⊡⊣
⊢≻⋈∈⊥∋≻⋈∈⊥∋≻⋈∈⊤∋≻⋈∈⊥∋≻⋈∈⊤∋≻⋈∈⊤∋≻⋈∈⊤∋≻⋈∈⊥∋≻⋈∈⊤∋≻⋈∈⊥∋⊙⊡⊣
⊢≻⋈∈⊤∋≻⋈∈⊥∋≻⋈∈⊥∋≻⋈∈⊥∋≻⋈∈⊥∋≻⋈∈⊤∋≻⋈∈⊥∋≻⋈∈⊤∋≻⋈∈⊥∋≻⋈∈⊥∋⊙⊡⊣
⊢≻⋈∈⊤∋≻⋈∈⊥∋≻⋈∈⊤∋≻⋈∈⊤∋≻⋈∈⊤∋≻⋈∈⊥∋≻⋈∈⊤∋≻⋈∈⊥∋≻⋈∈⊤∋≻⋈∈⊤∋≻⋈∈⊥∋⊙⊡⊣
⊢≻⋈∈⊥∋≻⋈∈⊤∋≻⋈∈⊤∋≻⋈∈⊥∋≻⋈∈⊤∋≻⋈∈⊤∋≻⋈∈⊤∋≻⋈∈⊤∋≻⋈∈⊥∋≻⋈∈⊤∋≻⋈∈⊥∋⊙⊡⊣
⊢≻⋈∈⊤∋≻⋈∈⊥∋≻⋈∈⊤∋≻⋈∈⊤∋≻⋈∈⊥∋≻⋈∈⊤∋≻⋈∈⊤∋≻⋈∈⊥∋≻⋈∈⊥∋≻⋈∈⊥∋≻⋈∈⊥∋≻⋈∈⊥∋≻⋈∈⊥∋≻⋈∈⊤∋≻⋈∈⊥∋≻⋈∈⊥∋≻⋈∈⊤∋≻⋈∈⊤∋≻⋈∈⊤∋≻⋈∈⊥∋≻⋈∈⊥∋≻⋈∈⊥∋≻⋈∈⊥∋⊙⊡⊣
⊢≻⋈∈⊤∋≻⋈∈⊤∋≻⋈∈⊥∋≻⋈∈⊥∋≻⋈∈⊤∋≻⋈∈⊤∋≻⋈∈⊤∋≻⋈∈⊥∋≻⋈∈⊤∋≻⋈∈⊥∋⊙⊡⊣
⊢≻⋈∈⊤∋≻⋈∈⊥∋≻⋈∈⊥∋≻⋈∈⊥∋≻⋈∈⊥∋≻⋈∈⊤∋≻⋈∈⊥∋≻⋈∈⊤∋≻⋈∈⊥∋≻⋈∈⊥∋⊙⊡⊣
⊢≻⋈∈⊥∋≻⋈∈⊥∋≻⋈∈⊤∋≻⋈∈⊤∋≻⋈∈⊤∋≻⋈∈⊥∋≻⋈∈⊤∋≻⋈∈⊥∋≻⋈∈⊤∋≻⋈∈⊤∋≻⋈∈⊥∋⊙⊡⊣
⊢≻⋈∈⊥∋≻⋈∈⊥∋≻⋈∈⊤∋≻⋈∈⊥∋≻⋈∈⊤∋≻⋈∈⊤∋≻⋈∈⊤∋≻⋈∈⊤∋≻⋈∈⊥∋≻⋈∈⊤∋≻⋈∈⊥∋⊙⊡⊣
⊢≻⋈∈⊥∋≻⋈∈⊤∋≻⋈∈⊥∋≻⋈∈⊤∋≻⋈∈⊥∋≻⋈∈⊤∋≻⋈∈⊤∋≻⋈∈⊥∋≻⋈∈⊥∋≻⋈∈⊥∋≻⋈∈⊥∋≻⋈∈⊥∋≻⋈∈⊤∋≻⋈∈⊤∋≻⋈∈⊤∋≻⋈∈⊤∋≻⋈∈⊥∋≻⋈∈⊤∋≻⋈∈⊤∋≻⋈∈⊥∋≻⋈∈⊥∋≻⋈∈⊥∋≻⋈∈⊥∋⊙⊡⊣
⊢≻⋈∈⊥∋≻⋈∈⊤∋≻⋈∈⊥∋≻⋈∈⊥∋≻⋈∈⊤∋≻⋈∈⊤∋≻⋈∈⊤∋≻⋈∈⊥∋≻⋈∈⊤∋≻⋈∈⊥∋⊙⊡⊣
⊢≻⋈∈⊥∋≻⋈∈⊤∋≻⋈∈⊥∋≻⋈∈⊤∋≻⋈∈⊤∋≻⋈∈⊥∋≻⋈∈⊤∋≻⋈∈⊥∋⊙⊡⊣
⊢≻⋈∈⊥∋≻⋈∈⊥∋≻⋈∈⊤∋≻⋈∈⊥∋≻⋈∈⊥∋≻⋈∈⊤∋≻⋈∈⊥∋≻⋈∈⊤∋≻⋈∈⊥∋≻⋈∈⊥∋≻⋈∈⊥∋⊙⊡⊣
⊢≻⋈∈⊥∋≻⋈∈⊤∋≻⋈∈⊥∋≻⋈∈⊥∋≻⋈∈⊤∋≻⋈∈⊤∋≻⋈∈⊤∋≻⋈∈⊤∋≻⋈∈⊥∋≻⋈∈⊤∋≻⋈∈⊥∋⊙⊡⊣
⊢≻⋈∈⊤∋≻⋈∈⊤∋≻⋈∈⊤∋≻⋈∈⊥∋≻⋈∈⊥∋≻⋈∈⊤∋≻⋈∈⊤∋≻⋈∈⊥∋≻⋈∈⊥∋≻⋈∈⊥∋≻⋈∈⊥∋≻⋈∈⊥∋≻⋈∈⊥∋≻⋈∈⊥∋≻⋈∈⊤∋≻⋈∈⊤∋≻⋈∈⊥∋≻⋈∈⊤∋≻⋈∈⊤∋≻⋈∈⊥∋≻⋈∈⊥∋≻⋈∈⊥∋≻⋈∈⊥∋⊙⊡⊣
⊢≻⋈∈⊤∋≻⋈∈⊥∋≻⋈∈⊥∋≻⋈∈⊥∋≻⋈∈⊤∋≻⋈∈⊤∋≻⋈∈⊤∋≻⋈∈⊥∋≻⋈∈⊤∋≻⋈∈⊥∋⊙⊡⊣
⊢≻⋈∈⊥∋≻⋈∈⊤∋≻⋈∈⊥∋≻⋈∈⊤∋≻⋈∈⊤∋≻⋈∈⊥∋≻⋈∈⊤∋≻⋈∈⊥∋⊙⊡⊣
⊢≻⋈∈⊤∋≻⋈∈⊤∋≻⋈∈⊥∋≻⋈∈⊥∋≻⋈∈⊥∋≻⋈∈⊤∋≻⋈∈⊥∋≻⋈∈⊤∋≻⋈∈⊥∋≻⋈∈⊥∋≻⋈∈⊥∋⊙⊡⊣
⊢≻⋈∈⊥∋≻⋈∈⊥∋≻⋈∈⊥∋≻⋈∈⊥∋≻⋈∈⊤∋≻⋈∈⊤∋≻⋈∈⊤∋≻⋈∈⊤∋≻⋈∈⊥∋≻⋈∈⊤∋≻⋈∈⊥∋⊙⊡⊣
⊢≻⋈∈⊥∋≻⋈∈⊥∋≻⋈∈⊤∋≻⋈∈⊥∋≻⋈∈⊥∋≻⋈∈⊤∋≻⋈∈⊤∋≻⋈∈⊥∋≻⋈∈⊥∋≻⋈∈⊥∋≻⋈∈⊥∋≻⋈∈⊥∋≻⋈∈⊤∋≻⋈∈⊥∋≻⋈∈⊥∋≻⋈∈⊤∋≻⋈∈⊥∋≻⋈∈⊤∋≻⋈∈⊤∋≻⋈∈⊥∋≻⋈∈⊥∋≻⋈∈⊥∋≻⋈∈⊥∋⊙⊡⊣
⊢≻⋈∈⊥∋≻⋈∈⊥∋≻⋈∈⊥∋≻⋈∈⊥∋≻⋈∈⊤∋≻⋈∈⊤∋≻⋈∈⊤∋≻⋈∈⊥∋≻⋈∈⊤∋≻⋈∈⊥∋⊙⊡⊣
⊢≻⋈∈⊥∋≻⋈∈⊤∋≻⋈∈⊥∋≻⋈∈⊥∋≻⋈∈⊥∋≻⋈∈⊤∋≻⋈∈⊥∋≻⋈∈⊤∋≻⋈∈⊥∋≻⋈∈⊥∋⊙⊡⊣
⊢≻⋈∈⊥∋≻⋈∈⊥∋≻⋈∈⊤∋≻⋈∈⊤∋≻⋈∈⊤∋≻⋈∈⊥∋≻⋈∈⊤∋≻⋈∈⊥∋≻⋈∈⊤∋≻⋈∈⊤∋≻⋈∈⊥∋⊙⊡⊣
⊢≻⋈∈⊥∋≻⋈∈⊤∋≻⋈∈⊤∋≻⋈∈⊤∋≻⋈∈⊥∋≻⋈∈⊤∋≻⋈∈⊤∋≻⋈∈⊤∋≻⋈∈⊥∋≻⋈∈⊤∋≻⋈∈⊥∋⊙⊡⊣
⊢≻⋈∈⊤∋≻⋈∈⊥∋≻⋈∈⊥∋≻⋈∈⊥∋≻⋈∈⊥∋≻⋈∈⊤∋≻⋈∈⊤∋≻⋈∈⊥∋≻⋈∈⊥∋≻⋈∈⊥∋≻⋈∈⊥∋≻⋈∈⊥∋≻⋈∈⊥∋≻⋈∈⊤∋≻⋈∈⊤∋≻⋈∈⊥∋≻⋈∈⊥∋≻⋈∈⊤∋≻⋈∈⊤∋≻⋈∈⊥∋≻⋈∈⊥∋≻⋈∈⊥∋≻⋈∈⊥∋⊙⊡⊣
⊢≻⋈∈⊤∋≻⋈∈⊤∋≻⋈∈⊤∋≻⋈∈⊤∋≻⋈∈⊥∋≻⋈∈⊤∋≻⋈∈⊤∋≻⋈∈⊥∋≻⋈∈⊤∋≻⋈∈⊥∋⊙⊡⊣
⊢≻⋈∈⊥∋≻⋈∈⊤∋≻⋈∈⊥∋≻⋈∈⊥∋≻⋈∈⊥∋≻⋈∈⊤∋≻⋈∈⊥∋≻⋈∈⊤∋≻⋈∈⊥∋≻⋈∈⊥∋⊙⊡⊣
⊢≻⋈∈⊤∋≻⋈∈⊤∋≻⋈∈⊥∋≻⋈∈⊤∋≻⋈∈⊤∋≻⋈∈⊥∋≻⋈∈⊤∋≻⋈∈⊥∋≻⋈∈⊤∋≻⋈∈⊤∋≻⋈∈⊥∋⊙⊡⊣
⊢≻⋈∈⊥∋≻⋈∈⊥∋≻⋈∈⊤∋≻⋈∈⊤∋≻⋈∈⊥∋≻⋈∈⊤∋≻⋈∈⊤∋≻⋈∈⊤∋≻⋈∈⊥∋≻⋈∈⊤∋≻⋈∈⊥∋⊙⊡⊣
⊢≻⋈∈⊥∋≻⋈∈⊤∋≻⋈∈⊤∋≻⋈∈⊤∋≻⋈∈⊤∋≻⋈∈⊥∋≻⋈∈⊤∋≻⋈∈⊥∋≻⋈∈⊥∋≻⋈∈⊥∋≻⋈∈⊥∋≻⋈∈⊥∋≻⋈∈⊤∋≻⋈∈⊤∋≻⋈∈⊥∋≻⋈∈⊥∋≻⋈∈⊥∋≻⋈∈⊤∋≻⋈∈⊤∋≻⋈∈⊥∋≻⋈∈⊥∋≻⋈∈⊥∋≻⋈∈⊥∋⊙⊡⊣
⊢≻⋈∈⊥∋≻⋈∈⊤∋≻⋈∈⊤∋≻⋈∈⊤∋≻⋈∈⊥∋≻⋈∈⊤∋≻⋈∈⊤∋≻⋈∈⊥∋≻⋈∈⊤∋≻⋈∈⊥∋⊙⊡⊣
⊢≻⋈∈⊤∋≻⋈∈⊥∋≻⋈∈⊥∋≻⋈∈⊤∋≻⋈∈⊤∋≻⋈∈⊥∋≻⋈∈⊤∋≻⋈∈⊥∋⊙⊡⊣
⊢≻⋈∈⊤∋≻⋈∈⊥∋≻⋈∈⊤∋≻⋈∈⊥∋≻⋈∈⊥∋≻⋈∈⊤∋≻⋈∈⊥∋≻⋈∈⊤∋≻⋈∈⊥∋≻⋈∈⊥∋≻⋈∈⊥∋⊙⊡⊣
⊢≻⋈∈⊥∋≻⋈∈⊤∋≻⋈∈⊥∋≻⋈∈⊤∋≻⋈∈⊥∋≻⋈∈⊤∋≻⋈∈⊤∋≻⋈∈⊤∋≻⋈∈⊥∋≻⋈∈⊤∋≻⋈∈⊥∋⊙⊡⊣
⊢≻⋈∈⊤∋≻⋈∈⊤∋≻⋈∈⊥∋≻⋈∈⊤∋≻⋈∈⊤∋≻⋈∈⊥∋≻⋈∈⊤∋≻⋈∈⊥∋≻⋈∈⊥∋≻⋈∈⊥∋≻⋈∈⊥∋≻⋈∈⊥∋≻⋈∈⊥∋≻⋈∈⊥∋≻⋈∈⊥∋≻⋈∈⊥∋≻⋈∈⊥∋≻⋈∈⊤∋≻⋈∈⊤∋≻⋈∈⊥∋≻⋈∈⊥∋≻⋈∈⊥∋≻⋈∈⊥∋⊙⊡⊣
⊢≻⋈∈⊤∋≻⋈∈⊥∋≻⋈∈⊤∋≻⋈∈⊤∋≻⋈∈⊥∋≻⋈∈⊤∋≻⋈∈⊤∋≻⋈∈⊥∋≻⋈∈⊤∋≻⋈∈⊥∋⊙⊡⊣
⊢≻⋈∈⊤∋≻⋈∈⊥∋≻⋈∈⊥∋≻⋈∈⊤∋≻⋈∈⊤∋≻⋈∈⊥∋≻⋈∈⊤∋≻⋈∈⊥∋⊙⊡⊣
⊢≻⋈∈⊥∋≻⋈∈⊥∋≻⋈∈⊤∋≻⋈∈⊥∋≻⋈∈⊥∋≻⋈∈⊤∋≻⋈∈⊥∋≻⋈∈⊤∋≻⋈∈⊥∋≻⋈∈⊥∋≻⋈∈⊥∋⊙⊡⊣
⊢≻⋈∈⊥∋≻⋈∈⊥∋≻⋈∈⊥∋≻⋈∈⊤∋≻⋈∈⊥∋≻⋈∈⊤∋≻⋈∈⊤∋≻⋈∈⊤∋≻⋈∈⊥∋≻⋈∈⊤∋≻⋈∈⊥∋⊙⊡⊣
⊢≻⋈∈⊥∋≻⋈∈⊥∋≻⋈∈⊥∋≻⋈∈⊤∋≻⋈∈⊤∋≻⋈∈⊥∋≻⋈∈⊤∋≻⋈∈⊥∋≻⋈∈⊥∋≻⋈∈⊥∋≻⋈∈⊥∋≻⋈∈⊥∋≻⋈∈⊤∋≻⋈∈⊥∋≻⋈∈⊤∋≻⋈∈⊤∋≻⋈∈⊤∋≻⋈∈⊥∋≻⋈∈⊤∋≻⋈∈⊥∋≻⋈∈⊥∋≻⋈∈⊥∋≻⋈∈⊥∋⊙⊡⊣
⊢≻⋈∈⊥∋≻⋈∈⊥∋≻⋈∈⊤∋≻⋈∈⊤∋≻⋈∈⊥∋≻⋈∈⊤∋≻⋈∈⊤∋≻⋈∈⊥∋≻⋈∈⊤∋≻⋈∈⊥∋⊙⊡⊣
⊢≻⋈∈⊤∋≻⋈∈⊤∋≻⋈∈⊥∋≻⋈∈⊥∋≻⋈∈⊥∋≻⋈∈⊤∋≻⋈∈⊥∋≻⋈∈⊤∋≻⋈∈⊥∋≻⋈∈⊥∋⊙⊡⊣
⊢≻⋈∈⊤∋≻⋈∈⊤∋≻⋈∈⊥∋≻⋈∈⊤∋≻⋈∈⊤∋≻⋈∈⊥∋≻⋈∈⊤∋≻⋈∈⊥∋≻⋈∈⊤∋≻⋈∈⊤∋≻⋈∈⊥∋⊙⊡⊣
⊢≻⋈∈⊥∋≻⋈∈⊤∋≻⋈∈⊤∋≻⋈∈⊥∋≻⋈∈⊥∋≻⋈∈⊤∋≻⋈∈⊤∋≻⋈∈⊤∋≻⋈∈⊥∋≻⋈∈⊤∋≻⋈∈⊥∋⊙⊡⊣
⊢≻⋈∈⊤∋≻⋈∈⊥∋≻⋈∈⊤∋≻⋈∈⊥∋≻⋈∈⊤∋≻⋈∈⊥∋≻⋈∈⊤∋≻⋈∈⊥∋≻⋈∈⊥∋≻⋈∈⊥∋≻⋈∈⊥∋≻⋈∈⊥∋≻⋈∈⊥∋≻⋈∈⊤∋≻⋈∈⊥∋≻⋈∈⊤∋≻⋈∈⊤∋≻⋈∈⊥∋≻⋈∈⊤∋≻⋈∈⊥∋≻⋈∈⊥∋≻⋈∈⊥∋≻⋈∈⊥∋⊙⊡⊣
⊢≻⋈∈⊤∋≻⋈∈⊤∋≻⋈∈⊥∋≻⋈∈⊤∋≻⋈∈⊥∋≻⋈∈⊤∋≻⋈∈⊤∋≻⋈∈⊥∋≻⋈∈⊤∋≻⋈∈⊥∋⊙⊡⊣
⊢≻⋈∈⊤∋≻⋈∈⊤∋≻⋈∈⊥∋≻⋈∈⊥∋≻⋈∈⊥∋≻⋈∈⊤∋≻⋈∈⊥∋≻⋈∈⊤∋≻⋈∈⊥∋≻⋈∈⊥∋⊙⊡⊣
⊢≻⋈∈⊥∋≻⋈∈⊤∋≻⋈∈⊥∋≻⋈∈⊤∋≻⋈∈⊤∋≻⋈∈⊥∋≻⋈∈⊤∋≻⋈∈⊥∋≻⋈∈⊤∋≻⋈∈⊤∋≻⋈∈⊥∋⊙⊡⊣
⊢≻⋈∈⊥∋≻⋈∈⊥∋≻⋈∈⊤∋≻⋈∈⊥∋≻⋈∈⊥∋≻⋈∈⊤∋≻⋈∈⊤∋≻⋈∈⊤∋≻⋈∈⊥∋≻⋈∈⊤∋≻⋈∈⊥∋⊙⊡⊣
⊢≻⋈∈⊥∋≻⋈∈⊤∋≻⋈∈⊥∋≻⋈∈⊥∋≻⋈∈⊤∋≻⋈∈⊥∋≻⋈∈⊤∋≻⋈∈⊥∋≻⋈∈⊥∋≻⋈∈⊥∋≻⋈∈⊥∋≻⋈∈⊥∋≻⋈∈⊤∋≻⋈∈⊤∋≻⋈∈⊤∋≻⋈∈⊥∋≻⋈∈⊤∋≻⋈∈⊥∋≻⋈∈⊤∋≻⋈∈⊥∋≻⋈∈⊥∋≻⋈∈⊥∋≻⋈∈⊥∋⊙⊡⊣
⊢≻⋈∈⊥∋≻⋈∈⊤∋≻⋈∈⊥∋≻⋈∈⊤∋≻⋈∈⊥∋≻⋈∈⊤∋≻⋈∈⊤∋≻⋈∈⊥∋≻⋈∈⊤∋≻⋈∈⊥∋⊙⊡⊣
⊢≻⋈∈⊥∋≻⋈∈⊥∋≻⋈∈⊥∋≻⋈∈⊤∋≻⋈∈⊤∋≻⋈∈⊥∋≻⋈∈⊤∋≻⋈∈⊥∋⊙⊡⊣
⊢≻⋈∈⊥∋≻⋈∈⊤∋≻⋈∈⊤∋≻⋈∈⊥∋≻⋈∈⊥∋≻⋈∈⊤∋≻⋈∈⊥∋≻⋈∈⊤∋≻⋈∈⊥∋≻⋈∈⊥∋≻⋈∈⊥∋⊙⊡⊣
⊢≻⋈∈⊥∋≻⋈∈⊤∋≻⋈∈⊥∋≻⋈∈⊥∋≻⋈∈⊥∋≻⋈∈⊤∋≻⋈∈⊤∋≻⋈∈⊤∋≻⋈∈⊥∋≻⋈∈⊤∋≻⋈∈⊥∋⊙⊡⊣
⊢≻⋈∈⊤∋≻⋈∈⊤∋≻⋈∈⊤∋≻⋈∈⊤∋≻⋈∈⊥∋≻⋈∈⊥∋≻⋈∈⊤∋≻⋈∈⊥∋≻⋈∈⊥∋≻⋈∈⊥∋≻⋈∈⊥∋≻⋈∈⊥∋≻⋈∈⊥∋≻⋈∈⊥∋≻⋈∈⊤∋≻⋈∈⊥∋≻⋈∈⊤∋≻⋈∈⊥∋≻⋈∈⊤∋≻⋈∈⊥∋≻⋈∈⊥∋≻⋈∈⊥∋≻⋈∈⊥∋⊙⊡⊣
⊢≻⋈∈⊤∋≻⋈∈⊥∋≻⋈∈⊥∋≻⋈∈⊤∋≻⋈∈⊥∋≻⋈∈⊤∋≻⋈∈⊤∋≻⋈∈⊥∋≻⋈∈⊤∋≻⋈∈⊥∋⊙⊡⊣
⊢≻⋈∈⊥∋≻⋈∈⊥∋≻⋈∈⊥∋≻⋈∈⊤∋≻⋈∈⊤∋≻⋈∈⊥∋≻⋈∈⊤∋≻⋈∈⊥∋⊙⊡⊣
⊢≻⋈∈⊤∋≻⋈∈⊥∋≻⋈∈⊤∋≻⋈∈⊥∋≻⋈∈⊥∋≻⋈∈⊤∋≻⋈∈⊥∋≻⋈∈⊤∋≻⋈∈⊥∋≻⋈∈⊥∋≻⋈∈⊥∋⊙⊡⊣
⊢≻⋈∈⊥∋≻⋈∈⊥∋≻⋈∈⊥∋≻⋈∈⊥∋≻⋈∈⊥∋≻⋈∈⊤∋≻⋈∈⊤∋≻⋈∈⊤∋≻⋈∈⊥∋≻⋈∈⊤∋≻⋈∈⊥∋⊙⊡⊣
⊢≻⋈∈⊥∋≻⋈∈⊥∋≻⋈∈⊤∋≻⋈∈⊤∋≻⋈∈⊥∋≻⋈∈⊥∋≻⋈∈⊤∋≻⋈∈⊥∋≻⋈∈⊥∋≻⋈∈⊥∋≻⋈∈⊥∋≻⋈∈⊥∋≻⋈∈⊤∋≻⋈∈⊥∋≻⋈∈⊥∋≻⋈∈⊥∋≻⋈∈⊤∋≻⋈∈⊥∋≻⋈∈⊤∋≻⋈∈⊥∋≻⋈∈⊥∋≻⋈∈⊥∋≻⋈∈⊥∋⊙⊡⊣
⊢≻⋈∈⊥∋≻⋈∈⊥∋≻⋈∈⊥∋≻⋈∈⊤∋≻⋈∈⊥∋≻⋈∈⊤∋≻⋈∈⊤∋≻⋈∈⊥∋≻⋈∈⊤∋≻⋈∈⊥∋⊙⊡⊣
⊢≻⋈∈⊥∋≻⋈∈⊥∋≻⋈∈⊤∋≻⋈∈⊥∋≻⋈∈⊥∋≻⋈∈⊤∋≻⋈∈⊥∋≻⋈∈⊤∋≻⋈∈⊥∋≻⋈∈⊥∋⊙⊡⊣
⊢≻⋈∈⊥∋≻⋈∈⊤∋≻⋈∈⊥∋≻⋈∈⊤∋≻⋈∈⊤∋≻⋈∈⊥∋≻⋈∈⊤∋≻⋈∈⊥∋≻⋈∈⊤∋≻⋈∈⊤∋≻⋈∈⊥∋⊙⊡⊣
⊢≻⋈∈⊥∋≻⋈∈⊤∋≻⋈∈⊤∋≻⋈∈⊤∋≻⋈∈⊤∋≻⋈∈⊥∋≻⋈∈⊤∋≻⋈∈⊤∋≻⋈∈⊥∋≻⋈∈⊤∋≻⋈∈⊥∋⊙⊡⊣
⊢≻⋈∈⊤∋≻⋈∈⊥∋≻⋈∈⊥∋≻⋈∈⊤∋≻⋈∈⊥∋≻⋈∈⊥∋≻⋈∈⊤∋≻⋈∈⊥∋≻⋈∈⊥∋≻⋈∈⊥∋≻⋈∈⊥∋≻⋈∈⊥∋≻⋈∈⊥∋≻⋈∈⊤∋≻⋈∈⊤∋≻⋈∈⊤∋≻⋈∈⊥∋≻⋈∈⊥∋≻⋈∈⊤∋≻⋈∈⊥∋≻⋈∈⊥∋≻⋈∈⊥∋≻⋈∈⊥∋⊙⊡⊣
⊢≻⋈∈⊤∋≻⋈∈⊤∋≻⋈∈⊤∋≻⋈∈⊥∋≻⋈∈⊥∋≻⋈∈⊤∋≻⋈∈⊤∋≻⋈∈⊥∋≻⋈∈⊤∋≻⋈∈⊥∋⊙⊡⊣
⊢≻⋈∈⊥∋≻⋈∈⊥∋≻⋈∈⊤∋≻⋈∈⊥∋≻⋈∈⊥∋≻⋈∈⊤∋≻⋈∈⊥∋≻⋈∈⊤∋≻⋈∈⊥∋≻⋈∈⊥∋⊙⊡⊣
⊢≻⋈∈⊤∋≻⋈∈⊥∋≻⋈∈⊥∋≻⋈∈⊤∋≻⋈∈⊤∋≻⋈∈⊥∋≻⋈∈⊤∋≻⋈∈⊥∋≻⋈∈⊤∋≻⋈∈⊤∋≻⋈∈⊥∋⊙⊡⊣
⊢≻⋈∈⊥∋≻⋈∈⊥∋≻⋈∈⊤∋≻⋈∈⊤∋≻⋈∈⊤∋≻⋈∈⊥∋≻⋈∈⊤∋≻⋈∈⊤∋≻⋈∈⊥∋≻⋈∈⊤∋≻⋈∈⊥∋⊙⊡⊣
⊢≻⋈∈⊥∋≻⋈∈⊤∋≻⋈∈⊤∋≻⋈∈⊥∋≻⋈∈⊥∋≻⋈∈⊥∋≻⋈∈⊤∋≻⋈∈⊥∋≻⋈∈⊥∋≻⋈∈⊥∋≻⋈∈⊥∋≻⋈∈⊥∋≻⋈∈⊤∋≻⋈∈⊤∋≻⋈∈⊥∋≻⋈∈⊤∋≻⋈∈⊥∋≻⋈∈⊥∋≻⋈∈⊤∋≻⋈∈⊥∋≻⋈∈⊥∋≻⋈∈⊥∋≻⋈∈⊥∋⊙⊡⊣
⊢≻⋈∈⊥∋≻⋈∈⊤∋≻⋈∈⊤∋≻⋈∈⊥∋≻⋈∈⊥∋≻⋈∈⊤∋≻⋈∈⊤∋≻⋈∈⊥∋≻⋈∈⊤∋≻⋈∈⊥∋⊙⊡⊣
⊢≻⋈∈⊤∋≻⋈∈⊤∋≻⋈∈⊤∋≻⋈∈⊥∋≻⋈∈⊤∋≻⋈∈⊥∋≻⋈∈⊤∋≻⋈∈⊥∋⊙⊡⊣
⊢≻⋈∈⊤∋≻⋈∈⊤∋≻⋈∈⊤∋≻⋈∈⊥∋≻⋈∈⊥∋≻⋈∈⊤∋≻⋈∈⊥∋≻⋈∈⊤∋≻⋈∈⊥∋≻⋈∈⊥∋≻⋈∈⊥∋⊙⊡⊣
⊢≻⋈∈⊥∋≻⋈∈⊤∋≻⋈∈⊥∋≻⋈∈⊤∋≻⋈∈⊤∋≻⋈∈⊥∋≻⋈∈⊤∋≻⋈∈⊤∋≻⋈∈⊥∋≻⋈∈⊤∋≻⋈∈⊥∋⊙⊡⊣
⊢≻⋈∈⊤∋≻⋈∈⊤∋≻⋈∈⊥∋≻⋈∈⊥∋≻⋈∈⊥∋≻⋈∈⊥∋≻⋈∈⊤∋≻⋈∈⊥∋≻⋈∈⊥∋≻⋈∈⊥∋≻⋈∈⊥∋≻⋈∈⊥∋≻⋈∈⊥∋≻⋈∈⊥∋≻⋈∈⊥∋≻⋈∈⊤∋≻⋈∈⊥∋≻⋈∈⊥∋≻⋈∈⊤∋≻⋈∈⊥∋≻⋈∈⊥∋≻⋈∈⊥∋≻⋈∈⊥∋⊙⊡⊣
⊢≻⋈∈⊤∋≻⋈∈⊥∋≻⋈∈⊤∋≻⋈∈⊥∋≻⋈∈⊥∋≻⋈∈⊤∋≻⋈∈⊤∋≻⋈∈⊥∋≻⋈∈⊤∋≻⋈∈⊥∋⊙⊡⊣
⊢≻⋈∈⊤∋≻⋈∈⊤∋≻⋈∈⊤∋≻⋈∈⊥∋≻⋈∈⊤∋≻⋈∈⊥∋≻⋈∈⊤∋≻⋈∈⊥∋⊙⊡⊣
⊢≻⋈∈⊥∋≻⋈∈⊤∋≻⋈∈⊤∋≻⋈∈⊥∋≻⋈∈⊥∋≻⋈∈⊤∋≻⋈∈⊥∋≻⋈∈⊤∋≻⋈∈⊥∋≻⋈∈⊥∋≻⋈∈⊥∋⊙⊡⊣
⊢≻⋈∈⊥∋≻⋈∈⊥∋≻⋈∈⊥∋≻⋈∈⊤∋≻⋈∈⊤∋≻⋈∈⊥∋≻⋈∈⊤∋≻⋈∈⊤∋≻⋈∈⊥∋≻⋈∈⊤∋≻⋈∈⊥∋⊙⊡⊣
⊢≻⋈∈⊥∋≻⋈∈⊥∋≻⋈∈⊥∋≻⋈∈⊥∋≻⋈∈⊥∋≻⋈∈⊥∋≻⋈∈⊤∋≻⋈∈⊥∋≻⋈∈⊥∋≻⋈∈⊥∋≻⋈∈⊥∋≻⋈∈⊥∋≻⋈∈⊤∋≻⋈∈⊥∋≻⋈∈⊤∋≻⋈∈⊥∋≻⋈∈⊥∋≻⋈∈⊥∋≻⋈∈⊤∋≻⋈∈⊥∋≻⋈∈⊥∋≻⋈∈⊥∋≻⋈∈⊥∋⊙⊡⊣
⊢≻⋈∈⊥∋≻⋈∈⊥∋≻⋈∈⊤∋≻⋈∈⊥∋≻⋈∈⊥∋≻⋈∈⊤∋≻⋈∈⊤∋≻⋈∈⊥∋≻⋈∈⊤∋≻⋈∈⊥∋⊙⊡⊣
⊢≻⋈∈⊤∋≻⋈∈⊥∋≻⋈∈⊤∋≻⋈∈⊥∋≻⋈∈⊥∋≻⋈∈⊤∋≻⋈∈⊥∋≻⋈∈⊤∋≻⋈∈⊥∋≻⋈∈⊥∋⊙⊡⊣
⊢≻⋈∈⊤∋≻⋈∈⊥∋≻⋈∈⊥∋≻⋈∈⊤∋≻⋈∈⊤∋≻⋈∈⊥∋≻⋈∈⊤∋≻⋈∈⊥∋≻⋈∈⊤∋≻⋈∈⊤∋≻⋈∈⊥∋⊙⊡⊣
⊢≻⋈∈⊥∋≻⋈∈⊤∋≻⋈∈⊤∋≻⋈∈⊥∋≻⋈∈⊤∋≻⋈∈⊥∋≻⋈∈⊤∋≻⋈∈⊤∋≻⋈∈⊥∋≻⋈∈⊤∋≻⋈∈⊥∋⊙⊡⊣
⊢≻⋈∈⊤∋≻⋈∈⊥∋≻⋈∈⊤∋≻⋈∈⊤∋≻⋈∈⊤∋≻⋈∈⊤∋≻⋈∈⊥∋≻⋈∈⊥∋≻⋈∈⊥∋≻⋈∈⊥∋≻⋈∈⊥∋≻⋈∈⊥∋≻⋈∈⊥∋≻⋈∈⊤∋≻⋈∈⊥∋≻⋈∈⊥∋≻⋈∈⊥∋≻⋈∈⊥∋≻⋈∈⊤∋≻⋈∈⊥∋≻⋈∈⊥∋≻⋈∈⊥∋≻⋈∈⊥∋⊙⊡⊣
⊢≻⋈∈⊤∋≻⋈∈⊤∋≻⋈∈⊥∋≻⋈∈⊥∋≻⋈∈⊥∋≻⋈∈⊤∋≻⋈∈⊤∋≻⋈∈⊥∋≻⋈∈⊤∋≻⋈∈⊥∋⊙⊡⊣
⊢≻⋈∈⊤∋≻⋈∈⊥∋≻⋈∈⊤∋≻⋈∈⊥∋≻⋈∈⊥∋≻⋈∈⊤∋≻⋈∈⊥∋≻⋈∈⊤∋≻⋈∈⊥∋≻⋈∈⊥∋⊙⊡⊣
⊢≻⋈∈⊥∋≻⋈∈⊥∋≻⋈∈⊥∋≻⋈∈⊤∋≻⋈∈⊤∋≻⋈∈⊥∋≻⋈∈⊤∋≻⋈∈⊥∋≻⋈∈⊤∋≻⋈∈⊤∋≻⋈∈⊥∋⊙⊡⊣
⊢≻⋈∈⊥∋≻⋈∈⊥∋≻⋈∈⊤∋≻⋈∈⊥∋≻⋈∈⊤∋≻⋈∈⊥∋≻⋈∈⊤∋≻⋈∈⊤∋≻⋈∈⊥∋≻⋈∈⊤∋≻⋈∈⊥∋⊙⊡⊣
⊢≻⋈∈⊥∋≻⋈∈⊤∋≻⋈∈⊥∋≻⋈∈⊤∋≻⋈∈⊤∋≻⋈∈⊤∋≻⋈∈⊥∋≻⋈∈⊥∋≻⋈∈⊥∋≻⋈∈⊥∋≻⋈∈⊥∋≻⋈∈⊥∋≻⋈∈⊤∋≻⋈∈⊤∋≻⋈∈⊤∋≻⋈∈⊤∋≻⋈∈⊤∋≻⋈∈⊤∋≻⋈∈⊥∋≻⋈∈⊥∋≻⋈∈⊥∋≻⋈∈⊥∋≻⋈∈⊥∋⊙⊡⊣
⊢≻⋈∈⊥∋≻⋈∈⊤∋≻⋈∈⊥∋≻⋈∈⊥∋≻⋈∈⊥∋≻⋈∈⊤∋≻⋈∈⊤∋≻⋈∈⊥∋≻⋈∈⊤∋≻⋈∈⊥∋⊙⊡⊣
⊢≻⋈∈⊥∋≻⋈∈⊤∋≻⋈∈⊤∋≻⋈∈⊥∋≻⋈∈⊤∋≻⋈∈⊥∋≻⋈∈⊤∋≻⋈∈⊥∋⊙⊡⊣
⊢≻⋈∈⊥∋≻⋈∈⊥∋≻⋈∈⊥∋≻⋈∈⊤∋≻⋈∈⊥∋≻⋈∈⊤∋≻⋈∈⊥∋≻⋈∈⊤∋≻⋈∈⊥∋≻⋈∈⊥∋≻⋈∈⊥∋⊙⊡⊣
⊢≻⋈∈⊥∋≻⋈∈⊤∋≻⋈∈⊥∋≻⋈∈⊥∋≻⋈∈⊤∋≻⋈∈⊥∋≻⋈∈⊤∋≻⋈∈⊤∋≻⋈∈⊥∋≻⋈∈⊤∋≻⋈∈⊥∋⊙⊡⊣
⊢≻⋈∈⊤∋≻⋈∈⊤∋≻⋈∈⊤∋≻⋈∈⊥∋≻⋈∈⊤∋≻⋈∈⊤∋≻⋈∈⊥∋≻⋈∈⊥∋≻⋈∈⊥∋≻⋈∈⊥∋≻⋈∈⊥∋≻⋈∈⊥∋≻⋈∈⊥∋≻⋈∈⊥∋≻⋈∈⊤∋≻⋈∈⊤∋≻⋈∈⊤∋≻⋈∈⊤∋≻⋈∈⊥∋≻⋈∈⊥∋≻⋈∈⊥∋≻⋈∈⊥∋≻⋈∈⊥∋⊙⊡⊣
⊢≻⋈∈⊤∋≻⋈∈⊥∋≻⋈∈⊥∋≻⋈∈⊥∋≻⋈∈⊥∋≻⋈∈⊤∋≻⋈∈⊤∋≻⋈∈⊥∋≻⋈∈⊤∋≻⋈∈⊥∋⊙⊡⊣
⊢≻⋈∈⊥∋≻⋈∈⊤∋≻⋈∈⊤∋≻⋈∈⊥∋≻⋈∈⊤∋≻⋈∈⊥∋≻⋈∈⊤∋≻⋈∈⊥∋⊙⊡⊣
⊢≻⋈∈⊤∋≻⋈∈⊤∋≻⋈∈⊤∋≻⋈∈⊥∋≻⋈∈⊥∋≻⋈∈⊤∋≻⋈∈⊥∋≻⋈∈⊤∋≻⋈∈⊥∋≻⋈∈⊥∋≻⋈∈⊥∋⊙⊡⊣
⊢≻⋈∈⊥∋≻⋈∈⊥∋≻⋈∈⊥∋≻⋈∈⊥∋≻⋈∈⊤∋≻⋈∈⊥∋≻⋈∈⊤∋≻⋈∈⊤∋≻⋈∈⊥∋≻⋈∈⊤∋≻⋈∈⊥∋⊙⊡⊣
⊢≻⋈∈⊥∋≻⋈∈⊥∋≻⋈∈⊤∋≻⋈∈⊥∋≻⋈∈⊤∋≻⋈∈⊤∋≻⋈∈⊥∋≻⋈∈⊥∋≻⋈∈⊥∋≻⋈∈⊥∋≻⋈∈⊥∋≻⋈∈⊥∋≻⋈∈⊤∋≻⋈∈⊥∋≻⋈∈⊥∋≻⋈∈⊤∋≻⋈∈⊤∋≻⋈∈⊤∋≻⋈∈⊥∋≻⋈∈⊥∋≻⋈∈⊥∋≻⋈∈⊥∋≻⋈∈⊥∋⊙⊡⊣
⊢≻⋈∈⊥∋≻⋈∈⊥∋≻⋈∈⊥∋≻⋈∈⊥∋≻⋈∈⊥∋≻⋈∈⊤∋≻⋈∈⊤∋≻⋈∈⊥∋≻⋈∈⊤∋≻⋈∈⊥∋⊙⊡⊣
⊢≻⋈∈⊥∋≻⋈∈⊤∋≻⋈∈⊤∋≻⋈∈⊥∋≻⋈∈⊥∋≻⋈∈⊤∋≻⋈∈⊥∋≻⋈∈⊤∋≻⋈∈⊥∋≻⋈∈⊥∋⊙⊡⊣
⊢≻⋈∈⊥∋≻⋈∈⊥∋≻⋈∈⊥∋≻⋈∈⊤∋≻⋈∈⊤∋≻⋈∈⊥∋≻⋈∈⊤∋≻⋈∈⊥∋≻⋈∈⊤∋≻⋈∈⊤∋≻⋈∈⊥∋⊙⊡⊣
⊢≻⋈∈⊥∋≻⋈∈⊤∋≻⋈∈⊤∋≻⋈∈⊤∋≻⋈∈⊥∋≻⋈∈⊥∋≻⋈∈⊤∋≻⋈∈⊤∋≻⋈∈⊥∋≻⋈∈⊤∋≻⋈∈⊥∋⊙⊡⊣
⊢≻⋈∈⊤∋≻⋈∈⊥∋≻⋈∈⊥∋≻⋈∈⊥∋≻⋈∈⊤∋≻⋈∈⊤∋≻⋈∈⊥∋≻⋈∈⊥∋≻⋈∈⊥∋≻⋈∈⊥∋≻⋈∈⊥∋≻⋈∈⊥∋≻⋈∈⊥∋≻⋈∈⊤∋≻⋈∈⊤∋≻⋈∈⊥∋≻⋈∈⊤∋≻⋈∈⊤∋≻⋈∈⊥∋≻⋈∈⊥∋≻⋈∈⊥∋≻⋈∈⊥∋≻⋈∈⊥∋⊙⊡⊣
⊢≻⋈∈⊤∋≻⋈∈⊤∋≻⋈∈⊤∋≻⋈∈⊤∋≻⋈∈⊤∋≻⋈∈⊥∋≻⋈∈⊤∋≻⋈∈⊥∋≻⋈∈⊤∋≻⋈∈⊥∋⊙⊡⊣
⊢≻⋈∈⊥∋≻⋈∈⊤∋≻⋈∈⊤∋≻⋈∈⊥∋≻⋈∈⊥∋≻⋈∈⊤∋≻⋈∈⊥∋≻⋈∈⊤∋≻⋈∈⊥∋≻⋈∈⊥∋⊙⊡⊣
⊢≻⋈∈⊤∋≻⋈∈⊤∋≻⋈∈⊤∋≻⋈∈⊥∋≻⋈∈⊤∋≻⋈∈⊥∋≻⋈∈⊤∋≻⋈∈⊥∋≻⋈∈⊤∋≻⋈∈⊤∋≻⋈∈⊥∋⊙⊡⊣
⊢≻⋈∈⊥∋≻⋈∈⊥∋≻⋈∈⊤∋≻⋈∈⊤∋≻⋈∈⊥∋≻⋈∈⊥∋≻⋈∈⊤∋≻⋈∈⊤∋≻⋈∈⊥∋≻⋈∈⊤∋≻⋈∈⊥∋⊙⊡⊣
⊢≻⋈∈⊥∋≻⋈∈⊤∋≻⋈∈⊤∋≻⋈∈⊤∋≻⋈∈⊥∋≻⋈∈⊤∋≻⋈∈⊥∋≻⋈∈⊥∋≻⋈∈⊥∋≻⋈∈⊥∋≻⋈∈⊥∋≻⋈∈⊥∋≻⋈∈⊤∋≻⋈∈⊤∋≻⋈∈⊥∋≻⋈∈⊥∋≻⋈∈⊤∋≻⋈∈⊤∋≻⋈∈⊥∋≻⋈∈⊥∋≻⋈∈⊥∋≻⋈∈⊥∋≻⋈∈⊥∋⊙⊡⊣
⊢≻⋈∈⊥∋≻⋈∈⊤∋≻⋈∈⊤∋≻⋈∈⊤∋≻⋈∈⊤∋≻⋈∈⊥∋≻⋈∈⊤∋≻⋈∈⊥∋≻⋈∈⊤∋≻⋈∈⊥∋⊙⊡⊣
⊢≻⋈∈⊤∋≻⋈∈⊥∋≻⋈∈⊤∋≻⋈∈⊥∋≻⋈∈⊤∋≻⋈∈⊥∋≻⋈∈⊤∋≻⋈∈⊥∋⊙⊡⊣
⊢≻⋈∈⊤∋≻⋈∈⊥∋≻⋈∈⊥∋≻⋈∈⊤∋≻⋈∈⊥∋≻⋈∈⊤∋≻⋈∈⊥∋≻⋈∈⊤∋≻⋈∈⊥∋≻⋈∈⊥∋≻⋈∈⊥∋⊙⊡⊣
⊢≻⋈∈⊥∋≻⋈∈⊤∋≻⋈∈⊥∋≻⋈∈⊤∋≻⋈∈⊥∋≻⋈∈⊥∋≻⋈∈⊤∋≻⋈∈⊤∋≻⋈∈⊥∋≻⋈∈⊤∋≻⋈∈⊥∋⊙⊡⊣
⊢≻⋈∈⊤∋≻⋈∈⊤∋≻⋈∈⊥∋≻⋈∈⊤∋≻⋈∈⊥∋≻⋈∈⊤∋≻⋈∈⊥∋≻⋈∈⊥∋≻⋈∈⊥∋≻⋈∈⊥∋≻⋈∈⊥∋≻⋈∈⊥∋≻⋈∈⊥∋≻⋈∈⊥∋≻⋈∈⊥∋≻⋈∈⊥∋≻⋈∈⊤∋≻⋈∈⊤∋≻⋈∈⊥∋≻⋈∈⊥∋≻⋈∈⊥∋≻⋈∈⊥∋≻⋈∈⊥∋⊙⊡⊣
⊢≻⋈∈⊤∋≻⋈∈⊥∋≻⋈∈⊤∋≻⋈∈⊤∋≻⋈∈⊤∋≻⋈∈⊥∋≻⋈∈⊤∋≻⋈∈⊥∋≻⋈∈⊤∋≻⋈∈⊥∋⊙⊡⊣
⊢≻⋈∈⊤∋≻⋈∈⊥∋≻⋈∈⊤∋≻⋈∈⊥∋≻⋈∈⊤∋≻⋈∈⊥∋≻⋈∈⊤∋≻⋈∈⊥∋⊙⊡⊣
⊢≻⋈∈⊥∋≻⋈∈⊥∋≻⋈∈⊥∋≻⋈∈⊤∋≻⋈∈⊥∋≻⋈∈⊤∋≻⋈∈⊥∋≻⋈∈⊤∋≻⋈∈⊥∋≻⋈∈⊥∋≻⋈∈⊥∋⊙⊡⊣
⊢≻⋈∈⊥∋≻⋈∈⊥∋≻⋈∈⊥∋≻⋈∈⊤∋≻⋈∈⊥∋≻⋈∈⊥∋≻⋈∈⊤∋≻⋈∈⊤∋≻⋈∈⊥∋≻⋈∈⊤∋≻⋈∈⊥∋⊙⊡⊣
⊢≻⋈∈⊥∋≻⋈∈⊥∋≻⋈∈⊥∋≻⋈∈⊤∋≻⋈∈⊥∋≻⋈∈⊤∋≻⋈∈⊥∋≻⋈∈⊥∋≻⋈∈⊥∋≻⋈∈⊥∋≻⋈∈⊥∋≻⋈∈⊥∋≻⋈∈⊤∋≻⋈∈⊥∋≻⋈∈⊤∋≻⋈∈⊤∋≻⋈∈⊥∋≻⋈∈⊤∋≻⋈∈⊥∋≻⋈∈⊥∋≻⋈∈⊥∋≻⋈∈⊥∋≻⋈∈⊥∋⊙⊡⊣
⊢≻⋈∈⊥∋≻⋈∈⊥∋≻⋈∈⊤∋≻⋈∈⊤∋≻⋈∈⊤∋≻⋈∈⊥∋≻⋈∈⊤∋≻⋈∈⊥∋≻⋈∈⊤∋≻⋈∈⊥∋⊙⊡⊣
⊢≻⋈∈⊤∋≻⋈∈⊤∋≻⋈∈⊤∋≻⋈∈⊥∋≻⋈∈⊥∋≻⋈∈⊤∋≻⋈∈⊥∋≻⋈∈⊤∋≻⋈∈⊥∋≻⋈∈⊥∋⊙⊡⊣
⊢≻⋈∈⊤∋≻⋈∈⊤∋≻⋈∈⊤∋≻⋈∈⊥∋≻⋈∈⊤∋≻⋈∈⊥∋≻⋈∈⊤∋≻⋈∈⊥∋≻⋈∈⊤∋≻⋈∈⊤∋≻⋈∈⊥∋⊙⊡⊣
⊢≻⋈∈⊥∋≻⋈∈⊤∋≻⋈∈⊤∋≻⋈∈⊥∋≻⋈∈⊥∋≻⋈∈⊥∋≻⋈∈⊤∋≻⋈∈⊤∋≻⋈∈⊥∋≻⋈∈⊤∋≻⋈∈⊥∋⊙⊡⊣
⊢≻⋈∈⊤∋≻⋈∈⊥∋≻⋈∈⊤∋≻⋈∈⊥∋≻⋈∈⊥∋≻⋈∈⊤∋≻⋈∈⊥∋≻⋈∈⊥∋≻⋈∈⊥∋≻⋈∈⊥∋≻⋈∈⊥∋≻⋈∈⊥∋≻⋈∈⊥∋≻⋈∈⊤∋≻⋈∈⊥∋≻⋈∈⊤∋≻⋈∈⊥∋≻⋈∈⊤∋≻⋈∈⊥∋≻⋈∈⊥∋≻⋈∈⊥∋≻⋈∈⊥∋≻⋈∈⊥∋⊙⊡⊣
⊢≻⋈∈⊤∋≻⋈∈⊤∋≻⋈∈⊥∋≻⋈∈⊤∋≻⋈∈⊤∋≻⋈∈⊥∋≻⋈∈⊤∋≻⋈∈⊥∋≻⋈∈⊤∋≻⋈∈⊥∋⊙⊡⊣
⊢≻⋈∈⊤∋≻⋈∈⊤∋≻⋈∈⊤∋≻⋈∈⊥∋≻⋈∈⊥∋≻⋈∈⊤∋≻⋈∈⊥∋≻⋈∈⊤∋≻⋈∈⊥∋≻⋈∈⊥∋⊙⊡⊣
⊢≻⋈∈⊥∋≻⋈∈⊤∋≻⋈∈⊤∋≻⋈∈⊥∋≻⋈∈⊤∋≻⋈∈⊥∋≻⋈∈⊤∋≻⋈∈⊥∋≻⋈∈⊤∋≻⋈∈⊤∋≻⋈∈⊥∋⊙⊡⊣
⊢≻⋈∈⊥∋≻⋈∈⊥∋≻⋈∈⊤∋≻⋈∈⊥∋≻⋈∈⊥∋≻⋈∈⊥∋≻⋈∈⊤∋≻⋈∈⊤∋≻⋈∈⊥∋≻⋈∈⊤∋≻⋈∈⊥∋⊙⊡⊣
⊢≻⋈∈⊥∋≻⋈∈⊤∋≻⋈∈⊥∋≻⋈∈⊥∋≻⋈∈⊥∋≻⋈∈⊤∋≻⋈∈⊥∋≻⋈∈⊥∋≻⋈∈⊥∋≻⋈∈⊥∋≻⋈∈⊥∋≻⋈∈⊥∋≻⋈∈⊤∋≻⋈∈⊤∋≻⋈∈⊤∋≻⋈∈⊥∋≻⋈∈⊥∋≻⋈∈⊤∋≻⋈∈⊥∋≻⋈∈⊥∋≻⋈∈⊥∋≻⋈∈⊥∋≻⋈∈⊥∋⊙⊡⊣
⊢≻⋈∈⊥∋≻⋈∈⊤∋≻⋈∈⊥∋≻⋈∈⊤∋≻⋈∈⊤∋≻⋈∈⊥∋≻⋈∈⊤∋≻⋈∈⊥∋≻⋈∈⊤∋≻⋈∈⊥∋⊙⊡⊣
⊢≻⋈∈⊥∋≻⋈∈⊥∋≻⋈∈⊤∋≻⋈∈⊥∋≻⋈∈⊤∋≻⋈∈⊥∋≻⋈∈⊤∋≻⋈∈⊥∋⊙⊡⊣
⊢≻⋈∈⊥∋≻⋈∈⊤∋≻⋈∈⊥∋≻⋈∈⊤∋≻⋈∈⊥∋≻⋈∈⊤∋≻⋈∈⊥∋≻⋈∈⊤∋≻⋈∈⊥∋≻⋈∈⊥∋≻⋈∈⊥∋⊙⊡⊣
⊢≻⋈∈⊥∋≻⋈∈⊤∋≻⋈∈⊥∋≻⋈∈⊥∋≻⋈∈⊥∋≻⋈∈⊥∋≻⋈∈⊤∋≻⋈∈⊤∋≻⋈∈⊥∋≻⋈∈⊤∋≻⋈∈⊥∋⊙⊡⊣
⊢≻⋈∈⊤∋≻⋈∈⊤∋≻⋈∈⊤∋≻⋈∈⊤∋≻⋈∈⊤∋≻⋈∈⊥∋≻⋈∈⊥∋≻⋈∈⊥∋≻⋈∈⊥∋≻⋈∈⊥∋≻⋈∈⊥∋≻⋈∈⊥∋≻⋈∈⊥∋≻⋈∈⊥∋≻⋈∈⊤∋≻⋈∈⊥∋≻⋈∈⊥∋≻⋈∈⊤∋≻⋈∈⊥∋≻⋈∈⊥∋≻⋈∈⊥∋≻⋈∈⊥∋≻⋈∈⊥∋⊙⊡⊣
⊢≻⋈∈⊤∋≻⋈∈⊥∋≻⋈∈⊥∋≻⋈∈⊤∋≻⋈∈⊤∋≻⋈∈⊥∋≻⋈∈⊤∋≻⋈∈⊥∋≻⋈∈⊤∋≻⋈∈⊥∋⊙⊡⊣
⊢≻⋈∈⊥∋≻⋈∈⊥∋≻⋈∈⊤∋≻⋈∈⊥∋≻⋈∈⊤∋≻⋈∈⊥∋≻⋈∈⊤∋≻⋈∈⊥∋⊙⊡⊣
⊢≻⋈∈⊤∋≻⋈∈⊥∋≻⋈∈⊥∋≻⋈∈⊤∋≻⋈∈⊥∋≻⋈∈⊤∋≻⋈∈⊥∋≻⋈∈⊤∋≻⋈∈⊥∋≻⋈∈⊥∋≻⋈∈⊥∋⊙⊡⊣
⊢≻⋈∈⊥∋≻⋈∈⊥∋≻⋈∈⊥∋≻⋈∈⊥∋≻⋈∈⊥∋≻⋈∈⊥∋≻⋈∈⊤∋≻⋈∈⊤∋≻⋈∈⊥∋≻⋈∈⊤∋≻⋈∈⊥∋⊙⊡⊣
⊢≻⋈∈⊥∋≻⋈∈⊥∋≻⋈∈⊤∋≻⋈∈⊤∋≻⋈∈⊤∋≻⋈∈⊥∋≻⋈∈⊥∋≻⋈∈⊥∋≻⋈∈⊥∋≻⋈∈⊥∋≻⋈∈⊥∋≻⋈∈⊥∋≻⋈∈⊤∋≻⋈∈⊥∋≻⋈∈⊥∋≻⋈∈⊥∋≻⋈∈⊥∋≻⋈∈⊤∋≻⋈∈⊥∋≻⋈∈⊥∋≻⋈∈⊥∋≻⋈∈⊥∋≻⋈∈⊥∋⊙⊡⊣
⊢≻⋈∈⊥∋≻⋈∈⊥∋≻⋈∈⊥∋≻⋈∈⊤∋≻⋈∈⊤∋≻⋈∈⊥∋≻⋈∈⊤∋≻⋈∈⊥∋≻⋈∈⊤∋≻⋈∈⊥∋⊙⊡⊣
⊢≻⋈∈⊥∋≻⋈∈⊥∋≻⋈∈⊥∋≻⋈∈⊤∋≻⋈∈⊥∋≻⋈∈⊤∋≻⋈∈⊥∋≻⋈∈⊤∋≻⋈∈⊥∋≻⋈∈⊥∋⊙⊡⊣
⊢≻⋈∈⊥∋≻⋈∈⊤∋≻⋈∈⊤∋≻⋈∈⊥∋≻⋈∈⊤∋≻⋈∈⊥∋≻⋈∈⊤∋≻⋈∈⊥∋≻⋈∈⊤∋≻⋈∈⊤∋≻⋈∈⊥∋⊙⊡⊣
⊢≻⋈∈⊥∋≻⋈∈⊤∋≻⋈∈⊤∋≻⋈∈⊤∋≻⋈∈⊤∋≻⋈∈⊤∋≻⋈∈⊥∋≻⋈∈⊤∋≻⋈∈⊥∋≻⋈∈⊤∋≻⋈∈⊥∋⊙⊡⊣
⊢≻⋈∈⊤∋≻⋈∈⊥∋≻⋈∈⊥∋≻⋈∈⊤∋≻⋈∈⊤∋≻⋈∈⊥∋≻⋈∈⊥∋≻⋈∈⊥∋≻⋈∈⊥∋≻⋈∈⊥∋≻⋈∈⊥∋≻⋈∈⊥∋≻⋈∈⊥∋≻⋈∈⊤∋≻⋈∈⊤∋≻⋈∈⊤∋≻⋈∈⊤∋≻⋈∈⊥∋≻⋈∈⊥∋≻⋈∈⊥∋≻⋈∈⊥∋≻⋈∈⊥∋≻⋈∈⊥∋⊙⊡⊣
⊢≻⋈∈⊤∋≻⋈∈⊤∋≻⋈∈⊤∋≻⋈∈⊥∋≻⋈∈⊤∋≻⋈∈⊥∋≻⋈∈⊤∋≻⋈∈⊥∋≻⋈∈⊤∋≻⋈∈⊥∋⊙⊡⊣
⊢≻⋈∈⊥∋≻⋈∈⊥∋≻⋈∈⊥∋≻⋈∈⊤∋≻⋈∈⊥∋≻⋈∈⊤∋≻⋈∈⊥∋≻⋈∈⊤∋≻⋈∈⊥∋≻⋈∈⊥∋⊙⊡⊣
⊢≻⋈∈⊤∋≻⋈∈⊥∋≻⋈∈⊤∋≻⋈∈⊥∋≻⋈∈⊤∋≻⋈∈⊥∋≻⋈∈⊤∋≻⋈∈⊥∋≻⋈∈⊤∋≻⋈∈⊤∋≻⋈∈⊥∋⊙⊡⊣
⊢≻⋈∈⊥∋≻⋈∈⊥∋≻⋈∈⊤∋≻⋈∈⊤∋≻⋈∈⊤∋≻⋈∈⊤∋≻⋈∈⊥∋≻⋈∈⊤∋≻⋈∈⊥∋≻⋈∈⊤∋≻⋈∈⊥∋⊙⊡⊣
⊢≻⋈∈⊥∋≻⋈∈⊤∋≻⋈∈⊤∋≻⋈∈⊥∋≻⋈∈⊤∋≻⋈∈⊥∋≻⋈∈⊥∋≻⋈∈⊥∋≻⋈∈⊥∋≻⋈∈⊥∋≻⋈∈⊥∋≻⋈∈⊥∋≻⋈∈⊤∋≻⋈∈⊤∋≻⋈∈⊥∋≻⋈∈⊤∋≻⋈∈⊤∋≻⋈∈⊥∋≻⋈∈⊥∋≻⋈∈⊥∋≻⋈∈⊥∋≻⋈∈⊥∋≻⋈∈⊥∋⊙⊡⊣
⊢≻⋈∈⊥∋≻⋈∈⊤∋≻⋈∈⊤∋≻⋈∈⊥∋≻⋈∈⊤∋≻⋈∈⊥∋≻⋈∈⊤∋≻⋈∈⊥∋≻⋈∈⊤∋≻⋈∈⊥∋⊙⊡⊣
⊢≻⋈∈⊤∋≻⋈∈⊤∋≻⋈∈⊥∋≻⋈∈⊥∋≻⋈∈⊤∋≻⋈∈⊥∋≻⋈∈⊤∋≻⋈∈⊥∋⊙⊡⊣
⊢≻⋈∈⊤∋≻⋈∈⊤∋≻⋈∈⊥∋≻⋈∈⊤∋≻⋈∈⊥∋≻⋈∈⊤∋≻⋈∈⊥∋≻⋈∈⊤∋≻⋈∈⊥∋≻⋈∈⊥∋≻⋈∈⊥∋⊙⊡⊣
⊢≻⋈∈⊥∋≻⋈∈⊤∋≻⋈∈⊥∋≻⋈∈⊤∋≻⋈∈⊤∋≻⋈∈⊤∋≻⋈∈⊥∋≻⋈∈⊤∋≻⋈∈⊥∋≻⋈∈⊤∋≻⋈∈⊥∋⊙⊡⊣
⊢≻⋈∈⊤∋≻⋈∈⊤∋≻⋈∈⊥∋≻⋈∈⊥∋≻⋈∈⊤∋≻⋈∈⊥∋≻⋈∈⊥∋≻⋈∈⊥∋≻⋈∈⊥∋≻⋈∈⊥∋≻⋈∈⊥∋≻⋈∈⊥∋≻⋈∈⊥∋≻⋈∈⊥∋≻⋈∈⊥∋≻⋈∈⊤∋≻⋈∈⊤∋≻⋈∈⊥∋≻⋈∈⊥∋≻⋈∈⊥∋≻⋈∈⊥∋≻⋈∈⊥∋≻⋈∈⊥∋⊙⊡⊣
⊢≻⋈∈⊤∋≻⋈∈⊥∋≻⋈∈⊤∋≻⋈∈⊥∋≻⋈∈⊤∋≻⋈∈⊥∋≻⋈∈⊤∋≻⋈∈⊥∋≻⋈∈⊤∋≻⋈∈⊥∋⊙⊡⊣
⊢≻⋈∈⊤∋≻⋈∈⊤∋≻⋈∈⊥∋≻⋈∈⊥∋≻⋈∈⊤∋≻⋈∈⊥∋≻⋈∈⊤∋≻⋈∈⊥∋⊙⊡⊣
⊢≻⋈∈⊥∋≻⋈∈⊤∋≻⋈∈⊥∋≻⋈∈⊤∋≻⋈∈⊥∋≻⋈∈⊤∋≻⋈∈⊥∋≻⋈∈⊤∋≻⋈∈⊥∋≻⋈∈⊥∋≻⋈∈⊥∋⊙⊡⊣
⊢≻⋈∈⊥∋≻⋈∈⊥∋≻⋈∈⊥∋≻⋈∈⊤∋≻⋈∈⊤∋≻⋈∈⊤∋≻⋈∈⊥∋≻⋈∈⊤∋≻⋈∈⊥∋≻⋈∈⊤∋≻⋈∈⊥∋⊙⊡⊣
⊢≻⋈∈⊥∋≻⋈∈⊥∋≻⋈∈⊥∋≻⋈∈⊥∋≻⋈∈⊤∋≻⋈∈⊥∋≻⋈∈⊥∋≻⋈∈⊥∋≻⋈∈⊥∋≻⋈∈⊥∋≻⋈∈⊥∋≻⋈∈⊥∋≻⋈∈⊤∋≻⋈∈⊥∋≻⋈∈⊤∋≻⋈∈⊥∋≻⋈∈⊤∋≻⋈∈⊥∋≻⋈∈⊥∋≻⋈∈⊥∋≻⋈∈⊥∋≻⋈∈⊥∋≻⋈∈⊥∋⊙⊡⊣
⊢≻⋈∈⊥∋≻⋈∈⊥∋≻⋈∈⊤∋≻⋈∈⊥∋≻⋈∈⊤∋≻⋈∈⊥∋≻⋈∈⊤∋≻⋈∈⊥∋≻⋈∈⊤∋≻⋈∈⊥∋⊙⊡⊣
⊢≻⋈∈⊤∋≻⋈∈⊥∋≻⋈∈⊥∋≻⋈∈⊤∋≻⋈∈⊥∋≻⋈∈⊤∋≻⋈∈⊥∋≻⋈∈⊤∋≻⋈∈⊥∋≻⋈∈⊥∋⊙⊡⊣
⊢≻⋈∈⊤∋≻⋈∈⊥∋≻⋈∈⊤∋≻⋈∈⊥∋≻⋈∈⊤∋≻⋈∈⊥∋≻⋈∈⊤∋≻⋈∈⊥∋≻⋈∈⊤∋≻⋈∈⊤∋≻⋈∈⊥∋⊙⊡⊣
⊢≻⋈∈⊥∋≻⋈∈⊤∋≻⋈∈⊤∋≻⋈∈⊥∋≻⋈∈⊤∋≻⋈∈⊤∋≻⋈∈⊥∋≻⋈∈⊤∋≻⋈∈⊥∋≻⋈∈⊤∋≻⋈∈⊥∋⊙⊡⊣
⊢≻⋈∈⊤∋≻⋈∈⊥∋≻⋈∈⊤∋≻⋈∈⊤∋≻⋈∈⊥∋≻⋈∈⊥∋≻⋈∈⊥∋≻⋈∈⊥∋≻⋈∈⊥∋≻⋈∈⊥∋≻⋈∈⊥∋≻⋈∈⊥∋≻⋈∈⊥∋≻⋈∈⊤∋≻⋈∈⊥∋≻⋈∈⊥∋≻⋈∈⊤∋≻⋈∈⊥∋≻⋈∈⊥∋≻⋈∈⊥∋≻⋈∈⊥∋≻⋈∈⊥∋≻⋈∈⊥∋⊙⊡⊣
⊢≻⋈∈⊤∋≻⋈∈⊤∋≻⋈∈⊥∋≻⋈∈⊥∋≻⋈∈⊤∋≻⋈∈⊥∋≻⋈∈⊤∋≻⋈∈⊥∋≻⋈∈⊤∋≻⋈∈⊥∋⊙⊡⊣
⊢≻⋈∈⊤∋≻⋈∈⊥∋≻⋈∈⊥∋≻⋈∈⊤∋≻⋈∈⊥∋≻⋈∈⊤∋≻⋈∈⊥∋≻⋈∈⊤∋≻⋈∈⊥∋≻⋈∈⊥∋⊙⊡⊣
⊢≻⋈∈⊥∋≻⋈∈⊥∋≻⋈∈⊤∋≻⋈∈⊥∋≻⋈∈⊤∋≻⋈∈⊥∋≻⋈∈⊤∋≻⋈∈⊥∋≻⋈∈⊤∋≻⋈∈⊤∋≻⋈∈⊥∋⊙⊡⊣
⊢≻⋈∈⊥∋≻⋈∈⊥∋≻⋈∈⊤∋≻⋈∈⊥∋≻⋈∈⊤∋≻⋈∈⊤∋≻⋈∈⊥∋≻⋈∈⊤∋≻⋈∈⊥∋≻⋈∈⊤∋≻⋈∈⊥∋⊙⊡⊣
⊢≻⋈∈⊥∋≻⋈∈⊤∋≻⋈∈⊥∋≻⋈∈⊤∋≻⋈∈⊥∋≻⋈∈⊥∋≻⋈∈⊥∋≻⋈∈⊥∋≻⋈∈⊥∋≻⋈∈⊥∋≻⋈∈⊥∋≻⋈∈⊥∋≻⋈∈⊤∋≻⋈∈⊤∋≻⋈∈⊤∋≻⋈∈⊤∋≻⋈∈⊥∋≻⋈∈⊥∋≻⋈∈⊥∋≻⋈∈⊥∋≻⋈∈⊥∋≻⋈∈⊥∋≻⋈∈⊥∋⊙⊡⊣
⊢≻⋈∈⊥∋≻⋈∈⊤∋≻⋈∈⊥∋≻⋈∈⊥∋≻⋈∈⊤∋≻⋈∈⊥∋≻⋈∈⊤∋≻⋈∈⊥∋≻⋈∈⊤∋≻⋈∈⊥∋⊙⊡⊣
⊢≻⋈∈⊥∋≻⋈∈⊤∋≻⋈∈⊥∋≻⋈∈⊥∋≻⋈∈⊤∋≻⋈∈⊥∋≻⋈∈⊤∋≻⋈∈⊥∋⊙⊡⊣
⊢≻⋈∈⊥∋≻⋈∈⊥∋≻⋈∈⊤∋≻⋈∈⊤∋≻⋈∈⊥∋≻⋈∈⊤∋≻⋈∈⊥∋≻⋈∈⊤∋≻⋈∈⊥∋≻⋈∈⊥∋≻⋈∈⊥∋⊙⊡⊣
⊢≻⋈∈⊥∋≻⋈∈⊤∋≻⋈∈⊥∋≻⋈∈⊥∋≻⋈∈⊤∋≻⋈∈⊤∋≻⋈∈⊥∋≻⋈∈⊤∋≻⋈∈⊥∋≻⋈∈⊤∋≻⋈∈⊥∋⊙⊡⊣
⊢≻⋈∈⊤∋≻⋈∈⊤∋≻⋈∈⊤∋≻⋈∈⊥∋≻⋈∈⊥∋≻⋈∈⊥∋≻⋈∈⊥∋≻⋈∈⊥∋≻⋈∈⊥∋≻⋈∈⊥∋≻⋈∈⊥∋≻⋈∈⊥∋≻⋈∈⊥∋≻⋈∈⊥∋≻⋈∈⊤∋≻⋈∈⊤∋≻⋈∈⊥∋≻⋈∈⊥∋≻⋈∈⊥∋≻⋈∈⊥∋≻⋈∈⊥∋≻⋈∈⊥∋≻⋈∈⊥∋⊙⊡⊣
⊢≻⋈∈⊤∋≻⋈∈⊥∋≻⋈∈⊥∋≻⋈∈⊥∋≻⋈∈⊤∋≻⋈∈⊥∋≻⋈∈⊤∋≻⋈∈⊥∋≻⋈∈⊤∋≻⋈∈⊥∋⊙⊡⊣
⊢≻⋈∈⊥∋≻⋈∈⊤∋≻⋈∈⊥∋≻⋈∈⊥∋≻⋈∈⊤∋≻⋈∈⊥∋≻⋈∈⊤∋≻⋈∈⊥∋⊙⊡⊣
⊢≻⋈∈⊤∋≻⋈∈⊤∋≻⋈∈⊥∋≻⋈∈⊤∋≻⋈∈⊥∋≻⋈∈⊤∋≻⋈∈⊥∋≻⋈∈⊤∋≻⋈∈⊥∋≻⋈∈⊥∋≻⋈∈⊥∋⊙⊡⊣
⊢≻⋈∈⊥∋≻⋈∈⊥∋≻⋈∈⊥∋≻⋈∈⊥∋≻⋈∈⊤∋≻⋈∈⊤∋≻⋈∈⊥∋≻⋈∈⊤∋≻⋈∈⊥∋≻⋈∈⊤∋≻⋈∈⊥∋⊙⊡⊣
⊢≻⋈∈⊥∋≻⋈∈⊥∋≻⋈∈⊤∋≻⋈∈⊥∋≻⋈∈⊥∋≻⋈∈⊥∋≻⋈∈⊥∋≻⋈∈⊥∋≻⋈∈⊥∋≻⋈∈⊥∋≻⋈∈⊥∋≻⋈∈⊥∋≻⋈∈⊤∋≻⋈∈⊥∋≻⋈∈⊥∋≻⋈∈⊤∋≻⋈∈⊥∋≻⋈∈⊥∋≻⋈∈⊥∋≻⋈∈⊥∋≻⋈∈⊥∋≻⋈∈⊥∋≻⋈∈⊥∋⊙⊡⊣
⊢≻⋈∈⊥∋≻⋈∈⊥∋≻⋈∈⊥∋≻⋈∈⊥∋≻⋈∈⊤∋≻⋈∈⊥∋≻⋈∈⊤∋≻⋈∈⊥∋≻⋈∈⊤∋≻⋈∈⊥∋⊙⊡⊣
⊢≻⋈∈⊥∋≻⋈∈⊤∋≻⋈∈⊥∋≻⋈∈⊤∋≻⋈∈⊥∋≻⋈∈⊤∋≻⋈∈⊥∋≻⋈∈⊤∋≻⋈∈⊥∋≻⋈∈⊥∋⊙⊡⊣
⊢≻⋈∈⊥∋≻⋈∈⊥∋≻⋈∈⊤∋≻⋈∈⊥∋≻⋈∈⊤∋≻⋈∈⊥∋≻⋈∈⊤∋≻⋈∈⊥∋≻⋈∈⊤∋≻⋈∈⊤∋≻⋈∈⊥∋⊙⊡⊣
⊢≻⋈∈⊥∋≻⋈∈⊤∋≻⋈∈⊤∋≻⋈∈⊤∋≻⋈∈⊥∋≻⋈∈⊤∋≻⋈∈⊥∋≻⋈∈⊤∋≻⋈∈⊥∋≻⋈∈⊤∋≻⋈∈⊥∋⊙⊡⊣
⊢≻⋈∈⊤∋≻⋈∈⊥∋≻⋈∈⊥∋≻⋈∈⊥∋≻⋈∈⊥∋≻⋈∈⊥∋≻⋈∈⊥∋≻⋈∈⊥∋≻⋈∈⊥∋≻⋈∈⊥∋≻⋈∈⊥∋≻⋈∈⊥∋≻⋈∈⊥∋≻⋈∈⊤∋≻⋈∈⊤∋≻⋈∈⊥∋≻⋈∈⊥∋≻⋈∈⊥∋≻⋈∈⊥∋≻⋈∈⊥∋≻⋈∈⊥∋≻⋈∈⊥∋≻⋈∈⊥∋⊙⊡⊣
⊢≻⋈∈⊤∋≻⋈∈⊤∋≻⋈∈⊤∋≻⋈∈⊤∋≻⋈∈⊥∋≻⋈∈⊥∋≻⋈∈⊤∋≻⋈∈⊥∋≻⋈∈⊤∋≻⋈∈⊥∋⊙⊡⊣
⊢≻⋈∈⊥∋≻⋈∈⊤∋≻⋈∈⊥∋≻⋈∈⊤∋≻⋈∈⊥∋≻⋈∈⊤∋≻⋈∈⊥∋≻⋈∈⊤∋≻⋈∈⊥∋≻⋈∈⊥∋⊙⊡⊣
⊢≻⋈∈⊤∋≻⋈∈⊤∋≻⋈∈⊥∋≻⋈∈⊥∋≻⋈∈⊤∋≻⋈∈⊥∋≻⋈∈⊤∋≻⋈∈⊥∋≻⋈∈⊤∋≻⋈∈⊤∋≻⋈∈⊥∋⊙⊡⊣
⊢≻⋈∈⊥∋≻⋈∈⊥∋≻⋈∈⊤∋≻⋈∈⊤∋≻⋈∈⊥∋≻⋈∈⊤∋≻⋈∈⊥∋≻⋈∈⊤∋≻⋈∈⊥∋≻⋈∈⊤∋≻⋈∈⊥∋⊙⊡⊣
⊢≻⋈∈⊥∋≻⋈∈⊤∋≻⋈∈⊤∋≻⋈∈⊤∋≻⋈∈⊤∋≻⋈∈⊤∋≻⋈∈⊤∋≻⋈∈⊤∋≻⋈∈⊤∋≻⋈∈⊤∋≻⋈∈⊤∋≻⋈∈⊤∋≻⋈∈⊥∋≻⋈∈⊤∋≻⋈∈⊥∋≻⋈∈⊥∋≻⋈∈⊥∋≻⋈∈⊥∋≻⋈∈⊥∋≻⋈∈⊥∋≻⋈∈⊥∋≻⋈∈⊥∋≻⋈∈⊥∋⊙⊡⊣
⊢≻⋈∈⊥∋≻⋈∈⊤∋≻⋈∈⊤∋≻⋈∈⊤∋≻⋈∈⊥∋≻⋈∈⊥∋≻⋈∈⊤∋≻⋈∈⊥∋≻⋈∈⊤∋≻⋈∈⊥∋⊙⊡⊣
⊢≻⋈∈⊤∋≻⋈∈⊥∋≻⋈∈⊥∋≻⋈∈⊥∋≻⋈∈⊤∋≻⋈∈⊥∋≻⋈∈⊤∋≻⋈∈⊥∋⊙⊡⊣
⊢≻⋈∈⊤∋≻⋈∈⊥∋≻⋈∈⊤∋≻⋈∈⊤∋≻⋈∈⊥∋≻⋈∈⊤∋≻⋈∈⊥∋≻⋈∈⊤∋≻⋈∈⊥∋≻⋈∈⊥∋≻⋈∈⊥∋⊙⊡⊣
⊢≻⋈∈⊥∋≻⋈∈⊤∋≻⋈∈⊥∋≻⋈∈⊤∋≻⋈∈⊥∋≻⋈∈⊤∋≻⋈∈⊥∋≻⋈∈⊤∋≻⋈∈⊥∋≻⋈∈⊤∋≻⋈∈⊥∋⊙⊡⊣
⊢≻⋈∈⊤∋≻⋈∈⊤∋≻⋈∈⊥∋≻⋈∈⊤∋≻⋈∈⊤∋≻⋈∈⊤∋≻⋈∈⊤∋≻⋈∈⊤∋≻⋈∈⊤∋≻⋈∈⊤∋≻⋈∈⊤∋≻⋈∈⊤∋≻⋈∈⊤∋≻⋈∈⊤∋≻⋈∈⊤∋≻⋈∈⊤∋≻⋈∈⊤∋≻⋈∈⊤∋≻⋈∈⊤∋≻⋈∈⊤∋≻⋈∈⊤∋≻⋈∈⊤∋≻⋈∈⊤∋≻⋈∈⊥∋⊙⊡⊣
⊢≻⋈∈⊤∋≻⋈∈⊥∋≻⋈∈⊤∋≻⋈∈⊤∋≻⋈∈⊥∋≻⋈∈⊥∋≻⋈∈⊤∋≻⋈∈⊥∋≻⋈∈⊤∋≻⋈∈⊥∋⊙⊡⊣
⊢≻⋈∈⊤∋≻⋈∈⊥∋≻⋈∈⊥∋≻⋈∈⊥∋≻⋈∈⊤∋≻⋈∈⊥∋≻⋈∈⊤∋≻⋈∈⊥∋⊙⊡⊣
⊢≻⋈∈⊥∋≻⋈∈⊥∋≻⋈∈⊤∋≻⋈∈⊤∋≻⋈∈⊥∋≻⋈∈⊤∋≻⋈∈⊥∋≻⋈∈⊤∋≻⋈∈⊥∋≻⋈∈⊥∋≻⋈∈⊥∋⊙⊡⊣
⊢≻⋈∈⊥∋≻⋈∈⊥∋≻⋈∈⊥∋≻⋈∈⊤∋≻⋈∈⊥∋≻⋈∈⊤∋≻⋈∈⊥∋≻⋈∈⊤∋≻⋈∈⊥∋≻⋈∈⊤∋≻⋈∈⊥∋⊙⊡⊣
⊢≻⋈∈⊥∋≻⋈∈⊥∋≻⋈∈⊥∋≻⋈∈⊤∋≻⋈∈⊤∋≻⋈∈⊤∋≻⋈∈⊤∋≻⋈∈⊤∋≻⋈∈⊤∋≻⋈∈⊤∋≻⋈∈⊤∋≻⋈∈⊤∋≻⋈∈⊥∋≻⋈∈⊥∋≻⋈∈⊤∋≻⋈∈⊤∋≻⋈∈⊤∋≻⋈∈⊤∋≻⋈∈⊤∋≻⋈∈⊤∋≻⋈∈⊤∋≻⋈∈⊤∋≻⋈∈⊤∋≻⋈∈⊥∋⊙⊡⊣
⊢≻⋈∈⊥∋≻⋈∈⊥∋≻⋈∈⊤∋≻⋈∈⊤∋≻⋈∈⊥∋≻⋈∈⊥∋≻⋈∈⊤∋≻⋈∈⊥∋≻⋈∈⊤∋≻⋈∈⊥∋⊙⊡⊣
⊢≻⋈∈⊤∋≻⋈∈⊤∋≻⋈∈⊥∋≻⋈∈⊤∋≻⋈∈⊥∋≻⋈∈⊤∋≻⋈∈⊥∋≻⋈∈⊤∋≻⋈∈⊥∋≻⋈∈⊥∋⊙⊡⊣
⊢≻⋈∈⊤∋≻⋈∈⊤∋≻⋈∈⊥∋≻⋈∈⊥∋≻⋈∈⊤∋≻⋈∈⊥∋≻⋈∈⊤∋≻⋈∈⊥∋≻⋈∈⊤∋≻⋈∈⊤∋≻⋈∈⊥∋⊙⊡⊣
⊢≻⋈∈⊥∋≻⋈∈⊤∋≻⋈∈⊤∋≻⋈∈⊥∋≻⋈∈⊥∋≻⋈∈⊤∋≻⋈∈⊥∋≻⋈∈⊤∋≻⋈∈⊥∋≻⋈∈⊤∋≻⋈∈⊥∋⊙⊡⊣
⊢≻⋈∈⊤∋≻⋈∈⊥∋≻⋈∈⊤∋≻⋈∈⊥∋≻⋈∈⊤∋≻⋈∈⊤∋≻⋈∈⊤∋≻⋈∈⊤∋≻⋈∈⊤∋≻⋈∈⊤∋≻⋈∈⊤∋≻⋈∈⊤∋≻⋈∈⊤∋≻⋈∈⊥∋≻⋈∈⊥∋≻⋈∈⊤∋≻⋈∈⊤∋≻⋈∈⊤∋≻⋈∈⊤∋≻⋈∈⊤∋≻⋈∈⊤∋≻⋈∈⊤∋≻⋈∈⊤∋≻⋈∈⊥∋⊙⊡⊣
⊢≻⋈∈⊤∋≻⋈∈⊤∋≻⋈∈⊥∋≻⋈∈⊤∋≻⋈∈⊥∋≻⋈∈⊥∋≻⋈∈⊤∋≻⋈∈⊥∋≻⋈∈⊤∋≻⋈∈⊥∋⊙⊡⊣
⊢≻⋈∈⊤∋≻⋈∈⊤∋≻⋈∈⊥∋≻⋈∈⊤∋≻⋈∈⊥∋≻⋈∈⊤∋≻⋈∈⊥∋≻⋈∈⊤∋≻⋈∈⊥∋≻⋈∈⊥∋⊙⊡⊣
⊢≻⋈∈⊥∋≻⋈∈⊤∋≻⋈∈⊥∋≻⋈∈⊥∋≻⋈∈⊤∋≻⋈∈⊥∋≻⋈∈⊤∋≻⋈∈⊥∋≻⋈∈⊤∋≻⋈∈⊤∋≻⋈∈⊥∋⊙⊡⊣
⊢≻⋈∈⊥∋≻⋈∈⊥∋≻⋈∈⊤∋≻⋈∈⊥∋≻⋈∈⊥∋≻⋈∈⊤∋≻⋈∈⊥∋≻⋈∈⊤∋≻⋈∈⊥∋≻⋈∈⊤∋≻⋈∈⊥∋⊙⊡⊣
⊢≻⋈∈⊥∋≻⋈∈⊤∋≻⋈∈⊥∋≻⋈∈⊥∋≻⋈∈⊤∋≻⋈∈⊤∋≻⋈∈⊤∋≻⋈∈⊤∋≻⋈∈⊤∋≻⋈∈⊤∋≻⋈∈⊤∋≻⋈∈⊤∋≻⋈∈⊥∋≻⋈∈⊤∋≻⋈∈⊤∋≻⋈∈⊥∋≻⋈∈⊤∋≻⋈∈⊤∋≻⋈∈⊤∋≻⋈∈⊤∋≻⋈∈⊤∋≻⋈∈⊤∋≻⋈∈⊤∋≻⋈∈⊥∋⊙⊡⊣
⊢≻⋈∈⊥∋≻⋈∈⊤∋≻⋈∈⊥∋≻⋈∈⊤∋≻⋈∈⊥∋≻⋈∈⊥∋≻⋈∈⊤∋≻⋈∈⊥∋≻⋈∈⊤∋≻⋈∈⊥∋⊙⊡⊣
⊢≻⋈∈⊥∋≻⋈∈⊥∋≻⋈∈⊥∋≻⋈∈⊥∋≻⋈∈⊤∋≻⋈∈⊥∋≻⋈∈⊤∋≻⋈∈⊥∋⊙⊡⊣
⊢≻⋈∈⊥∋≻⋈∈⊤∋≻⋈∈⊤∋≻⋈∈⊤∋≻⋈∈⊥∋≻⋈∈⊤∋≻⋈∈⊥∋≻⋈∈⊤∋≻⋈∈⊥∋≻⋈∈⊥∋≻⋈∈⊥∋⊙⊡⊣
⊢≻⋈∈⊥∋≻⋈∈⊤∋≻⋈∈⊥∋≻⋈∈⊥∋≻⋈∈⊥∋≻⋈∈⊤∋≻⋈∈⊥∋≻⋈∈⊤∋≻⋈∈⊥∋≻⋈∈⊤∋≻⋈∈⊥∋⊙⊡⊣
⊢≻⋈∈⊤∋≻⋈∈⊤∋≻⋈∈⊤∋≻⋈∈⊤∋≻⋈∈⊥∋≻⋈∈⊤∋≻⋈∈⊤∋≻⋈∈⊤∋≻⋈∈⊤∋≻⋈∈⊤∋≻⋈∈⊤∋≻⋈∈⊤∋≻⋈∈⊤∋≻⋈∈⊤∋≻⋈∈⊥∋≻⋈∈⊥∋≻⋈∈⊤∋≻⋈∈⊤∋≻⋈∈⊤∋≻⋈∈⊤∋≻⋈∈⊤∋≻⋈∈⊤∋≻⋈∈⊤∋≻⋈∈⊥∋⊙⊡⊣
⊢≻⋈∈⊤∋≻⋈∈⊥∋≻⋈∈⊥∋≻⋈∈⊤∋≻⋈∈⊥∋≻⋈∈⊥∋≻⋈∈⊤∋≻⋈∈⊥∋≻⋈∈⊤∋≻⋈∈⊥∋⊙⊡⊣
⊢≻⋈∈⊥∋≻⋈∈⊥∋≻⋈∈⊥∋≻⋈∈⊥∋≻⋈∈⊤∋≻⋈∈⊥∋≻⋈∈⊤∋≻⋈∈⊥∋⊙⊡⊣
⊢≻⋈∈⊤∋≻⋈∈⊥∋≻⋈∈⊤∋≻⋈∈⊤∋≻⋈∈⊥∋≻⋈∈⊤∋≻⋈∈⊥∋≻⋈∈⊤∋≻⋈∈⊥∋≻⋈∈⊥∋≻⋈∈⊥∋⊙⊡⊣
⊢≻⋈∈⊥∋≻⋈∈⊥∋≻⋈∈⊥∋≻⋈∈⊥∋≻⋈∈⊥∋≻⋈∈⊤∋≻⋈∈⊥∋≻⋈∈⊤∋≻⋈∈⊥∋≻⋈∈⊤∋≻⋈∈⊥∋⊙⊡⊣
⊢≻⋈∈⊥∋≻⋈∈⊥∋≻⋈∈⊤∋≻⋈∈⊤∋≻⋈∈⊥∋≻⋈∈⊤∋≻⋈∈⊤∋≻⋈∈⊤∋≻⋈∈⊤∋≻⋈∈⊤∋≻⋈∈⊤∋≻⋈∈⊤∋≻⋈∈⊥∋≻⋈∈⊥∋≻⋈∈⊥∋≻⋈∈⊥∋≻⋈∈⊤∋≻⋈∈⊤∋≻⋈∈⊤∋≻⋈∈⊤∋≻⋈∈⊤∋≻⋈∈⊤∋≻⋈∈⊤∋≻⋈∈⊥∋⊙⊡⊣
⊢≻⋈∈⊥∋≻⋈∈⊥∋≻⋈∈⊥∋≻⋈∈⊤∋≻⋈∈⊥∋≻⋈∈⊥∋≻⋈∈⊤∋≻⋈∈⊥∋≻⋈∈⊤∋≻⋈∈⊥∋⊙⊡⊣
⊢≻⋈∈⊥∋≻⋈∈⊥∋≻⋈∈⊤∋≻⋈∈⊤∋≻⋈∈⊥∋≻⋈∈⊤∋≻⋈∈⊥∋≻⋈∈⊤∋≻⋈∈⊥∋≻⋈∈⊥∋⊙⊡⊣
⊢≻⋈∈⊥∋≻⋈∈⊤∋≻⋈∈⊥∋≻⋈∈⊥∋≻⋈∈⊤∋≻⋈∈⊥∋≻⋈∈⊤∋≻⋈∈⊥∋≻⋈∈⊤∋≻⋈∈⊤∋≻⋈∈⊥∋⊙⊡⊣
⊢≻⋈∈⊥∋≻⋈∈⊤∋≻⋈∈⊤∋≻⋈∈⊤∋≻⋈∈⊤∋≻⋈∈⊥∋≻⋈∈⊥∋≻⋈∈⊤∋≻⋈∈⊥∋≻⋈∈⊤∋≻⋈∈⊥∋⊙⊡⊣
⊢≻⋈∈⊤∋≻⋈∈⊥∋≻⋈∈⊥∋≻⋈∈⊤∋≻⋈∈⊥∋≻⋈∈⊤∋≻⋈∈⊤∋≻⋈∈⊤∋≻⋈∈⊤∋≻⋈∈⊤∋≻⋈∈⊤∋≻⋈∈⊤∋≻⋈∈⊤∋≻⋈∈⊥∋≻⋈∈⊤∋≻⋈∈⊤∋≻⋈∈⊥∋≻⋈∈⊤∋≻⋈∈⊤∋≻⋈∈⊤∋≻⋈∈⊤∋≻⋈∈⊤∋≻⋈∈⊤∋≻⋈∈⊥∋⊙⊡⊣
⊢≻⋈∈⊤∋≻⋈∈⊤∋≻⋈∈⊤∋≻⋈∈⊥∋≻⋈∈⊥∋≻⋈∈⊥∋≻⋈∈⊤∋≻⋈∈⊥∋≻⋈∈⊤∋≻⋈∈⊥∋⊙⊡⊣
⊢≻⋈∈⊥∋≻⋈∈⊥∋≻⋈∈⊤∋≻⋈∈⊤∋≻⋈∈⊥∋≻⋈∈⊤∋≻⋈∈⊥∋≻⋈∈⊤∋≻⋈∈⊥∋≻⋈∈⊥∋⊙⊡⊣
⊢≻⋈∈⊤∋≻⋈∈⊥∋≻⋈∈⊥∋≻⋈∈⊥∋≻⋈∈⊤∋≻⋈∈⊥∋≻⋈∈⊤∋≻⋈∈⊥∋≻⋈∈⊤∋≻⋈∈⊤∋≻⋈∈⊥∋⊙⊡⊣
⊢≻⋈∈⊥∋≻⋈∈⊥∋≻⋈∈⊤∋≻⋈∈⊤∋≻⋈∈⊤∋≻⋈∈⊥∋≻⋈∈⊥∋≻⋈∈⊤∋≻⋈∈⊥∋≻⋈∈⊤∋≻⋈∈⊥∋⊙⊡⊣
⊢≻⋈∈⊥∋≻⋈∈⊤∋≻⋈∈⊤∋≻⋈∈⊥∋≻⋈∈⊥∋≻⋈∈⊤∋≻⋈∈⊤∋≻⋈∈⊤∋≻⋈∈⊤∋≻⋈∈⊤∋≻⋈∈⊤∋≻⋈∈⊤∋≻⋈∈⊥∋≻⋈∈⊤∋≻⋈∈⊥∋≻⋈∈⊤∋≻⋈∈⊥∋≻⋈∈⊤∋≻⋈∈⊤∋≻⋈∈⊤∋≻⋈∈⊤∋≻⋈∈⊤∋≻⋈∈⊤∋≻⋈∈⊥∋⊙⊡⊣
⊢≻⋈∈⊥∋≻⋈∈⊤∋≻⋈∈⊤∋≻⋈∈⊥∋≻⋈∈⊥∋≻⋈∈⊥∋≻⋈∈⊤∋≻⋈∈⊥∋≻⋈∈⊤∋≻⋈∈⊥∋⊙⊡⊣
⊢≻⋈∈⊤∋≻⋈∈⊤∋≻⋈∈⊤∋≻⋈∈⊤∋≻⋈∈⊥∋≻⋈∈⊥∋≻⋈∈⊤∋≻⋈∈⊥∋⊙⊡⊣
⊢≻⋈∈⊤∋≻⋈∈⊤∋≻⋈∈⊤∋≻⋈∈⊤∋≻⋈∈⊥∋≻⋈∈⊤∋≻⋈∈⊥∋≻⋈∈⊤∋≻⋈∈⊥∋≻⋈∈⊥∋≻⋈∈⊥∋⊙⊡⊣
⊢≻⋈∈⊥∋≻⋈∈⊤∋≻⋈∈⊥∋≻⋈∈⊤∋≻⋈∈⊤∋≻⋈∈⊥∋≻⋈∈⊥∋≻⋈∈⊤∋≻⋈∈⊥∋≻⋈∈⊤∋≻⋈∈⊥∋⊙⊡⊣
⊢≻⋈∈⊤∋≻⋈∈⊤∋≻⋈∈⊥∋≻⋈∈⊥∋≻⋈∈⊥∋≻⋈∈⊤∋≻⋈∈⊤∋≻⋈∈⊤∋≻⋈∈⊤∋≻⋈∈⊤∋≻⋈∈⊤∋≻⋈∈⊤∋≻⋈∈⊤∋≻⋈∈⊤∋≻⋈∈⊤∋≻⋈∈⊥∋≻⋈∈⊥∋≻⋈∈⊤∋≻⋈∈⊤∋≻⋈∈⊤∋≻⋈∈⊤∋≻⋈∈⊤∋≻⋈∈⊤∋≻⋈∈⊥∋⊙⊡⊣
⊢≻⋈∈⊤∋≻⋈∈⊥∋≻⋈∈⊤∋≻⋈∈⊥∋≻⋈∈⊥∋≻⋈∈⊥∋≻⋈∈⊤∋≻⋈∈⊥∋≻⋈∈⊤∋≻⋈∈⊥∋⊙⊡⊣
⊢≻⋈∈⊤∋≻⋈∈⊤∋≻⋈∈⊤∋≻⋈∈⊤∋≻⋈∈⊥∋≻⋈∈⊥∋≻⋈∈⊤∋≻⋈∈⊥∋⊙⊡⊣
⊢≻⋈∈⊥∋≻⋈∈⊤∋≻⋈∈⊤∋≻⋈∈⊤∋≻⋈∈⊥∋≻⋈∈⊤∋≻⋈∈⊥∋≻⋈∈⊤∋≻⋈∈⊥∋≻⋈∈⊥∋≻⋈∈⊥∋⊙⊡⊣
⊢≻⋈∈⊥∋≻⋈∈⊥∋≻⋈∈⊥∋≻⋈∈⊤∋≻⋈∈⊤∋≻⋈∈⊥∋≻⋈∈⊥∋≻⋈∈⊤∋≻⋈∈⊥∋≻⋈∈⊤∋≻⋈∈⊥∋⊙⊡⊣
⊢≻⋈∈⊥∋≻⋈∈⊥∋≻⋈∈⊥∋≻⋈∈⊥∋≻⋈∈⊥∋≻⋈∈⊤∋≻⋈∈⊤∋≻⋈∈⊤∋≻⋈∈⊤∋≻⋈∈⊤∋≻⋈∈⊤∋≻⋈∈⊤∋≻⋈∈⊥∋≻⋈∈⊥∋≻⋈∈⊤∋≻⋈∈⊥∋≻⋈∈⊥∋≻⋈∈⊤∋≻⋈∈⊤∋≻⋈∈⊤∋≻⋈∈⊤∋≻⋈∈⊤∋≻⋈∈⊤∋≻⋈∈⊥∋⊙⊡⊣
⊢≻⋈∈⊥∋≻⋈∈⊥∋≻⋈∈⊤∋≻⋈∈⊥∋≻⋈∈⊥∋≻⋈∈⊥∋≻⋈∈⊤∋≻⋈∈⊥∋≻⋈∈⊤∋≻⋈∈⊥∋⊙⊡⊣
⊢≻⋈∈⊤∋≻⋈∈⊥∋≻⋈∈⊤∋≻⋈∈⊤∋≻⋈∈⊥∋≻⋈∈⊤∋≻⋈∈⊥∋≻⋈∈⊤∋≻⋈∈⊥∋≻⋈∈⊥∋⊙⊡⊣
⊢≻⋈∈⊤∋≻⋈∈⊥∋≻⋈∈⊥∋≻⋈∈⊥∋≻⋈∈⊤∋≻⋈∈⊥∋≻⋈∈⊤∋≻⋈∈⊥∋≻⋈∈⊤∋≻⋈∈⊤∋≻⋈∈⊥∋⊙⊡⊣
⊢≻⋈∈⊥∋≻⋈∈⊤∋≻⋈∈⊤∋≻⋈∈⊥∋≻⋈∈⊤∋≻⋈∈⊥∋≻⋈∈⊥∋≻⋈∈⊤∋≻⋈∈⊥∋≻⋈∈⊤∋≻⋈∈⊥∋⊙⊡⊣
⊢≻⋈∈⊤∋≻⋈∈⊥∋≻⋈∈⊤∋≻⋈∈⊤∋≻⋈∈⊤∋≻⋈∈⊥∋≻⋈∈⊤∋≻⋈∈⊤∋≻⋈∈⊤∋≻⋈∈⊤∋≻⋈∈⊤∋≻⋈∈⊤∋≻⋈∈⊤∋≻⋈∈⊥∋≻⋈∈⊥∋≻⋈∈⊥∋≻⋈∈⊥∋≻⋈∈⊤∋≻⋈∈⊤∋≻⋈∈⊤∋≻⋈∈⊤∋≻⋈∈⊤∋≻⋈∈⊤∋≻⋈∈⊥∋⊙⊡⊣
⊢≻⋈∈⊤∋≻⋈∈⊤∋≻⋈∈⊥∋≻⋈∈⊥∋≻⋈∈⊥∋≻⋈∈⊥∋≻⋈∈⊤∋≻⋈∈⊥∋≻⋈∈⊤∋≻⋈∈⊥∋⊙⊡⊣
⊢≻⋈∈⊤∋≻⋈∈⊥∋≻⋈∈⊤∋≻⋈∈⊤∋≻⋈∈⊥∋≻⋈∈⊤∋≻⋈∈⊥∋≻⋈∈⊤∋≻⋈∈⊥∋≻⋈∈⊥∋⊙⊡⊣
⊢≻⋈∈⊥∋≻⋈∈⊥∋≻⋈∈⊥∋≻⋈∈⊥∋≻⋈∈⊤∋≻⋈∈⊥∋≻⋈∈⊤∋≻⋈∈⊥∋≻⋈∈⊤∋≻⋈∈⊤∋≻⋈∈⊥∋⊙⊡⊣
⊢≻⋈∈⊥∋≻⋈∈⊥∋≻⋈∈⊤∋≻⋈∈⊥∋≻⋈∈⊤∋≻⋈∈⊥∋≻⋈∈⊥∋≻⋈∈⊤∋≻⋈∈⊥∋≻⋈∈⊤∋≻⋈∈⊥∋⊙⊡⊣
⊢≻⋈∈⊥∋≻⋈∈⊤∋≻⋈∈⊥∋≻⋈∈⊤∋≻⋈∈⊤∋≻⋈∈⊥∋≻⋈∈⊤∋≻⋈∈⊤∋≻⋈∈⊤∋≻⋈∈⊤∋≻⋈∈⊤∋≻⋈∈⊤∋≻⋈∈⊥∋≻⋈∈⊤∋≻⋈∈⊤∋≻⋈∈⊤∋≻⋈∈⊤∋≻⋈∈⊥∋≻⋈∈⊤∋≻⋈∈⊤∋≻⋈∈⊤∋≻⋈∈⊤∋≻⋈∈⊤∋≻⋈∈⊥∋⊙⊡⊣
⊢≻⋈∈⊥∋≻⋈∈⊤∋≻⋈∈⊥∋≻⋈∈⊥∋≻⋈∈⊥∋≻⋈∈⊥∋≻⋈∈⊤∋≻⋈∈⊥∋≻⋈∈⊤∋≻⋈∈⊥∋⊙⊡⊣
⊢≻⋈∈⊥∋≻⋈∈⊤∋≻⋈∈⊤∋≻⋈∈⊤∋≻⋈∈⊥∋≻⋈∈⊥∋≻⋈∈⊤∋≻⋈∈⊥∋⊙⊡⊣
⊢≻⋈∈⊥∋≻⋈∈⊥∋≻⋈∈⊥∋≻⋈∈⊥∋≻⋈∈⊤∋≻⋈∈⊤∋≻⋈∈⊥∋≻⋈∈⊤∋≻⋈∈⊥∋≻⋈∈⊥∋≻⋈∈⊥∋⊙⊡⊣
⊢≻⋈∈⊥∋≻⋈∈⊤∋≻⋈∈⊥∋≻⋈∈⊥∋≻⋈∈⊤∋≻⋈∈⊥∋≻⋈∈⊥∋≻⋈∈⊤∋≻⋈∈⊥∋≻⋈∈⊤∋≻⋈∈⊥∋⊙⊡⊣
⊢≻⋈∈⊤∋≻⋈∈⊤∋≻⋈∈⊤∋≻⋈∈⊥∋≻⋈∈⊤∋≻⋈∈⊥∋≻⋈∈⊤∋≻⋈∈⊤∋≻⋈∈⊤∋≻⋈∈⊤∋≻⋈∈⊤∋≻⋈∈⊤∋≻⋈∈⊤∋≻⋈∈⊤∋≻⋈∈⊥∋≻⋈∈⊤∋≻⋈∈⊤∋≻⋈∈⊥∋≻⋈∈⊤∋≻⋈∈⊤∋≻⋈∈⊤∋≻⋈∈⊤∋≻⋈∈⊤∋≻⋈∈⊥∋⊙⊡⊣
⊢≻⋈∈⊤∋≻⋈∈⊥∋≻⋈∈⊥∋≻⋈∈⊥∋≻⋈∈⊥∋≻⋈∈⊥∋≻⋈∈⊤∋≻⋈∈⊥∋≻⋈∈⊤∋≻⋈∈⊥∋⊙⊡⊣
⊢≻⋈∈⊥∋≻⋈∈⊤∋≻⋈∈⊤∋≻⋈∈⊤∋≻⋈∈⊥∋≻⋈∈⊥∋≻⋈∈⊤∋≻⋈∈⊥∋⊙⊡⊣
⊢≻⋈∈⊤∋≻⋈∈⊤∋≻⋈∈⊤∋≻⋈∈⊤∋≻⋈∈⊥∋≻⋈∈⊤∋≻⋈∈⊥∋≻⋈∈⊤∋≻⋈∈⊥∋≻⋈∈⊥∋≻⋈∈⊥∋⊙⊡⊣
⊢≻⋈∈⊥∋≻⋈∈⊥∋≻⋈∈⊥∋≻⋈∈⊥∋≻⋈∈⊤∋≻⋈∈⊥∋≻⋈∈⊥∋≻⋈∈⊤∋≻⋈∈⊥∋≻⋈∈⊤∋≻⋈∈⊥∋⊙⊡⊣
⊢≻⋈∈⊥∋≻⋈∈⊥∋≻⋈∈⊤∋≻⋈∈⊥∋≻⋈∈⊤∋≻⋈∈⊥∋≻⋈∈⊤∋≻⋈∈⊤∋≻⋈∈⊤∋≻⋈∈⊤∋≻⋈∈⊤∋≻⋈∈⊤∋≻⋈∈⊥∋≻⋈∈⊥∋≻⋈∈⊥∋≻⋈∈⊤∋≻⋈∈⊤∋≻⋈∈⊥∋≻⋈∈⊤∋≻⋈∈⊤∋≻⋈∈⊤∋≻⋈∈⊤∋≻⋈∈⊤∋≻⋈∈⊥∋⊙⊡⊣
⊢≻⋈∈⊥∋≻⋈∈⊥∋≻⋈∈⊥∋≻⋈∈⊥∋≻⋈∈⊥∋≻⋈∈⊥∋≻⋈∈⊤∋≻⋈∈⊥∋≻⋈∈⊤∋≻⋈∈⊥∋⊙⊡⊣
⊢≻⋈∈⊥∋≻⋈∈⊤∋≻⋈∈⊤∋≻⋈∈⊤∋≻⋈∈⊥∋≻⋈∈⊤∋≻⋈∈⊥∋≻⋈∈⊤∋≻⋈∈⊥∋≻⋈∈⊥∋⊙⊡⊣
⊢≻⋈∈⊥∋≻⋈∈⊥∋≻⋈∈⊥∋≻⋈∈⊥∋≻⋈∈⊤∋≻⋈∈⊥∋≻⋈∈⊤∋≻⋈∈⊥∋≻⋈∈⊤∋≻⋈∈⊤∋≻⋈∈⊥∋⊙⊡⊣
⊢≻⋈∈⊥∋≻⋈∈⊤∋≻⋈∈⊤∋≻⋈∈⊤∋≻⋈∈⊥∋≻⋈∈⊥∋≻⋈∈⊥∋≻⋈∈⊤∋≻⋈∈⊥∋≻⋈∈⊤∋≻⋈∈⊥∋⊙⊡⊣
⊢≻⋈∈⊤∋≻⋈∈⊥∋≻⋈∈⊥∋≻⋈∈⊥∋≻⋈∈⊤∋≻⋈∈⊥∋≻⋈∈⊤∋≻⋈∈⊤∋≻⋈∈⊤∋≻⋈∈⊤∋≻⋈∈⊤∋≻⋈∈⊤∋≻⋈∈⊤∋≻⋈∈⊥∋≻⋈∈⊤∋≻⋈∈⊥∋≻⋈∈⊤∋≻⋈∈⊥∋≻⋈∈⊤∋≻⋈∈⊤∋≻⋈∈⊤∋≻⋈∈⊤∋≻⋈∈⊤∋≻⋈∈⊥∋⊙⊡⊣
⊢≻⋈∈⊤∋≻⋈∈⊤∋≻⋈∈⊤∋≻⋈∈⊤∋≻⋈∈⊤∋≻⋈∈⊤∋≻⋈∈⊥∋≻⋈∈⊥∋≻⋈∈⊤∋≻⋈∈⊥∋⊙⊡⊣
⊢≻⋈∈⊥∋≻⋈∈⊤∋≻⋈∈⊤∋≻⋈∈⊤∋≻⋈∈⊥∋≻⋈∈⊤∋≻⋈∈⊥∋≻⋈∈⊤∋≻⋈∈⊥∋≻⋈∈⊥∋⊙⊡⊣
⊢≻⋈∈⊤∋≻⋈∈⊤∋≻⋈∈⊤∋≻⋈∈⊤∋≻⋈∈⊥∋≻⋈∈⊥∋≻⋈∈⊤∋≻⋈∈⊥∋≻⋈∈⊤∋≻⋈∈⊤∋≻⋈∈⊥∋⊙⊡⊣
⊢≻⋈∈⊥∋≻⋈∈⊥∋≻⋈∈⊤∋≻⋈∈⊤∋≻⋈∈⊥∋≻⋈∈⊥∋≻⋈∈⊥∋≻⋈∈⊤∋≻⋈∈⊥∋≻⋈∈⊤∋≻⋈∈⊥∋⊙⊡⊣
⊢≻⋈∈⊥∋≻⋈∈⊤∋≻⋈∈⊤∋≻⋈∈⊤∋≻⋈∈⊥∋≻⋈∈⊥∋≻⋈∈⊤∋≻⋈∈⊤∋≻⋈∈⊤∋≻⋈∈⊤∋≻⋈∈⊤∋≻⋈∈⊤∋≻⋈∈⊥∋≻⋈∈⊤∋≻⋈∈⊥∋≻⋈∈⊥∋≻⋈∈⊤∋≻⋈∈⊥∋≻⋈∈⊤∋≻⋈∈⊤∋≻⋈∈⊤∋≻⋈∈⊤∋≻⋈∈⊤∋≻⋈∈⊥∋⊙⊡⊣
⊢≻⋈∈⊥∋≻⋈∈⊤∋≻⋈∈⊤∋≻⋈∈⊤∋≻⋈∈⊤∋≻⋈∈⊤∋≻⋈∈⊥∋≻⋈∈⊥∋≻⋈∈⊤∋≻⋈∈⊥∋⊙⊡⊣
⊢≻⋈∈⊤∋≻⋈∈⊥∋≻⋈∈⊤∋≻⋈∈⊤∋≻⋈∈⊥∋≻⋈∈⊥∋≻⋈∈⊤∋≻⋈∈⊥∋⊙⊡⊣
⊢≻⋈∈⊤∋≻⋈∈⊥∋≻⋈∈⊥∋≻⋈∈⊥∋≻⋈∈⊤∋≻⋈∈⊤∋≻⋈∈⊥∋≻⋈∈⊤∋≻⋈∈⊥∋≻⋈∈⊥∋≻⋈∈⊥∋⊙⊡⊣
⊢≻⋈∈⊥∋≻⋈∈⊤∋≻⋈∈⊥∋≻⋈∈⊤∋≻⋈∈⊥∋≻⋈∈⊥∋≻⋈∈⊥∋≻⋈∈⊤∋≻⋈∈⊥∋≻⋈∈⊤∋≻⋈∈⊥∋⊙⊡⊣
⊢≻⋈∈⊤∋≻⋈∈⊤∋≻⋈∈⊥∋≻⋈∈⊤∋≻⋈∈⊥∋≻⋈∈⊥∋≻⋈∈⊤∋≻⋈∈⊤∋≻⋈∈⊤∋≻⋈∈⊤∋≻⋈∈⊤∋≻⋈∈⊤∋≻⋈∈⊤∋≻⋈∈⊤∋≻⋈∈⊤∋≻⋈∈⊤∋≻⋈∈⊥∋≻⋈∈⊥∋≻⋈∈⊤∋≻⋈∈⊤∋≻⋈∈⊤∋≻⋈∈⊤∋≻⋈∈⊤∋≻⋈∈⊥∋⊙⊡⊣
⊢≻⋈∈⊤∋≻⋈∈⊥∋≻⋈∈⊤∋≻⋈∈⊤∋≻⋈∈⊤∋≻⋈∈⊤∋≻⋈∈⊥∋≻⋈∈⊥∋≻⋈∈⊤∋≻⋈∈⊥∋⊙⊡⊣
⊢≻⋈∈⊤∋≻⋈∈⊥∋≻⋈∈⊤∋≻⋈∈⊤∋≻⋈∈⊥∋≻⋈∈⊥∋≻⋈∈⊤∋≻⋈∈⊥∋⊙⊡⊣
⊢≻⋈∈⊥∋≻⋈∈⊥∋≻⋈∈⊥∋≻⋈∈⊥∋≻⋈∈⊤∋≻⋈∈⊤∋≻⋈∈⊥∋≻⋈∈⊤∋≻⋈∈⊥∋≻⋈∈⊥∋≻⋈∈⊥∋⊙⊡⊣
⊢≻⋈∈⊥∋≻⋈∈⊥∋≻⋈∈⊥∋≻⋈∈⊤∋≻⋈∈⊥∋≻⋈∈⊥∋≻⋈∈⊥∋≻⋈∈⊤∋≻⋈∈⊥∋≻⋈∈⊤∋≻⋈∈⊥∋⊙⊡⊣
⊢≻⋈∈⊥∋≻⋈∈⊥∋≻⋈∈⊥∋≻⋈∈⊤∋≻⋈∈⊥∋≻⋈∈⊥∋≻⋈∈⊤∋≻⋈∈⊤∋≻⋈∈⊤∋≻⋈∈⊤∋≻⋈∈⊤∋≻⋈∈⊤∋≻⋈∈⊥∋≻⋈∈⊥∋≻⋈∈⊤∋≻⋈∈⊤∋≻⋈∈⊥∋≻⋈∈⊥∋≻⋈∈⊤∋≻⋈∈⊤∋≻⋈∈⊤∋≻⋈∈⊤∋≻⋈∈⊤∋≻⋈∈⊥∋⊙⊡⊣
⊢≻⋈∈⊥∋≻⋈∈⊥∋≻⋈∈⊤∋≻⋈∈⊤∋≻⋈∈⊤∋≻⋈∈⊤∋≻⋈∈⊥∋≻⋈∈⊥∋≻⋈∈⊤∋≻⋈∈⊥∋⊙⊡⊣
⊢≻⋈∈⊤∋≻⋈∈⊤∋≻⋈∈⊤∋≻⋈∈⊤∋≻⋈∈⊥∋≻⋈∈⊤∋≻⋈∈⊥∋≻⋈∈⊤∋≻⋈∈⊥∋≻⋈∈⊥∋⊙⊡⊣
⊢≻⋈∈⊤∋≻⋈∈⊤∋≻⋈∈⊤∋≻⋈∈⊤∋≻⋈∈⊥∋≻⋈∈⊥∋≻⋈∈⊤∋≻⋈∈⊥∋≻⋈∈⊤∋≻⋈∈⊤∋≻⋈∈⊥∋⊙⊡⊣
⊢≻⋈∈⊥∋≻⋈∈⊤∋≻⋈∈⊤∋≻⋈∈⊥∋≻⋈∈⊥∋≻⋈∈⊥∋≻⋈∈⊥∋≻⋈∈⊤∋≻⋈∈⊥∋≻⋈∈⊤∋≻⋈∈⊥∋⊙⊡⊣
⊢≻⋈∈⊤∋≻⋈∈⊥∋≻⋈∈⊤∋≻⋈∈⊥∋≻⋈∈⊥∋≻⋈∈⊥∋≻⋈∈⊤∋≻⋈∈⊤∋≻⋈∈⊤∋≻⋈∈⊤∋≻⋈∈⊤∋≻⋈∈⊤∋≻⋈∈⊤∋≻⋈∈⊥∋≻⋈∈⊥∋≻⋈∈⊤∋≻⋈∈⊥∋≻⋈∈⊥∋≻⋈∈⊤∋≻⋈∈⊤∋≻⋈∈⊤∋≻⋈∈⊤∋≻⋈∈⊤∋≻⋈∈⊥∋⊙⊡⊣
⊢≻⋈∈⊤∋≻⋈∈⊤∋≻⋈∈⊥∋≻⋈∈⊤∋≻⋈∈⊤∋≻⋈∈⊤∋≻⋈∈⊥∋≻⋈∈⊥∋≻⋈∈⊤∋≻⋈∈⊥∋⊙⊡⊣
⊢≻⋈∈⊤∋≻⋈∈⊤∋≻⋈∈⊤∋≻⋈∈⊤∋≻⋈∈⊥∋≻⋈∈⊤∋≻⋈∈⊥∋≻⋈∈⊤∋≻⋈∈⊥∋≻⋈∈⊥∋⊙⊡⊣
⊢≻⋈∈⊥∋≻⋈∈⊤∋≻⋈∈⊤∋≻⋈∈⊤∋≻⋈∈⊥∋≻⋈∈⊥∋≻⋈∈⊤∋≻⋈∈⊥∋≻⋈∈⊤∋≻⋈∈⊤∋≻⋈∈⊥∋⊙⊡⊣
⊢≻⋈∈⊥∋≻⋈∈⊥∋≻⋈∈⊤∋≻⋈∈⊥∋≻⋈∈⊥∋≻⋈∈⊥∋≻⋈∈⊥∋≻⋈∈⊤∋≻⋈∈⊥∋≻⋈∈⊤∋≻⋈∈⊥∋⊙⊡⊣
⊢≻⋈∈⊥∋≻⋈∈⊤∋≻⋈∈⊥∋≻⋈∈⊥∋≻⋈∈⊥∋≻⋈∈⊥∋≻⋈∈⊤∋≻⋈∈⊤∋≻⋈∈⊤∋≻⋈∈⊤∋≻⋈∈⊤∋≻⋈∈⊤∋≻⋈∈⊥∋≻⋈∈⊤∋≻⋈∈⊤∋≻⋈∈⊥∋≻⋈∈⊥∋≻⋈∈⊥∋≻⋈∈⊤∋≻⋈∈⊤∋≻⋈∈⊤∋≻⋈∈⊤∋≻⋈∈⊤∋≻⋈∈⊥∋⊙⊡⊣
⊢≻⋈∈⊥∋≻⋈∈⊤∋≻⋈∈⊥∋≻⋈∈⊤∋≻⋈∈⊤∋≻⋈∈⊤∋≻⋈∈⊥∋≻⋈∈⊥∋≻⋈∈⊤∋≻⋈∈⊥∋⊙⊡⊣
⊢≻⋈∈⊥∋≻⋈∈⊥∋≻⋈∈⊤∋≻⋈∈⊤∋≻⋈∈⊥∋≻⋈∈⊥∋≻⋈∈⊤∋≻⋈∈⊥∋⊙⊡⊣
⊢≻⋈∈⊥∋≻⋈∈⊤∋≻⋈∈⊥∋≻⋈∈⊥∋≻⋈∈⊤∋≻⋈∈⊤∋≻⋈∈⊥∋≻⋈∈⊤∋≻⋈∈⊥∋≻⋈∈⊥∋≻⋈∈⊥∋⊙⊡⊣
⊢≻⋈∈⊥∋≻⋈∈⊤∋≻⋈∈⊥∋≻⋈∈⊥∋≻⋈∈⊥∋≻⋈∈⊥∋≻⋈∈⊥∋≻⋈∈⊤∋≻⋈∈⊥∋≻⋈∈⊤∋≻⋈∈⊥∋⊙⊡⊣
⊢≻⋈∈⊤∋≻⋈∈⊤∋≻⋈∈⊤∋≻⋈∈⊤∋≻⋈∈⊤∋≻⋈∈⊤∋≻⋈∈⊥∋≻⋈∈⊤∋≻⋈∈⊤∋≻⋈∈⊤∋≻⋈∈⊤∋≻⋈∈⊤∋≻⋈∈⊤∋≻⋈∈⊤∋≻⋈∈⊥∋≻⋈∈⊥∋≻⋈∈⊥∋≻⋈∈⊥∋≻⋈∈⊤∋≻⋈∈⊤∋≻⋈∈⊤∋≻⋈∈⊤∋≻⋈∈⊤∋≻⋈∈⊥∋⊙⊡⊣
⊢≻⋈∈⊤∋≻⋈∈⊥∋≻⋈∈⊥∋≻⋈∈⊤∋≻⋈∈⊤∋≻⋈∈⊤∋≻⋈∈⊥∋≻⋈∈⊥∋≻⋈∈⊤∋≻⋈∈⊥∋⊙⊡⊣
⊢≻⋈∈⊥∋≻⋈∈⊥∋≻⋈∈⊤∋≻⋈∈⊤∋≻⋈∈⊥∋≻⋈∈⊥∋≻⋈∈⊤∋≻⋈∈⊥∋⊙⊡⊣
⊢≻⋈∈⊤∋≻⋈∈⊥∋≻⋈∈⊥∋≻⋈∈⊥∋≻⋈∈⊤∋≻⋈∈⊤∋≻⋈∈⊥∋≻⋈∈⊤∋≻⋈∈⊥∋≻⋈∈⊥∋≻⋈∈⊥∋⊙⊡⊣
⊢≻⋈∈⊥∋≻⋈∈⊥∋≻⋈∈⊥∋≻⋈∈⊥∋≻⋈∈⊥∋≻⋈∈⊥∋≻⋈∈⊥∋≻⋈∈⊤∋≻⋈∈⊥∋≻⋈∈⊤∋≻⋈∈⊥∋⊙⊡⊣
⊢≻⋈∈⊥∋≻⋈∈⊥∋≻⋈∈⊤∋≻⋈∈⊤∋≻⋈∈⊤∋≻⋈∈⊤∋≻⋈∈⊥∋≻⋈∈⊤∋≻⋈∈⊤∋≻⋈∈⊤∋≻⋈∈⊤∋≻⋈∈⊤∋≻⋈∈⊥∋≻⋈∈⊥∋≻⋈∈⊥∋≻⋈∈⊥∋≻⋈∈⊥∋≻⋈∈⊥∋≻⋈∈⊤∋≻⋈∈⊤∋≻⋈∈⊤∋≻⋈∈⊤∋≻⋈∈⊤∋≻⋈∈⊥∋⊙⊡⊣
⊢≻⋈∈⊥∋≻⋈∈⊥∋≻⋈∈⊥∋≻⋈∈⊤∋≻⋈∈⊤∋≻⋈∈⊤∋≻⋈∈⊥∋≻⋈∈⊥∋≻⋈∈⊤∋≻⋈∈⊥∋⊙⊡⊣
⊢≻⋈∈⊥∋≻⋈∈⊥∋≻⋈∈⊥∋≻⋈∈⊥∋≻⋈∈⊤∋≻⋈∈⊤∋≻⋈∈⊥∋≻⋈∈⊤∋≻⋈∈⊥∋≻⋈∈⊥∋⊙⊡⊣
⊢≻⋈∈⊥∋≻⋈∈⊤∋≻⋈∈⊤∋≻⋈∈⊤∋≻⋈∈⊥∋≻⋈∈⊥∋≻⋈∈⊤∋≻⋈∈⊥∋≻⋈∈⊤∋≻⋈∈⊤∋≻⋈∈⊥∋⊙⊡⊣
⊢≻⋈∈⊥∋≻⋈∈⊤∋≻⋈∈⊤∋≻⋈∈⊤∋≻⋈∈⊤∋≻⋈∈⊤∋≻⋈∈⊤∋≻⋈∈⊥∋≻⋈∈⊥∋≻⋈∈⊤∋≻⋈∈⊥∋⊙⊡⊣
⊢≻⋈∈⊤∋≻⋈∈⊥∋≻⋈∈⊥∋≻⋈∈⊤∋≻⋈∈⊤∋≻⋈∈⊤∋≻⋈∈⊥∋≻⋈∈⊤∋≻⋈∈⊤∋≻⋈∈⊤∋≻⋈∈⊤∋≻⋈∈⊤∋≻⋈∈⊤∋≻⋈∈⊥∋≻⋈∈⊤∋≻⋈∈⊤∋≻⋈∈⊤∋≻⋈∈⊤∋≻⋈∈⊥∋≻⋈∈⊤∋≻⋈∈⊤∋≻⋈∈⊤∋≻⋈∈⊤∋≻⋈∈⊥∋⊙⊡⊣
⊢≻⋈∈⊤∋≻⋈∈⊤∋≻⋈∈⊤∋≻⋈∈⊥∋≻⋈∈⊤∋≻⋈∈⊤∋≻⋈∈⊥∋≻⋈∈⊥∋≻⋈∈⊤∋≻⋈∈⊥∋⊙⊡⊣
⊢≻⋈∈⊥∋≻⋈∈⊥∋≻⋈∈⊥∋≻⋈∈⊥∋≻⋈∈⊤∋≻⋈∈⊤∋≻⋈∈⊥∋≻⋈∈⊤∋≻⋈∈⊥∋≻⋈∈⊥∋⊙⊡⊣
⊢≻⋈∈⊤∋≻⋈∈⊥∋≻⋈∈⊤∋≻⋈∈⊤∋≻⋈∈⊥∋≻⋈∈⊥∋≻⋈∈⊤∋≻⋈∈⊥∋≻⋈∈⊤∋≻⋈∈⊤∋≻⋈∈⊥∋⊙⊡⊣
⊢≻⋈∈⊥∋≻⋈∈⊥∋≻⋈∈⊤∋≻⋈∈⊤∋≻⋈∈⊤∋≻⋈∈⊤∋≻⋈∈⊤∋≻⋈∈⊥∋≻⋈∈⊥∋≻⋈∈⊤∋≻⋈∈⊥∋⊙⊡⊣
⊢≻⋈∈⊥∋≻⋈∈⊤∋≻⋈∈⊤∋≻⋈∈⊥∋≻⋈∈⊤∋≻⋈∈⊤∋≻⋈∈⊥∋≻⋈∈⊤∋≻⋈∈⊤∋≻⋈∈⊤∋≻⋈∈⊤∋≻⋈∈⊤∋≻⋈∈⊥∋≻⋈∈⊤∋≻⋈∈⊥∋≻⋈∈⊤∋≻⋈∈⊤∋≻⋈∈⊤∋≻⋈∈⊥∋≻⋈∈⊤∋≻⋈∈⊤∋≻⋈∈⊤∋≻⋈∈⊤∋≻⋈∈⊥∋⊙⊡⊣
⊢≻⋈∈⊥∋≻⋈∈⊤∋≻⋈∈⊤∋≻⋈∈⊥∋≻⋈∈⊤∋≻⋈∈⊤∋≻⋈∈⊥∋≻⋈∈⊥∋≻⋈∈⊤∋≻⋈∈⊥∋⊙⊡⊣
⊢≻⋈∈⊤∋≻⋈∈⊤∋≻⋈∈⊥∋≻⋈∈⊤∋≻⋈∈⊥∋≻⋈∈⊥∋≻⋈∈⊤∋≻⋈∈⊥∋⊙⊡⊣
⊢≻⋈∈⊤∋≻⋈∈⊤∋≻⋈∈⊥∋≻⋈∈⊥∋≻⋈∈⊤∋≻⋈∈⊤∋≻⋈∈⊥∋≻⋈∈⊤∋≻⋈∈⊥∋≻⋈∈⊥∋≻⋈∈⊥∋⊙⊡⊣
⊢≻⋈∈⊥∋≻⋈∈⊤∋≻⋈∈⊥∋≻⋈∈⊤∋≻⋈∈⊤∋≻⋈∈⊤∋≻⋈∈⊤∋≻⋈∈⊥∋≻⋈∈⊥∋≻⋈∈⊤∋≻⋈∈⊥∋⊙⊡⊣
⊢≻⋈∈⊤∋≻⋈∈⊤∋≻⋈∈⊥∋≻⋈∈⊥∋≻⋈∈⊤∋≻⋈∈⊤∋≻⋈∈⊥∋≻⋈∈⊤∋≻⋈∈⊤∋≻⋈∈⊤∋≻⋈∈⊤∋≻⋈∈⊤∋≻⋈∈⊤∋≻⋈∈⊤∋≻⋈∈⊤∋≻⋈∈⊥∋≻⋈∈⊤∋≻⋈∈⊤∋≻⋈∈⊥∋≻⋈∈⊤∋≻⋈∈⊤∋≻⋈∈⊤∋≻⋈∈⊤∋≻⋈∈⊥∋⊙⊡⊣
⊢≻⋈∈⊤∋≻⋈∈⊥∋≻⋈∈⊤∋≻⋈∈⊥∋≻⋈∈⊤∋≻⋈∈⊤∋≻⋈∈⊥∋≻⋈∈⊥∋≻⋈∈⊤∋≻⋈∈⊥∋⊙⊡⊣
⊢≻⋈∈⊤∋≻⋈∈⊤∋≻⋈∈⊥∋≻⋈∈⊤∋≻⋈∈⊥∋≻⋈∈⊥∋≻⋈∈⊤∋≻⋈∈⊥∋⊙⊡⊣
⊢≻⋈∈⊥∋≻⋈∈⊤∋≻⋈∈⊥∋≻⋈∈⊥∋≻⋈∈⊤∋≻⋈∈⊤∋≻⋈∈⊥∋≻⋈∈⊤∋≻⋈∈⊥∋≻⋈∈⊥∋≻⋈∈⊥∋⊙⊡⊣
⊢≻⋈∈⊥∋≻⋈∈⊥∋≻⋈∈⊥∋≻⋈∈⊤∋≻⋈∈⊤∋≻⋈∈⊤∋≻⋈∈⊤∋≻⋈∈⊥∋≻⋈∈⊥∋≻⋈∈⊤∋≻⋈∈⊥∋⊙⊡⊣
⊢≻⋈∈⊥∋≻⋈∈⊥∋≻⋈∈⊥∋≻⋈∈⊥∋≻⋈∈⊤∋≻⋈∈⊤∋≻⋈∈⊥∋≻⋈∈⊤∋≻⋈∈⊤∋≻⋈∈⊤∋≻⋈∈⊤∋≻⋈∈⊤∋≻⋈∈⊥∋≻⋈∈⊥∋≻⋈∈⊤∋≻⋈∈⊥∋≻⋈∈⊤∋≻⋈∈⊤∋≻⋈∈⊥∋≻⋈∈⊤∋≻⋈∈⊤∋≻⋈∈⊤∋≻⋈∈⊤∋≻⋈∈⊥∋⊙⊡⊣
⊢≻⋈∈⊥∋≻⋈∈⊥∋≻⋈∈⊤∋≻⋈∈⊥∋≻⋈∈⊤∋≻⋈∈⊤∋≻⋈∈⊥∋≻⋈∈⊥∋≻⋈∈⊤∋≻⋈∈⊥∋⊙⊡⊣
⊢≻⋈∈⊤∋≻⋈∈⊥∋≻⋈∈⊥∋≻⋈∈⊥∋≻⋈∈⊤∋≻⋈∈⊤∋≻⋈∈⊥∋≻⋈∈⊤∋≻⋈∈⊥∋≻⋈∈⊥∋⊙⊡⊣
⊢≻⋈∈⊤∋≻⋈∈⊥∋≻⋈∈⊤∋≻⋈∈⊤∋≻⋈∈⊥∋≻⋈∈⊥∋≻⋈∈⊤∋≻⋈∈⊥∋≻⋈∈⊤∋≻⋈∈⊤∋≻⋈∈⊥∋⊙⊡⊣
⊢≻⋈∈⊥∋≻⋈∈⊤∋≻⋈∈⊤∋≻⋈∈⊥∋≻⋈∈⊤∋≻⋈∈⊤∋≻⋈∈⊤∋≻⋈∈⊥∋≻⋈∈⊥∋≻⋈∈⊤∋≻⋈∈⊥∋⊙⊡⊣
⊢≻⋈∈⊤∋≻⋈∈⊥∋≻⋈∈⊤∋≻⋈∈⊤∋≻⋈∈⊥∋≻⋈∈⊤∋≻⋈∈⊥∋≻⋈∈⊤∋≻⋈∈⊤∋≻⋈∈⊤∋≻⋈∈⊤∋≻⋈∈⊤∋≻⋈∈⊤∋≻⋈∈⊥∋≻⋈∈⊥∋≻⋈∈⊥∋≻⋈∈⊤∋≻⋈∈⊤∋≻⋈∈⊥∋≻⋈∈⊤∋≻⋈∈⊤∋≻⋈∈⊤∋≻⋈∈⊤∋≻⋈∈⊥∋⊙⊡⊣
⊢≻⋈∈⊤∋≻⋈∈⊤∋≻⋈∈⊥∋≻⋈∈⊥∋≻⋈∈⊤∋≻⋈∈⊤∋≻⋈∈⊥∋≻⋈∈⊥∋≻⋈∈⊤∋≻⋈∈⊥∋⊙⊡⊣
⊢≻⋈∈⊤∋≻⋈∈⊥∋≻⋈∈⊥∋≻⋈∈⊥∋≻⋈∈⊤∋≻⋈∈⊤∋≻⋈∈⊥∋≻⋈∈⊤∋≻⋈∈⊥∋≻⋈∈⊥∋⊙⊡⊣
⊢≻⋈∈⊥∋≻⋈∈⊥∋≻⋈∈⊤∋≻⋈∈⊤∋≻⋈∈⊥∋≻⋈∈⊥∋≻⋈∈⊤∋≻⋈∈⊥∋≻⋈∈⊤∋≻⋈∈⊤∋≻⋈∈⊥∋⊙⊡⊣
⊢≻⋈∈⊥∋≻⋈∈⊥∋≻⋈∈⊤∋≻⋈∈⊥∋≻⋈∈⊤∋≻⋈∈⊤∋≻⋈∈⊤∋≻⋈∈⊥∋≻⋈∈⊥∋≻⋈∈⊤∋≻⋈∈⊥∋⊙⊡⊣
⊢≻⋈∈⊥∋≻⋈∈⊤∋≻⋈∈⊥∋≻⋈∈⊤∋≻⋈∈⊥∋≻⋈∈⊤∋≻⋈∈⊥∋≻⋈∈⊤∋≻⋈∈⊤∋≻⋈∈⊤∋≻⋈∈⊤∋≻⋈∈⊤∋≻⋈∈⊥∋≻⋈∈⊤∋≻⋈∈⊤∋≻⋈∈⊤∋≻⋈∈⊥∋≻⋈∈⊤∋≻⋈∈⊥∋≻⋈∈⊤∋≻⋈∈⊤∋≻⋈∈⊤∋≻⋈∈⊤∋≻⋈∈⊥∋⊙⊡⊣
⊢≻⋈∈⊥∋≻⋈∈⊤∋≻⋈∈⊥∋≻⋈∈⊥∋≻⋈∈⊤∋≻⋈∈⊤∋≻⋈∈⊥∋≻⋈∈⊥∋≻⋈∈⊤∋≻⋈∈⊥∋⊙⊡⊣
⊢≻⋈∈⊥∋≻⋈∈⊤∋≻⋈∈⊥∋≻⋈∈⊤∋≻⋈∈⊥∋≻⋈∈⊥∋≻⋈∈⊤∋≻⋈∈⊥∋⊙⊡⊣
⊢≻⋈∈⊥∋≻⋈∈⊥∋≻⋈∈⊤∋≻⋈∈⊥∋≻⋈∈⊤∋≻⋈∈⊤∋≻⋈∈⊥∋≻⋈∈⊤∋≻⋈∈⊥∋≻⋈∈⊥∋≻⋈∈⊥∋⊙⊡⊣
⊢≻⋈∈⊥∋≻⋈∈⊤∋≻⋈∈⊥∋≻⋈∈⊥∋≻⋈∈⊤∋≻⋈∈⊤∋≻⋈∈⊤∋≻⋈∈⊥∋≻⋈∈⊥∋≻⋈∈⊤∋≻⋈∈⊥∋⊙⊡⊣
⊢≻⋈∈⊤∋≻⋈∈⊤∋≻⋈∈⊤∋≻⋈∈⊥∋≻⋈∈⊥∋≻⋈∈⊤∋≻⋈∈⊥∋≻⋈∈⊤∋≻⋈∈⊤∋≻⋈∈⊤∋≻⋈∈⊤∋≻⋈∈⊤∋≻⋈∈⊤∋≻⋈∈⊤∋≻⋈∈⊥∋≻⋈∈⊤∋≻⋈∈⊥∋≻⋈∈⊤∋≻⋈∈⊥∋≻⋈∈⊤∋≻⋈∈⊤∋≻⋈∈⊤∋≻⋈∈⊤∋≻⋈∈⊥∋⊙⊡⊣
⊢≻⋈∈⊤∋≻⋈∈⊥∋≻⋈∈⊥∋≻⋈∈⊥∋≻⋈∈⊤∋≻⋈∈⊤∋≻⋈∈⊥∋≻⋈∈⊥∋≻⋈∈⊤∋≻⋈∈⊥∋⊙⊡⊣
⊢≻⋈∈⊥∋≻⋈∈⊤∋≻⋈∈⊥∋≻⋈∈⊤∋≻⋈∈⊥∋≻⋈∈⊥∋≻⋈∈⊤∋≻⋈∈⊥∋⊙⊡⊣
⊢≻⋈∈⊤∋≻⋈∈⊤∋≻⋈∈⊥∋≻⋈∈⊥∋≻⋈∈⊤∋≻⋈∈⊤∋≻⋈∈⊥∋≻⋈∈⊤∋≻⋈∈⊥∋≻⋈∈⊥∋≻⋈∈⊥∋⊙⊡⊣
⊢≻⋈∈⊥∋≻⋈∈⊥∋≻⋈∈⊥∋≻⋈∈⊥∋≻⋈∈⊤∋≻⋈∈⊤∋≻⋈∈⊤∋≻⋈∈⊥∋≻⋈∈⊥∋≻⋈∈⊤∋≻⋈∈⊥∋⊙⊡⊣
⊢≻⋈∈⊥∋≻⋈∈⊥∋≻⋈∈⊤∋≻⋈∈⊥∋≻⋈∈⊥∋≻⋈∈⊤∋≻⋈∈⊥∋≻⋈∈⊤∋≻⋈∈⊤∋≻⋈∈⊤∋≻⋈∈⊤∋≻⋈∈⊤∋≻⋈∈⊥∋≻⋈∈⊥∋≻⋈∈⊥∋≻⋈∈⊤∋≻⋈∈⊥∋≻⋈∈⊤∋≻⋈∈⊥∋≻⋈∈⊤∋≻⋈∈⊤∋≻⋈∈⊤∋≻⋈∈⊤∋≻⋈∈⊥∋⊙⊡⊣
⊢≻⋈∈⊥∋≻⋈∈⊥∋≻⋈∈⊥∋≻⋈∈⊥∋≻⋈∈⊤∋≻⋈∈⊤∋≻⋈∈⊥∋≻⋈∈⊥∋≻⋈∈⊤∋≻⋈∈⊥∋⊙⊡⊣
⊢≻⋈∈⊥∋≻⋈∈⊤∋≻⋈∈⊥∋≻⋈∈⊥∋≻⋈∈⊤∋≻⋈∈⊤∋≻⋈∈⊥∋≻⋈∈⊤∋≻⋈∈⊥∋≻⋈∈⊥∋⊙⊡⊣
⊢≻⋈∈⊥∋≻⋈∈⊥∋≻⋈∈⊤∋≻⋈∈⊤∋≻⋈∈⊥∋≻⋈∈⊥∋≻⋈∈⊤∋≻⋈∈⊥∋≻⋈∈⊤∋≻⋈∈⊤∋≻⋈∈⊥∋⊙⊡⊣
⊢≻⋈∈⊥∋≻⋈∈⊤∋≻⋈∈⊤∋≻⋈∈⊤∋≻⋈∈⊥∋≻⋈∈⊤∋≻⋈∈⊤∋≻⋈∈⊥∋≻⋈∈⊥∋≻⋈∈⊤∋≻⋈∈⊥∋⊙⊡⊣
⊢≻⋈∈⊤∋≻⋈∈⊥∋≻⋈∈⊥∋≻⋈∈⊥∋≻⋈∈⊥∋≻⋈∈⊤∋≻⋈∈⊥∋≻⋈∈⊤∋≻⋈∈⊤∋≻⋈∈⊤∋≻⋈∈⊤∋≻⋈∈⊤∋≻⋈∈⊤∋≻⋈∈⊥∋≻⋈∈⊤∋≻⋈∈⊥∋≻⋈∈⊥∋≻⋈∈⊤∋≻⋈∈⊥∋≻⋈∈⊤∋≻⋈∈⊤∋≻⋈∈⊤∋≻⋈∈⊤∋≻⋈∈⊥∋⊙⊡⊣
⊢≻⋈∈⊤∋≻⋈∈⊤∋≻⋈∈⊤∋≻⋈∈⊤∋≻⋈∈⊥∋≻⋈∈⊤∋≻⋈∈⊥∋≻⋈∈⊥∋≻⋈∈⊤∋≻⋈∈⊥∋⊙⊡⊣
⊢≻⋈∈⊥∋≻⋈∈⊤∋≻⋈∈⊥∋≻⋈∈⊥∋≻⋈∈⊤∋≻⋈∈⊤∋≻⋈∈⊥∋≻⋈∈⊤∋≻⋈∈⊥∋≻⋈∈⊥∋⊙⊡⊣
⊢≻⋈∈⊤∋≻⋈∈⊤∋≻⋈∈⊥∋≻⋈∈⊤∋≻⋈∈⊥∋≻⋈∈⊥∋≻⋈∈⊤∋≻⋈∈⊥∋≻⋈∈⊤∋≻⋈∈⊤∋≻⋈∈⊥∋⊙⊡⊣
⊢≻⋈∈⊥∋≻⋈∈⊥∋≻⋈∈⊤∋≻⋈∈⊤∋≻⋈∈⊥∋≻⋈∈⊤∋≻⋈∈⊤∋≻⋈∈⊥∋≻⋈∈⊥∋≻⋈∈⊤∋≻⋈∈⊥∋⊙⊡⊣
⊢≻⋈∈⊥∋≻⋈∈⊤∋≻⋈∈⊤∋≻⋈∈⊤∋≻⋈∈⊤∋≻⋈∈⊥∋≻⋈∈⊥∋≻⋈∈⊤∋≻⋈∈⊤∋≻⋈∈⊤∋≻⋈∈⊤∋≻⋈∈⊤∋≻⋈∈⊥∋≻⋈∈⊤∋≻⋈∈⊥∋≻⋈∈⊥∋≻⋈∈⊥∋≻⋈∈⊤∋≻⋈∈⊥∋≻⋈∈⊤∋≻⋈∈⊤∋≻⋈∈⊤∋≻⋈∈⊤∋≻⋈∈⊥∋⊙⊡⊣
⊢≻⋈∈⊥∋≻⋈∈⊤∋≻⋈∈⊤∋≻⋈∈⊤∋≻⋈∈⊥∋≻⋈∈⊤∋≻⋈∈⊥∋≻⋈∈⊥∋≻⋈∈⊤∋≻⋈∈⊥∋⊙⊡⊣
⊢≻⋈∈⊤∋≻⋈∈⊥∋≻⋈∈⊥∋≻⋈∈⊤∋≻⋈∈⊥∋≻⋈∈⊥∋≻⋈∈⊤∋≻⋈∈⊥∋⊙⊡⊣
⊢≻⋈∈⊤∋≻⋈∈⊥∋≻⋈∈⊤∋≻⋈∈⊥∋≻⋈∈⊤∋≻⋈∈⊤∋≻⋈∈⊥∋≻⋈∈⊤∋≻⋈∈⊥∋≻⋈∈⊥∋≻⋈∈⊥∋⊙⊡⊣
⊢≻⋈∈⊥∋≻⋈∈⊤∋≻⋈∈⊥∋≻⋈∈⊤∋≻⋈∈⊥∋≻⋈∈⊤∋≻⋈∈⊤∋≻⋈∈⊥∋≻⋈∈⊥∋≻⋈∈⊤∋≻⋈∈⊥∋⊙⊡⊣
⊢≻⋈∈⊤∋≻⋈∈⊤∋≻⋈∈⊥∋≻⋈∈⊤∋≻⋈∈⊤∋≻⋈∈⊥∋≻⋈∈⊥∋≻⋈∈⊤∋≻⋈∈⊤∋≻⋈∈⊤∋≻⋈∈⊤∋≻⋈∈⊤∋≻⋈∈⊤∋≻⋈∈⊤∋≻⋈∈⊤∋≻⋈∈⊤∋≻⋈∈⊤∋≻⋈∈⊥∋≻⋈∈⊥∋≻⋈∈⊤∋≻⋈∈⊤∋≻⋈∈⊤∋≻⋈∈⊤∋≻⋈∈⊥∋⊙⊡⊣
⊢≻⋈∈⊤∋≻⋈∈⊥∋≻⋈∈⊤∋≻⋈∈⊤∋≻⋈∈⊥∋≻⋈∈⊤∋≻⋈∈⊥∋≻⋈∈⊥∋≻⋈∈⊤∋≻⋈∈⊥∋⊙⊡⊣
⊢≻⋈∈⊤∋≻⋈∈⊥∋≻⋈∈⊥∋≻⋈∈⊤∋≻⋈∈⊥∋≻⋈∈⊥∋≻⋈∈⊤∋≻⋈∈⊥∋⊙⊡⊣
⊢≻⋈∈⊥∋≻⋈∈⊥∋≻⋈∈⊤∋≻⋈∈⊥∋≻⋈∈⊤∋≻⋈∈⊤∋≻⋈∈⊥∋≻⋈∈⊤∋≻⋈∈⊥∋≻⋈∈⊥∋≻⋈∈⊥∋⊙⊡⊣
⊢≻⋈∈⊥∋≻⋈∈⊥∋≻⋈∈⊥∋≻⋈∈⊤∋≻⋈∈⊥∋≻⋈∈⊤∋≻⋈∈⊤∋≻⋈∈⊥∋≻⋈∈⊥∋≻⋈∈⊤∋≻⋈∈⊥∋⊙⊡⊣
⊢≻⋈∈⊥∋≻⋈∈⊥∋≻⋈∈⊥∋≻⋈∈⊤∋≻⋈∈⊤∋≻⋈∈⊥∋≻⋈∈⊥∋≻⋈∈⊤∋≻⋈∈⊤∋≻⋈∈⊤∋≻⋈∈⊤∋≻⋈∈⊤∋≻⋈∈⊥∋≻⋈∈⊥∋≻⋈∈⊤∋≻⋈∈⊤∋≻⋈∈⊤∋≻⋈∈⊥∋≻⋈∈⊥∋≻⋈∈⊤∋≻⋈∈⊤∋≻⋈∈⊤∋≻⋈∈⊤∋≻⋈∈⊥∋⊙⊡⊣
⊢≻⋈∈⊥∋≻⋈∈⊥∋≻⋈∈⊤∋≻⋈∈⊤∋≻⋈∈⊥∋≻⋈∈⊤∋≻⋈∈⊥∋≻⋈∈⊥∋≻⋈∈⊤∋≻⋈∈⊥∋⊙⊡⊣
⊢≻⋈∈⊤∋≻⋈∈⊤∋≻⋈∈⊥∋≻⋈∈⊥∋≻⋈∈⊤∋≻⋈∈⊤∋≻⋈∈⊥∋≻⋈∈⊤∋≻⋈∈⊥∋≻⋈∈⊥∋⊙⊡⊣
⊢≻⋈∈⊤∋≻⋈∈⊤∋≻⋈∈⊥∋≻⋈∈⊤∋≻⋈∈⊥∋≻⋈∈⊥∋≻⋈∈⊤∋≻⋈∈⊥∋≻⋈∈⊤∋≻⋈∈⊤∋≻⋈∈⊥∋⊙⊡⊣
⊢≻⋈∈⊥∋≻⋈∈⊤∋≻⋈∈⊤∋≻⋈∈⊥∋≻⋈∈⊥∋≻⋈∈⊤∋≻⋈∈⊤∋≻⋈∈⊥∋≻⋈∈⊥∋≻⋈∈⊤∋≻⋈∈⊥∋⊙⊡⊣
⊢≻⋈∈⊤∋≻⋈∈⊥∋≻⋈∈⊤∋≻⋈∈⊥∋≻⋈∈⊤∋≻⋈∈⊥∋≻⋈∈⊥∋≻⋈∈⊤∋≻⋈∈⊤∋≻⋈∈⊤∋≻⋈∈⊤∋≻⋈∈⊤∋≻⋈∈⊤∋≻⋈∈⊥∋≻⋈∈⊥∋≻⋈∈⊤∋≻⋈∈⊤∋≻⋈∈⊥∋≻⋈∈⊥∋≻⋈∈⊤∋≻⋈∈⊤∋≻⋈∈⊤∋≻⋈∈⊤∋≻⋈∈⊥∋⊙⊡⊣
⊢≻⋈∈⊤∋≻⋈∈⊤∋≻⋈∈⊥∋≻⋈∈⊤∋≻⋈∈⊥∋≻⋈∈⊤∋≻⋈∈⊥∋≻⋈∈⊥∋≻⋈∈⊤∋≻⋈∈⊥∋⊙⊡⊣
⊢≻⋈∈⊤∋≻⋈∈⊤∋≻⋈∈⊥∋≻⋈∈⊥∋≻⋈∈⊤∋≻⋈∈⊤∋≻⋈∈⊥∋≻⋈∈⊤∋≻⋈∈⊥∋≻⋈∈⊥∋⊙⊡⊣
⊢≻⋈∈⊥∋≻⋈∈⊤∋≻⋈∈⊥∋≻⋈∈⊤∋≻⋈∈⊥∋≻⋈∈⊥∋≻⋈∈⊤∋≻⋈∈⊥∋≻⋈∈⊤∋≻⋈∈⊤∋≻⋈∈⊥∋⊙⊡⊣
⊢≻⋈∈⊥∋≻⋈∈⊥∋≻⋈∈⊤∋≻⋈∈⊥∋≻⋈∈⊥∋≻⋈∈⊤∋≻⋈∈⊤∋≻⋈∈⊥∋≻⋈∈⊥∋≻⋈∈⊤∋≻⋈∈⊥∋⊙⊡⊣
⊢≻⋈∈⊥∋≻⋈∈⊤∋≻⋈∈⊥∋≻⋈∈⊥∋≻⋈∈⊤∋≻⋈∈⊥∋≻⋈∈⊥∋≻⋈∈⊤∋≻⋈∈⊤∋≻⋈∈⊤∋≻⋈∈⊤∋≻⋈∈⊤∋≻⋈∈⊥∋≻⋈∈⊤∋≻⋈∈⊤∋≻⋈∈⊥∋≻⋈∈⊤∋≻⋈∈⊥∋≻⋈∈⊥∋≻⋈∈⊤∋≻⋈∈⊤∋≻⋈∈⊤∋≻⋈∈⊤∋≻⋈∈⊥∋⊙⊡⊣
⊢≻⋈∈⊥∋≻⋈∈⊤∋≻⋈∈⊥∋≻⋈∈⊤∋≻⋈∈⊥∋≻⋈∈⊤∋≻⋈∈⊥∋≻⋈∈⊥∋≻⋈∈⊤∋≻⋈∈⊥∋⊙⊡⊣
⊢≻⋈∈⊥∋≻⋈∈⊥∋≻⋈∈⊥∋≻⋈∈⊤∋≻⋈∈⊥∋≻⋈∈⊥∋≻⋈∈⊤∋≻⋈∈⊥∋⊙⊡⊣
⊢≻⋈∈⊥∋≻⋈∈⊤∋≻⋈∈⊤∋≻⋈∈⊥∋≻⋈∈⊤∋≻⋈∈⊤∋≻⋈∈⊥∋≻⋈∈⊤∋≻⋈∈⊥∋≻⋈∈⊥∋≻⋈∈⊥∋⊙⊡⊣
⊢≻⋈∈⊥∋≻⋈∈⊤∋≻⋈∈⊥∋≻⋈∈⊥∋≻⋈∈⊥∋≻⋈∈⊤∋≻⋈∈⊤∋≻⋈∈⊥∋≻⋈∈⊥∋≻⋈∈⊤∋≻⋈∈⊥∋⊙⊡⊣
⊢≻⋈∈⊤∋≻⋈∈⊤∋≻⋈∈⊤∋≻⋈∈⊤∋≻⋈∈⊥∋≻⋈∈⊥∋≻⋈∈⊥∋≻⋈∈⊤∋≻⋈∈⊤∋≻⋈∈⊤∋≻⋈∈⊤∋≻⋈∈⊤∋≻⋈∈⊤∋≻⋈∈⊤∋≻⋈∈⊥∋≻⋈∈⊥∋≻⋈∈⊤∋≻⋈∈⊥∋≻⋈∈⊥∋≻⋈∈⊤∋≻⋈∈⊤∋≻⋈∈⊤∋≻⋈∈⊤∋≻⋈∈⊥∋⊙⊡⊣
⊢≻⋈∈⊤∋≻⋈∈⊥∋≻⋈∈⊥∋≻⋈∈⊤∋≻⋈∈⊥∋≻⋈∈⊤∋≻⋈∈⊥∋≻⋈∈⊥∋≻⋈∈⊤∋≻⋈∈⊥∋⊙⊡⊣
⊢≻⋈∈⊥∋≻⋈∈⊥∋≻⋈∈⊥∋≻⋈∈⊤∋≻⋈∈⊥∋≻⋈∈⊥∋≻⋈∈⊤∋≻⋈∈⊥∋⊙⊡⊣
⊢≻⋈∈⊤∋≻⋈∈⊥∋≻⋈∈⊤∋≻⋈∈⊥∋≻⋈∈⊤∋≻⋈∈⊤∋≻⋈∈⊥∋≻⋈∈⊤∋≻⋈∈⊥∋≻⋈∈⊥∋≻⋈∈⊥∋⊙⊡⊣
⊢≻⋈∈⊥∋≻⋈∈⊥∋≻⋈∈⊥∋≻⋈∈⊥∋≻⋈∈⊥∋≻⋈∈⊤∋≻⋈∈⊤∋≻⋈∈⊥∋≻⋈∈⊥∋≻⋈∈⊤∋≻⋈∈⊥∋⊙⊡⊣
⊢≻⋈∈⊥∋≻⋈∈⊥∋≻⋈∈⊤∋≻⋈∈⊤∋≻⋈∈⊥∋≻⋈∈⊥∋≻⋈∈⊥∋≻⋈∈⊤∋≻⋈∈⊤∋≻⋈∈⊤∋≻⋈∈⊤∋≻⋈∈⊤∋≻⋈∈⊥∋≻⋈∈⊥∋≻⋈∈⊥∋≻⋈∈⊥∋≻⋈∈⊤∋≻⋈∈⊥∋≻⋈∈⊥∋≻⋈∈⊤∋≻⋈∈⊤∋≻⋈∈⊤∋≻⋈∈⊤∋≻⋈∈⊥∋⊙⊡⊣
⊢≻⋈∈⊥∋≻⋈∈⊥∋≻⋈∈⊥∋≻⋈∈⊤∋≻⋈∈⊥∋≻⋈∈⊤∋≻⋈∈⊥∋≻⋈∈⊥∋≻⋈∈⊤∋≻⋈∈⊥∋⊙⊡⊣
⊢≻⋈∈⊥∋≻⋈∈⊥∋≻⋈∈⊤∋≻⋈∈⊥∋≻⋈∈⊤∋≻⋈∈⊤∋≻⋈∈⊥∋≻⋈∈⊤∋≻⋈∈⊥∋≻⋈∈⊥∋⊙⊡⊣
⊢≻⋈∈⊥∋≻⋈∈⊤∋≻⋈∈⊥∋≻⋈∈⊤∋≻⋈∈⊥∋≻⋈∈⊥∋≻⋈∈⊤∋≻⋈∈⊥∋≻⋈∈⊤∋≻⋈∈⊤∋≻⋈∈⊥∋⊙⊡⊣
⊢≻⋈∈⊥∋≻⋈∈⊤∋≻⋈∈⊤∋≻⋈∈⊤∋≻⋈∈⊤∋≻⋈∈⊥∋≻⋈∈⊤∋≻⋈∈⊥∋≻⋈∈⊥∋≻⋈∈⊤∋≻⋈∈⊥∋⊙⊡⊣
⊢≻⋈∈⊤∋≻⋈∈⊥∋≻⋈∈⊥∋≻⋈∈⊤∋≻⋈∈⊥∋≻⋈∈⊥∋≻⋈∈⊥∋≻⋈∈⊤∋≻⋈∈⊤∋≻⋈∈⊤∋≻⋈∈⊤∋≻⋈∈⊤∋≻⋈∈⊤∋≻⋈∈⊥∋≻⋈∈⊤∋≻⋈∈⊤∋≻⋈∈⊥∋≻⋈∈⊥∋≻⋈∈⊥∋≻⋈∈⊤∋≻⋈∈⊤∋≻⋈∈⊤∋≻⋈∈⊤∋≻⋈∈⊥∋⊙⊡⊣
⊢≻⋈∈⊤∋≻⋈∈⊤∋≻⋈∈⊤∋≻⋈∈⊥∋≻⋈∈⊥∋≻⋈∈⊤∋≻⋈∈⊥∋≻⋈∈⊥∋≻⋈∈⊤∋≻⋈∈⊥∋⊙⊡⊣
⊢≻⋈∈⊥∋≻⋈∈⊥∋≻⋈∈⊤∋≻⋈∈⊥∋≻⋈∈⊤∋≻⋈∈⊤∋≻⋈∈⊥∋≻⋈∈⊤∋≻⋈∈⊥∋≻⋈∈⊥∋⊙⊡⊣
⊢≻⋈∈⊤∋≻⋈∈⊥∋≻⋈∈⊥∋≻⋈∈⊤∋≻⋈∈⊥∋≻⋈∈⊥∋≻⋈∈⊤∋≻⋈∈⊥∋≻⋈∈⊤∋≻⋈∈⊤∋≻⋈∈⊥∋⊙⊡⊣
⊢≻⋈∈⊥∋≻⋈∈⊥∋≻⋈∈⊤∋≻⋈∈⊤∋≻⋈∈⊤∋≻⋈∈⊥∋≻⋈∈⊤∋≻⋈∈⊥∋≻⋈∈⊥∋≻⋈∈⊤∋≻⋈∈⊥∋⊙⊡⊣
⊢≻⋈∈⊥∋≻⋈∈⊤∋≻⋈∈⊤∋≻⋈∈⊥∋≻⋈∈⊥∋≻⋈∈⊥∋≻⋈∈⊥∋≻⋈∈⊤∋≻⋈∈⊤∋≻⋈∈⊤∋≻⋈∈⊤∋≻⋈∈⊤∋≻⋈∈⊥∋≻⋈∈⊤∋≻⋈∈⊥∋≻⋈∈⊤∋≻⋈∈⊥∋≻⋈∈⊥∋≻⋈∈⊥∋≻⋈∈⊤∋≻⋈∈⊤∋≻⋈∈⊤∋≻⋈∈⊤∋≻⋈∈⊥∋⊙⊡⊣
⊢≻⋈∈⊥∋≻⋈∈⊤∋≻⋈∈⊤∋≻⋈∈⊥∋≻⋈∈⊥∋≻⋈∈⊤∋≻⋈∈⊥∋≻⋈∈⊥∋≻⋈∈⊤∋≻⋈∈⊥∋⊙⊡⊣
⊢≻⋈∈⊤∋≻⋈∈⊤∋≻⋈∈⊤∋≻⋈∈⊥∋≻⋈∈⊥∋≻⋈∈⊥∋≻⋈∈⊤∋≻⋈∈⊥∋⊙⊡⊣
⊢≻⋈∈⊤∋≻⋈∈⊤∋≻⋈∈⊤∋≻⋈∈⊥∋≻⋈∈⊤∋≻⋈∈⊤∋≻⋈∈⊥∋≻⋈∈⊤∋≻⋈∈⊥∋≻⋈∈⊥∋≻⋈∈⊥∋⊙⊡⊣
⊢≻⋈∈⊥∋≻⋈∈⊤∋≻⋈∈⊥∋≻⋈∈⊤∋≻⋈∈⊤∋≻⋈∈⊥∋≻⋈∈⊤∋≻⋈∈⊥∋≻⋈∈⊥∋≻⋈∈⊤∋≻⋈∈⊥∋⊙⊡⊣
⊢≻⋈∈⊤∋≻⋈∈⊤∋≻⋈∈⊥∋≻⋈∈⊥∋≻⋈∈⊥∋≻⋈∈⊥∋≻⋈∈⊥∋≻⋈∈⊤∋≻⋈∈⊤∋≻⋈∈⊤∋≻⋈∈⊤∋≻⋈∈⊤∋≻⋈∈⊤∋≻⋈∈⊤∋≻⋈∈⊤∋≻⋈∈⊥∋≻⋈∈⊥∋≻⋈∈⊥∋≻⋈∈⊥∋≻⋈∈⊤∋≻⋈∈⊤∋≻⋈∈⊤∋≻⋈∈⊤∋≻⋈∈⊥∋⊙⊡⊣
⊢≻⋈∈⊤∋≻⋈∈⊥∋≻⋈∈⊤∋≻⋈∈⊥∋≻⋈∈⊥∋≻⋈∈⊤∋≻⋈∈⊥∋≻⋈∈⊥∋≻⋈∈⊤∋≻⋈∈⊥∋⊙⊡⊣
⊢≻⋈∈⊤∋≻⋈∈⊤∋≻⋈∈⊤∋≻⋈∈⊥∋≻⋈∈⊥∋≻⋈∈⊥∋≻⋈∈⊤∋≻⋈∈⊥∋⊙⊡⊣
⊢≻⋈∈⊥∋≻⋈∈⊤∋≻⋈∈⊤∋≻⋈∈⊥∋≻⋈∈⊤∋≻⋈∈⊤∋≻⋈∈⊥∋≻⋈∈⊤∋≻⋈∈⊥∋≻⋈∈⊥∋≻⋈∈⊥∋⊙⊡⊣
⊢≻⋈∈⊥∋≻⋈∈⊥∋≻⋈∈⊥∋≻⋈∈⊤∋≻⋈∈⊤∋≻⋈∈⊥∋≻⋈∈⊤∋≻⋈∈⊥∋≻⋈∈⊥∋≻⋈∈⊤∋≻⋈∈⊥∋⊙⊡⊣
⊢≻⋈∈⊥∋≻⋈∈⊥∋≻⋈∈⊥∋≻⋈∈⊥∋≻⋈∈⊥∋≻⋈∈⊥∋≻⋈∈⊥∋≻⋈∈⊤∋≻⋈∈⊤∋≻⋈∈⊤∋≻⋈∈⊤∋≻⋈∈⊤∋≻⋈∈⊥∋≻⋈∈⊥∋≻⋈∈⊤∋≻⋈∈⊥∋≻⋈∈⊥∋≻⋈∈⊥∋≻⋈∈⊥∋≻⋈∈⊤∋≻⋈∈⊤∋≻⋈∈⊤∋≻⋈∈⊤∋≻⋈∈⊥∋⊙⊡⊣
⊢≻⋈∈⊥∋≻⋈∈⊥∋≻⋈∈⊤∋≻⋈∈⊥∋≻⋈∈⊥∋≻⋈∈⊤∋≻⋈∈⊥∋≻⋈∈⊥∋≻⋈∈⊤∋≻⋈∈⊥∋⊙⊡⊣
⊢≻⋈∈⊤∋≻⋈∈⊥∋≻⋈∈⊤∋≻⋈∈⊥∋≻⋈∈⊤∋≻⋈∈⊤∋≻⋈∈⊥∋≻⋈∈⊤∋≻⋈∈⊥∋≻⋈∈⊥∋⊙⊡⊣
⊢≻⋈∈⊤∋≻⋈∈⊥∋≻⋈∈⊥∋≻⋈∈⊤∋≻⋈∈⊥∋≻⋈∈⊥∋≻⋈∈⊤∋≻⋈∈⊥∋≻⋈∈⊤∋≻⋈∈⊤∋≻⋈∈⊥∋⊙⊡⊣
⊢≻⋈∈⊥∋≻⋈∈⊤∋≻⋈∈⊤∋≻⋈∈⊥∋≻⋈∈⊤∋≻⋈∈⊥∋≻⋈∈⊤∋≻⋈∈⊥∋≻⋈∈⊥∋≻⋈∈⊤∋≻⋈∈⊥∋⊙⊡⊣
⊢≻⋈∈⊤∋≻⋈∈⊥∋≻⋈∈⊤∋≻⋈∈⊤∋≻⋈∈⊤∋≻⋈∈⊤∋≻⋈∈⊤∋≻⋈∈⊥∋≻⋈∈⊤∋≻⋈∈⊤∋≻⋈∈⊤∋≻⋈∈⊤∋≻⋈∈⊤∋≻⋈∈⊥∋≻⋈∈⊥∋≻⋈∈⊥∋≻⋈∈⊥∋≻⋈∈⊥∋≻⋈∈⊥∋≻⋈∈⊤∋≻⋈∈⊤∋≻⋈∈⊤∋≻⋈∈⊤∋≻⋈∈⊥∋⊙⊡⊣
⊢≻⋈∈⊤∋≻⋈∈⊤∋≻⋈∈⊥∋≻⋈∈⊥∋≻⋈∈⊥∋≻⋈∈⊤∋≻⋈∈⊥∋≻⋈∈⊥∋≻⋈∈⊤∋≻⋈∈⊥∋⊙⊡⊣
⊢≻⋈∈⊤∋≻⋈∈⊥∋≻⋈∈⊤∋≻⋈∈⊥∋≻⋈∈⊤∋≻⋈∈⊤∋≻⋈∈⊥∋≻⋈∈⊤∋≻⋈∈⊥∋≻⋈∈⊥∋⊙⊡⊣
⊢≻⋈∈⊥∋≻⋈∈⊥∋≻⋈∈⊥∋≻⋈∈⊤∋≻⋈∈⊥∋≻⋈∈⊥∋≻⋈∈⊤∋≻⋈∈⊥∋≻⋈∈⊤∋≻⋈∈⊤∋≻⋈∈⊥∋⊙⊡⊣
⊢≻⋈∈⊥∋≻⋈∈⊥∋≻⋈∈⊤∋≻⋈∈⊥∋≻⋈∈⊤∋≻⋈∈⊥∋≻⋈∈⊤∋≻⋈∈⊥∋≻⋈∈⊥∋≻⋈∈⊤∋≻⋈∈⊥∋⊙⊡⊣
⊢≻⋈∈⊥∋≻⋈∈⊤∋≻⋈∈⊥∋≻⋈∈⊤∋≻⋈∈⊤∋≻⋈∈⊤∋≻⋈∈⊤∋≻⋈∈⊥∋≻⋈∈⊤∋≻⋈∈⊤∋≻⋈∈⊤∋≻⋈∈⊤∋≻⋈∈⊥∋≻⋈∈⊤∋≻⋈∈⊤∋≻⋈∈⊤∋≻⋈∈⊤∋≻⋈∈⊤∋≻⋈∈⊤∋≻⋈∈⊥∋≻⋈∈⊤∋≻⋈∈⊤∋≻⋈∈⊤∋≻⋈∈⊥∋⊙⊡⊣
⊢≻⋈∈⊥∋≻⋈∈⊤∋≻⋈∈⊥∋≻⋈∈⊥∋≻⋈∈⊥∋≻⋈∈⊤∋≻⋈∈⊥∋≻⋈∈⊥∋≻⋈∈⊤∋≻⋈∈⊥∋⊙⊡⊣
⊢≻⋈∈⊥∋≻⋈∈⊤∋≻⋈∈⊤∋≻⋈∈⊥∋≻⋈∈⊥∋≻⋈∈⊥∋≻⋈∈⊤∋≻⋈∈⊥∋⊙⊡⊣
⊢≻⋈∈⊥∋≻⋈∈⊥∋≻⋈∈⊥∋≻⋈∈⊤∋≻⋈∈⊤∋≻⋈∈⊤∋≻⋈∈⊥∋≻⋈∈⊤∋≻⋈∈⊥∋≻⋈∈⊥∋≻⋈∈⊥∋⊙⊡⊣
⊢≻⋈∈⊥∋≻⋈∈⊤∋≻⋈∈⊥∋≻⋈∈⊥∋≻⋈∈⊤∋≻⋈∈⊥∋≻⋈∈⊤∋≻⋈∈⊥∋≻⋈∈⊥∋≻⋈∈⊤∋≻⋈∈⊥∋⊙⊡⊣
⊢≻⋈∈⊤∋≻⋈∈⊤∋≻⋈∈⊤∋≻⋈∈⊥∋≻⋈∈⊤∋≻⋈∈⊤∋≻⋈∈⊤∋≻⋈∈⊥∋≻⋈∈⊤∋≻⋈∈⊤∋≻⋈∈⊤∋≻⋈∈⊤∋≻⋈∈⊤∋≻⋈∈⊤∋≻⋈∈⊥∋≻⋈∈⊤∋≻⋈∈⊤∋≻⋈∈⊤∋≻⋈∈⊤∋≻⋈∈⊥∋≻⋈∈⊤∋≻⋈∈⊤∋≻⋈∈⊤∋≻⋈∈⊥∋⊙⊡⊣
⊢≻⋈∈⊤∋≻⋈∈⊥∋≻⋈∈⊥∋≻⋈∈⊥∋≻⋈∈⊥∋≻⋈∈⊤∋≻⋈∈⊥∋≻⋈∈⊥∋≻⋈∈⊤∋≻⋈∈⊥∋⊙⊡⊣
⊢≻⋈∈⊥∋≻⋈∈⊤∋≻⋈∈⊤∋≻⋈∈⊥∋≻⋈∈⊥∋≻⋈∈⊥∋≻⋈∈⊤∋≻⋈∈⊥∋⊙⊡⊣
⊢≻⋈∈⊤∋≻⋈∈⊤∋≻⋈∈⊤∋≻⋈∈⊥∋≻⋈∈⊤∋≻⋈∈⊤∋≻⋈∈⊥∋≻⋈∈⊤∋≻⋈∈⊥∋≻⋈∈⊥∋≻⋈∈⊥∋⊙⊡⊣
⊢≻⋈∈⊥∋≻⋈∈⊥∋≻⋈∈⊥∋≻⋈∈⊥∋≻⋈∈⊤∋≻⋈∈⊥∋≻⋈∈⊤∋≻⋈∈⊥∋≻⋈∈⊥∋≻⋈∈⊤∋≻⋈∈⊥∋⊙⊡⊣
⊢≻⋈∈⊥∋≻⋈∈⊥∋≻⋈∈⊤∋≻⋈∈⊥∋≻⋈∈⊤∋≻⋈∈⊤∋≻⋈∈⊤∋≻⋈∈⊥∋≻⋈∈⊤∋≻⋈∈⊤∋≻⋈∈⊤∋≻⋈∈⊤∋≻⋈∈⊥∋≻⋈∈⊥∋≻⋈∈⊥∋≻⋈∈⊤∋≻⋈∈⊤∋≻⋈∈⊤∋≻⋈∈⊤∋≻⋈∈⊥∋≻⋈∈⊤∋≻⋈∈⊤∋≻⋈∈⊤∋≻⋈∈⊥∋⊙⊡⊣
⊢≻⋈∈⊥∋≻⋈∈⊥∋≻⋈∈⊥∋≻⋈∈⊥∋≻⋈∈⊥∋≻⋈∈⊤∋≻⋈∈⊥∋≻⋈∈⊥∋≻⋈∈⊤∋≻⋈∈⊥∋⊙⊡⊣
⊢≻⋈∈⊥∋≻⋈∈⊤∋≻⋈∈⊤∋≻⋈∈⊥∋≻⋈∈⊤∋≻⋈∈⊤∋≻⋈∈⊥∋≻⋈∈⊤∋≻⋈∈⊥∋≻⋈∈⊥∋⊙⊡⊣
⊢≻⋈∈⊥∋≻⋈∈⊥∋≻⋈∈⊥∋≻⋈∈⊤∋≻⋈∈⊥∋≻⋈∈⊥∋≻⋈∈⊤∋≻⋈∈⊥∋≻⋈∈⊤∋≻⋈∈⊤∋≻⋈∈⊥∋⊙⊡⊣
⊢≻⋈∈⊥∋≻⋈∈⊤∋≻⋈∈⊤∋≻⋈∈⊤∋≻⋈∈⊥∋≻⋈∈⊥∋≻⋈∈⊤∋≻⋈∈⊥∋≻⋈∈⊥∋≻⋈∈⊤∋≻⋈∈⊥∋⊙⊡⊣
⊢≻⋈∈⊤∋≻⋈∈⊥∋≻⋈∈⊥∋≻⋈∈⊥∋≻⋈∈⊤∋≻⋈∈⊤∋≻⋈∈⊤∋≻⋈∈⊥∋≻⋈∈⊤∋≻⋈∈⊤∋≻⋈∈⊤∋≻⋈∈⊤∋≻⋈∈⊤∋≻⋈∈⊥∋≻⋈∈⊤∋≻⋈∈⊥∋≻⋈∈⊤∋≻⋈∈⊤∋≻⋈∈⊤∋≻⋈∈⊥∋≻⋈∈⊤∋≻⋈∈⊤∋≻⋈∈⊤∋≻⋈∈⊥∋⊙⊡⊣
⊢≻⋈∈⊤∋≻⋈∈⊤∋≻⋈∈⊤∋≻⋈∈⊤∋≻⋈∈⊤∋≻⋈∈⊥∋≻⋈∈⊥∋≻⋈∈⊥∋≻⋈∈⊤∋≻⋈∈⊥∋⊙⊡⊣
⊢≻⋈∈⊥∋≻⋈∈⊤∋≻⋈∈⊤∋≻⋈∈⊥∋≻⋈∈⊤∋≻⋈∈⊤∋≻⋈∈⊥∋≻⋈∈⊤∋≻⋈∈⊥∋≻⋈∈⊥∋⊙⊡⊣
⊢≻⋈∈⊤∋≻⋈∈⊤∋≻⋈∈⊤∋≻⋈∈⊥∋≻⋈∈⊥∋≻⋈∈⊥∋≻⋈∈⊤∋≻⋈∈⊥∋≻⋈∈⊤∋≻⋈∈⊤∋≻⋈∈⊥∋⊙⊡⊣
⊢≻⋈∈⊥∋≻⋈∈⊥∋≻⋈∈⊤∋≻⋈∈⊤∋≻⋈∈⊥∋≻⋈∈⊥∋≻⋈∈⊤∋≻⋈∈⊥∋≻⋈∈⊥∋≻⋈∈⊤∋≻⋈∈⊥∋⊙⊡⊣
⊢≻⋈∈⊥∋≻⋈∈⊤∋≻⋈∈⊤∋≻⋈∈⊤∋≻⋈∈⊥∋≻⋈∈⊤∋≻⋈∈⊤∋≻⋈∈⊥∋≻⋈∈⊤∋≻⋈∈⊤∋≻⋈∈⊤∋≻⋈∈⊤∋≻⋈∈⊥∋≻⋈∈⊤∋≻⋈∈⊥∋≻⋈∈⊥∋≻⋈∈⊤∋≻⋈∈⊤∋≻⋈∈⊤∋≻⋈∈⊥∋≻⋈∈⊤∋≻⋈∈⊤∋≻⋈∈⊤∋≻⋈∈⊥∋⊙⊡⊣
⊢≻⋈∈⊥∋≻⋈∈⊤∋≻⋈∈⊤∋≻⋈∈⊤∋≻⋈∈⊤∋≻⋈∈⊥∋≻⋈∈⊥∋≻⋈∈⊥∋≻⋈∈⊤∋≻⋈∈⊥∋⊙⊡⊣
⊢≻⋈∈⊤∋≻⋈∈⊥∋≻⋈∈⊤∋≻⋈∈⊥∋≻⋈∈⊥∋≻⋈∈⊥∋≻⋈∈⊤∋≻⋈∈⊥∋⊙⊡⊣
⊢≻⋈∈⊤∋≻⋈∈⊥∋≻⋈∈⊥∋≻⋈∈⊤∋≻⋈∈⊤∋≻⋈∈⊤∋≻⋈∈⊥∋≻⋈∈⊤∋≻⋈∈⊥∋≻⋈∈⊥∋≻⋈∈⊥∋⊙⊡⊣
⊢≻⋈∈⊥∋≻⋈∈⊤∋≻⋈∈⊥∋≻⋈∈⊤∋≻⋈∈⊥∋≻⋈∈⊥∋≻⋈∈⊤∋≻⋈∈⊥∋≻⋈∈⊥∋≻⋈∈⊤∋≻⋈∈⊥∋⊙⊡⊣
⊢≻⋈∈⊤∋≻⋈∈⊤∋≻⋈∈⊥∋≻⋈∈⊤∋≻⋈∈⊥∋≻⋈∈⊤∋≻⋈∈⊤∋≻⋈∈⊥∋≻⋈∈⊤∋≻⋈∈⊤∋≻⋈∈⊤∋≻⋈∈⊤∋≻⋈∈⊤∋≻⋈∈⊤∋≻⋈∈⊤∋≻⋈∈⊤∋≻⋈∈⊥∋≻⋈∈⊤∋≻⋈∈⊤∋≻⋈∈⊥∋≻⋈∈⊤∋≻⋈∈⊤∋≻⋈∈⊤∋≻⋈∈⊥∋⊙⊡⊣
⊢≻⋈∈⊤∋≻⋈∈⊥∋≻⋈∈⊤∋≻⋈∈⊤∋≻⋈∈⊤∋≻⋈∈⊥∋≻⋈∈⊥∋≻⋈∈⊥∋≻⋈∈⊤∋≻⋈∈⊥∋⊙⊡⊣
⊢≻⋈∈⊤∋≻⋈∈⊥∋≻⋈∈⊤∋≻⋈∈⊥∋≻⋈∈⊥∋≻⋈∈⊥∋≻⋈∈⊤∋≻⋈∈⊥∋⊙⊡⊣
⊢≻⋈∈⊥∋≻⋈∈⊥∋≻⋈∈⊥∋≻⋈∈⊤∋≻⋈∈⊤∋≻⋈∈⊤∋≻⋈∈⊥∋≻⋈∈⊤∋≻⋈∈⊥∋≻⋈∈⊥∋≻⋈∈⊥∋⊙⊡⊣
⊢≻⋈∈⊥∋≻⋈∈⊥∋≻⋈∈⊥∋≻⋈∈⊤∋≻⋈∈⊥∋≻⋈∈⊥∋≻⋈∈⊤∋≻⋈∈⊥∋≻⋈∈⊥∋≻⋈∈⊤∋≻⋈∈⊥∋⊙⊡⊣
⊢≻⋈∈⊥∋≻⋈∈⊥∋≻⋈∈⊥∋≻⋈∈⊤∋≻⋈∈⊥∋≻⋈∈⊤∋≻⋈∈⊤∋≻⋈∈⊥∋≻⋈∈⊤∋≻⋈∈⊤∋≻⋈∈⊤∋≻⋈∈⊤∋≻⋈∈⊥∋≻⋈∈⊥∋≻⋈∈⊤∋≻⋈∈⊤∋≻⋈∈⊥∋≻⋈∈⊤∋≻⋈∈⊤∋≻⋈∈⊥∋≻⋈∈⊤∋≻⋈∈⊤∋≻⋈∈⊤∋≻⋈∈⊥∋⊙⊡⊣
⊢≻⋈∈⊥∋≻⋈∈⊥∋≻⋈∈⊤∋≻⋈∈⊤∋≻⋈∈⊤∋≻⋈∈⊥∋≻⋈∈⊥∋≻⋈∈⊥∋≻⋈∈⊤∋≻⋈∈⊥∋⊙⊡⊣
⊢≻⋈∈⊤∋≻⋈∈⊤∋≻⋈∈⊤∋≻⋈∈⊥∋≻⋈∈⊤∋≻⋈∈⊤∋≻⋈∈⊥∋≻⋈∈⊤∋≻⋈∈⊥∋≻⋈∈⊥∋⊙⊡⊣
⊢≻⋈∈⊤∋≻⋈∈⊤∋≻⋈∈⊤∋≻⋈∈⊥∋≻⋈∈⊥∋≻⋈∈⊥∋≻⋈∈⊤∋≻⋈∈⊥∋≻⋈∈⊤∋≻⋈∈⊤∋≻⋈∈⊥∋⊙⊡⊣
⊢≻⋈∈⊥∋≻⋈∈⊤∋≻⋈∈⊤∋≻⋈∈⊥∋≻⋈∈⊥∋≻⋈∈⊥∋≻⋈∈⊤∋≻⋈∈⊥∋≻⋈∈⊥∋≻⋈∈⊤∋≻⋈∈⊥∋⊙⊡⊣
⊢≻⋈∈⊤∋≻⋈∈⊥∋≻⋈∈⊤∋≻⋈∈⊥∋≻⋈∈⊥∋≻⋈∈⊤∋≻⋈∈⊤∋≻⋈∈⊥∋≻⋈∈⊤∋≻⋈∈⊤∋≻⋈∈⊤∋≻⋈∈⊤∋≻⋈∈⊤∋≻⋈∈⊥∋≻⋈∈⊥∋≻⋈∈⊤∋≻⋈∈⊥∋≻⋈∈⊤∋≻⋈∈⊤∋≻⋈∈⊥∋≻⋈∈⊤∋≻⋈∈⊤∋≻⋈∈⊤∋≻⋈∈⊥∋⊙⊡⊣
⊢≻⋈∈⊤∋≻⋈∈⊤∋≻⋈∈⊥∋≻⋈∈⊤∋≻⋈∈⊤∋≻⋈∈⊥∋≻⋈∈⊥∋≻⋈∈⊥∋≻⋈∈⊤∋≻⋈∈⊥∋⊙⊡⊣
⊢≻⋈∈⊤∋≻⋈∈⊤∋≻⋈∈⊤∋≻⋈∈⊥∋≻⋈∈⊤∋≻⋈∈⊤∋≻⋈∈⊥∋≻⋈∈⊤∋≻⋈∈⊥∋≻⋈∈⊥∋⊙⊡⊣
⊢≻⋈∈⊥∋≻⋈∈⊤∋≻⋈∈⊤∋≻⋈∈⊥∋≻⋈∈⊥∋≻⋈∈⊥∋≻⋈∈⊤∋≻⋈∈⊥∋≻⋈∈⊤∋≻⋈∈⊤∋≻⋈∈⊥∋⊙⊡⊣
⊢≻⋈∈⊥∋≻⋈∈⊥∋≻⋈∈⊤∋≻⋈∈⊥∋≻⋈∈⊥∋≻⋈∈⊥∋≻⋈∈⊤∋≻⋈∈⊥∋≻⋈∈⊥∋≻⋈∈⊤∋≻⋈∈⊥∋⊙⊡⊣
⊢≻⋈∈⊥∋≻⋈∈⊤∋≻⋈∈⊥∋≻⋈∈⊥∋≻⋈∈⊥∋≻⋈∈⊤∋≻⋈∈⊤∋≻⋈∈⊥∋≻⋈∈⊤∋≻⋈∈⊤∋≻⋈∈⊤∋≻⋈∈⊤∋≻⋈∈⊥∋≻⋈∈⊤∋≻⋈∈⊤∋≻⋈∈⊥∋≻⋈∈⊥∋≻⋈∈⊤∋≻⋈∈⊤∋≻⋈∈⊥∋≻⋈∈⊤∋≻⋈∈⊤∋≻⋈∈⊤∋≻⋈∈⊥∋⊙⊡⊣
⊢≻⋈∈⊥∋≻⋈∈⊤∋≻⋈∈⊥∋≻⋈∈⊤∋≻⋈∈⊤∋≻⋈∈⊥∋≻⋈∈⊥∋≻⋈∈⊥∋≻⋈∈⊤∋≻⋈∈⊥∋⊙⊡⊣
⊢≻⋈∈⊥∋≻⋈∈⊥∋≻⋈∈⊤∋≻⋈∈⊥∋≻⋈∈⊥∋≻⋈∈⊥∋≻⋈∈⊤∋≻⋈∈⊥∋⊙⊡⊣
⊢≻⋈∈⊥∋≻⋈∈⊤∋≻⋈∈⊥∋≻⋈∈⊤∋≻⋈∈⊤∋≻⋈∈⊤∋≻⋈∈⊥∋≻⋈∈⊤∋≻⋈∈⊥∋≻⋈∈⊥∋≻⋈∈⊥∋⊙⊡⊣
⊢≻⋈∈⊥∋≻⋈∈⊤∋≻⋈∈⊥∋≻⋈∈⊥∋≻⋈∈⊥∋≻⋈∈⊥∋≻⋈∈⊤∋≻⋈∈⊥∋≻⋈∈⊥∋≻⋈∈⊤∋≻⋈∈⊥∋⊙⊡⊣
⊢≻⋈∈⊤∋≻⋈∈⊤∋≻⋈∈⊤∋≻⋈∈⊤∋≻⋈∈⊤∋≻⋈∈⊥∋≻⋈∈⊤∋≻⋈∈⊥∋≻⋈∈⊤∋≻⋈∈⊤∋≻⋈∈⊤∋≻⋈∈⊤∋≻⋈∈⊤∋≻⋈∈⊤∋≻⋈∈⊥∋≻⋈∈⊥∋≻⋈∈⊥∋≻⋈∈⊤∋≻⋈∈⊤∋≻⋈∈⊥∋≻⋈∈⊤∋≻⋈∈⊤∋≻⋈∈⊤∋≻⋈∈⊥∋⊙⊡⊣
⊢≻⋈∈⊤∋≻⋈∈⊥∋≻⋈∈⊥∋≻⋈∈⊤∋≻⋈∈⊤∋≻⋈∈⊥∋≻⋈∈⊥∋≻⋈∈⊥∋≻⋈∈⊤∋≻⋈∈⊥∋⊙⊡⊣
⊢≻⋈∈⊥∋≻⋈∈⊥∋≻⋈∈⊤∋≻⋈∈⊥∋≻⋈∈⊥∋≻⋈∈⊥∋≻⋈∈⊤∋≻⋈∈⊥∋⊙⊡⊣
⊢≻⋈∈⊤∋≻⋈∈⊥∋≻⋈∈⊥∋≻⋈∈⊤∋≻⋈∈⊤∋≻⋈∈⊤∋≻⋈∈⊥∋≻⋈∈⊤∋≻⋈∈⊥∋≻⋈∈⊥∋≻⋈∈⊥∋⊙⊡⊣
⊢≻⋈∈⊥∋≻⋈∈⊥∋≻⋈∈⊥∋≻⋈∈⊥∋≻⋈∈⊥∋≻⋈∈⊥∋≻⋈∈⊤∋≻⋈∈⊥∋≻⋈∈⊥∋≻⋈∈⊤∋≻⋈∈⊥∋⊙⊡⊣
⊢≻⋈∈⊥∋≻⋈∈⊥∋≻⋈∈⊤∋≻⋈∈⊤∋≻⋈∈⊤∋≻⋈∈⊥∋≻⋈∈⊤∋≻⋈∈⊥∋≻⋈∈⊤∋≻⋈∈⊤∋≻⋈∈⊤∋≻⋈∈⊤∋≻⋈∈⊥∋≻⋈∈⊥∋≻⋈∈⊥∋≻⋈∈⊥∋≻⋈∈⊥∋≻⋈∈⊤∋≻⋈∈⊤∋≻⋈∈⊥∋≻⋈∈⊤∋≻⋈∈⊤∋≻⋈∈⊤∋≻⋈∈⊥∋⊙⊡⊣
⊢≻⋈∈⊥∋≻⋈∈⊥∋≻⋈∈⊥∋≻⋈∈⊤∋≻⋈∈⊤∋≻⋈∈⊥∋≻⋈∈⊥∋≻⋈∈⊥∋≻⋈∈⊤∋≻⋈∈⊥∋⊙⊡⊣
⊢≻⋈∈⊥∋≻⋈∈⊥∋≻⋈∈⊥∋≻⋈∈⊤∋≻⋈∈⊤∋≻⋈∈⊤∋≻⋈∈⊥∋≻⋈∈⊤∋≻⋈∈⊥∋≻⋈∈⊥∋⊙⊡⊣
⊢≻⋈∈⊥∋≻⋈∈⊤∋≻⋈∈⊤∋≻⋈∈⊥∋≻⋈∈⊥∋≻⋈∈⊥∋≻⋈∈⊤∋≻⋈∈⊥∋≻⋈∈⊤∋≻⋈∈⊤∋≻⋈∈⊥∋⊙⊡⊣
⊢≻⋈∈⊥∋≻⋈∈⊤∋≻⋈∈⊤∋≻⋈∈⊤∋≻⋈∈⊤∋≻⋈∈⊤∋≻⋈∈⊥∋≻⋈∈⊥∋≻⋈∈⊥∋≻⋈∈⊤∋≻⋈∈⊥∋⊙⊡⊣
⊢≻⋈∈⊤∋≻⋈∈⊥∋≻⋈∈⊥∋≻⋈∈⊤∋≻⋈∈⊤∋≻⋈∈⊥∋≻⋈∈⊤∋≻⋈∈⊥∋≻⋈∈⊤∋≻⋈∈⊤∋≻⋈∈⊤∋≻⋈∈⊤∋≻⋈∈⊤∋≻⋈∈⊥∋≻⋈∈⊤∋≻⋈∈⊤∋≻⋈∈⊤∋≻⋈∈⊥∋≻⋈∈⊤∋≻⋈∈⊥∋≻⋈∈⊤∋≻⋈∈⊤∋≻⋈∈⊤∋≻⋈∈⊥∋⊙⊡⊣
⊢≻⋈∈⊤∋≻⋈∈⊤∋≻⋈∈⊤∋≻⋈∈⊥∋≻⋈∈⊤∋≻⋈∈⊥∋≻⋈∈⊥∋≻⋈∈⊥∋≻⋈∈⊤∋≻⋈∈⊥∋⊙⊡⊣
⊢≻⋈∈⊥∋≻⋈∈⊥∋≻⋈∈⊥∋≻⋈∈⊤∋≻⋈∈⊤∋≻⋈∈⊤∋≻⋈∈⊥∋≻⋈∈⊤∋≻⋈∈⊥∋≻⋈∈⊥∋⊙⊡⊣
⊢≻⋈∈⊤∋≻⋈∈⊥∋≻⋈∈⊤∋≻⋈∈⊥∋≻⋈∈⊥∋≻⋈∈⊥∋≻⋈∈⊤∋≻⋈∈⊥∋≻⋈∈⊤∋≻⋈∈⊤∋≻⋈∈⊥∋⊙⊡⊣
⊢≻⋈∈⊥∋≻⋈∈⊥∋≻⋈∈⊤∋≻⋈∈⊤∋≻⋈∈⊤∋≻⋈∈⊤∋≻⋈∈⊥∋≻⋈∈⊥∋≻⋈∈⊥∋≻⋈∈⊤∋≻⋈∈⊥∋⊙⊡⊣
⊢≻⋈∈⊥∋≻⋈∈⊤∋≻⋈∈⊤∋≻⋈∈⊥∋≻⋈∈⊤∋≻⋈∈⊥∋≻⋈∈⊤∋≻⋈∈⊥∋≻⋈∈⊤∋≻⋈∈⊤∋≻⋈∈⊤∋≻⋈∈⊤∋≻⋈∈⊥∋≻⋈∈⊤∋≻⋈∈⊥∋≻⋈∈⊤∋≻⋈∈⊤∋≻⋈∈⊥∋≻⋈∈⊤∋≻⋈∈⊥∋≻⋈∈⊤∋≻⋈∈⊤∋≻⋈∈⊤∋≻⋈∈⊥∋⊙⊡⊣
⊢≻⋈∈⊥∋≻⋈∈⊤∋≻⋈∈⊤∋≻⋈∈⊥∋≻⋈∈⊤∋≻⋈∈⊥∋≻⋈∈⊥∋≻⋈∈⊥∋≻⋈∈⊤∋≻⋈∈⊥∋⊙⊡⊣
⊢≻⋈∈⊤∋≻⋈∈⊤∋≻⋈∈⊥∋≻⋈∈⊥∋≻⋈∈⊥∋≻⋈∈⊥∋≻⋈∈⊤∋≻⋈∈⊥∋⊙⊡⊣
⊢≻⋈∈⊤∋≻⋈∈⊤∋≻⋈∈⊥∋≻⋈∈⊤∋≻⋈∈⊤∋≻⋈∈⊤∋≻⋈∈⊥∋≻⋈∈⊤∋≻⋈∈⊥∋≻⋈∈⊥∋≻⋈∈⊥∋⊙⊡⊣
⊢≻⋈∈⊥∋≻⋈∈⊤∋≻⋈∈⊥∋≻⋈∈⊤∋≻⋈∈⊤∋≻⋈∈⊤∋≻⋈∈⊥∋≻⋈∈⊥∋≻⋈∈⊥∋≻⋈∈⊤∋≻⋈∈⊥∋⊙⊡⊣
⊢≻⋈∈⊤∋≻⋈∈⊤∋≻⋈∈⊥∋≻⋈∈⊥∋≻⋈∈⊤∋≻⋈∈⊥∋≻⋈∈⊤∋≻⋈∈⊥∋≻⋈∈⊤∋≻⋈∈⊤∋≻⋈∈⊤∋≻⋈∈⊤∋≻⋈∈⊤∋≻⋈∈⊤∋≻⋈∈⊤∋≻⋈∈⊥∋≻⋈∈⊤∋≻⋈∈⊥∋≻⋈∈⊤∋≻⋈∈⊥∋≻⋈∈⊤∋≻⋈∈⊤∋≻⋈∈⊤∋≻⋈∈⊥∋⊙⊡⊣
⊢≻⋈∈⊤∋≻⋈∈⊥∋≻⋈∈⊤∋≻⋈∈⊥∋≻⋈∈⊤∋≻⋈∈⊥∋≻⋈∈⊥∋≻⋈∈⊥∋≻⋈∈⊤∋≻⋈∈⊥∋⊙⊡⊣
⊢≻⋈∈⊤∋≻⋈∈⊤∋≻⋈∈⊥∋≻⋈∈⊥∋≻⋈∈⊥∋≻⋈∈⊥∋≻⋈∈⊤∋≻⋈∈⊥∋⊙⊡⊣
⊢≻⋈∈⊥∋≻⋈∈⊤∋≻⋈∈⊥∋≻⋈∈⊤∋≻⋈∈⊤∋≻⋈∈⊤∋≻⋈∈⊥∋≻⋈∈⊤∋≻⋈∈⊥∋≻⋈∈⊥∋≻⋈∈⊥∋⊙⊡⊣
⊢≻⋈∈⊥∋≻⋈∈⊥∋≻⋈∈⊥∋≻⋈∈⊤∋≻⋈∈⊤∋≻⋈∈⊤∋≻⋈∈⊥∋≻⋈∈⊥∋≻⋈∈⊥∋≻⋈∈⊤∋≻⋈∈⊥∋⊙⊡⊣
⊢≻⋈∈⊥∋≻⋈∈⊥∋≻⋈∈⊥∋≻⋈∈⊥∋≻⋈∈⊤∋≻⋈∈⊥∋≻⋈∈⊤∋≻⋈∈⊥∋≻⋈∈⊤∋≻⋈∈⊤∋≻⋈∈⊤∋≻⋈∈⊤∋≻⋈∈⊥∋≻⋈∈⊥∋≻⋈∈⊤∋≻⋈∈⊥∋≻⋈∈⊤∋≻⋈∈⊥∋≻⋈∈⊤∋≻⋈∈⊥∋≻⋈∈⊤∋≻⋈∈⊤∋≻⋈∈⊤∋≻⋈∈⊥∋⊙⊡⊣
⊢≻⋈∈⊥∋≻⋈∈⊥∋≻⋈∈⊤∋≻⋈∈⊥∋≻⋈∈⊤∋≻⋈∈⊥∋≻⋈∈⊥∋≻⋈∈⊥∋≻⋈∈⊤∋≻⋈∈⊥∋⊙⊡⊣
⊢≻⋈∈⊤∋≻⋈∈⊥∋≻⋈∈⊥∋≻⋈∈⊤∋≻⋈∈⊤∋≻⋈∈⊤∋≻⋈∈⊥∋≻⋈∈⊤∋≻⋈∈⊥∋≻⋈∈⊥∋⊙⊡⊣
⊢≻⋈∈⊤∋≻⋈∈⊥∋≻⋈∈⊤∋≻⋈∈⊥∋≻⋈∈⊥∋≻⋈∈⊥∋≻⋈∈⊤∋≻⋈∈⊥∋≻⋈∈⊤∋≻⋈∈⊤∋≻⋈∈⊥∋⊙⊡⊣
⊢≻⋈∈⊥∋≻⋈∈⊤∋≻⋈∈⊤∋≻⋈∈⊥∋≻⋈∈⊤∋≻⋈∈⊤∋≻⋈∈⊥∋≻⋈∈⊥∋≻⋈∈⊥∋≻⋈∈⊤∋≻⋈∈⊥∋⊙⊡⊣
⊢≻⋈∈⊤∋≻⋈∈⊥∋≻⋈∈⊤∋≻⋈∈⊤∋≻⋈∈⊥∋≻⋈∈⊥∋≻⋈∈⊤∋≻⋈∈⊥∋≻⋈∈⊤∋≻⋈∈⊤∋≻⋈∈⊤∋≻⋈∈⊤∋≻⋈∈⊤∋≻⋈∈⊥∋≻⋈∈⊥∋≻⋈∈⊥∋≻⋈∈⊤∋≻⋈∈⊥∋≻⋈∈⊤∋≻⋈∈⊥∋≻⋈∈⊤∋≻⋈∈⊤∋≻⋈∈⊤∋≻⋈∈⊥∋⊙⊡⊣
⊢≻⋈∈⊤∋≻⋈∈⊤∋≻⋈∈⊥∋≻⋈∈⊥∋≻⋈∈⊤∋≻⋈∈⊥∋≻⋈∈⊥∋≻⋈∈⊥∋≻⋈∈⊤∋≻⋈∈⊥∋⊙⊡⊣
⊢≻⋈∈⊤∋≻⋈∈⊥∋≻⋈∈⊥∋≻⋈∈⊤∋≻⋈∈⊤∋≻⋈∈⊤∋≻⋈∈⊥∋≻⋈∈⊤∋≻⋈∈⊥∋≻⋈∈⊥∋⊙⊡⊣
⊢≻⋈∈⊥∋≻⋈∈⊥∋≻⋈∈⊤∋≻⋈∈⊥∋≻⋈∈⊥∋≻⋈∈⊥∋≻⋈∈⊤∋≻⋈∈⊥∋≻⋈∈⊤∋≻⋈∈⊤∋≻⋈∈⊥∋⊙⊡⊣
⊢≻⋈∈⊥∋≻⋈∈⊥∋≻⋈∈⊤∋≻⋈∈⊥∋≻⋈∈⊤∋≻⋈∈⊤∋≻⋈∈⊥∋≻⋈∈⊥∋≻⋈∈⊥∋≻⋈∈⊤∋≻⋈∈⊥∋⊙⊡⊣
⊢≻⋈∈⊥∋≻⋈∈⊤∋≻⋈∈⊥∋≻⋈∈⊤∋≻⋈∈⊥∋≻⋈∈⊥∋≻⋈∈⊤∋≻⋈∈⊥∋≻⋈∈⊤∋≻⋈∈⊤∋≻⋈∈⊤∋≻⋈∈⊤∋≻⋈∈⊥∋≻⋈∈⊤∋≻⋈∈⊤∋≻⋈∈⊤∋≻⋈∈⊥∋≻⋈∈⊥∋≻⋈∈⊤∋≻⋈∈⊥∋≻⋈∈⊤∋≻⋈∈⊤∋≻⋈∈⊤∋≻⋈∈⊥∋⊙⊡⊣
⊢≻⋈∈⊥∋≻⋈∈⊤∋≻⋈∈⊥∋≻⋈∈⊥∋≻⋈∈⊤∋≻⋈∈⊥∋≻⋈∈⊥∋≻⋈∈⊥∋≻⋈∈⊤∋≻⋈∈⊥∋⊙⊡⊣
⊢≻⋈∈⊥∋≻⋈∈⊤∋≻⋈∈⊥∋≻⋈∈⊥∋≻⋈∈⊥∋≻⋈∈⊥∋≻⋈∈⊤∋≻⋈∈⊥∋⊙⊡⊣
⊢≻⋈∈⊥∋≻⋈∈⊥∋≻⋈∈⊤∋≻⋈∈⊤∋≻⋈∈⊤∋≻⋈∈⊤∋≻⋈∈⊥∋≻⋈∈⊤∋≻⋈∈⊥∋≻⋈∈⊥∋≻⋈∈⊥∋⊙⊡⊣
⊢≻⋈∈⊥∋≻⋈∈⊤∋≻⋈∈⊥∋≻⋈∈⊥∋≻⋈∈⊤∋≻⋈∈⊤∋≻⋈∈⊥∋≻⋈∈⊥∋≻⋈∈⊥∋≻⋈∈⊤∋≻⋈∈⊥∋⊙⊡⊣
⊢≻⋈∈⊤∋≻⋈∈⊤∋≻⋈∈⊤∋≻⋈∈⊥∋≻⋈∈⊥∋≻⋈∈⊥∋≻⋈∈⊤∋≻⋈∈⊥∋≻⋈∈⊤∋≻⋈∈⊤∋≻⋈∈⊤∋≻⋈∈⊤∋≻⋈∈⊤∋≻⋈∈⊤∋≻⋈∈⊥∋≻⋈∈⊤∋≻⋈∈⊥∋≻⋈∈⊥∋≻⋈∈⊤∋≻⋈∈⊥∋≻⋈∈⊤∋≻⋈∈⊤∋≻⋈∈⊤∋≻⋈∈⊥∋⊙⊡⊣
⊢≻⋈∈⊤∋≻⋈∈⊥∋≻⋈∈⊥∋≻⋈∈⊥∋≻⋈∈⊤∋≻⋈∈⊥∋≻⋈∈⊥∋≻⋈∈⊥∋≻⋈∈⊤∋≻⋈∈⊥∋⊙⊡⊣
⊢≻⋈∈⊥∋≻⋈∈⊤∋≻⋈∈⊥∋≻⋈∈⊥∋≻⋈∈⊥∋≻⋈∈⊥∋≻⋈∈⊤∋≻⋈∈⊥∋⊙⊡⊣
⊢≻⋈∈⊤∋≻⋈∈⊤∋≻⋈∈⊥∋≻⋈∈⊤∋≻⋈∈⊤∋≻⋈∈⊤∋≻⋈∈⊥∋≻⋈∈⊤∋≻⋈∈⊥∋≻⋈∈⊥∋≻⋈∈⊥∋⊙⊡⊣
⊢≻⋈∈⊥∋≻⋈∈⊥∋≻⋈∈⊥∋≻⋈∈⊥∋≻⋈∈⊤∋≻⋈∈⊤∋≻⋈∈⊥∋≻⋈∈⊥∋≻⋈∈⊥∋≻⋈∈⊤∋≻⋈∈⊥∋⊙⊡⊣
⊢≻⋈∈⊥∋≻⋈∈⊥∋≻⋈∈⊤∋≻⋈∈⊥∋≻⋈∈⊥∋≻⋈∈⊥∋≻⋈∈⊤∋≻⋈∈⊥∋≻⋈∈⊤∋≻⋈∈⊤∋≻⋈∈⊤∋≻⋈∈⊤∋≻⋈∈⊥∋≻⋈∈⊥∋≻⋈∈⊥∋≻⋈∈⊤∋≻⋈∈⊥∋≻⋈∈⊥∋≻⋈∈⊤∋≻⋈∈⊥∋≻⋈∈⊤∋≻⋈∈⊤∋≻⋈∈⊤∋≻⋈∈⊥∋⊙⊡⊣
⊢≻⋈∈⊥∋≻⋈∈⊥∋≻⋈∈⊥∋≻⋈∈⊥∋≻⋈∈⊤∋≻⋈∈⊥∋≻⋈∈⊥∋≻⋈∈⊥∋≻⋈∈⊤∋≻⋈∈⊥∋⊙⊡⊣
⊢≻⋈∈⊥∋≻⋈∈⊤∋≻⋈∈⊥∋≻⋈∈⊤∋≻⋈∈⊤∋≻⋈∈⊤∋≻⋈∈⊥∋≻⋈∈⊤∋≻⋈∈⊥∋≻⋈∈⊥∋⊙⊡⊣
⊢≻⋈∈⊥∋≻⋈∈⊥∋≻⋈∈⊤∋≻⋈∈⊥∋≻⋈∈⊥∋≻⋈∈⊥∋≻⋈∈⊤∋≻⋈∈⊥∋≻⋈∈⊤∋≻⋈∈⊤∋≻⋈∈⊥∋⊙⊡⊣
⊢≻⋈∈⊥∋≻⋈∈⊤∋≻⋈∈⊤∋≻⋈∈⊤∋≻⋈∈⊥∋≻⋈∈⊤∋≻⋈∈⊥∋≻⋈∈⊥∋≻⋈∈⊥∋≻⋈∈⊤∋≻⋈∈⊥∋⊙⊡⊣
⊢≻⋈∈⊤∋≻⋈∈⊥∋≻⋈∈⊥∋≻⋈∈⊥∋≻⋈∈⊥∋≻⋈∈⊥∋≻⋈∈⊤∋≻⋈∈⊥∋≻⋈∈⊤∋≻⋈∈⊤∋≻⋈∈⊤∋≻⋈∈⊤∋≻⋈∈⊤∋≻⋈∈⊥∋≻⋈∈⊤∋≻⋈∈⊥∋≻⋈∈⊥∋≻⋈∈⊥∋≻⋈∈⊤∋≻⋈∈⊥∋≻⋈∈⊤∋≻⋈∈⊤∋≻⋈∈⊤∋≻⋈∈⊥∋⊙⊡⊣
⊢≻⋈∈⊤∋≻⋈∈⊤∋≻⋈∈⊤∋≻⋈∈⊤∋≻⋈∈⊥∋≻⋈∈⊥∋≻⋈∈⊥∋≻⋈∈⊥∋≻⋈∈⊤∋≻⋈∈⊥∋⊙⊡⊣
⊢≻⋈∈⊥∋≻⋈∈⊤∋≻⋈∈⊥∋≻⋈∈⊤∋≻⋈∈⊤∋≻⋈∈⊤∋≻⋈∈⊥∋≻⋈∈⊤∋≻⋈∈⊥∋≻⋈∈⊥∋⊙⊡⊣
⊢≻⋈∈⊤∋≻⋈∈⊤∋≻⋈∈⊥∋≻⋈∈⊥∋≻⋈∈⊥∋≻⋈∈⊥∋≻⋈∈⊤∋≻⋈∈⊥∋≻⋈∈⊤∋≻⋈∈⊤∋≻⋈∈⊥∋⊙⊡⊣
⊢≻⋈∈⊥∋≻⋈∈⊥∋≻⋈∈⊤∋≻⋈∈⊤∋≻⋈∈⊥∋≻⋈∈⊤∋≻⋈∈⊥∋≻⋈∈⊥∋≻⋈∈⊥∋≻⋈∈⊤∋≻⋈∈⊥∋⊙⊡⊣
⊢≻⋈∈⊥∋≻⋈∈⊤∋≻⋈∈⊤∋≻⋈∈⊤∋≻⋈∈⊤∋≻⋈∈⊤∋≻⋈∈⊥∋≻⋈∈⊥∋≻⋈∈⊤∋≻⋈∈⊤∋≻⋈∈⊤∋≻⋈∈⊤∋≻⋈∈⊥∋≻⋈∈⊤∋≻⋈∈⊥∋≻⋈∈⊥∋≻⋈∈⊥∋≻⋈∈⊥∋≻⋈∈⊤∋≻⋈∈⊥∋≻⋈∈⊤∋≻⋈∈⊤∋≻⋈∈⊤∋≻⋈∈⊥∋⊙⊡⊣
⊢≻⋈∈⊥∋≻⋈∈⊤∋≻⋈∈⊤∋≻⋈∈⊤∋≻⋈∈⊥∋≻⋈∈⊥∋≻⋈∈⊥∋≻⋈∈⊥∋≻⋈∈⊤∋≻⋈∈⊥∋⊙⊡⊣
⊢≻⋈∈⊤∋≻⋈∈⊥∋≻⋈∈⊥∋≻⋈∈⊥∋≻⋈∈⊥∋≻⋈∈⊥∋≻⋈∈⊤∋≻⋈∈⊥∋⊙⊡⊣
⊢≻⋈∈⊤∋≻⋈∈⊥∋≻⋈∈⊤∋≻⋈∈⊤∋≻⋈∈⊤∋≻⋈∈⊤∋≻⋈∈⊥∋≻⋈∈⊤∋≻⋈∈⊥∋≻⋈∈⊥∋≻⋈∈⊥∋⊙⊡⊣
⊢≻⋈∈⊥∋≻⋈∈⊤∋≻⋈∈⊥∋≻⋈∈⊤∋≻⋈∈⊥∋≻⋈∈⊤∋≻⋈∈⊥∋≻⋈∈⊥∋≻⋈∈⊥∋≻⋈∈⊤∋≻⋈∈⊥∋⊙⊡⊣
⊢≻⋈∈⊤∋≻⋈∈⊤∋≻⋈∈⊥∋≻⋈∈⊤∋≻⋈∈⊤∋≻⋈∈⊤∋≻⋈∈⊥∋≻⋈∈⊥∋≻⋈∈⊤∋≻⋈∈⊤∋≻⋈∈⊤∋≻⋈∈⊤∋≻⋈∈⊤∋≻⋈∈⊤∋≻⋈∈⊤∋≻⋈∈⊤∋≻⋈∈⊤∋≻⋈∈⊤∋≻⋈∈⊥∋≻⋈∈⊥∋≻⋈∈⊤∋≻⋈∈⊤∋≻⋈∈⊤∋≻⋈∈⊥∋⊙⊡⊣
⊢≻⋈∈⊤∋≻⋈∈⊥∋≻⋈∈⊤∋≻⋈∈⊤∋≻⋈∈⊥∋≻⋈∈⊥∋≻⋈∈⊥∋≻⋈∈⊥∋≻⋈∈⊤∋≻⋈∈⊥∋⊙⊡⊣
⊢≻⋈∈⊤∋≻⋈∈⊥∋≻⋈∈⊥∋≻⋈∈⊥∋≻⋈∈⊥∋≻⋈∈⊥∋≻⋈∈⊤∋≻⋈∈⊥∋⊙⊡⊣
⊢≻⋈∈⊥∋≻⋈∈⊥∋≻⋈∈⊤∋≻⋈∈⊤∋≻⋈∈⊤∋≻⋈∈⊤∋≻⋈∈⊥∋≻⋈∈⊤∋≻⋈∈⊥∋≻⋈∈⊥∋≻⋈∈⊥∋⊙⊡⊣
⊢≻⋈∈⊥∋≻⋈∈⊥∋≻⋈∈⊥∋≻⋈∈⊤∋≻⋈∈⊥∋≻⋈∈⊤∋≻⋈∈⊥∋≻⋈∈⊥∋≻⋈∈⊥∋≻⋈∈⊤∋≻⋈∈⊥∋⊙⊡⊣
⊢≻⋈∈⊥∋≻⋈∈⊥∋≻⋈∈⊥∋≻⋈∈⊤∋≻⋈∈⊤∋≻⋈∈⊤∋≻⋈∈⊥∋≻⋈∈⊥∋≻⋈∈⊤∋≻⋈∈⊤∋≻⋈∈⊤∋≻⋈∈⊤∋≻⋈∈⊥∋≻⋈∈⊥∋≻⋈∈⊤∋≻⋈∈⊤∋≻⋈∈⊤∋≻⋈∈⊤∋≻⋈∈⊥∋≻⋈∈⊥∋≻⋈∈⊤∋≻⋈∈⊤∋≻⋈∈⊤∋≻⋈∈⊥∋⊙⊡⊣
⊢≻⋈∈⊥∋≻⋈∈⊥∋≻⋈∈⊤∋≻⋈∈⊤∋≻⋈∈⊥∋≻⋈∈⊥∋≻⋈∈⊥∋≻⋈∈⊥∋≻⋈∈⊤∋≻⋈∈⊥∋⊙⊡⊣
⊢≻⋈∈⊤∋≻⋈∈⊤∋≻⋈∈⊥∋≻⋈∈⊤∋≻⋈∈⊤∋≻⋈∈⊤∋≻⋈∈⊥∋≻⋈∈⊤∋≻⋈∈⊥∋≻⋈∈⊥∋⊙⊡⊣
⊢≻⋈∈⊤∋≻⋈∈⊤∋≻⋈∈⊥∋≻⋈∈⊥∋≻⋈∈⊥∋≻⋈∈⊥∋≻⋈∈⊤∋≻⋈∈⊥∋≻⋈∈⊤∋≻⋈∈⊤∋≻⋈∈⊥∋⊙⊡⊣
⊢≻⋈∈⊥∋≻⋈∈⊤∋≻⋈∈⊤∋≻⋈∈⊥∋≻⋈∈⊥∋≻⋈∈⊤∋≻⋈∈⊥∋≻⋈∈⊥∋≻⋈∈⊥∋≻⋈∈⊤∋≻⋈∈⊥∋⊙⊡⊣
⊢≻⋈∈⊤∋≻⋈∈⊥∋≻⋈∈⊤∋≻⋈∈⊥∋≻⋈∈⊤∋≻⋈∈⊤∋≻⋈∈⊥∋≻⋈∈⊥∋≻⋈∈⊤∋≻⋈∈⊤∋≻⋈∈⊤∋≻⋈∈⊤∋≻⋈∈⊤∋≻⋈∈⊥∋≻⋈∈⊥∋≻⋈∈⊤∋≻⋈∈⊤∋≻⋈∈⊤∋≻⋈∈⊥∋≻⋈∈⊥∋≻⋈∈⊤∋≻⋈∈⊤∋≻⋈∈⊤∋≻⋈∈⊥∋⊙⊡⊣
⊢≻⋈∈⊤∋≻⋈∈⊤∋≻⋈∈⊥∋≻⋈∈⊤∋≻⋈∈⊥∋≻⋈∈⊥∋≻⋈∈⊥∋≻⋈∈⊥∋≻⋈∈⊤∋≻⋈∈⊥∋⊙⊡⊣
⊢≻⋈∈⊤∋≻⋈∈⊤∋≻⋈∈⊥∋≻⋈∈⊤∋≻⋈∈⊤∋≻⋈∈⊤∋≻⋈∈⊥∋≻⋈∈⊤∋≻⋈∈⊥∋≻⋈∈⊥∋⊙⊡⊣
⊢≻⋈∈⊥∋≻⋈∈⊤∋≻⋈∈⊥∋≻⋈∈⊥∋≻⋈∈⊥∋≻⋈∈⊥∋≻⋈∈⊤∋≻⋈∈⊥∋≻⋈∈⊤∋≻⋈∈⊤∋≻⋈∈⊥∋⊙⊡⊣
⊢≻⋈∈⊥∋≻⋈∈⊥∋≻⋈∈⊤∋≻⋈∈⊥∋≻⋈∈⊥∋≻⋈∈⊤∋≻⋈∈⊥∋≻⋈∈⊥∋≻⋈∈⊥∋≻⋈∈⊤∋≻⋈∈⊥∋⊙⊡⊣
⊢≻⋈∈⊥∋≻⋈∈⊤∋≻⋈∈⊥∋≻⋈∈⊥∋≻⋈∈⊤∋≻⋈∈⊤∋≻⋈∈⊥∋≻⋈∈⊥∋≻⋈∈⊤∋≻⋈∈⊤∋≻⋈∈⊤∋≻⋈∈⊤∋≻⋈∈⊥∋≻⋈∈⊤∋≻⋈∈⊤∋≻⋈∈⊥∋≻⋈∈⊤∋≻⋈∈⊤∋≻⋈∈⊥∋≻⋈∈⊥∋≻⋈∈⊤∋≻⋈∈⊤∋≻⋈∈⊤∋≻⋈∈⊥∋⊙⊡⊣
⊢≻⋈∈⊥∋≻⋈∈⊤∋≻⋈∈⊥∋≻⋈∈⊤∋≻⋈∈⊥∋≻⋈∈⊥∋≻⋈∈⊥∋≻⋈∈⊥∋≻⋈∈⊤∋≻⋈∈⊥∋⊙⊡⊣
⊢≻⋈∈⊥∋≻⋈∈⊥∋≻⋈∈⊥∋≻⋈∈⊥∋≻⋈∈⊥∋≻⋈∈⊥∋≻⋈∈⊤∋≻⋈∈⊥∋⊙⊡⊣
⊢≻⋈∈⊥∋≻⋈∈⊤∋≻⋈∈⊤∋≻⋈∈⊤∋≻⋈∈⊤∋≻⋈∈⊤∋≻⋈∈⊥∋≻⋈∈⊤∋≻⋈∈⊥∋≻⋈∈⊥∋≻⋈∈⊥∋⊙⊡⊣
⊢≻⋈∈⊥∋≻⋈∈⊤∋≻⋈∈⊥∋≻⋈∈⊥∋≻⋈∈⊥∋≻⋈∈⊤∋≻⋈∈⊥∋≻⋈∈⊥∋≻⋈∈⊥∋≻⋈∈⊤∋≻⋈∈⊥∋⊙⊡⊣
⊢≻⋈∈⊤∋≻⋈∈⊤∋≻⋈∈⊤∋≻⋈∈⊤∋≻⋈∈⊥∋≻⋈∈⊤∋≻⋈∈⊥∋≻⋈∈⊥∋≻⋈∈⊤∋≻⋈∈⊤∋≻⋈∈⊤∋≻⋈∈⊤∋≻⋈∈⊤∋≻⋈∈⊤∋≻⋈∈⊥∋≻⋈∈⊥∋≻⋈∈⊤∋≻⋈∈⊤∋≻⋈∈⊥∋≻⋈∈⊥∋≻⋈∈⊤∋≻⋈∈⊤∋≻⋈∈⊤∋≻⋈∈⊥∋⊙⊡⊣
⊢≻⋈∈⊤∋≻⋈∈⊥∋≻⋈∈⊥∋≻⋈∈⊤∋≻⋈∈⊥∋≻⋈∈⊥∋≻⋈∈⊥∋≻⋈∈⊥∋≻⋈∈⊤∋≻⋈∈⊥∋⊙⊡⊣
⊢≻⋈∈⊥∋≻⋈∈⊥∋≻⋈∈⊥∋≻⋈∈⊥∋≻⋈∈⊥∋≻⋈∈⊥∋≻⋈∈⊤∋≻⋈∈⊥∋⊙⊡⊣
⊢≻⋈∈⊤∋≻⋈∈⊥∋≻⋈∈⊤∋≻⋈∈⊤∋≻⋈∈⊤∋≻⋈∈⊤∋≻⋈∈⊥∋≻⋈∈⊤∋≻⋈∈⊥∋≻⋈∈⊥∋≻⋈∈⊥∋⊙⊡⊣
⊢≻⋈∈⊥∋≻⋈∈⊥∋≻⋈∈⊥∋≻⋈∈⊥∋≻⋈∈⊥∋≻⋈∈⊤∋≻⋈∈⊥∋≻⋈∈⊥∋≻⋈∈⊥∋≻⋈∈⊤∋≻⋈∈⊥∋⊙⊡⊣
⊢≻⋈∈⊥∋≻⋈∈⊥∋≻⋈∈⊤∋≻⋈∈⊤∋≻⋈∈⊥∋≻⋈∈⊤∋≻⋈∈⊥∋≻⋈∈⊥∋≻⋈∈⊤∋≻⋈∈⊤∋≻⋈∈⊤∋≻⋈∈⊤∋≻⋈∈⊥∋≻⋈∈⊥∋≻⋈∈⊥∋≻⋈∈⊥∋≻⋈∈⊤∋≻⋈∈⊤∋≻⋈∈⊥∋≻⋈∈⊥∋≻⋈∈⊤∋≻⋈∈⊤∋≻⋈∈⊤∋≻⋈∈⊥∋⊙⊡⊣
⊢≻⋈∈⊥∋≻⋈∈⊥∋≻⋈∈⊥∋≻⋈∈⊤∋≻⋈∈⊥∋≻⋈∈⊥∋≻⋈∈⊥∋≻⋈∈⊥∋≻⋈∈⊤∋≻⋈∈⊥∋⊙⊡⊣
⊢≻⋈∈⊥∋≻⋈∈⊥∋≻⋈∈⊤∋≻⋈∈⊤∋≻⋈∈⊤∋≻⋈∈⊤∋≻⋈∈⊥∋≻⋈∈⊤∋≻⋈∈⊥∋≻⋈∈⊥∋⊙⊡⊣
⊢≻⋈∈⊥∋≻⋈∈⊤∋≻⋈∈⊥∋≻⋈∈⊥∋≻⋈∈⊥∋≻⋈∈⊥∋≻⋈∈⊤∋≻⋈∈⊥∋≻⋈∈⊤∋≻⋈∈⊤∋≻⋈∈⊥∋⊙⊡⊣
⊢≻⋈∈⊥∋≻⋈∈⊤∋≻⋈∈⊤∋≻⋈∈⊤∋≻⋈∈⊤∋≻⋈∈⊥∋≻⋈∈⊥∋≻⋈∈⊥∋≻⋈∈⊥∋≻⋈∈⊤∋≻⋈∈⊥∋⊙⊡⊣
⊢≻⋈∈⊤∋≻⋈∈⊥∋≻⋈∈⊥∋≻⋈∈⊤∋≻⋈∈⊥∋≻⋈∈⊤∋≻⋈∈⊥∋≻⋈∈⊥∋≻⋈∈⊤∋≻⋈∈⊤∋≻⋈∈⊤∋≻⋈∈⊤∋≻⋈∈⊤∋≻⋈∈⊥∋≻⋈∈⊤∋≻⋈∈⊤∋≻⋈∈⊥∋≻⋈∈⊤∋≻⋈∈⊥∋≻⋈∈⊥∋≻⋈∈⊤∋≻⋈∈⊤∋≻⋈∈⊤∋≻⋈∈⊥∋⊙⊡⊣
⊢≻⋈∈⊤∋≻⋈∈⊤∋≻⋈∈⊤∋≻⋈∈⊥∋≻⋈∈⊥∋≻⋈∈⊥∋≻⋈∈⊥∋≻⋈∈⊥∋≻⋈∈⊤∋≻⋈∈⊥∋⊙⊡⊣
⊢≻⋈∈⊥∋≻⋈∈⊥∋≻⋈∈⊤∋≻⋈∈⊤∋≻⋈∈⊤∋≻⋈∈⊤∋≻⋈∈⊥∋≻⋈∈⊤∋≻⋈∈⊥∋≻⋈∈⊥∋⊙⊡⊣
⊢≻⋈∈⊤∋≻⋈∈⊥∋≻⋈∈⊥∋≻⋈∈⊥∋≻⋈∈⊥∋≻⋈∈⊥∋≻⋈∈⊤∋≻⋈∈⊥∋≻⋈∈⊤∋≻⋈∈⊤∋≻⋈∈⊥∋⊙⊡⊣
⊢≻⋈∈⊥∋≻⋈∈⊥∋≻⋈∈⊤∋≻⋈∈⊤∋≻⋈∈⊤∋≻⋈∈⊥∋≻⋈∈⊥∋≻⋈∈⊥∋≻⋈∈⊥∋≻⋈∈⊤∋≻⋈∈⊥∋⊙⊡⊣
⊢≻⋈∈⊥∋≻⋈∈⊤∋≻⋈∈⊤∋≻⋈∈⊥∋≻⋈∈⊥∋≻⋈∈⊤∋≻⋈∈⊥∋≻⋈∈⊥∋≻⋈∈⊤∋≻⋈∈⊤∋≻⋈∈⊤∋≻⋈∈⊤∋≻⋈∈⊥∋≻⋈∈⊤∋≻⋈∈⊥∋≻⋈∈⊤∋≻⋈∈⊥∋≻⋈∈⊤∋≻⋈∈⊥∋≻⋈∈⊥∋≻⋈∈⊤∋≻⋈∈⊤∋≻⋈∈⊤∋≻⋈∈⊥∋⊙⊡⊣
⊢≻⋈∈⊥∋≻⋈∈⊤∋≻⋈∈⊤∋≻⋈∈⊥∋≻⋈∈⊥∋≻⋈∈⊥∋≻⋈∈⊥∋≻⋈∈⊥∋≻⋈∈⊤∋≻⋈∈⊥∋⊙⊡⊣
⊢≻⋈∈⊤∋≻⋈∈⊤∋≻⋈∈⊤∋≻⋈∈⊤∋≻⋈∈⊤∋≻⋈∈⊤∋≻⋈∈⊥∋≻⋈∈⊥∋⊙⊡⊣
⊢≻⋈∈⊤∋≻⋈∈⊤∋≻⋈∈⊤∋≻⋈∈⊤∋≻⋈∈⊤∋≻⋈∈⊤∋≻⋈∈⊥∋≻⋈∈⊤∋≻⋈∈⊥∋≻⋈∈⊥∋≻⋈∈⊥∋⊙⊡⊣
⊢≻⋈∈⊥∋≻⋈∈⊤∋≻⋈∈⊥∋≻⋈∈⊤∋≻⋈∈⊤∋≻⋈∈⊥∋≻⋈∈⊥∋≻⋈∈⊥∋≻⋈∈⊥∋≻⋈∈⊤∋≻⋈∈⊥∋⊙⊡⊣
⊢≻⋈∈⊤∋≻⋈∈⊤∋≻⋈∈⊥∋≻⋈∈⊥∋≻⋈∈⊥∋≻⋈∈⊤∋≻⋈∈⊥∋≻⋈∈⊥∋≻⋈∈⊤∋≻⋈∈⊤∋≻⋈∈⊤∋≻⋈∈⊤∋≻⋈∈⊤∋≻⋈∈⊤∋≻⋈∈⊤∋≻⋈∈⊥∋≻⋈∈⊥∋≻⋈∈⊤∋≻⋈∈⊥∋≻⋈∈⊥∋≻⋈∈⊤∋≻⋈∈⊤∋≻⋈∈⊤∋≻⋈∈⊥∋⊙⊡⊣
⊢≻⋈∈⊤∋≻⋈∈⊥∋≻⋈∈⊤∋≻⋈∈⊥∋≻⋈∈⊥∋≻⋈∈⊥∋≻⋈∈⊥∋≻⋈∈⊥∋≻⋈∈⊤∋≻⋈∈⊥∋⊙⊡⊣
⊢≻⋈∈⊤∋≻⋈∈⊤∋≻⋈∈⊤∋≻⋈∈⊤∋≻⋈∈⊤∋≻⋈∈⊤∋≻⋈∈⊥∋≻⋈∈⊥∋⊙⊡⊣
⊢≻⋈∈⊥∋≻⋈∈⊤∋≻⋈∈⊤∋≻⋈∈⊤∋≻⋈∈⊤∋≻⋈∈⊤∋≻⋈∈⊥∋≻⋈∈⊤∋≻⋈∈⊥∋≻⋈∈⊥∋≻⋈∈⊥∋⊙⊡⊣
⊢≻⋈∈⊥∋≻⋈∈⊥∋≻⋈∈⊥∋≻⋈∈⊤∋≻⋈∈⊤∋≻⋈∈⊥∋≻⋈∈⊥∋≻⋈∈⊥∋≻⋈∈⊥∋≻⋈∈⊤∋≻⋈∈⊥∋⊙⊡⊣
⊢≻⋈∈⊥∋≻⋈∈⊥∋≻⋈∈⊥∋≻⋈∈⊥∋≻⋈∈⊥∋≻⋈∈⊤∋≻⋈∈⊥∋≻⋈∈⊥∋≻⋈∈⊤∋≻⋈∈⊤∋≻⋈∈⊤∋≻⋈∈⊤∋≻⋈∈⊥∋≻⋈∈⊥∋≻⋈∈⊤∋≻⋈∈⊥∋≻⋈∈⊥∋≻⋈∈⊤∋≻⋈∈⊥∋≻⋈∈⊥∋≻⋈∈⊤∋≻⋈∈⊤∋≻⋈∈⊤∋≻⋈∈⊥∋⊙⊡⊣
⊢≻⋈∈⊥∋≻⋈∈⊥∋≻⋈∈⊤∋≻⋈∈⊥∋≻⋈∈⊥∋≻⋈∈⊥∋≻⋈∈⊥∋≻⋈∈⊥∋≻⋈∈⊤∋≻⋈∈⊥∋⊙⊡⊣
⊢≻⋈∈⊤∋≻⋈∈⊥∋≻⋈∈⊤∋≻⋈∈⊤∋≻⋈∈⊤∋≻⋈∈⊤∋≻⋈∈⊥∋≻⋈∈⊤∋≻⋈∈⊥∋≻⋈∈⊥∋⊙⊡⊣
⊢≻⋈∈⊤∋≻⋈∈⊥∋≻⋈∈⊥∋≻⋈∈⊥∋≻⋈∈⊥∋≻⋈∈⊥∋≻⋈∈⊤∋≻⋈∈⊥∋≻⋈∈⊤∋≻⋈∈⊤∋≻⋈∈⊥∋⊙⊡⊣
⊢≻⋈∈⊥∋≻⋈∈⊤∋≻⋈∈⊤∋≻⋈∈⊥∋≻⋈∈⊤∋≻⋈∈⊥∋≻⋈∈⊥∋≻⋈∈⊥∋≻⋈∈⊥∋≻⋈∈⊤∋≻⋈∈⊥∋⊙⊡⊣
⊢≻⋈∈⊤∋≻⋈∈⊥∋≻⋈∈⊤∋≻⋈∈⊤∋≻⋈∈⊤∋≻⋈∈⊥∋≻⋈∈⊥∋≻⋈∈⊥∋≻⋈∈⊤∋≻⋈∈⊤∋≻⋈∈⊤∋≻⋈∈⊤∋≻⋈∈⊤∋≻⋈∈⊥∋≻⋈∈⊥∋≻⋈∈⊥∋≻⋈∈⊥∋≻⋈∈⊤∋≻⋈∈⊥∋≻⋈∈⊥∋≻⋈∈⊤∋≻⋈∈⊤∋≻⋈∈⊤∋≻⋈∈⊥∋⊙⊡⊣
⊢≻⋈∈⊤∋≻⋈∈⊤∋≻⋈∈⊥∋≻⋈∈⊥∋≻⋈∈⊥∋≻⋈∈⊥∋≻⋈∈⊥∋≻⋈∈⊥∋≻⋈∈⊤∋≻⋈∈⊥∋⊙⊡⊣
⊢≻⋈∈⊤∋≻⋈∈⊥∋≻⋈∈⊤∋≻⋈∈⊤∋≻⋈∈⊤∋≻⋈∈⊤∋≻⋈∈⊥∋≻⋈∈⊤∋≻⋈∈⊥∋≻⋈∈⊥∋⊙⊡⊣
⊢≻⋈∈⊥∋≻⋈∈⊥∋≻⋈∈⊥∋≻⋈∈⊥∋≻⋈∈⊥∋≻⋈∈⊥∋≻⋈∈⊤∋≻⋈∈⊥∋≻⋈∈⊤∋≻⋈∈⊤∋≻⋈∈⊥∋⊙⊡⊣
⊢≻⋈∈⊥∋≻⋈∈⊥∋≻⋈∈⊤∋≻⋈∈⊥∋≻⋈∈⊤∋≻⋈∈⊥∋≻⋈∈⊥∋≻⋈∈⊥∋≻⋈∈⊥∋≻⋈∈⊤∋≻⋈∈⊥∋⊙⊡⊣
⊢≻⋈∈⊥∋≻⋈∈⊤∋≻⋈∈⊥∋≻⋈∈⊤∋≻⋈∈⊤∋≻⋈∈⊥∋≻⋈∈⊥∋≻⋈∈⊥∋≻⋈∈⊤∋≻⋈∈⊤∋≻⋈∈⊤∋≻⋈∈⊤∋≻⋈∈⊥∋≻⋈∈⊤∋≻⋈∈⊤∋≻⋈∈⊤∋≻⋈∈⊤∋≻⋈∈⊥∋≻⋈∈⊥∋≻⋈∈⊥∋≻⋈∈⊤∋≻⋈∈⊤∋≻⋈∈⊤∋≻⋈∈⊥∋⊙⊡⊣
⊢≻⋈∈⊥∋≻⋈∈⊤∋≻⋈∈⊥∋≻⋈∈⊥∋≻⋈∈⊥∋≻⋈∈⊥∋≻⋈∈⊥∋≻⋈∈⊥∋≻⋈∈⊤∋≻⋈∈⊥∋⊙⊡⊣
⊢≻⋈∈⊥∋≻⋈∈⊤∋≻⋈∈⊤∋≻⋈∈⊤∋≻⋈∈⊤∋≻⋈∈⊤∋≻⋈∈⊥∋≻⋈∈⊥∋⊙⊡⊣
⊢≻⋈∈⊥∋≻⋈∈⊥∋≻⋈∈⊥∋≻⋈∈⊥∋≻⋈∈⊥∋≻⋈∈⊥∋≻⋈∈⊤∋≻⋈∈⊤∋≻⋈∈⊥∋≻⋈∈⊥∋≻⋈∈⊥∋⊙⊡⊣
⊢≻⋈∈⊥∋≻⋈∈⊤∋≻⋈∈⊥∋≻⋈∈⊥∋≻⋈∈⊤∋≻⋈∈⊥∋≻⋈∈⊥∋≻⋈∈⊥∋≻⋈∈⊥∋≻⋈∈⊤∋≻⋈∈⊥∋⊙⊡⊣
⊢≻⋈∈⊤∋≻⋈∈⊤∋≻⋈∈⊤∋≻⋈∈⊥∋≻⋈∈⊤∋≻⋈∈⊥∋≻⋈∈⊥∋≻⋈∈⊥∋≻⋈∈⊤∋≻⋈∈⊤∋≻⋈∈⊤∋≻⋈∈⊤∋≻⋈∈⊤∋≻⋈∈⊤∋≻⋈∈⊥∋≻⋈∈⊤∋≻⋈∈⊤∋≻⋈∈⊥∋≻⋈∈⊥∋≻⋈∈⊥∋≻⋈∈⊤∋≻⋈∈⊤∋≻⋈∈⊤∋≻⋈∈⊥∋⊙⊡⊣
⊢≻⋈∈⊤∋≻⋈∈⊥∋≻⋈∈⊥∋≻⋈∈⊥∋≻⋈∈⊥∋≻⋈∈⊥∋≻⋈∈⊥∋≻⋈∈⊥∋≻⋈∈⊤∋≻⋈∈⊥∋⊙⊡⊣
⊢≻⋈∈⊥∋≻⋈∈⊤∋≻⋈∈⊤∋≻⋈∈⊤∋≻⋈∈⊤∋≻⋈∈⊤∋≻⋈∈⊥∋≻⋈∈⊥∋⊙⊡⊣
⊢≻⋈∈⊤∋≻⋈∈⊤∋≻⋈∈⊤∋≻⋈∈⊤∋≻⋈∈⊤∋≻⋈∈⊤∋≻⋈∈⊥∋≻⋈∈⊤∋≻⋈∈⊥∋≻⋈∈⊥∋≻⋈∈⊥∋⊙⊡⊣
⊢≻⋈∈⊥∋≻⋈∈⊥∋≻⋈∈⊥∋≻⋈∈⊥∋≻⋈∈⊤∋≻⋈∈⊥∋≻⋈∈⊥∋≻⋈∈⊥∋≻⋈∈⊥∋≻⋈∈⊤∋≻⋈∈⊥∋⊙⊡⊣
⊢≻⋈∈⊥∋≻⋈∈⊥∋≻⋈∈⊤∋≻⋈∈⊥∋≻⋈∈⊤∋≻⋈∈⊥∋≻⋈∈⊥∋≻⋈∈⊥∋≻⋈∈⊤∋≻⋈∈⊤∋≻⋈∈⊤∋≻⋈∈⊤∋≻⋈∈⊥∋≻⋈∈⊥∋≻⋈∈⊥∋≻⋈∈⊤∋≻⋈∈⊤∋≻⋈∈⊥∋≻⋈∈⊥∋≻⋈∈⊥∋≻⋈∈⊤∋≻⋈∈⊤∋≻⋈∈⊤∋≻⋈∈⊥∋⊙⊡⊣
⊢≻⋈∈⊥∋≻⋈∈⊥∋≻⋈∈⊥∋≻⋈∈⊥∋≻⋈∈⊥∋≻⋈∈⊥∋≻⋈∈⊥∋≻⋈∈⊥∋≻⋈∈⊤∋≻⋈∈⊥∋⊙⊡⊣
⊢≻⋈∈⊥∋≻⋈∈⊤∋≻⋈∈⊤∋≻⋈∈⊤∋≻⋈∈⊤∋≻⋈∈⊤∋≻⋈∈⊥∋≻⋈∈⊤∋≻⋈∈⊥∋≻⋈∈⊥∋⊙⊡⊣
⊢≻⋈∈⊥∋≻⋈∈⊥∋≻⋈∈⊥∋≻⋈∈⊥∋≻⋈∈⊥∋≻⋈∈⊥∋≻⋈∈⊤∋≻⋈∈⊥∋≻⋈∈⊤∋≻⋈∈⊤∋≻⋈∈⊥∋⊙⊡⊣
⊢≻⋈∈⊥∋≻⋈∈⊤∋≻⋈∈⊤∋≻⋈∈⊤∋≻⋈∈⊥∋≻⋈∈⊥∋≻⋈∈⊥∋≻⋈∈⊥∋≻⋈∈⊥∋≻⋈∈⊤∋≻⋈∈⊥∋⊙⊡⊣
⊢≻⋈∈⊤∋≻⋈∈⊥∋≻⋈∈⊥∋≻⋈∈⊥∋≻⋈∈⊤∋≻⋈∈⊥∋≻⋈∈⊥∋≻⋈∈⊥∋≻⋈∈⊤∋≻⋈∈⊤∋≻⋈∈⊤∋≻⋈∈⊤∋≻⋈∈⊤∋≻⋈∈⊥∋≻⋈∈⊤∋≻⋈∈⊥∋≻⋈∈⊤∋≻⋈∈⊥∋≻⋈∈⊥∋≻⋈∈⊥∋≻⋈∈⊤∋≻⋈∈⊤∋≻⋈∈⊤∋≻⋈∈⊥∋⊙⊡⊣
⊢≻⋈∈⊤∋≻⋈∈⊤∋≻⋈∈⊤∋≻⋈∈⊤∋≻⋈∈⊤∋≻⋈∈⊤∋≻⋈∈⊤∋≻⋈∈⊤∋≻⋈∈⊥∋≻⋈∈⊥∋⊙⊡⊣
⊢≻⋈∈⊥∋≻⋈∈⊤∋≻⋈∈⊤∋≻⋈∈⊤∋≻⋈∈⊤∋≻⋈∈⊤∋≻⋈∈⊥∋≻⋈∈⊤∋≻⋈∈⊥∋≻⋈∈⊥∋⊙⊡⊣
⊢≻⋈∈⊤∋≻⋈∈⊤∋≻⋈∈⊤∋≻⋈∈⊤∋≻⋈∈⊤∋≻⋈∈⊤∋≻⋈∈⊥∋≻⋈∈⊥∋≻⋈∈⊤∋≻⋈∈⊤∋≻⋈∈⊥∋⊙⊡⊣
⊢≻⋈∈⊥∋≻⋈∈⊥∋≻⋈∈⊤∋≻⋈∈⊤∋≻⋈∈⊥∋≻⋈∈⊥∋≻⋈∈⊥∋≻⋈∈⊥∋≻⋈∈⊥∋≻⋈∈⊤∋≻⋈∈⊥∋⊙⊡⊣
⊢≻⋈∈⊥∋≻⋈∈⊤∋≻⋈∈⊤∋≻⋈∈⊤∋≻⋈∈⊥∋≻⋈∈⊥∋≻⋈∈⊥∋≻⋈∈⊥∋≻⋈∈⊤∋≻⋈∈⊤∋≻⋈∈⊤∋≻⋈∈⊤∋≻⋈∈⊥∋≻⋈∈⊤∋≻⋈∈⊥∋≻⋈∈⊥∋≻⋈∈⊤∋≻⋈∈⊥∋≻⋈∈⊥∋≻⋈∈⊥∋≻⋈∈⊤∋≻⋈∈⊤∋≻⋈∈⊤∋≻⋈∈⊥∋⊙⊡⊣
⊢≻⋈∈⊥∋≻⋈∈⊤∋≻⋈∈⊤∋≻⋈∈⊤∋≻⋈∈⊤∋≻⋈∈⊤∋≻⋈∈⊤∋≻⋈∈⊤∋≻⋈∈⊥∋≻⋈∈⊥∋⊙⊡⊣
⊢≻⋈∈⊤∋≻⋈∈⊥∋≻⋈∈⊤∋≻⋈∈⊤∋≻⋈∈⊤∋≻⋈∈⊤∋≻⋈∈⊥∋≻⋈∈⊥∋⊙⊡⊣
⊢≻⋈∈⊤∋≻⋈∈⊥∋≻⋈∈⊥∋≻⋈∈⊥∋≻⋈∈⊥∋≻⋈∈⊥∋≻⋈∈⊤∋≻⋈∈⊤∋≻⋈∈⊥∋≻⋈∈⊥∋≻⋈∈⊥∋⊙⊡⊣
⊢≻⋈∈⊥∋≻⋈∈⊤∋≻⋈∈⊥∋≻⋈∈⊤∋≻⋈∈⊥∋≻⋈∈⊥∋≻⋈∈⊥∋≻⋈∈⊥∋≻⋈∈⊥∋≻⋈∈⊤∋≻⋈∈⊥∋⊙⊡⊣
⊢≻⋈∈⊤∋≻⋈∈⊤∋≻⋈∈⊥∋≻⋈∈⊤∋≻⋈∈⊥∋≻⋈∈⊥∋≻⋈∈⊥∋≻⋈∈⊥∋≻⋈∈⊤∋≻⋈∈⊤∋≻⋈∈⊤∋≻⋈∈⊤∋≻⋈∈⊤∋≻⋈∈⊤∋≻⋈∈⊤∋≻⋈∈⊤∋≻⋈∈⊥∋≻⋈∈⊥∋≻⋈∈⊥∋≻⋈∈⊥∋≻⋈∈⊤∋≻⋈∈⊤∋≻⋈∈⊤∋≻⋈∈⊥∋⊙⊡⊣
⊢≻⋈∈⊤∋≻⋈∈⊥∋≻⋈∈⊤∋≻⋈∈⊤∋≻⋈∈⊤∋≻⋈∈⊤∋≻⋈∈⊤∋≻⋈∈⊤∋≻⋈∈⊥∋≻⋈∈⊥∋⊙⊡⊣
⊢≻⋈∈⊤∋≻⋈∈⊥∋≻⋈∈⊤∋≻⋈∈⊤∋≻⋈∈⊤∋≻⋈∈⊤∋≻⋈∈⊥∋≻⋈∈⊥∋⊙⊡⊣
⊢≻⋈∈⊥∋≻⋈∈⊥∋≻⋈∈⊥∋≻⋈∈⊥∋≻⋈∈⊥∋≻⋈∈⊥∋≻⋈∈⊤∋≻⋈∈⊤∋≻⋈∈⊥∋≻⋈∈⊥∋≻⋈∈⊥∋⊙⊡⊣
⊢≻⋈∈⊥∋≻⋈∈⊥∋≻⋈∈⊥∋≻⋈∈⊤∋≻⋈∈⊥∋≻⋈∈⊥∋≻⋈∈⊥∋≻⋈∈⊥∋≻⋈∈⊥∋≻⋈∈⊤∋≻⋈∈⊥∋⊙⊡⊣
⊢≻⋈∈⊥∋≻⋈∈⊥∋≻⋈∈⊥∋≻⋈∈⊤∋≻⋈∈⊥∋≻⋈∈⊥∋≻⋈∈⊥∋≻⋈∈⊥∋≻⋈∈⊤∋≻⋈∈⊤∋≻⋈∈⊤∋≻⋈∈⊤∋≻⋈∈⊥∋≻⋈∈⊥∋≻⋈∈⊤∋≻⋈∈⊤∋≻⋈∈⊥∋≻⋈∈⊥∋≻⋈∈⊥∋≻⋈∈⊥∋≻⋈∈⊤∋≻⋈∈⊤∋≻⋈∈⊤∋≻⋈∈⊥∋⊙⊡⊣
⊢≻⋈∈⊥∋≻⋈∈⊥∋≻⋈∈⊤∋≻⋈∈⊤∋≻⋈∈⊤∋≻⋈∈⊤∋≻⋈∈⊤∋≻⋈∈⊤∋≻⋈∈⊥∋≻⋈∈⊥∋⊙⊡⊣
⊢≻⋈∈⊤∋≻⋈∈⊤∋≻⋈∈⊤∋≻⋈∈⊤∋≻⋈∈⊤∋≻⋈∈⊤∋≻⋈∈⊥∋≻⋈∈⊤∋≻⋈∈⊥∋≻⋈∈⊥∋⊙⊡⊣
⊢≻⋈∈⊤∋≻⋈∈⊤∋≻⋈∈⊤∋≻⋈∈⊤∋≻⋈∈⊤∋≻⋈∈⊤∋≻⋈∈⊥∋≻⋈∈⊥∋≻⋈∈⊤∋≻⋈∈⊤∋≻⋈∈⊥∋⊙⊡⊣
⊢≻⋈∈⊥∋≻⋈∈⊤∋≻⋈∈⊤∋≻⋈∈⊥∋≻⋈∈⊥∋≻⋈∈⊥∋≻⋈∈⊥∋≻⋈∈⊥∋≻⋈∈⊥∋≻⋈∈⊤∋≻⋈∈⊥∋⊙⊡⊣
⊢≻⋈∈⊤∋≻⋈∈⊥∋≻⋈∈⊤∋≻⋈∈⊥∋≻⋈∈⊥∋≻⋈∈⊥∋≻⋈∈⊥∋≻⋈∈⊥∋≻⋈∈⊤∋≻⋈∈⊤∋≻⋈∈⊤∋≻⋈∈⊤∋≻⋈∈⊤∋≻⋈∈⊥∋≻⋈∈⊥∋≻⋈∈⊤∋≻⋈∈⊥∋≻⋈∈⊥∋≻⋈∈⊥∋≻⋈∈⊥∋≻⋈∈⊤∋≻⋈∈⊤∋≻⋈∈⊤∋≻⋈∈⊥∋⊙⊡⊣
⊢≻⋈∈⊤∋≻⋈∈⊤∋≻⋈∈⊥∋≻⋈∈⊤∋≻⋈∈⊤∋≻⋈∈⊤∋≻⋈∈⊤∋≻⋈∈⊤∋≻⋈∈⊥∋≻⋈∈⊥∋⊙⊡⊣
⊢≻⋈∈⊤∋≻⋈∈⊤∋≻⋈∈⊤∋≻⋈∈⊤∋≻⋈∈⊤∋≻⋈∈⊤∋≻⋈∈⊥∋≻⋈∈⊤∋≻⋈∈⊥∋≻⋈∈⊥∋⊙⊡⊣
⊢≻⋈∈⊥∋≻⋈∈⊤∋≻⋈∈⊤∋≻⋈∈⊤∋≻⋈∈⊤∋≻⋈∈⊤∋≻⋈∈⊥∋≻⋈∈⊥∋≻⋈∈⊤∋≻⋈∈⊤∋≻⋈∈⊥∋⊙⊡⊣
⊢≻⋈∈⊥∋≻⋈∈⊥∋≻⋈∈⊤∋≻⋈∈⊥∋≻⋈∈⊥∋≻⋈∈⊥∋≻⋈∈⊥∋≻⋈∈⊥∋≻⋈∈⊥∋≻⋈∈⊤∋≻⋈∈⊥∋⊙⊡⊣
⊢≻⋈∈⊥∋≻⋈∈⊤∋≻⋈∈⊥∋≻⋈∈⊥∋≻⋈∈⊥∋≻⋈∈⊥∋≻⋈∈⊥∋≻⋈∈⊥∋≻⋈∈⊤∋≻⋈∈⊤∋≻⋈∈⊤∋≻⋈∈⊤∋≻⋈∈⊥∋≻⋈∈⊤∋≻⋈∈⊤∋≻⋈∈⊥∋≻⋈∈⊥∋≻⋈∈⊥∋≻⋈∈⊥∋≻⋈∈⊥∋≻⋈∈⊤∋≻⋈∈⊤∋≻⋈∈⊤∋≻⋈∈⊥∋⊙⊡⊣
⊢≻⋈∈⊥∋≻⋈∈⊤∋≻⋈∈⊥∋≻⋈∈⊤∋≻⋈∈⊤∋≻⋈∈⊤∋≻⋈∈⊤∋≻⋈∈⊤∋≻⋈∈⊥∋≻⋈∈⊥∋⊙⊡⊣
⊢≻⋈∈⊥∋≻⋈∈⊥∋≻⋈∈⊤∋≻⋈∈⊤∋≻⋈∈⊤∋≻⋈∈⊤∋≻⋈∈⊥∋≻⋈∈⊥∋⊙⊡⊣
⊢≻⋈∈⊥∋≻⋈∈⊤∋≻⋈∈⊥∋≻⋈∈⊥∋≻⋈∈⊥∋≻⋈∈⊥∋≻⋈∈⊤∋≻⋈∈⊤∋≻⋈∈⊥∋≻⋈∈⊥∋≻⋈∈⊥∋⊙⊡⊣
⊢≻⋈∈⊥∋≻⋈∈⊤∋≻⋈∈⊥∋≻⋈∈⊥∋≻⋈∈⊥∋≻⋈∈⊥∋≻⋈∈⊥∋≻⋈∈⊥∋≻⋈∈⊥∋≻⋈∈⊤∋≻⋈∈⊥∋⊙⊡⊣
⊢≻⋈∈⊤∋≻⋈∈⊤∋≻⋈∈⊤∋≻⋈∈⊤∋≻⋈∈⊤∋≻⋈∈⊤∋≻⋈∈⊤∋≻⋈∈⊤∋≻⋈∈⊥∋≻⋈∈⊤∋≻⋈∈⊤∋≻⋈∈⊤∋≻⋈∈⊤∋≻⋈∈⊤∋≻⋈∈⊥∋≻⋈∈⊥∋≻⋈∈⊥∋≻⋈∈⊥∋≻⋈∈⊥∋≻⋈∈⊥∋≻⋈∈⊤∋≻⋈∈⊤∋≻⋈∈⊤∋≻⋈∈⊥∋⊙⊡⊣
⊢≻⋈∈⊤∋≻⋈∈⊥∋≻⋈∈⊥∋≻⋈∈⊤∋≻⋈∈⊤∋≻⋈∈⊤∋≻⋈∈⊤∋≻⋈∈⊤∋≻⋈∈⊥∋≻⋈∈⊥∋⊙⊡⊣
⊢≻⋈∈⊥∋≻⋈∈⊥∋≻⋈∈⊤∋≻⋈∈⊤∋≻⋈∈⊤∋≻⋈∈⊤∋≻⋈∈⊥∋≻⋈∈⊥∋⊙⊡⊣
⊢≻⋈∈⊤∋≻⋈∈⊥∋≻⋈∈⊥∋≻⋈∈⊥∋≻⋈∈⊥∋≻⋈∈⊥∋≻⋈∈⊤∋≻⋈∈⊤∋≻⋈∈⊥∋≻⋈∈⊥∋≻⋈∈⊥∋⊙⊡⊣
⊢≻⋈∈⊥∋≻⋈∈⊥∋≻⋈∈⊥∋≻⋈∈⊥∋≻⋈∈⊥∋≻⋈∈⊥∋≻⋈∈⊥∋≻⋈∈⊥∋≻⋈∈⊥∋≻⋈∈⊤∋≻⋈∈⊥∋⊙⊡⊣
⊢≻⋈∈⊥∋≻⋈∈⊥∋≻⋈∈⊤∋≻⋈∈⊤∋≻⋈∈⊤∋≻⋈∈⊤∋≻⋈∈⊤∋≻⋈∈⊤∋≻⋈∈⊥∋≻⋈∈⊤∋≻⋈∈⊤∋≻⋈∈⊤∋≻⋈∈⊥∋≻⋈∈⊥∋≻⋈∈⊥∋≻⋈∈⊥∋≻⋈∈⊥∋≻⋈∈⊥∋≻⋈∈⊥∋≻⋈∈⊥∋≻⋈∈⊤∋≻⋈∈⊤∋≻⋈∈⊤∋≻⋈∈⊥∋⊙⊡⊣
⊢≻⋈∈⊥∋≻⋈∈⊥∋≻⋈∈⊥∋≻⋈∈⊤∋≻⋈∈⊤∋≻⋈∈⊤∋≻⋈∈⊤∋≻⋈∈⊤∋≻⋈∈⊥∋≻⋈∈⊥∋⊙⊡⊣
⊢≻⋈∈⊥∋≻⋈∈⊥∋≻⋈∈⊥∋≻⋈∈⊥∋≻⋈∈⊥∋≻⋈∈⊥∋≻⋈∈⊤∋≻⋈∈⊤∋≻⋈∈⊥∋≻⋈∈⊥∋⊙⊡⊣
⊢≻⋈∈⊥∋≻⋈∈⊤∋≻⋈∈⊤∋≻⋈∈⊤∋≻⋈∈⊤∋≻⋈∈⊤∋≻⋈∈⊥∋≻⋈∈⊥∋≻⋈∈⊤∋≻⋈∈⊤∋≻⋈∈⊥∋⊙⊡⊣
⊢≻⋈∈⊥∋≻⋈∈⊤∋≻⋈∈⊤∋≻⋈∈⊤∋≻⋈∈⊤∋≻⋈∈⊤∋≻⋈∈⊤∋≻⋈∈⊤∋≻⋈∈⊤∋≻⋈∈⊥∋≻⋈∈⊥∋⊙⊡⊣
⊢≻⋈∈⊤∋≻⋈∈⊥∋≻⋈∈⊥∋≻⋈∈⊤∋≻⋈∈⊤∋≻⋈∈⊤∋≻⋈∈⊤∋≻⋈∈⊤∋≻⋈∈⊥∋≻⋈∈⊤∋≻⋈∈⊤∋≻⋈∈⊤∋≻⋈∈⊤∋≻⋈∈⊥∋≻⋈∈⊤∋≻⋈∈⊤∋≻⋈∈⊤∋≻⋈∈⊤∋≻⋈∈⊤∋≻⋈∈⊤∋≻⋈∈⊥∋≻⋈∈⊤∋≻⋈∈⊤∋≻⋈∈⊥∋⊙⊡⊣
⊢≻⋈∈⊤∋≻⋈∈⊤∋≻⋈∈⊤∋≻⋈∈⊥∋≻⋈∈⊤∋≻⋈∈⊤∋≻⋈∈⊤∋≻⋈∈⊤∋≻⋈∈⊥∋≻⋈∈⊥∋⊙⊡⊣
⊢≻⋈∈⊥∋≻⋈∈⊥∋≻⋈∈⊥∋≻⋈∈⊥∋≻⋈∈⊥∋≻⋈∈⊥∋≻⋈∈⊤∋≻⋈∈⊤∋≻⋈∈⊥∋≻⋈∈⊥∋⊙⊡⊣
⊢≻⋈∈⊤∋≻⋈∈⊥∋≻⋈∈⊤∋≻⋈∈⊤∋≻⋈∈⊤∋≻⋈∈⊤∋≻⋈∈⊥∋≻⋈∈⊥∋≻⋈∈⊤∋≻⋈∈⊤∋≻⋈∈⊥∋⊙⊡⊣
⊢≻⋈∈⊥∋≻⋈∈⊥∋≻⋈∈⊤∋≻⋈∈⊤∋≻⋈∈⊤∋≻⋈∈⊤∋≻⋈∈⊤∋≻⋈∈⊤∋≻⋈∈⊤∋≻⋈∈⊥∋≻⋈∈⊥∋⊙⊡⊣
⊢≻⋈∈⊥∋≻⋈∈⊤∋≻⋈∈⊤∋≻⋈∈⊥∋≻⋈∈⊤∋≻⋈∈⊤∋≻⋈∈⊤∋≻⋈∈⊤∋≻⋈∈⊥∋≻⋈∈⊤∋≻⋈∈⊤∋≻⋈∈⊤∋≻⋈∈⊥∋≻⋈∈⊤∋≻⋈∈⊥∋≻⋈∈⊤∋≻⋈∈⊤∋≻⋈∈⊤∋≻⋈∈⊤∋≻⋈∈⊤∋≻⋈∈⊥∋≻⋈∈⊤∋≻⋈∈⊤∋≻⋈∈⊥∋⊙⊡⊣
⊢≻⋈∈⊥∋≻⋈∈⊤∋≻⋈∈⊤∋≻⋈∈⊥∋≻⋈∈⊤∋≻⋈∈⊤∋≻⋈∈⊤∋≻⋈∈⊤∋≻⋈∈⊥∋≻⋈∈⊥∋⊙⊡⊣
⊢≻⋈∈⊤∋≻⋈∈⊤∋≻⋈∈⊥∋≻⋈∈⊤∋≻⋈∈⊤∋≻⋈∈⊤∋≻⋈∈⊥∋≻⋈∈⊥∋⊙⊡⊣
⊢≻⋈∈⊤∋≻⋈∈⊤∋≻⋈∈⊥∋≻⋈∈⊥∋≻⋈∈⊥∋≻⋈∈⊥∋≻⋈∈⊤∋≻⋈∈⊤∋≻⋈∈⊥∋≻⋈∈⊥∋≻⋈∈⊥∋⊙⊡⊣
⊢≻⋈∈⊥∋≻⋈∈⊤∋≻⋈∈⊥∋≻⋈∈⊤∋≻⋈∈⊤∋≻⋈∈⊤∋≻⋈∈⊤∋≻⋈∈⊤∋≻⋈∈⊤∋≻⋈∈⊥∋≻⋈∈⊥∋⊙⊡⊣
⊢≻⋈∈⊤∋≻⋈∈⊤∋≻⋈∈⊥∋≻⋈∈⊥∋≻⋈∈⊤∋≻⋈∈⊤∋≻⋈∈⊤∋≻⋈∈⊤∋≻⋈∈⊥∋≻⋈∈⊤∋≻⋈∈⊤∋≻⋈∈⊤∋≻⋈∈⊤∋≻⋈∈⊤∋≻⋈∈⊤∋≻⋈∈⊥∋≻⋈∈⊤∋≻⋈∈⊤∋≻⋈∈⊤∋≻⋈∈⊤∋≻⋈∈⊥∋≻⋈∈⊤∋≻⋈∈⊤∋≻⋈∈⊥∋⊙⊡⊣
⊢≻⋈∈⊤∋≻⋈∈⊥∋≻⋈∈⊤∋≻⋈∈⊥∋≻⋈∈⊤∋≻⋈∈⊤∋≻⋈∈⊤∋≻⋈∈⊤∋≻⋈∈⊥∋≻⋈∈⊥∋⊙⊡⊣
⊢≻⋈∈⊤∋≻⋈∈⊤∋≻⋈∈⊥∋≻⋈∈⊤∋≻⋈∈⊤∋≻⋈∈⊤∋≻⋈∈⊥∋≻⋈∈⊥∋⊙⊡⊣
⊢≻⋈∈⊥∋≻⋈∈⊤∋≻⋈∈⊥∋≻⋈∈⊥∋≻⋈∈⊥∋≻⋈∈⊥∋≻⋈∈⊤∋≻⋈∈⊤∋≻⋈∈⊥∋≻⋈∈⊥∋≻⋈∈⊥∋⊙⊡⊣
⊢≻⋈∈⊥∋≻⋈∈⊥∋≻⋈∈⊥∋≻⋈∈⊤∋≻⋈∈⊤∋≻⋈∈⊤∋≻⋈∈⊤∋≻⋈∈⊤∋≻⋈∈⊤∋≻⋈∈⊥∋≻⋈∈⊥∋⊙⊡⊣
⊢≻⋈∈⊥∋≻⋈∈⊥∋≻⋈∈⊥∋≻⋈∈⊥∋≻⋈∈⊤∋≻⋈∈⊤∋≻⋈∈⊤∋≻⋈∈⊤∋≻⋈∈⊥∋≻⋈∈⊤∋≻⋈∈⊤∋≻⋈∈⊤∋≻⋈∈⊥∋≻⋈∈⊥∋≻⋈∈⊤∋≻⋈∈⊥∋≻⋈∈⊤∋≻⋈∈⊤∋≻⋈∈⊤∋≻⋈∈⊤∋≻⋈∈⊥∋≻⋈∈⊤∋≻⋈∈⊤∋≻⋈∈⊥∋⊙⊡⊣
⊢≻⋈∈⊥∋≻⋈∈⊥∋≻⋈∈⊤∋≻⋈∈⊥∋≻⋈∈⊤∋≻⋈∈⊤∋≻⋈∈⊤∋≻⋈∈⊤∋≻⋈∈⊥∋≻⋈∈⊥∋⊙⊡⊣
⊢≻⋈∈⊤∋≻⋈∈⊥∋≻⋈∈⊥∋≻⋈∈⊥∋≻⋈∈⊥∋≻⋈∈⊥∋≻⋈∈⊤∋≻⋈∈⊤∋≻⋈∈⊥∋≻⋈∈⊥∋⊙⊡⊣
⊢≻⋈∈⊤∋≻⋈∈⊥∋≻⋈∈⊤∋≻⋈∈⊤∋≻⋈∈⊤∋≻⋈∈⊤∋≻⋈∈⊥∋≻⋈∈⊥∋≻⋈∈⊤∋≻⋈∈⊤∋≻⋈∈⊥∋⊙⊡⊣
⊢≻⋈∈⊥∋≻⋈∈⊤∋≻⋈∈⊤∋≻⋈∈⊥∋≻⋈∈⊤∋≻⋈∈⊤∋≻⋈∈⊤∋≻⋈∈⊤∋≻⋈∈⊤∋≻⋈∈⊥∋≻⋈∈⊥∋⊙⊡⊣
⊢≻⋈∈⊤∋≻⋈∈⊥∋≻⋈∈⊤∋≻⋈∈⊤∋≻⋈∈⊥∋≻⋈∈⊤∋≻⋈∈⊤∋≻⋈∈⊤∋≻⋈∈⊥∋≻⋈∈⊤∋≻⋈∈⊤∋≻⋈∈⊤∋≻⋈∈⊤∋≻⋈∈⊥∋≻⋈∈⊥∋≻⋈∈⊥∋≻⋈∈⊤∋≻⋈∈⊤∋≻⋈∈⊤∋≻⋈∈⊤∋≻⋈∈⊥∋≻⋈∈⊤∋≻⋈∈⊤∋≻⋈∈⊥∋⊙⊡⊣
⊢≻⋈∈⊤∋≻⋈∈⊤∋≻⋈∈⊥∋≻⋈∈⊥∋≻⋈∈⊤∋≻⋈∈⊤∋≻⋈∈⊤∋≻⋈∈⊤∋≻⋈∈⊥∋≻⋈∈⊥∋⊙⊡⊣
⊢≻⋈∈⊤∋≻⋈∈⊥∋≻⋈∈⊥∋≻⋈∈⊥∋≻⋈∈⊥∋≻⋈∈⊥∋≻⋈∈⊤∋≻⋈∈⊤∋≻⋈∈⊥∋≻⋈∈⊥∋⊙⊡⊣
⊢≻⋈∈⊥∋≻⋈∈⊥∋≻⋈∈⊤∋≻⋈∈⊤∋≻⋈∈⊤∋≻⋈∈⊤∋≻⋈∈⊥∋≻⋈∈⊥∋≻⋈∈⊤∋≻⋈∈⊤∋≻⋈∈⊥∋⊙⊡⊣
⊢≻⋈∈⊥∋≻⋈∈⊥∋≻⋈∈⊤∋≻⋈∈⊥∋≻⋈∈⊤∋≻⋈∈⊤∋≻⋈∈⊤∋≻⋈∈⊤∋≻⋈∈⊤∋≻⋈∈⊥∋≻⋈∈⊥∋⊙⊡⊣
⊢≻⋈∈⊥∋≻⋈∈⊤∋≻⋈∈⊥∋≻⋈∈⊤∋≻⋈∈⊥∋≻⋈∈⊤∋≻⋈∈⊤∋≻⋈∈⊤∋≻⋈∈⊥∋≻⋈∈⊤∋≻⋈∈⊤∋≻⋈∈⊤∋≻⋈∈⊥∋≻⋈∈⊤∋≻⋈∈⊤∋≻⋈∈⊤∋≻⋈∈⊥∋≻⋈∈⊤∋≻⋈∈⊤∋≻⋈∈⊤∋≻⋈∈⊥∋≻⋈∈⊤∋≻⋈∈⊤∋≻⋈∈⊥∋⊙⊡⊣
⊢≻⋈∈⊥∋≻⋈∈⊤∋≻⋈∈⊥∋≻⋈∈⊥∋≻⋈∈⊤∋≻⋈∈⊤∋≻⋈∈⊤∋≻⋈∈⊤∋≻⋈∈⊥∋≻⋈∈⊥∋⊙⊡⊣
⊢≻⋈∈⊥∋≻⋈∈⊤∋≻⋈∈⊥∋≻⋈∈⊤∋≻⋈∈⊤∋≻⋈∈⊤∋≻⋈∈⊥∋≻⋈∈⊥∋⊙⊡⊣
⊢≻⋈∈⊥∋≻⋈∈⊥∋≻⋈∈⊤∋≻⋈∈⊥∋≻⋈∈⊥∋≻⋈∈⊥∋≻⋈∈⊤∋≻⋈∈⊤∋≻⋈∈⊥∋≻⋈∈⊥∋≻⋈∈⊥∋⊙⊡⊣
⊢≻⋈∈⊥∋≻⋈∈⊤∋≻⋈∈⊥∋≻⋈∈⊥∋≻⋈∈⊤∋≻⋈∈⊤∋≻⋈∈⊤∋≻⋈∈⊤∋≻⋈∈⊤∋≻⋈∈⊥∋≻⋈∈⊥∋⊙⊡⊣
⊢≻⋈∈⊤∋≻⋈∈⊤∋≻⋈∈⊤∋≻⋈∈⊥∋≻⋈∈⊥∋≻⋈∈⊤∋≻⋈∈⊤∋≻⋈∈⊤∋≻⋈∈⊥∋≻⋈∈⊤∋≻⋈∈⊤∋≻⋈∈⊤∋≻⋈∈⊤∋≻⋈∈⊤∋≻⋈∈⊥∋≻⋈∈⊤∋≻⋈∈⊥∋≻⋈∈⊤∋≻⋈∈⊤∋≻⋈∈⊤∋≻⋈∈⊥∋≻⋈∈⊤∋≻⋈∈⊤∋≻⋈∈⊥∋⊙⊡⊣
⊢≻⋈∈⊤∋≻⋈∈⊥∋≻⋈∈⊥∋≻⋈∈⊥∋≻⋈∈⊤∋≻⋈∈⊤∋≻⋈∈⊤∋≻⋈∈⊤∋≻⋈∈⊥∋≻⋈∈⊥∋⊙⊡⊣
⊢≻⋈∈⊥∋≻⋈∈⊤∋≻⋈∈⊥∋≻⋈∈⊤∋≻⋈∈⊤∋≻⋈∈⊤∋≻⋈∈⊥∋≻⋈∈⊥∋⊙⊡⊣
⊢≻⋈∈⊤∋≻⋈∈⊤∋≻⋈∈⊥∋≻⋈∈⊥∋≻⋈∈⊥∋≻⋈∈⊥∋≻⋈∈⊤∋≻⋈∈⊤∋≻⋈∈⊥∋≻⋈∈⊥∋≻⋈∈⊥∋⊙⊡⊣
⊢≻⋈∈⊥∋≻⋈∈⊥∋≻⋈∈⊥∋≻⋈∈⊥∋≻⋈∈⊤∋≻⋈∈⊤∋≻⋈∈⊤∋≻⋈∈⊤∋≻⋈∈⊤∋≻⋈∈⊥∋≻⋈∈⊥∋⊙⊡⊣
⊢≻⋈∈⊥∋≻⋈∈⊥∋≻⋈∈⊤∋≻⋈∈⊥∋≻⋈∈⊥∋≻⋈∈⊤∋≻⋈∈⊤∋≻⋈∈⊤∋≻⋈∈⊥∋≻⋈∈⊤∋≻⋈∈⊤∋≻⋈∈⊤∋≻⋈∈⊥∋≻⋈∈⊥∋≻⋈∈⊥∋≻⋈∈⊤∋≻⋈∈⊥∋≻⋈∈⊤∋≻⋈∈⊤∋≻⋈∈⊤∋≻⋈∈⊥∋≻⋈∈⊤∋≻⋈∈⊤∋≻⋈∈⊥∋⊙⊡⊣
⊢≻⋈∈⊥∋≻⋈∈⊥∋≻⋈∈⊥∋≻⋈∈⊥∋≻⋈∈⊤∋≻⋈∈⊤∋≻⋈∈⊤∋≻⋈∈⊤∋≻⋈∈⊥∋≻⋈∈⊥∋⊙⊡⊣
⊢≻⋈∈⊥∋≻⋈∈⊤∋≻⋈∈⊥∋≻⋈∈⊥∋≻⋈∈⊥∋≻⋈∈⊥∋≻⋈∈⊤∋≻⋈∈⊤∋≻⋈∈⊥∋≻⋈∈⊥∋⊙⊡⊣
⊢≻⋈∈⊥∋≻⋈∈⊥∋≻⋈∈⊤∋≻⋈∈⊤∋≻⋈∈⊤∋≻⋈∈⊤∋≻⋈∈⊥∋≻⋈∈⊥∋≻⋈∈⊤∋≻⋈∈⊤∋≻⋈∈⊥∋⊙⊡⊣
⊢≻⋈∈⊥∋≻⋈∈⊤∋≻⋈∈⊤∋≻⋈∈⊤∋≻⋈∈⊥∋≻⋈∈⊤∋≻⋈∈⊤∋≻⋈∈⊤∋≻⋈∈⊤∋≻⋈∈⊥∋≻⋈∈⊥∋⊙⊡⊣
⊢≻⋈∈⊤∋≻⋈∈⊥∋≻⋈∈⊥∋≻⋈∈⊥∋≻⋈∈⊥∋≻⋈∈⊤∋≻⋈∈⊤∋≻⋈∈⊤∋≻⋈∈⊥∋≻⋈∈⊤∋≻⋈∈⊤∋≻⋈∈⊤∋≻⋈∈⊤∋≻⋈∈⊥∋≻⋈∈⊤∋≻⋈∈⊥∋≻⋈∈⊥∋≻⋈∈⊤∋≻⋈∈⊤∋≻⋈∈⊤∋≻⋈∈⊥∋≻⋈∈⊤∋≻⋈∈⊤∋≻⋈∈⊥∋⊙⊡⊣
⊢≻⋈∈⊤∋≻⋈∈⊤∋≻⋈∈⊤∋≻⋈∈⊤∋≻⋈∈⊥∋≻⋈∈⊤∋≻⋈∈⊤∋≻⋈∈⊤∋≻⋈∈⊥∋≻⋈∈⊥∋⊙⊡⊣
⊢≻⋈∈⊥∋≻⋈∈⊤∋≻⋈∈⊥∋≻⋈∈⊥∋≻⋈∈⊥∋≻⋈∈⊥∋≻⋈∈⊤∋≻⋈∈⊤∋≻⋈∈⊥∋≻⋈∈⊥∋⊙⊡⊣
⊢≻⋈∈⊤∋≻⋈∈⊤∋≻⋈∈⊥∋≻⋈∈⊤∋≻⋈∈⊤∋≻⋈∈⊤∋≻⋈∈⊥∋≻⋈∈⊥∋≻⋈∈⊤∋≻⋈∈⊤∋≻⋈∈⊥∋⊙⊡⊣
⊢≻⋈∈⊥∋≻⋈∈⊥∋≻⋈∈⊤∋≻⋈∈⊤∋≻⋈∈⊥∋≻⋈∈⊤∋≻⋈∈⊤∋≻⋈∈⊤∋≻⋈∈⊤∋≻⋈∈⊥∋≻⋈∈⊥∋⊙⊡⊣
⊢≻⋈∈⊥∋≻⋈∈⊤∋≻⋈∈⊤∋≻⋈∈⊤∋≻⋈∈⊤∋≻⋈∈⊥∋≻⋈∈⊤∋≻⋈∈⊤∋≻⋈∈⊥∋≻⋈∈⊤∋≻⋈∈⊤∋≻⋈∈⊤∋≻⋈∈⊥∋≻⋈∈⊤∋≻⋈∈⊥∋≻⋈∈⊥∋≻⋈∈⊥∋≻⋈∈⊤∋≻⋈∈⊤∋≻⋈∈⊤∋≻⋈∈⊥∋≻⋈∈⊤∋≻⋈∈⊤∋≻⋈∈⊥∋⊙⊡⊣
⊢≻⋈∈⊥∋≻⋈∈⊤∋≻⋈∈⊤∋≻⋈∈⊤∋≻⋈∈⊥∋≻⋈∈⊤∋≻⋈∈⊤∋≻⋈∈⊤∋≻⋈∈⊥∋≻⋈∈⊥∋⊙⊡⊣
⊢≻⋈∈⊤∋≻⋈∈⊥∋≻⋈∈⊥∋≻⋈∈⊤∋≻⋈∈⊤∋≻⋈∈⊤∋≻⋈∈⊥∋≻⋈∈⊥∋⊙⊡⊣
⊢≻⋈∈⊤∋≻⋈∈⊥∋≻⋈∈⊤∋≻⋈∈⊥∋≻⋈∈⊥∋≻⋈∈⊥∋≻⋈∈⊤∋≻⋈∈⊤∋≻⋈∈⊥∋≻⋈∈⊥∋≻⋈∈⊥∋⊙⊡⊣
⊢≻⋈∈⊥∋≻⋈∈⊤∋≻⋈∈⊥∋≻⋈∈⊤∋≻⋈∈⊥∋≻⋈∈⊤∋≻⋈∈⊤∋≻⋈∈⊤∋≻⋈∈⊤∋≻⋈∈⊥∋≻⋈∈⊥∋⊙⊡⊣
⊢≻⋈∈⊤∋≻⋈∈⊤∋≻⋈∈⊥∋≻⋈∈⊤∋≻⋈∈⊤∋≻⋈∈⊥∋≻⋈∈⊤∋≻⋈∈⊤∋≻⋈∈⊥∋≻⋈∈⊤∋≻⋈∈⊤∋≻⋈∈⊤∋≻⋈∈⊤∋≻⋈∈⊤∋≻⋈∈⊤∋≻⋈∈⊤∋≻⋈∈⊤∋≻⋈∈⊥∋≻⋈∈⊤∋≻⋈∈⊤∋≻⋈∈⊥∋≻⋈∈⊤∋≻⋈∈⊤∋≻⋈∈⊥∋⊙⊡⊣
⊢≻⋈∈⊤∋≻⋈∈⊥∋≻⋈∈⊤∋≻⋈∈⊤∋≻⋈∈⊥∋≻⋈∈⊤∋≻⋈∈⊤∋≻⋈∈⊤∋≻⋈∈⊥∋≻⋈∈⊥∋⊙⊡⊣
⊢≻⋈∈⊤∋≻⋈∈⊥∋≻⋈∈⊥∋≻⋈∈⊤∋≻⋈∈⊤∋≻⋈∈⊤∋≻⋈∈⊥∋≻⋈∈⊥∋⊙⊡⊣
⊢≻⋈∈⊥∋≻⋈∈⊥∋≻⋈∈⊤∋≻⋈∈⊥∋≻⋈∈⊥∋≻⋈∈⊥∋≻⋈∈⊤∋≻⋈∈⊤∋≻⋈∈⊥∋≻⋈∈⊥∋≻⋈∈⊥∋⊙⊡⊣
⊢≻⋈∈⊥∋≻⋈∈⊥∋≻⋈∈⊥∋≻⋈∈⊤∋≻⋈∈⊥∋≻⋈∈⊤∋≻⋈∈⊤∋≻⋈∈⊤∋≻⋈∈⊤∋≻⋈∈⊥∋≻⋈∈⊥∋⊙⊡⊣
⊢≻⋈∈⊥∋≻⋈∈⊥∋≻⋈∈⊥∋≻⋈∈⊤∋≻⋈∈⊤∋≻⋈∈⊥∋≻⋈∈⊤∋≻⋈∈⊤∋≻⋈∈⊥∋≻⋈∈⊤∋≻⋈∈⊤∋≻⋈∈⊤∋≻⋈∈⊥∋≻⋈∈⊥∋≻⋈∈⊤∋≻⋈∈⊤∋≻⋈∈⊤∋≻⋈∈⊥∋≻⋈∈⊤∋≻⋈∈⊤∋≻⋈∈⊥∋≻⋈∈⊤∋≻⋈∈⊤∋≻⋈∈⊥∋⊙⊡⊣
⊢≻⋈∈⊥∋≻⋈∈⊥∋≻⋈∈⊤∋≻⋈∈⊤∋≻⋈∈⊥∋≻⋈∈⊤∋≻⋈∈⊤∋≻⋈∈⊤∋≻⋈∈⊥∋≻⋈∈⊥∋⊙⊡⊣
⊢≻⋈∈⊤∋≻⋈∈⊤∋≻⋈∈⊥∋≻⋈∈⊥∋≻⋈∈⊥∋≻⋈∈⊥∋≻⋈∈⊤∋≻⋈∈⊤∋≻⋈∈⊥∋≻⋈∈⊥∋⊙⊡⊣
⊢≻⋈∈⊤∋≻⋈∈⊤∋≻⋈∈⊥∋≻⋈∈⊤∋≻⋈∈⊤∋≻⋈∈⊤∋≻⋈∈⊥∋≻⋈∈⊥∋≻⋈∈⊤∋≻⋈∈⊤∋≻⋈∈⊥∋⊙⊡⊣
⊢≻⋈∈⊥∋≻⋈∈⊤∋≻⋈∈⊤∋≻⋈∈⊥∋≻⋈∈⊥∋≻⋈∈⊤∋≻⋈∈⊤∋≻⋈∈⊤∋≻⋈∈⊤∋≻⋈∈⊥∋≻⋈∈⊥∋⊙⊡⊣
⊢≻⋈∈⊤∋≻⋈∈⊥∋≻⋈∈⊤∋≻⋈∈⊥∋≻⋈∈⊤∋≻⋈∈⊥∋≻⋈∈⊤∋≻⋈∈⊤∋≻⋈∈⊥∋≻⋈∈⊤∋≻⋈∈⊤∋≻⋈∈⊤∋≻⋈∈⊤∋≻⋈∈⊥∋≻⋈∈⊥∋≻⋈∈⊤∋≻⋈∈⊤∋≻⋈∈⊥∋≻⋈∈⊤∋≻⋈∈⊤∋≻⋈∈⊥∋≻⋈∈⊤∋≻⋈∈⊤∋≻⋈∈⊥∋⊙⊡⊣
⊢≻⋈∈⊤∋≻⋈∈⊤∋≻⋈∈⊥∋≻⋈∈⊤∋≻⋈∈⊥∋≻⋈∈⊤∋≻⋈∈⊤∋≻⋈∈⊤∋≻⋈∈⊥∋≻⋈∈⊥∋⊙⊡⊣
⊢≻⋈∈⊤∋≻⋈∈⊤∋≻⋈∈⊥∋≻⋈∈⊥∋≻⋈∈⊥∋≻⋈∈⊥∋≻⋈∈⊤∋≻⋈∈⊤∋≻⋈∈⊥∋≻⋈∈⊥∋⊙⊡⊣
⊢≻⋈∈⊥∋≻⋈∈⊤∋≻⋈∈⊥∋≻⋈∈⊤∋≻⋈∈⊤∋≻⋈∈⊤∋≻⋈∈⊥∋≻⋈∈⊥∋≻⋈∈⊤∋≻⋈∈⊤∋≻⋈∈⊥∋⊙⊡⊣
⊢≻⋈∈⊥∋≻⋈∈⊥∋≻⋈∈⊤∋≻⋈∈⊥∋≻⋈∈⊥∋≻⋈∈⊤∋≻⋈∈⊤∋≻⋈∈⊤∋≻⋈∈⊤∋≻⋈∈⊥∋≻⋈∈⊥∋⊙⊡⊣
⊢≻⋈∈⊥∋≻⋈∈⊤∋≻⋈∈⊥∋≻⋈∈⊥∋≻⋈∈⊤∋≻⋈∈⊥∋≻⋈∈⊤∋≻⋈∈⊤∋≻⋈∈⊥∋≻⋈∈⊤∋≻⋈∈⊤∋≻⋈∈⊤∋≻⋈∈⊥∋≻⋈∈⊤∋≻⋈∈⊤∋≻⋈∈⊥∋≻⋈∈⊤∋≻⋈∈⊥∋≻⋈∈⊤∋≻⋈∈⊤∋≻⋈∈⊥∋≻⋈∈⊤∋≻⋈∈⊤∋≻⋈∈⊥∋⊙⊡⊣
⊢≻⋈∈⊥∋≻⋈∈⊤∋≻⋈∈⊥∋≻⋈∈⊤∋≻⋈∈⊥∋≻⋈∈⊤∋≻⋈∈⊤∋≻⋈∈⊤∋≻⋈∈⊥∋≻⋈∈⊥∋⊙⊡⊣
⊢≻⋈∈⊥∋≻⋈∈⊥∋≻⋈∈⊥∋≻⋈∈⊤∋≻⋈∈⊤∋≻⋈∈⊤∋≻⋈∈⊥∋≻⋈∈⊥∋⊙⊡⊣
⊢≻⋈∈⊥∋≻⋈∈⊤∋≻⋈∈⊤∋≻⋈∈⊥∋≻⋈∈⊥∋≻⋈∈⊥∋≻⋈∈⊤∋≻⋈∈⊤∋≻⋈∈⊥∋≻⋈∈⊥∋≻⋈∈⊥∋⊙⊡⊣
⊢≻⋈∈⊥∋≻⋈∈⊤∋≻⋈∈⊥∋≻⋈∈⊥∋≻⋈∈⊥∋≻⋈∈⊤∋≻⋈∈⊤∋≻⋈∈⊤∋≻⋈∈⊤∋≻⋈∈⊥∋≻⋈∈⊥∋⊙⊡⊣
⊢≻⋈∈⊤∋≻⋈∈⊤∋≻⋈∈⊤∋≻⋈∈⊤∋≻⋈∈⊥∋≻⋈∈⊥∋≻⋈∈⊤∋≻⋈∈⊤∋≻⋈∈⊥∋≻⋈∈⊤∋≻⋈∈⊤∋≻⋈∈⊤∋≻⋈∈⊤∋≻⋈∈⊤∋≻⋈∈⊥∋≻⋈∈⊥∋≻⋈∈⊤∋≻⋈∈⊥∋≻⋈∈⊤∋≻⋈∈⊤∋≻⋈∈⊥∋≻⋈∈⊤∋≻⋈∈⊤∋≻⋈∈⊥∋⊙⊡⊣
⊢≻⋈∈⊤∋≻⋈∈⊥∋≻⋈∈⊥∋≻⋈∈⊤∋≻⋈∈⊥∋≻⋈∈⊤∋≻⋈∈⊤∋≻⋈∈⊤∋≻⋈∈⊥∋≻⋈∈⊥∋⊙⊡⊣
⊢≻⋈∈⊥∋≻⋈∈⊥∋≻⋈∈⊥∋≻⋈∈⊤∋≻⋈∈⊤∋≻⋈∈⊤∋≻⋈∈⊥∋≻⋈∈⊥∋⊙⊡⊣
⊢≻⋈∈⊤∋≻⋈∈⊥∋≻⋈∈⊤∋≻⋈∈⊥∋≻⋈∈⊥∋≻⋈∈⊥∋≻⋈∈⊤∋≻⋈∈⊤∋≻⋈∈⊥∋≻⋈∈⊥∋≻⋈∈⊥∋⊙⊡⊣
⊢≻⋈∈⊥∋≻⋈∈⊥∋≻⋈∈⊥∋≻⋈∈⊥∋≻⋈∈⊥∋≻⋈∈⊤∋≻⋈∈⊤∋≻⋈∈⊤∋≻⋈∈⊤∋≻⋈∈⊥∋≻⋈∈⊥∋⊙⊡⊣
⊢≻⋈∈⊥∋≻⋈∈⊥∋≻⋈∈⊤∋≻⋈∈⊤∋≻⋈∈⊥∋≻⋈∈⊥∋≻⋈∈⊤∋≻⋈∈⊤∋≻⋈∈⊥∋≻⋈∈⊤∋≻⋈∈⊤∋≻⋈∈⊤∋≻⋈∈⊥∋≻⋈∈⊥∋≻⋈∈⊥∋≻⋈∈⊥∋≻⋈∈⊤∋≻⋈∈⊥∋≻⋈∈⊤∋≻⋈∈⊤∋≻⋈∈⊥∋≻⋈∈⊤∋≻⋈∈⊤∋≻⋈∈⊥∋⊙⊡⊣
⊢≻⋈∈⊥∋≻⋈∈⊥∋≻⋈∈⊥∋≻⋈∈⊤∋≻⋈∈⊥∋≻⋈∈⊤∋≻⋈∈⊤∋≻⋈∈⊤∋≻⋈∈⊥∋≻⋈∈⊥∋⊙⊡⊣
⊢≻⋈∈⊥∋≻⋈∈⊥∋≻⋈∈⊤∋≻⋈∈⊥∋≻⋈∈⊥∋≻⋈∈⊥∋≻⋈∈⊤∋≻⋈∈⊤∋≻⋈∈⊥∋≻⋈∈⊥∋⊙⊡⊣
⊢≻⋈∈⊥∋≻⋈∈⊤∋≻⋈∈⊥∋≻⋈∈⊤∋≻⋈∈⊤∋≻⋈∈⊤∋≻⋈∈⊥∋≻⋈∈⊥∋≻⋈∈⊤∋≻⋈∈⊤∋≻⋈∈⊥∋⊙⊡⊣
⊢≻⋈∈⊥∋≻⋈∈⊤∋≻⋈∈⊤∋≻⋈∈⊤∋≻⋈∈⊤∋≻⋈∈⊥∋≻⋈∈⊤∋≻⋈∈⊤∋≻⋈∈⊤∋≻⋈∈⊥∋≻⋈∈⊥∋⊙⊡⊣
⊢≻⋈∈⊤∋≻⋈∈⊥∋≻⋈∈⊥∋≻⋈∈⊤∋≻⋈∈⊥∋≻⋈∈⊥∋≻⋈∈⊤∋≻⋈∈⊤∋≻⋈∈⊥∋≻⋈∈⊤∋≻⋈∈⊤∋≻⋈∈⊤∋≻⋈∈⊤∋≻⋈∈⊥∋≻⋈∈⊤∋≻⋈∈⊤∋≻⋈∈⊥∋≻⋈∈⊥∋≻⋈∈⊤∋≻⋈∈⊤∋≻⋈∈⊥∋≻⋈∈⊤∋≻⋈∈⊤∋≻⋈∈⊥∋⊙⊡⊣
⊢≻⋈∈⊤∋≻⋈∈⊤∋≻⋈∈⊤∋≻⋈∈⊥∋≻⋈∈⊥∋≻⋈∈⊤∋≻⋈∈⊤∋≻⋈∈⊤∋≻⋈∈⊥∋≻⋈∈⊥∋⊙⊡⊣
⊢≻⋈∈⊥∋≻⋈∈⊥∋≻⋈∈⊤∋≻⋈∈⊥∋≻⋈∈⊥∋≻⋈∈⊥∋≻⋈∈⊤∋≻⋈∈⊤∋≻⋈∈⊥∋≻⋈∈⊥∋⊙⊡⊣
⊢≻⋈∈⊤∋≻⋈∈⊥∋≻⋈∈⊥∋≻⋈∈⊤∋≻⋈∈⊤∋≻⋈∈⊤∋≻⋈∈⊥∋≻⋈∈⊥∋≻⋈∈⊤∋≻⋈∈⊤∋≻⋈∈⊥∋⊙⊡⊣
⊢≻⋈∈⊥∋≻⋈∈⊥∋≻⋈∈⊤∋≻⋈∈⊤∋≻⋈∈⊤∋≻⋈∈⊥∋≻⋈∈⊤∋≻⋈∈⊤∋≻⋈∈⊤∋≻⋈∈⊥∋≻⋈∈⊥∋⊙⊡⊣
⊢≻⋈∈⊥∋≻⋈∈⊤∋≻⋈∈⊤∋≻⋈∈⊥∋≻⋈∈⊥∋≻⋈∈⊥∋≻⋈∈⊤∋≻⋈∈⊤∋≻⋈∈⊥∋≻⋈∈⊤∋≻⋈∈⊤∋≻⋈∈⊤∋≻⋈∈⊥∋≻⋈∈⊤∋≻⋈∈⊥∋≻⋈∈⊤∋≻⋈∈⊥∋≻⋈∈⊥∋≻⋈∈⊤∋≻⋈∈⊤∋≻⋈∈⊥∋≻⋈∈⊤∋≻⋈∈⊤∋≻⋈∈⊥∋⊙⊡⊣
⊢≻⋈∈⊥∋≻⋈∈⊤∋≻⋈∈⊤∋≻⋈∈⊥∋≻⋈∈⊥∋≻⋈∈⊤∋≻⋈∈⊤∋≻⋈∈⊤∋≻⋈∈⊥∋≻⋈∈⊥∋⊙⊡⊣
⊢≻⋈∈⊤∋≻⋈∈⊤∋≻⋈∈⊤∋≻⋈∈⊥∋≻⋈∈⊤∋≻⋈∈⊤∋≻⋈∈⊥∋≻⋈∈⊥∋⊙⊡⊣
⊢≻⋈∈⊤∋≻⋈∈⊤∋≻⋈∈⊤∋≻⋈∈⊥∋≻⋈∈⊥∋≻⋈∈⊥∋≻⋈∈⊤∋≻⋈∈⊤∋≻⋈∈⊥∋≻⋈∈⊥∋≻⋈∈⊥∋⊙⊡⊣
⊢≻⋈∈⊥∋≻⋈∈⊤∋≻⋈∈⊥∋≻⋈∈⊤∋≻⋈∈⊤∋≻⋈∈⊥∋≻⋈∈⊤∋≻⋈∈⊤∋≻⋈∈⊤∋≻⋈∈⊥∋≻⋈∈⊥∋⊙⊡⊣
⊢≻⋈∈⊤∋≻⋈∈⊤∋≻⋈∈⊥∋≻⋈∈⊥∋≻⋈∈⊥∋≻⋈∈⊥∋≻⋈∈⊤∋≻⋈∈⊤∋≻⋈∈⊥∋≻⋈∈⊤∋≻⋈∈⊤∋≻⋈∈⊤∋≻⋈∈⊤∋≻⋈∈⊤∋≻⋈∈⊤∋≻⋈∈⊥∋≻⋈∈⊥∋≻⋈∈⊥∋≻⋈∈⊤∋≻⋈∈⊤∋≻⋈∈⊥∋≻⋈∈⊤∋≻⋈∈⊤∋≻⋈∈⊥∋⊙⊡⊣
⊢≻⋈∈⊤∋≻⋈∈⊥∋≻⋈∈⊤∋≻⋈∈⊥∋≻⋈∈⊥∋≻⋈∈⊤∋≻⋈∈⊤∋≻⋈∈⊤∋≻⋈∈⊥∋≻⋈∈⊥∋⊙⊡⊣
⊢≻⋈∈⊤∋≻⋈∈⊤∋≻⋈∈⊤∋≻⋈∈⊥∋≻⋈∈⊤∋≻⋈∈⊤∋≻⋈∈⊥∋≻⋈∈⊥∋⊙⊡⊣
⊢≻⋈∈⊥∋≻⋈∈⊤∋≻⋈∈⊤∋≻⋈∈⊥∋≻⋈∈⊥∋≻⋈∈⊥∋≻⋈∈⊤∋≻⋈∈⊤∋≻⋈∈⊥∋≻⋈∈⊥∋≻⋈∈⊥∋⊙⊡⊣
⊢≻⋈∈⊥∋≻⋈∈⊥∋≻⋈∈⊥∋≻⋈∈⊤∋≻⋈∈⊤∋≻⋈∈⊥∋≻⋈∈⊤∋≻⋈∈⊤∋≻⋈∈⊤∋≻⋈∈⊥∋≻⋈∈⊥∋⊙⊡⊣
⊢≻⋈∈⊥∋≻⋈∈⊥∋≻⋈∈⊥∋≻⋈∈⊥∋≻⋈∈⊥∋≻⋈∈⊥∋≻⋈∈⊤∋≻⋈∈⊤∋≻⋈∈⊥∋≻⋈∈⊤∋≻⋈∈⊤∋≻⋈∈⊤∋≻⋈∈⊥∋≻⋈∈⊥∋≻⋈∈⊤∋≻⋈∈⊥∋≻⋈∈⊥∋≻⋈∈⊥∋≻⋈∈⊤∋≻⋈∈⊤∋≻⋈∈⊥∋≻⋈∈⊤∋≻⋈∈⊤∋≻⋈∈⊥∋⊙⊡⊣
⊢≻⋈∈⊥∋≻⋈∈⊥∋≻⋈∈⊤∋≻⋈∈⊥∋≻⋈∈⊥∋≻⋈∈⊤∋≻⋈∈⊤∋≻⋈∈⊤∋≻⋈∈⊥∋≻⋈∈⊥∋⊙⊡⊣
⊢≻⋈∈⊤∋≻⋈∈⊥∋≻⋈∈⊤∋≻⋈∈⊥∋≻⋈∈⊥∋≻⋈∈⊥∋≻⋈∈⊤∋≻⋈∈⊤∋≻⋈∈⊥∋≻⋈∈⊥∋⊙⊡⊣
⊢≻⋈∈⊤∋≻⋈∈⊥∋≻⋈∈⊥∋≻⋈∈⊤∋≻⋈∈⊤∋≻⋈∈⊤∋≻⋈∈⊥∋≻⋈∈⊥∋≻⋈∈⊤∋≻⋈∈⊤∋≻⋈∈⊥∋⊙⊡⊣
⊢≻⋈∈⊥∋≻⋈∈⊤∋≻⋈∈⊤∋≻⋈∈⊥∋≻⋈∈⊤∋≻⋈∈⊥∋≻⋈∈⊤∋≻⋈∈⊤∋≻⋈∈⊤∋≻⋈∈⊥∋≻⋈∈⊥∋⊙⊡⊣
⊢≻⋈∈⊤∋≻⋈∈⊥∋≻⋈∈⊤∋≻⋈∈⊤∋≻⋈∈⊤∋≻⋈∈⊤∋≻⋈∈⊥∋≻⋈∈⊤∋≻⋈∈⊥∋≻⋈∈⊤∋≻⋈∈⊤∋≻⋈∈⊤∋≻⋈∈⊤∋≻⋈∈⊥∋≻⋈∈⊥∋≻⋈∈⊥∋≻⋈∈⊥∋≻⋈∈⊥∋≻⋈∈⊤∋≻⋈∈⊤∋≻⋈∈⊥∋≻⋈∈⊤∋≻⋈∈⊤∋≻⋈∈⊥∋⊙⊡⊣
⊢≻⋈∈⊤∋≻⋈∈⊤∋≻⋈∈⊥∋≻⋈∈⊥∋≻⋈∈⊥∋≻⋈∈⊤∋≻⋈∈⊤∋≻⋈∈⊤∋≻⋈∈⊥∋≻⋈∈⊥∋⊙⊡⊣
⊢≻⋈∈⊤∋≻⋈∈⊥∋≻⋈∈⊤∋≻⋈∈⊥∋≻⋈∈⊥∋≻⋈∈⊥∋≻⋈∈⊤∋≻⋈∈⊤∋≻⋈∈⊥∋≻⋈∈⊥∋⊙⊡⊣
⊢≻⋈∈⊥∋≻⋈∈⊥∋≻⋈∈⊥∋≻⋈∈⊤∋≻⋈∈⊤∋≻⋈∈⊤∋≻⋈∈⊥∋≻⋈∈⊥∋≻⋈∈⊤∋≻⋈∈⊤∋≻⋈∈⊥∋⊙⊡⊣
⊢≻⋈∈⊥∋≻⋈∈⊥∋≻⋈∈⊤∋≻⋈∈⊥∋≻⋈∈⊤∋≻⋈∈⊥∋≻⋈∈⊤∋≻⋈∈⊤∋≻⋈∈⊤∋≻⋈∈⊥∋≻⋈∈⊥∋⊙⊡⊣
⊢≻⋈∈⊥∋≻⋈∈⊤∋≻⋈∈⊥∋≻⋈∈⊤∋≻⋈∈⊤∋≻⋈∈⊤∋≻⋈∈⊥∋≻⋈∈⊤∋≻⋈∈⊥∋≻⋈∈⊤∋≻⋈∈⊤∋≻⋈∈⊤∋≻⋈∈⊥∋≻⋈∈⊤∋≻⋈∈⊤∋≻⋈∈⊤∋≻⋈∈⊤∋≻⋈∈⊤∋≻⋈∈⊥∋≻⋈∈⊤∋≻⋈∈⊥∋≻⋈∈⊤∋≻⋈∈⊤∋≻⋈∈⊥∋⊙⊡⊣
⊢≻⋈∈⊥∋≻⋈∈⊤∋≻⋈∈⊥∋≻⋈∈⊥∋≻⋈∈⊥∋≻⋈∈⊤∋≻⋈∈⊤∋≻⋈∈⊤∋≻⋈∈⊥∋≻⋈∈⊥∋⊙⊡⊣
⊢≻⋈∈⊥∋≻⋈∈⊤∋≻⋈∈⊤∋≻⋈∈⊥∋≻⋈∈⊤∋≻⋈∈⊤∋≻⋈∈⊥∋≻⋈∈⊥∋⊙⊡⊣
⊢≻⋈∈⊥∋≻⋈∈⊥∋≻⋈∈⊥∋≻⋈∈⊤∋≻⋈∈⊥∋≻⋈∈⊥∋≻⋈∈⊤∋≻⋈∈⊤∋≻⋈∈⊥∋≻⋈∈⊥∋≻⋈∈⊥∋⊙⊡⊣
⊢≻⋈∈⊥∋≻⋈∈⊤∋≻⋈∈⊥∋≻⋈∈⊥∋≻⋈∈⊤∋≻⋈∈⊥∋≻⋈∈⊤∋≻⋈∈⊤∋≻⋈∈⊤∋≻⋈∈⊥∋≻⋈∈⊥∋⊙⊡⊣
⊢≻⋈∈⊤∋≻⋈∈⊤∋≻⋈∈⊤∋≻⋈∈⊥∋≻⋈∈⊤∋≻⋈∈⊤∋≻⋈∈⊥∋≻⋈∈⊤∋≻⋈∈⊥∋≻⋈∈⊤∋≻⋈∈⊤∋≻⋈∈⊤∋≻⋈∈⊤∋≻⋈∈⊤∋≻⋈∈⊥∋≻⋈∈⊤∋≻⋈∈⊤∋≻⋈∈⊤∋≻⋈∈⊥∋≻⋈∈⊤∋≻⋈∈⊥∋≻⋈∈⊤∋≻⋈∈⊤∋≻⋈∈⊥∋⊙⊡⊣
⊢≻⋈∈⊤∋≻⋈∈⊥∋≻⋈∈⊥∋≻⋈∈⊥∋≻⋈∈⊥∋≻⋈∈⊤∋≻⋈∈⊤∋≻⋈∈⊤∋≻⋈∈⊥∋≻⋈∈⊥∋⊙⊡⊣
⊢≻⋈∈⊥∋≻⋈∈⊤∋≻⋈∈⊤∋≻⋈∈⊥∋≻⋈∈⊤∋≻⋈∈⊤∋≻⋈∈⊥∋≻⋈∈⊥∋⊙⊡⊣
⊢≻⋈∈⊤∋≻⋈∈⊤∋≻⋈∈⊤∋≻⋈∈⊥∋≻⋈∈⊥∋≻⋈∈⊥∋≻⋈∈⊤∋≻⋈∈⊤∋≻⋈∈⊥∋≻⋈∈⊥∋≻⋈∈⊥∋⊙⊡⊣
⊢≻⋈∈⊥∋≻⋈∈⊥∋≻⋈∈⊥∋≻⋈∈⊥∋≻⋈∈⊤∋≻⋈∈⊥∋≻⋈∈⊤∋≻⋈∈⊤∋≻⋈∈⊤∋≻⋈∈⊥∋≻⋈∈⊥∋⊙⊡⊣
⊢≻⋈∈⊥∋≻⋈∈⊥∋≻⋈∈⊤∋≻⋈∈⊥∋≻⋈∈⊤∋≻⋈∈⊤∋≻⋈∈⊥∋≻⋈∈⊤∋≻⋈∈⊥∋≻⋈∈⊤∋≻⋈∈⊤∋≻⋈∈⊤∋≻⋈∈⊥∋≻⋈∈⊥∋≻⋈∈⊥∋≻⋈∈⊤∋≻⋈∈⊤∋≻⋈∈⊤∋≻⋈∈⊥∋≻⋈∈⊤∋≻⋈∈⊥∋≻⋈∈⊤∋≻⋈∈⊤∋≻⋈∈⊥∋⊙⊡⊣
⊢≻⋈∈⊥∋≻⋈∈⊥∋≻⋈∈⊥∋≻⋈∈⊥∋≻⋈∈⊥∋≻⋈∈⊤∋≻⋈∈⊤∋≻⋈∈⊤∋≻⋈∈⊥∋≻⋈∈⊥∋⊙⊡⊣
⊢≻⋈∈⊥∋≻⋈∈⊤∋≻⋈∈⊤∋≻⋈∈⊥∋≻⋈∈⊥∋≻⋈∈⊥∋≻⋈∈⊤∋≻⋈∈⊤∋≻⋈∈⊥∋≻⋈∈⊥∋⊙⊡⊣
⊢≻⋈∈⊥∋≻⋈∈⊥∋≻⋈∈⊥∋≻⋈∈⊤∋≻⋈∈⊤∋≻⋈∈⊤∋≻⋈∈⊥∋≻⋈∈⊥∋≻⋈∈⊤∋≻⋈∈⊤∋≻⋈∈⊥∋⊙⊡⊣
⊢≻⋈∈⊥∋≻⋈∈⊤∋≻⋈∈⊤∋≻⋈∈⊤∋≻⋈∈⊥∋≻⋈∈⊥∋≻⋈∈⊤∋≻⋈∈⊤∋≻⋈∈⊤∋≻⋈∈⊥∋≻⋈∈⊥∋⊙⊡⊣
⊢≻⋈∈⊤∋≻⋈∈⊥∋≻⋈∈⊥∋≻⋈∈⊥∋≻⋈∈⊤∋≻⋈∈⊤∋≻⋈∈⊥∋≻⋈∈⊤∋≻⋈∈⊥∋≻⋈∈⊤∋≻⋈∈⊤∋≻⋈∈⊤∋≻⋈∈⊤∋≻⋈∈⊥∋≻⋈∈⊤∋≻⋈∈⊥∋≻⋈∈⊤∋≻⋈∈⊤∋≻⋈∈⊥∋≻⋈∈⊤∋≻⋈∈⊥∋≻⋈∈⊤∋≻⋈∈⊤∋≻⋈∈⊥∋⊙⊡⊣
⊢≻⋈∈⊤∋≻⋈∈⊤∋≻⋈∈⊤∋≻⋈∈⊤∋≻⋈∈⊤∋≻⋈∈⊥∋≻⋈∈⊤∋≻⋈∈⊤∋≻⋈∈⊥∋≻⋈∈⊥∋⊙⊡⊣
⊢≻⋈∈⊥∋≻⋈∈⊤∋≻⋈∈⊤∋≻⋈∈⊥∋≻⋈∈⊥∋≻⋈∈⊥∋≻⋈∈⊤∋≻⋈∈⊤∋≻⋈∈⊥∋≻⋈∈⊥∋⊙⊡⊣
⊢≻⋈∈⊤∋≻⋈∈⊤∋≻⋈∈⊤∋≻⋈∈⊥∋≻⋈∈⊤∋≻⋈∈⊤∋≻⋈∈⊥∋≻⋈∈⊥∋≻⋈∈⊤∋≻⋈∈⊤∋≻⋈∈⊥∋⊙⊡⊣
⊢≻⋈∈⊥∋≻⋈∈⊥∋≻⋈∈⊤∋≻⋈∈⊤∋≻⋈∈⊥∋≻⋈∈⊥∋≻⋈∈⊤∋≻⋈∈⊤∋≻⋈∈⊤∋≻⋈∈⊥∋≻⋈∈⊥∋⊙⊡⊣
⊢≻⋈∈⊥∋≻⋈∈⊤∋≻⋈∈⊤∋≻⋈∈⊤∋≻⋈∈⊥∋≻⋈∈⊤∋≻⋈∈⊥∋≻⋈∈⊤∋≻⋈∈⊥∋≻⋈∈⊤∋≻⋈∈⊤∋≻⋈∈⊤∋≻⋈∈⊥∋≻⋈∈⊤∋≻⋈∈⊥∋≻⋈∈⊥∋≻⋈∈⊤∋≻⋈∈⊤∋≻⋈∈⊥∋≻⋈∈⊤∋≻⋈∈⊥∋≻⋈∈⊤∋≻⋈∈⊤∋≻⋈∈⊥∋⊙⊡⊣
⊢≻⋈∈⊥∋≻⋈∈⊤∋≻⋈∈⊤∋≻⋈∈⊤∋≻⋈∈⊤∋≻⋈∈⊥∋≻⋈∈⊤∋≻⋈∈⊤∋≻⋈∈⊥∋≻⋈∈⊥∋⊙⊡⊣
⊢≻⋈∈⊤∋≻⋈∈⊥∋≻⋈∈⊤∋≻⋈∈⊥∋≻⋈∈⊤∋≻⋈∈⊤∋≻⋈∈⊥∋≻⋈∈⊥∋⊙⊡⊣
⊢≻⋈∈⊤∋≻⋈∈⊥∋≻⋈∈⊥∋≻⋈∈⊤∋≻⋈∈⊥∋≻⋈∈⊥∋≻⋈∈⊤∋≻⋈∈⊤∋≻⋈∈⊥∋≻⋈∈⊥∋≻⋈∈⊥∋⊙⊡⊣
⊢≻⋈∈⊥∋≻⋈∈⊤∋≻⋈∈⊥∋≻⋈∈⊤∋≻⋈∈⊥∋≻⋈∈⊥∋≻⋈∈⊤∋≻⋈∈⊤∋≻⋈∈⊤∋≻⋈∈⊥∋≻⋈∈⊥∋⊙⊡⊣
⊢≻⋈∈⊤∋≻⋈∈⊤∋≻⋈∈⊥∋≻⋈∈⊤∋≻⋈∈⊥∋≻⋈∈⊤∋≻⋈∈⊥∋≻⋈∈⊤∋≻⋈∈⊥∋≻⋈∈⊤∋≻⋈∈⊤∋≻⋈∈⊤∋≻⋈∈⊤∋≻⋈∈⊤∋≻⋈∈⊤∋≻⋈∈⊤∋≻⋈∈⊥∋≻⋈∈⊤∋≻⋈∈⊥∋≻⋈∈⊤∋≻⋈∈⊥∋≻⋈∈⊤∋≻⋈∈⊤∋≻⋈∈⊥∋⊙⊡⊣
⊢≻⋈∈⊤∋≻⋈∈⊥∋≻⋈∈⊤∋≻⋈∈⊤∋≻⋈∈⊤∋≻⋈∈⊥∋≻⋈∈⊤∋≻⋈∈⊤∋≻⋈∈⊥∋≻⋈∈⊥∋⊙⊡⊣
⊢≻⋈∈⊤∋≻⋈∈⊥∋≻⋈∈⊤∋≻⋈∈⊥∋≻⋈∈⊤∋≻⋈∈⊤∋≻⋈∈⊥∋≻⋈∈⊥∋⊙⊡⊣
⊢≻⋈∈⊥∋≻⋈∈⊥∋≻⋈∈⊥∋≻⋈∈⊤∋≻⋈∈⊥∋≻⋈∈⊥∋≻⋈∈⊤∋≻⋈∈⊤∋≻⋈∈⊥∋≻⋈∈⊥∋≻⋈∈⊥∋⊙⊡⊣
⊢≻⋈∈⊥∋≻⋈∈⊥∋≻⋈∈⊥∋≻⋈∈⊤∋≻⋈∈⊥∋≻⋈∈⊥∋≻⋈∈⊤∋≻⋈∈⊤∋≻⋈∈⊤∋≻⋈∈⊥∋≻⋈∈⊥∋⊙⊡⊣
⊢≻⋈∈⊥∋≻⋈∈⊥∋≻⋈∈⊥∋≻⋈∈⊤∋≻⋈∈⊥∋≻⋈∈⊤∋≻⋈∈⊥∋≻⋈∈⊤∋≻⋈∈⊥∋≻⋈∈⊤∋≻⋈∈⊤∋≻⋈∈⊤∋≻⋈∈⊥∋≻⋈∈⊥∋≻⋈∈⊤∋≻⋈∈⊤∋≻⋈∈⊥∋≻⋈∈⊤∋≻⋈∈⊥∋≻⋈∈⊤∋≻⋈∈⊥∋≻⋈∈⊤∋≻⋈∈⊤∋≻⋈∈⊥∋⊙⊡⊣
⊢≻⋈∈⊥∋≻⋈∈⊥∋≻⋈∈⊤∋≻⋈∈⊤∋≻⋈∈⊤∋≻⋈∈⊥∋≻⋈∈⊤∋≻⋈∈⊤∋≻⋈∈⊥∋≻⋈∈⊥∋⊙⊡⊣
⊢≻⋈∈⊤∋≻⋈∈⊤∋≻⋈∈⊤∋≻⋈∈⊥∋≻⋈∈⊥∋≻⋈∈⊥∋≻⋈∈⊤∋≻⋈∈⊤∋≻⋈∈⊥∋≻⋈∈⊥∋⊙⊡⊣
⊢≻⋈∈⊤∋≻⋈∈⊤∋≻⋈∈⊤∋≻⋈∈⊥∋≻⋈∈⊤∋≻⋈∈⊤∋≻⋈∈⊥∋≻⋈∈⊥∋≻⋈∈⊤∋≻⋈∈⊤∋≻⋈∈⊥∋⊙⊡⊣
⊢≻⋈∈⊥∋≻⋈∈⊤∋≻⋈∈⊤∋≻⋈∈⊥∋≻⋈∈⊥∋≻⋈∈⊥∋≻⋈∈⊤∋≻⋈∈⊤∋≻⋈∈⊤∋≻⋈∈⊥∋≻⋈∈⊥∋⊙⊡⊣
⊢≻⋈∈⊤∋≻⋈∈⊥∋≻⋈∈⊤∋≻⋈∈⊥∋≻⋈∈⊥∋≻⋈∈⊤∋≻⋈∈⊥∋≻⋈∈⊤∋≻⋈∈⊥∋≻⋈∈⊤∋≻⋈∈⊤∋≻⋈∈⊤∋≻⋈∈⊤∋≻⋈∈⊥∋≻⋈∈⊥∋≻⋈∈⊤∋≻⋈∈⊥∋≻⋈∈⊤∋≻⋈∈⊥∋≻⋈∈⊤∋≻⋈∈⊥∋≻⋈∈⊤∋≻⋈∈⊤∋≻⋈∈⊥∋⊙⊡⊣
⊢≻⋈∈⊤∋≻⋈∈⊤∋≻⋈∈⊥∋≻⋈∈⊤∋≻⋈∈⊤∋≻⋈∈⊥∋≻⋈∈⊤∋≻⋈∈⊤∋≻⋈∈⊥∋≻⋈∈⊥∋⊙⊡⊣
⊢≻⋈∈⊤∋≻⋈∈⊤∋≻⋈∈⊤∋≻⋈∈⊥∋≻⋈∈⊥∋≻⋈∈⊥∋≻⋈∈⊤∋≻⋈∈⊤∋≻⋈∈⊥∋≻⋈∈⊥∋⊙⊡⊣
⊢≻⋈∈⊥∋≻⋈∈⊤∋≻⋈∈⊤∋≻⋈∈⊥∋≻⋈∈⊤∋≻⋈∈⊤∋≻⋈∈⊥∋≻⋈∈⊥∋≻⋈∈⊤∋≻⋈∈⊤∋≻⋈∈⊥∋⊙⊡⊣
⊢≻⋈∈⊥∋≻⋈∈⊥∋≻⋈∈⊤∋≻⋈∈⊥∋≻⋈∈⊥∋≻⋈∈⊥∋≻⋈∈⊤∋≻⋈∈⊤∋≻⋈∈⊤∋≻⋈∈⊥∋≻⋈∈⊥∋⊙⊡⊣
⊢≻⋈∈⊥∋≻⋈∈⊤∋≻⋈∈⊥∋≻⋈∈⊥∋≻⋈∈⊥∋≻⋈∈⊤∋≻⋈∈⊥∋≻⋈∈⊤∋≻⋈∈⊥∋≻⋈∈⊤∋≻⋈∈⊤∋≻⋈∈⊤∋≻⋈∈⊥∋≻⋈∈⊤∋≻⋈∈⊤∋≻⋈∈⊥∋≻⋈∈⊥∋≻⋈∈⊤∋≻⋈∈⊥∋≻⋈∈⊤∋≻⋈∈⊥∋≻⋈∈⊤∋≻⋈∈⊤∋≻⋈∈⊥∋⊙⊡⊣
⊢≻⋈∈⊥∋≻⋈∈⊤∋≻⋈∈⊥∋≻⋈∈⊤∋≻⋈∈⊤∋≻⋈∈⊥∋≻⋈∈⊤∋≻⋈∈⊤∋≻⋈∈⊥∋≻⋈∈⊥∋⊙⊡⊣
⊢≻⋈∈⊥∋≻⋈∈⊥∋≻⋈∈⊤∋≻⋈∈⊥∋≻⋈∈⊤∋≻⋈∈⊤∋≻⋈∈⊥∋≻⋈∈⊥∋⊙⊡⊣
⊢≻⋈∈⊥∋≻⋈∈⊤∋≻⋈∈⊥∋≻⋈∈⊤∋≻⋈∈⊥∋≻⋈∈⊥∋≻⋈∈⊤∋≻⋈∈⊤∋≻⋈∈⊥∋≻⋈∈⊥∋≻⋈∈⊥∋⊙⊡⊣
⊢≻⋈∈⊥∋≻⋈∈⊤∋≻⋈∈⊥∋≻⋈∈⊥∋≻⋈∈⊥∋≻⋈∈⊥∋≻⋈∈⊤∋≻⋈∈⊤∋≻⋈∈⊤∋≻⋈∈⊥∋≻⋈∈⊥∋⊙⊡⊣
⊢≻⋈∈⊤∋≻⋈∈⊤∋≻⋈∈⊤∋≻⋈∈⊤∋≻⋈∈⊤∋≻⋈∈⊥∋≻⋈∈⊥∋≻⋈∈⊤∋≻⋈∈⊥∋≻⋈∈⊤∋≻⋈∈⊤∋≻⋈∈⊤∋≻⋈∈⊤∋≻⋈∈⊤∋≻⋈∈⊥∋≻⋈∈⊥∋≻⋈∈⊥∋≻⋈∈⊤∋≻⋈∈⊥∋≻⋈∈⊤∋≻⋈∈⊥∋≻⋈∈⊤∋≻⋈∈⊤∋≻⋈∈⊥∋⊙⊡⊣
⊢≻⋈∈⊤∋≻⋈∈⊥∋≻⋈∈⊥∋≻⋈∈⊤∋≻⋈∈⊤∋≻⋈∈⊥∋≻⋈∈⊤∋≻⋈∈⊤∋≻⋈∈⊥∋≻⋈∈⊥∋⊙⊡⊣
⊢≻⋈∈⊥∋≻⋈∈⊥∋≻⋈∈⊤∋≻⋈∈⊥∋≻⋈∈⊤∋≻⋈∈⊤∋≻⋈∈⊥∋≻⋈∈⊥∋⊙⊡⊣
⊢≻⋈∈⊤∋≻⋈∈⊥∋≻⋈∈⊥∋≻⋈∈⊤∋≻⋈∈⊥∋≻⋈∈⊥∋≻⋈∈⊤∋≻⋈∈⊤∋≻⋈∈⊥∋≻⋈∈⊥∋≻⋈∈⊥∋⊙⊡⊣
⊢≻⋈∈⊥∋≻⋈∈⊥∋≻⋈∈⊥∋≻⋈∈⊥∋≻⋈∈⊥∋≻⋈∈⊥∋≻⋈∈⊤∋≻⋈∈⊤∋≻⋈∈⊤∋≻⋈∈⊥∋≻⋈∈⊥∋⊙⊡⊣
⊢≻⋈∈⊥∋≻⋈∈⊥∋≻⋈∈⊤∋≻⋈∈⊤∋≻⋈∈⊤∋≻⋈∈⊥∋≻⋈∈⊥∋≻⋈∈⊤∋≻⋈∈⊥∋≻⋈∈⊤∋≻⋈∈⊤∋≻⋈∈⊤∋≻⋈∈⊥∋≻⋈∈⊥∋≻⋈∈⊥∋≻⋈∈⊥∋≻⋈∈⊥∋≻⋈∈⊤∋≻⋈∈⊥∋≻⋈∈⊤∋≻⋈∈⊥∋≻⋈∈⊤∋≻⋈∈⊤∋≻⋈∈⊥∋⊙⊡⊣
⊢≻⋈∈⊥∋≻⋈∈⊥∋≻⋈∈⊥∋≻⋈∈⊤∋≻⋈∈⊤∋≻⋈∈⊥∋≻⋈∈⊤∋≻⋈∈⊤∋≻⋈∈⊥∋≻⋈∈⊥∋⊙⊡⊣
⊢≻⋈∈⊥∋≻⋈∈⊥∋≻⋈∈⊥∋≻⋈∈⊤∋≻⋈∈⊥∋≻⋈∈⊥∋≻⋈∈⊤∋≻⋈∈⊤∋≻⋈∈⊥∋≻⋈∈⊥∋⊙⊡⊣
⊢≻⋈∈⊥∋≻⋈∈⊤∋≻⋈∈⊤∋≻⋈∈⊥∋≻⋈∈⊤∋≻⋈∈⊤∋≻⋈∈⊥∋≻⋈∈⊥∋≻⋈∈⊤∋≻⋈∈⊤∋≻⋈∈⊥∋⊙⊡⊣
⊢≻⋈∈⊥∋≻⋈∈⊤∋≻⋈∈⊤∋≻⋈∈⊤∋≻⋈∈⊤∋≻⋈∈⊤∋≻⋈∈⊥∋≻⋈∈⊤∋≻⋈∈⊤∋≻⋈∈⊥∋≻⋈∈⊥∋⊙⊡⊣
⊢≻⋈∈⊤∋≻⋈∈⊥∋≻⋈∈⊥∋≻⋈∈⊤∋≻⋈∈⊤∋≻⋈∈⊥∋≻⋈∈⊥∋≻⋈∈⊤∋≻⋈∈⊥∋≻⋈∈⊤∋≻⋈∈⊤∋≻⋈∈⊤∋≻⋈∈⊤∋≻⋈∈⊥∋≻⋈∈⊤∋≻⋈∈⊤∋≻⋈∈⊤∋≻⋈∈⊥∋≻⋈∈⊥∋≻⋈∈⊤∋≻⋈∈⊥∋≻⋈∈⊤∋≻⋈∈⊤∋≻⋈∈⊥∋⊙⊡⊣
⊢≻⋈∈⊤∋≻⋈∈⊤∋≻⋈∈⊤∋≻⋈∈⊥∋≻⋈∈⊤∋≻⋈∈⊥∋≻⋈∈⊤∋≻⋈∈⊤∋≻⋈∈⊥∋≻⋈∈⊥∋⊙⊡⊣
⊢≻⋈∈⊥∋≻⋈∈⊥∋≻⋈∈⊥∋≻⋈∈⊤∋≻⋈∈⊥∋≻⋈∈⊥∋≻⋈∈⊤∋≻⋈∈⊤∋≻⋈∈⊥∋≻⋈∈⊥∋⊙⊡⊣
⊢≻⋈∈⊤∋≻⋈∈⊥∋≻⋈∈⊤∋≻⋈∈⊥∋≻⋈∈⊤∋≻⋈∈⊤∋≻⋈∈⊥∋≻⋈∈⊥∋≻⋈∈⊤∋≻⋈∈⊤∋≻⋈∈⊥∋⊙⊡⊣
⊢≻⋈∈⊥∋≻⋈∈⊥∋≻⋈∈⊤∋≻⋈∈⊤∋≻⋈∈⊤∋≻⋈∈⊤∋≻⋈∈⊥∋≻⋈∈⊤∋≻⋈∈⊤∋≻⋈∈⊥∋≻⋈∈⊥∋⊙⊡⊣
⊢≻⋈∈⊥∋≻⋈∈⊤∋≻⋈∈⊤∋≻⋈∈⊥∋≻⋈∈⊤∋≻⋈∈⊥∋≻⋈∈⊥∋≻⋈∈⊤∋≻⋈∈⊥∋≻⋈∈⊤∋≻⋈∈⊤∋≻⋈∈⊤∋≻⋈∈⊥∋≻⋈∈⊤∋≻⋈∈⊥∋≻⋈∈⊤∋≻⋈∈⊤∋≻⋈∈⊥∋≻⋈∈⊥∋≻⋈∈⊤∋≻⋈∈⊥∋≻⋈∈⊤∋≻⋈∈⊤∋≻⋈∈⊥∋⊙⊡⊣
⊢≻⋈∈⊥∋≻⋈∈⊤∋≻⋈∈⊤∋≻⋈∈⊥∋≻⋈∈⊤∋≻⋈∈⊥∋≻⋈∈⊤∋≻⋈∈⊤∋≻⋈∈⊥∋≻⋈∈⊥∋⊙⊡⊣
⊢≻⋈∈⊤∋≻⋈∈⊤∋≻⋈∈⊥∋≻⋈∈⊥∋≻⋈∈⊤∋≻⋈∈⊤∋≻⋈∈⊥∋≻⋈∈⊥∋⊙⊡⊣
⊢≻⋈∈⊤∋≻⋈∈⊤∋≻⋈∈⊥∋≻⋈∈⊤∋≻⋈∈⊥∋≻⋈∈⊥∋≻⋈∈⊤∋≻⋈∈⊤∋≻⋈∈⊥∋≻⋈∈⊥∋≻⋈∈⊥∋⊙⊡⊣
⊢≻⋈∈⊥∋≻⋈∈⊤∋≻⋈∈⊥∋≻⋈∈⊤∋≻⋈∈⊤∋≻⋈∈⊤∋≻⋈∈⊥∋≻⋈∈⊤∋≻⋈∈⊤∋≻⋈∈⊥∋≻⋈∈⊥∋⊙⊡⊣
⊢≻⋈∈⊤∋≻⋈∈⊤∋≻⋈∈⊥∋≻⋈∈⊥∋≻⋈∈⊤∋≻⋈∈⊥∋≻⋈∈⊥∋≻⋈∈⊤∋≻⋈∈⊥∋≻⋈∈⊤∋≻⋈∈⊤∋≻⋈∈⊤∋≻⋈∈⊤∋≻⋈∈⊤∋≻⋈∈⊤∋≻⋈∈⊥∋≻⋈∈⊤∋≻⋈∈⊥∋≻⋈∈⊥∋≻⋈∈⊤∋≻⋈∈⊥∋≻⋈∈⊤∋≻⋈∈⊤∋≻⋈∈⊥∋⊙⊡⊣
⊢≻⋈∈⊤∋≻⋈∈⊥∋≻⋈∈⊤∋≻⋈∈⊥∋≻⋈∈⊤∋≻⋈∈⊥∋≻⋈∈⊤∋≻⋈∈⊤∋≻⋈∈⊥∋≻⋈∈⊥∋⊙⊡⊣
⊢≻⋈∈⊤∋≻⋈∈⊤∋≻⋈∈⊥∋≻⋈∈⊥∋≻⋈∈⊤∋≻⋈∈⊤∋≻⋈∈⊥∋≻⋈∈⊥∋⊙⊡⊣
⊢≻⋈∈⊥∋≻⋈∈⊤∋≻⋈∈⊥∋≻⋈∈⊤∋≻⋈∈⊥∋≻⋈∈⊥∋≻⋈∈⊤∋≻⋈∈⊤∋≻⋈∈⊥∋≻⋈∈⊥∋≻⋈∈⊥∋⊙⊡⊣
⊢≻⋈∈⊥∋≻⋈∈⊥∋≻⋈∈⊥∋≻⋈∈⊤∋≻⋈∈⊤∋≻⋈∈⊤∋≻⋈∈⊥∋≻⋈∈⊤∋≻⋈∈⊤∋≻⋈∈⊥∋≻⋈∈⊥∋⊙⊡⊣
⊢≻⋈∈⊥∋≻⋈∈⊥∋≻⋈∈⊥∋≻⋈∈⊥∋≻⋈∈⊤∋≻⋈∈⊥∋≻⋈∈⊥∋≻⋈∈⊤∋≻⋈∈⊥∋≻⋈∈⊤∋≻⋈∈⊤∋≻⋈∈⊤∋≻⋈∈⊥∋≻⋈∈⊥∋≻⋈∈⊤∋≻⋈∈⊥∋≻⋈∈⊤∋≻⋈∈⊥∋≻⋈∈⊥∋≻⋈∈⊤∋≻⋈∈⊥∋≻⋈∈⊤∋≻⋈∈⊤∋≻⋈∈⊥∋⊙⊡⊣
⊢≻⋈∈⊥∋≻⋈∈⊥∋≻⋈∈⊤∋≻⋈∈⊥∋≻⋈∈⊤∋≻⋈∈⊥∋≻⋈∈⊤∋≻⋈∈⊤∋≻⋈∈⊥∋≻⋈∈⊥∋⊙⊡⊣
⊢≻⋈∈⊤∋≻⋈∈⊥∋≻⋈∈⊥∋≻⋈∈⊤∋≻⋈∈⊥∋≻⋈∈⊥∋≻⋈∈⊤∋≻⋈∈⊤∋≻⋈∈⊥∋≻⋈∈⊥∋⊙⊡⊣
⊢≻⋈∈⊤∋≻⋈∈⊥∋≻⋈∈⊤∋≻⋈∈⊥∋≻⋈∈⊤∋≻⋈∈⊤∋≻⋈∈⊥∋≻⋈∈⊥∋≻⋈∈⊤∋≻⋈∈⊤∋≻⋈∈⊥∋⊙⊡⊣
⊢≻⋈∈⊥∋≻⋈∈⊤∋≻⋈∈⊤∋≻⋈∈⊥∋≻⋈∈⊤∋≻⋈∈⊤∋≻⋈∈⊥∋≻⋈∈⊤∋≻⋈∈⊤∋≻⋈∈⊥∋≻⋈∈⊥∋⊙⊡⊣
⊢≻⋈∈⊤∋≻⋈∈⊥∋≻⋈∈⊤∋≻⋈∈⊤∋≻⋈∈⊥∋≻⋈∈⊥∋≻⋈∈⊥∋≻⋈∈⊤∋≻⋈∈⊥∋≻⋈∈⊤∋≻⋈∈⊤∋≻⋈∈⊤∋≻⋈∈⊤∋≻⋈∈⊥∋≻⋈∈⊥∋≻⋈∈⊥∋≻⋈∈⊤∋≻⋈∈⊥∋≻⋈∈⊥∋≻⋈∈⊤∋≻⋈∈⊥∋≻⋈∈⊤∋≻⋈∈⊤∋≻⋈∈⊥∋⊙⊡⊣
⊢≻⋈∈⊤∋≻⋈∈⊤∋≻⋈∈⊥∋≻⋈∈⊥∋≻⋈∈⊤∋≻⋈∈⊥∋≻⋈∈⊤∋≻⋈∈⊤∋≻⋈∈⊥∋≻⋈∈⊥∋⊙⊡⊣
⊢≻⋈∈⊤∋≻⋈∈⊥∋≻⋈∈⊥∋≻⋈∈⊤∋≻⋈∈⊥∋≻⋈∈⊥∋≻⋈∈⊤∋≻⋈∈⊤∋≻⋈∈⊥∋≻⋈∈⊥∋⊙⊡⊣
⊢≻⋈∈⊥∋≻⋈∈⊥∋≻⋈∈⊤∋≻⋈∈⊥∋≻⋈∈⊤∋≻⋈∈⊤∋≻⋈∈⊥∋≻⋈∈⊥∋≻⋈∈⊤∋≻⋈∈⊤∋≻⋈∈⊥∋⊙⊡⊣
⊢≻⋈∈⊥∋≻⋈∈⊥∋≻⋈∈⊤∋≻⋈∈⊥∋≻⋈∈⊤∋≻⋈∈⊤∋≻⋈∈⊥∋≻⋈∈⊤∋≻⋈∈⊤∋≻⋈∈⊥∋≻⋈∈⊥∋⊙⊡⊣
⊢≻⋈∈⊥∋≻⋈∈⊤∋≻⋈∈⊥∋≻⋈∈⊤∋≻⋈∈⊥∋≻⋈∈⊥∋≻⋈∈⊥∋≻⋈∈⊤∋≻⋈∈⊥∋≻⋈∈⊤∋≻⋈∈⊤∋≻⋈∈⊤∋≻⋈∈⊥∋≻⋈∈⊤∋≻⋈∈⊤∋≻⋈∈⊤∋≻⋈∈⊥∋≻⋈∈⊥∋≻⋈∈⊥∋≻⋈∈⊤∋≻⋈∈⊥∋≻⋈∈⊤∋≻⋈∈⊤∋≻⋈∈⊥∋⊙⊡⊣
⊢≻⋈∈⊥∋≻⋈∈⊤∋≻⋈∈⊥∋≻⋈∈⊥∋≻⋈∈⊤∋≻⋈∈⊥∋≻⋈∈⊤∋≻⋈∈⊤∋≻⋈∈⊥∋≻⋈∈⊥∋⊙⊡⊣
⊢≻⋈∈⊥∋≻⋈∈⊤∋≻⋈∈⊥∋≻⋈∈⊥∋≻⋈∈⊤∋≻⋈∈⊤∋≻⋈∈⊥∋≻⋈∈⊥∋⊙⊡⊣
⊢≻⋈∈⊥∋≻⋈∈⊥∋≻⋈∈⊤∋≻⋈∈⊤∋≻⋈∈⊥∋≻⋈∈⊥∋≻⋈∈⊤∋≻⋈∈⊤∋≻⋈∈⊥∋≻⋈∈⊥∋≻⋈∈⊥∋⊙⊡⊣
⊢≻⋈∈⊥∋≻⋈∈⊤∋≻⋈∈⊥∋≻⋈∈⊥∋≻⋈∈⊤∋≻⋈∈⊤∋≻⋈∈⊥∋≻⋈∈⊤∋≻⋈∈⊤∋≻⋈∈⊥∋≻⋈∈⊥∋⊙⊡⊣
⊢≻⋈∈⊤∋≻⋈∈⊤∋≻⋈∈⊤∋≻⋈∈⊥∋≻⋈∈⊥∋≻⋈∈⊥∋≻⋈∈⊥∋≻⋈∈⊤∋≻⋈∈⊥∋≻⋈∈⊤∋≻⋈∈⊤∋≻⋈∈⊤∋≻⋈∈⊤∋≻⋈∈⊤∋≻⋈∈⊥∋≻⋈∈⊤∋≻⋈∈⊥∋≻⋈∈⊥∋≻⋈∈⊥∋≻⋈∈⊤∋≻⋈∈⊥∋≻⋈∈⊤∋≻⋈∈⊤∋≻⋈∈⊥∋⊙⊡⊣
⊢≻⋈∈⊤∋≻⋈∈⊥∋≻⋈∈⊥∋≻⋈∈⊥∋≻⋈∈⊤∋≻⋈∈⊥∋≻⋈∈⊤∋≻⋈∈⊤∋≻⋈∈⊥∋≻⋈∈⊥∋⊙⊡⊣
⊢≻⋈∈⊥∋≻⋈∈⊤∋≻⋈∈⊥∋≻⋈∈⊥∋≻⋈∈⊤∋≻⋈∈⊤∋≻⋈∈⊥∋≻⋈∈⊥∋⊙⊡⊣
⊢≻⋈∈⊤∋≻⋈∈⊤∋≻⋈∈⊥∋≻⋈∈⊤∋≻⋈∈⊥∋≻⋈∈⊥∋≻⋈∈⊤∋≻⋈∈⊤∋≻⋈∈⊥∋≻⋈∈⊥∋≻⋈∈⊥∋⊙⊡⊣
⊢≻⋈∈⊥∋≻⋈∈⊥∋≻⋈∈⊥∋≻⋈∈⊥∋≻⋈∈⊤∋≻⋈∈⊤∋≻⋈∈⊥∋≻⋈∈⊤∋≻⋈∈⊤∋≻⋈∈⊥∋≻⋈∈⊥∋⊙⊡⊣
⊢≻⋈∈⊥∋≻⋈∈⊥∋≻⋈∈⊤∋≻⋈∈⊥∋≻⋈∈⊥∋≻⋈∈⊥∋≻⋈∈⊥∋≻⋈∈⊤∋≻⋈∈⊥∋≻⋈∈⊤∋≻⋈∈⊤∋≻⋈∈⊤∋≻⋈∈⊥∋≻⋈∈⊥∋≻⋈∈⊥∋≻⋈∈⊤∋≻⋈∈⊥∋≻⋈∈⊥∋≻⋈∈⊥∋≻⋈∈⊤∋≻⋈∈⊥∋≻⋈∈⊤∋≻⋈∈⊤∋≻⋈∈⊥∋⊙⊡⊣
⊢≻⋈∈⊥∋≻⋈∈⊥∋≻⋈∈⊥∋≻⋈∈⊥∋≻⋈∈⊤∋≻⋈∈⊥∋≻⋈∈⊤∋≻⋈∈⊤∋≻⋈∈⊥∋≻⋈∈⊥∋⊙⊡⊣
⊢≻⋈∈⊥∋≻⋈∈⊤∋≻⋈∈⊥∋≻⋈∈⊤∋≻⋈∈⊥∋≻⋈∈⊥∋≻⋈∈⊤∋≻⋈∈⊤∋≻⋈∈⊥∋≻⋈∈⊥∋⊙⊡⊣
⊢≻⋈∈⊥∋≻⋈∈⊥∋≻⋈∈⊤∋≻⋈∈⊥∋≻⋈∈⊤∋≻⋈∈⊤∋≻⋈∈⊥∋≻⋈∈⊥∋≻⋈∈⊤∋≻⋈∈⊤∋≻⋈∈⊥∋⊙⊡⊣
⊢≻⋈∈⊥∋≻⋈∈⊤∋≻⋈∈⊤∋≻⋈∈⊤∋≻⋈∈⊥∋≻⋈∈⊤∋≻⋈∈⊥∋≻⋈∈⊤∋≻⋈∈⊤∋≻⋈∈⊥∋≻⋈∈⊥∋⊙⊡⊣
⊢≻⋈∈⊤∋≻⋈∈⊥∋≻⋈∈⊥∋≻⋈∈⊥∋≻⋈∈⊥∋≻⋈∈⊥∋≻⋈∈⊥∋≻⋈∈⊤∋≻⋈∈⊥∋≻⋈∈⊤∋≻⋈∈⊤∋≻⋈∈⊤∋≻⋈∈⊤∋≻⋈∈⊥∋≻⋈∈⊤∋≻⋈∈⊥∋≻⋈∈⊥∋≻⋈∈⊥∋≻⋈∈⊥∋≻⋈∈⊤∋≻⋈∈⊥∋≻⋈∈⊤∋≻⋈∈⊤∋≻⋈∈⊥∋⊙⊡⊣
⊢≻⋈∈⊤∋≻⋈∈⊤∋≻⋈∈⊤∋≻⋈∈⊤∋≻⋈∈⊥∋≻⋈∈⊥∋≻⋈∈⊤∋≻⋈∈⊤∋≻⋈∈⊥∋≻⋈∈⊥∋⊙⊡⊣
⊢≻⋈∈⊥∋≻⋈∈⊤∋≻⋈∈⊥∋≻⋈∈⊤∋≻⋈∈⊥∋≻⋈∈⊥∋≻⋈∈⊤∋≻⋈∈⊤∋≻⋈∈⊥∋≻⋈∈⊥∋⊙⊡⊣
⊢≻⋈∈⊤∋≻⋈∈⊤∋≻⋈∈⊥∋≻⋈∈⊥∋≻⋈∈⊤∋≻⋈∈⊤∋≻⋈∈⊥∋≻⋈∈⊥∋≻⋈∈⊤∋≻⋈∈⊤∋≻⋈∈⊥∋⊙⊡⊣
⊢≻⋈∈⊥∋≻⋈∈⊥∋≻⋈∈⊤∋≻⋈∈⊤∋≻⋈∈⊥∋≻⋈∈⊤∋≻⋈∈⊥∋≻⋈∈⊤∋≻⋈∈⊤∋≻⋈∈⊥∋≻⋈∈⊥∋⊙⊡⊣
⊢≻⋈∈⊥∋≻⋈∈⊤∋≻⋈∈⊤∋≻⋈∈⊤∋≻⋈∈⊤∋≻⋈∈⊤∋≻⋈∈⊤∋≻⋈∈⊥∋≻⋈∈⊥∋≻⋈∈⊤∋≻⋈∈⊤∋≻⋈∈⊤∋≻⋈∈⊥∋≻⋈∈⊤∋≻⋈∈⊥∋≻⋈∈⊥∋≻⋈∈⊥∋≻⋈∈⊥∋≻⋈∈⊥∋≻⋈∈⊤∋≻⋈∈⊥∋≻⋈∈⊤∋≻⋈∈⊤∋≻⋈∈⊥∋⊙⊡⊣
⊢≻⋈∈⊥∋≻⋈∈⊤∋≻⋈∈⊤∋≻⋈∈⊤∋≻⋈∈⊥∋≻⋈∈⊥∋≻⋈∈⊤∋≻⋈∈⊤∋≻⋈∈⊥∋≻⋈∈⊥∋⊙⊡⊣
⊢≻⋈∈⊤∋≻⋈∈⊥∋≻⋈∈⊥∋≻⋈∈⊥∋≻⋈∈⊤∋≻⋈∈⊤∋≻⋈∈⊥∋≻⋈∈⊥∋⊙⊡⊣
⊢≻⋈∈⊤∋≻⋈∈⊥∋≻⋈∈⊤∋≻⋈∈⊤∋≻⋈∈⊥∋≻⋈∈⊥∋≻⋈∈⊤∋≻⋈∈⊤∋≻⋈∈⊥∋≻⋈∈⊥∋≻⋈∈⊥∋⊙⊡⊣
⊢≻⋈∈⊥∋≻⋈∈⊤∋≻⋈∈⊥∋≻⋈∈⊤∋≻⋈∈⊥∋≻⋈∈⊤∋≻⋈∈⊥∋≻⋈∈⊤∋≻⋈∈⊤∋≻⋈∈⊥∋≻⋈∈⊥∋⊙⊡⊣
⊢≻⋈∈⊤∋≻⋈∈⊤∋≻⋈∈⊥∋≻⋈∈⊤∋≻⋈∈⊤∋≻⋈∈⊤∋≻⋈∈⊤∋≻⋈∈⊥∋≻⋈∈⊥∋≻⋈∈⊤∋≻⋈∈⊤∋≻⋈∈⊤∋≻⋈∈⊤∋≻⋈∈⊤∋≻⋈∈⊤∋≻⋈∈⊤∋≻⋈∈⊤∋≻⋈∈⊤∋≻⋈∈⊤∋≻⋈∈⊥∋≻⋈∈⊥∋≻⋈∈⊤∋≻⋈∈⊤∋≻⋈∈⊥∋⊙⊡⊣
⊢≻⋈∈⊤∋≻⋈∈⊥∋≻⋈∈⊤∋≻⋈∈⊤∋≻⋈∈⊥∋≻⋈∈⊥∋≻⋈∈⊤∋≻⋈∈⊤∋≻⋈∈⊥∋≻⋈∈⊥∋⊙⊡⊣
⊢≻⋈∈⊤∋≻⋈∈⊥∋≻⋈∈⊥∋≻⋈∈⊥∋≻⋈∈⊤∋≻⋈∈⊤∋≻⋈∈⊥∋≻⋈∈⊥∋⊙⊡⊣
⊢≻⋈∈⊥∋≻⋈∈⊥∋≻⋈∈⊤∋≻⋈∈⊤∋≻⋈∈⊥∋≻⋈∈⊥∋≻⋈∈⊤∋≻⋈∈⊤∋≻⋈∈⊥∋≻⋈∈⊥∋≻⋈∈⊥∋⊙⊡⊣
⊢≻⋈∈⊥∋≻⋈∈⊥∋≻⋈∈⊥∋≻⋈∈⊤∋≻⋈∈⊥∋≻⋈∈⊤∋≻⋈∈⊥∋≻⋈∈⊤∋≻⋈∈⊤∋≻⋈∈⊥∋≻⋈∈⊥∋⊙⊡⊣
⊢≻⋈∈⊥∋≻⋈∈⊥∋≻⋈∈⊥∋≻⋈∈⊤∋≻⋈∈⊤∋≻⋈∈⊤∋≻⋈∈⊤∋≻⋈∈⊥∋≻⋈∈⊥∋≻⋈∈⊤∋≻⋈∈⊤∋≻⋈∈⊤∋≻⋈∈⊥∋≻⋈∈⊥∋≻⋈∈⊤∋≻⋈∈⊤∋≻⋈∈⊤∋≻⋈∈⊤∋≻⋈∈⊤∋≻⋈∈⊥∋≻⋈∈⊥∋≻⋈∈⊤∋≻⋈∈⊤∋≻⋈∈⊥∋⊙⊡⊣
⊢≻⋈∈⊥∋≻⋈∈⊥∋≻⋈∈⊤∋≻⋈∈⊤∋≻⋈∈⊥∋≻⋈∈⊥∋≻⋈∈⊤∋≻⋈∈⊤∋≻⋈∈⊥∋≻⋈∈⊥∋⊙⊡⊣
⊢≻⋈∈⊤∋≻⋈∈⊤∋≻⋈∈⊥∋≻⋈∈⊤∋≻⋈∈⊥∋≻⋈∈⊥∋≻⋈∈⊤∋≻⋈∈⊤∋≻⋈∈⊥∋≻⋈∈⊥∋⊙⊡⊣
⊢≻⋈∈⊤∋≻⋈∈⊤∋≻⋈∈⊥∋≻⋈∈⊥∋≻⋈∈⊤∋≻⋈∈⊤∋≻⋈∈⊥∋≻⋈∈⊥∋≻⋈∈⊤∋≻⋈∈⊤∋≻⋈∈⊥∋⊙⊡⊣
⊢≻⋈∈⊥∋≻⋈∈⊤∋≻⋈∈⊤∋≻⋈∈⊥∋≻⋈∈⊥∋≻⋈∈⊤∋≻⋈∈⊥∋≻⋈∈⊤∋≻⋈∈⊤∋≻⋈∈⊥∋≻⋈∈⊥∋⊙⊡⊣
⊢≻⋈∈⊤∋≻⋈∈⊥∋≻⋈∈⊤∋≻⋈∈⊥∋≻⋈∈⊤∋≻⋈∈⊤∋≻⋈∈⊤∋≻⋈∈⊥∋≻⋈∈⊥∋≻⋈∈⊤∋≻⋈∈⊤∋≻⋈∈⊤∋≻⋈∈⊤∋≻⋈∈⊥∋≻⋈∈⊥∋≻⋈∈⊤∋≻⋈∈⊤∋≻⋈∈⊤∋≻⋈∈⊤∋≻⋈∈⊥∋≻⋈∈⊥∋≻⋈∈⊤∋≻⋈∈⊤∋≻⋈∈⊥∋⊙⊡⊣
⊢≻⋈∈⊤∋≻⋈∈⊤∋≻⋈∈⊥∋≻⋈∈⊤∋≻⋈∈⊥∋≻⋈∈⊥∋≻⋈∈⊤∋≻⋈∈⊤∋≻⋈∈⊥∋≻⋈∈⊥∋⊙⊡⊣
⊢≻⋈∈⊤∋≻⋈∈⊤∋≻⋈∈⊥∋≻⋈∈⊤∋≻⋈∈⊥∋≻⋈∈⊥∋≻⋈∈⊤∋≻⋈∈⊤∋≻⋈∈⊥∋≻⋈∈⊥∋⊙⊡⊣
⊢≻⋈∈⊥∋≻⋈∈⊤∋≻⋈∈⊥∋≻⋈∈⊥∋≻⋈∈⊤∋≻⋈∈⊤∋≻⋈∈⊥∋≻⋈∈⊥∋≻⋈∈⊤∋≻⋈∈⊤∋≻⋈∈⊥∋⊙⊡⊣
⊢≻⋈∈⊥∋≻⋈∈⊥∋≻⋈∈⊤∋≻⋈∈⊥∋≻⋈∈⊥∋≻⋈∈⊤∋≻⋈∈⊥∋≻⋈∈⊤∋≻⋈∈⊤∋≻⋈∈⊥∋≻⋈∈⊥∋⊙⊡⊣
⊢≻⋈∈⊥∋≻⋈∈⊤∋≻⋈∈⊥∋≻⋈∈⊥∋≻⋈∈⊤∋≻⋈∈⊤∋≻⋈∈⊤∋≻⋈∈⊥∋≻⋈∈⊥∋≻⋈∈⊤∋≻⋈∈⊤∋≻⋈∈⊤∋≻⋈∈⊥∋≻⋈∈⊤∋≻⋈∈⊤∋≻⋈∈⊥∋≻⋈∈⊤∋≻⋈∈⊤∋≻⋈∈⊤∋≻⋈∈⊥∋≻⋈∈⊥∋≻⋈∈⊤∋≻⋈∈⊤∋≻⋈∈⊥∋⊙⊡⊣
