INPUT	140780242496439158415951380176012899598281849499616379408737783997433618715254848608218805570829442243428767892752670243539044274024820507549521180092718862095731340615304181423391107194804417968567632660042779198453535410537838193859702376129614723818089429306554189733962280442275876514148029233758736642483	1024	527	5124
FRAME	1	0	1	1	36
FOLD	1	1	1	3072	3072	0	272
RAIL	2	1022	0	0
CORRELATION	0	0	0	0
SQUARE	0	0
FOLD	2	1	1	3075	3075	0	352
RAIL	2	1023	1	0
CORRELATION	0	0	0	0
SQUARE	0	0
FOLD	4	3	3	9219	9219	0	6646
RAIL	512	513	2	1
CORRELATION	0	0	0	0
SQUARE	0	0
FOLD	5	5	5	15366	15366	0	12592
RAIL	3	1021	2	2
CORRELATION	0	0	0	0
SQUARE	0	0
FOLD	8	7	7	21513	21513	0	21294
RAIL	511	514	4	3
CORRELATION	0	0	0	0
SQUARE	0	0
FOLD	9	9	9	27660	27660	0	27203
RAIL	4	1020	4	4
CORRELATION	0	0	0	0
SQUARE	0	0
FOLD	12	11	11	33807	33807	0	36097
RAIL	510	515	6	5
CORRELATION	0	0	0	0
SQUARE	0	0
FOLD	13	13	13	39954	39954	0	41506
RAIL	5	1019	6	6
CORRELATION	0	0	0	0
SQUARE	0	0
FOLD	14	15	15	46101	46101	0	47688
RAIL	5	1020	6	7
CORRELATION	0	0	0	0
SQUARE	0	0
FOLD	15	17	17	52248	52248	0	51857
RAIL	509	515	6	8
CORRELATION	0	0	0	0
SQUARE	0	0
FOLD	16	19	19	58395	58395	0	58289
RAIL	509	516	6	9
CORRELATION	0	0	0	0
SQUARE	0	0
FOLD	17	21	21	64542	64542	0	67121
RAIL	6	1018	6	10
CORRELATION	0	0	0	0
SQUARE	0	0
FOLD	18	23	23	70689	70689	0	73940
RAIL	6	1019	6	11
CORRELATION	0	0	0	0
SQUARE	0	0
FOLD	19	25	25	76836	76836	0	84025
RAIL	508	516	6	12
CORRELATION	0	0	0	0
SQUARE	0	0
FOLD	20	27	27	82983	82983	0	92434
RAIL	508	517	6	13
CORRELATION	0	0	0	0
SQUARE	0	0
FOLD	21	29	29	89130	89130	0	98264
RAIL	7	1017	6	14
CORRELATION	0	0	0	0
SQUARE	0	0
FOLD	22	31	31	95277	95277	0	105747
RAIL	7	1018	6	15
CORRELATION	0	0	0	0
SQUARE	0	0
FOLD	23	33	33	101424	101424	0	112727
RAIL	507	517	6	16
CORRELATION	0	0	0	0
SQUARE	0	0
FOLD	24	35	35	107571	107571	0	119012
RAIL	507	518	6	17
CORRELATION	0	0	0	0
SQUARE	0	0
FOLD	25	37	37	113718	113718	0	125059
RAIL	8	1016	6	18
CORRELATION	0	0	0	0
SQUARE	0	0
FOLD	26	39	39	119865	119865	0	132495
RAIL	8	1017	6	19
CORRELATION	0	0	0	0
SQUARE	0	0
FOLD	27	41	41	126012	126012	0	138981
RAIL	506	518	6	20
CORRELATION	0	0	0	0
SQUARE	0	0
FOLD	28	43	43	132159	132159	0	144769
RAIL	506	519	6	21
CORRELATION	0	0	0	0
SQUARE	0	0
FOLD	29	45	45	138306	138306	0	150397
RAIL	9	1015	6	22
CORRELATION	0	0	0	0
SQUARE	0	0
FOLD	30	47	47	144453	144453	0	156943
RAIL	9	1016	6	23
CORRELATION	0	0	0	0
SQUARE	0	0
FOLD	31	49	49	150600	150600	0	163941
RAIL	505	519	6	24
CORRELATION	0	0	0	0
SQUARE	0	0
FOLD	32	51	51	156747	156747	0	173405
RAIL	505	520	6	25
CORRELATION	0	0	0	0
SQUARE	0	0
FOLD	33	53	53	162894	162894	0	180196
RAIL	10	1014	6	26
CORRELATION	0	0	0	0
SQUARE	0	0
FOLD	34	55	55	169041	169041	0	184215
RAIL	10	1015	6	27
CORRELATION	0	0	0	0
SQUARE	0	0
FOLD	35	57	57	175188	175188	0	188132
RAIL	504	520	6	28
CORRELATION	0	0	0	0
SQUARE	0	0
FOLD	36	59	59	181335	181335	0	193660
RAIL	504	521	6	29
CORRELATION	0	0	0	0
SQUARE	0	0
FOLD	37	61	61	187482	187482	0	199127
RAIL	11	1013	6	30
CORRELATION	0	0	0	0
SQUARE	0	0
FOLD	38	63	63	193629	193629	0	207089
RAIL	11	1014	6	31
CORRELATION	0	0	0	0
SQUARE	0	0
FOLD	39	65	65	199776	199776	0	212289
RAIL	503	521	6	32
CORRELATION	0	0	0	0
SQUARE	0	0
FOLD	40	67	67	205923	205923	0	217886
RAIL	503	522	6	33
CORRELATION	0	0	0	0
SQUARE	0	0
FOLD	41	69	69	212070	212070	0	222971
RAIL	12	1012	6	34
CORRELATION	0	0	0	0
SQUARE	0	0
FOLD	42	71	71	218217	218217	0	226915
RAIL	12	1013	6	35
CORRELATION	0	0	0	0
SQUARE	0	0
FOLD	43	73	73	224364	224364	0	231223
RAIL	502	522	6	36
CORRELATION	0	0	0	0
SQUARE	0	0
FOLD	44	75	75	230511	230511	0	237014
RAIL	502	523	6	37
CORRELATION	0	0	0	0
SQUARE	0	0
FOLD	45	77	77	236658	236658	0	242459
RAIL	13	1011	6	38
CORRELATION	0	0	0	0
SQUARE	0	0
FOLD	46	79	79	242805	242805	0	246525
RAIL	13	1012	6	39
CORRELATION	0	0	0	0
SQUARE	0	0
FOLD	47	81	81	248952	248952	0	250806
RAIL	501	523	6	40
CORRELATION	0	0	0	0
SQUARE	0	0
FOLD	48	83	83	255099	255099	0	256254
RAIL	501	524	6	41
CORRELATION	0	0	0	0
SQUARE	0	0
FOLD	49	85	85	261246	261246	0	261745
RAIL	14	1010	6	42
CORRELATION	0	0	0	0
SQUARE	0	0
FOLD	50	87	87	267393	267393	0	265837
RAIL	14	1011	6	43
CORRELATION	0	0	0	0
SQUARE	0	0
FOLD	51	89	89	273540	273540	0	270249
RAIL	500	524	6	44
CORRELATION	0	0	0	0
SQUARE	0	0
FOLD	52	91	91	279687	279687	0	276015
RAIL	500	525	6	45
CORRELATION	0	0	0	0
SQUARE	0	0
FOLD	53	93	93	285834	285834	0	281948
RAIL	15	1009	6	46
CORRELATION	0	0	0	0
SQUARE	0	0
FOLD	54	95	95	291981	291981	0	286443
RAIL	15	1010	6	47
CORRELATION	0	0	0	0
SQUARE	0	0
FOLD	55	97	97	298128	298128	0	291011
RAIL	499	525	6	48
CORRELATION	0	0	0	0
SQUARE	0	0
FOLD	56	99	99	304275	304275	0	296945
RAIL	499	526	6	49
CORRELATION	0	0	0	0
SQUARE	0	0
FOLD	57	101	101	310422	310422	0	303406
RAIL	16	1008	6	50
CORRELATION	0	0	0	0
SQUARE	0	0
FOLD	58	103	103	316569	316569	0	308117
RAIL	16	1009	6	51
CORRELATION	0	0	0	0
SQUARE	0	0
FOLD	59	105	105	322716	322716	0	313227
RAIL	498	526	6	52
CORRELATION	0	0	0	0
SQUARE	0	0
FOLD	60	107	107	328863	328863	0	320892
RAIL	498	527	6	53
CORRELATION	0	0	0	0
SQUARE	0	0
FOLD	61	109	109	335010	335010	0	327193
RAIL	17	1007	6	54
CORRELATION	0	0	0	0
SQUARE	0	0
FOLD	62	111	111	341157	341157	0	332473
RAIL	17	1008	6	55
CORRELATION	0	0	0	0
SQUARE	0	0
FOLD	63	113	113	347304	347304	0	337569
RAIL	497	527	6	56
CORRELATION	0	0	0	0
SQUARE	0	0
FOLD	64	115	115	353451	353451	0	343691
RAIL	497	528	6	57
CORRELATION	0	0	0	0
SQUARE	0	0
FOLD	65	117	117	359598	359598	0	349852
RAIL	18	1006	6	58
CORRELATION	0	0	0	0
SQUARE	0	0
FOLD	66	119	119	365745	365745	0	354869
RAIL	18	1007	6	59
CORRELATION	0	0	0	0
SQUARE	0	0
FOLD	67	121	121	371892	371892	0	359881
RAIL	496	528	6	60
CORRELATION	0	0	0	0
SQUARE	0	0
FOLD	68	123	123	378039	378039	0	365382
RAIL	496	529	6	61
CORRELATION	0	0	0	0
SQUARE	0	0
FOLD	69	125	125	384186	384186	0	370772
RAIL	19	1005	6	62
CORRELATION	0	0	0	0
SQUARE	0	0
FOLD	70	127	127	390333	390333	0	375649
RAIL	19	1006	6	63
CORRELATION	0	0	0	0
SQUARE	0	0
FOLD	71	129	129	396480	396480	0	380979
RAIL	495	529	6	64
CORRELATION	0	0	0	0
SQUARE	0	0
FOLD	72	131	131	402627	402627	0	392087
RAIL	495	530	6	65
CORRELATION	0	0	0	0
SQUARE	0	0
FOLD	73	133	133	408774	408774	0	401349
RAIL	20	1004	6	66
CORRELATION	0	0	0	0
SQUARE	0	0
FOLD	74	135	135	414921	414921	0	407676
RAIL	20	1005	6	67
CORRELATION	0	0	0	0
SQUARE	0	0
FOLD	75	137	137	421068	421068	0	412458
RAIL	494	530	6	68
CORRELATION	0	0	0	0
SQUARE	0	0
FOLD	76	139	139	427215	427215	0	420031
RAIL	494	531	6	69
CORRELATION	0	0	0	0
SQUARE	0	0
FOLD	77	141	141	433362	433362	0	429451
RAIL	21	1003	6	70
CORRELATION	0	0	0	0
SQUARE	0	0
FOLD	78	143	143	439509	439509	0	436532
RAIL	21	1004	6	71
CORRELATION	0	0	0	0
SQUARE	0	0
FOLD	79	145	145	445656	445656	0	441147
RAIL	493	531	6	72
CORRELATION	0	0	0	0
SQUARE	0	0
FOLD	80	147	147	451803	451803	0	446813
RAIL	493	532	6	73
CORRELATION	0	0	0	0
SQUARE	0	0
FOLD	81	149	149	457950	457950	0	452505
RAIL	22	1002	6	74
CORRELATION	0	0	0	0
SQUARE	0	0
FOLD	82	151	151	464097	464097	0	457103
RAIL	22	1003	6	75
CORRELATION	0	0	0	0
SQUARE	0	0
FOLD	83	153	153	470244	470244	0	461504
RAIL	492	532	6	76
CORRELATION	0	0	0	0
SQUARE	0	0
FOLD	84	155	155	476391	476391	0	469068
RAIL	492	533	6	77
CORRELATION	0	0	0	0
SQUARE	0	0
FOLD	85	157	157	482538	482538	0	474851
RAIL	23	1001	6	78
CORRELATION	0	0	0	0
SQUARE	0	0
FOLD	86	159	159	488685	488685	0	479519
RAIL	23	1002	6	79
CORRELATION	0	0	0	0
SQUARE	0	0
FOLD	87	161	161	494832	494832	0	484013
RAIL	491	533	6	80
CORRELATION	0	0	0	0
SQUARE	0	0
FOLD	88	163	163	500979	500979	0	489914
RAIL	491	534	6	81
CORRELATION	0	0	0	0
SQUARE	0	0
FOLD	89	165	165	507126	507126	0	496245
RAIL	24	1000	6	82
CORRELATION	0	0	0	0
SQUARE	0	0
FOLD	90	167	167	513273	513273	0	501593
RAIL	24	1001	6	83
CORRELATION	0	0	0	0
SQUARE	0	0
FOLD	91	169	169	519420	519420	0	506673
RAIL	490	534	6	84
CORRELATION	0	0	0	0
SQUARE	0	0
FOLD	92	171	171	525567	525567	0	512284
RAIL	490	535	6	85
CORRELATION	0	0	0	0
SQUARE	0	0
FOLD	93	173	173	531714	531714	0	518779
RAIL	25	999	6	86
CORRELATION	0	0	0	0
SQUARE	0	0
FOLD	94	175	175	537861	537861	0	524145
RAIL	25	1000	6	87
CORRELATION	0	0	0	0
SQUARE	0	0
FOLD	95	177	177	544008	544008	0	529074
RAIL	489	535	6	88
CORRELATION	0	0	0	0
SQUARE	0	0
FOLD	96	179	179	550155	550155	0	535083
RAIL	489	536	6	89
CORRELATION	0	0	0	0
SQUARE	0	0
FOLD	97	181	181	556302	556302	0	541151
RAIL	26	998	6	90
CORRELATION	0	0	0	0
SQUARE	0	0
FOLD	98	183	183	562449	562449	0	546491
RAIL	26	999	6	91
CORRELATION	0	0	0	0
SQUARE	0	0
FOLD	99	185	185	568596	568596	0	551389
RAIL	488	536	6	92
CORRELATION	0	0	0	0
SQUARE	0	0
FOLD	100	187	187	574743	574743	0	557768
RAIL	488	537	6	93
CORRELATION	0	0	0	0
SQUARE	0	0
FOLD	101	189	189	580890	580890	0	564156
RAIL	27	997	6	94
CORRELATION	0	0	0	0
SQUARE	0	0
FOLD	102	191	191	587037	587037	0	568554
RAIL	27	998	6	95
CORRELATION	0	0	0	0
SQUARE	0	0
FOLD	103	193	193	593184	593184	0	572904
RAIL	487	537	6	96
CORRELATION	0	0	0	0
SQUARE	0	0
FOLD	104	195	195	599331	599331	0	578449
RAIL	487	538	6	97
CORRELATION	0	0	0	0
SQUARE	0	0
FOLD	105	197	197	605478	605478	0	587252
RAIL	28	996	6	98
CORRELATION	0	0	0	0
SQUARE	0	0
FOLD	106	199	199	611625	611625	0	592305
RAIL	28	997	6	99
CORRELATION	0	0	0	0
SQUARE	0	0
FOLD	107	201	201	617772	617772	0	596535
RAIL	486	538	6	100
CORRELATION	0	0	0	0
SQUARE	0	0
FOLD	108	203	203	623919	623919	0	602156
RAIL	486	539	6	101
CORRELATION	0	0	0	0
SQUARE	0	0
FOLD	109	205	205	630066	630066	0	607682
RAIL	29	995	6	102
CORRELATION	0	0	0	0
SQUARE	0	0
FOLD	110	207	207	636213	636213	0	612653
RAIL	29	996	6	103
CORRELATION	0	0	0	0
SQUARE	0	0
FOLD	111	209	209	642360	642360	0	617330
RAIL	485	539	6	104
CORRELATION	0	0	0	0
SQUARE	0	0
FOLD	112	211	211	648507	648507	0	623258
RAIL	485	540	6	105
CORRELATION	0	0	0	0
SQUARE	0	0
FOLD	113	213	213	654654	654654	0	629034
RAIL	30	994	6	106
CORRELATION	0	0	0	0
SQUARE	0	0
FOLD	114	215	215	660801	660801	0	633755
RAIL	30	995	6	107
CORRELATION	0	0	0	0
SQUARE	0	0
FOLD	115	217	217	666948	666948	0	638451
RAIL	484	540	6	108
CORRELATION	0	0	0	0
SQUARE	0	0
FOLD	116	219	219	673095	673095	0	644119
RAIL	484	541	6	109
CORRELATION	0	0	0	0
SQUARE	0	0
FOLD	117	221	221	679242	679242	0	649685
RAIL	31	993	6	110
CORRELATION	0	0	0	0
SQUARE	0	0
FOLD	118	223	223	685389	685389	0	654312
RAIL	31	994	6	111
CORRELATION	0	0	0	0
SQUARE	0	0
FOLD	119	225	225	691536	691536	0	659263
RAIL	483	541	6	112
CORRELATION	0	0	0	0
SQUARE	0	0
FOLD	120	227	227	697683	697683	0	664599
RAIL	483	542	6	113
CORRELATION	0	0	0	0
SQUARE	0	0
FOLD	121	229	229	703830	703830	0	670057
RAIL	32	992	6	114
CORRELATION	0	0	0	0
SQUARE	0	0
FOLD	122	231	231	709977	709977	0	676073
RAIL	32	993	6	115
CORRELATION	0	0	0	0
SQUARE	0	0
FOLD	123	233	233	716124	716124	0	680730
RAIL	482	542	6	116
CORRELATION	0	0	0	0
SQUARE	0	0
FOLD	124	235	235	722271	722271	0	686221
RAIL	482	543	6	117
CORRELATION	0	0	0	0
SQUARE	0	0
FOLD	125	237	237	728418	728418	0	693525
RAIL	33	991	6	118
CORRELATION	0	0	0	0
SQUARE	0	0
FOLD	126	239	239	734565	734565	0	698446
RAIL	33	992	6	119
CORRELATION	0	0	0	0
SQUARE	0	0
FOLD	127	241	241	740712	740712	0	703385
RAIL	481	543	6	120
CORRELATION	0	0	0	0
SQUARE	0	0
FOLD	128	243	243	746859	746859	0	709785
RAIL	481	544	6	121
CORRELATION	0	0	0	0
SQUARE	0	0
FOLD	129	245	245	753006	753006	0	715515
RAIL	34	990	6	122
CORRELATION	0	0	0	0
SQUARE	0	0
FOLD	130	247	247	759153	759153	0	720315
RAIL	34	991	6	123
CORRELATION	0	0	0	0
SQUARE	0	0
FOLD	131	249	249	765300	765300	0	725679
RAIL	480	544	6	124
CORRELATION	0	0	0	0
SQUARE	0	0
FOLD	132	251	251	771447	771447	0	731064
RAIL	480	545	6	125
CORRELATION	0	0	0	0
SQUARE	0	0
FOLD	133	253	253	777594	777594	0	736238
RAIL	35	989	6	126
CORRELATION	0	0	0	0
SQUARE	0	0
FOLD	134	255	255	783741	783741	0	741438
RAIL	35	990	6	127
CORRELATION	0	0	0	0
SQUARE	0	0
FOLD	135	257	257	789888	789888	0	746052
RAIL	479	545	6	128
CORRELATION	0	0	0	0
SQUARE	0	0
FOLD	136	259	259	796035	796035	0	752924
RAIL	479	546	6	129
CORRELATION	0	0	0	0
SQUARE	0	0
FOLD	137	261	261	802182	802182	0	758770
RAIL	36	988	6	130
CORRELATION	0	0	0	0
SQUARE	0	0
FOLD	138	263	263	808329	808329	0	763715
RAIL	36	989	6	131
CORRELATION	0	0	0	0
SQUARE	0	0
FOLD	139	265	265	814476	814476	0	785912
RAIL	478	546	6	132
CORRELATION	0	0	0	0
SQUARE	0	0
FOLD	140	267	267	820623	820623	0	808188
RAIL	478	547	6	133
CORRELATION	0	0	0	0
SQUARE	0	0
FOLD	141	269	269	826770	826770	0	829874
RAIL	37	987	6	134
CORRELATION	0	0	0	0
SQUARE	0	0
FOLD	142	271	271	832917	832917	0	847182
RAIL	37	988	6	135
CORRELATION	0	0	0	0
SQUARE	0	0
FOLD	143	273	273	839064	839064	0	853445
RAIL	477	547	6	136
CORRELATION	0	0	0	0
SQUARE	0	0
FOLD	144	275	275	845211	845211	0	860022
RAIL	477	548	6	137
CORRELATION	0	0	0	0
SQUARE	0	0
FOLD	145	277	277	851358	851358	0	866958
RAIL	38	986	6	138
CORRELATION	0	0	0	0
SQUARE	0	0
FOLD	146	279	279	857505	857505	0	871424
RAIL	38	987	6	139
CORRELATION	0	0	0	0
SQUARE	0	0
FOLD	147	281	281	863652	863652	0	876739
RAIL	476	548	6	140
CORRELATION	0	0	0	0
SQUARE	0	0
FOLD	148	283	283	869799	869799	0	882727
RAIL	476	549	6	141
CORRELATION	0	0	0	0
SQUARE	0	0
FOLD	149	285	285	875946	875946	0	888437
RAIL	39	985	6	142
CORRELATION	0	0	0	0
SQUARE	0	0
FOLD	150	287	287	882093	882093	0	893504
RAIL	39	986	6	143
CORRELATION	0	0	0	0
SQUARE	0	0
FOLD	151	289	289	888240	888240	0	898294
RAIL	475	549	6	144
CORRELATION	0	0	0	0
SQUARE	0	0
FOLD	152	291	291	894387	894387	0	904236
RAIL	475	550	6	145
CORRELATION	0	0	0	0
SQUARE	0	0
FOLD	153	293	293	900534	900534	0	910072
RAIL	40	984	6	146
CORRELATION	0	0	0	0
SQUARE	0	0
FOLD	154	295	295	906681	906681	0	915222
RAIL	40	985	6	147
CORRELATION	0	0	0	0
SQUARE	0	0
FOLD	155	297	297	912828	912828	0	920272
RAIL	474	550	6	148
CORRELATION	0	0	0	0
SQUARE	0	0
FOLD	156	299	299	918975	918975	0	925633
RAIL	474	551	6	149
CORRELATION	0	0	0	0
SQUARE	0	0
FOLD	157	301	301	925122	925122	0	931608
RAIL	41	983	6	150
CORRELATION	0	0	0	0
SQUARE	0	0
FOLD	158	303	303	931269	931269	0	936099
RAIL	41	984	6	151
CORRELATION	0	0	0	0
SQUARE	0	0
FOLD	159	305	305	937416	937416	0	940324
RAIL	473	551	6	152
CORRELATION	0	0	0	0
SQUARE	0	0
FOLD	160	307	307	943563	943563	0	945425
RAIL	473	552	6	153
CORRELATION	0	0	0	0
SQUARE	0	0
FOLD	161	309	309	949710	949710	0	950704
RAIL	42	982	6	154
CORRELATION	0	0	0	0
SQUARE	0	0
FOLD	162	311	311	955857	955857	0	954917
RAIL	42	983	6	155
CORRELATION	0	0	0	0
SQUARE	0	0
FOLD	163	313	313	962004	962004	0	959012
RAIL	472	552	6	156
CORRELATION	0	0	0	0
SQUARE	0	0
FOLD	164	315	315	968151	968151	0	965320
RAIL	472	553	6	157
CORRELATION	0	0	0	0
SQUARE	0	0
FOLD	165	317	317	974298	974298	0	970315
RAIL	43	981	6	158
CORRELATION	0	0	0	0
SQUARE	0	0
FOLD	166	319	319	980445	980445	0	974638
RAIL	43	982	6	159
CORRELATION	0	0	0	0
SQUARE	0	0
FOLD	167	321	321	986592	986592	0	991589
RAIL	471	553	6	160
CORRELATION	0	0	0	0
SQUARE	0	0
FOLD	168	323	323	992739	992739	0	1009801
RAIL	471	554	6	161
CORRELATION	0	0	0	0
SQUARE	0	0
FOLD	169	325	325	998886	998886	0	1031478
RAIL	44	980	6	162
CORRELATION	0	0	0	0
SQUARE	0	0
FOLD	170	327	327	1005033	1005033	0	1047592
RAIL	44	981	6	163
CORRELATION	0	0	0	0
SQUARE	0	0
FOLD	171	329	329	1011180	1011180	0	1054178
RAIL	470	554	6	164
CORRELATION	0	0	0	0
SQUARE	0	0
FOLD	172	331	331	1017327	1017327	0	1061788
RAIL	470	555	6	165
CORRELATION	0	0	0	0
SQUARE	0	0
FOLD	173	333	333	1023474	1023474	0	1068760
RAIL	45	979	6	166
CORRELATION	0	0	0	0
SQUARE	0	0
FOLD	174	335	335	1029621	1029621	0	1073157
RAIL	45	980	6	167
CORRELATION	0	0	0	0
SQUARE	0	0
FOLD	175	337	337	1035768	1035768	0	1077736
RAIL	469	555	6	168
CORRELATION	0	0	0	0
SQUARE	0	0
FOLD	176	339	339	1041915	1041915	0	1082942
RAIL	469	556	6	169
CORRELATION	0	0	0	0
SQUARE	0	0
FOLD	177	341	341	1048062	1048062	0	1088321
RAIL	46	978	6	170
CORRELATION	0	0	0	0
SQUARE	0	0
FOLD	178	343	343	1054209	1054209	0	1092384
RAIL	46	979	6	171
CORRELATION	0	0	0	0
SQUARE	0	0
FOLD	179	345	345	1060356	1060356	0	1097012
RAIL	468	556	6	172
CORRELATION	0	0	0	0
SQUARE	0	0
FOLD	180	347	347	1066503	1066503	0	1102426
RAIL	468	557	6	173
CORRELATION	0	0	0	0
SQUARE	0	0
FOLD	181	349	349	1072650	1072650	0	1107580
RAIL	47	977	6	174
CORRELATION	0	0	0	0
SQUARE	0	0
FOLD	182	351	351	1078797	1078797	0	1112054
RAIL	47	978	6	175
CORRELATION	0	0	0	0
SQUARE	0	0
FOLD	183	353	353	1084944	1084944	0	1118392
RAIL	467	557	6	176
CORRELATION	0	0	0	0
SQUARE	0	0
FOLD	184	355	355	1091091	1091091	0	1123556
RAIL	467	558	6	177
CORRELATION	0	0	0	0
SQUARE	0	0
FOLD	185	357	357	1097238	1097238	0	1128840
RAIL	48	976	6	178
CORRELATION	0	0	0	0
SQUARE	0	0
FOLD	186	359	359	1103385	1103385	0	1133594
RAIL	48	977	6	179
CORRELATION	0	0	0	0
SQUARE	0	0
FOLD	187	361	361	1109532	1109532	0	1138021
RAIL	466	558	6	180
CORRELATION	0	0	0	0
SQUARE	0	0
FOLD	188	363	363	1115679	1115679	0	1142988
RAIL	466	559	6	181
CORRELATION	0	0	0	0
SQUARE	0	0
FOLD	189	365	365	1121826	1121826	0	1148216
RAIL	49	975	6	182
CORRELATION	0	0	0	0
SQUARE	0	0
FOLD	190	367	367	1127973	1127973	0	1152586
RAIL	49	976	6	183
CORRELATION	0	0	0	0
SQUARE	0	0
FOLD	191	369	369	1134120	1134120	0	1156849
RAIL	465	559	6	184
CORRELATION	0	0	0	0
SQUARE	0	0
FOLD	192	371	371	1140267	1140267	0	1163688
RAIL	465	560	6	185
CORRELATION	0	0	0	0
SQUARE	0	0
FOLD	193	373	373	1146414	1146414	0	1168947
RAIL	50	974	6	186
CORRELATION	0	0	0	0
SQUARE	0	0
FOLD	194	375	375	1152561	1152561	0	1173264
RAIL	50	975	6	187
CORRELATION	0	0	0	0
SQUARE	0	0
FOLD	195	377	377	1158708	1158708	0	1193774
RAIL	464	560	6	188
CORRELATION	0	0	0	0
SQUARE	0	0
FOLD	196	379	379	1164855	1164855	0	1213267
RAIL	464	561	6	189
CORRELATION	0	0	0	0
SQUARE	0	0
FOLD	197	381	381	1171002	1171002	0	1230323
RAIL	51	973	6	190
CORRELATION	0	0	0	0
SQUARE	0	0
FOLD	198	383	383	1177149	1177149	0	1247640
RAIL	51	974	6	191
CORRELATION	0	0	0	0
SQUARE	0	0
FOLD	199	385	385	1183296	1183296	0	1253994
RAIL	463	561	6	192
CORRELATION	0	0	0	0
SQUARE	0	0
FOLD	200	387	387	1189443	1189443	0	1264610
RAIL	463	562	6	193
CORRELATION	0	0	0	0
SQUARE	0	0
FOLD	201	389	389	1195590	1195590	0	1272400
RAIL	52	972	6	194
CORRELATION	0	0	0	0
SQUARE	0	0
FOLD	202	391	391	1201737	1201737	0	1276410
RAIL	52	973	6	195
CORRELATION	0	0	0	0
SQUARE	0	0
FOLD	203	393	393	1207884	1207884	0	1280937
RAIL	462	562	6	196
CORRELATION	0	0	0	0
SQUARE	0	0
FOLD	204	395	395	1214031	1214031	0	1286916
RAIL	462	563	6	197
CORRELATION	0	0	0	0
SQUARE	0	0
FOLD	205	397	397	1220178	1220178	0	1292147
RAIL	53	971	6	198
CORRELATION	0	0	0	0
SQUARE	0	0
FOLD	206	399	399	1226325	1226325	0	1296539
RAIL	53	972	6	199
CORRELATION	0	0	0	0
SQUARE	0	0
FOLD	207	401	401	1232472	1232472	0	1300856
RAIL	461	563	6	200
CORRELATION	0	0	0	0
SQUARE	0	0
FOLD	208	403	403	1238619	1238619	0	1306049
RAIL	461	564	6	201
CORRELATION	0	0	0	0
SQUARE	0	0
FOLD	209	405	405	1244766	1244766	0	1310896
RAIL	54	970	6	202
CORRELATION	0	0	0	0
SQUARE	0	0
FOLD	210	407	407	1250913	1250913	0	1315363
RAIL	54	971	6	203
CORRELATION	0	0	0	0
SQUARE	0	0
FOLD	211	409	409	1257060	1257060	0	1319866
RAIL	460	564	6	204
CORRELATION	0	0	0	0
SQUARE	0	0
FOLD	212	411	411	1263207	1263207	0	1324889
RAIL	460	565	6	205
CORRELATION	0	0	0	0
SQUARE	0	0
FOLD	213	413	413	1269354	1269354	0	1330283
RAIL	55	969	6	206
CORRELATION	0	0	0	0
SQUARE	0	0
FOLD	214	415	415	1275501	1275501	0	1334687
RAIL	55	970	6	207
CORRELATION	0	0	0	0
SQUARE	0	0
FOLD	215	417	417	1281648	1281648	0	1339112
RAIL	459	565	6	208
CORRELATION	0	0	0	0
SQUARE	0	0
FOLD	216	419	419	1287795	1287795	0	1344315
RAIL	459	566	6	209
CORRELATION	0	0	0	0
SQUARE	0	0
FOLD	217	421	421	1293942	1293942	0	1349288
RAIL	56	968	6	210
CORRELATION	0	0	0	0
SQUARE	0	0
FOLD	218	423	423	1300089	1300089	0	1353984
RAIL	56	969	6	211
CORRELATION	0	0	0	0
SQUARE	0	0
FOLD	219	425	425	1306236	1306236	0	1358388
RAIL	458	566	6	212
CORRELATION	0	0	0	0
SQUARE	0	0
FOLD	220	427	427	1312383	1312383	0	1364842
RAIL	458	567	6	213
CORRELATION	0	0	0	0
SQUARE	0	0
FOLD	221	429	429	1318530	1318530	0	1370238
RAIL	57	967	6	214
CORRELATION	0	0	0	0
SQUARE	0	0
FOLD	222	431	431	1324677	1324677	0	1375184
RAIL	57	968	6	215
CORRELATION	0	0	0	0
SQUARE	0	0
FOLD	223	433	433	1330824	1330824	0	1395173
RAIL	457	567	6	216
CORRELATION	0	0	0	0
SQUARE	0	0
FOLD	224	435	435	1336971	1336971	0	1414783
RAIL	457	568	6	217
CORRELATION	0	0	0	0
SQUARE	0	0
FOLD	225	437	437	1343118	1343118	0	1434895
RAIL	58	966	6	218
CORRELATION	0	0	0	0
SQUARE	0	0
FOLD	226	439	439	1349265	1349265	0	1451347
RAIL	58	967	6	219
CORRELATION	0	0	0	0
SQUARE	0	0
FOLD	227	441	441	1355412	1355412	0	1457711
RAIL	456	568	6	220
CORRELATION	0	0	0	0
SQUARE	0	0
FOLD	228	443	443	1361559	1361559	0	1463587
RAIL	456	569	6	221
CORRELATION	0	0	0	0
SQUARE	0	0
FOLD	229	445	445	1367706	1367706	0	1469850
RAIL	59	965	6	222
CORRELATION	0	0	0	0
SQUARE	0	0
FOLD	230	447	447	1373853	1373853	0	1474004
RAIL	59	966	6	223
CORRELATION	0	0	0	0
SQUARE	0	0
FOLD	231	449	449	1380000	1380000	0	1478074
RAIL	455	569	6	224
CORRELATION	0	0	0	0
SQUARE	0	0
FOLD	232	451	451	1386147	1386147	0	1483215
RAIL	455	570	6	225
CORRELATION	0	0	0	0
SQUARE	0	0
FOLD	233	453	453	1392294	1392294	0	1488532
RAIL	60	964	6	226
CORRELATION	0	0	0	0
SQUARE	0	0
FOLD	234	455	455	1398441	1398441	0	1492430
RAIL	60	965	6	227
CORRELATION	0	0	0	0
SQUARE	0	0
FOLD	235	457	457	1404588	1404588	0	1496751
RAIL	454	570	6	228
CORRELATION	0	0	0	0
SQUARE	0	0
FOLD	236	459	459	1410735	1410735	0	1501793
RAIL	454	571	6	229
CORRELATION	0	0	0	0
SQUARE	0	0
FOLD	237	461	461	1416882	1416882	0	1507243
RAIL	61	963	6	230
CORRELATION	0	0	0	0
SQUARE	0	0
FOLD	238	463	463	1423029	1423029	0	1511655
RAIL	61	964	6	231
CORRELATION	0	0	0	0
SQUARE	0	0
FOLD	239	465	465	1429176	1429176	0	1516022
RAIL	453	571	6	232
CORRELATION	0	0	0	0
SQUARE	0	0
FOLD	240	467	467	1435323	1435323	0	1521770
RAIL	453	572	6	233
CORRELATION	0	0	0	0
SQUARE	0	0
FOLD	241	469	469	1441470	1441470	0	1526743
RAIL	62	962	6	234
CORRELATION	0	0	0	0
SQUARE	0	0
FOLD	242	471	471	1447617	1447617	0	1530925
RAIL	62	963	6	235
CORRELATION	0	0	0	0
SQUARE	0	0
FOLD	243	473	473	1453764	1453764	0	1536953
RAIL	452	572	6	236
CORRELATION	0	0	0	0
SQUARE	0	0
FOLD	244	475	475	1459911	1459911	0	1543191
RAIL	452	573	6	237
CORRELATION	0	0	0	0
SQUARE	0	0
FOLD	245	477	477	1466058	1466058	0	1548449
RAIL	63	961	6	238
CORRELATION	0	0	0	0
SQUARE	0	0
FOLD	246	479	479	1472205	1472205	0	1554101
RAIL	63	962	6	239
CORRELATION	0	0	0	0
SQUARE	0	0
FOLD	247	481	481	1478352	1478352	0	1558666
RAIL	451	573	6	240
CORRELATION	0	0	0	0
SQUARE	0	0
FOLD	248	483	483	1484499	1484499	0	1563371
RAIL	451	574	6	241
CORRELATION	0	0	0	0
SQUARE	0	0
FOLD	249	485	485	1490646	1490646	0	1568456
RAIL	64	960	6	242
CORRELATION	0	0	0	0
SQUARE	0	0
FOLD	250	487	487	1496793	1496793	0	1572481
RAIL	64	961	6	243
CORRELATION	0	0	0	0
SQUARE	0	0
FOLD	251	489	489	1502940	1502940	0	1576477
RAIL	450	574	6	244
CORRELATION	0	0	0	0
SQUARE	0	0
FOLD	252	491	491	1509087	1509087	0	1581935
RAIL	450	575	6	245
CORRELATION	0	0	0	0
SQUARE	0	0
FOLD	253	493	493	1515234	1515234	0	1586939
RAIL	65	959	6	246
CORRELATION	0	0	0	0
SQUARE	0	0
FOLD	254	495	495	1521381	1521381	0	1592442
RAIL	65	960	6	247
CORRELATION	0	0	0	0
SQUARE	0	0
FOLD	255	497	497	1527528	1527528	0	1596521
RAIL	449	575	6	248
CORRELATION	0	0	0	0
SQUARE	0	0
FOLD	256	499	499	1533675	1533675	0	1601240
RAIL	449	576	6	249
CORRELATION	0	0	0	0
SQUARE	0	0
FOLD	257	501	501	1539822	1539822	0	1605876
RAIL	66	958	6	250
CORRELATION	0	0	0	0
SQUARE	0	0
FOLD	258	503	503	1545969	1545969	0	1609879
RAIL	66	959	6	251
CORRELATION	0	0	0	0
SQUARE	0	0
FOLD	259	505	505	1552116	1552116	0	1614407
RAIL	448	576	6	252
CORRELATION	0	0	0	0
SQUARE	0	0
FOLD	260	507	507	1558263	1558263	0	1619280
RAIL	448	577	6	253
CORRELATION	0	0	0	0
SQUARE	0	0
FOLD	261	509	509	1564410	1564410	0	1623920
RAIL	67	957	6	254
CORRELATION	0	0	0	0
SQUARE	0	0
FOLD	262	511	511	1570557	1570557	0	1628864
RAIL	67	958	6	255
CORRELATION	0	0	0	0
SQUARE	0	0
FOLD	263	513	513	1576704	1576704	0	1634847
RAIL	447	577	6	256
CORRELATION	0	0	0	0
SQUARE	0	0
FOLD	264	515	515	1582851	1582851	0	1641203
RAIL	447	578	6	257
CORRELATION	0	0	0	0
SQUARE	0	0
FOLD	265	517	517	1588998	1588998	0	1647057
RAIL	68	956	6	258
CORRELATION	0	0	0	0
SQUARE	0	0
FOLD	266	519	519	1595145	1595145	0	1664262
RAIL	68	957	6	259
CORRELATION	0	0	0	0
SQUARE	0	0
FOLD	267	521	521	1601292	1601292	0	1668723
RAIL	446	578	6	260
CORRELATION	0	0	0	0
SQUARE	0	0
FOLD	268	523	523	1607439	1607439	0	1673914
RAIL	446	579	6	261
CORRELATION	0	0	0	0
SQUARE	0	0
FOLD	269	525	525	1613586	1613586	0	1678393
RAIL	69	955	6	262
CORRELATION	0	0	0	0
SQUARE	0	0
FOLD	270	527	527	1619733	1619733	0	1682440
RAIL	69	956	6	263
CORRELATION	0	0	0	0
SQUARE	0	0
FOLD	271	529	529	1625880	1625880	0	1686318
RAIL	445	579	6	264
CORRELATION	0	0	0	0
SQUARE	0	0
FOLD	272	531	531	1632027	1632027	0	1692793
RAIL	445	580	6	265
CORRELATION	0	0	0	0
SQUARE	0	0
FOLD	273	533	533	1638174	1638174	0	1697668
RAIL	70	954	6	266
CORRELATION	0	0	0	0
SQUARE	0	0
FOLD	274	535	535	1644321	1644321	0	1701754
RAIL	70	955	6	267
CORRELATION	0	0	0	0
SQUARE	0	0
FOLD	275	537	537	1650468	1650468	0	1706651
RAIL	444	580	6	268
CORRELATION	0	0	0	0
SQUARE	0	0
FOLD	276	539	539	1656615	1656615	0	1712415
RAIL	444	581	6	269
CORRELATION	0	0	0	0
SQUARE	0	0
FOLD	277	541	541	1662762	1662762	0	1717040
RAIL	71	953	6	270
CORRELATION	0	0	0	0
SQUARE	0	0
FOLD	278	543	543	1668909	1668909	0	1722442
RAIL	71	954	6	271
CORRELATION	0	0	0	0
SQUARE	0	0
FOLD	279	545	545	1675056	1675056	0	1728935
RAIL	443	581	6	272
CORRELATION	0	0	0	0
SQUARE	0	0
FOLD	280	547	547	1681203	1681203	0	1735976
RAIL	443	582	6	273
CORRELATION	0	0	0	0
SQUARE	0	0
FOLD	281	549	549	1687350	1687350	0	1740984
RAIL	72	952	6	274
CORRELATION	0	0	0	0
SQUARE	0	0
FOLD	282	551	551	1693497	1693497	0	1745311
RAIL	72	953	6	275
CORRELATION	0	0	0	0
SQUARE	0	0
FOLD	283	553	553	1699644	1699644	0	1749891
RAIL	442	582	6	276
CORRELATION	0	0	0	0
SQUARE	0	0
FOLD	284	555	555	1705791	1705791	0	1754677
RAIL	442	583	6	277
CORRELATION	0	0	0	0
SQUARE	0	0
FOLD	285	557	557	1711938	1711938	0	1759512
RAIL	73	951	6	278
CORRELATION	0	0	0	0
SQUARE	0	0
FOLD	286	559	559	1718085	1718085	0	1763618
RAIL	73	952	6	279
CORRELATION	0	0	0	0
SQUARE	0	0
FOLD	287	561	561	1724232	1724232	0	1767604
RAIL	441	583	6	280
CORRELATION	0	0	0	0
SQUARE	0	0
FOLD	288	563	563	1730379	1730379	0	1772539
RAIL	441	584	6	281
CORRELATION	0	0	0	0
SQUARE	0	0
FOLD	289	565	565	1736526	1736526	0	1777234
RAIL	74	950	6	282
CORRELATION	0	0	0	0
SQUARE	0	0
FOLD	290	567	567	1742673	1742673	0	1781415
RAIL	74	951	6	283
CORRELATION	0	0	0	0
SQUARE	0	0
FOLD	291	569	569	1748820	1748820	0	1785523
RAIL	440	584	6	284
CORRELATION	0	0	0	0
SQUARE	0	0
FOLD	292	571	571	1754967	1754967	0	1790502
RAIL	440	585	6	285
CORRELATION	0	0	0	0
SQUARE	0	0
FOLD	293	573	573	1761114	1761114	0	1795509
RAIL	75	949	6	286
CORRELATION	0	0	0	0
SQUARE	0	0
FOLD	294	575	575	1767261	1767261	0	1799480
RAIL	75	950	6	287
CORRELATION	0	0	0	0
SQUARE	0	0
FOLD	295	577	577	1773408	1773408	0	1803678
RAIL	439	585	6	288
CORRELATION	0	0	0	0
SQUARE	0	0
FOLD	296	579	579	1779555	1779555	0	1809361
RAIL	439	586	6	289
CORRELATION	0	0	0	0
SQUARE	0	0
FOLD	297	581	581	1785702	1785702	0	1814209
RAIL	76	948	6	290
CORRELATION	0	0	0	0
SQUARE	0	0
FOLD	298	583	583	1791849	1791849	0	1818578
RAIL	76	949	6	291
CORRELATION	0	0	0	0
SQUARE	0	0
FOLD	299	585	585	1797996	1797996	0	1822931
RAIL	438	586	6	292
CORRELATION	0	0	0	0
SQUARE	0	0
FOLD	300	587	587	1804143	1804143	0	1827700
RAIL	438	587	6	293
CORRELATION	0	0	0	0
SQUARE	0	0
FOLD	301	589	589	1810290	1810290	0	1832480
RAIL	77	947	6	294
CORRELATION	0	0	0	0
SQUARE	0	0
FOLD	302	591	591	1816437	1816437	0	1836760
RAIL	77	948	6	295
CORRELATION	0	0	0	0
SQUARE	0	0
FOLD	303	593	593	1822584	1822584	0	1840856
RAIL	437	587	6	296
CORRELATION	0	0	0	0
SQUARE	0	0
FOLD	304	595	595	1828731	1828731	0	1845614
RAIL	437	588	6	297
CORRELATION	0	0	0	0
SQUARE	0	0
FOLD	305	597	597	1834878	1834878	0	1850152
RAIL	78	946	6	298
CORRELATION	0	0	0	0
SQUARE	0	0
FOLD	306	599	599	1841025	1841025	0	1854323
RAIL	78	947	6	299
CORRELATION	0	0	0	0
SQUARE	0	0
FOLD	307	601	601	1847172	1847172	0	1858509
RAIL	436	588	6	300
CORRELATION	0	0	0	0
SQUARE	0	0
FOLD	308	603	603	1853319	1853319	0	1863211
RAIL	436	589	6	301
CORRELATION	0	0	0	0
SQUARE	0	0
FOLD	309	605	605	1859466	1859466	0	1867993
RAIL	79	945	6	302
CORRELATION	0	0	0	0
SQUARE	0	0
FOLD	310	607	607	1865613	1865613	0	1872268
RAIL	79	946	6	303
CORRELATION	0	0	0	0
SQUARE	0	0
FOLD	311	609	609	1871760	1871760	0	1876169
RAIL	435	589	6	304
CORRELATION	0	0	0	0
SQUARE	0	0
FOLD	312	611	611	1877907	1877907	0	1880820
RAIL	435	590	6	305
CORRELATION	0	0	0	0
SQUARE	0	0
FOLD	313	613	613	1884054	1884054	0	1885430
RAIL	80	944	6	306
CORRELATION	0	0	0	0
SQUARE	0	0
FOLD	314	615	615	1890201	1890201	0	1889690
RAIL	80	945	6	307
CORRELATION	0	0	0	0
SQUARE	0	0
FOLD	315	617	617	1896348	1896348	0	1893840
RAIL	434	590	6	308
CORRELATION	0	0	0	0
SQUARE	0	0
FOLD	316	619	619	1902495	1902495	0	1898444
RAIL	434	591	6	309
CORRELATION	0	0	0	0
SQUARE	0	0
FOLD	317	621	621	1908642	1908642	0	1903017
RAIL	81	943	6	310
CORRELATION	0	0	0	0
SQUARE	0	0
FOLD	318	623	623	1914789	1914789	0	1907473
RAIL	81	944	6	311
CORRELATION	0	0	0	0
SQUARE	0	0
FOLD	319	625	625	1920936	1920936	0	1911616
RAIL	433	591	6	312
CORRELATION	0	0	0	0
SQUARE	0	0
FOLD	320	627	627	1927083	1927083	0	1916283
RAIL	433	592	6	313
CORRELATION	0	0	0	0
SQUARE	0	0
FOLD	321	629	629	1933230	1933230	0	1921084
RAIL	82	942	6	314
CORRELATION	0	0	0	0
SQUARE	0	0
FOLD	322	631	631	1939377	1939377	0	1925266
RAIL	82	943	6	315
CORRELATION	0	0	0	0
SQUARE	0	0
FOLD	323	633	633	1945524	1945524	0	1929518
RAIL	432	592	6	316
CORRELATION	0	0	0	0
SQUARE	0	0
FOLD	324	635	635	1951671	1951671	0	1934165
RAIL	432	593	6	317
CORRELATION	0	0	0	0
SQUARE	0	0
FOLD	325	637	637	1957818	1957818	0	1938771
RAIL	83	941	6	318
CORRELATION	0	0	0	0
SQUARE	0	0
FOLD	326	639	639	1963965	1963965	0	1942910
RAIL	83	942	6	319
CORRELATION	0	0	0	0
SQUARE	0	0
FOLD	327	641	641	1970112	1970112	0	1946733
RAIL	431	593	6	320
CORRELATION	0	0	0	0
SQUARE	0	0
FOLD	328	643	643	1976259	1976259	0	1951317
RAIL	431	594	6	321
CORRELATION	0	0	0	0
SQUARE	0	0
FOLD	329	645	645	1982406	1982406	0	1956122
RAIL	84	940	6	322
CORRELATION	0	0	0	0
SQUARE	0	0
FOLD	330	647	647	1988553	1988553	0	1960256
RAIL	84	941	6	323
CORRELATION	0	0	0	0
SQUARE	0	0
FOLD	331	649	649	1994700	1994700	0	1964538
RAIL	430	594	6	324
CORRELATION	0	0	0	0
SQUARE	0	0
FOLD	332	651	651	2000847	2000847	0	1969391
RAIL	430	595	6	325
CORRELATION	0	0	0	0
SQUARE	0	0
FOLD	333	653	653	2006994	2006994	0	1973904
RAIL	85	939	6	326
CORRELATION	0	0	0	0
SQUARE	0	0
FOLD	334	655	655	2013141	2013141	0	1977987
RAIL	85	940	6	327
CORRELATION	0	0	0	0
SQUARE	0	0
FOLD	335	657	657	2019288	2019288	0	1981969
RAIL	429	595	6	328
CORRELATION	0	0	0	0
SQUARE	0	0
FOLD	336	659	659	2025435	2025435	0	1986974
RAIL	429	596	6	329
CORRELATION	0	0	0	0
SQUARE	0	0
FOLD	337	661	661	2031582	2031582	0	1991738
RAIL	86	938	6	330
CORRELATION	0	0	0	0
SQUARE	0	0
FOLD	338	663	663	2037729	2037729	0	1996009
RAIL	86	939	6	331
CORRELATION	0	0	0	0
SQUARE	0	0
FOLD	339	665	665	2043876	2043876	0	2000197
RAIL	428	596	6	332
CORRELATION	0	0	0	0
SQUARE	0	0
FOLD	340	667	667	2050023	2050023	0	2004715
RAIL	428	597	6	333
CORRELATION	0	0	0	0
SQUARE	0	0
FOLD	341	669	669	2056170	2056170	0	2009241
RAIL	87	937	6	334
CORRELATION	0	0	0	0
SQUARE	0	0
FOLD	342	671	671	2062317	2062317	0	2014492
RAIL	87	938	6	335
CORRELATION	0	0	0	0
SQUARE	0	0
FOLD	343	673	673	2068464	2068464	0	2018704
RAIL	427	597	6	336
CORRELATION	0	0	0	0
SQUARE	0	0
FOLD	344	675	675	2074611	2074611	0	2023523
RAIL	427	598	6	337
CORRELATION	0	0	0	0
SQUARE	0	0
FOLD	345	677	677	2080758	2080758	0	2028258
RAIL	88	936	6	338
CORRELATION	0	0	0	0
SQUARE	0	0
FOLD	346	679	679	2086905	2086905	0	2033036
RAIL	88	937	6	339
CORRELATION	0	0	0	0
SQUARE	0	0
FOLD	347	681	681	2093052	2093052	0	2037108
RAIL	426	598	6	340
CORRELATION	0	0	0	0
SQUARE	0	0
FOLD	348	683	683	2099199	2099199	0	2042534
RAIL	426	599	6	341
CORRELATION	0	0	0	0
SQUARE	0	0
FOLD	349	685	685	2105346	2105346	0	2049311
RAIL	89	935	6	342
CORRELATION	0	0	0	0
SQUARE	0	0
FOLD	350	687	687	2111493	2111493	0	2054062
RAIL	89	936	6	343
CORRELATION	0	0	0	0
SQUARE	0	0
FOLD	351	689	689	2117640	2117640	0	2058618
RAIL	425	599	6	344
CORRELATION	0	0	0	0
SQUARE	0	0
FOLD	352	691	691	2123787	2123787	0	2063739
RAIL	425	600	6	345
CORRELATION	0	0	0	0
SQUARE	0	0
FOLD	353	693	693	2129934	2129934	0	2068441
RAIL	90	934	6	346
CORRELATION	0	0	0	0
SQUARE	0	0
FOLD	354	695	695	2136081	2136081	0	2072629
RAIL	90	935	6	347
CORRELATION	0	0	0	0
SQUARE	0	0
FOLD	355	697	697	2142228	2142228	0	2076522
RAIL	424	600	6	348
CORRELATION	0	0	0	0
SQUARE	0	0
FOLD	356	699	699	2148375	2148375	0	2081371
RAIL	424	601	6	349
CORRELATION	0	0	0	0
SQUARE	0	0
FOLD	357	701	701	2154522	2154522	0	2086077
RAIL	91	933	6	350
CORRELATION	0	0	0	0
SQUARE	0	0
FOLD	358	703	703	2160669	2160669	0	2090093
RAIL	91	934	6	351
CORRELATION	0	0	0	0
SQUARE	0	0
FOLD	359	705	705	2166816	2166816	0	2094054
RAIL	423	601	6	352
CORRELATION	0	0	0	0
SQUARE	0	0
FOLD	360	707	707	2172963	2172963	0	2098875
RAIL	423	602	6	353
CORRELATION	0	0	0	0
SQUARE	0	0
FOLD	361	709	709	2179110	2179110	0	2103296
RAIL	92	932	6	354
CORRELATION	0	0	0	0
SQUARE	0	0
FOLD	362	711	711	2185257	2185257	0	2107545
RAIL	92	933	6	355
CORRELATION	0	0	0	0
SQUARE	0	0
FOLD	363	713	713	2191404	2191404	0	2111658
RAIL	422	602	6	356
CORRELATION	0	0	0	0
SQUARE	0	0
FOLD	364	715	715	2197551	2197551	0	2116424
RAIL	422	603	6	357
CORRELATION	0	0	0	0
SQUARE	0	0
FOLD	365	717	717	2203698	2203698	0	2121291
RAIL	93	931	6	358
CORRELATION	0	0	0	0
SQUARE	0	0
FOLD	366	719	719	2209845	2209845	0	2125448
RAIL	93	932	6	359
CORRELATION	0	0	0	0
SQUARE	0	0
FOLD	367	721	721	2215992	2215992	0	2129811
RAIL	421	603	6	360
CORRELATION	0	0	0	0
SQUARE	0	0
FOLD	368	723	723	2222139	2222139	0	2134514
RAIL	421	604	6	361
CORRELATION	0	0	0	0
SQUARE	0	0
FOLD	369	725	725	2228286	2228286	0	2139099
RAIL	94	930	6	362
CORRELATION	0	0	0	0
SQUARE	0	0
FOLD	370	727	727	2234433	2234433	0	2143304
RAIL	94	931	6	363
CORRELATION	0	0	0	0
SQUARE	0	0
FOLD	371	729	729	2240580	2240580	0	2147538
RAIL	420	604	6	364
CORRELATION	0	0	0	0
SQUARE	0	0
FOLD	372	731	731	2246727	2246727	0	2152067
RAIL	420	605	6	365
CORRELATION	0	0	0	0
SQUARE	0	0
FOLD	373	733	733	2252874	2252874	0	2156650
RAIL	95	929	6	366
CORRELATION	0	0	0	0
SQUARE	0	0
FOLD	374	735	735	2259021	2259021	0	2160922
RAIL	95	930	6	367
CORRELATION	0	0	0	0
SQUARE	0	0
FOLD	375	737	737	2265168	2265168	0	2165108
RAIL	419	605	6	368
CORRELATION	0	0	0	0
SQUARE	0	0
FOLD	376	739	739	2271315	2271315	0	2169820
RAIL	419	606	6	369
CORRELATION	0	0	0	0
SQUARE	0	0
FOLD	377	741	741	2277462	2277462	0	2174398
RAIL	96	928	6	370
CORRELATION	0	0	0	0
SQUARE	0	0
FOLD	378	743	743	2283609	2283609	0	2178586
RAIL	96	929	6	371
CORRELATION	0	0	0	0
SQUARE	0	0
FOLD	379	745	745	2289756	2289756	0	2182810
RAIL	418	606	6	372
CORRELATION	0	0	0	0
SQUARE	0	0
FOLD	380	747	747	2295903	2295903	0	2187330
RAIL	418	607	6	373
CORRELATION	0	0	0	0
SQUARE	0	0
FOLD	381	749	749	2302050	2302050	0	2192077
RAIL	97	927	6	374
CORRELATION	0	0	0	0
SQUARE	0	0
FOLD	382	751	751	2308197	2308197	0	2196460
RAIL	97	928	6	375
CORRELATION	0	0	0	0
SQUARE	0	0
FOLD	383	753	753	2314344	2314344	0	2201029
RAIL	417	607	6	376
CORRELATION	0	0	0	0
SQUARE	0	0
FOLD	384	755	755	2320491	2320491	0	2206746
RAIL	417	608	6	377
CORRELATION	0	0	0	0
SQUARE	0	0
FOLD	385	757	757	2326638	2326638	0	2211783
RAIL	98	926	6	378
CORRELATION	0	0	0	0
SQUARE	0	0
FOLD	386	759	759	2332785	2332785	0	2216422
RAIL	98	927	6	379
CORRELATION	0	0	0	0
SQUARE	0	0
FOLD	387	761	761	2338932	2338932	0	2221552
RAIL	416	608	6	380
CORRELATION	0	0	0	0
SQUARE	0	0
FOLD	388	763	763	2345079	2345079	0	2228243
RAIL	416	609	6	381
CORRELATION	0	0	0	0
SQUARE	0	0
FOLD	389	765	765	2351226	2351226	0	2233340
RAIL	99	925	6	382
CORRELATION	0	0	0	0
SQUARE	0	0
FOLD	390	767	767	2357373	2357373	0	2238690
RAIL	99	926	6	383
CORRELATION	0	0	0	0
SQUARE	0	0
FOLD	391	769	769	2363520	2363520	0	2243459
RAIL	415	609	6	384
CORRELATION	0	0	0	0
SQUARE	0	0
FOLD	392	771	771	2369667	2369667	0	2248834
RAIL	415	610	6	385
CORRELATION	0	0	0	0
SQUARE	0	0
FOLD	393	773	773	2375814	2375814	0	2253970
RAIL	100	924	6	386
CORRELATION	0	0	0	0
SQUARE	0	0
FOLD	394	775	775	2381961	2381961	0	2258850
RAIL	100	925	6	387
CORRELATION	0	0	0	0
SQUARE	0	0
FOLD	395	777	777	2388108	2388108	0	2263514
RAIL	414	610	6	388
CORRELATION	0	0	0	0
SQUARE	0	0
FOLD	396	779	779	2394255	2394255	0	2268935
RAIL	414	611	6	389
CORRELATION	0	0	0	0
SQUARE	0	0
FOLD	397	781	781	2400402	2400402	0	2273984
RAIL	101	923	6	390
CORRELATION	0	0	0	0
SQUARE	0	0
FOLD	398	783	783	2406549	2406549	0	2278179
RAIL	101	924	6	391
CORRELATION	0	0	0	0
SQUARE	0	0
FOLD	399	785	785	2412696	2412696	0	2282299
RAIL	413	611	6	392
CORRELATION	0	0	0	0
SQUARE	0	0
FOLD	400	787	787	2418843	2418843	0	2287004
RAIL	413	612	6	393
CORRELATION	0	0	0	0
SQUARE	0	0
FOLD	401	789	789	2424990	2424990	0	2291862
RAIL	102	922	6	394
CORRELATION	0	0	0	0
SQUARE	0	0
FOLD	402	791	791	2431137	2431137	0	2296504
RAIL	102	923	6	395
CORRELATION	0	0	0	0
SQUARE	0	0
FOLD	403	793	793	2437284	2437284	0	2301133
RAIL	412	612	6	396
CORRELATION	0	0	0	0
SQUARE	0	0
FOLD	404	795	795	2443431	2443431	0	2306307
RAIL	412	613	6	397
CORRELATION	0	0	0	0
SQUARE	0	0
FOLD	405	797	797	2449578	2449578	0	2311430
RAIL	103	921	6	398
CORRELATION	0	0	0	0
SQUARE	0	0
FOLD	406	799	799	2455725	2455725	0	2315738
RAIL	103	922	6	399
CORRELATION	0	0	0	0
SQUARE	0	0
FOLD	407	801	801	2461872	2461872	0	2320156
RAIL	411	613	6	400
CORRELATION	0	0	0	0
SQUARE	0	0
FOLD	408	803	803	2468019	2468019	0	2325265
RAIL	411	614	6	401
CORRELATION	0	0	0	0
SQUARE	0	0
FOLD	409	805	805	2474166	2474166	0	2330114
RAIL	104	920	6	402
CORRELATION	0	0	0	0
SQUARE	0	0
FOLD	410	807	807	2480313	2480313	0	2334438
RAIL	104	921	6	403
CORRELATION	0	0	0	0
SQUARE	0	0
FOLD	411	809	809	2486460	2486460	0	2338732
RAIL	410	614	6	404
CORRELATION	0	0	0	0
SQUARE	0	0
FOLD	412	811	811	2492607	2492607	0	2343373
RAIL	410	615	6	405
CORRELATION	0	0	0	0
SQUARE	0	0
FOLD	413	813	813	2498754	2498754	0	2348011
RAIL	105	919	6	406
CORRELATION	0	0	0	0
SQUARE	0	0
FOLD	414	815	815	2504901	2504901	0	2352182
RAIL	105	920	6	407
CORRELATION	0	0	0	0
SQUARE	0	0
FOLD	415	817	817	2511048	2511048	0	2356329
RAIL	409	615	6	408
CORRELATION	0	0	0	0
SQUARE	0	0
FOLD	416	819	819	2517195	2517195	0	2361024
RAIL	409	616	6	409
CORRELATION	0	0	0	0
SQUARE	0	0
FOLD	417	821	821	2523342	2523342	0	2366201
RAIL	106	918	6	410
CORRELATION	0	0	0	0
SQUARE	0	0
FOLD	418	823	823	2529489	2529489	0	2373191
RAIL	106	919	6	411
CORRELATION	0	0	0	0
SQUARE	0	0
FOLD	419	825	825	2535636	2535636	0	2379635
RAIL	408	616	6	412
CORRELATION	0	0	0	0
SQUARE	0	0
FOLD	420	827	827	2541783	2541783	0	2386783
RAIL	408	617	6	413
CORRELATION	0	0	0	0
SQUARE	0	0
FOLD	421	829	829	2547930	2547930	0	2395433
RAIL	107	917	6	414
CORRELATION	0	0	0	0
SQUARE	0	0
FOLD	422	831	831	2554077	2554077	0	2401818
RAIL	107	918	6	415
CORRELATION	0	0	0	0
SQUARE	0	0
FOLD	423	833	833	2560224	2560224	0	2406079
RAIL	407	617	6	416
CORRELATION	0	0	0	0
SQUARE	0	0
FOLD	424	835	835	2566371	2566371	0	2410852
RAIL	407	618	6	417
CORRELATION	0	0	0	0
SQUARE	0	0
FOLD	425	837	837	2572518	2572518	0	2416100
RAIL	108	916	6	418
CORRELATION	0	0	0	0
SQUARE	0	0
FOLD	426	839	839	2578665	2578665	0	2420200
RAIL	108	917	6	419
CORRELATION	0	0	0	0
SQUARE	0	0
FOLD	427	841	841	2584812	2584812	0	2424560
RAIL	406	618	6	420
CORRELATION	0	0	0	0
SQUARE	0	0
FOLD	428	843	843	2590959	2590959	0	2429613
RAIL	406	619	6	421
CORRELATION	0	0	0	0
SQUARE	0	0
FOLD	429	845	845	2597106	2597106	0	2434459
RAIL	109	915	6	422
CORRELATION	0	0	0	0
SQUARE	0	0
FOLD	430	847	847	2603253	2603253	0	2438927
RAIL	109	916	6	423
CORRELATION	0	0	0	0
SQUARE	0	0
FOLD	431	849	849	2609400	2609400	0	2443626
RAIL	405	619	6	424
CORRELATION	0	0	0	0
SQUARE	0	0
FOLD	432	851	851	2615547	2615547	0	2448761
RAIL	405	620	6	425
CORRELATION	0	0	0	0
SQUARE	0	0
FOLD	433	853	853	2621694	2621694	0	2453792
RAIL	110	914	6	426
CORRELATION	0	0	0	0
SQUARE	0	0
FOLD	434	855	855	2627841	2627841	0	2458147
RAIL	110	915	6	427
CORRELATION	0	0	0	0
SQUARE	0	0
FOLD	435	857	857	2633988	2633988	0	2462608
RAIL	404	620	6	428
CORRELATION	0	0	0	0
SQUARE	0	0
FOLD	436	859	859	2640135	2640135	0	2467527
RAIL	404	621	6	429
CORRELATION	0	0	0	0
SQUARE	0	0
FOLD	437	861	861	2646282	2646282	0	2472684
RAIL	111	913	6	430
CORRELATION	0	0	0	0
SQUARE	0	0
FOLD	438	863	863	2652429	2652429	0	2477323
RAIL	111	914	6	431
CORRELATION	0	0	0	0
SQUARE	0	0
FOLD	439	865	865	2658576	2658576	0	2484201
RAIL	403	621	6	432
CORRELATION	0	0	0	0
SQUARE	0	0
FOLD	440	867	867	2664723	2664723	0	2492852
RAIL	403	622	6	433
CORRELATION	0	0	0	0
SQUARE	0	0
FOLD	441	869	869	2670870	2670870	0	2500968
RAIL	112	912	6	434
CORRELATION	0	0	0	0
SQUARE	0	0
FOLD	442	871	871	2677017	2677017	0	2506072
RAIL	112	913	6	435
CORRELATION	0	0	0	0
SQUARE	0	0
FOLD	443	873	873	2683164	2683164	0	2512163
RAIL	402	622	6	436
CORRELATION	0	0	0	0
SQUARE	0	0
FOLD	444	875	875	2689311	2689311	0	2517366
RAIL	402	623	6	437
CORRELATION	0	0	0	0
SQUARE	0	0
FOLD	445	877	877	2695458	2695458	0	2521873
RAIL	113	911	6	438
CORRELATION	0	0	0	0
SQUARE	0	0
FOLD	446	879	879	2701605	2701605	0	2525888
RAIL	113	912	6	439
CORRELATION	0	0	0	0
SQUARE	0	0
FOLD	447	881	881	2707752	2707752	0	2529965
RAIL	401	623	6	440
CORRELATION	0	0	0	0
SQUARE	0	0
FOLD	448	883	883	2713899	2713899	0	2534657
RAIL	401	624	6	441
CORRELATION	0	0	0	0
SQUARE	0	0
FOLD	449	885	885	2720046	2720046	0	2539459
RAIL	114	910	6	442
CORRELATION	0	0	0	0
SQUARE	0	0
FOLD	450	887	887	2726193	2726193	0	2544533
RAIL	114	911	6	443
CORRELATION	0	0	0	0
SQUARE	0	0
FOLD	451	889	889	2732340	2732340	0	2548601
RAIL	400	624	6	444
CORRELATION	0	0	0	0
SQUARE	0	0
FOLD	452	891	891	2738487	2738487	0	2553222
RAIL	400	625	6	445
CORRELATION	0	0	0	0
SQUARE	0	0
FOLD	453	893	893	2744634	2744634	0	2557967
RAIL	115	909	6	446
CORRELATION	0	0	0	0
SQUARE	0	0
FOLD	454	895	895	2750781	2750781	0	2564540
RAIL	115	910	6	447
CORRELATION	0	0	0	0
SQUARE	0	0
FOLD	455	897	897	2756928	2756928	0	2570968
RAIL	399	625	6	448
CORRELATION	0	0	0	0
SQUARE	0	0
FOLD	456	899	899	2763075	2763075	0	2575744
RAIL	399	626	6	449
CORRELATION	0	0	0	0
SQUARE	0	0
FOLD	457	901	901	2769222	2769222	0	2580415
RAIL	116	908	6	450
CORRELATION	0	0	0	0
SQUARE	0	0
FOLD	458	903	903	2775369	2775369	0	2585018
RAIL	116	909	6	451
CORRELATION	0	0	0	0
SQUARE	0	0
FOLD	459	905	905	2781516	2781516	0	2589035
RAIL	398	626	6	452
CORRELATION	0	0	0	0
SQUARE	0	0
FOLD	460	907	907	2787663	2787663	0	2593986
RAIL	398	627	6	453
CORRELATION	0	0	0	0
SQUARE	0	0
FOLD	461	909	909	2793810	2793810	0	2598657
RAIL	117	907	6	454
CORRELATION	0	0	0	0
SQUARE	0	0
FOLD	462	911	911	2799957	2799957	0	2602687
RAIL	117	908	6	455
CORRELATION	0	0	0	0
SQUARE	0	0
FOLD	463	913	913	2806104	2806104	0	2606753
RAIL	397	627	6	456
CORRELATION	0	0	0	0
SQUARE	0	0
FOLD	464	915	915	2812251	2812251	0	2611323
RAIL	397	628	6	457
CORRELATION	0	0	0	0
SQUARE	0	0
FOLD	465	917	917	2818398	2818398	0	2615661
RAIL	118	906	6	458
CORRELATION	0	0	0	0
SQUARE	0	0
FOLD	466	919	919	2824545	2824545	0	2620146
RAIL	118	907	6	459
CORRELATION	0	0	0	0
SQUARE	0	0
FOLD	467	921	921	2830692	2830692	0	2624948
RAIL	396	628	6	460
CORRELATION	0	0	0	0
SQUARE	0	0
FOLD	468	923	923	2836839	2836839	0	2629935
RAIL	396	629	6	461
CORRELATION	0	0	0	0
SQUARE	0	0
FOLD	469	925	925	2842986	2842986	0	2634941
RAIL	119	905	6	462
CORRELATION	0	0	0	0
SQUARE	0	0
FOLD	470	927	927	2849133	2849133	0	2639122
RAIL	119	906	6	463
CORRELATION	0	0	0	0
SQUARE	0	0
FOLD	471	929	929	2855280	2855280	0	2643252
RAIL	395	629	6	464
CORRELATION	0	0	0	0
SQUARE	0	0
FOLD	472	931	931	2861427	2861427	0	2647672
RAIL	395	630	6	465
CORRELATION	0	0	0	0
SQUARE	0	0
FOLD	473	933	933	2867574	2867574	0	2652561
RAIL	120	904	6	466
CORRELATION	0	0	0	0
SQUARE	0	0
FOLD	474	935	935	2873721	2873721	0	2656864
RAIL	120	905	6	467
CORRELATION	0	0	0	0
SQUARE	0	0
FOLD	475	937	937	2879868	2879868	0	2660944
RAIL	394	630	6	468
CORRELATION	0	0	0	0
SQUARE	0	0
FOLD	476	939	939	2886015	2886015	0	2665309
RAIL	394	631	6	469
CORRELATION	0	0	0	0
SQUARE	0	0
FOLD	477	941	941	2892162	2892162	0	2670071
RAIL	121	903	6	470
CORRELATION	0	0	0	0
SQUARE	0	0
FOLD	478	943	943	2898309	2898309	0	2674306
RAIL	121	904	6	471
CORRELATION	0	0	0	0
SQUARE	0	0
FOLD	479	945	945	2904456	2904456	0	2678588
RAIL	393	631	6	472
CORRELATION	0	0	0	0
SQUARE	0	0
FOLD	480	947	947	2910603	2910603	0	2683494
RAIL	393	632	6	473
CORRELATION	0	0	0	0
SQUARE	0	0
FOLD	481	949	949	2916750	2916750	0	2688103
RAIL	122	902	6	474
CORRELATION	0	0	0	0
SQUARE	0	0
FOLD	482	951	951	2922897	2922897	0	2692244
RAIL	122	903	6	475
CORRELATION	0	0	0	0
SQUARE	0	0
FOLD	483	953	953	2929044	2929044	0	2696331
RAIL	392	632	6	476
CORRELATION	0	0	0	0
SQUARE	0	0
FOLD	484	955	955	2935191	2935191	0	2700822
RAIL	392	633	6	477
CORRELATION	0	0	0	0
SQUARE	0	0
FOLD	485	957	957	2941338	2941338	0	2707967
RAIL	123	901	6	478
CORRELATION	0	0	0	0
SQUARE	0	0
FOLD	486	959	959	2947485	2947485	0	2714187
RAIL	123	902	6	479
CORRELATION	0	0	0	0
SQUARE	0	0
FOLD	487	961	961	2953632	2953632	0	2718306
RAIL	391	633	6	480
CORRELATION	0	0	0	0
SQUARE	0	0
FOLD	488	963	963	2959779	2959779	0	2723336
RAIL	391	634	6	481
CORRELATION	0	0	0	0
SQUARE	0	0
FOLD	489	965	965	2965926	2965926	0	2729919
RAIL	124	900	6	482
CORRELATION	0	0	0	0
SQUARE	0	0
FOLD	490	967	967	2972073	2972073	0	2737435
RAIL	124	901	6	483
CORRELATION	0	0	0	0
SQUARE	0	0
FOLD	491	969	969	2978220	2978220	0	2744963
RAIL	390	634	6	484
CORRELATION	0	0	0	0
SQUARE	0	0
FOLD	492	971	971	2984367	2984367	0	2750658
RAIL	390	635	6	485
CORRELATION	0	0	0	0
SQUARE	0	0
FOLD	493	973	973	2990514	2990514	0	2755222
RAIL	125	899	6	486
CORRELATION	0	0	0	0
SQUARE	0	0
FOLD	494	975	975	2996661	2996661	0	2759523
RAIL	125	900	6	487
CORRELATION	0	0	0	0
SQUARE	0	0
FOLD	495	977	977	3002808	3002808	0	2763439
RAIL	389	635	6	488
CORRELATION	0	0	0	0
SQUARE	0	0
FOLD	496	979	979	3008955	3008955	0	2768327
RAIL	389	636	6	489
CORRELATION	0	0	0	0
SQUARE	0	0
FOLD	497	981	981	3015102	3015102	0	2773318
RAIL	126	898	6	490
CORRELATION	0	0	0	0
SQUARE	0	0
FOLD	498	983	983	3021249	3021249	0	2777563
RAIL	126	899	6	491
CORRELATION	0	0	0	0
SQUARE	0	0
FOLD	499	985	985	3027396	3027396	0	2781760
RAIL	388	636	6	492
CORRELATION	0	0	0	0
SQUARE	0	0
FOLD	500	987	987	3033543	3033543	0	2786309
RAIL	388	637	6	493
CORRELATION	0	0	0	0
SQUARE	0	0
FOLD	501	989	989	3039690	3039690	0	2790742
RAIL	127	897	6	494
CORRELATION	0	0	0	0
SQUARE	0	0
FOLD	502	991	991	3045837	3045837	0	2794921
RAIL	127	898	6	495
CORRELATION	0	0	0	0
SQUARE	0	0
FOLD	503	993	993	3051984	3051984	0	2799204
RAIL	387	637	6	496
CORRELATION	0	0	0	0
SQUARE	0	0
FOLD	504	995	995	3058131	3058131	0	2803659
RAIL	387	638	6	497
CORRELATION	0	0	0	0
SQUARE	0	0
FOLD	505	997	997	3064278	3064278	0	2808405
RAIL	128	896	6	498
CORRELATION	0	0	0	0
SQUARE	0	0
FOLD	506	999	999	3070425	3070425	0	2812675
RAIL	128	897	6	499
CORRELATION	0	0	0	0
SQUARE	0	0
FOLD	507	1001	1001	3076572	3076572	0	2816832
RAIL	386	638	6	500
CORRELATION	0	0	0	0
SQUARE	0	0
FOLD	508	1003	1003	3082719	3082719	0	2821513
RAIL	386	639	6	501
CORRELATION	0	0	0	0
SQUARE	0	0
FOLD	509	1005	1005	3088866	3088866	0	2825890
RAIL	129	895	6	502
CORRELATION	0	0	0	0
SQUARE	0	0
FOLD	510	1007	1007	3095013	3095013	0	2830623
RAIL	129	896	6	503
CORRELATION	0	0	0	0
SQUARE	0	0
FOLD	511	1009	1009	3101160	3101160	0	2834649
RAIL	385	639	6	504
CORRELATION	0	0	0	0
SQUARE	0	0
FOLD	512	1011	1011	3107307	3107307	0	2839092
RAIL	385	640	6	505
CORRELATION	0	0	0	0
SQUARE	0	0
FOLD	513	1013	1013	3113454	3113454	0	2843412
RAIL	130	894	6	506
CORRELATION	0	0	0	0
SQUARE	0	0
FOLD	514	1015	1015	3119601	3119601	0	2847768
RAIL	130	895	6	507
CORRELATION	0	0	0	0
SQUARE	0	0
FOLD	515	1017	1017	3125748	3125748	0	2852150
RAIL	384	640	6	508
CORRELATION	0	0	0	0
SQUARE	0	0
FOLD	516	1019	1019	3131895	3131895	0	2857006
RAIL	384	641	6	509
CORRELATION	0	0	0	0
SQUARE	0	0
FOLD	517	1021	1021	3138042	3138042	0	2861819
RAIL	131	893	6	510
CORRELATION	0	0	0	0
SQUARE	0	0
FOLD	518	1023	1023	3144189	3144189	0	2866599
RAIL	131	894	6	511
CORRELATION	0	0	0	0
SQUARE	0	0
FOLD	519	1025	1025	3150336	3150336	0	2871059
RAIL	383	641	6	512
CORRELATION	0	0	0	0
SQUARE	0	0
FOLD	520	1027	1027	3156483	3156483	0	2875729
RAIL	383	642	6	513
CORRELATION	0	0	0	0
SQUARE	0	0
FOLD	521	1029	1029	3162630	3162630	0	2880850
RAIL	132	892	6	514
CORRELATION	0	0	0	0
SQUARE	0	0
FOLD	522	1031	1031	3168777	3168777	0	2885415
RAIL	132	893	6	515
CORRELATION	0	0	0	0
SQUARE	0	0
FOLD	523	1033	1033	3174924	3174924	0	2889939
RAIL	382	642	6	516
CORRELATION	0	0	0	0
SQUARE	0	0
FOLD	524	1035	1035	3181071	3181071	0	2897058
RAIL	382	643	6	517
CORRELATION	0	0	0	0
SQUARE	0	0
FOLD	525	1037	1037	3187218	3187218	0	2904735
RAIL	133	891	6	518
CORRELATION	0	0	0	0
SQUARE	0	0
FOLD	526	1039	1039	3193365	3193365	0	2909804
RAIL	133	892	6	519
CORRELATION	0	0	0	0
SQUARE	0	0
FOLD	527	1041	1041	3199512	3199512	0	2913970
RAIL	381	643	6	520
CORRELATION	0	0	0	0
SQUARE	0	0
FOLD	528	1043	1043	3205659	3205659	0	2918520
RAIL	381	644	6	521
CORRELATION	0	0	0	0
SQUARE	0	0
FOLD	529	1045	1045	3211806	3211806	0	2923761
RAIL	134	890	6	522
CORRELATION	0	0	0	0
SQUARE	0	0
FOLD	530	1047	1047	3217953	3217953	0	2929148
RAIL	134	891	6	523
CORRELATION	0	0	0	0
SQUARE	0	0
FOLD	531	1049	1049	3224100	3224100	0	2933438
RAIL	380	644	6	524
CORRELATION	0	0	0	0
SQUARE	0	0
FOLD	532	1051	1051	3230247	3230247	0	2938150
RAIL	380	645	6	525
CORRELATION	0	0	0	0
SQUARE	0	0
FOLD	533	1053	1053	3236394	3236394	0	2942737
RAIL	135	889	6	526
CORRELATION	0	0	0	0
SQUARE	0	0
FOLD	534	1055	1055	3242541	3242541	0	2947158
RAIL	135	890	6	527
CORRELATION	0	0	0	0
SQUARE	0	0
FOLD	535	1057	1057	3248688	3248688	0	2951629
RAIL	379	645	6	528
CORRELATION	0	0	0	0
SQUARE	0	0
FOLD	536	1059	1059	3254835	3254835	0	2956446
RAIL	379	646	6	529
CORRELATION	0	0	0	0
SQUARE	0	0
FOLD	537	1061	1061	3260982	3260982	0	2960958
RAIL	136	888	6	530
CORRELATION	0	0	0	0
SQUARE	0	0
FOLD	538	1063	1063	3267129	3267129	0	2965894
RAIL	136	889	6	531
CORRELATION	0	0	0	0
SQUARE	0	0
FOLD	539	1065	1065	3273276	3273276	0	2970264
RAIL	378	646	6	532
CORRELATION	0	0	0	0
SQUARE	0	0
FOLD	540	1067	1067	3279423	3279423	0	2975192
RAIL	378	647	6	533
CORRELATION	0	0	0	0
SQUARE	0	0
FOLD	541	1069	1069	3285570	3285570	0	2979744
RAIL	137	887	6	534
CORRELATION	0	0	0	0
SQUARE	0	0
FOLD	542	1071	1071	3291717	3291717	0	2984498
RAIL	137	888	6	535
CORRELATION	0	0	0	0
SQUARE	0	0
FOLD	543	1073	1073	3297864	3297864	0	2989120
RAIL	377	647	6	536
CORRELATION	0	0	0	0
SQUARE	0	0
FOLD	544	1075	1075	3304011	3304011	0	2993401
RAIL	377	648	6	537
CORRELATION	0	0	0	0
SQUARE	0	0
FOLD	545	1077	1077	3310158	3310158	0	2998359
RAIL	138	886	6	538
CORRELATION	0	0	0	0
SQUARE	0	0
FOLD	546	1079	1079	3316305	3316305	0	3002356
RAIL	138	887	6	539
CORRELATION	0	0	0	0
SQUARE	0	0
FOLD	547	1081	1081	3322452	3322452	0	3006663
RAIL	376	648	6	540
CORRELATION	0	0	0	0
SQUARE	0	0
FOLD	548	1083	1083	3328599	3328599	0	3011437
RAIL	376	649	6	541
CORRELATION	0	0	0	0
SQUARE	0	0
FOLD	549	1085	1085	3334746	3334746	0	3016116
RAIL	139	885	6	542
CORRELATION	0	0	0	0
SQUARE	0	0
FOLD	550	1087	1087	3340893	3340893	0	3020766
RAIL	139	886	6	543
CORRELATION	0	0	0	0
SQUARE	0	0
FOLD	551	1089	1089	3347040	3347040	0	3025500
RAIL	375	649	6	544
CORRELATION	0	0	0	0
SQUARE	0	0
FOLD	552	1091	1091	3353187	3353187	0	3030342
RAIL	375	650	6	545
CORRELATION	0	0	0	0
SQUARE	0	0
FOLD	553	1093	1093	3359334	3359334	0	3035048
RAIL	140	884	6	546
CORRELATION	0	0	0	0
SQUARE	0	0
FOLD	554	1095	1095	3365481	3365481	0	3039634
RAIL	140	885	6	547
CORRELATION	0	0	0	0
SQUARE	0	0
FOLD	555	1097	1097	3371628	3371628	0	3044208
RAIL	374	650	6	548
CORRELATION	0	0	0	0
SQUARE	0	0
FOLD	556	1099	1099	3377775	3377775	0	3048552
RAIL	374	651	6	549
CORRELATION	0	0	0	0
SQUARE	0	0
FOLD	557	1101	1101	3383922	3383922	0	3053017
RAIL	141	883	6	550
CORRELATION	0	0	0	0
SQUARE	0	0
FOLD	558	1103	1103	3390069	3390069	0	3057334
RAIL	141	884	6	551
CORRELATION	0	0	0	0
SQUARE	0	0
FOLD	559	1105	1105	3396216	3396216	0	3061498
RAIL	373	651	6	552
CORRELATION	0	0	0	0
SQUARE	0	0
FOLD	560	1107	1107	3402363	3402363	0	3065965
RAIL	373	652	6	553
CORRELATION	0	0	0	0
SQUARE	0	0
FOLD	561	1109	1109	3408510	3408510	0	3070541
RAIL	142	882	6	554
CORRELATION	0	0	0	0
SQUARE	0	0
FOLD	562	1111	1111	3414657	3414657	0	3076079
RAIL	142	883	6	555
CORRELATION	0	0	0	0
SQUARE	0	0
FOLD	563	1113	1113	3420804	3420804	0	3082249
RAIL	372	652	6	556
CORRELATION	0	0	0	0
SQUARE	0	0
FOLD	564	1115	1115	3426951	3426951	0	3088793
RAIL	372	653	6	557
CORRELATION	0	0	0	0
SQUARE	0	0
FOLD	565	1117	1117	3433098	3433098	0	3093707
RAIL	143	881	6	558
CORRELATION	0	0	0	0
SQUARE	0	0
FOLD	566	1119	1119	3439245	3439245	0	3098510
RAIL	143	882	6	559
CORRELATION	0	0	0	0
SQUARE	0	0
FOLD	567	1121	1121	3445392	3445392	0	3104084
RAIL	371	653	6	560
CORRELATION	0	0	0	0
SQUARE	0	0
FOLD	568	1123	1123	3451539	3451539	0	3108490
RAIL	371	654	6	561
CORRELATION	0	0	0	0
SQUARE	0	0
FOLD	569	1125	1125	3457686	3457686	0	3113238
RAIL	144	880	6	562
CORRELATION	0	0	0	0
SQUARE	0	0
FOLD	570	1127	1127	3463833	3463833	0	3117943
RAIL	144	881	6	563
CORRELATION	0	0	0	0
SQUARE	0	0
FOLD	571	1129	1129	3469980	3469980	0	3122222
RAIL	370	654	6	564
CORRELATION	0	0	0	0
SQUARE	0	0
FOLD	572	1131	1131	3476127	3476127	0	3126706
RAIL	370	655	6	565
CORRELATION	0	0	0	0
SQUARE	0	0
FOLD	573	1133	1133	3482274	3482274	0	3131216
RAIL	145	879	6	566
CORRELATION	0	0	0	0
SQUARE	0	0
FOLD	574	1135	1135	3488421	3488421	0	3135783
RAIL	145	880	6	567
CORRELATION	0	0	0	0
SQUARE	0	0
FOLD	575	1137	1137	3494568	3494568	0	3140129
RAIL	369	655	6	568
CORRELATION	0	0	0	0
SQUARE	0	0
FOLD	576	1139	1139	3500715	3500715	0	3144844
RAIL	369	656	6	569
CORRELATION	0	0	0	0
SQUARE	0	0
FOLD	577	1141	1141	3506862	3506862	0	3150163
RAIL	146	878	6	570
CORRELATION	0	0	0	0
SQUARE	0	0
FOLD	578	1143	1143	3513009	3513009	0	3154309
RAIL	146	879	6	571
CORRELATION	0	0	0	0
SQUARE	0	0
FOLD	579	1145	1145	3519156	3519156	0	3158409
RAIL	368	656	6	572
CORRELATION	0	0	0	0
SQUARE	0	0
FOLD	580	1147	1147	3525303	3525303	0	3163182
RAIL	368	657	6	573
CORRELATION	0	0	0	0
SQUARE	0	0
FOLD	581	1149	1149	3531450	3531450	0	3168404
RAIL	147	877	6	574
CORRELATION	0	0	0	0
SQUARE	0	0
FOLD	582	1151	1151	3537597	3537597	0	3173585
RAIL	147	878	6	575
CORRELATION	0	0	0	0
SQUARE	0	0
FOLD	583	1153	1153	3543744	3543744	0	3178805
RAIL	367	657	6	576
CORRELATION	0	0	0	0
SQUARE	0	0
FOLD	584	1155	1155	3549891	3549891	0	3184363
RAIL	367	658	6	577
CORRELATION	0	0	0	0
SQUARE	0	0
FOLD	585	1157	1157	3556038	3556038	0	3189474
RAIL	148	876	6	578
CORRELATION	0	0	0	0
SQUARE	0	0
FOLD	586	1159	1159	3562185	3562185	0	3194447
RAIL	148	877	6	579
CORRELATION	0	0	0	0
SQUARE	0	0
FOLD	587	1161	1161	3568332	3568332	0	3199436
RAIL	366	658	6	580
CORRELATION	0	0	0	0
SQUARE	0	0
FOLD	588	1163	1163	3574479	3574479	0	3204732
RAIL	366	659	6	581
CORRELATION	0	0	0	0
SQUARE	0	0
FOLD	589	1165	1165	3580626	3580626	0	3213154
RAIL	149	875	6	582
CORRELATION	0	0	0	0
SQUARE	0	0
FOLD	590	1167	1167	3586773	3586773	0	3220662
RAIL	149	876	6	583
CORRELATION	0	0	0	0
SQUARE	0	0
FOLD	591	1169	1169	3592920	3592920	0	3225211
RAIL	365	659	6	584
CORRELATION	0	0	0	0
SQUARE	0	0
FOLD	592	1171	1171	3599067	3599067	0	3229916
RAIL	365	660	6	585
CORRELATION	0	0	0	0
SQUARE	0	0
FOLD	593	1173	1173	3605214	3605214	0	3234535
RAIL	150	874	6	586
CORRELATION	0	0	0	0
SQUARE	0	0
FOLD	594	1175	1175	3611361	3611361	0	3238921
RAIL	150	875	6	587
CORRELATION	0	0	0	0
SQUARE	0	0
FOLD	595	1177	1177	3617508	3617508	0	3243254
RAIL	364	660	6	588
CORRELATION	0	0	0	0
SQUARE	0	0
FOLD	596	1179	1179	3623655	3623655	0	3247793
RAIL	364	661	6	589
CORRELATION	0	0	0	0
SQUARE	0	0
FOLD	597	1181	1181	3629802	3629802	0	3252683
RAIL	151	873	6	590
CORRELATION	0	0	0	0
SQUARE	0	0
FOLD	598	1183	1183	3635949	3635949	0	3257206
RAIL	151	874	6	591
CORRELATION	0	0	0	0
SQUARE	0	0
FOLD	599	1185	1185	3642096	3642096	0	3261567
RAIL	363	661	6	592
CORRELATION	0	0	0	0
SQUARE	0	0
FOLD	600	1187	1187	3648243	3648243	0	3266059
RAIL	363	662	6	593
CORRELATION	0	0	0	0
SQUARE	0	0
FOLD	601	1189	1189	3654390	3654390	0	3270497
RAIL	152	872	6	594
CORRELATION	0	0	0	0
SQUARE	0	0
FOLD	602	1191	1191	3660537	3660537	0	3274848
RAIL	152	873	6	595
CORRELATION	0	0	0	0
SQUARE	0	0
FOLD	603	1193	1193	3666684	3666684	0	3279281
RAIL	362	662	6	596
CORRELATION	0	0	0	0
SQUARE	0	0
FOLD	604	1195	1195	3672831	3672831	0	3283684
RAIL	362	663	6	597
CORRELATION	0	0	0	0
SQUARE	0	0
FOLD	605	1197	1197	3678978	3678978	0	3288252
RAIL	153	871	6	598
CORRELATION	0	0	0	0
SQUARE	0	0
FOLD	606	1199	1199	3685125	3685125	0	3292385
RAIL	153	872	6	599
CORRELATION	0	0	0	0
SQUARE	0	0
FOLD	607	1201	1201	3691272	3691272	0	3296751
RAIL	361	663	6	600
CORRELATION	0	0	0	0
SQUARE	0	0
FOLD	608	1203	1203	3697419	3697419	0	3301064
RAIL	361	664	6	601
CORRELATION	0	0	0	0
SQUARE	0	0
FOLD	609	1205	1205	3703566	3703566	0	3305839
RAIL	154	870	6	602
CORRELATION	0	0	0	0
SQUARE	0	0
FOLD	610	1207	1207	3709713	3709713	0	3310655
RAIL	154	871	6	603
CORRELATION	0	0	0	0
SQUARE	0	0
FOLD	611	1209	1209	3715860	3715860	0	3315311
RAIL	360	664	6	604
CORRELATION	0	0	0	0
SQUARE	0	0
FOLD	612	1211	1211	3722007	3722007	0	3320233
RAIL	360	665	6	605
CORRELATION	0	0	0	0
SQUARE	0	0
FOLD	613	1213	1213	3728154	3728154	0	3325714
RAIL	155	869	6	606
CORRELATION	0	0	0	0
SQUARE	0	0
FOLD	614	1215	1215	3734301	3734301	0	3330585
RAIL	155	870	6	607
CORRELATION	0	0	0	0
SQUARE	0	0
FOLD	615	1217	1217	3740448	3740448	0	3335138
RAIL	359	665	6	608
CORRELATION	0	0	0	0
SQUARE	0	0
FOLD	616	1219	1219	3746595	3746595	0	3340161
RAIL	359	666	6	609
CORRELATION	0	0	0	0
SQUARE	0	0
FOLD	617	1221	1221	3752742	3752742	0	3345501
RAIL	156	868	6	610
CORRELATION	0	0	0	0
SQUARE	0	0
FOLD	618	1223	1223	3758889	3758889	0	3350267
RAIL	156	869	6	611
CORRELATION	0	0	0	0
SQUARE	0	0
FOLD	619	1225	1225	3765036	3765036	0	3354694
RAIL	358	666	6	612
CORRELATION	0	0	0	0
SQUARE	0	0
FOLD	620	1227	1227	3771183	3771183	0	3359191
RAIL	358	667	6	613
CORRELATION	0	0	0	0
SQUARE	0	0
FOLD	621	1229	1229	3777330	3777330	0	3363669
RAIL	157	867	6	614
CORRELATION	0	0	0	0
SQUARE	0	0
FOLD	622	1231	1231	3783477	3783477	0	3368332
RAIL	157	868	6	615
CORRELATION	0	0	0	0
SQUARE	0	0
FOLD	623	1233	1233	3789624	3789624	0	3374364
RAIL	357	667	6	616
CORRELATION	0	0	0	0
SQUARE	0	0
FOLD	624	1235	1235	3795771	3795771	0	3378806
RAIL	357	668	6	617
CORRELATION	0	0	0	0
SQUARE	0	0
FOLD	625	1237	1237	3801918	3801918	0	3384097
RAIL	158	866	6	618
CORRELATION	0	0	0	0
SQUARE	0	0
FOLD	626	1239	1239	3808065	3808065	0	3388626
RAIL	158	867	6	619
CORRELATION	0	0	0	0
SQUARE	0	0
FOLD	627	1241	1241	3814212	3814212	0	3392923
RAIL	356	668	6	620
CORRELATION	0	0	0	0
SQUARE	0	0
FOLD	628	1243	1243	3820359	3820359	0	3397487
RAIL	356	669	6	621
CORRELATION	0	0	0	0
SQUARE	0	0
FOLD	629	1245	1245	3826506	3826506	0	3402690
RAIL	159	865	6	622
CORRELATION	0	0	0	0
SQUARE	0	0
FOLD	630	1247	1247	3832653	3832653	0	3407099
RAIL	159	866	6	623
CORRELATION	0	0	0	0
SQUARE	0	0
FOLD	631	1249	1249	3838800	3838800	0	3411367
RAIL	355	669	6	624
CORRELATION	0	0	0	0
SQUARE	0	0
FOLD	632	1251	1251	3844947	3844947	0	3415853
RAIL	355	670	6	625
CORRELATION	0	0	0	0
SQUARE	0	0
FOLD	633	1253	1253	3851094	3851094	0	3420343
RAIL	160	864	6	626
CORRELATION	0	0	0	0
SQUARE	0	0
FOLD	634	1255	1255	3857241	3857241	0	3424811
RAIL	160	865	6	627
CORRELATION	0	0	0	0
SQUARE	0	0
FOLD	635	1257	1257	3863388	3863388	0	3429287
RAIL	354	670	6	628
CORRELATION	0	0	0	0
SQUARE	0	0
FOLD	636	1259	1259	3869535	3869535	0	3433909
RAIL	354	671	6	629
CORRELATION	0	0	0	0
SQUARE	0	0
FOLD	637	1261	1261	3875682	3875682	0	3438445
RAIL	161	863	6	630
CORRELATION	0	0	0	0
SQUARE	0	0
FOLD	638	1263	1263	3881829	3881829	0	3442924
RAIL	161	864	6	631
CORRELATION	0	0	0	0
SQUARE	0	0
FOLD	639	1265	1265	3887976	3887976	0	3447782
RAIL	353	671	6	632
CORRELATION	0	0	0	0
SQUARE	0	0
FOLD	640	1267	1267	3894123	3894123	0	3452410
RAIL	353	672	6	633
CORRELATION	0	0	0	0
SQUARE	0	0
FOLD	641	1269	1269	3900270	3900270	0	3456788
RAIL	162	862	6	634
CORRELATION	0	0	0	0
SQUARE	0	0
FOLD	642	1271	1271	3906417	3906417	0	3462444
RAIL	162	863	6	635
CORRELATION	0	0	0	0
SQUARE	0	0
FOLD	643	1273	1273	3912564	3912564	0	3469277
RAIL	352	672	6	636
CORRELATION	0	0	0	0
SQUARE	0	0
FOLD	644	1275	1275	3918711	3918711	0	3473778
RAIL	352	673	6	637
CORRELATION	0	0	0	0
SQUARE	0	0
FOLD	645	1277	1277	3924858	3924858	0	3478227
RAIL	163	861	6	638
CORRELATION	0	0	0	0
SQUARE	0	0
FOLD	646	1279	1279	3931005	3931005	0	3482580
RAIL	163	862	6	639
CORRELATION	0	0	0	0
SQUARE	0	0
FOLD	647	1281	1281	3937152	3937152	0	3486956
RAIL	351	673	6	640
CORRELATION	0	0	0	0
SQUARE	0	0
FOLD	648	1283	1283	3943299	3943299	0	3491432
RAIL	351	674	6	641
CORRELATION	0	0	0	0
SQUARE	0	0
FOLD	649	1285	1285	3949446	3949446	0	3495731
RAIL	164	860	6	642
CORRELATION	0	0	0	0
SQUARE	0	0
FOLD	650	1287	1287	3955593	3955593	0	3500626
RAIL	164	861	6	643
CORRELATION	0	0	0	0
SQUARE	0	0
FOLD	651	1289	1289	3961740	3961740	0	3509122
RAIL	350	674	6	644
CORRELATION	0	0	0	0
SQUARE	0	0
FOLD	652	1291	1291	3967887	3967887	0	3516979
RAIL	350	675	6	645
CORRELATION	0	0	0	0
SQUARE	0	0
FOLD	653	1293	1293	3974034	3974034	0	3522053
RAIL	165	859	6	646
CORRELATION	0	0	0	0
SQUARE	0	0
FOLD	654	1295	1295	3980181	3980181	0	3527020
RAIL	165	860	6	647
CORRELATION	0	0	0	0
SQUARE	0	0
FOLD	655	1297	1297	3986328	3986328	0	3531538
RAIL	349	675	6	648
CORRELATION	0	0	0	0
SQUARE	0	0
FOLD	656	1299	1299	3992475	3992475	0	3536880
RAIL	349	676	6	649
CORRELATION	0	0	0	0
SQUARE	0	0
FOLD	657	1301	1301	3998622	3998622	0	3541976
RAIL	166	858	6	650
CORRELATION	0	0	0	0
SQUARE	0	0
FOLD	658	1303	1303	4004769	4004769	0	3547113
RAIL	166	859	6	651
CORRELATION	0	0	0	0
SQUARE	0	0
FOLD	659	1305	1305	4010916	4010916	0	3551929
RAIL	348	676	6	652
CORRELATION	0	0	0	0
SQUARE	0	0
FOLD	660	1307	1307	4017063	4017063	0	3556633
RAIL	348	677	6	653
CORRELATION	0	0	0	0
SQUARE	0	0
FOLD	661	1309	1309	4023210	4023210	0	3561778
RAIL	167	857	6	654
CORRELATION	0	0	0	0
SQUARE	0	0
FOLD	662	1311	1311	4029357	4029357	0	3566789
RAIL	167	858	6	655
CORRELATION	0	0	0	0
SQUARE	0	0
FOLD	663	1313	1313	4035504	4035504	0	3571769
RAIL	347	677	6	656
CORRELATION	0	0	0	0
SQUARE	0	0
FOLD	664	1315	1315	4041651	4041651	0	3576491
RAIL	347	678	6	657
CORRELATION	0	0	0	0
SQUARE	0	0
FOLD	665	1317	1317	4047798	4047798	0	3581936
RAIL	168	856	6	658
CORRELATION	0	0	0	0
SQUARE	0	0
FOLD	666	1319	1319	4053945	4053945	0	3586502
RAIL	168	857	6	659
CORRELATION	0	0	0	0
SQUARE	0	0
FOLD	667	1321	1321	4060092	4060092	0	3590881
RAIL	346	678	6	660
CORRELATION	0	0	0	0
SQUARE	0	0
FOLD	668	1323	1323	4066239	4066239	0	3596093
RAIL	346	679	6	661
CORRELATION	0	0	0	0
SQUARE	0	0
FOLD	669	1325	1325	4072386	4072386	0	3601126
RAIL	169	855	6	662
CORRELATION	0	0	0	0
SQUARE	0	0
FOLD	670	1327	1327	4078533	4078533	0	3605485
RAIL	169	856	6	663
CORRELATION	0	0	0	0
SQUARE	0	0
FOLD	671	1329	1329	4084680	4084680	0	3609949
RAIL	345	679	6	664
CORRELATION	0	0	0	0
SQUARE	0	0
FOLD	672	1331	1331	4090827	4090827	0	3615217
RAIL	345	680	6	665
CORRELATION	0	0	0	0
SQUARE	0	0
FOLD	673	1333	1333	4096974	4096974	0	3619458
RAIL	170	854	6	666
CORRELATION	0	0	0	0
SQUARE	0	0
FOLD	674	1335	1335	4103121	4103121	0	3623776
RAIL	170	855	6	667
CORRELATION	0	0	0	0
SQUARE	0	0
FOLD	675	1337	1337	4109268	4109268	0	3628255
RAIL	344	680	6	668
CORRELATION	0	0	0	0
SQUARE	0	0
FOLD	676	1339	1339	4115415	4115415	0	3632983
RAIL	344	681	6	669
CORRELATION	0	0	0	0
SQUARE	0	0
FOLD	677	1341	1341	4121562	4121562	0	3637195
RAIL	171	853	6	670
CORRELATION	0	0	0	0
SQUARE	0	0
FOLD	678	1343	1343	4127709	4127709	0	3642007
RAIL	171	854	6	671
CORRELATION	0	0	0	0
SQUARE	0	0
FOLD	679	1345	1345	4133856	4133856	0	3646251
RAIL	343	681	6	672
CORRELATION	0	0	0	0
SQUARE	0	0
FOLD	680	1347	1347	4140003	4140003	0	3650449
RAIL	343	682	6	673
CORRELATION	0	0	0	0
SQUARE	0	0
FOLD	681	1349	1349	4146150	4146150	0	3654755
RAIL	172	852	6	674
CORRELATION	0	0	0	0
SQUARE	0	0
FOLD	682	1351	1351	4152297	4152297	0	3659146
RAIL	172	853	6	675
CORRELATION	0	0	0	0
SQUARE	0	0
FOLD	683	1353	1353	4158444	4158444	0	3663348
RAIL	342	682	6	676
CORRELATION	0	0	0	0
SQUARE	0	0
FOLD	684	1355	1355	4164591	4164591	0	3667699
RAIL	342	683	6	677
CORRELATION	0	0	0	0
SQUARE	0	0
FOLD	685	1357	1357	4170738	4170738	0	3672267
RAIL	173	851	6	678
CORRELATION	0	0	0	0
SQUARE	0	0
FOLD	686	1359	1359	4176885	4176885	0	3677437
RAIL	173	852	6	679
CORRELATION	0	0	0	0
SQUARE	0	0
FOLD	687	1361	1361	4183032	4183032	0	3681875
RAIL	341	683	6	680
CORRELATION	0	0	0	0
SQUARE	0	0
FOLD	688	1363	1363	4189179	4189179	0	3687417
RAIL	341	684	6	681
CORRELATION	0	0	0	0
SQUARE	0	0
FOLD	689	1365	1365	4195326	4195326	0	3692641
RAIL	174	850	6	682
CORRELATION	0	0	0	0
SQUARE	0	0
FOLD	690	1367	1367	4201473	4201473	0	3697642
RAIL	174	851	6	683
CORRELATION	0	0	0	0
SQUARE	0	0
FOLD	691	1369	1369	4207620	4207620	0	3702618
RAIL	340	684	6	684
CORRELATION	0	0	0	0
SQUARE	0	0
FOLD	692	1371	1371	4213767	4213767	0	3707675
RAIL	340	685	6	685
CORRELATION	0	0	0	0
SQUARE	0	0
FOLD	693	1373	1373	4219914	4219914	0	3713683
RAIL	175	849	6	686
CORRELATION	0	0	0	0
SQUARE	0	0
FOLD	694	1375	1375	4226061	4226061	0	3720192
RAIL	175	850	6	687
CORRELATION	0	0	0	0
SQUARE	0	0
FOLD	695	1377	1377	4232208	4232208	0	3726981
RAIL	339	685	6	688
CORRELATION	0	0	0	0
SQUARE	0	0
FOLD	696	1379	1379	4238355	4238355	0	3733735
RAIL	339	686	6	689
CORRELATION	0	0	0	0
SQUARE	0	0
FOLD	697	1381	1381	4244502	4244502	0	3739672
RAIL	176	848	6	690
CORRELATION	0	0	0	0
SQUARE	0	0
FOLD	698	1383	1383	4250649	4250649	0	3744150
RAIL	176	849	6	691
CORRELATION	0	0	0	0
SQUARE	0	0
FOLD	699	1385	1385	4256796	4256796	0	3748793
RAIL	338	686	6	692
CORRELATION	0	0	0	0
SQUARE	0	0
FOLD	700	1387	1387	4262943	4262943	0	3753353
RAIL	338	687	6	693
CORRELATION	0	0	0	0
SQUARE	0	0
FOLD	701	1389	1389	4269090	4269090	0	3758532
RAIL	177	847	6	694
CORRELATION	0	0	0	0
SQUARE	0	0
FOLD	702	1391	1391	4275237	4275237	0	3763154
RAIL	177	848	6	695
CORRELATION	0	0	0	0
SQUARE	0	0
FOLD	703	1393	1393	4281384	4281384	0	3767688
RAIL	337	687	6	696
CORRELATION	0	0	0	0
SQUARE	0	0
FOLD	704	1395	1395	4287531	4287531	0	3772641
RAIL	337	688	6	697
CORRELATION	0	0	0	0
SQUARE	0	0
FOLD	705	1397	1397	4293678	4293678	0	3778361
RAIL	178	846	6	698
CORRELATION	0	0	0	0
SQUARE	0	0
FOLD	706	1399	1399	4299825	4299825	0	3782786
RAIL	178	847	6	699
CORRELATION	0	0	0	0
SQUARE	0	0
FOLD	707	1401	1401	4305972	4305972	0	3787509
RAIL	336	688	6	700
CORRELATION	0	0	0	0
SQUARE	0	0
FOLD	708	1403	1403	4312119	4312119	0	3793130
RAIL	336	689	6	701
CORRELATION	0	0	0	0
SQUARE	0	0
FOLD	709	1405	1405	4318266	4318266	0	3798447
RAIL	179	845	6	702
CORRELATION	0	0	0	0
SQUARE	0	0
FOLD	710	1407	1407	4324413	4324413	0	3802910
RAIL	179	846	6	703
CORRELATION	0	0	0	0
SQUARE	0	0
FOLD	711	1409	1409	4330560	4330560	0	3807765
RAIL	335	689	6	704
CORRELATION	0	0	0	0
SQUARE	0	0
FOLD	712	1411	1411	4336707	4336707	0	3812797
RAIL	335	690	6	705
CORRELATION	0	0	0	0
SQUARE	0	0
FOLD	713	1413	1413	4342854	4342854	0	3818028
RAIL	180	844	6	706
CORRELATION	0	0	0	0
SQUARE	0	0
FOLD	714	1415	1415	4349001	4349001	0	3823411
RAIL	180	845	6	707
CORRELATION	0	0	0	0
SQUARE	0	0
FOLD	715	1417	1417	4355148	4355148	0	3832084
RAIL	334	690	6	708
CORRELATION	0	0	0	0
SQUARE	0	0
FOLD	716	1419	1419	4361295	4361295	0	3838201
RAIL	334	691	6	709
CORRELATION	0	0	0	0
SQUARE	0	0
FOLD	717	1421	1421	4367442	4367442	0	3843304
RAIL	181	843	6	710
CORRELATION	0	0	0	0
SQUARE	0	0
FOLD	718	1423	1423	4373589	4373589	0	3848092
RAIL	181	844	6	711
CORRELATION	0	0	0	0
SQUARE	0	0
FOLD	719	1425	1425	4379736	4379736	0	3852631
RAIL	333	691	6	712
CORRELATION	0	0	0	0
SQUARE	0	0
FOLD	720	1427	1427	4385883	4385883	0	3857122
RAIL	333	692	6	713
CORRELATION	0	0	0	0
SQUARE	0	0
FOLD	721	1429	1429	4392030	4392030	0	3861543
RAIL	182	842	6	714
CORRELATION	0	0	0	0
SQUARE	0	0
FOLD	722	1431	1431	4398177	4398177	0	3866033
RAIL	182	843	6	715
CORRELATION	0	0	0	0
SQUARE	0	0
FOLD	723	1433	1433	4404324	4404324	0	3870437
RAIL	332	692	6	716
CORRELATION	0	0	0	0
SQUARE	0	0
FOLD	724	1435	1435	4410471	4410471	0	3876025
RAIL	332	693	6	717
CORRELATION	0	0	0	0
SQUARE	0	0
FOLD	725	1437	1437	4416618	4416618	0	3880693
RAIL	183	841	6	718
CORRELATION	0	0	0	0
SQUARE	0	0
FOLD	726	1439	1439	4422765	4422765	0	3885383
RAIL	183	842	6	719
CORRELATION	0	0	0	0
SQUARE	0	0
FOLD	727	1441	1441	4428912	4428912	0	3889895
RAIL	331	693	6	720
CORRELATION	0	0	0	0
SQUARE	0	0
FOLD	728	1443	1443	4435059	4435059	0	3894789
RAIL	331	694	6	721
CORRELATION	0	0	0	0
SQUARE	0	0
FOLD	729	1445	1445	4441206	4441206	0	3899961
RAIL	184	840	6	722
CORRELATION	0	0	0	0
SQUARE	0	0
FOLD	730	1447	1447	4447353	4447353	0	3905428
RAIL	184	841	6	723
CORRELATION	0	0	0	0
SQUARE	0	0
FOLD	731	1449	1449	4453500	4453500	0	3910821
RAIL	330	694	6	724
CORRELATION	0	0	0	0
SQUARE	0	0
FOLD	732	1451	1451	4459647	4459647	0	3918173
RAIL	330	695	6	725
CORRELATION	0	0	0	0
SQUARE	0	0
FOLD	733	1453	1453	4465794	4465794	0	3924423
RAIL	185	839	6	726
CORRELATION	0	0	0	0
SQUARE	0	0
FOLD	734	1455	1455	4471941	4471941	0	3929467
RAIL	185	840	6	727
CORRELATION	0	0	0	0
SQUARE	0	0
FOLD	735	1457	1457	4478088	4478088	0	3934927
RAIL	329	695	6	728
CORRELATION	0	0	0	0
SQUARE	0	0
FOLD	736	1459	1459	4484235	4484235	0	3940188
RAIL	329	696	6	729
CORRELATION	0	0	0	0
SQUARE	0	0
FOLD	737	1461	1461	4490382	4490382	0	3945720
RAIL	186	838	6	730
CORRELATION	0	0	0	0
SQUARE	0	0
FOLD	738	1463	1463	4496529	4496529	0	3952094
RAIL	186	839	6	731
CORRELATION	0	0	0	0
SQUARE	0	0
FOLD	739	1465	1465	4502676	4502676	0	3958775
RAIL	328	696	6	732
CORRELATION	0	0	0	0
SQUARE	0	0
FOLD	740	1467	1467	4508823	4508823	0	3964418
RAIL	328	697	6	733
CORRELATION	0	0	0	0
SQUARE	0	0
FOLD	741	1469	1469	4514970	4514970	0	3970655
RAIL	187	837	6	734
CORRELATION	0	0	0	0
SQUARE	0	0
FOLD	742	1471	1471	4521117	4521117	0	3975306
RAIL	187	838	6	735
CORRELATION	0	0	0	0
SQUARE	0	0
FOLD	743	1473	1473	4527264	4527264	0	3980037
RAIL	327	697	6	736
CORRELATION	0	0	0	0
SQUARE	0	0
FOLD	744	1475	1475	4533411	4533411	0	3984719
RAIL	327	698	6	737
CORRELATION	0	0	0	0
SQUARE	0	0
FOLD	745	1477	1477	4539558	4539558	0	3989388
RAIL	188	836	6	738
CORRELATION	0	0	0	0
SQUARE	0	0
FOLD	746	1479	1479	4545705	4545705	0	3993878
RAIL	188	837	6	739
CORRELATION	0	0	0	0
SQUARE	0	0
FOLD	747	1481	1481	4551852	4551852	0	3998488
RAIL	326	698	6	740
CORRELATION	0	0	0	0
SQUARE	0	0
FOLD	748	1483	1483	4557999	4557999	0	4003275
RAIL	326	699	6	741
CORRELATION	0	0	0	0
SQUARE	0	0
FOLD	749	1485	1485	4564146	4564146	0	4008173
RAIL	189	835	6	742
CORRELATION	0	0	0	0
SQUARE	0	0
FOLD	750	1487	1487	4570293	4570293	0	4013399
RAIL	189	836	6	743
CORRELATION	0	0	0	0
SQUARE	0	0
FOLD	751	1489	1489	4576440	4576440	0	4018310
RAIL	325	699	6	744
CORRELATION	0	0	0	0
SQUARE	0	0
FOLD	752	1491	1491	4582587	4582587	0	4022735
RAIL	325	700	6	745
CORRELATION	0	0	0	0
SQUARE	0	0
FOLD	753	1493	1493	4588734	4588734	0	4027791
RAIL	190	834	6	746
CORRELATION	0	0	0	0
SQUARE	0	0
FOLD	754	1495	1495	4594881	4594881	0	4032555
RAIL	190	835	6	747
CORRELATION	0	0	0	0
SQUARE	0	0
FOLD	755	1497	1497	4601028	4601028	0	4037421
RAIL	324	700	6	748
CORRELATION	0	0	0	0
SQUARE	0	0
FOLD	756	1499	1499	4607175	4607175	0	4042293
RAIL	324	701	6	749
CORRELATION	0	0	0	0
SQUARE	0	0
FOLD	757	1501	1501	4613322	4613322	0	4046851
RAIL	191	833	6	750
CORRELATION	0	0	0	0
SQUARE	0	0
FOLD	758	1503	1503	4619469	4619469	0	4051075
RAIL	191	834	6	751
CORRELATION	0	0	0	0
SQUARE	0	0
FOLD	759	1505	1505	4625616	4625616	0	4055797
RAIL	323	701	6	752
CORRELATION	0	0	0	0
SQUARE	0	0
FOLD	760	1507	1507	4631763	4631763	0	4061227
RAIL	323	702	6	753
CORRELATION	0	0	0	0
SQUARE	0	0
FOLD	761	1509	1509	4637910	4637910	0	4065625
RAIL	192	832	6	754
CORRELATION	0	0	0	0
SQUARE	0	0
FOLD	762	1511	1511	4644057	4644057	0	4069910
RAIL	192	833	6	755
CORRELATION	0	0	0	0
SQUARE	0	0
FOLD	763	1513	1513	4650204	4650204	0	4075633
RAIL	322	702	6	756
CORRELATION	0	0	0	0
SQUARE	0	0
FOLD	764	1515	1515	4656351	4656351	0	4081238
RAIL	322	703	6	757
CORRELATION	0	0	0	0
SQUARE	0	0
FOLD	765	1517	1517	4662498	4662498	0	4085967
RAIL	193	831	6	758
CORRELATION	0	0	0	0
SQUARE	0	0
FOLD	766	1519	1519	4668645	4668645	0	4091529
RAIL	193	832	6	759
CORRELATION	0	0	0	0
SQUARE	0	0
FOLD	767	1521	1521	4674792	4674792	0	4096477
RAIL	321	703	6	760
CORRELATION	0	0	0	0
SQUARE	0	0
FOLD	768	1523	1523	4680939	4680939	0	4100891
RAIL	321	704	6	761
CORRELATION	0	0	0	0
SQUARE	0	0
FOLD	769	1525	1525	4687086	4687086	0	4105321
RAIL	194	830	6	762
CORRELATION	0	0	0	0
SQUARE	0	0
FOLD	770	1527	1527	4693233	4693233	0	4109788
RAIL	194	831	6	763
CORRELATION	0	0	0	0
SQUARE	0	0
FOLD	771	1529	1529	4699380	4699380	0	4114023
RAIL	320	704	6	764
CORRELATION	0	0	0	0
SQUARE	0	0
FOLD	772	1531	1531	4705527	4705527	0	4118791
RAIL	320	705	6	765
CORRELATION	0	0	0	0
SQUARE	0	0
FOLD	773	1533	1533	4711674	4711674	0	4126518
RAIL	195	829	6	766
CORRELATION	0	0	0	0
SQUARE	0	0
FOLD	774	1535	1535	4717821	4717821	0	4133762
RAIL	195	830	6	767
CORRELATION	0	0	0	0
SQUARE	0	0
FOLD	775	1537	1537	4723968	4723968	0	4138444
RAIL	319	705	6	768
CORRELATION	0	0	0	0
SQUARE	0	0
FOLD	776	1539	1539	4730115	4730115	0	4143253
RAIL	319	706	6	769
CORRELATION	0	0	0	0
SQUARE	0	0
FOLD	777	1541	1541	4736262	4736262	0	4147604
RAIL	196	828	6	770
CORRELATION	0	0	0	0
SQUARE	0	0
FOLD	778	1543	1543	4742409	4742409	0	4152182
RAIL	196	829	6	771
CORRELATION	0	0	0	0
SQUARE	0	0
FOLD	779	1545	1545	4748556	4748556	0	4157250
RAIL	318	706	6	772
CORRELATION	0	0	0	0
SQUARE	0	0
FOLD	780	1547	1547	4754703	4754703	0	4161667
RAIL	318	707	6	773
CORRELATION	0	0	0	0
SQUARE	0	0
FOLD	781	1549	1549	4760850	4760850	0	4166479
RAIL	197	827	6	774
CORRELATION	0	0	0	0
SQUARE	0	0
FOLD	782	1551	1551	4766997	4766997	0	4170985
RAIL	197	828	6	775
CORRELATION	0	0	0	0
SQUARE	0	0
FOLD	783	1553	1553	4773144	4773144	0	4175287
RAIL	317	707	6	776
CORRELATION	0	0	0	0
SQUARE	0	0
FOLD	784	1555	1555	4779291	4779291	0	4179875
RAIL	317	708	6	777
CORRELATION	0	0	0	0
SQUARE	0	0
FOLD	785	1557	1557	4785438	4785438	0	4184309
RAIL	198	826	6	778
CORRELATION	0	0	0	0
SQUARE	0	0
FOLD	786	1559	1559	4791585	4791585	0	4188639
RAIL	198	827	6	779
CORRELATION	0	0	0	0
SQUARE	0	0
FOLD	787	1561	1561	4797732	4797732	0	4192913
RAIL	316	708	6	780
CORRELATION	0	0	0	0
SQUARE	0	0
FOLD	788	1563	1563	4803879	4803879	0	4197490
RAIL	316	709	6	781
CORRELATION	0	0	0	0
SQUARE	0	0
FOLD	789	1565	1565	4810026	4810026	0	4201976
RAIL	199	825	6	782
CORRELATION	0	0	0	0
SQUARE	0	0
FOLD	790	1567	1567	4816173	4816173	0	4206547
RAIL	199	826	6	783
CORRELATION	0	0	0	0
SQUARE	0	0
FOLD	791	1569	1569	4822320	4822320	0	4211037
RAIL	315	709	6	784
CORRELATION	0	0	0	0
SQUARE	0	0
FOLD	792	1571	1571	4828467	4828467	0	4215428
RAIL	315	710	6	785
CORRELATION	0	0	0	0
SQUARE	0	0
FOLD	793	1573	1573	4834614	4834614	0	4219900
RAIL	200	824	6	786
CORRELATION	0	0	0	0
SQUARE	0	0
FOLD	794	1575	1575	4840761	4840761	0	4224384
RAIL	200	825	6	787
CORRELATION	0	0	0	0
SQUARE	0	0
FOLD	795	1577	1577	4846908	4846908	0	4228572
RAIL	314	710	6	788
CORRELATION	0	0	0	0
SQUARE	0	0
FOLD	796	1579	1579	4853055	4853055	0	4232797
RAIL	314	711	6	789
CORRELATION	0	0	0	0
SQUARE	0	0
FOLD	797	1581	1581	4859202	4859202	0	4237076
RAIL	201	823	6	790
CORRELATION	0	0	0	0
SQUARE	0	0
FOLD	798	1583	1583	4865349	4865349	0	4241593
RAIL	201	824	6	791
CORRELATION	0	0	0	0
SQUARE	0	0
FOLD	799	1585	1585	4871496	4871496	0	4245832
RAIL	313	711	6	792
CORRELATION	0	0	0	0
SQUARE	0	0
FOLD	800	1587	1587	4877643	4877643	0	4250133
RAIL	313	712	6	793
CORRELATION	0	0	0	0
SQUARE	0	0
FOLD	801	1589	1589	4883790	4883790	0	4254652
RAIL	202	822	6	794
CORRELATION	0	0	0	0
SQUARE	0	0
FOLD	802	1591	1591	4889937	4889937	0	4258747
RAIL	202	823	6	795
CORRELATION	0	0	0	0
SQUARE	0	0
FOLD	803	1593	1593	4896084	4896084	0	4262814
RAIL	312	712	6	796
CORRELATION	0	0	0	0
SQUARE	0	0
FOLD	804	1595	1595	4902231	4902231	0	4267075
RAIL	312	713	6	797
CORRELATION	0	0	0	0
SQUARE	0	0
FOLD	805	1597	1597	4908378	4908378	0	4271412
RAIL	203	821	6	798
CORRELATION	0	0	0	0
SQUARE	0	0
FOLD	806	1599	1599	4914525	4914525	0	4275451
RAIL	203	822	6	799
CORRELATION	0	0	0	0
SQUARE	0	0
FOLD	807	1601	1601	4920672	4920672	0	4279433
RAIL	311	713	6	800
CORRELATION	0	0	0	0
SQUARE	0	0
FOLD	808	1603	1603	4926819	4926819	0	4283958
RAIL	311	714	6	801
CORRELATION	0	0	0	0
SQUARE	0	0
FOLD	809	1605	1605	4932966	4932966	0	4288211
RAIL	204	820	6	802
CORRELATION	0	0	0	0
SQUARE	0	0
FOLD	810	1607	1607	4939113	4939113	0	4292612
RAIL	204	821	6	803
CORRELATION	0	0	0	0
SQUARE	0	0
FOLD	811	1609	1609	4945260	4945260	0	4296718
RAIL	310	714	6	804
CORRELATION	0	0	0	0
SQUARE	0	0
FOLD	812	1611	1611	4951407	4951407	0	4303653
RAIL	310	715	6	805
CORRELATION	0	0	0	0
SQUARE	0	0
FOLD	813	1613	1613	4957554	4957554	0	4311389
RAIL	205	819	6	806
CORRELATION	0	0	0	0
SQUARE	0	0
FOLD	814	1615	1615	4963701	4963701	0	4317087
RAIL	205	820	6	807
CORRELATION	0	0	0	0
SQUARE	0	0
FOLD	815	1617	1617	4969848	4969848	0	4321449
RAIL	309	715	6	808
CORRELATION	0	0	0	0
SQUARE	0	0
FOLD	816	1619	1619	4975995	4975995	0	4325827
RAIL	309	716	6	809
CORRELATION	0	0	0	0
SQUARE	0	0
FOLD	817	1621	1621	4982142	4982142	0	4330717
RAIL	206	818	6	810
CORRELATION	0	0	0	0
SQUARE	0	0
FOLD	818	1623	1623	4988289	4988289	0	4335231
RAIL	206	819	6	811
CORRELATION	0	0	0	0
SQUARE	0	0
FOLD	819	1625	1625	4994436	4994436	0	4339390
RAIL	308	716	6	812
CORRELATION	0	0	0	0
SQUARE	0	0
FOLD	820	1627	1627	5000583	5000583	0	4343790
RAIL	308	717	6	813
CORRELATION	0	0	0	0
SQUARE	0	0
FOLD	821	1629	1629	5006730	5006730	0	4348187
RAIL	207	817	6	814
CORRELATION	0	0	0	0
SQUARE	0	0
FOLD	822	1631	1631	5012877	5012877	0	4352536
RAIL	207	818	6	815
CORRELATION	0	0	0	0
SQUARE	0	0
FOLD	823	1633	1633	5019024	5019024	0	4356747
RAIL	307	717	6	816
CORRELATION	0	0	0	0
SQUARE	0	0
FOLD	824	1635	1635	5025171	5025171	0	4361270
RAIL	307	718	6	817
CORRELATION	0	0	0	0
SQUARE	0	0
FOLD	825	1637	1637	5031318	5031318	0	4365750
RAIL	208	816	6	818
CORRELATION	0	0	0	0
SQUARE	0	0
FOLD	826	1639	1639	5037465	5037465	0	4369808
RAIL	208	817	6	819
CORRELATION	0	0	0	0
SQUARE	0	0
FOLD	827	1641	1641	5043612	5043612	0	4373876
RAIL	306	718	6	820
CORRELATION	0	0	0	0
SQUARE	0	0
FOLD	828	1643	1643	5049759	5049759	0	4378455
RAIL	306	719	6	821
CORRELATION	0	0	0	0
SQUARE	0	0
FOLD	829	1645	1645	5055906	5055906	0	4382651
RAIL	209	815	6	822
CORRELATION	0	0	0	0
SQUARE	0	0
FOLD	830	1647	1647	5062053	5062053	0	4386805
RAIL	209	816	6	823
CORRELATION	0	0	0	0
SQUARE	0	0
FOLD	831	1649	1649	5068200	5068200	0	4390873
RAIL	305	719	6	824
CORRELATION	0	0	0	0
SQUARE	0	0
FOLD	832	1651	1651	5074347	5074347	0	4395201
RAIL	305	720	6	825
CORRELATION	0	0	0	0
SQUARE	0	0
FOLD	833	1653	1653	5080494	5080494	0	4399400
RAIL	210	814	6	826
CORRELATION	0	0	0	0
SQUARE	0	0
FOLD	834	1655	1655	5086641	5086641	0	4403595
RAIL	210	815	6	827
CORRELATION	0	0	0	0
SQUARE	0	0
FOLD	835	1657	1657	5092788	5092788	0	4407786
RAIL	304	720	6	828
CORRELATION	0	0	0	0
SQUARE	0	0
FOLD	836	1659	1659	5098935	5098935	0	4412806
RAIL	304	721	6	829
CORRELATION	0	0	0	0
SQUARE	0	0
FOLD	837	1661	1661	5105082	5105082	0	4417392
RAIL	211	813	6	830
CORRELATION	0	0	0	0
SQUARE	0	0
FOLD	838	1663	1663	5111229	5111229	0	4422007
RAIL	211	814	6	831
CORRELATION	0	0	0	0
SQUARE	0	0
FOLD	839	1665	1665	5117376	5117376	0	4426354
RAIL	303	721	6	832
CORRELATION	0	0	0	0
SQUARE	0	0
FOLD	840	1667	1667	5123523	5123523	0	4430740
RAIL	303	722	6	833
CORRELATION	0	0	0	0
SQUARE	0	0
FOLD	841	1669	1669	5129670	5129670	0	4435015
RAIL	212	812	6	834
CORRELATION	0	0	0	0
SQUARE	0	0
FOLD	842	1671	1671	5135817	5135817	0	4439207
RAIL	212	813	6	835
CORRELATION	0	0	0	0
SQUARE	0	0
FOLD	843	1673	1673	5141964	5141964	0	4443329
RAIL	302	722	6	836
CORRELATION	0	0	0	0
SQUARE	0	0
FOLD	844	1675	1675	5148111	5148111	0	4447655
RAIL	302	723	6	837
CORRELATION	0	0	0	0
SQUARE	0	0
FOLD	845	1677	1677	5154258	5154258	0	4451936
RAIL	213	811	6	838
CORRELATION	0	0	0	0
SQUARE	0	0
FOLD	846	1679	1679	5160405	5160405	0	4456269
RAIL	213	812	6	839
CORRELATION	0	0	0	0
SQUARE	0	0
FOLD	847	1681	1681	5166552	5166552	0	4460552
RAIL	301	723	6	840
CORRELATION	0	0	0	0
SQUARE	0	0
FOLD	848	1683	1683	5172699	5172699	0	4464897
RAIL	301	724	6	841
CORRELATION	0	0	0	0
SQUARE	0	0
FOLD	849	1685	1685	5178846	5178846	0	4469220
RAIL	214	810	6	842
CORRELATION	0	0	0	0
SQUARE	0	0
FOLD	850	1687	1687	5184993	5184993	0	4473430
RAIL	214	811	6	843
CORRELATION	0	0	0	0
SQUARE	0	0
FOLD	851	1689	1689	5191140	5191140	0	4477706
RAIL	300	724	6	844
CORRELATION	0	0	0	0
SQUARE	0	0
FOLD	852	1691	1691	5197287	5197287	0	4482041
RAIL	300	725	6	845
CORRELATION	0	0	0	0
SQUARE	0	0
FOLD	853	1693	1693	5203434	5203434	0	4486015
RAIL	215	809	6	846
CORRELATION	0	0	0	0
SQUARE	0	0
FOLD	854	1695	1695	5209581	5209581	0	4490128
RAIL	215	810	6	847
CORRELATION	0	0	0	0
SQUARE	0	0
FOLD	855	1697	1697	5215728	5215728	0	4494461
RAIL	299	725	6	848
CORRELATION	0	0	0	0
SQUARE	0	0
FOLD	856	1699	1699	5221875	5221875	0	4498719
RAIL	299	726	6	849
CORRELATION	0	0	0	0
SQUARE	0	0
FOLD	857	1701	1701	5228022	5228022	0	4503011
RAIL	216	808	6	850
CORRELATION	0	0	0	0
SQUARE	0	0
FOLD	858	1703	1703	5234169	5234169	0	4507027
RAIL	216	809	6	851
CORRELATION	0	0	0	0
SQUARE	0	0
FOLD	859	1705	1705	5240316	5240316	0	4510995
RAIL	298	726	6	852
CORRELATION	0	0	0	0
SQUARE	0	0
FOLD	860	1707	1707	5246463	5246463	0	4515289
RAIL	298	727	6	853
CORRELATION	0	0	0	0
SQUARE	0	0
FOLD	861	1709	1709	5252610	5252610	0	4519500
RAIL	217	807	6	854
CORRELATION	0	0	0	0
SQUARE	0	0
FOLD	862	1711	1711	5258757	5258757	0	4524215
RAIL	217	808	6	855
CORRELATION	0	0	0	0
SQUARE	0	0
FOLD	863	1713	1713	5264904	5264904	0	4528012
RAIL	297	727	6	856
CORRELATION	0	0	0	0
SQUARE	0	0
FOLD	864	1715	1715	5271051	5271051	0	4531974
RAIL	297	728	6	857
CORRELATION	0	0	0	0
SQUARE	0	0
FOLD	865	1717	1717	5277198	5277198	0	4535973
RAIL	218	806	6	858
CORRELATION	0	0	0	0
SQUARE	0	0
FOLD	866	1719	1719	5283345	5283345	0	4540129
RAIL	218	807	6	859
CORRELATION	0	0	0	0
SQUARE	0	0
FOLD	867	1721	1721	5289492	5289492	0	4544109
RAIL	296	728	6	860
CORRELATION	0	0	0	0
SQUARE	0	0
FOLD	868	1723	1723	5295639	5295639	0	4548202
RAIL	296	729	6	861
CORRELATION	0	0	0	0
SQUARE	0	0
FOLD	869	1725	1725	5301786	5301786	0	4552444
RAIL	219	805	6	862
CORRELATION	0	0	0	0
SQUARE	0	0
FOLD	870	1727	1727	5307933	5307933	0	4556527
RAIL	219	806	6	863
CORRELATION	0	0	0	0
SQUARE	0	0
FOLD	871	1729	1729	5314080	5314080	0	4560667
RAIL	295	729	6	864
CORRELATION	0	0	0	0
SQUARE	0	0
FOLD	872	1731	1731	5320227	5320227	0	4564821
RAIL	295	730	6	865
CORRELATION	0	0	0	0
SQUARE	0	0
FOLD	873	1733	1733	5326374	5326374	0	4568960
RAIL	220	804	6	866
CORRELATION	0	0	0	0
SQUARE	0	0
FOLD	874	1735	1735	5332521	5332521	0	4573097
RAIL	220	805	6	867
CORRELATION	0	0	0	0
SQUARE	0	0
FOLD	875	1737	1737	5338668	5338668	0	4577377
RAIL	294	730	6	868
CORRELATION	0	0	0	0
SQUARE	0	0
FOLD	876	1739	1739	5344815	5344815	0	4581715
RAIL	294	731	6	869
CORRELATION	0	0	0	0
SQUARE	0	0
FOLD	877	1741	1741	5350962	5350962	0	4586222
RAIL	221	803	6	870
CORRELATION	0	0	0	0
SQUARE	0	0
FOLD	878	1743	1743	5357109	5357109	0	4590250
RAIL	221	804	6	871
CORRELATION	0	0	0	0
SQUARE	0	0
FOLD	879	1745	1745	5363256	5363256	0	4594414
RAIL	293	731	6	872
CORRELATION	0	0	0	0
SQUARE	0	0
FOLD	880	1747	1747	5369403	5369403	0	4598587
RAIL	293	732	6	873
CORRELATION	0	0	0	0
SQUARE	0	0
FOLD	881	1749	1749	5375550	5375550	0	4602594
RAIL	222	802	6	874
CORRELATION	0	0	0	0
SQUARE	0	0
FOLD	882	1751	1751	5381697	5381697	0	4606751
RAIL	222	803	6	875
CORRELATION	0	0	0	0
SQUARE	0	0
FOLD	883	1753	1753	5387844	5387844	0	4610855
RAIL	292	732	6	876
CORRELATION	0	0	0	0
SQUARE	0	0
FOLD	884	1755	1755	5393991	5393991	0	4614922
RAIL	292	733	6	877
CORRELATION	0	0	0	0
SQUARE	0	0
FOLD	885	1757	1757	5400138	5400138	0	4619102
RAIL	223	801	6	878
CORRELATION	0	0	0	0
SQUARE	0	0
FOLD	886	1759	1759	5406285	5406285	0	4623380
RAIL	223	802	6	879
CORRELATION	0	0	0	0
SQUARE	0	0
FOLD	887	1761	1761	5412432	5412432	0	4627345
RAIL	291	733	6	880
CORRELATION	0	0	0	0
SQUARE	0	0
FOLD	888	1763	1763	5418579	5418579	0	4631402
RAIL	291	734	6	881
CORRELATION	0	0	0	0
SQUARE	0	0
FOLD	889	1765	1765	5424726	5424726	0	4635405
RAIL	224	800	6	882
CORRELATION	0	0	0	0
SQUARE	0	0
FOLD	890	1767	1767	5430873	5430873	0	4639500
RAIL	224	801	6	883
CORRELATION	0	0	0	0
SQUARE	0	0
FOLD	891	1769	1769	5437020	5437020	0	4643427
RAIL	290	734	6	884
CORRELATION	0	0	0	0
SQUARE	0	0
FOLD	892	1771	1771	5443167	5443167	0	4647585
RAIL	290	735	6	885
CORRELATION	0	0	0	0
SQUARE	0	0
FOLD	893	1773	1773	5449314	5449314	0	4651751
RAIL	225	799	6	886
CORRELATION	0	0	0	0
SQUARE	0	0
FOLD	894	1775	1775	5455461	5455461	0	4656369
RAIL	225	800	6	887
CORRELATION	0	0	0	0
SQUARE	0	0
FOLD	895	1777	1777	5461608	5461608	0	4660551
RAIL	289	735	6	888
CORRELATION	0	0	0	0
SQUARE	0	0
FOLD	896	1779	1779	5467755	5467755	0	4664940
RAIL	289	736	6	889
CORRELATION	0	0	0	0
SQUARE	0	0
FOLD	897	1781	1781	5473902	5473902	0	4669178
RAIL	226	798	6	890
CORRELATION	0	0	0	0
SQUARE	0	0
FOLD	898	1783	1783	5480049	5480049	0	4673364
RAIL	226	799	6	891
CORRELATION	0	0	0	0
SQUARE	0	0
FOLD	899	1785	1785	5486196	5486196	0	4677645
RAIL	288	736	6	892
CORRELATION	0	0	0	0
SQUARE	0	0
FOLD	900	1787	1787	5492343	5492343	0	4681921
RAIL	288	737	6	893
CORRELATION	0	0	0	0
SQUARE	0	0
FOLD	901	1789	1789	5498490	5498490	0	4686260
RAIL	227	797	6	894
CORRELATION	0	0	0	0
SQUARE	0	0
FOLD	902	1791	1791	5504637	5504637	0	4690382
RAIL	227	798	6	895
CORRELATION	0	0	0	0
SQUARE	0	0
FOLD	903	1793	1793	5510784	5510784	0	4694723
RAIL	287	737	6	896
CORRELATION	0	0	0	0
SQUARE	0	0
FOLD	904	1795	1795	5516931	5516931	0	4699931
RAIL	287	738	6	897
CORRELATION	0	0	0	0
SQUARE	0	0
FOLD	905	1797	1797	5523078	5523078	0	4704161
RAIL	228	796	6	898
CORRELATION	0	0	0	0
SQUARE	0	0
FOLD	906	1799	1799	5529225	5529225	0	4708437
RAIL	228	797	6	899
CORRELATION	0	0	0	0
SQUARE	0	0
FOLD	907	1801	1801	5535372	5535372	0	4712678
RAIL	286	738	6	900
CORRELATION	0	0	0	0
SQUARE	0	0
FOLD	908	1803	1803	5541519	5541519	0	4717075
RAIL	286	739	6	901
CORRELATION	0	0	0	0
SQUARE	0	0
FOLD	909	1805	1805	5547666	5547666	0	4721256
RAIL	229	795	6	902
CORRELATION	0	0	0	0
SQUARE	0	0
FOLD	910	1807	1807	5553813	5553813	0	4725555
RAIL	229	796	6	903
CORRELATION	0	0	0	0
SQUARE	0	0
FOLD	911	1809	1809	5559960	5559960	0	4729835
RAIL	285	739	6	904
CORRELATION	0	0	0	0
SQUARE	0	0
FOLD	912	1811	1811	5566107	5566107	0	4734443
RAIL	285	740	6	905
CORRELATION	0	0	0	0
SQUARE	0	0
FOLD	913	1813	1813	5572254	5572254	0	4738549
RAIL	230	794	6	906
CORRELATION	0	0	0	0
SQUARE	0	0
FOLD	914	1815	1815	5578401	5578401	0	4742595
RAIL	230	795	6	907
CORRELATION	0	0	0	0
SQUARE	0	0
FOLD	915	1817	1817	5584548	5584548	0	4746741
RAIL	284	740	6	908
CORRELATION	0	0	0	0
SQUARE	0	0
FOLD	916	1819	1819	5590695	5590695	0	4751059
RAIL	284	741	6	909
CORRELATION	0	0	0	0
SQUARE	0	0
FOLD	917	1821	1821	5596842	5596842	0	4755049
RAIL	231	793	6	910
CORRELATION	0	0	0	0
SQUARE	0	0
FOLD	918	1823	1823	5602989	5602989	0	4759379
RAIL	231	794	6	911
CORRELATION	0	0	0	0
SQUARE	0	0
FOLD	919	1825	1825	5609136	5609136	0	4763429
RAIL	283	741	6	912
CORRELATION	0	0	0	0
SQUARE	0	0
FOLD	920	1827	1827	5615283	5615283	0	4767668
RAIL	283	742	6	913
CORRELATION	0	0	0	0
SQUARE	0	0
FOLD	921	1829	1829	5621430	5621430	0	4771924
RAIL	232	792	6	914
CORRELATION	0	0	0	0
SQUARE	0	0
FOLD	922	1831	1831	5627577	5627577	0	4776073
RAIL	232	793	6	915
CORRELATION	0	0	0	0
SQUARE	0	0
FOLD	923	1833	1833	5633724	5633724	0	4780316
RAIL	282	742	6	916
CORRELATION	0	0	0	0
SQUARE	0	0
FOLD	924	1835	1835	5639871	5639871	0	4784606
RAIL	282	743	6	917
CORRELATION	0	0	0	0
SQUARE	0	0
FOLD	925	1837	1837	5646018	5646018	0	4788900
RAIL	233	791	6	918
CORRELATION	0	0	0	0
SQUARE	0	0
FOLD	926	1839	1839	5652165	5652165	0	4793125
RAIL	233	792	6	919
CORRELATION	0	0	0	0
SQUARE	0	0
FOLD	927	1841	1841	5658312	5658312	0	4797254
RAIL	281	743	6	920
CORRELATION	0	0	0	0
SQUARE	0	0
FOLD	928	1843	1843	5664459	5664459	0	4801393
RAIL	281	744	6	921
CORRELATION	0	0	0	0
SQUARE	0	0
FOLD	929	1845	1845	5670606	5670606	0	4805647
RAIL	234	790	6	922
CORRELATION	0	0	0	0
SQUARE	0	0
FOLD	930	1847	1847	5676753	5676753	0	4809743
RAIL	234	791	6	923
CORRELATION	0	0	0	0
SQUARE	0	0
FOLD	931	1849	1849	5682900	5682900	0	4814100
RAIL	280	744	6	924
CORRELATION	0	0	0	0
SQUARE	0	0
FOLD	932	1851	1851	5689047	5689047	0	4818148
RAIL	280	745	6	925
CORRELATION	0	0	0	0
SQUARE	0	0
FOLD	933	1853	1853	5695194	5695194	0	4822307
RAIL	235	789	6	926
CORRELATION	0	0	0	0
SQUARE	0	0
FOLD	934	1855	1855	5701341	5701341	0	4826916
RAIL	235	790	6	927
CORRELATION	0	0	0	0
SQUARE	0	0
FOLD	935	1857	1857	5707488	5707488	0	4831239
RAIL	279	745	6	928
CORRELATION	0	0	0	0
SQUARE	0	0
FOLD	936	1859	1859	5713635	5713635	0	4835328
RAIL	279	746	6	929
CORRELATION	0	0	0	0
SQUARE	0	0
FOLD	937	1861	1861	5719782	5719782	0	4839410
RAIL	236	788	6	930
CORRELATION	0	0	0	0
SQUARE	0	0
FOLD	938	1863	1863	5725929	5725929	0	4843810
RAIL	236	789	6	931
CORRELATION	0	0	0	0
SQUARE	0	0
FOLD	939	1865	1865	5732076	5732076	0	4848083
RAIL	278	746	6	932
CORRELATION	0	0	0	0
SQUARE	0	0
FOLD	940	1867	1867	5738223	5738223	0	4852361
RAIL	278	747	6	933
CORRELATION	0	0	0	0
SQUARE	0	0
FOLD	941	1869	1869	5744370	5744370	0	4856454
RAIL	237	787	6	934
CORRELATION	0	0	0	0
SQUARE	0	0
FOLD	942	1871	1871	5750517	5750517	0	4860620
RAIL	237	788	6	935
CORRELATION	0	0	0	0
SQUARE	0	0
FOLD	943	1873	1873	5756664	5756664	0	4864911
RAIL	277	747	6	936
CORRELATION	0	0	0	0
SQUARE	0	0
FOLD	944	1875	1875	5762811	5762811	0	4869236
RAIL	277	748	6	937
CORRELATION	0	0	0	0
SQUARE	0	0
FOLD	945	1877	1877	5768958	5768958	0	4873309
RAIL	238	786	6	938
CORRELATION	0	0	0	0
SQUARE	0	0
FOLD	946	1879	1879	5775105	5775105	0	4877406
RAIL	238	787	6	939
CORRELATION	0	0	0	0
SQUARE	0	0
FOLD	947	1881	1881	5781252	5781252	0	4881764
RAIL	276	748	6	940
CORRELATION	0	0	0	0
SQUARE	0	0
FOLD	948	1883	1883	5787399	5787399	0	4885804
RAIL	276	749	6	941
CORRELATION	0	0	0	0
SQUARE	0	0
FOLD	949	1885	1885	5793546	5793546	0	4889886
RAIL	239	785	6	942
CORRELATION	0	0	0	0
SQUARE	0	0
FOLD	950	1887	1887	5799693	5799693	0	4894339
RAIL	239	786	6	943
CORRELATION	0	0	0	0
SQUARE	0	0
FOLD	951	1889	1889	5805840	5805840	0	4898250
RAIL	275	749	6	944
CORRELATION	0	0	0	0
SQUARE	0	0
FOLD	952	1891	1891	5811987	5811987	0	4902450
RAIL	275	750	6	945
CORRELATION	0	0	0	0
SQUARE	0	0
FOLD	953	1893	1893	5818134	5818134	0	4906674
RAIL	240	784	6	946
CORRELATION	0	0	0	0
SQUARE	0	0
FOLD	954	1895	1895	5824281	5824281	0	4910907
RAIL	240	785	6	947
CORRELATION	0	0	0	0
SQUARE	0	0
FOLD	955	1897	1897	5830428	5830428	0	4915123
RAIL	274	750	6	948
CORRELATION	0	0	0	0
SQUARE	0	0
FOLD	956	1899	1899	5836575	5836575	0	4919436
RAIL	274	751	6	949
CORRELATION	0	0	0	0
SQUARE	0	0
FOLD	957	1901	1901	5842722	5842722	0	4923637
RAIL	241	783	6	950
CORRELATION	0	0	0	0
SQUARE	0	0
FOLD	958	1903	1903	5848869	5848869	0	4927765
RAIL	241	784	6	951
CORRELATION	0	0	0	0
SQUARE	0	0
FOLD	959	1905	1905	5855016	5855016	0	4931912
RAIL	273	751	6	952
CORRELATION	0	0	0	0
SQUARE	0	0
FOLD	960	1907	1907	5861163	5861163	0	4936092
RAIL	273	752	6	953
CORRELATION	0	0	0	0
SQUARE	0	0
FOLD	961	1909	1909	5867310	5867310	0	4940333
RAIL	242	782	6	954
CORRELATION	0	0	0	0
SQUARE	0	0
FOLD	962	1911	1911	5873457	5873457	0	4944459
RAIL	242	783	6	955
CORRELATION	0	0	0	0
SQUARE	0	0
FOLD	963	1913	1913	5879604	5879604	0	4948758
RAIL	272	752	6	956
CORRELATION	0	0	0	0
SQUARE	0	0
FOLD	964	1915	1915	5885751	5885751	0	4953073
RAIL	272	753	6	957
CORRELATION	0	0	0	0
SQUARE	0	0
FOLD	965	1917	1917	5891898	5891898	0	4957495
RAIL	243	781	6	958
CORRELATION	0	0	0	0
SQUARE	0	0
FOLD	966	1919	1919	5898045	5898045	0	4961755
RAIL	243	782	6	959
CORRELATION	0	0	0	0
SQUARE	0	0
FOLD	967	1921	1921	5904192	5904192	0	4966058
RAIL	271	753	6	960
CORRELATION	0	0	0	0
SQUARE	0	0
FOLD	968	1923	1923	5910339	5910339	0	4970291
RAIL	271	754	6	961
CORRELATION	0	0	0	0
SQUARE	0	0
FOLD	969	1925	1925	5916486	5916486	0	4974268
RAIL	244	780	6	962
CORRELATION	0	0	0	0
SQUARE	0	0
FOLD	970	1927	1927	5922633	5922633	0	4978303
RAIL	244	781	6	963
CORRELATION	0	0	0	0
SQUARE	0	0
FOLD	971	1929	1929	5928780	5928780	0	4982552
RAIL	270	754	6	964
CORRELATION	0	0	0	0
SQUARE	0	0
FOLD	972	1931	1931	5934927	5934927	0	4987280
RAIL	270	755	6	965
CORRELATION	0	0	0	0
SQUARE	0	0
FOLD	973	1933	1933	5941074	5941074	0	4991535
RAIL	245	779	6	966
CORRELATION	0	0	0	0
SQUARE	0	0
FOLD	974	1935	1935	5947221	5947221	0	4995499
RAIL	245	780	6	967
CORRELATION	0	0	0	0
SQUARE	0	0
FOLD	975	1937	1937	5953368	5953368	0	4999525
RAIL	269	755	6	968
CORRELATION	0	0	0	0
SQUARE	0	0
FOLD	976	1939	1939	5959515	5959515	0	5003592
RAIL	269	756	6	969
CORRELATION	0	0	0	0
SQUARE	0	0
FOLD	977	1941	1941	5965662	5965662	0	5007723
RAIL	246	778	6	970
CORRELATION	0	0	0	0
SQUARE	0	0
FOLD	978	1943	1943	5971809	5971809	0	5012468
RAIL	246	779	6	971
CORRELATION	0	0	0	0
SQUARE	0	0
FOLD	979	1945	1945	5977956	5977956	0	5019617
RAIL	268	756	6	972
CORRELATION	0	0	0	0
SQUARE	0	0
FOLD	980	1947	1947	5984103	5984103	0	5023769
RAIL	268	757	6	973
CORRELATION	0	0	0	0
SQUARE	0	0
FOLD	981	1949	1949	5990250	5990250	0	5027939
RAIL	247	777	6	974
CORRELATION	0	0	0	0
SQUARE	0	0
FOLD	982	1951	1951	5996397	5996397	0	5032092
RAIL	247	778	6	975
CORRELATION	0	0	0	0
SQUARE	0	0
FOLD	983	1953	1953	6002544	6002544	0	5036219
RAIL	267	757	6	976
CORRELATION	0	0	0	0
SQUARE	0	0
FOLD	984	1955	1955	6008691	6008691	0	5040409
RAIL	267	758	6	977
CORRELATION	0	0	0	0
SQUARE	0	0
FOLD	985	1957	1957	6014838	6014838	0	5044595
RAIL	248	776	6	978
CORRELATION	0	0	0	0
SQUARE	0	0
FOLD	986	1959	1959	6020985	6020985	0	5048775
RAIL	248	777	6	979
CORRELATION	0	0	0	0
SQUARE	0	0
FOLD	987	1961	1961	6027132	6027132	0	5053028
RAIL	266	758	6	980
CORRELATION	0	0	0	0
SQUARE	0	0
FOLD	988	1963	1963	6033279	6033279	0	5057115
RAIL	266	759	6	981
CORRELATION	0	0	0	0
SQUARE	0	0
FOLD	989	1965	1965	6039426	6039426	0	5061392
RAIL	249	775	6	982
CORRELATION	0	0	0	0
SQUARE	0	0
FOLD	990	1967	1967	6045573	6045573	0	5065687
RAIL	249	776	6	983
CORRELATION	0	0	0	0
SQUARE	0	0
FOLD	991	1969	1969	6051720	6051720	0	5069962
RAIL	265	759	6	984
CORRELATION	0	0	0	0
SQUARE	0	0
FOLD	992	1971	1971	6057867	6057867	0	5074457
RAIL	265	760	6	985
CORRELATION	0	0	0	0
SQUARE	0	0
FOLD	993	1973	1973	6064014	6064014	0	5078565
RAIL	250	774	6	986
CORRELATION	0	0	0	0
SQUARE	0	0
FOLD	994	1975	1975	6070161	6070161	0	5082714
RAIL	250	775	6	987
CORRELATION	0	0	0	0
SQUARE	0	0
FOLD	995	1977	1977	6076308	6076308	0	5086756
RAIL	264	760	6	988
CORRELATION	0	0	0	0
SQUARE	0	0
FOLD	996	1979	1979	6082455	6082455	0	5090804
RAIL	264	761	6	989
CORRELATION	0	0	0	0
SQUARE	0	0
FOLD	997	1981	1981	6088602	6088602	0	5094895
RAIL	251	773	6	990
CORRELATION	0	0	0	0
SQUARE	0	0
FOLD	998	1983	1983	6094749	6094749	0	5099243
RAIL	251	774	6	991
CORRELATION	0	0	0	0
SQUARE	0	0
FOLD	999	1985	1985	6100896	6100896	0	5103689
RAIL	263	761	6	992
CORRELATION	0	0	0	0
SQUARE	0	0
FOLD	1000	1987	1987	6107043	6107043	0	5107772
RAIL	263	762	6	993
CORRELATION	0	0	0	0
SQUARE	0	0
FOLD	1001	1989	1989	6113190	6113190	0	5111779
RAIL	252	772	6	994
CORRELATION	0	0	0	0
SQUARE	0	0
FOLD	1002	1991	1991	6119337	6119337	0	5116008
RAIL	252	773	6	995
CORRELATION	0	0	0	0
SQUARE	0	0
FOLD	1003	1993	1993	6125484	6125484	0	5120344
RAIL	262	762	6	996
CORRELATION	0	0	0	0
SQUARE	0	0
FOLD	1004	1995	1995	6131631	6131631	0	5124423
RAIL	262	763	6	997
CORRELATION	0	0	0	0
SQUARE	0	0
FOLD	1005	1997	1997	6137778	6137778	0	5128652
RAIL	253	771	6	998
CORRELATION	0	0	0	0
SQUARE	0	0
FOLD	1006	1999	1999	6143925	6143925	0	5133149
RAIL	253	772	6	999
CORRELATION	0	0	0	0
SQUARE	0	0
FOLD	1007	2001	2001	6150072	6150072	0	5137532
RAIL	261	763	6	1000
CORRELATION	0	0	0	0
SQUARE	0	0
FOLD	1008	2003	2003	6156219	6156219	0	5141898
RAIL	261	764	6	1001
CORRELATION	0	0	0	0
SQUARE	0	0
FOLD	1009	2005	2005	6162366	6162366	0	5146166
RAIL	254	770	6	1002
CORRELATION	0	0	0	0
SQUARE	0	0
FOLD	1010	2007	2007	6168513	6168513	0	5150669
RAIL	254	771	6	1003
CORRELATION	0	0	0	0
SQUARE	0	0
FOLD	1011	2009	2009	6174660	6174660	0	5155045
RAIL	260	764	6	1004
CORRELATION	0	0	0	0
SQUARE	0	0
FOLD	1012	2011	2011	6180807	6180807	0	5159471
RAIL	260	765	6	1005
CORRELATION	0	0	0	0
SQUARE	0	0
FOLD	1013	2013	2013	6186954	6186954	0	5164075
RAIL	255	769	6	1006
CORRELATION	0	0	0	0
SQUARE	0	0
FOLD	1014	2015	2015	6193101	6193101	0	5168196
RAIL	255	770	6	1007
CORRELATION	0	0	0	0
SQUARE	0	0
FOLD	1015	2017	2017	6199248	6199248	0	5172415
RAIL	259	765	6	1008
CORRELATION	0	0	0	0
SQUARE	0	0
FOLD	1016	2019	2019	6205395	6205395	0	5176656
RAIL	259	766	6	1009
CORRELATION	0	0	0	0
SQUARE	0	0
FOLD	1017	2021	2021	6211542	6211542	0	5180952
RAIL	256	768	6	1010
CORRELATION	0	0	0	0
SQUARE	0	0
FOLD	1018	2023	2023	6217689	6217689	0	5185144
RAIL	256	769	6	1011
CORRELATION	0	0	0	0
SQUARE	0	0
FOLD	1019	2025	2025	6223836	6223836	0	5189272
RAIL	258	766	6	1012
CORRELATION	0	0	0	0
SQUARE	0	0
FOLD	1020	2027	2027	6229983	6229983	0	5193647
RAIL	258	767	6	1013
CORRELATION	0	0	0	0
SQUARE	0	0
FOLD	1021	2029	2029	6236130	6236130	0	5197966
RAIL	257	767	6	1014
CORRELATION	0	0	0	0
SQUARE	0	0
FOLD	1022	2031	2031	6242277	6242277	0	5202241
RAIL	257	768	6	1015
CORRELATION	0	0	0	0
SQUARE	0	0
FOLD	1022	2031	2031	6242277	6242277	0	5296819
RAIL	257	768	6	1016
CORRELATION	0	0	524276	786930
SQUARE	1	1029
FOLD	1022	2031	2031	6242277	6242277	0	5297617
RAIL	257	768	6	1016
CORRELATION	0	0	524276	786930
SQUARE	2	1801
FOLD	1022	2031	2031	6242277	6242277	0	5297656
RAIL	257	768	6	1016
CORRELATION	0	0	524276	786930
SQUARE	4	1802
FOLD	1022	2031	2031	6242277	6242277	0	5297724
RAIL	257	768	6	1016
CORRELATION	0	0	524276	786930
SQUARE	8	1805
FOLD	1022	2031	2031	6242277	6242277	0	5297844
RAIL	257	768	6	1016
CORRELATION	0	0	524276	786930
SQUARE	16	1807
FOLD	1022	2031	2031	6242277	6242277	0	5298075
RAIL	257	768	6	1016
CORRELATION	0	0	524276	786930
SQUARE	32	1810
FOLD	1022	2031	2031	6242277	6242277	0	5298530
RAIL	257	768	6	1016
CORRELATION	0	0	524276	786930
SQUARE	64	1812
FOLD	1022	2031	2031	6242277	6242277	0	5299518
RAIL	257	768	6	1016
CORRELATION	0	0	524276	786930
SQUARE	128	1815
FOLD	1022	2031	2031	6242277	6242277	0	5301407
RAIL	257	768	6	1016
CORRELATION	0	0	524276	786930
SQUARE	256	1817
FOLD	1022	2031	2031	6242277	6242277	0	5305143
RAIL	257	768	6	1016
CORRELATION	0	0	524276	786930
SQUARE	512	1820
FOLD	1022	2031	2031	6242277	6242277	0	5312410
RAIL	257	768	6	1016
CORRELATION	0	0	524276	786930
SQUARE	1024	1822
FOLD	1022	2031	2031	6242277	6242277	0	5313498
RAIL	257	768	6	1016
CORRELATION	1	0	524276	786930
SQUARE	1024	1822
FOLD	1022	2031	2031	6242277	6242277	0	5328054
RAIL	257	768	6	1016
CORRELATION	1	0	524276	786930
SQUARE	2048	1825
FOLD	1022	2031	2031	6242277	6242277	0	5329207
RAIL	257	768	6	1016
CORRELATION	2	0	524276	786930
SQUARE	2048	1825
FOLD	1023	2032	2032	6245352	6245352	0	5343073
RAIL	512	512	6	1016
CORRELATION	3	0	524276	786930
SQUARE	3072	1827
FOLD	1023	2032	2032	6245352	6245352	0	5361537
RAIL	512	512	6	1017
CORRELATION	3	0	524276	786930
SQUARE	4096	1827
FOLD	1023	2032	2032	6245352	6245352	0	5361746
RAIL	512	512	6	1017
CORRELATION	4	0	524276	786930
SQUARE	4096	1827
FOLD	1024	2033	2033	6248424	6248424	0	5361753
RAIL	512	513	6	1017
CORRELATION	4	0	524276	786930
SQUARE	4096	1827
FOLD	1025	2034	2034	6251499	6251499	0	5412019
RAIL	511	513	6	1018
CORRELATION	7	0	524276	786930
SQUARE	7168	1830
FOLD	1025	2034	2034	6251499	6251499	0	5431104
RAIL	511	513	6	1019
CORRELATION	7	0	524276	786930
SQUARE	8192	1830
FOLD	1025	2034	2034	6251499	6251499	0	5432306
RAIL	511	513	6	1019
CORRELATION	8	0	524276	786930
SQUARE	8192	1830
FOLD	1026	2035	2035	6254571	6254571	0	5432318
RAIL	511	514	6	1019
CORRELATION	8	0	524276	786930
SQUARE	8192	1830
FOLD	1027	2036	2036	6257646	6257646	0	5482624
RAIL	510	514	6	1020
CORRELATION	11	0	524276	786930
SQUARE	11264	1832
FOLD	1028	2037	2037	6260718	6260718	0	5501568
RAIL	510	515	6	1021
CORRELATION	12	0	524276	786930
SQUARE	12288	1832
FOLD	1029	2038	2038	6263793	6263793	0	5521079
RAIL	5	1019	6	1022
CORRELATION	13	0	524276	786930
SQUARE	13312	1832
FOLD	1031	2036	2038	6257646	6263793	0	5570640
RAIL	509	515	8	1023
CORRELATION	15	0	524276	786930
SQUARE	16384	1832
FOLD	1031	2036	2038	6257646	6263793	0	5570879
RAIL	509	515	8	1023
CORRELATION	16	0	524276	786930
SQUARE	16384	1832
FOLD	1036	2039	2039	6266868	6266868	0	5643047
RAIL	508	517	9	1026
CORRELATION	20	0	524276	786930
SQUARE	20480	1835
FOLD	1037	2040	2040	6269943	6269943	0	5661533
RAIL	7	1017	9	1027
CORRELATION	21	0	524276	786930
SQUARE	21504	1835
FOLD	1038	2041	2041	6273015	6273015	0	5679227
RAIL	7	1018	9	1028
CORRELATION	22	0	524276	786930
SQUARE	22528	1835
FOLD	1039	2042	2042	6276090	6276090	0	5697103
RAIL	507	517	9	1029
CORRELATION	23	0	524276	786930
SQUARE	23552	1835
FOLD	1040	2043	2043	6279162	6279162	0	5716360
RAIL	507	518	9	1030
CORRELATION	24	0	524276	786930
SQUARE	24576	1835
FOLD	1041	2044	2044	6282237	6282237	0	5735469
RAIL	8	1016	9	1031
CORRELATION	25	0	524276	786930
SQUARE	25600	1835
FOLD	1042	2045	2045	6285309	6285309	0	5753051
RAIL	8	1017	9	1032
CORRELATION	26	0	524276	786930
SQUARE	26624	1835
FOLD	1043	2046	2046	6288384	6288384	0	5771930
RAIL	506	518	9	1033
CORRELATION	27	0	524276	786930
SQUARE	27648	1835
FOLD	1044	2047	2047	6291456	6291456	0	5790875
RAIL	506	519	9	1034
CORRELATION	28	0	524276	786930
SQUARE	28672	1835
FOLD	1045	2048	2048	6294531	6294531	0	5809553
RAIL	9	1015	9	1035
CORRELATION	29	0	524276	786930
SQUARE	29696	1835
FOLD	1046	2049	2049	6297603	6297603	0	5828537
RAIL	9	1016	9	1036
CORRELATION	30	0	524276	786930
SQUARE	30720	1835
FOLD	1047	2050	2050	6300678	6300678	0	5847273
RAIL	505	519	9	1037
CORRELATION	31	0	524276	786930
SQUARE	31744	1835
FOLD	1047	2050	2050	6300678	6300678	0	5865575
RAIL	505	519	9	1038
CORRELATION	31	0	524276	786930
SQUARE	32768	1835
FOLD	1047	2050	2050	6300678	6300678	0	5865870
RAIL	505	519	9	1038
CORRELATION	32	0	524276	786930
SQUARE	32768	1835
FOLD	1048	2051	2051	6303750	6303750	0	5865879
RAIL	505	520	9	1038
CORRELATION	32	0	524276	786930
SQUARE	32768	1835
FOLD	1049	2052	2052	6306825	6306825	0	5884887
RAIL	10	1014	9	1039
CORRELATION	33	0	524276	786930
SQUARE	33792	1835
FOLD	1050	2053	2053	6309897	6309897	0	5903943
RAIL	10	1015	9	1040
CORRELATION	34	0	524276	786930
SQUARE	34816	1835
FOLD	1051	2054	2054	6312972	6312972	0	5936256
RAIL	504	520	9	1041
CORRELATION	35	0	524276	786930
SQUARE	35840	1835
FOLD	1052	2055	2055	6316044	6316044	0	5963802
RAIL	504	521	9	1042
CORRELATION	36	0	524276	786930
SQUARE	36864	1835
FOLD	1053	2056	2056	6319119	6319119	0	5982381
RAIL	11	1013	9	1043
CORRELATION	37	0	524276	786930
SQUARE	37888	1837
FOLD	1054	2057	2057	6322191	6322191	0	6001967
RAIL	11	1014	9	1044
CORRELATION	38	0	524276	786930
SQUARE	38912	1837
FOLD	1055	2058	2058	6325266	6325266	0	6020223
RAIL	503	521	9	1045
CORRELATION	39	0	524276	786930
SQUARE	39936	1837
FOLD	1056	2059	2059	6328338	6328338	0	6040307
RAIL	503	522	9	1046
CORRELATION	40	0	524276	786930
SQUARE	40960	1837
FOLD	1057	2060	2060	6331413	6331413	0	6060390
RAIL	12	1012	9	1047
CORRELATION	41	0	524276	786930
SQUARE	41984	1837
FOLD	1058	2061	2061	6334485	6334485	0	6079785
RAIL	12	1013	9	1048
CORRELATION	42	0	524276	786930
SQUARE	43008	1837
FOLD	1059	2062	2062	6337560	6337560	0	6101538
RAIL	502	522	9	1049
CORRELATION	43	0	524276	786930
SQUARE	44032	1837
FOLD	1060	2063	2063	6340632	6340632	0	6125090
RAIL	502	523	9	1050
CORRELATION	44	0	524276	786930
SQUARE	45056	1837
FOLD	1061	2064	2064	6343707	6343707	0	6146063
RAIL	13	1011	9	1051
CORRELATION	45	0	524276	786930
SQUARE	46080	1837
FOLD	1062	2065	2065	6346779	6346779	0	6166169
RAIL	13	1012	9	1052
CORRELATION	46	0	524276	786930
SQUARE	47104	1837
FOLD	1063	2066	2066	6349854	6349854	0	6184389
RAIL	501	523	9	1053
CORRELATION	47	0	524276	786930
SQUARE	48128	1837
FOLD	1064	2067	2067	6352926	6352926	0	6209098
RAIL	501	524	9	1054
CORRELATION	48	0	524276	786930
SQUARE	49152	1837
FOLD	1065	2068	2068	6356001	6356001	0	6232045
RAIL	14	1010	9	1055
CORRELATION	49	0	524276	786930
SQUARE	50176	1837
FOLD	1066	2069	2069	6359073	6359073	0	6251065
RAIL	14	1011	9	1056
CORRELATION	50	0	524276	786930
SQUARE	51200	1837
FOLD	1067	2070	2070	6362148	6362148	0	6286507
RAIL	500	524	9	1057
CORRELATION	51	0	524276	786930
SQUARE	52224	1837
FOLD	1068	2071	2071	6365220	6365220	0	6318392
RAIL	500	525	9	1058
CORRELATION	52	0	524276	786930
SQUARE	53248	1837
FOLD	1069	2072	2072	6368295	6368295	0	6347742
RAIL	15	1009	9	1059
CORRELATION	53	0	524276	786930
SQUARE	54272	1837
FOLD	1070	2073	2073	6371367	6371367	0	6365560
RAIL	15	1010	9	1060
CORRELATION	54	0	524276	786930
SQUARE	55296	1837
FOLD	1071	2074	2074	6374442	6374442	0	6382593
RAIL	499	525	9	1061
CORRELATION	55	0	524276	786930
SQUARE	56320	1837
FOLD	1072	2075	2075	6377514	6377514	0	6400898
RAIL	499	526	9	1062
CORRELATION	56	0	524276	786930
SQUARE	57344	1837
FOLD	1073	2076	2076	6380589	6380589	0	6420475
RAIL	16	1008	9	1063
CORRELATION	57	0	524276	786930
SQUARE	58368	1837
FOLD	1074	2077	2077	6383661	6383661	0	6438647
RAIL	16	1009	9	1064
CORRELATION	58	0	524276	786930
SQUARE	59392	1837
FOLD	1075	2078	2078	6386736	6386736	0	6456425
RAIL	498	526	9	1065
CORRELATION	59	0	524276	786930
SQUARE	60416	1837
FOLD	1076	2079	2079	6389808	6389808	0	6475589
RAIL	498	527	9	1066
CORRELATION	60	0	524276	786930
SQUARE	61440	1837
FOLD	1077	2080	2080	6392883	6392883	0	6494604
RAIL	17	1007	9	1067
CORRELATION	61	0	524276	786930
SQUARE	62464	1837
FOLD	1078	2081	2081	6395955	6395955	0	6513029
RAIL	17	1008	9	1068
CORRELATION	62	0	524276	786930
SQUARE	63488	1837
FOLD	1079	2082	2082	6399030	6399030	0	6530286
RAIL	497	527	9	1069
CORRELATION	63	0	524276	786930
SQUARE	64512	1837
FOLD	1079	2082	2082	6399030	6399030	0	6547960
RAIL	497	527	9	1070
CORRELATION	63	0	524276	786930
SQUARE	65536	1837
FOLD	1079	2082	2082	6399030	6399030	0	6549380
RAIL	497	527	9	1070
CORRELATION	64	0	524276	786930
SQUARE	65536	1837
FOLD	1080	2083	2083	6402102	6402102	0	6549391
RAIL	497	528	9	1070
CORRELATION	64	0	524276	786930
SQUARE	65536	1837
FOLD	1081	2084	2084	6405177	6405177	0	6567577
RAIL	18	1006	9	1071
CORRELATION	65	0	524276	786930
SQUARE	66560	1837
FOLD	1082	2085	2085	6408249	6408249	0	6583886
RAIL	18	1007	9	1072
CORRELATION	66	0	524276	786930
SQUARE	67584	1837
FOLD	1083	2086	2086	6411324	6411324	0	6601016
RAIL	496	528	9	1073
CORRELATION	67	0	524276	786930
SQUARE	68608	1837
FOLD	1084	2087	2087	6414396	6414396	0	6618601
RAIL	496	529	9	1074
CORRELATION	68	0	524276	786930
SQUARE	69632	1837
FOLD	1085	2088	2088	6417471	6417471	0	6635990
RAIL	19	1005	9	1075
CORRELATION	69	0	524276	786930
SQUARE	70656	1837
FOLD	1086	2089	2089	6420543	6420543	0	6651786
RAIL	19	1006	9	1076
CORRELATION	70	0	524276	786930
SQUARE	71680	1837
FOLD	1087	2090	2090	6423618	6423618	0	6668504
RAIL	495	529	9	1077
CORRELATION	71	0	524276	786930
SQUARE	72704	1837
FOLD	1088	2091	2091	6426690	6426690	0	6685454
RAIL	495	530	9	1078
CORRELATION	72	0	524276	786930
SQUARE	73728	1837
FOLD	1089	2092	2092	6429765	6429765	0	6702937
RAIL	20	1004	9	1079
CORRELATION	73	0	524276	786930
SQUARE	74752	1840
FOLD	1090	2093	2093	6432837	6432837	0	6719593
RAIL	20	1005	9	1080
CORRELATION	74	0	524276	786930
SQUARE	75776	1840
FOLD	1091	2094	2094	6435912	6435912	0	6736058
RAIL	494	530	9	1081
CORRELATION	75	0	524276	786930
SQUARE	76800	1840
FOLD	1092	2095	2095	6438984	6438984	0	6753541
RAIL	494	531	9	1082
CORRELATION	76	0	524276	786930
SQUARE	77824	1840
FOLD	1093	2096	2096	6442059	6442059	0	6771129
RAIL	21	1003	9	1083
CORRELATION	77	0	524276	786930
SQUARE	78848	1840
FOLD	1094	2097	2097	6445131	6445131	0	6789617
RAIL	21	1004	9	1084
CORRELATION	78	0	524276	786930
SQUARE	79872	1840
FOLD	1095	2098	2098	6448206	6448206	0	6807075
RAIL	493	531	9	1085
CORRELATION	79	0	524276	786930
SQUARE	80896	1840
FOLD	1096	2099	2099	6451278	6451278	0	6825144
RAIL	493	532	9	1086
CORRELATION	80	0	524276	786930
SQUARE	81920	1840
FOLD	1097	2100	2100	6454353	6454353	0	6842114
RAIL	22	1002	9	1087
CORRELATION	81	0	524276	786930
SQUARE	82944	1840
FOLD	1098	2101	2101	6457425	6457425	0	6859234
RAIL	22	1003	9	1088
CORRELATION	82	0	524276	786930
SQUARE	83968	1840
FOLD	1099	2102	2102	6460500	6460500	0	6876698
RAIL	492	532	9	1089
CORRELATION	83	0	524276	786930
SQUARE	84992	1840
FOLD	1100	2103	2103	6463572	6463572	0	6894691
RAIL	492	533	9	1090
CORRELATION	84	0	524276	786930
SQUARE	86016	1840
FOLD	1101	2104	2104	6466647	6466647	0	6912105
RAIL	23	1001	9	1091
CORRELATION	85	0	524276	786930
SQUARE	87040	1840
FOLD	1102	2105	2105	6469719	6469719	0	6928918
RAIL	23	1002	9	1092
CORRELATION	86	0	524276	786930
SQUARE	88064	1840
FOLD	1103	2106	2106	6472794	6472794	0	6946750
RAIL	491	533	9	1093
CORRELATION	87	0	524276	786930
SQUARE	89088	1840
FOLD	1104	2107	2107	6475866	6475866	0	6965261
RAIL	491	534	9	1094
CORRELATION	88	0	524276	786930
SQUARE	90112	1840
FOLD	1105	2108	2108	6478941	6478941	0	6983170
RAIL	24	1000	9	1095
CORRELATION	89	0	524276	786930
SQUARE	91136	1840
FOLD	1106	2109	2109	6482013	6482013	0	7000398
RAIL	24	1001	9	1096
CORRELATION	90	0	524276	786930
SQUARE	92160	1840
FOLD	1107	2110	2110	6485088	6485088	0	7017907
RAIL	490	534	9	1097
CORRELATION	91	0	524276	786930
SQUARE	93184	1840
FOLD	1108	2111	2111	6488160	6488160	0	7035382
RAIL	490	535	9	1098
CORRELATION	92	0	524276	786930
SQUARE	94208	1840
FOLD	1109	2112	2112	6491235	6491235	0	7054047
RAIL	25	999	9	1099
CORRELATION	93	0	524276	786930
SQUARE	95232	1840
FOLD	1110	2113	2113	6494307	6494307	0	7071535
RAIL	25	1000	9	1100
CORRELATION	94	0	524276	786930
SQUARE	96256	1840
FOLD	1111	2114	2114	6497382	6497382	0	7089579
RAIL	489	535	9	1101
CORRELATION	95	0	524276	786930
SQUARE	97280	1840
FOLD	1112	2115	2115	6500454	6500454	0	7107540
RAIL	489	536	9	1102
CORRELATION	96	0	524276	786930
SQUARE	98304	1840
FOLD	1113	2116	2116	6503529	6503529	0	7124292
RAIL	26	998	9	1103
CORRELATION	97	0	524276	786930
SQUARE	99328	1840
FOLD	1114	2117	2117	6506601	6506601	0	7141560
RAIL	26	999	9	1104
CORRELATION	98	0	524276	786930
SQUARE	100352	1840
FOLD	1115	2118	2118	6509676	6509676	0	7158408
RAIL	488	536	9	1105
CORRELATION	99	0	524276	786930
SQUARE	101376	1840
FOLD	1116	2119	2119	6512748	6512748	0	7175356
RAIL	488	537	9	1106
CORRELATION	100	0	524276	786930
SQUARE	102400	1840
FOLD	1117	2120	2120	6515823	6515823	0	7193149
RAIL	27	997	9	1107
CORRELATION	101	0	524276	786930
SQUARE	103424	1840
FOLD	1118	2121	2121	6518895	6518895	0	7210269
RAIL	27	998	9	1108
CORRELATION	102	0	524276	786930
SQUARE	104448	1840
FOLD	1119	2122	2122	6521970	6521970	0	7227292
RAIL	487	537	9	1109
CORRELATION	103	0	524276	786930
SQUARE	105472	1840
FOLD	1120	2123	2123	6525042	6525042	0	7247438
RAIL	487	538	9	1110
CORRELATION	104	0	524276	786930
SQUARE	106496	1840
FOLD	1121	2124	2124	6528117	6528117	0	7264324
RAIL	28	996	9	1111
CORRELATION	105	0	524276	786930
SQUARE	107520	1840
FOLD	1122	2125	2125	6531189	6531189	0	7280875
RAIL	28	997	9	1112
CORRELATION	106	0	524276	786930
SQUARE	108544	1840
FOLD	1123	2126	2126	6534264	6534264	0	7297931
RAIL	486	538	9	1113
CORRELATION	107	0	524276	786930
SQUARE	109568	1840
FOLD	1124	2127	2127	6537336	6537336	0	7314287
RAIL	486	539	9	1114
CORRELATION	108	0	524276	786930
SQUARE	110592	1840
FOLD	1125	2128	2128	6540411	6540411	0	7331774
RAIL	29	995	9	1115
CORRELATION	109	0	524276	786930
SQUARE	111616	1840
FOLD	1126	2129	2129	6543483	6543483	0	7348633
RAIL	29	996	9	1116
CORRELATION	110	0	524276	786930
SQUARE	112640	1840
FOLD	1127	2130	2130	6546558	6546558	0	7364689
RAIL	485	539	9	1117
CORRELATION	111	0	524276	786930
SQUARE	113664	1840
FOLD	1128	2131	2131	6549630	6549630	0	7382077
RAIL	485	540	9	1118
CORRELATION	112	0	524276	786930
SQUARE	114688	1840
FOLD	1129	2132	2132	6552705	6552705	0	7399734
RAIL	30	994	9	1119
CORRELATION	113	0	524276	786930
SQUARE	115712	1840
FOLD	1130	2133	2133	6555777	6555777	0	7417341
RAIL	30	995	9	1120
CORRELATION	114	0	524276	786930
SQUARE	116736	1840
FOLD	1131	2134	2134	6558852	6558852	0	7440791
RAIL	484	540	9	1121
CORRELATION	115	0	524276	786930
SQUARE	117760	1840
FOLD	1132	2135	2135	6561924	6561924	0	7465138
RAIL	484	541	9	1122
CORRELATION	116	0	524276	786930
SQUARE	118784	1840
FOLD	1133	2136	2136	6564999	6564999	0	7487265
RAIL	31	993	9	1123
CORRELATION	117	0	524276	786930
SQUARE	119808	1840
FOLD	1134	2137	2137	6568071	6568071	0	7504380
RAIL	31	994	9	1124
CORRELATION	118	0	524276	786930
SQUARE	120832	1840
FOLD	1135	2138	2138	6571146	6571146	0	7522635
RAIL	483	541	9	1125
CORRELATION	119	0	524276	786930
SQUARE	121856	1840
FOLD	1136	2139	2139	6574218	6574218	0	7540954
RAIL	483	542	9	1126
CORRELATION	120	0	524276	786930
SQUARE	122880	1840
FOLD	1137	2140	2140	6577293	6577293	0	7558217
RAIL	32	992	9	1127
CORRELATION	121	0	524276	786930
SQUARE	123904	1840
FOLD	1138	2141	2141	6580365	6580365	0	7575320
RAIL	32	993	9	1128
CORRELATION	122	0	524276	786930
SQUARE	124928	1840
FOLD	1139	2142	2142	6583440	6583440	0	7592818
RAIL	482	542	9	1129
CORRELATION	123	0	524276	786930
SQUARE	125952	1840
FOLD	1140	2143	2143	6586512	6586512	0	7611582
RAIL	482	543	9	1130
CORRELATION	124	0	524276	786930
SQUARE	126976	1840
FOLD	1141	2144	2144	6589587	6589587	0	7629157
RAIL	33	991	9	1131
CORRELATION	125	0	524276	786930
SQUARE	128000	1840
FOLD	1142	2145	2145	6592659	6592659	0	7646142
RAIL	33	992	9	1132
CORRELATION	126	0	524276	786930
SQUARE	129024	1840
FOLD	1143	2146	2146	6595734	6595734	0	7663101
RAIL	481	543	9	1133
CORRELATION	127	0	524276	786930
SQUARE	130048	1840
FOLD	1143	2146	2146	6595734	6595734	0	7681181
RAIL	481	543	9	1134
CORRELATION	127	0	524276	786930
SQUARE	131072	1840
FOLD	1143	2146	2146	6595734	6595734	0	7681777
RAIL	481	543	9	1134
CORRELATION	128	0	524276	786930
SQUARE	131072	1840
FOLD	1144	2147	2147	6598806	6598806	0	7681785
RAIL	481	544	9	1134
CORRELATION	128	0	524276	786930
SQUARE	131072	1840
FOLD	1145	2148	2148	6601881	6601881	0	7699653
RAIL	34	990	9	1135
CORRELATION	129	0	524276	786930
SQUARE	132096	1840
FOLD	1146	2149	2149	6604953	6604953	0	7718288
RAIL	34	991	9	1136
CORRELATION	130	0	524276	786930
SQUARE	133120	1840
FOLD	1147	2150	2150	6608028	6608028	0	7735688
RAIL	480	544	9	1137
CORRELATION	131	0	524276	786930
SQUARE	134144	1840
FOLD	1148	2151	2151	6611100	6611100	0	7755513
RAIL	480	545	9	1138
CORRELATION	132	0	524276	786930
SQUARE	135168	1840
FOLD	1149	2152	2152	6614175	6614175	0	7772734
RAIL	35	989	9	1139
CORRELATION	133	0	524276	786930
SQUARE	136192	1840
FOLD	1150	2153	2153	6617247	6617247	0	7797639
RAIL	35	990	9	1140
CORRELATION	134	0	524276	786930
SQUARE	137216	1840
FOLD	1151	2154	2154	6620322	6620322	0	7836942
RAIL	479	545	9	1141
CORRELATION	135	0	524276	786930
SQUARE	138240	1840
FOLD	1152	2155	2155	6623394	6623394	0	7867947
RAIL	479	546	9	1142
CORRELATION	136	0	524276	786930
SQUARE	139264	1840
FOLD	1153	2156	2156	6626469	6626469	0	7896747
RAIL	36	988	9	1143
CORRELATION	137	0	524276	786930
SQUARE	140288	1840
FOLD	1154	2157	2157	6629541	6629541	0	7929849
RAIL	36	989	9	1144
CORRELATION	138	0	524276	786930
SQUARE	141312	1840
FOLD	1155	2158	2158	6632616	6632616	0	7947439
RAIL	478	546	9	1145
CORRELATION	139	0	524276	786930
SQUARE	142336	1840
FOLD	1156	2159	2159	6635688	6635688	0	7964598
RAIL	478	547	9	1146
CORRELATION	140	0	524276	786930
SQUARE	143360	1840
FOLD	1157	2160	2160	6638763	6638763	0	7982581
RAIL	37	987	9	1147
CORRELATION	141	0	524276	786930
SQUARE	144384	1840
FOLD	1158	2161	2161	6641835	6641835	0	8002433
RAIL	37	988	9	1148
CORRELATION	142	0	524276	786930
SQUARE	145408	1840
