INPUT	60938840191629480966830716039	96	57	484
FRAME	1	0	1	1	25
FOLD	1	1	1	288	288	0	55
RAIL	2	94	0	0
CORRELATION	0	0	0	0
SQUARE	0	0
FOLD	2	1	1	291	291	0	66
RAIL	2	95	1	0
CORRELATION	0	0	0	0
SQUARE	0	0
FOLD	4	3	3	867	867	0	768
RAIL	48	49	2	1
CORRELATION	0	0	0	0
SQUARE	0	0
FOLD	5	5	5	1446	1446	0	1499
RAIL	3	93	2	2
CORRELATION	0	0	0	0
SQUARE	0	0
FOLD	8	7	7	2025	2025	0	2311
RAIL	47	50	4	3
CORRELATION	0	0	0	0
SQUARE	0	0
FOLD	9	9	9	2604	2604	0	2938
RAIL	4	92	4	4
CORRELATION	0	0	0	0
SQUARE	0	0
FOLD	12	11	11	3183	3183	0	4615
RAIL	46	51	6	5
CORRELATION	0	0	0	0
SQUARE	0	0
FOLD	13	13	13	3762	3762	0	5087
RAIL	5	91	6	6
CORRELATION	0	0	0	0
SQUARE	0	0
FOLD	14	15	15	4341	4341	0	5708
RAIL	5	92	6	7
CORRELATION	0	0	0	0
SQUARE	0	0
FOLD	15	17	17	4920	4920	0	6123
RAIL	45	51	6	8
CORRELATION	0	0	0	0
SQUARE	0	0
FOLD	16	19	19	5499	5499	0	6637
RAIL	45	52	6	9
CORRELATION	0	0	0	0
SQUARE	0	0
FOLD	17	21	21	6078	6078	0	7124
RAIL	6	90	6	10
CORRELATION	0	0	0	0
SQUARE	0	0
FOLD	18	23	23	6657	6657	0	7531
RAIL	6	91	6	11
CORRELATION	0	0	0	0
SQUARE	0	0
FOLD	19	25	25	7236	7236	0	7872
RAIL	44	52	6	12
CORRELATION	0	0	0	0
SQUARE	0	0
FOLD	20	27	27	7815	7815	0	8315
RAIL	44	53	6	13
CORRELATION	0	0	0	0
SQUARE	0	0
FOLD	21	29	29	8394	8394	0	8706
RAIL	7	89	6	14
CORRELATION	0	0	0	0
SQUARE	0	0
FOLD	22	31	31	8973	8973	0	9121
RAIL	7	90	6	15
CORRELATION	0	0	0	0
SQUARE	0	0
FOLD	23	33	33	9552	9552	0	9498
RAIL	43	53	6	16
CORRELATION	0	0	0	0
SQUARE	0	0
FOLD	24	35	35	10131	10131	0	10066
RAIL	43	54	6	17
CORRELATION	0	0	0	0
SQUARE	0	0
FOLD	25	37	37	10710	10710	0	10775
RAIL	8	88	6	18
CORRELATION	0	0	0	0
SQUARE	0	0
FOLD	26	39	39	11289	11289	0	11483
RAIL	8	89	6	19
CORRELATION	0	0	0	0
SQUARE	0	0
FOLD	27	41	41	11868	11868	0	12151
RAIL	42	54	6	20
CORRELATION	0	0	0	0
SQUARE	0	0
FOLD	28	43	43	12447	12447	0	12830
RAIL	42	55	6	21
CORRELATION	0	0	0	0
SQUARE	0	0
FOLD	29	45	45	13026	13026	0	13542
RAIL	9	87	6	22
CORRELATION	0	0	0	0
SQUARE	0	0
FOLD	30	47	47	13605	13605	0	14269
RAIL	9	88	6	23
CORRELATION	0	0	0	0
SQUARE	0	0
FOLD	31	49	49	14184	14184	0	15025
RAIL	41	55	6	24
CORRELATION	0	0	0	0
SQUARE	0	0
FOLD	32	51	51	14763	14763	0	15708
RAIL	41	56	6	25
CORRELATION	0	0	0	0
SQUARE	0	0
FOLD	33	53	53	15342	15342	0	16412
RAIL	10	86	6	26
CORRELATION	0	0	0	0
SQUARE	0	0
FOLD	34	55	55	15921	15921	0	17173
RAIL	10	87	6	27
CORRELATION	0	0	0	0
SQUARE	0	0
FOLD	35	57	57	16500	16500	0	17903
RAIL	40	56	6	28
CORRELATION	0	0	0	0
SQUARE	0	0
FOLD	36	59	59	17079	17079	0	18389
RAIL	40	57	6	29
CORRELATION	0	0	0	0
SQUARE	0	0
FOLD	37	61	61	17658	17658	0	18999
RAIL	11	85	6	30
CORRELATION	0	0	0	0
SQUARE	0	0
FOLD	38	63	63	18237	18237	0	19559
RAIL	11	86	6	31
CORRELATION	0	0	0	0
SQUARE	0	0
FOLD	39	65	65	18816	18816	0	19914
RAIL	39	57	6	32
CORRELATION	0	0	0	0
SQUARE	0	0
FOLD	40	67	67	19395	19395	0	20337
RAIL	39	58	6	33
CORRELATION	0	0	0	0
SQUARE	0	0
FOLD	41	69	69	19974	19974	0	20823
RAIL	12	84	6	34
CORRELATION	0	0	0	0
SQUARE	0	0
FOLD	42	71	71	20553	20553	0	21277
RAIL	12	85	6	35
CORRELATION	0	0	0	0
SQUARE	0	0
FOLD	43	73	73	21132	21132	0	21728
RAIL	38	58	6	36
CORRELATION	0	0	0	0
SQUARE	0	0
FOLD	44	75	75	21711	21711	0	22371
RAIL	38	59	6	37
CORRELATION	0	0	0	0
SQUARE	0	0
FOLD	45	77	77	22290	22290	0	22917
RAIL	13	83	6	38
CORRELATION	0	0	0	0
SQUARE	0	0
FOLD	46	79	79	22869	22869	0	23415
RAIL	13	84	6	39
CORRELATION	0	0	0	0
SQUARE	0	0
FOLD	47	81	81	23448	23448	0	24904
RAIL	37	59	6	40
CORRELATION	0	0	0	0
SQUARE	0	0
FOLD	48	83	83	24027	24027	0	25415
RAIL	37	60	6	41
CORRELATION	0	0	0	0
SQUARE	0	0
FOLD	49	85	85	24606	24606	0	25915
RAIL	14	82	6	42
CORRELATION	0	0	0	0
SQUARE	0	0
FOLD	50	87	87	25185	25185	0	26383
RAIL	14	83	6	43
CORRELATION	0	0	0	0
SQUARE	0	0
FOLD	51	89	89	25764	25764	0	27899
RAIL	36	60	6	44
CORRELATION	0	0	0	0
SQUARE	0	0
FOLD	52	91	91	26343	26343	0	28375
RAIL	36	61	6	45
CORRELATION	0	0	0	0
SQUARE	0	0
FOLD	53	93	93	26922	26922	0	28869
RAIL	15	81	6	46
CORRELATION	0	0	0	0
SQUARE	0	0
FOLD	54	95	95	27501	27501	0	30389
RAIL	15	82	6	47
CORRELATION	0	0	0	0
SQUARE	0	0
FOLD	55	97	97	28080	28080	0	30803
RAIL	35	61	6	48
CORRELATION	0	0	0	0
SQUARE	0	0
FOLD	56	99	99	28659	28659	0	31403
RAIL	35	62	6	49
CORRELATION	0	0	0	0
SQUARE	0	0
FOLD	57	101	101	29238	29238	0	32970
RAIL	16	80	6	50
CORRELATION	0	0	0	0
SQUARE	0	0
FOLD	58	103	103	29817	29817	0	33482
RAIL	16	81	6	51
CORRELATION	0	0	0	0
SQUARE	0	0
FOLD	59	105	105	30396	30396	0	33966
RAIL	34	62	6	52
CORRELATION	0	0	0	0
SQUARE	0	0
FOLD	60	107	107	30975	30975	0	34459
RAIL	34	63	6	53
CORRELATION	0	0	0	0
SQUARE	0	0
FOLD	61	109	109	31554	31554	0	35003
RAIL	17	79	6	54
CORRELATION	0	0	0	0
SQUARE	0	0
FOLD	62	111	111	32133	32133	0	35591
RAIL	17	80	6	55
CORRELATION	0	0	0	0
SQUARE	0	0
FOLD	63	113	113	32712	32712	0	36062
RAIL	33	63	6	56
CORRELATION	0	0	0	0
SQUARE	0	0
FOLD	64	115	115	33291	33291	0	36502
RAIL	33	64	6	57
CORRELATION	0	0	0	0
SQUARE	0	0
FOLD	65	117	117	33870	33870	0	36958
RAIL	18	78	6	58
CORRELATION	0	0	0	0
SQUARE	0	0
FOLD	66	119	119	34449	34449	0	37421
RAIL	18	79	6	59
CORRELATION	0	0	0	0
SQUARE	0	0
FOLD	67	121	121	35028	35028	0	37958
RAIL	32	64	6	60
CORRELATION	0	0	0	0
SQUARE	0	0
FOLD	68	123	123	35607	35607	0	38448
RAIL	32	65	6	61
CORRELATION	0	0	0	0
SQUARE	0	0
FOLD	69	125	125	36186	36186	0	38942
RAIL	19	77	6	62
CORRELATION	0	0	0	0
SQUARE	0	0
FOLD	70	127	127	36765	36765	0	39491
RAIL	19	78	6	63
CORRELATION	0	0	0	0
SQUARE	0	0
FOLD	71	129	129	37344	37344	0	39922
RAIL	31	65	6	64
CORRELATION	0	0	0	0
SQUARE	0	0
FOLD	72	131	131	37923	37923	0	40377
RAIL	31	66	6	65
CORRELATION	0	0	0	0
SQUARE	0	0
FOLD	73	133	133	38502	38502	0	40873
RAIL	20	76	6	66
CORRELATION	0	0	0	0
SQUARE	0	0
FOLD	74	135	135	39081	39081	0	41401
RAIL	20	77	6	67
CORRELATION	0	0	0	0
SQUARE	0	0
FOLD	75	137	137	39660	39660	0	41853
RAIL	30	66	6	68
CORRELATION	0	0	0	0
SQUARE	0	0
FOLD	76	139	139	40239	40239	0	42325
RAIL	30	67	6	69
CORRELATION	0	0	0	0
SQUARE	0	0
FOLD	77	141	141	40818	40818	0	42875
RAIL	21	75	6	70
CORRELATION	0	0	0	0
SQUARE	0	0
FOLD	78	143	143	41397	41397	0	43474
RAIL	21	76	6	71
CORRELATION	0	0	0	0
SQUARE	0	0
FOLD	79	145	145	41976	41976	0	44009
RAIL	29	67	6	72
CORRELATION	0	0	0	0
SQUARE	0	0
FOLD	80	147	147	42555	42555	0	44474
RAIL	29	68	6	73
CORRELATION	0	0	0	0
SQUARE	0	0
FOLD	81	149	149	43134	43134	0	44949
RAIL	22	74	6	74
CORRELATION	0	0	0	0
SQUARE	0	0
FOLD	82	151	151	43713	43713	0	45387
RAIL	22	75	6	75
CORRELATION	0	0	0	0
SQUARE	0	0
FOLD	83	153	153	44292	44292	0	45893
RAIL	28	68	6	76
CORRELATION	0	0	0	0
SQUARE	0	0
FOLD	84	155	155	44871	44871	0	46365
RAIL	28	69	6	77
CORRELATION	0	0	0	0
SQUARE	0	0
FOLD	85	157	157	45450	45450	0	46838
RAIL	23	73	6	78
CORRELATION	0	0	0	0
SQUARE	0	0
FOLD	86	159	159	46029	46029	0	47295
RAIL	23	74	6	79
CORRELATION	0	0	0	0
SQUARE	0	0
FOLD	87	161	161	46608	46608	0	47752
RAIL	27	69	6	80
CORRELATION	0	0	0	0
SQUARE	0	0
FOLD	88	163	163	47187	47187	0	48246
RAIL	27	70	6	81
CORRELATION	0	0	0	0
SQUARE	0	0
FOLD	89	165	165	47766	47766	0	48737
RAIL	24	72	6	82
CORRELATION	0	0	0	0
SQUARE	0	0
FOLD	90	167	167	48345	48345	0	49157
RAIL	24	73	6	83
CORRELATION	0	0	0	0
SQUARE	0	0
FOLD	91	169	169	48924	48924	0	49661
RAIL	26	70	6	84
CORRELATION	0	0	0	0
SQUARE	0	0
FOLD	92	171	171	49503	49503	0	50209
RAIL	26	71	6	85
CORRELATION	0	0	0	0
SQUARE	0	0
FOLD	93	173	173	50082	50082	0	50661
RAIL	25	71	6	86
CORRELATION	0	0	0	0
SQUARE	0	0
FOLD	94	175	175	50661	50661	0	51145
RAIL	25	72	6	87
CORRELATION	0	0	0	0
SQUARE	0	0
FOLD	94	175	175	50661	50661	0	53106
RAIL	25	72	6	88
CORRELATION	0	0	4599	6949
SQUARE	1	101
FOLD	94	175	175	50661	50661	0	53144
RAIL	25	72	6	88
CORRELATION	0	0	4599	6949
SQUARE	2	177
FOLD	94	175	175	50661	50661	0	53156
RAIL	25	72	6	88
CORRELATION	0	0	4599	6949
SQUARE	4	179
FOLD	94	175	175	50661	50661	0	53172
RAIL	25	72	6	88
CORRELATION	0	0	4599	6949
SQUARE	8	181
FOLD	94	175	175	50661	50661	0	53198
RAIL	25	72	6	88
CORRELATION	0	0	4599	6949
SQUARE	16	183
FOLD	94	175	175	50661	50661	0	53249
RAIL	25	72	6	88
CORRELATION	0	0	4599	6949
SQUARE	32	186
FOLD	94	175	175	50661	50661	0	53339
RAIL	25	72	6	88
CORRELATION	0	0	4599	6949
SQUARE	64	188
FOLD	94	175	175	50661	50661	0	53471
RAIL	25	72	6	88
CORRELATION	1	0	4599	6949
SQUARE	96	191
FOLD	94	175	175	50661	50661	0	53558
RAIL	25	72	6	88
CORRELATION	1	0	4599	6949
SQUARE	128	191
FOLD	94	175	175	50661	50661	0	53756
RAIL	25	72	6	88
CORRELATION	2	0	4599	6949
SQUARE	192	193
FOLD	94	175	175	50661	50661	0	54044
RAIL	25	72	6	88
CORRELATION	2	0	4599	6949
SQUARE	256	193
FOLD	95	176	176	50952	50952	0	54181
RAIL	48	48	6	88
CORRELATION	3	0	4599	6949
SQUARE	288	193
FOLD	95	176	176	50952	50952	0	54822
RAIL	48	48	6	89
CORRELATION	4	0	4599	6949
SQUARE	384	196
FOLD	96	177	177	51240	51240	0	54829
RAIL	48	49	6	89
CORRELATION	4	0	4599	6949
SQUARE	384	196
FOLD	96	177	177	51240	51240	0	55628
RAIL	48	49	6	90
CORRELATION	5	0	4599	6949
SQUARE	512	196
FOLD	97	178	178	51531	51531	0	56078
RAIL	47	49	6	90
CORRELATION	7	0	4599	6949
SQUARE	672	198
FOLD	97	178	178	51531	51531	0	56759
RAIL	47	49	6	91
CORRELATION	8	0	4599	6949
SQUARE	768	198
FOLD	98	179	179	51819	51819	0	56765
RAIL	47	50	6	91
CORRELATION	8	0	4599	6949
SQUARE	768	198
FOLD	98	179	179	51819	51819	0	57948
RAIL	47	50	6	92
CORRELATION	10	0	4599	6949
SQUARE	1024	198
FOLD	99	180	180	52110	52110	0	58068
RAIL	46	50	6	92
CORRELATION	11	0	4599	6949
SQUARE	1056	198
FOLD	100	181	181	52398	52398	0	58838
RAIL	46	51	6	93
CORRELATION	12	0	4599	6949
SQUARE	1152	198
FOLD	101	182	182	52689	52689	0	59572
RAIL	5	91	6	94
CORRELATION	13	0	4599	6949
SQUARE	1248	201
FOLD	103	180	182	52110	52689	0	60908
RAIL	45	51	8	95
CORRELATION	16	0	4599	6949
SQUARE	1536	201
FOLD	108	183	183	52980	52980	0	63410
RAIL	44	53	9	98
CORRELATION	20	0	4599	6949
SQUARE	1920	201
FOLD	109	184	184	53271	53271	0	64131
RAIL	7	89	9	99
CORRELATION	21	0	4599	6949
SQUARE	2016	201
FOLD	109	184	184	53271	53271	0	64587
RAIL	7	89	9	100
CORRELATION	21	0	4599	6949
SQUARE	2048	201
FOLD	110	185	185	53559	53559	0	64798
RAIL	7	90	9	100
CORRELATION	22	0	4599	6949
SQUARE	2112	201
FOLD	111	186	186	53850	53850	0	65508
RAIL	43	53	9	101
CORRELATION	23	0	4599	6949
SQUARE	2208	201
FOLD	112	187	187	54138	54138	0	66735
RAIL	43	54	9	102
CORRELATION	24	0	4599	6949
SQUARE	2304	201
FOLD	113	188	188	54429	54429	0	67454
RAIL	8	88	9	103
CORRELATION	25	0	4599	6949
SQUARE	2400	203
FOLD	114	189	189	54717	54717	0	68158
RAIL	8	89	9	104
CORRELATION	26	0	4599	6949
SQUARE	2496	203
FOLD	115	190	190	55008	55008	0	68987
RAIL	42	54	9	105
CORRELATION	27	0	4599	6949
SQUARE	2592	203
FOLD	116	191	191	55296	55296	0	71002
RAIL	42	55	9	106
CORRELATION	28	0	4599	6949
SQUARE	2688	203
FOLD	117	192	192	55587	55587	0	71773
RAIL	9	87	9	107
CORRELATION	29	0	4599	6949
SQUARE	2784	203
FOLD	118	193	193	55875	55875	0	72430
RAIL	9	88	9	108
CORRELATION	30	0	4599	6949
SQUARE	2880	203
FOLD	119	194	194	56166	56166	0	74936
RAIL	41	55	9	109
CORRELATION	31	0	4599	6949
SQUARE	2976	203
FOLD	119	194	194	56166	56166	0	76559
RAIL	41	55	9	110
CORRELATION	32	0	4599	6949
SQUARE	3072	203
FOLD	120	195	195	56454	56454	0	76566
RAIL	41	56	9	110
CORRELATION	32	0	4599	6949
SQUARE	3072	203
FOLD	121	196	196	56745	56745	0	78754
RAIL	10	86	9	111
CORRELATION	33	0	4599	6949
SQUARE	3168	203
FOLD	122	197	197	57033	57033	0	80357
RAIL	10	87	9	112
CORRELATION	34	0	4599	6949
SQUARE	3264	203
FOLD	123	198	198	57324	57324	0	82405
RAIL	40	56	9	113
CORRELATION	35	0	4599	6949
SQUARE	3360	203
FOLD	124	199	199	57612	57612	0	84150
RAIL	40	57	9	114
CORRELATION	36	0	4599	6949
SQUARE	3456	203
FOLD	125	200	200	57903	57903	0	84911
RAIL	11	85	9	115
CORRELATION	37	0	4599	6949
SQUARE	3552	203
FOLD	126	201	201	58191	58191	0	85574
RAIL	11	86	9	116
CORRELATION	38	0	4599	6949
SQUARE	3648	203
FOLD	127	202	202	58482	58482	0	86341
RAIL	39	57	9	117
CORRELATION	39	0	4599	6949
SQUARE	3744	203
FOLD	128	203	203	58770	58770	0	87055
RAIL	39	58	9	118
CORRELATION	40	0	4599	6949
SQUARE	3840	203
FOLD	129	204	204	59061	59061	0	87851
RAIL	12	84	9	119
CORRELATION	41	0	4599	6949
SQUARE	3936	203
FOLD	130	205	205	59349	59349	0	88554
RAIL	12	85	9	120
CORRELATION	42	0	4599	6949
SQUARE	4032	203
FOLD	130	205	205	59349	59349	0	89070
RAIL	12	85	9	121
CORRELATION	42	0	4599	6949
SQUARE	4096	203
FOLD	131	206	206	59640	59640	0	89206
RAIL	38	58	9	121
CORRELATION	43	0	4599	6949
SQUARE	4128	203
FOLD	132	207	207	59928	59928	0	89906
RAIL	38	59	9	122
CORRELATION	44	0	4599	6949
SQUARE	4224	203
FOLD	133	208	208	60219	60219	0	91830
RAIL	13	83	9	123
CORRELATION	45	2	4599	6949
SQUARE	4320	203
FOLD	134	209	209	60507	60507	0	93355
RAIL	13	84	9	124
CORRELATION	46	4	4599	6949
SQUARE	4416	203
FOLD	135	210	210	60798	60798	0	94054
RAIL	37	59	9	125
CORRELATION	47	4	4599	6949
SQUARE	4512	203
FOLD	136	211	211	61086	61086	0	94720
RAIL	37	60	9	126
CORRELATION	48	4	4599	6949
SQUARE	4608	203
FOLD	137	212	212	61377	61377	0	96366
RAIL	14	82	9	127
CORRELATION	49	7	4599	6949
SQUARE	4704	206
FOLD	138	213	213	61665	61665	0	97000
RAIL	14	83	9	128
CORRELATION	50	7	4599	6949
SQUARE	4800	206
FOLD	139	214	214	61956	61956	0	98612
RAIL	36	60	9	129
CORRELATION	51	10	4599	6949
SQUARE	4896	206
FOLD	140	215	215	62244	62244	0	99300
RAIL	36	61	9	130
CORRELATION	52	10	4599	6949
SQUARE	4992	206
FOLD	141	216	216	62535	62535	0	99989
RAIL	15	81	9	131
CORRELATION	53	10	4599	6949
SQUARE	5088	206
FOLD	142	217	217	62823	62823	0	100572
RAIL	15	82	9	132
CORRELATION	54	10	4599	6949
SQUARE	5184	206
FOLD	143	218	218	63114	63114	0	101140
RAIL	35	61	9	133
CORRELATION	55	10	4599	6949
SQUARE	5280	206
FOLD	144	219	219	63402	63402	0	103802
RAIL	35	62	9	134
CORRELATION	56	13	4599	6949
SQUARE	5376	206
FOLD	145	220	220	63693	63693	0	106855
RAIL	16	80	9	135
CORRELATION	57	15	4599	6949
SQUARE	5472	206
FOLD	146	221	221	63981	63981	0	108674
RAIL	16	81	9	136
CORRELATION	58	15	4599	6949
SQUARE	5568	206
FOLD	147	222	222	64272	64272	0	110523
RAIL	34	62	9	137
CORRELATION	59	17	4599	6949
SQUARE	5664	206
FOLD	148	223	223	64560	64560	0	112420
RAIL	34	63	9	138
CORRELATION	60	19	4599	6949
SQUARE	5760	206
FOLD	149	224	224	64851	64851	0	113048
RAIL	17	79	9	139
CORRELATION	61	19	4599	6949
SQUARE	5856	206
FOLD	150	225	225	65139	65139	0	115178
RAIL	17	80	9	140
CORRELATION	62	21	4599	6949
SQUARE	5952	206
FOLD	151	226	226	65430	65430	0	116489
RAIL	33	63	9	141
CORRELATION	63	22	4599	6949
SQUARE	6048	206
FOLD	151	226	226	65430	65430	0	118330
RAIL	33	63	9	142
CORRELATION	64	24	4599	6949
SQUARE	6144	206
FOLD	152	227	227	65718	65718	0	118345
RAIL	33	64	9	142
CORRELATION	64	24	4599	6949
SQUARE	6144	206
FOLD	153	228	228	66009	66009	0	118993
RAIL	18	78	9	143
CORRELATION	65	24	4599	6949
SQUARE	6240	206
FOLD	154	229	229	66297	66297	0	119669
RAIL	18	79	9	144
CORRELATION	66	24	4599	6949
SQUARE	6336	206
FOLD	155	230	230	66588	66588	0	120266
RAIL	32	64	9	145
CORRELATION	67	24	4599	6949
SQUARE	6432	206
FOLD	156	231	231	66876	66876	0	120847
RAIL	32	65	9	146
CORRELATION	68	24	4599	6949
SQUARE	6528	206
FOLD	157	232	232	67167	67167	0	122527
RAIL	19	77	9	147
CORRELATION	69	24	4599	6949
SQUARE	6624	206
FOLD	158	233	233	67455	67455	0	125187
RAIL	19	78	9	148
CORRELATION	70	26	4599	6949
SQUARE	6720	206
FOLD	159	234	234	67746	67746	0	126376
RAIL	31	65	9	149
CORRELATION	71	28	4599	6949
SQUARE	6816	206
FOLD	160	235	235	68034	68034	0	127071
RAIL	31	66	9	150
CORRELATION	72	28	4599	6949
SQUARE	6912	206
FOLD	161	236	236	68325	68325	0	128962
RAIL	20	76	9	151
CORRELATION	73	30	4599	6949
SQUARE	7008	206
FOLD	162	237	237	68613	68613	0	130662
RAIL	20	77	9	152
CORRELATION	74	32	4599	6949
SQUARE	7104	206
FOLD	163	238	238	68904	68904	0	131278
RAIL	30	66	9	153
CORRELATION	75	32	4599	6949
SQUARE	7200	206
FOLD	164	239	239	69192	69192	0	131854
RAIL	30	67	9	154
CORRELATION	76	32	4599	6949
SQUARE	7296	206
FOLD	165	240	240	69483	69483	0	133946
RAIL	21	75	9	155
CORRELATION	77	34	4599	6949
SQUARE	7392	206
FOLD	166	241	241	69771	69771	0	136030
RAIL	21	76	9	156
CORRELATION	78	36	4599	6949
SQUARE	7488	206
FOLD	167	242	242	70062	70062	0	136713
RAIL	29	67	9	157
CORRELATION	79	36	4599	6949
SQUARE	7584	206
FOLD	168	243	243	70350	70350	0	137880
RAIL	29	68	9	158
CORRELATION	80	38	4599	6949
SQUARE	7680	206
FOLD	169	244	244	70641	70641	0	139560
RAIL	22	74	9	159
CORRELATION	81	38	4599	6949
SQUARE	7776	206
FOLD	170	245	245	70929	70929	0	140204
RAIL	22	75	9	160
CORRELATION	82	38	4599	6949
SQUARE	7872	206
FOLD	171	246	246	71220	71220	0	141017
RAIL	28	68	9	161
CORRELATION	83	38	4599	6949
SQUARE	7968	206
FOLD	172	247	247	71508	71508	0	142752
RAIL	28	69	9	162
CORRELATION	84	40	4599	6949
SQUARE	8064	206
FOLD	173	248	248	71799	71799	0	144468
RAIL	23	73	9	163
CORRELATION	85	42	4599	6949
SQUARE	8160	206
FOLD	173	248	248	71799	71799	0	144920
RAIL	23	73	9	164
CORRELATION	85	42	4599	6949
SQUARE	8192	206
FOLD	174	249	249	72087	72087	0	145393
RAIL	23	74	9	164
CORRELATION	86	44	4599	6949
SQUARE	8256	206
FOLD	175	250	250	72378	72378	0	146077
RAIL	27	69	9	165
CORRELATION	87	44	4599	6949
SQUARE	8352	206
FOLD	176	251	251	72666	72666	0	146975
RAIL	27	70	9	166
CORRELATION	88	46	4599	6949
SQUARE	8448	206
FOLD	177	252	252	72957	72957	0	147716
RAIL	24	72	9	167
CORRELATION	89	46	4599	6949
SQUARE	8544	206
FOLD	178	253	253	73245	73245	0	149586
RAIL	24	73	9	168
CORRELATION	90	48	4599	6949
SQUARE	8640	206
FOLD	179	254	254	73536	73536	0	152197
RAIL	26	70	9	169
CORRELATION	91	50	4599	6949
SQUARE	8736	206
FOLD	180	255	255	73824	73824	0	152799
RAIL	26	71	9	170
CORRELATION	92	50	4599	6949
SQUARE	8832	206
FOLD	181	256	256	74115	74115	0	154594
RAIL	25	71	9	171
CORRELATION	93	50	4599	6949
SQUARE	8928	206
FOLD	182	257	257	74403	74403	0	155200
RAIL	25	72	9	172
CORRELATION	94	50	4599	6949
SQUARE	9024	206
FOLD	183	258	258	74694	74694	0	156415
RAIL	48	48	9	173
CORRELATION	97	50	4599	6949
SQUARE	9312	206
FOLD	184	259	259	74982	74982	0	157079
RAIL	48	49	9	174
CORRELATION	98	51	4599	6949
SQUARE	9408	208
FOLD	185	260	260	75273	75273	0	160520
RAIL	47	49	9	175
CORRELATION	101	56	4599	6949
SQUARE	9696	208
FOLD	186	261	261	75561	75561	0	161171
RAIL	47	50	9	176
CORRELATION	102	56	4599	6949
SQUARE	9792	208
FOLD	187	262	262	75852	75852	0	164922
RAIL	46	50	9	177
CORRELATION	105	61	4599	6949
SQUARE	10080	208
FOLD	188	263	263	76140	76140	0	167513
RAIL	46	51	9	178
CORRELATION	106	63	4599	6949
SQUARE	10176	208
FOLD	189	264	264	76431	76431	0	168136
RAIL	5	91	9	179
CORRELATION	107	63	4599	6949
SQUARE	10272	208
FOLD	202	265	265	76719	76719	0	182726
RAIL	8	89	15	186
CORRELATION	120	77	4599	6949
SQUARE	11520	208
FOLD	203	266	266	77010	77010	0	184046
RAIL	42	54	15	187
CORRELATION	121	79	4599	6949
SQUARE	11616	208
FOLD	204	267	267	77298	77298	0	184688
RAIL	42	55	15	188
CORRELATION	122	79	4599	6949
SQUARE	11712	208
FOLD	205	268	268	77589	77589	0	186617
RAIL	9	87	15	189
CORRELATION	123	81	4599	6949
SQUARE	11808	208
FOLD	206	269	269	77877	77877	0	188374
RAIL	9	88	15	190
CORRELATION	124	83	4599	6949
SQUARE	11904	208
FOLD	207	270	270	78168	78168	0	188950
RAIL	41	55	15	191
CORRELATION	125	83	4599	6949
SQUARE	12000	208
FOLD	208	271	271	78456	78456	0	189538
RAIL	41	56	15	192
CORRELATION	126	83	4599	6949
SQUARE	12096	208
FOLD	209	272	272	78747	78747	0	190321
RAIL	10	86	15	193
CORRELATION	127	83	4599	6949
SQUARE	12192	208
FOLD	209	272	272	78747	78747	0	190944
RAIL	10	86	15	194
CORRELATION	128	83	4599	6949
SQUARE	12288	208
FOLD	210	273	273	79035	79035	0	190951
RAIL	10	87	15	194
CORRELATION	128	83	4599	6949
SQUARE	12288	208
FOLD	211	274	274	79326	79326	0	192848
RAIL	40	56	15	195
CORRELATION	129	85	4599	6949
SQUARE	12384	208
FOLD	212	275	275	79614	79614	0	194220
RAIL	40	57	15	196
CORRELATION	130	87	4599	6949
SQUARE	12480	208
FOLD	213	276	276	79905	79905	0	195719
RAIL	11	85	15	197
CORRELATION	131	89	4599	6949
SQUARE	12576	208
FOLD	214	277	277	80193	80193	0	196345
RAIL	11	86	15	198
CORRELATION	132	89	4599	6949
SQUARE	12672	208
FOLD	215	278	278	80484	80484	0	198092
RAIL	39	57	15	199
CORRELATION	133	91	4599	6949
SQUARE	12768	208
FOLD	216	279	279	80772	80772	0	199892
RAIL	39	58	15	200
CORRELATION	134	93	4599	6949
SQUARE	12864	208
FOLD	217	280	280	81063	81063	0	200596
RAIL	12	84	15	201
CORRELATION	135	93	4599	6949
SQUARE	12960	208
FOLD	218	281	281	81351	81351	0	201178
RAIL	12	85	15	202
CORRELATION	136	93	4599	6949
SQUARE	13056	208
FOLD	219	282	282	81642	81642	0	202713
RAIL	38	58	15	203
CORRELATION	137	95	4599	6949
SQUARE	13152	208
FOLD	220	283	283	81930	81930	0	204981
RAIL	38	59	15	204
CORRELATION	138	97	4599	6949
SQUARE	13248	208
FOLD	221	284	284	82221	82221	0	205598
RAIL	13	83	15	205
CORRELATION	139	97	4599	6949
SQUARE	13344	208
FOLD	222	285	285	82509	82509	0	207346
RAIL	13	84	15	206
CORRELATION	140	99	4599	6949
SQUARE	13440	208
FOLD	223	286	286	82800	82800	0	209120
RAIL	37	59	15	207
CORRELATION	141	101	4599	6949
SQUARE	13536	208
FOLD	224	287	287	83088	83088	0	209781
RAIL	37	60	15	208
CORRELATION	142	101	4599	6949
SQUARE	13632	208
FOLD	225	288	288	83379	83379	0	210390
RAIL	14	82	15	209
CORRELATION	143	101	4599	6949
SQUARE	13728	208
FOLD	226	289	289	83667	83667	0	210971
RAIL	14	83	15	210
CORRELATION	144	101	4599	6949
SQUARE	13824	208
FOLD	227	290	290	83958	83958	0	211651
RAIL	36	60	15	211
CORRELATION	145	101	4599	6949
SQUARE	13920	208
FOLD	228	291	291	84246	84246	0	212243
RAIL	36	61	15	212
CORRELATION	146	101	4599	6949
SQUARE	14016	208
FOLD	229	292	292	84537	84537	0	212813
RAIL	15	81	15	213
CORRELATION	147	101	4599	6949
SQUARE	14112	208
FOLD	230	293	293	84825	84825	0	213452
RAIL	15	82	15	214
CORRELATION	148	101	4599	6949
SQUARE	14208	208
FOLD	231	294	294	85116	85116	0	214186
RAIL	35	61	15	215
CORRELATION	149	101	4599	6949
SQUARE	14304	208
FOLD	232	295	295	85404	85404	0	214777
RAIL	35	62	15	216
CORRELATION	150	101	4599	6949
SQUARE	14400	208
FOLD	233	296	296	85695	85695	0	215464
RAIL	16	80	15	217
CORRELATION	151	101	4599	6949
SQUARE	14496	208
FOLD	234	297	297	85983	85983	0	216744
RAIL	16	81	15	218
CORRELATION	152	103	4599	6949
SQUARE	14592	208
FOLD	235	298	298	86274	86274	0	217506
RAIL	34	62	15	219
CORRELATION	153	103	4599	6949
SQUARE	14688	208
FOLD	236	299	299	86562	86562	0	218163
RAIL	34	63	15	220
CORRELATION	154	103	4599	6949
SQUARE	14784	208
FOLD	237	300	300	86853	86853	0	220235
RAIL	17	79	15	221
CORRELATION	155	104	4599	6949
SQUARE	14880	208
FOLD	238	301	301	87141	87141	0	221114
RAIL	17	80	15	222
CORRELATION	156	106	4599	6949
SQUARE	14976	208
FOLD	239	302	302	87432	87432	0	221943
RAIL	33	63	15	223
CORRELATION	157	108	4599	6949
SQUARE	15072	208
FOLD	240	303	303	87720	87720	0	222663
RAIL	33	64	15	224
CORRELATION	158	108	4599	6949
SQUARE	15168	208
FOLD	241	304	304	88011	88011	0	223494
RAIL	18	78	15	225
CORRELATION	159	110	4599	6949
SQUARE	15264	208
FOLD	242	305	305	88299	88299	0	224143
RAIL	18	79	15	226
CORRELATION	160	111	4599	6949
SQUARE	15360	208
FOLD	243	306	306	88590	88590	0	224921
RAIL	32	64	15	227
CORRELATION	161	113	4599	6949
SQUARE	15456	208
FOLD	244	307	307	88878	88878	0	225558
RAIL	32	65	15	228
CORRELATION	162	113	4599	6949
SQUARE	15552	208
FOLD	245	308	308	89169	89169	0	226218
RAIL	19	77	15	229
CORRELATION	163	113	4599	6949
SQUARE	15648	208
FOLD	246	309	309	89457	89457	0	226913
RAIL	19	78	15	230
CORRELATION	164	113	4599	6949
SQUARE	15744	208
FOLD	247	310	310	89748	89748	0	227683
RAIL	31	65	15	231
CORRELATION	165	116	4599	6949
SQUARE	15840	208
FOLD	248	311	311	90036	90036	0	228452
RAIL	31	66	15	232
CORRELATION	166	118	4599	6949
SQUARE	15936	208
FOLD	249	312	312	90327	90327	0	229035
RAIL	20	76	15	233
CORRELATION	167	118	4599	6949
SQUARE	16032	208
FOLD	250	313	313	90615	90615	0	230677
RAIL	20	77	15	234
CORRELATION	168	118	4599	6949
SQUARE	16128	208
FOLD	251	314	314	90906	90906	0	233169
RAIL	30	66	15	235
CORRELATION	169	120	4599	6949
SQUARE	16224	208
FOLD	252	315	315	91194	91194	0	234813
RAIL	30	67	15	236
CORRELATION	170	120	4599	6949
SQUARE	16320	208
FOLD	252	315	315	91194	91194	0	235293
RAIL	30	67	15	237
CORRELATION	170	120	4599	6949
SQUARE	16384	208
FOLD	253	316	316	91485	91485	0	236481
RAIL	21	75	15	237
CORRELATION	171	122	4599	6949
SQUARE	16416	208
FOLD	254	317	317	91773	91773	0	237688
RAIL	21	76	15	238
CORRELATION	172	124	4599	6949
SQUARE	16512	208
FOLD	255	318	318	92064	92064	0	238529
RAIL	29	67	15	239
CORRELATION	173	125	4599	6949
SQUARE	16608	208
FOLD	256	319	319	92352	92352	0	239165
RAIL	29	68	15	240
CORRELATION	174	125	4599	6949
SQUARE	16704	208
FOLD	257	320	320	92643	92643	0	239732
RAIL	22	74	15	241
CORRELATION	175	125	4599	6949
SQUARE	16800	208
FOLD	258	321	321	92931	92931	0	240477
RAIL	22	75	15	242
CORRELATION	176	127	4599	6949
SQUARE	16896	208
FOLD	259	322	322	93222	93222	0	241211
RAIL	28	68	15	243
CORRELATION	177	129	4599	6949
SQUARE	16992	208
FOLD	260	323	323	93510	93510	0	241916
RAIL	28	69	15	244
CORRELATION	178	129	4599	6949
SQUARE	17088	208
FOLD	261	324	324	93801	93801	0	242562
RAIL	23	73	15	245
CORRELATION	179	129	4599	6949
SQUARE	17184	208
FOLD	262	325	325	94089	94089	0	243327
RAIL	23	74	15	246
CORRELATION	180	130	4599	6949
SQUARE	17280	208
FOLD	263	326	326	94380	94380	0	244360
RAIL	27	69	15	247
CORRELATION	181	132	4599	6949
SQUARE	17376	208
FOLD	264	327	327	94668	94668	0	245032
RAIL	27	70	15	248
CORRELATION	182	132	4599	6949
SQUARE	17472	208
FOLD	265	328	328	94959	94959	0	247078
RAIL	24	72	15	249
CORRELATION	183	134	4599	6949
SQUARE	17568	208
FOLD	266	329	329	95247	95247	0	247973
RAIL	24	73	15	250
CORRELATION	184	135	4599	6949
SQUARE	17664	208
FOLD	267	330	330	95538	95538	0	248644
RAIL	26	70	15	251
CORRELATION	185	135	4599	6949
SQUARE	17760	208
FOLD	268	331	331	95826	95826	0	250055
RAIL	26	71	15	252
CORRELATION	186	137	4599	6949
SQUARE	17856	208
FOLD	269	332	332	96117	96117	0	251070
RAIL	25	71	15	253
CORRELATION	187	139	4599	6949
SQUARE	17952	208
FOLD	270	333	333	96405	96405	0	251769
RAIL	25	72	15	254
CORRELATION	188	139	4599	6949
SQUARE	18048	208
FOLD	271	334	334	96696	96696	0	253110
RAIL	48	48	15	255
CORRELATION	191	139	4599	6949
SQUARE	18336	208
FOLD	272	335	335	96984	96984	0	254884
RAIL	48	49	15	256
CORRELATION	192	141	4599	6949
SQUARE	18432	208
FOLD	273	336	336	97275	97275	0	258382
RAIL	47	49	15	257
CORRELATION	195	145	4599	6949
SQUARE	18720	211
FOLD	274	337	337	97563	97563	0	260316
RAIL	47	50	15	258
CORRELATION	196	147	4599	6949
SQUARE	18816	211
FOLD	275	338	338	97854	97854	0	262022
RAIL	46	50	15	259
CORRELATION	199	151	4599	6949
SQUARE	19104	211
FOLD	276	339	339	98142	98142	0	262712
RAIL	46	51	15	260
CORRELATION	200	151	4599	6949
SQUARE	19200	211
FOLD	277	340	340	98433	98433	0	264272
RAIL	45	51	15	261
CORRELATION	203	154	4599	6949
SQUARE	19488	211
FOLD	278	341	341	98721	98721	0	265099
RAIL	45	52	15	262
CORRELATION	204	154	4599	6949
SQUARE	19584	211
FOLD	279	342	342	99012	99012	0	266629
RAIL	6	91	15	263
CORRELATION	206	157	4599	6949
SQUARE	19776	211
FOLD	282	343	343	99300	99300	0	268875
RAIL	7	89	16	265
CORRELATION	209	160	4599	6949
SQUARE	20064	211
FOLD	291	344	344	99588	99588	0	276186
RAIL	9	88	20	270
CORRELATION	218	168	4599	6949
SQUARE	20928	211
FOLD	292	345	345	99879	99879	0	276921
RAIL	41	55	20	271
CORRELATION	219	169	4599	6949
SQUARE	21024	211
FOLD	293	346	346	100167	100167	0	277711
RAIL	41	56	20	272
CORRELATION	220	169	4599	6949
SQUARE	21120	211
FOLD	294	347	347	100458	100458	0	278915
RAIL	10	86	20	273
CORRELATION	221	171	4599	6949
SQUARE	21216	211
FOLD	295	348	348	100746	100746	0	279854
RAIL	10	87	20	274
CORRELATION	222	173	4599	6949
SQUARE	21312	211
FOLD	296	349	349	101037	101037	0	280589
RAIL	40	56	20	275
CORRELATION	223	173	4599	6949
SQUARE	21408	211
FOLD	297	350	350	101325	101325	0	281346
RAIL	40	57	20	276
CORRELATION	224	173	4599	6949
SQUARE	21504	211
FOLD	298	351	351	101616	101616	0	282382
RAIL	11	85	20	277
CORRELATION	225	176	4599	6949
SQUARE	21600	211
FOLD	299	352	352	101904	101904	0	283248
RAIL	11	86	20	278
CORRELATION	226	176	4599	6949
SQUARE	21696	211
FOLD	300	353	353	102195	102195	0	284610
RAIL	39	57	20	279
CORRELATION	227	179	4599	6949
SQUARE	21792	211
FOLD	301	354	354	102483	102483	0	285396
RAIL	39	58	20	280
CORRELATION	228	179	4599	6949
SQUARE	21888	211
FOLD	302	355	355	102774	102774	0	286137
RAIL	12	84	20	281
CORRELATION	229	179	4599	6949
SQUARE	21984	211
FOLD	303	356	356	103062	103062	0	286835
RAIL	12	85	20	282
CORRELATION	230	179	4599	6949
SQUARE	22080	211
FOLD	304	357	357	103353	103353	0	287524
RAIL	38	58	20	283
CORRELATION	231	179	4599	6949
SQUARE	22176	211
FOLD	305	358	358	103641	103641	0	289009
RAIL	38	59	20	284
CORRELATION	232	181	4599	6949
SQUARE	22272	211
FOLD	306	359	359	103932	103932	0	290372
RAIL	13	83	20	285
CORRELATION	233	183	4599	6949
SQUARE	22368	211
FOLD	307	360	360	104220	104220	0	291108
RAIL	13	84	20	286
CORRELATION	234	183	4599	6949
SQUARE	22464	211
FOLD	308	361	361	104511	104511	0	292323
RAIL	37	59	20	287
CORRELATION	235	186	4599	6949
SQUARE	22560	211
FOLD	309	362	362	104799	104799	0	293077
RAIL	37	60	20	288
CORRELATION	236	186	4599	6949
SQUARE	22656	211
FOLD	310	363	363	105090	105090	0	293992
RAIL	14	82	20	289
CORRELATION	237	188	4599	6949
SQUARE	22752	211
FOLD	311	364	364	105378	105378	0	295261
RAIL	14	83	20	290
CORRELATION	238	190	4599	6949
SQUARE	22848	211
FOLD	312	365	365	105669	105669	0	296103
RAIL	36	60	20	291
CORRELATION	239	190	4599	6949
SQUARE	22944	211
FOLD	313	366	366	105957	105957	0	296880
RAIL	36	61	20	292
CORRELATION	240	190	4599	6949
SQUARE	23040	211
FOLD	314	367	367	106248	106248	0	297775
RAIL	15	81	20	293
CORRELATION	241	192	4599	6949
SQUARE	23136	211
FOLD	315	368	368	106536	106536	0	298643
RAIL	15	82	20	294
CORRELATION	242	194	4599	6949
SQUARE	23232	211
FOLD	316	369	369	106827	106827	0	299338
RAIL	35	61	20	295
CORRELATION	243	194	4599	6949
SQUARE	23328	211
FOLD	317	370	370	107115	107115	0	300271
RAIL	35	62	20	296
CORRELATION	244	196	4599	6949
SQUARE	23424	211
FOLD	318	371	371	107406	107406	0	301391
RAIL	16	80	20	297
CORRELATION	245	199	4599	6949
SQUARE	23520	211
FOLD	319	372	372	107694	107694	0	302250
RAIL	16	81	20	298
CORRELATION	246	199	4599	6949
SQUARE	23616	211
FOLD	320	373	373	107985	107985	0	302971
RAIL	34	62	20	299
CORRELATION	247	199	4599	6949
SQUARE	23712	211
FOLD	321	374	374	108273	108273	0	305569
RAIL	34	63	20	300
CORRELATION	248	199	4599	6949
SQUARE	23808	211
FOLD	322	375	375	108564	108564	0	306377
RAIL	17	79	20	301
CORRELATION	249	199	4599	6949
SQUARE	23904	211
FOLD	323	376	376	108852	108852	0	307152
RAIL	17	80	20	302
CORRELATION	250	200	4599	6949
SQUARE	24000	211
FOLD	324	377	377	109143	109143	0	307890
RAIL	33	63	20	303
CORRELATION	251	200	4599	6949
SQUARE	24096	211
FOLD	325	378	378	109431	109431	0	308671
RAIL	33	64	20	304
CORRELATION	252	200	4599	6949
SQUARE	24192	211
FOLD	326	379	379	109722	109722	0	309408
RAIL	18	78	20	305
CORRELATION	253	200	4599	6949
SQUARE	24288	211
FOLD	327	380	380	110010	110010	0	310228
RAIL	18	79	20	306
CORRELATION	254	201	4599	6949
SQUARE	24384	211
FOLD	328	381	381	110301	110301	0	310992
RAIL	32	64	20	307
CORRELATION	255	203	4599	6949
SQUARE	24480	211
FOLD	328	381	381	110301	110301	0	311731
RAIL	32	64	20	308
CORRELATION	256	204	4599	6949
SQUARE	24576	211
FOLD	329	382	382	110589	110589	0	311740
RAIL	32	65	20	308
CORRELATION	256	204	4599	6949
SQUARE	24576	211
FOLD	330	383	383	110880	110880	0	313185
RAIL	19	77	20	309
CORRELATION	257	205	4599	6949
SQUARE	24672	211
FOLD	331	384	384	111168	111168	0	314234
RAIL	19	78	20	310
CORRELATION	258	207	4599	6949
SQUARE	24768	211
FOLD	332	385	385	111459	111459	0	315066
RAIL	31	65	20	311
CORRELATION	259	208	4599	6949
SQUARE	24864	211
FOLD	333	386	386	111747	111747	0	315681
RAIL	31	66	20	312
CORRELATION	260	208	4599	6949
SQUARE	24960	211
FOLD	334	387	387	112038	112038	0	316918
RAIL	20	76	20	313
CORRELATION	261	211	4599	6949
SQUARE	25056	211
FOLD	335	388	388	112326	112326	0	317564
RAIL	20	77	20	314
CORRELATION	262	211	4599	6949
SQUARE	25152	211
FOLD	336	389	389	112617	112617	0	318194
RAIL	30	66	20	315
CORRELATION	263	211	4599	6949
SQUARE	25248	211
FOLD	337	390	390	112905	112905	0	320460
RAIL	30	67	20	316
CORRELATION	264	212	4599	6949
SQUARE	25344	211
FOLD	338	391	391	113196	113196	0	322747
RAIL	21	75	20	317
CORRELATION	265	214	4599	6949
SQUARE	25440	211
FOLD	339	392	392	113484	113484	0	323473
RAIL	21	76	20	318
CORRELATION	266	214	4599	6949
SQUARE	25536	211
FOLD	340	393	393	113775	113775	0	324888
RAIL	29	67	20	319
CORRELATION	267	217	4599	6949
SQUARE	25632	211
FOLD	341	394	394	114063	114063	0	325489
RAIL	29	68	20	320
CORRELATION	268	217	4599	6949
SQUARE	25728	211
FOLD	342	395	395	114354	114354	0	326307
RAIL	22	74	20	321
CORRELATION	269	219	4599	6949
SQUARE	25824	211
FOLD	343	396	396	114642	114642	0	327529
RAIL	22	75	20	322
CORRELATION	270	219	4599	6949
SQUARE	25920	211
FOLD	344	397	397	114933	114933	0	329191
RAIL	28	68	20	323
CORRELATION	271	221	4599	6949
SQUARE	26016	211
FOLD	345	398	398	115221	115221	0	329946
RAIL	28	69	20	324
CORRELATION	272	221	4599	6949
SQUARE	26112	211
FOLD	346	399	399	115512	115512	0	330568
RAIL	23	73	20	325
CORRELATION	273	221	4599	6949
SQUARE	26208	211
FOLD	347	400	400	115800	115800	0	331207
RAIL	23	74	20	326
CORRELATION	274	222	4599	6949
SQUARE	26304	211
FOLD	348	401	401	116091	116091	0	331911
RAIL	27	69	20	327
CORRELATION	275	222	4599	6949
SQUARE	26400	211
FOLD	349	402	402	116379	116379	0	332614
RAIL	27	70	20	328
CORRELATION	276	224	4599	6949
SQUARE	26496	211
FOLD	350	403	403	116670	116670	0	333329
RAIL	24	72	20	329
CORRELATION	277	226	4599	6949
SQUARE	26592	211
FOLD	351	404	404	116958	116958	0	334097
RAIL	24	73	20	330
CORRELATION	278	226	4599	6949
SQUARE	26688	211
FOLD	352	405	405	117249	117249	0	334839
RAIL	26	70	20	331
CORRELATION	279	226	4599	6949
SQUARE	26784	211
FOLD	353	406	406	117537	117537	0	337543
RAIL	26	71	20	332
CORRELATION	280	228	4599	6949
SQUARE	26880	211
FOLD	354	407	407	117828	117828	0	341023
RAIL	25	71	20	333
CORRELATION	281	230	4599	6949
SQUARE	26976	211
FOLD	355	408	408	118116	118116	0	341997
RAIL	25	72	20	334
CORRELATION	282	232	4599	6949
SQUARE	27072	211
FOLD	356	409	409	118407	118407	0	343251
RAIL	48	48	20	335
CORRELATION	285	232	4599	6949
SQUARE	27360	211
FOLD	357	410	410	118695	118695	0	343943
RAIL	48	49	20	336
CORRELATION	286	233	4599	6949
SQUARE	27456	211
FOLD	358	411	411	118986	118986	0	345975
RAIL	47	49	20	337
CORRELATION	289	237	4599	6949
SQUARE	27744	211
FOLD	359	412	412	119274	119274	0	346654
RAIL	47	50	20	338
CORRELATION	290	238	4599	6949
SQUARE	27840	211
FOLD	360	413	413	119565	119565	0	348347
RAIL	46	50	20	339
CORRELATION	293	242	4599	6949
SQUARE	28128	211
FOLD	361	414	414	119853	119853	0	349938
RAIL	46	51	20	340
CORRELATION	294	244	4599	6949
SQUARE	28224	211
FOLD	362	415	415	120144	120144	0	352497
RAIL	45	51	20	341
CORRELATION	297	246	4599	6949
SQUARE	28512	211
FOLD	363	416	416	120432	120432	0	353283
RAIL	45	52	20	342
CORRELATION	298	246	4599	6949
SQUARE	28608	211
FOLD	364	417	417	120723	120723	0	354346
RAIL	6	91	20	343
CORRELATION	300	246	4599	6949
SQUARE	28800	211
FOLD	367	418	418	121011	121011	0	357110
RAIL	7	89	21	345
CORRELATION	303	250	4599	6949
SQUARE	29088	211
FOLD	368	419	419	121299	121299	0	359039
RAIL	7	90	21	346
CORRELATION	304	254	4599	6949
SQUARE	29184	211
FOLD	369	420	420	121590	121590	0	359770
RAIL	43	53	21	347
CORRELATION	305	254	4599	6949
SQUARE	29280	211
FOLD	370	421	421	121878	121878	0	360421
RAIL	43	54	21	348
CORRELATION	306	254	4599	6949
SQUARE	29376	211
FOLD	371	422	422	122169	122169	0	361057
RAIL	8	88	21	349
CORRELATION	307	254	4599	6949
SQUARE	29472	211
FOLD	380	423	423	122457	122457	0	368572
RAIL	10	87	25	354
CORRELATION	316	263	4599	6949
SQUARE	30336	211
FOLD	381	424	424	122748	122748	0	370413
RAIL	40	56	25	355
CORRELATION	317	265	4599	6949
SQUARE	30432	211
FOLD	382	425	425	123036	123036	0	373185
RAIL	40	57	25	356
CORRELATION	318	268	4599	6949
SQUARE	30528	211
FOLD	383	426	426	123327	123327	0	374378
RAIL	11	85	25	357
CORRELATION	319	271	4599	6949
SQUARE	30624	211
FOLD	384	427	427	123615	123615	0	375006
RAIL	11	86	25	358
CORRELATION	320	271	4599	6949
SQUARE	30720	211
FOLD	385	428	428	123906	123906	0	375562
RAIL	39	57	25	359
CORRELATION	321	271	4599	6949
SQUARE	30816	211
FOLD	386	429	429	124194	124194	0	376168
RAIL	39	58	25	360
CORRELATION	322	271	4599	6949
SQUARE	30912	211
FOLD	387	430	430	124485	124485	0	376786
RAIL	12	84	25	361
CORRELATION	323	271	4599	6949
SQUARE	31008	211
FOLD	388	431	431	124773	124773	0	377437
RAIL	12	85	25	362
CORRELATION	324	271	4599	6949
SQUARE	31104	211
FOLD	389	432	432	125064	125064	0	378189
RAIL	38	58	25	363
CORRELATION	325	272	4599	6949
SQUARE	31200	211
FOLD	390	433	433	125352	125352	0	378786
RAIL	38	59	25	364
CORRELATION	326	272	4599	6949
SQUARE	31296	211
FOLD	391	434	434	125643	125643	0	379452
RAIL	13	83	25	365
CORRELATION	327	272	4599	6949
SQUARE	31392	211
FOLD	392	435	435	125931	125931	0	380042
RAIL	13	84	25	366
CORRELATION	328	272	4599	6949
SQUARE	31488	211
FOLD	393	436	436	126222	126222	0	380633
RAIL	37	59	25	367
CORRELATION	329	272	4599	6949
SQUARE	31584	211
FOLD	394	437	437	126510	126510	0	381206
RAIL	37	60	25	368
CORRELATION	330	272	4599	6949
SQUARE	31680	211
FOLD	395	438	438	126801	126801	0	381820
RAIL	14	82	25	369
CORRELATION	331	272	4599	6949
SQUARE	31776	211
FOLD	396	439	439	127089	127089	0	382438
RAIL	14	83	25	370
CORRELATION	332	272	4599	6949
SQUARE	31872	211
FOLD	397	440	440	127380	127380	0	383180
RAIL	36	60	25	371
CORRELATION	333	272	4599	6949
SQUARE	31968	211
FOLD	398	441	441	127668	127668	0	383813
RAIL	36	61	25	372
CORRELATION	334	273	4599	6949
SQUARE	32064	211
FOLD	399	442	442	127959	127959	0	384409
RAIL	15	81	25	373
CORRELATION	335	273	4599	6949
SQUARE	32160	211
FOLD	400	443	443	128247	128247	0	385106
RAIL	15	82	25	374
CORRELATION	336	273	4599	6949
SQUARE	32256	211
FOLD	401	444	444	128538	128538	0	385673
RAIL	35	61	25	375
CORRELATION	337	273	4599	6949
SQUARE	32352	211
FOLD	402	445	445	128826	128826	0	386528
RAIL	35	62	25	376
CORRELATION	338	273	4599	6949
SQUARE	32448	211
FOLD	403	446	446	129117	129117	0	387116
RAIL	16	80	25	377
CORRELATION	339	273	4599	6949
SQUARE	32544	211
FOLD	404	447	447	129405	129405	0	387692
RAIL	16	81	25	378
CORRELATION	340	273	4599	6949
SQUARE	32640	211
FOLD	405	448	448	129696	129696	0	388265
RAIL	34	62	25	379
CORRELATION	341	273	4599	6949
SQUARE	32736	211
FOLD	405	448	448	129696	129696	0	389197
RAIL	34	62	25	380
CORRELATION	341	273	4599	6949
SQUARE	32768	211
FOLD	406	449	449	129984	129984	0	390375
RAIL	34	63	25	380
CORRELATION	342	273	4599	6949
SQUARE	32832	211
FOLD	407	450	450	130275	130275	0	391028
RAIL	17	79	25	381
CORRELATION	343	273	4599	6949
SQUARE	32928	211
FOLD	408	451	451	130563	130563	0	391690
RAIL	17	80	25	382
CORRELATION	344	273	4599	6949
SQUARE	33024	211
FOLD	409	452	452	130854	130854	0	392349
RAIL	33	63	25	383
CORRELATION	345	273	4599	6949
SQUARE	33120	211
FOLD	410	453	453	131142	131142	0	393028
RAIL	33	64	25	384
CORRELATION	346	273	4599	6949
SQUARE	33216	211
FOLD	411	454	454	131433	131433	0	393598
RAIL	18	78	25	385
CORRELATION	347	273	4599	6949
SQUARE	33312	211
FOLD	412	455	455	131721	131721	0	394282
RAIL	18	79	25	386
CORRELATION	348	273	4599	6949
SQUARE	33408	211
FOLD	413	456	456	132012	132012	0	394868
RAIL	32	64	25	387
CORRELATION	349	273	4599	6949
SQUARE	33504	211
FOLD	414	457	457	132300	132300	0	395436
RAIL	32	65	25	388
CORRELATION	350	273	4599	6949
SQUARE	33600	211
FOLD	415	458	458	132591	132591	0	396016
RAIL	19	77	25	389
CORRELATION	351	273	4599	6949
SQUARE	33696	211
FOLD	416	459	459	132879	132879	0	396620
RAIL	19	78	25	390
CORRELATION	352	273	4599	6949
SQUARE	33792	211
FOLD	417	460	460	133170	133170	0	397488
RAIL	31	65	25	391
CORRELATION	353	273	4599	6949
SQUARE	33888	211
FOLD	418	461	461	133458	133458	0	398175
RAIL	31	66	25	392
CORRELATION	354	273	4599	6949
SQUARE	33984	211
FOLD	419	462	462	133749	133749	0	398759
RAIL	20	76	25	393
CORRELATION	355	273	4599	6949
SQUARE	34080	211
FOLD	420	463	463	134037	134037	0	399341
RAIL	20	77	25	394
CORRELATION	356	273	4599	6949
SQUARE	34176	211
FOLD	421	464	464	134328	134328	0	399963
RAIL	30	66	25	395
CORRELATION	357	273	4599	6949
SQUARE	34272	211
FOLD	422	465	465	134616	134616	0	400550
RAIL	30	67	25	396
CORRELATION	358	273	4599	6949
SQUARE	34368	211
FOLD	423	466	466	134907	134907	0	402174
RAIL	21	75	25	397
CORRELATION	359	273	4599	6949
SQUARE	34464	211
FOLD	424	467	467	135195	135195	0	403846
RAIL	21	76	25	398
CORRELATION	360	273	4599	6949
SQUARE	34560	211
FOLD	425	468	468	135486	135486	0	405911
RAIL	29	67	25	399
CORRELATION	361	273	4599	6949
SQUARE	34656	211
FOLD	426	469	469	135774	135774	0	407453
RAIL	29	68	25	400
CORRELATION	362	273	4599	6949
SQUARE	34752	211
FOLD	427	470	470	136065	136065	0	408200
RAIL	22	74	25	401
CORRELATION	363	273	4599	6949
SQUARE	34848	211
FOLD	428	471	471	136353	136353	0	408828
RAIL	22	75	25	402
CORRELATION	364	273	4599	6949
SQUARE	34944	211
FOLD	429	472	472	136644	136644	0	409477
RAIL	28	68	25	403
CORRELATION	365	273	4599	6949
SQUARE	35040	211
FOLD	430	473	473	136932	136932	0	410155
RAIL	28	69	25	404
CORRELATION	366	273	4599	6949
SQUARE	35136	211
FOLD	431	474	474	137223	137223	0	410862
RAIL	23	73	25	405
CORRELATION	367	273	4599	6949
SQUARE	35232	211
FOLD	432	475	475	137511	137511	0	411557
RAIL	23	74	25	406
CORRELATION	368	273	4599	6949
SQUARE	35328	211
FOLD	433	476	476	137802	137802	0	412320
RAIL	27	69	25	407
CORRELATION	369	273	4599	6949
SQUARE	35424	211
FOLD	434	477	477	138090	138090	0	412936
RAIL	27	70	25	408
CORRELATION	370	273	4599	6949
SQUARE	35520	211
FOLD	435	478	478	138381	138381	0	413569
RAIL	24	72	25	409
CORRELATION	371	273	4599	6949
SQUARE	35616	211
FOLD	436	479	479	138669	138669	0	414273
RAIL	24	73	25	410
CORRELATION	372	273	4599	6949
SQUARE	35712	211
FOLD	437	480	480	138960	138960	0	414860
RAIL	26	70	25	411
CORRELATION	373	273	4599	6949
SQUARE	35808	211
FOLD	438	481	481	139248	139248	0	415475
RAIL	26	71	25	412
CORRELATION	374	273	4599	6949
SQUARE	35904	211
FOLD	439	482	482	139539	139539	0	416066
RAIL	25	71	25	413
CORRELATION	375	273	4599	6949
SQUARE	36000	211
FOLD	440	483	483	139827	139827	0	416758
RAIL	25	72	25	414
CORRELATION	376	273	4599	6949
SQUARE	36096	211
FOLD	441	484	484	140118	140118	0	418145
RAIL	48	48	25	415
CORRELATION	379	273	4599	6949
SQUARE	36384	211
FOLD	442	485	485	140406	140406	0	418748
RAIL	48	49	25	416
CORRELATION	380	273	4599	6949
SQUARE	36480	211
FOLD	443	486	486	140697	140697	0	420179
RAIL	47	49	25	417
CORRELATION	383	273	4599	6949
SQUARE	36768	211
FOLD	444	487	487	140985	140985	0	420860
RAIL	47	50	25	418
CORRELATION	384	273	4599	6949
SQUARE	36864	211
FOLD	445	488	488	141276	141276	0	422853
RAIL	46	50	25	419
CORRELATION	387	276	4599	6949
SQUARE	37152	211
FOLD	446	489	489	141564	141564	0	423708
RAIL	46	51	25	420
CORRELATION	388	278	4599	6949
SQUARE	37248	211
FOLD	447	490	490	141855	141855	0	425372
RAIL	45	51	25	421
CORRELATION	391	285	4599	6949
SQUARE	37536	213
FOLD	448	491	491	142143	142143	0	426084
RAIL	45	52	25	422
CORRELATION	392	285	4599	6949
SQUARE	37632	213
FOLD	449	492	492	142434	142434	0	428773
RAIL	44	52	25	423
CORRELATION	395	288	4599	6949
SQUARE	37920	213
FOLD	450	493	493	142722	142722	0	430005
RAIL	44	53	25	424
CORRELATION	396	288	4599	6949
SQUARE	38016	213
FOLD	451	494	494	143013	143013	0	431375
RAIL	7	89	25	425
CORRELATION	397	288	4599	6949
SQUARE	38112	213
FOLD	456	495	495	143301	143301	0	435970
RAIL	8	89	27	428
CORRELATION	402	288	4599	6949
SQUARE	38592	213
FOLD	457	496	496	143592	143592	0	437277
RAIL	42	54	27	429
CORRELATION	403	290	4599	6949
SQUARE	38688	213
FOLD	458	497	497	143880	143880	0	440314
RAIL	42	55	27	430
CORRELATION	404	290	4599	6949
SQUARE	38784	213
FOLD	459	498	498	144171	144171	0	442475
RAIL	9	87	27	431
CORRELATION	405	290	4599	6949
SQUARE	38880	213
FOLD	468	499	499	144459	144459	0	448680
RAIL	11	86	31	436
CORRELATION	414	297	4599	6949
SQUARE	39744	213
FOLD	469	500	500	144750	144750	0	449262
RAIL	39	57	31	437
CORRELATION	415	297	4599	6949
SQUARE	39840	213
FOLD	470	501	501	145038	145038	0	450115
RAIL	39	58	31	438
CORRELATION	416	297	4599	6949
SQUARE	39936	213
FOLD	471	502	502	145329	145329	0	450773
RAIL	12	84	31	439
CORRELATION	417	298	4599	6949
SQUARE	40032	213
FOLD	472	503	503	145617	145617	0	451448
RAIL	12	85	31	440
CORRELATION	418	298	4599	6949
SQUARE	40128	213
FOLD	473	504	504	145908	145908	0	452019
RAIL	38	58	31	441
CORRELATION	419	298	4599	6949
SQUARE	40224	213
FOLD	474	505	505	146196	146196	0	452664
RAIL	38	59	31	442
CORRELATION	420	298	4599	6949
SQUARE	40320	213
FOLD	475	506	506	146487	146487	0	453443
RAIL	13	83	31	443
CORRELATION	421	298	4599	6949
SQUARE	40416	213
FOLD	476	507	507	146775	146775	0	454601
RAIL	13	84	31	444
CORRELATION	422	298	4599	6949
SQUARE	40512	213
FOLD	477	508	508	147066	147066	0	455362
RAIL	37	59	31	445
CORRELATION	423	298	4599	6949
SQUARE	40608	213
FOLD	478	509	509	147354	147354	0	456469
RAIL	37	60	31	446
CORRELATION	424	301	4599	6949
SQUARE	40704	213
FOLD	479	510	510	147645	147645	0	457267
RAIL	14	82	31	447
CORRELATION	425	301	4599	6949
SQUARE	40800	213
FOLD	480	511	511	147933	147933	0	458010
RAIL	14	83	31	448
CORRELATION	426	301	4599	6949
SQUARE	40896	213
FOLD	481	512	512	148224	148224	0	458775
RAIL	36	60	31	449
CORRELATION	427	301	4599	6949
SQUARE	40992	213
FOLD	482	513	513	148512	148512	0	460317
RAIL	36	61	31	450
CORRELATION	428	304	4599	6949
SQUARE	41088	213
FOLD	483	514	514	148803	148803	0	460934
RAIL	15	81	31	451
CORRELATION	429	304	4599	6949
SQUARE	41184	213
FOLD	484	515	515	149091	149091	0	461986
RAIL	15	82	31	452
CORRELATION	430	306	4599	6949
SQUARE	41280	213
FOLD	485	516	516	149382	149382	0	462744
RAIL	35	61	31	453
CORRELATION	431	306	4599	6949
SQUARE	41376	213
FOLD	486	517	517	149670	149670	0	463409
RAIL	35	62	31	454
CORRELATION	432	306	4599	6949
SQUARE	41472	213
FOLD	487	518	518	149961	149961	0	464063
RAIL	16	80	31	455
CORRELATION	433	306	4599	6949
SQUARE	41568	213
FOLD	488	519	519	150249	150249	0	464901
RAIL	16	81	31	456
CORRELATION	434	309	4599	6949
SQUARE	41664	213
FOLD	489	520	520	150540	150540	0	465557
RAIL	34	62	31	457
CORRELATION	435	309	4599	6949
SQUARE	41760	213
FOLD	490	521	521	150828	150828	0	466394
RAIL	34	63	31	458
CORRELATION	436	309	4599	6949
SQUARE	41856	213
FOLD	491	522	522	151119	151119	0	466982
RAIL	17	79	31	459
CORRELATION	437	309	4599	6949
SQUARE	41952	213
FOLD	492	523	523	151407	151407	0	467656
RAIL	17	80	31	460
CORRELATION	438	309	4599	6949
SQUARE	42048	213
FOLD	493	524	524	151698	151698	0	468358
RAIL	33	63	31	461
CORRELATION	439	309	4599	6949
SQUARE	42144	213
FOLD	494	525	525	151986	151986	0	469065
RAIL	33	64	31	462
CORRELATION	440	311	4599	6949
SQUARE	42240	213
FOLD	495	526	526	152277	152277	0	470506
RAIL	18	78	31	463
CORRELATION	441	314	4599	6949
SQUARE	42336	213
FOLD	496	527	527	152565	152565	0	471408
RAIL	18	79	31	464
CORRELATION	442	314	4599	6949
SQUARE	42432	213
FOLD	497	528	528	152856	152856	0	472165
RAIL	32	64	31	465
CORRELATION	443	314	4599	6949
SQUARE	42528	213
FOLD	498	529	529	153144	153144	0	472886
RAIL	32	65	31	466
CORRELATION	444	315	4599	6949
SQUARE	42624	213
FOLD	499	530	530	153435	153435	0	475152
RAIL	19	77	31	467
CORRELATION	445	315	4599	6949
SQUARE	42720	213
FOLD	500	531	531	153723	153723	0	477727
RAIL	19	78	31	468
CORRELATION	446	315	4599	6949
SQUARE	42816	213
FOLD	501	532	532	154014	154014	0	480136
RAIL	31	65	31	469
CORRELATION	447	318	4599	6949
SQUARE	42912	213
FOLD	502	533	533	154302	154302	0	481363
RAIL	31	66	31	470
CORRELATION	448	319	4599	6949
SQUARE	43008	213
FOLD	503	534	534	154593	154593	0	483044
RAIL	20	76	31	471
CORRELATION	449	319	4599	6949
SQUARE	43104	213
FOLD	504	535	535	154881	154881	0	483675
RAIL	20	77	31	472
CORRELATION	450	319	4599	6949
SQUARE	43200	213
FOLD	505	536	536	155172	155172	0	484438
RAIL	30	66	31	473
CORRELATION	451	321	4599	6949
SQUARE	43296	213
FOLD	506	537	537	155460	155460	0	485165
RAIL	30	67	31	474
CORRELATION	452	323	4599	6949
SQUARE	43392	213
FOLD	507	538	538	155751	155751	0	486230
RAIL	21	75	31	475
CORRELATION	453	323	4599	6949
SQUARE	43488	213
FOLD	508	539	539	156039	156039	0	487314
RAIL	21	76	31	476
CORRELATION	454	323	4599	6949
SQUARE	43584	213
FOLD	509	540	540	156330	156330	0	488546
RAIL	29	67	31	477
CORRELATION	455	325	4599	6949
SQUARE	43680	213
FOLD	510	541	541	156618	156618	0	489555
RAIL	29	68	31	478
CORRELATION	456	326	4599	6949
SQUARE	43776	213
FOLD	511	542	542	156909	156909	0	490578
RAIL	22	74	31	479
CORRELATION	457	328	4599	6949
SQUARE	43872	213
FOLD	512	543	543	157197	157197	0	491189
RAIL	22	75	31	480
CORRELATION	458	328	4599	6949
SQUARE	43968	213
FOLD	513	544	544	157488	157488	0	491856
RAIL	28	68	31	481
CORRELATION	459	328	4599	6949
SQUARE	44064	213
FOLD	514	545	545	157776	157776	0	492470
RAIL	28	69	31	482
CORRELATION	460	328	4599	6949
SQUARE	44160	213
FOLD	515	546	546	158067	158067	0	493057
RAIL	23	73	31	483
CORRELATION	461	328	4599	6949
SQUARE	44256	213
FOLD	516	547	547	158355	158355	0	493829
RAIL	23	74	31	484
CORRELATION	462	328	4599	6949
SQUARE	44352	213
FOLD	517	548	548	158646	158646	0	494495
RAIL	27	69	31	485
CORRELATION	463	328	4599	6949
SQUARE	44448	213
FOLD	518	549	549	158934	158934	0	496504
RAIL	27	70	31	486
CORRELATION	464	328	4599	6949
SQUARE	44544	213
FOLD	519	550	550	159225	159225	0	497625
RAIL	24	72	31	487
CORRELATION	465	328	4599	6949
SQUARE	44640	213
FOLD	520	551	551	159513	159513	0	499717
RAIL	24	73	31	488
CORRELATION	466	328	4599	6949
SQUARE	44736	213
FOLD	521	552	552	159804	159804	0	501890
RAIL	26	70	31	489
CORRELATION	467	328	4599	6949
SQUARE	44832	213
FOLD	522	553	553	160092	160092	0	503491
RAIL	26	71	31	490
CORRELATION	468	328	4599	6949
SQUARE	44928	213
FOLD	523	554	554	160383	160383	0	504084
RAIL	25	71	31	491
CORRELATION	469	328	4599	6949
SQUARE	45024	213
FOLD	524	555	555	160671	160671	0	504663
RAIL	25	72	31	492
CORRELATION	470	328	4599	6949
SQUARE	45120	213
FOLD	525	556	556	160962	160962	0	505994
RAIL	48	48	31	493
CORRELATION	473	328	4599	6949
SQUARE	45408	213
FOLD	526	557	557	161250	161250	0	506619
RAIL	48	49	31	494
CORRELATION	474	328	4599	6949
SQUARE	45504	213
FOLD	527	558	558	161541	161541	0	507897
RAIL	47	49	31	495
CORRELATION	477	328	4599	6949
SQUARE	45792	213
FOLD	528	559	559	161829	161829	0	508585
RAIL	47	50	31	496
CORRELATION	478	328	4599	6949
SQUARE	45888	213
FOLD	529	560	560	162120	162120	0	509945
RAIL	46	50	31	497
CORRELATION	481	328	4599	6949
SQUARE	46176	213
FOLD	530	561	561	162408	162408	0	510664
RAIL	46	51	31	498
CORRELATION	482	328	4599	6949
SQUARE	46272	213
FOLD	531	562	562	162699	162699	0	511869
RAIL	45	51	31	499
CORRELATION	485	328	4599	6949
SQUARE	46560	213
FOLD	532	563	563	162987	162987	0	512469
RAIL	45	52	31	500
CORRELATION	486	328	4599	6949
SQUARE	46656	213
FOLD	533	564	564	163278	163278	0	513854
RAIL	44	52	31	501
CORRELATION	489	328	4599	6949
SQUARE	46944	213
FOLD	534	565	565	163566	163566	0	514685
RAIL	44	53	31	502
CORRELATION	490	331	4599	6949
SQUARE	47040	213
FOLD	535	566	566	163857	163857	0	515306
RAIL	7	89	31	503
CORRELATION	491	331	4599	6949
SQUARE	47136	213
FOLD	544	567	567	164145	164145	0	520039
RAIL	9	88	35	508
CORRELATION	500	331	4599	6949
SQUARE	48000	213
FOLD	545	568	568	164436	164436	0	520670
RAIL	41	55	35	509
CORRELATION	501	331	4599	6949
SQUARE	48096	213
FOLD	546	569	569	164724	164724	0	521265
RAIL	41	56	35	510
CORRELATION	502	331	4599	6949
SQUARE	48192	213
FOLD	547	570	570	165015	165015	0	521876
RAIL	10	86	35	511
CORRELATION	503	331	4599	6949
SQUARE	48288	213
FOLD	555	570	570	165015	165015	0	526752
RAIL	12	84	39	516
CORRELATION	512	331	4599	6949
SQUARE	49152	213
FOLD	556	571	571	165303	165303	0	526764
RAIL	12	85	39	516
CORRELATION	512	331	4599	6949
SQUARE	49152	213
FOLD	557	572	572	165594	165594	0	527343
RAIL	38	58	39	517
CORRELATION	513	331	4599	6949
SQUARE	49248	213
FOLD	558	573	573	165882	165882	0	527936
RAIL	38	59	39	518
CORRELATION	514	331	4599	6949
SQUARE	49344	213
FOLD	559	574	574	166173	166173	0	528617
RAIL	13	83	39	519
CORRELATION	515	331	4599	6949
SQUARE	49440	213
FOLD	560	575	575	166461	166461	0	529200
RAIL	13	84	39	520
CORRELATION	516	331	4599	6949
SQUARE	49536	213
FOLD	561	576	576	166752	166752	0	529946
RAIL	37	59	39	521
CORRELATION	517	331	4599	6949
SQUARE	49632	213
FOLD	562	577	577	167040	167040	0	530569
RAIL	37	60	39	522
CORRELATION	518	331	4599	6949
SQUARE	49728	213
FOLD	563	578	578	167331	167331	0	531218
RAIL	14	82	39	523
CORRELATION	519	331	4599	6949
SQUARE	49824	213
FOLD	564	579	579	167619	167619	0	531903
RAIL	14	83	39	524
CORRELATION	520	331	4599	6949
SQUARE	49920	213
FOLD	565	580	580	167910	167910	0	532966
RAIL	36	60	39	525
CORRELATION	521	336	4599	6949
SQUARE	50016	213
FOLD	566	581	581	168198	168198	0	533619
RAIL	36	61	39	526
CORRELATION	522	336	4599	6949
SQUARE	50112	213
FOLD	567	582	582	168489	168489	0	534294
RAIL	15	81	39	527
CORRELATION	523	336	4599	6949
SQUARE	50208	213
FOLD	568	583	583	168777	168777	0	534948
RAIL	15	82	39	528
CORRELATION	524	336	4599	6949
SQUARE	50304	213
FOLD	569	584	584	169068	169068	0	535692
RAIL	35	61	39	529
CORRELATION	525	336	4599	6949
SQUARE	50400	213
FOLD	570	585	585	169356	169356	0	536480
RAIL	35	62	39	530
CORRELATION	526	336	4599	6949
SQUARE	50496	213
FOLD	571	586	586	169647	169647	0	537073
RAIL	16	80	39	531
CORRELATION	527	336	4599	6949
SQUARE	50592	213
FOLD	572	587	587	169935	169935	0	537798
RAIL	16	81	39	532
CORRELATION	528	336	4599	6949
SQUARE	50688	213
FOLD	573	588	588	170226	170226	0	538554
RAIL	34	62	39	533
CORRELATION	529	336	4599	6949
SQUARE	50784	213
FOLD	574	589	589	170514	170514	0	539739
RAIL	34	63	39	534
CORRELATION	530	336	4599	6949
SQUARE	50880	213
FOLD	575	590	590	170805	170805	0	541919
RAIL	17	79	39	535
CORRELATION	531	336	4599	6949
SQUARE	50976	213
FOLD	576	591	591	171093	171093	0	544424
RAIL	17	80	39	536
CORRELATION	532	336	4599	6949
SQUARE	51072	213
FOLD	577	592	592	171384	171384	0	546530
RAIL	33	63	39	537
CORRELATION	533	336	4599	6949
SQUARE	51168	213
FOLD	578	593	593	171672	171672	0	547159
RAIL	33	64	39	538
CORRELATION	534	336	4599	6949
SQUARE	51264	213
FOLD	579	594	594	171963	171963	0	547858
RAIL	18	78	39	539
CORRELATION	535	336	4599	6949
SQUARE	51360	213
FOLD	580	595	595	172251	172251	0	548488
RAIL	18	79	39	540
CORRELATION	536	336	4599	6949
SQUARE	51456	213
FOLD	581	596	596	172542	172542	0	549109
RAIL	32	64	39	541
CORRELATION	537	336	4599	6949
SQUARE	51552	213
FOLD	582	597	597	172830	172830	0	549865
RAIL	32	65	39	542
CORRELATION	538	336	4599	6949
SQUARE	51648	213
FOLD	583	598	598	173121	173121	0	550526
RAIL	19	77	39	543
CORRELATION	539	336	4599	6949
SQUARE	51744	213
FOLD	584	599	599	173409	173409	0	551220
RAIL	19	78	39	544
CORRELATION	540	336	4599	6949
SQUARE	51840	213
FOLD	585	600	600	173700	173700	0	551849
RAIL	31	65	39	545
CORRELATION	541	336	4599	6949
SQUARE	51936	213
FOLD	586	601	601	173988	173988	0	552440
RAIL	31	66	39	546
CORRELATION	542	336	4599	6949
SQUARE	52032	213
FOLD	587	602	602	174279	174279	0	553068
RAIL	20	76	39	547
CORRELATION	543	336	4599	6949
SQUARE	52128	213
FOLD	588	603	603	174567	174567	0	553674
RAIL	20	77	39	548
CORRELATION	544	336	4599	6949
SQUARE	52224	213
FOLD	589	604	604	174858	174858	0	554271
RAIL	30	66	39	549
CORRELATION	545	336	4599	6949
SQUARE	52320	213
FOLD	590	605	605	175146	175146	0	554905
RAIL	30	67	39	550
CORRELATION	546	336	4599	6949
SQUARE	52416	213
FOLD	591	606	606	175437	175437	0	555535
RAIL	21	75	39	551
CORRELATION	547	336	4599	6949
SQUARE	52512	213
FOLD	592	607	607	175725	175725	0	556164
RAIL	21	76	39	552
CORRELATION	548	336	4599	6949
SQUARE	52608	213
FOLD	593	608	608	176016	176016	0	556799
RAIL	29	67	39	553
CORRELATION	549	336	4599	6949
SQUARE	52704	213
FOLD	594	609	609	176304	176304	0	558524
RAIL	29	68	39	554
CORRELATION	550	338	4599	6949
SQUARE	52800	213
FOLD	595	610	610	176595	176595	0	559703
RAIL	22	74	39	555
CORRELATION	551	338	4599	6949
SQUARE	52896	213
FOLD	596	611	611	176883	176883	0	561789
RAIL	22	75	39	556
CORRELATION	552	338	4599	6949
SQUARE	52992	213
FOLD	597	612	612	177174	177174	0	563747
RAIL	28	68	39	557
CORRELATION	553	338	4599	6949
SQUARE	53088	213
FOLD	598	613	613	177462	177462	0	565407
RAIL	28	69	39	558
CORRELATION	554	338	4599	6949
SQUARE	53184	213
FOLD	599	614	614	177753	177753	0	566143
RAIL	23	73	39	559
CORRELATION	555	338	4599	6949
SQUARE	53280	213
FOLD	600	615	615	178041	178041	0	566848
RAIL	23	74	39	560
CORRELATION	556	338	4599	6949
SQUARE	53376	213
FOLD	601	616	616	178332	178332	0	567572
RAIL	27	69	39	561
CORRELATION	557	338	4599	6949
SQUARE	53472	213
FOLD	602	617	617	178620	178620	0	568165
RAIL	27	70	39	562
CORRELATION	558	338	4599	6949
SQUARE	53568	213
FOLD	603	618	618	178911	178911	0	568757
RAIL	24	72	39	563
CORRELATION	559	338	4599	6949
SQUARE	53664	213
FOLD	604	619	619	179199	179199	0	569452
RAIL	24	73	39	564
CORRELATION	560	338	4599	6949
SQUARE	53760	213
FOLD	605	620	620	179490	179490	0	570195
RAIL	26	70	39	565
CORRELATION	561	338	4599	6949
SQUARE	53856	213
FOLD	606	621	621	179778	179778	0	570827
RAIL	26	71	39	566
CORRELATION	562	338	4599	6949
SQUARE	53952	213
FOLD	607	622	622	180069	180069	0	571438
RAIL	25	71	39	567
CORRELATION	563	338	4599	6949
SQUARE	54048	213
FOLD	608	623	623	180357	180357	0	572184
RAIL	25	72	39	568
CORRELATION	564	338	4599	6949
SQUARE	54144	213
FOLD	609	624	624	180648	180648	0	573525
RAIL	48	48	39	569
CORRELATION	567	338	4599	6949
SQUARE	54432	213
FOLD	610	625	625	180936	180936	0	574254
RAIL	48	49	39	570
CORRELATION	568	338	4599	6949
SQUARE	54528	213
FOLD	611	626	626	181227	181227	0	575388
RAIL	47	49	39	571
CORRELATION	571	338	4599	6949
SQUARE	54816	213
FOLD	612	627	627	181515	181515	0	576048
RAIL	47	50	39	572
CORRELATION	572	338	4599	6949
SQUARE	54912	213
FOLD	613	628	628	181806	181806	0	577204
RAIL	46	50	39	573
CORRELATION	575	338	4599	6949
SQUARE	55200	213
FOLD	614	629	629	182094	182094	0	578450
RAIL	46	51	39	574
CORRELATION	576	342	4599	6949
SQUARE	55296	213
FOLD	615	630	630	182385	182385	0	579734
RAIL	45	51	39	575
CORRELATION	579	342	4599	6949
SQUARE	55584	213
FOLD	616	631	631	182673	182673	0	580436
RAIL	45	52	39	576
CORRELATION	580	342	4599	6949
SQUARE	55680	213
FOLD	617	632	632	182964	182964	0	581791
RAIL	44	52	39	577
CORRELATION	583	345	4599	6949
SQUARE	55968	213
FOLD	618	633	633	183252	183252	0	582493
RAIL	44	53	39	578
CORRELATION	584	345	4599	6949
SQUARE	56064	213
FOLD	619	634	634	183543	183543	0	583905
RAIL	43	53	39	579
CORRELATION	587	346	4599	6949
SQUARE	56352	213
FOLD	620	635	635	183831	183831	0	584551
RAIL	43	54	39	580
CORRELATION	588	346	4599	6949
SQUARE	56448	213
FOLD	621	636	636	184122	184122	0	585225
RAIL	8	88	39	581
CORRELATION	589	346	4599	6949
SQUARE	56544	213
FOLD	630	637	637	184410	184410	0	591355
RAIL	10	87	43	586
CORRELATION	598	346	4599	6949
SQUARE	57408	213
FOLD	631	638	638	184701	184701	0	592059
RAIL	40	56	43	587
CORRELATION	599	346	4599	6949
SQUARE	57504	213
FOLD	632	639	639	184989	184989	0	592806
RAIL	40	57	43	588
CORRELATION	600	346	4599	6949
SQUARE	57600	213
FOLD	633	640	640	185280	185280	0	593494
RAIL	11	85	43	589
CORRELATION	601	346	4599	6949
SQUARE	57696	213
FOLD	642	641	641	185568	185568	0	598484
RAIL	13	84	47	594
CORRELATION	610	346	4599	6949
SQUARE	58560	213
FOLD	643	642	642	185859	185859	0	599156
RAIL	37	59	47	595
CORRELATION	611	346	4599	6949
SQUARE	58656	213
FOLD	644	643	643	186147	186147	0	599802
RAIL	37	60	47	596
CORRELATION	612	346	4599	6949
SQUARE	58752	213
FOLD	645	644	644	186438	186438	0	600464
RAIL	14	82	47	597
CORRELATION	613	346	4599	6949
SQUARE	58848	213
FOLD	646	645	645	186726	186726	0	601131
RAIL	14	83	47	598
CORRELATION	614	346	4599	6949
SQUARE	58944	213
FOLD	647	646	646	187017	187017	0	602282
RAIL	36	60	47	599
CORRELATION	615	351	4599	6949
SQUARE	59040	213
FOLD	648	647	647	187305	187305	0	602994
RAIL	36	61	47	600
CORRELATION	616	351	4599	6949
SQUARE	59136	213
FOLD	649	648	648	187596	187596	0	604700
RAIL	15	81	47	601
CORRELATION	617	352	4599	6949
SQUARE	59232	213
FOLD	650	649	649	187884	187884	0	605346
RAIL	15	82	47	602
CORRELATION	618	352	4599	6949
SQUARE	59328	213
FOLD	651	650	650	188175	188175	0	606209
RAIL	35	61	47	603
CORRELATION	619	352	4599	6949
SQUARE	59424	213
FOLD	652	651	651	188463	188463	0	606791
RAIL	35	62	47	604
CORRELATION	620	352	4599	6949
SQUARE	59520	213
FOLD	653	652	652	188754	188754	0	607437
RAIL	16	80	47	605
CORRELATION	621	352	4599	6949
SQUARE	59616	213
FOLD	654	653	653	189042	189042	0	608176
RAIL	16	81	47	606
CORRELATION	622	352	4599	6949
SQUARE	59712	213
FOLD	655	654	654	189333	189333	0	608859
RAIL	34	62	47	607
CORRELATION	623	352	4599	6949
SQUARE	59808	213
FOLD	656	655	655	189621	189621	0	609471
RAIL	34	63	47	608
CORRELATION	624	352	4599	6949
SQUARE	59904	213
FOLD	657	656	656	189912	189912	0	610202
RAIL	17	79	47	609
CORRELATION	625	352	4599	6949
SQUARE	60000	213
FOLD	658	657	657	190200	190200	0	610857
RAIL	17	80	47	610
CORRELATION	626	352	4599	6949
SQUARE	60096	213
FOLD	659	658	658	190491	190491	0	611556
RAIL	33	63	47	611
CORRELATION	627	352	4599	6949
SQUARE	60192	213
FOLD	660	659	659	190779	190779	0	612276
RAIL	33	64	47	612
CORRELATION	628	352	4599	6949
SQUARE	60288	213
FOLD	661	660	660	191070	191070	0	612907
RAIL	18	78	47	613
CORRELATION	629	352	4599	6949
SQUARE	60384	213
FOLD	662	661	661	191358	191358	0	613558
RAIL	18	79	47	614
CORRELATION	630	352	4599	6949
SQUARE	60480	213
FOLD	663	662	662	191649	191649	0	614386
RAIL	32	64	47	615
CORRELATION	631	352	4599	6949
SQUARE	60576	213
FOLD	664	663	663	191937	191937	0	615054
RAIL	32	65	47	616
CORRELATION	632	352	4599	6949
SQUARE	60672	213
FOLD	665	664	664	192228	192228	0	615777
RAIL	19	77	47	617
CORRELATION	633	352	4599	6949
SQUARE	60768	213
FOLD	666	665	665	192516	192516	0	616519
RAIL	19	78	47	618
CORRELATION	634	352	4599	6949
SQUARE	60864	213
FOLD	667	666	666	192807	192807	0	617231
RAIL	31	65	47	619
CORRELATION	635	352	4599	6949
SQUARE	60960	213
FOLD	668	667	667	193095	193095	0	619834
RAIL	31	66	47	620
CORRELATION	636	352	4599	6949
SQUARE	61056	213
FOLD	669	668	668	193386	193386	0	621270
RAIL	20	76	47	621
CORRELATION	637	352	4599	6949
SQUARE	61152	213
FOLD	670	669	669	193674	193674	0	623937
RAIL	20	77	47	622
CORRELATION	638	352	4599	6949
SQUARE	61248	213
FOLD	671	670	670	193965	193965	0	626638
RAIL	30	66	47	623
CORRELATION	639	352	4599	6949
SQUARE	61344	213
FOLD	672	671	671	194253	194253	0	628582
RAIL	30	67	47	624
CORRELATION	640	352	4599	6949
SQUARE	61440	213
FOLD	673	672	672	194544	194544	0	629335
RAIL	21	75	47	625
CORRELATION	641	352	4599	6949
SQUARE	61536	213
FOLD	674	673	673	194832	194832	0	630237
RAIL	21	76	47	626
CORRELATION	642	352	4599	6949
SQUARE	61632	213
FOLD	675	674	674	195123	195123	0	631607
RAIL	29	67	47	627
CORRELATION	643	352	4599	6949
SQUARE	61728	213
FOLD	676	675	675	195411	195411	0	632437
RAIL	29	68	47	628
CORRELATION	644	352	4599	6949
SQUARE	61824	213
FOLD	677	676	676	195702	195702	0	633181
RAIL	22	74	47	629
CORRELATION	645	352	4599	6949
SQUARE	61920	213
FOLD	678	677	677	195990	195990	0	634256
RAIL	22	75	47	630
CORRELATION	646	356	4599	6949
SQUARE	62016	213
FOLD	679	678	678	196281	196281	0	635192
RAIL	28	68	47	631
CORRELATION	647	358	4599	6949
SQUARE	62112	213
FOLD	680	679	679	196569	196569	0	636120
RAIL	28	69	47	632
CORRELATION	648	360	4599	6949
SQUARE	62208	213
FOLD	681	680	680	196860	196860	0	636840
RAIL	23	73	47	633
CORRELATION	649	360	4599	6949
SQUARE	62304	213
FOLD	682	681	681	197148	197148	0	637520
RAIL	23	74	47	634
CORRELATION	650	360	4599	6949
SQUARE	62400	213
FOLD	683	682	682	197439	197439	0	638419
RAIL	27	69	47	635
CORRELATION	651	361	4599	6949
SQUARE	62496	213
FOLD	684	683	683	197727	197727	0	639132
RAIL	27	70	47	636
CORRELATION	652	361	4599	6949
SQUARE	62592	213
FOLD	685	684	684	198018	198018	0	640757
RAIL	24	72	47	637
CORRELATION	653	361	4599	6949
SQUARE	62688	213
FOLD	686	685	685	198306	198306	0	642803
RAIL	24	73	47	638
CORRELATION	654	361	4599	6949
SQUARE	62784	213
FOLD	687	686	686	198597	198597	0	645615
RAIL	26	70	47	639
CORRELATION	655	361	4599	6949
SQUARE	62880	213
FOLD	688	687	687	198885	198885	0	647800
RAIL	26	71	47	640
CORRELATION	656	361	4599	6949
SQUARE	62976	213
FOLD	689	688	688	199176	199176	0	648562
RAIL	25	71	47	641
CORRELATION	657	361	4599	6949
SQUARE	63072	213
FOLD	690	689	689	199464	199464	0	649334
RAIL	25	72	47	642
CORRELATION	658	361	4599	6949
SQUARE	63168	213
FOLD	691	690	690	199755	199755	0	650699
RAIL	48	48	47	643
CORRELATION	661	361	4599	6949
SQUARE	63456	213
FOLD	692	691	691	200043	200043	0	651428
RAIL	48	49	47	644
CORRELATION	662	361	4599	6949
SQUARE	63552	213
FOLD	693	692	692	200334	200334	0	652776
RAIL	47	49	47	645
CORRELATION	665	361	4599	6949
SQUARE	63840	213
FOLD	694	693	693	200622	200622	0	653541
RAIL	47	50	47	646
CORRELATION	666	361	4599	6949
SQUARE	63936	213
FOLD	695	694	694	200913	200913	0	654955
RAIL	46	50	47	647
CORRELATION	669	361	4599	6949
SQUARE	64224	213
FOLD	696	695	695	201201	201201	0	655658
RAIL	46	51	47	648
CORRELATION	670	361	4599	6949
SQUARE	64320	213
FOLD	697	696	696	201492	201492	0	656891
RAIL	45	51	47	649
CORRELATION	673	361	4599	6949
SQUARE	64608	213
FOLD	698	697	697	201780	201780	0	657619
RAIL	45	52	47	650
CORRELATION	674	361	4599	6949
SQUARE	64704	213
FOLD	699	698	698	202071	202071	0	659014
RAIL	44	52	47	651
CORRELATION	677	361	4599	6949
SQUARE	64992	213
FOLD	700	699	699	202359	202359	0	659685
RAIL	44	53	47	652
CORRELATION	678	361	4599	6949
SQUARE	65088	213
FOLD	701	700	700	202650	202650	0	661103
RAIL	43	53	47	653
CORRELATION	681	362	4599	6949
SQUARE	65376	213
FOLD	702	701	701	202938	202938	0	661746
RAIL	43	54	47	654
CORRELATION	682	362	4599	6949
SQUARE	65472	213
FOLD	702	701	701	202938	202938	0	662339
RAIL	43	54	47	655
CORRELATION	682	362	4599	6949
SQUARE	65536	213
FOLD	703	702	702	203229	203229	0	662444
RAIL	8	88	47	655
CORRELATION	683	362	4599	6949
SQUARE	65568	213
FOLD	704	703	703	203517	203517	0	663135
RAIL	8	89	47	656
CORRELATION	684	362	4599	6949
SQUARE	65664	213
FOLD	705	704	704	203808	203808	0	663827
RAIL	42	54	47	657
CORRELATION	685	362	4599	6949
SQUARE	65760	213
FOLD	706	705	705	204096	204096	0	664568
RAIL	42	55	47	658
CORRELATION	686	362	4599	6949
SQUARE	65856	213
FOLD	707	706	706	204387	204387	0	665242
RAIL	9	87	47	659
CORRELATION	687	362	4599	6949
SQUARE	65952	213
FOLD	716	707	707	204675	204675	0	670162
RAIL	11	86	51	664
CORRELATION	696	362	4599	6949
SQUARE	66816	213
FOLD	717	708	708	204966	204966	0	670782
RAIL	39	57	51	665
CORRELATION	697	362	4599	6949
SQUARE	66912	213
FOLD	718	709	709	205254	205254	0	671495
RAIL	39	58	51	666
CORRELATION	698	362	4599	6949
SQUARE	67008	213
FOLD	719	710	710	205545	205545	0	672169
RAIL	12	84	51	667
CORRELATION	699	362	4599	6949
SQUARE	67104	213
FOLD	728	711	711	205833	205833	0	678811
RAIL	14	83	55	672
CORRELATION	708	369	4599	6949
SQUARE	67968	213
FOLD	729	712	712	206124	206124	0	679549
RAIL	36	60	55	673
CORRELATION	709	369	4599	6949
SQUARE	68064	213
FOLD	730	713	713	206412	206412	0	680550
RAIL	36	61	55	674
CORRELATION	710	373	4599	6949
SQUARE	68160	213
FOLD	731	714	714	206703	206703	0	681309
RAIL	15	81	55	675
CORRELATION	711	373	4599	6949
SQUARE	68256	213
FOLD	732	715	715	206991	206991	0	681944
RAIL	15	82	55	676
CORRELATION	712	373	4599	6949
SQUARE	68352	213
FOLD	733	716	716	207282	207282	0	682862
RAIL	35	61	55	677
CORRELATION	713	377	4599	6949
SQUARE	68448	213
FOLD	734	717	717	207570	207570	0	683539
RAIL	35	62	55	678
CORRELATION	714	378	4599	6949
SQUARE	68544	213
FOLD	735	718	718	207861	207861	0	684162
RAIL	16	80	55	679
CORRELATION	715	378	4599	6949
SQUARE	68640	213
FOLD	736	719	719	208149	208149	0	684801
RAIL	16	81	55	680
CORRELATION	716	378	4599	6949
SQUARE	68736	213
FOLD	737	720	720	208440	208440	0	685575
RAIL	34	62	55	681
CORRELATION	717	380	4599	6949
SQUARE	68832	213
FOLD	738	721	721	208728	208728	0	686329
RAIL	34	63	55	682
CORRELATION	718	380	4599	6949
SQUARE	68928	213
FOLD	739	722	722	209019	209019	0	688274
RAIL	17	79	55	683
CORRELATION	719	382	4599	6949
SQUARE	69024	213
FOLD	740	723	723	209307	209307	0	690610
RAIL	17	80	55	684
CORRELATION	720	384	4599	6949
SQUARE	69120	213
FOLD	741	724	724	209598	209598	0	693096
RAIL	33	63	55	685
CORRELATION	721	384	4599	6949
SQUARE	69216	213
FOLD	742	725	725	209886	209886	0	694465
RAIL	33	64	55	686
CORRELATION	722	384	4599	6949
SQUARE	69312	213
FOLD	743	726	726	210177	210177	0	695091
RAIL	18	78	55	687
CORRELATION	723	384	4599	6949
SQUARE	69408	213
FOLD	744	727	727	210465	210465	0	695813
RAIL	18	79	55	688
CORRELATION	724	384	4599	6949
SQUARE	69504	213
FOLD	745	728	728	210756	210756	0	696442
RAIL	32	64	55	689
CORRELATION	725	384	4599	6949
SQUARE	69600	213
FOLD	746	729	729	211044	211044	0	697316
RAIL	32	65	55	690
CORRELATION	726	387	4599	6949
SQUARE	69696	213
FOLD	747	730	730	211335	211335	0	698081
RAIL	19	77	55	691
CORRELATION	727	388	4599	6949
SQUARE	69792	213
FOLD	748	731	731	211623	211623	0	698742
RAIL	19	78	55	692
CORRELATION	728	388	4599	6949
SQUARE	69888	213
FOLD	749	732	732	211914	211914	0	699550
RAIL	31	65	55	693
CORRELATION	729	390	4599	6949
SQUARE	69984	213
FOLD	750	733	733	212202	212202	0	700164
RAIL	31	66	55	694
CORRELATION	730	390	4599	6949
SQUARE	70080	213
FOLD	751	734	734	212493	212493	0	700767
RAIL	20	76	55	695
CORRELATION	731	390	4599	6949
SQUARE	70176	213
FOLD	752	735	735	212781	212781	0	701447
RAIL	20	77	55	696
CORRELATION	732	390	4599	6949
SQUARE	70272	213
FOLD	753	736	736	213072	213072	0	702432
RAIL	30	66	55	697
CORRELATION	733	393	4599	6949
SQUARE	70368	213
FOLD	754	737	737	213360	213360	0	703093
RAIL	30	67	55	698
CORRELATION	734	393	4599	6949
SQUARE	70464	213
FOLD	755	738	738	213651	213651	0	703748
RAIL	21	75	55	699
CORRELATION	735	393	4599	6949
SQUARE	70560	213
FOLD	756	739	739	213939	213939	0	704416
RAIL	21	76	55	700
CORRELATION	736	393	4599	6949
SQUARE	70656	213
FOLD	757	740	740	214230	214230	0	705108
RAIL	29	67	55	701
CORRELATION	737	393	4599	6949
SQUARE	70752	213
FOLD	758	741	741	214518	214518	0	706734
RAIL	29	68	55	702
CORRELATION	738	393	4599	6949
SQUARE	70848	213
FOLD	759	742	742	214809	214809	0	707856
RAIL	22	74	55	703
CORRELATION	739	393	4599	6949
SQUARE	70944	213
FOLD	760	743	743	215097	215097	0	709702
RAIL	22	75	55	704
CORRELATION	740	393	4599	6949
SQUARE	71040	213
FOLD	761	744	744	215388	215388	0	711737
RAIL	28	68	55	705
CORRELATION	741	393	4599	6949
SQUARE	71136	213
FOLD	762	745	745	215676	215676	0	713424
RAIL	28	69	55	706
CORRELATION	742	393	4599	6949
SQUARE	71232	213
FOLD	763	746	746	215967	215967	0	714111
RAIL	23	73	55	707
CORRELATION	743	393	4599	6949
SQUARE	71328	213
FOLD	764	747	747	216255	216255	0	714810
RAIL	23	74	55	708
CORRELATION	744	393	4599	6949
SQUARE	71424	213
FOLD	765	748	748	216546	216546	0	715456
RAIL	27	69	55	709
CORRELATION	745	393	4599	6949
SQUARE	71520	213
FOLD	766	749	749	216834	216834	0	716083
RAIL	27	70	55	710
CORRELATION	746	393	4599	6949
SQUARE	71616	213
FOLD	767	750	750	217125	217125	0	716760
RAIL	24	72	55	711
CORRELATION	747	393	4599	6949
SQUARE	71712	213
FOLD	768	751	751	217413	217413	0	717382
RAIL	24	73	55	712
CORRELATION	748	393	4599	6949
SQUARE	71808	213
FOLD	769	752	752	217704	217704	0	718189
RAIL	26	70	55	713
CORRELATION	749	393	4599	6949
SQUARE	71904	213
FOLD	770	753	753	217992	217992	0	718916
RAIL	26	71	55	714
CORRELATION	750	393	4599	6949
SQUARE	72000	213
FOLD	771	754	754	218283	218283	0	719545
RAIL	25	71	55	715
CORRELATION	751	393	4599	6949
SQUARE	72096	213
FOLD	772	755	755	218571	218571	0	720162
RAIL	25	72	55	716
CORRELATION	752	393	4599	6949
SQUARE	72192	213
FOLD	773	756	756	218862	218862	0	721569
RAIL	48	48	55	717
CORRELATION	755	393	4599	6949
SQUARE	72480	213
FOLD	774	757	757	219150	219150	0	722342
RAIL	48	49	55	718
CORRELATION	756	393	4599	6949
SQUARE	72576	213
FOLD	775	758	758	219441	219441	0	723552
RAIL	47	49	55	719
CORRELATION	759	393	4599	6949
SQUARE	72864	213
FOLD	776	759	759	219729	219729	0	724236
RAIL	47	50	55	720
CORRELATION	760	393	4599	6949
SQUARE	72960	213
FOLD	777	760	760	220020	220020	0	725797
RAIL	46	50	55	721
CORRELATION	763	397	4599	6949
SQUARE	73248	213
FOLD	778	761	761	220308	220308	0	726712
RAIL	46	51	55	722
CORRELATION	764	397	4599	6949
SQUARE	73344	213
FOLD	779	762	762	220599	220599	0	727915
RAIL	45	51	55	723
CORRELATION	767	397	4599	6949
SQUARE	73632	213
FOLD	780	763	763	220887	220887	0	728546
RAIL	45	52	55	724
CORRELATION	768	397	4599	6949
SQUARE	73728	213
FOLD	781	764	764	221178	221178	0	730730
RAIL	44	52	55	725
CORRELATION	771	397	4599	6949
SQUARE	74016	213
FOLD	782	765	765	221466	221466	0	731380
RAIL	44	53	55	726
CORRELATION	772	397	4599	6949
SQUARE	74112	213
FOLD	783	766	766	221757	221757	0	732839
RAIL	43	53	55	727
CORRELATION	775	397	4599	6949
SQUARE	74400	213
FOLD	784	767	767	222045	222045	0	733482
RAIL	43	54	55	728
CORRELATION	776	397	4599	6949
SQUARE	74496	213
FOLD	785	768	768	222336	222336	0	734313
RAIL	8	88	55	729
CORRELATION	777	397	4599	6949
SQUARE	74592	213
FOLD	786	769	769	222624	222624	0	734942
RAIL	8	89	55	730
CORRELATION	778	397	4599	6949
SQUARE	74688	213
FOLD	787	770	770	222915	222915	0	735547
RAIL	42	54	55	731
CORRELATION	779	397	4599	6949
SQUARE	74784	216
FOLD	788	771	771	223203	223203	0	736270
RAIL	42	55	55	732
CORRELATION	780	397	4599	6949
SQUARE	74880	216
FOLD	789	772	772	223494	223494	0	736933
RAIL	9	87	55	733
CORRELATION	781	397	4599	6949
SQUARE	74976	216
FOLD	790	773	773	223782	223782	0	737576
RAIL	9	88	55	734
CORRELATION	782	397	4599	6949
SQUARE	75072	216
FOLD	791	774	774	224073	224073	0	738355
RAIL	41	55	55	735
CORRELATION	783	397	4599	6949
SQUARE	75168	216
FOLD	792	775	775	224361	224361	0	738990
RAIL	41	56	55	736
CORRELATION	784	397	4599	6949
SQUARE	75264	216
FOLD	793	776	776	224652	224652	0	739912
RAIL	10	86	55	737
CORRELATION	785	397	4599	6949
SQUARE	75360	216
FOLD	802	777	777	224940	224940	0	746156
RAIL	12	85	59	742
CORRELATION	794	402	4599	6949
SQUARE	76224	216
FOLD	803	778	778	225231	225231	0	746798
RAIL	38	58	59	743
CORRELATION	795	402	4599	6949
SQUARE	76320	216
FOLD	804	779	779	225519	225519	0	747515
RAIL	38	59	59	744
CORRELATION	796	402	4599	6949
SQUARE	76416	216
FOLD	805	780	780	225810	225810	0	748382
RAIL	13	83	59	745
CORRELATION	797	402	4599	6949
SQUARE	76512	216
FOLD	814	781	781	226098	226098	0	754550
RAIL	15	82	63	750
CORRELATION	806	407	4599	6949
SQUARE	77376	216
FOLD	815	782	782	226389	226389	0	755258
RAIL	35	61	63	751
CORRELATION	807	407	4599	6949
SQUARE	77472	216
FOLD	816	783	783	226677	226677	0	755884
RAIL	35	62	63	752
CORRELATION	808	407	4599	6949
SQUARE	77568	216
FOLD	817	784	784	226968	226968	0	756490
RAIL	16	80	63	753
CORRELATION	809	407	4599	6949
SQUARE	77664	216
FOLD	818	785	785	227256	227256	0	757174
RAIL	16	81	63	754
CORRELATION	810	407	4599	6949
SQUARE	77760	216
FOLD	819	786	786	227547	227547	0	758067
RAIL	34	62	63	755
CORRELATION	811	410	4599	6949
SQUARE	77856	216
FOLD	820	787	787	227835	227835	0	758695
RAIL	34	63	63	756
CORRELATION	812	410	4599	6949
SQUARE	77952	216
FOLD	821	788	788	228126	228126	0	759366
RAIL	17	79	63	757
CORRELATION	813	410	4599	6949
SQUARE	78048	216
FOLD	822	789	789	228414	228414	0	760027
RAIL	17	80	63	758
CORRELATION	814	410	4599	6949
SQUARE	78144	216
FOLD	823	790	790	228705	228705	0	760692
RAIL	33	63	63	759
CORRELATION	815	410	4599	6949
SQUARE	78240	216
FOLD	824	791	791	228993	228993	0	761319
RAIL	33	64	63	760
CORRELATION	816	410	4599	6949
SQUARE	78336	216
FOLD	825	792	792	229284	229284	0	762252
RAIL	18	78	63	761
CORRELATION	817	413	4599	6949
SQUARE	78432	216
FOLD	826	793	793	229572	229572	0	762855
RAIL	18	79	63	762
CORRELATION	818	413	4599	6949
SQUARE	78528	216
FOLD	827	794	794	229863	229863	0	763555
RAIL	32	64	63	763
CORRELATION	819	413	4599	6949
SQUARE	78624	216
FOLD	828	795	795	230151	230151	0	764263
RAIL	32	65	63	764
CORRELATION	820	413	4599	6949
SQUARE	78720	216
FOLD	829	796	796	230442	230442	0	766140
RAIL	19	77	63	765
CORRELATION	821	413	4599	6949
SQUARE	78816	216
FOLD	830	797	797	230730	230730	0	768090
RAIL	19	78	63	766
CORRELATION	822	413	4599	6949
SQUARE	78912	216
FOLD	831	798	798	231021	231021	0	770181
RAIL	31	65	63	767
CORRELATION	823	413	4599	6949
SQUARE	79008	216
FOLD	832	799	799	231309	231309	0	771936
RAIL	31	66	63	768
CORRELATION	824	416	4599	6949
SQUARE	79104	216
FOLD	833	800	800	231600	231600	0	772687
RAIL	20	76	63	769
CORRELATION	825	416	4599	6949
SQUARE	79200	216
FOLD	834	801	801	231888	231888	0	773768
RAIL	20	77	63	770
CORRELATION	826	416	4599	6949
SQUARE	79296	216
FOLD	835	802	802	232179	232179	0	774988
RAIL	30	66	63	771
CORRELATION	827	416	4599	6949
SQUARE	79392	216
FOLD	836	803	803	232467	232467	0	776116
RAIL	30	67	63	772
CORRELATION	828	416	4599	6949
SQUARE	79488	216
FOLD	837	804	804	232758	232758	0	777084
RAIL	21	75	63	773
CORRELATION	829	416	4599	6949
SQUARE	79584	216
FOLD	838	805	805	233046	233046	0	778708
RAIL	21	76	63	774
CORRELATION	830	419	4599	6949
SQUARE	79680	216
FOLD	839	806	806	233337	233337	0	779770
RAIL	29	67	63	775
CORRELATION	831	419	4599	6949
SQUARE	79776	216
FOLD	840	807	807	233625	233625	0	780903
RAIL	29	68	63	776
CORRELATION	832	420	4599	6949
SQUARE	79872	216
FOLD	841	808	808	233916	233916	0	782054
RAIL	22	74	63	777
CORRELATION	833	420	4599	6949
SQUARE	79968	216
FOLD	842	809	809	234204	234204	0	782963
RAIL	22	75	63	778
CORRELATION	834	420	4599	6949
SQUARE	80064	216
FOLD	843	810	810	234495	234495	0	784040
RAIL	28	68	63	779
CORRELATION	835	420	4599	6949
SQUARE	80160	216
FOLD	844	811	811	234783	234783	0	785041
RAIL	28	69	63	780
CORRELATION	836	420	4599	6949
SQUARE	80256	216
FOLD	845	812	812	235074	235074	0	786044
RAIL	23	73	63	781
CORRELATION	837	420	4599	6949
SQUARE	80352	216
FOLD	846	813	813	235362	235362	0	786703
RAIL	23	74	63	782
CORRELATION	838	420	4599	6949
SQUARE	80448	216
FOLD	847	814	814	235653	235653	0	787471
RAIL	27	69	63	783
CORRELATION	839	422	4599	6949
SQUARE	80544	216
FOLD	848	815	815	235941	235941	0	789335
RAIL	27	70	63	784
CORRELATION	840	422	4599	6949
SQUARE	80640	216
FOLD	849	816	816	236232	236232	0	790661
RAIL	24	72	63	785
CORRELATION	841	422	4599	6949
SQUARE	80736	216
FOLD	850	817	817	236520	236520	0	792782
RAIL	24	73	63	786
CORRELATION	842	422	4599	6949
SQUARE	80832	216
FOLD	851	818	818	236811	236811	0	794994
RAIL	26	70	63	787
CORRELATION	843	422	4599	6949
SQUARE	80928	216
FOLD	852	819	819	237099	237099	0	796931
RAIL	26	71	63	788
CORRELATION	844	422	4599	6949
SQUARE	81024	216
FOLD	853	820	820	237390	237390	0	797988
RAIL	25	71	63	789
CORRELATION	845	424	4599	6949
SQUARE	81120	216
FOLD	854	821	821	237678	237678	0	798577
RAIL	25	72	63	790
CORRELATION	846	424	4599	6949
SQUARE	81216	216
FOLD	855	822	822	237969	237969	0	799914
RAIL	48	48	63	791
CORRELATION	849	424	4599	6949
SQUARE	81504	216
FOLD	856	823	823	238257	238257	0	800602
RAIL	48	49	63	792
CORRELATION	850	424	4599	6949
SQUARE	81600	216
FOLD	857	824	824	238548	238548	0	802418
RAIL	47	49	63	793
CORRELATION	853	427	4599	6949
SQUARE	81888	216
FOLD	858	825	825	238836	238836	0	803052
RAIL	47	50	63	794
CORRELATION	854	427	4599	6949
SQUARE	81984	216
FOLD	859	826	826	239127	239127	0	804407
RAIL	46	50	63	795
CORRELATION	857	427	4599	6949
SQUARE	82272	216
FOLD	860	827	827	239415	239415	0	805070
RAIL	46	51	63	796
CORRELATION	858	427	4599	6949
SQUARE	82368	216
FOLD	861	828	828	239706	239706	0	806604
RAIL	45	51	63	797
CORRELATION	861	430	4599	6949
SQUARE	82656	216
FOLD	862	829	829	239994	239994	0	807259
RAIL	45	52	63	798
CORRELATION	862	430	4599	6949
SQUARE	82752	216
FOLD	863	830	830	240285	240285	0	808667
RAIL	44	52	63	799
CORRELATION	865	430	4599	6949
SQUARE	83040	216
FOLD	864	831	831	240573	240573	0	809263
RAIL	44	53	63	800
CORRELATION	866	430	4599	6949
SQUARE	83136	216
FOLD	865	832	832	240864	240864	0	810800
RAIL	43	53	63	801
CORRELATION	869	432	4599	6949
SQUARE	83424	216
FOLD	866	833	833	241152	241152	0	811439
RAIL	43	54	63	802
CORRELATION	870	432	4599	6949
SQUARE	83520	216
FOLD	867	834	834	241443	241443	0	812169
RAIL	8	88	63	803
CORRELATION	871	432	4599	6949
SQUARE	83616	216
FOLD	872	835	835	241731	241731	0	816206
RAIL	9	88	65	806
CORRELATION	876	434	4599	6949
SQUARE	84096	216
FOLD	873	836	836	242022	242022	0	816882
RAIL	41	55	65	807
CORRELATION	877	434	4599	6949
SQUARE	84192	216
FOLD	874	837	837	242310	242310	0	817584
RAIL	41	56	65	808
CORRELATION	878	434	4599	6949
SQUARE	84288	216
FOLD	875	838	838	242601	242601	0	818308
RAIL	10	86	65	809
CORRELATION	879	434	4599	6949
SQUARE	84384	216
FOLD	876	839	839	242889	242889	0	819062
RAIL	10	87	65	810
CORRELATION	880	436	4599	6949
SQUARE	84480	216
FOLD	877	840	840	243180	243180	0	819697
RAIL	40	56	65	811
CORRELATION	881	436	4599	6949
SQUARE	84576	216
FOLD	878	841	841	243468	243468	0	820418
RAIL	40	57	65	812
CORRELATION	882	436	4599	6949
SQUARE	84672	216
FOLD	879	842	842	243759	243759	0	821071
RAIL	11	85	65	813
CORRELATION	883	436	4599	6949
SQUARE	84768	216
FOLD	888	843	843	244047	244047	0	826036
RAIL	13	84	69	818
CORRELATION	892	436	4599	6949
SQUARE	85632	216
FOLD	889	844	844	244338	244338	0	826689
RAIL	37	59	69	819
CORRELATION	893	436	4599	6949
SQUARE	85728	216
FOLD	890	845	845	244626	244626	0	827636
RAIL	37	60	69	820
CORRELATION	894	440	4599	6949
SQUARE	85824	216
FOLD	891	846	846	244917	244917	0	828409
RAIL	14	82	69	821
CORRELATION	895	440	4599	6949
SQUARE	85920	216
FOLD	900	847	847	245205	245205	0	834646
RAIL	16	81	73	826
CORRELATION	904	440	4599	6949
SQUARE	86784	216
FOLD	901	848	848	245496	245496	0	835327
RAIL	34	62	73	827
CORRELATION	905	440	4599	6949
SQUARE	86880	216
FOLD	902	849	849	245784	245784	0	836317
RAIL	34	63	73	828
CORRELATION	906	442	4599	6949
SQUARE	86976	216
FOLD	903	850	850	246075	246075	0	838840
RAIL	17	79	73	829
CORRELATION	907	442	4599	6949
SQUARE	87072	216
FOLD	904	851	851	246363	246363	0	841631
RAIL	17	80	73	830
CORRELATION	908	442	4599	6949
SQUARE	87168	216
FOLD	905	852	852	246654	246654	0	843901
RAIL	33	63	73	831
CORRELATION	909	442	4599	6949
SQUARE	87264	216
FOLD	906	853	853	246942	246942	0	844548
RAIL	33	64	73	832
CORRELATION	910	442	4599	6949
SQUARE	87360	216
FOLD	907	854	854	247233	247233	0	845236
RAIL	18	78	73	833
CORRELATION	911	442	4599	6949
SQUARE	87456	216
FOLD	908	855	855	247521	247521	0	845992
RAIL	18	79	73	834
CORRELATION	912	442	4599	6949
SQUARE	87552	216
FOLD	909	856	856	247812	247812	0	846739
RAIL	32	64	73	835
CORRELATION	913	442	4599	6949
SQUARE	87648	216
FOLD	910	857	857	248100	248100	0	847341
RAIL	32	65	73	836
CORRELATION	914	442	4599	6949
SQUARE	87744	216
FOLD	911	858	858	248391	248391	0	848525
RAIL	19	77	73	837
CORRELATION	915	445	4599	6949
SQUARE	87840	216
FOLD	912	859	859	248679	248679	0	849219
RAIL	19	78	73	838
CORRELATION	916	445	4599	6949
SQUARE	87936	216
FOLD	913	860	860	248970	248970	0	849966
RAIL	31	65	73	839
CORRELATION	917	445	4599	6949
SQUARE	88032	216
FOLD	914	861	861	249258	249258	0	850673
RAIL	31	66	73	840
CORRELATION	918	445	4599	6949
SQUARE	88128	216
FOLD	915	862	862	249549	249549	0	851447
RAIL	20	76	73	841
CORRELATION	919	445	4599	6949
SQUARE	88224	216
FOLD	916	863	863	249837	249837	0	852109
RAIL	20	77	73	842
CORRELATION	920	445	4599	6949
SQUARE	88320	216
FOLD	917	864	864	250128	250128	0	852863
RAIL	30	66	73	843
CORRELATION	921	445	4599	6949
SQUARE	88416	216
FOLD	918	865	865	250416	250416	0	853579
RAIL	30	67	73	844
CORRELATION	922	445	4599	6949
SQUARE	88512	216
FOLD	919	866	866	250707	250707	0	854344
RAIL	21	75	73	845
CORRELATION	923	445	4599	6949
SQUARE	88608	216
FOLD	920	867	867	250995	250995	0	855026
RAIL	21	76	73	846
CORRELATION	924	445	4599	6949
SQUARE	88704	216
FOLD	921	868	868	251286	251286	0	855711
RAIL	29	67	73	847
CORRELATION	925	445	4599	6949
SQUARE	88800	216
FOLD	922	869	869	251574	251574	0	857954
RAIL	29	68	73	848
CORRELATION	926	447	4599	6949
SQUARE	88896	216
FOLD	923	870	870	251865	251865	0	859314
RAIL	22	74	73	849
CORRELATION	927	447	4599	6949
SQUARE	88992	216
FOLD	924	871	871	252153	252153	0	861601
RAIL	22	75	73	850
CORRELATION	928	447	4599	6949
SQUARE	89088	216
FOLD	925	872	872	252444	252444	0	864222
RAIL	28	68	73	851
CORRELATION	929	447	4599	6949
SQUARE	89184	216
FOLD	926	873	873	252732	252732	0	866390
RAIL	28	69	73	852
CORRELATION	930	447	4599	6949
SQUARE	89280	216
FOLD	927	874	874	253023	253023	0	867093
RAIL	23	73	73	853
CORRELATION	931	447	4599	6949
SQUARE	89376	216
FOLD	928	875	875	253311	253311	0	867805
RAIL	23	74	73	854
CORRELATION	932	447	4599	6949
SQUARE	89472	216
FOLD	929	876	876	253602	253602	0	868592
RAIL	27	69	73	855
CORRELATION	933	447	4599	6949
SQUARE	89568	216
FOLD	930	877	877	253890	253890	0	869916
RAIL	27	70	73	856
CORRELATION	934	447	4599	6949
SQUARE	89664	216
FOLD	931	878	878	254181	254181	0	871140
RAIL	24	72	73	857
CORRELATION	935	450	4599	6949
SQUARE	89760	216
FOLD	932	879	879	254469	254469	0	871985
RAIL	24	73	73	858
CORRELATION	936	451	4599	6949
SQUARE	89856	216
FOLD	933	880	880	254760	254760	0	872911
RAIL	26	70	73	859
CORRELATION	937	452	4599	6949
SQUARE	89952	216
FOLD	934	881	881	255048	255048	0	873606
RAIL	26	71	73	860
CORRELATION	938	452	4599	6949
SQUARE	90048	216
FOLD	935	882	882	255339	255339	0	874378
RAIL	25	71	73	861
CORRELATION	939	453	4599	6949
SQUARE	90144	216
FOLD	936	883	883	255627	255627	0	875160
RAIL	25	72	73	862
CORRELATION	940	453	4599	6949
SQUARE	90240	216
FOLD	937	884	884	255918	255918	0	876815
RAIL	48	48	73	863
CORRELATION	943	453	4599	6949
SQUARE	90528	216
FOLD	938	885	885	256206	256206	0	877622
RAIL	48	49	73	864
CORRELATION	944	453	4599	6949
SQUARE	90624	216
FOLD	939	886	886	256497	256497	0	879015
RAIL	47	49	73	865
CORRELATION	947	453	4599	6949
SQUARE	90912	216
FOLD	940	887	887	256785	256785	0	879765
RAIL	47	50	73	866
CORRELATION	948	453	4599	6949
SQUARE	91008	216
FOLD	941	888	888	257076	257076	0	881459
RAIL	46	50	73	867
CORRELATION	951	456	4599	6949
SQUARE	91296	216
FOLD	942	889	889	257364	257364	0	882396
RAIL	46	51	73	868
CORRELATION	952	457	4599	6949
SQUARE	91392	216
FOLD	943	890	890	257655	257655	0	883729
RAIL	45	51	73	869
CORRELATION	955	457	4599	6949
SQUARE	91680	216
FOLD	944	891	891	257943	257943	0	884446
RAIL	45	52	73	870
CORRELATION	956	457	4599	6949
SQUARE	91776	216
FOLD	945	892	892	258234	258234	0	886347
RAIL	44	52	73	871
CORRELATION	959	457	4599	6949
SQUARE	92064	216
FOLD	946	893	893	258522	258522	0	887082
RAIL	44	53	73	872
CORRELATION	960	457	4599	6949
SQUARE	92160	216
FOLD	947	894	894	258813	258813	0	888533
RAIL	43	53	73	873
CORRELATION	963	457	4599	6949
SQUARE	92448	216
FOLD	948	895	895	259101	259101	0	890752
RAIL	43	54	73	874
CORRELATION	964	461	4599	6949
SQUARE	92544	216
FOLD	949	896	896	259392	259392	0	891566
RAIL	8	88	73	875
CORRELATION	965	461	4599	6949
SQUARE	92640	216
FOLD	958	897	897	259680	259680	0	896523
RAIL	10	87	77	880
CORRELATION	974	461	4599	6949
SQUARE	93504	216
FOLD	959	898	898	259971	259971	0	897371
RAIL	40	56	77	881
CORRELATION	975	463	4599	6949
SQUARE	93600	216
FOLD	960	899	899	260259	260259	0	898129
RAIL	40	57	77	882
CORRELATION	976	463	4599	6949
SQUARE	93696	216
FOLD	961	900	900	260550	260550	0	898924
RAIL	11	85	77	883
CORRELATION	977	463	4599	6949
SQUARE	93792	216
FOLD	962	901	901	260838	260838	0	899661
RAIL	11	86	77	884
CORRELATION	978	463	4599	6949
SQUARE	93888	216
FOLD	963	902	902	261129	261129	0	900361
RAIL	39	57	77	885
CORRELATION	979	463	4599	6949
SQUARE	93984	216
FOLD	964	903	903	261417	261417	0	901018
RAIL	39	58	77	886
CORRELATION	980	463	4599	6949
SQUARE	94080	216
FOLD	965	904	904	261708	261708	0	901766
RAIL	12	84	77	887
CORRELATION	981	463	4599	6949
SQUARE	94176	216
FOLD	974	905	905	261996	261996	0	907418
RAIL	14	83	81	892
CORRELATION	990	467	4599	6949
SQUARE	95040	216
FOLD	975	906	906	262287	262287	0	909506
RAIL	36	60	81	893
CORRELATION	991	468	4599	6949
SQUARE	95136	216
FOLD	976	907	907	262575	262575	0	910305
RAIL	36	61	81	894
CORRELATION	992	468	4599	6949
SQUARE	95232	216
FOLD	977	908	908	262866	262866	0	911099
RAIL	15	81	81	895
CORRELATION	993	468	4599	6949
SQUARE	95328	216
FOLD	986	909	909	263154	263154	0	916028
RAIL	17	80	85	900
CORRELATION	1002	470	4599	6949
SQUARE	96192	216
FOLD	987	910	910	263445	263445	0	916788
RAIL	33	63	85	901
CORRELATION	1003	470	4599	6949
SQUARE	96288	216
FOLD	988	911	911	263733	263733	0	917465
RAIL	33	64	85	902
CORRELATION	1004	470	4599	6949
SQUARE	96384	216
FOLD	989	912	912	264024	264024	0	918290
RAIL	18	78	85	903
CORRELATION	1005	470	4599	6949
SQUARE	96480	216
FOLD	990	913	913	264312	264312	0	918994
RAIL	18	79	85	904
CORRELATION	1006	470	4599	6949
SQUARE	96576	216
FOLD	991	914	914	264603	264603	0	919682
RAIL	32	64	85	905
CORRELATION	1007	470	4599	6949
SQUARE	96672	216
FOLD	992	915	915	264891	264891	0	920540
RAIL	32	65	85	906
CORRELATION	1008	471	4599	6949
SQUARE	96768	216
FOLD	993	916	916	265182	265182	0	921334
RAIL	19	77	85	907
CORRELATION	1009	471	4599	6949
SQUARE	96864	216
FOLD	994	917	917	265470	265470	0	922573
RAIL	19	78	85	908
CORRELATION	1010	473	4599	6949
SQUARE	96960	216
FOLD	995	918	918	265761	265761	0	923312
RAIL	31	65	85	909
CORRELATION	1011	473	4599	6949
SQUARE	97056	216
FOLD	996	919	919	266049	266049	0	924800
RAIL	31	66	85	910
CORRELATION	1012	473	4599	6949
SQUARE	97152	216
FOLD	997	920	920	266340	266340	0	926874
RAIL	20	76	85	911
CORRELATION	1013	473	4599	6949
SQUARE	97248	216
FOLD	998	921	921	266628	266628	0	927578
RAIL	20	77	85	912
CORRELATION	1014	473	4599	6949
SQUARE	97344	216
FOLD	999	922	922	266919	266919	0	928277
RAIL	30	66	85	913
CORRELATION	1015	473	4599	6949
SQUARE	97440	216
FOLD	1000	923	923	267207	267207	0	928930
RAIL	30	67	85	914
CORRELATION	1016	473	4599	6949
SQUARE	97536	216
FOLD	1001	924	924	267498	267498	0	929612
RAIL	21	75	85	915
CORRELATION	1017	473	4599	6949
SQUARE	97632	216
FOLD	1002	925	925	267786	267786	0	930430
RAIL	21	76	85	916
CORRELATION	1018	473	4599	6949
SQUARE	97728	216
FOLD	1003	926	926	268077	268077	0	931488
RAIL	29	67	85	917
CORRELATION	1019	476	4599	6949
SQUARE	97824	216
FOLD	1004	927	927	268365	268365	0	932186
RAIL	29	68	85	918
CORRELATION	1020	476	4599	6949
SQUARE	97920	216
FOLD	1005	928	928	268656	268656	0	932890
RAIL	22	74	85	919
CORRELATION	1021	476	4599	6949
SQUARE	98016	216
FOLD	1006	929	929	268944	268944	0	933551
RAIL	22	75	85	920
CORRELATION	1022	476	4599	6949
SQUARE	98112	216
FOLD	1007	930	930	269235	269235	0	934547
RAIL	28	68	85	921
CORRELATION	1023	478	4599	6949
SQUARE	98208	216
FOLD	1007	930	930	269235	269235	0	935516
RAIL	28	68	85	922
CORRELATION	1024	480	4599	6949
SQUARE	98304	216
FOLD	1008	931	931	269523	269523	0	935524
RAIL	28	69	85	922
CORRELATION	1024	480	4599	6949
SQUARE	98304	216
FOLD	1009	932	932	269814	269814	0	936244
RAIL	23	73	85	923
CORRELATION	1025	480	4599	6949
SQUARE	98400	216
FOLD	1010	933	933	270102	270102	0	937064
RAIL	23	74	85	924
CORRELATION	1026	481	4599	6949
SQUARE	98496	216
FOLD	1011	934	934	270393	270393	0	937751
RAIL	27	69	85	925
CORRELATION	1027	481	4599	6949
SQUARE	98592	216
FOLD	1012	935	935	270681	270681	0	938500
RAIL	27	70	85	926
CORRELATION	1028	481	4599	6949
SQUARE	98688	216
FOLD	1013	936	936	270972	270972	0	940881
RAIL	24	72	85	927
CORRELATION	1029	481	4599	6949
SQUARE	98784	216
FOLD	1014	937	937	271260	271260	0	943620
RAIL	24	73	85	928
CORRELATION	1030	481	4599	6949
SQUARE	98880	216
FOLD	1015	938	938	271551	271551	0	945676
RAIL	26	70	85	929
CORRELATION	1031	481	4599	6949
SQUARE	98976	216
FOLD	1016	939	939	271839	271839	0	946918
RAIL	26	71	85	930
CORRELATION	1032	481	4599	6949
SQUARE	99072	216
FOLD	1017	940	940	272130	272130	0	948539
RAIL	25	71	85	931
CORRELATION	1033	481	4599	6949
SQUARE	99168	216
FOLD	1018	941	941	272418	272418	0	949297
RAIL	25	72	85	932
CORRELATION	1034	481	4599	6949
SQUARE	99264	216
FOLD	1019	942	942	272709	272709	0	951416
RAIL	48	48	85	933
CORRELATION	1037	485	4599	6949
SQUARE	99552	216
FOLD	1020	943	943	272997	272997	0	952190
RAIL	48	49	85	934
CORRELATION	1038	486	4599	6949
SQUARE	99648	216
FOLD	1021	944	944	273288	273288	0	953883
RAIL	47	49	85	935
CORRELATION	1041	489	4599	6949
SQUARE	99936	216
FOLD	1022	945	945	273576	273576	0	954636
RAIL	47	50	85	936
CORRELATION	1042	490	4599	6949
SQUARE	100032	216
FOLD	1023	946	946	273867	273867	0	956223
RAIL	46	50	85	937
CORRELATION	1045	492	4599	6949
SQUARE	100320	216
FOLD	1024	947	947	274155	274155	0	957191
RAIL	46	51	85	938
CORRELATION	1046	494	4599	6949
SQUARE	100416	216
FOLD	1025	948	948	274446	274446	0	959229
RAIL	45	51	85	939
CORRELATION	1049	498	4599	6949
SQUARE	100704	216
FOLD	1026	949	949	274734	274734	0	960035
RAIL	45	52	85	940
CORRELATION	1050	498	4599	6949
SQUARE	100800	216
FOLD	1027	950	950	275025	275025	0	961670
RAIL	44	52	85	941
CORRELATION	1053	498	4599	6949
SQUARE	101088	216
FOLD	1028	951	951	275313	275313	0	962435
RAIL	44	53	85	942
CORRELATION	1054	498	4599	6949
SQUARE	101184	216
FOLD	1029	952	952	275604	275604	0	963861
RAIL	43	53	85	943
CORRELATION	1057	499	4599	6949
SQUARE	101472	216
FOLD	1030	953	953	275892	275892	0	964592
RAIL	43	54	85	944
CORRELATION	1058	499	4599	6949
SQUARE	101568	216
FOLD	1031	954	954	276183	276183	0	966259
RAIL	8	88	85	945
CORRELATION	1059	499	4599	6949
SQUARE	101664	216
FOLD	1032	955	955	276471	276471	0	967079
RAIL	8	89	85	946
CORRELATION	1060	500	4599	6949
SQUARE	101760	216
FOLD	1033	956	956	276762	276762	0	967989
RAIL	42	54	85	947
CORRELATION	1061	500	4599	6949
SQUARE	101856	216
FOLD	1034	957	957	277050	277050	0	968816
RAIL	42	55	85	948
CORRELATION	1062	500	4599	6949
SQUARE	101952	216
FOLD	1035	958	958	277341	277341	0	969644
RAIL	9	87	85	949
CORRELATION	1063	500	4599	6949
SQUARE	102048	216
FOLD	1044	959	959	277629	277629	0	977778
RAIL	11	86	89	954
CORRELATION	1072	504	4599	6949
SQUARE	102912	216
FOLD	1045	960	960	277920	277920	0	978619
RAIL	39	57	89	955
CORRELATION	1073	504	4599	6949
SQUARE	103008	216
FOLD	1046	961	961	278208	278208	0	979846
RAIL	39	58	89	956
CORRELATION	1074	506	4599	6949
SQUARE	103104	216
FOLD	1047	962	962	278499	278499	0	980950
RAIL	12	84	89	957
CORRELATION	1075	508	4599	6949
SQUARE	103200	216
FOLD	1048	963	963	278787	278787	0	981730
RAIL	12	85	89	958
CORRELATION	1076	508	4599	6949
SQUARE	103296	216
FOLD	1049	964	964	279078	279078	0	982976
RAIL	38	58	89	959
CORRELATION	1077	510	4599	6949
SQUARE	103392	216
FOLD	1050	965	965	279366	279366	0	984068
RAIL	38	59	89	960
CORRELATION	1078	512	4599	6949
SQUARE	103488	216
FOLD	1051	966	966	279657	279657	0	984769
RAIL	13	83	89	961
CORRELATION	1079	512	4599	6949
SQUARE	103584	216
FOLD	1060	967	967	279945	279945	0	991448
RAIL	15	82	93	966
CORRELATION	1088	521	4599	6949
SQUARE	104448	216
FOLD	1061	968	968	280236	280236	0	992460
RAIL	35	61	93	967
CORRELATION	1089	523	4599	6949
SQUARE	104544	216
FOLD	1062	969	969	280524	280524	0	994369
RAIL	35	62	93	968
CORRELATION	1090	523	4599	6949
SQUARE	104640	216
FOLD	1063	970	970	280815	280815	0	996779
RAIL	16	80	93	969
CORRELATION	1091	525	4599	6949
SQUARE	104736	216
FOLD	1072	971	971	281103	281103	0	1005658
RAIL	18	79	97	974
CORRELATION	1100	531	4599	6949
SQUARE	105600	216
FOLD	1073	972	972	281394	281394	0	1006693
RAIL	32	64	97	975
CORRELATION	1101	531	4599	6949
SQUARE	105696	216
FOLD	1074	973	973	281682	281682	0	1008300
RAIL	32	65	97	976
CORRELATION	1102	534	4599	6949
SQUARE	105792	216
FOLD	1075	974	974	281973	281973	0	1009238
RAIL	19	77	97	977
CORRELATION	1103	534	4599	6949
SQUARE	105888	216
FOLD	1076	975	975	282261	282261	0	1010239
RAIL	19	78	97	978
CORRELATION	1104	534	4599	6949
SQUARE	105984	216
FOLD	1077	976	976	282552	282552	0	1012259
RAIL	31	65	97	979
CORRELATION	1105	538	4599	6949
SQUARE	106080	216
FOLD	1078	977	977	282840	282840	0	1013180
RAIL	31	66	97	980
CORRELATION	1106	538	4599	6949
SQUARE	106176	216
FOLD	1079	978	978	283131	283131	0	1014213
RAIL	20	76	97	981
CORRELATION	1107	538	4599	6949
SQUARE	106272	216
FOLD	1080	979	979	283419	283419	0	1015815
RAIL	20	77	97	982
CORRELATION	1108	540	4599	6949
SQUARE	106368	216
FOLD	1081	980	980	283710	283710	0	1017137
RAIL	30	66	97	983
CORRELATION	1109	542	4599	6949
SQUARE	106464	216
FOLD	1082	981	981	283998	283998	0	1018187
RAIL	30	67	97	984
CORRELATION	1110	543	4599	6949
SQUARE	106560	216
FOLD	1083	982	982	284289	284289	0	1021403
RAIL	21	75	97	985
CORRELATION	1111	545	4599	6949
SQUARE	106656	216
FOLD	1084	983	983	284577	284577	0	1024622
RAIL	21	76	97	986
CORRELATION	1112	545	4599	6949
SQUARE	106752	216
FOLD	1085	984	984	284868	284868	0	1027370
RAIL	29	67	97	987
CORRELATION	1113	545	4599	6949
SQUARE	106848	216
FOLD	1086	985	985	285156	285156	0	1029024
RAIL	29	68	97	988
CORRELATION	1114	545	4599	6949
SQUARE	106944	216
FOLD	1087	986	986	285447	285447	0	1032331
RAIL	22	74	97	989
CORRELATION	1115	549	4599	6949
SQUARE	107040	216
FOLD	1088	987	987	285735	285735	0	1033044
RAIL	22	75	97	990
CORRELATION	1116	549	4599	6949
SQUARE	107136	216
FOLD	1089	988	988	286026	286026	0	1034274
RAIL	28	68	97	991
CORRELATION	1117	550	4599	6949
SQUARE	107232	216
FOLD	1090	989	989	286314	286314	0	1035811
RAIL	28	69	97	992
CORRELATION	1118	553	4599	6949
SQUARE	107328	216
FOLD	1091	990	990	286605	286605	0	1036570
RAIL	23	73	97	993
CORRELATION	1119	553	4599	6949
SQUARE	107424	216
FOLD	1092	991	991	286893	286893	0	1037379
RAIL	23	74	97	994
CORRELATION	1120	553	4599	6949
SQUARE	107520	216
FOLD	1093	992	992	287184	287184	0	1038162
RAIL	27	69	97	995
CORRELATION	1121	553	4599	6949
SQUARE	107616	216
FOLD	1094	993	993	287472	287472	0	1039204
RAIL	27	70	97	996
CORRELATION	1122	554	4599	6949
SQUARE	107712	216
FOLD	1095	994	994	287763	287763	0	1040418
RAIL	24	72	97	997
CORRELATION	1123	556	4599	6949
SQUARE	107808	216
FOLD	1096	995	995	288051	288051	0	1041532
RAIL	24	73	97	998
CORRELATION	1124	556	4599	6949
SQUARE	107904	216
FOLD	1097	996	996	288342	288342	0	1043085
RAIL	26	70	97	999
CORRELATION	1125	559	4599	6949
SQUARE	108000	216
FOLD	1098	997	997	288630	288630	0	1043972
RAIL	26	71	97	1000
CORRELATION	1126	559	4599	6949
SQUARE	108096	216
FOLD	1099	998	998	288921	288921	0	1045052
RAIL	25	71	97	1001
CORRELATION	1127	561	4599	6949
SQUARE	108192	216
FOLD	1100	999	999	289209	289209	0	1047234
RAIL	25	72	97	1002
CORRELATION	1128	561	4599	6949
SQUARE	108288	216
FOLD	1101	1000	1000	289500	289500	0	1053089
RAIL	48	48	97	1003
CORRELATION	1131	565	4599	6949
SQUARE	108576	216
FOLD	1102	1001	1001	289788	289788	0	1055093
RAIL	48	49	97	1004
CORRELATION	1132	565	4599	6949
SQUARE	108672	216
FOLD	1103	1002	1002	290079	290079	0	1059690
RAIL	47	49	97	1005
CORRELATION	1135	565	4599	6949
SQUARE	108960	216
FOLD	1104	1003	1003	290367	290367	0	1062142
RAIL	47	50	97	1006
CORRELATION	1136	565	4599	6949
SQUARE	109056	216
FOLD	1105	1004	1004	290658	290658	0	1069362
RAIL	46	50	97	1007
CORRELATION	1139	567	4599	6949
SQUARE	109344	216
FOLD	1106	1005	1005	290946	290946	0	1072636
RAIL	46	51	97	1008
CORRELATION	1140	567	4599	6949
SQUARE	109440	216
FOLD	1107	1006	1006	291237	291237	0	1078353
RAIL	45	51	97	1009
CORRELATION	1143	567	4599	6949
SQUARE	109728	216
FOLD	1108	1007	1007	291525	291525	0	1081219
RAIL	45	52	97	1010
CORRELATION	1144	569	4599	6949
SQUARE	109824	216
FOLD	1109	1008	1008	291816	291816	0	1087489
RAIL	44	52	97	1011
CORRELATION	1147	571	4599	6949
SQUARE	110112	216
FOLD	1110	1009	1009	292104	292104	0	1090806
RAIL	44	53	97	1012
CORRELATION	1148	573	4599	6949
SQUARE	110208	216
FOLD	1111	1010	1010	292395	292395	0	1097445
RAIL	43	53	97	1013
CORRELATION	1151	576	4599	6949
SQUARE	110496	216
FOLD	1112	1011	1011	292683	292683	0	1100881
RAIL	43	54	97	1014
CORRELATION	1152	576	4599	6949
SQUARE	110592	216
FOLD	1113	1012	1012	292974	292974	0	1103576
RAIL	8	88	97	1015
CORRELATION	1153	576	4599	6949
SQUARE	110688	216
FOLD	1118	1013	1013	293262	293262	0	1110326
RAIL	9	88	99	1018
CORRELATION	1158	582	4599	6949
SQUARE	111168	216
FOLD	1119	1014	1014	293553	293553	0	1112419
RAIL	41	55	99	1019
CORRELATION	1159	582	4599	6949
SQUARE	111264	216
FOLD	1120	1015	1015	293841	293841	0	1115788
RAIL	41	56	99	1020
CORRELATION	1160	584	4599	6949
SQUARE	111360	216
FOLD	1121	1016	1016	294132	294132	0	1118559
RAIL	10	86	99	1021
CORRELATION	1161	586	4599	6949
SQUARE	111456	216
FOLD	1130	1017	1017	294420	294420	0	1131873
RAIL	12	85	103	1026
CORRELATION	1170	595	4599	6949
SQUARE	112320	216
FOLD	1131	1018	1018	294711	294711	0	1132693
RAIL	38	58	103	1027
CORRELATION	1171	595	4599	6949
SQUARE	112416	216
FOLD	1132	1019	1019	294999	294999	0	1133569
RAIL	38	59	103	1028
CORRELATION	1172	595	4599	6949
SQUARE	112512	216
FOLD	1133	1020	1020	295290	295290	0	1134894
RAIL	13	83	103	1029
CORRELATION	1173	597	4599	6949
SQUARE	112608	216
FOLD	1134	1021	1021	295578	295578	0	1136171
RAIL	13	84	103	1030
CORRELATION	1174	600	4599	6949
SQUARE	112704	216
FOLD	1135	1022	1022	295869	295869	0	1138425
RAIL	37	59	103	1031
CORRELATION	1175	600	4599	6949
SQUARE	112800	216
FOLD	1136	1023	1023	296157	296157	0	1141664
RAIL	37	60	103	1032
CORRELATION	1176	600	4599	6949
SQUARE	112896	216
FOLD	1137	1024	1024	296448	296448	0	1142509
RAIL	14	82	103	1033
CORRELATION	1177	600	4599	6949
SQUARE	112992	216
FOLD	1146	1025	1025	296736	296736	0	1149541
RAIL	16	81	107	1038
CORRELATION	1186	608	4599	6949
SQUARE	113856	216
FOLD	1147	1026	1026	297027	297027	0	1150634
RAIL	34	62	107	1039
CORRELATION	1187	610	4599	6949
SQUARE	113952	216
FOLD	1148	1027	1027	297315	297315	0	1151376
RAIL	34	63	107	1040
CORRELATION	1188	610	4599	6949
SQUARE	114048	216
FOLD	1149	1028	1028	297606	297606	0	1152119
RAIL	17	79	107	1041
CORRELATION	1189	610	4599	6949
SQUARE	114144	216
FOLD	1158	1029	1029	297894	297894	0	1161601
RAIL	19	78	111	1046
CORRELATION	1198	621	4599	6949
SQUARE	115008	216
FOLD	1159	1030	1030	298185	298185	0	1162412
RAIL	31	65	111	1047
CORRELATION	1199	621	4599	6949
SQUARE	115104	216
FOLD	1160	1031	1031	298473	298473	0	1163103
RAIL	31	66	111	1048
CORRELATION	1200	621	4599	6949
SQUARE	115200	216
FOLD	1161	1032	1032	298764	298764	0	1163789
RAIL	20	76	111	1049
CORRELATION	1201	621	4599	6949
SQUARE	115296	216
FOLD	1162	1033	1033	299052	299052	0	1164518
RAIL	20	77	111	1050
CORRELATION	1202	621	4599	6949
SQUARE	115392	216
FOLD	1163	1034	1034	299343	299343	0	1165152
RAIL	30	66	111	1051
CORRELATION	1203	621	4599	6949
SQUARE	115488	216
FOLD	1164	1035	1035	299631	299631	0	1165939
RAIL	30	67	111	1052
CORRELATION	1204	621	4599	6949
SQUARE	115584	216
FOLD	1165	1036	1036	299922	299922	0	1166618
RAIL	21	75	111	1053
CORRELATION	1205	621	4599	6949
SQUARE	115680	216
FOLD	1166	1037	1037	300210	300210	0	1167286
RAIL	21	76	111	1054
CORRELATION	1206	621	4599	6949
SQUARE	115776	216
FOLD	1167	1038	1038	300501	300501	0	1168377
RAIL	29	67	111	1055
CORRELATION	1207	623	4599	6949
SQUARE	115872	216
FOLD	1168	1039	1039	300789	300789	0	1169044
RAIL	29	68	111	1056
CORRELATION	1208	623	4599	6949
SQUARE	115968	216
FOLD	1169	1040	1040	301080	301080	0	1170540
RAIL	22	74	111	1057
CORRELATION	1209	626	4599	6949
SQUARE	116064	216
FOLD	1170	1041	1041	301368	301368	0	1171235
RAIL	22	75	111	1058
CORRELATION	1210	626	4599	6949
SQUARE	116160	216
FOLD	1171	1042	1042	301659	301659	0	1171922
RAIL	28	68	111	1059
CORRELATION	1211	626	4599	6949
SQUARE	116256	216
FOLD	1172	1043	1043	301947	301947	0	1172864
RAIL	28	69	111	1060
CORRELATION	1212	627	4599	6949
SQUARE	116352	216
FOLD	1173	1044	1044	302238	302238	0	1173984
RAIL	23	73	111	1061
CORRELATION	1213	629	4599	6949
SQUARE	116448	216
FOLD	1174	1045	1045	302526	302526	0	1174705
RAIL	23	74	111	1062
CORRELATION	1214	629	4599	6949
SQUARE	116544	216
FOLD	1175	1046	1046	302817	302817	0	1176580
RAIL	27	69	111	1063
CORRELATION	1215	631	4599	6949
SQUARE	116640	216
FOLD	1176	1047	1047	303105	303105	0	1179169
RAIL	27	70	111	1064
CORRELATION	1216	633	4599	6949
SQUARE	116736	216
FOLD	1177	1048	1048	303396	303396	0	1181126
RAIL	24	72	111	1065
CORRELATION	1217	633	4599	6949
SQUARE	116832	216
FOLD	1178	1049	1049	303684	303684	0	1181995
RAIL	24	73	111	1066
CORRELATION	1218	633	4599	6949
SQUARE	116928	216
FOLD	1179	1050	1050	303975	303975	0	1182847
RAIL	26	70	111	1067
CORRELATION	1219	634	4599	6949
SQUARE	117024	216
FOLD	1180	1051	1051	304263	304263	0	1183921
RAIL	26	71	111	1068
CORRELATION	1220	636	4599	6949
SQUARE	117120	216
FOLD	1181	1052	1052	304554	304554	0	1184608
RAIL	25	71	111	1069
CORRELATION	1221	636	4599	6949
SQUARE	117216	216
FOLD	1182	1053	1053	304842	304842	0	1185722
RAIL	25	72	111	1070
CORRELATION	1222	638	4599	6949
SQUARE	117312	216
FOLD	1183	1054	1054	305133	305133	0	1187388
RAIL	48	48	111	1071
CORRELATION	1225	640	4599	6949
SQUARE	117600	216
FOLD	1184	1055	1055	305421	305421	0	1189431
RAIL	48	49	111	1072
CORRELATION	1226	642	4599	6949
SQUARE	117696	216
FOLD	1185	1056	1056	305712	305712	0	1191143
RAIL	47	49	111	1073
CORRELATION	1229	642	4599	6949
SQUARE	117984	216
FOLD	1186	1057	1057	306000	306000	0	1192763
RAIL	47	50	111	1074
CORRELATION	1230	645	4599	6949
SQUARE	118080	216
FOLD	1187	1058	1058	306291	306291	0	1195506
RAIL	46	50	111	1075
CORRELATION	1233	649	4599	6949
SQUARE	118368	216
FOLD	1188	1059	1059	306579	306579	0	1196329
RAIL	46	51	111	1076
CORRELATION	1234	649	4599	6949
SQUARE	118464	216
FOLD	1189	1060	1060	306870	306870	0	1198698
RAIL	45	51	111	1077
CORRELATION	1237	653	4599	6949
SQUARE	118752	216
FOLD	1190	1061	1061	307158	307158	0	1199418
RAIL	45	52	111	1078
CORRELATION	1238	653	4599	6949
SQUARE	118848	216
FOLD	1191	1062	1062	307449	307449	0	1201543
RAIL	44	52	111	1079
CORRELATION	1241	657	4599	6949
SQUARE	119136	216
FOLD	1192	1063	1063	307737	307737	0	1202360
RAIL	44	53	111	1080
CORRELATION	1242	657	4599	6949
SQUARE	119232	216
FOLD	1193	1064	1064	308028	308028	0	1204366
RAIL	43	53	111	1081
CORRELATION	1245	659	4599	6949
SQUARE	119520	216
FOLD	1194	1065	1065	308316	308316	0	1206032
RAIL	43	54	111	1082
CORRELATION	1246	661	4599	6949
SQUARE	119616	216
FOLD	1195	1066	1066	308607	308607	0	1206712
RAIL	8	88	111	1083
CORRELATION	1247	661	4599	6949
SQUARE	119712	216
FOLD	1204	1067	1067	308895	308895	0	1216037
RAIL	10	87	115	1088
CORRELATION	1256	673	4599	6949
SQUARE	120576	216
FOLD	1205	1068	1068	309186	309186	0	1216712
RAIL	40	56	115	1089
CORRELATION	1257	673	4599	6949
SQUARE	120672	216
FOLD	1206	1069	1069	309474	309474	0	1217438
RAIL	40	57	115	1090
CORRELATION	1258	673	4599	6949
SQUARE	120768	216
FOLD	1207	1070	1070	309765	309765	0	1218360
RAIL	11	85	115	1091
CORRELATION	1259	673	4599	6949
SQUARE	120864	216
FOLD	1216	1071	1071	310053	310053	0	1227334
RAIL	13	84	119	1096
CORRELATION	1268	685	4599	6949
SQUARE	121728	216
FOLD	1217	1072	1072	310344	310344	0	1228513
RAIL	37	59	119	1097
CORRELATION	1269	687	4599	6949
SQUARE	121824	216
FOLD	1218	1073	1073	310632	310632	0	1229211
RAIL	37	60	119	1098
CORRELATION	1270	687	4599	6949
SQUARE	121920	216
FOLD	1219	1074	1074	310923	310923	0	1229930
RAIL	14	82	119	1099
CORRELATION	1271	687	4599	6949
SQUARE	122016	216
FOLD	1220	1075	1075	311211	311211	0	1230665
RAIL	14	83	119	1100
CORRELATION	1272	687	4599	6949
SQUARE	122112	216
FOLD	1221	1076	1076	311502	311502	0	1231353
RAIL	36	60	119	1101
CORRELATION	1273	687	4599	6949
SQUARE	122208	216
FOLD	1222	1077	1077	311790	311790	0	1232007
RAIL	36	61	119	1102
CORRELATION	1274	687	4599	6949
SQUARE	122304	216
FOLD	1223	1078	1078	312081	312081	0	1232730
RAIL	15	81	119	1103
CORRELATION	1275	687	4599	6949
SQUARE	122400	216
FOLD	1232	1079	1079	312369	312369	0	1242619
RAIL	17	80	123	1108
CORRELATION	1284	693	4599	6949
SQUARE	123264	216
FOLD	1233	1080	1080	312660	312660	0	1243408
RAIL	33	63	123	1109
CORRELATION	1285	693	4599	6949
SQUARE	123360	216
FOLD	1234	1081	1081	312948	312948	0	1244223
RAIL	33	64	123	1110
CORRELATION	1286	693	4599	6949
SQUARE	123456	216
FOLD	1235	1082	1082	313239	313239	0	1244970
RAIL	18	78	123	1111
CORRELATION	1287	693	4599	6949
SQUARE	123552	216
FOLD	1244	1083	1083	313527	313527	0	1251880
RAIL	20	77	127	1116
CORRELATION	1296	699	4599	6949
SQUARE	124416	216
FOLD	1245	1084	1084	313818	313818	0	1252971
RAIL	30	66	127	1117
CORRELATION	1297	701	4599	6949
SQUARE	124512	216
FOLD	1246	1085	1085	314106	314106	0	1254400
RAIL	30	67	127	1118
CORRELATION	1298	703	4599	6949
SQUARE	124608	216
FOLD	1247	1086	1086	314397	314397	0	1255349
RAIL	21	75	127	1119
CORRELATION	1299	705	4599	6949
SQUARE	124704	216
FOLD	1248	1087	1087	314685	314685	0	1256078
RAIL	21	76	127	1120
CORRELATION	1300	705	4599	6949
SQUARE	124800	216
FOLD	1249	1088	1088	314976	314976	0	1256931
RAIL	29	67	127	1121
CORRELATION	1301	705	4599	6949
SQUARE	124896	216
FOLD	1250	1089	1089	315264	315264	0	1259344
RAIL	29	68	127	1122
CORRELATION	1302	705	4599	6949
SQUARE	124992	216
FOLD	1251	1090	1090	315555	315555	0	1261078
RAIL	22	74	127	1123
CORRELATION	1303	707	4599	6949
SQUARE	125088	216
FOLD	1252	1091	1091	315843	315843	0	1264135
RAIL	22	75	127	1124
CORRELATION	1304	710	4599	6949
SQUARE	125184	216
FOLD	1253	1092	1092	316134	316134	0	1267004
RAIL	28	68	127	1125
CORRELATION	1305	711	4599	6949
SQUARE	125280	216
FOLD	1254	1093	1093	316422	316422	0	1268800
RAIL	28	69	127	1126
CORRELATION	1306	711	4599	6949
SQUARE	125376	216
FOLD	1255	1094	1094	316713	316713	0	1270110
RAIL	23	73	127	1127
CORRELATION	1307	713	4599	6949
SQUARE	125472	216
FOLD	1256	1095	1095	317001	317001	0	1271410
RAIL	23	74	127	1128
CORRELATION	1308	715	4599	6949
SQUARE	125568	216
FOLD	1257	1096	1096	317292	317292	0	1272098
RAIL	27	69	127	1129
CORRELATION	1309	715	4599	6949
SQUARE	125664	216
FOLD	1258	1097	1097	317580	317580	0	1272841
RAIL	27	70	127	1130
CORRELATION	1310	715	4599	6949
SQUARE	125760	216
FOLD	1259	1098	1098	317871	317871	0	1274182
RAIL	24	72	127	1131
CORRELATION	1311	716	4599	6949
SQUARE	125856	216
FOLD	1260	1099	1099	318159	318159	0	1275260
RAIL	24	73	127	1132
CORRELATION	1312	716	4599	6949
SQUARE	125952	216
FOLD	1261	1100	1100	318450	318450	0	1276381
RAIL	26	70	127	1133
CORRELATION	1313	719	4599	6949
SQUARE	126048	216
FOLD	1262	1101	1101	318738	318738	0	1277411
RAIL	26	71	127	1134
CORRELATION	1314	719	4599	6949
SQUARE	126144	216
FOLD	1263	1102	1102	319029	319029	0	1278671
RAIL	25	71	127	1135
CORRELATION	1315	721	4599	6949
SQUARE	126240	216
FOLD	1264	1103	1103	319317	319317	0	1279815
RAIL	25	72	127	1136
CORRELATION	1316	721	4599	6949
SQUARE	126336	216
FOLD	1265	1104	1104	319608	319608	0	1281731
RAIL	48	48	127	1137
CORRELATION	1319	724	4599	6949
SQUARE	126624	216
FOLD	1266	1105	1105	319896	319896	0	1282815
RAIL	48	49	127	1138
CORRELATION	1320	724	4599	6949
SQUARE	126720	216
FOLD	1267	1106	1106	320187	320187	0	1285376
RAIL	47	49	127	1139
CORRELATION	1323	729	4599	6949
SQUARE	127008	216
FOLD	1268	1107	1107	320475	320475	0	1286453
RAIL	47	50	127	1140
CORRELATION	1324	729	4599	6949
SQUARE	127104	216
FOLD	1269	1108	1108	320766	320766	0	1289410
RAIL	46	50	127	1141
CORRELATION	1327	734	4599	6949
SQUARE	127392	216
FOLD	1270	1109	1109	321054	321054	0	1290390
RAIL	46	51	127	1142
CORRELATION	1328	734	4599	6949
SQUARE	127488	216
FOLD	1271	1110	1110	321345	321345	0	1292643
RAIL	45	51	127	1143
CORRELATION	1331	737	4599	6949
SQUARE	127776	216
FOLD	1272	1111	1111	321633	321633	0	1294537
RAIL	45	52	127	1144
CORRELATION	1332	737	4599	6949
SQUARE	127872	216
FOLD	1273	1112	1112	321924	321924	0	1296701
RAIL	44	52	127	1145
CORRELATION	1335	740	4599	6949
SQUARE	128160	216
FOLD	1274	1113	1113	322212	322212	0	1298246
RAIL	44	53	127	1146
CORRELATION	1336	742	4599	6949
SQUARE	128256	216
FOLD	1275	1114	1114	322503	322503	0	1300708
RAIL	43	53	127	1147
CORRELATION	1339	746	4599	6949
SQUARE	128544	216
FOLD	1276	1115	1115	322791	322791	0	1302085
RAIL	43	54	127	1148
CORRELATION	1340	748	4599	6949
SQUARE	128640	216
FOLD	1277	1116	1116	323082	323082	0	1303854
RAIL	42	54	127	1149
CORRELATION	1343	748	4599	6949
SQUARE	128928	216
FOLD	1278	1117	1117	323370	323370	0	1304585
RAIL	42	55	127	1150
CORRELATION	1344	748	4599	6949
SQUARE	129024	216
FOLD	1279	1118	1118	323661	323661	0	1306446
RAIL	9	87	127	1151
CORRELATION	1345	750	4599	6949
SQUARE	129120	216
FOLD	1288	1119	1119	323949	323949	0	1315215
RAIL	11	86	131	1156
CORRELATION	1354	760	4599	6949
SQUARE	129984	216
FOLD	1289	1120	1120	324240	324240	0	1317867
RAIL	39	57	131	1157
CORRELATION	1355	762	4599	6949
SQUARE	130080	216
FOLD	1290	1121	1121	324528	324528	0	1321262
RAIL	39	58	131	1158
CORRELATION	1356	764	4599	6949
SQUARE	130176	216
FOLD	1291	1122	1122	324819	324819	0	1323488
RAIL	12	84	131	1159
CORRELATION	1357	764	4599	6949
SQUARE	130272	216
FOLD	1299	1122	1122	324819	324819	0	1336398
RAIL	14	82	135	1164
CORRELATION	1365	770	4599	6949
SQUARE	131072	216
FOLD	1300	1123	1123	325107	325107	0	1337013
RAIL	14	83	135	1164
CORRELATION	1366	772	4599	6949
SQUARE	131136	216
FOLD	1301	1124	1124	325398	325398	0	1337696
RAIL	36	60	135	1165
CORRELATION	1367	772	4599	6949
SQUARE	131232	216
FOLD	1302	1125	1125	325686	325686	0	1339817
RAIL	36	61	135	1166
CORRELATION	1368	772	4599	6949
SQUARE	131328	216
FOLD	1303	1126	1126	325977	325977	0	1340822
RAIL	15	81	135	1167
CORRELATION	1369	774	4599	6949
SQUARE	131424	216
FOLD	1304	1127	1127	326265	326265	0	1342060
RAIL	15	82	135	1168
CORRELATION	1370	776	4599	6949
SQUARE	131520	216
FOLD	1305	1128	1128	326556	326556	0	1342762
RAIL	35	61	135	1169
CORRELATION	1371	776	4599	6949
SQUARE	131616	216
FOLD	1306	1129	1129	326844	326844	0	1343891
RAIL	35	62	135	1170
CORRELATION	1372	778	4599	6949
SQUARE	131712	216
FOLD	1307	1130	1130	327135	327135	0	1345187
RAIL	16	80	135	1171
CORRELATION	1373	780	4599	6949
SQUARE	131808	216
FOLD	1316	1131	1131	327423	327423	0	1353444
RAIL	18	79	139	1176
CORRELATION	1382	788	4599	6949
SQUARE	132672	216
FOLD	1317	1132	1132	327714	327714	0	1354662
RAIL	32	64	139	1177
CORRELATION	1383	788	4599	6949
SQUARE	132768	216
FOLD	1318	1133	1133	328002	328002	0	1358116
RAIL	32	65	139	1178
CORRELATION	1384	790	4599	6949
SQUARE	132864	216
FOLD	1319	1134	1134	328293	328293	0	1362000
RAIL	19	77	139	1179
CORRELATION	1385	792	4599	6949
SQUARE	132960	216
FOLD	1328	1135	1135	328581	328581	0	1371200
RAIL	21	76	143	1184
CORRELATION	1394	800	4599	6949
SQUARE	133824	216
FOLD	1329	1136	1136	328872	328872	0	1372168
RAIL	29	67	143	1185
CORRELATION	1395	800	4599	6949
SQUARE	133920	216
FOLD	1330	1137	1137	329160	329160	0	1373787
RAIL	29	68	143	1186
CORRELATION	1396	803	4599	6949
SQUARE	134016	216
FOLD	1331	1138	1138	329451	329451	0	1374568
RAIL	22	74	143	1187
CORRELATION	1397	803	4599	6949
SQUARE	134112	216
FOLD	1332	1139	1139	329739	329739	0	1375331
RAIL	22	75	143	1188
CORRELATION	1398	803	4599	6949
SQUARE	134208	216
FOLD	1333	1140	1140	330030	330030	0	1376345
RAIL	28	68	143	1189
CORRELATION	1399	805	4599	6949
SQUARE	134304	216
FOLD	1334	1141	1141	330318	330318	0	1377315
RAIL	28	69	143	1190
CORRELATION	1400	807	4599	6949
SQUARE	134400	216
FOLD	1335	1142	1142	330609	330609	0	1378700
RAIL	23	73	143	1191
CORRELATION	1401	808	4599	6949
SQUARE	134496	216
FOLD	1336	1143	1143	330897	330897	0	1379662
RAIL	23	74	143	1192
CORRELATION	1402	810	4599	6949
SQUARE	134592	216
FOLD	1337	1144	1144	331188	331188	0	1380505
RAIL	27	69	143	1193
CORRELATION	1403	810	4599	6949
SQUARE	134688	216
FOLD	1338	1145	1145	331476	331476	0	1382332
RAIL	27	70	143	1194
CORRELATION	1404	810	4599	6949
SQUARE	134784	216
FOLD	1339	1146	1146	331767	331767	0	1384864
RAIL	24	72	143	1195
CORRELATION	1405	810	4599	6949
SQUARE	134880	216
FOLD	1340	1147	1147	332055	332055	0	1387023
RAIL	24	73	143	1196
CORRELATION	1406	812	4599	6949
SQUARE	134976	216
FOLD	1341	1148	1148	332346	332346	0	1389122
RAIL	26	70	143	1197
CORRELATION	1407	814	4599	6949
SQUARE	135072	216
FOLD	1342	1149	1149	332634	332634	0	1390604
RAIL	26	71	143	1198
CORRELATION	1408	814	4599	6949
SQUARE	135168	216
FOLD	1343	1150	1150	332925	332925	0	1392769
RAIL	25	71	143	1199
CORRELATION	1409	817	4599	6949
SQUARE	135264	216
FOLD	1344	1151	1151	333213	333213	0	1394004
RAIL	25	72	143	1200
CORRELATION	1410	817	4599	6949
SQUARE	135360	216
FOLD	1345	1152	1152	333504	333504	0	1395853
RAIL	48	48	143	1201
CORRELATION	1413	821	4599	6949
SQUARE	135648	216
FOLD	1346	1153	1153	333792	333792	0	1397299
RAIL	48	49	143	1202
CORRELATION	1414	821	4599	6949
SQUARE	135744	216
FOLD	1347	1154	1154	334083	334083	0	1399999
RAIL	47	49	143	1203
CORRELATION	1417	824	4599	6949
SQUARE	136032	216
FOLD	1348	1155	1155	334371	334371	0	1400771
RAIL	47	50	143	1204
CORRELATION	1418	824	4599	6949
SQUARE	136128	216
FOLD	1349	1156	1156	334662	334662	0	1402380
RAIL	46	50	143	1205
CORRELATION	1421	824	4599	6949
SQUARE	136416	216
FOLD	1350	1157	1157	334950	334950	0	1403352
RAIL	46	51	143	1206
CORRELATION	1422	824	4599	6949
SQUARE	136512	216
FOLD	1351	1158	1158	335241	335241	0	1404797
RAIL	45	51	143	1207
CORRELATION	1425	824	4599	6949
SQUARE	136800	216
FOLD	1352	1159	1159	335529	335529	0	1405770
RAIL	45	52	143	1208
CORRELATION	1426	824	4599	6949
SQUARE	136896	216
FOLD	1353	1160	1160	335820	335820	0	1407540
RAIL	44	52	143	1209
CORRELATION	1429	826	4599	6949
SQUARE	137184	216
FOLD	1354	1161	1161	336108	336108	0	1408347
RAIL	44	53	143	1210
CORRELATION	1430	826	4599	6949
SQUARE	137280	216
FOLD	1355	1162	1162	336399	336399	0	1409866
RAIL	43	53	143	1211
CORRELATION	1433	826	4599	6949
SQUARE	137568	216
FOLD	1356	1163	1163	336687	336687	0	1411201
RAIL	43	54	143	1212
CORRELATION	1434	827	4599	6949
SQUARE	137664	216
FOLD	1357	1164	1164	336978	336978	0	1413064
RAIL	42	54	143	1213
CORRELATION	1437	829	4599	6949
SQUARE	137952	216
FOLD	1358	1165	1165	337266	337266	0	1414237
RAIL	42	55	143	1214
CORRELATION	1438	829	4599	6949
SQUARE	138048	216
FOLD	1359	1166	1166	337557	337557	0	1415520
RAIL	9	87	143	1215
CORRELATION	1439	830	4599	6949
SQUARE	138144	216
FOLD	1360	1167	1167	337845	337845	0	1416594
RAIL	9	88	143	1216
CORRELATION	1440	832	4599	6949
SQUARE	138240	216
FOLD	1361	1168	1168	338136	338136	0	1417514
RAIL	41	55	143	1217
CORRELATION	1441	832	4599	6949
SQUARE	138336	216
FOLD	1362	1169	1169	338424	338424	0	1419009
RAIL	41	56	143	1218
CORRELATION	1442	834	4599	6949
SQUARE	138432	216
FOLD	1363	1170	1170	338715	338715	0	1420198
RAIL	10	86	143	1219
CORRELATION	1443	836	4599	6949
SQUARE	138528	216
FOLD	1372	1171	1171	339003	339003	0	1428430
RAIL	12	85	147	1224
CORRELATION	1452	844	4599	6949
SQUARE	139392	216
FOLD	1373	1172	1172	339294	339294	0	1429748
RAIL	38	58	147	1225
CORRELATION	1453	846	4599	6949
SQUARE	139488	216
FOLD	1374	1173	1173	339582	339582	0	1430591
RAIL	38	59	147	1226
CORRELATION	1454	846	4599	6949
SQUARE	139584	216
FOLD	1375	1174	1174	339873	339873	0	1431440
RAIL	13	83	147	1227
CORRELATION	1455	848	4599	6949
SQUARE	139680	216
FOLD	1384	1175	1175	340161	340161	0	1439974
RAIL	15	82	151	1232
CORRELATION	1464	856	4599	6949
SQUARE	140544	216
FOLD	1385	1176	1176	340452	340452	0	1441114
RAIL	35	61	151	1233
CORRELATION	1465	858	4599	6949
SQUARE	140640	216
FOLD	1386	1177	1177	340740	340740	0	1442015
RAIL	35	62	151	1234
CORRELATION	1466	858	4599	6949
SQUARE	140736	216
FOLD	1387	1178	1178	341031	341031	0	1443286
RAIL	16	80	151	1235
CORRELATION	1467	860	4599	6949
SQUARE	140832	216
FOLD	1388	1179	1179	341319	341319	0	1446678
RAIL	16	81	151	1236
CORRELATION	1468	862	4599	6949
SQUARE	140928	216
FOLD	1389	1180	1180	341610	341610	0	1448207
RAIL	34	62	151	1237
CORRELATION	1469	862	4599	6949
SQUARE	141024	216
FOLD	1390	1181	1181	341898	341898	0	1449004
RAIL	34	63	151	1238
CORRELATION	1470	862	4599	6949
SQUARE	141120	216
FOLD	1391	1182	1182	342189	342189	0	1450025
RAIL	17	79	151	1239
CORRELATION	1471	862	4599	6949
SQUARE	141216	216
FOLD	1400	1183	1183	342477	342477	0	1459745
RAIL	19	78	155	1244
CORRELATION	1480	872	4599	6949
SQUARE	142080	216
FOLD	1401	1184	1184	342768	342768	0	1461312
RAIL	31	65	155	1245
CORRELATION	1481	874	4599	6949
SQUARE	142176	216
FOLD	1402	1185	1185	343056	343056	0	1462278
RAIL	31	66	155	1246
CORRELATION	1482	874	4599	6949
SQUARE	142272	216
FOLD	1403	1186	1186	343347	343347	0	1463747
RAIL	20	76	155	1247
CORRELATION	1483	876	4599	6949
SQUARE	142368	216
FOLD	1412	1187	1187	343635	343635	0	1476882
RAIL	22	75	159	1252
CORRELATION	1492	884	4599	6949
SQUARE	143232	216
FOLD	1413	1188	1188	343926	343926	0	1478586
RAIL	28	68	159	1253
CORRELATION	1493	886	4599	6949
SQUARE	143328	216
FOLD	1414	1189	1189	344214	344214	0	1479616
RAIL	28	69	159	1254
CORRELATION	1494	888	4599	6949
SQUARE	143424	216
FOLD	1415	1190	1190	344505	344505	0	1480384
RAIL	23	73	159	1255
CORRELATION	1495	888	4599	6949
SQUARE	143520	216
FOLD	1416	1191	1191	344793	344793	0	1481548
RAIL	23	74	159	1256
CORRELATION	1496	891	4599	6949
SQUARE	143616	216
FOLD	1417	1192	1192	345084	345084	0	1482359
RAIL	27	69	159	1257
CORRELATION	1497	891	4599	6949
SQUARE	143712	216
FOLD	1418	1193	1193	345372	345372	0	1483070
RAIL	27	70	159	1258
CORRELATION	1498	891	4599	6949
SQUARE	143808	216
FOLD	1419	1194	1194	345663	345663	0	1483837
RAIL	24	72	159	1259
CORRELATION	1499	891	4599	6949
SQUARE	143904	216
FOLD	1420	1195	1195	345951	345951	0	1484560
RAIL	24	73	159	1260
CORRELATION	1500	891	4599	6949
SQUARE	144000	216
FOLD	1421	1196	1196	346242	346242	0	1485565
RAIL	26	70	159	1261
CORRELATION	1501	891	4599	6949
SQUARE	144096	216
FOLD	1422	1197	1197	346530	346530	0	1486891
RAIL	26	71	159	1262
CORRELATION	1502	893	4599	6949
SQUARE	144192	216
FOLD	1423	1198	1198	346821	346821	0	1488158
RAIL	25	71	159	1263
CORRELATION	1503	895	4599	6949
SQUARE	144288	216
FOLD	1424	1199	1199	347109	347109	0	1490333
RAIL	25	72	159	1264
CORRELATION	1504	895	4599	6949
SQUARE	144384	216
FOLD	1425	1200	1200	347400	347400	0	1496027
RAIL	48	48	159	1265
CORRELATION	1507	899	4599	6949
SQUARE	144672	216
FOLD	1426	1201	1201	347688	347688	0	1497973
RAIL	48	49	159	1266
CORRELATION	1508	899	4599	6949
SQUARE	144768	216
FOLD	1427	1202	1202	347979	347979	0	1503827
RAIL	47	49	159	1267
CORRELATION	1511	904	4599	6949
SQUARE	145056	216
FOLD	1428	1203	1203	348267	348267	0	1506674
RAIL	47	50	159	1268
CORRELATION	1512	906	4599	6949
SQUARE	145152	216
FOLD	1429	1204	1204	348558	348558	0	1511844
RAIL	46	50	159	1269
CORRELATION	1515	908	4599	6949
SQUARE	145440	216
FOLD	1430	1205	1205	348846	348846	0	1514427
RAIL	46	51	159	1270
CORRELATION	1516	909	4599	6949
SQUARE	145536	216
FOLD	1431	1206	1206	349137	349137	0	1519855
RAIL	45	51	159	1271
CORRELATION	1519	913	4599	6949
SQUARE	145824	216
FOLD	1432	1207	1207	349425	349425	0	1523629
RAIL	45	52	159	1272
CORRELATION	1520	915	4599	6949
SQUARE	145920	216
FOLD	1433	1208	1208	349716	349716	0	1525809
RAIL	44	52	159	1273
CORRELATION	1523	915	4599	6949
SQUARE	146208	216
FOLD	1434	1209	1209	350004	350004	0	1526910
RAIL	44	53	159	1274
CORRELATION	1524	915	4599	6949
SQUARE	146304	216
FOLD	1435	1210	1210	350295	350295	0	1530753
RAIL	43	53	159	1275
CORRELATION	1527	921	4599	6949
SQUARE	146592	216
FOLD	1436	1211	1211	350583	350583	0	1531736
RAIL	43	54	159	1276
CORRELATION	1528	921	4599	6949
SQUARE	146688	216
FOLD	1437	1212	1212	350874	350874	0	1535017
RAIL	42	54	159	1277
CORRELATION	1531	925	4599	6949
SQUARE	146976	216
FOLD	1438	1213	1213	351162	351162	0	1535958
RAIL	42	55	159	1278
CORRELATION	1532	925	4599	6949
SQUARE	147072	216
FOLD	1439	1214	1214	351453	351453	0	1537386
RAIL	9	87	159	1279
CORRELATION	1533	927	4599	6949
SQUARE	147168	216
FOLD	1440	1215	1215	351741	351741	0	1538747
RAIL	9	88	159	1280
CORRELATION	1534	929	4599	6949
SQUARE	147264	216
FOLD	1441	1216	1216	352032	352032	0	1539510
RAIL	41	55	159	1281
CORRELATION	1535	929	4599	6949
SQUARE	147360	216
FOLD	1442	1217	1217	352320	352320	0	1540256
RAIL	41	56	159	1282
CORRELATION	1536	929	4599	6949
SQUARE	147456	216
FOLD	1443	1218	1218	352611	352611	0	1541162
RAIL	10	86	159	1283
CORRELATION	1537	929	4599	6949
SQUARE	147552	216
FOLD	1444	1219	1219	352899	352899	0	1542388
RAIL	10	87	159	1284
CORRELATION	1538	931	4599	6949
SQUARE	147648	216
FOLD	1445	1220	1220	353190	353190	0	1543403
RAIL	40	56	159	1285
CORRELATION	1539	933	4599	6949
SQUARE	147744	216
FOLD	1446	1221	1221	353478	353478	0	1544231
RAIL	40	57	159	1286
CORRELATION	1540	933	4599	6949
SQUARE	147840	216
FOLD	1447	1222	1222	353769	353769	0	1545418
RAIL	11	85	159	1287
CORRELATION	1541	935	4599	6949
SQUARE	147936	216
FOLD	1456	1223	1223	354057	354057	0	1553018
RAIL	13	84	163	1292
CORRELATION	1550	943	4599	6949
SQUARE	148800	216
FOLD	1457	1224	1224	354348	354348	0	1553901
RAIL	37	59	163	1293
CORRELATION	1551	943	4599	6949
SQUARE	148896	216
FOLD	1458	1225	1225	354636	354636	0	1554621
RAIL	37	60	163	1294
CORRELATION	1552	943	4599	6949
SQUARE	148992	216
FOLD	1459	1226	1226	354927	354927	0	1555574
RAIL	14	82	163	1295
CORRELATION	1553	943	4599	6949
SQUARE	149088	216
FOLD	1468	1227	1227	355215	355215	0	1564248
RAIL	16	81	167	1300
CORRELATION	1562	955	4599	6949
SQUARE	149952	218
FOLD	1469	1228	1228	355506	355506	0	1565029
RAIL	34	62	167	1301
CORRELATION	1563	955	4599	6949
SQUARE	150048	218
FOLD	1470	1229	1229	355794	355794	0	1566196
RAIL	34	63	167	1302
CORRELATION	1564	957	4599	6949
SQUARE	150144	218
FOLD	1471	1230	1230	356085	356085	0	1567467
RAIL	17	79	167	1303
CORRELATION	1565	959	4599	6949
SQUARE	150240	218
FOLD	1472	1231	1231	356373	356373	0	1568139
RAIL	17	80	167	1304
CORRELATION	1566	959	4599	6949
SQUARE	150336	218
FOLD	1473	1232	1232	356664	356664	0	1568822
RAIL	33	63	167	1305
CORRELATION	1567	959	4599	6949
SQUARE	150432	218
FOLD	1474	1233	1233	356952	356952	0	1570680
RAIL	33	64	167	1306
CORRELATION	1568	959	4599	6949
SQUARE	150528	218
FOLD	1475	1234	1234	357243	357243	0	1571939
RAIL	18	78	167	1307
CORRELATION	1569	961	4599	6949
SQUARE	150624	218
FOLD	1484	1235	1235	357531	357531	0	1579443
RAIL	20	77	171	1312
CORRELATION	1578	973	4599	6949
SQUARE	151488	218
FOLD	1485	1236	1236	357822	357822	0	1580168
RAIL	30	66	171	1313
CORRELATION	1579	973	4599	6949
SQUARE	151584	218
FOLD	1486	1237	1237	358110	358110	0	1580976
RAIL	30	67	171	1314
CORRELATION	1580	973	4599	6949
SQUARE	151680	218
FOLD	1487	1238	1238	358401	358401	0	1581736
RAIL	21	75	171	1315
CORRELATION	1581	973	4599	6949
SQUARE	151776	218
FOLD	1496	1239	1239	358689	358689	0	1594014
RAIL	23	74	175	1320
CORRELATION	1590	984	4599	6949
SQUARE	152640	218
FOLD	1497	1240	1240	358980	358980	0	1596899
RAIL	27	69	175	1321
CORRELATION	1591	984	4599	6949
SQUARE	152736	218
FOLD	1498	1241	1241	359268	359268	0	1599210
RAIL	27	70	175	1322
CORRELATION	1592	987	4599	6949
SQUARE	152832	218
FOLD	1499	1242	1242	359559	359559	0	1601263
RAIL	24	72	175	1323
CORRELATION	1593	987	4599	6949
SQUARE	152928	218
FOLD	1500	1243	1243	359847	359847	0	1602357
RAIL	24	73	175	1324
CORRELATION	1594	987	4599	6949
SQUARE	153024	218
FOLD	1501	1244	1244	360138	360138	0	1603780
RAIL	26	70	175	1325
CORRELATION	1595	989	4599	6949
SQUARE	153120	218
FOLD	1502	1245	1245	360426	360426	0	1604695
RAIL	26	71	175	1326
CORRELATION	1596	991	4599	6949
SQUARE	153216	218
FOLD	1503	1246	1246	360717	360717	0	1605482
RAIL	25	71	175	1327
CORRELATION	1597	991	4599	6949
SQUARE	153312	218
FOLD	1504	1247	1247	361005	361005	0	1606506
RAIL	25	72	175	1328
CORRELATION	1598	992	4599	6949
SQUARE	153408	218
FOLD	1505	1248	1248	361296	361296	0	1609659
RAIL	48	48	175	1329
CORRELATION	1601	996	4599	6949
SQUARE	153696	218
FOLD	1506	1249	1249	361584	361584	0	1610551
RAIL	48	49	175	1330
CORRELATION	1602	996	4599	6949
SQUARE	153792	218
FOLD	1507	1250	1250	361875	361875	0	1612573
RAIL	47	49	175	1331
CORRELATION	1605	996	4599	6949
SQUARE	154080	218
FOLD	1508	1251	1251	362163	362163	0	1614263
RAIL	47	50	175	1332
CORRELATION	1606	998	4599	6949
SQUARE	154176	218
FOLD	1509	1252	1252	362454	362454	0	1617424
RAIL	46	50	175	1333
CORRELATION	1609	1003	4599	6949
SQUARE	154464	218
FOLD	1510	1253	1253	362742	362742	0	1618258
RAIL	46	51	175	1334
CORRELATION	1610	1003	4599	6949
SQUARE	154560	218
FOLD	1511	1254	1254	363033	363033	0	1622167
RAIL	45	51	175	1335
CORRELATION	1613	1006	4599	6949
SQUARE	154848	218
FOLD	1512	1255	1255	363321	363321	0	1623629
RAIL	45	52	175	1336
CORRELATION	1614	1008	4599	6949
SQUARE	154944	218
FOLD	1513	1256	1256	363612	363612	0	1625364
RAIL	44	52	175	1337
CORRELATION	1617	1010	4599	6949
SQUARE	155232	218
FOLD	1514	1257	1257	363900	363900	0	1626805
RAIL	44	53	175	1338
CORRELATION	1618	1012	4599	6949
SQUARE	155328	218
FOLD	1515	1258	1258	364191	364191	0	1628551
RAIL	43	53	175	1339
CORRELATION	1621	1015	4599	6949
SQUARE	155616	218
FOLD	1516	1259	1259	364479	364479	0	1629732
RAIL	43	54	175	1340
CORRELATION	1622	1017	4599	6949
SQUARE	155712	218
FOLD	1517	1260	1260	364770	364770	0	1631701
RAIL	42	54	175	1341
CORRELATION	1625	1020	4599	6949
SQUARE	156000	218
FOLD	1518	1261	1261	365058	365058	0	1632687
RAIL	42	55	175	1342
CORRELATION	1626	1020	4599	6949
SQUARE	156096	218
FOLD	1519	1262	1262	365349	365349	0	1633477
RAIL	9	87	175	1343
CORRELATION	1627	1020	4599	6949
SQUARE	156192	218
FOLD	1520	1263	1263	365637	365637	0	1634297
RAIL	9	88	175	1344
CORRELATION	1628	1020	4599	6949
SQUARE	156288	218
FOLD	1521	1264	1264	365928	365928	0	1635512
RAIL	41	55	175	1345
CORRELATION	1629	1022	4599	6949
SQUARE	156384	218
FOLD	1522	1265	1265	366216	366216	0	1636765
RAIL	41	56	175	1346
CORRELATION	1630	1024	4599	6949
SQUARE	156480	218
FOLD	1523	1266	1266	366507	366507	0	1637952
RAIL	10	86	175	1347
CORRELATION	1631	1025	4599	6949
SQUARE	156576	218
FOLD	1524	1267	1267	366795	366795	0	1639808
RAIL	10	87	175	1348
CORRELATION	1632	1027	4599	6949
SQUARE	156672	218
FOLD	1525	1268	1268	367086	367086	0	1640534
RAIL	40	56	175	1349
CORRELATION	1633	1027	4599	6949
SQUARE	156768	218
FOLD	1526	1269	1269	367374	367374	0	1641350
RAIL	40	57	175	1350
CORRELATION	1634	1027	4599	6949
SQUARE	156864	218
FOLD	1527	1270	1270	367665	367665	0	1642599
RAIL	11	85	175	1351
CORRELATION	1635	1029	4599	6949
SQUARE	156960	218
FOLD	1528	1271	1271	367953	367953	0	1643763
RAIL	11	86	175	1352
CORRELATION	1636	1031	4599	6949
SQUARE	157056	218
FOLD	1529	1272	1272	368244	368244	0	1644485
RAIL	39	57	175	1353
CORRELATION	1637	1031	4599	6949
SQUARE	157152	218
FOLD	1530	1273	1273	368532	368532	0	1645661
RAIL	39	58	175	1354
CORRELATION	1638	1033	4599	6949
SQUARE	157248	218
FOLD	1531	1274	1274	368823	368823	0	1646987
RAIL	12	84	175	1355
CORRELATION	1639	1035	4599	6949
SQUARE	157344	218
FOLD	1540	1275	1275	369111	369111	0	1653661
RAIL	14	83	179	1360
CORRELATION	1648	1043	4599	6949
SQUARE	158208	218
FOLD	1541	1276	1276	369402	369402	0	1655023
RAIL	36	60	179	1361
CORRELATION	1649	1046	4599	6949
SQUARE	158304	218
FOLD	1542	1277	1277	369690	369690	0	1657115
RAIL	36	61	179	1362
CORRELATION	1650	1046	4599	6949
SQUARE	158400	218
FOLD	1543	1278	1278	369981	369981	0	1657831
RAIL	15	81	179	1363
CORRELATION	1651	1046	4599	6949
SQUARE	158496	218
FOLD	1552	1279	1279	370269	370269	0	1663524
RAIL	17	80	183	1368
CORRELATION	1660	1046	4599	6949
SQUARE	159360	218
FOLD	1553	1280	1280	370560	370560	0	1664255
RAIL	33	63	183	1369
CORRELATION	1661	1046	4599	6949
SQUARE	159456	218
FOLD	1554	1281	1281	370848	370848	0	1664931
RAIL	33	64	183	1370
CORRELATION	1662	1046	4599	6949
SQUARE	159552	218
FOLD	1555	1282	1282	371139	371139	0	1665623
RAIL	18	78	183	1371
CORRELATION	1663	1046	4599	6949
SQUARE	159648	218
FOLD	1556	1283	1283	371427	371427	0	1666485
RAIL	18	79	183	1372
CORRELATION	1664	1046	4599	6949
SQUARE	159744	218
FOLD	1557	1284	1284	371718	371718	0	1667705
RAIL	32	64	183	1373
CORRELATION	1665	1048	4599	6949
SQUARE	159840	218
FOLD	1558	1285	1285	372006	372006	0	1668770
RAIL	32	65	183	1374
CORRELATION	1666	1050	4599	6949
SQUARE	159936	218
FOLD	1559	1286	1286	372297	372297	0	1670201
RAIL	19	77	183	1375
CORRELATION	1667	1053	4599	6949
SQUARE	160032	218
FOLD	1568	1287	1287	372585	372585	0	1681857
RAIL	21	76	187	1380
CORRELATION	1676	1065	4599	6949
SQUARE	160896	218
FOLD	1569	1288	1288	372876	372876	0	1682697
RAIL	29	67	187	1381
CORRELATION	1677	1065	4599	6949
SQUARE	160992	218
FOLD	1570	1289	1289	373164	373164	0	1683607
RAIL	29	68	187	1382
CORRELATION	1678	1067	4599	6949
SQUARE	161088	218
FOLD	1571	1290	1290	373455	373455	0	1684374
RAIL	22	74	187	1383
CORRELATION	1679	1067	4599	6949
SQUARE	161184	218
FOLD	1580	1291	1291	373743	373743	0	1694091
RAIL	24	73	191	1388
CORRELATION	1688	1075	4599	6949
SQUARE	162048	218
FOLD	1581	1292	1292	374034	374034	0	1696243
RAIL	26	70	191	1389
CORRELATION	1689	1077	4599	6949
SQUARE	162144	218
FOLD	1582	1293	1293	374322	374322	0	1698069
RAIL	26	71	191	1390
CORRELATION	1690	1077	4599	6949
SQUARE	162240	218
FOLD	1583	1294	1294	374613	374613	0	1699056
RAIL	25	71	191	1391
CORRELATION	1691	1077	4599	6949
SQUARE	162336	218
FOLD	1584	1295	1295	374901	374901	0	1700011
RAIL	25	72	191	1392
CORRELATION	1692	1077	4599	6949
SQUARE	162432	218
FOLD	1585	1296	1296	375192	375192	0	1703089
RAIL	48	48	191	1393
CORRELATION	1695	1082	4599	6949
SQUARE	162720	218
FOLD	1586	1297	1297	375480	375480	0	1704315
RAIL	48	49	191	1394
CORRELATION	1696	1084	4599	6949
SQUARE	162816	218
FOLD	1587	1298	1298	375771	375771	0	1706133
RAIL	47	49	191	1395
CORRELATION	1699	1086	4599	6949
SQUARE	163104	218
FOLD	1588	1299	1299	376059	376059	0	1707175
RAIL	47	50	191	1396
CORRELATION	1700	1086	4599	6949
SQUARE	163200	218
FOLD	1589	1300	1300	376350	376350	0	1710384
RAIL	46	50	191	1397
CORRELATION	1703	1090	4599	6949
SQUARE	163488	218
FOLD	1590	1301	1301	376638	376638	0	1711312
RAIL	46	51	191	1398
CORRELATION	1704	1090	4599	6949
SQUARE	163584	218
FOLD	1591	1302	1302	376929	376929	0	1713149
RAIL	45	51	191	1399
CORRELATION	1707	1093	4599	6949
SQUARE	163872	218
FOLD	1592	1303	1303	377217	377217	0	1714366
RAIL	45	52	191	1400
CORRELATION	1708	1093	4599	6949
SQUARE	163968	218
FOLD	1593	1304	1304	377508	377508	0	1717347
RAIL	44	52	191	1401
CORRELATION	1711	1097	4599	6949
SQUARE	164256	218
FOLD	1594	1305	1305	377796	377796	0	1718298
RAIL	44	53	191	1402
CORRELATION	1712	1097	4599	6949
SQUARE	164352	218
FOLD	1595	1306	1306	378087	378087	0	1720490
RAIL	43	53	191	1403
CORRELATION	1715	1101	4599	6949
SQUARE	164640	218
FOLD	1596	1307	1307	378375	378375	0	1722069
RAIL	43	54	191	1404
CORRELATION	1716	1103	4599	6949
SQUARE	164736	218
FOLD	1597	1308	1308	378666	378666	0	1724008
RAIL	42	54	191	1405
CORRELATION	1719	1106	4599	6949
SQUARE	165024	218
FOLD	1598	1309	1309	378954	378954	0	1725691
RAIL	42	55	191	1406
CORRELATION	1720	1106	4599	6949
SQUARE	165120	218
FOLD	1599	1310	1310	379245	379245	0	1726548
RAIL	9	87	191	1407
CORRELATION	1721	1106	4599	6949
SQUARE	165216	218
FOLD	1604	1311	1311	379533	379533	0	1729440
RAIL	10	87	193	1410
CORRELATION	1726	1106	4599	6949
SQUARE	165696	218
FOLD	1605	1312	1312	379824	379824	0	1730340
RAIL	40	56	193	1411
CORRELATION	1727	1108	4599	6949
SQUARE	165792	218
FOLD	1606	1313	1313	380112	380112	0	1731039
RAIL	40	57	193	1412
CORRELATION	1728	1108	4599	6949
SQUARE	165888	218
FOLD	1607	1314	1314	380403	380403	0	1731754
RAIL	11	85	193	1413
CORRELATION	1729	1108	4599	6949
SQUARE	165984	218
FOLD	1608	1315	1315	380691	380691	0	1732361
RAIL	11	86	193	1414
CORRELATION	1730	1108	4599	6949
SQUARE	166080	218
FOLD	1609	1316	1316	380982	380982	0	1732990
RAIL	39	57	193	1415
CORRELATION	1731	1108	4599	6949
SQUARE	166176	218
FOLD	1610	1317	1317	381270	381270	0	1734124
RAIL	39	58	193	1416
CORRELATION	1732	1108	4599	6949
SQUARE	166272	218
FOLD	1611	1318	1318	381561	381561	0	1735570
RAIL	12	84	193	1417
CORRELATION	1733	1110	4599	6949
SQUARE	166368	218
FOLD	1612	1319	1319	381849	381849	0	1736686
RAIL	12	85	193	1418
CORRELATION	1734	1113	4599	6949
SQUARE	166464	218
FOLD	1613	1320	1320	382140	382140	0	1737281
RAIL	38	58	193	1419
CORRELATION	1735	1113	4599	6949
SQUARE	166560	218
FOLD	1614	1321	1321	382428	382428	0	1738371
RAIL	38	59	193	1420
CORRELATION	1736	1113	4599	6949
SQUARE	166656	218
FOLD	1615	1322	1322	382719	382719	0	1739868
RAIL	13	83	193	1421
CORRELATION	1737	1115	4599	6949
SQUARE	166752	218
FOLD	1624	1323	1323	383007	383007	0	1746762
RAIL	15	82	197	1426
CORRELATION	1746	1126	4599	6949
SQUARE	167616	218
FOLD	1625	1324	1324	383298	383298	0	1747519
RAIL	35	61	197	1427
CORRELATION	1747	1126	4599	6949
SQUARE	167712	218
FOLD	1626	1325	1325	383586	383586	0	1748311
RAIL	35	62	197	1428
CORRELATION	1748	1126	4599	6949
SQUARE	167808	218
FOLD	1627	1326	1326	383877	383877	0	1749194
RAIL	16	80	197	1429
CORRELATION	1749	1127	4599	6949
SQUARE	167904	218
FOLD	1636	1327	1327	384165	384165	0	1761011
RAIL	18	79	201	1434
CORRELATION	1758	1138	4599	6949
SQUARE	168768	218
FOLD	1637	1328	1328	384456	384456	0	1762119
RAIL	32	64	201	1435
CORRELATION	1759	1140	4599	6949
SQUARE	168864	218
FOLD	1638	1329	1329	384744	384744	0	1762807
RAIL	32	65	201	1436
CORRELATION	1760	1140	4599	6949
SQUARE	168960	218
FOLD	1639	1330	1330	385035	385035	0	1763594
RAIL	19	77	201	1437
CORRELATION	1761	1140	4599	6949
SQUARE	169056	218
FOLD	1640	1331	1331	385323	385323	0	1764318
RAIL	19	78	201	1438
CORRELATION	1762	1140	4599	6949
SQUARE	169152	218
FOLD	1641	1332	1332	385614	385614	0	1765038
RAIL	31	65	201	1439
CORRELATION	1763	1140	4599	6949
SQUARE	169248	218
FOLD	1642	1333	1333	385902	385902	0	1765874
RAIL	31	66	201	1440
CORRELATION	1764	1140	4599	6949
SQUARE	169344	218
FOLD	1643	1334	1334	386193	386193	0	1766623
RAIL	20	76	201	1441
CORRELATION	1765	1140	4599	6949
SQUARE	169440	218
FOLD	1652	1335	1335	386481	386481	0	1776697
RAIL	22	75	205	1446
CORRELATION	1774	1149	4599	6949
SQUARE	170304	218
FOLD	1653	1336	1336	386772	386772	0	1777897
RAIL	28	68	205	1447
CORRELATION	1775	1149	4599	6949
SQUARE	170400	218
FOLD	1654	1337	1337	387060	387060	0	1779231
RAIL	28	69	205	1448
CORRELATION	1776	1151	4599	6949
SQUARE	170496	218
FOLD	1655	1338	1338	387351	387351	0	1780376
RAIL	23	73	205	1449
CORRELATION	1777	1153	4599	6949
SQUARE	170592	218
FOLD	1664	1339	1339	387639	387639	0	1788883
RAIL	25	72	209	1454
CORRELATION	1786	1163	4599	6949
SQUARE	171456	218
FOLD	1665	1340	1340	387930	387930	0	1792746
RAIL	48	48	209	1455
CORRELATION	1789	1167	4599	6949
SQUARE	171744	218
FOLD	1666	1341	1341	388218	388218	0	1794029
RAIL	48	49	209	1456
CORRELATION	1790	1167	4599	6949
SQUARE	171840	218
FOLD	1667	1342	1342	388509	388509	0	1797519
RAIL	47	49	209	1457
CORRELATION	1793	1170	4599	6949
SQUARE	172128	218
FOLD	1668	1343	1343	388797	388797	0	1798939
RAIL	47	50	209	1458
CORRELATION	1794	1170	4599	6949
SQUARE	172224	218
FOLD	1669	1344	1344	389088	389088	0	1802756
RAIL	46	50	209	1459
CORRELATION	1797	1173	4599	6949
SQUARE	172512	218
FOLD	1670	1345	1345	389376	389376	0	1805226
RAIL	46	51	209	1460
CORRELATION	1798	1175	4599	6949
SQUARE	172608	218
FOLD	1671	1346	1346	389667	389667	0	1809292
RAIL	45	51	209	1461
CORRELATION	1801	1180	4599	6949
SQUARE	172896	218
FOLD	1672	1347	1347	389955	389955	0	1810711
RAIL	45	52	209	1462
CORRELATION	1802	1180	4599	6949
SQUARE	172992	218
FOLD	1673	1348	1348	390246	390246	0	1813943
RAIL	44	52	209	1463
CORRELATION	1805	1182	4599	6949
SQUARE	173280	218
FOLD	1674	1349	1349	390534	390534	0	1816948
RAIL	44	53	209	1464
CORRELATION	1806	1184	4599	6949
SQUARE	173376	218
FOLD	1675	1350	1350	390825	390825	0	1819205
RAIL	43	53	209	1465
CORRELATION	1809	1188	4599	6949
SQUARE	173664	218
FOLD	1676	1351	1351	391113	391113	0	1819935
RAIL	43	54	209	1466
CORRELATION	1810	1188	4599	6949
SQUARE	173760	218
FOLD	1677	1352	1352	391404	391404	0	1822838
RAIL	42	54	209	1467
CORRELATION	1813	1192	4599	6949
SQUARE	174048	218
FOLD	1678	1353	1353	391692	391692	0	1823613
RAIL	42	55	209	1468
CORRELATION	1814	1192	4599	6949
SQUARE	174144	218
FOLD	1679	1354	1354	391983	391983	0	1825040
RAIL	9	87	209	1469
CORRELATION	1815	1195	4599	6949
SQUARE	174240	218
FOLD	1688	1355	1355	392271	392271	0	1831642
RAIL	11	86	213	1474
CORRELATION	1824	1199	4599	6949
SQUARE	175104	218
FOLD	1689	1356	1356	392562	392562	0	1832556
RAIL	39	57	213	1475
CORRELATION	1825	1199	4599	6949
SQUARE	175200	218
FOLD	1690	1357	1357	392850	392850	0	1833640
RAIL	39	58	213	1476
CORRELATION	1826	1201	4599	6949
SQUARE	175296	218
FOLD	1691	1358	1358	393141	393141	0	1834978
RAIL	12	84	213	1477
CORRELATION	1827	1204	4599	6949
SQUARE	175392	218
FOLD	1692	1359	1359	393429	393429	0	1835708
RAIL	12	85	213	1478
CORRELATION	1828	1204	4599	6949
SQUARE	175488	218
FOLD	1693	1360	1360	393720	393720	0	1836502
RAIL	38	58	213	1479
CORRELATION	1829	1204	4599	6949
SQUARE	175584	218
FOLD	1694	1361	1361	394008	394008	0	1837725
RAIL	38	59	213	1480
CORRELATION	1830	1206	4599	6949
SQUARE	175680	218
FOLD	1695	1362	1362	394299	394299	0	1839036
RAIL	13	83	213	1481
CORRELATION	1831	1209	4599	6949
SQUARE	175776	218
FOLD	1696	1363	1363	394587	394587	0	1839870
RAIL	13	84	213	1482
CORRELATION	1832	1209	4599	6949
SQUARE	175872	218
FOLD	1697	1364	1364	394878	394878	0	1840597
RAIL	37	59	213	1483
CORRELATION	1833	1209	4599	6949
SQUARE	175968	218
FOLD	1698	1365	1365	395166	395166	0	1841341
RAIL	37	60	213	1484
CORRELATION	1834	1209	4599	6949
SQUARE	176064	218
FOLD	1699	1366	1366	395457	395457	0	1842378
RAIL	14	82	213	1485
CORRELATION	1835	1209	4599	6949
SQUARE	176160	218
FOLD	1708	1367	1367	395745	395745	0	1853010
RAIL	16	81	217	1490
CORRELATION	1844	1222	4599	6949
SQUARE	177024	218
FOLD	1709	1368	1368	396036	396036	0	1854228
RAIL	34	62	217	1491
CORRELATION	1845	1224	4599	6949
SQUARE	177120	218
FOLD	1710	1369	1369	396324	396324	0	1854963
RAIL	34	63	217	1492
CORRELATION	1846	1224	4599	6949
SQUARE	177216	218
FOLD	1711	1370	1370	396615	396615	0	1855734
RAIL	17	79	217	1493
CORRELATION	1847	1224	4599	6949
SQUARE	177312	218
FOLD	1720	1371	1371	396903	396903	0	1863374
RAIL	19	78	221	1498
CORRELATION	1856	1232	4599	6949
SQUARE	178176	218
FOLD	1721	1372	1372	397194	397194	0	1864585
RAIL	31	65	221	1499
CORRELATION	1857	1234	4599	6949
SQUARE	178272	218
FOLD	1722	1373	1373	397482	397482	0	1866847
RAIL	31	66	221	1500
CORRELATION	1858	1236	4599	6949
SQUARE	178368	218
FOLD	1723	1374	1374	397773	397773	0	1868406
RAIL	20	76	221	1501
CORRELATION	1859	1236	4599	6949
SQUARE	178464	218
FOLD	1724	1375	1375	398061	398061	0	1869695
RAIL	20	77	221	1502
CORRELATION	1860	1238	4599	6949
SQUARE	178560	218
FOLD	1725	1376	1376	398352	398352	0	1870794
RAIL	30	66	221	1503
CORRELATION	1861	1240	4599	6949
SQUARE	178656	218
FOLD	1726	1377	1377	398640	398640	0	1871667
RAIL	30	67	221	1504
CORRELATION	1862	1240	4599	6949
SQUARE	178752	218
FOLD	1727	1378	1378	398931	398931	0	1872469
RAIL	21	75	221	1505
CORRELATION	1863	1240	4599	6949
SQUARE	178848	218
FOLD	1736	1379	1379	399219	399219	0	1881602
RAIL	23	74	225	1510
CORRELATION	1872	1252	4599	6949
SQUARE	179712	218
FOLD	1737	1380	1380	399510	399510	0	1884198
RAIL	27	69	225	1511
CORRELATION	1873	1252	4599	6949
SQUARE	179808	218
FOLD	1738	1381	1381	399798	399798	0	1886537
RAIL	27	70	225	1512
CORRELATION	1874	1252	4599	6949
SQUARE	179904	218
FOLD	1739	1382	1382	400089	400089	0	1887379
RAIL	24	72	225	1513
CORRELATION	1875	1252	4599	6949
SQUARE	180000	218
FOLD	1748	1383	1383	400377	400377	0	1898300
RAIL	47	50	229	1518
CORRELATION	1888	1266	4599	6949
SQUARE	181248	218
FOLD	1749	1384	1384	400668	400668	0	1900486
RAIL	46	50	229	1519
CORRELATION	1891	1268	4599	6949
SQUARE	181536	218
FOLD	1750	1385	1385	400956	400956	0	1901496
RAIL	46	51	229	1520
CORRELATION	1892	1269	4599	6949
SQUARE	181632	218
FOLD	1751	1386	1386	401247	401247	0	1903869
RAIL	45	51	229	1521
CORRELATION	1895	1273	4599	6949
SQUARE	181920	218
FOLD	1752	1387	1387	401535	401535	0	1905028
RAIL	45	52	229	1522
CORRELATION	1896	1275	4599	6949
SQUARE	182016	218
FOLD	1753	1388	1388	401826	401826	0	1907261
RAIL	44	52	229	1523
CORRELATION	1899	1277	4599	6949
SQUARE	182304	218
FOLD	1754	1389	1389	402114	402114	0	1908388
RAIL	44	53	229	1524
CORRELATION	1900	1279	4599	6949
SQUARE	182400	218
FOLD	1755	1390	1390	402405	402405	0	1911170
RAIL	43	53	229	1525
CORRELATION	1903	1283	4599	6949
SQUARE	182688	218
FOLD	1756	1391	1391	402693	402693	0	1911930
RAIL	43	54	229	1526
CORRELATION	1904	1283	4599	6949
SQUARE	182784	218
FOLD	1757	1392	1392	402984	402984	0	1914180
RAIL	42	54	229	1527
CORRELATION	1907	1285	4599	6949
SQUARE	183072	218
FOLD	1758	1393	1393	403272	403272	0	1915163
RAIL	42	55	229	1528
CORRELATION	1908	1285	4599	6949
SQUARE	183168	218
FOLD	1759	1394	1394	403563	403563	0	1916373
RAIL	9	87	229	1529
CORRELATION	1909	1287	4599	6949
SQUARE	183264	218
FOLD	1760	1395	1395	403851	403851	0	1917361
RAIL	9	88	229	1530
CORRELATION	1910	1289	4599	6949
SQUARE	183360	218
FOLD	1761	1396	1396	404142	404142	0	1918160
RAIL	41	55	229	1531
CORRELATION	1911	1289	4599	6949
SQUARE	183456	218
FOLD	1762	1397	1397	404430	404430	0	1919176
RAIL	41	56	229	1532
CORRELATION	1912	1291	4599	6949
SQUARE	183552	218
FOLD	1763	1398	1398	404721	404721	0	1920983
RAIL	10	86	229	1533
CORRELATION	1913	1291	4599	6949
SQUARE	183648	218
FOLD	1772	1399	1399	405009	405009	0	1928387
RAIL	12	85	233	1538
CORRELATION	1922	1300	4599	6949
SQUARE	184512	218
FOLD	1773	1400	1400	405300	405300	0	1929465
RAIL	38	58	233	1539
CORRELATION	1923	1302	4599	6949
SQUARE	184608	218
FOLD	1774	1401	1401	405588	405588	0	1930811
RAIL	38	59	233	1540
CORRELATION	1924	1304	4599	6949
SQUARE	184704	218
FOLD	1775	1402	1402	405879	405879	0	1932134
RAIL	13	83	233	1541
CORRELATION	1925	1306	4599	6949
SQUARE	184800	218
FOLD	1776	1403	1403	406167	406167	0	1932902
RAIL	13	84	233	1542
CORRELATION	1926	1306	4599	6949
SQUARE	184896	218
FOLD	1777	1404	1404	406458	406458	0	1933680
RAIL	37	59	233	1543
CORRELATION	1927	1306	4599	6949
SQUARE	184992	218
FOLD	1778	1405	1405	406746	406746	0	1934555
RAIL	37	60	233	1544
CORRELATION	1928	1306	4599	6949
SQUARE	185088	218
FOLD	1779	1406	1406	407037	407037	0	1935327
RAIL	14	82	233	1545
CORRELATION	1929	1306	4599	6949
SQUARE	185184	218
FOLD	1780	1407	1407	407325	407325	0	1936105
RAIL	14	83	233	1546
CORRELATION	1930	1306	4599	6949
SQUARE	185280	218
FOLD	1781	1408	1408	407616	407616	0	1936962
RAIL	36	60	233	1547
CORRELATION	1931	1306	4599	6949
SQUARE	185376	218
FOLD	1782	1409	1409	407904	407904	0	1937904
RAIL	36	61	233	1548
CORRELATION	1932	1306	4599	6949
SQUARE	185472	218
FOLD	1783	1410	1410	408195	408195	0	1938992
RAIL	15	81	233	1549
CORRELATION	1933	1306	4599	6949
SQUARE	185568	218
FOLD	1792	1411	1411	408483	408483	0	1947621
RAIL	17	80	237	1554
CORRELATION	1942	1316	4599	6949
SQUARE	186432	218
FOLD	1793	1412	1412	408774	408774	0	1949676
RAIL	33	63	237	1555
CORRELATION	1943	1316	4599	6949
SQUARE	186528	218
FOLD	1794	1413	1413	409062	409062	0	1950909
RAIL	33	64	237	1556
CORRELATION	1944	1318	4599	6949
SQUARE	186624	218
FOLD	1795	1414	1414	409353	409353	0	1952273
RAIL	18	78	237	1557
CORRELATION	1945	1320	4599	6949
SQUARE	186720	218
FOLD	1804	1415	1415	409641	409641	0	1960304
RAIL	20	77	241	1562
CORRELATION	1954	1328	4599	6949
SQUARE	187584	218
FOLD	1805	1416	1416	409932	409932	0	1961362
RAIL	30	66	241	1563
CORRELATION	1955	1329	4599	6949
SQUARE	187680	218
FOLD	1806	1417	1417	410220	410220	0	1962804
RAIL	30	67	241	1564
CORRELATION	1956	1331	4599	6949
SQUARE	187776	218
FOLD	1807	1418	1418	410511	410511	0	1963661
RAIL	21	75	241	1565
CORRELATION	1957	1331	4599	6949
SQUARE	187872	218
FOLD	1808	1419	1419	410799	410799	0	1964929
RAIL	21	76	241	1566
CORRELATION	1958	1331	4599	6949
SQUARE	187968	218
FOLD	1809	1420	1420	411090	411090	0	1966950
RAIL	29	67	241	1567
CORRELATION	1959	1333	4599	6949
SQUARE	188064	218
FOLD	1810	1421	1421	411378	411378	0	1968113
RAIL	29	68	241	1568
CORRELATION	1960	1335	4599	6949
SQUARE	188160	218
FOLD	1811	1422	1422	411669	411669	0	1970410
RAIL	22	74	241	1569
CORRELATION	1961	1335	4599	6949
SQUARE	188256	218
FOLD	1820	1423	1423	411957	411957	0	1983861
RAIL	24	73	245	1574
CORRELATION	1970	1345	4599	6949
SQUARE	189120	218
FOLD	1821	1424	1424	412248	412248	0	1985952
RAIL	26	70	245	1575
CORRELATION	1971	1347	4599	6949
SQUARE	189216	218
FOLD	1830	1425	1425	412536	412536	0	1998715
RAIL	46	51	249	1580
CORRELATION	1986	1363	4599	6949
SQUARE	190656	218
FOLD	1831	1426	1426	412827	412827	0	2000591
RAIL	45	51	249	1581
CORRELATION	1989	1364	4599	6949
SQUARE	190944	218
FOLD	1832	1427	1427	413115	413115	0	2002135
RAIL	45	52	249	1582
CORRELATION	1990	1366	4599	6949
SQUARE	191040	218
FOLD	1833	1428	1428	413406	413406	0	2004277
RAIL	44	52	249	1583
CORRELATION	1993	1369	4599	6949
SQUARE	191328	218
FOLD	1834	1429	1429	413694	413694	0	2005262
RAIL	44	53	249	1584
CORRELATION	1994	1369	4599	6949
SQUARE	191424	218
FOLD	1835	1430	1430	413985	413985	0	2007747
RAIL	43	53	249	1585
CORRELATION	1997	1373	4599	6949
SQUARE	191712	218
FOLD	1836	1431	1431	414273	414273	0	2009058
RAIL	43	54	249	1586
CORRELATION	1998	1375	4599	6949
SQUARE	191808	218
FOLD	1837	1432	1432	414564	414564	0	2010918
RAIL	42	54	249	1587
CORRELATION	2001	1377	4599	6949
SQUARE	192096	218
FOLD	1838	1433	1433	414852	414852	0	2011736
RAIL	42	55	249	1588
CORRELATION	2002	1377	4599	6949
SQUARE	192192	218
FOLD	1839	1434	1434	415143	415143	0	2012508
RAIL	9	87	249	1589
CORRELATION	2003	1377	4599	6949
SQUARE	192288	218
FOLD	1844	1435	1435	415431	415431	0	2017494
RAIL	10	87	251	1592
CORRELATION	2008	1383	4599	6949
SQUARE	192768	218
FOLD	1845	1436	1436	415722	415722	0	2018935
RAIL	40	56	251	1593
CORRELATION	2009	1385	4599	6949
SQUARE	192864	218
FOLD	1846	1437	1437	416010	416010	0	2019668
RAIL	40	57	251	1594
CORRELATION	2010	1385	4599	6949
SQUARE	192960	218
FOLD	1847	1438	1438	416301	416301	0	2020620
RAIL	11	85	251	1595
CORRELATION	2011	1386	4599	6949
SQUARE	193056	218
FOLD	1856	1439	1439	416589	416589	0	2027659
RAIL	13	84	255	1600
CORRELATION	2020	1396	4599	6949
SQUARE	193920	218
FOLD	1857	1440	1440	416880	416880	0	2028443
RAIL	37	59	255	1601
CORRELATION	2021	1396	4599	6949
SQUARE	194016	218
FOLD	1858	1441	1441	417168	417168	0	2030562
RAIL	37	60	255	1602
CORRELATION	2022	1398	4599	6949
SQUARE	194112	218
FOLD	1859	1442	1442	417459	417459	0	2031630
RAIL	14	82	255	1603
CORRELATION	2023	1400	4599	6949
SQUARE	194208	218
FOLD	1860	1443	1443	417747	417747	0	2032337
RAIL	14	83	255	1604
CORRELATION	2024	1400	4599	6949
SQUARE	194304	218
FOLD	1861	1444	1444	418038	418038	0	2033005
RAIL	36	60	255	1605
CORRELATION	2025	1400	4599	6949
SQUARE	194400	218
FOLD	1862	1445	1445	418326	418326	0	2034301
RAIL	36	61	255	1606
CORRELATION	2026	1402	4599	6949
SQUARE	194496	218
FOLD	1863	1446	1446	418617	418617	0	2035585
RAIL	15	81	255	1607
CORRELATION	2027	1404	4599	6949
SQUARE	194592	218
FOLD	1864	1447	1447	418905	418905	0	2036356
RAIL	15	82	255	1608
CORRELATION	2028	1404	4599	6949
SQUARE	194688	218
FOLD	1865	1448	1448	419196	419196	0	2038243
RAIL	35	61	255	1609
CORRELATION	2029	1407	4599	6949
SQUARE	194784	218
FOLD	1866	1449	1449	419484	419484	0	2038966
RAIL	35	62	255	1610
CORRELATION	2030	1407	4599	6949
SQUARE	194880	218
FOLD	1867	1450	1450	419775	419775	0	2039758
RAIL	16	80	255	1611
CORRELATION	2031	1407	4599	6949
SQUARE	194976	218
FOLD	1876	1451	1451	420063	420063	0	2049949
RAIL	18	79	259	1616
CORRELATION	2040	1415	4599	6949
SQUARE	195840	218
FOLD	1877	1452	1452	420354	420354	0	2050671
RAIL	32	64	259	1617
CORRELATION	2041	1415	4599	6949
SQUARE	195936	218
FOLD	1878	1453	1453	420642	420642	0	2051741
RAIL	32	65	259	1618
CORRELATION	2042	1417	4599	6949
SQUARE	196032	218
FOLD	1879	1454	1454	420933	420933	0	2053149
RAIL	19	77	259	1619
CORRELATION	2043	1419	4599	6949
SQUARE	196128	218
FOLD	1883	1454	1454	420933	420933	0	2056779
RAIL	20	76	262	1621
CORRELATION	2048	1423	4599	6949
SQUARE	196608	218
FOLD	1888	1455	1455	421221	421221	0	2061106
RAIL	21	76	263	1624
CORRELATION	2052	1429	4599	6949
SQUARE	196992	218
FOLD	1889	1456	1456	421512	421512	0	2061879
RAIL	29	67	263	1625
CORRELATION	2053	1429	4599	6949
SQUARE	197088	218
FOLD	1890	1457	1457	421800	421800	0	2063209
RAIL	29	68	263	1626
CORRELATION	2054	1431	4599	6949
SQUARE	197184	218
FOLD	1891	1458	1458	422091	422091	0	2064063
RAIL	22	74	263	1627
CORRELATION	2055	1431	4599	6949
SQUARE	197280	218
FOLD	1892	1459	1459	422379	422379	0	2067001
RAIL	22	75	263	1628
CORRELATION	2056	1433	4599	6949
SQUARE	197376	218
FOLD	1893	1460	1460	422670	422670	0	2068200
RAIL	28	68	263	1629
CORRELATION	2057	1435	4599	6949
SQUARE	197472	218
FOLD	1894	1461	1461	422958	422958	0	2068899
RAIL	28	69	263	1630
CORRELATION	2058	1435	4599	6949
SQUARE	197568	218
FOLD	1895	1462	1462	423249	423249	0	2069647
RAIL	23	73	263	1631
CORRELATION	2059	1435	4599	6949
SQUARE	197664	218
FOLD	1912	1463	1463	423537	423537	0	2087232
RAIL	45	52	271	1640
CORRELATION	2084	1459	4599	6949
SQUARE	200064	218
FOLD	1913	1464	1464	423828	423828	0	2090361
RAIL	44	52	271	1641
CORRELATION	2087	1463	4599	6949
SQUARE	200352	218
FOLD	1914	1465	1465	424116	424116	0	2091535
RAIL	44	53	271	1642
CORRELATION	2088	1465	4599	6949
SQUARE	200448	218
FOLD	1915	1466	1466	424407	424407	0	2092890
RAIL	43	53	271	1643
CORRELATION	2091	1465	4599	6949
SQUARE	200736	218
FOLD	1916	1467	1467	424695	424695	0	2093902
RAIL	43	54	271	1644
CORRELATION	2092	1465	4599	6949
SQUARE	200832	218
FOLD	1917	1468	1468	424986	424986	0	2096599
RAIL	42	54	271	1645
CORRELATION	2095	1469	4599	6949
SQUARE	201120	218
FOLD	1918	1469	1469	425274	425274	0	2097977
RAIL	42	55	271	1646
CORRELATION	2096	1471	4599	6949
SQUARE	201216	218
FOLD	1919	1470	1470	425565	425565	0	2099145
RAIL	9	87	271	1647
CORRELATION	2097	1473	4599	6949
SQUARE	201312	218
FOLD	1928	1471	1471	425853	425853	0	2105885
RAIL	11	86	275	1652
CORRELATION	2106	1481	4599	6949
SQUARE	202176	218
FOLD	1929	1472	1472	426144	426144	0	2106556
RAIL	39	57	275	1653
CORRELATION	2107	1481	4599	6949
SQUARE	202272	218
FOLD	1930	1473	1473	426432	426432	0	2107707
RAIL	39	58	275	1654
CORRELATION	2108	1483	4599	6949
SQUARE	202368	218
FOLD	1931	1474	1474	426723	426723	0	2108783
RAIL	12	84	275	1655
CORRELATION	2109	1485	4599	6949
SQUARE	202464	218
FOLD	1940	1475	1475	427011	427011	0	2116773
RAIL	14	83	279	1660
CORRELATION	2118	1496	4599	6949
SQUARE	203328	218
FOLD	1941	1476	1476	427302	427302	0	2117457
RAIL	36	60	279	1661
CORRELATION	2119	1496	4599	6949
SQUARE	203424	218
FOLD	1942	1477	1477	427590	427590	0	2118264
RAIL	36	61	279	1662
CORRELATION	2120	1496	4599	6949
SQUARE	203520	218
FOLD	1943	1478	1478	427881	427881	0	2119013
RAIL	15	81	279	1663
CORRELATION	2121	1496	4599	6949
SQUARE	203616	218
FOLD	1944	1479	1479	428169	428169	0	2119702
RAIL	15	82	279	1664
CORRELATION	2122	1496	4599	6949
SQUARE	203712	218
FOLD	1945	1480	1480	428460	428460	0	2120425
RAIL	35	61	279	1665
CORRELATION	2123	1496	4599	6949
SQUARE	203808	218
FOLD	1946	1481	1481	428748	428748	0	2121829
RAIL	35	62	279	1666
CORRELATION	2124	1499	4599	6949
SQUARE	203904	218
FOLD	1947	1482	1482	429039	429039	0	2122664
RAIL	16	80	279	1667
CORRELATION	2125	1499	4599	6949
SQUARE	204000	218
FOLD	1948	1483	1483	429327	429327	0	2123892
RAIL	16	81	279	1668
CORRELATION	2126	1501	4599	6949
SQUARE	204096	218
FOLD	1949	1484	1484	429618	429618	0	2124970
RAIL	34	62	279	1669
CORRELATION	2127	1503	4599	6949
SQUARE	204192	218
FOLD	1950	1485	1485	429906	429906	0	2125723
RAIL	34	63	279	1670
CORRELATION	2128	1503	4599	6949
SQUARE	204288	218
FOLD	1951	1486	1486	430197	430197	0	2126667
RAIL	17	79	279	1671
CORRELATION	2129	1504	4599	6949
SQUARE	204384	218
FOLD	1960	1487	1487	430485	430485	0	2133928
RAIL	19	78	283	1676
CORRELATION	2138	1514	4599	6949
SQUARE	205248	218
FOLD	1961	1488	1488	430776	430776	0	2136412
RAIL	31	65	283	1677
CORRELATION	2139	1516	4599	6949
SQUARE	205344	218
FOLD	1962	1489	1489	431064	431064	0	2137719
RAIL	31	66	283	1678
CORRELATION	2140	1516	4599	6949
SQUARE	205440	218
FOLD	1963	1490	1490	431355	431355	0	2140474
RAIL	20	76	283	1679
CORRELATION	2141	1518	4599	6949
SQUARE	205536	218
FOLD	1972	1491	1491	431643	431643	0	2147173
RAIL	22	75	287	1684
CORRELATION	2150	1525	4599	6949
SQUARE	206400	218
FOLD	1973	1492	1492	431934	431934	0	2148206
RAIL	28	68	287	1685
CORRELATION	2151	1527	4599	6949
SQUARE	206496	218
FOLD	1990	1493	1493	432222	432222	0	2163578
RAIL	46	51	295	1694
CORRELATION	2174	1544	4599	6949
SQUARE	208704	218
FOLD	1991	1494	1494	432513	432513	0	2164928
RAIL	45	51	295	1695
CORRELATION	2177	1544	4599	6949
SQUARE	208992	218
FOLD	1992	1495	1495	432801	432801	0	2165765
RAIL	45	52	295	1696
CORRELATION	2178	1544	4599	6949
SQUARE	209088	218
FOLD	1993	1496	1496	433092	433092	0	2167652
RAIL	44	52	295	1697
CORRELATION	2181	1548	4599	6949
SQUARE	209376	218
FOLD	1994	1497	1497	433380	433380	0	2168550
RAIL	44	53	295	1698
CORRELATION	2182	1548	4599	6949
SQUARE	209472	218
FOLD	1995	1498	1498	433671	433671	0	2170212
RAIL	43	53	295	1699
CORRELATION	2185	1552	4599	6949
SQUARE	209760	218
FOLD	1996	1499	1499	433959	433959	0	2171296
RAIL	43	54	295	1700
CORRELATION	2186	1553	4599	6949
SQUARE	209856	218
FOLD	1997	1500	1500	434250	434250	0	2174315
RAIL	42	54	295	1701
CORRELATION	2189	1557	4599	6949
SQUARE	210144	218
FOLD	1998	1501	1501	434538	434538	0	2175170
RAIL	42	55	295	1702
CORRELATION	2190	1557	4599	6949
SQUARE	210240	218
FOLD	1999	1502	1502	434829	434829	0	2176129
RAIL	9	87	295	1703
CORRELATION	2191	1559	4599	6949
SQUARE	210336	218
FOLD	2000	1503	1503	435117	435117	0	2177088
RAIL	9	88	295	1704
CORRELATION	2192	1560	4599	6949
SQUARE	210432	218
FOLD	2001	1504	1504	435408	435408	0	2177734
RAIL	41	55	295	1705
CORRELATION	2193	1560	4599	6949
SQUARE	210528	218
FOLD	2002	1505	1505	435696	435696	0	2179518
RAIL	41	56	295	1706
CORRELATION	2194	1562	4599	6949
SQUARE	210624	218
FOLD	2003	1506	1506	435987	435987	0	2180952
RAIL	10	86	295	1707
CORRELATION	2195	1564	4599	6949
SQUARE	210720	218
FOLD	2012	1507	1507	436275	436275	0	2186407
RAIL	12	85	299	1712
CORRELATION	2204	1568	4599	6949
SQUARE	211584	218
FOLD	2013	1508	1508	436566	436566	0	2187172
RAIL	38	58	299	1713
CORRELATION	2205	1568	4599	6949
SQUARE	211680	218
FOLD	2014	1509	1509	436854	436854	0	2188056
RAIL	38	59	299	1714
CORRELATION	2206	1568	4599	6949
SQUARE	211776	218
FOLD	2015	1510	1510	437145	437145	0	2188792
RAIL	13	83	299	1715
CORRELATION	2207	1568	4599	6949
SQUARE	211872	218
FOLD	2024	1511	1511	437433	437433	0	2197847
RAIL	15	82	303	1720
CORRELATION	2216	1576	4599	6949
SQUARE	212736	218
FOLD	2025	1512	1512	437724	437724	0	2198472
RAIL	35	61	303	1721
CORRELATION	2217	1576	4599	6949
SQUARE	212832	218
FOLD	2026	1513	1513	438012	438012	0	2200210
RAIL	35	62	303	1722
CORRELATION	2218	1578	4599	6949
SQUARE	212928	218
FOLD	2027	1514	1514	438303	438303	0	2201225
RAIL	16	80	303	1723
CORRELATION	2219	1580	4599	6949
SQUARE	213024	218
FOLD	2028	1515	1515	438591	438591	0	2202252
RAIL	16	81	303	1724
CORRELATION	2220	1582	4599	6949
SQUARE	213120	218
FOLD	2029	1516	1516	438882	438882	0	2203311
RAIL	34	62	303	1725
CORRELATION	2221	1584	4599	6949
SQUARE	213216	218
FOLD	2030	1517	1517	439170	439170	0	2204007
RAIL	34	63	303	1726
CORRELATION	2222	1584	4599	6949
SQUARE	213312	218
FOLD	2031	1518	1518	439461	439461	0	2205772
RAIL	17	79	303	1727
CORRELATION	2223	1585	4599	6949
SQUARE	213408	218
FOLD	2032	1519	1519	439749	439749	0	2207000
RAIL	17	80	303	1728
CORRELATION	2224	1585	4599	6949
SQUARE	213504	218
FOLD	2033	1520	1520	440040	440040	0	2209206
RAIL	33	63	303	1729
CORRELATION	2225	1585	4599	6949
SQUARE	213600	218
FOLD	2034	1521	1521	440328	440328	0	2209940
RAIL	33	64	303	1730
CORRELATION	2226	1585	4599	6949
SQUARE	213696	218
FOLD	2035	1522	1522	440619	440619	0	2210625
RAIL	18	78	303	1731
CORRELATION	2227	1585	4599	6949
SQUARE	213792	218
FOLD	2044	1523	1523	440907	440907	0	2217694
RAIL	20	77	307	1736
CORRELATION	2236	1588	4599	6949
SQUARE	214656	218
FOLD	2045	1524	1524	441198	441198	0	2218763
RAIL	30	66	307	1737
CORRELATION	2237	1590	4599	6949
SQUARE	214752	218
FOLD	2046	1525	1525	441486	441486	0	2219920
RAIL	30	67	307	1738
CORRELATION	2238	1592	4599	6949
SQUARE	214848	218
FOLD	2047	1526	1526	441777	441777	0	2221463
RAIL	21	75	307	1739
CORRELATION	2239	1592	4599	6949
SQUARE	214944	218
FOLD	2048	1525	1526	441489	441777	0	2224156
RAIL	21	76	308	1739
CORRELATION	2240	1594	4599	6949
SQUARE	215040	218
FOLD	2072	1527	1527	442065	442065	0	2249759
RAIL	45	52	319	1752
CORRELATION	2272	1628	4599	6949
SQUARE	218112	218
FOLD	2073	1528	1528	442356	442356	0	2252057
RAIL	44	52	319	1753
CORRELATION	2275	1631	4599	6949
SQUARE	218400	218
FOLD	2074	1529	1529	442644	442644	0	2253876
RAIL	44	53	319	1754
CORRELATION	2276	1633	4599	6949
SQUARE	218496	218
FOLD	2075	1530	1530	442935	442935	0	2255307
RAIL	43	53	319	1755
CORRELATION	2279	1633	4599	6949
SQUARE	218784	218
FOLD	2076	1531	1531	443223	443223	0	2257271
RAIL	43	54	319	1756
CORRELATION	2280	1633	4599	6949
SQUARE	218880	218
FOLD	2077	1532	1532	443514	443514	0	2259105
RAIL	42	54	319	1757
CORRELATION	2283	1633	4599	6949
SQUARE	219168	218
FOLD	2078	1533	1533	443802	443802	0	2260561
RAIL	42	55	319	1758
CORRELATION	2284	1633	4599	6949
SQUARE	219264	218
FOLD	2079	1534	1534	444093	444093	0	2261903
RAIL	9	87	319	1759
CORRELATION	2285	1633	4599	6949
SQUARE	219360	218
FOLD	2080	1535	1535	444381	444381	0	2263426
RAIL	9	88	319	1760
CORRELATION	2286	1635	4599	6949
SQUARE	219456	218
FOLD	2081	1536	1536	444672	444672	0	2264518
RAIL	41	55	319	1761
CORRELATION	2287	1635	4599	6949
SQUARE	219552	218
FOLD	2082	1537	1537	444960	444960	0	2265954
RAIL	41	56	319	1762
CORRELATION	2288	1635	4599	6949
SQUARE	219648	218
FOLD	2083	1538	1538	445251	445251	0	2267356
RAIL	10	86	319	1763
CORRELATION	2289	1635	4599	6949
SQUARE	219744	218
FOLD	2084	1539	1539	445539	445539	0	2269655
RAIL	10	87	319	1764
CORRELATION	2290	1637	4599	6949
SQUARE	219840	218
FOLD	2085	1540	1540	445830	445830	0	2270909
RAIL	40	56	319	1765
CORRELATION	2291	1637	4599	6949
SQUARE	219936	218
FOLD	2086	1541	1541	446118	446118	0	2273118
RAIL	40	57	319	1766
CORRELATION	2292	1639	4599	6949
SQUARE	220032	218
FOLD	2087	1542	1542	446409	446409	0	2274664
RAIL	11	85	319	1767
CORRELATION	2293	1641	4599	6949
SQUARE	220128	218
FOLD	2096	1543	1543	446697	446697	0	2282380
RAIL	13	84	323	1772
CORRELATION	2302	1652	4599	6949
SQUARE	220992	218
FOLD	2097	1544	1544	446988	446988	0	2283132
RAIL	37	59	323	1773
CORRELATION	2303	1652	4599	6949
SQUARE	221088	218
FOLD	2098	1545	1545	447276	447276	0	2284483
RAIL	37	60	323	1774
CORRELATION	2304	1654	4599	6949
SQUARE	221184	218
FOLD	2099	1546	1546	447567	447567	0	2285550
RAIL	14	82	323	1775
CORRELATION	2305	1656	4599	6949
SQUARE	221280	218
FOLD	2108	1547	1547	447855	447855	0	2291946
RAIL	16	81	327	1780
CORRELATION	2314	1662	4599	6949
SQUARE	222144	218
FOLD	2109	1548	1548	448146	448146	0	2293175
RAIL	34	62	327	1781
CORRELATION	2315	1664	4599	6949
SQUARE	222240	218
FOLD	2110	1549	1549	448434	448434	0	2294376
RAIL	34	63	327	1782
CORRELATION	2316	1666	4599	6949
SQUARE	222336	218
FOLD	2111	1550	1550	448725	448725	0	2295239
RAIL	17	79	327	1783
CORRELATION	2317	1666	4599	6949
SQUARE	222432	218
FOLD	2112	1551	1551	449013	449013	0	2296386
RAIL	17	80	327	1784
CORRELATION	2318	1668	4599	6949
SQUARE	222528	218
FOLD	2113	1552	1552	449304	449304	0	2297178
RAIL	33	63	327	1785
CORRELATION	2319	1668	4599	6949
SQUARE	222624	218
FOLD	2114	1553	1553	449592	449592	0	2298442
RAIL	33	64	327	1786
CORRELATION	2320	1670	4599	6949
SQUARE	222720	218
FOLD	2115	1554	1554	449883	449883	0	2299547
RAIL	18	78	327	1787
CORRELATION	2321	1672	4599	6949
SQUARE	222816	218
FOLD	2116	1555	1555	450171	450171	0	2300200
RAIL	18	79	327	1788
CORRELATION	2322	1672	4599	6949
SQUARE	222912	218
FOLD	2117	1556	1556	450462	450462	0	2300867
RAIL	32	64	327	1789
CORRELATION	2323	1672	4599	6949
SQUARE	223008	218
FOLD	2118	1557	1557	450750	450750	0	2301621
RAIL	32	65	327	1790
CORRELATION	2324	1672	4599	6949
SQUARE	223104	218
FOLD	2119	1558	1558	451041	451041	0	2302666
RAIL	19	77	327	1791
CORRELATION	2325	1673	4599	6949
SQUARE	223200	218
FOLD	2152	1559	1559	451329	451329	0	2336140
RAIL	45	52	343	1808
CORRELATION	2366	1714	4599	6949
SQUARE	227136	218
FOLD	2153	1560	1560	451620	451620	0	2338838
RAIL	44	52	343	1809
CORRELATION	2369	1719	4599	6949
SQUARE	227424	218
FOLD	2154	1561	1561	451908	451908	0	2339627
RAIL	44	53	343	1810
CORRELATION	2370	1719	4599	6949
SQUARE	227520	218
FOLD	2155	1562	1562	452199	452199	0	2341902
RAIL	43	53	343	1811
CORRELATION	2373	1721	4599	6949
SQUARE	227808	218
FOLD	2156	1563	1563	452487	452487	0	2342767
RAIL	43	54	343	1812
CORRELATION	2374	1722	4599	6949
SQUARE	227904	218
FOLD	2157	1564	1564	452778	452778	0	2344680
RAIL	42	54	343	1813
CORRELATION	2377	1726	4599	6949
SQUARE	228192	218
FOLD	2158	1565	1565	453066	453066	0	2345527
RAIL	42	55	343	1814
CORRELATION	2378	1726	4599	6949
SQUARE	228288	218
FOLD	2159	1566	1566	453357	453357	0	2346852
RAIL	9	87	343	1815
CORRELATION	2379	1728	4599	6949
SQUARE	228384	218
FOLD	2164	1567	1567	453645	453645	0	2351013
RAIL	10	87	345	1818
CORRELATION	2384	1733	4599	6949
SQUARE	228864	218
FOLD	2165	1568	1568	453936	453936	0	2351706
RAIL	40	56	345	1819
CORRELATION	2385	1733	4599	6949
SQUARE	228960	218
FOLD	2166	1569	1569	454224	454224	0	2352957
RAIL	40	57	345	1820
CORRELATION	2386	1736	4599	6949
SQUARE	229056	218
FOLD	2167	1570	1570	454515	454515	0	2353839
RAIL	11	85	345	1821
CORRELATION	2387	1736	4599	6949
SQUARE	229152	218
FOLD	2168	1571	1571	454803	454803	0	2354535
RAIL	11	86	345	1822
CORRELATION	2388	1736	4599	6949
SQUARE	229248	218
FOLD	2169	1572	1572	455094	455094	0	2355716
RAIL	39	57	345	1823
CORRELATION	2389	1739	4599	6949
SQUARE	229344	218
FOLD	2170	1573	1573	455382	455382	0	2357048
RAIL	39	58	345	1824
CORRELATION	2390	1741	4599	6949
SQUARE	229440	218
FOLD	2171	1574	1574	455673	455673	0	2357786
RAIL	12	84	345	1825
CORRELATION	2391	1741	4599	6949
SQUARE	229536	218
FOLD	2180	1575	1575	455961	455961	0	2364921
RAIL	14	83	349	1830
CORRELATION	2400	1747	4599	6949
SQUARE	230400	218
FOLD	2181	1576	1576	456252	456252	0	2366451
RAIL	36	60	349	1831
CORRELATION	2401	1750	4599	6949
SQUARE	230496	218
FOLD	2182	1577	1577	456540	456540	0	2367492
RAIL	36	61	349	1832
CORRELATION	2402	1750	4599	6949
SQUARE	230592	218
FOLD	2183	1578	1578	456831	456831	0	2368824
RAIL	15	81	349	1833
CORRELATION	2403	1752	4599	6949
SQUARE	230688	218
FOLD	2192	1579	1579	457119	457119	0	2378198
RAIL	17	80	353	1838
CORRELATION	2412	1762	4599	6949
SQUARE	231552	218
FOLD	2193	1580	1580	457410	457410	0	2379190
RAIL	33	63	353	1839
CORRELATION	2413	1764	4599	6949
SQUARE	231648	218
FOLD	2194	1581	1581	457698	457698	0	2379993
RAIL	33	64	353	1840
CORRELATION	2414	1764	4599	6949
SQUARE	231744	218
FOLD	2195	1582	1582	457989	457989	0	2380767
RAIL	18	78	353	1841
CORRELATION	2415	1764	4599	6949
SQUARE	231840	218
FOLD	2196	1583	1583	458277	458277	0	2381448
RAIL	18	79	353	1842
CORRELATION	2416	1764	4599	6949
SQUARE	231936	218
FOLD	2197	1584	1584	458568	458568	0	2382259
RAIL	32	64	353	1843
CORRELATION	2417	1764	4599	6949
SQUARE	232032	218
FOLD	2198	1585	1585	458856	458856	0	2383275
RAIL	32	65	353	1844
CORRELATION	2418	1766	4599	6949
SQUARE	232128	218
FOLD	2199	1586	1586	459147	459147	0	2384159
RAIL	19	77	353	1845
CORRELATION	2419	1767	4599	6949
SQUARE	232224	218
FOLD	2200	1587	1587	459435	459435	0	2385417
RAIL	19	78	353	1846
CORRELATION	2420	1769	4599	6949
SQUARE	232320	218
FOLD	2201	1588	1588	459726	459726	0	2386484
RAIL	31	65	353	1847
CORRELATION	2421	1770	4599	6949
SQUARE	232416	218
FOLD	2234	1589	1589	460014	460014	0	2419890
RAIL	44	53	369	1864
CORRELATION	2464	1811	4599	6949
SQUARE	236544	218
FOLD	2235	1590	1590	460305	460305	0	2422329
RAIL	43	53	369	1865
CORRELATION	2467	1815	4599	6949
SQUARE	236832	218
FOLD	2236	1591	1591	460593	460593	0	2424412
RAIL	43	54	369	1866
CORRELATION	2468	1818	4599	6949
SQUARE	236928	218
FOLD	2237	1592	1592	460884	460884	0	2426975
RAIL	42	54	369	1867
CORRELATION	2471	1818	4599	6949
SQUARE	237216	218
FOLD	2238	1593	1593	461172	461172	0	2427914
RAIL	42	55	369	1868
CORRELATION	2472	1818	4599	6949
SQUARE	237312	218
FOLD	2239	1594	1594	461463	461463	0	2429332
RAIL	9	87	369	1869
CORRELATION	2473	1820	4599	6949
SQUARE	237408	218
FOLD	2248	1595	1595	461751	461751	0	2437055
RAIL	11	86	373	1874
CORRELATION	2482	1830	4599	6949
SQUARE	238272	218
FOLD	2249	1596	1596	462042	462042	0	2438274
RAIL	39	57	373	1875
CORRELATION	2483	1832	4599	6949
SQUARE	238368	218
FOLD	2250	1597	1597	462330	462330	0	2439070
RAIL	39	58	373	1876
CORRELATION	2484	1832	4599	6949
SQUARE	238464	218
FOLD	2251	1598	1598	462621	462621	0	2440243
RAIL	12	84	373	1877
CORRELATION	2485	1835	4599	6949
SQUARE	238560	218
FOLD	2252	1599	1599	462909	462909	0	2440864
RAIL	12	85	373	1878
CORRELATION	2486	1835	4599	6949
SQUARE	238656	218
FOLD	2253	1600	1600	463200	463200	0	2441566
RAIL	38	58	373	1879
CORRELATION	2487	1835	4599	6949
SQUARE	238752	218
FOLD	2254	1601	1601	463488	463488	0	2443169
RAIL	38	59	373	1880
CORRELATION	2488	1838	4599	6949
SQUARE	238848	218
FOLD	2255	1602	1602	463779	463779	0	2444250
RAIL	13	83	373	1881
CORRELATION	2489	1838	4599	6949
SQUARE	238944	218
FOLD	2264	1603	1603	464067	464067	0	2452439
RAIL	15	82	377	1886
CORRELATION	2498	1847	4599	6949
SQUARE	239808	218
FOLD	2265	1604	1604	464358	464358	0	2453573
RAIL	35	61	377	1887
CORRELATION	2499	1849	4599	6949
SQUARE	239904	218
FOLD	2266	1605	1605	464646	464646	0	2454453
RAIL	35	62	377	1888
CORRELATION	2500	1849	4599	6949
SQUARE	240000	218
FOLD	2267	1606	1606	464937	464937	0	2455406
RAIL	16	80	377	1889
CORRELATION	2501	1849	4599	6949
SQUARE	240096	218
FOLD	2276	1607	1607	465225	465225	0	2468237
RAIL	18	79	381	1894
CORRELATION	2510	1861	4599	6949
SQUARE	240960	218
FOLD	2277	1608	1608	465516	465516	0	2470588
RAIL	32	64	381	1895
CORRELATION	2511	1861	4599	6949
SQUARE	241056	218
FOLD	2286	1609	1609	465804	465804	0	2478426
RAIL	30	67	385	1900
CORRELATION	2520	1870	4599	6949
SQUARE	241920	218
FOLD	2287	1610	1610	466095	466095	0	2479726
RAIL	21	75	385	1901
CORRELATION	2521	1872	4599	6949
SQUARE	242016	218
FOLD	2312	1611	1611	466383	466383	0	2507790
RAIL	45	52	397	1914
CORRELATION	2554	1903	4599	6949
SQUARE	245184	218
FOLD	2313	1612	1612	466674	466674	0	2509527
RAIL	44	52	397	1915
CORRELATION	2557	1905	4599	6949
SQUARE	245472	218
FOLD	2314	1613	1613	466962	466962	0	2510986
RAIL	44	53	397	1916
CORRELATION	2558	1907	4599	6949
SQUARE	245568	218
FOLD	2315	1614	1614	467253	467253	0	2513730
RAIL	43	53	397	1917
CORRELATION	2561	1912	4599	6949
SQUARE	245856	218
FOLD	2316	1615	1615	467541	467541	0	2514692
RAIL	43	54	397	1918
CORRELATION	2562	1912	4599	6949
SQUARE	245952	218
FOLD	2317	1616	1616	467832	467832	0	2516451
RAIL	42	54	397	1919
CORRELATION	2565	1912	4599	6949
SQUARE	246240	218
FOLD	2318	1617	1617	468120	468120	0	2517723
RAIL	42	55	397	1920
CORRELATION	2566	1914	4599	6949
SQUARE	246336	218
FOLD	2319	1618	1618	468411	468411	0	2518837
RAIL	9	87	397	1921
CORRELATION	2567	1916	4599	6949
SQUARE	246432	218
FOLD	2320	1619	1619	468699	468699	0	2519741
RAIL	9	88	397	1922
CORRELATION	2568	1917	4599	6949
SQUARE	246528	218
FOLD	2321	1620	1620	468990	468990	0	2520753
RAIL	41	55	397	1923
CORRELATION	2569	1919	4599	6949
SQUARE	246624	218
FOLD	2322	1621	1621	469278	469278	0	2521669
RAIL	41	56	397	1924
CORRELATION	2570	1919	4599	6949
SQUARE	246720	218
FOLD	2323	1622	1622	469569	469569	0	2523658
RAIL	10	86	397	1925
CORRELATION	2571	1919	4599	6949
SQUARE	246816	218
FOLD	2332	1623	1623	469857	469857	0	2535690
RAIL	12	85	401	1930
CORRELATION	2580	1929	4599	6949
SQUARE	247680	218
FOLD	2333	1624	1624	470148	470148	0	2537281
RAIL	38	58	401	1931
CORRELATION	2581	1932	4599	6949
SQUARE	247776	218
FOLD	2334	1625	1625	470436	470436	0	2538118
RAIL	38	59	401	1932
CORRELATION	2582	1932	4599	6949
SQUARE	247872	218
FOLD	2335	1626	1626	470727	470727	0	2539391
RAIL	13	83	401	1933
CORRELATION	2583	1934	4599	6949
SQUARE	247968	218
FOLD	2336	1627	1627	471015	471015	0	2540574
RAIL	13	84	401	1934
CORRELATION	2584	1934	4599	6949
SQUARE	248064	218
FOLD	2337	1628	1628	471306	471306	0	2542370
RAIL	37	59	401	1935
CORRELATION	2585	1937	4599	6949
SQUARE	248160	218
FOLD	2338	1629	1629	471594	471594	0	2543177
RAIL	37	60	401	1936
CORRELATION	2586	1937	4599	6949
SQUARE	248256	218
FOLD	2339	1630	1630	471885	471885	0	2543904
RAIL	14	82	401	1937
CORRELATION	2587	1937	4599	6949
SQUARE	248352	218
FOLD	2348	1631	1631	472173	472173	0	2551044
RAIL	16	81	405	1942
CORRELATION	2596	1944	4599	6949
SQUARE	249216	218
FOLD	2349	1632	1632	472464	472464	0	2552377
RAIL	34	62	405	1943
CORRELATION	2597	1946	4599	6949
SQUARE	249312	218
FOLD	2350	1633	1633	472752	472752	0	2553730
RAIL	34	63	405	1944
CORRELATION	2598	1948	4599	6949
SQUARE	249408	218
FOLD	2351	1634	1634	473043	473043	0	2555866
RAIL	17	79	405	1945
CORRELATION	2599	1950	4599	6949
SQUARE	249504	218
FOLD	2392	1635	1635	473331	473331	0	2597262
RAIL	45	52	425	1966
CORRELATION	2648	1995	4599	6949
SQUARE	254208	218
FOLD	2393	1636	1636	473622	473622	0	2602166
RAIL	44	52	425	1967
CORRELATION	2651	1999	4599	6949
SQUARE	254496	218
FOLD	2394	1637	1637	473910	473910	0	2603036
RAIL	44	53	425	1968
CORRELATION	2652	1999	4599	6949
SQUARE	254592	218
FOLD	2395	1638	1638	474201	474201	0	2605100
RAIL	43	53	425	1969
CORRELATION	2655	2001	4599	6949
SQUARE	254880	218
FOLD	2396	1639	1639	474489	474489	0	2606130
RAIL	43	54	425	1970
CORRELATION	2656	2001	4599	6949
SQUARE	254976	218
FOLD	2397	1640	1640	474780	474780	0	2608587
RAIL	42	54	425	1971
CORRELATION	2659	2007	4599	6949
SQUARE	255264	218
FOLD	2398	1641	1641	475068	475068	0	2609536
RAIL	42	55	425	1972
CORRELATION	2660	2007	4599	6949
SQUARE	255360	218
FOLD	2399	1642	1642	475359	475359	0	2610394
RAIL	9	87	425	1973
CORRELATION	2661	2007	4599	6949
SQUARE	255456	218
FOLD	2404	1643	1643	475647	475647	0	2614416
RAIL	10	87	427	1976
CORRELATION	2666	2012	4599	6949
SQUARE	255936	218
FOLD	2405	1644	1644	475938	475938	0	2615418
RAIL	40	56	427	1977
CORRELATION	2667	2014	4599	6949
SQUARE	256032	218
FOLD	2406	1645	1645	476226	476226	0	2616650
RAIL	40	57	427	1978
CORRELATION	2668	2016	4599	6949
SQUARE	256128	218
FOLD	2407	1646	1646	476517	476517	0	2617530
RAIL	11	85	427	1979
CORRELATION	2669	2016	4599	6949
SQUARE	256224	218
FOLD	2416	1647	1647	476805	476805	0	2624944
RAIL	13	84	431	1984
CORRELATION	2678	2026	4599	6949
SQUARE	257088	218
FOLD	2417	1648	1648	477096	477096	0	2625681
RAIL	37	59	431	1985
CORRELATION	2679	2026	4599	6949
SQUARE	257184	218
FOLD	2418	1649	1649	477384	477384	0	2626576
RAIL	37	60	431	1986
CORRELATION	2680	2026	4599	6949
SQUARE	257280	218
FOLD	2419	1650	1650	477675	477675	0	2627500
RAIL	14	82	431	1987
CORRELATION	2681	2026	4599	6949
SQUARE	257376	218
FOLD	2420	1651	1651	477963	477963	0	2628227
RAIL	14	83	431	1988
CORRELATION	2682	2026	4599	6949
SQUARE	257472	218
FOLD	2421	1652	1652	478254	478254	0	2629238
RAIL	36	60	431	1989
CORRELATION	2683	2027	4599	6949
SQUARE	257568	218
FOLD	2422	1653	1653	478542	478542	0	2630180
RAIL	36	61	431	1990
CORRELATION	2684	2029	4599	6949
SQUARE	257664	218
FOLD	2423	1654	1654	478833	478833	0	2631449
RAIL	15	81	431	1991
CORRELATION	2685	2031	4599	6949
SQUARE	257760	218
FOLD	2466	1649	1654	477384	478833	0	2668462
RAIL	48	49	455	2011
CORRELATION	2730	2073	4599	6949
SQUARE	262144	218
FOLD	2472	1655	1655	479121	479121	0	2677979
RAIL	45	52	455	2016
CORRELATION	2742	2086	4599	6949
SQUARE	263232	218
FOLD	2473	1656	1656	479412	479412	0	2680051
RAIL	44	52	455	2017
CORRELATION	2745	2088	4599	6949
SQUARE	263520	218
FOLD	2474	1657	1657	479700	479700	0	2681039
RAIL	44	53	455	2018
CORRELATION	2746	2088	4599	6949
SQUARE	263616	218
FOLD	2475	1658	1658	479991	479991	0	2683276
RAIL	43	53	455	2019
CORRELATION	2749	2092	4599	6949
SQUARE	263904	218
FOLD	2476	1659	1659	480279	480279	0	2685287
RAIL	43	54	455	2020
CORRELATION	2750	2092	4599	6949
SQUARE	264000	218
FOLD	2477	1660	1660	480570	480570	0	2688298
RAIL	42	54	455	2021
CORRELATION	2753	2097	4599	6949
SQUARE	264288	218
FOLD	2478	1661	1661	480858	480858	0	2689528
RAIL	42	55	455	2022
CORRELATION	2754	2099	4599	6949
SQUARE	264384	218
FOLD	2479	1662	1662	481149	481149	0	2690392
RAIL	9	87	455	2023
CORRELATION	2755	2099	4599	6949
SQUARE	264480	218
FOLD	2488	1663	1663	481437	481437	0	2698998
RAIL	11	86	459	2028
CORRELATION	2764	2109	4599	6949
SQUARE	265344	218
FOLD	2489	1664	1664	481728	481728	0	2699659
RAIL	39	57	459	2029
CORRELATION	2765	2109	4599	6949
SQUARE	265440	218
FOLD	2490	1665	1665	482016	482016	0	2700531
RAIL	39	58	459	2030
CORRELATION	2766	2109	4599	6949
SQUARE	265536	218
FOLD	2491	1666	1666	482307	482307	0	2701410
RAIL	12	84	459	2031
CORRELATION	2767	2109	4599	6949
SQUARE	265632	218
FOLD	2500	1667	1667	482595	482595	0	2712302
RAIL	14	83	463	2036
CORRELATION	2776	2120	4599	6949
SQUARE	266496	218
FOLD	2501	1668	1668	482886	482886	0	2713144
RAIL	36	60	463	2037
CORRELATION	2777	2121	4599	6949
SQUARE	266592	218
FOLD	2502	1669	1669	483174	483174	0	2714132
RAIL	36	61	463	2038
CORRELATION	2778	2123	4599	6949
SQUARE	266688	218
FOLD	2503	1670	1670	483465	483465	0	2714948
RAIL	15	81	463	2039
CORRELATION	2779	2123	4599	6949
SQUARE	266784	218
FOLD	2504	1671	1671	483753	483753	0	2715722
RAIL	15	82	463	2040
CORRELATION	2780	2123	4599	6949
SQUARE	266880	218
FOLD	2505	1672	1672	484044	484044	0	2716461
RAIL	35	61	463	2041
CORRELATION	2781	2123	4599	6949
SQUARE	266976	218
FOLD	2554	1673	1673	484332	484332	0	2762688
RAIL	44	53	487	2066
CORRELATION	2840	2182	4599	6949
SQUARE	272640	218
FOLD	2555	1674	1674	484623	484623	0	2765166
RAIL	43	53	487	2067
CORRELATION	2843	2186	4599	6949
SQUARE	272928	218
FOLD	2556	1675	1675	484911	484911	0	2766066
RAIL	43	54	487	2068
CORRELATION	2844	2186	4599	6949
SQUARE	273024	218
FOLD	2557	1676	1676	485202	485202	0	2768415
RAIL	42	54	487	2069
CORRELATION	2847	2191	4599	6949
SQUARE	273312	218
FOLD	2558	1677	1677	485490	485490	0	2769638
RAIL	42	55	487	2070
CORRELATION	2848	2193	4599	6949
SQUARE	273408	218
FOLD	2559	1678	1678	485781	485781	0	2771094
RAIL	41	55	487	2071
CORRELATION	2851	2193	4599	6949
SQUARE	273696	218
FOLD	2560	1679	1679	486069	486069	0	2772460
RAIL	41	56	487	2072
CORRELATION	2852	2195	4599	6949
SQUARE	273792	218
FOLD	2561	1680	1680	486360	486360	0	2773562
RAIL	10	86	487	2073
CORRELATION	2853	2197	4599	6949
SQUARE	273888	218
FOLD	2570	1681	1681	486648	486648	0	2781876
RAIL	12	85	491	2078
CORRELATION	2862	2207	4599	6949
SQUARE	274752	218
FOLD	2571	1682	1682	486939	486939	0	2782782
RAIL	38	58	491	2079
CORRELATION	2863	2209	4599	6949
SQUARE	274848	218
FOLD	2572	1683	1683	487227	487227	0	2783637
RAIL	38	59	491	2080
CORRELATION	2864	2209	4599	6949
SQUARE	274944	218
FOLD	2573	1684	1684	487518	487518	0	2784464
RAIL	13	83	491	2081
CORRELATION	2865	2209	4599	6949
SQUARE	275040	218
FOLD	2630	1685	1685	487806	487806	0	2849053
RAIL	45	52	519	2110
CORRELATION	2930	2275	4599	6949
SQUARE	281280	218
FOLD	2631	1686	1686	488097	488097	0	2851342
RAIL	44	52	519	2111
CORRELATION	2933	2278	4599	6949
SQUARE	281568	218
FOLD	2632	1687	1687	488385	488385	0	2852446
RAIL	44	53	519	2112
CORRELATION	2934	2280	4599	6949
SQUARE	281664	218
FOLD	2633	1688	1688	488676	488676	0	2854763
RAIL	43	53	519	2113
CORRELATION	2937	2284	4599	6949
SQUARE	281952	218
FOLD	2634	1689	1689	488964	488964	0	2855574
RAIL	43	54	519	2114
CORRELATION	2938	2284	4599	6949
SQUARE	282048	218
FOLD	2635	1690	1690	489255	489255	0	2857119
RAIL	42	54	519	2115
CORRELATION	2941	2284	4599	6949
SQUARE	282336	218
FOLD	2636	1691	1691	489543	489543	0	2858761
RAIL	42	55	519	2116
CORRELATION	2942	2285	4599	6949
SQUARE	282432	218
FOLD	2637	1692	1692	489834	489834	0	2862168
RAIL	41	55	519	2117
CORRELATION	2945	2290	4599	6949
SQUARE	282720	218
FOLD	2638	1693	1693	490122	490122	0	2863187
RAIL	41	56	519	2118
CORRELATION	2946	2290	4599	6949
SQUARE	282816	218
FOLD	2639	1694	1694	490413	490413	0	2864734
RAIL	10	86	519	2119
CORRELATION	2947	2292	4599	6949
SQUARE	282912	218
FOLD	2640	1695	1695	490701	490701	0	2865971
RAIL	10	87	519	2120
CORRELATION	2948	2294	4599	6949
SQUARE	283008	218
FOLD	2641	1696	1696	490992	490992	0	2867108
RAIL	40	56	519	2121
CORRELATION	2949	2294	4599	6949
SQUARE	283104	218
FOLD	2642	1697	1697	491280	491280	0	2868617
RAIL	40	57	519	2122
CORRELATION	2950	2294	4599	6949
SQUARE	283200	218
FOLD	2643	1698	1698	491571	491571	0	2870660
RAIL	11	85	519	2123
CORRELATION	2951	2295	4599	6949
SQUARE	283296	218
FOLD	2652	1699	1699	491859	491859	0	2883309
RAIL	13	84	523	2128
CORRELATION	2960	2305	4599	6949
SQUARE	284160	218
FOLD	2653	1700	1700	492150	492150	0	2884919
RAIL	37	59	523	2129
CORRELATION	2961	2307	4599	6949
SQUARE	284256	218
FOLD	2710	1701	1701	492438	492438	0	2946429
RAIL	44	53	551	2158
CORRELATION	3028	2368	4599	6949
SQUARE	290688	218
FOLD	2711	1702	1702	492729	492729	0	2949338
RAIL	43	53	551	2159
CORRELATION	3031	2372	4599	6949
SQUARE	290976	218
FOLD	2712	1703	1703	493017	493017	0	2950459
RAIL	43	54	551	2160
CORRELATION	3032	2372	4599	6949
SQUARE	291072	218
FOLD	2713	1704	1704	493308	493308	0	2953471
RAIL	42	54	551	2161
CORRELATION	3035	2376	4599	6949
SQUARE	291360	218
FOLD	2714	1705	1705	493596	493596	0	2954525
RAIL	42	55	551	2162
CORRELATION	3036	2376	4599	6949
SQUARE	291456	218
FOLD	2715	1706	1706	493887	493887	0	2956230
RAIL	41	55	551	2163
CORRELATION	3039	2378	4599	6949
SQUARE	291744	218
FOLD	2716	1707	1707	494175	494175	0	2957599
RAIL	41	56	551	2164
CORRELATION	3040	2380	4599	6949
SQUARE	291840	218
FOLD	2717	1708	1708	494466	494466	0	2959160
RAIL	10	86	551	2165
CORRELATION	3041	2382	4599	6949
SQUARE	291936	218
FOLD	2718	1709	1709	494754	494754	0	2961398
RAIL	10	87	551	2166
CORRELATION	3042	2384	4599	6949
SQUARE	292032	218
FOLD	2719	1710	1710	495045	495045	0	2962145
RAIL	40	56	551	2167
CORRELATION	3043	2384	4599	6949
SQUARE	292128	218
FOLD	2720	1711	1711	495333	495333	0	2963107
RAIL	40	57	551	2168
CORRELATION	3044	2384	4599	6949
SQUARE	292224	218
FOLD	2721	1712	1712	495624	495624	0	2964036
RAIL	11	85	551	2169
CORRELATION	3045	2384	4599	6949
SQUARE	292320	218
FOLD	2722	1713	1713	495912	495912	0	2965160
RAIL	11	86	551	2170
CORRELATION	3046	2387	4599	6949
SQUARE	292416	218
FOLD	2723	1714	1714	496203	496203	0	2965939
RAIL	39	57	551	2171
CORRELATION	3047	2388	4599	6949
SQUARE	292512	218
FOLD	2724	1715	1715	496491	496491	0	2967162
RAIL	39	58	551	2172
CORRELATION	3048	2390	4599	6949
SQUARE	292608	218
FOLD	2725	1716	1716	496782	496782	0	2968034
RAIL	12	84	551	2173
CORRELATION	3049	2390	4599	6949
SQUARE	292704	218
FOLD	2790	1717	1717	497070	497070	0	3040922
RAIL	43	54	583	2206
CORRELATION	3126	2463	4599	6949
SQUARE	300096	221
FOLD	2791	1718	1718	497361	497361	0	3043731
RAIL	42	54	583	2207
CORRELATION	3129	2468	4599	6949
SQUARE	300384	221
FOLD	2792	1719	1719	497649	497649	0	3044907
RAIL	42	55	583	2208
CORRELATION	3130	2470	4599	6949
SQUARE	300480	221
FOLD	2793	1720	1720	497940	497940	0	3047381
RAIL	41	55	583	2209
CORRELATION	3133	2472	4599	6949
SQUARE	300768	221
FOLD	2794	1721	1721	498228	498228	0	3049512
RAIL	41	56	583	2210
CORRELATION	3134	2474	4599	6949
SQUARE	300864	221
FOLD	2795	1722	1722	498519	498519	0	3050494
RAIL	10	86	583	2211
CORRELATION	3135	2474	4599	6949
SQUARE	300960	221
FOLD	2796	1723	1723	498807	498807	0	3051333
RAIL	10	87	583	2212
CORRELATION	3136	2476	4599	6949
SQUARE	301056	221
FOLD	2797	1724	1724	499098	499098	0	3052018
RAIL	40	56	583	2213
CORRELATION	3137	2476	4599	6949
SQUARE	301152	221
FOLD	2798	1725	1725	499386	499386	0	3052843
RAIL	40	57	583	2214
CORRELATION	3138	2476	4599	6949
SQUARE	301248	221
FOLD	2799	1726	1726	499677	499677	0	3053783
RAIL	11	85	583	2215
CORRELATION	3139	2476	4599	6949
SQUARE	301344	221
FOLD	2800	1727	1727	499965	499965	0	3054512
RAIL	11	86	583	2216
CORRELATION	3140	2476	4599	6949
SQUARE	301440	221
FOLD	2801	1728	1728	500256	500256	0	3055585
RAIL	39	57	583	2217
CORRELATION	3141	2476	4599	6949
SQUARE	301536	221
FOLD	2866	1729	1729	500544	500544	0	3131779
RAIL	44	53	615	2250
CORRELATION	3216	2551	4599	6949
SQUARE	308736	221
FOLD	2867	1730	1730	500835	500835	0	3139387
RAIL	43	53	615	2251
CORRELATION	3219	2555	4599	6949
SQUARE	309024	221
FOLD	2868	1731	1731	501123	501123	0	3140772
RAIL	43	54	615	2252
CORRELATION	3220	2555	4599	6949
SQUARE	309120	221
FOLD	2869	1732	1732	501414	501414	0	3146711
RAIL	42	54	615	2253
CORRELATION	3223	2559	4599	6949
SQUARE	309408	221
FOLD	2870	1733	1733	501702	501702	0	3148171
RAIL	42	55	615	2254
CORRELATION	3224	2559	4599	6949
SQUARE	309504	221
FOLD	2871	1734	1734	501993	501993	0	3155069
RAIL	41	55	615	2255
CORRELATION	3227	2563	4599	6949
SQUARE	309792	221
FOLD	2872	1735	1735	502281	502281	0	3156528
RAIL	41	56	615	2256
CORRELATION	3228	2563	4599	6949
SQUARE	309888	221
FOLD	2873	1736	1736	502572	502572	0	3158056
RAIL	10	86	615	2257
CORRELATION	3229	2563	4599	6949
SQUARE	309984	221
FOLD	2874	1737	1737	502860	502860	0	3159190
RAIL	10	87	615	2258
CORRELATION	3230	2563	4599	6949
SQUARE	310080	221
FOLD	2875	1738	1738	503151	503151	0	3160266
RAIL	40	56	615	2259
CORRELATION	3231	2563	4599	6949
SQUARE	310176	221
FOLD	2884	1739	1739	503439	503439	0	3174070
RAIL	38	59	619	2264
CORRELATION	3240	2573	4599	6949
SQUARE	311040	221
FOLD	2885	1740	1740	503730	503730	0	3175521
RAIL	13	83	619	2265
CORRELATION	3241	2575	4599	6949
SQUARE	311136	221
FOLD	2886	1741	1741	504018	504018	0	3176122
RAIL	13	84	619	2266
CORRELATION	3242	2575	4599	6949
SQUARE	311232	221
FOLD	2887	1742	1742	504309	504309	0	3177295
RAIL	37	59	619	2267
CORRELATION	3243	2577	4599	6949
SQUARE	311328	221
FOLD	2944	1743	1743	504597	504597	0	3257583
RAIL	44	53	647	2296
CORRELATION	3310	2644	4599	6949
SQUARE	317760	221
FOLD	2945	1744	1744	504888	504888	0	3262856
RAIL	43	53	647	2297
CORRELATION	3313	2648	4599	6949
SQUARE	318048	221
FOLD	2946	1745	1745	505176	505176	0	3265055
RAIL	43	54	647	2298
CORRELATION	3314	2650	4599	6949
SQUARE	318144	221
FOLD	2947	1746	1746	505467	505467	0	3267639
RAIL	42	54	647	2299
CORRELATION	3317	2652	4599	6949
SQUARE	318432	221
FOLD	2948	1747	1747	505755	505755	0	3268630
RAIL	42	55	647	2300
CORRELATION	3318	2652	4599	6949
SQUARE	318528	221
FOLD	2949	1748	1748	506046	506046	0	3272477
RAIL	41	55	647	2301
CORRELATION	3321	2656	4599	6949
SQUARE	318816	221
FOLD	2970	1749	1749	506334	506334	0	3295572
RAIL	36	61	657	2312
CORRELATION	3342	2674	4599	6949
SQUARE	320832	221
FOLD	2971	1750	1750	506625	506625	0	3296383
RAIL	15	81	657	2313
CORRELATION	3343	2674	4599	6949
SQUARE	320928	221
FOLD	3020	1751	1751	506913	506913	0	3349360
RAIL	45	52	681	2338
CORRELATION	3400	2732	4599	6949
SQUARE	326400	221
FOLD	3021	1752	1752	507204	507204	0	3351538
RAIL	44	52	681	2339
CORRELATION	3403	2732	4599	6949
SQUARE	326688	221
FOLD	3022	1753	1753	507492	507492	0	3353156
RAIL	44	53	681	2340
CORRELATION	3404	2736	4599	6949
SQUARE	326784	221
FOLD	3023	1754	1754	507783	507783	0	3356698
RAIL	43	53	681	2341
CORRELATION	3407	2740	4599	6949
SQUARE	327072	221
FOLD	3024	1755	1755	508071	508071	0	3357620
RAIL	43	54	681	2342
CORRELATION	3408	2740	4599	6949
SQUARE	327168	221
FOLD	3025	1756	1756	508362	508362	0	3360262
RAIL	42	54	681	2343
CORRELATION	3411	2743	4599	6949
SQUARE	327456	221
FOLD	3050	1757	1757	508650	508650	0	3385458
RAIL	15	82	693	2356
CORRELATION	3438	2770	4599	6949
SQUARE	330048	221
FOLD	3051	1758	1758	508941	508941	0	3386978
RAIL	35	61	693	2357
CORRELATION	3439	2772	4599	6949
SQUARE	330144	221
FOLD	3100	1759	1759	509229	509229	0	3443074
RAIL	44	53	717	2382
CORRELATION	3498	2828	4599	6949
SQUARE	335808	221
FOLD	3101	1760	1760	509520	509520	0	3445071
RAIL	43	53	717	2383
CORRELATION	3501	2830	4599	6949
SQUARE	336096	221
FOLD	3134	1761	1761	509808	509808	0	3483605
RAIL	34	63	733	2400
CORRELATION	3538	2870	4599	6949
SQUARE	339648	221
FOLD	3135	1762	1762	510099	510099	0	3485013
RAIL	17	79	733	2401
CORRELATION	3539	2871	4599	6949
SQUARE	339744	221
FOLD	3176	1763	1763	510387	510387	0	3538208
RAIL	45	52	753	2422
CORRELATION	3588	2918	4599	6949
SQUARE	344448	221
FOLD	3177	1764	1764	510678	510678	0	3541374
RAIL	44	52	753	2423
CORRELATION	3591	2921	4599	6949
SQUARE	344736	221
FOLD	3595	1742	1764	504309	510678	0	3991117
RAIL	15	81	974	2621
CORRELATION	4096	3308	4599	6949
SQUARE	393216	221
FOLD	4096	1715	1764	496497	510678	0	4486736
RAIL	23	74	1237	2858
CORRELATION	4692	3863	4599	6949
SQUARE	450432	221
FOLD	4732	1699	1764	491859	510678	0	5196319
RAIL	47	50	1563	3169
CORRELATION	5461	4500	4599	6949
SQUARE	524288	221
