INPUT	60938840191629480966830716039	96	57	484
FRAME	1	0	1	1	19
FOLD	1	1	1	288	288	0	47
RAIL	2	94	0	0
FOLD	2	1	1	291	291	0	57
RAIL	2	95	1	0
FOLD	4	3	3	867	867	0	881
RAIL	48	49	2	1
FOLD	5	5	5	1446	1446	0	1707
RAIL	3	93	2	2
FOLD	8	7	7	2025	2025	0	2766
RAIL	47	50	4	3
FOLD	9	9	9	2604	2604	0	3501
RAIL	4	92	4	4
FOLD	12	11	11	3183	3183	0	5384
RAIL	46	51	6	5
FOLD	13	13	13	3762	3762	0	5949
RAIL	5	91	6	6
FOLD	14	15	15	4341	4341	0	6629
RAIL	5	92	6	7
FOLD	15	17	17	4920	4920	0	7087
RAIL	45	51	6	8
FOLD	16	19	19	5499	5499	0	7550
RAIL	45	52	6	9
FOLD	17	21	21	6078	6078	0	8092
RAIL	6	90	6	10
FOLD	18	23	23	6657	6657	0	8585
RAIL	6	91	6	11
FOLD	19	25	25	7236	7236	0	8942
RAIL	44	52	6	12
FOLD	20	27	27	7815	7815	0	9444
RAIL	44	53	6	13
FOLD	21	29	29	8394	8394	0	9832
RAIL	7	89	6	14
FOLD	22	31	31	8973	8973	0	10285
RAIL	7	90	6	15
FOLD	23	33	33	9552	9552	0	10920
RAIL	43	53	6	16
FOLD	24	35	35	10131	10131	0	11650
RAIL	43	54	6	17
FOLD	25	37	37	10710	10710	0	12154
RAIL	8	88	6	18
FOLD	26	39	39	11289	11289	0	12562
RAIL	8	89	6	19
FOLD	27	41	41	11868	11868	0	12966
RAIL	42	54	6	20
FOLD	28	43	43	12447	12447	0	13430
RAIL	42	55	6	21
FOLD	29	45	45	13026	13026	0	13878
RAIL	9	87	6	22
FOLD	30	47	47	13605	13605	0	14280
RAIL	9	88	6	23
FOLD	31	49	49	14184	14184	0	14709
RAIL	41	55	6	24
FOLD	32	51	51	14763	14763	0	15143
RAIL	41	56	6	25
FOLD	33	53	53	15342	15342	0	15545
RAIL	10	86	6	26
FOLD	34	55	55	15921	15921	0	15953
RAIL	10	87	6	27
FOLD	35	57	57	16500	16500	0	16355
RAIL	40	56	6	28
FOLD	36	59	59	17079	17079	0	17016
RAIL	40	57	6	29
FOLD	37	61	61	17658	17658	0	17683
RAIL	11	85	6	30
FOLD	38	63	63	18237	18237	0	18241
RAIL	11	86	6	31
FOLD	39	65	65	18816	18816	0	18594
RAIL	39	57	6	32
FOLD	40	67	67	19395	19395	0	19043
RAIL	39	58	6	33
FOLD	41	69	69	19974	19974	0	19488
RAIL	12	84	6	34
FOLD	42	71	71	20553	20553	0	19849
RAIL	12	85	6	35
FOLD	43	73	73	21132	21132	0	20270
RAIL	38	58	6	36
FOLD	44	75	75	21711	21711	0	20771
RAIL	38	59	6	37
FOLD	45	77	77	22290	22290	0	21274
RAIL	13	83	6	38
FOLD	46	79	79	22869	22869	0	21725
RAIL	13	84	6	39
FOLD	47	81	81	23448	23448	0	22967
RAIL	37	59	6	40
FOLD	48	83	83	24027	24027	0	23388
RAIL	37	60	6	41
FOLD	49	85	85	24606	24606	0	23785
RAIL	14	82	6	42
FOLD	50	87	87	25185	25185	0	24201
RAIL	14	83	6	43
FOLD	51	89	89	25764	25764	0	25526
RAIL	36	60	6	44
FOLD	52	91	91	26343	26343	0	26265
RAIL	36	61	6	45
FOLD	53	93	93	26922	26922	0	26807
RAIL	15	81	6	46
FOLD	54	95	95	27501	27501	0	28121
RAIL	15	82	6	47
FOLD	55	97	97	28080	28080	0	28488
RAIL	35	61	6	48
FOLD	56	99	99	28659	28659	0	29004
RAIL	35	62	6	49
FOLD	57	101	101	29238	29238	0	30454
RAIL	16	80	6	50
FOLD	58	103	103	29817	29817	0	30940
RAIL	16	81	6	51
FOLD	59	105	105	30396	30396	0	31373
RAIL	34	62	6	52
FOLD	60	107	107	30975	30975	0	31822
RAIL	34	63	6	53
FOLD	61	109	109	31554	31554	0	32327
RAIL	17	79	6	54
FOLD	62	111	111	32133	32133	0	32843
RAIL	17	80	6	55
FOLD	63	113	113	32712	32712	0	33529
RAIL	33	63	6	56
FOLD	64	115	115	33291	33291	0	34142
RAIL	33	64	6	57
FOLD	65	117	117	33870	33870	0	34589
RAIL	18	78	6	58
FOLD	66	119	119	34449	34449	0	35012
RAIL	18	79	6	59
FOLD	67	121	121	35028	35028	0	35433
RAIL	32	64	6	60
FOLD	68	123	123	35607	35607	0	35874
RAIL	32	65	6	61
FOLD	69	125	125	36186	36186	0	36335
RAIL	19	77	6	62
FOLD	70	127	127	36765	36765	0	36793
RAIL	19	78	6	63
FOLD	71	129	129	37344	37344	0	37239
RAIL	31	65	6	64
FOLD	72	131	131	37923	37923	0	37664
RAIL	31	66	6	65
FOLD	73	133	133	38502	38502	0	38116
RAIL	20	76	6	66
FOLD	74	135	135	39081	39081	0	38599
RAIL	20	77	6	67
FOLD	75	137	137	39660	39660	0	39006
RAIL	30	66	6	68
FOLD	76	139	139	40239	40239	0	39433
RAIL	30	67	6	69
FOLD	77	141	141	40818	40818	0	39897
RAIL	21	75	6	70
FOLD	78	143	143	41397	41397	0	40447
RAIL	21	76	6	71
FOLD	79	145	145	41976	41976	0	41026
RAIL	29	67	6	72
FOLD	80	147	147	42555	42555	0	41562
RAIL	29	68	6	73
FOLD	81	149	149	43134	43134	0	42034
RAIL	22	74	6	74
FOLD	82	151	151	43713	43713	0	42680
RAIL	22	75	6	75
FOLD	83	153	153	44292	44292	0	43335
RAIL	28	68	6	76
FOLD	84	155	155	44871	44871	0	43811
RAIL	28	69	6	77
FOLD	85	157	157	45450	45450	0	44271
RAIL	23	73	6	78
FOLD	86	159	159	46029	46029	0	44757
RAIL	23	74	6	79
FOLD	87	161	161	46608	46608	0	45280
RAIL	27	69	6	80
FOLD	88	163	163	47187	47187	0	45789
RAIL	27	70	6	81
FOLD	89	165	165	47766	47766	0	46265
RAIL	24	72	6	82
FOLD	90	167	167	48345	48345	0	46714
RAIL	24	73	6	83
FOLD	91	169	169	48924	48924	0	47225
RAIL	26	70	6	84
FOLD	92	171	171	49503	49503	0	47748
RAIL	26	71	6	85
FOLD	93	173	173	50082	50082	0	48183
RAIL	25	71	6	86
FOLD	94	175	175	50661	50661	0	48702
RAIL	25	72	6	87
FOLD	95	176	176	50952	50952	0	49216
RAIL	48	48	6	88
FOLD	96	177	177	51240	51240	0	49703
RAIL	48	48	6	89
FOLD	97	178	178	51528	51528	0	50172
RAIL	48	48	6	90
FOLD	98	179	179	51816	51816	0	50677
RAIL	48	48	6	91
FOLD	99	180	180	52104	52104	0	51187
RAIL	48	49	6	92
FOLD	100	181	181	52395	52395	0	51661
RAIL	48	48	6	93
FOLD	101	182	182	52683	52683	0	52134
RAIL	48	48	6	94
FOLD	102	183	183	52971	52971	0	52614
RAIL	48	48	6	95
FOLD	103	184	184	53259	53259	0	53060
RAIL	47	49	6	96
FOLD	104	185	185	53547	53547	0	53570
RAIL	48	48	6	97
FOLD	105	186	186	53835	53835	0	53993
RAIL	47	50	6	98
FOLD	106	187	187	54126	54126	0	54495
RAIL	48	48	6	99
FOLD	107	188	188	54414	54414	0	54947
RAIL	48	48	6	100
FOLD	108	189	189	54702	54702	0	55374
RAIL	48	48	6	101
FOLD	109	190	190	54990	54990	0	55806
RAIL	46	50	6	102
FOLD	110	191	191	55278	55278	0	56444
RAIL	48	48	6	103
FOLD	111	192	192	55566	55566	0	57246
RAIL	46	51	6	104
FOLD	112	193	193	55857	55857	0	58076
RAIL	48	48	6	105
FOLD	113	194	194	56145	56145	0	60597
RAIL	5	91	6	106
FOLD	118	195	195	56430	56430	0	63220
RAIL	48	48	8	109
FOLD	119	196	196	56718	56718	0	64071
RAIL	45	52	8	110
FOLD	120	197	197	57009	57009	0	64853
RAIL	48	48	8	111
FOLD	121	198	198	57297	57297	0	65775
RAIL	6	90	8	112
FOLD	124	199	199	57588	57588	0	67473
RAIL	48	48	9	114
FOLD	125	200	200	57876	57876	0	68358
RAIL	44	52	9	115
FOLD	126	201	201	58164	58164	0	69174
RAIL	48	48	9	116
FOLD	127	202	202	58452	58452	0	69723
RAIL	44	53	9	117
FOLD	128	203	203	58743	58743	0	70196
RAIL	48	48	9	118
FOLD	129	204	204	59031	59031	0	70728
RAIL	7	89	9	119
FOLD	130	205	205	59319	59319	0	71201
RAIL	48	48	9	120
FOLD	131	206	206	59607	59607	0	71773
RAIL	7	90	9	121
FOLD	132	207	207	59898	59898	0	72211
RAIL	48	48	9	122
FOLD	133	208	208	60186	60186	0	72760
RAIL	43	53	9	123
FOLD	134	209	209	60474	60474	0	73263
RAIL	48	48	9	124
FOLD	135	210	210	60762	60762	0	73796
RAIL	43	54	9	125
FOLD	136	211	211	61053	61053	0	74273
RAIL	48	48	9	126
FOLD	137	212	212	61341	61341	0	74946
RAIL	8	88	9	127
FOLD	138	213	213	61629	61629	0	75401
RAIL	48	48	9	128
FOLD	139	214	214	61917	61917	0	75976
RAIL	8	89	9	129
FOLD	140	215	215	62208	62208	0	76435
RAIL	48	48	9	130
FOLD	141	216	216	62496	62496	0	77059
RAIL	42	54	9	131
FOLD	142	217	217	62784	62784	0	77531
RAIL	48	48	9	132
FOLD	143	218	218	63072	63072	0	78156
RAIL	42	55	9	133
FOLD	144	219	219	63363	63363	0	78650
RAIL	48	48	9	134
FOLD	145	220	220	63651	63651	0	79373
RAIL	9	87	9	135
FOLD	146	221	221	63939	63939	0	79867
RAIL	48	48	9	136
FOLD	147	222	222	64227	64227	0	80659
RAIL	9	88	9	137
FOLD	148	223	223	64518	64518	0	81037
RAIL	48	48	9	138
FOLD	149	224	224	64806	64806	0	81986
RAIL	41	55	9	139
FOLD	150	225	225	65094	65094	0	82536
RAIL	48	48	9	140
FOLD	151	226	226	65382	65382	0	83491
RAIL	41	56	9	141
FOLD	152	227	227	65673	65673	0	83991
RAIL	48	48	9	142
FOLD	153	228	228	65961	65961	0	84955
RAIL	10	86	9	143
FOLD	154	229	229	66249	66249	0	85348
RAIL	48	48	9	144
FOLD	155	230	230	66537	66537	0	86047
RAIL	10	87	9	145
FOLD	156	231	231	66828	66828	0	86517
RAIL	48	48	9	146
FOLD	157	232	232	67116	67116	0	87337
RAIL	40	56	9	147
FOLD	158	233	233	67404	67404	0	87855
RAIL	48	48	9	148
FOLD	159	234	234	67692	67692	0	88648
RAIL	40	57	9	149
FOLD	160	235	235	67983	67983	0	89053
RAIL	48	48	9	150
FOLD	161	236	236	68271	68271	0	90002
RAIL	11	85	9	151
FOLD	162	237	237	68559	68559	0	90400
RAIL	48	48	9	152
FOLD	163	238	238	68847	68847	0	91184
RAIL	11	86	9	153
FOLD	164	239	239	69138	69138	0	92848
RAIL	48	48	9	154
FOLD	165	240	240	69426	69426	0	93687
RAIL	39	57	9	155
FOLD	166	241	241	69714	69714	0	94113
RAIL	48	48	9	156
FOLD	167	242	242	70002	70002	0	94852
RAIL	39	58	9	157
FOLD	168	243	243	70293	70293	0	95295
RAIL	48	48	9	158
FOLD	169	244	244	70581	70581	0	95992
RAIL	12	84	9	159
FOLD	170	245	245	70869	70869	0	96569
RAIL	48	48	9	160
FOLD	175	246	246	71160	71160	0	98279
RAIL	38	59	11	163
FOLD	176	247	247	71451	71451	0	98716
RAIL	48	48	11	164
FOLD	181	248	248	71742	71742	0	100431
RAIL	37	59	13	167
FOLD	182	249	249	72030	72030	0	100975
RAIL	48	48	13	168
FOLD	183	250	250	72318	72318	0	101794
RAIL	37	60	13	169
FOLD	184	251	251	72609	72609	0	102231
RAIL	48	48	13	170
FOLD	189	252	252	72900	72900	0	104237
RAIL	36	60	15	173
FOLD	190	253	253	73188	73188	0	104761
RAIL	48	48	15	174
FOLD	195	254	254	73479	73479	0	106901
RAIL	15	82	17	177
FOLD	196	255	255	73770	73770	0	107368
RAIL	48	48	17	178
FOLD	197	256	256	74058	74058	0	108009
RAIL	35	61	17	179
FOLD	198	257	257	74346	74346	0	108449
RAIL	48	48	17	180
FOLD	199	258	258	74634	74634	0	109210
RAIL	35	62	17	181
FOLD	200	259	259	74925	74925	0	109709
RAIL	48	48	17	182
FOLD	205	260	260	75216	75216	0	111625
RAIL	34	62	19	185
FOLD	206	261	261	75504	75504	0	112109
RAIL	48	48	19	186
FOLD	211	262	262	75795	75795	0	113968
RAIL	17	80	21	189
FOLD	212	263	263	76086	76086	0	114490
RAIL	48	48	21	190
FOLD	213	264	264	76374	76374	0	115124
RAIL	33	63	21	191
FOLD	214	265	265	76662	76662	0	115585
RAIL	48	48	21	192
FOLD	221	266	266	76956	76956	0	118415
RAIL	32	64	24	196
FOLD	222	267	267	77244	77244	0	118866
RAIL	48	48	24	197
FOLD	223	268	268	77532	77532	0	119538
RAIL	32	65	24	198
FOLD	224	269	269	77823	77823	0	119960
RAIL	48	48	24	199
FOLD	225	270	270	78111	78111	0	120597
RAIL	19	77	24	200
FOLD	226	271	271	78399	78399	0	121038
RAIL	48	48	24	201
FOLD	227	272	272	78687	78687	0	122993
RAIL	19	78	24	202
FOLD	228	273	273	78978	78978	0	123455
RAIL	48	48	24	203
FOLD	233	274	274	79269	79269	0	125081
RAIL	20	76	26	206
FOLD	234	275	275	79557	79557	0	125498
RAIL	48	48	26	207
FOLD	239	276	276	79848	79848	0	127101
RAIL	30	67	28	210
FOLD	240	277	277	80139	80139	0	127519
RAIL	48	48	28	211
FOLD	241	278	278	80427	80427	0	128125
RAIL	21	75	28	212
FOLD	242	279	279	80715	80715	0	128566
RAIL	48	48	28	213
FOLD	249	280	280	81009	81009	0	131110
RAIL	22	74	31	217
FOLD	250	281	281	81297	81297	0	131528
RAIL	48	48	31	218
FOLD	251	282	282	81585	81585	0	132119
RAIL	22	75	31	219
FOLD	252	283	283	81876	81876	0	132598
RAIL	48	48	31	220
FOLD	253	284	284	82164	82164	0	133255
RAIL	28	68	31	221
FOLD	254	285	285	82452	82452	0	133714
RAIL	48	48	31	222
FOLD	256	285	285	82455	82455	0	134299
RAIL	48	48	32	223
FOLD	259	286	286	82743	82743	0	135392
RAIL	23	74	33	225
FOLD	260	287	287	83034	83034	0	135827
RAIL	48	48	33	226
FOLD	265	288	288	83325	83325	0	137474
RAIL	24	72	35	229
FOLD	266	289	289	83613	83613	0	137901
RAIL	48	48	35	230
FOLD	267	290	290	83901	83901	0	138572
RAIL	24	73	35	231
FOLD	268	291	291	84192	84192	0	139005
RAIL	48	48	35	232
FOLD	275	292	292	84483	84483	0	141854
RAIL	25	72	38	236
FOLD	276	293	293	84774	84774	0	142296
RAIL	48	48	38	237
FOLD	277	294	294	85062	85062	0	142931
RAIL	48	48	38	238
FOLD	278	295	295	85350	85350	0	143537
RAIL	48	48	38	239
FOLD	279	296	296	85638	85638	0	144124
RAIL	48	48	38	240
FOLD	280	297	297	85926	85926	0	144737
RAIL	48	49	38	241
FOLD	281	298	298	86217	86217	0	145160
RAIL	48	48	38	242
FOLD	290	299	299	86508	86508	0	148202
RAIL	46	50	42	247
FOLD	291	300	300	86796	86796	0	148638
RAIL	48	48	42	248
FOLD	302	301	301	87087	87087	0	152219
RAIL	6	90	47	254
FOLD	325	302	302	87381	87381	0	160485
RAIL	48	48	58	266
FOLD	326	303	303	87669	87669	0	161308
RAIL	9	87	58	267
FOLD	327	304	304	87957	87957	0	161776
RAIL	48	48	58	268
FOLD	328	305	305	88245	88245	0	162451
RAIL	9	88	58	269
FOLD	329	306	306	88536	88536	0	162808
RAIL	48	48	58	270
FOLD	330	307	307	88824	88824	0	163589
RAIL	41	55	58	271
FOLD	331	308	308	89112	89112	0	164077
RAIL	48	48	58	272
FOLD	336	309	309	89403	89403	0	165784
RAIL	10	87	60	275
FOLD	337	310	310	89694	89694	0	166155
RAIL	48	48	60	276
FOLD	342	311	311	89985	89985	0	167864
RAIL	11	85	62	279
FOLD	343	312	312	90273	90273	0	168241
RAIL	48	48	62	280
FOLD	344	313	313	90561	90561	0	168890
RAIL	11	86	62	281
FOLD	345	314	314	90852	90852	0	169272
RAIL	48	48	62	282
FOLD	352	315	315	91143	91143	0	171631
RAIL	12	85	65	286
FOLD	353	316	316	91434	91434	0	171980
RAIL	48	48	65	287
FOLD	354	317	317	91722	91722	0	172584
RAIL	38	58	65	288
FOLD	355	318	318	92010	92010	0	173011
RAIL	48	48	65	289
FOLD	356	319	319	92298	92298	0	173609
RAIL	38	59	65	290
FOLD	357	320	320	92589	92589	0	174026
RAIL	48	48	65	291
FOLD	362	321	321	92880	92880	0	175639
RAIL	37	59	67	294
FOLD	363	322	322	93168	93168	0	176056
RAIL	48	48	67	295
FOLD	368	323	323	93459	93459	0	177669
RAIL	14	83	69	298
FOLD	369	324	324	93750	93750	0	178016
RAIL	48	48	69	299
FOLD	370	325	325	94038	94038	0	178618
RAIL	36	60	69	300
FOLD	371	326	326	94326	94326	0	179022
RAIL	48	48	69	301
FOLD	378	327	327	94620	94620	0	181243
RAIL	35	61	72	305
FOLD	379	328	328	94908	94908	0	181656
RAIL	48	48	72	306
FOLD	380	329	329	95196	95196	0	182327
RAIL	35	62	72	307
FOLD	381	330	330	95487	95487	0	182731
RAIL	48	48	72	308
FOLD	382	331	331	95775	95775	0	183274
RAIL	16	80	72	309
FOLD	383	332	332	96063	96063	0	183665
RAIL	48	48	72	310
FOLD	384	333	333	96351	96351	0	184324
RAIL	16	81	72	311
FOLD	385	334	334	96642	96642	0	184794
RAIL	48	48	72	312
FOLD	386	335	335	96930	96930	0	185396
RAIL	34	62	72	313
FOLD	387	336	336	97218	97218	0	185805
RAIL	48	48	72	314
FOLD	388	337	337	97506	97506	0	186396
RAIL	34	63	72	315
FOLD	389	338	338	97797	97797	0	186801
RAIL	48	48	72	316
FOLD	394	339	339	98088	98088	0	188388
RAIL	33	63	74	319
FOLD	395	340	340	98376	98376	0	188784
RAIL	48	48	74	320
FOLD	400	341	341	98667	98667	0	190478
RAIL	18	79	76	323
FOLD	401	342	342	98958	98958	0	190898
RAIL	48	48	76	324
FOLD	402	343	343	99246	99246	0	191497
RAIL	32	64	76	325
FOLD	403	344	344	99534	99534	0	191936
RAIL	48	48	76	326
FOLD	408	345	345	99825	99825	0	193622
RAIL	19	78	78	329
FOLD	409	346	346	100116	100116	0	194093
RAIL	48	48	78	330
FOLD	414	347	347	100407	100407	0	195787
RAIL	20	76	80	333
FOLD	415	348	348	100695	100695	0	196279
RAIL	48	48	80	334
FOLD	416	349	349	100983	100983	0	196926
RAIL	20	77	80	335
FOLD	417	350	350	101274	101274	0	197432
RAIL	48	48	80	336
FOLD	418	351	351	101562	101562	0	198076
RAIL	30	66	80	337
FOLD	419	352	352	101850	101850	0	198515
RAIL	48	48	80	338
FOLD	424	353	353	102141	102141	0	201356
RAIL	21	76	82	341
FOLD	425	354	354	102432	102432	0	201881
RAIL	48	48	82	342
FOLD	430	355	355	102723	102723	0	204925
RAIL	22	74	84	345
FOLD	431	356	356	103011	103011	0	205497
RAIL	48	48	84	346
FOLD	432	357	357	103299	103299	0	206110
RAIL	22	75	84	347
FOLD	433	358	358	103590	103590	0	206613
RAIL	48	48	84	348
FOLD	440	359	359	103881	103881	0	209326
RAIL	23	74	87	352
FOLD	441	360	360	104172	104172	0	209811
RAIL	48	48	87	353
FOLD	442	361	361	104460	104460	0	210419
RAIL	27	69	87	354
FOLD	443	362	362	104748	104748	0	210906
RAIL	48	48	87	355
FOLD	444	363	363	105036	105036	0	211520
RAIL	27	70	87	356
FOLD	445	364	364	105327	105327	0	211959
RAIL	48	48	87	357
FOLD	446	365	365	105615	105615	0	212602
RAIL	24	72	87	358
FOLD	447	366	366	105903	105903	0	213067
RAIL	48	48	87	359
FOLD	452	367	367	106194	106194	0	216173
RAIL	26	71	89	362
FOLD	453	368	368	106485	106485	0	217767
RAIL	48	48	89	363
FOLD	458	369	369	106776	106776	0	219453
RAIL	48	48	91	366
FOLD	459	370	370	107064	107064	0	220251
RAIL	48	48	91	367
FOLD	466	371	371	107355	107355	0	222798
RAIL	48	48	94	371
FOLD	467	372	372	107643	107643	0	223466
RAIL	47	50	94	372
FOLD	468	373	373	107934	107934	0	223892
RAIL	48	48	94	373
FOLD	477	374	374	108225	108225	0	226762
RAIL	45	51	98	378
FOLD	478	375	375	108513	108513	0	227225
RAIL	48	48	98	379
FOLD	487	376	376	108804	108804	0	230367
RAIL	48	48	102	384
FOLD	488	377	377	109092	109092	0	230968
RAIL	7	89	102	385
FOLD	493	378	378	109377	109377	0	232685
RAIL	48	48	104	388
FOLD	506	379	379	109668	109668	0	237105
RAIL	9	88	110	395
FOLD	507	380	380	109959	109959	0	237496
RAIL	48	48	110	396
FOLD	512	379	380	109674	109962	0	238810
RAIL	10	86	113	398
FOLD	514	381	381	110250	110250	0	239714
RAIL	10	87	113	400
FOLD	515	382	382	110541	110541	0	240097
RAIL	48	48	113	401
FOLD	516	383	383	110829	110829	0	240706
RAIL	40	56	113	402
FOLD	517	384	384	111117	111117	0	241142
RAIL	48	48	113	403
FOLD	518	385	385	111405	111405	0	241741
RAIL	40	57	113	404
FOLD	519	386	386	111696	111696	0	242136
RAIL	48	48	113	405
FOLD	524	387	387	111987	111987	0	243668
RAIL	39	57	115	408
FOLD	525	388	388	112275	112275	0	244143
RAIL	48	48	115	409
FOLD	530	389	389	112566	112566	0	245808
RAIL	12	85	117	412
FOLD	531	390	390	112857	112857	0	246169
RAIL	48	48	117	413
FOLD	532	391	391	113145	113145	0	246772
RAIL	38	58	117	414
FOLD	533	392	392	113433	113433	0	247282
RAIL	48	48	117	415
FOLD	540	393	393	113727	113727	0	249914
RAIL	37	59	120	419
FOLD	541	394	394	114015	114015	0	250393
RAIL	48	48	120	420
FOLD	542	395	395	114303	114303	0	251009
RAIL	37	60	120	421
FOLD	543	396	396	114594	114594	0	251454
RAIL	48	48	120	422
FOLD	544	397	397	114882	114882	0	252093
RAIL	14	82	120	423
FOLD	545	398	398	115170	115170	0	252499
RAIL	48	48	120	424
FOLD	546	399	399	115458	115458	0	253148
RAIL	14	83	120	425
FOLD	547	400	400	115749	115749	0	253498
RAIL	48	48	120	426
FOLD	552	401	401	116040	116040	0	255091
RAIL	15	81	122	429
FOLD	553	402	402	116328	116328	0	255421
RAIL	48	48	122	430
FOLD	558	403	403	116619	116619	0	257010
RAIL	35	62	124	433
FOLD	559	404	404	116910	116910	0	257439
RAIL	48	48	124	434
FOLD	560	405	405	117198	117198	0	258098
RAIL	16	80	124	435
FOLD	561	406	406	117486	117486	0	258528
RAIL	48	48	124	436
FOLD	568	407	407	117780	117780	0	260958
RAIL	17	79	127	440
FOLD	569	408	408	118068	118068	0	261366
RAIL	48	48	127	441
FOLD	570	409	409	118356	118356	0	262012
RAIL	17	80	127	442
FOLD	571	410	410	118647	118647	0	262590
RAIL	48	48	127	443
FOLD	572	411	411	118935	118935	0	263172
RAIL	33	63	127	444
FOLD	573	412	412	119223	119223	0	263776
RAIL	48	48	127	445
FOLD	578	413	413	119514	119514	0	265439
RAIL	18	79	129	448
FOLD	579	414	414	119805	119805	0	265833
RAIL	48	48	129	449
FOLD	584	415	415	120096	120096	0	267497
RAIL	19	77	131	452
FOLD	585	416	416	120384	120384	0	267964
RAIL	48	48	131	453
FOLD	586	417	417	120672	120672	0	268557
RAIL	19	78	131	454
FOLD	587	418	418	120963	120963	0	268941
RAIL	48	48	131	455
FOLD	594	419	419	121254	121254	0	271414
RAIL	20	77	134	459
FOLD	595	420	420	121545	121545	0	271814
RAIL	48	48	134	460
FOLD	596	421	421	121833	121833	0	272402
RAIL	30	66	134	461
FOLD	597	422	422	122121	122121	0	272805
RAIL	48	48	134	462
FOLD	598	423	423	122409	122409	0	273516
RAIL	30	67	134	463
FOLD	599	424	424	122700	122700	0	273930
RAIL	48	48	134	464
FOLD	600	425	425	122988	122988	0	274528
RAIL	21	75	134	465
FOLD	601	426	426	123276	123276	0	274959
RAIL	48	48	134	466
FOLD	602	427	427	123564	123564	0	275531
RAIL	21	76	134	467
FOLD	603	428	428	123855	123855	0	275903
RAIL	48	48	134	468
FOLD	604	429	429	124143	124143	0	276452
RAIL	29	67	134	469
FOLD	605	430	430	124431	124431	0	276866
RAIL	48	48	134	470
FOLD	606	431	431	124719	124719	0	277537
RAIL	29	68	134	471
FOLD	607	432	432	125010	125010	0	279492
RAIL	48	48	134	472
FOLD	612	433	433	125301	125301	0	280989
RAIL	28	68	136	475
FOLD	613	434	434	125589	125589	0	281424
RAIL	48	48	136	476
FOLD	618	435	435	125880	125880	0	283447
RAIL	23	74	138	479
FOLD	619	436	436	126171	126171	0	284073
RAIL	48	48	138	480
FOLD	620	437	437	126459	126459	0	284825
RAIL	27	69	138	481
FOLD	621	438	438	126747	126747	0	285312
RAIL	48	48	138	482
FOLD	626	439	439	127038	127038	0	286781
RAIL	24	73	140	485
FOLD	627	440	440	127329	127329	0	287158
RAIL	48	48	140	486
FOLD	632	441	441	127620	127620	0	288639
RAIL	25	71	142	489
FOLD	633	442	442	127908	127908	0	289051
RAIL	48	48	142	490
FOLD	634	443	443	128196	128196	0	289666
RAIL	25	72	142	491
FOLD	635	444	444	128487	128487	0	290233
RAIL	48	48	142	492
FOLD	636	445	445	128775	128775	0	290903
RAIL	48	48	142	493
FOLD	645	446	446	129066	129066	0	294386
RAIL	47	50	146	498
FOLD	646	447	447	129357	129357	0	295028
RAIL	48	48	146	499
FOLD	653	448	448	129648	129648	0	298404
RAIL	48	48	149	503
FOLD	654	449	449	129936	129936	0	299125
RAIL	48	48	149	504
FOLD	655	450	450	130224	130224	0	299802
RAIL	45	51	149	505
FOLD	656	451	451	130512	130512	0	300402
RAIL	48	48	149	506
FOLD	667	452	452	130803	130803	0	305103
RAIL	48	48	154	512
FOLD	668	453	453	131091	131091	0	307489
RAIL	7	90	154	513
FOLD	669	454	454	131382	131382	0	307895
RAIL	48	48	154	514
FOLD	680	455	455	131670	131670	0	312629
RAIL	42	55	159	520
FOLD	681	456	456	131961	131961	0	313044
RAIL	48	48	159	521
FOLD	694	457	457	132252	132252	0	316637
RAIL	40	56	165	528
FOLD	695	458	458	132540	132540	0	317045
RAIL	48	48	165	529
FOLD	702	459	459	132834	132834	0	319421
RAIL	39	57	168	533
FOLD	703	460	460	133122	133122	0	319788
RAIL	48	48	168	534
FOLD	704	461	461	133410	133410	0	320355
RAIL	39	58	168	535
FOLD	705	462	462	133701	133701	0	320719
RAIL	48	48	168	536
FOLD	706	463	463	133989	133989	0	321309
RAIL	12	84	168	537
FOLD	707	464	464	134277	134277	0	321626
RAIL	48	48	168	538
FOLD	708	465	465	134565	134565	0	322264
RAIL	12	85	168	539
FOLD	709	466	466	134856	134856	0	322649
RAIL	48	48	168	540
FOLD	710	467	467	135144	135144	0	323205
RAIL	38	58	168	541
FOLD	711	468	468	135432	135432	0	323606
RAIL	48	48	168	542
FOLD	716	469	469	135723	135723	0	325012
RAIL	13	84	170	545
FOLD	717	470	470	136014	136014	0	325356
RAIL	48	48	170	546
FOLD	722	471	471	136305	136305	0	327732
RAIL	14	82	172	549
FOLD	723	472	472	136593	136593	0	328976
RAIL	48	48	172	550
FOLD	724	473	473	136881	136881	0	331198
RAIL	14	83	172	551
FOLD	725	474	474	137172	137172	0	331574
RAIL	48	48	172	552
FOLD	732	475	475	137463	137463	0	333772
RAIL	15	82	175	556
FOLD	733	476	476	137754	137754	0	334131
RAIL	48	48	175	557
FOLD	734	477	477	138042	138042	0	334666
RAIL	35	61	175	558
FOLD	735	478	478	138330	138330	0	335026
RAIL	48	48	175	559
FOLD	736	479	479	138618	138618	0	335595
RAIL	35	62	175	560
FOLD	737	480	480	138909	138909	0	336059
RAIL	48	48	175	561
FOLD	742	481	481	139200	139200	0	337618
RAIL	34	62	177	564
FOLD	743	482	482	139488	139488	0	338079
RAIL	48	48	177	565
FOLD	748	483	483	139779	139779	0	339524
RAIL	17	80	179	568
FOLD	749	484	484	140070	140070	0	339892
RAIL	48	48	179	569
FOLD	750	485	485	140358	140358	0	340447
RAIL	33	63	179	570
FOLD	751	486	486	140646	140646	0	340897
RAIL	48	48	179	571
FOLD	758	487	487	140940	140940	0	343394
RAIL	32	64	182	575
FOLD	759	488	488	141228	141228	0	343786
RAIL	48	48	182	576
FOLD	760	489	489	141516	141516	0	345488
RAIL	32	65	182	577
FOLD	761	490	490	141807	141807	0	346237
RAIL	48	48	182	578
FOLD	762	491	491	142095	142095	0	346820
RAIL	19	77	182	579
FOLD	763	492	492	142383	142383	0	347225
RAIL	48	48	182	580
FOLD	764	493	493	142671	142671	0	347767
RAIL	19	78	182	581
FOLD	765	494	494	142962	142962	0	348159
RAIL	48	48	182	582
FOLD	770	495	495	143253	143253	0	350060
RAIL	20	76	184	585
FOLD	771	496	496	143541	143541	0	350467
RAIL	48	48	184	586
FOLD	776	497	497	143832	143832	0	352329
RAIL	30	67	186	589
FOLD	777	498	498	144123	144123	0	352721
RAIL	48	48	186	590
FOLD	778	499	499	144411	144411	0	353339
RAIL	21	75	186	591
FOLD	779	500	500	144699	144699	0	353782
RAIL	48	48	186	592
FOLD	786	501	501	144993	144993	0	355978
RAIL	22	74	189	596
FOLD	787	502	502	145281	145281	0	356379
RAIL	48	48	189	597
FOLD	788	503	503	145569	145569	0	356921
RAIL	22	75	189	598
FOLD	789	504	504	145860	145860	0	357310
RAIL	48	48	189	599
FOLD	790	505	505	146148	146148	0	357851
RAIL	28	68	189	600
FOLD	791	506	506	146436	146436	0	358244
RAIL	48	48	189	601
FOLD	796	507	507	146727	146727	0	359856
RAIL	23	74	191	604
FOLD	797	508	508	147018	147018	0	361419
RAIL	48	48	191	605
FOLD	802	509	509	147309	147309	0	363309
RAIL	24	72	193	608
FOLD	803	510	510	147597	147597	0	363697
RAIL	48	48	193	609
FOLD	804	511	511	147885	147885	0	364299
RAIL	24	73	193	610
FOLD	805	512	512	148176	148176	0	364653
RAIL	48	48	193	611
FOLD	812	513	513	148467	148467	0	367802
RAIL	25	72	196	615
FOLD	813	514	514	148758	148758	0	368499
RAIL	48	48	196	616
FOLD	814	515	515	149046	149046	0	369524
RAIL	48	48	196	617
FOLD	815	516	516	149334	149334	0	370093
RAIL	48	48	196	618
FOLD	816	517	517	149622	149622	0	370614
RAIL	48	48	196	619
FOLD	817	518	518	149910	149910	0	371131
RAIL	48	49	196	620
FOLD	818	519	519	150201	150201	0	371508
RAIL	48	48	196	621
FOLD	819	520	520	150489	150489	0	372039
RAIL	48	48	196	622
FOLD	824	521	521	150780	150780	0	373546
RAIL	48	48	198	625
FOLD	829	522	522	151068	151068	0	375127
RAIL	46	51	200	628
FOLD	830	523	523	151359	151359	0	375529
RAIL	48	48	200	629
FOLD	839	524	524	151650	151650	0	378387
RAIL	44	52	204	634
FOLD	840	525	525	151938	151938	0	378879
RAIL	48	48	204	635
FOLD	841	526	526	152226	152226	0	379475
RAIL	44	53	204	636
FOLD	842	527	527	152517	152517	0	379893
RAIL	48	48	204	637
FOLD	855	528	528	152808	152808	0	384046
RAIL	42	54	210	644
FOLD	856	529	529	153096	153096	0	384515
RAIL	48	48	210	645
FOLD	867	530	530	153387	153387	0	388859
RAIL	10	86	215	651
FOLD	876	531	531	153675	153675	0	391887
RAIL	48	48	219	656
FOLD	881	532	532	153966	153966	0	393367
RAIL	39	58	221	659
FOLD	882	533	533	154257	154257	0	393756
RAIL	48	48	221	660
FOLD	883	534	534	154545	154545	0	394357
RAIL	12	84	221	661
FOLD	884	535	535	154833	154833	0	394684
RAIL	48	48	221	662
FOLD	891	536	536	155127	155127	0	397291
RAIL	13	83	224	666
FOLD	892	537	537	155415	155415	0	397683
RAIL	48	48	224	667
FOLD	893	538	538	155703	155703	0	398276
RAIL	13	84	224	668
FOLD	894	539	539	155994	155994	0	398669
RAIL	48	48	224	669
FOLD	899	540	540	156285	156285	0	401323
RAIL	14	82	226	672
FOLD	900	541	541	156573	156573	0	401688
RAIL	48	48	226	673
FOLD	905	542	542	156864	156864	0	404093
RAIL	36	61	228	676
FOLD	906	543	543	157155	157155	0	404488
RAIL	48	48	228	677
FOLD	907	544	544	157443	157443	0	405117
RAIL	15	81	228	678
FOLD	908	545	545	157731	157731	0	405439
RAIL	48	48	228	679
FOLD	909	546	546	158019	158019	0	406019
RAIL	15	82	228	680
FOLD	910	547	547	158310	158310	0	406369
RAIL	48	48	228	681
FOLD	911	548	548	158598	158598	0	406955
RAIL	35	61	228	682
FOLD	912	549	549	158886	158886	0	407423
RAIL	48	48	228	683
FOLD	913	550	550	159174	159174	0	408037
RAIL	35	62	228	684
FOLD	914	551	551	159465	159465	0	408420
RAIL	48	48	228	685
FOLD	919	552	552	159756	159756	0	410097
RAIL	34	62	230	688
FOLD	920	553	553	160044	160044	0	411136
RAIL	48	48	230	689
FOLD	925	554	554	160335	160335	0	413350
RAIL	17	80	232	692
FOLD	926	555	555	160626	160626	0	413758
RAIL	48	48	232	693
FOLD	927	556	556	160914	160914	0	414304
RAIL	33	63	232	694
FOLD	928	557	557	161202	161202	0	414729
RAIL	48	48	232	695
FOLD	935	558	558	161496	161496	0	417016
RAIL	32	64	235	699
FOLD	936	559	559	161784	161784	0	417485
RAIL	48	48	235	700
FOLD	937	560	560	162072	162072	0	418028
RAIL	32	65	235	701
FOLD	938	561	561	162363	162363	0	418400
RAIL	48	48	235	702
FOLD	939	562	562	162651	162651	0	418967
RAIL	19	77	235	703
FOLD	940	563	563	162939	162939	0	419362
RAIL	48	48	235	704
FOLD	945	564	564	163230	163230	0	420853
RAIL	31	66	237	707
FOLD	946	565	565	163521	163521	0	421274
RAIL	48	48	237	708
FOLD	951	566	566	163812	163812	0	422729
RAIL	30	66	239	711
FOLD	952	567	567	164100	164100	0	423163
RAIL	48	48	239	712
FOLD	953	568	568	164388	164388	0	423708
RAIL	30	67	239	713
FOLD	954	569	569	164679	164679	0	424289
RAIL	48	48	239	714
FOLD	961	570	570	164970	164970	0	427063
RAIL	29	68	242	718
FOLD	962	571	571	165261	165261	0	427483
RAIL	48	48	242	719
FOLD	963	572	572	165549	165549	0	428030
RAIL	22	74	242	720
FOLD	964	573	573	165837	165837	0	428385
RAIL	48	48	242	721
FOLD	965	574	574	166125	166125	0	428964
RAIL	22	75	242	722
FOLD	966	575	575	166416	166416	0	429357
RAIL	48	48	242	723
FOLD	967	576	576	166704	166704	0	429917
RAIL	28	68	242	724
FOLD	968	577	577	166992	166992	0	430274
RAIL	48	48	242	725
FOLD	973	578	578	167283	167283	0	431697
RAIL	23	74	244	728
FOLD	974	579	579	167574	167574	0	432058
RAIL	48	48	244	729
FOLD	979	580	580	167865	167865	0	433511
RAIL	24	72	246	732
FOLD	980	581	581	168153	168153	0	433872
RAIL	48	48	246	733
FOLD	981	582	582	168441	168441	0	434409
RAIL	24	73	246	734
FOLD	982	583	583	168732	168732	0	434794
RAIL	48	48	246	735
FOLD	989	584	584	169023	169023	0	438372
RAIL	25	72	249	739
FOLD	990	585	585	169314	169314	0	439684
RAIL	48	48	249	740
FOLD	991	586	586	169602	169602	0	440228
RAIL	48	48	249	741
FOLD	992	587	587	169890	169890	0	442504
RAIL	48	48	249	742
FOLD	1001	588	588	170184	170184	0	448173
RAIL	48	48	253	747
FOLD	1002	589	589	170472	170472	0	448809
RAIL	48	48	253	748
FOLD	1009	590	590	170763	170763	0	451319
RAIL	48	48	256	752
FOLD	1010	591	591	171051	171051	0	451869
RAIL	45	51	256	753
FOLD	1011	592	592	171339	171339	0	452535
RAIL	48	48	256	754
FOLD	1012	593	593	171627	171627	0	454935
RAIL	45	52	256	755
FOLD	1013	594	594	171918	171918	0	457104
RAIL	48	48	256	756
FOLD	1014	595	595	172206	172206	0	458140
RAIL	48	48	256	757
FOLD	1015	596	596	172494	172494	0	459230
RAIL	48	48	256	758
FOLD	1016	597	597	172782	172782	0	460336
RAIL	44	52	256	759
FOLD	1017	598	598	173070	173070	0	461035
RAIL	48	48	256	760
FOLD	1018	599	599	173358	173358	0	462204
RAIL	44	53	256	761
FOLD	1019	600	600	173649	173649	0	464730
RAIL	48	48	256	762
FOLD	1024	597	600	172782	173649	0	466628
RAIL	43	53	260	763
FOLD	1044	601	601	173943	173943	0	475552
RAIL	10	86	268	775
FOLD	1049	602	602	174228	174228	0	477165
RAIL	48	48	270	778
FOLD	1062	603	603	174519	174519	0	480804
RAIL	12	85	276	785
FOLD	1063	604	604	174810	174810	0	481166
RAIL	48	48	276	786
FOLD	1070	605	605	175101	175101	0	483616
RAIL	13	84	279	790
FOLD	1071	606	606	175392	175392	0	483947
RAIL	48	48	279	791
FOLD	1072	607	607	175680	175680	0	484499
RAIL	37	59	279	792
FOLD	1073	608	608	175968	175968	0	484870
RAIL	48	48	279	793
FOLD	1074	609	609	176256	176256	0	485487
RAIL	37	60	279	794
FOLD	1075	610	610	176547	176547	0	485916
RAIL	48	48	279	795
FOLD	1076	611	611	176835	176835	0	486549
RAIL	14	82	279	796
FOLD	1077	612	612	177123	177123	0	486891
RAIL	48	48	279	797
FOLD	1082	613	613	177414	177414	0	490063
RAIL	36	61	281	800
FOLD	1083	614	614	177705	177705	0	490471
RAIL	48	48	281	801
FOLD	1088	615	615	177996	177996	0	491912
RAIL	35	61	283	804
FOLD	1089	616	616	178284	178284	0	492357
RAIL	48	48	283	805
FOLD	1090	617	617	178572	178572	0	492943
RAIL	35	62	283	806
FOLD	1091	618	618	178863	178863	0	493394
RAIL	48	48	283	807
FOLD	1098	619	619	179154	179154	0	495988
RAIL	34	63	286	811
FOLD	1099	620	620	179445	179445	0	496361
RAIL	48	48	286	812
FOLD	1100	621	621	179733	179733	0	496932
RAIL	17	79	286	813
FOLD	1101	622	622	180021	180021	0	497342
RAIL	48	48	286	814
FOLD	1102	623	623	180309	180309	0	497900
RAIL	17	80	286	815
FOLD	1103	624	624	180600	180600	0	498273
RAIL	48	48	286	816
FOLD	1108	625	625	180891	180891	0	499872
RAIL	18	78	288	819
FOLD	1109	626	626	181179	181179	0	500266
RAIL	48	48	288	820
FOLD	1114	627	627	181470	181470	0	501824
RAIL	32	65	290	823
FOLD	1115	628	628	181761	181761	0	502205
RAIL	48	48	290	824
FOLD	1116	629	629	182049	182049	0	504332
RAIL	19	77	290	825
FOLD	1117	630	630	182337	182337	0	504922
RAIL	48	48	290	826
FOLD	1124	631	631	182631	182631	0	507964
RAIL	20	76	293	830
FOLD	1125	632	632	182919	182919	0	508349
RAIL	48	48	293	831
FOLD	1126	633	633	183207	183207	0	508896
RAIL	20	77	293	832
FOLD	1127	634	634	183498	183498	0	509393
RAIL	48	48	293	833
FOLD	1128	635	635	183786	183786	0	509922
RAIL	30	66	293	834
FOLD	1129	636	636	184074	184074	0	510304
RAIL	48	48	293	835
FOLD	1130	637	637	184362	184362	0	510880
RAIL	30	67	293	836
FOLD	1131	638	638	184653	184653	0	511258
RAIL	48	48	293	837
FOLD	1132	639	639	184941	184941	0	511852
RAIL	21	75	293	838
FOLD	1133	640	640	185229	185229	0	512273
RAIL	48	48	293	839
FOLD	1138	641	641	185520	185520	0	513850
RAIL	29	68	295	842
FOLD	1139	642	642	185811	185811	0	514234
RAIL	48	48	295	843
FOLD	1144	643	643	186102	186102	0	515644
RAIL	28	68	297	846
FOLD	1145	644	644	186390	186390	0	516029
RAIL	48	48	297	847
FOLD	1146	645	645	186678	186678	0	516677
RAIL	28	69	297	848
FOLD	1147	646	646	186969	186969	0	517068
RAIL	48	48	297	849
FOLD	1154	647	647	187260	187260	0	519517
RAIL	27	70	300	853
FOLD	1155	648	648	187551	187551	0	520811
RAIL	48	48	300	854
FOLD	1156	649	649	187839	187839	0	521354
RAIL	24	72	300	855
FOLD	1157	650	650	188127	188127	0	521744
RAIL	48	48	300	856
FOLD	1158	651	651	188415	188415	0	522326
RAIL	24	73	300	857
FOLD	1159	652	652	188706	188706	0	522715
RAIL	48	48	300	858
FOLD	1164	653	653	188997	188997	0	524271
RAIL	25	71	302	861
FOLD	1165	654	654	189285	189285	0	524679
RAIL	48	48	302	862
FOLD	1170	655	655	189576	189576	0	526497
RAIL	48	48	304	865
FOLD	1177	656	656	189867	189867	0	529076
RAIL	47	50	307	869
FOLD	1178	657	657	190158	190158	0	529514
RAIL	48	48	307	870
FOLD	1179	658	658	190446	190446	0	530065
RAIL	48	48	307	871
FOLD	1180	659	659	190734	190734	0	530667
RAIL	48	48	307	872
FOLD	1185	660	660	191025	191025	0	532305
RAIL	48	48	309	875
FOLD	1190	661	661	191316	191316	0	533870
RAIL	48	48	311	878
FOLD	1191	662	662	191604	191604	0	534468
RAIL	48	48	311	879
FOLD	1198	663	663	191895	191895	0	536869
RAIL	48	48	314	883
FOLD	1199	664	664	192183	192183	0	537462
RAIL	43	53	314	884
FOLD	1200	665	665	192471	192471	0	537897
RAIL	48	48	314	885
FOLD	1225	666	666	192765	192765	0	545037
RAIL	40	57	326	898
FOLD	1226	667	667	193056	193056	0	545503
RAIL	48	48	326	899
FOLD	1227	668	668	193344	193344	0	546276
RAIL	11	85	326	900
FOLD	1232	669	669	193629	193629	0	548267
RAIL	48	48	328	903
FOLD	1233	670	670	193917	193917	0	548885
RAIL	39	58	328	904
FOLD	1234	671	671	194208	194208	0	549400
RAIL	48	48	328	905
FOLD	1235	672	672	194496	194496	0	550075
RAIL	12	84	328	906
FOLD	1248	673	673	194787	194787	0	553860
RAIL	48	48	334	913
FOLD	1249	674	674	195075	195075	0	554433
RAIL	37	60	334	914
FOLD	1250	675	675	195366	195366	0	554810
RAIL	48	48	334	915
FOLD	1255	676	676	195657	195657	0	556228
RAIL	36	60	336	918
FOLD	1256	677	677	195945	195945	0	556666
RAIL	48	48	336	919
FOLD	1261	678	678	196236	196236	0	558256
RAIL	15	82	338	922
FOLD	1262	679	679	196527	196527	0	558677
RAIL	48	48	338	923
FOLD	1263	680	680	196815	196815	0	559259
RAIL	35	61	338	924
FOLD	1264	681	681	197103	197103	0	559723
RAIL	48	48	338	925
FOLD	1265	682	682	197391	197391	0	560292
RAIL	35	62	338	926
FOLD	1266	683	683	197682	197682	0	560798
RAIL	48	48	338	927
FOLD	1271	684	684	197973	197973	0	562508
RAIL	34	62	340	930
FOLD	1272	685	685	198261	198261	0	562896
RAIL	48	48	340	931
FOLD	1277	686	686	198552	198552	0	565384
RAIL	17	80	342	934
FOLD	1278	687	687	198843	198843	0	565782
RAIL	48	48	342	935
FOLD	1279	688	688	199131	199131	0	568105
RAIL	33	63	342	936
FOLD	1280	689	689	199419	199419	0	568501
RAIL	48	48	342	937
FOLD	1287	690	690	199713	199713	0	571028
RAIL	32	64	345	941
FOLD	1288	691	691	200001	200001	0	571466
RAIL	48	48	345	942
FOLD	1289	692	692	200289	200289	0	572042
RAIL	32	65	345	943
FOLD	1290	693	693	200580	200580	0	572435
RAIL	48	48	345	944
FOLD	1291	694	694	200868	200868	0	572988
RAIL	19	77	345	945
FOLD	1292	695	695	201156	201156	0	573409
RAIL	48	48	345	946
FOLD	1293	696	696	201444	201444	0	574079
RAIL	19	78	345	947
FOLD	1294	697	697	201735	201735	0	574476
RAIL	48	48	345	948
FOLD	1299	698	698	202026	202026	0	576176
RAIL	20	76	347	951
FOLD	1300	699	699	202314	202314	0	576575
RAIL	48	48	347	952
FOLD	1305	700	700	202605	202605	0	578178
RAIL	30	67	349	955
FOLD	1306	701	701	202896	202896	0	578577
RAIL	48	48	349	956
FOLD	1307	702	702	203184	203184	0	579133
RAIL	21	75	349	957
FOLD	1308	703	703	203472	203472	0	579619
RAIL	48	48	349	958
FOLD	1313	704	704	203763	203763	0	581305
RAIL	29	68	351	961
FOLD	1314	705	705	204054	204054	0	581733
RAIL	48	48	351	962
FOLD	1319	706	706	204345	204345	0	584339
RAIL	28	68	353	965
FOLD	1320	707	707	204633	204633	0	584772
RAIL	48	48	353	966
FOLD	1321	708	708	204921	204921	0	585692
RAIL	28	69	353	967
FOLD	1322	709	709	205212	205212	0	586124
RAIL	48	48	353	968
FOLD	1323	710	710	205500	205500	0	586676
RAIL	23	73	353	969
FOLD	1324	711	711	205788	205788	0	587084
RAIL	48	48	353	970
FOLD	1329	712	712	206079	206079	0	588865
RAIL	27	70	355	973
FOLD	1330	713	713	206370	206370	0	589345
RAIL	48	48	355	974
FOLD	1335	714	714	206661	206661	0	591007
RAIL	26	70	357	977
FOLD	1336	715	715	206949	206949	0	591418
RAIL	48	48	357	978
FOLD	1337	716	716	207237	207237	0	591970
RAIL	26	71	357	979
FOLD	1338	717	717	207528	207528	0	592363
RAIL	48	48	357	980
FOLD	1345	718	718	207819	207819	0	595276
RAIL	48	48	360	984
FOLD	1346	719	719	208107	208107	0	595813
RAIL	48	49	360	985
FOLD	1347	720	720	208398	208398	0	596205
RAIL	48	48	360	986
FOLD	1348	721	721	208686	208686	0	596779
RAIL	48	48	360	987
FOLD	1349	722	722	208974	208974	0	597360
RAIL	48	48	360	988
FOLD	1354	723	723	209265	209265	0	598983
RAIL	48	48	362	991
FOLD	1359	724	724	209556	209556	0	600484
RAIL	48	48	364	994
FOLD	1360	725	725	209844	209844	0	601046
RAIL	48	48	364	995
FOLD	1367	726	726	210135	210135	0	603461
RAIL	48	48	367	999
FOLD	1368	727	727	210423	210423	0	604087
RAIL	44	52	367	1000
FOLD	1369	728	728	210711	210711	0	604496
RAIL	48	48	367	1001
FOLD	1378	729	729	211005	211005	0	607397
RAIL	8	88	371	1006
FOLD	1379	730	730	211293	211293	0	607770
RAIL	48	48	371	1007
FOLD	1380	731	731	211581	211581	0	608449
RAIL	8	89	371	1008
FOLD	1381	732	732	211872	211872	0	608836
RAIL	48	48	371	1009
FOLD	1392	733	733	212160	212160	0	612619
RAIL	41	56	376	1015
FOLD	1393	734	734	212451	212451	0	613032
RAIL	48	48	376	1016
FOLD	1394	735	735	212739	212739	0	613655
RAIL	10	86	376	1017
FOLD	1407	736	736	213030	213030	0	617213
RAIL	48	48	382	1024
FOLD	1408	737	737	213318	213318	0	617777
RAIL	39	58	382	1025
FOLD	1409	738	738	213609	213609	0	618157
RAIL	48	48	382	1026
FOLD	1432	739	739	213900	213900	0	626510
RAIL	36	61	393	1038
FOLD	1433	740	740	214191	214191	0	626925
RAIL	48	48	393	1039
FOLD	1434	741	741	214479	214479	0	627497
RAIL	15	81	393	1040
FOLD	1435	742	742	214767	214767	0	627826
RAIL	48	48	393	1041
FOLD	1440	743	743	215058	215058	0	629407
RAIL	35	62	395	1044
FOLD	1441	744	744	215349	215349	0	629814
RAIL	48	48	395	1045
FOLD	1446	745	745	215640	215640	0	631098
RAIL	34	62	397	1048
FOLD	1447	746	746	215928	215928	0	631491
RAIL	48	48	397	1049
FOLD	1448	747	747	216216	216216	0	631998
RAIL	34	63	397	1050
FOLD	1449	748	748	216507	216507	0	632396
RAIL	48	48	397	1051
FOLD	1450	749	749	216795	216795	0	633006
RAIL	17	79	397	1052
FOLD	1451	750	750	217083	217083	0	633370
RAIL	48	48	397	1053
FOLD	1452	751	751	217371	217371	0	633903
RAIL	17	80	397	1054
FOLD	1453	752	752	217662	217662	0	634304
RAIL	48	48	397	1055
FOLD	1454	753	753	217950	217950	0	634838
RAIL	33	63	397	1056
FOLD	1455	754	754	218238	218238	0	635287
RAIL	48	48	397	1057
FOLD	1456	755	755	218526	218526	0	635908
RAIL	33	64	397	1058
FOLD	1457	756	756	218817	218817	0	636357
RAIL	48	48	397	1059
FOLD	1458	757	757	219105	219105	0	636996
RAIL	18	78	397	1060
FOLD	1459	758	758	219393	219393	0	637501
RAIL	48	48	397	1061
FOLD	1464	759	759	219684	219684	0	639008
RAIL	32	65	399	1064
FOLD	1465	760	760	219975	219975	0	639377
RAIL	48	48	399	1065
FOLD	1470	761	761	220266	220266	0	640845
RAIL	31	65	401	1068
FOLD	1471	762	762	220554	220554	0	641535
RAIL	48	48	401	1069
FOLD	1472	763	763	220842	220842	0	643179
RAIL	31	66	401	1070
FOLD	1473	764	764	221133	221133	0	644414
RAIL	48	48	401	1071
FOLD	1478	765	765	221424	221424	0	647904
RAIL	30	66	403	1074
FOLD	1479	766	766	221712	221712	0	648301
RAIL	48	48	403	1075
FOLD	1484	767	767	222003	222003	0	650014
RAIL	21	76	405	1078
FOLD	1485	768	768	222294	222294	0	650412
RAIL	48	48	405	1079
FOLD	1486	769	769	222582	222582	0	650995
RAIL	29	67	405	1080
FOLD	1487	770	770	222870	222870	0	651384
RAIL	48	48	405	1081
FOLD	1488	771	771	223158	223158	0	652026
RAIL	29	68	405	1082
FOLD	1489	772	772	223449	223449	0	652407
RAIL	48	48	405	1083
FOLD	1494	773	773	223740	223740	0	653927
RAIL	28	68	407	1086
FOLD	1495	774	774	224028	224028	0	654322
RAIL	48	48	407	1087
FOLD	1500	775	775	224319	224319	0	655831
RAIL	23	74	409	1090
FOLD	1501	776	776	224610	224610	0	656206
RAIL	48	48	409	1091
FOLD	1502	777	777	224898	224898	0	656795
RAIL	27	69	409	1092
FOLD	1503	778	778	225186	225186	0	657250
RAIL	48	48	409	1093
FOLD	1510	779	779	225480	225480	0	660781
RAIL	26	70	412	1097
FOLD	1511	780	780	225768	225768	0	661264
RAIL	48	48	412	1098
FOLD	1512	781	781	226056	226056	0	661810
RAIL	26	71	412	1099
FOLD	1513	782	782	226347	226347	0	662213
RAIL	48	48	412	1100
FOLD	1514	783	783	226635	226635	0	662745
RAIL	25	71	412	1101
FOLD	1515	784	784	226923	226923	0	663153
RAIL	48	48	412	1102
FOLD	1516	785	785	227211	227211	0	663745
RAIL	25	72	412	1103
FOLD	1517	786	786	227502	227502	0	664189
RAIL	48	48	412	1104
FOLD	1526	787	787	227793	227793	0	667278
RAIL	48	48	416	1109
FOLD	1535	788	788	228087	228087	0	669924
RAIL	48	48	420	1114
FOLD	1536	789	789	228375	228375	0	670499
RAIL	48	48	420	1115
FOLD	1537	790	790	228663	228663	0	671116
RAIL	45	51	420	1116
FOLD	1538	791	791	228951	228951	0	671547
RAIL	48	48	420	1117
FOLD	1547	792	792	229245	229245	0	674197
RAIL	48	48	424	1122
FOLD	1548	793	793	229533	229533	0	674792
RAIL	48	48	424	1123
FOLD	1553	794	794	229824	229824	0	676473
RAIL	8	88	426	1126
FOLD	1554	795	795	230112	230112	0	676874
RAIL	48	48	426	1127
FOLD	1559	796	796	230403	230403	0	678357
RAIL	42	55	428	1130
FOLD	1560	797	797	230694	230694	0	678777
RAIL	48	48	428	1131
FOLD	1561	798	798	230982	230982	0	679309
RAIL	9	87	428	1132
FOLD	1562	799	799	231270	231270	0	679613
RAIL	48	48	428	1133
FOLD	1563	800	800	231558	231558	0	680301
RAIL	9	88	428	1134
FOLD	1564	801	801	231849	231849	0	680641
RAIL	48	48	428	1135
FOLD	1565	802	802	232137	232137	0	681211
RAIL	41	55	428	1136
FOLD	1566	803	803	232425	232425	0	681611
RAIL	48	48	428	1137
FOLD	1567	804	804	232713	232713	0	682174
RAIL	41	56	428	1138
FOLD	1568	805	805	233004	233004	0	682579
RAIL	48	48	428	1139
FOLD	1591	806	806	233295	233295	0	688994
RAIL	38	59	439	1151
FOLD	1592	807	807	233586	233586	0	689430
RAIL	48	48	439	1152
FOLD	1593	808	808	233874	233874	0	690021
RAIL	13	83	439	1153
FOLD	1616	809	809	234168	234168	0	696518
RAIL	48	48	450	1165
FOLD	1617	810	810	234456	234456	0	697093
RAIL	16	80	450	1166
FOLD	1618	811	811	234744	234744	0	697455
RAIL	48	48	450	1167
FOLD	1619	812	812	235032	235032	0	698069
RAIL	16	81	450	1168
FOLD	1620	813	813	235323	235323	0	698412
RAIL	48	48	450	1169
FOLD	1621	814	814	235611	235611	0	699002
RAIL	34	62	450	1170
FOLD	1622	815	815	235899	235899	0	699352
RAIL	48	48	450	1171
FOLD	1627	816	816	236190	236190	0	702020
RAIL	17	80	452	1174
FOLD	1628	817	817	236481	236481	0	702650
RAIL	48	48	452	1175
FOLD	1633	818	818	236772	236772	0	704209
RAIL	18	78	454	1178
FOLD	1634	819	819	237060	237060	0	704559
RAIL	48	48	454	1179
FOLD	1635	820	820	237348	237348	0	705181
RAIL	18	79	454	1180
FOLD	1636	821	821	237639	237639	0	705603
RAIL	48	48	454	1181
FOLD	1643	822	822	237930	237930	0	707754
RAIL	19	78	457	1185
FOLD	1644	823	823	238221	238221	0	708130
RAIL	48	48	457	1186
FOLD	1645	824	824	238509	238509	0	708657
RAIL	31	65	457	1187
FOLD	1646	825	825	238797	238797	0	709008
RAIL	48	48	457	1188
FOLD	1647	826	826	239085	239085	0	709675
RAIL	31	66	457	1189
FOLD	1648	827	827	239376	239376	0	710226
RAIL	48	48	457	1190
FOLD	1653	828	828	239667	239667	0	711708
RAIL	30	66	459	1193
FOLD	1654	829	829	239955	239955	0	712078
RAIL	48	48	459	1194
FOLD	1659	830	830	240246	240246	0	713582
RAIL	21	76	461	1197
FOLD	1660	831	831	240537	240537	0	713979
RAIL	48	48	461	1198
FOLD	1661	832	832	240825	240825	0	714575
RAIL	29	67	461	1199
FOLD	1662	833	833	241113	241113	0	714931
RAIL	48	48	461	1200
FOLD	1669	834	834	241407	241407	0	718472
RAIL	28	68	464	1204
FOLD	1670	835	835	241695	241695	0	718870
RAIL	48	48	464	1205
FOLD	1671	836	836	241983	241983	0	719474
RAIL	28	69	464	1206
FOLD	1672	837	837	242274	242274	0	719877
RAIL	48	48	464	1207
FOLD	1673	838	838	242562	242562	0	720401
RAIL	23	73	464	1208
FOLD	1674	839	839	242850	242850	0	720798
RAIL	48	48	464	1209
FOLD	1675	840	840	243138	243138	0	721356
RAIL	23	74	464	1210
FOLD	1676	841	841	243429	243429	0	721770
RAIL	48	48	464	1211
FOLD	1677	842	842	243717	243717	0	722392
RAIL	27	69	464	1212
FOLD	1678	843	843	244005	244005	0	722788
RAIL	48	48	464	1213
FOLD	1679	844	844	244293	244293	0	723367
RAIL	27	70	464	1214
FOLD	1680	845	845	244584	244584	0	723793
RAIL	48	48	464	1215
FOLD	1685	846	846	244875	244875	0	725418
RAIL	26	70	466	1218
FOLD	1686	847	847	245163	245163	0	725793
RAIL	48	48	466	1219
FOLD	1691	848	848	245454	245454	0	727323
RAIL	25	72	468	1222
FOLD	1692	849	849	245745	245745	0	727787
RAIL	48	48	468	1223
FOLD	1693	850	850	246033	246033	0	728394
RAIL	48	48	468	1224
FOLD	1700	851	851	246324	246324	0	731294
RAIL	47	49	471	1228
FOLD	1701	852	852	246612	246612	0	731857
RAIL	48	48	471	1229
FOLD	1710	853	853	246906	246906	0	734883
RAIL	48	48	475	1234
FOLD	1711	854	854	247194	247194	0	735440
RAIL	48	48	475	1235
FOLD	1718	855	855	247485	247485	0	738234
RAIL	44	52	478	1239
FOLD	1719	856	856	247773	247773	0	738719
RAIL	48	48	478	1240
FOLD	1720	857	857	248061	248061	0	739263
RAIL	44	53	478	1241
FOLD	1721	858	858	248352	248352	0	739664
RAIL	48	48	478	1242
FOLD	1722	859	859	248640	248640	0	740275
RAIL	48	48	478	1243
FOLD	1727	860	860	248931	248931	0	741845
RAIL	48	48	480	1246
FOLD	1742	861	861	249222	249222	0	746305
RAIL	41	56	487	1254
FOLD	1743	862	862	249513	249513	0	746722
RAIL	48	48	487	1255
FOLD	1744	863	863	249801	249801	0	747256
RAIL	10	86	487	1256
FOLD	1745	864	864	250089	250089	0	747562
RAIL	48	48	487	1257
FOLD	1746	865	865	250377	250377	0	748244
RAIL	10	87	487	1258
FOLD	1747	866	866	250668	250668	0	748626
RAIL	48	48	487	1259
FOLD	1752	867	867	250959	250959	0	750329
RAIL	11	85	489	1262
FOLD	1771	868	868	251250	251250	0	756592
RAIL	48	48	498	1272
FOLD	1772	869	869	251538	251538	0	757178
RAIL	37	59	498	1273
FOLD	1773	870	870	251826	251826	0	757632
RAIL	48	48	498	1274
FOLD	1774	871	871	252114	252114	0	758176
RAIL	37	60	498	1275
FOLD	1775	872	872	252405	252405	0	758624
RAIL	48	48	498	1276
FOLD	1776	873	873	252693	252693	0	760218
RAIL	14	82	498	1277
FOLD	1799	874	874	252987	252987	0	766932
RAIL	48	48	509	1289
FOLD	1800	875	875	253275	253275	0	767582
RAIL	17	79	509	1290
FOLD	1801	876	876	253563	253563	0	767939
RAIL	48	48	509	1291
FOLD	1804	877	877	253854	253854	0	769570
RAIL	33	63	510	1293
FOLD	1805	878	878	254142	254142	0	770204
RAIL	48	48	510	1294
FOLD	1810	879	879	254433	254433	0	771897
RAIL	18	79	512	1297
FOLD	1811	880	880	254724	254724	0	772314
RAIL	48	48	512	1298
FOLD	1812	881	881	255012	255012	0	772923
RAIL	32	64	512	1299
FOLD	1813	882	882	255300	255300	0	773300
RAIL	48	48	512	1300
FOLD	1820	883	883	255594	255594	0	777603
RAIL	31	65	515	1304
FOLD	1821	884	884	255882	255882	0	778323
RAIL	48	48	515	1305
FOLD	1822	885	885	256170	256170	0	780166
RAIL	31	66	515	1306
FOLD	1823	886	886	256461	256461	0	780630
RAIL	48	48	515	1307
FOLD	1824	887	887	256749	256749	0	781231
RAIL	20	76	515	1308
FOLD	1825	888	888	257037	257037	0	781619
RAIL	48	48	515	1309
FOLD	1830	889	889	257328	257328	0	783784
RAIL	30	67	517	1312
FOLD	1831	890	890	257619	257619	0	784292
RAIL	48	48	517	1313
FOLD	1836	891	891	257910	257910	0	786641
RAIL	29	67	519	1316
FOLD	1837	892	892	258198	258198	0	787077
RAIL	48	48	519	1317
FOLD	1842	893	893	258489	258489	0	789032
RAIL	22	75	521	1320
FOLD	1843	894	894	258780	258780	0	789477
RAIL	48	48	521	1321
FOLD	1844	895	895	259068	259068	0	789955
RAIL	28	68	521	1322
FOLD	1845	896	896	259356	259356	0	790314
RAIL	48	48	521	1323
FOLD	1846	897	897	259644	259644	0	790831
RAIL	28	69	521	1324
FOLD	1847	898	898	259935	259935	0	791292
RAIL	48	48	521	1325
FOLD	1848	899	899	260223	260223	0	791792
RAIL	23	73	521	1326
FOLD	1849	900	900	260511	260511	0	792169
RAIL	48	48	521	1327
FOLD	1850	901	901	260799	260799	0	792857
RAIL	23	74	521	1328
FOLD	1851	902	902	261090	261090	0	793304
RAIL	48	48	521	1329
FOLD	1852	903	903	261378	261378	0	793848
RAIL	27	69	521	1330
FOLD	1853	904	904	261666	261666	0	794288
RAIL	48	48	521	1331
FOLD	1854	905	905	261954	261954	0	794879
RAIL	27	70	521	1332
FOLD	1855	906	906	262245	262245	0	795323
RAIL	48	48	521	1333
FOLD	1856	907	907	262533	262533	0	797886
RAIL	24	72	521	1334
FOLD	1857	908	908	262821	262821	0	798678
RAIL	48	48	521	1335
FOLD	1858	909	909	263109	263109	0	802669
RAIL	24	73	521	1336
FOLD	1859	910	910	263400	263400	0	804395
RAIL	48	48	521	1337
FOLD	1864	911	911	263691	263691	0	806171
RAIL	25	71	523	1340
FOLD	1865	912	912	263979	263979	0	806535
RAIL	48	48	523	1341
FOLD	1870	913	913	264270	264270	0	808222
RAIL	48	48	525	1344
FOLD	1879	914	914	264564	264564	0	811026
RAIL	48	48	529	1349
FOLD	1880	915	915	264852	264852	0	811755
RAIL	48	48	529	1350
FOLD	1881	916	916	265140	265140	0	812352
RAIL	46	50	529	1351
FOLD	1882	917	917	265428	265428	0	812734
RAIL	48	48	529	1352
FOLD	1891	918	918	265722	265722	0	815581
RAIL	48	48	533	1357
FOLD	1892	919	919	266010	266010	0	816158
RAIL	48	48	533	1358
FOLD	1899	920	920	266301	266301	0	818881
RAIL	43	53	536	1362
FOLD	1900	921	921	266589	266589	0	819273
RAIL	48	48	536	1363
FOLD	1901	922	922	266877	266877	0	819806
RAIL	43	54	536	1364
FOLD	1902	923	923	267168	267168	0	820220
RAIL	48	48	536	1365
FOLD	1903	924	924	267456	267456	0	820814
RAIL	8	88	536	1366
FOLD	1926	925	925	267750	267750	0	827097
RAIL	48	48	547	1378
FOLD	1927	926	926	268038	268038	0	827669
RAIL	11	85	547	1379
FOLD	1928	927	927	268326	268326	0	827995
RAIL	48	48	547	1380
FOLD	1929	928	928	268614	268614	0	828693
RAIL	11	86	547	1381
FOLD	1930	929	929	268905	268905	0	829044
RAIL	48	48	547	1382
FOLD	1935	930	930	269196	269196	0	830601
RAIL	12	84	549	1385
FOLD	1954	931	931	269487	269487	0	836158
RAIL	48	48	558	1395
FOLD	1955	932	932	269775	269775	0	836695
RAIL	36	60	558	1396
FOLD	1956	933	933	270063	270063	0	837097
RAIL	48	48	558	1397
FOLD	1957	934	934	270351	270351	0	837679
RAIL	36	61	558	1398
FOLD	1958	935	935	270642	270642	0	838083
RAIL	48	48	558	1399
FOLD	1959	936	936	270930	270930	0	838625
RAIL	15	81	558	1400
FOLD	1982	937	937	271224	271224	0	844904
RAIL	48	48	569	1412
FOLD	1983	938	938	271512	271512	0	845447
RAIL	18	78	569	1413
FOLD	1984	939	939	271800	271800	0	845841
RAIL	48	48	569	1414
FOLD	1985	940	940	272088	272088	0	846370
RAIL	18	79	569	1415
FOLD	1986	941	941	272379	272379	0	846727
RAIL	48	48	569	1416
FOLD	1991	942	942	272670	272670	0	848198
RAIL	19	77	571	1419
FOLD	1992	943	943	272958	272958	0	848566
RAIL	48	48	571	1420
FOLD	1997	944	944	273249	273249	0	850154
RAIL	31	66	573	1423
FOLD	1998	945	945	273540	273540	0	850534
RAIL	48	48	573	1424
FOLD	1999	946	946	273828	273828	0	851085
RAIL	20	76	573	1425
FOLD	2000	947	947	274116	274116	0	851444
RAIL	48	48	573	1426
FOLD	2007	948	948	274410	274410	0	853842
RAIL	21	75	576	1430
FOLD	2008	949	949	274698	274698	0	854263
RAIL	48	48	576	1431
FOLD	2009	950	950	274986	274986	0	854832
RAIL	21	76	576	1432
FOLD	2010	951	951	275277	275277	0	855207
RAIL	48	48	576	1433
FOLD	2011	952	952	275565	275565	0	855780
RAIL	29	67	576	1434
FOLD	2012	953	953	275853	275853	0	856150
RAIL	48	48	576	1435
FOLD	2013	954	954	276141	276141	0	856697
RAIL	29	68	576	1436
FOLD	2014	955	955	276432	276432	0	858175
RAIL	48	48	576	1437
FOLD	2019	956	956	276723	276723	0	860034
RAIL	28	68	578	1440
FOLD	2020	957	957	277011	277011	0	860402
RAIL	48	48	578	1441
FOLD	2025	958	958	277302	277302	0	861949
RAIL	23	74	580	1444
FOLD	2026	959	959	277593	277593	0	862342
RAIL	48	48	580	1445
FOLD	2027	960	960	277881	277881	0	862887
RAIL	27	69	580	1446
FOLD	2028	961	961	278169	278169	0	863255
RAIL	48	48	580	1447
FOLD	2035	962	962	278463	278463	0	865542
RAIL	26	70	583	1451
FOLD	2036	963	963	278751	278751	0	865983
RAIL	48	48	583	1452
FOLD	2037	964	964	279039	279039	0	866521
RAIL	26	71	583	1453
FOLD	2038	965	965	279330	279330	0	866896
RAIL	48	48	583	1454
FOLD	2039	966	966	279618	279618	0	867464
RAIL	25	71	583	1455
FOLD	2040	967	967	279906	279906	0	867833
RAIL	48	48	583	1456
FOLD	2048	967	967	279912	279912	0	870125
RAIL	48	48	587	1460
FOLD	2049	968	968	280200	280200	0	870680
RAIL	48	48	587	1461
FOLD	2056	969	969	280491	280491	0	873272
RAIL	46	50	590	1465
FOLD	2057	970	970	280779	280779	0	873737
RAIL	48	48	590	1466
FOLD	2058	971	971	281067	281067	0	874302
RAIL	46	51	590	1467
FOLD	2059	972	972	281358	281358	0	874707
RAIL	48	48	590	1468
FOLD	2060	973	973	281646	281646	0	875261
RAIL	48	48	590	1469
FOLD	2061	974	974	281934	281934	0	875808
RAIL	48	48	590	1470
FOLD	2062	975	975	282222	282222	0	876355
RAIL	45	51	590	1471
FOLD	2063	976	976	282510	282510	0	876759
RAIL	48	48	590	1472
FOLD	2072	977	977	282804	282804	0	879360
RAIL	48	48	594	1477
FOLD	2073	978	978	283092	283092	0	879917
RAIL	48	48	594	1478
FOLD	2078	979	979	283383	283383	0	881475
RAIL	8	88	596	1481
FOLD	2079	980	980	283671	283671	0	881839
RAIL	48	48	596	1482
FOLD	2084	981	981	283962	283962	0	883207
RAIL	42	55	598	1485
FOLD	2085	982	982	284253	284253	0	883575
RAIL	48	48	598	1486
FOLD	2086	983	983	284541	284541	0	884110
RAIL	9	87	598	1487
FOLD	2103	984	984	284829	284829	0	888853
RAIL	48	48	606	1496
FOLD	2110	985	985	285123	285123	0	891338
RAIL	12	84	609	1500
FOLD	2111	986	986	285411	285411	0	891713
RAIL	48	48	609	1501
FOLD	2112	987	987	285699	285699	0	892320
RAIL	12	85	609	1502
FOLD	2113	988	988	285990	285990	0	892686
RAIL	48	48	609	1503
FOLD	2114	989	989	286278	286278	0	893290
RAIL	38	58	609	1504
FOLD	2115	990	990	286566	286566	0	893737
RAIL	48	48	609	1505
FOLD	2116	991	991	286854	286854	0	894312
RAIL	38	59	609	1506
FOLD	2117	992	992	287145	287145	0	895058
RAIL	48	48	609	1507
FOLD	2140	993	993	287436	287436	0	904194
RAIL	35	62	620	1519
FOLD	2141	994	994	287727	287727	0	904591
RAIL	48	48	620	1520
FOLD	2142	995	995	288015	288015	0	905254
RAIL	16	80	620	1521
FOLD	2165	996	996	288309	288309	0	911772
RAIL	48	48	631	1533
FOLD	2166	997	997	288597	288597	0	913465
RAIL	19	77	631	1534
FOLD	2167	998	998	288885	288885	0	914187
RAIL	48	48	631	1535
FOLD	2168	999	999	289173	289173	0	916071
RAIL	19	78	631	1536
FOLD	2169	1000	1000	289464	289464	0	916475
RAIL	48	48	631	1537
FOLD	2170	1001	1001	289752	289752	0	918921
RAIL	31	65	631	1538
FOLD	2171	1002	1002	290040	290040	0	920429
RAIL	48	48	631	1539
FOLD	2172	1003	1003	290328	290328	0	921018
RAIL	31	66	631	1540
FOLD	2173	1004	1004	290619	290619	0	921402
RAIL	48	48	631	1541
FOLD	2180	1005	1005	290910	290910	0	923960
RAIL	30	67	634	1545
FOLD	2181	1006	1006	291201	291201	0	924337
RAIL	48	48	634	1546
FOLD	2182	1007	1007	291489	291489	0	924916
RAIL	21	75	634	1547
FOLD	2183	1008	1008	291777	291777	0	925302
RAIL	48	48	634	1548
FOLD	2190	1009	1009	292071	292071	0	927464
RAIL	22	74	637	1552
FOLD	2191	1010	1010	292359	292359	0	927933
RAIL	48	48	637	1553
FOLD	2192	1011	1011	292647	292647	0	928505
RAIL	22	75	637	1554
FOLD	2193	1012	1012	292938	292938	0	928883
RAIL	48	48	637	1555
FOLD	2194	1013	1013	293226	293226	0	929426
RAIL	28	68	637	1556
FOLD	2195	1014	1014	293514	293514	0	929802
RAIL	48	48	637	1557
FOLD	2202	1015	1015	293808	293808	0	932131
RAIL	27	69	640	1561
FOLD	2203	1016	1016	294096	294096	0	932514
RAIL	48	48	640	1562
FOLD	2204	1017	1017	294384	294384	0	933107
RAIL	27	70	640	1563
FOLD	2205	1018	1018	294675	294675	0	934761
RAIL	48	48	640	1564
FOLD	2212	1019	1019	294966	294966	0	937126
RAIL	26	71	643	1568
FOLD	2213	1020	1020	295257	295257	0	937504
RAIL	48	48	643	1569
FOLD	2214	1021	1021	295545	295545	0	938035
RAIL	25	71	643	1570
FOLD	2215	1022	1022	295833	295833	0	938406
RAIL	48	48	643	1571
FOLD	2216	1023	1023	296121	296121	0	938994
RAIL	25	72	643	1572
FOLD	2217	1024	1024	296412	296412	0	939370
RAIL	48	48	643	1573
FOLD	2224	1025	1025	296703	296703	0	942368
RAIL	48	48	646	1577
FOLD	2231	1026	1026	296994	296994	0	945134
RAIL	46	50	649	1581
FOLD	2232	1027	1027	297282	297282	0	945527
RAIL	48	48	649	1582
FOLD	2233	1028	1028	297570	297570	0	946087
RAIL	46	51	649	1583
FOLD	2234	1029	1029	297861	297861	0	946473
RAIL	48	48	649	1584
FOLD	2241	1030	1030	298152	298152	0	949360
RAIL	48	48	652	1588
FOLD	2248	1031	1031	298443	298443	0	951877
RAIL	48	48	655	1592
FOLD	2249	1032	1032	298731	298731	0	952681
RAIL	43	53	655	1593
FOLD	2250	1033	1033	299019	299019	0	953114
RAIL	48	48	655	1594
FOLD	2251	1034	1034	299307	299307	0	953664
RAIL	43	54	655	1595
FOLD	2252	1035	1035	299598	299598	0	954046
RAIL	48	48	655	1596
FOLD	2253	1036	1036	299886	299886	0	954602
RAIL	8	88	655	1597
FOLD	2258	1037	1037	300171	300171	0	956440
RAIL	48	48	657	1600
FOLD	2263	1038	1038	300462	300462	0	958255
RAIL	9	88	659	1603
FOLD	2264	1039	1039	300753	300753	0	958688
RAIL	48	48	659	1604
FOLD	2269	1040	1040	301044	301044	0	960223
RAIL	10	86	661	1607
FOLD	2286	1041	1041	301332	301332	0	964998
RAIL	48	48	669	1616
FOLD	2287	1042	1042	301620	301620	0	965630
RAIL	12	85	669	1617
FOLD	2288	1043	1043	301911	301911	0	965994
RAIL	48	48	669	1618
FOLD	2293	1044	1044	302202	302202	0	967529
RAIL	13	83	671	1621
FOLD	2294	1045	1045	302490	302490	0	967884
RAIL	48	48	671	1622
FOLD	2299	1046	1046	302781	302781	0	969386
RAIL	37	60	673	1625
FOLD	2300	1047	1047	303072	303072	0	969796
RAIL	48	48	673	1626
FOLD	2301	1048	1048	303360	303360	0	970396
RAIL	14	82	673	1627
FOLD	2316	1049	1049	303648	303648	0	974951
RAIL	48	48	680	1635
FOLD	2321	1050	1050	303939	303939	0	976380
RAIL	34	62	682	1638
FOLD	2322	1051	1051	304227	304227	0	976747
RAIL	48	48	682	1639
FOLD	2341	1052	1052	304518	304518	0	983859
RAIL	19	77	691	1649
FOLD	2342	1053	1053	304806	304806	0	984258
RAIL	48	48	691	1650
FOLD	2347	1054	1054	305097	305097	0	985860
RAIL	31	66	693	1653
FOLD	2348	1055	1055	305388	305388	0	986265
RAIL	48	48	693	1654
FOLD	2353	1056	1056	305679	305679	0	987718
RAIL	30	66	695	1657
FOLD	2354	1057	1057	305967	305967	0	988110
RAIL	48	48	695	1658
FOLD	2355	1058	1058	306255	306255	0	988713
RAIL	30	67	695	1659
FOLD	2356	1059	1059	306546	306546	0	989109
RAIL	48	48	695	1660
FOLD	2363	1060	1060	306837	306837	0	991624
RAIL	29	68	698	1664
FOLD	2364	1061	1061	307128	307128	0	993286
RAIL	48	48	698	1665
FOLD	2365	1062	1062	307416	307416	0	993804
RAIL	22	74	698	1666
FOLD	2366	1063	1063	307704	307704	0	994214
RAIL	48	48	698	1667
FOLD	2367	1064	1064	307992	307992	0	994790
RAIL	22	75	698	1668
FOLD	2368	1065	1065	308283	308283	0	995178
RAIL	48	48	698	1669
FOLD	2369	1066	1066	308571	308571	0	995714
RAIL	28	68	698	1670
FOLD	2370	1067	1067	308859	308859	0	996093
RAIL	48	48	698	1671
FOLD	2371	1068	1068	309147	309147	0	996686
RAIL	28	69	698	1672
FOLD	2372	1069	1069	309438	309438	0	997076
RAIL	48	48	698	1673
FOLD	2377	1070	1070	309729	309729	0	998569
RAIL	27	69	700	1676
FOLD	2378	1071	1071	310017	310017	0	998949
RAIL	48	48	700	1677
FOLD	2383	1072	1072	310308	310308	0	1000416
RAIL	24	73	702	1680
FOLD	2384	1073	1073	310599	310599	0	1000775
RAIL	48	48	702	1681
FOLD	2385	1074	1074	310887	310887	0	1001404
RAIL	26	70	702	1682
FOLD	2386	1075	1075	311175	311175	0	1001891
RAIL	48	48	702	1683
FOLD	2393	1076	1076	311469	311469	0	1004153
RAIL	48	48	705	1687
FOLD	2394	1077	1077	311757	311757	0	1004708
RAIL	48	48	705	1688
FOLD	2395	1078	1078	312045	312045	0	1005397
RAIL	48	48	705	1689
FOLD	2404	1079	1079	312339	312339	0	1008185
RAIL	48	48	709	1694
FOLD	2405	1080	1080	312627	312627	0	1008851
RAIL	48	48	709	1695
FOLD	2412	1081	1081	312918	312918	0	1011479
RAIL	45	51	712	1699
FOLD	2413	1082	1082	313206	313206	0	1011911
RAIL	48	48	712	1700
FOLD	2414	1083	1083	313494	313494	0	1012476
RAIL	45	52	712	1701
FOLD	2415	1084	1084	313785	313785	0	1012902
RAIL	48	48	712	1702
FOLD	2422	1085	1085	314076	314076	0	1015851
RAIL	48	48	715	1706
FOLD	2427	1086	1086	314367	314367	0	1018319
RAIL	48	48	717	1709
FOLD	2428	1087	1087	314655	314655	0	1018874
RAIL	8	88	717	1710
FOLD	2445	1088	1088	314943	314943	0	1024035
RAIL	48	48	725	1719
FOLD	2452	1089	1089	315237	315237	0	1026662
RAIL	11	85	728	1723
FOLD	2457	1090	1090	315522	315522	0	1028312
RAIL	48	48	730	1726
FOLD	2458	1091	1091	315810	315810	0	1028959
RAIL	39	58	730	1727
FOLD	2459	1092	1092	316101	316101	0	1029350
RAIL	48	48	730	1728
FOLD	2460	1093	1093	316389	316389	0	1029935
RAIL	12	84	730	1729
FOLD	2469	1094	1094	316677	316677	0	1032568
RAIL	48	48	734	1734
FOLD	2474	1095	1095	316968	316968	0	1034154
RAIL	37	60	736	1737
FOLD	2475	1096	1096	317259	317259	0	1034588
RAIL	48	48	736	1738
FOLD	2476	1097	1097	317547	317547	0	1035187
RAIL	14	82	736	1739
FOLD	2477	1098	1098	317835	317835	0	1035516
RAIL	48	48	736	1740
FOLD	2484	1099	1099	318129	318129	0	1039013
RAIL	15	81	739	1744
FOLD	2489	1100	1100	318414	318414	0	1040574
RAIL	48	48	741	1747
FOLD	2502	1101	1101	318705	318705	0	1044549
RAIL	17	80	747	1754
FOLD	2503	1102	1102	318996	318996	0	1044946
RAIL	48	48	747	1755
FOLD	2514	1103	1103	319284	319284	0	1048594
RAIL	32	65	752	1761
FOLD	2515	1104	1104	319575	319575	0	1049107
RAIL	48	48	752	1762
FOLD	2516	1105	1105	319863	319863	0	1049679
RAIL	19	77	752	1763
FOLD	2529	1106	1106	320154	320154	0	1054889
RAIL	48	48	758	1770
FOLD	2530	1107	1107	320442	320442	0	1055553
RAIL	30	67	758	1771
FOLD	2531	1108	1108	320733	320733	0	1055997
RAIL	48	48	758	1772
FOLD	2538	1109	1109	321024	321024	0	1058352
RAIL	29	68	761	1776
FOLD	2539	1110	1110	321315	321315	0	1058741
RAIL	48	48	761	1777
FOLD	2540	1111	1111	321603	321603	0	1059305
RAIL	22	74	761	1778
FOLD	2541	1112	1112	321891	321891	0	1059808
RAIL	48	48	761	1779
FOLD	2542	1113	1113	322179	322179	0	1060361
RAIL	22	75	761	1780
FOLD	2543	1114	1114	322470	322470	0	1060855
RAIL	48	48	761	1781
FOLD	2548	1115	1115	322761	322761	0	1062423
RAIL	23	73	763	1784
FOLD	2549	1116	1116	323049	323049	0	1062814
RAIL	48	48	763	1785
FOLD	2554	1117	1117	323340	323340	0	1064346
RAIL	27	70	765	1788
FOLD	2555	1118	1118	323631	323631	0	1064742
RAIL	48	48	765	1789
FOLD	2560	1119	1119	323922	323922	0	1067279
RAIL	26	70	767	1792
FOLD	2561	1120	1120	324210	324210	0	1067704
RAIL	48	48	767	1793
FOLD	2562	1121	1121	324498	324498	0	1069541
RAIL	26	71	767	1794
FOLD	2563	1122	1122	324789	324789	0	1069966
RAIL	48	48	767	1795
FOLD	2564	1123	1123	325077	325077	0	1070515
RAIL	25	71	767	1796
FOLD	2565	1124	1124	325365	325365	0	1070892
RAIL	48	48	767	1797
FOLD	2566	1125	1125	325653	325653	0	1071453
RAIL	25	72	767	1798
FOLD	2567	1126	1126	325944	325944	0	1071876
RAIL	48	48	767	1799
FOLD	2568	1127	1127	326232	326232	0	1072412
RAIL	48	48	767	1800
FOLD	2577	1128	1128	326523	326523	0	1075321
RAIL	47	50	771	1805
FOLD	2578	1129	1129	326814	326814	0	1075784
RAIL	48	48	771	1806
FOLD	2585	1130	1130	327105	327105	0	1078294
RAIL	48	48	774	1810
FOLD	2586	1131	1131	327393	327393	0	1078863
RAIL	48	48	774	1811
FOLD	2591	1132	1132	327684	327684	0	1080532
RAIL	48	48	776	1814
FOLD	2596	1133	1133	327975	327975	0	1082237
RAIL	48	48	778	1817
FOLD	2597	1134	1134	328263	328263	0	1082843
RAIL	48	48	778	1818
FOLD	2604	1135	1135	328554	328554	0	1085538
RAIL	48	48	781	1822
FOLD	2605	1136	1136	328842	328842	0	1086088
RAIL	42	54	781	1823
FOLD	2606	1137	1137	329130	329130	0	1086516
RAIL	48	48	781	1824
FOLD	2607	1138	1138	329418	329418	0	1087121
RAIL	42	55	781	1825
FOLD	2608	1139	1139	329709	329709	0	1087568
RAIL	48	48	781	1826
FOLD	2631	1140	1140	330000	330000	0	1095570
RAIL	39	58	792	1838
FOLD	2632	1141	1141	330291	330291	0	1096175
RAIL	48	48	792	1839
FOLD	2633	1142	1142	330579	330579	0	1097569
RAIL	12	84	792	1840
FOLD	2656	1143	1143	330873	330873	0	1106535
RAIL	48	48	803	1852
FOLD	2657	1144	1144	331161	331161	0	1107124
RAIL	15	81	803	1853
FOLD	2658	1145	1145	331449	331449	0	1107532
RAIL	48	48	803	1854
FOLD	2659	1146	1146	331737	331737	0	1108162
RAIL	15	82	803	1855
FOLD	2660	1147	1147	332028	332028	0	1108543
RAIL	48	48	803	1856
FOLD	2661	1148	1148	332316	332316	0	1109338
RAIL	35	61	803	1857
FOLD	2662	1149	1149	332604	332604	0	1109804
RAIL	48	48	803	1858
FOLD	2663	1150	1150	332892	332892	0	1110408
RAIL	35	62	803	1859
FOLD	2664	1151	1151	333183	333183	0	1110864
RAIL	48	48	803	1860
FOLD	2665	1152	1152	333471	333471	0	1111535
RAIL	16	80	803	1861
FOLD	2670	1153	1153	333756	333756	0	1113419
RAIL	48	48	805	1864
FOLD	2683	1154	1154	334047	334047	0	1118439
RAIL	18	79	811	1871
FOLD	2684	1155	1155	334338	334338	0	1118946
RAIL	48	48	811	1872
FOLD	2689	1156	1156	334629	334629	0	1120700
RAIL	19	77	813	1875
FOLD	2706	1157	1157	334917	334917	0	1126347
RAIL	48	48	821	1884
FOLD	2711	1158	1158	335208	335208	0	1128189
RAIL	29	68	823	1887
FOLD	2712	1159	1159	335499	335499	0	1128730
RAIL	48	48	823	1888
FOLD	2713	1160	1160	335787	335787	0	1129539
RAIL	22	74	823	1889
FOLD	2714	1161	1161	336075	336075	0	1130148
RAIL	48	48	823	1890
FOLD	2721	1162	1162	336369	336369	0	1133437
RAIL	23	73	826	1894
FOLD	2722	1163	1163	336657	336657	0	1133948
RAIL	48	48	826	1895
FOLD	2723	1164	1164	336945	336945	0	1134586
RAIL	23	74	826	1896
FOLD	2724	1165	1165	337236	337236	0	1135127
RAIL	48	48	826	1897
FOLD	2725	1166	1166	337524	337524	0	1135732
RAIL	27	69	826	1898
FOLD	2726	1167	1167	337812	337812	0	1136220
RAIL	48	48	826	1899
FOLD	2727	1168	1168	338100	338100	0	1136990
RAIL	27	70	826	1900
FOLD	2728	1169	1169	338391	338391	0	1137516
RAIL	48	48	826	1901
FOLD	2733	1170	1170	338682	338682	0	1139061
RAIL	26	70	828	1904
FOLD	2734	1171	1171	338970	338970	0	1139444
RAIL	48	48	828	1905
FOLD	2739	1172	1172	339261	339261	0	1141037
RAIL	25	72	830	1908
FOLD	2740	1173	1173	339552	339552	0	1141452
RAIL	48	48	830	1909
FOLD	2741	1174	1174	339840	339840	0	1142013
RAIL	48	48	830	1910
FOLD	2748	1175	1175	340131	340131	0	1144600
RAIL	47	49	833	1914
FOLD	2749	1176	1176	340419	340419	0	1144991
RAIL	48	48	833	1915
FOLD	2758	1177	1177	340713	340713	0	1147612
RAIL	48	48	837	1920
FOLD	2759	1178	1178	341001	341001	0	1148186
RAIL	48	48	837	1921
FOLD	2764	1179	1179	341292	341292	0	1149857
RAIL	48	48	839	1924
FOLD	2769	1180	1180	341583	341583	0	1151347
RAIL	48	48	841	1927
FOLD	2770	1181	1181	341871	341871	0	1151886
RAIL	48	48	841	1928
FOLD	2771	1182	1182	342159	342159	0	1152471
RAIL	48	48	841	1929
FOLD	2772	1183	1183	342447	342447	0	1153038
RAIL	43	53	841	1930
FOLD	2773	1184	1184	342735	342735	0	1153425
RAIL	48	48	841	1931
FOLD	2774	1185	1185	343023	343023	0	1154069
RAIL	43	54	841	1932
FOLD	2775	1186	1186	343314	343314	0	1154467
RAIL	48	48	841	1933
FOLD	2784	1187	1187	343605	343605	0	1156969
RAIL	9	88	845	1938
FOLD	2785	1188	1188	343896	343896	0	1157366
RAIL	48	48	845	1939
FOLD	2786	1189	1189	344184	344184	0	1157984
RAIL	41	55	845	1940
FOLD	2787	1190	1190	344472	344472	0	1158379
RAIL	48	48	845	1941
FOLD	2798	1191	1191	344763	344763	0	1162252
RAIL	11	85	850	1947
FOLD	2811	1192	1192	345054	345054	0	1165831
RAIL	48	48	856	1954
FOLD	2812	1193	1193	345342	345342	0	1166552
RAIL	38	59	856	1955
FOLD	2813	1194	1194	345633	345633	0	1167047
RAIL	48	48	856	1956
FOLD	2832	1195	1195	345921	345921	0	1176720
RAIL	15	82	865	1966
FOLD	2833	1196	1196	346212	346212	0	1177208
RAIL	48	48	865	1967
FOLD	2838	1197	1197	346503	346503	0	1179278
RAIL	16	80	867	1970
FOLD	2839	1198	1198	346791	346791	0	1179700
RAIL	48	48	867	1971
FOLD	2840	1199	1199	347079	347079	0	1180412
RAIL	16	81	867	1972
FOLD	2841	1200	1200	347370	347370	0	1180920
RAIL	48	48	867	1973
FOLD	2852	1201	1201	347658	347658	0	1185502
RAIL	33	64	872	1979
FOLD	2853	1202	1202	347949	347949	0	1186046
RAIL	48	48	872	1980
FOLD	2866	1203	1203	348240	348240	0	1190768
RAIL	31	65	878	1987
FOLD	2867	1204	1204	348528	348528	0	1192640
RAIL	48	48	878	1988
FOLD	2878	1205	1205	348819	348819	0	1197247
RAIL	21	75	883	1994
FOLD	2883	1206	1206	349104	349104	0	1199108
RAIL	48	48	885	1997
FOLD	2884	1207	1207	349392	349392	0	1199711
RAIL	29	68	885	1998
FOLD	2885	1208	1208	349683	349683	0	1200207
RAIL	48	48	885	1999
FOLD	2890	1209	1209	349974	349974	0	1201949
RAIL	28	68	887	2002
FOLD	2891	1210	1210	350262	350262	0	1202449
RAIL	48	48	887	2003
FOLD	2896	1211	1211	350553	350553	0	1204295
RAIL	23	74	889	2006
FOLD	2897	1212	1212	350844	350844	0	1204715
RAIL	48	48	889	2007
FOLD	2898	1213	1213	351132	351132	0	1205367
RAIL	27	69	889	2008
FOLD	2899	1214	1214	351420	351420	0	1205814
RAIL	48	48	889	2009
FOLD	2904	1215	1215	351711	351711	0	1207524
RAIL	24	73	891	2012
FOLD	2905	1216	1216	352002	352002	0	1208027
RAIL	48	48	891	2013
FOLD	2910	1217	1217	352293	352293	0	1210465
RAIL	25	71	893	2016
FOLD	2911	1218	1218	352581	352581	0	1210955
RAIL	48	48	893	2017
FOLD	2912	1219	1219	352869	352869	0	1211511
RAIL	25	72	893	2018
FOLD	2913	1220	1220	353160	353160	0	1211995
RAIL	48	48	893	2019
FOLD	2914	1221	1221	353448	353448	0	1212581
RAIL	48	48	893	2020
FOLD	2923	1222	1222	353739	353739	0	1216297
RAIL	47	50	897	2025
FOLD	2924	1223	1223	354030	354030	0	1216880
RAIL	48	48	897	2026
FOLD	2931	1224	1224	354321	354321	0	1220118
RAIL	48	48	900	2030
FOLD	2932	1225	1225	354609	354609	0	1220819
RAIL	48	48	900	2031
FOLD	2933	1226	1226	354897	354897	0	1221587
RAIL	45	51	900	2032
FOLD	2934	1227	1227	355185	355185	0	1222112
RAIL	48	48	900	2033
FOLD	2943	1228	1228	355479	355479	0	1225501
RAIL	48	48	904	2038
FOLD	2944	1229	1229	355767	355767	0	1226242
RAIL	48	48	904	2039
FOLD	2951	1230	1230	356058	356058	0	1229500
RAIL	42	54	907	2043
FOLD	2952	1231	1231	356346	356346	0	1230054
RAIL	48	48	907	2044
FOLD	2953	1232	1232	356634	356634	0	1230751
RAIL	42	55	907	2045
FOLD	2954	1233	1233	356925	356925	0	1231278
RAIL	48	48	907	2046
FOLD	2959	1234	1234	357216	357216	0	1233051
RAIL	41	55	909	2049
FOLD	2960	1235	1235	357504	357504	0	1233626
RAIL	48	48	909	2050
FOLD	2965	1236	1236	357795	357795	0	1235439
RAIL	10	87	911	2053
FOLD	2966	1237	1237	358086	358086	0	1235820
RAIL	48	48	911	2054
FOLD	2967	1238	1238	358374	358374	0	1236560
RAIL	40	56	911	2055
FOLD	2968	1239	1239	358662	358662	0	1237146
RAIL	48	48	911	2056
FOLD	2985	1240	1240	358950	358950	0	1243764
RAIL	38	59	919	2065
FOLD	2986	1241	1241	359241	359241	0	1244250
RAIL	48	48	919	2066
FOLD	2987	1242	1242	359529	359529	0	1244927
RAIL	13	83	919	2067
FOLD	2988	1243	1243	359817	359817	0	1245446
RAIL	48	48	919	2068
FOLD	2993	1244	1244	360108	360108	0	1247083
RAIL	37	60	921	2071
FOLD	2994	1245	1245	360399	360399	0	1247588
RAIL	48	48	921	2072
FOLD	3013	1246	1246	360687	360687	0	1254352
RAIL	16	81	930	2082
FOLD	3014	1247	1247	360978	360978	0	1254778
RAIL	48	48	930	2083
FOLD	3019	1248	1248	361269	361269	0	1256549
RAIL	17	79	932	2086
FOLD	3020	1249	1249	361557	361557	0	1257033
RAIL	48	48	932	2087
FOLD	3025	1250	1250	361848	361848	0	1259074
RAIL	33	64	934	2090
FOLD	3026	1251	1251	362139	362139	0	1259555
RAIL	48	48	934	2091
FOLD	3027	1252	1252	362427	362427	0	1260218
RAIL	18	78	934	2092
FOLD	3042	1253	1253	362715	362715	0	1266153
RAIL	48	48	941	2100
FOLD	3047	1254	1254	363006	363006	0	1267949
RAIL	30	66	943	2103
FOLD	3048	1255	1255	363294	363294	0	1268517
RAIL	48	48	943	2104
FOLD	3067	1256	1256	363585	363585	0	1282980
RAIL	23	73	952	2114
FOLD	3068	1257	1257	363873	363873	0	1283924
RAIL	48	48	952	2115
FOLD	3073	1258	1258	364164	364164	0	1286930
RAIL	27	70	954	2118
FOLD	3074	1259	1259	364455	364455	0	1287833
RAIL	48	48	954	2119
FOLD	3079	1260	1260	364746	364746	0	1290817
RAIL	26	70	956	2122
FOLD	3080	1261	1261	365034	365034	0	1291620
RAIL	48	48	956	2123
FOLD	3081	1262	1262	365322	365322	0	1292326
RAIL	26	71	956	2124
FOLD	3082	1263	1263	365613	365613	0	1292807
RAIL	48	48	956	2125
FOLD	3089	1264	1264	365904	365904	0	1295662
RAIL	48	48	959	2129
FOLD	3090	1265	1265	366192	366192	0	1296321
RAIL	48	49	959	2130
FOLD	3091	1266	1266	366483	366483	0	1296789
RAIL	48	48	959	2131
FOLD	3092	1267	1267	366771	366771	0	1297480
RAIL	48	48	959	2132
FOLD	3093	1268	1268	367059	367059	0	1298051
RAIL	48	48	959	2133
FOLD	3094	1269	1269	367347	367347	0	1298622
RAIL	47	49	959	2134
FOLD	3095	1270	1270	367635	367635	0	1299138
RAIL	48	48	959	2135
FOLD	3096	1271	1271	367923	367923	0	1299740
RAIL	47	50	959	2136
FOLD	3097	1272	1272	368214	368214	0	1300208
RAIL	48	48	959	2137
FOLD	3106	1273	1273	368505	368505	0	1303378
RAIL	45	51	963	2142
FOLD	3107	1274	1274	368793	368793	0	1303848
RAIL	48	48	963	2143
FOLD	3116	1275	1275	369087	369087	0	1307083
RAIL	48	48	967	2148
FOLD	3117	1276	1276	369375	369375	0	1307733
RAIL	48	48	967	2149
FOLD	3118	1277	1277	369663	369663	0	1308328
RAIL	43	53	967	2150
FOLD	3119	1278	1278	369951	369951	0	1308814
RAIL	48	48	967	2151
FOLD	3128	1279	1279	370245	370245	0	1312199
RAIL	9	87	971	2156
FOLD	3129	1280	1280	370533	370533	0	1312566
RAIL	48	48	971	2157
FOLD	3130	1281	1281	370821	370821	0	1313167
RAIL	9	88	971	2158
FOLD	3131	1282	1282	371112	371112	0	1313538
RAIL	48	48	971	2159
FOLD	3138	1283	1283	371403	371403	0	1315926
RAIL	10	87	974	2163
FOLD	3139	1284	1284	371694	371694	0	1316344
RAIL	48	48	974	2164
FOLD	3140	1285	1285	371982	371982	0	1316925
RAIL	40	56	974	2165
FOLD	3141	1286	1286	372270	372270	0	1317506
RAIL	48	48	974	2166
FOLD	3142	1287	1287	372558	372558	0	1318123
RAIL	40	57	974	2167
FOLD	3143	1288	1288	372849	372849	0	1318577
RAIL	48	48	974	2168
FOLD	3144	1289	1289	373137	373137	0	1319168
RAIL	11	85	974	2169
FOLD	3145	1290	1290	373425	373425	0	1319496
RAIL	48	48	974	2170
FOLD	3150	1291	1291	373716	373716	0	1321040
RAIL	39	58	976	2173
FOLD	3151	1292	1292	374007	374007	0	1322010
RAIL	48	48	976	2174
FOLD	3170	1293	1293	374295	374295	0	1328879
RAIL	14	83	985	2184
FOLD	3171	1294	1294	374586	374586	0	1329666
RAIL	48	48	985	2185
FOLD	3176	1295	1295	374877	374877	0	1332242
RAIL	15	81	987	2188
FOLD	3197	1296	1296	375168	375168	0	1338320
RAIL	48	48	997	2199
FOLD	3198	1297	1297	375456	375456	0	1338921
RAIL	33	64	997	2200
FOLD	3199	1298	1298	375747	375747	0	1339376
RAIL	48	48	997	2201
FOLD	3200	1299	1299	376035	376035	0	1339918
RAIL	18	78	997	2202
FOLD	3201	1300	1300	376323	376323	0	1340305
RAIL	48	48	997	2203
FOLD	3202	1301	1301	376611	376611	0	1340873
RAIL	18	79	997	2204
FOLD	3203	1302	1302	376902	376902	0	1341335
RAIL	48	48	997	2205
FOLD	3204	1303	1303	377190	377190	0	1341906
RAIL	32	64	997	2206
FOLD	3205	1304	1304	377478	377478	0	1342380
RAIL	48	48	997	2207
FOLD	3228	1305	1305	377772	377772	0	1350346
RAIL	29	67	1008	2219
FOLD	3229	1306	1306	378060	378060	0	1350766
RAIL	48	48	1008	2220
FOLD	3230	1307	1307	378348	378348	0	1351304
RAIL	29	68	1008	2221
FOLD	3231	1308	1308	378639	378639	0	1351714
RAIL	48	48	1008	2222
FOLD	3254	1309	1309	378930	378930	0	1359628
RAIL	26	71	1019	2234
FOLD	3255	1310	1310	379221	379221	0	1360152
RAIL	48	48	1019	2235
FOLD	3256	1311	1311	379509	379509	0	1360684
RAIL	25	71	1019	2236
FOLD	3257	1312	1312	379797	379797	0	1361124
RAIL	48	48	1019	2237
FOLD	3258	1313	1313	380085	380085	0	1361667
RAIL	25	72	1019	2238
FOLD	3259	1314	1314	380376	380376	0	1362130
RAIL	48	48	1019	2239
FOLD	3268	1315	1315	380667	380667	0	1364967
RAIL	48	48	1023	2244
FOLD	3275	1316	1316	380958	380958	0	1367695
RAIL	46	51	1026	2248
FOLD	3276	1317	1317	381249	381249	0	1368134
RAIL	48	48	1026	2249
FOLD	3277	1318	1318	381537	381537	0	1368713
RAIL	48	48	1026	2250
FOLD	3282	1319	1319	381828	381828	0	1370639
RAIL	48	48	1028	2253
FOLD	3287	1320	1320	382116	382116	0	1372396
RAIL	44	53	1030	2256
FOLD	3288	1321	1321	382407	382407	0	1372824
RAIL	48	48	1030	2257
FOLD	3295	1322	1322	382698	382698	0	1375602
RAIL	48	48	1033	2261
FOLD	3296	1323	1323	382986	382986	0	1376150
RAIL	48	48	1033	2262
FOLD	3297	1324	1324	383274	383274	0	1376712
RAIL	42	54	1033	2263
FOLD	3298	1325	1325	383562	383562	0	1377205
RAIL	48	48	1033	2264
FOLD	3299	1326	1326	383850	383850	0	1377798
RAIL	42	55	1033	2265
FOLD	3300	1327	1327	384141	384141	0	1378229
RAIL	48	48	1033	2266
FOLD	3301	1328	1328	384429	384429	0	1378796
RAIL	9	87	1033	2267
FOLD	3314	1329	1329	384720	384720	0	1382700
RAIL	48	48	1039	2274
FOLD	3315	1330	1330	385008	385008	0	1383348
RAIL	40	57	1039	2275
FOLD	3316	1331	1331	385299	385299	0	1383841
RAIL	48	48	1039	2276
FOLD	3323	1332	1332	385590	385590	0	1387230
RAIL	39	58	1042	2280
FOLD	3324	1333	1333	385881	385881	0	1387758
RAIL	48	48	1042	2281
FOLD	3325	1334	1334	386169	386169	0	1388566
RAIL	12	84	1042	2282
FOLD	3326	1335	1335	386457	386457	0	1388996
RAIL	48	48	1042	2283
FOLD	3327	1336	1336	386745	386745	0	1389676
RAIL	12	85	1042	2284
FOLD	3328	1337	1337	387036	387036	0	1390062
RAIL	48	48	1042	2285
FOLD	3333	1338	1338	387327	387327	0	1392071
RAIL	13	83	1044	2288
FOLD	3352	1339	1339	387618	387618	0	1398006
RAIL	48	48	1053	2298
FOLD	3353	1340	1340	387906	387906	0	1398599
RAIL	35	61	1053	2299
FOLD	3354	1341	1341	388194	388194	0	1399010
RAIL	48	48	1053	2300
FOLD	3355	1342	1342	388482	388482	0	1399600
RAIL	35	62	1053	2301
FOLD	3356	1343	1343	388773	388773	0	1400106
RAIL	48	48	1053	2302
FOLD	3379	1344	1344	389064	389064	0	1407913
RAIL	32	65	1064	2314
FOLD	3380	1345	1345	389355	389355	0	1408371
RAIL	48	48	1064	2315
FOLD	3381	1346	1346	389643	389643	0	1408964
RAIL	19	77	1064	2316
FOLD	3382	1347	1347	389931	389931	0	1409497
RAIL	48	48	1064	2317
FOLD	3387	1348	1348	390222	390222	0	1411105
RAIL	31	66	1066	2320
FOLD	3388	1349	1349	390513	390513	0	1411548
RAIL	48	48	1066	2321
FOLD	3405	1350	1350	390801	390801	0	1419796
RAIL	22	74	1074	2330
FOLD	3406	1351	1351	391089	391089	0	1420201
RAIL	48	48	1074	2331
FOLD	3407	1352	1352	391377	391377	0	1420803
RAIL	22	75	1074	2332
FOLD	3408	1353	1353	391668	391668	0	1421295
RAIL	48	48	1074	2333
FOLD	3413	1354	1354	391959	391959	0	1422825
RAIL	23	73	1076	2336
FOLD	3432	1355	1355	392250	392250	0	1428665
RAIL	48	48	1085	2346
FOLD	3433	1356	1356	392538	392538	0	1429299
RAIL	48	48	1085	2347
FOLD	3442	1357	1357	392829	392829	0	1432237
RAIL	47	50	1089	2352
FOLD	3443	1358	1358	393120	393120	0	1432664
RAIL	48	48	1089	2353
FOLD	3450	1359	1359	393411	393411	0	1435837
RAIL	48	48	1092	2357
FOLD	3451	1360	1360	393699	393699	0	1436438
RAIL	48	48	1092	2358
FOLD	3452	1361	1361	393987	393987	0	1437008
RAIL	45	51	1092	2359
FOLD	3453	1362	1362	394275	394275	0	1437461
RAIL	48	48	1092	2360
FOLD	3462	1363	1363	394569	394569	0	1440343
RAIL	48	48	1096	2365
FOLD	3463	1364	1364	394857	394857	0	1440899
RAIL	48	48	1096	2366
FOLD	3470	1365	1365	395148	395148	0	1443535
RAIL	42	54	1099	2370
FOLD	3471	1366	1366	395436	395436	0	1443987
RAIL	48	48	1099	2371
FOLD	3488	1367	1367	395724	395724	0	1450824
RAIL	40	57	1107	2380
FOLD	3489	1368	1368	396015	396015	0	1451261
RAIL	48	48	1107	2381
FOLD	3490	1369	1369	396303	396303	0	1451825
RAIL	11	85	1107	2382
FOLD	3491	1370	1370	396591	396591	0	1452187
RAIL	48	48	1107	2383
FOLD	3492	1371	1371	396879	396879	0	1452897
RAIL	11	86	1107	2384
FOLD	3493	1372	1372	397170	397170	0	1453281
RAIL	48	48	1107	2385
FOLD	3494	1373	1373	397458	397458	0	1453855
RAIL	39	57	1107	2386
FOLD	3495	1374	1374	397746	397746	0	1454297
RAIL	48	48	1107	2387
FOLD	3496	1375	1375	398034	398034	0	1454887
RAIL	39	58	1107	2388
FOLD	3497	1376	1376	398325	398325	0	1455305
RAIL	48	48	1107	2389
FOLD	3498	1377	1377	398613	398613	0	1455936
RAIL	12	84	1107	2390
FOLD	3499	1378	1378	398901	398901	0	1456296
RAIL	48	48	1107	2391
FOLD	3500	1379	1379	399189	399189	0	1456973
RAIL	12	85	1107	2392
FOLD	3501	1380	1380	399480	399480	0	1457326
RAIL	48	48	1107	2393
FOLD	3506	1381	1381	399771	399771	0	1459071
RAIL	13	83	1109	2396
FOLD	3507	1382	1382	400059	400059	0	1459414
RAIL	48	48	1109	2397
FOLD	3512	1383	1383	400350	400350	0	1460953
RAIL	37	60	1111	2400
FOLD	3513	1384	1384	400641	400641	0	1461430
RAIL	48	48	1111	2401
FOLD	3514	1385	1385	400929	400929	0	1462072
RAIL	14	82	1111	2402
FOLD	3531	1386	1386	401217	401217	0	1468690
RAIL	48	48	1119	2411
FOLD	3536	1387	1387	401508	401508	0	1470371
RAIL	34	63	1121	2414
FOLD	3537	1388	1388	401799	401799	0	1470794
RAIL	48	48	1121	2415
FOLD	3556	1389	1389	402087	402087	0	1476917
RAIL	19	78	1130	2425
FOLD	3557	1390	1390	402378	402378	0	1477319
RAIL	48	48	1130	2426
FOLD	3558	1391	1391	402666	402666	0	1477903
RAIL	31	65	1130	2427
FOLD	3559	1392	1392	402954	402954	0	1478304
RAIL	48	48	1130	2428
FOLD	3564	1393	1393	403245	403245	0	1481040
RAIL	20	77	1132	2431
FOLD	3565	1394	1394	403536	403536	0	1481517
RAIL	48	48	1132	2432
FOLD	3570	1395	1395	403827	403827	0	1483100
RAIL	21	75	1134	2435
FOLD	3585	1396	1396	404115	404115	0	1487732
RAIL	48	48	1141	2443
FOLD	3590	1397	1397	404406	404406	0	1489503
RAIL	27	69	1143	2446
FOLD	3591	1398	1398	404694	404694	0	1489916
RAIL	48	48	1143	2447
FOLD	3610	1399	1399	404985	404985	0	1500075
RAIL	48	48	1152	2457
FOLD	3611	1400	1400	405273	405273	0	1501181
RAIL	48	48	1152	2458
FOLD	3616	1401	1401	405564	405564	0	1504089
RAIL	48	48	1154	2461
FOLD	3621	1402	1402	405852	405852	0	1507196
RAIL	46	51	1156	2464
FOLD	3622	1403	1403	406143	406143	0	1507998
RAIL	48	48	1156	2465
FOLD	3629	1404	1404	406434	406434	0	1511163
RAIL	48	48	1159	2469
FOLD	3630	1405	1405	406722	406722	0	1511751
RAIL	48	48	1159	2470
FOLD	3635	1406	1406	407013	407013	0	1513353
RAIL	48	48	1161	2473
FOLD	3640	1407	1407	407304	407304	0	1514890
RAIL	48	48	1163	2476
FOLD	3645	1408	1408	407592	407592	0	1517681
RAIL	42	55	1165	2479
FOLD	3646	1409	1409	407883	407883	0	1518110
RAIL	48	48	1165	2480
FOLD	3647	1410	1410	408171	408171	0	1518785
RAIL	9	87	1165	2481
FOLD	3648	1411	1411	408459	408459	0	1519124
RAIL	48	48	1165	2482
FOLD	3649	1412	1412	408747	408747	0	1519731
RAIL	9	88	1165	2483
FOLD	3650	1413	1413	409038	409038	0	1520100
RAIL	48	48	1165	2484
FOLD	3655	1414	1414	409329	409329	0	1521755
RAIL	10	86	1167	2487
FOLD	3674	1415	1415	409620	409620	0	1527221
RAIL	48	48	1176	2497
FOLD	3675	1416	1416	409908	409908	0	1527791
RAIL	38	58	1176	2498
FOLD	3676	1417	1417	410196	410196	0	1528289
RAIL	48	48	1176	2499
FOLD	3681	1418	1418	410487	410487	0	1529861
RAIL	13	84	1178	2502
FOLD	3682	1419	1419	410778	410778	0	1530256
RAIL	48	48	1178	2503
FOLD	3687	1420	1420	411069	411069	0	1531748
RAIL	14	82	1180	2506
FOLD	3688	1421	1421	411357	411357	0	1532141
RAIL	48	48	1180	2507
FOLD	3689	1422	1422	411645	411645	0	1532708
RAIL	14	83	1180	2508
FOLD	3690	1423	1423	411936	411936	0	1533161
RAIL	48	48	1180	2509
FOLD	3701	1424	1424	412224	412224	0	1536996
RAIL	35	62	1185	2515
FOLD	3702	1425	1425	412515	412515	0	1537442
RAIL	48	48	1185	2516
FOLD	3703	1426	1426	412803	412803	0	1538009
RAIL	16	80	1185	2517
FOLD	3708	1427	1427	413088	413088	0	1539651
RAIL	48	48	1187	2520
FOLD	3713	1428	1428	413379	413379	0	1541165
RAIL	17	80	1189	2523
FOLD	3714	1429	1429	413670	413670	0	1541532
RAIL	48	48	1189	2524
FOLD	3719	1430	1430	413961	413961	0	1543051
RAIL	18	78	1191	2527
FOLD	3736	1431	1431	414249	414249	0	1548016
RAIL	48	48	1199	2536
FOLD	3737	1432	1432	414537	414537	0	1548617
RAIL	20	77	1199	2537
FOLD	3738	1433	1433	414828	414828	0	1549012
RAIL	48	48	1199	2538
FOLD	3743	1434	1434	415119	415119	0	1550633
RAIL	21	75	1201	2541
FOLD	3744	1435	1435	415407	415407	0	1551059
RAIL	48	48	1201	2542
FOLD	3749	1436	1436	415698	415698	0	1552584
RAIL	29	68	1203	2545
FOLD	3750	1437	1437	415989	415989	0	1553119
RAIL	48	48	1203	2546
FOLD	3751	1438	1438	416277	416277	0	1554921
RAIL	22	74	1203	2547
FOLD	3766	1439	1439	416565	416565	0	1563135
RAIL	48	48	1210	2555
FOLD	3771	1440	1440	416856	416856	0	1564773
RAIL	26	70	1212	2558
FOLD	3804	1441	1441	417150	417150	0	1575890
RAIL	44	52	1228	2575
FOLD	3805	1442	1442	417438	417438	0	1576313
RAIL	48	48	1228	2576
FOLD	3806	1443	1443	417726	417726	0	1576874
RAIL	44	53	1228	2577
FOLD	3807	1444	1444	418017	418017	0	1577328
RAIL	48	48	1228	2578
FOLD	3808	1445	1445	418305	418305	0	1577941
RAIL	48	48	1228	2579
FOLD	3809	1446	1446	418593	418593	0	1578666
RAIL	48	48	1228	2580
FOLD	3814	1447	1447	418884	418884	0	1580451
RAIL	48	48	1230	2583
FOLD	3819	1448	1448	419175	419175	0	1582228
RAIL	48	48	1232	2586
FOLD	3820	1449	1449	419463	419463	0	1582879
RAIL	9	87	1232	2587
FOLD	3831	1450	1450	419754	419754	0	1586484
RAIL	48	48	1237	2593
FOLD	3832	1451	1451	420042	420042	0	1587086
RAIL	40	56	1237	2594
FOLD	3833	1452	1452	420330	420330	0	1587556
RAIL	48	48	1237	2595
FOLD	3856	1453	1453	420624	420624	0	1594917
RAIL	37	59	1248	2607
FOLD	3857	1454	1454	420912	420912	0	1595346
RAIL	48	48	1248	2608
FOLD	3858	1455	1455	421200	421200	0	1596043
RAIL	37	60	1248	2609
FOLD	3859	1456	1456	421491	421491	0	1596497
RAIL	48	48	1248	2610
FOLD	3860	1457	1457	421779	421779	0	1597325
RAIL	14	82	1248	2611
FOLD	3861	1458	1458	422067	422067	0	1597735
RAIL	48	48	1248	2612
FOLD	3866	1459	1459	422358	422358	0	1599430
RAIL	36	61	1250	2615
FOLD	3867	1460	1460	422649	422649	0	1599898
RAIL	48	48	1250	2616
FOLD	3872	1461	1461	422940	422940	0	1601504
RAIL	35	61	1252	2619
FOLD	3873	1462	1462	423228	423228	0	1601971
RAIL	48	48	1252	2620
FOLD	3874	1463	1463	423516	423516	0	1602598
RAIL	35	62	1252	2621
FOLD	3875	1464	1464	423807	423807	0	1603023
RAIL	48	48	1252	2622
FOLD	3898	1465	1465	424098	424098	0	1611578
RAIL	32	65	1263	2634
FOLD	3899	1466	1466	424389	424389	0	1612706
RAIL	48	48	1263	2635
FOLD	3900	1467	1467	424677	424677	0	1613299
RAIL	19	77	1263	2636
FOLD	3915	1468	1468	424965	424965	0	1619666
RAIL	48	48	1270	2644
FOLD	3916	1469	1469	425253	425253	0	1620265
RAIL	21	75	1270	2645
FOLD	3917	1470	1470	425541	425541	0	1620686
RAIL	48	48	1270	2646
FOLD	3918	1471	1471	425829	425829	0	1621345
RAIL	21	76	1270	2647
FOLD	3919	1472	1472	426120	426120	0	1621726
RAIL	48	48	1270	2648
FOLD	3920	1473	1473	426408	426408	0	1622276
RAIL	29	67	1270	2649
FOLD	3921	1474	1474	426696	426696	0	1622730
RAIL	48	48	1270	2650
FOLD	3926	1475	1475	426987	426987	0	1624270
RAIL	22	75	1272	2653
FOLD	3927	1476	1476	427278	427278	0	1624695
RAIL	48	48	1272	2654
FOLD	3932	1477	1477	427569	427569	0	1627449
RAIL	23	73	1274	2657
FOLD	3975	1478	1478	427860	427860	0	1643160
RAIL	48	48	1295	2679
FOLD	3980	1479	1479	428151	428151	0	1644777
RAIL	48	48	1297	2682
FOLD	3981	1480	1480	428439	428439	0	1645613
RAIL	48	48	1297	2683
FOLD	3988	1481	1481	428730	428730	0	1648230
RAIL	48	48	1300	2687
FOLD	3989	1482	1482	429018	429018	0	1648801
RAIL	42	54	1300	2688
FOLD	3990	1483	1483	429306	429306	0	1649296
RAIL	48	48	1300	2689
FOLD	4011	1484	1484	429597	429597	0	1656827
RAIL	11	86	1310	2700
FOLD	4012	1485	1485	429888	429888	0	1657271
RAIL	48	48	1310	2701
FOLD	4013	1486	1486	430176	430176	0	1657933
RAIL	39	57	1310	2702
FOLD	4014	1487	1487	430464	430464	0	1658393
RAIL	48	48	1310	2703
FOLD	4015	1488	1488	430752	430752	0	1659056
RAIL	39	58	1310	2704
FOLD	4016	1489	1489	431043	431043	0	1659579
RAIL	48	48	1310	2705
FOLD	4039	1490	1490	431334	431334	0	1666732
RAIL	36	61	1321	2717
FOLD	4040	1491	1491	431625	431625	0	1667153
RAIL	48	48	1321	2718
FOLD	4041	1492	1492	431913	431913	0	1667756
RAIL	15	81	1321	2719
FOLD	4042	1493	1493	432201	432201	0	1668093
RAIL	48	48	1321	2720
FOLD	4047	1494	1494	432492	432492	0	1669877
RAIL	35	62	1323	2723
FOLD	4048	1495	1495	432783	432783	0	1670366
RAIL	48	48	1323	2724
FOLD	4053	1496	1496	433074	433074	0	1671946
RAIL	34	62	1325	2727
FOLD	4054	1497	1497	433362	433362	0	1672380
RAIL	48	48	1325	2728
FOLD	4055	1498	1498	433650	433650	0	1672935
RAIL	34	63	1325	2729
FOLD	4056	1499	1499	433941	433941	0	1673459
RAIL	48	48	1325	2730
FOLD	4075	1500	1500	434229	434229	0	1679776
RAIL	19	78	1334	2740
FOLD	4076	1501	1501	434520	434520	0	1680158
RAIL	48	48	1334	2741
FOLD	4081	1502	1502	434811	434811	0	1681950
RAIL	20	76	1336	2744
FOLD	4096	1501	1502	434523	434811	0	1690694
RAIL	48	48	1344	2751
FOLD	4106	1503	1503	435099	435099	0	1694001
RAIL	48	48	1348	2757
FOLD	4107	1504	1504	435387	435387	0	1694603
RAIL	23	74	1348	2758
FOLD	4108	1505	1505	435678	435678	0	1694991
RAIL	48	48	1348	2759
FOLD	4109	1506	1506	435966	435966	0	1695542
RAIL	27	69	1348	2760
FOLD	4150	1507	1507	436260	436260	0	1708446
RAIL	44	52	1368	2781
FOLD	4151	1508	1508	436548	436548	0	1708889
RAIL	48	48	1368	2782
FOLD	4152	1509	1509	436836	436836	0	1709565
RAIL	44	53	1368	2783
FOLD	4153	1510	1510	437127	437127	0	1709997
RAIL	48	48	1368	2784
FOLD	4154	1511	1511	437415	437415	0	1710568
RAIL	48	48	1368	2785
FOLD	4159	1512	1512	437706	437706	0	1712195
RAIL	48	48	1370	2788
FOLD	4164	1513	1513	437994	437994	0	1714046
RAIL	42	55	1372	2791
FOLD	4165	1514	1514	438285	438285	0	1714477
RAIL	48	48	1372	2792
FOLD	4172	1515	1515	438576	438576	0	1716770
RAIL	41	56	1375	2796
FOLD	4173	1516	1516	438867	438867	0	1717274
RAIL	48	48	1375	2797
FOLD	4174	1517	1517	439155	439155	0	1717859
RAIL	10	86	1375	2798
FOLD	4191	1518	1518	439443	439443	0	1723167
RAIL	48	48	1383	2807
FOLD	4198	1519	1519	439737	439737	0	1725790
RAIL	13	83	1386	2811
FOLD	4203	1520	1520	440022	440022	0	1727512
RAIL	48	48	1388	2814
FOLD	4204	1521	1521	440310	440310	0	1728081
RAIL	37	60	1388	2815
FOLD	4205	1522	1522	440601	440601	0	1728557
RAIL	48	48	1388	2816
FOLD	4206	1523	1523	440889	440889	0	1729196
RAIL	14	82	1388	2817
FOLD	4219	1524	1524	441180	441180	0	1735556
RAIL	48	48	1394	2824
FOLD	4220	1525	1525	441468	441468	0	1736644
RAIL	35	62	1394	2825
FOLD	4221	1526	1526	441759	441759	0	1737526
RAIL	48	48	1394	2826
FOLD	4228	1527	1527	442050	442050	0	1741923
RAIL	34	63	1397	2830
FOLD	4229	1528	1528	442341	442341	0	1742708
RAIL	48	48	1397	2831
FOLD	4230	1529	1529	442629	442629	0	1743745
RAIL	17	79	1397	2832
FOLD	4231	1530	1530	442917	442917	0	1744428
RAIL	48	48	1397	2833
FOLD	4232	1531	1531	443205	443205	0	1745320
RAIL	17	80	1397	2834
FOLD	4233	1532	1532	443496	443496	0	1745765
RAIL	48	48	1397	2835
FOLD	4238	1533	1533	443787	443787	0	1747435
RAIL	18	78	1399	2838
FOLD	4257	1534	1534	444078	444078	0	1753435
RAIL	48	48	1408	2848
FOLD	4258	1535	1535	444366	444366	0	1754019
RAIL	30	66	1408	2849
FOLD	4259	1536	1536	444654	444654	0	1754474
RAIL	48	48	1408	2850
FOLD	4260	1537	1537	444942	444942	0	1755049
RAIL	30	67	1408	2851
FOLD	4261	1538	1538	445233	445233	0	1755491
RAIL	48	48	1408	2852
FOLD	4314	1539	1539	445521	445521	0	1772535
RAIL	48	48	1434	2879
FOLD	4315	1540	1540	445809	445809	0	1773210
RAIL	48	48	1434	2880
FOLD	4320	1541	1541	446100	446100	0	1774971
RAIL	48	48	1436	2883
FOLD	4325	1542	1542	446388	446388	0	1776725
RAIL	44	53	1438	2886
FOLD	4326	1543	1543	446679	446679	0	1777244
RAIL	48	48	1438	2887
FOLD	4335	1544	1544	446970	446970	0	1780127
RAIL	42	54	1442	2892
FOLD	4336	1545	1545	447258	447258	0	1780574
RAIL	48	48	1442	2893
FOLD	4337	1546	1546	447546	447546	0	1781190
RAIL	42	55	1442	2894
FOLD	4338	1547	1547	447837	447837	0	1781652
RAIL	48	48	1442	2895
FOLD	4343	1548	1548	448128	448128	0	1783175
RAIL	41	55	1444	2898
FOLD	4344	1549	1549	448416	448416	0	1783630
RAIL	48	48	1444	2899
FOLD	4349	1550	1550	448707	448707	0	1785199
RAIL	10	87	1446	2902
FOLD	4350	1551	1551	448998	448998	0	1785593
RAIL	48	48	1446	2903
FOLD	4351	1552	1552	449286	449286	0	1786165
RAIL	40	56	1446	2904
FOLD	4352	1553	1553	449574	449574	0	1786646
RAIL	48	48	1446	2905
FOLD	4363	1554	1554	449865	449865	0	1790534
RAIL	12	84	1451	2911
FOLD	4372	1555	1555	450153	450153	0	1793294
RAIL	48	48	1455	2916
FOLD	4377	1556	1556	450444	450444	0	1794817
RAIL	37	60	1457	2919
FOLD	4378	1557	1557	450735	450735	0	1795251
RAIL	48	48	1457	2920
FOLD	4379	1558	1558	451023	451023	0	1795822
RAIL	14	82	1457	2921
FOLD	4400	1559	1559	451314	451314	0	1802904
RAIL	48	48	1467	2932
FOLD	4401	1560	1560	451602	451602	0	1803534
RAIL	34	63	1467	2933
FOLD	4402	1561	1561	451893	451893	0	1804018
RAIL	48	48	1467	2934
FOLD	4409	1562	1562	452184	452184	0	1806835
RAIL	33	64	1470	2938
FOLD	4410	1563	1563	452475	452475	0	1807394
RAIL	48	48	1470	2939
FOLD	4411	1564	1564	452763	452763	0	1808024
RAIL	18	78	1470	2940
FOLD	4412	1565	1565	453051	453051	0	1808422
RAIL	48	48	1470	2941
FOLD	4413	1566	1566	453339	453339	0	1808975
RAIL	18	79	1470	2942
FOLD	4414	1567	1567	453630	453630	0	1809488
RAIL	48	48	1470	2943
FOLD	4415	1568	1568	453918	453918	0	1811985
RAIL	32	64	1470	2944
FOLD	4416	1569	1569	454206	454206	0	1812416
RAIL	48	48	1470	2945
FOLD	4417	1570	1570	454494	454494	0	1813015
RAIL	32	65	1470	2946
FOLD	4418	1571	1571	454785	454785	0	1813501
RAIL	48	48	1470	2947
FOLD	4505	1572	1572	455082	455082	0	1840981
RAIL	48	48	1513	2991
FOLD	4510	1573	1573	455370	455370	0	1842683
RAIL	42	55	1515	2994
FOLD	4511	1574	1574	455661	455661	0	1843127
RAIL	48	48	1515	2995
FOLD	4512	1575	1575	455949	455949	0	1843688
RAIL	9	87	1515	2996
FOLD	4517	1576	1576	456234	456234	0	1845380
RAIL	48	48	1517	2999
FOLD	4518	1577	1577	456522	456522	0	1845976
RAIL	41	56	1517	3000
FOLD	4519	1578	1578	456813	456813	0	1846428
RAIL	48	48	1517	3001
FOLD	4524	1579	1579	457104	457104	0	1847748
RAIL	40	56	1519	3004
FOLD	4525	1580	1580	457392	457392	0	1848175
RAIL	48	48	1519	3005
FOLD	4530	1581	1581	457683	457683	0	1849873
RAIL	11	86	1521	3008
FOLD	4531	1582	1582	457974	457974	0	1850298
RAIL	48	48	1521	3009
FOLD	4532	1583	1583	458262	458262	0	1850897
RAIL	39	57	1521	3010
FOLD	4533	1584	1584	458550	458550	0	1851327
RAIL	48	48	1521	3011
FOLD	4554	1585	1585	458841	458841	0	1857637
RAIL	14	83	1531	3022
FOLD	4555	1586	1586	459132	459132	0	1857964
RAIL	48	48	1531	3023
FOLD	4560	1587	1587	459423	459423	0	1859544
RAIL	15	81	1533	3026
FOLD	4575	1588	1588	459711	459711	0	1864972
RAIL	48	48	1540	3034
FOLD	4576	1589	1589	459999	459999	0	1865635
RAIL	17	79	1540	3035
FOLD	4577	1590	1590	460287	460287	0	1866147
RAIL	48	48	1540	3036
FOLD	4582	1591	1591	460578	460578	0	1867713
RAIL	33	64	1542	3039
FOLD	4583	1592	1592	460869	460869	0	1868199
RAIL	48	48	1542	3040
FOLD	4588	1593	1593	461160	461160	0	1869845
RAIL	32	64	1544	3043
FOLD	4589	1594	1594	461448	461448	0	1870311
RAIL	48	48	1544	3044
FOLD	4590	1595	1595	461736	461736	0	1870906
RAIL	32	65	1544	3045
FOLD	4591	1596	1596	462027	462027	0	1871368
RAIL	48	48	1544	3046
FOLD	4670	1597	1597	462318	462318	0	1897600
RAIL	48	48	1583	3086
FOLD	4677	1598	1598	462609	462609	0	1902034
RAIL	43	54	1586	3090
FOLD	4678	1599	1599	462900	462900	0	1902509
RAIL	48	48	1586	3091
FOLD	4679	1600	1600	463188	463188	0	1903093
RAIL	48	48	1586	3092
FOLD	4680	1601	1601	463476	463476	0	1903706
RAIL	48	48	1586	3093
FOLD	4685	1602	1602	463767	463767	0	1905426
RAIL	9	87	1588	3096
FOLD	4704	1603	1603	464058	464058	0	1911341
RAIL	48	48	1597	3106
FOLD	4705	1604	1604	464346	464346	0	1911927
RAIL	39	57	1597	3107
FOLD	4706	1605	1605	464634	464634	0	1912928
RAIL	48	48	1597	3108
FOLD	4711	1606	1606	464925	464925	0	1914639
RAIL	12	85	1599	3111
FOLD	4712	1607	1607	465216	465216	0	1914985
RAIL	48	48	1599	3112
FOLD	4717	1608	1608	465507	465507	0	1916706
RAIL	13	83	1601	3115
FOLD	4730	1609	1609	465792	465792	0	1921980
RAIL	48	48	1607	3122
FOLD	4731	1610	1610	466080	466080	0	1922579
RAIL	36	61	1607	3123
FOLD	4732	1611	1611	466371	466371	0	1923028
RAIL	48	48	1607	3124
FOLD	4733	1612	1612	466659	466659	0	1923593
RAIL	15	81	1607	3125
FOLD	4734	1613	1613	466947	466947	0	1924115
RAIL	48	48	1607	3126
FOLD	4735	1614	1614	467235	467235	0	1924805
RAIL	15	82	1607	3127
FOLD	4736	1615	1615	467526	467526	0	1925300
RAIL	48	48	1607	3128
FOLD	4741	1616	1616	467817	467817	0	1927170
RAIL	16	80	1609	3131
FOLD	4766	1617	1617	468105	468105	0	1936356
RAIL	48	48	1621	3144
FOLD	4779	1618	1618	468396	468396	0	1940420
RAIL	30	67	1627	3151
FOLD	4780	1619	1619	468687	468687	0	1940880
RAIL	48	48	1627	3152
FOLD	4839	1620	1620	468978	468978	0	1960652
RAIL	48	48	1656	3182
FOLD	4840	1621	1621	469266	469266	0	1961328
RAIL	48	48	1656	3183
FOLD	4845	1622	1622	469557	469557	0	1963020
RAIL	48	48	1658	3186
FOLD	4850	1623	1623	469845	469845	0	1964792
RAIL	43	54	1660	3189
FOLD	4851	1624	1624	470136	470136	0	1965301
RAIL	48	48	1660	3190
FOLD	4858	1625	1625	470427	470427	0	1968356
RAIL	9	87	1663	3194
FOLD	4859	1626	1626	470715	470715	0	1968705
RAIL	48	48	1663	3195
FOLD	4860	1627	1627	471003	471003	0	1969413
RAIL	9	88	1663	3196
FOLD	4861	1628	1628	471294	471294	0	1969789
RAIL	48	48	1663	3197
FOLD	4866	1629	1629	471585	471585	0	1971523
RAIL	10	86	1665	3200
FOLD	4885	1630	1630	471876	471876	0	1977468
RAIL	48	48	1674	3210
FOLD	4886	1631	1631	472164	472164	0	1978036
RAIL	38	58	1674	3211
FOLD	4887	1632	1632	472452	472452	0	1978533
RAIL	48	48	1674	3212
FOLD	4888	1633	1633	472740	472740	0	1979145
RAIL	38	59	1674	3213
FOLD	4889	1634	1634	473031	473031	0	1979612
RAIL	48	48	1674	3214
FOLD	4894	1635	1635	473322	473322	0	1981061
RAIL	37	59	1676	3217
FOLD	4895	1636	1636	473610	473610	0	1981512
RAIL	48	48	1676	3218
FOLD	4914	1637	1637	473901	473901	0	1987836
RAIL	16	80	1685	3228
FOLD	4915	1638	1638	474189	474189	0	1988198
RAIL	48	48	1685	3229
FOLD	4920	1639	1639	474480	474480	0	1989717
RAIL	34	63	1687	3232
FOLD	4921	1640	1640	474771	474771	0	1990163
RAIL	48	48	1687	3233
FOLD	5012	1641	1641	475062	475062	0	2020936
RAIL	48	48	1732	3279
FOLD	5013	1642	1642	475350	475350	0	2021576
RAIL	48	48	1732	3280
FOLD	5018	1643	1643	475641	475641	0	2023188
RAIL	48	48	1734	3283
FOLD	5023	1644	1644	475929	475929	0	2024960
RAIL	43	54	1736	3286
FOLD	5024	1645	1645	476220	476220	0	2025519
RAIL	48	48	1736	3287
FOLD	5037	1646	1646	476508	476508	0	2029650
RAIL	41	56	1742	3294
FOLD	5038	1647	1647	476799	476799	0	2030137
RAIL	48	48	1742	3295
FOLD	5039	1648	1648	477087	477087	0	2030760
RAIL	10	86	1742	3296
FOLD	5040	1649	1649	477375	477375	0	2031149
RAIL	48	48	1742	3297
FOLD	5041	1650	1650	477663	477663	0	2031707
RAIL	10	87	1742	3298
FOLD	5042	1651	1651	477954	477954	0	2032011
RAIL	48	48	1742	3299
FOLD	5047	1652	1652	478245	478245	0	2033725
RAIL	11	85	1744	3302
FOLD	5066	1653	1653	478536	478536	0	2039570
RAIL	48	48	1753	3312
FOLD	5067	1654	1654	478824	478824	0	2040134
RAIL	37	59	1753	3313
FOLD	5068	1655	1655	479112	479112	0	2040619
RAIL	48	48	1753	3314
FOLD	5073	1656	1656	479403	479403	0	2042314
RAIL	14	83	1755	3317
FOLD	5074	1657	1657	479694	479694	0	2042656
RAIL	48	48	1755	3318
FOLD	5079	1658	1658	479985	479985	0	2044987
RAIL	15	81	1757	3321
FOLD	5134	1659	1659	480267	480267	0	2071043
RAIL	48	48	1784	3349
FOLD	5135	1660	1660	480555	480555	0	2071621
RAIL	22	74	1784	3350
FOLD	5136	1661	1661	480843	480843	0	2072042
RAIL	48	48	1784	3351
FOLD	5141	1662	1662	481134	481134	0	2075154
RAIL	28	69	1786	3354
FOLD	5142	1663	1663	481425	481425	0	2075948
RAIL	48	48	1786	3355
FOLD	5185	1664	1664	481716	481716	0	2095771
RAIL	48	48	1807	3377
FOLD	5194	1665	1665	482007	482007	0	2098753
RAIL	43	53	1811	3382
FOLD	5195	1666	1666	482295	482295	0	2099309
RAIL	48	48	1811	3383
FOLD	5202	1667	1667	482586	482586	0	2102008
RAIL	42	55	1814	3387
FOLD	5203	1668	1668	482877	482877	0	2102503
RAIL	48	48	1814	3388
FOLD	5204	1669	1669	483165	483165	0	2103384
RAIL	9	87	1814	3389
FOLD	5227	1670	1670	483459	483459	0	2112735
RAIL	48	48	1825	3401
FOLD	5228	1671	1671	483747	483747	0	2113392
RAIL	12	84	1825	3402
FOLD	5233	1672	1672	484032	484032	0	2115452
RAIL	48	48	1827	3405
FOLD	5234	1673	1673	484320	484320	0	2116068
RAIL	38	59	1827	3406
FOLD	5235	1674	1674	484611	484611	0	2116775
RAIL	48	48	1827	3407
FOLD	5248	1675	1675	484902	484902	0	2120854
RAIL	36	60	1833	3414
FOLD	5249	1676	1676	485190	485190	0	2121390
RAIL	48	48	1833	3415
FOLD	5256	1677	1677	485484	485484	0	2123641
RAIL	35	61	1836	3419
FOLD	5365	1678	1678	485775	485775	0	2164678
RAIL	48	48	1890	3474
FOLD	5366	1679	1679	486063	486063	0	2165557
RAIL	48	48	1890	3475
FOLD	5367	1680	1680	486351	486351	0	2166189
RAIL	43	53	1890	3476
FOLD	5368	1681	1681	486639	486639	0	2166787
RAIL	48	48	1890	3477
FOLD	5377	1682	1682	486933	486933	0	2170171
RAIL	48	48	1894	3482
FOLD	5378	1683	1683	487221	487221	0	2170796
RAIL	48	48	1894	3483
FOLD	5389	1684	1684	487509	487509	0	2175061
RAIL	40	57	1899	3489
FOLD	5390	1685	1685	487800	487800	0	2175597
RAIL	48	48	1899	3490
FOLD	5391	1686	1686	488088	488088	0	2176193
RAIL	11	85	1899	3491
FOLD	5404	1687	1687	488379	488379	0	2180658
RAIL	48	48	1905	3498
FOLD	5405	1688	1688	488667	488667	0	2181273
RAIL	38	59	1905	3499
FOLD	5406	1689	1689	488958	488958	0	2181782
RAIL	48	48	1905	3500
FOLD	5533	1690	1690	489249	489249	0	2226345
RAIL	48	48	1968	3564
FOLD	5534	1691	1691	489537	489537	0	2227005
RAIL	44	53	1968	3565
FOLD	5535	1692	1692	489828	489828	0	2227486
RAIL	48	48	1968	3566
FOLD	5536	1693	1693	490116	490116	0	2228041
RAIL	48	48	1968	3567
FOLD	5537	1694	1694	490404	490404	0	2228655
RAIL	48	48	1968	3568
FOLD	5542	1695	1695	490695	490695	0	2230561
RAIL	48	48	1970	3571
FOLD	5547	1696	1696	490986	490986	0	2232242
RAIL	48	48	1972	3574
FOLD	5548	1697	1697	491274	491274	0	2232879
RAIL	48	48	1972	3575
FOLD	5553	1698	1698	491565	491565	0	2234703
RAIL	48	48	1974	3578
FOLD	5558	1699	1699	491856	491856	0	2236341
RAIL	40	56	1976	3581
FOLD	5559	1700	1700	492144	492144	0	2236923
RAIL	48	48	1976	3582
FOLD	5560	1701	1701	492432	492432	0	2237900
RAIL	40	57	1976	3583
FOLD	5561	1702	1702	492723	492723	0	2238636
RAIL	48	48	1976	3584
FOLD	5562	1703	1703	493011	493011	0	2239278
RAIL	11	85	1976	3585
FOLD	5711	1704	1704	493305	493305	0	2291868
RAIL	43	54	2050	3660
FOLD	5712	1705	1705	493596	493596	0	2292388
RAIL	48	48	2050	3661
FOLD	5721	1706	1706	493887	493887	0	2299077
RAIL	41	55	2054	3666
FOLD	5722	1707	1707	494175	494175	0	2300158
RAIL	48	48	2054	3667
FOLD	5723	1708	1708	494463	494463	0	2301197
RAIL	41	56	2054	3668
FOLD	5724	1709	1709	494754	494754	0	2302517
RAIL	48	48	2054	3669
FOLD	5725	1710	1710	495042	495042	0	2303586
RAIL	10	86	2054	3670
FOLD	5726	1711	1711	495330	495330	0	2304216
RAIL	48	48	2054	3671
FOLD	5727	1712	1712	495618	495618	0	2305348
RAIL	10	87	2054	3672
FOLD	5728	1713	1713	495909	495909	0	2305973
RAIL	48	48	2054	3673
FOLD	5729	1714	1714	496197	496197	0	2307115
RAIL	40	56	2054	3674
FOLD	5730	1715	1715	496485	496485	0	2308046
RAIL	48	48	2054	3675
FOLD	5735	1716	1716	496776	496776	0	2311112
RAIL	11	86	2056	3678
FOLD	5736	1717	1717	497067	497067	0	2311836
RAIL	48	48	2056	3679
FOLD	5741	1718	1718	497358	497358	0	2315123
RAIL	12	84	2058	3682
FOLD	5884	1719	1719	497649	497649	0	2373575
RAIL	48	48	2129	3754
FOLD	5889	1720	1720	497940	497940	0	2375609
RAIL	48	48	2131	3757
FOLD	5894	1721	1721	498228	498228	0	2377497
RAIL	41	56	2133	3760
FOLD	5895	1722	1722	498519	498519	0	2378026
RAIL	48	48	2133	3761
FOLD	5902	1723	1723	498810	498810	0	2380434
RAIL	40	57	2136	3765
FOLD	5903	1724	1724	499101	499101	0	2380932
RAIL	48	48	2136	3766
FOLD	5904	1725	1725	499389	499389	0	2381503
RAIL	11	85	2136	3767
FOLD	5905	1726	1726	499677	499677	0	2381884
RAIL	48	48	2136	3768
FOLD	5906	1727	1727	499965	499965	0	2382478
RAIL	11	86	2136	3769
FOLD	5907	1728	1728	500256	500256	0	2382848
RAIL	48	48	2136	3770
FOLD	6042	1729	1729	500544	500544	0	2430373
RAIL	48	48	2203	3838
FOLD	6043	1730	1730	500832	500832	0	2431067
RAIL	48	48	2203	3839
FOLD	6048	1731	1731	501123	501123	0	2432975
RAIL	48	48	2205	3842
FOLD	6053	1732	1732	501411	501411	0	2435069
RAIL	43	54	2207	3845
FOLD	6054	1733	1733	501702	501702	0	2435815
RAIL	48	48	2207	3846
FOLD	6061	1734	1734	501993	501993	0	2438543
RAIL	48	48	2210	3850
FOLD	6062	1735	1735	502281	502281	0	2439177
RAIL	48	48	2210	3851
FOLD	6067	1736	1736	502572	502572	0	2441170
RAIL	10	86	2212	3854
FOLD	6068	1737	1737	502860	502860	0	2441556
RAIL	48	48	2212	3855
FOLD	6087	1738	1738	503151	503151	0	2448164
RAIL	38	58	2221	3865
FOLD	6088	1739	1739	503439	503439	0	2448671
RAIL	48	48	2221	3866
FOLD	6089	1740	1740	503727	503727	0	2449310
RAIL	38	59	2221	3867
FOLD	6090	1741	1741	504018	504018	0	2449791
RAIL	48	48	2221	3868
FOLD	6095	1742	1742	504309	504309	0	2451155
RAIL	37	59	2223	3871
FOLD	6220	1743	1743	504600	504600	0	2490553
RAIL	48	48	2285	3934
FOLD	6225	1744	1744	504891	504891	0	2492282
RAIL	48	48	2287	3937
FOLD	6234	1745	1745	505182	505182	0	2496324
RAIL	41	55	2291	3942
FOLD	6255	1746	1746	505467	505467	0	2502632
RAIL	48	48	2301	3953
FOLD	6266	1747	1747	505758	505758	0	2505970
RAIL	37	59	2306	3959
FOLD	6353	1748	1748	506046	506046	0	2532381
RAIL	48	48	2349	4003
FOLD	6354	1749	1749	506334	506334	0	2533038
RAIL	26	70	2349	4004
FOLD	6387	1750	1750	506628	506628	0	2544030
RAIL	44	52	2365	4021
FOLD	6388	1751	1751	506916	506916	0	2544617
RAIL	48	48	2365	4022
FOLD	6395	1752	1752	507207	507207	0	2547532
RAIL	43	54	2368	4026
FOLD	6396	1753	1753	507498	507498	0	2548114
RAIL	48	48	2368	4027
FOLD	6397	1754	1754	507786	507786	0	2548677
RAIL	48	48	2368	4028
FOLD	6398	1755	1755	508074	508074	0	2549314
RAIL	48	48	2368	4029
FOLD	6451	1756	1756	508362	508362	0	2565579
RAIL	15	82	2394	4056
FOLD	6452	1757	1757	508653	508653	0	2565958
RAIL	48	48	2394	4057
FOLD	6745	1758	1758	508947	508947	0	2661216
RAIL	48	48	2540	4204
FOLD	6746	1759	1759	509235	509235	0	2661908
RAIL	48	48	2540	4205
FOLD	6747	1760	1760	509523	509523	0	2662447
RAIL	41	55	2540	4206
FOLD	6810	1761	1761	509811	509811	0	2681188
RAIL	48	48	2571	4238
FOLD	6811	1762	1762	510099	510099	0	2681772
RAIL	33	63	2571	4239
FOLD	8192	1717	1762	497082	510102	0	3138431
RAIL	48	48	3284	4907
FOLD	16384	1655	1762	479130	510102	0	6082269
RAIL	48	48	7411	8972
