INPUT	248634134622378624265272678886859666411	128	62	644
FRAME	1	0	1	1	34
FOLD	0	0	0	0	0	0	69
RAIL	0	0	0	0
CORRELATION	0	0	0	0
SQUARE	1	133
FOLD	0	0	0	0	0	0	104
RAIL	0	0	0	0
CORRELATION	0	0	0	0
SQUARE	2	233
FOLD	0	0	0	0	0	0	130
RAIL	0	0	0	0
CORRELATION	0	0	0	0
SQUARE	4	235
FOLD	0	0	0	0	0	0	173
RAIL	0	0	0	0
CORRELATION	0	0	0	0
SQUARE	8	237
FOLD	0	0	0	0	0	0	249
RAIL	0	0	0	0
CORRELATION	0	0	0	0
SQUARE	16	239
FOLD	0	0	0	0	0	0	393
RAIL	0	0	0	0
CORRELATION	0	0	0	0
SQUARE	32	242
FOLD	0	0	0	0	0	0	710
RAIL	0	0	0	0
CORRELATION	0	0	0	0
SQUARE	64	244
FOLD	0	0	0	0	0	0	1267
RAIL	0	0	0	0
CORRELATION	0	0	0	0
SQUARE	128	247
FOLD	1	1	1	384	384	0	1279
RAIL	2	126	0	0
CORRELATION	0	0	0	0
SQUARE	128	247
FOLD	1	1	1	384	384	0	2121
RAIL	2	126	1	0
CORRELATION	0	0	0	0
SQUARE	256	249
FOLD	2	1	1	387	387	0	2129
RAIL	2	127	1	0
CORRELATION	0	0	0	0
SQUARE	256	249
FOLD	3	1	1	384	387	0	5183
RAIL	64	64	2	1
CORRELATION	1	0	8176	12334
SQUARE	384	252
FOLD	4	2	2	768	768	0	5193
RAIL	64	64	2	1
CORRELATION	1	0	8176	12334
SQUARE	384	252
FOLD	4	2	2	768	768	0	6817
RAIL	64	64	2	2
CORRELATION	1	0	8176	12334
SQUARE	512	252
FOLD	5	4	4	1539	1539	0	6826
RAIL	64	65	2	2
CORRELATION	1	0	8176	12334
SQUARE	512	252
FOLD	5	4	4	1539	1539	0	7527
RAIL	64	65	2	3
CORRELATION	2	0	8176	12334
SQUARE	512	252
FOLD	6	5	5	1926	1926	0	7534
RAIL	64	65	2	3
CORRELATION	2	0	8176	12334
SQUARE	512	252
FOLD	7	7	7	2697	2697	0	8548
RAIL	3	125	2	4
CORRELATION	2	0	8176	12334
SQUARE	640	254
FOLD	8	7	7	2700	2700	0	9117
RAIL	3	126	3	4
CORRELATION	3	0	8176	12334
SQUARE	768	254
FOLD	8	7	7	2700	2700	0	9249
RAIL	3	126	4	4
CORRELATION	4	0	8176	12334
SQUARE	768	254
FOLD	10	8	8	3081	3081	0	10278
RAIL	63	65	4	5
CORRELATION	5	0	8176	12334
SQUARE	896	254
FOLD	10	8	8	3081	3081	0	11185
RAIL	63	65	4	6
CORRELATION	5	0	8176	12334
SQUARE	1024	254
FOLD	11	10	10	3852	3852	0	11199
RAIL	63	66	4	6
CORRELATION	5	0	8176	12334
SQUARE	1024	254
FOLD	12	11	11	4239	4239	0	11810
RAIL	63	66	4	7
CORRELATION	6	0	8176	12334
SQUARE	1024	254
FOLD	13	13	13	5010	5010	0	13608
RAIL	4	124	4	8
CORRELATION	6	0	8176	12334
SQUARE	1152	254
FOLD	14	13	13	5013	5013	0	15536
RAIL	4	125	6	8
CORRELATION	8	0	8176	12334
SQUARE	1280	257
FOLD	16	14	14	5394	5394	0	17203
RAIL	62	66	6	9
CORRELATION	9	0	8176	12334
SQUARE	1408	257
FOLD	17	16	16	6165	6165	0	18185
RAIL	62	67	6	10
CORRELATION	9	0	8176	12334
SQUARE	1536	257
FOLD	18	17	17	6552	6552	0	19018
RAIL	62	67	6	11
CORRELATION	10	2	8176	12334
SQUARE	1536	257
FOLD	19	19	19	7323	7323	0	21467
RAIL	5	123	6	12
CORRELATION	10	2	8176	12334
SQUARE	1664	257
FOLD	20	20	20	7707	7707	0	23018
RAIL	5	123	6	13
CORRELATION	11	2	8176	12334
SQUARE	1664	257
FOLD	22	21	21	8097	8097	0	25083
RAIL	5	124	7	14
CORRELATION	12	3	8176	12334
SQUARE	1792	257
FOLD	24	22	22	8478	8478	0	26064
RAIL	61	67	8	15
CORRELATION	13	3	8176	12334
SQUARE	1920	257
FOLD	24	22	22	8478	8478	0	26973
RAIL	61	67	8	16
CORRELATION	13	3	8176	12334
SQUARE	2048	257
FOLD	25	24	24	9249	9249	0	26982
RAIL	61	68	8	16
CORRELATION	13	3	8176	12334
SQUARE	2048	257
FOLD	26	25	25	9636	9636	0	27586
RAIL	61	68	8	17
CORRELATION	14	3	8176	12334
SQUARE	2048	257
FOLD	27	27	27	10407	10407	0	28558
RAIL	6	122	8	18
CORRELATION	14	3	8176	12334
SQUARE	2176	257
FOLD	28	28	28	10791	10791	0	29082
RAIL	6	122	8	19
CORRELATION	15	3	8176	12334
SQUARE	2176	257
FOLD	29	28	28	10794	10794	0	30167
RAIL	6	123	9	20
CORRELATION	16	3	8176	12334
SQUARE	2304	257
FOLD	30	29	29	11181	11181	0	30174
RAIL	6	123	9	20
CORRELATION	16	3	8176	12334
SQUARE	2304	257
FOLD	32	30	30	11562	11562	0	31141
RAIL	60	68	10	21
CORRELATION	17	3	8176	12334
SQUARE	2432	259
FOLD	33	32	32	12333	12333	0	31995
RAIL	60	69	10	22
CORRELATION	17	3	8176	12334
SQUARE	2560	259
FOLD	34	33	33	12720	12720	0	32552
RAIL	60	69	10	23
CORRELATION	18	3	8176	12334
SQUARE	2560	259
FOLD	35	35	35	13491	13491	0	33584
RAIL	7	121	10	24
CORRELATION	18	3	8176	12334
SQUARE	2688	259
FOLD	36	36	36	13875	13875	0	34057
RAIL	7	121	10	25
CORRELATION	19	3	8176	12334
SQUARE	2688	259
FOLD	37	38	38	14646	14646	0	35237
RAIL	7	122	10	26
CORRELATION	19	3	8176	12334
SQUARE	2816	259
FOLD	38	39	39	15033	15033	0	35949
RAIL	7	122	10	27
CORRELATION	20	3	8176	12334
SQUARE	2816	259
FOLD	39	41	41	15804	15804	0	36991
RAIL	59	69	10	28
CORRELATION	20	3	8176	12334
SQUARE	2944	259
FOLD	40	42	42	16188	16188	0	37623
RAIL	59	69	10	29
CORRELATION	21	3	8176	12334
SQUARE	2944	259
FOLD	41	44	44	16959	16959	0	40078
RAIL	59	70	10	30
CORRELATION	21	3	8176	12334
SQUARE	3072	259
FOLD	42	45	45	17346	17346	0	41018
RAIL	59	70	10	31
CORRELATION	22	5	8176	12334
SQUARE	3072	259
FOLD	43	47	47	18117	18117	0	42472
RAIL	8	120	10	32
CORRELATION	22	5	8176	12334
SQUARE	3200	259
FOLD	44	48	48	18501	18501	0	43042
RAIL	8	120	10	33
CORRELATION	23	5	8176	12334
SQUARE	3200	259
FOLD	45	50	50	19272	19272	0	43963
RAIL	8	121	10	34
CORRELATION	23	5	8176	12334
SQUARE	3328	259
FOLD	46	51	51	19659	19659	0	44797
RAIL	8	121	10	35
CORRELATION	24	8	8176	12334
SQUARE	3328	259
FOLD	47	53	53	20430	20430	0	45763
RAIL	58	70	10	36
CORRELATION	24	8	8176	12334
SQUARE	3456	259
FOLD	48	54	54	20814	20814	0	46300
RAIL	58	70	10	37
CORRELATION	25	8	8176	12334
SQUARE	3456	259
FOLD	49	56	56	21585	21585	0	47229
RAIL	58	71	10	38
CORRELATION	25	8	8176	12334
SQUARE	3584	259
FOLD	50	57	57	21972	21972	0	48286
RAIL	58	71	10	39
CORRELATION	26	8	8176	12334
SQUARE	3584	259
FOLD	51	59	59	22743	22743	0	49730
RAIL	9	119	10	40
CORRELATION	26	8	8176	12334
SQUARE	3712	259
FOLD	52	60	60	23127	23127	0	50291
RAIL	9	119	10	41
CORRELATION	27	8	8176	12334
SQUARE	3712	259
FOLD	53	62	62	23898	23898	0	51372
RAIL	9	120	10	42
CORRELATION	27	8	8176	12334
SQUARE	3840	259
FOLD	54	63	63	24285	24285	0	51937
RAIL	9	120	10	43
CORRELATION	28	8	8176	12334
SQUARE	3840	259
FOLD	55	65	65	25056	25056	0	53009
RAIL	57	71	10	44
CORRELATION	28	8	8176	12334
SQUARE	3968	259
FOLD	56	66	66	25440	25440	0	53631
RAIL	57	71	10	45
CORRELATION	29	8	8176	12334
SQUARE	3968	259
FOLD	56	66	66	25440	25440	0	54548
RAIL	57	71	10	46
CORRELATION	29	8	8176	12334
SQUARE	4096	259
FOLD	57	68	68	26211	26211	0	54556
RAIL	57	72	10	46
CORRELATION	29	8	8176	12334
SQUARE	4096	259
FOLD	58	69	69	26598	26598	0	55409
RAIL	57	72	10	47
CORRELATION	30	10	8176	12334
SQUARE	4096	259
FOLD	59	71	71	27369	27369	0	56384
RAIL	10	118	10	48
CORRELATION	30	10	8176	12334
SQUARE	4224	259
FOLD	60	72	72	27753	27753	0	57123
RAIL	10	118	10	49
CORRELATION	31	10	8176	12334
SQUARE	4224	259
FOLD	61	74	74	28524	28524	0	57974
RAIL	10	119	10	50
CORRELATION	31	10	8176	12334
SQUARE	4352	259
FOLD	61	74	74	28524	28524	0	58566
RAIL	10	119	10	51
CORRELATION	32	10	8176	12334
SQUARE	4352	259
FOLD	62	75	75	28911	28911	0	58573
RAIL	10	119	10	51
CORRELATION	32	10	8176	12334
SQUARE	4352	259
FOLD	63	77	77	29682	29682	0	59473
RAIL	56	72	10	52
CORRELATION	32	10	8176	12334
SQUARE	4480	259
FOLD	64	78	78	30066	30066	0	60022
RAIL	56	72	10	53
CORRELATION	33	10	8176	12334
SQUARE	4480	259
FOLD	65	80	80	30837	30837	0	60957
RAIL	56	73	10	54
CORRELATION	33	10	8176	12334
SQUARE	4608	259
FOLD	66	81	81	31224	31224	0	61948
RAIL	56	73	10	55
CORRELATION	34	13	8176	12334
SQUARE	4608	259
FOLD	67	83	83	31995	31995	0	65311
RAIL	11	117	10	56
CORRELATION	34	13	8176	12334
SQUARE	4736	259
FOLD	68	84	84	32379	32379	0	67371
RAIL	11	117	10	57
CORRELATION	35	13	8176	12334
SQUARE	4736	259
FOLD	69	86	86	33150	33150	0	68244
RAIL	11	118	10	58
CORRELATION	35	13	8176	12334
SQUARE	4864	262
FOLD	70	87	87	33537	33537	0	68780
RAIL	11	118	10	59
CORRELATION	36	13	8176	12334
SQUARE	4864	262
FOLD	71	89	89	34308	34308	0	69625
RAIL	55	73	10	60
CORRELATION	36	13	8176	12334
SQUARE	4992	262
FOLD	72	90	90	34692	34692	0	70258
RAIL	55	73	10	61
CORRELATION	37	13	8176	12334
SQUARE	4992	262
FOLD	73	92	92	35463	35463	0	71198
RAIL	55	74	10	62
CORRELATION	37	13	8176	12334
SQUARE	5120	262
FOLD	74	93	93	35850	35850	0	71844
RAIL	55	74	10	63
CORRELATION	38	13	8176	12334
SQUARE	5120	262
FOLD	75	95	95	36621	36621	0	72896
RAIL	12	116	10	64
CORRELATION	38	13	8176	12334
SQUARE	5248	262
FOLD	76	96	96	37005	37005	0	73564
RAIL	12	116	10	65
CORRELATION	39	13	8176	12334
SQUARE	5248	262
FOLD	77	98	98	37776	37776	0	74427
RAIL	12	117	10	66
CORRELATION	39	13	8176	12334
SQUARE	5376	262
FOLD	78	99	99	38163	38163	0	75048
RAIL	12	117	10	67
CORRELATION	40	13	8176	12334
SQUARE	5376	262
FOLD	79	101	101	38934	38934	0	75948
RAIL	54	74	10	68
CORRELATION	40	13	8176	12334
SQUARE	5504	262
FOLD	80	102	102	39318	39318	0	76536
RAIL	54	74	10	69
CORRELATION	41	13	8176	12334
SQUARE	5504	262
FOLD	81	104	104	40089	40089	0	77396
RAIL	54	75	10	70
CORRELATION	41	13	8176	12334
SQUARE	5632	262
FOLD	82	105	105	40476	40476	0	78234
RAIL	54	75	10	71
CORRELATION	42	15	8176	12334
SQUARE	5632	262
FOLD	83	107	107	41247	41247	0	79095
RAIL	13	115	10	72
CORRELATION	42	15	8176	12334
SQUARE	5760	262
FOLD	84	108	108	41631	41631	0	79796
RAIL	13	115	10	73
CORRELATION	43	17	8176	12334
SQUARE	5760	262
FOLD	85	110	110	42402	42402	0	80624
RAIL	13	116	10	74
CORRELATION	43	17	8176	12334
SQUARE	5888	262
FOLD	86	111	111	42789	42789	0	81163
RAIL	13	116	10	75
CORRELATION	44	17	8176	12334
SQUARE	5888	262
FOLD	87	113	113	43560	43560	0	82149
RAIL	53	75	10	76
CORRELATION	44	17	8176	12334
SQUARE	6016	262
FOLD	88	114	114	43944	43944	0	83045
RAIL	53	75	10	77
CORRELATION	45	19	8176	12334
SQUARE	6016	262
FOLD	89	116	116	44715	44715	0	83934
RAIL	53	76	10	78
CORRELATION	45	19	8176	12334
SQUARE	6144	262
FOLD	90	117	117	45102	45102	0	84841
RAIL	53	76	10	79
CORRELATION	46	21	8176	12334
SQUARE	6144	262
FOLD	91	119	119	45873	45873	0	85785
RAIL	14	114	10	80
CORRELATION	46	21	8176	12334
SQUARE	6272	262
FOLD	92	120	120	46257	46257	0	86321
RAIL	14	114	10	81
CORRELATION	47	22	8176	12334
SQUARE	6272	262
FOLD	93	122	122	47028	47028	0	87123
RAIL	14	115	10	82
CORRELATION	47	22	8176	12334
SQUARE	6400	262
FOLD	94	123	123	47415	47415	0	87585
RAIL	14	115	10	83
CORRELATION	48	22	8176	12334
SQUARE	6400	262
FOLD	95	125	125	48186	48186	0	88449
RAIL	52	76	10	84
CORRELATION	48	22	8176	12334
SQUARE	6528	262
FOLD	96	126	126	48570	48570	0	89272
RAIL	52	76	10	85
CORRELATION	49	24	8176	12334
SQUARE	6528	262
FOLD	97	128	128	49341	49341	0	90445
RAIL	52	77	10	86
CORRELATION	49	24	8176	12334
SQUARE	6656	262
FOLD	98	129	129	49728	49728	0	90957
RAIL	52	77	10	87
CORRELATION	50	24	8176	12334
SQUARE	6656	262
FOLD	99	131	131	50499	50499	0	91837
RAIL	15	113	10	88
CORRELATION	50	24	8176	12334
SQUARE	6784	262
FOLD	100	132	132	50883	50883	0	92303
RAIL	15	113	10	89
CORRELATION	51	24	8176	12334
SQUARE	6784	262
FOLD	101	134	134	51654	51654	0	93130
RAIL	15	114	10	90
CORRELATION	51	24	8176	12334
SQUARE	6912	262
FOLD	102	135	135	52041	52041	0	93757
RAIL	15	114	10	91
CORRELATION	52	25	8176	12334
SQUARE	6912	262
FOLD	103	137	137	52812	52812	0	96783
RAIL	51	77	10	92
CORRELATION	52	25	8176	12334
SQUARE	7040	262
FOLD	104	138	138	53196	53196	0	98586
RAIL	51	77	10	93
CORRELATION	53	25	8176	12334
SQUARE	7040	262
FOLD	105	140	140	53967	53967	0	101031
RAIL	51	78	10	94
CORRELATION	53	25	8176	12334
SQUARE	7168	262
FOLD	106	141	141	54354	54354	0	101610
RAIL	51	78	10	95
CORRELATION	54	25	8176	12334
SQUARE	7168	262
FOLD	107	143	143	55125	55125	0	105754
RAIL	16	112	10	96
CORRELATION	54	25	8176	12334
SQUARE	7296	262
FOLD	108	144	144	55509	55509	0	106315
RAIL	16	112	10	97
CORRELATION	55	25	8176	12334
SQUARE	7296	262
FOLD	109	146	146	56280	56280	0	107237
RAIL	16	113	10	98
CORRELATION	55	25	8176	12334
SQUARE	7424	262
FOLD	110	147	147	56667	56667	0	107820
RAIL	16	113	10	99
CORRELATION	56	25	8176	12334
SQUARE	7424	262
FOLD	111	149	149	57438	57438	0	108654
RAIL	50	78	10	100
CORRELATION	56	25	8176	12334
SQUARE	7552	262
FOLD	112	150	150	57822	57822	0	109274
RAIL	50	78	10	101
CORRELATION	57	25	8176	12334
SQUARE	7552	262
FOLD	113	152	152	58593	58593	0	110274
RAIL	50	79	10	102
CORRELATION	57	25	8176	12334
SQUARE	7680	262
FOLD	114	153	153	58980	58980	0	110862
RAIL	50	79	10	103
CORRELATION	58	25	8176	12334
SQUARE	7680	262
FOLD	115	155	155	59751	59751	0	111778
RAIL	17	111	10	104
CORRELATION	58	25	8176	12334
SQUARE	7808	262
FOLD	116	156	156	60135	60135	0	112446
RAIL	17	111	10	105
CORRELATION	59	25	8176	12334
SQUARE	7808	262
FOLD	117	158	158	60906	60906	0	113533
RAIL	17	112	10	106
CORRELATION	59	25	8176	12334
SQUARE	7936	262
FOLD	118	159	159	61293	61293	0	114383
RAIL	17	112	10	107
CORRELATION	60	27	8176	12334
SQUARE	7936	262
FOLD	119	161	161	62064	62064	0	115237
RAIL	49	79	10	108
CORRELATION	60	27	8176	12334
SQUARE	8064	262
FOLD	120	162	162	62448	62448	0	115717
RAIL	49	79	10	109
CORRELATION	61	27	8176	12334
SQUARE	8064	262
FOLD	120	162	162	62448	62448	0	116618
RAIL	49	79	10	110
CORRELATION	61	27	8176	12334
SQUARE	8192	262
FOLD	121	164	164	63219	63219	0	116627
RAIL	49	80	10	110
CORRELATION	61	27	8176	12334
SQUARE	8192	262
FOLD	122	165	165	63606	63606	0	117179
RAIL	49	80	10	111
CORRELATION	62	27	8176	12334
SQUARE	8192	262
FOLD	123	167	167	64377	64377	0	118016
RAIL	18	110	10	112
CORRELATION	62	27	8176	12334
SQUARE	8320	262
FOLD	124	168	168	64761	64761	0	118570
RAIL	18	110	10	113
CORRELATION	63	27	8176	12334
SQUARE	8320	262
FOLD	125	170	170	65532	65532	0	119435
RAIL	18	111	10	114
CORRELATION	63	27	8176	12334
SQUARE	8448	262
FOLD	125	170	170	65532	65532	0	120040
RAIL	18	111	10	115
CORRELATION	64	27	8176	12334
SQUARE	8448	262
FOLD	126	171	171	65919	65919	0	120047
RAIL	18	111	10	115
CORRELATION	64	27	8176	12334
SQUARE	8448	262
FOLD	127	173	173	66690	66690	0	121041
RAIL	48	80	10	116
CORRELATION	64	27	8176	12334
SQUARE	8576	262
FOLD	128	174	174	67074	67074	0	121709
RAIL	48	80	10	117
CORRELATION	65	27	8176	12334
SQUARE	8576	262
FOLD	129	176	176	67845	67845	0	122660
RAIL	48	81	10	118
CORRELATION	65	27	8176	12334
SQUARE	8704	262
FOLD	130	177	177	68232	68232	0	123318
RAIL	48	81	10	119
CORRELATION	66	27	8176	12334
SQUARE	8704	262
FOLD	131	179	179	69003	69003	0	124217
RAIL	19	109	10	120
CORRELATION	66	27	8176	12334
SQUARE	8832	262
FOLD	132	180	180	69387	69387	0	125100
RAIL	19	109	10	121
CORRELATION	67	27	8176	12334
SQUARE	8832	262
FOLD	133	182	182	70158	70158	0	126106
RAIL	19	110	10	122
CORRELATION	67	27	8176	12334
SQUARE	8960	262
FOLD	134	183	183	70545	70545	0	126609
RAIL	19	110	10	123
CORRELATION	68	27	8176	12334
SQUARE	8960	262
FOLD	135	185	185	71316	71316	0	127430
RAIL	47	81	10	124
CORRELATION	68	27	8176	12334
SQUARE	9088	262
FOLD	136	186	186	71700	71700	0	127930
RAIL	47	81	10	125
CORRELATION	69	27	8176	12334
SQUARE	9088	262
FOLD	137	188	188	72471	72471	0	128800
RAIL	47	82	10	126
CORRELATION	69	27	8176	12334
SQUARE	9216	262
FOLD	138	189	189	72858	72858	0	129363
RAIL	47	82	10	127
CORRELATION	70	27	8176	12334
SQUARE	9216	262
FOLD	139	191	191	73629	73629	0	130291
RAIL	20	108	10	128
CORRELATION	70	27	8176	12334
SQUARE	9344	262
FOLD	140	192	192	74013	74013	0	130879
RAIL	20	108	10	129
CORRELATION	71	28	8176	12334
SQUARE	9344	262
FOLD	141	194	194	74784	74784	0	133522
RAIL	20	109	10	130
CORRELATION	71	28	8176	12334
SQUARE	9472	262
FOLD	142	195	195	75171	75171	0	134084
RAIL	20	109	10	131
CORRELATION	72	28	8176	12334
SQUARE	9472	262
FOLD	143	197	197	75942	75942	0	137384
RAIL	46	82	10	132
CORRELATION	72	28	8176	12334
SQUARE	9600	264
FOLD	144	198	198	76326	76326	0	139147
RAIL	46	82	10	133
CORRELATION	73	28	8176	12334
SQUARE	9600	264
FOLD	145	200	200	77097	77097	0	140177
RAIL	46	83	10	134
CORRELATION	73	28	8176	12334
SQUARE	9728	264
FOLD	146	201	201	77484	77484	0	140872
RAIL	46	83	10	135
CORRELATION	74	28	8176	12334
SQUARE	9728	264
FOLD	147	203	203	78255	78255	0	141781
RAIL	21	107	10	136
CORRELATION	74	28	8176	12334
SQUARE	9856	264
FOLD	148	204	204	78639	78639	0	142507
RAIL	21	107	10	137
CORRELATION	75	29	8176	12334
SQUARE	9856	264
FOLD	149	206	206	79410	79410	0	143479
RAIL	21	108	10	138
CORRELATION	75	29	8176	12334
SQUARE	9984	264
FOLD	150	207	207	79797	79797	0	143974
RAIL	21	108	10	139
CORRELATION	76	29	8176	12334
SQUARE	9984	264
FOLD	151	209	209	80568	80568	0	144917
RAIL	45	83	10	140
CORRELATION	76	29	8176	12334
SQUARE	10112	264
FOLD	152	210	210	80952	80952	0	145420
RAIL	45	83	10	141
CORRELATION	77	29	8176	12334
SQUARE	10112	264
FOLD	153	212	212	81723	81723	0	146365
RAIL	45	84	10	142
CORRELATION	77	29	8176	12334
SQUARE	10240	264
FOLD	154	213	213	82110	82110	0	146996
RAIL	45	84	10	143
CORRELATION	78	29	8176	12334
SQUARE	10240	264
FOLD	155	215	215	82881	82881	0	147878
RAIL	22	106	10	144
CORRELATION	78	29	8176	12334
SQUARE	10368	264
FOLD	156	216	216	83265	83265	0	148442
RAIL	22	106	10	145
CORRELATION	79	29	8176	12334
SQUARE	10368	264
FOLD	157	218	218	84036	84036	0	149317
RAIL	22	107	10	146
CORRELATION	79	29	8176	12334
SQUARE	10496	264
FOLD	158	219	219	84423	84423	0	149880
RAIL	22	107	10	147
CORRELATION	80	29	8176	12334
SQUARE	10496	264
FOLD	159	221	221	85194	85194	0	150758
RAIL	44	84	10	148
CORRELATION	80	29	8176	12334
SQUARE	10624	264
FOLD	160	222	222	85578	85578	0	151377
RAIL	44	84	10	149
CORRELATION	81	30	8176	12334
SQUARE	10624	264
FOLD	161	224	224	86349	86349	0	152389
RAIL	44	85	10	150
CORRELATION	81	30	8176	12334
SQUARE	10752	264
FOLD	162	225	225	86736	86736	0	153444
RAIL	44	85	10	151
CORRELATION	82	30	8176	12334
SQUARE	10752	264
FOLD	163	227	227	87507	87507	0	155276
RAIL	23	105	10	152
CORRELATION	82	30	8176	12334
SQUARE	10880	264
FOLD	164	228	228	87891	87891	0	155814
RAIL	23	105	10	153
CORRELATION	83	30	8176	12334
SQUARE	10880	264
FOLD	165	230	230	88662	88662	0	156910
RAIL	23	106	10	154
CORRELATION	83	30	8176	12334
SQUARE	11008	264
FOLD	166	231	231	89049	89049	0	157532
RAIL	23	106	10	155
CORRELATION	84	30	8176	12334
SQUARE	11008	264
FOLD	167	233	233	89820	89820	0	158464
RAIL	43	85	10	156
CORRELATION	84	30	8176	12334
SQUARE	11136	264
FOLD	168	234	234	90204	90204	0	159036
RAIL	43	85	10	157
CORRELATION	85	30	8176	12334
SQUARE	11136	264
FOLD	169	236	236	90975	90975	0	159928
RAIL	43	86	10	158
CORRELATION	85	30	8176	12334
SQUARE	11264	264
FOLD	170	237	237	91362	91362	0	160713
RAIL	43	86	10	159
CORRELATION	86	32	8176	12334
SQUARE	11264	264
FOLD	171	239	239	92133	92133	0	161567
RAIL	24	104	10	160
CORRELATION	86	32	8176	12334
SQUARE	11392	264
FOLD	172	240	240	92517	92517	0	162277
RAIL	24	104	10	161
CORRELATION	87	34	8176	12334
SQUARE	11392	264
FOLD	173	242	242	93288	93288	0	163129
RAIL	24	105	10	162
CORRELATION	87	34	8176	12334
SQUARE	11520	264
FOLD	174	243	243	93675	93675	0	163653
RAIL	24	105	10	163
CORRELATION	88	34	8176	12334
SQUARE	11520	264
FOLD	175	245	245	94446	94446	0	166207
RAIL	42	86	10	164
CORRELATION	88	34	8176	12334
SQUARE	11648	264
FOLD	176	246	246	94830	94830	0	168309
RAIL	42	86	10	165
CORRELATION	89	35	8176	12334
SQUARE	11648	264
FOLD	177	248	248	95601	95601	0	170884
RAIL	42	87	10	166
CORRELATION	89	35	8176	12334
SQUARE	11776	264
FOLD	178	249	249	95988	95988	0	171555
RAIL	42	87	10	167
CORRELATION	90	35	8176	12334
SQUARE	11776	264
FOLD	179	251	251	96759	96759	0	172479
RAIL	25	103	10	168
CORRELATION	90	35	8176	12334
SQUARE	11904	264
FOLD	180	252	252	97143	97143	0	173025
RAIL	25	103	10	169
CORRELATION	91	35	8176	12334
SQUARE	11904	264
FOLD	181	254	254	97914	97914	0	173865
RAIL	25	104	10	170
CORRELATION	91	35	8176	12334
SQUARE	12032	264
FOLD	182	255	255	98301	98301	0	174369
RAIL	25	104	10	171
CORRELATION	92	35	8176	12334
SQUARE	12032	264
FOLD	183	257	257	99072	99072	0	175274
RAIL	41	87	10	172
CORRELATION	92	35	8176	12334
SQUARE	12160	264
FOLD	184	258	258	99456	99456	0	175778
RAIL	41	87	10	173
CORRELATION	93	35	8176	12334
SQUARE	12160	264
FOLD	185	260	260	100227	100227	0	176609
RAIL	41	88	10	174
CORRELATION	93	35	8176	12334
SQUARE	12288	264
FOLD	186	261	261	100614	100614	0	177215
RAIL	41	88	10	175
CORRELATION	94	35	8176	12334
SQUARE	12288	264
FOLD	187	263	263	101385	101385	0	178057
RAIL	26	102	10	176
CORRELATION	94	35	8176	12334
SQUARE	12416	264
FOLD	188	264	264	101769	101769	0	178744
RAIL	26	102	10	177
CORRELATION	95	36	8176	12334
SQUARE	12416	264
FOLD	189	266	266	102540	102540	0	179552
RAIL	26	103	10	178
CORRELATION	95	36	8176	12334
SQUARE	12544	264
FOLD	190	267	267	102927	102927	0	180289
RAIL	26	103	10	179
CORRELATION	96	37	8176	12334
SQUARE	12544	264
FOLD	191	269	269	103698	103698	0	181174
RAIL	40	88	10	180
CORRELATION	96	37	8176	12334
SQUARE	12672	264
FOLD	192	270	270	104082	104082	0	181741
RAIL	40	88	10	181
CORRELATION	97	38	8176	12334
SQUARE	12672	264
FOLD	193	272	272	104853	104853	0	182624
RAIL	40	89	10	182
CORRELATION	97	38	8176	12334
SQUARE	12800	264
FOLD	194	273	273	105240	105240	0	183175
RAIL	40	89	10	183
CORRELATION	98	38	8176	12334
SQUARE	12800	264
FOLD	195	275	275	106011	106011	0	183989
RAIL	27	101	10	184
CORRELATION	98	38	8176	12334
SQUARE	12928	264
FOLD	196	276	276	106395	106395	0	184643
RAIL	27	101	10	185
CORRELATION	99	39	8176	12334
SQUARE	12928	264
FOLD	197	278	278	107166	107166	0	185609
RAIL	27	102	10	186
CORRELATION	99	39	8176	12334
SQUARE	13056	264
FOLD	198	279	279	107553	107553	0	186193
RAIL	27	102	10	187
CORRELATION	100	40	8176	12334
SQUARE	13056	264
FOLD	199	281	281	108324	108324	0	187144
RAIL	39	89	10	188
CORRELATION	100	40	8176	12334
SQUARE	13184	264
FOLD	200	282	282	108708	108708	0	187698
RAIL	39	89	10	189
CORRELATION	101	40	8176	12334
SQUARE	13184	264
FOLD	201	284	284	109479	109479	0	188652
RAIL	39	90	10	190
CORRELATION	101	40	8176	12334
SQUARE	13312	264
FOLD	202	285	285	109866	109866	0	189346
RAIL	39	90	10	191
CORRELATION	102	40	8176	12334
SQUARE	13312	264
FOLD	203	287	287	110637	110637	0	190396
RAIL	28	100	10	192
CORRELATION	102	40	8176	12334
SQUARE	13440	264
FOLD	204	288	288	111021	111021	0	191078
RAIL	28	100	10	193
CORRELATION	103	40	8176	12334
SQUARE	13440	264
FOLD	205	290	290	111792	111792	0	191884
RAIL	28	101	10	194
CORRELATION	103	40	8176	12334
SQUARE	13568	264
FOLD	206	291	291	112179	112179	0	192418
RAIL	28	101	10	195
CORRELATION	104	40	8176	12334
SQUARE	13568	264
FOLD	207	293	293	112950	112950	0	194903
RAIL	38	90	10	196
CORRELATION	104	40	8176	12334
SQUARE	13696	264
FOLD	208	294	294	113334	113334	0	196605
RAIL	38	90	10	197
CORRELATION	105	40	8176	12334
SQUARE	13696	264
FOLD	209	296	296	114105	114105	0	198925
RAIL	38	91	10	198
CORRELATION	105	40	8176	12334
SQUARE	13824	264
FOLD	210	297	297	114492	114492	0	199424
RAIL	38	91	10	199
CORRELATION	106	40	8176	12334
SQUARE	13824	264
FOLD	211	299	299	115263	115263	0	201885
RAIL	29	99	10	200
CORRELATION	106	40	8176	12334
SQUARE	13952	264
FOLD	212	300	300	115647	115647	0	202451
RAIL	29	99	10	201
CORRELATION	107	40	8176	12334
SQUARE	13952	264
FOLD	213	302	302	116418	116418	0	203572
RAIL	29	100	10	202
CORRELATION	107	40	8176	12334
SQUARE	14080	264
FOLD	214	303	303	116805	116805	0	204075
RAIL	29	100	10	203
CORRELATION	108	40	8176	12334
SQUARE	14080	264
FOLD	215	305	305	117576	117576	0	204944
RAIL	37	91	10	204
CORRELATION	108	40	8176	12334
SQUARE	14208	264
FOLD	216	306	306	117960	117960	0	205416
RAIL	37	91	10	205
CORRELATION	109	40	8176	12334
SQUARE	14208	264
FOLD	217	308	308	118731	118731	0	206345
RAIL	37	92	10	206
CORRELATION	109	40	8176	12334
SQUARE	14336	264
FOLD	218	309	309	119118	119118	0	206860
RAIL	37	92	10	207
CORRELATION	110	40	8176	12334
SQUARE	14336	264
FOLD	219	311	311	119889	119889	0	207714
RAIL	30	98	10	208
CORRELATION	110	40	8176	12334
SQUARE	14464	264
FOLD	220	312	312	120273	120273	0	208142
RAIL	30	98	10	209
CORRELATION	111	40	8176	12334
SQUARE	14464	264
FOLD	221	314	314	121044	121044	0	209040
RAIL	30	99	10	210
CORRELATION	111	40	8176	12334
SQUARE	14592	264
FOLD	222	315	315	121431	121431	0	209559
RAIL	30	99	10	211
CORRELATION	112	40	8176	12334
SQUARE	14592	264
FOLD	223	317	317	122202	122202	0	210361
RAIL	36	92	10	212
CORRELATION	112	40	8176	12334
SQUARE	14720	264
FOLD	224	318	318	122586	122586	0	210836
RAIL	36	92	10	213
CORRELATION	113	40	8176	12334
SQUARE	14720	264
FOLD	225	320	320	123357	123357	0	211690
RAIL	36	93	10	214
CORRELATION	113	40	8176	12334
SQUARE	14848	264
FOLD	226	321	321	123744	123744	0	212480
RAIL	36	93	10	215
CORRELATION	114	43	8176	12334
SQUARE	14848	264
FOLD	227	323	323	124515	124515	0	213411
RAIL	31	97	10	216
CORRELATION	114	43	8176	12334
SQUARE	14976	264
FOLD	228	324	324	124899	124899	0	213881
RAIL	31	97	10	217
CORRELATION	115	43	8176	12334
SQUARE	14976	264
FOLD	229	326	326	125670	125670	0	214671
RAIL	31	98	10	218
CORRELATION	115	43	8176	12334
SQUARE	15104	264
FOLD	230	327	327	126057	126057	0	215119
RAIL	31	98	10	219
CORRELATION	116	43	8176	12334
SQUARE	15104	264
FOLD	231	329	329	126828	126828	0	215914
RAIL	35	93	10	220
CORRELATION	116	43	8176	12334
SQUARE	15232	264
FOLD	232	330	330	127212	127212	0	216580
RAIL	35	93	10	221
CORRELATION	117	43	8176	12334
SQUARE	15232	264
FOLD	233	332	332	127983	127983	0	218418
RAIL	35	94	10	222
CORRELATION	117	43	8176	12334
SQUARE	15360	264
FOLD	234	333	333	128370	128370	0	219017
RAIL	35	94	10	223
CORRELATION	118	43	8176	12334
SQUARE	15360	264
FOLD	235	335	335	129141	129141	0	219856
RAIL	32	96	10	224
CORRELATION	118	43	8176	12334
SQUARE	15488	264
FOLD	236	336	336	129525	129525	0	220318
RAIL	32	96	10	225
CORRELATION	119	43	8176	12334
SQUARE	15488	264
FOLD	237	338	338	130296	130296	0	221259
RAIL	32	97	10	226
CORRELATION	119	43	8176	12334
SQUARE	15616	264
FOLD	238	339	339	130683	130683	0	221790
RAIL	32	97	10	227
CORRELATION	120	43	8176	12334
SQUARE	15616	264
FOLD	239	341	341	131454	131454	0	222648
RAIL	34	94	10	228
CORRELATION	120	43	8176	12334
SQUARE	15744	264
FOLD	240	342	342	131838	131838	0	223124
RAIL	34	94	10	229
CORRELATION	121	43	8176	12334
SQUARE	15744	264
FOLD	241	344	344	132609	132609	0	223901
RAIL	34	95	10	230
CORRELATION	121	43	8176	12334
SQUARE	15872	264
FOLD	242	345	345	132996	132996	0	224443
RAIL	34	95	10	231
CORRELATION	122	43	8176	12334
SQUARE	15872	264
FOLD	243	347	347	133767	133767	0	226291
RAIL	33	95	10	232
CORRELATION	122	43	8176	12334
SQUARE	16000	264
FOLD	244	348	348	134151	134151	0	226807
RAIL	33	95	10	233
CORRELATION	123	43	8176	12334
SQUARE	16000	264
FOLD	245	350	350	134922	134922	0	227594
RAIL	33	96	10	234
CORRELATION	123	43	8176	12334
SQUARE	16128	264
FOLD	246	351	351	135309	135309	0	228081
RAIL	33	96	10	235
CORRELATION	124	43	8176	12334
SQUARE	16128	264
FOLD	246	351	351	135309	135309	0	229497
RAIL	33	96	10	236
CORRELATION	125	43	8176	12334
SQUARE	16384	264
FOLD	247	352	352	135696	135696	0	230290
RAIL	64	64	10	236
CORRELATION	127	46	8176	12334
SQUARE	16512	264
FOLD	247	352	352	135696	135696	0	231318
RAIL	64	64	10	237
CORRELATION	128	46	8176	12334
SQUARE	16640	264
FOLD	248	353	353	136080	136080	0	231326
RAIL	64	65	10	237
CORRELATION	128	46	8176	12334
SQUARE	16640	264
FOLD	249	354	354	136467	136467	0	233185
RAIL	63	65	10	238
CORRELATION	131	46	8176	12334
SQUARE	17024	264
FOLD	250	355	355	136851	136851	0	234178
RAIL	63	66	10	239
CORRELATION	132	46	8176	12334
SQUARE	17152	264
FOLD	251	356	356	137238	137238	0	235901
RAIL	62	66	10	240
CORRELATION	135	46	8176	12334
SQUARE	17536	264
FOLD	252	357	357	137622	137622	0	237577
RAIL	62	67	10	241
CORRELATION	136	46	8176	12334
SQUARE	17664	264
FOLD	253	358	358	138009	138009	0	238574
RAIL	5	123	10	242
CORRELATION	137	46	8176	12334
SQUARE	17792	264
FOLD	256	357	358	137622	138009	0	240561
RAIL	61	68	12	243
CORRELATION	140	46	8176	12334
SQUARE	18176	264
FOLD	258	359	359	138393	138393	0	242683
RAIL	6	123	12	245
CORRELATION	142	49	8176	12334
SQUARE	18432	264
FOLD	261	360	360	138777	138777	0	245240
RAIL	7	121	13	247
CORRELATION	145	49	8176	12334
SQUARE	18816	264
FOLD	266	361	361	139161	139161	0	249265
RAIL	8	121	15	250
CORRELATION	150	49	8176	12334
SQUARE	19456	267
FOLD	267	362	362	139548	139548	0	250213
RAIL	58	70	15	251
CORRELATION	151	49	8176	12334
SQUARE	19584	267
FOLD	268	363	363	139932	139932	0	251149
RAIL	58	71	15	252
CORRELATION	152	49	8176	12334
SQUARE	19712	267
FOLD	269	364	364	140319	140319	0	252088
RAIL	9	119	15	253
CORRELATION	153	49	8176	12334
SQUARE	19840	267
FOLD	270	365	365	140703	140703	0	253369
RAIL	9	120	15	254
CORRELATION	154	51	8176	12334
SQUARE	19968	267
FOLD	271	366	366	141090	141090	0	254452
RAIL	57	71	15	255
CORRELATION	155	51	8176	12334
SQUARE	20096	267
FOLD	272	367	367	141474	141474	0	256380
RAIL	57	72	15	256
CORRELATION	156	51	8176	12334
SQUARE	20224	267
FOLD	273	368	368	141861	141861	0	257384
RAIL	10	118	15	257
CORRELATION	157	51	8176	12334
SQUARE	20352	267
FOLD	274	369	369	142245	142245	0	258344
RAIL	10	119	15	258
CORRELATION	158	51	8176	12334
SQUARE	20480	267
FOLD	275	370	370	142632	142632	0	259280
RAIL	56	72	15	259
CORRELATION	159	51	8176	12334
SQUARE	20608	267
FOLD	276	371	371	143016	143016	0	260316
RAIL	56	73	15	260
CORRELATION	160	51	8176	12334
SQUARE	20736	267
FOLD	277	372	372	143403	143403	0	261448
RAIL	11	117	15	261
CORRELATION	161	51	8176	12334
SQUARE	20864	267
FOLD	278	373	373	143787	143787	0	262335
RAIL	11	118	15	262
CORRELATION	162	51	8176	12334
SQUARE	20992	267
FOLD	279	374	374	144174	144174	0	263332
RAIL	55	73	15	263
CORRELATION	163	51	8176	12334
SQUARE	21120	267
FOLD	280	375	375	144558	144558	0	264292
RAIL	55	74	15	264
CORRELATION	164	51	8176	12334
SQUARE	21248	267
FOLD	281	376	376	144945	144945	0	265615
RAIL	12	116	15	265
CORRELATION	165	52	8176	12334
SQUARE	21376	267
FOLD	282	377	377	145329	145329	0	266645
RAIL	12	117	15	266
CORRELATION	166	52	8176	12334
SQUARE	21504	267
FOLD	283	378	378	145716	145716	0	267582
RAIL	54	74	15	267
CORRELATION	167	52	8176	12334
SQUARE	21632	267
FOLD	284	379	379	146100	146100	0	268475
RAIL	54	75	15	268
CORRELATION	168	52	8176	12334
SQUARE	21760	267
FOLD	285	380	380	146487	146487	0	269453
RAIL	13	115	15	269
CORRELATION	169	52	8176	12334
SQUARE	21888	267
FOLD	286	381	381	146871	146871	0	270306
RAIL	13	116	15	270
CORRELATION	170	52	8176	12334
SQUARE	22016	267
FOLD	287	382	382	147258	147258	0	271296
RAIL	53	75	15	271
CORRELATION	171	52	8176	12334
SQUARE	22144	267
FOLD	288	383	383	147642	147642	0	272194
RAIL	53	76	15	272
CORRELATION	172	52	8176	12334
SQUARE	22272	267
FOLD	289	384	384	148029	148029	0	273277
RAIL	14	114	15	273
CORRELATION	173	52	8176	12334
SQUARE	22400	267
FOLD	290	385	385	148413	148413	0	274193
RAIL	14	115	15	274
CORRELATION	174	52	8176	12334
SQUARE	22528	267
FOLD	291	386	386	148800	148800	0	275157
RAIL	52	76	15	275
CORRELATION	175	52	8176	12334
SQUARE	22656	267
FOLD	292	387	387	149184	149184	0	276071
RAIL	52	77	15	276
CORRELATION	176	52	8176	12334
SQUARE	22784	267
FOLD	293	388	388	149571	149571	0	277302
RAIL	15	113	15	277
CORRELATION	177	52	8176	12334
SQUARE	22912	267
FOLD	294	389	389	149955	149955	0	278155
RAIL	15	114	15	278
CORRELATION	178	52	8176	12334
SQUARE	23040	267
FOLD	295	390	390	150342	150342	0	279042
RAIL	51	77	15	279
CORRELATION	179	52	8176	12334
SQUARE	23168	267
FOLD	296	391	391	150726	150726	0	279994
RAIL	51	78	15	280
CORRELATION	180	52	8176	12334
SQUARE	23296	267
FOLD	297	392	392	151113	151113	0	281428
RAIL	16	112	15	281
CORRELATION	181	56	8176	12334
SQUARE	23424	267
FOLD	298	393	393	151497	151497	0	282302
RAIL	16	113	15	282
CORRELATION	182	56	8176	12334
SQUARE	23552	267
FOLD	299	394	394	151884	151884	0	283210
RAIL	50	78	15	283
CORRELATION	183	56	8176	12334
SQUARE	23680	267
FOLD	300	395	395	152268	152268	0	284319
RAIL	50	79	15	284
CORRELATION	184	58	8176	12334
SQUARE	23808	267
FOLD	301	396	396	152655	152655	0	285465
RAIL	17	111	15	285
CORRELATION	185	59	8176	12334
SQUARE	23936	267
FOLD	302	397	397	153039	153039	0	288268
RAIL	17	112	15	286
CORRELATION	186	60	8176	12334
SQUARE	24064	267
FOLD	303	398	398	153426	153426	0	291133
RAIL	49	79	15	287
CORRELATION	187	60	8176	12334
SQUARE	24192	267
FOLD	304	399	399	153810	153810	0	292322
RAIL	49	80	15	288
CORRELATION	188	60	8176	12334
SQUARE	24320	267
FOLD	305	400	400	154197	154197	0	294181
RAIL	18	110	15	289
CORRELATION	189	60	8176	12334
SQUARE	24448	267
FOLD	306	401	401	154581	154581	0	295475
RAIL	18	111	15	290
CORRELATION	190	60	8176	12334
SQUARE	24576	267
FOLD	307	402	402	154968	154968	0	296423
RAIL	48	80	15	291
CORRELATION	191	60	8176	12334
SQUARE	24704	267
FOLD	308	403	403	155352	155352	0	297387
RAIL	48	81	15	292
CORRELATION	192	60	8176	12334
SQUARE	24832	267
FOLD	309	404	404	155739	155739	0	298377
RAIL	19	109	15	293
CORRELATION	193	60	8176	12334
SQUARE	24960	267
FOLD	310	405	405	156123	156123	0	299374
RAIL	19	110	15	294
CORRELATION	194	60	8176	12334
SQUARE	25088	267
FOLD	311	406	406	156510	156510	0	300366
RAIL	47	81	15	295
CORRELATION	195	60	8176	12334
SQUARE	25216	267
FOLD	312	407	407	156894	156894	0	301357
RAIL	47	82	15	296
CORRELATION	196	60	8176	12334
SQUARE	25344	267
FOLD	313	408	408	157281	157281	0	302231
RAIL	20	108	15	297
CORRELATION	197	60	8176	12334
SQUARE	25472	267
FOLD	314	409	409	157665	157665	0	303087
RAIL	20	109	15	298
CORRELATION	198	60	8176	12334
SQUARE	25600	267
FOLD	315	410	410	158052	158052	0	304037
RAIL	46	82	15	299
CORRELATION	199	60	8176	12334
SQUARE	25728	267
FOLD	316	411	411	158436	158436	0	304934
RAIL	46	83	15	300
CORRELATION	200	60	8176	12334
SQUARE	25856	267
FOLD	317	412	412	158823	158823	0	305964
RAIL	21	107	15	301
CORRELATION	201	60	8176	12334
SQUARE	25984	267
FOLD	318	413	413	159207	159207	0	306829
RAIL	21	108	15	302
CORRELATION	202	60	8176	12334
SQUARE	26112	267
FOLD	319	414	414	159594	159594	0	307734
RAIL	45	83	15	303
CORRELATION	203	60	8176	12334
SQUARE	26240	267
FOLD	320	415	415	159978	159978	0	308952
RAIL	45	84	15	304
CORRELATION	204	60	8176	12334
SQUARE	26368	267
FOLD	321	416	416	160365	160365	0	309872
RAIL	22	106	15	305
CORRELATION	205	60	8176	12334
SQUARE	26496	267
FOLD	322	417	417	160749	160749	0	311323
RAIL	22	107	15	306
CORRELATION	206	62	8176	12334
SQUARE	26624	267
FOLD	323	418	418	161136	161136	0	312277
RAIL	44	84	15	307
CORRELATION	207	62	8176	12334
SQUARE	26752	267
FOLD	324	419	419	161520	161520	0	313888
RAIL	44	85	15	308
CORRELATION	208	65	8176	12334
SQUARE	26880	267
FOLD	325	420	420	161907	161907	0	314702
RAIL	23	105	15	309
CORRELATION	209	65	8176	12334
SQUARE	27008	267
FOLD	326	421	421	162291	162291	0	315542
RAIL	23	106	15	310
CORRELATION	210	65	8176	12334
SQUARE	27136	267
FOLD	327	422	422	162678	162678	0	316461
RAIL	43	85	15	311
CORRELATION	211	65	8176	12334
SQUARE	27264	267
FOLD	328	423	423	163062	163062	0	317531
RAIL	43	86	15	312
CORRELATION	212	65	8176	12334
SQUARE	27392	267
FOLD	329	424	424	163449	163449	0	318452
RAIL	24	104	15	313
CORRELATION	213	65	8176	12334
SQUARE	27520	267
FOLD	330	425	425	163833	163833	0	319328
RAIL	24	105	15	314
CORRELATION	214	65	8176	12334
SQUARE	27648	267
FOLD	331	426	426	164220	164220	0	320162
RAIL	42	86	15	315
CORRELATION	215	65	8176	12334
SQUARE	27776	267
FOLD	332	427	427	164604	164604	0	321144
RAIL	42	87	15	316
CORRELATION	216	65	8176	12334
SQUARE	27904	267
FOLD	333	428	428	164991	164991	0	322095
RAIL	25	103	15	317
CORRELATION	217	65	8176	12334
SQUARE	28032	267
FOLD	334	429	429	165375	165375	0	323004
RAIL	25	104	15	318
CORRELATION	218	65	8176	12334
SQUARE	28160	267
FOLD	335	430	430	165762	165762	0	324089
RAIL	41	87	15	319
CORRELATION	219	65	8176	12334
SQUARE	28288	267
FOLD	336	431	431	166146	166146	0	326013
RAIL	41	88	15	320
CORRELATION	220	65	8176	12334
SQUARE	28416	267
FOLD	337	432	432	166533	166533	0	326996
RAIL	26	102	15	321
CORRELATION	221	65	8176	12334
SQUARE	28544	267
FOLD	338	433	433	166917	166917	0	327875
RAIL	26	103	15	322
CORRELATION	222	65	8176	12334
SQUARE	28672	267
FOLD	339	434	434	167304	167304	0	328862
RAIL	40	88	15	323
CORRELATION	223	65	8176	12334
SQUARE	28800	267
FOLD	340	435	435	167688	167688	0	329806
RAIL	40	89	15	324
CORRELATION	224	65	8176	12334
SQUARE	28928	267
FOLD	341	436	436	168075	168075	0	330790
RAIL	27	101	15	325
CORRELATION	225	65	8176	12334
SQUARE	29056	267
FOLD	342	437	437	168459	168459	0	332331
RAIL	27	102	15	326
CORRELATION	226	68	8176	12334
SQUARE	29184	267
FOLD	343	438	438	168846	168846	0	333185
RAIL	39	89	15	327
CORRELATION	227	68	8176	12334
SQUARE	29312	267
FOLD	344	439	439	169230	169230	0	335887
RAIL	39	90	15	328
CORRELATION	228	68	8176	12334
SQUARE	29440	267
FOLD	345	440	440	169617	169617	0	338833
RAIL	28	100	15	329
CORRELATION	229	68	8176	12334
SQUARE	29568	267
FOLD	346	441	441	170001	170001	0	341144
RAIL	28	101	15	330
CORRELATION	230	68	8176	12334
SQUARE	29696	267
FOLD	347	442	442	170388	170388	0	342096
RAIL	38	90	15	331
CORRELATION	231	68	8176	12334
SQUARE	29824	267
FOLD	348	443	443	170772	170772	0	342933
RAIL	38	91	15	332
CORRELATION	232	68	8176	12334
SQUARE	29952	267
FOLD	349	444	444	171159	171159	0	343910
RAIL	29	99	15	333
CORRELATION	233	68	8176	12334
SQUARE	30080	267
FOLD	350	445	445	171543	171543	0	344875
RAIL	29	100	15	334
CORRELATION	234	68	8176	12334
SQUARE	30208	267
FOLD	351	446	446	171930	171930	0	346101
RAIL	37	91	15	335
CORRELATION	235	68	8176	12334
SQUARE	30336	267
FOLD	352	447	447	172314	172314	0	346949
RAIL	37	92	15	336
CORRELATION	236	68	8176	12334
SQUARE	30464	267
FOLD	353	448	448	172701	172701	0	347857
RAIL	30	98	15	337
CORRELATION	237	68	8176	12334
SQUARE	30592	267
FOLD	354	449	449	173085	173085	0	348749
RAIL	30	99	15	338
CORRELATION	238	68	8176	12334
SQUARE	30720	267
FOLD	355	450	450	173472	173472	0	350569
RAIL	36	92	15	339
CORRELATION	239	68	8176	12334
SQUARE	30848	267
FOLD	356	451	451	173856	173856	0	351515
RAIL	36	93	15	340
CORRELATION	240	68	8176	12334
SQUARE	30976	267
FOLD	357	452	452	174243	174243	0	352548
RAIL	31	97	15	341
CORRELATION	241	68	8176	12334
SQUARE	31104	267
FOLD	358	453	453	174627	174627	0	353540
RAIL	31	98	15	342
CORRELATION	242	68	8176	12334
SQUARE	31232	267
FOLD	359	454	454	175014	175014	0	354411
RAIL	35	93	15	343
CORRELATION	243	68	8176	12334
SQUARE	31360	267
FOLD	360	455	455	175398	175398	0	355413
RAIL	35	94	15	344
CORRELATION	244	68	8176	12334
SQUARE	31488	267
FOLD	361	456	456	175785	175785	0	356908
RAIL	32	96	15	345
CORRELATION	245	70	8176	12334
SQUARE	31616	267
FOLD	362	457	457	176169	176169	0	357939
RAIL	32	97	15	346
CORRELATION	246	70	8176	12334
SQUARE	31744	267
FOLD	363	458	458	176556	176556	0	358881
RAIL	34	94	15	347
CORRELATION	247	70	8176	12334
SQUARE	31872	267
FOLD	364	459	459	176940	176940	0	359786
RAIL	34	95	15	348
CORRELATION	248	70	8176	12334
SQUARE	32000	267
FOLD	365	460	460	177327	177327	0	360662
RAIL	33	95	15	349
CORRELATION	249	70	8176	12334
SQUARE	32128	267
FOLD	366	461	461	177711	177711	0	361899
RAIL	33	96	15	350
CORRELATION	250	70	8176	12334
SQUARE	32256	267
FOLD	367	462	462	178098	178098	0	363751
RAIL	64	64	15	351
CORRELATION	253	70	8176	12334
SQUARE	32640	267
FOLD	367	462	462	178098	178098	0	364574
RAIL	64	64	15	352
CORRELATION	253	70	8176	12334
SQUARE	32768	267
FOLD	368	463	463	178482	178482	0	364632
RAIL	64	65	15	352
CORRELATION	254	70	8176	12334
SQUARE	32768	267
FOLD	368	463	463	178482	178482	0	369772
RAIL	64	65	15	353
CORRELATION	256	70	8176	12334
SQUARE	33024	267
FOLD	369	464	464	178869	178869	0	371971
RAIL	63	65	15	353
CORRELATION	257	70	8176	12334
SQUARE	33152	267
FOLD	370	465	465	179253	179253	0	372960
RAIL	63	66	15	354
CORRELATION	258	70	8176	12334
SQUARE	33280	267
FOLD	371	466	466	179640	179640	0	375364
RAIL	62	66	15	355
CORRELATION	261	72	8176	12334
SQUARE	33664	267
FOLD	372	467	467	180024	180024	0	376262
RAIL	62	67	15	356
CORRELATION	262	72	8176	12334
SQUARE	33792	267
FOLD	373	468	468	180411	180411	0	378407
RAIL	61	67	15	357
CORRELATION	265	72	8176	12334
SQUARE	34176	267
FOLD	374	469	469	180795	180795	0	379921
RAIL	61	68	15	358
CORRELATION	266	72	8176	12334
SQUARE	34304	267
FOLD	375	470	470	181182	181182	0	380936
RAIL	6	122	15	359
CORRELATION	267	72	8176	12334
SQUARE	34432	267
FOLD	378	471	471	181569	181569	0	383862
RAIL	7	121	16	361
CORRELATION	271	72	8176	12334
SQUARE	34944	267
FOLD	387	472	472	181953	181953	0	391553
RAIL	9	120	20	366
CORRELATION	280	74	8176	12334
SQUARE	36096	267
FOLD	388	473	473	182340	182340	0	392419
RAIL	57	71	20	367
CORRELATION	281	74	8176	12334
SQUARE	36224	267
FOLD	389	474	474	182724	182724	0	394368
RAIL	57	72	20	368
CORRELATION	282	74	8176	12334
SQUARE	36352	267
FOLD	390	475	475	183111	183111	0	398352
RAIL	10	118	20	369
CORRELATION	283	74	8176	12334
SQUARE	36480	267
FOLD	391	476	476	183495	183495	0	399239
RAIL	10	119	20	370
CORRELATION	284	74	8176	12334
SQUARE	36608	267
FOLD	392	477	477	183882	183882	0	400085
RAIL	56	72	20	371
CORRELATION	285	74	8176	12334
SQUARE	36736	267
FOLD	393	478	478	184266	184266	0	400974
RAIL	56	73	20	372
CORRELATION	286	74	8176	12334
SQUARE	36864	267
FOLD	394	479	479	184653	184653	0	401824
RAIL	11	117	20	373
CORRELATION	287	74	8176	12334
SQUARE	36992	267
FOLD	395	480	480	185037	185037	0	402668
RAIL	11	118	20	374
CORRELATION	288	74	8176	12334
SQUARE	37120	267
FOLD	396	481	481	185424	185424	0	403602
RAIL	55	73	20	375
CORRELATION	289	74	8176	12334
SQUARE	37248	267
FOLD	397	482	482	185808	185808	0	404617
RAIL	55	74	20	376
CORRELATION	290	74	8176	12334
SQUARE	37376	267
FOLD	398	483	483	186195	186195	0	405557
RAIL	12	116	20	377
CORRELATION	291	74	8176	12334
SQUARE	37504	267
FOLD	399	484	484	186579	186579	0	406515
RAIL	12	117	20	378
CORRELATION	292	74	8176	12334
SQUARE	37632	267
FOLD	400	485	485	186966	186966	0	407413
RAIL	54	74	20	379
CORRELATION	293	74	8176	12334
SQUARE	37760	267
FOLD	401	486	486	187350	187350	0	408619
RAIL	54	75	20	380
CORRELATION	294	75	8176	12334
SQUARE	37888	267
FOLD	402	487	487	187737	187737	0	409565
RAIL	13	115	20	381
CORRELATION	295	75	8176	12334
SQUARE	38016	267
FOLD	403	488	488	188121	188121	0	410509
RAIL	13	116	20	382
CORRELATION	296	75	8176	12334
SQUARE	38144	267
FOLD	404	489	489	188508	188508	0	411411
RAIL	53	75	20	383
CORRELATION	297	75	8176	12334
SQUARE	38272	267
FOLD	405	490	490	188892	188892	0	412401
RAIL	53	76	20	384
CORRELATION	298	75	8176	12334
SQUARE	38400	269
FOLD	406	491	491	189279	189279	0	413431
RAIL	14	114	20	385
CORRELATION	299	75	8176	12334
SQUARE	38528	269
FOLD	407	492	492	189663	189663	0	414331
RAIL	14	115	20	386
CORRELATION	300	75	8176	12334
SQUARE	38656	269
FOLD	408	493	493	190050	190050	0	415245
RAIL	52	76	20	387
CORRELATION	301	75	8176	12334
SQUARE	38784	269
FOLD	409	494	494	190434	190434	0	416302
RAIL	52	77	20	388
CORRELATION	302	75	8176	12334
SQUARE	38912	269
FOLD	410	495	495	190821	190821	0	417257
RAIL	15	113	20	389
CORRELATION	303	75	8176	12334
SQUARE	39040	269
FOLD	411	496	496	191205	191205	0	418199
RAIL	15	114	20	390
CORRELATION	304	75	8176	12334
SQUARE	39168	269
FOLD	412	497	497	191592	191592	0	419235
RAIL	51	77	20	391
CORRELATION	305	75	8176	12334
SQUARE	39296	269
FOLD	413	498	498	191976	191976	0	420132
RAIL	51	78	20	392
CORRELATION	306	75	8176	12334
SQUARE	39424	269
FOLD	414	499	499	192363	192363	0	421151
RAIL	16	112	20	393
CORRELATION	307	75	8176	12334
SQUARE	39552	269
FOLD	415	500	500	192747	192747	0	422326
RAIL	16	113	20	394
CORRELATION	308	75	8176	12334
SQUARE	39680	269
FOLD	416	501	501	193134	193134	0	423874
RAIL	50	78	20	395
CORRELATION	309	75	8176	12334
SQUARE	39808	269
FOLD	417	502	502	193518	193518	0	424816
RAIL	50	79	20	396
CORRELATION	310	75	8176	12334
SQUARE	39936	269
FOLD	418	503	503	193905	193905	0	426811
RAIL	17	111	20	397
CORRELATION	311	77	8176	12334
SQUARE	40064	269
FOLD	419	504	504	194289	194289	0	428048
RAIL	17	112	20	398
CORRELATION	312	78	8176	12334
SQUARE	40192	269
FOLD	420	505	505	194676	194676	0	429109
RAIL	49	79	20	399
CORRELATION	313	78	8176	12334
SQUARE	40320	269
FOLD	421	506	506	195060	195060	0	430037
RAIL	49	80	20	400
CORRELATION	314	78	8176	12334
SQUARE	40448	269
FOLD	422	507	507	195447	195447	0	430960
RAIL	18	110	20	401
CORRELATION	315	78	8176	12334
SQUARE	40576	269
FOLD	423	508	508	195831	195831	0	431826
RAIL	18	111	20	402
CORRELATION	316	78	8176	12334
SQUARE	40704	269
FOLD	424	509	509	196218	196218	0	432685
RAIL	48	80	20	403
CORRELATION	317	78	8176	12334
SQUARE	40832	269
FOLD	425	510	510	196602	196602	0	433586
RAIL	48	81	20	404
CORRELATION	318	78	8176	12334
SQUARE	40960	269
FOLD	426	511	511	196989	196989	0	434461
RAIL	19	109	20	405
CORRELATION	319	78	8176	12334
SQUARE	41088	269
FOLD	427	512	512	197373	197373	0	435429
RAIL	19	110	20	406
CORRELATION	320	78	8176	12334
SQUARE	41216	269
FOLD	428	513	513	197760	197760	0	436321
RAIL	47	81	20	407
CORRELATION	321	78	8176	12334
SQUARE	41344	269
FOLD	429	514	514	198144	198144	0	438317
RAIL	47	82	20	408
CORRELATION	322	78	8176	12334
SQUARE	41472	269
FOLD	430	515	515	198531	198531	0	439377
RAIL	20	108	20	409
CORRELATION	323	78	8176	12334
SQUARE	41600	269
FOLD	431	516	516	198915	198915	0	440299
RAIL	20	109	20	410
CORRELATION	324	78	8176	12334
SQUARE	41728	269
FOLD	432	517	517	199302	199302	0	441373
RAIL	46	82	20	411
CORRELATION	325	78	8176	12334
SQUARE	41856	269
FOLD	433	518	518	199686	199686	0	442304
RAIL	46	83	20	412
CORRELATION	326	78	8176	12334
SQUARE	41984	269
FOLD	434	519	519	200073	200073	0	444138
RAIL	21	107	20	413
CORRELATION	327	78	8176	12334
SQUARE	42112	269
FOLD	435	520	520	200457	200457	0	445994
RAIL	21	108	20	414
CORRELATION	328	78	8176	12334
SQUARE	42240	269
FOLD	436	521	521	200844	200844	0	448822
RAIL	45	83	20	415
CORRELATION	329	79	8176	12334
SQUARE	42368	269
FOLD	437	522	522	201228	201228	0	450231
RAIL	45	84	20	416
CORRELATION	330	80	8176	12334
SQUARE	42496	269
FOLD	438	523	523	201615	201615	0	451416
RAIL	22	106	20	417
CORRELATION	331	81	8176	12334
SQUARE	42624	269
FOLD	439	524	524	201999	201999	0	452324
RAIL	22	107	20	418
CORRELATION	332	81	8176	12334
SQUARE	42752	269
FOLD	440	525	525	202386	202386	0	453378
RAIL	44	84	20	419
CORRELATION	333	81	8176	12334
SQUARE	42880	269
FOLD	441	526	526	202770	202770	0	454299
RAIL	44	85	20	420
CORRELATION	334	81	8176	12334
SQUARE	43008	269
FOLD	442	527	527	203157	203157	0	455232
RAIL	23	105	20	421
CORRELATION	335	81	8176	12334
SQUARE	43136	269
FOLD	443	528	528	203541	203541	0	456874
RAIL	23	106	20	422
CORRELATION	336	81	8176	12334
SQUARE	43264	269
FOLD	444	529	529	203928	203928	0	457888
RAIL	43	85	20	423
CORRELATION	337	82	8176	12334
SQUARE	43392	269
FOLD	445	530	530	204312	204312	0	458973
RAIL	43	86	20	424
CORRELATION	338	82	8176	12334
SQUARE	43520	269
FOLD	446	531	531	204699	204699	0	459912
RAIL	24	104	20	425
CORRELATION	339	82	8176	12334
SQUARE	43648	269
FOLD	447	532	532	205083	205083	0	460982
RAIL	24	105	20	426
CORRELATION	340	82	8176	12334
SQUARE	43776	269
FOLD	448	533	533	205470	205470	0	461923
RAIL	42	86	20	427
CORRELATION	341	82	8176	12334
SQUARE	43904	269
FOLD	449	534	534	205854	205854	0	463250
RAIL	42	87	20	428
CORRELATION	342	82	8176	12334
SQUARE	44032	269
FOLD	450	535	535	206241	206241	0	464272
RAIL	25	103	20	429
CORRELATION	343	82	8176	12334
SQUARE	44160	269
FOLD	451	536	536	206625	206625	0	465381
RAIL	25	104	20	430
CORRELATION	344	82	8176	12334
SQUARE	44288	269
FOLD	452	537	537	207012	207012	0	466443
RAIL	41	87	20	431
CORRELATION	345	82	8176	12334
SQUARE	44416	269
FOLD	453	538	538	207396	207396	0	467451
RAIL	41	88	20	432
CORRELATION	346	82	8176	12334
SQUARE	44544	269
FOLD	454	539	539	207783	207783	0	468499
RAIL	26	102	20	433
CORRELATION	347	82	8176	12334
SQUARE	44672	269
FOLD	455	540	540	208167	208167	0	469541
RAIL	26	103	20	434
CORRELATION	348	82	8176	12334
SQUARE	44800	269
FOLD	456	541	541	208554	208554	0	471631
RAIL	40	88	20	435
CORRELATION	349	84	8176	12334
SQUARE	44928	269
FOLD	457	542	542	208938	208938	0	473027
RAIL	40	89	20	436
CORRELATION	350	86	8176	12334
SQUARE	45056	269
FOLD	458	543	543	209325	209325	0	474389
RAIL	27	101	20	437
CORRELATION	351	87	8176	12334
SQUARE	45184	269
FOLD	459	544	544	209709	209709	0	476099
RAIL	27	102	20	438
CORRELATION	352	89	8176	12334
SQUARE	45312	269
FOLD	460	545	545	210096	210096	0	476956
RAIL	39	89	20	439
CORRELATION	353	89	8176	12334
SQUARE	45440	269
FOLD	461	546	546	210480	210480	0	477879
RAIL	39	90	20	440
CORRELATION	354	89	8176	12334
SQUARE	45568	269
FOLD	462	547	547	210867	210867	0	478869
RAIL	28	100	20	441
CORRELATION	355	89	8176	12334
SQUARE	45696	269
FOLD	463	548	548	211251	211251	0	480222
RAIL	28	101	20	442
CORRELATION	356	91	8176	12334
SQUARE	45824	269
FOLD	464	549	549	211638	211638	0	481789
RAIL	38	90	20	443
CORRELATION	357	93	8176	12334
SQUARE	45952	269
FOLD	465	550	550	212022	212022	0	483514
RAIL	38	91	20	444
CORRELATION	358	97	8176	12334
SQUARE	46080	269
FOLD	466	551	551	212409	212409	0	484366
RAIL	29	99	20	445
CORRELATION	359	97	8176	12334
SQUARE	46208	269
FOLD	467	552	552	212793	212793	0	485253
RAIL	29	100	20	446
CORRELATION	360	97	8176	12334
SQUARE	46336	269
FOLD	468	553	553	213180	213180	0	486100
RAIL	37	91	20	447
CORRELATION	361	97	8176	12334
SQUARE	46464	269
FOLD	469	554	554	213564	213564	0	486924
RAIL	37	92	20	448
CORRELATION	362	97	8176	12334
SQUARE	46592	269
FOLD	470	555	555	213951	213951	0	487840
RAIL	30	98	20	449
CORRELATION	363	97	8176	12334
SQUARE	46720	269
FOLD	471	556	556	214335	214335	0	488822
RAIL	30	99	20	450
CORRELATION	364	97	8176	12334
SQUARE	46848	269
FOLD	472	557	557	214722	214722	0	491487
RAIL	36	92	20	451
CORRELATION	365	101	8176	12334
SQUARE	46976	269
FOLD	473	558	558	215106	215106	0	492406
RAIL	36	93	20	452
CORRELATION	366	101	8176	12334
SQUARE	47104	269
FOLD	474	559	559	215493	215493	0	493391
RAIL	31	97	20	453
CORRELATION	367	101	8176	12334
SQUARE	47232	269
FOLD	475	560	560	215877	215877	0	494215
RAIL	31	98	20	454
CORRELATION	368	101	8176	12334
SQUARE	47360	269
FOLD	476	561	561	216264	216264	0	495123
RAIL	35	93	20	455
CORRELATION	369	101	8176	12334
SQUARE	47488	269
FOLD	477	562	562	216648	216648	0	495953
RAIL	35	94	20	456
CORRELATION	370	101	8176	12334
SQUARE	47616	269
FOLD	478	563	563	217035	217035	0	497808
RAIL	32	96	20	457
CORRELATION	371	101	8176	12334
SQUARE	47744	269
FOLD	479	564	564	217419	217419	0	498922
RAIL	32	97	20	458
CORRELATION	372	103	8176	12334
SQUARE	47872	269
FOLD	480	565	565	217806	217806	0	500295
RAIL	34	94	20	459
CORRELATION	373	106	8176	12334
SQUARE	48000	269
FOLD	481	566	566	218190	218190	0	501162
RAIL	34	95	20	460
CORRELATION	374	106	8176	12334
SQUARE	48128	269
FOLD	482	567	567	218577	218577	0	501976
RAIL	33	95	20	461
CORRELATION	375	106	8176	12334
SQUARE	48256	269
FOLD	483	568	568	218961	218961	0	503204
RAIL	33	96	20	462
CORRELATION	376	107	8176	12334
SQUARE	48384	269
FOLD	484	569	569	219348	219348	0	505105
RAIL	64	64	20	463
CORRELATION	379	108	8176	12334
SQUARE	48768	269
FOLD	485	570	570	219732	219732	0	505950
RAIL	64	65	20	464
CORRELATION	380	108	8176	12334
SQUARE	48896	269
FOLD	486	571	571	220119	220119	0	515425
RAIL	63	65	20	465
CORRELATION	383	110	8176	12334
SQUARE	49280	269
FOLD	487	572	572	220503	220503	0	516303
RAIL	63	66	20	466
CORRELATION	384	110	8176	12334
SQUARE	49408	269
FOLD	488	573	573	220890	220890	0	518300
RAIL	62	66	20	467
CORRELATION	387	112	8176	12334
SQUARE	49792	269
FOLD	489	574	574	221274	221274	0	519545
RAIL	62	67	20	468
CORRELATION	388	114	8176	12334
SQUARE	49920	269
FOLD	490	575	575	221661	221661	0	521460
RAIL	61	67	20	469
CORRELATION	391	114	8176	12334
SQUARE	50304	269
FOLD	491	576	576	222045	222045	0	523520
RAIL	61	68	20	470
CORRELATION	392	114	8176	12334
SQUARE	50432	269
FOLD	492	577	577	222432	222432	0	524407
RAIL	6	122	20	471
CORRELATION	393	114	8176	12334
SQUARE	50560	269
FOLD	495	578	578	222819	222819	0	527336
RAIL	7	121	21	473
CORRELATION	397	114	8176	12334
SQUARE	51072	269
FOLD	496	579	579	223203	223203	0	528197
RAIL	7	122	21	474
CORRELATION	398	114	8176	12334
SQUARE	51200	269
FOLD	497	580	580	223590	223590	0	530259
RAIL	59	69	21	475
CORRELATION	399	117	8176	12334
SQUARE	51328	269
FOLD	498	581	581	223974	223974	0	533686
RAIL	59	70	21	476
CORRELATION	400	117	8176	12334
SQUARE	51456	269
FOLD	499	582	582	224361	224361	0	536105
RAIL	8	120	21	477
CORRELATION	401	117	8176	12334
SQUARE	51584	269
FOLD	508	583	583	224745	224745	0	548253
RAIL	10	119	25	482
CORRELATION	410	121	8176	12334
SQUARE	52736	269
FOLD	509	584	584	225132	225132	0	549262
RAIL	56	72	25	483
CORRELATION	411	121	8176	12334
SQUARE	52864	269
FOLD	510	585	585	225516	225516	0	551149
RAIL	56	73	25	484
CORRELATION	412	124	8176	12334
SQUARE	52992	269
FOLD	511	586	586	225903	225903	0	552186
RAIL	11	117	25	485
CORRELATION	413	124	8176	12334
SQUARE	53120	269
FOLD	512	587	587	226287	226287	0	554391
RAIL	11	118	25	486
CORRELATION	414	127	8176	12334
SQUARE	53248	269
FOLD	513	588	588	226674	226674	0	557380
RAIL	55	73	25	487
CORRELATION	415	127	8176	12334
SQUARE	53376	269
FOLD	514	589	589	227058	227058	0	558355
RAIL	55	74	25	488
CORRELATION	416	127	8176	12334
SQUARE	53504	269
FOLD	515	590	590	227445	227445	0	559361
RAIL	12	116	25	489
CORRELATION	417	127	8176	12334
SQUARE	53632	269
FOLD	516	591	591	227829	227829	0	560363
RAIL	12	117	25	490
CORRELATION	418	127	8176	12334
SQUARE	53760	269
FOLD	517	592	592	228216	228216	0	561340
RAIL	54	74	25	491
CORRELATION	419	127	8176	12334
SQUARE	53888	269
FOLD	518	593	593	228600	228600	0	562446
RAIL	54	75	25	492
CORRELATION	420	127	8176	12334
SQUARE	54016	269
FOLD	519	594	594	228987	228987	0	564567
RAIL	13	115	25	493
CORRELATION	421	132	8176	12334
SQUARE	54144	269
FOLD	520	595	595	229371	229371	0	565442
RAIL	13	116	25	494
CORRELATION	422	132	8176	12334
SQUARE	54272	269
FOLD	521	596	596	229758	229758	0	566361
RAIL	53	75	25	495
CORRELATION	423	132	8176	12334
SQUARE	54400	269
FOLD	522	597	597	230142	230142	0	567234
RAIL	53	76	25	496
CORRELATION	424	132	8176	12334
SQUARE	54528	269
FOLD	523	598	598	230529	230529	0	568164
RAIL	14	114	25	497
CORRELATION	425	132	8176	12334
SQUARE	54656	269
FOLD	524	599	599	230913	230913	0	569069
RAIL	14	115	25	498
CORRELATION	426	132	8176	12334
SQUARE	54784	269
FOLD	525	600	600	231300	231300	0	569974
RAIL	52	76	25	499
CORRELATION	427	132	8176	12334
SQUARE	54912	269
FOLD	526	601	601	231684	231684	0	570871
RAIL	52	77	25	500
CORRELATION	428	132	8176	12334
SQUARE	55040	269
FOLD	527	602	602	232071	232071	0	572403
RAIL	15	113	25	501
CORRELATION	429	135	8176	12334
SQUARE	55168	269
FOLD	528	603	603	232455	232455	0	573811
RAIL	15	114	25	502
CORRELATION	430	137	8176	12334
SQUARE	55296	269
FOLD	529	604	604	232842	232842	0	574656
RAIL	51	77	25	503
CORRELATION	431	137	8176	12334
SQUARE	55424	269
FOLD	530	605	605	233226	233226	0	576343
RAIL	51	78	25	504
CORRELATION	432	140	8176	12334
SQUARE	55552	269
FOLD	531	606	606	233613	233613	0	577278
RAIL	16	112	25	505
CORRELATION	433	140	8176	12334
SQUARE	55680	269
FOLD	532	607	607	233997	233997	0	579098
RAIL	16	113	25	506
CORRELATION	434	143	8176	12334
SQUARE	55808	269
FOLD	533	608	608	234384	234384	0	580043
RAIL	50	78	25	507
CORRELATION	435	143	8176	12334
SQUARE	55936	269
FOLD	534	609	609	234768	234768	0	581723
RAIL	50	79	25	508
CORRELATION	436	145	8176	12334
SQUARE	56064	269
FOLD	535	610	610	235155	235155	0	583135
RAIL	17	111	25	509
CORRELATION	437	146	8176	12334
SQUARE	56192	269
FOLD	536	611	611	235539	235539	0	584130
RAIL	17	112	25	510
CORRELATION	438	146	8176	12334
SQUARE	56320	269
FOLD	537	612	612	235926	235926	0	585489
RAIL	49	79	25	511
CORRELATION	439	148	8176	12334
SQUARE	56448	269
FOLD	538	613	613	236310	236310	0	586601
RAIL	49	80	25	512
CORRELATION	440	149	8176	12334
SQUARE	56576	269
FOLD	539	614	614	236697	236697	0	587664
RAIL	18	110	25	513
CORRELATION	441	150	8176	12334
SQUARE	56704	269
FOLD	540	615	615	237081	237081	0	588971
RAIL	18	111	25	514
CORRELATION	442	151	8176	12334
SQUARE	56832	269
FOLD	541	616	616	237468	237468	0	590856
RAIL	48	80	25	515
CORRELATION	443	153	8176	12334
SQUARE	56960	269
FOLD	542	617	617	237852	237852	0	591765
RAIL	48	81	25	516
CORRELATION	444	153	8176	12334
SQUARE	57088	269
FOLD	543	618	618	238239	238239	0	592661
RAIL	19	109	25	517
CORRELATION	445	153	8176	12334
SQUARE	57216	269
FOLD	544	619	619	238623	238623	0	593686
RAIL	19	110	25	518
CORRELATION	446	153	8176	12334
SQUARE	57344	269
FOLD	545	620	620	239010	239010	0	594774
RAIL	47	81	25	519
CORRELATION	447	155	8176	12334
SQUARE	57472	269
FOLD	546	621	621	239394	239394	0	596060
RAIL	47	82	25	520
CORRELATION	448	157	8176	12334
SQUARE	57600	269
FOLD	547	622	622	239781	239781	0	597222
RAIL	20	108	25	521
CORRELATION	449	158	8176	12334
SQUARE	57728	269
FOLD	548	623	623	240165	240165	0	598385
RAIL	20	109	25	522
CORRELATION	450	159	8176	12334
SQUARE	57856	269
FOLD	549	624	624	240552	240552	0	599477
RAIL	46	82	25	523
CORRELATION	451	160	8176	12334
SQUARE	57984	269
FOLD	550	625	625	240936	240936	0	600427
RAIL	46	83	25	524
CORRELATION	452	160	8176	12334
SQUARE	58112	269
FOLD	551	626	626	241323	241323	0	601510
RAIL	21	107	25	525
CORRELATION	453	160	8176	12334
SQUARE	58240	269
FOLD	552	627	627	241707	241707	0	602542
RAIL	21	108	25	526
CORRELATION	454	162	8176	12334
SQUARE	58368	269
FOLD	553	628	628	242094	242094	0	603451
RAIL	45	83	25	527
CORRELATION	455	162	8176	12334
SQUARE	58496	269
FOLD	554	629	629	242478	242478	0	604532
RAIL	45	84	25	528
CORRELATION	456	164	8176	12334
SQUARE	58624	269
FOLD	555	630	630	242865	242865	0	605923
RAIL	22	106	25	529
CORRELATION	457	165	8176	12334
SQUARE	58752	269
FOLD	556	631	631	243249	243249	0	606927
RAIL	22	107	25	530
CORRELATION	458	165	8176	12334
SQUARE	58880	269
FOLD	557	632	632	243636	243636	0	607890
RAIL	44	84	25	531
CORRELATION	459	165	8176	12334
SQUARE	59008	269
FOLD	558	633	633	244020	244020	0	609691
RAIL	44	85	25	532
CORRELATION	460	167	8176	12334
SQUARE	59136	269
FOLD	559	634	634	244407	244407	0	611733
RAIL	23	105	25	533
CORRELATION	461	167	8176	12334
SQUARE	59264	269
FOLD	560	635	635	244791	244791	0	613596
RAIL	23	106	25	534
CORRELATION	462	167	8176	12334
SQUARE	59392	269
FOLD	561	636	636	245178	245178	0	616464
RAIL	43	85	25	535
CORRELATION	463	170	8176	12334
SQUARE	59520	269
FOLD	562	637	637	245562	245562	0	617762
RAIL	43	86	25	536
CORRELATION	464	171	8176	12334
SQUARE	59648	269
FOLD	563	638	638	245949	245949	0	618833
RAIL	24	104	25	537
CORRELATION	465	171	8176	12334
SQUARE	59776	269
FOLD	564	639	639	246333	246333	0	619726
RAIL	24	105	25	538
CORRELATION	466	171	8176	12334
SQUARE	59904	269
FOLD	565	640	640	246720	246720	0	620825
RAIL	42	86	25	539
CORRELATION	467	171	8176	12334
SQUARE	60032	269
FOLD	566	641	641	247104	247104	0	621840
RAIL	42	87	25	540
CORRELATION	468	171	8176	12334
SQUARE	60160	269
FOLD	567	642	642	247491	247491	0	623286
RAIL	25	103	25	541
CORRELATION	469	173	8176	12334
SQUARE	60288	269
FOLD	568	643	643	247875	247875	0	624330
RAIL	25	104	25	542
CORRELATION	470	174	8176	12334
SQUARE	60416	269
FOLD	569	644	644	248262	248262	0	625553
RAIL	41	87	25	543
CORRELATION	471	174	8176	12334
SQUARE	60544	269
FOLD	570	645	645	248646	248646	0	627353
RAIL	41	88	25	544
CORRELATION	472	177	8176	12334
SQUARE	60672	269
FOLD	571	646	646	249033	249033	0	628471
RAIL	26	102	25	545
CORRELATION	473	177	8176	12334
SQUARE	60800	269
FOLD	572	647	647	249417	249417	0	629515
RAIL	26	103	25	546
CORRELATION	474	177	8176	12334
SQUARE	60928	269
FOLD	573	648	648	249804	249804	0	630488
RAIL	40	88	25	547
CORRELATION	475	177	8176	12334
SQUARE	61056	269
FOLD	574	649	649	250188	250188	0	632459
RAIL	40	89	25	548
CORRELATION	476	180	8176	12334
SQUARE	61184	269
FOLD	575	650	650	250575	250575	0	633803
RAIL	27	101	25	549
CORRELATION	477	180	8176	12334
SQUARE	61312	269
FOLD	576	651	651	250959	250959	0	634664
RAIL	27	102	25	550
CORRELATION	478	180	8176	12334
SQUARE	61440	269
FOLD	577	652	652	251346	251346	0	636562
RAIL	39	89	25	551
CORRELATION	479	183	8176	12334
SQUARE	61568	269
FOLD	578	653	653	251730	251730	0	637595
RAIL	39	90	25	552
CORRELATION	480	183	8176	12334
SQUARE	61696	269
FOLD	579	654	654	252117	252117	0	638763
RAIL	28	100	25	553
CORRELATION	481	184	8176	12334
SQUARE	61824	269
FOLD	580	655	655	252501	252501	0	639728
RAIL	28	101	25	554
CORRELATION	482	184	8176	12334
SQUARE	61952	269
FOLD	581	656	656	252888	252888	0	640714
RAIL	38	90	25	555
CORRELATION	483	184	8176	12334
SQUARE	62080	269
FOLD	582	657	657	253272	253272	0	641658
RAIL	38	91	25	556
CORRELATION	484	184	8176	12334
SQUARE	62208	269
FOLD	583	658	658	253659	253659	0	642559
RAIL	29	99	25	557
CORRELATION	485	184	8176	12334
SQUARE	62336	269
FOLD	584	659	659	254043	254043	0	643837
RAIL	29	100	25	558
CORRELATION	486	187	8176	12334
SQUARE	62464	269
FOLD	585	660	660	254430	254430	0	645566
RAIL	37	91	25	559
CORRELATION	487	190	8176	12334
SQUARE	62592	269
FOLD	586	661	661	254814	254814	0	646382
RAIL	37	92	25	560
CORRELATION	488	190	8176	12334
SQUARE	62720	269
FOLD	587	662	662	255201	255201	0	647188
RAIL	30	98	25	561
CORRELATION	489	190	8176	12334
SQUARE	62848	269
FOLD	588	663	663	255585	255585	0	648135
RAIL	30	99	25	562
CORRELATION	490	190	8176	12334
SQUARE	62976	269
FOLD	589	664	664	255972	255972	0	649138
RAIL	36	92	25	563
CORRELATION	491	190	8176	12334
SQUARE	63104	269
FOLD	590	665	665	256356	256356	0	650027
RAIL	36	93	25	564
CORRELATION	492	190	8176	12334
SQUARE	63232	269
FOLD	591	666	666	256743	256743	0	650848
RAIL	31	97	25	565
CORRELATION	493	190	8176	12334
SQUARE	63360	269
FOLD	592	667	667	257127	257127	0	652070
RAIL	31	98	25	566
CORRELATION	494	192	8176	12334
SQUARE	63488	269
FOLD	593	668	668	257514	257514	0	653022
RAIL	35	93	25	567
CORRELATION	495	192	8176	12334
SQUARE	63616	269
FOLD	594	669	669	257898	257898	0	653990
RAIL	35	94	25	568
CORRELATION	496	192	8176	12334
SQUARE	63744	269
FOLD	595	670	670	258285	258285	0	654811
RAIL	32	96	25	569
CORRELATION	497	192	8176	12334
SQUARE	63872	269
FOLD	596	671	671	258669	258669	0	655817
RAIL	32	97	25	570
CORRELATION	498	192	8176	12334
SQUARE	64000	269
FOLD	597	672	672	259056	259056	0	656910
RAIL	34	94	25	571
CORRELATION	499	194	8176	12334
SQUARE	64128	269
FOLD	598	673	673	259440	259440	0	657982
RAIL	34	95	25	572
CORRELATION	500	195	8176	12334
SQUARE	64256	269
FOLD	599	674	674	259827	259827	0	658915
RAIL	33	95	25	573
CORRELATION	501	195	8176	12334
SQUARE	64384	269
FOLD	600	675	675	260211	260211	0	661127
RAIL	33	96	25	574
CORRELATION	502	197	8176	12334
SQUARE	64512	269
FOLD	601	676	676	260598	260598	0	664460
RAIL	64	64	25	575
CORRELATION	505	202	8176	12334
SQUARE	64896	269
FOLD	602	677	677	260982	260982	0	665894
RAIL	64	65	25	576
CORRELATION	506	202	8176	12334
SQUARE	65024	269
FOLD	603	678	678	261369	261369	0	668986
RAIL	63	65	25	577
CORRELATION	509	203	8176	12334
SQUARE	65408	269
FOLD	603	678	678	261369	261369	0	670975
RAIL	63	65	25	578
CORRELATION	509	203	8176	12334
SQUARE	65536	269
FOLD	604	679	679	261753	261753	0	671095
RAIL	63	66	25	578
CORRELATION	510	203	8176	12334
SQUARE	65536	269
FOLD	604	679	679	261753	261753	0	674328
RAIL	63	66	25	579
CORRELATION	512	206	8176	12334
SQUARE	65792	269
FOLD	605	680	680	262140	262140	0	675802
RAIL	62	66	25	579
CORRELATION	513	208	8176	12334
SQUARE	65920	269
FOLD	606	681	681	262524	262524	0	676791
RAIL	62	67	25	580
CORRELATION	514	208	8176	12334
SQUARE	66048	269
FOLD	607	682	682	262911	262911	0	679753
RAIL	61	67	25	581
CORRELATION	517	211	8176	12334
SQUARE	66432	269
FOLD	608	683	683	263295	263295	0	682754
RAIL	61	68	25	582
CORRELATION	518	211	8176	12334
SQUARE	66560	269
FOLD	609	684	684	263682	263682	0	686144
RAIL	60	68	25	583
CORRELATION	521	215	8176	12334
SQUARE	66944	269
FOLD	610	685	685	264066	264066	0	687006
RAIL	60	69	25	584
CORRELATION	522	215	8176	12334
SQUARE	67072	269
FOLD	611	686	686	264453	264453	0	688036
RAIL	7	121	25	585
CORRELATION	523	216	8176	12334
SQUARE	67200	269
FOLD	616	687	687	264837	264837	0	692405
RAIL	8	121	27	588
CORRELATION	528	220	8176	12334
SQUARE	67840	269
FOLD	617	688	688	265224	265224	0	694841
RAIL	58	70	27	589
CORRELATION	529	224	8176	12334
SQUARE	67968	269
FOLD	618	689	689	265608	265608	0	696988
RAIL	58	71	27	590
CORRELATION	530	224	8176	12334
SQUARE	68096	269
FOLD	619	690	690	265995	265995	0	699275
RAIL	9	119	27	591
CORRELATION	531	225	8176	12334
SQUARE	68224	269
FOLD	628	691	691	266379	266379	0	711213
RAIL	11	118	31	596
CORRELATION	540	232	8176	12334
SQUARE	69376	269
FOLD	629	692	692	266766	266766	0	712252
RAIL	55	73	31	597
CORRELATION	541	233	8176	12334
SQUARE	69504	269
FOLD	630	693	693	267150	267150	0	713325
RAIL	55	74	31	598
CORRELATION	542	233	8176	12334
SQUARE	69632	269
FOLD	631	694	694	267537	267537	0	714266
RAIL	12	116	31	599
CORRELATION	543	233	8176	12334
SQUARE	69760	269
FOLD	632	695	695	267921	267921	0	716598
RAIL	12	117	31	600
CORRELATION	544	236	8176	12334
SQUARE	69888	269
FOLD	633	696	696	268308	268308	0	717650
RAIL	54	74	31	601
CORRELATION	545	236	8176	12334
SQUARE	70016	269
FOLD	634	697	697	268692	268692	0	719448
RAIL	54	75	31	602
CORRELATION	546	238	8176	12334
SQUARE	70144	269
FOLD	635	698	698	269079	269079	0	721979
RAIL	13	115	31	603
CORRELATION	547	240	8176	12334
SQUARE	70272	269
FOLD	636	699	699	269463	269463	0	722953
RAIL	13	116	31	604
CORRELATION	548	240	8176	12334
SQUARE	70400	269
FOLD	637	700	700	269850	269850	0	723847
RAIL	53	75	31	605
CORRELATION	549	240	8176	12334
SQUARE	70528	269
FOLD	638	701	701	270234	270234	0	725583
RAIL	53	76	31	606
CORRELATION	550	242	8176	12334
SQUARE	70656	269
FOLD	639	702	702	270621	270621	0	728007
RAIL	14	114	31	607
CORRELATION	551	244	8176	12334
SQUARE	70784	269
FOLD	640	703	703	271005	271005	0	729748
RAIL	14	115	31	608
CORRELATION	552	245	8176	12334
SQUARE	70912	269
FOLD	641	704	704	271392	271392	0	732052
RAIL	52	76	31	609
CORRELATION	553	247	8176	12334
SQUARE	71040	269
FOLD	642	705	705	271776	271776	0	733649
RAIL	52	77	31	610
CORRELATION	554	248	8176	12334
SQUARE	71168	269
FOLD	643	706	706	272163	272163	0	734647
RAIL	15	113	31	611
CORRELATION	555	248	8176	12334
SQUARE	71296	269
FOLD	644	707	707	272547	272547	0	735659
RAIL	15	114	31	612
CORRELATION	556	248	8176	12334
SQUARE	71424	269
FOLD	645	708	708	272934	272934	0	737305
RAIL	51	77	31	613
CORRELATION	557	251	8176	12334
SQUARE	71552	269
FOLD	646	709	709	273318	273318	0	738331
RAIL	51	78	31	614
CORRELATION	558	251	8176	12334
SQUARE	71680	269
FOLD	647	710	710	273705	273705	0	740495
RAIL	16	112	31	615
CORRELATION	559	254	8176	12334
SQUARE	71808	269
FOLD	648	711	711	274089	274089	0	741477
RAIL	16	113	31	616
CORRELATION	560	254	8176	12334
SQUARE	71936	269
FOLD	649	712	712	274476	274476	0	742492
RAIL	50	78	31	617
CORRELATION	561	254	8176	12334
SQUARE	72064	269
FOLD	650	713	713	274860	274860	0	743461
RAIL	50	79	31	618
CORRELATION	562	254	8176	12334
SQUARE	72192	269
FOLD	651	714	714	275247	275247	0	744525
RAIL	17	111	31	619
CORRELATION	563	254	8176	12334
SQUARE	72320	269
FOLD	652	715	715	275631	275631	0	745565
RAIL	17	112	31	620
CORRELATION	564	254	8176	12334
SQUARE	72448	269
FOLD	653	716	716	276018	276018	0	746556
RAIL	49	79	31	621
CORRELATION	565	254	8176	12334
SQUARE	72576	269
FOLD	654	717	717	276402	276402	0	748282
RAIL	49	80	31	622
CORRELATION	566	256	8176	12334
SQUARE	72704	269
FOLD	655	718	718	276789	276789	0	750482
RAIL	18	110	31	623
CORRELATION	567	258	8176	12334
SQUARE	72832	269
FOLD	656	719	719	277173	277173	0	751792
RAIL	18	111	31	624
CORRELATION	568	258	8176	12334
SQUARE	72960	269
FOLD	657	720	720	277560	277560	0	752871
RAIL	48	80	31	625
CORRELATION	569	260	8176	12334
SQUARE	73088	269
FOLD	658	721	721	277944	277944	0	754513
RAIL	48	81	31	626
CORRELATION	570	262	8176	12334
SQUARE	73216	269
FOLD	659	722	722	278331	278331	0	755411
RAIL	19	109	31	627
CORRELATION	571	262	8176	12334
SQUARE	73344	269
FOLD	660	723	723	278715	278715	0	758058
RAIL	19	110	31	628
CORRELATION	572	264	8176	12334
SQUARE	73472	269
FOLD	661	724	724	279102	279102	0	759388
RAIL	47	81	31	629
CORRELATION	573	266	8176	12334
SQUARE	73600	269
FOLD	662	725	725	279486	279486	0	760300
RAIL	47	82	31	630
CORRELATION	574	266	8176	12334
SQUARE	73728	269
FOLD	663	726	726	279873	279873	0	763395
RAIL	20	108	31	631
CORRELATION	575	268	8176	12334
SQUARE	73856	269
FOLD	664	727	727	280257	280257	0	766288
RAIL	20	109	31	632
CORRELATION	576	270	8176	12334
SQUARE	73984	269
FOLD	665	728	728	280644	280644	0	767204
RAIL	46	82	31	633
CORRELATION	577	270	8176	12334
SQUARE	74112	269
FOLD	666	729	729	281028	281028	0	768105
RAIL	46	83	31	634
CORRELATION	578	270	8176	12334
SQUARE	74240	269
FOLD	667	730	730	281415	281415	0	770851
RAIL	21	107	31	635
CORRELATION	579	272	8176	12334
SQUARE	74368	269
FOLD	668	731	731	281799	281799	0	773018
RAIL	21	108	31	636
CORRELATION	580	274	8176	12334
SQUARE	74496	269
FOLD	669	732	732	282186	282186	0	773923
RAIL	45	83	31	637
CORRELATION	581	274	8176	12334
SQUARE	74624	269
FOLD	670	733	733	282570	282570	0	777398
RAIL	45	84	31	638
CORRELATION	582	276	8176	12334
SQUARE	74752	269
FOLD	671	734	734	282957	282957	0	779788
RAIL	22	106	31	639
CORRELATION	583	278	8176	12334
SQUARE	74880	269
FOLD	672	735	735	283341	283341	0	780795
RAIL	22	107	31	640
CORRELATION	584	278	8176	12334
SQUARE	75008	269
FOLD	673	736	736	283728	283728	0	781631
RAIL	44	84	31	641
CORRELATION	585	278	8176	12334
SQUARE	75136	269
FOLD	674	737	737	284112	284112	0	784181
RAIL	44	85	31	642
CORRELATION	586	280	8176	12334
SQUARE	75264	269
FOLD	675	738	738	284499	284499	0	785507
RAIL	23	105	31	643
CORRELATION	587	280	8176	12334
SQUARE	75392	269
FOLD	676	739	739	284883	284883	0	788820
RAIL	23	106	31	644
CORRELATION	588	283	8176	12334
SQUARE	75520	269
FOLD	677	740	740	285270	285270	0	789780
RAIL	43	85	31	645
CORRELATION	589	283	8176	12334
SQUARE	75648	269
FOLD	678	741	741	285654	285654	0	791644
RAIL	43	86	31	646
CORRELATION	590	284	8176	12334
SQUARE	75776	269
FOLD	679	742	742	286041	286041	0	794471
RAIL	24	104	31	647
CORRELATION	591	286	8176	12334
SQUARE	75904	269
FOLD	680	743	743	286425	286425	0	797120
RAIL	24	105	31	648
CORRELATION	592	288	8176	12334
SQUARE	76032	269
FOLD	681	744	744	286812	286812	0	797983
RAIL	42	86	31	649
CORRELATION	593	288	8176	12334
SQUARE	76160	269
FOLD	682	745	745	287196	287196	0	799579
RAIL	42	87	31	650
CORRELATION	594	288	8176	12334
SQUARE	76288	269
FOLD	683	746	746	287583	287583	0	801375
RAIL	25	103	31	651
CORRELATION	595	288	8176	12334
SQUARE	76416	269
FOLD	684	747	747	287967	287967	0	802987
RAIL	25	104	31	652
CORRELATION	596	288	8176	12334
SQUARE	76544	269
FOLD	685	748	748	288354	288354	0	804616
RAIL	41	87	31	653
CORRELATION	597	288	8176	12334
SQUARE	76672	272
FOLD	686	749	749	288738	288738	0	805658
RAIL	41	88	31	654
CORRELATION	598	288	8176	12334
SQUARE	76800	272
FOLD	687	750	750	289125	289125	0	806580
RAIL	26	102	31	655
CORRELATION	599	288	8176	12334
SQUARE	76928	272
FOLD	688	751	751	289509	289509	0	807534
RAIL	26	103	31	656
CORRELATION	600	288	8176	12334
SQUARE	77056	272
FOLD	689	752	752	289896	289896	0	809339
RAIL	40	88	31	657
CORRELATION	601	290	8176	12334
SQUARE	77184	272
FOLD	690	753	753	290280	290280	0	811030
RAIL	40	89	31	658
CORRELATION	602	292	8176	12334
SQUARE	77312	272
FOLD	691	754	754	290667	290667	0	812015
RAIL	27	101	31	659
CORRELATION	603	292	8176	12334
SQUARE	77440	272
FOLD	692	755	755	291051	291051	0	813605
RAIL	27	102	31	660
CORRELATION	604	294	8176	12334
SQUARE	77568	272
FOLD	693	756	756	291438	291438	0	815203
RAIL	39	89	31	661
CORRELATION	605	296	8176	12334
SQUARE	77696	272
FOLD	694	757	757	291822	291822	0	816088
RAIL	39	90	31	662
CORRELATION	606	296	8176	12334
SQUARE	77824	272
FOLD	695	758	758	292209	292209	0	817185
RAIL	28	100	31	663
CORRELATION	607	296	8176	12334
SQUARE	77952	272
FOLD	696	759	759	292593	292593	0	818698
RAIL	28	101	31	664
CORRELATION	608	298	8176	12334
SQUARE	78080	272
FOLD	697	760	760	292980	292980	0	820603
RAIL	38	90	31	665
CORRELATION	609	300	8176	12334
SQUARE	78208	272
FOLD	698	761	761	293364	293364	0	822509
RAIL	38	91	31	666
CORRELATION	610	302	8176	12334
SQUARE	78336	272
FOLD	699	762	762	293751	293751	0	823404
RAIL	29	99	31	667
CORRELATION	611	302	8176	12334
SQUARE	78464	272
FOLD	700	763	763	294135	294135	0	824865
RAIL	29	100	31	668
CORRELATION	612	303	8176	12334
SQUARE	78592	272
FOLD	701	764	764	294522	294522	0	825789
RAIL	37	91	31	669
CORRELATION	613	303	8176	12334
SQUARE	78720	272
FOLD	702	765	765	294906	294906	0	827092
RAIL	37	92	31	670
CORRELATION	614	304	8176	12334
SQUARE	78848	272
FOLD	703	766	766	295293	295293	0	828518
RAIL	30	98	31	671
CORRELATION	615	306	8176	12334
SQUARE	78976	272
FOLD	704	767	767	295677	295677	0	829492
RAIL	30	99	31	672
CORRELATION	616	306	8176	12334
SQUARE	79104	272
FOLD	705	768	768	296064	296064	0	831872
RAIL	36	92	31	673
CORRELATION	617	308	8176	12334
SQUARE	79232	272
FOLD	706	769	769	296448	296448	0	832860
RAIL	36	93	31	674
CORRELATION	618	308	8176	12334
SQUARE	79360	272
FOLD	707	770	770	296835	296835	0	834800
RAIL	31	97	31	675
CORRELATION	619	311	8176	12334
SQUARE	79488	272
FOLD	708	771	771	297219	297219	0	835651
RAIL	31	98	31	676
CORRELATION	620	311	8176	12334
SQUARE	79616	272
FOLD	709	772	772	297606	297606	0	836734
RAIL	35	93	31	677
CORRELATION	621	311	8176	12334
SQUARE	79744	272
FOLD	710	773	773	297990	297990	0	838154
RAIL	35	94	31	678
CORRELATION	622	312	8176	12334
SQUARE	79872	272
FOLD	711	774	774	298377	298377	0	839031
RAIL	32	96	31	679
CORRELATION	623	312	8176	12334
SQUARE	80000	272
FOLD	712	775	775	298761	298761	0	840382
RAIL	32	97	31	680
CORRELATION	624	313	8176	12334
SQUARE	80128	272
FOLD	713	776	776	299148	299148	0	841736
RAIL	34	94	31	681
CORRELATION	625	315	8176	12334
SQUARE	80256	272
FOLD	714	777	777	299532	299532	0	843083
RAIL	34	95	31	682
CORRELATION	626	316	8176	12334
SQUARE	80384	272
FOLD	715	778	778	299919	299919	0	844844
RAIL	33	95	31	683
CORRELATION	627	318	8176	12334
SQUARE	80512	272
FOLD	716	779	779	300303	300303	0	845852
RAIL	33	96	31	684
CORRELATION	628	318	8176	12334
SQUARE	80640	272
FOLD	717	780	780	300690	300690	0	848086
RAIL	64	64	31	685
CORRELATION	631	320	8176	12334
SQUARE	81024	272
FOLD	718	781	781	301074	301074	0	849818
RAIL	64	65	31	686
CORRELATION	632	322	8176	12334
SQUARE	81152	272
FOLD	719	782	782	301461	301461	0	852645
RAIL	63	65	31	687
CORRELATION	635	326	8176	12334
SQUARE	81536	272
FOLD	720	783	783	301845	301845	0	853631
RAIL	63	66	31	688
CORRELATION	636	326	8176	12334
SQUARE	81664	272
FOLD	721	784	784	302232	302232	0	856040
RAIL	62	66	31	689
CORRELATION	639	327	8176	12334
SQUARE	82048	272
FOLD	722	785	785	302616	302616	0	856949
RAIL	62	67	31	690
CORRELATION	640	327	8176	12334
SQUARE	82176	272
FOLD	723	786	786	303003	303003	0	860256
RAIL	61	67	31	691
CORRELATION	643	330	8176	12334
SQUARE	82560	272
FOLD	724	787	787	303387	303387	0	861452
RAIL	61	68	31	692
CORRELATION	644	331	8176	12334
SQUARE	82688	272
FOLD	725	788	788	303774	303774	0	873316
RAIL	60	68	31	693
CORRELATION	647	335	8176	12334
SQUARE	83072	272
FOLD	726	789	789	304158	304158	0	874296
RAIL	60	69	31	694
CORRELATION	648	335	8176	12334
SQUARE	83200	272
FOLD	727	790	790	304545	304545	0	875351
RAIL	7	121	31	695
CORRELATION	649	335	8176	12334
SQUARE	83328	272
FOLD	736	791	791	304929	304929	0	886228
RAIL	9	120	35	700
CORRELATION	658	346	8176	12334
SQUARE	84480	272
FOLD	737	792	792	305316	305316	0	890023
RAIL	57	71	35	701
CORRELATION	659	348	8176	12334
SQUARE	84608	272
FOLD	738	793	793	305700	305700	0	891956
RAIL	57	72	35	702
CORRELATION	660	348	8176	12334
SQUARE	84736	272
FOLD	739	794	794	306087	306087	0	893081
RAIL	10	118	35	703
CORRELATION	661	348	8176	12334
SQUARE	84864	272
FOLD	748	795	795	306471	306471	0	902822
RAIL	12	117	39	708
CORRELATION	670	357	8176	12334
SQUARE	86016	272
FOLD	749	796	796	306858	306858	0	904182
RAIL	54	74	39	709
CORRELATION	671	359	8176	12334
SQUARE	86144	272
FOLD	750	797	797	307242	307242	0	905218
RAIL	54	75	39	710
CORRELATION	672	359	8176	12334
SQUARE	86272	272
FOLD	751	798	798	307629	307629	0	906665
RAIL	13	115	39	711
CORRELATION	673	361	8176	12334
SQUARE	86400	272
FOLD	752	799	799	308013	308013	0	908167
RAIL	13	116	39	712
CORRELATION	674	363	8176	12334
SQUARE	86528	272
FOLD	753	800	800	308400	308400	0	909189
RAIL	53	75	39	713
CORRELATION	675	363	8176	12334
SQUARE	86656	272
FOLD	754	801	801	308784	308784	0	910999
RAIL	53	76	39	714
CORRELATION	676	365	8176	12334
SQUARE	86784	272
FOLD	755	802	802	309171	309171	0	912005
RAIL	14	114	39	715
CORRELATION	677	365	8176	12334
SQUARE	86912	272
FOLD	756	803	803	309555	309555	0	913624
RAIL	14	115	39	716
CORRELATION	678	367	8176	12334
SQUARE	87040	272
FOLD	757	804	804	309942	309942	0	915057
RAIL	52	76	39	717
CORRELATION	679	369	8176	12334
SQUARE	87168	272
FOLD	758	805	805	310326	310326	0	916071
RAIL	52	77	39	718
CORRELATION	680	369	8176	12334
SQUARE	87296	272
FOLD	759	806	806	310713	310713	0	917078
RAIL	15	113	39	719
CORRELATION	681	369	8176	12334
SQUARE	87424	272
FOLD	760	807	807	311097	311097	0	918107
RAIL	15	114	39	720
CORRELATION	682	369	8176	12334
SQUARE	87552	272
FOLD	761	808	808	311484	311484	0	919021
RAIL	51	77	39	721
CORRELATION	683	369	8176	12334
SQUARE	87680	272
FOLD	762	809	809	311868	311868	0	920929
RAIL	51	78	39	722
CORRELATION	684	371	8176	12334
SQUARE	87808	272
FOLD	763	810	810	312255	312255	0	923371
RAIL	16	112	39	723
CORRELATION	685	374	8176	12334
SQUARE	87936	272
FOLD	764	811	811	312639	312639	0	924357
RAIL	16	113	39	724
CORRELATION	686	374	8176	12334
SQUARE	88064	272
FOLD	765	812	812	313026	313026	0	925517
RAIL	50	78	39	725
CORRELATION	687	375	8176	12334
SQUARE	88192	272
FOLD	766	813	813	313410	313410	0	926567
RAIL	50	79	39	726
CORRELATION	688	375	8176	12334
SQUARE	88320	272
FOLD	767	814	814	313797	313797	0	928316
RAIL	17	111	39	727
CORRELATION	689	377	8176	12334
SQUARE	88448	272
FOLD	768	815	815	314181	314181	0	930260
RAIL	17	112	39	728
CORRELATION	690	379	8176	12334
SQUARE	88576	272
FOLD	769	816	816	314568	314568	0	931254
RAIL	49	79	39	729
CORRELATION	691	379	8176	12334
SQUARE	88704	272
FOLD	770	817	817	314952	314952	0	932236
RAIL	49	80	39	730
CORRELATION	692	379	8176	12334
SQUARE	88832	272
FOLD	771	818	818	315339	315339	0	933298
RAIL	18	110	39	731
CORRELATION	693	379	8176	12334
SQUARE	88960	272
FOLD	772	819	819	315723	315723	0	934984
RAIL	18	111	39	732
CORRELATION	694	381	8176	12334
SQUARE	89088	272
FOLD	773	820	820	316110	316110	0	936486
RAIL	48	80	39	733
CORRELATION	695	382	8176	12334
SQUARE	89216	272
FOLD	774	821	821	316494	316494	0	938199
RAIL	48	81	39	734
CORRELATION	696	384	8176	12334
SQUARE	89344	272
FOLD	775	822	822	316881	316881	0	939192
RAIL	19	109	39	735
CORRELATION	697	384	8176	12334
SQUARE	89472	272
FOLD	776	823	823	317265	317265	0	941169
RAIL	19	110	39	736
CORRELATION	698	386	8176	12334
SQUARE	89600	272
FOLD	777	824	824	317652	317652	0	944785
RAIL	47	81	39	737
CORRELATION	699	389	8176	12334
SQUARE	89728	272
FOLD	778	825	825	318036	318036	0	945841
RAIL	47	82	39	738
CORRELATION	700	389	8176	12334
SQUARE	89856	272
FOLD	779	826	826	318423	318423	0	946731
RAIL	20	108	39	739
CORRELATION	701	389	8176	12334
SQUARE	89984	272
FOLD	780	827	827	318807	318807	0	947618
RAIL	20	109	39	740
CORRELATION	702	389	8176	12334
SQUARE	90112	272
FOLD	781	828	828	319194	319194	0	948512
RAIL	46	82	39	741
CORRELATION	703	389	8176	12334
SQUARE	90240	272
FOLD	782	829	829	319578	319578	0	950340
RAIL	46	83	39	742
CORRELATION	704	389	8176	12334
SQUARE	90368	272
FOLD	783	830	830	319965	319965	0	951375
RAIL	21	107	39	743
CORRELATION	705	389	8176	12334
SQUARE	90496	272
FOLD	784	831	831	320349	320349	0	953501
RAIL	21	108	39	744
CORRELATION	706	391	8176	12334
SQUARE	90624	272
FOLD	785	832	832	320736	320736	0	955438
RAIL	45	83	39	745
CORRELATION	707	393	8176	12334
SQUARE	90752	272
FOLD	786	833	833	321120	321120	0	956874
RAIL	45	84	39	746
CORRELATION	708	394	8176	12334
SQUARE	90880	272
FOLD	787	834	834	321507	321507	0	958742
RAIL	22	106	39	747
CORRELATION	709	396	8176	12334
SQUARE	91008	272
FOLD	788	835	835	321891	321891	0	959779
RAIL	22	107	39	748
CORRELATION	710	396	8176	12334
SQUARE	91136	272
FOLD	789	836	836	322278	322278	0	960842
RAIL	44	84	39	749
CORRELATION	711	396	8176	12334
SQUARE	91264	272
FOLD	790	837	837	322662	322662	0	961946
RAIL	44	85	39	750
CORRELATION	712	396	8176	12334
SQUARE	91392	272
FOLD	791	838	838	323049	323049	0	963855
RAIL	23	105	39	751
CORRELATION	713	400	8176	12334
SQUARE	91520	272
FOLD	792	839	839	323433	323433	0	965037
RAIL	23	106	39	752
CORRELATION	714	400	8176	12334
SQUARE	91648	272
FOLD	793	840	840	323820	323820	0	967280
RAIL	43	85	39	753
CORRELATION	715	403	8176	12334
SQUARE	91776	272
FOLD	794	841	841	324204	324204	0	968305
RAIL	43	86	39	754
CORRELATION	716	403	8176	12334
SQUARE	91904	272
FOLD	795	842	842	324591	324591	0	969317
RAIL	24	104	39	755
CORRELATION	717	403	8176	12334
SQUARE	92032	272
FOLD	796	843	843	324975	324975	0	970410
RAIL	24	105	39	756
CORRELATION	718	403	8176	12334
SQUARE	92160	272
FOLD	797	844	844	325362	325362	0	971733
RAIL	42	86	39	757
CORRELATION	719	405	8176	12334
SQUARE	92288	272
FOLD	798	845	845	325746	325746	0	973171
RAIL	42	87	39	758
CORRELATION	720	407	8176	12334
SQUARE	92416	272
FOLD	799	846	846	326133	326133	0	974212
RAIL	25	103	39	759
CORRELATION	721	407	8176	12334
SQUARE	92544	272
FOLD	800	847	847	326517	326517	0	975746
RAIL	25	104	39	760
CORRELATION	722	409	8176	12334
SQUARE	92672	272
FOLD	801	848	848	326904	326904	0	977415
RAIL	41	87	39	761
CORRELATION	723	411	8176	12334
SQUARE	92800	272
FOLD	802	849	849	327288	327288	0	978430
RAIL	41	88	39	762
CORRELATION	724	411	8176	12334
SQUARE	92928	272
FOLD	803	850	850	327675	327675	0	980865
RAIL	26	102	39	763
CORRELATION	725	414	8176	12334
SQUARE	93056	272
FOLD	804	851	851	328059	328059	0	981841
RAIL	26	103	39	764
CORRELATION	726	414	8176	12334
SQUARE	93184	272
FOLD	805	852	852	328446	328446	0	982741
RAIL	40	88	39	765
CORRELATION	727	414	8176	12334
SQUARE	93312	272
FOLD	806	853	853	328830	328830	0	983581
RAIL	40	89	39	766
CORRELATION	728	414	8176	12334
SQUARE	93440	272
FOLD	807	854	854	329217	329217	0	985492
RAIL	27	101	39	767
CORRELATION	729	414	8176	12334
SQUARE	93568	272
FOLD	808	855	855	329601	329601	0	988212
RAIL	27	102	39	768
CORRELATION	730	416	8176	12334
SQUARE	93696	272
FOLD	809	856	856	329988	329988	0	990758
RAIL	39	89	39	769
CORRELATION	731	418	8176	12334
SQUARE	93824	272
FOLD	810	857	857	330372	330372	0	992601
RAIL	39	90	39	770
CORRELATION	732	418	8176	12334
SQUARE	93952	272
FOLD	811	858	858	330759	330759	0	995640
RAIL	28	100	39	771
CORRELATION	733	420	8176	12334
SQUARE	94080	272
FOLD	812	859	859	331143	331143	0	998661
RAIL	28	101	39	772
CORRELATION	734	422	8176	12334
SQUARE	94208	272
FOLD	813	860	860	331530	331530	0	1000572
RAIL	38	90	39	773
CORRELATION	735	422	8176	12334
SQUARE	94336	272
FOLD	814	861	861	331914	331914	0	1003139
RAIL	38	91	39	774
CORRELATION	736	424	8176	12334
SQUARE	94464	272
FOLD	815	862	862	332301	332301	0	1006325
RAIL	29	99	39	775
CORRELATION	737	426	8176	12334
SQUARE	94592	272
FOLD	816	863	863	332685	332685	0	1008224
RAIL	29	100	39	776
CORRELATION	738	426	8176	12334
SQUARE	94720	272
FOLD	817	864	864	333072	333072	0	1010135
RAIL	37	91	39	777
CORRELATION	739	426	8176	12334
SQUARE	94848	272
FOLD	818	865	865	333456	333456	0	1012007
RAIL	37	92	39	778
CORRELATION	740	426	8176	12334
SQUARE	94976	272
FOLD	819	866	866	333843	333843	0	1013944
RAIL	30	98	39	779
CORRELATION	741	426	8176	12334
SQUARE	95104	272
FOLD	820	867	867	334227	334227	0	1016592
RAIL	30	99	39	780
CORRELATION	742	428	8176	12334
SQUARE	95232	272
FOLD	821	868	868	334614	334614	0	1019820
RAIL	36	92	39	781
CORRELATION	743	430	8176	12334
SQUARE	95360	272
FOLD	822	869	869	334998	334998	0	1021912
RAIL	36	93	39	782
CORRELATION	744	430	8176	12334
SQUARE	95488	272
FOLD	823	870	870	335385	335385	0	1024651
RAIL	31	97	39	783
CORRELATION	745	433	8176	12334
SQUARE	95616	272
FOLD	824	871	871	335769	335769	0	1026697
RAIL	31	98	39	784
CORRELATION	746	433	8176	12334
SQUARE	95744	272
FOLD	825	872	872	336156	336156	0	1029974
RAIL	35	93	39	785
CORRELATION	747	435	8176	12334
SQUARE	95872	272
FOLD	826	873	873	336540	336540	0	1033486
RAIL	35	94	39	786
CORRELATION	748	437	8176	12334
SQUARE	96000	272
FOLD	827	874	874	336927	336927	0	1035525
RAIL	32	96	39	787
CORRELATION	749	437	8176	12334
SQUARE	96128	272
FOLD	828	875	875	337311	337311	0	1037593
RAIL	32	97	39	788
CORRELATION	750	437	8176	12334
SQUARE	96256	272
FOLD	829	876	876	337698	337698	0	1040205
RAIL	34	94	39	789
CORRELATION	751	439	8176	12334
SQUARE	96384	272
FOLD	830	877	877	338082	338082	0	1043375
RAIL	34	95	39	790
CORRELATION	752	441	8176	12334
SQUARE	96512	272
FOLD	831	878	878	338469	338469	0	1046942
RAIL	33	95	39	791
CORRELATION	753	443	8176	12334
SQUARE	96640	272
FOLD	832	879	879	338853	338853	0	1049001
RAIL	33	96	39	792
CORRELATION	754	443	8176	12334
SQUARE	96768	272
FOLD	833	880	880	339240	339240	0	1054062
RAIL	64	64	39	793
CORRELATION	757	443	8176	12334
SQUARE	97152	272
FOLD	834	881	881	339624	339624	0	1056117
RAIL	64	65	39	794
CORRELATION	758	443	8176	12334
SQUARE	97280	272
FOLD	835	882	882	340011	340011	0	1062435
RAIL	63	65	39	795
CORRELATION	761	449	8176	12334
SQUARE	97664	272
FOLD	836	883	883	340395	340395	0	1064371
RAIL	63	66	39	796
CORRELATION	762	449	8176	12334
SQUARE	97792	272
FOLD	837	884	884	340782	340782	0	1069906
RAIL	62	66	39	797
CORRELATION	765	453	8176	12334
SQUARE	98176	272
FOLD	838	885	885	341166	341166	0	1074329
RAIL	62	67	39	798
CORRELATION	766	453	8176	12334
SQUARE	98304	272
FOLD	839	886	886	341553	341553	0	1081639
RAIL	61	67	39	799
CORRELATION	769	458	8176	12334
SQUARE	98688	272
FOLD	840	887	887	341937	341937	0	1083504
RAIL	61	68	39	800
CORRELATION	770	458	8176	12334
SQUARE	98816	272
FOLD	841	888	888	342324	342324	0	1090738
RAIL	60	68	39	801
CORRELATION	773	462	8176	12334
SQUARE	99200	272
FOLD	842	889	889	342708	342708	0	1092645
RAIL	60	69	39	802
CORRELATION	774	462	8176	12334
SQUARE	99328	272
FOLD	843	890	890	343095	343095	0	1100176
RAIL	59	69	39	803
CORRELATION	777	466	8176	12334
SQUARE	99712	272
FOLD	844	891	891	343479	343479	0	1103317
RAIL	59	70	39	804
CORRELATION	778	468	8176	12334
SQUARE	99840	272
FOLD	845	892	892	343866	343866	0	1105221
RAIL	8	120	39	805
CORRELATION	779	468	8176	12334
SQUARE	99968	272
FOLD	854	893	893	344250	344250	0	1123251
RAIL	10	119	43	810
CORRELATION	788	474	8176	12334
SQUARE	101120	272
FOLD	855	894	894	344637	344637	0	1125127
RAIL	56	72	43	811
CORRELATION	789	474	8176	12334
SQUARE	101248	272
FOLD	856	895	895	345021	345021	0	1127191
RAIL	56	73	43	812
CORRELATION	790	474	8176	12334
SQUARE	101376	272
FOLD	857	896	896	345408	345408	0	1129785
RAIL	11	117	43	813
CORRELATION	791	476	8176	12334
SQUARE	101504	272
FOLD	866	897	897	345792	345792	0	1147289
RAIL	13	116	47	818
CORRELATION	800	486	8176	12334
SQUARE	102656	272
FOLD	867	898	898	346179	346179	0	1149628
RAIL	53	75	47	819
CORRELATION	801	488	8176	12334
SQUARE	102784	272
FOLD	868	899	899	346563	346563	0	1151979
RAIL	53	76	47	820
CORRELATION	802	490	8176	12334
SQUARE	102912	272
FOLD	869	900	900	346950	346950	0	1153649
RAIL	14	114	47	821
CORRELATION	803	490	8176	12334
SQUARE	103040	272
FOLD	870	901	901	347334	347334	0	1155378
RAIL	14	115	47	822
CORRELATION	804	490	8176	12334
SQUARE	103168	272
FOLD	871	902	902	347721	347721	0	1157141
RAIL	52	76	47	823
CORRELATION	805	490	8176	12334
SQUARE	103296	272
FOLD	872	903	903	348105	348105	0	1159374
RAIL	52	77	47	824
CORRELATION	806	492	8176	12334
SQUARE	103424	272
FOLD	873	904	904	348492	348492	0	1161963
RAIL	15	113	47	825
CORRELATION	807	494	8176	12334
SQUARE	103552	272
FOLD	874	905	905	348876	348876	0	1163673
RAIL	15	114	47	826
CORRELATION	808	494	8176	12334
SQUARE	103680	272
FOLD	875	906	906	349263	349263	0	1166335
RAIL	51	77	47	827
CORRELATION	809	496	8176	12334
SQUARE	103808	272
FOLD	876	907	907	349647	349647	0	1169089
RAIL	51	78	47	828
CORRELATION	810	498	8176	12334
SQUARE	103936	272
FOLD	877	908	908	350034	350034	0	1170840
RAIL	16	112	47	829
CORRELATION	811	498	8176	12334
SQUARE	104064	272
FOLD	878	909	909	350418	350418	0	1172701
RAIL	16	113	47	830
CORRELATION	812	498	8176	12334
SQUARE	104192	272
FOLD	879	910	910	350805	350805	0	1174957
RAIL	50	78	47	831
CORRELATION	813	500	8176	12334
SQUARE	104320	272
FOLD	880	911	911	351189	351189	0	1177314
RAIL	50	79	47	832
CORRELATION	814	502	8176	12334
SQUARE	104448	272
FOLD	881	912	912	351576	351576	0	1179852
RAIL	17	111	47	833
CORRELATION	815	502	8176	12334
SQUARE	104576	272
FOLD	882	913	913	351960	351960	0	1182258
RAIL	17	112	47	834
CORRELATION	816	504	8176	12334
SQUARE	104704	272
FOLD	883	914	914	352347	352347	0	1184778
RAIL	49	79	47	835
CORRELATION	817	506	8176	12334
SQUARE	104832	272
FOLD	884	915	915	352731	352731	0	1186606
RAIL	49	80	47	836
CORRELATION	818	506	8176	12334
SQUARE	104960	272
FOLD	885	916	916	353118	353118	0	1188311
RAIL	18	110	47	837
CORRELATION	819	506	8176	12334
SQUARE	105088	272
FOLD	886	917	917	353502	353502	0	1190125
RAIL	18	111	47	838
CORRELATION	820	506	8176	12334
SQUARE	105216	272
FOLD	887	918	918	353889	353889	0	1192018
RAIL	48	80	47	839
CORRELATION	821	506	8176	12334
SQUARE	105344	272
FOLD	888	919	919	354273	354273	0	1194738
RAIL	48	81	47	840
CORRELATION	822	508	8176	12334
SQUARE	105472	272
FOLD	889	920	920	354660	354660	0	1197178
RAIL	19	109	47	841
CORRELATION	823	510	8176	12334
SQUARE	105600	272
FOLD	890	921	921	355044	355044	0	1199270
RAIL	19	110	47	842
CORRELATION	824	510	8176	12334
SQUARE	105728	272
FOLD	891	922	922	355431	355431	0	1201828
RAIL	47	81	47	843
CORRELATION	825	512	8176	12334
SQUARE	105856	272
FOLD	892	923	923	355815	355815	0	1203351
RAIL	47	82	47	844
CORRELATION	826	514	8176	12334
SQUARE	105984	272
FOLD	893	924	924	356202	356202	0	1204368
RAIL	20	108	47	845
CORRELATION	827	514	8176	12334
SQUARE	106112	272
FOLD	894	925	925	356586	356586	0	1205678
RAIL	20	109	47	846
CORRELATION	828	514	8176	12334
SQUARE	106240	272
FOLD	895	926	926	356973	356973	0	1207619
RAIL	46	82	47	847
CORRELATION	829	516	8176	12334
SQUARE	106368	272
FOLD	896	927	927	357357	357357	0	1209896
RAIL	46	83	47	848
CORRELATION	830	518	8176	12334
SQUARE	106496	272
FOLD	897	928	928	357744	357744	0	1211798
RAIL	21	107	47	849
CORRELATION	831	518	8176	12334
SQUARE	106624	272
FOLD	898	929	929	358128	358128	0	1214025
RAIL	21	108	47	850
CORRELATION	832	520	8176	12334
SQUARE	106752	272
FOLD	899	930	930	358515	358515	0	1215128
RAIL	45	83	47	851
CORRELATION	833	521	8176	12334
SQUARE	106880	272
FOLD	900	931	931	358899	358899	0	1217024
RAIL	45	84	47	852
CORRELATION	834	523	8176	12334
SQUARE	107008	272
FOLD	901	932	932	359286	359286	0	1217994
RAIL	22	106	47	853
CORRELATION	835	523	8176	12334
SQUARE	107136	272
FOLD	902	933	933	359670	359670	0	1219014
RAIL	22	107	47	854
CORRELATION	836	523	8176	12334
SQUARE	107264	272
FOLD	903	934	934	360057	360057	0	1220004
RAIL	44	84	47	855
CORRELATION	837	523	8176	12334
SQUARE	107392	272
FOLD	904	935	935	360441	360441	0	1221746
RAIL	44	85	47	856
CORRELATION	838	525	8176	12334
SQUARE	107520	272
FOLD	905	936	936	360828	360828	0	1223202
RAIL	23	105	47	857
CORRELATION	839	527	8176	12334
SQUARE	107648	272
FOLD	906	937	937	361212	361212	0	1224196
RAIL	23	106	47	858
CORRELATION	840	527	8176	12334
SQUARE	107776	272
FOLD	907	938	938	361599	361599	0	1225648
RAIL	43	85	47	859
CORRELATION	841	529	8176	12334
SQUARE	107904	272
FOLD	908	939	939	361983	361983	0	1227055
RAIL	43	86	47	860
CORRELATION	842	531	8176	12334
SQUARE	108032	272
FOLD	909	940	940	362370	362370	0	1227931
RAIL	24	104	47	861
CORRELATION	843	531	8176	12334
SQUARE	108160	272
FOLD	910	941	941	362754	362754	0	1228974
RAIL	24	105	47	862
CORRELATION	844	531	8176	12334
SQUARE	108288	272
FOLD	911	942	942	363141	363141	0	1231777
RAIL	42	86	47	863
CORRELATION	845	533	8176	12334
SQUARE	108416	272
FOLD	912	943	943	363525	363525	0	1233753
RAIL	42	87	47	864
CORRELATION	846	535	8176	12334
SQUARE	108544	272
FOLD	913	944	944	363912	363912	0	1234994
RAIL	25	103	47	865
CORRELATION	847	535	8176	12334
SQUARE	108672	272
FOLD	914	945	945	364296	364296	0	1236630
RAIL	25	104	47	866
CORRELATION	848	537	8176	12334
SQUARE	108800	272
FOLD	915	946	946	364683	364683	0	1238228
RAIL	41	87	47	867
CORRELATION	849	539	8176	12334
SQUARE	108928	272
FOLD	916	947	947	365067	365067	0	1239160
RAIL	41	88	47	868
CORRELATION	850	539	8176	12334
SQUARE	109056	272
FOLD	917	948	948	365454	365454	0	1240095
RAIL	26	102	47	869
CORRELATION	851	539	8176	12334
SQUARE	109184	272
FOLD	918	949	949	365838	365838	0	1241060
RAIL	26	103	47	870
CORRELATION	852	539	8176	12334
SQUARE	109312	272
FOLD	919	950	950	366225	366225	0	1241978
RAIL	40	88	47	871
CORRELATION	853	539	8176	12334
SQUARE	109440	272
FOLD	920	951	951	366609	366609	0	1242870
RAIL	40	89	47	872
CORRELATION	854	539	8176	12334
SQUARE	109568	272
FOLD	921	952	952	366996	366996	0	1245458
RAIL	27	101	47	873
CORRELATION	855	541	8176	12334
SQUARE	109696	272
FOLD	922	953	953	367380	367380	0	1246595
RAIL	27	102	47	874
CORRELATION	856	543	8176	12334
SQUARE	109824	272
FOLD	923	954	954	367767	367767	0	1247614
RAIL	39	89	47	875
CORRELATION	857	544	8176	12334
SQUARE	109952	272
FOLD	924	955	955	368151	368151	0	1249190
RAIL	39	90	47	876
CORRELATION	858	546	8176	12334
SQUARE	110080	272
FOLD	925	956	956	368538	368538	0	1250170
RAIL	28	100	47	877
CORRELATION	859	546	8176	12334
SQUARE	110208	272
FOLD	926	957	957	368922	368922	0	1251046
RAIL	28	101	47	878
CORRELATION	860	546	8176	12334
SQUARE	110336	272
FOLD	927	958	958	369309	369309	0	1252154
RAIL	38	90	47	879
CORRELATION	861	548	8176	12334
SQUARE	110464	272
FOLD	928	959	959	369693	369693	0	1253063
RAIL	38	91	47	880
CORRELATION	862	548	8176	12334
SQUARE	110592	272
FOLD	929	960	960	370080	370080	0	1255091
RAIL	29	99	47	881
CORRELATION	863	550	8176	12334
SQUARE	110720	272
FOLD	930	961	961	370464	370464	0	1257109
RAIL	29	100	47	882
CORRELATION	864	552	8176	12334
SQUARE	110848	272
FOLD	931	962	962	370851	370851	0	1257965
RAIL	37	91	47	883
CORRELATION	865	552	8176	12334
SQUARE	110976	272
FOLD	932	963	963	371235	371235	0	1259139
RAIL	37	92	47	884
CORRELATION	866	552	8176	12334
SQUARE	111104	272
FOLD	933	964	964	371622	371622	0	1261410
RAIL	30	98	47	885
CORRELATION	867	554	8176	12334
SQUARE	111232	272
FOLD	934	965	965	372006	372006	0	1262942
RAIL	30	99	47	886
CORRELATION	868	556	8176	12334
SQUARE	111360	272
FOLD	935	966	966	372393	372393	0	1263805
RAIL	36	92	47	887
CORRELATION	869	556	8176	12334
SQUARE	111488	272
FOLD	936	967	967	372777	372777	0	1265412
RAIL	36	93	47	888
CORRELATION	870	558	8176	12334
SQUARE	111616	272
FOLD	937	968	968	373164	373164	0	1267043
RAIL	31	97	47	889
CORRELATION	871	560	8176	12334
SQUARE	111744	272
FOLD	938	969	969	373548	373548	0	1267878
RAIL	31	98	47	890
CORRELATION	872	560	8176	12334
SQUARE	111872	272
FOLD	939	970	970	373935	373935	0	1269210
RAIL	35	93	47	891
CORRELATION	873	560	8176	12334
SQUARE	112000	272
FOLD	940	971	971	374319	374319	0	1270115
RAIL	35	94	47	892
CORRELATION	874	560	8176	12334
SQUARE	112128	272
FOLD	941	972	972	374706	374706	0	1271376
RAIL	32	96	47	893
CORRELATION	875	562	8176	12334
SQUARE	112256	272
FOLD	942	973	973	375090	375090	0	1274688
RAIL	32	97	47	894
CORRELATION	876	564	8176	12334
SQUARE	112384	272
FOLD	943	974	974	375477	375477	0	1275595
RAIL	34	94	47	895
CORRELATION	877	564	8176	12334
SQUARE	112512	272
FOLD	944	975	975	375861	375861	0	1276878
RAIL	34	95	47	896
CORRELATION	878	566	8176	12334
SQUARE	112640	272
FOLD	945	976	976	376248	376248	0	1278365
RAIL	33	95	47	897
CORRELATION	879	568	8176	12334
SQUARE	112768	272
FOLD	946	977	977	376632	376632	0	1279342
RAIL	33	96	47	898
CORRELATION	880	568	8176	12334
SQUARE	112896	272
FOLD	947	978	978	377019	377019	0	1284867
RAIL	64	64	47	899
CORRELATION	883	572	8176	12334
SQUARE	113280	272
FOLD	948	979	979	377403	377403	0	1285896
RAIL	64	65	47	900
CORRELATION	884	572	8176	12334
SQUARE	113408	272
FOLD	949	980	980	377790	377790	0	1292268
RAIL	63	65	47	901
CORRELATION	887	576	8176	12334
SQUARE	113792	272
FOLD	950	981	981	378174	378174	0	1293377
RAIL	63	66	47	902
CORRELATION	888	576	8176	12334
SQUARE	113920	272
FOLD	951	982	982	378561	378561	0	1295485
RAIL	62	66	47	903
CORRELATION	891	576	8176	12334
SQUARE	114304	272
FOLD	952	983	983	378945	378945	0	1297458
RAIL	62	67	47	904
CORRELATION	892	578	8176	12334
SQUARE	114432	272
FOLD	953	984	984	379332	379332	0	1302839
RAIL	61	67	47	905
CORRELATION	895	583	8176	12334
SQUARE	114816	272
FOLD	954	985	985	379716	379716	0	1305251
RAIL	61	68	47	906
CORRELATION	896	583	8176	12334
SQUARE	114944	272
FOLD	955	986	986	380103	380103	0	1308816
RAIL	60	68	47	907
CORRELATION	899	586	8176	12334
SQUARE	115328	272
FOLD	956	987	987	380487	380487	0	1311205
RAIL	60	69	47	908
CORRELATION	900	588	8176	12334
SQUARE	115456	272
FOLD	957	988	988	380874	380874	0	1315138
RAIL	59	69	47	909
CORRELATION	903	591	8176	12334
SQUARE	115840	272
FOLD	958	989	989	381258	381258	0	1316316
RAIL	59	70	47	910
CORRELATION	904	591	8176	12334
SQUARE	115968	272
FOLD	959	990	990	381645	381645	0	1320935
RAIL	8	120	47	911
CORRELATION	905	593	8176	12334
SQUARE	116096	272
FOLD	960	991	991	382029	382029	0	1326588
RAIL	8	121	47	912
CORRELATION	906	595	8176	12334
SQUARE	116224	272
FOLD	961	992	992	382416	382416	0	1327803
RAIL	58	70	47	913
CORRELATION	907	595	8176	12334
SQUARE	116352	272
FOLD	962	993	993	382800	382800	0	1328928
RAIL	58	71	47	914
CORRELATION	908	595	8176	12334
SQUARE	116480	272
FOLD	963	994	994	383187	383187	0	1330994
RAIL	9	119	47	915
CORRELATION	909	597	8176	12334
SQUARE	116608	272
FOLD	972	995	995	383571	383571	0	1344118
RAIL	11	118	51	920
CORRELATION	918	606	8176	12334
SQUARE	117760	272
FOLD	973	996	996	383958	383958	0	1346832
RAIL	55	73	51	921
CORRELATION	919	608	8176	12334
SQUARE	117888	272
FOLD	974	997	997	384342	384342	0	1347886
RAIL	55	74	51	922
CORRELATION	920	608	8176	12334
SQUARE	118016	272
FOLD	975	998	998	384729	384729	0	1349029
RAIL	12	116	51	923
CORRELATION	921	608	8176	12334
SQUARE	118144	272
FOLD	984	999	999	385113	385113	0	1362300
RAIL	14	115	55	928
CORRELATION	930	618	8176	12334
SQUARE	119296	272
FOLD	985	1000	1000	385500	385500	0	1364339
RAIL	52	76	55	929
CORRELATION	931	621	8176	12334
SQUARE	119424	272
FOLD	986	1001	1001	385884	385884	0	1365312
RAIL	52	77	55	930
CORRELATION	932	621	8176	12334
SQUARE	119552	272
FOLD	987	1002	1002	386271	386271	0	1366284
RAIL	15	113	55	931
CORRELATION	933	621	8176	12334
SQUARE	119680	272
FOLD	988	1003	1003	386655	386655	0	1367306
RAIL	15	114	55	932
CORRELATION	934	621	8176	12334
SQUARE	119808	272
FOLD	989	1004	1004	387042	387042	0	1368691
RAIL	51	77	55	933
CORRELATION	935	624	8176	12334
SQUARE	119936	272
FOLD	990	1005	1005	387426	387426	0	1370644
RAIL	51	78	55	934
CORRELATION	936	626	8176	12334
SQUARE	120064	272
FOLD	991	1006	1006	387813	387813	0	1373416
RAIL	16	112	55	935
CORRELATION	937	628	8176	12334
SQUARE	120192	272
FOLD	992	1007	1007	388197	388197	0	1374344
RAIL	16	113	55	936
CORRELATION	938	628	8176	12334
SQUARE	120320	272
FOLD	993	1008	1008	388584	388584	0	1375268
RAIL	50	78	55	937
CORRELATION	939	628	8176	12334
SQUARE	120448	272
FOLD	994	1009	1009	388968	388968	0	1376265
RAIL	50	79	55	938
CORRELATION	940	628	8176	12334
SQUARE	120576	272
FOLD	995	1010	1010	389355	389355	0	1377318
RAIL	17	111	55	939
CORRELATION	941	628	8176	12334
SQUARE	120704	272
FOLD	996	1011	1011	389739	389739	0	1378207
RAIL	17	112	55	940
CORRELATION	942	628	8176	12334
SQUARE	120832	272
FOLD	997	1012	1012	390126	390126	0	1379083
RAIL	49	79	55	941
CORRELATION	943	628	8176	12334
SQUARE	120960	272
FOLD	998	1013	1013	390510	390510	0	1379930
RAIL	49	80	55	942
CORRELATION	944	628	8176	12334
SQUARE	121088	272
FOLD	999	1014	1014	390897	390897	0	1380906
RAIL	18	110	55	943
CORRELATION	945	628	8176	12334
SQUARE	121216	272
FOLD	1000	1015	1015	391281	391281	0	1381754
RAIL	18	111	55	944
CORRELATION	946	628	8176	12334
SQUARE	121344	272
FOLD	1001	1016	1016	391668	391668	0	1382667
RAIL	48	80	55	945
CORRELATION	947	628	8176	12334
SQUARE	121472	272
FOLD	1002	1017	1017	392052	392052	0	1383602
RAIL	48	81	55	946
CORRELATION	948	628	8176	12334
SQUARE	121600	272
FOLD	1003	1018	1018	392439	392439	0	1384577
RAIL	19	109	55	947
CORRELATION	949	628	8176	12334
SQUARE	121728	272
FOLD	1004	1019	1019	392823	392823	0	1385474
RAIL	19	110	55	948
CORRELATION	950	628	8176	12334
SQUARE	121856	272
FOLD	1005	1020	1020	393210	393210	0	1386395
RAIL	47	81	55	949
CORRELATION	951	628	8176	12334
SQUARE	121984	272
FOLD	1006	1021	1021	393594	393594	0	1387365
RAIL	47	82	55	950
CORRELATION	952	628	8176	12334
SQUARE	122112	272
FOLD	1007	1022	1022	393981	393981	0	1388263
RAIL	20	108	55	951
CORRELATION	953	628	8176	12334
SQUARE	122240	272
FOLD	1008	1023	1023	394365	394365	0	1389150
RAIL	20	109	55	952
CORRELATION	954	628	8176	12334
SQUARE	122368	272
FOLD	1009	1024	1024	394752	394752	0	1390319
RAIL	46	82	55	953
CORRELATION	955	630	8176	12334
SQUARE	122496	272
FOLD	1010	1025	1025	395136	395136	0	1391302
RAIL	46	83	55	954
CORRELATION	956	630	8176	12334
SQUARE	122624	272
FOLD	1011	1026	1026	395523	395523	0	1392978
RAIL	21	107	55	955
CORRELATION	957	630	8176	12334
SQUARE	122752	272
FOLD	1012	1027	1027	395907	395907	0	1395261
RAIL	21	108	55	956
CORRELATION	958	630	8176	12334
SQUARE	122880	272
FOLD	1013	1028	1028	396294	396294	0	1397333
RAIL	45	83	55	957
CORRELATION	959	630	8176	12334
SQUARE	123008	272
FOLD	1014	1029	1029	396678	396678	0	1398383
RAIL	45	84	55	958
CORRELATION	960	630	8176	12334
SQUARE	123136	272
FOLD	1015	1030	1030	397065	397065	0	1399321
RAIL	22	106	55	959
CORRELATION	961	630	8176	12334
SQUARE	123264	272
FOLD	1016	1031	1031	397449	397449	0	1400353
RAIL	22	107	55	960
CORRELATION	962	630	8176	12334
SQUARE	123392	272
FOLD	1017	1032	1032	397836	397836	0	1401225
RAIL	44	84	55	961
CORRELATION	963	630	8176	12334
SQUARE	123520	272
FOLD	1018	1033	1033	398220	398220	0	1402220
RAIL	44	85	55	962
CORRELATION	964	630	8176	12334
SQUARE	123648	272
FOLD	1019	1034	1034	398607	398607	0	1403538
RAIL	23	105	55	963
CORRELATION	965	631	8176	12334
SQUARE	123776	272
FOLD	1020	1035	1035	398991	398991	0	1404516
RAIL	23	106	55	964
CORRELATION	966	631	8176	12334
SQUARE	123904	272
FOLD	1021	1036	1036	399378	399378	0	1405442
RAIL	43	85	55	965
CORRELATION	967	631	8176	12334
SQUARE	124032	272
FOLD	1022	1037	1037	399762	399762	0	1408292
RAIL	43	86	55	966
CORRELATION	968	633	8176	12334
SQUARE	124160	272
FOLD	1023	1038	1038	400149	400149	0	1410624
RAIL	24	104	55	967
CORRELATION	969	635	8176	12334
SQUARE	124288	272
FOLD	1024	1039	1039	400533	400533	0	1411600
RAIL	24	105	55	968
CORRELATION	970	635	8176	12334
SQUARE	124416	272
FOLD	1025	1040	1040	400920	400920	0	1414166
RAIL	42	86	55	969
CORRELATION	971	637	8176	12334
SQUARE	124544	272
FOLD	1026	1041	1041	401304	401304	0	1417012
RAIL	42	87	55	970
CORRELATION	972	639	8176	12334
SQUARE	124672	272
FOLD	1027	1042	1042	401691	401691	0	1417895
RAIL	25	103	55	971
CORRELATION	973	639	8176	12334
SQUARE	124800	272
FOLD	1028	1043	1043	402075	402075	0	1418752
RAIL	25	104	55	972
CORRELATION	974	639	8176	12334
SQUARE	124928	272
FOLD	1029	1044	1044	402462	402462	0	1419759
RAIL	41	87	55	973
CORRELATION	975	639	8176	12334
SQUARE	125056	272
FOLD	1030	1045	1045	402846	402846	0	1420629
RAIL	41	88	55	974
CORRELATION	976	639	8176	12334
SQUARE	125184	272
FOLD	1031	1046	1046	403233	403233	0	1421636
RAIL	26	102	55	975
CORRELATION	977	639	8176	12334
SQUARE	125312	272
FOLD	1032	1047	1047	403617	403617	0	1422606
RAIL	26	103	55	976
CORRELATION	978	639	8176	12334
SQUARE	125440	272
FOLD	1033	1048	1048	404004	404004	0	1423554
RAIL	40	88	55	977
CORRELATION	979	639	8176	12334
SQUARE	125568	272
FOLD	1034	1049	1049	404388	404388	0	1424528
RAIL	40	89	55	978
CORRELATION	980	639	8176	12334
SQUARE	125696	272
FOLD	1035	1050	1050	404775	404775	0	1425517
RAIL	27	101	55	979
CORRELATION	981	639	8176	12334
SQUARE	125824	272
FOLD	1036	1051	1051	405159	405159	0	1426498
RAIL	27	102	55	980
CORRELATION	982	639	8176	12334
SQUARE	125952	272
FOLD	1037	1052	1052	405546	405546	0	1428064
RAIL	39	89	55	981
CORRELATION	983	641	8176	12334
SQUARE	126080	272
FOLD	1038	1053	1053	405930	405930	0	1430898
RAIL	39	90	55	982
CORRELATION	984	644	8176	12334
SQUARE	126208	272
FOLD	1039	1054	1054	406317	406317	0	1431837
RAIL	28	100	55	983
CORRELATION	985	644	8176	12334
SQUARE	126336	272
FOLD	1040	1055	1055	406701	406701	0	1433015
RAIL	28	101	55	984
CORRELATION	986	645	8176	12334
SQUARE	126464	272
FOLD	1041	1056	1056	407088	407088	0	1436357
RAIL	38	90	55	985
CORRELATION	987	647	8176	12334
SQUARE	126592	272
FOLD	1042	1057	1057	407472	407472	0	1437464
RAIL	38	91	55	986
CORRELATION	988	647	8176	12334
SQUARE	126720	272
FOLD	1043	1058	1058	407859	407859	0	1440256
RAIL	29	99	55	987
CORRELATION	989	649	8176	12334
SQUARE	126848	272
FOLD	1044	1059	1059	408243	408243	0	1443163
RAIL	29	100	55	988
CORRELATION	990	651	8176	12334
SQUARE	126976	272
FOLD	1045	1060	1060	408630	408630	0	1444388
RAIL	37	91	55	989
CORRELATION	991	651	8176	12334
SQUARE	127104	272
FOLD	1046	1061	1061	409014	409014	0	1445398
RAIL	37	92	55	990
CORRELATION	992	651	8176	12334
SQUARE	127232	272
FOLD	1047	1062	1062	409401	409401	0	1446466
RAIL	30	98	55	991
CORRELATION	993	651	8176	12334
SQUARE	127360	272
FOLD	1048	1063	1063	409785	409785	0	1449523
RAIL	30	99	55	992
CORRELATION	994	653	8176	12334
SQUARE	127488	272
FOLD	1049	1064	1064	410172	410172	0	1452122
RAIL	36	92	55	993
CORRELATION	995	655	8176	12334
SQUARE	127616	272
FOLD	1050	1065	1065	410556	410556	0	1453069
RAIL	36	93	55	994
CORRELATION	996	655	8176	12334
SQUARE	127744	272
FOLD	1051	1066	1066	410943	410943	0	1455735
RAIL	31	97	55	995
CORRELATION	997	657	8176	12334
SQUARE	127872	272
FOLD	1052	1067	1067	411327	411327	0	1458351
RAIL	31	98	55	996
CORRELATION	998	659	8176	12334
SQUARE	128000	272
FOLD	1053	1068	1068	411714	411714	0	1459275
RAIL	35	93	55	997
CORRELATION	999	659	8176	12334
SQUARE	128128	272
FOLD	1054	1069	1069	412098	412098	0	1460185
RAIL	35	94	55	998
CORRELATION	1000	659	8176	12334
SQUARE	128256	272
FOLD	1055	1070	1070	412485	412485	0	1463536
RAIL	32	96	55	999
CORRELATION	1001	661	8176	12334
SQUARE	128384	272
FOLD	1056	1071	1071	412869	412869	0	1466274
RAIL	32	97	55	1000
CORRELATION	1002	663	8176	12334
SQUARE	128512	272
FOLD	1057	1072	1072	413256	413256	0	1467249
RAIL	34	94	55	1001
CORRELATION	1003	663	8176	12334
SQUARE	128640	272
FOLD	1058	1073	1073	413640	413640	0	1469782
RAIL	34	95	55	1002
CORRELATION	1004	665	8176	12334
SQUARE	128768	272
FOLD	1059	1074	1074	414027	414027	0	1472787
RAIL	33	95	55	1003
CORRELATION	1005	667	8176	12334
SQUARE	128896	272
FOLD	1060	1075	1075	414411	414411	0	1473650
RAIL	33	96	55	1004
CORRELATION	1006	667	8176	12334
SQUARE	129024	272
FOLD	1061	1076	1076	414798	414798	0	1475563
RAIL	64	64	55	1005
CORRELATION	1009	667	8176	12334
SQUARE	129408	272
FOLD	1062	1077	1077	415182	415182	0	1476748
RAIL	64	65	55	1006
CORRELATION	1010	667	8176	12334
SQUARE	129536	272
FOLD	1063	1078	1078	415569	415569	0	1482133
RAIL	63	65	55	1007
CORRELATION	1013	673	8176	12334
SQUARE	129920	272
FOLD	1064	1079	1079	415953	415953	0	1483013
RAIL	63	66	55	1008
CORRELATION	1014	673	8176	12334
SQUARE	130048	272
FOLD	1065	1080	1080	416340	416340	0	1491253
RAIL	62	66	55	1009
CORRELATION	1017	678	8176	12334
SQUARE	130432	272
FOLD	1066	1081	1081	416724	416724	0	1492192
RAIL	62	67	55	1010
CORRELATION	1018	678	8176	12334
SQUARE	130560	272
FOLD	1067	1082	1082	417111	417111	0	1496636
RAIL	61	67	55	1011
CORRELATION	1021	681	8176	12334
SQUARE	130944	272
FOLD	1067	1082	1082	417111	417111	0	1497635
RAIL	61	67	55	1012
CORRELATION	1021	681	8176	12334
SQUARE	131072	272
FOLD	1068	1083	1083	417495	417495	0	1499404
RAIL	61	68	55	1012
CORRELATION	1022	683	8176	12334
SQUARE	131072	272
FOLD	1068	1083	1083	417495	417495	0	1501024
RAIL	61	68	55	1013
CORRELATION	1024	683	8176	12334
SQUARE	131328	272
FOLD	1069	1084	1084	417882	417882	0	1503445
RAIL	60	68	55	1013
CORRELATION	1025	686	8176	12334
SQUARE	131456	272
FOLD	1070	1085	1085	418266	418266	0	1506089
RAIL	60	69	55	1014
CORRELATION	1026	688	8176	12334
SQUARE	131584	272
FOLD	1071	1086	1086	418653	418653	0	1507847
RAIL	59	69	55	1015
CORRELATION	1029	688	8176	12334
SQUARE	131968	272
FOLD	1072	1087	1087	419037	419037	0	1509087
RAIL	59	70	55	1016
CORRELATION	1030	688	8176	12334
SQUARE	132096	272
FOLD	1073	1088	1088	419424	419424	0	1512494
RAIL	8	120	55	1017
CORRELATION	1031	691	8176	12334
SQUARE	132224	272
FOLD	1074	1089	1089	419808	419808	0	1514857
RAIL	8	121	55	1018
CORRELATION	1032	693	8176	12334
SQUARE	132352	272
FOLD	1075	1090	1090	420195	420195	0	1515714
RAIL	58	70	55	1019
CORRELATION	1033	693	8176	12334
SQUARE	132480	272
FOLD	1076	1091	1091	420579	420579	0	1516884
RAIL	58	71	55	1020
CORRELATION	1034	693	8176	12334
SQUARE	132608	272
FOLD	1077	1092	1092	420966	420966	0	1519754
RAIL	9	119	55	1021
CORRELATION	1035	696	8176	12334
SQUARE	132736	272
FOLD	1078	1093	1093	421350	421350	0	1522258
RAIL	9	120	55	1022
CORRELATION	1036	698	8176	12334
SQUARE	132864	272
FOLD	1079	1094	1094	421737	421737	0	1525351
RAIL	57	71	55	1023
CORRELATION	1037	698	8176	12334
SQUARE	132992	272
FOLD	1080	1095	1095	422121	422121	0	1526303
RAIL	57	72	55	1024
CORRELATION	1038	698	8176	12334
SQUARE	133120	272
FOLD	1081	1096	1096	422508	422508	0	1527553
RAIL	10	118	55	1025
CORRELATION	1039	698	8176	12334
SQUARE	133248	272
FOLD	1090	1097	1097	422892	422892	0	1542715
RAIL	12	117	59	1030
CORRELATION	1048	709	8176	12334
SQUARE	134400	272
FOLD	1091	1098	1098	423279	423279	0	1543573
RAIL	54	74	59	1031
CORRELATION	1049	709	8176	12334
SQUARE	134528	272
FOLD	1092	1099	1099	423663	423663	0	1544498
RAIL	54	75	59	1032
CORRELATION	1050	709	8176	12334
SQUARE	134656	272
FOLD	1093	1100	1100	424050	424050	0	1545767
RAIL	13	115	59	1033
CORRELATION	1051	709	8176	12334
SQUARE	134784	272
FOLD	1102	1101	1101	424434	424434	0	1565328
RAIL	15	114	63	1038
CORRELATION	1060	721	8176	12334
SQUARE	135936	272
FOLD	1103	1102	1102	424821	424821	0	1566205
RAIL	51	77	63	1039
CORRELATION	1061	721	8176	12334
SQUARE	136064	272
FOLD	1104	1103	1103	425205	425205	0	1569638
RAIL	51	78	63	1040
CORRELATION	1062	723	8176	12334
SQUARE	136192	272
FOLD	1105	1104	1104	425592	425592	0	1572947
RAIL	16	112	63	1041
CORRELATION	1063	725	8176	12334
SQUARE	136320	272
FOLD	1106	1105	1105	425976	425976	0	1573926
RAIL	16	113	63	1042
CORRELATION	1064	725	8176	12334
SQUARE	136448	272
FOLD	1107	1106	1106	426363	426363	0	1574889
RAIL	50	78	63	1043
CORRELATION	1065	725	8176	12334
SQUARE	136576	272
FOLD	1108	1107	1107	426747	426747	0	1576077
RAIL	50	79	63	1044
CORRELATION	1066	725	8176	12334
SQUARE	136704	272
FOLD	1109	1108	1108	427134	427134	0	1579016
RAIL	17	111	63	1045
CORRELATION	1067	727	8176	12334
SQUARE	136832	272
FOLD	1110	1109	1109	427518	427518	0	1581631
RAIL	17	112	63	1046
CORRELATION	1068	729	8176	12334
SQUARE	136960	272
FOLD	1111	1110	1110	427905	427905	0	1582645
RAIL	49	79	63	1047
CORRELATION	1069	729	8176	12334
SQUARE	137088	272
FOLD	1112	1111	1111	428289	428289	0	1586182
RAIL	49	80	63	1048
CORRELATION	1070	731	8176	12334
SQUARE	137216	272
FOLD	1113	1112	1112	428676	428676	0	1589522
RAIL	18	110	63	1049
CORRELATION	1071	733	8176	12334
SQUARE	137344	272
FOLD	1114	1113	1113	429060	429060	0	1590409
RAIL	18	111	63	1050
CORRELATION	1072	733	8176	12334
SQUARE	137472	272
FOLD	1115	1114	1114	429447	429447	0	1591638
RAIL	48	80	63	1051
CORRELATION	1073	733	8176	12334
SQUARE	137600	272
FOLD	1116	1115	1115	429831	429831	0	1594537
RAIL	48	81	63	1052
CORRELATION	1074	735	8176	12334
SQUARE	137728	272
FOLD	1117	1116	1116	430218	430218	0	1597134
RAIL	19	109	63	1053
CORRELATION	1075	737	8176	12334
SQUARE	137856	272
FOLD	1118	1117	1117	430602	430602	0	1598205
RAIL	19	110	63	1054
CORRELATION	1076	737	8176	12334
SQUARE	137984	272
FOLD	1119	1118	1118	430989	430989	0	1601313
RAIL	47	81	63	1055
CORRELATION	1077	739	8176	12334
SQUARE	138112	272
FOLD	1120	1119	1119	431373	431373	0	1604577
RAIL	47	82	63	1056
CORRELATION	1078	741	8176	12334
SQUARE	138240	272
FOLD	1121	1120	1120	431760	431760	0	1605524
RAIL	20	108	63	1057
CORRELATION	1079	741	8176	12334
SQUARE	138368	272
FOLD	1122	1121	1121	432144	432144	0	1606389
RAIL	20	109	63	1058
CORRELATION	1080	741	8176	12334
SQUARE	138496	272
FOLD	1123	1122	1122	432531	432531	0	1607356
RAIL	46	82	63	1059
CORRELATION	1081	741	8176	12334
SQUARE	138624	272
FOLD	1124	1123	1123	432915	432915	0	1608629
RAIL	46	83	63	1060
CORRELATION	1082	741	8176	12334
SQUARE	138752	272
FOLD	1125	1124	1124	433302	433302	0	1612306
RAIL	21	107	63	1061
CORRELATION	1083	743	8176	12334
SQUARE	138880	272
FOLD	1126	1125	1125	433686	433686	0	1614759
RAIL	21	108	63	1062
CORRELATION	1084	745	8176	12334
SQUARE	139008	272
FOLD	1127	1126	1126	434073	434073	0	1615640
RAIL	45	83	63	1063
CORRELATION	1085	745	8176	12334
SQUARE	139136	272
FOLD	1128	1127	1127	434457	434457	0	1616550
RAIL	45	84	63	1064
CORRELATION	1086	745	8176	12334
SQUARE	139264	272
FOLD	1129	1128	1128	434844	434844	0	1617526
RAIL	22	106	63	1065
CORRELATION	1087	745	8176	12334
SQUARE	139392	272
FOLD	1130	1129	1129	435228	435228	0	1619774
RAIL	22	107	63	1066
CORRELATION	1088	747	8176	12334
SQUARE	139520	272
FOLD	1131	1130	1130	435615	435615	0	1622287
RAIL	44	84	63	1067
CORRELATION	1089	749	8176	12334
SQUARE	139648	272
FOLD	1132	1131	1131	435999	435999	0	1625318
RAIL	44	85	63	1068
CORRELATION	1090	751	8176	12334
SQUARE	139776	272
FOLD	1133	1132	1132	436386	436386	0	1627022
RAIL	23	105	63	1069
CORRELATION	1091	751	8176	12334
SQUARE	139904	272
FOLD	1134	1133	1133	436770	436770	0	1629160
RAIL	23	106	63	1070
CORRELATION	1092	751	8176	12334
SQUARE	140032	272
FOLD	1135	1134	1134	437157	437157	0	1630996
RAIL	43	85	63	1071
CORRELATION	1093	751	8176	12334
SQUARE	140160	272
FOLD	1136	1135	1135	437541	437541	0	1632253
RAIL	43	86	63	1072
CORRELATION	1094	753	8176	12334
SQUARE	140288	272
FOLD	1137	1136	1136	437928	437928	0	1635051
RAIL	24	104	63	1073
CORRELATION	1095	755	8176	12334
SQUARE	140416	272
FOLD	1138	1137	1137	438312	438312	0	1636153
RAIL	24	105	63	1074
CORRELATION	1096	755	8176	12334
SQUARE	140544	272
FOLD	1139	1138	1138	438699	438699	0	1638082
RAIL	42	86	63	1075
CORRELATION	1097	757	8176	12334
SQUARE	140672	272
FOLD	1140	1139	1139	439083	439083	0	1640009
RAIL	42	87	63	1076
CORRELATION	1098	759	8176	12334
SQUARE	140800	272
FOLD	1141	1140	1140	439470	439470	0	1640956
RAIL	25	103	63	1077
CORRELATION	1099	759	8176	12334
SQUARE	140928	272
FOLD	1142	1141	1141	439854	439854	0	1641947
RAIL	25	104	63	1078
CORRELATION	1100	759	8176	12334
SQUARE	141056	272
FOLD	1143	1142	1142	440241	440241	0	1645187
RAIL	41	87	63	1079
CORRELATION	1101	761	8176	12334
SQUARE	141184	272
FOLD	1144	1143	1143	440625	440625	0	1647696
RAIL	41	88	63	1080
CORRELATION	1102	763	8176	12334
SQUARE	141312	272
FOLD	1145	1144	1144	441012	441012	0	1648750
RAIL	26	102	63	1081
CORRELATION	1103	763	8176	12334
SQUARE	141440	272
FOLD	1146	1145	1145	441396	441396	0	1650436
RAIL	26	103	63	1082
CORRELATION	1104	765	8176	12334
SQUARE	141568	272
FOLD	1147	1146	1146	441783	441783	0	1652828
RAIL	40	88	63	1083
CORRELATION	1105	767	8176	12334
SQUARE	141696	272
FOLD	1148	1147	1147	442167	442167	0	1654050
RAIL	40	89	63	1084
CORRELATION	1106	767	8176	12334
SQUARE	141824	272
FOLD	1149	1148	1148	442554	442554	0	1654920
RAIL	27	101	63	1085
CORRELATION	1107	767	8176	12334
SQUARE	141952	272
FOLD	1150	1149	1149	442938	442938	0	1656113
RAIL	27	102	63	1086
CORRELATION	1108	767	8176	12334
SQUARE	142080	272
FOLD	1151	1150	1150	443325	443325	0	1658321
RAIL	39	89	63	1087
CORRELATION	1109	769	8176	12334
SQUARE	142208	272
FOLD	1152	1151	1151	443709	443709	0	1660188
RAIL	39	90	63	1088
CORRELATION	1110	770	8176	12334
SQUARE	142336	272
FOLD	1153	1152	1152	444096	444096	0	1662360
RAIL	28	100	63	1089
CORRELATION	1111	772	8176	12334
SQUARE	142464	272
FOLD	1154	1153	1153	444480	444480	0	1663337
RAIL	28	101	63	1090
CORRELATION	1112	772	8176	12334
SQUARE	142592	272
FOLD	1155	1154	1154	444867	444867	0	1666627
RAIL	38	90	63	1091
CORRELATION	1113	774	8176	12334
SQUARE	142720	272
FOLD	1156	1155	1155	445251	445251	0	1669032
RAIL	38	91	63	1092
CORRELATION	1114	776	8176	12334
SQUARE	142848	272
FOLD	1157	1156	1156	445638	445638	0	1669968
RAIL	29	99	63	1093
CORRELATION	1115	776	8176	12334
SQUARE	142976	272
FOLD	1158	1157	1157	446022	446022	0	1670936
RAIL	29	100	63	1094
CORRELATION	1116	776	8176	12334
SQUARE	143104	272
FOLD	1159	1158	1158	446409	446409	0	1673522
RAIL	37	91	63	1095
CORRELATION	1117	777	8176	12334
SQUARE	143232	272
FOLD	1160	1159	1159	446793	446793	0	1677089
RAIL	37	92	63	1096
CORRELATION	1118	779	8176	12334
SQUARE	143360	272
FOLD	1161	1160	1160	447180	447180	0	1678875
RAIL	30	98	63	1097
CORRELATION	1119	781	8176	12334
SQUARE	143488	272
FOLD	1162	1161	1161	447564	447564	0	1682814
RAIL	30	99	63	1098
CORRELATION	1120	783	8176	12334
SQUARE	143616	272
FOLD	1163	1162	1162	447951	447951	0	1683769
RAIL	36	92	63	1099
CORRELATION	1121	783	8176	12334
SQUARE	143744	272
FOLD	1164	1163	1163	448335	448335	0	1684829
RAIL	36	93	63	1100
CORRELATION	1122	783	8176	12334
SQUARE	143872	272
FOLD	1165	1164	1164	448722	448722	0	1685778
RAIL	31	97	63	1101
CORRELATION	1123	783	8176	12334
SQUARE	144000	272
FOLD	1166	1165	1165	449106	449106	0	1686946
RAIL	31	98	63	1102
CORRELATION	1124	783	8176	12334
SQUARE	144128	272
FOLD	1167	1166	1166	449493	449493	0	1688648
RAIL	35	93	63	1103
CORRELATION	1125	783	8176	12334
SQUARE	144256	272
FOLD	1168	1167	1167	449877	449877	0	1689890
RAIL	35	94	63	1104
CORRELATION	1126	783	8176	12334
SQUARE	144384	272
FOLD	1169	1168	1168	450264	450264	0	1690927
RAIL	32	96	63	1105
CORRELATION	1127	783	8176	12334
SQUARE	144512	272
FOLD	1170	1169	1169	450648	450648	0	1693390
RAIL	32	97	63	1106
CORRELATION	1128	785	8176	12334
SQUARE	144640	272
FOLD	1171	1170	1170	451035	451035	0	1696025
RAIL	34	94	63	1107
CORRELATION	1129	787	8176	12334
SQUARE	144768	272
FOLD	1172	1171	1171	451419	451419	0	1697017
RAIL	34	95	63	1108
CORRELATION	1130	787	8176	12334
SQUARE	144896	272
FOLD	1173	1172	1172	451806	451806	0	1699264
RAIL	33	95	63	1109
CORRELATION	1131	789	8176	12334
SQUARE	145024	272
FOLD	1174	1173	1173	452190	452190	0	1701763
RAIL	33	96	63	1110
CORRELATION	1132	791	8176	12334
SQUARE	145152	272
FOLD	1175	1174	1174	452577	452577	0	1704355
RAIL	64	64	63	1111
CORRELATION	1135	793	8176	12334
SQUARE	145536	272
FOLD	1176	1175	1175	452961	452961	0	1705637
RAIL	64	65	63	1112
CORRELATION	1136	795	8176	12334
SQUARE	145664	272
FOLD	1177	1176	1176	453348	453348	0	1709181
RAIL	63	65	63	1113
CORRELATION	1139	797	8176	12334
SQUARE	146048	272
FOLD	1178	1177	1177	453732	453732	0	1711552
RAIL	63	66	63	1114
CORRELATION	1140	799	8176	12334
SQUARE	146176	272
FOLD	1179	1178	1178	454119	454119	0	1717657
RAIL	62	66	63	1115
CORRELATION	1143	803	8176	12334
SQUARE	146560	272
FOLD	1180	1179	1179	454503	454503	0	1718589
RAIL	62	67	63	1116
CORRELATION	1144	803	8176	12334
SQUARE	146688	272
FOLD	1181	1180	1180	454890	454890	0	1721248
RAIL	61	67	63	1117
CORRELATION	1147	804	8176	12334
SQUARE	147072	272
FOLD	1182	1181	1181	455274	455274	0	1724230
RAIL	61	68	63	1118
CORRELATION	1148	806	8176	12334
SQUARE	147200	272
FOLD	1183	1182	1182	455661	455661	0	1729428
RAIL	60	68	63	1119
CORRELATION	1151	809	8176	12334
SQUARE	147584	272
FOLD	1184	1183	1183	456045	456045	0	1734120
RAIL	60	69	63	1120
CORRELATION	1152	811	8176	12334
SQUARE	147712	272
FOLD	1185	1184	1184	456432	456432	0	1737905
RAIL	59	69	63	1121
CORRELATION	1155	813	8176	12334
SQUARE	148096	272
FOLD	1186	1185	1185	456816	456816	0	1739312
RAIL	59	70	63	1122
CORRELATION	1156	813	8176	12334
SQUARE	148224	272
FOLD	1187	1186	1186	457203	457203	0	1741971
RAIL	8	120	63	1123
CORRELATION	1157	816	8176	12334
SQUARE	148352	272
FOLD	1192	1187	1187	457587	457587	0	1750499
RAIL	9	120	65	1126
CORRELATION	1162	821	8176	12334
SQUARE	148992	272
FOLD	1193	1188	1188	457974	457974	0	1753342
RAIL	57	71	65	1127
CORRELATION	1163	823	8176	12334
SQUARE	149120	272
FOLD	1194	1189	1189	458358	458358	0	1754900
RAIL	57	72	65	1128
CORRELATION	1164	825	8176	12334
SQUARE	149248	272
FOLD	1195	1190	1190	458745	458745	0	1755836
RAIL	10	118	65	1129
CORRELATION	1165	825	8176	12334
SQUARE	149376	272
FOLD	1196	1191	1191	459129	459129	0	1756810
RAIL	10	119	65	1130
CORRELATION	1166	825	8176	12334
SQUARE	149504	272
FOLD	1197	1192	1192	459516	459516	0	1757682
RAIL	56	72	65	1131
CORRELATION	1167	825	8176	12334
SQUARE	149632	272
FOLD	1198	1193	1193	459900	459900	0	1758528
RAIL	56	73	65	1132
CORRELATION	1168	825	8176	12334
SQUARE	149760	272
FOLD	1199	1194	1194	460287	460287	0	1759941
RAIL	11	117	65	1133
CORRELATION	1169	825	8176	12334
SQUARE	149888	272
FOLD	1208	1195	1195	460671	460671	0	1777455
RAIL	13	116	69	1138
CORRELATION	1178	837	8176	12334
SQUARE	151040	272
FOLD	1209	1196	1196	461058	461058	0	1778318
RAIL	53	75	69	1139
CORRELATION	1179	837	8176	12334
SQUARE	151168	272
FOLD	1210	1197	1197	461442	461442	0	1779603
RAIL	53	76	69	1140
CORRELATION	1180	837	8176	12334
SQUARE	151296	272
FOLD	1211	1198	1198	461829	461829	0	1782688
RAIL	14	114	69	1141
CORRELATION	1181	839	8176	12334
SQUARE	151424	272
FOLD	1220	1199	1199	462213	462213	0	1796019
RAIL	16	113	73	1146
CORRELATION	1190	848	8176	12334
SQUARE	152576	272
FOLD	1221	1200	1200	462600	462600	0	1797382
RAIL	50	78	73	1147
CORRELATION	1191	849	8176	12334
SQUARE	152704	272
FOLD	1222	1201	1201	462984	462984	0	1799712
RAIL	50	79	73	1148
CORRELATION	1192	851	8176	12334
SQUARE	152832	272
FOLD	1223	1202	1202	463371	463371	0	1800935
RAIL	17	111	73	1149
CORRELATION	1193	852	8176	12334
SQUARE	152960	272
FOLD	1224	1203	1203	463755	463755	0	1803236
RAIL	17	112	73	1150
CORRELATION	1194	854	8176	12334
SQUARE	153088	272
FOLD	1225	1204	1204	464142	464142	0	1804194
RAIL	49	79	73	1151
CORRELATION	1195	854	8176	12334
SQUARE	153216	272
FOLD	1226	1205	1205	464526	464526	0	1805217
RAIL	49	80	73	1152
CORRELATION	1196	854	8176	12334
SQUARE	153344	274
FOLD	1227	1206	1206	464913	464913	0	1808479
RAIL	18	110	73	1153
CORRELATION	1197	856	8176	12334
SQUARE	153472	274
FOLD	1228	1207	1207	465297	465297	0	1811576
RAIL	18	111	73	1154
CORRELATION	1198	858	8176	12334
SQUARE	153600	274
FOLD	1229	1208	1208	465684	465684	0	1813308
RAIL	48	80	73	1155
CORRELATION	1199	860	8176	12334
SQUARE	153728	274
FOLD	1230	1209	1209	466068	466068	0	1814264
RAIL	48	81	73	1156
CORRELATION	1200	860	8176	12334
SQUARE	153856	274
FOLD	1231	1210	1210	466455	466455	0	1815659
RAIL	19	109	73	1157
CORRELATION	1201	860	8176	12334
SQUARE	153984	274
FOLD	1232	1211	1211	466839	466839	0	1818524
RAIL	19	110	73	1158
CORRELATION	1202	862	8176	12334
SQUARE	154112	274
FOLD	1233	1212	1212	467226	467226	0	1820804
RAIL	47	81	73	1159
CORRELATION	1203	864	8176	12334
SQUARE	154240	274
FOLD	1234	1213	1213	467610	467610	0	1822684
RAIL	47	82	73	1160
CORRELATION	1204	864	8176	12334
SQUARE	154368	274
FOLD	1235	1214	1214	467997	467997	0	1823744
RAIL	20	108	73	1161
CORRELATION	1205	864	8176	12334
SQUARE	154496	274
FOLD	1236	1215	1215	468381	468381	0	1825715
RAIL	20	109	73	1162
CORRELATION	1206	866	8176	12334
SQUARE	154624	274
FOLD	1237	1216	1216	468768	468768	0	1828955
RAIL	46	82	73	1163
CORRELATION	1207	868	8176	12334
SQUARE	154752	274
FOLD	1238	1217	1217	469152	469152	0	1830236
RAIL	46	83	73	1164
CORRELATION	1208	868	8176	12334
SQUARE	154880	274
FOLD	1239	1218	1218	469539	469539	0	1833019
RAIL	21	107	73	1165
CORRELATION	1209	871	8176	12334
SQUARE	155008	274
FOLD	1240	1219	1219	469923	469923	0	1834073
RAIL	21	108	73	1166
CORRELATION	1210	871	8176	12334
SQUARE	155136	274
FOLD	1241	1220	1220	470310	470310	0	1835093
RAIL	45	83	73	1167
CORRELATION	1211	871	8176	12334
SQUARE	155264	274
FOLD	1242	1221	1221	470694	470694	0	1836050
RAIL	45	84	73	1168
CORRELATION	1212	871	8176	12334
SQUARE	155392	274
FOLD	1243	1222	1222	471081	471081	0	1837139
RAIL	22	106	73	1169
CORRELATION	1213	871	8176	12334
SQUARE	155520	274
FOLD	1244	1223	1223	471465	471465	0	1838094
RAIL	22	107	73	1170
CORRELATION	1214	871	8176	12334
SQUARE	155648	274
FOLD	1245	1224	1224	471852	471852	0	1840262
RAIL	44	84	73	1171
CORRELATION	1215	871	8176	12334
SQUARE	155776	274
FOLD	1246	1225	1225	472236	472236	0	1844071
RAIL	44	85	73	1172
CORRELATION	1216	874	8176	12334
SQUARE	155904	274
FOLD	1247	1226	1226	472623	472623	0	1845788
RAIL	23	105	73	1173
CORRELATION	1217	874	8176	12334
SQUARE	156032	274
FOLD	1248	1227	1227	473007	473007	0	1849248
RAIL	23	106	73	1174
CORRELATION	1218	877	8176	12334
SQUARE	156160	274
FOLD	1249	1228	1228	473394	473394	0	1850368
RAIL	43	85	73	1175
CORRELATION	1219	877	8176	12334
SQUARE	156288	274
FOLD	1250	1229	1229	473778	473778	0	1852491
RAIL	43	86	73	1176
CORRELATION	1220	878	8176	12334
SQUARE	156416	274
FOLD	1251	1230	1230	474165	474165	0	1855009
RAIL	24	104	73	1177
CORRELATION	1221	880	8176	12334
SQUARE	156544	274
FOLD	1252	1231	1231	474549	474549	0	1856770
RAIL	24	105	73	1178
CORRELATION	1222	881	8176	12334
SQUARE	156672	274
FOLD	1253	1232	1232	474936	474936	0	1859448
RAIL	42	86	73	1179
CORRELATION	1223	883	8176	12334
SQUARE	156800	274
FOLD	1254	1233	1233	475320	475320	0	1860386
RAIL	42	87	73	1180
CORRELATION	1224	883	8176	12334
SQUARE	156928	274
FOLD	1255	1234	1234	475707	475707	0	1862461
RAIL	25	103	73	1181
CORRELATION	1225	883	8176	12334
SQUARE	157056	274
FOLD	1256	1235	1235	476091	476091	0	1864553
RAIL	25	104	73	1182
CORRELATION	1226	883	8176	12334
SQUARE	157184	274
FOLD	1257	1236	1236	476478	476478	0	1868120
RAIL	41	87	73	1183
CORRELATION	1227	886	8176	12334
SQUARE	157312	274
FOLD	1258	1237	1237	476862	476862	0	1869263
RAIL	41	88	73	1184
CORRELATION	1228	886	8176	12334
SQUARE	157440	274
FOLD	1259	1238	1238	477249	477249	0	1872276
RAIL	26	102	73	1185
CORRELATION	1229	889	8176	12334
SQUARE	157568	274
FOLD	1260	1239	1239	477633	477633	0	1874141
RAIL	26	103	73	1186
CORRELATION	1230	889	8176	12334
SQUARE	157696	274
FOLD	1261	1240	1240	478020	478020	0	1877454
RAIL	40	88	73	1187
CORRELATION	1231	891	8176	12334
SQUARE	157824	274
FOLD	1262	1241	1241	478404	478404	0	1881230
RAIL	40	89	73	1188
CORRELATION	1232	893	8176	12334
SQUARE	157952	274
FOLD	1263	1242	1242	478791	478791	0	1882161
RAIL	27	101	73	1189
CORRELATION	1233	893	8176	12334
SQUARE	158080	274
FOLD	1264	1243	1243	479175	479175	0	1883128
RAIL	27	102	73	1190
CORRELATION	1234	893	8176	12334
SQUARE	158208	274
FOLD	1265	1244	1244	479562	479562	0	1884419
RAIL	39	89	73	1191
CORRELATION	1235	893	8176	12334
SQUARE	158336	274
FOLD	1266	1245	1245	479946	479946	0	1885611
RAIL	39	90	73	1192
CORRELATION	1236	893	8176	12334
SQUARE	158464	274
FOLD	1267	1246	1246	480333	480333	0	1888388
RAIL	28	100	73	1193
CORRELATION	1237	895	8176	12334
SQUARE	158592	274
FOLD	1268	1247	1247	480717	480717	0	1891528
RAIL	28	101	73	1194
CORRELATION	1238	898	8176	12334
SQUARE	158720	274
FOLD	1269	1248	1248	481104	481104	0	1893056
RAIL	38	90	73	1195
CORRELATION	1239	898	8176	12334
SQUARE	158848	274
FOLD	1270	1249	1249	481488	481488	0	1895851
RAIL	38	91	73	1196
CORRELATION	1240	900	8176	12334
SQUARE	158976	274
FOLD	1271	1250	1250	481875	481875	0	1898315
RAIL	29	99	73	1197
CORRELATION	1241	902	8176	12334
SQUARE	159104	274
FOLD	1272	1251	1251	482259	482259	0	1899415
RAIL	29	100	73	1198
CORRELATION	1242	902	8176	12334
SQUARE	159232	274
FOLD	1273	1252	1252	482646	482646	0	1900473
RAIL	37	91	73	1199
CORRELATION	1243	902	8176	12334
SQUARE	159360	274
FOLD	1274	1253	1253	483030	483030	0	1901532
RAIL	37	92	73	1200
CORRELATION	1244	902	8176	12334
SQUARE	159488	274
FOLD	1275	1254	1254	483417	483417	0	1905220
RAIL	30	98	73	1201
CORRELATION	1245	905	8176	12334
SQUARE	159616	274
FOLD	1276	1255	1255	483801	483801	0	1906667
RAIL	30	99	73	1202
CORRELATION	1246	905	8176	12334
SQUARE	159744	274
FOLD	1277	1256	1256	484188	484188	0	1908997
RAIL	36	92	73	1203
CORRELATION	1247	907	8176	12334
SQUARE	159872	274
FOLD	1278	1257	1257	484572	484572	0	1910830
RAIL	36	93	73	1204
CORRELATION	1248	909	8176	12334
SQUARE	160000	274
FOLD	1279	1258	1258	484959	484959	0	1912687
RAIL	31	97	73	1205
CORRELATION	1249	909	8176	12334
SQUARE	160128	274
FOLD	1280	1259	1259	485343	485343	0	1916958
RAIL	31	98	73	1206
CORRELATION	1250	911	8176	12334
SQUARE	160256	274
FOLD	1281	1260	1260	485730	485730	0	1920137
RAIL	35	93	73	1207
CORRELATION	1251	913	8176	12334
SQUARE	160384	274
FOLD	1282	1261	1261	486114	486114	0	1921138
RAIL	35	94	73	1208
CORRELATION	1252	913	8176	12334
SQUARE	160512	274
FOLD	1283	1262	1262	486501	486501	0	1921995
RAIL	32	96	73	1209
CORRELATION	1253	913	8176	12334
SQUARE	160640	274
FOLD	1284	1263	1263	486885	486885	0	1922991
RAIL	32	97	73	1210
CORRELATION	1254	913	8176	12334
SQUARE	160768	274
FOLD	1285	1264	1264	487272	487272	0	1924221
RAIL	34	94	73	1211
CORRELATION	1255	913	8176	12334
SQUARE	160896	274
FOLD	1286	1265	1265	487656	487656	0	1925733
RAIL	34	95	73	1212
CORRELATION	1256	915	8176	12334
SQUARE	161024	274
FOLD	1287	1266	1266	488043	488043	0	1926763
RAIL	33	95	73	1213
CORRELATION	1257	915	8176	12334
SQUARE	161152	274
FOLD	1288	1267	1267	488427	488427	0	1929204
RAIL	33	96	73	1214
CORRELATION	1258	917	8176	12334
SQUARE	161280	274
FOLD	1289	1268	1268	488814	488814	0	1932865
RAIL	64	64	73	1215
CORRELATION	1261	919	8176	12334
SQUARE	161664	274
FOLD	1290	1269	1269	489198	489198	0	1937170
RAIL	64	65	73	1216
CORRELATION	1262	921	8176	12334
SQUARE	161792	274
FOLD	1291	1270	1270	489585	489585	0	1942400
RAIL	63	65	73	1217
CORRELATION	1265	926	8176	12334
SQUARE	162176	274
FOLD	1292	1271	1271	489969	489969	0	1943307
RAIL	63	66	73	1218
CORRELATION	1266	926	8176	12334
SQUARE	162304	274
FOLD	1293	1272	1272	490356	490356	0	1949705
RAIL	62	66	73	1219
CORRELATION	1269	930	8176	12334
SQUARE	162688	274
FOLD	1294	1273	1273	490740	490740	0	1950589
RAIL	62	67	73	1220
CORRELATION	1270	930	8176	12334
SQUARE	162816	274
FOLD	1295	1274	1274	491127	491127	0	1962998
RAIL	61	67	73	1221
CORRELATION	1273	934	8176	12334
SQUARE	163200	274
FOLD	1296	1275	1275	491511	491511	0	1965463
RAIL	61	68	73	1222
CORRELATION	1274	936	8176	12334
SQUARE	163328	274
FOLD	1297	1276	1276	491898	491898	0	1967560
RAIL	60	68	73	1223
CORRELATION	1277	936	8176	12334
SQUARE	163712	274
FOLD	1298	1277	1277	492282	492282	0	1970136
RAIL	60	69	73	1224
CORRELATION	1278	938	8176	12334
SQUARE	163840	274
FOLD	1299	1278	1278	492669	492669	0	1975612
RAIL	59	69	73	1225
CORRELATION	1281	942	8176	12334
SQUARE	164224	274
FOLD	1300	1279	1279	493053	493053	0	1977799
RAIL	59	70	73	1226
CORRELATION	1282	942	8176	12334
SQUARE	164352	274
FOLD	1301	1280	1280	493440	493440	0	1982106
RAIL	8	120	73	1227
CORRELATION	1283	944	8176	12334
SQUARE	164480	274
FOLD	1310	1281	1281	493824	493824	0	1998878
RAIL	10	119	77	1232
CORRELATION	1292	955	8176	12334
SQUARE	165632	274
FOLD	1311	1282	1282	494211	494211	0	1999698
RAIL	56	72	77	1233
CORRELATION	1293	955	8176	12334
SQUARE	165760	274
FOLD	1312	1283	1283	494595	494595	0	2000627
RAIL	56	73	77	1234
CORRELATION	1294	955	8176	12334
SQUARE	165888	274
FOLD	1313	1284	1284	494982	494982	0	2001642
RAIL	11	117	77	1235
CORRELATION	1295	955	8176	12334
SQUARE	166016	274
FOLD	1314	1285	1285	495366	495366	0	2002482
RAIL	11	118	77	1236
CORRELATION	1296	955	8176	12334
SQUARE	166144	274
FOLD	1315	1286	1286	495753	495753	0	2003339
RAIL	55	73	77	1237
CORRELATION	1297	955	8176	12334
SQUARE	166272	274
FOLD	1316	1287	1287	496137	496137	0	2004316
RAIL	55	74	77	1238
CORRELATION	1298	955	8176	12334
SQUARE	166400	274
FOLD	1317	1288	1288	496524	496524	0	2005339
RAIL	12	116	77	1239
CORRELATION	1299	955	8176	12334
SQUARE	166528	274
FOLD	1326	1289	1289	496908	496908	0	2012163
RAIL	14	115	81	1244
CORRELATION	1308	955	8176	12334
SQUARE	167680	274
FOLD	1327	1290	1290	497295	497295	0	2013407
RAIL	52	76	81	1245
CORRELATION	1309	956	8176	12334
SQUARE	167808	274
FOLD	1328	1291	1291	497679	497679	0	2014323
RAIL	52	77	81	1246
CORRELATION	1310	956	8176	12334
SQUARE	167936	274
FOLD	1329	1292	1292	498066	498066	0	2015330
RAIL	15	113	81	1247
CORRELATION	1311	956	8176	12334
SQUARE	168064	274
FOLD	1338	1293	1293	498450	498450	0	2025231
RAIL	17	112	85	1252
CORRELATION	1320	963	8176	12334
SQUARE	169216	274
FOLD	1339	1294	1294	498837	498837	0	2026227
RAIL	49	79	85	1253
CORRELATION	1321	963	8176	12334
SQUARE	169344	274
FOLD	1340	1295	1295	499221	499221	0	2027186
RAIL	49	80	85	1254
CORRELATION	1322	963	8176	12334
SQUARE	169472	274
FOLD	1341	1296	1296	499608	499608	0	2028246
RAIL	18	110	85	1255
CORRELATION	1323	963	8176	12334
SQUARE	169600	274
FOLD	1342	1297	1297	499992	499992	0	2029954
RAIL	18	111	85	1256
CORRELATION	1324	965	8176	12334
SQUARE	169728	274
FOLD	1343	1298	1298	500379	500379	0	2030836
RAIL	48	80	85	1257
CORRELATION	1325	965	8176	12334
SQUARE	169856	274
FOLD	1344	1299	1299	500763	500763	0	2032029
RAIL	48	81	85	1258
CORRELATION	1326	966	8176	12334
SQUARE	169984	274
FOLD	1345	1300	1300	501150	501150	0	2034632
RAIL	19	109	85	1259
CORRELATION	1327	969	8176	12334
SQUARE	170112	274
FOLD	1346	1301	1301	501534	501534	0	2035801
RAIL	19	110	85	1260
CORRELATION	1328	969	8176	12334
SQUARE	170240	274
FOLD	1347	1302	1302	501921	501921	0	2036713
RAIL	47	81	85	1261
CORRELATION	1329	969	8176	12334
SQUARE	170368	274
FOLD	1348	1303	1303	502305	502305	0	2037662
RAIL	47	82	85	1262
CORRELATION	1330	969	8176	12334
SQUARE	170496	274
FOLD	1349	1304	1304	502692	502692	0	2040373
RAIL	20	108	85	1263
CORRELATION	1331	972	8176	12334
SQUARE	170624	274
FOLD	1350	1305	1305	503076	503076	0	2041351
RAIL	20	109	85	1264
CORRELATION	1332	972	8176	12334
SQUARE	170752	274
FOLD	1351	1306	1306	503463	503463	0	2044257
RAIL	46	82	85	1265
CORRELATION	1333	976	8176	12334
SQUARE	170880	274
FOLD	1352	1307	1307	503847	503847	0	2045509
RAIL	46	83	85	1266
CORRELATION	1334	976	8176	12334
SQUARE	171008	274
FOLD	1353	1308	1308	504234	504234	0	2046631
RAIL	21	107	85	1267
CORRELATION	1335	976	8176	12334
SQUARE	171136	274
FOLD	1354	1309	1309	504618	504618	0	2047723
RAIL	21	108	85	1268
CORRELATION	1336	976	8176	12334
SQUARE	171264	274
FOLD	1355	1310	1310	505005	505005	0	2048632
RAIL	45	83	85	1269
CORRELATION	1337	976	8176	12334
SQUARE	171392	274
FOLD	1356	1311	1311	505389	505389	0	2050504
RAIL	45	84	85	1270
CORRELATION	1338	979	8176	12334
SQUARE	171520	274
FOLD	1357	1312	1312	505776	505776	0	2051522
RAIL	22	106	85	1271
CORRELATION	1339	979	8176	12334
SQUARE	171648	274
FOLD	1358	1313	1313	506160	506160	0	2055437
RAIL	22	107	85	1272
CORRELATION	1340	983	8176	12334
SQUARE	171776	274
FOLD	1359	1314	1314	506547	506547	0	2056561
RAIL	44	84	85	1273
CORRELATION	1341	983	8176	12334
SQUARE	171904	274
FOLD	1360	1315	1315	506931	506931	0	2057541
RAIL	44	85	85	1274
CORRELATION	1342	983	8176	12334
SQUARE	172032	274
FOLD	1361	1316	1316	507318	507318	0	2061441
RAIL	23	105	85	1275
CORRELATION	1343	987	8176	12334
SQUARE	172160	274
FOLD	1362	1317	1317	507702	507702	0	2062356
RAIL	23	106	85	1276
CORRELATION	1344	987	8176	12334
SQUARE	172288	274
FOLD	1363	1318	1318	508089	508089	0	2063415
RAIL	43	85	85	1277
CORRELATION	1345	987	8176	12334
SQUARE	172416	274
FOLD	1364	1319	1319	508473	508473	0	2064620
RAIL	43	86	85	1278
CORRELATION	1346	987	8176	12334
SQUARE	172544	274
FOLD	1365	1320	1320	508860	508860	0	2066525
RAIL	24	104	85	1279
CORRELATION	1347	988	8176	12334
SQUARE	172672	274
FOLD	1366	1321	1321	509244	509244	0	2067589
RAIL	24	105	85	1280
CORRELATION	1348	988	8176	12334
SQUARE	172800	274
FOLD	1367	1322	1322	509631	509631	0	2068984
RAIL	42	86	85	1281
CORRELATION	1349	990	8176	12334
SQUARE	172928	274
FOLD	1368	1323	1323	510015	510015	0	2071269
RAIL	42	87	85	1282
CORRELATION	1350	992	8176	12334
SQUARE	173056	274
FOLD	1369	1324	1324	510402	510402	0	2072244
RAIL	25	103	85	1283
CORRELATION	1351	992	8176	12334
SQUARE	173184	274
FOLD	1370	1325	1325	510786	510786	0	2073262
RAIL	25	104	85	1284
CORRELATION	1352	992	8176	12334
SQUARE	173312	274
FOLD	1371	1326	1326	511173	511173	0	2075080
RAIL	41	87	85	1285
CORRELATION	1353	994	8176	12334
SQUARE	173440	274
FOLD	1372	1327	1327	511557	511557	0	2075969
RAIL	41	88	85	1286
CORRELATION	1354	994	8176	12334
SQUARE	173568	274
FOLD	1373	1328	1328	511944	511944	0	2077237
RAIL	26	102	85	1287
CORRELATION	1355	994	8176	12334
SQUARE	173696	274
FOLD	1374	1329	1329	512328	512328	0	2078255
RAIL	26	103	85	1288
CORRELATION	1356	994	8176	12334
SQUARE	173824	274
FOLD	1375	1330	1330	512715	512715	0	2080058
RAIL	40	88	85	1289
CORRELATION	1357	996	8176	12334
SQUARE	173952	274
FOLD	1376	1331	1331	513099	513099	0	2082115
RAIL	40	89	85	1290
CORRELATION	1358	999	8176	12334
SQUARE	174080	274
FOLD	1377	1332	1332	513486	513486	0	2083900
RAIL	27	101	85	1291
CORRELATION	1359	999	8176	12334
SQUARE	174208	274
FOLD	1378	1333	1333	513870	513870	0	2085668
RAIL	27	102	85	1292
CORRELATION	1360	999	8176	12334
SQUARE	174336	274
FOLD	1379	1334	1334	514257	514257	0	2088148
RAIL	39	89	85	1293
CORRELATION	1361	1000	8176	12334
SQUARE	174464	274
FOLD	1380	1335	1335	514641	514641	0	2089980
RAIL	39	90	85	1294
CORRELATION	1362	1000	8176	12334
SQUARE	174592	274
FOLD	1381	1336	1336	515028	515028	0	2092087
RAIL	28	100	85	1295
CORRELATION	1363	1002	8176	12334
SQUARE	174720	274
FOLD	1382	1337	1337	515412	515412	0	2095713
RAIL	28	101	85	1296
CORRELATION	1364	1004	8176	12334
SQUARE	174848	274
FOLD	1383	1338	1338	515799	515799	0	2097587
RAIL	38	90	85	1297
CORRELATION	1365	1004	8176	12334
SQUARE	174976	274
FOLD	1384	1339	1339	516183	516183	0	2099413
RAIL	38	91	85	1298
CORRELATION	1366	1004	8176	12334
SQUARE	175104	274
FOLD	1385	1340	1340	516570	516570	0	2101206
RAIL	29	99	85	1299
CORRELATION	1367	1004	8176	12334
SQUARE	175232	274
FOLD	1386	1341	1341	516954	516954	0	2104692
RAIL	29	100	85	1300
CORRELATION	1368	1006	8176	12334
SQUARE	175360	274
FOLD	1387	1342	1342	517341	517341	0	2106452
RAIL	37	91	85	1301
CORRELATION	1369	1006	8176	12334
SQUARE	175488	274
FOLD	1388	1343	1343	517725	517725	0	2110541
RAIL	37	92	85	1302
CORRELATION	1370	1009	8176	12334
SQUARE	175616	274
FOLD	1389	1344	1344	518112	518112	0	2112317
RAIL	30	98	85	1303
CORRELATION	1371	1009	8176	12334
SQUARE	175744	274
FOLD	1390	1345	1345	518496	518496	0	2116075
RAIL	30	99	85	1304
CORRELATION	1372	1011	8176	12334
SQUARE	175872	274
FOLD	1391	1346	1346	518883	518883	0	2117927
RAIL	36	92	85	1305
CORRELATION	1373	1011	8176	12334
SQUARE	176000	274
FOLD	1392	1347	1347	519267	519267	0	2123039
RAIL	36	93	85	1306
CORRELATION	1374	1014	8176	12334
SQUARE	176128	274
FOLD	1393	1348	1348	519654	519654	0	2124846
RAIL	31	97	85	1307
CORRELATION	1375	1014	8176	12334
SQUARE	176256	274
FOLD	1394	1349	1349	520038	520038	0	2127040
RAIL	31	98	85	1308
CORRELATION	1376	1014	8176	12334
SQUARE	176384	274
FOLD	1395	1350	1350	520425	520425	0	2129911
RAIL	35	93	85	1309
CORRELATION	1377	1017	8176	12334
SQUARE	176512	274
FOLD	1396	1351	1351	520809	520809	0	2131699
RAIL	35	94	85	1310
CORRELATION	1378	1017	8176	12334
SQUARE	176640	274
FOLD	1397	1352	1352	521196	521196	0	2133917
RAIL	32	96	85	1311
CORRELATION	1379	1017	8176	12334
SQUARE	176768	274
FOLD	1398	1353	1353	521580	521580	0	2137851
RAIL	32	97	85	1312
CORRELATION	1380	1020	8176	12334
SQUARE	176896	274
FOLD	1399	1354	1354	521967	521967	0	2140330
RAIL	34	94	85	1313
CORRELATION	1381	1022	8176	12334
SQUARE	177024	274
FOLD	1400	1355	1355	522351	522351	0	2142168
RAIL	34	95	85	1314
CORRELATION	1382	1022	8176	12334
SQUARE	177152	274
FOLD	1401	1356	1356	522738	522738	0	2143857
RAIL	33	95	85	1315
CORRELATION	1383	1022	8176	12334
SQUARE	177280	274
FOLD	1402	1357	1357	523122	523122	0	2145774
RAIL	33	96	85	1316
CORRELATION	1384	1022	8176	12334
SQUARE	177408	274
FOLD	1403	1358	1358	523509	523509	0	2150536
RAIL	64	64	85	1317
CORRELATION	1387	1023	8176	12334
SQUARE	177792	274
FOLD	1404	1359	1359	523893	523893	0	2153615
RAIL	64	65	85	1318
CORRELATION	1388	1025	8176	12334
SQUARE	177920	274
FOLD	1405	1360	1360	524280	524280	0	2158969
RAIL	63	65	85	1319
CORRELATION	1391	1027	8176	12334
SQUARE	178304	274
FOLD	1406	1361	1361	524664	524664	0	2162487
RAIL	63	66	85	1320
CORRELATION	1392	1030	8176	12334
SQUARE	178432	274
FOLD	1407	1362	1362	525051	525051	0	2167653
RAIL	62	66	85	1321
CORRELATION	1395	1032	8176	12334
SQUARE	178816	274
FOLD	1408	1363	1363	525435	525435	0	2170977
RAIL	62	67	85	1322
CORRELATION	1396	1035	8176	12334
SQUARE	178944	274
FOLD	1409	1364	1364	525822	525822	0	2177033
RAIL	61	67	85	1323
CORRELATION	1399	1039	8176	12334
SQUARE	179328	274
FOLD	1410	1365	1365	526206	526206	0	2178801
RAIL	61	68	85	1324
CORRELATION	1400	1039	8176	12334
SQUARE	179456	274
FOLD	1411	1366	1366	526593	526593	0	2187035
RAIL	60	68	85	1325
CORRELATION	1403	1042	8176	12334
SQUARE	179840	274
FOLD	1412	1367	1367	526977	526977	0	2189091
RAIL	60	69	85	1326
CORRELATION	1404	1042	8176	12334
SQUARE	179968	274
FOLD	1413	1368	1368	527364	527364	0	2195458
RAIL	59	69	85	1327
CORRELATION	1407	1046	8176	12334
SQUARE	180352	274
FOLD	1414	1369	1369	527748	527748	0	2197991
RAIL	59	70	85	1328
CORRELATION	1408	1046	8176	12334
SQUARE	180480	274
FOLD	1415	1370	1370	528135	528135	0	2201306
RAIL	8	120	85	1329
CORRELATION	1409	1049	8176	12334
SQUARE	180608	274
FOLD	1416	1371	1371	528519	528519	0	2203229
RAIL	8	121	85	1330
CORRELATION	1410	1049	8176	12334
SQUARE	180736	274
FOLD	1417	1372	1372	528906	528906	0	2205408
RAIL	58	70	85	1331
CORRELATION	1411	1049	8176	12334
SQUARE	180864	274
FOLD	1418	1373	1373	529290	529290	0	2211377
RAIL	58	71	85	1332
CORRELATION	1412	1053	8176	12334
SQUARE	180992	274
FOLD	1419	1374	1374	529677	529677	0	2214493
RAIL	9	119	85	1333
CORRELATION	1413	1053	8176	12334
SQUARE	181120	274
FOLD	1428	1375	1375	530061	530061	0	2238421
RAIL	11	118	89	1338
CORRELATION	1422	1061	8176	12334
SQUARE	182272	274
FOLD	1429	1376	1376	530448	530448	0	2241285
RAIL	55	73	89	1339
CORRELATION	1423	1063	8176	12334
SQUARE	182400	274
FOLD	1430	1377	1377	530832	530832	0	2243283
RAIL	55	74	89	1340
CORRELATION	1424	1063	8176	12334
SQUARE	182528	274
FOLD	1431	1378	1378	531219	531219	0	2245565
RAIL	12	116	89	1341
CORRELATION	1425	1063	8176	12334
SQUARE	182656	274
FOLD	1432	1379	1379	531603	531603	0	2249371
RAIL	12	117	89	1342
CORRELATION	1426	1066	8176	12334
SQUARE	182784	274
FOLD	1433	1380	1380	531990	531990	0	2251572
RAIL	54	74	89	1343
CORRELATION	1427	1066	8176	12334
SQUARE	182912	274
FOLD	1434	1381	1381	532374	532374	0	2254634
RAIL	54	75	89	1344
CORRELATION	1428	1069	8176	12334
SQUARE	183040	274
FOLD	1435	1382	1382	532761	532761	0	2256586
RAIL	13	115	89	1345
CORRELATION	1429	1069	8176	12334
SQUARE	183168	274
FOLD	1444	1383	1383	533145	533145	0	2277781
RAIL	15	114	93	1350
CORRELATION	1438	1078	8176	12334
SQUARE	184320	274
FOLD	1445	1384	1384	533532	533532	0	2282010
RAIL	51	77	93	1351
CORRELATION	1439	1081	8176	12334
SQUARE	184448	274
FOLD	1446	1385	1385	533916	533916	0	2284007
RAIL	51	78	93	1352
CORRELATION	1440	1081	8176	12334
SQUARE	184576	274
FOLD	1447	1386	1386	534303	534303	0	2286042
RAIL	16	112	93	1353
CORRELATION	1441	1081	8176	12334
SQUARE	184704	274
FOLD	1456	1387	1387	534687	534687	0	2307648
RAIL	18	111	97	1358
CORRELATION	1450	1088	8176	12334
SQUARE	185856	274
FOLD	1457	1388	1388	535074	535074	0	2310625
RAIL	48	80	97	1359
CORRELATION	1451	1090	8176	12334
SQUARE	185984	274
FOLD	1458	1389	1389	535458	535458	0	2313245
RAIL	48	81	97	1360
CORRELATION	1452	1090	8176	12334
SQUARE	186112	274
FOLD	1459	1390	1390	535845	535845	0	2315949
RAIL	19	109	97	1361
CORRELATION	1453	1091	8176	12334
SQUARE	186240	274
FOLD	1460	1391	1391	536229	536229	0	2319096
RAIL	19	110	97	1362
CORRELATION	1454	1093	8176	12334
SQUARE	186368	274
FOLD	1461	1392	1392	536616	536616	0	2321447
RAIL	47	81	97	1363
CORRELATION	1455	1093	8176	12334
SQUARE	186496	274
FOLD	1462	1393	1393	537000	537000	0	2323519
RAIL	47	82	97	1364
CORRELATION	1456	1095	8176	12334
SQUARE	186624	274
FOLD	1463	1394	1394	537387	537387	0	2324828
RAIL	20	108	97	1365
CORRELATION	1457	1095	8176	12334
SQUARE	186752	274
FOLD	1464	1395	1395	537771	537771	0	2326787
RAIL	20	109	97	1366
CORRELATION	1458	1098	8176	12334
SQUARE	186880	274
FOLD	1465	1396	1396	538158	538158	0	2327782
RAIL	46	82	97	1367
CORRELATION	1459	1098	8176	12334
SQUARE	187008	274
FOLD	1466	1397	1397	538542	538542	0	2329890
RAIL	46	83	97	1368
CORRELATION	1460	1098	8176	12334
SQUARE	187136	274
FOLD	1467	1398	1398	538929	538929	0	2333453
RAIL	21	107	97	1369
CORRELATION	1461	1101	8176	12334
SQUARE	187264	274
FOLD	1468	1399	1399	539313	539313	0	2334893
RAIL	21	108	97	1370
CORRELATION	1462	1101	8176	12334
SQUARE	187392	274
FOLD	1469	1400	1400	539700	539700	0	2337292
RAIL	45	83	97	1371
CORRELATION	1463	1103	8176	12334
SQUARE	187520	274
FOLD	1470	1401	1401	540084	540084	0	2338612
RAIL	45	84	97	1372
CORRELATION	1464	1103	8176	12334
SQUARE	187648	274
FOLD	1471	1402	1402	540471	540471	0	2341568
RAIL	22	106	97	1373
CORRELATION	1465	1106	8176	12334
SQUARE	187776	274
FOLD	1472	1403	1403	540855	540855	0	2342553
RAIL	22	107	97	1374
CORRELATION	1466	1106	8176	12334
SQUARE	187904	274
FOLD	1473	1404	1404	541242	541242	0	2343511
RAIL	44	84	97	1375
CORRELATION	1467	1106	8176	12334
SQUARE	188032	274
FOLD	1474	1405	1405	541626	541626	0	2344924
RAIL	44	85	97	1376
CORRELATION	1468	1106	8176	12334
SQUARE	188160	274
FOLD	1475	1406	1406	542013	542013	0	2346308
RAIL	23	105	97	1377
CORRELATION	1469	1107	8176	12334
SQUARE	188288	274
FOLD	1476	1407	1407	542397	542397	0	2347603
RAIL	23	106	97	1378
CORRELATION	1470	1107	8176	12334
SQUARE	188416	274
FOLD	1477	1408	1408	542784	542784	0	2350518
RAIL	43	85	97	1379
CORRELATION	1471	1110	8176	12334
SQUARE	188544	274
FOLD	1478	1409	1409	543168	543168	0	2351445
RAIL	43	86	97	1380
CORRELATION	1472	1110	8176	12334
SQUARE	188672	274
FOLD	1479	1410	1410	543555	543555	0	2353767
RAIL	24	104	97	1381
CORRELATION	1473	1113	8176	12334
SQUARE	188800	274
FOLD	1480	1411	1411	543939	543939	0	2354860
RAIL	24	105	97	1382
CORRELATION	1474	1114	8176	12334
SQUARE	188928	274
FOLD	1481	1412	1412	544326	544326	0	2356219
RAIL	42	86	97	1383
CORRELATION	1475	1114	8176	12334
SQUARE	189056	274
FOLD	1482	1413	1413	544710	544710	0	2359050
RAIL	42	87	97	1384
CORRELATION	1476	1117	8176	12334
SQUARE	189184	274
FOLD	1483	1414	1414	545097	545097	0	2360175
RAIL	25	103	97	1385
CORRELATION	1477	1117	8176	12334
SQUARE	189312	274
FOLD	1484	1415	1415	545481	545481	0	2361233
RAIL	25	104	97	1386
CORRELATION	1478	1117	8176	12334
SQUARE	189440	274
FOLD	1485	1416	1416	545868	545868	0	2362379
RAIL	41	87	97	1387
CORRELATION	1479	1117	8176	12334
SQUARE	189568	274
FOLD	1486	1417	1417	546252	546252	0	2363842
RAIL	41	88	97	1388
CORRELATION	1480	1117	8176	12334
SQUARE	189696	274
FOLD	1487	1418	1418	546639	546639	0	2365560
RAIL	26	102	97	1389
CORRELATION	1481	1120	8176	12334
SQUARE	189824	274
FOLD	1488	1419	1419	547023	547023	0	2367246
RAIL	26	103	97	1390
CORRELATION	1482	1122	8176	12334
SQUARE	189952	274
FOLD	1489	1420	1420	547410	547410	0	2368945
RAIL	40	88	97	1391
CORRELATION	1483	1123	8176	12334
SQUARE	190080	274
FOLD	1490	1421	1421	547794	547794	0	2370391
RAIL	40	89	97	1392
CORRELATION	1484	1125	8176	12334
SQUARE	190208	274
FOLD	1491	1422	1422	548181	548181	0	2371353
RAIL	27	101	97	1393
CORRELATION	1485	1125	8176	12334
SQUARE	190336	274
FOLD	1492	1423	1423	548565	548565	0	2372292
RAIL	27	102	97	1394
CORRELATION	1486	1125	8176	12334
SQUARE	190464	274
FOLD	1493	1424	1424	548952	548952	0	2373574
RAIL	39	89	97	1395
CORRELATION	1487	1125	8176	12334
SQUARE	190592	274
FOLD	1494	1425	1425	549336	549336	0	2377330
RAIL	39	90	97	1396
CORRELATION	1488	1129	8176	12334
SQUARE	190720	274
FOLD	1495	1426	1426	549723	549723	0	2380251
RAIL	28	100	97	1397
CORRELATION	1489	1131	8176	12334
SQUARE	190848	274
FOLD	1496	1427	1427	550107	550107	0	2381316
RAIL	28	101	97	1398
CORRELATION	1490	1131	8176	12334
SQUARE	190976	274
FOLD	1497	1428	1428	550494	550494	0	2382261
RAIL	38	90	97	1399
CORRELATION	1491	1131	8176	12334
SQUARE	191104	274
FOLD	1498	1429	1429	550878	550878	0	2383289
RAIL	38	91	97	1400
CORRELATION	1492	1131	8176	12334
SQUARE	191232	274
FOLD	1499	1430	1430	551265	551265	0	2384647
RAIL	29	99	97	1401
CORRELATION	1493	1131	8176	12334
SQUARE	191360	274
FOLD	1500	1431	1431	551649	551649	0	2387306
RAIL	29	100	97	1402
CORRELATION	1494	1134	8176	12334
SQUARE	191488	274
FOLD	1501	1432	1432	552036	552036	0	2388475
RAIL	37	91	97	1403
CORRELATION	1495	1135	8176	12334
SQUARE	191616	274
FOLD	1502	1433	1433	552420	552420	0	2390507
RAIL	37	92	97	1404
CORRELATION	1496	1137	8176	12334
SQUARE	191744	274
FOLD	1503	1434	1434	552807	552807	0	2391479
RAIL	30	98	97	1405
CORRELATION	1497	1137	8176	12334
SQUARE	191872	274
FOLD	1504	1435	1435	553191	553191	0	2393073
RAIL	30	99	97	1406
CORRELATION	1498	1137	8176	12334
SQUARE	192000	274
FOLD	1505	1436	1436	553578	553578	0	2395099
RAIL	36	92	97	1407
CORRELATION	1499	1139	8176	12334
SQUARE	192128	274
FOLD	1506	1437	1437	553962	553962	0	2396372
RAIL	36	93	97	1408
CORRELATION	1500	1139	8176	12334
SQUARE	192256	274
FOLD	1507	1438	1438	554349	554349	0	2399100
RAIL	31	97	97	1409
CORRELATION	1501	1142	8176	12334
SQUARE	192384	274
FOLD	1508	1439	1439	554733	554733	0	2400421
RAIL	31	98	97	1410
CORRELATION	1502	1142	8176	12334
SQUARE	192512	274
FOLD	1509	1440	1440	555120	555120	0	2402247
RAIL	35	93	97	1411
CORRELATION	1503	1144	8176	12334
SQUARE	192640	274
FOLD	1510	1441	1441	555504	555504	0	2403590
RAIL	35	94	97	1412
CORRELATION	1504	1144	8176	12334
SQUARE	192768	274
FOLD	1511	1442	1442	555891	555891	0	2405614
RAIL	32	96	97	1413
CORRELATION	1505	1147	8176	12334
SQUARE	192896	274
FOLD	1512	1443	1443	556275	556275	0	2406556
RAIL	32	97	97	1414
CORRELATION	1506	1147	8176	12334
SQUARE	193024	274
FOLD	1513	1444	1444	556662	556662	0	2407879
RAIL	34	94	97	1415
CORRELATION	1507	1147	8176	12334
SQUARE	193152	274
FOLD	1514	1445	1445	557046	557046	0	2409517
RAIL	34	95	97	1416
CORRELATION	1508	1147	8176	12334
SQUARE	193280	274
FOLD	1515	1446	1446	557433	557433	0	2411346
RAIL	33	95	97	1417
CORRELATION	1509	1150	8176	12334
SQUARE	193408	274
FOLD	1516	1447	1447	557817	557817	0	2412246
RAIL	33	96	97	1418
CORRELATION	1510	1150	8176	12334
SQUARE	193536	274
FOLD	1517	1448	1448	558204	558204	0	2418186
RAIL	64	64	97	1419
CORRELATION	1513	1154	8176	12334
SQUARE	193920	274
FOLD	1518	1449	1449	558588	558588	0	2420582
RAIL	64	65	97	1420
CORRELATION	1514	1156	8176	12334
SQUARE	194048	274
FOLD	1519	1450	1450	558975	558975	0	2424526
RAIL	63	65	97	1421
CORRELATION	1517	1159	8176	12334
SQUARE	194432	274
FOLD	1520	1451	1451	559359	559359	0	2425498
RAIL	63	66	97	1422
CORRELATION	1518	1159	8176	12334
SQUARE	194560	274
FOLD	1521	1452	1452	559746	559746	0	2429399
RAIL	62	66	97	1423
CORRELATION	1521	1163	8176	12334
SQUARE	194944	274
FOLD	1522	1453	1453	560130	560130	0	2432202
RAIL	62	67	97	1424
CORRELATION	1522	1165	8176	12334
SQUARE	195072	274
FOLD	1523	1454	1454	560517	560517	0	2434177
RAIL	61	67	97	1425
CORRELATION	1525	1165	8176	12334
SQUARE	195456	274
FOLD	1524	1455	1455	560901	560901	0	2435069
RAIL	61	68	97	1426
CORRELATION	1526	1165	8176	12334
SQUARE	195584	274
FOLD	1525	1456	1456	561288	561288	0	2437473
RAIL	60	68	97	1427
CORRELATION	1529	1165	8176	12334
SQUARE	195968	274
FOLD	1526	1457	1457	561672	561672	0	2440426
RAIL	60	69	97	1428
CORRELATION	1530	1168	8176	12334
SQUARE	196096	274
FOLD	1527	1458	1458	562059	562059	0	2444497
RAIL	59	69	97	1429
CORRELATION	1533	1172	8176	12334
SQUARE	196480	274
FOLD	1528	1459	1459	562443	562443	0	2445870
RAIL	59	70	97	1430
CORRELATION	1534	1172	8176	12334
SQUARE	196608	274
FOLD	1529	1460	1460	562830	562830	0	2447266
RAIL	8	120	97	1431
CORRELATION	1535	1175	8176	12334
SQUARE	196736	274
FOLD	1534	1461	1461	563214	563214	0	2454018
RAIL	9	120	99	1434
CORRELATION	1540	1178	8176	12334
SQUARE	197376	274
FOLD	1535	1462	1462	563601	563601	0	2456831
RAIL	57	71	99	1435
CORRELATION	1541	1181	8176	12334
SQUARE	197504	274
FOLD	1536	1463	1463	563985	563985	0	2458633
RAIL	57	72	99	1436
CORRELATION	1542	1183	8176	12334
SQUARE	197632	274
FOLD	1537	1464	1464	564372	564372	0	2459655
RAIL	10	118	99	1437
CORRELATION	1543	1183	8176	12334
SQUARE	197760	274
FOLD	1546	1465	1465	564756	564756	0	2473221
RAIL	12	117	103	1442
CORRELATION	1552	1192	8176	12334
SQUARE	198912	274
FOLD	1547	1466	1466	565143	565143	0	2475608
RAIL	54	74	103	1443
CORRELATION	1553	1193	8176	12334
SQUARE	199040	274
FOLD	1548	1467	1467	565527	565527	0	2477833
RAIL	54	75	103	1444
CORRELATION	1554	1195	8176	12334
SQUARE	199168	274
FOLD	1549	1468	1468	565914	565914	0	2478931
RAIL	13	115	103	1445
CORRELATION	1555	1196	8176	12334
SQUARE	199296	274
FOLD	1550	1469	1469	566298	566298	0	2480171
RAIL	13	116	103	1446
CORRELATION	1556	1196	8176	12334
SQUARE	199424	274
FOLD	1551	1470	1470	566685	566685	0	2482871
RAIL	53	75	103	1447
CORRELATION	1557	1199	8176	12334
SQUARE	199552	274
FOLD	1552	1471	1471	567069	567069	0	2483920
RAIL	53	76	103	1448
CORRELATION	1558	1199	8176	12334
SQUARE	199680	274
FOLD	1553	1472	1472	567456	567456	0	2484921
RAIL	14	114	103	1449
CORRELATION	1559	1199	8176	12334
SQUARE	199808	274
FOLD	1562	1473	1473	567840	567840	0	2496534
RAIL	16	113	107	1454
CORRELATION	1568	1208	8176	12334
SQUARE	200960	274
FOLD	1563	1474	1474	568227	568227	0	2498990
RAIL	50	78	107	1455
CORRELATION	1569	1210	8176	12334
SQUARE	201088	274
FOLD	1564	1475	1475	568611	568611	0	2500386
RAIL	50	79	107	1456
CORRELATION	1570	1210	8176	12334
SQUARE	201216	274
FOLD	1565	1476	1476	568998	568998	0	2503067
RAIL	17	111	107	1457
CORRELATION	1571	1213	8176	12334
SQUARE	201344	274
FOLD	1574	1477	1477	569382	569382	0	2515673
RAIL	19	110	111	1462
CORRELATION	1580	1221	8176	12334
SQUARE	202496	274
FOLD	1575	1478	1478	569769	569769	0	2516720
RAIL	47	81	111	1463
CORRELATION	1581	1221	8176	12334
SQUARE	202624	274
FOLD	1576	1479	1479	570153	570153	0	2517956
RAIL	47	82	111	1464
CORRELATION	1582	1221	8176	12334
SQUARE	202752	274
FOLD	1577	1480	1480	570540	570540	0	2520444
RAIL	20	108	111	1465
CORRELATION	1583	1224	8176	12334
SQUARE	202880	274
FOLD	1578	1481	1481	570924	570924	0	2521817
RAIL	20	109	111	1466
CORRELATION	1584	1224	8176	12334
SQUARE	203008	274
FOLD	1579	1482	1482	571311	571311	0	2524305
RAIL	46	82	111	1467
CORRELATION	1585	1227	8176	12334
SQUARE	203136	274
FOLD	1580	1483	1483	571695	571695	0	2526099
RAIL	46	83	111	1468
CORRELATION	1586	1228	8176	12334
SQUARE	203264	274
FOLD	1581	1484	1484	572082	572082	0	2529484
RAIL	21	107	111	1469
CORRELATION	1587	1230	8176	12334
SQUARE	203392	274
FOLD	1582	1485	1485	572466	572466	0	2531224
RAIL	21	108	111	1470
CORRELATION	1588	1230	8176	12334
SQUARE	203520	274
FOLD	1583	1486	1486	572853	572853	0	2533006
RAIL	45	83	111	1471
CORRELATION	1589	1230	8176	12334
SQUARE	203648	274
FOLD	1584	1487	1487	573237	573237	0	2533944
RAIL	45	84	111	1472
CORRELATION	1590	1230	8176	12334
SQUARE	203776	274
FOLD	1585	1488	1488	573624	573624	0	2535114
RAIL	22	106	111	1473
CORRELATION	1591	1230	8176	12334
SQUARE	203904	274
FOLD	1586	1489	1489	574008	574008	0	2536092
RAIL	22	107	111	1474
CORRELATION	1592	1230	8176	12334
SQUARE	204032	274
FOLD	1587	1490	1490	574395	574395	0	2537589
RAIL	44	84	111	1475
CORRELATION	1593	1230	8176	12334
SQUARE	204160	274
FOLD	1588	1491	1491	574779	574779	0	2540888
RAIL	44	85	111	1476
CORRELATION	1594	1233	8176	12334
SQUARE	204288	274
FOLD	1589	1492	1492	575166	575166	0	2542887
RAIL	23	105	111	1477
CORRELATION	1595	1235	8176	12334
SQUARE	204416	274
FOLD	1590	1493	1493	575550	575550	0	2545213
RAIL	23	106	111	1478
CORRELATION	1596	1236	8176	12334
SQUARE	204544	274
FOLD	1591	1494	1494	575937	575937	0	2546546
RAIL	43	85	111	1479
CORRELATION	1597	1236	8176	12334
SQUARE	204672	274
FOLD	1592	1495	1495	576321	576321	0	2548901
RAIL	43	86	111	1480
CORRELATION	1598	1239	8176	12334
SQUARE	204800	274
FOLD	1593	1496	1496	576708	576708	0	2549845
RAIL	24	104	111	1481
CORRELATION	1599	1239	8176	12334
SQUARE	204928	274
FOLD	1594	1497	1497	577092	577092	0	2552376
RAIL	24	105	111	1482
CORRELATION	1600	1240	8176	12334
SQUARE	205056	274
FOLD	1595	1498	1498	577479	577479	0	2554092
RAIL	42	86	111	1483
CORRELATION	1601	1242	8176	12334
SQUARE	205184	274
FOLD	1596	1499	1499	577863	577863	0	2555526
RAIL	42	87	111	1484
CORRELATION	1602	1243	8176	12334
SQUARE	205312	274
FOLD	1597	1500	1500	578250	578250	0	2557038
RAIL	25	103	111	1485
CORRELATION	1603	1243	8176	12334
SQUARE	205440	274
FOLD	1598	1501	1501	578634	578634	0	2560194
RAIL	25	104	111	1486
CORRELATION	1604	1246	8176	12334
SQUARE	205568	274
FOLD	1599	1502	1502	579021	579021	0	2561148
RAIL	41	87	111	1487
CORRELATION	1605	1246	8176	12334
SQUARE	205696	274
FOLD	1600	1503	1503	579405	579405	0	2562113
RAIL	41	88	111	1488
CORRELATION	1606	1246	8176	12334
SQUARE	205824	274
FOLD	1601	1504	1504	579792	579792	0	2563505
RAIL	26	102	111	1489
CORRELATION	1607	1246	8176	12334
SQUARE	205952	274
FOLD	1602	1505	1505	580176	580176	0	2565896
RAIL	26	103	111	1490
CORRELATION	1608	1248	8176	12334
SQUARE	206080	274
FOLD	1603	1506	1506	580563	580563	0	2567428
RAIL	40	88	111	1491
CORRELATION	1609	1250	8176	12334
SQUARE	206208	274
FOLD	1604	1507	1507	580947	580947	0	2569356
RAIL	40	89	111	1492
CORRELATION	1610	1250	8176	12334
SQUARE	206336	274
FOLD	1605	1508	1508	581334	581334	0	2570782
RAIL	27	101	111	1493
CORRELATION	1611	1250	8176	12334
SQUARE	206464	274
FOLD	1606	1509	1509	581718	581718	0	2573342
RAIL	27	102	111	1494
CORRELATION	1612	1253	8176	12334
SQUARE	206592	274
FOLD	1607	1510	1510	582105	582105	0	2575911
RAIL	39	89	111	1495
CORRELATION	1613	1255	8176	12334
SQUARE	206720	274
FOLD	1608	1511	1511	582489	582489	0	2576939
RAIL	39	90	111	1496
CORRELATION	1614	1255	8176	12334
SQUARE	206848	274
FOLD	1609	1512	1512	582876	582876	0	2578185
RAIL	28	100	111	1497
CORRELATION	1615	1255	8176	12334
SQUARE	206976	274
FOLD	1610	1513	1513	583260	583260	0	2579652
RAIL	28	101	111	1498
CORRELATION	1616	1255	8176	12334
SQUARE	207104	274
FOLD	1611	1514	1514	583647	583647	0	2582408
RAIL	38	90	111	1499
CORRELATION	1617	1258	8176	12334
SQUARE	207232	274
FOLD	1612	1515	1515	584031	584031	0	2583855
RAIL	38	91	111	1500
CORRELATION	1618	1258	8176	12334
SQUARE	207360	274
FOLD	1613	1516	1516	584418	584418	0	2586215
RAIL	29	99	111	1501
CORRELATION	1619	1261	8176	12334
SQUARE	207488	274
FOLD	1614	1517	1517	584802	584802	0	2588034
RAIL	29	100	111	1502
CORRELATION	1620	1262	8176	12334
SQUARE	207616	274
FOLD	1615	1518	1518	585189	585189	0	2590578
RAIL	37	91	111	1503
CORRELATION	1621	1264	8176	12334
SQUARE	207744	274
FOLD	1616	1519	1519	585573	585573	0	2591609
RAIL	37	92	111	1504
CORRELATION	1622	1264	8176	12334
SQUARE	207872	274
FOLD	1617	1520	1520	585960	585960	0	2592594
RAIL	30	98	111	1505
CORRELATION	1623	1264	8176	12334
SQUARE	208000	274
FOLD	1618	1521	1521	586344	586344	0	2593601
RAIL	30	99	111	1506
CORRELATION	1624	1264	8176	12334
SQUARE	208128	274
FOLD	1619	1522	1522	586731	586731	0	2594520
RAIL	36	92	111	1507
CORRELATION	1625	1264	8176	12334
SQUARE	208256	274
FOLD	1620	1523	1523	587115	587115	0	2595808
RAIL	36	93	111	1508
CORRELATION	1626	1264	8176	12334
SQUARE	208384	274
FOLD	1621	1524	1524	587502	587502	0	2597816
RAIL	31	97	111	1509
CORRELATION	1627	1267	8176	12334
SQUARE	208512	274
FOLD	1622	1525	1525	587886	587886	0	2599487
RAIL	31	98	111	1510
CORRELATION	1628	1269	8176	12334
SQUARE	208640	274
FOLD	1623	1526	1526	588273	588273	0	2602265
RAIL	35	93	111	1511
CORRELATION	1629	1270	8176	12334
SQUARE	208768	274
FOLD	1624	1527	1527	588657	588657	0	2603607
RAIL	35	94	111	1512
CORRELATION	1630	1270	8176	12334
SQUARE	208896	274
FOLD	1625	1528	1528	589044	589044	0	2605439
RAIL	32	96	111	1513
CORRELATION	1631	1273	8176	12334
SQUARE	209024	274
FOLD	1626	1529	1529	589428	589428	0	2606384
RAIL	32	97	111	1514
CORRELATION	1632	1273	8176	12334
SQUARE	209152	274
FOLD	1627	1530	1530	589815	589815	0	2607829
RAIL	34	94	111	1515
CORRELATION	1633	1273	8176	12334
SQUARE	209280	274
FOLD	1628	1531	1531	590199	590199	0	2610868
RAIL	34	95	111	1516
CORRELATION	1634	1276	8176	12334
SQUARE	209408	274
FOLD	1629	1532	1532	590586	590586	0	2611871
RAIL	33	95	111	1517
CORRELATION	1635	1276	8176	12334
SQUARE	209536	274
FOLD	1630	1533	1533	590970	590970	0	2613236
RAIL	33	96	111	1518
CORRELATION	1636	1276	8176	12334
SQUARE	209664	274
FOLD	1631	1534	1534	591357	591357	0	2617641
RAIL	64	64	111	1519
CORRELATION	1639	1281	8176	12334
SQUARE	210048	274
FOLD	1632	1535	1535	591741	591741	0	2618627
RAIL	64	65	111	1520
CORRELATION	1640	1281	8176	12334
SQUARE	210176	274
FOLD	1633	1536	1536	592128	592128	0	2623412
RAIL	63	65	111	1521
CORRELATION	1643	1285	8176	12334
SQUARE	210560	274
FOLD	1634	1537	1537	592512	592512	0	2625252
RAIL	63	66	111	1522
CORRELATION	1644	1285	8176	12334
SQUARE	210688	274
FOLD	1635	1538	1538	592899	592899	0	2629656
RAIL	62	66	111	1523
CORRELATION	1647	1289	8176	12334
SQUARE	211072	274
FOLD	1636	1539	1539	593283	593283	0	2630913
RAIL	62	67	111	1524
CORRELATION	1648	1290	8176	12334
SQUARE	211200	274
FOLD	1637	1540	1540	593670	593670	0	2638625
RAIL	61	67	111	1525
CORRELATION	1651	1295	8176	12334
SQUARE	211584	274
FOLD	1638	1541	1541	594054	594054	0	2639703
RAIL	61	68	111	1526
CORRELATION	1652	1295	8176	12334
SQUARE	211712	274
FOLD	1639	1542	1542	594441	594441	0	2642579
RAIL	60	68	111	1527
CORRELATION	1655	1295	8176	12334
SQUARE	212096	274
FOLD	1640	1543	1543	594825	594825	0	2643553
RAIL	60	69	111	1528
CORRELATION	1656	1295	8176	12334
SQUARE	212224	274
FOLD	1641	1544	1544	595212	595212	0	2645845
RAIL	59	69	111	1529
CORRELATION	1659	1295	8176	12334
SQUARE	212608	274
FOLD	1642	1545	1545	595596	595596	0	2648246
RAIL	59	70	111	1530
CORRELATION	1660	1297	8176	12334
SQUARE	212736	274
FOLD	1643	1546	1546	595983	595983	0	2650708
RAIL	8	120	111	1531
CORRELATION	1661	1300	8176	12334
SQUARE	212864	274
FOLD	1652	1547	1547	596367	596367	0	2667284
RAIL	10	119	115	1536
CORRELATION	1670	1309	8176	12334
SQUARE	214016	274
FOLD	1653	1548	1548	596754	596754	0	2668336
RAIL	56	72	115	1537
CORRELATION	1671	1310	8176	12334
SQUARE	214144	274
FOLD	1654	1549	1549	597138	597138	0	2670850
RAIL	56	73	115	1538
CORRELATION	1672	1312	8176	12334
SQUARE	214272	274
FOLD	1655	1550	1550	597525	597525	0	2671881
RAIL	11	117	115	1539
CORRELATION	1673	1312	8176	12334
SQUARE	214400	274
FOLD	1664	1551	1551	597909	597909	0	2685196
RAIL	13	116	119	1544
CORRELATION	1682	1323	8176	12334
SQUARE	215552	274
FOLD	1665	1552	1552	598296	598296	0	2686100
RAIL	53	75	119	1545
CORRELATION	1683	1323	8176	12334
SQUARE	215680	274
FOLD	1666	1553	1553	598680	598680	0	2687389
RAIL	53	76	119	1546
CORRELATION	1684	1323	8176	12334
SQUARE	215808	274
FOLD	1667	1554	1554	599067	599067	0	2688448
RAIL	14	114	119	1547
CORRELATION	1685	1323	8176	12334
SQUARE	215936	274
FOLD	1668	1555	1555	599451	599451	0	2690680
RAIL	14	115	119	1548
CORRELATION	1686	1325	8176	12334
SQUARE	216064	274
FOLD	1669	1556	1556	599838	599838	0	2692581
RAIL	52	76	119	1549
CORRELATION	1687	1327	8176	12334
SQUARE	216192	274
FOLD	1670	1557	1557	600222	600222	0	2693905
RAIL	52	77	119	1550
CORRELATION	1688	1327	8176	12334
SQUARE	216320	274
FOLD	1671	1558	1558	600609	600609	0	2695149
RAIL	15	113	119	1551
CORRELATION	1689	1327	8176	12334
SQUARE	216448	274
FOLD	1680	1559	1559	600993	600993	0	2708064
RAIL	17	112	123	1556
CORRELATION	1698	1339	8176	12334
SQUARE	217600	274
FOLD	1681	1560	1560	601380	601380	0	2708980
RAIL	49	79	123	1557
CORRELATION	1699	1339	8176	12334
SQUARE	217728	274
FOLD	1682	1561	1561	601764	601764	0	2710324
RAIL	49	80	123	1558
CORRELATION	1700	1339	8176	12334
SQUARE	217856	274
FOLD	1683	1562	1562	602151	602151	0	2711515
RAIL	18	110	123	1559
CORRELATION	1701	1340	8176	12334
SQUARE	217984	274
FOLD	1692	1563	1563	602535	602535	0	2725058
RAIL	20	109	127	1564
CORRELATION	1710	1351	8176	12334
SQUARE	219136	274
FOLD	1693	1564	1564	602922	602922	0	2725959
RAIL	46	82	127	1565
CORRELATION	1711	1351	8176	12334
SQUARE	219264	274
FOLD	1694	1565	1565	603306	603306	0	2726925
RAIL	46	83	127	1566
CORRELATION	1712	1351	8176	12334
SQUARE	219392	274
FOLD	1695	1566	1566	603693	603693	0	2728243
RAIL	21	107	127	1567
CORRELATION	1713	1351	8176	12334
SQUARE	219520	274
FOLD	1696	1567	1567	604077	604077	0	2730289
RAIL	21	108	127	1568
CORRELATION	1714	1354	8176	12334
SQUARE	219648	274
FOLD	1697	1568	1568	604464	604464	0	2731468
RAIL	45	83	127	1569
CORRELATION	1715	1355	8176	12334
SQUARE	219776	274
FOLD	1698	1569	1569	604848	604848	0	2733691
RAIL	45	84	127	1570
CORRELATION	1716	1357	8176	12334
SQUARE	219904	274
FOLD	1699	1570	1570	605235	605235	0	2735008
RAIL	22	106	127	1571
CORRELATION	1717	1357	8176	12334
SQUARE	220032	274
FOLD	1700	1571	1571	605619	605619	0	2735997
RAIL	22	107	127	1572
CORRELATION	1718	1357	8176	12334
SQUARE	220160	274
FOLD	1701	1572	1572	606006	606006	0	2738656
RAIL	44	84	127	1573
CORRELATION	1719	1360	8176	12334
SQUARE	220288	274
FOLD	1702	1573	1573	606390	606390	0	2739896
RAIL	44	85	127	1574
CORRELATION	1720	1360	8176	12334
SQUARE	220416	274
FOLD	1703	1574	1574	606777	606777	0	2742462
RAIL	23	105	127	1575
CORRELATION	1721	1363	8176	12334
SQUARE	220544	274
FOLD	1704	1575	1575	607161	607161	0	2744117
RAIL	23	106	127	1576
CORRELATION	1722	1363	8176	12334
SQUARE	220672	274
FOLD	1705	1576	1576	607548	607548	0	2746151
RAIL	43	85	127	1577
CORRELATION	1723	1363	8176	12334
SQUARE	220800	274
FOLD	1706	1577	1577	607932	607932	0	2747510
RAIL	43	86	127	1578
CORRELATION	1724	1364	8176	12334
SQUARE	220928	274
FOLD	1707	1578	1578	608319	608319	0	2749365
RAIL	24	104	127	1579
CORRELATION	1725	1366	8176	12334
SQUARE	221056	274
FOLD	1708	1579	1579	608703	608703	0	2750684
RAIL	24	105	127	1580
CORRELATION	1726	1368	8176	12334
SQUARE	221184	274
FOLD	1709	1580	1580	609090	609090	0	2751644
RAIL	42	86	127	1581
CORRELATION	1727	1368	8176	12334
SQUARE	221312	274
FOLD	1710	1581	1581	609474	609474	0	2753020
RAIL	42	87	127	1582
CORRELATION	1728	1368	8176	12334
SQUARE	221440	274
FOLD	1711	1582	1582	609861	609861	0	2754117
RAIL	25	103	127	1583
CORRELATION	1729	1368	8176	12334
SQUARE	221568	274
FOLD	1712	1583	1583	610245	610245	0	2757492
RAIL	25	104	127	1584
CORRELATION	1730	1372	8176	12334
SQUARE	221696	274
FOLD	1713	1584	1584	610632	610632	0	2758722
RAIL	41	87	127	1585
CORRELATION	1731	1372	8176	12334
SQUARE	221824	274
FOLD	1714	1585	1585	611016	611016	0	2759894
RAIL	41	88	127	1586
CORRELATION	1732	1373	8176	12334
SQUARE	221952	274
FOLD	1715	1586	1586	611403	611403	0	2761794
RAIL	26	102	127	1587
CORRELATION	1733	1376	8176	12334
SQUARE	222080	274
FOLD	1716	1587	1587	611787	611787	0	2762694
RAIL	26	103	127	1588
CORRELATION	1734	1376	8176	12334
SQUARE	222208	274
FOLD	1717	1588	1588	612174	612174	0	2764355
RAIL	40	88	127	1589
CORRELATION	1735	1376	8176	12334
SQUARE	222336	274
FOLD	1718	1589	1589	612558	612558	0	2765996
RAIL	40	89	127	1590
CORRELATION	1736	1376	8176	12334
SQUARE	222464	274
FOLD	1719	1590	1590	612945	612945	0	2767297
RAIL	27	101	127	1591
CORRELATION	1737	1378	8176	12334
SQUARE	222592	274
FOLD	1720	1591	1591	613329	613329	0	2768563
RAIL	27	102	127	1592
CORRELATION	1738	1378	8176	12334
SQUARE	222720	274
FOLD	1721	1592	1592	613716	613716	0	2769855
RAIL	39	89	127	1593
CORRELATION	1739	1379	8176	12334
SQUARE	222848	274
FOLD	1722	1593	1593	614100	614100	0	2772413
RAIL	39	90	127	1594
CORRELATION	1740	1382	8176	12334
SQUARE	222976	274
FOLD	1723	1594	1594	614487	614487	0	2773654
RAIL	28	100	127	1595
CORRELATION	1741	1382	8176	12334
SQUARE	223104	274
FOLD	1724	1595	1595	614871	614871	0	2775011
RAIL	28	101	127	1596
CORRELATION	1742	1382	8176	12334
SQUARE	223232	274
FOLD	1725	1596	1596	615258	615258	0	2777635
RAIL	38	90	127	1597
CORRELATION	1743	1385	8176	12334
SQUARE	223360	274
FOLD	1726	1597	1597	615642	615642	0	2778957
RAIL	38	91	127	1598
CORRELATION	1744	1387	8176	12334
SQUARE	223488	274
FOLD	1727	1598	1598	616029	616029	0	2780651
RAIL	29	99	127	1599
CORRELATION	1745	1387	8176	12334
SQUARE	223616	274
FOLD	1728	1599	1599	616413	616413	0	2781723
RAIL	29	100	127	1600
CORRELATION	1746	1387	8176	12334
SQUARE	223744	274
FOLD	1729	1600	1600	616800	616800	0	2782682
RAIL	37	91	127	1601
CORRELATION	1747	1387	8176	12334
SQUARE	223872	274
FOLD	1730	1601	1601	617184	617184	0	2785080
RAIL	37	92	127	1602
CORRELATION	1748	1389	8176	12334
SQUARE	224000	274
FOLD	1731	1602	1602	617571	617571	0	2786490
RAIL	30	98	127	1603
CORRELATION	1749	1391	8176	12334
SQUARE	224128	274
FOLD	1732	1603	1603	617955	617955	0	2787944
RAIL	30	99	127	1604
CORRELATION	1750	1391	8176	12334
SQUARE	224256	274
FOLD	1733	1604	1604	618342	618342	0	2790498
RAIL	36	92	127	1605
CORRELATION	1751	1394	8176	12334
SQUARE	224384	274
FOLD	1734	1605	1605	618726	618726	0	2791764
RAIL	36	93	127	1606
CORRELATION	1752	1394	8176	12334
SQUARE	224512	274
FOLD	1735	1606	1606	619113	619113	0	2792910
RAIL	31	97	127	1607
CORRELATION	1753	1394	8176	12334
SQUARE	224640	274
FOLD	1736	1607	1607	619497	619497	0	2795587
RAIL	31	98	127	1608
CORRELATION	1754	1396	8176	12334
SQUARE	224768	274
FOLD	1737	1608	1608	619884	619884	0	2798548
RAIL	35	93	127	1609
CORRELATION	1755	1398	8176	12334
SQUARE	224896	274
FOLD	1738	1609	1609	620268	620268	0	2801042
RAIL	35	94	127	1610
CORRELATION	1756	1400	8176	12334
SQUARE	225024	274
FOLD	1739	1610	1610	620655	620655	0	2802036
RAIL	32	96	127	1611
CORRELATION	1757	1400	8176	12334
SQUARE	225152	274
FOLD	1740	1611	1611	621039	621039	0	2803008
RAIL	32	97	127	1612
CORRELATION	1758	1400	8176	12334
SQUARE	225280	274
FOLD	1741	1612	1612	621426	621426	0	2803975
RAIL	34	94	127	1613
CORRELATION	1759	1400	8176	12334
SQUARE	225408	274
FOLD	1742	1613	1613	621810	621810	0	2804975
RAIL	34	95	127	1614
CORRELATION	1760	1400	8176	12334
SQUARE	225536	274
FOLD	1743	1614	1614	622197	622197	0	2805984
RAIL	33	95	127	1615
CORRELATION	1761	1400	8176	12334
SQUARE	225664	274
FOLD	1744	1615	1615	622581	622581	0	2806946
RAIL	33	96	127	1616
CORRELATION	1762	1400	8176	12334
SQUARE	225792	274
FOLD	1745	1616	1616	622968	622968	0	2811384
RAIL	64	64	127	1617
CORRELATION	1765	1406	8176	12334
SQUARE	226176	274
FOLD	1746	1617	1617	623352	623352	0	2812784
RAIL	64	65	127	1618
CORRELATION	1766	1406	8176	12334
SQUARE	226304	274
FOLD	1747	1618	1618	623739	623739	0	2816893
RAIL	63	65	127	1619
CORRELATION	1769	1410	8176	12334
SQUARE	226688	274
FOLD	1748	1619	1619	624123	624123	0	2818195
RAIL	63	66	127	1620
CORRELATION	1770	1412	8176	12334
SQUARE	226816	274
FOLD	1749	1620	1620	624510	624510	0	2821679
RAIL	62	66	127	1621
CORRELATION	1773	1414	8176	12334
SQUARE	227200	274
FOLD	1750	1621	1621	624894	624894	0	2823671
RAIL	62	67	127	1622
CORRELATION	1774	1416	8176	12334
SQUARE	227328	274
FOLD	1751	1622	1622	625281	625281	0	2827334
RAIL	61	67	127	1623
CORRELATION	1777	1418	8176	12334
SQUARE	227712	274
FOLD	1752	1623	1623	625665	625665	0	2828751
RAIL	61	68	127	1624
CORRELATION	1778	1419	8176	12334
SQUARE	227840	274
FOLD	1753	1624	1624	626052	626052	0	2832948
RAIL	60	68	127	1625
CORRELATION	1781	1423	8176	12334
SQUARE	228224	274
FOLD	1754	1625	1625	626436	626436	0	2835589
RAIL	60	69	127	1626
CORRELATION	1782	1425	8176	12334
SQUARE	228352	274
FOLD	1755	1626	1626	626823	626823	0	2837887
RAIL	59	69	127	1627
CORRELATION	1785	1425	8176	12334
SQUARE	228736	274
FOLD	1756	1627	1627	627207	627207	0	2839111
RAIL	59	70	127	1628
CORRELATION	1786	1427	8176	12334
SQUARE	228864	274
FOLD	1757	1628	1628	627594	627594	0	2843568
RAIL	58	70	127	1629
CORRELATION	1789	1431	8176	12334
SQUARE	229248	274
FOLD	1758	1629	1629	627978	627978	0	2844495
RAIL	58	71	127	1630
CORRELATION	1790	1431	8176	12334
SQUARE	229376	274
FOLD	1759	1630	1630	628365	628365	0	2845515
RAIL	9	119	127	1631
CORRELATION	1791	1431	8176	12334
SQUARE	229504	274
FOLD	1768	1631	1631	628749	628749	0	2857725
RAIL	11	118	131	1636
CORRELATION	1800	1443	8176	12334
SQUARE	230656	274
FOLD	1769	1632	1632	629136	629136	0	2859096
RAIL	55	73	131	1637
CORRELATION	1801	1443	8176	12334
SQUARE	230784	274
FOLD	1770	1633	1633	629520	629520	0	2860110
RAIL	55	74	131	1638
CORRELATION	1802	1443	8176	12334
SQUARE	230912	274
FOLD	1771	1634	1634	629907	629907	0	2863251
RAIL	12	116	131	1639
CORRELATION	1803	1446	8176	12334
SQUARE	231040	274
FOLD	1780	1635	1635	630291	630291	0	2874216
RAIL	14	115	135	1644
CORRELATION	1812	1453	8176	12334
SQUARE	232192	274
FOLD	1781	1636	1636	630678	630678	0	2875280
RAIL	52	76	135	1645
CORRELATION	1813	1453	8176	12334
SQUARE	232320	274
FOLD	1782	1637	1637	631062	631062	0	2877690
RAIL	52	77	135	1646
CORRELATION	1814	1456	8176	12334
SQUARE	232448	274
FOLD	1783	1638	1638	631449	631449	0	2878690
RAIL	15	113	135	1647
CORRELATION	1815	1456	8176	12334
SQUARE	232576	274
FOLD	1784	1639	1639	631833	631833	0	2881039
RAIL	15	114	135	1648
CORRELATION	1816	1458	8176	12334
SQUARE	232704	274
FOLD	1785	1640	1640	632220	632220	0	2883604
RAIL	51	77	135	1649
CORRELATION	1817	1460	8176	12334
SQUARE	232832	274
FOLD	1786	1641	1641	632604	632604	0	2884655
RAIL	51	78	135	1650
CORRELATION	1818	1460	8176	12334
SQUARE	232960	274
FOLD	1787	1642	1642	632991	632991	0	2885574
RAIL	16	112	135	1651
CORRELATION	1819	1460	8176	12334
SQUARE	233088	274
FOLD	1796	1643	1643	633375	633375	0	2899670
RAIL	18	111	139	1656
CORRELATION	1828	1470	8176	12334
SQUARE	234240	274
FOLD	1797	1644	1644	633762	633762	0	2900734
RAIL	48	80	139	1657
CORRELATION	1829	1470	8176	12334
SQUARE	234368	274
FOLD	1798	1645	1645	634146	634146	0	2902157
RAIL	48	81	139	1658
CORRELATION	1830	1470	8176	12334
SQUARE	234496	274
FOLD	1799	1646	1646	634533	634533	0	2906324
RAIL	19	109	139	1659
CORRELATION	1831	1473	8176	12334
SQUARE	234624	274
FOLD	1808	1647	1647	634917	634917	0	2919683
RAIL	21	108	143	1664
CORRELATION	1840	1482	8176	12334
SQUARE	235776	274
FOLD	1809	1648	1648	635304	635304	0	2922265
RAIL	45	83	143	1665
CORRELATION	1841	1484	8176	12334
SQUARE	235904	274
FOLD	1810	1649	1649	635688	635688	0	2924788
RAIL	45	84	143	1666
CORRELATION	1842	1486	8176	12334
SQUARE	236032	274
FOLD	1811	1650	1650	636075	636075	0	2925761
RAIL	22	106	143	1667
CORRELATION	1843	1486	8176	12334
SQUARE	236160	274
FOLD	1812	1651	1651	636459	636459	0	2927836
RAIL	22	107	143	1668
CORRELATION	1844	1488	8176	12334
SQUARE	236288	274
FOLD	1813	1652	1652	636846	636846	0	2929781
RAIL	44	84	143	1669
CORRELATION	1845	1489	8176	12334
SQUARE	236416	274
FOLD	1814	1653	1653	637230	637230	0	2932577
RAIL	44	85	143	1670
CORRELATION	1846	1491	8176	12334
SQUARE	236544	274
FOLD	1815	1654	1654	637617	637617	0	2933616
RAIL	23	105	143	1671
CORRELATION	1847	1491	8176	12334
SQUARE	236672	274
FOLD	1816	1655	1655	638001	638001	0	2934668
RAIL	23	106	143	1672
CORRELATION	1848	1491	8176	12334
SQUARE	236800	274
FOLD	1817	1656	1656	638388	638388	0	2935658
RAIL	43	85	143	1673
CORRELATION	1849	1491	8176	12334
SQUARE	236928	274
FOLD	1818	1657	1657	638772	638772	0	2936627
RAIL	43	86	143	1674
CORRELATION	1850	1491	8176	12334
SQUARE	237056	274
FOLD	1819	1658	1658	639159	639159	0	2937644
RAIL	24	104	143	1675
CORRELATION	1851	1491	8176	12334
SQUARE	237184	274
FOLD	1820	1659	1659	639543	639543	0	2938551
RAIL	24	105	143	1676
CORRELATION	1852	1491	8176	12334
SQUARE	237312	274
FOLD	1821	1660	1660	639930	639930	0	2939489
RAIL	42	86	143	1677
CORRELATION	1853	1491	8176	12334
SQUARE	237440	274
FOLD	1822	1661	1661	640314	640314	0	2940465
RAIL	42	87	143	1678
CORRELATION	1854	1491	8176	12334
SQUARE	237568	274
FOLD	1823	1662	1662	640701	640701	0	2942138
RAIL	25	103	143	1679
CORRELATION	1855	1491	8176	12334
SQUARE	237696	274
FOLD	1824	1663	1663	641085	641085	0	2944937
RAIL	25	104	143	1680
CORRELATION	1856	1493	8176	12334
SQUARE	237824	274
FOLD	1825	1664	1664	641472	641472	0	2947510
RAIL	41	87	143	1681
CORRELATION	1857	1495	8176	12334
SQUARE	237952	274
FOLD	1826	1665	1665	641856	641856	0	2948451
RAIL	41	88	143	1682
CORRELATION	1858	1495	8176	12334
SQUARE	238080	274
FOLD	1827	1666	1666	642243	642243	0	2951245
RAIL	26	102	143	1683
CORRELATION	1859	1498	8176	12334
SQUARE	238208	274
FOLD	1828	1667	1667	642627	642627	0	2952166
RAIL	26	103	143	1684
CORRELATION	1860	1498	8176	12334
SQUARE	238336	274
FOLD	1829	1668	1668	643014	643014	0	2953116
RAIL	40	88	143	1685
CORRELATION	1861	1498	8176	12334
SQUARE	238464	274
FOLD	1830	1669	1669	643398	643398	0	2955118
RAIL	40	89	143	1686
CORRELATION	1862	1500	8176	12334
SQUARE	238592	274
FOLD	1831	1670	1670	643785	643785	0	2957725
RAIL	27	101	143	1687
CORRELATION	1863	1502	8176	12334
SQUARE	238720	274
FOLD	1832	1671	1671	644169	644169	0	2959101
RAIL	27	102	143	1688
CORRELATION	1864	1502	8176	12334
SQUARE	238848	274
FOLD	1833	1672	1672	644556	644556	0	2961490
RAIL	39	89	143	1689
CORRELATION	1865	1504	8176	12334
SQUARE	238976	274
FOLD	1834	1673	1673	644940	644940	0	2963500
RAIL	39	90	143	1690
CORRELATION	1866	1506	8176	12334
SQUARE	239104	274
FOLD	1835	1674	1674	645327	645327	0	2964716
RAIL	28	100	143	1691
CORRELATION	1867	1506	8176	12334
SQUARE	239232	274
FOLD	1836	1675	1675	645711	645711	0	2965713
RAIL	28	101	143	1692
CORRELATION	1868	1506	8176	12334
SQUARE	239360	274
FOLD	1837	1676	1676	646098	646098	0	2966816
RAIL	38	90	143	1693
CORRELATION	1869	1506	8176	12334
SQUARE	239488	274
FOLD	1838	1677	1677	646482	646482	0	2968378
RAIL	38	91	143	1694
CORRELATION	1870	1506	8176	12334
SQUARE	239616	274
FOLD	1839	1678	1678	646869	646869	0	2971462
RAIL	29	99	143	1695
CORRELATION	1871	1508	8176	12334
SQUARE	239744	274
FOLD	1840	1679	1679	647253	647253	0	2973826
RAIL	29	100	143	1696
CORRELATION	1872	1510	8176	12334
SQUARE	239872	274
FOLD	1841	1680	1680	647640	647640	0	2976292
RAIL	37	91	143	1697
CORRELATION	1873	1512	8176	12334
SQUARE	240000	274
FOLD	1842	1681	1681	648024	648024	0	2977451
RAIL	37	92	143	1698
CORRELATION	1874	1512	8176	12334
SQUARE	240128	274
FOLD	1843	1682	1682	648411	648411	0	2980137
RAIL	30	98	143	1699
CORRELATION	1875	1513	8176	12334
SQUARE	240256	274
FOLD	1844	1683	1683	648795	648795	0	2982977
RAIL	30	99	143	1700
CORRELATION	1876	1516	8176	12334
SQUARE	240384	274
FOLD	1845	1684	1684	649182	649182	0	2983996
RAIL	36	92	143	1701
CORRELATION	1877	1516	8176	12334
SQUARE	240512	274
FOLD	1846	1685	1685	649566	649566	0	2985040
RAIL	36	93	143	1702
CORRELATION	1878	1516	8176	12334
SQUARE	240640	274
FOLD	1847	1686	1686	649953	649953	0	2986735
RAIL	31	97	143	1703
CORRELATION	1879	1518	8176	12334
SQUARE	240768	274
FOLD	1848	1687	1687	650337	650337	0	2987710
RAIL	31	98	143	1704
CORRELATION	1880	1518	8176	12334
SQUARE	240896	274
FOLD	1849	1688	1688	650724	650724	0	2989112
RAIL	35	93	143	1705
CORRELATION	1881	1518	8176	12334
SQUARE	241024	274
FOLD	1850	1689	1689	651108	651108	0	2992162
RAIL	35	94	143	1706
CORRELATION	1882	1521	8176	12334
SQUARE	241152	274
FOLD	1851	1690	1690	651495	651495	0	2994340
RAIL	32	96	143	1707
CORRELATION	1883	1523	8176	12334
SQUARE	241280	274
FOLD	1852	1691	1691	651879	651879	0	2995369
RAIL	32	97	143	1708
CORRELATION	1884	1523	8176	12334
SQUARE	241408	274
FOLD	1853	1692	1692	652266	652266	0	2996316
RAIL	34	94	143	1709
CORRELATION	1885	1523	8176	12334
SQUARE	241536	274
FOLD	1854	1693	1693	652650	652650	0	2997355
RAIL	34	95	143	1710
CORRELATION	1886	1523	8176	12334
SQUARE	241664	274
FOLD	1855	1694	1694	653037	653037	0	2998339
RAIL	33	95	143	1711
CORRELATION	1887	1523	8176	12334
SQUARE	241792	274
FOLD	1856	1695	1695	653421	653421	0	3000052
RAIL	33	96	143	1712
CORRELATION	1888	1524	8176	12334
SQUARE	241920	274
FOLD	1857	1696	1696	653808	653808	0	3004038
RAIL	64	64	143	1713
CORRELATION	1891	1527	8176	12334
SQUARE	242304	274
FOLD	1858	1697	1697	654192	654192	0	3005533
RAIL	64	65	143	1714
CORRELATION	1892	1527	8176	12334
SQUARE	242432	274
FOLD	1859	1698	1698	654579	654579	0	3011910
RAIL	63	65	143	1715
CORRELATION	1895	1532	8176	12334
SQUARE	242816	274
FOLD	1860	1699	1699	654963	654963	0	3012910
RAIL	63	66	143	1716
CORRELATION	1896	1532	8176	12334
SQUARE	242944	274
FOLD	1861	1700	1700	655350	655350	0	3016487
RAIL	62	66	143	1717
CORRELATION	1899	1536	8176	12334
SQUARE	243328	274
FOLD	1862	1701	1701	655734	655734	0	3018077
RAIL	62	67	143	1718
CORRELATION	1900	1537	8176	12334
SQUARE	243456	274
FOLD	1863	1702	1702	656121	656121	0	3027406
RAIL	61	67	143	1719
CORRELATION	1903	1540	8176	12334
SQUARE	243840	274
FOLD	1864	1703	1703	656505	656505	0	3028440
RAIL	61	68	143	1720
CORRELATION	1904	1540	8176	12334
SQUARE	243968	274
FOLD	1865	1704	1704	656892	656892	0	3031019
RAIL	60	68	143	1721
CORRELATION	1907	1542	8176	12334
SQUARE	244352	274
FOLD	1866	1705	1705	657276	657276	0	3033281
RAIL	60	69	143	1722
CORRELATION	1908	1544	8176	12334
SQUARE	244480	274
FOLD	1867	1706	1706	657663	657663	0	3035395
RAIL	59	69	143	1723
CORRELATION	1911	1546	8176	12334
SQUARE	244864	274
FOLD	1868	1707	1707	658047	658047	0	3038738
RAIL	59	70	143	1724
CORRELATION	1912	1548	8176	12334
SQUARE	244992	274
FOLD	1869	1708	1708	658434	658434	0	3045733
RAIL	58	70	143	1725
CORRELATION	1915	1552	8176	12334
SQUARE	245376	274
FOLD	1870	1709	1709	658818	658818	0	3046777
RAIL	58	71	143	1726
CORRELATION	1916	1552	8176	12334
SQUARE	245504	274
FOLD	1871	1710	1710	659205	659205	0	3048443
RAIL	9	119	143	1727
CORRELATION	1917	1553	8176	12334
SQUARE	245632	274
FOLD	1872	1711	1711	659589	659589	0	3049498
RAIL	9	120	143	1728
CORRELATION	1918	1553	8176	12334
SQUARE	245760	274
FOLD	1873	1712	1712	659976	659976	0	3051802
RAIL	57	71	143	1729
CORRELATION	1919	1555	8176	12334
SQUARE	245888	274
FOLD	1874	1713	1713	660360	660360	0	3054415
RAIL	57	72	143	1730
CORRELATION	1920	1557	8176	12334
SQUARE	246016	274
FOLD	1875	1714	1714	660747	660747	0	3055423
RAIL	10	118	143	1731
CORRELATION	1921	1557	8176	12334
SQUARE	246144	274
FOLD	1884	1715	1715	661131	661131	0	3067579
RAIL	12	117	147	1736
CORRELATION	1930	1565	8176	12334
SQUARE	247296	274
FOLD	1885	1716	1716	661518	661518	0	3068861
RAIL	54	74	147	1737
CORRELATION	1931	1565	8176	12334
SQUARE	247424	274
FOLD	1886	1717	1717	661902	661902	0	3070193
RAIL	54	75	147	1738
CORRELATION	1932	1565	8176	12334
SQUARE	247552	274
FOLD	1887	1718	1718	662289	662289	0	3072937
RAIL	13	115	147	1739
CORRELATION	1933	1568	8176	12334
SQUARE	247680	274
FOLD	1896	1719	1719	662673	662673	0	3085814
RAIL	15	114	151	1744
CORRELATION	1942	1576	8176	12334
SQUARE	248832	274
FOLD	1897	1720	1720	663060	663060	0	3088227
RAIL	51	77	151	1745
CORRELATION	1943	1578	8176	12334
SQUARE	248960	274
FOLD	1898	1721	1721	663444	663444	0	3089406
RAIL	51	78	151	1746
CORRELATION	1944	1579	8176	12334
SQUARE	249088	274
FOLD	1899	1722	1722	663831	663831	0	3092163
RAIL	16	112	151	1747
CORRELATION	1945	1581	8176	12334
SQUARE	249216	274
FOLD	1900	1723	1723	664215	664215	0	3093586
RAIL	16	113	151	1748
CORRELATION	1946	1583	8176	12334
SQUARE	249344	274
FOLD	1901	1724	1724	664602	664602	0	3094591
RAIL	50	78	151	1749
CORRELATION	1947	1583	8176	12334
SQUARE	249472	274
FOLD	1902	1725	1725	664986	664986	0	3095571
RAIL	50	79	151	1750
CORRELATION	1948	1583	8176	12334
SQUARE	249600	274
FOLD	1903	1726	1726	665373	665373	0	3096998
RAIL	17	111	151	1751
CORRELATION	1949	1583	8176	12334
SQUARE	249728	274
FOLD	1912	1727	1727	665757	665757	0	3110798
RAIL	19	110	155	1756
CORRELATION	1958	1595	8176	12334
SQUARE	250880	274
FOLD	1913	1728	1728	666144	666144	0	3111790
RAIL	47	81	155	1757
CORRELATION	1959	1595	8176	12334
SQUARE	251008	274
FOLD	1914	1729	1729	666528	666528	0	3112751
RAIL	47	82	155	1758
CORRELATION	1960	1595	8176	12334
SQUARE	251136	274
FOLD	1915	1730	1730	666915	666915	0	3114385
RAIL	20	108	155	1759
CORRELATION	1961	1595	8176	12334
SQUARE	251264	274
FOLD	1924	1731	1731	667299	667299	0	3129783
RAIL	22	107	159	1764
CORRELATION	1970	1603	8176	12334
SQUARE	252416	274
FOLD	1925	1732	1732	667686	667686	0	3130749
RAIL	44	84	159	1765
CORRELATION	1971	1603	8176	12334
SQUARE	252544	274
FOLD	1926	1733	1733	668070	668070	0	3133479
RAIL	44	85	159	1766
CORRELATION	1972	1605	8176	12334
SQUARE	252672	274
FOLD	1927	1734	1734	668457	668457	0	3135378
RAIL	23	105	159	1767
CORRELATION	1973	1607	8176	12334
SQUARE	252800	274
FOLD	1928	1735	1735	668841	668841	0	3136917
RAIL	23	106	159	1768
CORRELATION	1974	1608	8176	12334
SQUARE	252928	274
FOLD	1929	1736	1736	669228	669228	0	3138789
RAIL	43	85	159	1769
CORRELATION	1975	1610	8176	12334
SQUARE	253056	274
FOLD	1930	1737	1737	669612	669612	0	3139751
RAIL	43	86	159	1770
CORRELATION	1976	1610	8176	12334
SQUARE	253184	274
FOLD	1931	1738	1738	669999	669999	0	3140738
RAIL	24	104	159	1771
CORRELATION	1977	1610	8176	12334
SQUARE	253312	274
FOLD	1932	1739	1739	670383	670383	0	3142044
RAIL	24	105	159	1772
CORRELATION	1978	1610	8176	12334
SQUARE	253440	274
FOLD	1933	1740	1740	670770	670770	0	3144472
RAIL	42	86	159	1773
CORRELATION	1979	1613	8176	12334
SQUARE	253568	274
FOLD	1934	1741	1741	671154	671154	0	3146635
RAIL	42	87	159	1774
CORRELATION	1980	1615	8176	12334
SQUARE	253696	274
FOLD	1935	1742	1742	671541	671541	0	3147576
RAIL	25	103	159	1775
CORRELATION	1981	1615	8176	12334
SQUARE	253824	274
FOLD	1936	1743	1743	671925	671925	0	3149213
RAIL	25	104	159	1776
CORRELATION	1982	1615	8176	12334
SQUARE	253952	274
FOLD	1937	1744	1744	672312	672312	0	3152225
RAIL	41	87	159	1777
CORRELATION	1983	1619	8176	12334
SQUARE	254080	274
FOLD	1938	1745	1745	672696	672696	0	3153276
RAIL	41	88	159	1778
CORRELATION	1984	1619	8176	12334
SQUARE	254208	274
FOLD	1939	1746	1746	673083	673083	0	3154272
RAIL	26	102	159	1779
CORRELATION	1985	1619	8176	12334
SQUARE	254336	274
FOLD	1940	1747	1747	673467	673467	0	3155695
RAIL	26	103	159	1780
CORRELATION	1986	1620	8176	12334
SQUARE	254464	274
FOLD	1941	1748	1748	673854	673854	0	3157010
RAIL	40	88	159	1781
CORRELATION	1987	1620	8176	12334
SQUARE	254592	274
FOLD	1942	1749	1749	674238	674238	0	3159475
RAIL	40	89	159	1782
CORRELATION	1988	1623	8176	12334
SQUARE	254720	274
FOLD	1943	1750	1750	674625	674625	0	3161736
RAIL	27	101	159	1783
CORRELATION	1989	1624	8176	12334
SQUARE	254848	274
FOLD	1944	1751	1751	675009	675009	0	3165134
RAIL	27	102	159	1784
CORRELATION	1990	1626	8176	12334
SQUARE	254976	274
FOLD	1945	1752	1752	675396	675396	0	3166814
RAIL	39	89	159	1785
CORRELATION	1991	1626	8176	12334
SQUARE	255104	274
FOLD	1946	1753	1753	675780	675780	0	3168526
RAIL	39	90	159	1786
CORRELATION	1992	1626	8176	12334
SQUARE	255232	274
FOLD	1947	1754	1754	676167	676167	0	3172703
RAIL	28	100	159	1787
CORRELATION	1993	1629	8176	12334
SQUARE	255360	274
FOLD	1948	1755	1755	676551	676551	0	3174406
RAIL	28	101	159	1788
CORRELATION	1994	1629	8176	12334
SQUARE	255488	274
FOLD	1949	1756	1756	676938	676938	0	3178011
RAIL	38	90	159	1789
CORRELATION	1995	1632	8176	12334
SQUARE	255616	274
FOLD	1950	1757	1757	677322	677322	0	3179795
RAIL	38	91	159	1790
CORRELATION	1996	1632	8176	12334
SQUARE	255744	274
FOLD	1951	1758	1758	677709	677709	0	3182209
RAIL	29	99	159	1791
CORRELATION	1997	1632	8176	12334
SQUARE	255872	274
FOLD	1952	1759	1759	678093	678093	0	3184038
RAIL	29	100	159	1792
CORRELATION	1998	1632	8176	12334
SQUARE	256000	274
FOLD	1953	1760	1760	678480	678480	0	3185919
RAIL	37	91	159	1793
CORRELATION	1999	1632	8176	12334
SQUARE	256128	274
FOLD	1954	1761	1761	678864	678864	0	3188147
RAIL	37	92	159	1794
CORRELATION	2000	1632	8176	12334
SQUARE	256256	274
FOLD	1955	1762	1762	679251	679251	0	3191613
RAIL	30	98	159	1795
CORRELATION	2001	1635	8176	12334
SQUARE	256384	274
FOLD	1956	1763	1763	679635	679635	0	3194670
RAIL	30	99	159	1796
CORRELATION	2002	1637	8176	12334
SQUARE	256512	274
FOLD	1957	1764	1764	680022	680022	0	3196443
RAIL	36	92	159	1797
CORRELATION	2003	1637	8176	12334
SQUARE	256640	274
FOLD	1958	1765	1765	680406	680406	0	3198890
RAIL	36	93	159	1798
CORRELATION	2004	1637	8176	12334
SQUARE	256768	274
FOLD	1959	1766	1766	680793	680793	0	3202674
RAIL	31	97	159	1799
CORRELATION	2005	1640	8176	12334
SQUARE	256896	274
FOLD	1960	1767	1767	681177	681177	0	3205364
RAIL	31	98	159	1800
CORRELATION	2006	1642	8176	12334
SQUARE	257024	274
FOLD	1961	1768	1768	681564	681564	0	3207326
RAIL	35	93	159	1801
CORRELATION	2007	1642	8176	12334
SQUARE	257152	274
FOLD	1962	1769	1769	681948	681948	0	3209342
RAIL	35	94	159	1802
CORRELATION	2008	1642	8176	12334
SQUARE	257280	274
FOLD	1963	1770	1770	682335	682335	0	3212040
RAIL	32	96	159	1803
CORRELATION	2009	1644	8176	12334
SQUARE	257408	274
FOLD	1964	1771	1771	682719	682719	0	3215219
RAIL	32	97	159	1804
CORRELATION	2010	1645	8176	12334
SQUARE	257536	274
FOLD	1965	1772	1772	683106	683106	0	3218375
RAIL	34	94	159	1805
CORRELATION	2011	1647	8176	12334
SQUARE	257664	274
FOLD	1966	1773	1773	683490	683490	0	3220571
RAIL	34	95	159	1806
CORRELATION	2012	1647	8176	12334
SQUARE	257792	274
FOLD	1967	1774	1774	683877	683877	0	3224480
RAIL	33	95	159	1807
CORRELATION	2013	1650	8176	12334
SQUARE	257920	274
FOLD	1968	1775	1775	684261	684261	0	3226451
RAIL	33	96	159	1808
CORRELATION	2014	1650	8176	12334
SQUARE	258048	274
FOLD	1969	1776	1776	684648	684648	0	3232003
RAIL	64	64	159	1809
CORRELATION	2017	1652	8176	12334
SQUARE	258432	274
FOLD	1970	1777	1777	685032	685032	0	3234383
RAIL	64	65	159	1810
CORRELATION	2018	1654	8176	12334
SQUARE	258560	274
FOLD	1971	1778	1778	685419	685419	0	3242123
RAIL	63	65	159	1811
CORRELATION	2021	1657	8176	12334
SQUARE	258944	274
FOLD	1972	1779	1779	685803	685803	0	3245308
RAIL	63	66	159	1812
CORRELATION	2022	1659	8176	12334
SQUARE	259072	274
FOLD	1973	1780	1780	686190	686190	0	3251344
RAIL	62	66	159	1813
CORRELATION	2025	1661	8176	12334
SQUARE	259456	274
FOLD	1974	1781	1781	686574	686574	0	3254962
RAIL	62	67	159	1814
CORRELATION	2026	1663	8176	12334
SQUARE	259584	274
FOLD	1975	1782	1782	686961	686961	0	3260339
RAIL	61	67	159	1815
CORRELATION	2029	1665	8176	12334
SQUARE	259968	274
FOLD	1976	1783	1783	687345	687345	0	3263922
RAIL	61	68	159	1816
CORRELATION	2030	1665	8176	12334
SQUARE	260096	274
FOLD	1977	1784	1784	687732	687732	0	3272850
RAIL	60	68	159	1817
CORRELATION	2033	1667	8176	12334
SQUARE	260480	274
FOLD	1978	1785	1785	688116	688116	0	3275378
RAIL	60	69	159	1818
CORRELATION	2034	1669	8176	12334
SQUARE	260608	274
FOLD	1979	1786	1786	688503	688503	0	3281206
RAIL	59	69	159	1819
CORRELATION	2037	1672	8176	12334
SQUARE	260992	274
FOLD	1980	1787	1787	688887	688887	0	3283648
RAIL	59	70	159	1820
CORRELATION	2038	1672	8176	12334
SQUARE	261120	274
FOLD	1981	1788	1788	689274	689274	0	3290714
RAIL	58	70	159	1821
CORRELATION	2041	1675	8176	12334
SQUARE	261504	274
FOLD	1982	1789	1789	689658	689658	0	3294947
RAIL	58	71	159	1822
CORRELATION	2042	1678	8176	12334
SQUARE	261632	274
FOLD	1983	1790	1790	690045	690045	0	3296923
RAIL	9	119	159	1823
CORRELATION	2043	1678	8176	12334
SQUARE	261760	274
FOLD	1984	1791	1791	690429	690429	0	3299060
RAIL	9	120	159	1824
CORRELATION	2044	1678	8176	12334
SQUARE	261888	274
FOLD	1985	1792	1792	690816	690816	0	3300943
RAIL	57	71	159	1825
CORRELATION	2045	1678	8176	12334
SQUARE	262016	274
FOLD	1985	1792	1792	690816	690816	0	3303969
RAIL	57	71	159	1826
CORRELATION	2045	1678	8176	12334
SQUARE	262144	274
FOLD	1986	1793	1793	691200	691200	0	3304967
RAIL	57	72	159	1826
CORRELATION	2046	1679	8176	12334
SQUARE	262144	274
FOLD	1987	1794	1794	691587	691587	0	3307084
RAIL	10	118	159	1827
CORRELATION	2047	1679	8176	12334
SQUARE	262272	274
FOLD	1987	1794	1794	691587	691587	0	3310426
RAIL	10	118	159	1828
CORRELATION	2048	1681	8176	12334
SQUARE	262400	274
FOLD	1988	1795	1795	691971	691971	0	3310441
RAIL	10	119	159	1828
CORRELATION	2048	1681	8176	12334
SQUARE	262400	274
FOLD	1989	1796	1796	692358	692358	0	3313970
RAIL	56	72	159	1829
CORRELATION	2049	1683	8176	12334
SQUARE	262528	274
FOLD	1990	1797	1797	692742	692742	0	3315943
RAIL	56	73	159	1830
CORRELATION	2050	1683	8176	12334
SQUARE	262656	274
FOLD	1991	1798	1798	693129	693129	0	3319852
RAIL	11	117	159	1831
CORRELATION	2051	1685	8176	12334
SQUARE	262784	274
FOLD	2000	1799	1799	693513	693513	0	3339672
RAIL	13	116	163	1836
CORRELATION	2060	1693	8176	12334
SQUARE	263936	274
FOLD	2001	1800	1800	693900	693900	0	3341608
RAIL	53	75	163	1837
CORRELATION	2061	1693	8176	12334
SQUARE	264064	274
FOLD	2002	1801	1801	694284	694284	0	3344263
RAIL	53	76	163	1838
CORRELATION	2062	1694	8176	12334
SQUARE	264192	274
FOLD	2003	1802	1802	694671	694671	0	3346416
RAIL	14	114	163	1839
CORRELATION	2063	1694	8176	12334
SQUARE	264320	274
FOLD	2012	1803	1803	695055	695055	0	3366375
RAIL	16	113	167	1844
CORRELATION	2072	1703	8176	12334
SQUARE	265472	274
FOLD	2013	1804	1804	695442	695442	0	3368617
RAIL	50	78	167	1845
CORRELATION	2073	1704	8176	12334
SQUARE	265600	274
FOLD	2014	1805	1805	695826	695826	0	3372026
RAIL	50	79	167	1846
CORRELATION	2074	1706	8176	12334
SQUARE	265728	274
FOLD	2015	1806	1806	696213	696213	0	3373796
RAIL	17	111	167	1847
CORRELATION	2075	1706	8176	12334
SQUARE	265856	274
FOLD	2016	1807	1807	696597	696597	0	3376604
RAIL	17	112	167	1848
CORRELATION	2076	1706	8176	12334
SQUARE	265984	274
FOLD	2017	1808	1808	696984	696984	0	3378422
RAIL	49	79	167	1849
CORRELATION	2077	1706	8176	12334
SQUARE	266112	274
FOLD	2018	1809	1809	697368	697368	0	3381119
RAIL	49	80	167	1850
CORRELATION	2078	1708	8176	12334
SQUARE	266240	274
FOLD	2019	1810	1810	697755	697755	0	3384458
RAIL	18	110	167	1851
CORRELATION	2079	1710	8176	12334
SQUARE	266368	274
FOLD	2028	1811	1811	698139	698139	0	3401061
RAIL	20	109	171	1856
CORRELATION	2088	1719	8176	12334
SQUARE	267520	274
FOLD	2029	1812	1812	698526	698526	0	3403104
RAIL	46	82	171	1857
CORRELATION	2089	1721	8176	12334
SQUARE	267648	274
FOLD	2030	1813	1813	698910	698910	0	3405601
RAIL	46	83	171	1858
CORRELATION	2090	1723	8176	12334
SQUARE	267776	274
FOLD	2031	1814	1814	699297	699297	0	3406653
RAIL	21	107	171	1859
CORRELATION	2091	1723	8176	12334
SQUARE	267904	274
FOLD	2040	1815	1815	699681	699681	0	3419996
RAIL	23	106	175	1864
CORRELATION	2100	1728	8176	12334
SQUARE	269056	274
FOLD	2041	1816	1816	700068	700068	0	3422427
RAIL	43	85	175	1865
CORRELATION	2101	1730	8176	12334
SQUARE	269184	274
FOLD	2042	1817	1817	700452	700452	0	3423350
RAIL	43	86	175	1866
CORRELATION	2102	1730	8176	12334
SQUARE	269312	274
FOLD	2043	1818	1818	700839	700839	0	3427023
RAIL	24	104	175	1867
CORRELATION	2103	1732	8176	12334
SQUARE	269440	274
FOLD	2044	1819	1819	701223	701223	0	3429393
RAIL	24	105	175	1868
CORRELATION	2104	1734	8176	12334
SQUARE	269568	274
FOLD	2045	1820	1820	701610	701610	0	3430334
RAIL	42	86	175	1869
CORRELATION	2105	1734	8176	12334
SQUARE	269696	274
FOLD	2046	1821	1821	701994	701994	0	3431230
RAIL	42	87	175	1870
CORRELATION	2106	1734	8176	12334
SQUARE	269824	274
FOLD	2047	1822	1822	702381	702381	0	3433954
RAIL	25	103	175	1871
CORRELATION	2107	1735	8176	12334
SQUARE	269952	274
FOLD	2048	1823	1823	702765	702765	0	3436242
RAIL	25	104	175	1872
CORRELATION	2108	1737	8176	12334
SQUARE	270080	274
FOLD	2049	1824	1824	703152	703152	0	3438495
RAIL	41	87	175	1873
CORRELATION	2109	1739	8176	12334
SQUARE	270208	274
FOLD	2050	1825	1825	703536	703536	0	3439517
RAIL	41	88	175	1874
CORRELATION	2110	1739	8176	12334
SQUARE	270336	274
FOLD	2051	1826	1826	703923	703923	0	3442290
RAIL	26	102	175	1875
CORRELATION	2111	1741	8176	12334
SQUARE	270464	274
FOLD	2052	1827	1827	704307	704307	0	3443764
RAIL	26	103	175	1876
CORRELATION	2112	1741	8176	12334
SQUARE	270592	274
FOLD	2053	1828	1828	704694	704694	0	3446653
RAIL	40	88	175	1877
CORRELATION	2113	1744	8176	12334
SQUARE	270720	274
FOLD	2054	1829	1829	705078	705078	0	3447696
RAIL	40	89	175	1878
CORRELATION	2114	1744	8176	12334
SQUARE	270848	274
FOLD	2055	1830	1830	705465	705465	0	3448650
RAIL	27	101	175	1879
CORRELATION	2115	1744	8176	12334
SQUARE	270976	274
FOLD	2056	1831	1831	705849	705849	0	3449713
RAIL	27	102	175	1880
CORRELATION	2116	1744	8176	12334
SQUARE	271104	274
FOLD	2057	1832	1832	706236	706236	0	3450710
RAIL	39	89	175	1881
CORRELATION	2117	1744	8176	12334
SQUARE	271232	274
FOLD	2058	1833	1833	706620	706620	0	3453376
RAIL	39	90	175	1882
CORRELATION	2118	1747	8176	12334
SQUARE	271360	274
FOLD	2059	1834	1834	707007	707007	0	3454409
RAIL	28	100	175	1883
CORRELATION	2119	1747	8176	12334
SQUARE	271488	274
FOLD	2060	1835	1835	707391	707391	0	3455753
RAIL	28	101	175	1884
CORRELATION	2120	1747	8176	12334
SQUARE	271616	274
FOLD	2061	1836	1836	707778	707778	0	3459162
RAIL	38	90	175	1885
CORRELATION	2121	1750	8176	12334
SQUARE	271744	274
FOLD	2062	1837	1837	708162	708162	0	3461252
RAIL	38	91	175	1886
CORRELATION	2122	1752	8176	12334
SQUARE	271872	274
FOLD	2063	1838	1838	708549	708549	0	3462911
RAIL	29	99	175	1887
CORRELATION	2123	1753	8176	12334
SQUARE	272000	274
FOLD	2064	1839	1839	708933	708933	0	3465266
RAIL	29	100	175	1888
CORRELATION	2124	1755	8176	12334
SQUARE	272128	274
FOLD	2065	1840	1840	709320	709320	0	3466266
RAIL	37	91	175	1889
CORRELATION	2125	1755	8176	12334
SQUARE	272256	274
FOLD	2066	1841	1841	709704	709704	0	3467207
RAIL	37	92	175	1890
CORRELATION	2126	1755	8176	12334
SQUARE	272384	274
FOLD	2067	1842	1842	710091	710091	0	3468143
RAIL	30	98	175	1891
CORRELATION	2127	1755	8176	12334
SQUARE	272512	274
FOLD	2068	1843	1843	710475	710475	0	3470625
RAIL	30	99	175	1892
CORRELATION	2128	1757	8176	12334
SQUARE	272640	274
FOLD	2069	1844	1844	710862	710862	0	3472807
RAIL	36	92	175	1893
CORRELATION	2129	1759	8176	12334
SQUARE	272768	274
FOLD	2070	1845	1845	711246	711246	0	3473727
RAIL	36	93	175	1894
CORRELATION	2130	1759	8176	12334
SQUARE	272896	274
FOLD	2071	1846	1846	711633	711633	0	3475366
RAIL	31	97	175	1895
CORRELATION	2131	1759	8176	12334
SQUARE	273024	274
FOLD	2072	1847	1847	712017	712017	0	3478015
RAIL	31	98	175	1896
CORRELATION	2132	1761	8176	12334
SQUARE	273152	274
FOLD	2073	1848	1848	712404	712404	0	3481498
RAIL	35	93	175	1897
CORRELATION	2133	1764	8176	12334
SQUARE	273280	274
FOLD	2074	1849	1849	712788	712788	0	3483080
RAIL	35	94	175	1898
CORRELATION	2134	1765	8176	12334
SQUARE	273408	274
FOLD	2075	1850	1850	713175	713175	0	3485287
RAIL	32	96	175	1899
CORRELATION	2135	1767	8176	12334
SQUARE	273536	274
FOLD	2076	1851	1851	713559	713559	0	3486324
RAIL	32	97	175	1900
CORRELATION	2136	1767	8176	12334
SQUARE	273664	274
FOLD	2077	1852	1852	713946	713946	0	3488209
RAIL	34	94	175	1901
CORRELATION	2137	1767	8176	12334
SQUARE	273792	274
FOLD	2078	1853	1853	714330	714330	0	3489133
RAIL	34	95	175	1902
CORRELATION	2138	1767	8176	12334
SQUARE	273920	274
FOLD	2079	1854	1854	714717	714717	0	3490154
RAIL	33	95	175	1903
CORRELATION	2139	1767	8176	12334
SQUARE	274048	274
FOLD	2080	1855	1855	715101	715101	0	3492512
RAIL	33	96	175	1904
CORRELATION	2140	1769	8176	12334
SQUARE	274176	274
FOLD	2081	1856	1856	715488	715488	0	3496674
RAIL	64	64	175	1905
CORRELATION	2143	1772	8176	12334
SQUARE	274560	274
FOLD	2082	1857	1857	715872	715872	0	3498809
RAIL	64	65	175	1906
CORRELATION	2144	1774	8176	12334
SQUARE	274688	274
FOLD	2083	1858	1858	716259	716259	0	3504742
RAIL	63	65	175	1907
CORRELATION	2147	1778	8176	12334
SQUARE	275072	274
FOLD	2084	1859	1859	716643	716643	0	3505709
RAIL	63	66	175	1908
CORRELATION	2148	1778	8176	12334
SQUARE	275200	274
FOLD	2085	1860	1860	717030	717030	0	3511706
RAIL	62	66	175	1909
CORRELATION	2151	1781	8176	12334
SQUARE	275584	274
FOLD	2086	1861	1861	717414	717414	0	3515689
RAIL	62	67	175	1910
CORRELATION	2152	1782	8176	12334
SQUARE	275712	274
FOLD	2087	1862	1862	717801	717801	0	3519457
RAIL	61	67	175	1911
CORRELATION	2155	1784	8176	12334
SQUARE	276096	274
FOLD	2088	1863	1863	718185	718185	0	3522090
RAIL	61	68	175	1912
CORRELATION	2156	1786	8176	12334
SQUARE	276224	274
FOLD	2089	1864	1864	718572	718572	0	3527111
RAIL	60	68	175	1913
CORRELATION	2159	1790	8176	12334
SQUARE	276608	274
FOLD	2090	1865	1865	718956	718956	0	3530108
RAIL	60	69	175	1914
CORRELATION	2160	1790	8176	12334
SQUARE	276736	274
FOLD	2091	1866	1866	719343	719343	0	3535106
RAIL	59	69	175	1915
CORRELATION	2163	1794	8176	12334
SQUARE	277120	274
FOLD	2092	1867	1867	719727	719727	0	3536231
RAIL	59	70	175	1916
CORRELATION	2164	1794	8176	12334
SQUARE	277248	274
FOLD	2093	1868	1868	720114	720114	0	3542306
RAIL	58	70	175	1917
CORRELATION	2167	1798	8176	12334
SQUARE	277632	274
FOLD	2094	1869	1869	720498	720498	0	3543277
RAIL	58	71	175	1918
CORRELATION	2168	1798	8176	12334
SQUARE	277760	274
FOLD	2095	1870	1870	720885	720885	0	3546163
RAIL	9	119	175	1919
CORRELATION	2169	1800	8176	12334
SQUARE	277888	274
FOLD	2096	1871	1871	721269	721269	0	3548113
RAIL	9	120	175	1920
CORRELATION	2170	1802	8176	12334
SQUARE	278016	274
FOLD	2097	1872	1872	721656	721656	0	3549470
RAIL	57	71	175	1921
CORRELATION	2171	1802	8176	12334
SQUARE	278144	274
FOLD	2098	1873	1873	722040	722040	0	3551450
RAIL	57	72	175	1922
CORRELATION	2172	1804	8176	12334
SQUARE	278272	274
FOLD	2099	1874	1874	722427	722427	0	3552478
RAIL	10	118	175	1923
CORRELATION	2173	1804	8176	12334
SQUARE	278400	274
FOLD	2100	1875	1875	722811	722811	0	3553642
RAIL	10	119	175	1924
CORRELATION	2174	1804	8176	12334
SQUARE	278528	274
FOLD	2101	1876	1876	723198	723198	0	3555915
RAIL	56	72	175	1925
CORRELATION	2175	1807	8176	12334
SQUARE	278656	274
FOLD	2102	1877	1877	723582	723582	0	3556956
RAIL	56	73	175	1926
CORRELATION	2176	1807	8176	12334
SQUARE	278784	274
FOLD	2103	1878	1878	723969	723969	0	3558287
RAIL	11	117	175	1927
CORRELATION	2177	1807	8176	12334
SQUARE	278912	274
FOLD	2104	1879	1879	724353	724353	0	3562350
RAIL	11	118	175	1928
CORRELATION	2178	1811	8176	12334
SQUARE	279040	274
FOLD	2105	1880	1880	724740	724740	0	3565813
RAIL	55	73	175	1929
CORRELATION	2179	1811	8176	12334
SQUARE	279168	274
FOLD	2106	1881	1881	725124	725124	0	3566870
RAIL	55	74	175	1930
CORRELATION	2180	1811	8176	12334
SQUARE	279296	274
FOLD	2107	1882	1882	725511	725511	0	3568135
RAIL	12	116	175	1931
CORRELATION	2181	1811	8176	12334
SQUARE	279424	274
FOLD	2116	1883	1883	725895	725895	0	3585202
RAIL	14	115	179	1936
CORRELATION	2190	1819	8176	12334
SQUARE	280576	274
FOLD	2117	1884	1884	726282	726282	0	3586174
RAIL	52	76	179	1937
CORRELATION	2191	1819	8176	12334
SQUARE	280704	274
FOLD	2118	1885	1885	726666	726666	0	3588398
RAIL	52	77	179	1938
CORRELATION	2192	1822	8176	12334
SQUARE	280832	274
FOLD	2119	1886	1886	727053	727053	0	3589407
RAIL	15	113	179	1939
CORRELATION	2193	1822	8176	12334
SQUARE	280960	274
FOLD	2128	1887	1887	727437	727437	0	3605581
RAIL	17	112	183	1944
CORRELATION	2202	1833	8176	12334
SQUARE	282112	274
FOLD	2129	1888	1888	727824	727824	0	3607643
RAIL	49	79	183	1945
CORRELATION	2203	1834	8176	12334
SQUARE	282240	274
FOLD	2130	1889	1889	728208	728208	0	3609806
RAIL	49	80	183	1946
CORRELATION	2204	1836	8176	12334
SQUARE	282368	274
FOLD	2131	1890	1890	728595	728595	0	3610901
RAIL	18	110	183	1947
CORRELATION	2205	1836	8176	12334
SQUARE	282496	274
FOLD	2132	1891	1891	728979	728979	0	3611839
RAIL	18	111	183	1948
CORRELATION	2206	1836	8176	12334
SQUARE	282624	274
FOLD	2133	1892	1892	729366	729366	0	3613158
RAIL	48	80	183	1949
CORRELATION	2207	1836	8176	12334
SQUARE	282752	274
FOLD	2134	1893	1893	729750	729750	0	3615371
RAIL	48	81	183	1950
CORRELATION	2208	1836	8176	12334
SQUARE	282880	274
FOLD	2135	1894	1894	730137	730137	0	3617549
RAIL	19	109	183	1951
CORRELATION	2209	1838	8176	12334
SQUARE	283008	274
FOLD	2144	1895	1895	730521	730521	0	3632623
RAIL	21	108	187	1956
CORRELATION	2218	1848	8176	12334
SQUARE	284160	274
FOLD	2145	1896	1896	730908	730908	0	3635696
RAIL	45	83	187	1957
CORRELATION	2219	1850	8176	12334
SQUARE	284288	274
FOLD	2146	1897	1897	731292	731292	0	3636661
RAIL	45	84	187	1958
CORRELATION	2220	1850	8176	12334
SQUARE	284416	274
FOLD	2147	1898	1898	731679	731679	0	3637980
RAIL	22	106	187	1959
CORRELATION	2221	1850	8176	12334
SQUARE	284544	274
FOLD	2156	1899	1899	732063	732063	0	3653449
RAIL	24	105	191	1964
CORRELATION	2230	1861	8176	12334
SQUARE	285696	274
FOLD	2157	1900	1900	732450	732450	0	3655385
RAIL	42	86	191	1965
CORRELATION	2231	1863	8176	12334
SQUARE	285824	274
FOLD	2158	1901	1901	732834	732834	0	3658043
RAIL	42	87	191	1966
CORRELATION	2232	1864	8176	12334
SQUARE	285952	274
FOLD	2159	1902	1902	733221	733221	0	3660266
RAIL	25	103	191	1967
CORRELATION	2233	1866	8176	12334
SQUARE	286080	274
FOLD	2160	1903	1903	733605	733605	0	3661291
RAIL	25	104	191	1968
CORRELATION	2234	1866	8176	12334
SQUARE	286208	274
FOLD	2161	1904	1904	733992	733992	0	3662320
RAIL	41	87	191	1969
CORRELATION	2235	1866	8176	12334
SQUARE	286336	274
FOLD	2162	1905	1905	734376	734376	0	3663232
RAIL	41	88	191	1970
CORRELATION	2236	1866	8176	12334
SQUARE	286464	274
FOLD	2163	1906	1906	734763	734763	0	3664261
RAIL	26	102	191	1971
CORRELATION	2237	1866	8176	12334
SQUARE	286592	274
FOLD	2164	1907	1907	735147	735147	0	3666301
RAIL	26	103	191	1972
CORRELATION	2238	1867	8176	12334
SQUARE	286720	274
FOLD	2165	1908	1908	735534	735534	0	3668378
RAIL	40	88	191	1973
CORRELATION	2239	1869	8176	12334
SQUARE	286848	274
FOLD	2166	1909	1909	735918	735918	0	3671125
RAIL	40	89	191	1974
CORRELATION	2240	1871	8176	12334
SQUARE	286976	274
FOLD	2167	1910	1910	736305	736305	0	3672073
RAIL	27	101	191	1975
CORRELATION	2241	1871	8176	12334
SQUARE	287104	274
FOLD	2168	1911	1911	736689	736689	0	3674227
RAIL	27	102	191	1976
CORRELATION	2242	1873	8176	12334
SQUARE	287232	274
FOLD	2169	1912	1912	737076	737076	0	3676913
RAIL	39	89	191	1977
CORRELATION	2243	1875	8176	12334
SQUARE	287360	274
FOLD	2170	1913	1913	737460	737460	0	3677810
RAIL	39	90	191	1978
CORRELATION	2244	1875	8176	12334
SQUARE	287488	274
FOLD	2171	1914	1914	737847	737847	0	3678901
RAIL	28	100	191	1979
CORRELATION	2245	1875	8176	12334
SQUARE	287616	274
FOLD	2172	1915	1915	738231	738231	0	3680855
RAIL	28	101	191	1980
CORRELATION	2246	1876	8176	12334
SQUARE	287744	274
FOLD	2173	1916	1916	738618	738618	0	3683120
RAIL	38	90	191	1981
CORRELATION	2247	1878	8176	12334
SQUARE	287872	274
FOLD	2174	1917	1917	739002	739002	0	3684526
RAIL	38	91	191	1982
CORRELATION	2248	1878	8176	12334
SQUARE	288000	274
FOLD	2175	1918	1918	739389	739389	0	3688332
RAIL	29	99	191	1983
CORRELATION	2249	1881	8176	12334
SQUARE	288128	274
FOLD	2176	1919	1919	739773	739773	0	3689392
RAIL	29	100	191	1984
CORRELATION	2250	1881	8176	12334
SQUARE	288256	274
FOLD	2177	1920	1920	740160	740160	0	3690356
RAIL	37	91	191	1985
CORRELATION	2251	1881	8176	12334
SQUARE	288384	274
FOLD	2178	1921	1921	740544	740544	0	3693050
RAIL	37	92	191	1986
CORRELATION	2252	1883	8176	12334
SQUARE	288512	274
FOLD	2179	1922	1922	740931	740931	0	3694960
RAIL	30	98	191	1987
CORRELATION	2253	1885	8176	12334
SQUARE	288640	274
FOLD	2180	1923	1923	741315	741315	0	3695862
RAIL	30	99	191	1988
CORRELATION	2254	1885	8176	12334
SQUARE	288768	274
FOLD	2181	1924	1924	741702	741702	0	3697910
RAIL	36	92	191	1989
CORRELATION	2255	1887	8176	12334
SQUARE	288896	274
FOLD	2182	1925	1925	742086	742086	0	3700541
RAIL	36	93	191	1990
CORRELATION	2256	1889	8176	12334
SQUARE	289024	274
FOLD	2183	1926	1926	742473	742473	0	3701485
RAIL	31	97	191	1991
CORRELATION	2257	1889	8176	12334
SQUARE	289152	274
FOLD	2184	1927	1927	742857	742857	0	3702471
RAIL	31	98	191	1992
CORRELATION	2258	1889	8176	12334
SQUARE	289280	274
FOLD	2185	1928	1928	743244	743244	0	3703349
RAIL	35	93	191	1993
CORRELATION	2259	1889	8176	12334
SQUARE	289408	274
FOLD	2186	1929	1929	743628	743628	0	3704821
RAIL	35	94	191	1994
CORRELATION	2260	1889	8176	12334
SQUARE	289536	274
FOLD	2187	1930	1930	744015	744015	0	3707719
RAIL	32	96	191	1995
CORRELATION	2261	1891	8176	12334
SQUARE	289664	274
FOLD	2188	1931	1931	744399	744399	0	3709951
RAIL	32	97	191	1996
CORRELATION	2262	1893	8176	12334
SQUARE	289792	274
FOLD	2189	1932	1932	744786	744786	0	3712006
RAIL	34	94	191	1997
CORRELATION	2263	1895	8176	12334
SQUARE	289920	274
FOLD	2190	1933	1933	745170	745170	0	3712904
RAIL	34	95	191	1998
CORRELATION	2264	1895	8176	12334
SQUARE	290048	274
FOLD	2191	1934	1934	745557	745557	0	3715582
RAIL	33	95	191	1999
CORRELATION	2265	1896	8176	12334
SQUARE	290176	274
FOLD	2192	1935	1935	745941	745941	0	3717678
RAIL	33	96	191	2000
CORRELATION	2266	1898	8176	12334
SQUARE	290304	274
FOLD	2193	1936	1936	746328	746328	0	3722577
RAIL	64	64	191	2001
CORRELATION	2269	1901	8176	12334
SQUARE	290688	274
FOLD	2194	1937	1937	746712	746712	0	3723592
RAIL	64	65	191	2002
CORRELATION	2270	1901	8176	12334
SQUARE	290816	274
FOLD	2195	1938	1938	747099	747099	0	3728289
RAIL	63	65	191	2003
CORRELATION	2273	1904	8176	12334
SQUARE	291200	274
FOLD	2196	1939	1939	747483	747483	0	3729639
RAIL	63	66	191	2004
CORRELATION	2274	1905	8176	12334
SQUARE	291328	274
FOLD	2197	1940	1940	747870	747870	0	3733001
RAIL	62	66	191	2005
CORRELATION	2277	1908	8176	12334
SQUARE	291712	274
FOLD	2198	1941	1941	748254	748254	0	3736647
RAIL	62	67	191	2006
CORRELATION	2278	1910	8176	12334
SQUARE	291840	274
FOLD	2199	1942	1942	748641	748641	0	3740754
RAIL	61	67	191	2007
CORRELATION	2281	1913	8176	12334
SQUARE	292224	274
FOLD	2200	1943	1943	749025	749025	0	3742119
RAIL	61	68	191	2008
CORRELATION	2282	1913	8176	12334
SQUARE	292352	274
FOLD	2201	1944	1944	749412	749412	0	3747444
RAIL	60	68	191	2009
CORRELATION	2285	1918	8176	12334
SQUARE	292736	274
FOLD	2202	1945	1945	749796	749796	0	3748541
RAIL	60	69	191	2010
CORRELATION	2286	1918	8176	12334
SQUARE	292864	274
FOLD	2203	1946	1946	750183	750183	0	3754373
RAIL	59	69	191	2011
CORRELATION	2289	1918	8176	12334
SQUARE	293248	274
FOLD	2204	1947	1947	750567	750567	0	3756865
RAIL	59	70	191	2012
CORRELATION	2290	1918	8176	12334
SQUARE	293376	274
FOLD	2205	1948	1948	750954	750954	0	3763603
RAIL	58	70	191	2013
CORRELATION	2293	1922	8176	12334
SQUARE	293760	274
FOLD	2206	1949	1949	751338	751338	0	3766083
RAIL	58	71	191	2014
CORRELATION	2294	1924	8176	12334
SQUARE	293888	274
FOLD	2207	1950	1950	751725	751725	0	3767094
RAIL	9	119	191	2015
CORRELATION	2295	1924	8176	12334
SQUARE	294016	274
FOLD	2212	1951	1951	752109	752109	0	3776286
RAIL	10	119	193	2018
CORRELATION	2300	1929	8176	12334
SQUARE	294656	274
FOLD	2213	1952	1952	752496	752496	0	3777440
RAIL	56	72	193	2019
CORRELATION	2301	1929	8176	12334
SQUARE	294784	274
FOLD	2214	1953	1953	752880	752880	0	3779907
RAIL	56	73	193	2020
CORRELATION	2302	1930	8176	12334
SQUARE	294912	274
FOLD	2215	1954	1954	753267	753267	0	3782277
RAIL	11	117	193	2021
CORRELATION	2303	1932	8176	12334
SQUARE	295040	274
FOLD	2216	1955	1955	753651	753651	0	3784200
RAIL	11	118	193	2022
CORRELATION	2304	1934	8176	12334
SQUARE	295168	274
FOLD	2217	1956	1956	754038	754038	0	3785159
RAIL	55	73	193	2023
CORRELATION	2305	1934	8176	12334
SQUARE	295296	274
FOLD	2218	1957	1957	754422	754422	0	3787802
RAIL	55	74	193	2024
CORRELATION	2306	1935	8176	12334
SQUARE	295424	274
FOLD	2219	1958	1958	754809	754809	0	3790701
RAIL	12	116	193	2025
CORRELATION	2307	1937	8176	12334
SQUARE	295552	274
FOLD	2220	1959	1959	755193	755193	0	3793252
RAIL	12	117	193	2026
CORRELATION	2308	1939	8176	12334
SQUARE	295680	274
FOLD	2221	1960	1960	755580	755580	0	3795920
RAIL	54	74	193	2027
CORRELATION	2309	1941	8176	12334
SQUARE	295808	274
FOLD	2222	1961	1961	755964	755964	0	3796939
RAIL	54	75	193	2028
CORRELATION	2310	1941	8176	12334
SQUARE	295936	274
FOLD	2223	1962	1962	756351	756351	0	3797974
RAIL	13	115	193	2029
CORRELATION	2311	1941	8176	12334
SQUARE	296064	274
FOLD	2232	1963	1963	756735	756735	0	3816238
RAIL	15	114	197	2034
CORRELATION	2320	1952	8176	12334
SQUARE	297216	274
FOLD	2233	1964	1964	757122	757122	0	3817271
RAIL	51	77	197	2035
CORRELATION	2321	1952	8176	12334
SQUARE	297344	274
FOLD	2234	1965	1965	757506	757506	0	3818300
RAIL	51	78	197	2036
CORRELATION	2322	1952	8176	12334
SQUARE	297472	274
FOLD	2235	1966	1966	757893	757893	0	3819227
RAIL	16	112	197	2037
CORRELATION	2323	1952	8176	12334
SQUARE	297600	274
FOLD	2244	1967	1967	758277	758277	0	3838503
RAIL	18	111	201	2042
CORRELATION	2332	1964	8176	12334
SQUARE	298752	274
FOLD	2245	1968	1968	758664	758664	0	3839471
RAIL	48	80	201	2043
CORRELATION	2333	1964	8176	12334
SQUARE	298880	274
FOLD	2246	1969	1969	759048	759048	0	3840371
RAIL	48	81	201	2044
CORRELATION	2334	1964	8176	12334
SQUARE	299008	274
FOLD	2247	1970	1970	759435	759435	0	3841353
RAIL	19	109	201	2045
CORRELATION	2335	1964	8176	12334
SQUARE	299136	274
FOLD	2248	1971	1971	759819	759819	0	3842909
RAIL	19	110	201	2046
CORRELATION	2336	1964	8176	12334
SQUARE	299264	274
FOLD	2249	1972	1972	760206	760206	0	3846120
RAIL	47	81	201	2047
CORRELATION	2337	1967	8176	12334
SQUARE	299392	274
FOLD	2250	1973	1973	760590	760590	0	3849034
RAIL	47	82	201	2048
CORRELATION	2338	1969	8176	12334
SQUARE	299520	274
FOLD	2251	1974	1974	760977	760977	0	3849963
RAIL	20	108	201	2049
CORRELATION	2339	1969	8176	12334
SQUARE	299648	274
FOLD	2260	1975	1975	761361	761361	0	3865063
RAIL	22	107	205	2054
CORRELATION	2348	1978	8176	12334
SQUARE	300800	274
FOLD	2261	1976	1976	761748	761748	0	3867931
RAIL	44	84	205	2055
CORRELATION	2349	1979	8176	12334
SQUARE	300928	274
FOLD	2262	1977	1977	762132	762132	0	3871079
RAIL	44	85	205	2056
CORRELATION	2350	1981	8176	12334
SQUARE	301056	274
FOLD	2263	1978	1978	762519	762519	0	3873383
RAIL	23	105	205	2057
CORRELATION	2351	1983	8176	12334
SQUARE	301184	274
FOLD	2272	1979	1979	762903	762903	0	3890776
RAIL	25	104	209	2062
CORRELATION	2360	1991	8176	12334
SQUARE	302336	274
FOLD	2273	1980	1980	763290	763290	0	3893239
RAIL	41	87	209	2063
CORRELATION	2361	1993	8176	12334
SQUARE	302464	274
FOLD	2274	1981	1981	763674	763674	0	3894122
RAIL	41	88	209	2064
CORRELATION	2362	1993	8176	12334
SQUARE	302592	274
FOLD	2275	1982	1982	764061	764061	0	3896402
RAIL	26	102	209	2065
CORRELATION	2363	1994	8176	12334
SQUARE	302720	274
FOLD	2276	1983	1983	764445	764445	0	3899067
RAIL	26	103	209	2066
CORRELATION	2364	1996	8176	12334
SQUARE	302848	274
FOLD	2277	1984	1984	764832	764832	0	3900610
RAIL	40	88	209	2067
CORRELATION	2365	1996	8176	12334
SQUARE	302976	274
FOLD	2278	1985	1985	765216	765216	0	3903895
RAIL	40	89	209	2068
CORRELATION	2366	1999	8176	12334
SQUARE	303104	274
FOLD	2279	1986	1986	765603	765603	0	3904964
RAIL	27	101	209	2069
CORRELATION	2367	1999	8176	12334
SQUARE	303232	274
FOLD	2280	1987	1987	765987	765987	0	3907127
RAIL	27	102	209	2070
CORRELATION	2368	2000	8176	12334
SQUARE	303360	274
FOLD	2281	1988	1988	766374	766374	0	3908081
RAIL	39	89	209	2071
CORRELATION	2369	2000	8176	12334
SQUARE	303488	274
FOLD	2282	1989	1989	766758	766758	0	3909531
RAIL	39	90	209	2072
CORRELATION	2370	2000	8176	12334
SQUARE	303616	274
FOLD	2283	1990	1990	767145	767145	0	3912480
RAIL	28	100	209	2073
CORRELATION	2371	2002	8176	12334
SQUARE	303744	274
FOLD	2284	1991	1991	767529	767529	0	3915436
RAIL	28	101	209	2074
CORRELATION	2372	2004	8176	12334
SQUARE	303872	274
FOLD	2285	1992	1992	767916	767916	0	3917247
RAIL	38	90	209	2075
CORRELATION	2373	2005	8176	12334
SQUARE	304000	274
FOLD	2286	1993	1993	768300	768300	0	3919267
RAIL	38	91	209	2076
CORRELATION	2374	2007	8176	12334
SQUARE	304128	274
FOLD	2287	1994	1994	768687	768687	0	3920873
RAIL	29	99	209	2077
CORRELATION	2375	2007	8176	12334
SQUARE	304256	274
FOLD	2288	1995	1995	769071	769071	0	3923296
RAIL	29	100	209	2078
CORRELATION	2376	2009	8176	12334
SQUARE	304384	274
FOLD	2289	1996	1996	769458	769458	0	3924258
RAIL	37	91	209	2079
CORRELATION	2377	2009	8176	12334
SQUARE	304512	274
FOLD	2290	1997	1997	769842	769842	0	3926935
RAIL	37	92	209	2080
CORRELATION	2378	2010	8176	12334
SQUARE	304640	274
FOLD	2291	1998	1998	770229	770229	0	3930896
RAIL	30	98	209	2081
CORRELATION	2379	2013	8176	12334
SQUARE	304768	274
FOLD	2292	1999	1999	770613	770613	0	3931985
RAIL	30	99	209	2082
CORRELATION	2380	2013	8176	12334
SQUARE	304896	274
FOLD	2293	2000	2000	771000	771000	0	3933038
RAIL	36	92	209	2083
CORRELATION	2381	2013	8176	12334
SQUARE	305024	274
FOLD	2294	2001	2001	771384	771384	0	3934084
RAIL	36	93	209	2084
CORRELATION	2382	2013	8176	12334
SQUARE	305152	274
FOLD	2295	2002	2002	771771	771771	0	3935011
RAIL	31	97	209	2085
CORRELATION	2383	2013	8176	12334
SQUARE	305280	274
FOLD	2296	2003	2003	772155	772155	0	3936048
RAIL	31	98	209	2086
CORRELATION	2384	2013	8176	12334
SQUARE	305408	274
FOLD	2297	2004	2004	772542	772542	0	3938801
RAIL	35	93	209	2087
CORRELATION	2385	2014	8176	12334
SQUARE	305536	274
FOLD	2298	2005	2005	772926	772926	0	3941283
RAIL	35	94	209	2088
CORRELATION	2386	2016	8176	12334
SQUARE	305664	274
FOLD	2299	2006	2006	773313	773313	0	3942211
RAIL	32	96	209	2089
CORRELATION	2387	2016	8176	12334
SQUARE	305792	274
FOLD	2300	2007	2007	773697	773697	0	3943708
RAIL	32	97	209	2090
CORRELATION	2388	2016	8176	12334
SQUARE	305920	274
FOLD	2301	2008	2008	774084	774084	0	3947480
RAIL	34	94	209	2091
CORRELATION	2389	2020	8176	12334
SQUARE	306048	274
FOLD	2302	2009	2009	774468	774468	0	3948440
RAIL	34	95	209	2092
CORRELATION	2390	2020	8176	12334
SQUARE	306176	274
FOLD	2303	2010	2010	774855	774855	0	3950073
RAIL	33	95	209	2093
CORRELATION	2391	2020	8176	12334
SQUARE	306304	274
FOLD	2304	2011	2011	775239	775239	0	3952532
RAIL	33	96	209	2094
CORRELATION	2392	2022	8176	12334
SQUARE	306432	274
FOLD	2305	2012	2012	775626	775626	0	3958127
RAIL	64	64	209	2095
CORRELATION	2395	2025	8176	12334
SQUARE	306816	277
FOLD	2306	2013	2013	776010	776010	0	3959808
RAIL	64	65	209	2096
CORRELATION	2396	2025	8176	12334
SQUARE	306944	277
FOLD	2307	2014	2014	776397	776397	0	3969238
RAIL	63	65	209	2097
CORRELATION	2399	2030	8176	12334
SQUARE	307328	277
FOLD	2308	2015	2015	776781	776781	0	3970452
RAIL	63	66	209	2098
CORRELATION	2400	2030	8176	12334
SQUARE	307456	277
FOLD	2309	2016	2016	777168	777168	0	3976195
RAIL	62	66	209	2099
CORRELATION	2403	2034	8176	12334
SQUARE	307840	277
FOLD	2310	2017	2017	777552	777552	0	3978182
RAIL	62	67	209	2100
CORRELATION	2404	2034	8176	12334
SQUARE	307968	277
FOLD	2311	2018	2018	777939	777939	0	3985556
RAIL	61	67	209	2101
CORRELATION	2407	2039	8176	12334
SQUARE	308352	277
FOLD	2312	2019	2019	778323	778323	0	3987214
RAIL	61	68	209	2102
CORRELATION	2408	2039	8176	12334
SQUARE	308480	277
FOLD	2313	2020	2020	778710	778710	0	3992762
RAIL	60	68	209	2103
CORRELATION	2411	2043	8176	12334
SQUARE	308864	277
FOLD	2314	2021	2021	779094	779094	0	3993775
RAIL	60	69	209	2104
CORRELATION	2412	2043	8176	12334
SQUARE	308992	277
FOLD	2315	2022	2022	779481	779481	0	3998055
RAIL	59	69	209	2105
CORRELATION	2415	2044	8176	12334
SQUARE	309376	277
FOLD	2316	2023	2023	779865	779865	0	4000987
RAIL	59	70	209	2106
CORRELATION	2416	2047	8176	12334
SQUARE	309504	277
FOLD	2317	2024	2024	780252	780252	0	4006574
RAIL	58	70	209	2107
CORRELATION	2419	2051	8176	12334
SQUARE	309888	277
FOLD	2318	2025	2025	780636	780636	0	4009874
RAIL	58	71	209	2108
CORRELATION	2420	2051	8176	12334
SQUARE	310016	277
FOLD	2319	2026	2026	781023	781023	0	4014073
RAIL	9	119	209	2109
CORRELATION	2421	2051	8176	12334
SQUARE	310144	277
FOLD	2328	2027	2027	781407	781407	0	4030818
RAIL	11	118	213	2114
CORRELATION	2430	2061	8176	12334
SQUARE	311296	277
FOLD	2329	2028	2028	781794	781794	0	4032773
RAIL	55	73	213	2115
CORRELATION	2431	2063	8176	12334
SQUARE	311424	277
FOLD	2330	2029	2029	782178	782178	0	4035996
RAIL	55	74	213	2116
CORRELATION	2432	2065	8176	12334
SQUARE	311552	277
FOLD	2331	2030	2030	782565	782565	0	4037030
RAIL	12	116	213	2117
CORRELATION	2433	2065	8176	12334
SQUARE	311680	277
FOLD	2332	2031	2031	782949	782949	0	4039558
RAIL	12	117	213	2118
CORRELATION	2434	2066	8176	12334
SQUARE	311808	277
FOLD	2333	2032	2032	783336	783336	0	4041718
RAIL	54	74	213	2119
CORRELATION	2435	2068	8176	12334
SQUARE	311936	277
FOLD	2334	2033	2033	783720	783720	0	4043413
RAIL	54	75	213	2120
CORRELATION	2436	2068	8176	12334
SQUARE	312064	277
FOLD	2335	2034	2034	784107	784107	0	4046047
RAIL	13	115	213	2121
CORRELATION	2437	2070	8176	12334
SQUARE	312192	277
FOLD	2336	2035	2035	784491	784491	0	4048013
RAIL	13	116	213	2122
CORRELATION	2438	2072	8176	12334
SQUARE	312320	277
FOLD	2337	2036	2036	784878	784878	0	4049057
RAIL	53	75	213	2123
CORRELATION	2439	2072	8176	12334
SQUARE	312448	277
FOLD	2338	2037	2037	785262	785262	0	4050118
RAIL	53	76	213	2124
CORRELATION	2440	2072	8176	12334
SQUARE	312576	277
FOLD	2339	2038	2038	785649	785649	0	4051066
RAIL	14	114	213	2125
CORRELATION	2441	2072	8176	12334
SQUARE	312704	277
FOLD	2348	2039	2039	786033	786033	0	4065933
RAIL	16	113	217	2130
CORRELATION	2450	2082	8176	12334
SQUARE	313856	277
FOLD	2349	2040	2040	786420	786420	0	4066845
RAIL	50	78	217	2131
CORRELATION	2451	2082	8176	12334
SQUARE	313984	277
FOLD	2350	2041	2041	786804	786804	0	4069881
RAIL	50	79	217	2132
CORRELATION	2452	2084	8176	12334
SQUARE	314112	277
FOLD	2351	2042	2042	787191	787191	0	4071450
RAIL	17	111	217	2133
CORRELATION	2453	2084	8176	12334
SQUARE	314240	277
FOLD	2360	2043	2043	787575	787575	0	4087967
RAIL	19	110	221	2138
CORRELATION	2462	2095	8176	12334
SQUARE	315392	277
FOLD	2361	2044	2044	787962	787962	0	4089171
RAIL	47	81	221	2139
CORRELATION	2463	2095	8176	12334
SQUARE	315520	277
FOLD	2362	2045	2045	788346	788346	0	4091188
RAIL	47	82	221	2140
CORRELATION	2464	2095	8176	12334
SQUARE	315648	277
FOLD	2363	2046	2046	788733	788733	0	4094954
RAIL	20	108	221	2141
CORRELATION	2465	2098	8176	12334
SQUARE	315776	277
FOLD	2364	2047	2047	789117	789117	0	4096133
RAIL	20	109	221	2142
CORRELATION	2466	2098	8176	12334
SQUARE	315904	277
FOLD	2365	2048	2048	789504	789504	0	4097886
RAIL	46	82	221	2143
CORRELATION	2467	2098	8176	12334
SQUARE	316032	277
FOLD	2366	2049	2049	789888	789888	0	4100306
RAIL	46	83	221	2144
CORRELATION	2468	2101	8176	12334
SQUARE	316160	277
FOLD	2367	2050	2050	790275	790275	0	4103346
RAIL	21	107	221	2145
CORRELATION	2469	2103	8176	12334
SQUARE	316288	277
FOLD	2376	2051	2051	790659	790659	0	4120591
RAIL	23	106	225	2150
CORRELATION	2478	2110	8176	12334
SQUARE	317440	277
FOLD	2377	2052	2052	791046	791046	0	4123133
RAIL	43	85	225	2151
CORRELATION	2479	2112	8176	12334
SQUARE	317568	277
FOLD	2378	2053	2053	791430	791430	0	4127461
RAIL	43	86	225	2152
CORRELATION	2480	2114	8176	12334
SQUARE	317696	277
FOLD	2379	2054	2054	791817	791817	0	4128423
RAIL	24	104	225	2153
CORRELATION	2481	2114	8176	12334
SQUARE	317824	277
FOLD	2388	2055	2055	792201	792201	0	4144952
RAIL	26	103	229	2158
CORRELATION	2490	2123	8176	12334
SQUARE	318976	277
FOLD	2389	2056	2056	792588	792588	0	4146538
RAIL	40	88	229	2159
CORRELATION	2491	2123	8176	12334
SQUARE	319104	277
FOLD	2390	2057	2057	792972	792972	0	4149757
RAIL	40	89	229	2160
CORRELATION	2492	2126	8176	12334
SQUARE	319232	277
FOLD	2391	2058	2058	793359	793359	0	4150724
RAIL	27	101	229	2161
CORRELATION	2493	2126	8176	12334
SQUARE	319360	277
FOLD	2392	2059	2059	793743	793743	0	4153296
RAIL	27	102	229	2162
CORRELATION	2494	2128	8176	12334
SQUARE	319488	277
FOLD	2393	2060	2060	794130	794130	0	4158426
RAIL	39	89	229	2163
CORRELATION	2495	2130	8176	12334
SQUARE	319616	277
FOLD	2394	2061	2061	794514	794514	0	4160297
RAIL	39	90	229	2164
CORRELATION	2496	2130	8176	12334
SQUARE	319744	277
FOLD	2395	2062	2062	794901	794901	0	4162208
RAIL	28	100	229	2165
CORRELATION	2497	2130	8176	12334
SQUARE	319872	277
FOLD	2396	2063	2063	795285	795285	0	4164034
RAIL	28	101	229	2166
CORRELATION	2498	2130	8176	12334
SQUARE	320000	277
FOLD	2397	2064	2064	795672	795672	0	4165020
RAIL	38	90	229	2167
CORRELATION	2499	2130	8176	12334
SQUARE	320128	277
FOLD	2398	2065	2065	796056	796056	0	4166145
RAIL	38	91	229	2168
CORRELATION	2500	2130	8176	12334
SQUARE	320256	277
FOLD	2399	2066	2066	796443	796443	0	4167161
RAIL	29	99	229	2169
CORRELATION	2501	2130	8176	12334
SQUARE	320384	277
FOLD	2400	2067	2067	796827	796827	0	4168079
RAIL	29	100	229	2170
CORRELATION	2502	2130	8176	12334
SQUARE	320512	277
FOLD	2401	2068	2068	797214	797214	0	4169166
RAIL	37	91	229	2171
CORRELATION	2503	2130	8176	12334
SQUARE	320640	277
FOLD	2402	2069	2069	797598	797598	0	4170231
RAIL	37	92	229	2172
CORRELATION	2504	2130	8176	12334
SQUARE	320768	277
FOLD	2403	2070	2070	797985	797985	0	4171827
RAIL	30	98	229	2173
CORRELATION	2505	2130	8176	12334
SQUARE	320896	277
FOLD	2404	2071	2071	798369	798369	0	4172900
RAIL	30	99	229	2174
CORRELATION	2506	2130	8176	12334
SQUARE	321024	277
FOLD	2405	2072	2072	798756	798756	0	4174782
RAIL	36	92	229	2175
CORRELATION	2507	2130	8176	12334
SQUARE	321152	277
FOLD	2406	2073	2073	799140	799140	0	4176794
RAIL	36	93	229	2176
CORRELATION	2508	2132	8176	12334
SQUARE	321280	277
FOLD	2407	2074	2074	799527	799527	0	4178730
RAIL	31	97	229	2177
CORRELATION	2509	2134	8176	12334
SQUARE	321408	277
FOLD	2408	2075	2075	799911	799911	0	4179913
RAIL	31	98	229	2178
CORRELATION	2510	2134	8176	12334
SQUARE	321536	277
FOLD	2409	2076	2076	800298	800298	0	4181594
RAIL	35	93	229	2179
CORRELATION	2511	2136	8176	12334
SQUARE	321664	277
FOLD	2410	2077	2077	800682	800682	0	4184099
RAIL	35	94	229	2180
CORRELATION	2512	2138	8176	12334
SQUARE	321792	277
FOLD	2411	2078	2078	801069	801069	0	4185126
RAIL	32	96	229	2181
CORRELATION	2513	2138	8176	12334
SQUARE	321920	277
FOLD	2412	2079	2079	801453	801453	0	4186392
RAIL	32	97	229	2182
CORRELATION	2514	2138	8176	12334
SQUARE	322048	277
FOLD	2413	2080	2080	801840	801840	0	4188779
RAIL	34	94	229	2183
CORRELATION	2515	2140	8176	12334
SQUARE	322176	277
FOLD	2414	2081	2081	802224	802224	0	4190754
RAIL	34	95	229	2184
CORRELATION	2516	2142	8176	12334
SQUARE	322304	277
FOLD	2415	2082	2082	802611	802611	0	4191913
RAIL	33	95	229	2185
CORRELATION	2517	2142	8176	12334
SQUARE	322432	277
FOLD	2416	2083	2083	802995	802995	0	4194166
RAIL	33	96	229	2186
CORRELATION	2518	2144	8176	12334
SQUARE	322560	277
FOLD	2417	2084	2084	803382	803382	0	4197702
RAIL	64	64	229	2187
CORRELATION	2521	2146	8176	12334
SQUARE	322944	277
FOLD	2418	2085	2085	803766	803766	0	4198924
RAIL	64	65	229	2188
CORRELATION	2522	2146	8176	12334
SQUARE	323072	277
FOLD	2419	2086	2086	804153	804153	0	4202538
RAIL	63	65	229	2189
CORRELATION	2525	2150	8176	12334
SQUARE	323456	277
FOLD	2420	2087	2087	804537	804537	0	4204243
RAIL	63	66	229	2190
CORRELATION	2526	2152	8176	12334
SQUARE	323584	277
FOLD	2421	2088	2088	804924	804924	0	4210437
RAIL	62	66	229	2191
CORRELATION	2529	2157	8176	12334
SQUARE	323968	277
FOLD	2422	2089	2089	805308	805308	0	4212272
RAIL	62	67	229	2192
CORRELATION	2530	2158	8176	12334
SQUARE	324096	277
FOLD	2423	2090	2090	805695	805695	0	4215174
RAIL	61	67	229	2193
CORRELATION	2533	2160	8176	12334
SQUARE	324480	277
FOLD	2424	2091	2091	806079	806079	0	4216817
RAIL	61	68	229	2194
CORRELATION	2534	2162	8176	12334
SQUARE	324608	277
FOLD	2425	2092	2092	806466	806466	0	4220707
RAIL	60	68	229	2195
CORRELATION	2537	2166	8176	12334
SQUARE	324992	277
FOLD	2426	2093	2093	806850	806850	0	4221674
RAIL	60	69	229	2196
CORRELATION	2538	2166	8176	12334
SQUARE	325120	277
FOLD	2427	2094	2094	807237	807237	0	4224201
RAIL	59	69	229	2197
CORRELATION	2541	2166	8176	12334
SQUARE	325504	277
FOLD	2428	2095	2095	807621	807621	0	4226111
RAIL	59	70	229	2198
CORRELATION	2542	2167	8176	12334
SQUARE	325632	277
FOLD	2429	2096	2096	808008	808008	0	4230734
RAIL	58	70	229	2199
CORRELATION	2545	2172	8176	12334
SQUARE	326016	277
FOLD	2430	2097	2097	808392	808392	0	4231703
RAIL	58	71	229	2200
CORRELATION	2546	2172	8176	12334
SQUARE	326144	277
FOLD	2431	2098	2098	808779	808779	0	4233613
RAIL	9	119	229	2201
CORRELATION	2547	2173	8176	12334
SQUARE	326272	277
FOLD	2432	2099	2099	809163	809163	0	4235503
RAIL	9	120	229	2202
CORRELATION	2548	2175	8176	12334
SQUARE	326400	277
FOLD	2433	2100	2100	809550	809550	0	4236555
RAIL	57	71	229	2203
CORRELATION	2549	2175	8176	12334
SQUARE	326528	277
FOLD	2434	2101	2101	809934	809934	0	4238569
RAIL	57	72	229	2204
CORRELATION	2550	2177	8176	12334
SQUARE	326656	277
FOLD	2435	2102	2102	810321	810321	0	4241697
RAIL	10	118	229	2205
CORRELATION	2551	2179	8176	12334
SQUARE	326784	277
FOLD	2444	2103	2103	810705	810705	0	4254156
RAIL	12	117	233	2210
CORRELATION	2560	2187	8176	12334
SQUARE	327936	277
FOLD	2445	2104	2104	811092	811092	0	4256211
RAIL	54	74	233	2211
CORRELATION	2561	2189	8176	12334
SQUARE	328064	277
FOLD	2446	2105	2105	811476	811476	0	4258294
RAIL	54	75	233	2212
CORRELATION	2562	2191	8176	12334
SQUARE	328192	277
FOLD	2447	2106	2106	811863	811863	0	4259973
RAIL	13	115	233	2213
CORRELATION	2563	2191	8176	12334
SQUARE	328320	277
FOLD	2448	2107	2107	812247	812247	0	4262018
RAIL	13	116	233	2214
CORRELATION	2564	2193	8176	12334
SQUARE	328448	277
FOLD	2449	2108	2108	812634	812634	0	4264348
RAIL	53	75	233	2215
CORRELATION	2565	2195	8176	12334
SQUARE	328576	277
FOLD	2450	2109	2109	813018	813018	0	4265684
RAIL	53	76	233	2216
CORRELATION	2566	2195	8176	12334
SQUARE	328704	277
FOLD	2451	2110	2110	813405	813405	0	4266707
RAIL	14	114	233	2217
CORRELATION	2567	2195	8176	12334
SQUARE	328832	277
FOLD	2452	2111	2111	813789	813789	0	4267734
RAIL	14	115	233	2218
CORRELATION	2568	2195	8176	12334
SQUARE	328960	277
FOLD	2453	2112	2112	814176	814176	0	4269143
RAIL	52	76	233	2219
CORRELATION	2569	2196	8176	12334
SQUARE	329088	277
FOLD	2454	2113	2113	814560	814560	0	4270158
RAIL	52	77	233	2220
CORRELATION	2570	2196	8176	12334
SQUARE	329216	277
FOLD	2455	2114	2114	814947	814947	0	4271309
RAIL	15	113	233	2221
CORRELATION	2571	2196	8176	12334
SQUARE	329344	277
FOLD	2464	2115	2115	815331	815331	0	4283362
RAIL	17	112	237	2226
CORRELATION	2580	2206	8176	12334
SQUARE	330496	277
FOLD	2465	2116	2116	815718	815718	0	4284853
RAIL	49	79	237	2227
CORRELATION	2581	2208	8176	12334
SQUARE	330624	277
FOLD	2466	2117	2117	816102	816102	0	4285920
RAIL	49	80	237	2228
CORRELATION	2582	2208	8176	12334
SQUARE	330752	277
FOLD	2467	2118	2118	816489	816489	0	4287565
RAIL	18	110	237	2229
CORRELATION	2583	2210	8176	12334
SQUARE	330880	277
FOLD	2476	2119	2119	816873	816873	0	4299503
RAIL	20	109	241	2234
CORRELATION	2592	2221	8176	12334
SQUARE	332032	277
FOLD	2477	2120	2120	817260	817260	0	4300829
RAIL	46	82	241	2235
CORRELATION	2593	2221	8176	12334
SQUARE	332160	277
FOLD	2478	2121	2121	817644	817644	0	4301810
RAIL	46	83	241	2236
CORRELATION	2594	2221	8176	12334
SQUARE	332288	277
FOLD	2479	2122	2122	818031	818031	0	4302908
RAIL	21	107	241	2237
CORRELATION	2595	2221	8176	12334
SQUARE	332416	277
FOLD	2480	2123	2123	818415	818415	0	4304869
RAIL	21	108	241	2238
CORRELATION	2596	2223	8176	12334
SQUARE	332544	277
FOLD	2481	2124	2124	818802	818802	0	4306635
RAIL	45	83	241	2239
CORRELATION	2597	2225	8176	12334
SQUARE	332672	277
FOLD	2482	2125	2125	819186	819186	0	4307753
RAIL	45	84	241	2240
CORRELATION	2598	2225	8176	12334
SQUARE	332800	277
FOLD	2483	2126	2126	819573	819573	0	4309675
RAIL	22	106	241	2241
CORRELATION	2599	2227	8176	12334
SQUARE	332928	277
FOLD	2492	2127	2127	819957	819957	0	4320100
RAIL	24	105	245	2246
CORRELATION	2608	2234	8176	12334
SQUARE	334080	277
FOLD	2493	2128	2128	820344	820344	0	4321987
RAIL	42	86	245	2247
CORRELATION	2609	2236	8176	12334
SQUARE	334208	277
FOLD	2494	2129	2129	820728	820728	0	4323089
RAIL	42	87	245	2248
CORRELATION	2610	2236	8176	12334
SQUARE	334336	277
FOLD	2495	2130	2130	821115	821115	0	4324970
RAIL	25	103	245	2249
CORRELATION	2611	2238	8176	12334
SQUARE	334464	277
FOLD	2504	2131	2131	821499	821499	0	4337531
RAIL	27	102	249	2254
CORRELATION	2620	2247	8176	12334
SQUARE	335616	277
FOLD	2505	2132	2132	821886	821886	0	4338879
RAIL	39	89	249	2255
CORRELATION	2621	2247	8176	12334
SQUARE	335744	277
FOLD	2506	2133	2133	822270	822270	0	4341275
RAIL	39	90	249	2256
CORRELATION	2622	2249	8176	12334
SQUARE	335872	277
FOLD	2507	2134	2134	822657	822657	0	4344499
RAIL	28	100	249	2257
CORRELATION	2623	2251	8176	12334
SQUARE	336000	277
FOLD	2508	2135	2135	823041	823041	0	4345967
RAIL	28	101	249	2258
CORRELATION	2624	2251	8176	12334
SQUARE	336128	277
FOLD	2509	2136	2136	823428	823428	0	4348099
RAIL	38	90	249	2259
CORRELATION	2625	2253	8176	12334
SQUARE	336256	277
FOLD	2510	2137	2137	823812	823812	0	4351590
RAIL	38	91	249	2260
CORRELATION	2626	2255	8176	12334
SQUARE	336384	277
FOLD	2511	2138	2138	824199	824199	0	4352873
RAIL	29	99	249	2261
CORRELATION	2627	2255	8176	12334
SQUARE	336512	277
FOLD	2512	2139	2139	824583	824583	0	4354207
RAIL	29	100	249	2262
CORRELATION	2628	2255	8176	12334
SQUARE	336640	277
FOLD	2513	2140	2140	824970	824970	0	4356209
RAIL	37	91	249	2263
CORRELATION	2629	2257	8176	12334
SQUARE	336768	277
FOLD	2514	2141	2141	825354	825354	0	4357942
RAIL	37	92	249	2264
CORRELATION	2630	2259	8176	12334
SQUARE	336896	277
FOLD	2515	2142	2142	825741	825741	0	4359670
RAIL	30	98	249	2265
CORRELATION	2631	2260	8176	12334
SQUARE	337024	277
FOLD	2516	2143	2143	826125	826125	0	4362289
RAIL	30	99	249	2266
CORRELATION	2632	2262	8176	12334
SQUARE	337152	277
FOLD	2517	2144	2144	826512	826512	0	4363665
RAIL	36	92	249	2267
CORRELATION	2633	2262	8176	12334
SQUARE	337280	277
FOLD	2518	2145	2145	826896	826896	0	4365016
RAIL	36	93	249	2268
CORRELATION	2634	2262	8176	12334
SQUARE	337408	277
FOLD	2519	2146	2146	827283	827283	0	4366281
RAIL	31	97	249	2269
CORRELATION	2635	2262	8176	12334
SQUARE	337536	277
FOLD	2520	2147	2147	827667	827667	0	4367527
RAIL	31	98	249	2270
CORRELATION	2636	2262	8176	12334
SQUARE	337664	277
FOLD	2521	2148	2148	828054	828054	0	4369006
RAIL	35	93	249	2271
CORRELATION	2637	2262	8176	12334
SQUARE	337792	277
FOLD	2522	2149	2149	828438	828438	0	4370211
RAIL	35	94	249	2272
CORRELATION	2638	2262	8176	12334
SQUARE	337920	277
FOLD	2523	2150	2150	828825	828825	0	4371647
RAIL	32	96	249	2273
CORRELATION	2639	2262	8176	12334
SQUARE	338048	277
FOLD	2524	2151	2151	829209	829209	0	4374695
RAIL	32	97	249	2274
CORRELATION	2640	2265	8176	12334
SQUARE	338176	277
FOLD	2525	2152	2152	829596	829596	0	4376060
RAIL	34	94	249	2275
CORRELATION	2641	2265	8176	12334
SQUARE	338304	277
FOLD	2526	2153	2153	829980	829980	0	4377817
RAIL	34	95	249	2276
CORRELATION	2642	2267	8176	12334
SQUARE	338432	277
FOLD	2527	2154	2154	830367	830367	0	4379443
RAIL	33	95	249	2277
CORRELATION	2643	2268	8176	12334
SQUARE	338560	277
FOLD	2528	2155	2155	830751	830751	0	4381894
RAIL	33	96	249	2278
CORRELATION	2644	2271	8176	12334
SQUARE	338688	277
FOLD	2529	2156	2156	831138	831138	0	4385021
RAIL	64	64	249	2279
CORRELATION	2647	2272	8176	12334
SQUARE	339072	277
FOLD	2530	2157	2157	831522	831522	0	4388366
RAIL	64	65	249	2280
CORRELATION	2648	2274	8176	12334
SQUARE	339200	277
FOLD	2531	2158	2158	831909	831909	0	4393469
RAIL	63	65	249	2281
CORRELATION	2651	2279	8176	12334
SQUARE	339584	277
FOLD	2532	2159	2159	832293	832293	0	4394956
RAIL	63	66	249	2282
CORRELATION	2652	2279	8176	12334
SQUARE	339712	277
FOLD	2533	2160	2160	832680	832680	0	4398400
RAIL	62	66	249	2283
CORRELATION	2655	2281	8176	12334
SQUARE	340096	277
FOLD	2534	2161	2161	833064	833064	0	4400113
RAIL	62	67	249	2284
CORRELATION	2656	2283	8176	12334
SQUARE	340224	277
FOLD	2535	2162	2162	833451	833451	0	4406834
RAIL	61	67	249	2285
CORRELATION	2659	2287	8176	12334
SQUARE	340608	277
FOLD	2536	2163	2163	833835	833835	0	4408063
RAIL	61	68	249	2286
CORRELATION	2660	2287	8176	12334
SQUARE	340736	277
FOLD	2537	2164	2164	834222	834222	0	4412390
RAIL	60	68	249	2287
CORRELATION	2663	2291	8176	12334
SQUARE	341120	277
FOLD	2538	2165	2165	834606	834606	0	4413768
RAIL	60	69	249	2288
CORRELATION	2664	2291	8176	12334
SQUARE	341248	277
FOLD	2539	2166	2166	834993	834993	0	4418662
RAIL	59	69	249	2289
CORRELATION	2667	2295	8176	12334
SQUARE	341632	277
FOLD	2540	2167	2167	835377	835377	0	4421068
RAIL	59	70	249	2290
CORRELATION	2668	2295	8176	12334
SQUARE	341760	277
FOLD	2541	2168	2168	835764	835764	0	4425854
RAIL	58	70	249	2291
CORRELATION	2671	2295	8176	12334
SQUARE	342144	277
FOLD	2542	2169	2169	836148	836148	0	4427766
RAIL	58	71	249	2292
CORRELATION	2672	2297	8176	12334
SQUARE	342272	277
FOLD	2543	2170	2170	836535	836535	0	4429685
RAIL	9	119	249	2293
CORRELATION	2673	2300	8176	12334
SQUARE	342400	277
FOLD	2548	2171	2171	836919	836919	0	4437015
RAIL	10	119	251	2296
CORRELATION	2678	2305	8176	12334
SQUARE	343040	277
FOLD	2549	2172	2172	837306	837306	0	4438223
RAIL	56	72	251	2297
CORRELATION	2679	2305	8176	12334
SQUARE	343168	277
FOLD	2550	2173	2173	837690	837690	0	4440467
RAIL	56	73	251	2298
CORRELATION	2680	2307	8176	12334
SQUARE	343296	277
FOLD	2551	2174	2174	838077	838077	0	4442930
RAIL	11	117	251	2299
CORRELATION	2681	2309	8176	12334
SQUARE	343424	277
FOLD	2560	2175	2175	838461	838461	0	4457860
RAIL	13	116	255	2304
CORRELATION	2690	2319	8176	12334
SQUARE	344576	277
FOLD	2561	2176	2176	838848	838848	0	4459152
RAIL	53	75	255	2305
CORRELATION	2691	2319	8176	12334
SQUARE	344704	277
FOLD	2562	2177	2177	839232	839232	0	4460601
RAIL	53	76	255	2306
CORRELATION	2692	2319	8176	12334
SQUARE	344832	277
FOLD	2563	2178	2178	839619	839619	0	4463360
RAIL	14	114	255	2307
CORRELATION	2693	2322	8176	12334
SQUARE	344960	277
FOLD	2564	2179	2179	840003	840003	0	4464794
RAIL	14	115	255	2308
CORRELATION	2694	2322	8176	12334
SQUARE	345088	277
FOLD	2565	2180	2180	840390	840390	0	4466291
RAIL	52	76	255	2309
CORRELATION	2695	2323	8176	12334
SQUARE	345216	277
FOLD	2566	2181	2181	840774	840774	0	4467660
RAIL	52	77	255	2310
CORRELATION	2696	2323	8176	12334
SQUARE	345344	277
FOLD	2567	2182	2182	841161	841161	0	4469568
RAIL	15	113	255	2311
CORRELATION	2697	2325	8176	12334
SQUARE	345472	277
FOLD	2568	2183	2183	841545	841545	0	4472389
RAIL	15	114	255	2312
CORRELATION	2698	2327	8176	12334
SQUARE	345600	277
FOLD	2569	2184	2184	841932	841932	0	4473722
RAIL	51	77	255	2313
CORRELATION	2699	2327	8176	12334
SQUARE	345728	277
FOLD	2570	2185	2185	842316	842316	0	4475079
RAIL	51	78	255	2314
CORRELATION	2700	2327	8176	12334
SQUARE	345856	277
FOLD	2571	2186	2186	842703	842703	0	4476458
RAIL	16	112	255	2315
CORRELATION	2701	2327	8176	12334
SQUARE	345984	277
FOLD	2580	2187	2187	843087	843087	0	4491158
RAIL	18	111	259	2320
CORRELATION	2710	2338	8176	12334
SQUARE	347136	277
FOLD	2581	2188	2188	843474	843474	0	4492324
RAIL	48	80	259	2321
CORRELATION	2711	2338	8176	12334
SQUARE	347264	277
FOLD	2582	2189	2189	843858	843858	0	4493557
RAIL	48	81	259	2322
CORRELATION	2712	2338	8176	12334
SQUARE	347392	277
FOLD	2583	2190	2190	844245	844245	0	4495027
RAIL	19	109	259	2323
CORRELATION	2713	2338	8176	12334
SQUARE	347520	277
FOLD	2592	2191	2191	844629	844629	0	4505543
RAIL	21	108	263	2328
CORRELATION	2722	2343	8176	12334
SQUARE	348672	277
FOLD	2593	2192	2192	845016	845016	0	4507438
RAIL	45	83	263	2329
CORRELATION	2723	2345	8176	12334
SQUARE	348800	277
FOLD	2594	2193	2193	845400	845400	0	4509345
RAIL	45	84	263	2330
CORRELATION	2724	2347	8176	12334
SQUARE	348928	277
FOLD	2595	2194	2194	845787	845787	0	4511312
RAIL	22	106	263	2331
CORRELATION	2725	2347	8176	12334
SQUARE	349056	277
FOLD	2596	2195	2195	846171	846171	0	4513270
RAIL	22	107	263	2332
CORRELATION	2726	2347	8176	12334
SQUARE	349184	277
FOLD	2597	2196	2196	846558	846558	0	4515912
RAIL	44	84	263	2333
CORRELATION	2727	2349	8176	12334
SQUARE	349312	277
FOLD	2598	2197	2197	846942	846942	0	4517733
RAIL	44	85	263	2334
CORRELATION	2728	2351	8176	12334
SQUARE	349440	277
FOLD	2599	2198	2198	847329	847329	0	4519361
RAIL	23	105	263	2335
CORRELATION	2729	2352	8176	12334
SQUARE	349568	277
FOLD	2608	2199	2199	847713	847713	0	4531171
RAIL	25	104	267	2340
CORRELATION	2738	2361	8176	12334
SQUARE	350720	277
FOLD	2609	2200	2200	848100	848100	0	4532413
RAIL	41	87	267	2341
CORRELATION	2739	2361	8176	12334
SQUARE	350848	277
FOLD	2610	2201	2201	848484	848484	0	4535138
RAIL	41	88	267	2342
CORRELATION	2740	2363	8176	12334
SQUARE	350976	277
FOLD	2611	2202	2202	848871	848871	0	4537695
RAIL	26	102	267	2343
CORRELATION	2741	2365	8176	12334
SQUARE	351104	277
FOLD	2620	2203	2203	849255	849255	0	4551016
RAIL	28	101	271	2348
CORRELATION	2750	2373	8176	12334
SQUARE	352256	277
FOLD	2621	2204	2204	849642	849642	0	4552543
RAIL	38	90	271	2349
CORRELATION	2751	2373	8176	12334
SQUARE	352384	277
FOLD	2622	2205	2205	850026	850026	0	4555046
RAIL	38	91	271	2350
CORRELATION	2752	2376	8176	12334
SQUARE	352512	277
FOLD	2623	2206	2206	850413	850413	0	4556279
RAIL	29	99	271	2351
CORRELATION	2753	2376	8176	12334
SQUARE	352640	277
FOLD	2624	2207	2207	850797	850797	0	4557513
RAIL	29	100	271	2352
CORRELATION	2754	2376	8176	12334
SQUARE	352768	277
FOLD	2625	2208	2208	851184	851184	0	4559744
RAIL	37	91	271	2353
CORRELATION	2755	2378	8176	12334
SQUARE	352896	277
FOLD	2626	2209	2209	851568	851568	0	4562183
RAIL	37	92	271	2354
CORRELATION	2756	2380	8176	12334
SQUARE	353024	277
FOLD	2627	2210	2210	851955	851955	0	4563469
RAIL	30	98	271	2355
CORRELATION	2757	2380	8176	12334
SQUARE	353152	277
FOLD	2628	2211	2211	852339	852339	0	4565434
RAIL	30	99	271	2356
CORRELATION	2758	2382	8176	12334
SQUARE	353280	277
FOLD	2629	2212	2212	852726	852726	0	4567752
RAIL	36	92	271	2357
CORRELATION	2759	2385	8176	12334
SQUARE	353408	277
FOLD	2630	2213	2213	853110	853110	0	4569089
RAIL	36	93	271	2358
CORRELATION	2760	2385	8176	12334
SQUARE	353536	277
FOLD	2631	2214	2214	853497	853497	0	4570318
RAIL	31	97	271	2359
CORRELATION	2761	2385	8176	12334
SQUARE	353664	277
FOLD	2632	2215	2215	853881	853881	0	4571293
RAIL	31	98	271	2360
CORRELATION	2762	2385	8176	12334
SQUARE	353792	277
FOLD	2633	2216	2216	854268	854268	0	4572479
RAIL	35	93	271	2361
CORRELATION	2763	2385	8176	12334
SQUARE	353920	277
FOLD	2634	2217	2217	854652	854652	0	4573531
RAIL	35	94	271	2362
CORRELATION	2764	2385	8176	12334
SQUARE	354048	277
FOLD	2635	2218	2218	855039	855039	0	4574490
RAIL	32	96	271	2363
CORRELATION	2765	2385	8176	12334
SQUARE	354176	277
FOLD	2636	2219	2219	855423	855423	0	4576539
RAIL	32	97	271	2364
CORRELATION	2766	2385	8176	12334
SQUARE	354304	277
FOLD	2637	2220	2220	855810	855810	0	4578430
RAIL	34	94	271	2365
CORRELATION	2767	2385	8176	12334
SQUARE	354432	277
FOLD	2638	2221	2221	856194	856194	0	4580268
RAIL	34	95	271	2366
CORRELATION	2768	2387	8176	12334
SQUARE	354560	277
FOLD	2639	2222	2222	856581	856581	0	4582140
RAIL	33	95	271	2367
CORRELATION	2769	2390	8176	12334
SQUARE	354688	277
FOLD	2640	2223	2223	856965	856965	0	4584091
RAIL	33	96	271	2368
CORRELATION	2770	2391	8176	12334
SQUARE	354816	277
FOLD	2641	2224	2224	857352	857352	0	4587197
RAIL	64	64	271	2369
CORRELATION	2773	2394	8176	12334
SQUARE	355200	277
FOLD	2642	2225	2225	857736	857736	0	4588455
RAIL	64	65	271	2370
CORRELATION	2774	2395	8176	12334
SQUARE	355328	277
FOLD	2643	2226	2226	858123	858123	0	4592527
RAIL	63	65	271	2371
CORRELATION	2777	2397	8176	12334
SQUARE	355712	277
FOLD	2644	2227	2227	858507	858507	0	4594807
RAIL	63	66	271	2372
CORRELATION	2778	2399	8176	12334
SQUARE	355840	277
FOLD	2645	2228	2228	858894	858894	0	4598841
RAIL	62	66	271	2373
CORRELATION	2781	2403	8176	12334
SQUARE	356224	277
FOLD	2646	2229	2229	859278	859278	0	4599836
RAIL	62	67	271	2374
CORRELATION	2782	2403	8176	12334
SQUARE	356352	277
FOLD	2647	2230	2230	859665	859665	0	4602068
RAIL	61	67	271	2375
CORRELATION	2785	2405	8176	12334
SQUARE	356736	277
FOLD	2648	2231	2231	860049	860049	0	4604651
RAIL	61	68	271	2376
CORRELATION	2786	2405	8176	12334
SQUARE	356864	277
FOLD	2649	2232	2232	860436	860436	0	4608900
RAIL	60	68	271	2377
CORRELATION	2789	2409	8176	12334
SQUARE	357248	277
FOLD	2650	2233	2233	860820	860820	0	4610039
RAIL	60	69	271	2378
CORRELATION	2790	2409	8176	12334
SQUARE	357376	277
FOLD	2651	2234	2234	861207	861207	0	4613479
RAIL	59	69	271	2379
CORRELATION	2793	2412	8176	12334
SQUARE	357760	277
FOLD	2652	2235	2235	861591	861591	0	4614648
RAIL	59	70	271	2380
CORRELATION	2794	2412	8176	12334
SQUARE	357888	277
FOLD	2653	2236	2236	861978	861978	0	4618556
RAIL	58	70	271	2381
CORRELATION	2797	2416	8176	12334
SQUARE	358272	277
FOLD	2654	2237	2237	862362	862362	0	4623409
RAIL	58	71	271	2382
CORRELATION	2798	2418	8176	12334
SQUARE	358400	277
FOLD	2655	2238	2238	862749	862749	0	4624550
RAIL	9	119	271	2383
CORRELATION	2799	2418	8176	12334
SQUARE	358528	277
FOLD	2664	2239	2239	863133	863133	0	4635750
RAIL	11	118	275	2388
CORRELATION	2808	2425	8176	12334
SQUARE	359680	277
FOLD	2665	2240	2240	863520	863520	0	4637929
RAIL	55	73	275	2389
CORRELATION	2809	2427	8176	12334
SQUARE	359808	277
FOLD	2666	2241	2241	863904	863904	0	4640121
RAIL	55	74	275	2390
CORRELATION	2810	2429	8176	12334
SQUARE	359936	277
FOLD	2667	2242	2242	864291	864291	0	4641394
RAIL	12	116	275	2391
CORRELATION	2811	2429	8176	12334
SQUARE	360064	277
FOLD	2676	2243	2243	864675	864675	0	4654951
RAIL	14	115	279	2396
CORRELATION	2820	2439	8176	12334
SQUARE	361216	277
FOLD	2677	2244	2244	865062	865062	0	4656724
RAIL	52	76	279	2397
CORRELATION	2821	2441	8176	12334
SQUARE	361344	277
FOLD	2678	2245	2245	865446	865446	0	4657928
RAIL	52	77	279	2398
CORRELATION	2822	2441	8176	12334
SQUARE	361472	277
FOLD	2679	2246	2246	865833	865833	0	4659091
RAIL	15	113	279	2399
CORRELATION	2823	2441	8176	12334
SQUARE	361600	277
FOLD	2680	2247	2247	866217	866217	0	4661254
RAIL	15	114	279	2400
CORRELATION	2824	2443	8176	12334
SQUARE	361728	277
FOLD	2681	2248	2248	866604	866604	0	4663503
RAIL	51	77	279	2401
CORRELATION	2825	2445	8176	12334
SQUARE	361856	277
FOLD	2682	2249	2249	866988	866988	0	4665866
RAIL	51	78	279	2402
CORRELATION	2826	2446	8176	12334
SQUARE	361984	277
FOLD	2683	2250	2250	867375	867375	0	4667753
RAIL	16	112	279	2403
CORRELATION	2827	2448	8176	12334
SQUARE	362112	277
FOLD	2684	2251	2251	867759	867759	0	4668797
RAIL	16	113	279	2404
CORRELATION	2828	2448	8176	12334
SQUARE	362240	277
FOLD	2685	2252	2252	868146	868146	0	4669822
RAIL	50	78	279	2405
CORRELATION	2829	2448	8176	12334
SQUARE	362368	277
FOLD	2686	2253	2253	868530	868530	0	4670959
RAIL	50	79	279	2406
CORRELATION	2830	2448	8176	12334
SQUARE	362496	277
FOLD	2687	2254	2254	868917	868917	0	4672130
RAIL	17	111	279	2407
CORRELATION	2831	2448	8176	12334
SQUARE	362624	277
FOLD	2696	2255	2255	869301	869301	0	4683616
RAIL	19	110	283	2412
CORRELATION	2840	2458	8176	12334
SQUARE	363776	277
FOLD	2697	2256	2256	869688	869688	0	4686354
RAIL	47	81	283	2413
CORRELATION	2841	2461	8176	12334
SQUARE	363904	277
FOLD	2698	2257	2257	870072	870072	0	4687544
RAIL	47	82	283	2414
CORRELATION	2842	2461	8176	12334
SQUARE	364032	277
FOLD	2699	2258	2258	870459	870459	0	4688790
RAIL	20	108	283	2415
CORRELATION	2843	2461	8176	12334
SQUARE	364160	277
FOLD	2708	2259	2259	870843	870843	0	4701118
RAIL	22	107	287	2420
CORRELATION	2852	2470	8176	12334
SQUARE	365312	277
FOLD	2709	2260	2260	871230	871230	0	4702769
RAIL	44	84	287	2421
CORRELATION	2853	2473	8176	12334
SQUARE	365440	277
FOLD	2710	2261	2261	871614	871614	0	4704047
RAIL	44	85	287	2422
CORRELATION	2854	2474	8176	12334
SQUARE	365568	277
FOLD	2711	2262	2262	872001	872001	0	4705293
RAIL	23	105	287	2423
CORRELATION	2855	2474	8176	12334
SQUARE	365696	277
FOLD	2712	2263	2263	872385	872385	0	4707251
RAIL	23	106	287	2424
CORRELATION	2856	2476	8176	12334
SQUARE	365824	277
FOLD	2713	2264	2264	872772	872772	0	4709268
RAIL	43	85	287	2425
CORRELATION	2857	2478	8176	12334
SQUARE	365952	277
FOLD	2714	2265	2265	873156	873156	0	4710333
RAIL	43	86	287	2426
CORRELATION	2858	2478	8176	12334
SQUARE	366080	277
FOLD	2715	2266	2266	873543	873543	0	4712497
RAIL	24	104	287	2427
CORRELATION	2859	2478	8176	12334
SQUARE	366208	277
FOLD	2724	2267	2267	873927	873927	0	4727447
RAIL	26	103	291	2432
CORRELATION	2868	2488	8176	12334
SQUARE	367360	277
FOLD	2725	2268	2268	874314	874314	0	4729468
RAIL	40	88	291	2433
CORRELATION	2869	2490	8176	12334
SQUARE	367488	277
FOLD	2726	2269	2269	874698	874698	0	4730840
RAIL	40	89	291	2434
CORRELATION	2870	2490	8176	12334
SQUARE	367616	277
FOLD	2727	2270	2270	875085	875085	0	4732027
RAIL	27	101	291	2435
CORRELATION	2871	2490	8176	12334
SQUARE	367744	277
FOLD	2736	2271	2271	875469	875469	0	4747310
RAIL	29	100	295	2440
CORRELATION	2880	2502	8176	12334
SQUARE	368896	277
FOLD	2737	2272	2272	875856	875856	0	4748324
RAIL	37	91	295	2441
CORRELATION	2881	2502	8176	12334
SQUARE	369024	277
FOLD	2738	2273	2273	876240	876240	0	4749445
RAIL	37	92	295	2442
CORRELATION	2882	2502	8176	12334
SQUARE	369152	277
FOLD	2739	2274	2274	876627	876627	0	4750449
RAIL	30	98	295	2443
CORRELATION	2883	2502	8176	12334
SQUARE	369280	277
FOLD	2740	2275	2275	877011	877011	0	4752518
RAIL	30	99	295	2444
CORRELATION	2884	2502	8176	12334
SQUARE	369408	277
FOLD	2741	2276	2276	877398	877398	0	4753660
RAIL	36	92	295	2445
CORRELATION	2885	2502	8176	12334
SQUARE	369536	277
FOLD	2742	2277	2277	877782	877782	0	4754874
RAIL	36	93	295	2446
CORRELATION	2886	2503	8176	12334
SQUARE	369664	277
FOLD	2743	2278	2278	878169	878169	0	4756141
RAIL	31	97	295	2447
CORRELATION	2887	2503	8176	12334
SQUARE	369792	277
FOLD	2744	2279	2279	878553	878553	0	4757326
RAIL	31	98	295	2448
CORRELATION	2888	2503	8176	12334
SQUARE	369920	277
FOLD	2745	2280	2280	878940	878940	0	4759914
RAIL	35	93	295	2449
CORRELATION	2889	2506	8176	12334
SQUARE	370048	277
FOLD	2746	2281	2281	879324	879324	0	4761611
RAIL	35	94	295	2450
CORRELATION	2890	2506	8176	12334
SQUARE	370176	277
FOLD	2747	2282	2282	879711	879711	0	4763626
RAIL	32	96	295	2451
CORRELATION	2891	2508	8176	12334
SQUARE	370304	277
FOLD	2748	2283	2283	880095	880095	0	4765620
RAIL	32	97	295	2452
CORRELATION	2892	2510	8176	12334
SQUARE	370432	277
FOLD	2749	2284	2284	880482	880482	0	4766641
RAIL	34	94	295	2453
CORRELATION	2893	2510	8176	12334
SQUARE	370560	277
FOLD	2750	2285	2285	880866	880866	0	4767860
RAIL	34	95	295	2454
CORRELATION	2894	2510	8176	12334
SQUARE	370688	277
FOLD	2751	2286	2286	881253	881253	0	4769091
RAIL	33	95	295	2455
CORRELATION	2895	2510	8176	12334
SQUARE	370816	277
FOLD	2752	2287	2287	881637	881637	0	4771126
RAIL	33	96	295	2456
CORRELATION	2896	2512	8176	12334
SQUARE	370944	277
FOLD	2753	2288	2288	882024	882024	0	4777157
RAIL	64	64	295	2457
CORRELATION	2899	2517	8176	12334
SQUARE	371328	277
FOLD	2754	2289	2289	882408	882408	0	4778469
RAIL	64	65	295	2458
CORRELATION	2900	2517	8176	12334
SQUARE	371456	277
FOLD	2755	2290	2290	882795	882795	0	4782470
RAIL	63	65	295	2459
CORRELATION	2903	2521	8176	12334
SQUARE	371840	277
FOLD	2756	2291	2291	883179	883179	0	4783548
RAIL	63	66	295	2460
CORRELATION	2904	2521	8176	12334
SQUARE	371968	277
FOLD	2757	2292	2292	883566	883566	0	4792365
RAIL	62	66	295	2461
CORRELATION	2907	2525	8176	12334
SQUARE	372352	277
FOLD	2758	2293	2293	883950	883950	0	4793739
RAIL	62	67	295	2462
CORRELATION	2908	2526	8176	12334
SQUARE	372480	277
FOLD	2759	2294	2294	884337	884337	0	4797227
RAIL	61	67	295	2463
CORRELATION	2911	2529	8176	12334
SQUARE	372864	277
FOLD	2760	2295	2295	884721	884721	0	4798573
RAIL	61	68	295	2464
CORRELATION	2912	2531	8176	12334
SQUARE	372992	277
FOLD	2761	2296	2296	885108	885108	0	4800958
RAIL	60	68	295	2465
CORRELATION	2915	2531	8176	12334
SQUARE	373376	277
FOLD	2762	2297	2297	885492	885492	0	4803669
RAIL	60	69	295	2466
CORRELATION	2916	2532	8176	12334
SQUARE	373504	277
FOLD	2763	2298	2298	885879	885879	0	4807971
RAIL	59	69	295	2467
CORRELATION	2919	2537	8176	12334
SQUARE	373888	277
FOLD	2764	2299	2299	886263	886263	0	4809214
RAIL	59	70	295	2468
CORRELATION	2920	2537	8176	12334
SQUARE	374016	277
FOLD	2765	2300	2300	886650	886650	0	4813319
RAIL	58	70	295	2469
CORRELATION	2923	2541	8176	12334
SQUARE	374400	277
FOLD	2766	2301	2301	887034	887034	0	4814451
RAIL	58	71	295	2470
CORRELATION	2924	2541	8176	12334
SQUARE	374528	277
FOLD	2767	2302	2302	887421	887421	0	4817057
RAIL	9	119	295	2471
CORRELATION	2925	2544	8176	12334
SQUARE	374656	277
FOLD	2768	2303	2303	887805	887805	0	4818854
RAIL	9	120	295	2472
CORRELATION	2926	2544	8176	12334
SQUARE	374784	277
FOLD	2769	2304	2304	888192	888192	0	4820743
RAIL	57	71	295	2473
CORRELATION	2927	2544	8176	12334
SQUARE	374912	277
FOLD	2770	2305	2305	888576	888576	0	4823839
RAIL	57	72	295	2474
CORRELATION	2928	2544	8176	12334
SQUARE	375040	277
FOLD	2771	2306	2306	888963	888963	0	4826080
RAIL	10	118	295	2475
CORRELATION	2929	2546	8176	12334
SQUARE	375168	277
FOLD	2780	2307	2307	889347	889347	0	4846553
RAIL	12	117	299	2480
CORRELATION	2938	2557	8176	12334
SQUARE	376320	277
FOLD	2781	2308	2308	889734	889734	0	4848928
RAIL	54	74	299	2481
CORRELATION	2939	2559	8176	12334
SQUARE	376448	277
FOLD	2782	2309	2309	890118	890118	0	4849971
RAIL	54	75	299	2482
CORRELATION	2940	2559	8176	12334
SQUARE	376576	277
FOLD	2783	2310	2310	890505	890505	0	4850937
RAIL	13	115	299	2483
CORRELATION	2941	2559	8176	12334
SQUARE	376704	277
FOLD	2792	2311	2311	890889	890889	0	4862327
RAIL	15	114	303	2488
CORRELATION	2950	2567	8176	12334
SQUARE	377856	277
FOLD	2793	2312	2312	891276	891276	0	4863285
RAIL	51	77	303	2489
CORRELATION	2951	2567	8176	12334
SQUARE	377984	277
FOLD	2794	2313	2313	891660	891660	0	4864290
RAIL	51	78	303	2490
CORRELATION	2952	2567	8176	12334
SQUARE	378112	277
FOLD	2795	2314	2314	892047	892047	0	4867344
RAIL	16	112	303	2491
CORRELATION	2953	2569	8176	12334
SQUARE	378240	277
FOLD	2796	2315	2315	892431	892431	0	4870112
RAIL	16	113	303	2492
CORRELATION	2954	2571	8176	12334
SQUARE	378368	277
FOLD	2797	2316	2316	892818	892818	0	4871161
RAIL	50	78	303	2493
CORRELATION	2955	2571	8176	12334
SQUARE	378496	277
FOLD	2798	2317	2317	893202	893202	0	4873793
RAIL	50	79	303	2494
CORRELATION	2956	2573	8176	12334
SQUARE	378624	277
FOLD	2799	2318	2318	893589	893589	0	4876586
RAIL	17	111	303	2495
CORRELATION	2957	2575	8176	12334
SQUARE	378752	277
FOLD	2800	2319	2319	893973	893973	0	4877520
RAIL	17	112	303	2496
CORRELATION	2958	2575	8176	12334
SQUARE	378880	277
FOLD	2801	2320	2320	894360	894360	0	4878512
RAIL	49	79	303	2497
CORRELATION	2959	2575	8176	12334
SQUARE	379008	277
FOLD	2802	2321	2321	894744	894744	0	4881293
RAIL	49	80	303	2498
CORRELATION	2960	2578	8176	12334
SQUARE	379136	277
FOLD	2803	2322	2322	895131	895131	0	4882416
RAIL	18	110	303	2499
CORRELATION	2961	2578	8176	12334
SQUARE	379264	277
FOLD	2812	2323	2323	895515	895515	0	4896183
RAIL	20	109	307	2504
CORRELATION	2970	2588	8176	12334
SQUARE	380416	277
FOLD	2813	2324	2324	895902	895902	0	4897795
RAIL	46	82	307	2505
CORRELATION	2971	2588	8176	12334
SQUARE	380544	277
FOLD	2814	2325	2325	896286	896286	0	4899137
RAIL	46	83	307	2506
CORRELATION	2972	2589	8176	12334
SQUARE	380672	277
FOLD	2815	2326	2326	896673	896673	0	4901145
RAIL	21	107	307	2507
CORRELATION	2973	2591	8176	12334
SQUARE	380800	277
FOLD	2824	2327	2327	897057	897057	0	4911780
RAIL	23	106	311	2512
CORRELATION	2982	2598	8176	12334
SQUARE	381952	277
FOLD	2825	2328	2328	897444	897444	0	4913042
RAIL	43	85	311	2513
CORRELATION	2983	2599	8176	12334
SQUARE	382080	277
FOLD	2826	2329	2329	897828	897828	0	4915858
RAIL	43	86	311	2514
CORRELATION	2984	2601	8176	12334
SQUARE	382208	277
FOLD	2827	2330	2330	898215	898215	0	4917309
RAIL	24	104	311	2515
CORRELATION	2985	2602	8176	12334
SQUARE	382336	277
FOLD	2828	2331	2331	898599	898599	0	4919197
RAIL	24	105	311	2516
CORRELATION	2986	2604	8176	12334
SQUARE	382464	277
FOLD	2829	2332	2332	898986	898986	0	4920204
RAIL	42	86	311	2517
CORRELATION	2987	2604	8176	12334
SQUARE	382592	277
FOLD	2830	2333	2333	899370	899370	0	4921229
RAIL	42	87	311	2518
CORRELATION	2988	2604	8176	12334
SQUARE	382720	277
FOLD	2831	2334	2334	899757	899757	0	4922446
RAIL	25	103	311	2519
CORRELATION	2989	2604	8176	12334
SQUARE	382848	277
FOLD	2840	2335	2335	900141	900141	0	4938117
RAIL	27	102	315	2524
CORRELATION	2998	2614	8176	12334
SQUARE	384000	277
FOLD	2841	2336	2336	900528	900528	0	4941007
RAIL	39	89	315	2525
CORRELATION	2999	2616	8176	12334
SQUARE	384128	277
FOLD	2842	2337	2337	900912	900912	0	4942456
RAIL	39	90	315	2526
CORRELATION	3000	2616	8176	12334
SQUARE	384256	277
FOLD	2843	2338	2338	901299	901299	0	4943769
RAIL	28	100	315	2527
CORRELATION	3001	2616	8176	12334
SQUARE	384384	277
FOLD	2852	2339	2339	901683	901683	0	4959981
RAIL	30	99	319	2532
CORRELATION	3010	2627	8176	12334
SQUARE	385536	277
FOLD	2853	2340	2340	902070	902070	0	4961126
RAIL	36	92	319	2533
CORRELATION	3011	2627	8176	12334
SQUARE	385664	277
FOLD	2854	2341	2341	902454	902454	0	4962221
RAIL	36	93	319	2534
CORRELATION	3012	2627	8176	12334
SQUARE	385792	277
FOLD	2855	2342	2342	902841	902841	0	4963333
RAIL	31	97	319	2535
CORRELATION	3013	2627	8176	12334
SQUARE	385920	277
FOLD	2856	2343	2343	903225	903225	0	4965249
RAIL	31	98	319	2536
CORRELATION	3014	2627	8176	12334
SQUARE	386048	277
FOLD	2857	2344	2344	903612	903612	0	4966349
RAIL	35	93	319	2537
CORRELATION	3015	2627	8176	12334
SQUARE	386176	277
FOLD	2858	2345	2345	903996	903996	0	4967427
RAIL	35	94	319	2538
CORRELATION	3016	2627	8176	12334
SQUARE	386304	277
FOLD	2859	2346	2346	904383	904383	0	4969386
RAIL	32	96	319	2539
CORRELATION	3017	2627	8176	12334
SQUARE	386432	277
FOLD	2860	2347	2347	904767	904767	0	4971209
RAIL	32	97	319	2540
CORRELATION	3018	2627	8176	12334
SQUARE	386560	277
FOLD	2861	2348	2348	905154	905154	0	4973578
RAIL	34	94	319	2541
CORRELATION	3019	2628	8176	12334
SQUARE	386688	277
FOLD	2862	2349	2349	905538	905538	0	4975684
RAIL	34	95	319	2542
CORRELATION	3020	2629	8176	12334
SQUARE	386816	277
FOLD	2863	2350	2350	905925	905925	0	4977732
RAIL	33	95	319	2543
CORRELATION	3021	2631	8176	12334
SQUARE	386944	277
FOLD	2864	2351	2351	906309	906309	0	4978694
RAIL	33	96	319	2544
CORRELATION	3022	2631	8176	12334
SQUARE	387072	277
FOLD	2865	2352	2352	906696	906696	0	4982646
RAIL	64	64	319	2545
CORRELATION	3025	2634	8176	12334
SQUARE	387456	277
FOLD	2866	2353	2353	907080	907080	0	4985921
RAIL	64	65	319	2546
CORRELATION	3026	2636	8176	12334
SQUARE	387584	277
FOLD	2867	2354	2354	907467	907467	0	4990344
RAIL	63	65	319	2547
CORRELATION	3029	2639	8176	12334
SQUARE	387968	277
FOLD	2868	2355	2355	907851	907851	0	4991862
RAIL	63	66	319	2548
CORRELATION	3030	2639	8176	12334
SQUARE	388096	277
FOLD	2869	2356	2356	908238	908238	0	4997277
RAIL	62	66	319	2549
CORRELATION	3033	2644	8176	12334
SQUARE	388480	277
FOLD	2870	2357	2357	908622	908622	0	5003133
RAIL	62	67	319	2550
CORRELATION	3034	2646	8176	12334
SQUARE	388608	277
FOLD	2871	2358	2358	909009	909009	0	5005420
RAIL	61	67	319	2551
CORRELATION	3037	2646	8176	12334
SQUARE	388992	277
FOLD	2872	2359	2359	909393	909393	0	5007000
RAIL	61	68	319	2552
CORRELATION	3038	2646	8176	12334
SQUARE	389120	277
FOLD	2873	2360	2360	909780	909780	0	5010660
RAIL	60	68	319	2553
CORRELATION	3041	2651	8176	12334
SQUARE	389504	277
FOLD	2874	2361	2361	910164	910164	0	5012042
RAIL	60	69	319	2554
CORRELATION	3042	2651	8176	12334
SQUARE	389632	277
FOLD	2875	2362	2362	910551	910551	0	5016690
RAIL	59	69	319	2555
CORRELATION	3045	2657	8176	12334
SQUARE	390016	277
FOLD	2876	2363	2363	910935	910935	0	5019401
RAIL	59	70	319	2556
CORRELATION	3046	2657	8176	12334
SQUARE	390144	277
FOLD	2877	2364	2364	911322	911322	0	5021499
RAIL	58	70	319	2557
CORRELATION	3049	2657	8176	12334
SQUARE	390528	277
FOLD	2878	2365	2365	911706	911706	0	5022495
RAIL	58	71	319	2558
CORRELATION	3050	2657	8176	12334
SQUARE	390656	277
FOLD	2879	2366	2366	912093	912093	0	5024884
RAIL	9	119	319	2559
CORRELATION	3051	2659	8176	12334
SQUARE	390784	277
FOLD	2880	2367	2367	912477	912477	0	5026319
RAIL	9	120	319	2560
CORRELATION	3052	2661	8176	12334
SQUARE	390912	277
FOLD	2881	2368	2368	912864	912864	0	5027714
RAIL	57	71	319	2561
CORRELATION	3053	2663	8176	12334
SQUARE	391040	277
FOLD	2882	2369	2369	913248	913248	0	5028724
RAIL	57	72	319	2562
CORRELATION	3054	2663	8176	12334
SQUARE	391168	277
FOLD	2883	2370	2370	913635	913635	0	5030251
RAIL	10	118	319	2563
CORRELATION	3055	2664	8176	12334
SQUARE	391296	277
FOLD	2884	2371	2371	914019	914019	0	5031987
RAIL	10	119	319	2564
CORRELATION	3056	2666	8176	12334
SQUARE	391424	277
FOLD	2885	2372	2372	914406	914406	0	5033273
RAIL	56	72	319	2565
CORRELATION	3057	2666	8176	12334
SQUARE	391552	277
FOLD	2886	2373	2373	914790	914790	0	5035871
RAIL	56	73	319	2566
CORRELATION	3058	2669	8176	12334
SQUARE	391680	277
FOLD	2887	2374	2374	915177	915177	0	5037028
RAIL	11	117	319	2567
CORRELATION	3059	2669	8176	12334
SQUARE	391808	277
FOLD	2896	2375	2375	915561	915561	0	5049862
RAIL	13	116	323	2572
CORRELATION	3068	2677	8176	12334
SQUARE	392960	277
FOLD	2897	2376	2376	915948	915948	0	5052306
RAIL	53	75	323	2573
CORRELATION	3069	2679	8176	12334
SQUARE	393088	277
FOLD	2898	2377	2377	916332	916332	0	5054172
RAIL	53	76	323	2574
CORRELATION	3070	2680	8176	12334
SQUARE	393216	277
FOLD	2899	2378	2378	916719	916719	0	5057058
RAIL	14	114	323	2575
CORRELATION	3071	2682	8176	12334
SQUARE	393344	277
FOLD	2908	2379	2379	917103	917103	0	5072427
RAIL	16	113	327	2580
CORRELATION	3080	2691	8176	12334
SQUARE	394496	277
FOLD	2909	2380	2380	917490	917490	0	5074445
RAIL	50	78	327	2581
CORRELATION	3081	2692	8176	12334
SQUARE	394624	277
FOLD	2910	2381	2381	917874	917874	0	5077610
RAIL	50	79	327	2582
CORRELATION	3082	2694	8176	12334
SQUARE	394752	277
FOLD	2911	2382	2382	918261	918261	0	5078653
RAIL	17	111	327	2583
CORRELATION	3083	2694	8176	12334
SQUARE	394880	277
FOLD	2912	2383	2383	918645	918645	0	5079716
RAIL	17	112	327	2584
CORRELATION	3084	2694	8176	12334
SQUARE	395008	277
FOLD	2913	2384	2384	919032	919032	0	5080696
RAIL	49	79	327	2585
CORRELATION	3085	2694	8176	12334
SQUARE	395136	277
FOLD	2914	2385	2385	919416	919416	0	5081814
RAIL	49	80	327	2586
CORRELATION	3086	2694	8176	12334
SQUARE	395264	277
FOLD	2915	2386	2386	919803	919803	0	5082814
RAIL	18	110	327	2587
CORRELATION	3087	2694	8176	12334
SQUARE	395392	277
FOLD	2916	2387	2387	920187	920187	0	5083878
RAIL	18	111	327	2588
CORRELATION	3088	2694	8176	12334
SQUARE	395520	277
FOLD	2917	2388	2388	920574	920574	0	5086726
RAIL	48	80	327	2589
CORRELATION	3089	2696	8176	12334
SQUARE	395648	277
FOLD	2918	2389	2389	920958	920958	0	5089308
RAIL	48	81	327	2590
CORRELATION	3090	2698	8176	12334
SQUARE	395776	277
FOLD	2919	2390	2390	921345	921345	0	5090386
RAIL	19	109	327	2591
CORRELATION	3091	2700	8176	12334
SQUARE	395904	277
FOLD	2928	2391	2391	921729	921729	0	5106943
RAIL	21	108	331	2596
CORRELATION	3100	2709	8176	12334
SQUARE	397056	277
FOLD	2929	2392	2392	922116	922116	0	5110995
RAIL	45	83	331	2597
CORRELATION	3101	2711	8176	12334
SQUARE	397184	277
FOLD	2930	2393	2393	922500	922500	0	5112104
RAIL	45	84	331	2598
CORRELATION	3102	2711	8176	12334
SQUARE	397312	277
FOLD	2931	2394	2394	922887	922887	0	5113172
RAIL	22	106	331	2599
CORRELATION	3103	2711	8176	12334
SQUARE	397440	277
FOLD	2940	2395	2395	923271	923271	0	5124560
RAIL	24	105	335	2604
CORRELATION	3112	2719	8176	12334
SQUARE	398592	277
FOLD	2941	2396	2396	923658	923658	0	5127116
RAIL	42	86	335	2605
CORRELATION	3113	2721	8176	12334
SQUARE	398720	277
FOLD	2942	2397	2397	924042	924042	0	5128468
RAIL	42	87	335	2606
CORRELATION	3114	2721	8176	12334
SQUARE	398848	277
FOLD	2943	2398	2398	924429	924429	0	5129565
RAIL	25	103	335	2607
CORRELATION	3115	2721	8176	12334
SQUARE	398976	277
FOLD	2944	2399	2399	924813	924813	0	5132563
RAIL	25	104	335	2608
CORRELATION	3116	2723	8176	12334
SQUARE	399104	277
FOLD	2945	2400	2400	925200	925200	0	5135522
RAIL	41	87	335	2609
CORRELATION	3117	2725	8176	12334
SQUARE	399232	277
FOLD	2946	2401	2401	925584	925584	0	5136533
RAIL	41	88	335	2610
CORRELATION	3118	2725	8176	12334
SQUARE	399360	277
FOLD	2947	2402	2402	925971	925971	0	5139345
RAIL	26	102	335	2611
CORRELATION	3119	2727	8176	12334
SQUARE	399488	277
FOLD	2956	2403	2403	926355	926355	0	5150417
RAIL	28	101	339	2616
CORRELATION	3128	2733	8176	12334
SQUARE	400640	277
FOLD	2957	2404	2404	926742	926742	0	5151898
RAIL	38	90	339	2617
CORRELATION	3129	2733	8176	12334
SQUARE	400768	277
FOLD	2958	2405	2405	927126	927126	0	5154199
RAIL	38	91	339	2618
CORRELATION	3130	2735	8176	12334
SQUARE	400896	277
FOLD	2959	2406	2406	927513	927513	0	5156067
RAIL	29	99	339	2619
CORRELATION	3131	2737	8176	12334
SQUARE	401024	277
FOLD	2968	2407	2407	927897	927897	0	5168931
RAIL	31	98	343	2624
CORRELATION	3140	2744	8176	12334
SQUARE	402176	277
FOLD	2969	2408	2408	928284	928284	0	5169921
RAIL	35	93	343	2625
CORRELATION	3141	2744	8176	12334
SQUARE	402304	277
FOLD	2970	2409	2409	928668	928668	0	5172340
RAIL	35	94	343	2626
CORRELATION	3142	2746	8176	12334
SQUARE	402432	277
FOLD	2971	2410	2410	929055	929055	0	5175406
RAIL	32	96	343	2627
CORRELATION	3143	2748	8176	12334
SQUARE	402560	277
FOLD	2972	2411	2411	929439	929439	0	5176470
RAIL	32	97	343	2628
CORRELATION	3144	2748	8176	12334
SQUARE	402688	277
FOLD	2973	2412	2412	929826	929826	0	5179110
RAIL	34	94	343	2629
CORRELATION	3145	2750	8176	12334
SQUARE	402816	277
FOLD	2974	2413	2413	930210	930210	0	5182307
RAIL	34	95	343	2630
CORRELATION	3146	2752	8176	12334
SQUARE	402944	277
FOLD	2975	2414	2414	930597	930597	0	5184050
RAIL	33	95	343	2631
CORRELATION	3147	2752	8176	12334
SQUARE	403072	277
FOLD	2976	2415	2415	930981	930981	0	5185240
RAIL	33	96	343	2632
CORRELATION	3148	2754	8176	12334
SQUARE	403200	277
FOLD	2977	2416	2416	931368	931368	0	5188801
RAIL	64	64	343	2633
CORRELATION	3151	2756	8176	12334
SQUARE	403584	277
FOLD	2978	2417	2417	931752	931752	0	5190413
RAIL	64	65	343	2634
CORRELATION	3152	2758	8176	12334
SQUARE	403712	277
FOLD	2979	2418	2418	932139	932139	0	5195578
RAIL	63	65	343	2635
CORRELATION	3155	2762	8176	12334
SQUARE	404096	277
FOLD	2980	2419	2419	932523	932523	0	5196767
RAIL	63	66	343	2636
CORRELATION	3156	2762	8176	12334
SQUARE	404224	277
FOLD	2981	2420	2420	932910	932910	0	5198905
RAIL	62	66	343	2637
CORRELATION	3159	2762	8176	12334
SQUARE	404608	277
FOLD	2982	2421	2421	933294	933294	0	5199912
RAIL	62	67	343	2638
CORRELATION	3160	2762	8176	12334
SQUARE	404736	277
FOLD	2983	2422	2422	933681	933681	0	5203918
RAIL	61	67	343	2639
CORRELATION	3163	2766	8176	12334
SQUARE	405120	277
FOLD	2984	2423	2423	934065	934065	0	5205208
RAIL	61	68	343	2640
CORRELATION	3164	2766	8176	12334
SQUARE	405248	277
FOLD	2985	2424	2424	934452	934452	0	5210073
RAIL	60	68	343	2641
CORRELATION	3167	2770	8176	12334
SQUARE	405632	277
FOLD	2986	2425	2425	934836	934836	0	5211179
RAIL	60	69	343	2642
CORRELATION	3168	2770	8176	12334
SQUARE	405760	277
FOLD	2987	2426	2426	935223	935223	0	5217298
RAIL	59	69	343	2643
CORRELATION	3171	2774	8176	12334
SQUARE	406144	277
FOLD	2988	2427	2427	935607	935607	0	5218272
RAIL	59	70	343	2644
CORRELATION	3172	2774	8176	12334
SQUARE	406272	277
FOLD	2989	2428	2428	935994	935994	0	5223684
RAIL	58	70	343	2645
CORRELATION	3175	2778	8176	12334
SQUARE	406656	277
FOLD	2990	2429	2429	936378	936378	0	5225967
RAIL	58	71	343	2646
CORRELATION	3176	2778	8176	12334
SQUARE	406784	277
FOLD	2991	2430	2430	936765	936765	0	5230419
RAIL	9	119	343	2647
CORRELATION	3177	2780	8176	12334
SQUARE	406912	277
FOLD	2996	2431	2431	937149	937149	0	5239743
RAIL	10	119	345	2650
CORRELATION	3182	2786	8176	12334
SQUARE	407552	277
FOLD	2997	2432	2432	937536	937536	0	5240974
RAIL	56	72	345	2651
CORRELATION	3183	2786	8176	12334
SQUARE	407680	277
FOLD	2998	2433	2433	937920	937920	0	5243685
RAIL	56	73	345	2652
CORRELATION	3184	2789	8176	12334
SQUARE	407808	277
FOLD	2999	2434	2434	938307	938307	0	5245179
RAIL	11	117	345	2653
CORRELATION	3185	2789	8176	12334
SQUARE	407936	277
FOLD	3000	2435	2435	938691	938691	0	5247110
RAIL	11	118	345	2654
CORRELATION	3186	2791	8176	12334
SQUARE	408064	277
FOLD	3001	2436	2436	939078	939078	0	5248851
RAIL	55	73	345	2655
CORRELATION	3187	2793	8176	12334
SQUARE	408192	277
FOLD	3002	2437	2437	939462	939462	0	5250156
RAIL	55	74	345	2656
CORRELATION	3188	2793	8176	12334
SQUARE	408320	277
FOLD	3003	2438	2438	939849	939849	0	5251218
RAIL	12	116	345	2657
CORRELATION	3189	2793	8176	12334
SQUARE	408448	277
FOLD	3012	2439	2439	940233	940233	0	5265160
RAIL	14	115	349	2662
CORRELATION	3198	2802	8176	12334
SQUARE	409600	277
FOLD	3013	2440	2440	940620	940620	0	5266951
RAIL	52	76	349	2663
CORRELATION	3199	2803	8176	12334
SQUARE	409728	277
FOLD	3014	2441	2441	941004	941004	0	5269956
RAIL	52	77	349	2664
CORRELATION	3200	2805	8176	12334
SQUARE	409856	277
FOLD	3015	2442	2442	941391	941391	0	5270913
RAIL	15	113	349	2665
CORRELATION	3201	2805	8176	12334
SQUARE	409984	277
FOLD	3024	2443	2443	941775	941775	0	5287283
RAIL	17	112	353	2670
CORRELATION	3210	2815	8176	12334
SQUARE	411136	277
FOLD	3025	2444	2444	942162	942162	0	5290239
RAIL	49	79	353	2671
CORRELATION	3211	2817	8176	12334
SQUARE	411264	277
FOLD	3026	2445	2445	942546	942546	0	5291250
RAIL	49	80	353	2672
CORRELATION	3212	2817	8176	12334
SQUARE	411392	277
FOLD	3027	2446	2446	942933	942933	0	5293264
RAIL	18	110	353	2673
CORRELATION	3213	2818	8176	12334
SQUARE	411520	277
FOLD	3028	2447	2447	943317	943317	0	5295659
RAIL	18	111	353	2674
CORRELATION	3214	2820	8176	12334
SQUARE	411648	277
FOLD	3029	2448	2448	943704	943704	0	5297229
RAIL	48	80	353	2675
CORRELATION	3215	2821	8176	12334
SQUARE	411776	277
FOLD	3030	2449	2449	944088	944088	0	5299692
RAIL	48	81	353	2676
CORRELATION	3216	2823	8176	12334
SQUARE	411904	277
FOLD	3031	2450	2450	944475	944475	0	5300722
RAIL	19	109	353	2677
CORRELATION	3217	2823	8176	12334
SQUARE	412032	277
FOLD	3032	2451	2451	944859	944859	0	5301783
RAIL	19	110	353	2678
CORRELATION	3218	2823	8176	12334
SQUARE	412160	277
FOLD	3033	2452	2452	945246	945246	0	5302838
RAIL	47	81	353	2679
CORRELATION	3219	2823	8176	12334
SQUARE	412288	277
FOLD	3034	2453	2453	945630	945630	0	5304802
RAIL	47	82	353	2680
CORRELATION	3220	2823	8176	12334
SQUARE	412416	277
FOLD	3035	2454	2454	946017	946017	0	5305812
RAIL	20	108	353	2681
CORRELATION	3221	2823	8176	12334
SQUARE	412544	277
FOLD	3044	2455	2455	946401	946401	0	5322314
RAIL	22	107	357	2686
CORRELATION	3230	2835	8176	12334
SQUARE	413696	277
FOLD	3045	2456	2456	946788	946788	0	5323290
RAIL	44	84	357	2687
CORRELATION	3231	2835	8176	12334
SQUARE	413824	277
FOLD	3046	2457	2457	947172	947172	0	5326224
RAIL	44	85	357	2688
CORRELATION	3232	2837	8176	12334
SQUARE	413952	277
FOLD	3047	2458	2458	947559	947559	0	5329370
RAIL	23	105	357	2689
CORRELATION	3233	2839	8176	12334
SQUARE	414080	277
FOLD	3056	2459	2459	947943	947943	0	5344649
RAIL	25	104	361	2694
CORRELATION	3242	2847	8176	12334
SQUARE	415232	277
FOLD	3057	2460	2460	948330	948330	0	5345763
RAIL	41	87	361	2695
CORRELATION	3243	2847	8176	12334
SQUARE	415360	277
FOLD	3058	2461	2461	948714	948714	0	5348949
RAIL	41	88	361	2696
CORRELATION	3244	2849	8176	12334
SQUARE	415488	277
FOLD	3059	2462	2462	949101	949101	0	5351885
RAIL	26	102	361	2697
CORRELATION	3245	2851	8176	12334
SQUARE	415616	277
FOLD	3060	2463	2463	949485	949485	0	5352894
RAIL	26	103	361	2698
CORRELATION	3246	2851	8176	12334
SQUARE	415744	277
FOLD	3061	2464	2464	949872	949872	0	5355708
RAIL	40	88	361	2699
CORRELATION	3247	2853	8176	12334
SQUARE	415872	277
FOLD	3062	2465	2465	950256	950256	0	5358624
RAIL	40	89	361	2700
CORRELATION	3248	2855	8176	12334
SQUARE	416000	277
FOLD	3063	2466	2466	950643	950643	0	5359752
RAIL	27	101	361	2701
CORRELATION	3249	2855	8176	12334
SQUARE	416128	277
FOLD	3072	2467	2467	951027	951027	0	5374713
RAIL	29	100	365	2706
CORRELATION	3258	2863	8176	12334
SQUARE	417280	277
FOLD	3073	2468	2468	951414	951414	0	5375664
RAIL	37	91	365	2707
CORRELATION	3259	2863	8176	12334
SQUARE	417408	277
FOLD	3074	2469	2469	951798	951798	0	5378344
RAIL	37	92	365	2708
CORRELATION	3260	2865	8176	12334
SQUARE	417536	277
FOLD	3075	2470	2470	952185	952185	0	5381573
RAIL	30	98	365	2709
CORRELATION	3261	2867	8176	12334
SQUARE	417664	277
FOLD	3084	2471	2471	952569	952569	0	5395661
RAIL	32	97	369	2714
CORRELATION	3270	2875	8176	12334
SQUARE	418816	277
FOLD	3085	2472	2472	952956	952956	0	5397826
RAIL	34	94	369	2715
CORRELATION	3271	2877	8176	12334
SQUARE	418944	277
FOLD	3086	2473	2473	953340	953340	0	5399971
RAIL	34	95	369	2716
CORRELATION	3272	2879	8176	12334
SQUARE	419072	277
FOLD	3087	2474	2474	953727	953727	0	5401061
RAIL	33	95	369	2717
CORRELATION	3273	2879	8176	12334
SQUARE	419200	277
FOLD	3088	2475	2475	954111	954111	0	5402289
RAIL	33	96	369	2718
CORRELATION	3274	2879	8176	12334
SQUARE	419328	277
FOLD	3089	2476	2476	954498	954498	0	5409740
RAIL	64	64	369	2719
CORRELATION	3277	2885	8176	12334
SQUARE	419712	277
FOLD	3090	2477	2477	954882	954882	0	5410839
RAIL	64	65	369	2720
CORRELATION	3278	2885	8176	12334
SQUARE	419840	277
FOLD	3091	2478	2478	955269	955269	0	5412911
RAIL	63	65	369	2721
CORRELATION	3281	2885	8176	12334
SQUARE	420224	277
FOLD	3092	2479	2479	955653	955653	0	5413921
RAIL	63	66	369	2722
CORRELATION	3282	2885	8176	12334
SQUARE	420352	277
FOLD	3093	2480	2480	956040	956040	0	5420572
RAIL	62	66	369	2723
CORRELATION	3285	2888	8176	12334
SQUARE	420736	277
FOLD	3094	2481	2481	956424	956424	0	5421548
RAIL	62	67	369	2724
CORRELATION	3286	2888	8176	12334
SQUARE	420864	277
FOLD	3095	2482	2482	956811	956811	0	5425091
RAIL	61	67	369	2725
CORRELATION	3289	2892	8176	12334
SQUARE	421248	277
FOLD	3096	2483	2483	957195	957195	0	5426366
RAIL	61	68	369	2726
CORRELATION	3290	2893	8176	12334
SQUARE	421376	277
FOLD	3097	2484	2484	957582	957582	0	5430202
RAIL	60	68	369	2727
CORRELATION	3293	2896	8176	12334
SQUARE	421760	277
FOLD	3098	2485	2485	957966	957966	0	5431945
RAIL	60	69	369	2728
CORRELATION	3294	2896	8176	12334
SQUARE	421888	277
FOLD	3099	2486	2486	958353	958353	0	5435897
RAIL	59	69	369	2729
CORRELATION	3297	2898	8176	12334
SQUARE	422272	277
FOLD	3100	2487	2487	958737	958737	0	5438154
RAIL	59	70	369	2730
CORRELATION	3298	2900	8176	12334
SQUARE	422400	277
FOLD	3101	2488	2488	959124	959124	0	5442914
RAIL	58	70	369	2731
CORRELATION	3301	2903	8176	12334
SQUARE	422784	277
FOLD	3102	2489	2489	959508	959508	0	5446073
RAIL	58	71	369	2732
CORRELATION	3302	2905	8176	12334
SQUARE	422912	277
FOLD	3103	2490	2490	959895	959895	0	5448009
RAIL	9	119	369	2733
CORRELATION	3303	2906	8176	12334
SQUARE	423040	277
FOLD	3112	2491	2491	960279	960279	0	5462137
RAIL	11	118	373	2738
CORRELATION	3312	2916	8176	12334
SQUARE	424192	277
FOLD	3113	2492	2492	960666	960666	0	5463049
RAIL	55	73	373	2739
CORRELATION	3313	2916	8176	12334
SQUARE	424320	277
FOLD	3114	2493	2493	961050	961050	0	5465883
RAIL	55	74	373	2740
CORRELATION	3314	2918	8176	12334
SQUARE	424448	277
FOLD	3115	2494	2494	961437	961437	0	5468939
RAIL	12	116	373	2741
CORRELATION	3315	2920	8176	12334
SQUARE	424576	277
FOLD	3116	2495	2495	961821	961821	0	5469888
RAIL	12	117	373	2742
CORRELATION	3316	2920	8176	12334
SQUARE	424704	277
FOLD	3117	2496	2496	962208	962208	0	5470954
RAIL	54	74	373	2743
CORRELATION	3317	2920	8176	12334
SQUARE	424832	277
FOLD	3118	2497	2497	962592	962592	0	5472066
RAIL	54	75	373	2744
CORRELATION	3318	2920	8176	12334
SQUARE	424960	277
FOLD	3119	2498	2498	962979	962979	0	5473239
RAIL	13	115	373	2745
CORRELATION	3319	2920	8176	12334
SQUARE	425088	277
FOLD	3128	2499	2499	963363	963363	0	5489583
RAIL	15	114	377	2750
CORRELATION	3328	2931	8176	12334
SQUARE	426240	277
FOLD	3129	2500	2500	963750	963750	0	5492380
RAIL	51	77	377	2751
CORRELATION	3329	2933	8176	12334
SQUARE	426368	277
FOLD	3130	2501	2501	964134	964134	0	5493593
RAIL	51	78	377	2752
CORRELATION	3330	2933	8176	12334
SQUARE	426496	277
FOLD	3131	2502	2502	964521	964521	0	5495198
RAIL	16	112	377	2753
CORRELATION	3331	2933	8176	12334
SQUARE	426624	277
FOLD	3140	2503	2503	964905	964905	0	5511778
RAIL	18	111	381	2758
CORRELATION	3340	2945	8176	12334
SQUARE	427776	277
FOLD	3141	2504	2504	965292	965292	0	5512910
RAIL	48	80	381	2759
CORRELATION	3341	2945	8176	12334
SQUARE	427904	277
FOLD	3142	2505	2505	965676	965676	0	5514297
RAIL	48	81	381	2760
CORRELATION	3342	2945	8176	12334
SQUARE	428032	277
FOLD	3143	2506	2506	966063	966063	0	5516568
RAIL	19	109	381	2761
CORRELATION	3343	2947	8176	12334
SQUARE	428160	277
FOLD	3144	2507	2507	966447	966447	0	5518737
RAIL	19	110	381	2762
CORRELATION	3344	2949	8176	12334
SQUARE	428288	277
FOLD	3145	2508	2508	966834	966834	0	5521567
RAIL	47	81	381	2763
CORRELATION	3345	2951	8176	12334
SQUARE	428416	277
FOLD	3146	2509	2509	967218	967218	0	5522783
RAIL	47	82	381	2764
CORRELATION	3346	2951	8176	12334
SQUARE	428544	277
FOLD	3147	2510	2510	967605	967605	0	5523867
RAIL	20	108	381	2765
CORRELATION	3347	2951	8176	12334
SQUARE	428672	277
FOLD	3148	2511	2511	967989	967989	0	5524992
RAIL	20	109	381	2766
CORRELATION	3348	2951	8176	12334
SQUARE	428800	277
FOLD	3149	2512	2512	968376	968376	0	5525929
RAIL	46	82	381	2767
CORRELATION	3349	2951	8176	12334
SQUARE	428928	277
FOLD	3150	2513	2513	968760	968760	0	5526970
RAIL	46	83	381	2768
CORRELATION	3350	2951	8176	12334
SQUARE	429056	277
FOLD	3151	2514	2514	969147	969147	0	5529200
RAIL	21	107	381	2769
CORRELATION	3351	2952	8176	12334
SQUARE	429184	277
FOLD	3160	2515	2515	969531	969531	0	5547706
RAIL	23	106	385	2774
CORRELATION	3360	2964	8176	12334
SQUARE	430336	277
FOLD	3161	2516	2516	969918	969918	0	5548739
RAIL	43	85	385	2775
CORRELATION	3361	2964	8176	12334
SQUARE	430464	277
FOLD	3162	2517	2517	970302	970302	0	5549739
RAIL	43	86	385	2776
CORRELATION	3362	2964	8176	12334
SQUARE	430592	277
FOLD	3163	2518	2518	970689	970689	0	5551764
RAIL	24	104	385	2777
CORRELATION	3363	2965	8176	12334
SQUARE	430720	277
FOLD	3172	2519	2519	971073	971073	0	5568785
RAIL	26	103	389	2782
CORRELATION	3372	2976	8176	12334
SQUARE	431872	277
FOLD	3173	2520	2520	971460	971460	0	5569714
RAIL	40	88	389	2783
CORRELATION	3373	2976	8176	12334
SQUARE	432000	277
FOLD	3174	2521	2521	971844	971844	0	5570806
RAIL	40	89	389	2784
CORRELATION	3374	2976	8176	12334
SQUARE	432128	277
FOLD	3175	2522	2522	972231	972231	0	5571793
RAIL	27	101	389	2785
CORRELATION	3375	2976	8176	12334
SQUARE	432256	277
FOLD	3176	2523	2523	972615	972615	0	5573590
RAIL	27	102	389	2786
CORRELATION	3376	2978	8176	12334
SQUARE	432384	277
FOLD	3177	2524	2524	973002	973002	0	5574751
RAIL	39	89	389	2787
CORRELATION	3377	2980	8176	12334
SQUARE	432512	277
FOLD	3178	2525	2525	973386	973386	0	5575766
RAIL	39	90	389	2788
CORRELATION	3378	2980	8176	12334
SQUARE	432640	277
FOLD	3179	2526	2526	973773	973773	0	5576865
RAIL	28	100	389	2789
CORRELATION	3379	2980	8176	12334
SQUARE	432768	277
FOLD	3188	2527	2527	974157	974157	0	5590168
RAIL	30	99	393	2794
CORRELATION	3388	2990	8176	12334
SQUARE	433920	277
FOLD	3189	2528	2528	974544	974544	0	5591434
RAIL	36	92	393	2795
CORRELATION	3389	2990	8176	12334
SQUARE	434048	277
FOLD	3190	2529	2529	974928	974928	0	5594235
RAIL	36	93	393	2796
CORRELATION	3390	2993	8176	12334
SQUARE	434176	277
FOLD	3191	2530	2530	975315	975315	0	5595404
RAIL	31	97	393	2797
CORRELATION	3391	2993	8176	12334
SQUARE	434304	277
FOLD	3200	2531	2531	975699	975699	0	5609799
RAIL	33	96	397	2802
CORRELATION	3400	3002	8176	12334
SQUARE	435456	277
FOLD	3201	2532	2532	976086	976086	0	5613816
RAIL	64	64	397	2803
CORRELATION	3403	3004	8176	12334
SQUARE	435840	277
FOLD	3202	2533	2533	976470	976470	0	5615755
RAIL	64	65	397	2804
CORRELATION	3404	3006	8176	12334
SQUARE	435968	277
FOLD	3203	2534	2534	976857	976857	0	5621295
RAIL	63	65	397	2805
CORRELATION	3407	3010	8176	12334
SQUARE	436352	277
FOLD	3204	2535	2535	977241	977241	0	5622926
RAIL	63	66	397	2806
CORRELATION	3408	3010	8176	12334
SQUARE	436480	277
FOLD	3205	2536	2536	977628	977628	0	5627254
RAIL	62	66	397	2807
CORRELATION	3411	3014	8176	12334
SQUARE	436864	277
FOLD	3206	2537	2537	978012	978012	0	5630481
RAIL	62	67	397	2808
CORRELATION	3412	3016	8176	12334
SQUARE	436992	277
FOLD	3207	2538	2538	978399	978399	0	5633561
RAIL	61	67	397	2809
CORRELATION	3415	3016	8176	12334
SQUARE	437376	277
FOLD	3208	2539	2539	978783	978783	0	5636561
RAIL	61	68	397	2810
CORRELATION	3416	3016	8176	12334
SQUARE	437504	277
FOLD	3209	2540	2540	979170	979170	0	5640649
RAIL	60	68	397	2811
CORRELATION	3419	3019	8176	12334
SQUARE	437888	277
FOLD	3210	2541	2541	979554	979554	0	5643627
RAIL	60	69	397	2812
CORRELATION	3420	3022	8176	12334
SQUARE	438016	277
FOLD	3211	2542	2542	979941	979941	0	5645535
RAIL	59	69	397	2813
CORRELATION	3423	3022	8176	12334
SQUARE	438400	277
FOLD	3212	2543	2543	980325	980325	0	5647617
RAIL	59	70	397	2814
CORRELATION	3424	3023	8176	12334
SQUARE	438528	277
FOLD	3213	2544	2544	980712	980712	0	5656146
RAIL	58	70	397	2815
CORRELATION	3427	3028	8176	12334
SQUARE	438912	277
FOLD	3214	2545	2545	981096	981096	0	5657289
RAIL	58	71	397	2816
CORRELATION	3428	3028	8176	12334
SQUARE	439040	277
FOLD	3215	2546	2546	981483	981483	0	5659142
RAIL	9	119	397	2817
CORRELATION	3429	3029	8176	12334
SQUARE	439168	277
FOLD	3216	2547	2547	981867	981867	0	5661740
RAIL	9	120	397	2818
CORRELATION	3430	3031	8176	12334
SQUARE	439296	277
FOLD	3217	2548	2548	982254	982254	0	5663758
RAIL	57	71	397	2819
CORRELATION	3431	3032	8176	12334
SQUARE	439424	277
FOLD	3218	2549	2549	982638	982638	0	5666839
RAIL	57	72	397	2820
CORRELATION	3432	3034	8176	12334
SQUARE	439552	277
FOLD	3219	2550	2550	983025	983025	0	5667840
RAIL	10	118	397	2821
CORRELATION	3433	3034	8176	12334
SQUARE	439680	277
FOLD	3228	2551	2551	983409	983409	0	5684498
RAIL	12	117	401	2826
CORRELATION	3442	3044	8176	12334
SQUARE	440832	277
FOLD	3229	2552	2552	983796	983796	0	5686870
RAIL	54	74	401	2827
CORRELATION	3443	3046	8176	12334
SQUARE	440960	277
FOLD	3230	2553	2553	984180	984180	0	5687884
RAIL	54	75	401	2828
CORRELATION	3444	3046	8176	12334
SQUARE	441088	277
FOLD	3231	2554	2554	984567	984567	0	5688995
RAIL	13	115	401	2829
CORRELATION	3445	3046	8176	12334
SQUARE	441216	277
FOLD	3232	2555	2555	984951	984951	0	5689913
RAIL	13	116	401	2830
CORRELATION	3446	3046	8176	12334
SQUARE	441344	277
FOLD	3233	2556	2556	985338	985338	0	5690920
RAIL	53	75	401	2831
CORRELATION	3447	3046	8176	12334
SQUARE	441472	277
FOLD	3234	2557	2557	985722	985722	0	5692757
RAIL	53	76	401	2832
CORRELATION	3448	3047	8176	12334
SQUARE	441600	277
FOLD	3235	2558	2558	986109	986109	0	5695150
RAIL	14	114	401	2833
CORRELATION	3449	3049	8176	12334
SQUARE	441728	277
FOLD	3244	2559	2559	986493	986493	0	5710020
RAIL	16	113	405	2838
CORRELATION	3458	3058	8176	12334
SQUARE	442880	277
FOLD	3245	2560	2560	986880	986880	0	5711734
RAIL	50	78	405	2839
CORRELATION	3459	3060	8176	12334
SQUARE	443008	277
FOLD	3246	2561	2561	987264	987264	0	5712768
RAIL	50	79	405	2840
CORRELATION	3460	3060	8176	12334
SQUARE	443136	277
FOLD	3247	2562	2562	987651	987651	0	5715610
RAIL	17	111	405	2841
CORRELATION	3461	3062	8176	12334
SQUARE	443264	277
FOLD	3256	2563	2563	988035	988035	0	5731016
RAIL	19	110	409	2846
CORRELATION	3470	3072	8176	12334
SQUARE	444416	277
FOLD	3257	2564	2564	988422	988422	0	5733059
RAIL	47	81	409	2847
CORRELATION	3471	3074	8176	12334
SQUARE	444544	277
FOLD	3258	2565	2565	988806	988806	0	5734316
RAIL	47	82	409	2848
CORRELATION	3472	3074	8176	12334
SQUARE	444672	277
FOLD	3259	2566	2566	989193	989193	0	5737319
RAIL	20	108	409	2849
CORRELATION	3473	3077	8176	12334
SQUARE	444800	277
FOLD	3260	2567	2567	989577	989577	0	5738289
RAIL	20	109	409	2850
CORRELATION	3474	3077	8176	12334
SQUARE	444928	277
FOLD	3261	2568	2568	989964	989964	0	5739419
RAIL	46	82	409	2851
CORRELATION	3475	3077	8176	12334
SQUARE	445056	277
FOLD	3262	2569	2569	990348	990348	0	5740589
RAIL	46	83	409	2852
CORRELATION	3476	3077	8176	12334
SQUARE	445184	277
FOLD	3263	2570	2570	990735	990735	0	5741634
RAIL	21	107	409	2853
CORRELATION	3477	3077	8176	12334
SQUARE	445312	277
FOLD	3264	2571	2571	991119	991119	0	5742661
RAIL	21	108	409	2854
CORRELATION	3478	3077	8176	12334
SQUARE	445440	277
FOLD	3265	2572	2572	991506	991506	0	5744686
RAIL	45	83	409	2855
CORRELATION	3479	3078	8176	12334
SQUARE	445568	277
FOLD	3266	2573	2573	991890	991890	0	5747183
RAIL	45	84	409	2856
CORRELATION	3480	3080	8176	12334
SQUARE	445696	277
FOLD	3267	2574	2574	992277	992277	0	5749148
RAIL	22	106	409	2857
CORRELATION	3481	3081	8176	12334
SQUARE	445824	277
FOLD	3276	2575	2575	992661	992661	0	5765620
RAIL	24	105	413	2862
CORRELATION	3490	3090	8176	12334
SQUARE	446976	277
FOLD	3277	2576	2576	993048	993048	0	5768492
RAIL	42	86	413	2863
CORRELATION	3491	3092	8176	12334
SQUARE	447104	277
FOLD	3278	2577	2577	993432	993432	0	5770561
RAIL	42	87	413	2864
CORRELATION	3492	3093	8176	12334
SQUARE	447232	277
FOLD	3279	2578	2578	993819	993819	0	5773510
RAIL	25	103	413	2865
CORRELATION	3493	3095	8176	12334
SQUARE	447360	277
FOLD	3288	2579	2579	994203	994203	0	5790911
RAIL	27	102	417	2870
CORRELATION	3502	3105	8176	12334
SQUARE	448512	277
FOLD	3289	2580	2580	994590	994590	0	5792826
RAIL	39	89	417	2871
CORRELATION	3503	3107	8176	12334
SQUARE	448640	277
FOLD	3290	2581	2581	994974	994974	0	5794472
RAIL	39	90	417	2872
CORRELATION	3504	3107	8176	12334
SQUARE	448768	277
FOLD	3291	2582	2582	995361	995361	0	5795500
RAIL	28	100	417	2873
CORRELATION	3505	3107	8176	12334
SQUARE	448896	277
FOLD	3292	2583	2583	995745	995745	0	5798719
RAIL	28	101	417	2874
CORRELATION	3506	3109	8176	12334
SQUARE	449024	277
FOLD	3293	2584	2584	996132	996132	0	5801018
RAIL	38	90	417	2875
CORRELATION	3507	3111	8176	12334
SQUARE	449152	277
FOLD	3294	2585	2585	996516	996516	0	5802327
RAIL	38	91	417	2876
CORRELATION	3508	3111	8176	12334
SQUARE	449280	277
FOLD	3295	2586	2586	996903	996903	0	5803619
RAIL	29	99	417	2877
CORRELATION	3509	3111	8176	12334
SQUARE	449408	277
FOLD	3304	2587	2587	997287	997287	0	5824949
RAIL	31	98	421	2882
CORRELATION	3518	3122	8176	12334
SQUARE	450560	277
FOLD	3305	2588	2588	997674	997674	0	5826174
RAIL	35	93	421	2883
CORRELATION	3519	3122	8176	12334
SQUARE	450688	277
FOLD	3306	2589	2589	998058	998058	0	5828263
RAIL	35	94	421	2884
CORRELATION	3520	3122	8176	12334
SQUARE	450816	277
FOLD	3307	2590	2590	998445	998445	0	5830317
RAIL	32	96	421	2885
CORRELATION	3521	3124	8176	12334
SQUARE	450944	277
FOLD	3316	2591	2591	998829	998829	0	5853201
RAIL	63	66	425	2890
CORRELATION	3534	3133	8176	12334
SQUARE	452608	277
FOLD	3317	2592	2592	999216	999216	0	5855796
RAIL	62	66	425	2891
CORRELATION	3537	3133	8176	12334
SQUARE	452992	277
FOLD	3318	2593	2593	999600	999600	0	5857064
RAIL	62	67	425	2892
CORRELATION	3538	3133	8176	12334
SQUARE	453120	277
FOLD	3319	2594	2594	999987	999987	0	5865455
RAIL	61	67	425	2893
CORRELATION	3541	3137	8176	12334
SQUARE	453504	277
FOLD	3320	2595	2595	1000371	1000371	0	5868488
RAIL	61	68	425	2894
CORRELATION	3542	3139	8176	12334
SQUARE	453632	277
FOLD	3321	2596	2596	1000758	1000758	0	5872420
RAIL	60	68	425	2895
CORRELATION	3545	3140	8176	12334
SQUARE	454016	277
FOLD	3322	2597	2597	1001142	1001142	0	5874844
RAIL	60	69	425	2896
CORRELATION	3546	3142	8176	12334
SQUARE	454144	277
FOLD	3323	2598	2598	1001529	1001529	0	5880219
RAIL	59	69	425	2897
CORRELATION	3549	3145	8176	12334
SQUARE	454528	277
FOLD	3324	2599	2599	1001913	1001913	0	5881528
RAIL	59	70	425	2898
CORRELATION	3550	3145	8176	12334
SQUARE	454656	277
FOLD	3325	2600	2600	1002300	1002300	0	5888536
RAIL	58	70	425	2899
CORRELATION	3553	3149	8176	12334
SQUARE	455040	277
FOLD	3326	2601	2601	1002684	1002684	0	5891420
RAIL	58	71	425	2900
CORRELATION	3554	3152	8176	12334
SQUARE	455168	277
FOLD	3327	2602	2602	1003071	1003071	0	5894604
RAIL	9	119	425	2901
CORRELATION	3555	3152	8176	12334
SQUARE	455296	277
FOLD	3332	2603	2603	1003455	1003455	0	5904755
RAIL	10	119	427	2904
CORRELATION	3560	3157	8176	12334
SQUARE	455936	277
FOLD	3333	2604	2604	1003842	1003842	0	5906591
RAIL	56	72	427	2905
CORRELATION	3561	3157	8176	12334
SQUARE	456064	277
FOLD	3334	2605	2605	1004226	1004226	0	5909044
RAIL	56	73	427	2906
CORRELATION	3562	3160	8176	12334
SQUARE	456192	277
FOLD	3335	2606	2606	1004613	1004613	0	5910461
RAIL	11	117	427	2907
CORRELATION	3563	3160	8176	12334
SQUARE	456320	277
FOLD	3344	2607	2607	1004997	1004997	0	5930129
RAIL	13	116	431	2912
CORRELATION	3572	3171	8176	12334
SQUARE	457472	277
FOLD	3345	2608	2608	1005384	1005384	0	5931502
RAIL	53	75	431	2913
CORRELATION	3573	3171	8176	12334
SQUARE	457600	277
FOLD	3346	2609	2609	1005768	1005768	0	5933069
RAIL	53	76	431	2914
CORRELATION	3574	3171	8176	12334
SQUARE	457728	277
FOLD	3347	2610	2610	1006155	1006155	0	5935466
RAIL	14	114	431	2915
CORRELATION	3575	3171	8176	12334
SQUARE	457856	277
FOLD	3348	2611	2611	1006539	1006539	0	5937815
RAIL	14	115	431	2916
CORRELATION	3576	3173	8176	12334
SQUARE	457984	277
FOLD	3349	2612	2612	1006926	1006926	0	5939905
RAIL	52	76	431	2917
CORRELATION	3577	3173	8176	12334
SQUARE	458112	277
FOLD	3350	2613	2613	1007310	1007310	0	5942318
RAIL	52	77	431	2918
CORRELATION	3578	3175	8176	12334
SQUARE	458240	277
FOLD	3351	2614	2614	1007697	1007697	0	5943920
RAIL	15	113	431	2919
CORRELATION	3579	3175	8176	12334
SQUARE	458368	277
FOLD	3360	2615	2615	1008081	1008081	0	5961640
RAIL	17	112	435	2924
CORRELATION	3588	3186	8176	12334
SQUARE	459520	277
FOLD	3361	2616	2616	1008468	1008468	0	5963018
RAIL	49	79	435	2925
CORRELATION	3589	3186	8176	12334
SQUARE	459648	277
FOLD	3362	2617	2617	1008852	1008852	0	5964410
RAIL	49	80	435	2926
CORRELATION	3590	3186	8176	12334
SQUARE	459776	277
FOLD	3363	2618	2618	1009239	1009239	0	5965869
RAIL	18	110	435	2927
CORRELATION	3591	3186	8176	12334
SQUARE	459904	277
FOLD	3372	2619	2619	1009623	1009623	0	5987963
RAIL	20	109	439	2932
CORRELATION	3600	3197	8176	12334
SQUARE	461056	277
FOLD	3373	2620	2620	1010010	1010010	0	5992940
RAIL	46	82	439	2933
CORRELATION	3601	3199	8176	12334
SQUARE	461184	277
FOLD	3374	2621	2621	1010394	1010394	0	5994916
RAIL	46	83	439	2934
CORRELATION	3602	3199	8176	12334
SQUARE	461312	277
FOLD	3375	2622	2622	1010781	1010781	0	5998597
RAIL	21	107	439	2935
CORRELATION	3603	3202	8176	12334
SQUARE	461440	277
FOLD	3376	2623	2623	1011165	1011165	0	5999670
RAIL	21	108	439	2936
CORRELATION	3604	3202	8176	12334
SQUARE	461568	277
FOLD	3377	2624	2624	1011552	1011552	0	6000875
RAIL	45	83	439	2937
CORRELATION	3605	3202	8176	12334
SQUARE	461696	277
FOLD	3378	2625	2625	1011936	1011936	0	6001886
RAIL	45	84	439	2938
CORRELATION	3606	3202	8176	12334
SQUARE	461824	277
FOLD	3379	2626	2626	1012323	1012323	0	6003063
RAIL	22	106	439	2939
CORRELATION	3607	3202	8176	12334
SQUARE	461952	277
FOLD	3380	2627	2627	1012707	1012707	0	6004134
RAIL	22	107	439	2940
CORRELATION	3608	3202	8176	12334
SQUARE	462080	277
FOLD	3381	2628	2628	1013094	1013094	0	6005081
RAIL	44	84	439	2941
CORRELATION	3609	3202	8176	12334
SQUARE	462208	277
FOLD	3382	2629	2629	1013478	1013478	0	6008838
RAIL	44	85	439	2942
CORRELATION	3610	3205	8176	12334
SQUARE	462336	277
FOLD	3383	2630	2630	1013865	1013865	0	6012457
RAIL	23	105	439	2943
CORRELATION	3611	3207	8176	12334
SQUARE	462464	277
FOLD	3392	2631	2631	1014249	1014249	0	6027660
RAIL	25	104	443	2948
CORRELATION	3620	3215	8176	12334
SQUARE	463616	277
FOLD	3393	2632	2632	1014636	1014636	0	6029962
RAIL	41	87	443	2949
CORRELATION	3621	3217	8176	12334
SQUARE	463744	277
FOLD	3394	2633	2633	1015020	1015020	0	6032023
RAIL	41	88	443	2950
CORRELATION	3622	3219	8176	12334
SQUARE	463872	277
FOLD	3395	2634	2634	1015407	1015407	0	6033104
RAIL	26	102	443	2951
CORRELATION	3623	3219	8176	12334
SQUARE	464000	277
FOLD	3404	2635	2635	1015791	1015791	0	6053235
RAIL	28	101	447	2956
CORRELATION	3632	3230	8176	12334
SQUARE	465152	277
FOLD	3405	2636	2636	1016178	1016178	0	6054365
RAIL	38	90	447	2957
CORRELATION	3633	3230	8176	12334
SQUARE	465280	277
FOLD	3406	2637	2637	1016562	1016562	0	6055433
RAIL	38	91	447	2958
CORRELATION	3634	3230	8176	12334
SQUARE	465408	277
FOLD	3407	2638	2638	1016949	1016949	0	6057462
RAIL	29	99	447	2959
CORRELATION	3635	3230	8176	12334
SQUARE	465536	277
FOLD	3408	2639	2639	1017333	1017333	0	6059982
RAIL	29	100	447	2960
CORRELATION	3636	3232	8176	12334
SQUARE	465664	277
FOLD	3409	2640	2640	1017720	1017720	0	6061743
RAIL	37	91	447	2961
CORRELATION	3637	3234	8176	12334
SQUARE	465792	277
FOLD	3410	2641	2641	1018104	1018104	0	6062749
RAIL	37	92	447	2962
CORRELATION	3638	3234	8176	12334
SQUARE	465920	277
FOLD	3411	2642	2642	1018491	1018491	0	6066423
RAIL	30	98	447	2963
CORRELATION	3639	3236	8176	12334
SQUARE	466048	277
FOLD	3420	2643	2643	1018875	1018875	0	6085006
RAIL	32	97	451	2968
CORRELATION	3648	3246	8176	12334
SQUARE	467200	277
FOLD	3421	2644	2644	1019262	1019262	0	6086047
RAIL	34	94	451	2969
CORRELATION	3649	3246	8176	12334
SQUARE	467328	277
FOLD	3430	2645	2645	1019646	1019646	0	6112934
RAIL	62	67	455	2974
CORRELATION	3664	3262	8176	12334
SQUARE	469248	277
FOLD	3431	2646	2646	1020033	1020033	0	6116799
RAIL	61	67	455	2975
CORRELATION	3667	3262	8176	12334
SQUARE	469632	277
FOLD	3432	2647	2647	1020417	1020417	0	6117861
RAIL	61	68	455	2976
CORRELATION	3668	3262	8176	12334
SQUARE	469760	277
FOLD	3433	2648	2648	1020804	1020804	0	6122350
RAIL	60	68	455	2977
CORRELATION	3671	3265	8176	12334
SQUARE	470144	277
FOLD	3434	2649	2649	1021188	1021188	0	6124138
RAIL	60	69	455	2978
CORRELATION	3672	3267	8176	12334
SQUARE	470272	277
FOLD	3435	2650	2650	1021575	1021575	0	6128047
RAIL	59	69	455	2979
CORRELATION	3675	3270	8176	12334
SQUARE	470656	277
FOLD	3436	2651	2651	1021959	1021959	0	6130076
RAIL	59	70	455	2980
CORRELATION	3676	3271	8176	12334
SQUARE	470784	277
FOLD	3437	2652	2652	1022346	1022346	0	6134826
RAIL	58	70	455	2981
CORRELATION	3679	3274	8176	12334
SQUARE	471168	277
FOLD	3438	2653	2653	1022730	1022730	0	6137196
RAIL	58	71	455	2982
CORRELATION	3680	3276	8176	12334
SQUARE	471296	277
FOLD	3439	2654	2654	1023117	1023117	0	6138287
RAIL	9	119	455	2983
CORRELATION	3681	3276	8176	12334
SQUARE	471424	277
FOLD	3448	2655	2655	1023501	1023501	0	6155327
RAIL	11	118	459	2988
CORRELATION	3690	3287	8176	12334
SQUARE	472576	277
FOLD	3449	2656	2656	1023888	1023888	0	6156363
RAIL	55	73	459	2989
CORRELATION	3691	3287	8176	12334
SQUARE	472704	277
FOLD	3450	2657	2657	1024272	1024272	0	6160164
RAIL	55	74	459	2990
CORRELATION	3692	3289	8176	12334
SQUARE	472832	277
FOLD	3451	2658	2658	1024659	1024659	0	6163380
RAIL	12	116	459	2991
CORRELATION	3693	3291	8176	12334
SQUARE	472960	277
FOLD	3460	2659	2659	1025043	1025043	0	6174887
RAIL	14	115	463	2996
CORRELATION	3702	3297	8176	12334
SQUARE	474112	277
FOLD	3461	2660	2660	1025430	1025430	0	6176850
RAIL	52	76	463	2997
CORRELATION	3703	3298	8176	12334
SQUARE	474240	277
FOLD	3462	2661	2661	1025814	1025814	0	6178576
RAIL	52	77	463	2998
CORRELATION	3704	3300	8176	12334
SQUARE	474368	277
FOLD	3463	2662	2662	1026201	1026201	0	6180334
RAIL	15	113	463	2999
CORRELATION	3705	3300	8176	12334
SQUARE	474496	277
FOLD	3464	2663	2663	1026585	1026585	0	6182501
RAIL	15	114	463	3000
CORRELATION	3706	3303	8176	12334
SQUARE	474624	277
FOLD	3465	2664	2664	1026972	1026972	0	6183407
RAIL	51	77	463	3001
CORRELATION	3707	3303	8176	12334
SQUARE	474752	277
FOLD	3466	2665	2665	1027356	1027356	0	6185680
RAIL	51	78	463	3002
CORRELATION	3708	3304	8176	12334
SQUARE	474880	277
FOLD	3467	2666	2666	1027743	1027743	0	6188062
RAIL	16	112	463	3003
CORRELATION	3709	3305	8176	12334
SQUARE	475008	277
FOLD	3476	2667	2667	1028127	1028127	0	6202291
RAIL	18	111	467	3008
CORRELATION	3718	3315	8176	12334
SQUARE	476160	277
FOLD	3477	2668	2668	1028514	1028514	0	6203791
RAIL	48	80	467	3009
CORRELATION	3719	3315	8176	12334
SQUARE	476288	277
FOLD	3478	2669	2669	1028898	1028898	0	6205959
RAIL	48	81	467	3010
CORRELATION	3720	3318	8176	12334
SQUARE	476416	277
FOLD	3479	2670	2670	1029285	1029285	0	6207040
RAIL	19	109	467	3011
CORRELATION	3721	3318	8176	12334
SQUARE	476544	277
FOLD	3488	2671	2671	1029669	1029669	0	6223267
RAIL	21	108	471	3016
CORRELATION	3730	3326	8176	12334
SQUARE	477696	277
FOLD	3489	2672	2672	1030056	1030056	0	6225471
RAIL	45	83	471	3017
CORRELATION	3731	3326	8176	12334
SQUARE	477824	277
FOLD	3490	2673	2673	1030440	1030440	0	6227792
RAIL	45	84	471	3018
CORRELATION	3732	3328	8176	12334
SQUARE	477952	277
FOLD	3491	2674	2674	1030827	1030827	0	6230930
RAIL	22	106	471	3019
CORRELATION	3733	3330	8176	12334
SQUARE	478080	277
FOLD	3492	2675	2675	1031211	1031211	0	6232989
RAIL	22	107	471	3020
CORRELATION	3734	3331	8176	12334
SQUARE	478208	277
FOLD	3493	2676	2676	1031598	1031598	0	6235804
RAIL	44	84	471	3021
CORRELATION	3735	3332	8176	12334
SQUARE	478336	277
FOLD	3494	2677	2677	1031982	1031982	0	6237733
RAIL	44	85	471	3022
CORRELATION	3736	3332	8176	12334
SQUARE	478464	277
FOLD	3495	2678	2678	1032369	1032369	0	6240134
RAIL	23	105	471	3023
CORRELATION	3737	3335	8176	12334
SQUARE	478592	277
FOLD	3496	2679	2679	1032753	1032753	0	6241225
RAIL	23	106	471	3024
CORRELATION	3738	3335	8176	12334
SQUARE	478720	277
FOLD	3497	2680	2680	1033140	1033140	0	6242324
RAIL	43	85	471	3025
CORRELATION	3739	3335	8176	12334
SQUARE	478848	277
FOLD	3498	2681	2681	1033524	1033524	0	6245459
RAIL	43	86	471	3026
CORRELATION	3740	3337	8176	12334
SQUARE	478976	277
FOLD	3499	2682	2682	1033911	1033911	0	6248225
RAIL	24	104	471	3027
CORRELATION	3741	3337	8176	12334
SQUARE	479104	277
FOLD	3508	2683	2683	1034295	1034295	0	6265570
RAIL	26	103	475	3032
CORRELATION	3750	3344	8176	12334
SQUARE	480256	277
FOLD	3509	2684	2684	1034682	1034682	0	6268671
RAIL	40	88	475	3033
CORRELATION	3751	3348	8176	12334
SQUARE	480384	277
FOLD	3510	2685	2685	1035066	1035066	0	6270454
RAIL	40	89	475	3034
CORRELATION	3752	3348	8176	12334
SQUARE	480512	277
FOLD	3511	2686	2686	1035453	1035453	0	6272611
RAIL	27	101	475	3035
CORRELATION	3753	3350	8176	12334
SQUARE	480640	277
FOLD	3520	2687	2687	1035837	1035837	0	6287865
RAIL	29	100	479	3040
CORRELATION	3762	3360	8176	12334
SQUARE	481792	277
FOLD	3521	2688	2688	1036224	1036224	0	6288947
RAIL	37	91	479	3041
CORRELATION	3763	3360	8176	12334
SQUARE	481920	277
FOLD	3522	2689	2689	1036608	1036608	0	6290767
RAIL	37	92	479	3042
CORRELATION	3764	3360	8176	12334
SQUARE	482048	277
FOLD	3523	2690	2690	1036995	1036995	0	6292773
RAIL	30	98	479	3043
CORRELATION	3765	3362	8176	12334
SQUARE	482176	277
FOLD	3524	2691	2691	1037379	1037379	0	6293769
RAIL	30	99	479	3044
CORRELATION	3766	3362	8176	12334
SQUARE	482304	277
FOLD	3525	2692	2692	1037766	1037766	0	6296411
RAIL	36	92	479	3045
CORRELATION	3767	3364	8176	12334
SQUARE	482432	277
FOLD	3526	2693	2693	1038150	1038150	0	6299305
RAIL	36	93	479	3046
CORRELATION	3768	3366	8176	12334
SQUARE	482560	277
FOLD	3527	2694	2694	1038537	1038537	0	6300499
RAIL	31	97	479	3047
CORRELATION	3769	3366	8176	12334
SQUARE	482688	277
FOLD	3544	2695	2695	1038921	1038921	0	6346161
RAIL	61	68	487	3056
CORRELATION	3794	3389	8176	12334
SQUARE	485888	277
FOLD	3545	2696	2696	1039308	1039308	0	6350728
RAIL	60	68	487	3057
CORRELATION	3797	3391	8176	12334
SQUARE	486272	277
FOLD	3546	2697	2697	1039692	1039692	0	6355185
RAIL	60	69	487	3058
CORRELATION	3798	3394	8176	12334
SQUARE	486400	277
FOLD	3547	2698	2698	1040079	1040079	0	6361638
RAIL	59	69	487	3059
CORRELATION	3801	3397	8176	12334
SQUARE	486784	277
FOLD	3548	2699	2699	1040463	1040463	0	6362962
RAIL	59	70	487	3060
CORRELATION	3802	3397	8176	12334
SQUARE	486912	277
FOLD	3549	2700	2700	1040850	1040850	0	6367565
RAIL	58	70	487	3061
CORRELATION	3805	3400	8176	12334
SQUARE	487296	277
FOLD	3550	2701	2701	1041234	1041234	0	6368600
RAIL	58	71	487	3062
CORRELATION	3806	3400	8176	12334
SQUARE	487424	277
FOLD	3551	2702	2702	1041621	1041621	0	6380941
RAIL	57	71	487	3063
CORRELATION	3809	3406	8176	12334
SQUARE	487808	277
FOLD	3552	2703	2703	1042005	1042005	0	6381996
RAIL	57	72	487	3064
CORRELATION	3810	3406	8176	12334
SQUARE	487936	277
FOLD	3553	2704	2704	1042392	1042392	0	6385658
RAIL	10	118	487	3065
CORRELATION	3811	3408	8176	12334
SQUARE	488064	277
FOLD	3562	2705	2705	1042776	1042776	0	6399574
RAIL	12	117	491	3070
CORRELATION	3820	3414	8176	12334
SQUARE	489216	277
FOLD	3563	2706	2706	1043163	1043163	0	6402101
RAIL	54	74	491	3071
CORRELATION	3821	3416	8176	12334
SQUARE	489344	277
FOLD	3564	2707	2707	1043547	1043547	0	6404253
RAIL	54	75	491	3072
CORRELATION	3822	3418	8176	12334
SQUARE	489472	277
FOLD	3565	2708	2708	1043934	1043934	0	6405327
RAIL	13	115	491	3073
CORRELATION	3823	3418	8176	12334
SQUARE	489600	277
FOLD	3574	2709	2709	1044318	1044318	0	6421107
RAIL	15	114	495	3078
CORRELATION	3832	3427	8176	12334
SQUARE	490752	277
FOLD	3575	2710	2710	1044705	1044705	0	6425105
RAIL	51	77	495	3079
CORRELATION	3833	3430	8176	12334
SQUARE	490880	277
FOLD	3576	2711	2711	1045089	1045089	0	6426191
RAIL	51	78	495	3080
CORRELATION	3834	3430	8176	12334
SQUARE	491008	277
FOLD	3577	2712	2712	1045476	1045476	0	6430545
RAIL	16	112	495	3081
CORRELATION	3835	3433	8176	12334
SQUARE	491136	277
FOLD	3578	2713	2713	1045860	1045860	0	6431441
RAIL	16	113	495	3082
CORRELATION	3836	3433	8176	12334
SQUARE	491264	277
FOLD	3579	2714	2714	1046247	1046247	0	6432419
RAIL	50	78	495	3083
CORRELATION	3837	3433	8176	12334
SQUARE	491392	277
FOLD	3580	2715	2715	1046631	1046631	0	6434305
RAIL	50	79	495	3084
CORRELATION	3838	3433	8176	12334
SQUARE	491520	277
FOLD	3581	2716	2716	1047018	1047018	0	6437146
RAIL	17	111	495	3085
CORRELATION	3839	3435	8176	12334
SQUARE	491648	277
FOLD	3590	2717	2717	1047402	1047402	0	6453471
RAIL	19	110	499	3090
CORRELATION	3848	3445	8176	12334
SQUARE	492800	277
FOLD	3591	2718	2718	1047789	1047789	0	6455462
RAIL	47	81	499	3091
CORRELATION	3849	3447	8176	12334
SQUARE	492928	277
FOLD	3592	2719	2719	1048173	1048173	0	6456847
RAIL	47	82	499	3092
CORRELATION	3850	3447	8176	12334
SQUARE	493056	277
FOLD	3593	2720	2720	1048560	1048560	0	6457902
RAIL	20	108	499	3093
CORRELATION	3851	3447	8176	12334
SQUARE	493184	277
FOLD	3602	2721	2721	1048944	1048944	0	6473895
RAIL	22	107	503	3098
CORRELATION	3860	3455	8176	12334
SQUARE	494336	277
FOLD	3603	2722	2722	1049331	1049331	0	6477420
RAIL	44	84	503	3099
CORRELATION	3861	3457	8176	12334
SQUARE	494464	277
FOLD	3604	2723	2723	1049715	1049715	0	6479289
RAIL	44	85	503	3100
CORRELATION	3862	3459	8176	12334
SQUARE	494592	277
FOLD	3605	2724	2724	1050102	1050102	0	6480369
RAIL	23	105	503	3101
CORRELATION	3863	3459	8176	12334
SQUARE	494720	277
FOLD	3606	2725	2725	1050486	1050486	0	6481467
RAIL	23	106	503	3102
CORRELATION	3864	3459	8176	12334
SQUARE	494848	277
FOLD	3607	2726	2726	1050873	1050873	0	6485091
RAIL	43	85	503	3103
CORRELATION	3865	3461	8176	12334
SQUARE	494976	277
FOLD	3608	2727	2727	1051257	1051257	0	6488581
RAIL	43	86	503	3104
CORRELATION	3866	3463	8176	12334
SQUARE	495104	277
FOLD	3609	2728	2728	1051644	1051644	0	6490575
RAIL	24	104	503	3105
CORRELATION	3867	3465	8176	12334
SQUARE	495232	277
FOLD	3610	2729	2729	1052028	1052028	0	6491535
RAIL	24	105	503	3106
CORRELATION	3868	3465	8176	12334
SQUARE	495360	277
FOLD	3611	2730	2730	1052415	1052415	0	6492432
RAIL	42	86	503	3107
CORRELATION	3869	3465	8176	12334
SQUARE	495488	277
FOLD	3612	2731	2731	1052799	1052799	0	6493484
RAIL	42	87	503	3108
CORRELATION	3870	3465	8176	12334
SQUARE	495616	277
FOLD	3613	2732	2732	1053186	1053186	0	6496580
RAIL	25	103	503	3109
CORRELATION	3871	3467	8176	12334
SQUARE	495744	277
FOLD	3622	2733	2733	1053570	1053570	0	6515694
RAIL	27	102	507	3114
CORRELATION	3880	3477	8176	12334
SQUARE	496896	277
FOLD	3623	2734	2734	1053957	1053957	0	6516653
RAIL	39	89	507	3115
CORRELATION	3881	3477	8176	12334
SQUARE	497024	277
FOLD	3624	2735	2735	1054341	1054341	0	6517726
RAIL	39	90	507	3116
CORRELATION	3882	3477	8176	12334
SQUARE	497152	277
FOLD	3625	2736	2736	1054728	1054728	0	6520895
RAIL	28	100	507	3117
CORRELATION	3883	3479	8176	12334
SQUARE	497280	277
FOLD	3634	2737	2737	1055112	1055112	0	6539272
RAIL	30	99	511	3122
CORRELATION	3892	3489	8176	12334
SQUARE	498432	277
FOLD	3635	2738	2738	1055499	1055499	0	6540318
RAIL	36	92	511	3123
CORRELATION	3893	3489	8176	12334
SQUARE	498560	277
FOLD	3652	2739	2739	1055883	1055883	0	6583668
RAIL	62	67	519	3132
CORRELATION	3916	3513	8176	12334
SQUARE	501504	277
FOLD	3653	2740	2740	1056270	1056270	0	6586580
RAIL	61	67	519	3133
CORRELATION	3919	3515	8176	12334
SQUARE	501888	277
FOLD	3654	2741	2741	1056654	1056654	0	6589776
RAIL	61	68	519	3134
CORRELATION	3920	3517	8176	12334
SQUARE	502016	277
FOLD	3655	2742	2742	1057041	1057041	0	6594656
RAIL	60	68	519	3135
CORRELATION	3923	3520	8176	12334
SQUARE	502400	277
FOLD	3656	2743	2743	1057425	1057425	0	6595901
RAIL	60	69	519	3136
CORRELATION	3924	3520	8176	12334
SQUARE	502528	277
FOLD	3657	2744	2744	1057812	1057812	0	6601885
RAIL	59	69	519	3137
CORRELATION	3927	3525	8176	12334
SQUARE	502912	277
FOLD	3658	2745	2745	1058196	1058196	0	6603073
RAIL	59	70	519	3138
CORRELATION	3928	3525	8176	12334
SQUARE	503040	277
FOLD	3659	2746	2746	1058583	1058583	0	6608057
RAIL	58	70	519	3139
CORRELATION	3931	3528	8176	12334
SQUARE	503424	277
FOLD	3660	2747	2747	1058967	1058967	0	6611953
RAIL	58	71	519	3140
CORRELATION	3932	3531	8176	12334
SQUARE	503552	277
FOLD	3661	2748	2748	1059354	1059354	0	6615801
RAIL	57	71	519	3141
CORRELATION	3935	3532	8176	12334
SQUARE	503936	277
FOLD	3662	2749	2749	1059738	1059738	0	6618229
RAIL	57	72	519	3142
CORRELATION	3936	3534	8176	12334
SQUARE	504064	277
FOLD	3663	2750	2750	1060125	1060125	0	6620302
RAIL	10	118	519	3143
CORRELATION	3937	3536	8176	12334
SQUARE	504192	277
FOLD	3664	2751	2751	1060509	1060509	0	6621307
RAIL	10	119	519	3144
CORRELATION	3938	3536	8176	12334
SQUARE	504320	277
FOLD	3665	2752	2752	1060896	1060896	0	6622335
RAIL	56	72	519	3145
CORRELATION	3939	3536	8176	12334
SQUARE	504448	277
FOLD	3666	2753	2753	1061280	1061280	0	6625529
RAIL	56	73	519	3146
CORRELATION	3940	3538	8176	12334
SQUARE	504576	277
FOLD	3667	2754	2754	1061667	1061667	0	6630072
RAIL	11	117	519	3147
CORRELATION	3941	3541	8176	12334
SQUARE	504704	277
FOLD	3676	2755	2755	1062051	1062051	0	6644822
RAIL	13	116	523	3152
CORRELATION	3950	3546	8176	12334
SQUARE	505856	277
FOLD	3677	2756	2756	1062438	1062438	0	6647664
RAIL	53	75	523	3153
CORRELATION	3951	3548	8176	12334
SQUARE	505984	277
FOLD	3678	2757	2757	1062822	1062822	0	6650401
RAIL	53	76	523	3154
CORRELATION	3952	3550	8176	12334
SQUARE	506112	277
FOLD	3679	2758	2758	1063209	1063209	0	6651524
RAIL	14	114	523	3155
CORRELATION	3953	3550	8176	12334
SQUARE	506240	277
FOLD	3688	2759	2759	1063593	1063593	0	6666145
RAIL	16	113	527	3160
CORRELATION	3962	3559	8176	12334
SQUARE	507392	277
FOLD	3689	2760	2760	1063980	1063980	0	6667116
RAIL	50	78	527	3161
CORRELATION	3963	3559	8176	12334
SQUARE	507520	277
FOLD	3690	2761	2761	1064364	1064364	0	6670205
RAIL	50	79	527	3162
CORRELATION	3964	3560	8176	12334
SQUARE	507648	277
FOLD	3691	2762	2762	1064751	1064751	0	6671335
RAIL	17	111	527	3163
CORRELATION	3965	3560	8176	12334
SQUARE	507776	277
FOLD	3692	2763	2763	1065135	1065135	0	6674682
RAIL	17	112	527	3164
CORRELATION	3966	3562	8176	12334
SQUARE	507904	277
FOLD	3693	2764	2764	1065522	1065522	0	6677453
RAIL	49	79	527	3165
CORRELATION	3967	3564	8176	12334
SQUARE	508032	277
FOLD	3694	2765	2765	1065906	1065906	0	6680119
RAIL	49	80	527	3166
CORRELATION	3968	3565	8176	12334
SQUARE	508160	277
FOLD	3695	2766	2766	1066293	1066293	0	6682257
RAIL	18	110	527	3167
CORRELATION	3969	3567	8176	12334
SQUARE	508288	277
FOLD	3704	2767	2767	1066677	1066677	0	6697134
RAIL	20	109	531	3172
CORRELATION	3978	3574	8176	12334
SQUARE	509440	277
FOLD	3705	2768	2768	1067064	1067064	0	6698869
RAIL	46	82	531	3173
CORRELATION	3979	3574	8176	12334
SQUARE	509568	277
FOLD	3706	2769	2769	1067448	1067448	0	6701190
RAIL	46	83	531	3174
CORRELATION	3980	3576	8176	12334
SQUARE	509696	277
FOLD	3707	2770	2770	1067835	1067835	0	6702388
RAIL	21	107	531	3175
CORRELATION	3981	3576	8176	12334
SQUARE	509824	277
FOLD	3716	2771	2771	1068219	1068219	0	6718895
RAIL	23	106	535	3180
CORRELATION	3990	3586	8176	12334
SQUARE	510976	277
FOLD	3717	2772	2772	1068606	1068606	0	6721625
RAIL	43	85	535	3181
CORRELATION	3991	3588	8176	12334
SQUARE	511104	277
FOLD	3718	2773	2773	1068990	1068990	0	6724513
RAIL	43	86	535	3182
CORRELATION	3992	3590	8176	12334
SQUARE	511232	277
FOLD	3719	2774	2774	1069377	1069377	0	6726204
RAIL	24	104	535	3183
CORRELATION	3993	3590	8176	12334
SQUARE	511360	277
FOLD	3720	2775	2775	1069761	1069761	0	6729441
RAIL	24	105	535	3184
CORRELATION	3994	3593	8176	12334
SQUARE	511488	277
FOLD	3721	2776	2776	1070148	1070148	0	6731252
RAIL	42	86	535	3185
CORRELATION	3995	3593	8176	12334
SQUARE	511616	277
FOLD	3722	2777	2777	1070532	1070532	0	6732458
RAIL	42	87	535	3186
CORRELATION	3996	3593	8176	12334
SQUARE	511744	277
FOLD	3723	2778	2778	1070919	1070919	0	6734246
RAIL	25	103	535	3187
CORRELATION	3997	3593	8176	12334
SQUARE	511872	277
FOLD	3724	2779	2779	1071303	1071303	0	6735947
RAIL	25	104	535	3188
CORRELATION	3998	3595	8176	12334
SQUARE	512000	277
FOLD	3725	2780	2780	1071690	1071690	0	6736954
RAIL	41	87	535	3189
CORRELATION	3999	3595	8176	12334
SQUARE	512128	277
FOLD	3726	2781	2781	1072074	1072074	0	6739875
RAIL	41	88	535	3190
CORRELATION	4000	3597	8176	12334
SQUARE	512256	277
FOLD	3727	2782	2782	1072461	1072461	0	6742820
RAIL	26	102	535	3191
CORRELATION	4001	3599	8176	12334
SQUARE	512384	277
FOLD	3736	2783	2783	1072845	1072845	0	6758911
RAIL	28	101	539	3196
CORRELATION	4010	3609	8176	12334
SQUARE	513536	277
FOLD	3737	2784	2784	1073232	1073232	0	6760595
RAIL	38	90	539	3197
CORRELATION	4011	3609	8176	12334
SQUARE	513664	277
FOLD	3738	2785	2785	1073616	1073616	0	6762003
RAIL	38	91	539	3198
CORRELATION	4012	3610	8176	12334
SQUARE	513792	277
FOLD	3739	2786	2786	1074003	1074003	0	6764923
RAIL	29	99	539	3199
CORRELATION	4013	3613	8176	12334
SQUARE	513920	277
FOLD	3764	2787	2787	1074387	1074387	0	6830924
RAIL	61	68	551	3212
CORRELATION	4046	3641	8176	12334
SQUARE	518144	277
FOLD	3765	2788	2788	1074774	1074774	0	6834884
RAIL	60	68	551	3213
CORRELATION	4049	3643	8176	12334
SQUARE	518528	277
FOLD	3766	2789	2789	1075158	1075158	0	6840252
RAIL	60	69	551	3214
CORRELATION	4050	3645	8176	12334
SQUARE	518656	277
FOLD	3767	2790	2790	1075545	1075545	0	6846009
RAIL	59	69	551	3215
CORRELATION	4053	3649	8176	12334
SQUARE	519040	277
FOLD	3768	2791	2791	1075929	1075929	0	6847212
RAIL	59	70	551	3216
CORRELATION	4054	3649	8176	12334
SQUARE	519168	277
FOLD	3769	2792	2792	1076316	1076316	0	6853148
RAIL	58	70	551	3217
CORRELATION	4057	3653	8176	12334
SQUARE	519552	277
FOLD	3770	2793	2793	1076700	1076700	0	6854911
RAIL	58	71	551	3218
CORRELATION	4058	3653	8176	12334
SQUARE	519680	277
FOLD	3771	2794	2794	1077087	1077087	0	6859535
RAIL	57	71	551	3219
CORRELATION	4061	3657	8176	12334
SQUARE	520064	277
FOLD	3772	2795	2795	1077471	1077471	0	6860757
RAIL	57	72	551	3220
CORRELATION	4062	3657	8176	12334
SQUARE	520192	277
FOLD	3773	2796	2796	1077858	1077858	0	6861848
RAIL	10	118	551	3221
CORRELATION	4063	3657	8176	12334
SQUARE	520320	277
FOLD	3774	2797	2797	1078242	1078242	0	6865250
RAIL	10	119	551	3222
CORRELATION	4064	3659	8176	12334
SQUARE	520448	277
FOLD	3775	2798	2798	1078629	1078629	0	6868112
RAIL	56	72	551	3223
CORRELATION	4065	3661	8176	12334
SQUARE	520576	277
FOLD	3776	2799	2799	1079013	1079013	0	6869750
RAIL	56	73	551	3224
CORRELATION	4066	3661	8176	12334
SQUARE	520704	277
FOLD	3777	2800	2800	1079400	1079400	0	6872607
RAIL	11	117	551	3225
CORRELATION	4067	3663	8176	12334
SQUARE	520832	277
FOLD	3778	2801	2801	1079784	1079784	0	6874257
RAIL	11	118	551	3226
CORRELATION	4068	3665	8176	12334
SQUARE	520960	277
FOLD	3779	2802	2802	1080171	1080171	0	6875134
RAIL	55	73	551	3227
CORRELATION	4069	3665	8176	12334
SQUARE	521088	277
FOLD	3780	2803	2803	1080555	1080555	0	6876337
RAIL	55	74	551	3228
CORRELATION	4070	3665	8176	12334
SQUARE	521216	277
FOLD	3781	2804	2804	1080942	1080942	0	6879365
RAIL	12	116	551	3229
CORRELATION	4071	3667	8176	12334
SQUARE	521344	277
FOLD	3790	2805	2805	1081326	1081326	0	6892942
RAIL	14	115	555	3234
CORRELATION	4080	3673	8176	12334
SQUARE	522496	277
FOLD	3791	2806	2806	1081713	1081713	0	6896201
RAIL	52	76	555	3235
CORRELATION	4081	3675	8176	12334
SQUARE	522624	277
FOLD	3792	2807	2807	1082097	1082097	0	6899502
RAIL	52	77	555	3236
CORRELATION	4082	3677	8176	12334
SQUARE	522752	277
FOLD	3793	2808	2808	1082484	1082484	0	6901182
RAIL	15	113	555	3237
CORRELATION	4083	3677	8176	12334
SQUARE	522880	277
FOLD	3802	2809	2809	1082868	1082868	0	6920466
RAIL	17	112	559	3242
CORRELATION	4092	3688	8176	12334
SQUARE	524032	277
FOLD	3803	2810	2810	1083255	1083255	0	6921489
RAIL	49	79	559	3243
CORRELATION	4093	3688	8176	12334
SQUARE	524160	277
FOLD	3803	2810	2810	1083255	1083255	0	6922585
RAIL	49	79	559	3244
CORRELATION	4093	3688	8176	12334
SQUARE	524288	277
FOLD	3804	2811	2811	1083639	1083639	0	6922666
RAIL	49	80	559	3244
CORRELATION	4094	3688	8176	12334
SQUARE	524288	277
FOLD	3805	2812	2812	1084026	1084026	0	6926248
RAIL	18	110	559	3245
CORRELATION	4095	3690	8176	12334
SQUARE	524416	277
FOLD	3805	2812	2812	1084026	1084026	0	6928955
RAIL	18	110	559	3246
CORRELATION	4096	3692	8176	12334
SQUARE	524544	277
FOLD	3806	2813	2813	1084410	1084410	0	6928967
RAIL	18	111	559	3246
CORRELATION	4096	3692	8176	12334
SQUARE	524544	277
FOLD	3807	2814	2814	1084797	1084797	0	6929882
RAIL	48	80	559	3247
CORRELATION	4097	3692	8176	12334
SQUARE	524672	277
FOLD	3808	2815	2815	1085181	1085181	0	6932909
RAIL	48	81	559	3248
CORRELATION	4098	3694	8176	12334
SQUARE	524800	277
FOLD	3809	2816	2816	1085568	1085568	0	6936570
RAIL	19	109	559	3249
CORRELATION	4099	3696	8176	12334
SQUARE	524928	277
FOLD	3818	2817	2817	1085952	1085952	0	6954022
RAIL	21	108	563	3254
CORRELATION	4108	3704	8176	12334
SQUARE	526080	277
FOLD	3819	2818	2818	1086339	1086339	0	6955094
RAIL	45	83	563	3255
CORRELATION	4109	3704	8176	12334
SQUARE	526208	277
FOLD	3820	2819	2819	1086723	1086723	0	6956224
RAIL	45	84	563	3256
CORRELATION	4110	3704	8176	12334
SQUARE	526336	277
FOLD	3821	2820	2820	1087110	1087110	0	6960078
RAIL	22	106	563	3257
CORRELATION	4111	3706	8176	12334
SQUARE	526464	277
FOLD	3830	2821	2821	1087494	1087494	0	6977893
RAIL	24	105	567	3262
CORRELATION	4120	3716	8176	12334
SQUARE	527616	277
FOLD	3831	2822	2822	1087881	1087881	0	6981248
RAIL	42	86	567	3263
CORRELATION	4121	3718	8176	12334
SQUARE	527744	277
FOLD	3832	2823	2823	1088265	1088265	0	6984784
RAIL	42	87	567	3264
CORRELATION	4122	3720	8176	12334
SQUARE	527872	277
FOLD	3833	2824	2824	1088652	1088652	0	6985953
RAIL	25	103	567	3265
CORRELATION	4123	3720	8176	12334
SQUARE	528000	277
FOLD	3834	2825	2825	1089036	1089036	0	6987096
RAIL	25	104	567	3266
CORRELATION	4124	3720	8176	12334
SQUARE	528128	277
FOLD	3835	2826	2826	1089423	1089423	0	6988085
RAIL	41	87	567	3267
CORRELATION	4125	3720	8176	12334
SQUARE	528256	277
FOLD	3836	2827	2827	1089807	1089807	0	6991996
RAIL	41	88	567	3268
CORRELATION	4126	3722	8176	12334
SQUARE	528384	277
FOLD	3837	2828	2828	1090194	1090194	0	6995446
RAIL	26	102	567	3269
CORRELATION	4127	3724	8176	12334
SQUARE	528512	277
FOLD	3838	2829	2829	1090578	1090578	0	6996474
RAIL	26	103	567	3270
CORRELATION	4128	3724	8176	12334
SQUARE	528640	277
FOLD	3839	2830	2830	1090965	1090965	0	7000323
RAIL	40	88	567	3271
CORRELATION	4129	3726	8176	12334
SQUARE	528768	277
FOLD	3840	2831	2831	1091349	1091349	0	7005435
RAIL	40	89	567	3272
CORRELATION	4130	3728	8176	12334
SQUARE	528896	277
FOLD	3841	2832	2832	1091736	1091736	0	7006717
RAIL	27	101	567	3273
CORRELATION	4131	3728	8176	12334
SQUARE	529024	277
FOLD	3874	2833	2833	1092120	1092120	0	7090100
RAIL	61	68	583	3290
CORRELATION	4172	3769	8176	12334
SQUARE	534272	277
FOLD	3875	2834	2834	1092507	1092507	0	7097017
RAIL	60	68	583	3291
CORRELATION	4175	3772	8176	12334
SQUARE	534656	277
FOLD	3876	2835	2835	1092891	1092891	0	7098765
RAIL	60	69	583	3292
CORRELATION	4176	3772	8176	12334
SQUARE	534784	277
FOLD	3877	2836	2836	1093278	1093278	0	7103091
RAIL	59	69	583	3293
CORRELATION	4179	3776	8176	12334
SQUARE	535168	277
FOLD	3878	2837	2837	1093662	1093662	0	7105854
RAIL	59	70	583	3294
CORRELATION	4180	3777	8176	12334
SQUARE	535296	277
FOLD	3879	2838	2838	1094049	1094049	0	7112073
RAIL	58	70	583	3295
CORRELATION	4183	3782	8176	12334
SQUARE	535680	277
FOLD	3880	2839	2839	1094433	1094433	0	7113396
RAIL	58	71	583	3296
CORRELATION	4184	3782	8176	12334
SQUARE	535808	277
FOLD	3881	2840	2840	1094820	1094820	0	7115501
RAIL	57	71	583	3297
CORRELATION	4187	3782	8176	12334
SQUARE	536192	277
FOLD	3882	2841	2841	1095204	1095204	0	7116643
RAIL	57	72	583	3298
CORRELATION	4188	3782	8176	12334
SQUARE	536320	277
FOLD	3883	2842	2842	1095591	1095591	0	7119887
RAIL	10	118	583	3299
CORRELATION	4189	3785	8176	12334
SQUARE	536448	277
FOLD	3884	2843	2843	1095975	1095975	0	7122970
RAIL	10	119	583	3300
CORRELATION	4190	3786	8176	12334
SQUARE	536576	277
FOLD	3885	2844	2844	1096362	1096362	0	7126378
RAIL	56	72	583	3301
CORRELATION	4191	3788	8176	12334
SQUARE	536704	277
FOLD	3886	2845	2845	1096746	1096746	0	7127419
RAIL	56	73	583	3302
CORRELATION	4192	3788	8176	12334
SQUARE	536832	277
FOLD	3887	2846	2846	1097133	1097133	0	7128541
RAIL	11	117	583	3303
CORRELATION	4193	3788	8176	12334
SQUARE	536960	277
FOLD	3888	2847	2847	1097517	1097517	0	7131407
RAIL	11	118	583	3304
CORRELATION	4194	3791	8176	12334
SQUARE	537088	277
FOLD	3889	2848	2848	1097904	1097904	0	7134166
RAIL	55	73	583	3305
CORRELATION	4195	3792	8176	12334
SQUARE	537216	277
FOLD	3890	2849	2849	1098288	1098288	0	7138145
RAIL	55	74	583	3306
CORRELATION	4196	3794	8176	12334
SQUARE	537344	277
FOLD	3891	2850	2850	1098675	1098675	0	7139235
RAIL	12	116	583	3307
CORRELATION	4197	3794	8176	12334
SQUARE	537472	277
FOLD	3892	2851	2851	1099059	1099059	0	7140237
RAIL	12	117	583	3308
CORRELATION	4198	3794	8176	12334
SQUARE	537600	277
FOLD	3893	2852	2852	1099446	1099446	0	7141254
RAIL	54	74	583	3309
CORRELATION	4199	3794	8176	12334
SQUARE	537728	277
FOLD	3894	2853	2853	1099830	1099830	0	7142520
RAIL	54	75	583	3310
CORRELATION	4200	3794	8176	12334
SQUARE	537856	277
FOLD	3895	2854	2854	1100217	1100217	0	7145972
RAIL	13	115	583	3311
CORRELATION	4201	3796	8176	12334
SQUARE	537984	277
FOLD	3904	2855	2855	1100601	1100601	0	7163387
RAIL	15	114	587	3316
CORRELATION	4210	3807	8176	12334
SQUARE	539136	277
FOLD	3905	2856	2856	1100988	1100988	0	7164348
RAIL	51	77	587	3317
CORRELATION	4211	3807	8176	12334
SQUARE	539264	277
FOLD	3906	2857	2857	1101372	1101372	0	7165495
RAIL	51	78	587	3318
CORRELATION	4212	3807	8176	12334
SQUARE	539392	277
FOLD	3907	2858	2858	1101759	1101759	0	7167195
RAIL	16	112	587	3319
CORRELATION	4213	3807	8176	12334
SQUARE	539520	277
FOLD	3916	2859	2859	1102143	1102143	0	7182068
RAIL	18	111	591	3324
CORRELATION	4222	3818	8176	12334
SQUARE	540672	277
FOLD	3917	2860	2860	1102530	1102530	0	7185192
RAIL	48	80	591	3325
CORRELATION	4223	3821	8176	12334
SQUARE	540800	277
FOLD	3918	2861	2861	1102914	1102914	0	7187849
RAIL	48	81	591	3326
CORRELATION	4224	3822	8176	12334
SQUARE	540928	277
FOLD	3919	2862	2862	1103301	1103301	0	7190342
RAIL	19	109	591	3327
CORRELATION	4225	3824	8176	12334
SQUARE	541056	277
FOLD	3920	2863	2863	1103685	1103685	0	7191217
RAIL	19	110	591	3328
CORRELATION	4226	3824	8176	12334
SQUARE	541184	277
FOLD	3921	2864	2864	1104072	1104072	0	7192202
RAIL	47	81	591	3329
CORRELATION	4227	3824	8176	12334
SQUARE	541312	277
FOLD	3922	2865	2865	1104456	1104456	0	7193428
RAIL	47	82	591	3330
CORRELATION	4228	3824	8176	12334
SQUARE	541440	277
FOLD	3923	2866	2866	1104843	1104843	0	7194586
RAIL	20	108	591	3331
CORRELATION	4229	3824	8176	12334
SQUARE	541568	277
FOLD	3932	2867	2867	1105227	1105227	0	7213605
RAIL	22	107	595	3336
CORRELATION	4238	3837	8176	12334
SQUARE	542720	277
FOLD	3933	2868	2868	1105614	1105614	0	7215244
RAIL	44	84	595	3337
CORRELATION	4239	3837	8176	12334
SQUARE	542848	277
FOLD	3934	2869	2869	1105998	1105998	0	7218892
RAIL	44	85	595	3338
CORRELATION	4240	3840	8176	12334
SQUARE	542976	277
FOLD	3935	2870	2870	1106385	1106385	0	7220028
RAIL	23	105	595	3339
CORRELATION	4241	3840	8176	12334
SQUARE	543104	277
FOLD	3944	2871	2871	1106769	1106769	0	7235104
RAIL	25	104	599	3344
CORRELATION	4250	3845	8176	12334
SQUARE	544256	277
FOLD	3945	2872	2872	1107156	1107156	0	7237452
RAIL	41	87	599	3345
CORRELATION	4251	3845	8176	12334
SQUARE	544384	277
FOLD	3946	2873	2873	1107540	1107540	0	7241041
RAIL	41	88	599	3346
CORRELATION	4252	3847	8176	12334
SQUARE	544512	277
FOLD	3947	2874	2874	1107927	1107927	0	7243128
RAIL	26	102	599	3347
CORRELATION	4253	3849	8176	12334
SQUARE	544640	277
FOLD	3948	2875	2875	1108311	1108311	0	7244106
RAIL	26	103	599	3348
CORRELATION	4254	3849	8176	12334
SQUARE	544768	277
FOLD	3949	2876	2876	1108698	1108698	0	7245754
RAIL	40	88	599	3349
CORRELATION	4255	3849	8176	12334
SQUARE	544896	277
FOLD	3950	2877	2877	1109082	1109082	0	7247475
RAIL	40	89	599	3350
CORRELATION	4256	3851	8176	12334
SQUARE	545024	277
FOLD	3951	2878	2878	1109469	1109469	0	7248582
RAIL	27	101	599	3351
CORRELATION	4257	3851	8176	12334
SQUARE	545152	277
FOLD	3952	2879	2879	1109853	1109853	0	7251635
RAIL	27	102	599	3352
CORRELATION	4258	3853	8176	12334
SQUARE	545280	277
FOLD	3953	2880	2880	1110240	1110240	0	7254687
RAIL	39	89	599	3353
CORRELATION	4259	3855	8176	12334
SQUARE	545408	277
FOLD	3986	2881	2881	1110624	1110624	0	7331317
RAIL	60	69	615	3370
CORRELATION	4302	3899	8176	12334
SQUARE	550912	277
FOLD	3987	2882	2882	1111011	1111011	0	7336578
RAIL	59	69	615	3371
CORRELATION	4305	3903	8176	12334
SQUARE	551296	277
FOLD	3988	2883	2883	1111395	1111395	0	7337702
RAIL	59	70	615	3372
CORRELATION	4306	3903	8176	12334
SQUARE	551424	277
FOLD	3989	2884	2884	1111782	1111782	0	7341145
RAIL	58	70	615	3373
CORRELATION	4309	3905	8176	12334
SQUARE	551808	277
FOLD	3990	2885	2885	1112166	1112166	0	7343973
RAIL	58	71	615	3374
CORRELATION	4310	3907	8176	12334
SQUARE	551936	277
FOLD	3991	2886	2886	1112553	1112553	0	7349913
RAIL	57	71	615	3375
CORRELATION	4313	3911	8176	12334
SQUARE	552320	277
FOLD	3992	2887	2887	1112937	1112937	0	7352130
RAIL	57	72	615	3376
CORRELATION	4314	3913	8176	12334
SQUARE	552448	277
FOLD	3993	2888	2888	1113324	1113324	0	7353295
RAIL	10	118	615	3377
CORRELATION	4315	3913	8176	12334
SQUARE	552576	277
FOLD	3994	2889	2889	1113708	1113708	0	7354199
RAIL	10	119	615	3378
CORRELATION	4316	3913	8176	12334
SQUARE	552704	277
FOLD	3995	2890	2890	1114095	1114095	0	7355046
RAIL	56	72	615	3379
CORRELATION	4317	3913	8176	12334
SQUARE	552832	277
FOLD	3996	2891	2891	1114479	1114479	0	7356110
RAIL	56	73	615	3380
CORRELATION	4318	3913	8176	12334
SQUARE	552960	277
FOLD	3997	2892	2892	1114866	1114866	0	7357296
RAIL	11	117	615	3381
CORRELATION	4319	3913	8176	12334
SQUARE	553088	277
FOLD	3998	2893	2893	1115250	1115250	0	7360958
RAIL	11	118	615	3382
CORRELATION	4320	3916	8176	12334
SQUARE	553216	277
FOLD	3999	2894	2894	1115637	1115637	0	7362556
RAIL	55	73	615	3383
CORRELATION	4321	3916	8176	12334
SQUARE	553344	277
FOLD	4000	2895	2895	1116021	1116021	0	7366103
RAIL	55	74	615	3384
CORRELATION	4322	3919	8176	12334
SQUARE	553472	277
FOLD	4001	2896	2896	1116408	1116408	0	7368176
RAIL	12	116	615	3385
CORRELATION	4323	3920	8176	12334
SQUARE	553600	277
FOLD	4002	2897	2897	1116792	1116792	0	7370689
RAIL	12	117	615	3386
CORRELATION	4324	3921	8176	12334
SQUARE	553728	277
FOLD	4003	2898	2898	1117179	1117179	0	7372828
RAIL	54	74	615	3387
CORRELATION	4325	3923	8176	12334
SQUARE	553856	277
FOLD	4004	2899	2899	1117563	1117563	0	7373912
RAIL	54	75	615	3388
CORRELATION	4326	3923	8176	12334
SQUARE	553984	277
FOLD	4005	2900	2900	1117950	1117950	0	7376245
RAIL	13	115	615	3389
CORRELATION	4327	3924	8176	12334
SQUARE	554112	277
FOLD	4006	2901	2901	1118334	1118334	0	7377287
RAIL	13	116	615	3390
CORRELATION	4328	3924	8176	12334
SQUARE	554240	277
FOLD	4007	2902	2902	1118721	1118721	0	7380807
RAIL	53	75	615	3391
CORRELATION	4329	3926	8176	12334
SQUARE	554368	277
FOLD	4008	2903	2903	1119105	1119105	0	7384195
RAIL	53	76	615	3392
CORRELATION	4330	3928	8176	12334
SQUARE	554496	277
FOLD	4009	2904	2904	1119492	1119492	0	7386332
RAIL	14	114	615	3393
CORRELATION	4331	3929	8176	12334
SQUARE	554624	277
FOLD	4018	2905	2905	1119876	1119876	0	7402886
RAIL	16	113	619	3398
CORRELATION	4340	3938	8176	12334
SQUARE	555776	277
FOLD	4019	2906	2906	1120263	1120263	0	7403790
RAIL	50	78	619	3399
CORRELATION	4341	3938	8176	12334
SQUARE	555904	277
FOLD	4020	2907	2907	1120647	1120647	0	7405929
RAIL	50	79	619	3400
CORRELATION	4342	3939	8176	12334
SQUARE	556032	277
FOLD	4021	2908	2908	1121034	1121034	0	7409303
RAIL	17	111	619	3401
CORRELATION	4343	3941	8176	12334
SQUARE	556160	277
FOLD	4030	2909	2909	1121418	1121418	0	7425707
RAIL	19	110	623	3406
CORRELATION	4352	3950	8176	12334
SQUARE	557312	277
FOLD	4031	2910	2910	1121805	1121805	0	7427757
RAIL	47	81	623	3407
CORRELATION	4353	3951	8176	12334
SQUARE	557440	277
FOLD	4032	2911	2911	1122189	1122189	0	7430846
RAIL	47	82	623	3408
CORRELATION	4354	3953	8176	12334
SQUARE	557568	277
FOLD	4033	2912	2912	1122576	1122576	0	7433365
RAIL	20	108	623	3409
CORRELATION	4355	3954	8176	12334
SQUARE	557696	277
FOLD	4034	2913	2913	1122960	1122960	0	7436702
RAIL	20	109	623	3410
CORRELATION	4356	3956	8176	12334
SQUARE	557824	277
FOLD	4035	2914	2914	1123347	1123347	0	7437713
RAIL	46	82	623	3411
CORRELATION	4357	3956	8176	12334
SQUARE	557952	277
FOLD	4036	2915	2915	1123731	1123731	0	7439142
RAIL	46	83	623	3412
CORRELATION	4358	3956	8176	12334
SQUARE	558080	277
FOLD	4037	2916	2916	1124118	1124118	0	7440330
RAIL	21	107	623	3413
CORRELATION	4359	3956	8176	12334
SQUARE	558208	277
FOLD	4046	2917	2917	1124502	1124502	0	7454676
RAIL	23	106	627	3418
CORRELATION	4368	3964	8176	12334
SQUARE	559360	277
FOLD	4047	2918	2918	1124889	1124889	0	7456827
RAIL	43	85	627	3419
CORRELATION	4369	3966	8176	12334
SQUARE	559488	277
FOLD	4048	2919	2919	1125273	1125273	0	7460748
RAIL	43	86	627	3420
CORRELATION	4370	3968	8176	12334
SQUARE	559616	277
FOLD	4049	2920	2920	1125660	1125660	0	7461852
RAIL	24	104	627	3421
CORRELATION	4371	3968	8176	12334
SQUARE	559744	277
FOLD	4058	2921	2921	1126044	1126044	0	7478962
RAIL	26	103	631	3426
CORRELATION	4380	3979	8176	12334
SQUARE	560896	277
FOLD	4059	2922	2922	1126431	1126431	0	7480096
RAIL	40	88	631	3427
CORRELATION	4381	3979	8176	12334
SQUARE	561024	277
FOLD	4068	2923	2923	1126815	1126815	0	7495398
RAIL	38	91	635	3432
CORRELATION	4390	3988	8176	12334
SQUARE	562176	277
FOLD	4069	2924	2924	1127202	1127202	0	7497777
RAIL	29	99	635	3433
CORRELATION	4391	3990	8176	12334
SQUARE	562304	277
FOLD	4094	2925	2925	1127586	1127586	0	7552334
RAIL	61	68	647	3446
CORRELATION	4424	4022	8176	12334
SQUARE	566528	277
FOLD	4095	2926	2926	1127973	1127973	0	7555322
RAIL	60	68	647	3447
CORRELATION	4427	4023	8176	12334
SQUARE	566912	277
FOLD	4096	2927	2927	1128357	1128357	0	7559469
RAIL	60	69	647	3448
CORRELATION	4428	4025	8176	12334
SQUARE	567040	277
FOLD	4097	2928	2928	1128744	1128744	0	7570876
RAIL	59	69	647	3449
CORRELATION	4431	4030	8176	12334
SQUARE	567424	277
FOLD	4098	2929	2929	1129128	1129128	0	7573209
RAIL	59	70	647	3450
CORRELATION	4432	4030	8176	12334
SQUARE	567552	277
FOLD	4099	2930	2930	1129515	1129515	0	7579095
RAIL	58	70	647	3451
CORRELATION	4435	4033	8176	12334
SQUARE	567936	277
FOLD	4100	2931	2931	1129899	1129899	0	7582319
RAIL	58	71	647	3452
CORRELATION	4436	4035	8176	12334
SQUARE	568064	277
FOLD	4101	2932	2932	1130286	1130286	0	7586922
RAIL	57	71	647	3453
CORRELATION	4439	4037	8176	12334
SQUARE	568448	277
FOLD	4102	2933	2933	1130670	1130670	0	7588127
RAIL	57	72	647	3454
CORRELATION	4440	4037	8176	12334
SQUARE	568576	277
FOLD	4103	2934	2934	1131057	1131057	0	7589975
RAIL	10	118	647	3455
CORRELATION	4441	4037	8176	12334
SQUARE	568704	277
FOLD	4108	2935	2935	1131441	1131441	0	7599691
RAIL	11	118	649	3458
CORRELATION	4446	4043	8176	12334
SQUARE	569344	277
FOLD	4109	2936	2936	1131828	1131828	0	7603094
RAIL	55	73	649	3459
CORRELATION	4447	4046	8176	12334
SQUARE	569472	277
FOLD	4110	2937	2937	1132212	1132212	0	7604227
RAIL	55	74	649	3460
CORRELATION	4448	4046	8176	12334
SQUARE	569600	277
FOLD	4111	2938	2938	1132599	1132599	0	7606521
RAIL	12	116	649	3461
CORRELATION	4449	4047	8176	12334
SQUARE	569728	277
FOLD	4112	2939	2939	1132983	1132983	0	7607888
RAIL	12	117	649	3462
CORRELATION	4450	4047	8176	12334
SQUARE	569856	277
FOLD	4113	2940	2940	1133370	1133370	0	7610841
RAIL	54	74	649	3463
CORRELATION	4451	4049	8176	12334
SQUARE	569984	277
FOLD	4114	2941	2941	1133754	1133754	0	7613748
RAIL	54	75	649	3464
CORRELATION	4452	4051	8176	12334
SQUARE	570112	277
FOLD	4115	2942	2942	1134141	1134141	0	7615535
RAIL	13	115	649	3465
CORRELATION	4453	4051	8176	12334
SQUARE	570240	277
FOLD	4116	2943	2943	1134525	1134525	0	7618518
RAIL	13	116	649	3466
CORRELATION	4454	4054	8176	12334
SQUARE	570368	277
FOLD	4117	2944	2944	1134912	1134912	0	7619384
RAIL	53	75	649	3467
CORRELATION	4455	4054	8176	12334
SQUARE	570496	277
FOLD	4118	2945	2945	1135296	1135296	0	7620560
RAIL	53	76	649	3468
CORRELATION	4456	4054	8176	12334
SQUARE	570624	277
FOLD	4119	2946	2946	1135683	1135683	0	7622388
RAIL	14	114	649	3469
CORRELATION	4457	4054	8176	12334
SQUARE	570752	277
FOLD	4120	2947	2947	1136067	1136067	0	7624547
RAIL	14	115	649	3470
CORRELATION	4458	4056	8176	12334
SQUARE	570880	277
FOLD	4121	2948	2948	1136454	1136454	0	7625601
RAIL	52	76	649	3471
CORRELATION	4459	4056	8176	12334
SQUARE	571008	277
FOLD	4122	2949	2949	1136838	1136838	0	7628815
RAIL	52	77	649	3472
CORRELATION	4460	4058	8176	12334
SQUARE	571136	277
FOLD	4123	2950	2950	1137225	1137225	0	7631856
RAIL	15	113	649	3473
CORRELATION	4461	4060	8176	12334
SQUARE	571264	277
FOLD	4132	2951	2951	1137609	1137609	0	7648705
RAIL	17	112	653	3478
CORRELATION	4470	4069	8176	12334
SQUARE	572416	277
FOLD	4133	2952	2952	1137996	1137996	0	7651796
RAIL	49	79	653	3479
CORRELATION	4471	4072	8176	12334
SQUARE	572544	277
FOLD	4134	2953	2953	1138380	1138380	0	7653091
RAIL	49	80	653	3480
CORRELATION	4472	4072	8176	12334
SQUARE	572672	277
FOLD	4135	2954	2954	1138767	1138767	0	7654418
RAIL	18	110	653	3481
CORRELATION	4473	4072	8176	12334
SQUARE	572800	277
FOLD	4144	2955	2955	1139151	1139151	0	7666321
RAIL	20	109	657	3486
CORRELATION	4482	4074	8176	12334
SQUARE	573952	277
FOLD	4145	2956	2956	1139538	1139538	0	7668139
RAIL	46	82	657	3487
CORRELATION	4483	4076	8176	12334
SQUARE	574080	277
FOLD	4146	2957	2957	1139922	1139922	0	7670214
RAIL	46	83	657	3488
CORRELATION	4484	4076	8176	12334
SQUARE	574208	277
FOLD	4147	2958	2958	1140309	1140309	0	7673331
RAIL	21	107	657	3489
CORRELATION	4485	4079	8176	12334
SQUARE	574336	277
FOLD	4148	2959	2959	1140693	1140693	0	7674227
RAIL	21	108	657	3490
CORRELATION	4486	4079	8176	12334
SQUARE	574464	277
FOLD	4149	2960	2960	1141080	1141080	0	7677504
RAIL	45	83	657	3491
CORRELATION	4487	4080	8176	12334
SQUARE	574592	277
FOLD	4150	2961	2961	1141464	1141464	0	7679585
RAIL	45	84	657	3492
CORRELATION	4488	4082	8176	12334
SQUARE	574720	277
FOLD	4151	2962	2962	1141851	1141851	0	7681331
RAIL	22	106	657	3493
CORRELATION	4489	4082	8176	12334
SQUARE	574848	277
FOLD	4160	2963	2963	1142235	1142235	0	7698450
RAIL	24	105	661	3498
CORRELATION	4498	4093	8176	12334
SQUARE	576000	277
FOLD	4161	2964	2964	1142622	1142622	0	7699383
RAIL	42	86	661	3499
CORRELATION	4499	4093	8176	12334
SQUARE	576128	277
FOLD	4162	2965	2965	1143006	1143006	0	7700456
RAIL	42	87	661	3500
CORRELATION	4500	4093	8176	12334
SQUARE	576256	277
FOLD	4163	2966	2966	1143393	1143393	0	7703783
RAIL	25	103	661	3501
CORRELATION	4501	4095	8176	12334
SQUARE	576384	277
FOLD	4204	2967	2967	1143777	1143777	0	7795539
RAIL	61	68	681	3522
CORRELATION	4550	4146	8176	12334
SQUARE	582656	277
FOLD	4205	2968	2968	1144164	1144164	0	7797957
RAIL	60	68	681	3523
CORRELATION	4553	4146	8176	12334
SQUARE	583040	277
FOLD	4206	2969	2969	1144548	1144548	0	7801980
RAIL	60	69	681	3524
CORRELATION	4554	4148	8176	12334
SQUARE	583168	277
FOLD	4207	2970	2970	1144935	1144935	0	7808642
RAIL	59	69	681	3525
CORRELATION	4557	4152	8176	12334
SQUARE	583552	277
FOLD	4208	2971	2971	1145319	1145319	0	7812388
RAIL	59	70	681	3526
CORRELATION	4558	4154	8176	12334
SQUARE	583680	277
FOLD	4209	2972	2972	1145706	1145706	0	7817028
RAIL	58	70	681	3527
CORRELATION	4561	4156	8176	12334
SQUARE	584064	277
FOLD	4210	2973	2973	1146090	1146090	0	7822159
RAIL	58	71	681	3528
CORRELATION	4562	4158	8176	12334
SQUARE	584192	277
FOLD	4211	2974	2974	1146477	1146477	0	7830427
RAIL	57	71	681	3529
CORRELATION	4565	4162	8176	12334
SQUARE	584576	277
FOLD	4212	2975	2975	1146861	1146861	0	7831576
RAIL	57	72	681	3530
CORRELATION	4566	4162	8176	12334
SQUARE	584704	277
FOLD	4213	2976	2976	1147248	1147248	0	7832839
RAIL	10	118	681	3531
CORRELATION	4567	4162	8176	12334
SQUARE	584832	277
FOLD	4222	2977	2977	1147632	1147632	0	7849921
RAIL	12	117	685	3536
CORRELATION	4576	4171	8176	12334
SQUARE	585984	277
FOLD	4223	2978	2978	1148019	1148019	0	7852760
RAIL	54	74	685	3537
CORRELATION	4577	4173	8176	12334
SQUARE	586112	277
FOLD	4224	2979	2979	1148403	1148403	0	7854582
RAIL	54	75	685	3538
CORRELATION	4578	4173	8176	12334
SQUARE	586240	277
FOLD	4225	2980	2980	1148790	1148790	0	7856998
RAIL	13	115	685	3539
CORRELATION	4579	4175	8176	12334
SQUARE	586368	277
FOLD	4226	2981	2981	1149174	1149174	0	7858881
RAIL	13	116	685	3540
CORRELATION	4580	4177	8176	12334
SQUARE	586496	277
FOLD	4227	2982	2982	1149561	1149561	0	7859775
RAIL	53	75	685	3541
CORRELATION	4581	4177	8176	12334
SQUARE	586624	277
FOLD	4228	2983	2983	1149945	1149945	0	7860878
RAIL	53	76	685	3542
CORRELATION	4582	4177	8176	12334
SQUARE	586752	277
FOLD	4229	2984	2984	1150332	1150332	0	7862029
RAIL	14	114	685	3543
CORRELATION	4583	4177	8176	12334
SQUARE	586880	277
FOLD	4230	2985	2985	1150716	1150716	0	7865475
RAIL	14	115	685	3544
CORRELATION	4584	4179	8176	12334
SQUARE	587008	277
FOLD	4231	2986	2986	1151103	1151103	0	7868455
RAIL	52	76	685	3545
CORRELATION	4585	4181	8176	12334
SQUARE	587136	277
FOLD	4232	2987	2987	1151487	1151487	0	7869623
RAIL	52	77	685	3546
CORRELATION	4586	4181	8176	12334
SQUARE	587264	277
FOLD	4233	2988	2988	1151874	1151874	0	7872711
RAIL	15	113	685	3547
CORRELATION	4587	4183	8176	12334
SQUARE	587392	277
FOLD	4234	2989	2989	1152258	1152258	0	7875670
RAIL	15	114	685	3548
CORRELATION	4588	4185	8176	12334
SQUARE	587520	277
FOLD	4235	2990	2990	1152645	1152645	0	7876596
RAIL	51	77	685	3549
CORRELATION	4589	4185	8176	12334
SQUARE	587648	277
FOLD	4236	2991	2991	1153029	1153029	0	7877690
RAIL	51	78	685	3550
CORRELATION	4590	4185	8176	12334
SQUARE	587776	277
FOLD	4237	2992	2992	1153416	1153416	0	7880819
RAIL	16	112	685	3551
CORRELATION	4591	4187	8176	12334
SQUARE	587904	277
FOLD	4246	2993	2993	1153800	1153800	0	7894879
RAIL	18	111	689	3556
CORRELATION	4600	4193	8176	12334
SQUARE	589056	277
FOLD	4247	2994	2994	1154187	1154187	0	7895818
RAIL	48	80	689	3557
CORRELATION	4601	4193	8176	12334
SQUARE	589184	277
FOLD	4248	2995	2995	1154571	1154571	0	7899083
RAIL	48	81	689	3558
CORRELATION	4602	4195	8176	12334
SQUARE	589312	277
FOLD	4249	2996	2996	1154958	1154958	0	7902466
RAIL	19	109	689	3559
CORRELATION	4603	4197	8176	12334
SQUARE	589440	277
FOLD	4258	2997	2997	1155342	1155342	0	7919359
RAIL	21	108	693	3564
CORRELATION	4612	4207	8176	12334
SQUARE	590592	277
FOLD	4259	2998	2998	1155729	1155729	0	7920304
RAIL	45	83	693	3565
CORRELATION	4613	4207	8176	12334
SQUARE	590720	277
FOLD	4260	2999	2999	1156113	1156113	0	7921483
RAIL	45	84	693	3566
CORRELATION	4614	4207	8176	12334
SQUARE	590848	277
FOLD	4261	3000	3000	1156500	1156500	0	7924925
RAIL	22	106	693	3567
CORRELATION	4615	4209	8176	12334
SQUARE	590976	277
FOLD	4262	3001	3001	1156884	1156884	0	7928191
RAIL	22	107	693	3568
CORRELATION	4616	4211	8176	12334
SQUARE	591104	277
FOLD	4263	3002	3002	1157271	1157271	0	7929802
RAIL	44	84	693	3569
CORRELATION	4617	4211	8176	12334
SQUARE	591232	277
FOLD	4264	3003	3003	1157655	1157655	0	7933356
RAIL	44	85	693	3570
CORRELATION	4618	4213	8176	12334
SQUARE	591360	277
FOLD	4265	3004	3004	1158042	1158042	0	7935346
RAIL	23	105	693	3571
CORRELATION	4619	4215	8176	12334
SQUARE	591488	277
