INPUT	248634134622378624265272678886859666411	128	62	644
FRAME	1	0	1	1	32
FOLD	1	1	1	384	384	0	43
FOLD	2	1	1	387	387	0	105
FOLD	4	3	3	1155	1155	0	138
FOLD	5	5	5	1926	1926	0	187
FOLD	8	7	7	2697	2697	0	381
FOLD	9	9	9	3468	3468	0	442
FOLD	12	11	11	4239	4239	0	732
FOLD	13	13	13	5010	5010	0	768
FOLD	14	15	15	5781	5781	0	798
FOLD	15	17	17	6552	6552	0	856
FOLD	16	19	19	7323	7323	0	875
FOLD	17	21	21	8094	8094	0	912
FOLD	18	23	23	8865	8865	0	945
FOLD	19	25	25	9636	9636	0	981
FOLD	20	27	27	10407	10407	0	1004
FOLD	21	29	29	11178	11178	0	1047
FOLD	22	31	31	11949	11949	0	1069
FOLD	23	33	33	12720	12720	0	1122
FOLD	24	35	35	13491	13491	0	1138
FOLD	25	37	37	14262	14262	0	1179
FOLD	26	39	39	15033	15033	0	1194
FOLD	27	41	41	15804	15804	0	1264
FOLD	28	43	43	16575	16575	0	1281
FOLD	29	45	45	17346	17346	0	1340
FOLD	30	47	47	18117	18117	0	1357
FOLD	31	49	49	18888	18888	0	1397
FOLD	32	51	51	19659	19659	0	1415
FOLD	33	53	53	20430	20430	0	1482
FOLD	34	55	55	21201	21201	0	1501
FOLD	35	57	57	21972	21972	0	1561
FOLD	36	59	59	22743	22743	0	1584
FOLD	37	61	61	23514	23514	0	1647
FOLD	38	63	63	24285	24285	0	1670
FOLD	39	65	65	25056	25056	0	1724
FOLD	40	67	67	25827	25827	0	1762
FOLD	41	69	69	26598	26598	0	1861
FOLD	42	71	71	27369	27369	0	1884
FOLD	43	73	73	28140	28140	0	1943
FOLD	44	75	75	28911	28911	0	1959
FOLD	45	77	77	29682	29682	0	2009
FOLD	46	79	79	30453	30453	0	2027
FOLD	47	81	81	31224	31224	0	2092
FOLD	48	83	83	31995	31995	0	2114
FOLD	49	85	85	32766	32766	0	2177
FOLD	50	87	87	33537	33537	0	2193
FOLD	51	89	89	34308	34308	0	2250
FOLD	52	91	91	35079	35079	0	2266
FOLD	53	93	93	35850	35850	0	2329
FOLD	54	95	95	36621	36621	0	2398
FOLD	55	97	97	37392	37392	0	2496
FOLD	56	99	99	38163	38163	0	2512
FOLD	57	101	101	38934	38934	0	2564
FOLD	58	103	103	39705	39705	0	2580
FOLD	59	105	105	40476	40476	0	2664
FOLD	60	107	107	41247	41247	0	2733
FOLD	61	109	109	42018	42018	0	2794
FOLD	62	111	111	42789	42789	0	2812
FOLD	63	113	113	43560	43560	0	2869
FOLD	64	115	115	44331	44331	0	2895
FOLD	65	117	117	45102	45102	0	2979
FOLD	66	119	119	45873	45873	0	2996
FOLD	67	121	121	46644	46644	0	3053
FOLD	68	123	123	47415	47415	0	3071
FOLD	69	125	125	48186	48186	0	3122
FOLD	70	127	127	48957	48957	0	3140
FOLD	71	129	129	49728	49728	0	3196
FOLD	72	131	131	50499	50499	0	3217
FOLD	73	133	133	51270	51270	0	3272
FOLD	74	135	135	52041	52041	0	3290
FOLD	75	137	137	52812	52812	0	3350
FOLD	76	139	139	53583	53583	0	3368
FOLD	77	141	141	54354	54354	0	3421
FOLD	78	143	143	55125	55125	0	3438
FOLD	79	145	145	55896	55896	0	3492
FOLD	80	147	147	56667	56667	0	3513
FOLD	81	149	149	57438	57438	0	3560
FOLD	82	151	151	58209	58209	0	3577
FOLD	83	153	153	58980	58980	0	3628
FOLD	84	155	155	59751	59751	0	3649
FOLD	85	157	157	60522	60522	0	3724
FOLD	86	159	159	61293	61293	0	3761
FOLD	87	161	161	62064	62064	0	3810
FOLD	88	163	163	62835	62835	0	3831
FOLD	89	165	165	63606	63606	0	3885
FOLD	90	167	167	64377	64377	0	3903
FOLD	91	169	169	65148	65148	0	3955
FOLD	92	171	171	65919	65919	0	3976
FOLD	93	173	173	66690	66690	0	4027
FOLD	94	175	175	67461	67461	0	4044
FOLD	95	177	177	68232	68232	0	4092
FOLD	96	179	179	69003	69003	0	4113
FOLD	97	181	181	69774	69774	0	4168
FOLD	98	183	183	70545	70545	0	4198
FOLD	99	185	185	71316	71316	0	4249
FOLD	100	187	187	72087	72087	0	4267
FOLD	101	189	189	72858	72858	0	4318
FOLD	102	191	191	73629	73629	0	4333
FOLD	103	193	193	74400	74400	0	4393
FOLD	104	195	195	75171	75171	0	4414
FOLD	105	197	197	75942	75942	0	4464
FOLD	106	199	199	76713	76713	0	4495
FOLD	107	201	201	77484	77484	0	4559
FOLD	108	203	203	78255	78255	0	4594
FOLD	109	205	205	79026	79026	0	4643
FOLD	110	207	207	79797	79797	0	4696
FOLD	111	209	209	80568	80568	0	4775
FOLD	112	211	211	81339	81339	0	4794
FOLD	113	213	213	82110	82110	0	4843
FOLD	114	215	215	82881	82881	0	4858
FOLD	115	217	217	83652	83652	0	4924
FOLD	116	219	219	84423	84423	0	4939
FOLD	117	221	221	85194	85194	0	5003
FOLD	118	223	223	85965	85965	0	5043
FOLD	119	225	225	86736	86736	0	5108
FOLD	120	227	227	87507	87507	0	5145
FOLD	121	229	229	88278	88278	0	5237
FOLD	122	231	231	89049	89049	0	5255
FOLD	123	233	233	89820	89820	0	5316
FOLD	124	235	235	90591	90591	0	5331
FOLD	125	237	237	91362	91362	0	5390
FOLD	126	239	239	92133	92133	0	5406
FOLD	127	240	240	92520	92520	0	5484
FOLD	128	241	241	92904	92904	0	5577
FOLD	129	242	242	93291	93291	0	5649
FOLD	130	243	243	93675	93675	0	5677
FOLD	131	244	244	94062	94062	0	5727
FOLD	132	245	245	94446	94446	0	5754
FOLD	133	246	246	94833	94833	0	5817
FOLD	142	247	247	95217	95217	0	6324
FOLD	143	248	248	95604	95604	0	6355
FOLD	144	249	249	95988	95988	0	6382
FOLD	145	250	250	96375	96375	0	6472
FOLD	146	251	251	96759	96759	0	6545
FOLD	147	252	252	97146	97146	0	6578
FOLD	148	253	253	97530	97530	0	6704
FOLD	149	254	254	97917	97917	0	6764
FOLD	150	255	255	98301	98301	0	6800
FOLD	151	256	256	98688	98688	0	6830
FOLD	152	257	257	99072	99072	0	6859
FOLD	153	258	258	99459	99459	0	6932
FOLD	154	259	259	99843	99843	0	6966
FOLD	155	260	260	100230	100230	0	6997
FOLD	156	261	261	100614	100614	0	7024
FOLD	157	262	262	101001	101001	0	7051
FOLD	158	263	263	101385	101385	0	7102
FOLD	159	264	264	101772	101772	0	7140
FOLD	160	265	265	102156	102156	0	7191
FOLD	161	266	266	102543	102543	0	7226
FOLD	162	267	267	102927	102927	0	7257
FOLD	163	268	268	103314	103314	0	7290
FOLD	164	269	269	103698	103698	0	7318
FOLD	165	270	270	104085	104085	0	7345
FOLD	166	271	271	104469	104469	0	7376
FOLD	167	272	272	104856	104856	0	7407
FOLD	168	273	273	105240	105240	0	7437
FOLD	169	274	274	105627	105627	0	7486
FOLD	170	275	275	106011	106011	0	7518
FOLD	171	276	276	106398	106398	0	7563
FOLD	172	277	277	106782	106782	0	7602
FOLD	173	278	278	107169	107169	0	7630
FOLD	174	279	279	107553	107553	0	7670
FOLD	175	280	280	107940	107940	0	7714
FOLD	176	281	281	108324	108324	0	7749
FOLD	177	282	282	108711	108711	0	7778
FOLD	178	283	283	109095	109095	0	7832
FOLD	179	284	284	109482	109482	0	7865
FOLD	180	285	285	109866	109866	0	7893
FOLD	181	286	286	110253	110253	0	7964
FOLD	182	287	287	110637	110637	0	7997
FOLD	183	288	288	111024	111024	0	8047
FOLD	184	289	289	111408	111408	0	8117
FOLD	185	290	290	111795	111795	0	8171
FOLD	186	291	291	112179	112179	0	8269
FOLD	187	292	292	112566	112566	0	8316
FOLD	188	293	293	112950	112950	0	8344
FOLD	189	294	294	113337	113337	0	8375
FOLD	190	295	295	113721	113721	0	8405
FOLD	191	296	296	114108	114108	0	8435
FOLD	192	297	297	114492	114492	0	8462
FOLD	193	298	298	114879	114879	0	8490
FOLD	194	299	299	115263	115263	0	8541
FOLD	195	300	300	115650	115650	0	8578
FOLD	196	301	301	116034	116034	0	8627
FOLD	197	302	302	116421	116421	0	8671
FOLD	198	303	303	116805	116805	0	8702
FOLD	199	304	304	117192	117192	0	8733
FOLD	200	305	305	117576	117576	0	8761
FOLD	201	306	306	117963	117963	0	8791
FOLD	202	307	307	118347	118347	0	8820
FOLD	203	308	308	118734	118734	0	8851
FOLD	204	309	309	119118	119118	0	8954
FOLD	205	310	310	119505	119505	0	9009
FOLD	206	311	311	119889	119889	0	9065
FOLD	207	312	312	120276	120276	0	9100
FOLD	208	313	313	120660	120660	0	9156
FOLD	209	314	314	121047	121047	0	9202
FOLD	210	315	315	121431	121431	0	9235
FOLD	211	316	316	121818	121818	0	9265
FOLD	212	317	317	122202	122202	0	9299
FOLD	213	318	318	122589	122589	0	9329
FOLD	214	319	319	122973	122973	0	9379
FOLD	215	320	320	123360	123360	0	9426
FOLD	216	321	321	123744	123744	0	9457
FOLD	217	322	322	124131	124131	0	9514
FOLD	218	323	323	124515	124515	0	9551
FOLD	219	324	324	124902	124902	0	9582
FOLD	220	325	325	125286	125286	0	9617
FOLD	221	326	326	125673	125673	0	9663
FOLD	222	327	327	126057	126057	0	9694
FOLD	223	328	328	126444	126444	0	9725
FOLD	224	329	329	126828	126828	0	9759
FOLD	225	330	330	127215	127215	0	9788
FOLD	226	331	331	127599	127599	0	9817
FOLD	227	332	332	127986	127986	0	9848
FOLD	228	333	333	128370	128370	0	9877
FOLD	229	334	334	128757	128757	0	9906
FOLD	230	335	335	129141	129141	0	9935
FOLD	231	336	336	129528	129528	0	9963
FOLD	232	337	337	129912	129912	0	10015
FOLD	233	338	338	130299	130299	0	10060
FOLD	234	339	339	130683	130683	0	10090
FOLD	235	340	340	131070	131070	0	10119
FOLD	236	341	341	131454	131454	0	10149
FOLD	237	342	342	131841	131841	0	10179
FOLD	238	343	343	132225	132225	0	10229
FOLD	239	344	344	132612	132612	0	10275
FOLD	240	345	345	132996	132996	0	10310
FOLD	241	346	346	133383	133383	0	10342
FOLD	242	347	347	133767	133767	0	10374
FOLD	243	348	348	134154	134154	0	10402
FOLD	244	349	349	134538	134538	0	10430
FOLD	245	350	350	134925	134925	0	10477
FOLD	246	351	351	135309	135309	0	10507
FOLD	247	352	352	135696	135696	0	10535
FOLD	248	353	353	136080	136080	0	10569
FOLD	249	354	354	136467	136467	0	10598
FOLD	250	355	355	136851	136851	0	10661
FOLD	251	356	356	137238	137238	0	10704
FOLD	252	357	357	137622	137622	0	10733
FOLD	253	358	358	138009	138009	0	10763
FOLD	256	357	358	137622	138009	0	10902
FOLD	258	359	359	138393	138393	0	10965
FOLD	261	360	360	138777	138777	0	11151
FOLD	266	361	361	139161	139161	0	11586
FOLD	267	362	362	139548	139548	0	11638
FOLD	268	363	363	139932	139932	0	11684
FOLD	269	364	364	140319	140319	0	11715
FOLD	270	365	365	140703	140703	0	11791
FOLD	271	366	366	141090	141090	0	11824
FOLD	272	367	367	141474	141474	0	11853
FOLD	273	368	368	141861	141861	0	11884
FOLD	274	369	369	142245	142245	0	11917
FOLD	275	370	370	142632	142632	0	11949
FOLD	276	371	371	143016	143016	0	11978
FOLD	277	372	372	143403	143403	0	12021
FOLD	278	373	373	143787	143787	0	12057
FOLD	279	374	374	144174	144174	0	12088
FOLD	280	375	375	144558	144558	0	12143
FOLD	281	376	376	144945	144945	0	12173
FOLD	282	377	377	145329	145329	0	12209
FOLD	283	378	378	145716	145716	0	12240
FOLD	284	379	379	146100	146100	0	12269
FOLD	285	380	380	146487	146487	0	12299
FOLD	286	381	381	146871	146871	0	12358
FOLD	287	382	382	147258	147258	0	12390
FOLD	288	383	383	147642	147642	0	12420
FOLD	289	384	384	148029	148029	0	12448
FOLD	290	385	385	148413	148413	0	12482
FOLD	291	386	386	148800	148800	0	12514
FOLD	292	387	387	149184	149184	0	12605
FOLD	293	388	388	149571	149571	0	12651
FOLD	294	389	389	149955	149955	0	12684
FOLD	295	390	390	150342	150342	0	12729
FOLD	296	391	391	150726	150726	0	12779
FOLD	297	392	392	151113	151113	0	12828
FOLD	298	393	393	151497	151497	0	12861
FOLD	299	394	394	151884	151884	0	12894
FOLD	300	395	395	152268	152268	0	12923
FOLD	301	396	396	152655	152655	0	12952
FOLD	302	397	397	153039	153039	0	12982
FOLD	303	398	398	153426	153426	0	13036
FOLD	304	399	399	153810	153810	0	13067
FOLD	305	400	400	154197	154197	0	13100
FOLD	306	401	401	154581	154581	0	13156
FOLD	307	402	402	154968	154968	0	13191
FOLD	308	403	403	155352	155352	0	13220
FOLD	309	404	404	155739	155739	0	13248
FOLD	310	405	405	156123	156123	0	13279
FOLD	311	406	406	156510	156510	0	13309
FOLD	312	407	407	156894	156894	0	13381
FOLD	313	408	408	157281	157281	0	13413
FOLD	314	409	409	157665	157665	0	13458
FOLD	315	410	410	158052	158052	0	13504
FOLD	316	411	411	158436	158436	0	13541
FOLD	317	412	412	158823	158823	0	13572
FOLD	318	413	413	159207	159207	0	13605
FOLD	319	414	414	159594	159594	0	13637
FOLD	320	415	415	159978	159978	0	13678
FOLD	321	416	416	160365	160365	0	13752
FOLD	322	417	417	160749	160749	0	13795
FOLD	323	418	418	161136	161136	0	13851
FOLD	324	419	419	161520	161520	0	13913
FOLD	325	420	420	161907	161907	0	13944
FOLD	326	421	421	162291	162291	0	13973
FOLD	327	422	422	162678	162678	0	14006
FOLD	328	423	423	163062	163062	0	14044
FOLD	329	424	424	163449	163449	0	14074
FOLD	330	425	425	163833	163833	0	14105
FOLD	331	426	426	164220	164220	0	14137
FOLD	332	427	427	164604	164604	0	14167
FOLD	333	428	428	164991	164991	0	14213
FOLD	334	429	429	165375	165375	0	14245
FOLD	335	430	430	165762	165762	0	14278
FOLD	336	431	431	166146	166146	0	14307
FOLD	337	432	432	166533	166533	0	14360
FOLD	338	433	433	166917	166917	0	14392
FOLD	339	434	434	167304	167304	0	14446
FOLD	340	435	435	167688	167688	0	14496
FOLD	341	436	436	168075	168075	0	14543
FOLD	342	437	437	168459	168459	0	14599
FOLD	343	438	438	168846	168846	0	14702
FOLD	344	439	439	169230	169230	0	14783
FOLD	345	440	440	169617	169617	0	14886
FOLD	346	441	441	170001	170001	0	14943
FOLD	347	442	442	170388	170388	0	14975
FOLD	348	443	443	170772	170772	0	15005
FOLD	349	444	444	171159	171159	0	15037
FOLD	350	445	445	171543	171543	0	15066
FOLD	351	446	446	171930	171930	0	15097
FOLD	352	447	447	172314	172314	0	15127
FOLD	353	448	448	172701	172701	0	15179
FOLD	354	449	449	173085	173085	0	15211
FOLD	355	450	450	173472	173472	0	15241
FOLD	356	451	451	173856	173856	0	15277
FOLD	357	452	452	174243	174243	0	15306
FOLD	358	453	453	174627	174627	0	15338
FOLD	359	454	454	175014	175014	0	15417
FOLD	360	455	455	175398	175398	0	15450
FOLD	361	456	456	175785	175785	0	15482
FOLD	362	457	457	176169	176169	0	15512
FOLD	363	458	458	176556	176556	0	15541
FOLD	364	459	459	176940	176940	0	15630
FOLD	365	460	460	177327	177327	0	15664
FOLD	366	461	461	177711	177711	0	15704
FOLD	367	462	462	178098	178098	0	15733
FOLD	368	463	463	178482	178482	0	15762
FOLD	369	464	464	178869	178869	0	15879
FOLD	370	465	465	179253	179253	0	15925
FOLD	371	466	466	179640	179640	0	15956
FOLD	372	467	467	180024	180024	0	15988
FOLD	373	468	468	180411	180411	0	16024
FOLD	374	469	469	180795	180795	0	16075
FOLD	375	470	470	181182	181182	0	16106
FOLD	378	471	471	181569	181569	0	16183
FOLD	387	472	472	181953	181953	0	16845
FOLD	388	473	473	182340	182340	0	16897
FOLD	389	474	474	182724	182724	0	17075
FOLD	390	475	475	183111	183111	0	17158
FOLD	391	476	476	183495	183495	0	17222
FOLD	392	477	477	183882	183882	0	17264
FOLD	393	478	478	184266	184266	0	17309
FOLD	394	479	479	184653	184653	0	17342
FOLD	395	480	480	185037	185037	0	17374
FOLD	396	481	481	185424	185424	0	17415
FOLD	397	482	482	185808	185808	0	17449
FOLD	398	483	483	186195	186195	0	17481
FOLD	399	484	484	186579	186579	0	17526
FOLD	400	485	485	186966	186966	0	17561
FOLD	401	486	486	187350	187350	0	17591
FOLD	402	487	487	187737	187737	0	17629
FOLD	403	488	488	188121	188121	0	17665
FOLD	404	489	489	188508	188508	0	17751
FOLD	405	490	490	188892	188892	0	17794
FOLD	406	491	491	189279	189279	0	17876
FOLD	407	492	492	189663	189663	0	17910
FOLD	408	493	493	190050	190050	0	17952
FOLD	409	494	494	190434	190434	0	17999
FOLD	410	495	495	190821	190821	0	18077
FOLD	411	496	496	191205	191205	0	18115
FOLD	412	497	497	191592	191592	0	18157
FOLD	413	498	498	191976	191976	0	18192
FOLD	414	499	499	192363	192363	0	18230
FOLD	415	500	500	192747	192747	0	18291
FOLD	416	501	501	193134	193134	0	18331
FOLD	417	502	502	193518	193518	0	18378
FOLD	418	503	503	193905	193905	0	18424
FOLD	419	504	504	194289	194289	0	18459
FOLD	420	505	505	194676	194676	0	18535
FOLD	421	506	506	195060	195060	0	18569
FOLD	422	507	507	195447	195447	0	18600
FOLD	423	508	508	195831	195831	0	18646
FOLD	424	509	509	196218	196218	0	18727
FOLD	425	510	510	196602	196602	0	18825
FOLD	426	511	511	196989	196989	0	18904
FOLD	427	512	512	197373	197373	0	18939
FOLD	428	513	513	197760	197760	0	18971
FOLD	429	514	514	198144	198144	0	19012
FOLD	430	515	515	198531	198531	0	19047
FOLD	431	516	516	198915	198915	0	19081
FOLD	432	517	517	199302	199302	0	19130
FOLD	433	518	518	199686	199686	0	19163
FOLD	434	519	519	200073	200073	0	19193
FOLD	435	520	520	200457	200457	0	19229
FOLD	436	521	521	200844	200844	0	19261
FOLD	437	522	522	201228	201228	0	19325
FOLD	438	523	523	201615	201615	0	19389
FOLD	439	524	524	201999	201999	0	19423
FOLD	440	525	525	202386	202386	0	19457
FOLD	441	526	526	202770	202770	0	19498
FOLD	442	527	527	203157	203157	0	19530
FOLD	443	528	528	203541	203541	0	19561
FOLD	444	529	529	203928	203928	0	19630
FOLD	445	530	530	204312	204312	0	19665
FOLD	446	531	531	204699	204699	0	19696
FOLD	447	532	532	205083	205083	0	19786
FOLD	448	533	533	205470	205470	0	19821
FOLD	449	534	534	205854	205854	0	19852
FOLD	450	535	535	206241	206241	0	19976
FOLD	451	536	536	206625	206625	0	20011
FOLD	452	537	537	207012	207012	0	20043
FOLD	453	538	538	207396	207396	0	20106
FOLD	454	539	539	207783	207783	0	20139
FOLD	455	540	540	208167	208167	0	20170
FOLD	456	541	541	208554	208554	0	20212
FOLD	457	542	542	208938	208938	0	20268
FOLD	458	543	543	209325	209325	0	20300
FOLD	459	544	544	209709	209709	0	20334
FOLD	460	545	545	210096	210096	0	20368
FOLD	461	546	546	210480	210480	0	20398
FOLD	462	547	547	210867	210867	0	20465
FOLD	463	548	548	211251	211251	0	20498
FOLD	464	549	549	211638	211638	0	20529
FOLD	465	550	550	212022	212022	0	20635
FOLD	466	551	551	212409	212409	0	20668
FOLD	467	552	552	212793	212793	0	20700
FOLD	468	553	553	213180	213180	0	20785
FOLD	469	554	554	213564	213564	0	20820
FOLD	470	555	555	213951	213951	0	20851
FOLD	471	556	556	214335	214335	0	20890
FOLD	472	557	557	214722	214722	0	20988
FOLD	473	558	558	215106	215106	0	21021
FOLD	474	559	559	215493	215493	0	21054
FOLD	475	560	560	215877	215877	0	21087
FOLD	476	561	561	216264	216264	0	21118
FOLD	477	562	562	216648	216648	0	21162
FOLD	478	563	563	217035	217035	0	21336
FOLD	479	564	564	217419	217419	0	21426
FOLD	480	565	565	217806	217806	0	21462
FOLD	481	566	566	218190	218190	0	21494
FOLD	482	567	567	218577	218577	0	21526
FOLD	483	568	568	218961	218961	0	21560
FOLD	484	569	569	219348	219348	0	21600
FOLD	485	570	570	219732	219732	0	21634
FOLD	486	571	571	220119	220119	0	21667
FOLD	487	572	572	220503	220503	0	21842
FOLD	488	573	573	220890	220890	0	21896
FOLD	489	574	574	221274	221274	0	21928
FOLD	490	575	575	221661	221661	0	21962
FOLD	491	576	576	222045	222045	0	21994
FOLD	492	577	577	222432	222432	0	22034
FOLD	495	578	578	222819	222819	0	22110
FOLD	496	579	579	223203	223203	0	22140
FOLD	497	580	580	223590	223590	0	22170
FOLD	498	581	581	223974	223974	0	22202
FOLD	499	582	582	224361	224361	0	22251
FOLD	508	583	583	224745	224745	0	22931
FOLD	509	584	584	225132	225132	0	22972
FOLD	510	585	585	225516	225516	0	23007
FOLD	511	586	586	225903	225903	0	23039
FOLD	512	587	587	226287	226287	0	23105
FOLD	513	588	588	226674	226674	0	23141
FOLD	514	589	589	227058	227058	0	23175
FOLD	515	590	590	227445	227445	0	23207
FOLD	516	591	591	227829	227829	0	23243
FOLD	517	592	592	228216	228216	0	23278
FOLD	518	593	593	228600	228600	0	23310
FOLD	519	594	594	228987	228987	0	23371
FOLD	520	595	595	229371	229371	0	23407
FOLD	521	596	596	229758	229758	0	23443
FOLD	522	597	597	230142	230142	0	23536
FOLD	523	598	598	230529	230529	0	23600
FOLD	524	599	599	230913	230913	0	23636
FOLD	525	600	600	231300	231300	0	23674
FOLD	526	601	601	231684	231684	0	23705
FOLD	527	602	602	232071	232071	0	23738
FOLD	528	603	603	232455	232455	0	23772
FOLD	529	604	604	232842	232842	0	23806
FOLD	530	605	605	233226	233226	0	23840
FOLD	531	606	606	233613	233613	0	23874
FOLD	532	607	607	233997	233997	0	23955
FOLD	533	608	608	234384	234384	0	23994
FOLD	534	609	609	234768	234768	0	24027
FOLD	535	610	610	235155	235155	0	24069
FOLD	536	611	611	235539	235539	0	24105
FOLD	537	612	612	235926	235926	0	24141
FOLD	538	613	613	236310	236310	0	24321
FOLD	539	614	614	236697	236697	0	24403
FOLD	540	615	615	237081	237081	0	24440
FOLD	541	616	616	237468	237468	0	24476
FOLD	542	617	617	237852	237852	0	24535
FOLD	543	618	618	238239	238239	0	24582
FOLD	544	619	619	238623	238623	0	24618
FOLD	545	620	620	239010	239010	0	24652
FOLD	546	621	621	239394	239394	0	24738
FOLD	547	622	622	239781	239781	0	24823
FOLD	548	623	623	240165	240165	0	24861
FOLD	549	624	624	240552	240552	0	24894
FOLD	550	625	625	240936	240936	0	24981
FOLD	551	626	626	241323	241323	0	25036
FOLD	552	627	627	241707	241707	0	25071
FOLD	553	628	628	242094	242094	0	25152
FOLD	554	629	629	242478	242478	0	25231
FOLD	555	630	630	242865	242865	0	25264
FOLD	556	631	631	243249	243249	0	25297
FOLD	557	632	632	243636	243636	0	25333
FOLD	558	633	633	244020	244020	0	25365
FOLD	559	634	634	244407	244407	0	25398
FOLD	560	635	635	244791	244791	0	25433
FOLD	561	636	636	245178	245178	0	25467
FOLD	562	637	637	245562	245562	0	25532
FOLD	563	638	638	245949	245949	0	25582
FOLD	564	639	639	246333	246333	0	25619
FOLD	565	640	640	246720	246720	0	25653
FOLD	566	641	641	247104	247104	0	25772
FOLD	567	642	642	247491	247491	0	25840
FOLD	568	643	643	247875	247875	0	25877
FOLD	569	644	644	248262	248262	0	25910
FOLD	570	645	645	248646	248646	0	25943
FOLD	571	646	646	249033	249033	0	25975
FOLD	572	647	647	249417	249417	0	26008
FOLD	573	648	648	249804	249804	0	26091
FOLD	574	649	649	250188	250188	0	26127
FOLD	575	650	650	250575	250575	0	26200
FOLD	576	651	651	250959	250959	0	26235
FOLD	577	652	652	251346	251346	0	26268
FOLD	578	653	653	251730	251730	0	26300
FOLD	579	654	654	252117	252117	0	26385
FOLD	580	655	655	252501	252501	0	26441
FOLD	581	656	656	252888	252888	0	26485
FOLD	582	657	657	253272	253272	0	26541
FOLD	583	658	658	253659	253659	0	26611
FOLD	584	659	659	254043	254043	0	26671
FOLD	585	660	660	254430	254430	0	26714
FOLD	586	661	661	254814	254814	0	26752
FOLD	587	662	662	255201	255201	0	26784
FOLD	588	663	663	255585	255585	0	26817
FOLD	589	664	664	255972	255972	0	26974
FOLD	590	665	665	256356	256356	0	27009
FOLD	591	666	666	256743	256743	0	27041
FOLD	592	667	667	257127	257127	0	27097
FOLD	593	668	668	257514	257514	0	27132
FOLD	594	669	669	257898	257898	0	27187
FOLD	595	670	670	258285	258285	0	27267
FOLD	596	671	671	258669	258669	0	27360
FOLD	597	672	672	259056	259056	0	27409
FOLD	598	673	673	259440	259440	0	27474
FOLD	599	674	674	259827	259827	0	27511
FOLD	600	675	675	260211	260211	0	27543
FOLD	601	676	676	260598	260598	0	27575
FOLD	602	677	677	260982	260982	0	27608
FOLD	603	678	678	261369	261369	0	27640
FOLD	604	679	679	261753	261753	0	27673
FOLD	605	680	680	262140	262140	0	27726
FOLD	606	681	681	262524	262524	0	27759
FOLD	607	682	682	262911	262911	0	27794
FOLD	608	683	683	263295	263295	0	27826
FOLD	609	684	684	263682	263682	0	27859
FOLD	610	685	685	264066	264066	0	27898
FOLD	611	686	686	264453	264453	0	27931
FOLD	616	687	687	264837	264837	0	28210
FOLD	617	688	688	265224	265224	0	28242
FOLD	618	689	689	265608	265608	0	28275
FOLD	619	690	690	265995	265995	0	28308
FOLD	628	691	691	266379	266379	0	28578
FOLD	629	692	692	266766	266766	0	28613
FOLD	630	693	693	267150	267150	0	28648
FOLD	631	694	694	267537	267537	0	28747
FOLD	632	695	695	267921	267921	0	28828
FOLD	633	696	696	268308	268308	0	28869
FOLD	634	697	697	268692	268692	0	28929
FOLD	635	698	698	269079	269079	0	28965
FOLD	636	699	699	269463	269463	0	29002
FOLD	637	700	700	269850	269850	0	29038
FOLD	638	701	701	270234	270234	0	29117
FOLD	639	702	702	270621	270621	0	29152
FOLD	640	703	703	271005	271005	0	29190
FOLD	641	704	704	271392	271392	0	29225
FOLD	642	705	705	271776	271776	0	29257
FOLD	643	706	706	272163	272163	0	29292
FOLD	644	707	707	272547	272547	0	29326
FOLD	645	708	708	272934	272934	0	29408
FOLD	646	709	709	273318	273318	0	29446
FOLD	647	710	710	273705	273705	0	29479
FOLD	648	711	711	274089	274089	0	29514
FOLD	649	712	712	274476	274476	0	29551
FOLD	650	713	713	274860	274860	0	29584
FOLD	651	714	714	275247	275247	0	29617
FOLD	652	715	715	275631	275631	0	29655
FOLD	653	716	716	276018	276018	0	29690
FOLD	654	717	717	276402	276402	0	29841
FOLD	655	718	718	276789	276789	0	29939
FOLD	656	719	719	277173	277173	0	29978
FOLD	657	720	720	277560	277560	0	30013
FOLD	658	721	721	277944	277944	0	30046
FOLD	659	722	722	278331	278331	0	30079
FOLD	660	723	723	278715	278715	0	30114
FOLD	661	724	724	279102	279102	0	30150
FOLD	662	725	725	279486	279486	0	30232
FOLD	663	726	726	279873	279873	0	30269
FOLD	664	727	727	280257	280257	0	30304
FOLD	665	728	728	280644	280644	0	30368
FOLD	666	729	729	281028	281028	0	30403
FOLD	667	730	730	281415	281415	0	30436
FOLD	668	731	731	281799	281799	0	30510
FOLD	669	732	732	282186	282186	0	30546
FOLD	670	733	733	282570	282570	0	30636
FOLD	671	734	734	282957	282957	0	30671
FOLD	672	735	735	283341	283341	0	30711
FOLD	673	736	736	283728	283728	0	30747
FOLD	674	737	737	284112	284112	0	30809
FOLD	675	738	738	284499	284499	0	30865
FOLD	676	739	739	284883	284883	0	30902
FOLD	677	740	740	285270	285270	0	30939
FOLD	678	741	741	285654	285654	0	30973
FOLD	679	742	742	286041	286041	0	31006
FOLD	680	743	743	286425	286425	0	31040
FOLD	681	744	744	286812	286812	0	31076
FOLD	682	745	745	287196	287196	0	31176
FOLD	683	746	746	287583	287583	0	31214
FOLD	684	747	747	287967	287967	0	31248
FOLD	685	748	748	288354	288354	0	31286
FOLD	686	749	749	288738	288738	0	31319
FOLD	687	750	750	289125	289125	0	31426
FOLD	688	751	751	289509	289509	0	31509
FOLD	689	752	752	289896	289896	0	31554
FOLD	690	753	753	290280	290280	0	31618
FOLD	691	754	754	290667	290667	0	31676
FOLD	692	755	755	291051	291051	0	31717
FOLD	693	756	756	291438	291438	0	31756
FOLD	694	757	757	291822	291822	0	31822
FOLD	695	758	758	292209	292209	0	31891
FOLD	696	759	759	292593	292593	0	31927
FOLD	697	760	760	292980	292980	0	31964
FOLD	698	761	761	293364	293364	0	32013
FOLD	699	762	762	293751	293751	0	32080
FOLD	700	763	763	294135	294135	0	32192
FOLD	701	764	764	294522	294522	0	32250
FOLD	702	765	765	294906	294906	0	32286
FOLD	703	766	766	295293	295293	0	32324
FOLD	704	767	767	295677	295677	0	32405
FOLD	705	768	768	296064	296064	0	32442
FOLD	706	769	769	296448	296448	0	32475
FOLD	707	770	770	296835	296835	0	32511
FOLD	708	771	771	297219	297219	0	32545
FOLD	709	772	772	297606	297606	0	32578
FOLD	710	773	773	297990	297990	0	32612
FOLD	711	774	774	298377	298377	0	32693
FOLD	712	775	775	298761	298761	0	32729
FOLD	713	776	776	299148	299148	0	32763
FOLD	714	777	777	299532	299532	0	32850
FOLD	715	778	778	299919	299919	0	32906
FOLD	716	779	779	300303	300303	0	32941
FOLD	717	780	780	300690	300690	0	32999
FOLD	718	781	781	301074	301074	0	33058
FOLD	719	782	782	301461	301461	0	33093
FOLD	720	783	783	301845	301845	0	33147
FOLD	721	784	784	302232	302232	0	33187
FOLD	722	785	785	302616	302616	0	33222
FOLD	723	786	786	303003	303003	0	33263
FOLD	724	787	787	303387	303387	0	33298
FOLD	725	788	788	303774	303774	0	33334
FOLD	726	789	789	304158	304158	0	33368
FOLD	727	790	790	304545	304545	0	33402
FOLD	736	791	791	304929	304929	0	34262
FOLD	737	792	792	305316	305316	0	34350
FOLD	738	793	793	305700	305700	0	34443
FOLD	739	794	794	306087	306087	0	34528
FOLD	748	795	795	306471	306471	0	35335
FOLD	749	796	796	306858	306858	0	35432
FOLD	750	797	797	307242	307242	0	35514
FOLD	751	798	798	307629	307629	0	35617
FOLD	752	799	799	308013	308013	0	35779
FOLD	753	800	800	308400	308400	0	35852
FOLD	754	801	801	308784	308784	0	35972
FOLD	755	802	802	309171	309171	0	36043
FOLD	756	803	803	309555	309555	0	36225
FOLD	757	804	804	309942	309942	0	36303
FOLD	758	805	805	310326	310326	0	36383
FOLD	759	806	806	310713	310713	0	36455
FOLD	760	807	807	311097	311097	0	36535
FOLD	761	808	808	311484	311484	0	36639
FOLD	762	809	809	311868	311868	0	36726
FOLD	763	810	810	312255	312255	0	36834
FOLD	764	811	811	312639	312639	0	36916
FOLD	765	812	812	313026	313026	0	36989
FOLD	766	813	813	313410	313410	0	37082
FOLD	767	814	814	313797	313797	0	37191
FOLD	768	815	815	314181	314181	0	37310
FOLD	769	816	816	314568	314568	0	37368
FOLD	770	817	817	314952	314952	0	37500
FOLD	771	818	818	315339	315339	0	37596
FOLD	772	819	819	315723	315723	0	37639
FOLD	773	820	820	316110	316110	0	37680
FOLD	774	821	821	316494	316494	0	37719
FOLD	775	822	822	316881	316881	0	37758
FOLD	776	823	823	317265	317265	0	37798
FOLD	777	824	824	317652	317652	0	37840
FOLD	778	825	825	318036	318036	0	37880
FOLD	779	826	826	318423	318423	0	37916
FOLD	780	827	827	318807	318807	0	37954
FOLD	781	828	828	319194	319194	0	37993
FOLD	782	829	829	319578	319578	0	38030
FOLD	783	830	830	319965	319965	0	38124
FOLD	784	831	831	320349	320349	0	38167
FOLD	785	832	832	320736	320736	0	38205
FOLD	786	833	833	321120	321120	0	38284
FOLD	787	834	834	321507	321507	0	38338
FOLD	788	835	835	321891	321891	0	38379
FOLD	789	836	836	322278	322278	0	38536
FOLD	790	837	837	322662	322662	0	38578
FOLD	791	838	838	323049	323049	0	38640
FOLD	792	839	839	323433	323433	0	38696
FOLD	793	840	840	323820	323820	0	38740
FOLD	794	841	841	324204	324204	0	38786
FOLD	795	842	842	324591	324591	0	38833
FOLD	796	843	843	324975	324975	0	38873
FOLD	797	844	844	325362	325362	0	38914
FOLD	798	845	845	325746	325746	0	39025
FOLD	799	846	846	326133	326133	0	39084
FOLD	800	847	847	326517	326517	0	39127
FOLD	801	848	848	326904	326904	0	39166
FOLD	802	849	849	327288	327288	0	39229
FOLD	803	850	850	327675	327675	0	39271
FOLD	804	851	851	328059	328059	0	39310
FOLD	805	852	852	328446	328446	0	39351
FOLD	806	853	853	328830	328830	0	39388
FOLD	807	854	854	329217	329217	0	39426
FOLD	808	855	855	329601	329601	0	39464
FOLD	809	856	856	329988	329988	0	39587
FOLD	810	857	857	330372	330372	0	39929
FOLD	811	858	858	330759	330759	0	40273
FOLD	812	859	859	331143	331143	0	40347
FOLD	813	860	860	331530	331530	0	40387
FOLD	814	861	861	331914	331914	0	40438
FOLD	815	862	862	332301	332301	0	40526
FOLD	816	863	863	332685	332685	0	40570
FOLD	817	864	864	333072	333072	0	40611
FOLD	818	865	865	333456	333456	0	40648
FOLD	819	866	866	333843	333843	0	40685
FOLD	820	867	867	334227	334227	0	40783
FOLD	821	868	868	334614	334614	0	40846
FOLD	822	869	869	334998	334998	0	40886
FOLD	823	870	870	335385	335385	0	40926
FOLD	824	871	871	335769	335769	0	40991
FOLD	825	872	872	336156	336156	0	41037
FOLD	826	873	873	336540	336540	0	41081
FOLD	827	874	874	336927	336927	0	41161
FOLD	828	875	875	337311	337311	0	41202
FOLD	829	876	876	337698	337698	0	41239
FOLD	830	877	877	338082	338082	0	41280
FOLD	831	878	878	338469	338469	0	41359
FOLD	832	879	879	338853	338853	0	41419
FOLD	833	880	880	339240	339240	0	41480
FOLD	834	881	881	339624	339624	0	41526
FOLD	835	882	882	340011	340011	0	41570
FOLD	836	883	883	340395	340395	0	41694
FOLD	837	884	884	340782	340782	0	41754
FOLD	838	885	885	341166	341166	0	41802
FOLD	839	886	886	341553	341553	0	41845
FOLD	840	887	887	341937	341937	0	41889
FOLD	841	888	888	342324	342324	0	41961
FOLD	842	889	889	342708	342708	0	42002
FOLD	843	890	890	343095	343095	0	42050
FOLD	844	891	891	343479	343479	0	42100
FOLD	845	892	892	343866	343866	0	42141
FOLD	854	893	893	344250	344250	0	42604
FOLD	855	894	894	344637	344637	0	42877
FOLD	856	895	895	345021	345021	0	42924
FOLD	857	896	896	345408	345408	0	42969
FOLD	866	897	897	345792	345792	0	43301
FOLD	867	898	898	346179	346179	0	43347
FOLD	868	899	899	346563	346563	0	43450
FOLD	869	900	900	346950	346950	0	43515
FOLD	870	901	901	347334	347334	0	43603
FOLD	871	902	902	347721	347721	0	43656
FOLD	872	903	903	348105	348105	0	43724
FOLD	873	904	904	348492	348492	0	43778
FOLD	874	905	905	348876	348876	0	43824
FOLD	875	906	906	349263	349263	0	43866
FOLD	876	907	907	349647	349647	0	43947
FOLD	877	908	908	350034	350034	0	43991
FOLD	878	909	909	350418	350418	0	44033
FOLD	879	910	910	350805	350805	0	44075
FOLD	880	911	911	351189	351189	0	44114
FOLD	881	912	912	351576	351576	0	44201
FOLD	882	913	913	351960	351960	0	44254
FOLD	883	914	914	352347	352347	0	44304
FOLD	884	915	915	352731	352731	0	44458
FOLD	885	916	916	353118	353118	0	44530
FOLD	886	917	917	353502	353502	0	44575
FOLD	887	918	918	353889	353889	0	44618
FOLD	888	919	919	354273	354273	0	44659
FOLD	889	920	920	354660	354660	0	44698
FOLD	890	921	921	355044	355044	0	44744
FOLD	891	922	922	355431	355431	0	44849
FOLD	892	923	923	355815	355815	0	45207
FOLD	893	924	924	356202	356202	0	45563
FOLD	894	925	925	356586	356586	0	45648
FOLD	895	926	926	356973	356973	0	45693
FOLD	896	927	927	357357	357357	0	45751
FOLD	897	928	928	357744	357744	0	45833
FOLD	898	929	929	358128	358128	0	45880
FOLD	899	930	930	358515	358515	0	45942
FOLD	900	931	931	358899	358899	0	45985
FOLD	901	932	932	359286	359286	0	46024
FOLD	902	933	933	359670	359670	0	46067
FOLD	903	934	934	360057	360057	0	46109
FOLD	904	935	935	360441	360441	0	46158
FOLD	905	936	936	360828	360828	0	46201
FOLD	906	937	937	361212	361212	0	46251
FOLD	907	938	938	361599	361599	0	46298
FOLD	908	939	939	361983	361983	0	46400
FOLD	909	940	940	362370	362370	0	46488
FOLD	910	941	941	362754	362754	0	46532
FOLD	911	942	942	363141	363141	0	46579
FOLD	912	943	943	363525	363525	0	46688
FOLD	913	944	944	363912	363912	0	46735
FOLD	914	945	945	364296	364296	0	46816
FOLD	915	946	946	364683	364683	0	46859
FOLD	916	947	947	365067	365067	0	46901
FOLD	917	948	948	365454	365454	0	46942
FOLD	918	949	949	365838	365838	0	46995
FOLD	919	950	950	366225	366225	0	47043
FOLD	920	951	951	366609	366609	0	47107
FOLD	921	952	952	366996	366996	0	47163
FOLD	922	953	953	367380	367380	0	47205
FOLD	923	954	954	367767	367767	0	47249
FOLD	924	955	955	368151	368151	0	47351
FOLD	925	956	956	368538	368538	0	47464
FOLD	926	957	957	368922	368922	0	47507
FOLD	927	958	958	369309	369309	0	47547
FOLD	928	959	959	369693	369693	0	47601
FOLD	929	960	960	370080	370080	0	47668
FOLD	930	961	961	370464	370464	0	47720
FOLD	931	962	962	370851	370851	0	47765
FOLD	932	963	963	371235	371235	0	47810
FOLD	933	964	964	371622	371622	0	47853
FOLD	934	965	965	372006	372006	0	47974
FOLD	935	966	966	372393	372393	0	48020
FOLD	936	967	967	372777	372777	0	48060
FOLD	937	968	968	373164	373164	0	48102
FOLD	938	969	969	373548	373548	0	48143
FOLD	939	970	970	373935	373935	0	48197
FOLD	940	971	971	374319	374319	0	48240
FOLD	941	972	972	374706	374706	0	48316
FOLD	942	973	973	375090	375090	0	48360
FOLD	943	974	974	375477	375477	0	48399
FOLD	944	975	975	375861	375861	0	48441
FOLD	945	976	976	376248	376248	0	48485
FOLD	946	977	977	376632	376632	0	48553
FOLD	947	978	978	377019	377019	0	48638
FOLD	948	979	979	377403	377403	0	48680
FOLD	949	980	980	377790	377790	0	48720
FOLD	950	981	981	378174	378174	0	48761
FOLD	951	982	982	378561	378561	0	48801
FOLD	952	983	983	378945	378945	0	48840
FOLD	953	984	984	379332	379332	0	48885
FOLD	954	985	985	379716	379716	0	48925
FOLD	955	986	986	380103	380103	0	48966
FOLD	956	987	987	380487	380487	0	49004
FOLD	957	988	988	380874	380874	0	49137
FOLD	958	989	989	381258	381258	0	49221
FOLD	959	990	990	381645	381645	0	49283
FOLD	960	991	991	382029	382029	0	49343
FOLD	961	992	992	382416	382416	0	49393
FOLD	962	993	993	382800	382800	0	49459
FOLD	963	994	994	383187	383187	0	49500
FOLD	972	995	995	383571	383571	0	50138
FOLD	973	996	996	383958	383958	0	50221
FOLD	974	997	997	384342	384342	0	50312
FOLD	975	998	998	384729	384729	0	50399
FOLD	984	999	999	385113	385113	0	51370
FOLD	985	1000	1000	385500	385500	0	51496
FOLD	986	1001	1001	385884	385884	0	51583
FOLD	987	1002	1002	386271	386271	0	51659
FOLD	988	1003	1003	386655	386655	0	51828
FOLD	989	1004	1004	387042	387042	0	51933
FOLD	990	1005	1005	387426	387426	0	52025
FOLD	991	1006	1006	387813	387813	0	52105
FOLD	992	1007	1007	388197	388197	0	52191
FOLD	993	1008	1008	388584	388584	0	52323
FOLD	994	1009	1009	388968	388968	0	52720
FOLD	995	1010	1010	389355	389355	0	53116
FOLD	996	1011	1011	389739	389739	0	53236
FOLD	997	1012	1012	390126	390126	0	53317
FOLD	998	1013	1013	390510	390510	0	53544
FOLD	999	1014	1014	390897	390897	0	53647
FOLD	1000	1015	1015	391281	391281	0	53737
FOLD	1001	1016	1016	391668	391668	0	53814
FOLD	1002	1017	1017	392052	392052	0	53938
FOLD	1003	1018	1018	392439	392439	0	54025
FOLD	1004	1019	1019	392823	392823	0	54110
FOLD	1005	1020	1020	393210	393210	0	54190
FOLD	1006	1021	1021	393594	393594	0	54326
FOLD	1007	1022	1022	393981	393981	0	54409
FOLD	1008	1023	1023	394365	394365	0	54452
FOLD	1009	1024	1024	394752	394752	0	54519
FOLD	1010	1025	1025	395136	395136	0	54561
FOLD	1011	1026	1026	395523	395523	0	54697
FOLD	1012	1027	1027	395907	395907	0	54756
FOLD	1013	1028	1028	396294	396294	0	54800
FOLD	1014	1029	1029	396678	396678	0	54842
FOLD	1015	1030	1030	397065	397065	0	54917
FOLD	1016	1031	1031	397449	397449	0	55006
FOLD	1017	1032	1032	397836	397836	0	55051
FOLD	1018	1033	1033	398220	398220	0	55116
FOLD	1019	1034	1034	398607	398607	0	55159
FOLD	1020	1035	1035	398991	398991	0	55201
FOLD	1021	1036	1036	399378	399378	0	55246
FOLD	1022	1037	1037	399762	399762	0	55288
FOLD	1023	1038	1038	400149	400149	0	55328
FOLD	1024	1039	1039	400533	400533	0	55369
FOLD	1025	1040	1040	400920	400920	0	55414
FOLD	1026	1041	1041	401304	401304	0	55498
FOLD	1027	1042	1042	401691	401691	0	55540
FOLD	1028	1043	1043	402075	402075	0	55581
FOLD	1029	1044	1044	402462	402462	0	55623
FOLD	1030	1045	1045	402846	402846	0	55720
FOLD	1031	1046	1046	403233	403233	0	55792
FOLD	1032	1047	1047	403617	403617	0	55858
FOLD	1033	1048	1048	404004	404004	0	55901
FOLD	1034	1049	1049	404388	404388	0	55942
FOLD	1035	1050	1050	404775	404775	0	55983
FOLD	1036	1051	1051	405159	405159	0	56075
FOLD	1037	1052	1052	405546	405546	0	56289
FOLD	1038	1053	1053	405930	405930	0	56377
FOLD	1039	1054	1054	406317	406317	0	56451
FOLD	1040	1055	1055	406701	406701	0	56524
FOLD	1041	1056	1056	407088	407088	0	56570
FOLD	1042	1057	1057	407472	407472	0	56624
FOLD	1043	1058	1058	407859	407859	0	56702
FOLD	1044	1059	1059	408243	408243	0	56751
FOLD	1045	1060	1060	408630	408630	0	56792
FOLD	1046	1061	1061	409014	409014	0	56832
FOLD	1047	1062	1062	409401	409401	0	56873
FOLD	1048	1063	1063	409785	409785	0	56962
FOLD	1049	1064	1064	410172	410172	0	57004
FOLD	1050	1065	1065	410556	410556	0	57045
FOLD	1051	1066	1066	410943	410943	0	57087
FOLD	1052	1067	1067	411327	411327	0	57176
FOLD	1053	1068	1068	411714	411714	0	57265
FOLD	1054	1069	1069	412098	412098	0	57336
FOLD	1055	1070	1070	412485	412485	0	57420
FOLD	1056	1071	1071	412869	412869	0	57463
FOLD	1057	1072	1072	413256	413256	0	57511
FOLD	1058	1073	1073	413640	413640	0	57562
FOLD	1059	1074	1074	414027	414027	0	57604
FOLD	1060	1075	1075	414411	414411	0	57644
FOLD	1061	1076	1076	414798	414798	0	57715
FOLD	1062	1077	1077	415182	415182	0	57758
FOLD	1063	1078	1078	415569	415569	0	57884
FOLD	1064	1079	1079	415953	415953	0	57942
FOLD	1065	1080	1080	416340	416340	0	57985
FOLD	1066	1081	1081	416724	416724	0	58028
FOLD	1067	1082	1082	417111	417111	0	58069
FOLD	1068	1083	1083	417495	417495	0	58115
FOLD	1069	1084	1084	417882	417882	0	58157
FOLD	1070	1085	1085	418266	418266	0	58199
FOLD	1071	1086	1086	418653	418653	0	58251
FOLD	1072	1087	1087	419037	419037	0	58326
FOLD	1073	1088	1088	419424	419424	0	58370
FOLD	1074	1089	1089	419808	419808	0	58416
FOLD	1075	1090	1090	420195	420195	0	58464
FOLD	1076	1091	1091	420579	420579	0	58661
FOLD	1077	1092	1092	420966	420966	0	58710
FOLD	1078	1093	1093	421350	421350	0	58757
FOLD	1079	1094	1094	421737	421737	0	58789
FOLD	1080	1095	1095	422121	422121	0	58834
FOLD	1081	1096	1096	422508	422508	0	58876
FOLD	1090	1097	1097	422892	422892	0	59254
FOLD	1091	1098	1098	423279	423279	0	59307
FOLD	1092	1099	1099	423663	423663	0	59368
FOLD	1093	1100	1100	424050	424050	0	59412
FOLD	1102	1101	1101	424434	424434	0	59819
FOLD	1103	1102	1102	424821	424821	0	59865
FOLD	1104	1103	1103	425205	425205	0	59909
FOLD	1105	1104	1104	425592	425592	0	59952
FOLD	1106	1105	1105	425976	425976	0	60036
FOLD	1107	1106	1106	426363	426363	0	60080
FOLD	1108	1107	1107	426747	426747	0	60123
FOLD	1109	1108	1108	427134	427134	0	60228
FOLD	1110	1109	1109	427518	427518	0	60276
FOLD	1111	1110	1110	427905	427905	0	60343
FOLD	1112	1111	1111	428289	428289	0	60515
FOLD	1113	1112	1112	428676	428676	0	60600
FOLD	1114	1113	1113	429060	429060	0	60663
FOLD	1115	1114	1114	429447	429447	0	60709
FOLD	1116	1115	1115	429831	429831	0	60751
FOLD	1117	1116	1116	430218	430218	0	60793
FOLD	1118	1117	1117	430602	430602	0	60837
FOLD	1119	1118	1118	430989	430989	0	60987
FOLD	1120	1119	1119	431373	431373	0	61034
FOLD	1121	1120	1120	431760	431760	0	61075
FOLD	1122	1121	1121	432144	432144	0	61118
FOLD	1123	1122	1122	432531	432531	0	61165
FOLD	1124	1123	1123	432915	432915	0	61231
FOLD	1125	1124	1124	433302	433302	0	61322
FOLD	1126	1125	1125	433686	433686	0	61369
FOLD	1127	1126	1126	434073	434073	0	61412
FOLD	1128	1127	1127	434457	434457	0	61481
FOLD	1129	1128	1128	434844	434844	0	61525
FOLD	1130	1129	1129	435228	435228	0	61571
FOLD	1131	1130	1130	435615	435615	0	61614
FOLD	1132	1131	1131	435999	435999	0	61658
FOLD	1133	1132	1132	436386	436386	0	61700
FOLD	1134	1133	1133	436770	436770	0	61744
FOLD	1135	1134	1134	437157	437157	0	61789
FOLD	1136	1135	1135	437541	437541	0	61831
FOLD	1137	1136	1136	437928	437928	0	61897
FOLD	1138	1137	1137	438312	438312	0	61941
FOLD	1139	1138	1138	438699	438699	0	62046
FOLD	1140	1139	1139	439083	439083	0	62442
FOLD	1141	1140	1140	439470	439470	0	62813
FOLD	1142	1141	1141	439854	439854	0	62899
FOLD	1143	1142	1142	440241	440241	0	62945
FOLD	1144	1143	1143	440625	440625	0	62987
FOLD	1145	1144	1144	441012	441012	0	63032
FOLD	1146	1145	1145	441396	441396	0	63078
FOLD	1147	1146	1146	441783	441783	0	63121
FOLD	1148	1147	1147	442167	442167	0	63164
FOLD	1149	1148	1148	442554	442554	0	63207
FOLD	1150	1149	1149	442938	442938	0	63250
FOLD	1151	1150	1150	443325	443325	0	63296
FOLD	1152	1151	1151	443709	443709	0	63361
FOLD	1153	1152	1152	444096	444096	0	63431
FOLD	1154	1153	1153	444480	444480	0	63475
FOLD	1155	1154	1154	444867	444867	0	63562
FOLD	1156	1155	1155	445251	445251	0	63617
FOLD	1157	1156	1156	445638	445638	0	63686
FOLD	1158	1157	1157	446022	446022	0	63768
FOLD	1159	1158	1158	446409	446409	0	63815
FOLD	1160	1159	1159	446793	446793	0	63858
FOLD	1161	1160	1160	447180	447180	0	63900
FOLD	1162	1161	1161	447564	447564	0	63981
FOLD	1163	1162	1162	447951	447951	0	64025
FOLD	1164	1163	1163	448335	448335	0	64084
FOLD	1165	1164	1164	448722	448722	0	64134
FOLD	1166	1165	1165	449106	449106	0	64177
FOLD	1167	1166	1166	449493	449493	0	64220
FOLD	1168	1167	1167	449877	449877	0	64343
FOLD	1169	1168	1168	450264	450264	0	64436
FOLD	1170	1169	1169	450648	450648	0	64481
FOLD	1171	1170	1170	451035	451035	0	64524
FOLD	1172	1171	1171	451419	451419	0	64568
FOLD	1173	1172	1172	451806	451806	0	64611
FOLD	1174	1173	1173	452190	452190	0	64658
FOLD	1175	1174	1174	452577	452577	0	64723
FOLD	1176	1175	1175	452961	452961	0	64770
FOLD	1177	1176	1176	453348	453348	0	64814
FOLD	1178	1177	1177	453732	453732	0	64857
FOLD	1179	1178	1178	454119	454119	0	64906
FOLD	1180	1179	1179	454503	454503	0	64950
FOLD	1181	1180	1180	454890	454890	0	64994
FOLD	1182	1181	1181	455274	455274	0	65037
FOLD	1183	1182	1182	455661	455661	0	65080
FOLD	1184	1183	1183	456045	456045	0	65128
FOLD	1185	1184	1184	456432	456432	0	65172
FOLD	1186	1185	1185	456816	456816	0	65215
FOLD	1187	1186	1186	457203	457203	0	65260
FOLD	1192	1187	1187	457587	457587	0	65556
FOLD	1193	1188	1188	457974	457974	0	65636
FOLD	1194	1189	1189	458358	458358	0	65735
FOLD	1195	1190	1190	458745	458745	0	65824
FOLD	1196	1191	1191	459129	459129	0	65904
FOLD	1197	1192	1192	459516	459516	0	66096
FOLD	1198	1193	1193	459900	459900	0	66216
FOLD	1199	1194	1194	460287	460287	0	66316
FOLD	1208	1195	1195	460671	460671	0	67383
FOLD	1209	1196	1196	461058	461058	0	67483
FOLD	1210	1197	1197	461442	461442	0	67623
FOLD	1211	1198	1198	461829	461829	0	67713
FOLD	1220	1199	1199	462213	462213	0	68559
FOLD	1221	1200	1200	462600	462600	0	68651
FOLD	1222	1201	1201	462984	462984	0	68758
FOLD	1223	1202	1202	463371	463371	0	68877
FOLD	1224	1203	1203	463755	463755	0	69056
FOLD	1225	1204	1204	464142	464142	0	69153
FOLD	1226	1205	1205	464526	464526	0	69342
FOLD	1227	1206	1206	464913	464913	0	69432
FOLD	1228	1207	1207	465297	465297	0	69481
FOLD	1229	1208	1208	465684	465684	0	69529
FOLD	1230	1209	1209	466068	466068	0	69574
FOLD	1231	1210	1210	466455	466455	0	69622
FOLD	1232	1211	1211	466839	466839	0	69669
FOLD	1233	1212	1212	467226	467226	0	69718
FOLD	1234	1213	1213	467610	467610	0	69853
FOLD	1235	1214	1214	467997	467997	0	69917
FOLD	1236	1215	1215	468381	468381	0	69969
FOLD	1237	1216	1216	468768	468768	0	70020
FOLD	1238	1217	1217	469152	469152	0	70064
FOLD	1239	1218	1218	469539	469539	0	70147
FOLD	1240	1219	1219	469923	469923	0	70197
FOLD	1241	1220	1220	470310	470310	0	70244
FOLD	1242	1221	1221	470694	470694	0	70289
FOLD	1243	1222	1222	471081	471081	0	70334
FOLD	1244	1223	1223	471465	471465	0	70379
FOLD	1245	1224	1224	471852	471852	0	70427
FOLD	1246	1225	1225	472236	472236	0	70497
FOLD	1247	1226	1226	472623	472623	0	70561
FOLD	1248	1227	1227	473007	473007	0	70609
FOLD	1249	1228	1228	473394	473394	0	70761
FOLD	1250	1229	1229	473778	473778	0	71144
FOLD	1251	1230	1230	474165	474165	0	71486
FOLD	1252	1231	1231	474549	474549	0	71574
FOLD	1253	1232	1232	474936	474936	0	71629
FOLD	1254	1233	1233	475320	475320	0	71711
FOLD	1255	1234	1234	475707	475707	0	71759
FOLD	1256	1235	1235	476091	476091	0	71808
FOLD	1257	1236	1236	476478	476478	0	71853
FOLD	1258	1237	1237	476862	476862	0	71897
FOLD	1259	1238	1238	477249	477249	0	71966
FOLD	1260	1239	1239	477633	477633	0	72013
FOLD	1261	1240	1240	478020	478020	0	72063
FOLD	1262	1241	1241	478404	478404	0	72126
FOLD	1263	1242	1242	478791	478791	0	72173
FOLD	1264	1243	1243	479175	479175	0	72223
FOLD	1265	1244	1244	479562	479562	0	72273
FOLD	1266	1245	1245	479946	479946	0	72342
FOLD	1267	1246	1246	480333	480333	0	72415
FOLD	1268	1247	1247	480717	480717	0	72461
FOLD	1269	1248	1248	481104	481104	0	72507
FOLD	1270	1249	1249	481488	481488	0	72563
FOLD	1271	1250	1250	481875	481875	0	72639
FOLD	1272	1251	1251	482259	482259	0	72695
FOLD	1273	1252	1252	482646	482646	0	72816
FOLD	1274	1253	1253	483030	483030	0	72863
FOLD	1275	1254	1254	483417	483417	0	72908
FOLD	1276	1255	1255	483801	483801	0	73005
FOLD	1277	1256	1256	484188	484188	0	73072
FOLD	1278	1257	1257	484572	484572	0	73139
FOLD	1279	1258	1258	484959	484959	0	73198
FOLD	1280	1259	1259	485343	485343	0	73245
FOLD	1281	1260	1260	485730	485730	0	73290
FOLD	1282	1261	1261	486114	486114	0	73334
FOLD	1283	1262	1262	486501	486501	0	73435
FOLD	1284	1263	1263	486885	486885	0	73497
FOLD	1285	1264	1264	487272	487272	0	73544
FOLD	1286	1265	1265	487656	487656	0	73591
FOLD	1287	1266	1266	488043	488043	0	73636
FOLD	1288	1267	1267	488427	488427	0	73680
FOLD	1289	1268	1268	488814	488814	0	73747
FOLD	1290	1269	1269	489198	489198	0	73820
FOLD	1291	1270	1270	489585	489585	0	73868
FOLD	1292	1271	1271	489969	489969	0	73921
FOLD	1293	1272	1272	490356	490356	0	73970
FOLD	1294	1273	1273	490740	490740	0	74017
FOLD	1295	1274	1274	491127	491127	0	74069
FOLD	1296	1275	1275	491511	491511	0	74115
FOLD	1297	1276	1276	491898	491898	0	74163
FOLD	1298	1277	1277	492282	492282	0	74215
FOLD	1299	1278	1278	492669	492669	0	74266
FOLD	1300	1279	1279	493053	493053	0	74456
FOLD	1301	1280	1280	493440	493440	0	74509
FOLD	1310	1281	1281	493824	493824	0	75120
FOLD	1311	1282	1282	494211	494211	0	75163
FOLD	1312	1283	1283	494595	494595	0	75212
FOLD	1313	1284	1284	494982	494982	0	75259
FOLD	1314	1285	1285	495366	495366	0	75295
FOLD	1315	1286	1286	495753	495753	0	75334
FOLD	1316	1287	1287	496137	496137	0	75382
FOLD	1317	1288	1288	496524	496524	0	75431
FOLD	1326	1289	1289	496908	496908	0	75820
FOLD	1327	1290	1290	497295	497295	0	75866
FOLD	1328	1291	1291	497679	497679	0	75940
FOLD	1329	1292	1292	498066	498066	0	76000
FOLD	1338	1293	1293	498450	498450	0	76462
FOLD	1339	1294	1294	498837	498837	0	76513
FOLD	1340	1295	1295	499221	499221	0	76655
FOLD	1341	1296	1296	499608	499608	0	76732
FOLD	1342	1297	1297	499992	499992	0	76828
FOLD	1343	1298	1298	500379	500379	0	76877
FOLD	1344	1299	1299	500763	500763	0	76945
FOLD	1345	1300	1300	501150	501150	0	77002
FOLD	1346	1301	1301	501534	501534	0	77061
FOLD	1347	1302	1302	501921	501921	0	77118
FOLD	1348	1303	1303	502305	502305	0	77173
FOLD	1349	1304	1304	502692	502692	0	77230
FOLD	1350	1305	1305	503076	503076	0	77289
FOLD	1351	1306	1306	503463	503463	0	77340
FOLD	1352	1307	1307	503847	503847	0	77387
FOLD	1353	1308	1308	504234	504234	0	77478
FOLD	1354	1309	1309	504618	504618	0	77532
FOLD	1355	1310	1310	505005	505005	0	77581
FOLD	1356	1311	1311	505389	505389	0	77677
FOLD	1357	1312	1312	505776	505776	0	77750
FOLD	1358	1313	1313	506160	506160	0	77804
FOLD	1359	1314	1314	506547	506547	0	77853
FOLD	1360	1315	1315	506931	506931	0	77903
FOLD	1361	1316	1316	507318	507318	0	77950
FOLD	1362	1317	1317	507702	507702	0	77998
FOLD	1363	1318	1318	508089	508089	0	78066
FOLD	1364	1319	1319	508473	508473	0	78123
FOLD	1365	1320	1320	508860	508860	0	78178
FOLD	1366	1321	1321	509244	509244	0	78234
FOLD	1367	1322	1322	509631	509631	0	78289
FOLD	1368	1323	1323	510015	510015	0	78401
FOLD	1369	1324	1324	510402	510402	0	78463
FOLD	1370	1325	1325	510786	510786	0	78637
FOLD	1371	1326	1326	511173	511173	0	78693
FOLD	1372	1327	1327	511557	511557	0	78779
FOLD	1373	1328	1328	511944	511944	0	78848
FOLD	1374	1329	1329	512328	512328	0	78903
FOLD	1375	1330	1330	512715	512715	0	78952
FOLD	1376	1331	1331	513099	513099	0	79000
FOLD	1377	1332	1332	513486	513486	0	79047
FOLD	1378	1333	1333	513870	513870	0	79095
FOLD	1379	1334	1334	514257	514257	0	79145
FOLD	1380	1335	1335	514641	514641	0	79220
FOLD	1381	1336	1336	515028	515028	0	79297
FOLD	1382	1337	1337	515412	515412	0	79352
FOLD	1383	1338	1338	515799	515799	0	79408
FOLD	1384	1339	1339	516183	516183	0	79469
FOLD	1385	1340	1340	516570	516570	0	79543
FOLD	1386	1341	1341	516954	516954	0	79596
FOLD	1387	1342	1342	517341	517341	0	79647
FOLD	1388	1343	1343	517725	517725	0	79694
FOLD	1389	1344	1344	518112	518112	0	79741
FOLD	1390	1345	1345	518496	518496	0	79827
FOLD	1391	1346	1346	518883	518883	0	79899
FOLD	1392	1347	1347	519267	519267	0	79947
FOLD	1393	1348	1348	519654	519654	0	79998
FOLD	1394	1349	1349	520038	520038	0	80057
FOLD	1395	1350	1350	520425	520425	0	80131
FOLD	1396	1351	1351	520809	520809	0	80183
FOLD	1397	1352	1352	521196	521196	0	80279
FOLD	1398	1353	1353	521580	521580	0	80351
FOLD	1399	1354	1354	521967	521967	0	80412
FOLD	1400	1355	1355	522351	522351	0	80487
FOLD	1401	1356	1356	522738	522738	0	80537
FOLD	1402	1357	1357	523122	523122	0	80585
FOLD	1403	1358	1358	523509	523509	0	80656
FOLD	1404	1359	1359	523893	523893	0	80714
FOLD	1405	1360	1360	524280	524280	0	80779
FOLD	1406	1361	1361	524664	524664	0	80887
FOLD	1407	1362	1362	525051	525051	0	80944
FOLD	1408	1363	1363	525435	525435	0	80993
FOLD	1409	1364	1364	525822	525822	0	81050
FOLD	1410	1365	1365	526206	526206	0	81106
FOLD	1411	1366	1366	526593	526593	0	81180
FOLD	1412	1367	1367	526977	526977	0	81229
FOLD	1413	1368	1368	527364	527364	0	81279
FOLD	1414	1369	1369	527748	527748	0	81331
FOLD	1415	1370	1370	528135	528135	0	81404
FOLD	1416	1371	1371	528519	528519	0	81437
FOLD	1417	1372	1372	528906	528906	0	81527
FOLD	1418	1373	1373	529290	529290	0	82012
FOLD	1419	1374	1374	529677	529677	0	82547
FOLD	1428	1375	1375	530061	530061	0	83247
FOLD	1429	1376	1376	530448	530448	0	83297
FOLD	1430	1377	1377	530832	530832	0	83350
FOLD	1431	1378	1378	531219	531219	0	83400
FOLD	1432	1379	1379	531603	531603	0	83441
FOLD	1433	1380	1380	531990	531990	0	83544
FOLD	1434	1381	1381	532374	532374	0	83891
FOLD	1435	1382	1382	532761	532761	0	84235
FOLD	1444	1383	1383	533145	533145	0	84792
FOLD	1445	1384	1384	533532	533532	0	84841
FOLD	1446	1385	1385	533916	533916	0	84895
FOLD	1447	1386	1386	534303	534303	0	84949
FOLD	1456	1387	1387	534687	534687	0	85586
FOLD	1457	1388	1388	535074	535074	0	85641
FOLD	1458	1389	1389	535458	535458	0	85716
FOLD	1459	1390	1390	535845	535845	0	85780
FOLD	1460	1391	1391	536229	536229	0	85940
FOLD	1461	1392	1392	536616	536616	0	86017
FOLD	1462	1393	1393	537000	537000	0	86136
FOLD	1463	1394	1394	537387	537387	0	86253
FOLD	1464	1395	1395	537771	537771	0	86309
FOLD	1465	1396	1396	538158	538158	0	86420
FOLD	1466	1397	1397	538542	538542	0	86793
FOLD	1467	1398	1398	538929	538929	0	87188
FOLD	1468	1399	1399	539313	539313	0	87277
FOLD	1469	1400	1400	539700	539700	0	87330
FOLD	1470	1401	1401	540084	540084	0	87381
FOLD	1471	1402	1402	540471	540471	0	87431
FOLD	1472	1403	1403	540855	540855	0	87486
FOLD	1473	1404	1404	541242	541242	0	87537
FOLD	1474	1405	1405	541626	541626	0	87589
FOLD	1475	1406	1406	542013	542013	0	87639
FOLD	1476	1407	1407	542397	542397	0	87691
FOLD	1477	1408	1408	542784	542784	0	87745
FOLD	1478	1409	1409	543168	543168	0	87839
FOLD	1479	1410	1410	543555	543555	0	87907
FOLD	1480	1411	1411	543939	543939	0	87960
FOLD	1481	1412	1412	544326	544326	0	88017
FOLD	1482	1413	1413	544710	544710	0	88105
FOLD	1483	1414	1414	545097	545097	0	88158
FOLD	1484	1415	1415	545481	545481	0	88209
FOLD	1485	1416	1416	545868	545868	0	88267
FOLD	1486	1417	1417	546252	546252	0	88326
FOLD	1487	1418	1418	546639	546639	0	88380
FOLD	1488	1419	1419	547023	547023	0	88469
FOLD	1489	1420	1420	547410	547410	0	88522
FOLD	1490	1421	1421	547794	547794	0	88596
FOLD	1491	1422	1422	548181	548181	0	88660
FOLD	1492	1423	1423	548565	548565	0	88714
FOLD	1493	1424	1424	548952	548952	0	88768
FOLD	1494	1425	1425	549336	549336	0	88900
FOLD	1495	1426	1426	549723	549723	0	89018
FOLD	1496	1427	1427	550107	550107	0	89071
FOLD	1497	1428	1428	550494	550494	0	89125
FOLD	1498	1429	1429	550878	550878	0	89188
FOLD	1499	1430	1430	551265	551265	0	89266
FOLD	1500	1431	1431	551649	551649	0	89322
FOLD	1501	1432	1432	552036	552036	0	89373
FOLD	1502	1433	1433	552420	552420	0	89423
FOLD	1503	1434	1434	552807	552807	0	89474
FOLD	1504	1435	1435	553191	553191	0	89563
FOLD	1505	1436	1436	553578	553578	0	89617
FOLD	1506	1437	1437	553962	553962	0	89667
FOLD	1507	1438	1438	554349	554349	0	89720
FOLD	1508	1439	1439	554733	554733	0	89771
FOLD	1509	1440	1440	555120	555120	0	89821
FOLD	1510	1441	1441	555504	555504	0	89871
FOLD	1511	1442	1442	555891	555891	0	89963
FOLD	1512	1443	1443	556275	556275	0	90022
FOLD	1513	1444	1444	556662	556662	0	90073
FOLD	1514	1445	1445	557046	557046	0	90168
FOLD	1515	1446	1446	557433	557433	0	90237
FOLD	1516	1447	1447	557817	557817	0	90289
FOLD	1517	1448	1448	558204	558204	0	90364
FOLD	1518	1449	1449	558588	558588	0	90417
FOLD	1519	1450	1450	558975	558975	0	90471
FOLD	1520	1451	1451	559359	559359	0	90530
FOLD	1521	1452	1452	559746	559746	0	90582
FOLD	1522	1453	1453	560130	560130	0	90762
FOLD	1523	1454	1454	560517	560517	0	90840
FOLD	1524	1455	1455	560901	560901	0	90898
FOLD	1525	1456	1456	561288	561288	0	90949
FOLD	1526	1457	1457	561672	561672	0	91001
FOLD	1527	1458	1458	562059	562059	0	91059
FOLD	1528	1459	1459	562443	562443	0	91138
FOLD	1529	1460	1460	562830	562830	0	91191
FOLD	1534	1461	1461	563214	563214	0	91386
FOLD	1535	1462	1462	563601	563601	0	91420
FOLD	1536	1463	1463	563985	563985	0	91473
FOLD	1537	1464	1464	564372	564372	0	91524
FOLD	1546	1465	1465	564756	564756	0	92058
FOLD	1547	1466	1466	565143	565143	0	92115
FOLD	1548	1467	1467	565527	565527	0	92191
FOLD	1549	1468	1468	565914	565914	0	92246
FOLD	1550	1469	1469	566298	566298	0	92288
FOLD	1551	1470	1470	566685	566685	0	92328
FOLD	1552	1471	1471	567069	567069	0	92419
FOLD	1553	1472	1472	567456	567456	0	92474
FOLD	1562	1473	1473	567840	567840	0	92876
FOLD	1563	1474	1474	568227	568227	0	92929
FOLD	1564	1475	1475	568611	568611	0	92990
FOLD	1565	1476	1476	568998	568998	0	93094
FOLD	1574	1477	1477	569382	569382	0	93684
FOLD	1575	1478	1478	569769	569769	0	93740
FOLD	1576	1479	1479	570153	570153	0	93823
FOLD	1577	1480	1480	570540	570540	0	93879
FOLD	1578	1481	1481	570924	570924	0	93983
FOLD	1579	1482	1482	571311	571311	0	94038
FOLD	1580	1483	1483	571695	571695	0	94091
FOLD	1581	1484	1484	572082	572082	0	94183
FOLD	1582	1485	1485	572466	572466	0	94240
FOLD	1583	1486	1486	572853	572853	0	94294
FOLD	1584	1487	1487	573237	573237	0	94347
FOLD	1585	1488	1488	573624	573624	0	94422
FOLD	1586	1489	1489	574008	574008	0	94482
FOLD	1587	1490	1490	574395	574395	0	94541
FOLD	1588	1491	1491	574779	574779	0	94614
FOLD	1589	1492	1492	575166	575166	0	94694
FOLD	1590	1493	1493	575550	575550	0	94761
FOLD	1591	1494	1494	575937	575937	0	94820
FOLD	1592	1495	1495	576321	576321	0	94880
FOLD	1593	1496	1496	576708	576708	0	94949
FOLD	1594	1497	1497	577092	577092	0	95048
FOLD	1595	1498	1498	577479	577479	0	95111
FOLD	1596	1499	1499	577863	577863	0	95203
FOLD	1597	1500	1500	578250	578250	0	95258
FOLD	1598	1501	1501	578634	578634	0	95311
FOLD	1599	1502	1502	579021	579021	0	95367
FOLD	1600	1503	1503	579405	579405	0	95460
FOLD	1601	1504	1504	579792	579792	0	95533
FOLD	1602	1505	1505	580176	580176	0	95588
FOLD	1603	1506	1506	580563	580563	0	95644
FOLD	1604	1507	1507	580947	580947	0	95696
FOLD	1605	1508	1508	581334	581334	0	95748
FOLD	1606	1509	1509	581718	581718	0	95801
FOLD	1607	1510	1510	582105	582105	0	95853
FOLD	1608	1511	1511	582489	582489	0	95930
FOLD	1609	1512	1512	582876	582876	0	96011
FOLD	1610	1513	1513	583260	583260	0	96108
FOLD	1611	1514	1514	583647	583647	0	96178
FOLD	1612	1515	1515	584031	584031	0	96243
FOLD	1613	1516	1516	584418	584418	0	96321
FOLD	1614	1517	1517	584802	584802	0	96378
FOLD	1615	1518	1518	585189	585189	0	96431
FOLD	1616	1519	1519	585573	585573	0	96482
FOLD	1617	1520	1520	585960	585960	0	96533
FOLD	1618	1521	1521	586344	586344	0	96683
FOLD	1619	1522	1522	586731	586731	0	96747
FOLD	1620	1523	1523	587115	587115	0	96800
FOLD	1621	1524	1524	587502	587502	0	96854
FOLD	1622	1525	1525	587886	587886	0	96906
FOLD	1623	1526	1526	588273	588273	0	96958
FOLD	1624	1527	1527	588657	588657	0	97009
FOLD	1625	1528	1528	589044	589044	0	97101
FOLD	1626	1529	1529	589428	589428	0	97154
FOLD	1627	1530	1530	589815	589815	0	97205
FOLD	1628	1531	1531	590199	590199	0	97259
FOLD	1629	1532	1532	590586	590586	0	97334
FOLD	1630	1533	1533	590970	590970	0	97403
FOLD	1631	1534	1534	591357	591357	0	97479
FOLD	1632	1535	1535	591741	591741	0	97532
FOLD	1633	1536	1536	592128	592128	0	97602
FOLD	1634	1537	1537	592512	592512	0	97669
FOLD	1635	1538	1538	592899	592899	0	97724
FOLD	1636	1539	1539	593283	593283	0	97780
FOLD	1637	1540	1540	593670	593670	0	97832
FOLD	1638	1541	1541	594054	594054	0	98001
FOLD	1639	1542	1542	594441	594441	0	98072
FOLD	1640	1543	1543	594825	594825	0	98126
FOLD	1641	1544	1544	595212	595212	0	98181
FOLD	1642	1545	1545	595596	595596	0	98236
FOLD	1643	1546	1546	595983	595983	0	98289
FOLD	1652	1547	1547	596367	596367	0	99493
FOLD	1653	1548	1548	596754	596754	0	99585
FOLD	1654	1549	1549	597138	597138	0	99716
FOLD	1655	1550	1550	597525	597525	0	99825
FOLD	1664	1551	1551	597909	597909	0	100802
FOLD	1665	1552	1552	598296	598296	0	100892
FOLD	1666	1553	1553	598680	598680	0	101042
FOLD	1667	1554	1554	599067	599067	0	101143
FOLD	1668	1555	1555	599451	599451	0	101230
FOLD	1669	1556	1556	599838	599838	0	101309
FOLD	1670	1557	1557	600222	600222	0	101419
FOLD	1671	1558	1558	600609	600609	0	101510
FOLD	1680	1559	1559	600993	600993	0	102321
FOLD	1681	1560	1560	601380	601380	0	102371
FOLD	1682	1561	1561	601764	601764	0	102545
FOLD	1683	1562	1562	602151	602151	0	102642
FOLD	1692	1563	1563	602535	602535	0	103088
FOLD	1693	1564	1564	602922	602922	0	103144
FOLD	1694	1565	1565	603306	603306	0	103225
FOLD	1695	1566	1566	603693	603693	0	103334
FOLD	1696	1567	1567	604077	604077	0	103447
FOLD	1697	1568	1568	604464	604464	0	103504
FOLD	1698	1569	1569	604848	604848	0	103587
FOLD	1699	1570	1570	605235	605235	0	103644
FOLD	1700	1571	1571	605619	605619	0	103742
FOLD	1701	1572	1572	606006	606006	0	103816
FOLD	1702	1573	1573	606390	606390	0	103877
FOLD	1703	1574	1574	606777	606777	0	103931
FOLD	1704	1575	1575	607161	607161	0	103994
FOLD	1705	1576	1576	607548	607548	0	104116
FOLD	1706	1577	1577	607932	607932	0	104477
FOLD	1707	1578	1578	608319	608319	0	104838
FOLD	1708	1579	1579	608703	608703	0	104932
FOLD	1709	1580	1580	609090	609090	0	104990
FOLD	1710	1581	1581	609474	609474	0	105096
FOLD	1711	1582	1582	609861	609861	0	105154
FOLD	1712	1583	1583	610245	610245	0	105212
FOLD	1713	1584	1584	610632	610632	0	105268
FOLD	1714	1585	1585	611016	611016	0	105323
FOLD	1715	1586	1586	611403	611403	0	105379
FOLD	1716	1587	1587	611787	611787	0	105435
FOLD	1717	1588	1588	612174	612174	0	105493
FOLD	1718	1589	1589	612558	612558	0	105573
FOLD	1719	1590	1590	612945	612945	0	105638
FOLD	1720	1591	1591	613329	613329	0	105700
FOLD	1721	1592	1592	613716	613716	0	105762
FOLD	1722	1593	1593	614100	614100	0	105845
FOLD	1723	1594	1594	614487	614487	0	105929
FOLD	1724	1595	1595	614871	614871	0	105985
FOLD	1725	1596	1596	615258	615258	0	106041
FOLD	1726	1597	1597	615642	615642	0	106108
FOLD	1727	1598	1598	616029	616029	0	106189
FOLD	1728	1599	1599	616413	616413	0	106284
FOLD	1729	1600	1600	616800	616800	0	106403
FOLD	1730	1601	1601	617184	617184	0	106467
FOLD	1731	1602	1602	617571	617571	0	106536
FOLD	1732	1603	1603	617955	617955	0	106803
FOLD	1733	1604	1604	618342	618342	0	106867
FOLD	1734	1605	1605	618726	618726	0	106922
FOLD	1735	1606	1606	619113	619113	0	106979
FOLD	1736	1607	1607	619497	619497	0	107034
FOLD	1737	1608	1608	619884	619884	0	107089
FOLD	1738	1609	1609	620268	620268	0	107143
FOLD	1739	1610	1610	620655	620655	0	107236
FOLD	1740	1611	1611	621039	621039	0	107292
FOLD	1741	1612	1612	621426	621426	0	107347
FOLD	1742	1613	1613	621810	621810	0	107405
FOLD	1743	1614	1614	622197	622197	0	107460
FOLD	1744	1615	1615	622581	622581	0	107538
FOLD	1745	1616	1616	622968	622968	0	107627
FOLD	1746	1617	1617	623352	623352	0	107693
FOLD	1747	1618	1618	623739	623739	0	107754
FOLD	1748	1619	1619	624123	624123	0	107819
FOLD	1749	1620	1620	624510	624510	0	107885
FOLD	1750	1621	1621	624894	624894	0	107950
FOLD	1751	1622	1622	625281	625281	0	108015
FOLD	1752	1623	1623	625665	625665	0	108080
FOLD	1753	1624	1624	626052	626052	0	108138
FOLD	1754	1625	1625	626436	626436	0	108323
FOLD	1755	1626	1626	626823	626823	0	108403
FOLD	1756	1627	1627	627207	627207	0	108462
FOLD	1757	1628	1628	627594	627594	0	108535
FOLD	1758	1629	1629	627978	627978	0	108608
FOLD	1759	1630	1630	628365	628365	0	108668
FOLD	1768	1631	1631	628749	628749	0	109132
FOLD	1769	1632	1632	629136	629136	0	109170
FOLD	1770	1633	1633	629520	629520	0	109231
FOLD	1771	1634	1634	629907	629907	0	109293
FOLD	1780	1635	1635	630291	630291	0	109916
FOLD	1781	1636	1636	630678	630678	0	109962
FOLD	1782	1637	1637	631062	631062	0	110050
FOLD	1783	1638	1638	631449	631449	0	110129
FOLD	1784	1639	1639	631833	631833	0	110195
FOLD	1785	1640	1640	632220	632220	0	110244
FOLD	1786	1641	1641	632604	632604	0	110338
FOLD	1787	1642	1642	632991	632991	0	110407
FOLD	1796	1643	1643	633375	633375	0	110996
FOLD	1797	1644	1644	633762	633762	0	111053
FOLD	1798	1645	1645	634146	634146	0	111120
FOLD	1799	1646	1646	634533	634533	0	111181
FOLD	1808	1647	1647	634917	634917	0	111848
FOLD	1809	1648	1648	635304	635304	0	111938
FOLD	1810	1649	1649	635688	635688	0	112002
FOLD	1811	1650	1650	636075	636075	0	112079
FOLD	1812	1651	1651	636459	636459	0	112212
FOLD	1813	1652	1652	636846	636846	0	112314
FOLD	1814	1653	1653	637230	637230	0	112426
FOLD	1815	1654	1654	637617	637617	0	112501
FOLD	1816	1655	1655	638001	638001	0	112570
FOLD	1817	1656	1656	638388	638388	0	112633
FOLD	1818	1657	1657	638772	638772	0	112722
FOLD	1819	1658	1658	639159	639159	0	112784
FOLD	1820	1659	1659	639543	639543	0	112857
FOLD	1821	1660	1660	639930	639930	0	112921
FOLD	1822	1661	1661	640314	640314	0	113019
FOLD	1823	1662	1662	640701	640701	0	113087
FOLD	1824	1663	1663	641085	641085	0	113149
FOLD	1825	1664	1664	641472	641472	0	113210
FOLD	1826	1665	1665	641856	641856	0	113270
FOLD	1827	1666	1666	642243	642243	0	113367
FOLD	1828	1667	1667	642627	642627	0	113453
FOLD	1829	1668	1668	643014	643014	0	113515
FOLD	1830	1669	1669	643398	643398	0	113602
FOLD	1831	1670	1670	643785	643785	0	113665
FOLD	1832	1671	1671	644169	644169	0	113726
FOLD	1833	1672	1672	644556	644556	0	113796
FOLD	1834	1673	1673	644940	644940	0	113890
FOLD	1835	1674	1674	645327	645327	0	113982
FOLD	1836	1675	1675	645711	645711	0	114043
FOLD	1837	1676	1676	646098	646098	0	114113
FOLD	1838	1677	1677	646482	646482	0	114188
FOLD	1839	1678	1678	646869	646869	0	114278
FOLD	1840	1679	1679	647253	647253	0	114343
FOLD	1841	1680	1680	647640	647640	0	114419
FOLD	1842	1681	1681	648024	648024	0	114491
FOLD	1843	1682	1682	648411	648411	0	114552
FOLD	1844	1683	1683	648795	648795	0	114759
FOLD	1845	1684	1684	649182	649182	0	114845
FOLD	1846	1685	1685	649566	649566	0	114908
FOLD	1847	1686	1686	649953	649953	0	114970
FOLD	1848	1687	1687	650337	650337	0	115102
FOLD	1849	1688	1688	650724	650724	0	115206
FOLD	1850	1689	1689	651108	651108	0	115293
FOLD	1851	1690	1690	651495	651495	0	115417
FOLD	1852	1691	1691	651879	651879	0	115479
FOLD	1853	1692	1692	652266	652266	0	115538
FOLD	1854	1693	1693	652650	652650	0	115599
FOLD	1855	1694	1694	653037	653037	0	115668
FOLD	1856	1695	1695	653421	653421	0	115731
FOLD	1857	1696	1696	653808	653808	0	115820
FOLD	1858	1697	1697	654192	654192	0	115882
FOLD	1859	1698	1698	654579	654579	0	115958
FOLD	1860	1699	1699	654963	654963	0	116019
FOLD	1861	1700	1700	655350	655350	0	116093
FOLD	1862	1701	1701	655734	655734	0	116154
FOLD	1863	1702	1702	656121	656121	0	116214
FOLD	1864	1703	1703	656505	656505	0	116278
FOLD	1865	1704	1704	656892	656892	0	116338
FOLD	1866	1705	1705	657276	657276	0	116397
FOLD	1867	1706	1706	657663	657663	0	116456
FOLD	1868	1707	1707	658047	658047	0	116515
FOLD	1869	1708	1708	658434	658434	0	116598
FOLD	1870	1709	1709	658818	658818	0	116888
FOLD	1871	1710	1710	659205	659205	0	116948
FOLD	1872	1711	1711	659589	659589	0	116980
FOLD	1873	1712	1712	659976	659976	0	117024
FOLD	1874	1713	1713	660360	660360	0	117393
FOLD	1875	1714	1714	660747	660747	0	117746
FOLD	1884	1715	1715	661131	661131	0	118263
FOLD	1885	1716	1716	661518	661518	0	118306
FOLD	1886	1717	1717	661902	661902	0	118366
FOLD	1887	1718	1718	662289	662289	0	118426
FOLD	1896	1719	1719	662673	662673	0	119102
FOLD	1897	1720	1720	663060	663060	0	119154
FOLD	1898	1721	1721	663444	663444	0	119232
FOLD	1899	1722	1722	663831	663831	0	119302
FOLD	1900	1723	1723	664215	664215	0	119349
FOLD	1901	1724	1724	664602	664602	0	119393
FOLD	1902	1725	1725	664986	664986	0	119455
FOLD	1903	1726	1726	665373	665373	0	119563
FOLD	1912	1727	1727	665757	665757	0	120146
FOLD	1913	1728	1728	666144	666144	0	120202
FOLD	1914	1729	1729	666528	666528	0	120309
FOLD	1915	1730	1730	666915	666915	0	120414
FOLD	1924	1731	1731	667299	667299	0	120987
FOLD	1925	1732	1732	667686	667686	0	121052
FOLD	1926	1733	1733	668070	668070	0	121117
FOLD	1927	1734	1734	668457	668457	0	121213
FOLD	1928	1735	1735	668841	668841	0	121339
FOLD	1929	1736	1736	669228	669228	0	121402
FOLD	1930	1737	1737	669612	669612	0	121464
FOLD	1931	1738	1738	669999	669999	0	121524
FOLD	1932	1739	1739	670383	670383	0	121590
FOLD	1933	1740	1740	670770	670770	0	121653
FOLD	1934	1741	1741	671154	671154	0	121776
FOLD	1935	1742	1742	671541	671541	0	121852
FOLD	1936	1743	1743	671925	671925	0	121917
FOLD	1937	1744	1744	672312	672312	0	122040
FOLD	1938	1745	1745	672696	672696	0	122419
FOLD	1939	1746	1746	673083	673083	0	122939
FOLD	1940	1747	1747	673467	673467	0	123043
FOLD	1941	1748	1748	673854	673854	0	123125
FOLD	1942	1749	1749	674238	674238	0	123197
FOLD	1943	1750	1750	674625	674625	0	123268
FOLD	1944	1751	1751	675009	675009	0	123336
FOLD	1945	1752	1752	675396	675396	0	123398
FOLD	1946	1753	1753	675780	675780	0	123492
FOLD	1947	1754	1754	676167	676167	0	123592
FOLD	1948	1755	1755	676551	676551	0	123655
FOLD	1949	1756	1756	676938	676938	0	123719
FOLD	1950	1757	1757	677322	677322	0	123796
FOLD	1951	1758	1758	677709	677709	0	123885
FOLD	1952	1759	1759	678093	678093	0	123950
FOLD	1953	1760	1760	678480	678480	0	124011
FOLD	1954	1761	1761	678864	678864	0	124073
FOLD	1955	1762	1762	679251	679251	0	124133
FOLD	1956	1763	1763	679635	679635	0	124234
FOLD	1957	1764	1764	680022	680022	0	124298
FOLD	1958	1765	1765	680406	680406	0	124359
FOLD	1959	1766	1766	680793	680793	0	124422
FOLD	1960	1767	1767	681177	681177	0	124483
FOLD	1961	1768	1768	681564	681564	0	124632
FOLD	1962	1769	1769	681948	681948	0	124779
FOLD	1963	1770	1770	682335	682335	0	124894
FOLD	1964	1771	1771	682719	682719	0	124957
FOLD	1965	1772	1772	683106	683106	0	125031
FOLD	1966	1773	1773	683490	683490	0	125116
FOLD	1967	1774	1774	683877	683877	0	125190
FOLD	1968	1775	1775	684261	684261	0	125259
FOLD	1969	1776	1776	684648	684648	0	125353
FOLD	1970	1777	1777	685032	685032	0	125420
FOLD	1971	1778	1778	685419	685419	0	125484
FOLD	1972	1779	1779	685803	685803	0	125548
FOLD	1973	1780	1780	686190	686190	0	125617
FOLD	1974	1781	1781	686574	686574	0	125679
FOLD	1975	1782	1782	686961	686961	0	125743
FOLD	1976	1783	1783	687345	687345	0	125806
FOLD	1977	1784	1784	687732	687732	0	125921
FOLD	1978	1785	1785	688116	688116	0	125989
FOLD	1979	1786	1786	688503	688503	0	126053
FOLD	1980	1787	1787	688887	688887	0	126142
FOLD	1981	1788	1788	689274	689274	0	126205
FOLD	1982	1789	1789	689658	689658	0	126286
FOLD	1983	1790	1790	690045	690045	0	126381
FOLD	1984	1791	1791	690429	690429	0	126495
FOLD	1985	1792	1792	690816	690816	0	126557
FOLD	1986	1793	1793	691200	691200	0	126768
FOLD	1987	1794	1794	691587	691587	0	127163
FOLD	1988	1795	1795	691971	691971	0	127309
FOLD	1989	1796	1796	692358	692358	0	127380
FOLD	1990	1797	1797	692742	692742	0	127446
FOLD	1991	1798	1798	693129	693129	0	127509
FOLD	2000	1799	1799	693513	693513	0	127969
FOLD	2001	1800	1800	693900	693900	0	128012
FOLD	2002	1801	1801	694284	694284	0	128114
FOLD	2003	1802	1802	694671	694671	0	128180
FOLD	2012	1803	1803	695055	695055	0	128784
FOLD	2013	1804	1804	695442	695442	0	128831
FOLD	2014	1805	1805	695826	695826	0	128911
FOLD	2015	1806	1806	696213	696213	0	129028
FOLD	2016	1807	1807	696597	696597	0	129077
FOLD	2017	1808	1808	696984	696984	0	129122
FOLD	2018	1809	1809	697368	697368	0	129317
FOLD	2019	1810	1810	697755	697755	0	129427
FOLD	2028	1811	1811	698139	698139	0	129896
FOLD	2029	1812	1812	698526	698526	0	129954
FOLD	2030	1813	1813	698910	698910	0	130038
FOLD	2031	1814	1814	699297	699297	0	130154
FOLD	2040	1815	1815	699681	699681	0	130679
FOLD	2041	1816	1816	700068	700068	0	130757
FOLD	2042	1817	1817	700452	700452	0	130899
FOLD	2043	1818	1818	700839	700839	0	130986
FOLD	2044	1819	1819	701223	701223	0	131118
FOLD	2045	1820	1820	701610	701610	0	131185
FOLD	2046	1821	1821	701994	701994	0	131292
FOLD	2047	1822	1822	702381	702381	0	131360
FOLD	2048	1823	1823	702765	702765	0	131426
FOLD	2049	1824	1824	703152	703152	0	131496
FOLD	2050	1825	1825	703536	703536	0	131561
FOLD	2051	1826	1826	703923	703923	0	131628
FOLD	2052	1827	1827	704307	704307	0	131696
FOLD	2053	1828	1828	704694	704694	0	131761
FOLD	2054	1829	1829	705078	705078	0	131853
FOLD	2055	1830	1830	705465	705465	0	131931
FOLD	2056	1831	1831	705849	705849	0	132001
FOLD	2057	1832	1832	706236	706236	0	132068
FOLD	2058	1833	1833	706620	706620	0	132198
FOLD	2059	1834	1834	707007	707007	0	132350
FOLD	2060	1835	1835	707391	707391	0	132438
FOLD	2061	1836	1836	707778	707778	0	132506
FOLD	2062	1837	1837	708162	708162	0	132584
FOLD	2063	1838	1838	708549	708549	0	132674
FOLD	2064	1839	1839	708933	708933	0	132743
FOLD	2065	1840	1840	709320	709320	0	132833
FOLD	2066	1841	1841	709704	709704	0	132908
FOLD	2067	1842	1842	710091	710091	0	132982
FOLD	2068	1843	1843	710475	710475	0	133093
FOLD	2069	1844	1844	710862	710862	0	133162
FOLD	2070	1845	1845	711246	711246	0	133227
FOLD	2071	1846	1846	711633	711633	0	133295
FOLD	2072	1847	1847	712017	712017	0	133360
FOLD	2073	1848	1848	712404	712404	0	133424
FOLD	2074	1849	1849	712788	712788	0	133496
FOLD	2075	1850	1850	713175	713175	0	133621
FOLD	2076	1851	1851	713559	713559	0	133703
FOLD	2077	1852	1852	713946	713946	0	133770
FOLD	2078	1853	1853	714330	714330	0	133837
FOLD	2079	1854	1854	714717	714717	0	133902
FOLD	2080	1855	1855	715101	715101	0	133966
FOLD	2081	1856	1856	715488	715488	0	134054
FOLD	2082	1857	1857	715872	715872	0	134124
FOLD	2083	1858	1858	716259	716259	0	134194
FOLD	2084	1859	1859	716643	716643	0	134262
FOLD	2085	1860	1860	717030	717030	0	134329
FOLD	2086	1861	1861	717414	717414	0	134502
FOLD	2087	1862	1862	717801	717801	0	134585
FOLD	2088	1863	1863	718185	718185	0	134664
FOLD	2089	1864	1864	718572	718572	0	134763
FOLD	2090	1865	1865	718956	718956	0	134843
FOLD	2091	1866	1866	719343	719343	0	134920
FOLD	2092	1867	1867	719727	719727	0	134988
FOLD	2093	1868	1868	720114	720114	0	135056
FOLD	2094	1869	1869	720498	720498	0	135127
FOLD	2095	1870	1870	720885	720885	0	135196
FOLD	2096	1871	1871	721269	721269	0	135232
FOLD	2097	1872	1872	721656	721656	0	135267
FOLD	2098	1873	1873	722040	722040	0	135334
FOLD	2099	1874	1874	722427	722427	0	135401
FOLD	2100	1875	1875	722811	722811	0	135518
FOLD	2101	1876	1876	723198	723198	0	135586
FOLD	2102	1877	1877	723582	723582	0	135728
FOLD	2103	1878	1878	723969	723969	0	135848
FOLD	2104	1879	1879	724353	724353	0	135984
FOLD	2105	1880	1880	724740	724740	0	136091
FOLD	2106	1881	1881	725124	725124	0	136241
FOLD	2107	1882	1882	725511	725511	0	136357
FOLD	2116	1883	1883	725895	725895	0	137279
FOLD	2117	1884	1884	726282	726282	0	137368
FOLD	2118	1885	1885	726666	726666	0	137494
FOLD	2119	1886	1886	727053	727053	0	137607
FOLD	2128	1887	1887	727437	727437	0	138835
FOLD	2129	1888	1888	727824	727824	0	138935
FOLD	2130	1889	1889	728208	728208	0	139134
FOLD	2131	1890	1890	728595	728595	0	139234
FOLD	2132	1891	1891	728979	728979	0	139285
FOLD	2133	1892	1892	729366	729366	0	139333
FOLD	2134	1893	1893	729750	729750	0	139402
FOLD	2135	1894	1894	730137	730137	0	139474
FOLD	2144	1895	1895	730521	730521	0	140082
FOLD	2145	1896	1896	730908	730908	0	140144
FOLD	2146	1897	1897	731292	731292	0	140214
FOLD	2147	1898	1898	731679	731679	0	140307
FOLD	2156	1899	1899	732063	732063	0	140920
FOLD	2157	1900	1900	732450	732450	0	141016
FOLD	2158	1901	1901	732834	732834	0	141128
FOLD	2159	1902	1902	733221	733221	0	141200
FOLD	2160	1903	1903	733605	733605	0	141390
FOLD	2161	1904	1904	733992	733992	0	141461
FOLD	2162	1905	1905	734376	734376	0	141577
FOLD	2163	1906	1906	734763	734763	0	141665
FOLD	2164	1907	1907	735147	735147	0	141738
FOLD	2165	1908	1908	735534	735534	0	141807
FOLD	2166	1909	1909	735918	735918	0	141875
FOLD	2167	1910	1910	736305	736305	0	141943
FOLD	2168	1911	1911	736689	736689	0	142011
FOLD	2169	1912	1912	737076	737076	0	142080
FOLD	2170	1913	1913	737460	737460	0	142175
FOLD	2171	1914	1914	737847	737847	0	142272
FOLD	2172	1915	1915	738231	738231	0	142342
FOLD	2173	1916	1916	738618	738618	0	142451
FOLD	2174	1917	1917	739002	739002	0	142546
FOLD	2175	1918	1918	739389	739389	0	142655
FOLD	2176	1919	1919	739773	739773	0	142750
FOLD	2177	1920	1920	740160	740160	0	142819
FOLD	2178	1921	1921	740544	740544	0	142887
FOLD	2179	1922	1922	740931	740931	0	142955
FOLD	2180	1923	1923	741315	741315	0	143061
FOLD	2181	1924	1924	741702	741702	0	143138
FOLD	2182	1925	1925	742086	742086	0	143214
FOLD	2183	1926	1926	742473	742473	0	143284
FOLD	2184	1927	1927	742857	742857	0	143350
FOLD	2185	1928	1928	743244	743244	0	143418
FOLD	2186	1929	1929	743628	743628	0	143486
FOLD	2187	1930	1930	744015	744015	0	143594
FOLD	2188	1931	1931	744399	744399	0	143687
FOLD	2189	1932	1932	744786	744786	0	143768
FOLD	2190	1933	1933	745170	745170	0	143865
FOLD	2191	1934	1934	745557	745557	0	143965
FOLD	2192	1935	1935	745941	745941	0	144045
FOLD	2193	1936	1936	746328	746328	0	144146
FOLD	2194	1937	1937	746712	746712	0	144220
FOLD	2195	1938	1938	747099	747099	0	144298
FOLD	2196	1939	1939	747483	747483	0	144384
FOLD	2197	1940	1940	747870	747870	0	144461
FOLD	2198	1941	1941	748254	748254	0	144534
FOLD	2199	1942	1942	748641	748641	0	144605
FOLD	2200	1943	1943	749025	749025	0	144683
FOLD	2201	1944	1944	749412	749412	0	144762
FOLD	2202	1945	1945	749796	749796	0	144834
FOLD	2203	1946	1946	750183	750183	0	144903
FOLD	2204	1947	1947	750567	750567	0	144972
FOLD	2205	1948	1948	750954	750954	0	145088
FOLD	2206	1949	1949	751338	751338	0	145193
FOLD	2207	1950	1950	751725	751725	0	145264
FOLD	2212	1951	1951	752109	752109	0	145553
FOLD	2213	1952	1952	752496	752496	0	145589
FOLD	2214	1953	1953	752880	752880	0	145662
FOLD	2215	1954	1954	753267	753267	0	145733
FOLD	2216	1955	1955	753651	753651	0	145804
FOLD	2217	1956	1956	754038	754038	0	145844
FOLD	2218	1957	1957	754422	754422	0	145919
FOLD	2219	1958	1958	754809	754809	0	145995
FOLD	2220	1959	1959	755193	755193	0	146031
FOLD	2221	1960	1960	755580	755580	0	146071
FOLD	2222	1961	1961	755964	755964	0	146169
FOLD	2223	1962	1962	756351	756351	0	146244
FOLD	2232	1963	1963	756735	756735	0	147111
FOLD	2233	1964	1964	757122	757122	0	147176
FOLD	2234	1965	1965	757506	757506	0	147282
FOLD	2235	1966	1966	757893	757893	0	147359
FOLD	2244	1967	1967	758277	758277	0	148181
FOLD	2245	1968	1968	758664	758664	0	148234
FOLD	2246	1969	1969	759048	759048	0	148337
FOLD	2247	1970	1970	759435	759435	0	148423
FOLD	2248	1971	1971	759819	759819	0	148484
FOLD	2249	1972	1972	760206	760206	0	148546
FOLD	2250	1973	1973	760590	760590	0	148627
FOLD	2251	1974	1974	760977	760977	0	148702
FOLD	2260	1975	1975	761361	761361	0	149333
FOLD	2261	1976	1976	761748	761748	0	149398
FOLD	2262	1977	1977	762132	762132	0	149474
FOLD	2263	1978	1978	762519	762519	0	149556
FOLD	2272	1979	1979	762903	762903	0	150219
FOLD	2273	1980	1980	763290	763290	0	150308
FOLD	2274	1981	1981	763674	763674	0	150394
FOLD	2275	1982	1982	764061	764061	0	150473
FOLD	2276	1983	1983	764445	764445	0	150633
FOLD	2277	1984	1984	764832	764832	0	150714
FOLD	2278	1985	1985	765216	765216	0	150788
FOLD	2279	1986	1986	765603	765603	0	150862
FOLD	2280	1987	1987	765987	765987	0	150935
FOLD	2281	1988	1988	766374	766374	0	151009
FOLD	2282	1989	1989	766758	766758	0	151116
FOLD	2283	1990	1990	767145	767145	0	151234
FOLD	2284	1991	1991	767529	767529	0	151309
FOLD	2285	1992	1992	767916	767916	0	151383
FOLD	2286	1993	1993	768300	768300	0	151470
FOLD	2287	1994	1994	768687	768687	0	151572
FOLD	2288	1995	1995	769071	769071	0	151650
FOLD	2289	1996	1996	769458	769458	0	151749
FOLD	2290	1997	1997	769842	769842	0	151822
FOLD	2291	1998	1998	770229	770229	0	151895
FOLD	2292	1999	1999	770613	770613	0	152021
FOLD	2293	2000	2000	771000	771000	0	152134
FOLD	2294	2001	2001	771384	771384	0	152212
FOLD	2295	2002	2002	771771	771771	0	152288
FOLD	2296	2003	2003	772155	772155	0	152361
FOLD	2297	2004	2004	772542	772542	0	152434
FOLD	2298	2005	2005	772926	772926	0	152506
FOLD	2299	2006	2006	773313	773313	0	152619
FOLD	2300	2007	2007	773697	773697	0	152693
FOLD	2301	2008	2008	774084	774084	0	152766
FOLD	2302	2009	2009	774468	774468	0	152883
FOLD	2303	2010	2010	774855	774855	0	152975
FOLD	2304	2011	2011	775239	775239	0	153050
FOLD	2305	2012	2012	775626	775626	0	153148
FOLD	2306	2013	2013	776010	776010	0	153227
FOLD	2307	2014	2014	776397	776397	0	153304
FOLD	2308	2015	2015	776781	776781	0	153381
FOLD	2309	2016	2016	777168	777168	0	153478
FOLD	2310	2017	2017	777552	777552	0	153562
FOLD	2311	2018	2018	777939	777939	0	153640
FOLD	2312	2019	2019	778323	778323	0	153714
FOLD	2313	2020	2020	778710	778710	0	153791
FOLD	2314	2021	2021	779094	779094	0	153870
FOLD	2315	2022	2022	779481	779481	0	153946
FOLD	2316	2023	2023	779865	779865	0	154021
FOLD	2317	2024	2024	780252	780252	0	154145
FOLD	2318	2025	2025	780636	780636	0	154242
FOLD	2319	2026	2026	781023	781023	0	154320
FOLD	2328	2027	2027	781407	781407	0	155001
FOLD	2329	2028	2028	781794	781794	0	155045
FOLD	2330	2029	2029	782178	782178	0	155126
FOLD	2331	2030	2030	782565	782565	0	155204
FOLD	2332	2031	2031	782949	782949	0	155274
FOLD	2333	2032	2032	783336	783336	0	155319
FOLD	2334	2033	2033	783720	783720	0	155409
FOLD	2335	2034	2034	784107	784107	0	155488
FOLD	2336	2035	2035	784491	784491	0	155527
FOLD	2337	2036	2036	784878	784878	0	155606
FOLD	2338	2037	2037	785262	785262	0	155758
FOLD	2339	2038	2038	785649	785649	0	155852
FOLD	2348	2039	2039	786033	786033	0	156419
FOLD	2349	2040	2040	786420	786420	0	156498
FOLD	2350	2041	2041	786804	786804	0	156592
FOLD	2351	2042	2042	787191	787191	0	156725
FOLD	2360	2043	2043	787575	787575	0	157572
FOLD	2361	2044	2044	787962	787962	0	157631
FOLD	2362	2045	2045	788346	788346	0	157827
FOLD	2363	2046	2046	788733	788733	0	157989
FOLD	2364	2047	2047	789117	789117	0	158052
FOLD	2365	2048	2048	789504	789504	0	158107
FOLD	2366	2049	2049	789888	789888	0	158185
FOLD	2367	2050	2050	790275	790275	0	158302
FOLD	2376	2051	2051	790659	790659	0	158876
FOLD	2377	2052	2052	791046	791046	0	158949
FOLD	2378	2053	2053	791430	791430	0	159055
FOLD	2379	2054	2054	791817	791817	0	159135
FOLD	2388	2055	2055	792201	792201	0	159849
FOLD	2389	2056	2056	792588	792588	0	159955
FOLD	2390	2057	2057	792972	792972	0	160061
FOLD	2391	2058	2058	793359	793359	0	160143
FOLD	2392	2059	2059	793743	793743	0	160300
FOLD	2393	2060	2060	794130	794130	0	160381
FOLD	2394	2061	2061	794514	794514	0	160484
FOLD	2395	2062	2062	794901	794901	0	160591
FOLD	2396	2063	2063	795285	795285	0	160671
FOLD	2397	2064	2064	795672	795672	0	160751
FOLD	2398	2065	2065	796056	796056	0	160843
FOLD	2399	2066	2066	796443	796443	0	160948
FOLD	2400	2067	2067	796827	796827	0	161031
FOLD	2401	2068	2068	797214	797214	0	161110
FOLD	2402	2069	2069	797598	797598	0	161188
FOLD	2403	2070	2070	797985	797985	0	161267
FOLD	2404	2071	2071	798369	798369	0	161386
FOLD	2405	2072	2072	798756	798756	0	161468
FOLD	2406	2073	2073	799140	799140	0	161546
FOLD	2407	2074	2074	799527	799527	0	161626
FOLD	2408	2075	2075	799911	799911	0	161783
FOLD	2409	2076	2076	800298	800298	0	161915
FOLD	2410	2077	2077	800682	800682	0	162005
FOLD	2411	2078	2078	801069	801069	0	162124
FOLD	2412	2079	2079	801453	801453	0	162206
FOLD	2413	2080	2080	801840	801840	0	162284
FOLD	2414	2081	2081	802224	802224	0	162364
FOLD	2415	2082	2082	802611	802611	0	162467
FOLD	2416	2083	2083	802995	802995	0	162570
FOLD	2417	2084	2084	803382	803382	0	162796
FOLD	2418	2085	2085	803766	803766	0	162901
FOLD	2419	2086	2086	804153	804153	0	162985
FOLD	2420	2087	2087	804537	804537	0	163070
FOLD	2421	2088	2088	804924	804924	0	163154
FOLD	2422	2089	2089	805308	805308	0	163237
FOLD	2423	2090	2090	805695	805695	0	163450
FOLD	2424	2091	2091	806079	806079	0	163553
FOLD	2425	2092	2092	806466	806466	0	163636
FOLD	2426	2093	2093	806850	806850	0	163720
FOLD	2427	2094	2094	807237	807237	0	163802
FOLD	2428	2095	2095	807621	807621	0	163935
FOLD	2429	2096	2096	808008	808008	0	164395
FOLD	2430	2097	2097	808392	808392	0	164478
FOLD	2431	2098	2098	808779	808779	0	164558
FOLD	2432	2099	2099	809163	809163	0	164596
FOLD	2433	2100	2100	809550	809550	0	164631
FOLD	2434	2101	2101	809934	809934	0	164717
FOLD	2435	2102	2102	810321	810321	0	164799
FOLD	2444	2103	2103	810705	810705	0	165321
FOLD	2445	2104	2104	811092	811092	0	165362
FOLD	2446	2105	2105	811476	811476	0	165468
FOLD	2447	2106	2106	811863	811863	0	165553
FOLD	2448	2107	2107	812247	812247	0	165632
FOLD	2449	2108	2108	812634	812634	0	165674
FOLD	2450	2109	2109	813018	813018	0	165807
FOLD	2451	2110	2110	813405	813405	0	165892
FOLD	2452	2111	2111	813789	813789	0	165952
FOLD	2453	2112	2112	814176	814176	0	165996
FOLD	2454	2113	2113	814560	814560	0	166079
FOLD	2455	2114	2114	814947	814947	0	166161
FOLD	2464	2115	2115	815331	815331	0	166818
FOLD	2465	2116	2116	815718	815718	0	166875
FOLD	2466	2117	2117	816102	816102	0	167142
FOLD	2467	2118	2118	816489	816489	0	167284
FOLD	2476	2119	2119	816873	816873	0	167987
FOLD	2477	2120	2120	817260	817260	0	168047
FOLD	2478	2121	2121	817644	817644	0	168131
FOLD	2479	2122	2122	818031	818031	0	168286
FOLD	2480	2123	2123	818415	818415	0	168349
FOLD	2481	2124	2124	818802	818802	0	168407
FOLD	2482	2125	2125	819186	819186	0	168547
FOLD	2483	2126	2126	819573	819573	0	168702
FOLD	2492	2127	2127	819957	819957	0	169252
FOLD	2493	2128	2128	820344	820344	0	169322
FOLD	2494	2129	2129	820728	820728	0	169484
FOLD	2495	2130	2130	821115	821115	0	169586
FOLD	2504	2131	2131	821499	821499	0	170287
FOLD	2505	2132	2132	821886	821886	0	170386
FOLD	2506	2133	2133	822270	822270	0	170511
FOLD	2507	2134	2134	822657	822657	0	170666
FOLD	2508	2135	2135	823041	823041	0	170875
FOLD	2509	2136	2136	823428	823428	0	170972
FOLD	2510	2137	2137	823812	823812	0	171077
FOLD	2511	2138	2138	824199	824199	0	171251
FOLD	2512	2139	2139	824583	824583	0	171385
FOLD	2513	2140	2140	824970	824970	0	171473
FOLD	2514	2141	2141	825354	825354	0	171557
FOLD	2515	2142	2142	825741	825741	0	171641
FOLD	2516	2143	2143	826125	826125	0	171772
FOLD	2517	2144	2144	826512	826512	0	171861
FOLD	2518	2145	2145	826896	826896	0	171944
FOLD	2519	2146	2146	827283	827283	0	172044
FOLD	2520	2147	2147	827667	827667	0	172143
FOLD	2521	2148	2148	828054	828054	0	172239
FOLD	2522	2149	2149	828438	828438	0	172333
FOLD	2523	2150	2150	828825	828825	0	172464
FOLD	2524	2151	2151	829209	829209	0	172551
FOLD	2525	2152	2152	829596	829596	0	172635
FOLD	2526	2153	2153	829980	829980	0	172721
FOLD	2527	2154	2154	830367	830367	0	172805
FOLD	2528	2155	2155	830751	830751	0	172915
FOLD	2529	2156	2156	831138	831138	0	173035
FOLD	2530	2157	2157	831522	831522	0	173127
FOLD	2531	2158	2158	831909	831909	0	173216
FOLD	2532	2159	2159	832293	832293	0	173373
FOLD	2533	2160	2160	832680	832680	0	173466
FOLD	2534	2161	2161	833064	833064	0	173555
FOLD	2535	2162	2162	833451	833451	0	173642
FOLD	2536	2163	2163	833835	833835	0	173727
FOLD	2537	2164	2164	834222	834222	0	173829
FOLD	2538	2165	2165	834606	834606	0	173917
FOLD	2539	2166	2166	834993	834993	0	174023
FOLD	2540	2167	2167	835377	835377	0	174123
FOLD	2541	2168	2168	835764	835764	0	174238
FOLD	2542	2169	2169	836148	836148	0	174335
FOLD	2543	2170	2170	836535	836535	0	174425
FOLD	2548	2171	2171	836919	836919	0	174731
FOLD	2549	2172	2172	837306	837306	0	174797
FOLD	2550	2173	2173	837690	837690	0	174909
FOLD	2551	2174	2174	838077	838077	0	175010
FOLD	2560	2175	2175	838461	838461	0	175541
FOLD	2561	2176	2176	838848	838848	0	175587
FOLD	2562	2177	2177	839232	839232	0	175718
FOLD	2563	2178	2178	839619	839619	0	175808
FOLD	2564	2179	2179	840003	840003	0	175872
FOLD	2565	2180	2180	840390	840390	0	175930
FOLD	2566	2181	2181	840774	840774	0	176032
FOLD	2567	2182	2182	841161	841161	0	176130
FOLD	2568	2183	2183	841545	841545	0	176200
FOLD	2569	2184	2184	841932	841932	0	176248
FOLD	2570	2185	2185	842316	842316	0	176341
FOLD	2571	2186	2186	842703	842703	0	176457
FOLD	2580	2187	2187	843087	843087	0	177177
FOLD	2581	2188	2188	843474	843474	0	177229
FOLD	2582	2189	2189	843858	843858	0	177318
FOLD	2583	2190	2190	844245	844245	0	177410
FOLD	2592	2191	2191	844629	844629	0	178306
FOLD	2593	2192	2192	845016	845016	0	178369
FOLD	2594	2193	2193	845400	845400	0	178459
FOLD	2595	2194	2194	845787	845787	0	178553
FOLD	2596	2195	2195	846171	846171	0	178618
FOLD	2597	2196	2196	846558	846558	0	178684
FOLD	2598	2197	2197	846942	846942	0	178783
FOLD	2599	2198	2198	847329	847329	0	178873
FOLD	2608	2199	2199	847713	847713	0	179573
FOLD	2609	2200	2200	848100	848100	0	179651
FOLD	2610	2201	2201	848484	848484	0	179741
FOLD	2611	2202	2202	848871	848871	0	179859
FOLD	2620	2203	2203	849255	849255	0	180745
FOLD	2621	2204	2204	849642	849642	0	180854
FOLD	2622	2205	2205	850026	850026	0	180959
FOLD	2623	2206	2206	850413	850413	0	181075
FOLD	2624	2207	2207	850797	850797	0	181256
FOLD	2625	2208	2208	851184	851184	0	181367
FOLD	2626	2209	2209	851568	851568	0	181473
FOLD	2627	2210	2210	851955	851955	0	181577
FOLD	2628	2211	2211	852339	852339	0	181732
FOLD	2629	2212	2212	852726	852726	0	181829
FOLD	2630	2213	2213	853110	853110	0	181919
FOLD	2631	2214	2214	853497	853497	0	182023
FOLD	2632	2215	2215	853881	853881	0	182163
FOLD	2633	2216	2216	854268	854268	0	182315
FOLD	2634	2217	2217	854652	854652	0	182436
FOLD	2635	2218	2218	855039	855039	0	182573
FOLD	2636	2219	2219	855423	855423	0	182724
FOLD	2637	2220	2220	855810	855810	0	182835
FOLD	2638	2221	2221	856194	856194	0	182930
FOLD	2639	2222	2222	856581	856581	0	183021
FOLD	2640	2223	2223	856965	856965	0	183111
FOLD	2641	2224	2224	857352	857352	0	183228
FOLD	2642	2225	2225	857736	857736	0	183324
FOLD	2643	2226	2226	858123	858123	0	183419
FOLD	2644	2227	2227	858507	858507	0	183513
FOLD	2645	2228	2228	858894	858894	0	183604
FOLD	2646	2229	2229	859278	859278	0	183719
FOLD	2647	2230	2230	859665	859665	0	183831
FOLD	2648	2231	2231	860049	860049	0	183924
FOLD	2649	2232	2232	860436	860436	0	184015
FOLD	2650	2233	2233	860820	860820	0	184106
FOLD	2651	2234	2234	861207	861207	0	184251
FOLD	2652	2235	2235	861591	861591	0	184631
FOLD	2653	2236	2236	861978	861978	0	184722
FOLD	2654	2237	2237	862362	862362	0	184813
FOLD	2655	2238	2238	862749	862749	0	184905
FOLD	2664	2239	2239	863133	863133	0	185471
FOLD	2665	2240	2240	863520	863520	0	185509
FOLD	2666	2241	2241	863904	863904	0	185618
FOLD	2667	2242	2242	864291	864291	0	185717
FOLD	2676	2243	2243	864675	864675	0	186280
FOLD	2677	2244	2244	865062	865062	0	186327
FOLD	2678	2245	2245	865446	865446	0	186445
FOLD	2679	2246	2246	865833	865833	0	186670
FOLD	2680	2247	2247	866217	866217	0	186748
FOLD	2681	2248	2248	866604	866604	0	186794
FOLD	2682	2249	2249	866988	866988	0	186922
FOLD	2683	2250	2250	867375	867375	0	187019
FOLD	2684	2251	2251	867759	867759	0	187100
FOLD	2685	2252	2252	868146	868146	0	187169
FOLD	2686	2253	2253	868530	868530	0	187280
FOLD	2687	2254	2254	868917	868917	0	187430
FOLD	2696	2255	2255	869301	869301	0	188253
FOLD	2697	2256	2256	869688	869688	0	188323
FOLD	2698	2257	2257	870072	870072	0	188457
FOLD	2699	2258	2258	870459	870459	0	188566
FOLD	2708	2259	2259	870843	870843	0	189566
FOLD	2709	2260	2260	871230	871230	0	189647
FOLD	2710	2261	2261	871614	871614	0	189773
FOLD	2711	2262	2262	872001	872001	0	189882
FOLD	2712	2263	2263	872385	872385	0	189959
FOLD	2713	2264	2264	872772	872772	0	190034
FOLD	2714	2265	2265	873156	873156	0	190143
FOLD	2715	2266	2266	873543	873543	0	190252
FOLD	2724	2267	2267	873927	873927	0	191125
FOLD	2725	2268	2268	874314	874314	0	191224
FOLD	2726	2269	2269	874698	874698	0	191334
FOLD	2727	2270	2270	875085	875085	0	191462
FOLD	2736	2271	2271	875469	875469	0	192363
FOLD	2737	2272	2272	875856	875856	0	192472
FOLD	2738	2273	2273	876240	876240	0	192581
FOLD	2739	2274	2274	876627	876627	0	192690
FOLD	2740	2275	2275	877011	877011	0	193003
FOLD	2741	2276	2276	877398	877398	0	193136
FOLD	2742	2277	2277	877782	877782	0	193247
FOLD	2743	2278	2278	878169	878169	0	193378
FOLD	2744	2279	2279	878553	878553	0	193510
FOLD	2745	2280	2280	878940	878940	0	193621
FOLD	2746	2281	2281	879324	879324	0	193807
FOLD	2747	2282	2282	879711	879711	0	193965
FOLD	2748	2283	2283	880095	880095	0	194074
FOLD	2749	2284	2284	880482	880482	0	194182
FOLD	2750	2285	2285	880866	880866	0	194293
FOLD	2751	2286	2286	881253	881253	0	194402
FOLD	2752	2287	2287	881637	881637	0	194532
FOLD	2753	2288	2288	882024	882024	0	194728
FOLD	2754	2289	2289	882408	882408	0	194834
FOLD	2755	2290	2290	882795	882795	0	194948
FOLD	2756	2291	2291	883179	883179	0	195128
FOLD	2757	2292	2292	883566	883566	0	195245
FOLD	2758	2293	2293	883950	883950	0	195383
FOLD	2759	2294	2294	884337	884337	0	195496
FOLD	2760	2295	2295	884721	884721	0	195608
FOLD	2761	2296	2296	885108	885108	0	195730
FOLD	2762	2297	2297	885492	885492	0	195838
FOLD	2763	2298	2298	885879	885879	0	195948
FOLD	2764	2299	2299	886263	886263	0	196056
FOLD	2765	2300	2300	886650	886650	0	196186
FOLD	2766	2301	2301	887034	887034	0	196312
FOLD	2767	2302	2302	887421	887421	0	196425
FOLD	2768	2303	2303	887805	887805	0	196473
FOLD	2769	2304	2304	888192	888192	0	196565
FOLD	2770	2305	2305	888576	888576	0	196722
FOLD	2771	2306	2306	888963	888963	0	196869
FOLD	2780	2307	2307	889347	889347	0	197903
FOLD	2781	2308	2308	889734	889734	0	197993
FOLD	2782	2309	2309	890118	890118	0	198155
FOLD	2783	2310	2310	890505	890505	0	198304
FOLD	2792	2311	2311	890889	890889	0	199478
FOLD	2793	2312	2312	891276	891276	0	199547
FOLD	2794	2313	2313	891660	891660	0	199663
FOLD	2795	2314	2314	892047	892047	0	199778
FOLD	2796	2315	2315	892431	892431	0	199849
FOLD	2797	2316	2316	892818	892818	0	199896
FOLD	2798	2317	2317	893202	893202	0	199995
FOLD	2799	2318	2318	893589	893589	0	200138
FOLD	2800	2319	2319	893973	893973	0	200207
FOLD	2801	2320	2320	894360	894360	0	200296
FOLD	2802	2321	2321	894744	894744	0	200541
FOLD	2803	2322	2322	895131	895131	0	200719
FOLD	2812	2323	2323	895515	895515	0	201919
FOLD	2813	2324	2324	895902	895902	0	202028
FOLD	2814	2325	2325	896286	896286	0	202326
FOLD	2815	2326	2326	896673	896673	0	202604
FOLD	2824	2327	2327	897057	897057	0	204086
FOLD	2825	2328	2328	897444	897444	0	204210
FOLD	2826	2329	2329	897828	897828	0	204371
FOLD	2827	2330	2330	898215	898215	0	204544
FOLD	2828	2331	2331	898599	898599	0	204664
FOLD	2829	2332	2332	898986	898986	0	204783
FOLD	2830	2333	2333	899370	899370	0	205010
FOLD	2831	2334	2334	899757	899757	0	205165
FOLD	2840	2335	2335	900141	900141	0	206220
FOLD	2841	2336	2336	900528	900528	0	206355
FOLD	2842	2337	2337	900912	900912	0	206541
FOLD	2843	2338	2338	901299	901299	0	206747
FOLD	2852	2339	2339	901683	901683	0	207978
FOLD	2853	2340	2340	902070	902070	0	208131
FOLD	2854	2341	2341	902454	902454	0	208339
FOLD	2855	2342	2342	902841	902841	0	208485
FOLD	2856	2343	2343	903225	903225	0	208783
FOLD	2857	2344	2344	903612	903612	0	208955
FOLD	2858	2345	2345	903996	903996	0	209108
FOLD	2859	2346	2346	904383	904383	0	209271
FOLD	2860	2347	2347	904767	904767	0	209437
FOLD	2861	2348	2348	905154	905154	0	209613
FOLD	2862	2349	2349	905538	905538	0	209765
FOLD	2863	2350	2350	905925	905925	0	209911
FOLD	2864	2351	2351	906309	906309	0	210064
FOLD	2865	2352	2352	906696	906696	0	210206
FOLD	2866	2353	2353	907080	907080	0	210312
FOLD	2867	2354	2354	907467	907467	0	210450
FOLD	2868	2355	2355	907851	907851	0	210744
FOLD	2869	2356	2356	908238	908238	0	210950
FOLD	2870	2357	2357	908622	908622	0	211149
FOLD	2871	2358	2358	909009	909009	0	211320
FOLD	2872	2359	2359	909393	909393	0	211498
FOLD	2873	2360	2360	909780	909780	0	211665
FOLD	2874	2361	2361	910164	910164	0	211844
FOLD	2875	2362	2362	910551	910551	0	212017
FOLD	2876	2363	2363	910935	910935	0	212226
FOLD	2877	2364	2364	911322	911322	0	212432
FOLD	2878	2365	2365	911706	911706	0	212613
FOLD	2879	2366	2366	912093	912093	0	212782
FOLD	2880	2367	2367	912477	912477	0	212882
FOLD	2881	2368	2368	912864	912864	0	212920
FOLD	2882	2369	2369	913248	913248	0	213101
FOLD	2883	2370	2370	913635	913635	0	213267
FOLD	2884	2371	2371	914019	914019	0	213336
FOLD	2885	2372	2372	914406	914406	0	213388
FOLD	2886	2373	2373	914790	914790	0	213507
FOLD	2887	2374	2374	915177	915177	0	213627
FOLD	2896	2375	2375	915561	915561	0	214426
FOLD	2897	2376	2376	915948	915948	0	214496
FOLD	2898	2377	2377	916332	916332	0	214677
FOLD	2899	2378	2378	916719	916719	0	214805
FOLD	2908	2379	2379	917103	917103	0	215755
FOLD	2909	2380	2380	917490	917490	0	215870
FOLD	2910	2381	2381	917874	917874	0	216049
FOLD	2911	2382	2382	918261	918261	0	216219
FOLD	2912	2383	2383	918645	918645	0	216313
FOLD	2913	2384	2384	919032	919032	0	216386
FOLD	2914	2385	2385	919416	919416	0	216625
FOLD	2915	2386	2386	919803	919803	0	216767
FOLD	2916	2387	2387	920187	920187	0	216855
FOLD	2917	2388	2388	920574	920574	0	216919
FOLD	2918	2389	2389	920958	920958	0	217067
FOLD	2919	2390	2390	921345	921345	0	217280
FOLD	2928	2391	2391	921729	921729	0	218215
FOLD	2929	2392	2392	922116	922116	0	218298
FOLD	2930	2393	2393	922500	922500	0	218422
FOLD	2931	2394	2394	922887	922887	0	218597
FOLD	2940	2395	2395	923271	923271	0	219728
FOLD	2941	2396	2396	923658	923658	0	219823
FOLD	2942	2397	2397	924042	924042	0	219948
FOLD	2943	2398	2398	924429	924429	0	220072
FOLD	2944	2399	2399	924813	924813	0	220188
FOLD	2945	2400	2400	925200	925200	0	220282
FOLD	2946	2401	2401	925584	925584	0	220454
FOLD	2947	2402	2402	925971	925971	0	220602
FOLD	2956	2403	2403	926355	926355	0	221448
FOLD	2957	2404	2404	926742	926742	0	221554
FOLD	2958	2405	2405	927126	927126	0	221716
FOLD	2959	2406	2406	927513	927513	0	221902
FOLD	2968	2407	2407	927897	927897	0	222873
FOLD	2969	2408	2408	928284	928284	0	223003
FOLD	2970	2409	2409	928668	928668	0	223127
FOLD	2971	2410	2410	929055	929055	0	223250
FOLD	2972	2411	2411	929439	929439	0	223622
FOLD	2973	2412	2412	929826	929826	0	223758
FOLD	2974	2413	2413	930210	930210	0	223911
FOLD	2975	2414	2414	930597	930597	0	224063
FOLD	2976	2415	2415	930981	930981	0	224191
FOLD	2977	2416	2416	931368	931368	0	224315
FOLD	2978	2417	2417	931752	931752	0	224427
FOLD	2979	2418	2418	932139	932139	0	224573
FOLD	2980	2419	2419	932523	932523	0	224699
FOLD	2981	2420	2420	932910	932910	0	224824
FOLD	2982	2421	2421	933294	933294	0	224955
FOLD	2983	2422	2422	933681	933681	0	225082
FOLD	2984	2423	2423	934065	934065	0	225213
FOLD	2985	2424	2424	934452	934452	0	225334
FOLD	2986	2425	2425	934836	934836	0	225457
FOLD	2987	2426	2426	935223	935223	0	225581
FOLD	2988	2427	2427	935607	935607	0	225704
FOLD	2989	2428	2428	935994	935994	0	225832
FOLD	2990	2429	2429	936378	936378	0	226373
FOLD	2991	2430	2430	936765	936765	0	226504
FOLD	2996	2431	2431	937149	937149	0	227254
FOLD	2997	2432	2432	937536	937536	0	227363
FOLD	2998	2433	2433	937920	937920	0	227577
FOLD	2999	2434	2434	938307	938307	0	227763
FOLD	3000	2435	2435	938691	938691	0	227888
FOLD	3001	2436	2436	939078	939078	0	227994
FOLD	3002	2437	2437	939462	939462	0	228212
FOLD	3003	2438	2438	939849	939849	0	228387
FOLD	3012	2439	2439	940233	940233	0	229650
FOLD	3013	2440	2440	940620	940620	0	229773
FOLD	3014	2441	2441	941004	941004	0	229980
FOLD	3015	2442	2442	941391	941391	0	230159
FOLD	3024	2443	2443	941775	941775	0	231340
FOLD	3025	2444	2444	942162	942162	0	231412
FOLD	3026	2445	2445	942546	942546	0	231606
FOLD	3027	2446	2446	942933	942933	0	231774
FOLD	3028	2447	2447	943317	943317	0	231857
FOLD	3029	2448	2448	943704	943704	0	231910
FOLD	3030	2449	2449	944088	944088	0	232073
FOLD	3031	2450	2450	944475	944475	0	232203
FOLD	3032	2451	2451	944859	944859	0	232285
FOLD	3033	2452	2452	945246	945246	0	232394
FOLD	3034	2453	2453	945630	945630	0	232585
FOLD	3035	2454	2454	946017	946017	0	232768
FOLD	3044	2455	2455	946401	946401	0	234222
FOLD	3045	2456	2456	946788	946788	0	234355
FOLD	3046	2457	2457	947172	947172	0	234550
FOLD	3047	2458	2458	947559	947559	0	234736
FOLD	3056	2459	2459	947943	947943	0	236311
FOLD	3057	2460	2460	948330	948330	0	236456
FOLD	3058	2461	2461	948714	948714	0	236677
FOLD	3059	2462	2462	949101	949101	0	236844
FOLD	3060	2463	2463	949485	949485	0	236986
FOLD	3061	2464	2464	949872	949872	0	237128
FOLD	3062	2465	2465	950256	950256	0	237293
FOLD	3063	2466	2466	950643	950643	0	237455
FOLD	3072	2467	2467	951027	951027	0	238700
FOLD	3073	2468	2468	951414	951414	0	238857
FOLD	3074	2469	2469	951798	951798	0	239022
FOLD	3075	2470	2470	952185	952185	0	239197
FOLD	3084	2471	2471	952569	952569	0	240462
FOLD	3085	2472	2472	952956	952956	0	240643
FOLD	3086	2473	2473	953340	953340	0	240865
FOLD	3087	2474	2474	953727	953727	0	241035
FOLD	3088	2475	2475	954111	954111	0	241354
FOLD	3089	2476	2476	954498	954498	0	241542
FOLD	3090	2477	2477	954882	954882	0	241661
FOLD	3091	2478	2478	955269	955269	0	241811
FOLD	3092	2479	2479	955653	955653	0	241978
FOLD	3093	2480	2480	956040	956040	0	242145
FOLD	3094	2481	2481	956424	956424	0	242318
FOLD	3095	2482	2482	956811	956811	0	242487
FOLD	3096	2483	2483	957195	957195	0	242725
FOLD	3097	2484	2484	957582	957582	0	242931
FOLD	3098	2485	2485	957966	957966	0	243147
FOLD	3099	2486	2486	958353	958353	0	243325
FOLD	3100	2487	2487	958737	958737	0	243515
FOLD	3101	2488	2488	959124	959124	0	243692
FOLD	3102	2489	2489	959508	959508	0	243877
FOLD	3103	2490	2490	959895	959895	0	244053
FOLD	3112	2491	2491	960279	960279	0	245157
FOLD	3113	2492	2492	960666	960666	0	245212
FOLD	3114	2493	2493	961050	961050	0	245344
FOLD	3115	2494	2494	961437	961437	0	245474
FOLD	3116	2495	2495	961821	961821	0	245528
FOLD	3117	2496	2496	962208	962208	0	245580
FOLD	3118	2497	2497	962592	962592	0	245711
FOLD	3119	2498	2498	962979	962979	0	245841
FOLD	3128	2499	2499	963363	963363	0	246815
FOLD	3129	2500	2500	963750	963750	0	246888
FOLD	3130	2501	2501	964134	964134	0	247055
FOLD	3131	2502	2502	964521	964521	0	247188
FOLD	3140	2503	2503	964905	964905	0	248175
FOLD	3141	2504	2504	965292	965292	0	248228
FOLD	3142	2505	2505	965676	965676	0	248371
FOLD	3143	2506	2506	966063	966063	0	248544
FOLD	3144	2507	2507	966447	966447	0	248622
FOLD	3145	2508	2508	966834	966834	0	248673
FOLD	3146	2509	2509	967218	967218	0	248789
FOLD	3147	2510	2510	967605	967605	0	248935
FOLD	3148	2511	2511	967989	967989	0	249016
FOLD	3149	2512	2512	968376	968376	0	249084
FOLD	3150	2513	2513	968760	968760	0	249240
FOLD	3151	2514	2514	969147	969147	0	249405
FOLD	3160	2515	2515	969531	969531	0	250328
FOLD	3161	2516	2516	969918	969918	0	250418
FOLD	3162	2517	2517	970302	970302	0	250610
FOLD	3163	2518	2518	970689	970689	0	250821
FOLD	3172	2519	2519	971073	971073	0	251939
FOLD	3173	2520	2520	971460	971460	0	252036
FOLD	3174	2521	2521	971844	971844	0	252222
FOLD	3175	2522	2522	972231	972231	0	252378
FOLD	3176	2523	2523	972615	972615	0	252475
FOLD	3177	2524	2524	973002	973002	0	252572
FOLD	3178	2525	2525	973386	973386	0	252785
FOLD	3179	2526	2526	973773	973773	0	252968
FOLD	3188	2527	2527	974157	974157	0	253987
FOLD	3189	2528	2528	974544	974544	0	254106
FOLD	3190	2529	2529	974928	974928	0	254270
FOLD	3191	2530	2530	975315	975315	0	254405
FOLD	3200	2531	2531	975699	975699	0	255624
FOLD	3201	2532	2532	976086	976086	0	255807
FOLD	3202	2533	2533	976470	976470	0	255959
FOLD	3203	2534	2534	976857	976857	0	256099
FOLD	3204	2535	2535	977241	977241	0	256237
FOLD	3205	2536	2536	977628	977628	0	256391
FOLD	3206	2537	2537	978012	978012	0	256546
FOLD	3207	2538	2538	978399	978399	0	256751
FOLD	3208	2539	2539	978783	978783	0	256887
FOLD	3209	2540	2540	979170	979170	0	257023
FOLD	3210	2541	2541	979554	979554	0	257156
FOLD	3211	2542	2542	979941	979941	0	257293
FOLD	3212	2543	2543	980325	980325	0	257481
FOLD	3213	2544	2544	980712	980712	0	257690
FOLD	3214	2545	2545	981096	981096	0	257840
FOLD	3215	2546	2546	981483	981483	0	257976
FOLD	3216	2547	2547	981867	981867	0	258028
FOLD	3217	2548	2548	982254	982254	0	258095
FOLD	3218	2549	2549	982638	982638	0	258262
FOLD	3219	2550	2550	983025	983025	0	258399
FOLD	3228	2551	2551	983409	983409	0	259309
FOLD	3229	2552	2552	983796	983796	0	259368
FOLD	3230	2553	2553	984180	984180	0	259505
FOLD	3231	2554	2554	984567	984567	0	259683
FOLD	3232	2555	2555	984951	984951	0	259750
FOLD	3233	2556	2556	985338	985338	0	259809
FOLD	3234	2557	2557	985722	985722	0	260037
FOLD	3235	2558	2558	986109	986109	0	260191
FOLD	3244	2559	2559	986493	986493	0	260998
FOLD	3245	2560	2560	986880	986880	0	261082
FOLD	3246	2561	2561	987264	987264	0	261237
FOLD	3247	2562	2562	987651	987651	0	261378
FOLD	3256	2563	2563	988035	988035	0	262408
FOLD	3257	2564	2564	988422	988422	0	262464
FOLD	3258	2565	2565	988806	988806	0	262820
FOLD	3259	2566	2566	989193	989193	0	263005
FOLD	3260	2567	2567	989577	989577	0	263094
FOLD	3261	2568	2568	989964	989964	0	263152
FOLD	3262	2569	2569	990348	990348	0	263305
FOLD	3263	2570	2570	990735	990735	0	263466
FOLD	3264	2571	2571	991119	991119	0	263551
FOLD	3265	2572	2572	991506	991506	0	263624
FOLD	3266	2573	2573	991890	991890	0	263766
FOLD	3267	2574	2574	992277	992277	0	263931
FOLD	3276	2575	2575	992661	992661	0	264923
FOLD	3277	2576	2576	993048	993048	0	265011
FOLD	3278	2577	2577	993432	993432	0	265150
FOLD	3279	2578	2578	993819	993819	0	265290
FOLD	3288	2579	2579	994203	994203	0	266542
FOLD	3289	2580	2580	994590	994590	0	266680
FOLD	3290	2581	2581	994974	994974	0	266880
FOLD	3291	2582	2582	995361	995361	0	267023
FOLD	3292	2583	2583	995745	995745	0	267126
FOLD	3293	2584	2584	996132	996132	0	267228
FOLD	3294	2585	2585	996516	996516	0	267383
FOLD	3295	2586	2586	996903	996903	0	267557
FOLD	3304	2587	2587	997287	997287	0	268515
FOLD	3305	2588	2588	997674	997674	0	268667
FOLD	3306	2589	2589	998058	998058	0	269181
FOLD	3307	2590	2590	998445	998445	0	269343
FOLD	3316	2591	2591	998829	998829	0	270418
FOLD	3317	2592	2592	999216	999216	0	270570
FOLD	3318	2593	2593	999600	999600	0	270774
FOLD	3319	2594	2594	999987	999987	0	270924
FOLD	3320	2595	2595	1000371	1000371	0	271069
FOLD	3321	2596	2596	1000758	1000758	0	271218
FOLD	3322	2597	2597	1001142	1001142	0	271362
FOLD	3323	2598	2598	1001529	1001529	0	271504
FOLD	3324	2599	2599	1001913	1001913	0	271683
FOLD	3325	2600	2600	1002300	1002300	0	271829
FOLD	3326	2601	2601	1002684	1002684	0	271972
FOLD	3327	2602	2602	1003071	1003071	0	272165
FOLD	3332	2603	2603	1003455	1003455	0	272933
FOLD	3333	2604	2604	1003842	1003842	0	272983
FOLD	3334	2605	2605	1004226	1004226	0	273121
FOLD	3335	2606	2606	1004613	1004613	0	273258
FOLD	3344	2607	2607	1004997	1004997	0	274244
FOLD	3345	2608	2608	1005384	1005384	0	274304
FOLD	3346	2609	2609	1005768	1005768	0	274500
FOLD	3347	2610	2610	1006155	1006155	0	274718
FOLD	3348	2611	2611	1006539	1006539	0	274775
FOLD	3349	2612	2612	1006926	1006926	0	274892
FOLD	3350	2613	2613	1007310	1007310	0	275093
FOLD	3351	2614	2614	1007697	1007697	0	275329
FOLD	3360	2615	2615	1008081	1008081	0	276628
FOLD	3361	2616	2616	1008468	1008468	0	276745
FOLD	3362	2617	2617	1008852	1008852	0	277051
FOLD	3363	2618	2618	1009239	1009239	0	277285
FOLD	3372	2619	2619	1009623	1009623	0	278571
FOLD	3373	2620	2620	1010010	1010010	0	278669
FOLD	3374	2621	2621	1010394	1010394	0	278845
FOLD	3375	2622	2622	1010781	1010781	0	279044
FOLD	3376	2623	2623	1011165	1011165	0	279133
FOLD	3377	2624	2624	1011552	1011552	0	279192
FOLD	3378	2625	2625	1011936	1011936	0	279355
FOLD	3379	2626	2626	1012323	1012323	0	279487
FOLD	3380	2627	2627	1012707	1012707	0	279572
FOLD	3381	2628	2628	1013094	1013094	0	279725
FOLD	3382	2629	2629	1013478	1013478	0	279930
FOLD	3383	2630	2630	1013865	1013865	0	280121
FOLD	3392	2631	2631	1014249	1014249	0	281585
FOLD	3393	2632	2632	1014636	1014636	0	281748
FOLD	3394	2633	2633	1015020	1015020	0	281952
FOLD	3395	2634	2634	1015407	1015407	0	282170
FOLD	3404	2635	2635	1015791	1015791	0	284019
FOLD	3405	2636	2636	1016178	1016178	0	284202
FOLD	3406	2637	2637	1016562	1016562	0	284419
FOLD	3407	2638	2638	1016949	1016949	0	284676
FOLD	3408	2639	2639	1017333	1017333	0	284830
FOLD	3409	2640	2640	1017720	1017720	0	284982
FOLD	3410	2641	2641	1018104	1018104	0	285183
FOLD	3411	2642	2642	1018491	1018491	0	285361
FOLD	3420	2643	2643	1018875	1018875	0	287095
FOLD	3421	2644	2644	1019262	1019262	0	287274
FOLD	3430	2645	2645	1019646	1019646	0	288859
FOLD	3431	2646	2646	1020033	1020033	0	289067
FOLD	3432	2647	2647	1020417	1020417	0	289272
FOLD	3433	2648	2648	1020804	1020804	0	289466
FOLD	3434	2649	2649	1021188	1021188	0	289659
FOLD	3435	2650	2650	1021575	1021575	0	289854
FOLD	3436	2651	2651	1021959	1021959	0	290087
FOLD	3437	2652	2652	1022346	1022346	0	290300
FOLD	3438	2653	2653	1022730	1022730	0	290534
FOLD	3439	2654	2654	1023117	1023117	0	290761
FOLD	3448	2655	2655	1023501	1023501	0	292141
FOLD	3449	2656	2656	1023888	1023888	0	292240
FOLD	3450	2657	2657	1024272	1024272	0	292498
FOLD	3451	2658	2658	1024659	1024659	0	292691
FOLD	3460	2659	2659	1025043	1025043	0	294105
FOLD	3461	2660	2660	1025430	1025430	0	294220
FOLD	3462	2661	2661	1025814	1025814	0	294424
FOLD	3463	2662	2662	1026201	1026201	0	294761
FOLD	3464	2663	2663	1026585	1026585	0	294832
FOLD	3465	2664	2664	1026972	1026972	0	294894
FOLD	3466	2665	2665	1027356	1027356	0	295046
FOLD	3467	2666	2666	1027743	1027743	0	295233
FOLD	3476	2667	2667	1028127	1028127	0	296249
FOLD	3477	2668	2668	1028514	1028514	0	296316
FOLD	3478	2669	2669	1028898	1028898	0	296469
FOLD	3479	2670	2670	1029285	1029285	0	296623
FOLD	3488	2671	2671	1029669	1029669	0	297907
FOLD	3489	2672	2672	1030056	1030056	0	298030
FOLD	3490	2673	2673	1030440	1030440	0	298238
FOLD	3491	2674	2674	1030827	1030827	0	298432
FOLD	3492	2675	2675	1031211	1031211	0	298528
FOLD	3493	2676	2676	1031598	1031598	0	298603
FOLD	3494	2677	2677	1031982	1031982	0	298826
FOLD	3495	2678	2678	1032369	1032369	0	299019
FOLD	3496	2679	2679	1032753	1032753	0	299124
FOLD	3497	2680	2680	1033140	1033140	0	299199
FOLD	3498	2681	2681	1033524	1033524	0	299379
FOLD	3499	2682	2682	1033911	1033911	0	299532
FOLD	3508	2683	2683	1034295	1034295	0	300623
FOLD	3509	2684	2684	1034682	1034682	0	300718
FOLD	3510	2685	2685	1035066	1035066	0	300888
FOLD	3511	2686	2686	1035453	1035453	0	301041
FOLD	3520	2687	2687	1035837	1035837	0	302372
FOLD	3521	2688	2688	1036224	1036224	0	302489
FOLD	3522	2689	2689	1036608	1036608	0	302830
FOLD	3523	2690	2690	1036995	1036995	0	302996
FOLD	3524	2691	2691	1037379	1037379	0	303108
FOLD	3525	2692	2692	1037766	1037766	0	303219
FOLD	3526	2693	2693	1038150	1038150	0	303370
FOLD	3527	2694	2694	1038537	1038537	0	303564
FOLD	3544	2695	2695	1038921	1038921	0	305634
FOLD	3545	2696	2696	1039308	1039308	0	305836
FOLD	3546	2697	2697	1039692	1039692	0	306008
FOLD	3547	2698	2698	1040079	1040079	0	306174
FOLD	3548	2699	2699	1040463	1040463	0	306331
FOLD	3549	2700	2700	1040850	1040850	0	306499
FOLD	3550	2701	2701	1041234	1041234	0	306685
FOLD	3551	2702	2702	1041621	1041621	0	306873
FOLD	3552	2703	2703	1042005	1042005	0	307104
FOLD	3553	2704	2704	1042392	1042392	0	307309
FOLD	3562	2705	2705	1042776	1042776	0	308226
FOLD	3563	2706	2706	1043163	1043163	0	308281
FOLD	3564	2707	2707	1043547	1043547	0	308440
FOLD	3565	2708	2708	1043934	1043934	0	308609
FOLD	3574	2709	2709	1044318	1044318	0	309815
FOLD	3575	2710	2710	1044705	1044705	0	309913
FOLD	3576	2711	2711	1045089	1045089	0	310155
FOLD	3577	2712	2712	1045476	1045476	0	310392
FOLD	3578	2713	2713	1045860	1045860	0	310459
FOLD	3579	2714	2714	1046247	1046247	0	310526
FOLD	3580	2715	2715	1046631	1046631	0	310883
FOLD	3581	2716	2716	1047018	1047018	0	311056
FOLD	3590	2717	2717	1047402	1047402	0	312052
FOLD	3591	2718	2718	1047789	1047789	0	312119
FOLD	3592	2719	2719	1048173	1048173	0	312307
FOLD	3593	2720	2720	1048560	1048560	0	312471
FOLD	3602	2721	2721	1048944	1048944	0	313735
FOLD	3603	2722	2722	1049331	1049331	0	313855
FOLD	3604	2723	2723	1049715	1049715	0	314062
FOLD	3605	2724	2724	1050102	1050102	0	314260
FOLD	3606	2725	2725	1050486	1050486	0	314357
FOLD	3607	2726	2726	1050873	1050873	0	314433
FOLD	3608	2727	2727	1051257	1051257	0	314672
FOLD	3609	2728	2728	1051644	1051644	0	314869
FOLD	3610	2729	2729	1052028	1052028	0	314977
FOLD	3611	2730	2730	1052415	1052415	0	315054
FOLD	3612	2731	2731	1052799	1052799	0	315243
FOLD	3613	2732	2732	1053186	1053186	0	315415
FOLD	3622	2733	2733	1053570	1053570	0	316528
FOLD	3623	2734	2734	1053957	1053957	0	316625
FOLD	3624	2735	2735	1054341	1054341	0	316788
FOLD	3625	2736	2736	1054728	1054728	0	316957
FOLD	3634	2737	2737	1055112	1055112	0	318469
FOLD	3635	2738	2738	1055499	1055499	0	318733
FOLD	3652	2739	2739	1055883	1055883	0	320794
FOLD	3653	2740	2740	1056270	1056270	0	320960
FOLD	3654	2741	2741	1056654	1056654	0	321120
FOLD	3655	2742	2742	1057041	1057041	0	321277
FOLD	3656	2743	2743	1057425	1057425	0	321455
FOLD	3657	2744	2744	1057812	1057812	0	321625
FOLD	3658	2745	2745	1058196	1058196	0	321784
FOLD	3659	2746	2746	1058583	1058583	0	322005
FOLD	3660	2747	2747	1058967	1058967	0	322192
FOLD	3661	2748	2748	1059354	1059354	0	322355
FOLD	3662	2749	2749	1059738	1059738	0	322520
FOLD	3663	2750	2750	1060125	1060125	0	322690
FOLD	3664	2751	2751	1060509	1060509	0	322740
FOLD	3665	2752	2752	1060896	1060896	0	322788
FOLD	3666	2753	2753	1061280	1061280	0	322944
FOLD	3667	2754	2754	1061667	1061667	0	323106
FOLD	3676	2755	2755	1062051	1062051	0	324399
FOLD	3677	2756	2756	1062438	1062438	0	324483
FOLD	3678	2757	2757	1062822	1062822	0	324814
FOLD	3679	2758	2758	1063209	1063209	0	325046
FOLD	3688	2759	2759	1063593	1063593	0	326214
FOLD	3689	2760	2760	1063980	1063980	0	326313
FOLD	3690	2761	2761	1064364	1064364	0	326526
FOLD	3691	2762	2762	1064751	1064751	0	326789
FOLD	3692	2763	2763	1065135	1065135	0	326859
FOLD	3693	2764	2764	1065522	1065522	0	326920
FOLD	3694	2765	2765	1065906	1065906	0	327159
FOLD	3695	2766	2766	1066293	1066293	0	327327
FOLD	3704	2767	2767	1066677	1066677	0	328363
FOLD	3705	2768	2768	1067064	1067064	0	328436
FOLD	3706	2769	2769	1067448	1067448	0	328615
FOLD	3707	2770	2770	1067835	1067835	0	328781
FOLD	3716	2771	2771	1068219	1068219	0	330040
FOLD	3717	2772	2772	1068606	1068606	0	330159
FOLD	3718	2773	2773	1068990	1068990	0	330406
FOLD	3719	2774	2774	1069377	1069377	0	330659
FOLD	3720	2775	2775	1069761	1069761	0	330763
FOLD	3721	2776	2776	1070148	1070148	0	330842
FOLD	3722	2777	2777	1070532	1070532	0	331027
FOLD	3723	2778	2778	1070919	1070919	0	331192
FOLD	3724	2779	2779	1071303	1071303	0	331303
FOLD	3725	2780	2780	1071690	1071690	0	331383
FOLD	3726	2781	2781	1072074	1072074	0	331580
FOLD	3727	2782	2782	1072461	1072461	0	331785
FOLD	3736	2783	2783	1072845	1072845	0	333116
FOLD	3737	2784	2784	1073232	1073232	0	333216
FOLD	3738	2785	2785	1073616	1073616	0	333382
FOLD	3739	2786	2786	1074003	1074003	0	333545
FOLD	3764	2787	2787	1074387	1074387	0	336806
FOLD	3765	2788	2788	1074774	1074774	0	336990
FOLD	3766	2789	2789	1075158	1075158	0	337157
FOLD	3767	2790	2790	1075545	1075545	0	337327
FOLD	3768	2791	2791	1075929	1075929	0	337518
FOLD	3769	2792	2792	1076316	1076316	0	337733
FOLD	3770	2793	2793	1076700	1076700	0	337929
FOLD	3771	2794	2794	1077087	1077087	0	338092
FOLD	3772	2795	2795	1077471	1077471	0	338325
FOLD	3773	2796	2796	1077858	1077858	0	338505
FOLD	3774	2797	2797	1078242	1078242	0	338556
FOLD	3775	2798	2798	1078629	1078629	0	338605
FOLD	3776	2799	2799	1079013	1079013	0	338821
FOLD	3777	2800	2800	1079400	1079400	0	339003
FOLD	3778	2801	2801	1079784	1079784	0	339121
FOLD	3779	2802	2802	1080171	1080171	0	339161
FOLD	3780	2803	2803	1080555	1080555	0	339325
FOLD	3781	2804	2804	1080942	1080942	0	339512
FOLD	3790	2805	2805	1081326	1081326	0	340411
FOLD	3791	2806	2806	1081713	1081713	0	340460
FOLD	3792	2807	2807	1082097	1082097	0	340634
FOLD	3793	2808	2808	1082484	1082484	0	340802
FOLD	3802	2809	2809	1082868	1082868	0	341766
FOLD	3803	2810	2810	1083255	1083255	0	341817
FOLD	3804	2811	2811	1083639	1083639	0	342082
FOLD	3805	2812	2812	1084026	1084026	0	342263
FOLD	3806	2813	2813	1084410	1084410	0	342314
FOLD	3807	2814	2814	1084797	1084797	0	342362
FOLD	3808	2815	2815	1085181	1085181	0	342539
FOLD	3809	2816	2816	1085568	1085568	0	342796
FOLD	3818	2817	2817	1085952	1085952	0	343750
FOLD	3819	2818	2818	1086339	1086339	0	343815
FOLD	3820	2819	2819	1086723	1086723	0	343974
FOLD	3821	2820	2820	1087110	1087110	0	344159
FOLD	3830	2821	2821	1087494	1087494	0	345386
FOLD	3831	2822	2822	1087881	1087881	0	345457
FOLD	3832	2823	2823	1088265	1088265	0	345617
FOLD	3833	2824	2824	1088652	1088652	0	345776
FOLD	3834	2825	2825	1089036	1089036	0	345878
FOLD	3835	2826	2826	1089423	1089423	0	345947
FOLD	3836	2827	2827	1089807	1089807	0	346166
FOLD	3837	2828	2828	1090194	1090194	0	346346
FOLD	3838	2829	2829	1090578	1090578	0	346474
FOLD	3839	2830	2830	1090965	1090965	0	346559
FOLD	3840	2831	2831	1091349	1091349	0	346927
FOLD	3841	2832	2832	1091736	1091736	0	347133
FOLD	3874	2833	2833	1092120	1092120	0	351023
FOLD	3875	2834	2834	1092507	1092507	0	351247
FOLD	3876	2835	2835	1092891	1092891	0	351413
FOLD	3877	2836	2836	1093278	1093278	0	351579
FOLD	3878	2837	2837	1093662	1093662	0	351738
FOLD	3879	2838	2838	1094049	1094049	0	351909
FOLD	3880	2839	2839	1094433	1094433	0	352080
FOLD	3881	2840	2840	1094820	1094820	0	352256
FOLD	3882	2841	2841	1095204	1095204	0	352447
FOLD	3883	2842	2842	1095591	1095591	0	352634
FOLD	3884	2843	2843	1095975	1095975	0	352734
FOLD	3885	2844	2844	1096362	1096362	0	352783
FOLD	3886	2845	2845	1096746	1096746	0	353022
FOLD	3887	2846	2846	1097133	1097133	0	353208
FOLD	3888	2847	2847	1097517	1097517	0	353259
FOLD	3889	2848	2848	1097904	1097904	0	353331
FOLD	3890	2849	2849	1098288	1098288	0	353521
FOLD	3891	2850	2850	1098675	1098675	0	353683
FOLD	3892	2851	2851	1099059	1099059	0	353720
FOLD	3893	2852	2852	1099446	1099446	0	353756
FOLD	3894	2853	2853	1099830	1099830	0	353920
FOLD	3895	2854	2854	1100217	1100217	0	354082
FOLD	3904	2855	2855	1100601	1100601	0	354971
FOLD	3905	2856	2856	1100988	1100988	0	355022
FOLD	3906	2857	2857	1101372	1101372	0	355191
FOLD	3907	2858	2858	1101759	1101759	0	355384
FOLD	3916	2859	2859	1102143	1102143	0	356501
FOLD	3917	2860	2860	1102530	1102530	0	356552
FOLD	3918	2861	2861	1102914	1102914	0	356721
FOLD	3919	2862	2862	1103301	1103301	0	356891
FOLD	3920	2863	2863	1103685	1103685	0	356942
FOLD	3921	2864	2864	1104072	1104072	0	356993
FOLD	3922	2865	2865	1104456	1104456	0	357160
FOLD	3923	2866	2866	1104843	1104843	0	357327
FOLD	3932	2867	2867	1105227	1105227	0	358371
FOLD	3933	2868	2868	1105614	1105614	0	358438
FOLD	3934	2869	2869	1105998	1105998	0	358695
FOLD	3935	2870	2870	1106385	1106385	0	358870
FOLD	3944	2871	2871	1106769	1106769	0	360053
FOLD	3945	2872	2872	1107156	1107156	0	360138
FOLD	3946	2873	2873	1107540	1107540	0	360524
FOLD	3947	2874	2874	1107927	1107927	0	360719
FOLD	3948	2875	2875	1108311	1108311	0	360829
FOLD	3949	2876	2876	1108698	1108698	0	360902
FOLD	3950	2877	2877	1109082	1109082	0	361068
FOLD	3951	2878	2878	1109469	1109469	0	361235
FOLD	3952	2879	2879	1109853	1109853	0	361346
FOLD	3953	2880	2880	1110240	1110240	0	361422
FOLD	3986	2881	2881	1110624	1110624	0	365603
FOLD	3987	2882	2882	1111011	1111011	0	365802
FOLD	3988	2883	2883	1111395	1111395	0	366005
FOLD	3989	2884	2884	1111782	1111782	0	366204
FOLD	3990	2885	2885	1112166	1112166	0	366404
FOLD	3991	2886	2886	1112553	1112553	0	366579
FOLD	3992	2887	2887	1112937	1112937	0	366814
FOLD	3993	2888	2888	1113324	1113324	0	367005
FOLD	3994	2889	2889	1113708	1113708	0	367045
FOLD	3995	2890	2890	1114095	1114095	0	367083
FOLD	3996	2891	2891	1114479	1114479	0	367257
FOLD	3997	2892	2892	1114866	1114866	0	367469
FOLD	3998	2893	2893	1115250	1115250	0	367537
FOLD	3999	2894	2894	1115637	1115637	0	367573
FOLD	4000	2895	2895	1116021	1116021	0	367777
FOLD	4001	2896	2896	1116408	1116408	0	367959
FOLD	4002	2897	2897	1116792	1116792	0	367997
FOLD	4003	2898	2898	1117179	1117179	0	368034
FOLD	4004	2899	2899	1117563	1117563	0	368206
FOLD	4005	2900	2900	1117950	1117950	0	368411
FOLD	4006	2901	2901	1118334	1118334	0	368454
FOLD	4007	2902	2902	1118721	1118721	0	368494
FOLD	4008	2903	2903	1119105	1119105	0	368717
FOLD	4009	2904	2904	1119492	1119492	0	368897
FOLD	4018	2905	2905	1119876	1119876	0	369864
FOLD	4019	2906	2906	1120263	1120263	0	369912
FOLD	4020	2907	2907	1120647	1120647	0	370082
FOLD	4021	2908	2908	1121034	1121034	0	370260
FOLD	4030	2909	2909	1121418	1121418	0	371492
FOLD	4031	2910	2910	1121805	1121805	0	371569
FOLD	4032	2911	2911	1122189	1122189	0	371837
FOLD	4033	2912	2912	1122576	1122576	0	372034
FOLD	4034	2913	2913	1122960	1122960	0	372094
FOLD	4035	2914	2914	1123347	1123347	0	372150
FOLD	4036	2915	2915	1123731	1123731	0	372329
FOLD	4037	2916	2916	1124118	1124118	0	372506
FOLD	4046	2917	2917	1124502	1124502	0	373564
FOLD	4047	2918	2918	1124889	1124889	0	373644
FOLD	4048	2919	2919	1125273	1125273	0	373851
FOLD	4049	2920	2920	1125660	1125660	0	374025
FOLD	4058	2921	2921	1126044	1126044	0	375407
FOLD	4059	2922	2922	1126431	1126431	0	375511
FOLD	4068	2923	2923	1126815	1126815	0	376472
FOLD	4069	2924	2924	1127202	1127202	0	376623
FOLD	4094	2925	2925	1127586	1127586	0	379846
FOLD	4095	2926	2926	1127973	1127973	0	380035
FOLD	4096	2927	2927	1128357	1128357	0	380217
FOLD	4097	2928	2928	1128744	1128744	0	380396
FOLD	4098	2929	2929	1129128	1129128	0	380578
FOLD	4099	2930	2930	1129515	1129515	0	380822
FOLD	4100	2931	2931	1129899	1129899	0	381054
FOLD	4101	2932	2932	1130286	1130286	0	381245
FOLD	4102	2933	2933	1130670	1130670	0	381452
FOLD	4103	2934	2934	1131057	1131057	0	381663
FOLD	4108	2935	2935	1131441	1131441	0	382144
FOLD	4109	2936	2936	1131828	1131828	0	382180
FOLD	4110	2937	2937	1132212	1132212	0	382373
FOLD	4111	2938	2938	1132599	1132599	0	382661
FOLD	4112	2939	2939	1132983	1132983	0	382748
FOLD	4113	2940	2940	1133370	1133370	0	382788
FOLD	4114	2941	2941	1133754	1133754	0	382980
FOLD	4115	2942	2942	1134141	1134141	0	383169
FOLD	4116	2943	2943	1134525	1134525	0	383206
FOLD	4117	2944	2944	1134912	1134912	0	383255
FOLD	4118	2945	2945	1135296	1135296	0	383528
FOLD	4119	2946	2946	1135683	1135683	0	383736
FOLD	4120	2947	2947	1136067	1136067	0	383780
FOLD	4121	2948	2948	1136454	1136454	0	383821
FOLD	4122	2949	2949	1136838	1136838	0	384012
FOLD	4123	2950	2950	1137225	1137225	0	384233
FOLD	4132	2951	2951	1137609	1137609	0	385198
FOLD	4133	2952	2952	1137996	1137996	0	385247
FOLD	4134	2953	2953	1138380	1138380	0	385500
FOLD	4135	2954	2954	1138767	1138767	0	385695
FOLD	4144	2955	2955	1139151	1139151	0	387114
FOLD	4145	2956	2956	1139538	1139538	0	387178
FOLD	4146	2957	2957	1139922	1139922	0	387366
FOLD	4147	2958	2958	1140309	1140309	0	387554
FOLD	4148	2959	2959	1140693	1140693	0	387614
FOLD	4149	2960	2960	1141080	1141080	0	387671
FOLD	4150	2961	2961	1141464	1141464	0	387862
FOLD	4151	2962	2962	1141851	1141851	0	388081
FOLD	4160	2963	2963	1142235	1142235	0	389446
FOLD	4161	2964	2964	1142622	1142622	0	389518
FOLD	4162	2965	2965	1143006	1143006	0	389708
FOLD	4163	2966	2966	1143393	1143393	0	389911
FOLD	4204	2967	2967	1143777	1143777	0	395610
FOLD	4205	2968	2968	1144164	1144164	0	395863
FOLD	4206	2969	2969	1144548	1144548	0	396080
FOLD	4207	2970	2970	1144935	1144935	0	396285
FOLD	4208	2971	2971	1145319	1145319	0	396519
FOLD	4209	2972	2972	1145706	1145706	0	396727
FOLD	4210	2973	2973	1146090	1146090	0	396934
FOLD	4211	2974	2974	1146477	1146477	0	397187
FOLD	4212	2975	2975	1146861	1146861	0	397408
FOLD	4213	2976	2976	1147248	1147248	0	397620
FOLD	4222	2977	2977	1147632	1147632	0	398813
FOLD	4223	2978	2978	1148019	1148019	0	398875
FOLD	4224	2979	2979	1148403	1148403	0	399103
FOLD	4225	2980	2980	1148790	1148790	0	399315
FOLD	4226	2981	2981	1149174	1149174	0	399417
FOLD	4227	2982	2982	1149561	1149561	0	399471
FOLD	4228	2983	2983	1149945	1149945	0	399739
FOLD	4229	2984	2984	1150332	1150332	0	399949
FOLD	4230	2985	2985	1150716	1150716	0	400007
FOLD	4231	2986	2986	1151103	1151103	0	400064
FOLD	4232	2987	2987	1151487	1151487	0	400271
FOLD	4233	2988	2988	1151874	1151874	0	400523
FOLD	4234	2989	2989	1152258	1152258	0	400587
FOLD	4235	2990	2990	1152645	1152645	0	400645
FOLD	4236	2991	2991	1153029	1153029	0	400857
FOLD	4237	2992	2992	1153416	1153416	0	401070
FOLD	4246	2993	2993	1153800	1153800	0	402295
FOLD	4247	2994	2994	1154187	1154187	0	402358
FOLD	4248	2995	2995	1154571	1154571	0	402574
FOLD	4249	2996	2996	1154958	1154958	0	402794
FOLD	4258	2997	2997	1155342	1155342	0	404220
FOLD	4259	2998	2998	1155729	1155729	0	404341
FOLD	4260	2999	2999	1156113	1156113	0	404640
FOLD	4261	3000	3000	1156500	1156500	0	404905
FOLD	4262	3001	3001	1156884	1156884	0	404982
FOLD	4263	3002	3002	1157271	1157271	0	405057
FOLD	4264	3003	3003	1157655	1157655	0	405501
FOLD	4265	3004	3004	1158042	1158042	0	405716
FOLD	4314	3005	3005	1158426	1158426	0	413529
FOLD	4315	3006	3006	1158813	1158813	0	413751
FOLD	4316	3007	3007	1159197	1159197	0	414028
FOLD	4317	3008	3008	1159584	1159584	0	414250
FOLD	4318	3009	3009	1159968	1159968	0	414524
FOLD	4319	3010	3010	1160355	1160355	0	414844
FOLD	4320	3011	3011	1160739	1160739	0	415083
FOLD	4321	3012	3012	1161126	1161126	0	415309
FOLD	4322	3013	3013	1161510	1161510	0	415528
FOLD	4323	3014	3014	1161897	1161897	0	415746
FOLD	4324	3015	3015	1162281	1162281	0	415801
FOLD	4325	3016	3016	1162668	1162668	0	415853
FOLD	4326	3017	3017	1163052	1163052	0	416087
FOLD	4327	3018	3018	1163439	1163439	0	416311
FOLD	4336	3019	3019	1163823	1163823	0	417451
FOLD	4337	3020	3020	1164210	1164210	0	417508
FOLD	4338	3021	3021	1164594	1164594	0	417765
FOLD	4339	3022	3022	1164981	1164981	0	417983
FOLD	4340	3023	3023	1165365	1165365	0	418097
FOLD	4341	3024	3024	1165752	1165752	0	418156
FOLD	4342	3025	3025	1166136	1166136	0	418375
FOLD	4343	3026	3026	1166523	1166523	0	418596
FOLD	4344	3027	3027	1166907	1166907	0	418666
FOLD	4345	3028	3028	1167294	1167294	0	418728
FOLD	4346	3029	3029	1167678	1167678	0	418969
FOLD	4347	3030	3030	1168065	1168065	0	419219
FOLD	4348	3031	3031	1168449	1168449	0	419278
FOLD	4349	3032	3032	1168836	1168836	0	419336
FOLD	4350	3033	3033	1169220	1169220	0	419569
FOLD	4351	3034	3034	1169607	1169607	0	419788
FOLD	4360	3035	3035	1169991	1169991	0	421026
FOLD	4361	3036	3036	1170378	1170378	0	421097
FOLD	4362	3037	3037	1170762	1170762	0	421317
FOLD	4363	3038	3038	1171149	1171149	0	421536
FOLD	4372	3039	3039	1171533	1171533	0	423368
FOLD	4373	3040	3040	1171920	1171920	0	423489
FOLD	4374	3041	3041	1172304	1172304	0	423752
FOLD	4375	3042	3042	1172691	1172691	0	424046
FOLD	4376	3043	3043	1173075	1173075	0	424126
FOLD	4377	3044	3044	1173462	1173462	0	424204
FOLD	4426	3045	3045	1173846	1173846	0	431359
FOLD	4427	3046	3046	1174233	1174233	0	431590
FOLD	4428	3047	3047	1174617	1174617	0	431815
FOLD	4429	3048	3048	1175004	1175004	0	432043
FOLD	4430	3049	3049	1175388	1175388	0	432268
FOLD	4431	3050	3050	1175775	1175775	0	432530
FOLD	4432	3051	3051	1176159	1176159	0	432850
FOLD	4433	3052	3052	1176546	1176546	0	433083
FOLD	4438	3053	3053	1176930	1176930	0	433683
FOLD	4439	3054	3054	1177317	1177317	0	433773
FOLD	4440	3055	3055	1177701	1177701	0	433982
FOLD	4441	3056	3056	1178088	1178088	0	434190
FOLD	4450	3057	3057	1178472	1178472	0	435361
FOLD	4451	3058	3058	1178859	1178859	0	435422
FOLD	4452	3059	3059	1179243	1179243	0	435668
FOLD	4453	3060	3060	1179630	1179630	0	435898
FOLD	4454	3061	3061	1180014	1180014	0	435990
FOLD	4455	3062	3062	1180401	1180401	0	436035
FOLD	4456	3063	3063	1180785	1180785	0	436282
FOLD	4457	3064	3064	1181172	1181172	0	436539
FOLD	4458	3065	3065	1181556	1181556	0	436593
FOLD	4459	3066	3066	1181943	1181943	0	436652
FOLD	4460	3067	3067	1182327	1182327	0	436895
FOLD	4461	3068	3068	1182714	1182714	0	437139
FOLD	4462	3069	3069	1183098	1183098	0	437188
FOLD	4463	3070	3070	1183485	1183485	0	437238
FOLD	4464	3071	3071	1183869	1183869	0	437523
FOLD	4465	3072	3072	1184256	1184256	0	437742
FOLD	4474	3073	3073	1184640	1184640	0	438900
FOLD	4475	3074	3074	1185027	1185027	0	438967
FOLD	4476	3075	3075	1185411	1185411	0	439398
FOLD	4477	3076	3076	1185798	1185798	0	439612
FOLD	4534	3077	3077	1186182	1186182	0	448152
FOLD	4535	3078	3078	1186569	1186569	0	448384
FOLD	4536	3079	3079	1186953	1186953	0	448610
FOLD	4537	3080	3080	1187340	1187340	0	448834
FOLD	4538	3081	3081	1187724	1187724	0	449050
FOLD	4539	3082	3082	1188111	1188111	0	449294
FOLD	4540	3083	3083	1188495	1188495	0	449537
FOLD	4541	3084	3084	1188882	1188882	0	449796
FOLD	4542	3085	3085	1189266	1189266	0	450061
FOLD	4543	3086	3086	1189653	1189653	0	450309
FOLD	4552	3087	3087	1190037	1190037	0	451470
FOLD	4553	3088	3088	1190424	1190424	0	451514
FOLD	4554	3089	3089	1190808	1190808	0	451730
FOLD	4555	3090	3090	1191195	1191195	0	451980
FOLD	4564	3091	3091	1191579	1191579	0	453128
FOLD	4565	3092	3092	1191966	1191966	0	453178
FOLD	4566	3093	3093	1192350	1192350	0	453404
FOLD	4567	3094	3094	1192737	1192737	0	453628
FOLD	4568	3095	3095	1193121	1193121	0	453717
FOLD	4569	3096	3096	1193508	1193508	0	453778
FOLD	4570	3097	3097	1193892	1193892	0	454033
FOLD	4571	3098	3098	1194279	1194279	0	454288
FOLD	4572	3099	3099	1194663	1194663	0	454340
FOLD	4573	3100	3100	1195050	1195050	0	454392
FOLD	4574	3101	3101	1195434	1195434	0	454771
FOLD	4575	3102	3102	1195821	1195821	0	455006
FOLD	4576	3103	3103	1196205	1196205	0	455054
FOLD	4577	3104	3104	1196592	1196592	0	455100
FOLD	4578	3105	3105	1196976	1196976	0	455349
FOLD	4579	3106	3106	1197363	1197363	0	455586
FOLD	4588	3107	3107	1197747	1197747	0	457081
FOLD	4589	3108	3108	1198134	1198134	0	457143
FOLD	4646	3109	3109	1198518	1198518	0	465417
FOLD	4647	3110	3110	1198905	1198905	0	465651
FOLD	4648	3111	3111	1199289	1199289	0	465908
FOLD	4649	3112	3112	1199676	1199676	0	466145
FOLD	4650	3113	3113	1200060	1200060	0	466378
FOLD	4651	3114	3114	1200447	1200447	0	467081
FOLD	4652	3115	3115	1200831	1200831	0	467330
FOLD	4653	3116	3116	1201218	1201218	0	467599
FOLD	4654	3117	3117	1201602	1201602	0	467640
FOLD	4655	3118	3118	1201989	1201989	0	467680
FOLD	4656	3119	3119	1202373	1202373	0	467949
FOLD	4657	3120	3120	1202760	1202760	0	468218
FOLD	4666	3121	3121	1203144	1203144	0	469415
FOLD	4667	3122	3122	1203531	1203531	0	469464
FOLD	4668	3123	3123	1203915	1203915	0	469743
FOLD	4669	3124	3124	1204302	1204302	0	469981
FOLD	4678	3125	3125	1204686	1204686	0	471113
FOLD	4679	3126	3126	1205073	1205073	0	471179
FOLD	4680	3127	3127	1205457	1205457	0	471453
FOLD	4681	3128	3128	1205844	1205844	0	471726
FOLD	4682	3129	3129	1206228	1206228	0	471836
FOLD	4683	3130	3130	1206615	1206615	0	471892
FOLD	4684	3131	3131	1206999	1206999	0	472227
FOLD	4685	3132	3132	1207386	1207386	0	472482
FOLD	4686	3133	3133	1207770	1207770	0	472532
FOLD	4687	3134	3134	1208157	1208157	0	472579
FOLD	4688	3135	3135	1208541	1208541	0	473049
FOLD	4689	3136	3136	1208928	1208928	0	473336
FOLD	4690	3137	3137	1209312	1209312	0	473389
FOLD	4691	3138	3138	1209699	1209699	0	473441
FOLD	4692	3139	3139	1210083	1210083	0	473706
FOLD	4693	3140	3140	1210470	1210470	0	473978
FOLD	4758	3141	3141	1210854	1210854	0	483146
FOLD	4759	3142	3142	1211241	1211241	0	483394
FOLD	4760	3143	3143	1211625	1211625	0	483654
FOLD	4761	3144	3144	1212012	1212012	0	483927
FOLD	4762	3145	3145	1212396	1212396	0	484202
FOLD	4763	3146	3146	1212783	1212783	0	484482
FOLD	4764	3147	3147	1213167	1213167	0	484526
FOLD	4765	3148	3148	1213554	1213554	0	484568
FOLD	4766	3149	3149	1213938	1213938	0	484852
FOLD	4767	3150	3150	1214325	1214325	0	485130
FOLD	4768	3151	3151	1214709	1214709	0	485175
FOLD	4769	3152	3152	1215096	1215096	0	485233
FOLD	4770	3153	3153	1215480	1215480	0	485517
FOLD	4771	3154	3154	1215867	1215867	0	485760
FOLD	4780	3155	3155	1216251	1216251	0	486963
FOLD	4781	3156	3156	1216638	1216638	0	487017
FOLD	4782	3157	3157	1217022	1217022	0	487330
FOLD	4783	3158	3158	1217409	1217409	0	487618
FOLD	4792	3159	3159	1217793	1217793	0	488824
FOLD	4793	3160	3160	1218180	1218180	0	488879
FOLD	4794	3161	3161	1218564	1218564	0	489497
FOLD	4795	3162	3162	1218951	1218951	0	489749
FOLD	4796	3163	3163	1219335	1219335	0	489844
FOLD	4797	3164	3164	1219722	1219722	0	489893
FOLD	4798	3165	3165	1220106	1220106	0	490134
FOLD	4799	3166	3166	1220493	1220493	0	490378
FOLD	4800	3167	3167	1220877	1220877	0	490425
FOLD	4801	3168	3168	1221264	1221264	0	490473
FOLD	4866	3169	3169	1221648	1221648	0	499686
FOLD	4867	3170	3170	1222035	1222035	0	500052
FOLD	4868	3171	3171	1222419	1222419	0	500342
FOLD	4869	3172	3172	1222806	1222806	0	500597
FOLD	4870	3173	3173	1223190	1223190	0	500859
FOLD	4871	3174	3174	1223577	1223577	0	501164
FOLD	4872	3175	3175	1223961	1223961	0	501482
FOLD	4873	3176	3176	1224348	1224348	0	501757
FOLD	4878	3177	3177	1224732	1224732	0	502465
FOLD	4879	3178	3178	1225119	1225119	0	502508
FOLD	4880	3179	3179	1225503	1225503	0	502785
FOLD	4881	3180	3180	1225890	1225890	0	503082
FOLD	4882	3181	3181	1226274	1226274	0	503127
FOLD	4883	3182	3182	1226661	1226661	0	503171
FOLD	4884	3183	3183	1227045	1227045	0	503460
FOLD	4885	3184	3184	1227432	1227432	0	503745
FOLD	4894	3185	3185	1227816	1227816	0	505020
FOLD	4895	3186	3186	1228203	1228203	0	505076
FOLD	4896	3187	3187	1228587	1228587	0	505402
FOLD	4897	3188	3188	1228974	1228974	0	505663
FOLD	4906	3189	3189	1229358	1229358	0	507245
FOLD	4907	3190	3190	1229745	1229745	0	507303
FOLD	4916	3191	3191	1230129	1230129	0	508317
FOLD	4917	3192	3192	1230516	1230516	0	508540
FOLD	4918	3193	3193	1230900	1230900	0	508593
FOLD	4919	3194	3194	1231287	1231287	0	508646
FOLD	4976	3195	3195	1231671	1231671	0	517131
FOLD	4977	3196	3196	1232058	1232058	0	517413
FOLD	4978	3197	3197	1232442	1232442	0	517679
FOLD	4979	3198	3198	1232829	1232829	0	517945
FOLD	4980	3199	3199	1233213	1233213	0	518214
FOLD	4981	3200	3200	1233600	1233600	0	518516
FOLD	4982	3201	3201	1233984	1233984	0	519385
FOLD	4983	3202	3202	1234371	1234371	0	519659
FOLD	4992	3203	3203	1234755	1234755	0	520960
FOLD	4993	3204	3204	1235142	1235142	0	521001
FOLD	4994	3205	3205	1235526	1235526	0	521263
FOLD	4995	3206	3206	1235913	1235913	0	521527
FOLD	4996	3207	3207	1236297	1236297	0	521565
FOLD	4997	3208	3208	1236684	1236684	0	521602
FOLD	4998	3209	3209	1237068	1237068	0	521936
FOLD	4999	3210	3210	1237455	1237455	0	522214
FOLD	5008	3211	3211	1237839	1237839	0	523859
FOLD	5009	3212	3212	1238226	1238226	0	523914
FOLD	5010	3213	3213	1238610	1238610	0	524182
FOLD	5011	3214	3214	1238997	1238997	0	524500
FOLD	5084	3215	3215	1239381	1239381	0	534454
FOLD	5085	3216	3216	1239768	1239768	0	534782
FOLD	5086	3217	3217	1240152	1240152	0	535098
FOLD	5087	3218	3218	1240539	1240539	0	535374
FOLD	5088	3219	3219	1240923	1240923	0	535644
FOLD	5089	3220	3220	1241310	1241310	0	535949
FOLD	5090	3221	3221	1241694	1241694	0	536283
FOLD	5091	3222	3222	1242081	1242081	0	536560
FOLD	5092	3223	3223	1242465	1242465	0	536871
FOLD	5093	3224	3224	1242852	1242852	0	537154
FOLD	5094	3225	3225	1243236	1243236	0	537191
FOLD	5095	3226	3226	1243623	1243623	0	537228
FOLD	5096	3227	3227	1244007	1244007	0	537548
FOLD	5097	3228	3228	1244394	1244394	0	537853
FOLD	5106	3229	3229	1244778	1244778	0	539388
FOLD	5107	3230	3230	1245165	1245165	0	539433
FOLD	5108	3231	3231	1245549	1245549	0	539733
FOLD	5109	3232	3232	1245936	1245936	0	540021
FOLD	5110	3233	3233	1246320	1246320	0	540067
FOLD	5111	3234	3234	1246707	1246707	0	540113
FOLD	5112	3235	3235	1247091	1247091	0	540738
FOLD	5113	3236	3236	1247478	1247478	0	541050
FOLD	5146	3237	3237	1247862	1247862	0	545185
FOLD	5147	3238	3238	1248249	1248249	0	545258
FOLD	5196	3239	3239	1248633	1248633	0	553257
FOLD	5197	3240	3240	1249020	1249020	0	553565
FOLD	5198	3241	3241	1249404	1249404	0	553858
FOLD	5199	3242	3242	1249791	1249791	0	554187
FOLD	5200	3243	3243	1250175	1250175	0	555022
FOLD	5201	3244	3244	1250562	1250562	0	555319
FOLD	5202	3245	3245	1250946	1250946	0	555644
FOLD	5203	3246	3246	1251333	1251333	0	555968
FOLD	5208	3247	3247	1251717	1251717	0	556662
FOLD	5209	3248	3248	1252104	1252104	0	556706
FOLD	5210	3249	3249	1252488	1252488	0	556998
FOLD	5211	3250	3250	1252875	1252875	0	557279
FOLD	5220	3251	3251	1253259	1253259	0	559209
FOLD	5221	3252	3252	1253646	1253646	0	559261
FOLD	5222	3253	3253	1254030	1254030	0	559573
FOLD	5223	3254	3254	1254417	1254417	0	559900
FOLD	5224	3255	3255	1254801	1254801	0	559956
FOLD	5225	3256	3256	1255188	1255188	0	560010
FOLD	5306	3257	3257	1255572	1255572	0	571302
FOLD	5307	3258	3258	1255959	1255959	0	571661
FOLD	5308	3259	3259	1256343	1256343	0	571997
FOLD	5309	3260	3260	1256730	1256730	0	572291
FOLD	5310	3261	3261	1257114	1257114	0	572588
FOLD	5311	3262	3262	1257501	1257501	0	572883
FOLD	5312	3263	3263	1257885	1257885	0	573181
FOLD	5313	3264	3264	1258272	1258272	0	573526
FOLD	5322	3265	3265	1258656	1258656	0	575004
FOLD	5323	3266	3266	1259043	1259043	0	575048
FOLD	5324	3267	3267	1259427	1259427	0	575742
FOLD	5325	3268	3268	1259814	1259814	0	576058
FOLD	5414	3269	3269	1260198	1260198	0	588582
FOLD	5415	3270	3270	1260585	1260585	0	588924
FOLD	5416	3271	3271	1260969	1260969	0	589267
FOLD	5417	3272	3272	1261356	1261356	0	589641
FOLD	5418	3273	3273	1261740	1261740	0	590028
FOLD	5419	3274	3274	1262127	1262127	0	591055
FOLD	5420	3275	3275	1262511	1262511	0	591414
FOLD	5421	3276	3276	1262898	1262898	0	591749
FOLD	5422	3277	3277	1263282	1263282	0	592078
FOLD	5423	3278	3278	1263669	1263669	0	592409
FOLD	5424	3279	3279	1264053	1264053	0	592445
FOLD	5425	3280	3280	1264440	1264440	0	592484
FOLD	5426	3281	3281	1264824	1264824	0	592806
FOLD	5427	3282	3282	1265211	1265211	0	593134
FOLD	5436	3283	3283	1265595	1265595	0	595171
FOLD	5437	3284	3284	1265982	1265982	0	595221
FOLD	5526	3285	3285	1266366	1266366	0	608865
FOLD	5527	3286	3286	1266753	1266753	0	609218
FOLD	5528	3287	3287	1267137	1267137	0	609580
FOLD	5529	3288	3288	1267524	1267524	0	609974
FOLD	5530	3289	3289	1267908	1267908	0	610368
FOLD	5531	3290	3290	1268295	1268295	0	610809
FOLD	5532	3291	3291	1268679	1268679	0	611931
FOLD	5533	3292	3292	1269066	1269066	0	612281
FOLD	5534	3293	3293	1269450	1269450	0	612364
FOLD	5535	3294	3294	1269837	1269837	0	612402
FOLD	5536	3295	3295	1270221	1270221	0	613046
FOLD	5537	3296	3296	1270608	1270608	0	613456
FOLD	5538	3297	3297	1270992	1270992	0	613526
FOLD	5539	3298	3298	1271379	1271379	0	613567
FOLD	5540	3299	3299	1271763	1271763	0	613963
FOLD	5541	3300	3300	1272150	1272150	0	614463
FOLD	5638	3301	3301	1272534	1272534	0	630189
FOLD	5639	3302	3302	1272921	1272921	0	630554
FOLD	5640	3303	3303	1273305	1273305	0	630922
FOLD	5641	3304	3304	1273692	1273692	0	631275
FOLD	5642	3305	3305	1274076	1274076	0	632081
FOLD	5643	3306	3306	1274463	1274463	0	632496
FOLD	5644	3307	3307	1274847	1274847	0	632540
FOLD	5645	3308	3308	1275234	1275234	0	632583
FOLD	5646	3309	3309	1275618	1275618	0	632992
FOLD	5647	3310	3310	1276005	1276005	0	633368
FOLD	5648	3311	3311	1276389	1276389	0	633409
FOLD	5649	3312	3312	1276776	1276776	0	633466
FOLD	5746	3313	3313	1277160	1277160	0	649255
FOLD	5747	3314	3314	1277547	1277547	0	649647
FOLD	5748	3315	3315	1277931	1277931	0	650091
FOLD	5749	3316	3316	1278318	1278318	0	650544
FOLD	5750	3317	3317	1278702	1278702	0	651424
FOLD	5751	3318	3318	1279089	1279089	0	651827
FOLD	5752	3319	3319	1279473	1279473	0	652255
FOLD	5753	3320	3320	1279860	1279860	0	652670
FOLD	5766	3321	3321	1280244	1280244	0	654539
FOLD	5767	3322	3322	1280631	1280631	0	654582
FOLD	5856	3323	3323	1281015	1281015	0	669301
FOLD	5857	3324	3324	1281402	1281402	0	669708
FOLD	5858	3325	3325	1281786	1281786	0	670560
FOLD	5859	3326	3326	1282173	1282173	0	670961
FOLD	5860	3327	3327	1282557	1282557	0	671354
FOLD	5861	3328	3328	1282944	1282944	0	671744
FOLD	5966	3329	3329	1283328	1283328	0	689615
FOLD	5967	3330	3330	1283715	1283715	0	690025
FOLD	5968	3331	3331	1284099	1284099	0	690426
FOLD	5969	3332	3332	1284486	1284486	0	690907
FOLD	5994	3333	3333	1284870	1284870	0	695347
FOLD	5995	3334	3334	1285257	1285257	0	695403
FOLD	6076	3335	3335	1285641	1285641	0	709872
FOLD	6077	3336	3336	1286028	1286028	0	710277
FOLD	8192	3275	3336	1262511	1286028	0	1096207
FOLD	16384	3181	3336	1226271	1286028	0	2516606
FOLD	32768	3183	3336	1227045	1286028	0	5229520
