INPUT	60938840191629480966830716039	96	57	484
FRAME	1	0	1	1	25
FOLD	0	0	0	0	0	0	77
RAIL	0	0	0	0
CORRELATION	0	0	0	0
SQUARE	1	101
FOLD	0	0	0	0	0	0	100
RAIL	0	0	0	0
CORRELATION	0	0	0	0
SQUARE	2	177
FOLD	0	0	0	0	0	0	119
RAIL	0	0	0	0
CORRELATION	0	0	0	0
SQUARE	4	179
FOLD	0	0	0	0	0	0	140
RAIL	0	0	0	0
CORRELATION	0	0	0	0
SQUARE	8	181
FOLD	0	0	0	0	0	0	182
RAIL	0	0	0	0
CORRELATION	0	0	0	0
SQUARE	16	183
FOLD	0	0	0	0	0	0	279
RAIL	0	0	0	0
CORRELATION	0	0	0	0
SQUARE	32	186
FOLD	0	0	0	0	0	0	481
RAIL	0	0	0	0
CORRELATION	0	0	0	0
SQUARE	64	188
FOLD	1	1	1	288	288	0	668
RAIL	2	94	0	0
CORRELATION	0	0	0	0
SQUARE	96	191
FOLD	1	1	1	288	288	0	794
RAIL	2	94	1	0
CORRELATION	0	0	0	0
SQUARE	128	191
FOLD	2	1	1	291	291	0	991
RAIL	2	95	1	0
CORRELATION	0	0	0	0
SQUARE	192	193
FOLD	2	1	1	291	291	0	1233
RAIL	2	95	2	0
CORRELATION	0	0	0	0
SQUARE	256	193
FOLD	3	1	1	288	291	0	3806
RAIL	48	48	2	1
CORRELATION	1	0	4599	6949
SQUARE	288	193
FOLD	4	2	2	576	576	0	3816
RAIL	48	48	2	1
CORRELATION	1	0	4599	6949
SQUARE	288	193
FOLD	5	4	4	1155	1155	0	4545
RAIL	48	49	2	2
CORRELATION	1	0	4599	6949
SQUARE	384	196
FOLD	5	4	4	1155	1155	0	5019
RAIL	48	49	2	3
CORRELATION	2	0	4599	6949
SQUARE	384	196
FOLD	6	5	5	1446	1446	0	5026
RAIL	48	49	2	3
CORRELATION	2	0	4599	6949
SQUARE	384	196
FOLD	7	7	7	2025	2025	0	5704
RAIL	3	93	2	4
CORRELATION	2	0	4599	6949
SQUARE	480	196
FOLD	7	7	7	2025	2025	0	5889
RAIL	3	93	3	4
CORRELATION	3	0	4599	6949
SQUARE	512	196
FOLD	8	7	7	2028	2028	0	6050
RAIL	3	94	3	4
CORRELATION	3	0	4599	6949
SQUARE	576	196
FOLD	8	7	7	2028	2028	0	6110
RAIL	3	94	4	4
CORRELATION	4	0	4599	6949
SQUARE	576	196
FOLD	10	8	8	2313	2313	0	6833
RAIL	47	49	4	5
CORRELATION	5	0	4599	6949
SQUARE	672	198
FOLD	11	10	10	2892	2892	0	7613
RAIL	47	50	4	6
CORRELATION	5	0	4599	6949
SQUARE	768	198
FOLD	12	11	11	3183	3183	0	8088
RAIL	47	50	4	7
CORRELATION	6	0	4599	6949
SQUARE	768	198
FOLD	13	13	13	3762	3762	0	9731
RAIL	4	92	4	8
CORRELATION	6	0	4599	6949
SQUARE	864	198
FOLD	14	13	13	3765	3765	0	10237
RAIL	4	93	6	8
CORRELATION	8	0	4599	6949
SQUARE	960	198
FOLD	14	13	13	3765	3765	0	10403
RAIL	4	93	6	8
CORRELATION	8	0	4599	6949
SQUARE	1024	198
FOLD	16	14	14	4050	4050	0	10939
RAIL	46	50	6	9
CORRELATION	9	0	4599	6949
SQUARE	1056	198
FOLD	17	16	16	4629	4629	0	11664
RAIL	46	51	6	10
CORRELATION	9	0	4599	6949
SQUARE	1152	198
FOLD	18	17	17	4920	4920	0	12252
RAIL	46	51	6	11
CORRELATION	10	0	4599	6949
SQUARE	1152	198
FOLD	19	19	19	5499	5499	0	13009
RAIL	5	91	6	12
CORRELATION	10	0	4599	6949
SQUARE	1248	201
FOLD	20	20	20	5787	5787	0	13440
RAIL	5	91	6	13
CORRELATION	11	0	4599	6949
SQUARE	1248	201
FOLD	22	21	21	6081	6081	0	15114
RAIL	5	92	7	14
CORRELATION	12	0	4599	6949
SQUARE	1344	201
FOLD	24	22	22	6366	6366	0	16064
RAIL	45	51	8	15
CORRELATION	13	0	4599	6949
SQUARE	1440	201
FOLD	25	24	24	6945	6945	0	16812
RAIL	45	52	8	16
CORRELATION	13	0	4599	6949
SQUARE	1536	201
FOLD	26	25	25	7236	7236	0	17316
RAIL	45	52	8	17
CORRELATION	14	0	4599	6949
SQUARE	1536	201
FOLD	27	27	27	7815	7815	0	18180
RAIL	6	90	8	18
CORRELATION	14	0	4599	6949
SQUARE	1632	201
FOLD	28	28	28	8103	8103	0	18728
RAIL	6	90	8	19
CORRELATION	15	0	4599	6949
SQUARE	1632	201
FOLD	29	28	28	8106	8106	0	19809
RAIL	6	91	9	20
CORRELATION	16	0	4599	6949
SQUARE	1728	201
FOLD	30	29	29	8397	8397	0	19820
RAIL	6	91	9	20
CORRELATION	16	0	4599	6949
SQUARE	1728	201
FOLD	31	31	31	8976	8976	0	20541
RAIL	44	52	9	21
CORRELATION	16	0	4599	6949
SQUARE	1824	201
FOLD	32	32	32	9264	9264	0	21106
RAIL	44	52	9	22
CORRELATION	17	0	4599	6949
SQUARE	1824	201
FOLD	33	34	34	9843	9843	0	21883
RAIL	44	53	9	23
CORRELATION	17	0	4599	6949
SQUARE	1920	201
FOLD	34	35	35	10134	10134	0	22382
RAIL	44	53	9	24
CORRELATION	18	0	4599	6949
SQUARE	1920	201
FOLD	35	37	37	10713	10713	0	23202
RAIL	7	89	9	25
CORRELATION	18	0	4599	6949
SQUARE	2016	201
FOLD	36	38	38	11001	11001	0	23711
RAIL	7	89	9	26
CORRELATION	19	0	4599	6949
SQUARE	2016	201
FOLD	36	38	38	11001	11001	0	24347
RAIL	7	89	9	27
CORRELATION	19	0	4599	6949
SQUARE	2048	201
FOLD	37	40	40	11580	11580	0	24568
RAIL	7	90	9	27
CORRELATION	19	0	4599	6949
SQUARE	2112	201
FOLD	38	41	41	11871	11871	0	25051
RAIL	7	90	9	28
CORRELATION	20	0	4599	6949
SQUARE	2112	201
FOLD	39	43	43	12450	12450	0	25766
RAIL	43	53	9	29
CORRELATION	20	0	4599	6949
SQUARE	2208	201
FOLD	40	44	44	12738	12738	0	26281
RAIL	43	53	9	30
CORRELATION	21	0	4599	6949
SQUARE	2208	201
FOLD	41	46	46	13317	13317	0	27237
RAIL	43	54	9	31
CORRELATION	21	0	4599	6949
SQUARE	2304	201
FOLD	42	47	47	13608	13608	0	27882
RAIL	43	54	9	32
CORRELATION	22	0	4599	6949
SQUARE	2304	201
FOLD	43	49	49	14187	14187	0	28792
RAIL	8	88	9	33
CORRELATION	22	0	4599	6949
SQUARE	2400	203
FOLD	44	50	50	14475	14475	0	29467
RAIL	8	88	9	34
CORRELATION	23	0	4599	6949
SQUARE	2400	203
FOLD	45	52	52	15054	15054	0	30207
RAIL	8	89	9	35
CORRELATION	23	0	4599	6949
SQUARE	2496	203
FOLD	46	53	53	15345	15345	0	30814
RAIL	8	89	9	36
CORRELATION	24	0	4599	6949
SQUARE	2496	203
FOLD	47	55	55	15924	15924	0	31637
RAIL	42	54	9	37
CORRELATION	24	0	4599	6949
SQUARE	2592	203
FOLD	48	56	56	16212	16212	0	32244
RAIL	42	54	9	38
CORRELATION	25	0	4599	6949
SQUARE	2592	203
FOLD	49	58	58	16791	16791	0	33061
RAIL	42	55	9	39
CORRELATION	25	0	4599	6949
SQUARE	2688	203
FOLD	50	59	59	17082	17082	0	33718
RAIL	42	55	9	40
CORRELATION	26	0	4599	6949
SQUARE	2688	203
FOLD	51	61	61	17661	17661	0	34660
RAIL	9	87	9	41
CORRELATION	26	0	4599	6949
SQUARE	2784	203
FOLD	52	62	62	17949	17949	0	35308
RAIL	9	87	9	42
CORRELATION	27	0	4599	6949
SQUARE	2784	203
FOLD	53	64	64	18528	18528	0	36055
RAIL	9	88	9	43
CORRELATION	27	0	4599	6949
SQUARE	2880	203
FOLD	54	65	65	18819	18819	0	36586
RAIL	9	88	9	44
CORRELATION	28	0	4599	6949
SQUARE	2880	203
FOLD	55	67	67	19398	19398	0	37388
RAIL	41	55	9	45
CORRELATION	28	0	4599	6949
SQUARE	2976	203
FOLD	56	68	68	19686	19686	0	37916
RAIL	41	55	9	46
CORRELATION	29	0	4599	6949
SQUARE	2976	203
FOLD	57	70	70	20265	20265	0	39825
RAIL	41	56	9	47
CORRELATION	29	0	4599	6949
SQUARE	3072	203
FOLD	58	71	71	20556	20556	0	40439
RAIL	41	56	9	48
CORRELATION	30	0	4599	6949
SQUARE	3072	203
FOLD	59	73	73	21135	21135	0	41299
RAIL	10	86	9	49
CORRELATION	30	0	4599	6949
SQUARE	3168	203
FOLD	60	74	74	21423	21423	0	41893
RAIL	10	86	9	50
CORRELATION	31	0	4599	6949
SQUARE	3168	203
FOLD	61	76	76	22002	22002	0	44235
RAIL	10	87	9	51
CORRELATION	31	0	4599	6949
SQUARE	3264	203
FOLD	61	76	76	22002	22002	0	46254
RAIL	10	87	9	52
CORRELATION	32	0	4599	6949
SQUARE	3264	203
FOLD	62	77	77	22293	22293	0	46263
RAIL	10	87	9	52
CORRELATION	32	0	4599	6949
SQUARE	3264	203
FOLD	63	79	79	22872	22872	0	47154
RAIL	40	56	9	53
CORRELATION	32	0	4599	6949
SQUARE	3360	203
FOLD	64	80	80	23160	23160	0	47789
RAIL	40	56	9	54
CORRELATION	33	0	4599	6949
SQUARE	3360	203
FOLD	65	82	82	23739	23739	0	48609
RAIL	40	57	9	55
CORRELATION	33	0	4599	6949
SQUARE	3456	203
FOLD	66	83	83	24030	24030	0	49287
RAIL	40	57	9	56
CORRELATION	34	0	4599	6949
SQUARE	3456	203
FOLD	67	85	85	24609	24609	0	50137
RAIL	11	85	9	57
CORRELATION	34	0	4599	6949
SQUARE	3552	203
FOLD	68	86	86	24897	24897	0	50693
RAIL	11	85	9	58
CORRELATION	35	0	4599	6949
SQUARE	3552	203
FOLD	69	88	88	25476	25476	0	51648
RAIL	11	86	9	59
CORRELATION	35	0	4599	6949
SQUARE	3648	203
FOLD	70	89	89	25767	25767	0	52204
RAIL	11	86	9	60
CORRELATION	36	0	4599	6949
SQUARE	3648	203
FOLD	71	91	91	26346	26346	0	53025
RAIL	39	57	9	61
CORRELATION	36	0	4599	6949
SQUARE	3744	203
FOLD	72	92	92	26634	26634	0	53690
RAIL	39	57	9	62
CORRELATION	37	0	4599	6949
SQUARE	3744	203
FOLD	73	94	94	27213	27213	0	54551
RAIL	39	58	9	63
CORRELATION	37	0	4599	6949
SQUARE	3840	203
FOLD	74	95	95	27504	27504	0	55125
RAIL	39	58	9	64
CORRELATION	38	0	4599	6949
SQUARE	3840	203
FOLD	75	97	97	28083	28083	0	55886
RAIL	12	84	9	65
CORRELATION	38	0	4599	6949
SQUARE	3936	203
FOLD	76	98	98	28371	28371	0	56426
RAIL	12	84	9	66
CORRELATION	39	0	4599	6949
SQUARE	3936	203
FOLD	77	100	100	28950	28950	0	59209
RAIL	12	85	9	67
CORRELATION	39	0	4599	6949
SQUARE	4032	203
FOLD	78	101	101	29241	29241	0	61353
RAIL	12	85	9	68
CORRELATION	40	0	4599	6949
SQUARE	4032	203
FOLD	78	101	101	29241	29241	0	62520
RAIL	12	85	9	69
CORRELATION	40	0	4599	6949
SQUARE	4096	203
FOLD	79	103	103	29820	29820	0	62660
RAIL	38	58	9	69
CORRELATION	40	0	4599	6949
SQUARE	4128	203
FOLD	80	104	104	30108	30108	0	63289
RAIL	38	58	9	70
CORRELATION	41	0	4599	6949
SQUARE	4128	203
FOLD	81	106	106	30687	30687	0	63976
RAIL	38	59	9	71
CORRELATION	41	0	4599	6949
SQUARE	4224	203
FOLD	82	107	107	30978	30978	0	64472
RAIL	38	59	9	72
CORRELATION	42	0	4599	6949
SQUARE	4224	203
FOLD	83	109	109	31557	31557	0	65203
RAIL	13	83	9	73
CORRELATION	42	0	4599	6949
SQUARE	4320	203
FOLD	84	110	110	31845	31845	0	65661
RAIL	13	83	9	74
CORRELATION	43	0	4599	6949
SQUARE	4320	203
FOLD	85	112	112	32424	32424	0	66371
RAIL	13	84	9	75
CORRELATION	43	0	4599	6949
SQUARE	4416	203
FOLD	86	113	113	32715	32715	0	66850
RAIL	13	84	9	76
CORRELATION	44	0	4599	6949
SQUARE	4416	203
FOLD	87	115	115	33294	33294	0	67728
RAIL	37	59	9	77
CORRELATION	44	0	4599	6949
SQUARE	4512	203
FOLD	88	116	116	33582	33582	0	69588
RAIL	37	59	9	78
CORRELATION	45	2	4599	6949
SQUARE	4512	203
FOLD	89	118	118	34161	34161	0	70295
RAIL	37	60	9	79
CORRELATION	45	2	4599	6949
SQUARE	4608	203
FOLD	90	119	119	34452	34452	0	71877
RAIL	37	60	9	80
CORRELATION	46	4	4599	6949
SQUARE	4608	203
FOLD	91	121	121	35031	35031	0	72598
RAIL	14	82	9	81
CORRELATION	46	4	4599	6949
SQUARE	4704	206
FOLD	92	122	122	35319	35319	0	73022
RAIL	14	82	9	82
CORRELATION	47	4	4599	6949
SQUARE	4704	206
FOLD	93	124	124	35898	35898	0	73692
RAIL	14	83	9	83
CORRELATION	47	4	4599	6949
SQUARE	4800	206
FOLD	94	125	125	36189	36189	0	74162
RAIL	14	83	9	84
CORRELATION	48	4	4599	6949
SQUARE	4800	206
FOLD	95	127	127	36768	36768	0	74868
RAIL	36	60	9	85
CORRELATION	48	4	4599	6949
SQUARE	4896	206
FOLD	96	128	128	37056	37056	0	76716
RAIL	36	60	9	86
CORRELATION	49	7	4599	6949
SQUARE	4896	206
FOLD	97	130	130	37635	37635	0	77490
RAIL	36	61	9	87
CORRELATION	49	7	4599	6949
SQUARE	4992	206
FOLD	98	131	131	37926	37926	0	78025
RAIL	36	61	9	88
CORRELATION	50	7	4599	6949
SQUARE	4992	206
FOLD	99	133	133	38505	38505	0	78792
RAIL	15	81	9	89
CORRELATION	50	7	4599	6949
SQUARE	5088	206
FOLD	100	134	134	38793	38793	0	80270
RAIL	15	81	9	90
CORRELATION	51	10	4599	6949
SQUARE	5088	206
FOLD	101	136	136	39372	39372	0	80972
RAIL	15	82	9	91
CORRELATION	51	10	4599	6949
SQUARE	5184	206
FOLD	102	137	137	39663	39663	0	81378
RAIL	15	82	9	92
CORRELATION	52	10	4599	6949
SQUARE	5184	206
FOLD	103	139	139	40242	40242	0	82019
RAIL	35	61	9	93
CORRELATION	52	10	4599	6949
SQUARE	5280	206
FOLD	104	140	140	40530	40530	0	82505
RAIL	35	61	9	94
CORRELATION	53	10	4599	6949
SQUARE	5280	206
FOLD	105	142	142	41109	41109	0	83234
RAIL	35	62	9	95
CORRELATION	53	10	4599	6949
SQUARE	5376	206
FOLD	106	143	143	41400	41400	0	83597
RAIL	35	62	9	96
CORRELATION	54	10	4599	6949
SQUARE	5376	206
FOLD	107	145	145	41979	41979	0	85610
RAIL	16	80	9	97
CORRELATION	54	10	4599	6949
SQUARE	5472	206
FOLD	108	146	146	42267	42267	0	86119
RAIL	16	80	9	98
CORRELATION	55	10	4599	6949
SQUARE	5472	206
FOLD	109	148	148	42846	42846	0	86786
RAIL	16	81	9	99
CORRELATION	55	10	4599	6949
SQUARE	5568	206
FOLD	110	149	149	43137	43137	0	89255
RAIL	16	81	9	100
CORRELATION	56	13	4599	6949
SQUARE	5568	206
FOLD	111	151	151	43716	43716	0	89942
RAIL	34	62	9	101
CORRELATION	56	13	4599	6949
SQUARE	5664	206
FOLD	112	152	152	44004	44004	0	92383
RAIL	34	62	9	102
CORRELATION	57	15	4599	6949
SQUARE	5664	206
FOLD	113	154	154	44583	44583	0	93015
RAIL	34	63	9	103
CORRELATION	57	15	4599	6949
SQUARE	5760	206
FOLD	114	155	155	44874	44874	0	93435
RAIL	34	63	9	104
CORRELATION	58	15	4599	6949
SQUARE	5760	206
FOLD	115	157	157	45453	45453	0	96406
RAIL	17	79	9	105
CORRELATION	58	15	4599	6949
SQUARE	5856	206
FOLD	116	158	158	45741	45741	0	100217
RAIL	17	79	9	106
CORRELATION	59	17	4599	6949
SQUARE	5856	206
FOLD	117	160	160	46320	46320	0	102311
RAIL	17	80	9	107
CORRELATION	59	17	4599	6949
SQUARE	5952	206
FOLD	118	161	161	46611	46611	0	104376
RAIL	17	80	9	108
CORRELATION	60	19	4599	6949
SQUARE	5952	206
FOLD	119	163	163	47190	47190	0	105143
RAIL	33	63	9	109
CORRELATION	60	19	4599	6949
SQUARE	6048	206
FOLD	120	164	164	47478	47478	0	105653
RAIL	33	63	9	110
CORRELATION	61	19	4599	6949
SQUARE	6048	206
FOLD	121	166	166	48057	48057	0	106413
RAIL	33	64	9	111
CORRELATION	61	19	4599	6949
SQUARE	6144	206
FOLD	122	167	167	48348	48348	0	108268
RAIL	33	64	9	112
CORRELATION	62	21	4599	6949
SQUARE	6144	206
FOLD	123	169	169	48927	48927	0	108986
RAIL	18	78	9	113
CORRELATION	62	21	4599	6949
SQUARE	6240	206
FOLD	124	170	170	49215	49215	0	110196
RAIL	18	78	9	114
CORRELATION	63	22	4599	6949
SQUARE	6240	206
FOLD	125	172	172	49794	49794	0	110944
RAIL	18	79	9	115
CORRELATION	63	22	4599	6949
SQUARE	6336	206
FOLD	125	172	172	49794	49794	0	112748
RAIL	18	79	9	116
CORRELATION	64	24	4599	6949
SQUARE	6336	206
FOLD	126	173	173	50085	50085	0	112760
RAIL	18	79	9	116
CORRELATION	64	24	4599	6949
SQUARE	6336	206
FOLD	127	175	175	50664	50664	0	114783
RAIL	32	64	9	117
CORRELATION	64	24	4599	6949
SQUARE	6432	206
FOLD	128	176	176	50952	50952	0	115221
RAIL	32	64	9	118
CORRELATION	65	24	4599	6949
SQUARE	6432	206
FOLD	129	178	178	51531	51531	0	115976
RAIL	32	65	9	119
CORRELATION	65	24	4599	6949
SQUARE	6528	206
FOLD	130	179	179	51822	51822	0	116413
RAIL	32	65	9	120
CORRELATION	66	24	4599	6949
SQUARE	6528	206
FOLD	131	181	181	52401	52401	0	117016
RAIL	19	77	9	121
CORRELATION	66	24	4599	6949
SQUARE	6624	206
FOLD	132	182	182	52689	52689	0	117369
RAIL	19	77	9	122
CORRELATION	67	24	4599	6949
SQUARE	6624	206
FOLD	133	184	184	53268	53268	0	118016
RAIL	19	78	9	123
CORRELATION	67	24	4599	6949
SQUARE	6720	206
FOLD	134	185	185	53559	53559	0	118441
RAIL	19	78	9	124
CORRELATION	68	24	4599	6949
SQUARE	6720	206
FOLD	135	187	187	54138	54138	0	119284
RAIL	31	65	9	125
CORRELATION	68	24	4599	6949
SQUARE	6816	206
FOLD	136	188	188	54426	54426	0	121034
RAIL	31	65	9	126
CORRELATION	69	24	4599	6949
SQUARE	6816	206
FOLD	137	190	190	55005	55005	0	121596
RAIL	31	66	9	127
CORRELATION	69	24	4599	6949
SQUARE	6912	206
FOLD	138	191	191	55296	55296	0	123110
RAIL	31	66	9	128
CORRELATION	70	26	4599	6949
SQUARE	6912	206
FOLD	139	193	193	55875	55875	0	123862
RAIL	20	76	9	129
CORRELATION	70	26	4599	6949
SQUARE	7008	206
FOLD	140	194	194	56163	56163	0	124926
RAIL	20	76	9	130
CORRELATION	71	28	4599	6949
SQUARE	7008	206
FOLD	141	196	196	56742	56742	0	125526
RAIL	20	77	9	131
CORRELATION	71	28	4599	6949
SQUARE	7104	206
FOLD	142	197	197	57033	57033	0	125950
RAIL	20	77	9	132
CORRELATION	72	28	4599	6949
SQUARE	7104	206
FOLD	143	199	199	57612	57612	0	126577
RAIL	30	66	9	133
CORRELATION	72	28	4599	6949
SQUARE	7200	206
FOLD	144	200	200	57900	57900	0	128167
RAIL	30	66	9	134
CORRELATION	73	30	4599	6949
SQUARE	7200	206
FOLD	145	202	202	58479	58479	0	128774
RAIL	30	67	9	135
CORRELATION	73	30	4599	6949
SQUARE	7296	206
FOLD	146	203	203	58770	58770	0	130072
RAIL	30	67	9	136
CORRELATION	74	32	4599	6949
SQUARE	7296	206
FOLD	147	205	205	59349	59349	0	130625
RAIL	21	75	9	137
CORRELATION	74	32	4599	6949
SQUARE	7392	206
FOLD	148	206	206	59637	59637	0	131026
RAIL	21	75	9	138
CORRELATION	75	32	4599	6949
SQUARE	7392	206
FOLD	149	208	208	60216	60216	0	131598
RAIL	21	76	9	139
CORRELATION	75	32	4599	6949
SQUARE	7488	206
FOLD	150	209	209	60507	60507	0	131894
RAIL	21	76	9	140
CORRELATION	76	32	4599	6949
SQUARE	7488	206
FOLD	151	211	211	61086	61086	0	132594
RAIL	29	67	9	141
CORRELATION	76	32	4599	6949
SQUARE	7584	206
FOLD	152	212	212	61374	61374	0	134435
RAIL	29	67	9	142
CORRELATION	77	34	4599	6949
SQUARE	7584	206
FOLD	153	214	214	61953	61953	0	135085
RAIL	29	68	9	143
CORRELATION	77	34	4599	6949
SQUARE	7680	206
FOLD	154	215	215	62244	62244	0	137073
RAIL	29	68	9	144
CORRELATION	78	36	4599	6949
SQUARE	7680	206
FOLD	155	217	217	62823	62823	0	137856
RAIL	22	74	9	145
CORRELATION	78	36	4599	6949
SQUARE	7776	206
FOLD	156	218	218	63111	63111	0	138476
RAIL	22	74	9	146
CORRELATION	79	36	4599	6949
SQUARE	7776	206
FOLD	157	220	220	63690	63690	0	139174
RAIL	22	75	9	147
CORRELATION	79	36	4599	6949
SQUARE	7872	206
FOLD	158	221	221	63981	63981	0	140148
RAIL	22	75	9	148
CORRELATION	80	38	4599	6949
SQUARE	7872	206
FOLD	159	223	223	64560	64560	0	140832
RAIL	28	68	9	149
CORRELATION	80	38	4599	6949
SQUARE	7968	206
FOLD	160	224	224	64848	64848	0	141221
RAIL	28	68	9	150
CORRELATION	81	38	4599	6949
SQUARE	7968	206
FOLD	161	226	226	65427	65427	0	141818
RAIL	28	69	9	151
CORRELATION	81	38	4599	6949
SQUARE	8064	206
FOLD	162	227	227	65718	65718	0	142334
RAIL	28	69	9	152
CORRELATION	82	38	4599	6949
SQUARE	8064	206
FOLD	163	229	229	66297	66297	0	144388
RAIL	23	73	9	153
CORRELATION	82	38	4599	6949
SQUARE	8160	206
FOLD	164	230	230	66585	66585	0	145090
RAIL	23	73	9	154
CORRELATION	83	38	4599	6949
SQUARE	8160	206
FOLD	164	230	230	66585	66585	0	145629
RAIL	23	73	9	155
CORRELATION	83	38	4599	6949
SQUARE	8192	206
FOLD	165	232	232	67164	67164	0	145822
RAIL	23	74	9	155
CORRELATION	83	38	4599	6949
SQUARE	8256	206
FOLD	166	233	233	67455	67455	0	147453
RAIL	23	74	9	156
CORRELATION	84	40	4599	6949
SQUARE	8256	206
FOLD	167	235	235	68034	68034	0	148208
RAIL	27	69	9	157
CORRELATION	84	40	4599	6949
SQUARE	8352	206
FOLD	168	236	236	68322	68322	0	149698
RAIL	27	69	9	158
CORRELATION	85	42	4599	6949
SQUARE	8352	206
FOLD	169	238	238	68901	68901	0	150333
RAIL	27	70	9	159
CORRELATION	85	42	4599	6949
SQUARE	8448	206
FOLD	170	239	239	69192	69192	0	151077
RAIL	27	70	9	160
CORRELATION	86	44	4599	6949
SQUARE	8448	206
FOLD	171	241	241	69771	69771	0	153961
RAIL	24	72	9	161
CORRELATION	86	44	4599	6949
SQUARE	8544	206
FOLD	172	242	242	70059	70059	0	155785
RAIL	24	72	9	162
CORRELATION	87	44	4599	6949
SQUARE	8544	206
FOLD	173	244	244	70638	70638	0	157183
RAIL	24	73	9	163
CORRELATION	87	44	4599	6949
SQUARE	8640	206
FOLD	174	245	245	70929	70929	0	158030
RAIL	24	73	9	164
CORRELATION	88	46	4599	6949
SQUARE	8640	206
FOLD	175	247	247	71508	71508	0	158723
RAIL	26	70	9	165
CORRELATION	88	46	4599	6949
SQUARE	8736	206
FOLD	176	248	248	71796	71796	0	159333
RAIL	26	70	9	166
CORRELATION	89	46	4599	6949
SQUARE	8736	206
FOLD	177	250	250	72375	72375	0	160150
RAIL	26	71	9	167
CORRELATION	89	46	4599	6949
SQUARE	8832	206
FOLD	178	251	251	72666	72666	0	161857
RAIL	26	71	9	168
CORRELATION	90	48	4599	6949
SQUARE	8832	206
FOLD	179	253	253	73245	73245	0	162601
RAIL	25	71	9	169
CORRELATION	90	48	4599	6949
SQUARE	8928	206
FOLD	180	254	254	73533	73533	0	164063
RAIL	25	71	9	170
CORRELATION	91	50	4599	6949
SQUARE	8928	206
FOLD	181	256	256	74112	74112	0	164713
RAIL	25	72	9	171
CORRELATION	91	50	4599	6949
SQUARE	9024	206
FOLD	182	257	257	74403	74403	0	165125
RAIL	25	72	9	172
CORRELATION	92	50	4599	6949
SQUARE	9024	206
FOLD	183	258	258	74694	74694	0	166494
RAIL	48	48	9	173
CORRELATION	95	50	4599	6949
SQUARE	9312	206
FOLD	184	259	259	74982	74982	0	167241
RAIL	48	49	9	174
CORRELATION	96	50	4599	6949
SQUARE	9408	208
FOLD	185	260	260	75273	75273	0	169908
RAIL	47	49	9	175
CORRELATION	99	53	4599	6949
SQUARE	9696	208
FOLD	186	261	261	75561	75561	0	170675
RAIL	47	50	9	176
CORRELATION	100	54	4599	6949
SQUARE	9792	208
FOLD	187	262	262	75852	75852	0	174791
RAIL	46	50	9	177
CORRELATION	103	59	4599	6949
SQUARE	10080	208
FOLD	188	263	263	76140	76140	0	175570
RAIL	46	51	9	178
CORRELATION	104	59	4599	6949
SQUARE	10176	208
FOLD	189	264	264	76431	76431	0	177475
RAIL	5	91	9	179
CORRELATION	105	61	4599	6949
SQUARE	10272	208
FOLD	202	265	265	76719	76719	0	193647
RAIL	8	89	15	186
CORRELATION	118	75	4599	6949
SQUARE	11520	208
FOLD	203	266	266	77010	77010	0	194265
RAIL	42	54	15	187
CORRELATION	119	75	4599	6949
SQUARE	11616	208
FOLD	204	267	267	77298	77298	0	196462
RAIL	42	55	15	188
CORRELATION	120	77	4599	6949
SQUARE	11712	208
FOLD	205	268	268	77589	77589	0	197944
RAIL	9	87	15	189
CORRELATION	121	79	4599	6949
SQUARE	11808	208
FOLD	206	269	269	77877	77877	0	198637
RAIL	9	88	15	190
CORRELATION	122	79	4599	6949
SQUARE	11904	208
FOLD	207	270	270	78168	78168	0	200746
RAIL	41	55	15	191
CORRELATION	123	81	4599	6949
SQUARE	12000	208
FOLD	208	271	271	78456	78456	0	202710
RAIL	41	56	15	192
CORRELATION	124	83	4599	6949
SQUARE	12096	208
FOLD	209	272	272	78747	78747	0	203539
RAIL	10	86	15	193
CORRELATION	125	83	4599	6949
SQUARE	12192	208
FOLD	210	273	273	79035	79035	0	204264
RAIL	10	87	15	194
CORRELATION	126	83	4599	6949
SQUARE	12288	208
FOLD	211	274	274	79326	79326	0	204987
RAIL	40	56	15	195
CORRELATION	127	83	4599	6949
SQUARE	12384	208
FOLD	211	274	274	79326	79326	0	205819
RAIL	40	56	15	196
CORRELATION	128	83	4599	6949
SQUARE	12480	208
FOLD	212	275	275	79614	79614	0	205827
RAIL	40	57	15	196
CORRELATION	128	83	4599	6949
SQUARE	12480	208
FOLD	213	276	276	79905	79905	0	207873
RAIL	11	85	15	197
CORRELATION	129	85	4599	6949
SQUARE	12576	208
FOLD	214	277	277	80193	80193	0	209330
RAIL	11	86	15	198
CORRELATION	130	87	4599	6949
SQUARE	12672	208
FOLD	215	278	278	80484	80484	0	210963
RAIL	39	57	15	199
CORRELATION	131	89	4599	6949
SQUARE	12768	208
FOLD	216	279	279	80772	80772	0	211740
RAIL	39	58	15	200
CORRELATION	132	89	4599	6949
SQUARE	12864	208
FOLD	217	280	280	81063	81063	0	213934
RAIL	12	84	15	201
CORRELATION	133	91	4599	6949
SQUARE	12960	208
FOLD	218	281	281	81351	81351	0	215965
RAIL	12	85	15	202
CORRELATION	134	93	4599	6949
SQUARE	13056	208
FOLD	219	282	282	81642	81642	0	216720
RAIL	38	58	15	203
CORRELATION	135	93	4599	6949
SQUARE	13152	208
FOLD	220	283	283	81930	81930	0	217432
RAIL	38	59	15	204
CORRELATION	136	93	4599	6949
SQUARE	13248	208
FOLD	221	284	284	82221	82221	0	219232
RAIL	13	83	15	205
CORRELATION	137	95	4599	6949
SQUARE	13344	208
FOLD	222	285	285	82509	82509	0	221618
RAIL	13	84	15	206
CORRELATION	138	97	4599	6949
SQUARE	13440	208
FOLD	223	286	286	82800	82800	0	222347
RAIL	37	59	15	207
CORRELATION	139	97	4599	6949
SQUARE	13536	208
FOLD	224	287	287	83088	83088	0	224225
RAIL	37	60	15	208
CORRELATION	140	99	4599	6949
SQUARE	13632	208
FOLD	225	288	288	83379	83379	0	226250
RAIL	14	82	15	209
CORRELATION	141	101	4599	6949
SQUARE	13728	208
FOLD	226	289	289	83667	83667	0	226900
RAIL	14	83	15	210
CORRELATION	142	101	4599	6949
SQUARE	13824	208
FOLD	227	290	290	83958	83958	0	227623
RAIL	36	60	15	211
CORRELATION	143	101	4599	6949
SQUARE	13920	208
FOLD	228	291	291	84246	84246	0	228392
RAIL	36	61	15	212
CORRELATION	144	101	4599	6949
SQUARE	14016	208
FOLD	229	292	292	84537	84537	0	229055
RAIL	15	81	15	213
CORRELATION	145	101	4599	6949
SQUARE	14112	208
FOLD	230	293	293	84825	84825	0	229779
RAIL	15	82	15	214
CORRELATION	146	101	4599	6949
SQUARE	14208	208
FOLD	231	294	294	85116	85116	0	230494
RAIL	35	61	15	215
CORRELATION	147	101	4599	6949
SQUARE	14304	208
FOLD	232	295	295	85404	85404	0	231251
RAIL	35	62	15	216
CORRELATION	148	101	4599	6949
SQUARE	14400	208
FOLD	233	296	296	85695	85695	0	232068
RAIL	16	80	15	217
CORRELATION	149	101	4599	6949
SQUARE	14496	208
FOLD	234	297	297	85983	85983	0	232776
RAIL	16	81	15	218
CORRELATION	150	101	4599	6949
SQUARE	14592	208
FOLD	235	298	298	86274	86274	0	233591
RAIL	34	62	15	219
CORRELATION	151	101	4599	6949
SQUARE	14688	208
FOLD	236	299	299	86562	86562	0	234946
RAIL	34	63	15	220
CORRELATION	152	103	4599	6949
SQUARE	14784	208
FOLD	237	300	300	86853	86853	0	235813
RAIL	17	79	15	221
CORRELATION	153	103	4599	6949
SQUARE	14880	208
FOLD	238	301	301	87141	87141	0	236729
RAIL	17	80	15	222
CORRELATION	154	103	4599	6949
SQUARE	14976	208
FOLD	239	302	302	87432	87432	0	237925
RAIL	33	63	15	223
CORRELATION	155	104	4599	6949
SQUARE	15072	208
FOLD	240	303	303	87720	87720	0	240133
RAIL	33	64	15	224
CORRELATION	156	106	4599	6949
SQUARE	15168	208
FOLD	241	304	304	88011	88011	0	240954
RAIL	18	78	15	225
CORRELATION	157	108	4599	6949
SQUARE	15264	208
FOLD	242	305	305	88299	88299	0	241812
RAIL	18	79	15	226
CORRELATION	158	108	4599	6949
SQUARE	15360	208
FOLD	243	306	306	88590	88590	0	242753
RAIL	32	64	15	227
CORRELATION	159	110	4599	6949
SQUARE	15456	208
FOLD	244	307	307	88878	88878	0	243625
RAIL	32	65	15	228
CORRELATION	160	111	4599	6949
SQUARE	15552	208
FOLD	245	308	308	89169	89169	0	244722
RAIL	19	77	15	229
CORRELATION	161	113	4599	6949
SQUARE	15648	208
FOLD	246	309	309	89457	89457	0	245521
RAIL	19	78	15	230
CORRELATION	162	113	4599	6949
SQUARE	15744	208
FOLD	247	310	310	89748	89748	0	246239
RAIL	31	65	15	231
CORRELATION	163	113	4599	6949
SQUARE	15840	208
FOLD	248	311	311	90036	90036	0	246963
RAIL	31	66	15	232
CORRELATION	164	113	4599	6949
SQUARE	15936	208
FOLD	249	312	312	90327	90327	0	247847
RAIL	20	76	15	233
CORRELATION	165	116	4599	6949
SQUARE	16032	208
FOLD	250	313	313	90615	90615	0	248664
RAIL	20	77	15	234
CORRELATION	166	118	4599	6949
SQUARE	16128	208
FOLD	251	314	314	90906	90906	0	249425
RAIL	30	66	15	235
CORRELATION	167	118	4599	6949
SQUARE	16224	208
FOLD	252	315	315	91194	91194	0	250250
RAIL	30	67	15	236
CORRELATION	168	118	4599	6949
SQUARE	16320	208
FOLD	252	315	315	91194	91194	0	251572
RAIL	30	67	15	237
CORRELATION	168	118	4599	6949
SQUARE	16384	208
FOLD	253	316	316	91485	91485	0	252041
RAIL	21	75	15	237
CORRELATION	169	120	4599	6949
SQUARE	16416	208
FOLD	254	317	317	91773	91773	0	252947
RAIL	21	76	15	238
CORRELATION	170	120	4599	6949
SQUARE	16512	208
FOLD	255	318	318	92064	92064	0	254795
RAIL	29	67	15	239
CORRELATION	171	122	4599	6949
SQUARE	16608	208
FOLD	256	319	319	92352	92352	0	256296
RAIL	29	68	15	240
CORRELATION	172	124	4599	6949
SQUARE	16704	208
FOLD	257	320	320	92643	92643	0	257355
RAIL	22	74	15	241
CORRELATION	173	125	4599	6949
SQUARE	16800	208
FOLD	258	321	321	92931	92931	0	258192
RAIL	22	75	15	242
CORRELATION	174	125	4599	6949
SQUARE	16896	208
FOLD	259	322	322	93222	93222	0	258852
RAIL	28	68	15	243
CORRELATION	175	125	4599	6949
SQUARE	16992	208
FOLD	260	323	323	93510	93510	0	259628
RAIL	28	69	15	244
CORRELATION	176	127	4599	6949
SQUARE	17088	208
FOLD	261	324	324	93801	93801	0	260350
RAIL	23	73	15	245
CORRELATION	177	129	4599	6949
SQUARE	17184	208
FOLD	262	325	325	94089	94089	0	260945
RAIL	23	74	15	246
CORRELATION	178	129	4599	6949
SQUARE	17280	208
FOLD	263	326	326	94380	94380	0	261589
RAIL	27	69	15	247
CORRELATION	179	129	4599	6949
SQUARE	17376	208
FOLD	264	327	327	94668	94668	0	262284
RAIL	27	70	15	248
CORRELATION	180	130	4599	6949
SQUARE	17472	208
FOLD	265	328	328	94959	94959	0	263249
RAIL	24	72	15	249
CORRELATION	181	132	4599	6949
SQUARE	17568	208
FOLD	266	329	329	95247	95247	0	263903
RAIL	24	73	15	250
CORRELATION	182	132	4599	6949
SQUARE	17664	208
FOLD	267	330	330	95538	95538	0	264794
RAIL	26	70	15	251
CORRELATION	183	134	4599	6949
SQUARE	17760	208
FOLD	268	331	331	95826	95826	0	265599
RAIL	26	71	15	252
CORRELATION	184	135	4599	6949
SQUARE	17856	208
FOLD	269	332	332	96117	96117	0	266277
RAIL	25	71	15	253
CORRELATION	185	135	4599	6949
SQUARE	17952	208
FOLD	270	333	333	96405	96405	0	268270
RAIL	25	72	15	254
CORRELATION	186	137	4599	6949
SQUARE	18048	208
FOLD	271	334	334	96696	96696	0	269998
RAIL	48	48	15	255
CORRELATION	189	139	4599	6949
SQUARE	18336	208
FOLD	272	335	335	96984	96984	0	270785
RAIL	48	49	15	256
CORRELATION	190	139	4599	6949
SQUARE	18432	208
FOLD	273	336	336	97275	97275	0	274076
RAIL	47	49	15	257
CORRELATION	193	143	4599	6949
SQUARE	18720	211
FOLD	274	337	337	97563	97563	0	274814
RAIL	47	50	15	258
CORRELATION	194	143	4599	6949
SQUARE	18816	211
FOLD	275	338	338	97854	97854	0	278221
RAIL	46	50	15	259
CORRELATION	197	148	4599	6949
SQUARE	19104	211
FOLD	276	339	339	98142	98142	0	278896
RAIL	46	51	15	260
CORRELATION	198	148	4599	6949
SQUARE	19200	211
FOLD	277	340	340	98433	98433	0	280398
RAIL	45	51	15	261
CORRELATION	201	151	4599	6949
SQUARE	19488	211
FOLD	278	341	341	98721	98721	0	281116
RAIL	45	52	15	262
CORRELATION	202	151	4599	6949
SQUARE	19584	211
FOLD	279	342	342	99012	99012	0	282319
RAIL	6	91	15	263
CORRELATION	204	154	4599	6949
SQUARE	19776	211
FOLD	282	343	343	99300	99300	0	284397
RAIL	7	89	16	265
CORRELATION	207	157	4599	6949
SQUARE	20064	211
FOLD	291	344	344	99588	99588	0	289958
RAIL	9	88	20	270
CORRELATION	216	164	4599	6949
SQUARE	20928	211
FOLD	292	345	345	99879	99879	0	291036
RAIL	41	55	20	271
CORRELATION	217	166	4599	6949
SQUARE	21024	211
FOLD	293	346	346	100167	100167	0	291970
RAIL	41	56	20	272
CORRELATION	218	168	4599	6949
SQUARE	21120	211
FOLD	294	347	347	100458	100458	0	292631
RAIL	10	86	20	273
CORRELATION	219	169	4599	6949
SQUARE	21216	211
FOLD	295	348	348	100746	100746	0	293271
RAIL	10	87	20	274
CORRELATION	220	169	4599	6949
SQUARE	21312	211
FOLD	296	349	349	101037	101037	0	294339
RAIL	40	56	20	275
CORRELATION	221	171	4599	6949
SQUARE	21408	211
FOLD	297	350	350	101325	101325	0	295129
RAIL	40	57	20	276
CORRELATION	222	173	4599	6949
SQUARE	21504	211
FOLD	298	351	351	101616	101616	0	295872
RAIL	11	85	20	277
CORRELATION	223	173	4599	6949
SQUARE	21600	211
FOLD	299	352	352	101904	101904	0	296508
RAIL	11	86	20	278
CORRELATION	224	173	4599	6949
SQUARE	21696	211
FOLD	300	353	353	102195	102195	0	297514
RAIL	39	57	20	279
CORRELATION	225	176	4599	6949
SQUARE	21792	211
FOLD	301	354	354	102483	102483	0	298260
RAIL	39	58	20	280
CORRELATION	226	176	4599	6949
SQUARE	21888	211
FOLD	302	355	355	102774	102774	0	299710
RAIL	12	84	20	281
CORRELATION	227	179	4599	6949
SQUARE	21984	211
FOLD	303	356	356	103062	103062	0	300368
RAIL	12	85	20	282
CORRELATION	228	179	4599	6949
SQUARE	22080	211
FOLD	304	357	357	103353	103353	0	301154
RAIL	38	58	20	283
CORRELATION	229	179	4599	6949
SQUARE	22176	211
FOLD	305	358	358	103641	103641	0	301964
RAIL	38	59	20	284
CORRELATION	230	179	4599	6949
SQUARE	22272	211
FOLD	306	359	359	103932	103932	0	302904
RAIL	13	83	20	285
CORRELATION	231	179	4599	6949
SQUARE	22368	211
FOLD	307	360	360	104220	104220	0	304465
RAIL	13	84	20	286
CORRELATION	232	181	4599	6949
SQUARE	22464	211
FOLD	308	361	361	104511	104511	0	305822
RAIL	37	59	20	287
CORRELATION	233	183	4599	6949
SQUARE	22560	211
FOLD	309	362	362	104799	104799	0	306504
RAIL	37	60	20	288
CORRELATION	234	183	4599	6949
SQUARE	22656	211
FOLD	310	363	363	105090	105090	0	307794
RAIL	14	82	20	289
CORRELATION	235	186	4599	6949
SQUARE	22752	211
FOLD	311	364	364	105378	105378	0	308510
RAIL	14	83	20	290
CORRELATION	236	186	4599	6949
SQUARE	22848	211
FOLD	312	365	365	105669	105669	0	309368
RAIL	36	60	20	291
CORRELATION	237	188	4599	6949
SQUARE	22944	211
FOLD	313	366	366	105957	105957	0	310184
RAIL	36	61	20	292
CORRELATION	238	190	4599	6949
SQUARE	23040	211
FOLD	314	367	367	106248	106248	0	310809
RAIL	15	81	20	293
CORRELATION	239	190	4599	6949
SQUARE	23136	211
FOLD	315	368	368	106536	106536	0	311559
RAIL	15	82	20	294
CORRELATION	240	190	4599	6949
SQUARE	23232	211
FOLD	316	369	369	106827	106827	0	312486
RAIL	35	61	20	295
CORRELATION	241	192	4599	6949
SQUARE	23328	211
FOLD	317	370	370	107115	107115	0	313271
RAIL	35	62	20	296
CORRELATION	242	194	4599	6949
SQUARE	23424	211
FOLD	318	371	371	107406	107406	0	313952
RAIL	16	80	20	297
CORRELATION	243	194	4599	6949
SQUARE	23520	211
FOLD	319	372	372	107694	107694	0	314851
RAIL	16	81	20	298
CORRELATION	244	196	4599	6949
SQUARE	23616	211
FOLD	320	373	373	107985	107985	0	315994
RAIL	34	62	20	299
CORRELATION	245	199	4599	6949
SQUARE	23712	211
FOLD	321	374	374	108273	108273	0	316607
RAIL	34	63	20	300
CORRELATION	246	199	4599	6949
SQUARE	23808	211
FOLD	322	375	375	108564	108564	0	317258
RAIL	17	79	20	301
CORRELATION	247	199	4599	6949
SQUARE	23904	211
FOLD	323	376	376	108852	108852	0	317962
RAIL	17	80	20	302
CORRELATION	248	199	4599	6949
SQUARE	24000	211
FOLD	324	377	377	109143	109143	0	318770
RAIL	33	63	20	303
CORRELATION	249	199	4599	6949
SQUARE	24096	211
FOLD	325	378	378	109431	109431	0	321325
RAIL	33	64	20	304
CORRELATION	250	200	4599	6949
SQUARE	24192	211
FOLD	326	379	379	109722	109722	0	322047
RAIL	18	78	20	305
CORRELATION	251	200	4599	6949
SQUARE	24288	211
FOLD	327	380	380	110010	110010	0	322667
RAIL	18	79	20	306
CORRELATION	252	200	4599	6949
SQUARE	24384	211
FOLD	328	381	381	110301	110301	0	323365
RAIL	32	64	20	307
CORRELATION	253	200	4599	6949
SQUARE	24480	211
FOLD	329	382	382	110589	110589	0	324024
RAIL	32	65	20	308
CORRELATION	254	201	4599	6949
SQUARE	24576	211
FOLD	330	383	383	110880	110880	0	324731
RAIL	19	77	20	309
CORRELATION	255	203	4599	6949
SQUARE	24672	211
FOLD	330	383	383	110880	110880	0	325474
RAIL	19	77	20	310
CORRELATION	256	204	4599	6949
SQUARE	24768	211
FOLD	331	384	384	111168	111168	0	325482
RAIL	19	78	20	310
CORRELATION	256	204	4599	6949
SQUARE	24768	211
FOLD	332	385	385	111459	111459	0	327006
RAIL	31	65	20	311
CORRELATION	257	205	4599	6949
SQUARE	24864	211
FOLD	333	386	386	111747	111747	0	328045
RAIL	31	66	20	312
CORRELATION	258	207	4599	6949
SQUARE	24960	211
FOLD	334	387	387	112038	112038	0	328738
RAIL	20	76	20	313
CORRELATION	259	208	4599	6949
SQUARE	25056	211
FOLD	335	388	388	112326	112326	0	329350
RAIL	20	77	20	314
CORRELATION	260	208	4599	6949
SQUARE	25152	211
FOLD	336	389	389	112617	112617	0	330651
RAIL	30	66	20	315
CORRELATION	261	211	4599	6949
SQUARE	25248	211
FOLD	337	390	390	112905	112905	0	331392
RAIL	30	67	20	316
CORRELATION	262	211	4599	6949
SQUARE	25344	211
FOLD	338	391	391	113196	113196	0	332038
RAIL	21	75	20	317
CORRELATION	263	211	4599	6949
SQUARE	25440	211
FOLD	339	392	392	113484	113484	0	332811
RAIL	21	76	20	318
CORRELATION	264	212	4599	6949
SQUARE	25536	211
FOLD	340	393	393	113775	113775	0	334734
RAIL	29	67	20	319
CORRELATION	265	214	4599	6949
SQUARE	25632	211
FOLD	341	394	394	114063	114063	0	336086
RAIL	29	68	20	320
CORRELATION	266	214	4599	6949
SQUARE	25728	211
FOLD	342	395	395	114354	114354	0	338154
RAIL	22	74	20	321
CORRELATION	267	217	4599	6949
SQUARE	25824	211
FOLD	343	396	396	114642	114642	0	340803
RAIL	22	75	20	322
CORRELATION	268	217	4599	6949
SQUARE	25920	211
FOLD	344	397	397	114933	114933	0	343557
RAIL	28	68	20	323
CORRELATION	269	219	4599	6949
SQUARE	26016	211
FOLD	345	398	398	115221	115221	0	346200
RAIL	28	69	20	324
CORRELATION	270	219	4599	6949
SQUARE	26112	211
FOLD	346	399	399	115512	115512	0	347976
RAIL	23	73	20	325
CORRELATION	271	221	4599	6949
SQUARE	26208	211
FOLD	347	400	400	115800	115800	0	348646
RAIL	23	74	20	326
CORRELATION	272	221	4599	6949
SQUARE	26304	211
FOLD	348	401	401	116091	116091	0	349301
RAIL	27	69	20	327
CORRELATION	273	221	4599	6949
SQUARE	26400	211
FOLD	349	402	402	116379	116379	0	350008
RAIL	27	70	20	328
CORRELATION	274	222	4599	6949
SQUARE	26496	211
FOLD	350	403	403	116670	116670	0	350630
RAIL	24	72	20	329
CORRELATION	275	222	4599	6949
SQUARE	26592	211
FOLD	351	404	404	116958	116958	0	351322
RAIL	24	73	20	330
CORRELATION	276	224	4599	6949
SQUARE	26688	211
FOLD	352	405	405	117249	117249	0	352079
RAIL	26	70	20	331
CORRELATION	277	226	4599	6949
SQUARE	26784	211
FOLD	353	406	406	117537	117537	0	352716
RAIL	26	71	20	332
CORRELATION	278	226	4599	6949
SQUARE	26880	211
FOLD	354	407	407	117828	117828	0	353334
RAIL	25	71	20	333
CORRELATION	279	226	4599	6949
SQUARE	26976	211
FOLD	355	408	408	118116	118116	0	355440
RAIL	25	72	20	334
CORRELATION	280	228	4599	6949
SQUARE	27072	211
FOLD	356	409	409	118407	118407	0	360975
RAIL	48	48	20	335
CORRELATION	283	232	4599	6949
SQUARE	27360	211
FOLD	357	410	410	118695	118695	0	361665
RAIL	48	49	20	336
CORRELATION	284	232	4599	6949
SQUARE	27456	211
FOLD	358	411	411	118986	118986	0	363626
RAIL	47	49	20	337
CORRELATION	287	236	4599	6949
SQUARE	27744	211
FOLD	359	412	412	119274	119274	0	364261
RAIL	47	50	20	338
CORRELATION	288	236	4599	6949
SQUARE	27840	211
FOLD	360	413	413	119565	119565	0	365867
RAIL	46	50	20	339
CORRELATION	291	240	4599	6949
SQUARE	28128	211
FOLD	361	414	414	119853	119853	0	366592
RAIL	46	51	20	340
CORRELATION	292	240	4599	6949
SQUARE	28224	211
FOLD	362	415	415	120144	120144	0	369697
RAIL	45	51	20	341
CORRELATION	295	244	4599	6949
SQUARE	28512	211
FOLD	363	416	416	120432	120432	0	370463
RAIL	45	52	20	342
CORRELATION	296	244	4599	6949
SQUARE	28608	211
FOLD	364	417	417	120723	120723	0	372072
RAIL	6	91	20	343
CORRELATION	298	246	4599	6949
SQUARE	28800	211
FOLD	367	418	418	121011	121011	0	374649
RAIL	7	89	21	345
CORRELATION	301	250	4599	6949
SQUARE	29088	211
FOLD	368	419	419	121299	121299	0	375442
RAIL	7	90	21	346
CORRELATION	302	250	4599	6949
SQUARE	29184	211
FOLD	369	420	420	121590	121590	0	376195
RAIL	43	53	21	347
CORRELATION	303	250	4599	6949
SQUARE	29280	211
FOLD	370	421	421	121878	121878	0	377803
RAIL	43	54	21	348
CORRELATION	304	254	4599	6949
SQUARE	29376	211
FOLD	371	422	422	122169	122169	0	378568
RAIL	8	88	21	349
CORRELATION	305	254	4599	6949
SQUARE	29472	211
FOLD	380	423	423	122457	122457	0	385337
RAIL	10	87	25	354
CORRELATION	314	263	4599	6949
SQUARE	30336	211
FOLD	381	424	424	122748	122748	0	386021
RAIL	40	56	25	355
CORRELATION	315	263	4599	6949
SQUARE	30432	211
FOLD	382	425	425	123036	123036	0	388701
RAIL	40	57	25	356
CORRELATION	316	263	4599	6949
SQUARE	30528	211
FOLD	383	426	426	123327	123327	0	390665
RAIL	11	85	25	357
CORRELATION	317	265	4599	6949
SQUARE	30624	211
FOLD	384	427	427	123615	123615	0	392554
RAIL	11	86	25	358
CORRELATION	318	268	4599	6949
SQUARE	30720	211
FOLD	385	428	428	123906	123906	0	393643
RAIL	39	57	25	359
CORRELATION	319	271	4599	6949
SQUARE	30816	211
FOLD	386	429	429	124194	124194	0	394276
RAIL	39	58	25	360
CORRELATION	320	271	4599	6949
SQUARE	30912	211
FOLD	387	430	430	124485	124485	0	394916
RAIL	12	84	25	361
CORRELATION	321	271	4599	6949
SQUARE	31008	211
FOLD	388	431	431	124773	124773	0	395549
RAIL	12	85	25	362
CORRELATION	322	271	4599	6949
SQUARE	31104	211
FOLD	389	432	432	125064	125064	0	396158
RAIL	38	58	25	363
CORRELATION	323	271	4599	6949
SQUARE	31200	211
FOLD	390	433	433	125352	125352	0	396761
RAIL	38	59	25	364
CORRELATION	324	271	4599	6949
SQUARE	31296	211
FOLD	391	434	434	125643	125643	0	397510
RAIL	13	83	25	365
CORRELATION	325	272	4599	6949
SQUARE	31392	211
FOLD	392	435	435	125931	125931	0	398071
RAIL	13	84	25	366
CORRELATION	326	272	4599	6949
SQUARE	31488	211
FOLD	393	436	436	126222	126222	0	398709
RAIL	37	59	25	367
CORRELATION	327	272	4599	6949
SQUARE	31584	211
FOLD	394	437	437	126510	126510	0	399399
RAIL	37	60	25	368
CORRELATION	328	272	4599	6949
SQUARE	31680	211
FOLD	395	438	438	126801	126801	0	400008
RAIL	14	82	25	369
CORRELATION	329	272	4599	6949
SQUARE	31776	211
FOLD	396	439	439	127089	127089	0	400570
RAIL	14	83	25	370
CORRELATION	330	272	4599	6949
SQUARE	31872	211
FOLD	397	440	440	127380	127380	0	401178
RAIL	36	60	25	371
CORRELATION	331	272	4599	6949
SQUARE	31968	211
FOLD	398	441	441	127668	127668	0	401768
RAIL	36	61	25	372
CORRELATION	332	272	4599	6949
SQUARE	32064	211
FOLD	399	442	442	127959	127959	0	402479
RAIL	15	81	25	373
CORRELATION	333	272	4599	6949
SQUARE	32160	211
FOLD	400	443	443	128247	128247	0	403254
RAIL	15	82	25	374
CORRELATION	334	273	4599	6949
SQUARE	32256	211
FOLD	401	444	444	128538	128538	0	403985
RAIL	35	61	25	375
CORRELATION	335	273	4599	6949
SQUARE	32352	211
FOLD	402	445	445	128826	128826	0	404792
RAIL	35	62	25	376
CORRELATION	336	273	4599	6949
SQUARE	32448	211
FOLD	403	446	446	129117	129117	0	405456
RAIL	16	80	25	377
CORRELATION	337	273	4599	6949
SQUARE	32544	211
FOLD	404	447	447	129405	129405	0	406025
RAIL	16	81	25	378
CORRELATION	338	273	4599	6949
SQUARE	32640	211
FOLD	405	448	448	129696	129696	0	406684
RAIL	34	62	25	379
CORRELATION	339	273	4599	6949
SQUARE	32736	211
FOLD	405	448	448	129696	129696	0	407096
RAIL	34	62	25	380
CORRELATION	339	273	4599	6949
SQUARE	32768	211
FOLD	406	449	449	129984	129984	0	407314
RAIL	34	63	25	380
CORRELATION	340	273	4599	6949
SQUARE	32832	211
FOLD	407	450	450	130275	130275	0	408041
RAIL	17	79	25	381
CORRELATION	341	273	4599	6949
SQUARE	32928	211
FOLD	408	451	451	130563	130563	0	408713
RAIL	17	80	25	382
CORRELATION	342	273	4599	6949
SQUARE	33024	211
FOLD	409	452	452	130854	130854	0	409474
RAIL	33	63	25	383
CORRELATION	343	273	4599	6949
SQUARE	33120	211
FOLD	410	453	453	131142	131142	0	412140
RAIL	33	64	25	384
CORRELATION	344	273	4599	6949
SQUARE	33216	211
FOLD	411	454	454	131433	131433	0	412855
RAIL	18	78	25	385
CORRELATION	345	273	4599	6949
SQUARE	33312	211
FOLD	412	455	455	131721	131721	0	413525
RAIL	18	79	25	386
CORRELATION	346	273	4599	6949
SQUARE	33408	211
FOLD	413	456	456	132012	132012	0	414208
RAIL	32	64	25	387
CORRELATION	347	273	4599	6949
SQUARE	33504	211
FOLD	414	457	457	132300	132300	0	414890
RAIL	32	65	25	388
CORRELATION	348	273	4599	6949
SQUARE	33600	211
FOLD	415	458	458	132591	132591	0	415610
RAIL	19	77	25	389
CORRELATION	349	273	4599	6949
SQUARE	33696	211
FOLD	416	459	459	132879	132879	0	416225
RAIL	19	78	25	390
CORRELATION	350	273	4599	6949
SQUARE	33792	211
FOLD	417	460	460	133170	133170	0	416900
RAIL	31	65	25	391
CORRELATION	351	273	4599	6949
SQUARE	33888	211
FOLD	418	461	461	133458	133458	0	417580
RAIL	31	66	25	392
CORRELATION	352	273	4599	6949
SQUARE	33984	211
FOLD	419	462	462	133749	133749	0	418252
RAIL	20	76	25	393
CORRELATION	353	273	4599	6949
SQUARE	34080	211
FOLD	420	463	463	134037	134037	0	418911
RAIL	20	77	25	394
CORRELATION	354	273	4599	6949
SQUARE	34176	211
FOLD	421	464	464	134328	134328	0	419597
RAIL	30	66	25	395
CORRELATION	355	273	4599	6949
SQUARE	34272	211
FOLD	422	465	465	134616	134616	0	420303
RAIL	30	67	25	396
CORRELATION	356	273	4599	6949
SQUARE	34368	211
FOLD	423	466	466	134907	134907	0	420988
RAIL	21	75	25	397
CORRELATION	357	273	4599	6949
SQUARE	34464	211
FOLD	424	467	467	135195	135195	0	421706
RAIL	21	76	25	398
CORRELATION	358	273	4599	6949
SQUARE	34560	211
FOLD	425	468	468	135486	135486	0	422407
RAIL	29	67	25	399
CORRELATION	359	273	4599	6949
SQUARE	34656	211
FOLD	426	469	469	135774	135774	0	423183
RAIL	29	68	25	400
CORRELATION	360	273	4599	6949
SQUARE	34752	211
FOLD	427	470	470	136065	136065	0	425211
RAIL	22	74	25	401
CORRELATION	361	273	4599	6949
SQUARE	34848	211
FOLD	428	471	471	136353	136353	0	427269
RAIL	22	75	25	402
CORRELATION	362	273	4599	6949
SQUARE	34944	211
FOLD	429	472	472	136644	136644	0	429351
RAIL	28	68	25	403
CORRELATION	363	273	4599	6949
SQUARE	35040	211
FOLD	430	473	473	136932	136932	0	430796
RAIL	28	69	25	404
CORRELATION	364	273	4599	6949
SQUARE	35136	211
FOLD	431	474	474	137223	137223	0	433799
RAIL	23	73	25	405
CORRELATION	365	273	4599	6949
SQUARE	35232	211
FOLD	432	475	475	137511	137511	0	434500
RAIL	23	74	25	406
CORRELATION	366	273	4599	6949
SQUARE	35328	211
FOLD	433	476	476	137802	137802	0	435167
RAIL	27	69	25	407
CORRELATION	367	273	4599	6949
SQUARE	35424	211
FOLD	434	477	477	138090	138090	0	435823
RAIL	27	70	25	408
CORRELATION	368	273	4599	6949
SQUARE	35520	211
FOLD	435	478	478	138381	138381	0	436434
RAIL	24	72	25	409
CORRELATION	369	273	4599	6949
SQUARE	35616	211
FOLD	436	479	479	138669	138669	0	437122
RAIL	24	73	25	410
CORRELATION	370	273	4599	6949
SQUARE	35712	211
FOLD	437	480	480	138960	138960	0	437807
RAIL	26	70	25	411
CORRELATION	371	273	4599	6949
SQUARE	35808	211
FOLD	438	481	481	139248	139248	0	438396
RAIL	26	71	25	412
CORRELATION	372	273	4599	6949
SQUARE	35904	211
FOLD	439	482	482	139539	139539	0	438975
RAIL	25	71	25	413
CORRELATION	373	273	4599	6949
SQUARE	36000	211
FOLD	440	483	483	139827	139827	0	439554
RAIL	25	72	25	414
CORRELATION	374	273	4599	6949
SQUARE	36096	211
FOLD	441	484	484	140118	140118	0	440889
RAIL	48	48	25	415
CORRELATION	377	273	4599	6949
SQUARE	36384	211
FOLD	442	485	485	140406	140406	0	441563
RAIL	48	49	25	416
CORRELATION	378	273	4599	6949
SQUARE	36480	211
FOLD	443	486	486	140697	140697	0	442817
RAIL	47	49	25	417
CORRELATION	381	273	4599	6949
SQUARE	36768	211
FOLD	444	487	487	140985	140985	0	443635
RAIL	47	50	25	418
CORRELATION	382	273	4599	6949
SQUARE	36864	211
FOLD	445	488	488	141276	141276	0	444872
RAIL	46	50	25	419
CORRELATION	385	273	4599	6949
SQUARE	37152	211
FOLD	446	489	489	141564	141564	0	445562
RAIL	46	51	25	420
CORRELATION	386	273	4599	6949
SQUARE	37248	211
FOLD	447	490	490	141855	141855	0	447510
RAIL	45	51	25	421
CORRELATION	389	281	4599	6949
SQUARE	37536	213
FOLD	448	491	491	142143	142143	0	448169
RAIL	45	52	25	422
CORRELATION	390	281	4599	6949
SQUARE	37632	213
FOLD	449	492	492	142434	142434	0	449673
RAIL	44	52	25	423
CORRELATION	393	286	4599	6949
SQUARE	37920	213
FOLD	450	493	493	142722	142722	0	450300
RAIL	44	53	25	424
CORRELATION	394	286	4599	6949
SQUARE	38016	213
FOLD	451	494	494	143013	143013	0	450983
RAIL	7	89	25	425
CORRELATION	395	288	4599	6949
SQUARE	38112	213
FOLD	456	495	495	143301	143301	0	453530
RAIL	8	89	27	428
CORRELATION	400	288	4599	6949
SQUARE	38592	213
FOLD	457	496	496	143592	143592	0	454085
RAIL	42	54	27	429
CORRELATION	401	288	4599	6949
SQUARE	38688	213
FOLD	458	497	497	143880	143880	0	456095
RAIL	42	55	27	430
CORRELATION	402	288	4599	6949
SQUARE	38784	213
FOLD	459	498	498	144171	144171	0	456941
RAIL	9	87	27	431
CORRELATION	403	290	4599	6949
SQUARE	38880	213
FOLD	468	499	499	144459	144459	0	461826
RAIL	11	86	31	436
CORRELATION	412	297	4599	6949
SQUARE	39744	213
FOLD	469	500	500	144750	144750	0	462446
RAIL	39	57	31	437
CORRELATION	413	297	4599	6949
SQUARE	39840	213
FOLD	470	501	501	145038	145038	0	463155
RAIL	39	58	31	438
CORRELATION	414	297	4599	6949
SQUARE	39936	213
FOLD	471	502	502	145329	145329	0	463812
RAIL	12	84	31	439
CORRELATION	415	297	4599	6949
SQUARE	40032	213
FOLD	472	503	503	145617	145617	0	464430
RAIL	12	85	31	440
CORRELATION	416	297	4599	6949
SQUARE	40128	213
FOLD	473	504	504	145908	145908	0	465075
RAIL	38	58	31	441
CORRELATION	417	298	4599	6949
SQUARE	40224	213
FOLD	474	505	505	146196	146196	0	465947
RAIL	38	59	31	442
CORRELATION	418	298	4599	6949
SQUARE	40320	213
FOLD	475	506	506	146487	146487	0	466850
RAIL	13	83	31	443
CORRELATION	419	298	4599	6949
SQUARE	40416	213
FOLD	476	507	507	146775	146775	0	467767
RAIL	13	84	31	444
CORRELATION	420	298	4599	6949
SQUARE	40512	213
FOLD	477	508	508	147066	147066	0	468736
RAIL	37	59	31	445
CORRELATION	421	298	4599	6949
SQUARE	40608	213
FOLD	478	509	509	147354	147354	0	469599
RAIL	37	60	31	446
CORRELATION	422	298	4599	6949
SQUARE	40704	213
FOLD	479	510	510	147645	147645	0	470787
RAIL	14	82	31	447
CORRELATION	423	298	4599	6949
SQUARE	40800	213
FOLD	480	511	511	147933	147933	0	472128
RAIL	14	83	31	448
CORRELATION	424	301	4599	6949
SQUARE	40896	213
FOLD	481	512	512	148224	148224	0	473010
RAIL	36	60	31	449
CORRELATION	425	301	4599	6949
SQUARE	40992	213
FOLD	482	513	513	148512	148512	0	473906
RAIL	36	61	31	450
CORRELATION	426	301	4599	6949
SQUARE	41088	213
FOLD	483	514	514	148803	148803	0	474948
RAIL	15	81	31	451
CORRELATION	427	301	4599	6949
SQUARE	41184	213
FOLD	484	515	515	149091	149091	0	476189
RAIL	15	82	31	452
CORRELATION	428	304	4599	6949
SQUARE	41280	213
FOLD	485	516	516	149382	149382	0	477085
RAIL	35	61	31	453
CORRELATION	429	304	4599	6949
SQUARE	41376	213
FOLD	486	517	517	149670	149670	0	478837
RAIL	35	62	31	454
CORRELATION	430	306	4599	6949
SQUARE	41472	213
FOLD	487	518	518	149961	149961	0	479822
RAIL	16	80	31	455
CORRELATION	431	306	4599	6949
SQUARE	41568	213
FOLD	488	519	519	150249	150249	0	480676
RAIL	16	81	31	456
CORRELATION	432	306	4599	6949
SQUARE	41664	213
FOLD	489	520	520	150540	150540	0	481585
RAIL	34	62	31	457
CORRELATION	433	306	4599	6949
SQUARE	41760	213
FOLD	490	521	521	150828	150828	0	482699
RAIL	34	63	31	458
CORRELATION	434	309	4599	6949
SQUARE	41856	213
FOLD	491	522	522	151119	151119	0	483405
RAIL	17	79	31	459
CORRELATION	435	309	4599	6949
SQUARE	41952	213
FOLD	492	523	523	151407	151407	0	484084
RAIL	17	80	31	460
CORRELATION	436	309	4599	6949
SQUARE	42048	213
FOLD	493	524	524	151698	151698	0	484754
RAIL	33	63	31	461
CORRELATION	437	309	4599	6949
SQUARE	42144	213
FOLD	494	525	525	151986	151986	0	485602
RAIL	33	64	31	462
CORRELATION	438	309	4599	6949
SQUARE	42240	213
FOLD	495	526	526	152277	152277	0	486268
RAIL	18	78	31	463
CORRELATION	439	309	4599	6949
SQUARE	42336	213
FOLD	496	527	527	152565	152565	0	487173
RAIL	18	79	31	464
CORRELATION	440	311	4599	6949
SQUARE	42432	213
FOLD	497	528	528	152856	152856	0	488051
RAIL	32	64	31	465
CORRELATION	441	314	4599	6949
SQUARE	42528	213
FOLD	498	529	529	153144	153144	0	488733
RAIL	32	65	31	466
CORRELATION	442	314	4599	6949
SQUARE	42624	213
FOLD	499	530	530	153435	153435	0	489408
RAIL	19	77	31	467
CORRELATION	443	314	4599	6949
SQUARE	42720	213
FOLD	500	531	531	153723	153723	0	490065
RAIL	19	78	31	468
CORRELATION	444	315	4599	6949
SQUARE	42816	213
FOLD	501	532	532	154014	154014	0	490675
RAIL	31	65	31	469
CORRELATION	445	315	4599	6949
SQUARE	42912	213
FOLD	502	533	533	154302	154302	0	491342
RAIL	31	66	31	470
CORRELATION	446	315	4599	6949
SQUARE	43008	213
FOLD	503	534	534	154593	154593	0	493916
RAIL	20	76	31	471
CORRELATION	447	318	4599	6949
SQUARE	43104	213
FOLD	504	535	535	154881	154881	0	496615
RAIL	20	77	31	472
CORRELATION	448	319	4599	6949
SQUARE	43200	213
FOLD	505	536	536	155172	155172	0	499246
RAIL	30	66	31	473
CORRELATION	449	319	4599	6949
SQUARE	43296	213
FOLD	506	537	537	155460	155460	0	500951
RAIL	30	67	31	474
CORRELATION	450	319	4599	6949
SQUARE	43392	213
FOLD	507	538	538	155751	155751	0	501682
RAIL	21	75	31	475
CORRELATION	451	321	4599	6949
SQUARE	43488	213
FOLD	508	539	539	156039	156039	0	502435
RAIL	21	76	31	476
CORRELATION	452	323	4599	6949
SQUARE	43584	213
FOLD	509	540	540	156330	156330	0	503246
RAIL	29	67	31	477
CORRELATION	453	323	4599	6949
SQUARE	43680	213
FOLD	510	541	541	156618	156618	0	504000
RAIL	29	68	31	478
CORRELATION	454	323	4599	6949
SQUARE	43776	213
FOLD	511	542	542	156909	156909	0	504849
RAIL	22	74	31	479
CORRELATION	455	325	4599	6949
SQUARE	43872	213
FOLD	512	543	543	157197	157197	0	505547
RAIL	22	75	31	480
CORRELATION	456	326	4599	6949
SQUARE	43968	213
FOLD	513	544	544	157488	157488	0	506376
RAIL	28	68	31	481
CORRELATION	457	328	4599	6949
SQUARE	44064	213
FOLD	514	545	545	157776	157776	0	507079
RAIL	28	69	31	482
CORRELATION	458	328	4599	6949
SQUARE	44160	213
FOLD	515	546	546	158067	158067	0	507739
RAIL	23	73	31	483
CORRELATION	459	328	4599	6949
SQUARE	44256	213
FOLD	516	547	547	158355	158355	0	508457
RAIL	23	74	31	484
CORRELATION	460	328	4599	6949
SQUARE	44352	213
FOLD	517	548	548	158646	158646	0	509129
RAIL	27	69	31	485
CORRELATION	461	328	4599	6949
SQUARE	44448	213
FOLD	518	549	549	158934	158934	0	509802
RAIL	27	70	31	486
CORRELATION	462	328	4599	6949
SQUARE	44544	213
FOLD	519	550	550	159225	159225	0	510565
RAIL	24	72	31	487
CORRELATION	463	328	4599	6949
SQUARE	44640	213
FOLD	520	551	551	159513	159513	0	511290
RAIL	24	73	31	488
CORRELATION	464	328	4599	6949
SQUARE	44736	213
FOLD	521	552	552	159804	159804	0	511954
RAIL	26	70	31	489
CORRELATION	465	328	4599	6949
SQUARE	44832	213
FOLD	522	553	553	160092	160092	0	514465
RAIL	26	71	31	490
CORRELATION	466	328	4599	6949
SQUARE	44928	213
FOLD	523	554	554	160383	160383	0	515932
RAIL	25	71	31	491
CORRELATION	467	328	4599	6949
SQUARE	45024	213
FOLD	524	555	555	160671	160671	0	518032
RAIL	25	72	31	492
CORRELATION	468	328	4599	6949
SQUARE	45120	213
FOLD	525	556	556	160962	160962	0	519401
RAIL	48	48	31	493
CORRELATION	471	328	4599	6949
SQUARE	45408	213
FOLD	526	557	557	161250	161250	0	520057
RAIL	48	49	31	494
CORRELATION	472	328	4599	6949
SQUARE	45504	213
FOLD	527	558	558	161541	161541	0	521482
RAIL	47	49	31	495
CORRELATION	475	328	4599	6949
SQUARE	45792	213
FOLD	528	559	559	161829	161829	0	522118
RAIL	47	50	31	496
CORRELATION	476	328	4599	6949
SQUARE	45888	213
FOLD	529	560	560	162120	162120	0	523395
RAIL	46	50	31	497
CORRELATION	479	328	4599	6949
SQUARE	46176	213
FOLD	530	561	561	162408	162408	0	524109
RAIL	46	51	31	498
CORRELATION	480	328	4599	6949
SQUARE	46272	213
FOLD	531	562	562	162699	162699	0	525388
RAIL	45	51	31	499
CORRELATION	483	328	4599	6949
SQUARE	46560	213
FOLD	532	563	563	162987	162987	0	526065
RAIL	45	52	31	500
CORRELATION	484	328	4599	6949
SQUARE	46656	213
FOLD	533	564	564	163278	163278	0	527575
RAIL	44	52	31	501
CORRELATION	487	328	4599	6949
SQUARE	46944	213
FOLD	534	565	565	163566	163566	0	528238
RAIL	44	53	31	502
CORRELATION	488	328	4599	6949
SQUARE	47040	213
FOLD	535	566	566	163857	163857	0	528980
RAIL	7	89	31	503
CORRELATION	489	328	4599	6949
SQUARE	47136	213
FOLD	544	567	567	164145	164145	0	534071
RAIL	9	88	35	508
CORRELATION	498	331	4599	6949
SQUARE	48000	213
FOLD	545	568	568	164436	164436	0	534669
RAIL	41	55	35	509
CORRELATION	499	331	4599	6949
SQUARE	48096	213
FOLD	546	569	569	164724	164724	0	535389
RAIL	41	56	35	510
CORRELATION	500	331	4599	6949
SQUARE	48192	213
FOLD	547	570	570	165015	165015	0	535986
RAIL	10	86	35	511
CORRELATION	501	331	4599	6949
SQUARE	48288	213
FOLD	556	571	571	165303	165303	0	540936
RAIL	12	85	39	516
CORRELATION	510	331	4599	6949
SQUARE	49152	213
FOLD	557	572	572	165594	165594	0	541543
RAIL	38	58	39	517
CORRELATION	511	331	4599	6949
SQUARE	49248	213
FOLD	557	572	572	165594	165594	0	542228
RAIL	38	58	39	518
CORRELATION	512	331	4599	6949
SQUARE	49344	213
FOLD	558	573	573	165882	165882	0	542235
RAIL	38	59	39	518
CORRELATION	512	331	4599	6949
SQUARE	49344	213
FOLD	559	574	574	166173	166173	0	542825
RAIL	13	83	39	519
CORRELATION	513	331	4599	6949
SQUARE	49440	213
FOLD	560	575	575	166461	166461	0	543436
RAIL	13	84	39	520
CORRELATION	514	331	4599	6949
SQUARE	49536	213
FOLD	561	576	576	166752	166752	0	544096
RAIL	37	59	39	521
CORRELATION	515	331	4599	6949
SQUARE	49632	213
FOLD	562	577	577	167040	167040	0	544723
RAIL	37	60	39	522
CORRELATION	516	331	4599	6949
SQUARE	49728	213
FOLD	563	578	578	167331	167331	0	545325
RAIL	14	82	39	523
CORRELATION	517	331	4599	6949
SQUARE	49824	213
FOLD	564	579	579	167619	167619	0	545968
RAIL	14	83	39	524
CORRELATION	518	331	4599	6949
SQUARE	49920	213
FOLD	565	580	580	167910	167910	0	546594
RAIL	36	60	39	525
CORRELATION	519	331	4599	6949
SQUARE	50016	213
FOLD	566	581	581	168198	168198	0	547240
RAIL	36	61	39	526
CORRELATION	520	331	4599	6949
SQUARE	50112	213
FOLD	567	582	582	168489	168489	0	548284
RAIL	15	81	39	527
CORRELATION	521	336	4599	6949
SQUARE	50208	213
FOLD	568	583	583	168777	168777	0	548959
RAIL	15	82	39	528
CORRELATION	522	336	4599	6949
SQUARE	50304	213
FOLD	569	584	584	169068	169068	0	549577
RAIL	35	61	39	529
CORRELATION	523	336	4599	6949
SQUARE	50400	213
FOLD	570	585	585	169356	169356	0	550174
RAIL	35	62	39	530
CORRELATION	524	336	4599	6949
SQUARE	50496	213
FOLD	571	586	586	169647	169647	0	550872
RAIL	16	80	39	531
CORRELATION	525	336	4599	6949
SQUARE	50592	213
FOLD	572	587	587	169935	169935	0	551557
RAIL	16	81	39	532
CORRELATION	526	336	4599	6949
SQUARE	50688	213
FOLD	573	588	588	170226	170226	0	552181
RAIL	34	62	39	533
CORRELATION	527	336	4599	6949
SQUARE	50784	213
FOLD	574	589	589	170514	170514	0	553478
RAIL	34	63	39	534
CORRELATION	528	336	4599	6949
SQUARE	50880	213
FOLD	575	590	590	170805	170805	0	554096
RAIL	17	79	39	535
CORRELATION	529	336	4599	6949
SQUARE	50976	213
FOLD	576	591	591	171093	171093	0	554707
RAIL	17	80	39	536
CORRELATION	530	336	4599	6949
SQUARE	51072	213
FOLD	577	592	592	171384	171384	0	555349
RAIL	33	63	39	537
CORRELATION	531	336	4599	6949
SQUARE	51168	213
FOLD	578	593	593	171672	171672	0	556067
RAIL	33	64	39	538
CORRELATION	532	336	4599	6949
SQUARE	51264	213
FOLD	579	594	594	171963	171963	0	558492
RAIL	18	78	39	539
CORRELATION	533	336	4599	6949
SQUARE	51360	213
FOLD	580	595	595	172251	172251	0	561477
RAIL	18	79	39	540
CORRELATION	534	336	4599	6949
SQUARE	51456	213
FOLD	581	596	596	172542	172542	0	564579
RAIL	32	64	39	541
CORRELATION	535	336	4599	6949
SQUARE	51552	213
FOLD	582	597	597	172830	172830	0	565260
RAIL	32	65	39	542
CORRELATION	536	336	4599	6949
SQUARE	51648	213
FOLD	583	598	598	173121	173121	0	565974
RAIL	19	77	39	543
CORRELATION	537	336	4599	6949
SQUARE	51744	213
FOLD	584	599	599	173409	173409	0	566624
RAIL	19	78	39	544
CORRELATION	538	336	4599	6949
SQUARE	51840	213
FOLD	585	600	600	173700	173700	0	567408
RAIL	31	65	39	545
CORRELATION	539	336	4599	6949
SQUARE	51936	213
FOLD	586	601	601	173988	173988	0	568025
RAIL	31	66	39	546
CORRELATION	540	336	4599	6949
SQUARE	52032	213
FOLD	587	602	602	174279	174279	0	568627
RAIL	20	76	39	547
CORRELATION	541	336	4599	6949
SQUARE	52128	213
FOLD	588	603	603	174567	174567	0	569326
RAIL	20	77	39	548
CORRELATION	542	336	4599	6949
SQUARE	52224	213
FOLD	589	604	604	174858	174858	0	569930
RAIL	30	66	39	549
CORRELATION	543	336	4599	6949
SQUARE	52320	213
FOLD	590	605	605	175146	175146	0	570559
RAIL	30	67	39	550
CORRELATION	544	336	4599	6949
SQUARE	52416	213
FOLD	591	606	606	175437	175437	0	571312
RAIL	21	75	39	551
CORRELATION	545	336	4599	6949
SQUARE	52512	213
FOLD	592	607	607	175725	175725	0	571935
RAIL	21	76	39	552
CORRELATION	546	336	4599	6949
SQUARE	52608	213
FOLD	593	608	608	176016	176016	0	572534
RAIL	29	67	39	553
CORRELATION	547	336	4599	6949
SQUARE	52704	213
FOLD	594	609	609	176304	176304	0	573267
RAIL	29	68	39	554
CORRELATION	548	336	4599	6949
SQUARE	52800	213
FOLD	595	610	610	176595	176595	0	573923
RAIL	22	74	39	555
CORRELATION	549	336	4599	6949
SQUARE	52896	213
FOLD	596	611	611	176883	176883	0	574716
RAIL	22	75	39	556
CORRELATION	550	338	4599	6949
SQUARE	52992	213
FOLD	597	612	612	177174	177174	0	575497
RAIL	28	68	39	557
CORRELATION	551	338	4599	6949
SQUARE	53088	213
FOLD	598	613	613	177462	177462	0	577656
RAIL	28	69	39	558
CORRELATION	552	338	4599	6949
SQUARE	53184	213
FOLD	599	614	614	177753	177753	0	579609
RAIL	23	73	39	559
CORRELATION	553	338	4599	6949
SQUARE	53280	213
FOLD	600	615	615	178041	178041	0	580345
RAIL	23	74	39	560
CORRELATION	554	338	4599	6949
SQUARE	53376	213
FOLD	601	616	616	178332	178332	0	580982
RAIL	27	69	39	561
CORRELATION	555	338	4599	6949
SQUARE	53472	213
FOLD	602	617	617	178620	178620	0	581589
RAIL	27	70	39	562
CORRELATION	556	338	4599	6949
SQUARE	53568	213
FOLD	603	618	618	178911	178911	0	582189
RAIL	24	72	39	563
CORRELATION	557	338	4599	6949
SQUARE	53664	213
FOLD	604	619	619	179199	179199	0	582903
RAIL	24	73	39	564
CORRELATION	558	338	4599	6949
SQUARE	53760	213
FOLD	605	620	620	179490	179490	0	583523
RAIL	26	70	39	565
CORRELATION	559	338	4599	6949
SQUARE	53856	213
FOLD	606	621	621	179778	179778	0	584138
RAIL	26	71	39	566
CORRELATION	560	338	4599	6949
SQUARE	53952	213
FOLD	607	622	622	180069	180069	0	584856
RAIL	25	71	39	567
CORRELATION	561	338	4599	6949
SQUARE	54048	213
FOLD	608	623	623	180357	180357	0	585466
RAIL	25	72	39	568
CORRELATION	562	338	4599	6949
SQUARE	54144	213
FOLD	609	624	624	180648	180648	0	586737
RAIL	48	48	39	569
CORRELATION	565	338	4599	6949
SQUARE	54432	213
FOLD	610	625	625	180936	180936	0	587374
RAIL	48	49	39	570
CORRELATION	566	338	4599	6949
SQUARE	54528	213
FOLD	611	626	626	181227	181227	0	588641
RAIL	47	49	39	571
CORRELATION	569	338	4599	6949
SQUARE	54816	213
FOLD	612	627	627	181515	181515	0	589275
RAIL	47	50	39	572
CORRELATION	570	338	4599	6949
SQUARE	54912	213
FOLD	613	628	628	181806	181806	0	590661
RAIL	46	50	39	573
CORRELATION	573	338	4599	6949
SQUARE	55200	213
FOLD	614	629	629	182094	182094	0	591310
RAIL	46	51	39	574
CORRELATION	574	338	4599	6949
SQUARE	55296	213
FOLD	615	630	630	182385	182385	0	593040
RAIL	45	51	39	575
CORRELATION	577	342	4599	6949
SQUARE	55584	213
FOLD	616	631	631	182673	182673	0	593635
RAIL	45	52	39	576
CORRELATION	578	342	4599	6949
SQUARE	55680	213
FOLD	617	632	632	182964	182964	0	594897
RAIL	44	52	39	577
CORRELATION	581	342	4599	6949
SQUARE	55968	213
FOLD	618	633	633	183252	183252	0	595836
RAIL	44	53	39	578
CORRELATION	582	345	4599	6949
SQUARE	56064	213
FOLD	619	634	634	183543	183543	0	596985
RAIL	43	53	39	579
CORRELATION	585	345	4599	6949
SQUARE	56352	213
FOLD	620	635	635	183831	183831	0	597627
RAIL	43	54	39	580
CORRELATION	586	346	4599	6949
SQUARE	56448	213
FOLD	621	636	636	184122	184122	0	598303
RAIL	8	88	39	581
CORRELATION	587	346	4599	6949
SQUARE	56544	213
FOLD	630	637	637	184410	184410	0	604601
RAIL	10	87	43	586
CORRELATION	596	346	4599	6949
SQUARE	57408	213
FOLD	631	638	638	184701	184701	0	605234
RAIL	40	56	43	587
CORRELATION	597	346	4599	6949
SQUARE	57504	213
FOLD	632	639	639	184989	184989	0	606010
RAIL	40	57	43	588
CORRELATION	598	346	4599	6949
SQUARE	57600	213
FOLD	633	640	640	185280	185280	0	606696
RAIL	11	85	43	589
CORRELATION	599	346	4599	6949
SQUARE	57696	213
FOLD	642	641	641	185568	185568	0	611625
RAIL	13	84	47	594
CORRELATION	608	346	4599	6949
SQUARE	58560	213
FOLD	643	642	642	185859	185859	0	612302
RAIL	37	59	47	595
CORRELATION	609	346	4599	6949
SQUARE	58656	213
FOLD	644	643	643	186147	186147	0	612946
RAIL	37	60	47	596
CORRELATION	610	346	4599	6949
SQUARE	58752	213
FOLD	645	644	644	186438	186438	0	613588
RAIL	14	82	47	597
CORRELATION	611	346	4599	6949
SQUARE	58848	213
FOLD	646	645	645	186726	186726	0	614257
RAIL	14	83	47	598
CORRELATION	612	346	4599	6949
SQUARE	58944	213
FOLD	647	646	646	187017	187017	0	614918
RAIL	36	60	47	599
CORRELATION	613	346	4599	6949
SQUARE	59040	213
FOLD	648	647	647	187305	187305	0	615616
RAIL	36	61	47	600
CORRELATION	614	346	4599	6949
SQUARE	59136	213
FOLD	649	648	648	187596	187596	0	616782
RAIL	15	81	47	601
CORRELATION	615	351	4599	6949
SQUARE	59232	213
FOLD	650	649	649	187884	187884	0	617486
RAIL	15	82	47	602
CORRELATION	616	351	4599	6949
SQUARE	59328	213
FOLD	651	650	650	188175	188175	0	618297
RAIL	35	61	47	603
CORRELATION	617	352	4599	6949
SQUARE	59424	213
FOLD	652	651	651	188463	188463	0	619019
RAIL	35	62	47	604
CORRELATION	618	352	4599	6949
SQUARE	59520	213
FOLD	653	652	652	188754	188754	0	620676
RAIL	16	80	47	605
CORRELATION	619	352	4599	6949
SQUARE	59616	213
FOLD	654	653	653	189042	189042	0	623434
RAIL	16	81	47	606
CORRELATION	620	352	4599	6949
SQUARE	59712	213
FOLD	655	654	654	189333	189333	0	624928
RAIL	34	62	47	607
CORRELATION	621	352	4599	6949
SQUARE	59808	213
FOLD	656	655	655	189621	189621	0	625597
RAIL	34	63	47	608
CORRELATION	622	352	4599	6949
SQUARE	59904	213
FOLD	657	656	656	189912	189912	0	626262
RAIL	17	79	47	609
CORRELATION	623	352	4599	6949
SQUARE	60000	213
FOLD	658	657	657	190200	190200	0	626994
RAIL	17	80	47	610
CORRELATION	624	352	4599	6949
SQUARE	60096	213
FOLD	659	658	658	190491	190491	0	627711
RAIL	33	63	47	611
CORRELATION	625	352	4599	6949
SQUARE	60192	213
FOLD	660	659	659	190779	190779	0	628368
RAIL	33	64	47	612
CORRELATION	626	352	4599	6949
SQUARE	60288	213
FOLD	661	660	660	191070	191070	0	629034
RAIL	18	78	47	613
CORRELATION	627	352	4599	6949
SQUARE	60384	213
FOLD	662	661	661	191358	191358	0	629702
RAIL	18	79	47	614
CORRELATION	628	352	4599	6949
SQUARE	60480	213
FOLD	663	662	662	191649	191649	0	630416
RAIL	32	64	47	615
CORRELATION	629	352	4599	6949
SQUARE	60576	213
FOLD	664	663	663	191937	191937	0	631033
RAIL	32	65	47	616
CORRELATION	630	352	4599	6949
SQUARE	60672	213
FOLD	665	664	664	192228	192228	0	631795
RAIL	19	77	47	617
CORRELATION	631	352	4599	6949
SQUARE	60768	213
FOLD	666	665	665	192516	192516	0	632631
RAIL	19	78	47	618
CORRELATION	632	352	4599	6949
SQUARE	60864	213
FOLD	667	666	666	192807	192807	0	633383
RAIL	31	65	47	619
CORRELATION	633	352	4599	6949
SQUARE	60960	213
FOLD	668	667	667	193095	193095	0	634080
RAIL	31	66	47	620
CORRELATION	634	352	4599	6949
SQUARE	61056	213
FOLD	669	668	668	193386	193386	0	634810
RAIL	20	76	47	621
CORRELATION	635	352	4599	6949
SQUARE	61152	213
FOLD	670	669	669	193674	193674	0	635613
RAIL	20	77	47	622
CORRELATION	636	352	4599	6949
SQUARE	61248	213
FOLD	671	670	670	193965	193965	0	636409
RAIL	30	66	47	623
CORRELATION	637	352	4599	6949
SQUARE	61344	213
FOLD	672	671	671	194253	194253	0	639038
RAIL	30	67	47	624
CORRELATION	638	352	4599	6949
SQUARE	61440	213
FOLD	673	672	672	194544	194544	0	640616
RAIL	21	75	47	625
CORRELATION	639	352	4599	6949
SQUARE	61536	213
FOLD	674	673	673	194832	194832	0	643079
RAIL	21	76	47	626
CORRELATION	640	352	4599	6949
SQUARE	61632	213
FOLD	675	674	674	195123	195123	0	645581
RAIL	29	67	47	627
CORRELATION	641	352	4599	6949
SQUARE	61728	213
FOLD	676	675	675	195411	195411	0	647904
RAIL	29	68	47	628
CORRELATION	642	352	4599	6949
SQUARE	61824	213
FOLD	677	676	676	195702	195702	0	648656
RAIL	22	74	47	629
CORRELATION	643	352	4599	6949
SQUARE	61920	213
FOLD	678	677	677	195990	195990	0	649380
RAIL	22	75	47	630
CORRELATION	644	352	4599	6949
SQUARE	62016	213
FOLD	679	678	678	196281	196281	0	650131
RAIL	28	68	47	631
CORRELATION	645	352	4599	6949
SQUARE	62112	213
FOLD	680	679	679	196569	196569	0	651316
RAIL	28	69	47	632
CORRELATION	646	356	4599	6949
SQUARE	62208	213
FOLD	681	680	680	196860	196860	0	652253
RAIL	23	73	47	633
CORRELATION	647	358	4599	6949
SQUARE	62304	213
FOLD	682	681	681	197148	197148	0	653122
RAIL	23	74	47	634
CORRELATION	648	360	4599	6949
SQUARE	62400	213
FOLD	683	682	682	197439	197439	0	653957
RAIL	27	69	47	635
CORRELATION	649	360	4599	6949
SQUARE	62496	213
FOLD	684	683	683	197727	197727	0	654628
RAIL	27	70	47	636
CORRELATION	650	360	4599	6949
SQUARE	62592	213
FOLD	685	684	684	198018	198018	0	655580
RAIL	24	72	47	637
CORRELATION	651	361	4599	6949
SQUARE	62688	213
FOLD	686	685	685	198306	198306	0	656248
RAIL	24	73	47	638
CORRELATION	652	361	4599	6949
SQUARE	62784	213
FOLD	687	686	686	198597	198597	0	656909
RAIL	26	70	47	639
CORRELATION	653	361	4599	6949
SQUARE	62880	213
FOLD	688	687	687	198885	198885	0	657654
RAIL	26	71	47	640
CORRELATION	654	361	4599	6949
SQUARE	62976	213
FOLD	689	688	688	199176	199176	0	659595
RAIL	25	71	47	641
CORRELATION	655	361	4599	6949
SQUARE	63072	213
FOLD	690	689	689	199464	199464	0	661272
RAIL	25	72	47	642
CORRELATION	656	361	4599	6949
SQUARE	63168	213
FOLD	691	690	690	199755	199755	0	664831
RAIL	48	48	47	643
CORRELATION	659	361	4599	6949
SQUARE	63456	213
FOLD	692	691	691	200043	200043	0	667476
RAIL	48	49	47	644
CORRELATION	660	361	4599	6949
SQUARE	63552	213
FOLD	693	692	692	200334	200334	0	670936
RAIL	47	49	47	645
CORRELATION	663	361	4599	6949
SQUARE	63840	213
FOLD	694	693	693	200622	200622	0	672402
RAIL	47	50	47	646
CORRELATION	664	361	4599	6949
SQUARE	63936	213
FOLD	695	694	694	200913	200913	0	675911
RAIL	46	50	47	647
CORRELATION	667	361	4599	6949
SQUARE	64224	213
FOLD	696	695	695	201201	201201	0	677478
RAIL	46	51	47	648
CORRELATION	668	361	4599	6949
SQUARE	64320	213
FOLD	697	696	696	201492	201492	0	681206
RAIL	45	51	47	649
CORRELATION	671	361	4599	6949
SQUARE	64608	213
FOLD	698	697	697	201780	201780	0	682606
RAIL	45	52	47	650
CORRELATION	672	361	4599	6949
SQUARE	64704	213
FOLD	699	698	698	202071	202071	0	685919
RAIL	44	52	47	651
CORRELATION	675	361	4599	6949
SQUARE	64992	213
FOLD	700	699	699	202359	202359	0	687526
RAIL	44	53	47	652
CORRELATION	676	361	4599	6949
SQUARE	65088	213
FOLD	701	700	700	202650	202650	0	690823
RAIL	43	53	47	653
CORRELATION	679	361	4599	6949
SQUARE	65376	213
FOLD	702	701	701	202938	202938	0	692359
RAIL	43	54	47	654
CORRELATION	680	362	4599	6949
SQUARE	65472	213
FOLD	702	701	701	202938	202938	0	693410
RAIL	43	54	47	655
CORRELATION	680	362	4599	6949
SQUARE	65536	213
FOLD	703	702	702	203229	203229	0	693769
RAIL	8	88	47	655
CORRELATION	681	362	4599	6949
SQUARE	65568	213
FOLD	704	703	703	203517	203517	0	696387
RAIL	8	89	47	656
CORRELATION	682	362	4599	6949
SQUARE	65664	213
FOLD	705	704	704	203808	203808	0	697113
RAIL	42	54	47	657
CORRELATION	683	362	4599	6949
SQUARE	65760	213
FOLD	706	705	705	204096	204096	0	697838
RAIL	42	55	47	658
CORRELATION	684	362	4599	6949
SQUARE	65856	213
FOLD	707	706	706	204387	204387	0	698489
RAIL	9	87	47	659
CORRELATION	685	362	4599	6949
SQUARE	65952	213
FOLD	716	707	707	204675	204675	0	703506
RAIL	11	86	51	664
CORRELATION	694	362	4599	6949
SQUARE	66816	213
FOLD	717	708	708	204966	204966	0	704138
RAIL	39	57	51	665
CORRELATION	695	362	4599	6949
SQUARE	66912	213
FOLD	718	709	709	205254	205254	0	704889
RAIL	39	58	51	666
CORRELATION	696	362	4599	6949
SQUARE	67008	213
FOLD	719	710	710	205545	205545	0	705614
RAIL	12	84	51	667
CORRELATION	697	362	4599	6949
SQUARE	67104	213
FOLD	728	711	711	205833	205833	0	712495
RAIL	14	83	55	672
CORRELATION	706	369	4599	6949
SQUARE	67968	213
FOLD	729	712	712	206124	206124	0	713203
RAIL	36	60	55	673
CORRELATION	707	369	4599	6949
SQUARE	68064	213
FOLD	730	713	713	206412	206412	0	713844
RAIL	36	61	55	674
CORRELATION	708	369	4599	6949
SQUARE	68160	213
FOLD	731	714	714	206703	206703	0	714607
RAIL	15	81	55	675
CORRELATION	709	369	4599	6949
SQUARE	68256	213
FOLD	732	715	715	206991	206991	0	715506
RAIL	15	82	55	676
CORRELATION	710	373	4599	6949
SQUARE	68352	213
FOLD	733	716	716	207282	207282	0	716180
RAIL	35	61	55	677
CORRELATION	711	373	4599	6949
SQUARE	68448	213
FOLD	734	717	717	207570	207570	0	716809
RAIL	35	62	55	678
CORRELATION	712	373	4599	6949
SQUARE	68544	213
FOLD	735	718	718	207861	207861	0	717798
RAIL	16	80	55	679
CORRELATION	713	377	4599	6949
SQUARE	68640	213
FOLD	736	719	719	208149	208149	0	718567
RAIL	16	81	55	680
CORRELATION	714	378	4599	6949
SQUARE	68736	213
FOLD	737	720	720	208440	208440	0	719279
RAIL	34	62	55	681
CORRELATION	715	378	4599	6949
SQUARE	68832	213
FOLD	738	721	721	208728	208728	0	719937
RAIL	34	63	55	682
CORRELATION	716	378	4599	6949
SQUARE	68928	213
FOLD	739	722	722	209019	209019	0	720682
RAIL	17	79	55	683
CORRELATION	717	380	4599	6949
SQUARE	69024	213
FOLD	740	723	723	209307	209307	0	721302
RAIL	17	80	55	684
CORRELATION	718	380	4599	6949
SQUARE	69120	213
FOLD	741	724	724	209598	209598	0	722117
RAIL	33	63	55	685
CORRELATION	719	382	4599	6949
SQUARE	69216	213
FOLD	742	725	725	209886	209886	0	723006
RAIL	33	64	55	686
CORRELATION	720	384	4599	6949
SQUARE	69312	213
FOLD	743	726	726	210177	210177	0	724914
RAIL	18	78	55	687
CORRELATION	721	384	4599	6949
SQUARE	69408	213
FOLD	744	727	727	210465	210465	0	726788
RAIL	18	79	55	688
CORRELATION	722	384	4599	6949
SQUARE	69504	213
FOLD	745	728	728	210756	210756	0	729026
RAIL	32	64	55	689
CORRELATION	723	384	4599	6949
SQUARE	69600	213
FOLD	746	729	729	211044	211044	0	730617
RAIL	32	65	55	690
CORRELATION	724	384	4599	6949
SQUARE	69696	213
FOLD	747	730	730	211335	211335	0	733506
RAIL	19	77	55	691
CORRELATION	725	384	4599	6949
SQUARE	69792	213
FOLD	748	731	731	211623	211623	0	734535
RAIL	19	78	55	692
CORRELATION	726	387	4599	6949
SQUARE	69888	213
FOLD	749	732	732	211914	211914	0	735307
RAIL	31	65	55	693
CORRELATION	727	388	4599	6949
SQUARE	69984	213
FOLD	750	733	733	212202	212202	0	735926
RAIL	31	66	55	694
CORRELATION	728	388	4599	6949
SQUARE	70080	213
FOLD	751	734	734	212493	212493	0	736628
RAIL	20	76	55	695
CORRELATION	729	390	4599	6949
SQUARE	70176	213
FOLD	752	735	735	212781	212781	0	737265
RAIL	20	77	55	696
CORRELATION	730	390	4599	6949
SQUARE	70272	213
FOLD	753	736	736	213072	213072	0	737871
RAIL	30	66	55	697
CORRELATION	731	390	4599	6949
SQUARE	70368	213
FOLD	754	737	737	213360	213360	0	738482
RAIL	30	67	55	698
CORRELATION	732	390	4599	6949
SQUARE	70464	213
FOLD	755	738	738	213651	213651	0	739440
RAIL	21	75	55	699
CORRELATION	733	393	4599	6949
SQUARE	70560	213
FOLD	756	739	739	213939	213939	0	740094
RAIL	21	76	55	700
CORRELATION	734	393	4599	6949
SQUARE	70656	213
FOLD	757	740	740	214230	214230	0	740746
RAIL	29	67	55	701
CORRELATION	735	393	4599	6949
SQUARE	70752	213
FOLD	758	741	741	214518	214518	0	741492
RAIL	29	68	55	702
CORRELATION	736	393	4599	6949
SQUARE	70848	213
FOLD	759	742	742	214809	214809	0	742150
RAIL	22	74	55	703
CORRELATION	737	393	4599	6949
SQUARE	70944	213
FOLD	760	743	743	215097	215097	0	742803
RAIL	22	75	55	704
CORRELATION	738	393	4599	6949
SQUARE	71040	213
FOLD	761	744	744	215388	215388	0	743619
RAIL	28	68	55	705
CORRELATION	739	393	4599	6949
SQUARE	71136	213
FOLD	762	745	745	215676	215676	0	745464
RAIL	28	69	55	706
CORRELATION	740	393	4599	6949
SQUARE	71232	213
FOLD	763	746	746	215967	215967	0	747314
RAIL	23	73	55	707
CORRELATION	741	393	4599	6949
SQUARE	71328	213
FOLD	764	747	747	216255	216255	0	747989
RAIL	23	74	55	708
CORRELATION	742	393	4599	6949
SQUARE	71424	213
FOLD	765	748	748	216546	216546	0	748709
RAIL	27	69	55	709
CORRELATION	743	393	4599	6949
SQUARE	71520	213
FOLD	766	749	749	216834	216834	0	749325
RAIL	27	70	55	710
CORRELATION	744	393	4599	6949
SQUARE	71616	213
FOLD	767	750	750	217125	217125	0	749940
RAIL	24	72	55	711
CORRELATION	745	393	4599	6949
SQUARE	71712	213
FOLD	768	751	751	217413	217413	0	750568
RAIL	24	73	55	712
CORRELATION	746	393	4599	6949
SQUARE	71808	213
FOLD	769	752	752	217704	217704	0	751370
RAIL	26	70	55	713
CORRELATION	747	393	4599	6949
SQUARE	71904	213
FOLD	770	753	753	217992	217992	0	752006
RAIL	26	71	55	714
CORRELATION	748	393	4599	6949
SQUARE	72000	213
FOLD	771	754	754	218283	218283	0	752659
RAIL	25	71	55	715
CORRELATION	749	393	4599	6949
SQUARE	72096	213
FOLD	772	755	755	218571	218571	0	753398
RAIL	25	72	55	716
CORRELATION	750	393	4599	6949
SQUARE	72192	213
FOLD	773	756	756	218862	218862	0	754603
RAIL	48	48	55	717
CORRELATION	753	393	4599	6949
SQUARE	72480	213
FOLD	774	757	757	219150	219150	0	755320
RAIL	48	49	55	718
CORRELATION	754	393	4599	6949
SQUARE	72576	213
FOLD	775	758	758	219441	219441	0	756531
RAIL	47	49	55	719
CORRELATION	757	393	4599	6949
SQUARE	72864	213
FOLD	776	759	759	219729	219729	0	757281
RAIL	47	50	55	720
CORRELATION	758	393	4599	6949
SQUARE	72960	213
FOLD	777	760	760	220020	220020	0	758917
RAIL	46	50	55	721
CORRELATION	761	397	4599	6949
SQUARE	73248	213
FOLD	778	761	761	220308	220308	0	759565
RAIL	46	51	55	722
CORRELATION	762	397	4599	6949
SQUARE	73344	213
FOLD	779	762	762	220599	220599	0	760933
RAIL	45	51	55	723
CORRELATION	765	397	4599	6949
SQUARE	73632	213
FOLD	780	763	763	220887	220887	0	761574
RAIL	45	52	55	724
CORRELATION	766	397	4599	6949
SQUARE	73728	213
FOLD	781	764	764	221178	221178	0	764210
RAIL	44	52	55	725
CORRELATION	769	397	4599	6949
SQUARE	74016	213
FOLD	782	765	765	221466	221466	0	764879
RAIL	44	53	55	726
CORRELATION	770	397	4599	6949
SQUARE	74112	213
FOLD	783	766	766	221757	221757	0	766150
RAIL	43	53	55	727
CORRELATION	773	397	4599	6949
SQUARE	74400	213
FOLD	784	767	767	222045	222045	0	766910
RAIL	43	54	55	728
CORRELATION	774	397	4599	6949
SQUARE	74496	213
FOLD	785	768	768	222336	222336	0	767657
RAIL	8	88	55	729
CORRELATION	775	397	4599	6949
SQUARE	74592	213
FOLD	786	769	769	222624	222624	0	768350
RAIL	8	89	55	730
CORRELATION	776	397	4599	6949
SQUARE	74688	213
FOLD	787	770	770	222915	222915	0	768934
RAIL	42	54	55	731
CORRELATION	777	397	4599	6949
SQUARE	74784	216
FOLD	788	771	771	223203	223203	0	769613
RAIL	42	55	55	732
CORRELATION	778	397	4599	6949
SQUARE	74880	216
FOLD	789	772	772	223494	223494	0	770308
RAIL	9	87	55	733
CORRELATION	779	397	4599	6949
SQUARE	74976	216
FOLD	790	773	773	223782	223782	0	770923
RAIL	9	88	55	734
CORRELATION	780	397	4599	6949
SQUARE	75072	216
FOLD	791	774	774	224073	224073	0	771687
RAIL	41	55	55	735
CORRELATION	781	397	4599	6949
SQUARE	75168	216
FOLD	792	775	775	224361	224361	0	772361
RAIL	41	56	55	736
CORRELATION	782	397	4599	6949
SQUARE	75264	216
FOLD	793	776	776	224652	224652	0	773123
RAIL	10	86	55	737
CORRELATION	783	397	4599	6949
SQUARE	75360	216
FOLD	802	777	777	224940	224940	0	778403
RAIL	12	85	59	742
CORRELATION	792	401	4599	6949
SQUARE	76224	216
FOLD	803	778	778	225231	225231	0	779177
RAIL	38	58	59	743
CORRELATION	793	401	4599	6949
SQUARE	76320	216
FOLD	804	779	779	225519	225519	0	780015
RAIL	38	59	59	744
CORRELATION	794	402	4599	6949
SQUARE	76416	216
FOLD	805	780	780	225810	225810	0	780740
RAIL	13	83	59	745
CORRELATION	795	402	4599	6949
SQUARE	76512	216
FOLD	814	781	781	226098	226098	0	786204
RAIL	15	82	63	750
CORRELATION	804	407	4599	6949
SQUARE	77376	216
FOLD	815	782	782	226389	226389	0	786850
RAIL	35	61	63	751
CORRELATION	805	407	4599	6949
SQUARE	77472	216
FOLD	816	783	783	226677	226677	0	789375
RAIL	35	62	63	752
CORRELATION	806	407	4599	6949
SQUARE	77568	216
FOLD	817	784	784	226968	226968	0	790037
RAIL	16	80	63	753
CORRELATION	807	407	4599	6949
SQUARE	77664	216
FOLD	818	785	785	227256	227256	0	790676
RAIL	16	81	63	754
CORRELATION	808	407	4599	6949
SQUARE	77760	216
FOLD	819	786	786	227547	227547	0	791300
RAIL	34	62	63	755
CORRELATION	809	407	4599	6949
SQUARE	77856	216
FOLD	820	787	787	227835	227835	0	792046
RAIL	34	63	63	756
CORRELATION	810	407	4599	6949
SQUARE	77952	216
FOLD	821	788	788	228126	228126	0	792842
RAIL	17	79	63	757
CORRELATION	811	410	4599	6949
SQUARE	78048	216
FOLD	822	789	789	228414	228414	0	793455
RAIL	17	80	63	758
CORRELATION	812	410	4599	6949
SQUARE	78144	216
FOLD	823	790	790	228705	228705	0	794184
RAIL	33	63	63	759
CORRELATION	813	410	4599	6949
SQUARE	78240	216
FOLD	824	791	791	228993	228993	0	794855
RAIL	33	64	63	760
CORRELATION	814	410	4599	6949
SQUARE	78336	216
FOLD	825	792	792	229284	229284	0	795565
RAIL	18	78	63	761
CORRELATION	815	410	4599	6949
SQUARE	78432	216
FOLD	826	793	793	229572	229572	0	796243
RAIL	18	79	63	762
CORRELATION	816	410	4599	6949
SQUARE	78528	216
FOLD	827	794	794	229863	229863	0	797101
RAIL	32	64	63	763
CORRELATION	817	413	4599	6949
SQUARE	78624	216
FOLD	828	795	795	230151	230151	0	797737
RAIL	32	65	63	764
CORRELATION	818	413	4599	6949
SQUARE	78720	216
FOLD	829	796	796	230442	230442	0	798406
RAIL	19	77	63	765
CORRELATION	819	413	4599	6949
SQUARE	78816	216
FOLD	830	797	797	230730	230730	0	799108
RAIL	19	78	63	766
CORRELATION	820	413	4599	6949
SQUARE	78912	216
FOLD	831	798	798	231021	231021	0	799821
RAIL	31	65	63	767
CORRELATION	821	413	4599	6949
SQUARE	79008	216
FOLD	832	799	799	231309	231309	0	800562
RAIL	31	66	63	768
CORRELATION	822	413	4599	6949
SQUARE	79104	216
FOLD	833	800	800	231600	231600	0	802404
RAIL	20	76	63	769
CORRELATION	823	413	4599	6949
SQUARE	79200	216
FOLD	834	801	801	231888	231888	0	804438
RAIL	20	77	63	770
CORRELATION	824	416	4599	6949
SQUARE	79296	216
FOLD	835	802	802	232179	232179	0	806585
RAIL	30	66	63	771
CORRELATION	825	416	4599	6949
SQUARE	79392	216
FOLD	836	803	803	232467	232467	0	808245
RAIL	30	67	63	772
CORRELATION	826	416	4599	6949
SQUARE	79488	216
FOLD	837	804	804	232758	232758	0	811136
RAIL	21	75	63	773
CORRELATION	827	416	4599	6949
SQUARE	79584	216
FOLD	838	805	805	233046	233046	0	811824
RAIL	21	76	63	774
CORRELATION	828	416	4599	6949
SQUARE	79680	216
FOLD	839	806	806	233337	233337	0	812415
RAIL	29	67	63	775
CORRELATION	829	416	4599	6949
SQUARE	79776	216
FOLD	840	807	807	233625	233625	0	813338
RAIL	29	68	63	776
CORRELATION	830	419	4599	6949
SQUARE	79872	216
FOLD	841	808	808	233916	233916	0	813994
RAIL	22	74	63	777
CORRELATION	831	419	4599	6949
SQUARE	79968	216
FOLD	842	809	809	234204	234204	0	814660
RAIL	22	75	63	778
CORRELATION	832	420	4599	6949
SQUARE	80064	216
FOLD	843	810	810	234495	234495	0	815370
RAIL	28	68	63	779
CORRELATION	833	420	4599	6949
SQUARE	80160	216
FOLD	844	811	811	234783	234783	0	815993
RAIL	28	69	63	780
CORRELATION	834	420	4599	6949
SQUARE	80256	216
FOLD	845	812	812	235074	235074	0	816686
RAIL	23	73	63	781
CORRELATION	835	420	4599	6949
SQUARE	80352	216
FOLD	846	813	813	235362	235362	0	817409
RAIL	23	74	63	782
CORRELATION	836	420	4599	6949
SQUARE	80448	216
FOLD	847	814	814	235653	235653	0	818059
RAIL	27	69	63	783
CORRELATION	837	420	4599	6949
SQUARE	80544	216
FOLD	848	815	815	235941	235941	0	818655
RAIL	27	70	63	784
CORRELATION	838	420	4599	6949
SQUARE	80640	216
FOLD	849	816	816	236232	236232	0	819576
RAIL	24	72	63	785
CORRELATION	839	422	4599	6949
SQUARE	80736	216
FOLD	850	817	817	236520	236520	0	820223
RAIL	24	73	63	786
CORRELATION	840	422	4599	6949
SQUARE	80832	216
FOLD	851	818	818	236811	236811	0	820948
RAIL	26	70	63	787
CORRELATION	841	422	4599	6949
SQUARE	80928	216
FOLD	852	819	819	237099	237099	0	822788
RAIL	26	71	63	788
CORRELATION	842	422	4599	6949
SQUARE	81024	216
FOLD	853	820	820	237390	237390	0	825202
RAIL	25	71	63	789
CORRELATION	843	422	4599	6949
SQUARE	81120	216
FOLD	854	821	821	237678	237678	0	827965
RAIL	25	72	63	790
CORRELATION	844	422	4599	6949
SQUARE	81216	216
FOLD	855	822	822	237969	237969	0	829503
RAIL	48	48	63	791
CORRELATION	847	424	4599	6949
SQUARE	81504	216
FOLD	856	823	823	238257	238257	0	830130
RAIL	48	49	63	792
CORRELATION	848	424	4599	6949
SQUARE	81600	216
FOLD	857	824	824	238548	238548	0	831486
RAIL	47	49	63	793
CORRELATION	851	424	4599	6949
SQUARE	81888	216
FOLD	858	825	825	238836	238836	0	832328
RAIL	47	50	63	794
CORRELATION	852	427	4599	6949
SQUARE	81984	216
FOLD	859	826	826	239127	239127	0	833465
RAIL	46	50	63	795
CORRELATION	855	427	4599	6949
SQUARE	82272	216
FOLD	860	827	827	239415	239415	0	834174
RAIL	46	51	63	796
CORRELATION	856	427	4599	6949
SQUARE	82368	216
FOLD	861	828	828	239706	239706	0	835512
RAIL	45	51	63	797
CORRELATION	859	427	4599	6949
SQUARE	82656	216
FOLD	862	829	829	239994	239994	0	836137
RAIL	45	52	63	798
CORRELATION	860	427	4599	6949
SQUARE	82752	216
FOLD	863	830	830	240285	240285	0	837558
RAIL	44	52	63	799
CORRELATION	863	430	4599	6949
SQUARE	83040	216
FOLD	864	831	831	240573	240573	0	838204
RAIL	44	53	63	800
CORRELATION	864	430	4599	6949
SQUARE	83136	216
FOLD	865	832	832	240864	240864	0	839348
RAIL	43	53	63	801
CORRELATION	867	430	4599	6949
SQUARE	83424	216
FOLD	866	833	833	241152	241152	0	839947
RAIL	43	54	63	802
CORRELATION	868	430	4599	6949
SQUARE	83520	216
FOLD	867	834	834	241443	241443	0	840772
RAIL	8	88	63	803
CORRELATION	869	432	4599	6949
SQUARE	83616	216
FOLD	872	835	835	241731	241731	0	843407
RAIL	9	88	65	806
CORRELATION	874	432	4599	6949
SQUARE	84096	216
FOLD	873	836	836	242022	242022	0	844456
RAIL	41	55	65	807
CORRELATION	875	434	4599	6949
SQUARE	84192	216
FOLD	874	837	837	242310	242310	0	845196
RAIL	41	56	65	808
CORRELATION	876	434	4599	6949
SQUARE	84288	216
FOLD	875	838	838	242601	242601	0	845808
RAIL	10	86	65	809
CORRELATION	877	434	4599	6949
SQUARE	84384	216
FOLD	876	839	839	242889	242889	0	846381
RAIL	10	87	65	810
CORRELATION	878	434	4599	6949
SQUARE	84480	216
FOLD	877	840	840	243180	243180	0	847102
RAIL	40	56	65	811
CORRELATION	879	434	4599	6949
SQUARE	84576	216
FOLD	878	841	841	243468	243468	0	847923
RAIL	40	57	65	812
CORRELATION	880	436	4599	6949
SQUARE	84672	216
FOLD	879	842	842	243759	243759	0	848559
RAIL	11	85	65	813
CORRELATION	881	436	4599	6949
SQUARE	84768	216
FOLD	888	843	843	244047	244047	0	853484
RAIL	13	84	69	818
CORRELATION	890	436	4599	6949
SQUARE	85632	216
FOLD	889	844	844	244338	244338	0	854122
RAIL	37	59	69	819
CORRELATION	891	436	4599	6949
SQUARE	85728	216
FOLD	890	845	845	244626	244626	0	854856
RAIL	37	60	69	820
CORRELATION	892	436	4599	6949
SQUARE	85824	216
FOLD	891	846	846	244917	244917	0	855662
RAIL	14	82	69	821
CORRELATION	893	436	4599	6949
SQUARE	85920	216
FOLD	900	847	847	245205	245205	0	861048
RAIL	16	81	73	826
CORRELATION	902	440	4599	6949
SQUARE	86784	216
FOLD	901	848	848	245496	245496	0	862319
RAIL	34	62	73	827
CORRELATION	903	440	4599	6949
SQUARE	86880	216
FOLD	902	849	849	245784	245784	0	863014
RAIL	34	63	73	828
CORRELATION	904	440	4599	6949
SQUARE	86976	216
FOLD	903	850	850	246075	246075	0	863695
RAIL	17	79	73	829
CORRELATION	905	440	4599	6949
SQUARE	87072	216
FOLD	904	851	851	246363	246363	0	864722
RAIL	17	80	73	830
CORRELATION	906	442	4599	6949
SQUARE	87168	216
FOLD	905	852	852	246654	246654	0	865404
RAIL	33	63	73	831
CORRELATION	907	442	4599	6949
SQUARE	87264	216
FOLD	906	853	853	246942	246942	0	866166
RAIL	33	64	73	832
CORRELATION	908	442	4599	6949
SQUARE	87360	216
FOLD	907	854	854	247233	247233	0	868696
RAIL	18	78	73	833
CORRELATION	909	442	4599	6949
SQUARE	87456	216
FOLD	908	855	855	247521	247521	0	871641
RAIL	18	79	73	834
CORRELATION	910	442	4599	6949
SQUARE	87552	216
FOLD	909	856	856	247812	247812	0	875591
RAIL	32	64	73	835
CORRELATION	911	442	4599	6949
SQUARE	87648	216
FOLD	910	857	857	248100	248100	0	876279
RAIL	32	65	73	836
CORRELATION	912	442	4599	6949
SQUARE	87744	216
FOLD	911	858	858	248391	248391	0	877110
RAIL	19	77	73	837
CORRELATION	913	442	4599	6949
SQUARE	87840	216
FOLD	912	859	859	248679	248679	0	878000
RAIL	19	78	73	838
CORRELATION	914	442	4599	6949
SQUARE	87936	216
FOLD	913	860	860	248970	248970	0	879333
RAIL	31	65	73	839
CORRELATION	915	445	4599	6949
SQUARE	88032	216
FOLD	914	861	861	249258	249258	0	880187
RAIL	31	66	73	840
CORRELATION	916	445	4599	6949
SQUARE	88128	216
FOLD	915	862	862	249549	249549	0	881018
RAIL	20	76	73	841
CORRELATION	917	445	4599	6949
SQUARE	88224	216
FOLD	916	863	863	249837	249837	0	881836
RAIL	20	77	73	842
CORRELATION	918	445	4599	6949
SQUARE	88320	216
FOLD	917	864	864	250128	250128	0	882693
RAIL	30	66	73	843
CORRELATION	919	445	4599	6949
SQUARE	88416	216
FOLD	918	865	865	250416	250416	0	883629
RAIL	30	67	73	844
CORRELATION	920	445	4599	6949
SQUARE	88512	216
FOLD	919	866	866	250707	250707	0	884466
RAIL	21	75	73	845
CORRELATION	921	445	4599	6949
SQUARE	88608	216
FOLD	920	867	867	250995	250995	0	885227
RAIL	21	76	73	846
CORRELATION	922	445	4599	6949
SQUARE	88704	216
FOLD	921	868	868	251286	251286	0	886002
RAIL	29	67	73	847
CORRELATION	923	445	4599	6949
SQUARE	88800	216
FOLD	922	869	869	251574	251574	0	886809
RAIL	29	68	73	848
CORRELATION	924	445	4599	6949
SQUARE	88896	216
FOLD	923	870	870	251865	251865	0	887775
RAIL	22	74	73	849
CORRELATION	925	445	4599	6949
SQUARE	88992	216
FOLD	924	871	871	252153	252153	0	888848
RAIL	22	75	73	850
CORRELATION	926	447	4599	6949
SQUARE	89088	216
FOLD	925	872	872	252444	252444	0	889724
RAIL	28	68	73	851
CORRELATION	927	447	4599	6949
SQUARE	89184	216
FOLD	926	873	873	252732	252732	0	891487
RAIL	28	69	73	852
CORRELATION	928	447	4599	6949
SQUARE	89280	216
FOLD	927	874	874	253023	253023	0	893218
RAIL	23	73	73	853
CORRELATION	929	447	4599	6949
SQUARE	89376	216
FOLD	928	875	875	253311	253311	0	894011
RAIL	23	74	73	854
CORRELATION	930	447	4599	6949
SQUARE	89472	216
FOLD	929	876	876	253602	253602	0	894838
RAIL	27	69	73	855
CORRELATION	931	447	4599	6949
SQUARE	89568	216
FOLD	930	877	877	253890	253890	0	895687
RAIL	27	70	73	856
CORRELATION	932	447	4599	6949
SQUARE	89664	216
FOLD	931	878	878	254181	254181	0	896453
RAIL	24	72	73	857
CORRELATION	933	447	4599	6949
SQUARE	89760	216
FOLD	932	879	879	254469	254469	0	897247
RAIL	24	73	73	858
CORRELATION	934	447	4599	6949
SQUARE	89856	216
FOLD	933	880	880	254760	254760	0	898465
RAIL	26	70	73	859
CORRELATION	935	450	4599	6949
SQUARE	89952	216
FOLD	934	881	881	255048	255048	0	899494
RAIL	26	71	73	860
CORRELATION	936	451	4599	6949
SQUARE	90048	216
FOLD	935	882	882	255339	255339	0	900377
RAIL	25	71	73	861
CORRELATION	937	452	4599	6949
SQUARE	90144	216
FOLD	936	883	883	255627	255627	0	901139
RAIL	25	72	73	862
CORRELATION	938	452	4599	6949
SQUARE	90240	216
FOLD	937	884	884	255918	255918	0	902894
RAIL	48	48	73	863
CORRELATION	941	453	4599	6949
SQUARE	90528	216
FOLD	938	885	885	256206	256206	0	903822
RAIL	48	49	73	864
CORRELATION	942	453	4599	6949
SQUARE	90624	216
FOLD	939	886	886	256497	256497	0	905472
RAIL	47	49	73	865
CORRELATION	945	453	4599	6949
SQUARE	90912	216
FOLD	940	887	887	256785	256785	0	906279
RAIL	47	50	73	866
CORRELATION	946	453	4599	6949
SQUARE	91008	216
FOLD	941	888	888	257076	257076	0	908314
RAIL	46	50	73	867
CORRELATION	949	456	4599	6949
SQUARE	91296	216
FOLD	942	889	889	257364	257364	0	909187
RAIL	46	51	73	868
CORRELATION	950	456	4599	6949
SQUARE	91392	216
FOLD	943	890	890	257655	257655	0	910878
RAIL	45	51	73	869
CORRELATION	953	457	4599	6949
SQUARE	91680	216
FOLD	944	891	891	257943	257943	0	911731
RAIL	45	52	73	870
CORRELATION	954	457	4599	6949
SQUARE	91776	216
FOLD	945	892	892	258234	258234	0	913204
RAIL	44	52	73	871
CORRELATION	957	457	4599	6949
SQUARE	92064	216
FOLD	946	893	893	258522	258522	0	913858
RAIL	44	53	73	872
CORRELATION	958	457	4599	6949
SQUARE	92160	216
FOLD	947	894	894	258813	258813	0	915170
RAIL	43	53	73	873
CORRELATION	961	457	4599	6949
SQUARE	92448	216
FOLD	948	895	895	259101	259101	0	916911
RAIL	43	54	73	874
CORRELATION	962	457	4599	6949
SQUARE	92544	216
FOLD	949	896	896	259392	259392	0	917665
RAIL	8	88	73	875
CORRELATION	963	457	4599	6949
SQUARE	92640	216
FOLD	958	897	897	259680	259680	0	922984
RAIL	10	87	77	880
CORRELATION	972	461	4599	6949
SQUARE	93504	216
FOLD	959	898	898	259971	259971	0	923680
RAIL	40	56	77	881
CORRELATION	973	461	4599	6949
SQUARE	93600	216
FOLD	960	899	899	260259	260259	0	924321
RAIL	40	57	77	882
CORRELATION	974	461	4599	6949
SQUARE	93696	216
FOLD	961	900	900	260550	260550	0	925241
RAIL	11	85	77	883
CORRELATION	975	463	4599	6949
SQUARE	93792	216
FOLD	962	901	901	260838	260838	0	925893
RAIL	11	86	77	884
CORRELATION	976	463	4599	6949
SQUARE	93888	216
FOLD	963	902	902	261129	261129	0	926610
RAIL	39	57	77	885
CORRELATION	977	463	4599	6949
SQUARE	93984	216
FOLD	964	903	903	261417	261417	0	927291
RAIL	39	58	77	886
CORRELATION	978	463	4599	6949
SQUARE	94080	216
FOLD	965	904	904	261708	261708	0	927998
RAIL	12	84	77	887
CORRELATION	979	463	4599	6949
SQUARE	94176	216
FOLD	974	905	905	261996	261996	0	933233
RAIL	14	83	81	892
CORRELATION	988	467	4599	6949
SQUARE	95040	216
FOLD	975	906	906	262287	262287	0	933906
RAIL	36	60	81	893
CORRELATION	989	467	4599	6949
SQUARE	95136	216
FOLD	976	907	907	262575	262575	0	934633
RAIL	36	61	81	894
CORRELATION	990	467	4599	6949
SQUARE	95232	216
FOLD	977	908	908	262866	262866	0	936898
RAIL	15	81	81	895
CORRELATION	991	468	4599	6949
SQUARE	95328	216
FOLD	986	909	909	263154	263154	0	944629
RAIL	17	80	85	900
CORRELATION	1000	470	4599	6949
SQUARE	96192	216
FOLD	987	910	910	263445	263445	0	945388
RAIL	33	63	85	901
CORRELATION	1001	470	4599	6949
SQUARE	96288	216
FOLD	988	911	911	263733	263733	0	946063
RAIL	33	64	85	902
CORRELATION	1002	470	4599	6949
SQUARE	96384	216
FOLD	989	912	912	264024	264024	0	946728
RAIL	18	78	85	903
CORRELATION	1003	470	4599	6949
SQUARE	96480	216
FOLD	990	913	913	264312	264312	0	947486
RAIL	18	79	85	904
CORRELATION	1004	470	4599	6949
SQUARE	96576	216
FOLD	991	914	914	264603	264603	0	948119
RAIL	32	64	85	905
CORRELATION	1005	470	4599	6949
SQUARE	96672	216
FOLD	992	915	915	264891	264891	0	948885
RAIL	32	65	85	906
CORRELATION	1006	470	4599	6949
SQUARE	96768	216
FOLD	993	916	916	265182	265182	0	949530
RAIL	19	77	85	907
CORRELATION	1007	470	4599	6949
SQUARE	96864	216
FOLD	994	917	917	265470	265470	0	950283
RAIL	19	78	85	908
CORRELATION	1008	471	4599	6949
SQUARE	96960	216
FOLD	995	918	918	265761	265761	0	950996
RAIL	31	65	85	909
CORRELATION	1009	471	4599	6949
SQUARE	97056	216
FOLD	996	919	919	266049	266049	0	952037
RAIL	31	66	85	910
CORRELATION	1010	473	4599	6949
SQUARE	97152	216
FOLD	997	920	920	266340	266340	0	952687
RAIL	20	76	85	911
CORRELATION	1011	473	4599	6949
SQUARE	97248	216
FOLD	998	921	921	266628	266628	0	953359
RAIL	20	77	85	912
CORRELATION	1012	473	4599	6949
SQUARE	97344	216
FOLD	999	922	922	266919	266919	0	954006
RAIL	30	66	85	913
CORRELATION	1013	473	4599	6949
SQUARE	97440	216
FOLD	1000	923	923	267207	267207	0	955328
RAIL	30	67	85	914
CORRELATION	1014	473	4599	6949
SQUARE	97536	216
FOLD	1001	924	924	267498	267498	0	956575
RAIL	21	75	85	915
CORRELATION	1015	473	4599	6949
SQUARE	97632	216
FOLD	1002	925	925	267786	267786	0	958773
RAIL	21	76	85	916
CORRELATION	1016	473	4599	6949
SQUARE	97728	216
FOLD	1003	926	926	268077	268077	0	960995
RAIL	29	67	85	917
CORRELATION	1017	473	4599	6949
SQUARE	97824	216
FOLD	1004	927	927	268365	268365	0	962583
RAIL	29	68	85	918
CORRELATION	1018	473	4599	6949
SQUARE	97920	216
FOLD	1005	928	928	268656	268656	0	963819
RAIL	22	74	85	919
CORRELATION	1019	476	4599	6949
SQUARE	98016	216
FOLD	1006	929	929	268944	268944	0	964547
RAIL	22	75	85	920
CORRELATION	1020	476	4599	6949
SQUARE	98112	216
FOLD	1007	930	930	269235	269235	0	965287
RAIL	28	68	85	921
CORRELATION	1021	476	4599	6949
SQUARE	98208	216
FOLD	1008	931	931	269523	269523	0	965931
RAIL	28	69	85	922
CORRELATION	1022	476	4599	6949
SQUARE	98304	216
FOLD	1009	932	932	269814	269814	0	966819
RAIL	23	73	85	923
CORRELATION	1023	478	4599	6949
SQUARE	98400	216
FOLD	1009	932	932	269814	269814	0	967774
RAIL	23	73	85	924
CORRELATION	1024	480	4599	6949
SQUARE	98496	216
FOLD	1010	933	933	270102	270102	0	967790
RAIL	23	74	85	924
CORRELATION	1024	480	4599	6949
SQUARE	98496	216
FOLD	1011	934	934	270393	270393	0	968383
RAIL	27	69	85	925
CORRELATION	1025	480	4599	6949
SQUARE	98592	216
FOLD	1012	935	935	270681	270681	0	969154
RAIL	27	70	85	926
CORRELATION	1026	481	4599	6949
SQUARE	98688	216
FOLD	1013	936	936	270972	270972	0	969759
RAIL	24	72	85	927
CORRELATION	1027	481	4599	6949
SQUARE	98784	216
FOLD	1014	937	937	271260	271260	0	970400
RAIL	24	73	85	928
CORRELATION	1028	481	4599	6949
SQUARE	98880	216
FOLD	1015	938	938	271551	271551	0	971198
RAIL	26	70	85	929
CORRELATION	1029	481	4599	6949
SQUARE	98976	216
FOLD	1016	939	939	271839	271839	0	971867
RAIL	26	71	85	930
CORRELATION	1030	481	4599	6949
SQUARE	99072	216
FOLD	1017	940	940	272130	272130	0	973944
RAIL	25	71	85	931
CORRELATION	1031	481	4599	6949
SQUARE	99168	216
FOLD	1018	941	941	272418	272418	0	975704
RAIL	25	72	85	932
CORRELATION	1032	481	4599	6949
SQUARE	99264	216
FOLD	1019	942	942	272709	272709	0	977318
RAIL	48	48	85	933
CORRELATION	1035	483	4599	6949
SQUARE	99552	216
FOLD	1020	943	943	272997	272997	0	978274
RAIL	48	49	85	934
CORRELATION	1036	485	4599	6949
SQUARE	99648	216
FOLD	1021	944	944	273288	273288	0	979601
RAIL	47	49	85	935
CORRELATION	1039	487	4599	6949
SQUARE	99936	216
FOLD	1022	945	945	273576	273576	0	980481
RAIL	47	50	85	936
CORRELATION	1040	489	4599	6949
SQUARE	100032	216
FOLD	1023	946	946	273867	273867	0	981917
RAIL	46	50	85	937
CORRELATION	1043	492	4599	6949
SQUARE	100320	216
FOLD	1024	947	947	274155	274155	0	982614
RAIL	46	51	85	938
CORRELATION	1044	492	4599	6949
SQUARE	100416	216
FOLD	1025	948	948	274446	274446	0	984647
RAIL	45	51	85	939
CORRELATION	1047	496	4599	6949
SQUARE	100704	216
FOLD	1026	949	949	274734	274734	0	985315
RAIL	45	52	85	940
CORRELATION	1048	496	4599	6949
SQUARE	100800	216
FOLD	1027	950	950	275025	275025	0	986965
RAIL	44	52	85	941
CORRELATION	1051	498	4599	6949
SQUARE	101088	216
FOLD	1028	951	951	275313	275313	0	987661
RAIL	44	53	85	942
CORRELATION	1052	498	4599	6949
SQUARE	101184	216
FOLD	1029	952	952	275604	275604	0	988994
RAIL	43	53	85	943
CORRELATION	1055	499	4599	6949
SQUARE	101472	216
FOLD	1030	953	953	275892	275892	0	989650
RAIL	43	54	85	944
CORRELATION	1056	499	4599	6949
SQUARE	101568	216
FOLD	1031	954	954	276183	276183	0	990332
RAIL	8	88	85	945
CORRELATION	1057	499	4599	6949
SQUARE	101664	216
FOLD	1032	955	955	276471	276471	0	990965
RAIL	8	89	85	946
CORRELATION	1058	499	4599	6949
SQUARE	101760	216
FOLD	1033	956	956	276762	276762	0	991718
RAIL	42	54	85	947
CORRELATION	1059	499	4599	6949
SQUARE	101856	216
FOLD	1034	957	957	277050	277050	0	992411
RAIL	42	55	85	948
CORRELATION	1060	500	4599	6949
SQUARE	101952	216
FOLD	1035	958	958	277341	277341	0	993155
RAIL	9	87	85	949
CORRELATION	1061	500	4599	6949
SQUARE	102048	216
FOLD	1044	959	959	277629	277629	0	999760
RAIL	11	86	89	954
CORRELATION	1070	502	4599	6949
SQUARE	102912	216
FOLD	1045	960	960	277920	277920	0	1000893
RAIL	39	57	89	955
CORRELATION	1071	504	4599	6949
SQUARE	103008	216
FOLD	1046	961	961	278208	278208	0	1001571
RAIL	39	58	89	956
CORRELATION	1072	504	4599	6949
SQUARE	103104	216
FOLD	1047	962	962	278499	278499	0	1002243
RAIL	12	84	89	957
CORRELATION	1073	504	4599	6949
SQUARE	103200	216
FOLD	1048	963	963	278787	278787	0	1003404
RAIL	12	85	89	958
CORRELATION	1074	506	4599	6949
SQUARE	103296	216
FOLD	1049	964	964	279078	279078	0	1004358
RAIL	38	58	89	959
CORRELATION	1075	508	4599	6949
SQUARE	103392	216
FOLD	1050	965	965	279366	279366	0	1005033
RAIL	38	59	89	960
CORRELATION	1076	508	4599	6949
SQUARE	103488	216
FOLD	1051	966	966	279657	279657	0	1006020
RAIL	13	83	89	961
CORRELATION	1077	510	4599	6949
SQUARE	103584	216
FOLD	1060	967	967	279945	279945	0	1012388
RAIL	15	82	93	966
CORRELATION	1086	519	4599	6949
SQUARE	104448	216
FOLD	1061	968	968	280236	280236	0	1013051
RAIL	35	61	93	967
CORRELATION	1087	519	4599	6949
SQUARE	104544	216
FOLD	1062	969	969	280524	280524	0	1014341
RAIL	35	62	93	968
CORRELATION	1088	521	4599	6949
SQUARE	104640	216
FOLD	1063	970	970	280815	280815	0	1015340
RAIL	16	80	93	969
CORRELATION	1089	523	4599	6949
SQUARE	104736	216
FOLD	1072	971	971	281103	281103	0	1023876
RAIL	18	79	97	974
CORRELATION	1098	527	4599	6949
SQUARE	105600	216
FOLD	1073	972	972	281394	281394	0	1024953
RAIL	32	64	97	975
CORRELATION	1099	529	4599	6949
SQUARE	105696	216
FOLD	1074	973	973	281682	281682	0	1026094
RAIL	32	65	97	976
CORRELATION	1100	531	4599	6949
SQUARE	105792	216
FOLD	1075	974	974	281973	281973	0	1026981
RAIL	19	77	97	977
CORRELATION	1101	531	4599	6949
SQUARE	105888	216
FOLD	1076	975	975	282261	282261	0	1028567
RAIL	19	78	97	978
CORRELATION	1102	534	4599	6949
SQUARE	105984	216
FOLD	1077	976	976	282552	282552	0	1029487
RAIL	31	65	97	979
CORRELATION	1103	534	4599	6949
SQUARE	106080	216
FOLD	1078	977	977	282840	282840	0	1030345
RAIL	31	66	97	980
CORRELATION	1104	534	4599	6949
SQUARE	106176	216
FOLD	1079	978	978	283131	283131	0	1032300
RAIL	20	76	97	981
CORRELATION	1105	538	4599	6949
SQUARE	106272	216
FOLD	1080	979	979	283419	283419	0	1033192
RAIL	20	77	97	982
CORRELATION	1106	538	4599	6949
SQUARE	106368	216
FOLD	1081	980	980	283710	283710	0	1034148
RAIL	30	66	97	983
CORRELATION	1107	538	4599	6949
SQUARE	106464	216
FOLD	1082	981	981	283998	283998	0	1035537
RAIL	30	67	97	984
CORRELATION	1108	540	4599	6949
SQUARE	106560	216
FOLD	1083	982	982	284289	284289	0	1036704
RAIL	21	75	97	985
CORRELATION	1109	542	4599	6949
SQUARE	106656	216
FOLD	1084	983	983	284577	284577	0	1037580
RAIL	21	76	97	986
CORRELATION	1110	543	4599	6949
SQUARE	106752	216
FOLD	1085	984	984	284868	284868	0	1038575
RAIL	29	67	97	987
CORRELATION	1111	545	4599	6949
SQUARE	106848	216
FOLD	1086	985	985	285156	285156	0	1039356
RAIL	29	68	97	988
CORRELATION	1112	545	4599	6949
SQUARE	106944	216
FOLD	1087	986	986	285447	285447	0	1041419
RAIL	22	74	97	989
CORRELATION	1113	545	4599	6949
SQUARE	107040	216
FOLD	1088	987	987	285735	285735	0	1043780
RAIL	22	75	97	990
CORRELATION	1114	545	4599	6949
SQUARE	107136	216
FOLD	1089	988	988	286026	286026	0	1047518
RAIL	28	68	97	991
CORRELATION	1115	549	4599	6949
SQUARE	107232	216
FOLD	1090	989	989	286314	286314	0	1049106
RAIL	28	69	97	992
CORRELATION	1116	549	4599	6949
SQUARE	107328	216
FOLD	1091	990	990	286605	286605	0	1050139
RAIL	23	73	97	993
CORRELATION	1117	550	4599	6949
SQUARE	107424	216
FOLD	1092	991	991	286893	286893	0	1051804
RAIL	23	74	97	994
CORRELATION	1118	553	4599	6949
SQUARE	107520	216
FOLD	1093	992	992	287184	287184	0	1052425
RAIL	27	69	97	995
CORRELATION	1119	553	4599	6949
SQUARE	107616	216
FOLD	1094	993	993	287472	287472	0	1053157
RAIL	27	70	97	996
CORRELATION	1120	553	4599	6949
SQUARE	107712	216
FOLD	1095	994	994	287763	287763	0	1053902
RAIL	24	72	97	997
CORRELATION	1121	553	4599	6949
SQUARE	107808	216
FOLD	1096	995	995	288051	288051	0	1054912
RAIL	24	73	97	998
CORRELATION	1122	554	4599	6949
SQUARE	107904	216
FOLD	1097	996	996	288342	288342	0	1056022
RAIL	26	70	97	999
CORRELATION	1123	556	4599	6949
SQUARE	108000	216
FOLD	1098	997	997	288630	288630	0	1056879
RAIL	26	71	97	1000
CORRELATION	1124	556	4599	6949
SQUARE	108096	216
FOLD	1099	998	998	288921	288921	0	1058179
RAIL	25	71	97	1001
CORRELATION	1125	559	4599	6949
SQUARE	108192	216
FOLD	1100	999	999	289209	289209	0	1058898
RAIL	25	72	97	1002
CORRELATION	1126	559	4599	6949
SQUARE	108288	216
FOLD	1101	1000	1000	289500	289500	0	1061456
RAIL	48	48	97	1003
CORRELATION	1129	563	4599	6949
SQUARE	108576	216
FOLD	1102	1001	1001	289788	289788	0	1062778
RAIL	48	49	97	1004
CORRELATION	1130	565	4599	6949
SQUARE	108672	216
FOLD	1103	1002	1002	290079	290079	0	1064235
RAIL	47	49	97	1005
CORRELATION	1133	565	4599	6949
SQUARE	108960	216
FOLD	1104	1003	1003	290367	290367	0	1064964
RAIL	47	50	97	1006
CORRELATION	1134	565	4599	6949
SQUARE	109056	216
FOLD	1105	1004	1004	290658	290658	0	1066357
RAIL	46	50	97	1007
CORRELATION	1137	565	4599	6949
SQUARE	109344	216
FOLD	1106	1005	1005	290946	290946	0	1067168
RAIL	46	51	97	1008
CORRELATION	1138	565	4599	6949
SQUARE	109440	216
FOLD	1107	1006	1006	291237	291237	0	1068721
RAIL	45	51	97	1009
CORRELATION	1141	567	4599	6949
SQUARE	109728	216
FOLD	1108	1007	1007	291525	291525	0	1069492
RAIL	45	52	97	1010
CORRELATION	1142	567	4599	6949
SQUARE	109824	216
FOLD	1109	1008	1008	291816	291816	0	1071206
RAIL	44	52	97	1011
CORRELATION	1145	569	4599	6949
SQUARE	110112	216
FOLD	1110	1009	1009	292104	292104	0	1072038
RAIL	44	53	97	1012
CORRELATION	1146	569	4599	6949
SQUARE	110208	216
FOLD	1111	1010	1010	292395	292395	0	1074536
RAIL	43	53	97	1013
CORRELATION	1149	573	4599	6949
SQUARE	110496	216
FOLD	1112	1011	1011	292683	292683	0	1076261
RAIL	43	54	97	1014
CORRELATION	1150	576	4599	6949
SQUARE	110592	216
FOLD	1113	1012	1012	292974	292974	0	1077131
RAIL	8	88	97	1015
CORRELATION	1151	576	4599	6949
SQUARE	110688	216
FOLD	1118	1013	1013	293262	293262	0	1081124
RAIL	9	88	99	1018
CORRELATION	1156	579	4599	6949
SQUARE	111168	216
FOLD	1119	1014	1014	293553	293553	0	1082025
RAIL	41	55	99	1019
CORRELATION	1157	580	4599	6949
SQUARE	111264	216
FOLD	1120	1015	1015	293841	293841	0	1083691
RAIL	41	56	99	1020
CORRELATION	1158	582	4599	6949
SQUARE	111360	216
FOLD	1121	1016	1016	294132	294132	0	1084460
RAIL	10	86	99	1021
CORRELATION	1159	582	4599	6949
SQUARE	111456	216
FOLD	1130	1017	1017	294420	294420	0	1091684
RAIL	12	85	103	1026
CORRELATION	1168	591	4599	6949
SQUARE	112320	216
FOLD	1131	1018	1018	294711	294711	0	1093004
RAIL	38	58	103	1027
CORRELATION	1169	593	4599	6949
SQUARE	112416	216
FOLD	1132	1019	1019	294999	294999	0	1094383
RAIL	38	59	103	1028
CORRELATION	1170	595	4599	6949
SQUARE	112512	216
FOLD	1133	1020	1020	295290	295290	0	1095226
RAIL	13	83	103	1029
CORRELATION	1171	595	4599	6949
SQUARE	112608	216
FOLD	1134	1021	1021	295578	295578	0	1095999
RAIL	13	84	103	1030
CORRELATION	1172	595	4599	6949
SQUARE	112704	216
FOLD	1135	1022	1022	295869	295869	0	1097185
RAIL	37	59	103	1031
CORRELATION	1173	597	4599	6949
SQUARE	112800	216
FOLD	1136	1023	1023	296157	296157	0	1098501
RAIL	37	60	103	1032
CORRELATION	1174	600	4599	6949
SQUARE	112896	216
FOLD	1137	1024	1024	296448	296448	0	1099267
RAIL	14	82	103	1033
CORRELATION	1175	600	4599	6949
SQUARE	112992	216
FOLD	1146	1025	1025	296736	296736	0	1107467
RAIL	16	81	107	1038
CORRELATION	1184	608	4599	6949
SQUARE	113856	216
FOLD	1147	1026	1026	297027	297027	0	1108261
RAIL	34	62	107	1039
CORRELATION	1185	608	4599	6949
SQUARE	113952	216
FOLD	1148	1027	1027	297315	297315	0	1108979
RAIL	34	63	107	1040
CORRELATION	1186	608	4599	6949
SQUARE	114048	216
FOLD	1149	1028	1028	297606	297606	0	1109982
RAIL	17	79	107	1041
CORRELATION	1187	610	4599	6949
SQUARE	114144	216
FOLD	1158	1029	1029	297894	297894	0	1116290
RAIL	19	78	111	1046
CORRELATION	1196	617	4599	6949
SQUARE	115008	216
FOLD	1159	1030	1030	298185	298185	0	1117407
RAIL	31	65	111	1047
CORRELATION	1197	619	4599	6949
SQUARE	115104	216
FOLD	1160	1031	1031	298473	298473	0	1118607
RAIL	31	66	111	1048
CORRELATION	1198	621	4599	6949
SQUARE	115200	216
FOLD	1161	1032	1032	298764	298764	0	1120070
RAIL	20	76	111	1049
CORRELATION	1199	621	4599	6949
SQUARE	115296	216
FOLD	1162	1033	1033	299052	299052	0	1122110
RAIL	20	77	111	1050
CORRELATION	1200	621	4599	6949
SQUARE	115392	216
FOLD	1163	1034	1034	299343	299343	0	1123334
RAIL	30	66	111	1051
CORRELATION	1201	621	4599	6949
SQUARE	115488	216
FOLD	1164	1035	1035	299631	299631	0	1124452
RAIL	30	67	111	1052
CORRELATION	1202	621	4599	6949
SQUARE	115584	216
FOLD	1165	1036	1036	299922	299922	0	1125994
RAIL	21	75	111	1053
CORRELATION	1203	621	4599	6949
SQUARE	115680	216
FOLD	1166	1037	1037	300210	300210	0	1126642
RAIL	21	76	111	1054
CORRELATION	1204	621	4599	6949
SQUARE	115776	216
FOLD	1167	1038	1038	300501	300501	0	1127497
RAIL	29	67	111	1055
CORRELATION	1205	621	4599	6949
SQUARE	115872	216
FOLD	1168	1039	1039	300789	300789	0	1128170
RAIL	29	68	111	1056
CORRELATION	1206	621	4599	6949
SQUARE	115968	216
FOLD	1169	1040	1040	301080	301080	0	1129180
RAIL	22	74	111	1057
CORRELATION	1207	623	4599	6949
SQUARE	116064	216
FOLD	1170	1041	1041	301368	301368	0	1129923
RAIL	22	75	111	1058
CORRELATION	1208	623	4599	6949
SQUARE	116160	216
FOLD	1171	1042	1042	301659	301659	0	1131433
RAIL	28	68	111	1059
CORRELATION	1209	626	4599	6949
SQUARE	116256	216
FOLD	1172	1043	1043	301947	301947	0	1132118
RAIL	28	69	111	1060
CORRELATION	1210	626	4599	6949
SQUARE	116352	216
FOLD	1173	1044	1044	302238	302238	0	1132887
RAIL	23	73	111	1061
CORRELATION	1211	626	4599	6949
SQUARE	116448	216
FOLD	1174	1045	1045	302526	302526	0	1133866
RAIL	23	74	111	1062
CORRELATION	1212	627	4599	6949
SQUARE	116544	216
FOLD	1175	1046	1046	302817	302817	0	1134939
RAIL	27	69	111	1063
CORRELATION	1213	629	4599	6949
SQUARE	116640	216
FOLD	1176	1047	1047	303105	303105	0	1135646
RAIL	27	70	111	1064
CORRELATION	1214	629	4599	6949
SQUARE	116736	216
FOLD	1177	1048	1048	303396	303396	0	1137060
RAIL	24	72	111	1065
CORRELATION	1215	631	4599	6949
SQUARE	116832	216
FOLD	1178	1049	1049	303684	303684	0	1138622
RAIL	24	73	111	1066
CORRELATION	1216	633	4599	6949
SQUARE	116928	216
FOLD	1179	1050	1050	303975	303975	0	1139285
RAIL	26	70	111	1067
CORRELATION	1217	633	4599	6949
SQUARE	117024	216
FOLD	1180	1051	1051	304263	304263	0	1140570
RAIL	26	71	111	1068
CORRELATION	1218	633	4599	6949
SQUARE	117120	216
FOLD	1181	1052	1052	304554	304554	0	1141881
RAIL	25	71	111	1069
CORRELATION	1219	634	4599	6949
SQUARE	117216	216
FOLD	1182	1053	1053	304842	304842	0	1143917
RAIL	25	72	111	1070
CORRELATION	1220	636	4599	6949
SQUARE	117312	216
FOLD	1183	1054	1054	305133	305133	0	1146176
RAIL	48	48	111	1071
CORRELATION	1223	640	4599	6949
SQUARE	117600	216
FOLD	1184	1055	1055	305421	305421	0	1147969
RAIL	48	49	111	1072
CORRELATION	1224	640	4599	6949
SQUARE	117696	216
FOLD	1185	1056	1056	305712	305712	0	1149397
RAIL	47	49	111	1073
CORRELATION	1227	642	4599	6949
SQUARE	117984	216
FOLD	1186	1057	1057	306000	306000	0	1150190
RAIL	47	50	111	1074
CORRELATION	1228	642	4599	6949
SQUARE	118080	216
FOLD	1187	1058	1058	306291	306291	0	1152531
RAIL	46	50	111	1075
CORRELATION	1231	645	4599	6949
SQUARE	118368	216
FOLD	1188	1059	1059	306579	306579	0	1153885
RAIL	46	51	111	1076
CORRELATION	1232	647	4599	6949
SQUARE	118464	216
FOLD	1189	1060	1060	306870	306870	0	1156067
RAIL	45	51	111	1077
CORRELATION	1235	649	4599	6949
SQUARE	118752	216
FOLD	1190	1061	1061	307158	307158	0	1157364
RAIL	45	52	111	1078
CORRELATION	1236	651	4599	6949
SQUARE	118848	216
FOLD	1191	1062	1062	307449	307449	0	1159674
RAIL	44	52	111	1079
CORRELATION	1239	655	4599	6949
SQUARE	119136	216
FOLD	1192	1063	1063	307737	307737	0	1160832
RAIL	44	53	111	1080
CORRELATION	1240	657	4599	6949
SQUARE	119232	216
FOLD	1193	1064	1064	308028	308028	0	1162245
RAIL	43	53	111	1081
CORRELATION	1243	657	4599	6949
SQUARE	119520	216
FOLD	1194	1065	1065	308316	308316	0	1162988
RAIL	43	54	111	1082
CORRELATION	1244	657	4599	6949
SQUARE	119616	216
FOLD	1195	1066	1066	308607	308607	0	1164436
RAIL	8	88	111	1083
CORRELATION	1245	659	4599	6949
SQUARE	119712	216
FOLD	1204	1067	1067	308895	308895	0	1173151
RAIL	10	87	115	1088
CORRELATION	1254	669	4599	6949
SQUARE	120576	216
FOLD	1205	1068	1068	309186	309186	0	1174399
RAIL	40	56	115	1089
CORRELATION	1255	671	4599	6949
SQUARE	120672	216
FOLD	1206	1069	1069	309474	309474	0	1175861
RAIL	40	57	115	1090
CORRELATION	1256	673	4599	6949
SQUARE	120768	216
FOLD	1207	1070	1070	309765	309765	0	1176585
RAIL	11	85	115	1091
CORRELATION	1257	673	4599	6949
SQUARE	120864	216
FOLD	1216	1071	1071	310053	310053	0	1184526
RAIL	13	84	119	1096
CORRELATION	1266	682	4599	6949
SQUARE	121728	216
FOLD	1217	1072	1072	310344	310344	0	1185599
RAIL	37	59	119	1097
CORRELATION	1267	684	4599	6949
SQUARE	121824	216
FOLD	1218	1073	1073	310632	310632	0	1186944
RAIL	37	60	119	1098
CORRELATION	1268	685	4599	6949
SQUARE	121920	216
FOLD	1219	1074	1074	310923	310923	0	1188229
RAIL	14	82	119	1099
CORRELATION	1269	687	4599	6949
SQUARE	122016	216
FOLD	1220	1075	1075	311211	311211	0	1188891
RAIL	14	83	119	1100
CORRELATION	1270	687	4599	6949
SQUARE	122112	216
FOLD	1221	1076	1076	311502	311502	0	1189653
RAIL	36	60	119	1101
CORRELATION	1271	687	4599	6949
SQUARE	122208	216
FOLD	1222	1077	1077	311790	311790	0	1190347
RAIL	36	61	119	1102
CORRELATION	1272	687	4599	6949
SQUARE	122304	216
FOLD	1223	1078	1078	312081	312081	0	1191019
RAIL	15	81	119	1103
CORRELATION	1273	687	4599	6949
SQUARE	122400	216
FOLD	1232	1079	1079	312369	312369	0	1198094
RAIL	17	80	123	1108
CORRELATION	1282	691	4599	6949
SQUARE	123264	216
FOLD	1233	1080	1080	312660	312660	0	1200507
RAIL	33	63	123	1109
CORRELATION	1283	693	4599	6949
SQUARE	123360	216
FOLD	1234	1081	1081	312948	312948	0	1201187
RAIL	33	64	123	1110
CORRELATION	1284	693	4599	6949
SQUARE	123456	216
FOLD	1235	1082	1082	313239	313239	0	1201874
RAIL	18	78	123	1111
CORRELATION	1285	693	4599	6949
SQUARE	123552	216
FOLD	1244	1083	1083	313527	313527	0	1208177
RAIL	20	77	127	1116
CORRELATION	1294	698	4599	6949
SQUARE	124416	216
FOLD	1245	1084	1084	313818	313818	0	1209015
RAIL	30	66	127	1117
CORRELATION	1295	699	4599	6949
SQUARE	124512	216
FOLD	1246	1085	1085	314106	314106	0	1209731
RAIL	30	67	127	1118
CORRELATION	1296	699	4599	6949
SQUARE	124608	216
FOLD	1247	1086	1086	314397	314397	0	1210772
RAIL	21	75	127	1119
CORRELATION	1297	701	4599	6949
SQUARE	124704	216
FOLD	1248	1087	1087	314685	314685	0	1211886
RAIL	21	76	127	1120
CORRELATION	1298	703	4599	6949
SQUARE	124800	216
FOLD	1249	1088	1088	314976	314976	0	1212779
RAIL	29	67	127	1121
CORRELATION	1299	705	4599	6949
SQUARE	124896	216
FOLD	1250	1089	1089	315264	315264	0	1213426
RAIL	29	68	127	1122
CORRELATION	1300	705	4599	6949
SQUARE	124992	216
FOLD	1251	1090	1090	315555	315555	0	1214182
RAIL	22	74	127	1123
CORRELATION	1301	705	4599	6949
SQUARE	125088	216
FOLD	1252	1091	1091	315843	315843	0	1215035
RAIL	22	75	127	1124
CORRELATION	1302	705	4599	6949
SQUARE	125184	216
FOLD	1253	1092	1092	316134	316134	0	1216387
RAIL	28	68	127	1125
CORRELATION	1303	707	4599	6949
SQUARE	125280	216
FOLD	1254	1093	1093	316422	316422	0	1219046
RAIL	28	69	127	1126
CORRELATION	1304	710	4599	6949
SQUARE	125376	216
FOLD	1255	1094	1094	316713	316713	0	1220352
RAIL	23	73	127	1127
CORRELATION	1305	711	4599	6949
SQUARE	125472	216
FOLD	1256	1095	1095	317001	317001	0	1222202
RAIL	23	74	127	1128
CORRELATION	1306	711	4599	6949
SQUARE	125568	216
FOLD	1257	1096	1096	317292	317292	0	1224651
RAIL	27	69	127	1129
CORRELATION	1307	713	4599	6949
SQUARE	125664	216
FOLD	1258	1097	1097	317580	317580	0	1226859
RAIL	27	70	127	1130
CORRELATION	1308	715	4599	6949
SQUARE	125760	216
FOLD	1259	1098	1098	317871	317871	0	1227497
RAIL	24	72	127	1131
CORRELATION	1309	715	4599	6949
SQUARE	125856	216
FOLD	1260	1099	1099	318159	318159	0	1228123
RAIL	24	73	127	1132
CORRELATION	1310	715	4599	6949
SQUARE	125952	216
FOLD	1261	1100	1100	318450	318450	0	1229470
RAIL	26	70	127	1133
CORRELATION	1311	716	4599	6949
SQUARE	126048	216
FOLD	1262	1101	1101	318738	318738	0	1230434
RAIL	26	71	127	1134
CORRELATION	1312	716	4599	6949
SQUARE	126144	216
FOLD	1263	1102	1102	319029	319029	0	1231498
RAIL	25	71	127	1135
CORRELATION	1313	719	4599	6949
SQUARE	126240	216
FOLD	1264	1103	1103	319317	319317	0	1232498
RAIL	25	72	127	1136
CORRELATION	1314	719	4599	6949
SQUARE	126336	216
FOLD	1265	1104	1104	319608	319608	0	1234903
RAIL	48	48	127	1137
CORRELATION	1317	724	4599	6949
SQUARE	126624	216
FOLD	1266	1105	1105	319896	319896	0	1235559
RAIL	48	49	127	1138
CORRELATION	1318	724	4599	6949
SQUARE	126720	216
FOLD	1267	1106	1106	320187	320187	0	1237972
RAIL	47	49	127	1139
CORRELATION	1321	727	4599	6949
SQUARE	127008	216
FOLD	1268	1107	1107	320475	320475	0	1238993
RAIL	47	50	127	1140
CORRELATION	1322	729	4599	6949
SQUARE	127104	216
FOLD	1269	1108	1108	320766	320766	0	1241294
RAIL	46	50	127	1141
CORRELATION	1325	732	4599	6949
SQUARE	127392	216
FOLD	1270	1109	1109	321054	321054	0	1242827
RAIL	46	51	127	1142
CORRELATION	1326	734	4599	6949
SQUARE	127488	216
FOLD	1271	1110	1110	321345	321345	0	1244383
RAIL	45	51	127	1143
CORRELATION	1329	734	4599	6949
SQUARE	127776	216
FOLD	1272	1111	1111	321633	321633	0	1246401
RAIL	45	52	127	1144
CORRELATION	1330	735	4599	6949
SQUARE	127872	216
FOLD	1273	1112	1112	321924	321924	0	1249126
RAIL	44	52	127	1145
CORRELATION	1333	740	4599	6949
SQUARE	128160	216
FOLD	1274	1113	1113	322212	322212	0	1249896
RAIL	44	53	127	1146
CORRELATION	1334	740	4599	6949
SQUARE	128256	216
FOLD	1275	1114	1114	322503	322503	0	1252072
RAIL	43	53	127	1147
CORRELATION	1337	744	4599	6949
SQUARE	128544	216
FOLD	1276	1115	1115	322791	322791	0	1252849
RAIL	43	54	127	1148
CORRELATION	1338	744	4599	6949
SQUARE	128640	216
FOLD	1277	1116	1116	323082	323082	0	1255083
RAIL	42	54	127	1149
CORRELATION	1341	748	4599	6949
SQUARE	128928	216
FOLD	1278	1117	1117	323370	323370	0	1255800
RAIL	42	55	127	1150
CORRELATION	1342	748	4599	6949
SQUARE	129024	216
FOLD	1279	1118	1118	323661	323661	0	1256504
RAIL	9	87	127	1151
CORRELATION	1343	748	4599	6949
SQUARE	129120	216
FOLD	1288	1119	1119	323949	323949	0	1264605
RAIL	11	86	131	1156
CORRELATION	1352	758	4599	6949
SQUARE	129984	216
FOLD	1289	1120	1120	324240	324240	0	1265798
RAIL	39	57	131	1157
CORRELATION	1353	760	4599	6949
SQUARE	130080	216
FOLD	1290	1121	1121	324528	324528	0	1266590
RAIL	39	58	131	1158
CORRELATION	1354	760	4599	6949
SQUARE	130176	216
FOLD	1291	1122	1122	324819	324819	0	1267836
RAIL	12	84	131	1159
CORRELATION	1355	762	4599	6949
SQUARE	130272	216
FOLD	1299	1122	1122	324819	324819	0	1274014
RAIL	14	82	135	1164
CORRELATION	1363	768	4599	6949
SQUARE	131072	216
FOLD	1300	1123	1123	325107	325107	0	1274248
RAIL	14	83	135	1164
CORRELATION	1364	768	4599	6949
SQUARE	131136	216
FOLD	1301	1124	1124	325398	325398	0	1275338
RAIL	36	60	135	1165
CORRELATION	1365	770	4599	6949
SQUARE	131232	216
FOLD	1302	1125	1125	325686	325686	0	1276424
RAIL	36	61	135	1166
CORRELATION	1366	772	4599	6949
SQUARE	131328	216
FOLD	1303	1126	1126	325977	325977	0	1277201
RAIL	15	81	135	1167
CORRELATION	1367	772	4599	6949
SQUARE	131424	216
FOLD	1304	1127	1127	326265	326265	0	1279587
RAIL	15	82	135	1168
CORRELATION	1368	772	4599	6949
SQUARE	131520	216
FOLD	1305	1128	1128	326556	326556	0	1281254
RAIL	35	61	135	1169
CORRELATION	1369	774	4599	6949
SQUARE	131616	216
FOLD	1306	1129	1129	326844	326844	0	1282441
RAIL	35	62	135	1170
CORRELATION	1370	776	4599	6949
SQUARE	131712	216
FOLD	1307	1130	1130	327135	327135	0	1283126
RAIL	16	80	135	1171
CORRELATION	1371	776	4599	6949
SQUARE	131808	216
FOLD	1316	1131	1131	327423	327423	0	1290922
RAIL	18	79	139	1176
CORRELATION	1380	786	4599	6949
SQUARE	132672	216
FOLD	1317	1132	1132	327714	327714	0	1291969
RAIL	32	64	139	1177
CORRELATION	1381	788	4599	6949
SQUARE	132768	216
FOLD	1318	1133	1133	328002	328002	0	1292732
RAIL	32	65	139	1178
CORRELATION	1382	788	4599	6949
SQUARE	132864	216
FOLD	1319	1134	1134	328293	328293	0	1293547
RAIL	19	77	139	1179
CORRELATION	1383	788	4599	6949
SQUARE	132960	216
FOLD	1328	1135	1135	328581	328581	0	1304080
RAIL	21	76	143	1184
CORRELATION	1392	796	4599	6949
SQUARE	133824	216
FOLD	1329	1136	1136	328872	328872	0	1305479
RAIL	29	67	143	1185
CORRELATION	1393	798	4599	6949
SQUARE	133920	216
FOLD	1330	1137	1137	329160	329160	0	1306665
RAIL	29	68	143	1186
CORRELATION	1394	800	4599	6949
SQUARE	134016	216
FOLD	1331	1138	1138	329451	329451	0	1307742
RAIL	22	74	143	1187
CORRELATION	1395	800	4599	6949
SQUARE	134112	216
FOLD	1332	1139	1139	329739	329739	0	1309465
RAIL	22	75	143	1188
CORRELATION	1396	803	4599	6949
SQUARE	134208	216
FOLD	1333	1140	1140	330030	330030	0	1310278
RAIL	28	68	143	1189
CORRELATION	1397	803	4599	6949
SQUARE	134304	216
FOLD	1334	1141	1141	330318	330318	0	1311063
RAIL	28	69	143	1190
CORRELATION	1398	803	4599	6949
SQUARE	134400	216
FOLD	1335	1142	1142	330609	330609	0	1312062
RAIL	23	73	143	1191
CORRELATION	1399	805	4599	6949
SQUARE	134496	216
FOLD	1336	1143	1143	330897	330897	0	1312964
RAIL	23	74	143	1192
CORRELATION	1400	807	4599	6949
SQUARE	134592	216
FOLD	1337	1144	1144	331188	331188	0	1314367
RAIL	27	69	143	1193
CORRELATION	1401	808	4599	6949
SQUARE	134688	216
FOLD	1338	1145	1145	331476	331476	0	1315302
RAIL	27	70	143	1194
CORRELATION	1402	810	4599	6949
SQUARE	134784	216
FOLD	1339	1146	1146	331767	331767	0	1316016
RAIL	24	72	143	1195
CORRELATION	1403	810	4599	6949
SQUARE	134880	216
FOLD	1340	1147	1147	332055	332055	0	1316829
RAIL	24	73	143	1196
CORRELATION	1404	810	4599	6949
SQUARE	134976	216
FOLD	1341	1148	1148	332346	332346	0	1317588
RAIL	26	70	143	1197
CORRELATION	1405	810	4599	6949
SQUARE	135072	216
FOLD	1342	1149	1149	332634	332634	0	1319320
RAIL	26	71	143	1198
CORRELATION	1406	812	4599	6949
SQUARE	135168	216
FOLD	1343	1150	1150	332925	332925	0	1320985
RAIL	25	71	143	1199
CORRELATION	1407	814	4599	6949
SQUARE	135264	216
FOLD	1344	1151	1151	333213	333213	0	1323010
RAIL	25	72	143	1200
CORRELATION	1408	814	4599	6949
SQUARE	135360	216
FOLD	1345	1152	1152	333504	333504	0	1325123
RAIL	48	48	143	1201
CORRELATION	1411	817	4599	6949
SQUARE	135648	216
FOLD	1346	1153	1153	333792	333792	0	1326033
RAIL	48	49	143	1202
CORRELATION	1412	819	4599	6949
SQUARE	135744	216
FOLD	1347	1154	1154	334083	334083	0	1328616
RAIL	47	49	143	1203
CORRELATION	1415	824	4599	6949
SQUARE	136032	216
FOLD	1348	1155	1155	334371	334371	0	1329350
RAIL	47	50	143	1204
CORRELATION	1416	824	4599	6949
SQUARE	136128	216
FOLD	1349	1156	1156	334662	334662	0	1330694
RAIL	46	50	143	1205
CORRELATION	1419	824	4599	6949
SQUARE	136416	216
FOLD	1350	1157	1157	334950	334950	0	1331406
RAIL	46	51	143	1206
CORRELATION	1420	824	4599	6949
SQUARE	136512	216
FOLD	1351	1158	1158	335241	335241	0	1332627
RAIL	45	51	143	1207
CORRELATION	1423	824	4599	6949
SQUARE	136800	216
FOLD	1352	1159	1159	335529	335529	0	1333409
RAIL	45	52	143	1208
CORRELATION	1424	824	4599	6949
SQUARE	136896	216
FOLD	1353	1160	1160	335820	335820	0	1335186
RAIL	44	52	143	1209
CORRELATION	1427	826	4599	6949
SQUARE	137184	216
FOLD	1354	1161	1161	336108	336108	0	1335862
RAIL	44	53	143	1210
CORRELATION	1428	826	4599	6949
SQUARE	137280	216
FOLD	1355	1162	1162	336399	336399	0	1337117
RAIL	43	53	143	1211
CORRELATION	1431	826	4599	6949
SQUARE	137568	216
FOLD	1356	1163	1163	336687	336687	0	1337880
RAIL	43	54	143	1212
CORRELATION	1432	826	4599	6949
SQUARE	137664	216
FOLD	1357	1164	1164	336978	336978	0	1340445
RAIL	42	54	143	1213
CORRELATION	1435	829	4599	6949
SQUARE	137952	216
FOLD	1358	1165	1165	337266	337266	0	1341130
RAIL	42	55	143	1214
CORRELATION	1436	829	4599	6949
SQUARE	138048	216
FOLD	1359	1166	1166	337557	337557	0	1341856
RAIL	9	87	143	1215
CORRELATION	1437	829	4599	6949
SQUARE	138144	216
FOLD	1360	1167	1167	337845	337845	0	1342609
RAIL	9	88	143	1216
CORRELATION	1438	829	4599	6949
SQUARE	138240	216
FOLD	1361	1168	1168	338136	338136	0	1343658
RAIL	41	55	143	1217
CORRELATION	1439	830	4599	6949
SQUARE	138336	216
FOLD	1362	1169	1169	338424	338424	0	1344718
RAIL	41	56	143	1218
CORRELATION	1440	832	4599	6949
SQUARE	138432	216
FOLD	1363	1170	1170	338715	338715	0	1345591
RAIL	10	86	143	1219
CORRELATION	1441	832	4599	6949
SQUARE	138528	216
FOLD	1372	1171	1171	339003	339003	0	1354217
RAIL	12	85	147	1224
CORRELATION	1450	844	4599	6949
SQUARE	139392	216
FOLD	1373	1172	1172	339294	339294	0	1354988
RAIL	38	58	147	1225
CORRELATION	1451	844	4599	6949
SQUARE	139488	216
FOLD	1374	1173	1173	339582	339582	0	1355811
RAIL	38	59	147	1226
CORRELATION	1452	844	4599	6949
SQUARE	139584	216
FOLD	1375	1174	1174	339873	339873	0	1356726
RAIL	13	83	147	1227
CORRELATION	1453	846	4599	6949
SQUARE	139680	216
FOLD	1384	1175	1175	340161	340161	0	1365101
RAIL	15	82	151	1232
CORRELATION	1462	854	4599	6949
SQUARE	140544	216
FOLD	1385	1176	1176	340452	340452	0	1365932
RAIL	35	61	151	1233
CORRELATION	1463	854	4599	6949
SQUARE	140640	216
FOLD	1386	1177	1177	340740	340740	0	1367628
RAIL	35	62	151	1234
CORRELATION	1464	856	4599	6949
SQUARE	140736	216
FOLD	1387	1178	1178	341031	341031	0	1368827
RAIL	16	80	151	1235
CORRELATION	1465	858	4599	6949
SQUARE	140832	216
FOLD	1388	1179	1179	341319	341319	0	1369512
RAIL	16	81	151	1236
CORRELATION	1466	858	4599	6949
SQUARE	140928	216
FOLD	1389	1180	1180	341610	341610	0	1370717
RAIL	34	62	151	1237
CORRELATION	1467	860	4599	6949
SQUARE	141024	216
FOLD	1390	1181	1181	341898	341898	0	1372051
RAIL	34	63	151	1238
CORRELATION	1468	862	4599	6949
SQUARE	141120	216
FOLD	1391	1182	1182	342189	342189	0	1373766
RAIL	17	79	151	1239
CORRELATION	1469	862	4599	6949
SQUARE	141216	216
FOLD	1400	1183	1183	342477	342477	0	1381889
RAIL	19	78	155	1244
CORRELATION	1478	870	4599	6949
SQUARE	142080	216
FOLD	1401	1184	1184	342768	342768	0	1382891
RAIL	31	65	155	1245
CORRELATION	1479	870	4599	6949
SQUARE	142176	216
FOLD	1402	1185	1185	343056	343056	0	1384495
RAIL	31	66	155	1246
CORRELATION	1480	872	4599	6949
SQUARE	142272	216
FOLD	1403	1186	1186	343347	343347	0	1385623
RAIL	20	76	155	1247
CORRELATION	1481	874	4599	6949
SQUARE	142368	216
FOLD	1412	1187	1187	343635	343635	0	1395391
RAIL	22	75	159	1252
CORRELATION	1490	884	4599	6949
SQUARE	143232	216
FOLD	1413	1188	1188	343926	343926	0	1397411
RAIL	28	68	159	1253
CORRELATION	1491	884	4599	6949
SQUARE	143328	216
FOLD	1414	1189	1189	344214	344214	0	1399388
RAIL	28	69	159	1254
CORRELATION	1492	884	4599	6949
SQUARE	143424	216
FOLD	1415	1190	1190	344505	344505	0	1402337
RAIL	23	73	159	1255
CORRELATION	1493	886	4599	6949
SQUARE	143520	216
FOLD	1416	1191	1191	344793	344793	0	1403398
RAIL	23	74	159	1256
CORRELATION	1494	888	4599	6949
SQUARE	143616	216
FOLD	1417	1192	1192	345084	345084	0	1404214
RAIL	27	69	159	1257
CORRELATION	1495	888	4599	6949
SQUARE	143712	216
FOLD	1418	1193	1193	345372	345372	0	1405337
RAIL	27	70	159	1258
CORRELATION	1496	891	4599	6949
SQUARE	143808	216
FOLD	1419	1194	1194	345663	345663	0	1406116
RAIL	24	72	159	1259
CORRELATION	1497	891	4599	6949
SQUARE	143904	216
FOLD	1420	1195	1195	345951	345951	0	1406797
RAIL	24	73	159	1260
CORRELATION	1498	891	4599	6949
SQUARE	144000	216
FOLD	1421	1196	1196	346242	346242	0	1407816
RAIL	26	70	159	1261
CORRELATION	1499	891	4599	6949
SQUARE	144096	216
FOLD	1422	1197	1197	346530	346530	0	1408613
RAIL	26	71	159	1262
CORRELATION	1500	891	4599	6949
SQUARE	144192	216
FOLD	1423	1198	1198	346821	346821	0	1409376
RAIL	25	71	159	1263
CORRELATION	1501	891	4599	6949
SQUARE	144288	216
FOLD	1424	1199	1199	347109	347109	0	1410599
RAIL	25	72	159	1264
CORRELATION	1502	893	4599	6949
SQUARE	144384	216
FOLD	1425	1200	1200	347400	347400	0	1412943
RAIL	48	48	159	1265
CORRELATION	1505	897	4599	6949
SQUARE	144672	216
FOLD	1426	1201	1201	347688	347688	0	1414128
RAIL	48	49	159	1266
CORRELATION	1506	899	4599	6949
SQUARE	144768	216
FOLD	1427	1202	1202	347979	347979	0	1416471
RAIL	47	49	159	1267
CORRELATION	1509	901	4599	6949
SQUARE	145056	216
FOLD	1428	1203	1203	348267	348267	0	1417647
RAIL	47	50	159	1268
CORRELATION	1510	903	4599	6949
SQUARE	145152	216
FOLD	1429	1204	1204	348558	348558	0	1419987
RAIL	46	50	159	1269
CORRELATION	1513	906	4599	6949
SQUARE	145440	216
FOLD	1430	1205	1205	348846	348846	0	1420696
RAIL	46	51	159	1270
CORRELATION	1514	906	4599	6949
SQUARE	145536	216
FOLD	1431	1206	1206	349137	349137	0	1423386
RAIL	45	51	159	1271
CORRELATION	1517	911	4599	6949
SQUARE	145824	216
FOLD	1432	1207	1207	349425	349425	0	1424303
RAIL	45	52	159	1272
CORRELATION	1518	911	4599	6949
SQUARE	145920	216
FOLD	1433	1208	1208	349716	349716	0	1427090
RAIL	44	52	159	1273
CORRELATION	1521	915	4599	6949
SQUARE	146208	216
FOLD	1434	1209	1209	350004	350004	0	1428012
RAIL	44	53	159	1274
CORRELATION	1522	915	4599	6949
SQUARE	146304	216
FOLD	1435	1210	1210	350295	350295	0	1430573
RAIL	43	53	159	1275
CORRELATION	1525	918	4599	6949
SQUARE	146592	216
FOLD	1436	1211	1211	350583	350583	0	1431542
RAIL	43	54	159	1276
CORRELATION	1526	918	4599	6949
SQUARE	146688	216
FOLD	1437	1212	1212	350874	350874	0	1434442
RAIL	42	54	159	1277
CORRELATION	1529	921	4599	6949
SQUARE	146976	216
FOLD	1438	1213	1213	351162	351162	0	1436048
RAIL	42	55	159	1278
CORRELATION	1530	923	4599	6949
SQUARE	147072	216
FOLD	1439	1214	1214	351453	351453	0	1437407
RAIL	9	87	159	1279
CORRELATION	1531	925	4599	6949
SQUARE	147168	216
FOLD	1440	1215	1215	351741	351741	0	1438314
RAIL	9	88	159	1280
CORRELATION	1532	925	4599	6949
SQUARE	147264	216
FOLD	1441	1216	1216	352032	352032	0	1439470
RAIL	41	55	159	1281
CORRELATION	1533	927	4599	6949
SQUARE	147360	216
FOLD	1442	1217	1217	352320	352320	0	1440474
RAIL	41	56	159	1282
CORRELATION	1534	929	4599	6949
SQUARE	147456	216
FOLD	1443	1218	1218	352611	352611	0	1441251
RAIL	10	86	159	1283
CORRELATION	1535	929	4599	6949
SQUARE	147552	216
FOLD	1444	1219	1219	352899	352899	0	1441974
RAIL	10	87	159	1284
CORRELATION	1536	929	4599	6949
SQUARE	147648	216
FOLD	1445	1220	1220	353190	353190	0	1443798
RAIL	40	56	159	1285
CORRELATION	1537	929	4599	6949
SQUARE	147744	216
FOLD	1446	1221	1221	353478	353478	0	1445993
RAIL	40	57	159	1286
CORRELATION	1538	931	4599	6949
SQUARE	147840	216
FOLD	1447	1222	1222	353769	353769	0	1447105
RAIL	11	85	159	1287
CORRELATION	1539	933	4599	6949
SQUARE	147936	216
FOLD	1456	1223	1223	354057	354057	0	1455431
RAIL	13	84	163	1292
CORRELATION	1548	943	4599	6949
SQUARE	148800	216
FOLD	1457	1224	1224	354348	354348	0	1457077
RAIL	37	59	163	1293
CORRELATION	1549	943	4599	6949
SQUARE	148896	216
FOLD	1458	1225	1225	354636	354636	0	1458730
RAIL	37	60	163	1294
CORRELATION	1550	943	4599	6949
SQUARE	148992	216
FOLD	1459	1226	1226	354927	354927	0	1460674
RAIL	14	82	163	1295
CORRELATION	1551	943	4599	6949
SQUARE	149088	216
FOLD	1468	1227	1227	355215	355215	0	1468503
RAIL	16	81	167	1300
CORRELATION	1560	951	4599	6949
SQUARE	149952	218
FOLD	1469	1228	1228	355506	355506	0	1469652
RAIL	34	62	167	1301
CORRELATION	1561	953	4599	6949
SQUARE	150048	218
FOLD	1470	1229	1229	355794	355794	0	1470964
RAIL	34	63	167	1302
CORRELATION	1562	955	4599	6949
SQUARE	150144	218
FOLD	1471	1230	1230	356085	356085	0	1472587
RAIL	17	79	167	1303
CORRELATION	1563	955	4599	6949
SQUARE	150240	218
FOLD	1472	1231	1231	356373	356373	0	1473634
RAIL	17	80	167	1304
CORRELATION	1564	957	4599	6949
SQUARE	150336	218
FOLD	1473	1232	1232	356664	356664	0	1474910
RAIL	33	63	167	1305
CORRELATION	1565	959	4599	6949
SQUARE	150432	218
FOLD	1474	1233	1233	356952	356952	0	1475837
RAIL	33	64	167	1306
CORRELATION	1566	959	4599	6949
SQUARE	150528	218
FOLD	1475	1234	1234	357243	357243	0	1476603
RAIL	18	78	167	1307
CORRELATION	1567	959	4599	6949
SQUARE	150624	218
FOLD	1484	1235	1235	357531	357531	0	1486421
RAIL	20	77	171	1312
CORRELATION	1576	970	4599	6949
SQUARE	151488	218
FOLD	1485	1236	1236	357822	357822	0	1487217
RAIL	30	66	171	1313
CORRELATION	1577	970	4599	6949
SQUARE	151584	218
FOLD	1486	1237	1237	358110	358110	0	1488416
RAIL	30	67	171	1314
CORRELATION	1578	973	4599	6949
SQUARE	151680	218
FOLD	1487	1238	1238	358401	358401	0	1489250
RAIL	21	75	171	1315
CORRELATION	1579	973	4599	6949
SQUARE	151776	218
FOLD	1496	1239	1239	358689	358689	0	1496125
RAIL	23	74	175	1320
CORRELATION	1588	980	4599	6949
SQUARE	152640	218
FOLD	1497	1240	1240	358980	358980	0	1497299
RAIL	27	69	175	1321
CORRELATION	1589	982	4599	6949
SQUARE	152736	218
FOLD	1498	1241	1241	359268	359268	0	1498471
RAIL	27	70	175	1322
CORRELATION	1590	984	4599	6949
SQUARE	152832	218
FOLD	1499	1242	1242	359559	359559	0	1500910
RAIL	24	72	175	1323
CORRELATION	1591	984	4599	6949
SQUARE	152928	218
FOLD	1500	1243	1243	359847	359847	0	1504141
RAIL	24	73	175	1324
CORRELATION	1592	987	4599	6949
SQUARE	153024	218
FOLD	1501	1244	1244	360138	360138	0	1506252
RAIL	26	70	175	1325
CORRELATION	1593	987	4599	6949
SQUARE	153120	218
FOLD	1502	1245	1245	360426	360426	0	1507953
RAIL	26	71	175	1326
CORRELATION	1594	987	4599	6949
SQUARE	153216	218
FOLD	1503	1246	1246	360717	360717	0	1509291
RAIL	25	71	175	1327
CORRELATION	1595	989	4599	6949
SQUARE	153312	218
FOLD	1504	1247	1247	361005	361005	0	1510241
RAIL	25	72	175	1328
CORRELATION	1596	991	4599	6949
SQUARE	153408	218
FOLD	1505	1248	1248	361296	361296	0	1512260
RAIL	48	48	175	1329
CORRELATION	1599	994	4599	6949
SQUARE	153696	218
FOLD	1506	1249	1249	361584	361584	0	1513429
RAIL	48	49	175	1330
CORRELATION	1600	996	4599	6949
SQUARE	153792	218
FOLD	1507	1250	1250	361875	361875	0	1514914
RAIL	47	49	175	1331
CORRELATION	1603	996	4599	6949
SQUARE	154080	218
FOLD	1508	1251	1251	362163	362163	0	1515809
RAIL	47	50	175	1332
CORRELATION	1604	996	4599	6949
SQUARE	154176	218
FOLD	1509	1252	1252	362454	362454	0	1518442
RAIL	46	50	175	1333
CORRELATION	1607	1000	4599	6949
SQUARE	154464	218
FOLD	1510	1253	1253	362742	362742	0	1519442
RAIL	46	51	175	1334
CORRELATION	1608	1000	4599	6949
SQUARE	154560	218
FOLD	1511	1254	1254	363033	363033	0	1523562
RAIL	45	51	175	1335
CORRELATION	1611	1004	4599	6949
SQUARE	154848	218
FOLD	1512	1255	1255	363321	363321	0	1524724
RAIL	45	52	175	1336
CORRELATION	1612	1006	4599	6949
SQUARE	154944	218
FOLD	1513	1256	1256	363612	363612	0	1527080
RAIL	44	52	175	1337
CORRELATION	1615	1010	4599	6949
SQUARE	155232	218
FOLD	1514	1257	1257	363900	363900	0	1527815
RAIL	44	53	175	1338
CORRELATION	1616	1010	4599	6949
SQUARE	155328	218
FOLD	1515	1258	1258	364191	364191	0	1530048
RAIL	43	53	175	1339
CORRELATION	1619	1014	4599	6949
SQUARE	155616	218
FOLD	1516	1259	1259	364479	364479	0	1530861
RAIL	43	54	175	1340
CORRELATION	1620	1014	4599	6949
SQUARE	155712	218
FOLD	1517	1260	1260	364770	364770	0	1532904
RAIL	42	54	175	1341
CORRELATION	1623	1017	4599	6949
SQUARE	156000	218
FOLD	1518	1261	1261	365058	365058	0	1534261
RAIL	42	55	175	1342
CORRELATION	1624	1020	4599	6949
SQUARE	156096	218
FOLD	1519	1262	1262	365349	365349	0	1535073
RAIL	9	87	175	1343
CORRELATION	1625	1020	4599	6949
SQUARE	156192	218
FOLD	1520	1263	1263	365637	365637	0	1535967
RAIL	9	88	175	1344
CORRELATION	1626	1020	4599	6949
SQUARE	156288	218
FOLD	1521	1264	1264	365928	365928	0	1536711
RAIL	41	55	175	1345
CORRELATION	1627	1020	4599	6949
SQUARE	156384	218
FOLD	1522	1265	1265	366216	366216	0	1537562
RAIL	41	56	175	1346
CORRELATION	1628	1020	4599	6949
SQUARE	156480	218
FOLD	1523	1266	1266	366507	366507	0	1538895
RAIL	10	86	175	1347
CORRELATION	1629	1022	4599	6949
SQUARE	156576	218
FOLD	1524	1267	1267	366795	366795	0	1539987
RAIL	10	87	175	1348
CORRELATION	1630	1024	4599	6949
SQUARE	156672	218
FOLD	1525	1268	1268	367086	367086	0	1541142
RAIL	40	56	175	1349
CORRELATION	1631	1025	4599	6949
SQUARE	156768	218
FOLD	1526	1269	1269	367374	367374	0	1542648
RAIL	40	57	175	1350
CORRELATION	1632	1027	4599	6949
SQUARE	156864	218
FOLD	1527	1270	1270	367665	367665	0	1543487
RAIL	11	85	175	1351
CORRELATION	1633	1027	4599	6949
SQUARE	156960	218
FOLD	1528	1271	1271	367953	367953	0	1544326
RAIL	11	86	175	1352
CORRELATION	1634	1027	4599	6949
SQUARE	157056	218
FOLD	1529	1272	1272	368244	368244	0	1545561
RAIL	39	57	175	1353
CORRELATION	1635	1029	4599	6949
SQUARE	157152	218
FOLD	1530	1273	1273	368532	368532	0	1546771
RAIL	39	58	175	1354
CORRELATION	1636	1031	4599	6949
SQUARE	157248	218
FOLD	1531	1274	1274	368823	368823	0	1547667
RAIL	12	84	175	1355
CORRELATION	1637	1031	4599	6949
SQUARE	157344	218
FOLD	1540	1275	1275	369111	369111	0	1555854
RAIL	14	83	179	1360
CORRELATION	1646	1041	4599	6949
SQUARE	158208	218
FOLD	1541	1276	1276	369402	369402	0	1556773
RAIL	36	60	179	1361
CORRELATION	1647	1043	4599	6949
SQUARE	158304	218
FOLD	1542	1277	1277	369690	369690	0	1557553
RAIL	36	61	179	1362
CORRELATION	1648	1043	4599	6949
SQUARE	158400	218
FOLD	1543	1278	1278	369981	369981	0	1558794
RAIL	15	81	179	1363
CORRELATION	1649	1046	4599	6949
SQUARE	158496	218
FOLD	1552	1279	1279	370269	370269	0	1569561
RAIL	17	80	183	1368
CORRELATION	1658	1046	4599	6949
SQUARE	159360	218
FOLD	1553	1280	1280	370560	370560	0	1572016
RAIL	33	63	183	1369
CORRELATION	1659	1046	4599	6949
SQUARE	159456	218
FOLD	1554	1281	1281	370848	370848	0	1572829
RAIL	33	64	183	1370
CORRELATION	1660	1046	4599	6949
SQUARE	159552	218
FOLD	1555	1282	1282	371139	371139	0	1573588
RAIL	18	78	183	1371
CORRELATION	1661	1046	4599	6949
SQUARE	159648	218
FOLD	1556	1283	1283	371427	371427	0	1574325
RAIL	18	79	183	1372
CORRELATION	1662	1046	4599	6949
SQUARE	159744	218
FOLD	1557	1284	1284	371718	371718	0	1575083
RAIL	32	64	183	1373
CORRELATION	1663	1046	4599	6949
SQUARE	159840	218
FOLD	1558	1285	1285	372006	372006	0	1575840
RAIL	32	65	183	1374
CORRELATION	1664	1046	4599	6949
SQUARE	159936	218
FOLD	1559	1286	1286	372297	372297	0	1577091
RAIL	19	77	183	1375
CORRELATION	1665	1048	4599	6949
SQUARE	160032	218
FOLD	1568	1287	1287	372585	372585	0	1588005
RAIL	21	76	187	1380
CORRELATION	1674	1063	4599	6949
SQUARE	160896	218
FOLD	1569	1288	1288	372876	372876	0	1590149
RAIL	29	67	187	1381
CORRELATION	1675	1063	4599	6949
SQUARE	160992	218
FOLD	1570	1289	1289	373164	373164	0	1591208
RAIL	29	68	187	1382
CORRELATION	1676	1065	4599	6949
SQUARE	161088	218
FOLD	1571	1290	1290	373455	373455	0	1591936
RAIL	22	74	187	1383
CORRELATION	1677	1065	4599	6949
SQUARE	161184	218
FOLD	1580	1291	1291	373743	373743	0	1599312
RAIL	24	73	191	1388
CORRELATION	1686	1073	4599	6949
SQUARE	162048	218
FOLD	1581	1292	1292	374034	374034	0	1600269
RAIL	26	70	191	1389
CORRELATION	1687	1073	4599	6949
SQUARE	162144	218
FOLD	1582	1293	1293	374322	374322	0	1601578
RAIL	26	71	191	1390
CORRELATION	1688	1075	4599	6949
SQUARE	162240	218
FOLD	1583	1294	1294	374613	374613	0	1604030
RAIL	25	71	191	1391
CORRELATION	1689	1077	4599	6949
SQUARE	162336	218
FOLD	1584	1295	1295	374901	374901	0	1605879
RAIL	25	72	191	1392
CORRELATION	1690	1077	4599	6949
SQUARE	162432	218
FOLD	1585	1296	1296	375192	375192	0	1610723
RAIL	48	48	191	1393
CORRELATION	1693	1080	4599	6949
SQUARE	162720	218
FOLD	1586	1297	1297	375480	375480	0	1611687
RAIL	48	49	191	1394
CORRELATION	1694	1080	4599	6949
SQUARE	162816	218
FOLD	1587	1298	1298	375771	375771	0	1614285
RAIL	47	49	191	1395
CORRELATION	1697	1084	4599	6949
SQUARE	163104	218
FOLD	1588	1299	1299	376059	376059	0	1615136
RAIL	47	50	191	1396
CORRELATION	1698	1084	4599	6949
SQUARE	163200	218
FOLD	1589	1300	1300	376350	376350	0	1617577
RAIL	46	50	191	1397
CORRELATION	1701	1088	4599	6949
SQUARE	163488	218
FOLD	1590	1301	1301	376638	376638	0	1618873
RAIL	46	51	191	1398
CORRELATION	1702	1090	4599	6949
SQUARE	163584	218
FOLD	1591	1302	1302	376929	376929	0	1620356
RAIL	45	51	191	1399
CORRELATION	1705	1090	4599	6949
SQUARE	163872	218
FOLD	1592	1303	1303	377217	377217	0	1621159
RAIL	45	52	191	1400
CORRELATION	1706	1090	4599	6949
SQUARE	163968	218
FOLD	1593	1304	1304	377508	377508	0	1623551
RAIL	44	52	191	1401
CORRELATION	1709	1095	4599	6949
SQUARE	164256	218
FOLD	1594	1305	1305	377796	377796	0	1624638
RAIL	44	53	191	1402
CORRELATION	1710	1097	4599	6949
SQUARE	164352	218
FOLD	1595	1306	1306	378087	378087	0	1626362
RAIL	43	53	191	1403
CORRELATION	1713	1099	4599	6949
SQUARE	164640	218
FOLD	1596	1307	1307	378375	378375	0	1627747
RAIL	43	54	191	1404
CORRELATION	1714	1101	4599	6949
SQUARE	164736	218
FOLD	1597	1308	1308	378666	378666	0	1629803
RAIL	42	54	191	1405
CORRELATION	1717	1103	4599	6949
SQUARE	165024	218
FOLD	1598	1309	1309	378954	378954	0	1632453
RAIL	42	55	191	1406
CORRELATION	1718	1106	4599	6949
SQUARE	165120	218
FOLD	1599	1310	1310	379245	379245	0	1633177
RAIL	9	87	191	1407
CORRELATION	1719	1106	4599	6949
SQUARE	165216	218
FOLD	1604	1311	1311	379533	379533	0	1636034
RAIL	10	87	193	1410
CORRELATION	1724	1106	4599	6949
SQUARE	165696	218
FOLD	1605	1312	1312	379824	379824	0	1636771
RAIL	40	56	193	1411
CORRELATION	1725	1106	4599	6949
SQUARE	165792	218
FOLD	1606	1313	1313	380112	380112	0	1637511
RAIL	40	57	193	1412
CORRELATION	1726	1106	4599	6949
SQUARE	165888	218
FOLD	1607	1314	1314	380403	380403	0	1638377
RAIL	11	85	193	1413
CORRELATION	1727	1108	4599	6949
SQUARE	165984	218
FOLD	1608	1315	1315	380691	380691	0	1639064
RAIL	11	86	193	1414
CORRELATION	1728	1108	4599	6949
SQUARE	166080	218
FOLD	1609	1316	1316	380982	380982	0	1639760
RAIL	39	57	193	1415
CORRELATION	1729	1108	4599	6949
SQUARE	166176	218
FOLD	1610	1317	1317	381270	381270	0	1640485
RAIL	39	58	193	1416
CORRELATION	1730	1108	4599	6949
SQUARE	166272	218
FOLD	1611	1318	1318	381561	381561	0	1641224
RAIL	12	84	193	1417
CORRELATION	1731	1108	4599	6949
SQUARE	166368	218
FOLD	1612	1319	1319	381849	381849	0	1642210
RAIL	12	85	193	1418
CORRELATION	1732	1108	4599	6949
SQUARE	166464	218
FOLD	1613	1320	1320	382140	382140	0	1643689
RAIL	38	58	193	1419
CORRELATION	1733	1110	4599	6949
SQUARE	166560	218
FOLD	1614	1321	1321	382428	382428	0	1646116
RAIL	38	59	193	1420
CORRELATION	1734	1113	4599	6949
SQUARE	166656	218
FOLD	1615	1322	1322	382719	382719	0	1646899
RAIL	13	83	193	1421
CORRELATION	1735	1113	4599	6949
SQUARE	166752	218
FOLD	1624	1323	1323	383007	383007	0	1654045
RAIL	15	82	197	1426
CORRELATION	1744	1122	4599	6949
SQUARE	167616	218
FOLD	1625	1324	1324	383298	383298	0	1655354
RAIL	35	61	197	1427
CORRELATION	1745	1124	4599	6949
SQUARE	167712	218
FOLD	1626	1325	1325	383586	383586	0	1656418
RAIL	35	62	197	1428
CORRELATION	1746	1126	4599	6949
SQUARE	167808	218
FOLD	1627	1326	1326	383877	383877	0	1657188
RAIL	16	80	197	1429
CORRELATION	1747	1126	4599	6949
SQUARE	167904	218
FOLD	1636	1327	1327	384165	384165	0	1668647
RAIL	18	79	201	1434
CORRELATION	1756	1136	4599	6949
SQUARE	168768	218
FOLD	1637	1328	1328	384456	384456	0	1670724
RAIL	32	64	201	1435
CORRELATION	1757	1136	4599	6949
SQUARE	168864	218
FOLD	1638	1329	1329	384744	384744	0	1673129
RAIL	32	65	201	1436
CORRELATION	1758	1138	4599	6949
SQUARE	168960	218
FOLD	1639	1330	1330	385035	385035	0	1676359
RAIL	19	77	201	1437
CORRELATION	1759	1140	4599	6949
SQUARE	169056	218
FOLD	1640	1331	1331	385323	385323	0	1677217
RAIL	19	78	201	1438
CORRELATION	1760	1140	4599	6949
SQUARE	169152	218
FOLD	1641	1332	1332	385614	385614	0	1677892
RAIL	31	65	201	1439
CORRELATION	1761	1140	4599	6949
SQUARE	169248	218
FOLD	1642	1333	1333	385902	385902	0	1678585
RAIL	31	66	201	1440
CORRELATION	1762	1140	4599	6949
SQUARE	169344	218
FOLD	1643	1334	1334	386193	386193	0	1679391
RAIL	20	76	201	1441
CORRELATION	1763	1140	4599	6949
SQUARE	169440	218
FOLD	1652	1335	1335	386481	386481	0	1687436
RAIL	22	75	205	1446
CORRELATION	1772	1149	4599	6949
SQUARE	170304	218
FOLD	1653	1336	1336	386772	386772	0	1689652
RAIL	28	68	205	1447
CORRELATION	1773	1149	4599	6949
SQUARE	170400	218
FOLD	1654	1337	1337	387060	387060	0	1692038
RAIL	28	69	205	1448
CORRELATION	1774	1149	4599	6949
SQUARE	170496	218
FOLD	1655	1338	1338	387351	387351	0	1695760
RAIL	23	73	205	1449
CORRELATION	1775	1149	4599	6949
SQUARE	170592	218
FOLD	1664	1339	1339	387639	387639	0	1704036
RAIL	25	72	209	1454
CORRELATION	1784	1161	4599	6949
SQUARE	171456	218
FOLD	1665	1340	1340	387930	387930	0	1706292
RAIL	48	48	209	1455
CORRELATION	1787	1165	4599	6949
SQUARE	171744	218
FOLD	1666	1341	1341	388218	388218	0	1707623
RAIL	48	49	209	1456
CORRELATION	1788	1167	4599	6949
SQUARE	171840	218
FOLD	1667	1342	1342	388509	388509	0	1709097
RAIL	47	49	209	1457
CORRELATION	1791	1167	4599	6949
SQUARE	172128	218
FOLD	1668	1343	1343	388797	388797	0	1710261
RAIL	47	50	209	1458
CORRELATION	1792	1168	4599	6949
SQUARE	172224	218
FOLD	1669	1344	1344	389088	389088	0	1712431
RAIL	46	50	209	1459
CORRELATION	1795	1173	4599	6949
SQUARE	172512	218
FOLD	1670	1345	1345	389376	389376	0	1713300
RAIL	46	51	209	1460
CORRELATION	1796	1173	4599	6949
SQUARE	172608	218
FOLD	1671	1346	1346	389667	389667	0	1716189
RAIL	45	51	209	1461
CORRELATION	1799	1177	4599	6949
SQUARE	172896	218
FOLD	1672	1347	1347	389955	389955	0	1717161
RAIL	45	52	209	1462
CORRELATION	1800	1178	4599	6949
SQUARE	172992	218
FOLD	1673	1348	1348	390246	390246	0	1719015
RAIL	44	52	209	1463
CORRELATION	1803	1180	4599	6949
SQUARE	173280	218
FOLD	1674	1349	1349	390534	390534	0	1721004
RAIL	44	53	209	1464
CORRELATION	1804	1180	4599	6949
SQUARE	173376	218
FOLD	1675	1350	1350	390825	390825	0	1723004
RAIL	43	53	209	1465
CORRELATION	1807	1184	4599	6949
SQUARE	173664	218
FOLD	1676	1351	1351	391113	391113	0	1724211
RAIL	43	54	209	1466
CORRELATION	1808	1186	4599	6949
SQUARE	173760	218
FOLD	1677	1352	1352	391404	391404	0	1726188
RAIL	42	54	209	1467
CORRELATION	1811	1188	4599	6949
SQUARE	174048	218
FOLD	1678	1353	1353	391692	391692	0	1727723
RAIL	42	55	209	1468
CORRELATION	1812	1190	4599	6949
SQUARE	174144	218
FOLD	1679	1354	1354	391983	391983	0	1728798
RAIL	9	87	209	1469
CORRELATION	1813	1192	4599	6949
SQUARE	174240	218
FOLD	1688	1355	1355	392271	392271	0	1734859
RAIL	11	86	213	1474
CORRELATION	1822	1195	4599	6949
SQUARE	175104	218
FOLD	1689	1356	1356	392562	392562	0	1736186
RAIL	39	57	213	1475
CORRELATION	1823	1197	4599	6949
SQUARE	175200	218
FOLD	1690	1357	1357	392850	392850	0	1737447
RAIL	39	58	213	1476
CORRELATION	1824	1199	4599	6949
SQUARE	175296	218
FOLD	1691	1358	1358	393141	393141	0	1738385
RAIL	12	84	213	1477
CORRELATION	1825	1199	4599	6949
SQUARE	175392	218
FOLD	1692	1359	1359	393429	393429	0	1739531
RAIL	12	85	213	1478
CORRELATION	1826	1201	4599	6949
SQUARE	175488	218
FOLD	1693	1360	1360	393720	393720	0	1740864
RAIL	38	58	213	1479
CORRELATION	1827	1204	4599	6949
SQUARE	175584	218
FOLD	1694	1361	1361	394008	394008	0	1741586
RAIL	38	59	213	1480
CORRELATION	1828	1204	4599	6949
SQUARE	175680	218
FOLD	1695	1362	1362	394299	394299	0	1742543
RAIL	13	83	213	1481
CORRELATION	1829	1204	4599	6949
SQUARE	175776	218
FOLD	1696	1363	1363	394587	394587	0	1743763
RAIL	13	84	213	1482
CORRELATION	1830	1206	4599	6949
SQUARE	175872	218
FOLD	1697	1364	1364	394878	394878	0	1745007
RAIL	37	59	213	1483
CORRELATION	1831	1209	4599	6949
SQUARE	175968	218
FOLD	1698	1365	1365	395166	395166	0	1745798
RAIL	37	60	213	1484
CORRELATION	1832	1209	4599	6949
SQUARE	176064	218
FOLD	1699	1366	1366	395457	395457	0	1746594
RAIL	14	82	213	1485
CORRELATION	1833	1209	4599	6949
SQUARE	176160	218
FOLD	1708	1367	1367	395745	395745	0	1757863
RAIL	16	81	217	1490
CORRELATION	1842	1218	4599	6949
SQUARE	177024	218
FOLD	1709	1368	1368	396036	396036	0	1762267
RAIL	34	62	217	1491
CORRELATION	1843	1220	4599	6949
SQUARE	177120	218
FOLD	1710	1369	1369	396324	396324	0	1763584
RAIL	34	63	217	1492
CORRELATION	1844	1222	4599	6949
SQUARE	177216	218
FOLD	1711	1370	1370	396615	396615	0	1764745
RAIL	17	79	217	1493
CORRELATION	1845	1224	4599	6949
SQUARE	177312	218
FOLD	1720	1371	1371	396903	396903	0	1773633
RAIL	19	78	221	1498
CORRELATION	1854	1232	4599	6949
SQUARE	178176	218
FOLD	1721	1372	1372	397194	397194	0	1774380
RAIL	31	65	221	1499
CORRELATION	1855	1232	4599	6949
SQUARE	178272	218
FOLD	1722	1373	1373	397482	397482	0	1775384
RAIL	31	66	221	1500
CORRELATION	1856	1232	4599	6949
SQUARE	178368	218
FOLD	1723	1374	1374	397773	397773	0	1776632
RAIL	20	76	221	1501
CORRELATION	1857	1234	4599	6949
SQUARE	178464	218
FOLD	1724	1375	1375	398061	398061	0	1777662
RAIL	20	77	221	1502
CORRELATION	1858	1236	4599	6949
SQUARE	178560	218
FOLD	1725	1376	1376	398352	398352	0	1780245
RAIL	30	66	221	1503
CORRELATION	1859	1236	4599	6949
SQUARE	178656	218
FOLD	1726	1377	1377	398640	398640	0	1782071
RAIL	30	67	221	1504
CORRELATION	1860	1238	4599	6949
SQUARE	178752	218
FOLD	1727	1378	1378	398931	398931	0	1784800
RAIL	21	75	221	1505
CORRELATION	1861	1240	4599	6949
SQUARE	178848	218
FOLD	1736	1379	1379	399219	399219	0	1791876
RAIL	23	74	225	1510
CORRELATION	1870	1247	4599	6949
SQUARE	179712	218
FOLD	1737	1380	1380	399510	399510	0	1793663
RAIL	27	69	225	1511
CORRELATION	1871	1250	4599	6949
SQUARE	179808	218
FOLD	1738	1381	1381	399798	399798	0	1795259
RAIL	27	70	225	1512
CORRELATION	1872	1252	4599	6949
SQUARE	179904	218
FOLD	1739	1382	1382	400089	400089	0	1797831
RAIL	24	72	225	1513
CORRELATION	1873	1252	4599	6949
SQUARE	180000	218
FOLD	1748	1383	1383	400377	400377	0	1811439
RAIL	47	50	229	1518
CORRELATION	1886	1264	4599	6949
SQUARE	181248	218
FOLD	1749	1384	1384	400668	400668	0	1813826
RAIL	46	50	229	1519
CORRELATION	1889	1268	4599	6949
SQUARE	181536	218
FOLD	1750	1385	1385	400956	400956	0	1814570
RAIL	46	51	229	1520
CORRELATION	1890	1268	4599	6949
SQUARE	181632	218
FOLD	1751	1386	1386	401247	401247	0	1816701
RAIL	45	51	229	1521
CORRELATION	1893	1271	4599	6949
SQUARE	181920	218
FOLD	1752	1387	1387	401535	401535	0	1817438
RAIL	45	52	229	1522
CORRELATION	1894	1271	4599	6949
SQUARE	182016	218
FOLD	1753	1388	1388	401826	401826	0	1819574
RAIL	44	52	229	1523
CORRELATION	1897	1275	4599	6949
SQUARE	182304	218
FOLD	1754	1389	1389	402114	402114	0	1820372
RAIL	44	53	229	1524
CORRELATION	1898	1275	4599	6949
SQUARE	182400	218
FOLD	1755	1390	1390	402405	402405	0	1822899
RAIL	43	53	229	1525
CORRELATION	1901	1279	4599	6949
SQUARE	182688	218
FOLD	1756	1391	1391	402693	402693	0	1824329
RAIL	43	54	229	1526
CORRELATION	1902	1281	4599	6949
SQUARE	182784	218
FOLD	1757	1392	1392	402984	402984	0	1826282
RAIL	42	54	229	1527
CORRELATION	1905	1283	4599	6949
SQUARE	183072	218
FOLD	1758	1393	1393	403272	403272	0	1827169
RAIL	42	55	229	1528
CORRELATION	1906	1283	4599	6949
SQUARE	183168	218
FOLD	1759	1394	1394	403563	403563	0	1828804
RAIL	9	87	229	1529
CORRELATION	1907	1285	4599	6949
SQUARE	183264	218
FOLD	1760	1395	1395	403851	403851	0	1829663
RAIL	9	88	229	1530
CORRELATION	1908	1285	4599	6949
SQUARE	183360	218
FOLD	1761	1396	1396	404142	404142	0	1830888
RAIL	41	55	229	1531
CORRELATION	1909	1287	4599	6949
SQUARE	183456	218
FOLD	1762	1397	1397	404430	404430	0	1831957
RAIL	41	56	229	1532
CORRELATION	1910	1289	4599	6949
SQUARE	183552	218
FOLD	1763	1398	1398	404721	404721	0	1834003
RAIL	10	86	229	1533
CORRELATION	1911	1289	4599	6949
SQUARE	183648	218
FOLD	1772	1399	1399	405009	405009	0	1841550
RAIL	12	85	233	1538
CORRELATION	1920	1300	4599	6949
SQUARE	184512	218
FOLD	1773	1400	1400	405300	405300	0	1842284
RAIL	38	58	233	1539
CORRELATION	1921	1300	4599	6949
SQUARE	184608	218
FOLD	1774	1401	1401	405588	405588	0	1843071
RAIL	38	59	233	1540
CORRELATION	1922	1300	4599	6949
SQUARE	184704	218
FOLD	1775	1402	1402	405879	405879	0	1844225
RAIL	13	83	233	1541
CORRELATION	1923	1302	4599	6949
SQUARE	184800	218
FOLD	1776	1403	1403	406167	406167	0	1845347
RAIL	13	84	233	1542
CORRELATION	1924	1304	4599	6949
SQUARE	184896	218
FOLD	1777	1404	1404	406458	406458	0	1846663
RAIL	37	59	233	1543
CORRELATION	1925	1306	4599	6949
SQUARE	184992	218
FOLD	1778	1405	1405	406746	406746	0	1847507
RAIL	37	60	233	1544
CORRELATION	1926	1306	4599	6949
SQUARE	185088	218
FOLD	1779	1406	1406	407037	407037	0	1848323
RAIL	14	82	233	1545
CORRELATION	1927	1306	4599	6949
SQUARE	185184	218
FOLD	1780	1407	1407	407325	407325	0	1849020
RAIL	14	83	233	1546
CORRELATION	1928	1306	4599	6949
SQUARE	185280	218
FOLD	1781	1408	1408	407616	407616	0	1849884
RAIL	36	60	233	1547
CORRELATION	1929	1306	4599	6949
SQUARE	185376	218
FOLD	1782	1409	1409	407904	407904	0	1850571
RAIL	36	61	233	1548
CORRELATION	1930	1306	4599	6949
SQUARE	185472	218
FOLD	1783	1410	1410	408195	408195	0	1851398
RAIL	15	81	233	1549
CORRELATION	1931	1306	4599	6949
SQUARE	185568	218
FOLD	1792	1411	1411	408483	408483	0	1859962
RAIL	17	80	237	1554
CORRELATION	1940	1314	4599	6949
SQUARE	186432	218
FOLD	1793	1412	1412	408774	408774	0	1861152
RAIL	33	63	237	1555
CORRELATION	1941	1316	4599	6949
SQUARE	186528	218
FOLD	1794	1413	1413	409062	409062	0	1861982
RAIL	33	64	237	1556
CORRELATION	1942	1316	4599	6949
SQUARE	186624	218
FOLD	1795	1414	1414	409353	409353	0	1863727
RAIL	18	78	237	1557
CORRELATION	1943	1316	4599	6949
SQUARE	186720	218
FOLD	1804	1415	1415	409641	409641	0	1873997
RAIL	20	77	241	1562
CORRELATION	1952	1325	4599	6949
SQUARE	187584	218
FOLD	1805	1416	1416	409932	409932	0	1875038
RAIL	30	66	241	1563
CORRELATION	1953	1326	4599	6949
SQUARE	187680	218
FOLD	1806	1417	1417	410220	410220	0	1876342
RAIL	30	67	241	1564
CORRELATION	1954	1328	4599	6949
SQUARE	187776	218
FOLD	1807	1418	1418	410511	410511	0	1877307
RAIL	21	75	241	1565
CORRELATION	1955	1329	4599	6949
SQUARE	187872	218
FOLD	1808	1419	1419	410799	410799	0	1878560
RAIL	21	76	241	1566
CORRELATION	1956	1331	4599	6949
SQUARE	187968	218
FOLD	1809	1420	1420	411090	411090	0	1879360
RAIL	29	67	241	1567
CORRELATION	1957	1331	4599	6949
SQUARE	188064	218
FOLD	1810	1421	1421	411378	411378	0	1880116
RAIL	29	68	241	1568
CORRELATION	1958	1331	4599	6949
SQUARE	188160	218
FOLD	1811	1422	1422	411669	411669	0	1881730
RAIL	22	74	241	1569
CORRELATION	1959	1333	4599	6949
SQUARE	188256	218
FOLD	1820	1423	1423	411957	411957	0	1894063
RAIL	24	73	245	1574
CORRELATION	1968	1343	4599	6949
SQUARE	189120	218
FOLD	1821	1424	1424	412248	412248	0	1894813
RAIL	26	70	245	1575
CORRELATION	1969	1343	4599	6949
SQUARE	189216	218
FOLD	1830	1425	1425	412536	412536	0	1906301
RAIL	46	51	249	1580
CORRELATION	1984	1359	4599	6949
SQUARE	190656	218
FOLD	1831	1426	1426	412827	412827	0	1908408
RAIL	45	51	249	1581
CORRELATION	1987	1363	4599	6949
SQUARE	190944	218
FOLD	1832	1427	1427	413115	413115	0	1909235
RAIL	45	52	249	1582
CORRELATION	1988	1363	4599	6949
SQUARE	191040	218
FOLD	1833	1428	1428	413406	413406	0	1911816
RAIL	44	52	249	1583
CORRELATION	1991	1366	4599	6949
SQUARE	191328	218
FOLD	1834	1429	1429	413694	413694	0	1913273
RAIL	44	53	249	1584
CORRELATION	1992	1369	4599	6949
SQUARE	191424	218
FOLD	1835	1430	1430	413985	413985	0	1915554
RAIL	43	53	249	1585
CORRELATION	1995	1371	4599	6949
SQUARE	191712	218
FOLD	1836	1431	1431	414273	414273	0	1916629
RAIL	43	54	249	1586
CORRELATION	1996	1373	4599	6949
SQUARE	191808	218
FOLD	1837	1432	1432	414564	414564	0	1918738
RAIL	42	54	249	1587
CORRELATION	1999	1377	4599	6949
SQUARE	192096	218
FOLD	1838	1433	1433	414852	414852	0	1919604
RAIL	42	55	249	1588
CORRELATION	2000	1377	4599	6949
SQUARE	192192	218
FOLD	1839	1434	1434	415143	415143	0	1920397
RAIL	9	87	249	1589
CORRELATION	2001	1377	4599	6949
SQUARE	192288	218
FOLD	1844	1435	1435	415431	415431	0	1924708
RAIL	10	87	251	1592
CORRELATION	2006	1381	4599	6949
SQUARE	192768	218
FOLD	1845	1436	1436	415722	415722	0	1925699
RAIL	40	56	251	1593
CORRELATION	2007	1381	4599	6949
SQUARE	192864	218
FOLD	1846	1437	1437	416010	416010	0	1927183
RAIL	40	57	251	1594
CORRELATION	2008	1383	4599	6949
SQUARE	192960	218
FOLD	1847	1438	1438	416301	416301	0	1928643
RAIL	11	85	251	1595
CORRELATION	2009	1385	4599	6949
SQUARE	193056	218
FOLD	1856	1439	1439	416589	416589	0	1935639
RAIL	13	84	255	1600
CORRELATION	2018	1392	4599	6949
SQUARE	193920	218
FOLD	1857	1440	1440	416880	416880	0	1936692
RAIL	37	59	255	1601
CORRELATION	2019	1394	4599	6949
SQUARE	194016	218
FOLD	1858	1441	1441	417168	417168	0	1938903
RAIL	37	60	255	1602
CORRELATION	2020	1396	4599	6949
SQUARE	194112	218
FOLD	1859	1442	1442	417459	417459	0	1939837
RAIL	14	82	255	1603
CORRELATION	2021	1396	4599	6949
SQUARE	194208	218
FOLD	1860	1443	1443	417747	417747	0	1941098
RAIL	14	83	255	1604
CORRELATION	2022	1398	4599	6949
SQUARE	194304	218
FOLD	1861	1444	1444	418038	418038	0	1942174
RAIL	36	60	255	1605
CORRELATION	2023	1400	4599	6949
SQUARE	194400	218
FOLD	1862	1445	1445	418326	418326	0	1943063
RAIL	36	61	255	1606
CORRELATION	2024	1400	4599	6949
SQUARE	194496	218
FOLD	1863	1446	1446	418617	418617	0	1943982
RAIL	15	81	255	1607
CORRELATION	2025	1400	4599	6949
SQUARE	194592	218
FOLD	1864	1447	1447	418905	418905	0	1945137
RAIL	15	82	255	1608
CORRELATION	2026	1402	4599	6949
SQUARE	194688	218
FOLD	1865	1448	1448	419196	419196	0	1946362
RAIL	35	61	255	1609
CORRELATION	2027	1404	4599	6949
SQUARE	194784	218
FOLD	1866	1449	1449	419484	419484	0	1947354
RAIL	35	62	255	1610
CORRELATION	2028	1404	4599	6949
SQUARE	194880	218
FOLD	1867	1450	1450	419775	419775	0	1949288
RAIL	16	80	255	1611
CORRELATION	2029	1407	4599	6949
SQUARE	194976	218
FOLD	1876	1451	1451	420063	420063	0	1956727
RAIL	18	79	259	1616
CORRELATION	2038	1413	4599	6949
SQUARE	195840	218
FOLD	1877	1452	1452	420354	420354	0	1958075
RAIL	32	64	259	1617
CORRELATION	2039	1415	4599	6949
SQUARE	195936	218
FOLD	1878	1453	1453	420642	420642	0	1958847
RAIL	32	65	259	1618
CORRELATION	2040	1415	4599	6949
SQUARE	196032	218
FOLD	1879	1454	1454	420933	420933	0	1959787
RAIL	19	77	259	1619
CORRELATION	2041	1415	4599	6949
SQUARE	196128	218
FOLD	1885	1452	1454	420354	420933	0	1965620
RAIL	30	66	263	1622
CORRELATION	2048	1423	4599	6949
SQUARE	196800	218
FOLD	1888	1455	1455	421221	421221	0	1968291
RAIL	21	76	263	1624
CORRELATION	2050	1425	4599	6949
SQUARE	196992	218
FOLD	1889	1456	1456	421512	421512	0	1969478
RAIL	29	67	263	1625
CORRELATION	2051	1427	4599	6949
SQUARE	197088	218
FOLD	1890	1457	1457	421800	421800	0	1970636
RAIL	29	68	263	1626
CORRELATION	2052	1429	4599	6949
SQUARE	197184	218
FOLD	1891	1458	1458	422091	422091	0	1971514
RAIL	22	74	263	1627
CORRELATION	2053	1429	4599	6949
SQUARE	197280	218
FOLD	1892	1459	1459	422379	422379	0	1972928
RAIL	22	75	263	1628
CORRELATION	2054	1431	4599	6949
SQUARE	197376	218
FOLD	1893	1460	1460	422670	422670	0	1973717
RAIL	28	68	263	1629
CORRELATION	2055	1431	4599	6949
SQUARE	197472	218
FOLD	1894	1461	1461	422958	422958	0	1975669
RAIL	28	69	263	1630
CORRELATION	2056	1433	4599	6949
SQUARE	197568	218
FOLD	1895	1462	1462	423249	423249	0	1977393
RAIL	23	73	263	1631
CORRELATION	2057	1435	4599	6949
SQUARE	197664	218
FOLD	1912	1463	1463	423537	423537	0	1995938
RAIL	45	52	271	1640
CORRELATION	2082	1457	4599	6949
SQUARE	200064	218
FOLD	1913	1464	1464	423828	423828	0	1999001
RAIL	44	52	271	1641
CORRELATION	2085	1461	4599	6949
SQUARE	200352	218
FOLD	1914	1465	1465	424116	424116	0	1999835
RAIL	44	53	271	1642
CORRELATION	2086	1461	4599	6949
SQUARE	200448	218
FOLD	1915	1466	1466	424407	424407	0	2002098
RAIL	43	53	271	1643
CORRELATION	2089	1465	4599	6949
SQUARE	200736	218
FOLD	1916	1467	1467	424695	424695	0	2003061
RAIL	43	54	271	1644
CORRELATION	2090	1465	4599	6949
SQUARE	200832	218
FOLD	1917	1468	1468	424986	424986	0	2005407
RAIL	42	54	271	1645
CORRELATION	2093	1467	4599	6949
SQUARE	201120	218
FOLD	1918	1469	1469	425274	425274	0	2006625
RAIL	42	55	271	1646
CORRELATION	2094	1469	4599	6949
SQUARE	201216	218
FOLD	1919	1470	1470	425565	425565	0	2007629
RAIL	9	87	271	1647
CORRELATION	2095	1469	4599	6949
SQUARE	201312	218
FOLD	1928	1471	1471	425853	425853	0	2016240
RAIL	11	86	275	1652
CORRELATION	2104	1481	4599	6949
SQUARE	202176	218
FOLD	1929	1472	1472	426144	426144	0	2016973
RAIL	39	57	275	1653
CORRELATION	2105	1481	4599	6949
SQUARE	202272	218
FOLD	1930	1473	1473	426432	426432	0	2017838
RAIL	39	58	275	1654
CORRELATION	2106	1481	4599	6949
SQUARE	202368	218
FOLD	1931	1474	1474	426723	426723	0	2018688
RAIL	12	84	275	1655
CORRELATION	2107	1481	4599	6949
SQUARE	202464	218
FOLD	1940	1475	1475	427011	427011	0	2026454
RAIL	14	83	279	1660
CORRELATION	2116	1492	4599	6949
SQUARE	203328	218
FOLD	1941	1476	1476	427302	427302	0	2027680
RAIL	36	60	279	1661
CORRELATION	2117	1494	4599	6949
SQUARE	203424	218
FOLD	1942	1477	1477	427590	427590	0	2028873
RAIL	36	61	279	1662
CORRELATION	2118	1496	4599	6949
SQUARE	203520	218
FOLD	1943	1478	1478	427881	427881	0	2029876
RAIL	15	81	279	1663
CORRELATION	2119	1496	4599	6949
SQUARE	203616	218
FOLD	1944	1479	1479	428169	428169	0	2030751
RAIL	15	82	279	1664
CORRELATION	2120	1496	4599	6949
SQUARE	203712	218
FOLD	1945	1480	1480	428460	428460	0	2031650
RAIL	35	61	279	1665
CORRELATION	2121	1496	4599	6949
SQUARE	203808	218
FOLD	1946	1481	1481	428748	428748	0	2032614
RAIL	35	62	279	1666
CORRELATION	2122	1496	4599	6949
SQUARE	203904	218
FOLD	1947	1482	1482	429039	429039	0	2033652
RAIL	16	80	279	1667
CORRELATION	2123	1496	4599	6949
SQUARE	204000	218
FOLD	1948	1483	1483	429327	429327	0	2036660
RAIL	16	81	279	1668
CORRELATION	2124	1499	4599	6949
SQUARE	204096	218
FOLD	1949	1484	1484	429618	429618	0	2039475
RAIL	34	62	279	1669
CORRELATION	2125	1499	4599	6949
SQUARE	204192	218
FOLD	1950	1485	1485	429906	429906	0	2041046
RAIL	34	63	279	1670
CORRELATION	2126	1501	4599	6949
SQUARE	204288	218
FOLD	1951	1486	1486	430197	430197	0	2042219
RAIL	17	79	279	1671
CORRELATION	2127	1503	4599	6949
SQUARE	204384	218
FOLD	1960	1487	1487	430485	430485	0	2049644
RAIL	19	78	283	1676
CORRELATION	2136	1512	4599	6949
SQUARE	205248	218
FOLD	1961	1488	1488	430776	430776	0	2050359
RAIL	31	65	283	1677
CORRELATION	2137	1512	4599	6949
SQUARE	205344	218
FOLD	1962	1489	1489	431064	431064	0	2051517
RAIL	31	66	283	1678
CORRELATION	2138	1514	4599	6949
SQUARE	205440	218
FOLD	1963	1490	1490	431355	431355	0	2054141
RAIL	20	76	283	1679
CORRELATION	2139	1516	4599	6949
SQUARE	205536	218
FOLD	1972	1491	1491	431643	431643	0	2064679
RAIL	22	75	287	1684
CORRELATION	2148	1523	4599	6949
SQUARE	206400	218
FOLD	1973	1492	1492	431934	431934	0	2065772
RAIL	28	68	287	1685
CORRELATION	2149	1525	4599	6949
SQUARE	206496	218
FOLD	1990	1493	1493	432222	432222	0	2081713
RAIL	46	51	295	1694
CORRELATION	2172	1544	4599	6949
SQUARE	208704	218
FOLD	1991	1494	1494	432513	432513	0	2083244
RAIL	45	51	295	1695
CORRELATION	2175	1544	4599	6949
SQUARE	208992	218
FOLD	1992	1495	1495	432801	432801	0	2084054
RAIL	45	52	295	1696
CORRELATION	2176	1544	4599	6949
SQUARE	209088	218
FOLD	1993	1496	1496	433092	433092	0	2085568
RAIL	44	52	295	1697
CORRELATION	2179	1544	4599	6949
SQUARE	209376	218
FOLD	1994	1497	1497	433380	433380	0	2086630
RAIL	44	53	295	1698
CORRELATION	2180	1546	4599	6949
SQUARE	209472	218
FOLD	1995	1498	1498	433671	433671	0	2088379
RAIL	43	53	295	1699
CORRELATION	2183	1550	4599	6949
SQUARE	209760	218
FOLD	1996	1499	1499	433959	433959	0	2089110
RAIL	43	54	295	1700
CORRELATION	2184	1550	4599	6949
SQUARE	209856	218
FOLD	1997	1500	1500	434250	434250	0	2091150
RAIL	42	54	295	1701
CORRELATION	2187	1553	4599	6949
SQUARE	210144	218
FOLD	1998	1501	1501	434538	434538	0	2092827
RAIL	42	55	295	1702
CORRELATION	2188	1555	4599	6949
SQUARE	210240	218
FOLD	1999	1502	1502	434829	434829	0	2094449
RAIL	9	87	295	1703
CORRELATION	2189	1557	4599	6949
SQUARE	210336	218
FOLD	2000	1503	1503	435117	435117	0	2095100
RAIL	9	88	295	1704
CORRELATION	2190	1557	4599	6949
SQUARE	210432	218
FOLD	2001	1504	1504	435408	435408	0	2095999
RAIL	41	55	295	1705
CORRELATION	2191	1559	4599	6949
SQUARE	210528	218
FOLD	2002	1505	1505	435696	435696	0	2097074
RAIL	41	56	295	1706
CORRELATION	2192	1560	4599	6949
SQUARE	210624	218
FOLD	2003	1506	1506	435987	435987	0	2097943
RAIL	10	86	295	1707
CORRELATION	2193	1560	4599	6949
SQUARE	210720	218
FOLD	2012	1507	1507	436275	436275	0	2105167
RAIL	12	85	299	1712
CORRELATION	2202	1564	4599	6949
SQUARE	211584	218
FOLD	2013	1508	1508	436566	436566	0	2106129
RAIL	38	58	299	1713
CORRELATION	2203	1566	4599	6949
SQUARE	211680	218
FOLD	2014	1509	1509	436854	436854	0	2107001
RAIL	38	59	299	1714
CORRELATION	2204	1568	4599	6949
SQUARE	211776	218
FOLD	2015	1510	1510	437145	437145	0	2107896
RAIL	13	83	299	1715
CORRELATION	2205	1568	4599	6949
SQUARE	211872	218
FOLD	2024	1511	1511	437433	437433	0	2117776
RAIL	15	82	303	1720
CORRELATION	2214	1576	4599	6949
SQUARE	212736	218
FOLD	2025	1512	1512	437724	437724	0	2118431
RAIL	35	61	303	1721
CORRELATION	2215	1576	4599	6949
SQUARE	212832	218
FOLD	2026	1513	1513	438012	438012	0	2119763
RAIL	35	62	303	1722
CORRELATION	2216	1576	4599	6949
SQUARE	212928	218
FOLD	2027	1514	1514	438303	438303	0	2120521
RAIL	16	80	303	1723
CORRELATION	2217	1576	4599	6949
SQUARE	213024	218
FOLD	2028	1515	1515	438591	438591	0	2121512
RAIL	16	81	303	1724
CORRELATION	2218	1578	4599	6949
SQUARE	213120	218
FOLD	2029	1516	1516	438882	438882	0	2122454
RAIL	34	62	303	1725
CORRELATION	2219	1580	4599	6949
SQUARE	213216	218
FOLD	2030	1517	1517	439170	439170	0	2123687
RAIL	34	63	303	1726
CORRELATION	2220	1582	4599	6949
SQUARE	213312	218
FOLD	2031	1518	1518	439461	439461	0	2124815
RAIL	17	79	303	1727
CORRELATION	2221	1584	4599	6949
SQUARE	213408	218
FOLD	2032	1519	1519	439749	439749	0	2125438
RAIL	17	80	303	1728
CORRELATION	2222	1584	4599	6949
SQUARE	213504	218
FOLD	2033	1520	1520	440040	440040	0	2126314
RAIL	33	63	303	1729
CORRELATION	2223	1585	4599	6949
SQUARE	213600	218
FOLD	2034	1521	1521	440328	440328	0	2128554
RAIL	33	64	303	1730
CORRELATION	2224	1585	4599	6949
SQUARE	213696	218
FOLD	2035	1522	1522	440619	440619	0	2129248
RAIL	18	78	303	1731
CORRELATION	2225	1585	4599	6949
SQUARE	213792	218
FOLD	2044	1523	1523	440907	440907	0	2135136
RAIL	20	77	307	1736
CORRELATION	2234	1585	4599	6949
SQUARE	214656	218
FOLD	2045	1524	1524	441198	441198	0	2136725
RAIL	30	66	307	1737
CORRELATION	2235	1588	4599	6949
SQUARE	214752	218
FOLD	2046	1525	1525	441486	441486	0	2137570
RAIL	30	67	307	1738
CORRELATION	2236	1588	4599	6949
SQUARE	214848	218
FOLD	2047	1526	1526	441777	441777	0	2138766
RAIL	21	75	307	1739
CORRELATION	2237	1590	4599	6949
SQUARE	214944	218
FOLD	2048	1525	1526	441489	441777	0	2139667
RAIL	21	76	308	1739
CORRELATION	2238	1592	4599	6949
SQUARE	215040	218
FOLD	2072	1527	1527	442065	442065	0	2164194
RAIL	45	52	319	1752
CORRELATION	2270	1624	4599	6949
SQUARE	218112	218
FOLD	2073	1528	1528	442356	442356	0	2166470
RAIL	44	52	319	1753
CORRELATION	2273	1628	4599	6949
SQUARE	218400	218
FOLD	2074	1529	1529	442644	442644	0	2167453
RAIL	44	53	319	1754
CORRELATION	2274	1628	4599	6949
SQUARE	218496	218
FOLD	2075	1530	1530	442935	442935	0	2170775
RAIL	43	53	319	1755
CORRELATION	2277	1633	4599	6949
SQUARE	218784	218
FOLD	2076	1531	1531	443223	443223	0	2172635
RAIL	43	54	319	1756
CORRELATION	2278	1633	4599	6949
SQUARE	218880	218
FOLD	2077	1532	1532	443514	443514	0	2174221
RAIL	42	54	319	1757
CORRELATION	2281	1633	4599	6949
SQUARE	219168	218
FOLD	2078	1533	1533	443802	443802	0	2175158
RAIL	42	55	319	1758
CORRELATION	2282	1633	4599	6949
SQUARE	219264	218
FOLD	2079	1534	1534	444093	444093	0	2175933
RAIL	9	87	319	1759
CORRELATION	2283	1633	4599	6949
SQUARE	219360	218
FOLD	2080	1535	1535	444381	444381	0	2176604
RAIL	9	88	319	1760
CORRELATION	2284	1633	4599	6949
SQUARE	219456	218
FOLD	2081	1536	1536	444672	444672	0	2177264
RAIL	41	55	319	1761
CORRELATION	2285	1633	4599	6949
SQUARE	219552	218
FOLD	2082	1537	1537	444960	444960	0	2178334
RAIL	41	56	319	1762
CORRELATION	2286	1635	4599	6949
SQUARE	219648	218
FOLD	2083	1538	1538	445251	445251	0	2179126
RAIL	10	86	319	1763
CORRELATION	2287	1635	4599	6949
SQUARE	219744	218
FOLD	2084	1539	1539	445539	445539	0	2179896
RAIL	10	87	319	1764
CORRELATION	2288	1635	4599	6949
SQUARE	219840	218
FOLD	2085	1540	1540	445830	445830	0	2180644
RAIL	40	56	319	1765
CORRELATION	2289	1635	4599	6949
SQUARE	219936	218
FOLD	2086	1541	1541	446118	446118	0	2182221
RAIL	40	57	319	1766
CORRELATION	2290	1637	4599	6949
SQUARE	220032	218
FOLD	2087	1542	1542	446409	446409	0	2183112
RAIL	11	85	319	1767
CORRELATION	2291	1637	4599	6949
SQUARE	220128	218
FOLD	2096	1543	1543	446697	446697	0	2191932
RAIL	13	84	323	1772
CORRELATION	2300	1649	4599	6949
SQUARE	220992	218
FOLD	2097	1544	1544	446988	446988	0	2192866
RAIL	37	59	323	1773
CORRELATION	2301	1651	4599	6949
SQUARE	221088	218
FOLD	2098	1545	1545	447276	447276	0	2193691
RAIL	37	60	323	1774
CORRELATION	2302	1652	4599	6949
SQUARE	221184	218
FOLD	2099	1546	1546	447567	447567	0	2194557
RAIL	14	82	323	1775
CORRELATION	2303	1652	4599	6949
SQUARE	221280	218
FOLD	2108	1547	1547	447855	447855	0	2201490
RAIL	16	81	327	1780
CORRELATION	2312	1660	4599	6949
SQUARE	222144	218
FOLD	2109	1548	1548	448146	448146	0	2202635
RAIL	34	62	327	1781
CORRELATION	2313	1662	4599	6949
SQUARE	222240	218
FOLD	2110	1549	1549	448434	448434	0	2204202
RAIL	34	63	327	1782
CORRELATION	2314	1662	4599	6949
SQUARE	222336	218
FOLD	2111	1550	1550	448725	448725	0	2205534
RAIL	17	79	327	1783
CORRELATION	2315	1664	4599	6949
SQUARE	222432	218
FOLD	2112	1551	1551	449013	449013	0	2206754
RAIL	17	80	327	1784
CORRELATION	2316	1666	4599	6949
SQUARE	222528	218
FOLD	2113	1552	1552	449304	449304	0	2207472
RAIL	33	63	327	1785
CORRELATION	2317	1666	4599	6949
SQUARE	222624	218
FOLD	2114	1553	1553	449592	449592	0	2208868
RAIL	33	64	327	1786
CORRELATION	2318	1668	4599	6949
SQUARE	222720	218
FOLD	2115	1554	1554	449883	449883	0	2209717
RAIL	18	78	327	1787
CORRELATION	2319	1668	4599	6949
SQUARE	222816	218
FOLD	2116	1555	1555	450171	450171	0	2210777
RAIL	18	79	327	1788
CORRELATION	2320	1670	4599	6949
SQUARE	222912	218
FOLD	2117	1556	1556	450462	450462	0	2211842
RAIL	32	64	327	1789
CORRELATION	2321	1672	4599	6949
SQUARE	223008	218
FOLD	2118	1557	1557	450750	450750	0	2212619
RAIL	32	65	327	1790
CORRELATION	2322	1672	4599	6949
SQUARE	223104	218
FOLD	2119	1558	1558	451041	451041	0	2213439
RAIL	19	77	327	1791
CORRELATION	2323	1672	4599	6949
SQUARE	223200	218
FOLD	2152	1559	1559	451329	451329	0	2246415
RAIL	45	52	343	1808
CORRELATION	2364	1712	4599	6949
SQUARE	227136	218
FOLD	2153	1560	1560	451620	451620	0	2248950
RAIL	44	52	343	1809
CORRELATION	2367	1716	4599	6949
SQUARE	227424	218
FOLD	2154	1561	1561	451908	451908	0	2249734
RAIL	44	53	343	1810
CORRELATION	2368	1716	4599	6949
SQUARE	227520	218
FOLD	2155	1562	1562	452199	452199	0	2251894
RAIL	43	53	343	1811
CORRELATION	2371	1719	4599	6949
SQUARE	227808	218
FOLD	2156	1563	1563	452487	452487	0	2252764
RAIL	43	54	343	1812
CORRELATION	2372	1719	4599	6949
SQUARE	227904	218
FOLD	2157	1564	1564	452778	452778	0	2255167
RAIL	42	54	343	1813
CORRELATION	2375	1724	4599	6949
SQUARE	228192	218
FOLD	2158	1565	1565	453066	453066	0	2255920
RAIL	42	55	343	1814
CORRELATION	2376	1724	4599	6949
SQUARE	228288	218
FOLD	2159	1566	1566	453357	453357	0	2257025
RAIL	9	87	343	1815
CORRELATION	2377	1726	4599	6949
SQUARE	228384	218
FOLD	2164	1567	1567	453645	453645	0	2260693
RAIL	10	87	345	1818
CORRELATION	2382	1730	4599	6949
SQUARE	228864	218
FOLD	2165	1568	1568	453936	453936	0	2261807
RAIL	40	56	345	1819
CORRELATION	2383	1731	4599	6949
SQUARE	228960	218
FOLD	2166	1569	1569	454224	454224	0	2263176
RAIL	40	57	345	1820
CORRELATION	2384	1733	4599	6949
SQUARE	229056	218
FOLD	2167	1570	1570	454515	454515	0	2264024
RAIL	11	85	345	1821
CORRELATION	2385	1733	4599	6949
SQUARE	229152	218
FOLD	2168	1571	1571	454803	454803	0	2265134
RAIL	11	86	345	1822
CORRELATION	2386	1736	4599	6949
SQUARE	229248	218
FOLD	2169	1572	1572	455094	455094	0	2265915
RAIL	39	57	345	1823
CORRELATION	2387	1736	4599	6949
SQUARE	229344	218
FOLD	2170	1573	1573	455382	455382	0	2266771
RAIL	39	58	345	1824
CORRELATION	2388	1736	4599	6949
SQUARE	229440	218
FOLD	2171	1574	1574	455673	455673	0	2268295
RAIL	12	84	345	1825
CORRELATION	2389	1739	4599	6949
SQUARE	229536	218
FOLD	2180	1575	1575	455961	455961	0	2275839
RAIL	14	83	349	1830
CORRELATION	2398	1747	4599	6949
SQUARE	230400	218
FOLD	2181	1576	1576	456252	456252	0	2276650
RAIL	36	60	349	1831
CORRELATION	2399	1747	4599	6949
SQUARE	230496	218
FOLD	2182	1577	1577	456540	456540	0	2277427
RAIL	36	61	349	1832
CORRELATION	2400	1747	4599	6949
SQUARE	230592	218
FOLD	2183	1578	1578	456831	456831	0	2278977
RAIL	15	81	349	1833
CORRELATION	2401	1750	4599	6949
SQUARE	230688	218
FOLD	2192	1579	1579	457119	457119	0	2288407
RAIL	17	80	353	1838
CORRELATION	2410	1759	4599	6949
SQUARE	231552	218
FOLD	2193	1580	1580	457410	457410	0	2289388
RAIL	33	63	353	1839
CORRELATION	2411	1759	4599	6949
SQUARE	231648	218
FOLD	2194	1581	1581	457698	457698	0	2291079
RAIL	33	64	353	1840
CORRELATION	2412	1762	4599	6949
SQUARE	231744	218
FOLD	2195	1582	1582	457989	457989	0	2293177
RAIL	18	78	353	1841
CORRELATION	2413	1764	4599	6949
SQUARE	231840	218
FOLD	2196	1583	1583	458277	458277	0	2295517
RAIL	18	79	353	1842
CORRELATION	2414	1764	4599	6949
SQUARE	231936	218
FOLD	2197	1584	1584	458568	458568	0	2297682
RAIL	32	64	353	1843
CORRELATION	2415	1764	4599	6949
SQUARE	232032	218
FOLD	2198	1585	1585	458856	458856	0	2299072
RAIL	32	65	353	1844
CORRELATION	2416	1764	4599	6949
SQUARE	232128	218
FOLD	2199	1586	1586	459147	459147	0	2300446
RAIL	19	77	353	1845
CORRELATION	2417	1764	4599	6949
SQUARE	232224	218
FOLD	2200	1587	1587	459435	459435	0	2303094
RAIL	19	78	353	1846
CORRELATION	2418	1766	4599	6949
SQUARE	232320	218
FOLD	2201	1588	1588	459726	459726	0	2304083
RAIL	31	65	353	1847
CORRELATION	2419	1767	4599	6949
SQUARE	232416	218
FOLD	2234	1589	1589	460014	460014	0	2341361
RAIL	44	53	369	1864
CORRELATION	2462	1811	4599	6949
SQUARE	236544	218
FOLD	2235	1590	1590	460305	460305	0	2343341
RAIL	43	53	369	1865
CORRELATION	2465	1813	4599	6949
SQUARE	236832	218
FOLD	2236	1591	1591	460593	460593	0	2344662
RAIL	43	54	369	1866
CORRELATION	2466	1815	4599	6949
SQUARE	236928	218
FOLD	2237	1592	1592	460884	460884	0	2347937
RAIL	42	54	369	1867
CORRELATION	2469	1818	4599	6949
SQUARE	237216	218
FOLD	2238	1593	1593	461172	461172	0	2348761
RAIL	42	55	369	1868
CORRELATION	2470	1818	4599	6949
SQUARE	237312	218
FOLD	2239	1594	1594	461463	461463	0	2349798
RAIL	9	87	369	1869
CORRELATION	2471	1818	4599	6949
SQUARE	237408	218
FOLD	2248	1595	1595	461751	461751	0	2359128
RAIL	11	86	373	1874
CORRELATION	2480	1830	4599	6949
SQUARE	238272	218
FOLD	2249	1596	1596	462042	462042	0	2359763
RAIL	39	57	373	1875
CORRELATION	2481	1830	4599	6949
SQUARE	238368	218
FOLD	2250	1597	1597	462330	462330	0	2360644
RAIL	39	58	373	1876
CORRELATION	2482	1830	4599	6949
SQUARE	238464	218
FOLD	2251	1598	1598	462621	462621	0	2362147
RAIL	12	84	373	1877
CORRELATION	2483	1832	4599	6949
SQUARE	238560	218
FOLD	2252	1599	1599	462909	462909	0	2362835
RAIL	12	85	373	1878
CORRELATION	2484	1832	4599	6949
SQUARE	238656	218
FOLD	2253	1600	1600	463200	463200	0	2363979
RAIL	38	58	373	1879
CORRELATION	2485	1835	4599	6949
SQUARE	238752	218
FOLD	2254	1601	1601	463488	463488	0	2365040
RAIL	38	59	373	1880
CORRELATION	2486	1835	4599	6949
SQUARE	238848	218
FOLD	2255	1602	1602	463779	463779	0	2365900
RAIL	13	83	373	1881
CORRELATION	2487	1835	4599	6949
SQUARE	238944	218
FOLD	2264	1603	1603	464067	464067	0	2374253
RAIL	15	82	377	1886
CORRELATION	2496	1845	4599	6949
SQUARE	239808	218
FOLD	2265	1604	1604	464358	464358	0	2375252
RAIL	35	61	377	1887
CORRELATION	2497	1845	4599	6949
SQUARE	239904	218
FOLD	2266	1605	1605	464646	464646	0	2376395
RAIL	35	62	377	1888
CORRELATION	2498	1847	4599	6949
SQUARE	240000	218
FOLD	2267	1606	1606	464937	464937	0	2377995
RAIL	16	80	377	1889
CORRELATION	2499	1849	4599	6949
SQUARE	240096	218
FOLD	2276	1607	1607	465225	465225	0	2386246
RAIL	18	79	381	1894
CORRELATION	2508	1858	4599	6949
SQUARE	240960	218
FOLD	2277	1608	1608	465516	465516	0	2387246
RAIL	32	64	381	1895
CORRELATION	2509	1858	4599	6949
SQUARE	241056	218
FOLD	2286	1609	1609	465804	465804	0	2395546
RAIL	30	67	385	1900
CORRELATION	2518	1867	4599	6949
SQUARE	241920	218
FOLD	2287	1610	1610	466095	466095	0	2396431
RAIL	21	75	385	1901
CORRELATION	2519	1867	4599	6949
SQUARE	242016	218
FOLD	2312	1611	1611	466383	466383	0	2423039
RAIL	45	52	397	1914
CORRELATION	2552	1899	4599	6949
SQUARE	245184	218
FOLD	2313	1612	1612	466674	466674	0	2426086
RAIL	44	52	397	1915
CORRELATION	2555	1905	4599	6949
SQUARE	245472	218
FOLD	2314	1613	1613	466962	466962	0	2426927
RAIL	44	53	397	1916
CORRELATION	2556	1905	4599	6949
SQUARE	245568	218
FOLD	2315	1614	1614	467253	467253	0	2429358
RAIL	43	53	397	1917
CORRELATION	2559	1909	4599	6949
SQUARE	245856	218
FOLD	2316	1615	1615	467541	467541	0	2430636
RAIL	43	54	397	1918
CORRELATION	2560	1910	4599	6949
SQUARE	245952	218
FOLD	2317	1616	1616	467832	467832	0	2432514
RAIL	42	54	397	1919
CORRELATION	2563	1912	4599	6949
SQUARE	246240	218
FOLD	2318	1617	1617	468120	468120	0	2433432
RAIL	42	55	397	1920
CORRELATION	2564	1912	4599	6949
SQUARE	246336	218
FOLD	2319	1618	1618	468411	468411	0	2434454
RAIL	9	87	397	1921
CORRELATION	2565	1912	4599	6949
SQUARE	246432	218
FOLD	2320	1619	1619	468699	468699	0	2435638
RAIL	9	88	397	1922
CORRELATION	2566	1914	4599	6949
SQUARE	246528	218
FOLD	2321	1620	1620	468990	468990	0	2436571
RAIL	41	55	397	1923
CORRELATION	2567	1916	4599	6949
SQUARE	246624	218
FOLD	2322	1621	1621	469278	469278	0	2437626
RAIL	41	56	397	1924
CORRELATION	2568	1917	4599	6949
SQUARE	246720	218
FOLD	2323	1622	1622	469569	469569	0	2438666
RAIL	10	86	397	1925
CORRELATION	2569	1919	4599	6949
SQUARE	246816	218
FOLD	2332	1623	1623	469857	469857	0	2446265
RAIL	12	85	401	1930
CORRELATION	2578	1927	4599	6949
SQUARE	247680	218
FOLD	2333	1624	1624	470148	470148	0	2447380
RAIL	38	58	401	1931
CORRELATION	2579	1929	4599	6949
SQUARE	247776	218
FOLD	2334	1625	1625	470436	470436	0	2448142
RAIL	38	59	401	1932
CORRELATION	2580	1929	4599	6949
SQUARE	247872	218
FOLD	2335	1626	1626	470727	470727	0	2449449
RAIL	13	83	401	1933
CORRELATION	2581	1932	4599	6949
SQUARE	247968	218
FOLD	2336	1627	1627	471015	471015	0	2450071
RAIL	13	84	401	1934
CORRELATION	2582	1932	4599	6949
SQUARE	248064	218
FOLD	2337	1628	1628	471306	471306	0	2451185
RAIL	37	59	401	1935
CORRELATION	2583	1934	4599	6949
SQUARE	248160	218
FOLD	2338	1629	1629	471594	471594	0	2451928
RAIL	37	60	401	1936
CORRELATION	2584	1934	4599	6949
SQUARE	248256	218
FOLD	2339	1630	1630	471885	471885	0	2453231
RAIL	14	82	401	1937
CORRELATION	2585	1937	4599	6949
SQUARE	248352	218
FOLD	2348	1631	1631	472173	472173	0	2465656
RAIL	16	81	405	1942
CORRELATION	2594	1944	4599	6949
SQUARE	249216	218
FOLD	2349	1632	1632	472464	472464	0	2466421
RAIL	34	62	405	1943
CORRELATION	2595	1944	4599	6949
SQUARE	249312	218
FOLD	2350	1633	1633	472752	472752	0	2467367
RAIL	34	63	405	1944
CORRELATION	2596	1944	4599	6949
SQUARE	249408	218
FOLD	2351	1634	1634	473043	473043	0	2468638
RAIL	17	79	405	1945
CORRELATION	2597	1946	4599	6949
SQUARE	249504	218
FOLD	2392	1635	1635	473331	473331	0	2516478
RAIL	45	52	425	1966
CORRELATION	2646	1993	4599	6949
SQUARE	254208	218
FOLD	2393	1636	1636	473622	473622	0	2519763
RAIL	44	52	425	1967
CORRELATION	2649	1997	4599	6949
SQUARE	254496	218
FOLD	2394	1637	1637	473910	473910	0	2521531
RAIL	44	53	425	1968
CORRELATION	2650	1999	4599	6949
SQUARE	254592	218
FOLD	2395	1638	1638	474201	474201	0	2523090
RAIL	43	53	425	1969
CORRELATION	2653	1999	4599	6949
SQUARE	254880	218
FOLD	2396	1639	1639	474489	474489	0	2523977
RAIL	43	54	425	1970
CORRELATION	2654	1999	4599	6949
SQUARE	254976	218
FOLD	2397	1640	1640	474780	474780	0	2526585
RAIL	42	54	425	1971
CORRELATION	2657	2003	4599	6949
SQUARE	255264	218
FOLD	2398	1641	1641	475068	475068	0	2527788
RAIL	42	55	425	1972
CORRELATION	2658	2005	4599	6949
SQUARE	255360	218
FOLD	2399	1642	1642	475359	475359	0	2528682
RAIL	9	87	425	1973
CORRELATION	2659	2007	4599	6949
SQUARE	255456	218
FOLD	2404	1643	1643	475647	475647	0	2532692
RAIL	10	87	427	1976
CORRELATION	2664	2011	4599	6949
SQUARE	255936	218
FOLD	2405	1644	1644	475938	475938	0	2533376
RAIL	40	56	427	1977
CORRELATION	2665	2011	4599	6949
SQUARE	256032	218
FOLD	2406	1645	1645	476226	476226	0	2534419
RAIL	40	57	427	1978
CORRELATION	2666	2012	4599	6949
SQUARE	256128	218
FOLD	2407	1646	1646	476517	476517	0	2535607
RAIL	11	85	427	1979
CORRELATION	2667	2014	4599	6949
SQUARE	256224	218
FOLD	2416	1647	1647	476805	476805	0	2543388
RAIL	13	84	431	1984
CORRELATION	2676	2024	4599	6949
SQUARE	257088	218
FOLD	2417	1648	1648	477096	477096	0	2544396
RAIL	37	59	431	1985
CORRELATION	2677	2026	4599	6949
SQUARE	257184	218
FOLD	2418	1649	1649	477384	477384	0	2545261
RAIL	37	60	431	1986
CORRELATION	2678	2026	4599	6949
SQUARE	257280	218
FOLD	2419	1650	1650	477675	477675	0	2546288
RAIL	14	82	431	1987
CORRELATION	2679	2026	4599	6949
SQUARE	257376	218
FOLD	2420	1651	1651	477963	477963	0	2546992
RAIL	14	83	431	1988
CORRELATION	2680	2026	4599	6949
SQUARE	257472	218
FOLD	2421	1652	1652	478254	478254	0	2547725
RAIL	36	60	431	1989
CORRELATION	2681	2026	4599	6949
SQUARE	257568	218
FOLD	2422	1653	1653	478542	478542	0	2548670
RAIL	36	61	431	1990
CORRELATION	2682	2026	4599	6949
SQUARE	257664	218
FOLD	2423	1654	1654	478833	478833	0	2549809
RAIL	15	81	431	1991
CORRELATION	2683	2027	4599	6949
SQUARE	257760	218
FOLD	2466	1649	1654	477384	478833	0	2585329
RAIL	48	49	455	2011
CORRELATION	2728	2069	4599	6949
SQUARE	262144	218
FOLD	2472	1655	1655	479121	479121	0	2595524
RAIL	45	52	455	2016
CORRELATION	2740	2083	4599	6949
SQUARE	263232	218
FOLD	2473	1656	1656	479412	479412	0	2598074
RAIL	44	52	455	2017
CORRELATION	2743	2088	4599	6949
SQUARE	263520	218
FOLD	2474	1657	1657	479700	479700	0	2598847
RAIL	44	53	455	2018
CORRELATION	2744	2088	4599	6949
SQUARE	263616	218
FOLD	2475	1658	1658	479991	479991	0	2600960
RAIL	43	53	455	2019
CORRELATION	2747	2090	4599	6949
SQUARE	263904	218
FOLD	2476	1659	1659	480279	480279	0	2602018
RAIL	43	54	455	2020
CORRELATION	2748	2092	4599	6949
SQUARE	264000	218
FOLD	2477	1660	1660	480570	480570	0	2604648
RAIL	42	54	455	2021
CORRELATION	2751	2095	4599	6949
SQUARE	264288	218
FOLD	2478	1661	1661	480858	480858	0	2605745
RAIL	42	55	455	2022
CORRELATION	2752	2095	4599	6949
SQUARE	264384	218
FOLD	2479	1662	1662	481149	481149	0	2607107
RAIL	9	87	455	2023
CORRELATION	2753	2097	4599	6949
SQUARE	264480	218
FOLD	2488	1663	1663	481437	481437	0	2615140
RAIL	11	86	459	2028
CORRELATION	2762	2106	4599	6949
SQUARE	265344	218
FOLD	2489	1664	1664	481728	481728	0	2616677
RAIL	39	57	459	2029
CORRELATION	2763	2109	4599	6949
SQUARE	265440	218
FOLD	2490	1665	1665	482016	482016	0	2617517
RAIL	39	58	459	2030
CORRELATION	2764	2109	4599	6949
SQUARE	265536	218
FOLD	2491	1666	1666	482307	482307	0	2618397
RAIL	12	84	459	2031
CORRELATION	2765	2109	4599	6949
SQUARE	265632	218
FOLD	2500	1667	1667	482595	482595	0	2627920
RAIL	14	83	463	2036
CORRELATION	2774	2117	4599	6949
SQUARE	266496	218
FOLD	2501	1668	1668	482886	482886	0	2628661
RAIL	36	60	463	2037
CORRELATION	2775	2117	4599	6949
SQUARE	266592	218
FOLD	2502	1669	1669	483174	483174	0	2629938
RAIL	36	61	463	2038
CORRELATION	2776	2120	4599	6949
SQUARE	266688	218
FOLD	2503	1670	1670	483465	483465	0	2630910
RAIL	15	81	463	2039
CORRELATION	2777	2121	4599	6949
SQUARE	266784	218
FOLD	2504	1671	1671	483753	483753	0	2631753
RAIL	15	82	463	2040
CORRELATION	2778	2123	4599	6949
SQUARE	266880	218
FOLD	2505	1672	1672	484044	484044	0	2632477
RAIL	35	61	463	2041
CORRELATION	2779	2123	4599	6949
SQUARE	266976	218
FOLD	2554	1673	1673	484332	484332	0	2678240
RAIL	44	53	487	2066
CORRELATION	2838	2179	4599	6949
SQUARE	272640	218
FOLD	2555	1674	1674	484623	484623	0	2681231
RAIL	43	53	487	2067
CORRELATION	2841	2184	4599	6949
SQUARE	272928	218
FOLD	2556	1675	1675	484911	484911	0	2682518
RAIL	43	54	487	2068
CORRELATION	2842	2186	4599	6949
SQUARE	273024	218
FOLD	2557	1676	1676	485202	485202	0	2684774
RAIL	42	54	487	2069
CORRELATION	2845	2189	4599	6949
SQUARE	273312	218
FOLD	2558	1677	1677	485490	485490	0	2685580
RAIL	42	55	487	2070
CORRELATION	2846	2189	4599	6949
SQUARE	273408	218
FOLD	2559	1678	1678	485781	485781	0	2687811
RAIL	41	55	487	2071
CORRELATION	2849	2193	4599	6949
SQUARE	273696	218
FOLD	2560	1679	1679	486069	486069	0	2688585
RAIL	41	56	487	2072
CORRELATION	2850	2193	4599	6949
SQUARE	273792	218
FOLD	2561	1680	1680	486360	486360	0	2689416
RAIL	10	86	487	2073
CORRELATION	2851	2193	4599	6949
SQUARE	273888	218
FOLD	2570	1681	1681	486648	486648	0	2697805
RAIL	12	85	491	2078
CORRELATION	2860	2204	4599	6949
SQUARE	274752	218
FOLD	2571	1682	1682	486939	486939	0	2698985
RAIL	38	58	491	2079
CORRELATION	2861	2206	4599	6949
SQUARE	274848	218
FOLD	2572	1683	1683	487227	487227	0	2700309
RAIL	38	59	491	2080
CORRELATION	2862	2207	4599	6949
SQUARE	274944	218
FOLD	2573	1684	1684	487518	487518	0	2701373
RAIL	13	83	491	2081
CORRELATION	2863	2209	4599	6949
SQUARE	275040	218
FOLD	2630	1685	1685	487806	487806	0	2761388
RAIL	45	52	519	2110
CORRELATION	2928	2273	4599	6949
SQUARE	281280	218
FOLD	2631	1686	1686	488097	488097	0	2763261
RAIL	44	52	519	2111
CORRELATION	2931	2275	4599	6949
SQUARE	281568	218
FOLD	2632	1687	1687	488385	488385	0	2764128
RAIL	44	53	519	2112
CORRELATION	2932	2275	4599	6949
SQUARE	281664	218
FOLD	2633	1688	1688	488676	488676	0	2766406
RAIL	43	53	519	2113
CORRELATION	2935	2280	4599	6949
SQUARE	281952	218
FOLD	2634	1689	1689	488964	488964	0	2767670
RAIL	43	54	519	2114
CORRELATION	2936	2282	4599	6949
SQUARE	282048	218
FOLD	2635	1690	1690	489255	489255	0	2769668
RAIL	42	54	519	2115
CORRELATION	2939	2284	4599	6949
SQUARE	282336	218
FOLD	2636	1691	1691	489543	489543	0	2770642
RAIL	42	55	519	2116
CORRELATION	2940	2284	4599	6949
SQUARE	282432	218
FOLD	2637	1692	1692	489834	489834	0	2773714
RAIL	41	55	519	2117
CORRELATION	2943	2287	4599	6949
SQUARE	282720	218
FOLD	2638	1693	1693	490122	490122	0	2774860
RAIL	41	56	519	2118
CORRELATION	2944	2287	4599	6949
SQUARE	282816	218
FOLD	2639	1694	1694	490413	490413	0	2776894
RAIL	10	86	519	2119
CORRELATION	2945	2290	4599	6949
SQUARE	282912	218
FOLD	2640	1695	1695	490701	490701	0	2777626
RAIL	10	87	519	2120
CORRELATION	2946	2290	4599	6949
SQUARE	283008	218
FOLD	2641	1696	1696	490992	490992	0	2779107
RAIL	40	56	519	2121
CORRELATION	2947	2292	4599	6949
SQUARE	283104	218
FOLD	2642	1697	1697	491280	491280	0	2780372
RAIL	40	57	519	2122
CORRELATION	2948	2294	4599	6949
SQUARE	283200	218
FOLD	2643	1698	1698	491571	491571	0	2781426
RAIL	11	85	519	2123
CORRELATION	2949	2294	4599	6949
SQUARE	283296	218
FOLD	2652	1699	1699	491859	491859	0	2788601
RAIL	13	84	523	2128
CORRELATION	2958	2303	4599	6949
SQUARE	284160	218
FOLD	2653	1700	1700	492150	492150	0	2789325
RAIL	37	59	523	2129
CORRELATION	2959	2303	4599	6949
SQUARE	284256	218
FOLD	2710	1701	1701	492438	492438	0	2845481
RAIL	44	53	551	2158
CORRELATION	3026	2366	4599	6949
SQUARE	290688	218
FOLD	2711	1702	1702	492729	492729	0	2848361
RAIL	43	53	551	2159
CORRELATION	3029	2370	4599	6949
SQUARE	290976	218
FOLD	2712	1703	1703	493017	493017	0	2849940
RAIL	43	54	551	2160
CORRELATION	3030	2372	4599	6949
SQUARE	291072	218
FOLD	2713	1704	1704	493308	493308	0	2852321
RAIL	42	54	551	2161
CORRELATION	3033	2374	4599	6949
SQUARE	291360	218
FOLD	2714	1705	1705	493596	493596	0	2853778
RAIL	42	55	551	2162
CORRELATION	3034	2376	4599	6949
SQUARE	291456	218
FOLD	2715	1706	1706	493887	493887	0	2855259
RAIL	41	55	551	2163
CORRELATION	3037	2376	4599	6949
SQUARE	291744	218
FOLD	2716	1707	1707	494175	494175	0	2856132
RAIL	41	56	551	2164
CORRELATION	3038	2376	4599	6949
SQUARE	291840	218
FOLD	2717	1708	1708	494466	494466	0	2857434
RAIL	10	86	551	2165
CORRELATION	3039	2378	4599	6949
SQUARE	291936	218
FOLD	2718	1709	1709	494754	494754	0	2858530
RAIL	10	87	551	2166
CORRELATION	3040	2380	4599	6949
SQUARE	292032	218
FOLD	2719	1710	1710	495045	495045	0	2859535
RAIL	40	56	551	2167
CORRELATION	3041	2382	4599	6949
SQUARE	292128	218
FOLD	2720	1711	1711	495333	495333	0	2862030
RAIL	40	57	551	2168
CORRELATION	3042	2384	4599	6949
SQUARE	292224	218
FOLD	2721	1712	1712	495624	495624	0	2862826
RAIL	11	85	551	2169
CORRELATION	3043	2384	4599	6949
SQUARE	292320	218
FOLD	2722	1713	1713	495912	495912	0	2863507
RAIL	11	86	551	2170
CORRELATION	3044	2384	4599	6949
SQUARE	292416	218
FOLD	2723	1714	1714	496203	496203	0	2864203
RAIL	39	57	551	2171
CORRELATION	3045	2384	4599	6949
SQUARE	292512	218
FOLD	2724	1715	1715	496491	496491	0	2865386
RAIL	39	58	551	2172
CORRELATION	3046	2387	4599	6949
SQUARE	292608	218
FOLD	2725	1716	1716	496782	496782	0	2866311
RAIL	12	84	551	2173
CORRELATION	3047	2388	4599	6949
SQUARE	292704	218
FOLD	2790	1717	1717	497070	497070	0	2935295
RAIL	43	54	583	2206
CORRELATION	3124	2463	4599	6949
SQUARE	300096	221
FOLD	2791	1718	1718	497361	497361	0	2937958
RAIL	42	54	583	2207
CORRELATION	3127	2465	4599	6949
SQUARE	300384	221
FOLD	2792	1719	1719	497649	497649	0	2939103
RAIL	42	55	583	2208
CORRELATION	3128	2467	4599	6949
SQUARE	300480	221
FOLD	2793	1720	1720	497940	497940	0	2941485
RAIL	41	55	583	2209
CORRELATION	3131	2470	4599	6949
SQUARE	300768	221
FOLD	2794	1721	1721	498228	498228	0	2943520
RAIL	41	56	583	2210
CORRELATION	3132	2470	4599	6949
SQUARE	300864	221
FOLD	2795	1722	1722	498519	498519	0	2944860
RAIL	10	86	583	2211
CORRELATION	3133	2472	4599	6949
SQUARE	300960	221
FOLD	2796	1723	1723	498807	498807	0	2945860
RAIL	10	87	583	2212
CORRELATION	3134	2474	4599	6949
SQUARE	301056	221
FOLD	2797	1724	1724	499098	499098	0	2946638
RAIL	40	56	583	2213
CORRELATION	3135	2474	4599	6949
SQUARE	301152	221
FOLD	2798	1725	1725	499386	499386	0	2947735
RAIL	40	57	583	2214
CORRELATION	3136	2476	4599	6949
SQUARE	301248	221
FOLD	2799	1726	1726	499677	499677	0	2948624
RAIL	11	85	583	2215
CORRELATION	3137	2476	4599	6949
SQUARE	301344	221
FOLD	2800	1727	1727	499965	499965	0	2949314
RAIL	11	86	583	2216
CORRELATION	3138	2476	4599	6949
SQUARE	301440	221
FOLD	2801	1728	1728	500256	500256	0	2950136
RAIL	39	57	583	2217
CORRELATION	3139	2476	4599	6949
SQUARE	301536	221
FOLD	2866	1729	1729	500544	500544	0	3023589
RAIL	44	53	615	2250
CORRELATION	3214	2548	4599	6949
SQUARE	308736	221
FOLD	2867	1730	1730	500835	500835	0	3026035
RAIL	43	53	615	2251
CORRELATION	3217	2551	4599	6949
SQUARE	309024	221
FOLD	2868	1731	1731	501123	501123	0	3028348
RAIL	43	54	615	2252
CORRELATION	3218	2553	4599	6949
SQUARE	309120	221
FOLD	2869	1732	1732	501414	501414	0	3032089
RAIL	42	54	615	2253
CORRELATION	3221	2555	4599	6949
SQUARE	309408	221
FOLD	2870	1733	1733	501702	501702	0	3033775
RAIL	42	55	615	2254
CORRELATION	3222	2557	4599	6949
SQUARE	309504	221
FOLD	2871	1734	1734	501993	501993	0	3037263
RAIL	41	55	615	2255
CORRELATION	3225	2561	4599	6949
SQUARE	309792	221
FOLD	2872	1735	1735	502281	502281	0	3039697
RAIL	41	56	615	2256
CORRELATION	3226	2563	4599	6949
SQUARE	309888	221
FOLD	2873	1736	1736	502572	502572	0	3040507
RAIL	10	86	615	2257
CORRELATION	3227	2563	4599	6949
SQUARE	309984	221
FOLD	2874	1737	1737	502860	502860	0	3041191
RAIL	10	87	615	2258
CORRELATION	3228	2563	4599	6949
SQUARE	310080	221
FOLD	2875	1738	1738	503151	503151	0	3041985
RAIL	40	56	615	2259
CORRELATION	3229	2563	4599	6949
SQUARE	310176	221
FOLD	2884	1739	1739	503439	503439	0	3050185
RAIL	38	59	619	2264
CORRELATION	3238	2571	4599	6949
SQUARE	311040	221
FOLD	2885	1740	1740	503730	503730	0	3050962
RAIL	13	83	619	2265
CORRELATION	3239	2571	4599	6949
SQUARE	311136	221
FOLD	2886	1741	1741	504018	504018	0	3052775
RAIL	13	84	619	2266
CORRELATION	3240	2573	4599	6949
SQUARE	311232	221
FOLD	2887	1742	1742	504309	504309	0	3054119
RAIL	37	59	619	2267
CORRELATION	3241	2575	4599	6949
SQUARE	311328	221
FOLD	2944	1743	1743	504597	504597	0	3129870
RAIL	44	53	647	2296
CORRELATION	3308	2644	4599	6949
SQUARE	317760	221
FOLD	2945	1744	1744	504888	504888	0	3132618
RAIL	43	53	647	2297
CORRELATION	3311	2646	4599	6949
SQUARE	318048	221
FOLD	2946	1745	1745	505176	505176	0	3134948
RAIL	43	54	647	2298
CORRELATION	3312	2648	4599	6949
SQUARE	318144	221
FOLD	2947	1746	1746	505467	505467	0	3138729
RAIL	42	54	647	2299
CORRELATION	3315	2652	4599	6949
SQUARE	318432	221
FOLD	2948	1747	1747	505755	505755	0	3139676
RAIL	42	55	647	2300
CORRELATION	3316	2652	4599	6949
SQUARE	318528	221
FOLD	2949	1748	1748	506046	506046	0	3142451
RAIL	41	55	647	2301
CORRELATION	3319	2654	4599	6949
SQUARE	318816	221
FOLD	2970	1749	1749	506334	506334	0	3163848
RAIL	36	61	657	2312
CORRELATION	3340	2672	4599	6949
SQUARE	320832	221
FOLD	2971	1750	1750	506625	506625	0	3165270
RAIL	15	81	657	2313
CORRELATION	3341	2674	4599	6949
SQUARE	320928	221
FOLD	3020	1751	1751	506913	506913	0	3216232
RAIL	45	52	681	2338
CORRELATION	3398	2729	4599	6949
SQUARE	326400	221
FOLD	3021	1752	1752	507204	507204	0	3218918
RAIL	44	52	681	2339
CORRELATION	3401	2732	4599	6949
SQUARE	326688	221
FOLD	3022	1753	1753	507492	507492	0	3219835
RAIL	44	53	681	2340
CORRELATION	3402	2732	4599	6949
SQUARE	326784	221
FOLD	3023	1754	1754	507783	507783	0	3222691
RAIL	43	53	681	2341
CORRELATION	3405	2736	4599	6949
SQUARE	327072	221
FOLD	3024	1755	1755	508071	508071	0	3224705
RAIL	43	54	681	2342
CORRELATION	3406	2738	4599	6949
SQUARE	327168	221
FOLD	3025	1756	1756	508362	508362	0	3227277
RAIL	42	54	681	2343
CORRELATION	3409	2741	4599	6949
SQUARE	327456	221
FOLD	3050	1757	1757	508650	508650	0	3252397
RAIL	15	82	693	2356
CORRELATION	3436	2767	4599	6949
SQUARE	330048	221
FOLD	3051	1758	1758	508941	508941	0	3253142
RAIL	35	61	693	2357
CORRELATION	3437	2767	4599	6949
SQUARE	330144	221
FOLD	3100	1759	1759	509229	509229	0	3308233
RAIL	44	53	717	2382
CORRELATION	3496	2826	4599	6949
SQUARE	335808	221
FOLD	3101	1760	1760	509520	509520	0	3310790
RAIL	43	53	717	2383
CORRELATION	3499	2830	4599	6949
SQUARE	336096	221
FOLD	3134	1761	1761	509808	509808	0	3346611
RAIL	34	63	733	2400
CORRELATION	3536	2867	4599	6949
SQUARE	339648	221
FOLD	3135	1762	1762	510099	510099	0	3347735
RAIL	17	79	733	2401
CORRELATION	3537	2867	4599	6949
SQUARE	339744	221
FOLD	3176	1763	1763	510387	510387	0	3398861
RAIL	45	52	753	2422
CORRELATION	3586	2913	4599	6949
SQUARE	344448	221
FOLD	3177	1764	1764	510678	510678	0	3402923
RAIL	44	52	753	2423
CORRELATION	3589	2918	4599	6949
SQUARE	344736	221
FOLD	3597	1740	1764	503730	510678	0	3845343
RAIL	35	61	975	2622
CORRELATION	4096	3308	4599	6949
SQUARE	393408	221
FOLD	4096	1715	1764	496497	510678	0	4348069
RAIL	23	74	1237	2858
CORRELATION	4690	3863	4599	6949
SQUARE	450432	221
FOLD	4732	1699	1764	491859	510678	0	5038217
RAIL	47	50	1563	3169
CORRELATION	5459	4500	4599	6949
SQUARE	524288	221
