INPUT	248634134622378624265272678886859666411	128	62	644
FRAME	1	0	1	1	31
FOLD	1	1	1	384	384	0	57
RAIL	2	126	0	0
FOLD	2	1	1	387	387	0	95
RAIL	2	127	1	0
FOLD	4	3	3	1155	1155	0	729
RAIL	64	65	2	1
FOLD	5	5	5	1926	1926	0	1381
RAIL	3	125	2	2
FOLD	8	7	7	2697	2697	0	2134
RAIL	63	66	4	3
FOLD	9	9	9	3468	3468	0	2728
RAIL	4	124	4	4
FOLD	12	11	11	4239	4239	0	3609
RAIL	62	67	6	5
FOLD	13	13	13	5010	5010	0	4189
RAIL	5	123	6	6
FOLD	14	15	15	5781	5781	0	4821
RAIL	5	124	6	7
FOLD	15	17	17	6552	6552	0	5382
RAIL	61	67	6	8
FOLD	16	19	19	7323	7323	0	5957
RAIL	61	68	6	9
FOLD	17	21	21	8094	8094	0	6516
RAIL	6	122	6	10
FOLD	18	23	23	8865	8865	0	7055
RAIL	6	123	6	11
FOLD	19	25	25	9636	9636	0	7562
RAIL	60	68	6	12
FOLD	20	27	27	10407	10407	0	8131
RAIL	60	69	6	13
FOLD	21	29	29	11178	11178	0	8737
RAIL	7	121	6	14
FOLD	22	31	31	11949	11949	0	9231
RAIL	7	122	6	15
FOLD	23	33	33	12720	12720	0	9721
RAIL	59	69	6	16
FOLD	24	35	35	13491	13491	0	10292
RAIL	59	70	6	17
FOLD	25	37	37	14262	14262	0	10863
RAIL	8	120	6	18
FOLD	26	39	39	15033	15033	0	11349
RAIL	8	121	6	19
FOLD	27	41	41	15804	15804	0	11899
RAIL	58	70	6	20
FOLD	28	43	43	16575	16575	0	12439
RAIL	58	71	6	21
FOLD	29	45	45	17346	17346	0	13124
RAIL	9	119	6	22
FOLD	30	47	47	18117	18117	0	13545
RAIL	9	120	6	23
FOLD	31	49	49	18888	18888	0	14018
RAIL	57	71	6	24
FOLD	32	51	51	19659	19659	0	14519
RAIL	57	72	6	25
FOLD	33	53	53	20430	20430	0	15125
RAIL	10	118	6	26
FOLD	34	55	55	21201	21201	0	15620
RAIL	10	119	6	27
FOLD	35	57	57	21972	21972	0	16130
RAIL	56	72	6	28
FOLD	36	59	59	22743	22743	0	16707
RAIL	56	73	6	29
FOLD	37	61	61	23514	23514	0	17244
RAIL	11	117	6	30
FOLD	38	63	63	24285	24285	0	17667
RAIL	11	118	6	31
FOLD	39	65	65	25056	25056	0	18160
RAIL	55	73	6	32
FOLD	40	67	67	25827	25827	0	18748
RAIL	55	74	6	33
FOLD	41	69	69	26598	26598	0	19453
RAIL	12	116	6	34
FOLD	42	71	71	27369	27369	0	19895
RAIL	12	117	6	35
FOLD	43	73	73	28140	28140	0	20365
RAIL	54	74	6	36
FOLD	44	75	75	28911	28911	0	21123
RAIL	54	75	6	37
FOLD	45	77	77	29682	29682	0	21683
RAIL	13	115	6	38
FOLD	46	79	79	30453	30453	0	22114
RAIL	13	116	6	39
FOLD	47	81	81	31224	31224	0	22600
RAIL	53	75	6	40
FOLD	48	83	83	31995	31995	0	24170
RAIL	53	76	6	41
FOLD	49	85	85	32766	32766	0	24822
RAIL	14	114	6	42
FOLD	50	87	87	33537	33537	0	25300
RAIL	14	115	6	43
FOLD	51	89	89	34308	34308	0	25766
RAIL	52	76	6	44
FOLD	52	91	91	35079	35079	0	26351
RAIL	52	77	6	45
FOLD	53	93	93	35850	35850	0	26953
RAIL	15	113	6	46
FOLD	54	95	95	36621	36621	0	27435
RAIL	15	114	6	47
FOLD	55	97	97	37392	37392	0	27928
RAIL	51	77	6	48
FOLD	56	99	99	38163	38163	0	28408
RAIL	51	78	6	49
FOLD	57	101	101	38934	38934	0	29016
RAIL	16	112	6	50
FOLD	58	103	103	39705	39705	0	29486
RAIL	16	113	6	51
FOLD	59	105	105	40476	40476	0	29943
RAIL	50	78	6	52
FOLD	60	107	107	41247	41247	0	30516
RAIL	50	79	6	53
FOLD	61	109	109	42018	42018	0	31061
RAIL	17	111	6	54
FOLD	62	111	111	42789	42789	0	31547
RAIL	17	112	6	55
FOLD	63	113	113	43560	43560	0	32065
RAIL	49	79	6	56
FOLD	64	115	115	44331	44331	0	32673
RAIL	49	80	6	57
FOLD	65	117	117	45102	45102	0	33283
RAIL	18	110	6	58
FOLD	66	119	119	45873	45873	0	33758
RAIL	18	111	6	59
FOLD	67	121	121	46644	46644	0	34271
RAIL	48	80	6	60
FOLD	68	123	123	47415	47415	0	34777
RAIL	48	81	6	61
FOLD	69	125	125	48186	48186	0	35304
RAIL	19	109	6	62
FOLD	70	127	127	48957	48957	0	35784
RAIL	19	110	6	63
FOLD	71	129	129	49728	49728	0	36393
RAIL	47	81	6	64
FOLD	72	131	131	50499	50499	0	37053
RAIL	47	82	6	65
FOLD	73	133	133	51270	51270	0	37656
RAIL	20	108	6	66
FOLD	74	135	135	52041	52041	0	38133
RAIL	20	109	6	67
FOLD	75	137	137	52812	52812	0	38652
RAIL	46	82	6	68
FOLD	76	139	139	53583	53583	0	40126
RAIL	46	83	6	69
FOLD	77	141	141	54354	54354	0	40673
RAIL	21	107	6	70
FOLD	78	143	143	55125	55125	0	41153
RAIL	21	108	6	71
FOLD	79	145	145	55896	55896	0	41668
RAIL	45	83	6	72
FOLD	80	147	147	56667	56667	0	42165
RAIL	45	84	6	73
FOLD	81	149	149	57438	57438	0	42681
RAIL	22	106	6	74
FOLD	82	151	151	58209	58209	0	43212
RAIL	22	107	6	75
FOLD	83	153	153	58980	58980	0	43805
RAIL	44	84	6	76
FOLD	84	155	155	59751	59751	0	44332
RAIL	44	85	6	77
FOLD	85	157	157	60522	60522	0	45015
RAIL	23	105	6	78
FOLD	86	159	159	61293	61293	0	45579
RAIL	23	106	6	79
FOLD	87	161	161	62064	62064	0	46136
RAIL	43	85	6	80
FOLD	88	163	163	62835	62835	0	46681
RAIL	43	86	6	81
FOLD	89	165	165	63606	63606	0	47239
RAIL	24	104	6	82
FOLD	90	167	167	64377	64377	0	47735
RAIL	24	105	6	83
FOLD	91	169	169	65148	65148	0	48309
RAIL	42	86	6	84
FOLD	92	171	171	65919	65919	0	48913
RAIL	42	87	6	85
FOLD	93	173	173	66690	66690	0	49854
RAIL	25	103	6	86
FOLD	94	175	175	67461	67461	0	50399
RAIL	25	104	6	87
FOLD	95	177	177	68232	68232	0	51032
RAIL	41	87	6	88
FOLD	96	179	179	69003	69003	0	51567
RAIL	41	88	6	89
FOLD	97	181	181	69774	69774	0	52191
RAIL	26	102	6	90
FOLD	98	183	183	70545	70545	0	52793
RAIL	26	103	6	91
FOLD	99	185	185	71316	71316	0	53396
RAIL	40	88	6	92
FOLD	100	187	187	72087	72087	0	53922
RAIL	40	89	6	93
FOLD	101	189	189	72858	72858	0	54482
RAIL	27	101	6	94
FOLD	102	191	191	73629	73629	0	54940
RAIL	27	102	6	95
FOLD	103	193	193	74400	74400	0	55587
RAIL	39	89	6	96
FOLD	104	195	195	75171	75171	0	57276
RAIL	39	90	6	97
FOLD	105	197	197	75942	75942	0	57889
RAIL	28	100	6	98
FOLD	106	199	199	76713	76713	0	58402
RAIL	28	101	6	99
FOLD	107	201	201	77484	77484	0	59020
RAIL	38	90	6	100
FOLD	108	203	203	78255	78255	0	59582
RAIL	38	91	6	101
FOLD	109	205	205	79026	79026	0	60089
RAIL	29	99	6	102
FOLD	110	207	207	79797	79797	0	60615
RAIL	29	100	6	103
FOLD	111	209	209	80568	80568	0	61118
RAIL	37	91	6	104
FOLD	112	211	211	81339	81339	0	61575
RAIL	37	92	6	105
FOLD	113	213	213	82110	82110	0	62084
RAIL	30	98	6	106
FOLD	114	215	215	82881	82881	0	62552
RAIL	30	99	6	107
FOLD	115	217	217	83652	83652	0	63097
RAIL	36	92	6	108
FOLD	116	219	219	84423	84423	0	63620
RAIL	36	93	6	109
FOLD	117	221	221	85194	85194	0	64460
RAIL	31	97	6	110
FOLD	118	223	223	85965	85965	0	65049
RAIL	31	98	6	111
FOLD	119	225	225	86736	86736	0	65744
RAIL	35	93	6	112
FOLD	120	227	227	87507	87507	0	66197
RAIL	35	94	6	113
FOLD	121	229	229	88278	88278	0	66678
RAIL	32	96	6	114
FOLD	122	231	231	89049	89049	0	67111
RAIL	32	97	6	115
FOLD	123	233	233	89820	89820	0	67640
RAIL	34	94	6	116
FOLD	124	235	235	90591	90591	0	68115
RAIL	34	95	6	117
FOLD	125	237	237	91362	91362	0	68805
RAIL	33	95	6	118
FOLD	126	239	239	92133	92133	0	69308
RAIL	33	96	6	119
FOLD	127	240	240	92520	92520	0	69822
RAIL	64	64	6	120
FOLD	128	241	241	92904	92904	0	70443
RAIL	64	64	6	121
FOLD	129	242	242	93288	93288	0	70965
RAIL	64	64	6	122
FOLD	130	243	243	93672	93672	0	71479
RAIL	64	64	6	123
FOLD	131	244	244	94056	94056	0	71995
RAIL	64	65	6	124
FOLD	132	245	245	94443	94443	0	72568
RAIL	64	64	6	125
FOLD	133	246	246	94827	94827	0	73147
RAIL	64	64	6	126
FOLD	134	247	247	95211	95211	0	73676
RAIL	64	64	6	127
FOLD	135	248	248	95595	95595	0	74248
RAIL	63	65	6	128
FOLD	136	249	249	95979	95979	0	74764
RAIL	64	64	6	129
FOLD	137	250	250	96363	96363	0	75290
RAIL	63	66	6	130
FOLD	138	251	251	96750	96750	0	75817
RAIL	64	64	6	131
FOLD	139	252	252	97134	97134	0	76426
RAIL	64	64	6	132
FOLD	140	253	253	97518	97518	0	76978
RAIL	64	64	6	133
FOLD	141	254	254	97902	97902	0	77480
RAIL	62	66	6	134
FOLD	142	255	255	98286	98286	0	78090
RAIL	64	64	6	135
FOLD	143	256	256	98670	98670	0	78608
RAIL	62	67	6	136
FOLD	144	257	257	99057	99057	0	79135
RAIL	64	64	6	137
FOLD	145	258	258	99441	99441	0	79634
RAIL	5	123	6	138
FOLD	150	259	259	99822	99822	0	81716
RAIL	64	64	8	141
FOLD	151	260	260	100206	100206	0	82307
RAIL	61	68	8	142
FOLD	152	261	261	100593	100593	0	82838
RAIL	64	64	8	143
FOLD	153	262	262	100977	100977	0	83368
RAIL	6	122	8	144
FOLD	158	263	263	101358	101358	0	85359
RAIL	64	64	10	147
FOLD	159	264	264	101742	101742	0	85946
RAIL	60	69	10	148
FOLD	160	265	265	102129	102129	0	86520
RAIL	64	64	10	149
FOLD	161	266	266	102513	102513	0	87112
RAIL	7	121	10	150
FOLD	162	267	267	102897	102897	0	87589
RAIL	64	64	10	151
FOLD	163	268	268	103281	103281	0	88152
RAIL	7	122	10	152
FOLD	164	269	269	103668	103668	0	88654
RAIL	64	64	10	153
FOLD	165	270	270	104052	104052	0	89220
RAIL	59	69	10	154
FOLD	166	271	271	104436	104436	0	89762
RAIL	64	64	10	155
FOLD	167	272	272	104820	104820	0	90346
RAIL	59	70	10	156
FOLD	168	273	273	105207	105207	0	90923
RAIL	64	64	10	157
FOLD	169	274	274	105591	105591	0	91571
RAIL	8	120	10	158
FOLD	170	275	275	105975	105975	0	92044
RAIL	64	64	10	159
FOLD	171	276	276	106359	106359	0	92744
RAIL	8	121	10	160
FOLD	172	277	277	106746	106746	0	93195
RAIL	64	64	10	161
FOLD	173	278	278	107130	107130	0	93816
RAIL	58	70	10	162
FOLD	174	279	279	107514	107514	0	94433
RAIL	64	64	10	163
FOLD	175	280	280	107898	107898	0	95137
RAIL	58	71	10	164
FOLD	176	281	281	108285	108285	0	95772
RAIL	64	64	10	165
FOLD	177	282	282	108669	108669	0	96399
RAIL	9	119	10	166
FOLD	178	283	283	109053	109053	0	96868
RAIL	64	64	10	167
FOLD	179	284	284	109437	109437	0	97550
RAIL	9	120	10	168
FOLD	180	285	285	109824	109824	0	98062
RAIL	64	64	10	169
FOLD	181	286	286	110208	110208	0	98865
RAIL	57	71	10	170
FOLD	182	287	287	110592	110592	0	99441
RAIL	64	64	10	171
FOLD	183	288	288	110976	110976	0	100221
RAIL	57	72	10	172
FOLD	184	289	289	111363	111363	0	100870
RAIL	64	64	10	173
FOLD	185	290	290	111747	111747	0	101671
RAIL	10	118	10	174
FOLD	186	291	291	112131	112131	0	102214
RAIL	64	64	10	175
FOLD	187	292	292	112515	112515	0	102875
RAIL	10	119	10	176
FOLD	188	293	293	112902	112902	0	103429
RAIL	64	64	10	177
FOLD	189	294	294	113286	113286	0	104102
RAIL	56	72	10	178
FOLD	190	295	295	113670	113670	0	104797
RAIL	64	64	10	179
FOLD	191	296	296	114054	114054	0	105503
RAIL	56	73	10	180
FOLD	192	297	297	114441	114441	0	106100
RAIL	64	64	10	181
FOLD	193	298	298	114825	114825	0	106809
RAIL	11	117	10	182
FOLD	194	299	299	115209	115209	0	107302
RAIL	64	64	10	183
FOLD	195	300	300	115593	115593	0	108004
RAIL	11	118	10	184
FOLD	196	301	301	115980	115980	0	108510
RAIL	64	64	10	185
FOLD	197	302	302	116364	116364	0	109237
RAIL	55	73	10	186
FOLD	198	303	303	116748	116748	0	109769
RAIL	64	64	10	187
FOLD	199	304	304	117132	117132	0	110615
RAIL	55	74	10	188
FOLD	200	305	305	117519	117519	0	111121
RAIL	64	64	10	189
FOLD	201	306	306	117903	117903	0	111842
RAIL	12	116	10	190
FOLD	202	307	307	118287	118287	0	112300
RAIL	64	64	10	191
FOLD	203	308	308	118671	118671	0	113102
RAIL	12	117	10	192
FOLD	204	309	309	119058	119058	0	113560
RAIL	64	64	10	193
FOLD	205	310	310	119442	119442	0	114327
RAIL	54	74	10	194
FOLD	206	311	311	119826	119826	0	114831
RAIL	64	64	10	195
FOLD	207	312	312	120210	120210	0	115645
RAIL	54	75	10	196
FOLD	208	313	313	120597	120597	0	116172
RAIL	64	64	10	197
FOLD	209	314	314	120981	120981	0	117002
RAIL	13	115	10	198
FOLD	210	315	315	121365	121365	0	117451
RAIL	64	64	10	199
FOLD	211	316	316	121749	121749	0	118274
RAIL	13	116	10	200
FOLD	212	317	317	122136	122136	0	118728
RAIL	64	64	10	201
FOLD	213	318	318	122520	122520	0	119531
RAIL	53	75	10	202
FOLD	214	319	319	122904	122904	0	120123
RAIL	64	64	10	203
FOLD	215	320	320	123288	123288	0	120959
RAIL	53	76	10	204
FOLD	216	321	321	123675	123675	0	121602
RAIL	64	64	10	205
FOLD	217	322	322	124059	124059	0	122490
RAIL	14	114	10	206
FOLD	218	323	323	124443	124443	0	123030
RAIL	64	64	10	207
FOLD	219	324	324	124827	124827	0	123883
RAIL	14	115	10	208
FOLD	220	325	325	125214	125214	0	124410
RAIL	64	64	10	209
FOLD	221	326	326	125598	125598	0	125352
RAIL	52	76	10	210
FOLD	222	327	327	125982	125982	0	125914
RAIL	64	64	10	211
FOLD	223	328	328	126366	126366	0	126776
RAIL	52	77	10	212
FOLD	224	329	329	126753	126753	0	127297
RAIL	64	64	10	213
FOLD	225	330	330	127137	127137	0	128287
RAIL	15	113	10	214
FOLD	226	331	331	127521	127521	0	128831
RAIL	64	64	10	215
FOLD	227	332	332	127905	127905	0	129741
RAIL	15	114	10	216
FOLD	228	333	333	128292	128292	0	130235
RAIL	64	64	10	217
FOLD	229	334	334	128676	128676	0	131170
RAIL	51	77	10	218
FOLD	230	335	335	129060	129060	0	131725
RAIL	64	64	10	219
FOLD	231	336	336	129444	129444	0	132625
RAIL	51	78	10	220
FOLD	232	337	337	129831	129831	0	133170
RAIL	64	64	10	221
FOLD	233	338	338	130215	130215	0	134357
RAIL	16	112	10	222
FOLD	234	339	339	130599	130599	0	134836
RAIL	64	64	10	223
FOLD	239	340	340	130986	130986	0	137312
RAIL	50	79	12	226
FOLD	240	341	341	131373	131373	0	137862
RAIL	64	64	12	227
FOLD	245	342	342	131760	131760	0	140730
RAIL	49	79	14	230
FOLD	246	343	343	132144	132144	0	141287
RAIL	64	64	14	231
FOLD	251	344	344	132531	132531	0	144883
RAIL	18	111	16	234
FOLD	252	345	345	132918	132918	0	145448
RAIL	64	64	16	235
FOLD	253	346	346	133302	133302	0	146451
RAIL	48	80	16	236
FOLD	254	347	347	133686	133686	0	147004
RAIL	64	64	16	237
FOLD	255	348	348	134070	134070	0	148208
RAIL	48	81	16	238
FOLD	256	349	349	134457	134457	0	148882
RAIL	64	64	16	239
FOLD	261	350	350	134844	134844	0	151377
RAIL	47	81	18	242
FOLD	262	351	351	135228	135228	0	151978
RAIL	64	64	18	243
FOLD	267	352	352	135615	135615	0	155080
RAIL	20	109	20	246
FOLD	268	353	353	136002	136002	0	155653
RAIL	64	64	20	247
FOLD	271	354	354	136386	136386	0	158165
RAIL	46	83	21	249
FOLD	272	355	355	136773	136773	0	158704
RAIL	64	64	21	250
FOLD	277	356	356	137160	137160	0	161004
RAIL	45	83	23	253
FOLD	278	357	357	137544	137544	0	161531
RAIL	64	64	23	254
FOLD	279	358	358	137928	137928	0	162509
RAIL	45	84	23	255
FOLD	280	359	359	138315	138315	0	163025
RAIL	64	64	23	256
FOLD	281	360	360	138699	138699	0	163993
RAIL	22	106	23	257
FOLD	282	361	361	139083	139083	0	164551
RAIL	64	64	23	258
FOLD	283	362	362	139467	139467	0	165778
RAIL	22	107	23	259
FOLD	284	363	363	139854	139854	0	166302
RAIL	64	64	23	260
FOLD	289	364	364	140241	140241	0	168953
RAIL	23	105	25	263
FOLD	290	365	365	140625	140625	0	169525
RAIL	64	64	25	264
FOLD	295	366	366	141012	141012	0	172467
RAIL	43	86	27	267
FOLD	296	367	367	141399	141399	0	173124
RAIL	64	64	27	268
FOLD	299	368	368	141783	141783	0	175731
RAIL	24	105	28	270
FOLD	300	369	369	142170	142170	0	176247
RAIL	64	64	28	271
FOLD	305	370	370	142557	142557	0	178746
RAIL	25	103	30	274
FOLD	306	371	371	142941	142941	0	180579
RAIL	64	64	30	275
FOLD	307	372	372	143325	143325	0	181463
RAIL	25	104	30	276
FOLD	308	373	373	143712	143712	0	181971
RAIL	64	64	30	277
FOLD	309	374	374	144096	144096	0	183174
RAIL	41	87	30	278
FOLD	310	375	375	144480	144480	0	184297
RAIL	64	64	30	279
FOLD	315	376	376	144867	144867	0	187373
RAIL	26	103	32	282
FOLD	316	377	377	145254	145254	0	187857
RAIL	64	64	32	283
FOLD	321	378	378	145641	145641	0	190850
RAIL	27	101	34	286
FOLD	322	379	379	146025	146025	0	191344
RAIL	64	64	34	287
FOLD	323	380	380	146409	146409	0	192472
RAIL	27	102	34	288
FOLD	324	381	381	146796	146796	0	193102
RAIL	64	64	34	289
FOLD	329	382	382	147183	147183	0	195959
RAIL	28	100	36	292
FOLD	330	383	383	147567	147567	0	196482
RAIL	64	64	36	293
FOLD	335	384	384	147954	147954	0	198766
RAIL	38	91	38	296
FOLD	336	385	385	148341	148341	0	199444
RAIL	64	64	38	297
FOLD	337	386	386	148725	148725	0	200408
RAIL	29	99	38	298
FOLD	338	387	387	149109	149109	0	201170
RAIL	64	64	38	299
FOLD	339	388	388	149493	149493	0	202143
RAIL	29	100	38	300
FOLD	340	389	389	149880	149880	0	202755
RAIL	64	64	38	301
FOLD	341	390	390	150264	150264	0	203697
RAIL	37	91	38	302
FOLD	342	391	391	150648	150648	0	204315
RAIL	64	64	38	303
FOLD	343	392	392	151032	151032	0	205665
RAIL	37	92	38	304
FOLD	344	393	393	151419	151419	0	206266
RAIL	64	64	38	305
FOLD	349	394	394	151806	151806	0	209119
RAIL	36	92	40	308
FOLD	350	395	395	152190	152190	0	209674
RAIL	64	64	40	309
FOLD	355	396	396	152577	152577	0	212391
RAIL	31	98	42	312
FOLD	356	397	397	152964	152964	0	212942
RAIL	64	64	42	313
FOLD	359	398	398	153348	153348	0	215509
RAIL	35	94	43	315
FOLD	360	399	399	153735	153735	0	216269
RAIL	64	64	43	316
FOLD	365	400	400	154122	154122	0	218990
RAIL	34	94	45	319
FOLD	366	401	401	154506	154506	0	219511
RAIL	64	64	45	320
FOLD	367	402	402	154890	154890	0	220454
RAIL	34	95	45	321
FOLD	368	403	403	155277	155277	0	220978
RAIL	64	64	45	322
FOLD	369	404	404	155661	155661	0	222124
RAIL	33	95	45	323
FOLD	370	405	405	156045	156045	0	222628
RAIL	64	64	45	324
FOLD	381	406	406	156435	156435	0	229442
RAIL	64	64	50	330
FOLD	386	407	407	156822	156822	0	232322
RAIL	62	66	52	333
FOLD	387	408	408	157206	157206	0	232960
RAIL	64	64	52	334
FOLD	388	409	409	157590	157590	0	233876
RAIL	62	67	52	335
FOLD	389	410	410	157977	157977	0	234433
RAIL	64	64	52	336
FOLD	390	411	411	158361	158361	0	235591
RAIL	5	123	52	337
FOLD	405	412	412	158745	158745	0	242981
RAIL	64	64	59	345
FOLD	418	413	413	159132	159132	0	248835
RAIL	58	70	65	352
FOLD	419	414	414	159516	159516	0	249328
RAIL	64	64	65	353
FOLD	420	415	415	159900	159900	0	250447
RAIL	58	71	65	354
FOLD	421	416	416	160287	160287	0	250924
RAIL	64	64	65	355
FOLD	426	417	417	160674	160674	0	253298
RAIL	57	71	67	358
FOLD	427	418	418	161058	161058	0	253768
RAIL	64	64	67	359
FOLD	432	419	419	161445	161445	0	256591
RAIL	10	119	69	362
FOLD	433	420	420	161832	161832	0	257057
RAIL	64	64	69	363
FOLD	438	421	421	162219	162219	0	260834
RAIL	11	117	71	366
FOLD	439	422	422	162603	162603	0	261338
RAIL	64	64	71	367
FOLD	440	423	423	162987	162987	0	262285
RAIL	11	118	71	368
FOLD	441	424	424	163374	163374	0	262753
RAIL	64	64	71	369
FOLD	442	425	425	163758	163758	0	263771
RAIL	55	73	71	370
FOLD	443	426	426	164142	164142	0	264383
RAIL	64	64	71	371
FOLD	444	427	427	164526	164526	0	265470
RAIL	55	74	71	372
FOLD	445	428	428	164913	164913	0	266015
RAIL	64	64	71	373
FOLD	446	429	429	165297	165297	0	266994
RAIL	12	116	71	374
FOLD	447	430	430	165681	165681	0	267462
RAIL	64	64	71	375
FOLD	448	431	431	166065	166065	0	268625
RAIL	12	117	71	376
FOLD	449	432	432	166452	166452	0	269168
RAIL	64	64	71	377
FOLD	454	433	433	166839	166839	0	271548
RAIL	13	115	73	380
FOLD	455	434	434	167223	167223	0	272015
RAIL	64	64	73	381
FOLD	460	435	435	167610	167610	0	274702
RAIL	53	76	75	384
FOLD	461	436	436	167997	167997	0	275198
RAIL	64	64	75	385
FOLD	466	437	437	168384	168384	0	278598
RAIL	52	76	77	388
FOLD	467	438	438	168768	168768	0	279182
RAIL	64	64	77	389
FOLD	468	439	439	169152	169152	0	280107
RAIL	52	77	77	390
FOLD	469	440	440	169539	169539	0	280650
RAIL	64	64	77	391
FOLD	470	441	441	169923	169923	0	281826
RAIL	15	113	77	392
FOLD	471	442	442	170307	170307	0	282263
RAIL	64	64	77	393
FOLD	476	443	443	170694	170694	0	284811
RAIL	51	78	79	396
FOLD	477	444	444	171081	171081	0	285332
RAIL	64	64	79	397
FOLD	482	445	445	171468	171468	0	288097
RAIL	50	78	81	400
FOLD	483	446	446	171852	171852	0	288690
RAIL	64	64	81	401
FOLD	484	447	447	172236	172236	0	289869
RAIL	50	79	81	402
FOLD	485	448	448	172623	172623	0	290400
RAIL	64	64	81	403
FOLD	490	449	449	173010	173010	0	292367
RAIL	49	79	83	406
FOLD	491	450	450	173394	173394	0	292942
RAIL	64	64	83	407
FOLD	496	451	451	173781	173781	0	295005
RAIL	18	111	85	410
FOLD	497	452	452	174168	174168	0	295477
RAIL	64	64	85	411
FOLD	498	453	453	174552	174552	0	296357
RAIL	48	80	85	412
FOLD	499	454	454	174936	174936	0	296837
RAIL	64	64	85	413
FOLD	500	455	455	175320	175320	0	297706
RAIL	48	81	85	414
FOLD	501	456	456	175707	175707	0	298209
RAIL	64	64	85	415
FOLD	502	457	457	176091	176091	0	299395
RAIL	19	109	85	416
FOLD	503	458	458	176475	176475	0	299882
RAIL	64	64	85	417
FOLD	508	459	459	176862	176862	0	302629
RAIL	47	82	87	420
FOLD	509	460	460	177249	177249	0	303152
RAIL	64	64	87	421
FOLD	512	459	460	176865	177249	0	304133
RAIL	20	109	89	422
FOLD	514	461	461	177636	177636	0	306290
RAIL	46	82	89	424
FOLD	515	462	462	178020	178020	0	306850
RAIL	64	64	89	425
FOLD	518	463	463	178407	178407	0	309409
RAIL	21	107	90	427
FOLD	519	464	464	178791	178791	0	309969
RAIL	64	64	90	428
FOLD	524	465	465	179178	179178	0	312214
RAIL	45	84	92	431
FOLD	525	466	466	179565	179565	0	312841
RAIL	64	64	92	432
FOLD	526	467	467	179949	179949	0	313817
RAIL	22	106	92	433
FOLD	527	468	468	180333	180333	0	314326
RAIL	64	64	92	434
FOLD	528	469	469	180717	180717	0	315516
RAIL	22	107	92	435
FOLD	529	470	470	181104	181104	0	316013
RAIL	64	64	92	436
FOLD	534	471	471	181491	181491	0	318471
RAIL	23	105	94	439
FOLD	535	472	472	181875	181875	0	319017
RAIL	64	64	94	440
FOLD	540	473	473	182262	182262	0	321553
RAIL	43	86	96	443
FOLD	541	474	474	182649	182649	0	322039
RAIL	64	64	96	444
FOLD	544	475	475	183033	183033	0	324560
RAIL	24	105	97	446
FOLD	545	476	476	183420	183420	0	325070
RAIL	64	64	97	447
FOLD	550	477	477	183807	183807	0	327324
RAIL	25	103	99	450
FOLD	551	478	478	184191	184191	0	327826
RAIL	64	64	99	451
FOLD	552	479	479	184575	184575	0	328832
RAIL	25	104	99	452
FOLD	553	480	480	184962	184962	0	329392
RAIL	64	64	99	453
FOLD	554	481	481	185346	185346	0	330255
RAIL	41	87	99	454
FOLD	555	482	482	185730	185730	0	330804
RAIL	64	64	99	455
FOLD	556	483	483	186114	186114	0	331646
RAIL	41	88	99	456
FOLD	557	484	484	186501	186501	0	332245
RAIL	64	64	99	457
FOLD	558	485	485	186885	186885	0	333297
RAIL	26	102	99	458
FOLD	559	486	486	187269	187269	0	333873
RAIL	64	64	99	459
FOLD	564	487	487	187656	187656	0	336192
RAIL	40	89	101	462
FOLD	565	488	488	188043	188043	0	336794
RAIL	64	64	101	463
FOLD	570	489	489	188430	188430	0	339355
RAIL	39	89	103	466
FOLD	571	490	490	188814	188814	0	339852
RAIL	64	64	103	467
FOLD	572	491	491	189198	189198	0	340893
RAIL	39	90	103	468
FOLD	573	492	492	189585	189585	0	341444
RAIL	64	64	103	469
FOLD	578	493	493	189972	189972	0	343318
RAIL	38	90	105	472
FOLD	579	494	494	190356	190356	0	343895
RAIL	64	64	105	473
FOLD	584	495	495	190743	190743	0	346094
RAIL	29	100	107	476
FOLD	585	496	496	191130	191130	0	346640
RAIL	64	64	107	477
FOLD	586	497	497	191514	191514	0	347495
RAIL	37	91	107	478
FOLD	587	498	498	191898	191898	0	348070
RAIL	64	64	107	479
FOLD	588	499	499	192282	192282	0	349240
RAIL	37	92	107	480
FOLD	589	500	500	192669	192669	0	349833
RAIL	64	64	107	481
FOLD	594	501	501	193056	193056	0	352258
RAIL	36	92	109	484
FOLD	595	502	502	193440	193440	0	352875
RAIL	64	64	109	485
FOLD	600	503	503	193827	193827	0	355726
RAIL	31	98	111	488
FOLD	601	504	504	194214	194214	0	356307
RAIL	64	64	111	489
FOLD	604	505	505	194598	194598	0	358517
RAIL	35	94	112	491
FOLD	605	506	506	194985	194985	0	359143
RAIL	64	64	112	492
FOLD	610	507	507	195372	195372	0	361408
RAIL	34	94	114	495
FOLD	611	508	508	195756	195756	0	362036
RAIL	64	64	114	496
FOLD	612	509	509	196140	196140	0	362899
RAIL	34	95	114	497
FOLD	613	510	510	196527	196527	0	363489
RAIL	64	64	114	498
FOLD	614	511	511	196911	196911	0	364344
RAIL	33	95	114	499
FOLD	615	512	512	197295	197295	0	364954
RAIL	64	64	114	500
FOLD	618	513	513	197682	197682	0	367708
RAIL	64	64	115	502
FOLD	629	514	514	198072	198072	0	374504
RAIL	64	64	120	508
FOLD	630	515	515	198456	198456	0	375568
RAIL	64	64	120	509
FOLD	635	516	516	198843	198843	0	380152
RAIL	64	64	122	512
FOLD	640	517	517	199230	199230	0	384239
RAIL	64	64	124	515
FOLD	641	518	518	199614	199614	0	385072
RAIL	6	122	124	516
FOLD	644	519	519	199998	199998	0	386704
RAIL	60	68	125	518
FOLD	645	520	520	200382	200382	0	387257
RAIL	64	64	125	519
FOLD	646	521	521	200766	200766	0	388082
RAIL	60	69	125	520
FOLD	647	522	522	201153	201153	0	388615
RAIL	64	64	125	521
FOLD	648	523	523	201537	201537	0	389421
RAIL	7	121	125	522
FOLD	665	524	524	201921	201921	0	397338
RAIL	64	64	133	531
FOLD	670	525	525	202308	202308	0	399174
RAIL	57	72	135	534
FOLD	671	526	526	202695	202695	0	399686
RAIL	64	64	135	535
FOLD	676	527	527	203082	203082	0	402151
RAIL	56	72	137	538
FOLD	677	528	528	203466	203466	0	402703
RAIL	64	64	137	539
FOLD	678	529	529	203850	203850	0	403590
RAIL	56	73	137	540
FOLD	679	530	530	204237	204237	0	404111
RAIL	64	64	137	541
FOLD	680	531	531	204621	204621	0	405241
RAIL	11	117	137	542
FOLD	681	532	532	205005	205005	0	405714
RAIL	64	64	137	543
FOLD	686	533	533	205392	205392	0	408045
RAIL	55	74	139	546
FOLD	687	534	534	205779	205779	0	408610
RAIL	64	64	139	547
FOLD	692	535	535	206166	206166	0	411310
RAIL	54	74	141	550
FOLD	693	536	536	206550	206550	0	411777
RAIL	64	64	141	551
FOLD	696	537	537	206937	206937	0	414318
RAIL	13	115	142	553
FOLD	697	538	538	207321	207321	0	414805
RAIL	64	64	142	554
FOLD	702	539	539	207708	207708	0	417048
RAIL	53	76	144	557
FOLD	703	540	540	208095	208095	0	417566
RAIL	64	64	144	558
FOLD	704	541	541	208479	208479	0	418404
RAIL	14	114	144	559
FOLD	705	542	542	208863	208863	0	418869
RAIL	64	64	144	560
FOLD	706	543	543	209247	209247	0	419812
RAIL	14	115	144	561
FOLD	707	544	544	209634	209634	0	420234
RAIL	64	64	144	562
FOLD	708	545	545	210018	210018	0	421464
RAIL	52	76	144	563
FOLD	709	546	546	210402	210402	0	421968
RAIL	64	64	144	564
FOLD	714	547	547	210789	210789	0	424211
RAIL	15	114	146	567
FOLD	715	548	548	211176	211176	0	424800
RAIL	64	64	146	568
FOLD	720	549	549	211563	211563	0	427582
RAIL	16	112	148	571
FOLD	721	550	550	211947	211947	0	428068
RAIL	64	64	148	572
FOLD	724	551	551	212334	212334	0	430607
RAIL	50	78	149	574
FOLD	725	552	552	212718	212718	0	431127
RAIL	64	64	149	575
FOLD	730	553	553	213105	213105	0	433331
RAIL	17	112	151	578
FOLD	731	554	554	213492	213492	0	433819
RAIL	64	64	151	579
FOLD	732	555	555	213876	213876	0	434757
RAIL	49	79	151	580
FOLD	733	556	556	214260	214260	0	435195
RAIL	64	64	151	581
FOLD	734	557	557	214644	214644	0	436295
RAIL	49	80	151	582
FOLD	735	558	558	215031	215031	0	436825
RAIL	64	64	151	583
FOLD	740	559	559	215418	215418	0	439066
RAIL	48	80	153	586
FOLD	741	560	560	215802	215802	0	439507
RAIL	64	64	153	587
FOLD	746	561	561	216189	216189	0	442209
RAIL	19	110	155	590
FOLD	747	562	562	216576	216576	0	442630
RAIL	64	64	155	591
FOLD	750	563	563	216960	216960	0	445041
RAIL	47	82	156	593
FOLD	751	564	564	217347	217347	0	445483
RAIL	64	64	156	594
FOLD	756	565	565	217734	217734	0	447342
RAIL	46	82	158	597
FOLD	757	566	566	218118	218118	0	447832
RAIL	64	64	158	598
FOLD	758	567	567	218502	218502	0	448694
RAIL	46	83	158	599
FOLD	759	568	568	218889	218889	0	449146
RAIL	64	64	158	600
FOLD	760	569	569	219273	219273	0	449994
RAIL	21	107	158	601
FOLD	761	570	570	219657	219657	0	450458
RAIL	64	64	158	602
FOLD	762	571	571	220041	220041	0	451288
RAIL	21	108	158	603
FOLD	763	572	572	220428	220428	0	451744
RAIL	64	64	158	604
FOLD	764	573	573	220812	220812	0	452924
RAIL	45	83	158	605
FOLD	765	574	574	221196	221196	0	453441
RAIL	64	64	158	606
FOLD	770	575	575	221583	221583	0	455912
RAIL	22	107	160	609
FOLD	771	576	576	221970	221970	0	456418
RAIL	64	64	160	610
FOLD	776	577	577	222357	222357	0	459107
RAIL	23	105	162	613
FOLD	777	578	578	222741	222741	0	459585
RAIL	64	64	162	614
FOLD	782	579	579	223128	223128	0	462993
RAIL	43	86	164	617
FOLD	783	580	580	223515	223515	0	463436
RAIL	64	64	164	618
FOLD	784	581	581	223899	223899	0	464254
RAIL	24	104	164	619
FOLD	785	582	582	224283	224283	0	464667
RAIL	64	64	164	620
FOLD	786	583	583	224667	224667	0	465832
RAIL	24	105	164	621
FOLD	787	584	584	225054	225054	0	466250
RAIL	64	64	164	622
FOLD	792	585	585	225441	225441	0	468522
RAIL	25	103	166	625
FOLD	793	586	586	225825	225825	0	468986
RAIL	64	64	166	626
FOLD	798	587	587	226212	226212	0	471938
RAIL	41	88	168	629
FOLD	799	588	588	226599	226599	0	472436
RAIL	64	64	168	630
FOLD	802	589	589	226983	226983	0	474774
RAIL	26	103	169	632
FOLD	803	590	590	227370	227370	0	475293
RAIL	64	64	169	633
FOLD	808	591	591	227757	227757	0	477304
RAIL	27	101	171	636
FOLD	809	592	592	228141	228141	0	477766
RAIL	64	64	171	637
FOLD	810	593	593	228525	228525	0	478616
RAIL	27	102	171	638
FOLD	811	594	594	228912	228912	0	479074
RAIL	64	64	171	639
FOLD	812	595	595	229296	229296	0	479908
RAIL	39	89	171	640
FOLD	813	596	596	229680	229680	0	480360
RAIL	64	64	171	641
FOLD	814	597	597	230064	230064	0	481549
RAIL	39	90	171	642
FOLD	815	598	598	230451	230451	0	482036
RAIL	64	64	171	643
FOLD	820	599	599	230838	230838	0	484459
RAIL	38	90	173	646
FOLD	821	600	600	231222	231222	0	485290
RAIL	64	64	173	647
FOLD	826	601	601	231609	231609	0	488309
RAIL	29	100	175	650
FOLD	827	602	602	231996	231996	0	488818
RAIL	64	64	175	651
FOLD	828	603	603	232380	232380	0	490039
RAIL	37	91	175	652
FOLD	829	604	604	232764	232764	0	490457
RAIL	64	64	175	653
FOLD	834	605	605	233151	233151	0	492165
RAIL	30	99	177	656
FOLD	835	606	606	233538	233538	0	492713
RAIL	64	64	177	657
FOLD	840	607	607	233925	233925	0	494692
RAIL	31	97	179	660
FOLD	841	608	608	234309	234309	0	495099
RAIL	64	64	179	661
FOLD	842	609	609	234693	234693	0	495966
RAIL	31	98	179	662
FOLD	843	610	610	235080	235080	0	496396
RAIL	64	64	179	663
FOLD	844	611	611	235464	235464	0	497593
RAIL	35	93	179	664
FOLD	845	612	612	235848	235848	0	498031
RAIL	64	64	179	665
FOLD	850	613	613	236235	236235	0	500347
RAIL	32	97	181	668
FOLD	851	614	614	236622	236622	0	500831
RAIL	64	64	181	669
FOLD	856	615	615	237009	237009	0	503283
RAIL	33	95	183	672
FOLD	857	616	616	237393	237393	0	503725
RAIL	64	64	183	673
FOLD	860	617	617	237780	237780	0	506321
RAIL	64	64	184	675
FOLD	865	618	618	238167	238167	0	508897
RAIL	64	64	186	678
FOLD	866	619	619	238551	238551	0	509774
RAIL	64	64	186	679
FOLD	867	620	620	238935	238935	0	510588
RAIL	63	65	186	680
FOLD	868	621	621	239319	239319	0	511019
RAIL	64	64	186	681
FOLD	869	622	622	239703	239703	0	511892
RAIL	63	66	186	682
FOLD	870	623	623	240090	240090	0	512531
RAIL	64	64	186	683
FOLD	871	624	624	240474	240474	0	513592
RAIL	64	64	186	684
FOLD	876	625	625	240861	240861	0	516877
RAIL	64	64	188	687
FOLD	883	626	626	241248	241248	0	520895
RAIL	6	122	191	691
FOLD	890	627	627	241635	241635	0	523818
RAIL	7	121	194	695
FOLD	891	628	628	242019	242019	0	524228
RAIL	64	64	194	696
FOLD	892	629	629	242403	242403	0	525240
RAIL	7	122	194	697
FOLD	893	630	630	242790	242790	0	525628
RAIL	64	64	194	698
FOLD	898	631	631	243177	243177	0	528121
RAIL	8	120	196	701
FOLD	919	632	632	243564	243564	0	536175
RAIL	64	64	206	712
FOLD	920	633	633	243948	243948	0	537066
RAIL	56	73	206	713
FOLD	921	634	634	244335	244335	0	537550
RAIL	64	64	206	714
FOLD	922	635	635	244719	244719	0	538467
RAIL	11	117	206	715
FOLD	923	636	636	245103	245103	0	538905
RAIL	64	64	206	716
FOLD	924	637	637	245487	245487	0	540021
RAIL	11	118	206	717
FOLD	925	638	638	245874	245874	0	540468
RAIL	64	64	206	718
FOLD	930	639	639	246261	246261	0	542716
RAIL	12	116	208	721
FOLD	931	640	640	246645	246645	0	543135
RAIL	64	64	208	722
FOLD	936	641	641	247032	247032	0	545457
RAIL	54	75	210	725
FOLD	937	642	642	247419	247419	0	545943
RAIL	64	64	210	726
FOLD	940	643	643	247803	247803	0	548476
RAIL	13	116	211	728
FOLD	941	644	644	248190	248190	0	548965
RAIL	64	64	211	729
FOLD	946	645	645	248577	248577	0	551084
RAIL	14	114	213	732
FOLD	947	646	646	248961	248961	0	551522
RAIL	64	64	213	733
FOLD	948	647	647	249345	249345	0	552575
RAIL	14	115	213	734
FOLD	949	648	648	249732	249732	0	553016
RAIL	64	64	213	735
FOLD	954	649	649	250119	250119	0	557346
RAIL	15	113	215	738
FOLD	955	650	650	250503	250503	0	557770
RAIL	64	64	215	739
FOLD	960	651	651	250890	250890	0	561204
RAIL	51	78	217	742
FOLD	961	652	652	251277	251277	0	561632
RAIL	64	64	217	743
FOLD	962	653	653	251661	251661	0	562434
RAIL	16	112	217	744
FOLD	963	654	654	252045	252045	0	562859
RAIL	64	64	217	745
FOLD	964	655	655	252429	252429	0	563659
RAIL	16	113	217	746
FOLD	965	656	656	252816	252816	0	564089
RAIL	64	64	217	747
FOLD	966	657	657	253200	253200	0	564984
RAIL	50	78	217	748
FOLD	967	658	658	253584	253584	0	565415
RAIL	64	64	217	749
FOLD	968	659	659	253968	253968	0	566471
RAIL	50	79	217	750
FOLD	969	660	660	254355	254355	0	566914
RAIL	64	64	217	751
FOLD	974	661	661	254742	254742	0	569157
RAIL	49	79	219	754
FOLD	975	662	662	255126	255126	0	569587
RAIL	64	64	219	755
FOLD	980	663	663	255513	255513	0	572190
RAIL	18	111	221	758
FOLD	981	664	664	255900	255900	0	572692
RAIL	64	64	221	759
FOLD	982	665	665	256284	256284	0	573816
RAIL	48	80	221	760
FOLD	983	666	666	256668	256668	0	574451
RAIL	64	64	221	761
FOLD	988	667	667	257055	257055	0	576302
RAIL	19	110	223	764
FOLD	989	668	668	257442	257442	0	576835
RAIL	64	64	223	765
FOLD	994	669	669	257829	257829	0	579065
RAIL	20	108	225	768
FOLD	995	670	670	258213	258213	0	579517
RAIL	64	64	225	769
FOLD	996	671	671	258597	258597	0	580413
RAIL	20	109	225	770
FOLD	997	672	672	258984	258984	0	580942
RAIL	64	64	225	771
FOLD	998	673	673	259368	259368	0	582054
RAIL	46	82	225	772
FOLD	999	674	674	259752	259752	0	582544
RAIL	64	64	225	773
FOLD	1004	675	675	260139	260139	0	584856
RAIL	21	108	227	776
FOLD	1005	676	676	260526	260526	0	585294
RAIL	64	64	227	777
FOLD	1010	677	677	260913	260913	0	587735
RAIL	22	106	229	780
FOLD	1011	678	678	261297	261297	0	588165
RAIL	64	64	229	781
FOLD	1014	679	679	261684	261684	0	590630
RAIL	44	84	230	783
FOLD	1015	680	680	262068	262068	0	591071
RAIL	64	64	230	784
FOLD	1020	681	681	262455	262455	0	593300
RAIL	23	106	232	787
FOLD	1021	682	682	262842	262842	0	593776
RAIL	64	64	232	788
FOLD	1022	683	683	263226	263226	0	594647
RAIL	43	85	232	789
FOLD	1023	684	684	263610	263610	0	595151
RAIL	64	64	232	790
FOLD	1024	685	685	263994	263994	0	596041
RAIL	43	86	232	791
FOLD	1025	686	686	264381	264381	0	596521
RAIL	64	64	232	792
FOLD	1026	687	687	264765	264765	0	597616
RAIL	24	104	232	793
FOLD	1027	688	688	265149	265149	0	598136
RAIL	64	64	232	794
FOLD	1032	689	689	265536	265536	0	600493
RAIL	42	87	234	797
FOLD	1033	690	690	265923	265923	0	601063
RAIL	64	64	234	798
FOLD	1038	691	691	266310	266310	0	604051
RAIL	41	87	236	801
FOLD	1039	692	692	266694	266694	0	604577
RAIL	64	64	236	802
FOLD	1042	693	693	267081	267081	0	606774
RAIL	26	102	237	804
FOLD	1043	694	694	267465	267465	0	607297
RAIL	64	64	237	805
FOLD	1048	695	695	267852	267852	0	609409
RAIL	40	89	239	808
FOLD	1049	696	696	268239	268239	0	609876
RAIL	64	64	239	809
FOLD	1050	697	697	268623	268623	0	611089
RAIL	27	101	239	810
FOLD	1051	698	698	269007	269007	0	611557
RAIL	64	64	239	811
FOLD	1056	699	699	269394	269394	0	615420
RAIL	39	90	241	814
FOLD	1057	700	700	269781	269781	0	615902
RAIL	64	64	241	815
FOLD	1060	701	701	270165	270165	0	618304
RAIL	28	101	242	817
FOLD	1061	702	702	270552	270552	0	618814
RAIL	64	64	242	818
FOLD	1066	703	703	270939	270939	0	620776
RAIL	29	99	244	821
FOLD	1067	704	704	271323	271323	0	621307
RAIL	64	64	244	822
FOLD	1068	705	705	271707	271707	0	622069
RAIL	29	100	244	823
FOLD	1069	706	706	272094	272094	0	622558
RAIL	64	64	244	824
FOLD	1070	707	707	272478	272478	0	623355
RAIL	37	91	244	825
FOLD	1071	708	708	272862	272862	0	623862
RAIL	64	64	244	826
FOLD	1072	709	709	273246	273246	0	624692
RAIL	37	92	244	827
FOLD	1073	710	710	273633	273633	0	625221
RAIL	64	64	244	828
FOLD	1074	711	711	274017	274017	0	626026
RAIL	30	98	244	829
FOLD	1075	712	712	274401	274401	0	626512
RAIL	64	64	244	830
FOLD	1076	713	713	274785	274785	0	627395
RAIL	30	99	244	831
FOLD	1077	714	714	275172	275172	0	627961
RAIL	64	64	244	832
FOLD	1078	715	715	275556	275556	0	628830
RAIL	36	92	244	833
FOLD	1079	716	716	275940	275940	0	629347
RAIL	64	64	244	834
FOLD	1080	717	717	276324	276324	0	630369
RAIL	36	93	244	835
FOLD	1081	718	718	276711	276711	0	630883
RAIL	64	64	244	836
FOLD	1086	719	719	277098	277098	0	633231
RAIL	35	93	246	839
FOLD	1087	720	720	277482	277482	0	633802
RAIL	64	64	246	840
FOLD	1092	721	721	277869	277869	0	636443
RAIL	32	97	248	843
FOLD	1093	722	722	278256	278256	0	636947
RAIL	64	64	248	844
FOLD	1094	723	723	278640	278640	0	637964
RAIL	34	94	248	845
FOLD	1095	724	724	279024	279024	0	638526
RAIL	64	64	248	846
FOLD	1100	725	725	279411	279411	0	640406
RAIL	33	96	250	849
FOLD	1101	726	726	279798	279798	0	640949
RAIL	64	64	250	850
FOLD	1106	727	727	280185	280185	0	643588
RAIL	64	64	252	853
FOLD	1107	728	728	280569	280569	0	644714
RAIL	64	64	252	854
FOLD	1112	729	729	280956	280956	0	647017
RAIL	64	64	254	857
FOLD	1119	730	730	281343	281343	0	651785
RAIL	64	64	257	861
FOLD	1124	731	731	281730	281730	0	653876
RAIL	64	64	259	864
FOLD	1125	732	732	282114	282114	0	654662
RAIL	64	64	259	865
FOLD	1126	733	733	282498	282498	0	655506
RAIL	64	64	259	866
FOLD	1127	734	734	282882	282882	0	656668
RAIL	60	68	259	867
FOLD	1128	735	735	283266	283266	0	657174
RAIL	64	64	259	868
FOLD	1143	736	736	283656	283656	0	664286
RAIL	58	70	266	876
FOLD	1144	737	737	284040	284040	0	665017
RAIL	64	64	266	877
FOLD	1153	738	738	284424	284424	0	669312
RAIL	57	72	270	882
FOLD	1154	739	739	284811	284811	0	669768
RAIL	64	64	270	883
FOLD	1169	740	740	285198	285198	0	677367
RAIL	55	74	277	891
FOLD	1170	741	741	285585	285585	0	677835
RAIL	64	64	277	892
FOLD	1175	742	742	285972	285972	0	679930
RAIL	54	74	279	895
FOLD	1176	743	743	286356	286356	0	680534
RAIL	64	64	279	896
FOLD	1177	744	744	286740	286740	0	681346
RAIL	54	75	279	897
FOLD	1178	745	745	287127	287127	0	681837
RAIL	64	64	279	898
FOLD	1179	746	746	287511	287511	0	682683
RAIL	13	115	279	899
FOLD	1180	747	747	287895	287895	0	683153
RAIL	64	64	279	900
FOLD	1181	748	748	288279	288279	0	684081
RAIL	13	116	279	901
FOLD	1182	749	749	288666	288666	0	684609
RAIL	64	64	279	902
FOLD	1183	750	750	289050	289050	0	685760
RAIL	53	75	279	903
FOLD	1184	751	751	289434	289434	0	686327
RAIL	64	64	279	904
FOLD	1189	752	752	289821	289821	0	688936
RAIL	14	115	281	907
FOLD	1190	753	753	290208	290208	0	689399
RAIL	64	64	281	908
FOLD	1195	754	754	290595	290595	0	692295
RAIL	15	113	283	911
FOLD	1196	755	755	290979	290979	0	692784
RAIL	64	64	283	912
FOLD	1201	756	756	291366	291366	0	696667
RAIL	51	78	285	915
FOLD	1202	757	757	291753	291753	0	697120
RAIL	64	64	285	916
FOLD	1203	758	758	292137	292137	0	698184
RAIL	16	112	285	917
FOLD	1204	759	759	292521	292521	0	698609
RAIL	64	64	285	918
FOLD	1205	760	760	292905	292905	0	699671
RAIL	16	113	285	919
FOLD	1206	761	761	293292	293292	0	700120
RAIL	64	64	285	920
FOLD	1211	762	762	293679	293679	0	702102
RAIL	17	111	287	923
FOLD	1212	763	763	294063	294063	0	702532
RAIL	64	64	287	924
FOLD	1217	764	764	294450	294450	0	705219
RAIL	49	80	289	927
FOLD	1218	765	765	294837	294837	0	705931
RAIL	64	64	289	928
FOLD	1221	766	766	295221	295221	0	708628
RAIL	18	111	290	930
FOLD	1222	767	767	295608	295608	0	709213
RAIL	64	64	290	931
FOLD	1227	768	768	295995	295995	0	711820
RAIL	19	109	292	934
FOLD	1228	769	769	296379	296379	0	712283
RAIL	64	64	292	935
FOLD	1229	770	770	296763	296763	0	713208
RAIL	19	110	292	936
FOLD	1230	771	771	297150	297150	0	713709
RAIL	64	64	292	937
FOLD	1231	772	772	297534	297534	0	714558
RAIL	47	81	292	938
FOLD	1232	773	773	297918	297918	0	715094
RAIL	64	64	292	939
FOLD	1233	774	774	298302	298302	0	716154
RAIL	47	82	292	940
FOLD	1234	775	775	298689	298689	0	716727
RAIL	64	64	292	941
FOLD	1239	776	776	299076	299076	0	719071
RAIL	46	82	294	944
FOLD	1240	777	777	299460	299460	0	719497
RAIL	64	64	294	945
FOLD	1245	778	778	299847	299847	0	722120
RAIL	21	108	296	948
FOLD	1246	779	779	300234	300234	0	722555
RAIL	64	64	296	949
FOLD	1247	780	780	300618	300618	0	723592
RAIL	45	83	296	950
FOLD	1248	781	781	301002	301002	0	724259
RAIL	64	64	296	951
FOLD	1253	782	782	301389	301389	0	726099
RAIL	22	107	298	954
FOLD	1254	783	783	301776	301776	0	726888
RAIL	64	64	298	955
FOLD	1259	784	784	302163	302163	0	728992
RAIL	23	105	300	958
FOLD	1260	785	785	302547	302547	0	729528
RAIL	64	64	300	959
FOLD	1261	786	786	302931	302931	0	730588
RAIL	23	106	300	960
FOLD	1262	787	787	303318	303318	0	731084
RAIL	64	64	300	961
FOLD	1267	788	788	303705	303705	0	735944
RAIL	24	104	302	964
FOLD	1268	789	789	304089	304089	0	736396
RAIL	64	64	302	965
FOLD	1273	790	790	304476	304476	0	738610
RAIL	42	87	304	968
FOLD	1274	791	791	304863	304863	0	739155
RAIL	64	64	304	969
FOLD	1275	792	792	305247	305247	0	740161
RAIL	25	103	304	970
FOLD	1276	793	793	305631	305631	0	740644
RAIL	64	64	304	971
FOLD	1277	794	794	306015	306015	0	741573
RAIL	25	104	304	972
FOLD	1278	795	795	306402	306402	0	742088
RAIL	64	64	304	973
FOLD	1279	796	796	306786	306786	0	743100
RAIL	41	87	304	974
FOLD	1280	797	797	307170	307170	0	743548
RAIL	64	64	304	975
FOLD	1281	798	798	307554	307554	0	744754
RAIL	41	88	304	976
FOLD	1282	799	799	307941	307941	0	745253
RAIL	64	64	304	977
FOLD	1283	800	800	308325	308325	0	746357
RAIL	26	102	304	978
FOLD	1284	801	801	308709	308709	0	746825
RAIL	64	64	304	979
FOLD	1289	802	802	309096	309096	0	749071
RAIL	40	89	306	982
FOLD	1290	803	803	309483	309483	0	749516
RAIL	64	64	306	983
FOLD	1295	804	804	309870	309870	0	752183
RAIL	39	89	308	986
FOLD	1296	805	805	310254	310254	0	752770
RAIL	64	64	308	987
FOLD	1301	806	806	310641	310641	0	756179
RAIL	28	101	310	990
FOLD	1302	807	807	311028	311028	0	756707
RAIL	64	64	310	991
FOLD	1303	808	808	311412	311412	0	757548
RAIL	38	90	310	992
FOLD	1304	809	809	311796	311796	0	758073
RAIL	64	64	310	993
FOLD	1305	810	810	312180	312180	0	759198
RAIL	38	91	310	994
FOLD	1306	811	811	312567	312567	0	759731
RAIL	64	64	310	995
FOLD	1311	812	812	312954	312954	0	762300
RAIL	37	91	312	998
FOLD	1312	813	813	313338	313338	0	762768
RAIL	64	64	312	999
FOLD	1317	814	814	313725	313725	0	765601
RAIL	30	99	314	1002
FOLD	1318	815	815	314112	314112	0	766093
RAIL	64	64	314	1003
FOLD	1319	816	816	314496	314496	0	767227
RAIL	36	92	314	1004
FOLD	1320	817	817	314880	314880	0	767678
RAIL	64	64	314	1005
FOLD	1325	818	818	315267	315267	0	769675
RAIL	31	98	316	1008
FOLD	1326	819	819	315654	315654	0	770224
RAIL	64	64	316	1009
FOLD	1331	820	820	316041	316041	0	772310
RAIL	32	96	318	1012
FOLD	1332	821	821	316425	316425	0	772801
RAIL	64	64	318	1013
FOLD	1333	822	822	316809	316809	0	773695
RAIL	32	97	318	1014
FOLD	1334	823	823	317196	317196	0	774189
RAIL	64	64	318	1015
FOLD	1335	824	824	317580	317580	0	775180
RAIL	34	94	318	1016
FOLD	1336	825	825	317964	317964	0	775746
RAIL	64	64	318	1017
FOLD	1337	826	826	318348	318348	0	776927
RAIL	34	95	318	1018
FOLD	1338	827	827	318735	318735	0	777397
RAIL	64	64	318	1019
FOLD	1343	828	828	319122	319122	0	779757
RAIL	64	64	320	1022
FOLD	1354	829	829	319512	319512	0	786326
RAIL	64	64	325	1028
FOLD	1355	830	830	319896	319896	0	787437
RAIL	64	64	325	1029
FOLD	1356	831	831	320280	320280	0	788572
RAIL	62	66	325	1030
FOLD	1357	832	832	320664	320664	0	790097
RAIL	64	64	325	1031
FOLD	1366	833	833	321054	321054	0	794827
RAIL	64	64	329	1036
FOLD	1369	834	834	321438	321438	0	797106
RAIL	64	64	330	1038
FOLD	1378	835	835	321822	321822	0	801174
RAIL	59	70	334	1043
FOLD	1379	836	836	322209	322209	0	801637
RAIL	64	64	334	1044
FOLD	1380	837	837	322593	322593	0	802493
RAIL	8	120	334	1045
FOLD	1389	838	838	322977	322977	0	807260
RAIL	64	64	338	1050
FOLD	1394	839	839	323364	323364	0	810338
RAIL	57	72	340	1053
FOLD	1395	840	840	323751	323751	0	810967
RAIL	64	64	340	1054
FOLD	1396	841	841	324135	324135	0	812294
RAIL	10	118	340	1055
FOLD	1413	842	842	324519	324519	0	819861
RAIL	64	64	348	1064
FOLD	1418	843	843	324906	324906	0	822214
RAIL	54	75	350	1067
FOLD	1419	844	844	325293	325293	0	822679
RAIL	64	64	350	1068
FOLD	1424	845	845	325680	325680	0	825192
RAIL	53	75	352	1071
FOLD	1425	846	846	326064	326064	0	825761
RAIL	64	64	352	1072
FOLD	1428	847	847	326451	326451	0	828864
RAIL	14	114	353	1074
FOLD	1429	848	848	326835	326835	0	829399
RAIL	64	64	353	1075
FOLD	1434	849	849	327222	327222	0	831626
RAIL	52	77	355	1078
FOLD	1435	850	850	327609	327609	0	832184
RAIL	64	64	355	1079
FOLD	1436	851	851	327993	327993	0	833187
RAIL	15	113	355	1080
FOLD	1437	852	852	328377	328377	0	833637
RAIL	64	64	355	1081
FOLD	1438	853	853	328761	328761	0	834576
RAIL	15	114	355	1082
FOLD	1439	854	854	329148	329148	0	835015
RAIL	64	64	355	1083
FOLD	1440	855	855	329532	329532	0	836113
RAIL	51	77	355	1084
FOLD	1441	856	856	329916	329916	0	836704
RAIL	64	64	355	1085
FOLD	1446	857	857	330303	330303	0	839557
RAIL	16	113	357	1088
FOLD	1447	858	858	330690	330690	0	840414
RAIL	64	64	357	1089
FOLD	1452	859	859	331077	331077	0	842897
RAIL	17	111	359	1092
FOLD	1453	860	860	331461	331461	0	843362
RAIL	64	64	359	1093
FOLD	1456	861	861	331848	331848	0	845937
RAIL	49	79	360	1095
FOLD	1457	862	862	332232	332232	0	846434
RAIL	64	64	360	1096
FOLD	1462	863	863	332619	332619	0	848649
RAIL	18	111	362	1099
FOLD	1463	864	864	333006	333006	0	849089
RAIL	64	64	362	1100
FOLD	1464	865	865	333390	333390	0	851454
RAIL	48	80	362	1101
FOLD	1465	866	866	333774	333774	0	851912
RAIL	64	64	362	1102
FOLD	1470	867	867	334161	334161	0	855637
RAIL	19	110	364	1105
FOLD	1471	868	868	334548	334548	0	856126
RAIL	64	64	364	1106
FOLD	1474	869	869	334932	334932	0	858969
RAIL	47	82	365	1108
FOLD	1475	870	870	335319	335319	0	859468
RAIL	64	64	365	1109
FOLD	1480	871	871	335706	335706	0	861553
RAIL	46	82	367	1112
FOLD	1481	872	872	336090	336090	0	862063
RAIL	64	64	367	1113
FOLD	1482	873	873	336474	336474	0	862872
RAIL	46	83	367	1114
FOLD	1483	874	874	336861	336861	0	863423
RAIL	64	64	367	1115
FOLD	1484	875	875	337245	337245	0	864215
RAIL	21	107	367	1116
FOLD	1485	876	876	337629	337629	0	864726
RAIL	64	64	367	1117
FOLD	1486	877	877	338013	338013	0	865608
RAIL	21	108	367	1118
FOLD	1487	878	878	338400	338400	0	866117
RAIL	64	64	367	1119
FOLD	1488	879	879	338784	338784	0	867382
RAIL	45	83	367	1120
FOLD	1489	880	880	339168	339168	0	868207
RAIL	64	64	367	1121
FOLD	1490	881	881	339552	339552	0	869467
RAIL	45	84	367	1122
FOLD	1491	882	882	339939	339939	0	870014
RAIL	64	64	367	1123
FOLD	1492	883	883	340323	340323	0	871144
RAIL	22	106	367	1124
FOLD	1493	884	884	340707	340707	0	871585
RAIL	64	64	367	1125
FOLD	1498	885	885	341094	341094	0	875047
RAIL	44	85	369	1128
FOLD	1499	886	886	341481	341481	0	875544
RAIL	64	64	369	1129
FOLD	1504	887	887	341868	341868	0	878240
RAIL	43	85	371	1132
FOLD	1505	888	888	342252	342252	0	878688
RAIL	64	64	371	1133
FOLD	1510	889	889	342639	342639	0	881987
RAIL	24	105	373	1136
FOLD	1511	890	890	343026	343026	0	882488
RAIL	64	64	373	1137
FOLD	1512	891	891	343410	343410	0	883370
RAIL	42	86	373	1138
FOLD	1513	892	892	343794	343794	0	883953
RAIL	64	64	373	1139
FOLD	1514	893	893	344178	344178	0	885073
RAIL	42	87	373	1140
FOLD	1515	894	894	344565	344565	0	885611
RAIL	64	64	373	1141
FOLD	1520	895	895	344952	344952	0	887960
RAIL	41	87	375	1144
FOLD	1521	896	896	345336	345336	0	888625
RAIL	64	64	375	1145
FOLD	1526	897	897	345723	345723	0	891455
RAIL	26	103	377	1148
FOLD	1527	898	898	346110	346110	0	891949
RAIL	64	64	377	1149
FOLD	1528	899	899	346494	346494	0	893265
RAIL	40	88	377	1150
FOLD	1529	900	900	346878	346878	0	893718
RAIL	64	64	377	1151
FOLD	1534	901	901	347265	347265	0	895621
RAIL	27	102	379	1154
FOLD	1535	902	902	347652	347652	0	896091
RAIL	64	64	379	1155
FOLD	1540	903	903	348039	348039	0	898120
RAIL	28	100	381	1158
FOLD	1541	904	904	348423	348423	0	898546
RAIL	64	64	381	1159
FOLD	1542	905	905	348807	348807	0	899360
RAIL	28	101	381	1160
FOLD	1543	906	906	349194	349194	0	899814
RAIL	64	64	381	1161
FOLD	1544	907	907	349578	349578	0	900743
RAIL	38	90	381	1162
FOLD	1545	908	908	349962	349962	0	901186
RAIL	64	64	381	1163
FOLD	1546	909	909	350346	350346	0	902290
RAIL	38	91	381	1164
FOLD	1547	910	910	350733	350733	0	902740
RAIL	64	64	381	1165
FOLD	1552	911	911	351120	351120	0	905060
RAIL	37	91	383	1168
FOLD	1553	912	912	351504	351504	0	905517
RAIL	64	64	383	1169
FOLD	1558	913	913	351891	351891	0	908194
RAIL	30	99	385	1172
FOLD	1559	914	914	352278	352278	0	908687
RAIL	64	64	385	1173
FOLD	1562	915	915	352662	352662	0	910892
RAIL	36	93	386	1175
FOLD	1563	916	916	353049	353049	0	911360
RAIL	64	64	386	1176
FOLD	1568	917	917	353436	353436	0	913340
RAIL	35	93	388	1179
FOLD	1569	918	918	353820	353820	0	913774
RAIL	64	64	388	1180
FOLD	1570	919	919	354204	354204	0	914601
RAIL	35	94	388	1181
FOLD	1571	920	920	354591	354591	0	915098
RAIL	64	64	388	1182
FOLD	1572	921	921	354975	354975	0	916141
RAIL	32	96	388	1183
FOLD	1573	922	922	355359	355359	0	916615
RAIL	64	64	388	1184
FOLD	1578	923	923	355746	355746	0	919218
RAIL	34	95	390	1187
FOLD	1579	924	924	356133	356133	0	919883
RAIL	64	64	390	1188
FOLD	1584	925	925	356520	356520	0	922864
RAIL	64	64	392	1191
FOLD	1589	926	926	356907	356907	0	926824
RAIL	64	64	394	1194
FOLD	1590	927	927	357291	357291	0	927742
RAIL	64	64	394	1195
FOLD	1591	928	928	357675	357675	0	928682
RAIL	63	65	394	1196
FOLD	1592	929	929	358059	358059	0	929141
RAIL	64	64	394	1197
FOLD	1593	930	930	358443	358443	0	930204
RAIL	63	66	394	1198
FOLD	1594	931	931	358830	358830	0	930700
RAIL	64	64	394	1199
FOLD	1607	932	932	359220	359220	0	938429
RAIL	64	64	400	1206
FOLD	1608	933	933	359604	359604	0	939378
RAIL	64	64	400	1207
FOLD	1609	934	934	359988	359988	0	940462
RAIL	60	68	400	1208
FOLD	1610	935	935	360372	360372	0	940944
RAIL	64	64	400	1209
FOLD	1619	936	936	360762	360762	0	945436
RAIL	8	120	404	1214
FOLD	1634	937	937	361146	361146	0	952317
RAIL	64	64	411	1222
FOLD	1635	938	938	361530	361530	0	953502
RAIL	10	118	411	1223
FOLD	1636	939	939	361914	361914	0	953936
RAIL	64	64	411	1224
FOLD	1641	940	940	362301	362301	0	956163
RAIL	56	73	413	1227
FOLD	1642	941	941	362688	362688	0	956667
RAIL	64	64	413	1228
FOLD	1661	942	942	363072	363072	0	966081
RAIL	13	116	422	1238
FOLD	1662	943	943	363459	363459	0	966514
RAIL	64	64	422	1239
FOLD	1667	944	944	363846	363846	0	968645
RAIL	14	114	424	1242
FOLD	1668	945	945	364230	364230	0	969154
RAIL	64	64	424	1243
FOLD	1673	946	946	364617	364617	0	971785
RAIL	52	77	426	1246
FOLD	1674	947	947	365004	365004	0	972268
RAIL	64	64	426	1247
FOLD	1677	948	948	365388	365388	0	974654
RAIL	15	114	427	1249
FOLD	1678	949	949	365775	365775	0	975119
RAIL	64	64	427	1250
FOLD	1683	950	950	366162	366162	0	977211
RAIL	16	112	429	1253
FOLD	1684	951	951	366546	366546	0	977659
RAIL	64	64	429	1254
FOLD	1685	952	952	366930	366930	0	978480
RAIL	16	113	429	1255
FOLD	1686	953	953	367317	367317	0	978987
RAIL	64	64	429	1256
FOLD	1687	954	954	367701	367701	0	979792
RAIL	50	78	429	1257
FOLD	1688	955	955	368085	368085	0	980305
RAIL	64	64	429	1258
FOLD	1689	956	956	368469	368469	0	981156
RAIL	50	79	429	1259
FOLD	1690	957	957	368856	368856	0	981717
RAIL	64	64	429	1260
FOLD	1691	958	958	369240	369240	0	982579
RAIL	17	111	429	1261
FOLD	1692	959	959	369624	369624	0	983043
RAIL	64	64	429	1262
FOLD	1693	960	960	370008	370008	0	984092
RAIL	17	112	429	1263
FOLD	1694	961	961	370395	370395	0	984685
RAIL	64	64	429	1264
FOLD	1699	962	962	370782	370782	0	987130
RAIL	18	110	431	1267
FOLD	1700	963	963	371166	371166	0	987589
RAIL	64	64	431	1268
FOLD	1705	964	964	371553	371553	0	990016
RAIL	48	81	433	1271
FOLD	1706	965	965	371940	371940	0	990487
RAIL	64	64	433	1272
FOLD	1709	966	966	372324	372324	0	992849
RAIL	19	110	434	1274
FOLD	1710	967	967	372711	372711	0	993300
RAIL	64	64	434	1275
FOLD	1715	968	968	373098	373098	0	995439
RAIL	20	108	436	1278
FOLD	1716	969	969	373482	373482	0	995864
RAIL	64	64	436	1279
FOLD	1717	970	970	373866	373866	0	996801
RAIL	20	109	436	1280
FOLD	1718	971	971	374253	374253	0	997252
RAIL	64	64	436	1281
FOLD	1719	972	972	374637	374637	0	998312
RAIL	46	82	436	1282
FOLD	1720	973	973	375021	375021	0	998763
RAIL	64	64	436	1283
FOLD	1725	974	974	375408	375408	0	1001031
RAIL	21	108	438	1286
FOLD	1726	975	975	375795	375795	0	1001481
RAIL	64	64	438	1287
FOLD	1731	976	976	376182	376182	0	1003985
RAIL	22	106	440	1290
FOLD	1732	977	977	376566	376566	0	1004437
RAIL	64	64	440	1291
FOLD	1735	978	978	376953	376953	0	1006986
RAIL	44	84	441	1293
FOLD	1736	979	979	377337	377337	0	1007560
RAIL	64	64	441	1294
FOLD	1741	980	980	377724	377724	0	1009931
RAIL	23	106	443	1297
FOLD	1742	981	981	378111	378111	0	1010445
RAIL	64	64	443	1298
FOLD	1743	982	982	378495	378495	0	1011270
RAIL	43	85	443	1299
FOLD	1744	983	983	378879	378879	0	1011842
RAIL	64	64	443	1300
FOLD	1745	984	984	379263	379263	0	1012684
RAIL	43	86	443	1301
FOLD	1746	985	985	379650	379650	0	1013247
RAIL	64	64	443	1302
FOLD	1747	986	986	380034	380034	0	1014292
RAIL	24	104	443	1303
FOLD	1748	987	987	380418	380418	0	1014735
RAIL	64	64	443	1304
FOLD	1753	988	988	380805	380805	0	1017135
RAIL	42	87	445	1307
FOLD	1754	989	989	381192	381192	0	1017631
RAIL	64	64	445	1308
FOLD	1759	990	990	381579	381579	0	1020100
RAIL	41	87	447	1311
FOLD	1760	991	991	381963	381963	0	1020552
RAIL	64	64	447	1312
FOLD	1763	992	992	382350	382350	0	1023080
RAIL	26	102	448	1314
FOLD	1764	993	993	382734	382734	0	1023523
RAIL	64	64	448	1315
FOLD	1769	994	994	383121	383121	0	1025756
RAIL	40	89	450	1318
FOLD	1770	995	995	383508	383508	0	1026259
RAIL	64	64	450	1319
FOLD	1771	996	996	383892	383892	0	1027171
RAIL	27	101	450	1320
FOLD	1772	997	997	384276	384276	0	1027655
RAIL	64	64	450	1321
FOLD	1773	998	998	384660	384660	0	1028733
RAIL	27	102	450	1322
FOLD	1774	999	999	385047	385047	0	1029246
RAIL	64	64	450	1323
FOLD	1779	1000	1000	385434	385434	0	1031651
RAIL	28	100	452	1326
FOLD	1780	1001	1001	385818	385818	0	1032102
RAIL	64	64	452	1327
FOLD	1785	1002	1002	386205	386205	0	1034967
RAIL	38	91	454	1330
FOLD	1786	1003	1003	386592	386592	0	1035475
RAIL	64	64	454	1331
FOLD	1791	1004	1004	386979	386979	0	1039186
RAIL	37	91	456	1334
FOLD	1792	1005	1005	387363	387363	0	1039637
RAIL	64	64	456	1335
FOLD	1793	1006	1006	387747	387747	0	1040471
RAIL	37	92	456	1336
FOLD	1794	1007	1007	388134	388134	0	1040937
RAIL	64	64	456	1337
FOLD	1795	1008	1008	388518	388518	0	1041758
RAIL	30	98	456	1338
FOLD	1796	1009	1009	388902	388902	0	1042282
RAIL	64	64	456	1339
FOLD	1797	1010	1010	389286	389286	0	1043158
RAIL	30	99	456	1340
FOLD	1798	1011	1011	389673	389673	0	1043611
RAIL	64	64	456	1341
FOLD	1803	1012	1012	390060	390060	0	1047979
RAIL	31	97	458	1344
FOLD	1804	1013	1013	390444	390444	0	1048457
RAIL	64	64	458	1345
FOLD	1807	1014	1014	390831	390831	0	1050940
RAIL	35	93	459	1347
FOLD	1808	1015	1015	391215	391215	0	1051396
RAIL	64	64	459	1348
FOLD	1813	1016	1016	391602	391602	0	1054093
RAIL	32	97	461	1351
FOLD	1814	1017	1017	391989	391989	0	1054540
RAIL	64	64	461	1352
FOLD	1815	1018	1018	392373	392373	0	1055608
RAIL	34	94	461	1353
FOLD	1816	1019	1019	392757	392757	0	1056062
RAIL	64	64	461	1354
FOLD	1819	1020	1020	393144	393144	0	1058484
RAIL	33	95	462	1356
FOLD	1820	1021	1021	393528	393528	0	1058960
RAIL	64	64	462	1357
FOLD	1827	1022	1022	393918	393918	0	1064014
RAIL	64	64	465	1361
FOLD	1832	1023	1023	394302	394302	0	1066469
RAIL	63	66	467	1364
FOLD	1833	1024	1024	394689	394689	0	1066998
RAIL	64	64	467	1365
FOLD	1834	1025	1025	395073	395073	0	1067944
RAIL	64	64	467	1366
FOLD	1839	1026	1026	395460	395460	0	1072064
RAIL	64	64	469	1369
FOLD	1844	1027	1027	395844	395844	0	1077951
RAIL	61	68	471	1372
FOLD	1845	1028	1028	396231	396231	0	1078813
RAIL	64	64	471	1373
FOLD	1852	1029	1029	396618	396618	0	1083756
RAIL	64	64	474	1377
FOLD	1853	1030	1030	397002	397002	0	1084677
RAIL	64	64	474	1378
FOLD	1854	1031	1031	397386	397386	0	1085478
RAIL	59	69	474	1379
FOLD	1855	1032	1032	397770	397770	0	1085960
RAIL	64	64	474	1380
FOLD	1856	1033	1033	398154	398154	0	1086734
RAIL	59	70	474	1381
FOLD	1857	1034	1034	398541	398541	0	1087215
RAIL	64	64	474	1382
FOLD	1858	1035	1035	398925	398925	0	1088097
RAIL	8	120	474	1383
FOLD	1859	1036	1036	399309	399309	0	1088679
RAIL	64	64	474	1384
FOLD	1860	1037	1037	399693	399693	0	1089979
RAIL	8	121	474	1385
FOLD	1861	1038	1038	400080	400080	0	1090421
RAIL	64	64	474	1386
FOLD	1862	1039	1039	400464	400464	0	1091219
RAIL	58	70	474	1387
FOLD	1863	1040	1040	400848	400848	0	1091702
RAIL	64	64	474	1388
FOLD	1864	1041	1041	401232	401232	0	1092829
RAIL	58	71	474	1389
FOLD	1865	1042	1042	401619	401619	0	1093294
RAIL	64	64	474	1390
FOLD	1890	1043	1043	402009	402009	0	1104200
RAIL	12	116	486	1403
FOLD	1895	1044	1044	402390	402390	0	1107113
RAIL	64	64	488	1406
FOLD	1912	1045	1045	402780	402780	0	1116743
RAIL	52	77	496	1415
FOLD	1913	1046	1046	403167	403167	0	1117217
RAIL	64	64	496	1416
FOLD	1914	1047	1047	403551	403551	0	1118035
RAIL	15	113	496	1417
FOLD	1915	1048	1048	403935	403935	0	1118573
RAIL	64	64	496	1418
FOLD	1916	1049	1049	404319	404319	0	1119496
RAIL	15	114	496	1419
FOLD	1917	1050	1050	404706	404706	0	1119924
RAIL	64	64	496	1420
FOLD	1918	1051	1051	405090	405090	0	1121084
RAIL	51	77	496	1421
FOLD	1919	1052	1052	405474	405474	0	1121536
RAIL	64	64	496	1422
FOLD	1924	1053	1053	405861	405861	0	1123890
RAIL	16	113	498	1425
FOLD	1925	1054	1054	406248	406248	0	1124380
RAIL	64	64	498	1426
FOLD	1930	1055	1055	406635	406635	0	1127158
RAIL	17	111	500	1429
FOLD	1931	1056	1056	407019	407019	0	1127622
RAIL	64	64	500	1430
FOLD	1934	1057	1057	407406	407406	0	1130203
RAIL	49	79	501	1432
FOLD	1935	1058	1058	407790	407790	0	1130716
RAIL	64	64	501	1433
FOLD	1940	1059	1059	408177	408177	0	1133031
RAIL	18	111	503	1436
FOLD	1941	1060	1060	408564	408564	0	1133457
RAIL	64	64	503	1437
FOLD	1942	1061	1061	408948	408948	0	1134306
RAIL	48	80	503	1438
FOLD	1943	1062	1062	409332	409332	0	1134839
RAIL	64	64	503	1439
FOLD	1944	1063	1063	409716	409716	0	1136040
RAIL	48	81	503	1440
FOLD	1945	1064	1064	410103	410103	0	1136575
RAIL	64	64	503	1441
FOLD	1950	1065	1065	410490	410490	0	1138902
RAIL	47	81	505	1444
FOLD	1951	1066	1066	410874	410874	0	1139505
RAIL	64	64	505	1445
FOLD	1956	1067	1067	411261	411261	0	1142521
RAIL	20	109	507	1448
FOLD	1957	1068	1068	411648	411648	0	1143060
RAIL	64	64	507	1449
FOLD	1958	1069	1069	412032	412032	0	1144190
RAIL	46	82	507	1450
FOLD	1959	1070	1070	412416	412416	0	1144751
RAIL	64	64	507	1451
FOLD	1964	1071	1071	412803	412803	0	1146669
RAIL	21	108	509	1454
FOLD	1965	1072	1072	413190	413190	0	1147241
RAIL	64	64	509	1455
FOLD	1970	1073	1073	413577	413577	0	1149290
RAIL	22	106	511	1458
FOLD	1971	1074	1074	413961	413961	0	1149737
RAIL	64	64	511	1459
FOLD	1972	1075	1075	414345	414345	0	1150612
RAIL	22	107	511	1460
FOLD	1973	1076	1076	414732	414732	0	1151046
RAIL	64	64	511	1461
FOLD	1974	1077	1077	415116	415116	0	1151923
RAIL	44	84	511	1462
FOLD	1975	1078	1078	415500	415500	0	1152395
RAIL	64	64	511	1463
FOLD	1976	1079	1079	415884	415884	0	1153289
RAIL	44	85	511	1464
FOLD	1977	1080	1080	416271	416271	0	1153749
RAIL	64	64	511	1465
FOLD	1978	1081	1081	416655	416655	0	1154811
RAIL	23	105	511	1466
FOLD	1979	1082	1082	417039	417039	0	1155307
RAIL	64	64	511	1467
FOLD	1984	1083	1083	417426	417426	0	1157716
RAIL	43	86	513	1470
FOLD	1985	1084	1084	417813	417813	0	1158161
RAIL	64	64	513	1471
FOLD	1990	1085	1085	418200	418200	0	1160962
RAIL	42	86	515	1474
FOLD	1991	1086	1086	418584	418584	0	1161565
RAIL	64	64	515	1475
FOLD	1996	1087	1087	418971	418971	0	1165058
RAIL	25	104	517	1478
FOLD	1997	1088	1088	419358	419358	0	1165601
RAIL	64	64	517	1479
FOLD	1998	1089	1089	419742	419742	0	1166450
RAIL	41	87	517	1480
FOLD	1999	1090	1090	420126	420126	0	1167078
RAIL	64	64	517	1481
FOLD	2000	1091	1091	420510	420510	0	1168252
RAIL	41	88	517	1482
FOLD	2001	1092	1092	420897	420897	0	1168830
RAIL	64	64	517	1483
FOLD	2006	1093	1093	421284	421284	0	1171556
RAIL	40	88	519	1486
FOLD	2007	1094	1094	421668	421668	0	1172398
RAIL	64	64	519	1487
FOLD	2012	1095	1095	422055	422055	0	1175363
RAIL	27	102	521	1490
FOLD	2013	1096	1096	422442	422442	0	1175886
RAIL	64	64	521	1491
FOLD	2016	1097	1097	422826	422826	0	1178610
RAIL	39	90	522	1493
FOLD	2017	1098	1098	423213	423213	0	1179095
RAIL	64	64	522	1494
FOLD	2022	1099	1099	423600	423600	0	1181393
RAIL	38	90	524	1497
FOLD	2023	1100	1100	423984	423984	0	1181864
RAIL	64	64	524	1498
FOLD	2024	1101	1101	424368	424368	0	1182755
RAIL	38	91	524	1499
FOLD	2025	1102	1102	424755	424755	0	1183223
RAIL	64	64	524	1500
FOLD	2026	1103	1103	425139	425139	0	1184094
RAIL	29	99	524	1501
FOLD	2027	1104	1104	425523	425523	0	1184559
RAIL	64	64	524	1502
FOLD	2028	1105	1105	425907	425907	0	1185636
RAIL	29	100	524	1503
FOLD	2029	1106	1106	426294	426294	0	1186139
RAIL	64	64	524	1504
FOLD	2034	1107	1107	426681	426681	0	1188620
RAIL	30	98	526	1507
FOLD	2035	1108	1108	427065	427065	0	1189179
RAIL	64	64	526	1508
FOLD	2040	1109	1109	427452	427452	0	1191887
RAIL	36	93	528	1511
FOLD	2041	1110	1110	427839	427839	0	1192363
RAIL	64	64	528	1512
FOLD	2042	1111	1111	428223	428223	0	1193517
RAIL	31	97	528	1513
FOLD	2043	1112	1112	428607	428607	0	1194105
RAIL	64	64	528	1514
FOLD	2048	1113	1113	428994	428994	0	1196025
RAIL	35	94	530	1517
FOLD	2049	1114	1114	429381	429381	0	1196630
RAIL	64	64	530	1518
FOLD	2054	1115	1115	429768	429768	0	1198812
RAIL	34	94	532	1521
FOLD	2055	1116	1116	430152	430152	0	1199309
RAIL	64	64	532	1522
FOLD	2056	1117	1117	430536	430536	0	1200169
RAIL	34	95	532	1523
FOLD	2057	1118	1118	430923	430923	0	1200661
RAIL	64	64	532	1524
FOLD	2058	1119	1119	431307	431307	0	1201720
RAIL	33	95	532	1525
FOLD	2059	1120	1120	431691	431691	0	1202240
RAIL	64	64	532	1526
FOLD	2072	1121	1121	432084	432084	0	1209961
RAIL	64	64	538	1533
FOLD	2073	1122	1122	432468	432468	0	1210812
RAIL	64	64	538	1534
FOLD	2074	1123	1123	432852	432852	0	1211702
RAIL	64	64	538	1535
FOLD	2075	1124	1124	433236	433236	0	1212669
RAIL	62	66	538	1536
FOLD	2076	1125	1125	433620	433620	0	1213171
RAIL	64	64	538	1537
FOLD	2077	1126	1126	434004	434004	0	1214057
RAIL	62	67	538	1538
FOLD	2078	1127	1127	434391	434391	0	1214521
RAIL	64	64	538	1539
FOLD	2079	1128	1128	434775	434775	0	1215537
RAIL	64	64	538	1540
FOLD	2084	1129	1129	435162	435162	0	1218277
RAIL	64	64	540	1543
FOLD	2093	1130	1130	435549	435549	0	1225463
RAIL	59	69	544	1548
FOLD	2094	1131	1131	435933	435933	0	1226008
RAIL	64	64	544	1549
FOLD	2095	1132	1132	436317	436317	0	1227029
RAIL	59	70	544	1550
FOLD	2096	1133	1133	436704	436704	0	1227536
RAIL	64	64	544	1551
FOLD	2101	1134	1134	437091	437091	0	1229831
RAIL	58	70	546	1554
FOLD	2102	1135	1135	437475	437475	0	1230301
RAIL	64	64	546	1555
FOLD	2107	1136	1136	437862	437862	0	1233037
RAIL	9	120	548	1558
FOLD	2108	1137	1137	438249	438249	0	1233455
RAIL	64	64	548	1559
FOLD	2109	1138	1138	438633	438633	0	1234675
RAIL	57	71	548	1560
FOLD	2110	1139	1139	439017	439017	0	1235205
RAIL	64	64	548	1561
FOLD	2127	1140	1140	439401	439401	0	1242375
RAIL	55	74	556	1570
FOLD	2128	1141	1141	439788	439788	0	1242868
RAIL	64	64	556	1571
FOLD	2133	1142	1142	440175	440175	0	1245384
RAIL	54	74	558	1574
FOLD	2134	1143	1143	440559	440559	0	1246177
RAIL	64	64	558	1575
FOLD	2153	1144	1144	440946	440946	0	1255827
RAIL	15	113	567	1585
FOLD	2154	1145	1145	441330	441330	0	1256274
RAIL	64	64	567	1586
FOLD	2159	1146	1146	441717	441717	0	1258346
RAIL	51	78	569	1589
FOLD	2160	1147	1147	442104	442104	0	1258825
RAIL	64	64	569	1590
FOLD	2165	1148	1148	442491	442491	0	1261602
RAIL	50	78	571	1593
FOLD	2166	1149	1149	442875	442875	0	1262127
RAIL	64	64	571	1594
FOLD	2169	1150	1150	443262	443262	0	1264567
RAIL	17	111	572	1596
FOLD	2170	1151	1151	443646	443646	0	1265063
RAIL	64	64	572	1597
FOLD	2175	1152	1152	444033	444033	0	1267413
RAIL	49	80	574	1600
FOLD	2176	1153	1153	444420	444420	0	1267991
RAIL	64	64	574	1601
FOLD	2177	1154	1154	444804	444804	0	1268907
RAIL	18	110	574	1602
FOLD	2178	1155	1155	445188	445188	0	1269375
RAIL	64	64	574	1603
FOLD	2179	1156	1156	445572	445572	0	1270232
RAIL	18	111	574	1604
FOLD	2180	1157	1157	445959	445959	0	1270746
RAIL	64	64	574	1605
FOLD	2181	1158	1158	446343	446343	0	1272258
RAIL	48	80	574	1606
FOLD	2182	1159	1159	446727	446727	0	1273105
RAIL	64	64	574	1607
FOLD	2183	1160	1160	447111	447111	0	1274746
RAIL	48	81	574	1608
FOLD	2184	1161	1161	447498	447498	0	1275182
RAIL	64	64	574	1609
FOLD	2189	1162	1162	447885	447885	0	1277545
RAIL	47	81	576	1612
FOLD	2190	1163	1163	448269	448269	0	1278063
RAIL	64	64	576	1613
FOLD	2195	1164	1164	448656	448656	0	1280786
RAIL	20	109	578	1616
FOLD	2196	1165	1165	449043	449043	0	1281227
RAIL	64	64	578	1617
FOLD	2197	1166	1166	449427	449427	0	1282323
RAIL	46	82	578	1618
FOLD	2198	1167	1167	449811	449811	0	1282789
RAIL	64	64	578	1619
FOLD	2203	1168	1168	450198	450198	0	1284733
RAIL	21	108	580	1622
FOLD	2204	1169	1169	450585	450585	0	1285262
RAIL	64	64	580	1623
FOLD	2209	1170	1170	450972	450972	0	1287444
RAIL	22	106	582	1626
FOLD	2210	1171	1171	451356	451356	0	1287933
RAIL	64	64	582	1627
FOLD	2211	1172	1172	451740	451740	0	1288906
RAIL	22	107	582	1628
FOLD	2212	1173	1173	452127	452127	0	1289447
RAIL	64	64	582	1629
FOLD	2213	1174	1174	452511	452511	0	1290606
RAIL	44	84	582	1630
FOLD	2214	1175	1175	452895	452895	0	1291133
RAIL	64	64	582	1631
FOLD	2219	1176	1176	453282	453282	0	1293642
RAIL	23	106	584	1634
FOLD	2220	1177	1177	453669	453669	0	1294147
RAIL	64	64	584	1635
FOLD	2225	1178	1178	454056	454056	0	1296854
RAIL	24	104	586	1638
FOLD	2226	1179	1179	454440	454440	0	1297421
RAIL	64	64	586	1639
FOLD	2231	1180	1180	454827	454827	0	1300656
RAIL	42	87	588	1642
FOLD	2232	1181	1181	455214	455214	0	1301173
RAIL	64	64	588	1643
FOLD	2233	1182	1182	455598	455598	0	1302054
RAIL	25	103	588	1644
FOLD	2234	1183	1183	455982	455982	0	1302486
RAIL	64	64	588	1645
FOLD	2235	1184	1184	456366	456366	0	1303383
RAIL	25	104	588	1646
FOLD	2236	1185	1185	456753	456753	0	1303828
RAIL	64	64	588	1647
FOLD	2237	1186	1186	457137	457137	0	1305012
RAIL	41	87	588	1648
FOLD	2238	1187	1187	457521	457521	0	1305480
RAIL	64	64	588	1649
FOLD	2243	1188	1188	457908	457908	0	1307746
RAIL	26	103	590	1652
FOLD	2244	1189	1189	458295	458295	0	1308210
RAIL	64	64	590	1653
FOLD	2249	1190	1190	458682	458682	0	1310975
RAIL	27	101	592	1656
FOLD	2250	1191	1191	459066	459066	0	1311464
RAIL	64	64	592	1657
FOLD	2253	1192	1192	459453	459453	0	1314002
RAIL	39	89	593	1659
FOLD	2254	1193	1193	459837	459837	0	1314587
RAIL	64	64	593	1660
FOLD	2259	1194	1194	460224	460224	0	1317009
RAIL	28	101	595	1663
FOLD	2260	1195	1195	460611	460611	0	1317571
RAIL	64	64	595	1664
FOLD	2261	1196	1196	460995	460995	0	1318477
RAIL	38	90	595	1665
FOLD	2262	1197	1197	461379	461379	0	1319030
RAIL	64	64	595	1666
FOLD	2263	1198	1198	461763	461763	0	1320183
RAIL	38	91	595	1667
FOLD	2264	1199	1199	462150	462150	0	1320800
RAIL	64	64	595	1668
FOLD	2269	1200	1200	462537	462537	0	1323274
RAIL	37	91	597	1671
FOLD	2270	1201	1201	462921	462921	0	1323824
RAIL	64	64	597	1672
FOLD	2275	1202	1202	463308	463308	0	1326872
RAIL	30	99	599	1675
FOLD	2276	1203	1203	463695	463695	0	1327379
RAIL	64	64	599	1676
FOLD	2277	1204	1204	464079	464079	0	1328570
RAIL	36	92	599	1677
FOLD	2278	1205	1205	464463	464463	0	1329082
RAIL	64	64	599	1678
FOLD	2283	1206	1206	464850	464850	0	1331032
RAIL	31	98	601	1681
FOLD	2284	1207	1207	465237	465237	0	1331574
RAIL	64	64	601	1682
FOLD	2289	1208	1208	465624	465624	0	1333905
RAIL	32	96	603	1685
FOLD	2290	1209	1209	466008	466008	0	1334414
RAIL	64	64	603	1686
FOLD	2291	1210	1210	466392	466392	0	1335274
RAIL	32	97	603	1687
FOLD	2292	1211	1211	466779	466779	0	1335781
RAIL	64	64	603	1688
FOLD	2293	1212	1212	467163	467163	0	1336613
RAIL	34	94	603	1689
FOLD	2294	1213	1213	467547	467547	0	1337131
RAIL	64	64	603	1690
FOLD	2295	1214	1214	467931	467931	0	1338065
RAIL	34	95	603	1691
FOLD	2296	1215	1215	468318	468318	0	1338583
RAIL	64	64	603	1692
FOLD	2297	1216	1216	468702	468702	0	1339448
RAIL	33	95	603	1693
FOLD	2298	1217	1217	469086	469086	0	1339964
RAIL	64	64	603	1694
FOLD	2299	1218	1218	469470	469470	0	1340846
RAIL	33	96	603	1695
FOLD	2300	1219	1219	469857	469857	0	1341403
RAIL	64	64	603	1696
FOLD	2301	1220	1220	470241	470241	0	1342493
RAIL	64	64	603	1697
FOLD	2314	1221	1221	470631	470631	0	1350822
RAIL	62	66	609	1704
FOLD	2315	1222	1222	471015	471015	0	1351397
RAIL	64	64	609	1705
FOLD	2316	1223	1223	471399	471399	0	1352675
RAIL	62	67	609	1706
FOLD	2317	1224	1224	471786	471786	0	1353622
RAIL	64	64	609	1707
FOLD	2328	1225	1225	472173	472173	0	1361851
RAIL	60	69	614	1713
FOLD	2329	1226	1226	472560	472560	0	1362391
RAIL	64	64	614	1714
FOLD	2334	1227	1227	472944	472944	0	1365089
RAIL	59	70	616	1717
FOLD	2335	1228	1228	473331	473331	0	1365651
RAIL	64	64	616	1718
FOLD	2336	1229	1229	473715	473715	0	1366633
RAIL	8	120	616	1719
FOLD	2345	1230	1230	474099	474099	0	1371015
RAIL	64	64	620	1724
FOLD	2350	1231	1231	474486	474486	0	1375638
RAIL	57	72	622	1727
FOLD	2351	1232	1232	474873	474873	0	1376211
RAIL	64	64	622	1728
FOLD	2354	1233	1233	475257	475257	0	1378653
RAIL	10	119	623	1730
FOLD	2355	1234	1234	475644	475644	0	1379195
RAIL	64	64	623	1731
FOLD	2360	1235	1235	476031	476031	0	1381666
RAIL	11	117	625	1734
FOLD	2365	1236	1236	476412	476412	0	1384670
RAIL	64	64	627	1737
FOLD	2382	1237	1237	476802	476802	0	1394027
RAIL	53	76	635	1746
FOLD	2383	1238	1238	477189	477189	0	1394543
RAIL	64	64	635	1747
FOLD	2384	1239	1239	477573	477573	0	1395345
RAIL	14	114	635	1748
FOLD	2389	1240	1240	477954	477954	0	1397868
RAIL	64	64	637	1751
FOLD	2390	1241	1241	478338	478338	0	1399000
RAIL	52	77	637	1752
FOLD	2391	1242	1242	478725	478725	0	1399590
RAIL	64	64	637	1753
FOLD	2408	1243	1243	479115	479115	0	1408371
RAIL	17	111	645	1762
FOLD	2409	1244	1244	479499	479499	0	1408909
RAIL	64	64	645	1763
FOLD	2410	1245	1245	479883	479883	0	1409753
RAIL	17	112	645	1764
FOLD	2411	1246	1246	480270	480270	0	1410238
RAIL	64	64	645	1765
FOLD	2412	1247	1247	480654	480654	0	1411332
RAIL	49	79	645	1766
FOLD	2413	1248	1248	481038	481038	0	1411849
RAIL	64	64	645	1767
FOLD	2418	1249	1249	481425	481425	0	1415049
RAIL	18	111	647	1770
FOLD	2419	1250	1250	481812	481812	0	1415544
RAIL	64	64	647	1771
FOLD	2424	1251	1251	482199	482199	0	1418154
RAIL	19	109	649	1774
FOLD	2425	1252	1252	482583	482583	0	1418632
RAIL	64	64	649	1775
FOLD	2428	1253	1253	482970	482970	0	1420801
RAIL	47	81	650	1777
FOLD	2429	1254	1254	483354	483354	0	1421360
RAIL	64	64	650	1778
FOLD	2434	1255	1255	483741	483741	0	1423398
RAIL	20	109	652	1781
FOLD	2435	1256	1256	484128	484128	0	1423927
RAIL	64	64	652	1782
FOLD	2436	1257	1257	484512	484512	0	1424788
RAIL	46	82	652	1783
FOLD	2437	1258	1258	484896	484896	0	1425297
RAIL	64	64	652	1784
FOLD	2438	1259	1259	485280	485280	0	1426144
RAIL	46	83	652	1785
FOLD	2439	1260	1260	485667	485667	0	1426714
RAIL	64	64	652	1786
FOLD	2440	1261	1261	486051	486051	0	1427760
RAIL	21	107	652	1787
FOLD	2441	1262	1262	486435	486435	0	1428266
RAIL	64	64	652	1788
FOLD	2448	1263	1263	486825	486825	0	1432824
RAIL	22	106	655	1792
FOLD	2449	1264	1264	487209	487209	0	1433305
RAIL	64	64	655	1793
FOLD	2450	1265	1265	487593	487593	0	1434422
RAIL	22	107	655	1794
FOLD	2451	1266	1266	487980	487980	0	1434957
RAIL	64	64	655	1795
FOLD	2458	1267	1267	488367	488367	0	1438618
RAIL	23	106	658	1799
FOLD	2459	1268	1268	488754	488754	0	1439066
RAIL	64	64	658	1800
FOLD	2460	1269	1269	489138	489138	0	1440158
RAIL	43	85	658	1801
FOLD	2461	1270	1270	489522	489522	0	1440702
RAIL	64	64	658	1802
FOLD	2462	1271	1271	489906	489906	0	1441837
RAIL	43	86	658	1803
FOLD	2463	1272	1272	490293	490293	0	1442292
RAIL	64	64	658	1804
FOLD	2468	1273	1273	490680	490680	0	1444630
RAIL	42	86	660	1807
FOLD	2469	1274	1274	491064	491064	0	1445141
RAIL	64	64	660	1808
FOLD	2474	1275	1275	491451	491451	0	1447807
RAIL	25	104	662	1811
FOLD	2475	1276	1276	491838	491838	0	1448255
RAIL	64	64	662	1812
FOLD	2478	1277	1277	492222	492222	0	1450684
RAIL	41	88	663	1814
FOLD	2479	1278	1278	492609	492609	0	1451240
RAIL	64	64	663	1815
FOLD	2484	1279	1279	492996	492996	0	1453459
RAIL	40	88	665	1818
FOLD	2485	1280	1280	493380	493380	0	1453987
RAIL	64	64	665	1819
FOLD	2486	1281	1281	493764	493764	0	1454925
RAIL	40	89	665	1820
FOLD	2487	1282	1282	494151	494151	0	1455447
RAIL	64	64	665	1821
FOLD	2488	1283	1283	494535	494535	0	1456367
RAIL	27	101	665	1822
FOLD	2489	1284	1284	494919	494919	0	1456957
RAIL	64	64	665	1823
FOLD	2490	1285	1285	495303	495303	0	1457966
RAIL	27	102	665	1824
FOLD	2491	1286	1286	495690	495690	0	1458483
RAIL	64	64	665	1825
FOLD	2492	1287	1287	496074	496074	0	1459323
RAIL	39	89	665	1826
FOLD	2493	1288	1288	496458	496458	0	1459902
RAIL	64	64	665	1827
FOLD	2494	1289	1289	496842	496842	0	1461076
RAIL	39	90	665	1828
FOLD	2495	1290	1290	497229	497229	0	1461649
RAIL	64	64	665	1829
FOLD	2500	1291	1291	497616	497616	0	1464158
RAIL	38	90	667	1832
FOLD	2501	1292	1292	498000	498000	0	1464688
RAIL	64	64	667	1833
FOLD	2506	1293	1293	498387	498387	0	1467200
RAIL	29	100	669	1836
FOLD	2507	1294	1294	498774	498774	0	1467652
RAIL	64	64	669	1837
FOLD	2510	1295	1295	499158	499158	0	1469898
RAIL	37	92	670	1839
FOLD	2511	1296	1296	499545	499545	0	1470335
RAIL	64	64	670	1840
FOLD	2516	1297	1297	499932	499932	0	1472557
RAIL	36	92	672	1843
FOLD	2517	1298	1298	500316	500316	0	1473050
RAIL	64	64	672	1844
FOLD	2518	1299	1299	500700	500700	0	1474048
RAIL	36	93	672	1845
FOLD	2519	1300	1300	501087	501087	0	1474486
RAIL	64	64	672	1846
FOLD	2520	1301	1301	501471	501471	0	1475575
RAIL	31	97	672	1847
FOLD	2521	1302	1302	501855	501855	0	1476004
RAIL	64	64	672	1848
FOLD	2526	1303	1303	502242	502242	0	1478299
RAIL	35	94	674	1851
FOLD	2527	1304	1304	502629	502629	0	1478840
RAIL	64	64	674	1852
FOLD	2532	1305	1305	503016	503016	0	1481632
RAIL	34	94	676	1855
FOLD	2533	1306	1306	503400	503400	0	1482088
RAIL	64	64	676	1856
FOLD	2536	1307	1307	503787	503787	0	1484618
RAIL	33	95	677	1858
FOLD	2537	1308	1308	504171	504171	0	1485119
RAIL	64	64	677	1859
FOLD	2542	1309	1309	504558	504558	0	1487535
RAIL	64	64	679	1862
FOLD	2543	1310	1310	504942	504942	0	1488468
RAIL	64	65	679	1863
FOLD	2544	1311	1311	505329	505329	0	1488986
RAIL	64	64	679	1864
FOLD	2545	1312	1312	505713	505713	0	1490052
RAIL	64	64	679	1865
FOLD	2550	1313	1313	506100	506100	0	1492349
RAIL	64	64	681	1868
FOLD	2557	1314	1314	506487	506487	0	1497224
RAIL	64	64	684	1872
FOLD	2562	1315	1315	506874	506874	0	1499458
RAIL	64	64	686	1875
FOLD	2563	1316	1316	507258	507258	0	1500299
RAIL	64	64	686	1876
FOLD	2564	1317	1317	507642	507642	0	1501472
RAIL	64	64	686	1877
FOLD	2569	1318	1318	508029	508029	0	1503763
RAIL	64	64	688	1880
FOLD	2574	1319	1319	508416	508416	0	1506403
RAIL	64	64	690	1883
FOLD	2589	1320	1320	508797	508797	0	1514409
RAIL	57	72	697	1891
FOLD	2590	1321	1321	509184	509184	0	1514939
RAIL	64	64	697	1892
FOLD	2591	1322	1322	509568	509568	0	1516044
RAIL	10	118	697	1893
FOLD	2592	1323	1323	509952	509952	0	1516459
RAIL	64	64	697	1894
FOLD	2597	1324	1324	510339	510339	0	1518712
RAIL	56	73	699	1897
FOLD	2598	1325	1325	510726	510726	0	1519173
RAIL	64	64	699	1898
FOLD	2603	1326	1326	511113	511113	0	1521694
RAIL	55	73	701	1901
FOLD	2604	1327	1327	511497	511497	0	1522154
RAIL	64	64	701	1902
FOLD	2607	1328	1328	511884	511884	0	1524687
RAIL	12	116	702	1904
FOLD	2624	1329	1329	512268	512268	0	1531764
RAIL	64	64	710	1913
FOLD	2629	1330	1330	512655	512655	0	1534232
RAIL	52	77	712	1916
FOLD	2630	1331	1331	513042	513042	0	1534721
RAIL	64	64	712	1917
FOLD	2645	1332	1332	513423	513423	0	1542470
RAIL	50	79	719	1925
FOLD	2646	1333	1333	513810	513810	0	1543031
RAIL	64	64	719	1926
FOLD	2651	1334	1334	514197	514197	0	1545410
RAIL	49	79	721	1929
FOLD	2652	1335	1335	514581	514581	0	1545917
RAIL	64	64	721	1930
FOLD	2657	1336	1336	514968	514968	0	1548728
RAIL	18	111	723	1933
FOLD	2658	1337	1337	515355	515355	0	1549293
RAIL	64	64	723	1934
FOLD	2661	1338	1338	515739	515739	0	1551849
RAIL	48	81	724	1936
FOLD	2662	1339	1339	516126	516126	0	1552367
RAIL	64	64	724	1937
FOLD	2667	1340	1340	516513	516513	0	1554407
RAIL	47	81	726	1940
FOLD	2668	1341	1341	516897	516897	0	1554906
RAIL	64	64	726	1941
FOLD	2669	1342	1342	517281	517281	0	1556240
RAIL	47	82	726	1942
FOLD	2670	1343	1343	517668	517668	0	1556739
RAIL	64	64	726	1943
FOLD	2675	1344	1344	518055	518055	0	1560528
RAIL	46	82	728	1946
FOLD	2676	1345	1345	518439	518439	0	1560996
RAIL	64	64	728	1947
FOLD	2681	1346	1346	518826	518826	0	1564634
RAIL	21	108	730	1950
FOLD	2682	1347	1347	519213	519213	0	1565095
RAIL	64	64	730	1951
FOLD	2683	1348	1348	519597	519597	0	1565877
RAIL	45	83	730	1952
FOLD	2684	1349	1349	519981	519981	0	1566444
RAIL	64	64	730	1953
FOLD	2685	1350	1350	520365	520365	0	1567216
RAIL	45	84	730	1954
FOLD	2686	1351	1351	520752	520752	0	1567738
RAIL	64	64	730	1955
FOLD	2687	1352	1352	521136	521136	0	1568599
RAIL	22	106	730	1956
FOLD	2688	1353	1353	521520	521520	0	1569052
RAIL	64	64	730	1957
FOLD	2689	1354	1354	521904	521904	0	1569841
RAIL	22	107	730	1958
FOLD	2690	1355	1355	522291	522291	0	1570346
RAIL	64	64	730	1959
FOLD	2691	1356	1356	522675	522675	0	1571176
RAIL	44	84	730	1960
FOLD	2692	1357	1357	523059	523059	0	1571693
RAIL	64	64	730	1961
FOLD	2693	1358	1358	523443	523443	0	1572642
RAIL	44	85	730	1962
FOLD	2694	1359	1359	523830	523830	0	1573178
RAIL	64	64	730	1963
FOLD	2697	1360	1360	524214	524214	0	1575604
RAIL	23	106	731	1965
FOLD	2698	1361	1361	524601	524601	0	1576143
RAIL	64	64	731	1966
FOLD	2703	1362	1362	524988	524988	0	1578728
RAIL	24	104	733	1969
FOLD	2704	1363	1363	525372	525372	0	1579254
RAIL	64	64	733	1970
FOLD	2705	1364	1364	525756	525756	0	1581061
RAIL	24	105	733	1971
FOLD	2706	1365	1365	526143	526143	0	1581548
RAIL	64	64	733	1972
FOLD	2711	1366	1366	526530	526530	0	1583390
RAIL	25	103	735	1975
FOLD	2712	1367	1367	526914	526914	0	1583822
RAIL	64	64	735	1976
FOLD	2717	1368	1368	527301	527301	0	1586775
RAIL	41	88	737	1979
FOLD	2718	1369	1369	527688	527688	0	1587236
RAIL	64	64	737	1980
FOLD	2719	1370	1370	528072	528072	0	1588156
RAIL	26	102	737	1981
FOLD	2720	1371	1371	528456	528456	0	1588657
RAIL	64	64	737	1982
FOLD	2721	1372	1372	528840	528840	0	1589758
RAIL	26	103	737	1983
FOLD	2722	1373	1373	529227	529227	0	1590224
RAIL	64	64	737	1984
FOLD	2727	1374	1374	529614	529614	0	1592652
RAIL	27	101	739	1987
FOLD	2728	1375	1375	529998	529998	0	1593158
RAIL	64	64	739	1988
FOLD	2733	1376	1376	530385	530385	0	1596241
RAIL	39	90	741	1991
FOLD	2734	1377	1377	530772	530772	0	1596955
RAIL	64	64	741	1992
FOLD	2739	1378	1378	531159	531159	0	1601170
RAIL	38	90	743	1995
FOLD	2740	1379	1379	531543	531543	0	1601699
RAIL	64	64	743	1996
FOLD	2741	1380	1380	531927	531927	0	1602495
RAIL	38	91	743	1997
FOLD	2742	1381	1381	532314	532314	0	1603069
RAIL	64	64	743	1998
FOLD	2743	1382	1382	532698	532698	0	1603888
RAIL	29	99	743	1999
FOLD	2744	1383	1383	533082	533082	0	1604394
RAIL	64	64	743	2000
FOLD	2745	1384	1384	533466	533466	0	1605550
RAIL	29	100	743	2001
FOLD	2746	1385	1385	533853	533853	0	1606004
RAIL	64	64	743	2002
FOLD	2751	1386	1386	534240	534240	0	1608243
RAIL	30	98	745	2005
FOLD	2752	1387	1387	534624	534624	0	1608794
RAIL	64	64	745	2006
FOLD	2757	1388	1388	535011	535011	0	1611586
RAIL	36	93	747	2009
FOLD	2758	1389	1389	535398	535398	0	1612065
RAIL	64	64	747	2010
FOLD	2761	1390	1390	535782	535782	0	1614391
RAIL	31	98	748	2012
FOLD	2762	1391	1391	536169	536169	0	1614895
RAIL	64	64	748	2013
FOLD	2767	1392	1392	536556	536556	0	1616965
RAIL	32	96	750	2016
FOLD	2768	1393	1393	536940	536940	0	1617460
RAIL	64	64	750	2017
FOLD	2769	1394	1394	537324	537324	0	1618320
RAIL	32	97	750	2018
FOLD	2770	1395	1395	537711	537711	0	1618798
RAIL	64	64	750	2019
FOLD	2771	1396	1396	538095	538095	0	1619874
RAIL	34	94	750	2020
FOLD	2772	1397	1397	538479	538479	0	1620403
RAIL	64	64	750	2021
FOLD	2777	1398	1398	538866	538866	0	1622701
RAIL	33	96	752	2024
FOLD	2778	1399	1399	539253	539253	0	1623192
RAIL	64	64	752	2025
FOLD	2783	1400	1400	539640	539640	0	1626608
RAIL	64	64	754	2028
FOLD	2792	1401	1401	540027	540027	0	1630436
RAIL	62	66	758	2033
FOLD	2793	1402	1402	540411	540411	0	1630908
RAIL	64	64	758	2034
FOLD	2794	1403	1403	540795	540795	0	1631757
RAIL	62	67	758	2035
FOLD	2795	1404	1404	541182	541182	0	1632241
RAIL	64	64	758	2036
FOLD	2796	1405	1405	541566	541566	0	1633089
RAIL	64	64	758	2037
FOLD	2797	1406	1406	541950	541950	0	1634173
RAIL	64	64	758	2038
FOLD	2802	1407	1407	542337	542337	0	1636454
RAIL	64	64	760	2041
FOLD	2807	1408	1408	542724	542724	0	1639220
RAIL	64	64	762	2044
FOLD	2812	1409	1409	543108	543108	0	1643034
RAIL	59	70	764	2047
FOLD	2813	1410	1410	543495	543495	0	1643573
RAIL	64	64	764	2048
FOLD	2814	1411	1411	543879	543879	0	1644665
RAIL	8	120	764	2049
FOLD	2815	1412	1412	544263	544263	0	1645117
RAIL	64	64	764	2050
FOLD	2820	1413	1413	544650	544650	0	1647063
RAIL	58	71	766	2053
FOLD	2821	1414	1414	545037	545037	0	1647561
RAIL	64	64	766	2054
FOLD	2840	1415	1415	545421	545421	0	1656876
RAIL	11	118	775	2064
FOLD	2841	1416	1416	545808	545808	0	1657312
RAIL	64	64	775	2065
FOLD	2842	1417	1417	546192	546192	0	1658442
RAIL	55	73	775	2066
FOLD	2843	1418	1418	546576	546576	0	1659190
RAIL	64	64	775	2067
FOLD	2848	1419	1419	546963	546963	0	1661461
RAIL	12	117	777	2070
FOLD	2849	1420	1420	547350	547350	0	1661891
RAIL	64	64	777	2071
FOLD	2854	1421	1421	547737	547737	0	1664631
RAIL	13	115	779	2074
FOLD	2869	1422	1422	548121	548121	0	1671833
RAIL	64	64	786	2082
FOLD	2874	1423	1423	548508	548508	0	1674096
RAIL	51	77	788	2085
FOLD	2875	1424	1424	548892	548892	0	1674560
RAIL	64	64	788	2086
FOLD	2894	1425	1425	549279	549279	0	1683751
RAIL	18	110	797	2096
FOLD	2895	1426	1426	549663	549663	0	1684234
RAIL	64	64	797	2097
FOLD	2896	1427	1427	550047	550047	0	1685134
RAIL	18	111	797	2098
FOLD	2897	1428	1428	550434	550434	0	1685613
RAIL	64	64	797	2099
FOLD	2898	1429	1429	550818	550818	0	1686447
RAIL	48	80	797	2100
FOLD	2899	1430	1430	551202	551202	0	1687232
RAIL	64	64	797	2101
FOLD	2900	1431	1431	551586	551586	0	1688256
RAIL	48	81	797	2102
FOLD	2901	1432	1432	551973	551973	0	1688731
RAIL	64	64	797	2103
FOLD	2906	1433	1433	552360	552360	0	1691277
RAIL	47	81	799	2106
FOLD	2907	1434	1434	552744	552744	0	1691788
RAIL	64	64	799	2107
FOLD	2912	1435	1435	553131	553131	0	1694624
RAIL	20	109	801	2110
FOLD	2913	1436	1436	553518	553518	0	1695148
RAIL	64	64	801	2111
FOLD	2918	1437	1437	553905	553905	0	1698773
RAIL	21	107	803	2114
FOLD	2919	1438	1438	554289	554289	0	1699301
RAIL	64	64	803	2115
FOLD	2920	1439	1439	554673	554673	0	1700125
RAIL	21	108	803	2116
FOLD	2921	1440	1440	555060	555060	0	1700883
RAIL	64	64	803	2117
FOLD	2922	1441	1441	555444	555444	0	1701997
RAIL	45	83	803	2118
FOLD	2923	1442	1442	555828	555828	0	1702533
RAIL	64	64	803	2119
FOLD	2928	1443	1443	556215	556215	0	1704878
RAIL	22	107	805	2122
FOLD	2929	1444	1444	556602	556602	0	1705342
RAIL	64	64	805	2123
FOLD	2934	1445	1445	556989	556989	0	1708185
RAIL	23	105	807	2126
FOLD	2935	1446	1446	557373	557373	0	1708871
RAIL	64	64	807	2127
FOLD	2936	1447	1447	557757	557757	0	1710187
RAIL	23	106	807	2128
FOLD	2937	1448	1448	558144	558144	0	1710674
RAIL	64	64	807	2129
FOLD	2942	1449	1449	558531	558531	0	1712783
RAIL	24	104	809	2132
FOLD	2943	1450	1450	558915	558915	0	1713440
RAIL	64	64	809	2133
FOLD	2948	1451	1451	559302	559302	0	1715725
RAIL	42	87	811	2136
FOLD	2949	1452	1452	559689	559689	0	1716238
RAIL	64	64	811	2137
FOLD	2950	1453	1453	560073	560073	0	1717299
RAIL	25	103	811	2138
FOLD	2951	1454	1454	560457	560457	0	1717819
RAIL	64	64	811	2139
FOLD	2952	1455	1455	560841	560841	0	1718760
RAIL	25	104	811	2140
FOLD	2953	1456	1456	561228	561228	0	1719369
RAIL	64	64	811	2141
FOLD	2956	1457	1457	561612	561612	0	1722038
RAIL	41	88	812	2143
FOLD	2957	1458	1458	561999	561999	0	1722510
RAIL	64	64	812	2144
FOLD	2962	1459	1459	562386	562386	0	1725133
RAIL	40	88	814	2147
FOLD	2963	1460	1460	562770	562770	0	1725621
RAIL	64	64	814	2148
FOLD	2968	1461	1461	563157	563157	0	1729876
RAIL	27	102	816	2151
FOLD	2969	1462	1462	563544	563544	0	1730359
RAIL	64	64	816	2152
FOLD	2970	1463	1463	563928	563928	0	1731738
RAIL	39	89	816	2153
FOLD	2971	1464	1464	564312	564312	0	1732494
RAIL	64	64	816	2154
FOLD	2974	1465	1465	564699	564699	0	1735432
RAIL	28	100	817	2156
FOLD	2975	1466	1466	565083	565083	0	1735958
RAIL	64	64	817	2157
FOLD	2980	1467	1467	565470	565470	0	1738986
RAIL	38	91	819	2160
FOLD	2981	1468	1468	565857	565857	0	1739502
RAIL	64	64	819	2161
FOLD	2984	1469	1469	566241	566241	0	1741766
RAIL	29	100	820	2163
FOLD	2985	1470	1470	566628	566628	0	1742303
RAIL	64	64	820	2164
FOLD	2990	1471	1471	567015	567015	0	1744527
RAIL	30	98	822	2167
FOLD	2991	1472	1472	567399	567399	0	1745158
RAIL	64	64	822	2168
FOLD	2992	1473	1473	567783	567783	0	1746116
RAIL	30	99	822	2169
FOLD	2993	1474	1474	568170	568170	0	1746695
RAIL	64	64	822	2170
FOLD	2994	1475	1475	568554	568554	0	1747637
RAIL	36	92	822	2171
FOLD	2995	1476	1476	568938	568938	0	1748182
RAIL	64	64	822	2172
FOLD	2996	1477	1477	569322	569322	0	1749170
RAIL	36	93	822	2173
FOLD	2997	1478	1478	569709	569709	0	1749744
RAIL	64	64	822	2174
FOLD	3000	1479	1479	570093	570093	0	1752593
RAIL	31	98	823	2176
FOLD	3001	1480	1480	570480	570480	0	1753178
RAIL	64	64	823	2177
FOLD	3006	1481	1481	570867	570867	0	1756301
RAIL	32	96	825	2180
FOLD	3007	1482	1482	571251	571251	0	1756972
RAIL	64	64	825	2181
FOLD	3008	1483	1483	571635	571635	0	1758189
RAIL	32	97	825	2182
FOLD	3009	1484	1484	572022	572022	0	1758742
RAIL	64	64	825	2183
FOLD	3014	1485	1485	572409	572409	0	1760876
RAIL	33	95	827	2186
FOLD	3015	1486	1486	572793	572793	0	1761464
RAIL	64	64	827	2187
FOLD	3020	1487	1487	573180	573180	0	1764043
RAIL	64	64	829	2190
FOLD	3021	1488	1488	573564	573564	0	1765387
RAIL	64	65	829	2191
FOLD	3022	1489	1489	573951	573951	0	1765989
RAIL	64	64	829	2192
FOLD	3033	1490	1490	574338	574338	0	1773409
RAIL	62	67	834	2198
FOLD	3034	1491	1491	574725	574725	0	1773963
RAIL	64	64	834	2199
FOLD	3039	1492	1492	575109	575109	0	1776889
RAIL	61	68	836	2202
FOLD	3040	1493	1493	575496	575496	0	1777438
RAIL	64	64	836	2203
FOLD	3041	1494	1494	575880	575880	0	1778462
RAIL	64	64	836	2204
FOLD	3046	1495	1495	576267	576267	0	1782839
RAIL	64	64	838	2207
FOLD	3051	1496	1496	576651	576651	0	1787658
RAIL	59	70	840	2210
FOLD	3052	1497	1497	577038	577038	0	1788234
RAIL	64	64	840	2211
FOLD	3067	1498	1498	577425	577425	0	1797007
RAIL	57	72	847	2219
FOLD	3068	1499	1499	577812	577812	0	1797544
RAIL	64	64	847	2220
FOLD	3069	1500	1500	578196	578196	0	1798506
RAIL	10	118	847	2221
FOLD	3074	1501	1501	578577	578577	0	1801130
RAIL	64	64	849	2224
FOLD	3075	1502	1502	578961	578961	0	1802031
RAIL	56	73	849	2225
FOLD	3076	1503	1503	579348	579348	0	1802590
RAIL	64	64	849	2226
FOLD	3077	1504	1504	579732	579732	0	1803499
RAIL	11	117	849	2227
FOLD	3088	1505	1505	580119	580119	0	1809462
RAIL	64	64	854	2233
FOLD	3093	1506	1506	580506	580506	0	1813014
RAIL	13	115	856	2236
FOLD	3094	1507	1507	580890	580890	0	1813502
RAIL	64	64	856	2237
FOLD	3095	1508	1508	581274	581274	0	1814507
RAIL	13	116	856	2238
FOLD	3096	1509	1509	581661	581661	0	1814939
RAIL	64	64	856	2239
FOLD	3097	1510	1510	582045	582045	0	1816085
RAIL	53	75	856	2240
FOLD	3098	1511	1511	582429	582429	0	1816575
RAIL	64	64	856	2241
FOLD	3123	1512	1512	582819	582819	0	1826652
RAIL	50	79	868	2254
FOLD	3124	1513	1513	583206	583206	0	1827261
RAIL	64	64	868	2255
FOLD	3125	1514	1514	583590	583590	0	1828132
RAIL	17	111	868	2256
FOLD	3132	1515	1515	583974	583974	0	1832209
RAIL	64	64	871	2260
FOLD	3147	1516	1516	584361	584361	0	1839570
RAIL	47	82	878	2268
FOLD	3148	1517	1517	584748	584748	0	1840104
RAIL	64	64	878	2269
FOLD	3149	1518	1518	585132	585132	0	1841048
RAIL	20	108	878	2270
FOLD	3150	1519	1519	585516	585516	0	1841541
RAIL	64	64	878	2271
FOLD	3151	1520	1520	585900	585900	0	1842675
RAIL	20	109	878	2272
FOLD	3152	1521	1521	586287	586287	0	1843118
RAIL	64	64	878	2273
FOLD	3157	1522	1522	586674	586674	0	1845832
RAIL	21	107	880	2276
FOLD	3158	1523	1523	587058	587058	0	1846398
RAIL	64	64	880	2277
FOLD	3163	1524	1524	587445	587445	0	1849223
RAIL	45	84	882	2280
FOLD	3164	1525	1525	587832	587832	0	1849814
RAIL	64	64	882	2281
FOLD	3167	1526	1526	588216	588216	0	1852759
RAIL	22	107	883	2283
FOLD	3168	1527	1527	588603	588603	0	1853235
RAIL	64	64	883	2284
FOLD	3173	1528	1528	588990	588990	0	1855645
RAIL	23	105	885	2287
FOLD	3174	1529	1529	589374	589374	0	1856205
RAIL	64	64	885	2288
FOLD	3175	1530	1530	589758	589758	0	1857132
RAIL	23	106	885	2289
FOLD	3176	1531	1531	590145	590145	0	1857858
RAIL	64	64	885	2290
FOLD	3177	1532	1532	590529	590529	0	1858704
RAIL	43	85	885	2291
FOLD	3178	1533	1533	590913	590913	0	1859182
RAIL	64	64	885	2292
FOLD	3179	1534	1534	591297	591297	0	1860036
RAIL	43	86	885	2293
FOLD	3180	1535	1535	591684	591684	0	1860488
RAIL	64	64	885	2294
FOLD	3181	1536	1536	592068	592068	0	1861733
RAIL	24	104	885	2295
FOLD	3182	1537	1537	592452	592452	0	1862278
RAIL	64	64	885	2296
FOLD	3187	1538	1538	592839	592839	0	1864949
RAIL	42	87	887	2299
FOLD	3188	1539	1539	593226	593226	0	1865481
RAIL	64	64	887	2300
FOLD	3193	1540	1540	593613	593613	0	1868009
RAIL	41	87	889	2303
FOLD	3194	1541	1541	593997	593997	0	1868633
RAIL	64	64	889	2304
FOLD	3197	1542	1542	594384	594384	0	1871353
RAIL	26	102	890	2306
FOLD	3198	1543	1543	594768	594768	0	1871887
RAIL	64	64	890	2307
FOLD	3203	1544	1544	595155	595155	0	1874308
RAIL	40	89	892	2310
FOLD	3204	1545	1545	595542	595542	0	1874821
RAIL	64	64	892	2311
FOLD	3205	1546	1546	595926	595926	0	1875755
RAIL	27	101	892	2312
FOLD	3206	1547	1547	596310	596310	0	1876324
RAIL	64	64	892	2313
FOLD	3207	1548	1548	596694	596694	0	1877487
RAIL	27	102	892	2314
FOLD	3208	1549	1549	597081	597081	0	1878005
RAIL	64	64	892	2315
FOLD	3213	1550	1550	597468	597468	0	1880622
RAIL	28	100	894	2318
FOLD	3214	1551	1551	597852	597852	0	1881193
RAIL	64	64	894	2319
FOLD	3219	1552	1552	598239	598239	0	1885180
RAIL	38	91	896	2322
FOLD	3220	1553	1553	598626	598626	0	1885728
RAIL	64	64	896	2323
FOLD	3223	1554	1554	599010	599010	0	1887870
RAIL	29	100	897	2325
FOLD	3224	1555	1555	599397	599397	0	1888347
RAIL	64	64	897	2326
FOLD	3229	1556	1556	599784	599784	0	1890379
RAIL	30	98	899	2329
FOLD	3230	1557	1557	600168	600168	0	1890864
RAIL	64	64	899	2330
FOLD	3231	1558	1558	600552	600552	0	1891730
RAIL	30	99	899	2331
FOLD	3232	1559	1559	600939	600939	0	1892175
RAIL	64	64	899	2332
FOLD	3233	1560	1560	601323	601323	0	1893013
RAIL	36	92	899	2333
FOLD	3234	1561	1561	601707	601707	0	1893485
RAIL	64	64	899	2334
FOLD	3235	1562	1562	602091	602091	0	1894574
RAIL	36	93	899	2335
FOLD	3236	1563	1563	602478	602478	0	1895040
RAIL	64	64	899	2336
FOLD	3241	1564	1564	602865	602865	0	1897347
RAIL	35	93	901	2339
FOLD	3242	1565	1565	603249	603249	0	1897820
RAIL	64	64	901	2340
FOLD	3247	1566	1566	603636	603636	0	1900272
RAIL	32	97	903	2343
FOLD	3248	1567	1567	604023	604023	0	1900748
RAIL	64	64	903	2344
FOLD	3251	1568	1568	604407	604407	0	1903257
RAIL	34	95	904	2346
FOLD	3252	1569	1569	604794	604794	0	1903732
RAIL	64	64	904	2347
FOLD	3257	1570	1570	605181	605181	0	1905984
RAIL	64	64	906	2350
FOLD	3258	1571	1571	605565	605565	0	1907036
RAIL	64	64	906	2351
FOLD	3259	1572	1572	605949	605949	0	1908075
RAIL	64	64	906	2352
FOLD	3268	1573	1573	606339	606339	0	1912648
RAIL	64	64	910	2357
FOLD	3271	1574	1574	606723	606723	0	1915160
RAIL	64	64	911	2359
FOLD	3276	1575	1575	607110	607110	0	1917458
RAIL	61	67	913	2362
FOLD	3277	1576	1576	607494	607494	0	1917921
RAIL	64	64	913	2363
FOLD	3278	1577	1577	607878	607878	0	1918771
RAIL	61	68	913	2364
FOLD	3279	1578	1578	608265	608265	0	1919637
RAIL	64	64	913	2365
FOLD	3280	1579	1579	608649	608649	0	1920462
RAIL	64	64	913	2366
FOLD	3281	1580	1580	609033	609033	0	1921269
RAIL	64	64	913	2367
FOLD	3284	1581	1581	609417	609417	0	1923617
RAIL	60	69	914	2369
FOLD	3285	1582	1582	609804	609804	0	1924120
RAIL	64	64	914	2370
FOLD	3298	1583	1583	610188	610188	0	1933010
RAIL	58	71	920	2377
FOLD	3299	1584	1584	610575	610575	0	1933475
RAIL	64	64	920	2378
FOLD	3314	1585	1585	610962	610962	0	1941386
RAIL	56	73	927	2386
FOLD	3315	1586	1586	611349	611349	0	1941985
RAIL	64	64	927	2387
FOLD	3324	1587	1587	611733	611733	0	1946759
RAIL	12	116	931	2392
FOLD	3335	1588	1588	612120	612120	0	1954538
RAIL	64	64	936	2398
FOLD	3340	1589	1589	612507	612507	0	1956658
RAIL	14	114	938	2401
FOLD	3341	1590	1590	612891	612891	0	1957101
RAIL	64	64	938	2402
FOLD	3342	1591	1591	613275	613275	0	1957954
RAIL	14	115	938	2403
FOLD	3343	1592	1592	613662	613662	0	1958392
RAIL	64	64	938	2404
FOLD	3348	1593	1593	614049	614049	0	1962914
RAIL	15	113	940	2407
FOLD	3361	1594	1594	614430	614430	0	1969885
RAIL	64	64	946	2414
FOLD	3364	1595	1595	614817	614817	0	1972436
RAIL	17	111	947	2416
FOLD	3365	1596	1596	615201	615201	0	1972933
RAIL	64	64	947	2417
FOLD	3370	1597	1597	615588	615588	0	1975372
RAIL	49	80	949	2420
FOLD	3371	1598	1598	615975	615975	0	1975900
RAIL	64	64	949	2421
FOLD	3390	1599	1599	616359	616359	0	1987778
RAIL	20	109	958	2431
FOLD	3391	1600	1600	616746	616746	0	1988242
RAIL	64	64	958	2432
FOLD	3398	1601	1601	617133	617133	0	1991858
RAIL	21	108	961	2436
FOLD	3399	1602	1602	617520	617520	0	1992378
RAIL	64	64	961	2437
FOLD	3400	1603	1603	617904	617904	0	1993282
RAIL	45	83	961	2438
FOLD	3401	1604	1604	618288	618288	0	1993798
RAIL	64	64	961	2439
FOLD	3402	1605	1605	618672	618672	0	1994649
RAIL	45	84	961	2440
FOLD	3403	1606	1606	619059	619059	0	1995110
RAIL	64	64	961	2441
FOLD	3406	1607	1607	619443	619443	0	1997793
RAIL	22	107	962	2443
FOLD	3407	1608	1608	619830	619830	0	1998326
RAIL	64	64	962	2444
FOLD	3412	1609	1609	620217	620217	0	2001730
RAIL	23	105	964	2447
FOLD	3413	1610	1610	620601	620601	0	2002439
RAIL	64	64	964	2448
FOLD	3416	1611	1611	620988	620988	0	2005903
RAIL	43	85	965	2450
FOLD	3417	1612	1612	621372	621372	0	2006807
RAIL	64	64	965	2451
FOLD	3422	1613	1613	621759	621759	0	2008829
RAIL	24	105	967	2454
FOLD	3423	1614	1614	622146	622146	0	2009289
RAIL	64	64	967	2455
FOLD	3424	1615	1615	622530	622530	0	2010603
RAIL	42	86	967	2456
FOLD	3425	1616	1616	622914	622914	0	2011172
RAIL	64	64	967	2457
FOLD	3430	1617	1617	623301	623301	0	2014889
RAIL	25	104	969	2460
FOLD	3431	1618	1618	623688	623688	0	2015624
RAIL	64	64	969	2461
FOLD	3436	1619	1619	624075	624075	0	2019786
RAIL	26	102	971	2464
FOLD	3437	1620	1620	624459	624459	0	2020350
RAIL	64	64	971	2465
FOLD	3438	1621	1621	624843	624843	0	2021196
RAIL	26	103	971	2466
FOLD	3439	1622	1622	625230	625230	0	2021679
RAIL	64	64	971	2467
FOLD	3440	1623	1623	625614	625614	0	2022597
RAIL	40	88	971	2468
FOLD	3441	1624	1624	625998	625998	0	2023083
RAIL	64	64	971	2469
FOLD	3442	1625	1625	626382	626382	0	2024038
RAIL	40	89	971	2470
FOLD	3443	1626	1626	626769	626769	0	2024617
RAIL	64	64	971	2471
FOLD	3444	1627	1627	627153	627153	0	2025634
RAIL	27	101	971	2472
FOLD	3445	1628	1628	627537	627537	0	2026193
RAIL	64	64	971	2473
FOLD	3446	1629	1629	627921	627921	0	2027001
RAIL	27	102	971	2474
FOLD	3447	1630	1630	628308	628308	0	2027478
RAIL	64	64	971	2475
FOLD	3448	1631	1631	628692	628692	0	2028319
RAIL	39	89	971	2476
FOLD	3449	1632	1632	629076	629076	0	2028852
RAIL	64	64	971	2477
FOLD	3450	1633	1633	629460	629460	0	2029688
RAIL	39	90	971	2478
FOLD	3451	1634	1634	629847	629847	0	2030234
RAIL	64	64	971	2479
FOLD	3452	1635	1635	630231	630231	0	2031115
RAIL	28	100	971	2480
FOLD	3453	1636	1636	630615	630615	0	2031577
RAIL	64	64	971	2481
FOLD	3454	1637	1637	630999	630999	0	2032749
RAIL	28	101	971	2482
FOLD	3455	1638	1638	631386	631386	0	2033359
RAIL	64	64	971	2483
FOLD	3460	1639	1639	631773	631773	0	2035626
RAIL	29	99	973	2486
FOLD	3461	1640	1640	632157	632157	0	2036170
RAIL	64	64	973	2487
FOLD	3466	1641	1641	632544	632544	0	2038726
RAIL	37	92	975	2490
FOLD	3467	1642	1642	632931	632931	0	2039187
RAIL	64	64	975	2491
FOLD	3470	1643	1643	633315	633315	0	2041537
RAIL	30	99	976	2493
FOLD	3471	1644	1644	633702	633702	0	2042007
RAIL	64	64	976	2494
FOLD	3476	1645	1645	634089	634089	0	2044231
RAIL	31	97	978	2497
FOLD	3477	1646	1646	634473	634473	0	2044690
RAIL	64	64	978	2498
FOLD	3478	1647	1647	634857	634857	0	2045536
RAIL	31	98	978	2499
FOLD	3479	1648	1648	635244	635244	0	2045991
RAIL	64	64	978	2500
FOLD	3480	1649	1649	635628	635628	0	2047253
RAIL	35	93	978	2501
FOLD	3481	1650	1650	636012	636012	0	2047703
RAIL	64	64	978	2502
FOLD	3486	1651	1651	636399	636399	0	2050046
RAIL	32	97	980	2505
FOLD	3487	1652	1652	636786	636786	0	2050521
RAIL	64	64	980	2506
FOLD	3492	1653	1653	637173	637173	0	2053626
RAIL	33	95	982	2509
FOLD	3493	1654	1654	637557	637557	0	2054118
RAIL	64	64	982	2510
FOLD	3498	1655	1655	637944	637944	0	2058462
RAIL	64	64	984	2513
FOLD	3499	1656	1656	638328	638328	0	2059309
RAIL	64	65	984	2514
FOLD	3500	1657	1657	638715	638715	0	2059781
RAIL	64	64	984	2515
FOLD	3501	1658	1658	639099	639099	0	2060963
RAIL	64	64	984	2516
FOLD	3506	1659	1659	639486	639486	0	2063707
RAIL	64	64	986	2519
FOLD	3513	1660	1660	639873	639873	0	2068147
RAIL	64	64	989	2523
FOLD	3518	1661	1661	640260	640260	0	2070812
RAIL	64	64	991	2526
FOLD	3519	1662	1662	640644	640644	0	2071706
RAIL	64	64	991	2527
FOLD	3520	1663	1663	641028	641028	0	2072745
RAIL	64	64	991	2528
FOLD	3525	1664	1664	641415	641415	0	2074972
RAIL	64	64	993	2531
FOLD	3530	1665	1665	641802	641802	0	2077924
RAIL	64	64	995	2534
FOLD	3531	1666	1666	642186	642186	0	2078976
RAIL	64	64	995	2535
FOLD	3536	1667	1667	642573	642573	0	2080910
RAIL	64	64	997	2538
FOLD	3545	1668	1668	642957	642957	0	2084949
RAIL	10	118	1001	2543
FOLD	3550	1669	1669	643338	643338	0	2087790
RAIL	64	64	1003	2546
FOLD	3555	1670	1670	643725	643725	0	2090043
RAIL	11	118	1005	2549
FOLD	3556	1671	1671	644112	644112	0	2090472
RAIL	64	64	1005	2550
FOLD	3561	1672	1672	644499	644499	0	2092975
RAIL	12	116	1007	2553
FOLD	3576	1673	1673	644883	644883	0	2100174
RAIL	64	64	1014	2561
FOLD	3581	1674	1674	645270	645270	0	2102412
RAIL	52	76	1016	2564
FOLD	3582	1675	1675	645654	645654	0	2102913
RAIL	64	64	1016	2565
FOLD	3587	1676	1676	646041	646041	0	2105478
RAIL	15	114	1018	2568
FOLD	3588	1677	1677	646428	646428	0	2105958
RAIL	64	64	1018	2569
FOLD	3591	1678	1678	646812	646812	0	2108345
RAIL	51	78	1019	2571
FOLD	3592	1679	1679	647199	647199	0	2108851
RAIL	64	64	1019	2572
FOLD	3601	1680	1680	647583	647583	0	2112962
RAIL	17	111	1023	2577
FOLD	3610	1681	1681	647967	647967	0	2116972
RAIL	64	64	1027	2582
FOLD	3615	1682	1682	648354	648354	0	2119670
RAIL	48	81	1029	2585
FOLD	3616	1683	1683	648741	648741	0	2120140
RAIL	64	64	1029	2586
FOLD	3617	1684	1684	649125	649125	0	2121310
RAIL	19	109	1029	2587
FOLD	3634	1685	1685	649509	649509	0	2128188
RAIL	64	64	1037	2596
FOLD	3639	1686	1686	649896	649896	0	2130488
RAIL	45	84	1039	2599
FOLD	3640	1687	1687	650283	650283	0	2130954
RAIL	64	64	1039	2600
FOLD	3645	1688	1688	650670	650670	0	2133823
RAIL	44	84	1041	2603
FOLD	3646	1689	1689	651054	651054	0	2134339
RAIL	64	64	1041	2604
FOLD	3651	1690	1690	651441	651441	0	2137879
RAIL	23	106	1043	2607
FOLD	3652	1691	1691	651828	651828	0	2138410
RAIL	64	64	1043	2608
FOLD	3653	1692	1692	652212	652212	0	2139234
RAIL	43	85	1043	2609
FOLD	3654	1693	1693	652596	652596	0	2139736
RAIL	64	64	1043	2610
FOLD	3655	1694	1694	652980	652980	0	2140587
RAIL	43	86	1043	2611
FOLD	3656	1695	1695	653367	653367	0	2141072
RAIL	64	64	1043	2612
FOLD	3657	1696	1696	653751	653751	0	2141961
RAIL	24	104	1043	2613
FOLD	3658	1697	1697	654135	654135	0	2142415
RAIL	64	64	1043	2614
FOLD	3659	1698	1698	654519	654519	0	2143273
RAIL	24	105	1043	2615
FOLD	3660	1699	1699	654906	654906	0	2143745
RAIL	64	64	1043	2616
FOLD	3661	1700	1700	655290	655290	0	2144872
RAIL	42	86	1043	2617
FOLD	3662	1701	1701	655674	655674	0	2145425
RAIL	64	64	1043	2618
FOLD	3667	1702	1702	656061	656061	0	2147802
RAIL	25	104	1045	2621
FOLD	3668	1703	1703	656448	656448	0	2148265
RAIL	64	64	1045	2622
FOLD	3673	1704	1704	656835	656835	0	2151044
RAIL	26	102	1047	2625
FOLD	3674	1705	1705	657219	657219	0	2151516
RAIL	64	64	1047	2626
FOLD	3679	1706	1706	657606	657606	0	2154921
RAIL	40	89	1049	2629
FOLD	3680	1707	1707	657993	657993	0	2155481
RAIL	64	64	1049	2630
FOLD	3681	1708	1708	658377	658377	0	2156388
RAIL	27	101	1049	2631
FOLD	3682	1709	1709	658761	658761	0	2156934
RAIL	64	64	1049	2632
FOLD	3683	1710	1710	659145	659145	0	2157997
RAIL	27	102	1049	2633
FOLD	3684	1711	1711	659532	659532	0	2158546
RAIL	64	64	1049	2634
FOLD	3689	1712	1712	659919	659919	0	2161167
RAIL	28	100	1051	2637
FOLD	3690	1713	1713	660303	660303	0	2161656
RAIL	64	64	1051	2638
FOLD	3695	1714	1714	660690	660690	0	2164570
RAIL	38	91	1053	2641
FOLD	3696	1715	1715	661077	661077	0	2165097
RAIL	64	64	1053	2642
FOLD	3697	1716	1716	661461	661461	0	2166213
RAIL	29	99	1053	2643
FOLD	3698	1717	1717	661845	661845	0	2166691
RAIL	64	64	1053	2644
FOLD	3703	1718	1718	662232	662232	0	2170103
RAIL	37	92	1055	2647
FOLD	3704	1719	1719	662619	662619	0	2170940
RAIL	64	64	1055	2648
FOLD	3709	1720	1720	663006	663006	0	2173055
RAIL	36	92	1057	2651
FOLD	3710	1721	1721	663390	663390	0	2173559
RAIL	64	64	1057	2652
FOLD	3711	1722	1722	663774	663774	0	2174376
RAIL	36	93	1057	2653
FOLD	3712	1723	1723	664161	664161	0	2174851
RAIL	64	64	1057	2654
FOLD	3713	1724	1724	664545	664545	0	2175721
RAIL	31	97	1057	2655
FOLD	3714	1725	1725	664929	664929	0	2176280
RAIL	64	64	1057	2656
FOLD	3715	1726	1726	665313	665313	0	2177509
RAIL	31	98	1057	2657
FOLD	3716	1727	1727	665700	665700	0	2178035
RAIL	64	64	1057	2658
FOLD	3721	1728	1728	666087	666087	0	2180464
RAIL	32	96	1059	2661
FOLD	3722	1729	1729	666471	666471	0	2180982
RAIL	64	64	1059	2662
FOLD	3727	1730	1730	666858	666858	0	2184418
RAIL	34	95	1061	2665
FOLD	3728	1731	1731	667245	667245	0	2185091
RAIL	64	64	1061	2666
FOLD	3731	1732	1732	667629	667629	0	2187290
RAIL	33	96	1062	2668
FOLD	3732	1733	1733	668016	668016	0	2187840
RAIL	64	64	1062	2669
FOLD	3737	1734	1734	668403	668403	0	2190520
RAIL	64	64	1064	2672
FOLD	3738	1735	1735	668787	668787	0	2191629
RAIL	64	64	1064	2673
FOLD	3743	1736	1736	669174	669174	0	2194112
RAIL	64	64	1066	2676
FOLD	3750	1737	1737	669561	669561	0	2198763
RAIL	64	64	1069	2680
FOLD	3755	1738	1738	669948	669948	0	2201045
RAIL	64	64	1071	2683
FOLD	3756	1739	1739	670332	670332	0	2201933
RAIL	64	64	1071	2684
FOLD	3757	1740	1740	670716	670716	0	2202753
RAIL	64	64	1071	2685
FOLD	3758	1741	1741	671100	671100	0	2203652
RAIL	60	68	1071	2686
FOLD	3759	1742	1742	671484	671484	0	2204155
RAIL	64	64	1071	2687
FOLD	3760	1743	1743	671868	671868	0	2205240
RAIL	60	69	1071	2688
FOLD	3761	1744	1744	672255	672255	0	2205794
RAIL	64	64	1071	2689
FOLD	3770	1745	1745	672642	672642	0	2211098
RAIL	58	70	1075	2694
FOLD	3771	1746	1746	673026	673026	0	2211587
RAIL	64	64	1075	2695
FOLD	3776	1747	1747	673413	673413	0	2213678
RAIL	9	120	1077	2698
FOLD	3777	1748	1748	673800	673800	0	2214102
RAIL	64	64	1077	2699
FOLD	3782	1749	1749	674187	674187	0	2216255
RAIL	10	118	1079	2702
FOLD	3787	1750	1750	674568	674568	0	2218826
RAIL	64	64	1081	2705
FOLD	3804	1751	1751	674958	674958	0	2227866
RAIL	54	75	1089	2714
FOLD	3805	1752	1752	675345	675345	0	2228403
RAIL	64	64	1089	2715
FOLD	3806	1753	1753	675729	675729	0	2229249
RAIL	13	115	1089	2716
FOLD	3811	1754	1754	676110	676110	0	2231865
RAIL	64	64	1091	2719
FOLD	3826	1755	1755	676500	676500	0	2239358
RAIL	51	77	1098	2727
FOLD	3827	1756	1756	676884	676884	0	2239873
RAIL	64	64	1098	2728
FOLD	3832	1757	1757	677271	677271	0	2242214
RAIL	16	113	1100	2731
FOLD	3833	1758	1758	677658	677658	0	2243013
RAIL	64	64	1100	2732
FOLD	3834	1759	1759	678042	678042	0	2243905
RAIL	50	78	1100	2733
FOLD	3835	1760	1760	678426	678426	0	2244398
RAIL	64	64	1100	2734
FOLD	3836	1761	1761	678810	678810	0	2245518
RAIL	50	79	1100	2735
FOLD	3837	1762	1762	679197	679197	0	2246065
RAIL	64	64	1100	2736
FOLD	3862	1763	1763	679587	679587	0	2256975
RAIL	20	108	1112	2749
FOLD	3867	1764	1764	679968	679968	0	2259303
RAIL	64	64	1114	2752
FOLD	3868	1765	1765	680352	680352	0	2260166
RAIL	46	83	1114	2753
FOLD	3869	1766	1766	680739	680739	0	2260779
RAIL	64	64	1114	2754
FOLD	3870	1767	1767	681123	681123	0	2261636
RAIL	21	107	1114	2755
FOLD	3875	1768	1768	681504	681504	0	2264195
RAIL	64	64	1116	2758
FOLD	3880	1769	1769	681891	681891	0	2266590
RAIL	22	107	1118	2761
FOLD	3881	1770	1770	682278	682278	0	2267068
RAIL	64	64	1118	2762
FOLD	3886	1771	1771	682665	682665	0	2269665
RAIL	23	105	1120	2765
FOLD	3887	1772	1772	683049	683049	0	2270211
RAIL	64	64	1120	2766
FOLD	3888	1773	1773	683433	683433	0	2271290
RAIL	23	106	1120	2767
FOLD	3889	1774	1774	683820	683820	0	2271833
RAIL	64	64	1120	2768
FOLD	3894	1775	1775	684207	684207	0	2273829
RAIL	24	104	1122	2771
FOLD	3895	1776	1776	684591	684591	0	2274303
RAIL	64	64	1122	2772
FOLD	3900	1777	1777	684978	684978	0	2276687
RAIL	42	87	1124	2775
FOLD	3901	1778	1778	685365	685365	0	2277189
RAIL	64	64	1124	2776
FOLD	3902	1779	1779	685749	685749	0	2278142
RAIL	25	103	1124	2777
FOLD	3903	1780	1780	686133	686133	0	2278622
RAIL	64	64	1124	2778
FOLD	3904	1781	1781	686517	686517	0	2279696
RAIL	25	104	1124	2779
FOLD	3905	1782	1782	686904	686904	0	2280171
RAIL	64	64	1124	2780
FOLD	3910	1783	1783	687291	687291	0	2282477
RAIL	26	102	1126	2783
FOLD	3911	1784	1784	687675	687675	0	2282948
RAIL	64	64	1126	2784
FOLD	3916	1785	1785	688062	688062	0	2285464
RAIL	40	89	1128	2787
FOLD	3917	1786	1786	688449	688449	0	2285945
RAIL	64	64	1128	2788
FOLD	3920	1787	1787	688833	688833	0	2288278
RAIL	27	102	1129	2790
FOLD	3921	1788	1788	689220	689220	0	2288813
RAIL	64	64	1129	2791
FOLD	3926	1789	1789	689607	689607	0	2292307
RAIL	28	100	1131	2794
FOLD	3927	1790	1790	689991	689991	0	2293094
RAIL	64	64	1131	2795
FOLD	3928	1791	1791	690375	690375	0	2294350
RAIL	28	101	1131	2796
FOLD	3929	1792	1792	690762	690762	0	2295122
RAIL	64	64	1131	2797
FOLD	3930	1793	1793	691146	691146	0	2296400
RAIL	38	90	1131	2798
FOLD	3931	1794	1794	691530	691530	0	2297013
RAIL	64	64	1131	2799
FOLD	3932	1795	1795	691914	691914	0	2298107
RAIL	38	91	1131	2800
FOLD	3933	1796	1796	692301	692301	0	2298749
RAIL	64	64	1131	2801
FOLD	3938	1797	1797	692688	692688	0	2301203
RAIL	37	91	1133	2804
FOLD	3939	1798	1798	693072	693072	0	2301711
RAIL	64	64	1133	2805
FOLD	3944	1799	1799	693459	693459	0	2304659
RAIL	30	99	1135	2808
FOLD	3945	1800	1800	693846	693846	0	2305154
RAIL	64	64	1135	2809
FOLD	3948	1801	1801	694230	694230	0	2307459
RAIL	36	93	1136	2811
FOLD	3949	1802	1802	694617	694617	0	2307973
RAIL	64	64	1136	2812
FOLD	3954	1803	1803	695004	695004	0	2310377
RAIL	35	93	1138	2815
FOLD	3955	1804	1804	695388	695388	0	2310992
RAIL	64	64	1138	2816
FOLD	3956	1805	1805	695772	695772	0	2311894
RAIL	35	94	1138	2817
FOLD	3957	1806	1806	696159	696159	0	2312481
RAIL	64	64	1138	2818
FOLD	3958	1807	1807	696543	696543	0	2313570
RAIL	32	96	1138	2819
FOLD	3959	1808	1808	696927	696927	0	2314068
RAIL	64	64	1138	2820
FOLD	3964	1809	1809	697314	697314	0	2316557
RAIL	34	95	1140	2823
FOLD	3965	1810	1810	697701	697701	0	2317085
RAIL	64	64	1140	2824
FOLD	3970	1811	1811	698088	698088	0	2319995
RAIL	64	64	1142	2827
FOLD	3977	1812	1812	698475	698475	0	2324687
RAIL	63	65	1145	2831
FOLD	3978	1813	1813	698859	698859	0	2325241
RAIL	64	64	1145	2832
FOLD	3979	1814	1814	699243	699243	0	2326166
RAIL	63	66	1145	2833
FOLD	3980	1815	1815	699630	699630	0	2326705
RAIL	64	64	1145	2834
FOLD	3981	1816	1816	700014	700014	0	2327579
RAIL	64	64	1145	2835
FOLD	3982	1817	1817	700398	700398	0	2328713
RAIL	64	64	1145	2836
FOLD	3987	1818	1818	700785	700785	0	2331115
RAIL	64	64	1147	2839
FOLD	3992	1819	1819	701172	701172	0	2333953
RAIL	64	64	1149	2842
FOLD	3997	1820	1820	701556	701556	0	2337907
RAIL	60	69	1151	2845
FOLD	3998	1821	1821	701943	701943	0	2338539
RAIL	64	64	1151	2846
FOLD	3999	1822	1822	702327	702327	0	2339599
RAIL	64	64	1151	2847
FOLD	4004	1823	1823	702714	702714	0	2341947
RAIL	64	64	1153	2850
FOLD	4011	1824	1824	703101	703101	0	2346541
RAIL	9	119	1156	2854
FOLD	4012	1825	1825	703485	703485	0	2346989
RAIL	64	64	1156	2855
FOLD	4017	1826	1826	703872	703872	0	2349277
RAIL	57	72	1158	2858
FOLD	4018	1827	1827	704259	704259	0	2349837
RAIL	64	64	1158	2859
FOLD	4019	1828	1828	704643	704643	0	2350714
RAIL	10	118	1158	2860
FOLD	4020	1829	1829	705027	705027	0	2351176
RAIL	64	64	1158	2861
FOLD	4021	1830	1830	705411	705411	0	2351998
RAIL	10	119	1158	2862
FOLD	4022	1831	1831	705798	705798	0	2352432
RAIL	64	64	1158	2863
FOLD	4023	1832	1832	706182	706182	0	2353491
RAIL	56	72	1158	2864
FOLD	4024	1833	1833	706566	706566	0	2354436
RAIL	64	64	1158	2865
FOLD	4047	1834	1834	706956	706956	0	2364933
RAIL	53	75	1169	2877
FOLD	4048	1835	1835	707340	707340	0	2365425
RAIL	64	64	1169	2878
FOLD	4049	1836	1836	707724	707724	0	2366571
RAIL	53	76	1169	2879
FOLD	4050	1837	1837	708111	708111	0	2367083
RAIL	64	64	1169	2880
FOLD	4075	1838	1838	708501	708501	0	2377626
RAIL	17	111	1181	2893
FOLD	4076	1839	1839	708885	708885	0	2378107
RAIL	64	64	1181	2894
FOLD	4077	1840	1840	709269	709269	0	2378932
RAIL	17	112	1181	2895
FOLD	4078	1841	1841	709656	709656	0	2379401
RAIL	64	64	1181	2896
FOLD	4079	1842	1842	710040	710040	0	2380246
RAIL	49	79	1181	2897
FOLD	4080	1843	1843	710424	710424	0	2380876
RAIL	64	64	1181	2898
FOLD	4081	1844	1844	710808	710808	0	2381753
RAIL	49	80	1181	2899
FOLD	4082	1845	1845	711195	711195	0	2382263
RAIL	64	64	1181	2900
FOLD	4083	1846	1846	711579	711579	0	2383081
RAIL	18	110	1181	2901
FOLD	4096	1843	1846	710424	711579	0	2387730
RAIL	64	64	1189	2906
FOLD	4102	1847	1847	711966	711966	0	2392021
RAIL	64	64	1190	2911
FOLD	4107	1848	1848	712353	712353	0	2394356
RAIL	21	107	1192	2914
FOLD	4112	1849	1849	712734	712734	0	2396958
RAIL	64	64	1194	2917
FOLD	4127	1850	1850	713124	713124	0	2404350
RAIL	43	85	1201	2925
FOLD	4128	1851	1851	713508	713508	0	2404941
RAIL	64	64	1201	2926
FOLD	4133	1852	1852	713895	713895	0	2407032
RAIL	24	105	1203	2929
FOLD	4134	1853	1853	714282	714282	0	2407484
RAIL	64	64	1203	2930
FOLD	4135	1854	1854	714666	714666	0	2408726
RAIL	42	86	1203	2931
FOLD	4136	1855	1855	715050	715050	0	2409253
RAIL	64	64	1203	2932
FOLD	4137	1856	1856	715434	715434	0	2410072
RAIL	42	87	1203	2933
FOLD	4138	1857	1857	715821	715821	0	2410554
RAIL	64	64	1203	2934
FOLD	4139	1858	1858	716205	716205	0	2411722
RAIL	25	103	1203	2935
FOLD	4140	1859	1859	716589	716589	0	2412179
RAIL	64	64	1203	2936
FOLD	4145	1860	1860	716976	716976	0	2414437
RAIL	41	88	1205	2939
FOLD	4146	1861	1861	717363	717363	0	2414909
RAIL	64	64	1205	2940
FOLD	4151	1862	1862	717750	717750	0	2417544
RAIL	40	88	1207	2943
FOLD	4152	1863	1863	718134	718134	0	2418032
RAIL	64	64	1207	2944
FOLD	4155	1864	1864	718521	718521	0	2420617
RAIL	27	101	1208	2946
FOLD	4156	1865	1865	718905	718905	0	2421105
RAIL	64	64	1208	2947
FOLD	4161	1866	1866	719292	719292	0	2423515
RAIL	39	90	1210	2950
FOLD	4162	1867	1867	719679	719679	0	2424077
RAIL	64	64	1210	2951
FOLD	4163	1868	1868	720063	720063	0	2424950
RAIL	28	100	1210	2952
FOLD	4164	1869	1869	720447	720447	0	2425508
RAIL	64	64	1210	2953
FOLD	4165	1870	1870	720831	720831	0	2426573
RAIL	28	101	1210	2954
FOLD	4166	1871	1871	721218	721218	0	2427035
RAIL	64	64	1210	2955
FOLD	4171	1872	1872	721605	721605	0	2429587
RAIL	29	99	1212	2958
FOLD	4172	1873	1873	721989	721989	0	2430121
RAIL	64	64	1212	2959
FOLD	4177	1874	1874	722376	722376	0	2432878
RAIL	37	92	1214	2962
FOLD	4178	1875	1875	722763	722763	0	2433429
RAIL	64	64	1214	2963
FOLD	4181	1876	1876	723147	723147	0	2435919
RAIL	30	99	1215	2965
FOLD	4182	1877	1877	723534	723534	0	2436402
RAIL	64	64	1215	2966
FOLD	4187	1878	1878	723921	723921	0	2439070
RAIL	31	97	1217	2969
FOLD	4188	1879	1879	724305	724305	0	2439558
RAIL	64	64	1217	2970
FOLD	4189	1880	1880	724689	724689	0	2440435
RAIL	31	98	1217	2971
FOLD	4190	1881	1881	725076	725076	0	2440923
RAIL	64	64	1217	2972
FOLD	4191	1882	1882	725460	725460	0	2441802
RAIL	35	93	1217	2973
FOLD	4192	1883	1883	725844	725844	0	2442307
RAIL	64	64	1217	2974
FOLD	4193	1884	1884	726228	726228	0	2443203
RAIL	35	94	1217	2975
FOLD	4194	1885	1885	726615	726615	0	2443835
RAIL	64	64	1217	2976
FOLD	4195	1886	1886	726999	726999	0	2444908
RAIL	32	96	1217	2977
FOLD	4196	1887	1887	727383	727383	0	2445409
RAIL	64	64	1217	2978
FOLD	4201	1888	1888	727770	727770	0	2447789
RAIL	34	95	1219	2981
FOLD	4202	1889	1889	728157	728157	0	2448310
RAIL	64	64	1219	2982
FOLD	4207	1890	1890	728544	728544	0	2451311
RAIL	64	64	1221	2985
FOLD	4214	1891	1891	728931	728931	0	2456313
RAIL	63	65	1224	2989
FOLD	4215	1892	1892	729315	729315	0	2456858
RAIL	64	64	1224	2990
FOLD	4218	1893	1893	729702	729702	0	2459471
RAIL	64	64	1225	2992
FOLD	4223	1894	1894	730089	730089	0	2462087
RAIL	64	64	1227	2995
FOLD	4230	1895	1895	730476	730476	0	2466524
RAIL	64	64	1230	2999
FOLD	4231	1896	1896	730860	730860	0	2467729
RAIL	64	64	1230	3000
FOLD	4232	1897	1897	731244	731244	0	2468678
RAIL	60	68	1230	3001
FOLD	4233	1898	1898	731628	731628	0	2470780
RAIL	64	64	1230	3002
FOLD	4236	1899	1899	732015	732015	0	2473768
RAIL	64	64	1231	3004
FOLD	4241	1900	1900	732402	732402	0	2476540
RAIL	64	64	1233	3007
FOLD	4248	1901	1901	732789	732789	0	2480759
RAIL	9	119	1236	3011
FOLD	4249	1902	1902	733173	733173	0	2481187
RAIL	64	64	1236	3012
FOLD	4250	1903	1903	733557	733557	0	2482546
RAIL	9	120	1236	3013
FOLD	4251	1904	1904	733944	733944	0	2482965
RAIL	64	64	1236	3014
FOLD	4256	1905	1905	734331	734331	0	2487134
RAIL	10	118	1238	3017
FOLD	4257	1906	1906	734715	734715	0	2487654
RAIL	64	64	1238	3018
FOLD	4262	1907	1907	735102	735102	0	2491750
RAIL	56	73	1240	3021
FOLD	4263	1908	1908	735489	735489	0	2492285
RAIL	64	64	1240	3022
FOLD	4264	1909	1909	735873	735873	0	2493213
RAIL	11	117	1240	3023
FOLD	4265	1910	1910	736257	736257	0	2493713
RAIL	64	64	1240	3024
FOLD	4266	1911	1911	736641	736641	0	2494600
RAIL	11	118	1240	3025
FOLD	4267	1912	1912	737028	737028	0	2495129
RAIL	64	64	1240	3026
FOLD	4268	1913	1913	737412	737412	0	2496031
RAIL	55	73	1240	3027
FOLD	4269	1914	1914	737796	737796	0	2496776
RAIL	64	64	1240	3028
FOLD	4270	1915	1915	738180	738180	0	2497716
RAIL	55	74	1240	3029
FOLD	4271	1916	1916	738567	738567	0	2498289
RAIL	64	64	1240	3030
FOLD	4272	1917	1917	738951	738951	0	2499255
RAIL	12	116	1240	3031
FOLD	4277	1918	1918	739332	739332	0	2502397
RAIL	64	64	1242	3034
FOLD	4290	1919	1919	739719	739719	0	2509062
RAIL	14	115	1248	3041
FOLD	4291	1920	1920	740106	740106	0	2509526
RAIL	64	64	1248	3042
FOLD	4296	1921	1921	740493	740493	0	2511541
RAIL	15	113	1250	3045
FOLD	4313	1922	1922	740877	740877	0	2519724
RAIL	64	64	1258	3054
FOLD	4318	1923	1923	741264	741264	0	2522550
RAIL	49	80	1260	3057
FOLD	4319	1924	1924	741651	741651	0	2523122
RAIL	64	64	1260	3058
FOLD	4322	1925	1925	742035	742035	0	2526032
RAIL	18	111	1261	3060
FOLD	4323	1926	1926	742422	742422	0	2526509
RAIL	64	64	1261	3061
FOLD	4328	1927	1927	742809	742809	0	2528699
RAIL	19	109	1263	3064
FOLD	4333	1928	1928	743190	743190	0	2531213
RAIL	64	64	1265	3067
FOLD	4334	1929	1929	743574	743574	0	2532313
RAIL	47	82	1265	3068
FOLD	4335	1930	1930	743961	743961	0	2532895
RAIL	64	64	1265	3069
FOLD	4350	1931	1931	744348	744348	0	2541287
RAIL	45	84	1272	3077
FOLD	4351	1932	1932	744735	744735	0	2541819
RAIL	64	64	1272	3078
FOLD	4360	1933	1933	745119	745119	0	2546637
RAIL	23	105	1276	3083
FOLD	4373	1934	1934	745506	745506	0	2552752
RAIL	64	64	1282	3090
FOLD	4374	1935	1935	745890	745890	0	2553917
RAIL	42	87	1282	3091
FOLD	4375	1936	1936	746277	746277	0	2554438
RAIL	64	64	1282	3092
FOLD	4380	1937	1937	746664	746664	0	2556646
RAIL	41	87	1284	3095
FOLD	4381	1938	1938	747048	747048	0	2557209
RAIL	64	64	1284	3096
FOLD	4386	1939	1939	747435	747435	0	2559286
RAIL	26	103	1286	3099
FOLD	4387	1940	1940	747822	747822	0	2559811
RAIL	64	64	1286	3100
FOLD	4388	1941	1941	748206	748206	0	2560692
RAIL	40	88	1286	3101
FOLD	4389	1942	1942	748590	748590	0	2561165
RAIL	64	64	1286	3102
FOLD	4390	1943	1943	748974	748974	0	2562011
RAIL	40	89	1286	3103
FOLD	4391	1944	1944	749361	749361	0	2562479
RAIL	64	64	1286	3104
FOLD	4392	1945	1945	749745	749745	0	2563311
RAIL	27	101	1286	3105
FOLD	4393	1946	1946	750129	750129	0	2563801
RAIL	64	64	1286	3106
FOLD	4394	1947	1947	750513	750513	0	2564872
RAIL	27	102	1286	3107
FOLD	4395	1948	1948	750900	750900	0	2565361
RAIL	64	64	1286	3108
FOLD	4400	1949	1949	751287	751287	0	2567841
RAIL	28	100	1288	3111
FOLD	4401	1950	1950	751671	751671	0	2568316
RAIL	64	64	1288	3112
FOLD	4406	1951	1951	752058	752058	0	2571156
RAIL	38	91	1290	3115
FOLD	4407	1952	1952	752445	752445	0	2571747
RAIL	64	64	1290	3116
FOLD	4412	1953	1953	752832	752832	0	2575182
RAIL	37	91	1292	3119
FOLD	4413	1954	1954	753216	753216	0	2575703
RAIL	64	64	1292	3120
FOLD	4414	1955	1955	753600	753600	0	2576801
RAIL	37	92	1292	3121
FOLD	4415	1956	1956	753987	753987	0	2577354
RAIL	64	64	1292	3122
FOLD	4416	1957	1957	754371	754371	0	2578451
RAIL	30	98	1292	3123
FOLD	4417	1958	1958	754755	754755	0	2579025
RAIL	64	64	1292	3124
FOLD	4422	1959	1959	755142	755142	0	2581174
RAIL	36	93	1294	3127
FOLD	4423	1960	1960	755529	755529	0	2581709
RAIL	64	64	1294	3128
FOLD	4428	1961	1961	755916	755916	0	2584630
RAIL	35	93	1296	3131
FOLD	4429	1962	1962	756300	756300	0	2585184
RAIL	64	64	1296	3132
FOLD	4432	1963	1963	756687	756687	0	2587598
RAIL	32	96	1297	3134
FOLD	4433	1964	1964	757071	757071	0	2588207
RAIL	64	64	1297	3135
FOLD	4438	1965	1965	757458	757458	0	2590515
RAIL	34	95	1299	3138
FOLD	4439	1966	1966	757845	757845	0	2591051
RAIL	64	64	1299	3139
FOLD	4440	1967	1967	758229	758229	0	2591917
RAIL	33	95	1299	3140
FOLD	4441	1968	1968	758613	758613	0	2592465
RAIL	64	64	1299	3141
FOLD	4442	1969	1969	758997	758997	0	2593452
RAIL	33	96	1299	3142
FOLD	4443	1970	1970	759384	759384	0	2594019
RAIL	64	64	1299	3143
FOLD	4444	1971	1971	759768	759768	0	2595097
RAIL	64	64	1299	3144
FOLD	4453	1972	1972	760155	760155	0	2600737
RAIL	63	66	1303	3149
FOLD	4454	1973	1973	760542	760542	0	2601389
RAIL	64	64	1303	3150
FOLD	4463	1974	1974	760929	760929	0	2605527
RAIL	61	67	1307	3155
FOLD	4464	1975	1975	761313	761313	0	2606062
RAIL	64	64	1307	3156
FOLD	4465	1976	1976	761697	761697	0	2607165
RAIL	61	68	1307	3157
FOLD	4466	1977	1977	762084	762084	0	2607717
RAIL	64	64	1307	3158
FOLD	4477	1978	1978	762471	762471	0	2614509
RAIL	59	70	1312	3164
FOLD	4478	1979	1979	762858	762858	0	2615079
RAIL	64	64	1312	3165
FOLD	4483	1980	1980	763242	763242	0	2617867
RAIL	58	71	1314	3168
FOLD	4484	1981	1981	763629	763629	0	2618419
RAIL	64	64	1314	3169
FOLD	4485	1982	1982	764013	764013	0	2619282
RAIL	9	119	1314	3170
FOLD	4490	1983	1983	764394	764394	0	2621499
RAIL	64	64	1316	3173
FOLD	4491	1984	1984	764778	764778	0	2622558
RAIL	57	72	1316	3174
FOLD	4492	1985	1985	765165	765165	0	2623091
RAIL	64	64	1316	3175
FOLD	4497	1986	1986	765552	765552	0	2625329
RAIL	56	72	1318	3178
FOLD	4498	1987	1987	765936	765936	0	2625866
RAIL	64	64	1318	3179
FOLD	4503	1988	1988	766323	766323	0	2628639
RAIL	11	118	1320	3182
FOLD	4504	1989	1989	766710	766710	0	2629107
RAIL	64	64	1320	3183
FOLD	4509	1990	1990	767097	767097	0	2632548
RAIL	12	116	1322	3186
FOLD	4510	1991	1991	767481	767481	0	2632998
RAIL	64	64	1322	3187
FOLD	4511	1992	1992	767865	767865	0	2633851
RAIL	12	117	1322	3188
FOLD	4512	1993	1993	768252	768252	0	2634305
RAIL	64	64	1322	3189
FOLD	4513	1994	1994	768636	768636	0	2635475
RAIL	54	74	1322	3190
FOLD	4514	1995	1995	769020	769020	0	2635975
RAIL	64	64	1322	3191
FOLD	4539	1996	1996	769410	769410	0	2646801
RAIL	51	78	1334	3204
FOLD	4540	1997	1997	769797	769797	0	2647334
RAIL	64	64	1334	3205
FOLD	4541	1998	1998	770181	770181	0	2648222
RAIL	16	112	1334	3206
FOLD	4546	1999	1999	770562	770562	0	2650794
RAIL	64	64	1336	3209
FOLD	4561	2000	2000	770952	770952	0	2659120
RAIL	48	80	1343	3217
FOLD	4562	2001	2001	771336	771336	0	2659689
RAIL	64	64	1343	3218
FOLD	4567	2002	2002	771723	771723	0	2661997
RAIL	19	110	1345	3221
FOLD	4568	2003	2003	772110	772110	0	2662525
RAIL	64	64	1345	3222
FOLD	4569	2004	2004	772494	772494	0	2664075
RAIL	47	81	1345	3223
FOLD	4570	2005	2005	772878	772878	0	2664856
RAIL	64	64	1345	3224
FOLD	4571	2006	2006	773262	773262	0	2666031
RAIL	47	82	1345	3225
FOLD	4572	2007	2007	773649	773649	0	2666532
RAIL	64	64	1345	3226
FOLD	4595	2008	2008	774036	774036	0	2676948
RAIL	44	85	1356	3238
FOLD	4596	2009	2009	774423	774423	0	2677493
RAIL	64	64	1356	3239
FOLD	4597	2010	2010	774807	774807	0	2678307
RAIL	23	105	1356	3240
FOLD	4602	2011	2011	775188	775188	0	2680887
RAIL	64	64	1358	3243
FOLD	4615	2012	2012	775575	775575	0	2687439
RAIL	25	104	1364	3250
FOLD	4616	2013	2013	775962	775962	0	2687904
RAIL	64	64	1364	3251
FOLD	4621	2014	2014	776349	776349	0	2689762
RAIL	26	102	1366	3254
FOLD	4622	2015	2015	776733	776733	0	2690337
RAIL	64	64	1366	3255
FOLD	4627	2016	2016	777120	777120	0	2693566
RAIL	40	89	1368	3258
FOLD	4628	2017	2017	777507	777507	0	2694222
RAIL	64	64	1368	3259
FOLD	4629	2018	2018	777891	777891	0	2695062
RAIL	27	101	1368	3260
FOLD	4630	2019	2019	778275	778275	0	2695609
RAIL	64	64	1368	3261
FOLD	4631	2020	2020	778659	778659	0	2696773
RAIL	27	102	1368	3262
FOLD	4632	2021	2021	779046	779046	0	2697269
RAIL	64	64	1368	3263
FOLD	4637	2022	2022	779433	779433	0	2699758
RAIL	28	100	1370	3266
FOLD	4638	2023	2023	779817	779817	0	2700315
RAIL	64	64	1370	3267
FOLD	4643	2024	2024	780204	780204	0	2703081
RAIL	38	91	1372	3270
FOLD	4644	2025	2025	780591	780591	0	2703643
RAIL	64	64	1372	3271
FOLD	4647	2026	2026	780975	780975	0	2706090
RAIL	29	100	1373	3273
FOLD	4648	2027	2027	781362	781362	0	2706751
RAIL	64	64	1373	3274
FOLD	4653	2028	2028	781749	781749	0	2710265
RAIL	30	98	1375	3277
FOLD	4654	2029	2029	782133	782133	0	2710795
RAIL	64	64	1375	3278
FOLD	4655	2030	2030	782517	782517	0	2711588
RAIL	30	99	1375	3279
FOLD	4656	2031	2031	782904	782904	0	2712114
RAIL	64	64	1375	3280
FOLD	4657	2032	2032	783288	783288	0	2713158
RAIL	36	92	1375	3281
FOLD	4658	2033	2033	783672	783672	0	2713650
RAIL	64	64	1375	3282
FOLD	4661	2034	2034	784059	784059	0	2716291
RAIL	31	97	1376	3284
FOLD	4662	2035	2035	784443	784443	0	2716863
RAIL	64	64	1376	3285
FOLD	4667	2036	2036	784830	784830	0	2719666
RAIL	35	94	1378	3288
FOLD	4668	2037	2037	785217	785217	0	2720193
RAIL	64	64	1378	3289
FOLD	4671	2038	2038	785601	785601	0	2722432
RAIL	32	97	1379	3291
FOLD	4672	2039	2039	785988	785988	0	2722920
RAIL	64	64	1379	3292
FOLD	4677	2040	2040	786375	786375	0	2725087
RAIL	33	95	1381	3295
FOLD	4678	2041	2041	786759	786759	0	2725567
RAIL	64	64	1381	3296
FOLD	4679	2042	2042	787143	787143	0	2726853
RAIL	33	96	1381	3297
FOLD	4680	2043	2043	787530	787530	0	2727356
RAIL	64	64	1381	3298
FOLD	4689	2044	2044	787917	787917	0	2735628
RAIL	64	64	1385	3303
FOLD	4690	2045	2045	788301	788301	0	2736486
RAIL	63	66	1385	3304
FOLD	4691	2046	2046	788688	788688	0	2737074
RAIL	64	64	1385	3305
FOLD	4692	2047	2047	789072	789072	0	2737915
RAIL	64	64	1385	3306
FOLD	4693	2048	2048	789456	789456	0	2738856
RAIL	64	64	1385	3307
FOLD	4694	2049	2049	789840	789840	0	2739700
RAIL	62	66	1385	3308
FOLD	4695	2050	2050	790224	790224	0	2740227
RAIL	64	64	1385	3309
FOLD	4696	2051	2051	790608	790608	0	2741384
RAIL	62	67	1385	3310
FOLD	4697	2052	2052	790995	790995	0	2741903
RAIL	64	64	1385	3311
FOLD	4710	2053	2053	791385	791385	0	2749577
RAIL	64	64	1391	3318
FOLD	4711	2054	2054	791769	791769	0	2750698
RAIL	64	64	1391	3319
FOLD	4712	2055	2055	792153	792153	0	2751813
RAIL	59	69	1391	3320
FOLD	4713	2056	2056	792537	792537	0	2752456
RAIL	64	64	1391	3321
FOLD	4722	2057	2057	792927	792927	0	2756994
RAIL	9	119	1395	3326
FOLD	4739	2058	2058	793311	793311	0	2763915
RAIL	64	64	1403	3335
FOLD	4740	2059	2059	793695	793695	0	2764808
RAIL	11	118	1403	3336
FOLD	4741	2060	2060	794082	794082	0	2765318
RAIL	64	64	1403	3337
FOLD	4742	2061	2061	794466	794466	0	2766515
RAIL	55	73	1403	3338
FOLD	4743	2062	2062	794850	794850	0	2767810
RAIL	64	64	1403	3339
FOLD	4748	2063	2063	795237	795237	0	2770394
RAIL	12	117	1405	3342
FOLD	4749	2064	2064	795624	795624	0	2770937
RAIL	64	64	1405	3343
FOLD	4754	2065	2065	796011	796011	0	2775265
RAIL	13	115	1407	3346
FOLD	4755	2066	2066	796395	796395	0	2775725
RAIL	64	64	1407	3347
FOLD	4758	2067	2067	796782	796782	0	2778083
RAIL	53	75	1408	3349
FOLD	4759	2068	2068	797166	797166	0	2778700
RAIL	64	64	1408	3350
FOLD	4768	2069	2069	797550	797550	0	2783049
RAIL	52	77	1412	3355
FOLD	4769	2070	2070	797937	797937	0	2783553
RAIL	64	64	1412	3356
FOLD	4784	2071	2071	798324	798324	0	2791116
RAIL	50	79	1419	3364
FOLD	4785	2072	2072	798711	798711	0	2791687
RAIL	64	64	1419	3365
FOLD	4794	2073	2073	799095	799095	0	2796207
RAIL	18	110	1423	3370
FOLD	4799	2074	2074	799476	799476	0	2799649
RAIL	64	64	1425	3373
FOLD	4804	2075	2075	799863	799863	0	2801998
RAIL	19	110	1427	3376
FOLD	4805	2076	2076	800250	800250	0	2802469
RAIL	64	64	1427	3377
FOLD	4810	2077	2077	800637	800637	0	2805297
RAIL	20	108	1429	3380
FOLD	4811	2078	2078	801021	801021	0	2805773
RAIL	64	64	1429	3381
FOLD	4814	2079	2079	801408	801408	0	2808207
RAIL	46	82	1430	3383
FOLD	4815	2080	2080	801792	801792	0	2808734
RAIL	64	64	1430	3384
FOLD	4824	2081	2081	802176	802176	0	2813358
RAIL	45	84	1434	3389
FOLD	4825	2082	2082	802563	802563	0	2813887
RAIL	64	64	1434	3390
FOLD	4842	2083	2083	802953	802953	0	2822977
RAIL	24	104	1442	3399
FOLD	4847	2084	2084	803334	803334	0	2825535
RAIL	64	64	1444	3402
FOLD	4848	2085	2085	803718	803718	0	2826655
RAIL	42	87	1444	3403
FOLD	4849	2086	2086	804105	804105	0	2827173
RAIL	64	64	1444	3404
FOLD	4864	2087	2087	804492	804492	0	2835019
RAIL	40	89	1451	3412
FOLD	4865	2088	2088	804879	804879	0	2835540
RAIL	64	64	1451	3413
FOLD	4870	2089	2089	805266	805266	0	2838016
RAIL	39	89	1453	3416
FOLD	4871	2090	2090	805650	805650	0	2838563
RAIL	64	64	1453	3417
FOLD	4872	2091	2091	806034	806034	0	2839721
RAIL	39	90	1453	3418
FOLD	4873	2092	2092	806421	806421	0	2840277
RAIL	64	64	1453	3419
FOLD	4876	2093	2093	806805	806805	0	2843064
RAIL	28	101	1454	3421
FOLD	4877	2094	2094	807192	807192	0	2843684
RAIL	64	64	1454	3422
FOLD	4882	2095	2095	807579	807579	0	2846639
RAIL	29	99	1456	3425
FOLD	4883	2096	2096	807963	807963	0	2847194
RAIL	64	64	1456	3426
FOLD	4886	2097	2097	808350	808350	0	2849799
RAIL	37	91	1457	3428
FOLD	4887	2098	2098	808734	808734	0	2850303
RAIL	64	64	1457	3429
FOLD	4892	2099	2099	809121	809121	0	2852448
RAIL	30	99	1459	3432
FOLD	4893	2100	2100	809508	809508	0	2853005
RAIL	64	64	1459	3433
FOLD	4894	2101	2101	809892	809892	0	2853875
RAIL	36	92	1459	3434
FOLD	4895	2102	2102	810276	810276	0	2854368
RAIL	64	64	1459	3435
FOLD	4896	2103	2103	810660	810660	0	2855221
RAIL	36	93	1459	3436
FOLD	4897	2104	2104	811047	811047	0	2855728
RAIL	64	64	1459	3437
FOLD	4898	2105	2105	811431	811431	0	2856608
RAIL	31	97	1459	3438
FOLD	4899	2106	2106	811815	811815	0	2857219
RAIL	64	64	1459	3439
FOLD	4900	2107	2107	812199	812199	0	2858058
RAIL	31	98	1459	3440
FOLD	4901	2108	2108	812586	812586	0	2858701
RAIL	64	64	1459	3441
FOLD	4902	2109	2109	812970	812970	0	2859774
RAIL	35	93	1459	3442
FOLD	4903	2110	2110	813354	813354	0	2860896
RAIL	64	64	1459	3443
FOLD	4908	2111	2111	813741	813741	0	2863376
RAIL	32	97	1461	3446
FOLD	4909	2112	2112	814128	814128	0	2863871
RAIL	64	64	1461	3447
FOLD	4914	2113	2113	814515	814515	0	2866542
RAIL	33	95	1463	3450
FOLD	4915	2114	2114	814899	814899	0	2867052
RAIL	64	64	1463	3451
FOLD	4918	2115	2115	815286	815286	0	2869338
RAIL	64	64	1464	3453
FOLD	4923	2116	2116	815673	815673	0	2872135
RAIL	64	64	1466	3456
FOLD	4924	2117	2117	816057	816057	0	2873422
RAIL	64	64	1466	3457
FOLD	4929	2118	2118	816444	816444	0	2875932
RAIL	64	64	1468	3460
FOLD	4934	2119	2119	816831	816831	0	2878602
RAIL	64	64	1470	3463
FOLD	4941	2120	2120	817218	817218	0	2882869
RAIL	64	64	1473	3467
FOLD	4942	2121	2121	817602	817602	0	2883749
RAIL	64	64	1473	3468
FOLD	4943	2122	2122	817986	817986	0	2884580
RAIL	60	68	1473	3469
FOLD	4944	2123	2123	818370	818370	0	2885068
RAIL	64	64	1473	3470
FOLD	4945	2124	2124	818754	818754	0	2886165
RAIL	60	69	1473	3471
FOLD	4946	2125	2125	819141	819141	0	2886661
RAIL	64	64	1473	3472
FOLD	4957	2126	2126	819528	819528	0	2893175
RAIL	58	71	1478	3478
FOLD	4958	2127	2127	819915	819915	0	2893705
RAIL	64	64	1478	3479
FOLD	4963	2128	2128	820302	820302	0	2895871
RAIL	57	71	1480	3482
FOLD	4964	2129	2129	820686	820686	0	2896375
RAIL	64	64	1480	3483
FOLD	4965	2130	2130	821070	821070	0	2897321
RAIL	57	72	1480	3484
FOLD	4966	2131	2131	821457	821457	0	2897912
RAIL	64	64	1480	3485
FOLD	4967	2132	2132	821841	821841	0	2899005
RAIL	10	118	1480	3486
FOLD	4988	2133	2133	822228	822228	0	2909245
RAIL	64	64	1490	3497
FOLD	4989	2134	2134	822612	822612	0	2910080
RAIL	54	75	1490	3498
FOLD	4990	2135	2135	822999	822999	0	2910627
RAIL	64	64	1490	3499
FOLD	4991	2136	2136	823383	823383	0	2911539
RAIL	13	115	1490	3500
FOLD	4992	2137	2137	823767	823767	0	2912018
RAIL	64	64	1490	3501
FOLD	4993	2138	2138	824151	824151	0	2913172
RAIL	13	116	1490	3502
FOLD	4994	2139	2139	824538	824538	0	2913608
RAIL	64	64	1490	3503
FOLD	4999	2140	2140	824925	824925	0	2916018
RAIL	14	114	1492	3506
FOLD	5000	2141	2141	825309	825309	0	2916530
RAIL	64	64	1492	3507
FOLD	5005	2142	2142	825696	825696	0	2919149
RAIL	52	77	1494	3510
FOLD	5006	2143	2143	826083	826083	0	2919650
RAIL	64	64	1494	3511
FOLD	5025	2144	2144	826467	826467	0	2929345
RAIL	17	112	1503	3521
FOLD	5026	2145	2145	826854	826854	0	2929819
RAIL	64	64	1503	3522
FOLD	5031	2146	2146	827241	827241	0	2932876
RAIL	18	110	1505	3525
FOLD	5048	2147	2147	827625	827625	0	2939566
RAIL	64	64	1513	3534
FOLD	5049	2148	2148	828009	828009	0	2940449
RAIL	20	109	1513	3535
FOLD	5050	2149	2149	828396	828396	0	2940929
RAIL	64	64	1513	3536
FOLD	5051	2150	2150	828780	828780	0	2942030
RAIL	46	82	1513	3537
FOLD	5052	2151	2151	829164	829164	0	2942556
RAIL	64	64	1513	3538
FOLD	5057	2152	2152	829551	829551	0	2944942
RAIL	21	108	1515	3541
FOLD	5058	2153	2153	829938	829938	0	2945393
RAIL	64	64	1515	3542
FOLD	5063	2154	2154	830325	830325	0	2948319
RAIL	22	106	1517	3545
FOLD	5082	2155	2155	830712	830712	0	2960316
RAIL	64	64	1526	3555
FOLD	5087	2156	2156	831099	831099	0	2962822
RAIL	25	103	1528	3558
FOLD	5092	2157	2157	831480	831480	0	2965152
RAIL	64	64	1530	3561
FOLD	5093	2158	2158	831864	831864	0	2965959
RAIL	41	88	1530	3562
FOLD	5094	2159	2159	832251	832251	0	2966457
RAIL	64	64	1530	3563
FOLD	5095	2160	2160	832635	832635	0	2967343
RAIL	26	102	1530	3564
FOLD	5100	2161	2161	833016	833016	0	2969658
RAIL	64	64	1532	3567
FOLD	5101	2162	2162	833400	833400	0	2970592
RAIL	40	89	1532	3568
FOLD	5102	2163	2163	833787	833787	0	2971097
RAIL	64	64	1532	3569
FOLD	5103	2164	2164	834171	834171	0	2972175
RAIL	27	101	1532	3570
FOLD	5104	2165	2165	834555	834555	0	2972785
RAIL	64	64	1532	3571
FOLD	5109	2166	2166	834942	834942	0	2975215
RAIL	39	90	1534	3574
FOLD	5110	2167	2167	835329	835329	0	2975784
RAIL	64	64	1534	3575
FOLD	5115	2168	2168	835716	835716	0	2978517
RAIL	38	90	1536	3578
FOLD	5116	2169	2169	836100	836100	0	2979212
RAIL	64	64	1536	3579
FOLD	5117	2170	2170	836484	836484	0	2980399
RAIL	38	91	1536	3580
FOLD	5118	2171	2171	836871	836871	0	2980966
RAIL	64	64	1536	3581
FOLD	5123	2172	2172	837258	837258	0	2982931
RAIL	37	91	1538	3584
FOLD	5124	2173	2173	837642	837642	0	2983412
RAIL	64	64	1538	3585
FOLD	5129	2174	2174	838029	838029	0	2985694
RAIL	30	99	1540	3588
FOLD	5130	2175	2175	838416	838416	0	2986235
RAIL	64	64	1540	3589
FOLD	5131	2176	2176	838800	838800	0	2987124
RAIL	36	92	1540	3590
FOLD	5132	2177	2177	839184	839184	0	2987595
RAIL	64	64	1540	3591
FOLD	5133	2178	2178	839568	839568	0	2988778
RAIL	36	93	1540	3592
FOLD	5134	2179	2179	839955	839955	0	2989261
RAIL	64	64	1540	3593
FOLD	5139	2180	2180	840342	840342	0	2991643
RAIL	35	93	1542	3596
FOLD	5140	2181	2181	840726	840726	0	2992137
RAIL	64	64	1542	3597
FOLD	5145	2182	2182	841113	841113	0	2994704
RAIL	32	97	1544	3600
FOLD	5146	2183	2183	841500	841500	0	2995186
RAIL	64	64	1544	3601
FOLD	5149	2184	2184	841884	841884	0	2998028
RAIL	34	95	1545	3603
FOLD	5150	2185	2185	842271	842271	0	2998534
RAIL	64	64	1545	3604
FOLD	5155	2186	2186	842658	842658	0	3000630
RAIL	64	64	1547	3607
FOLD	5156	2187	2187	843042	843042	0	3001500
RAIL	64	64	1547	3608
FOLD	5157	2188	2188	843426	843426	0	3002350
RAIL	64	64	1547	3609
FOLD	5158	2189	2189	843810	843810	0	3003447
RAIL	64	65	1547	3610
FOLD	5159	2190	2190	844197	844197	0	3003956
RAIL	64	64	1547	3611
FOLD	5170	2191	2191	844584	844584	0	3010704
RAIL	62	67	1552	3617
FOLD	5171	2192	2192	844971	844971	0	3011268
RAIL	64	64	1552	3618
FOLD	5176	2193	2193	845355	845355	0	3013953
RAIL	61	68	1554	3621
FOLD	5177	2194	2194	845742	845742	0	3014461
RAIL	64	64	1554	3622
FOLD	5178	2195	2195	846126	846126	0	3015634
RAIL	64	64	1554	3623
FOLD	5183	2196	2196	846513	846513	0	3018278
RAIL	64	64	1556	3626
FOLD	5188	2197	2197	846897	846897	0	3021717
RAIL	59	70	1558	3629
FOLD	5189	2198	2198	847284	847284	0	3022224
RAIL	64	64	1558	3630
FOLD	5202	2199	2199	847668	847668	0	3027707
RAIL	57	72	1564	3637
FOLD	5203	2200	2200	848055	848055	0	3028257
RAIL	64	64	1564	3638
FOLD	5204	2201	2201	848439	848439	0	3029196
RAIL	10	118	1564	3639
FOLD	5205	2202	2202	848823	848823	0	3029606
RAIL	64	64	1564	3640
FOLD	5206	2203	2203	849207	849207	0	3030717
RAIL	10	119	1564	3641
FOLD	5207	2204	2204	849594	849594	0	3032353
RAIL	64	64	1564	3642
FOLD	5212	2205	2205	849981	849981	0	3034796
RAIL	11	117	1566	3645
FOLD	5229	2206	2206	850365	850365	0	3043889
RAIL	64	64	1574	3654
FOLD	5234	2207	2207	850752	850752	0	3046259
RAIL	53	76	1576	3657
FOLD	5235	2208	2208	851139	851139	0	3046808
RAIL	64	64	1576	3658
FOLD	5240	2209	2209	851526	851526	0	3049449
RAIL	52	76	1578	3661
FOLD	5241	2210	2210	851910	851910	0	3049999
RAIL	64	64	1578	3662
FOLD	5244	2211	2211	852297	852297	0	3052446
RAIL	15	113	1579	3664
FOLD	5245	2212	2212	852681	852681	0	3052944
RAIL	64	64	1579	3665
FOLD	5250	2213	2213	853068	853068	0	3054962
RAIL	51	78	1581	3668
FOLD	5251	2214	2214	853455	853455	0	3055535
RAIL	64	64	1581	3669
FOLD	5252	2215	2215	853839	853839	0	3056429
RAIL	16	112	1581	3670
FOLD	5257	2216	2216	854220	854220	0	3059040
RAIL	64	64	1583	3673
FOLD	5270	2217	2217	854607	854607	0	3065653
RAIL	18	111	1589	3680
FOLD	5271	2218	2218	854994	854994	0	3066086
RAIL	64	64	1589	3681
FOLD	5276	2219	2219	855381	855381	0	3068023
RAIL	19	109	1591	3684
FOLD	5293	2220	2220	855765	855765	0	3075477
RAIL	64	64	1599	3693
FOLD	5298	2221	2221	856152	856152	0	3078330
RAIL	45	84	1601	3696
FOLD	5299	2222	2222	856539	856539	0	3078872
RAIL	64	64	1601	3697
FOLD	5304	2223	2223	856926	856926	0	3082155
RAIL	44	84	1603	3700
FOLD	5305	2224	2224	857310	857310	0	3082648
RAIL	64	64	1603	3701
FOLD	5306	2225	2225	857694	857694	0	3083434
RAIL	44	85	1603	3702
FOLD	5307	2226	2226	858081	858081	0	3084002
RAIL	64	64	1603	3703
FOLD	5308	2227	2227	858465	858465	0	3084891
RAIL	23	105	1603	3704
FOLD	5313	2228	2228	858846	858846	0	3087262
RAIL	64	64	1605	3707
FOLD	5314	2229	2229	859230	859230	0	3088379
RAIL	43	86	1605	3708
FOLD	5315	2230	2230	859617	859617	0	3088895
RAIL	64	64	1605	3709
FOLD	5332	2231	2231	860007	860007	0	3097573
RAIL	26	102	1613	3718
FOLD	5337	2232	2232	860388	860388	0	3100227
RAIL	64	64	1615	3721
FOLD	5350	2233	2233	860775	860775	0	3106860
RAIL	28	101	1621	3728
FOLD	5351	2234	2234	861162	861162	0	3107393
RAIL	64	64	1621	3729
FOLD	5356	2235	2235	861549	861549	0	3109363
RAIL	29	99	1623	3732
FOLD	5357	2236	2236	861933	861933	0	3109940
RAIL	64	64	1623	3733
FOLD	5362	2237	2237	862320	862320	0	3112014
RAIL	37	92	1625	3736
FOLD	5363	2238	2238	862707	862707	0	3112517
RAIL	64	64	1625	3737
FOLD	5364	2239	2239	863091	863091	0	3113407
RAIL	30	98	1625	3738
FOLD	5365	2240	2240	863475	863475	0	3113925
RAIL	64	64	1625	3739
FOLD	5366	2241	2241	863859	863859	0	3114791
RAIL	30	99	1625	3740
FOLD	5367	2242	2242	864246	864246	0	3115322
RAIL	64	64	1625	3741
FOLD	5368	2243	2243	864630	864630	0	3116378
RAIL	36	92	1625	3742
FOLD	5369	2244	2244	865014	865014	0	3116896
RAIL	64	64	1625	3743
FOLD	5374	2245	2245	865401	865401	0	3119270
RAIL	31	98	1627	3746
FOLD	5375	2246	2246	865788	865788	0	3119795
RAIL	64	64	1627	3747
FOLD	5380	2247	2247	866175	866175	0	3122399
RAIL	32	96	1629	3750
FOLD	5381	2248	2248	866559	866559	0	3122905
RAIL	64	64	1629	3751
FOLD	5384	2249	2249	866946	866946	0	3125692
RAIL	34	94	1630	3753
FOLD	5385	2250	2250	867330	867330	0	3126212
RAIL	64	64	1630	3754
FOLD	5390	2251	2251	867717	867717	0	3128303
RAIL	33	96	1632	3757
FOLD	5391	2252	2252	868104	868104	0	3128834
RAIL	64	64	1632	3758
FOLD	5392	2253	2253	868488	868488	0	3129868
RAIL	64	64	1632	3759
FOLD	5393	2254	2254	868872	868872	0	3131039
RAIL	64	64	1632	3760
FOLD	5402	2255	2255	869262	869262	0	3135621
RAIL	64	64	1636	3765
FOLD	5409	2256	2256	869649	869649	0	3139696
RAIL	64	64	1639	3769
FOLD	5410	2257	2257	870033	870033	0	3140639
RAIL	64	64	1639	3770
FOLD	5411	2258	2258	870417	870417	0	3141567
RAIL	61	67	1639	3771
FOLD	5412	2259	2259	870801	870801	0	3142114
RAIL	64	64	1639	3772
FOLD	5413	2260	2260	871185	871185	0	3143014
RAIL	61	68	1639	3773
FOLD	5414	2261	2261	871572	871572	0	3143595
RAIL	64	64	1639	3774
FOLD	5415	2262	2262	871956	871956	0	3144638
RAIL	64	64	1639	3775
FOLD	5420	2263	2263	872343	872343	0	3147055
RAIL	64	64	1641	3778
FOLD	5425	2264	2264	872727	872727	0	3150563
RAIL	59	70	1643	3781
FOLD	5426	2265	2265	873114	873114	0	3151137
RAIL	64	64	1643	3782
FOLD	5439	2266	2266	873498	873498	0	3156895
RAIL	57	72	1649	3789
FOLD	5440	2267	2267	873885	873885	0	3157456
RAIL	64	64	1649	3790
FOLD	5457	2268	2268	874275	874275	0	3166143
RAIL	12	116	1657	3799
FOLD	5462	2269	2269	874656	874656	0	3168436
RAIL	64	64	1659	3802
FOLD	5463	2270	2270	875040	875040	0	3169616
RAIL	54	75	1659	3803
FOLD	5464	2271	2271	875427	875427	0	3170153
RAIL	64	64	1659	3804
FOLD	5479	2272	2272	875814	875814	0	3177856
RAIL	52	77	1666	3812
FOLD	5480	2273	2273	876201	876201	0	3178393
RAIL	64	64	1666	3813
FOLD	5485	2274	2274	876588	876588	0	3180743
RAIL	51	77	1668	3816
FOLD	5486	2275	2275	876972	876972	0	3181274
RAIL	64	64	1668	3817
FOLD	5487	2276	2276	877356	877356	0	3182555
RAIL	51	78	1668	3818
FOLD	5488	2277	2277	877743	877743	0	3183074
RAIL	64	64	1668	3819
FOLD	5493	2278	2278	878130	878130	0	3186975
RAIL	50	78	1670	3822
FOLD	5494	2279	2279	878514	878514	0	3187508
RAIL	64	64	1670	3823
FOLD	5497	2280	2280	878901	878901	0	3190408
RAIL	17	111	1671	3825
FOLD	5510	2281	2281	879282	879282	0	3195807
RAIL	64	64	1677	3832
FOLD	5511	2282	2282	879666	879666	0	3196761
RAIL	48	81	1677	3833
FOLD	5512	2283	2283	880053	880053	0	3197278
RAIL	64	64	1677	3834
FOLD	5513	2284	2284	880437	880437	0	3198137
RAIL	19	109	1677	3835
FOLD	5514	2285	2285	880821	880821	0	3199507
RAIL	64	64	1677	3836
FOLD	5515	2286	2286	881205	881205	0	3200641
RAIL	19	110	1677	3837
FOLD	5516	2287	2287	881592	881592	0	3201158
RAIL	64	64	1677	3838
FOLD	5521	2288	2288	881979	881979	0	3203596
RAIL	20	108	1679	3841
FOLD	5538	2289	2289	882363	882363	0	3212730
RAIL	64	64	1687	3850
FOLD	5543	2290	2290	882750	882750	0	3215074
RAIL	44	85	1689	3853
FOLD	5544	2291	2291	883137	883137	0	3215609
RAIL	64	64	1689	3854
FOLD	5549	2292	2292	883524	883524	0	3218439
RAIL	43	85	1691	3857
FOLD	5550	2293	2293	883908	883908	0	3218963
RAIL	64	64	1691	3858
FOLD	5553	2294	2294	884295	884295	0	3221702
RAIL	24	104	1692	3860
FOLD	5566	2295	2295	884676	884676	0	3227535
RAIL	64	64	1698	3867
FOLD	5571	2296	2296	885063	885063	0	3229947
RAIL	26	103	1700	3870
FOLD	5572	2297	2297	885450	885450	0	3230423
RAIL	64	64	1700	3871
FOLD	5577	2298	2298	885837	885837	0	3233378
RAIL	27	101	1702	3874
FOLD	5592	2299	2299	886221	886221	0	3240725
RAIL	64	64	1709	3882
FOLD	5597	2300	2300	886608	886608	0	3243099
RAIL	37	91	1711	3885
FOLD	5598	2301	2301	886992	886992	0	3243604
RAIL	64	64	1711	3886
FOLD	5603	2302	2302	887379	887379	0	3246641
RAIL	30	99	1713	3889
FOLD	5604	2303	2303	887766	887766	0	3247173
RAIL	64	64	1713	3890
FOLD	5609	2304	2304	888153	888153	0	3251142
RAIL	31	97	1715	3893
FOLD	5610	2305	2305	888537	888537	0	3251750
RAIL	64	64	1715	3894
FOLD	5611	2306	2306	888921	888921	0	3252587
RAIL	31	98	1715	3895
FOLD	5612	2307	2307	889308	889308	0	3253090
RAIL	64	64	1715	3896
FOLD	5613	2308	2308	889692	889692	0	3253960
RAIL	35	93	1715	3897
FOLD	5614	2309	2309	890076	890076	0	3254544
RAIL	64	64	1715	3898
FOLD	5615	2310	2310	890460	890460	0	3255394
RAIL	35	94	1715	3899
FOLD	5616	2311	2311	890847	890847	0	3255968
RAIL	64	64	1715	3900
FOLD	5617	2312	2312	891231	891231	0	3257114
RAIL	32	96	1715	3901
FOLD	5618	2313	2313	891615	891615	0	3257650
RAIL	64	64	1715	3902
FOLD	5623	2314	2314	892002	892002	0	3260054
RAIL	34	95	1717	3905
FOLD	5624	2315	2315	892389	892389	0	3260585
RAIL	64	64	1717	3906
FOLD	5629	2316	2316	892776	892776	0	3263814
RAIL	64	64	1719	3909
FOLD	5634	2317	2317	893163	893163	0	3267987
RAIL	64	64	1721	3912
FOLD	5635	2318	2318	893547	893547	0	3269715
RAIL	64	64	1721	3913
FOLD	5640	2319	2319	893934	893934	0	3272463
RAIL	64	64	1723	3916
FOLD	5645	2320	2320	894321	894321	0	3275330
RAIL	64	64	1725	3919
FOLD	5652	2321	2321	894708	894708	0	3279694
RAIL	64	64	1728	3923
FOLD	5653	2322	2322	895092	895092	0	3280642
RAIL	64	64	1728	3924
FOLD	5654	2323	2323	895476	895476	0	3281550
RAIL	60	68	1728	3925
FOLD	5655	2324	2324	895860	895860	0	3282089
RAIL	64	64	1728	3926
FOLD	5656	2325	2325	896244	896244	0	3283177
RAIL	60	69	1728	3927
FOLD	5657	2326	2326	896631	896631	0	3283704
RAIL	64	64	1728	3928
FOLD	5668	2327	2327	897018	897018	0	3291586
RAIL	58	71	1733	3934
FOLD	5669	2328	2328	897405	897405	0	3292133
RAIL	64	64	1733	3935
FOLD	5674	2329	2329	897792	897792	0	3294462
RAIL	57	71	1735	3938
FOLD	5675	2330	2330	898176	898176	0	3295060
RAIL	64	64	1735	3939
FOLD	5676	2331	2331	898560	898560	0	3296166
RAIL	57	72	1735	3940
FOLD	5677	2332	2332	898947	898947	0	3296814
RAIL	64	64	1735	3941
FOLD	5678	2333	2333	899331	899331	0	3297932
RAIL	10	118	1735	3942
FOLD	5699	2334	2334	899718	899718	0	3307190
RAIL	64	64	1745	3953
FOLD	5708	2335	2335	900102	900102	0	3311373
RAIL	53	76	1749	3958
FOLD	5709	2336	2336	900489	900489	0	3311992
RAIL	64	64	1749	3959
FOLD	5710	2337	2337	900873	900873	0	3312921
RAIL	14	114	1749	3960
FOLD	5715	2338	2338	901254	901254	0	3315592
RAIL	64	64	1751	3963
FOLD	5720	2339	2339	901641	901641	0	3317922
RAIL	15	114	1753	3966
FOLD	5721	2340	2340	902028	902028	0	3318393
RAIL	64	64	1753	3967
FOLD	5726	2341	2341	902415	902415	0	3321061
RAIL	16	112	1755	3970
FOLD	5727	2342	2342	902799	902799	0	3321607
RAIL	64	64	1755	3971
FOLD	5730	2343	2343	903186	903186	0	3323839
RAIL	50	78	1756	3973
FOLD	5731	2344	2344	903570	903570	0	3324376
RAIL	64	64	1756	3974
FOLD	5736	2345	2345	903957	903957	0	3326709
RAIL	17	112	1758	3977
FOLD	5737	2346	2346	904344	904344	0	3327188
RAIL	64	64	1758	3978
FOLD	5738	2347	2347	904728	904728	0	3328054
RAIL	49	79	1758	3979
FOLD	5739	2348	2348	905112	905112	0	3328678
RAIL	64	64	1758	3980
FOLD	5740	2349	2349	905496	905496	0	3329752
RAIL	49	80	1758	3981
FOLD	5741	2350	2350	905883	905883	0	3330356
RAIL	64	64	1758	3982
FOLD	5762	2351	2351	906270	906270	0	3342122
RAIL	46	82	1768	3993
FOLD	5763	2352	2352	906654	906654	0	3342733
RAIL	64	64	1768	3994
FOLD	5764	2353	2353	907038	907038	0	3343889
RAIL	46	83	1768	3995
FOLD	5765	2354	2354	907425	907425	0	3344504
RAIL	64	64	1768	3996
FOLD	5788	2355	2355	907812	907812	0	3355873
RAIL	43	86	1779	4008
FOLD	5789	2356	2356	908199	908199	0	3356488
RAIL	64	64	1779	4009
FOLD	5792	2357	2357	908583	908583	0	3359350
RAIL	24	105	1780	4011
FOLD	5793	2358	2358	908970	908970	0	3359880
RAIL	64	64	1780	4012
FOLD	5798	2359	2359	909357	909357	0	3362918
RAIL	25	103	1782	4015
FOLD	5813	2360	2360	909741	909741	0	3370182
RAIL	64	64	1789	4023
FOLD	5814	2361	2361	910125	910125	0	3371071
RAIL	27	101	1789	4024
FOLD	5815	2362	2362	910509	910509	0	3371617
RAIL	64	64	1789	4025
FOLD	5818	2363	2363	910896	910896	0	3374414
RAIL	39	89	1790	4027
FOLD	5819	2364	2364	911280	911280	0	3375003
RAIL	64	64	1790	4028
FOLD	5840	2365	2365	911667	911667	0	3386950
RAIL	30	99	1800	4039
FOLD	5841	2366	2366	912054	912054	0	3387540
RAIL	64	64	1800	4040
FOLD	5846	2367	2367	912441	912441	0	3390594
RAIL	31	97	1802	4043
FOLD	5847	2368	2368	912825	912825	0	3391306
RAIL	64	64	1802	4044
FOLD	5848	2369	2369	913209	913209	0	3392415
RAIL	31	98	1802	4045
FOLD	5849	2370	2370	913596	913596	0	3393008
RAIL	64	64	1802	4046
FOLD	5854	2371	2371	913983	913983	0	3395046
RAIL	32	96	1804	4049
FOLD	5855	2372	2372	914367	914367	0	3395607
RAIL	64	64	1804	4050
FOLD	5860	2373	2373	914754	914754	0	3397947
RAIL	34	95	1806	4053
FOLD	5861	2374	2374	915141	915141	0	3398503
RAIL	64	64	1806	4054
FOLD	5862	2375	2375	915525	915525	0	3399304
RAIL	33	95	1806	4055
FOLD	5863	2376	2376	915909	915909	0	3399897
RAIL	64	64	1806	4056
FOLD	5864	2377	2377	916293	916293	0	3400775
RAIL	33	96	1806	4057
FOLD	5865	2378	2378	916680	916680	0	3401338
RAIL	64	64	1806	4058
FOLD	5874	2379	2379	917067	917067	0	3408161
RAIL	64	64	1810	4063
FOLD	5879	2380	2380	917454	917454	0	3411154
RAIL	62	66	1812	4066
FOLD	5880	2381	2381	917838	917838	0	3411741
RAIL	64	64	1812	4067
FOLD	5887	2382	2382	918225	918225	0	3417985
RAIL	61	68	1815	4071
FOLD	5888	2383	2383	918612	918612	0	3418575
RAIL	64	64	1815	4072
FOLD	5889	2384	2384	918996	918996	0	3419347
RAIL	64	64	1815	4073
FOLD	5890	2385	2385	919380	919380	0	3420206
RAIL	64	64	1815	4074
FOLD	5891	2386	2386	919764	919764	0	3421159
RAIL	60	68	1815	4075
FOLD	5892	2387	2387	920148	920148	0	3421729
RAIL	64	64	1815	4076
FOLD	5893	2388	2388	920532	920532	0	3422632
RAIL	60	69	1815	4077
FOLD	5894	2389	2389	920919	920919	0	3423253
RAIL	64	64	1815	4078
FOLD	5895	2390	2390	921303	921303	0	3424088
RAIL	64	64	1815	4079
FOLD	5896	2391	2391	921687	921687	0	3425105
RAIL	64	64	1815	4080
FOLD	5901	2392	2392	922074	922074	0	3427638
RAIL	64	64	1817	4083
FOLD	5906	2393	2393	922461	922461	0	3430621
RAIL	64	64	1819	4086
FOLD	5907	2394	2394	922845	922845	0	3431713
RAIL	9	119	1819	4087
FOLD	5908	2395	2395	923229	923229	0	3432158
RAIL	64	64	1819	4088
FOLD	5913	2396	2396	923616	923616	0	3434048
RAIL	57	72	1821	4091
FOLD	5914	2397	2397	924003	924003	0	3434705
RAIL	64	64	1821	4092
FOLD	5919	2398	2398	924390	924390	0	3436863
RAIL	56	72	1823	4095
FOLD	5920	2399	2399	924774	924774	0	3437424
RAIL	64	64	1823	4096
FOLD	5921	2400	2400	925158	925158	0	3438344
RAIL	56	73	1823	4097
FOLD	5922	2401	2401	925545	925545	0	3438871
RAIL	64	64	1823	4098
FOLD	5923	2402	2402	925929	925929	0	3440010
RAIL	11	117	1823	4099
FOLD	5946	2403	2403	926319	926319	0	3450730
RAIL	64	64	1834	4111
FOLD	5947	2404	2404	926703	926703	0	3451600
RAIL	14	114	1834	4112
FOLD	5952	2405	2405	927084	927084	0	3454229
RAIL	64	64	1836	4115
FOLD	5967	2406	2406	927474	927474	0	3462092
RAIL	50	78	1843	4123
FOLD	5968	2407	2407	927858	927858	0	3462701
RAIL	64	64	1843	4124
FOLD	5973	2408	2408	928245	928245	0	3464811
RAIL	17	112	1845	4127
FOLD	5974	2409	2409	928632	928632	0	3465251
RAIL	64	64	1845	4128
FOLD	5975	2410	2410	929016	929016	0	3466089
RAIL	49	79	1845	4129
FOLD	5976	2411	2411	929400	929400	0	3466665
RAIL	64	64	1845	4130
FOLD	5977	2412	2412	929784	929784	0	3467818
RAIL	49	80	1845	4131
FOLD	5978	2413	2413	930171	930171	0	3468379
RAIL	64	64	1845	4132
FOLD	5983	2414	2414	930558	930558	0	3470634
RAIL	48	80	1847	4135
FOLD	5984	2415	2415	930942	930942	0	3471170
RAIL	64	64	1847	4136
FOLD	6005	2416	2416	931329	931329	0	3480567
RAIL	21	108	1857	4147
FOLD	6006	2417	2417	931716	931716	0	3481038
RAIL	64	64	1857	4148
FOLD	6007	2418	2418	932100	932100	0	3481896
RAIL	45	83	1857	4149
FOLD	6008	2419	2419	932484	932484	0	3482411
RAIL	64	64	1857	4150
FOLD	6009	2420	2420	932868	932868	0	3483244
RAIL	45	84	1857	4151
FOLD	6010	2421	2421	933255	933255	0	3483810
RAIL	64	64	1857	4152
FOLD	6011	2422	2422	933639	933639	0	3484895
RAIL	22	106	1857	4153
FOLD	6032	2423	2423	934026	934026	0	3495675
RAIL	64	64	1867	4164
FOLD	6033	2424	2424	934410	934410	0	3496771
RAIL	42	87	1867	4165
FOLD	6034	2425	2425	934797	934797	0	3497291
RAIL	64	64	1867	4166
FOLD	6039	2426	2426	935184	935184	0	3499429
RAIL	41	87	1869	4169
FOLD	6040	2427	2427	935568	935568	0	3499999
RAIL	64	64	1869	4170
FOLD	6059	2428	2428	935955	935955	0	3509431
RAIL	28	100	1878	4180
FOLD	6060	2429	2429	936339	936339	0	3509946
RAIL	64	64	1878	4181
FOLD	6061	2430	2430	936723	936723	0	3511088
RAIL	28	101	1878	4182
FOLD	6062	2431	2431	937110	937110	0	3511594
RAIL	64	64	1878	4183
FOLD	6067	2432	2432	937497	937497	0	3514106
RAIL	29	99	1880	4186
FOLD	6088	2433	2433	937884	937884	0	3522914
RAIL	64	64	1890	4197
FOLD	6089	2434	2434	938268	938268	0	3523772
RAIL	35	94	1890	4198
FOLD	6090	2435	2435	938655	938655	0	3524324
RAIL	64	64	1890	4199
FOLD	6091	2436	2436	939039	939039	0	3525513
RAIL	32	96	1890	4200
FOLD	6092	2437	2437	939423	939423	0	3526268
RAIL	64	64	1890	4201
FOLD	6097	2438	2438	939810	939810	0	3528676
RAIL	34	95	1892	4204
FOLD	6098	2439	2439	940197	940197	0	3529201
RAIL	64	64	1892	4205
FOLD	6103	2440	2440	940584	940584	0	3531794
RAIL	64	64	1894	4208
FOLD	6110	2441	2441	940971	940971	0	3536594
RAIL	63	65	1897	4212
FOLD	6111	2442	2442	941355	941355	0	3537174
RAIL	64	64	1897	4213
FOLD	6112	2443	2443	941739	941739	0	3538085
RAIL	63	66	1897	4214
FOLD	6113	2444	2444	942126	942126	0	3538646
RAIL	64	64	1897	4215
FOLD	6114	2445	2445	942510	942510	0	3539452
RAIL	64	64	1897	4216
FOLD	6115	2446	2446	942894	942894	0	3540295
RAIL	64	64	1897	4217
FOLD	6116	2447	2447	943278	943278	0	3541475
RAIL	62	66	1897	4218
FOLD	6117	2448	2448	943662	943662	0	3542005
RAIL	64	64	1897	4219
FOLD	6126	2449	2449	944052	944052	0	3546919
RAIL	64	64	1901	4224
FOLD	6131	2450	2450	944439	944439	0	3550584
RAIL	64	64	1903	4227
FOLD	6132	2451	2451	944823	944823	0	3551407
RAIL	64	64	1903	4228
FOLD	6133	2452	2452	945207	945207	0	3552514
RAIL	64	64	1903	4229
FOLD	6138	2453	2453	945594	945594	0	3554835
RAIL	64	64	1905	4232
FOLD	6143	2454	2454	945981	945981	0	3557613
RAIL	64	64	1907	4235
FOLD	6144	2455	2455	946365	946365	0	3558769
RAIL	9	119	1907	4236
FOLD	6157	2456	2456	946752	946752	0	3563731
RAIL	64	64	1913	4243
FOLD	6158	2457	2457	947136	947136	0	3564632
RAIL	56	73	1913	4244
FOLD	6159	2458	2458	947523	947523	0	3565254
RAIL	64	64	1913	4245
FOLD	6160	2459	2459	947907	947907	0	3566223
RAIL	11	117	1913	4246
FOLD	6161	2460	2460	948291	948291	0	3566681
RAIL	64	64	1913	4247
FOLD	6162	2461	2461	948675	948675	0	3567793
RAIL	11	118	1913	4248
FOLD	6163	2462	2462	949062	949062	0	3568238
RAIL	64	64	1913	4249
FOLD	6168	2463	2463	949449	949449	0	3570753
RAIL	12	116	1915	4252
FOLD	6187	2464	2464	949836	949836	0	3580688
RAIL	64	64	1924	4262
FOLD	6188	2465	2465	950220	950220	0	3581763
RAIL	52	76	1924	4263
FOLD	6189	2466	2466	950604	950604	0	3582386
RAIL	64	64	1924	4264
FOLD	6210	2467	2467	950991	950991	0	3593758
RAIL	17	112	1934	4275
FOLD	6211	2468	2468	951378	951378	0	3594225
RAIL	64	64	1934	4276
FOLD	6212	2469	2469	951762	951762	0	3595084
RAIL	49	79	1934	4277
FOLD	6213	2470	2470	952146	952146	0	3595667
RAIL	64	64	1934	4278
FOLD	6214	2471	2471	952530	952530	0	3596847
RAIL	49	80	1934	4279
FOLD	6215	2472	2472	952917	952917	0	3597398
RAIL	64	64	1934	4280
FOLD	6220	2473	2473	953304	953304	0	3599765
RAIL	48	80	1936	4283
FOLD	6221	2474	2474	953688	953688	0	3600339
RAIL	64	64	1936	4284
FOLD	6226	2475	2475	954075	954075	0	3603126
RAIL	19	110	1938	4287
FOLD	6227	2476	2476	954462	954462	0	3603604
RAIL	64	64	1938	4288
FOLD	6228	2477	2477	954846	954846	0	3604729
RAIL	47	81	1938	4289
FOLD	6229	2478	2478	955230	955230	0	3605363
RAIL	64	64	1938	4290
FOLD	6250	2479	2479	955617	955617	0	3614846
RAIL	22	107	1948	4301
FOLD	6251	2480	2480	956004	956004	0	3615360
RAIL	64	64	1948	4302
FOLD	6256	2481	2481	956391	956391	0	3618107
RAIL	23	105	1950	4305
FOLD	6271	2482	2482	956775	956775	0	3626589
RAIL	64	64	1957	4313
FOLD	6272	2483	2483	957159	957159	0	3627733
RAIL	25	103	1957	4314
FOLD	6273	2484	2484	957543	957543	0	3628271
RAIL	64	64	1957	4315
FOLD	6278	2485	2485	957930	957930	0	3630811
RAIL	41	88	1959	4318
FOLD	6279	2486	2486	958317	958317	0	3631420
RAIL	64	64	1959	4319
FOLD	6284	2487	2487	958704	958704	0	3634426
RAIL	40	88	1961	4322
FOLD	6285	2488	2488	959088	959088	0	3635021
RAIL	64	64	1961	4323
FOLD	6288	2489	2489	959475	959475	0	3637667
RAIL	27	101	1962	4325
FOLD	6307	2490	2490	959862	959862	0	3648676
RAIL	64	64	1971	4335
FOLD	6312	2491	2491	960249	960249	0	3650895
RAIL	30	98	1973	4338
FOLD	6317	2492	2492	960630	960630	0	3653504
RAIL	64	64	1975	4341
FOLD	6318	2493	2493	961014	961014	0	3654517
RAIL	36	93	1975	4342
FOLD	6319	2494	2494	961401	961401	0	3655093
RAIL	64	64	1975	4343
FOLD	6320	2495	2495	961785	961785	0	3655990
RAIL	31	97	1975	4344
FOLD	6327	2496	2496	962169	962169	0	3660289
RAIL	64	64	1978	4348
FOLD	6332	2497	2497	962556	962556	0	3663326
RAIL	34	94	1980	4351
FOLD	6333	2498	2498	962940	962940	0	3663970
RAIL	64	64	1980	4352
FOLD	6338	2499	2499	963327	963327	0	3667873
RAIL	33	96	1982	4355
FOLD	6339	2500	2500	963714	963714	0	3668448
RAIL	64	64	1982	4356
FOLD	6340	2501	2501	964098	964098	0	3669782
RAIL	64	64	1982	4357
FOLD	6349	2502	2502	964485	964485	0	3677660
RAIL	63	66	1986	4362
FOLD	6350	2503	2503	964872	964872	0	3678300
RAIL	64	64	1986	4363
FOLD	6355	2504	2504	965256	965256	0	3680925
RAIL	62	67	1988	4366
FOLD	6356	2505	2505	965643	965643	0	3681555
RAIL	64	64	1988	4367
FOLD	6357	2506	2506	966027	966027	0	3682487
RAIL	64	64	1988	4368
FOLD	6360	2507	2507	966411	966411	0	3685096
RAIL	64	64	1989	4370
FOLD	6369	2508	2508	966801	966801	0	3691064
RAIL	64	64	1993	4375
FOLD	6370	2509	2509	967185	967185	0	3691901
RAIL	64	64	1993	4376
FOLD	6373	2510	2510	967569	967569	0	3694634
RAIL	59	70	1994	4378
FOLD	6374	2511	2511	967956	967956	0	3695224
RAIL	64	64	1994	4379
FOLD	6381	2512	2512	968343	968343	0	3699922
RAIL	9	119	1997	4383
FOLD	6394	2513	2513	968724	968724	0	3706096
RAIL	64	64	2003	4390
FOLD	6397	2514	2514	969111	969111	0	3708938
RAIL	11	117	2004	4392
FOLD	6398	2515	2515	969495	969495	0	3709432
RAIL	64	64	2004	4393
FOLD	6403	2516	2516	969882	969882	0	3712255
RAIL	55	74	2006	4396
FOLD	6404	2517	2517	970269	970269	0	3712877
RAIL	64	64	2006	4397
FOLD	6409	2518	2518	970656	970656	0	3716726
RAIL	54	74	2008	4400
FOLD	6410	2519	2519	971040	971040	0	3717282
RAIL	64	64	2008	4401
FOLD	6411	2520	2520	971424	971424	0	3718192
RAIL	54	75	2008	4402
FOLD	6412	2521	2521	971811	971811	0	3718726
RAIL	64	64	2008	4403
FOLD	6431	2522	2522	972195	972195	0	3730196
RAIL	15	114	2017	4413
FOLD	6432	2523	2523	972582	972582	0	3730650
RAIL	64	64	2017	4414
FOLD	6435	2524	2524	972966	972966	0	3733428
RAIL	51	78	2018	4416
FOLD	6436	2525	2525	973353	973353	0	3734043
RAIL	64	64	2018	4417
FOLD	6459	2526	2526	973740	973740	0	3747276
RAIL	48	81	2029	4429
FOLD	6460	2527	2527	974127	974127	0	3747845
RAIL	64	64	2029	4430
FOLD	6465	2528	2528	974514	974514	0	3751926
RAIL	47	81	2031	4433
FOLD	6466	2529	2529	974898	974898	0	3752490
RAIL	64	64	2031	4434
FOLD	6467	2530	2530	975282	975282	0	3753402
RAIL	47	82	2031	4435
FOLD	6468	2531	2531	975669	975669	0	3754000
RAIL	64	64	2031	4436
FOLD	6469	2532	2532	976053	976053	0	3754860
RAIL	20	108	2031	4437
FOLD	6470	2533	2533	976437	976437	0	3755324
RAIL	64	64	2031	4438
FOLD	6471	2534	2534	976821	976821	0	3756187
RAIL	20	109	2031	4439
FOLD	6472	2535	2535	977208	977208	0	3756749
RAIL	64	64	2031	4440
FOLD	6473	2536	2536	977592	977592	0	3757688
RAIL	46	82	2031	4441
FOLD	6474	2537	2537	977976	977976	0	3758242
RAIL	64	64	2031	4442
FOLD	6477	2538	2538	978363	978363	0	3761142
RAIL	21	107	2032	4444
FOLD	6496	2539	2539	978750	978750	0	3770280
RAIL	64	64	2041	4454
FOLD	6499	2540	2540	979134	979134	0	3772793
RAIL	43	86	2042	4456
FOLD	6500	2541	2541	979521	979521	0	3773383
RAIL	64	64	2042	4457
FOLD	6519	2542	2542	979905	979905	0	3783238
RAIL	26	103	2051	4467
FOLD	6520	2543	2543	980292	980292	0	3783745
RAIL	64	64	2051	4468
FOLD	6523	2544	2544	980676	980676	0	3786294
RAIL	40	89	2052	4470
FOLD	6524	2545	2545	981063	981063	0	3786866
RAIL	64	64	2052	4471
FOLD	6529	2546	2546	981450	981450	0	3789785
RAIL	39	89	2054	4474
FOLD	6530	2547	2547	981834	981834	0	3790405
RAIL	64	64	2054	4475
FOLD	6541	2548	2548	982221	982221	0	3798187
RAIL	29	99	2059	4481
FOLD	6554	2549	2549	982608	982608	0	3805305
RAIL	64	64	2065	4488
FOLD	6555	2550	2550	982992	982992	0	3806140
RAIL	36	93	2065	4489
FOLD	6556	2551	2551	983379	983379	0	3806677
RAIL	64	64	2065	4490
FOLD	6557	2552	2552	983763	983763	0	3807485
RAIL	31	97	2065	4491
FOLD	6576	2553	2553	984150	984150	0	3818826
RAIL	64	64	2074	4501
FOLD	6577	2554	2554	984534	984534	0	3819998
RAIL	64	64	2074	4502
FOLD	6588	2555	2555	984924	984924	0	3828127
RAIL	64	64	2079	4508
FOLD	6589	2556	2556	985308	985308	0	3829007
RAIL	64	64	2079	4509
FOLD	6590	2557	2557	985692	985692	0	3829923
RAIL	62	66	2079	4510
FOLD	6591	2558	2558	986076	986076	0	3830469
RAIL	64	64	2079	4511
FOLD	6600	2559	2559	986466	986466	0	3838267
RAIL	64	64	2083	4516
FOLD	6601	2560	2560	986850	986850	0	3839628
RAIL	64	64	2083	4517
FOLD	6606	2561	2561	987237	987237	0	3843338
RAIL	64	64	2085	4520
FOLD	6611	2562	2562	987624	987624	0	3847365
RAIL	64	64	2087	4523
FOLD	6612	2563	2563	988008	988008	0	3848154
RAIL	64	64	2087	4524
FOLD	6613	2564	2564	988392	988392	0	3848922
RAIL	64	64	2087	4525
FOLD	6614	2565	2565	988776	988776	0	3849759
RAIL	58	70	2087	4526
FOLD	6615	2566	2566	989160	989160	0	3850345
RAIL	64	64	2087	4527
FOLD	6616	2567	2567	989544	989544	0	3851109
RAIL	58	71	2087	4528
FOLD	6617	2568	2568	989931	989931	0	3851639
RAIL	64	64	2087	4529
FOLD	6618	2569	2569	990315	990315	0	3852495
RAIL	9	119	2087	4530
FOLD	6619	2570	2570	990699	990699	0	3852905
RAIL	64	64	2087	4531
FOLD	6620	2571	2571	991083	991083	0	3853684
RAIL	9	120	2087	4532
FOLD	6621	2572	2572	991470	991470	0	3854123
RAIL	64	64	2087	4533
FOLD	6622	2573	2573	991854	991854	0	3854882
RAIL	57	71	2087	4534
FOLD	6623	2574	2574	992238	992238	0	3855402
RAIL	64	64	2087	4535
FOLD	6624	2575	2575	992622	992622	0	3856231
RAIL	57	72	2087	4536
FOLD	6625	2576	2576	993009	993009	0	3856852
RAIL	64	64	2087	4537
FOLD	6626	2577	2577	993393	993393	0	3857705
RAIL	10	118	2087	4538
FOLD	6645	2578	2578	993780	993780	0	3866719
RAIL	64	64	2096	4548
FOLD	6650	2579	2579	994167	994167	0	3869086
RAIL	13	115	2098	4551
FOLD	6651	2580	2580	994551	994551	0	3869521
RAIL	64	64	2098	4552
FOLD	6652	2581	2581	994935	994935	0	3870382
RAIL	13	116	2098	4553
FOLD	6653	2582	2582	995322	995322	0	3870829
RAIL	64	64	2098	4554
FOLD	6654	2583	2583	995706	995706	0	3871977
RAIL	53	75	2098	4555
FOLD	6655	2584	2584	996090	996090	0	3872580
RAIL	64	64	2098	4556
FOLD	6680	2585	2585	996480	996480	0	3883298
RAIL	50	79	2110	4569
FOLD	6681	2586	2586	996867	996867	0	3883842
RAIL	64	64	2110	4570
FOLD	6682	2587	2587	997251	997251	0	3884727
RAIL	17	111	2110	4571
FOLD	6687	2588	2588	997632	997632	0	3887343
RAIL	64	64	2112	4574
FOLD	6702	2589	2589	998022	998022	0	3895296
RAIL	47	81	2119	4582
FOLD	6703	2590	2590	998406	998406	0	3895914
RAIL	64	64	2119	4583
FOLD	6708	2591	2591	998793	998793	0	3898110
RAIL	20	109	2121	4586
FOLD	6709	2592	2592	999180	999180	0	3898558
RAIL	64	64	2121	4587
FOLD	6710	2593	2593	999564	999564	0	3899428
RAIL	46	82	2121	4588
FOLD	6711	2594	2594	999948	999948	0	3899970
RAIL	64	64	2121	4589
FOLD	6712	2595	2595	1000332	1000332	0	3901117
RAIL	46	83	2121	4590
FOLD	6713	2596	2596	1000719	1000719	0	3901693
RAIL	64	64	2121	4591
FOLD	6718	2597	2597	1001106	1001106	0	3903979
RAIL	45	83	2123	4594
FOLD	6719	2598	2598	1001490	1001490	0	3904557
RAIL	64	64	2123	4595
FOLD	6738	2599	2599	1001877	1001877	0	3914099
RAIL	24	104	2132	4605
FOLD	6739	2600	2600	1002261	1002261	0	3914605
RAIL	64	64	2132	4606
FOLD	6740	2601	2601	1002645	1002645	0	3915445
RAIL	24	105	2132	4607
FOLD	6741	2602	2602	1003032	1003032	0	3915960
RAIL	64	64	2132	4608
FOLD	6742	2603	2603	1003416	1003416	0	3917132
RAIL	42	86	2132	4609
FOLD	6743	2604	2604	1003800	1003800	0	3917695
RAIL	64	64	2132	4610
FOLD	6768	2605	2605	1004190	1004190	0	3929211
RAIL	39	90	2144	4623
FOLD	6769	2606	2606	1004577	1004577	0	3929775
RAIL	64	64	2144	4624
FOLD	6770	2607	2607	1004961	1004961	0	3930603
RAIL	28	100	2144	4625
FOLD	6771	2608	2608	1005345	1005345	0	3931133
RAIL	64	64	2144	4626
FOLD	6772	2609	2609	1005729	1005729	0	3932308
RAIL	28	101	2144	4627
FOLD	6773	2610	2610	1006116	1006116	0	3932820
RAIL	64	64	2144	4628
FOLD	6778	2611	2611	1006503	1006503	0	3935317
RAIL	29	99	2146	4631
FOLD	6797	2612	2612	1006890	1006890	0	3945074
RAIL	64	64	2155	4641
FOLD	6798	2613	2613	1007274	1007274	0	3945948
RAIL	35	93	2155	4642
FOLD	6799	2614	2614	1007658	1007658	0	3946817
RAIL	64	64	2155	4643
FOLD	6800	2615	2615	1008042	1008042	0	3948040
RAIL	35	94	2155	4644
FOLD	6801	2616	2616	1008429	1008429	0	3948611
RAIL	64	64	2155	4645
FOLD	6834	2617	2617	1008819	1008819	0	3966984
RAIL	64	64	2171	4662
FOLD	6839	2618	2618	1009206	1009206	0	3970044
RAIL	60	68	2173	4665
FOLD	6840	2619	2619	1009590	1009590	0	3970686
RAIL	64	64	2173	4666
FOLD	6841	2620	2620	1009974	1009974	0	3971618
RAIL	60	69	2173	4667
FOLD	6842	2621	2621	1010361	1010361	0	3972281
RAIL	64	64	2173	4668
FOLD	6843	2622	2622	1010745	1010745	0	3973225
RAIL	64	64	2173	4669
FOLD	6844	2623	2623	1011129	1011129	0	3974143
RAIL	64	64	2173	4670
FOLD	6845	2624	2624	1011513	1011513	0	3975241
RAIL	59	69	2173	4671
FOLD	6846	2625	2625	1011897	1011897	0	3975806
RAIL	64	64	2173	4672
FOLD	6855	2626	2626	1012287	1012287	0	3981242
RAIL	9	119	2177	4677
FOLD	6864	2627	2627	1012671	1012671	0	3986079
RAIL	64	64	2181	4682
FOLD	6865	2628	2628	1013055	1013055	0	3987167
RAIL	10	119	2181	4683
FOLD	6866	2629	2629	1013442	1013442	0	3987560
RAIL	64	64	2181	4684
FOLD	6871	2630	2630	1013829	1013829	0	3990008
RAIL	11	117	2183	4687
FOLD	6890	2631	2631	1014216	1014216	0	3999443
RAIL	64	64	2192	4697
FOLD	6891	2632	2632	1014600	1014600	0	4000347
RAIL	53	75	2192	4698
FOLD	6892	2633	2633	1014984	1014984	0	4001020
RAIL	64	64	2192	4699
FOLD	6893	2634	2634	1015368	1015368	0	4002095
RAIL	53	76	2192	4700
FOLD	6894	2635	2635	1015755	1015755	0	4002699
RAIL	64	64	2192	4701
FOLD	6899	2636	2636	1016142	1016142	0	4005065
RAIL	52	76	2194	4704
FOLD	6900	2637	2637	1016526	1016526	0	4005766
RAIL	64	64	2194	4705
FOLD	6921	2638	2638	1016913	1016913	0	4015796
RAIL	17	112	2204	4716
FOLD	6922	2639	2639	1017300	1017300	0	4016281
RAIL	64	64	2204	4717
FOLD	6923	2640	2640	1017684	1017684	0	4017440
RAIL	49	79	2204	4718
FOLD	6924	2641	2641	1018068	1018068	0	4018183
RAIL	64	64	2204	4719
FOLD	6947	2642	2642	1018458	1018458	0	4030130
RAIL	46	82	2215	4731
FOLD	6948	2643	2643	1018842	1018842	0	4030790
RAIL	64	64	2215	4732
FOLD	6949	2644	2644	1019226	1019226	0	4031676
RAIL	46	83	2215	4733
FOLD	6950	2645	2645	1019613	1019613	0	4032362
RAIL	64	64	2215	4734
FOLD	6951	2646	2646	1019997	1019997	0	4033279
RAIL	21	107	2215	4735
FOLD	6952	2647	2647	1020381	1020381	0	4033901
RAIL	64	64	2215	4736
FOLD	6953	2648	2648	1020765	1020765	0	4035074
RAIL	21	108	2215	4737
FOLD	6954	2649	2649	1021152	1021152	0	4035599
RAIL	64	64	2215	4738
FOLD	6959	2650	2650	1021539	1021539	0	4038270
RAIL	22	106	2217	4741
FOLD	6960	2651	2651	1021923	1021923	0	4038742
RAIL	64	64	2217	4742
FOLD	6965	2652	2652	1022310	1022310	0	4041725
RAIL	44	85	2219	4745
FOLD	6966	2653	2653	1022697	1022697	0	4042330
RAIL	64	64	2219	4746
FOLD	6985	2654	2654	1023081	1023081	0	4052008
RAIL	25	104	2228	4756
FOLD	6986	2655	2655	1023468	1023468	0	4052561
RAIL	64	64	2228	4757
FOLD	6991	2656	2656	1023855	1023855	0	4055588
RAIL	26	102	2230	4760
FOLD	7006	2657	2657	1024239	1024239	0	4063898
RAIL	64	64	2237	4768
FOLD	7011	2658	2658	1024626	1024626	0	4068004
RAIL	38	90	2239	4771
FOLD	7012	2659	2659	1025010	1025010	0	4068674
RAIL	64	64	2239	4772
FOLD	7015	2660	2660	1025397	1025397	0	4071309
RAIL	29	99	2240	4774
FOLD	7016	2661	2661	1025781	1025781	0	4071846
RAIL	64	64	2240	4775
FOLD	7021	2662	2662	1026168	1026168	0	4074415
RAIL	37	92	2242	4778
FOLD	7022	2663	2663	1026555	1026555	0	4075018
RAIL	64	64	2242	4779
FOLD	7031	2664	2664	1026939	1026939	0	4083949
RAIL	31	97	2246	4784
FOLD	7036	2665	2665	1027320	1027320	0	4086470
RAIL	64	64	2248	4787
FOLD	7037	2666	2666	1027704	1027704	0	4087312
RAIL	35	94	2248	4788
FOLD	7038	2667	2667	1028091	1028091	0	4087927
RAIL	64	64	2248	4789
FOLD	7039	2668	2668	1028475	1028475	0	4089040
RAIL	32	96	2248	4790
FOLD	7040	2669	2669	1028859	1028859	0	4089728
RAIL	64	64	2248	4791
FOLD	7073	2670	2670	1029252	1029252	0	4112613
RAIL	64	64	2264	4808
FOLD	7078	2671	2671	1029636	1029636	0	4115768
RAIL	60	69	2266	4811
FOLD	7079	2672	2672	1030023	1030023	0	4116526
RAIL	64	64	2266	4812
FOLD	7080	2673	2673	1030407	1030407	0	4117365
RAIL	64	64	2266	4813
FOLD	7081	2674	2674	1030791	1030791	0	4118382
RAIL	64	64	2266	4814
FOLD	7086	2675	2675	1031178	1031178	0	4121182
RAIL	64	64	2268	4817
FOLD	7091	2676	2676	1031565	1031565	0	4124735
RAIL	64	64	2270	4820
FOLD	7092	2677	2677	1031949	1031949	0	4125920
RAIL	9	119	2270	4821
FOLD	7109	2678	2678	1032333	1032333	0	4134509
RAIL	64	64	2278	4830
FOLD	7114	2679	2679	1032720	1032720	0	4137356
RAIL	55	74	2280	4833
FOLD	7115	2680	2680	1033107	1033107	0	4137967
RAIL	64	64	2280	4834
FOLD	7132	2681	2681	1033491	1033491	0	4147983
RAIL	14	114	2288	4843
FOLD	7133	2682	2682	1033875	1033875	0	4148436
RAIL	64	64	2288	4844
FOLD	7134	2683	2683	1034259	1034259	0	4149503
RAIL	14	115	2288	4845
FOLD	7135	2684	2684	1034646	1034646	0	4150094
RAIL	64	64	2288	4846
FOLD	7140	2685	2685	1035033	1035033	0	4152896
RAIL	15	113	2290	4849
FOLD	7141	2686	2686	1035417	1035417	0	4153341
RAIL	64	64	2290	4850
FOLD	7146	2687	2687	1035804	1035804	0	4156030
RAIL	51	78	2292	4853
FOLD	7147	2688	2688	1036191	1036191	0	4156678
RAIL	64	64	2292	4854
FOLD	7156	2689	2689	1036575	1036575	0	4162498
RAIL	17	111	2296	4859
FOLD	7169	2690	2690	1036962	1036962	0	4168455
RAIL	64	64	2302	4866
FOLD	7170	2691	2691	1037346	1037346	0	4169684
RAIL	48	81	2302	4867
FOLD	7171	2692	2692	1037733	1037733	0	4170245
RAIL	64	64	2302	4868
FOLD	7188	2693	2693	1038117	1038117	0	4178032
RAIL	21	107	2310	4877
FOLD	7189	2694	2694	1038501	1038501	0	4178490
RAIL	64	64	2310	4878
FOLD	7194	2695	2695	1038888	1038888	0	4181159
RAIL	45	84	2312	4881
FOLD	7195	2696	2696	1039275	1039275	0	4181796
RAIL	64	64	2312	4882
FOLD	7200	2697	2697	1039662	1039662	0	4184621
RAIL	44	84	2314	4885
FOLD	7201	2698	2698	1040046	1040046	0	4185313
RAIL	64	64	2314	4886
FOLD	7206	2699	2699	1040433	1040433	0	4189457
RAIL	23	106	2316	4889
FOLD	7207	2700	2700	1040820	1040820	0	4189925
RAIL	64	64	2316	4890
FOLD	7208	2701	2701	1041204	1041204	0	4190758
RAIL	43	85	2316	4891
FOLD	7209	2702	2702	1041588	1041588	0	4191356
RAIL	64	64	2316	4892
FOLD	7210	2703	2703	1041972	1041972	0	4192449
RAIL	43	86	2316	4893
FOLD	7211	2704	2704	1042359	1042359	0	4193024
RAIL	64	64	2316	4894
FOLD	7234	2705	2705	1042746	1042746	0	4205316
RAIL	40	89	2327	4906
FOLD	7235	2706	2706	1043133	1043133	0	4205885
RAIL	64	64	2327	4907
FOLD	7236	2707	2707	1043517	1043517	0	4206686
RAIL	27	101	2327	4908
FOLD	7241	2708	2708	1043898	1043898	0	4209165
RAIL	64	64	2329	4911
FOLD	7242	2709	2709	1044282	1044282	0	4210316
RAIL	39	90	2329	4912
FOLD	7243	2710	2710	1044669	1044669	0	4210913
RAIL	64	64	2329	4913
FOLD	7256	2711	2711	1045056	1045056	0	4217543
RAIL	37	91	2335	4920
FOLD	7257	2712	2712	1045440	1045440	0	4218263
RAIL	64	64	2335	4921
FOLD	7262	2713	2713	1045827	1045827	0	4220237
RAIL	30	99	2337	4924
FOLD	7263	2714	2714	1046214	1046214	0	4220795
RAIL	64	64	2337	4925
FOLD	7268	2715	2715	1046601	1046601	0	4223366
RAIL	31	97	2339	4928
FOLD	7313	2716	2716	1046988	1046988	0	4247185
RAIL	60	68	2361	4951
FOLD	7314	2717	2717	1047372	1047372	0	4247778
RAIL	64	64	2361	4952
FOLD	7315	2718	2718	1047756	1047756	0	4248811
RAIL	60	69	2361	4953
FOLD	7316	2719	2719	1048143	1048143	0	4249456
RAIL	64	64	2361	4954
FOLD	7325	2720	2720	1048530	1048530	0	4254880
RAIL	58	70	2365	4959
FOLD	7326	2721	2721	1048914	1048914	0	4255483
RAIL	64	64	2365	4960
FOLD	7335	2722	2722	1049304	1049304	0	4259411
RAIL	10	118	2369	4965
FOLD	7340	2723	2723	1049685	1049685	0	4261863
RAIL	64	64	2371	4968
FOLD	7341	2724	2724	1050069	1050069	0	4262750
RAIL	56	73	2371	4969
FOLD	7342	2725	2725	1050456	1050456	0	4263345
RAIL	64	64	2371	4970
FOLD	7343	2726	2726	1050840	1050840	0	4264382
RAIL	11	117	2371	4971
FOLD	7356	2727	2727	1051227	1051227	0	4270290
RAIL	64	64	2377	4978
FOLD	7359	2728	2728	1051614	1051614	0	4272644
RAIL	13	115	2378	4980
FOLD	7376	2729	2729	1051998	1051998	0	4280521
RAIL	64	64	2386	4989
FOLD	7381	2730	2730	1052385	1052385	0	4283136
RAIL	51	78	2388	4992
FOLD	7382	2731	2731	1052772	1052772	0	4283774
RAIL	64	64	2388	4993
FOLD	7385	2732	2732	1053156	1053156	0	4286267
RAIL	16	113	2389	4995
FOLD	7386	2733	2733	1053543	1053543	0	4286720
RAIL	64	64	2389	4996
FOLD	7391	2734	2734	1053930	1053930	0	4289249
RAIL	17	111	2391	4999
FOLD	7396	2735	2735	1054311	1054311	0	4291649
RAIL	64	64	2393	5002
FOLD	7397	2736	2736	1054695	1054695	0	4292757
RAIL	49	80	2393	5003
FOLD	7398	2737	2737	1055082	1055082	0	4293338
RAIL	64	64	2393	5004
FOLD	7411	2738	2738	1055469	1055469	0	4299813
RAIL	47	81	2399	5011
FOLD	7412	2739	2739	1055853	1055853	0	4300472
RAIL	64	64	2399	5012
FOLD	7437	2740	2740	1056243	1056243	0	4314337
RAIL	44	85	2411	5025
FOLD	7438	2741	2741	1056630	1056630	0	4314962
RAIL	64	64	2411	5026
FOLD	7439	2742	2742	1057014	1057014	0	4315808
RAIL	23	105	2411	5027
FOLD	7440	2743	2743	1057398	1057398	0	4316301
RAIL	64	64	2411	5028
FOLD	7441	2744	2744	1057782	1057782	0	4317119
RAIL	23	106	2411	5029
FOLD	7442	2745	2745	1058169	1058169	0	4317627
RAIL	64	64	2411	5030
FOLD	7443	2746	2746	1058553	1058553	0	4318422
RAIL	43	85	2411	5031
FOLD	7444	2747	2747	1058937	1058937	0	4319080
RAIL	64	64	2411	5032
FOLD	7445	2748	2748	1059321	1059321	0	4319941
RAIL	43	86	2411	5033
FOLD	7446	2749	2749	1059708	1059708	0	4320587
RAIL	64	64	2411	5034
FOLD	7447	2750	2750	1060092	1060092	0	4321483
RAIL	24	104	2411	5035
FOLD	7448	2751	2751	1060476	1060476	0	4322321
RAIL	64	64	2411	5036
FOLD	7449	2752	2752	1060860	1060860	0	4323187
RAIL	24	105	2411	5037
FOLD	7450	2753	2753	1061247	1061247	0	4323649
RAIL	64	64	2411	5038
FOLD	7451	2754	2754	1061631	1061631	0	4324768
RAIL	42	86	2411	5039
FOLD	7452	2755	2755	1062015	1062015	0	4325410
RAIL	64	64	2411	5040
FOLD	7475	2756	2756	1062405	1062405	0	4336285
RAIL	39	89	2422	5052
FOLD	7476	2757	2757	1062789	1062789	0	4336912
RAIL	64	64	2422	5053
FOLD	7477	2758	2758	1063173	1063173	0	4337970
RAIL	39	90	2422	5054
FOLD	7478	2759	2759	1063560	1063560	0	4338576
RAIL	64	64	2422	5055
FOLD	7505	2760	2760	1063944	1063944	0	4353309
RAIL	31	98	2435	5069
FOLD	7506	2761	2761	1064331	1064331	0	4353861
RAIL	64	64	2435	5070
FOLD	7547	2762	2762	1064721	1064721	0	4375598
RAIL	64	64	2455	5091
FOLD	7548	2763	2763	1065105	1065105	0	4376462
RAIL	60	68	2455	5092
FOLD	7549	2764	2764	1065489	1065489	0	4377029
RAIL	64	64	2455	5093
FOLD	7550	2765	2765	1065873	1065873	0	4378147
RAIL	60	69	2455	5094
FOLD	7551	2766	2766	1066260	1066260	0	4378726
RAIL	64	64	2455	5095
FOLD	7564	2767	2767	1066650	1066650	0	4386779
RAIL	64	64	2461	5102
FOLD	7565	2768	2768	1067034	1067034	0	4387941
RAIL	64	64	2461	5103
FOLD	7566	2769	2769	1067418	1067418	0	4389193
RAIL	57	71	2461	5104
FOLD	7567	2770	2770	1067802	1067802	0	4389782
RAIL	64	64	2461	5105
FOLD	7572	2771	2771	1068189	1068189	0	4391940
RAIL	10	119	2463	5108
FOLD	7573	2772	2772	1068576	1068576	0	4392352
RAIL	64	64	2463	5109
FOLD	7578	2773	2773	1068963	1068963	0	4395480
RAIL	11	117	2465	5112
FOLD	7595	2774	2774	1069347	1069347	0	4402513
RAIL	64	64	2473	5121
FOLD	7596	2775	2775	1069731	1069731	0	4403425
RAIL	13	116	2473	5122
FOLD	7597	2776	2776	1070118	1070118	0	4403856
RAIL	64	64	2473	5123
FOLD	7598	2777	2777	1070502	1070502	0	4405050
RAIL	53	75	2473	5124
FOLD	7599	2778	2778	1070886	1070886	0	4405726
RAIL	64	64	2473	5125
FOLD	7622	2779	2779	1071276	1071276	0	4417303
RAIL	50	78	2484	5137
FOLD	7623	2780	2780	1071660	1071660	0	4417982
RAIL	64	64	2484	5138
FOLD	7624	2781	2781	1072044	1072044	0	4419186
RAIL	50	79	2484	5139
FOLD	7625	2782	2782	1072431	1072431	0	4419866
RAIL	64	64	2484	5140
FOLD	7630	2783	2783	1072818	1072818	0	4422298
RAIL	49	79	2486	5143
FOLD	7631	2784	2784	1073202	1073202	0	4422874
RAIL	64	64	2486	5144
FOLD	7650	2785	2785	1073589	1073589	0	4432698
RAIL	20	108	2495	5154
FOLD	7651	2786	2786	1073973	1073973	0	4433189
RAIL	64	64	2495	5155
FOLD	7652	2787	2787	1074357	1074357	0	4434080
RAIL	20	109	2495	5156
FOLD	7653	2788	2788	1074744	1074744	0	4434542
RAIL	64	64	2495	5157
FOLD	7654	2789	2789	1075128	1075128	0	4435383
RAIL	46	82	2495	5158
FOLD	7655	2790	2790	1075512	1075512	0	4436003
RAIL	64	64	2495	5159
FOLD	7656	2791	2791	1075896	1075896	0	4437162
RAIL	46	83	2495	5160
FOLD	7657	2792	2792	1076283	1076283	0	4437745
RAIL	64	64	2495	5161
FOLD	7678	2793	2793	1076670	1076670	0	4449079
RAIL	43	85	2505	5172
FOLD	7679	2794	2794	1077054	1077054	0	4449742
RAIL	64	64	2505	5173
FOLD	7684	2795	2795	1077441	1077441	0	4452426
RAIL	24	105	2507	5176
FOLD	7685	2796	2796	1077828	1077828	0	4452980
RAIL	64	64	2507	5177
FOLD	7690	2797	2797	1078215	1078215	0	4455965
RAIL	25	103	2509	5180
FOLD	7691	2798	2798	1078599	1078599	0	4456517
RAIL	64	64	2509	5181
FOLD	7694	2799	2799	1078986	1078986	0	4458833
RAIL	41	87	2510	5183
FOLD	7695	2800	2800	1079370	1079370	0	4459411
RAIL	64	64	2510	5184
FOLD	7704	2801	2801	1079754	1079754	0	4463514
RAIL	40	89	2514	5189
FOLD	7705	2802	2802	1080141	1080141	0	4464098
RAIL	64	64	2514	5190
FOLD	7706	2803	2803	1080525	1080525	0	4465306
RAIL	27	101	2514	5191
FOLD	7719	2804	2804	1080912	1080912	0	4471522
RAIL	64	64	2520	5198
FOLD	7722	2805	2805	1081299	1081299	0	4474210
RAIL	29	99	2521	5200
FOLD	7781	2806	2806	1081686	1081686	0	4503551
RAIL	64	64	2550	5230
FOLD	7782	2807	2807	1082070	1082070	0	4504682
RAIL	64	64	2550	5231
FOLD	7787	2808	2808	1082457	1082457	0	4507251
RAIL	64	64	2552	5234
FOLD	7792	2809	2809	1082844	1082844	0	4509940
RAIL	64	64	2554	5237
FOLD	7799	2810	2810	1083231	1083231	0	4514582
RAIL	64	64	2557	5241
FOLD	7800	2811	2811	1083615	1083615	0	4515374
RAIL	64	64	2557	5242
FOLD	7801	2812	2812	1083999	1083999	0	4516301
RAIL	57	71	2557	5243
FOLD	7802	2813	2813	1084383	1084383	0	4516930
RAIL	64	64	2557	5244
FOLD	7805	2814	2814	1084770	1084770	0	4519521
RAIL	10	118	2558	5246
FOLD	7806	2815	2815	1085154	1085154	0	4519919
RAIL	64	64	2558	5247
FOLD	7811	2816	2816	1085541	1085541	0	4522650
RAIL	56	73	2560	5250
FOLD	7812	2817	2817	1085928	1085928	0	4523227
RAIL	64	64	2560	5251
FOLD	7815	2818	2818	1086312	1086312	0	4525374
RAIL	11	118	2561	5253
FOLD	7816	2819	2819	1086699	1086699	0	4525837
RAIL	64	64	2561	5254
FOLD	7821	2820	2820	1087086	1087086	0	4528126
RAIL	12	116	2563	5257
FOLD	7838	2821	2821	1087470	1087470	0	4538558
RAIL	64	64	2571	5266
FOLD	7839	2822	2822	1087854	1087854	0	4539394
RAIL	14	115	2571	5267
FOLD	7840	2823	2823	1088241	1088241	0	4539813
RAIL	64	64	2571	5268
FOLD	7841	2824	2824	1088625	1088625	0	4540719
RAIL	52	76	2571	5269
FOLD	7842	2825	2825	1089009	1089009	0	4541306
RAIL	64	64	2571	5270
FOLD	7843	2826	2826	1089393	1089393	0	4542134
RAIL	52	77	2571	5271
FOLD	7844	2827	2827	1089780	1089780	0	4542760
RAIL	64	64	2571	5272
FOLD	7845	2828	2828	1090164	1090164	0	4543606
RAIL	15	113	2571	5273
FOLD	7866	2829	2829	1090551	1090551	0	4554791
RAIL	64	64	2581	5284
FOLD	7867	2830	2830	1090935	1090935	0	4555991
RAIL	49	80	2581	5285
FOLD	7868	2831	2831	1091322	1091322	0	4556663
RAIL	64	64	2581	5286
FOLD	7869	2832	2832	1091706	1091706	0	4557785
RAIL	18	110	2581	5287
FOLD	7870	2833	2833	1092090	1092090	0	4558240
RAIL	64	64	2581	5288
FOLD	7875	2834	2834	1092477	1092477	0	4560434
RAIL	48	81	2583	5291
FOLD	7876	2835	2835	1092864	1092864	0	4561027
RAIL	64	64	2583	5292
FOLD	7895	2836	2836	1093248	1093248	0	4570845
RAIL	21	108	2592	5302
FOLD	7896	2837	2837	1093635	1093635	0	4571366
RAIL	64	64	2592	5303
FOLD	7897	2838	2838	1094019	1094019	0	4572569
RAIL	45	83	2592	5304
FOLD	7898	2839	2839	1094403	1094403	0	4573171
RAIL	64	64	2592	5305
FOLD	7923	2840	2840	1094793	1094793	0	4584926
RAIL	42	87	2604	5318
FOLD	7924	2841	2841	1095180	1095180	0	4585593
RAIL	64	64	2604	5319
FOLD	7925	2842	2842	1095564	1095564	0	4586557
RAIL	25	103	2604	5320
FOLD	7926	2843	2843	1095948	1095948	0	4587092
RAIL	64	64	2604	5321
FOLD	7927	2844	2844	1096332	1096332	0	4588281
RAIL	25	104	2604	5322
FOLD	7928	2845	2845	1096719	1096719	0	4588952
RAIL	64	64	2604	5323
FOLD	7933	2846	2846	1097106	1097106	0	4591751
RAIL	26	102	2606	5326
FOLD	7934	2847	2847	1097490	1097490	0	4592368
RAIL	64	64	2606	5327
FOLD	7939	2848	2848	1097877	1097877	0	4595338
RAIL	40	89	2608	5330
FOLD	7940	2849	2849	1098264	1098264	0	4595952
RAIL	64	64	2608	5331
FOLD	8009	2850	2850	1098648	1098648	0	4631147
RAIL	64	64	2642	5366
FOLD	8020	2851	2851	1099035	1099035	0	4638131
RAIL	60	69	2647	5372
FOLD	8021	2852	2852	1099422	1099422	0	4638796
RAIL	64	64	2647	5373
FOLD	8026	2853	2853	1099806	1099806	0	4641672
RAIL	59	70	2649	5376
FOLD	8027	2854	2854	1100193	1100193	0	4642243
RAIL	64	64	2649	5377
FOLD	8028	2855	2855	1100577	1100577	0	4643365
RAIL	64	64	2649	5378
FOLD	8033	2856	2856	1100964	1100964	0	4645644
RAIL	64	64	2651	5381
FOLD	8040	2857	2857	1101351	1101351	0	4650501
RAIL	10	118	2654	5385
FOLD	8041	2858	2858	1101735	1101735	0	4650957
RAIL	64	64	2654	5386
FOLD	8046	2859	2859	1102122	1102122	0	4653104
RAIL	56	73	2656	5389
FOLD	8047	2860	2860	1102509	1102509	0	4653706
RAIL	64	64	2656	5390
FOLD	8048	2861	2861	1102893	1102893	0	4654519
RAIL	11	117	2656	5391
FOLD	8049	2862	2862	1103277	1103277	0	4654924
RAIL	64	64	2656	5392
FOLD	8050	2863	2863	1103661	1103661	0	4655725
RAIL	11	118	2656	5393
FOLD	8051	2864	2864	1104048	1104048	0	4656167
RAIL	64	64	2656	5394
FOLD	8052	2865	2865	1104432	1104432	0	4657108
RAIL	55	73	2656	5395
FOLD	8053	2866	2866	1104816	1104816	0	4657694
RAIL	64	64	2656	5396
FOLD	8054	2867	2867	1105200	1105200	0	4658604
RAIL	55	74	2656	5397
FOLD	8055	2868	2868	1105587	1105587	0	4659186
RAIL	64	64	2656	5398
FOLD	8056	2869	2869	1105971	1105971	0	4660345
RAIL	12	116	2656	5399
FOLD	8057	2870	2870	1106355	1106355	0	4660773
RAIL	64	64	2656	5400
FOLD	8062	2871	2871	1106742	1106742	0	4663099
RAIL	54	75	2658	5403
FOLD	8063	2872	2872	1107129	1107129	0	4663726
RAIL	64	64	2658	5404
FOLD	8084	2873	2873	1107516	1107516	0	4673050
RAIL	51	77	2668	5415
FOLD	8085	2874	2874	1107900	1107900	0	4673636
RAIL	64	64	2668	5416
FOLD	8086	2875	2875	1108284	1108284	0	4674692
RAIL	51	78	2668	5417
FOLD	8087	2876	2876	1108671	1108671	0	4675317
RAIL	64	64	2668	5418
FOLD	8110	2877	2877	1109058	1109058	0	4687012
RAIL	48	81	2679	5430
FOLD	8111	2878	2878	1109445	1109445	0	4687597
RAIL	64	64	2679	5431
FOLD	8112	2879	2879	1109829	1109829	0	4688427
RAIL	19	109	2679	5432
FOLD	8113	2880	2880	1110213	1110213	0	4688935
RAIL	64	64	2679	5433
FOLD	8114	2881	2881	1110597	1110597	0	4690013
RAIL	19	110	2679	5434
FOLD	8115	2882	2882	1110984	1110984	0	4690476
RAIL	64	64	2679	5435
FOLD	8120	2883	2883	1111371	1111371	0	4693258
RAIL	20	108	2681	5438
FOLD	8139	2884	2884	1111758	1111758	0	4702605
RAIL	64	64	2690	5448
FOLD	8140	2885	2885	1112142	1112142	0	4703763
RAIL	44	84	2690	5449
FOLD	8141	2886	2886	1112526	1112526	0	4704439
RAIL	64	64	2690	5450
FOLD	8164	2887	2887	1112916	1112916	0	4717025
RAIL	41	87	2701	5462
FOLD	8165	2888	2888	1113300	1113300	0	4717894
RAIL	64	64	2701	5463
FOLD	8166	2889	2889	1113684	1113684	0	4718790
RAIL	41	88	2701	5464
FOLD	8167	2890	2890	1114071	1114071	0	4719402
RAIL	64	64	2701	5465
FOLD	8168	2891	2891	1114455	1114455	0	4720317
RAIL	26	102	2701	5466
FOLD	8169	2892	2892	1114839	1114839	0	4720926
RAIL	64	64	2701	5467
FOLD	8172	2893	2893	1115226	1115226	0	4723237
RAIL	40	88	2702	5469
FOLD	8173	2894	2894	1115610	1115610	0	4723904
RAIL	64	64	2702	5470
FOLD	8178	2895	2895	1115997	1115997	0	4726858
RAIL	27	102	2704	5473
FOLD	8179	2896	2896	1116384	1116384	0	4727452
RAIL	64	64	2704	5474
FOLD	8192	2891	2896	1114455	1116384	0	4734135
RAIL	29	99	2713	5478
FOLD	8248	2897	2897	1116765	1116765	0	4767901
RAIL	64	64	2738	5509
FOLD	8249	2898	2898	1117149	1117149	0	4768822
RAIL	61	68	2738	5510
FOLD	8250	2899	2899	1117536	1117536	0	4769442
RAIL	64	64	2738	5511
FOLD	8251	2900	2900	1117920	1117920	0	4770507
RAIL	64	64	2738	5512
FOLD	8256	2901	2901	1118307	1118307	0	4773113
RAIL	64	64	2740	5515
FOLD	8263	2902	2902	1118694	1118694	0	4777553
RAIL	64	64	2743	5519
FOLD	8268	2903	2903	1119081	1119081	0	4780102
RAIL	64	64	2745	5522
FOLD	8269	2904	2904	1119465	1119465	0	4781634
RAIL	64	64	2745	5523
FOLD	8270	2905	2905	1119849	1119849	0	4783793
RAIL	64	64	2745	5524
FOLD	8275	2906	2906	1120236	1120236	0	4786767
RAIL	10	118	2747	5527
FOLD	8276	2907	2907	1120620	1120620	0	4787183
RAIL	64	64	2747	5528
FOLD	8281	2908	2908	1121007	1121007	0	4790048
RAIL	56	73	2749	5531
FOLD	8282	2909	2909	1121394	1121394	0	4790660
RAIL	64	64	2749	5532
FOLD	8287	2910	2910	1121781	1121781	0	4794825
RAIL	55	73	2751	5535
FOLD	8288	2911	2911	1122165	1122165	0	4795464
RAIL	64	64	2751	5536
FOLD	8289	2912	2912	1122549	1122549	0	4796379
RAIL	55	74	2751	5537
FOLD	8290	2913	2913	1122936	1122936	0	4797025
RAIL	64	64	2751	5538
FOLD	8291	2914	2914	1123320	1123320	0	4797957
RAIL	12	116	2751	5539
FOLD	8292	2915	2915	1123704	1123704	0	4798363
RAIL	64	64	2751	5540
FOLD	8293	2916	2916	1124088	1124088	0	4799449
RAIL	12	117	2751	5541
FOLD	8294	2917	2917	1124475	1124475	0	4799874
RAIL	64	64	2751	5542
FOLD	8299	2918	2918	1124862	1124862	0	4802425
RAIL	13	115	2753	5545
FOLD	8300	2919	2919	1125246	1125246	0	4802855
RAIL	64	64	2753	5546
FOLD	8305	2920	2920	1125633	1125633	0	4805609
RAIL	53	76	2755	5549
FOLD	8306	2921	2921	1126020	1126020	0	4806254
RAIL	64	64	2755	5550
FOLD	8325	2922	2922	1126404	1126404	0	4816042
RAIL	16	113	2764	5560
FOLD	8326	2923	2923	1126791	1126791	0	4816518
RAIL	64	64	2764	5561
FOLD	8331	2924	2924	1127178	1127178	0	4819658
RAIL	17	111	2766	5564
FOLD	8344	2925	2925	1127559	1127559	0	4827149
RAIL	64	64	2772	5571
FOLD	8345	2926	2926	1127943	1127943	0	4828371
RAIL	48	81	2772	5572
FOLD	8346	2927	2927	1128330	1128330	0	4828981
RAIL	64	64	2772	5573
FOLD	8351	2928	2928	1128717	1128717	0	4831214
RAIL	47	81	2774	5576
FOLD	8352	2929	2929	1129101	1129101	0	4831899
RAIL	64	64	2774	5577
FOLD	8357	2930	2930	1129488	1129488	0	4834887
RAIL	20	109	2776	5580
FOLD	8358	2931	2931	1129875	1129875	0	4835344
RAIL	64	64	2776	5581
FOLD	8363	2932	2932	1130262	1130262	0	4838928
RAIL	21	107	2778	5584
FOLD	8368	2933	2933	1130643	1130643	0	4841790
RAIL	64	64	2780	5587
FOLD	8383	2934	2934	1131033	1131033	0	4849558
RAIL	43	85	2787	5595
FOLD	8384	2935	2935	1131417	1131417	0	4850147
RAIL	64	64	2787	5596
FOLD	8393	2936	2936	1131801	1131801	0	4854578
RAIL	42	87	2791	5601
FOLD	8394	2937	2937	1132188	1132188	0	4855195
RAIL	64	64	2791	5602
FOLD	8395	2938	2938	1132572	1132572	0	4856393
RAIL	25	103	2791	5603
FOLD	8422	2939	2939	1132959	1132959	0	4869518
RAIL	64	64	2804	5617
FOLD	8427	2940	2940	1133346	1133346	0	4872018
RAIL	29	99	2806	5620
FOLD	8486	2941	2941	1133733	1133733	0	4908696
RAIL	64	64	2835	5650
FOLD	8487	2942	2942	1134117	1134117	0	4909676
RAIL	64	64	2835	5651
FOLD	8488	2943	2943	1134501	1134501	0	4910698
RAIL	60	68	2835	5652
FOLD	8489	2944	2944	1134885	1134885	0	4911301
RAIL	64	64	2835	5653
FOLD	8498	2945	2945	1135275	1135275	0	4916256
RAIL	64	64	2839	5658
FOLD	8501	2946	2946	1135659	1135659	0	4919233
RAIL	64	64	2840	5660
FOLD	8506	2947	2947	1136046	1136046	0	4922352
RAIL	57	71	2842	5663
FOLD	8507	2948	2948	1136430	1136430	0	4923004
RAIL	64	64	2842	5664
FOLD	8508	2949	2949	1136814	1136814	0	4924178
RAIL	57	72	2842	5665
FOLD	8509	2950	2950	1137201	1137201	0	4924863
RAIL	64	64	2842	5666
FOLD	8522	2951	2951	1137588	1137588	0	4931303
RAIL	55	73	2848	5673
FOLD	8523	2952	2952	1137972	1137972	0	4932230
RAIL	64	64	2848	5674
FOLD	8528	2953	2953	1138359	1138359	0	4934563
RAIL	12	117	2850	5677
FOLD	8529	2954	2954	1138746	1138746	0	4935010
RAIL	64	64	2850	5678
FOLD	8534	2955	2955	1139133	1139133	0	4937436
RAIL	13	115	2852	5681
FOLD	8535	2956	2956	1139517	1139517	0	4937865
RAIL	64	64	2852	5682
FOLD	8536	2957	2957	1139901	1139901	0	4938803
RAIL	13	116	2852	5683
FOLD	8537	2958	2958	1140288	1140288	0	4939249
RAIL	64	64	2852	5684
FOLD	8538	2959	2959	1140672	1140672	0	4940127
RAIL	53	75	2852	5685
FOLD	8539	2960	2960	1141056	1141056	0	4940786
RAIL	64	64	2852	5686
FOLD	8540	2961	2961	1141440	1141440	0	4941662
RAIL	53	76	2852	5687
FOLD	8541	2962	2962	1141827	1141827	0	4942347
RAIL	64	64	2852	5688
FOLD	8542	2963	2963	1142211	1142211	0	4943412
RAIL	14	114	2852	5689
FOLD	8543	2964	2964	1142595	1142595	0	4943891
RAIL	64	64	2852	5690
FOLD	8548	2965	2965	1142982	1142982	0	4946425
RAIL	52	77	2854	5693
FOLD	8549	2966	2966	1143369	1143369	0	4947047
RAIL	64	64	2854	5694
FOLD	8568	2967	2967	1143753	1143753	0	4957290
RAIL	17	112	2863	5704
FOLD	8569	2968	2968	1144140	1144140	0	4957739
RAIL	64	64	2863	5705
FOLD	8574	2969	2969	1144527	1144527	0	4960268
RAIL	18	110	2865	5708
FOLD	8591	2970	2970	1144911	1144911	0	4970484
RAIL	64	64	2873	5717
FOLD	8592	2971	2971	1145295	1145295	0	4971705
RAIL	20	109	2873	5718
FOLD	8593	2972	2972	1145682	1145682	0	4972163
RAIL	64	64	2873	5719
FOLD	8598	2973	2973	1146069	1146069	0	4974793
RAIL	21	107	2875	5722
FOLD	8599	2974	2974	1146453	1146453	0	4975261
RAIL	64	64	2875	5723
FOLD	8604	2975	2975	1146840	1146840	0	4978030
RAIL	45	84	2877	5726
FOLD	8605	2976	2976	1147227	1147227	0	4978668
RAIL	64	64	2877	5727
FOLD	8624	2977	2977	1147611	1147611	0	4989170
RAIL	24	105	2886	5737
FOLD	8625	2978	2978	1147998	1147998	0	4989695
RAIL	64	64	2886	5738
FOLD	8630	2979	2979	1148385	1148385	0	4992993
RAIL	25	103	2888	5741
FOLD	8655	2980	2980	1148763	1148763	0	5006493
RAIL	64	64	2900	5754
FOLD	8718	2981	2981	1149153	1149153	0	5040227
RAIL	64	64	2931	5786
FOLD	8719	2982	2982	1149537	1149537	0	5041364
RAIL	61	68	2931	5787
FOLD	8720	2983	2983	1149924	1149924	0	5041991
RAIL	64	64	2931	5788
FOLD	8731	2984	2984	1150311	1150311	0	5048853
RAIL	59	70	2936	5794
FOLD	8732	2985	2985	1150698	1150698	0	5049531
RAIL	64	64	2936	5795
FOLD	8737	2986	2986	1151082	1151082	0	5053140
RAIL	58	71	2938	5798
FOLD	8738	2987	2987	1151469	1151469	0	5054132
RAIL	64	64	2938	5799
FOLD	8739	2988	2988	1151853	1151853	0	5055495
RAIL	64	64	2938	5800
FOLD	8740	2989	2989	1152237	1152237	0	5056867
RAIL	64	64	2938	5801
FOLD	8741	2990	2990	1152621	1152621	0	5058508
RAIL	57	71	2938	5802
FOLD	8742	2991	2991	1153005	1153005	0	5059923
RAIL	64	64	2938	5803
FOLD	8763	2992	2992	1153392	1153392	0	5073764
RAIL	12	117	2948	5814
FOLD	8764	2993	2993	1153779	1153779	0	5074222
RAIL	64	64	2948	5815
FOLD	8769	2994	2994	1154166	1154166	0	5077022
RAIL	13	115	2950	5818
FOLD	8770	2995	2995	1154550	1154550	0	5077507
RAIL	64	64	2950	5819
FOLD	8775	2996	2996	1154937	1154937	0	5080330
RAIL	53	76	2952	5822
FOLD	8776	2997	2997	1155324	1155324	0	5081163
RAIL	64	64	2952	5823
FOLD	8777	2998	2998	1155708	1155708	0	5082307
RAIL	14	114	2952	5824
FOLD	8778	2999	2999	1156092	1156092	0	5082746
RAIL	64	64	2952	5825
FOLD	8783	3000	3000	1156479	1156479	0	5084895
RAIL	52	77	2954	5828
FOLD	8784	3001	3001	1156866	1156866	0	5085585
RAIL	64	64	2954	5829
FOLD	8789	3002	3002	1157253	1157253	0	5087486
RAIL	51	77	2956	5832
FOLD	8790	3003	3003	1157637	1157637	0	5088153
RAIL	64	64	2956	5833
FOLD	8791	3004	3004	1158021	1158021	0	5089028
RAIL	51	78	2956	5834
FOLD	8792	3005	3005	1158408	1158408	0	5089701
RAIL	64	64	2956	5835
FOLD	8793	3006	3006	1158792	1158792	0	5090910
RAIL	16	112	2956	5836
FOLD	8812	3007	3007	1159179	1159179	0	5104066
RAIL	64	64	2965	5846
FOLD	8815	3008	3008	1159563	1159563	0	5107140
RAIL	48	81	2966	5848
FOLD	8816	3009	3009	1159950	1159950	0	5107914
RAIL	64	64	2966	5849
FOLD	8833	3010	3010	1160334	1160334	0	5118499
RAIL	21	107	2974	5858
FOLD	8834	3011	3011	1160718	1160718	0	5118983
RAIL	64	64	2974	5859
FOLD	8835	3012	3012	1161102	1161102	0	5119828
RAIL	21	108	2974	5860
FOLD	8836	3013	3013	1161489	1161489	0	5120364
RAIL	64	64	2974	5861
FOLD	8837	3014	3014	1161873	1161873	0	5121514
RAIL	45	83	2974	5862
FOLD	8838	3015	3015	1162257	1162257	0	5122214
RAIL	64	64	2974	5863
FOLD	8843	3016	3016	1162644	1162644	0	5125088
RAIL	22	107	2976	5866
FOLD	8844	3017	3017	1163031	1163031	0	5125704
RAIL	64	64	2976	5867
FOLD	8849	3018	3018	1163418	1163418	0	5128733
RAIL	23	105	2978	5870
FOLD	8962	3019	3019	1163808	1163808	0	5187683
RAIL	64	64	3034	5927
FOLD	8963	3020	3020	1164192	1164192	0	5189239
RAIL	64	64	3034	5928
FOLD	8964	3021	3021	1164576	1164576	0	5191241
RAIL	59	69	3034	5929
FOLD	8965	3022	3022	1164960	1164960	0	5192415
RAIL	64	64	3034	5930
FOLD	8974	3023	3023	1165350	1165350	0	5201367
RAIL	64	64	3038	5935
FOLD	8977	3024	3024	1165734	1165734	0	5203863
RAIL	64	64	3039	5937
FOLD	8982	3025	3025	1166121	1166121	0	5206079
RAIL	10	119	3041	5940
FOLD	8983	3026	3026	1166508	1166508	0	5206513
RAIL	64	64	3041	5941
FOLD	8984	3027	3027	1166892	1166892	0	5207452
RAIL	56	72	3041	5942
FOLD	8985	3028	3028	1167276	1167276	0	5208152
RAIL	64	64	3041	5943
FOLD	8986	3029	3029	1167660	1167660	0	5209097
RAIL	56	73	3041	5944
FOLD	8987	3030	3030	1168047	1168047	0	5209755
RAIL	64	64	3041	5945
FOLD	8988	3031	3031	1168431	1168431	0	5210912
RAIL	11	117	3041	5946
FOLD	9009	3032	3032	1168818	1168818	0	5220392
RAIL	64	64	3051	5957
FOLD	9014	3033	3033	1169205	1169205	0	5222669
RAIL	14	115	3053	5960
FOLD	9015	3034	3034	1169592	1169592	0	5223127
RAIL	64	64	3053	5961
FOLD	9016	3035	3035	1169976	1169976	0	5224482
RAIL	52	76	3053	5962
FOLD	9017	3036	3036	1170360	1170360	0	5225151
RAIL	64	64	3053	5963
FOLD	9022	3037	3037	1170747	1170747	0	5229164
RAIL	15	114	3055	5966
FOLD	9023	3038	3038	1171134	1171134	0	5229652
RAIL	64	64	3055	5967
FOLD	9026	3039	3039	1171518	1171518	0	5232269
RAIL	51	78	3056	5969
FOLD	9027	3040	3040	1171905	1171905	0	5232959
RAIL	64	64	3056	5970
FOLD	9032	3041	3041	1172292	1172292	0	5234852
RAIL	50	78	3058	5973
FOLD	9033	3042	3042	1172676	1172676	0	5235604
RAIL	64	64	3058	5974
FOLD	9034	3043	3043	1173060	1173060	0	5236397
RAIL	50	79	3058	5975
FOLD	9035	3044	3044	1173447	1173447	0	5237115
RAIL	64	64	3058	5976
FOLD	9036	3045	3045	1173831	1173831	0	5237975
RAIL	17	111	3058	5977
FOLD	9041	3046	3046	1174212	1174212	0	5240411
RAIL	64	64	3060	5980
FOLD	9042	3047	3047	1174596	1174596	0	5241302
RAIL	49	80	3060	5981
FOLD	9043	3048	3048	1174983	1174983	0	5241944
RAIL	64	64	3060	5982
FOLD	9044	3049	3049	1175367	1175367	0	5242815
RAIL	18	110	3060	5983
FOLD	9053	3050	3050	1175751	1175751	0	5247269
RAIL	64	64	3064	5988
FOLD	9058	3051	3051	1176138	1176138	0	5249900
RAIL	47	82	3066	5991
FOLD	9059	3052	3052	1176525	1176525	0	5250605
RAIL	64	64	3066	5992
FOLD	9078	3053	3053	1176909	1176909	0	5261253
RAIL	22	107	3075	6002
FOLD	9079	3054	3054	1177296	1177296	0	5261741
RAIL	64	64	3075	6003
FOLD	9084	3055	3055	1177683	1177683	0	5264830
RAIL	23	105	3077	6006
FOLD	9085	3056	3056	1178067	1178067	0	5265332
RAIL	64	64	3077	6007
FOLD	9088	3057	3057	1178454	1178454	0	5267908
RAIL	43	85	3078	6009
FOLD	9199	3058	3058	1178841	1178841	0	5324770
RAIL	59	69	3133	6065
FOLD	9200	3059	3059	1179225	1179225	0	5325434
RAIL	64	64	3133	6066
FOLD	9201	3060	3060	1179609	1179609	0	5326457
RAIL	59	70	3133	6067
FOLD	9202	3061	3061	1179996	1179996	0	5327139
RAIL	64	64	3133	6068
FOLD	9213	3062	3062	1180383	1180383	0	5334209
RAIL	57	72	3138	6074
FOLD	9214	3063	3063	1180770	1180770	0	5335018
RAIL	64	64	3138	6075
FOLD	9223	3064	3064	1181154	1181154	0	5339686
RAIL	11	117	3142	6080
FOLD	9224	3065	3065	1181538	1181538	0	5340201
RAIL	64	64	3142	6081
FOLD	9229	3066	3066	1181925	1181925	0	5342769
RAIL	55	74	3144	6084
FOLD	9230	3067	3067	1182312	1182312	0	5343423
RAIL	64	64	3144	6085
FOLD	9249	3068	3068	1182696	1182696	0	5353978
RAIL	14	115	3153	6095
FOLD	9250	3069	3069	1183083	1183083	0	5354427
RAIL	64	64	3153	6096
FOLD	9251	3070	3070	1183467	1183467	0	5355298
RAIL	52	76	3153	6097
FOLD	9252	3071	3071	1183851	1183851	0	5355953
RAIL	64	64	3153	6098
FOLD	9253	3072	3072	1184235	1184235	0	5356827
RAIL	52	77	3153	6099
FOLD	9254	3073	3073	1184622	1184622	0	5357546
RAIL	64	64	3153	6100
FOLD	9255	3074	3074	1185006	1185006	0	5358622
RAIL	15	113	3153	6101
FOLD	9256	3075	3075	1185390	1185390	0	5359128
RAIL	64	64	3153	6102
FOLD	9261	3076	3076	1185777	1185777	0	5361571
RAIL	51	78	3155	6105
FOLD	9262	3077	3077	1186164	1186164	0	5362205
RAIL	64	64	3155	6106
FOLD	9267	3078	3078	1186551	1186551	0	5365033
RAIL	50	78	3157	6109
FOLD	9268	3079	3079	1186935	1186935	0	5365717
RAIL	64	64	3157	6110
FOLD	9273	3080	3080	1187322	1187322	0	5369426
RAIL	17	112	3159	6113
FOLD	9274	3081	3081	1187709	1187709	0	5369860
RAIL	64	64	3159	6114
FOLD	9275	3082	3082	1188093	1188093	0	5370762
RAIL	49	79	3159	6115
FOLD	9276	3083	3083	1188477	1188477	0	5371399
RAIL	64	64	3159	6116
FOLD	9277	3084	3084	1188861	1188861	0	5372514
RAIL	49	80	3159	6117
FOLD	9278	3085	3085	1189248	1189248	0	5373186
RAIL	64	64	3159	6118
FOLD	9301	3086	3086	1189635	1189635	0	5384993
RAIL	46	83	3170	6130
FOLD	9302	3087	3087	1190022	1190022	0	5385627
RAIL	64	64	3170	6131
FOLD	9303	3088	3088	1190406	1190406	0	5386517
RAIL	21	107	3170	6132
FOLD	9428	3089	3089	1190793	1190793	0	5460495
RAIL	60	68	3232	6195
FOLD	9429	3090	3090	1191177	1191177	0	5461216
RAIL	64	64	3232	6196
FOLD	9430	3091	3091	1191561	1191561	0	5462051
RAIL	60	69	3232	6197
FOLD	9431	3092	3092	1191948	1191948	0	5462693
RAIL	64	64	3232	6198
FOLD	9432	3093	3093	1192332	1192332	0	5463859
RAIL	64	64	3232	6199
FOLD	9437	3094	3094	1192719	1192719	0	5466627
RAIL	64	64	3234	6202
FOLD	9446	3095	3095	1193106	1193106	0	5473388
RAIL	57	71	3238	6207
FOLD	9447	3096	3096	1193490	1193490	0	5474025
RAIL	64	64	3238	6208
FOLD	9448	3097	3097	1193874	1193874	0	5475124
RAIL	57	72	3238	6209
FOLD	9449	3098	3098	1194261	1194261	0	5475816
RAIL	64	64	3238	6210
FOLD	9472	3099	3099	1194648	1194648	0	5486776
RAIL	54	75	3249	6222
FOLD	9473	3100	3100	1195035	1195035	0	5487452
RAIL	64	64	3249	6223
FOLD	9474	3101	3101	1195419	1195419	0	5488267
RAIL	13	115	3249	6224
FOLD	9491	3102	3102	1195803	1195803	0	5497227
RAIL	64	64	3257	6233
FOLD	9496	3103	3103	1196190	1196190	0	5499292
RAIL	51	78	3259	6236
FOLD	9497	3104	3104	1196577	1196577	0	5499932
RAIL	64	64	3259	6237
FOLD	9502	3105	3105	1196964	1196964	0	5501976
RAIL	50	78	3261	6240
FOLD	9503	3106	3106	1197348	1197348	0	5502669
RAIL	64	64	3261	6241
FOLD	9504	3107	3107	1197732	1197732	0	5503558
RAIL	50	79	3261	6242
FOLD	9505	3108	3108	1198119	1198119	0	5504193
RAIL	64	64	3261	6243
FOLD	9506	3109	3109	1198503	1198503	0	5505390
RAIL	17	111	3261	6244
FOLD	9507	3110	3110	1198887	1198887	0	5505827
RAIL	64	64	3261	6245
FOLD	9512	3111	3111	1199274	1199274	0	5508321
RAIL	49	80	3263	6248
FOLD	9513	3112	3112	1199661	1199661	0	5509043
RAIL	64	64	3263	6249
FOLD	9518	3113	3113	1200048	1200048	0	5511426
RAIL	48	80	3265	6252
FOLD	9519	3114	3114	1200432	1200432	0	5512121
RAIL	64	64	3265	6253
FOLD	9522	3115	3115	1200819	1200819	0	5515050
RAIL	19	109	3266	6255
FOLD	9535	3116	3116	1201200	1201200	0	5521356
RAIL	64	64	3272	6262
FOLD	9536	3117	3117	1201584	1201584	0	5522544
RAIL	46	83	3272	6263
FOLD	9537	3118	3118	1201971	1201971	0	5523271
RAIL	64	64	3272	6264
FOLD	9542	3119	3119	1202358	1202358	0	5525716
RAIL	45	83	3274	6267
FOLD	9673	3120	3120	1202748	1202748	0	5594018
RAIL	64	64	3339	6333
FOLD	9676	3121	3121	1203132	1203132	0	5596901
RAIL	64	64	3340	6335
FOLD	9681	3122	3122	1203519	1203519	0	5599702
RAIL	57	71	3342	6338
FOLD	9682	3123	3123	1203903	1203903	0	5601322
RAIL	64	64	3342	6339
FOLD	9683	3124	3124	1204287	1204287	0	5602171
RAIL	57	72	3342	6340
FOLD	9684	3125	3125	1204674	1204674	0	5602852
RAIL	64	64	3342	6341
FOLD	9685	3126	3126	1205058	1205058	0	5603939
RAIL	10	118	3342	6342
FOLD	9686	3127	3127	1205442	1205442	0	5604344
RAIL	64	64	3342	6343
FOLD	9691	3128	3128	1205829	1205829	0	5606797
RAIL	56	73	3344	6346
FOLD	9692	3129	3129	1206216	1206216	0	5607457
RAIL	64	64	3344	6347
FOLD	9711	3130	3130	1206600	1206600	0	5617357
RAIL	13	116	3353	6357
FOLD	9712	3131	3131	1206987	1206987	0	5617880
RAIL	64	64	3353	6358
FOLD	9717	3132	3132	1207374	1207374	0	5620867
RAIL	14	114	3355	6361
FOLD	9738	3133	3133	1207761	1207761	0	5629854
RAIL	64	64	3365	6372
FOLD	9739	3134	3134	1208145	1208145	0	5630720
RAIL	50	79	3365	6373
FOLD	9740	3135	3135	1208532	1208532	0	5631390
RAIL	64	64	3365	6374
FOLD	9741	3136	3136	1208916	1208916	0	5632182
RAIL	17	111	3365	6375
FOLD	9742	3137	3137	1209300	1209300	0	5632762
RAIL	64	64	3365	6376
FOLD	9743	3138	3138	1209684	1209684	0	5633639
RAIL	17	112	3365	6377
FOLD	9744	3139	3139	1210071	1210071	0	5634060
RAIL	64	64	3365	6378
FOLD	9747	3140	3140	1210455	1210455	0	5637054
RAIL	49	80	3366	6380
FOLD	9748	3141	3141	1210842	1210842	0	5637803
RAIL	64	64	3366	6381
FOLD	9753	3142	3142	1211229	1211229	0	5640222
RAIL	48	80	3368	6384
FOLD	9754	3143	3143	1211613	1211613	0	5641139
RAIL	64	64	3368	6385
FOLD	9757	3144	3144	1212000	1212000	0	5644063
RAIL	19	109	3369	6387
FOLD	9758	3145	3145	1212384	1212384	0	5644518
RAIL	64	64	3369	6388
FOLD	9763	3146	3146	1212771	1212771	0	5646677
RAIL	47	82	3371	6391
FOLD	9764	3147	3147	1213158	1213158	0	5647313
RAIL	64	64	3371	6392
FOLD	9765	3148	3148	1213542	1213542	0	5648374
RAIL	20	108	3371	6393
FOLD	9894	3149	3149	1213920	1213920	0	5720912
RAIL	61	68	3435	6458
FOLD	9895	3150	3150	1214307	1214307	0	5721577
RAIL	64	64	3435	6459
FOLD	9906	3151	3151	1214694	1214694	0	5728753
RAIL	59	70	3440	6465
FOLD	9907	3152	3152	1215081	1215081	0	5729470
RAIL	64	64	3440	6466
FOLD	9912	3153	3153	1215465	1215465	0	5732327
RAIL	58	71	3442	6469
FOLD	9913	3154	3154	1215852	1215852	0	5734159
RAIL	64	64	3442	6470
FOLD	9914	3155	3155	1216236	1216236	0	5735316
RAIL	64	64	3442	6471
FOLD	9919	3156	3156	1216623	1216623	0	5738112
RAIL	64	64	3444	6474
FOLD	9924	3157	3157	1217010	1217010	0	5740824
RAIL	56	72	3446	6477
FOLD	9925	3158	3158	1217394	1217394	0	5741513
RAIL	64	64	3446	6478
FOLD	9928	3159	3159	1217781	1217781	0	5743972
RAIL	11	117	3447	6480
FOLD	9929	3160	3160	1218165	1218165	0	5744399
RAIL	64	64	3447	6481
FOLD	9934	3161	3161	1218552	1218552	0	5746591
RAIL	55	74	3449	6484
FOLD	9935	3162	3162	1218939	1218939	0	5747266
RAIL	64	64	3449	6485
FOLD	9936	3163	3163	1219323	1219323	0	5748150
RAIL	12	116	3449	6486
FOLD	9941	3164	3164	1219704	1219704	0	5750767
RAIL	64	64	3451	6489
FOLD	9942	3165	3165	1220088	1220088	0	5752004
RAIL	54	75	3451	6490
FOLD	9943	3166	3166	1220475	1220475	0	5752835
RAIL	64	64	3451	6491
FOLD	9960	3167	3167	1220865	1220865	0	5762523
RAIL	15	113	3459	6500
FOLD	9965	3168	3168	1221246	1221246	0	5765268
RAIL	64	64	3461	6503
FOLD	9980	3169	3169	1221636	1221636	0	5773329
RAIL	49	79	3468	6511
FOLD	9981	3170	3170	1222020	1222020	0	5774267
RAIL	64	64	3468	6512
FOLD	9986	3171	3171	1222407	1222407	0	5776989
RAIL	18	111	3470	6515
FOLD	9987	3172	3172	1222794	1222794	0	5777425
RAIL	64	64	3470	6516
FOLD	9988	3173	3173	1223178	1223178	0	5778287
RAIL	48	80	3470	6517
FOLD	9989	3174	3174	1223562	1223562	0	5778952
RAIL	64	64	3470	6518
FOLD	9990	3175	3175	1223946	1223946	0	5779823
RAIL	48	81	3470	6519
FOLD	9991	3176	3176	1224333	1224333	0	5780513
RAIL	64	64	3470	6520
FOLD	9992	3177	3177	1224717	1224717	0	5781604
RAIL	19	109	3470	6521
FOLD	9993	3178	3178	1225101	1225101	0	5782051
RAIL	64	64	3470	6522
FOLD	10142	3179	3179	1225494	1225494	0	5858165
RAIL	64	64	3544	6597
FOLD	10143	3180	3180	1225878	1225878	0	5859020
RAIL	64	64	3544	6598
FOLD	10144	3181	3181	1226262	1226262	0	5859937
RAIL	64	64	3544	6599
FOLD	10145	3182	3182	1226646	1226646	0	5861160
RAIL	58	70	3544	6600
FOLD	10146	3183	3183	1227030	1227030	0	5861894
RAIL	64	64	3544	6601
FOLD	10155	3184	3184	1227420	1227420	0	5867024
RAIL	10	118	3548	6606
FOLD	10166	3185	3185	1227807	1227807	0	5872542
RAIL	64	64	3553	6612
FOLD	10167	3186	3186	1228191	1228191	0	5873414
RAIL	55	73	3553	6613
FOLD	10168	3187	3187	1228575	1228575	0	5874091
RAIL	64	64	3553	6614
FOLD	10169	3188	3188	1228959	1228959	0	5875163
RAIL	55	74	3553	6615
FOLD	10170	3189	3189	1229346	1229346	0	5875847
RAIL	64	64	3553	6616
FOLD	10175	3190	3190	1229733	1229733	0	5878430
RAIL	54	74	3555	6619
FOLD	10176	3191	3191	1230117	1230117	0	5879158
RAIL	64	64	3555	6620
FOLD	10195	3192	3192	1230504	1230504	0	5889850
RAIL	15	113	3564	6630
FOLD	10196	3193	3193	1230888	1230888	0	5890320
RAIL	64	64	3564	6631
FOLD	10197	3194	3194	1231272	1231272	0	5891596
RAIL	15	114	3564	6632
FOLD	10198	3195	3195	1231659	1231659	0	5892379
RAIL	64	64	3564	6633
FOLD	10203	3196	3196	1232046	1232046	0	5895296
RAIL	16	112	3566	6636
FOLD	10222	3197	3197	1232433	1232433	0	5905594
RAIL	64	64	3575	6646
FOLD	10223	3198	3198	1232817	1232817	0	5907083
RAIL	48	80	3575	6647
FOLD	10246	3199	3199	1233207	1233207	0	5918252
RAIL	64	64	3586	6659
FOLD	10247	3200	3200	1233591	1233591	0	5919049
RAIL	45	83	3586	6660
FOLD	10366	3201	3201	1233975	1233975	0	5983646
RAIL	64	64	3645	6720
FOLD	10371	3202	3202	1234362	1234362	0	5987764
RAIL	64	64	3647	6723
FOLD	10372	3203	3203	1234746	1234746	0	5988658
RAIL	64	64	3647	6724
FOLD	10373	3204	3204	1235130	1235130	0	5989687
RAIL	64	64	3647	6725
FOLD	10378	3205	3205	1235517	1235517	0	5992488
RAIL	64	64	3649	6728
FOLD	10383	3206	3206	1235904	1235904	0	5995731
RAIL	64	64	3651	6731
FOLD	10384	3207	3207	1236288	1236288	0	5996906
RAIL	64	64	3651	6732
FOLD	10389	3208	3208	1236675	1236675	0	5999448
RAIL	64	64	3653	6735
FOLD	10398	3209	3209	1237059	1237059	0	6003802
RAIL	11	117	3657	6740
FOLD	10407	3210	3210	1237443	1237443	0	6008530
RAIL	64	64	3661	6745
FOLD	10412	3211	3211	1237830	1237830	0	6011344
RAIL	54	75	3663	6748
FOLD	10413	3212	3212	1238217	1238217	0	6012105
RAIL	64	64	3663	6749
FOLD	10418	3213	3213	1238604	1238604	0	6015625
RAIL	53	75	3665	6752
FOLD	10419	3214	3214	1238988	1238988	0	6016317
RAIL	64	64	3665	6753
FOLD	10420	3215	3215	1239372	1239372	0	6017431
RAIL	53	76	3665	6754
FOLD	10421	3216	3216	1239759	1239759	0	6018210
RAIL	64	64	3665	6755
FOLD	10422	3217	3217	1240143	1240143	0	6019280
RAIL	14	114	3665	6756
FOLD	10445	3218	3218	1240533	1240533	0	6030904
RAIL	64	64	3676	6768
FOLD	10446	3219	3219	1240917	1240917	0	6031770
RAIL	17	111	3676	6769
FOLD	10491	3220	3220	1241298	1241298	0	6052362
RAIL	64	64	3698	6792
FOLD	10604	3221	3221	1241688	1241688	0	6121636
RAIL	64	64	3754	6849
FOLD	10613	3222	3222	1242078	1242078	0	6129576
RAIL	64	64	3758	6854
FOLD	10614	3223	3223	1242462	1242462	0	6130375
RAIL	64	64	3758	6855
FOLD	10615	3224	3224	1242846	1242846	0	6131170
RAIL	58	70	3758	6856
FOLD	10616	3225	3225	1243230	1243230	0	6131957
RAIL	64	64	3758	6857
FOLD	10617	3226	3226	1243614	1243614	0	6132770
RAIL	58	71	3758	6858
FOLD	10618	3227	3227	1244001	1244001	0	6133501
RAIL	64	64	3758	6859
FOLD	10619	3228	3228	1244385	1244385	0	6134380
RAIL	64	64	3758	6860
FOLD	10620	3229	3229	1244769	1244769	0	6135207
RAIL	64	64	3758	6861
FOLD	10621	3230	3230	1245153	1245153	0	6136110
RAIL	57	71	3758	6862
FOLD	10622	3231	3231	1245537	1245537	0	6136824
RAIL	64	64	3758	6863
FOLD	10623	3232	3232	1245921	1245921	0	6137922
RAIL	57	72	3758	6864
FOLD	10624	3233	3233	1246308	1246308	0	6138606
RAIL	64	64	3758	6865
FOLD	10629	3234	3234	1246695	1246695	0	6140810
RAIL	56	72	3760	6868
FOLD	10630	3235	3235	1247079	1247079	0	6141536
RAIL	64	64	3760	6869
FOLD	10649	3236	3236	1247466	1247466	0	6152189
RAIL	13	115	3769	6879
FOLD	10650	3237	3237	1247850	1247850	0	6152669
RAIL	64	64	3769	6880
FOLD	10655	3238	3238	1248237	1248237	0	6155234
RAIL	53	76	3771	6883
FOLD	10656	3239	3239	1248624	1248624	0	6155934
RAIL	64	64	3771	6884
FOLD	10661	3240	3240	1249011	1249011	0	6158410
RAIL	52	76	3773	6887
FOLD	10662	3241	3241	1249395	1249395	0	6159455
RAIL	64	64	3773	6888
FOLD	10665	3242	3242	1249782	1249782	0	6163104
RAIL	15	113	3774	6890
FOLD	10730	3243	3243	1250166	1250166	0	6200155
RAIL	64	64	3806	6923
FOLD	10731	3244	3244	1250550	1250550	0	6201061
RAIL	23	106	3806	6924
FOLD	10732	3245	3245	1250937	1250937	0	6201551
RAIL	64	64	3806	6925
FOLD	10733	3246	3246	1251321	1251321	0	6202646
RAIL	43	85	3806	6926
FOLD	10850	3247	3247	1251711	1251711	0	6272582
RAIL	58	70	3864	6985
FOLD	10851	3248	3248	1252095	1252095	0	6273377
RAIL	64	64	3864	6986
FOLD	10852	3249	3249	1252479	1252479	0	6274447
RAIL	58	71	3864	6987
FOLD	10853	3250	3250	1252866	1252866	0	6275242
RAIL	64	64	3864	6988
FOLD	10872	3251	3251	1253256	1253256	0	6285322
RAIL	55	73	3873	6998
FOLD	10873	3252	3252	1253640	1253640	0	6286037
RAIL	64	64	3873	6999
FOLD	10874	3253	3253	1254024	1254024	0	6286920
RAIL	55	74	3873	7000
FOLD	10875	3254	3254	1254411	1254411	0	6287680
RAIL	64	64	3873	7001
FOLD	10876	3255	3255	1254795	1254795	0	6288578
RAIL	12	116	3873	7002
FOLD	10895	3256	3256	1255182	1255182	0	6301558
RAIL	64	64	3882	7012
FOLD	10900	3257	3257	1255569	1255569	0	6305518
RAIL	15	113	3884	7015
FOLD	10901	3258	3258	1255953	1255953	0	6306106
RAIL	64	64	3884	7016
FOLD	10902	3259	3259	1256337	1256337	0	6307564
RAIL	15	114	3884	7017
FOLD	10903	3260	3260	1256724	1256724	0	6308130
RAIL	64	64	3884	7018
FOLD	10904	3261	3261	1257108	1257108	0	6309604
RAIL	51	77	3884	7019
FOLD	11077	3262	3262	1257495	1257495	0	6406584
RAIL	64	64	3970	7106
FOLD	11082	3263	3263	1257882	1257882	0	6409797
RAIL	64	64	3972	7109
FOLD	11083	3264	3264	1258266	1258266	0	6410938
RAIL	64	64	3972	7110
FOLD	11088	3265	3265	1258653	1258653	0	6413531
RAIL	64	64	3974	7113
FOLD	11093	3266	3266	1259037	1259037	0	6416656
RAIL	57	72	3976	7116
FOLD	11094	3267	3267	1259424	1259424	0	6417556
RAIL	64	64	3976	7117
FOLD	11115	3268	3268	1259811	1259811	0	6429681
RAIL	54	74	3986	7128
FOLD	11116	3269	3269	1260195	1260195	0	6430754
RAIL	64	64	3986	7129
FOLD	11117	3270	3270	1260579	1260579	0	6431552
RAIL	54	75	3986	7130
FOLD	11118	3271	3271	1260966	1260966	0	6432391
RAIL	64	64	3986	7131
FOLD	11119	3272	3272	1261350	1261350	0	6433300
RAIL	13	115	3986	7132
FOLD	11308	3273	3273	1261737	1261737	0	6536521
RAIL	60	68	4080	7227
FOLD	11309	3274	3274	1262121	1262121	0	6537262
RAIL	64	64	4080	7228
FOLD	11318	3275	3275	1262511	1262511	0	6542328
RAIL	64	64	4084	7233
FOLD	11321	3276	3276	1262895	1262895	0	6545177
RAIL	64	64	4085	7235
FOLD	11326	3277	3277	1263282	1263282	0	6548166
RAIL	57	71	4087	7238
FOLD	11327	3278	3278	1263666	1263666	0	6548916
RAIL	64	64	4087	7239
FOLD	11328	3279	3279	1264050	1264050	0	6550033
RAIL	57	72	4087	7240
FOLD	11329	3280	3280	1264437	1264437	0	6550802
RAIL	64	64	4087	7241
FOLD	11334	3281	3281	1264824	1264824	0	6552768
RAIL	56	72	4089	7244
FOLD	11335	3282	3282	1265208	1265208	0	6553547
RAIL	64	64	4089	7245
FOLD	11354	3283	3283	1265595	1265595	0	6564400
RAIL	13	115	4098	7255
FOLD	11355	3284	3284	1265979	1265979	0	6564980
RAIL	64	64	4098	7256
FOLD	11356	3285	3285	1266363	1266363	0	6566075
RAIL	13	116	4098	7257
FOLD	11357	3286	3286	1266750	1266750	0	6566520
RAIL	64	64	4098	7258
FOLD	11466	3287	3287	1267131	1267131	0	6623042
RAIL	27	101	4152	7313
FOLD	11547	3288	3288	1267521	1267521	0	6669519
RAIL	64	64	4192	7354
FOLD	11552	3289	3289	1267908	1267908	0	6671958
RAIL	64	64	4194	7357
FOLD	11557	3290	3290	1268292	1268292	0	6674749
RAIL	58	71	4196	7360
FOLD	11558	3291	3291	1268679	1268679	0	6675495
RAIL	64	64	4196	7361
FOLD	11559	3292	3292	1269063	1269063	0	6676369
RAIL	64	64	4196	7362
FOLD	11560	3293	3293	1269447	1269447	0	6677511
RAIL	64	64	4196	7363
FOLD	11565	3294	3294	1269834	1269834	0	6680410
RAIL	10	118	4198	7366
FOLD	11566	3295	3295	1270218	1270218	0	6680835
RAIL	64	64	4198	7367
FOLD	11571	3296	3296	1270605	1270605	0	6684197
RAIL	56	73	4200	7370
FOLD	11572	3297	3297	1270992	1270992	0	6684986
RAIL	64	64	4200	7371
FOLD	11575	3298	3298	1271376	1271376	0	6687219
RAIL	11	118	4201	7373
FOLD	11576	3299	3299	1271763	1271763	0	6687623
RAIL	64	64	4201	7374
FOLD	11581	3300	3300	1272150	1272150	0	6690249
RAIL	12	116	4203	7377
FOLD	11790	3301	3301	1272537	1272537	0	6807383
RAIL	58	70	4307	7482
FOLD	11791	3302	3302	1272921	1272921	0	6808149
RAIL	64	64	4307	7483
FOLD	11792	3303	3303	1273305	1273305	0	6808987
RAIL	58	71	4307	7484
FOLD	11793	3304	3304	1273692	1273692	0	6809739
RAIL	64	64	4307	7485
FOLD	11794	3305	3305	1274076	1274076	0	6810568
RAIL	64	64	4307	7486
FOLD	11795	3306	3306	1274460	1274460	0	6811357
RAIL	64	64	4307	7487
FOLD	11796	3307	3307	1274844	1274844	0	6812367
RAIL	57	71	4307	7488
FOLD	11797	3308	3308	1275228	1275228	0	6813556
RAIL	64	64	4307	7489
FOLD	11802	3309	3309	1275615	1275615	0	6815997
RAIL	10	119	4309	7492
FOLD	11803	3310	3310	1276002	1276002	0	6816439
RAIL	64	64	4309	7493
FOLD	11808	3311	3311	1276389	1276389	0	6820299
RAIL	11	117	4311	7496
FOLD	11809	3312	3312	1276773	1276773	0	6820765
RAIL	64	64	4311	7497
FOLD	11818	3313	3313	1277157	1277157	0	6826794
RAIL	12	117	4315	7502
FOLD	11819	3314	3314	1277544	1277544	0	6827280
RAIL	64	64	4315	7503
FOLD	12022	3315	3315	1277934	1277934	0	6933158
RAIL	64	64	4416	7605
FOLD	12027	3316	3316	1278318	1278318	0	6936690
RAIL	58	71	4418	7608
FOLD	12028	3317	3317	1278705	1278705	0	6937553
RAIL	64	64	4418	7609
FOLD	12029	3318	3318	1279089	1279089	0	6938707
RAIL	64	64	4418	7610
FOLD	12034	3319	3319	1279476	1279476	0	6941787
RAIL	64	64	4420	7613
FOLD	12061	3320	3320	1279860	1279860	0	6955635
RAIL	13	116	4433	7627
FOLD	12062	3321	3321	1280247	1280247	0	6956063
RAIL	64	64	4433	7628
FOLD	12255	3322	3322	1280634	1280634	0	7073933
RAIL	64	64	4529	7725
FOLD	12256	3323	3323	1281018	1281018	0	7074803
RAIL	59	70	4529	7726
FOLD	12257	3324	3324	1281405	1281405	0	7075621
RAIL	64	64	4529	7727
FOLD	12258	3325	3325	1281789	1281789	0	7076542
RAIL	64	64	4529	7728
FOLD	12263	3326	3326	1282176	1282176	0	7081350
RAIL	64	64	4531	7731
FOLD	12486	3327	3327	1282563	1282563	0	7234143
RAIL	64	64	4642	7843
FOLD	12493	3328	3328	1282950	1282950	0	7243445
RAIL	64	64	4645	7847
FOLD	12548	3329	3329	1283337	1283337	0	7279036
RAIL	64	64	4672	7875
FOLD	12549	3330	3330	1283721	1283721	0	7279881
RAIL	51	77	4672	7876
FOLD	12712	3331	3331	1284102	1284102	0	7385327
RAIL	61	67	4753	7958
FOLD	12713	3332	3332	1284486	1284486	0	7386685
RAIL	64	64	4753	7959
FOLD	12714	3333	3333	1284870	1284870	0	7387523
RAIL	61	68	4753	7960
FOLD	12715	3334	3334	1285257	1285257	0	7388402
RAIL	64	64	4753	7961
FOLD	12716	3335	3335	1285641	1285641	0	7389217
RAIL	64	64	4753	7962
FOLD	12717	3336	3336	1286025	1286025	0	7390402
RAIL	64	64	4753	7963
FOLD	12722	3337	3337	1286412	1286412	0	7393493
RAIL	64	64	4755	7966
