INPUT	7357596934907498634558819676367818051836782135404595204907685662330714424331419860496399136658868373793518334577075437069375021831700953580766486591844607	512	265	2564
FRAME	1	0	1	1	49
FOLD	0	0	0	0	0	0	209
RAIL	0	0	0	0
CORRELATION	0	0	0	0
SQUARE	1	517
FOLD	0	0	0	0	0	0	235
RAIL	0	0	0	0
CORRELATION	0	0	0	0
SQUARE	2	904
FOLD	0	0	0	0	0	0	278
RAIL	0	0	0	0
CORRELATION	0	0	0	0
SQUARE	4	906
FOLD	0	0	0	0	0	0	383
RAIL	0	0	0	0
CORRELATION	0	0	0	0
SQUARE	8	909
FOLD	0	0	0	0	0	0	714
RAIL	0	0	0	0
CORRELATION	0	0	0	0
SQUARE	16	911
FOLD	0	0	0	0	0	0	1258
RAIL	0	0	0	0
CORRELATION	0	0	0	0
SQUARE	32	914
FOLD	0	0	0	0	0	0	2341
RAIL	0	0	0	0
CORRELATION	0	0	0	0
SQUARE	64	916
FOLD	0	0	0	0	0	0	3505
RAIL	0	0	0	0
CORRELATION	0	0	0	0
SQUARE	128	919
FOLD	0	0	0	0	0	0	5007
RAIL	0	0	0	0
CORRELATION	0	0	0	0
SQUARE	256	921
FOLD	0	0	0	0	0	0	9720
RAIL	0	0	0	0
CORRELATION	0	0	0	0
SQUARE	512	924
FOLD	1	1	1	1536	1536	0	9749
RAIL	2	510	0	0
CORRELATION	0	0	0	0
SQUARE	512	924
FOLD	1	1	1	1536	1536	0	16572
RAIL	2	510	1	0
CORRELATION	0	0	0	0
SQUARE	1024	926
FOLD	2	1	1	1539	1539	0	16604
RAIL	2	511	1	0
CORRELATION	0	0	0	0
SQUARE	1024	926
FOLD	3	1	1	1536	1539	0	51952
RAIL	256	256	2	1
CORRELATION	1	0	131064	196854
SQUARE	1536	929
FOLD	4	2	2	3072	3072	0	51976
RAIL	256	256	2	1
CORRELATION	1	0	131064	196854
SQUARE	1536	929
FOLD	4	2	2	3072	3072	0	60962
RAIL	256	256	2	2
CORRELATION	1	0	131064	196854
SQUARE	2048	929
FOLD	5	4	4	6147	6147	0	60991
RAIL	256	257	2	2
CORRELATION	1	0	131064	196854
SQUARE	2048	929
FOLD	5	4	4	6147	6147	0	63959
RAIL	256	257	2	3
CORRELATION	2	0	131064	196854
SQUARE	2048	929
FOLD	6	5	5	7686	7686	0	63975
RAIL	256	257	2	3
CORRELATION	2	0	131064	196854
SQUARE	2048	929
FOLD	7	7	7	10761	10761	0	75393
RAIL	3	509	2	4
CORRELATION	2	0	131064	196854
SQUARE	2560	929
FOLD	8	8	8	12297	12297	0	77693
RAIL	3	509	2	5
CORRELATION	3	0	131064	196854
SQUARE	2560	929
FOLD	9	8	8	12300	12300	0	88647
RAIL	3	510	4	5
CORRELATION	4	0	131064	196854
SQUARE	3072	931
FOLD	11	9	9	13833	13833	0	100956
RAIL	255	257	4	6
CORRELATION	5	0	131064	196854
SQUARE	3584	931
FOLD	11	9	9	13833	13833	0	110639
RAIL	255	257	4	7
CORRELATION	5	0	131064	196854
SQUARE	4096	931
FOLD	12	11	11	16908	16908	0	110669
RAIL	255	258	4	7
CORRELATION	5	0	131064	196854
SQUARE	4096	931
FOLD	13	12	12	18447	18447	0	113551
RAIL	255	258	4	8
CORRELATION	6	0	131064	196854
SQUARE	4096	931
FOLD	14	14	14	21522	21522	0	122702
RAIL	4	508	4	9
CORRELATION	6	0	131064	196854
SQUARE	4608	931
FOLD	15	15	15	23058	23058	0	125016
RAIL	4	508	4	10
CORRELATION	7	0	131064	196854
SQUARE	4608	931
FOLD	16	15	15	23061	23061	0	132218
RAIL	4	509	5	10
CORRELATION	7	0	131064	196854
SQUARE	5120	931
FOLD	16	15	15	23061	23061	0	132898
RAIL	4	509	6	10
CORRELATION	8	0	131064	196854
SQUARE	5120	931
FOLD	18	16	16	24594	24594	0	142736
RAIL	254	258	6	11
CORRELATION	9	0	131064	196854
SQUARE	5632	934
FOLD	19	18	18	27669	27669	0	152069
RAIL	254	259	6	12
CORRELATION	9	0	131064	196854
SQUARE	6144	934
FOLD	20	19	19	29208	29208	0	154543
RAIL	254	259	6	13
CORRELATION	10	0	131064	196854
SQUARE	6144	934
FOLD	21	21	21	32283	32283	0	164818
RAIL	5	507	6	14
CORRELATION	10	0	131064	196854
SQUARE	6656	934
FOLD	22	22	22	33819	33819	0	166788
RAIL	5	507	6	15
CORRELATION	11	0	131064	196854
SQUARE	6656	934
FOLD	23	24	24	36894	36894	0	175666
RAIL	5	508	6	16
CORRELATION	11	0	131064	196854
SQUARE	7168	934
FOLD	25	25	25	38427	38427	0	185434
RAIL	253	259	7	17
CORRELATION	13	0	131064	196854
SQUARE	7680	934
FOLD	25	25	25	38427	38427	0	194320
RAIL	253	259	7	18
CORRELATION	13	0	131064	196854
SQUARE	8192	934
FOLD	26	27	27	41502	41502	0	194339
RAIL	253	260	7	18
CORRELATION	13	0	131064	196854
SQUARE	8192	934
FOLD	27	28	28	43041	43041	0	196783
RAIL	253	260	7	19
CORRELATION	14	0	131064	196854
SQUARE	8192	934
FOLD	28	30	30	46116	46116	0	208217
RAIL	6	506	7	20
CORRELATION	14	0	131064	196854
SQUARE	8704	934
FOLD	29	31	31	47652	47652	0	210250
RAIL	6	506	7	21
CORRELATION	15	0	131064	196854
SQUARE	8704	934
FOLD	30	33	33	50727	50727	0	218631
RAIL	6	507	7	22
CORRELATION	15	0	131064	196854
SQUARE	9216	934
FOLD	30	33	33	50727	50727	0	219210
RAIL	6	507	8	22
CORRELATION	16	0	131064	196854
SQUARE	9216	934
FOLD	32	34	34	52260	52260	0	228230
RAIL	252	260	8	23
CORRELATION	17	0	131064	196854
SQUARE	9728	934
FOLD	33	36	36	55335	55335	0	234800
RAIL	252	261	8	24
CORRELATION	17	0	131064	196854
SQUARE	10240	934
FOLD	34	37	37	56874	56874	0	237301
RAIL	252	261	8	25
CORRELATION	18	0	131064	196854
SQUARE	10240	934
FOLD	35	39	39	59949	59949	0	243795
RAIL	7	505	8	26
CORRELATION	18	0	131064	196854
SQUARE	10752	934
FOLD	36	40	40	61485	61485	0	246288
RAIL	7	505	8	27
CORRELATION	19	0	131064	196854
SQUARE	10752	934
FOLD	37	42	42	64560	64560	0	251847
RAIL	7	506	8	28
CORRELATION	19	0	131064	196854
SQUARE	11264	936
FOLD	38	43	43	66099	66099	0	253752
RAIL	7	506	8	29
CORRELATION	20	0	131064	196854
SQUARE	11264	936
FOLD	40	44	44	67632	67632	0	259938
RAIL	251	261	9	30
CORRELATION	21	0	131064	196854
SQUARE	11776	936
FOLD	41	46	46	70707	70707	0	266197
RAIL	251	262	9	31
CORRELATION	21	0	131064	196854
SQUARE	12288	936
FOLD	42	47	47	72246	72246	0	268443
RAIL	251	262	9	32
CORRELATION	22	0	131064	196854
SQUARE	12288	936
FOLD	43	49	49	75321	75321	0	274879
RAIL	8	504	9	33
CORRELATION	22	0	131064	196854
SQUARE	12800	936
FOLD	44	50	50	76857	76857	0	276872
RAIL	8	504	9	34
CORRELATION	23	0	131064	196854
SQUARE	12800	936
FOLD	45	52	52	79932	79932	0	282739
RAIL	8	505	9	35
CORRELATION	23	0	131064	196854
SQUARE	13312	936
FOLD	46	53	53	81471	81471	0	284920
RAIL	8	505	9	36
CORRELATION	24	0	131064	196854
SQUARE	13312	936
FOLD	48	54	54	83004	83004	0	291803
RAIL	250	262	10	37
CORRELATION	25	0	131064	196854
SQUARE	13824	936
FOLD	49	56	56	86079	86079	0	298223
RAIL	250	263	10	38
CORRELATION	25	0	131064	196854
SQUARE	14336	936
FOLD	50	57	57	87618	87618	0	300701
RAIL	250	263	10	39
CORRELATION	26	0	131064	196854
SQUARE	14336	936
FOLD	51	59	59	90693	90693	0	307081
RAIL	9	503	10	40
CORRELATION	26	0	131064	196854
SQUARE	14848	936
FOLD	52	60	60	92229	92229	0	308962
RAIL	9	503	10	41
CORRELATION	27	0	131064	196854
SQUARE	14848	936
FOLD	53	62	62	95304	95304	0	314910
RAIL	9	504	10	42
CORRELATION	27	0	131064	196854
SQUARE	15360	936
FOLD	54	63	63	96843	96843	0	316979
RAIL	9	504	10	43
CORRELATION	28	0	131064	196854
SQUARE	15360	936
FOLD	55	65	65	99918	99918	0	323761
RAIL	249	263	10	44
CORRELATION	28	0	131064	196854
SQUARE	15872	936
FOLD	56	66	66	101454	101454	0	326047
RAIL	249	263	10	45
CORRELATION	29	0	131064	196854
SQUARE	15872	936
FOLD	56	66	66	101454	101454	0	332216
RAIL	249	263	10	46
CORRELATION	29	0	131064	196854
SQUARE	16384	936
FOLD	57	68	68	104529	104529	0	332231
RAIL	249	264	10	46
CORRELATION	29	0	131064	196854
SQUARE	16384	936
FOLD	58	69	69	106068	106068	0	334934
RAIL	249	264	10	47
CORRELATION	30	0	131064	196854
SQUARE	16384	936
FOLD	59	71	71	109143	109143	0	341175
RAIL	10	502	10	48
CORRELATION	30	0	131064	196854
SQUARE	16896	936
FOLD	60	72	72	110679	110679	0	343040
RAIL	10	502	10	49
CORRELATION	31	0	131064	196854
SQUARE	16896	936
FOLD	61	74	74	113754	113754	0	352233
RAIL	10	503	10	50
CORRELATION	31	0	131064	196854
SQUARE	17408	936
FOLD	61	74	74	113754	113754	0	354286
RAIL	10	503	10	51
CORRELATION	32	0	131064	196854
SQUARE	17408	936
FOLD	62	75	75	115293	115293	0	354298
RAIL	10	503	10	51
CORRELATION	32	0	131064	196854
SQUARE	17408	936
FOLD	63	77	77	118368	118368	0	363330
RAIL	248	264	10	52
CORRELATION	32	0	131064	196854
SQUARE	17920	936
FOLD	64	78	78	119904	119904	0	365515
RAIL	248	264	10	53
CORRELATION	33	0	131064	196854
SQUARE	17920	936
FOLD	65	80	80	122979	122979	0	374369
RAIL	248	265	10	54
CORRELATION	33	0	131064	196854
SQUARE	18432	936
FOLD	66	81	81	124518	124518	0	376665
RAIL	248	265	10	55
CORRELATION	34	0	131064	196854
SQUARE	18432	936
FOLD	67	83	83	127593	127593	0	387139
RAIL	11	501	10	56
CORRELATION	34	0	131064	196854
SQUARE	18944	936
FOLD	68	84	84	129129	129129	0	389261
RAIL	11	501	10	57
CORRELATION	35	0	131064	196854
SQUARE	18944	936
FOLD	69	86	86	132204	132204	0	399176
RAIL	11	502	10	58
CORRELATION	35	0	131064	196854
SQUARE	19456	936
FOLD	70	87	87	133743	133743	0	401177
RAIL	11	502	10	59
CORRELATION	36	0	131064	196854
SQUARE	19456	936
FOLD	71	89	89	136818	136818	0	412369
RAIL	247	265	10	60
CORRELATION	36	0	131064	196854
SQUARE	19968	936
FOLD	72	90	90	138354	138354	0	415044
RAIL	247	265	10	61
CORRELATION	37	0	131064	196854
SQUARE	19968	936
FOLD	73	92	92	141429	141429	0	423828
RAIL	247	266	10	62
CORRELATION	37	0	131064	196854
SQUARE	20480	936
FOLD	74	93	93	142968	142968	0	426462
RAIL	247	266	10	63
CORRELATION	38	0	131064	196854
SQUARE	20480	936
FOLD	75	95	95	146043	146043	0	435271
RAIL	12	500	10	64
CORRELATION	38	0	131064	196854
SQUARE	20992	936
FOLD	76	96	96	147579	147579	0	437638
RAIL	12	500	10	65
CORRELATION	39	0	131064	196854
SQUARE	20992	936
FOLD	77	98	98	150654	150654	0	446213
RAIL	12	501	10	66
CORRELATION	39	0	131064	196854
SQUARE	21504	936
FOLD	78	99	99	152193	152193	0	448463
RAIL	12	501	10	67
CORRELATION	40	0	131064	196854
SQUARE	21504	936
FOLD	79	101	101	155268	155268	0	456845
RAIL	246	266	10	68
CORRELATION	40	0	131064	196854
SQUARE	22016	936
FOLD	80	102	102	156804	156804	0	459598
RAIL	246	266	10	69
CORRELATION	41	0	131064	196854
SQUARE	22016	936
FOLD	81	104	104	159879	159879	0	468244
RAIL	246	267	10	70
CORRELATION	41	0	131064	196854
SQUARE	22528	939
FOLD	82	105	105	161418	161418	0	470570
RAIL	246	267	10	71
CORRELATION	42	0	131064	196854
SQUARE	22528	939
FOLD	83	107	107	164493	164493	0	480819
RAIL	13	499	10	72
CORRELATION	42	0	131064	196854
SQUARE	23040	939
FOLD	84	108	108	166029	166029	0	482801
RAIL	13	499	10	73
CORRELATION	43	0	131064	196854
SQUARE	23040	939
FOLD	85	110	110	169104	169104	0	492721
RAIL	13	500	10	74
CORRELATION	43	0	131064	196854
SQUARE	23552	939
FOLD	86	111	111	170643	170643	0	494873
RAIL	13	500	10	75
CORRELATION	44	0	131064	196854
SQUARE	23552	939
FOLD	87	113	113	173718	173718	0	504972
RAIL	245	267	10	76
CORRELATION	44	0	131064	196854
SQUARE	24064	939
FOLD	88	114	114	175254	175254	0	507186
RAIL	245	267	10	77
CORRELATION	45	0	131064	196854
SQUARE	24064	939
FOLD	89	116	116	178329	178329	0	516206
RAIL	245	268	10	78
CORRELATION	45	0	131064	196854
SQUARE	24576	939
FOLD	90	117	117	179868	179868	0	519131
RAIL	245	268	10	79
CORRELATION	46	0	131064	196854
SQUARE	24576	939
FOLD	91	119	119	182943	182943	0	528581
RAIL	14	498	10	80
CORRELATION	46	0	131064	196854
SQUARE	25088	939
FOLD	92	120	120	184479	184479	0	531768
RAIL	14	498	10	81
CORRELATION	47	0	131064	196854
SQUARE	25088	939
FOLD	93	122	122	187554	187554	0	540369
RAIL	14	499	10	82
CORRELATION	47	0	131064	196854
SQUARE	25600	939
FOLD	94	123	123	189093	189093	0	542607
RAIL	14	499	10	83
CORRELATION	48	0	131064	196854
SQUARE	25600	939
FOLD	95	125	125	192168	192168	0	552941
RAIL	244	268	10	84
CORRELATION	48	0	131064	196854
SQUARE	26112	939
FOLD	96	126	126	193704	193704	0	556535
RAIL	244	268	10	85
CORRELATION	49	0	131064	196854
SQUARE	26112	939
FOLD	97	128	128	196779	196779	0	566190
RAIL	244	269	10	86
CORRELATION	49	0	131064	196854
SQUARE	26624	939
FOLD	98	129	129	198318	198318	0	568814
RAIL	244	269	10	87
CORRELATION	50	0	131064	196854
SQUARE	26624	939
FOLD	99	131	131	201393	201393	0	577891
RAIL	15	497	10	88
CORRELATION	50	0	131064	196854
SQUARE	27136	939
FOLD	100	132	132	202929	202929	0	580333
RAIL	15	497	10	89
CORRELATION	51	0	131064	196854
SQUARE	27136	939
FOLD	101	134	134	206004	206004	0	589360
RAIL	15	498	10	90
CORRELATION	51	0	131064	196854
SQUARE	27648	939
FOLD	102	135	135	207543	207543	0	591296
RAIL	15	498	10	91
CORRELATION	52	0	131064	196854
SQUARE	27648	939
FOLD	103	137	137	210618	210618	0	600277
RAIL	243	269	10	92
CORRELATION	52	0	131064	196854
SQUARE	28160	939
FOLD	104	138	138	212154	212154	0	603022
RAIL	243	269	10	93
CORRELATION	53	0	131064	196854
SQUARE	28160	939
FOLD	105	140	140	215229	215229	0	612243
RAIL	243	270	10	94
CORRELATION	53	0	131064	196854
SQUARE	28672	939
FOLD	106	141	141	216768	216768	0	614548
RAIL	243	270	10	95
CORRELATION	54	0	131064	196854
SQUARE	28672	939
FOLD	107	143	143	219843	219843	0	623534
RAIL	16	496	10	96
CORRELATION	54	0	131064	196854
SQUARE	29184	939
FOLD	108	144	144	221379	221379	0	625716
RAIL	16	496	10	97
CORRELATION	55	0	131064	196854
SQUARE	29184	939
FOLD	109	146	146	224454	224454	0	635232
RAIL	16	497	10	98
CORRELATION	55	0	131064	196854
SQUARE	29696	939
FOLD	110	147	147	225993	225993	0	637320
RAIL	16	497	10	99
CORRELATION	56	0	131064	196854
SQUARE	29696	939
FOLD	111	149	149	229068	229068	0	647504
RAIL	242	270	10	100
CORRELATION	56	0	131064	196854
SQUARE	30208	939
FOLD	112	150	150	230604	230604	0	650806
RAIL	242	270	10	101
CORRELATION	57	0	131064	196854
SQUARE	30208	939
FOLD	113	152	152	233679	233679	0	662552
RAIL	242	271	10	102
CORRELATION	57	0	131064	196854
SQUARE	30720	939
FOLD	114	153	153	235218	235218	0	665773
RAIL	242	271	10	103
CORRELATION	58	0	131064	196854
SQUARE	30720	939
FOLD	115	155	155	238293	238293	0	677613
RAIL	17	495	10	104
CORRELATION	58	0	131064	196854
SQUARE	31232	939
FOLD	116	156	156	239829	239829	0	680782
RAIL	17	495	10	105
CORRELATION	59	0	131064	196854
SQUARE	31232	939
FOLD	117	158	158	242904	242904	0	692337
RAIL	17	496	10	106
CORRELATION	59	0	131064	196854
SQUARE	31744	939
FOLD	118	159	159	244443	244443	0	695004
RAIL	17	496	10	107
CORRELATION	60	0	131064	196854
SQUARE	31744	939
FOLD	119	161	161	247518	247518	0	706794
RAIL	241	271	10	108
CORRELATION	60	0	131064	196854
SQUARE	32256	939
FOLD	120	162	162	249054	249054	0	709989
RAIL	241	271	10	109
CORRELATION	61	0	131064	196854
SQUARE	32256	939
FOLD	120	162	162	249054	249054	0	720983
RAIL	241	271	10	110
CORRELATION	61	0	131064	196854
SQUARE	32768	939
FOLD	121	164	164	252129	252129	0	721009
RAIL	241	272	10	110
CORRELATION	61	0	131064	196854
SQUARE	32768	939
FOLD	122	165	165	253668	253668	0	724349
RAIL	241	272	10	111
CORRELATION	62	0	131064	196854
SQUARE	32768	939
FOLD	123	167	167	256743	256743	0	737174
RAIL	18	494	10	112
CORRELATION	62	0	131064	196854
SQUARE	33280	939
FOLD	124	168	168	258279	258279	0	740276
RAIL	18	494	10	113
CORRELATION	63	0	131064	196854
SQUARE	33280	939
FOLD	125	170	170	261354	261354	0	752523
RAIL	18	495	10	114
CORRELATION	63	0	131064	196854
SQUARE	33792	939
FOLD	125	170	170	261354	261354	0	756337
RAIL	18	495	10	115
CORRELATION	64	0	131064	196854
SQUARE	33792	939
FOLD	126	171	171	262893	262893	0	756352
RAIL	18	495	10	115
CORRELATION	64	0	131064	196854
SQUARE	33792	939
FOLD	127	173	173	265968	265968	0	768246
RAIL	240	272	10	116
CORRELATION	64	0	131064	196854
SQUARE	34304	939
FOLD	128	174	174	267504	267504	0	771065
RAIL	240	272	10	117
CORRELATION	65	0	131064	196854
SQUARE	34304	939
FOLD	129	176	176	270579	270579	0	783258
RAIL	240	273	10	118
CORRELATION	65	0	131064	196854
SQUARE	34816	939
FOLD	130	177	177	272118	272118	0	786414
RAIL	240	273	10	119
CORRELATION	66	0	131064	196854
SQUARE	34816	939
FOLD	131	179	179	275193	275193	0	798438
RAIL	19	493	10	120
CORRELATION	66	0	131064	196854
SQUARE	35328	939
FOLD	132	180	180	276729	276729	0	801316
RAIL	19	493	10	121
CORRELATION	67	0	131064	196854
SQUARE	35328	939
FOLD	133	182	182	279804	279804	0	809927
RAIL	19	494	10	122
CORRELATION	67	0	131064	196854
SQUARE	35840	939
FOLD	134	183	183	281343	281343	0	812383
RAIL	19	494	10	123
CORRELATION	68	0	131064	196854
SQUARE	35840	939
FOLD	135	185	185	284418	284418	0	820968
RAIL	239	273	10	124
CORRELATION	68	0	131064	196854
SQUARE	36352	939
FOLD	136	186	186	285954	285954	0	823311
RAIL	239	273	10	125
CORRELATION	69	0	131064	196854
SQUARE	36352	939
FOLD	137	188	188	289029	289029	0	832150
RAIL	239	274	10	126
CORRELATION	69	0	131064	196854
SQUARE	36864	939
FOLD	138	189	189	290568	290568	0	834518
RAIL	239	274	10	127
CORRELATION	70	0	131064	196854
SQUARE	36864	939
FOLD	139	191	191	293643	293643	0	844697
RAIL	20	492	10	128
CORRELATION	70	0	131064	196854
SQUARE	37376	939
FOLD	140	192	192	295179	295179	0	847073
RAIL	20	492	10	129
CORRELATION	71	0	131064	196854
SQUARE	37376	939
FOLD	141	194	194	298254	298254	0	856899
RAIL	20	493	10	130
CORRELATION	71	0	131064	196854
SQUARE	37888	939
FOLD	142	195	195	299793	299793	0	859257
RAIL	20	493	10	131
CORRELATION	72	0	131064	196854
SQUARE	37888	939
FOLD	143	197	197	302868	302868	0	869033
RAIL	238	274	10	132
CORRELATION	72	0	131064	196854
SQUARE	38400	939
FOLD	144	198	198	304404	304404	0	871911
RAIL	238	274	10	133
CORRELATION	73	0	131064	196854
SQUARE	38400	939
FOLD	145	200	200	307479	307479	0	880708
RAIL	238	275	10	134
CORRELATION	73	0	131064	196854
SQUARE	38912	939
FOLD	146	201	201	309018	309018	0	882997
RAIL	238	275	10	135
CORRELATION	74	0	131064	196854
SQUARE	38912	939
FOLD	147	203	203	312093	312093	0	891652
RAIL	21	491	10	136
CORRELATION	74	0	131064	196854
SQUARE	39424	939
FOLD	148	204	204	313629	313629	0	893766
RAIL	21	491	10	137
CORRELATION	75	0	131064	196854
SQUARE	39424	939
FOLD	149	206	206	316704	316704	0	902401
RAIL	21	492	10	138
CORRELATION	75	0	131064	196854
SQUARE	39936	939
FOLD	150	207	207	318243	318243	0	904413
RAIL	21	492	10	139
CORRELATION	76	0	131064	196854
SQUARE	39936	939
FOLD	151	209	209	321318	321318	0	912911
RAIL	237	275	10	140
CORRELATION	76	0	131064	196854
SQUARE	40448	939
FOLD	152	210	210	322854	322854	0	915285
RAIL	237	275	10	141
CORRELATION	77	0	131064	196854
SQUARE	40448	939
FOLD	153	212	212	325929	325929	0	923997
RAIL	237	276	10	142
CORRELATION	77	0	131064	196854
SQUARE	40960	939
FOLD	154	213	213	327468	327468	0	926710
RAIL	237	276	10	143
CORRELATION	78	0	131064	196854
SQUARE	40960	939
FOLD	155	215	215	330543	330543	0	935538
RAIL	22	490	10	144
CORRELATION	78	0	131064	196854
SQUARE	41472	939
FOLD	156	216	216	332079	332079	0	937728
RAIL	22	490	10	145
CORRELATION	79	0	131064	196854
SQUARE	41472	939
FOLD	157	218	218	335154	335154	0	946168
RAIL	22	491	10	146
CORRELATION	79	0	131064	196854
SQUARE	41984	939
FOLD	158	219	219	336693	336693	0	948649
RAIL	22	491	10	147
CORRELATION	80	0	131064	196854
SQUARE	41984	939
FOLD	159	221	221	339768	339768	0	958086
RAIL	236	276	10	148
CORRELATION	80	0	131064	196854
SQUARE	42496	939
FOLD	160	222	222	341304	341304	0	961285
RAIL	236	276	10	149
CORRELATION	81	0	131064	196854
SQUARE	42496	939
FOLD	161	224	224	344379	344379	0	971079
RAIL	236	277	10	150
CORRELATION	81	0	131064	196854
SQUARE	43008	939
FOLD	162	225	225	345918	345918	0	973796
RAIL	236	277	10	151
CORRELATION	82	0	131064	196854
SQUARE	43008	939
FOLD	163	227	227	348993	348993	0	984392
RAIL	23	489	10	152
CORRELATION	82	0	131064	196854
SQUARE	43520	939
FOLD	164	228	228	350529	350529	0	986841
RAIL	23	489	10	153
CORRELATION	83	0	131064	196854
SQUARE	43520	939
FOLD	165	230	230	353604	353604	0	996467
RAIL	23	490	10	154
CORRELATION	83	0	131064	196854
SQUARE	44032	939
FOLD	166	231	231	355143	355143	0	998836
RAIL	23	490	10	155
CORRELATION	84	0	131064	196854
SQUARE	44032	939
FOLD	167	233	233	358218	358218	0	1007216
RAIL	235	277	10	156
CORRELATION	84	0	131064	196854
SQUARE	44544	941
FOLD	168	234	234	359754	359754	0	1009797
RAIL	235	277	10	157
CORRELATION	85	0	131064	196854
SQUARE	44544	941
FOLD	169	236	236	362829	362829	0	1018865
RAIL	235	278	10	158
CORRELATION	85	0	131064	196854
SQUARE	45056	941
FOLD	170	237	237	364368	364368	0	1021437
RAIL	235	278	10	159
CORRELATION	86	0	131064	196854
SQUARE	45056	941
FOLD	171	239	239	367443	367443	0	1030424
RAIL	24	488	10	160
CORRELATION	86	0	131064	196854
SQUARE	45568	941
FOLD	172	240	240	368979	368979	0	1032827
RAIL	24	488	10	161
CORRELATION	87	0	131064	196854
SQUARE	45568	941
FOLD	173	242	242	372054	372054	0	1041650
RAIL	24	489	10	162
CORRELATION	87	0	131064	196854
SQUARE	46080	941
FOLD	174	243	243	373593	373593	0	1044139
RAIL	24	489	10	163
CORRELATION	88	0	131064	196854
SQUARE	46080	941
FOLD	175	245	245	376668	376668	0	1053937
RAIL	234	278	10	164
CORRELATION	88	0	131064	196854
SQUARE	46592	941
FOLD	176	246	246	378204	378204	0	1056381
RAIL	234	278	10	165
CORRELATION	89	0	131064	196854
SQUARE	46592	941
FOLD	177	248	248	381279	381279	0	1066018
RAIL	234	279	10	166
CORRELATION	89	0	131064	196854
SQUARE	47104	941
FOLD	178	249	249	382818	382818	0	1069090
RAIL	234	279	10	167
CORRELATION	90	0	131064	196854
SQUARE	47104	941
FOLD	179	251	251	385893	385893	0	1078899
RAIL	25	487	10	168
CORRELATION	90	0	131064	196854
SQUARE	47616	941
FOLD	180	252	252	387429	387429	0	1081477
RAIL	25	487	10	169
CORRELATION	91	0	131064	196854
SQUARE	47616	941
FOLD	181	254	254	390504	390504	0	1090917
RAIL	25	488	10	170
CORRELATION	91	0	131064	196854
SQUARE	48128	941
FOLD	182	255	255	392043	392043	0	1093488
RAIL	25	488	10	171
CORRELATION	92	0	131064	196854
SQUARE	48128	941
FOLD	183	257	257	395118	395118	0	1103077
RAIL	233	279	10	172
CORRELATION	92	0	131064	196854
SQUARE	48640	941
FOLD	184	258	258	396654	396654	0	1105832
RAIL	233	279	10	173
CORRELATION	93	0	131064	196854
SQUARE	48640	941
FOLD	185	260	260	399729	399729	0	1115969
RAIL	233	280	10	174
CORRELATION	93	0	131064	196854
SQUARE	49152	941
FOLD	186	261	261	401268	401268	0	1118632
RAIL	233	280	10	175
CORRELATION	94	0	131064	196854
SQUARE	49152	941
FOLD	187	263	263	404343	404343	0	1128896
RAIL	26	486	10	176
CORRELATION	94	0	131064	196854
SQUARE	49664	941
FOLD	188	264	264	405879	405879	0	1132619
RAIL	26	486	10	177
CORRELATION	95	0	131064	196854
SQUARE	49664	941
FOLD	189	266	266	408954	408954	0	1141903
RAIL	26	487	10	178
CORRELATION	95	0	131064	196854
SQUARE	50176	941
FOLD	190	267	267	410493	410493	0	1144218
RAIL	26	487	10	179
CORRELATION	96	0	131064	196854
SQUARE	50176	941
FOLD	191	269	269	413568	413568	0	1152682
RAIL	232	280	10	180
CORRELATION	96	0	131064	196854
SQUARE	50688	941
FOLD	192	270	270	415104	415104	0	1155522
RAIL	232	280	10	181
CORRELATION	97	0	131064	196854
SQUARE	50688	941
FOLD	193	272	272	418179	418179	0	1164362
RAIL	232	281	10	182
CORRELATION	97	0	131064	196854
SQUARE	51200	941
FOLD	194	273	273	419718	419718	0	1166989
RAIL	232	281	10	183
CORRELATION	98	0	131064	196854
SQUARE	51200	941
FOLD	195	275	275	422793	422793	0	1177076
RAIL	27	485	10	184
CORRELATION	98	0	131064	196854
SQUARE	51712	941
FOLD	196	276	276	424329	424329	0	1179525
RAIL	27	485	10	185
CORRELATION	99	0	131064	196854
SQUARE	51712	941
FOLD	197	278	278	427404	427404	0	1188573
RAIL	27	486	10	186
CORRELATION	99	0	131064	196854
SQUARE	52224	941
FOLD	198	279	279	428943	428943	0	1191053
RAIL	27	486	10	187
CORRELATION	100	0	131064	196854
SQUARE	52224	941
FOLD	199	281	281	432018	432018	0	1200244
RAIL	231	281	10	188
CORRELATION	100	0	131064	196854
SQUARE	52736	941
FOLD	200	282	282	433554	433554	0	1202969
RAIL	231	281	10	189
CORRELATION	101	0	131064	196854
SQUARE	52736	941
FOLD	201	284	284	436629	436629	0	1212229
RAIL	231	282	10	190
CORRELATION	101	0	131064	196854
SQUARE	53248	941
FOLD	202	285	285	438168	438168	0	1215257
RAIL	231	282	10	191
CORRELATION	102	0	131064	196854
SQUARE	53248	941
FOLD	203	287	287	441243	441243	0	1224255
RAIL	28	484	10	192
CORRELATION	102	0	131064	196854
SQUARE	53760	941
FOLD	204	288	288	442779	442779	0	1227356
RAIL	28	484	10	193
CORRELATION	103	0	131064	196854
SQUARE	53760	941
FOLD	205	290	290	445854	445854	0	1237152
RAIL	28	485	10	194
CORRELATION	103	0	131064	196854
SQUARE	54272	941
FOLD	206	291	291	447393	447393	0	1239573
RAIL	28	485	10	195
CORRELATION	104	0	131064	196854
SQUARE	54272	941
FOLD	207	293	293	450468	450468	0	1249081
RAIL	230	282	10	196
CORRELATION	104	0	131064	196854
SQUARE	54784	941
FOLD	208	294	294	452004	452004	0	1251519
RAIL	230	282	10	197
CORRELATION	105	0	131064	196854
SQUARE	54784	941
FOLD	209	296	296	455079	455079	0	1261146
RAIL	230	283	10	198
CORRELATION	105	0	131064	196854
SQUARE	55296	941
FOLD	210	297	297	456618	456618	0	1263982
RAIL	230	283	10	199
CORRELATION	106	0	131064	196854
SQUARE	55296	941
FOLD	211	299	299	459693	459693	0	1273796
RAIL	29	483	10	200
CORRELATION	106	0	131064	196854
SQUARE	55808	941
FOLD	212	300	300	461229	461229	0	1276169
RAIL	29	483	10	201
CORRELATION	107	0	131064	196854
SQUARE	55808	941
FOLD	213	302	302	464304	464304	0	1284990
RAIL	29	484	10	202
CORRELATION	107	0	131064	196854
SQUARE	56320	941
FOLD	214	303	303	465843	465843	0	1287376
RAIL	29	484	10	203
CORRELATION	108	0	131064	196854
SQUARE	56320	941
FOLD	215	305	305	468918	468918	0	1296961
RAIL	229	283	10	204
CORRELATION	108	0	131064	196854
SQUARE	56832	941
FOLD	216	306	306	470454	470454	0	1299699
RAIL	229	283	10	205
CORRELATION	109	0	131064	196854
SQUARE	56832	941
FOLD	217	308	308	473529	473529	0	1308977
RAIL	229	284	10	206
CORRELATION	109	0	131064	196854
SQUARE	57344	941
FOLD	218	309	309	475068	475068	0	1311508
RAIL	229	284	10	207
CORRELATION	110	0	131064	196854
SQUARE	57344	941
FOLD	219	311	311	478143	478143	0	1320806
RAIL	30	482	10	208
CORRELATION	110	0	131064	196854
SQUARE	57856	941
FOLD	220	312	312	479679	479679	0	1323247
RAIL	30	482	10	209
CORRELATION	111	0	131064	196854
SQUARE	57856	941
FOLD	221	314	314	482754	482754	0	1332038
RAIL	30	483	10	210
CORRELATION	111	0	131064	196854
SQUARE	58368	941
FOLD	222	315	315	484293	484293	0	1334645
RAIL	30	483	10	211
CORRELATION	112	0	131064	196854
SQUARE	58368	941
FOLD	223	317	317	487368	487368	0	1344098
RAIL	228	284	10	212
CORRELATION	112	0	131064	196854
SQUARE	58880	941
FOLD	224	318	318	488904	488904	0	1347014
RAIL	228	284	10	213
CORRELATION	113	0	131064	196854
SQUARE	58880	941
FOLD	225	320	320	491979	491979	0	1357630
RAIL	228	285	10	214
CORRELATION	113	0	131064	196854
SQUARE	59392	941
FOLD	226	321	321	493518	493518	0	1360649
RAIL	228	285	10	215
CORRELATION	114	0	131064	196854
SQUARE	59392	941
FOLD	227	323	323	496593	496593	0	1371018
RAIL	31	481	10	216
CORRELATION	114	0	131064	196854
SQUARE	59904	941
FOLD	228	324	324	498129	498129	0	1373310
RAIL	31	481	10	217
CORRELATION	115	0	131064	196854
SQUARE	59904	941
FOLD	229	326	326	501204	501204	0	1383640
RAIL	31	482	10	218
CORRELATION	115	0	131064	196854
SQUARE	60416	941
FOLD	230	327	327	502743	502743	0	1386133
RAIL	31	482	10	219
CORRELATION	116	0	131064	196854
SQUARE	60416	941
FOLD	231	329	329	505818	505818	0	1396394
RAIL	227	285	10	220
CORRELATION	116	0	131064	196854
SQUARE	60928	941
FOLD	232	330	330	507354	507354	0	1399343
RAIL	227	285	10	221
CORRELATION	117	0	131064	196854
SQUARE	60928	941
FOLD	233	332	332	510429	510429	0	1408999
RAIL	227	286	10	222
CORRELATION	117	0	131064	196854
SQUARE	61440	941
FOLD	234	333	333	511968	511968	0	1411851
RAIL	227	286	10	223
CORRELATION	118	0	131064	196854
SQUARE	61440	941
FOLD	235	335	335	515043	515043	0	1422094
RAIL	32	480	10	224
CORRELATION	118	0	131064	196854
SQUARE	61952	941
FOLD	236	336	336	516579	516579	0	1424759
RAIL	32	480	10	225
CORRELATION	119	0	131064	196854
SQUARE	61952	941
FOLD	237	338	338	519654	519654	0	1434632
RAIL	32	481	10	226
CORRELATION	119	0	131064	196854
SQUARE	62464	941
FOLD	238	339	339	521193	521193	0	1437187
RAIL	32	481	10	227
CORRELATION	120	0	131064	196854
SQUARE	62464	941
FOLD	239	341	341	524268	524268	0	1446976
RAIL	226	286	10	228
CORRELATION	120	0	131064	196854
SQUARE	62976	941
FOLD	240	342	342	525804	525804	0	1449936
RAIL	226	286	10	229
CORRELATION	121	0	131064	196854
SQUARE	62976	941
FOLD	241	344	344	528879	528879	0	1459835
RAIL	226	287	10	230
CORRELATION	121	0	131064	196854
SQUARE	63488	941
FOLD	242	345	345	530418	530418	0	1462499
RAIL	226	287	10	231
CORRELATION	122	0	131064	196854
SQUARE	63488	941
FOLD	243	347	347	533493	533493	0	1473393
RAIL	33	479	10	232
CORRELATION	122	0	131064	196854
SQUARE	64000	941
FOLD	244	348	348	535029	535029	0	1475817
RAIL	33	479	10	233
CORRELATION	123	0	131064	196854
SQUARE	64000	941
FOLD	245	350	350	538104	538104	0	1484905
RAIL	33	480	10	234
CORRELATION	123	0	131064	196854
SQUARE	64512	941
FOLD	246	351	351	539643	539643	0	1487274
RAIL	33	480	10	235
CORRELATION	124	0	131064	196854
SQUARE	64512	941
FOLD	247	353	353	542718	542718	0	1495770
RAIL	225	287	10	236
CORRELATION	124	0	131064	196854
SQUARE	65024	941
FOLD	248	354	354	544254	544254	0	1498447
RAIL	225	287	10	237
CORRELATION	125	0	131064	196854
SQUARE	65024	941
FOLD	248	354	354	544254	544254	0	1507451
RAIL	225	287	10	238
CORRELATION	125	0	131064	196854
SQUARE	65536	941
FOLD	249	356	356	547329	547329	0	1507478
RAIL	225	288	10	238
CORRELATION	125	0	131064	196854
SQUARE	65536	941
FOLD	250	357	357	548868	548868	0	1510288
RAIL	225	288	10	239
CORRELATION	126	0	131064	196854
SQUARE	65536	941
FOLD	251	359	359	551943	551943	0	1520450
RAIL	34	478	10	240
CORRELATION	126	0	131064	196854
SQUARE	66048	941
FOLD	252	360	360	553479	553479	0	1523723
RAIL	34	478	10	241
CORRELATION	127	0	131064	196854
SQUARE	66048	941
FOLD	253	362	362	556554	556554	0	1534644
RAIL	34	479	10	242
CORRELATION	127	0	131064	196854
SQUARE	66560	941
FOLD	253	362	362	556554	556554	0	1537103
RAIL	34	479	10	243
CORRELATION	128	0	131064	196854
SQUARE	66560	941
FOLD	254	363	363	558093	558093	0	1537113
RAIL	34	479	10	243
CORRELATION	128	0	131064	196854
SQUARE	66560	941
FOLD	255	365	365	561168	561168	0	1547162
RAIL	224	288	10	244
CORRELATION	128	0	131064	196854
SQUARE	67072	941
FOLD	256	366	366	562704	562704	0	1549551
RAIL	224	288	10	245
CORRELATION	129	0	131064	196854
SQUARE	67072	941
FOLD	257	368	368	565779	565779	0	1558932
RAIL	224	289	10	246
CORRELATION	129	0	131064	196854
SQUARE	67584	941
FOLD	258	369	369	567318	567318	0	1561500
RAIL	224	289	10	247
CORRELATION	130	0	131064	196854
SQUARE	67584	941
FOLD	259	371	371	570393	570393	0	1570500
RAIL	35	477	10	248
CORRELATION	130	0	131064	196854
SQUARE	68096	941
FOLD	260	372	372	571929	571929	0	1572824
RAIL	35	477	10	249
CORRELATION	131	0	131064	196854
SQUARE	68096	941
FOLD	261	374	374	575004	575004	0	1582350
RAIL	35	478	10	250
CORRELATION	131	0	131064	196854
SQUARE	68608	941
FOLD	262	375	375	576543	576543	0	1585085
RAIL	35	478	10	251
CORRELATION	132	0	131064	196854
SQUARE	68608	941
FOLD	263	377	377	579618	579618	0	1595298
RAIL	223	289	10	252
CORRELATION	132	0	131064	196854
SQUARE	69120	941
FOLD	264	378	378	581154	581154	0	1598028
RAIL	223	289	10	253
CORRELATION	133	0	131064	196854
SQUARE	69120	941
FOLD	265	380	380	584229	584229	0	1606940
RAIL	223	290	10	254
CORRELATION	133	0	131064	196854
SQUARE	69632	941
FOLD	266	381	381	585768	585768	0	1609739
RAIL	223	290	10	255
CORRELATION	134	0	131064	196854
SQUARE	69632	941
FOLD	267	383	383	588843	588843	0	1618988
RAIL	36	476	10	256
CORRELATION	134	0	131064	196854
SQUARE	70144	941
FOLD	268	384	384	590379	590379	0	1621165
RAIL	36	476	10	257
CORRELATION	135	0	131064	196854
SQUARE	70144	941
FOLD	269	386	386	593454	593454	0	1630332
RAIL	36	477	10	258
CORRELATION	135	0	131064	196854
SQUARE	70656	941
FOLD	270	387	387	594993	594993	0	1632680
RAIL	36	477	10	259
CORRELATION	136	0	131064	196854
SQUARE	70656	941
FOLD	271	389	389	598068	598068	0	1642334
RAIL	222	290	10	260
CORRELATION	136	0	131064	196854
SQUARE	71168	941
FOLD	272	390	390	599604	599604	0	1645061
RAIL	222	290	10	261
CORRELATION	137	0	131064	196854
SQUARE	71168	941
FOLD	273	392	392	602679	602679	0	1653672
RAIL	222	291	10	262
CORRELATION	137	0	131064	196854
SQUARE	71680	941
FOLD	274	393	393	604218	604218	0	1656333
RAIL	222	291	10	263
CORRELATION	138	0	131064	196854
SQUARE	71680	941
FOLD	275	395	395	607293	607293	0	1664975
RAIL	37	475	10	264
CORRELATION	138	0	131064	196854
SQUARE	72192	941
FOLD	276	396	396	608829	608829	0	1667174
RAIL	37	475	10	265
CORRELATION	139	0	131064	196854
SQUARE	72192	941
FOLD	277	398	398	611904	611904	0	1675583
RAIL	37	476	10	266
CORRELATION	139	0	131064	196854
SQUARE	72704	941
FOLD	278	399	399	613443	613443	0	1677995
RAIL	37	476	10	267
CORRELATION	140	0	131064	196854
SQUARE	72704	941
FOLD	279	401	401	616518	616518	0	1686552
RAIL	221	291	10	268
CORRELATION	140	0	131064	196854
SQUARE	73216	941
FOLD	280	402	402	618054	618054	0	1688994
RAIL	221	291	10	269
CORRELATION	141	0	131064	196854
SQUARE	73216	941
FOLD	281	404	404	621129	621129	0	1697661
RAIL	221	292	10	270
CORRELATION	141	0	131064	196854
SQUARE	73728	941
FOLD	282	405	405	622668	622668	0	1700571
RAIL	221	292	10	271
CORRELATION	142	0	131064	196854
SQUARE	73728	941
FOLD	283	407	407	625743	625743	0	1710538
RAIL	38	474	10	272
CORRELATION	142	0	131064	196854
SQUARE	74240	941
FOLD	284	408	408	627279	627279	0	1713653
RAIL	38	474	10	273
CORRELATION	143	0	131064	196854
SQUARE	74240	941
FOLD	285	410	410	630354	630354	0	1724130
RAIL	38	475	10	274
CORRELATION	143	0	131064	196854
SQUARE	74752	941
FOLD	286	411	411	631893	631893	0	1726789
RAIL	38	475	10	275
CORRELATION	144	0	131064	196854
SQUARE	74752	941
FOLD	287	413	413	634968	634968	0	1737537
RAIL	220	292	10	276
CORRELATION	144	0	131064	196854
SQUARE	75264	941
FOLD	288	414	414	636504	636504	0	1740241
RAIL	220	292	10	277
CORRELATION	145	0	131064	196854
SQUARE	75264	941
FOLD	289	416	416	639579	639579	0	1751317
RAIL	220	293	10	278
CORRELATION	145	0	131064	196854
SQUARE	75776	941
FOLD	290	417	417	641118	641118	0	1754261
RAIL	220	293	10	279
CORRELATION	146	0	131064	196854
SQUARE	75776	941
FOLD	291	419	419	644193	644193	0	1763154
RAIL	39	473	10	280
CORRELATION	146	0	131064	196854
SQUARE	76288	941
FOLD	292	420	420	645729	645729	0	1765430
RAIL	39	473	10	281
CORRELATION	147	0	131064	196854
SQUARE	76288	941
FOLD	293	422	422	648804	648804	0	1774325
RAIL	39	474	10	282
CORRELATION	147	0	131064	196854
SQUARE	76800	941
FOLD	294	423	423	650343	650343	0	1776737
RAIL	39	474	10	283
CORRELATION	148	0	131064	196854
SQUARE	76800	941
FOLD	295	425	425	653418	653418	0	1785754
RAIL	219	293	10	284
CORRELATION	148	0	131064	196854
SQUARE	77312	941
FOLD	296	426	426	654954	654954	0	1788561
RAIL	219	293	10	285
CORRELATION	149	0	131064	196854
SQUARE	77312	941
FOLD	297	428	428	658029	658029	0	1799722
RAIL	219	294	10	286
CORRELATION	149	0	131064	196854
SQUARE	77824	941
FOLD	298	429	429	659568	659568	0	1802371
RAIL	219	294	10	287
CORRELATION	150	0	131064	196854
SQUARE	77824	941
FOLD	299	431	431	662643	662643	0	1812154
RAIL	40	472	10	288
CORRELATION	150	0	131064	196854
SQUARE	78336	941
FOLD	300	432	432	664179	664179	0	1815813
RAIL	40	472	10	289
CORRELATION	151	0	131064	196854
SQUARE	78336	941
FOLD	301	434	434	667254	667254	0	1827577
RAIL	40	473	10	290
CORRELATION	151	0	131064	196854
SQUARE	78848	941
FOLD	302	435	435	668793	668793	0	1830119
RAIL	40	473	10	291
CORRELATION	152	0	131064	196854
SQUARE	78848	941
FOLD	303	437	437	671868	671868	0	1842757
RAIL	218	294	10	292
CORRELATION	152	0	131064	196854
SQUARE	79360	941
FOLD	304	438	438	673404	673404	0	1845572
RAIL	218	294	10	293
CORRELATION	153	0	131064	196854
SQUARE	79360	941
FOLD	305	440	440	676479	676479	0	1856441
RAIL	218	295	10	294
CORRELATION	153	0	131064	196854
SQUARE	79872	941
FOLD	306	441	441	678018	678018	0	1859387
RAIL	218	295	10	295
CORRELATION	154	0	131064	196854
SQUARE	79872	941
FOLD	307	443	443	681093	681093	0	1869308
RAIL	41	471	10	296
CORRELATION	154	0	131064	196854
SQUARE	80384	941
FOLD	308	444	444	682629	682629	0	1871567
RAIL	41	471	10	297
CORRELATION	155	0	131064	196854
SQUARE	80384	941
FOLD	309	446	446	685704	685704	0	1881642
RAIL	41	472	10	298
CORRELATION	155	0	131064	196854
SQUARE	80896	941
FOLD	310	447	447	687243	687243	0	1884141
RAIL	41	472	10	299
CORRELATION	156	0	131064	196854
SQUARE	80896	941
FOLD	311	449	449	690318	690318	0	1894764
RAIL	217	295	10	300
CORRELATION	156	0	131064	196854
SQUARE	81408	941
FOLD	312	450	450	691854	691854	0	1897500
RAIL	217	295	10	301
CORRELATION	157	0	131064	196854
SQUARE	81408	941
FOLD	313	452	452	694929	694929	0	1909422
RAIL	217	296	10	302
CORRELATION	157	0	131064	196854
SQUARE	81920	941
FOLD	314	453	453	696468	696468	0	1914060
RAIL	217	296	10	303
CORRELATION	158	0	131064	196854
SQUARE	81920	941
FOLD	315	455	455	699543	699543	0	1924456
RAIL	42	470	10	304
CORRELATION	158	0	131064	196854
SQUARE	82432	941
FOLD	316	456	456	701079	701079	0	1927244
RAIL	42	470	10	305
CORRELATION	159	0	131064	196854
SQUARE	82432	941
FOLD	317	458	458	704154	704154	0	1937183
RAIL	42	471	10	306
CORRELATION	159	0	131064	196854
SQUARE	82944	941
FOLD	318	459	459	705693	705693	0	1939849
RAIL	42	471	10	307
CORRELATION	160	0	131064	196854
SQUARE	82944	941
FOLD	319	461	461	708768	708768	0	1949588
RAIL	216	296	10	308
CORRELATION	160	0	131064	196854
SQUARE	83456	941
FOLD	320	462	462	710304	710304	0	1952488
RAIL	216	296	10	309
CORRELATION	161	0	131064	196854
SQUARE	83456	941
FOLD	321	464	464	713379	713379	0	1962132
RAIL	216	297	10	310
CORRELATION	161	0	131064	196854
SQUARE	83968	941
FOLD	322	465	465	714918	714918	0	1964565
RAIL	216	297	10	311
CORRELATION	162	0	131064	196854
SQUARE	83968	941
FOLD	323	467	467	717993	717993	0	1973777
RAIL	43	469	10	312
CORRELATION	162	0	131064	196854
SQUARE	84480	941
FOLD	324	468	468	719529	719529	0	1976083
RAIL	43	469	10	313
CORRELATION	163	0	131064	196854
SQUARE	84480	941
FOLD	325	470	470	722604	722604	0	1985294
RAIL	43	470	10	314
CORRELATION	163	0	131064	196854
SQUARE	84992	941
FOLD	326	471	471	724143	724143	0	1987846
RAIL	43	470	10	315
CORRELATION	164	0	131064	196854
SQUARE	84992	941
FOLD	327	473	473	727218	727218	0	1996931
RAIL	215	297	10	316
CORRELATION	164	0	131064	196854
SQUARE	85504	941
FOLD	328	474	474	728754	728754	0	1999512
RAIL	215	297	10	317
CORRELATION	165	0	131064	196854
SQUARE	85504	941
FOLD	329	476	476	731829	731829	0	2008850
RAIL	215	298	10	318
CORRELATION	165	0	131064	196854
SQUARE	86016	941
FOLD	330	477	477	733368	733368	0	2011622
RAIL	215	298	10	319
CORRELATION	166	0	131064	196854
SQUARE	86016	941
FOLD	331	479	479	736443	736443	0	2020283
RAIL	44	468	10	320
CORRELATION	166	0	131064	196854
SQUARE	86528	941
FOLD	332	480	480	737979	737979	0	2022727
RAIL	44	468	10	321
CORRELATION	167	0	131064	196854
SQUARE	86528	941
FOLD	333	482	482	741054	741054	0	2030924
RAIL	44	469	10	322
CORRELATION	167	0	131064	196854
SQUARE	87040	941
FOLD	334	483	483	742593	742593	0	2033416
RAIL	44	469	10	323
CORRELATION	168	0	131064	196854
SQUARE	87040	941
FOLD	335	485	485	745668	745668	0	2041934
RAIL	214	298	10	324
CORRELATION	168	0	131064	196854
SQUARE	87552	941
FOLD	336	486	486	747204	747204	0	2044548
RAIL	214	298	10	325
CORRELATION	169	0	131064	196854
SQUARE	87552	941
FOLD	337	488	488	750279	750279	0	2053006
RAIL	214	299	10	326
CORRELATION	169	0	131064	196854
SQUARE	88064	941
FOLD	338	489	489	751818	751818	0	2055975
RAIL	214	299	10	327
CORRELATION	170	0	131064	196854
SQUARE	88064	941
FOLD	339	491	491	754893	754893	0	2064456
RAIL	45	467	10	328
CORRELATION	170	0	131064	196854
SQUARE	88576	944
FOLD	340	492	492	756429	756429	0	2067196
RAIL	45	467	10	329
CORRELATION	171	0	131064	196854
SQUARE	88576	944
FOLD	341	494	494	759504	759504	0	2075502
RAIL	45	468	10	330
CORRELATION	171	0	131064	196854
SQUARE	89088	944
FOLD	342	495	495	761043	761043	0	2077797
RAIL	45	468	10	331
CORRELATION	172	0	131064	196854
SQUARE	89088	944
FOLD	343	497	497	764118	764118	0	2086217
RAIL	213	299	10	332
CORRELATION	172	0	131064	196854
SQUARE	89600	944
FOLD	344	498	498	765654	765654	0	2089735
RAIL	213	299	10	333
CORRELATION	173	0	131064	196854
SQUARE	89600	944
FOLD	345	500	500	768729	768729	0	2099225
RAIL	213	300	10	334
CORRELATION	173	0	131064	196854
SQUARE	90112	944
FOLD	346	501	501	770268	770268	0	2102119
RAIL	213	300	10	335
CORRELATION	174	0	131064	196854
SQUARE	90112	944
FOLD	347	503	503	773343	773343	0	2110419
RAIL	46	466	10	336
CORRELATION	174	0	131064	196854
SQUARE	90624	944
FOLD	348	504	504	774879	774879	0	2117684
RAIL	46	466	10	337
CORRELATION	175	0	131064	196854
SQUARE	90624	944
FOLD	349	506	506	777954	777954	0	2126398
RAIL	46	467	10	338
CORRELATION	175	0	131064	196854
SQUARE	91136	944
FOLD	350	507	507	779493	779493	0	2128729
RAIL	46	467	10	339
CORRELATION	176	0	131064	196854
SQUARE	91136	944
FOLD	351	509	509	782568	782568	0	2137278
RAIL	212	300	10	340
CORRELATION	176	0	131064	196854
SQUARE	91648	944
FOLD	352	510	510	784104	784104	0	2139983
RAIL	212	300	10	341
CORRELATION	177	0	131064	196854
SQUARE	91648	944
FOLD	353	512	512	787179	787179	0	2148724
RAIL	212	301	10	342
CORRELATION	177	0	131064	196854
SQUARE	92160	944
FOLD	354	513	513	788718	788718	0	2151403
RAIL	212	301	10	343
CORRELATION	178	0	131064	196854
SQUARE	92160	944
FOLD	355	515	515	791793	791793	0	2159462
RAIL	47	465	10	344
CORRELATION	178	0	131064	196854
SQUARE	92672	944
FOLD	356	516	516	793329	793329	0	2162233
RAIL	47	465	10	345
CORRELATION	179	0	131064	196854
SQUARE	92672	944
FOLD	357	518	518	796404	796404	0	2172016
RAIL	47	466	10	346
CORRELATION	179	0	131064	196854
SQUARE	93184	944
FOLD	358	519	519	797943	797943	0	2174440
RAIL	47	466	10	347
CORRELATION	180	0	131064	196854
SQUARE	93184	944
FOLD	359	521	521	801018	801018	0	2183420
RAIL	211	301	10	348
CORRELATION	180	0	131064	196854
SQUARE	93696	944
FOLD	360	522	522	802554	802554	0	2186090
RAIL	211	301	10	349
CORRELATION	181	0	131064	196854
SQUARE	93696	944
FOLD	361	524	524	805629	805629	0	2195355
RAIL	211	302	10	350
CORRELATION	181	0	131064	196854
SQUARE	94208	944
FOLD	362	525	525	807168	807168	0	2198191
RAIL	211	302	10	351
CORRELATION	182	0	131064	196854
SQUARE	94208	944
FOLD	363	527	527	810243	810243	0	2207381
RAIL	48	464	10	352
CORRELATION	182	0	131064	196854
SQUARE	94720	944
FOLD	364	528	528	811779	811779	0	2209881
RAIL	48	464	10	353
CORRELATION	183	0	131064	196854
SQUARE	94720	944
FOLD	365	530	530	814854	814854	0	2218008
RAIL	48	465	10	354
CORRELATION	183	0	131064	196854
SQUARE	95232	944
FOLD	366	531	531	816393	816393	0	2220864
RAIL	48	465	10	355
CORRELATION	184	0	131064	196854
SQUARE	95232	944
FOLD	367	533	533	819468	819468	0	2229279
RAIL	210	302	10	356
CORRELATION	184	0	131064	196854
SQUARE	95744	944
FOLD	368	534	534	821004	821004	0	2231806
RAIL	210	302	10	357
CORRELATION	185	0	131064	196854
SQUARE	95744	944
FOLD	369	536	536	824079	824079	0	2240681
RAIL	210	303	10	358
CORRELATION	185	0	131064	196854
SQUARE	96256	944
FOLD	370	537	537	825618	825618	0	2243605
RAIL	210	303	10	359
CORRELATION	186	0	131064	196854
SQUARE	96256	944
FOLD	371	539	539	828693	828693	0	2252297
RAIL	49	463	10	360
CORRELATION	186	0	131064	196854
SQUARE	96768	944
FOLD	372	540	540	830229	830229	0	2254984
RAIL	49	463	10	361
CORRELATION	187	0	131064	196854
SQUARE	96768	944
FOLD	373	542	542	833304	833304	0	2264163
RAIL	49	464	10	362
CORRELATION	187	0	131064	196854
SQUARE	97280	944
FOLD	374	543	543	834843	834843	0	2267198
RAIL	49	464	10	363
CORRELATION	188	0	131064	196854
SQUARE	97280	944
FOLD	375	545	545	837918	837918	0	2276091
RAIL	209	303	10	364
CORRELATION	188	0	131064	196854
SQUARE	97792	944
FOLD	376	546	546	839454	839454	0	2278744
RAIL	209	303	10	365
CORRELATION	189	0	131064	196854
SQUARE	97792	944
FOLD	377	548	548	842529	842529	0	2287177
RAIL	209	304	10	366
CORRELATION	189	0	131064	196854
SQUARE	98304	944
FOLD	378	549	549	844068	844068	0	2289751
RAIL	209	304	10	367
CORRELATION	190	0	131064	196854
SQUARE	98304	944
FOLD	379	551	551	847143	847143	0	2298269
RAIL	50	462	10	368
CORRELATION	190	0	131064	196854
SQUARE	98816	944
FOLD	380	552	552	848679	848679	0	2300851
RAIL	50	462	10	369
CORRELATION	191	0	131064	196854
SQUARE	98816	944
FOLD	381	554	554	851754	851754	0	2309830
RAIL	50	463	10	370
CORRELATION	191	0	131064	196854
SQUARE	99328	944
FOLD	382	555	555	853293	853293	0	2312169
RAIL	50	463	10	371
CORRELATION	192	0	131064	196854
SQUARE	99328	944
FOLD	383	557	557	856368	856368	0	2320228
RAIL	208	304	10	372
CORRELATION	192	0	131064	196854
SQUARE	99840	944
FOLD	384	558	558	857904	857904	0	2323814
RAIL	208	304	10	373
CORRELATION	193	0	131064	196854
SQUARE	99840	944
FOLD	385	560	560	860979	860979	0	2333084
RAIL	208	305	10	374
CORRELATION	193	0	131064	196854
SQUARE	100352	944
FOLD	386	561	561	862518	862518	0	2335979
RAIL	208	305	10	375
CORRELATION	194	0	131064	196854
SQUARE	100352	944
FOLD	387	563	563	865593	865593	0	2344441
RAIL	51	461	10	376
CORRELATION	194	0	131064	196854
SQUARE	100864	944
FOLD	388	564	564	867129	867129	0	2352992
RAIL	51	461	10	377
CORRELATION	195	0	131064	196854
SQUARE	100864	944
FOLD	389	566	566	870204	870204	0	2361495
RAIL	51	462	10	378
CORRELATION	195	0	131064	196854
SQUARE	101376	944
FOLD	390	567	567	871743	871743	0	2363992
RAIL	51	462	10	379
CORRELATION	196	0	131064	196854
SQUARE	101376	944
FOLD	391	569	569	874818	874818	0	2372434
RAIL	207	305	10	380
CORRELATION	196	0	131064	196854
SQUARE	101888	944
FOLD	392	570	570	876354	876354	0	2375491
RAIL	207	305	10	381
CORRELATION	197	0	131064	196854
SQUARE	101888	944
FOLD	393	572	572	879429	879429	0	2383792
RAIL	207	306	10	382
CORRELATION	197	0	131064	196854
SQUARE	102400	944
FOLD	394	573	573	880968	880968	0	2386625
RAIL	207	306	10	383
CORRELATION	198	0	131064	196854
SQUARE	102400	944
FOLD	395	575	575	884043	884043	0	2395236
RAIL	52	460	10	384
CORRELATION	198	0	131064	196854
SQUARE	102912	944
FOLD	396	576	576	885579	885579	0	2397612
RAIL	52	460	10	385
CORRELATION	199	0	131064	196854
SQUARE	102912	944
FOLD	397	578	578	888654	888654	0	2405901
RAIL	52	461	10	386
CORRELATION	199	0	131064	196854
SQUARE	103424	944
FOLD	398	579	579	890193	890193	0	2408506
RAIL	52	461	10	387
CORRELATION	200	0	131064	196854
SQUARE	103424	944
FOLD	399	581	581	893268	893268	0	2417198
RAIL	206	306	10	388
CORRELATION	200	0	131064	196854
SQUARE	103936	944
FOLD	400	582	582	894804	894804	0	2420593
RAIL	206	306	10	389
CORRELATION	201	0	131064	196854
SQUARE	103936	944
FOLD	401	584	584	897879	897879	0	2429568
RAIL	206	307	10	390
CORRELATION	201	0	131064	196854
SQUARE	104448	944
FOLD	402	585	585	899418	899418	0	2432718
RAIL	206	307	10	391
CORRELATION	202	0	131064	196854
SQUARE	104448	944
FOLD	403	587	587	902493	902493	0	2441561
RAIL	53	459	10	392
CORRELATION	202	0	131064	196854
SQUARE	104960	944
FOLD	404	588	588	904029	904029	0	2443862
RAIL	53	459	10	393
CORRELATION	203	0	131064	196854
SQUARE	104960	944
FOLD	405	590	590	907104	907104	0	2452121
RAIL	53	460	10	394
CORRELATION	203	0	131064	196854
SQUARE	105472	944
FOLD	406	591	591	908643	908643	0	2454524
RAIL	53	460	10	395
CORRELATION	204	0	131064	196854
SQUARE	105472	944
FOLD	407	593	593	911718	911718	0	2462822
RAIL	205	307	10	396
CORRELATION	204	0	131064	196854
SQUARE	105984	944
FOLD	408	594	594	913254	913254	0	2465428
RAIL	205	307	10	397
CORRELATION	205	0	131064	196854
SQUARE	105984	944
FOLD	409	596	596	916329	916329	0	2474130
RAIL	205	308	10	398
CORRELATION	205	0	131064	196854
SQUARE	106496	944
FOLD	410	597	597	917868	917868	0	2477719
RAIL	205	308	10	399
CORRELATION	206	0	131064	196854
SQUARE	106496	944
FOLD	411	599	599	920943	920943	0	2486098
RAIL	54	458	10	400
CORRELATION	206	0	131064	196854
SQUARE	107008	944
FOLD	412	600	600	922479	922479	0	2488827
RAIL	54	458	10	401
CORRELATION	207	0	131064	196854
SQUARE	107008	944
FOLD	413	602	602	925554	925554	0	2497223
RAIL	54	459	10	402
CORRELATION	207	0	131064	196854
SQUARE	107520	944
FOLD	414	603	603	927093	927093	0	2499658
RAIL	54	459	10	403
CORRELATION	208	0	131064	196854
SQUARE	107520	944
FOLD	415	605	605	930168	930168	0	2508692
RAIL	204	308	10	404
CORRELATION	208	0	131064	196854
SQUARE	108032	944
FOLD	416	606	606	931704	931704	0	2511485
RAIL	204	308	10	405
CORRELATION	209	0	131064	196854
SQUARE	108032	944
FOLD	417	608	608	934779	934779	0	2519966
RAIL	204	309	10	406
CORRELATION	209	0	131064	196854
SQUARE	108544	944
FOLD	418	609	609	936318	936318	0	2522726
RAIL	204	309	10	407
CORRELATION	210	0	131064	196854
SQUARE	108544	944
FOLD	419	611	611	939393	939393	0	2530898
RAIL	55	457	10	408
CORRELATION	210	0	131064	196854
SQUARE	109056	944
FOLD	420	612	612	940929	940929	0	2533561
RAIL	55	457	10	409
CORRELATION	211	0	131064	196854
SQUARE	109056	944
FOLD	421	614	614	944004	944004	0	2541496
RAIL	55	458	10	410
CORRELATION	211	0	131064	196854
SQUARE	109568	944
FOLD	422	615	615	945543	945543	0	2544362
RAIL	55	458	10	411
CORRELATION	212	0	131064	196854
SQUARE	109568	944
FOLD	423	617	617	948618	948618	0	2552912
RAIL	203	309	10	412
CORRELATION	212	0	131064	196854
SQUARE	110080	944
FOLD	424	618	618	950154	950154	0	2555757
RAIL	203	309	10	413
CORRELATION	213	0	131064	196854
SQUARE	110080	944
FOLD	425	620	620	953229	953229	0	2564557
RAIL	203	310	10	414
CORRELATION	213	0	131064	196854
SQUARE	110592	944
FOLD	426	621	621	954768	954768	0	2567272
RAIL	203	310	10	415
CORRELATION	214	0	131064	196854
SQUARE	110592	944
FOLD	427	623	623	957843	957843	0	2578190
RAIL	56	456	10	416
CORRELATION	214	0	131064	196854
SQUARE	111104	944
FOLD	428	624	624	959379	959379	0	2580699
RAIL	56	456	10	417
CORRELATION	215	0	131064	196854
SQUARE	111104	944
FOLD	429	626	626	962454	962454	0	2590255
RAIL	56	457	10	418
CORRELATION	215	0	131064	196854
SQUARE	111616	944
FOLD	430	627	627	963993	963993	0	2592960
RAIL	56	457	10	419
CORRELATION	216	0	131064	196854
SQUARE	111616	944
FOLD	431	629	629	967068	967068	0	2602384
RAIL	202	310	10	420
CORRELATION	216	0	131064	196854
SQUARE	112128	944
FOLD	432	630	630	968604	968604	0	2605012
RAIL	202	310	10	421
CORRELATION	217	0	131064	196854
SQUARE	112128	944
FOLD	433	632	632	971679	971679	0	2613300
RAIL	202	311	10	422
CORRELATION	217	0	131064	196854
SQUARE	112640	944
FOLD	434	633	633	973218	973218	0	2616237
RAIL	202	311	10	423
CORRELATION	218	0	131064	196854
SQUARE	112640	944
FOLD	435	635	635	976293	976293	0	2625156
RAIL	57	455	10	424
CORRELATION	218	0	131064	196854
SQUARE	113152	944
FOLD	436	636	636	977829	977829	0	2627566
RAIL	57	455	10	425
CORRELATION	219	0	131064	196854
SQUARE	113152	944
FOLD	437	638	638	980904	980904	0	2635391
RAIL	57	456	10	426
CORRELATION	219	0	131064	196854
SQUARE	113664	944
FOLD	438	639	639	982443	982443	0	2637536
RAIL	57	456	10	427
CORRELATION	220	0	131064	196854
SQUARE	113664	944
FOLD	439	641	641	985518	985518	0	2645399
RAIL	201	311	10	428
CORRELATION	220	0	131064	196854
SQUARE	114176	944
FOLD	440	642	642	987054	987054	0	2647896
RAIL	201	311	10	429
CORRELATION	221	0	131064	196854
SQUARE	114176	944
FOLD	441	644	644	990129	990129	0	2656049
RAIL	201	312	10	430
CORRELATION	221	0	131064	196854
SQUARE	114688	944
FOLD	442	645	645	991668	991668	0	2658898
RAIL	201	312	10	431
CORRELATION	222	0	131064	196854
SQUARE	114688	944
FOLD	443	647	647	994743	994743	0	2667534
RAIL	58	454	10	432
CORRELATION	222	0	131064	196854
SQUARE	115200	944
FOLD	444	648	648	996279	996279	0	2669938
RAIL	58	454	10	433
CORRELATION	223	0	131064	196854
SQUARE	115200	944
FOLD	445	650	650	999354	999354	0	2678609
RAIL	58	455	10	434
CORRELATION	223	0	131064	196854
SQUARE	115712	944
FOLD	446	651	651	1000893	1000893	0	2681132
RAIL	58	455	10	435
CORRELATION	224	0	131064	196854
SQUARE	115712	944
FOLD	447	653	653	1003968	1003968	0	2690075
RAIL	200	312	10	436
CORRELATION	224	0	131064	196854
SQUARE	116224	944
FOLD	448	654	654	1005504	1005504	0	2692558
RAIL	200	312	10	437
CORRELATION	225	0	131064	196854
SQUARE	116224	944
FOLD	449	656	656	1008579	1008579	0	2701900
RAIL	200	313	10	438
CORRELATION	225	0	131064	196854
SQUARE	116736	944
FOLD	450	657	657	1010118	1010118	0	2704449
RAIL	200	313	10	439
CORRELATION	226	0	131064	196854
SQUARE	116736	944
FOLD	451	659	659	1013193	1013193	0	2713902
RAIL	59	453	10	440
CORRELATION	226	0	131064	196854
SQUARE	117248	944
FOLD	452	660	660	1014729	1014729	0	2716380
RAIL	59	453	10	441
CORRELATION	227	0	131064	196854
SQUARE	117248	944
FOLD	453	662	662	1017804	1017804	0	2725282
RAIL	59	454	10	442
CORRELATION	227	0	131064	196854
SQUARE	117760	944
FOLD	454	663	663	1019343	1019343	0	2727827
RAIL	59	454	10	443
CORRELATION	228	0	131064	196854
SQUARE	117760	944
FOLD	455	665	665	1022418	1022418	0	2736670
RAIL	199	313	10	444
CORRELATION	228	0	131064	196854
SQUARE	118272	944
FOLD	456	666	666	1023954	1023954	0	2739408
RAIL	199	313	10	445
CORRELATION	229	0	131064	196854
SQUARE	118272	944
FOLD	457	668	668	1027029	1027029	0	2753137
RAIL	199	314	10	446
CORRELATION	229	0	131064	196854
SQUARE	118784	944
FOLD	458	669	669	1028568	1028568	0	2755974
RAIL	199	314	10	447
CORRELATION	230	0	131064	196854
SQUARE	118784	944
FOLD	459	671	671	1031643	1031643	0	2762020
RAIL	60	452	10	448
CORRELATION	230	0	131064	196854
SQUARE	119296	944
FOLD	460	672	672	1033179	1033179	0	2764517
RAIL	60	452	10	449
CORRELATION	231	0	131064	196854
SQUARE	119296	944
FOLD	461	674	674	1036254	1036254	0	2769687
RAIL	60	453	10	450
CORRELATION	231	0	131064	196854
SQUARE	119808	944
FOLD	462	675	675	1037793	1037793	0	2772340
RAIL	60	453	10	451
CORRELATION	232	0	131064	196854
SQUARE	119808	944
FOLD	463	677	677	1040868	1040868	0	2777677
RAIL	198	314	10	452
CORRELATION	232	0	131064	196854
SQUARE	120320	944
FOLD	464	678	678	1042404	1042404	0	2780132
RAIL	198	314	10	453
CORRELATION	233	0	131064	196854
SQUARE	120320	944
FOLD	465	680	680	1045479	1045479	0	2788256
RAIL	198	315	10	454
CORRELATION	233	0	131064	196854
SQUARE	120832	944
FOLD	466	681	681	1047018	1047018	0	2791037
RAIL	198	315	10	455
CORRELATION	234	0	131064	196854
SQUARE	120832	944
FOLD	467	683	683	1050093	1050093	0	2796757
RAIL	61	451	10	456
CORRELATION	234	0	131064	196854
SQUARE	121344	944
FOLD	468	684	684	1051629	1051629	0	2799130
RAIL	61	451	10	457
CORRELATION	235	0	131064	196854
SQUARE	121344	944
FOLD	469	686	686	1054704	1054704	0	2804686
RAIL	61	452	10	458
CORRELATION	235	0	131064	196854
SQUARE	121856	944
FOLD	470	687	687	1056243	1056243	0	2807304
RAIL	61	452	10	459
CORRELATION	236	0	131064	196854
SQUARE	121856	944
FOLD	471	689	689	1059318	1059318	0	2812738
RAIL	197	315	10	460
CORRELATION	236	0	131064	196854
SQUARE	122368	944
FOLD	472	690	690	1060854	1060854	0	2815397
RAIL	197	315	10	461
CORRELATION	237	0	131064	196854
SQUARE	122368	944
FOLD	473	692	692	1063929	1063929	0	2824168
RAIL	197	316	10	462
CORRELATION	237	0	131064	196854
SQUARE	122880	944
FOLD	474	693	693	1065468	1065468	0	2826926
RAIL	197	316	10	463
CORRELATION	238	0	131064	196854
SQUARE	122880	944
FOLD	475	695	695	1068543	1068543	0	2835824
RAIL	62	450	10	464
CORRELATION	238	0	131064	196854
SQUARE	123392	944
FOLD	476	696	696	1070079	1070079	0	2838625
RAIL	62	450	10	465
CORRELATION	239	0	131064	196854
SQUARE	123392	944
FOLD	477	698	698	1073154	1073154	0	2847575
RAIL	62	451	10	466
CORRELATION	239	0	131064	196854
SQUARE	123904	944
FOLD	478	699	699	1074693	1074693	0	2850453
RAIL	62	451	10	467
CORRELATION	240	0	131064	196854
SQUARE	123904	944
FOLD	479	701	701	1077768	1077768	0	2860099
RAIL	196	316	10	468
CORRELATION	240	0	131064	196854
SQUARE	124416	944
FOLD	480	702	702	1079304	1079304	0	2862812
RAIL	196	316	10	469
CORRELATION	241	0	131064	196854
SQUARE	124416	944
FOLD	481	704	704	1082379	1082379	0	2868557
RAIL	196	317	10	470
CORRELATION	241	0	131064	196854
SQUARE	124928	944
FOLD	482	705	705	1083918	1083918	0	2871278
RAIL	196	317	10	471
CORRELATION	242	0	131064	196854
SQUARE	124928	944
FOLD	483	707	707	1086993	1086993	0	2876749
RAIL	63	449	10	472
CORRELATION	242	0	131064	196854
SQUARE	125440	944
FOLD	484	708	708	1088529	1088529	0	2879283
RAIL	63	449	10	473
CORRELATION	243	0	131064	196854
SQUARE	125440	944
FOLD	485	710	710	1091604	1091604	0	2884916
RAIL	63	450	10	474
CORRELATION	243	0	131064	196854
SQUARE	125952	944
FOLD	486	711	711	1093143	1093143	0	2887672
RAIL	63	450	10	475
CORRELATION	244	0	131064	196854
SQUARE	125952	944
FOLD	487	713	713	1096218	1096218	0	2893211
RAIL	195	317	10	476
CORRELATION	244	0	131064	196854
SQUARE	126464	944
FOLD	488	714	714	1097754	1097754	0	2895706
RAIL	195	317	10	477
CORRELATION	245	0	131064	196854
SQUARE	126464	944
FOLD	489	716	716	1100829	1100829	0	2901533
RAIL	195	318	10	478
CORRELATION	245	0	131064	196854
SQUARE	126976	944
FOLD	490	717	717	1102368	1102368	0	2904256
RAIL	195	318	10	479
CORRELATION	246	0	131064	196854
SQUARE	126976	944
FOLD	491	719	719	1105443	1105443	0	2918654
RAIL	64	448	10	480
CORRELATION	246	0	131064	196854
SQUARE	127488	944
FOLD	492	720	720	1106979	1106979	0	2921003
RAIL	64	448	10	481
CORRELATION	247	0	131064	196854
SQUARE	127488	944
FOLD	493	722	722	1110054	1110054	0	2934855
RAIL	64	449	10	482
CORRELATION	247	0	131064	196854
SQUARE	128000	944
FOLD	494	723	723	1111593	1111593	0	2937349
RAIL	64	449	10	483
CORRELATION	248	0	131064	196854
SQUARE	128000	944
FOLD	495	725	725	1114668	1114668	0	2951865
RAIL	194	318	10	484
CORRELATION	248	0	131064	196854
SQUARE	128512	944
FOLD	496	726	726	1116204	1116204	0	2954814
RAIL	194	318	10	485
CORRELATION	249	0	131064	196854
SQUARE	128512	944
FOLD	497	728	728	1119279	1119279	0	2960599
RAIL	194	319	10	486
CORRELATION	249	0	131064	196854
SQUARE	129024	944
FOLD	498	729	729	1120818	1120818	0	2963181
RAIL	194	319	10	487
CORRELATION	250	0	131064	196854
SQUARE	129024	944
FOLD	499	731	731	1123893	1123893	0	2968859
RAIL	65	447	10	488
CORRELATION	250	0	131064	196854
SQUARE	129536	944
FOLD	500	732	732	1125429	1125429	0	2971285
RAIL	65	447	10	489
CORRELATION	251	0	131064	196854
SQUARE	129536	944
FOLD	501	734	734	1128504	1128504	0	2976899
RAIL	65	448	10	490
CORRELATION	251	0	131064	196854
SQUARE	130048	944
FOLD	502	735	735	1130043	1130043	0	2979392
RAIL	65	448	10	491
CORRELATION	252	0	131064	196854
SQUARE	130048	944
FOLD	503	737	737	1133118	1133118	0	2985445
RAIL	193	319	10	492
CORRELATION	252	0	131064	196854
SQUARE	130560	944
FOLD	504	738	738	1134654	1134654	0	2989784
RAIL	193	319	10	493
CORRELATION	253	1	131064	196854
SQUARE	130560	944
FOLD	504	738	738	1134654	1134654	0	2995382
RAIL	193	319	10	494
CORRELATION	253	1	131064	196854
SQUARE	131072	944
FOLD	505	740	740	1137729	1137729	0	2995398
RAIL	193	320	10	494
CORRELATION	253	1	131064	196854
SQUARE	131072	944
FOLD	506	741	741	1139268	1139268	0	3001454
RAIL	193	320	10	495
CORRELATION	254	3	131064	196854
SQUARE	131072	944
FOLD	507	743	743	1142343	1142343	0	3007131
RAIL	66	446	10	496
CORRELATION	254	3	131064	196854
SQUARE	131584	944
FOLD	508	744	744	1143879	1143879	0	3009172
RAIL	66	446	10	497
CORRELATION	255	3	131064	196854
SQUARE	131584	944
FOLD	509	746	746	1146954	1146954	0	3016489
RAIL	66	447	10	498
CORRELATION	255	3	131064	196854
SQUARE	132096	944
FOLD	509	746	746	1146954	1146954	0	3021908
RAIL	66	447	10	499
CORRELATION	256	5	131064	196854
SQUARE	132096	944
FOLD	510	747	747	1148493	1148493	0	3021922
RAIL	66	447	10	499
CORRELATION	256	5	131064	196854
SQUARE	132096	944
FOLD	511	749	749	1151568	1151568	0	3033028
RAIL	192	320	10	500
CORRELATION	256	5	131064	196854
SQUARE	132608	944
FOLD	512	750	750	1153104	1153104	0	3038524
RAIL	192	320	10	501
CORRELATION	257	7	131064	196854
SQUARE	132608	944
FOLD	513	752	752	1156179	1156179	0	3050727
RAIL	192	321	10	502
CORRELATION	257	7	131064	196854
SQUARE	133120	944
FOLD	514	753	753	1157718	1157718	0	3053160
RAIL	192	321	10	503
CORRELATION	258	7	131064	196854
SQUARE	133120	944
FOLD	515	755	755	1160793	1160793	0	3058683
RAIL	67	445	10	504
CORRELATION	258	7	131064	196854
SQUARE	133632	944
FOLD	516	756	756	1162329	1162329	0	3060698
RAIL	67	445	10	505
CORRELATION	259	7	131064	196854
SQUARE	133632	944
FOLD	517	758	758	1165404	1165404	0	3066417
RAIL	67	446	10	506
CORRELATION	259	7	131064	196854
SQUARE	134144	944
FOLD	518	759	759	1166943	1166943	0	3072855
RAIL	67	446	10	507
CORRELATION	260	9	131064	196854
SQUARE	134144	944
FOLD	519	761	761	1170018	1170018	0	3078588
RAIL	191	321	10	508
CORRELATION	260	9	131064	196854
SQUARE	134656	944
FOLD	520	762	762	1171554	1171554	0	3083807
RAIL	191	321	10	509
CORRELATION	261	11	131064	196854
SQUARE	134656	944
FOLD	521	764	764	1174629	1174629	0	3089394
RAIL	191	322	10	510
CORRELATION	261	11	131064	196854
SQUARE	135168	944
FOLD	522	765	765	1176168	1176168	0	3091480
RAIL	191	322	10	511
CORRELATION	262	11	131064	196854
SQUARE	135168	944
FOLD	523	767	767	1179243	1179243	0	3096958
RAIL	68	444	10	512
CORRELATION	262	11	131064	196854
SQUARE	135680	944
FOLD	524	768	768	1180779	1180779	0	3101877
RAIL	68	444	10	513
CORRELATION	263	13	131064	196854
SQUARE	135680	944
FOLD	525	770	770	1183854	1183854	0	3107214
RAIL	68	445	10	514
CORRELATION	263	13	131064	196854
SQUARE	136192	944
FOLD	526	771	771	1185393	1185393	0	3115913
RAIL	68	445	10	515
CORRELATION	264	15	131064	196854
SQUARE	136192	944
FOLD	527	773	773	1188468	1188468	0	3123396
RAIL	190	322	10	516
CORRELATION	264	15	131064	196854
SQUARE	136704	944
FOLD	528	774	774	1190004	1190004	0	3125840
RAIL	190	322	10	517
CORRELATION	265	15	131064	196854
SQUARE	136704	944
FOLD	529	776	776	1193079	1193079	0	3133348
RAIL	190	323	10	518
CORRELATION	265	15	131064	196854
SQUARE	137216	944
FOLD	530	777	777	1194618	1194618	0	3135551
RAIL	190	323	10	519
CORRELATION	266	15	131064	196854
SQUARE	137216	944
FOLD	531	779	779	1197693	1197693	0	3142834
RAIL	69	443	10	520
CORRELATION	266	15	131064	196854
SQUARE	137728	944
FOLD	532	780	780	1199229	1199229	0	3145607
RAIL	69	443	10	521
CORRELATION	267	15	131064	196854
SQUARE	137728	944
FOLD	533	782	782	1202304	1202304	0	3151556
RAIL	69	444	10	522
CORRELATION	267	15	131064	196854
SQUARE	138240	944
FOLD	534	783	783	1203843	1203843	0	3158586
RAIL	69	444	10	523
CORRELATION	268	17	131064	196854
SQUARE	138240	944
FOLD	535	785	785	1206918	1206918	0	3164180
RAIL	189	323	10	524
CORRELATION	268	17	131064	196854
SQUARE	138752	944
FOLD	536	786	786	1208454	1208454	0	3171202
RAIL	189	323	10	525
CORRELATION	269	19	131064	196854
SQUARE	138752	944
FOLD	537	788	788	1211529	1211529	0	3176886
RAIL	189	324	10	526
CORRELATION	269	19	131064	196854
SQUARE	139264	944
FOLD	538	789	789	1213068	1213068	0	3179466
RAIL	189	324	10	527
CORRELATION	270	19	131064	196854
SQUARE	139264	944
FOLD	539	791	791	1216143	1216143	0	3185082
RAIL	70	442	10	528
CORRELATION	270	19	131064	196854
SQUARE	139776	944
FOLD	540	792	792	1217679	1217679	0	3192057
RAIL	70	442	10	529
CORRELATION	271	21	131064	196854
SQUARE	139776	944
FOLD	541	794	794	1220754	1220754	0	3199328
RAIL	70	443	10	530
CORRELATION	271	21	131064	196854
SQUARE	140288	944
FOLD	542	795	795	1222293	1222293	0	3204336
RAIL	70	443	10	531
CORRELATION	272	23	131064	196854
SQUARE	140288	944
FOLD	543	797	797	1225368	1225368	0	3210014
RAIL	188	324	10	532
CORRELATION	272	23	131064	196854
SQUARE	140800	944
FOLD	544	798	798	1226904	1226904	0	3212181
RAIL	188	324	10	533
CORRELATION	273	23	131064	196854
SQUARE	140800	944
FOLD	545	800	800	1229979	1229979	0	3218028
RAIL	188	325	10	534
CORRELATION	273	23	131064	196854
SQUARE	141312	944
FOLD	546	801	801	1231518	1231518	0	3220643
RAIL	188	325	10	535
CORRELATION	274	23	131064	196854
SQUARE	141312	944
FOLD	547	803	803	1234593	1234593	0	3226669
RAIL	71	441	10	536
CORRELATION	274	23	131064	196854
SQUARE	141824	944
FOLD	548	804	804	1236129	1236129	0	3232505
RAIL	71	441	10	537
CORRELATION	275	25	131064	196854
SQUARE	141824	944
FOLD	549	806	806	1239204	1239204	0	3238397
RAIL	71	442	10	538
CORRELATION	275	25	131064	196854
SQUARE	142336	944
FOLD	550	807	807	1240743	1240743	0	3243185
RAIL	71	442	10	539
CORRELATION	276	27	131064	196854
SQUARE	142336	944
FOLD	551	809	809	1243818	1243818	0	3251405
RAIL	187	325	10	540
CORRELATION	276	27	131064	196854
SQUARE	142848	944
FOLD	552	810	810	1245354	1245354	0	3253981
RAIL	187	325	10	541
CORRELATION	277	27	131064	196854
SQUARE	142848	944
FOLD	553	812	812	1248429	1248429	0	3261866
RAIL	187	326	10	542
CORRELATION	277	27	131064	196854
SQUARE	143360	944
FOLD	554	813	813	1249968	1249968	0	3269149
RAIL	187	326	10	543
CORRELATION	278	29	131064	196854
SQUARE	143360	944
FOLD	555	815	815	1253043	1253043	0	3283531
RAIL	72	440	10	544
CORRELATION	278	29	131064	196854
SQUARE	143872	944
FOLD	556	816	816	1254579	1254579	0	3290103
RAIL	72	440	10	545
CORRELATION	279	31	131064	196854
SQUARE	143872	944
FOLD	557	818	818	1257654	1257654	0	3303006
RAIL	72	441	10	546
CORRELATION	279	31	131064	196854
SQUARE	144384	944
FOLD	558	819	819	1259193	1259193	0	3305015
RAIL	72	441	10	547
CORRELATION	280	31	131064	196854
SQUARE	144384	944
FOLD	559	821	821	1262268	1262268	0	3317910
RAIL	186	326	10	548
CORRELATION	280	31	131064	196854
SQUARE	144896	944
FOLD	560	822	822	1263804	1263804	0	3320346
RAIL	186	326	10	549
CORRELATION	281	31	131064	196854
SQUARE	144896	944
FOLD	561	824	824	1266879	1266879	0	3327959
RAIL	186	327	10	550
CORRELATION	281	31	131064	196854
SQUARE	145408	944
FOLD	562	825	825	1268418	1268418	0	3330353
RAIL	186	327	10	551
CORRELATION	282	31	131064	196854
SQUARE	145408	944
FOLD	563	827	827	1271493	1271493	0	3335884
RAIL	73	439	10	552
CORRELATION	282	31	131064	196854
SQUARE	145920	944
FOLD	564	828	828	1273029	1273029	0	3338419
RAIL	73	439	10	553
CORRELATION	283	31	131064	196854
SQUARE	145920	944
FOLD	565	830	830	1276104	1276104	0	3344004
RAIL	73	440	10	554
CORRELATION	283	31	131064	196854
SQUARE	146432	944
FOLD	566	831	831	1277643	1277643	0	3346431
RAIL	73	440	10	555
CORRELATION	284	31	131064	196854
SQUARE	146432	944
FOLD	567	833	833	1280718	1280718	0	3352174
RAIL	185	327	10	556
CORRELATION	284	31	131064	196854
SQUARE	146944	944
FOLD	568	834	834	1282254	1282254	0	3354380
RAIL	185	327	10	557
CORRELATION	285	31	131064	196854
SQUARE	146944	944
FOLD	569	836	836	1285329	1285329	0	3360368
RAIL	185	328	10	558
CORRELATION	285	31	131064	196854
SQUARE	147456	944
FOLD	570	837	837	1286868	1286868	0	3367982
RAIL	185	328	10	559
CORRELATION	286	34	131064	196854
SQUARE	147456	944
FOLD	571	839	839	1289943	1289943	0	3374805
RAIL	74	438	10	560
CORRELATION	286	34	131064	196854
SQUARE	147968	944
FOLD	572	840	840	1291479	1291479	0	3377750
RAIL	74	438	10	561
CORRELATION	287	34	131064	196854
SQUARE	147968	944
FOLD	573	842	842	1294554	1294554	0	3384590
RAIL	74	439	10	562
CORRELATION	287	34	131064	196854
SQUARE	148480	944
FOLD	574	843	843	1296093	1296093	0	3389338
RAIL	74	439	10	563
CORRELATION	288	36	131064	196854
SQUARE	148480	944
FOLD	575	845	845	1299168	1299168	0	3395855
RAIL	184	328	10	564
CORRELATION	288	36	131064	196854
SQUARE	148992	944
FOLD	576	846	846	1300704	1300704	0	3398387
RAIL	184	328	10	565
CORRELATION	289	36	131064	196854
SQUARE	148992	944
FOLD	577	848	848	1303779	1303779	0	3404056
RAIL	184	329	10	566
CORRELATION	289	36	131064	196854
SQUARE	149504	944
FOLD	578	849	849	1305318	1305318	0	3407299
RAIL	184	329	10	567
CORRELATION	290	36	131064	196854
SQUARE	149504	944
FOLD	579	851	851	1308393	1308393	0	3413061
RAIL	75	437	10	568
CORRELATION	290	36	131064	196854
SQUARE	150016	944
FOLD	580	852	852	1309929	1309929	0	3418673
RAIL	75	437	10	569
CORRELATION	291	38	131064	196854
SQUARE	150016	944
FOLD	581	854	854	1313004	1313004	0	3425511
RAIL	75	438	10	570
CORRELATION	291	38	131064	196854
SQUARE	150528	944
FOLD	582	855	855	1314543	1314543	0	3431204
RAIL	75	438	10	571
CORRELATION	292	40	131064	196854
SQUARE	150528	944
FOLD	583	857	857	1317618	1317618	0	3436714
RAIL	183	329	10	572
CORRELATION	292	40	131064	196854
SQUARE	151040	944
FOLD	584	858	858	1319154	1319154	0	3439343
RAIL	183	329	10	573
CORRELATION	293	40	131064	196854
SQUARE	151040	944
FOLD	585	860	860	1322229	1322229	0	3445850
RAIL	183	330	10	574
CORRELATION	293	40	131064	196854
SQUARE	151552	944
FOLD	586	861	861	1323768	1323768	0	3452291
RAIL	183	330	10	575
CORRELATION	294	42	131064	196854
SQUARE	151552	944
FOLD	587	863	863	1326843	1326843	0	3458157
RAIL	76	436	10	576
CORRELATION	294	42	131064	196854
SQUARE	152064	944
FOLD	588	864	864	1328379	1328379	0	3464061
RAIL	76	436	10	577
CORRELATION	295	44	131064	196854
SQUARE	152064	944
FOLD	589	866	866	1331454	1331454	0	3469609
RAIL	76	437	10	578
CORRELATION	295	44	131064	196854
SQUARE	152576	944
FOLD	590	867	867	1332993	1332993	0	3471774
RAIL	76	437	10	579
CORRELATION	296	44	131064	196854
SQUARE	152576	944
FOLD	591	869	869	1336068	1336068	0	3477317
RAIL	182	330	10	580
CORRELATION	296	44	131064	196854
SQUARE	153088	944
FOLD	592	870	870	1337604	1337604	0	3479504
RAIL	182	330	10	581
CORRELATION	297	44	131064	196854
SQUARE	153088	944
FOLD	593	872	872	1340679	1340679	0	3490412
RAIL	182	331	10	582
CORRELATION	297	44	131064	196854
SQUARE	153600	944
FOLD	594	873	873	1342218	1342218	0	3493114
RAIL	182	331	10	583
CORRELATION	298	44	131064	196854
SQUARE	153600	944
FOLD	595	875	875	1345293	1345293	0	3498760
RAIL	77	435	10	584
CORRELATION	298	44	131064	196854
SQUARE	154112	944
FOLD	596	876	876	1346829	1346829	0	3506453
RAIL	77	435	10	585
CORRELATION	299	46	131064	196854
SQUARE	154112	944
FOLD	597	878	878	1349904	1349904	0	3512104
RAIL	77	436	10	586
CORRELATION	299	46	131064	196854
SQUARE	154624	944
FOLD	598	879	879	1351443	1351443	0	3517778
RAIL	77	436	10	587
CORRELATION	300	48	131064	196854
SQUARE	154624	944
FOLD	599	881	881	1354518	1354518	0	3523543
RAIL	181	331	10	588
CORRELATION	300	48	131064	196854
SQUARE	155136	944
FOLD	600	882	882	1356054	1356054	0	3527902
RAIL	181	331	10	589
CORRELATION	301	50	131064	196854
SQUARE	155136	944
FOLD	601	884	884	1359129	1359129	0	3533849
RAIL	181	332	10	590
CORRELATION	301	50	131064	196854
SQUARE	155648	944
FOLD	602	885	885	1360668	1360668	0	3536176
RAIL	181	332	10	591
CORRELATION	302	50	131064	196854
SQUARE	155648	944
FOLD	603	887	887	1363743	1363743	0	3541944
RAIL	78	434	10	592
CORRELATION	302	50	131064	196854
SQUARE	156160	944
FOLD	604	888	888	1365279	1365279	0	3544826
RAIL	78	434	10	593
CORRELATION	303	50	131064	196854
SQUARE	156160	944
FOLD	605	890	890	1368354	1368354	0	3550502
RAIL	78	435	10	594
CORRELATION	303	50	131064	196854
SQUARE	156672	944
FOLD	606	891	891	1369893	1369893	0	3557799
RAIL	78	435	10	595
CORRELATION	304	52	131064	196854
SQUARE	156672	944
FOLD	607	893	893	1372968	1372968	0	3564356
RAIL	180	332	10	596
CORRELATION	304	52	131064	196854
SQUARE	157184	944
FOLD	608	894	894	1374504	1374504	0	3570569
RAIL	180	332	10	597
CORRELATION	305	54	131064	196854
SQUARE	157184	944
FOLD	609	896	896	1377579	1377579	0	3577399
RAIL	180	333	10	598
CORRELATION	305	54	131064	196854
SQUARE	157696	944
FOLD	610	897	897	1379118	1379118	0	3581832
RAIL	180	333	10	599
CORRELATION	306	56	131064	196854
SQUARE	157696	944
FOLD	611	899	899	1382193	1382193	0	3588650
RAIL	79	433	10	600
CORRELATION	306	56	131064	196854
SQUARE	158208	944
FOLD	612	900	900	1383729	1383729	0	3590578
RAIL	79	433	10	601
CORRELATION	307	56	131064	196854
SQUARE	158208	944
FOLD	613	902	902	1386804	1386804	0	3596186
RAIL	79	434	10	602
CORRELATION	307	56	131064	196854
SQUARE	158720	944
FOLD	614	903	903	1388343	1388343	0	3598465
RAIL	79	434	10	603
CORRELATION	308	56	131064	196854
SQUARE	158720	944
FOLD	615	905	905	1391418	1391418	0	3603748
RAIL	179	333	10	604
CORRELATION	308	56	131064	196854
SQUARE	159232	944
FOLD	616	906	906	1392954	1392954	0	3606813
RAIL	179	333	10	605
CORRELATION	309	56	131064	196854
SQUARE	159232	944
FOLD	617	908	908	1396029	1396029	0	3612289
RAIL	179	334	10	606
CORRELATION	309	56	131064	196854
SQUARE	159744	944
FOLD	618	909	909	1397568	1397568	0	3619272
RAIL	179	334	10	607
CORRELATION	310	58	131064	196854
SQUARE	159744	944
FOLD	619	911	911	1400643	1400643	0	3624739
RAIL	80	432	10	608
CORRELATION	310	58	131064	196854
SQUARE	160256	944
FOLD	620	912	912	1402179	1402179	0	3630333
RAIL	80	432	10	609
CORRELATION	311	60	131064	196854
SQUARE	160256	944
FOLD	621	914	914	1405254	1405254	0	3635584
RAIL	80	433	10	610
CORRELATION	311	60	131064	196854
SQUARE	160768	944
FOLD	622	915	915	1406793	1406793	0	3638441
RAIL	80	433	10	611
CORRELATION	312	60	131064	196854
SQUARE	160768	944
FOLD	623	917	917	1409868	1409868	0	3643797
RAIL	178	334	10	612
CORRELATION	312	60	131064	196854
SQUARE	161280	944
FOLD	624	918	918	1411404	1411404	0	3649778
RAIL	178	334	10	613
CORRELATION	313	63	131064	196854
SQUARE	161280	944
FOLD	625	920	920	1414479	1414479	0	3655325
RAIL	178	335	10	614
CORRELATION	313	63	131064	196854
SQUARE	161792	944
FOLD	626	921	921	1416018	1416018	0	3657404
RAIL	178	335	10	615
CORRELATION	314	63	131064	196854
SQUARE	161792	944
FOLD	627	923	923	1419093	1419093	0	3663064
RAIL	81	431	10	616
CORRELATION	314	63	131064	196854
SQUARE	162304	944
FOLD	628	924	924	1420629	1420629	0	3665980
RAIL	81	431	10	617
CORRELATION	315	63	131064	196854
SQUARE	162304	944
FOLD	629	926	926	1423704	1423704	0	3673196
RAIL	81	432	10	618
CORRELATION	315	63	131064	196854
SQUARE	162816	944
FOLD	630	927	927	1425243	1425243	0	3679323
RAIL	81	432	10	619
CORRELATION	316	65	131064	196854
SQUARE	162816	944
FOLD	631	929	929	1428318	1428318	0	3684858
RAIL	177	335	10	620
CORRELATION	316	65	131064	196854
SQUARE	163328	944
FOLD	632	930	930	1429854	1429854	0	3689346
RAIL	177	335	10	621
CORRELATION	317	67	131064	196854
SQUARE	163328	944
FOLD	633	932	932	1432929	1432929	0	3695279
RAIL	177	336	10	622
CORRELATION	317	67	131064	196854
SQUARE	163840	944
FOLD	634	933	933	1434468	1434468	0	3697798
RAIL	177	336	10	623
CORRELATION	318	67	131064	196854
SQUARE	163840	944
FOLD	635	935	935	1437543	1437543	0	3703444
RAIL	82	430	10	624
CORRELATION	318	67	131064	196854
SQUARE	164352	944
FOLD	636	936	936	1439079	1439079	0	3713471
RAIL	82	430	10	625
CORRELATION	319	70	131064	196854
SQUARE	164352	944
FOLD	637	938	938	1442154	1442154	0	3718956
RAIL	82	431	10	626
CORRELATION	319	70	131064	196854
SQUARE	164864	944
FOLD	638	939	939	1443693	1443693	0	3720868
RAIL	82	431	10	627
CORRELATION	320	70	131064	196854
SQUARE	164864	944
FOLD	639	941	941	1446768	1446768	0	3726369
RAIL	176	336	10	628
CORRELATION	320	70	131064	196854
SQUARE	165376	944
FOLD	640	942	942	1448304	1448304	0	3728714
RAIL	176	336	10	629
CORRELATION	321	70	131064	196854
SQUARE	165376	944
FOLD	641	944	944	1451379	1451379	0	3734292
RAIL	176	337	10	630
CORRELATION	321	70	131064	196854
SQUARE	165888	944
FOLD	642	945	945	1452918	1452918	0	3736396
RAIL	176	337	10	631
CORRELATION	322	70	131064	196854
SQUARE	165888	944
FOLD	643	947	947	1455993	1455993	0	3741737
RAIL	83	429	10	632
CORRELATION	322	70	131064	196854
SQUARE	166400	944
FOLD	644	948	948	1457529	1457529	0	3744244
RAIL	83	429	10	633
CORRELATION	323	70	131064	196854
SQUARE	166400	944
FOLD	645	950	950	1460604	1460604	0	3749596
RAIL	83	430	10	634
CORRELATION	323	70	131064	196854
SQUARE	166912	944
FOLD	646	951	951	1462143	1462143	0	3751693
RAIL	83	430	10	635
CORRELATION	324	70	131064	196854
SQUARE	166912	944
FOLD	647	953	953	1465218	1465218	0	3758714
RAIL	175	337	10	636
CORRELATION	324	70	131064	196854
SQUARE	167424	944
FOLD	648	954	954	1466754	1466754	0	3761074
RAIL	175	337	10	637
CORRELATION	325	70	131064	196854
SQUARE	167424	944
FOLD	649	956	956	1469829	1469829	0	3768554
RAIL	175	338	10	638
CORRELATION	325	70	131064	196854
SQUARE	167936	944
FOLD	650	957	957	1471368	1471368	0	3771164
RAIL	175	338	10	639
CORRELATION	326	70	131064	196854
SQUARE	167936	944
FOLD	651	959	959	1474443	1474443	0	3778207
RAIL	84	428	10	640
CORRELATION	326	70	131064	196854
SQUARE	168448	944
FOLD	652	960	960	1475979	1475979	0	3782803
RAIL	84	428	10	641
CORRELATION	327	72	131064	196854
SQUARE	168448	944
FOLD	653	962	962	1479054	1479054	0	3788370
RAIL	84	429	10	642
CORRELATION	327	72	131064	196854
SQUARE	168960	944
FOLD	654	963	963	1480593	1480593	0	3790491
RAIL	84	429	10	643
CORRELATION	328	72	131064	196854
SQUARE	168960	944
FOLD	655	965	965	1483668	1483668	0	3796113
RAIL	174	338	10	644
CORRELATION	328	72	131064	196854
SQUARE	169472	944
FOLD	656	966	966	1485204	1485204	0	3817007
RAIL	174	338	10	645
CORRELATION	329	74	131064	196854
SQUARE	169472	944
FOLD	657	968	968	1488279	1488279	0	3822768
RAIL	174	339	10	646
CORRELATION	329	74	131064	196854
SQUARE	169984	944
FOLD	658	969	969	1489818	1489818	0	3824850
RAIL	174	339	10	647
CORRELATION	330	74	131064	196854
SQUARE	169984	944
FOLD	659	971	971	1492893	1492893	0	3830827
RAIL	85	427	10	648
CORRELATION	330	74	131064	196854
SQUARE	170496	944
FOLD	660	972	972	1494429	1494429	0	3851382
RAIL	85	427	10	649
CORRELATION	331	76	131064	196854
SQUARE	170496	944
FOLD	661	974	974	1497504	1497504	0	3857111
RAIL	85	428	10	650
CORRELATION	331	76	131064	196854
SQUARE	171008	944
FOLD	662	975	975	1499043	1499043	0	3876735
RAIL	85	428	10	651
CORRELATION	332	78	131064	196854
SQUARE	171008	944
FOLD	663	977	977	1502118	1502118	0	3882388
RAIL	173	339	10	652
CORRELATION	332	78	131064	196854
SQUARE	171520	944
FOLD	664	978	978	1503654	1503654	0	3884569
RAIL	173	339	10	653
CORRELATION	333	78	131064	196854
SQUARE	171520	944
FOLD	665	980	980	1506729	1506729	0	3890575
RAIL	173	340	10	654
CORRELATION	333	78	131064	196854
SQUARE	172032	944
FOLD	666	981	981	1508268	1508268	0	3897819
RAIL	173	340	10	655
CORRELATION	334	81	131064	196854
SQUARE	172032	944
FOLD	667	983	983	1511343	1511343	0	3903752
RAIL	86	426	10	656
CORRELATION	334	81	131064	196854
SQUARE	172544	944
FOLD	668	984	984	1512879	1512879	0	3905906
RAIL	86	426	10	657
CORRELATION	335	81	131064	196854
SQUARE	172544	944
FOLD	669	986	986	1515954	1515954	0	3912091
RAIL	86	427	10	658
CORRELATION	335	81	131064	196854
SQUARE	173056	944
FOLD	670	987	987	1517493	1517493	0	3914366
RAIL	86	427	10	659
CORRELATION	336	81	131064	196854
SQUARE	173056	944
FOLD	671	989	989	1520568	1520568	0	3920203
RAIL	172	340	10	660
CORRELATION	336	81	131064	196854
SQUARE	173568	944
FOLD	672	990	990	1522104	1522104	0	3922762
RAIL	172	340	10	661
CORRELATION	337	81	131064	196854
SQUARE	173568	944
FOLD	673	992	992	1525179	1525179	0	3933499
RAIL	172	341	10	662
CORRELATION	337	81	131064	196854
SQUARE	174080	944
FOLD	674	993	993	1526718	1526718	0	3936087
RAIL	172	341	10	663
CORRELATION	338	81	131064	196854
SQUARE	174080	944
FOLD	675	995	995	1529793	1529793	0	3941873
RAIL	87	425	10	664
CORRELATION	338	81	131064	196854
SQUARE	174592	944
FOLD	676	996	996	1531329	1531329	0	3965677
RAIL	87	425	10	665
CORRELATION	339	83	131064	196854
SQUARE	174592	944
FOLD	677	998	998	1534404	1534404	0	3971501
RAIL	87	426	10	666
CORRELATION	339	83	131064	196854
SQUARE	175104	944
FOLD	678	999	999	1535943	1535943	0	3973489
RAIL	87	426	10	667
CORRELATION	340	84	131064	196854
SQUARE	175104	944
FOLD	679	1001	1001	1539018	1539018	0	3978961
RAIL	171	341	10	668
CORRELATION	340	84	131064	196854
SQUARE	175616	944
FOLD	680	1002	1002	1540554	1540554	0	4021253
RAIL	171	341	10	669
CORRELATION	341	86	131064	196854
SQUARE	175616	944
FOLD	681	1004	1004	1543629	1543629	0	4027541
RAIL	171	342	10	670
CORRELATION	341	86	131064	196854
SQUARE	176128	944
FOLD	682	1005	1005	1545168	1545168	0	4031040
RAIL	171	342	10	671
CORRELATION	342	88	131064	196854
SQUARE	176128	944
FOLD	683	1007	1007	1548243	1548243	0	4036760
RAIL	88	424	10	672
CORRELATION	342	88	131064	196854
SQUARE	176640	944
FOLD	684	1008	1008	1549779	1549779	0	4039371
RAIL	88	424	10	673
CORRELATION	343	88	131064	196854
SQUARE	176640	944
FOLD	685	1010	1010	1552854	1552854	0	4044790
RAIL	88	425	10	674
CORRELATION	343	88	131064	196854
SQUARE	177152	946
FOLD	686	1011	1011	1554393	1554393	0	4046945
RAIL	88	425	10	675
CORRELATION	344	88	131064	196854
SQUARE	177152	946
FOLD	687	1013	1013	1557468	1557468	0	4052583
RAIL	170	342	10	676
CORRELATION	344	88	131064	196854
SQUARE	177664	946
FOLD	688	1014	1014	1559004	1559004	0	4100751
RAIL	170	342	10	677
CORRELATION	345	90	131064	196854
SQUARE	177664	946
FOLD	689	1016	1016	1562079	1562079	0	4106783
RAIL	170	343	10	678
CORRELATION	345	90	131064	196854
SQUARE	178176	946
FOLD	690	1017	1017	1563618	1563618	0	4142844
RAIL	170	343	10	679
CORRELATION	346	92	131064	196854
SQUARE	178176	946
FOLD	691	1019	1019	1566693	1566693	0	4149336
RAIL	89	423	10	680
CORRELATION	346	92	131064	196854
SQUARE	178688	946
FOLD	692	1020	1020	1568229	1568229	0	4153085
RAIL	89	423	10	681
CORRELATION	347	94	131064	196854
SQUARE	178688	946
FOLD	693	1022	1022	1571304	1571304	0	4159226
RAIL	89	424	10	682
CORRELATION	347	94	131064	196854
SQUARE	179200	946
FOLD	694	1023	1023	1572843	1572843	0	4161711
RAIL	89	424	10	683
CORRELATION	348	94	131064	196854
SQUARE	179200	946
FOLD	695	1025	1025	1575918	1575918	0	4167721
RAIL	169	343	10	684
CORRELATION	348	94	131064	196854
SQUARE	179712	946
FOLD	696	1026	1026	1577454	1577454	0	4171123
RAIL	169	343	10	685
CORRELATION	349	94	131064	196854
SQUARE	179712	946
FOLD	697	1028	1028	1580529	1580529	0	4177138
RAIL	169	344	10	686
CORRELATION	349	94	131064	196854
SQUARE	180224	946
FOLD	698	1029	1029	1582068	1582068	0	4213989
RAIL	169	344	10	687
CORRELATION	350	96	131064	196854
SQUARE	180224	946
FOLD	699	1031	1031	1585143	1585143	0	4219773
RAIL	90	422	10	688
CORRELATION	350	96	131064	196854
SQUARE	180736	946
FOLD	700	1032	1032	1586679	1586679	0	4221701
RAIL	90	422	10	689
CORRELATION	351	97	131064	196854
SQUARE	180736	946
FOLD	701	1034	1034	1589754	1589754	0	4227242
RAIL	90	423	10	690
CORRELATION	351	97	131064	196854
SQUARE	181248	946
FOLD	702	1035	1035	1591293	1591293	0	4229232
RAIL	90	423	10	691
CORRELATION	352	98	131064	196854
SQUARE	181248	946
FOLD	703	1037	1037	1594368	1594368	0	4234880
RAIL	168	344	10	692
CORRELATION	352	98	131064	196854
SQUARE	181760	946
FOLD	704	1038	1038	1595904	1595904	0	4238348
RAIL	168	344	10	693
CORRELATION	353	100	131064	196854
SQUARE	181760	946
FOLD	705	1040	1040	1598979	1598979	0	4243881
RAIL	168	345	10	694
CORRELATION	353	100	131064	196854
SQUARE	182272	946
FOLD	706	1041	1041	1600518	1600518	0	4247036
RAIL	168	345	10	695
CORRELATION	354	100	131064	196854
SQUARE	182272	946
FOLD	707	1043	1043	1603593	1603593	0	4252715
RAIL	91	421	10	696
CORRELATION	354	100	131064	196854
SQUARE	182784	946
FOLD	708	1044	1044	1605129	1605129	0	4254722
RAIL	91	421	10	697
CORRELATION	355	100	131064	196854
SQUARE	182784	946
FOLD	709	1046	1046	1608204	1608204	0	4260155
RAIL	91	422	10	698
CORRELATION	355	100	131064	196854
SQUARE	183296	946
FOLD	710	1047	1047	1609743	1609743	0	4307327
RAIL	91	422	10	699
CORRELATION	356	102	131064	196854
SQUARE	183296	946
FOLD	711	1049	1049	1612818	1612818	0	4313073
RAIL	167	345	10	700
CORRELATION	356	102	131064	196854
SQUARE	183808	946
FOLD	712	1050	1050	1614354	1614354	0	4362998
RAIL	167	345	10	701
CORRELATION	357	105	131064	196854
SQUARE	183808	946
FOLD	713	1052	1052	1617429	1617429	0	4368630
RAIL	167	346	10	702
CORRELATION	357	105	131064	196854
SQUARE	184320	946
FOLD	714	1053	1053	1618968	1618968	0	4370857
RAIL	167	346	10	703
CORRELATION	358	105	131064	196854
SQUARE	184320	946
FOLD	715	1055	1055	1622043	1622043	0	4376761
RAIL	92	420	10	704
CORRELATION	358	105	131064	196854
SQUARE	184832	946
FOLD	716	1056	1056	1623579	1623579	0	4379248
RAIL	92	420	10	705
CORRELATION	359	105	131064	196854
SQUARE	184832	946
FOLD	717	1058	1058	1626654	1626654	0	4386237
RAIL	92	421	10	706
CORRELATION	359	105	131064	196854
SQUARE	185344	946
FOLD	718	1059	1059	1628193	1628193	0	4388593
RAIL	92	421	10	707
CORRELATION	360	105	131064	196854
SQUARE	185344	946
FOLD	719	1061	1061	1631268	1631268	0	4394420
RAIL	166	346	10	708
CORRELATION	360	105	131064	196854
SQUARE	185856	946
FOLD	720	1062	1062	1632804	1632804	0	4397432
RAIL	166	346	10	709
CORRELATION	361	105	131064	196854
SQUARE	185856	946
FOLD	721	1064	1064	1635879	1635879	0	4403086
RAIL	166	347	10	710
CORRELATION	361	105	131064	196854
SQUARE	186368	946
FOLD	722	1065	1065	1637418	1637418	0	4430824
RAIL	166	347	10	711
CORRELATION	362	109	131064	196854
SQUARE	186368	946
FOLD	723	1067	1067	1640493	1640493	0	4436937
RAIL	93	419	10	712
CORRELATION	362	109	131064	196854
SQUARE	186880	946
FOLD	724	1068	1068	1642029	1642029	0	4440125
RAIL	93	419	10	713
CORRELATION	363	109	131064	196854
SQUARE	186880	946
FOLD	725	1070	1070	1645104	1645104	0	4445603
RAIL	93	420	10	714
CORRELATION	363	109	131064	196854
SQUARE	187392	946
FOLD	726	1071	1071	1646643	1646643	0	4447940
RAIL	93	420	10	715
CORRELATION	364	110	131064	196854
SQUARE	187392	946
FOLD	727	1073	1073	1649718	1649718	0	4453428
RAIL	165	347	10	716
CORRELATION	364	110	131064	196854
SQUARE	187904	946
FOLD	728	1074	1074	1651254	1651254	0	4478860
RAIL	165	347	10	717
CORRELATION	365	112	131064	196854
SQUARE	187904	946
FOLD	729	1076	1076	1654329	1654329	0	4484470
RAIL	165	348	10	718
CORRELATION	365	112	131064	196854
SQUARE	188416	946
FOLD	730	1077	1077	1655868	1655868	0	4511592
RAIL	165	348	10	719
CORRELATION	366	114	131064	196854
SQUARE	188416	946
FOLD	731	1079	1079	1658943	1658943	0	4517539
RAIL	94	418	10	720
CORRELATION	366	114	131064	196854
SQUARE	188928	946
FOLD	732	1080	1080	1660479	1660479	0	4521758
RAIL	94	418	10	721
CORRELATION	367	115	131064	196854
SQUARE	188928	946
FOLD	733	1082	1082	1663554	1663554	0	4527425
RAIL	94	419	10	722
CORRELATION	367	115	131064	196854
SQUARE	189440	946
FOLD	734	1083	1083	1665093	1665093	0	4529543
RAIL	94	419	10	723
CORRELATION	368	115	131064	196854
SQUARE	189440	946
FOLD	735	1085	1085	1668168	1668168	0	4535125
RAIL	164	348	10	724
CORRELATION	368	115	131064	196854
SQUARE	189952	946
FOLD	736	1086	1086	1669704	1669704	0	4562078
RAIL	164	348	10	725
CORRELATION	369	117	131064	196854
SQUARE	189952	946
FOLD	737	1088	1088	1672779	1672779	0	4567806
RAIL	164	349	10	726
CORRELATION	369	117	131064	196854
SQUARE	190464	946
FOLD	738	1089	1089	1674318	1674318	0	4571229
RAIL	164	349	10	727
CORRELATION	370	117	131064	196854
SQUARE	190464	946
FOLD	739	1091	1091	1677393	1677393	0	4576989
RAIL	95	417	10	728
CORRELATION	370	117	131064	196854
SQUARE	190976	946
FOLD	740	1092	1092	1678929	1678929	0	4628400
RAIL	95	417	10	729
CORRELATION	371	120	131064	196854
SQUARE	190976	946
FOLD	741	1094	1094	1682004	1682004	0	4635268
RAIL	95	418	10	730
CORRELATION	371	120	131064	196854
SQUARE	191488	946
FOLD	742	1095	1095	1683543	1683543	0	4637319
RAIL	95	418	10	731
CORRELATION	372	120	131064	196854
SQUARE	191488	946
FOLD	743	1097	1097	1686618	1686618	0	4642920
RAIL	163	349	10	732
CORRELATION	372	120	131064	196854
SQUARE	192000	946
FOLD	744	1098	1098	1688154	1688154	0	4646766
RAIL	163	349	10	733
CORRELATION	373	120	131064	196854
SQUARE	192000	946
FOLD	745	1100	1100	1691229	1691229	0	4653620
RAIL	163	350	10	734
CORRELATION	373	120	131064	196854
SQUARE	192512	946
FOLD	746	1101	1101	1692768	1692768	0	4656205
RAIL	163	350	10	735
CORRELATION	374	120	131064	196854
SQUARE	192512	946
FOLD	747	1103	1103	1695843	1695843	0	4662106
RAIL	96	416	10	736
CORRELATION	374	120	131064	196854
SQUARE	193024	946
FOLD	748	1104	1104	1697379	1697379	0	4665009
RAIL	96	416	10	737
CORRELATION	375	120	131064	196854
SQUARE	193024	946
FOLD	749	1106	1106	1700454	1700454	0	4670669
RAIL	96	417	10	738
CORRELATION	375	120	131064	196854
SQUARE	193536	946
FOLD	750	1107	1107	1701993	1701993	0	4673386
RAIL	96	417	10	739
CORRELATION	376	120	131064	196854
SQUARE	193536	946
FOLD	751	1109	1109	1705068	1705068	0	4679186
RAIL	162	350	10	740
CORRELATION	376	120	131064	196854
SQUARE	194048	946
FOLD	752	1110	1110	1706604	1706604	0	4703354
RAIL	162	350	10	741
CORRELATION	377	122	131064	196854
SQUARE	194048	946
FOLD	753	1112	1112	1709679	1709679	0	4709697
RAIL	162	351	10	742
CORRELATION	377	122	131064	196854
SQUARE	194560	946
FOLD	754	1113	1113	1711218	1711218	0	4712192
RAIL	162	351	10	743
CORRELATION	378	122	131064	196854
SQUARE	194560	946
FOLD	755	1115	1115	1714293	1714293	0	4717904
RAIL	97	415	10	744
CORRELATION	378	122	131064	196854
SQUARE	195072	946
FOLD	756	1116	1116	1715829	1715829	0	4720608
RAIL	97	415	10	745
CORRELATION	379	122	131064	196854
SQUARE	195072	946
FOLD	757	1118	1118	1718904	1718904	0	4726192
RAIL	97	416	10	746
CORRELATION	379	122	131064	196854
SQUARE	195584	946
FOLD	758	1119	1119	1720443	1720443	0	4799000
RAIL	97	416	10	747
CORRELATION	380	126	131064	196854
SQUARE	195584	946
FOLD	759	1121	1121	1723518	1723518	0	4806197
RAIL	161	351	10	748
CORRELATION	380	126	131064	196854
SQUARE	196096	946
FOLD	760	1122	1122	1725054	1725054	0	4808912
RAIL	161	351	10	749
CORRELATION	381	126	131064	196854
SQUARE	196096	946
FOLD	761	1124	1124	1728129	1728129	0	4816101
RAIL	161	352	10	750
CORRELATION	381	126	131064	196854
SQUARE	196608	946
FOLD	762	1125	1125	1729668	1729668	0	4865199
RAIL	161	352	10	751
CORRELATION	382	128	131064	196854
SQUARE	196608	946
FOLD	763	1127	1127	1732743	1732743	0	4872181
RAIL	98	414	10	752
CORRELATION	382	128	131064	196854
SQUARE	197120	946
FOLD	764	1128	1128	1734279	1734279	0	4920748
RAIL	98	414	10	753
CORRELATION	383	130	131064	196854
SQUARE	197120	946
FOLD	765	1130	1130	1737354	1737354	0	4926687
RAIL	98	415	10	754
CORRELATION	383	130	131064	196854
SQUARE	197632	946
FOLD	766	1131	1131	1738893	1738893	0	4929237
RAIL	98	415	10	755
CORRELATION	384	130	131064	196854
SQUARE	197632	946
FOLD	767	1133	1133	1741968	1741968	0	4935105
RAIL	160	352	10	756
CORRELATION	384	130	131064	196854
SQUARE	198144	946
FOLD	768	1134	1134	1743504	1743504	0	4937950
RAIL	160	352	10	757
CORRELATION	385	130	131064	196854
SQUARE	198144	946
FOLD	769	1136	1136	1746579	1746579	0	4948416
RAIL	160	353	10	758
CORRELATION	385	130	131064	196854
SQUARE	198656	946
FOLD	770	1137	1137	1748118	1748118	0	4953979
RAIL	160	353	10	759
CORRELATION	386	132	131064	196854
SQUARE	198656	946
FOLD	771	1139	1139	1751193	1751193	0	4962161
RAIL	99	413	10	760
CORRELATION	386	132	131064	196854
SQUARE	199168	946
FOLD	772	1140	1140	1752729	1752729	0	4965893
RAIL	99	413	10	761
CORRELATION	387	134	131064	196854
SQUARE	199168	946
FOLD	773	1142	1142	1755804	1755804	0	4978548
RAIL	99	414	10	762
CORRELATION	387	134	131064	196854
SQUARE	199680	946
FOLD	774	1143	1143	1757343	1757343	0	4986889
RAIL	99	414	10	763
CORRELATION	388	136	131064	196854
SQUARE	199680	946
FOLD	775	1145	1145	1760418	1760418	0	4994049
RAIL	159	353	10	764
CORRELATION	388	136	131064	196854
SQUARE	200192	946
FOLD	776	1146	1146	1761954	1761954	0	4997491
RAIL	159	353	10	765
CORRELATION	389	136	131064	196854
SQUARE	200192	946
FOLD	777	1148	1148	1765029	1765029	0	5004497
RAIL	159	354	10	766
CORRELATION	389	136	131064	196854
SQUARE	200704	946
FOLD	778	1149	1149	1766568	1766568	0	5006780
RAIL	159	354	10	767
CORRELATION	390	136	131064	196854
SQUARE	200704	946
FOLD	779	1151	1151	1769643	1769643	0	5012284
RAIL	100	412	10	768
CORRELATION	390	136	131064	196854
SQUARE	201216	946
FOLD	780	1152	1152	1771179	1771179	0	5016728
RAIL	100	412	10	769
CORRELATION	391	137	131064	196854
SQUARE	201216	946
FOLD	781	1154	1154	1774254	1774254	0	5023346
RAIL	100	413	10	770
CORRELATION	391	137	131064	196854
SQUARE	201728	946
FOLD	782	1155	1155	1775793	1775793	0	5026392
RAIL	100	413	10	771
CORRELATION	392	137	131064	196854
SQUARE	201728	946
FOLD	783	1157	1157	1778868	1778868	0	5031984
RAIL	158	354	10	772
CORRELATION	392	137	131064	196854
SQUARE	202240	946
FOLD	784	1158	1158	1780404	1780404	0	5081143
RAIL	158	354	10	773
CORRELATION	393	139	131064	196854
SQUARE	202240	946
FOLD	785	1160	1160	1783479	1783479	0	5088032
RAIL	158	355	10	774
CORRELATION	393	139	131064	196854
SQUARE	202752	946
FOLD	786	1161	1161	1785018	1785018	0	5113927
RAIL	158	355	10	775
CORRELATION	394	141	131064	196854
SQUARE	202752	946
FOLD	787	1163	1163	1788093	1788093	0	5120015
RAIL	101	411	10	776
CORRELATION	394	141	131064	196854
SQUARE	203264	946
FOLD	788	1164	1164	1789629	1789629	0	5123623
RAIL	101	411	10	777
CORRELATION	395	141	131064	196854
SQUARE	203264	946
FOLD	789	1166	1166	1792704	1792704	0	5130389
RAIL	101	412	10	778
CORRELATION	395	141	131064	196854
SQUARE	203776	946
FOLD	790	1167	1167	1794243	1794243	0	5133095
RAIL	101	412	10	779
CORRELATION	396	141	131064	196854
SQUARE	203776	946
FOLD	791	1169	1169	1797318	1797318	0	5138916
RAIL	157	355	10	780
CORRELATION	396	141	131064	196854
SQUARE	204288	946
FOLD	792	1170	1170	1798854	1798854	0	5169394
RAIL	157	355	10	781
CORRELATION	397	145	131064	196854
SQUARE	204288	946
FOLD	793	1172	1172	1801929	1801929	0	5176107
RAIL	157	356	10	782
CORRELATION	397	145	131064	196854
SQUARE	204800	946
FOLD	794	1173	1173	1803468	1803468	0	5178520
RAIL	157	356	10	783
CORRELATION	398	145	131064	196854
SQUARE	204800	946
FOLD	795	1175	1175	1806543	1806543	0	5183887
RAIL	102	410	10	784
CORRELATION	398	145	131064	196854
SQUARE	205312	946
FOLD	796	1176	1176	1808079	1808079	0	5187635
RAIL	102	410	10	785
CORRELATION	399	145	131064	196854
SQUARE	205312	946
FOLD	797	1178	1178	1811154	1811154	0	5194505
RAIL	102	411	10	786
CORRELATION	399	145	131064	196854
SQUARE	205824	946
FOLD	798	1179	1179	1812693	1812693	0	5196836
RAIL	102	411	10	787
CORRELATION	400	146	131064	196854
SQUARE	205824	946
FOLD	799	1181	1181	1815768	1815768	0	5202548
RAIL	156	356	10	788
CORRELATION	400	146	131064	196854
SQUARE	206336	946
FOLD	800	1182	1182	1817304	1817304	0	5206975
RAIL	156	356	10	789
CORRELATION	401	146	131064	196854
SQUARE	206336	946
FOLD	801	1184	1184	1820379	1820379	0	5213641
RAIL	156	357	10	790
CORRELATION	401	146	131064	196854
SQUARE	206848	946
FOLD	802	1185	1185	1821918	1821918	0	5261854
RAIL	156	357	10	791
CORRELATION	402	148	131064	196854
SQUARE	206848	946
FOLD	803	1187	1187	1824993	1824993	0	5267317
RAIL	103	409	10	792
CORRELATION	402	148	131064	196854
SQUARE	207360	946
FOLD	804	1188	1188	1826529	1826529	0	5271469
RAIL	103	409	10	793
CORRELATION	403	150	131064	196854
SQUARE	207360	946
FOLD	805	1190	1190	1829604	1829604	0	5279278
RAIL	103	410	10	794
CORRELATION	403	150	131064	196854
SQUARE	207872	946
FOLD	806	1191	1191	1831143	1831143	0	5282047
RAIL	103	410	10	795
CORRELATION	404	150	131064	196854
SQUARE	207872	946
FOLD	807	1193	1193	1834218	1834218	0	5287647
RAIL	155	357	10	796
CORRELATION	404	150	131064	196854
SQUARE	208384	946
FOLD	808	1194	1194	1835754	1835754	0	5290629
RAIL	155	357	10	797
CORRELATION	405	150	131064	196854
SQUARE	208384	946
FOLD	809	1196	1196	1838829	1838829	0	5297570
RAIL	155	358	10	798
CORRELATION	405	150	131064	196854
SQUARE	208896	946
FOLD	810	1197	1197	1840368	1840368	0	5343800
RAIL	155	358	10	799
CORRELATION	406	153	131064	196854
SQUARE	208896	946
FOLD	811	1199	1199	1843443	1843443	0	5355112
RAIL	104	408	10	800
CORRELATION	406	153	131064	196854
SQUARE	209408	946
FOLD	812	1200	1200	1844979	1844979	0	5363855
RAIL	104	408	10	801
CORRELATION	407	154	131064	196854
SQUARE	209408	946
FOLD	813	1202	1202	1848054	1848054	0	5375382
RAIL	104	409	10	802
CORRELATION	407	154	131064	196854
SQUARE	209920	946
FOLD	814	1203	1203	1849593	1849593	0	5430460
RAIL	104	409	10	803
CORRELATION	408	157	131064	196854
SQUARE	209920	946
FOLD	815	1205	1205	1852668	1852668	0	5435907
RAIL	154	358	10	804
CORRELATION	408	157	131064	196854
SQUARE	210432	946
FOLD	816	1206	1206	1854204	1854204	0	5439191
RAIL	154	358	10	805
CORRELATION	409	157	131064	196854
SQUARE	210432	946
FOLD	817	1208	1208	1857279	1857279	0	5445632
RAIL	154	359	10	806
CORRELATION	409	157	131064	196854
SQUARE	210944	946
FOLD	818	1209	1209	1858818	1858818	0	5448207
RAIL	154	359	10	807
CORRELATION	410	157	131064	196854
SQUARE	210944	946
FOLD	819	1211	1211	1861893	1861893	0	5458950
RAIL	105	407	10	808
CORRELATION	410	157	131064	196854
SQUARE	211456	946
FOLD	820	1212	1212	1863429	1863429	0	5466424
RAIL	105	407	10	809
CORRELATION	411	157	131064	196854
SQUARE	211456	946
FOLD	821	1214	1214	1866504	1866504	0	5477344
RAIL	105	408	10	810
CORRELATION	411	157	131064	196854
SQUARE	211968	946
FOLD	822	1215	1215	1868043	1868043	0	5486883
RAIL	105	408	10	811
CORRELATION	412	158	131064	196854
SQUARE	211968	946
FOLD	823	1217	1217	1871118	1871118	0	5493891
RAIL	153	359	10	812
CORRELATION	412	158	131064	196854
SQUARE	212480	946
FOLD	824	1218	1218	1872654	1872654	0	5496903
RAIL	153	359	10	813
CORRELATION	413	158	131064	196854
SQUARE	212480	946
FOLD	825	1220	1220	1875729	1875729	0	5508108
RAIL	153	360	10	814
CORRELATION	413	158	131064	196854
SQUARE	212992	946
FOLD	826	1221	1221	1877268	1877268	0	5515907
RAIL	153	360	10	815
CORRELATION	414	158	131064	196854
SQUARE	212992	946
FOLD	827	1223	1223	1880343	1880343	0	5533565
RAIL	106	406	10	816
CORRELATION	414	158	131064	196854
SQUARE	213504	946
FOLD	828	1224	1224	1881879	1881879	0	5588233
RAIL	106	406	10	817
CORRELATION	415	160	131064	196854
SQUARE	213504	946
FOLD	829	1226	1226	1884954	1884954	0	5603396
RAIL	106	407	10	818
CORRELATION	415	160	131064	196854
SQUARE	214016	946
FOLD	830	1227	1227	1886493	1886493	0	5656649
RAIL	106	407	10	819
CORRELATION	416	162	131064	196854
SQUARE	214016	946
FOLD	831	1229	1229	1889568	1889568	0	5673846
RAIL	152	360	10	820
CORRELATION	416	162	131064	196854
SQUARE	214528	946
FOLD	832	1230	1230	1891104	1891104	0	5682260
RAIL	152	360	10	821
CORRELATION	417	162	131064	196854
SQUARE	214528	946
FOLD	833	1232	1232	1894179	1894179	0	5693100
RAIL	152	361	10	822
CORRELATION	417	162	131064	196854
SQUARE	215040	946
FOLD	834	1233	1233	1895718	1895718	0	5705405
RAIL	152	361	10	823
CORRELATION	418	164	131064	196854
SQUARE	215040	946
FOLD	835	1235	1235	1898793	1898793	0	5715687
RAIL	107	405	10	824
CORRELATION	418	164	131064	196854
SQUARE	215552	946
FOLD	836	1236	1236	1900329	1900329	0	5736393
RAIL	107	405	10	825
CORRELATION	419	166	131064	196854
SQUARE	215552	946
FOLD	837	1238	1238	1903404	1903404	0	5750098
RAIL	107	406	10	826
CORRELATION	419	166	131064	196854
SQUARE	216064	946
FOLD	838	1239	1239	1904943	1904943	0	5760459
RAIL	107	406	10	827
CORRELATION	420	166	131064	196854
SQUARE	216064	946
FOLD	839	1241	1241	1908018	1908018	0	5773340
RAIL	151	361	10	828
CORRELATION	420	166	131064	196854
SQUARE	216576	946
FOLD	840	1242	1242	1909554	1909554	0	5785542
RAIL	151	361	10	829
CORRELATION	421	168	131064	196854
SQUARE	216576	946
FOLD	841	1244	1244	1912629	1912629	0	5798770
RAIL	151	362	10	830
CORRELATION	421	168	131064	196854
SQUARE	217088	946
FOLD	842	1245	1245	1914168	1914168	0	5810932
RAIL	151	362	10	831
CORRELATION	422	170	131064	196854
SQUARE	217088	946
FOLD	843	1247	1247	1917243	1917243	0	5824125
RAIL	108	404	10	832
CORRELATION	422	170	131064	196854
SQUARE	217600	946
FOLD	844	1248	1248	1918779	1918779	0	5833527
RAIL	108	404	10	833
CORRELATION	423	170	131064	196854
SQUARE	217600	946
FOLD	845	1250	1250	1921854	1921854	0	5846936
RAIL	108	405	10	834
CORRELATION	423	170	131064	196854
SQUARE	218112	946
FOLD	846	1251	1251	1923393	1923393	0	5860664
RAIL	108	405	10	835
CORRELATION	424	171	131064	196854
SQUARE	218112	946
FOLD	847	1253	1253	1926468	1926468	0	5875522
RAIL	150	362	10	836
CORRELATION	424	171	131064	196854
SQUARE	218624	946
FOLD	848	1254	1254	1928004	1928004	0	5887691
RAIL	150	362	10	837
CORRELATION	425	173	131064	196854
SQUARE	218624	946
FOLD	849	1256	1256	1931079	1931079	0	5900414
RAIL	150	363	10	838
CORRELATION	425	173	131064	196854
SQUARE	219136	946
FOLD	850	1257	1257	1932618	1932618	0	5909090
RAIL	150	363	10	839
CORRELATION	426	173	131064	196854
SQUARE	219136	946
FOLD	851	1259	1259	1935693	1935693	0	5921979
RAIL	109	403	10	840
CORRELATION	426	173	131064	196854
SQUARE	219648	946
FOLD	852	1260	1260	1937229	1937229	0	5932297
RAIL	109	403	10	841
CORRELATION	427	175	131064	196854
SQUARE	219648	946
FOLD	853	1262	1262	1940304	1940304	0	5943917
RAIL	109	404	10	842
CORRELATION	427	175	131064	196854
SQUARE	220160	946
FOLD	854	1263	1263	1941843	1941843	0	5954910
RAIL	109	404	10	843
CORRELATION	428	177	131064	196854
SQUARE	220160	946
FOLD	855	1265	1265	1944918	1944918	0	5964702
RAIL	149	363	10	844
CORRELATION	428	177	131064	196854
SQUARE	220672	946
FOLD	856	1266	1266	1946454	1946454	0	5971209
RAIL	149	363	10	845
CORRELATION	429	177	131064	196854
SQUARE	220672	946
FOLD	857	1268	1268	1949529	1949529	0	5977379
RAIL	149	364	10	846
CORRELATION	429	177	131064	196854
SQUARE	221184	946
FOLD	858	1269	1269	1951068	1951068	0	5980493
RAIL	149	364	10	847
CORRELATION	430	179	131064	196854
SQUARE	221184	946
FOLD	859	1271	1271	1954143	1954143	0	5986648
RAIL	110	402	10	848
CORRELATION	430	179	131064	196854
SQUARE	221696	946
FOLD	860	1272	1272	1955679	1955679	0	5992968
RAIL	110	402	10	849
CORRELATION	431	181	131064	196854
SQUARE	221696	946
FOLD	861	1274	1274	1958754	1958754	0	5999089
RAIL	110	403	10	850
CORRELATION	431	181	131064	196854
SQUARE	222208	946
FOLD	862	1275	1275	1960293	1960293	0	6001601
RAIL	110	403	10	851
CORRELATION	432	181	131064	196854
SQUARE	222208	946
FOLD	863	1277	1277	1963368	1963368	0	6007468
RAIL	148	364	10	852
CORRELATION	432	181	131064	196854
SQUARE	222720	946
FOLD	864	1278	1278	1964904	1964904	0	6010088
RAIL	148	364	10	853
CORRELATION	433	181	131064	196854
SQUARE	222720	946
FOLD	865	1280	1280	1967979	1967979	0	6016356
RAIL	148	365	10	854
CORRELATION	433	181	131064	196854
SQUARE	223232	946
FOLD	866	1281	1281	1969518	1969518	0	6019436
RAIL	148	365	10	855
CORRELATION	434	181	131064	196854
SQUARE	223232	946
FOLD	867	1283	1283	1972593	1972593	0	6025413
RAIL	111	401	10	856
CORRELATION	434	181	131064	196854
SQUARE	223744	946
FOLD	868	1284	1284	1974129	1974129	0	6027862
RAIL	111	401	10	857
CORRELATION	435	181	131064	196854
SQUARE	223744	946
FOLD	869	1286	1286	1977204	1977204	0	6034509
RAIL	111	402	10	858
CORRELATION	435	181	131064	196854
SQUARE	224256	946
FOLD	870	1287	1287	1978743	1978743	0	6038729
RAIL	111	402	10	859
CORRELATION	436	181	131064	196854
SQUARE	224256	946
FOLD	871	1289	1289	1981818	1981818	0	6044935
RAIL	147	365	10	860
CORRELATION	436	181	131064	196854
SQUARE	224768	946
FOLD	872	1290	1290	1983354	1983354	0	6048557
RAIL	147	365	10	861
CORRELATION	437	182	131064	196854
SQUARE	224768	946
FOLD	873	1292	1292	1986429	1986429	0	6060059
RAIL	147	366	10	862
CORRELATION	437	182	131064	196854
SQUARE	225280	946
FOLD	874	1293	1293	1987968	1987968	0	6067797
RAIL	147	366	10	863
CORRELATION	438	182	131064	196854
SQUARE	225280	946
FOLD	875	1295	1295	1991043	1991043	0	6080594
RAIL	112	400	10	864
CORRELATION	438	182	131064	196854
SQUARE	225792	946
FOLD	876	1296	1296	1992579	1992579	0	6111700
RAIL	112	400	10	865
CORRELATION	439	184	131064	196854
SQUARE	225792	946
FOLD	877	1298	1298	1995654	1995654	0	6122909
RAIL	112	401	10	866
CORRELATION	439	184	131064	196854
SQUARE	226304	946
FOLD	878	1299	1299	1997193	1997193	0	6184438
RAIL	112	401	10	867
CORRELATION	440	186	131064	196854
SQUARE	226304	946
FOLD	879	1301	1301	2000268	2000268	0	6193991
RAIL	146	366	10	868
CORRELATION	440	186	131064	196854
SQUARE	226816	946
FOLD	880	1302	1302	2001804	2001804	0	6201356
RAIL	146	366	10	869
CORRELATION	441	187	131064	196854
SQUARE	226816	946
FOLD	881	1304	1304	2004879	2004879	0	6207533
RAIL	146	367	10	870
CORRELATION	441	187	131064	196854
SQUARE	227328	946
FOLD	882	1305	1305	2006418	2006418	0	6210621
RAIL	146	367	10	871
CORRELATION	442	187	131064	196854
SQUARE	227328	946
FOLD	883	1307	1307	2009493	2009493	0	6219851
RAIL	113	399	10	872
CORRELATION	442	187	131064	196854
SQUARE	227840	946
FOLD	884	1308	1308	2011029	2011029	0	6228425
RAIL	113	399	10	873
CORRELATION	443	188	131064	196854
SQUARE	227840	946
FOLD	885	1310	1310	2014104	2014104	0	6234414
RAIL	113	400	10	874
CORRELATION	443	188	131064	196854
SQUARE	228352	946
FOLD	886	1311	1311	2015643	2015643	0	6287781
RAIL	113	400	10	875
CORRELATION	444	190	131064	196854
SQUARE	228352	946
FOLD	887	1313	1313	2018718	2018718	0	6293473
RAIL	145	367	10	876
CORRELATION	444	190	131064	196854
SQUARE	228864	946
FOLD	888	1314	1314	2020254	2020254	0	6297790
RAIL	145	367	10	877
CORRELATION	445	192	131064	196854
SQUARE	228864	946
FOLD	889	1316	1316	2023329	2023329	0	6303803
RAIL	145	368	10	878
CORRELATION	445	192	131064	196854
SQUARE	229376	946
FOLD	890	1317	1317	2024868	2024868	0	6306111
RAIL	145	368	10	879
CORRELATION	446	192	131064	196854
SQUARE	229376	946
FOLD	891	1319	1319	2027943	2027943	0	6318867
RAIL	114	398	10	880
CORRELATION	446	192	131064	196854
SQUARE	229888	946
FOLD	892	1320	1320	2029479	2029479	0	6320955
RAIL	114	398	10	881
CORRELATION	447	192	131064	196854
SQUARE	229888	946
FOLD	893	1322	1322	2032554	2032554	0	6333369
RAIL	114	399	10	882
CORRELATION	447	192	131064	196854
SQUARE	230400	946
FOLD	894	1323	1323	2034093	2034093	0	6336302
RAIL	114	399	10	883
CORRELATION	448	192	131064	196854
SQUARE	230400	946
FOLD	895	1325	1325	2037168	2037168	0	6348911
RAIL	144	368	10	884
CORRELATION	448	192	131064	196854
SQUARE	230912	946
FOLD	896	1326	1326	2038704	2038704	0	6353552
RAIL	144	368	10	885
CORRELATION	449	193	131064	196854
SQUARE	230912	946
FOLD	897	1328	1328	2041779	2041779	0	6360270
RAIL	144	369	10	886
CORRELATION	449	193	131064	196854
SQUARE	231424	946
FOLD	898	1329	1329	2043318	2043318	0	6407000
RAIL	144	369	10	887
CORRELATION	450	195	131064	196854
SQUARE	231424	946
FOLD	899	1331	1331	2046393	2046393	0	6412507
RAIL	115	397	10	888
CORRELATION	450	195	131064	196854
SQUARE	231936	946
FOLD	900	1332	1332	2047929	2047929	0	6415219
RAIL	115	397	10	889
CORRELATION	451	195	131064	196854
SQUARE	231936	946
FOLD	901	1334	1334	2051004	2051004	0	6421004
RAIL	115	398	10	890
CORRELATION	451	195	131064	196854
SQUARE	232448	946
FOLD	902	1335	1335	2052543	2052543	0	6468898
RAIL	115	398	10	891
CORRELATION	452	198	131064	196854
SQUARE	232448	946
FOLD	903	1337	1337	2055618	2055618	0	6474411
RAIL	143	369	10	892
CORRELATION	452	198	131064	196854
SQUARE	232960	946
FOLD	904	1338	1338	2057154	2057154	0	6476692
RAIL	143	369	10	893
CORRELATION	453	198	131064	196854
SQUARE	232960	946
FOLD	905	1340	1340	2060229	2060229	0	6482475
RAIL	143	370	10	894
CORRELATION	453	198	131064	196854
SQUARE	233472	946
FOLD	906	1341	1341	2061768	2061768	0	6531329
RAIL	143	370	10	895
CORRELATION	454	201	131064	196854
SQUARE	233472	946
FOLD	907	1343	1343	2064843	2064843	0	6536817
RAIL	116	396	10	896
CORRELATION	454	201	131064	196854
SQUARE	233984	946
FOLD	908	1344	1344	2066379	2066379	0	6538933
RAIL	116	396	10	897
CORRELATION	455	201	131064	196854
SQUARE	233984	946
FOLD	909	1346	1346	2069454	2069454	0	6544515
RAIL	116	397	10	898
CORRELATION	455	201	131064	196854
SQUARE	234496	946
FOLD	910	1347	1347	2070993	2070993	0	6547233
RAIL	116	397	10	899
CORRELATION	456	201	131064	196854
SQUARE	234496	946
FOLD	911	1349	1349	2074068	2074068	0	6552716
RAIL	142	370	10	900
CORRELATION	456	201	131064	196854
SQUARE	235008	946
FOLD	912	1350	1350	2075604	2075604	0	6555659
RAIL	142	370	10	901
CORRELATION	457	201	131064	196854
SQUARE	235008	946
FOLD	913	1352	1352	2078679	2078679	0	6561276
RAIL	142	371	10	902
CORRELATION	457	201	131064	196854
SQUARE	235520	946
FOLD	914	1353	1353	2080218	2080218	0	6609641
RAIL	142	371	10	903
CORRELATION	458	206	131064	196854
SQUARE	235520	946
FOLD	915	1355	1355	2083293	2083293	0	6615057
RAIL	117	395	10	904
CORRELATION	458	206	131064	196854
SQUARE	236032	946
FOLD	916	1356	1356	2084829	2084829	0	6616949
RAIL	117	395	10	905
CORRELATION	459	206	131064	196854
SQUARE	236032	946
FOLD	917	1358	1358	2087904	2087904	0	6622562
RAIL	117	396	10	906
CORRELATION	459	206	131064	196854
SQUARE	236544	946
FOLD	918	1359	1359	2089443	2089443	0	6624596
RAIL	117	396	10	907
CORRELATION	460	206	131064	196854
SQUARE	236544	946
FOLD	919	1361	1361	2092518	2092518	0	6630445
RAIL	141	371	10	908
CORRELATION	460	206	131064	196854
SQUARE	237056	946
FOLD	920	1362	1362	2094054	2094054	0	6633075
RAIL	141	371	10	909
CORRELATION	461	206	131064	196854
SQUARE	237056	946
FOLD	921	1364	1364	2097129	2097129	0	6638804
RAIL	141	372	10	910
CORRELATION	461	206	131064	196854
SQUARE	237568	946
FOLD	922	1365	1365	2098668	2098668	0	6665814
RAIL	141	372	10	911
CORRELATION	462	208	131064	196854
SQUARE	237568	946
FOLD	923	1367	1367	2101743	2101743	0	6671488
RAIL	118	394	10	912
CORRELATION	462	208	131064	196854
SQUARE	238080	946
FOLD	924	1368	1368	2103279	2103279	0	6674474
RAIL	118	394	10	913
CORRELATION	463	208	131064	196854
SQUARE	238080	946
FOLD	925	1370	1370	2106354	2106354	0	6680061
RAIL	118	395	10	914
CORRELATION	463	208	131064	196854
SQUARE	238592	946
FOLD	926	1371	1371	2107893	2107893	0	6682077
RAIL	118	395	10	915
CORRELATION	464	208	131064	196854
SQUARE	238592	946
FOLD	927	1373	1373	2110968	2110968	0	6687612
RAIL	140	372	10	916
CORRELATION	464	208	131064	196854
SQUARE	239104	946
FOLD	928	1374	1374	2112504	2112504	0	6697810
RAIL	140	372	10	917
CORRELATION	465	210	131064	196854
SQUARE	239104	946
FOLD	929	1376	1376	2115579	2115579	0	6703465
RAIL	140	373	10	918
CORRELATION	465	210	131064	196854
SQUARE	239616	946
FOLD	930	1377	1377	2117118	2117118	0	6716527
RAIL	140	373	10	919
CORRELATION	466	213	131064	196854
SQUARE	239616	946
FOLD	931	1379	1379	2120193	2120193	0	6722503
RAIL	119	393	10	920
CORRELATION	466	213	131064	196854
SQUARE	240128	946
FOLD	932	1380	1380	2121729	2121729	0	6725111
RAIL	119	393	10	921
CORRELATION	467	213	131064	196854
SQUARE	240128	946
FOLD	933	1382	1382	2124804	2124804	0	6730853
RAIL	119	394	10	922
CORRELATION	467	213	131064	196854
SQUARE	240640	946
FOLD	934	1383	1383	2126343	2126343	0	6733674
RAIL	119	394	10	923
CORRELATION	468	213	131064	196854
SQUARE	240640	946
FOLD	935	1385	1385	2129418	2129418	0	6739111
RAIL	139	373	10	924
CORRELATION	468	213	131064	196854
SQUARE	241152	946
FOLD	936	1386	1386	2130954	2130954	0	6786482
RAIL	139	373	10	925
CORRELATION	469	215	131064	196854
SQUARE	241152	946
FOLD	937	1388	1388	2134029	2134029	0	6792109
RAIL	139	374	10	926
CORRELATION	469	215	131064	196854
SQUARE	241664	946
FOLD	938	1389	1389	2135568	2135568	0	6840508
RAIL	139	374	10	927
CORRELATION	470	218	131064	196854
SQUARE	241664	946
FOLD	939	1391	1391	2138643	2138643	0	6846073
RAIL	120	392	10	928
CORRELATION	470	218	131064	196854
SQUARE	242176	946
FOLD	940	1392	1392	2140179	2140179	0	6847964
RAIL	120	392	10	929
CORRELATION	471	218	131064	196854
SQUARE	242176	946
FOLD	941	1394	1394	2143254	2143254	0	6853347
RAIL	120	393	10	930
CORRELATION	471	218	131064	196854
SQUARE	242688	946
FOLD	942	1395	1395	2144793	2144793	0	6855844
RAIL	120	393	10	931
CORRELATION	472	218	131064	196854
SQUARE	242688	946
FOLD	943	1397	1397	2147868	2147868	0	6861079
RAIL	138	374	10	932
CORRELATION	472	218	131064	196854
SQUARE	243200	946
FOLD	944	1398	1398	2149404	2149404	0	6864308
RAIL	138	374	10	933
CORRELATION	473	218	131064	196854
SQUARE	243200	946
FOLD	945	1400	1400	2152479	2152479	0	6869672
RAIL	138	375	10	934
CORRELATION	473	218	131064	196854
SQUARE	243712	946
FOLD	946	1401	1401	2154018	2154018	0	6878164
RAIL	138	375	10	935
CORRELATION	474	221	131064	196854
SQUARE	243712	946
FOLD	947	1403	1403	2157093	2157093	0	6883837
RAIL	121	391	10	936
CORRELATION	474	221	131064	196854
SQUARE	244224	946
FOLD	948	1404	1404	2158629	2158629	0	6889548
RAIL	121	391	10	937
CORRELATION	475	223	131064	196854
SQUARE	244224	946
FOLD	949	1406	1406	2161704	2161704	0	6894946
RAIL	121	392	10	938
CORRELATION	475	223	131064	196854
SQUARE	244736	946
FOLD	950	1407	1407	2163243	2163243	0	6903088
RAIL	121	392	10	939
CORRELATION	476	226	131064	196854
SQUARE	244736	946
FOLD	951	1409	1409	2166318	2166318	0	6908423
RAIL	137	375	10	940
CORRELATION	476	226	131064	196854
SQUARE	245248	946
FOLD	952	1410	1410	2167854	2167854	0	6910362
RAIL	137	375	10	941
CORRELATION	477	226	131064	196854
SQUARE	245248	946
FOLD	953	1412	1412	2170929	2170929	0	6915642
RAIL	137	376	10	942
CORRELATION	477	226	131064	196854
SQUARE	245760	946
FOLD	954	1413	1413	2172468	2172468	0	6918056
RAIL	137	376	10	943
CORRELATION	478	226	131064	196854
SQUARE	245760	946
FOLD	955	1415	1415	2175543	2175543	0	6928576
RAIL	122	390	10	944
CORRELATION	478	226	131064	196854
SQUARE	246272	946
FOLD	956	1416	1416	2177079	2177079	0	6930974
RAIL	122	390	10	945
CORRELATION	479	226	131064	196854
SQUARE	246272	946
FOLD	957	1418	1418	2180154	2180154	0	6941727
RAIL	122	391	10	946
CORRELATION	479	226	131064	196854
SQUARE	246784	946
FOLD	958	1419	1419	2181693	2181693	0	6943906
RAIL	122	391	10	947
CORRELATION	480	226	131064	196854
SQUARE	246784	946
FOLD	959	1421	1421	2184768	2184768	0	6954536
RAIL	136	376	10	948
CORRELATION	480	226	131064	196854
SQUARE	247296	946
FOLD	960	1422	1422	2186304	2186304	0	6958584
RAIL	136	376	10	949
CORRELATION	481	226	131064	196854
SQUARE	247296	946
FOLD	961	1424	1424	2189379	2189379	0	6964246
RAIL	136	377	10	950
CORRELATION	481	226	131064	196854
SQUARE	247808	946
FOLD	962	1425	1425	2190918	2190918	0	6971024
RAIL	136	377	10	951
CORRELATION	482	228	131064	196854
SQUARE	247808	946
FOLD	963	1427	1427	2193993	2193993	0	6976884
RAIL	123	389	10	952
CORRELATION	482	228	131064	196854
SQUARE	248320	946
FOLD	964	1428	1428	2195529	2195529	0	6981482
RAIL	123	389	10	953
CORRELATION	483	230	131064	196854
SQUARE	248320	946
FOLD	965	1430	1430	2198604	2198604	0	6986982
RAIL	123	390	10	954
CORRELATION	483	230	131064	196854
SQUARE	248832	946
FOLD	966	1431	1431	2200143	2200143	0	6988925
RAIL	123	390	10	955
CORRELATION	484	230	131064	196854
SQUARE	248832	946
FOLD	967	1433	1433	2203218	2203218	0	6994432
RAIL	135	377	10	956
CORRELATION	484	230	131064	196854
SQUARE	249344	946
FOLD	968	1434	1434	2204754	2204754	0	6997310
RAIL	135	377	10	957
CORRELATION	485	230	131064	196854
SQUARE	249344	946
FOLD	969	1436	1436	2207829	2207829	0	7004587
RAIL	135	378	10	958
CORRELATION	485	230	131064	196854
SQUARE	249856	946
FOLD	970	1437	1437	2209368	2209368	0	7052374
RAIL	135	378	10	959
CORRELATION	486	232	131064	196854
SQUARE	249856	946
FOLD	971	1439	1439	2212443	2212443	0	7058139
RAIL	124	388	10	960
CORRELATION	486	232	131064	196854
SQUARE	250368	946
FOLD	972	1440	1440	2213979	2213979	0	7105038
RAIL	124	388	10	961
CORRELATION	487	234	131064	196854
SQUARE	250368	946
FOLD	973	1442	1442	2217054	2217054	0	7110584
RAIL	124	389	10	962
CORRELATION	487	234	131064	196854
SQUARE	250880	946
FOLD	974	1443	1443	2218593	2218593	0	7116264
RAIL	124	389	10	963
CORRELATION	488	237	131064	196854
SQUARE	250880	946
FOLD	975	1445	1445	2221668	2221668	0	7123206
RAIL	134	378	10	964
CORRELATION	488	237	131064	196854
SQUARE	251392	946
FOLD	976	1446	1446	2223204	2223204	0	7125496
RAIL	134	378	10	965
CORRELATION	489	237	131064	196854
SQUARE	251392	946
FOLD	977	1448	1448	2226279	2226279	0	7131304
RAIL	134	379	10	966
CORRELATION	489	237	131064	196854
SQUARE	251904	946
FOLD	978	1449	1449	2227818	2227818	0	7135047
RAIL	134	379	10	967
CORRELATION	490	238	131064	196854
SQUARE	251904	946
FOLD	979	1451	1451	2230893	2230893	0	7140827
RAIL	125	387	10	968
CORRELATION	490	238	131064	196854
SQUARE	252416	946
FOLD	980	1452	1452	2232429	2232429	0	7142792
RAIL	125	387	10	969
CORRELATION	491	238	131064	196854
SQUARE	252416	946
FOLD	981	1454	1454	2235504	2235504	0	7148385
RAIL	125	388	10	970
CORRELATION	491	238	131064	196854
SQUARE	252928	946
FOLD	982	1455	1455	2237043	2237043	0	7152485
RAIL	125	388	10	971
CORRELATION	492	239	131064	196854
SQUARE	252928	946
FOLD	983	1457	1457	2240118	2240118	0	7158340
RAIL	133	379	10	972
CORRELATION	492	239	131064	196854
SQUARE	253440	946
FOLD	984	1458	1458	2241654	2241654	0	7163389
RAIL	133	379	10	973
CORRELATION	493	241	131064	196854
SQUARE	253440	946
FOLD	985	1460	1460	2244729	2244729	0	7169104
RAIL	133	380	10	974
CORRELATION	493	241	131064	196854
SQUARE	253952	946
FOLD	986	1461	1461	2246268	2246268	0	7171186
RAIL	133	380	10	975
CORRELATION	494	241	131064	196854
SQUARE	253952	946
FOLD	987	1463	1463	2249343	2249343	0	7176739
RAIL	126	386	10	976
CORRELATION	494	241	131064	196854
SQUARE	254464	946
FOLD	988	1464	1464	2250879	2250879	0	7180134
RAIL	126	386	10	977
CORRELATION	495	241	131064	196854
SQUARE	254464	946
FOLD	989	1466	1466	2253954	2253954	0	7185432
RAIL	126	387	10	978
CORRELATION	495	241	131064	196854
SQUARE	254976	946
FOLD	990	1467	1467	2255493	2255493	0	7194795
RAIL	126	387	10	979
CORRELATION	496	244	131064	196854
SQUARE	254976	946
FOLD	991	1469	1469	2258568	2258568	0	7200446
RAIL	132	380	10	980
CORRELATION	496	244	131064	196854
SQUARE	255488	946
FOLD	992	1470	1470	2260104	2260104	0	7206418
RAIL	132	380	10	981
CORRELATION	497	246	131064	196854
SQUARE	255488	946
FOLD	993	1472	1472	2263179	2263179	0	7212018
RAIL	132	381	10	982
CORRELATION	497	246	131064	196854
SQUARE	256000	946
FOLD	994	1473	1473	2264718	2264718	0	7214184
RAIL	132	381	10	983
CORRELATION	498	246	131064	196854
SQUARE	256000	946
FOLD	995	1475	1475	2267793	2267793	0	7219422
RAIL	127	385	10	984
CORRELATION	498	246	131064	196854
SQUARE	256512	946
FOLD	996	1476	1476	2269329	2269329	0	7221312
RAIL	127	385	10	985
CORRELATION	499	246	131064	196854
SQUARE	256512	946
FOLD	997	1478	1478	2272404	2272404	0	7226616
RAIL	127	386	10	986
CORRELATION	499	246	131064	196854
SQUARE	257024	946
FOLD	998	1479	1479	2273943	2273943	0	7228810
RAIL	127	386	10	987
CORRELATION	500	246	131064	196854
SQUARE	257024	946
FOLD	999	1481	1481	2277018	2277018	0	7234195
RAIL	131	381	10	988
CORRELATION	500	246	131064	196854
SQUARE	257536	946
FOLD	1000	1482	1482	2278554	2278554	0	7236389
RAIL	131	381	10	989
CORRELATION	501	246	131064	196854
SQUARE	257536	946
FOLD	1001	1484	1484	2281629	2281629	0	7241789
RAIL	131	382	10	990
CORRELATION	501	246	131064	196854
SQUARE	258048	946
FOLD	1002	1485	1485	2283168	2283168	0	7244173
RAIL	131	382	10	991
CORRELATION	502	246	131064	196854
SQUARE	258048	946
FOLD	1003	1487	1487	2286243	2286243	0	7249419
RAIL	128	384	10	992
CORRELATION	502	246	131064	196854
SQUARE	258560	946
FOLD	1004	1488	1488	2287779	2287779	0	7251918
RAIL	128	384	10	993
CORRELATION	503	246	131064	196854
SQUARE	258560	946
FOLD	1005	1490	1490	2290854	2290854	0	7257292
RAIL	128	385	10	994
CORRELATION	503	246	131064	196854
SQUARE	259072	946
FOLD	1006	1491	1491	2292393	2292393	0	7259654
RAIL	128	385	10	995
CORRELATION	504	246	131064	196854
SQUARE	259072	946
FOLD	1007	1493	1493	2295468	2295468	0	7265249
RAIL	130	382	10	996
CORRELATION	504	246	131064	196854
SQUARE	259584	946
FOLD	1008	1494	1494	2297004	2297004	0	7268216
RAIL	130	382	10	997
CORRELATION	505	246	131064	196854
SQUARE	259584	946
FOLD	1009	1496	1496	2300079	2300079	0	7275016
RAIL	130	383	10	998
CORRELATION	505	246	131064	196854
SQUARE	260096	946
FOLD	1010	1497	1497	2301618	2301618	0	7323785
RAIL	130	383	10	999
CORRELATION	506	248	131064	196854
SQUARE	260096	946
FOLD	1011	1499	1499	2304693	2304693	0	7329422
RAIL	129	383	10	1000
CORRELATION	506	248	131064	196854
SQUARE	260608	946
FOLD	1012	1500	1500	2306229	2306229	0	7332910
RAIL	129	383	10	1001
CORRELATION	507	248	131064	196854
SQUARE	260608	946
FOLD	1013	1502	1502	2309304	2309304	0	7345506
RAIL	129	384	10	1002
CORRELATION	507	248	131064	196854
SQUARE	261120	946
FOLD	1014	1503	1503	2310843	2310843	0	7394994
RAIL	129	384	10	1003
CORRELATION	508	250	131064	196854
SQUARE	261120	946
FOLD	1014	1503	1503	2310843	2310843	0	7452494
RAIL	129	384	10	1004
CORRELATION	509	252	131064	196854
SQUARE	262144	946
FOLD	1015	1504	1504	2312382	2312382	0	7464844
RAIL	256	256	10	1004
CORRELATION	511	256	131064	196854
SQUARE	262656	946
FOLD	1015	1504	1504	2312382	2312382	0	7473129
RAIL	256	256	10	1005
CORRELATION	512	256	131064	196854
SQUARE	263168	946
FOLD	1016	1505	1505	2313918	2313918	0	7473148
RAIL	256	257	10	1005
CORRELATION	512	256	131064	196854
SQUARE	263168	946
FOLD	1017	1506	1506	2315457	2315457	0	7481073
RAIL	3	509	10	1006
CORRELATION	513	256	131064	196854
SQUARE	263680	946
FOLD	1020	1507	1507	2316996	2316996	0	7519540
RAIL	4	508	11	1008
CORRELATION	517	262	131064	196854
SQUARE	265728	946
FOLD	1023	1508	1508	2318535	2318535	0	7561695
RAIL	5	507	12	1010
CORRELATION	521	266	131064	196854
SQUARE	267776	946
FOLD	1024	1507	1508	2316999	2318535	0	7575503
RAIL	253	259	13	1010
CORRELATION	523	268	131064	196854
SQUARE	268800	946
FOLD	1026	1509	1509	2320074	2320074	0	7601264
RAIL	6	506	13	1012
CORRELATION	525	268	131064	196854
SQUARE	269824	946
FOLD	1029	1510	1510	2321613	2321613	0	7639257
RAIL	7	505	14	1014
CORRELATION	529	269	131064	196854
SQUARE	271872	946
FOLD	1030	1511	1511	2323149	2323149	0	7701484
RAIL	7	506	14	1015
CORRELATION	530	271	131064	196854
SQUARE	272384	946
FOLD	1033	1512	1512	2324685	2324685	0	7742475
RAIL	8	504	15	1017
CORRELATION	533	273	131064	196854
SQUARE	273920	946
FOLD	1034	1513	1513	2326221	2326221	0	7792568
RAIL	8	505	15	1018
CORRELATION	534	275	131064	196854
SQUARE	274432	946
FOLD	1037	1514	1514	2327757	2327757	0	7825668
RAIL	9	503	16	1020
CORRELATION	537	278	131064	196854
SQUARE	275968	946
FOLD	1038	1515	1515	2329293	2329293	0	7833654
RAIL	9	504	16	1021
CORRELATION	538	278	131064	196854
SQUARE	276480	946
FOLD	1041	1516	1516	2330829	2330829	0	7877552
RAIL	10	502	17	1023
CORRELATION	541	279	131064	196854
SQUARE	278016	946
FOLD	1042	1517	1517	2332365	2332365	0	7886533
RAIL	10	503	17	1024
CORRELATION	542	281	131064	196854
SQUARE	278528	946
FOLD	1043	1518	1518	2333904	2333904	0	7899708
RAIL	248	264	17	1025
CORRELATION	543	283	131064	196854
SQUARE	279040	946
FOLD	1044	1519	1519	2335440	2335440	0	7949761
RAIL	248	265	17	1026
CORRELATION	544	285	131064	196854
SQUARE	279552	946
FOLD	1045	1520	1520	2336979	2336979	0	7956995
RAIL	11	501	17	1027
CORRELATION	545	285	131064	196854
SQUARE	280064	946
FOLD	1046	1521	1521	2338515	2338515	0	7966607
RAIL	11	502	17	1028
CORRELATION	546	286	131064	196854
SQUARE	280576	946
FOLD	1047	1522	1522	2340054	2340054	0	7976836
RAIL	247	265	17	1029
CORRELATION	547	288	131064	196854
SQUARE	281088	946
FOLD	1048	1523	1523	2341590	2341590	0	7984407
RAIL	247	266	17	1030
CORRELATION	548	288	131064	196854
SQUARE	281600	946
FOLD	1049	1524	1524	2343129	2343129	0	7992854
RAIL	12	500	17	1031
CORRELATION	549	288	131064	196854
SQUARE	282112	946
FOLD	1050	1525	1525	2344665	2344665	0	8000886
RAIL	12	501	17	1032
CORRELATION	550	289	131064	196854
SQUARE	282624	946
FOLD	1051	1526	1526	2346204	2346204	0	8008225
RAIL	246	266	17	1033
CORRELATION	551	289	131064	196854
SQUARE	283136	946
