INPUT	65918227805814895914492416446976812927051420077802152280319852135735592923747	256	123	1284
FRAME	1	0	1	1	38
FOLD	1	1	1	768	768	0	89
RAIL	2	254	0	0
CORRELATION	0	0	0	0
SQUARE	0	0
FOLD	2	1	1	771	771	0	150
RAIL	2	255	1	0
CORRELATION	0	0	0	0
SQUARE	0	0
FOLD	4	3	3	2307	2307	0	1680
RAIL	128	129	2	1
CORRELATION	0	0	0	0
SQUARE	0	0
FOLD	5	5	5	3846	3846	0	3172
RAIL	3	253	2	2
CORRELATION	0	0	0	0
SQUARE	0	0
FOLD	6	7	7	5385	5385	0	5132
RAIL	3	254	2	3
CORRELATION	0	0	0	0
SQUARE	0	0
FOLD	8	9	9	6921	6921	0	6965
RAIL	127	130	3	4
CORRELATION	0	0	0	0
SQUARE	0	0
FOLD	9	11	11	8460	8460	0	9026
RAIL	4	252	3	5
CORRELATION	0	0	0	0
SQUARE	0	0
FOLD	10	13	13	9999	9999	0	10970
RAIL	4	253	3	6
CORRELATION	0	0	0	0
SQUARE	0	0
FOLD	12	15	15	11535	11535	0	12714
RAIL	126	131	4	7
CORRELATION	0	0	0	0
SQUARE	0	0
FOLD	13	17	17	13074	13074	0	14196
RAIL	5	251	4	8
CORRELATION	0	0	0	0
SQUARE	0	0
FOLD	14	19	19	14613	14613	0	15299
RAIL	5	252	4	9
CORRELATION	0	0	0	0
SQUARE	0	0
FOLD	16	21	21	16149	16149	0	16663
RAIL	125	132	5	10
CORRELATION	0	0	0	0
SQUARE	0	0
FOLD	17	23	23	17688	17688	0	17865
RAIL	6	250	5	11
CORRELATION	0	0	0	0
SQUARE	0	0
FOLD	18	25	25	19227	19227	0	19431
RAIL	6	251	5	12
CORRELATION	0	0	0	0
SQUARE	0	0
FOLD	20	27	27	20763	20763	0	21364
RAIL	124	133	6	13
CORRELATION	0	0	0	0
SQUARE	0	0
FOLD	21	29	29	22302	22302	0	22941
RAIL	7	249	6	14
CORRELATION	0	0	0	0
SQUARE	0	0
FOLD	22	31	31	23841	23841	0	24353
RAIL	7	250	6	15
CORRELATION	0	0	0	0
SQUARE	0	0
FOLD	23	33	33	25380	25380	0	25435
RAIL	123	133	6	16
CORRELATION	0	0	0	0
SQUARE	0	0
FOLD	24	35	35	26919	26919	0	27536
RAIL	123	134	6	17
CORRELATION	0	0	0	0
SQUARE	0	0
FOLD	25	37	37	28458	28458	0	28721
RAIL	8	248	6	18
CORRELATION	0	0	0	0
SQUARE	0	0
FOLD	26	39	39	29997	29997	0	30123
RAIL	8	249	6	19
CORRELATION	0	0	0	0
SQUARE	0	0
FOLD	27	41	41	31536	31536	0	32606
RAIL	122	134	6	20
CORRELATION	0	0	0	0
SQUARE	0	0
FOLD	28	43	43	33075	33075	0	33838
RAIL	122	135	6	21
CORRELATION	0	0	0	0
SQUARE	0	0
FOLD	29	45	45	34614	34614	0	35464
RAIL	9	247	6	22
CORRELATION	0	0	0	0
SQUARE	0	0
FOLD	30	47	47	36153	36153	0	36421
RAIL	9	248	6	23
CORRELATION	0	0	0	0
SQUARE	0	0
FOLD	31	49	49	37692	37692	0	38507
RAIL	121	135	6	24
CORRELATION	0	0	0	0
SQUARE	0	0
FOLD	32	51	51	39231	39231	0	39618
RAIL	121	136	6	25
CORRELATION	0	0	0	0
SQUARE	0	0
FOLD	33	53	53	40770	40770	0	40864
RAIL	10	246	6	26
CORRELATION	0	0	0	0
SQUARE	0	0
FOLD	34	55	55	42309	42309	0	41899
RAIL	10	247	6	27
CORRELATION	0	0	0	0
SQUARE	0	0
FOLD	35	57	57	43848	43848	0	44287
RAIL	120	136	6	28
CORRELATION	0	0	0	0
SQUARE	0	0
FOLD	36	59	59	45387	45387	0	46255
RAIL	120	137	6	29
CORRELATION	0	0	0	0
SQUARE	0	0
FOLD	37	61	61	46926	46926	0	47740
RAIL	11	245	6	30
CORRELATION	0	0	0	0
SQUARE	0	0
FOLD	38	63	63	48465	48465	0	48874
RAIL	11	246	6	31
CORRELATION	0	0	0	0
SQUARE	0	0
FOLD	39	65	65	50004	50004	0	49979
RAIL	119	137	6	32
CORRELATION	0	0	0	0
SQUARE	0	0
FOLD	40	67	67	51543	51543	0	51120
RAIL	119	138	6	33
CORRELATION	0	0	0	0
SQUARE	0	0
FOLD	41	69	69	53082	53082	0	52315
RAIL	12	244	6	34
CORRELATION	0	0	0	0
SQUARE	0	0
FOLD	42	71	71	54621	54621	0	53317
RAIL	12	245	6	35
CORRELATION	0	0	0	0
SQUARE	0	0
FOLD	43	73	73	56160	56160	0	54419
RAIL	118	138	6	36
CORRELATION	0	0	0	0
SQUARE	0	0
FOLD	44	75	75	57699	57699	0	55483
RAIL	118	139	6	37
CORRELATION	0	0	0	0
SQUARE	0	0
FOLD	45	77	77	59238	59238	0	56613
RAIL	13	243	6	38
CORRELATION	0	0	0	0
SQUARE	0	0
FOLD	46	79	79	60777	60777	0	57630
RAIL	13	244	6	39
CORRELATION	0	0	0	0
SQUARE	0	0
FOLD	47	81	81	62316	62316	0	58967
RAIL	117	139	6	40
CORRELATION	0	0	0	0
SQUARE	0	0
FOLD	48	83	83	63855	63855	0	60290
RAIL	117	140	6	41
CORRELATION	0	0	0	0
SQUARE	0	0
FOLD	49	85	85	65394	65394	0	61446
RAIL	14	242	6	42
CORRELATION	0	0	0	0
SQUARE	0	0
FOLD	50	87	87	66933	66933	0	62401
RAIL	14	243	6	43
CORRELATION	0	0	0	0
SQUARE	0	0
FOLD	51	89	89	68472	68472	0	63406
RAIL	116	140	6	44
CORRELATION	0	0	0	0
SQUARE	0	0
FOLD	52	91	91	70011	70011	0	64952
RAIL	116	141	6	45
CORRELATION	0	0	0	0
SQUARE	0	0
FOLD	53	93	93	71550	71550	0	66155
RAIL	15	241	6	46
CORRELATION	0	0	0	0
SQUARE	0	0
FOLD	54	95	95	73089	73089	0	67146
RAIL	15	242	6	47
CORRELATION	0	0	0	0
SQUARE	0	0
FOLD	55	97	97	74628	74628	0	68106
RAIL	115	141	6	48
CORRELATION	0	0	0	0
SQUARE	0	0
FOLD	56	99	99	76167	76167	0	69147
RAIL	115	142	6	49
CORRELATION	0	0	0	0
SQUARE	0	0
FOLD	57	101	101	77706	77706	0	70276
RAIL	16	240	6	50
CORRELATION	0	0	0	0
SQUARE	0	0
FOLD	58	103	103	79245	79245	0	71360
RAIL	16	241	6	51
CORRELATION	0	0	0	0
SQUARE	0	0
FOLD	59	105	105	80784	80784	0	72283
RAIL	114	142	6	52
CORRELATION	0	0	0	0
SQUARE	0	0
FOLD	60	107	107	82323	82323	0	73332
RAIL	114	143	6	53
CORRELATION	0	0	0	0
SQUARE	0	0
FOLD	61	109	109	83862	83862	0	74427
RAIL	17	239	6	54
CORRELATION	0	0	0	0
SQUARE	0	0
FOLD	62	111	111	85401	85401	0	75423
RAIL	17	240	6	55
CORRELATION	0	0	0	0
SQUARE	0	0
FOLD	63	113	113	86940	86940	0	76436
RAIL	113	143	6	56
CORRELATION	0	0	0	0
SQUARE	0	0
FOLD	64	115	115	88479	88479	0	78577
RAIL	113	144	6	57
CORRELATION	0	0	0	0
SQUARE	0	0
FOLD	65	117	117	90018	90018	0	79516
RAIL	18	238	6	58
CORRELATION	0	0	0	0
SQUARE	0	0
FOLD	66	119	119	91557	91557	0	80652
RAIL	18	239	6	59
CORRELATION	0	0	0	0
SQUARE	0	0
FOLD	67	121	121	93096	93096	0	82090
RAIL	112	144	6	60
CORRELATION	0	0	0	0
SQUARE	0	0
FOLD	68	123	123	94635	94635	0	83222
RAIL	112	145	6	61
CORRELATION	0	0	0	0
SQUARE	0	0
FOLD	69	125	125	96174	96174	0	84282
RAIL	19	237	6	62
CORRELATION	0	0	0	0
SQUARE	0	0
FOLD	70	127	127	97713	97713	0	85276
RAIL	19	238	6	63
CORRELATION	0	0	0	0
SQUARE	0	0
FOLD	71	129	129	99252	99252	0	86380
RAIL	111	145	6	64
CORRELATION	0	0	0	0
SQUARE	0	0
FOLD	72	131	131	100791	100791	0	87347
RAIL	111	146	6	65
CORRELATION	0	0	0	0
SQUARE	0	0
FOLD	73	133	133	102330	102330	0	88397
RAIL	20	236	6	66
CORRELATION	0	0	0	0
SQUARE	0	0
FOLD	74	135	135	103869	103869	0	89345
RAIL	20	237	6	67
CORRELATION	0	0	0	0
SQUARE	0	0
FOLD	75	137	137	105408	105408	0	90511
RAIL	110	146	6	68
CORRELATION	0	0	0	0
SQUARE	0	0
FOLD	76	139	139	106947	106947	0	91451
RAIL	110	147	6	69
CORRELATION	0	0	0	0
SQUARE	0	0
FOLD	77	141	141	108486	108486	0	92471
RAIL	21	235	6	70
CORRELATION	0	0	0	0
SQUARE	0	0
FOLD	78	143	143	110025	110025	0	93442
RAIL	21	236	6	71
CORRELATION	0	0	0	0
SQUARE	0	0
FOLD	79	145	145	111564	111564	0	94517
RAIL	109	147	6	72
CORRELATION	0	0	0	0
SQUARE	0	0
FOLD	80	147	147	113103	113103	0	95509
RAIL	109	148	6	73
CORRELATION	0	0	0	0
SQUARE	0	0
FOLD	81	149	149	114642	114642	0	96554
RAIL	22	234	6	74
CORRELATION	0	0	0	0
SQUARE	0	0
FOLD	82	151	151	116181	116181	0	97613
RAIL	22	235	6	75
CORRELATION	0	0	0	0
SQUARE	0	0
FOLD	83	153	153	117720	117720	0	98734
RAIL	108	148	6	76
CORRELATION	0	0	0	0
SQUARE	0	0
FOLD	84	155	155	119259	119259	0	99766
RAIL	108	149	6	77
CORRELATION	0	0	0	0
SQUARE	0	0
FOLD	85	157	157	120798	120798	0	100854
RAIL	23	233	6	78
CORRELATION	0	0	0	0
SQUARE	0	0
FOLD	86	159	159	122337	122337	0	101860
RAIL	23	234	6	79
CORRELATION	0	0	0	0
SQUARE	0	0
FOLD	87	161	161	123876	123876	0	102816
RAIL	107	149	6	80
CORRELATION	0	0	0	0
SQUARE	0	0
FOLD	88	163	163	125415	125415	0	103756
RAIL	107	150	6	81
CORRELATION	0	0	0	0
SQUARE	0	0
FOLD	89	165	165	126954	126954	0	104802
RAIL	24	232	6	82
CORRELATION	0	0	0	0
SQUARE	0	0
FOLD	90	167	167	128493	128493	0	105944
RAIL	24	233	6	83
CORRELATION	0	0	0	0
SQUARE	0	0
FOLD	91	169	169	130032	130032	0	106974
RAIL	106	150	6	84
CORRELATION	0	0	0	0
SQUARE	0	0
FOLD	92	171	171	131571	131571	0	108006
RAIL	106	151	6	85
CORRELATION	0	0	0	0
SQUARE	0	0
FOLD	93	173	173	133110	133110	0	108974
RAIL	25	231	6	86
CORRELATION	0	0	0	0
SQUARE	0	0
FOLD	94	175	175	134649	134649	0	109892
RAIL	25	232	6	87
CORRELATION	0	0	0	0
SQUARE	0	0
FOLD	95	177	177	136188	136188	0	110926
RAIL	105	151	6	88
CORRELATION	0	0	0	0
SQUARE	0	0
FOLD	96	179	179	137727	137727	0	111974
RAIL	105	152	6	89
CORRELATION	0	0	0	0
SQUARE	0	0
FOLD	97	181	181	139266	139266	0	112944
RAIL	26	230	6	90
CORRELATION	0	0	0	0
SQUARE	0	0
FOLD	98	183	183	140805	140805	0	113906
RAIL	26	231	6	91
CORRELATION	0	0	0	0
SQUARE	0	0
FOLD	99	185	185	142344	142344	0	115367
RAIL	104	152	6	92
CORRELATION	0	0	0	0
SQUARE	0	0
FOLD	100	187	187	143883	143883	0	116986
RAIL	104	153	6	93
CORRELATION	0	0	0	0
SQUARE	0	0
FOLD	101	189	189	145422	145422	0	118152
RAIL	27	229	6	94
CORRELATION	0	0	0	0
SQUARE	0	0
FOLD	102	191	191	146961	146961	0	119078
RAIL	27	230	6	95
CORRELATION	0	0	0	0
SQUARE	0	0
FOLD	103	193	193	148500	148500	0	120095
RAIL	103	153	6	96
CORRELATION	0	0	0	0
SQUARE	0	0
FOLD	104	195	195	150039	150039	0	121084
RAIL	103	154	6	97
CORRELATION	0	0	0	0
SQUARE	0	0
FOLD	105	197	197	151578	151578	0	122081
RAIL	28	228	6	98
CORRELATION	0	0	0	0
SQUARE	0	0
FOLD	106	199	199	153117	153117	0	122997
RAIL	28	229	6	99
CORRELATION	0	0	0	0
SQUARE	0	0
FOLD	107	201	201	154656	154656	0	123980
RAIL	102	154	6	100
CORRELATION	0	0	0	0
SQUARE	0	0
FOLD	108	203	203	156195	156195	0	124969
RAIL	102	155	6	101
CORRELATION	0	0	0	0
SQUARE	0	0
FOLD	109	205	205	157734	157734	0	126007
RAIL	29	227	6	102
CORRELATION	0	0	0	0
SQUARE	0	0
FOLD	110	207	207	159273	159273	0	126969
RAIL	29	228	6	103
CORRELATION	0	0	0	0
SQUARE	0	0
FOLD	111	209	209	160812	160812	0	127884
RAIL	101	155	6	104
CORRELATION	0	0	0	0
SQUARE	0	0
FOLD	112	211	211	162351	162351	0	128802
RAIL	101	156	6	105
CORRELATION	0	0	0	0
SQUARE	0	0
FOLD	113	213	213	163890	163890	0	129772
RAIL	30	226	6	106
CORRELATION	0	0	0	0
SQUARE	0	0
FOLD	114	215	215	165429	165429	0	130789
RAIL	30	227	6	107
CORRELATION	0	0	0	0
SQUARE	0	0
FOLD	115	217	217	166968	166968	0	131796
RAIL	100	156	6	108
CORRELATION	0	0	0	0
SQUARE	0	0
FOLD	116	219	219	168507	168507	0	132751
RAIL	100	157	6	109
CORRELATION	0	0	0	0
SQUARE	0	0
FOLD	117	221	221	170046	170046	0	133717
RAIL	31	225	6	110
CORRELATION	0	0	0	0
SQUARE	0	0
FOLD	118	223	223	171585	171585	0	134713
RAIL	31	226	6	111
CORRELATION	0	0	0	0
SQUARE	0	0
FOLD	119	225	225	173124	173124	0	135738
RAIL	99	157	6	112
CORRELATION	0	0	0	0
SQUARE	0	0
FOLD	120	227	227	174663	174663	0	137766
RAIL	99	158	6	113
CORRELATION	0	0	0	0
SQUARE	0	0
FOLD	121	229	229	176202	176202	0	139615
RAIL	32	224	6	114
CORRELATION	0	0	0	0
SQUARE	0	0
FOLD	122	231	231	177741	177741	0	141267
RAIL	32	225	6	115
CORRELATION	0	0	0	0
SQUARE	0	0
FOLD	123	233	233	179280	179280	0	143145
RAIL	98	158	6	116
CORRELATION	0	0	0	0
SQUARE	0	0
FOLD	124	235	235	180819	180819	0	144852
RAIL	98	159	6	117
CORRELATION	0	0	0	0
SQUARE	0	0
FOLD	125	237	237	182358	182358	0	146881
RAIL	33	223	6	118
CORRELATION	0	0	0	0
SQUARE	0	0
FOLD	126	239	239	183897	183897	0	147831
RAIL	33	224	6	119
CORRELATION	0	0	0	0
SQUARE	0	0
FOLD	127	241	241	185436	185436	0	149000
RAIL	97	159	6	120
CORRELATION	0	0	0	0
SQUARE	0	0
FOLD	128	243	243	186975	186975	0	150115
RAIL	97	160	6	121
CORRELATION	0	0	0	0
SQUARE	0	0
FOLD	129	245	245	188514	188514	0	151238
RAIL	34	222	6	122
CORRELATION	0	0	0	0
SQUARE	0	0
FOLD	130	247	247	190053	190053	0	152363
RAIL	34	223	6	123
CORRELATION	0	0	0	0
SQUARE	0	0
FOLD	131	249	249	191592	191592	0	153345
RAIL	96	160	6	124
CORRELATION	0	0	0	0
SQUARE	0	0
FOLD	132	251	251	193131	193131	0	154461
RAIL	96	161	6	125
CORRELATION	0	0	0	0
SQUARE	0	0
FOLD	133	253	253	194670	194670	0	155479
RAIL	35	221	6	126
CORRELATION	0	0	0	0
SQUARE	0	0
FOLD	134	255	255	196209	196209	0	157446
RAIL	35	222	6	127
CORRELATION	0	0	0	0
SQUARE	0	0
FOLD	135	257	257	197748	197748	0	158518
RAIL	95	161	6	128
CORRELATION	0	0	0	0
SQUARE	0	0
FOLD	136	259	259	199287	199287	0	159473
RAIL	95	162	6	129
CORRELATION	0	0	0	0
SQUARE	0	0
FOLD	137	261	261	200826	200826	0	160580
RAIL	36	220	6	130
CORRELATION	0	0	0	0
SQUARE	0	0
FOLD	138	263	263	202365	202365	0	161487
RAIL	36	221	6	131
CORRELATION	0	0	0	0
SQUARE	0	0
FOLD	139	265	265	203904	203904	0	162577
RAIL	94	162	6	132
CORRELATION	0	0	0	0
SQUARE	0	0
FOLD	140	267	267	205443	205443	0	163626
RAIL	94	163	6	133
CORRELATION	0	0	0	0
SQUARE	0	0
FOLD	141	269	269	206982	206982	0	164649
RAIL	37	219	6	134
CORRELATION	0	0	0	0
SQUARE	0	0
FOLD	142	271	271	208521	208521	0	165584
RAIL	37	220	6	135
CORRELATION	0	0	0	0
SQUARE	0	0
FOLD	143	273	273	210060	210060	0	166796
RAIL	93	163	6	136
CORRELATION	0	0	0	0
SQUARE	0	0
FOLD	144	275	275	211599	211599	0	167851
RAIL	93	164	6	137
CORRELATION	0	0	0	0
SQUARE	0	0
FOLD	145	277	277	213138	213138	0	168889
RAIL	38	218	6	138
CORRELATION	0	0	0	0
SQUARE	0	0
FOLD	146	279	279	214677	214677	0	169869
RAIL	38	219	6	139
CORRELATION	0	0	0	0
SQUARE	0	0
FOLD	147	281	281	216216	216216	0	170812
RAIL	92	164	6	140
CORRELATION	0	0	0	0
SQUARE	0	0
FOLD	148	283	283	217755	217755	0	171798
RAIL	92	165	6	141
CORRELATION	0	0	0	0
SQUARE	0	0
FOLD	149	285	285	219294	219294	0	172792
RAIL	39	217	6	142
CORRELATION	0	0	0	0
SQUARE	0	0
FOLD	150	287	287	220833	220833	0	173772
RAIL	39	218	6	143
CORRELATION	0	0	0	0
SQUARE	0	0
FOLD	151	289	289	222372	222372	0	174798
RAIL	91	165	6	144
CORRELATION	0	0	0	0
SQUARE	0	0
FOLD	152	291	291	223911	223911	0	175887
RAIL	91	166	6	145
CORRELATION	0	0	0	0
SQUARE	0	0
FOLD	153	293	293	225450	225450	0	176845
RAIL	40	216	6	146
CORRELATION	0	0	0	0
SQUARE	0	0
FOLD	154	295	295	226989	226989	0	177833
RAIL	40	217	6	147
CORRELATION	0	0	0	0
SQUARE	0	0
FOLD	155	297	297	228528	228528	0	178750
RAIL	90	166	6	148
CORRELATION	0	0	0	0
SQUARE	0	0
FOLD	156	299	299	230067	230067	0	179738
RAIL	90	167	6	149
CORRELATION	0	0	0	0
SQUARE	0	0
FOLD	157	301	301	231606	231606	0	180672
RAIL	41	215	6	150
CORRELATION	0	0	0	0
SQUARE	0	0
FOLD	158	303	303	233145	233145	0	181716
RAIL	41	216	6	151
CORRELATION	0	0	0	0
SQUARE	0	0
FOLD	159	305	305	234684	234684	0	182692
RAIL	89	167	6	152
CORRELATION	0	0	0	0
SQUARE	0	0
FOLD	160	307	307	236223	236223	0	183714
RAIL	89	168	6	153
CORRELATION	0	0	0	0
SQUARE	0	0
FOLD	161	309	309	237762	237762	0	184655
RAIL	42	214	6	154
CORRELATION	0	0	0	0
SQUARE	0	0
FOLD	162	311	311	239301	239301	0	186527
RAIL	42	215	6	155
CORRELATION	0	0	0	0
SQUARE	0	0
FOLD	163	313	313	240840	240840	0	187558
RAIL	88	168	6	156
CORRELATION	0	0	0	0
SQUARE	0	0
FOLD	164	315	315	242379	242379	0	188491
RAIL	88	169	6	157
CORRELATION	0	0	0	0
SQUARE	0	0
FOLD	165	317	317	243918	243918	0	189513
RAIL	43	213	6	158
CORRELATION	0	0	0	0
SQUARE	0	0
FOLD	166	319	319	245457	245457	0	190546
RAIL	43	214	6	159
CORRELATION	0	0	0	0
SQUARE	0	0
FOLD	167	321	321	246996	246996	0	191526
RAIL	87	169	6	160
CORRELATION	0	0	0	0
SQUARE	0	0
FOLD	168	323	323	248535	248535	0	192409
RAIL	87	170	6	161
CORRELATION	0	0	0	0
SQUARE	0	0
FOLD	169	325	325	250074	250074	0	193339
RAIL	44	212	6	162
CORRELATION	0	0	0	0
SQUARE	0	0
FOLD	170	327	327	251613	251613	0	194248
RAIL	44	213	6	163
CORRELATION	0	0	0	0
SQUARE	0	0
FOLD	171	329	329	253152	253152	0	195190
RAIL	86	170	6	164
CORRELATION	0	0	0	0
SQUARE	0	0
FOLD	172	331	331	254691	254691	0	196077
RAIL	86	171	6	165
CORRELATION	0	0	0	0
SQUARE	0	0
FOLD	173	333	333	256230	256230	0	197081
RAIL	45	211	6	166
CORRELATION	0	0	0	0
SQUARE	0	0
FOLD	174	335	335	257769	257769	0	198387
RAIL	45	212	6	167
CORRELATION	0	0	0	0
SQUARE	0	0
FOLD	175	337	337	259308	259308	0	199382
RAIL	85	171	6	168
CORRELATION	0	0	0	0
SQUARE	0	0
FOLD	176	339	339	260847	260847	0	200317
RAIL	85	172	6	169
CORRELATION	0	0	0	0
SQUARE	0	0
FOLD	177	341	341	262386	262386	0	201291
RAIL	46	210	6	170
CORRELATION	0	0	0	0
SQUARE	0	0
FOLD	178	343	343	263925	263925	0	202366
RAIL	46	211	6	171
CORRELATION	0	0	0	0
SQUARE	0	0
FOLD	179	345	345	265464	265464	0	203379
RAIL	84	172	6	172
CORRELATION	0	0	0	0
SQUARE	0	0
FOLD	180	347	347	267003	267003	0	204273
RAIL	84	173	6	173
CORRELATION	0	0	0	0
SQUARE	0	0
FOLD	181	349	349	268542	268542	0	205234
RAIL	47	209	6	174
CORRELATION	0	0	0	0
SQUARE	0	0
FOLD	182	351	351	270081	270081	0	206188
RAIL	47	210	6	175
CORRELATION	0	0	0	0
SQUARE	0	0
FOLD	183	353	353	271620	271620	0	207134
RAIL	83	173	6	176
CORRELATION	0	0	0	0
SQUARE	0	0
FOLD	184	355	355	273159	273159	0	208028
RAIL	83	174	6	177
CORRELATION	0	0	0	0
SQUARE	0	0
FOLD	185	357	357	274698	274698	0	208945
RAIL	48	208	6	178
CORRELATION	0	0	0	0
SQUARE	0	0
FOLD	186	359	359	276237	276237	0	209981
RAIL	48	209	6	179
CORRELATION	0	0	0	0
SQUARE	0	0
FOLD	187	361	361	277776	277776	0	210951
RAIL	82	174	6	180
CORRELATION	0	0	0	0
SQUARE	0	0
FOLD	188	363	363	279315	279315	0	211929
RAIL	82	175	6	181
CORRELATION	0	0	0	0
SQUARE	0	0
FOLD	189	365	365	280854	280854	0	212890
RAIL	49	207	6	182
CORRELATION	0	0	0	0
SQUARE	0	0
FOLD	190	367	367	282393	282393	0	215383
RAIL	49	208	6	183
CORRELATION	0	0	0	0
SQUARE	0	0
FOLD	191	369	369	283932	283932	0	216339
RAIL	81	175	6	184
CORRELATION	0	0	0	0
SQUARE	0	0
FOLD	192	371	371	285471	285471	0	217275
RAIL	81	176	6	185
CORRELATION	0	0	0	0
SQUARE	0	0
FOLD	193	373	373	287010	287010	0	218242
RAIL	50	206	6	186
CORRELATION	0	0	0	0
SQUARE	0	0
FOLD	194	375	375	288549	288549	0	219148
RAIL	50	207	6	187
CORRELATION	0	0	0	0
SQUARE	0	0
FOLD	195	377	377	290088	290088	0	220015
RAIL	80	176	6	188
CORRELATION	0	0	0	0
SQUARE	0	0
FOLD	196	379	379	291627	291627	0	220950
RAIL	80	177	6	189
CORRELATION	0	0	0	0
SQUARE	0	0
FOLD	197	381	381	293166	293166	0	221833
RAIL	51	205	6	190
CORRELATION	0	0	0	0
SQUARE	0	0
FOLD	198	383	383	294705	294705	0	222724
RAIL	51	206	6	191
CORRELATION	0	0	0	0
SQUARE	0	0
FOLD	199	385	385	296244	296244	0	223674
RAIL	79	177	6	192
CORRELATION	0	0	0	0
SQUARE	0	0
FOLD	200	387	387	297783	297783	0	224594
RAIL	79	178	6	193
CORRELATION	0	0	0	0
SQUARE	0	0
FOLD	201	389	389	299322	299322	0	225569
RAIL	52	204	6	194
CORRELATION	0	0	0	0
SQUARE	0	0
FOLD	202	391	391	300861	300861	0	226547
RAIL	52	205	6	195
CORRELATION	0	0	0	0
SQUARE	0	0
FOLD	203	393	393	302400	302400	0	227471
RAIL	78	178	6	196
CORRELATION	0	0	0	0
SQUARE	0	0
FOLD	204	395	395	303939	303939	0	228339
RAIL	78	179	6	197
CORRELATION	0	0	0	0
SQUARE	0	0
FOLD	205	397	397	305478	305478	0	229597
RAIL	53	203	6	198
CORRELATION	0	0	0	0
SQUARE	0	0
FOLD	206	399	399	307017	307017	0	230884
RAIL	53	204	6	199
CORRELATION	0	0	0	0
SQUARE	0	0
FOLD	207	401	401	308556	308556	0	231805
RAIL	77	179	6	200
CORRELATION	0	0	0	0
SQUARE	0	0
FOLD	208	403	403	310095	310095	0	232705
RAIL	77	180	6	201
CORRELATION	0	0	0	0
SQUARE	0	0
FOLD	209	405	405	311634	311634	0	233655
RAIL	54	202	6	202
CORRELATION	0	0	0	0
SQUARE	0	0
FOLD	210	407	407	313173	313173	0	234563
RAIL	54	203	6	203
CORRELATION	0	0	0	0
SQUARE	0	0
FOLD	211	409	409	314712	314712	0	235508
RAIL	76	180	6	204
CORRELATION	0	0	0	0
SQUARE	0	0
FOLD	212	411	411	316251	316251	0	236419
RAIL	76	181	6	205
CORRELATION	0	0	0	0
SQUARE	0	0
FOLD	213	413	413	317790	317790	0	237360
RAIL	55	201	6	206
CORRELATION	0	0	0	0
SQUARE	0	0
FOLD	214	415	415	319329	319329	0	238321
RAIL	55	202	6	207
CORRELATION	0	0	0	0
SQUARE	0	0
FOLD	215	417	417	320868	320868	0	239316
RAIL	75	181	6	208
CORRELATION	0	0	0	0
SQUARE	0	0
FOLD	216	419	419	322407	322407	0	240213
RAIL	75	182	6	209
CORRELATION	0	0	0	0
SQUARE	0	0
FOLD	217	421	421	323946	323946	0	241199
RAIL	56	200	6	210
CORRELATION	0	0	0	0
SQUARE	0	0
FOLD	218	423	423	325485	325485	0	243431
RAIL	56	201	6	211
CORRELATION	0	0	0	0
SQUARE	0	0
FOLD	219	425	425	327024	327024	0	244441
RAIL	74	182	6	212
CORRELATION	0	0	0	0
SQUARE	0	0
FOLD	220	427	427	328563	328563	0	245330
RAIL	74	183	6	213
CORRELATION	0	0	0	0
SQUARE	0	0
FOLD	221	429	429	330102	330102	0	246406
RAIL	57	199	6	214
CORRELATION	0	0	0	0
SQUARE	0	0
FOLD	222	431	431	331641	331641	0	247306
RAIL	57	200	6	215
CORRELATION	0	0	0	0
SQUARE	0	0
FOLD	223	433	433	333180	333180	0	248269
RAIL	73	183	6	216
CORRELATION	0	0	0	0
SQUARE	0	0
FOLD	224	435	435	334719	334719	0	249198
RAIL	73	184	6	217
CORRELATION	0	0	0	0
SQUARE	0	0
FOLD	225	437	437	336258	336258	0	250292
RAIL	58	198	6	218
CORRELATION	0	0	0	0
SQUARE	0	0
FOLD	226	439	439	337797	337797	0	251310
RAIL	58	199	6	219
CORRELATION	0	0	0	0
SQUARE	0	0
FOLD	227	441	441	339336	339336	0	252361
RAIL	72	184	6	220
CORRELATION	0	0	0	0
SQUARE	0	0
FOLD	228	443	443	340875	340875	0	253324
RAIL	72	185	6	221
CORRELATION	0	0	0	0
SQUARE	0	0
FOLD	229	445	445	342414	342414	0	254348
RAIL	59	197	6	222
CORRELATION	0	0	0	0
SQUARE	0	0
FOLD	230	447	447	343953	343953	0	255279
RAIL	59	198	6	223
CORRELATION	0	0	0	0
SQUARE	0	0
FOLD	231	449	449	345492	345492	0	256244
RAIL	71	185	6	224
CORRELATION	0	0	0	0
SQUARE	0	0
FOLD	232	451	451	347031	347031	0	257171
RAIL	71	186	6	225
CORRELATION	0	0	0	0
SQUARE	0	0
FOLD	233	453	453	348570	348570	0	258248
RAIL	60	196	6	226
CORRELATION	0	0	0	0
SQUARE	0	0
FOLD	234	455	455	350109	350109	0	259235
RAIL	60	197	6	227
CORRELATION	0	0	0	0
SQUARE	0	0
FOLD	235	457	457	351648	351648	0	260172
RAIL	70	186	6	228
CORRELATION	0	0	0	0
SQUARE	0	0
FOLD	236	459	459	353187	353187	0	261206
RAIL	70	187	6	229
CORRELATION	0	0	0	0
SQUARE	0	0
FOLD	237	461	461	354726	354726	0	262290
RAIL	61	195	6	230
CORRELATION	0	0	0	0
SQUARE	0	0
FOLD	238	463	463	356265	356265	0	263240
RAIL	61	196	6	231
CORRELATION	0	0	0	0
SQUARE	0	0
FOLD	239	465	465	357804	357804	0	264279
RAIL	69	187	6	232
CORRELATION	0	0	0	0
SQUARE	0	0
FOLD	240	467	467	359343	359343	0	265233
RAIL	69	188	6	233
CORRELATION	0	0	0	0
SQUARE	0	0
FOLD	241	469	469	360882	360882	0	266273
RAIL	62	194	6	234
CORRELATION	0	0	0	0
SQUARE	0	0
FOLD	242	471	471	362421	362421	0	267205
RAIL	62	195	6	235
CORRELATION	0	0	0	0
SQUARE	0	0
FOLD	243	473	473	363960	363960	0	268246
RAIL	68	188	6	236
CORRELATION	0	0	0	0
SQUARE	0	0
FOLD	244	475	475	365499	365499	0	269179
RAIL	68	189	6	237
CORRELATION	0	0	0	0
SQUARE	0	0
FOLD	245	477	477	367038	367038	0	270194
RAIL	63	193	6	238
CORRELATION	0	0	0	0
SQUARE	0	0
FOLD	246	479	479	368577	368577	0	271099
RAIL	63	194	6	239
CORRELATION	0	0	0	0
SQUARE	0	0
FOLD	247	481	481	370116	370116	0	272117
RAIL	67	189	6	240
CORRELATION	0	0	0	0
SQUARE	0	0
FOLD	248	483	483	371655	371655	0	276731
RAIL	67	190	6	241
CORRELATION	0	0	0	0
SQUARE	0	0
FOLD	249	485	485	373194	373194	0	278465
RAIL	64	192	6	242
CORRELATION	0	0	0	0
SQUARE	0	0
FOLD	250	487	487	374733	374733	0	280161
RAIL	64	193	6	243
CORRELATION	0	0	0	0
SQUARE	0	0
FOLD	251	489	489	376272	376272	0	281850
RAIL	66	190	6	244
CORRELATION	0	0	0	0
SQUARE	0	0
FOLD	252	491	491	377811	377811	0	283463
RAIL	66	191	6	245
CORRELATION	0	0	0	0
SQUARE	0	0
FOLD	253	493	493	379350	379350	0	285152
RAIL	65	191	6	246
CORRELATION	0	0	0	0
SQUARE	0	0
FOLD	254	495	495	380889	380889	0	286838
RAIL	65	192	6	247
CORRELATION	0	0	0	0
SQUARE	0	0
FOLD	254	495	495	380889	380889	0	297215
RAIL	65	192	6	248
CORRELATION	0	0	32759	49269
SQUARE	1	454
FOLD	254	495	495	380889	380889	0	297247
RAIL	65	192	6	248
CORRELATION	0	0	32759	49269
SQUARE	2	455
FOLD	254	495	495	380889	380889	0	297424
RAIL	65	192	6	248
CORRELATION	0	0	32759	49269
SQUARE	4	458
FOLD	254	495	495	380889	380889	0	297595
RAIL	65	192	6	248
CORRELATION	0	0	32759	49269
SQUARE	8	461
FOLD	254	495	495	380889	380889	0	297786
RAIL	65	192	6	248
CORRELATION	0	0	32759	49269
SQUARE	16	463
FOLD	254	495	495	380889	380889	0	298229
RAIL	65	192	6	248
CORRELATION	0	0	32759	49269
SQUARE	32	466
FOLD	254	495	495	380889	380889	0	299003
RAIL	65	192	6	248
CORRELATION	0	0	32759	49269
SQUARE	64	468
FOLD	254	495	495	380889	380889	0	300415
RAIL	65	192	6	248
CORRELATION	0	0	32759	49269
SQUARE	128	471
FOLD	254	495	495	380889	380889	0	303709
RAIL	65	192	6	248
CORRELATION	0	0	32759	49269
SQUARE	256	473
FOLD	254	495	495	380889	380889	0	304069
RAIL	65	192	6	248
CORRELATION	1	0	32759	49269
SQUARE	256	473
FOLD	254	495	495	380889	380889	0	309997
RAIL	65	192	6	248
CORRELATION	1	0	32759	49269
SQUARE	512	476
FOLD	254	495	495	380889	380889	0	310426
RAIL	65	192	6	248
CORRELATION	2	0	32759	49269
SQUARE	512	476
FOLD	255	496	496	381660	381660	0	316324
RAIL	128	128	6	248
CORRELATION	3	0	32759	49269
SQUARE	768	478
FOLD	255	496	496	381660	381660	0	320430
RAIL	128	128	6	249
CORRELATION	3	0	32759	49269
SQUARE	1024	478
FOLD	255	496	496	381660	381660	0	320527
RAIL	128	128	6	249
CORRELATION	4	0	32759	49269
SQUARE	1024	478
FOLD	256	497	497	382428	382428	0	320537
RAIL	128	129	6	249
CORRELATION	4	0	32759	49269
SQUARE	1024	478
FOLD	257	498	498	383199	383199	0	323528
RAIL	3	253	6	250
CORRELATION	5	0	32759	49269
SQUARE	1280	478
FOLD	258	497	498	382431	383199	0	328531
RAIL	127	129	7	251
CORRELATION	7	0	32759	49269
SQUARE	2048	481
FOLD	258	497	498	382431	383199	0	328598
RAIL	127	129	7	251
CORRELATION	8	0	32759	49269
SQUARE	2048	481
FOLD	260	499	499	383970	383970	0	331148
RAIL	4	252	7	252
CORRELATION	9	0	32759	49269
SQUARE	2304	481
FOLD	263	500	500	384741	384741	0	338993
RAIL	5	251	8	254
CORRELATION	13	0	32759	49269
SQUARE	3328	483
FOLD	264	501	501	385509	385509	0	344089
RAIL	125	131	8	255
CORRELATION	15	0	32759	49269
SQUARE	3840	483
FOLD	264	501	501	385509	385509	0	346389
RAIL	125	131	8	256
CORRELATION	15	0	32759	49269
SQUARE	4096	483
FOLD	264	501	501	385509	385509	0	346649
RAIL	125	131	8	256
CORRELATION	16	0	32759	49269
SQUARE	4096	483
FOLD	265	502	502	386277	386277	0	346659
RAIL	125	132	8	256
CORRELATION	16	0	32759	49269
SQUARE	4096	483
FOLD	266	503	503	387048	387048	0	348976
RAIL	6	250	8	257
CORRELATION	17	0	32759	49269
SQUARE	4352	483
FOLD	267	504	504	387816	387816	0	354145
RAIL	124	132	8	258
CORRELATION	19	0	32759	49269
SQUARE	4864	483
FOLD	268	505	505	388584	388584	0	363347
RAIL	124	133	8	259
CORRELATION	20	0	32759	49269
SQUARE	5120	483
FOLD	269	506	506	389355	389355	0	367824
RAIL	7	249	8	260
CORRELATION	21	0	32759	49269
SQUARE	5376	483
FOLD	270	507	507	390123	390123	0	371830
RAIL	7	250	8	261
CORRELATION	22	0	32759	49269
SQUARE	5632	486
FOLD	273	508	508	390891	390891	0	379300
RAIL	8	248	9	263
CORRELATION	25	0	32759	49269
SQUARE	6400	486
FOLD	274	509	509	391659	391659	0	381529
RAIL	8	249	9	264
CORRELATION	26	0	32759	49269
SQUARE	6656	486
FOLD	275	510	510	392430	392430	0	384010
RAIL	122	134	9	265
CORRELATION	27	0	32759	49269
SQUARE	6912	486
FOLD	276	511	511	393198	393198	0	386618
RAIL	122	135	9	266
CORRELATION	28	0	32759	49269
SQUARE	7168	486
FOLD	277	512	512	393969	393969	0	388831
RAIL	9	247	9	267
CORRELATION	29	0	32759	49269
SQUARE	7424	486
FOLD	278	513	513	394737	394737	0	391185
RAIL	9	248	9	268
CORRELATION	30	0	32759	49269
SQUARE	7680	486
FOLD	279	514	514	395508	395508	0	393497
RAIL	121	135	9	269
CORRELATION	31	0	32759	49269
SQUARE	7936	486
FOLD	279	514	514	395508	395508	0	395874
RAIL	121	135	9	270
CORRELATION	31	0	32759	49269
SQUARE	8192	486
FOLD	279	514	514	395508	395508	0	396188
RAIL	121	135	9	270
CORRELATION	32	0	32759	49269
SQUARE	8192	486
FOLD	280	515	515	396276	396276	0	396196
RAIL	121	136	9	270
CORRELATION	32	0	32759	49269
SQUARE	8192	486
FOLD	281	516	516	397047	397047	0	398610
RAIL	10	246	9	271
CORRELATION	33	0	32759	49269
SQUARE	8448	486
FOLD	282	517	517	397815	397815	0	400897
RAIL	10	247	9	272
CORRELATION	34	0	32759	49269
SQUARE	8704	486
FOLD	283	518	518	398586	398586	0	403461
RAIL	120	136	9	273
CORRELATION	35	0	32759	49269
SQUARE	8960	486
FOLD	284	519	519	399354	399354	0	412343
RAIL	120	137	9	274
CORRELATION	36	0	32759	49269
SQUARE	9216	486
FOLD	285	520	520	400125	400125	0	414710
RAIL	11	245	9	275
CORRELATION	37	0	32759	49269
SQUARE	9472	486
FOLD	286	521	521	400893	400893	0	417105
RAIL	11	246	9	276
CORRELATION	38	0	32759	49269
SQUARE	9728	486
FOLD	287	522	522	401664	401664	0	419516
RAIL	119	137	9	277
CORRELATION	39	0	32759	49269
SQUARE	9984	486
FOLD	288	523	523	402432	402432	0	421824
RAIL	119	138	9	278
CORRELATION	40	0	32759	49269
SQUARE	10240	486
FOLD	289	524	524	403203	403203	0	424179
RAIL	12	244	9	279
CORRELATION	41	0	32759	49269
SQUARE	10496	486
FOLD	290	525	525	403971	403971	0	427522
RAIL	12	245	9	280
CORRELATION	42	0	32759	49269
SQUARE	10752	486
FOLD	291	526	526	404742	404742	0	429835
RAIL	118	138	9	281
CORRELATION	43	0	32759	49269
SQUARE	11008	488
FOLD	292	527	527	405510	405510	0	432941
RAIL	118	139	9	282
CORRELATION	44	0	32759	49269
SQUARE	11264	488
FOLD	293	528	528	406281	406281	0	435468
RAIL	13	243	9	283
CORRELATION	45	0	32759	49269
SQUARE	11520	488
FOLD	294	529	529	407049	407049	0	437891
RAIL	13	244	9	284
CORRELATION	46	0	32759	49269
SQUARE	11776	488
FOLD	295	530	530	407820	407820	0	440260
RAIL	117	139	9	285
CORRELATION	47	0	32759	49269
SQUARE	12032	488
FOLD	296	531	531	408588	408588	0	442734
RAIL	117	140	9	286
CORRELATION	48	0	32759	49269
SQUARE	12288	488
FOLD	297	532	532	409359	409359	0	446232
RAIL	14	242	9	287
CORRELATION	49	0	32759	49269
SQUARE	12544	488
FOLD	298	533	533	410127	410127	0	448670
RAIL	14	243	9	288
CORRELATION	50	0	32759	49269
SQUARE	12800	488
FOLD	299	534	534	410898	410898	0	451221
RAIL	116	140	9	289
CORRELATION	51	0	32759	49269
SQUARE	13056	488
FOLD	300	535	535	411666	411666	0	463004
RAIL	116	141	9	290
CORRELATION	52	0	32759	49269
SQUARE	13312	488
FOLD	301	536	536	412437	412437	0	465555
RAIL	15	241	9	291
CORRELATION	53	0	32759	49269
SQUARE	13568	488
FOLD	302	537	537	413205	413205	0	468189
RAIL	15	242	9	292
CORRELATION	54	0	32759	49269
SQUARE	13824	488
FOLD	303	538	538	413976	413976	0	470678
RAIL	115	141	9	293
CORRELATION	55	0	32759	49269
SQUARE	14080	488
FOLD	304	539	539	414744	414744	0	473345
RAIL	115	142	9	294
CORRELATION	56	0	32759	49269
SQUARE	14336	488
FOLD	305	540	540	415515	415515	0	475829
RAIL	16	240	9	295
CORRELATION	57	0	32759	49269
SQUARE	14592	488
FOLD	306	541	541	416283	416283	0	478469
RAIL	16	241	9	296
CORRELATION	58	0	32759	49269
SQUARE	14848	488
FOLD	307	542	542	417054	417054	0	481104
RAIL	114	142	9	297
CORRELATION	59	0	32759	49269
SQUARE	15104	488
FOLD	308	543	543	417822	417822	0	483695
RAIL	114	143	9	298
CORRELATION	60	0	32759	49269
SQUARE	15360	488
FOLD	309	544	544	418593	418593	0	486715
RAIL	17	239	9	299
CORRELATION	61	0	32759	49269
SQUARE	15616	488
FOLD	310	545	545	419361	419361	0	489138
RAIL	17	240	9	300
CORRELATION	62	0	32759	49269
SQUARE	15872	488
FOLD	311	546	546	420132	420132	0	491567
RAIL	113	143	9	301
CORRELATION	63	0	32759	49269
SQUARE	16128	488
FOLD	311	546	546	420132	420132	0	493820
RAIL	113	143	9	302
CORRELATION	63	0	32759	49269
SQUARE	16384	488
FOLD	311	546	546	420132	420132	0	494063
RAIL	113	143	9	302
CORRELATION	64	0	32759	49269
SQUARE	16384	488
FOLD	312	547	547	420900	420900	0	494083
RAIL	113	144	9	302
CORRELATION	64	0	32759	49269
SQUARE	16384	488
FOLD	313	548	548	421671	421671	0	496846
RAIL	18	238	9	303
CORRELATION	65	0	32759	49269
SQUARE	16640	488
FOLD	314	549	549	422439	422439	0	499432
RAIL	18	239	9	304
CORRELATION	66	0	32759	49269
SQUARE	16896	488
FOLD	315	550	550	423210	423210	0	502004
RAIL	112	144	9	305
CORRELATION	67	0	32759	49269
SQUARE	17152	488
FOLD	316	551	551	423978	423978	0	504559
RAIL	112	145	9	306
CORRELATION	68	0	32759	49269
SQUARE	17408	488
FOLD	317	552	552	424749	424749	0	507239
RAIL	19	237	9	307
CORRELATION	69	0	32759	49269
SQUARE	17664	488
FOLD	318	553	553	425517	425517	0	510183
RAIL	19	238	9	308
CORRELATION	70	0	32759	49269
SQUARE	17920	488
FOLD	319	554	554	426288	426288	0	512727
RAIL	111	145	9	309
CORRELATION	71	0	32759	49269
SQUARE	18176	488
FOLD	320	555	555	427056	427056	0	515363
RAIL	111	146	9	310
CORRELATION	72	0	32759	49269
SQUARE	18432	488
FOLD	321	556	556	427827	427827	0	517787
RAIL	20	236	9	311
CORRELATION	73	0	32759	49269
SQUARE	18688	488
FOLD	322	557	557	428595	428595	0	520236
RAIL	20	237	9	312
CORRELATION	74	0	32759	49269
SQUARE	18944	488
FOLD	323	558	558	429366	429366	0	522963
RAIL	110	146	9	313
CORRELATION	75	0	32759	49269
SQUARE	19200	488
FOLD	324	559	559	430134	430134	0	525519
RAIL	110	147	9	314
CORRELATION	76	0	32759	49269
SQUARE	19456	488
FOLD	325	560	560	430905	430905	0	528306
RAIL	21	235	9	315
CORRELATION	77	0	32759	49269
SQUARE	19712	488
FOLD	326	561	561	431673	431673	0	531096
RAIL	21	236	9	316
CORRELATION	78	0	32759	49269
SQUARE	19968	488
FOLD	327	562	562	432444	432444	0	533918
RAIL	109	147	9	317
CORRELATION	79	0	32759	49269
SQUARE	20224	488
FOLD	328	563	563	433212	433212	0	536484
RAIL	109	148	9	318
CORRELATION	80	0	32759	49269
SQUARE	20480	488
FOLD	329	564	564	433983	433983	0	539262
RAIL	22	234	9	319
CORRELATION	81	0	32759	49269
SQUARE	20736	488
FOLD	330	565	565	434751	434751	0	541562
RAIL	22	235	9	320
CORRELATION	82	0	32759	49269
SQUARE	20992	488
FOLD	331	566	566	435522	435522	0	544208
RAIL	108	148	9	321
CORRELATION	83	0	32759	49269
SQUARE	21248	488
FOLD	332	567	567	436290	436290	0	546781
RAIL	108	149	9	322
CORRELATION	84	0	32759	49269
SQUARE	21504	488
FOLD	333	568	568	437061	437061	0	549269
RAIL	23	233	9	323
CORRELATION	85	0	32759	49269
SQUARE	21760	491
FOLD	334	569	569	437829	437829	0	551820
RAIL	23	234	9	324
CORRELATION	86	0	32759	49269
SQUARE	22016	491
FOLD	335	570	570	438600	438600	0	554214
RAIL	107	149	9	325
CORRELATION	87	0	32759	49269
SQUARE	22272	491
FOLD	336	571	571	439368	439368	0	556863
RAIL	107	150	9	326
CORRELATION	88	0	32759	49269
SQUARE	22528	491
FOLD	337	572	572	440139	440139	0	559636
RAIL	24	232	9	327
CORRELATION	89	0	32759	49269
SQUARE	22784	491
FOLD	338	573	573	440907	440907	0	562344
RAIL	24	233	9	328
CORRELATION	90	0	32759	49269
SQUARE	23040	491
FOLD	339	574	574	441678	441678	0	564822
RAIL	106	150	9	329
CORRELATION	91	0	32759	49269
SQUARE	23296	491
FOLD	340	575	575	442446	442446	0	567428
RAIL	106	151	9	330
CORRELATION	92	0	32759	49269
SQUARE	23552	491
FOLD	341	576	576	443217	443217	0	569893
RAIL	25	231	9	331
CORRELATION	93	0	32759	49269
SQUARE	23808	491
FOLD	342	577	577	443985	443985	0	572390
RAIL	25	232	9	332
CORRELATION	94	0	32759	49269
SQUARE	24064	491
FOLD	343	578	578	444756	444756	0	575051
RAIL	105	151	9	333
CORRELATION	95	0	32759	49269
SQUARE	24320	491
FOLD	344	579	579	445524	445524	0	577669
RAIL	105	152	9	334
CORRELATION	96	0	32759	49269
SQUARE	24576	491
FOLD	345	580	580	446295	446295	0	580257
RAIL	26	230	9	335
CORRELATION	97	0	32759	49269
SQUARE	24832	491
FOLD	346	581	581	447063	447063	0	582851
RAIL	26	231	9	336
CORRELATION	98	0	32759	49269
SQUARE	25088	491
FOLD	347	582	582	447834	447834	0	585481
RAIL	104	152	9	337
CORRELATION	99	0	32759	49269
SQUARE	25344	491
FOLD	348	583	583	448602	448602	0	588158
RAIL	104	153	9	338
CORRELATION	100	0	32759	49269
SQUARE	25600	491
FOLD	349	584	584	449373	449373	0	590711
RAIL	27	229	9	339
CORRELATION	101	0	32759	49269
SQUARE	25856	491
FOLD	350	585	585	450141	450141	0	593119
RAIL	27	230	9	340
CORRELATION	102	0	32759	49269
SQUARE	26112	491
FOLD	351	586	586	450912	450912	0	596646
RAIL	103	153	9	341
CORRELATION	103	0	32759	49269
SQUARE	26368	491
FOLD	352	587	587	451680	451680	0	599399
RAIL	103	154	9	342
CORRELATION	104	0	32759	49269
SQUARE	26624	491
FOLD	353	588	588	452451	452451	0	601798
RAIL	28	228	9	343
CORRELATION	105	0	32759	49269
SQUARE	26880	491
FOLD	354	589	589	453219	453219	0	604337
RAIL	28	229	9	344
CORRELATION	106	0	32759	49269
SQUARE	27136	491
FOLD	355	590	590	453990	453990	0	606728
RAIL	102	154	9	345
CORRELATION	107	0	32759	49269
SQUARE	27392	491
FOLD	356	591	591	454758	454758	0	609307
RAIL	102	155	9	346
CORRELATION	108	0	32759	49269
SQUARE	27648	491
FOLD	357	592	592	455529	455529	0	612007
RAIL	29	227	9	347
CORRELATION	109	0	32759	49269
SQUARE	27904	491
FOLD	358	593	593	456297	456297	0	614548
RAIL	29	228	9	348
CORRELATION	110	0	32759	49269
SQUARE	28160	491
FOLD	359	594	594	457068	457068	0	617286
RAIL	101	155	9	349
CORRELATION	111	0	32759	49269
SQUARE	28416	491
FOLD	360	595	595	457836	457836	0	621341
RAIL	101	156	9	350
CORRELATION	112	0	32759	49269
SQUARE	28672	491
FOLD	361	596	596	458607	458607	0	623983
RAIL	30	226	9	351
CORRELATION	113	0	32759	49269
SQUARE	28928	491
FOLD	362	597	597	459375	459375	0	628100
RAIL	30	227	9	352
CORRELATION	114	0	32759	49269
SQUARE	29184	491
FOLD	363	598	598	460146	460146	0	631068
RAIL	100	156	9	353
CORRELATION	115	0	32759	49269
SQUARE	29440	491
FOLD	364	599	599	460914	460914	0	635274
RAIL	100	157	9	354
CORRELATION	116	0	32759	49269
SQUARE	29696	491
FOLD	365	600	600	461685	461685	0	637851
RAIL	31	225	9	355
CORRELATION	117	0	32759	49269
SQUARE	29952	491
FOLD	366	601	601	462453	462453	0	641711
RAIL	31	226	9	356
CORRELATION	118	0	32759	49269
SQUARE	30208	491
FOLD	367	602	602	463224	463224	0	644510
RAIL	99	157	9	357
CORRELATION	119	0	32759	49269
SQUARE	30464	491
FOLD	368	603	603	463992	463992	0	648655
RAIL	99	158	9	358
CORRELATION	120	0	32759	49269
SQUARE	30720	491
FOLD	369	604	604	464763	464763	0	651334
RAIL	32	224	9	359
CORRELATION	121	0	32759	49269
SQUARE	30976	491
FOLD	370	605	605	465531	465531	0	655047
RAIL	32	225	9	360
CORRELATION	122	0	32759	49269
SQUARE	31232	491
FOLD	371	606	606	466302	466302	0	657607
RAIL	98	158	9	361
CORRELATION	123	0	32759	49269
SQUARE	31488	491
FOLD	372	607	607	467070	467070	0	661577
RAIL	98	159	9	362
CORRELATION	124	0	32759	49269
SQUARE	31744	491
FOLD	373	608	608	467841	467841	0	664441
RAIL	33	223	9	363
CORRELATION	125	0	32759	49269
SQUARE	32000	491
FOLD	374	609	609	468609	468609	0	669417
RAIL	33	224	9	364
CORRELATION	126	2	32759	49269
SQUARE	32256	491
FOLD	375	610	610	469380	469380	0	672880
RAIL	97	159	9	365
CORRELATION	127	4	32759	49269
SQUARE	32512	491
FOLD	375	610	610	469380	469380	0	676372
RAIL	97	159	9	366
CORRELATION	127	4	32759	49269
SQUARE	32768	491
FOLD	375	610	610	469380	469380	0	676500
RAIL	97	159	9	366
CORRELATION	128	4	32759	49269
SQUARE	32768	491
FOLD	376	611	611	470148	470148	0	676507
RAIL	97	160	9	366
CORRELATION	128	4	32759	49269
SQUARE	32768	491
FOLD	377	612	612	470919	470919	0	680784
RAIL	34	222	9	367
CORRELATION	129	6	32759	49269
SQUARE	33024	491
FOLD	378	613	613	471687	471687	0	685445
RAIL	34	223	9	368
CORRELATION	130	8	32759	49269
SQUARE	33280	491
FOLD	379	614	614	472458	472458	0	687837
RAIL	96	160	9	369
CORRELATION	131	8	32759	49269
SQUARE	33536	491
FOLD	380	615	615	473226	473226	0	691442
RAIL	96	161	9	370
CORRELATION	132	8	32759	49269
SQUARE	33792	491
FOLD	381	616	616	473997	473997	0	693918
RAIL	35	221	9	371
CORRELATION	133	9	32759	49269
SQUARE	34048	491
FOLD	382	617	617	474765	474765	0	697915
RAIL	35	222	9	372
CORRELATION	134	11	32759	49269
SQUARE	34304	491
FOLD	383	618	618	475536	475536	0	704827
RAIL	95	161	9	373
CORRELATION	135	13	32759	49269
SQUARE	34560	491
FOLD	384	619	619	476304	476304	0	710211
RAIL	95	162	9	374
CORRELATION	136	13	32759	49269
SQUARE	34816	491
FOLD	385	620	620	477075	477075	0	717920
RAIL	36	220	9	375
CORRELATION	137	15	32759	49269
SQUARE	35072	491
FOLD	386	621	621	477843	477843	0	721247
RAIL	36	221	9	376
CORRELATION	138	17	32759	49269
SQUARE	35328	491
FOLD	387	622	622	478614	478614	0	723691
RAIL	94	162	9	377
CORRELATION	139	17	32759	49269
SQUARE	35584	491
FOLD	388	623	623	479382	479382	0	726951
RAIL	94	163	9	378
CORRELATION	140	18	32759	49269
SQUARE	35840	491
FOLD	389	624	624	480153	480153	0	729611
RAIL	37	219	9	379
CORRELATION	141	18	32759	49269
SQUARE	36096	491
FOLD	390	625	625	480921	480921	0	732190
RAIL	37	220	9	380
CORRELATION	142	18	32759	49269
SQUARE	36352	491
FOLD	391	626	626	481692	481692	0	734562
RAIL	93	163	9	381
CORRELATION	143	18	32759	49269
SQUARE	36608	491
FOLD	392	627	627	482460	482460	0	737429
RAIL	93	164	9	382
CORRELATION	144	19	32759	49269
SQUARE	36864	491
FOLD	393	628	628	483231	483231	0	745090
RAIL	38	218	9	383
CORRELATION	145	21	32759	49269
SQUARE	37120	491
FOLD	394	629	629	483999	483999	0	747936
RAIL	38	219	9	384
CORRELATION	146	21	32759	49269
SQUARE	37376	491
FOLD	395	630	630	484770	484770	0	757985
RAIL	92	164	9	385
CORRELATION	147	23	32759	49269
SQUARE	37632	491
FOLD	396	631	631	485538	485538	0	768682
RAIL	92	165	9	386
CORRELATION	148	25	32759	49269
SQUARE	37888	491
FOLD	397	632	632	486309	486309	0	771420
RAIL	39	217	9	387
CORRELATION	149	25	32759	49269
SQUARE	38144	491
FOLD	398	633	633	487077	487077	0	782175
RAIL	39	218	9	388
CORRELATION	150	27	32759	49269
SQUARE	38400	491
FOLD	399	634	634	487848	487848	0	787765
RAIL	91	165	9	389
CORRELATION	151	29	32759	49269
SQUARE	38656	491
FOLD	400	635	635	488616	488616	0	790285
RAIL	91	166	9	390
CORRELATION	152	29	32759	49269
SQUARE	38912	491
FOLD	401	636	636	489387	489387	0	792985
RAIL	40	216	9	391
CORRELATION	153	29	32759	49269
SQUARE	39168	491
FOLD	402	637	637	490155	490155	0	795751
RAIL	40	217	9	392
CORRELATION	154	29	32759	49269
SQUARE	39424	491
FOLD	403	638	638	490926	490926	0	805086
RAIL	90	166	9	393
CORRELATION	155	33	32759	49269
SQUARE	39680	491
FOLD	404	639	639	491694	491694	0	807500
RAIL	90	167	9	394
CORRELATION	156	33	32759	49269
SQUARE	39936	491
FOLD	405	640	640	492465	492465	0	810513
RAIL	41	215	9	395
CORRELATION	157	33	32759	49269
SQUARE	40192	491
FOLD	406	641	641	493233	493233	0	817448
RAIL	41	216	9	396
CORRELATION	158	36	32759	49269
SQUARE	40448	491
FOLD	407	642	642	494004	494004	0	820028
RAIL	89	167	9	397
CORRELATION	159	36	32759	49269
SQUARE	40704	491
FOLD	408	643	643	494772	494772	0	825938
RAIL	89	168	9	398
CORRELATION	160	39	32759	49269
SQUARE	40960	491
FOLD	409	644	644	495543	495543	0	828562
RAIL	42	214	9	399
CORRELATION	161	39	32759	49269
SQUARE	41216	491
FOLD	410	645	645	496311	496311	0	830925
RAIL	42	215	9	400
CORRELATION	162	39	32759	49269
SQUARE	41472	491
FOLD	411	646	646	497082	497082	0	833557
RAIL	88	168	9	401
CORRELATION	163	39	32759	49269
SQUARE	41728	491
FOLD	412	647	647	497850	497850	0	836157
RAIL	88	169	9	402
CORRELATION	164	40	32759	49269
SQUARE	41984	491
FOLD	413	648	648	498621	498621	0	838927
RAIL	43	213	9	403
CORRELATION	165	40	32759	49269
SQUARE	42240	491
FOLD	414	649	649	499389	499389	0	849511
RAIL	43	214	9	404
CORRELATION	166	42	32759	49269
SQUARE	42496	491
FOLD	415	650	650	500160	500160	0	858536
RAIL	87	169	9	405
CORRELATION	167	44	32759	49269
SQUARE	42752	491
FOLD	416	651	651	500928	500928	0	860917
RAIL	87	170	9	406
CORRELATION	168	44	32759	49269
SQUARE	43008	491
FOLD	417	652	652	501699	501699	0	863645
RAIL	44	212	9	407
CORRELATION	169	44	32759	49269
SQUARE	43264	491
FOLD	418	653	653	502467	502467	0	874952
RAIL	44	213	9	408
CORRELATION	170	46	32759	49269
SQUARE	43520	493
FOLD	419	654	654	503238	503238	0	882596
RAIL	86	170	9	409
CORRELATION	171	48	32759	49269
SQUARE	43776	493
FOLD	420	655	655	504006	504006	0	885512
RAIL	86	171	9	410
CORRELATION	172	49	32759	49269
SQUARE	44032	493
FOLD	421	656	656	504777	504777	0	897744
RAIL	45	211	9	411
CORRELATION	173	51	32759	49269
SQUARE	44288	493
FOLD	422	657	657	505545	505545	0	900251
RAIL	45	212	9	412
CORRELATION	174	51	32759	49269
SQUARE	44544	493
FOLD	423	658	658	506316	506316	0	902834
RAIL	85	171	9	413
CORRELATION	175	51	32759	49269
SQUARE	44800	493
FOLD	424	659	659	507084	507084	0	910833
RAIL	85	172	9	414
CORRELATION	176	53	32759	49269
SQUARE	45056	493
FOLD	425	660	660	507855	507855	0	913297
RAIL	46	210	9	415
CORRELATION	177	53	32759	49269
SQUARE	45312	493
FOLD	426	661	661	508623	508623	0	919176
RAIL	46	211	9	416
CORRELATION	178	56	32759	49269
SQUARE	45568	493
FOLD	427	662	662	509394	509394	0	921701
RAIL	84	172	9	417
CORRELATION	179	56	32759	49269
SQUARE	45824	493
FOLD	428	663	663	510162	510162	0	924655
RAIL	84	173	9	418
CORRELATION	180	57	32759	49269
SQUARE	46080	493
FOLD	429	664	664	510933	510933	0	937150
RAIL	47	209	9	419
CORRELATION	181	59	32759	49269
SQUARE	46336	493
FOLD	430	665	665	511701	511701	0	943297
RAIL	47	210	9	420
CORRELATION	182	59	32759	49269
SQUARE	46592	493
FOLD	431	666	666	512472	512472	0	955596
RAIL	83	173	9	421
CORRELATION	183	61	32759	49269
SQUARE	46848	493
FOLD	432	667	667	513240	513240	0	970916
RAIL	83	174	9	422
CORRELATION	184	63	32759	49269
SQUARE	47104	493
FOLD	433	668	668	514011	514011	0	982992
RAIL	48	208	9	423
CORRELATION	185	63	32759	49269
SQUARE	47360	493
FOLD	434	669	669	514779	514779	0	991500
RAIL	48	209	9	424
CORRELATION	186	63	32759	49269
SQUARE	47616	493
FOLD	435	670	670	515550	515550	0	1001360
RAIL	82	174	9	425
CORRELATION	187	63	32759	49269
SQUARE	47872	493
FOLD	436	671	671	516318	516318	0	1003958
RAIL	82	175	9	426
CORRELATION	188	64	32759	49269
SQUARE	48128	493
FOLD	437	672	672	517089	517089	0	1006571
RAIL	49	207	9	427
CORRELATION	189	64	32759	49269
SQUARE	48384	493
FOLD	438	673	673	517857	517857	0	1009108
RAIL	49	208	9	428
CORRELATION	190	64	32759	49269
SQUARE	48640	493
FOLD	439	674	674	518628	518628	0	1012015
RAIL	81	175	9	429
CORRELATION	191	66	32759	49269
SQUARE	48896	493
FOLD	440	675	675	519396	519396	0	1014352
RAIL	81	176	9	430
CORRELATION	192	66	32759	49269
SQUARE	49152	493
FOLD	441	676	676	520167	520167	0	1016914
RAIL	50	206	9	431
CORRELATION	193	67	32759	49269
SQUARE	49408	493
FOLD	442	677	677	520935	520935	0	1019452
RAIL	50	207	9	432
CORRELATION	194	67	32759	49269
SQUARE	49664	493
FOLD	443	678	678	521706	521706	0	1021854
RAIL	80	176	9	433
CORRELATION	195	68	32759	49269
SQUARE	49920	493
FOLD	444	679	679	522474	522474	0	1025336
RAIL	80	177	9	434
CORRELATION	196	70	32759	49269
SQUARE	50176	493
FOLD	445	680	680	523245	523245	0	1029814
RAIL	51	205	9	435
CORRELATION	197	71	32759	49269
SQUARE	50432	493
FOLD	446	681	681	524013	524013	0	1034115
RAIL	51	206	9	436
CORRELATION	198	72	32759	49269
SQUARE	50688	493
FOLD	447	682	682	524784	524784	0	1041263
RAIL	79	177	9	437
CORRELATION	199	74	32759	49269
SQUARE	50944	493
FOLD	448	683	683	525552	525552	0	1046295
RAIL	79	178	9	438
CORRELATION	200	74	32759	49269
SQUARE	51200	493
FOLD	449	684	684	526323	526323	0	1048804
RAIL	52	204	9	439
CORRELATION	201	74	32759	49269
SQUARE	51456	493
FOLD	450	685	685	527091	527091	0	1051234
RAIL	52	205	9	440
CORRELATION	202	74	32759	49269
SQUARE	51712	493
FOLD	451	686	686	527862	527862	0	1053695
RAIL	78	178	9	441
CORRELATION	203	75	32759	49269
SQUARE	51968	493
FOLD	452	687	687	528630	528630	0	1068325
RAIL	78	179	9	442
CORRELATION	204	77	32759	49269
SQUARE	52224	493
FOLD	453	688	688	529401	529401	0	1072242
RAIL	53	203	9	443
CORRELATION	205	77	32759	49269
SQUARE	52480	493
FOLD	454	689	689	530169	530169	0	1087088
RAIL	53	204	9	444
CORRELATION	206	79	32759	49269
SQUARE	52736	493
FOLD	455	690	690	530940	530940	0	1095105
RAIL	77	179	9	445
CORRELATION	207	81	32759	49269
SQUARE	52992	493
FOLD	456	691	691	531708	531708	0	1109991
RAIL	77	180	9	446
CORRELATION	208	83	32759	49269
SQUARE	53248	493
FOLD	457	692	692	532479	532479	0	1112436
RAIL	54	202	9	447
CORRELATION	209	83	32759	49269
SQUARE	53504	493
FOLD	458	693	693	533247	533247	0	1124393
RAIL	54	203	9	448
CORRELATION	210	85	32759	49269
SQUARE	53760	493
FOLD	459	694	694	534018	534018	0	1139482
RAIL	76	180	9	449
CORRELATION	211	87	32759	49269
SQUARE	54016	493
FOLD	460	695	695	534786	534786	0	1143197
RAIL	76	181	9	450
CORRELATION	212	87	32759	49269
SQUARE	54272	493
FOLD	461	696	696	535557	535557	0	1145712
RAIL	55	201	9	451
CORRELATION	213	87	32759	49269
SQUARE	54528	493
FOLD	462	697	697	536325	536325	0	1148024
RAIL	55	202	9	452
CORRELATION	214	87	32759	49269
SQUARE	54784	493
FOLD	463	698	698	537096	537096	0	1151360
RAIL	75	181	9	453
CORRELATION	215	89	32759	49269
SQUARE	55040	493
FOLD	464	699	699	537864	537864	0	1155400
RAIL	75	182	9	454
CORRELATION	216	91	32759	49269
SQUARE	55296	493
FOLD	465	700	700	538635	538635	0	1157662
RAIL	56	200	9	455
CORRELATION	217	91	32759	49269
SQUARE	55552	493
FOLD	466	701	701	539403	539403	0	1162259
RAIL	56	201	9	456
CORRELATION	218	94	32759	49269
SQUARE	55808	493
FOLD	467	702	702	540174	540174	0	1164853
RAIL	74	182	9	457
CORRELATION	219	94	32759	49269
SQUARE	56064	493
FOLD	468	703	703	540942	540942	0	1167277
RAIL	74	183	9	458
CORRELATION	220	94	32759	49269
SQUARE	56320	493
FOLD	469	704	704	541713	541713	0	1170506
RAIL	57	199	9	459
CORRELATION	221	96	32759	49269
SQUARE	56576	493
FOLD	470	705	705	542481	542481	0	1174453
RAIL	57	200	9	460
CORRELATION	222	98	32759	49269
SQUARE	56832	493
FOLD	471	706	706	543252	543252	0	1177150
RAIL	73	183	9	461
CORRELATION	223	98	32759	49269
SQUARE	57088	493
FOLD	472	707	707	544020	544020	0	1181604
RAIL	73	184	9	462
CORRELATION	224	101	32759	49269
SQUARE	57344	493
FOLD	473	708	708	544791	544791	0	1184041
RAIL	58	198	9	463
CORRELATION	225	101	32759	49269
SQUARE	57600	493
FOLD	474	709	709	545559	545559	0	1186508
RAIL	58	199	9	464
CORRELATION	226	101	32759	49269
SQUARE	57856	493
FOLD	475	710	710	546330	546330	0	1188874
RAIL	72	184	9	465
CORRELATION	227	101	32759	49269
SQUARE	58112	493
FOLD	476	711	711	547098	547098	0	1192699
RAIL	72	185	9	466
CORRELATION	228	103	32759	49269
SQUARE	58368	493
FOLD	477	712	712	547869	547869	0	1196091
RAIL	59	197	9	467
CORRELATION	229	104	32759	49269
SQUARE	58624	493
FOLD	478	713	713	548637	548637	0	1199541
RAIL	59	198	9	468
CORRELATION	230	106	32759	49269
SQUARE	58880	493
FOLD	479	714	714	549408	549408	0	1202153
RAIL	71	185	9	469
CORRELATION	231	106	32759	49269
SQUARE	59136	493
FOLD	480	715	715	550176	550176	0	1204565
RAIL	71	186	9	470
CORRELATION	232	106	32759	49269
SQUARE	59392	493
FOLD	481	716	716	550947	550947	0	1208901
RAIL	60	196	9	471
CORRELATION	233	108	32759	49269
SQUARE	59648	493
FOLD	482	717	717	551715	551715	0	1214335
RAIL	60	197	9	472
CORRELATION	234	110	32759	49269
SQUARE	59904	493
FOLD	483	718	718	552486	552486	0	1216805
RAIL	70	186	9	473
CORRELATION	235	110	32759	49269
SQUARE	60160	493
FOLD	484	719	719	553254	553254	0	1220220
RAIL	70	187	9	474
CORRELATION	236	113	32759	49269
SQUARE	60416	493
FOLD	485	720	720	554025	554025	0	1222719
RAIL	61	195	9	475
CORRELATION	237	113	32759	49269
SQUARE	60672	493
FOLD	486	721	721	554793	554793	0	1225536
RAIL	61	196	9	476
CORRELATION	238	113	32759	49269
SQUARE	60928	493
FOLD	487	722	722	555564	555564	0	1229691
RAIL	69	187	9	477
CORRELATION	239	115	32759	49269
SQUARE	61184	493
FOLD	488	723	723	556332	556332	0	1232731
RAIL	69	188	9	478
CORRELATION	240	117	32759	49269
SQUARE	61440	493
FOLD	489	724	724	557103	557103	0	1235451
RAIL	62	194	9	479
CORRELATION	241	117	32759	49269
SQUARE	61696	493
FOLD	490	725	725	557871	557871	0	1248501
RAIL	62	195	9	480
CORRELATION	242	120	32759	49269
SQUARE	61952	493
FOLD	491	726	726	558642	558642	0	1252697
RAIL	68	188	9	481
CORRELATION	243	120	32759	49269
SQUARE	62208	493
FOLD	492	727	727	559410	559410	0	1260417
RAIL	68	189	9	482
CORRELATION	244	120	32759	49269
SQUARE	62464	493
FOLD	493	728	728	560181	560181	0	1264669
RAIL	63	193	9	483
CORRELATION	245	120	32759	49269
SQUARE	62720	493
FOLD	494	729	729	560949	560949	0	1268807
RAIL	63	194	9	484
CORRELATION	246	120	32759	49269
SQUARE	62976	493
FOLD	495	730	730	561720	561720	0	1273182
RAIL	67	189	9	485
CORRELATION	247	120	32759	49269
SQUARE	63232	493
FOLD	496	731	731	562488	562488	0	1277106
RAIL	67	190	9	486
CORRELATION	248	121	32759	49269
SQUARE	63488	493
FOLD	497	732	732	563259	563259	0	1280656
RAIL	64	192	9	487
CORRELATION	249	121	32759	49269
SQUARE	63744	493
FOLD	498	733	733	564027	564027	0	1284538
RAIL	64	193	9	488
CORRELATION	250	122	32759	49269
SQUARE	64000	493
FOLD	499	734	734	564798	564798	0	1288110
RAIL	66	190	9	489
CORRELATION	251	122	32759	49269
SQUARE	64256	493
FOLD	500	735	735	565566	565566	0	1299643
RAIL	66	191	9	490
CORRELATION	252	124	32759	49269
SQUARE	64512	493
FOLD	501	736	736	566337	566337	0	1310926
RAIL	65	191	9	491
CORRELATION	253	126	32759	49269
SQUARE	64768	493
FOLD	502	737	737	567105	567105	0	1323866
RAIL	65	192	9	492
CORRELATION	254	128	32759	49269
SQUARE	65024	493
FOLD	502	737	737	567105	567105	0	1327570
RAIL	65	192	9	493
CORRELATION	255	128	32759	49269
SQUARE	65536	493
FOLD	502	737	737	567105	567105	0	1327639
RAIL	65	192	9	493
CORRELATION	256	128	32759	49269
SQUARE	65536	493
FOLD	503	738	738	567876	567876	0	1332504
RAIL	128	128	9	493
CORRELATION	257	132	32759	49269
SQUARE	65792	493
FOLD	504	739	739	568644	568644	0	1334965
RAIL	128	129	9	494
CORRELATION	258	132	32759	49269
SQUARE	66048	493
FOLD	505	740	740	569415	569415	0	1338934
RAIL	3	253	9	495
CORRELATION	259	133	32759	49269
SQUARE	66304	493
FOLD	508	741	741	570186	570186	0	1352718
RAIL	4	252	10	497
CORRELATION	263	138	32759	49269
SQUARE	67328	493
FOLD	511	742	742	570957	570957	0	1372736
RAIL	5	251	11	499
CORRELATION	267	143	32759	49269
SQUARE	68352	493
FOLD	512	741	742	570189	570957	0	1379468
RAIL	125	131	12	499
CORRELATION	269	145	32759	49269
SQUARE	68864	493
FOLD	514	743	743	571728	571728	0	1390142
RAIL	6	250	12	501
CORRELATION	271	145	32759	49269
SQUARE	69376	493
FOLD	517	744	744	572499	572499	0	1411078
RAIL	7	249	13	503
CORRELATION	275	150	32759	49269
SQUARE	70400	493
FOLD	518	745	745	573267	573267	0	1416544
RAIL	7	250	13	504
CORRELATION	276	152	32759	49269
SQUARE	70656	493
FOLD	521	746	746	574035	574035	0	1423981
RAIL	8	248	14	506
CORRELATION	279	154	32759	49269
SQUARE	71424	493
FOLD	522	747	747	574803	574803	0	1434609
RAIL	8	249	14	507
CORRELATION	280	156	32759	49269
SQUARE	71680	493
FOLD	525	748	748	575571	575571	0	1454419
RAIL	9	247	15	509
CORRELATION	283	160	32759	49269
SQUARE	72448	493
FOLD	526	749	749	576339	576339	0	1458160
RAIL	9	248	15	510
CORRELATION	284	162	32759	49269
SQUARE	72704	493
FOLD	527	750	750	577110	577110	0	1460396
RAIL	121	135	15	511
CORRELATION	285	162	32759	49269
SQUARE	72960	493
FOLD	528	751	751	577878	577878	0	1462832
RAIL	121	136	15	512
CORRELATION	286	162	32759	49269
SQUARE	73216	493
FOLD	529	752	752	578649	578649	0	1465420
RAIL	10	246	15	513
CORRELATION	287	162	32759	49269
SQUARE	73472	493
FOLD	530	753	753	579417	579417	0	1467791
RAIL	10	247	15	514
CORRELATION	288	162	32759	49269
SQUARE	73728	493
FOLD	531	754	754	580188	580188	0	1469944
RAIL	120	136	15	515
CORRELATION	289	162	32759	49269
SQUARE	73984	493
FOLD	532	755	755	580956	580956	0	1472679
RAIL	120	137	15	516
CORRELATION	290	162	32759	49269
SQUARE	74240	493
FOLD	533	756	756	581727	581727	0	1475976
RAIL	11	245	15	517
CORRELATION	291	164	32759	49269
SQUARE	74496	493
FOLD	534	757	757	582495	582495	0	1479196
RAIL	11	246	15	518
CORRELATION	292	166	32759	49269
SQUARE	74752	493
FOLD	535	758	758	583266	583266	0	1482909
RAIL	119	137	15	519
CORRELATION	293	168	32759	49269
SQUARE	75008	493
FOLD	536	759	759	584034	584034	0	1488537
RAIL	119	138	15	520
CORRELATION	294	169	32759	49269
SQUARE	75264	493
FOLD	537	760	760	584805	584805	0	1492965
RAIL	12	244	15	521
CORRELATION	295	171	32759	49269
SQUARE	75520	493
FOLD	538	761	761	585573	585573	0	1495385
RAIL	12	245	15	522
CORRELATION	296	171	32759	49269
SQUARE	75776	493
FOLD	539	762	762	586344	586344	0	1497901
RAIL	118	138	15	523
CORRELATION	297	171	32759	49269
SQUARE	76032	493
FOLD	540	763	763	587112	587112	0	1501523
RAIL	118	139	15	524
CORRELATION	298	174	32759	49269
SQUARE	76288	493
FOLD	541	764	764	587883	587883	0	1505444
RAIL	13	243	15	525
CORRELATION	299	176	32759	49269
SQUARE	76544	493
FOLD	542	765	765	588651	588651	0	1507755
RAIL	13	244	15	526
CORRELATION	300	176	32759	49269
SQUARE	76800	493
FOLD	543	766	766	589422	589422	0	1510335
RAIL	117	139	15	527
CORRELATION	301	176	32759	49269
SQUARE	77056	493
FOLD	544	767	767	590190	590190	0	1513499
RAIL	117	140	15	528
CORRELATION	302	176	32759	49269
SQUARE	77312	493
FOLD	545	768	768	590961	590961	0	1517328
RAIL	14	242	15	529
CORRELATION	303	178	32759	49269
SQUARE	77568	493
FOLD	546	769	769	591729	591729	0	1521219
RAIL	14	243	15	530
CORRELATION	304	180	32759	49269
SQUARE	77824	493
FOLD	547	770	770	592500	592500	0	1524998
RAIL	116	140	15	531
CORRELATION	305	181	32759	49269
SQUARE	78080	493
FOLD	548	771	771	593268	593268	0	1529022
RAIL	116	141	15	532
CORRELATION	306	183	32759	49269
SQUARE	78336	493
FOLD	549	772	772	594039	594039	0	1532056
RAIL	15	241	15	533
CORRELATION	307	183	32759	49269
SQUARE	78592	493
FOLD	550	773	773	594807	594807	0	1537024
RAIL	15	242	15	534
CORRELATION	308	185	32759	49269
SQUARE	78848	493
FOLD	551	774	774	595578	595578	0	1540850
RAIL	115	141	15	535
CORRELATION	309	186	32759	49269
SQUARE	79104	493
FOLD	552	775	775	596346	596346	0	1544783
RAIL	115	142	15	536
CORRELATION	310	188	32759	49269
SQUARE	79360	493
FOLD	553	776	776	597117	597117	0	1547211
RAIL	16	240	15	537
CORRELATION	311	188	32759	49269
SQUARE	79616	493
FOLD	554	777	777	597885	597885	0	1549579
RAIL	16	241	15	538
CORRELATION	312	188	32759	49269
SQUARE	79872	493
FOLD	555	778	778	598656	598656	0	1554379
RAIL	114	142	15	539
CORRELATION	313	189	32759	49269
SQUARE	80128	493
FOLD	556	779	779	599424	599424	0	1558164
RAIL	114	143	15	540
CORRELATION	314	191	32759	49269
SQUARE	80384	493
FOLD	557	780	780	600195	600195	0	1562490
RAIL	17	239	15	541
CORRELATION	315	193	32759	49269
SQUARE	80640	493
FOLD	558	781	781	600963	600963	0	1564956
RAIL	17	240	15	542
CORRELATION	316	193	32759	49269
SQUARE	80896	493
FOLD	559	782	782	601734	601734	0	1567502
RAIL	113	143	15	543
CORRELATION	317	193	32759	49269
SQUARE	81152	493
FOLD	560	783	783	602502	602502	0	1580686
RAIL	113	144	15	544
CORRELATION	318	195	32759	49269
SQUARE	81408	493
FOLD	561	784	784	603273	603273	0	1588199
RAIL	18	238	15	545
CORRELATION	319	197	32759	49269
SQUARE	81664	493
FOLD	562	785	785	604041	604041	0	1598926
RAIL	18	239	15	546
CORRELATION	320	199	32759	49269
SQUARE	81920	493
FOLD	563	786	786	604812	604812	0	1607563
RAIL	112	144	15	547
CORRELATION	321	199	32759	49269
SQUARE	82176	493
FOLD	564	787	787	605580	605580	0	1611974
RAIL	112	145	15	548
CORRELATION	322	199	32759	49269
SQUARE	82432	493
FOLD	565	788	788	606351	606351	0	1616320
RAIL	19	237	15	549
CORRELATION	323	199	32759	49269
SQUARE	82688	493
FOLD	566	789	789	607119	607119	0	1620750
RAIL	19	238	15	550
CORRELATION	324	199	32759	49269
SQUARE	82944	493
FOLD	567	790	790	607890	607890	0	1625260
RAIL	111	145	15	551
CORRELATION	325	199	32759	49269
SQUARE	83200	493
FOLD	568	791	791	608658	608658	0	1630031
RAIL	111	146	15	552
CORRELATION	326	199	32759	49269
SQUARE	83456	493
FOLD	569	792	792	609429	609429	0	1634744
RAIL	20	236	15	553
CORRELATION	327	199	32759	49269
SQUARE	83712	493
FOLD	570	793	793	610197	610197	0	1639023
RAIL	20	237	15	554
CORRELATION	328	199	32759	49269
SQUARE	83968	493
FOLD	571	794	794	610968	610968	0	1644013
RAIL	110	146	15	555
CORRELATION	329	200	32759	49269
SQUARE	84224	493
FOLD	572	795	795	611736	611736	0	1648402
RAIL	110	147	15	556
CORRELATION	330	200	32759	49269
SQUARE	84480	493
FOLD	573	796	796	612507	612507	0	1652914
RAIL	21	235	15	557
CORRELATION	331	200	32759	49269
SQUARE	84736	493
FOLD	574	797	797	613275	613275	0	1657388
RAIL	21	236	15	558
CORRELATION	332	200	32759	49269
SQUARE	84992	493
FOLD	575	798	798	614046	614046	0	1662140
RAIL	109	147	15	559
CORRELATION	333	202	32759	49269
SQUARE	85248	493
FOLD	576	799	799	614814	614814	0	1665181
RAIL	109	148	15	560
CORRELATION	334	204	32759	49269
SQUARE	85504	493
FOLD	577	800	800	615585	615585	0	1668510
RAIL	22	234	15	561
CORRELATION	335	204	32759	49269
SQUARE	85760	493
FOLD	578	801	801	616353	616353	0	1672222
RAIL	22	235	15	562
CORRELATION	336	204	32759	49269
SQUARE	86016	493
FOLD	579	802	802	617124	617124	0	1674773
RAIL	108	148	15	563
CORRELATION	337	204	32759	49269
SQUARE	86272	493
FOLD	580	803	803	617892	617892	0	1686468
RAIL	108	149	15	564
CORRELATION	338	209	32759	49269
SQUARE	86528	493
FOLD	581	804	804	618663	618663	0	1689291
RAIL	23	233	15	565
CORRELATION	339	209	32759	49269
SQUARE	86784	493
FOLD	582	805	805	619431	619431	0	1691895
RAIL	23	234	15	566
CORRELATION	340	209	32759	49269
SQUARE	87040	496
FOLD	583	806	806	620202	620202	0	1694752
RAIL	107	149	15	567
CORRELATION	341	209	32759	49269
SQUARE	87296	496
FOLD	584	807	807	620970	620970	0	1698658
RAIL	107	150	15	568
CORRELATION	342	209	32759	49269
SQUARE	87552	496
FOLD	585	808	808	621741	621741	0	1709245
RAIL	24	232	15	569
CORRELATION	343	212	32759	49269
SQUARE	87808	496
FOLD	586	809	809	622509	622509	0	1712798
RAIL	24	233	15	570
CORRELATION	344	212	32759	49269
SQUARE	88064	496
FOLD	587	810	810	623280	623280	0	1724907
RAIL	106	150	15	571
CORRELATION	345	215	32759	49269
SQUARE	88320	496
FOLD	588	811	811	624048	624048	0	1728511
RAIL	106	151	15	572
CORRELATION	346	215	32759	49269
SQUARE	88576	496
FOLD	589	812	812	624819	624819	0	1731005
RAIL	25	231	15	573
CORRELATION	347	215	32759	49269
SQUARE	88832	496
FOLD	590	813	813	625587	625587	0	1744687
RAIL	25	232	15	574
CORRELATION	348	218	32759	49269
SQUARE	89088	496
FOLD	591	814	814	626358	626358	0	1747480
RAIL	105	151	15	575
CORRELATION	349	219	32759	49269
SQUARE	89344	496
FOLD	592	815	815	627126	627126	0	1755006
RAIL	105	152	15	576
CORRELATION	350	219	32759	49269
SQUARE	89600	496
FOLD	593	816	816	627897	627897	0	1771523
RAIL	26	230	15	577
CORRELATION	351	221	32759	49269
SQUARE	89856	496
FOLD	594	817	817	628665	628665	0	1784747
RAIL	26	231	15	578
CORRELATION	352	223	32759	49269
SQUARE	90112	496
FOLD	595	818	818	629436	629436	0	1789816
RAIL	104	152	15	579
CORRELATION	353	224	32759	49269
SQUARE	90368	496
FOLD	596	819	819	630204	630204	0	1797815
RAIL	104	153	15	580
CORRELATION	354	226	32759	49269
SQUARE	90624	496
FOLD	597	820	820	630975	630975	0	1801128
RAIL	27	229	15	581
CORRELATION	355	226	32759	49269
SQUARE	90880	496
FOLD	598	821	821	631743	631743	0	1810926
RAIL	27	230	15	582
CORRELATION	356	229	32759	49269
SQUARE	91136	496
FOLD	599	822	822	632514	632514	0	1813719
RAIL	103	153	15	583
CORRELATION	357	229	32759	49269
SQUARE	91392	496
FOLD	600	823	823	633282	633282	0	1816285
RAIL	103	154	15	584
CORRELATION	358	229	32759	49269
SQUARE	91648	496
FOLD	601	824	824	634053	634053	0	1819718
RAIL	28	228	15	585
CORRELATION	359	229	32759	49269
SQUARE	91904	496
FOLD	602	825	825	634821	634821	0	1822147
RAIL	28	229	15	586
CORRELATION	360	229	32759	49269
SQUARE	92160	496
FOLD	603	826	826	635592	635592	0	1829777
RAIL	102	154	15	587
CORRELATION	361	231	32759	49269
SQUARE	92416	496
FOLD	604	827	827	636360	636360	0	1832505
RAIL	102	155	15	588
CORRELATION	362	231	32759	49269
SQUARE	92672	496
FOLD	605	828	828	637131	637131	0	1835409
RAIL	29	227	15	589
CORRELATION	363	231	32759	49269
SQUARE	92928	496
FOLD	606	829	829	637899	637899	0	1847068
RAIL	29	228	15	590
CORRELATION	364	233	32759	49269
SQUARE	93184	496
FOLD	607	830	830	638670	638670	0	1852572
RAIL	101	155	15	591
CORRELATION	365	235	32759	49269
SQUARE	93440	496
FOLD	608	831	831	639438	639438	0	1855103
RAIL	101	156	15	592
CORRELATION	366	235	32759	49269
SQUARE	93696	496
FOLD	609	832	832	640209	640209	0	1858860
RAIL	30	226	15	593
CORRELATION	367	237	32759	49269
SQUARE	93952	496
FOLD	610	833	833	640977	640977	0	1862040
RAIL	30	227	15	594
CORRELATION	368	238	32759	49269
SQUARE	94208	496
FOLD	611	834	834	641748	641748	0	1865863
RAIL	100	156	15	595
CORRELATION	369	240	32759	49269
SQUARE	94464	496
FOLD	612	835	835	642516	642516	0	1868340
RAIL	100	157	15	596
CORRELATION	370	240	32759	49269
SQUARE	94720	496
FOLD	613	836	836	643287	643287	0	1870967
RAIL	31	225	15	597
CORRELATION	371	240	32759	49269
SQUARE	94976	496
FOLD	614	837	837	644055	644055	0	1873332
RAIL	31	226	15	598
CORRELATION	372	241	32759	49269
SQUARE	95232	496
FOLD	615	838	838	644826	644826	0	1876520
RAIL	99	157	15	599
CORRELATION	373	241	32759	49269
SQUARE	95488	496
FOLD	616	839	839	645594	645594	0	1878985
RAIL	99	158	15	600
CORRELATION	374	241	32759	49269
SQUARE	95744	496
FOLD	617	840	840	646365	646365	0	1881704
RAIL	32	224	15	601
CORRELATION	375	241	32759	49269
SQUARE	96000	496
FOLD	618	841	841	647133	647133	0	1884337
RAIL	32	225	15	602
CORRELATION	376	242	32759	49269
SQUARE	96256	496
FOLD	619	842	842	647904	647904	0	1887063
RAIL	98	158	15	603
CORRELATION	377	242	32759	49269
SQUARE	96512	496
FOLD	620	843	843	648672	648672	0	1889466
RAIL	98	159	15	604
CORRELATION	378	242	32759	49269
SQUARE	96768	496
FOLD	621	844	844	649443	649443	0	1898012
RAIL	33	223	15	605
CORRELATION	379	244	32759	49269
SQUARE	97024	496
FOLD	622	845	845	650211	650211	0	1906747
RAIL	33	224	15	606
CORRELATION	380	246	32759	49269
SQUARE	97280	496
FOLD	623	846	846	650982	650982	0	1918669
RAIL	97	159	15	607
CORRELATION	381	248	32759	49269
SQUARE	97536	496
FOLD	624	847	847	651750	651750	0	1921040
RAIL	97	160	15	608
CORRELATION	382	248	32759	49269
SQUARE	97792	496
FOLD	625	848	848	652521	652521	0	1923505
RAIL	34	222	15	609
CORRELATION	383	248	32759	49269
SQUARE	98048	496
FOLD	626	849	849	653289	653289	0	1928763
RAIL	34	223	15	610
CORRELATION	384	251	32759	49269
SQUARE	98304	496
FOLD	627	850	850	654060	654060	0	1932914
RAIL	96	160	15	611
CORRELATION	385	253	32759	49269
SQUARE	98560	496
FOLD	628	851	851	654828	654828	0	1938405
RAIL	96	161	15	612
CORRELATION	386	255	32759	49269
SQUARE	98816	496
FOLD	629	852	852	655599	655599	0	1940616
RAIL	35	221	15	613
CORRELATION	387	255	32759	49269
SQUARE	99072	496
FOLD	630	853	853	656367	656367	0	1944324
RAIL	35	222	15	614
CORRELATION	388	257	32759	49269
SQUARE	99328	496
FOLD	631	854	854	657138	657138	0	1947218
RAIL	95	161	15	615
CORRELATION	389	257	32759	49269
SQUARE	99584	496
FOLD	632	855	855	657906	657906	0	1951583
RAIL	95	162	15	616
CORRELATION	390	260	32759	49269
SQUARE	99840	496
FOLD	633	856	856	658677	658677	0	1953898
RAIL	36	220	15	617
CORRELATION	391	260	32759	49269
SQUARE	100096	496
FOLD	634	857	857	659445	659445	0	1957675
RAIL	36	221	15	618
CORRELATION	392	260	32759	49269
SQUARE	100352	496
FOLD	635	858	858	660216	660216	0	1962895
RAIL	94	162	15	619
CORRELATION	393	261	32759	49269
SQUARE	100608	496
FOLD	636	859	859	660984	660984	0	1968374
RAIL	94	163	15	620
CORRELATION	394	263	32759	49269
SQUARE	100864	496
FOLD	637	860	860	661755	661755	0	1973638
RAIL	37	219	15	621
CORRELATION	395	263	32759	49269
SQUARE	101120	496
FOLD	638	861	861	662523	662523	0	1979190
RAIL	37	220	15	622
CORRELATION	396	265	32759	49269
SQUARE	101376	496
FOLD	639	862	862	663294	663294	0	1984161
RAIL	93	163	15	623
CORRELATION	397	267	32759	49269
SQUARE	101632	496
FOLD	640	863	863	664062	664062	0	1993861
RAIL	93	164	15	624
CORRELATION	398	267	32759	49269
SQUARE	101888	496
FOLD	641	864	864	664833	664833	0	2007556
RAIL	38	218	15	625
CORRELATION	399	269	32759	49269
SQUARE	102144	496
FOLD	642	865	865	665601	665601	0	2020937
RAIL	38	219	15	626
CORRELATION	400	271	32759	49269
SQUARE	102400	496
FOLD	643	866	866	666372	666372	0	2030349
RAIL	92	164	15	627
CORRELATION	401	271	32759	49269
SQUARE	102656	496
FOLD	644	867	867	667140	667140	0	2033372
RAIL	92	165	15	628
CORRELATION	402	271	32759	49269
SQUARE	102912	496
FOLD	645	868	868	667911	667911	0	2037252
RAIL	39	217	15	629
CORRELATION	403	271	32759	49269
SQUARE	103168	496
FOLD	646	869	869	668679	668679	0	2040602
RAIL	39	218	15	630
CORRELATION	404	271	32759	49269
SQUARE	103424	496
FOLD	647	870	870	669450	669450	0	2044953
RAIL	91	165	15	631
CORRELATION	405	273	32759	49269
SQUARE	103680	496
FOLD	648	871	871	670218	670218	0	2049284
RAIL	91	166	15	632
CORRELATION	406	275	32759	49269
SQUARE	103936	496
FOLD	649	872	872	670989	670989	0	2054649
RAIL	40	216	15	633
CORRELATION	407	276	32759	49269
SQUARE	104192	496
FOLD	650	873	873	671757	671757	0	2057891
RAIL	40	217	15	634
CORRELATION	408	278	32759	49269
SQUARE	104448	496
FOLD	651	874	874	672528	672528	0	2060239
RAIL	90	166	15	635
CORRELATION	409	278	32759	49269
SQUARE	104704	496
FOLD	652	875	875	673296	673296	0	2062876
RAIL	90	167	15	636
CORRELATION	410	278	32759	49269
SQUARE	104960	496
FOLD	653	876	876	674067	674067	0	2068915
RAIL	41	215	15	637
CORRELATION	411	280	32759	49269
SQUARE	105216	496
FOLD	654	877	877	674835	674835	0	2073750
RAIL	41	216	15	638
CORRELATION	412	282	32759	49269
SQUARE	105472	496
FOLD	655	878	878	675606	675606	0	2076310
RAIL	89	167	15	639
CORRELATION	413	282	32759	49269
SQUARE	105728	496
FOLD	656	879	879	676374	676374	0	2080802
RAIL	89	168	15	640
CORRELATION	414	284	32759	49269
SQUARE	105984	496
FOLD	657	880	880	677145	677145	0	2085728
RAIL	42	214	15	641
CORRELATION	415	286	32759	49269
SQUARE	106240	496
FOLD	658	881	881	677913	677913	0	2088108
RAIL	42	215	15	642
CORRELATION	416	286	32759	49269
SQUARE	106496	496
FOLD	659	882	882	678684	678684	0	2090535
RAIL	88	168	15	643
CORRELATION	417	286	32759	49269
SQUARE	106752	496
FOLD	660	883	883	679452	679452	0	2093243
RAIL	88	169	15	644
CORRELATION	418	286	32759	49269
SQUARE	107008	496
FOLD	661	884	884	680223	680223	0	2097074
RAIL	43	213	15	645
CORRELATION	419	287	32759	49269
SQUARE	107264	496
FOLD	662	885	885	680991	680991	0	2101388
RAIL	43	214	15	646
CORRELATION	420	289	32759	49269
SQUARE	107520	496
FOLD	663	886	886	681762	681762	0	2104136
RAIL	87	169	15	647
CORRELATION	421	289	32759	49269
SQUARE	107776	496
FOLD	664	887	887	682530	682530	0	2108190
RAIL	87	170	15	648
CORRELATION	422	291	32759	49269
SQUARE	108032	496
FOLD	665	888	888	683301	683301	0	2112637
RAIL	44	212	15	649
CORRELATION	423	293	32759	49269
SQUARE	108288	496
FOLD	666	889	889	684069	684069	0	2115019
RAIL	44	213	15	650
CORRELATION	424	293	32759	49269
SQUARE	108544	496
FOLD	667	890	890	684840	684840	0	2119312
RAIL	86	170	15	651
CORRELATION	425	294	32759	49269
SQUARE	108800	496
FOLD	668	891	891	685608	685608	0	2123676
RAIL	86	171	15	652
CORRELATION	426	296	32759	49269
SQUARE	109056	496
FOLD	669	892	892	686379	686379	0	2126079
RAIL	45	211	15	653
CORRELATION	427	296	32759	49269
SQUARE	109312	496
FOLD	670	893	893	687147	687147	0	2132337
RAIL	45	212	15	654
CORRELATION	428	299	32759	49269
SQUARE	109568	496
FOLD	671	894	894	687918	687918	0	2138840
RAIL	85	171	15	655
CORRELATION	429	299	32759	49269
SQUARE	109824	496
FOLD	672	895	895	688686	688686	0	2145888
RAIL	85	172	15	656
CORRELATION	430	300	32759	49269
SQUARE	110080	496
FOLD	673	896	896	689457	689457	0	2155107
RAIL	46	210	15	657
CORRELATION	431	302	32759	49269
SQUARE	110336	496
FOLD	674	897	897	690225	690225	0	2161121
RAIL	46	211	15	658
CORRELATION	432	302	32759	49269
SQUARE	110592	496
FOLD	675	898	898	690996	690996	0	2170765
RAIL	84	172	15	659
CORRELATION	433	305	32759	49269
SQUARE	110848	496
FOLD	676	899	899	691764	691764	0	2176373
RAIL	84	173	15	660
CORRELATION	434	305	32759	49269
SQUARE	111104	496
FOLD	677	900	900	692535	692535	0	2182580
RAIL	47	209	15	661
CORRELATION	435	305	32759	49269
SQUARE	111360	496
FOLD	678	901	901	693303	693303	0	2189530
RAIL	47	210	15	662
CORRELATION	436	305	32759	49269
SQUARE	111616	496
FOLD	679	902	902	694074	694074	0	2195911
RAIL	83	173	15	663
CORRELATION	437	306	32759	49269
SQUARE	111872	496
FOLD	680	903	903	694842	694842	0	2199774
RAIL	83	174	15	664
CORRELATION	438	306	32759	49269
SQUARE	112128	496
FOLD	681	904	904	695613	695613	0	2206304
RAIL	48	208	15	665
CORRELATION	439	306	32759	49269
SQUARE	112384	496
FOLD	682	905	905	696381	696381	0	2210598
RAIL	48	209	15	666
CORRELATION	440	309	32759	49269
SQUARE	112640	496
FOLD	683	906	906	697152	697152	0	2213345
RAIL	82	174	15	667
CORRELATION	441	309	32759	49269
SQUARE	112896	496
FOLD	684	907	907	697920	697920	0	2218620
RAIL	82	175	15	668
CORRELATION	442	312	32759	49269
SQUARE	113152	496
FOLD	685	908	908	698691	698691	0	2221007
RAIL	49	207	15	669
CORRELATION	443	312	32759	49269
SQUARE	113408	496
FOLD	686	909	909	699459	699459	0	2223949
RAIL	49	208	15	670
CORRELATION	444	312	32759	49269
SQUARE	113664	496
FOLD	687	910	910	700230	700230	0	2227420
RAIL	81	175	15	671
CORRELATION	445	313	32759	49269
SQUARE	113920	496
FOLD	688	911	911	700998	700998	0	2230906
RAIL	81	176	15	672
CORRELATION	446	315	32759	49269
SQUARE	114176	496
FOLD	689	912	912	701769	701769	0	2235831
RAIL	50	206	15	673
CORRELATION	447	316	32759	49269
SQUARE	114432	496
FOLD	690	913	913	702537	702537	0	2238745
RAIL	50	207	15	674
CORRELATION	448	318	32759	49269
SQUARE	114688	496
FOLD	691	914	914	703308	703308	0	2241122
RAIL	80	176	15	675
CORRELATION	449	318	32759	49269
SQUARE	114944	496
FOLD	692	915	915	704076	704076	0	2243573
RAIL	80	177	15	676
CORRELATION	450	318	32759	49269
SQUARE	115200	496
FOLD	693	916	916	704847	704847	0	2246152
RAIL	51	205	15	677
CORRELATION	451	318	32759	49269
SQUARE	115456	496
FOLD	694	917	917	705615	705615	0	2250770
RAIL	51	206	15	678
CORRELATION	452	320	32759	49269
SQUARE	115712	496
FOLD	695	918	918	706386	706386	0	2254900
RAIL	79	177	15	679
CORRELATION	453	322	32759	49269
SQUARE	115968	496
FOLD	696	919	919	707154	707154	0	2260177
RAIL	79	178	15	680
CORRELATION	454	324	32759	49269
SQUARE	116224	496
FOLD	697	920	920	707925	707925	0	2262580
RAIL	52	204	15	681
CORRELATION	455	324	32759	49269
SQUARE	116480	496
FOLD	698	921	921	708693	708693	0	2266415
RAIL	52	205	15	682
CORRELATION	456	327	32759	49269
SQUARE	116736	496
FOLD	699	922	922	709464	709464	0	2268700
RAIL	78	178	15	683
CORRELATION	457	327	32759	49269
SQUARE	116992	496
FOLD	700	923	923	710232	710232	0	2271184
RAIL	78	179	15	684
CORRELATION	458	327	32759	49269
SQUARE	117248	496
FOLD	701	924	924	711003	711003	0	2273659
RAIL	53	203	15	685
CORRELATION	459	327	32759	49269
SQUARE	117504	496
FOLD	702	925	925	711771	711771	0	2276279
RAIL	53	204	15	686
CORRELATION	460	327	32759	49269
SQUARE	117760	496
FOLD	703	926	926	712542	712542	0	2278891
RAIL	77	179	15	687
CORRELATION	461	327	32759	49269
SQUARE	118016	496
FOLD	704	927	927	713310	713310	0	2294810
RAIL	77	180	15	688
CORRELATION	462	330	32759	49269
SQUARE	118272	496
FOLD	705	928	928	714081	714081	0	2301891
RAIL	54	202	15	689
CORRELATION	463	330	32759	49269
SQUARE	118528	496
FOLD	706	929	929	714849	714849	0	2313020
RAIL	54	203	15	690
CORRELATION	464	333	32759	49269
SQUARE	118784	496
FOLD	707	930	930	715620	715620	0	2319463
RAIL	76	180	15	691
CORRELATION	465	333	32759	49269
SQUARE	119040	496
FOLD	708	931	931	716388	716388	0	2321832
RAIL	76	181	15	692
CORRELATION	466	333	32759	49269
SQUARE	119296	496
FOLD	709	932	932	717159	717159	0	2326299
RAIL	55	201	15	693
CORRELATION	467	336	32759	49269
SQUARE	119552	496
FOLD	710	933	933	717927	717927	0	2330298
RAIL	55	202	15	694
CORRELATION	468	338	32759	49269
SQUARE	119808	496
FOLD	711	934	934	718698	718698	0	2333001
RAIL	75	181	15	695
CORRELATION	469	338	32759	49269
SQUARE	120064	496
FOLD	712	935	935	719466	719466	0	2336323
RAIL	75	182	15	696
CORRELATION	470	339	32759	49269
SQUARE	120320	496
FOLD	713	936	936	720237	720237	0	2340073
RAIL	56	200	15	697
CORRELATION	471	341	32759	49269
SQUARE	120576	496
FOLD	714	937	937	721005	721005	0	2342703
RAIL	56	201	15	698
CORRELATION	472	341	32759	49269
SQUARE	120832	496
FOLD	715	938	938	721776	721776	0	2345544
RAIL	74	182	15	699
CORRELATION	473	343	32759	49269
SQUARE	121088	496
FOLD	716	939	939	722544	722544	0	2348907
RAIL	74	183	15	700
CORRELATION	474	345	32759	49269
SQUARE	121344	496
FOLD	717	940	940	723315	723315	0	2351823
RAIL	57	199	15	701
CORRELATION	475	345	32759	49269
SQUARE	121600	496
FOLD	718	941	941	724083	724083	0	2354944
RAIL	57	200	15	702
CORRELATION	476	345	32759	49269
SQUARE	121856	496
FOLD	719	942	942	724854	724854	0	2357788
RAIL	73	183	15	703
CORRELATION	477	345	32759	49269
SQUARE	122112	496
FOLD	720	943	943	725622	725622	0	2360679
RAIL	73	184	15	704
CORRELATION	478	345	32759	49269
SQUARE	122368	496
FOLD	721	944	944	726393	726393	0	2363786
RAIL	58	198	15	705
CORRELATION	479	346	32759	49269
SQUARE	122624	496
FOLD	722	945	945	727161	727161	0	2367844
RAIL	58	199	15	706
CORRELATION	480	348	32759	49269
SQUARE	122880	496
FOLD	723	946	946	727932	727932	0	2371716
RAIL	72	184	15	707
CORRELATION	481	350	32759	49269
SQUARE	123136	496
FOLD	724	947	947	728700	728700	0	2374354
RAIL	72	185	15	708
CORRELATION	482	350	32759	49269
SQUARE	123392	496
FOLD	725	948	948	729471	729471	0	2376797
RAIL	59	197	15	709
CORRELATION	483	350	32759	49269
SQUARE	123648	496
FOLD	726	949	949	730239	730239	0	2379550
RAIL	59	198	15	710
CORRELATION	484	350	32759	49269
SQUARE	123904	496
FOLD	727	950	950	731010	731010	0	2384026
RAIL	71	185	15	711
CORRELATION	485	353	32759	49269
SQUARE	124160	496
FOLD	728	951	951	731778	731778	0	2388100
RAIL	71	186	15	712
CORRELATION	486	355	32759	49269
SQUARE	124416	496
FOLD	729	952	952	732549	732549	0	2392193
RAIL	60	196	15	713
CORRELATION	487	357	32759	49269
SQUARE	124672	496
FOLD	730	953	953	733317	733317	0	2394616
RAIL	60	197	15	714
CORRELATION	488	357	32759	49269
SQUARE	124928	496
FOLD	731	954	954	734088	734088	0	2397761
RAIL	70	186	15	715
CORRELATION	489	358	32759	49269
SQUARE	125184	496
FOLD	732	955	955	734856	734856	0	2400463
RAIL	70	187	15	716
CORRELATION	490	358	32759	49269
SQUARE	125440	496
FOLD	733	956	956	735627	735627	0	2403916
RAIL	61	195	15	717
CORRELATION	491	360	32759	49269
SQUARE	125696	496
FOLD	734	957	957	736395	736395	0	2407452
RAIL	61	196	15	718
CORRELATION	492	362	32759	49269
SQUARE	125952	496
FOLD	735	958	958	737166	737166	0	2409672
RAIL	69	187	15	719
CORRELATION	493	362	32759	49269
SQUARE	126208	496
FOLD	736	959	959	737934	737934	0	2412488
RAIL	69	188	15	720
CORRELATION	494	362	32759	49269
SQUARE	126464	496
FOLD	737	960	960	738705	738705	0	2417026
RAIL	62	194	15	721
CORRELATION	495	365	32759	49269
SQUARE	126720	496
FOLD	738	961	961	739473	739473	0	2419685
RAIL	62	195	15	722
CORRELATION	496	366	32759	49269
SQUARE	126976	496
FOLD	739	962	962	740244	740244	0	2423378
RAIL	68	188	15	723
CORRELATION	497	368	32759	49269
SQUARE	127232	496
FOLD	740	963	963	741012	741012	0	2425662
RAIL	68	189	15	724
CORRELATION	498	368	32759	49269
SQUARE	127488	496
FOLD	741	964	964	741783	741783	0	2428037
RAIL	63	193	15	725
CORRELATION	499	368	32759	49269
SQUARE	127744	496
FOLD	742	965	965	742551	742551	0	2431265
RAIL	63	194	15	726
CORRELATION	500	368	32759	49269
SQUARE	128000	496
FOLD	743	966	966	743322	743322	0	2434710
RAIL	67	189	15	727
CORRELATION	501	368	32759	49269
SQUARE	128256	496
FOLD	744	967	967	744090	744090	0	2437452
RAIL	67	190	15	728
CORRELATION	502	368	32759	49269
SQUARE	128512	496
FOLD	745	968	968	744861	744861	0	2439977
RAIL	64	192	15	729
CORRELATION	503	368	32759	49269
SQUARE	128768	496
FOLD	746	969	969	745629	745629	0	2443373
RAIL	64	193	15	730
CORRELATION	504	370	32759	49269
SQUARE	129024	496
FOLD	747	970	970	746400	746400	0	2451496
RAIL	66	190	15	731
CORRELATION	505	372	32759	49269
SQUARE	129280	496
FOLD	748	971	971	747168	747168	0	2453785
RAIL	66	191	15	732
CORRELATION	506	372	32759	49269
SQUARE	129536	496
FOLD	749	972	972	747939	747939	0	2456224
RAIL	65	191	15	733
CORRELATION	507	372	32759	49269
SQUARE	129792	496
FOLD	750	973	973	748707	748707	0	2460241
RAIL	65	192	15	734
CORRELATION	508	374	32759	49269
SQUARE	130048	496
FOLD	751	974	974	749478	749478	0	2469159
RAIL	128	128	15	735
CORRELATION	511	377	32759	49269
SQUARE	130816	496
FOLD	751	974	974	749478	749478	0	2471673
RAIL	128	128	15	736
CORRELATION	511	377	32759	49269
SQUARE	131072	496
FOLD	751	974	974	749478	749478	0	2471851
RAIL	128	128	15	736
CORRELATION	512	377	32759	49269
SQUARE	131072	496
FOLD	752	975	975	750246	750246	0	2471856
RAIL	128	129	15	736
CORRELATION	512	377	32759	49269
SQUARE	131072	496
FOLD	753	976	976	751017	751017	0	2488542
RAIL	127	129	15	737
CORRELATION	515	380	32759	49269
SQUARE	131840	496
FOLD	754	977	977	751785	751785	0	2492920
RAIL	127	130	15	738
CORRELATION	516	382	32759	49269
SQUARE	132096	496
FOLD	755	978	978	752556	752556	0	2501620
RAIL	126	130	15	739
CORRELATION	519	382	32759	49269
SQUARE	132864	496
FOLD	756	979	979	753324	753324	0	2504069
RAIL	126	131	15	740
CORRELATION	520	382	32759	49269
SQUARE	133120	496
FOLD	757	980	980	754095	754095	0	2508310
RAIL	5	251	15	741
CORRELATION	521	384	32759	49269
SQUARE	133376	496
FOLD	760	981	981	754866	754866	0	2521170
RAIL	6	250	16	743
CORRELATION	525	390	32759	49269
SQUARE	134400	496
FOLD	763	982	982	755637	755637	0	2533849
RAIL	7	249	17	745
CORRELATION	529	394	32759	49269
SQUARE	135424	496
FOLD	766	983	983	756408	756408	0	2549459
RAIL	8	248	18	747
CORRELATION	533	394	32759	49269
SQUARE	136448	496
FOLD	767	984	984	757176	757176	0	2562342
RAIL	8	249	18	748
CORRELATION	534	394	32759	49269
SQUARE	136704	496
FOLD	770	985	985	757944	757944	0	2583667
RAIL	9	247	19	750
CORRELATION	537	394	32759	49269
SQUARE	137472	496
FOLD	771	986	986	758712	758712	0	2585742
RAIL	9	248	19	751
CORRELATION	538	394	32759	49269
SQUARE	137728	496
FOLD	774	987	987	759480	759480	0	2592305
RAIL	10	246	20	753
CORRELATION	541	398	32759	49269
SQUARE	138496	496
FOLD	775	988	988	760248	760248	0	2594542
RAIL	10	247	20	754
CORRELATION	542	398	32759	49269
SQUARE	138752	496
FOLD	778	989	989	761016	761016	0	2600603
RAIL	11	245	21	756
CORRELATION	545	399	32759	49269
SQUARE	139520	496
FOLD	779	990	990	761784	761784	0	2604258
RAIL	11	246	21	757
CORRELATION	546	401	32759	49269
SQUARE	139776	496
FOLD	780	991	991	762555	762555	0	2606909
RAIL	119	137	21	758
CORRELATION	547	403	32759	49269
SQUARE	140032	496
FOLD	781	992	992	763323	763323	0	2609308
RAIL	119	138	21	759
CORRELATION	548	403	32759	49269
SQUARE	140288	496
FOLD	782	993	993	764094	764094	0	2612794
RAIL	12	244	21	760
CORRELATION	549	405	32759	49269
SQUARE	140544	496
FOLD	783	994	994	764862	764862	0	2615701
RAIL	12	245	21	761
CORRELATION	550	407	32759	49269
SQUARE	140800	496
FOLD	784	995	995	765633	765633	0	2618460
RAIL	118	138	21	762
CORRELATION	551	407	32759	49269
SQUARE	141056	496
FOLD	785	996	996	766401	766401	0	2623831
RAIL	118	139	21	763
CORRELATION	552	409	32759	49269
SQUARE	141312	496
FOLD	786	997	997	767172	767172	0	2626612
RAIL	13	243	21	764
CORRELATION	553	410	32759	49269
SQUARE	141568	496
FOLD	787	998	998	767940	767940	0	2629438
RAIL	13	244	21	765
CORRELATION	554	412	32759	49269
SQUARE	141824	496
FOLD	788	999	999	768711	768711	0	2631895
RAIL	117	139	21	766
CORRELATION	555	412	32759	49269
SQUARE	142080	496
FOLD	789	1000	1000	769479	769479	0	2634467
RAIL	117	140	21	767
CORRELATION	556	412	32759	49269
SQUARE	142336	496
FOLD	790	1001	1001	770250	770250	0	2636998
RAIL	14	242	21	768
CORRELATION	557	413	32759	49269
SQUARE	142592	496
FOLD	791	1002	1002	771018	771018	0	2640657
RAIL	14	243	21	769
CORRELATION	558	415	32759	49269
SQUARE	142848	496
FOLD	792	1003	1003	771789	771789	0	2642964
RAIL	116	140	21	770
CORRELATION	559	415	32759	49269
SQUARE	143104	496
FOLD	793	1004	1004	772557	772557	0	2647007
RAIL	116	141	21	771
CORRELATION	560	416	32759	49269
SQUARE	143360	496
FOLD	794	1005	1005	773328	773328	0	2651593
RAIL	15	241	21	772
CORRELATION	561	418	32759	49269
SQUARE	143616	496
FOLD	795	1006	1006	774096	774096	0	2654015
RAIL	15	242	21	773
CORRELATION	562	418	32759	49269
SQUARE	143872	496
FOLD	796	1007	1007	774867	774867	0	2656187
RAIL	115	141	21	774
CORRELATION	563	418	32759	49269
SQUARE	144128	496
FOLD	797	1008	1008	775635	775635	0	2659412
RAIL	115	142	21	775
CORRELATION	564	420	32759	49269
SQUARE	144384	496
FOLD	798	1009	1009	776406	776406	0	2661682
RAIL	16	240	21	776
CORRELATION	565	420	32759	49269
SQUARE	144640	496
FOLD	799	1010	1010	777174	777174	0	2664423
RAIL	16	241	21	777
CORRELATION	566	423	32759	49269
SQUARE	144896	496
FOLD	800	1011	1011	777945	777945	0	2667367
RAIL	114	142	21	778
CORRELATION	567	423	32759	49269
SQUARE	145152	496
FOLD	801	1012	1012	778713	778713	0	2678335
RAIL	114	143	21	779
CORRELATION	568	425	32759	49269
SQUARE	145408	496
FOLD	802	1013	1013	779484	779484	0	2681318
RAIL	17	239	21	780
CORRELATION	569	425	32759	49269
SQUARE	145664	496
FOLD	803	1014	1014	780252	780252	0	2683588
RAIL	17	240	21	781
CORRELATION	570	425	32759	49269
SQUARE	145920	496
FOLD	804	1015	1015	781023	781023	0	2686005
RAIL	113	143	21	782
CORRELATION	571	427	32759	49269
SQUARE	146176	496
FOLD	805	1016	1016	781791	781791	0	2688446
RAIL	113	144	21	783
CORRELATION	572	427	32759	49269
SQUARE	146432	496
FOLD	806	1017	1017	782562	782562	0	2697192
RAIL	18	238	21	784
CORRELATION	573	430	32759	49269
SQUARE	146688	496
FOLD	807	1018	1018	783330	783330	0	2699772
RAIL	18	239	21	785
CORRELATION	574	431	32759	49269
SQUARE	146944	496
FOLD	808	1019	1019	784101	784101	0	2702112
RAIL	112	144	21	786
CORRELATION	575	431	32759	49269
SQUARE	147200	496
FOLD	809	1020	1020	784869	784869	0	2710523
RAIL	112	145	21	787
CORRELATION	576	433	32759	49269
SQUARE	147456	496
FOLD	810	1021	1021	785640	785640	0	2718818
RAIL	19	237	21	788
CORRELATION	577	435	32759	49269
SQUARE	147712	496
FOLD	811	1022	1022	786408	786408	0	2721322
RAIL	19	238	21	789
CORRELATION	578	435	32759	49269
SQUARE	147968	496
FOLD	812	1023	1023	787179	787179	0	2724675
RAIL	111	145	21	790
CORRELATION	579	436	32759	49269
SQUARE	148224	496
FOLD	813	1024	1024	787947	787947	0	2727031
RAIL	111	146	21	791
CORRELATION	580	436	32759	49269
SQUARE	148480	496
FOLD	814	1025	1025	788718	788718	0	2729636
RAIL	20	236	21	792
CORRELATION	581	436	32759	49269
SQUARE	148736	496
FOLD	815	1026	1026	789486	789486	0	2732419
RAIL	20	237	21	793
CORRELATION	582	438	32759	49269
SQUARE	148992	496
FOLD	816	1027	1027	790257	790257	0	2734732
RAIL	110	146	21	794
CORRELATION	583	438	32759	49269
SQUARE	149248	496
FOLD	817	1028	1028	791025	791025	0	2737554
RAIL	110	147	21	795
CORRELATION	584	441	32759	49269
SQUARE	149504	496
FOLD	818	1029	1029	791796	791796	0	2740512
RAIL	21	235	21	796
CORRELATION	585	441	32759	49269
SQUARE	149760	496
FOLD	819	1030	1030	792564	792564	0	2742830
RAIL	21	236	21	797
CORRELATION	586	441	32759	49269
SQUARE	150016	496
FOLD	820	1031	1031	793335	793335	0	2745834
RAIL	109	147	21	798
CORRELATION	587	444	32759	49269
SQUARE	150272	496
FOLD	821	1032	1032	794103	794103	0	2748349
RAIL	109	148	21	799
CORRELATION	588	444	32759	49269
SQUARE	150528	496
FOLD	822	1033	1033	794874	794874	0	2750938
RAIL	22	234	21	800
CORRELATION	589	445	32759	49269
SQUARE	150784	496
FOLD	823	1034	1034	795642	795642	0	2759674
RAIL	22	235	21	801
CORRELATION	590	448	32759	49269
SQUARE	151040	496
FOLD	824	1035	1035	796413	796413	0	2762125
RAIL	108	148	21	802
CORRELATION	591	448	32759	49269
SQUARE	151296	496
FOLD	825	1036	1036	797181	797181	0	2764739
RAIL	108	149	21	803
CORRELATION	592	448	32759	49269
SQUARE	151552	496
FOLD	826	1037	1037	797952	797952	0	2768090
RAIL	23	233	21	804
CORRELATION	593	449	32759	49269
SQUARE	151808	496
FOLD	827	1038	1038	798720	798720	0	2773150
RAIL	23	234	21	805
CORRELATION	594	451	32759	49269
SQUARE	152064	496
FOLD	828	1039	1039	799491	799491	0	2777304
RAIL	107	149	21	806
CORRELATION	595	451	32759	49269
SQUARE	152320	496
FOLD	829	1040	1040	800259	800259	0	2781375
RAIL	107	150	21	807
CORRELATION	596	451	32759	49269
SQUARE	152576	496
FOLD	830	1041	1041	801030	801030	0	2784640
RAIL	24	232	21	808
CORRELATION	597	453	32759	49269
SQUARE	152832	496
FOLD	831	1042	1042	801798	801798	0	2787180
RAIL	24	233	21	809
CORRELATION	598	453	32759	49269
SQUARE	153088	496
FOLD	832	1043	1043	802569	802569	0	2795279
RAIL	106	150	21	810
CORRELATION	599	455	32759	49269
SQUARE	153344	496
FOLD	833	1044	1044	803337	803337	0	2804067
RAIL	106	151	21	811
CORRELATION	600	458	32759	49269
SQUARE	153600	496
FOLD	834	1045	1045	804108	804108	0	2807102
RAIL	25	231	21	812
CORRELATION	601	459	32759	49269
SQUARE	153856	496
FOLD	835	1046	1046	804876	804876	0	2809292
RAIL	25	232	21	813
CORRELATION	602	459	32759	49269
SQUARE	154112	496
FOLD	836	1047	1047	805647	805647	0	2811733
RAIL	105	151	21	814
CORRELATION	603	461	32759	49269
SQUARE	154368	496
FOLD	837	1048	1048	806415	806415	0	2814219
RAIL	105	152	21	815
CORRELATION	604	461	32759	49269
SQUARE	154624	496
FOLD	838	1049	1049	807186	807186	0	2822359
RAIL	26	230	21	816
CORRELATION	605	463	32759	49269
SQUARE	154880	496
FOLD	839	1050	1050	807954	807954	0	2828245
RAIL	26	231	21	817
CORRELATION	606	465	32759	49269
SQUARE	155136	496
FOLD	840	1051	1051	808725	808725	0	2830714
RAIL	104	152	21	818
CORRELATION	607	465	32759	49269
SQUARE	155392	496
FOLD	841	1052	1052	809493	809493	0	2833125
RAIL	104	153	21	819
CORRELATION	608	465	32759	49269
SQUARE	155648	496
FOLD	842	1053	1053	810264	810264	0	2835485
RAIL	27	229	21	820
CORRELATION	609	465	32759	49269
SQUARE	155904	496
FOLD	843	1054	1054	811032	811032	0	2838103
RAIL	27	230	21	821
CORRELATION	610	465	32759	49269
SQUARE	156160	496
FOLD	844	1055	1055	811803	811803	0	2840638
RAIL	103	153	21	822
CORRELATION	611	465	32759	49269
SQUARE	156416	496
FOLD	845	1056	1056	812571	812571	0	2843297
RAIL	103	154	21	823
CORRELATION	612	466	32759	49269
SQUARE	156672	496
FOLD	846	1057	1057	813342	813342	0	2845725
RAIL	28	228	21	824
CORRELATION	613	467	32759	49269
SQUARE	156928	496
FOLD	847	1058	1058	814110	814110	0	2857703
RAIL	28	229	21	825
CORRELATION	614	469	32759	49269
SQUARE	157184	496
FOLD	848	1059	1059	814881	814881	0	2870239
RAIL	102	154	21	826
CORRELATION	615	472	32759	49269
SQUARE	157440	496
FOLD	849	1060	1060	815649	815649	0	2876259
RAIL	102	155	21	827
CORRELATION	616	474	32759	49269
SQUARE	157696	496
FOLD	850	1061	1061	816420	816420	0	2881104
RAIL	29	227	21	828
CORRELATION	617	474	32759	49269
SQUARE	157952	496
FOLD	851	1062	1062	817188	817188	0	2883822
RAIL	29	228	21	829
CORRELATION	618	474	32759	49269
SQUARE	158208	496
FOLD	852	1063	1063	817959	817959	0	2886931
RAIL	101	155	21	830
CORRELATION	619	474	32759	49269
SQUARE	158464	496
FOLD	853	1064	1064	818727	818727	0	2890337
RAIL	101	156	21	831
CORRELATION	620	476	32759	49269
SQUARE	158720	496
FOLD	854	1065	1065	819498	819498	0	2893933
RAIL	30	226	21	832
CORRELATION	621	478	32759	49269
SQUARE	158976	496
FOLD	855	1066	1066	820266	820266	0	2897709
RAIL	30	227	21	833
CORRELATION	622	479	32759	49269
SQUARE	159232	496
FOLD	856	1067	1067	821037	821037	0	2904476
RAIL	100	156	21	834
CORRELATION	623	481	32759	49269
SQUARE	159488	496
FOLD	857	1068	1068	821805	821805	0	2907340
RAIL	100	157	21	835
CORRELATION	624	481	32759	49269
SQUARE	159744	496
FOLD	858	1069	1069	822576	822576	0	2909874
RAIL	31	225	21	836
CORRELATION	625	481	32759	49269
SQUARE	160000	496
FOLD	859	1070	1070	823344	823344	0	2913234
RAIL	31	226	21	837
CORRELATION	626	481	32759	49269
SQUARE	160256	496
FOLD	860	1071	1071	824115	824115	0	2917796
RAIL	99	157	21	838
CORRELATION	627	482	32759	49269
SQUARE	160512	496
FOLD	861	1072	1072	824883	824883	0	2930151
RAIL	99	158	21	839
CORRELATION	628	484	32759	49269
SQUARE	160768	496
FOLD	862	1073	1073	825654	825654	0	2934757
RAIL	32	224	21	840
CORRELATION	629	485	32759	49269
SQUARE	161024	496
FOLD	863	1074	1074	826422	826422	0	2938789
RAIL	32	225	21	841
CORRELATION	630	486	32759	49269
SQUARE	161280	496
FOLD	864	1075	1075	827193	827193	0	2947939
RAIL	98	158	21	842
CORRELATION	631	488	32759	49269
SQUARE	161536	496
FOLD	865	1076	1076	827961	827961	0	2953726
RAIL	98	159	21	843
CORRELATION	632	488	32759	49269
SQUARE	161792	496
FOLD	866	1077	1077	828732	828732	0	2956290
RAIL	33	223	21	844
CORRELATION	633	488	32759	49269
SQUARE	162048	496
FOLD	867	1078	1078	829500	829500	0	2964564
RAIL	33	224	21	845
CORRELATION	634	490	32759	49269
SQUARE	162304	496
FOLD	868	1079	1079	830271	830271	0	2969198
RAIL	97	159	21	846
CORRELATION	635	493	32759	49269
SQUARE	162560	496
FOLD	869	1080	1080	831039	831039	0	2972906
RAIL	97	160	21	847
CORRELATION	636	493	32759	49269
SQUARE	162816	496
FOLD	870	1081	1081	831810	831810	0	2975753
RAIL	34	222	21	848
CORRELATION	637	493	32759	49269
SQUARE	163072	496
FOLD	871	1082	1082	832578	832578	0	2978585
RAIL	34	223	21	849
CORRELATION	638	493	32759	49269
SQUARE	163328	496
FOLD	872	1083	1083	833349	833349	0	2981457
RAIL	96	160	21	850
CORRELATION	639	493	32759	49269
SQUARE	163584	496
FOLD	873	1084	1084	834117	834117	0	2983887
RAIL	96	161	21	851
CORRELATION	640	493	32759	49269
SQUARE	163840	496
FOLD	874	1085	1085	834888	834888	0	2986557
RAIL	35	221	21	852
CORRELATION	641	493	32759	49269
SQUARE	164096	496
FOLD	875	1086	1086	835656	835656	0	2988853
RAIL	35	222	21	853
CORRELATION	642	493	32759	49269
SQUARE	164352	496
FOLD	876	1087	1087	836427	836427	0	2999075
RAIL	95	161	21	854
CORRELATION	643	496	32759	49269
SQUARE	164608	496
FOLD	877	1088	1088	837195	837195	0	3001733
RAIL	95	162	21	855
CORRELATION	644	496	32759	49269
SQUARE	164864	496
FOLD	878	1089	1089	837966	837966	0	3013726
RAIL	36	220	21	856
CORRELATION	645	498	32759	49269
SQUARE	165120	496
FOLD	879	1090	1090	838734	838734	0	3026451
RAIL	36	221	21	857
CORRELATION	646	500	32759	49269
SQUARE	165376	496
FOLD	880	1091	1091	839505	839505	0	3029213
RAIL	94	162	21	858
CORRELATION	647	500	32759	49269
SQUARE	165632	496
FOLD	881	1092	1092	840273	840273	0	3041996
RAIL	94	163	21	859
CORRELATION	648	502	32759	49269
SQUARE	165888	496
FOLD	882	1093	1093	841044	841044	0	3057345
RAIL	37	219	21	860
CORRELATION	649	504	32759	49269
SQUARE	166144	496
FOLD	883	1094	1094	841812	841812	0	3063788
RAIL	37	220	21	861
CORRELATION	650	504	32759	49269
SQUARE	166400	496
FOLD	884	1095	1095	842583	842583	0	3072160
RAIL	93	163	21	862
CORRELATION	651	505	32759	49269
SQUARE	166656	496
FOLD	885	1096	1096	843351	843351	0	3080301
RAIL	93	164	21	863
CORRELATION	652	507	32759	49269
SQUARE	166912	496
FOLD	886	1097	1097	844122	844122	0	3086808
RAIL	38	218	21	864
CORRELATION	653	508	32759	49269
SQUARE	167168	496
FOLD	887	1098	1098	844890	844890	0	3094641
RAIL	38	219	21	865
CORRELATION	654	510	32759	49269
SQUARE	167424	496
FOLD	888	1099	1099	845661	845661	0	3098768
RAIL	92	164	21	866
CORRELATION	655	510	32759	49269
SQUARE	167680	496
FOLD	889	1100	1100	846429	846429	0	3103380
RAIL	92	165	21	867
CORRELATION	656	510	32759	49269
SQUARE	167936	496
FOLD	890	1101	1101	847200	847200	0	3108286
RAIL	39	217	21	868
CORRELATION	657	510	32759	49269
SQUARE	168192	496
FOLD	891	1102	1102	847968	847968	0	3113830
RAIL	39	218	21	869
CORRELATION	658	510	32759	49269
SQUARE	168448	496
FOLD	892	1103	1103	848739	848739	0	3126320
RAIL	91	165	21	870
CORRELATION	659	512	32759	49269
SQUARE	168704	496
FOLD	893	1104	1104	849507	849507	0	3139189
RAIL	91	166	21	871
CORRELATION	660	514	32759	49269
SQUARE	168960	496
FOLD	894	1105	1105	850278	850278	0	3141855
RAIL	40	216	21	872
CORRELATION	661	514	32759	49269
SQUARE	169216	496
FOLD	895	1106	1106	851046	851046	0	3155255
RAIL	40	217	21	873
CORRELATION	662	516	32759	49269
SQUARE	169472	496
FOLD	896	1107	1107	851817	851817	0	3166898
RAIL	90	166	21	874
CORRELATION	663	518	32759	49269
SQUARE	169728	496
FOLD	897	1108	1108	852585	852585	0	3169866
RAIL	90	167	21	875
CORRELATION	664	518	32759	49269
SQUARE	169984	496
FOLD	898	1109	1109	853356	853356	0	3176667
RAIL	41	215	21	876
CORRELATION	665	520	32759	49269
SQUARE	170240	496
FOLD	899	1110	1110	854124	854124	0	3180764
RAIL	41	216	21	877
CORRELATION	666	520	32759	49269
SQUARE	170496	496
FOLD	900	1111	1111	854895	854895	0	3184935
RAIL	89	167	21	878
CORRELATION	667	522	32759	49269
SQUARE	170752	496
FOLD	901	1112	1112	855663	855663	0	3191323
RAIL	89	168	21	879
CORRELATION	668	524	32759	49269
SQUARE	171008	496
FOLD	902	1113	1113	856434	856434	0	3197680
RAIL	42	214	21	880
CORRELATION	669	524	32759	49269
SQUARE	171264	496
FOLD	903	1114	1114	857202	857202	0	3203655
RAIL	42	215	21	881
CORRELATION	670	524	32759	49269
SQUARE	171520	496
FOLD	904	1115	1115	857973	857973	0	3210444
RAIL	88	168	21	882
CORRELATION	671	528	32759	49269
SQUARE	171776	496
FOLD	905	1116	1116	858741	858741	0	3213387
RAIL	88	169	21	883
CORRELATION	672	528	32759	49269
SQUARE	172032	496
FOLD	906	1117	1117	859512	859512	0	3216334
RAIL	43	213	21	884
CORRELATION	673	528	32759	49269
SQUARE	172288	496
FOLD	907	1118	1118	860280	860280	0	3218908
RAIL	43	214	21	885
CORRELATION	674	528	32759	49269
SQUARE	172544	496
FOLD	908	1119	1119	861051	861051	0	3221246
RAIL	87	169	21	886
CORRELATION	675	528	32759	49269
SQUARE	172800	496
FOLD	909	1120	1120	861819	861819	0	3223691
RAIL	87	170	21	887
CORRELATION	676	528	32759	49269
SQUARE	173056	496
FOLD	910	1121	1121	862590	862590	0	3227704
RAIL	44	212	21	888
CORRELATION	677	529	32759	49269
SQUARE	173312	496
FOLD	911	1122	1122	863358	863358	0	3229931
RAIL	44	213	21	889
CORRELATION	678	529	32759	49269
SQUARE	173568	496
FOLD	912	1123	1123	864129	864129	0	3233124
RAIL	86	170	21	890
CORRELATION	679	532	32759	49269
SQUARE	173824	498
FOLD	913	1124	1124	864897	864897	0	3239076
RAIL	86	171	21	891
CORRELATION	680	534	32759	49269
SQUARE	174080	498
FOLD	914	1125	1125	865668	865668	0	3241384
RAIL	45	211	21	892
CORRELATION	681	534	32759	49269
SQUARE	174336	498
FOLD	915	1126	1126	866436	866436	0	3246647
RAIL	45	212	21	893
CORRELATION	682	536	32759	49269
SQUARE	174592	498
FOLD	916	1127	1127	867207	867207	0	3251976
RAIL	85	171	21	894
CORRELATION	683	538	32759	49269
SQUARE	174848	498
FOLD	917	1128	1128	867975	867975	0	3254542
RAIL	85	172	21	895
CORRELATION	684	538	32759	49269
SQUARE	175104	498
FOLD	918	1129	1129	868746	868746	0	3256845
RAIL	46	210	21	896
CORRELATION	685	538	32759	49269
SQUARE	175360	498
FOLD	919	1130	1130	869514	869514	0	3260591
RAIL	46	211	21	897
CORRELATION	686	540	32759	49269
SQUARE	175616	498
FOLD	920	1131	1131	870285	870285	0	3262863
RAIL	84	172	21	898
CORRELATION	687	540	32759	49269
SQUARE	175872	498
FOLD	921	1132	1132	871053	871053	0	3266127
RAIL	84	173	21	899
CORRELATION	688	541	32759	49269
SQUARE	176128	498
FOLD	922	1133	1133	871824	871824	0	3268532
RAIL	47	209	21	900
CORRELATION	689	541	32759	49269
SQUARE	176384	498
FOLD	923	1134	1134	872592	872592	0	3272051
RAIL	47	210	21	901
CORRELATION	690	543	32759	49269
SQUARE	176640	498
FOLD	924	1135	1135	873363	873363	0	3276652
RAIL	83	173	21	902
CORRELATION	691	545	32759	49269
SQUARE	176896	498
FOLD	925	1136	1136	874131	874131	0	3279283
RAIL	83	174	21	903
CORRELATION	692	545	32759	49269
SQUARE	177152	498
FOLD	926	1137	1137	874902	874902	0	3281968
RAIL	48	208	21	904
CORRELATION	693	545	32759	49269
SQUARE	177408	498
FOLD	927	1138	1138	875670	875670	0	3286370
RAIL	48	209	21	905
CORRELATION	694	547	32759	49269
SQUARE	177664	498
FOLD	928	1139	1139	876441	876441	0	3288638
RAIL	82	174	21	906
CORRELATION	695	547	32759	49269
SQUARE	177920	498
FOLD	929	1140	1140	877209	877209	0	3291834
RAIL	82	175	21	907
CORRELATION	696	549	32759	49269
SQUARE	178176	498
FOLD	930	1141	1141	877980	877980	0	3298823
RAIL	49	207	21	908
CORRELATION	697	551	32759	49269
SQUARE	178432	498
FOLD	931	1142	1142	878748	878748	0	3301118
RAIL	49	208	21	909
CORRELATION	698	551	32759	49269
SQUARE	178688	498
FOLD	932	1143	1143	879519	879519	0	3303442
RAIL	81	175	21	910
CORRELATION	699	551	32759	49269
SQUARE	178944	498
FOLD	933	1144	1144	880287	880287	0	3306299
RAIL	81	176	21	911
CORRELATION	700	551	32759	49269
SQUARE	179200	498
FOLD	934	1145	1145	881058	881058	0	3311320
RAIL	50	206	21	912
CORRELATION	701	551	32759	49269
SQUARE	179456	498
FOLD	935	1146	1146	881826	881826	0	3319389
RAIL	50	207	21	913
CORRELATION	702	554	32759	49269
SQUARE	179712	498
FOLD	936	1147	1147	882597	882597	0	3324970
RAIL	80	176	21	914
CORRELATION	703	555	32759	49269
SQUARE	179968	498
FOLD	937	1148	1148	883365	883365	0	3330746
RAIL	80	177	21	915
CORRELATION	704	557	32759	49269
SQUARE	180224	498
FOLD	938	1149	1149	884136	884136	0	3334952
RAIL	51	205	21	916
CORRELATION	705	557	32759	49269
SQUARE	180480	498
FOLD	939	1150	1150	884904	884904	0	3338987
RAIL	51	206	21	917
CORRELATION	706	557	32759	49269
SQUARE	180736	498
FOLD	940	1151	1151	885675	885675	0	3343825
RAIL	79	177	21	918
CORRELATION	707	557	32759	49269
SQUARE	180992	498
FOLD	941	1152	1152	886443	886443	0	3357059
RAIL	79	178	21	919
CORRELATION	708	559	32759	49269
SQUARE	181248	498
FOLD	942	1153	1153	887214	887214	0	3369380
RAIL	52	204	21	920
CORRELATION	709	561	32759	49269
SQUARE	181504	498
FOLD	943	1154	1154	887982	887982	0	3373158
RAIL	52	205	21	921
CORRELATION	710	562	32759	49269
SQUARE	181760	498
FOLD	944	1155	1155	888753	888753	0	3377548
RAIL	78	178	21	922
CORRELATION	711	564	32759	49269
SQUARE	182016	498
FOLD	945	1156	1156	889521	889521	0	3379892
RAIL	78	179	21	923
CORRELATION	712	564	32759	49269
SQUARE	182272	498
FOLD	946	1157	1157	890292	890292	0	3386884
RAIL	53	203	21	924
CORRELATION	713	566	32759	49269
SQUARE	182528	498
FOLD	947	1158	1158	891060	891060	0	3391518
RAIL	53	204	21	925
CORRELATION	714	566	32759	49269
SQUARE	182784	498
FOLD	948	1159	1159	891831	891831	0	3395565
RAIL	77	179	21	926
CORRELATION	715	566	32759	49269
SQUARE	183040	498
FOLD	949	1160	1160	892599	892599	0	3400694
RAIL	77	180	21	927
CORRELATION	716	567	32759	49269
SQUARE	183296	498
FOLD	950	1161	1161	893370	893370	0	3409156
RAIL	54	202	21	928
CORRELATION	717	569	32759	49269
SQUARE	183552	498
FOLD	951	1162	1162	894138	894138	0	3413160
RAIL	54	203	21	929
CORRELATION	718	569	32759	49269
SQUARE	183808	498
FOLD	952	1163	1163	894909	894909	0	3419504
RAIL	76	180	21	930
CORRELATION	719	571	32759	49269
SQUARE	184064	498
FOLD	953	1164	1164	895677	895677	0	3423549
RAIL	76	181	21	931
CORRELATION	720	571	32759	49269
SQUARE	184320	498
FOLD	954	1165	1165	896448	896448	0	3427698
RAIL	55	201	21	932
CORRELATION	721	571	32759	49269
SQUARE	184576	498
FOLD	955	1166	1166	897216	897216	0	3431945
RAIL	55	202	21	933
CORRELATION	722	571	32759	49269
SQUARE	184832	498
FOLD	956	1167	1167	897987	897987	0	3436194
RAIL	75	181	21	934
CORRELATION	723	571	32759	49269
SQUARE	185088	498
FOLD	957	1168	1168	898755	898755	0	3440136
RAIL	75	182	21	935
CORRELATION	724	571	32759	49269
SQUARE	185344	498
FOLD	958	1169	1169	899526	899526	0	3443119
RAIL	56	200	21	936
CORRELATION	725	571	32759	49269
SQUARE	185600	498
FOLD	959	1170	1170	900294	900294	0	3446179
RAIL	56	201	21	937
CORRELATION	726	572	32759	49269
SQUARE	185856	498
FOLD	960	1171	1171	901065	901065	0	3448720
RAIL	74	182	21	938
CORRELATION	727	572	32759	49269
SQUARE	186112	498
FOLD	961	1172	1172	901833	901833	0	3455789
RAIL	74	183	21	939
CORRELATION	728	575	32759	49269
SQUARE	186368	498
FOLD	962	1173	1173	902604	902604	0	3458368
RAIL	57	199	21	940
CORRELATION	729	575	32759	49269
SQUARE	186624	498
FOLD	963	1174	1174	903372	903372	0	3460750
RAIL	57	200	21	941
CORRELATION	730	575	32759	49269
SQUARE	186880	498
FOLD	964	1175	1175	904143	904143	0	3463448
RAIL	73	183	21	942
CORRELATION	731	576	32759	49269
SQUARE	187136	498
FOLD	965	1176	1176	904911	904911	0	3466481
RAIL	73	184	21	943
CORRELATION	732	577	32759	49269
SQUARE	187392	498
FOLD	966	1177	1177	905682	905682	0	3469043
RAIL	58	198	21	944
CORRELATION	733	577	32759	49269
SQUARE	187648	498
FOLD	967	1178	1178	906450	906450	0	3474749
RAIL	58	199	21	945
CORRELATION	734	579	32759	49269
SQUARE	187904	498
FOLD	968	1179	1179	907221	907221	0	3479189
RAIL	72	184	21	946
CORRELATION	735	581	32759	49269
SQUARE	188160	498
FOLD	969	1180	1180	907989	907989	0	3481478
RAIL	72	185	21	947
CORRELATION	736	581	32759	49269
SQUARE	188416	498
FOLD	970	1181	1181	908760	908760	0	3483789
RAIL	59	197	21	948
CORRELATION	737	581	32759	49269
SQUARE	188672	498
FOLD	971	1182	1182	909528	909528	0	3487219
RAIL	59	198	21	949
CORRELATION	738	581	32759	49269
SQUARE	188928	498
FOLD	972	1183	1183	910299	910299	0	3491880
RAIL	71	185	21	950
CORRELATION	739	581	32759	49269
SQUARE	189184	498
FOLD	973	1184	1184	911067	911067	0	3495324
RAIL	71	186	21	951
CORRELATION	740	581	32759	49269
SQUARE	189440	498
FOLD	974	1185	1185	911838	911838	0	3501486
RAIL	60	196	21	952
CORRELATION	741	584	32759	49269
SQUARE	189696	498
FOLD	975	1186	1186	912606	912606	0	3503814
RAIL	60	197	21	953
CORRELATION	742	584	32759	49269
SQUARE	189952	498
FOLD	976	1187	1187	913377	913377	0	3506346
RAIL	70	186	21	954
CORRELATION	743	584	32759	49269
SQUARE	190208	498
FOLD	977	1188	1188	914145	914145	0	3512917
RAIL	70	187	21	955
CORRELATION	744	588	32759	49269
SQUARE	190464	498
FOLD	978	1189	1189	914916	914916	0	3515465
RAIL	61	195	21	956
CORRELATION	745	589	32759	49269
SQUARE	190720	498
FOLD	979	1190	1190	915684	915684	0	3517833
RAIL	61	196	21	957
CORRELATION	746	589	32759	49269
SQUARE	190976	498
FOLD	980	1191	1191	916455	916455	0	3526451
RAIL	69	187	21	958
CORRELATION	747	591	32759	49269
SQUARE	191232	498
FOLD	981	1192	1192	917223	917223	0	3536125
RAIL	69	188	21	959
CORRELATION	748	593	32759	49269
SQUARE	191488	498
FOLD	982	1193	1193	917994	917994	0	3538387
RAIL	62	194	21	960
CORRELATION	749	593	32759	49269
SQUARE	191744	498
FOLD	983	1194	1194	918762	918762	0	3542034
RAIL	62	195	21	961
CORRELATION	750	594	32759	49269
SQUARE	192000	498
FOLD	984	1195	1195	919533	919533	0	3546331
RAIL	68	188	21	962
CORRELATION	751	596	32759	49269
SQUARE	192256	498
FOLD	985	1196	1196	920301	920301	0	3550584
RAIL	68	189	21	963
CORRELATION	752	598	32759	49269
SQUARE	192512	498
FOLD	986	1197	1197	921072	921072	0	3553947
RAIL	63	193	21	964
CORRELATION	753	598	32759	49269
SQUARE	192768	498
FOLD	987	1198	1198	921840	921840	0	3558302
RAIL	63	194	21	965
CORRELATION	754	600	32759	49269
SQUARE	193024	498
FOLD	988	1199	1199	922611	922611	0	3561233
RAIL	67	189	21	966
CORRELATION	755	600	32759	49269
SQUARE	193280	498
FOLD	989	1200	1200	923379	923379	0	3566880
RAIL	67	190	21	967
CORRELATION	756	603	32759	49269
SQUARE	193536	498
FOLD	990	1201	1201	924150	924150	0	3571783
RAIL	64	192	21	968
CORRELATION	757	603	32759	49269
SQUARE	193792	498
FOLD	991	1202	1202	924918	924918	0	3574105
RAIL	64	193	21	969
CORRELATION	758	603	32759	49269
SQUARE	194048	498
FOLD	992	1203	1203	925689	925689	0	3576519
RAIL	66	190	21	970
CORRELATION	759	603	32759	49269
SQUARE	194304	498
FOLD	993	1204	1204	926457	926457	0	3579012
RAIL	66	191	21	971
CORRELATION	760	604	32759	49269
SQUARE	194560	498
FOLD	994	1205	1205	927228	927228	0	3581424
RAIL	65	191	21	972
CORRELATION	761	604	32759	49269
SQUARE	194816	498
FOLD	995	1206	1206	927996	927996	0	3585125
RAIL	65	192	21	973
CORRELATION	762	605	32759	49269
SQUARE	195072	498
FOLD	996	1207	1207	928767	928767	0	3592963
RAIL	128	128	21	974
CORRELATION	765	608	32759	49269
SQUARE	195840	498
FOLD	997	1208	1208	929535	929535	0	3597476
RAIL	128	129	21	975
CORRELATION	766	610	32759	49269
SQUARE	196096	498
FOLD	998	1209	1209	930306	930306	0	3608085
RAIL	127	129	21	976
CORRELATION	769	613	32759	49269
SQUARE	196864	498
FOLD	999	1210	1210	931074	931074	0	3610738
RAIL	127	130	21	977
CORRELATION	770	614	32759	49269
SQUARE	197120	498
FOLD	1000	1211	1211	931845	931845	0	3617973
RAIL	126	130	21	978
CORRELATION	773	616	32759	49269
SQUARE	197888	498
FOLD	1001	1212	1212	932613	932613	0	3620268
RAIL	126	131	21	979
CORRELATION	774	616	32759	49269
SQUARE	198144	498
FOLD	1002	1213	1213	933384	933384	0	3626388
RAIL	5	251	21	980
CORRELATION	775	620	32759	49269
SQUARE	198400	498
FOLD	1005	1214	1214	934155	934155	0	3636745
RAIL	6	250	22	982
CORRELATION	779	622	32759	49269
SQUARE	199424	498
FOLD	1006	1215	1215	934923	934923	0	3642650
RAIL	124	132	22	983
CORRELATION	781	625	32759	49269
SQUARE	199936	498
FOLD	1007	1216	1216	935691	935691	0	3645280
RAIL	124	133	22	984
CORRELATION	782	625	32759	49269
SQUARE	200192	498
FOLD	1008	1217	1217	936462	936462	0	3658924
RAIL	7	249	22	985
CORRELATION	783	628	32759	49269
SQUARE	200448	498
FOLD	1011	1218	1218	937233	937233	0	3688944
RAIL	8	248	23	987
CORRELATION	787	633	32759	49269
SQUARE	201472	498
FOLD	1016	1219	1219	938001	938001	0	3700271
RAIL	9	248	25	990
CORRELATION	792	635	32759	49269
SQUARE	202752	498
FOLD	1019	1220	1220	938769	938769	0	3715851
RAIL	10	246	26	992
CORRELATION	795	637	32759	49269
SQUARE	203520	498
FOLD	1020	1221	1221	939537	939537	0	3723819
RAIL	10	247	26	993
CORRELATION	796	640	32759	49269
SQUARE	203776	498
FOLD	1023	1222	1222	940305	940305	0	3730488
RAIL	11	245	27	995
CORRELATION	799	640	32759	49269
SQUARE	204544	498
FOLD	1024	1223	1223	941073	941073	0	3733001
RAIL	11	246	27	996
CORRELATION	800	641	32759	49269
SQUARE	204800	498
FOLD	1027	1224	1224	941841	941841	0	3743934
RAIL	12	244	28	998
CORRELATION	803	642	32759	49269
SQUARE	205568	498
FOLD	1028	1225	1225	942609	942609	0	3748823
RAIL	12	245	28	999
CORRELATION	804	645	32759	49269
SQUARE	205824	498
FOLD	1029	1226	1226	943380	943380	0	3751310
RAIL	118	138	28	1000
CORRELATION	805	645	32759	49269
SQUARE	206080	498
FOLD	1030	1227	1227	944148	944148	0	3754640
RAIL	118	139	28	1001
CORRELATION	806	646	32759	49269
SQUARE	206336	498
FOLD	1031	1228	1228	944919	944919	0	3759662
RAIL	13	243	28	1002
CORRELATION	807	648	32759	49269
SQUARE	206592	498
FOLD	1032	1229	1229	945687	945687	0	3762399
RAIL	13	244	28	1003
CORRELATION	808	649	32759	49269
SQUARE	206848	498
FOLD	1033	1230	1230	946458	946458	0	3764563
RAIL	117	139	28	1004
CORRELATION	809	649	32759	49269
SQUARE	207104	498
FOLD	1034	1231	1231	947226	947226	0	3767538
RAIL	117	140	28	1005
CORRELATION	810	650	32759	49269
SQUARE	207360	498
FOLD	1035	1232	1232	947997	947997	0	3770983
RAIL	14	242	28	1006
CORRELATION	811	652	32759	49269
SQUARE	207616	498
FOLD	1036	1233	1233	948765	948765	0	3775527
RAIL	14	243	28	1007
CORRELATION	812	654	32759	49269
SQUARE	207872	498
FOLD	1037	1234	1234	949536	949536	0	3777750
RAIL	116	140	28	1008
CORRELATION	813	654	32759	49269
SQUARE	208128	498
FOLD	1038	1235	1235	950304	950304	0	3780214
RAIL	116	141	28	1009
CORRELATION	814	654	32759	49269
SQUARE	208384	498
FOLD	1039	1236	1236	951075	951075	0	3782804
RAIL	15	241	28	1010
CORRELATION	815	654	32759	49269
SQUARE	208640	498
FOLD	1040	1237	1237	951843	951843	0	3784987
RAIL	15	242	28	1011
CORRELATION	816	654	32759	49269
SQUARE	208896	498
FOLD	1041	1238	1238	952614	952614	0	3787436
RAIL	115	141	28	1012
CORRELATION	817	654	32759	49269
SQUARE	209152	498
FOLD	1042	1239	1239	953382	953382	0	3794378
RAIL	115	142	28	1013
CORRELATION	818	656	32759	49269
SQUARE	209408	498
FOLD	1043	1240	1240	954153	954153	0	3798069
RAIL	16	240	28	1014
CORRELATION	819	658	32759	49269
SQUARE	209664	498
FOLD	1044	1241	1241	954921	954921	0	3804234
RAIL	16	241	28	1015
CORRELATION	820	659	32759	49269
SQUARE	209920	498
FOLD	1045	1242	1242	955692	955692	0	3808193
RAIL	114	142	28	1016
CORRELATION	821	661	32759	49269
SQUARE	210176	498
FOLD	1046	1243	1243	956460	956460	0	3818248
RAIL	114	143	28	1017
CORRELATION	822	662	32759	49269
SQUARE	210432	498
FOLD	1047	1244	1244	957231	957231	0	3820507
RAIL	17	239	28	1018
CORRELATION	823	662	32759	49269
SQUARE	210688	498
FOLD	1048	1245	1245	957999	957999	0	3834274
RAIL	17	240	28	1019
CORRELATION	824	665	32759	49269
SQUARE	210944	498
FOLD	1049	1246	1246	958770	958770	0	3836688
RAIL	113	143	28	1020
CORRELATION	825	665	32759	49269
SQUARE	211200	498
FOLD	1050	1247	1247	959538	959538	0	3840364
RAIL	113	144	28	1021
CORRELATION	826	667	32759	49269
SQUARE	211456	498
FOLD	1051	1248	1248	960309	960309	0	3844504
RAIL	18	238	28	1022
CORRELATION	827	669	32759	49269
SQUARE	211712	498
FOLD	1052	1249	1249	961077	961077	0	3847178
RAIL	18	239	28	1023
CORRELATION	828	669	32759	49269
SQUARE	211968	498
FOLD	1053	1250	1250	961848	961848	0	3849488
RAIL	112	144	28	1024
CORRELATION	829	669	32759	49269
SQUARE	212224	498
FOLD	1054	1251	1251	962616	962616	0	3851973
RAIL	112	145	28	1025
CORRELATION	830	669	32759	49269
SQUARE	212480	498
FOLD	1055	1252	1252	963387	963387	0	3855119
RAIL	19	237	28	1026
CORRELATION	831	669	32759	49269
SQUARE	212736	498
FOLD	1056	1253	1253	964155	964155	0	3857978
RAIL	19	238	28	1027
CORRELATION	832	669	32759	49269
SQUARE	212992	498
FOLD	1057	1254	1254	964926	964926	0	3868223
RAIL	111	145	28	1028
CORRELATION	833	671	32759	49269
SQUARE	213248	498
FOLD	1058	1255	1255	965694	965694	0	3870746
RAIL	111	146	28	1029
CORRELATION	834	671	32759	49269
SQUARE	213504	498
FOLD	1059	1256	1256	966465	966465	0	3873456
RAIL	20	236	28	1030
CORRELATION	835	671	32759	49269
SQUARE	213760	498
FOLD	1060	1257	1257	967233	967233	0	3877543
RAIL	20	237	28	1031
CORRELATION	836	673	32759	49269
SQUARE	214016	498
FOLD	1061	1258	1258	968004	968004	0	3888235
RAIL	110	146	28	1032
CORRELATION	837	675	32759	49269
SQUARE	214272	498
FOLD	1062	1259	1259	968772	968772	0	3892515
RAIL	110	147	28	1033
CORRELATION	838	675	32759	49269
SQUARE	214528	498
FOLD	1063	1260	1260	969543	969543	0	3903023
RAIL	21	235	28	1034
CORRELATION	839	678	32759	49269
SQUARE	214784	498
FOLD	1064	1261	1261	970311	970311	0	3905464
RAIL	21	236	28	1035
CORRELATION	840	678	32759	49269
SQUARE	215040	498
FOLD	1065	1262	1262	971082	971082	0	3907777
RAIL	109	147	28	1036
CORRELATION	841	678	32759	49269
SQUARE	215296	498
FOLD	1066	1263	1263	971850	971850	0	3910506
RAIL	109	148	28	1037
CORRELATION	842	679	32759	49269
SQUARE	215552	498
FOLD	1067	1264	1264	972621	972621	0	3913100
RAIL	22	234	28	1038
CORRELATION	843	679	32759	49269
SQUARE	215808	498
FOLD	1068	1265	1265	973389	973389	0	3917896
RAIL	22	235	28	1039
CORRELATION	844	682	32759	49269
SQUARE	216064	498
FOLD	1069	1266	1266	974160	974160	0	3920370
RAIL	108	148	28	1040
CORRELATION	845	682	32759	49269
SQUARE	216320	498
FOLD	1070	1267	1267	974928	974928	0	3922724
RAIL	108	149	28	1041
CORRELATION	846	682	32759	49269
SQUARE	216576	498
FOLD	1071	1268	1268	975699	975699	0	3925258
RAIL	23	233	28	1042
CORRELATION	847	682	32759	49269
SQUARE	216832	498
FOLD	1072	1269	1269	976467	976467	0	3927558
RAIL	23	234	28	1043
CORRELATION	848	682	32759	49269
SQUARE	217088	498
FOLD	1073	1270	1270	977238	977238	0	3930825
RAIL	107	149	28	1044
CORRELATION	849	683	32759	49269
SQUARE	217344	498
FOLD	1074	1271	1271	978006	978006	0	3935899
RAIL	107	150	28	1045
CORRELATION	850	686	32759	49269
SQUARE	217600	498
FOLD	1075	1272	1272	978777	978777	0	3938481
RAIL	24	232	28	1046
CORRELATION	851	686	32759	49269
SQUARE	217856	498
FOLD	1076	1273	1273	979545	979545	0	3943523
RAIL	24	233	28	1047
CORRELATION	852	689	32759	49269
SQUARE	218112	498
FOLD	1077	1274	1274	980316	980316	0	3945876
RAIL	106	150	28	1048
CORRELATION	853	689	32759	49269
SQUARE	218368	498
FOLD	1078	1275	1275	981084	981084	0	3948524
RAIL	106	151	28	1049
CORRELATION	854	689	32759	49269
SQUARE	218624	498
FOLD	1079	1276	1276	981855	981855	0	3953039
RAIL	25	231	28	1050
CORRELATION	855	689	32759	49269
SQUARE	218880	498
FOLD	1080	1277	1277	982623	982623	0	3957212
RAIL	25	232	28	1051
CORRELATION	856	689	32759	49269
SQUARE	219136	498
FOLD	1081	1278	1278	983394	983394	0	3962188
RAIL	105	151	28	1052
CORRELATION	857	689	32759	49269
SQUARE	219392	498
FOLD	1082	1279	1279	984162	984162	0	3967405
RAIL	105	152	28	1053
CORRELATION	858	689	32759	49269
SQUARE	219648	498
FOLD	1083	1280	1280	984933	984933	0	3971557
RAIL	26	230	28	1054
CORRELATION	859	689	32759	49269
SQUARE	219904	498
FOLD	1084	1281	1281	985701	985701	0	3976070
RAIL	26	231	28	1055
CORRELATION	860	689	32759	49269
SQUARE	220160	498
FOLD	1085	1282	1282	986472	986472	0	3989740
RAIL	104	152	28	1056
CORRELATION	861	691	32759	49269
SQUARE	220416	498
FOLD	1086	1283	1283	987240	987240	0	4003306
RAIL	104	153	28	1057
CORRELATION	862	693	32759	49269
SQUARE	220672	498
FOLD	1087	1284	1284	988011	988011	0	4006839
RAIL	27	229	28	1058
CORRELATION	863	694	32759	49269
SQUARE	220928	498
FOLD	1088	1285	1285	988779	988779	0	4014749
RAIL	27	230	28	1059
CORRELATION	864	696	32759	49269
SQUARE	221184	498
FOLD	1089	1286	1286	989550	989550	0	4017454
RAIL	103	153	28	1060
CORRELATION	865	696	32759	49269
SQUARE	221440	498
FOLD	1090	1287	1287	990318	990318	0	4026333
RAIL	103	154	28	1061
CORRELATION	866	699	32759	49269
SQUARE	221696	498
FOLD	1091	1288	1288	991089	991089	0	4028791
RAIL	28	228	28	1062
CORRELATION	867	699	32759	49269
SQUARE	221952	498
FOLD	1092	1289	1289	991857	991857	0	4031372
RAIL	28	229	28	1063
CORRELATION	868	699	32759	49269
SQUARE	222208	498
FOLD	1093	1290	1290	992628	992628	0	4033669
RAIL	102	154	28	1064
CORRELATION	869	699	32759	49269
SQUARE	222464	498
FOLD	1094	1291	1291	993396	993396	0	4043846
RAIL	102	155	28	1065
CORRELATION	870	701	32759	49269
SQUARE	222720	498
FOLD	1095	1292	1292	994167	994167	0	4053100
RAIL	29	227	28	1066
CORRELATION	871	703	32759	49269
SQUARE	222976	498
FOLD	1096	1293	1293	994935	994935	0	4063928
RAIL	29	228	28	1067
CORRELATION	872	705	32759	49269
SQUARE	223232	498
FOLD	1097	1294	1294	995706	995706	0	4066801
RAIL	101	155	28	1068
CORRELATION	873	705	32759	49269
SQUARE	223488	498
FOLD	1098	1295	1295	996474	996474	0	4072336
RAIL	101	156	28	1069
CORRELATION	874	708	32759	49269
SQUARE	223744	498
FOLD	1099	1296	1296	997245	997245	0	4074801
RAIL	30	226	28	1070
CORRELATION	875	708	32759	49269
SQUARE	224000	498
FOLD	1100	1297	1297	998013	998013	0	4077397
RAIL	30	227	28	1071
CORRELATION	876	708	32759	49269
SQUARE	224256	498
FOLD	1101	1298	1298	998784	998784	0	4079745
RAIL	100	156	28	1072
CORRELATION	877	708	32759	49269
SQUARE	224512	498
FOLD	1102	1299	1299	999552	999552	0	4088389
RAIL	100	157	28	1073
CORRELATION	878	709	32759	49269
SQUARE	224768	498
FOLD	1103	1300	1300	1000323	1000323	0	4101465
RAIL	31	225	28	1074
CORRELATION	879	711	32759	49269
SQUARE	225024	498
FOLD	1104	1301	1301	1001091	1001091	0	4104359
RAIL	31	226	28	1075
CORRELATION	880	711	32759	49269
SQUARE	225280	498
FOLD	1105	1302	1302	1001862	1001862	0	4114100
RAIL	99	157	28	1076
CORRELATION	881	714	32759	49269
SQUARE	225536	498
FOLD	1106	1303	1303	1002630	1002630	0	4116804
RAIL	99	158	28	1077
CORRELATION	882	714	32759	49269
SQUARE	225792	498
FOLD	1107	1304	1304	1003401	1003401	0	4125911
RAIL	32	224	28	1078
CORRELATION	883	717	32759	49269
SQUARE	226048	498
FOLD	1108	1305	1305	1004169	1004169	0	4129293
RAIL	32	225	28	1079
CORRELATION	884	717	32759	49269
SQUARE	226304	498
FOLD	1109	1306	1306	1004940	1004940	0	4132240
RAIL	98	158	28	1080
CORRELATION	885	717	32759	49269
SQUARE	226560	498
FOLD	1110	1307	1307	1005708	1005708	0	4139519
RAIL	98	159	28	1081
CORRELATION	886	719	32759	49269
SQUARE	226816	498
FOLD	1111	1308	1308	1006479	1006479	0	4146533
RAIL	33	223	28	1082
CORRELATION	887	721	32759	49269
SQUARE	227072	498
FOLD	1112	1309	1309	1007247	1007247	0	4149067
RAIL	33	224	28	1083
CORRELATION	888	721	32759	49269
SQUARE	227328	498
FOLD	1113	1310	1310	1008018	1008018	0	4158975
RAIL	97	159	28	1084
CORRELATION	889	723	32759	49269
SQUARE	227584	498
FOLD	1114	1311	1311	1008786	1008786	0	4163135
RAIL	97	160	28	1085
CORRELATION	890	725	32759	49269
SQUARE	227840	498
FOLD	1115	1312	1312	1009557	1009557	0	4165439
RAIL	34	222	28	1086
CORRELATION	891	725	32759	49269
SQUARE	228096	498
FOLD	1116	1313	1313	1010325	1010325	0	4167850
RAIL	34	223	28	1087
CORRELATION	892	725	32759	49269
SQUARE	228352	498
FOLD	1117	1314	1314	1011096	1011096	0	4170806
RAIL	96	160	28	1088
CORRELATION	893	725	32759	49269
SQUARE	228608	498
FOLD	1118	1315	1315	1011864	1011864	0	4176369
RAIL	96	161	28	1089
CORRELATION	894	727	32759	49269
SQUARE	228864	498
FOLD	1119	1316	1316	1012635	1012635	0	4181825
RAIL	35	221	28	1090
CORRELATION	895	728	32759	49269
SQUARE	229120	498
FOLD	1120	1317	1317	1013403	1013403	0	4185771
RAIL	35	222	28	1091
CORRELATION	896	728	32759	49269
SQUARE	229376	498
FOLD	1121	1318	1318	1014174	1014174	0	4188746
RAIL	95	161	28	1092
CORRELATION	897	728	32759	49269
SQUARE	229632	498
FOLD	1122	1319	1319	1014942	1014942	0	4193630
RAIL	95	162	28	1093
CORRELATION	898	730	32759	49269
SQUARE	229888	498
FOLD	1123	1320	1320	1015713	1015713	0	4197799
RAIL	36	220	28	1094
CORRELATION	899	732	32759	49269
SQUARE	230144	498
FOLD	1124	1321	1321	1016481	1016481	0	4200287
RAIL	36	221	28	1095
CORRELATION	900	732	32759	49269
SQUARE	230400	498
FOLD	1125	1322	1322	1017252	1017252	0	4208810
RAIL	94	162	28	1096
CORRELATION	901	735	32759	49269
SQUARE	230656	498
FOLD	1126	1323	1323	1018020	1018020	0	4211385
RAIL	94	163	28	1097
CORRELATION	902	735	32759	49269
SQUARE	230912	498
FOLD	1127	1324	1324	1018791	1018791	0	4213806
RAIL	37	219	28	1098
CORRELATION	903	735	32759	49269
SQUARE	231168	498
FOLD	1128	1325	1325	1019559	1019559	0	4216834
RAIL	37	220	28	1099
CORRELATION	904	737	32759	49269
SQUARE	231424	498
FOLD	1129	1326	1326	1020330	1020330	0	4219339
RAIL	93	163	28	1100
CORRELATION	905	737	32759	49269
SQUARE	231680	498
FOLD	1130	1327	1327	1021098	1021098	0	4221758
RAIL	93	164	28	1101
CORRELATION	906	737	32759	49269
SQUARE	231936	498
FOLD	1131	1328	1328	1021869	1021869	0	4224286
RAIL	38	218	28	1102
CORRELATION	907	737	32759	49269
SQUARE	232192	498
FOLD	1132	1329	1329	1022637	1022637	0	4232253
RAIL	38	219	28	1103
CORRELATION	908	739	32759	49269
SQUARE	232448	498
FOLD	1133	1330	1330	1023408	1023408	0	4239288
RAIL	92	164	28	1104
CORRELATION	909	741	32759	49269
SQUARE	232704	498
FOLD	1134	1331	1331	1024176	1024176	0	4241546
RAIL	92	165	28	1105
CORRELATION	910	741	32759	49269
SQUARE	232960	498
FOLD	1135	1332	1332	1024947	1024947	0	4249411
RAIL	39	217	28	1106
CORRELATION	911	743	32759	49269
SQUARE	233216	498
FOLD	1136	1333	1333	1025715	1025715	0	4257979
RAIL	39	218	28	1107
CORRELATION	912	746	32759	49269
SQUARE	233472	498
FOLD	1137	1334	1334	1026486	1026486	0	4260126
RAIL	91	165	28	1108
CORRELATION	913	746	32759	49269
SQUARE	233728	498
FOLD	1138	1335	1335	1027254	1027254	0	4262636
RAIL	91	166	28	1109
CORRELATION	914	746	32759	49269
SQUARE	233984	498
FOLD	1139	1336	1336	1028025	1028025	0	4266153
RAIL	40	216	28	1110
CORRELATION	915	748	32759	49269
SQUARE	234240	498
FOLD	1140	1337	1337	1028793	1028793	0	4268940
RAIL	40	217	28	1111
CORRELATION	916	748	32759	49269
SQUARE	234496	498
FOLD	1141	1338	1338	1029564	1029564	0	4272706
RAIL	90	166	28	1112
CORRELATION	917	748	32759	49269
SQUARE	234752	498
FOLD	1142	1339	1339	1030332	1030332	0	4275456
RAIL	90	167	28	1113
CORRELATION	918	748	32759	49269
SQUARE	235008	498
FOLD	1143	1340	1340	1031103	1031103	0	4279652
RAIL	41	215	28	1114
CORRELATION	919	750	32759	49269
SQUARE	235264	498
FOLD	1144	1341	1341	1031871	1031871	0	4286867
RAIL	41	216	28	1115
CORRELATION	920	752	32759	49269
SQUARE	235520	498
FOLD	1145	1342	1342	1032642	1032642	0	4289164
RAIL	89	167	28	1116
CORRELATION	921	752	32759	49269
SQUARE	235776	498
FOLD	1146	1343	1343	1033410	1033410	0	4297432
RAIL	89	168	28	1117
CORRELATION	922	756	32759	49269
SQUARE	236032	498
FOLD	1147	1344	1344	1034181	1034181	0	4300075
RAIL	42	214	28	1118
CORRELATION	923	756	32759	49269
SQUARE	236288	498
FOLD	1148	1345	1345	1034949	1034949	0	4302656
RAIL	42	215	28	1119
CORRELATION	924	756	32759	49269
SQUARE	236544	498
FOLD	1149	1346	1346	1035720	1035720	0	4304899
RAIL	88	168	28	1120
CORRELATION	925	756	32759	49269
SQUARE	236800	498
FOLD	1150	1347	1347	1036488	1036488	0	4307469
RAIL	88	169	28	1121
CORRELATION	926	756	32759	49269
SQUARE	237056	498
FOLD	1151	1348	1348	1037259	1037259	0	4309719
RAIL	43	213	28	1122
CORRELATION	927	756	32759	49269
SQUARE	237312	498
FOLD	1152	1349	1349	1038027	1038027	0	4312006
RAIL	43	214	28	1123
CORRELATION	928	756	32759	49269
SQUARE	237568	498
FOLD	1153	1350	1350	1038798	1038798	0	4315607
RAIL	87	169	28	1124
CORRELATION	929	757	32759	49269
SQUARE	237824	498
FOLD	1154	1351	1351	1039566	1039566	0	4318428
RAIL	87	170	28	1125
CORRELATION	930	757	32759	49269
SQUARE	238080	498
FOLD	1155	1352	1352	1040337	1040337	0	4321654
RAIL	44	212	28	1126
CORRELATION	931	758	32759	49269
SQUARE	238336	498
FOLD	1156	1353	1353	1041105	1041105	0	4324717
RAIL	44	213	28	1127
CORRELATION	932	760	32759	49269
SQUARE	238592	498
FOLD	1157	1354	1354	1041876	1041876	0	4327197
RAIL	86	170	28	1128
CORRELATION	933	760	32759	49269
SQUARE	238848	498
FOLD	1158	1355	1355	1042644	1042644	0	4333168
RAIL	86	171	28	1129
CORRELATION	934	762	32759	49269
SQUARE	239104	498
FOLD	1159	1356	1356	1043415	1043415	0	4339502
RAIL	45	211	28	1130
CORRELATION	935	764	32759	49269
SQUARE	239360	498
FOLD	1160	1357	1357	1044183	1044183	0	4341627
RAIL	45	212	28	1131
CORRELATION	936	764	32759	49269
SQUARE	239616	498
FOLD	1161	1358	1358	1044954	1044954	0	4344008
RAIL	85	171	28	1132
CORRELATION	937	764	32759	49269
SQUARE	239872	498
FOLD	1162	1359	1359	1045722	1045722	0	4346261
RAIL	85	172	28	1133
CORRELATION	938	764	32759	49269
SQUARE	240128	498
FOLD	1163	1360	1360	1046493	1046493	0	4348888
RAIL	46	210	28	1134
CORRELATION	939	764	32759	49269
SQUARE	240384	498
FOLD	1164	1361	1361	1047261	1047261	0	4352035
RAIL	46	211	28	1135
CORRELATION	940	766	32759	49269
SQUARE	240640	498
FOLD	1165	1362	1362	1048032	1048032	0	4354332
RAIL	84	172	28	1136
CORRELATION	941	766	32759	49269
SQUARE	240896	498
FOLD	1166	1363	1363	1048800	1048800	0	4364964
RAIL	84	173	28	1137
CORRELATION	942	769	32759	49269
SQUARE	241152	498
FOLD	1167	1364	1364	1049571	1049571	0	4367241
RAIL	47	209	28	1138
CORRELATION	943	769	32759	49269
SQUARE	241408	498
FOLD	1168	1365	1365	1050339	1050339	0	4369912
RAIL	47	210	28	1139
CORRELATION	944	769	32759	49269
SQUARE	241664	498
FOLD	1169	1366	1366	1051110	1051110	0	4379671
RAIL	83	173	28	1140
CORRELATION	945	771	32759	49269
SQUARE	241920	498
FOLD	1170	1367	1367	1051878	1051878	0	4388217
RAIL	83	174	28	1141
CORRELATION	946	774	32759	49269
SQUARE	242176	498
FOLD	1171	1368	1368	1052649	1052649	0	4390413
RAIL	48	208	28	1142
CORRELATION	947	774	32759	49269
SQUARE	242432	498
FOLD	1172	1369	1369	1053417	1053417	0	4393833
RAIL	48	209	28	1143
CORRELATION	948	775	32759	49269
SQUARE	242688	498
FOLD	1173	1370	1370	1054188	1054188	0	4396562
RAIL	82	174	28	1144
CORRELATION	949	775	32759	49269
SQUARE	242944	498
FOLD	1174	1371	1371	1054956	1054956	0	4398990
RAIL	82	175	28	1145
CORRELATION	950	775	32759	49269
SQUARE	243200	498
FOLD	1175	1372	1372	1055727	1055727	0	4401333
RAIL	49	207	28	1146
CORRELATION	951	777	32759	49269
SQUARE	243456	498
FOLD	1176	1373	1373	1056495	1056495	0	4403794
RAIL	49	208	28	1147
CORRELATION	952	778	32759	49269
SQUARE	243712	498
FOLD	1177	1374	1374	1057266	1057266	0	4406822
RAIL	81	175	28	1148
CORRELATION	953	780	32759	49269
SQUARE	243968	498
FOLD	1178	1375	1375	1058034	1058034	0	4409109
RAIL	81	176	28	1149
CORRELATION	954	780	32759	49269
SQUARE	244224	498
FOLD	1179	1376	1376	1058805	1058805	0	4411239
RAIL	50	206	28	1150
CORRELATION	955	780	32759	49269
SQUARE	244480	498
FOLD	1180	1377	1377	1059573	1059573	0	4414910
RAIL	50	207	28	1151
CORRELATION	956	782	32759	49269
SQUARE	244736	498
FOLD	1181	1378	1378	1060344	1060344	0	4417729
RAIL	80	176	28	1152
CORRELATION	957	784	32759	49269
SQUARE	244992	498
FOLD	1182	1379	1379	1061112	1061112	0	4419980
RAIL	80	177	28	1153
CORRELATION	958	784	32759	49269
SQUARE	245248	498
FOLD	1183	1380	1380	1061883	1061883	0	4422984
RAIL	51	205	28	1154
CORRELATION	959	786	32759	49269
SQUARE	245504	498
FOLD	1184	1381	1381	1062651	1062651	0	4426992
RAIL	51	206	28	1155
CORRELATION	960	788	32759	49269
SQUARE	245760	498
FOLD	1185	1382	1382	1063422	1063422	0	4429138
RAIL	79	177	28	1156
CORRELATION	961	788	32759	49269
SQUARE	246016	498
FOLD	1186	1383	1383	1064190	1064190	0	4431572
RAIL	79	178	28	1157
CORRELATION	962	788	32759	49269
SQUARE	246272	498
FOLD	1187	1384	1384	1064961	1064961	0	4433924
RAIL	52	204	28	1158
CORRELATION	963	788	32759	49269
SQUARE	246528	498
FOLD	1188	1385	1385	1065729	1065729	0	4436110
RAIL	52	205	28	1159
CORRELATION	964	788	32759	49269
SQUARE	246784	498
FOLD	1189	1386	1386	1066500	1066500	0	4440474
RAIL	78	178	28	1160
CORRELATION	965	789	32759	49269
SQUARE	247040	498
FOLD	1190	1387	1387	1067268	1067268	0	4443545
RAIL	78	179	28	1161
CORRELATION	966	789	32759	49269
SQUARE	247296	498
FOLD	1191	1388	1388	1068039	1068039	0	4450160
RAIL	53	203	28	1162
CORRELATION	967	791	32759	49269
SQUARE	247552	498
FOLD	1192	1389	1389	1068807	1068807	0	4456639
RAIL	53	204	28	1163
CORRELATION	968	793	32759	49269
SQUARE	247808	498
FOLD	1193	1390	1390	1069578	1069578	0	4459180
RAIL	77	179	28	1164
CORRELATION	969	793	32759	49269
SQUARE	248064	498
FOLD	1194	1391	1391	1070346	1070346	0	4461780
RAIL	77	180	28	1165
CORRELATION	970	793	32759	49269
SQUARE	248320	498
FOLD	1195	1392	1392	1071117	1071117	0	4472705
RAIL	54	202	28	1166
CORRELATION	971	795	32759	49269
SQUARE	248576	498
FOLD	1196	1393	1393	1071885	1071885	0	4483469
RAIL	54	203	28	1167
CORRELATION	972	797	32759	49269
SQUARE	248832	498
FOLD	1197	1394	1394	1072656	1072656	0	4486642
RAIL	76	180	28	1168
CORRELATION	973	799	32759	49269
SQUARE	249088	498
FOLD	1198	1395	1395	1073424	1073424	0	4488705
RAIL	76	181	28	1169
CORRELATION	974	799	32759	49269
SQUARE	249344	498
FOLD	1199	1396	1396	1074195	1074195	0	4491551
RAIL	55	201	28	1170
CORRELATION	975	799	32759	49269
SQUARE	249600	498
FOLD	1200	1397	1397	1074963	1074963	0	4495609
RAIL	55	202	28	1171
CORRELATION	976	801	32759	49269
SQUARE	249856	498
FOLD	1201	1398	1398	1075734	1075734	0	4499543
RAIL	75	181	28	1172
CORRELATION	977	803	32759	49269
SQUARE	250112	498
FOLD	1202	1399	1399	1076502	1076502	0	4502893
RAIL	75	182	28	1173
CORRELATION	978	803	32759	49269
SQUARE	250368	498
FOLD	1203	1400	1400	1077273	1077273	0	4505821
RAIL	56	200	28	1174
CORRELATION	979	805	32759	49269
SQUARE	250624	498
FOLD	1204	1401	1401	1078041	1078041	0	4508112
RAIL	56	201	28	1175
CORRELATION	980	805	32759	49269
SQUARE	250880	498
FOLD	1205	1402	1402	1078812	1078812	0	4510350
RAIL	74	182	28	1176
CORRELATION	981	805	32759	49269
SQUARE	251136	498
FOLD	1206	1403	1403	1079580	1079580	0	4512863
RAIL	74	183	28	1177
CORRELATION	982	805	32759	49269
SQUARE	251392	498
FOLD	1207	1404	1404	1080351	1080351	0	4516492
RAIL	57	199	28	1178
CORRELATION	983	807	32759	49269
SQUARE	251648	498
FOLD	1208	1405	1405	1081119	1081119	0	4520158
RAIL	57	200	28	1179
CORRELATION	984	807	32759	49269
SQUARE	251904	498
FOLD	1209	1406	1406	1081890	1081890	0	4523453
RAIL	73	183	28	1180
CORRELATION	985	810	32759	49269
SQUARE	252160	498
FOLD	1210	1407	1407	1082658	1082658	0	4525910
RAIL	73	184	28	1181
CORRELATION	986	810	32759	49269
SQUARE	252416	498
FOLD	1211	1408	1408	1083429	1083429	0	4528494
RAIL	58	198	28	1182
CORRELATION	987	812	32759	49269
SQUARE	252672	498
FOLD	1212	1409	1409	1084197	1084197	0	4530783
RAIL	58	199	28	1183
CORRELATION	988	812	32759	49269
SQUARE	252928	498
FOLD	1213	1410	1410	1084968	1084968	0	4534734
RAIL	72	184	28	1184
CORRELATION	989	813	32759	49269
SQUARE	253184	498
FOLD	1214	1411	1411	1085736	1085736	0	4539829
RAIL	72	185	28	1185
CORRELATION	990	816	32759	49269
SQUARE	253440	498
FOLD	1215	1412	1412	1086507	1086507	0	4542186
RAIL	59	197	28	1186
CORRELATION	991	816	32759	49269
SQUARE	253696	498
FOLD	1216	1413	1413	1087275	1087275	0	4547800
RAIL	59	198	28	1187
CORRELATION	992	816	32759	49269
SQUARE	253952	498
FOLD	1217	1414	1414	1088046	1088046	0	4550027
RAIL	71	185	28	1188
CORRELATION	993	816	32759	49269
SQUARE	254208	498
FOLD	1218	1415	1415	1088814	1088814	0	4557228
RAIL	71	186	28	1189
CORRELATION	994	816	32759	49269
SQUARE	254464	498
FOLD	1219	1416	1416	1089585	1089585	0	4567778
RAIL	60	196	28	1190
CORRELATION	995	818	32759	49269
SQUARE	254720	498
FOLD	1220	1417	1417	1090353	1090353	0	4578852
RAIL	60	197	28	1191
CORRELATION	996	820	32759	49269
SQUARE	254976	498
FOLD	1221	1418	1418	1091124	1091124	0	4581336
RAIL	70	186	28	1192
CORRELATION	997	820	32759	49269
SQUARE	255232	498
FOLD	1222	1419	1419	1091892	1091892	0	4585947
RAIL	70	187	28	1193
CORRELATION	998	822	32759	49269
SQUARE	255488	498
FOLD	1223	1420	1420	1092663	1092663	0	4593220
RAIL	61	195	28	1194
CORRELATION	999	824	32759	49269
SQUARE	255744	498
FOLD	1224	1421	1421	1093431	1093431	0	4604385
RAIL	61	196	28	1195
CORRELATION	1000	827	32759	49269
SQUARE	256000	498
FOLD	1225	1422	1422	1094202	1094202	0	4606812
RAIL	69	187	28	1196
CORRELATION	1001	827	32759	49269
SQUARE	256256	498
FOLD	1226	1423	1423	1094970	1094970	0	4609250
RAIL	69	188	28	1197
CORRELATION	1002	827	32759	49269
SQUARE	256512	498
FOLD	1227	1424	1424	1095741	1095741	0	4611968
RAIL	62	194	28	1198
CORRELATION	1003	827	32759	49269
SQUARE	256768	498
FOLD	1228	1425	1425	1096509	1096509	0	4614372
RAIL	62	195	28	1199
CORRELATION	1004	827	32759	49269
SQUARE	257024	498
FOLD	1229	1426	1426	1097280	1097280	0	4620572
RAIL	68	188	28	1200
CORRELATION	1005	829	32759	49269
SQUARE	257280	498
FOLD	1230	1427	1427	1098048	1098048	0	4627303
RAIL	68	189	28	1201
CORRELATION	1006	831	32759	49269
SQUARE	257536	498
FOLD	1231	1428	1428	1098819	1098819	0	4629666
RAIL	63	193	28	1202
CORRELATION	1007	831	32759	49269
SQUARE	257792	498
FOLD	1232	1429	1429	1099587	1099587	0	4639809
RAIL	63	194	28	1203
CORRELATION	1008	833	32759	49269
SQUARE	258048	498
FOLD	1233	1430	1430	1100358	1100358	0	4647365
RAIL	67	189	28	1204
CORRELATION	1009	835	32759	49269
SQUARE	258304	498
FOLD	1234	1431	1431	1101126	1101126	0	4649697
RAIL	67	190	28	1205
CORRELATION	1010	835	32759	49269
SQUARE	258560	498
FOLD	1235	1432	1432	1101897	1101897	0	4652197
RAIL	64	192	28	1206
CORRELATION	1011	835	32759	49269
SQUARE	258816	498
FOLD	1236	1433	1433	1102665	1102665	0	4656715
RAIL	64	193	28	1207
CORRELATION	1012	837	32759	49269
SQUARE	259072	498
FOLD	1237	1434	1434	1103436	1103436	0	4659679
RAIL	66	190	28	1208
CORRELATION	1013	839	32759	49269
SQUARE	259328	498
FOLD	1238	1435	1435	1104204	1104204	0	4661871
RAIL	66	191	28	1209
CORRELATION	1014	839	32759	49269
SQUARE	259584	498
FOLD	1239	1436	1436	1104975	1104975	0	4667328
RAIL	65	191	28	1210
CORRELATION	1015	841	32759	49269
SQUARE	259840	498
FOLD	1240	1437	1437	1105743	1105743	0	4670635
RAIL	65	192	28	1211
CORRELATION	1016	843	32759	49269
SQUARE	260096	498
FOLD	1241	1438	1438	1106514	1106514	0	4676866
RAIL	128	128	28	1212
CORRELATION	1019	845	32759	49269
SQUARE	260864	498
FOLD	1242	1439	1439	1107282	1107282	0	4685056
RAIL	128	129	28	1213
CORRELATION	1020	847	32759	49269
SQUARE	261120	498
FOLD	1243	1440	1440	1108053	1108053	0	4692660
RAIL	127	129	28	1214
CORRELATION	1023	850	32759	49269
SQUARE	261888	498
FOLD	1243	1440	1440	1108053	1108053	0	4695139
RAIL	127	129	28	1215
CORRELATION	1023	850	32759	49269
SQUARE	262144	498
FOLD	1243	1440	1440	1108053	1108053	0	4695227
RAIL	127	129	28	1215
CORRELATION	1024	850	32759	49269
SQUARE	262144	498
FOLD	1244	1441	1441	1108821	1108821	0	4695232
RAIL	127	130	28	1215
CORRELATION	1024	850	32759	49269
SQUARE	262144	498
FOLD	1245	1442	1442	1109592	1109592	0	4700520
RAIL	126	130	28	1216
CORRELATION	1027	850	32759	49269
SQUARE	262912	498
FOLD	1246	1443	1443	1110360	1110360	0	4702732
RAIL	126	131	28	1217
CORRELATION	1028	850	32759	49269
SQUARE	263168	498
FOLD	1247	1444	1444	1111131	1111131	0	4707459
RAIL	125	131	28	1218
CORRELATION	1031	851	32759	49269
SQUARE	263936	498
FOLD	1248	1445	1445	1111899	1111899	0	4710909
RAIL	125	132	28	1219
CORRELATION	1032	853	32759	49269
SQUARE	264192	498
FOLD	1249	1446	1446	1112670	1112670	0	4713315
RAIL	6	250	28	1220
CORRELATION	1033	853	32759	49269
SQUARE	264448	498
FOLD	1252	1447	1447	1113441	1113441	0	4723011
RAIL	7	249	29	1222
CORRELATION	1037	856	32759	49269
SQUARE	265472	498
FOLD	1253	1448	1448	1114209	1114209	0	4726377
RAIL	123	133	29	1223
CORRELATION	1039	856	32759	49269
SQUARE	265984	498
FOLD	1254	1449	1449	1114977	1114977	0	4730147
RAIL	123	134	29	1224
CORRELATION	1040	858	32759	49269
SQUARE	266240	498
FOLD	1255	1450	1450	1115748	1115748	0	4733770
RAIL	8	248	29	1225
CORRELATION	1041	860	32759	49269
SQUARE	266496	498
FOLD	1258	1451	1451	1116519	1116519	0	4744846
RAIL	9	247	30	1227
CORRELATION	1045	864	32759	49269
SQUARE	267520	498
FOLD	1263	1452	1452	1117287	1117287	0	4764959
RAIL	10	247	32	1230
CORRELATION	1050	868	32759	49269
SQUARE	268800	498
FOLD	1264	1453	1453	1118058	1118058	0	4769753
RAIL	120	136	32	1231
CORRELATION	1051	870	32759	49269
SQUARE	269056	498
FOLD	1265	1454	1454	1118826	1118826	0	4772721
RAIL	120	137	32	1232
CORRELATION	1052	871	32759	49269
SQUARE	269312	498
FOLD	1266	1455	1455	1119597	1119597	0	4775859
RAIL	11	245	32	1233
CORRELATION	1053	873	32759	49269
SQUARE	269568	498
FOLD	1267	1456	1456	1120365	1120365	0	4778532
RAIL	11	246	32	1234
CORRELATION	1054	873	32759	49269
SQUARE	269824	498
FOLD	1270	1457	1457	1121133	1121133	0	4787512
RAIL	12	244	33	1236
CORRELATION	1057	877	32759	49269
SQUARE	270592	498
FOLD	1271	1458	1458	1121901	1121901	0	4790174
RAIL	12	245	33	1237
CORRELATION	1058	877	32759	49269
SQUARE	270848	498
FOLD	1274	1459	1459	1122669	1122669	0	4798099
RAIL	13	243	34	1239
CORRELATION	1061	880	32759	49269
SQUARE	271616	498
FOLD	1275	1460	1460	1123437	1123437	0	4801582
RAIL	13	244	34	1240
CORRELATION	1062	880	32759	49269
SQUARE	271872	498
FOLD	1276	1461	1461	1124208	1124208	0	4806583
RAIL	117	139	34	1241
CORRELATION	1063	881	32759	49269
SQUARE	272128	498
FOLD	1277	1462	1462	1124976	1124976	0	4817710
RAIL	117	140	34	1242
CORRELATION	1064	882	32759	49269
SQUARE	272384	498
FOLD	1278	1463	1463	1125747	1125747	0	4820109
RAIL	14	242	34	1243
CORRELATION	1065	882	32759	49269
SQUARE	272640	498
FOLD	1279	1464	1464	1126515	1126515	0	4824189
RAIL	14	243	34	1244
CORRELATION	1066	885	32759	49269
SQUARE	272896	498
FOLD	1280	1465	1465	1127286	1127286	0	4828338
RAIL	116	140	34	1245
CORRELATION	1067	887	32759	49269
SQUARE	273152	498
FOLD	1281	1466	1466	1128054	1128054	0	4830663
RAIL	116	141	34	1246
CORRELATION	1068	887	32759	49269
SQUARE	273408	498
FOLD	1282	1467	1467	1128825	1128825	0	4833991
RAIL	15	241	34	1247
CORRELATION	1069	888	32759	49269
SQUARE	273664	498
FOLD	1283	1468	1468	1129593	1129593	0	4837588
RAIL	15	242	34	1248
CORRELATION	1070	890	32759	49269
SQUARE	273920	498
FOLD	1284	1469	1469	1130364	1130364	0	4840803
RAIL	115	141	34	1249
CORRELATION	1071	890	32759	49269
SQUARE	274176	498
FOLD	1285	1470	1470	1131132	1131132	0	4845279
RAIL	115	142	34	1250
CORRELATION	1072	892	32759	49269
SQUARE	274432	498
FOLD	1286	1471	1471	1131903	1131903	0	4848158
RAIL	16	240	34	1251
CORRELATION	1073	893	32759	49269
SQUARE	274688	498
FOLD	1287	1472	1472	1132671	1132671	0	4851454
RAIL	16	241	34	1252
CORRELATION	1074	895	32759	49269
SQUARE	274944	498
FOLD	1288	1473	1473	1133442	1133442	0	4853743
RAIL	114	142	34	1253
CORRELATION	1075	895	32759	49269
SQUARE	275200	498
FOLD	1289	1474	1474	1134210	1134210	0	4856770
RAIL	114	143	34	1254
CORRELATION	1076	895	32759	49269
SQUARE	275456	498
FOLD	1290	1475	1475	1134981	1134981	0	4859480
RAIL	17	239	34	1255
CORRELATION	1077	895	32759	49269
SQUARE	275712	498
FOLD	1291	1476	1476	1135749	1135749	0	4864342
RAIL	17	240	34	1256
CORRELATION	1078	899	32759	49269
SQUARE	275968	498
FOLD	1292	1477	1477	1136520	1136520	0	4867345
RAIL	113	143	34	1257
CORRELATION	1079	900	32759	49269
SQUARE	276224	498
FOLD	1293	1478	1478	1137288	1137288	0	4872242
RAIL	113	144	34	1258
CORRELATION	1080	902	32759	49269
SQUARE	276480	498
FOLD	1294	1479	1479	1138059	1138059	0	4874660
RAIL	18	238	34	1259
CORRELATION	1081	902	32759	49269
SQUARE	276736	498
FOLD	1295	1480	1480	1138827	1138827	0	4876808
RAIL	18	239	34	1260
CORRELATION	1082	902	32759	49269
SQUARE	276992	498
FOLD	1296	1481	1481	1139598	1139598	0	4879147
RAIL	112	144	34	1261
CORRELATION	1083	902	32759	49269
SQUARE	277248	498
FOLD	1297	1482	1482	1140366	1140366	0	4881500
RAIL	112	145	34	1262
CORRELATION	1084	902	32759	49269
SQUARE	277504	498
FOLD	1298	1483	1483	1141137	1141137	0	4883997
RAIL	19	237	34	1263
CORRELATION	1085	902	32759	49269
SQUARE	277760	498
FOLD	1299	1484	1484	1141905	1141905	0	4886214
RAIL	19	238	34	1264
CORRELATION	1086	902	32759	49269
SQUARE	278016	498
FOLD	1300	1485	1485	1142676	1142676	0	4888964
RAIL	111	145	34	1265
CORRELATION	1087	902	32759	49269
SQUARE	278272	498
FOLD	1301	1486	1486	1143444	1143444	0	4891525
RAIL	111	146	34	1266
CORRELATION	1088	902	32759	49269
SQUARE	278528	498
FOLD	1302	1487	1487	1144215	1144215	0	4894121
RAIL	20	236	34	1267
CORRELATION	1089	902	32759	49269
SQUARE	278784	498
FOLD	1303	1488	1488	1144983	1144983	0	4896276
RAIL	20	237	34	1268
CORRELATION	1090	902	32759	49269
SQUARE	279040	498
FOLD	1304	1489	1489	1145754	1145754	0	4898609
RAIL	110	146	34	1269
CORRELATION	1091	902	32759	49269
SQUARE	279296	498
FOLD	1305	1490	1490	1146522	1146522	0	4901050
RAIL	110	147	34	1270
CORRELATION	1092	902	32759	49269
SQUARE	279552	498
FOLD	1306	1491	1491	1147293	1147293	0	4903931
RAIL	21	235	34	1271
CORRELATION	1093	903	32759	49269
SQUARE	279808	498
FOLD	1307	1492	1492	1148061	1148061	0	4906488
RAIL	21	236	34	1272
CORRELATION	1094	903	32759	49269
SQUARE	280064	498
FOLD	1308	1493	1493	1148832	1148832	0	4910390
RAIL	109	147	34	1273
CORRELATION	1095	905	32759	49269
SQUARE	280320	498
FOLD	1309	1494	1494	1149600	1149600	0	4912651
RAIL	109	148	34	1274
CORRELATION	1096	905	32759	49269
SQUARE	280576	498
FOLD	1310	1495	1495	1150371	1150371	0	4915016
RAIL	22	234	34	1275
CORRELATION	1097	905	32759	49269
SQUARE	280832	498
FOLD	1311	1496	1496	1151139	1151139	0	4917490
RAIL	22	235	34	1276
CORRELATION	1098	905	32759	49269
SQUARE	281088	498
FOLD	1312	1497	1497	1151910	1151910	0	4920971
RAIL	108	148	34	1277
CORRELATION	1099	905	32759	49269
SQUARE	281344	498
FOLD	1313	1498	1498	1152678	1152678	0	4925791
RAIL	108	149	34	1278
CORRELATION	1100	907	32759	49269
SQUARE	281600	498
FOLD	1314	1499	1499	1153449	1153449	0	4928718
RAIL	23	233	34	1279
CORRELATION	1101	908	32759	49269
SQUARE	281856	498
FOLD	1315	1500	1500	1154217	1154217	0	4932433
RAIL	23	234	34	1280
CORRELATION	1102	910	32759	49269
SQUARE	282112	498
FOLD	1316	1501	1501	1154988	1154988	0	4935079
RAIL	107	149	34	1281
CORRELATION	1103	910	32759	49269
SQUARE	282368	498
FOLD	1317	1502	1502	1155756	1155756	0	4937688
RAIL	107	150	34	1282
CORRELATION	1104	910	32759	49269
SQUARE	282624	498
FOLD	1318	1503	1503	1156527	1156527	0	4940082
RAIL	24	232	34	1283
CORRELATION	1105	910	32759	49269
SQUARE	282880	498
FOLD	1319	1504	1504	1157295	1157295	0	4942796
RAIL	24	233	34	1284
CORRELATION	1106	911	32759	49269
SQUARE	283136	498
FOLD	1320	1505	1505	1158066	1158066	0	4945488
RAIL	106	150	34	1285
CORRELATION	1107	913	32759	49269
SQUARE	283392	498
FOLD	1321	1506	1506	1158834	1158834	0	4949379
RAIL	106	151	34	1286
CORRELATION	1108	915	32759	49269
SQUARE	283648	498
FOLD	1322	1507	1507	1159605	1159605	0	4952137
RAIL	25	231	34	1287
CORRELATION	1109	915	32759	49269
SQUARE	283904	498
FOLD	1323	1508	1508	1160373	1160373	0	4956074
RAIL	25	232	34	1288
CORRELATION	1110	916	32759	49269
SQUARE	284160	498
FOLD	1324	1509	1509	1161144	1161144	0	4959068
RAIL	105	151	34	1289
CORRELATION	1111	918	32759	49269
SQUARE	284416	498
FOLD	1325	1510	1510	1161912	1161912	0	4962348
RAIL	105	152	34	1290
CORRELATION	1112	919	32759	49269
SQUARE	284672	498
FOLD	1326	1511	1511	1162683	1162683	0	4967363
RAIL	26	230	34	1291
CORRELATION	1113	922	32759	49269
SQUARE	284928	498
FOLD	1327	1512	1512	1163451	1163451	0	4969498
RAIL	26	231	34	1292
CORRELATION	1114	922	32759	49269
SQUARE	285184	498
FOLD	1328	1513	1513	1164222	1164222	0	4971869
RAIL	104	152	34	1293
CORRELATION	1115	922	32759	49269
SQUARE	285440	498
FOLD	1329	1514	1514	1164990	1164990	0	4974837
RAIL	104	153	34	1294
CORRELATION	1116	923	32759	49269
SQUARE	285696	498
FOLD	1330	1515	1515	1165761	1165761	0	4977062
RAIL	27	229	34	1295
CORRELATION	1117	923	32759	49269
SQUARE	285952	498
FOLD	1331	1516	1516	1166529	1166529	0	4980345
RAIL	27	230	34	1296
CORRELATION	1118	925	32759	49269
SQUARE	286208	498
FOLD	1332	1517	1517	1167300	1167300	0	4983174
RAIL	103	153	34	1297
CORRELATION	1119	925	32759	49269
SQUARE	286464	498
FOLD	1333	1518	1518	1168068	1168068	0	4985617
RAIL	103	154	34	1298
CORRELATION	1120	925	32759	49269
SQUARE	286720	498
FOLD	1334	1519	1519	1168839	1168839	0	4987957
RAIL	28	228	34	1299
CORRELATION	1121	925	32759	49269
SQUARE	286976	498
FOLD	1335	1520	1520	1169607	1169607	0	4990330
RAIL	28	229	34	1300
CORRELATION	1122	925	32759	49269
SQUARE	287232	498
FOLD	1336	1521	1521	1170378	1170378	0	4993472
RAIL	102	154	34	1301
CORRELATION	1123	927	32759	49269
SQUARE	287488	498
FOLD	1337	1522	1522	1171146	1171146	0	4996970
RAIL	102	155	34	1302
CORRELATION	1124	929	32759	49269
SQUARE	287744	498
FOLD	1338	1523	1523	1171917	1171917	0	4999384
RAIL	29	227	34	1303
CORRELATION	1125	929	32759	49269
SQUARE	288000	498
FOLD	1339	1524	1524	1172685	1172685	0	5003758
RAIL	29	228	34	1304
CORRELATION	1126	930	32759	49269
SQUARE	288256	498
FOLD	1340	1525	1525	1173456	1173456	0	5006603
RAIL	101	155	34	1305
CORRELATION	1127	932	32759	49269
SQUARE	288512	498
FOLD	1341	1526	1526	1174224	1174224	0	5010640
RAIL	101	156	34	1306
CORRELATION	1128	934	32759	49269
SQUARE	288768	498
FOLD	1342	1527	1527	1174995	1174995	0	5012810
RAIL	30	226	34	1307
CORRELATION	1129	934	32759	49269
SQUARE	289024	498
FOLD	1343	1528	1528	1175763	1175763	0	5015257
RAIL	30	227	34	1308
CORRELATION	1130	934	32759	49269
SQUARE	289280	498
FOLD	1344	1529	1529	1176534	1176534	0	5020444
RAIL	100	156	34	1309
CORRELATION	1131	936	32759	49269
SQUARE	289536	498
FOLD	1345	1530	1530	1177302	1177302	0	5023030
RAIL	100	157	34	1310
CORRELATION	1132	936	32759	49269
SQUARE	289792	498
FOLD	1346	1531	1531	1178073	1178073	0	5026242
RAIL	31	225	34	1311
CORRELATION	1133	939	32759	49269
SQUARE	290048	498
FOLD	1347	1532	1532	1178841	1178841	0	5028406
RAIL	31	226	34	1312
CORRELATION	1134	939	32759	49269
SQUARE	290304	498
FOLD	1348	1533	1533	1179612	1179612	0	5031234
RAIL	99	157	34	1313
CORRELATION	1135	939	32759	49269
SQUARE	290560	498
FOLD	1349	1534	1534	1180380	1180380	0	5035094
RAIL	99	158	34	1314
CORRELATION	1136	942	32759	49269
SQUARE	290816	498
FOLD	1350	1535	1535	1181151	1181151	0	5039086
RAIL	32	224	34	1315
CORRELATION	1137	944	32759	49269
SQUARE	291072	498
FOLD	1351	1536	1536	1181919	1181919	0	5041163
RAIL	32	225	34	1316
CORRELATION	1138	944	32759	49269
SQUARE	291328	498
FOLD	1352	1537	1537	1182690	1182690	0	5043418
RAIL	98	158	34	1317
CORRELATION	1139	944	32759	49269
SQUARE	291584	498
FOLD	1353	1538	1538	1183458	1183458	0	5045906
RAIL	98	159	34	1318
CORRELATION	1140	944	32759	49269
SQUARE	291840	498
FOLD	1354	1539	1539	1184229	1184229	0	5048392
RAIL	33	223	34	1319
CORRELATION	1141	944	32759	49269
SQUARE	292096	498
FOLD	1355	1540	1540	1184997	1184997	0	5050796
RAIL	33	224	34	1320
CORRELATION	1142	945	32759	49269
SQUARE	292352	498
FOLD	1356	1541	1541	1185768	1185768	0	5054743
RAIL	97	159	34	1321
CORRELATION	1143	947	32759	49269
SQUARE	292608	498
FOLD	1357	1542	1542	1186536	1186536	0	5056978
RAIL	97	160	34	1322
CORRELATION	1144	947	32759	49269
SQUARE	292864	498
FOLD	1358	1543	1543	1187307	1187307	0	5059380
RAIL	34	222	34	1323
CORRELATION	1145	947	32759	49269
SQUARE	293120	498
FOLD	1359	1544	1544	1188075	1188075	0	5061833
RAIL	34	223	34	1324
CORRELATION	1146	947	32759	49269
SQUARE	293376	498
FOLD	1360	1545	1545	1188846	1188846	0	5064302
RAIL	96	160	34	1325
CORRELATION	1147	947	32759	49269
SQUARE	293632	498
FOLD	1361	1546	1546	1189614	1189614	0	5066640
RAIL	96	161	34	1326
CORRELATION	1148	947	32759	49269
SQUARE	293888	498
FOLD	1362	1547	1547	1190385	1190385	0	5069076
RAIL	35	221	34	1327
CORRELATION	1149	947	32759	49269
SQUARE	294144	498
FOLD	1363	1548	1548	1191153	1191153	0	5071713
RAIL	35	222	34	1328
CORRELATION	1150	947	32759	49269
SQUARE	294400	498
FOLD	1364	1549	1549	1191924	1191924	0	5076840
RAIL	95	161	34	1329
CORRELATION	1151	949	32759	49269
SQUARE	294656	498
FOLD	1365	1550	1550	1192692	1192692	0	5080485
RAIL	95	162	34	1330
CORRELATION	1152	950	32759	49269
SQUARE	294912	498
FOLD	1366	1551	1551	1193463	1193463	0	5085267
RAIL	36	220	34	1331
CORRELATION	1153	952	32759	49269
SQUARE	295168	498
FOLD	1367	1552	1552	1194231	1194231	0	5088717
RAIL	36	221	34	1332
CORRELATION	1154	953	32759	49269
SQUARE	295424	498
FOLD	1368	1553	1553	1195002	1195002	0	5090904
RAIL	94	162	34	1333
CORRELATION	1155	953	32759	49269
SQUARE	295680	498
FOLD	1369	1554	1554	1195770	1195770	0	5093633
RAIL	94	163	34	1334
CORRELATION	1156	953	32759	49269
SQUARE	295936	498
FOLD	1370	1555	1555	1196541	1196541	0	5095985
RAIL	37	219	34	1335
CORRELATION	1157	953	32759	49269
SQUARE	296192	498
FOLD	1371	1556	1556	1197309	1197309	0	5099242
RAIL	37	220	34	1336
CORRELATION	1158	953	32759	49269
SQUARE	296448	498
FOLD	1372	1557	1557	1198080	1198080	0	5101824
RAIL	93	163	34	1337
CORRELATION	1159	954	32759	49269
SQUARE	296704	498
FOLD	1373	1558	1558	1198848	1198848	0	5104373
RAIL	93	164	34	1338
CORRELATION	1160	954	32759	49269
SQUARE	296960	498
FOLD	1374	1559	1559	1199619	1199619	0	5113775
RAIL	38	218	34	1339
CORRELATION	1161	957	32759	49269
SQUARE	297216	498
FOLD	1375	1560	1560	1200387	1200387	0	5115894
RAIL	38	219	34	1340
CORRELATION	1162	957	32759	49269
SQUARE	297472	498
FOLD	1376	1561	1561	1201158	1201158	0	5118022
RAIL	92	164	34	1341
CORRELATION	1163	957	32759	49269
SQUARE	297728	498
FOLD	1377	1562	1562	1201926	1201926	0	5120369
RAIL	92	165	34	1342
CORRELATION	1164	957	32759	49269
SQUARE	297984	498
FOLD	1378	1563	1563	1202697	1202697	0	5123161
RAIL	39	217	34	1343
CORRELATION	1165	958	32759	49269
SQUARE	298240	498
FOLD	1379	1564	1564	1203465	1203465	0	5125659
RAIL	39	218	34	1344
CORRELATION	1166	958	32759	49269
SQUARE	298496	498
FOLD	1380	1565	1565	1204236	1204236	0	5131703
RAIL	91	165	34	1345
CORRELATION	1167	960	32759	49269
SQUARE	298752	498
FOLD	1381	1566	1566	1205004	1205004	0	5136998
RAIL	91	166	34	1346
CORRELATION	1168	962	32759	49269
SQUARE	299008	498
FOLD	1382	1567	1567	1205775	1205775	0	5139109
RAIL	40	216	34	1347
CORRELATION	1169	962	32759	49269
SQUARE	299264	498
FOLD	1383	1568	1568	1206543	1206543	0	5142778
RAIL	40	217	34	1348
CORRELATION	1170	962	32759	49269
SQUARE	299520	498
FOLD	1384	1569	1569	1207314	1207314	0	5148021
RAIL	90	166	34	1349
CORRELATION	1171	965	32759	49269
SQUARE	299776	498
FOLD	1385	1570	1570	1208082	1208082	0	5153198
RAIL	90	167	34	1350
CORRELATION	1172	967	32759	49269
SQUARE	300032	498
FOLD	1386	1571	1571	1208853	1208853	0	5155473
RAIL	41	215	34	1351
CORRELATION	1173	967	32759	49269
SQUARE	300288	498
FOLD	1387	1572	1572	1209621	1209621	0	5158141
RAIL	41	216	34	1352
CORRELATION	1174	967	32759	49269
SQUARE	300544	498
FOLD	1388	1573	1573	1210392	1210392	0	5162972
RAIL	89	167	34	1353
CORRELATION	1175	968	32759	49269
SQUARE	300800	498
FOLD	1389	1574	1574	1211160	1211160	0	5165896
RAIL	89	168	34	1354
CORRELATION	1176	970	32759	49269
SQUARE	301056	498
FOLD	1390	1575	1575	1211931	1211931	0	5170670
RAIL	42	214	34	1355
CORRELATION	1177	972	32759	49269
SQUARE	301312	498
FOLD	1391	1576	1576	1212699	1212699	0	5173159
RAIL	42	215	34	1356
CORRELATION	1178	972	32759	49269
SQUARE	301568	498
FOLD	1392	1577	1577	1213470	1213470	0	5176391
RAIL	88	168	34	1357
CORRELATION	1179	972	32759	49269
SQUARE	301824	498
FOLD	1393	1578	1578	1214238	1214238	0	5180856
RAIL	88	169	34	1358
CORRELATION	1180	975	32759	49269
SQUARE	302080	498
FOLD	1394	1579	1579	1215009	1215009	0	5185220
RAIL	43	213	34	1359
CORRELATION	1181	976	32759	49269
SQUARE	302336	498
FOLD	1395	1580	1580	1215777	1215777	0	5189143
RAIL	43	214	34	1360
CORRELATION	1182	978	32759	49269
SQUARE	302592	498
FOLD	1396	1581	1581	1216548	1216548	0	5191682
RAIL	87	169	34	1361
CORRELATION	1183	978	32759	49269
SQUARE	302848	498
FOLD	1397	1582	1582	1217316	1217316	0	5194247
RAIL	87	170	34	1362
CORRELATION	1184	978	32759	49269
SQUARE	303104	498
FOLD	1398	1583	1583	1218087	1218087	0	5200071
RAIL	44	212	34	1363
CORRELATION	1185	980	32759	49269
SQUARE	303360	498
FOLD	1399	1584	1584	1218855	1218855	0	5205091
RAIL	44	213	34	1364
CORRELATION	1186	981	32759	49269
SQUARE	303616	498
FOLD	1400	1585	1585	1219626	1219626	0	5211526
RAIL	86	170	34	1365
CORRELATION	1187	983	32759	49269
SQUARE	303872	498
FOLD	1401	1586	1586	1220394	1220394	0	5219922
RAIL	86	171	34	1366
CORRELATION	1188	983	32759	49269
SQUARE	304128	498
FOLD	1402	1587	1587	1221165	1221165	0	5225754
RAIL	45	211	34	1367
CORRELATION	1189	983	32759	49269
SQUARE	304384	498
FOLD	1403	1588	1588	1221933	1221933	0	5232515
RAIL	45	212	34	1368
CORRELATION	1190	985	32759	49269
SQUARE	304640	498
FOLD	1404	1589	1589	1222704	1222704	0	5236983
RAIL	85	171	34	1369
CORRELATION	1191	987	32759	49269
SQUARE	304896	498
FOLD	1405	1590	1590	1223472	1223472	0	5240195
RAIL	85	172	34	1370
CORRELATION	1192	987	32759	49269
SQUARE	305152	498
FOLD	1406	1591	1591	1224243	1224243	0	5245476
RAIL	46	210	34	1371
CORRELATION	1193	989	32759	49269
SQUARE	305408	498
FOLD	1407	1592	1592	1225011	1225011	0	5249987
RAIL	46	211	34	1372
CORRELATION	1194	991	32759	49269
SQUARE	305664	498
FOLD	1408	1593	1593	1225782	1225782	0	5252803
RAIL	84	172	34	1373
CORRELATION	1195	991	32759	49269
SQUARE	305920	498
FOLD	1409	1594	1594	1226550	1226550	0	5255389
RAIL	84	173	34	1374
CORRELATION	1196	991	32759	49269
SQUARE	306176	498
FOLD	1410	1595	1595	1227321	1227321	0	5257649
RAIL	47	209	34	1375
CORRELATION	1197	991	32759	49269
SQUARE	306432	498
FOLD	1411	1596	1596	1228089	1228089	0	5260087
RAIL	47	210	34	1376
CORRELATION	1198	991	32759	49269
SQUARE	306688	498
FOLD	1412	1597	1597	1228860	1228860	0	5262430
RAIL	83	173	34	1377
CORRELATION	1199	991	32759	49269
SQUARE	306944	498
FOLD	1413	1598	1598	1229628	1229628	0	5264920
RAIL	83	174	34	1378
CORRELATION	1200	991	32759	49269
SQUARE	307200	498
FOLD	1414	1599	1599	1230399	1230399	0	5268751
RAIL	48	208	34	1379
CORRELATION	1201	992	32759	49269
SQUARE	307456	498
FOLD	1415	1600	1600	1231167	1231167	0	5271411
RAIL	48	209	34	1380
CORRELATION	1202	992	32759	49269
SQUARE	307712	498
FOLD	1416	1601	1601	1231938	1231938	0	5273623
RAIL	82	174	34	1381
CORRELATION	1203	992	32759	49269
SQUARE	307968	498
FOLD	1417	1602	1602	1232706	1232706	0	5277605
RAIL	82	175	34	1382
CORRELATION	1204	994	32759	49269
SQUARE	308224	498
FOLD	1418	1603	1603	1233477	1233477	0	5280159
RAIL	49	207	34	1383
CORRELATION	1205	994	32759	49269
SQUARE	308480	498
FOLD	1419	1604	1604	1234245	1234245	0	5283425
RAIL	49	208	34	1384
CORRELATION	1206	996	32759	49269
SQUARE	308736	498
FOLD	1420	1605	1605	1235016	1235016	0	5286951
RAIL	81	175	34	1385
CORRELATION	1207	998	32759	49269
SQUARE	308992	498
FOLD	1421	1606	1606	1235784	1235784	0	5289343
RAIL	81	176	34	1386
CORRELATION	1208	998	32759	49269
SQUARE	309248	498
FOLD	1422	1607	1607	1236555	1236555	0	5293896
RAIL	50	206	34	1387
CORRELATION	1209	1000	32759	49269
SQUARE	309504	498
FOLD	1423	1608	1608	1237323	1237323	0	5296384
RAIL	50	207	34	1388
CORRELATION	1210	1000	32759	49269
SQUARE	309760	498
FOLD	1424	1609	1609	1238094	1238094	0	5299443
RAIL	80	176	34	1389
CORRELATION	1211	1002	32759	49269
SQUARE	310016	498
FOLD	1425	1610	1610	1238862	1238862	0	5302490
RAIL	80	177	34	1390
CORRELATION	1212	1004	32759	49269
SQUARE	310272	498
FOLD	1426	1611	1611	1239633	1239633	0	5305011
RAIL	51	205	34	1391
CORRELATION	1213	1004	32759	49269
SQUARE	310528	498
FOLD	1427	1612	1612	1240401	1240401	0	5307339
RAIL	51	206	34	1392
CORRELATION	1214	1004	32759	49269
SQUARE	310784	498
FOLD	1428	1613	1613	1241172	1241172	0	5309657
RAIL	79	177	34	1393
CORRELATION	1215	1004	32759	49269
SQUARE	311040	498
FOLD	1429	1614	1614	1241940	1241940	0	5312026
RAIL	79	178	34	1394
CORRELATION	1216	1004	32759	49269
SQUARE	311296	498
FOLD	1430	1615	1615	1242711	1242711	0	5319380
RAIL	52	204	34	1395
CORRELATION	1217	1005	32759	49269
SQUARE	311552	498
FOLD	1431	1616	1616	1243479	1243479	0	5323389
RAIL	52	205	34	1396
CORRELATION	1218	1005	32759	49269
SQUARE	311808	498
FOLD	1432	1617	1617	1244250	1244250	0	5327653
RAIL	78	178	34	1397
CORRELATION	1219	1005	32759	49269
SQUARE	312064	498
FOLD	1433	1618	1618	1245018	1245018	0	5332204
RAIL	78	179	34	1398
CORRELATION	1220	1005	32759	49269
SQUARE	312320	498
FOLD	1434	1619	1619	1245789	1245789	0	5338295
RAIL	53	203	34	1399
CORRELATION	1221	1007	32759	49269
SQUARE	312576	498
FOLD	1435	1620	1620	1246557	1246557	0	5347820
RAIL	53	204	34	1400
CORRELATION	1222	1009	32759	49269
SQUARE	312832	498
FOLD	1436	1621	1621	1247328	1247328	0	5352881
RAIL	77	179	34	1401
CORRELATION	1223	1009	32759	49269
SQUARE	313088	498
FOLD	1437	1622	1622	1248096	1248096	0	5356820
RAIL	77	180	34	1402
CORRELATION	1224	1011	32759	49269
SQUARE	313344	498
FOLD	1438	1623	1623	1248867	1248867	0	5361643
RAIL	54	202	34	1403
CORRELATION	1225	1013	32759	49269
SQUARE	313600	498
FOLD	1439	1624	1624	1249635	1249635	0	5364044
RAIL	54	203	34	1404
CORRELATION	1226	1013	32759	49269
SQUARE	313856	498
FOLD	1440	1625	1625	1250406	1250406	0	5367004
RAIL	76	180	34	1405
CORRELATION	1227	1013	32759	49269
SQUARE	314112	498
FOLD	1441	1626	1626	1251174	1251174	0	5370566
RAIL	76	181	34	1406
CORRELATION	1228	1015	32759	49269
SQUARE	314368	498
FOLD	1442	1627	1627	1251945	1251945	0	5373065
RAIL	55	201	34	1407
CORRELATION	1229	1017	32759	49269
SQUARE	314624	498
FOLD	1443	1628	1628	1252713	1252713	0	5376895
RAIL	55	202	34	1408
CORRELATION	1230	1018	32759	49269
SQUARE	314880	498
FOLD	1444	1629	1629	1253484	1253484	0	5382913
RAIL	75	181	34	1409
CORRELATION	1231	1020	32759	49269
SQUARE	315136	498
FOLD	1445	1630	1630	1254252	1254252	0	5386758
RAIL	75	182	34	1410
CORRELATION	1232	1020	32759	49269
SQUARE	315392	498
FOLD	1446	1631	1631	1255023	1255023	0	5390818
RAIL	56	200	34	1411
CORRELATION	1233	1020	32759	49269
SQUARE	315648	498
FOLD	1447	1632	1632	1255791	1255791	0	5395371
RAIL	56	201	34	1412
CORRELATION	1234	1020	32759	49269
SQUARE	315904	498
FOLD	1448	1633	1633	1256562	1256562	0	5397771
RAIL	74	182	34	1413
CORRELATION	1235	1020	32759	49269
SQUARE	316160	498
FOLD	1449	1634	1634	1257330	1257330	0	5400330
RAIL	74	183	34	1414
CORRELATION	1236	1020	32759	49269
SQUARE	316416	498
FOLD	1450	1635	1635	1258101	1258101	0	5402573
RAIL	57	199	34	1415
CORRELATION	1237	1020	32759	49269
SQUARE	316672	498
FOLD	1451	1636	1636	1258869	1258869	0	5412866
RAIL	57	200	34	1416
CORRELATION	1238	1022	32759	49269
SQUARE	316928	498
FOLD	1452	1637	1637	1259640	1259640	0	5415165
RAIL	73	183	34	1417
CORRELATION	1239	1022	32759	49269
SQUARE	317184	498
FOLD	1453	1638	1638	1260408	1260408	0	5423859
RAIL	73	184	34	1418
CORRELATION	1240	1024	32759	49269
SQUARE	317440	498
FOLD	1454	1639	1639	1261179	1261179	0	5434406
RAIL	58	198	34	1419
CORRELATION	1241	1026	32759	49269
SQUARE	317696	498
FOLD	1455	1640	1640	1261947	1261947	0	5445121
RAIL	58	199	34	1420
CORRELATION	1242	1028	32759	49269
SQUARE	317952	498
FOLD	1456	1641	1641	1262718	1262718	0	5448294
RAIL	72	184	34	1421
CORRELATION	1243	1028	32759	49269
SQUARE	318208	498
FOLD	1457	1642	1642	1263486	1263486	0	5451026
RAIL	72	185	34	1422
CORRELATION	1244	1028	32759	49269
SQUARE	318464	498
FOLD	1458	1643	1643	1264257	1264257	0	5453452
RAIL	59	197	34	1423
CORRELATION	1245	1028	32759	49269
SQUARE	318720	498
FOLD	1459	1644	1644	1265025	1265025	0	5457210
RAIL	59	198	34	1424
CORRELATION	1246	1030	32759	49269
SQUARE	318976	498
FOLD	1460	1645	1645	1265796	1265796	0	5460270
RAIL	71	185	34	1425
CORRELATION	1247	1030	32759	49269
SQUARE	319232	498
FOLD	1461	1646	1646	1266564	1266564	0	5464034
RAIL	71	186	34	1426
CORRELATION	1248	1032	32759	49269
SQUARE	319488	498
FOLD	1462	1647	1647	1267335	1267335	0	5467511
RAIL	60	196	34	1427
CORRELATION	1249	1034	32759	49269
SQUARE	319744	498
FOLD	1463	1648	1648	1268103	1268103	0	5469792
RAIL	60	197	34	1428
CORRELATION	1250	1034	32759	49269
SQUARE	320000	498
FOLD	1464	1649	1649	1268874	1268874	0	5473629
RAIL	70	186	34	1429
CORRELATION	1251	1036	32759	49269
SQUARE	320256	498
FOLD	1465	1650	1650	1269642	1269642	0	5477520
RAIL	70	187	34	1430
CORRELATION	1252	1038	32759	49269
SQUARE	320512	498
FOLD	1466	1651	1651	1270413	1270413	0	5479833
RAIL	61	195	34	1431
CORRELATION	1253	1038	32759	49269
SQUARE	320768	498
FOLD	1467	1652	1652	1271181	1271181	0	5482131
RAIL	61	196	34	1432
CORRELATION	1254	1038	32759	49269
SQUARE	321024	498
FOLD	1468	1653	1653	1271952	1271952	0	5484422
RAIL	69	187	34	1433
CORRELATION	1255	1039	32759	49269
SQUARE	321280	498
FOLD	1469	1654	1654	1272720	1272720	0	5486709
RAIL	69	188	34	1434
CORRELATION	1256	1039	32759	49269
SQUARE	321536	498
FOLD	1470	1655	1655	1273491	1273491	0	5488843
RAIL	62	194	34	1435
CORRELATION	1257	1039	32759	49269
SQUARE	321792	498
FOLD	1471	1656	1656	1274259	1274259	0	5491235
RAIL	62	195	34	1436
CORRELATION	1258	1039	32759	49269
SQUARE	322048	498
FOLD	1472	1657	1657	1275030	1275030	0	5494008
RAIL	68	188	34	1437
CORRELATION	1259	1039	32759	49269
SQUARE	322304	498
FOLD	1473	1658	1658	1275798	1275798	0	5503996
RAIL	68	189	34	1438
CORRELATION	1260	1041	32759	49269
SQUARE	322560	498
FOLD	1474	1659	1659	1276569	1276569	0	5509130
RAIL	63	193	34	1439
CORRELATION	1261	1043	32759	49269
SQUARE	322816	498
FOLD	1475	1660	1660	1277337	1277337	0	5513405
RAIL	63	194	34	1440
CORRELATION	1262	1045	32759	49269
SQUARE	323072	498
FOLD	1476	1661	1661	1278108	1278108	0	5517128
RAIL	67	189	34	1441
CORRELATION	1263	1047	32759	49269
SQUARE	323328	498
FOLD	1477	1662	1662	1278876	1278876	0	5520001
RAIL	67	190	34	1442
CORRELATION	1264	1047	32759	49269
SQUARE	323584	498
FOLD	1478	1663	1663	1279647	1279647	0	5524586
RAIL	64	192	34	1443
CORRELATION	1265	1050	32759	49269
SQUARE	323840	498
FOLD	1479	1664	1664	1280415	1280415	0	5527298
RAIL	64	193	34	1444
CORRELATION	1266	1050	32759	49269
SQUARE	324096	498
FOLD	1480	1665	1665	1281186	1281186	0	5529928
RAIL	66	190	34	1445
CORRELATION	1267	1050	32759	49269
SQUARE	324352	498
FOLD	1481	1666	1666	1281954	1281954	0	5534966
RAIL	66	191	34	1446
CORRELATION	1268	1053	32759	49269
SQUARE	324608	498
FOLD	1482	1667	1667	1282725	1282725	0	5539506
RAIL	65	191	34	1447
CORRELATION	1269	1055	32759	49269
SQUARE	324864	498
FOLD	1483	1668	1668	1283493	1283493	0	5541943
RAIL	65	192	34	1448
CORRELATION	1270	1055	32759	49269
SQUARE	325120	498
FOLD	1484	1669	1669	1284264	1284264	0	5548275
RAIL	128	128	34	1449
CORRELATION	1273	1055	32759	49269
SQUARE	325888	498
FOLD	1485	1670	1670	1285032	1285032	0	5552504
RAIL	128	129	34	1450
CORRELATION	1274	1055	32759	49269
SQUARE	326144	498
FOLD	1486	1671	1671	1285803	1285803	0	5558152
RAIL	127	129	34	1451
CORRELATION	1277	1057	32759	49269
SQUARE	326912	498
FOLD	1487	1672	1672	1286571	1286571	0	5560603
RAIL	127	130	34	1452
CORRELATION	1278	1057	32759	49269
SQUARE	327168	498
FOLD	1488	1673	1673	1287342	1287342	0	5565637
RAIL	126	130	34	1453
CORRELATION	1281	1057	32759	49269
SQUARE	327936	498
FOLD	1489	1674	1674	1288110	1288110	0	5577843
RAIL	126	131	34	1454
CORRELATION	1282	1059	32759	49269
SQUARE	328192	498
FOLD	1490	1675	1675	1288881	1288881	0	5588614
RAIL	125	131	34	1455
CORRELATION	1285	1062	32759	49269
SQUARE	328960	498
FOLD	1491	1676	1676	1289649	1289649	0	5591215
RAIL	125	132	34	1456
CORRELATION	1286	1063	32759	49269
SQUARE	329216	498
FOLD	1492	1677	1677	1290420	1290420	0	5593454
RAIL	6	250	34	1457
CORRELATION	1287	1063	32759	49269
SQUARE	329472	498
FOLD	1495	1678	1678	1291191	1291191	0	5609849
RAIL	7	249	35	1459
CORRELATION	1291	1066	32759	49269
SQUARE	330496	498
FOLD	1498	1679	1679	1291962	1291962	0	5630693
RAIL	8	248	36	1461
CORRELATION	1295	1073	32759	49269
SQUARE	331520	498
FOLD	1499	1680	1680	1292730	1292730	0	5634379
RAIL	122	134	36	1462
CORRELATION	1297	1073	32759	49269
SQUARE	332032	498
FOLD	1500	1681	1681	1293498	1293498	0	5636968
RAIL	122	135	36	1463
CORRELATION	1298	1074	32759	49269
SQUARE	332288	498
FOLD	1501	1682	1682	1294269	1294269	0	5639097
RAIL	9	247	36	1464
CORRELATION	1299	1074	32759	49269
SQUARE	332544	498
FOLD	1504	1683	1683	1295040	1295040	0	5651076
RAIL	121	136	37	1466
CORRELATION	1302	1077	32759	49269
SQUARE	333312	498
FOLD	1505	1684	1684	1295811	1295811	0	5658190
RAIL	10	246	37	1467
CORRELATION	1303	1079	32759	49269
SQUARE	333568	498
FOLD	1510	1685	1685	1296579	1296579	0	5684313
RAIL	11	246	39	1470
CORRELATION	1308	1087	32759	49269
SQUARE	334848	498
FOLD	1511	1686	1686	1297350	1297350	0	5687087
RAIL	119	137	39	1471
CORRELATION	1309	1087	32759	49269
SQUARE	335104	498
FOLD	1512	1687	1687	1298118	1298118	0	5689163
RAIL	119	138	39	1472
CORRELATION	1310	1087	32759	49269
SQUARE	335360	498
FOLD	1513	1688	1688	1298889	1298889	0	5691331
RAIL	12	244	39	1473
CORRELATION	1311	1087	32759	49269
SQUARE	335616	498
FOLD	1514	1689	1689	1299657	1299657	0	5693525
RAIL	12	245	39	1474
CORRELATION	1312	1087	32759	49269
SQUARE	335872	498
FOLD	1517	1690	1690	1300425	1300425	0	5710522
RAIL	13	243	40	1476
CORRELATION	1315	1089	32759	49269
SQUARE	336640	498
FOLD	1518	1691	1691	1301193	1301193	0	5724930
RAIL	13	244	40	1477
CORRELATION	1316	1091	32759	49269
SQUARE	336896	498
FOLD	1521	1692	1692	1301961	1301961	0	5735303
RAIL	14	242	41	1479
CORRELATION	1319	1096	32759	49269
SQUARE	337664	498
FOLD	1522	1693	1693	1302729	1302729	0	5737578
RAIL	14	243	41	1480
CORRELATION	1320	1096	32759	49269
SQUARE	337920	498
FOLD	1523	1694	1694	1303500	1303500	0	5741410
RAIL	116	140	41	1481
CORRELATION	1321	1098	32759	49269
SQUARE	338176	498
FOLD	1524	1695	1695	1304268	1304268	0	5746468
RAIL	116	141	41	1482
CORRELATION	1322	1100	32759	49269
SQUARE	338432	498
FOLD	1525	1696	1696	1305039	1305039	0	5748586
RAIL	15	241	41	1483
CORRELATION	1323	1100	32759	49269
SQUARE	338688	498
FOLD	1526	1697	1697	1305807	1305807	0	5750921
RAIL	15	242	41	1484
CORRELATION	1324	1100	32759	49269
SQUARE	338944	498
FOLD	1527	1698	1698	1306578	1306578	0	5755401
RAIL	115	141	41	1485
CORRELATION	1325	1102	32759	49269
SQUARE	339200	498
FOLD	1528	1699	1699	1307346	1307346	0	5762828
RAIL	115	142	41	1486
CORRELATION	1326	1102	32759	49269
SQUARE	339456	498
FOLD	1529	1700	1700	1308117	1308117	0	5768275
RAIL	16	240	41	1487
CORRELATION	1327	1105	32759	49269
SQUARE	339712	498
FOLD	1530	1701	1701	1308885	1308885	0	5770820
RAIL	16	241	41	1488
CORRELATION	1328	1105	32759	49269
SQUARE	339968	498
FOLD	1531	1702	1702	1309656	1309656	0	5775908
RAIL	114	142	41	1489
CORRELATION	1329	1108	32759	49269
SQUARE	340224	498
FOLD	1532	1703	1703	1310424	1310424	0	5778163
RAIL	114	143	41	1490
CORRELATION	1330	1108	32759	49269
SQUARE	340480	498
FOLD	1533	1704	1704	1311195	1311195	0	5780569
RAIL	17	239	41	1491
CORRELATION	1331	1108	32759	49269
SQUARE	340736	498
FOLD	1534	1705	1705	1311963	1311963	0	5784726
RAIL	17	240	41	1492
CORRELATION	1332	1110	32759	49269
SQUARE	340992	498
FOLD	1535	1706	1706	1312734	1312734	0	5788853
RAIL	113	143	41	1493
CORRELATION	1333	1112	32759	49269
SQUARE	341248	498
FOLD	1536	1707	1707	1313502	1313502	0	5791283
RAIL	113	144	41	1494
CORRELATION	1334	1112	32759	49269
SQUARE	341504	498
FOLD	1537	1708	1708	1314273	1314273	0	5795340
RAIL	18	238	41	1495
CORRELATION	1335	1114	32759	49269
SQUARE	341760	498
FOLD	1538	1709	1709	1315041	1315041	0	5799699
RAIL	18	239	41	1496
CORRELATION	1336	1116	32759	49269
SQUARE	342016	498
FOLD	1539	1710	1710	1315812	1315812	0	5801827
RAIL	112	144	41	1497
CORRELATION	1337	1116	32759	49269
SQUARE	342272	498
FOLD	1540	1711	1711	1316580	1316580	0	5804027
RAIL	112	145	41	1498
CORRELATION	1338	1116	32759	49269
SQUARE	342528	498
FOLD	1541	1712	1712	1317351	1317351	0	5810400
RAIL	19	237	41	1499
CORRELATION	1339	1117	32759	49269
SQUARE	342784	498
FOLD	1542	1713	1713	1318119	1318119	0	5813833
RAIL	19	238	41	1500
CORRELATION	1340	1119	32759	49269
SQUARE	343040	498
FOLD	1543	1714	1714	1318890	1318890	0	5818251
RAIL	111	145	41	1501
CORRELATION	1341	1120	32759	49269
SQUARE	343296	498
FOLD	1544	1715	1715	1319658	1319658	0	5821053
RAIL	111	146	41	1502
CORRELATION	1342	1122	32759	49269
SQUARE	343552	498
FOLD	1545	1716	1716	1320429	1320429	0	5823551
RAIL	20	236	41	1503
CORRELATION	1343	1122	32759	49269
SQUARE	343808	498
FOLD	1546	1717	1717	1321197	1321197	0	5826725
RAIL	20	237	41	1504
CORRELATION	1344	1122	32759	49269
SQUARE	344064	498
FOLD	1547	1718	1718	1321968	1321968	0	5831216
RAIL	110	146	41	1505
CORRELATION	1345	1125	32759	49269
SQUARE	344320	498
FOLD	1548	1719	1719	1322736	1322736	0	5837025
RAIL	110	147	41	1506
CORRELATION	1346	1127	32759	49269
SQUARE	344576	498
FOLD	1549	1720	1720	1323507	1323507	0	5839575
RAIL	21	235	41	1507
CORRELATION	1347	1127	32759	49269
SQUARE	344832	498
FOLD	1550	1721	1721	1324275	1324275	0	5841992
RAIL	21	236	41	1508
CORRELATION	1348	1127	32759	49269
SQUARE	345088	498
FOLD	1551	1722	1722	1325046	1325046	0	5845143
RAIL	109	147	41	1509
CORRELATION	1349	1127	32759	49269
SQUARE	345344	498
FOLD	1552	1723	1723	1325814	1325814	0	5847974
RAIL	109	148	41	1510
CORRELATION	1350	1127	32759	49269
SQUARE	345600	498
FOLD	1553	1724	1724	1326585	1326585	0	5851363
RAIL	22	234	41	1511
CORRELATION	1351	1129	32759	49269
SQUARE	345856	498
FOLD	1554	1725	1725	1327353	1327353	0	5855023
RAIL	22	235	41	1512
CORRELATION	1352	1131	32759	49269
SQUARE	346112	498
FOLD	1555	1726	1726	1328124	1328124	0	5857844
RAIL	108	148	41	1513
CORRELATION	1353	1131	32759	49269
SQUARE	346368	498
FOLD	1556	1727	1727	1328892	1328892	0	5861839
RAIL	108	149	41	1514
CORRELATION	1354	1133	32759	49269
SQUARE	346624	498
FOLD	1557	1728	1728	1329663	1329663	0	5865454
RAIL	23	233	41	1515
CORRELATION	1355	1135	32759	49269
SQUARE	346880	498
FOLD	1558	1729	1729	1330431	1330431	0	5867831
RAIL	23	234	41	1516
CORRELATION	1356	1135	32759	49269
SQUARE	347136	498
FOLD	1559	1730	1730	1331202	1331202	0	5870159
RAIL	107	149	41	1517
CORRELATION	1357	1135	32759	49269
SQUARE	347392	498
FOLD	1560	1731	1731	1331970	1331970	0	5873114
RAIL	107	150	41	1518
CORRELATION	1358	1135	32759	49269
SQUARE	347648	501
FOLD	1561	1732	1732	1332741	1332741	0	5878803
RAIL	24	232	41	1519
CORRELATION	1359	1138	32759	49269
SQUARE	347904	501
FOLD	1562	1733	1733	1333509	1333509	0	5882045
RAIL	24	233	41	1520
CORRELATION	1360	1140	32759	49269
SQUARE	348160	501
FOLD	1563	1734	1734	1334280	1334280	0	5884213
RAIL	106	150	41	1521
CORRELATION	1361	1140	32759	49269
SQUARE	348416	501
FOLD	1564	1735	1735	1335048	1335048	0	5888608
RAIL	106	151	41	1522
CORRELATION	1362	1142	32759	49269
SQUARE	348672	501
FOLD	1565	1736	1736	1335819	1335819	0	5893144
RAIL	25	231	41	1523
CORRELATION	1363	1144	32759	49269
SQUARE	348928	501
FOLD	1566	1737	1737	1336587	1336587	0	5895307
RAIL	25	232	41	1524
CORRELATION	1364	1144	32759	49269
SQUARE	349184	501
FOLD	1567	1738	1738	1337358	1337358	0	5897323
RAIL	105	151	41	1525
CORRELATION	1365	1144	32759	49269
SQUARE	349440	501
FOLD	1568	1739	1739	1338126	1338126	0	5899656
RAIL	105	152	41	1526
CORRELATION	1366	1144	32759	49269
SQUARE	349696	501
FOLD	1569	1740	1740	1338897	1338897	0	5902318
RAIL	26	230	41	1527
CORRELATION	1367	1144	32759	49269
SQUARE	349952	501
FOLD	1570	1741	1741	1339665	1339665	0	5904866
RAIL	26	231	41	1528
CORRELATION	1368	1144	32759	49269
SQUARE	350208	501
FOLD	1571	1742	1742	1340436	1340436	0	5907714
RAIL	104	152	41	1529
CORRELATION	1369	1144	32759	49269
SQUARE	350464	501
FOLD	1572	1743	1743	1341204	1341204	0	5910645
RAIL	104	153	41	1530
CORRELATION	1370	1146	32759	49269
SQUARE	350720	501
FOLD	1573	1744	1744	1341975	1341975	0	5912715
RAIL	27	229	41	1531
CORRELATION	1371	1146	32759	49269
SQUARE	350976	501
FOLD	1574	1745	1745	1342743	1342743	0	5917065
RAIL	27	230	41	1532
CORRELATION	1372	1148	32759	49269
SQUARE	351232	501
FOLD	1575	1746	1746	1343514	1343514	0	5920130
RAIL	103	153	41	1533
CORRELATION	1373	1149	32759	49269
SQUARE	351488	501
FOLD	1576	1747	1747	1344282	1344282	0	5926187
RAIL	103	154	41	1534
CORRELATION	1374	1152	32759	49269
SQUARE	351744	501
FOLD	1577	1748	1748	1345053	1345053	0	5928693
RAIL	28	228	41	1535
CORRELATION	1375	1152	32759	49269
SQUARE	352000	501
FOLD	1578	1749	1749	1345821	1345821	0	5931199
RAIL	28	229	41	1536
CORRELATION	1376	1152	32759	49269
SQUARE	352256	501
FOLD	1579	1750	1750	1346592	1346592	0	5933746
RAIL	102	154	41	1537
CORRELATION	1377	1152	32759	49269
SQUARE	352512	501
FOLD	1580	1751	1751	1347360	1347360	0	5942258
RAIL	102	155	41	1538
CORRELATION	1378	1155	32759	49269
SQUARE	352768	501
FOLD	1581	1752	1752	1348131	1348131	0	5944668
RAIL	29	227	41	1539
CORRELATION	1379	1155	32759	49269
SQUARE	353024	501
FOLD	1582	1753	1753	1348899	1348899	0	5947980
RAIL	29	228	41	1540
CORRELATION	1380	1157	32759	49269
SQUARE	353280	501
FOLD	1583	1754	1754	1349670	1349670	0	5957479
RAIL	101	155	41	1541
CORRELATION	1381	1159	32759	49269
SQUARE	353536	501
FOLD	1584	1755	1755	1350438	1350438	0	5959852
RAIL	101	156	41	1542
CORRELATION	1382	1159	32759	49269
SQUARE	353792	501
FOLD	1585	1756	1756	1351209	1351209	0	5966776
RAIL	30	226	41	1543
CORRELATION	1383	1162	32759	49269
SQUARE	354048	501
FOLD	1586	1757	1757	1351977	1351977	0	5969512
RAIL	30	227	41	1544
CORRELATION	1384	1162	32759	49269
SQUARE	354304	501
FOLD	1587	1758	1758	1352748	1352748	0	5975038
RAIL	100	156	41	1545
CORRELATION	1385	1165	32759	49269
SQUARE	354560	501
FOLD	1588	1759	1759	1353516	1353516	0	5977334
RAIL	100	157	41	1546
CORRELATION	1386	1165	32759	49269
SQUARE	354816	501
FOLD	1589	1760	1760	1354287	1354287	0	5979646
RAIL	31	225	41	1547
CORRELATION	1387	1165	32759	49269
SQUARE	355072	501
FOLD	1590	1761	1761	1355055	1355055	0	5982397
RAIL	31	226	41	1548
CORRELATION	1388	1165	32759	49269
SQUARE	355328	501
FOLD	1591	1762	1762	1355826	1355826	0	5987443
RAIL	99	157	41	1549
CORRELATION	1389	1167	32759	49269
SQUARE	355584	501
FOLD	1592	1763	1763	1356594	1356594	0	5992201
RAIL	99	158	41	1550
CORRELATION	1390	1169	32759	49269
SQUARE	355840	501
FOLD	1593	1764	1764	1357365	1357365	0	5996630
RAIL	32	224	41	1551
CORRELATION	1391	1171	32759	49269
SQUARE	356096	501
FOLD	1594	1765	1765	1358133	1358133	0	5999426
RAIL	32	225	41	1552
CORRELATION	1392	1171	32759	49269
SQUARE	356352	501
FOLD	1595	1766	1766	1358904	1358904	0	6007876
RAIL	98	158	41	1553
CORRELATION	1393	1174	32759	49269
SQUARE	356608	501
FOLD	1596	1767	1767	1359672	1359672	0	6009984
RAIL	98	159	41	1554
CORRELATION	1394	1174	32759	49269
SQUARE	356864	501
FOLD	1597	1768	1768	1360443	1360443	0	6012175
RAIL	33	223	41	1555
CORRELATION	1395	1174	32759	49269
SQUARE	357120	501
FOLD	1598	1769	1769	1361211	1361211	0	6014797
RAIL	33	224	41	1556
CORRELATION	1396	1174	32759	49269
SQUARE	357376	501
FOLD	1599	1770	1770	1361982	1361982	0	6017315
RAIL	97	159	41	1557
CORRELATION	1397	1174	32759	49269
SQUARE	357632	501
FOLD	1600	1771	1771	1362750	1362750	0	6020863
RAIL	97	160	41	1558
CORRELATION	1398	1174	32759	49269
SQUARE	357888	501
FOLD	1601	1772	1772	1363521	1363521	0	6026034
RAIL	34	222	41	1559
CORRELATION	1399	1176	32759	49269
SQUARE	358144	501
FOLD	1602	1773	1773	1364289	1364289	0	6029590
RAIL	34	223	41	1560
CORRELATION	1400	1178	32759	49269
SQUARE	358400	501
FOLD	1603	1774	1774	1365060	1365060	0	6031951
RAIL	96	160	41	1561
CORRELATION	1401	1178	32759	49269
SQUARE	358656	501
FOLD	1604	1775	1775	1365828	1365828	0	6035006
RAIL	96	161	41	1562
CORRELATION	1402	1178	32759	49269
SQUARE	358912	501
FOLD	1605	1776	1776	1366599	1366599	0	6039403
RAIL	35	221	41	1563
CORRELATION	1403	1180	32759	49269
SQUARE	359168	501
FOLD	1606	1777	1777	1367367	1367367	0	6042280
RAIL	35	222	41	1564
CORRELATION	1404	1182	32759	49269
SQUARE	359424	501
FOLD	1607	1778	1778	1368138	1368138	0	6044536
RAIL	95	161	41	1565
CORRELATION	1405	1182	32759	49269
SQUARE	359680	501
FOLD	1608	1779	1779	1368906	1368906	0	6046640
RAIL	95	162	41	1566
CORRELATION	1406	1182	32759	49269
SQUARE	359936	501
FOLD	1609	1780	1780	1369677	1369677	0	6049634
RAIL	36	220	41	1567
CORRELATION	1407	1182	32759	49269
SQUARE	360192	501
FOLD	1610	1781	1781	1370445	1370445	0	6053980
RAIL	36	221	41	1568
CORRELATION	1408	1186	32759	49269
SQUARE	360448	501
FOLD	1611	1782	1782	1371216	1371216	0	6056112
RAIL	94	162	41	1569
CORRELATION	1409	1186	32759	49269
SQUARE	360704	501
FOLD	1612	1783	1783	1371984	1371984	0	6064580
RAIL	94	163	41	1570
CORRELATION	1410	1188	32759	49269
SQUARE	360960	501
FOLD	1613	1784	1784	1372755	1372755	0	6069845
RAIL	37	219	41	1571
CORRELATION	1411	1190	32759	49269
SQUARE	361216	501
FOLD	1614	1785	1785	1373523	1373523	0	6072077
RAIL	37	220	41	1572
CORRELATION	1412	1190	32759	49269
SQUARE	361472	501
FOLD	1615	1786	1786	1374294	1374294	0	6074335
RAIL	93	163	41	1573
CORRELATION	1413	1190	32759	49269
SQUARE	361728	501
FOLD	1616	1787	1787	1375062	1375062	0	6077943
RAIL	93	164	41	1574
CORRELATION	1414	1192	32759	49269
SQUARE	361984	501
FOLD	1617	1788	1788	1375833	1375833	0	6080896
RAIL	38	218	41	1575
CORRELATION	1415	1192	32759	49269
SQUARE	362240	501
FOLD	1618	1789	1789	1376601	1376601	0	6083628
RAIL	38	219	41	1576
CORRELATION	1416	1192	32759	49269
SQUARE	362496	501
FOLD	1619	1790	1790	1377372	1377372	0	6085809
RAIL	92	164	41	1577
CORRELATION	1417	1192	32759	49269
SQUARE	362752	501
FOLD	1620	1791	1791	1378140	1378140	0	6090323
RAIL	92	165	41	1578
CORRELATION	1418	1194	32759	49269
SQUARE	363008	501
FOLD	1621	1792	1792	1378911	1378911	0	6093455
RAIL	39	217	41	1579
CORRELATION	1419	1194	32759	49269
SQUARE	363264	501
FOLD	1622	1793	1793	1379679	1379679	0	6097761
RAIL	39	218	41	1580
CORRELATION	1420	1197	32759	49269
SQUARE	363520	501
FOLD	1623	1794	1794	1380450	1380450	0	6099915
RAIL	91	165	41	1581
CORRELATION	1421	1197	32759	49269
SQUARE	363776	501
FOLD	1624	1795	1795	1381218	1381218	0	6101878
RAIL	91	166	41	1582
CORRELATION	1422	1197	32759	49269
SQUARE	364032	501
FOLD	1625	1796	1796	1381989	1381989	0	6103926
RAIL	40	216	41	1583
CORRELATION	1423	1197	32759	49269
SQUARE	364288	501
FOLD	1626	1797	1797	1382757	1382757	0	6107619
RAIL	40	217	41	1584
CORRELATION	1424	1198	32759	49269
SQUARE	364544	501
FOLD	1627	1798	1798	1383528	1383528	0	6110188
RAIL	90	166	41	1585
CORRELATION	1425	1198	32759	49269
SQUARE	364800	501
FOLD	1628	1799	1799	1384296	1384296	0	6114228
RAIL	90	167	41	1586
CORRELATION	1426	1200	32759	49269
SQUARE	365056	501
FOLD	1629	1800	1800	1385067	1385067	0	6118765
RAIL	41	215	41	1587
CORRELATION	1427	1202	32759	49269
SQUARE	365312	501
FOLD	1630	1801	1801	1385835	1385835	0	6120861
RAIL	41	216	41	1588
CORRELATION	1428	1202	32759	49269
SQUARE	365568	501
FOLD	1631	1802	1802	1386606	1386606	0	6125594
RAIL	89	167	41	1589
CORRELATION	1429	1204	32759	49269
SQUARE	365824	501
FOLD	1632	1803	1803	1387374	1387374	0	6128111
RAIL	89	168	41	1590
CORRELATION	1430	1204	32759	49269
SQUARE	366080	501
FOLD	1633	1804	1804	1388145	1388145	0	6132599
RAIL	42	214	41	1591
CORRELATION	1431	1207	32759	49269
SQUARE	366336	501
FOLD	1634	1805	1805	1388913	1388913	0	6134931
RAIL	42	215	41	1592
CORRELATION	1432	1207	32759	49269
SQUARE	366592	501
FOLD	1635	1806	1806	1389684	1389684	0	6136950
RAIL	88	168	41	1593
CORRELATION	1433	1207	32759	49269
SQUARE	366848	501
FOLD	1636	1807	1807	1390452	1390452	0	6139316
RAIL	88	169	41	1594
CORRELATION	1434	1207	32759	49269
SQUARE	367104	501
FOLD	1637	1808	1808	1391223	1391223	0	6141662
RAIL	43	213	41	1595
CORRELATION	1435	1207	32759	49269
SQUARE	367360	501
FOLD	1638	1809	1809	1391991	1391991	0	6144078
RAIL	43	214	41	1596
CORRELATION	1436	1207	32759	49269
SQUARE	367616	501
FOLD	1639	1810	1810	1392762	1392762	0	6147395
RAIL	87	169	41	1597
CORRELATION	1437	1207	32759	49269
SQUARE	367872	501
FOLD	1640	1811	1811	1393530	1393530	0	6149792
RAIL	87	170	41	1598
CORRELATION	1438	1208	32759	49269
SQUARE	368128	501
FOLD	1641	1812	1812	1394301	1394301	0	6156951
RAIL	44	212	41	1599
CORRELATION	1439	1211	32759	49269
SQUARE	368384	501
FOLD	1642	1813	1813	1395069	1395069	0	6159425
RAIL	44	213	41	1600
CORRELATION	1440	1211	32759	49269
SQUARE	368640	501
FOLD	1643	1814	1814	1395840	1395840	0	6161742
RAIL	86	170	41	1601
CORRELATION	1441	1211	32759	49269
SQUARE	368896	501
FOLD	1644	1815	1815	1396608	1396608	0	6163780
RAIL	86	171	41	1602
CORRELATION	1442	1211	32759	49269
SQUARE	369152	501
FOLD	1645	1816	1816	1397379	1397379	0	6165830
RAIL	45	211	41	1603
CORRELATION	1443	1211	32759	49269
SQUARE	369408	501
FOLD	1646	1817	1817	1398147	1398147	0	6169636
RAIL	45	212	41	1604
CORRELATION	1444	1213	32759	49269
SQUARE	369664	501
FOLD	1647	1818	1818	1398918	1398918	0	6172096
RAIL	85	171	41	1605
CORRELATION	1445	1213	32759	49269
SQUARE	369920	501
FOLD	1648	1819	1819	1399686	1399686	0	6174386
RAIL	85	172	41	1606
CORRELATION	1446	1213	32759	49269
SQUARE	370176	501
FOLD	1649	1820	1820	1400457	1400457	0	6184547
RAIL	46	210	41	1607
CORRELATION	1447	1216	32759	49269
SQUARE	370432	501
FOLD	1650	1821	1821	1401225	1401225	0	6186764
RAIL	46	211	41	1608
CORRELATION	1448	1216	32759	49269
SQUARE	370688	501
FOLD	1651	1822	1822	1401996	1401996	0	6195060
RAIL	84	172	41	1609
CORRELATION	1449	1220	32759	49269
SQUARE	370944	501
FOLD	1652	1823	1823	1402764	1402764	0	6197222
RAIL	84	173	41	1610
CORRELATION	1450	1220	32759	49269
SQUARE	371200	501
FOLD	1653	1824	1824	1403535	1403535	0	6199509
RAIL	47	209	41	1611
CORRELATION	1451	1220	32759	49269
SQUARE	371456	501
FOLD	1654	1825	1825	1404303	1404303	0	6202362
RAIL	47	210	41	1612
CORRELATION	1452	1220	32759	49269
SQUARE	371712	501
FOLD	1655	1826	1826	1405074	1405074	0	6206321
RAIL	83	173	41	1613
CORRELATION	1453	1222	32759	49269
SQUARE	371968	501
FOLD	1656	1827	1827	1405842	1405842	0	6210299
RAIL	83	174	41	1614
CORRELATION	1454	1224	32759	49269
SQUARE	372224	501
FOLD	1657	1828	1828	1406613	1406613	0	6213121
RAIL	48	208	41	1615
CORRELATION	1455	1224	32759	49269
SQUARE	372480	501
FOLD	1658	1829	1829	1407381	1407381	0	6217088
RAIL	48	209	41	1616
CORRELATION	1456	1226	32759	49269
SQUARE	372736	501
FOLD	1659	1830	1830	1408152	1408152	0	6221703
RAIL	82	174	41	1617
CORRELATION	1457	1228	32759	49269
SQUARE	372992	501
FOLD	1660	1831	1831	1408920	1408920	0	6223947
RAIL	82	175	41	1618
CORRELATION	1458	1228	32759	49269
SQUARE	373248	501
FOLD	1661	1832	1832	1409691	1409691	0	6226533
RAIL	49	207	41	1619
CORRELATION	1459	1229	32759	49269
SQUARE	373504	501
FOLD	1662	1833	1833	1410459	1410459	0	6229931
RAIL	49	208	41	1620
CORRELATION	1460	1231	32759	49269
SQUARE	373760	501
FOLD	1663	1834	1834	1411230	1411230	0	6234911
RAIL	81	175	41	1621
CORRELATION	1461	1233	32759	49269
SQUARE	374016	501
FOLD	1664	1835	1835	1411998	1411998	0	6237223
RAIL	81	176	41	1622
CORRELATION	1462	1233	32759	49269
SQUARE	374272	501
FOLD	1665	1836	1836	1412769	1412769	0	6241609
RAIL	50	206	41	1623
CORRELATION	1463	1234	32759	49269
SQUARE	374528	501
FOLD	1666	1837	1837	1413537	1413537	0	6247131
RAIL	50	207	41	1624
CORRELATION	1464	1236	32759	49269
SQUARE	374784	501
FOLD	1667	1838	1838	1414308	1414308	0	6253097
RAIL	80	176	41	1625
CORRELATION	1465	1238	32759	49269
SQUARE	375040	501
FOLD	1668	1839	1839	1415076	1415076	0	6255544
RAIL	80	177	41	1626
CORRELATION	1466	1238	32759	49269
SQUARE	375296	501
FOLD	1669	1840	1840	1415847	1415847	0	6258559
RAIL	51	205	41	1627
CORRELATION	1467	1238	32759	49269
SQUARE	375552	501
FOLD	1670	1841	1841	1416615	1416615	0	6264404
RAIL	51	206	41	1628
CORRELATION	1468	1240	32759	49269
SQUARE	375808	501
FOLD	1671	1842	1842	1417386	1417386	0	6269778
RAIL	79	177	41	1629
CORRELATION	1469	1242	32759	49269
SQUARE	376064	501
FOLD	1672	1843	1843	1418154	1418154	0	6272145
RAIL	79	178	41	1630
CORRELATION	1470	1242	32759	49269
SQUARE	376320	501
FOLD	1673	1844	1844	1418925	1418925	0	6274592
RAIL	52	204	41	1631
CORRELATION	1471	1242	32759	49269
SQUARE	376576	501
FOLD	1674	1845	1845	1419693	1419693	0	6277807
RAIL	52	205	41	1632
CORRELATION	1472	1242	32759	49269
SQUARE	376832	501
FOLD	1675	1846	1846	1420464	1420464	0	6283316
RAIL	78	178	41	1633
CORRELATION	1473	1246	32759	49269
SQUARE	377088	501
FOLD	1676	1847	1847	1421232	1421232	0	6285685
RAIL	78	179	41	1634
CORRELATION	1474	1247	32759	49269
SQUARE	377344	501
FOLD	1677	1848	1848	1422003	1422003	0	6291393
RAIL	53	203	41	1635
CORRELATION	1475	1249	32759	49269
SQUARE	377600	501
FOLD	1678	1849	1849	1422771	1422771	0	6293708
RAIL	53	204	41	1636
CORRELATION	1476	1249	32759	49269
SQUARE	377856	501
FOLD	1679	1850	1850	1423542	1423542	0	6295831
RAIL	77	179	41	1637
CORRELATION	1477	1249	32759	49269
SQUARE	378112	501
FOLD	1680	1851	1851	1424310	1424310	0	6298134
RAIL	77	180	41	1638
CORRELATION	1478	1249	32759	49269
SQUARE	378368	501
FOLD	1681	1852	1852	1425081	1425081	0	6300443
RAIL	54	202	41	1639
CORRELATION	1479	1249	32759	49269
SQUARE	378624	501
FOLD	1682	1853	1853	1425849	1425849	0	6303249
RAIL	54	203	41	1640
CORRELATION	1480	1249	32759	49269
SQUARE	378880	501
FOLD	1683	1854	1854	1426620	1426620	0	6306026
RAIL	76	180	41	1641
CORRELATION	1481	1249	32759	49269
SQUARE	379136	501
FOLD	1684	1855	1855	1427388	1427388	0	6309586
RAIL	76	181	41	1642
CORRELATION	1482	1250	32759	49269
SQUARE	379392	501
FOLD	1685	1856	1856	1428159	1428159	0	6314597
RAIL	55	201	41	1643
CORRELATION	1483	1252	32759	49269
SQUARE	379648	501
FOLD	1686	1857	1857	1428927	1428927	0	6319146
RAIL	55	202	41	1644
CORRELATION	1484	1254	32759	49269
SQUARE	379904	501
FOLD	1687	1858	1858	1429698	1429698	0	6321491
RAIL	75	181	41	1645
CORRELATION	1485	1254	32759	49269
SQUARE	380160	501
FOLD	1688	1859	1859	1430466	1430466	0	6327544
RAIL	75	182	41	1646
CORRELATION	1486	1256	32759	49269
SQUARE	380416	501
FOLD	1689	1860	1860	1431237	1431237	0	6333113
RAIL	56	200	41	1647
CORRELATION	1487	1258	32759	49269
SQUARE	380672	501
FOLD	1690	1861	1861	1432005	1432005	0	6335300
RAIL	56	201	41	1648
CORRELATION	1488	1258	32759	49269
SQUARE	380928	501
FOLD	1691	1862	1862	1432776	1432776	0	6337485
RAIL	74	182	41	1649
CORRELATION	1489	1258	32759	49269
SQUARE	381184	501
FOLD	1692	1863	1863	1433544	1433544	0	6339749
RAIL	74	183	41	1650
CORRELATION	1490	1258	32759	49269
SQUARE	381440	501
FOLD	1693	1864	1864	1434315	1434315	0	6344559
RAIL	57	199	41	1651
CORRELATION	1491	1260	32759	49269
SQUARE	381696	501
FOLD	1694	1865	1865	1435083	1435083	0	6350544
RAIL	57	200	41	1652
CORRELATION	1492	1262	32759	49269
SQUARE	381952	501
FOLD	1695	1866	1866	1435854	1435854	0	6356788
RAIL	73	183	41	1653
CORRELATION	1493	1264	32759	49269
SQUARE	382208	501
FOLD	1696	1867	1867	1436622	1436622	0	6359350
RAIL	73	184	41	1654
CORRELATION	1494	1264	32759	49269
SQUARE	382464	501
FOLD	1697	1868	1868	1437393	1437393	0	6368750
RAIL	58	198	41	1655
CORRELATION	1495	1265	32759	49269
SQUARE	382720	501
FOLD	1698	1869	1869	1438161	1438161	0	6374305
RAIL	58	199	41	1656
CORRELATION	1496	1267	32759	49269
SQUARE	382976	501
FOLD	1699	1870	1870	1438932	1438932	0	6382927
RAIL	72	184	41	1657
CORRELATION	1497	1269	32759	49269
SQUARE	383232	501
FOLD	1700	1871	1871	1439700	1439700	0	6385215
RAIL	72	185	41	1658
CORRELATION	1498	1269	32759	49269
SQUARE	383488	501
FOLD	1701	1872	1872	1440471	1440471	0	6387861
RAIL	59	197	41	1659
CORRELATION	1499	1269	32759	49269
SQUARE	383744	501
FOLD	1702	1873	1873	1441239	1441239	0	6391857
RAIL	59	198	41	1660
CORRELATION	1500	1269	32759	49269
SQUARE	384000	501
FOLD	1703	1874	1874	1442010	1442010	0	6394931
RAIL	71	185	41	1661
CORRELATION	1501	1270	32759	49269
SQUARE	384256	501
FOLD	1704	1875	1875	1442778	1442778	0	6400837
RAIL	71	186	41	1662
CORRELATION	1502	1272	32759	49269
SQUARE	384512	501
FOLD	1705	1876	1876	1443549	1443549	0	6403581
RAIL	60	196	41	1663
CORRELATION	1503	1273	32759	49269
SQUARE	384768	501
FOLD	1706	1877	1877	1444317	1444317	0	6407587
RAIL	60	197	41	1664
CORRELATION	1504	1275	32759	49269
SQUARE	385024	501
FOLD	1707	1878	1878	1445088	1445088	0	6409706
RAIL	70	186	41	1665
CORRELATION	1505	1275	32759	49269
SQUARE	385280	501
FOLD	1708	1879	1879	1445856	1445856	0	6413341
RAIL	70	187	41	1666
CORRELATION	1506	1275	32759	49269
SQUARE	385536	501
FOLD	1709	1880	1880	1446627	1446627	0	6419172
RAIL	61	195	41	1667
CORRELATION	1507	1278	32759	49269
SQUARE	385792	501
FOLD	1710	1881	1881	1447395	1447395	0	6422759
RAIL	61	196	41	1668
CORRELATION	1508	1278	32759	49269
SQUARE	386048	501
FOLD	1711	1882	1882	1448166	1448166	0	6429789
RAIL	69	187	41	1669
CORRELATION	1509	1280	32759	49269
SQUARE	386304	501
FOLD	1712	1883	1883	1448934	1448934	0	6434578
RAIL	69	188	41	1670
CORRELATION	1510	1282	32759	49269
SQUARE	386560	501
FOLD	1713	1884	1884	1449705	1449705	0	6436693
RAIL	62	194	41	1671
CORRELATION	1511	1282	32759	49269
SQUARE	386816	501
FOLD	1714	1885	1885	1450473	1450473	0	6438934
RAIL	62	195	41	1672
CORRELATION	1512	1282	32759	49269
SQUARE	387072	501
FOLD	1715	1886	1886	1451244	1451244	0	6441201
RAIL	68	188	41	1673
CORRELATION	1513	1282	32759	49269
SQUARE	387328	501
FOLD	1716	1887	1887	1452012	1452012	0	6443773
RAIL	68	189	41	1674
CORRELATION	1514	1282	32759	49269
SQUARE	387584	501
FOLD	1717	1888	1888	1452783	1452783	0	6446717
RAIL	63	193	41	1675
CORRELATION	1515	1282	32759	49269
SQUARE	387840	501
FOLD	1718	1889	1889	1453551	1453551	0	6458465
RAIL	63	194	41	1676
CORRELATION	1516	1284	32759	49269
SQUARE	388096	501
FOLD	1719	1890	1890	1454322	1454322	0	6465297
RAIL	67	189	41	1677
CORRELATION	1517	1287	32759	49269
SQUARE	388352	501
FOLD	1720	1891	1891	1455090	1455090	0	6469546
RAIL	67	190	41	1678
CORRELATION	1518	1287	32759	49269
SQUARE	388608	501
FOLD	1721	1892	1892	1455861	1455861	0	6474296
RAIL	64	192	41	1679
CORRELATION	1519	1290	32759	49269
SQUARE	388864	501
FOLD	1722	1893	1893	1456629	1456629	0	6476806
RAIL	64	193	41	1680
CORRELATION	1520	1290	32759	49269
SQUARE	389120	501
FOLD	1723	1894	1894	1457400	1457400	0	6479559
RAIL	66	190	41	1681
CORRELATION	1521	1292	32759	49269
SQUARE	389376	501
FOLD	1724	1895	1895	1458168	1458168	0	6484867
RAIL	66	191	41	1682
CORRELATION	1522	1294	32759	49269
SQUARE	389632	501
FOLD	1725	1896	1896	1458939	1458939	0	6487462
RAIL	65	191	41	1683
CORRELATION	1523	1294	32759	49269
SQUARE	389888	501
FOLD	1726	1897	1897	1459707	1459707	0	6493034
RAIL	65	192	41	1684
CORRELATION	1524	1296	32759	49269
SQUARE	390144	501
FOLD	1727	1898	1898	1460478	1460478	0	6501062
RAIL	128	128	41	1685
CORRELATION	1527	1298	32759	49269
SQUARE	390912	501
FOLD	1728	1899	1899	1461246	1461246	0	6503920
RAIL	128	129	41	1686
CORRELATION	1528	1298	32759	49269
SQUARE	391168	501
FOLD	1729	1900	1900	1462017	1462017	0	6515337
RAIL	127	129	41	1687
CORRELATION	1531	1301	32759	49269
SQUARE	391936	501
FOLD	1730	1901	1901	1462785	1462785	0	6517731
RAIL	127	130	41	1688
CORRELATION	1532	1301	32759	49269
SQUARE	392192	501
FOLD	1731	1902	1902	1463556	1463556	0	6526260
RAIL	126	130	41	1689
CORRELATION	1535	1306	32759	49269
SQUARE	392960	501
FOLD	1732	1903	1903	1464324	1464324	0	6528692
RAIL	126	131	41	1690
CORRELATION	1536	1306	32759	49269
SQUARE	393216	501
FOLD	1733	1904	1904	1465095	1465095	0	6535962
RAIL	125	131	41	1691
CORRELATION	1539	1309	32759	49269
SQUARE	393984	501
FOLD	1734	1905	1905	1465863	1465863	0	6541170
RAIL	125	132	41	1692
CORRELATION	1540	1309	32759	49269
SQUARE	394240	501
FOLD	1735	1906	1906	1466634	1466634	0	6549618
RAIL	124	132	41	1693
CORRELATION	1543	1313	32759	49269
SQUARE	395008	501
FOLD	1736	1907	1907	1467402	1467402	0	6551811
RAIL	124	133	41	1694
CORRELATION	1544	1313	32759	49269
SQUARE	395264	501
FOLD	1737	1908	1908	1468173	1468173	0	6554273
RAIL	7	249	41	1695
CORRELATION	1545	1313	32759	49269
SQUARE	395520	501
FOLD	1740	1909	1909	1468944	1468944	0	6567162
RAIL	8	248	42	1697
CORRELATION	1549	1318	32759	49269
SQUARE	396544	501
FOLD	1743	1910	1910	1469715	1469715	0	6583506
RAIL	9	247	43	1699
CORRELATION	1553	1323	32759	49269
SQUARE	397568	501
FOLD	1744	1911	1911	1470483	1470483	0	6589271
RAIL	9	248	43	1700
CORRELATION	1554	1326	32759	49269
SQUARE	397824	501
FOLD	1747	1912	1912	1471251	1471251	0	6600787
RAIL	10	246	44	1702
CORRELATION	1557	1330	32759	49269
SQUARE	398592	501
FOLD	1756	1913	1913	1472019	1472019	0	6628177
RAIL	12	245	48	1707
CORRELATION	1566	1337	32759	49269
SQUARE	400896	501
FOLD	1757	1914	1914	1472790	1472790	0	6631739
RAIL	118	138	48	1708
CORRELATION	1567	1339	32759	49269
SQUARE	401152	501
FOLD	1758	1915	1915	1473558	1473558	0	6633865
RAIL	118	139	48	1709
CORRELATION	1568	1339	32759	49269
SQUARE	401408	501
FOLD	1759	1916	1916	1474329	1474329	0	6635940
RAIL	13	243	48	1710
CORRELATION	1569	1339	32759	49269
SQUARE	401664	501
FOLD	1760	1917	1917	1475097	1475097	0	6640690
RAIL	13	244	48	1711
CORRELATION	1570	1341	32759	49269
SQUARE	401920	501
FOLD	1763	1918	1918	1475865	1475865	0	6647139
RAIL	14	242	49	1713
CORRELATION	1573	1343	32759	49269
SQUARE	402688	501
FOLD	1764	1919	1919	1476633	1476633	0	6649238
RAIL	14	243	49	1714
CORRELATION	1574	1343	32759	49269
SQUARE	402944	501
FOLD	1767	1920	1920	1477401	1477401	0	6665247
RAIL	15	241	50	1716
CORRELATION	1577	1348	32759	49269
SQUARE	403712	501
FOLD	1768	1921	1921	1478169	1478169	0	6667687
RAIL	15	242	50	1717
CORRELATION	1578	1348	32759	49269
SQUARE	403968	501
FOLD	1769	1922	1922	1478940	1478940	0	6672000
RAIL	115	141	50	1718
CORRELATION	1579	1351	32759	49269
SQUARE	404224	501
FOLD	1770	1923	1923	1479708	1479708	0	6674391
RAIL	115	142	50	1719
CORRELATION	1580	1351	32759	49269
SQUARE	404480	501
FOLD	1771	1924	1924	1480479	1480479	0	6682099
RAIL	16	240	50	1720
CORRELATION	1581	1354	32759	49269
SQUARE	404736	501
FOLD	1772	1925	1925	1481247	1481247	0	6684124
RAIL	16	241	50	1721
CORRELATION	1582	1354	32759	49269
SQUARE	404992	501
FOLD	1773	1926	1926	1482018	1482018	0	6686282
RAIL	114	142	50	1722
CORRELATION	1583	1354	32759	49269
SQUARE	405248	501
FOLD	1774	1927	1927	1482786	1482786	0	6688359
RAIL	114	143	50	1723
CORRELATION	1584	1354	32759	49269
SQUARE	405504	501
FOLD	1775	1928	1928	1483557	1483557	0	6690570
RAIL	17	239	50	1724
CORRELATION	1585	1354	32759	49269
SQUARE	405760	501
FOLD	1776	1929	1929	1484325	1484325	0	6692755
RAIL	17	240	50	1725
CORRELATION	1586	1354	32759	49269
SQUARE	406016	501
FOLD	1777	1930	1930	1485096	1485096	0	6694848
RAIL	113	143	50	1726
CORRELATION	1587	1354	32759	49269
SQUARE	406272	501
FOLD	1778	1931	1931	1485864	1485864	0	6697359
RAIL	113	144	50	1727
CORRELATION	1588	1354	32759	49269
SQUARE	406528	501
FOLD	1779	1932	1932	1486635	1486635	0	6699517
RAIL	18	238	50	1728
CORRELATION	1589	1354	32759	49269
SQUARE	406784	501
FOLD	1780	1933	1933	1487403	1487403	0	6703801
RAIL	18	239	50	1729
CORRELATION	1590	1356	32759	49269
SQUARE	407040	501
FOLD	1781	1934	1934	1488174	1488174	0	6708142
RAIL	112	144	50	1730
CORRELATION	1591	1358	32759	49269
SQUARE	407296	501
FOLD	1782	1935	1935	1488942	1488942	0	6710569
RAIL	112	145	50	1731
CORRELATION	1592	1358	32759	49269
SQUARE	407552	501
FOLD	1783	1936	1936	1489713	1489713	0	6714881
RAIL	19	237	50	1732
CORRELATION	1593	1360	32759	49269
SQUARE	407808	501
FOLD	1784	1937	1937	1490481	1490481	0	6723365
RAIL	19	238	50	1733
CORRELATION	1594	1361	32759	49269
SQUARE	408064	501
FOLD	1785	1938	1938	1491252	1491252	0	6733974
RAIL	111	145	50	1734
CORRELATION	1595	1363	32759	49269
SQUARE	408320	501
FOLD	1786	1939	1939	1492020	1492020	0	6736312
RAIL	111	146	50	1735
CORRELATION	1596	1363	32759	49269
SQUARE	408576	501
FOLD	1787	1940	1940	1492791	1492791	0	6738714
RAIL	20	236	50	1736
CORRELATION	1597	1365	32759	49269
SQUARE	408832	501
FOLD	1788	1941	1941	1493559	1493559	0	6740707
RAIL	20	237	50	1737
CORRELATION	1598	1365	32759	49269
SQUARE	409088	501
FOLD	1789	1942	1942	1494330	1494330	0	6745003
RAIL	110	146	50	1738
CORRELATION	1599	1367	32759	49269
SQUARE	409344	501
FOLD	1790	1943	1943	1495098	1495098	0	6752658
RAIL	110	147	50	1739
CORRELATION	1600	1369	32759	49269
SQUARE	409600	501
FOLD	1791	1944	1944	1495869	1495869	0	6754884
RAIL	21	235	50	1740
CORRELATION	1601	1369	32759	49269
SQUARE	409856	501
FOLD	1792	1945	1945	1496637	1496637	0	6756942
RAIL	21	236	50	1741
CORRELATION	1602	1369	32759	49269
SQUARE	410112	501
FOLD	1793	1946	1946	1497408	1497408	0	6760444
RAIL	109	147	50	1742
CORRELATION	1603	1369	32759	49269
SQUARE	410368	501
FOLD	1794	1947	1947	1498176	1498176	0	6766592
RAIL	109	148	50	1743
CORRELATION	1604	1372	32759	49269
SQUARE	410624	501
FOLD	1795	1948	1948	1498947	1498947	0	6770829
RAIL	22	234	50	1744
CORRELATION	1605	1374	32759	49269
SQUARE	410880	501
FOLD	1796	1949	1949	1499715	1499715	0	6772954
RAIL	22	235	50	1745
CORRELATION	1606	1374	32759	49269
SQUARE	411136	501
FOLD	1797	1950	1950	1500486	1500486	0	6776394
RAIL	108	148	50	1746
CORRELATION	1607	1374	32759	49269
SQUARE	411392	501
FOLD	1798	1951	1951	1501254	1501254	0	6784133
RAIL	108	149	50	1747
CORRELATION	1608	1377	32759	49269
SQUARE	411648	501
FOLD	1799	1952	1952	1502025	1502025	0	6794033
RAIL	23	233	50	1748
CORRELATION	1609	1379	32759	49269
SQUARE	411904	501
FOLD	1800	1953	1953	1502793	1502793	0	6796267
RAIL	23	234	50	1749
CORRELATION	1610	1379	32759	49269
SQUARE	412160	501
FOLD	1801	1954	1954	1503564	1503564	0	6798600
RAIL	107	149	50	1750
CORRELATION	1611	1379	32759	49269
SQUARE	412416	501
FOLD	1802	1955	1955	1504332	1504332	0	6801019
RAIL	107	150	50	1751
CORRELATION	1612	1379	32759	49269
SQUARE	412672	501
FOLD	1803	1956	1956	1505103	1505103	0	6806750
RAIL	24	232	50	1752
CORRELATION	1613	1380	32759	49269
SQUARE	412928	501
FOLD	1804	1957	1957	1505871	1505871	0	6813088
RAIL	24	233	50	1753
CORRELATION	1614	1381	32759	49269
SQUARE	413184	501
FOLD	1805	1958	1958	1506642	1506642	0	6819069
RAIL	106	150	50	1754
CORRELATION	1615	1383	32759	49269
SQUARE	413440	501
FOLD	1806	1959	1959	1507410	1507410	0	6828498
RAIL	106	151	50	1755
CORRELATION	1616	1385	32759	49269
SQUARE	413696	501
FOLD	1807	1960	1960	1508181	1508181	0	6834232
RAIL	25	231	50	1756
CORRELATION	1617	1385	32759	49269
SQUARE	413952	501
FOLD	1808	1961	1961	1508949	1508949	0	6841813
RAIL	25	232	50	1757
CORRELATION	1618	1386	32759	49269
SQUARE	414208	501
FOLD	1809	1962	1962	1509720	1509720	0	6847089
RAIL	105	151	50	1758
CORRELATION	1619	1388	32759	49269
SQUARE	414464	501
FOLD	1810	1963	1963	1510488	1510488	0	6849065
RAIL	105	152	50	1759
CORRELATION	1620	1388	32759	49269
SQUARE	414720	501
FOLD	1811	1964	1964	1511259	1511259	0	6853912
RAIL	26	230	50	1760
CORRELATION	1621	1389	32759	49269
SQUARE	414976	501
FOLD	1812	1965	1965	1512027	1512027	0	6858225
RAIL	26	231	50	1761
CORRELATION	1622	1391	32759	49269
SQUARE	415232	501
FOLD	1813	1966	1966	1512798	1512798	0	6861323
RAIL	104	152	50	1762
CORRELATION	1623	1393	32759	49269
SQUARE	415488	501
FOLD	1814	1967	1967	1513566	1513566	0	6863553
RAIL	104	153	50	1763
CORRELATION	1624	1393	32759	49269
SQUARE	415744	501
FOLD	1815	1968	1968	1514337	1514337	0	6865635
RAIL	27	229	50	1764
CORRELATION	1625	1393	32759	49269
SQUARE	416000	501
FOLD	1816	1969	1969	1515105	1515105	0	6868157
RAIL	27	230	50	1765
CORRELATION	1626	1393	32759	49269
SQUARE	416256	501
FOLD	1817	1970	1970	1515876	1515876	0	6871567
RAIL	103	153	50	1766
CORRELATION	1627	1393	32759	49269
SQUARE	416512	501
FOLD	1818	1971	1971	1516644	1516644	0	6873881
RAIL	103	154	50	1767
CORRELATION	1628	1393	32759	49269
SQUARE	416768	501
FOLD	1819	1972	1972	1517415	1517415	0	6877146
RAIL	28	228	50	1768
CORRELATION	1629	1395	32759	49269
SQUARE	417024	501
FOLD	1820	1973	1973	1518183	1518183	0	6881283
RAIL	28	229	50	1769
CORRELATION	1630	1397	32759	49269
SQUARE	417280	501
FOLD	1821	1974	1974	1518954	1518954	0	6885834
RAIL	102	154	50	1770
CORRELATION	1631	1399	32759	49269
SQUARE	417536	501
FOLD	1822	1975	1975	1519722	1519722	0	6888020
RAIL	102	155	50	1771
CORRELATION	1632	1399	32759	49269
SQUARE	417792	501
FOLD	1823	1976	1976	1520493	1520493	0	6890499
RAIL	29	227	50	1772
CORRELATION	1633	1399	32759	49269
SQUARE	418048	501
FOLD	1824	1977	1977	1521261	1521261	0	6895218
RAIL	29	228	50	1773
CORRELATION	1634	1401	32759	49269
SQUARE	418304	501
FOLD	1825	1978	1978	1522032	1522032	0	6901850
RAIL	101	155	50	1774
CORRELATION	1635	1403	32759	49269
SQUARE	418560	501
FOLD	1826	1979	1979	1522800	1522800	0	6904407
RAIL	101	156	50	1775
CORRELATION	1636	1403	32759	49269
SQUARE	418816	501
FOLD	1827	1980	1980	1523571	1523571	0	6909193
RAIL	30	226	50	1776
CORRELATION	1637	1405	32759	49269
SQUARE	419072	501
FOLD	1828	1981	1981	1524339	1524339	0	6913978
RAIL	30	227	50	1777
CORRELATION	1638	1407	32759	49269
SQUARE	419328	501
FOLD	1829	1982	1982	1525110	1525110	0	6916170
RAIL	100	156	50	1778
CORRELATION	1639	1407	32759	49269
SQUARE	419584	501
FOLD	1830	1983	1983	1525878	1525878	0	6919442
RAIL	100	157	50	1779
CORRELATION	1640	1407	32759	49269
SQUARE	419840	501
FOLD	1831	1984	1984	1526649	1526649	0	6922177
RAIL	31	225	50	1780
CORRELATION	1641	1407	32759	49269
SQUARE	420096	501
FOLD	1832	1985	1985	1527417	1527417	0	6926572
RAIL	31	226	50	1781
CORRELATION	1642	1411	32759	49269
SQUARE	420352	501
FOLD	1833	1986	1986	1528188	1528188	0	6928598
RAIL	99	157	50	1782
CORRELATION	1643	1411	32759	49269
SQUARE	420608	501
FOLD	1834	1987	1987	1528956	1528956	0	6933169
RAIL	99	158	50	1783
CORRELATION	1644	1413	32759	49269
SQUARE	420864	501
FOLD	1835	1988	1988	1529727	1529727	0	6935349
RAIL	32	224	50	1784
CORRELATION	1645	1413	32759	49269
SQUARE	421120	501
FOLD	1836	1989	1989	1530495	1530495	0	6937525
RAIL	32	225	50	1785
CORRELATION	1646	1413	32759	49269
SQUARE	421376	501
FOLD	1837	1990	1990	1531266	1531266	0	6941449
RAIL	98	158	50	1786
CORRELATION	1647	1415	32759	49269
SQUARE	421632	501
FOLD	1838	1991	1991	1532034	1532034	0	6944377
RAIL	98	159	50	1787
CORRELATION	1648	1415	32759	49269
SQUARE	421888	501
FOLD	1839	1992	1992	1532805	1532805	0	6947499
RAIL	33	223	50	1788
CORRELATION	1649	1416	32759	49269
SQUARE	422144	501
FOLD	1840	1993	1993	1533573	1533573	0	6951446
RAIL	33	224	50	1789
CORRELATION	1650	1419	32759	49269
SQUARE	422400	501
FOLD	1841	1994	1994	1534344	1534344	0	6953883
RAIL	97	159	50	1790
CORRELATION	1651	1419	32759	49269
SQUARE	422656	501
FOLD	1842	1995	1995	1535112	1535112	0	6957543
RAIL	97	160	50	1791
CORRELATION	1652	1420	32759	49269
SQUARE	422912	501
FOLD	1843	1996	1996	1535883	1535883	0	6960394
RAIL	34	222	50	1792
CORRELATION	1653	1420	32759	49269
SQUARE	423168	501
FOLD	1844	1997	1997	1536651	1536651	0	6964996
RAIL	34	223	50	1793
CORRELATION	1654	1423	32759	49269
SQUARE	423424	501
FOLD	1845	1998	1998	1537422	1537422	0	6967126
RAIL	96	160	50	1794
CORRELATION	1655	1423	32759	49269
SQUARE	423680	501
FOLD	1846	1999	1999	1538190	1538190	0	6969731
RAIL	96	161	50	1795
CORRELATION	1656	1423	32759	49269
SQUARE	423936	501
FOLD	1847	2000	2000	1538961	1538961	0	6974154
RAIL	35	221	50	1796
CORRELATION	1657	1427	32759	49269
SQUARE	424192	501
FOLD	1848	2001	2001	1539729	1539729	0	6976399
RAIL	35	222	50	1797
CORRELATION	1658	1427	32759	49269
SQUARE	424448	501
FOLD	1849	2002	2002	1540500	1540500	0	6978695
RAIL	95	161	50	1798
CORRELATION	1659	1427	32759	49269
SQUARE	424704	501
FOLD	1850	2003	2003	1541268	1541268	0	6981217
RAIL	95	162	50	1799
CORRELATION	1660	1427	32759	49269
SQUARE	424960	501
FOLD	1851	2004	2004	1542039	1542039	0	6984366
RAIL	36	220	50	1800
CORRELATION	1661	1427	32759	49269
SQUARE	425216	501
FOLD	1852	2005	2005	1542807	1542807	0	6987819
RAIL	36	221	50	1801
CORRELATION	1662	1429	32759	49269
SQUARE	425472	501
FOLD	1853	2006	2006	1543578	1543578	0	6989931
RAIL	94	162	50	1802
CORRELATION	1663	1429	32759	49269
SQUARE	425728	501
FOLD	1854	2007	2007	1544346	1544346	0	6992643
RAIL	94	163	50	1803
CORRELATION	1664	1431	32759	49269
SQUARE	425984	501
FOLD	1855	2008	2008	1545117	1545117	0	6995585
RAIL	37	219	50	1804
CORRELATION	1665	1431	32759	49269
SQUARE	426240	501
FOLD	1856	2009	2009	1545885	1545885	0	6999706
RAIL	37	220	50	1805
CORRELATION	1666	1433	32759	49269
SQUARE	426496	501
FOLD	1857	2010	2010	1546656	1546656	0	7003231
RAIL	93	163	50	1806
CORRELATION	1667	1435	32759	49269
SQUARE	426752	501
FOLD	1858	2011	2011	1547424	1547424	0	7005920
RAIL	93	164	50	1807
CORRELATION	1668	1435	32759	49269
SQUARE	427008	501
FOLD	1859	2012	2012	1548195	1548195	0	7008200
RAIL	38	218	50	1808
CORRELATION	1669	1436	32759	49269
SQUARE	427264	501
FOLD	1860	2013	2013	1548963	1548963	0	7012724
RAIL	38	219	50	1809
CORRELATION	1670	1438	32759	49269
SQUARE	427520	501
FOLD	1861	2014	2014	1549734	1549734	0	7015103
RAIL	92	164	50	1810
CORRELATION	1671	1438	32759	49269
SQUARE	427776	501
FOLD	1862	2015	2015	1550502	1550502	0	7018555
RAIL	92	165	50	1811
CORRELATION	1672	1441	32759	49269
SQUARE	428032	501
FOLD	1863	2016	2016	1551273	1551273	0	7020594
RAIL	39	217	50	1812
CORRELATION	1673	1441	32759	49269
SQUARE	428288	501
FOLD	1864	2017	2017	1552041	1552041	0	7022669
RAIL	39	218	50	1813
CORRELATION	1674	1441	32759	49269
SQUARE	428544	501
FOLD	1865	2018	2018	1552812	1552812	0	7025468
RAIL	91	165	50	1814
CORRELATION	1675	1442	32759	49269
SQUARE	428800	501
FOLD	1866	2019	2019	1553580	1553580	0	7027582
RAIL	91	166	50	1815
CORRELATION	1676	1442	32759	49269
SQUARE	429056	501
FOLD	1867	2020	2020	1554351	1554351	0	7030776
RAIL	40	216	50	1816
CORRELATION	1677	1442	32759	49269
SQUARE	429312	501
FOLD	1868	2021	2021	1555119	1555119	0	7035495
RAIL	40	217	50	1817
CORRELATION	1678	1445	32759	49269
SQUARE	429568	501
FOLD	1869	2022	2022	1555890	1555890	0	7040538
RAIL	90	166	50	1818
CORRELATION	1679	1447	32759	49269
SQUARE	429824	501
FOLD	1870	2023	2023	1556658	1556658	0	7043754
RAIL	90	167	50	1819
CORRELATION	1680	1448	32759	49269
SQUARE	430080	501
FOLD	1871	2024	2024	1557429	1557429	0	7046093
RAIL	41	215	50	1820
CORRELATION	1681	1448	32759	49269
SQUARE	430336	501
FOLD	1872	2025	2025	1558197	1558197	0	7048079
RAIL	41	216	50	1821
CORRELATION	1682	1448	32759	49269
SQUARE	430592	501
FOLD	1873	2026	2026	1558968	1558968	0	7050354
RAIL	89	167	50	1822
CORRELATION	1683	1449	32759	49269
SQUARE	430848	501
FOLD	1874	2027	2027	1559736	1559736	0	7053038
RAIL	89	168	50	1823
CORRELATION	1684	1452	32759	49269
SQUARE	431104	501
FOLD	1875	2028	2028	1560507	1560507	0	7055133
RAIL	42	214	50	1824
CORRELATION	1685	1452	32759	49269
SQUARE	431360	501
FOLD	1876	2029	2029	1561275	1561275	0	7057513
RAIL	42	215	50	1825
CORRELATION	1686	1454	32759	49269
SQUARE	431616	501
FOLD	1877	2030	2030	1562046	1562046	0	7059801
RAIL	88	168	50	1826
CORRELATION	1687	1454	32759	49269
SQUARE	431872	501
FOLD	1878	2031	2031	1562814	1562814	0	7062691
RAIL	88	169	50	1827
CORRELATION	1688	1454	32759	49269
SQUARE	432128	501
FOLD	1879	2032	2032	1563585	1563585	0	7067960
RAIL	43	213	50	1828
CORRELATION	1689	1458	32759	49269
SQUARE	432384	501
FOLD	1880	2033	2033	1564353	1564353	0	7070170
RAIL	43	214	50	1829
CORRELATION	1690	1458	32759	49269
SQUARE	432640	501
FOLD	1881	2034	2034	1565124	1565124	0	7073345
RAIL	87	169	50	1830
CORRELATION	1691	1458	32759	49269
SQUARE	432896	501
FOLD	1882	2035	2035	1565892	1565892	0	7076247
RAIL	87	170	50	1831
CORRELATION	1692	1458	32759	49269
SQUARE	433152	501
FOLD	1883	2036	2036	1566663	1566663	0	7079140
RAIL	44	212	50	1832
CORRELATION	1693	1458	32759	49269
SQUARE	433408	501
FOLD	1884	2037	2037	1567431	1567431	0	7083416
RAIL	44	213	50	1833
CORRELATION	1694	1461	32759	49269
SQUARE	433664	501
FOLD	1885	2038	2038	1568202	1568202	0	7086135
RAIL	86	170	50	1834
CORRELATION	1695	1463	32759	49269
SQUARE	433920	501
FOLD	1886	2039	2039	1568970	1568970	0	7088574
RAIL	86	171	50	1835
CORRELATION	1696	1464	32759	49269
SQUARE	434176	501
FOLD	1887	2040	2040	1569741	1569741	0	7091158
RAIL	45	211	50	1836
CORRELATION	1697	1464	32759	49269
SQUARE	434432	501
FOLD	1888	2041	2041	1570509	1570509	0	7093713
RAIL	45	212	50	1837
CORRELATION	1698	1464	32759	49269
SQUARE	434688	501
FOLD	1889	2042	2042	1571280	1571280	0	7096958
RAIL	85	171	50	1838
CORRELATION	1699	1464	32759	49269
SQUARE	434944	501
FOLD	1890	2043	2043	1572048	1572048	0	7101362
RAIL	85	172	50	1839
CORRELATION	1700	1467	32759	49269
SQUARE	435200	501
FOLD	1891	2044	2044	1572819	1572819	0	7104061
RAIL	46	210	50	1840
CORRELATION	1701	1467	32759	49269
SQUARE	435456	501
FOLD	1892	2045	2045	1573587	1573587	0	7112756
RAIL	46	211	50	1841
CORRELATION	1702	1471	32759	49269
SQUARE	435712	501
FOLD	1893	2046	2046	1574358	1574358	0	7116690
RAIL	84	172	50	1842
CORRELATION	1703	1471	32759	49269
SQUARE	435968	501
FOLD	1894	2047	2047	1575126	1575126	0	7120520
RAIL	84	173	50	1843
CORRELATION	1704	1471	32759	49269
SQUARE	436224	501
FOLD	1895	2048	2048	1575897	1575897	0	7122866
RAIL	47	209	50	1844
CORRELATION	1705	1471	32759	49269
SQUARE	436480	501
FOLD	1896	2049	2049	1576665	1576665	0	7128896
RAIL	47	210	50	1845
CORRELATION	1706	1473	32759	49269
SQUARE	436736	501
FOLD	1897	2050	2050	1577436	1577436	0	7133386
RAIL	83	173	50	1846
CORRELATION	1707	1475	32759	49269
SQUARE	436992	501
FOLD	1898	2051	2051	1578204	1578204	0	7135483
RAIL	83	174	50	1847
CORRELATION	1708	1475	32759	49269
SQUARE	437248	501
FOLD	1899	2052	2052	1578975	1578975	0	7139234
RAIL	48	208	50	1848
CORRELATION	1709	1477	32759	49269
SQUARE	437504	501
FOLD	1900	2053	2053	1579743	1579743	0	7141352
RAIL	48	209	50	1849
CORRELATION	1710	1477	32759	49269
SQUARE	437760	501
FOLD	1901	2054	2054	1580514	1580514	0	7143665
RAIL	82	174	50	1850
CORRELATION	1711	1477	32759	49269
SQUARE	438016	501
FOLD	1902	2055	2055	1581282	1581282	0	7146545
RAIL	82	175	50	1851
CORRELATION	1712	1478	32759	49269
SQUARE	438272	501
FOLD	1903	2056	2056	1582053	1582053	0	7150107
RAIL	49	207	50	1852
CORRELATION	1713	1480	32759	49269
SQUARE	438528	501
FOLD	1904	2057	2057	1582821	1582821	0	7155013
RAIL	49	208	50	1853
CORRELATION	1714	1480	32759	49269
SQUARE	438784	501
FOLD	1905	2058	2058	1583592	1583592	0	7163920
RAIL	81	175	50	1854
CORRELATION	1715	1484	32759	49269
SQUARE	439040	501
FOLD	1906	2059	2059	1584360	1584360	0	7166495
RAIL	81	176	50	1855
CORRELATION	1716	1484	32759	49269
SQUARE	439296	501
FOLD	1907	2060	2060	1585131	1585131	0	7168807
RAIL	50	206	50	1856
CORRELATION	1717	1484	32759	49269
SQUARE	439552	501
FOLD	1908	2061	2061	1585899	1585899	0	7170857
RAIL	50	207	50	1857
CORRELATION	1718	1484	32759	49269
SQUARE	439808	501
FOLD	1909	2062	2062	1586670	1586670	0	7172931
RAIL	80	176	50	1858
CORRELATION	1719	1484	32759	49269
SQUARE	440064	501
FOLD	1910	2063	2063	1587438	1587438	0	7175268
RAIL	80	177	50	1859
CORRELATION	1720	1484	32759	49269
SQUARE	440320	501
FOLD	1911	2064	2064	1588209	1588209	0	7177425
RAIL	51	205	50	1860
CORRELATION	1721	1484	32759	49269
SQUARE	440576	501
FOLD	1912	2065	2065	1588977	1588977	0	7179697
RAIL	51	206	50	1861
CORRELATION	1722	1484	32759	49269
SQUARE	440832	501
FOLD	1913	2066	2066	1589748	1589748	0	7181896
RAIL	79	177	50	1862
CORRELATION	1723	1484	32759	49269
SQUARE	441088	501
FOLD	1914	2067	2067	1590516	1590516	0	7185594
RAIL	79	178	50	1863
CORRELATION	1724	1484	32759	49269
SQUARE	441344	501
FOLD	1915	2068	2068	1591287	1591287	0	7188369
RAIL	52	204	50	1864
CORRELATION	1725	1484	32759	49269
SQUARE	441600	501
FOLD	1916	2069	2069	1592055	1592055	0	7191685
RAIL	52	205	50	1865
CORRELATION	1726	1485	32759	49269
SQUARE	441856	501
FOLD	1917	2070	2070	1592826	1592826	0	7194245
RAIL	78	178	50	1866
CORRELATION	1727	1487	32759	49269
SQUARE	442112	501
FOLD	1918	2071	2071	1593594	1593594	0	7196991
RAIL	78	179	50	1867
CORRELATION	1728	1487	32759	49269
SQUARE	442368	501
FOLD	1919	2072	2072	1594365	1594365	0	7199230
RAIL	53	203	50	1868
CORRELATION	1729	1487	32759	49269
SQUARE	442624	501
FOLD	1920	2073	2073	1595133	1595133	0	7201828
RAIL	53	204	50	1869
CORRELATION	1730	1487	32759	49269
SQUARE	442880	501
FOLD	1921	2074	2074	1595904	1595904	0	7203963
RAIL	77	179	50	1870
CORRELATION	1731	1487	32759	49269
SQUARE	443136	501
FOLD	1922	2075	2075	1596672	1596672	0	7207623
RAIL	77	180	50	1871
CORRELATION	1732	1489	32759	49269
SQUARE	443392	501
FOLD	1923	2076	2076	1597443	1597443	0	7209997
RAIL	54	202	50	1872
CORRELATION	1733	1491	32759	49269
SQUARE	443648	501
FOLD	1924	2077	2077	1598211	1598211	0	7212895
RAIL	54	203	50	1873
CORRELATION	1734	1492	32759	49269
SQUARE	443904	501
FOLD	1925	2078	2078	1598982	1598982	0	7215089
RAIL	76	180	50	1874
CORRELATION	1735	1493	32759	49269
SQUARE	444160	501
FOLD	1926	2079	2079	1599750	1599750	0	7217653
RAIL	76	181	50	1875
CORRELATION	1736	1495	32759	49269
SQUARE	444416	501
FOLD	1927	2080	2080	1600521	1600521	0	7219990
RAIL	55	201	50	1876
CORRELATION	1737	1495	32759	49269
SQUARE	444672	501
FOLD	1928	2081	2081	1601289	1601289	0	7222656
RAIL	55	202	50	1877
CORRELATION	1738	1495	32759	49269
SQUARE	444928	501
FOLD	1929	2082	2082	1602060	1602060	0	7224837
RAIL	75	181	50	1878
CORRELATION	1739	1495	32759	49269
SQUARE	445184	501
FOLD	1930	2083	2083	1602828	1602828	0	7229081
RAIL	75	182	50	1879
CORRELATION	1740	1497	32759	49269
SQUARE	445440	501
FOLD	1931	2084	2084	1603599	1603599	0	7231900
RAIL	56	200	50	1880
CORRELATION	1741	1499	32759	49269
SQUARE	445696	501
FOLD	1932	2085	2085	1604367	1604367	0	7234098
RAIL	56	201	50	1881
CORRELATION	1742	1499	32759	49269
SQUARE	445952	501
FOLD	1933	2086	2086	1605138	1605138	0	7236802
RAIL	74	182	50	1882
CORRELATION	1743	1502	32759	49269
SQUARE	446208	501
FOLD	1934	2087	2087	1605906	1605906	0	7239758
RAIL	74	183	50	1883
CORRELATION	1744	1502	32759	49269
SQUARE	446464	501
FOLD	1935	2088	2088	1606677	1606677	0	7242796
RAIL	57	199	50	1884
CORRELATION	1745	1505	32759	49269
SQUARE	446720	501
FOLD	1936	2089	2089	1607445	1607445	0	7244960
RAIL	57	200	50	1885
CORRELATION	1746	1505	32759	49269
SQUARE	446976	501
FOLD	1937	2090	2090	1608216	1608216	0	7248739
RAIL	73	183	50	1886
CORRELATION	1747	1506	32759	49269
SQUARE	447232	501
FOLD	1938	2091	2091	1608984	1608984	0	7250915
RAIL	73	184	50	1887
CORRELATION	1748	1506	32759	49269
SQUARE	447488	501
FOLD	1939	2092	2092	1609755	1609755	0	7253008
RAIL	58	198	50	1888
CORRELATION	1749	1506	32759	49269
SQUARE	447744	501
FOLD	1940	2093	2093	1610523	1610523	0	7263056
RAIL	58	199	50	1889
CORRELATION	1750	1508	32759	49269
SQUARE	448000	501
FOLD	1941	2094	2094	1611294	1611294	0	7273347
RAIL	72	184	50	1890
CORRELATION	1751	1511	32759	49269
SQUARE	448256	501
FOLD	1942	2095	2095	1612062	1612062	0	7276024
RAIL	72	185	50	1891
CORRELATION	1752	1511	32759	49269
SQUARE	448512	501
FOLD	1943	2096	2096	1612833	1612833	0	7278936
RAIL	59	197	50	1892
CORRELATION	1753	1513	32759	49269
SQUARE	448768	501
FOLD	1944	2097	2097	1613601	1613601	0	7280961
RAIL	59	198	50	1893
CORRELATION	1754	1513	32759	49269
SQUARE	449024	501
FOLD	1945	2098	2098	1614372	1614372	0	7283148
RAIL	71	185	50	1894
CORRELATION	1755	1513	32759	49269
SQUARE	449280	501
FOLD	1946	2099	2099	1615140	1615140	0	7285311
RAIL	71	186	50	1895
CORRELATION	1756	1515	32759	49269
SQUARE	449536	501
FOLD	1947	2100	2100	1615911	1615911	0	7290434
RAIL	60	196	50	1896
CORRELATION	1757	1518	32759	49269
SQUARE	449792	501
FOLD	1948	2101	2101	1616679	1616679	0	7292566
RAIL	60	197	50	1897
CORRELATION	1758	1518	32759	49269
SQUARE	450048	501
FOLD	1949	2102	2102	1617450	1617450	0	7294965
RAIL	70	186	50	1898
CORRELATION	1759	1518	32759	49269
SQUARE	450304	501
FOLD	1950	2103	2103	1618218	1618218	0	7297039
RAIL	70	187	50	1899
CORRELATION	1760	1518	32759	49269
SQUARE	450560	501
FOLD	1951	2104	2104	1618989	1618989	0	7299870
RAIL	61	195	50	1900
CORRELATION	1761	1520	32759	49269
SQUARE	450816	501
FOLD	1952	2105	2105	1619757	1619757	0	7302799
RAIL	61	196	50	1901
CORRELATION	1762	1522	32759	49269
SQUARE	451072	501
FOLD	1953	2106	2106	1620528	1620528	0	7304967
RAIL	69	187	50	1902
CORRELATION	1763	1523	32759	49269
SQUARE	451328	501
FOLD	1954	2107	2107	1621296	1621296	0	7308474
RAIL	69	188	50	1903
CORRELATION	1764	1523	32759	49269
SQUARE	451584	501
FOLD	1955	2108	2108	1622067	1622067	0	7313007
RAIL	62	194	50	1904
CORRELATION	1765	1524	32759	49269
SQUARE	451840	501
FOLD	1956	2109	2109	1622835	1622835	0	7325721
RAIL	62	195	50	1905
CORRELATION	1766	1526	32759	49269
SQUARE	452096	501
FOLD	1957	2110	2110	1623606	1623606	0	7331464
RAIL	68	188	50	1906
CORRELATION	1767	1527	32759	49269
SQUARE	452352	501
FOLD	1958	2111	2111	1624374	1624374	0	7337253
RAIL	68	189	50	1907
CORRELATION	1768	1529	32759	49269
SQUARE	452608	501
FOLD	1959	2112	2112	1625145	1625145	0	7341121
RAIL	63	193	50	1908
CORRELATION	1769	1529	32759	49269
SQUARE	452864	501
FOLD	1960	2113	2113	1625913	1625913	0	7345530
RAIL	63	194	50	1909
CORRELATION	1770	1529	32759	49269
SQUARE	453120	501
FOLD	1961	2114	2114	1626684	1626684	0	7349210
RAIL	67	189	50	1910
CORRELATION	1771	1529	32759	49269
SQUARE	453376	501
FOLD	1962	2115	2115	1627452	1627452	0	7352876
RAIL	67	190	50	1911
CORRELATION	1772	1529	32759	49269
SQUARE	453632	501
FOLD	1963	2116	2116	1628223	1628223	0	7356694
RAIL	64	192	50	1912
CORRELATION	1773	1531	32759	49269
SQUARE	453888	501
FOLD	1964	2117	2117	1628991	1628991	0	7361694
RAIL	64	193	50	1913
CORRELATION	1774	1534	32759	49269
SQUARE	454144	501
FOLD	1965	2118	2118	1629762	1629762	0	7365471
RAIL	66	190	50	1914
CORRELATION	1775	1534	32759	49269
SQUARE	454400	501
FOLD	1966	2119	2119	1630530	1630530	0	7369190
RAIL	66	191	50	1915
CORRELATION	1776	1534	32759	49269
SQUARE	454656	501
FOLD	1967	2120	2120	1631301	1631301	0	7373020
RAIL	65	191	50	1916
CORRELATION	1777	1536	32759	49269
SQUARE	454912	501
FOLD	1968	2121	2121	1632069	1632069	0	7377871
RAIL	65	192	50	1917
CORRELATION	1778	1536	32759	49269
SQUARE	455168	501
FOLD	1969	2122	2122	1632840	1632840	0	7395930
RAIL	128	128	50	1918
CORRELATION	1781	1540	32759	49269
SQUARE	455936	501
FOLD	1970	2123	2123	1633608	1633608	0	7399571
RAIL	128	129	50	1919
CORRELATION	1782	1540	32759	49269
SQUARE	456192	501
FOLD	1971	2124	2124	1634379	1634379	0	7414749
RAIL	127	129	50	1920
CORRELATION	1785	1544	32759	49269
SQUARE	456960	501
FOLD	1972	2125	2125	1635147	1635147	0	7418470
RAIL	127	130	50	1921
CORRELATION	1786	1544	32759	49269
SQUARE	457216	501
FOLD	1973	2126	2126	1635918	1635918	0	7428533
RAIL	126	130	50	1922
CORRELATION	1789	1549	32759	49269
SQUARE	457984	501
FOLD	1974	2127	2127	1636686	1636686	0	7432292
RAIL	126	131	50	1923
CORRELATION	1790	1549	32759	49269
SQUARE	458240	501
FOLD	1975	2128	2128	1637457	1637457	0	7451386
RAIL	125	131	50	1924
CORRELATION	1793	1554	32759	49269
SQUARE	459008	501
FOLD	1976	2129	2129	1638225	1638225	0	7455805
RAIL	125	132	50	1925
CORRELATION	1794	1554	32759	49269
SQUARE	459264	501
FOLD	1977	2130	2130	1638996	1638996	0	7465807
RAIL	124	132	50	1926
CORRELATION	1797	1554	32759	49269
SQUARE	460032	501
FOLD	1978	2131	2131	1639764	1639764	0	7469086
RAIL	124	133	50	1927
CORRELATION	1798	1557	32759	49269
SQUARE	460288	501
FOLD	1979	2132	2132	1640535	1640535	0	7473103
RAIL	7	249	50	1928
CORRELATION	1799	1557	32759	49269
SQUARE	460544	501
FOLD	1980	2133	2133	1641303	1641303	0	7480149
RAIL	123	133	50	1929
CORRELATION	1801	1559	32759	49269
SQUARE	461056	501
FOLD	1981	2134	2134	1642071	1642071	0	7485008
RAIL	123	134	50	1930
CORRELATION	1802	1559	32759	49269
SQUARE	461312	501
FOLD	1982	2135	2135	1642842	1642842	0	7491150
RAIL	8	248	50	1931
CORRELATION	1803	1563	32759	49269
SQUARE	461568	501
FOLD	1985	2136	2136	1643613	1643613	0	7503643
RAIL	9	247	51	1933
CORRELATION	1807	1565	32759	49269
SQUARE	462592	501
FOLD	1990	2137	2137	1644381	1644381	0	7516726
RAIL	10	247	53	1936
CORRELATION	1812	1569	32759	49269
SQUARE	463872	501
FOLD	1991	2138	2138	1645152	1645152	0	7522734
RAIL	120	136	53	1937
CORRELATION	1813	1574	32759	49269
SQUARE	464128	501
FOLD	1992	2139	2139	1645920	1645920	0	7525276
RAIL	120	137	53	1938
CORRELATION	1814	1574	32759	49269
SQUARE	464384	501
FOLD	1993	2140	2140	1646691	1646691	0	7527796
RAIL	11	245	53	1939
CORRELATION	1815	1575	32759	49269
SQUARE	464640	501
FOLD	2002	2141	2141	1647459	1647459	0	7553826
RAIL	13	244	57	1944
CORRELATION	1824	1584	32759	49269
SQUARE	466944	501
FOLD	2003	2142	2142	1648230	1648230	0	7556213
RAIL	117	139	57	1945
CORRELATION	1825	1584	32759	49269
SQUARE	467200	501
FOLD	2004	2143	2143	1648998	1648998	0	7558688
RAIL	117	140	57	1946
CORRELATION	1826	1584	32759	49269
SQUARE	467456	501
FOLD	2005	2144	2144	1649769	1649769	0	7561248
RAIL	14	242	57	1947
CORRELATION	1827	1585	32759	49269
SQUARE	467712	501
FOLD	2006	2145	2145	1650537	1650537	0	7566022
RAIL	14	243	57	1948
CORRELATION	1828	1588	32759	49269
SQUARE	467968	501
FOLD	2009	2146	2146	1651305	1651305	0	7573234
RAIL	15	241	58	1950
CORRELATION	1831	1591	32759	49269
SQUARE	468736	501
FOLD	2010	2147	2147	1652073	1652073	0	7575911
RAIL	15	242	58	1951
CORRELATION	1832	1592	32759	49269
SQUARE	468992	501
FOLD	2013	2148	2148	1652841	1652841	0	7583800
RAIL	16	240	59	1953
CORRELATION	1835	1595	32759	49269
SQUARE	469760	501
FOLD	2014	2149	2149	1653609	1653609	0	7586195
RAIL	16	241	59	1954
CORRELATION	1836	1595	32759	49269
SQUARE	470016	501
FOLD	2015	2150	2150	1654380	1654380	0	7588561
RAIL	114	142	59	1955
CORRELATION	1837	1595	32759	49269
SQUARE	470272	501
FOLD	2016	2151	2151	1655148	1655148	0	7591561
RAIL	114	143	59	1956
CORRELATION	1838	1596	32759	49269
SQUARE	470528	501
FOLD	2017	2152	2152	1655919	1655919	0	7595860
RAIL	17	239	59	1957
CORRELATION	1839	1597	32759	49269
SQUARE	470784	501
FOLD	2018	2153	2153	1656687	1656687	0	7598530
RAIL	17	240	59	1958
CORRELATION	1840	1598	32759	49269
SQUARE	471040	501
FOLD	2019	2154	2154	1657458	1657458	0	7602761
RAIL	113	143	59	1959
CORRELATION	1841	1600	32759	49269
SQUARE	471296	501
FOLD	2020	2155	2155	1658226	1658226	0	7605491
RAIL	113	144	59	1960
CORRELATION	1842	1600	32759	49269
SQUARE	471552	501
FOLD	2021	2156	2156	1658997	1658997	0	7607987
RAIL	18	238	59	1961
CORRELATION	1843	1600	32759	49269
SQUARE	471808	501
FOLD	2022	2157	2157	1659765	1659765	0	7611706
RAIL	18	239	59	1962
CORRELATION	1844	1603	32759	49269
SQUARE	472064	501
FOLD	2023	2158	2158	1660536	1660536	0	7614806
RAIL	112	144	59	1963
CORRELATION	1845	1603	32759	49269
SQUARE	472320	501
FOLD	2024	2159	2159	1661304	1661304	0	7617897
RAIL	112	145	59	1964
CORRELATION	1846	1605	32759	49269
SQUARE	472576	501
FOLD	2025	2160	2160	1662075	1662075	0	7620853
RAIL	19	237	59	1965
CORRELATION	1847	1607	32759	49269
SQUARE	472832	501
FOLD	2026	2161	2161	1662843	1662843	0	7623382
RAIL	19	238	59	1966
CORRELATION	1848	1607	32759	49269
SQUARE	473088	501
FOLD	2027	2162	2162	1663614	1663614	0	7626524
RAIL	111	145	59	1967
CORRELATION	1849	1607	32759	49269
SQUARE	473344	501
FOLD	2028	2163	2163	1664382	1664382	0	7629996
RAIL	111	146	59	1968
CORRELATION	1850	1608	32759	49269
SQUARE	473600	501
FOLD	2029	2164	2164	1665153	1665153	0	7632669
RAIL	20	236	59	1969
CORRELATION	1851	1610	32759	49269
SQUARE	473856	501
FOLD	2030	2165	2165	1665921	1665921	0	7635051
RAIL	20	237	59	1970
CORRELATION	1852	1610	32759	49269
SQUARE	474112	501
FOLD	2031	2166	2166	1666692	1666692	0	7637427
RAIL	110	146	59	1971
CORRELATION	1853	1613	32759	49269
SQUARE	474368	501
FOLD	2032	2167	2167	1667460	1667460	0	7639628
RAIL	110	147	59	1972
CORRELATION	1854	1613	32759	49269
SQUARE	474624	501
FOLD	2033	2168	2168	1668231	1668231	0	7643202
RAIL	21	235	59	1973
CORRELATION	1855	1614	32759	49269
SQUARE	474880	501
FOLD	2034	2169	2169	1668999	1668999	0	7648412
RAIL	21	236	59	1974
CORRELATION	1856	1616	32759	49269
SQUARE	475136	501
FOLD	2035	2170	2170	1669770	1669770	0	7651026
RAIL	109	147	59	1975
CORRELATION	1857	1616	32759	49269
SQUARE	475392	501
FOLD	2036	2171	2171	1670538	1670538	0	7653989
RAIL	109	148	59	1976
CORRELATION	1858	1619	32759	49269
SQUARE	475648	501
FOLD	2037	2172	2172	1671309	1671309	0	7656439
RAIL	22	234	59	1977
CORRELATION	1859	1619	32759	49269
SQUARE	475904	501
FOLD	2038	2173	2173	1672077	1672077	0	7659028
RAIL	22	235	59	1978
CORRELATION	1860	1619	32759	49269
SQUARE	476160	501
FOLD	2039	2174	2174	1672848	1672848	0	7661286
RAIL	108	148	59	1979
CORRELATION	1861	1619	32759	49269
SQUARE	476416	501
FOLD	2040	2175	2175	1673616	1673616	0	7663703
RAIL	108	149	59	1980
CORRELATION	1862	1619	32759	49269
SQUARE	476672	501
FOLD	2041	2176	2176	1674387	1674387	0	7668746
RAIL	23	233	59	1981
CORRELATION	1863	1623	32759	49269
SQUARE	476928	501
FOLD	2042	2177	2177	1675155	1675155	0	7671112
RAIL	23	234	59	1982
CORRELATION	1864	1623	32759	49269
SQUARE	477184	501
FOLD	2043	2178	2178	1675926	1675926	0	7673619
RAIL	107	149	59	1983
CORRELATION	1865	1625	32759	49269
SQUARE	477440	501
FOLD	2044	2179	2179	1676694	1676694	0	7675876
RAIL	107	150	59	1984
CORRELATION	1866	1625	32759	49269
SQUARE	477696	501
FOLD	2045	2180	2180	1677465	1677465	0	7678284
RAIL	24	232	59	1985
CORRELATION	1867	1625	32759	49269
SQUARE	477952	501
FOLD	2046	2181	2181	1678233	1678233	0	7681586
RAIL	24	233	59	1986
CORRELATION	1868	1628	32759	49269
SQUARE	478208	501
FOLD	2047	2182	2182	1679004	1679004	0	7685271
RAIL	106	150	59	1987
CORRELATION	1869	1630	32759	49269
SQUARE	478464	501
FOLD	2048	2183	2183	1679772	1679772	0	7687955
RAIL	106	151	59	1988
CORRELATION	1870	1630	32759	49269
SQUARE	478720	501
FOLD	2049	2184	2184	1680543	1680543	0	7690253
RAIL	25	231	59	1989
CORRELATION	1871	1630	32759	49269
SQUARE	478976	501
FOLD	2050	2185	2185	1681311	1681311	0	7692709
RAIL	25	232	59	1990
CORRELATION	1872	1632	32759	49269
SQUARE	479232	501
FOLD	2051	2186	2186	1682082	1682082	0	7695645
RAIL	105	151	59	1991
CORRELATION	1873	1634	32759	49269
SQUARE	479488	501
FOLD	2052	2187	2187	1682850	1682850	0	7697811
RAIL	105	152	59	1992
CORRELATION	1874	1634	32759	49269
SQUARE	479744	501
FOLD	2053	2188	2188	1683621	1683621	0	7700050
RAIL	26	230	59	1993
CORRELATION	1875	1634	32759	49269
SQUARE	480000	501
FOLD	2054	2189	2189	1684389	1684389	0	7702292
RAIL	26	231	59	1994
CORRELATION	1876	1634	32759	49269
SQUARE	480256	501
FOLD	2055	2190	2190	1685160	1685160	0	7704613
RAIL	104	152	59	1995
CORRELATION	1877	1635	32759	49269
SQUARE	480512	501
FOLD	2056	2191	2191	1685928	1685928	0	7708312
RAIL	104	153	59	1996
CORRELATION	1878	1640	32759	49269
SQUARE	480768	501
FOLD	2057	2192	2192	1686699	1686699	0	7710750
RAIL	27	229	59	1997
CORRELATION	1879	1640	32759	49269
SQUARE	481024	501
FOLD	2058	2193	2193	1687467	1687467	0	7713007
RAIL	27	230	59	1998
CORRELATION	1880	1640	32759	49269
SQUARE	481280	501
FOLD	2059	2194	2194	1688238	1688238	0	7715920
RAIL	103	153	59	1999
CORRELATION	1881	1640	32759	49269
SQUARE	481536	501
FOLD	2060	2195	2195	1689006	1689006	0	7718025
RAIL	103	154	59	2000
CORRELATION	1882	1640	32759	49269
SQUARE	481792	501
FOLD	2061	2196	2196	1689777	1689777	0	7720294
RAIL	28	228	59	2001
CORRELATION	1883	1641	32759	49269
SQUARE	482048	501
FOLD	2062	2197	2197	1690545	1690545	0	7723257
RAIL	28	229	59	2002
CORRELATION	1884	1644	32759	49269
SQUARE	482304	501
FOLD	2063	2198	2198	1691316	1691316	0	7725440
RAIL	102	154	59	2003
CORRELATION	1885	1644	32759	49269
SQUARE	482560	501
FOLD	2064	2199	2199	1692084	1692084	0	7728143
RAIL	102	155	59	2004
CORRELATION	1886	1646	32759	49269
SQUARE	482816	501
FOLD	2065	2200	2200	1692855	1692855	0	7730579
RAIL	29	227	59	2005
CORRELATION	1887	1646	32759	49269
SQUARE	483072	501
FOLD	2066	2201	2201	1693623	1693623	0	7732731
RAIL	29	228	59	2006
CORRELATION	1888	1646	32759	49269
SQUARE	483328	501
FOLD	2067	2202	2202	1694394	1694394	0	7737213
RAIL	101	155	59	2007
CORRELATION	1889	1650	32759	49269
SQUARE	483584	501
FOLD	2068	2203	2203	1695162	1695162	0	7739983
RAIL	101	156	59	2008
CORRELATION	1890	1650	32759	49269
SQUARE	483840	501
FOLD	2069	2204	2204	1695933	1695933	0	7742327
RAIL	30	226	59	2009
CORRELATION	1891	1650	32759	49269
SQUARE	484096	501
FOLD	2070	2205	2205	1696701	1696701	0	7744815
RAIL	30	227	59	2010
CORRELATION	1892	1651	32759	49269
SQUARE	484352	501
FOLD	2071	2206	2206	1697472	1697472	0	7747990
RAIL	100	156	59	2011
CORRELATION	1893	1654	32759	49269
SQUARE	484608	501
FOLD	2072	2207	2207	1698240	1698240	0	7750115
RAIL	100	157	59	2012
CORRELATION	1894	1654	32759	49269
SQUARE	484864	501
FOLD	2073	2208	2208	1699011	1699011	0	7752750
RAIL	31	225	59	2013
CORRELATION	1895	1657	32759	49269
SQUARE	485120	501
FOLD	2074	2209	2209	1699779	1699779	0	7754971
RAIL	31	226	59	2014
CORRELATION	1896	1657	32759	49269
SQUARE	485376	501
FOLD	2075	2210	2210	1700550	1700550	0	7757502
RAIL	99	157	59	2015
CORRELATION	1897	1657	32759	49269
SQUARE	485632	501
FOLD	2076	2211	2211	1701318	1701318	0	7760079
RAIL	99	158	59	2016
CORRELATION	1898	1657	32759	49269
SQUARE	485888	501
FOLD	2077	2212	2212	1702089	1702089	0	7763088
RAIL	32	224	59	2017
CORRELATION	1899	1660	32759	49269
SQUARE	486144	501
FOLD	2078	2213	2213	1702857	1702857	0	7765172
RAIL	32	225	59	2018
CORRELATION	1900	1660	32759	49269
SQUARE	486400	501
FOLD	2079	2214	2214	1703628	1703628	0	7767231
RAIL	98	158	59	2019
CORRELATION	1901	1660	32759	49269
SQUARE	486656	501
FOLD	2080	2215	2215	1704396	1704396	0	7769492
RAIL	98	159	59	2020
CORRELATION	1902	1660	32759	49269
SQUARE	486912	501
FOLD	2081	2216	2216	1705167	1705167	0	7773790
RAIL	33	223	59	2021
CORRELATION	1903	1663	32759	49269
SQUARE	487168	501
FOLD	2082	2217	2217	1705935	1705935	0	7780369
RAIL	33	224	59	2022
CORRELATION	1904	1666	32759	49269
SQUARE	487424	501
FOLD	2083	2218	2218	1706706	1706706	0	7784524
RAIL	97	159	59	2023
CORRELATION	1905	1666	32759	49269
SQUARE	487680	501
FOLD	2084	2219	2219	1707474	1707474	0	7788457
RAIL	97	160	59	2024
CORRELATION	1906	1666	32759	49269
SQUARE	487936	501
FOLD	2085	2220	2220	1708245	1708245	0	7791387
RAIL	34	222	59	2025
CORRELATION	1907	1667	32759	49269
SQUARE	488192	501
FOLD	2086	2221	2221	1709013	1709013	0	7795805
RAIL	34	223	59	2026
CORRELATION	1908	1670	32759	49269
SQUARE	488448	501
FOLD	2087	2222	2222	1709784	1709784	0	7797834
RAIL	96	160	59	2027
CORRELATION	1909	1670	32759	49269
SQUARE	488704	501
FOLD	2088	2223	2223	1710552	1710552	0	7799992
RAIL	96	161	59	2028
CORRELATION	1910	1670	32759	49269
SQUARE	488960	501
FOLD	2089	2224	2224	1711323	1711323	0	7802225
RAIL	35	221	59	2029
CORRELATION	1911	1670	32759	49269
SQUARE	489216	501
FOLD	2090	2225	2225	1712091	1712091	0	7805515
RAIL	35	222	59	2030
CORRELATION	1912	1671	32759	49269
SQUARE	489472	501
FOLD	2091	2226	2226	1712862	1712862	0	7807723
RAIL	95	161	59	2031
CORRELATION	1913	1671	32759	49269
SQUARE	489728	501
FOLD	2092	2227	2227	1713630	1713630	0	7809974
RAIL	95	162	59	2032
CORRELATION	1914	1671	32759	49269
SQUARE	489984	501
FOLD	2093	2228	2228	1714401	1714401	0	7813656
RAIL	36	220	59	2033
CORRELATION	1915	1675	32759	49269
SQUARE	490240	501
FOLD	2094	2229	2229	1715169	1715169	0	7815843
RAIL	36	221	59	2034
CORRELATION	1916	1675	32759	49269
SQUARE	490496	501
FOLD	2095	2230	2230	1715940	1715940	0	7818018
RAIL	94	162	59	2035
CORRELATION	1917	1675	32759	49269
SQUARE	490752	501
FOLD	2096	2231	2231	1716708	1716708	0	7820412
RAIL	94	163	59	2036
CORRELATION	1918	1675	32759	49269
SQUARE	491008	501
FOLD	2097	2232	2232	1717479	1717479	0	7824339
RAIL	37	219	59	2037
CORRELATION	1919	1675	32759	49269
SQUARE	491264	501
FOLD	2098	2233	2233	1718247	1718247	0	7827646
RAIL	37	220	59	2038
CORRELATION	1920	1677	32759	49269
SQUARE	491520	501
FOLD	2099	2234	2234	1719018	1719018	0	7829981
RAIL	93	163	59	2039
CORRELATION	1921	1677	32759	49269
SQUARE	491776	501
FOLD	2100	2235	2235	1719786	1719786	0	7832098
RAIL	93	164	59	2040
CORRELATION	1922	1677	32759	49269
SQUARE	492032	501
FOLD	2101	2236	2236	1720557	1720557	0	7834451
RAIL	38	218	59	2041
CORRELATION	1923	1679	32759	49269
SQUARE	492288	501
FOLD	2102	2237	2237	1721325	1721325	0	7836729
RAIL	38	219	59	2042
CORRELATION	1924	1679	32759	49269
SQUARE	492544	501
FOLD	2103	2238	2238	1722096	1722096	0	7839838
RAIL	92	164	59	2043
CORRELATION	1925	1682	32759	49269
SQUARE	492800	501
FOLD	2104	2239	2239	1722864	1722864	0	7841935
RAIL	92	165	59	2044
CORRELATION	1926	1682	32759	49269
SQUARE	493056	501
FOLD	2105	2240	2240	1723635	1723635	0	7844168
RAIL	39	217	59	2045
CORRELATION	1927	1684	32759	49269
SQUARE	493312	501
FOLD	2106	2241	2241	1724403	1724403	0	7846633
RAIL	39	218	59	2046
CORRELATION	1928	1685	32759	49269
SQUARE	493568	501
FOLD	2107	2242	2242	1725174	1725174	0	7856585
RAIL	91	165	59	2047
CORRELATION	1929	1687	32759	49269
SQUARE	493824	501
FOLD	2108	2243	2243	1725942	1725942	0	7860421
RAIL	91	166	59	2048
CORRELATION	1930	1687	32759	49269
SQUARE	494080	501
FOLD	2109	2244	2244	1726713	1726713	0	7865917
RAIL	40	216	59	2049
CORRELATION	1931	1689	32759	49269
SQUARE	494336	501
FOLD	2110	2245	2245	1727481	1727481	0	7868763
RAIL	40	217	59	2050
CORRELATION	1932	1689	32759	49269
SQUARE	494592	501
FOLD	2111	2246	2246	1728252	1728252	0	7875532
RAIL	90	166	59	2051
CORRELATION	1933	1691	32759	49269
SQUARE	494848	501
FOLD	2112	2247	2247	1729020	1729020	0	7883262
RAIL	90	167	59	2052
CORRELATION	1934	1693	32759	49269
SQUARE	495104	501
FOLD	2113	2248	2248	1729791	1729791	0	7890256
RAIL	41	215	59	2053
CORRELATION	1935	1693	32759	49269
SQUARE	495360	501
FOLD	2114	2249	2249	1730559	1730559	0	7893898
RAIL	41	216	59	2054
CORRELATION	1936	1693	32759	49269
SQUARE	495616	501
FOLD	2115	2250	2250	1731330	1731330	0	7897021
RAIL	89	167	59	2055
CORRELATION	1937	1695	32759	49269
SQUARE	495872	501
FOLD	2116	2251	2251	1732098	1732098	0	7899400
RAIL	89	168	59	2056
CORRELATION	1938	1695	32759	49269
SQUARE	496128	501
FOLD	2117	2252	2252	1732869	1732869	0	7901832
RAIL	42	214	59	2057
CORRELATION	1939	1695	32759	49269
SQUARE	496384	501
FOLD	2118	2253	2253	1733637	1733637	0	7904134
RAIL	42	215	59	2058
CORRELATION	1940	1695	32759	49269
SQUARE	496640	501
FOLD	2119	2254	2254	1734408	1734408	0	7906862
RAIL	88	168	59	2059
CORRELATION	1941	1695	32759	49269
SQUARE	496896	501
FOLD	2120	2255	2255	1735176	1735176	0	7919852
RAIL	88	169	59	2060
CORRELATION	1942	1698	32759	49269
SQUARE	497152	501
FOLD	2121	2256	2256	1735947	1735947	0	7922760
RAIL	43	213	59	2061
CORRELATION	1943	1698	32759	49269
SQUARE	497408	501
FOLD	2122	2257	2257	1736715	1736715	0	7933556
RAIL	43	214	59	2062
CORRELATION	1944	1703	32759	49269
SQUARE	497664	501
FOLD	2123	2258	2258	1737486	1737486	0	7935842
RAIL	87	169	59	2063
CORRELATION	1945	1703	32759	49269
SQUARE	497920	501
FOLD	2124	2259	2259	1738254	1738254	0	7938515
RAIL	87	170	59	2064
CORRELATION	1946	1703	32759	49269
SQUARE	498176	501
FOLD	2125	2260	2260	1739025	1739025	0	7940969
RAIL	44	212	59	2065
CORRELATION	1947	1704	32759	49269
SQUARE	498432	501
FOLD	2126	2261	2261	1739793	1739793	0	7943222
RAIL	44	213	59	2066
CORRELATION	1948	1704	32759	49269
SQUARE	498688	501
FOLD	2127	2262	2262	1740564	1740564	0	7945546
RAIL	86	170	59	2067
CORRELATION	1949	1704	32759	49269
SQUARE	498944	501
FOLD	2128	2263	2263	1741332	1741332	0	7948857
RAIL	86	171	59	2068
CORRELATION	1950	1705	32759	49269
SQUARE	499200	501
FOLD	2129	2264	2264	1742103	1742103	0	7952380
RAIL	45	211	59	2069
CORRELATION	1951	1709	32759	49269
SQUARE	499456	501
FOLD	2130	2265	2265	1742871	1742871	0	7954735
RAIL	45	212	59	2070
CORRELATION	1952	1709	32759	49269
SQUARE	499712	501
FOLD	2131	2266	2266	1743642	1743642	0	7957005
RAIL	85	171	59	2071
CORRELATION	1953	1710	32759	49269
SQUARE	499968	501
FOLD	2132	2267	2267	1744410	1744410	0	7959231
RAIL	85	172	59	2072
CORRELATION	1954	1710	32759	49269
SQUARE	500224	501
FOLD	2133	2268	2268	1745181	1745181	0	7961914
RAIL	46	210	59	2073
CORRELATION	1955	1710	32759	49269
SQUARE	500480	501
FOLD	2134	2269	2269	1745949	1745949	0	7964951
RAIL	46	211	59	2074
CORRELATION	1956	1712	32759	49269
SQUARE	500736	501
FOLD	2135	2270	2270	1746720	1746720	0	7967221
RAIL	84	172	59	2075
CORRELATION	1957	1712	32759	49269
SQUARE	500992	501
FOLD	2136	2271	2271	1747488	1747488	0	7976201
RAIL	84	173	59	2076
CORRELATION	1958	1714	32759	49269
SQUARE	501248	501
FOLD	2137	2272	2272	1748259	1748259	0	7987111
RAIL	47	209	59	2077
CORRELATION	1959	1718	32759	49269
SQUARE	501504	501
FOLD	2138	2273	2273	1749027	1749027	0	7989280
RAIL	47	210	59	2078
CORRELATION	1960	1718	32759	49269
SQUARE	501760	501
FOLD	2139	2274	2274	1749798	1749798	0	7991449
RAIL	83	173	59	2079
CORRELATION	1961	1718	32759	49269
SQUARE	502016	501
FOLD	2140	2275	2275	1750566	1750566	0	7993566
RAIL	83	174	59	2080
CORRELATION	1962	1718	32759	49269
SQUARE	502272	501
FOLD	2141	2276	2276	1751337	1751337	0	7995973
RAIL	48	208	59	2081
CORRELATION	1963	1718	32759	49269
SQUARE	502528	501
FOLD	2142	2277	2277	1752105	1752105	0	7998389
RAIL	48	209	59	2082
CORRELATION	1964	1720	32759	49269
SQUARE	502784	501
FOLD	2143	2278	2278	1752876	1752876	0	8000536
RAIL	82	174	59	2083
CORRELATION	1965	1720	32759	49269
SQUARE	503040	501
FOLD	2144	2279	2279	1753644	1753644	0	8003568
RAIL	82	175	59	2084
CORRELATION	1966	1724	32759	49269
SQUARE	503296	501
