INPUT	7357596934907498634558819676367818051836782135404595204907685662330714424331419860496399136658868373793518334577075437069375021831700953580766486591844607	512	265	2564
FRAME	1	0	1	1	43
FOLD	1	1	1	1536	1536	0	142
RAIL	2	510	0	0
CORRELATION	0	0	0	0
SQUARE	0	0
FOLD	2	1	1	1539	1539	0	213
RAIL	2	511	1	0
CORRELATION	0	0	0	0
SQUARE	0	0
FOLD	4	3	3	4611	4611	0	3386
RAIL	256	257	2	1
CORRELATION	0	0	0	0
SQUARE	0	0
FOLD	5	5	5	7686	7686	0	6783
RAIL	3	509	2	2
CORRELATION	0	0	0	0
SQUARE	0	0
FOLD	6	7	7	10761	10761	0	10149
RAIL	3	510	2	3
CORRELATION	0	0	0	0
SQUARE	0	0
FOLD	8	9	9	13833	13833	0	12848
RAIL	255	258	3	4
CORRELATION	0	0	0	0
SQUARE	0	0
FOLD	9	11	11	16908	16908	0	15657
RAIL	4	508	3	5
CORRELATION	0	0	0	0
SQUARE	0	0
FOLD	10	13	13	19983	19983	0	18953
RAIL	4	509	3	6
CORRELATION	0	0	0	0
SQUARE	0	0
FOLD	12	15	15	23055	23055	0	21746
RAIL	254	259	4	7
CORRELATION	0	0	0	0
SQUARE	0	0
FOLD	13	17	17	26130	26130	0	24285
RAIL	5	507	4	8
CORRELATION	0	0	0	0
SQUARE	0	0
FOLD	14	19	19	29205	29205	0	27091
RAIL	5	508	4	9
CORRELATION	0	0	0	0
SQUARE	0	0
FOLD	16	21	21	32277	32277	0	30486
RAIL	253	260	5	10
CORRELATION	0	0	0	0
SQUARE	0	0
FOLD	17	23	23	35352	35352	0	32872
RAIL	6	506	5	11
CORRELATION	0	0	0	0
SQUARE	0	0
FOLD	18	25	25	38427	38427	0	35352
RAIL	6	507	5	12
CORRELATION	0	0	0	0
SQUARE	0	0
FOLD	20	27	27	41499	41499	0	38142
RAIL	252	261	6	13
CORRELATION	0	0	0	0
SQUARE	0	0
FOLD	21	29	29	44574	44574	0	40506
RAIL	7	505	6	14
CORRELATION	0	0	0	0
SQUARE	0	0
FOLD	22	31	31	47649	47649	0	43192
RAIL	7	506	6	15
CORRELATION	0	0	0	0
SQUARE	0	0
FOLD	23	33	33	50724	50724	0	45132
RAIL	251	261	6	16
CORRELATION	0	0	0	0
SQUARE	0	0
FOLD	24	35	35	53799	53799	0	47261
RAIL	251	262	6	17
CORRELATION	0	0	0	0
SQUARE	0	0
FOLD	25	37	37	56874	56874	0	49467
RAIL	8	504	6	18
CORRELATION	0	0	0	0
SQUARE	0	0
FOLD	26	39	39	59949	59949	0	51549
RAIL	8	505	6	19
CORRELATION	0	0	0	0
SQUARE	0	0
FOLD	27	41	41	63024	63024	0	53307
RAIL	250	262	6	20
CORRELATION	0	0	0	0
SQUARE	0	0
FOLD	28	43	43	66099	66099	0	56268
RAIL	250	263	6	21
CORRELATION	0	0	0	0
SQUARE	0	0
FOLD	29	45	45	69174	69174	0	58561
RAIL	9	503	6	22
CORRELATION	0	0	0	0
SQUARE	0	0
FOLD	30	47	47	72249	72249	0	60710
RAIL	9	504	6	23
CORRELATION	0	0	0	0
SQUARE	0	0
FOLD	31	49	49	75324	75324	0	62981
RAIL	249	263	6	24
CORRELATION	0	0	0	0
SQUARE	0	0
FOLD	32	51	51	78399	78399	0	65219
RAIL	249	264	6	25
CORRELATION	0	0	0	0
SQUARE	0	0
FOLD	33	53	53	81474	81474	0	67844
RAIL	10	502	6	26
CORRELATION	0	0	0	0
SQUARE	0	0
FOLD	34	55	55	84549	84549	0	69644
RAIL	10	503	6	27
CORRELATION	0	0	0	0
SQUARE	0	0
FOLD	35	57	57	87624	87624	0	71470
RAIL	248	264	6	28
CORRELATION	0	0	0	0
SQUARE	0	0
FOLD	36	59	59	90699	90699	0	73727
RAIL	248	265	6	29
CORRELATION	0	0	0	0
SQUARE	0	0
FOLD	37	61	61	93774	93774	0	75848
RAIL	11	501	6	30
CORRELATION	0	0	0	0
SQUARE	0	0
FOLD	38	63	63	96849	96849	0	77773
RAIL	11	502	6	31
CORRELATION	0	0	0	0
SQUARE	0	0
FOLD	39	65	65	99924	99924	0	79627
RAIL	247	265	6	32
CORRELATION	0	0	0	0
SQUARE	0	0
FOLD	40	67	67	102999	102999	0	84655
RAIL	247	266	6	33
CORRELATION	0	0	0	0
SQUARE	0	0
FOLD	41	69	69	106074	106074	0	88536
RAIL	12	500	6	34
CORRELATION	0	0	0	0
SQUARE	0	0
FOLD	42	71	71	109149	109149	0	91636
RAIL	12	501	6	35
CORRELATION	0	0	0	0
SQUARE	0	0
FOLD	43	73	73	112224	112224	0	95404
RAIL	246	266	6	36
CORRELATION	0	0	0	0
SQUARE	0	0
FOLD	44	75	75	115299	115299	0	98399
RAIL	246	267	6	37
CORRELATION	0	0	0	0
SQUARE	0	0
FOLD	45	77	77	118374	118374	0	100655
RAIL	13	499	6	38
CORRELATION	0	0	0	0
SQUARE	0	0
FOLD	46	79	79	121449	121449	0	103585
RAIL	13	500	6	39
CORRELATION	0	0	0	0
SQUARE	0	0
FOLD	47	81	81	124524	124524	0	106731
RAIL	245	267	6	40
CORRELATION	0	0	0	0
SQUARE	0	0
FOLD	48	83	83	127599	127599	0	110380
RAIL	245	268	6	41
CORRELATION	0	0	0	0
SQUARE	0	0
FOLD	49	85	85	130674	130674	0	114006
RAIL	14	498	6	42
CORRELATION	0	0	0	0
SQUARE	0	0
FOLD	50	87	87	133749	133749	0	116422
RAIL	14	499	6	43
CORRELATION	0	0	0	0
SQUARE	0	0
FOLD	51	89	89	136824	136824	0	118561
RAIL	244	268	6	44
CORRELATION	0	0	0	0
SQUARE	0	0
FOLD	52	91	91	139899	139899	0	121453
RAIL	244	269	6	45
CORRELATION	0	0	0	0
SQUARE	0	0
FOLD	53	93	93	142974	142974	0	123666
RAIL	15	497	6	46
CORRELATION	0	0	0	0
SQUARE	0	0
FOLD	54	95	95	146049	146049	0	125711
RAIL	15	498	6	47
CORRELATION	0	0	0	0
SQUARE	0	0
FOLD	55	97	97	149124	149124	0	127662
RAIL	243	269	6	48
CORRELATION	0	0	0	0
SQUARE	0	0
FOLD	56	99	99	152199	152199	0	130479
RAIL	243	270	6	49
CORRELATION	0	0	0	0
SQUARE	0	0
FOLD	57	101	101	155274	155274	0	132821
RAIL	16	496	6	50
CORRELATION	0	0	0	0
SQUARE	0	0
FOLD	58	103	103	158349	158349	0	134771
RAIL	16	497	6	51
CORRELATION	0	0	0	0
SQUARE	0	0
FOLD	59	105	105	161424	161424	0	136607
RAIL	242	270	6	52
CORRELATION	0	0	0	0
SQUARE	0	0
FOLD	60	107	107	164499	164499	0	138896
RAIL	242	271	6	53
CORRELATION	0	0	0	0
SQUARE	0	0
FOLD	61	109	109	167574	167574	0	141596
RAIL	17	495	6	54
CORRELATION	0	0	0	0
SQUARE	0	0
FOLD	62	111	111	170649	170649	0	144017
RAIL	17	496	6	55
CORRELATION	0	0	0	0
SQUARE	0	0
FOLD	63	113	113	173724	173724	0	146070
RAIL	241	271	6	56
CORRELATION	0	0	0	0
SQUARE	0	0
FOLD	64	115	115	176799	176799	0	148300
RAIL	241	272	6	57
CORRELATION	0	0	0	0
SQUARE	0	0
FOLD	65	117	117	179874	179874	0	150685
RAIL	18	494	6	58
CORRELATION	0	0	0	0
SQUARE	0	0
FOLD	66	119	119	182949	182949	0	152592
RAIL	18	495	6	59
CORRELATION	0	0	0	0
SQUARE	0	0
FOLD	67	121	121	186024	186024	0	154596
RAIL	240	272	6	60
CORRELATION	0	0	0	0
SQUARE	0	0
FOLD	68	123	123	189099	189099	0	157574
RAIL	240	273	6	61
CORRELATION	0	0	0	0
SQUARE	0	0
FOLD	69	125	125	192174	192174	0	159954
RAIL	19	493	6	62
CORRELATION	0	0	0	0
SQUARE	0	0
FOLD	70	127	127	195249	195249	0	162100
RAIL	19	494	6	63
CORRELATION	0	0	0	0
SQUARE	0	0
FOLD	71	129	129	198324	198324	0	164063
RAIL	239	273	6	64
CORRELATION	0	0	0	0
SQUARE	0	0
FOLD	72	131	131	201399	201399	0	166200
RAIL	239	274	6	65
CORRELATION	0	0	0	0
SQUARE	0	0
FOLD	73	133	133	204474	204474	0	168322
RAIL	20	492	6	66
CORRELATION	0	0	0	0
SQUARE	0	0
FOLD	74	135	135	207549	207549	0	170435
RAIL	20	493	6	67
CORRELATION	0	0	0	0
SQUARE	0	0
FOLD	75	137	137	210624	210624	0	172537
RAIL	238	274	6	68
CORRELATION	0	0	0	0
SQUARE	0	0
FOLD	76	139	139	213699	213699	0	174753
RAIL	238	275	6	69
CORRELATION	0	0	0	0
SQUARE	0	0
FOLD	77	141	141	216774	216774	0	176918
RAIL	21	491	6	70
CORRELATION	0	0	0	0
SQUARE	0	0
FOLD	78	143	143	219849	219849	0	178811
RAIL	21	492	6	71
CORRELATION	0	0	0	0
SQUARE	0	0
FOLD	79	145	145	222924	222924	0	180743
RAIL	237	275	6	72
CORRELATION	0	0	0	0
SQUARE	0	0
FOLD	80	147	147	225999	225999	0	182884
RAIL	237	276	6	73
CORRELATION	0	0	0	0
SQUARE	0	0
FOLD	81	149	149	229074	229074	0	184858
RAIL	22	490	6	74
CORRELATION	0	0	0	0
SQUARE	0	0
FOLD	82	151	151	232149	232149	0	187118
RAIL	22	491	6	75
CORRELATION	0	0	0	0
SQUARE	0	0
FOLD	83	153	153	235224	235224	0	189439
RAIL	236	276	6	76
CORRELATION	0	0	0	0
SQUARE	0	0
FOLD	84	155	155	238299	238299	0	191444
RAIL	236	277	6	77
CORRELATION	0	0	0	0
SQUARE	0	0
FOLD	85	157	157	241374	241374	0	193430
RAIL	23	489	6	78
CORRELATION	0	0	0	0
SQUARE	0	0
FOLD	86	159	159	244449	244449	0	195346
RAIL	23	490	6	79
CORRELATION	0	0	0	0
SQUARE	0	0
FOLD	87	161	161	247524	247524	0	197197
RAIL	235	277	6	80
CORRELATION	0	0	0	0
SQUARE	0	0
FOLD	88	163	163	250599	250599	0	199348
RAIL	235	278	6	81
CORRELATION	0	0	0	0
SQUARE	0	0
FOLD	89	165	165	253674	253674	0	201545
RAIL	24	488	6	82
CORRELATION	0	0	0	0
SQUARE	0	0
FOLD	90	167	167	256749	256749	0	203488
RAIL	24	489	6	83
CORRELATION	0	0	0	0
SQUARE	0	0
FOLD	91	169	169	259824	259824	0	205398
RAIL	234	278	6	84
CORRELATION	0	0	0	0
SQUARE	0	0
FOLD	92	171	171	262899	262899	0	207371
RAIL	234	279	6	85
CORRELATION	0	0	0	0
SQUARE	0	0
FOLD	93	173	173	265974	265974	0	209489
RAIL	25	487	6	86
CORRELATION	0	0	0	0
SQUARE	0	0
FOLD	94	175	175	269049	269049	0	211381
RAIL	25	488	6	87
CORRELATION	0	0	0	0
SQUARE	0	0
FOLD	95	177	177	272124	272124	0	213326
RAIL	233	279	6	88
CORRELATION	0	0	0	0
SQUARE	0	0
FOLD	96	179	179	275199	275199	0	216483
RAIL	233	280	6	89
CORRELATION	0	0	0	0
SQUARE	0	0
FOLD	97	181	181	278274	278274	0	218742
RAIL	26	486	6	90
CORRELATION	0	0	0	0
SQUARE	0	0
FOLD	98	183	183	281349	281349	0	220626
RAIL	26	487	6	91
CORRELATION	0	0	0	0
SQUARE	0	0
FOLD	99	185	185	284424	284424	0	222771
RAIL	232	280	6	92
CORRELATION	0	0	0	0
SQUARE	0	0
FOLD	100	187	187	287499	287499	0	224913
RAIL	232	281	6	93
CORRELATION	0	0	0	0
SQUARE	0	0
FOLD	101	189	189	290574	290574	0	227167
RAIL	27	485	6	94
CORRELATION	0	0	0	0
SQUARE	0	0
FOLD	102	191	191	293649	293649	0	229272
RAIL	27	486	6	95
CORRELATION	0	0	0	0
SQUARE	0	0
FOLD	103	193	193	296724	296724	0	232620
RAIL	231	281	6	96
CORRELATION	0	0	0	0
SQUARE	0	0
FOLD	104	195	195	299799	299799	0	236092
RAIL	231	282	6	97
CORRELATION	0	0	0	0
SQUARE	0	0
FOLD	105	197	197	302874	302874	0	239825
RAIL	28	484	6	98
CORRELATION	0	0	0	0
SQUARE	0	0
FOLD	106	199	199	305949	305949	0	243270
RAIL	28	485	6	99
CORRELATION	0	0	0	0
SQUARE	0	0
FOLD	107	201	201	309024	309024	0	246726
RAIL	230	282	6	100
CORRELATION	0	0	0	0
SQUARE	0	0
FOLD	108	203	203	312099	312099	0	250303
RAIL	230	283	6	101
CORRELATION	0	0	0	0
SQUARE	0	0
FOLD	109	205	205	315174	315174	0	254146
RAIL	29	483	6	102
CORRELATION	0	0	0	0
SQUARE	0	0
FOLD	110	207	207	318249	318249	0	257459
RAIL	29	484	6	103
CORRELATION	0	0	0	0
SQUARE	0	0
FOLD	111	209	209	321324	321324	0	259554
RAIL	229	283	6	104
CORRELATION	0	0	0	0
SQUARE	0	0
FOLD	112	211	211	324399	324399	0	261641
RAIL	229	284	6	105
CORRELATION	0	0	0	0
SQUARE	0	0
FOLD	113	213	213	327474	327474	0	263955
RAIL	30	482	6	106
CORRELATION	0	0	0	0
SQUARE	0	0
FOLD	114	215	215	330549	330549	0	266062
RAIL	30	483	6	107
CORRELATION	0	0	0	0
SQUARE	0	0
FOLD	115	217	217	333624	333624	0	268242
RAIL	228	284	6	108
CORRELATION	0	0	0	0
SQUARE	0	0
FOLD	116	219	219	336699	336699	0	270651
RAIL	228	285	6	109
CORRELATION	0	0	0	0
SQUARE	0	0
FOLD	117	221	221	339774	339774	0	273061
RAIL	31	481	6	110
CORRELATION	0	0	0	0
SQUARE	0	0
FOLD	118	223	223	342849	342849	0	275253
RAIL	31	482	6	111
CORRELATION	0	0	0	0
SQUARE	0	0
FOLD	119	225	225	345924	345924	0	277232
RAIL	227	285	6	112
CORRELATION	0	0	0	0
SQUARE	0	0
FOLD	120	227	227	348999	348999	0	279386
RAIL	227	286	6	113
CORRELATION	0	0	0	0
SQUARE	0	0
FOLD	121	229	229	352074	352074	0	281605
RAIL	32	480	6	114
CORRELATION	0	0	0	0
SQUARE	0	0
FOLD	122	231	231	355149	355149	0	283394
RAIL	32	481	6	115
CORRELATION	0	0	0	0
SQUARE	0	0
FOLD	123	233	233	358224	358224	0	285585
RAIL	226	286	6	116
CORRELATION	0	0	0	0
SQUARE	0	0
FOLD	124	235	235	361299	361299	0	287826
RAIL	226	287	6	117
CORRELATION	0	0	0	0
SQUARE	0	0
FOLD	125	237	237	364374	364374	0	290271
RAIL	33	479	6	118
CORRELATION	0	0	0	0
SQUARE	0	0
FOLD	126	239	239	367449	367449	0	292217
RAIL	33	480	6	119
CORRELATION	0	0	0	0
SQUARE	0	0
FOLD	127	241	241	370524	370524	0	295140
RAIL	225	287	6	120
CORRELATION	0	0	0	0
SQUARE	0	0
FOLD	128	243	243	373599	373599	0	299264
RAIL	225	288	6	121
CORRELATION	0	0	0	0
SQUARE	0	0
FOLD	129	245	245	376674	376674	0	302467
RAIL	34	478	6	122
CORRELATION	0	0	0	0
SQUARE	0	0
FOLD	130	247	247	379749	379749	0	304709
RAIL	34	479	6	123
CORRELATION	0	0	0	0
SQUARE	0	0
FOLD	131	249	249	382824	382824	0	306898
RAIL	224	288	6	124
CORRELATION	0	0	0	0
SQUARE	0	0
FOLD	132	251	251	385899	385899	0	309241
RAIL	224	289	6	125
CORRELATION	0	0	0	0
SQUARE	0	0
FOLD	133	253	253	388974	388974	0	311474
RAIL	35	477	6	126
CORRELATION	0	0	0	0
SQUARE	0	0
FOLD	134	255	255	392049	392049	0	313575
RAIL	35	478	6	127
CORRELATION	0	0	0	0
SQUARE	0	0
FOLD	135	257	257	395124	395124	0	315631
RAIL	223	289	6	128
CORRELATION	0	0	0	0
SQUARE	0	0
FOLD	136	259	259	398199	398199	0	318017
RAIL	223	290	6	129
CORRELATION	0	0	0	0
SQUARE	0	0
FOLD	137	261	261	401274	401274	0	320405
RAIL	36	476	6	130
CORRELATION	0	0	0	0
SQUARE	0	0
FOLD	138	263	263	404349	404349	0	323416
RAIL	36	477	6	131
CORRELATION	0	0	0	0
SQUARE	0	0
FOLD	139	265	265	407424	407424	0	325734
RAIL	222	290	6	132
CORRELATION	0	0	0	0
SQUARE	0	0
FOLD	140	267	267	410499	410499	0	327947
RAIL	222	291	6	133
CORRELATION	0	0	0	0
SQUARE	0	0
FOLD	141	269	269	413574	413574	0	330282
RAIL	37	475	6	134
CORRELATION	0	0	0	0
SQUARE	0	0
FOLD	142	271	271	416649	416649	0	332214
RAIL	37	476	6	135
CORRELATION	0	0	0	0
SQUARE	0	0
FOLD	143	273	273	419724	419724	0	334245
RAIL	221	291	6	136
CORRELATION	0	0	0	0
SQUARE	0	0
FOLD	144	275	275	422799	422799	0	336330
RAIL	221	292	6	137
CORRELATION	0	0	0	0
SQUARE	0	0
FOLD	145	277	277	425874	425874	0	338528
RAIL	38	474	6	138
CORRELATION	0	0	0	0
SQUARE	0	0
FOLD	146	279	279	428949	428949	0	340533
RAIL	38	475	6	139
CORRELATION	0	0	0	0
SQUARE	0	0
FOLD	147	281	281	432024	432024	0	342534
RAIL	220	292	6	140
CORRELATION	0	0	0	0
SQUARE	0	0
FOLD	148	283	283	435099	435099	0	344897
RAIL	220	293	6	141
CORRELATION	0	0	0	0
SQUARE	0	0
FOLD	149	285	285	438174	438174	0	347159
RAIL	39	473	6	142
CORRELATION	0	0	0	0
SQUARE	0	0
FOLD	150	287	287	441249	441249	0	348991
RAIL	39	474	6	143
CORRELATION	0	0	0	0
SQUARE	0	0
FOLD	151	289	289	444324	444324	0	350960
RAIL	219	293	6	144
CORRELATION	0	0	0	0
SQUARE	0	0
FOLD	152	291	291	447399	447399	0	352890
RAIL	219	294	6	145
CORRELATION	0	0	0	0
SQUARE	0	0
FOLD	153	293	293	450474	450474	0	355111
RAIL	40	472	6	146
CORRELATION	0	0	0	0
SQUARE	0	0
FOLD	154	295	295	453549	453549	0	357091
RAIL	40	473	6	147
CORRELATION	0	0	0	0
SQUARE	0	0
FOLD	155	297	297	456624	456624	0	359243
RAIL	218	294	6	148
CORRELATION	0	0	0	0
SQUARE	0	0
FOLD	156	299	299	459699	459699	0	361371
RAIL	218	295	6	149
CORRELATION	0	0	0	0
SQUARE	0	0
FOLD	157	301	301	462774	462774	0	363472
RAIL	41	471	6	150
CORRELATION	0	0	0	0
SQUARE	0	0
FOLD	158	303	303	465849	465849	0	365335
RAIL	41	472	6	151
CORRELATION	0	0	0	0
SQUARE	0	0
FOLD	159	305	305	468924	468924	0	367556
RAIL	217	295	6	152
CORRELATION	0	0	0	0
SQUARE	0	0
FOLD	160	307	307	471999	471999	0	369670
RAIL	217	296	6	153
CORRELATION	0	0	0	0
SQUARE	0	0
FOLD	161	309	309	475074	475074	0	371982
RAIL	42	470	6	154
CORRELATION	0	0	0	0
SQUARE	0	0
FOLD	162	311	311	478149	478149	0	374164
RAIL	42	471	6	155
CORRELATION	0	0	0	0
SQUARE	0	0
FOLD	163	313	313	481224	481224	0	376070
RAIL	216	296	6	156
CORRELATION	0	0	0	0
SQUARE	0	0
FOLD	164	315	315	484299	484299	0	378185
RAIL	216	297	6	157
CORRELATION	0	0	0	0
SQUARE	0	0
FOLD	165	317	317	487374	487374	0	380322
RAIL	43	469	6	158
CORRELATION	0	0	0	0
SQUARE	0	0
FOLD	166	319	319	490449	490449	0	383224
RAIL	43	470	6	159
CORRELATION	0	0	0	0
SQUARE	0	0
FOLD	167	321	321	493524	493524	0	385172
RAIL	215	297	6	160
CORRELATION	0	0	0	0
SQUARE	0	0
FOLD	168	323	323	496599	496599	0	387811
RAIL	215	298	6	161
CORRELATION	0	0	0	0
SQUARE	0	0
FOLD	169	325	325	499674	499674	0	390193
RAIL	44	468	6	162
CORRELATION	0	0	0	0
SQUARE	0	0
FOLD	170	327	327	502749	502749	0	392171
RAIL	44	469	6	163
CORRELATION	0	0	0	0
SQUARE	0	0
FOLD	171	329	329	505824	505824	0	394435
RAIL	214	298	6	164
CORRELATION	0	0	0	0
SQUARE	0	0
FOLD	172	331	331	508899	508899	0	397015
RAIL	214	299	6	165
CORRELATION	0	0	0	0
SQUARE	0	0
FOLD	173	333	333	511974	511974	0	399292
RAIL	45	467	6	166
CORRELATION	0	0	0	0
SQUARE	0	0
FOLD	174	335	335	515049	515049	0	401507
RAIL	45	468	6	167
CORRELATION	0	0	0	0
SQUARE	0	0
FOLD	175	337	337	518124	518124	0	404050
RAIL	213	299	6	168
CORRELATION	0	0	0	0
SQUARE	0	0
FOLD	176	339	339	521199	521199	0	406225
RAIL	213	300	6	169
CORRELATION	0	0	0	0
SQUARE	0	0
FOLD	177	341	341	524274	524274	0	408377
RAIL	46	466	6	170
CORRELATION	0	0	0	0
SQUARE	0	0
FOLD	178	343	343	527349	527349	0	410450
RAIL	46	467	6	171
CORRELATION	0	0	0	0
SQUARE	0	0
FOLD	179	345	345	530424	530424	0	412760
RAIL	212	300	6	172
CORRELATION	0	0	0	0
SQUARE	0	0
FOLD	180	347	347	533499	533499	0	415230
RAIL	212	301	6	173
CORRELATION	0	0	0	0
SQUARE	0	0
FOLD	181	349	349	536574	536574	0	418017
RAIL	47	465	6	174
CORRELATION	0	0	0	0
SQUARE	0	0
FOLD	182	351	351	539649	539649	0	420066
RAIL	47	466	6	175
CORRELATION	0	0	0	0
SQUARE	0	0
FOLD	183	353	353	542724	542724	0	422211
RAIL	211	301	6	176
CORRELATION	0	0	0	0
SQUARE	0	0
FOLD	184	355	355	545799	545799	0	424382
RAIL	211	302	6	177
CORRELATION	0	0	0	0
SQUARE	0	0
FOLD	185	357	357	548874	548874	0	426780
RAIL	48	464	6	178
CORRELATION	0	0	0	0
SQUARE	0	0
FOLD	186	359	359	551949	551949	0	428760
RAIL	48	465	6	179
CORRELATION	0	0	0	0
SQUARE	0	0
FOLD	187	361	361	555024	555024	0	431046
RAIL	210	302	6	180
CORRELATION	0	0	0	0
SQUARE	0	0
FOLD	188	363	363	558099	558099	0	433067
RAIL	210	303	6	181
CORRELATION	0	0	0	0
SQUARE	0	0
FOLD	189	365	365	561174	561174	0	435100
RAIL	49	463	6	182
CORRELATION	0	0	0	0
SQUARE	0	0
FOLD	190	367	367	564249	564249	0	436881
RAIL	49	464	6	183
CORRELATION	0	0	0	0
SQUARE	0	0
FOLD	191	369	369	567324	567324	0	438718
RAIL	209	303	6	184
CORRELATION	0	0	0	0
SQUARE	0	0
FOLD	192	371	371	570399	570399	0	440575
RAIL	209	304	6	185
CORRELATION	0	0	0	0
SQUARE	0	0
FOLD	193	373	373	573474	573474	0	442828
RAIL	50	462	6	186
CORRELATION	0	0	0	0
SQUARE	0	0
FOLD	194	375	375	576549	576549	0	445704
RAIL	50	463	6	187
CORRELATION	0	0	0	0
SQUARE	0	0
FOLD	195	377	377	579624	579624	0	447679
RAIL	208	304	6	188
CORRELATION	0	0	0	0
SQUARE	0	0
FOLD	196	379	379	582699	582699	0	449689
RAIL	208	305	6	189
CORRELATION	0	0	0	0
SQUARE	0	0
FOLD	197	381	381	585774	585774	0	451833
RAIL	51	461	6	190
CORRELATION	0	0	0	0
SQUARE	0	0
FOLD	198	383	383	588849	588849	0	453931
RAIL	51	462	6	191
CORRELATION	0	0	0	0
SQUARE	0	0
FOLD	199	385	385	591924	591924	0	456465
RAIL	207	305	6	192
CORRELATION	0	0	0	0
SQUARE	0	0
FOLD	200	387	387	594999	594999	0	458837
RAIL	207	306	6	193
CORRELATION	0	0	0	0
SQUARE	0	0
FOLD	201	389	389	598074	598074	0	460811
RAIL	52	460	6	194
CORRELATION	0	0	0	0
SQUARE	0	0
FOLD	202	391	391	601149	601149	0	463188
RAIL	52	461	6	195
CORRELATION	0	0	0	0
SQUARE	0	0
FOLD	203	393	393	604224	604224	0	465222
RAIL	206	306	6	196
CORRELATION	0	0	0	0
SQUARE	0	0
FOLD	204	395	395	607299	607299	0	467259
RAIL	206	307	6	197
CORRELATION	0	0	0	0
SQUARE	0	0
FOLD	205	397	397	610374	610374	0	469340
RAIL	53	459	6	198
CORRELATION	0	0	0	0
SQUARE	0	0
FOLD	206	399	399	613449	613449	0	471764
RAIL	53	460	6	199
CORRELATION	0	0	0	0
SQUARE	0	0
FOLD	207	401	401	616524	616524	0	474926
RAIL	205	307	6	200
CORRELATION	0	0	0	0
SQUARE	0	0
FOLD	208	403	403	619599	619599	0	478411
RAIL	205	308	6	201
CORRELATION	0	0	0	0
SQUARE	0	0
FOLD	209	405	405	622674	622674	0	481067
RAIL	54	458	6	202
CORRELATION	0	0	0	0
SQUARE	0	0
FOLD	210	407	407	625749	625749	0	482886
RAIL	54	459	6	203
CORRELATION	0	0	0	0
SQUARE	0	0
FOLD	211	409	409	628824	628824	0	484760
RAIL	204	308	6	204
CORRELATION	0	0	0	0
SQUARE	0	0
FOLD	212	411	411	631899	631899	0	488379
RAIL	204	309	6	205
CORRELATION	0	0	0	0
SQUARE	0	0
FOLD	213	413	413	634974	634974	0	490737
RAIL	55	457	6	206
CORRELATION	0	0	0	0
SQUARE	0	0
FOLD	214	415	415	638049	638049	0	492491
RAIL	55	458	6	207
CORRELATION	0	0	0	0
SQUARE	0	0
FOLD	215	417	417	641124	641124	0	494618
RAIL	203	309	6	208
CORRELATION	0	0	0	0
SQUARE	0	0
FOLD	216	419	419	644199	644199	0	496910
RAIL	203	310	6	209
CORRELATION	0	0	0	0
SQUARE	0	0
FOLD	217	421	421	647274	647274	0	499136
RAIL	56	456	6	210
CORRELATION	0	0	0	0
SQUARE	0	0
FOLD	218	423	423	650349	650349	0	500931
RAIL	56	457	6	211
CORRELATION	0	0	0	0
SQUARE	0	0
FOLD	219	425	425	653424	653424	0	503193
RAIL	202	310	6	212
CORRELATION	0	0	0	0
SQUARE	0	0
FOLD	220	427	427	656499	656499	0	505310
RAIL	202	311	6	213
CORRELATION	0	0	0	0
SQUARE	0	0
FOLD	221	429	429	659574	659574	0	507522
RAIL	57	455	6	214
CORRELATION	0	0	0	0
SQUARE	0	0
FOLD	222	431	431	662649	662649	0	510649
RAIL	57	456	6	215
CORRELATION	0	0	0	0
SQUARE	0	0
FOLD	223	433	433	665724	665724	0	512557
RAIL	201	311	6	216
CORRELATION	0	0	0	0
SQUARE	0	0
FOLD	224	435	435	668799	668799	0	515381
RAIL	201	312	6	217
CORRELATION	0	0	0	0
SQUARE	0	0
FOLD	225	437	437	671874	671874	0	518921
RAIL	58	454	6	218
CORRELATION	0	0	0	0
SQUARE	0	0
FOLD	226	439	439	674949	674949	0	522291
RAIL	58	455	6	219
CORRELATION	0	0	0	0
SQUARE	0	0
FOLD	227	441	441	678024	678024	0	524801
RAIL	200	312	6	220
CORRELATION	0	0	0	0
SQUARE	0	0
FOLD	228	443	443	681099	681099	0	528003
RAIL	200	313	6	221
CORRELATION	0	0	0	0
SQUARE	0	0
FOLD	229	445	445	684174	684174	0	531363
RAIL	59	453	6	222
CORRELATION	0	0	0	0
SQUARE	0	0
FOLD	230	447	447	687249	687249	0	534338
RAIL	59	454	6	223
CORRELATION	0	0	0	0
SQUARE	0	0
FOLD	231	449	449	690324	690324	0	537388
RAIL	199	313	6	224
CORRELATION	0	0	0	0
SQUARE	0	0
FOLD	232	451	451	693399	693399	0	540490
RAIL	199	314	6	225
CORRELATION	0	0	0	0
SQUARE	0	0
FOLD	233	453	453	696474	696474	0	543682
RAIL	60	452	6	226
CORRELATION	0	0	0	0
SQUARE	0	0
FOLD	234	455	455	699549	699549	0	546699
RAIL	60	453	6	227
CORRELATION	0	0	0	0
SQUARE	0	0
FOLD	235	457	457	702624	702624	0	548806
RAIL	198	314	6	228
CORRELATION	0	0	0	0
SQUARE	0	0
FOLD	236	459	459	705699	705699	0	550648
RAIL	198	315	6	229
CORRELATION	0	0	0	0
SQUARE	0	0
FOLD	237	461	461	708774	708774	0	552655
RAIL	61	451	6	230
CORRELATION	0	0	0	0
SQUARE	0	0
FOLD	238	463	463	711849	711849	0	554469
RAIL	61	452	6	231
CORRELATION	0	0	0	0
SQUARE	0	0
FOLD	239	465	465	714924	714924	0	556255
RAIL	197	315	6	232
CORRELATION	0	0	0	0
SQUARE	0	0
FOLD	240	467	467	717999	717999	0	558193
RAIL	197	316	6	233
CORRELATION	0	0	0	0
SQUARE	0	0
FOLD	241	469	469	721074	721074	0	561211
RAIL	62	450	6	234
CORRELATION	0	0	0	0
SQUARE	0	0
FOLD	242	471	471	724149	724149	0	563048
RAIL	62	451	6	235
CORRELATION	0	0	0	0
SQUARE	0	0
FOLD	243	473	473	727224	727224	0	564928
RAIL	196	316	6	236
CORRELATION	0	0	0	0
SQUARE	0	0
FOLD	244	475	475	730299	730299	0	566930
RAIL	196	317	6	237
CORRELATION	0	0	0	0
SQUARE	0	0
FOLD	245	477	477	733374	733374	0	569066
RAIL	63	449	6	238
CORRELATION	0	0	0	0
SQUARE	0	0
FOLD	246	479	479	736449	736449	0	571171
RAIL	63	450	6	239
CORRELATION	0	0	0	0
SQUARE	0	0
FOLD	247	481	481	739524	739524	0	573056
RAIL	195	317	6	240
CORRELATION	0	0	0	0
SQUARE	0	0
FOLD	248	483	483	742599	742599	0	575281
RAIL	195	318	6	241
CORRELATION	0	0	0	0
SQUARE	0	0
FOLD	249	485	485	745674	745674	0	577281
RAIL	64	448	6	242
CORRELATION	0	0	0	0
SQUARE	0	0
FOLD	250	487	487	748749	748749	0	579100
RAIL	64	449	6	243
CORRELATION	0	0	0	0
SQUARE	0	0
FOLD	251	489	489	751824	751824	0	580967
RAIL	194	318	6	244
CORRELATION	0	0	0	0
SQUARE	0	0
FOLD	252	491	491	754899	754899	0	582876
RAIL	194	319	6	245
CORRELATION	0	0	0	0
SQUARE	0	0
FOLD	253	493	493	757974	757974	0	584752
RAIL	65	447	6	246
CORRELATION	0	0	0	0
SQUARE	0	0
FOLD	254	495	495	761049	761049	0	587169
RAIL	65	448	6	247
CORRELATION	0	0	0	0
SQUARE	0	0
FOLD	255	497	497	764124	764124	0	589118
RAIL	193	319	6	248
CORRELATION	0	0	0	0
SQUARE	0	0
FOLD	256	499	499	767199	767199	0	591287
RAIL	193	320	6	249
CORRELATION	0	0	0	0
SQUARE	0	0
FOLD	257	501	501	770274	770274	0	593295
RAIL	66	446	6	250
CORRELATION	0	0	0	0
SQUARE	0	0
FOLD	258	503	503	773349	773349	0	595113
RAIL	66	447	6	251
CORRELATION	0	0	0	0
SQUARE	0	0
FOLD	259	505	505	776424	776424	0	597016
RAIL	192	320	6	252
CORRELATION	0	0	0	0
SQUARE	0	0
FOLD	260	507	507	779499	779499	0	599047
RAIL	192	321	6	253
CORRELATION	0	0	0	0
SQUARE	0	0
FOLD	261	509	509	782574	782574	0	601813
RAIL	67	445	6	254
CORRELATION	0	0	0	0
SQUARE	0	0
FOLD	262	511	511	785649	785649	0	604111
RAIL	67	446	6	255
CORRELATION	0	0	0	0
SQUARE	0	0
FOLD	263	513	513	788724	788724	0	606220
RAIL	191	321	6	256
CORRELATION	0	0	0	0
SQUARE	0	0
FOLD	264	515	515	791799	791799	0	608042
RAIL	191	322	6	257
CORRELATION	0	0	0	0
SQUARE	0	0
FOLD	265	517	517	794874	794874	0	610030
RAIL	68	444	6	258
CORRELATION	0	0	0	0
SQUARE	0	0
FOLD	266	519	519	797949	797949	0	617683
RAIL	68	445	6	259
CORRELATION	0	0	0	0
SQUARE	0	0
FOLD	267	521	521	801024	801024	0	619876
RAIL	190	322	6	260
CORRELATION	0	0	0	0
SQUARE	0	0
FOLD	268	523	523	804099	804099	0	621783
RAIL	190	323	6	261
CORRELATION	0	0	0	0
SQUARE	0	0
FOLD	269	525	525	807174	807174	0	623667
RAIL	69	443	6	262
CORRELATION	0	0	0	0
SQUARE	0	0
FOLD	270	527	527	810249	810249	0	625338
RAIL	69	444	6	263
CORRELATION	0	0	0	0
SQUARE	0	0
FOLD	271	529	529	813324	813324	0	627070
RAIL	189	323	6	264
CORRELATION	0	0	0	0
SQUARE	0	0
FOLD	272	531	531	816399	816399	0	628820
RAIL	189	324	6	265
CORRELATION	0	0	0	0
SQUARE	0	0
FOLD	273	533	533	819474	819474	0	631130
RAIL	70	442	6	266
CORRELATION	0	0	0	0
SQUARE	0	0
FOLD	274	535	535	822549	822549	0	633506
RAIL	70	443	6	267
CORRELATION	0	0	0	0
SQUARE	0	0
FOLD	275	537	537	825624	825624	0	635442
RAIL	188	324	6	268
CORRELATION	0	0	0	0
SQUARE	0	0
FOLD	276	539	539	828699	828699	0	637298
RAIL	188	325	6	269
CORRELATION	0	0	0	0
SQUARE	0	0
FOLD	277	541	541	831774	831774	0	639282
RAIL	71	441	6	270
CORRELATION	0	0	0	0
SQUARE	0	0
FOLD	278	543	543	834849	834849	0	641123
RAIL	71	442	6	271
CORRELATION	0	0	0	0
SQUARE	0	0
FOLD	279	545	545	837924	837924	0	643069
RAIL	187	325	6	272
CORRELATION	0	0	0	0
SQUARE	0	0
FOLD	280	547	547	840999	840999	0	645312
RAIL	187	326	6	273
CORRELATION	0	0	0	0
SQUARE	0	0
FOLD	281	549	549	844074	844074	0	647631
RAIL	72	440	6	274
CORRELATION	0	0	0	0
SQUARE	0	0
FOLD	282	551	551	847149	847149	0	649888
RAIL	72	441	6	275
CORRELATION	0	0	0	0
SQUARE	0	0
FOLD	283	553	553	850224	850224	0	651961
RAIL	186	326	6	276
CORRELATION	0	0	0	0
SQUARE	0	0
FOLD	284	555	555	853299	853299	0	654227
RAIL	186	327	6	277
CORRELATION	0	0	0	0
SQUARE	0	0
FOLD	285	557	557	856374	856374	0	656445
RAIL	73	439	6	278
CORRELATION	0	0	0	0
SQUARE	0	0
FOLD	286	559	559	859449	859449	0	658639
RAIL	73	440	6	279
CORRELATION	0	0	0	0
SQUARE	0	0
FOLD	287	561	561	862524	862524	0	660760
RAIL	185	327	6	280
CORRELATION	0	0	0	0
SQUARE	0	0
FOLD	288	563	563	865599	865599	0	663757
RAIL	185	328	6	281
CORRELATION	0	0	0	0
SQUARE	0	0
FOLD	289	565	565	868674	868674	0	666420
RAIL	74	438	6	282
CORRELATION	0	0	0	0
SQUARE	0	0
FOLD	290	567	567	871749	871749	0	668646
RAIL	74	439	6	283
CORRELATION	0	0	0	0
SQUARE	0	0
FOLD	291	569	569	874824	874824	0	670871
RAIL	184	328	6	284
CORRELATION	0	0	0	0
SQUARE	0	0
FOLD	292	571	571	877899	877899	0	673103
RAIL	184	329	6	285
CORRELATION	0	0	0	0
SQUARE	0	0
FOLD	293	573	573	880974	880974	0	675321
RAIL	75	437	6	286
CORRELATION	0	0	0	0
SQUARE	0	0
FOLD	294	575	575	884049	884049	0	677757
RAIL	75	438	6	287
CORRELATION	0	0	0	0
SQUARE	0	0
FOLD	295	577	577	887124	887124	0	681019
RAIL	183	329	6	288
CORRELATION	0	0	0	0
SQUARE	0	0
FOLD	296	579	579	890199	890199	0	683550
RAIL	183	330	6	289
CORRELATION	0	0	0	0
SQUARE	0	0
FOLD	297	581	581	893274	893274	0	685852
RAIL	76	436	6	290
CORRELATION	0	0	0	0
SQUARE	0	0
FOLD	298	583	583	896349	896349	0	687934
RAIL	76	437	6	291
CORRELATION	0	0	0	0
SQUARE	0	0
FOLD	299	585	585	899424	899424	0	690129
RAIL	182	330	6	292
CORRELATION	0	0	0	0
SQUARE	0	0
FOLD	300	587	587	902499	902499	0	692430
RAIL	182	331	6	293
CORRELATION	0	0	0	0
SQUARE	0	0
FOLD	301	589	589	905574	905574	0	695368
RAIL	77	435	6	294
CORRELATION	0	0	0	0
SQUARE	0	0
FOLD	302	591	591	908649	908649	0	697372
RAIL	77	436	6	295
CORRELATION	0	0	0	0
SQUARE	0	0
FOLD	303	593	593	911724	911724	0	699700
RAIL	181	331	6	296
CORRELATION	0	0	0	0
SQUARE	0	0
FOLD	304	595	595	914799	914799	0	701885
RAIL	181	332	6	297
CORRELATION	0	0	0	0
SQUARE	0	0
FOLD	305	597	597	917874	917874	0	704185
RAIL	78	434	6	298
CORRELATION	0	0	0	0
SQUARE	0	0
FOLD	306	599	599	920949	920949	0	706226
RAIL	78	435	6	299
CORRELATION	0	0	0	0
SQUARE	0	0
FOLD	307	601	601	924024	924024	0	708427
RAIL	180	332	6	300
CORRELATION	0	0	0	0
SQUARE	0	0
FOLD	308	603	603	927099	927099	0	710975
RAIL	180	333	6	301
CORRELATION	0	0	0	0
SQUARE	0	0
FOLD	309	605	605	930174	930174	0	713389
RAIL	79	433	6	302
CORRELATION	0	0	0	0
SQUARE	0	0
FOLD	310	607	607	933249	933249	0	715473
RAIL	79	434	6	303
CORRELATION	0	0	0	0
SQUARE	0	0
FOLD	311	609	609	936324	936324	0	717937
RAIL	179	333	6	304
CORRELATION	0	0	0	0
SQUARE	0	0
FOLD	312	611	611	939399	939399	0	720167
RAIL	179	334	6	305
CORRELATION	0	0	0	0
SQUARE	0	0
FOLD	313	613	613	942474	942474	0	722549
RAIL	80	432	6	306
CORRELATION	0	0	0	0
SQUARE	0	0
FOLD	314	615	615	945549	945549	0	724657
RAIL	80	433	6	307
CORRELATION	0	0	0	0
SQUARE	0	0
FOLD	315	617	617	948624	948624	0	727093
RAIL	178	334	6	308
CORRELATION	0	0	0	0
SQUARE	0	0
FOLD	316	619	619	951699	951699	0	729288
RAIL	178	335	6	309
CORRELATION	0	0	0	0
SQUARE	0	0
FOLD	317	621	621	954774	954774	0	731737
RAIL	81	431	6	310
CORRELATION	0	0	0	0
SQUARE	0	0
FOLD	318	623	623	957849	957849	0	733989
RAIL	81	432	6	311
CORRELATION	0	0	0	0
SQUARE	0	0
FOLD	319	625	625	960924	960924	0	736103
RAIL	177	335	6	312
CORRELATION	0	0	0	0
SQUARE	0	0
FOLD	320	627	627	963999	963999	0	738378
RAIL	177	336	6	313
CORRELATION	0	0	0	0
SQUARE	0	0
FOLD	321	629	629	967074	967074	0	740697
RAIL	82	430	6	314
CORRELATION	0	0	0	0
SQUARE	0	0
FOLD	322	631	631	970149	970149	0	742905
RAIL	82	431	6	315
CORRELATION	0	0	0	0
SQUARE	0	0
FOLD	323	633	633	973224	973224	0	744993
RAIL	176	336	6	316
CORRELATION	0	0	0	0
SQUARE	0	0
FOLD	324	635	635	976299	976299	0	747005
RAIL	176	337	6	317
CORRELATION	0	0	0	0
SQUARE	0	0
FOLD	325	637	637	979374	979374	0	748958
RAIL	83	429	6	318
CORRELATION	0	0	0	0
SQUARE	0	0
FOLD	326	639	639	982449	982449	0	750884
RAIL	83	430	6	319
CORRELATION	0	0	0	0
SQUARE	0	0
FOLD	327	641	641	985524	985524	0	752731
RAIL	175	337	6	320
CORRELATION	0	0	0	0
SQUARE	0	0
FOLD	328	643	643	988599	988599	0	755361
RAIL	175	338	6	321
CORRELATION	0	0	0	0
SQUARE	0	0
FOLD	329	645	645	991674	991674	0	757762
RAIL	84	428	6	322
CORRELATION	0	0	0	0
SQUARE	0	0
FOLD	330	647	647	994749	994749	0	759691
RAIL	84	429	6	323
CORRELATION	0	0	0	0
SQUARE	0	0
FOLD	331	649	649	997824	997824	0	761628
RAIL	174	338	6	324
CORRELATION	0	0	0	0
SQUARE	0	0
FOLD	332	651	651	1000899	1000899	0	763570
RAIL	174	339	6	325
CORRELATION	0	0	0	0
SQUARE	0	0
FOLD	333	653	653	1003974	1003974	0	765501
RAIL	85	427	6	326
CORRELATION	0	0	0	0
SQUARE	0	0
FOLD	334	655	655	1007049	1007049	0	767289
RAIL	85	428	6	327
CORRELATION	0	0	0	0
SQUARE	0	0
FOLD	335	657	657	1010124	1010124	0	769097
RAIL	173	339	6	328
CORRELATION	0	0	0	0
SQUARE	0	0
FOLD	336	659	659	1013199	1013199	0	771005
RAIL	173	340	6	329
CORRELATION	0	0	0	0
SQUARE	0	0
FOLD	337	661	661	1016274	1016274	0	772892
RAIL	86	426	6	330
CORRELATION	0	0	0	0
SQUARE	0	0
FOLD	338	663	663	1019349	1019349	0	774846
RAIL	86	427	6	331
CORRELATION	0	0	0	0
SQUARE	0	0
FOLD	339	665	665	1022424	1022424	0	776701
RAIL	172	340	6	332
CORRELATION	0	0	0	0
SQUARE	0	0
FOLD	340	667	667	1025499	1025499	0	778864
RAIL	172	341	6	333
CORRELATION	0	0	0	0
SQUARE	0	0
FOLD	341	669	669	1028574	1028574	0	780772
RAIL	87	425	6	334
CORRELATION	0	0	0	0
SQUARE	0	0
FOLD	342	671	671	1031649	1031649	0	782565
RAIL	87	426	6	335
CORRELATION	0	0	0	0
SQUARE	0	0
FOLD	343	673	673	1034724	1034724	0	784408
RAIL	171	341	6	336
CORRELATION	0	0	0	0
SQUARE	0	0
FOLD	344	675	675	1037799	1037799	0	786450
RAIL	171	342	6	337
CORRELATION	0	0	0	0
SQUARE	0	0
FOLD	345	677	677	1040874	1040874	0	788449
RAIL	88	424	6	338
CORRELATION	0	0	0	0
SQUARE	0	0
FOLD	346	679	679	1043949	1043949	0	790418
RAIL	88	425	6	339
CORRELATION	0	0	0	0
SQUARE	0	0
FOLD	347	681	681	1047024	1047024	0	792241
RAIL	170	342	6	340
CORRELATION	0	0	0	0
SQUARE	0	0
FOLD	348	683	683	1050099	1050099	0	794227
RAIL	170	343	6	341
CORRELATION	0	0	0	0
SQUARE	0	0
FOLD	349	685	685	1053174	1053174	0	796129
RAIL	89	423	6	342
CORRELATION	0	0	0	0
SQUARE	0	0
FOLD	350	687	687	1056249	1056249	0	798031
RAIL	89	424	6	343
CORRELATION	0	0	0	0
SQUARE	0	0
FOLD	351	689	689	1059324	1059324	0	799838
RAIL	169	343	6	344
CORRELATION	0	0	0	0
SQUARE	0	0
FOLD	352	691	691	1062399	1062399	0	801730
RAIL	169	344	6	345
CORRELATION	0	0	0	0
SQUARE	0	0
FOLD	353	693	693	1065474	1065474	0	803756
RAIL	90	422	6	346
CORRELATION	0	0	0	0
SQUARE	0	0
FOLD	354	695	695	1068549	1068549	0	805517
RAIL	90	423	6	347
CORRELATION	0	0	0	0
SQUARE	0	0
FOLD	355	697	697	1071624	1071624	0	807541
RAIL	168	344	6	348
CORRELATION	0	0	0	0
SQUARE	0	0
FOLD	356	699	699	1074699	1074699	0	809539
RAIL	168	345	6	349
CORRELATION	0	0	0	0
SQUARE	0	0
FOLD	357	701	701	1077774	1077774	0	811471
RAIL	91	421	6	350
CORRELATION	0	0	0	0
SQUARE	0	0
FOLD	358	703	703	1080849	1080849	0	813227
RAIL	91	422	6	351
CORRELATION	0	0	0	0
SQUARE	0	0
FOLD	359	705	705	1083924	1083924	0	815291
RAIL	167	345	6	352
CORRELATION	0	0	0	0
SQUARE	0	0
FOLD	360	707	707	1086999	1086999	0	817300
RAIL	167	346	6	353
CORRELATION	0	0	0	0
SQUARE	0	0
FOLD	361	709	709	1090074	1090074	0	819271
RAIL	92	420	6	354
CORRELATION	0	0	0	0
SQUARE	0	0
FOLD	362	711	711	1093149	1093149	0	821028
RAIL	92	421	6	355
CORRELATION	0	0	0	0
SQUARE	0	0
FOLD	363	713	713	1096224	1096224	0	822891
RAIL	166	346	6	356
CORRELATION	0	0	0	0
SQUARE	0	0
FOLD	364	715	715	1099299	1099299	0	824817
RAIL	166	347	6	357
CORRELATION	0	0	0	0
SQUARE	0	0
FOLD	365	717	717	1102374	1102374	0	826802
RAIL	93	419	6	358
CORRELATION	0	0	0	0
SQUARE	0	0
FOLD	366	719	719	1105449	1105449	0	828767
RAIL	93	420	6	359
CORRELATION	0	0	0	0
SQUARE	0	0
FOLD	367	721	721	1108524	1108524	0	830786
RAIL	165	347	6	360
CORRELATION	0	0	0	0
SQUARE	0	0
FOLD	368	723	723	1111599	1111599	0	832824
RAIL	165	348	6	361
CORRELATION	0	0	0	0
SQUARE	0	0
FOLD	369	725	725	1114674	1114674	0	834987
RAIL	94	418	6	362
CORRELATION	0	0	0	0
SQUARE	0	0
FOLD	370	727	727	1117749	1117749	0	836946
RAIL	94	419	6	363
CORRELATION	0	0	0	0
SQUARE	0	0
FOLD	371	729	729	1120824	1120824	0	838842
RAIL	164	348	6	364
CORRELATION	0	0	0	0
SQUARE	0	0
FOLD	372	731	731	1123899	1123899	0	840791
RAIL	164	349	6	365
CORRELATION	0	0	0	0
SQUARE	0	0
FOLD	373	733	733	1126974	1126974	0	842840
RAIL	95	417	6	366
CORRELATION	0	0	0	0
SQUARE	0	0
FOLD	374	735	735	1130049	1130049	0	844706
RAIL	95	418	6	367
CORRELATION	0	0	0	0
SQUARE	0	0
FOLD	375	737	737	1133124	1133124	0	846988
RAIL	163	349	6	368
CORRELATION	0	0	0	0
SQUARE	0	0
FOLD	376	739	739	1136199	1136199	0	849353
RAIL	163	350	6	369
CORRELATION	0	0	0	0
SQUARE	0	0
FOLD	377	741	741	1139274	1139274	0	851499
RAIL	96	416	6	370
CORRELATION	0	0	0	0
SQUARE	0	0
FOLD	378	743	743	1142349	1142349	0	853405
RAIL	96	417	6	371
CORRELATION	0	0	0	0
SQUARE	0	0
FOLD	379	745	745	1145424	1145424	0	855517
RAIL	162	350	6	372
CORRELATION	0	0	0	0
SQUARE	0	0
FOLD	380	747	747	1148499	1148499	0	857485
RAIL	162	351	6	373
CORRELATION	0	0	0	0
SQUARE	0	0
FOLD	381	749	749	1151574	1151574	0	859435
RAIL	97	415	6	374
CORRELATION	0	0	0	0
SQUARE	0	0
FOLD	382	751	751	1154649	1154649	0	861494
RAIL	97	416	6	375
CORRELATION	0	0	0	0
SQUARE	0	0
FOLD	383	753	753	1157724	1157724	0	863428
RAIL	161	351	6	376
CORRELATION	0	0	0	0
SQUARE	0	0
FOLD	384	755	755	1160799	1160799	0	865318
RAIL	161	352	6	377
CORRELATION	0	0	0	0
SQUARE	0	0
FOLD	385	757	757	1163874	1163874	0	867680
RAIL	98	414	6	378
CORRELATION	0	0	0	0
SQUARE	0	0
FOLD	386	759	759	1166949	1166949	0	869491
RAIL	98	415	6	379
CORRELATION	0	0	0	0
SQUARE	0	0
FOLD	387	761	761	1170024	1170024	0	871477
RAIL	160	352	6	380
CORRELATION	0	0	0	0
SQUARE	0	0
FOLD	388	763	763	1173099	1173099	0	873540
RAIL	160	353	6	381
CORRELATION	0	0	0	0
SQUARE	0	0
FOLD	389	765	765	1176174	1176174	0	875574
RAIL	99	413	6	382
CORRELATION	0	0	0	0
SQUARE	0	0
FOLD	390	767	767	1179249	1179249	0	877862
RAIL	99	414	6	383
CORRELATION	0	0	0	0
SQUARE	0	0
FOLD	391	769	769	1182324	1182324	0	879874
RAIL	159	353	6	384
CORRELATION	0	0	0	0
SQUARE	0	0
FOLD	392	771	771	1185399	1185399	0	881806
RAIL	159	354	6	385
CORRELATION	0	0	0	0
SQUARE	0	0
FOLD	393	773	773	1188474	1188474	0	883949
RAIL	100	412	6	386
CORRELATION	0	0	0	0
SQUARE	0	0
FOLD	394	775	775	1191549	1191549	0	885864
RAIL	100	413	6	387
CORRELATION	0	0	0	0
SQUARE	0	0
FOLD	395	777	777	1194624	1194624	0	887926
RAIL	158	354	6	388
CORRELATION	0	0	0	0
SQUARE	0	0
FOLD	396	779	779	1197699	1197699	0	890097
RAIL	158	355	6	389
CORRELATION	0	0	0	0
SQUARE	0	0
FOLD	397	781	781	1200774	1200774	0	892873
RAIL	101	411	6	390
CORRELATION	0	0	0	0
SQUARE	0	0
FOLD	398	783	783	1203849	1203849	0	895081
RAIL	101	412	6	391
CORRELATION	0	0	0	0
SQUARE	0	0
FOLD	399	785	785	1206924	1206924	0	897061
RAIL	157	355	6	392
CORRELATION	0	0	0	0
SQUARE	0	0
FOLD	400	787	787	1209999	1209999	0	899168
RAIL	157	356	6	393
CORRELATION	0	0	0	0
SQUARE	0	0
FOLD	401	789	789	1213074	1213074	0	901269
RAIL	102	410	6	394
CORRELATION	0	0	0	0
SQUARE	0	0
FOLD	402	791	791	1216149	1216149	0	903344
RAIL	102	411	6	395
CORRELATION	0	0	0	0
SQUARE	0	0
FOLD	403	793	793	1219224	1219224	0	905342
RAIL	156	356	6	396
CORRELATION	0	0	0	0
SQUARE	0	0
FOLD	404	795	795	1222299	1222299	0	907449
RAIL	156	357	6	397
CORRELATION	0	0	0	0
SQUARE	0	0
FOLD	405	797	797	1225374	1225374	0	909930
RAIL	103	409	6	398
CORRELATION	0	0	0	0
SQUARE	0	0
FOLD	406	799	799	1228449	1228449	0	911913
RAIL	103	410	6	399
CORRELATION	0	0	0	0
SQUARE	0	0
FOLD	407	801	801	1231524	1231524	0	913962
RAIL	155	357	6	400
CORRELATION	0	0	0	0
SQUARE	0	0
FOLD	408	803	803	1234599	1234599	0	915898
RAIL	155	358	6	401
CORRELATION	0	0	0	0
SQUARE	0	0
FOLD	409	805	805	1237674	1237674	0	917975
RAIL	104	408	6	402
CORRELATION	0	0	0	0
SQUARE	0	0
FOLD	410	807	807	1240749	1240749	0	920015
RAIL	104	409	6	403
CORRELATION	0	0	0	0
SQUARE	0	0
FOLD	411	809	809	1243824	1243824	0	922139
RAIL	154	358	6	404
CORRELATION	0	0	0	0
SQUARE	0	0
FOLD	412	811	811	1246899	1246899	0	924111
RAIL	154	359	6	405
CORRELATION	0	0	0	0
SQUARE	0	0
FOLD	413	813	813	1249974	1249974	0	926054
RAIL	105	407	6	406
CORRELATION	0	0	0	0
SQUARE	0	0
FOLD	414	815	815	1253049	1253049	0	927960
RAIL	105	408	6	407
CORRELATION	0	0	0	0
SQUARE	0	0
FOLD	415	817	817	1256124	1256124	0	930044
RAIL	153	359	6	408
CORRELATION	0	0	0	0
SQUARE	0	0
FOLD	416	819	819	1259199	1259199	0	931929
RAIL	153	360	6	409
CORRELATION	0	0	0	0
SQUARE	0	0
FOLD	417	821	821	1262274	1262274	0	933941
RAIL	106	406	6	410
CORRELATION	0	0	0	0
SQUARE	0	0
FOLD	418	823	823	1265349	1265349	0	935913
RAIL	106	407	6	411
CORRELATION	0	0	0	0
SQUARE	0	0
FOLD	419	825	825	1268424	1268424	0	937911
RAIL	152	360	6	412
CORRELATION	0	0	0	0
SQUARE	0	0
FOLD	420	827	827	1271499	1271499	0	939836
RAIL	152	361	6	413
CORRELATION	0	0	0	0
SQUARE	0	0
FOLD	421	829	829	1274574	1274574	0	941873
RAIL	107	405	6	414
CORRELATION	0	0	0	0
SQUARE	0	0
FOLD	422	831	831	1277649	1277649	0	943909
RAIL	107	406	6	415
CORRELATION	0	0	0	0
SQUARE	0	0
FOLD	423	833	833	1280724	1280724	0	945875
RAIL	151	361	6	416
CORRELATION	0	0	0	0
SQUARE	0	0
FOLD	424	835	835	1283799	1283799	0	947870
RAIL	151	362	6	417
CORRELATION	0	0	0	0
SQUARE	0	0
FOLD	425	837	837	1286874	1286874	0	949952
RAIL	108	404	6	418
CORRELATION	0	0	0	0
SQUARE	0	0
FOLD	426	839	839	1289949	1289949	0	951964
RAIL	108	405	6	419
CORRELATION	0	0	0	0
SQUARE	0	0
FOLD	427	841	841	1293024	1293024	0	954021
RAIL	150	362	6	420
CORRELATION	0	0	0	0
SQUARE	0	0
FOLD	428	843	843	1296099	1296099	0	956144
RAIL	150	363	6	421
CORRELATION	0	0	0	0
SQUARE	0	0
FOLD	429	845	845	1299174	1299174	0	958116
RAIL	109	403	6	422
CORRELATION	0	0	0	0
SQUARE	0	0
FOLD	430	847	847	1302249	1302249	0	959856
RAIL	109	404	6	423
CORRELATION	0	0	0	0
SQUARE	0	0
FOLD	431	849	849	1305324	1305324	0	961864
RAIL	149	363	6	424
CORRELATION	0	0	0	0
SQUARE	0	0
FOLD	432	851	851	1308399	1308399	0	963835
RAIL	149	364	6	425
CORRELATION	0	0	0	0
SQUARE	0	0
FOLD	433	853	853	1311474	1311474	0	965861
RAIL	110	402	6	426
CORRELATION	0	0	0	0
SQUARE	0	0
FOLD	434	855	855	1314549	1314549	0	967677
RAIL	110	403	6	427
CORRELATION	0	0	0	0
SQUARE	0	0
FOLD	435	857	857	1317624	1317624	0	969631
RAIL	148	364	6	428
CORRELATION	0	0	0	0
SQUARE	0	0
FOLD	436	859	859	1320699	1320699	0	971598
RAIL	148	365	6	429
CORRELATION	0	0	0	0
SQUARE	0	0
FOLD	437	861	861	1323774	1323774	0	973486
RAIL	111	401	6	430
CORRELATION	0	0	0	0
SQUARE	0	0
FOLD	438	863	863	1326849	1326849	0	975416
RAIL	111	402	6	431
CORRELATION	0	0	0	0
SQUARE	0	0
FOLD	439	865	865	1329924	1329924	0	977325
RAIL	147	365	6	432
CORRELATION	0	0	0	0
SQUARE	0	0
FOLD	440	867	867	1332999	1332999	0	979432
RAIL	147	366	6	433
CORRELATION	0	0	0	0
SQUARE	0	0
FOLD	441	869	869	1336074	1336074	0	981420
RAIL	112	400	6	434
CORRELATION	0	0	0	0
SQUARE	0	0
FOLD	442	871	871	1339149	1339149	0	983223
RAIL	112	401	6	435
CORRELATION	0	0	0	0
SQUARE	0	0
FOLD	443	873	873	1342224	1342224	0	985180
RAIL	146	366	6	436
CORRELATION	0	0	0	0
SQUARE	0	0
FOLD	444	875	875	1345299	1345299	0	987092
RAIL	146	367	6	437
CORRELATION	0	0	0	0
SQUARE	0	0
FOLD	445	877	877	1348374	1348374	0	989133
RAIL	113	399	6	438
CORRELATION	0	0	0	0
SQUARE	0	0
FOLD	446	879	879	1351449	1351449	0	991192
RAIL	113	400	6	439
CORRELATION	0	0	0	0
SQUARE	0	0
FOLD	447	881	881	1354524	1354524	0	993305
RAIL	145	367	6	440
CORRELATION	0	0	0	0
SQUARE	0	0
FOLD	448	883	883	1357599	1357599	0	995306
RAIL	145	368	6	441
CORRELATION	0	0	0	0
SQUARE	0	0
FOLD	449	885	885	1360674	1360674	0	997210
RAIL	114	398	6	442
CORRELATION	0	0	0	0
SQUARE	0	0
FOLD	450	887	887	1363749	1363749	0	998984
RAIL	114	399	6	443
CORRELATION	0	0	0	0
SQUARE	0	0
FOLD	451	889	889	1366824	1366824	0	1000838
RAIL	144	368	6	444
CORRELATION	0	0	0	0
SQUARE	0	0
FOLD	452	891	891	1369899	1369899	0	1002763
RAIL	144	369	6	445
CORRELATION	0	0	0	0
SQUARE	0	0
FOLD	453	893	893	1372974	1372974	0	1004574
RAIL	115	397	6	446
CORRELATION	0	0	0	0
SQUARE	0	0
FOLD	454	895	895	1376049	1376049	0	1006422
RAIL	115	398	6	447
CORRELATION	0	0	0	0
SQUARE	0	0
FOLD	455	897	897	1379124	1379124	0	1008480
RAIL	143	369	6	448
CORRELATION	0	0	0	0
SQUARE	0	0
FOLD	456	899	899	1382199	1382199	0	1010278
RAIL	143	370	6	449
CORRELATION	0	0	0	0
SQUARE	0	0
FOLD	457	901	901	1385274	1385274	0	1012062
RAIL	116	396	6	450
CORRELATION	0	0	0	0
SQUARE	0	0
FOLD	458	903	903	1388349	1388349	0	1013945
RAIL	116	397	6	451
CORRELATION	0	0	0	0
SQUARE	0	0
FOLD	459	905	905	1391424	1391424	0	1015905
RAIL	142	370	6	452
CORRELATION	0	0	0	0
SQUARE	0	0
FOLD	460	907	907	1394499	1394499	0	1017892
RAIL	142	371	6	453
CORRELATION	0	0	0	0
SQUARE	0	0
FOLD	461	909	909	1397574	1397574	0	1019822
RAIL	117	395	6	454
CORRELATION	0	0	0	0
SQUARE	0	0
FOLD	462	911	911	1400649	1400649	0	1021627
RAIL	117	396	6	455
CORRELATION	0	0	0	0
SQUARE	0	0
FOLD	463	913	913	1403724	1403724	0	1023445
RAIL	141	371	6	456
CORRELATION	0	0	0	0
SQUARE	0	0
FOLD	464	915	915	1406799	1406799	0	1025245
RAIL	141	372	6	457
CORRELATION	0	0	0	0
SQUARE	0	0
FOLD	465	917	917	1409874	1409874	0	1027120
RAIL	118	394	6	458
CORRELATION	0	0	0	0
SQUARE	0	0
FOLD	466	919	919	1412949	1412949	0	1028837
RAIL	118	395	6	459
CORRELATION	0	0	0	0
SQUARE	0	0
FOLD	467	921	921	1416024	1416024	0	1030757
RAIL	140	372	6	460
CORRELATION	0	0	0	0
SQUARE	0	0
FOLD	468	923	923	1419099	1419099	0	1032507
RAIL	140	373	6	461
CORRELATION	0	0	0	0
SQUARE	0	0
FOLD	469	925	925	1422174	1422174	0	1034435
RAIL	119	393	6	462
CORRELATION	0	0	0	0
SQUARE	0	0
FOLD	470	927	927	1425249	1425249	0	1036248
RAIL	119	394	6	463
CORRELATION	0	0	0	0
SQUARE	0	0
FOLD	471	929	929	1428324	1428324	0	1038091
RAIL	139	373	6	464
CORRELATION	0	0	0	0
SQUARE	0	0
FOLD	472	931	931	1431399	1431399	0	1039871
RAIL	139	374	6	465
CORRELATION	0	0	0	0
SQUARE	0	0
FOLD	473	933	933	1434474	1434474	0	1041727
RAIL	120	392	6	466
CORRELATION	0	0	0	0
SQUARE	0	0
FOLD	474	935	935	1437549	1437549	0	1043453
RAIL	120	393	6	467
CORRELATION	0	0	0	0
SQUARE	0	0
FOLD	475	937	937	1440624	1440624	0	1045199
RAIL	138	374	6	468
CORRELATION	0	0	0	0
SQUARE	0	0
FOLD	476	939	939	1443699	1443699	0	1047201
RAIL	138	375	6	469
CORRELATION	0	0	0	0
SQUARE	0	0
FOLD	477	941	941	1446774	1446774	0	1049035
RAIL	121	391	6	470
CORRELATION	0	0	0	0
SQUARE	0	0
FOLD	478	943	943	1449849	1449849	0	1050987
RAIL	121	392	6	471
CORRELATION	0	0	0	0
SQUARE	0	0
FOLD	479	945	945	1452924	1452924	0	1052761
RAIL	137	375	6	472
CORRELATION	0	0	0	0
SQUARE	0	0
FOLD	480	947	947	1455999	1455999	0	1054807
RAIL	137	376	6	473
CORRELATION	0	0	0	0
SQUARE	0	0
FOLD	481	949	949	1459074	1459074	0	1056687
RAIL	122	390	6	474
CORRELATION	0	0	0	0
SQUARE	0	0
FOLD	482	951	951	1462149	1462149	0	1058596
RAIL	122	391	6	475
CORRELATION	0	0	0	0
SQUARE	0	0
FOLD	483	953	953	1465224	1465224	0	1060469
RAIL	136	376	6	476
CORRELATION	0	0	0	0
SQUARE	0	0
FOLD	484	955	955	1468299	1468299	0	1062605
RAIL	136	377	6	477
CORRELATION	0	0	0	0
SQUARE	0	0
FOLD	485	957	957	1471374	1471374	0	1064663
RAIL	123	389	6	478
CORRELATION	0	0	0	0
SQUARE	0	0
FOLD	486	959	959	1474449	1474449	0	1066617
RAIL	123	390	6	479
CORRELATION	0	0	0	0
SQUARE	0	0
FOLD	487	961	961	1477524	1477524	0	1068486
RAIL	135	377	6	480
CORRELATION	0	0	0	0
SQUARE	0	0
FOLD	488	963	963	1480599	1480599	0	1070413
RAIL	135	378	6	481
CORRELATION	0	0	0	0
SQUARE	0	0
FOLD	489	965	965	1483674	1483674	0	1072223
RAIL	124	388	6	482
CORRELATION	0	0	0	0
SQUARE	0	0
FOLD	490	967	967	1486749	1486749	0	1073960
RAIL	124	389	6	483
CORRELATION	0	0	0	0
SQUARE	0	0
FOLD	491	969	969	1489824	1489824	0	1075753
RAIL	134	378	6	484
CORRELATION	0	0	0	0
SQUARE	0	0
FOLD	492	971	971	1492899	1492899	0	1077724
RAIL	134	379	6	485
CORRELATION	0	0	0	0
SQUARE	0	0
FOLD	493	973	973	1495974	1495974	0	1079617
RAIL	125	387	6	486
CORRELATION	0	0	0	0
SQUARE	0	0
FOLD	494	975	975	1499049	1499049	0	1081415
RAIL	125	388	6	487
CORRELATION	0	0	0	0
SQUARE	0	0
FOLD	495	977	977	1502124	1502124	0	1083259
RAIL	133	379	6	488
CORRELATION	0	0	0	0
SQUARE	0	0
FOLD	496	979	979	1505199	1505199	0	1085054
RAIL	133	380	6	489
CORRELATION	0	0	0	0
SQUARE	0	0
FOLD	497	981	981	1508274	1508274	0	1087002
RAIL	126	386	6	490
CORRELATION	0	0	0	0
SQUARE	0	0
FOLD	498	983	983	1511349	1511349	0	1088786
RAIL	126	387	6	491
CORRELATION	0	0	0	0
SQUARE	0	0
FOLD	499	985	985	1514424	1514424	0	1090629
RAIL	132	380	6	492
CORRELATION	0	0	0	0
SQUARE	0	0
FOLD	500	987	987	1517499	1517499	0	1092507
RAIL	132	381	6	493
CORRELATION	0	0	0	0
SQUARE	0	0
FOLD	501	989	989	1520574	1520574	0	1094694
RAIL	127	385	6	494
CORRELATION	0	0	0	0
SQUARE	0	0
FOLD	502	991	991	1523649	1523649	0	1096472
RAIL	127	386	6	495
CORRELATION	0	0	0	0
SQUARE	0	0
FOLD	503	993	993	1526724	1526724	0	1098367
RAIL	131	381	6	496
CORRELATION	0	0	0	0
SQUARE	0	0
FOLD	504	995	995	1529799	1529799	0	1100240
RAIL	131	382	6	497
CORRELATION	0	0	0	0
SQUARE	0	0
FOLD	505	997	997	1532874	1532874	0	1102158
RAIL	128	384	6	498
CORRELATION	0	0	0	0
SQUARE	0	0
FOLD	506	999	999	1535949	1535949	0	1103921
RAIL	128	385	6	499
CORRELATION	0	0	0	0
SQUARE	0	0
FOLD	507	1001	1001	1539024	1539024	0	1105907
RAIL	130	382	6	500
CORRELATION	0	0	0	0
SQUARE	0	0
FOLD	508	1003	1003	1542099	1542099	0	1108118
RAIL	130	383	6	501
CORRELATION	0	0	0	0
SQUARE	0	0
FOLD	509	1005	1005	1545174	1545174	0	1110062
RAIL	129	383	6	502
CORRELATION	0	0	0	0
SQUARE	0	0
FOLD	510	1007	1007	1548249	1548249	0	1111889
RAIL	129	384	6	503
CORRELATION	0	0	0	0
SQUARE	0	0
FOLD	510	1007	1007	1548249	1548249	0	1138623
RAIL	129	384	6	504
CORRELATION	0	0	131064	196854
SQUARE	1	517
FOLD	510	1007	1007	1548249	1548249	0	1138889
RAIL	129	384	6	504
CORRELATION	0	0	131064	196854
SQUARE	2	904
FOLD	510	1007	1007	1548249	1548249	0	1138912
RAIL	129	384	6	504
CORRELATION	0	0	131064	196854
SQUARE	4	906
FOLD	510	1007	1007	1548249	1548249	0	1138950
RAIL	129	384	6	504
CORRELATION	0	0	131064	196854
SQUARE	8	909
FOLD	510	1007	1007	1548249	1548249	0	1139016
RAIL	129	384	6	504
CORRELATION	0	0	131064	196854
SQUARE	16	911
FOLD	510	1007	1007	1548249	1548249	0	1139141
RAIL	129	384	6	504
CORRELATION	0	0	131064	196854
SQUARE	32	914
FOLD	510	1007	1007	1548249	1548249	0	1139386
RAIL	129	384	6	504
CORRELATION	0	0	131064	196854
SQUARE	64	916
FOLD	510	1007	1007	1548249	1548249	0	1139871
RAIL	129	384	6	504
CORRELATION	0	0	131064	196854
SQUARE	128	919
FOLD	510	1007	1007	1548249	1548249	0	1140911
RAIL	129	384	6	504
CORRELATION	0	0	131064	196854
SQUARE	256	921
FOLD	510	1007	1007	1548249	1548249	0	1142913
RAIL	129	384	6	504
CORRELATION	0	0	131064	196854
SQUARE	512	924
FOLD	510	1007	1007	1548249	1548249	0	1143429
RAIL	129	384	6	504
CORRELATION	1	0	131064	196854
SQUARE	512	924
FOLD	510	1007	1007	1548249	1548249	0	1147187
RAIL	129	384	6	504
CORRELATION	1	0	131064	196854
SQUARE	1024	926
FOLD	510	1007	1007	1548249	1548249	0	1147489
RAIL	129	384	6	504
CORRELATION	2	0	131064	196854
SQUARE	1024	926
FOLD	511	1008	1008	1549788	1549788	0	1151762
RAIL	256	256	6	504
CORRELATION	3	0	131064	196854
SQUARE	1536	929
FOLD	511	1008	1008	1549788	1549788	0	1157605
RAIL	256	256	6	505
CORRELATION	3	0	131064	196854
SQUARE	2048	929
FOLD	511	1008	1008	1549788	1549788	0	1158086
RAIL	256	256	6	505
CORRELATION	4	0	131064	196854
SQUARE	2048	929
FOLD	512	1009	1009	1551324	1551324	0	1158098
RAIL	256	257	6	505
CORRELATION	4	0	131064	196854
SQUARE	2048	929
FOLD	513	1010	1010	1552863	1552863	0	1164461
RAIL	3	509	6	506
CORRELATION	5	0	131064	196854
SQUARE	2560	929
FOLD	514	1009	1010	1551327	1552863	0	1179004
RAIL	255	257	7	507
CORRELATION	7	0	131064	196854
SQUARE	4096	931
FOLD	514	1009	1010	1551327	1552863	0	1179480
RAIL	255	257	7	507
CORRELATION	8	0	131064	196854
SQUARE	4096	931
FOLD	516	1011	1011	1554402	1554402	0	1185255
RAIL	4	508	7	508
CORRELATION	9	0	131064	196854
SQUARE	4608	931
FOLD	519	1012	1012	1555941	1555941	0	1210245
RAIL	5	507	8	510
CORRELATION	13	0	131064	196854
SQUARE	6656	934
FOLD	520	1013	1013	1557477	1557477	0	1227215
RAIL	253	259	8	511
CORRELATION	15	0	131064	196854
SQUARE	7680	934
FOLD	520	1013	1013	1557477	1557477	0	1232940
RAIL	253	259	8	512
CORRELATION	15	0	131064	196854
SQUARE	8192	934
FOLD	520	1013	1013	1557477	1557477	0	1233095
RAIL	253	259	8	512
CORRELATION	16	0	131064	196854
SQUARE	8192	934
FOLD	521	1014	1014	1559013	1559013	0	1233100
RAIL	253	260	8	512
CORRELATION	16	0	131064	196854
SQUARE	8192	934
FOLD	522	1015	1015	1560552	1560552	0	1238981
RAIL	6	506	8	513
CORRELATION	17	0	131064	196854
SQUARE	8704	934
FOLD	523	1016	1016	1562088	1562088	0	1249478
RAIL	252	260	8	514
CORRELATION	19	0	131064	196854
SQUARE	9728	934
FOLD	524	1017	1017	1563624	1563624	0	1255641
RAIL	252	261	8	515
CORRELATION	20	0	131064	196854
SQUARE	10240	934
FOLD	525	1018	1018	1565163	1565163	0	1261752
RAIL	7	505	8	516
CORRELATION	21	0	131064	196854
SQUARE	10752	934
FOLD	526	1019	1019	1566699	1566699	0	1267474
RAIL	7	506	8	517
CORRELATION	22	0	131064	196854
SQUARE	11264	936
FOLD	529	1020	1020	1568235	1568235	0	1285516
RAIL	8	504	9	519
CORRELATION	25	0	131064	196854
SQUARE	12800	936
FOLD	530	1021	1021	1569771	1569771	0	1291846
RAIL	8	505	9	520
CORRELATION	26	0	131064	196854
SQUARE	13312	936
FOLD	533	1022	1022	1571307	1571307	0	1308816
RAIL	9	503	10	522
CORRELATION	29	0	131064	196854
SQUARE	14848	936
FOLD	534	1023	1023	1572843	1572843	0	1315394
RAIL	9	504	10	523
CORRELATION	30	0	131064	196854
SQUARE	15360	936
FOLD	535	1024	1024	1574382	1574382	0	1321283
RAIL	249	263	10	524
CORRELATION	31	0	131064	196854
SQUARE	15872	936
FOLD	535	1024	1024	1574382	1574382	0	1327481
RAIL	249	263	10	525
CORRELATION	31	0	131064	196854
SQUARE	16384	936
FOLD	535	1024	1024	1574382	1574382	0	1327678
RAIL	249	263	10	525
CORRELATION	32	0	131064	196854
SQUARE	16384	936
FOLD	536	1025	1025	1575918	1575918	0	1327686
RAIL	249	264	10	525
CORRELATION	32	0	131064	196854
SQUARE	16384	936
FOLD	537	1026	1026	1577457	1577457	0	1334022
RAIL	10	502	10	526
CORRELATION	33	0	131064	196854
SQUARE	16896	936
FOLD	538	1027	1027	1578993	1578993	0	1340192
RAIL	10	503	10	527
CORRELATION	34	0	131064	196854
SQUARE	17408	936
FOLD	539	1028	1028	1580532	1580532	0	1346573
RAIL	248	264	10	528
CORRELATION	35	0	131064	196854
SQUARE	17920	936
FOLD	540	1029	1029	1582068	1582068	0	1352707
RAIL	248	265	10	529
CORRELATION	36	0	131064	196854
SQUARE	18432	936
FOLD	541	1030	1030	1583607	1583607	0	1359148
RAIL	11	501	10	530
CORRELATION	37	0	131064	196854
SQUARE	18944	936
FOLD	542	1031	1031	1585143	1585143	0	1364859
RAIL	11	502	10	531
CORRELATION	38	0	131064	196854
SQUARE	19456	936
FOLD	543	1032	1032	1586682	1586682	0	1371156
RAIL	247	265	10	532
CORRELATION	39	0	131064	196854
SQUARE	19968	936
FOLD	544	1033	1033	1588218	1588218	0	1377574
RAIL	247	266	10	533
CORRELATION	40	0	131064	196854
SQUARE	20480	936
FOLD	545	1034	1034	1589757	1589757	0	1384444
RAIL	12	500	10	534
CORRELATION	41	0	131064	196854
SQUARE	20992	936
FOLD	546	1035	1035	1591293	1591293	0	1390616
RAIL	12	501	10	535
CORRELATION	42	0	131064	196854
SQUARE	21504	936
FOLD	547	1036	1036	1592832	1592832	0	1396087
RAIL	246	266	10	536
CORRELATION	43	0	131064	196854
SQUARE	22016	936
FOLD	548	1037	1037	1594368	1594368	0	1402107
RAIL	246	267	10	537
CORRELATION	44	0	131064	196854
SQUARE	22528	939
FOLD	549	1038	1038	1595907	1595907	0	1408059
RAIL	13	499	10	538
CORRELATION	45	0	131064	196854
SQUARE	23040	939
FOLD	550	1039	1039	1597443	1597443	0	1414202
RAIL	13	500	10	539
CORRELATION	46	0	131064	196854
SQUARE	23552	939
FOLD	551	1040	1040	1598982	1598982	0	1421514
RAIL	245	267	10	540
CORRELATION	47	0	131064	196854
SQUARE	24064	939
FOLD	552	1041	1041	1600518	1600518	0	1427687
RAIL	245	268	10	541
CORRELATION	48	0	131064	196854
SQUARE	24576	939
FOLD	553	1042	1042	1602057	1602057	0	1433598
RAIL	14	498	10	542
CORRELATION	49	0	131064	196854
SQUARE	25088	939
FOLD	554	1043	1043	1603593	1603593	0	1440251
RAIL	14	499	10	543
CORRELATION	50	0	131064	196854
SQUARE	25600	939
FOLD	555	1044	1044	1605132	1605132	0	1446290
RAIL	244	268	10	544
CORRELATION	51	0	131064	196854
SQUARE	26112	939
FOLD	556	1045	1045	1606668	1606668	0	1452560
RAIL	244	269	10	545
CORRELATION	52	0	131064	196854
SQUARE	26624	939
FOLD	557	1046	1046	1608207	1608207	0	1461967
RAIL	15	497	10	546
CORRELATION	53	0	131064	196854
SQUARE	27136	939
FOLD	558	1047	1047	1609743	1609743	0	1470585
RAIL	15	498	10	547
CORRELATION	54	0	131064	196854
SQUARE	27648	939
FOLD	559	1048	1048	1611282	1611282	0	1480020
RAIL	243	269	10	548
CORRELATION	55	0	131064	196854
SQUARE	28160	939
FOLD	560	1049	1049	1612818	1612818	0	1487081
RAIL	243	270	10	549
CORRELATION	56	0	131064	196854
SQUARE	28672	939
FOLD	561	1050	1050	1614357	1614357	0	1493378
RAIL	16	496	10	550
CORRELATION	57	0	131064	196854
SQUARE	29184	939
FOLD	562	1051	1051	1615893	1615893	0	1500227
RAIL	16	497	10	551
CORRELATION	58	0	131064	196854
SQUARE	29696	939
FOLD	563	1052	1052	1617432	1617432	0	1506762
RAIL	242	270	10	552
CORRELATION	59	0	131064	196854
SQUARE	30208	939
FOLD	564	1053	1053	1618968	1618968	0	1513104
RAIL	242	271	10	553
CORRELATION	60	0	131064	196854
SQUARE	30720	939
FOLD	565	1054	1054	1620507	1620507	0	1519527
RAIL	17	495	10	554
CORRELATION	61	0	131064	196854
SQUARE	31232	939
FOLD	566	1055	1055	1622043	1622043	0	1525774
RAIL	17	496	10	555
CORRELATION	62	0	131064	196854
SQUARE	31744	939
FOLD	567	1056	1056	1623582	1623582	0	1532034
RAIL	241	271	10	556
CORRELATION	63	0	131064	196854
SQUARE	32256	939
FOLD	567	1056	1056	1623582	1623582	0	1538041
RAIL	241	271	10	557
CORRELATION	63	0	131064	196854
SQUARE	32768	939
FOLD	567	1056	1056	1623582	1623582	0	1538711
RAIL	241	271	10	557
CORRELATION	64	0	131064	196854
SQUARE	32768	939
FOLD	568	1057	1057	1625118	1625118	0	1538719
RAIL	241	272	10	557
CORRELATION	64	0	131064	196854
SQUARE	32768	939
FOLD	569	1058	1058	1626657	1626657	0	1544718
RAIL	18	494	10	558
CORRELATION	65	0	131064	196854
SQUARE	33280	939
FOLD	570	1059	1059	1628193	1628193	0	1550484
RAIL	18	495	10	559
CORRELATION	66	0	131064	196854
SQUARE	33792	939
FOLD	571	1060	1060	1629732	1629732	0	1557376
RAIL	240	272	10	560
CORRELATION	67	0	131064	196854
SQUARE	34304	939
FOLD	572	1061	1061	1631268	1631268	0	1563787
RAIL	240	273	10	561
CORRELATION	68	0	131064	196854
SQUARE	34816	939
FOLD	573	1062	1062	1632807	1632807	0	1570486
RAIL	19	493	10	562
CORRELATION	69	0	131064	196854
SQUARE	35328	939
FOLD	574	1063	1063	1634343	1634343	0	1576573
RAIL	19	494	10	563
CORRELATION	70	0	131064	196854
SQUARE	35840	939
FOLD	575	1064	1064	1635882	1635882	0	1583136
RAIL	239	273	10	564
CORRELATION	71	0	131064	196854
SQUARE	36352	939
FOLD	576	1065	1065	1637418	1637418	0	1589820
RAIL	239	274	10	565
CORRELATION	72	0	131064	196854
SQUARE	36864	939
FOLD	577	1066	1066	1638957	1638957	0	1596211
RAIL	20	492	10	566
CORRELATION	73	0	131064	196854
SQUARE	37376	939
FOLD	578	1067	1067	1640493	1640493	0	1602023
RAIL	20	493	10	567
CORRELATION	74	0	131064	196854
SQUARE	37888	939
FOLD	579	1068	1068	1642032	1642032	0	1607926
RAIL	238	274	10	568
CORRELATION	75	0	131064	196854
SQUARE	38400	939
FOLD	580	1069	1069	1643568	1643568	0	1614727
RAIL	238	275	10	569
CORRELATION	76	0	131064	196854
SQUARE	38912	939
FOLD	581	1070	1070	1645107	1645107	0	1621086
RAIL	21	491	10	570
CORRELATION	77	0	131064	196854
SQUARE	39424	939
FOLD	582	1071	1071	1646643	1646643	0	1626864
RAIL	21	492	10	571
CORRELATION	78	0	131064	196854
SQUARE	39936	939
FOLD	583	1072	1072	1648182	1648182	0	1633274
RAIL	237	275	10	572
CORRELATION	79	0	131064	196854
SQUARE	40448	939
FOLD	584	1073	1073	1649718	1649718	0	1640263
RAIL	237	276	10	573
CORRELATION	80	0	131064	196854
SQUARE	40960	939
FOLD	585	1074	1074	1651257	1651257	0	1646793
RAIL	22	490	10	574
CORRELATION	81	0	131064	196854
SQUARE	41472	939
FOLD	586	1075	1075	1652793	1652793	0	1652846
RAIL	22	491	10	575
CORRELATION	82	0	131064	196854
SQUARE	41984	939
FOLD	587	1076	1076	1654332	1654332	0	1659154
RAIL	236	276	10	576
CORRELATION	83	0	131064	196854
SQUARE	42496	939
FOLD	588	1077	1077	1655868	1655868	0	1665636
RAIL	236	277	10	577
CORRELATION	84	0	131064	196854
SQUARE	43008	939
FOLD	589	1078	1078	1657407	1657407	0	1671801
RAIL	23	489	10	578
CORRELATION	85	0	131064	196854
SQUARE	43520	939
FOLD	590	1079	1079	1658943	1658943	0	1677696
RAIL	23	490	10	579
CORRELATION	86	0	131064	196854
SQUARE	44032	939
FOLD	591	1080	1080	1660482	1660482	0	1684379
RAIL	235	277	10	580
CORRELATION	87	0	131064	196854
SQUARE	44544	941
FOLD	592	1081	1081	1662018	1662018	0	1691016
RAIL	235	278	10	581
CORRELATION	88	0	131064	196854
SQUARE	45056	941
FOLD	593	1082	1082	1663557	1663557	0	1697305
RAIL	24	488	10	582
CORRELATION	89	0	131064	196854
SQUARE	45568	941
FOLD	594	1083	1083	1665093	1665093	0	1704120
RAIL	24	489	10	583
CORRELATION	90	0	131064	196854
SQUARE	46080	941
FOLD	595	1084	1084	1666632	1666632	0	1710971
RAIL	234	278	10	584
CORRELATION	91	0	131064	196854
SQUARE	46592	941
FOLD	596	1085	1085	1668168	1668168	0	1717514
RAIL	234	279	10	585
CORRELATION	92	0	131064	196854
SQUARE	47104	941
FOLD	597	1086	1086	1669707	1669707	0	1723845
RAIL	25	487	10	586
CORRELATION	93	0	131064	196854
SQUARE	47616	941
FOLD	598	1087	1087	1671243	1671243	0	1730376
RAIL	25	488	10	587
CORRELATION	94	0	131064	196854
SQUARE	48128	941
FOLD	599	1088	1088	1672782	1672782	0	1737136
RAIL	233	279	10	588
CORRELATION	95	0	131064	196854
SQUARE	48640	941
FOLD	600	1089	1089	1674318	1674318	0	1743486
RAIL	233	280	10	589
CORRELATION	96	0	131064	196854
SQUARE	49152	941
FOLD	601	1090	1090	1675857	1675857	0	1749965
RAIL	26	486	10	590
CORRELATION	97	0	131064	196854
SQUARE	49664	941
FOLD	602	1091	1091	1677393	1677393	0	1755861
RAIL	26	487	10	591
CORRELATION	98	0	131064	196854
SQUARE	50176	941
FOLD	603	1092	1092	1678932	1678932	0	1762234
RAIL	232	280	10	592
CORRELATION	99	0	131064	196854
SQUARE	50688	941
FOLD	604	1093	1093	1680468	1680468	0	1768381
RAIL	232	281	10	593
CORRELATION	100	0	131064	196854
SQUARE	51200	941
FOLD	605	1094	1094	1682007	1682007	0	1774814
RAIL	27	485	10	594
CORRELATION	101	0	131064	196854
SQUARE	51712	941
FOLD	606	1095	1095	1683543	1683543	0	1781390
RAIL	27	486	10	595
CORRELATION	102	0	131064	196854
SQUARE	52224	941
FOLD	607	1096	1096	1685082	1685082	0	1787314
RAIL	231	281	10	596
CORRELATION	103	0	131064	196854
SQUARE	52736	941
FOLD	608	1097	1097	1686618	1686618	0	1793580
RAIL	231	282	10	597
CORRELATION	104	0	131064	196854
SQUARE	53248	941
FOLD	609	1098	1098	1688157	1688157	0	1799858
RAIL	28	484	10	598
CORRELATION	105	0	131064	196854
SQUARE	53760	941
FOLD	610	1099	1099	1689693	1689693	0	1805952
RAIL	28	485	10	599
CORRELATION	106	0	131064	196854
SQUARE	54272	941
FOLD	611	1100	1100	1691232	1691232	0	1811901
RAIL	230	282	10	600
CORRELATION	107	0	131064	196854
SQUARE	54784	941
FOLD	612	1101	1101	1692768	1692768	0	1818550
RAIL	230	283	10	601
CORRELATION	108	0	131064	196854
SQUARE	55296	941
FOLD	613	1102	1102	1694307	1694307	0	1824518
RAIL	29	483	10	602
CORRELATION	109	0	131064	196854
SQUARE	55808	941
FOLD	614	1103	1103	1695843	1695843	0	1830769
RAIL	29	484	10	603
CORRELATION	110	0	131064	196854
SQUARE	56320	941
FOLD	615	1104	1104	1697382	1697382	0	1837048
RAIL	229	283	10	604
CORRELATION	111	0	131064	196854
SQUARE	56832	941
FOLD	616	1105	1105	1698918	1698918	0	1844007
RAIL	229	284	10	605
CORRELATION	112	0	131064	196854
SQUARE	57344	941
FOLD	617	1106	1106	1700457	1700457	0	1850726
RAIL	30	482	10	606
CORRELATION	113	0	131064	196854
SQUARE	57856	941
FOLD	618	1107	1107	1701993	1701993	0	1857334
RAIL	30	483	10	607
CORRELATION	114	0	131064	196854
SQUARE	58368	941
FOLD	619	1108	1108	1703532	1703532	0	1863957
RAIL	228	284	10	608
CORRELATION	115	0	131064	196854
SQUARE	58880	941
FOLD	620	1109	1109	1705068	1705068	0	1870171
RAIL	228	285	10	609
CORRELATION	116	0	131064	196854
SQUARE	59392	941
FOLD	621	1110	1110	1706607	1706607	0	1876649
RAIL	31	481	10	610
CORRELATION	117	0	131064	196854
SQUARE	59904	941
FOLD	622	1111	1111	1708143	1708143	0	1882659
RAIL	31	482	10	611
CORRELATION	118	0	131064	196854
SQUARE	60416	941
FOLD	623	1112	1112	1709682	1709682	0	1888543
RAIL	227	285	10	612
CORRELATION	119	0	131064	196854
SQUARE	60928	941
FOLD	624	1113	1113	1711218	1711218	0	1894738
RAIL	227	286	10	613
CORRELATION	120	0	131064	196854
SQUARE	61440	941
FOLD	625	1114	1114	1712757	1712757	0	1901066
RAIL	32	480	10	614
CORRELATION	121	0	131064	196854
SQUARE	61952	941
FOLD	626	1115	1115	1714293	1714293	0	1907026
RAIL	32	481	10	615
CORRELATION	122	0	131064	196854
SQUARE	62464	941
FOLD	627	1116	1116	1715832	1715832	0	1913069
RAIL	226	286	10	616
CORRELATION	123	0	131064	196854
SQUARE	62976	941
FOLD	628	1117	1117	1717368	1717368	0	1919430
RAIL	226	287	10	617
CORRELATION	124	0	131064	196854
SQUARE	63488	941
FOLD	629	1118	1118	1718907	1718907	0	1925586
RAIL	33	479	10	618
CORRELATION	125	0	131064	196854
SQUARE	64000	941
FOLD	630	1119	1119	1720443	1720443	0	1931771
RAIL	33	480	10	619
CORRELATION	126	0	131064	196854
SQUARE	64512	941
FOLD	631	1120	1120	1721982	1721982	0	1937919
RAIL	225	287	10	620
CORRELATION	127	0	131064	196854
SQUARE	65024	941
FOLD	631	1120	1120	1721982	1721982	0	1943620
RAIL	225	287	10	621
CORRELATION	127	0	131064	196854
SQUARE	65536	941
FOLD	631	1120	1120	1721982	1721982	0	1944082
RAIL	225	287	10	621
CORRELATION	128	0	131064	196854
SQUARE	65536	941
FOLD	632	1121	1121	1723518	1723518	0	1944089
RAIL	225	288	10	621
CORRELATION	128	0	131064	196854
SQUARE	65536	941
FOLD	633	1122	1122	1725057	1725057	0	1950666
RAIL	34	478	10	622
CORRELATION	129	0	131064	196854
SQUARE	66048	941
FOLD	634	1123	1123	1726593	1726593	0	1957234
RAIL	34	479	10	623
CORRELATION	130	0	131064	196854
SQUARE	66560	941
FOLD	635	1124	1124	1728132	1728132	0	1963217
RAIL	224	288	10	624
CORRELATION	131	0	131064	196854
SQUARE	67072	941
FOLD	636	1125	1125	1729668	1729668	0	1969452
RAIL	224	289	10	625
CORRELATION	132	0	131064	196854
SQUARE	67584	941
FOLD	637	1126	1126	1731207	1731207	0	1975943
RAIL	35	477	10	626
CORRELATION	133	0	131064	196854
SQUARE	68096	941
FOLD	638	1127	1127	1732743	1732743	0	1982297
RAIL	35	478	10	627
CORRELATION	134	0	131064	196854
SQUARE	68608	941
FOLD	639	1128	1128	1734282	1734282	0	1988137
RAIL	223	289	10	628
CORRELATION	135	0	131064	196854
SQUARE	69120	941
FOLD	640	1129	1129	1735818	1735818	0	1996174
RAIL	223	290	10	629
CORRELATION	136	0	131064	196854
SQUARE	69632	941
FOLD	641	1130	1130	1737357	1737357	0	2004230
RAIL	36	476	10	630
CORRELATION	137	0	131064	196854
SQUARE	70144	941
FOLD	642	1131	1131	1738893	1738893	0	2016454
RAIL	36	477	10	631
CORRELATION	138	0	131064	196854
SQUARE	70656	941
FOLD	643	1132	1132	1740432	1740432	0	2028958
RAIL	222	290	10	632
CORRELATION	139	0	131064	196854
SQUARE	71168	941
FOLD	644	1133	1133	1741968	1741968	0	2041462
RAIL	222	291	10	633
CORRELATION	140	0	131064	196854
SQUARE	71680	941
FOLD	645	1134	1134	1743507	1743507	0	2058368
RAIL	37	475	10	634
CORRELATION	141	0	131064	196854
SQUARE	72192	941
FOLD	646	1135	1135	1745043	1745043	0	2065074
RAIL	37	476	10	635
CORRELATION	142	0	131064	196854
SQUARE	72704	941
FOLD	647	1136	1136	1746582	1746582	0	2071490
RAIL	221	291	10	636
CORRELATION	143	0	131064	196854
SQUARE	73216	941
FOLD	648	1137	1137	1748118	1748118	0	2077812
RAIL	221	292	10	637
CORRELATION	144	0	131064	196854
SQUARE	73728	941
FOLD	649	1138	1138	1749657	1749657	0	2084142
RAIL	38	474	10	638
CORRELATION	145	0	131064	196854
SQUARE	74240	941
FOLD	650	1139	1139	1751193	1751193	0	2090779
RAIL	38	475	10	639
CORRELATION	146	0	131064	196854
SQUARE	74752	941
FOLD	651	1140	1140	1752732	1752732	0	2096974
RAIL	220	292	10	640
CORRELATION	147	0	131064	196854
SQUARE	75264	941
FOLD	652	1141	1141	1754268	1754268	0	2103316
RAIL	220	293	10	641
CORRELATION	148	0	131064	196854
SQUARE	75776	941
FOLD	653	1142	1142	1755807	1755807	0	2109844
RAIL	39	473	10	642
CORRELATION	149	0	131064	196854
SQUARE	76288	941
FOLD	654	1143	1143	1757343	1757343	0	2116098
RAIL	39	474	10	643
CORRELATION	150	0	131064	196854
SQUARE	76800	941
FOLD	655	1144	1144	1758882	1758882	0	2122738
RAIL	219	293	10	644
CORRELATION	151	0	131064	196854
SQUARE	77312	941
FOLD	656	1145	1145	1760418	1760418	0	2129203
RAIL	219	294	10	645
CORRELATION	152	0	131064	196854
SQUARE	77824	941
FOLD	657	1146	1146	1761957	1761957	0	2135685
RAIL	40	472	10	646
CORRELATION	153	0	131064	196854
SQUARE	78336	941
FOLD	658	1147	1147	1763493	1763493	0	2141990
RAIL	40	473	10	647
CORRELATION	154	0	131064	196854
SQUARE	78848	941
FOLD	659	1148	1148	1765032	1765032	0	2151122
RAIL	218	294	10	648
CORRELATION	155	0	131064	196854
SQUARE	79360	941
FOLD	660	1149	1149	1766568	1766568	0	2161970
RAIL	218	295	10	649
CORRELATION	156	0	131064	196854
SQUARE	79872	941
FOLD	661	1150	1150	1768107	1768107	0	2173471
RAIL	41	471	10	650
CORRELATION	157	0	131064	196854
SQUARE	80384	941
FOLD	662	1151	1151	1769643	1769643	0	2184038
RAIL	41	472	10	651
CORRELATION	158	0	131064	196854
SQUARE	80896	941
FOLD	663	1152	1152	1771182	1771182	0	2191912
RAIL	217	295	10	652
CORRELATION	159	0	131064	196854
SQUARE	81408	941
FOLD	664	1153	1153	1772718	1772718	0	2198334
RAIL	217	296	10	653
CORRELATION	160	0	131064	196854
SQUARE	81920	941
FOLD	665	1154	1154	1774257	1774257	0	2205019
RAIL	42	470	10	654
CORRELATION	161	0	131064	196854
SQUARE	82432	941
FOLD	666	1155	1155	1775793	1775793	0	2211331
RAIL	42	471	10	655
CORRELATION	162	0	131064	196854
SQUARE	82944	941
FOLD	667	1156	1156	1777332	1777332	0	2217735
RAIL	216	296	10	656
CORRELATION	163	0	131064	196854
SQUARE	83456	941
FOLD	668	1157	1157	1778868	1778868	0	2224066
RAIL	216	297	10	657
CORRELATION	164	0	131064	196854
SQUARE	83968	941
FOLD	669	1158	1158	1780407	1780407	0	2231590
RAIL	43	469	10	658
CORRELATION	165	0	131064	196854
SQUARE	84480	941
FOLD	670	1159	1159	1781943	1781943	0	2238071
RAIL	43	470	10	659
CORRELATION	166	0	131064	196854
SQUARE	84992	941
FOLD	671	1160	1160	1783482	1783482	0	2244661
RAIL	215	297	10	660
CORRELATION	167	0	131064	196854
SQUARE	85504	941
FOLD	672	1161	1161	1785018	1785018	0	2250976
RAIL	215	298	10	661
CORRELATION	168	0	131064	196854
SQUARE	86016	941
FOLD	673	1162	1162	1786557	1786557	0	2257747
RAIL	44	468	10	662
CORRELATION	169	0	131064	196854
SQUARE	86528	941
FOLD	674	1163	1163	1788093	1788093	0	2263975
RAIL	44	469	10	663
CORRELATION	170	0	131064	196854
SQUARE	87040	941
FOLD	675	1164	1164	1789632	1789632	0	2270155
RAIL	214	298	10	664
CORRELATION	171	0	131064	196854
SQUARE	87552	941
FOLD	676	1165	1165	1791168	1791168	0	2279230
RAIL	214	299	10	665
CORRELATION	172	0	131064	196854
SQUARE	88064	941
FOLD	677	1166	1166	1792707	1792707	0	2286761
RAIL	45	467	10	666
CORRELATION	173	0	131064	196854
SQUARE	88576	944
FOLD	678	1167	1167	1794243	1794243	0	2294385
RAIL	45	468	10	667
CORRELATION	174	0	131064	196854
SQUARE	89088	944
FOLD	679	1168	1168	1795782	1795782	0	2300235
RAIL	213	299	10	668
CORRELATION	175	0	131064	196854
SQUARE	89600	944
FOLD	680	1169	1169	1797318	1797318	0	2307113
RAIL	213	300	10	669
CORRELATION	176	0	131064	196854
SQUARE	90112	944
FOLD	681	1170	1170	1798857	1798857	0	2313265
RAIL	46	466	10	670
CORRELATION	177	0	131064	196854
SQUARE	90624	944
FOLD	682	1171	1171	1800393	1800393	0	2319435
RAIL	46	467	10	671
CORRELATION	178	0	131064	196854
SQUARE	91136	944
FOLD	683	1172	1172	1801932	1801932	0	2325582
RAIL	212	300	10	672
CORRELATION	179	0	131064	196854
SQUARE	91648	944
FOLD	684	1173	1173	1803468	1803468	0	2331897
RAIL	212	301	10	673
CORRELATION	180	0	131064	196854
SQUARE	92160	944
FOLD	685	1174	1174	1805007	1805007	0	2337907
RAIL	47	465	10	674
CORRELATION	181	0	131064	196854
SQUARE	92672	944
FOLD	686	1175	1175	1806543	1806543	0	2344077
RAIL	47	466	10	675
CORRELATION	182	0	131064	196854
SQUARE	93184	944
FOLD	687	1176	1176	1808082	1808082	0	2350478
RAIL	211	301	10	676
CORRELATION	183	0	131064	196854
SQUARE	93696	944
FOLD	688	1177	1177	1809618	1809618	0	2356428
RAIL	211	302	10	677
CORRELATION	184	0	131064	196854
SQUARE	94208	944
FOLD	689	1178	1178	1811157	1811157	0	2362277
RAIL	48	464	10	678
CORRELATION	185	0	131064	196854
SQUARE	94720	944
FOLD	690	1179	1179	1812693	1812693	0	2368419
RAIL	48	465	10	679
CORRELATION	186	0	131064	196854
SQUARE	95232	944
FOLD	691	1180	1180	1814232	1814232	0	2374358
RAIL	210	302	10	680
CORRELATION	187	0	131064	196854
SQUARE	95744	944
FOLD	692	1181	1181	1815768	1815768	0	2380865
RAIL	210	303	10	681
CORRELATION	188	0	131064	196854
SQUARE	96256	944
FOLD	693	1182	1182	1817307	1817307	0	2388320
RAIL	49	463	10	682
CORRELATION	189	0	131064	196854
SQUARE	96768	944
FOLD	694	1183	1183	1818843	1818843	0	2393930
RAIL	49	464	10	683
CORRELATION	190	0	131064	196854
SQUARE	97280	944
FOLD	695	1184	1184	1820382	1820382	0	2400304
RAIL	209	303	10	684
CORRELATION	191	0	131064	196854
SQUARE	97792	944
FOLD	696	1185	1185	1821918	1821918	0	2406365
RAIL	209	304	10	685
CORRELATION	192	0	131064	196854
SQUARE	98304	944
FOLD	697	1186	1186	1823457	1823457	0	2413081
RAIL	50	462	10	686
CORRELATION	193	0	131064	196854
SQUARE	98816	944
FOLD	698	1187	1187	1824993	1824993	0	2419095
RAIL	50	463	10	687
CORRELATION	194	0	131064	196854
SQUARE	99328	944
FOLD	699	1188	1188	1826532	1826532	0	2424630
RAIL	208	304	10	688
CORRELATION	195	0	131064	196854
SQUARE	99840	944
FOLD	700	1189	1189	1828068	1828068	0	2430999
RAIL	208	305	10	689
CORRELATION	196	0	131064	196854
SQUARE	100352	944
FOLD	701	1190	1190	1829607	1829607	0	2437094
RAIL	51	461	10	690
CORRELATION	197	0	131064	196854
SQUARE	100864	944
FOLD	702	1191	1191	1831143	1831143	0	2443611
RAIL	51	462	10	691
CORRELATION	198	0	131064	196854
SQUARE	101376	944
FOLD	703	1192	1192	1832682	1832682	0	2449353
RAIL	207	305	10	692
CORRELATION	199	0	131064	196854
SQUARE	101888	944
FOLD	704	1193	1193	1834218	1834218	0	2455198
RAIL	207	306	10	693
CORRELATION	200	0	131064	196854
SQUARE	102400	944
FOLD	705	1194	1194	1835757	1835757	0	2461561
RAIL	52	460	10	694
CORRELATION	201	0	131064	196854
SQUARE	102912	944
FOLD	706	1195	1195	1837293	1837293	0	2467392
RAIL	52	461	10	695
CORRELATION	202	0	131064	196854
SQUARE	103424	944
FOLD	707	1196	1196	1838832	1838832	0	2474491
RAIL	206	306	10	696
CORRELATION	203	0	131064	196854
SQUARE	103936	944
FOLD	708	1197	1197	1840368	1840368	0	2481418
RAIL	206	307	10	697
CORRELATION	204	0	131064	196854
SQUARE	104448	944
FOLD	709	1198	1198	1841907	1841907	0	2487755
RAIL	53	459	10	698
CORRELATION	205	0	131064	196854
SQUARE	104960	944
FOLD	710	1199	1199	1843443	1843443	0	2494563
RAIL	53	460	10	699
CORRELATION	206	0	131064	196854
SQUARE	105472	944
FOLD	711	1200	1200	1844982	1844982	0	2500706
RAIL	205	307	10	700
CORRELATION	207	0	131064	196854
SQUARE	105984	944
FOLD	712	1201	1201	1846518	1846518	0	2507398
RAIL	205	308	10	701
CORRELATION	208	0	131064	196854
SQUARE	106496	944
FOLD	713	1202	1202	1848057	1848057	0	2513835
RAIL	54	458	10	702
CORRELATION	209	0	131064	196854
SQUARE	107008	944
FOLD	714	1203	1203	1849593	1849593	0	2522950
RAIL	54	459	10	703
CORRELATION	210	0	131064	196854
SQUARE	107520	944
FOLD	715	1204	1204	1851132	1851132	0	2531007
RAIL	204	308	10	704
CORRELATION	211	0	131064	196854
SQUARE	108032	944
FOLD	716	1205	1205	1852668	1852668	0	2537468
RAIL	204	309	10	705
CORRELATION	212	0	131064	196854
SQUARE	108544	944
FOLD	717	1206	1206	1854207	1854207	0	2543533
RAIL	55	457	10	706
CORRELATION	213	0	131064	196854
SQUARE	109056	944
FOLD	718	1207	1207	1855743	1855743	0	2549576
RAIL	55	458	10	707
CORRELATION	214	0	131064	196854
SQUARE	109568	944
FOLD	719	1208	1208	1857282	1857282	0	2556111
RAIL	203	309	10	708
CORRELATION	215	0	131064	196854
SQUARE	110080	944
FOLD	720	1209	1209	1858818	1858818	0	2562107
RAIL	203	310	10	709
CORRELATION	216	0	131064	196854
SQUARE	110592	944
FOLD	721	1210	1210	1860357	1860357	0	2569023
RAIL	56	456	10	710
CORRELATION	217	0	131064	196854
SQUARE	111104	944
FOLD	722	1211	1211	1861893	1861893	0	2576507
RAIL	56	457	10	711
CORRELATION	218	0	131064	196854
SQUARE	111616	944
FOLD	723	1212	1212	1863432	1863432	0	2583036
RAIL	202	310	10	712
CORRELATION	219	0	131064	196854
SQUARE	112128	944
FOLD	724	1213	1213	1864968	1864968	0	2590827
RAIL	202	311	10	713
CORRELATION	220	0	131064	196854
SQUARE	112640	944
FOLD	725	1214	1214	1866507	1866507	0	2600585
RAIL	57	455	10	714
CORRELATION	221	0	131064	196854
SQUARE	113152	944
FOLD	726	1215	1215	1868043	1868043	0	2610595
RAIL	57	456	10	715
CORRELATION	222	0	131064	196854
SQUARE	113664	944
FOLD	727	1216	1216	1869582	1869582	0	2620721
RAIL	201	311	10	716
CORRELATION	223	0	131064	196854
SQUARE	114176	944
FOLD	728	1217	1217	1871118	1871118	0	2630005
RAIL	201	312	10	717
CORRELATION	224	0	131064	196854
SQUARE	114688	944
FOLD	729	1218	1218	1872657	1872657	0	2636106
RAIL	58	454	10	718
CORRELATION	225	0	131064	196854
SQUARE	115200	944
FOLD	730	1219	1219	1874193	1874193	0	2642552
RAIL	58	455	10	719
CORRELATION	226	0	131064	196854
SQUARE	115712	944
FOLD	731	1220	1220	1875732	1875732	0	2648812
RAIL	200	312	10	720
CORRELATION	227	0	131064	196854
SQUARE	116224	944
FOLD	732	1221	1221	1877268	1877268	0	2654806
RAIL	200	313	10	721
CORRELATION	228	0	131064	196854
SQUARE	116736	944
FOLD	733	1222	1222	1878807	1878807	0	2661264
RAIL	59	453	10	722
CORRELATION	229	0	131064	196854
SQUARE	117248	944
FOLD	734	1223	1223	1880343	1880343	0	2667019
RAIL	59	454	10	723
CORRELATION	230	0	131064	196854
SQUARE	117760	944
FOLD	735	1224	1224	1881882	1881882	0	2673517
RAIL	199	313	10	724
CORRELATION	231	0	131064	196854
SQUARE	118272	944
FOLD	736	1225	1225	1883418	1883418	0	2679554
RAIL	199	314	10	725
CORRELATION	232	0	131064	196854
SQUARE	118784	944
FOLD	737	1226	1226	1884957	1884957	0	2685766
RAIL	60	452	10	726
CORRELATION	233	0	131064	196854
SQUARE	119296	944
FOLD	738	1227	1227	1886493	1886493	0	2692004
RAIL	60	453	10	727
CORRELATION	234	0	131064	196854
SQUARE	119808	944
FOLD	739	1228	1228	1888032	1888032	0	2698141
RAIL	198	314	10	728
CORRELATION	235	0	131064	196854
SQUARE	120320	944
FOLD	740	1229	1229	1889568	1889568	0	2709850
RAIL	198	315	10	729
CORRELATION	236	0	131064	196854
SQUARE	120832	944
FOLD	741	1230	1230	1891107	1891107	0	2720567
RAIL	61	451	10	730
CORRELATION	237	0	131064	196854
SQUARE	121344	944
FOLD	742	1231	1231	1892643	1892643	0	2729053
RAIL	61	452	10	731
CORRELATION	238	0	131064	196854
SQUARE	121856	944
FOLD	743	1232	1232	1894182	1894182	0	2737540
RAIL	197	315	10	732
CORRELATION	239	0	131064	196854
SQUARE	122368	944
FOLD	744	1233	1233	1895718	1895718	0	2744282
RAIL	197	316	10	733
CORRELATION	240	0	131064	196854
SQUARE	122880	944
FOLD	745	1234	1234	1897257	1897257	0	2753727
RAIL	62	450	10	734
CORRELATION	241	0	131064	196854
SQUARE	123392	944
FOLD	746	1235	1235	1898793	1898793	0	2762883
RAIL	62	451	10	735
CORRELATION	242	0	131064	196854
SQUARE	123904	944
FOLD	747	1236	1236	1900332	1900332	0	2768943
RAIL	196	316	10	736
CORRELATION	243	0	131064	196854
SQUARE	124416	944
FOLD	748	1237	1237	1901868	1901868	0	2775444
RAIL	196	317	10	737
CORRELATION	244	0	131064	196854
SQUARE	124928	944
FOLD	749	1238	1238	1903407	1903407	0	2781906
RAIL	63	449	10	738
CORRELATION	245	0	131064	196854
SQUARE	125440	944
FOLD	750	1239	1239	1904943	1904943	0	2788249
RAIL	63	450	10	739
CORRELATION	246	0	131064	196854
SQUARE	125952	944
FOLD	751	1240	1240	1906482	1906482	0	2794881
RAIL	195	317	10	740
CORRELATION	247	0	131064	196854
SQUARE	126464	944
FOLD	752	1241	1241	1908018	1908018	0	2801496
RAIL	195	318	10	741
CORRELATION	248	0	131064	196854
SQUARE	126976	944
FOLD	753	1242	1242	1909557	1909557	0	2808954
RAIL	64	448	10	742
CORRELATION	249	0	131064	196854
SQUARE	127488	944
FOLD	754	1243	1243	1911093	1911093	0	2815753
RAIL	64	449	10	743
CORRELATION	250	0	131064	196854
SQUARE	128000	944
FOLD	755	1244	1244	1912632	1912632	0	2822226
RAIL	194	318	10	744
CORRELATION	251	0	131064	196854
SQUARE	128512	944
FOLD	756	1245	1245	1914168	1914168	0	2832478
RAIL	194	319	10	745
CORRELATION	252	0	131064	196854
SQUARE	129024	944
FOLD	757	1246	1246	1915707	1915707	0	2840772
RAIL	65	447	10	746
CORRELATION	253	1	131064	196854
SQUARE	129536	944
FOLD	758	1247	1247	1917243	1917243	0	2851256
RAIL	65	448	10	747
CORRELATION	254	3	131064	196854
SQUARE	130048	944
FOLD	759	1248	1248	1918782	1918782	0	2856909
RAIL	193	319	10	748
CORRELATION	255	3	131064	196854
SQUARE	130560	944
FOLD	759	1248	1248	1918782	1918782	0	2862323
RAIL	193	319	10	749
CORRELATION	255	3	131064	196854
SQUARE	131072	944
FOLD	759	1248	1248	1918782	1918782	0	2866914
RAIL	193	319	10	749
CORRELATION	256	5	131064	196854
SQUARE	131072	944
FOLD	760	1249	1249	1920318	1920318	0	2866943
RAIL	193	320	10	749
CORRELATION	256	5	131064	196854
SQUARE	131072	944
FOLD	761	1250	1250	1921857	1921857	0	2876045
RAIL	66	446	10	750
CORRELATION	257	7	131064	196854
SQUARE	131584	944
FOLD	762	1251	1251	1923393	1923393	0	2881948
RAIL	66	447	10	751
CORRELATION	258	7	131064	196854
SQUARE	132096	944
FOLD	763	1252	1252	1924932	1924932	0	2887637
RAIL	192	320	10	752
CORRELATION	259	7	131064	196854
SQUARE	132608	944
FOLD	764	1253	1253	1926468	1926468	0	2898827
RAIL	192	321	10	753
CORRELATION	260	9	131064	196854
SQUARE	133120	944
FOLD	765	1254	1254	1928007	1928007	0	2908063
RAIL	67	445	10	754
CORRELATION	261	11	131064	196854
SQUARE	133632	944
FOLD	766	1255	1255	1929543	1929543	0	2913636
RAIL	67	446	10	755
CORRELATION	262	11	131064	196854
SQUARE	134144	944
FOLD	767	1256	1256	1931082	1931082	0	2922287
RAIL	191	321	10	756
CORRELATION	263	13	131064	196854
SQUARE	134656	944
FOLD	768	1257	1257	1932618	1932618	0	2940162
RAIL	191	322	10	757
CORRELATION	264	15	131064	196854
SQUARE	135168	944
FOLD	769	1258	1258	1934157	1934157	0	2950388
RAIL	68	444	10	758
CORRELATION	265	15	131064	196854
SQUARE	135680	944
FOLD	770	1259	1259	1935693	1935693	0	2956359
RAIL	68	445	10	759
CORRELATION	266	15	131064	196854
SQUARE	136192	944
FOLD	771	1260	1260	1937232	1937232	0	2962768
RAIL	190	322	10	760
CORRELATION	267	15	131064	196854
SQUARE	136704	944
FOLD	772	1261	1261	1938768	1938768	0	2973375
RAIL	190	323	10	761
CORRELATION	268	17	131064	196854
SQUARE	137216	944
FOLD	773	1262	1262	1940307	1940307	0	2984586
RAIL	69	443	10	762
CORRELATION	269	19	131064	196854
SQUARE	137728	944
FOLD	774	1263	1263	1941843	1941843	0	2993516
RAIL	69	444	10	763
CORRELATION	270	19	131064	196854
SQUARE	138240	944
FOLD	775	1264	1264	1943382	1943382	0	3011487
RAIL	189	323	10	764
CORRELATION	271	21	131064	196854
SQUARE	138752	944
FOLD	776	1265	1265	1944918	1944918	0	3021839
RAIL	189	324	10	765
CORRELATION	272	23	131064	196854
SQUARE	139264	944
FOLD	777	1266	1266	1946457	1946457	0	3027628
RAIL	70	442	10	766
CORRELATION	273	23	131064	196854
SQUARE	139776	944
FOLD	778	1267	1267	1947993	1947993	0	3033728
RAIL	70	443	10	767
CORRELATION	274	23	131064	196854
SQUARE	140288	944
FOLD	779	1268	1268	1949532	1949532	0	3043020
RAIL	188	324	10	768
CORRELATION	275	25	131064	196854
SQUARE	140800	944
FOLD	780	1269	1269	1951068	1951068	0	3051389
RAIL	188	325	10	769
CORRELATION	276	27	131064	196854
SQUARE	141312	944
FOLD	781	1270	1270	1952607	1952607	0	3064292
RAIL	71	441	10	770
CORRELATION	277	27	131064	196854
SQUARE	141824	944
FOLD	782	1271	1271	1954143	1954143	0	3082886
RAIL	71	442	10	771
CORRELATION	278	29	131064	196854
SQUARE	142336	944
FOLD	783	1272	1272	1955682	1955682	0	3100101
RAIL	187	325	10	772
CORRELATION	279	31	131064	196854
SQUARE	142848	944
FOLD	784	1273	1273	1957218	1957218	0	3105953
RAIL	187	326	10	773
CORRELATION	280	31	131064	196854
SQUARE	143360	944
FOLD	785	1274	1274	1958757	1958757	0	3111772
RAIL	72	440	10	774
CORRELATION	281	31	131064	196854
SQUARE	143872	944
FOLD	786	1275	1275	1960293	1960293	0	3117439
RAIL	72	441	10	775
CORRELATION	282	31	131064	196854
SQUARE	144384	944
FOLD	787	1276	1276	1961832	1961832	0	3123628
RAIL	186	326	10	776
CORRELATION	283	31	131064	196854
SQUARE	144896	944
FOLD	788	1277	1277	1963368	1963368	0	3129560
RAIL	186	327	10	777
CORRELATION	284	31	131064	196854
SQUARE	145408	944
FOLD	789	1278	1278	1964907	1964907	0	3135283
RAIL	73	439	10	778
CORRELATION	285	31	131064	196854
SQUARE	145920	944
FOLD	790	1279	1279	1966443	1966443	0	3145402
RAIL	73	440	10	779
CORRELATION	286	34	131064	196854
SQUARE	146432	944
FOLD	791	1280	1280	1967982	1967982	0	3151527
RAIL	185	327	10	780
CORRELATION	287	34	131064	196854
SQUARE	146944	944
FOLD	792	1281	1281	1969518	1969518	0	3160141
RAIL	185	328	10	781
CORRELATION	288	36	131064	196854
SQUARE	147456	944
FOLD	793	1282	1282	1971057	1971057	0	3166523
RAIL	74	438	10	782
CORRELATION	289	36	131064	196854
SQUARE	147968	944
FOLD	794	1283	1283	1972593	1972593	0	3173255
RAIL	74	439	10	783
CORRELATION	290	36	131064	196854
SQUARE	148480	944
FOLD	795	1284	1284	1974132	1974132	0	3183033
RAIL	184	328	10	784
CORRELATION	291	38	131064	196854
SQUARE	148992	944
FOLD	796	1285	1285	1975668	1975668	0	3198717
RAIL	184	329	10	785
CORRELATION	292	40	131064	196854
SQUARE	149504	944
FOLD	797	1286	1286	1977207	1977207	0	3205993
RAIL	75	437	10	786
CORRELATION	293	40	131064	196854
SQUARE	150016	944
FOLD	798	1287	1287	1978743	1978743	0	3217471
RAIL	75	438	10	787
CORRELATION	294	42	131064	196854
SQUARE	150528	944
FOLD	799	1288	1288	1980282	1980282	0	3228263
RAIL	183	329	10	788
CORRELATION	295	44	131064	196854
SQUARE	151040	944
FOLD	800	1289	1289	1981818	1981818	0	3234757
RAIL	183	330	10	789
CORRELATION	296	44	131064	196854
SQUARE	151552	944
FOLD	801	1290	1290	1983357	1983357	0	3240905
RAIL	76	436	10	790
CORRELATION	297	44	131064	196854
SQUARE	152064	944
FOLD	802	1291	1291	1984893	1984893	0	3247309
RAIL	76	437	10	791
CORRELATION	298	44	131064	196854
SQUARE	152576	944
FOLD	803	1292	1292	1986432	1986432	0	3259140
RAIL	182	330	10	792
CORRELATION	299	46	131064	196854
SQUARE	153088	944
FOLD	804	1293	1293	1987968	1987968	0	3268456
RAIL	182	331	10	793
CORRELATION	300	48	131064	196854
SQUARE	153600	944
FOLD	805	1294	1294	1989507	1989507	0	3276983
RAIL	77	435	10	794
CORRELATION	301	50	131064	196854
SQUARE	154112	944
FOLD	806	1295	1295	1991043	1991043	0	3282931
RAIL	77	436	10	795
CORRELATION	302	50	131064	196854
SQUARE	154624	944
FOLD	807	1296	1296	1992582	1992582	0	3289416
RAIL	181	331	10	796
CORRELATION	303	50	131064	196854
SQUARE	155136	944
FOLD	808	1297	1297	1994118	1994118	0	3300853
RAIL	181	332	10	797
CORRELATION	304	52	131064	196854
SQUARE	155648	944
FOLD	809	1298	1298	1995657	1995657	0	3311074
RAIL	78	434	10	798
CORRELATION	305	54	131064	196854
SQUARE	156160	944
FOLD	810	1299	1299	1997193	1997193	0	3319614
RAIL	78	435	10	799
CORRELATION	306	56	131064	196854
SQUARE	156672	944
FOLD	811	1300	1300	1998732	1998732	0	3326092
RAIL	180	332	10	800
CORRELATION	307	56	131064	196854
SQUARE	157184	944
FOLD	812	1301	1301	2000268	2000268	0	3334496
RAIL	180	333	10	801
CORRELATION	308	56	131064	196854
SQUARE	157696	944
FOLD	813	1302	1302	2001807	2001807	0	3342454
RAIL	79	433	10	802
CORRELATION	309	56	131064	196854
SQUARE	158208	944
FOLD	814	1303	1303	2003343	2003343	0	3353626
RAIL	79	434	10	803
CORRELATION	310	58	131064	196854
SQUARE	158720	944
FOLD	815	1304	1304	2004882	2004882	0	3369535
RAIL	179	333	10	804
CORRELATION	311	60	131064	196854
SQUARE	159232	944
FOLD	816	1305	1305	2006418	2006418	0	3380808
RAIL	179	334	10	805
CORRELATION	312	60	131064	196854
SQUARE	159744	944
FOLD	817	1306	1306	2007957	2007957	0	3395001
RAIL	80	432	10	806
CORRELATION	313	63	131064	196854
SQUARE	160256	944
FOLD	818	1307	1307	2009493	2009493	0	3404744
RAIL	80	433	10	807
CORRELATION	314	63	131064	196854
SQUARE	160768	944
FOLD	819	1308	1308	2011032	2011032	0	3412783
RAIL	178	334	10	808
CORRELATION	315	63	131064	196854
SQUARE	161280	944
FOLD	820	1309	1309	2012568	2012568	0	3423912
RAIL	178	335	10	809
CORRELATION	316	65	131064	196854
SQUARE	161792	944
FOLD	821	1310	1310	2014107	2014107	0	3432161
RAIL	81	431	10	810
CORRELATION	317	67	131064	196854
SQUARE	162304	944
FOLD	822	1311	1311	2015643	2015643	0	3438076
RAIL	81	432	10	811
CORRELATION	318	67	131064	196854
SQUARE	162816	944
FOLD	823	1312	1312	2017182	2017182	0	3450793
RAIL	177	335	10	812
CORRELATION	319	70	131064	196854
SQUARE	163328	944
FOLD	824	1313	1313	2018718	2018718	0	3456932
RAIL	177	336	10	813
CORRELATION	320	70	131064	196854
SQUARE	163840	944
FOLD	825	1314	1314	2020257	2020257	0	3462668
RAIL	82	430	10	814
CORRELATION	321	70	131064	196854
SQUARE	164352	944
FOLD	826	1315	1315	2021793	2021793	0	3468250
RAIL	82	431	10	815
CORRELATION	322	70	131064	196854
SQUARE	164864	944
FOLD	827	1316	1316	2023332	2023332	0	3474555
RAIL	176	336	10	816
CORRELATION	323	70	131064	196854
SQUARE	165376	944
FOLD	828	1317	1317	2024868	2024868	0	3480725
RAIL	176	337	10	817
CORRELATION	324	70	131064	196854
SQUARE	165888	944
FOLD	829	1318	1318	2026407	2026407	0	3486814
RAIL	83	429	10	818
CORRELATION	325	70	131064	196854
SQUARE	166400	944
FOLD	830	1319	1319	2027943	2027943	0	3493067
RAIL	83	430	10	819
CORRELATION	326	70	131064	196854
SQUARE	166912	944
FOLD	831	1320	1320	2029482	2029482	0	3501561
RAIL	175	337	10	820
CORRELATION	327	72	131064	196854
SQUARE	167424	944
FOLD	832	1321	1321	2031018	2031018	0	3507928
RAIL	175	338	10	821
CORRELATION	328	72	131064	196854
SQUARE	167936	944
FOLD	833	1322	1322	2032557	2032557	0	3537443
RAIL	84	428	10	822
CORRELATION	329	74	131064	196854
SQUARE	168448	944
FOLD	834	1323	1323	2034093	2034093	0	3547694
RAIL	84	429	10	823
CORRELATION	330	74	131064	196854
SQUARE	168960	944
FOLD	835	1324	1324	2035632	2035632	0	3571144
RAIL	174	338	10	824
CORRELATION	331	76	131064	196854
SQUARE	169472	944
FOLD	836	1325	1325	2037168	2037168	0	3597597
RAIL	174	339	10	825
CORRELATION	332	78	131064	196854
SQUARE	169984	944
FOLD	837	1326	1326	2038707	2038707	0	3603714
RAIL	85	427	10	826
CORRELATION	333	78	131064	196854
SQUARE	170496	944
FOLD	838	1327	1327	2040243	2040243	0	3614741
RAIL	85	428	10	827
CORRELATION	334	81	131064	196854
SQUARE	171008	944
FOLD	839	1328	1328	2041782	2041782	0	3620523
RAIL	173	339	10	828
CORRELATION	335	81	131064	196854
SQUARE	171520	944
FOLD	840	1329	1329	2043318	2043318	0	3626863
RAIL	173	340	10	829
CORRELATION	336	81	131064	196854
SQUARE	172032	944
FOLD	841	1330	1330	2044857	2044857	0	3633182
RAIL	86	426	10	830
CORRELATION	337	81	131064	196854
SQUARE	172544	944
FOLD	842	1331	1331	2046393	2046393	0	3639823
RAIL	86	427	10	831
CORRELATION	338	81	131064	196854
SQUARE	173056	944
FOLD	843	1332	1332	2047932	2047932	0	3667319
RAIL	172	340	10	832
CORRELATION	339	83	131064	196854
SQUARE	173568	944
FOLD	844	1333	1333	2049468	2049468	0	3673735
RAIL	172	341	10	833
CORRELATION	340	84	131064	196854
SQUARE	174080	944
FOLD	845	1334	1334	2051007	2051007	0	3713147
RAIL	87	425	10	834
CORRELATION	341	86	131064	196854
SQUARE	174592	944
FOLD	846	1335	1335	2052543	2052543	0	3720613
RAIL	87	426	10	835
CORRELATION	342	88	131064	196854
SQUARE	175104	944
FOLD	847	1336	1336	2054082	2054082	0	3727453
RAIL	171	341	10	836
CORRELATION	343	88	131064	196854
SQUARE	175616	944
FOLD	848	1337	1337	2055618	2055618	0	3733746
RAIL	171	342	10	837
CORRELATION	344	88	131064	196854
SQUARE	176128	944
FOLD	849	1338	1338	2057157	2057157	0	3786113
RAIL	88	424	10	838
CORRELATION	345	90	131064	196854
SQUARE	176640	944
FOLD	850	1339	1339	2058693	2058693	0	3825813
RAIL	88	425	10	839
CORRELATION	346	92	131064	196854
SQUARE	177152	946
FOLD	851	1340	1340	2060232	2060232	0	3838012
RAIL	170	342	10	840
CORRELATION	347	94	131064	196854
SQUARE	177664	946
FOLD	852	1341	1341	2061768	2061768	0	3844316
RAIL	170	343	10	841
CORRELATION	348	94	131064	196854
SQUARE	178176	946
FOLD	853	1342	1342	2063307	2063307	0	3851528
RAIL	89	423	10	842
CORRELATION	349	94	131064	196854
SQUARE	178688	946
FOLD	854	1343	1343	2064843	2064843	0	3894544
RAIL	89	424	10	843
CORRELATION	350	96	131064	196854
SQUARE	179200	946
FOLD	855	1344	1344	2066382	2066382	0	3900376
RAIL	169	343	10	844
CORRELATION	351	97	131064	196854
SQUARE	179712	946
FOLD	856	1345	1345	2067918	2067918	0	3906772
RAIL	169	344	10	845
CORRELATION	352	98	131064	196854
SQUARE	180224	946
FOLD	857	1346	1346	2069457	2069457	0	3914674
RAIL	90	422	10	846
CORRELATION	353	100	131064	196854
SQUARE	180736	946
FOLD	858	1347	1347	2070993	2070993	0	3922964
RAIL	90	423	10	847
CORRELATION	354	100	131064	196854
SQUARE	181248	946
FOLD	859	1348	1348	2072532	2072532	0	3928829
RAIL	168	344	10	848
CORRELATION	355	100	131064	196854
SQUARE	181760	946
FOLD	860	1349	1349	2074068	2074068	0	3979102
RAIL	168	345	10	849
CORRELATION	356	102	131064	196854
SQUARE	182272	946
FOLD	861	1350	1350	2075607	2075607	0	4035242
RAIL	91	421	10	850
CORRELATION	357	105	131064	196854
SQUARE	182784	946
FOLD	862	1351	1351	2077143	2077143	0	4041416
RAIL	91	422	10	851
CORRELATION	358	105	131064	196854
SQUARE	183296	946
FOLD	863	1352	1352	2078682	2078682	0	4047709
RAIL	167	345	10	852
CORRELATION	359	105	131064	196854
SQUARE	183808	946
FOLD	864	1353	1353	2080218	2080218	0	4054672
RAIL	167	346	10	853
CORRELATION	360	105	131064	196854
SQUARE	184320	946
FOLD	865	1354	1354	2081757	2081757	0	4061624
RAIL	92	420	10	854
CORRELATION	361	105	131064	196854
SQUARE	184832	946
FOLD	866	1355	1355	2083293	2083293	0	4092628
RAIL	92	421	10	855
CORRELATION	362	109	131064	196854
SQUARE	185344	946
FOLD	867	1356	1356	2084832	2084832	0	4099677
RAIL	166	346	10	856
CORRELATION	363	109	131064	196854
SQUARE	185856	946
FOLD	868	1357	1357	2086368	2086368	0	4105646
RAIL	166	347	10	857
CORRELATION	364	110	131064	196854
SQUARE	186368	946
FOLD	869	1358	1358	2087907	2087907	0	4133826
RAIL	93	419	10	858
CORRELATION	365	112	131064	196854
SQUARE	186880	946
FOLD	870	1359	1359	2089443	2089443	0	4163848
RAIL	93	420	10	859
CORRELATION	366	114	131064	196854
SQUARE	187392	946
FOLD	871	1360	1360	2090982	2090982	0	4171671
RAIL	165	347	10	860
CORRELATION	367	115	131064	196854
SQUARE	187904	946
FOLD	872	1361	1361	2092518	2092518	0	4177401
RAIL	165	348	10	861
CORRELATION	368	115	131064	196854
SQUARE	188416	946
FOLD	873	1362	1362	2094057	2094057	0	4208133
RAIL	94	418	10	862
CORRELATION	369	117	131064	196854
SQUARE	188928	946
FOLD	874	1363	1363	2095593	2095593	0	4215398
RAIL	94	419	10	863
CORRELATION	370	117	131064	196854
SQUARE	189440	946
FOLD	875	1364	1364	2097132	2097132	0	4268126
RAIL	164	348	10	864
CORRELATION	371	120	131064	196854
SQUARE	189952	946
FOLD	876	1365	1365	2098668	2098668	0	4275765
RAIL	164	349	10	865
CORRELATION	372	120	131064	196854
SQUARE	190464	946
FOLD	877	1366	1366	2100207	2100207	0	4288113
RAIL	95	417	10	866
CORRELATION	373	120	131064	196854
SQUARE	190976	946
FOLD	878	1367	1367	2101743	2101743	0	4302849
RAIL	95	418	10	867
CORRELATION	374	120	131064	196854
SQUARE	191488	946
FOLD	879	1368	1368	2103282	2103282	0	4316230
RAIL	163	349	10	868
CORRELATION	375	120	131064	196854
SQUARE	192000	946
FOLD	880	1369	1369	2104818	2104818	0	4329591
RAIL	163	350	10	869
CORRELATION	376	120	131064	196854
SQUARE	192512	946
FOLD	881	1370	1370	2106357	2106357	0	4366771
RAIL	96	416	10	870
CORRELATION	377	122	131064	196854
SQUARE	193024	946
FOLD	882	1371	1371	2107893	2107893	0	4378503
RAIL	96	417	10	871
CORRELATION	378	122	131064	196854
SQUARE	193536	946
FOLD	883	1372	1372	2109432	2109432	0	4390074
RAIL	162	350	10	872
CORRELATION	379	122	131064	196854
SQUARE	194048	946
FOLD	884	1373	1373	2110968	2110968	0	4471694
RAIL	162	351	10	873
CORRELATION	380	126	131064	196854
SQUARE	194560	946
FOLD	885	1374	1374	2112507	2112507	0	4478047
RAIL	97	415	10	874
CORRELATION	381	126	131064	196854
SQUARE	195072	946
FOLD	886	1375	1375	2114043	2114043	0	4535936
RAIL	97	416	10	875
CORRELATION	382	128	131064	196854
SQUARE	195584	946
FOLD	887	1376	1376	2115582	2115582	0	4588984
RAIL	161	351	10	876
CORRELATION	383	130	131064	196854
SQUARE	196096	946
FOLD	888	1377	1377	2117118	2117118	0	4595913
RAIL	161	352	10	877
CORRELATION	384	130	131064	196854
SQUARE	196608	946
FOLD	889	1378	1378	2118657	2118657	0	4602434
RAIL	98	414	10	878
CORRELATION	385	130	131064	196854
SQUARE	197120	946
FOLD	890	1379	1379	2120193	2120193	0	4611549
RAIL	98	415	10	879
CORRELATION	386	132	131064	196854
SQUARE	197632	946
FOLD	891	1380	1380	2121732	2121732	0	4618706
RAIL	160	352	10	880
CORRELATION	387	134	131064	196854
SQUARE	198144	946
FOLD	892	1381	1381	2123268	2123268	0	4632419
RAIL	160	353	10	881
CORRELATION	388	136	131064	196854
SQUARE	198656	946
FOLD	893	1382	1382	2124807	2124807	0	4638895
RAIL	99	413	10	882
CORRELATION	389	136	131064	196854
SQUARE	199168	946
FOLD	894	1383	1383	2126343	2126343	0	4646264
RAIL	99	414	10	883
CORRELATION	390	136	131064	196854
SQUARE	199680	946
FOLD	895	1384	1384	2127882	2127882	0	4654356
RAIL	159	353	10	884
CORRELATION	391	137	131064	196854
SQUARE	200192	946
FOLD	896	1385	1385	2129418	2129418	0	4662222
RAIL	159	354	10	885
CORRELATION	392	137	131064	196854
SQUARE	200704	946
FOLD	897	1386	1386	2130957	2130957	0	4710700
RAIL	100	412	10	886
CORRELATION	393	139	131064	196854
SQUARE	201216	946
FOLD	898	1387	1387	2132493	2132493	0	4740867
RAIL	100	413	10	887
CORRELATION	394	141	131064	196854
SQUARE	201728	946
FOLD	899	1388	1388	2134032	2134032	0	4746853
RAIL	158	354	10	888
CORRELATION	395	141	131064	196854
SQUARE	202240	946
FOLD	900	1389	1389	2135568	2135568	0	4754490
RAIL	158	355	10	889
CORRELATION	396	141	131064	196854
SQUARE	202752	946
FOLD	901	1390	1390	2137107	2137107	0	4787525
RAIL	101	411	10	890
CORRELATION	397	145	131064	196854
SQUARE	203264	946
FOLD	902	1391	1391	2138643	2138643	0	4794387
RAIL	101	412	10	891
CORRELATION	398	145	131064	196854
SQUARE	203776	946
FOLD	903	1392	1392	2140182	2140182	0	4800648
RAIL	157	355	10	892
CORRELATION	399	145	131064	196854
SQUARE	204288	946
FOLD	904	1393	1393	2141718	2141718	0	4807569
RAIL	157	356	10	893
CORRELATION	400	146	131064	196854
SQUARE	204800	946
FOLD	905	1394	1394	2143257	2143257	0	4814175
RAIL	102	410	10	894
CORRELATION	401	146	131064	196854
SQUARE	205312	946
FOLD	906	1395	1395	2144793	2144793	0	4866175
RAIL	102	411	10	895
CORRELATION	402	148	131064	196854
SQUARE	205824	946
FOLD	907	1396	1396	2146332	2146332	0	4873369
RAIL	156	356	10	896
CORRELATION	403	150	131064	196854
SQUARE	206336	946
FOLD	908	1397	1397	2147868	2147868	0	4882192
RAIL	156	357	10	897
CORRELATION	404	150	131064	196854
SQUARE	206848	946
FOLD	909	1398	1398	2149407	2149407	0	4890908
RAIL	103	409	10	898
CORRELATION	405	150	131064	196854
SQUARE	207360	946
FOLD	910	1399	1399	2150943	2150943	0	4953472
RAIL	103	410	10	899
CORRELATION	406	153	131064	196854
SQUARE	207872	946
FOLD	911	1400	1400	2152482	2152482	0	4966260
RAIL	155	357	10	900
CORRELATION	407	154	131064	196854
SQUARE	208384	946
FOLD	912	1401	1401	2154018	2154018	0	5032194
RAIL	155	358	10	901
CORRELATION	408	157	131064	196854
SQUARE	208896	946
FOLD	913	1402	1402	2155557	2155557	0	5038437
RAIL	104	408	10	902
CORRELATION	409	157	131064	196854
SQUARE	209408	946
FOLD	914	1403	1403	2157093	2157093	0	5045553
RAIL	104	409	10	903
CORRELATION	410	157	131064	196854
SQUARE	209920	946
FOLD	915	1404	1404	2158632	2158632	0	5051810
RAIL	154	358	10	904
CORRELATION	411	157	131064	196854
SQUARE	210432	946
FOLD	916	1405	1405	2160168	2160168	0	5059565
RAIL	154	359	10	905
CORRELATION	412	158	131064	196854
SQUARE	210944	946
FOLD	917	1406	1406	2161707	2161707	0	5065746
RAIL	105	407	10	906
CORRELATION	413	158	131064	196854
SQUARE	211456	946
FOLD	918	1407	1407	2163243	2163243	0	5076099
RAIL	105	408	10	907
CORRELATION	414	158	131064	196854
SQUARE	211968	946
FOLD	919	1408	1408	2164782	2164782	0	5143433
RAIL	153	359	10	908
CORRELATION	415	160	131064	196854
SQUARE	212480	946
FOLD	920	1409	1409	2166318	2166318	0	5219414
RAIL	153	360	10	909
CORRELATION	416	162	131064	196854
SQUARE	212992	946
FOLD	921	1410	1410	2167857	2167857	0	5230888
RAIL	106	406	10	910
CORRELATION	417	162	131064	196854
SQUARE	213504	946
FOLD	922	1411	1411	2169393	2169393	0	5248375
RAIL	106	407	10	911
CORRELATION	418	164	131064	196854
SQUARE	214016	946
FOLD	923	1412	1412	2170932	2170932	0	5272451
RAIL	152	360	10	912
CORRELATION	419	166	131064	196854
SQUARE	214528	946
FOLD	924	1413	1413	2172468	2172468	0	5279847
RAIL	152	361	10	913
CORRELATION	420	166	131064	196854
SQUARE	215040	946
FOLD	925	1414	1414	2174007	2174007	0	5289499
RAIL	107	405	10	914
CORRELATION	421	168	131064	196854
SQUARE	215552	946
FOLD	926	1415	1415	2175543	2175543	0	5298472
RAIL	107	406	10	915
CORRELATION	422	170	131064	196854
SQUARE	216064	946
FOLD	927	1416	1416	2177082	2177082	0	5304393
RAIL	151	361	10	916
CORRELATION	423	170	131064	196854
SQUARE	216576	946
FOLD	928	1417	1417	2178618	2178618	0	5313998
RAIL	151	362	10	917
CORRELATION	424	171	131064	196854
SQUARE	217088	946
FOLD	929	1418	1418	2180157	2180157	0	5324503
RAIL	108	404	10	918
CORRELATION	425	173	131064	196854
SQUARE	217600	946
FOLD	930	1419	1419	2181693	2181693	0	5335580
RAIL	108	405	10	919
CORRELATION	426	173	131064	196854
SQUARE	218112	946
FOLD	931	1420	1420	2183232	2183232	0	5343918
RAIL	150	362	10	920
CORRELATION	427	175	131064	196854
SQUARE	218624	946
FOLD	932	1421	1421	2184768	2184768	0	5353160
RAIL	150	363	10	921
CORRELATION	428	177	131064	196854
SQUARE	219136	946
FOLD	933	1422	1422	2186307	2186307	0	5359722
RAIL	109	403	10	922
CORRELATION	429	177	131064	196854
SQUARE	219648	946
FOLD	934	1423	1423	2187843	2187843	0	5366425
RAIL	109	404	10	923
CORRELATION	430	179	131064	196854
SQUARE	220160	946
FOLD	935	1424	1424	2189382	2189382	0	5376812
RAIL	149	363	10	924
CORRELATION	431	181	131064	196854
SQUARE	220672	946
FOLD	936	1425	1425	2190918	2190918	0	5383017
RAIL	149	364	10	925
CORRELATION	432	181	131064	196854
SQUARE	221184	946
FOLD	937	1426	1426	2192457	2192457	0	5388940
RAIL	110	402	10	926
CORRELATION	433	181	131064	196854
SQUARE	221696	946
FOLD	938	1427	1427	2193993	2193993	0	5395241
RAIL	110	403	10	927
CORRELATION	434	181	131064	196854
SQUARE	222208	946
FOLD	939	1428	1428	2195532	2195532	0	5400897
RAIL	148	364	10	928
CORRELATION	435	181	131064	196854
SQUARE	222720	946
FOLD	940	1429	1429	2197068	2197068	0	5408091
RAIL	148	365	10	929
CORRELATION	436	181	131064	196854
SQUARE	223232	946
FOLD	941	1430	1430	2198607	2198607	0	5414425
RAIL	111	401	10	930
CORRELATION	437	182	131064	196854
SQUARE	223744	946
FOLD	942	1431	1431	2200143	2200143	0	5420203
RAIL	111	402	10	931
CORRELATION	438	182	131064	196854
SQUARE	224256	946
FOLD	943	1432	1432	2201682	2201682	0	5452116
RAIL	147	365	10	932
CORRELATION	439	184	131064	196854
SQUARE	224768	946
FOLD	944	1433	1433	2203218	2203218	0	5514936
RAIL	147	366	10	933
CORRELATION	440	186	131064	196854
SQUARE	225280	946
FOLD	945	1434	1434	2204757	2204757	0	5522322
RAIL	112	400	10	934
CORRELATION	441	187	131064	196854
SQUARE	225792	946
FOLD	946	1435	1435	2206293	2206293	0	5528384
RAIL	112	401	10	935
CORRELATION	442	187	131064	196854
SQUARE	226304	946
FOLD	947	1436	1436	2207832	2207832	0	5535886
RAIL	146	366	10	936
CORRELATION	443	188	131064	196854
SQUARE	226816	946
FOLD	948	1437	1437	2209368	2209368	0	5587536
RAIL	146	367	10	937
CORRELATION	444	190	131064	196854
SQUARE	227328	946
FOLD	949	1438	1438	2210907	2210907	0	5595845
RAIL	113	399	10	938
CORRELATION	445	192	131064	196854
SQUARE	227840	946
FOLD	950	1439	1439	2212443	2212443	0	5601439
RAIL	113	400	10	939
CORRELATION	446	192	131064	196854
SQUARE	228352	946
FOLD	951	1440	1440	2213982	2213982	0	5607311
RAIL	145	367	10	940
CORRELATION	447	192	131064	196854
SQUARE	228864	946
FOLD	952	1441	1441	2215518	2215518	0	5613532
RAIL	145	368	10	941
CORRELATION	448	192	131064	196854
SQUARE	229376	946
FOLD	953	1442	1442	2217057	2217057	0	5621418
RAIL	114	398	10	942
CORRELATION	449	193	131064	196854
SQUARE	229888	946
FOLD	954	1443	1443	2218593	2218593	0	5670839
RAIL	114	399	10	943
CORRELATION	450	195	131064	196854
SQUARE	230400	946
FOLD	955	1444	1444	2220132	2220132	0	5678050
RAIL	144	368	10	944
CORRELATION	451	195	131064	196854
SQUARE	230912	946
FOLD	956	1445	1445	2221668	2221668	0	5732360
RAIL	144	369	10	945
CORRELATION	452	198	131064	196854
SQUARE	231424	946
FOLD	957	1446	1446	2223207	2223207	0	5739346
RAIL	115	397	10	946
CORRELATION	453	198	131064	196854
SQUARE	231936	946
FOLD	958	1447	1447	2224743	2224743	0	5794361
RAIL	115	398	10	947
CORRELATION	454	201	131064	196854
SQUARE	232448	946
FOLD	959	1448	1448	2226282	2226282	0	5800124
RAIL	143	369	10	948
CORRELATION	455	201	131064	196854
SQUARE	232960	946
FOLD	960	1449	1449	2227818	2227818	0	5806695
RAIL	143	370	10	949
CORRELATION	456	201	131064	196854
SQUARE	233472	946
FOLD	961	1450	1450	2229357	2229357	0	5813692
RAIL	116	396	10	950
CORRELATION	457	201	131064	196854
SQUARE	233984	946
FOLD	962	1451	1451	2230893	2230893	0	5868223
RAIL	116	397	10	951
CORRELATION	458	206	131064	196854
SQUARE	234496	946
FOLD	963	1452	1452	2232432	2232432	0	5875613
RAIL	142	370	10	952
CORRELATION	459	206	131064	196854
SQUARE	235008	946
FOLD	964	1453	1453	2233968	2233968	0	5882770
RAIL	142	371	10	953
CORRELATION	460	206	131064	196854
SQUARE	235520	946
FOLD	965	1454	1454	2235507	2235507	0	5889183
RAIL	117	395	10	954
CORRELATION	461	206	131064	196854
SQUARE	236032	946
FOLD	966	1455	1455	2237043	2237043	0	5922281
RAIL	117	396	10	955
CORRELATION	462	208	131064	196854
SQUARE	236544	946
FOLD	967	1456	1456	2238582	2238582	0	5929137
RAIL	141	371	10	956
CORRELATION	463	208	131064	196854
SQUARE	237056	946
FOLD	968	1457	1457	2240118	2240118	0	5935208
RAIL	141	372	10	957
CORRELATION	464	208	131064	196854
SQUARE	237568	946
FOLD	969	1458	1458	2241657	2241657	0	5950008
RAIL	118	394	10	958
CORRELATION	465	210	131064	196854
SQUARE	238080	946
FOLD	970	1459	1459	2243193	2243193	0	5967491
RAIL	118	395	10	959
CORRELATION	466	213	131064	196854
SQUARE	238592	946
FOLD	971	1460	1460	2244732	2244732	0	5973704
RAIL	140	372	10	960
CORRELATION	467	213	131064	196854
SQUARE	239104	946
FOLD	972	1461	1461	2246268	2246268	0	5980819
RAIL	140	373	10	961
CORRELATION	468	213	131064	196854
SQUARE	239616	946
FOLD	973	1462	1462	2247807	2247807	0	6036134
RAIL	119	393	10	962
CORRELATION	469	215	131064	196854
SQUARE	240128	946
FOLD	974	1463	1463	2249343	2249343	0	6089889
RAIL	119	394	10	963
CORRELATION	470	218	131064	196854
SQUARE	240640	946
FOLD	975	1464	1464	2250882	2250882	0	6096264
RAIL	139	373	10	964
CORRELATION	471	218	131064	196854
SQUARE	241152	946
FOLD	976	1465	1465	2252418	2252418	0	6102486
RAIL	139	374	10	965
CORRELATION	472	218	131064	196854
SQUARE	241664	946
FOLD	977	1466	1466	2253957	2253957	0	6109748
RAIL	120	392	10	966
CORRELATION	473	218	131064	196854
SQUARE	242176	946
FOLD	978	1467	1467	2255493	2255493	0	6122220
RAIL	120	393	10	967
CORRELATION	474	221	131064	196854
SQUARE	242688	946
FOLD	979	1468	1468	2257032	2257032	0	6132052
RAIL	138	374	10	968
CORRELATION	475	223	131064	196854
SQUARE	243200	946
FOLD	980	1469	1469	2258568	2258568	0	6144291
RAIL	138	375	10	969
CORRELATION	476	226	131064	196854
SQUARE	243712	946
FOLD	981	1470	1470	2260107	2260107	0	6151282
RAIL	121	391	10	970
CORRELATION	477	226	131064	196854
SQUARE	244224	946
FOLD	982	1471	1471	2261643	2261643	0	6157180
RAIL	121	392	10	971
CORRELATION	478	226	131064	196854
SQUARE	244736	946
FOLD	983	1472	1472	2263182	2263182	0	6163218
RAIL	137	375	10	972
CORRELATION	479	226	131064	196854
SQUARE	245248	946
FOLD	984	1473	1473	2264718	2264718	0	6169920
RAIL	137	376	10	973
CORRELATION	480	226	131064	196854
SQUARE	245760	946
FOLD	985	1474	1474	2266257	2266257	0	6177941
RAIL	122	390	10	974
CORRELATION	481	226	131064	196854
SQUARE	246272	946
FOLD	986	1475	1475	2267793	2267793	0	6188534
RAIL	122	391	10	975
CORRELATION	482	228	131064	196854
SQUARE	246784	946
FOLD	987	1476	1476	2269332	2269332	0	6197214
RAIL	136	376	10	976
CORRELATION	483	230	131064	196854
SQUARE	247296	946
FOLD	988	1477	1477	2270868	2270868	0	6206947
RAIL	136	377	10	977
CORRELATION	484	230	131064	196854
SQUARE	247808	946
FOLD	989	1478	1478	2272407	2272407	0	6218215
RAIL	123	389	10	978
CORRELATION	485	230	131064	196854
SQUARE	248320	946
FOLD	990	1479	1479	2273943	2273943	0	6272031
RAIL	123	390	10	979
CORRELATION	486	232	131064	196854
SQUARE	248832	946
FOLD	991	1480	1480	2275482	2275482	0	6324549
RAIL	135	377	10	980
CORRELATION	487	234	131064	196854
SQUARE	249344	946
FOLD	992	1481	1481	2277018	2277018	0	6336177
RAIL	135	378	10	981
CORRELATION	488	237	131064	196854
SQUARE	249856	946
FOLD	993	1482	1482	2278557	2278557	0	6346601
RAIL	124	388	10	982
CORRELATION	489	237	131064	196854
SQUARE	250368	946
FOLD	994	1483	1483	2280093	2280093	0	6355457
RAIL	124	389	10	983
CORRELATION	490	238	131064	196854
SQUARE	250880	946
FOLD	995	1484	1484	2281632	2281632	0	6361622
RAIL	134	378	10	984
CORRELATION	491	238	131064	196854
SQUARE	251392	946
FOLD	996	1485	1485	2283168	2283168	0	6369326
RAIL	134	379	10	985
CORRELATION	492	239	131064	196854
SQUARE	251904	946
FOLD	997	1486	1486	2284707	2284707	0	6379521
RAIL	125	387	10	986
CORRELATION	493	241	131064	196854
SQUARE	252416	946
FOLD	998	1487	1487	2286243	2286243	0	6385817
RAIL	125	388	10	987
CORRELATION	494	241	131064	196854
SQUARE	252928	946
FOLD	999	1488	1488	2287782	2287782	0	6392932
RAIL	133	379	10	988
CORRELATION	495	241	131064	196854
SQUARE	253440	946
FOLD	1000	1489	1489	2289318	2289318	0	6407049
RAIL	133	380	10	989
CORRELATION	496	244	131064	196854
SQUARE	253952	946
FOLD	1001	1490	1490	2290857	2290857	0	6417060
RAIL	126	386	10	990
CORRELATION	497	246	131064	196854
SQUARE	254464	946
FOLD	1002	1491	1491	2292393	2292393	0	6422985
RAIL	126	387	10	991
CORRELATION	498	246	131064	196854
SQUARE	254976	946
FOLD	1003	1492	1492	2293932	2293932	0	6428940
RAIL	132	380	10	992
CORRELATION	499	246	131064	196854
SQUARE	255488	946
FOLD	1004	1493	1493	2295468	2295468	0	6434916
RAIL	132	381	10	993
CORRELATION	500	246	131064	196854
SQUARE	256000	946
FOLD	1005	1494	1494	2297007	2297007	0	6446716
RAIL	127	385	10	994
CORRELATION	501	246	131064	196854
SQUARE	256512	946
FOLD	1006	1495	1495	2298543	2298543	0	6458207
RAIL	127	386	10	995
CORRELATION	502	246	131064	196854
SQUARE	257024	946
FOLD	1007	1496	1496	2300082	2300082	0	6471497
RAIL	131	381	10	996
CORRELATION	503	246	131064	196854
SQUARE	257536	946
FOLD	1008	1497	1497	2301618	2301618	0	6484942
RAIL	131	382	10	997
CORRELATION	504	246	131064	196854
SQUARE	258048	946
FOLD	1009	1498	1498	2303157	2303157	0	6504691
RAIL	128	384	10	998
CORRELATION	505	246	131064	196854
SQUARE	258560	946
FOLD	1010	1499	1499	2304693	2304693	0	6564184
RAIL	128	385	10	999
CORRELATION	506	248	131064	196854
SQUARE	259072	946
FOLD	1011	1500	1500	2306232	2306232	0	6578159
RAIL	130	382	10	1000
CORRELATION	507	248	131064	196854
SQUARE	259584	946
FOLD	1012	1501	1501	2307768	2307768	0	6630024
RAIL	130	383	10	1001
CORRELATION	508	250	131064	196854
SQUARE	260096	946
FOLD	1013	1502	1502	2309307	2309307	0	6678265
RAIL	129	383	10	1002
CORRELATION	509	252	131064	196854
SQUARE	260608	946
FOLD	1014	1503	1503	2310843	2310843	0	6688287
RAIL	129	384	10	1003
CORRELATION	510	254	131064	196854
SQUARE	261120	946
FOLD	1014	1503	1503	2310843	2310843	0	6701945
RAIL	129	384	10	1004
CORRELATION	511	256	131064	196854
SQUARE	262144	946
FOLD	1014	1503	1503	2310843	2310843	0	6703109
RAIL	129	384	10	1004
CORRELATION	512	256	131064	196854
SQUARE	262144	946
FOLD	1015	1504	1504	2312382	2312382	0	6707825
RAIL	256	256	10	1004
CORRELATION	513	256	131064	196854
SQUARE	262656	946
FOLD	1016	1505	1505	2313918	2313918	0	6718859
RAIL	256	257	10	1005
CORRELATION	514	258	131064	196854
SQUARE	263168	946
FOLD	1017	1506	1506	2315457	2315457	0	6725360
RAIL	3	509	10	1006
CORRELATION	515	258	131064	196854
SQUARE	263680	946
FOLD	1020	1507	1507	2316996	2316996	0	6759397
RAIL	4	508	11	1008
CORRELATION	519	264	131064	196854
SQUARE	265728	946
FOLD	1023	1508	1508	2318535	2318535	0	6788662
RAIL	5	507	12	1010
CORRELATION	523	268	131064	196854
SQUARE	267776	946
FOLD	1024	1507	1508	2316999	2318535	0	6796383
RAIL	253	259	13	1010
CORRELATION	525	268	131064	196854
SQUARE	268800	946
FOLD	1026	1509	1509	2320074	2320074	0	6810272
RAIL	6	506	13	1012
CORRELATION	527	268	131064	196854
SQUARE	269824	946
FOLD	1029	1510	1510	2321613	2321613	0	6876704
RAIL	7	505	14	1014
CORRELATION	531	271	131064	196854
SQUARE	271872	946
FOLD	1030	1511	1511	2323149	2323149	0	6887654
RAIL	7	506	14	1015
CORRELATION	532	271	131064	196854
SQUARE	272384	946
FOLD	1033	1512	1512	2324685	2324685	0	6977015
RAIL	8	504	15	1017
CORRELATION	535	276	131064	196854
SQUARE	273920	946
FOLD	1034	1513	1513	2326221	2326221	0	6987600
RAIL	8	505	15	1018
CORRELATION	536	278	131064	196854
SQUARE	274432	946
FOLD	1037	1514	1514	2327757	2327757	0	7007623
RAIL	9	503	16	1020
CORRELATION	539	278	131064	196854
SQUARE	275968	946
FOLD	1038	1515	1515	2329293	2329293	0	7036225
RAIL	9	504	16	1021
CORRELATION	540	279	131064	196854
SQUARE	276480	946
FOLD	1041	1516	1516	2330829	2330829	0	7061806
RAIL	10	502	17	1023
CORRELATION	543	283	131064	196854
SQUARE	278016	946
FOLD	1042	1517	1517	2332365	2332365	0	7110978
RAIL	10	503	17	1024
CORRELATION	544	285	131064	196854
SQUARE	278528	946
FOLD	1043	1518	1518	2333904	2333904	0	7116758
RAIL	248	264	17	1025
CORRELATION	545	285	131064	196854
SQUARE	279040	946
FOLD	1044	1519	1519	2335440	2335440	0	7125302
RAIL	248	265	17	1026
CORRELATION	546	286	131064	196854
SQUARE	279552	946
FOLD	1045	1520	1520	2336979	2336979	0	7139329
RAIL	11	501	17	1027
CORRELATION	547	288	131064	196854
SQUARE	280064	946
FOLD	1046	1521	1521	2338515	2338515	0	7147419
RAIL	11	502	17	1028
CORRELATION	548	288	131064	196854
SQUARE	280576	946
FOLD	1047	1522	1522	2340054	2340054	0	7154409
RAIL	247	265	17	1029
CORRELATION	549	288	131064	196854
SQUARE	281088	946
FOLD	1048	1523	1523	2341590	2341590	0	7161346
RAIL	247	266	17	1030
CORRELATION	550	289	131064	196854
SQUARE	281600	946
FOLD	1049	1524	1524	2343129	2343129	0	7167783
RAIL	12	500	17	1031
CORRELATION	551	289	131064	196854
SQUARE	282112	946
FOLD	1050	1525	1525	2344665	2344665	0	7181909
RAIL	12	501	17	1032
CORRELATION	552	291	131064	196854
SQUARE	282624	946
FOLD	1051	1526	1526	2346204	2346204	0	7189387
RAIL	246	266	17	1033
CORRELATION	553	291	131064	196854
SQUARE	283136	946
FOLD	1052	1527	1527	2347740	2347740	0	7200034
RAIL	246	267	17	1034
CORRELATION	554	293	131064	196854
SQUARE	283648	946
FOLD	1053	1528	1528	2349279	2349279	0	7209737
RAIL	13	499	17	1035
CORRELATION	555	295	131064	196854
SQUARE	284160	946
FOLD	1054	1529	1529	2350815	2350815	0	7215410
RAIL	13	500	17	1036
CORRELATION	556	295	131064	196854
SQUARE	284672	946
FOLD	1055	1530	1530	2352354	2352354	0	7221206
RAIL	245	267	17	1037
CORRELATION	557	295	131064	196854
SQUARE	285184	946
FOLD	1056	1531	1531	2353890	2353890	0	7227177
RAIL	245	268	17	1038
CORRELATION	558	295	131064	196854
SQUARE	285696	946
FOLD	1057	1532	1532	2355429	2355429	0	7233130
RAIL	14	498	17	1039
CORRELATION	559	295	131064	196854
SQUARE	286208	946
FOLD	1058	1533	1533	2356965	2356965	0	7240617
RAIL	14	499	17	1040
CORRELATION	560	295	131064	196854
SQUARE	286720	946
FOLD	1059	1534	1534	2358504	2358504	0	7247395
RAIL	244	268	17	1041
CORRELATION	561	295	131064	196854
SQUARE	287232	946
FOLD	1060	1535	1535	2360040	2360040	0	7257566
RAIL	244	269	17	1042
CORRELATION	562	297	131064	196854
SQUARE	287744	946
FOLD	1061	1536	1536	2361579	2361579	0	7274884
RAIL	15	497	17	1043
CORRELATION	563	299	131064	196854
SQUARE	288256	946
FOLD	1062	1537	1537	2363115	2363115	0	7281189
RAIL	15	498	17	1044
CORRELATION	564	299	131064	196854
SQUARE	288768	946
FOLD	1063	1538	1538	2364654	2364654	0	7298861
RAIL	243	269	17	1045
CORRELATION	565	301	131064	196854
SQUARE	289280	946
FOLD	1064	1539	1539	2366190	2366190	0	7332787
RAIL	243	270	17	1046
CORRELATION	566	303	131064	196854
SQUARE	289792	946
FOLD	1065	1540	1540	2367729	2367729	0	7340013
RAIL	16	496	17	1047
CORRELATION	567	303	131064	196854
SQUARE	290304	946
FOLD	1066	1541	1541	2369265	2369265	0	7347065
RAIL	16	497	17	1048
CORRELATION	568	303	131064	196854
SQUARE	290816	946
FOLD	1067	1542	1542	2370804	2370804	0	7354445
RAIL	242	270	17	1049
CORRELATION	569	303	131064	196854
SQUARE	291328	946
FOLD	1068	1543	1543	2372340	2372340	0	7388382
RAIL	242	271	17	1050
CORRELATION	570	305	131064	196854
SQUARE	291840	946
FOLD	1069	1544	1544	2373879	2373879	0	7397323
RAIL	17	495	17	1051
CORRELATION	571	305	131064	196854
SQUARE	292352	946
FOLD	1070	1545	1545	2375415	2375415	0	7407512
RAIL	17	496	17	1052
CORRELATION	572	305	131064	196854
SQUARE	292864	946
FOLD	1071	1546	1546	2376954	2376954	0	7442871
RAIL	241	271	17	1053
CORRELATION	573	307	131064	196854
SQUARE	293376	946
FOLD	1072	1547	1547	2378490	2378490	0	7496503
RAIL	241	272	17	1054
CORRELATION	574	309	131064	196854
SQUARE	293888	946
FOLD	1073	1548	1548	2380029	2380029	0	7503663
RAIL	18	494	17	1055
CORRELATION	575	309	131064	196854
SQUARE	294400	946
FOLD	1074	1549	1549	2381565	2381565	0	7515202
RAIL	18	495	17	1056
CORRELATION	576	311	131064	196854
SQUARE	294912	946
FOLD	1075	1550	1550	2383104	2383104	0	7526591
RAIL	240	272	17	1057
CORRELATION	577	313	131064	196854
SQUARE	295424	946
FOLD	1076	1551	1551	2384640	2384640	0	7533398
RAIL	240	273	17	1058
CORRELATION	578	313	131064	196854
SQUARE	295936	946
FOLD	1077	1552	1552	2386179	2386179	0	7540552
RAIL	19	493	17	1059
CORRELATION	579	313	131064	196854
SQUARE	296448	946
FOLD	1078	1553	1553	2387715	2387715	0	7548443
RAIL	19	494	17	1060
CORRELATION	580	313	131064	196854
SQUARE	296960	946
FOLD	1079	1554	1554	2389254	2389254	0	7555056
RAIL	239	273	17	1061
CORRELATION	581	313	131064	196854
SQUARE	297472	946
FOLD	1080	1555	1555	2390790	2390790	0	7635813
RAIL	239	274	17	1062
CORRELATION	582	316	131064	196854
SQUARE	297984	946
FOLD	1081	1556	1556	2392329	2392329	0	7642685
RAIL	20	492	17	1063
CORRELATION	583	316	131064	196854
SQUARE	298496	946
FOLD	1082	1557	1557	2393865	2393865	0	7650582
RAIL	20	493	17	1064
CORRELATION	584	316	131064	196854
SQUARE	299008	946
FOLD	1083	1558	1558	2395404	2395404	0	7662367
RAIL	238	274	17	1065
CORRELATION	585	318	131064	196854
SQUARE	299520	946
FOLD	1084	1559	1559	2396940	2396940	0	7671316
RAIL	238	275	17	1066
CORRELATION	586	320	131064	196854
SQUARE	300032	946
FOLD	1085	1560	1560	2398479	2398479	0	7678293
RAIL	21	491	17	1067
CORRELATION	587	320	131064	196854
SQUARE	300544	946
FOLD	1086	1561	1561	2400015	2400015	0	7732976
RAIL	21	492	17	1068
CORRELATION	588	322	131064	196854
SQUARE	301056	946
FOLD	1087	1562	1562	2401554	2401554	0	7806176
RAIL	237	275	17	1069
CORRELATION	589	324	131064	196854
SQUARE	301568	946
FOLD	1088	1563	1563	2403090	2403090	0	7813299
RAIL	237	276	17	1070
CORRELATION	590	324	131064	196854
SQUARE	302080	946
FOLD	1089	1564	1564	2404629	2404629	0	7820057
RAIL	22	490	17	1071
CORRELATION	591	324	131064	196854
SQUARE	302592	946
FOLD	1090	1565	1565	2406165	2406165	0	7852549
RAIL	22	491	17	1072
CORRELATION	592	326	131064	196854
SQUARE	303104	946
FOLD	1091	1566	1566	2407704	2407704	0	7888944
RAIL	236	276	17	1073
CORRELATION	593	328	131064	196854
SQUARE	303616	946
FOLD	1092	1567	1567	2409240	2409240	0	7895412
RAIL	236	277	17	1074
CORRELATION	594	328	131064	196854
SQUARE	304128	946
FOLD	1093	1568	1568	2410779	2410779	0	7927119
RAIL	23	489	17	1075
CORRELATION	595	330	131064	196854
SQUARE	304640	946
FOLD	1094	1569	1569	2412315	2412315	0	7938000
RAIL	23	490	17	1076
CORRELATION	596	332	131064	196854
SQUARE	305152	946
FOLD	1095	1570	1570	2413854	2413854	0	7944198
RAIL	235	277	17	1077
CORRELATION	597	332	131064	196854
SQUARE	305664	946
FOLD	1096	1571	1571	2415390	2415390	0	7950448
RAIL	235	278	17	1078
CORRELATION	598	332	131064	196854
SQUARE	306176	946
FOLD	1097	1572	1572	2416929	2416929	0	7957260
RAIL	24	488	17	1079
CORRELATION	599	332	131064	196854
SQUARE	306688	946
FOLD	1098	1573	1573	2418465	2418465	0	7963994
RAIL	24	489	17	1080
CORRELATION	600	332	131064	196854
SQUARE	307200	946
FOLD	1099	1574	1574	2420004	2420004	0	7969730
RAIL	234	278	17	1081
CORRELATION	601	332	131064	196854
SQUARE	307712	946
FOLD	1100	1575	1575	2421540	2421540	0	7984493
RAIL	234	279	17	1082
CORRELATION	602	335	131064	196854
SQUARE	308224	946
FOLD	1101	1576	1576	2423079	2423079	0	7992630
RAIL	25	487	17	1083
CORRELATION	603	336	131064	196854
SQUARE	308736	946
