seconds	bits	base_width	relation_target	polynomials	scanned_positions	candidates	relations	core_rows	core_columns	cofactor_le_base2	cofactor_le_base4	cofactor_larger	a_bits	target_a_bits	candidate_bits
0.007271	0	0	0	0	0	0	0	0	0	0	0	0	0	0	0
0.017703	0	0	0	0	0	0	0	0	0	0	0	0	0	0	0
0.026734	0	0	0	0	0	0	0	0	0	0	0	0	0	0	0
0.039358	0	0	0	0	0	0	0	0	0	0	0	0	0	0	0
0.052530	0	0	0	0	0	0	0	0	0	0	0	0	0	0	0
0.064614	0	0	0	0	0	0	0	0	0	0	0	0	0	0	0
0.073634	0	0	0	0	0	0	0	0	0	0	0	0	0	0	0
0.079796	0	0	0	0	0	0	0	0	0	0	0	0	0	0	0
0.087616	0	0	0	0	0	0	0	0	0	0	0	0	0	0	0
0.097499	0	0	0	0	0	0	0	0	0	0	0	0	0	0	0
0.105884	0	0	0	0	0	0	0	0	0	0	0	0	0	0	0
0.113951	0	0	0	0	0	0	0	0	0	0	0	0	0	0	0
0.127509	0	0	0	0	0	0	0	0	0	0	0	0	0	0	0
0.133583	0	0	0	0	0	0	0	0	0	0	0	0	0	81	0
0.142621	0	0	0	0	0	0	0	0	0	0	0	0	0	81	0
0.154672	0	0	0	0	0	0	0	0	0	0	0	0	0	81	0
0.166785	208	10973	11037	0	0	0	0	0	0	0	0	0	0	81	0
0.176439	208	10973	11037	0	0	0	0	0	0	0	0	0	0	81	0
0.185564	208	10973	11037	0	0	0	0	0	0	0	0	0	0	81	0
0.194285	208	10973	11037	0	0	0	0	0	0	0	0	0	0	81	0
0.201818	208	10973	11037	0	0	0	0	0	0	0	0	0	0	81	0
0.216087	208	10973	11037	0	0	0	0	0	0	0	0	0	0	81	0
0.230413	208	10973	11037	0	0	0	0	0	0	0	0	0	0	81	0
0.239403	208	10973	11037	0	0	0	0	0	0	0	0	0	0	81	0
0.246688	208	10973	11037	0	0	0	0	0	0	0	0	0	0	81	0
0.254017	208	10973	11037	0	0	0	0	0	0	0	0	0	0	81	0
0.260066	208	10973	11037	0	0	0	0	0	0	0	0	0	0	81	0
0.273142	208	10973	11037	0	0	0	0	0	0	0	0	0	0	81	0
0.279681	208	10973	11037	0	0	0	0	0	0	0	0	0	0	81	0
0.286260	208	10973	11037	0	0	0	0	0	0	0	0	0	0	81	0
0.301349	208	10973	11037	0	0	0	0	0	0	0	0	0	0	81	0
0.309292	208	10973	11037	0	0	0	0	0	0	0	0	0	0	81	0
0.315887	208	10973	11037	0	0	0	0	0	0	0	0	0	0	81	0
0.327491	208	10973	11037	0	0	0	0	0	0	0	0	0	0	81	0
0.339412	208	10973	11037	0	0	0	0	0	0	0	0	0	0	81	0
0.352451	208	10973	11037	0	0	0	0	0	0	0	0	0	0	81	0
0.365290	208	10973	11037	0	0	0	0	0	0	0	0	0	0	81	0
0.379592	208	10973	11037	0	0	0	0	0	0	0	0	0	0	81	0
0.392014	208	10973	11037	0	0	0	0	0	0	0	0	0	0	81	0
0.404447	208	10973	11037	0	0	0	0	0	0	0	0	0	0	81	0
0.411079	208	10973	11037	0	0	0	0	0	0	0	0	0	0	81	0
0.420801	208	10973	11037	0	0	0	0	0	0	0	0	0	0	81	0
0.435652	208	10973	11037	0	0	0	0	0	0	0	0	0	0	81	0
0.441693	208	10973	11037	0	0	0	0	0	0	0	0	0	0	81	0
0.455417	208	10973	11037	0	0	0	0	0	0	0	0	0	0	81	0
0.463295	208	10973	11037	0	0	0	0	0	0	0	0	0	0	81	0
0.477654	208	10973	11037	0	0	0	0	0	0	0	0	0	0	81	0
0.486119	208	10973	11037	0	0	0	0	0	0	0	0	0	0	81	0
0.492225	208	10973	11037	0	0	0	0	0	0	0	0	0	0	81	0
0.503481	208	10973	11037	0	0	0	0	0	0	0	0	0	0	81	0
0.510894	208	10973	11037	0	0	0	0	0	0	0	0	0	0	81	0
0.520967	208	10973	11037	0	0	0	0	0	0	0	0	0	0	81	0
0.532552	208	10973	11037	0	0	0	0	0	0	0	0	0	0	81	0
0.546272	208	10973	11037	0	0	0	0	0	0	0	0	0	0	81	0
0.557497	208	10973	11037	0	0	0	0	0	0	0	0	0	0	81	0
0.571015	208	10973	11037	0	0	0	0	0	0	0	0	0	0	81	0
0.581983	208	10973	11037	0	0	0	0	0	0	0	0	0	0	81	0
0.590919	208	10973	11037	1	0	0	0	0	0	0	0	0	81	81	0
0.605390	208	10973	11037	1	5505024	3	1	0	0	2	0	0	81	81	120
0.615786	208	10973	11037	1	10485760	10	3	0	0	7	0	0	81	81	127
0.623307	208	10973	11037	1	13959168	17	6	0	0	10	0	0	81	81	127
0.638364	208	10973	11037	1	21299200	26	10	0	0	16	0	0	81	81	121
0.650129	208	10973	11037	2	26883585	30	10	0	0	20	0	0	81	81	126
0.656313	208	10973	11037	2	29767169	33	12	0	0	21	0	0	81	81	126
0.666606	208	10973	11037	2	34682369	36	12	0	0	24	0	0	81	81	127
0.673431	208	10973	11037	2	37959169	43	12	0	0	31	0	0	81	81	127
0.685544	208	10973	11037	2	43857409	50	13	0	0	37	0	0	81	81	126
0.697624	208	10973	11037	3	49376258	57	18	0	0	39	0	0	81	81	127
0.712792	208	10973	11037	3	56978434	63	22	0	0	41	0	0	81	81	127
0.725580	208	10973	11037	3	63269890	72	25	0	0	47	0	0	81	81	127
0.738281	208	10973	11037	3	69299202	82	30	0	0	52	0	0	81	81	125
0.748201	208	10973	11037	4	73769475	85	31	0	0	54	0	0	81	81	127
0.763219	208	10973	11037	4	80978435	95	34	0	0	61	0	0	81	81	127
0.769338	208	10973	11037	4	83862019	100	34	0	0	66	0	0	81	81	127
0.779127	208	10973	11037	4	88449539	111	36	0	0	75	0	0	81	81	127
0.789499	208	10973	11037	4	93626883	116	37	0	0	79	0	0	81	81	126
0.796827	208	10973	11037	5	96851972	119	40	0	0	79	0	0	81	81	127
0.805236	208	10973	11037	5	100980740	124	40	0	0	83	0	0	81	81	125
0.816583	208	10973	11037	5	105699332	132	40	0	0	92	0	0	81	81	127
0.828368	208	10973	11037	5	110942212	144	42	0	0	102	0	0	81	81	127
0.842817	208	10973	11037	5	117757956	155	48	0	0	107	0	0	81	81	125
0.851048	208	10973	11037	6	121376261	163	50	0	0	113	0	0	81	81	127
0.860114	208	10973	11037	6	125636101	167	53	0	0	114	0	0	81	81	125
0.866804	208	10973	11037	6	128912901	170	53	0	0	117	0	0	81	81	127
0.878124	208	10973	11037	6	134483461	173	53	0	0	120	0	0	81	81	127
0.892015	208	10973	11037	6	141233669	182	57	0	0	125	0	0	81	81	125
0.907187	208	10973	11037	7	148325382	187	57	0	0	130	0	0	81	81	124
0.920312	208	10973	11037	7	154485766	196	58	0	0	138	0	0	81	81	127
0.931991	208	10973	11037	7	160056326	204	60	0	0	144	0	0	81	81	127
0.944073	208	10973	11037	7	165168134	210	60	0	0	150	0	0	81	81	125
0.953555	208	10973	11037	8	169507335	216	61	0	0	155	0	0	81	81	127
0.959963	208	10973	11037	8	172587527	220	63	0	0	157	0	0	81	81	125
0.974024	208	10973	11037	8	178289159	234	67	0	0	166	0	0	81	81	127
0.984184	208	10973	11037	8	183204359	242	69	0	0	173	0	0	81	81	127
0.995237	208	10973	11037	8	188578311	252	71	0	0	181	0	0	81	81	123
1.009725	208	10973	11037	9	195473416	258	74	0	0	183	0	0	81	81	124
1.019464	208	10973	11037	9	200060936	261	76	0	0	185	0	0	81	81	127
1.027221	208	10973	11037	9	203730952	266	79	0	0	188	0	0	81	81	127
1.035858	208	10973	11037	9	207925256	271	81	0	0	191	0	0	81	81	127
1.043108	208	10973	11037	9	211398664	276	84	0	0	193	0	0	81	81	126
1.052341	208	10973	11037	10	216000009	279	86	0	0	194	0	0	81	81	127
1.060562	208	10973	11037	10	219670025	284	86	0	0	199	0	0	81	81	126
1.066581	208	10973	11037	10	222422537	291	89	0	0	203	0	0	81	81	126
1.072799	208	10973	11037	10	225371657	296	90	0	0	207	0	0	81	81	127
1.078315	208	10973	11037	10	227993097	302	91	0	0	212	0	0	81	81	127
1.085580	208	10973	11037	10	231532041	306	91	0	0	216	0	0	81	81	127
1.092510	208	10973	11037	10	234939913	307	91	0	0	217	0	0	81	81	126
1.098665	208	10973	11037	10	237954569	308	92	0	0	217	0	0	81	81	125
1.110037	208	10973	11037	11	242490378	314	94	0	0	221	0	0	81	81	126
1.124529	208	10973	11037	11	249371658	319	96	0	0	224	0	0	81	81	127
1.132307	208	10973	11037	11	252910602	322	96	0	0	227	0	0	81	81	127
1.142849	208	10973	11037	11	257170442	326	98	0	0	229	0	0	81	81	127
1.148768	208	10973	11037	11	259988490	330	99	0	0	231	0	0	81	81	122
1.157413	208	10973	11037	11	263855114	337	101	0	0	237	0	0	81	81	127
1.164514	208	10973	11037	12	266883595	341	103	0	0	239	0	0	81	81	127
1.170612	208	10973	11037	12	269767179	343	104	0	0	240	0	0	81	81	124
1.182062	208	10973	11037	12	275206667	349	105	0	0	245	0	0	81	81	127
1.187908	208	10973	11037	12	278090251	349	105	0	0	245	0	0	81	81	127
1.197823	208	10973	11037	12	282087947	351	107	0	0	245	0	0	81	81	127
1.210303	208	10973	11037	13	288000012	358	110	0	0	249	0	0	81	81	127
1.223753	208	10973	11037	13	293373964	365	112	0	0	254	0	0	81	81	125
1.231416	208	10973	11037	13	297109516	367	112	0	0	256	0	0	81	81	127
1.243414	208	10973	11037	13	302876684	375	114	0	0	262	0	0	81	81	127
1.253255	208	10973	11037	13	307529740	380	117	0	0	264	0	0	81	81	126
1.261976	208	10973	11037	13	311789580	383	118	0	0	266	0	0	81	81	127
1.270708	208	10973	11037	14	315014669	384	119	0	0	266	0	0	81	81	126
1.278304	208	10973	11037	14	318422541	387	119	0	0	269	0	0	81	81	126
1.286916	208	10973	11037	14	322158093	391	120	0	0	272	0	0	81	81	127
1.293280	208	10973	11037	14	325172749	395	122	0	0	274	0	0	81	81	127
1.305068	208	10973	11037	14	330743309	409	126	0	0	284	0	0	81	81	126
1.317554	208	10973	11037	15	336589838	414	128	0	0	287	0	0	81	81	127
1.327232	208	10973	11037	15	341439502	415	128	0	0	288	0	0	81	81	127
1.332835	208	10973	11037	15	344060942	420	129	0	0	292	0	0	81	81	127
1.344127	208	10973	11037	15	349369358	431	132	0	0	300	0	0	81	81	127
1.355627	208	10973	11037	15	354874382	439	135	0	0	305	0	0	81	81	126
1.364607	208	10973	11037	15	359003150	445	139	0	0	306	0	0	81	81	127
1.377700	208	10973	11037	16	365046287	453	141	0	0	313	0	0	81	81	125
1.392346	208	10973	11037	16	372058639	457	141	0	0	317	0	0	81	81	127
1.405175	208	10973	11037	16	377825807	466	145	0	0	322	0	0	81	81	126
1.411210	208	10973	11037	16	380381711	472	148	0	0	325	0	0	81	81	123
1.417542	208	10973	11037	16	383396367	476	149	0	0	328	0	0	81	81	127
1.422748	208	10973	11037	17	385638416	478	150	0	0	328	0	0	81	81	127
1.428849	208	10973	11037	17	388587536	479	151	0	0	329	0	0	81	81	126
1.440757	208	10973	11037	17	392978448	484	152	0	0	333	0	0	81	81	127
1.452371	208	10973	11037	17	398614544	494	154	0	0	341	0	0	81	81	127
1.465563	208	10973	11037	17	404971536	500	157	0	0	344	0	0	81	81	124
1.471854	208	10973	11037	17	407855120	508	159	0	0	350	0	0	81	81	127
1.479491	208	10973	11037	18	411014673	515	162	0	0	354	0	0	81	81	125
1.493592	208	10973	11037	18	417633809	524	165	0	0	360	0	0	81	81	127
1.499925	208	10973	11037	18	420648465	525	165	0	0	361	0	0	81	81	127
1.507425	208	10973	11037	18	424318481	528	166	0	0	364	0	0	81	81	127
1.513620	208	10973	11037	18	427267601	531	166	0	0	367	0	0	81	81	126
1.518906	208	10973	11037	18	429757969	532	167	0	0	367	0	0	81	81	124
1.525328	208	10973	11037	19	432393234	540	171	0	0	371	0	0	81	81	127
1.537479	208	10973	11037	19	438291474	547	173	0	0	376	0	0	81	81	126
1.543983	208	10973	11037	19	441371666	553	175	0	0	380	0	0	81	81	127
1.558751	208	10973	11037	19	446614546	572	178	0	0	396	0	0	81	81	127
1.568218	208	10973	11037	19	451202066	577	182	0	0	397	0	0	81	81	126
1.580733	208	10973	11037	20	457114131	583	185	0	0	400	0	0	81	81	127
1.595545	208	10973	11037	20	464257555	595	188	0	0	410	0	0	81	81	127
1.610607	208	10973	11037	20	471794195	600	188	0	0	415	0	0	81	81	127
1.622563	208	10973	11037	20	477823507	604	190	0	0	417	0	0	81	81	126
1.634073	208	10973	11037	21	482818068	611	192	0	0	422	0	0	81	81	126
1.647251	208	10973	11037	21	488257556	615	194	0	0	424	0	0	81	81	127
1.658494	208	10973	11037	21	493631508	622	196	0	0	429	0	0	81	81	127
1.666657	208	10973	11037	21	497563668	628	198	0	0	434	0	0	81	81	127
1.678267	208	10973	11037	21	503265300	632	199	0	0	437	0	0	81	81	127
1.683884	208	10973	11037	22	505769493	635	199	0	0	440	0	0	81	81	127
1.690142	208	10973	11037	22	508718613	638	202	0	0	440	0	0	81	81	125
1.702504	208	10973	11037	22	514878997	641	203	0	0	442	0	0	81	81	127
1.716007	208	10973	11037	22	521367061	657	208	0	0	454	0	0	81	81	127
1.729593	208	10973	11037	23	528000022	662	210	0	0	457	0	0	81	81	127
1.743679	208	10973	11037	23	533373974	668	214	0	0	459	0	0	81	81	125
1.749272	208	10973	11037	23	535995414	672	215	0	0	462	0	0	81	81	127
1.760057	208	10973	11037	23	541303830	676	216	0	0	465	0	0	81	81	127
1.767247	208	10973	11037	23	544842774	678	216	0	0	467	0	0	81	81	127
1.781851	208	10973	11037	23	551592982	683	217	0	0	471	0	0	81	81	127
1.794369	208	10973	11037	24	557439511	689	219	0	0	474	0	0	81	81	126
1.808471	208	10973	11037	24	564320791	698	221	0	0	482	0	0	81	81	127
1.821023	208	10973	11037	24	570153495	712	223	0	0	494	0	0	81	81	126
1.830887	208	10973	11037	24	574282263	717	228	0	0	494	0	0	81	81	126
1.839646	208	10973	11037	25	577966104	723	228	0	0	500	0	0	81	81	127
1.852340	208	10973	11037	25	582684696	726	228	0	0	503	0	0	81	81	126
1.860619	208	10973	11037	25	586354712	730	229	0	0	506	0	0	81	81	127
1.870458	208	10973	11037	25	591073304	738	231	0	0	512	0	0	81	81	127
1.875992	208	10973	11037	25	593629208	743	232	0	0	516	0	0	81	81	127
1.890110	208	10973	11037	26	600000025	750	236	0	0	519	0	0	81	81	127
1.901496	208	10973	11037	26	604063257	754	238	0	0	521	0	0	81	81	121
1.912881	208	10973	11037	26	609699353	758	239	0	0	524	0	0	81	81	127
1.926892	208	10973	11037	26	616187417	773	241	0	0	537	0	0	81	81	127
1.938256	208	10973	11037	26	621692441	780	243	0	0	542	0	0	81	81	126
1.947464	208	10973	11037	27	625835034	785	244	0	0	546	0	0	81	81	127
1.958308	208	10973	11037	27	631208986	787	244	0	0	548	0	0	81	81	124
1.973074	208	10973	11037	27	638352410	799	248	0	0	556	0	0	81	81	127
1.981300	208	10973	11037	27	642087962	807	249	0	0	563	0	0	81	81	126
1.991273	208	10973	11037	27	646151194	813	251	0	0	567	0	0	81	81	126
1.999673	208	10973	11037	28	649769499	815	251	0	0	569	0	0	81	81	127
2.007251	208	10973	11037	28	653505051	817	251	0	0	571	0	0	81	81	125
2.019913	208	10973	11037	28	659730971	821	251	0	0	575	0	0	81	81	127
2.027061	208	10973	11037	28	663138843	823	252	0	0	576	0	0	81	81	127
2.036941	208	10973	11037	28	667922971	828	255	0	0	578	0	0	81	81	126
2.043369	208	10973	11037	28	670806555	833	256	0	0	582	0	0	81	81	127
2.051218	208	10973	11037	29	673835036	841	258	0	0	588	0	0	81	81	127
2.065565	208	10973	11037	29	679536668	846	259	0	0	592	0	0	81	81	127
2.073486	208	10973	11037	29	683141148	854	262	0	0	597	0	0	81	81	127
2.083837	208	10973	11037	29	688187420	855	263	0	0	597	0	0	81	81	127
2.092221	208	10973	11037	29	692250652	859	266	0	0	598	0	0	81	81	117
2.099882	208	10973	11037	29	695592988	864	268	0	0	601	0	0	81	81	127
2.114117	208	10973	11037	30	701963805	872	273	0	0	604	0	0	81	81	126
2.123924	208	10973	11037	30	706616861	880	276	0	0	610	0	0	81	81	127
2.134532	208	10973	11037	30	711597597	892	277	0	0	621	0	0	81	81	127
2.140648	208	10973	11037	30	714481181	898	280	0	0	624	0	0	81	81	126
2.153951	208	10973	11037	31	720196638	902	283	0	0	625	0	0	81	81	126
2.164887	208	10973	11037	31	725373982	911	289	0	0	628	0	0	81	81	124
2.174805	208	10973	11037	31	729633822	917	291	0	0	632	0	0	81	81	127
2.184598	208	10973	11037	31	733762590	923	293	0	0	637	0	0	81	81	127
2.195371	208	10973	11037	31	738481182	933	294	0	0	646	0	0	81	81	126
2.206212	208	10973	11037	31	743134238	940	296	0	0	651	0	0	81	81	127
2.216748	208	10973	11037	32	747211295	947	301	0	0	653	0	0	81	81	126
2.222179	208	10973	11037	32	749701663	947	301	0	0	653	0	0	81	81	126
2.231014	208	10973	11037	32	753895967	952	302	0	0	657	0	0	81	81	127
2.240785	208	10973	11037	32	758549023	961	304	0	0	665	0	0	81	81	127
2.248644	208	10973	11037	32	762284575	966	305	0	0	669	0	0	81	81	126
2.258536	208	10973	11037	32	767134239	972	308	0	0	672	0	0	81	81	126
2.271598	208	10973	11037	33	773242912	975	309	0	0	674	0	0	81	81	124
2.282420	208	10973	11037	33	778289184	986	310	0	0	684	0	0	81	81	127
2.296638	208	10973	11037	33	785104928	999	316	0	0	693	0	0	81	81	127
2.308437	208	10973	11037	33	790937632	1004	318	0	0	696	0	0	81	81	127
2.320407	208	10973	11037	34	796522017	1013	322	0	0	702	0	0	81	81	124
2.328921	208	10973	11037	34	800781857	1014	323	0	0	702	0	0	81	81	126
2.339893	208	10973	11037	34	805893665	1022	324	0	0	709	0	0	81	81	127
2.353072	208	10973	11037	34	812119585	1035	329	0	0	717	0	0	81	81	125
2.361064	208	10973	11037	34	815920673	1041	332	0	0	720	0	0	81	81	127
2.372457	208	10973	11037	35	821177378	1048	334	0	0	725	0	0	81	81	127
2.383714	208	10973	11037	35	826616866	1055	337	0	0	729	0	0	81	81	127
2.394625	208	10973	11037	35	831859746	1065	339	0	0	737	0	0	81	81	127
2.404138	208	10973	11037	35	836512802	1068	340	0	0	739	0	0	81	81	125
2.418377	208	10973	11037	36	843080227	1075	342	0	0	745	0	0	81	81	125
2.432652	208	10973	11037	36	849502755	1081	344	0	0	749	0	0	81	81	127
2.438213	208	10973	11037	36	852124195	1084	344	0	0	752	0	0	81	81	127
2.452391	208	10973	11037	36	859202083	1089	345	0	0	756	0	0	81	81	126
2.467301	208	10973	11037	37	865769508	1099	349	0	0	762	0	0	81	81	127
2.478124	208	10973	11037	37	871143460	1104	352	0	0	763	0	0	81	81	127
2.484799	208	10973	11037	37	874223652	1112	354	0	0	770	0	0	81	81	127
2.497293	208	10973	11037	37	880449572	1117	355	0	0	774	0	0	81	81	127
2.505983	208	10973	11037	37	884643876	1121	357	0	0	776	0	0	81	81	122
2.518389	208	10973	11037	38	890490405	1128	360	0	0	780	0	0	81	81	127
2.525658	208	10973	11037	38	894029349	1133	364	0	0	781	0	0	81	81	126
2.534229	208	10973	11037	38	898223653	1138	364	0	0	786	0	0	81	81	127
2.546045	208	10973	11037	38	903794213	1147	365	0	0	794	0	0	81	81	127
2.556755	208	10973	11037	38	908971557	1151	367	0	0	795	0	0	81	81	125
2.562717	208	10973	11037	38	911592997	1153	368	0	0	797	0	0	81	81	127
2.576606	208	10973	11037	39	918029350	1159	372	0	0	799	0	0	81	81	124
2.583886	208	10973	11037	39	921568294	1163	373	0	0	802	0	0	81	81	127
2.591863	208	10973	11037	39	925500454	1168	374	0	0	806	0	0	81	81	127
2.599745	208	10973	11037	39	929301542	1173	377	0	0	808	0	0	81	81	126
2.614800	208	10973	11037	40	936524327	1179	381	0	0	810	0	0	81	81	127
2.625624	208	10973	11037	40	941832743	1187	383	0	0	816	0	0	81	81	126
2.635653	208	10973	11037	40	946813479	1191	383	0	0	820	0	0	81	81	127
2.648545	208	10973	11037	40	952384039	1207	387	0	0	832	0	0	81	81	127
2.662872	208	10973	11037	40	959199783	1217	389	0	0	840	0	0	81	81	127
2.676582	208	10973	11037	41	965308456	1223	391	0	0	844	0	0	81	81	126
2.687552	208	10973	11037	41	969961512	1235	397	0	0	850	0	0	81	81	127
2.698814	208	10973	11037	41	975138856	1249	403	0	0	859	0	0	81	81	127
2.708039	208	10973	11037	41	979726376	1253	407	0	0	859	0	0	81	81	124
2.715988	208	10973	11037	41	983593000	1258	411	0	0	860	0	0	81	81	126
2.728318	208	10973	11037	42	989373993	1264	413	0	0	864	0	0	81	81	125
2.733996	208	10973	11037	42	992060969	1266	413	0	0	866	0	0	81	81	127
2.748918	208	10973	11037	42	999204393	1274	415	0	0	873	0	0	81	81	127
2.763428	208	10973	11037	42	1006085673	1283	418	0	0	879	0	0	81	81	126
2.769172	208	10973	11037	43	1008589866	1285	419	0	0	880	0	0	81	81	127
2.777754	208	10973	11037	43	1012653098	1291	422	0	0	884	0	0	81	81	125
2.791974	208	10973	11037	43	1017895978	1297	426	0	0	886	0	0	81	81	127
2.805546	208	10973	11037	43	1024187434	1311	428	0	0	898	0	0	81	81	127
2.814004	208	10973	11037	43	1027398698	1315	430	0	0	900	0	0	81	81	126
2.828306	208	10973	11037	44	1033966123	1322	434	0	0	903	0	0	81	81	127
2.834084	208	10973	11037	44	1036653099	1327	438	0	0	904	0	0	81	81	114
2.848593	208	10973	11037	44	1043730987	1334	441	0	0	908	0	0	81	81	127
2.861699	208	10973	11037	44	1050022443	1346	442	0	0	919	0	0	81	81	127
2.867124	208	10973	11037	44	1052578347	1349	443	0	0	921	0	0	81	81	125
2.881714	208	10973	11037	45	1059211308	1357	445	0	0	927	0	0	81	81	125
2.896050	208	10973	11037	45	1066092588	1365	450	0	0	930	0	0	81	81	127
2.907979	208	10973	11037	45	1071859756	1372	450	0	0	937	0	0	81	81	127
2.922612	208	10973	11037	45	1078806572	1384	457	0	0	942	0	0	81	81	126
2.928873	208	10973	11037	46	1081638445	1385	458	0	0	942	0	0	81	81	127
2.936243	208	10973	11037	46	1085111853	1390	460	0	0	945	0	0	81	81	123
2.944502	208	10973	11037	46	1089109549	1395	462	0	0	948	0	0	81	81	127
2.953036	208	10973	11037	46	1093041709	1403	465	0	0	953	0	0	81	81	127
2.958603	208	10973	11037	46	1095663149	1407	466	0	0	957	0	0	81	81	127
2.973490	208	10973	11037	46	1101626925	1413	469	0	0	960	0	0	81	81	124
2.984310	208	10973	11037	47	1106097198	1421	472	0	0	965	0	0	81	81	126
2.993192	208	10973	11037	47	1109963822	1427	475	0	0	968	0	0	81	81	126
3.004522	208	10973	11037	47	1114616878	1435	477	0	0	974	0	0	81	81	127
3.017845	208	10973	11037	47	1120646190	1443	479	0	0	980	0	0	81	81	127
3.023559	208	10973	11037	47	1123333166	1448	481	0	0	983	0	0	81	81	125
3.029965	208	10973	11037	47	1126151214	1453	483	0	0	986	0	0	81	81	126
3.043963	208	10973	11037	48	1132522031	1466	487	0	0	995	0	0	81	81	124
3.052052	208	10973	11037	48	1136126511	1469	489	0	0	996	0	0	81	81	125
3.065481	208	10973	11037	48	1142417967	1474	490	0	0	1000	0	0	81	81	127
3.072660	208	10973	11037	48	1145891375	1478	490	0	0	1004	0	0	81	81	127
3.087121	208	10973	11037	49	1152917552	1480	492	0	0	1004	0	0	81	81	127
3.096636	208	10973	11037	49	1157570608	1482	492	0	0	1006	0	0	81	81	127
3.106535	208	10973	11037	49	1162289200	1489	493	0	0	1012	0	0	81	81	127
3.119638	208	10973	11037	49	1168580656	1500	494	0	0	1022	0	0	81	81	127
3.127817	208	10973	11037	49	1172578352	1502	494	0	0	1024	0	0	81	81	126
3.139519	208	10973	11037	50	1177769521	1513	499	0	0	1030	0	0	81	81	127
3.147975	208	10973	11037	50	1181767217	1518	501	0	0	1033	0	0	81	81	126
3.153244	208	10973	11037	50	1184388657	1518	501	0	0	1033	0	0	81	81	126
3.168189	208	10973	11037	50	1191532081	1527	502	0	0	1041	0	0	81	81	127
3.178886	208	10973	11037	50	1196578353	1532	504	0	0	1044	0	0	81	81	124
3.192325	208	10973	11037	51	1202293810	1538	505	0	0	1049	0	0	81	81	127
3.200615	208	10973	11037	51	1205374002	1540	507	0	0	1050	0	0	81	81	125
3.208328	208	10973	11037	51	1209044018	1543	508	0	0	1052	0	0	81	81	127
3.215388	208	10973	11037	51	1212451890	1546	509	0	0	1054	0	0	81	81	127
3.226816	208	10973	11037	51	1217891378	1557	512	0	0	1062	0	0	81	81	127
3.235738	208	10973	11037	51	1222020146	1571	521	0	0	1067	0	0	81	81	126
3.248768	208	10973	11037	52	1227211315	1578	521	0	0	1074	0	0	81	81	126
3.255373	208	10973	11037	52	1230422579	1580	522	0	0	1075	0	0	81	81	126
3.261273	208	10973	11037	52	1233044019	1585	524	0	0	1078	0	0	81	81	127
3.275602	208	10973	11037	52	1239597619	1590	525	0	0	1082	0	0	81	81	127
3.286158	208	10973	11037	52	1244774963	1596	526	0	0	1087	0	0	81	81	121
3.291875	208	10973	11037	52	1247396403	1600	526	0	0	1091	0	0	81	81	127
3.305134	208	10973	11037	53	1253439540	1604	529	0	0	1092	0	0	81	81	126
3.315648	208	10973	11037	53	1257437236	1607	530	0	0	1093	0	0	81	81	127
3.321249	208	10973	11037	53	1259534388	1614	534	0	0	1097	0	0	81	81	127
3.335528	208	10973	11037	53	1266219060	1623	536	0	0	1104	0	0	81	81	126
3.349911	208	10973	11037	53	1271658548	1625	537	0	0	1105	0	0	81	81	127
3.355962	208	10973	11037	54	1274228277	1628	537	0	0	1108	0	0	81	81	126
3.366011	208	10973	11037	54	1278488117	1634	541	0	0	1110	0	0	81	81	126
3.447171	208	10973	11037	54	1280454197	1635	541	0	0	1110	0	0	81	81	127
3.462914	208	10973	11037	54	1281175093	1637	541	0	0	1111	0	0	81	81	127
3.475809	208	10973	11037	54	1287204405	1643	542	0	0	1118	0	0	81	81	127
3.490452	208	10973	11037	54	1288973877	1645	543	0	0	1120	0	0	81	81	127
3.495883	208	10973	11037	54	1291529781	1649	544	0	0	1122	0	0	81	81	124
3.505750	208	10973	11037	55	1296000054	1651	547	0	0	1122	0	0	81	81	127
3.516598	208	10973	11037	55	1300980790	1658	554	0	0	1122	0	0	81	81	124
3.529440	208	10973	11037	55	1307272246	1665	555	0	0	1128	0	0	81	81	127
3.541366	208	10973	11037	55	1312973878	1670	557	0	0	1131	0	0	81	81	127
3.554790	208	10973	11037	55	1319461942	1679	562	0	0	1135	0	0	81	81	127
3.561163	208	10973	11037	56	1322162743	1685	566	0	0	1137	0	0	81	81	126
3.566838	208	10973	11037	56	1324849719	1688	567	0	0	1139	0	0	81	81	124
3.580067	208	10973	11037	56	1331141175	1701	570	0	0	1149	0	0	81	81	127
3.587696	208	10973	11037	56	1334811191	1705	570	0	0	1153	0	0	81	81	127
3.595489	208	10973	11037	56	1338677815	1706	571	0	0	1154	0	0	81	81	126
3.609496	208	10973	11037	57	1344917560	1721	579	0	0	1161	0	0	81	81	127
3.620510	208	10973	11037	57	1350357048	1725	581	0	0	1163	0	0	81	81	126
3.627710	208	10973	11037	57	1352978488	1728	581	0	0	1166	0	0	81	81	127
3.641453	208	10973	11037	57	1358221368	1737	584	0	0	1172	0	0	81	81	127
3.649942	208	10973	11037	57	1362219064	1741	584	0	0	1176	0	0	81	81	126
3.659360	208	10973	11037	57	1366806584	1746	584	0	0	1181	0	0	81	81	127
3.672893	208	10973	11037	58	1373111865	1749	585	0	0	1183	0	0	81	81	126
3.678741	208	10973	11037	58	1375602233	1752	586	0	0	1185	0	0	81	81	126
3.683999	208	10973	11037	58	1378158137	1755	587	0	0	1187	0	0	81	81	127
3.697486	208	10973	11037	58	1384580665	1770	591	0	0	1198	0	0	81	81	127
3.709569	208	10973	11037	58	1390413369	1775	593	0	0	1201	0	0	81	81	125
3.724221	208	10973	11037	59	1396915258	1787	597	0	0	1209	0	0	81	81	125
3.734713	208	10973	11037	59	1401895994	1794	598	0	0	1215	0	0	81	81	127
3.742394	208	10973	11037	59	1405500474	1801	599	0	0	1221	0	0	81	81	127
3.749779	208	10973	11037	59	1409039418	1806	600	0	0	1225	0	0	81	81	127
3.764834	208	10973	11037	60	1416000059	1818	606	0	0	1231	0	0	81	81	127
3.777014	208	10973	11037	60	1421701691	1828	613	0	0	1234	0	0	81	81	126
3.789010	208	10973	11037	60	1427403323	1836	614	0	0	1241	0	0	81	81	127
3.799332	208	10973	11037	60	1432384059	1844	616	0	0	1247	0	0	81	81	127
3.812516	208	10973	11037	60	1438282299	1851	618	0	0	1252	0	0	81	81	127
3.820806	208	10973	11037	61	1441966140	1859	620	0	0	1258	0	0	81	81	126
3.832171	208	10973	11037	61	1447471164	1868	626	0	0	1262	0	0	81	81	126
3.839366	208	10973	11037	61	1450879036	1876	631	0	0	1265	0	0	81	81	127
3.847696	208	10973	11037	61	1454876732	1884	635	0	0	1271	0	0	81	81	127
3.858655	208	10973	11037	61	1459005500	1887	636	0	0	1273	0	0	81	81	126
3.869616	208	10973	11037	62	1464065597	1893	641	0	0	1276	0	0	81	81	127
3.879478	208	10973	11037	62	1468915261	1899	642	0	0	1281	0	0	81	81	125
3.888451	208	10973	11037	62	1473306173	1904	643	0	0	1285	0	0	81	81	127
3.902307	208	10973	11037	62	1478942269	1918	644	0	0	1298	0	0	81	81	127
3.912227	208	10973	11037	62	1483660861	1923	647	0	0	1300	0	0	81	81	125
3.919408	208	10973	11037	62	1486609981	1927	647	0	0	1304	0	0	81	81	127
3.931997	208	10973	11037	63	1492194366	1928	647	0	0	1305	0	0	81	81	127
3.938022	208	10973	11037	63	1495143486	1931	648	0	0	1307	0	0	81	81	126
3.949310	208	10973	11037	63	1500648510	1938	649	0	0	1313	0	0	81	81	127
3.954636	208	10973	11037	63	1503204414	1942	649	0	0	1317	0	0	81	81	127
3.961587	208	10973	11037	63	1506481214	1949	653	0	0	1321	0	0	81	81	127
3.975260	208	10973	11037	64	1512917567	1957	658	0	0	1325	0	0	81	81	127
3.989611	208	10973	11037	64	1519929919	1965	661	0	0	1330	0	0	81	81	126
3.996873	208	10973	11037	64	1523337791	1970	662	0	0	1334	0	0	81	81	127
4.002547	208	10973	11037	64	1526090303	1976	664	0	0	1338	0	0	81	81	127
4.017585	208	10973	11037	64	1533430335	1986	666	0	0	1346	0	0	81	81	126
4.025622	208	10973	11037	64	1536000064	1988	667	0	0	1347	0	0	81	81	127
4.030986	208	10973	11037	65	1537966144	1992	668	0	0	1350	0	0	81	81	127
4.039652	208	10973	11037	65	1542160448	1995	669	0	0	1352	0	0	81	81	126
4.047365	208	10973	11037	65	1545764928	2000	670	0	0	1356	0	0	81	81	127
4.061732	208	10973	11037	65	1552580672	2010	674	0	0	1362	0	0	81	81	127
4.074086	208	10973	11037	65	1558478912	2016	676	0	0	1367	0	0	81	81	127
4.080826	208	10973	11037	66	1561310785	2018	677	0	0	1368	0	0	81	81	127
4.093563	208	10973	11037	66	1567143489	2024	681	0	0	1370	0	0	81	81	126
4.107403	208	10973	11037	66	1573697089	2032	683	0	0	1376	0	0	81	81	127
4.119053	208	10973	11037	66	1579071041	2039	683	0	0	1383	0	0	81	81	126
4.127527	208	10973	11037	66	1582872129	2044	686	0	0	1385	0	0	81	81	127
4.135568	208	10973	11037	67	1586555970	2046	686	0	0	1387	0	0	81	81	128
4.147078	208	10973	11037	67	1592060994	2053	689	0	0	1391	0	0	81	81	127
4.152304	208	10973	11037	67	1594551362	2057	690	0	0	1394	0	0	81	81	127
4.158638	208	10973	11037	67	1597500482	2059	691	0	0	1395	0	0	81	81	127
4.167926	208	10973	11037	67	1601694786	2067	694	0	0	1400	0	0	81	81	126
4.174713	208	10973	11037	67	1604906050	2072	699	0	0	1400	0	0	81	81	125
4.183589	208	10973	11037	68	1608720963	2078	700	0	0	1405	0	0	81	81	127
4.197858	208	10973	11037	68	1615405635	2086	701	0	0	1412	0	0	81	81	126
4.204295	208	10973	11037	68	1618354755	2092	702	0	0	1417	0	0	81	81	127
4.211062	208	10973	11037	68	1621303875	2096	703	0	0	1420	0	0	81	81	127
4.225844	208	10973	11037	68	1628381763	2104	708	0	0	1423	0	0	81	81	123
4.234447	208	10973	11037	69	1632131140	2111	710	0	0	1428	0	0	81	81	127
4.241091	208	10973	11037	69	1635276868	2114	711	0	0	1430	0	0	81	81	126
4.252506	208	10973	11037	69	1640585284	2120	713	0	0	1434	0	0	81	81	127
4.267146	208	10973	11037	69	1647532100	2129	713	0	0	1443	0	0	81	81	127
4.272335	208	10973	11037	69	1649956932	2132	714	0	0	1445	0	0	81	81	126
4.281923	208	10973	11037	69	1654609988	2135	715	0	0	1447	0	0	81	81	125
4.288038	208	10973	11037	70	1657048645	2137	716	0	0	1448	0	0	81	81	127
4.295505	208	10973	11037	70	1660390981	2142	717	0	0	1452	0	0	81	81	126
4.300813	208	10973	11037	70	1662881349	2145	718	0	0	1455	0	0	81	81	126
4.311802	208	10973	11037	70	1667927621	2154	718	0	0	1464	0	0	81	81	127
4.318735	208	10973	11037	70	1671138885	2162	720	0	0	1470	0	0	81	81	127
4.333480	208	10973	11037	70	1677954629	2169	726	0	0	1471	0	0	81	81	126
4.339203	208	10973	11037	71	1680327750	2174	729	0	0	1473	0	0	81	81	128
4.353621	208	10973	11037	71	1686946886	2184	733	0	0	1479	0	0	81	81	126
4.366381	208	10973	11037	71	1692648518	2195	736	0	0	1487	0	0	81	81	127
4.374236	208	10973	11037	71	1696384070	2200	737	0	0	1491	0	0	81	81	127
4.387681	208	10973	11037	71	1702806598	2209	741	0	0	1496	0	0	81	81	127
4.392849	208	10973	11037	72	1704983111	2213	741	0	0	1500	0	0	81	81	127
4.407687	208	10973	11037	72	1711929927	2221	747	0	0	1502	0	0	81	81	127
4.419400	208	10973	11037	72	1716517447	2232	751	0	0	1509	0	0	81	81	127
4.433789	208	10973	11037	72	1722808903	2241	755	0	0	1514	0	0	81	81	126
4.444027	208	10973	11037	72	1727461959	2243	755	0	0	1516	0	0	81	81	127
4.452900	208	10973	11037	73	1731276872	2246	755	0	0	1518	0	0	81	81	125
4.467717	208	10973	11037	73	1737240648	2253	759	0	0	1522	0	0	81	81	127
4.480934	208	10973	11037	73	1742221384	2259	759	0	0	1528	0	0	81	81	127
4.488585	208	10973	11037	73	1745760328	2264	760	0	0	1532	0	0	81	81	126
4.495553	208	10973	11037	73	1748840520	2267	763	0	0	1532	0	0	81	81	123
4.502482	208	10973	11037	73	1751396424	2268	764	0	0	1532	0	0	81	81	127
4.515191	208	10973	11037	74	1757177417	2277	766	0	0	1539	0	0	81	81	124
4.526330	208	10973	11037	74	1762616905	2282	767	0	0	1542	0	0	81	81	127
4.537527	208	10973	11037	74	1767990857	2285	767	0	0	1546	0	0	81	81	127
4.551393	208	10973	11037	74	1774544457	2293	771	0	0	1550	0	0	81	81	126
4.560983	208	10973	11037	75	1778490442	2296	772	0	0	1552	0	0	81	81	127
4.570605	208	10973	11037	75	1782357066	2302	773	0	0	1557	0	0	81	81	126
4.583933	208	10973	11037	75	1788124234	2307	775	0	0	1560	0	0	81	81	127
4.597590	208	10973	11037	75	1793956938	2312	775	0	0	1565	0	0	81	81	126
4.607307	208	10973	11037	75	1797495882	2315	777	0	0	1566	0	0	81	81	121
4.612709	208	10973	11037	76	1800000075	2318	777	0	0	1569	0	0	81	81	127
4.618625	208	10973	11037	76	1802490443	2320	778	0	0	1571	0	0	81	81	126
4.625461	208	10973	11037	76	1805636171	2323	780	0	0	1572	0	0	81	81	123
4.638370	208	10973	11037	76	1811206731	2329	783	0	0	1575	0	0	81	81	127
4.650627	208	10973	11037	76	1816908363	2337	787	0	0	1579	0	0	81	81	127
4.664723	208	10973	11037	76	1823330891	2344	791	0	0	1582	0	0	81	81	127
4.674438	208	10973	11037	77	1827735628	2347	791	0	0	1585	0	0	81	81	126
4.680130	208	10973	11037	77	1830422604	2348	792	0	0	1585	0	0	81	81	122
4.685479	208	10973	11037	77	1832978508	2351	793	0	0	1587	0	0	81	81	126
4.699445	208	10973	11037	77	1839728716	2359	793	0	0	1595	0	0	81	81	127
4.711441	208	10973	11037	77	1845561420	2364	795	0	0	1598	0	0	81	81	124
4.724737	208	10973	11037	78	1851539021	2374	797	0	0	1606	0	0	81	81	127
4.737131	208	10973	11037	78	1857502797	2379	799	0	0	1609	0	0	81	81	127
4.747213	208	10973	11037	78	1861762637	2389	802	0	0	1616	0	0	81	81	127
4.756828	208	10973	11037	78	1865891405	2397	804	0	0	1622	0	0	81	81	126
4.767292	208	10973	11037	78	1871003213	2398	804	0	0	1623	0	0	81	81	126
4.775429	208	10973	11037	79	1874555982	2405	805	0	0	1629	0	0	81	81	127
4.787296	208	10973	11037	79	1880192078	2408	806	0	0	1631	0	0	81	81	127
4.796097	208	10973	11037	79	1884451918	2416	807	0	0	1638	0	0	81	81	127
4.808466	208	10973	11037	79	1890088014	2428	812	0	0	1646	0	0	81	81	126
4.821492	208	10973	11037	79	1895724110	2438	815	0	0	1653	0	0	81	81	127
4.835947	208	10973	11037	80	1902029391	2453	822	0	0	1661	0	0	81	81	126
4.850183	208	10973	11037	80	1908582991	2465	825	0	0	1670	0	0	81	81	127
4.864977	208	10973	11037	80	1915464271	2477	830	0	0	1678	0	0	81	81	126
4.878724	208	10973	11037	81	1921704016	2482	831	0	0	1682	0	0	81	81	127
4.892295	208	10973	11037	81	1928257616	2488	835	0	0	1684	0	0	81	81	126
4.904175	208	10973	11037	81	1932648528	2491	837	0	0	1686	0	0	81	81	127
4.910422	208	10973	11037	81	1935532112	2493	837	0	0	1688	0	0	81	81	127
4.916584	208	10973	11037	81	1938350160	2496	838	0	0	1690	0	0	81	81	126
4.923962	208	10973	11037	81	1941758032	2500	841	0	0	1692	0	0	81	81	126
4.934908	208	10973	11037	82	1946359377	2509	841	0	0	1701	0	0	81	81	127
4.943303	208	10973	11037	82	1950357073	2511	843	0	0	1701	0	0	81	81	123
4.953547	208	10973	11037	82	1955206737	2516	846	0	0	1703	0	0	81	81	127
4.962432	208	10973	11037	82	1959204433	2520	846	0	0	1707	0	0	81	81	127
4.973605	208	10973	11037	82	1964447313	2526	849	0	0	1710	0	0	81	81	122
4.981103	208	10973	11037	83	1968000082	2532	850	0	0	1715	0	0	81	81	128
4.995345	208	10973	11037	83	1974357074	2544	856	0	0	1721	0	0	81	81	125
5.004258	208	10973	11037	83	1978420306	2551	858	0	0	1726	0	0	81	81	127
5.014977	208	10973	11037	83	1983269970	2556	859	0	0	1730	0	0	81	81	127
5.022096	208	10973	11037	83	1986546770	2561	861	0	0	1733	0	0	81	81	126
5.035491	208	10973	11037	84	1992720979	2566	862	0	0	1737	0	0	81	81	128
5.050470	208	10973	11037	84	1999340115	2570	863	0	0	1740	0	0	81	81	123
5.055780	208	10973	11037	84	2001699411	2574	865	0	0	1742	0	0	81	81	127
5.063913	208	10973	11037	84	2005238355	2580	865	0	0	1748	0	0	81	81	127
5.076144	208	10973	11037	84	2010743379	2588	867	0	0	1756	0	0	81	81	126
5.083289	208	10973	11037	84	2014020179	2594	870	0	0	1758	0	0	81	81	127
5.091462	208	10973	11037	85	2017376340	2603	873	0	0	1766	0	0	81	81	127
5.106186	208	10973	11037	85	2022619220	2610	876	0	0	1770	0	0	81	81	126
5.112502	208	10973	11037	85	2025437268	2616	878	0	0	1775	0	0	81	81	127
5.126735	208	10973	11037	85	2031990868	2628	883	0	0	1782	0	0	81	81	127
5.141867	208	10973	11037	85	2037823572	2636	886	0	0	1788	0	0	81	81	126
5.148624	208	10973	11037	86	2040786517	2638	887	0	0	1789	0	0	81	81	128
5.162264	208	10973	11037	86	2046750293	2646	891	0	0	1793	0	0	81	81	126
5.174140	208	10973	11037	86	2052451925	2653	892	0	0	1799	0	0	81	81	127
5.181292	208	10973	11037	86	2055794261	2656	894	0	0	1800	0	0	81	81	127
5.191364	208	10973	11037	86	2060447317	2667	899	0	0	1806	0	0	81	81	124
5.203600	208	10973	11037	87	2066097238	2674	902	0	0	1810	0	0	81	81	127
5.210756	208	10973	11037	87	2068587606	2677	904	0	0	1811	0	0	81	81	122
5.219485	208	10973	11037	87	2072257622	2683	907	0	0	1814	0	0	81	81	127
5.226051	208	10973	11037	87	2075075670	2690	909	0	0	1819	0	0	81	81	127
5.239869	208	10973	11037	87	2081498198	2696	911	0	0	1824	0	0	81	81	127
5.253317	208	10973	11037	87	2087789654	2703	915	0	0	1828	0	0	81	81	127
5.265809	208	10973	11037	88	2093177431	2710	917	0	0	1832	0	0	81	81	125
5.276506	208	10973	11037	88	2097961559	2714	919	0	0	1835	0	0	81	81	127
5.285432	208	10973	11037	88	2102090327	2722	920	0	0	1842	0	0	81	81	127
5.295467	208	10973	11037	88	2106874455	2728	923	0	0	1846	0	0	81	81	125
5.309580	208	10973	11037	89	2113245272	2735	924	0	0	1852	0	0	81	81	128
5.323376	208	10973	11037	89	2119733336	2745	927	0	0	1860	0	0	81	81	126
5.337195	208	10973	11037	89	2126155864	2752	928	0	0	1866	0	0	81	81	127
5.347823	208	10973	11037	89	2131202136	2760	929	0	0	1874	0	0	81	81	125
5.354558	208	10973	11037	89	2134413400	2760	929	0	0	1874	0	0	81	81	125
5.361238	208	10973	11037	90	2137179737	2767	930	0	0	1880	0	0	81	81	127
5.372956	208	10973	11037	90	2142553689	2776	933	0	0	1886	0	0	81	81	126
5.384463	208	10973	11037	90	2148058713	2781	935	0	0	1889	0	0	81	81	127
5.397208	208	10973	11037	90	2153956953	2789	937	0	0	1895	0	0	81	81	127
5.411253	208	10973	11037	91	2160262234	2796	943	0	0	1896	0	0	81	81	127
5.424011	208	10973	11037	91	2166422618	2801	945	0	0	1900	0	0	81	81	125
5.435874	208	10973	11037	91	2171862106	2811	948	0	0	1907	0	0	81	81	127
5.447815	208	10973	11037	91	2177367130	2820	948	0	0	1916	0	0	81	81	126
5.455313	208	10973	11037	91	2180906074	2824	952	0	0	1916	0	0	81	81	125
5.461621	208	10973	11037	91	2183724122	2830	954	0	0	1920	0	0	81	81	128
5.471519	208	10973	11037	92	2188194395	2836	958	0	0	1922	0	0	81	81	122
5.478829	208	10973	11037	92	2191667803	2840	958	0	0	1926	0	0	81	81	127
5.491641	208	10973	11037	92	2197303899	2850	960	0	0	1934	0	0	81	81	127
5.496885	208	10973	11037	92	2199794267	2852	960	0	0	1936	0	0	81	81	127
5.503410	208	10973	11037	92	2202939995	2854	961	0	0	1937	0	0	81	81	126
5.512712	208	10973	11037	92	2207330907	2859	964	0	0	1939	0	0	81	81	127
5.523016	208	10973	11037	93	2211866716	2864	966	0	0	1943	0	0	81	81	127
5.535404	208	10973	11037	93	2217764956	2872	970	0	0	1947	0	0	81	81	127
5.550512	208	10973	11037	93	2225039452	2883	974	0	0	1955	0	0	81	81	127
5.561966	208	10973	11037	93	2230216796	2892	980	0	0	1958	0	0	81	81	127
5.575428	208	10973	11037	94	2236522077	2896	982	0	0	1961	0	0	81	81	126
5.585499	208	10973	11037	94	2241306205	2900	984	0	0	1963	0	0	81	81	127
5.591760	208	10973	11037	94	2244255325	2903	986	0	0	1965	0	0	81	81	127
5.605133	208	10973	11037	94	2250677853	2907	988	0	0	1968	0	0	81	81	126
5.611845	208	10973	11037	94	2253758045	2909	989	0	0	1969	0	0	81	81	126
5.617601	208	10973	11037	95	2256131166	2915	990	0	0	1974	0	0	81	81	127
5.629466	208	10973	11037	95	2261767262	2921	993	0	0	1977	0	0	81	81	124
5.643773	208	10973	11037	95	2268451934	2928	994	0	0	1983	0	0	81	81	127
5.653738	208	10973	11037	95	2273104990	2935	994	0	0	1990	0	0	81	81	127
5.665925	208	10973	11037	95	2278937694	2940	997	0	0	1993	0	0	81	81	127
5.674596	208	10973	11037	96	2282555999	2950	998	0	0	2002	0	0	81	81	126
5.682060	208	10973	11037	96	2286029407	2955	1002	0	0	2003	0	0	81	81	125
5.688140	208	10973	11037	96	2288912991	2959	1003	0	0	2005	0	0	81	81	127
5.700587	208	10973	11037	96	2294745695	2965	1009	0	0	2007	0	0	81	81	127
5.714442	208	10973	11037	96	2300054111	2972	1012	0	0	2011	0	0	81	81	124
5.720798	208	10973	11037	96	2303003231	2973	1013	0	0	2011	0	0	81	81	126
5.726689	208	10973	11037	97	2305572960	2974	1013	0	0	2012	0	0	81	81	128
5.732214	208	10973	11037	97	2308128864	2977	1016	0	0	2012	0	0	81	81	124
5.740646	208	10973	11037	97	2312061024	2984	1019	0	0	2016	0	0	81	81	127
5.754860	208	10973	11037	97	2318811232	2996	1024	0	0	2024	0	0	81	81	127
5.761147	208	10973	11037	97	2321891424	2997	1024	0	0	2025	0	0	81	81	127
5.774771	208	10973	11037	98	2328131169	3004	1025	0	0	2032	0	0	81	81	128
5.784479	208	10973	11037	98	2332653153	3012	1030	0	0	2035	0	0	81	81	123
5.795700	208	10973	11037	98	2337699425	3020	1033	0	0	2040	0	0	81	81	127
5.808695	208	10973	11037	98	2343859809	3026	1035	0	0	2044	0	0	81	81	127
5.814438	208	10973	11037	98	2346350177	3030	1036	0	0	2047	0	0	81	81	126
5.826562	208	10973	11037	99	2352000098	3035	1036	0	0	2052	0	0	81	81	127
5.840421	208	10973	11037	99	2358553698	3041	1038	0	0	2056	0	0	81	81	126
5.847504	208	10973	11037	99	2361437282	3046	1039	0	0	2060	0	0	81	81	127
5.855883	208	10973	11037	99	2365369442	3053	1042	0	0	2065	0	0	81	81	127
5.861641	208	10973	11037	99	2368056418	3056	1043	0	0	2067	0	0	81	81	127
5.875785	208	10973	11037	99	2374872162	3062	1047	0	0	2069	0	0	81	81	126
5.885136	208	10973	11037	100	2378883683	3075	1051	0	0	2078	0	0	81	81	126
5.893626	208	10973	11037	100	2382881379	3079	1053	0	0	2080	0	0	81	81	126
5.904513	208	10973	11037	100	2388189795	3085	1054	0	0	2085	0	0	81	81	127
5.910357	208	10973	11037	100	2390811235	3091	1056	0	0	2089	0	0	81	81	127
5.922227	208	10973	11037	100	2396578403	3096	1057	0	0	2093	0	0	81	81	124
5.928991	208	10973	11037	100	2399134307	3098	1057	0	0	2095	0	0	81	81	127
5.939474	208	10973	11037	101	2403604580	3107	1059	0	0	2102	0	0	81	81	125
5.948392	208	10973	11037	101	2407864420	3112	1061	0	0	2105	0	0	81	81	126
5.959942	208	10973	11037	101	2413107300	3124	1064	0	0	2114	0	0	81	81	127
5.967794	208	10973	11037	101	2416777316	3129	1066	0	0	2117	0	0	81	81	127
5.981609	208	10973	11037	101	2423265380	3138	1071	0	0	2121	0	0	81	81	127
5.996192	208	10973	11037	102	2429832805	3144	1072	0	0	2126	0	0	81	81	125
6.007680	208	10973	11037	102	2434354789	3149	1073	0	0	2130	0	0	81	81	127
6.015058	208	10973	11037	102	2437828197	3154	1073	0	0	2135	0	0	81	81	127
6.023371	208	10973	11037	102	2441825893	3155	1073	0	0	2136	0	0	81	81	127
6.035666	208	10973	11037	102	2447593061	3161	1077	0	0	2138	0	0	81	81	127
6.047759	208	10973	11037	103	2453242982	3164	1079	0	0	2139	0	0	81	81	122
6.054542	208	10973	11037	103	2456126566	3168	1081	0	0	2141	0	0	81	81	127
6.062045	208	10973	11037	103	2459599974	3176	1084	0	0	2147	0	0	81	81	127
6.074090	208	10973	11037	103	2465301606	3183	1086	0	0	2151	0	0	81	81	127
6.082244	208	10973	11037	103	2468643942	3187	1087	0	0	2154	0	0	81	81	125
6.091172	208	10973	11037	104	2472524391	3194	1089	0	0	2158	0	0	81	81	127
6.104016	208	10973	11037	104	2478619239	3200	1093	0	0	2161	0	0	81	81	126
6.118115	208	10973	11037	104	2485303911	3208	1096	0	0	2167	0	0	81	81	127
6.123390	208	10973	11037	104	2487728743	3212	1097	0	0	2170	0	0	81	81	127
6.136074	208	10973	11037	104	2493692519	3221	1101	0	0	2175	0	0	81	81	126
6.148760	208	10973	11037	105	2499342440	3234	1105	0	0	2184	0	0	81	81	125
6.159942	208	10973	11037	105	2504650856	3239	1106	0	0	2187	0	0	81	81	127
6.170863	208	10973	11037	105	2509631592	3247	1110	0	0	2193	0	0	81	81	127
6.182629	208	10973	11037	105	2515267688	3252	1113	0	0	2195	0	0	81	81	126
6.195597	208	10973	11037	106	2520983145	3258	1115	0	0	2199	0	0	81	81	128
6.204278	208	10973	11037	106	2525111913	3264	1118	0	0	2202	0	0	81	81	124
6.210900	208	10973	11037	106	2528323177	3267	1118	0	0	2205	0	0	81	81	126
6.216485	208	10973	11037	106	2531075689	3268	1118	0	0	2206	0	0	81	81	127
6.224575	208	10973	11037	106	2534811241	3273	1119	0	0	2210	0	0	81	81	127
6.236292	208	10973	11037	106	2539857513	3278	1122	0	0	2212	0	0	81	81	126
6.247486	208	10973	11037	107	2544917610	3285	1126	0	0	2215	0	0	81	81	127
6.260848	208	10973	11037	107	2551405674	3290	1127	0	0	2219	0	0	81	81	126
6.272588	208	10973	11037	107	2557041770	3298	1130	0	0	2225	0	0	81	81	127
6.285800	208	10973	11037	107	2563398762	3309	1136	0	0	2230	0	0	81	81	124
6.300098	208	10973	11037	108	2569769579	3320	1142	0	0	2238	0	0	81	81	127
6.315199	208	10973	11037	108	2576126571	3328	1143	0	0	2245	0	0	81	81	127
6.324638	208	10973	11037	108	2580648555	3333	1144	0	0	2249	0	0	81	81	127
6.332923	208	10973	11037	108	2584384107	3338	1144	0	0	2253	0	0	81	81	127
6.343406	208	10973	11037	108	2589102699	3347	1147	0	0	2260	0	0	81	81	126
6.355505	208	10973	11037	109	2594162796	3355	1147	0	0	2268	0	0	81	81	127
6.362855	208	10973	11037	109	2597242988	3358	1148	0	0	2270	0	0	81	81	125
6.375262	208	10973	11037	109	2602748012	3363	1148	0	0	2275	0	0	81	81	127
6.385820	208	10973	11037	109	2607728748	3371	1151	0	0	2281	0	0	81	81	127
6.395261	208	10973	11037	109	2611398764	3373	1152	0	0	2282	0	0	81	81	125
6.402536	208	10973	11037	109	2614872172	3376	1154	0	0	2283	0	0	81	81	127
6.412094	208	10973	11037	110	2618162797	3378	1154	0	0	2285	0	0	81	81	127
6.426668	208	10973	11037	110	2624716397	3395	1162	0	0	2294	0	0	81	81	127
6.432186	208	10973	11037	110	2627272301	3398	1163	0	0	2296	0	0	81	81	127
6.440850	208	10973	11037	110	2631204461	3404	1166	0	0	2299	0	0	81	81	127
6.446568	208	10973	11037	110	2633891437	3405	1166	0	0	2300	0	0	81	81	126
6.454852	208	10973	11037	110	2637758061	3410	1169	0	0	2302	0	0	81	81	126
6.469044	208	10973	11037	111	2644456558	3416	1171	0	0	2306	0	0	81	81	124
6.480647	208	10973	11037	111	2650158190	3418	1171	0	0	2308	0	0	81	81	126
6.493102	208	10973	11037	111	2655990894	3432	1172	0	0	2321	0	0	81	81	127
6.506054	208	10973	11037	111	2662216814	3435	1172	0	0	2324	0	0	81	81	125
6.515586	208	10973	11037	112	2666490479	3440	1172	0	0	2329	0	0	81	81	127
6.520812	208	10973	11037	112	2669046383	3442	1174	0	0	2329	0	0	81	81	120
6.534766	208	10973	11037	112	2675403375	3450	1177	0	0	2334	0	0	81	81	127
6.541106	208	10973	11037	112	2678418031	3455	1177	0	0	2339	0	0	81	81	127
6.548715	208	10973	11037	112	2681891439	3461	1180	0	0	2342	0	0	81	81	126
6.556086	208	10973	11037	112	2685561455	3462	1181	0	0	2342	0	0	81	81	125
6.565858	208	10973	11037	113	2689704048	3472	1184	0	0	2350	0	0	81	81	127
6.574720	208	10973	11037	113	2693963888	3474	1185	0	0	2351	0	0	81	81	125
6.589294	208	10973	11037	113	2700714096	3483	1187	0	0	2358	0	0	81	81	127
6.600621	208	10973	11037	113	2705956976	3491	1190	0	0	2363	0	0	81	81	126
6.608600	208	10973	11037	113	2709758064	3494	1192	0	0	2364	0	0	81	81	126
6.621374	208	10973	11037	114	2715604593	3502	1194	0	0	2370	0	0	81	81	126
6.626583	208	10973	11037	114	2718094961	3504	1196	0	0	2370	0	0	81	81	120
6.638627	208	10973	11037	114	2723731057	3512	1196	0	0	2378	0	0	81	81	127
6.644910	208	10973	11037	114	2726483569	3520	1199	0	0	2383	0	0	81	81	127
6.658125	208	10973	11037	114	2732643953	3528	1204	0	0	2386	0	0	81	81	124
6.670806	208	10973	11037	115	2738359410	3537	1205	0	0	2394	0	0	81	81	127
6.681086	208	10973	11037	115	2743340146	3542	1207	0	0	2398	0	0	81	81	126
6.687303	208	10973	11037	115	2746289266	3544	1207	0	0	2400	0	0	81	81	127
6.697088	208	10973	11037	115	2750942322	3551	1209	0	0	2405	0	0	81	81	127
6.707734	208	10973	11037	115	2755988594	3557	1211	0	0	2409	0	0	81	81	122
6.715781	208	10973	11037	115	2759462002	3562	1213	0	0	2412	0	0	81	81	127
6.730616	208	10973	11037	116	2766357107	3572	1216	0	0	2419	0	0	81	81	126
6.736911	208	10973	11037	116	2769306227	3573	1216	0	0	2420	0	0	81	81	126
6.751244	208	10973	11037	116	2775990899	3585	1221	0	0	2428	0	0	81	81	127
6.760991	208	10973	11037	116	2779333235	3588	1224	0	0	2428	0	0	81	81	126
6.774592	208	10973	11037	117	2785310836	3596	1226	0	0	2434	0	0	81	81	128
6.789217	208	10973	11037	117	2792192116	3606	1229	0	0	2441	0	0	81	81	127
6.794671	208	10973	11037	117	2794420340	3610	1231	0	0	2444	0	0	81	81	127
6.802932	208	10973	11037	117	2798221428	3617	1231	0	0	2451	0	0	81	81	127
6.813895	208	10973	11037	117	2802940020	3623	1235	0	0	2454	0	0	81	81	126
6.826469	208	10973	11037	118	2808589941	3628	1236	0	0	2458	0	0	81	81	127
6.838549	208	10973	11037	118	2814160501	3639	1242	0	0	2464	0	0	81	81	126
6.851938	208	10973	11037	118	2820320885	3647	1244	0	0	2471	0	0	81	81	127
6.864721	208	10973	11037	118	2826219125	3650	1245	0	0	2473	0	0	81	81	126
6.870078	208	10973	11037	118	2828578421	3653	1247	0	0	2475	0	0	81	81	121
6.879518	208	10973	11037	119	2832589942	3657	1248	0	0	2478	0	0	81	81	127
6.889540	208	10973	11037	119	2837374070	3663	1249	0	0	2483	0	0	81	81	120
6.900508	208	10973	11037	119	2842485878	3666	1251	0	0	2484	0	0	81	81	127
6.911617	208	10973	11037	119	2847401078	3671	1254	0	0	2487	0	0	81	81	127
6.918882	208	10973	11037	119	2850874486	3673	1254	0	0	2489	0	0	81	81	126
6.927813	208	10973	11037	119	2854937718	3682	1257	0	0	2495	0	0	81	81	127
6.940326	208	10973	11037	120	2859670135	3691	1260	0	0	2501	0	0	81	81	125
6.951637	208	10973	11037	120	2864454263	3699	1264	0	0	2505	0	0	81	81	127
6.966386	208	10973	11037	120	2870483575	3706	1266	0	0	2511	0	0	81	81	127
6.976812	208	10973	11037	120	2875005559	3707	1266	0	0	2512	0	0	81	81	127
6.989968	208	10973	11037	121	2880196728	3714	1267	0	0	2518	0	0	81	81	128
6.999804	208	10973	11037	121	2884522104	3717	1270	0	0	2518	0	0	81	81	122
7.007784	208	10973	11037	121	2888192120	3726	1273	0	0	2525	0	0	81	81	127
7.015906	208	10973	11037	121	2892058744	3731	1274	0	0	2528	0	0	81	81	127
7.024660	208	10973	11037	121	2896253048	3734	1274	0	0	2532	0	0	81	81	127
7.039627	208	10973	11037	121	2902675576	3738	1276	0	0	2534	0	0	81	81	126
7.053991	208	10973	11037	122	2909177465	3747	1281	0	0	2538	0	0	81	81	125
7.064812	208	10973	11037	122	2913502841	3753	1283	0	0	2542	0	0	81	81	127
7.075697	208	10973	11037	122	2918352505	3766	1286	0	0	2553	0	0	81	81	127
7.089506	208	10973	11037	122	2925037177	3770	1288	0	0	2555	0	0	81	81	126
7.099857	208	10973	11037	123	2929572986	3779	1291	0	0	2561	0	0	81	81	127
7.111222	208	10973	11037	123	2934750330	3785	1296	0	0	2562	0	0	81	81	126
7.124929	208	10973	11037	123	2941303930	3790	1298	0	0	2565	0	0	81	81	127
7.139615	208	10973	11037	123	2948447354	3793	1300	0	0	2566	0	0	81	81	124
7.152807	208	10973	11037	124	2954424955	3801	1303	0	0	2573	0	0	81	81	126
7.163496	208	10973	11037	124	2959274619	3811	1307	0	0	2580	0	0	81	81	126
7.169595	208	10973	11037	124	2962223739	3812	1307	0	0	2581	0	0	81	81	127
7.180332	208	10973	11037	124	2966286971	3819	1309	0	0	2587	0	0	81	81	127
7.191790	208	10973	11037	124	2971726459	3823	1311	0	0	2589	0	0	81	81	125
7.201765	208	10973	11037	125	2976131196	3827	1312	0	0	2592	0	0	81	81	128
7.209204	208	10973	11037	125	2979473532	3833	1314	0	0	2596	0	0	81	81	126
7.219714	208	10973	11037	125	2984257660	3837	1317	0	0	2597	0	0	81	81	126
7.234515	208	10973	11037	125	2991007868	3849	1319	0	0	2607	0	0	81	81	127
7.244465	208	10973	11037	125	2995791996	3855	1321	0	0	2611	0	0	81	81	121
7.255472	208	10973	11037	126	3000327805	3860	1325	0	0	2613	0	0	81	81	128
7.263969	208	10973	11037	126	3004063357	3868	1329	0	0	2617	0	0	81	81	125
7.278350	208	10973	11037	126	3010944637	3874	1331	0	0	2621	0	0	81	81	127
7.285284	208	10973	11037	126	3014090365	3881	1333	0	0	2625	0	0	81	81	127
7.293490	208	10973	11037	126	3018022525	3883	1334	0	0	2627	0	0	81	81	127
7.304971	208	10973	11037	126	3023462013	3890	1338	0	0	2630	0	0	81	81	127
7.312064	208	10973	11037	127	3026424958	3893	1338	0	0	2633	0	0	81	81	127
7.321602	208	10973	11037	127	3031012478	3894	1338	0	0	2634	0	0	81	81	124
7.331047	208	10973	11037	127	3034682494	3897	1338	0	0	2636	0	0	81	81	127
7.345096	208	10973	11037	127	3040973950	3909	1344	0	0	2643	0	0	81	81	127
7.357450	208	10973	11037	127	3046675582	3918	1348	0	0	2648	0	0	81	81	127
7.371261	208	10973	11037	128	3052849791	3926	1351	0	0	2653	0	0	81	81	124
7.378617	208	10973	11037	128	3056323199	3928	1352	0	0	2654	0	0	81	81	126
7.393370	208	10973	11037	128	3063138943	3937	1354	0	0	2661	0	0	81	81	127
7.398613	208	10973	11037	128	3065498239	3941	1356	0	0	2664	0	0	81	81	126
7.411117	208	10973	11037	128	3071396479	3945	1357	0	0	2667	0	0	81	81	127
7.419440	208	10973	11037	129	3073900672	3946	1358	0	0	2668	0	0	81	81	127
7.427440	208	10973	11037	129	3077505152	3950	1362	0	0	2668	0	0	81	81	126
7.441300	208	10973	11037	129	3083927680	3962	1364	0	0	2679	0	0	81	81	127
7.449110	208	10973	11037	129	3087597696	3970	1366	0	0	2685	0	0	81	81	127
7.459988	208	10973	11037	129	3092578432	3974	1368	0	0	2687	0	0	81	81	124
7.469174	208	10973	11037	130	3096655489	3981	1371	0	0	2691	0	0	81	81	127
7.483696	208	10973	11037	130	3103667841	3988	1375	0	0	2694	0	0	81	81	126
7.494264	208	10973	11037	130	3108320897	4000	1377	0	0	2704	0	0	81	81	127
7.500491	208	10973	11037	130	3111073409	4004	1380	0	0	2705	0	0	81	81	127
7.509281	208	10973	11037	130	3115398785	4008	1381	0	0	2708	0	0	81	81	126
7.521536	208	10973	11037	131	3120983170	4015	1384	0	0	2712	0	0	81	81	127
7.535532	208	10973	11037	131	3127798914	4019	1385	0	0	2715	0	0	81	81	126
7.548337	208	10973	11037	131	3134024834	4026	1387	0	0	2720	0	0	81	81	127
7.563530	208	10973	11037	131	3141299330	4034	1390	0	0	2725	0	0	81	81	125
7.577908	208	10973	11037	132	3147866755	4045	1396	0	0	2731	0	0	81	81	121
7.589921	208	10973	11037	132	3153633923	4051	1399	0	0	2734	0	0	81	81	127
7.602716	208	10973	11037	132	3159794307	4057	1399	0	0	2740	0	0	81	81	127
7.611461	208	10973	11037	132	3164054147	4060	1400	0	0	2743	0	0	81	81	126
7.618480	208	10973	11037	132	3167396483	4064	1400	0	0	2747	0	0	81	81	127
7.627656	208	10973	11037	133	3171473540	4069	1400	0	0	2752	0	0	81	81	125
7.633781	208	10973	11037	133	3174422660	4070	1401	0	0	2752	0	0	81	81	124
7.639384	208	10973	11037	133	3177044100	4074	1403	0	0	2755	0	0	81	81	127
7.644738	208	10973	11037	133	3179468932	4077	1404	0	0	2757	0	0	81	81	127
7.658067	208	10973	11037	133	3185825924	4088	1410	0	0	2763	0	0	81	81	127
7.671221	208	10973	11037	134	3192000133	4096	1414	0	0	2767	0	0	81	81	127
7.682087	208	10973	11037	134	3196391045	4105	1420	0	0	2771	0	0	81	81	124
7.692783	208	10973	11037	134	3201502853	4110	1420	0	0	2776	0	0	81	81	127
7.699143	208	10973	11037	134	3204517509	4114	1422	0	0	2778	0	0	81	81	127
7.705707	208	10973	11037	134	3207663237	4116	1422	0	0	2780	0	0	81	81	127
7.711618	208	10973	11037	134	3210481285	4120	1424	0	0	2782	0	0	81	81	126
7.723700	208	10973	11037	135	3216065670	4124	1426	0	0	2784	0	0	81	81	127
7.736646	208	10973	11037	135	3222226054	4134	1428	0	0	2791	0	0	81	81	126
7.743818	208	10973	11037	135	3225306246	4136	1430	0	0	2793	0	0	81	81	127
7.749188	208	10973	11037	135	3227468934	4142	1432	0	0	2797	0	0	81	81	127
7.756634	208	10973	11037	135	3231073414	4144	1433	0	0	2798	0	0	81	81	127
7.762200	208	10973	11037	135	3233629318	4148	1433	0	0	2802	0	0	81	81	127
7.773739	208	10973	11037	135	3239199878	4152	1435	0	0	2804	0	0	81	81	127
7.780147	208	10973	11037	136	3242031751	4154	1436	0	0	2804	0	0	81	81	126
7.787415	208	10973	11037	136	3245439623	4157	1436	0	0	2808	0	0	81	81	125
7.796859	208	10973	11037	136	3249699463	4162	1437	0	0	2812	0	0	81	81	127
7.811617	208	10973	11037	136	3256449671	4172	1440	0	0	2819	0	0	81	81	127
7.817273	208	10973	11037	136	3259136647	4176	1442	0	0	2820	0	0	81	81	125
7.827217	208	10973	11037	136	3263724167	4181	1445	0	0	2823	0	0	81	81	127
7.835103	208	10973	11037	137	3267276936	4183	1445	0	0	2825	0	0	81	81	125
7.848255	208	10973	11037	137	3273306248	4194	1451	0	0	2830	0	0	81	81	127
7.855757	208	10973	11037	137	3276845192	4201	1452	0	0	2837	0	0	81	81	127
7.863769	208	10973	11037	137	3280580744	4207	1452	0	0	2843	0	0	81	81	127
7.869577	208	10973	11037	137	3283267720	4214	1454	0	0	2849	0	0	81	81	125
7.883144	208	10973	11037	138	3289507465	4221	1455	0	0	2855	0	0	81	81	127
7.891376	208	10973	11037	138	3293505161	4222	1456	0	0	2855	0	0	81	81	120
7.903992	208	10973	11037	138	3299403401	4235	1461	0	0	2864	0	0	81	81	127
7.916504	208	10973	11037	138	3304973961	4246	1465	0	0	2871	0	0	81	81	127
7.927571	208	10973	11037	138	3310151305	4250	1465	0	0	2875	0	0	81	81	125
7.940574	208	10973	11037	139	3315866762	4261	1469	0	0	2882	0	0	81	81	124
7.952362	208	10973	11037	139	3321502858	4267	1473	0	0	2884	0	0	81	81	127
7.957724	208	10973	11037	139	3323862154	4272	1474	0	0	2889	0	0	81	81	127
7.971784	208	10973	11037	139	3330415754	4284	1478	0	0	2897	0	0	81	81	126
7.977365	208	10973	11037	139	3332906122	4286	1480	0	0	2899	0	0	81	81	123
7.991915	208	10973	11037	140	3339604619	4293	1482	0	0	2905	0	0	81	81	124
8.000585	208	10973	11037	140	3343667851	4294	1483	0	0	2905	0	0	81	81	126
8.009540	208	10973	11037	140	3347927691	4299	1485	0	0	2908	0	0	81	81	127
8.015915	208	10973	11037	140	3350745739	4302	1486	0	0	2910	0	0	81	81	127
8.030404	208	10973	11037	140	3357758091	4307	1488	0	0	2913	0	0	81	81	124
8.042518	208	10973	11037	141	3361835148	4314	1490	0	0	2918	0	0	81	81	126
8.055754	208	10973	11037	141	3368192140	4318	1491	0	0	2921	0	0	81	81	126
8.065703	208	10973	11037	141	3372845196	4323	1495	0	0	2923	0	0	81	81	127
8.077031	208	10973	11037	141	3378219148	4325	1495	0	0	2925	0	0	81	81	127
8.087653	208	10973	11037	141	3383068812	4331	1499	0	0	2928	0	0	81	81	126
8.100452	208	10973	11037	142	3388522125	4340	1503	0	0	2933	0	0	81	81	121
8.110554	208	10973	11037	142	3393044109	4345	1505	0	0	2936	0	0	81	81	127
8.123612	208	10973	11037	142	3399073421	4354	1505	0	0	2945	0	0	81	81	127
8.138586	208	10973	11037	142	3406151309	4360	1509	0	0	2948	0	0	81	81	126
8.145388	208	10973	11037	143	3409048718	4362	1509	0	0	2950	0	0	81	81	127
8.156542	208	10973	11037	143	3414422670	4367	1511	0	0	2953	0	0	81	81	125
8.167852	208	10973	11037	143	3418879118	4369	1512	0	0	2954	0	0	81	81	127
8.173740	208	10973	11037	143	3421172878	4372	1512	0	0	2957	0	0	81	81	127
8.188941	208	10973	11037	143	3428119694	4382	1518	0	0	2962	0	0	81	81	118
8.195985	208	10973	11037	143	3431462030	4384	1518	0	0	2964	0	0	81	81	127
8.206102	208	10973	11037	144	3436063375	4387	1518	0	0	2967	0	0	81	81	126
8.213590	208	10973	11037	144	3439602319	4394	1523	0	0	2969	0	0	81	81	127
8.219480	208	10973	11037	144	3442289295	4401	1524	0	0	2975	0	0	81	81	127
8.232268	208	10973	11037	144	3448580751	4408	1527	0	0	2979	0	0	81	81	127
8.241828	208	10973	11037	144	3453168271	4412	1529	0	0	2981	0	0	81	81	123
8.248311	208	10973	11037	145	3456000144	4416	1531	0	0	2984	0	0	81	81	127
8.256012	208	10973	11037	145	3459670160	4421	1532	0	0	2988	0	0	81	81	125
8.264919	208	10973	11037	145	3463930000	4426	1535	0	0	2990	0	0	81	81	127
8.273040	208	10973	11037	145	3467731088	4432	1538	0	0	2995	0	0	81	81	127
8.282053	208	10973	11037	145	3471794320	4439	1540	0	0	3001	0	0	81	81	127
8.287887	208	10973	11037	145	3474677904	4441	1541	0	0	3002	0	0	81	81	127
8.295894	208	10973	11037	145	3478413456	4447	1545	0	0	3004	0	0	81	81	126
8.303116	208	10973	11037	146	3481573009	4453	1547	0	0	3008	0	0	81	81	127
8.312938	208	10973	11037	146	3486291601	4456	1548	0	0	3010	0	0	81	81	126
8.327265	208	10973	11037	146	3492451985	4465	1550	0	0	3017	0	0	81	81	127
8.336807	208	10973	11037	146	3496973969	4470	1553	0	0	3019	0	0	81	81	127
8.345372	208	10973	11037	146	3500906129	4476	1554	0	0	3024	0	0	81	81	125
8.360304	208	10973	11037	147	3507604626	4485	1559	0	0	3028	0	0	81	81	125
8.371989	208	10973	11037	147	3513306258	4490	1560	0	0	3032	0	0	81	81	127
8.383332	208	10973	11037	147	3518614674	4496	1562	0	0	3037	0	0	81	81	127
8.398421	208	10973	11037	147	3525627026	4509	1567	0	0	3047	0	0	81	81	126
8.413151	208	10973	11037	148	3532259987	4526	1572	0	0	3059	0	0	81	81	122
8.423992	208	10973	11037	148	3537240723	4533	1574	0	0	3064	0	0	81	81	127
8.434425	208	10973	11037	148	3542221459	4540	1576	0	0	3069	0	0	81	81	127
8.448104	208	10973	11037	148	3548512915	4552	1580	0	0	3077	0	0	81	81	122
8.458643	208	10973	11037	149	3553245332	4555	1580	0	0	3080	0	0	81	81	127
8.470400	208	10973	11037	149	3558619284	4562	1584	0	0	3084	0	0	81	81	126
8.480836	208	10973	11037	149	3563600020	4566	1585	0	0	3087	0	0	81	81	127
8.494786	208	10973	11037	149	3569039508	4576	1588	0	0	3094	0	0	81	81	127
8.507865	208	10973	11037	149	3575003284	4592	1596	0	0	3103	0	0	81	81	127
8.519141	208	10973	11037	150	3580128917	4598	1598	0	0	3107	0	0	81	81	126
8.528645	208	10973	11037	150	3584519829	4609	1602	0	0	3114	0	0	81	81	127
8.535836	208	10973	11037	150	3587141269	4613	1603	0	0	3117	0	0	81	81	127
8.546313	208	10973	11037	150	3591925397	4624	1607	0	0	3125	0	0	81	81	127
8.554632	208	10973	11037	150	3595857557	4629	1608	0	0	3129	0	0	81	81	123
8.560604	208	10973	11037	150	3598610069	4630	1608	0	0	3130	0	0	81	81	127
8.567420	208	10973	11037	151	3601573014	4634	1609	0	0	3133	0	0	81	81	127
8.580834	208	10973	11037	151	3607864470	4638	1611	0	0	3135	0	0	81	81	127
8.586736	208	10973	11037	151	3610682518	4641	1613	0	0	3137	0	0	81	81	127
8.596901	208	10973	11037	151	3615532182	4646	1614	0	0	3141	0	0	81	81	127
8.609667	208	10973	11037	151	3621495958	4657	1621	0	0	3146	0	0	81	81	126
8.617763	208	10973	11037	152	3625048727	4666	1626	0	0	3151	0	0	81	81	127
8.628892	208	10973	11037	152	3629636247	4673	1630	0	0	3153	0	0	81	81	125
8.635006	208	10973	11037	152	3632454295	4677	1630	0	0	3157	0	0	81	81	127
8.644532	208	10973	11037	152	3636845207	4685	1631	0	0	3164	0	0	81	81	127
8.651968	208	10973	11037	152	3640318615	4692	1632	0	0	3170	0	0	81	81	127
8.658291	208	10973	11037	152	3643333271	4694	1634	0	0	3170	0	0	81	81	126
8.671896	208	10973	11037	153	3649441944	4703	1637	0	0	3176	0	0	81	81	127
8.684824	208	10973	11037	153	3655667864	4708	1640	0	0	3178	0	0	81	81	127
8.692604	208	10973	11037	153	3659403416	4710	1640	0	0	3180	0	0	81	81	127
8.706419	208	10973	11037	153	3665957016	4718	1642	0	0	3186	0	0	81	81	126
8.714282	208	10973	11037	153	3669692568	4722	1645	0	0	3187	0	0	81	81	123
8.727137	208	10973	11037	154	3675604633	4729	1648	0	0	3191	0	0	81	81	126
8.736928	208	10973	11037	154	3680126617	4735	1650	0	0	3195	0	0	81	81	127
8.743004	208	10973	11037	154	3683010201	4739	1652	0	0	3197	0	0	81	81	127
8.752143	208	10973	11037	154	3687204505	4745	1653	0	0	3203	0	0	81	81	127
8.757878	208	10973	11037	154	3689957017	4746	1653	0	0	3204	0	0	81	81	127
8.772079	208	10973	11037	155	3696458906	4752	1655	0	0	3209	0	0	81	81	127
8.783635	208	10973	11037	155	3701832858	4761	1659	0	0	3214	0	0	81	81	126
8.795539	208	10973	11037	155	3707468954	4770	1664	0	0	3220	0	0	81	81	127
8.805534	208	10973	11037	155	3712253082	4778	1666	0	0	3226	0	0	81	81	127
8.813348	208	10973	11037	155	3715923098	4780	1666	0	0	3228	0	0	81	81	126
8.826282	208	10973	11037	156	3721835163	4787	1667	0	0	3234	0	0	81	81	127
8.837339	208	10973	11037	156	3727143579	4790	1669	0	0	3235	0	0	81	81	126
8.851926	208	10973	11037	156	3733959323	4794	1670	0	0	3238	0	0	81	81	127
8.863516	208	10973	11037	156	3739202203	4807	1673	0	0	3249	0	0	81	81	125
8.872225	208	10973	11037	156	3743396507	4810	1674	0	0	3251	0	0	81	81	127
8.885985	208	10973	11037	157	3749439644	4814	1675	0	0	3254	0	0	81	81	125
8.892087	208	10973	11037	157	3752257692	4818	1675	0	0	3258	0	0	81	81	127
8.900035	208	10973	11037	157	3755862172	4824	1675	0	0	3264	0	0	81	81	127
8.907595	208	10973	11037	157	3759401116	4828	1676	0	0	3268	0	0	81	81	127
8.922610	208	10973	11037	157	3766347932	4834	1680	0	0	3270	0	0	81	81	126
8.932846	208	10973	11037	158	3770293917	4843	1684	0	0	3275	0	0	81	81	126
8.942247	208	10973	11037	158	3774160541	4847	1685	0	0	3278	0	0	81	81	126
8.953320	208	10973	11037	158	3778748061	4852	1688	0	0	3281	0	0	81	81	127
8.960979	208	10973	11037	158	3781762717	4857	1691	0	0	3283	0	0	81	81	127
8.970533	208	10973	11037	158	3785694877	4861	1692	0	0	3286	0	0	81	81	126
8.980110	208	10973	11037	158	3789954717	4862	1693	0	0	3286	0	0	81	81	124
8.995239	208	10973	11037	159	3796849822	4871	1695	0	0	3293	0	0	81	81	119
9.008613	208	10973	11037	159	3803075742	4882	1696	0	0	3303	0	0	81	81	127
9.019445	208	10973	11037	159	3807925406	4894	1699	0	0	3313	0	0	81	81	127
9.025046	208	10973	11037	159	3810546846	4896	1700	0	0	3314	0	0	81	81	127
9.039567	208	10973	11037	160	3817114271	4905	1706	0	0	3317	0	0	81	81	127
9.047896	208	10973	11037	160	3821046431	4910	1707	0	0	3321	0	0	81	81	125
9.058679	208	10973	11037	160	3826092703	4918	1709	0	0	3327	0	0	81	81	127
9.070955	208	10973	11037	160	3831794335	4928	1712	0	0	3335	0	0	81	81	127
9.078038	208	10973	11037	160	3835136671	4931	1712	0	0	3338	0	0	81	81	126
9.088388	208	10973	11037	160	3839986335	4936	1713	0	0	3342	0	0	81	81	127
9.102246	208	10973	11037	161	3846488224	4938	1714	0	0	3343	0	0	81	81	125
9.111579	208	10973	11037	161	3850682528	4946	1716	0	0	3349	0	0	81	81	127
9.117376	208	10973	11037	161	3853238432	4950	1716	0	0	3353	0	0	81	81	127
9.124851	208	10973	11037	161	3856056480	4954	1717	0	0	3356	0	0	81	81	127
9.131374	208	10973	11037	161	3859136672	4960	1719	0	0	3359	0	0	81	81	125
9.144809	208	10973	11037	162	3865179809	4964	1723	0	0	3361	0	0	81	81	127
9.154031	208	10973	11037	162	3869308577	4967	1725	0	0	3362	0	0	81	81	123
9.165582	208	10973	11037	162	3874748065	4976	1725	0	0	3371	0	0	81	81	127
9.170840	208	10973	11037	162	3877107361	4981	1725	0	0	3376	0	0	81	81	127
9.179087	208	10973	11037	162	3880777377	4985	1728	0	0	3378	0	0	81	81	127
9.189795	208	10973	11037	162	3885954721	4990	1731	0	0	3380	0	0	81	81	126
9.197039	208	10973	11037	163	3888786594	4999	1734	0	0	3387	0	0	81	81	127
9.207825	208	10973	11037	163	3893636258	5004	1738	0	0	3388	0	0	81	81	124
9.221095	208	10973	11037	163	3899206818	5010	1741	0	0	3391	0	0	81	81	127
9.231398	208	10973	11037	163	3903794338	5017	1744	0	0	3395	0	0	81	81	127
9.245611	208	10973	11037	163	3910479010	5022	1745	0	0	3399	0	0	81	81	126
9.257320	208	10973	11037	164	3915408035	5030	1747	0	0	3405	0	0	81	81	125
9.270697	208	10973	11037	164	3920388771	5032	1748	0	0	3406	0	0	81	81	127
9.278160	208	10973	11037	164	3923731107	5040	1749	0	0	3413	0	0	81	81	127
9.292367	208	10973	11037	164	3930481315	5048	1752	0	0	3419	0	0	81	81	127
9.303482	208	10973	11037	164	3935855267	5052	1752	0	0	3423	0	0	81	81	127
9.311766	208	10973	11037	165	3939408036	5060	1753	0	0	3431	0	0	81	81	126
9.323914	208	10973	11037	165	3944585380	5069	1757	0	0	3435	0	0	81	81	127
9.332160	208	10973	11037	165	3948320932	5077	1759	0	0	3442	0	0	81	81	127
9.340382	208	10973	11037	165	3951990948	5081	1761	0	0	3444	0	0	81	81	127
9.355339	208	10973	11037	165	3957954724	5092	1766	0	0	3451	0	0	81	81	126
9.363615	208	10973	11037	166	3960393381	5097	1769	0	0	3455	0	0	81	81	127
9.374360	208	10973	11037	166	3965046437	5100	1771	0	0	3456	0	0	81	81	126
9.380411	208	10973	11037	166	3967536805	5102	1772	0	0	3457	0	0	81	81	127
9.386063	208	10973	11037	166	3969830565	5105	1773	0	0	3459	0	0	81	81	127
9.396337	208	10973	11037	166	3974614693	5112	1774	0	0	3465	0	0	81	81	127
9.410842	208	10973	11037	166	3981692581	5118	1776	0	0	3469	0	0	81	81	125
9.423995	208	10973	11037	167	3987604646	5125	1779	0	0	3473	0	0	81	81	125
9.433942	208	10973	11037	167	3992061094	5133	1785	0	0	3475	0	0	81	81	127
9.441998	208	10973	11037	167	3995862182	5136	1785	0	0	3478	0	0	81	81	127
9.453757	208	10973	11037	167	4001170598	5149	1790	0	0	3487	0	0	81	81	127
9.468657	208	10973	11037	168	4008065703	5154	1793	0	0	3489	0	0	81	81	127
9.479964	208	10973	11037	168	4013439655	5162	1797	0	0	3493	0	0	81	81	125
9.493853	208	10973	11037	168	4019993255	5169	1798	0	0	3499	0	0	81	81	127
9.499311	208	10973	11037	168	4022549159	5171	1798	0	0	3501	0	0	81	81	127
9.507457	208	10973	11037	168	4026546855	5172	1798	0	0	3502	0	0	81	81	127
9.519673	208	10973	11037	169	4032262312	5177	1801	0	0	3505	0	0	81	81	127
9.529771	208	10973	11037	169	4036980904	5185	1805	0	0	3509	0	0	81	81	125
9.538724	208	10973	11037	169	4041175208	5190	1807	0	0	3513	0	0	81	81	127
9.552149	208	10973	11037	169	4047007912	5199	1810	0	0	3520	0	0	81	81	127
9.562397	208	10973	11037	169	4051923112	5203	1811	0	0	3523	0	0	81	81	126
9.572050	208	10973	11037	170	4056262313	5210	1813	0	0	3528	0	0	81	81	127
9.582768	208	10973	11037	170	4061374121	5215	1816	0	0	3530	0	0	81	81	125
9.593164	208	10973	11037	170	4066354857	5221	1816	0	0	3536	0	0	81	81	127
9.600808	208	10973	11037	170	4069107369	5224	1817	0	0	3538	0	0	81	81	127
9.609551	208	10973	11037	170	4073367209	5227	1817	0	0	3541	0	0	81	81	127
9.616818	208	10973	11037	170	4076709545	5232	1822	0	0	3541	0	0	81	81	123
9.626746	208	10973	11037	171	4080917674	5241	1825	0	0	3548	0	0	81	81	127
9.637948	208	10973	11037	171	4086226090	5246	1826	0	0	3552	0	0	81	81	126
9.652770	208	10973	11037	171	4093369514	5251	1827	0	0	3557	0	0	81	81	127
9.667019	208	10973	11037	171	4099988650	5264	1831	0	0	3566	0	0	81	81	125
9.673293	208	10973	11037	171	4102937770	5266	1831	0	0	3568	0	0	81	81	126
9.681462	208	10973	11037	172	4106425003	5271	1833	0	0	3571	0	0	81	81	126
9.690802	208	10973	11037	172	4110881451	5273	1835	0	0	3572	0	0	81	81	121
9.701552	208	10973	11037	172	4115927723	5280	1838	0	0	3578	0	0	81	81	127
9.711357	208	10973	11037	172	4120318635	5284	1838	0	0	3582	0	0	81	81	127
9.724182	208	10973	11037	172	4126282411	5293	1844	0	0	3585	0	0	81	81	126
9.734156	208	10973	11037	173	4130687148	5299	1844	0	0	3591	0	0	81	81	126
9.748759	208	10973	11037	173	4136650924	5304	1848	0	0	3592	0	0	81	81	127
9.763451	208	10973	11037	173	4143204524	5313	1849	0	0	3600	0	0	81	81	127
9.771057	208	10973	11037	173	4146940076	5316	1849	0	0	3603	0	0	81	81	126
9.784343	208	10973	11037	174	4152983213	5323	1853	0	0	3607	0	0	81	81	127
9.796761	208	10973	11037	174	4158684845	5326	1855	0	0	3608	0	0	81	81	126
9.807689	208	10973	11037	174	4163665581	5330	1855	0	0	3612	0	0	81	81	127
9.820149	208	10973	11037	174	4169498285	5341	1856	0	0	3622	0	0	81	81	126
9.829982	208	10973	11037	174	4174347949	5342	1857	0	0	3622	0	0	81	81	126
9.842011	208	10973	11037	175	4179670190	5351	1859	0	0	3629	0	0	81	81	125
9.850683	208	10973	11037	175	4183798958	5352	1860	0	0	3629	0	0	81	81	127
9.861704	208	10973	11037	175	4188976302	5359	1862	0	0	3634	0	0	81	81	127
9.875329	208	10973	11037	175	4195595438	5367	1866	0	0	3639	0	0	81	81	127
9.881458	208	10973	11037	175	4198544558	5371	1868	0	0	3641	0	0	81	81	126
9.890906	208	10973	11037	176	4202752687	5377	1870	0	0	3645	0	0	81	81	126
9.904557	208	10973	11037	176	4209240751	5383	1871	0	0	3650	0	0	81	81	127
9.919501	208	10973	11037	176	4216580783	5389	1873	0	0	3654	0	0	81	81	127
9.925823	208	10973	11037	176	4219595439	5394	1876	0	0	3656	0	0	81	81	125
9.937559	208	10973	11037	177	4224000176	5404	1878	0	0	3664	0	0	81	81	127
9.943275	208	10973	11037	177	4226556080	5408	1878	0	0	3668	0	0	81	81	126
9.957155	208	10973	11037	177	4232913072	5418	1886	0	0	3670	0	0	81	81	127
9.964285	208	10973	11037	177	4236124336	5423	1887	0	0	3674	0	0	81	81	127
9.972195	208	10973	11037	177	4239990960	5427	1887	0	0	3678	0	0	81	81	127
9.981382	208	10973	11037	177	4244185264	5432	1890	0	0	3680	0	0	81	81	126
9.988298	208	10973	11037	177	4247396528	5436	1894	0	0	3680	0	0	81	81	126
10.002131	208	10973	11037	178	4253505201	5444	1897	0	0	3685	0	0	81	81	125
10.017295	208	10973	11037	178	4260583089	5455	1899	0	0	3694	0	0	81	81	127
10.029592	208	10973	11037	178	4266415793	5461	1900	0	0	3699	0	0	81	81	126
10.035387	208	10973	11037	178	4269102769	5464	1903	0	0	3699	0	0	81	81	125
10.043696	208	10973	11037	179	4272721074	5469	1904	0	0	3702	0	0	81	81	127
10.057633	208	10973	11037	179	4279274674	5479	1910	0	0	3709	0	0	81	81	127
10.069424	208	10973	11037	179	4284976306	5486	1912	0	0	3714	0	0	81	81	127
10.075483	208	10973	11037	179	4287794354	5487	1913	0	0	3714	0	0	81	81	127
10.083444	208	10973	11037	179	4291595442	5490	1914	0	0	3717	0	0	81	81	126
10.094456	208	10973	11037	180	4296393395	5499	1921	0	0	3720	0	0	81	81	127
10.103204	208	10973	11037	180	4300391091	5503	1924	0	0	3722	0	0	81	81	123
10.116106	208	10973	11037	180	4306617011	5510	1925	0	0	3729	0	0	81	81	127
10.126557	208	10973	11037	180	4310418099	5515	1928	0	0	3731	0	0	81	81	127
10.135005	208	10973	11037	180	4314481331	5518	1929	0	0	3733	0	0	81	81	127
10.147126	208	10973	11037	181	4320000180	5525	1932	0	0	3737	0	0	81	81	127
10.160442	208	10973	11037	181	4326422708	5533	1935	0	0	3742	0	0	81	81	126
10.170718	208	10973	11037	181	4331337908	5539	1936	0	0	3748	0	0	81	81	127
10.185302	208	10973	11037	181	4338153652	5549	1940	0	0	3755	0	0	81	81	126
10.194392	208	10973	11037	181	4342413492	5554	1944	0	0	3757	0	0	81	81	126
10.209035	208	10973	11037	182	4347408053	5564	1948	0	0	3763	0	0	81	81	124
10.215639	208	10973	11037	182	4350291637	5568	1950	0	0	3764	0	0	81	81	126
10.221786	208	10973	11037	182	4353175221	5572	1951	0	0	3768	0	0	81	81	127
10.234689	208	10973	11037	182	4359401141	5580	1953	0	0	3775	0	0	81	81	127
10.248505	208	10973	11037	182	4366216885	5583	1954	0	0	3777	0	0	81	81	124
10.259247	208	10973	11037	183	4370949302	5594	1956	0	0	3786	0	0	81	81	126
10.272889	208	10973	11037	183	4377502902	5601	1959	0	0	3790	0	0	81	81	127
10.286708	208	10973	11037	183	4383794358	5609	1961	0	0	3796	0	0	81	81	127
10.299756	208	10973	11037	183	4389037238	5619	1967	0	0	3801	0	0	81	81	125
10.309270	208	10973	11037	184	4393376439	5622	1968	0	0	3803	0	0	81	81	127
10.324043	208	10973	11037	184	4400519863	5628	1971	0	0	3807	0	0	81	81	127
10.330775	208	10973	11037	184	4403665591	5633	1971	0	0	3812	0	0	81	81	127
10.337087	208	10973	11037	184	4406614711	5640	1974	0	0	3817	0	0	81	81	127
10.351959	208	10973	11037	184	4413889207	5646	1977	0	0	3820	0	0	81	81	126
10.361337	208	10973	11037	185	4417966264	5652	1979	0	0	3824	0	0	81	81	126
10.376418	208	10973	11037	185	4425109688	5662	1984	0	0	3830	0	0	81	81	127
10.387087	208	10973	11037	185	4429893816	5670	1988	0	0	3833	0	0	81	81	127
10.394136	208	10973	11037	185	4433170616	5673	1990	0	0	3835	0	0	81	81	127
10.408540	208	10973	11037	185	4439986360	5686	1996	0	0	3843	0	0	81	81	127
10.420612	208	10973	11037	186	4445439673	5688	1998	0	0	3843	0	0	81	81	124
10.427065	208	10973	11037	186	4448519865	5691	1999	0	0	3845	0	0	81	81	127
10.441597	208	10973	11037	186	4455073465	5704	2003	0	0	3854	0	0	81	81	127
10.454984	208	10973	11037	186	4461168313	5713	2007	0	0	3859	0	0	81	81	125
10.469616	208	10973	11037	187	4467145914	5719	2008	0	0	3864	0	0	81	81	126
10.479517	208	10973	11037	187	4471602362	5725	2011	0	0	3867	0	0	81	81	127
10.491041	208	10973	11037	187	4477041850	5735	2011	0	0	3877	0	0	81	81	127
10.504756	208	10973	11037	187	4482219194	5746	2015	0	0	3884	0	0	81	81	126
10.513551	208	10973	11037	187	4486151354	5748	2017	0	0	3884	0	0	81	81	126
10.524999	208	10973	11037	188	4490621627	5755	2019	0	0	3889	0	0	81	81	126
10.530766	208	10973	11037	188	4492784315	5757	2020	0	0	3890	0	0	81	81	124
10.538851	208	10973	11037	188	4496061115	5765	2023	0	0	3895	0	0	81	81	127
10.547046	208	10973	11037	188	4499796667	5772	2027	0	0	3899	0	0	81	81	127
10.560250	208	10973	11037	188	4505957051	5784	2030	0	0	3908	0	0	81	81	126
10.565940	208	10973	11037	188	4508709563	5786	2031	0	0	3909	0	0	81	81	123
10.574194	208	10973	11037	189	4512000188	5790	2032	0	0	3912	0	0	81	81	127
10.588605	208	10973	11037	189	4518815932	5801	2037	0	0	3919	0	0	81	81	126
10.595475	208	10973	11037	189	4522092732	5804	2038	0	0	3921	0	0	81	81	127
10.609170	208	10973	11037	189	4528580796	5815	2040	0	0	3930	0	0	81	81	127
10.623871	208	10973	11037	189	4535593148	5824	2044	0	0	3935	0	0	81	81	127
10.633595	208	10973	11037	190	4540063421	5829	2044	0	0	3940	0	0	81	81	125
10.641377	208	10973	11037	190	4543667901	5832	2045	0	0	3942	0	0	81	81	127
10.650976	208	10973	11037	190	4548189885	5839	2048	0	0	3948	0	0	81	81	127
10.662288	208	10973	11037	190	4553498301	5845	2050	0	0	3953	0	0	81	81	126
10.669970	208	10973	11037	190	4557168317	5847	2050	0	0	3955	0	0	81	81	123
10.683008	208	10973	11037	191	4563145918	5853	2051	0	0	3960	0	0	81	81	125
10.696368	208	10973	11037	191	4569502910	5855	2052	0	0	3961	0	0	81	81	126
10.710163	208	10973	11037	191	4576056510	5866	2056	0	0	3969	0	0	81	81	127
10.721983	208	10973	11037	191	4581758142	5872	2058	0	0	3972	0	0	81	81	126
10.727500	208	10973	11037	192	4584000191	5878	2059	0	0	3978	0	0	81	81	127
10.742165	208	10973	11037	192	4590815935	5890	2062	0	0	3987	0	0	81	81	126
10.753197	208	10973	11037	192	4595010239	5896	2065	0	0	3990	0	0	81	81	127
10.758787	208	10973	11037	192	4597631679	5900	2068	0	0	3992	0	0	81	81	127
10.768382	208	10973	11037	192	4602088127	5906	2070	0	0	3996	0	0	81	81	126
10.778515	208	10973	11037	192	4606741183	5910	2072	0	0	3998	0	0	81	81	127
10.813610	208	10973	11037	193	4611473600	5917	2075	0	0	4001	0	0	81	81	125
10.825532	208	10973	11037	193	4611473600	5917	2075	0	0	4001	0	0	81	81	125
10.834104	208	10973	11037	193	4615602368	5918	2076	0	0	4002	0	0	81	81	121
10.848728	208	10973	11037	193	4618813632	5921	2077	0	0	4003	0	0	81	81	127
10.855156	208	10973	11037	193	4621631680	5928	2078	0	0	4010	0	0	81	81	127
10.869360	208	10973	11037	193	4628381888	5936	2080	0	0	4017	0	0	81	81	126
10.878071	208	10973	11037	194	4632065729	5942	2084	0	0	4021	0	0	81	81	128
10.889909	208	10973	11037	194	4637701825	5953	2089	0	0	4028	0	0	81	81	125
10.898903	208	10973	11037	194	4641699521	5960	2089	0	0	4035	0	0	81	81	127
10.910459	208	10973	11037	194	4647139009	5968	2091	0	0	4042	0	0	81	81	127
10.915682	208	10973	11037	194	4649694913	5970	2091	0	0	4044	0	0	81	81	126
10.928411	208	10973	11037	194	4654347969	5976	2095	0	0	4046	0	0	81	81	127
10.938765	208	10973	11037	195	4659014850	5982	2097	0	0	4050	0	0	81	81	127
10.945735	208	10973	11037	195	4662291650	5986	2100	0	0	4051	0	0	81	81	125
10.951464	208	10973	11037	195	4664913090	5992	2100	0	0	4056	0	0	81	81	127
10.965882	208	10973	11037	195	4671859906	6000	2103	0	0	4063	0	0	81	81	127
10.979297	208	10973	11037	195	4678216898	6011	2111	0	0	4067	0	0	81	81	127
10.991035	208	10973	11037	196	4683539139	6013	2112	0	0	4069	0	0	81	81	127
11.004622	208	10973	11037	196	4688847555	6019	2115	0	0	4073	0	0	81	81	127
11.012215	208	10973	11037	196	4692189891	6024	2116	0	0	4077	0	0	81	81	127
11.022109	208	10973	11037	196	4697039555	6027	2118	0	0	4078	0	0	81	81	127
11.031308	208	10973	11037	196	4701430467	6031	2121	0	0	4079	0	0	81	81	126
11.045023	208	10973	11037	197	4707670212	6040	2125	0	0	4085	0	0	81	81	125
11.058323	208	10973	11037	197	4713961668	6052	2133	0	0	4089	0	0	81	81	127
11.065266	208	10973	11037	197	4717304004	6054	2133	0	0	4091	0	0	81	81	127
11.072129	208	10973	11037	197	4720515268	6062	2136	0	0	4097	0	0	81	81	127
11.078939	208	10973	11037	197	4723529924	6065	2139	0	0	4097	0	0	81	81	124
11.091135	208	10973	11037	198	4729114309	6071	2139	0	0	4103	0	0	81	81	127
11.105418	208	10973	11037	198	4735930053	6080	2142	0	0	4109	0	0	81	81	126
11.116289	208	10973	11037	198	4741304005	6083	2143	0	0	4111	0	0	81	81	127
11.126842	208	10973	11037	198	4746284741	6091	2144	0	0	4118	0	0	81	81	126
11.136507	208	10973	11037	198	4750937797	6099	2145	0	0	4125	0	0	81	81	127
11.146914	208	10973	11037	199	4755801286	6101	2146	0	0	4126	0	0	81	81	127
11.155428	208	10973	11037	199	4759930054	6104	2147	0	0	4128	0	0	81	81	126
11.169496	208	10973	11037	199	4766614726	6116	2149	0	0	4138	0	0	81	81	127
11.181712	208	10973	11037	199	4772447430	6124	2150	0	0	4145	0	0	81	81	125
11.193956	208	10973	11037	200	4776786631	6129	2151	0	0	4149	0	0	81	81	128
11.199349	208	10973	11037	200	4778687175	6132	2152	0	0	4150	0	0	81	81	126
11.205939	208	10973	11037	200	4780915399	6134	2154	0	0	4151	0	0	81	81	124
11.220788	208	10973	11037	200	4787337927	6139	2156	0	0	4153	0	0	81	81	127
11.227155	208	10973	11037	200	4790418119	6142	2157	0	0	4155	0	0	81	81	127
11.233881	208	10973	11037	200	4793629383	6146	2158	0	0	4158	0	0	81	81	126
11.244094	208	10973	11037	200	4798610119	6151	2161	0	0	4160	0	0	81	81	127
11.257618	208	10973	11037	201	4804587720	6160	2166	0	0	4164	0	0	81	81	121
11.265426	208	10973	11037	201	4808323272	6162	2167	0	0	4165	0	0	81	81	125
11.275456	208	10973	11037	201	4813107400	6166	2169	0	0	4167	0	0	81	81	127
11.288175	208	10973	11037	201	4819005640	6175	2176	0	0	4171	0	0	81	81	125
11.302097	208	10973	11037	202	4825310921	6181	2180	0	0	4174	0	0	81	81	127
11.311422	208	10973	11037	202	4829636297	6183	2180	0	0	4176	0	0	81	81	126
11.325262	208	10973	11037	202	4836189897	6196	2181	0	0	4188	0	0	81	81	127
11.337178	208	10973	11037	202	4841629385	6205	2183	0	0	4195	0	0	81	81	126
11.345946	208	10973	11037	202	4845627081	6209	2185	0	0	4197	0	0	81	81	125
11.355960	208	10973	11037	203	4850162890	6213	2187	0	0	4200	0	0	81	81	127
11.361535	208	10973	11037	203	4852653258	6217	2189	0	0	4202	0	0	81	81	123
11.371834	208	10973	11037	203	4857502922	6226	2192	0	0	4208	0	0	81	81	127
11.378280	208	10973	11037	203	4860517578	6227	2192	0	0	4209	0	0	81	81	127
11.386509	208	10973	11037	203	4864449738	6232	2193	0	0	4213	0	0	81	81	127
11.400882	208	10973	11037	203	4871331018	6242	2196	0	0	4221	0	0	81	81	127
11.410215	208	10973	11037	204	4875539147	6245	2198	0	0	4223	0	0	81	81	127
11.417618	208	10973	11037	204	4879209163	6248	2200	0	0	4224	0	0	81	81	126
11.427772	208	10973	11037	204	4884058827	6252	2201	0	0	4228	0	0	81	81	127
11.433424	208	10973	11037	204	4886745803	6257	2204	0	0	4230	0	0	81	81	127
11.447139	208	10973	11037	204	4893430475	6263	2206	0	0	4235	0	0	81	81	125
11.461136	208	10973	11037	205	4899670220	6272	2209	0	0	4241	0	0	81	81	126
11.474943	208	10973	11037	205	4906158284	6279	2214	0	0	4243	0	0	81	81	127
11.487408	208	10973	11037	205	4911532236	6287	2217	0	0	4248	0	0	81	81	127
11.497897	208	10973	11037	205	4916512972	6294	2218	0	0	4254	0	0	81	81	124
11.504808	208	10973	11037	205	4919593164	6299	2220	0	0	4257	0	0	81	81	127
11.519812	208	10973	11037	206	4926029517	6305	2223	0	0	4261	0	0	81	81	125
11.534950	208	10973	11037	206	4932320973	6313	2224	0	0	4269	0	0	81	81	127
11.541279	208	10973	11037	206	4935270093	6320	2227	0	0	4273	0	0	81	81	127
11.550733	208	10973	11037	206	4939661005	6326	2231	0	0	4277	0	0	81	81	124
11.563677	208	10973	11037	207	4945638606	6333	2232	0	0	4283	0	0	81	81	127
11.574932	208	10973	11037	207	4951209166	6335	2234	0	0	4283	0	0	81	81	121
11.589337	208	10973	11037	207	4957893838	6352	2239	0	0	4298	0	0	81	81	127
11.604152	208	10973	11037	207	4964906190	6357	2242	0	0	4301	0	0	81	81	124
11.611860	208	10973	11037	208	4968000207	6362	2243	0	0	4306	0	0	81	81	128
11.626609	208	10973	11037	208	4974488271	6369	2246	0	0	4310	0	0	81	81	126
11.640363	208	10973	11037	208	4980779727	6377	2249	0	0	4315	0	0	81	81	127
11.647710	208	10973	11037	208	4984253135	6379	2250	0	0	4316	0	0	81	81	127
11.654940	208	10973	11037	208	4987529935	6381	2251	0	0	4317	0	0	81	81	125
11.664987	208	10973	11037	209	4992000208	6387	2253	0	0	4321	0	0	81	81	128
11.677449	208	10973	11037	209	4997439696	6393	2256	0	0	4324	0	0	81	81	123
11.691879	208	10973	11037	209	5004452048	6402	2262	0	0	4328	0	0	81	81	127
11.699175	208	10973	11037	209	5007794384	6404	2263	0	0	4329	0	0	81	81	127
11.710646	208	10973	11037	209	5013168336	6411	2268	0	0	4333	0	0	81	81	125
11.723291	208	10973	11037	210	5019014865	6416	2269	0	0	4337	0	0	81	81	127
11.735852	208	10973	11037	210	5024913105	6425	2271	0	0	4345	0	0	81	81	127
11.748269	208	10973	11037	210	5030024913	6435	2275	0	0	4352	0	0	81	81	127
11.757025	208	10973	11037	210	5033629393	6440	2276	0	0	4356	0	0	81	81	126
11.765646	208	10973	11037	210	5037299409	6443	2279	0	0	4356	0	0	81	81	126
11.770926	208	10973	11037	210	5039527633	6443	2279	0	0	4356	0	0	81	81	126
11.783764	208	10973	11037	211	5044653266	6452	2282	0	0	4362	0	0	81	81	125
11.789000	208	10973	11037	211	5047143634	6453	2283	0	0	4362	0	0	81	81	126
11.803666	208	10973	11037	211	5054287058	6460	2284	0	0	4368	0	0	81	81	127
11.813041	208	10973	11037	211	5058677970	6464	2286	0	0	4370	0	0	81	81	126
11.818630	208	10973	11037	211	5061364946	6467	2289	0	0	4370	0	0	81	81	126
11.833030	208	10973	11037	212	5067866835	6479	2294	0	0	4378	0	0	81	81	126
11.841390	208	10973	11037	212	5071930067	6482	2296	0	0	4379	0	0	81	81	126
11.847675	208	10973	11037	212	5074879187	6485	2298	0	0	4380	0	0	81	81	127
11.855132	208	10973	11037	212	5078287059	6494	2300	0	0	4387	0	0	81	81	127
11.869202	208	10973	11037	212	5084906195	6505	2305	0	0	4393	0	0	81	81	122
11.882619	208	10973	11037	213	5090883796	6514	2308	0	0	4400	0	0	81	81	127
11.896020	208	10973	11037	213	5097437396	6520	2310	0	0	4404	0	0	81	81	127
11.907864	208	10973	11037	213	5103139028	6528	2313	0	0	4409	0	0	81	81	127
11.919968	208	10973	11037	213	5108971732	6535	2316	0	0	4415	0	0	81	81	125
11.927545	208	10973	11037	214	5112393429	6538	2317	0	0	4417	0	0	81	81	128
11.937781	208	10973	11037	214	5117374165	6544	2321	0	0	4420	0	0	81	81	125
11.948576	208	10973	11037	214	5122420437	6549	2322	0	0	4424	0	0	81	81	127
11.962697	208	10973	11037	214	5128842965	6559	2324	0	0	4432	0	0	81	81	126
11.972892	208	10973	11037	214	5133299413	6570	2329	0	0	4437	0	0	81	81	126
11.979495	208	10973	11037	215	5136000214	6576	2330	0	0	4442	0	0	81	81	127
11.990728	208	10973	11037	215	5141177558	6580	2330	0	0	4446	0	0	81	81	125
12.001224	208	10973	11037	215	5146289366	6586	2333	0	0	4450	0	0	81	81	127
12.011455	208	10973	11037	215	5151204566	6592	2335	0	0	4456	0	0	81	81	127
12.026411	208	10973	11037	215	5158479062	6600	2340	0	0	4460	0	0	81	81	127
12.040183	208	10973	11037	216	5164915415	6607	2345	0	0	4463	0	0	81	81	121
12.049862	208	10973	11037	216	5169437399	6612	2349	0	0	4465	0	0	81	81	127
12.056017	208	10973	11037	216	5172255447	6617	2351	0	0	4469	0	0	81	81	127
12.070294	208	10973	11037	216	5178940119	6631	2356	0	0	4477	0	0	81	81	125
12.076920	208	10973	11037	216	5181889239	6634	2357	0	0	4480	0	0	81	81	127
12.083086	208	10973	11037	217	5184590040	6637	2357	0	0	4483	0	0	81	81	127
12.088578	208	10973	11037	217	5186556120	6639	2358	0	0	4484	0	0	81	81	127
12.094841	208	10973	11037	217	5189570776	6641	2360	0	0	4484	0	0	81	81	125
12.107665	208	10973	11037	217	5195469016	6652	2361	0	0	4495	0	0	81	81	127
12.121644	208	10973	11037	217	5201760472	6662	2362	0	0	4504	0	0	81	81	126
12.128545	208	10973	11037	217	5204971736	6664	2364	0	0	4504	0	0	81	81	123
12.141668	208	10973	11037	218	5210818265	6673	2367	0	0	4510	0	0	81	81	126
12.155326	208	10973	11037	218	5217240793	6686	2373	0	0	4516	0	0	81	81	127
12.162966	208	10973	11037	218	5220648665	6696	2375	0	0	4525	0	0	81	81	127
12.175962	208	10973	11037	218	5226940121	6704	2377	0	0	4532	0	0	81	81	126
12.182440	208	10973	11037	218	5229889241	6709	2380	0	0	4535	0	0	81	81	126
12.194539	208	10973	11037	219	5234949338	6718	2383	0	0	4541	0	0	81	81	126
12.203832	208	10973	11037	219	5239012570	6720	2384	0	0	4542	0	0	81	81	125
12.216226	208	10973	11037	219	5244779738	6727	2385	0	0	4548	0	0	81	81	127
12.222352	208	10973	11037	219	5247663322	6731	2388	0	0	4549	0	0	81	81	127
12.228379	208	10973	11037	219	5250481370	6735	2390	0	0	4551	0	0	81	81	125
12.233856	208	10973	11037	219	5253102810	6737	2391	0	0	4552	0	0	81	81	119
12.240443	208	10973	11037	220	5256000219	6741	2392	0	0	4555	0	0	81	81	127
12.249584	208	10973	11037	220	5260325595	6743	2394	0	0	4555	0	0	81	81	125
12.259572	208	10973	11037	220	5264978651	6750	2396	0	0	4561	0	0	81	81	127
12.273078	208	10973	11037	220	5271204571	6760	2400	0	0	4569	0	0	81	81	127
12.287993	208	10973	11037	220	5278216923	6769	2404	0	0	4574	0	0	81	81	127
12.294776	208	10973	11037	221	5280983260	6775	2407	0	0	4579	0	0	81	81	127
12.301186	208	10973	11037	221	5283866844	6780	2408	0	0	4583	0	0	81	81	125
12.315092	208	10973	11037	221	5290682588	6784	2411	0	0	4585	0	0	81	81	127
12.324227	208	10973	11037	221	5294876892	6791	2415	0	0	4589	0	0	81	81	127
12.331437	208	10973	11037	221	5298284764	6794	2417	0	0	4590	0	0	81	81	127
12.342847	208	10973	11037	221	5303724252	6799	2420	0	0	4593	0	0	81	81	127
12.354760	208	10973	11037	222	5309374173	6802	2421	0	0	4595	0	0	81	81	127
12.368311	208	10973	11037	222	5315796701	6814	2426	0	0	4602	0	0	81	81	127
12.378546	208	10973	11037	222	5320646365	6825	2427	0	0	4613	0	0	81	81	127
12.390684	208	10973	11037	222	5326282461	6837	2431	0	0	4621	0	0	81	81	127
12.400661	208	10973	11037	223	5330293982	6845	2433	0	0	4627	0	0	81	81	127
12.410509	208	10973	11037	223	5335143646	6850	2435	0	0	4629	0	0	81	81	126
12.417380	208	10973	11037	223	5338289374	6856	2436	0	0	4635	0	0	81	81	127
12.430490	208	10973	11037	223	5344122078	6863	2438	0	0	4641	0	0	81	81	127
12.442500	208	10973	11037	223	5348971742	6868	2440	0	0	4644	0	0	81	81	125
12.451034	208	10973	11037	224	5352327903	6873	2442	0	0	4647	0	0	81	81	128
12.463850	208	10973	11037	224	5358291679	6880	2444	0	0	4652	0	0	81	81	126
12.472011	208	10973	11037	224	5362092767	6886	2444	0	0	4658	0	0	81	81	127
12.485331	208	10973	11037	224	5367663327	6892	2447	0	0	4661	0	0	81	81	127
12.499649	208	10973	11037	224	5374413535	6902	2453	0	0	4665	0	0	81	81	126
12.510953	208	10973	11037	225	5379539168	6909	2456	0	0	4671	0	0	81	81	126
12.521199	208	10973	11037	225	5384519904	6915	2461	0	0	4672	0	0	81	81	127
12.535564	208	10973	11037	225	5391335648	6925	2463	0	0	4680	0	0	81	81	127
12.545025	208	10973	11037	225	5394940128	6928	2463	0	0	4683	0	0	81	81	126
12.554933	208	10973	11037	225	5399462112	6936	2467	0	0	4688	0	0	81	81	127
12.567222	208	10973	11037	226	5405112033	6941	2467	0	0	4693	0	0	81	81	126
12.579372	208	10973	11037	226	5410944737	6949	2470	0	0	4699	0	0	81	81	127
12.584967	208	10973	11037	226	5413500641	6954	2472	0	0	4702	0	0	81	81	127
12.595016	208	10973	11037	226	5418219233	6962	2474	0	0	4708	0	0	81	81	126
12.609251	208	10973	11037	227	5424655586	6968	2478	0	0	4713	0	0	81	81	127
12.618084	208	10973	11037	227	5428915426	6971	2480	0	0	4714	0	0	81	81	125
12.631737	208	10973	11037	227	5435337954	6980	2483	0	0	4721	0	0	81	81	127
12.638894	208	10973	11037	227	5438680290	6987	2485	0	0	4726	0	0	81	81	127
12.646504	208	10973	11037	227	5442284770	6994	2489	0	0	4729	0	0	81	81	126
12.654225	208	10973	11037	227	5445954786	6995	2490	0	0	4729	0	0	81	81	123
12.668210	208	10973	11037	228	5452522211	7001	2492	0	0	4733	0	0	81	81	123
12.682787	208	10973	11037	228	5459141347	7006	2495	0	0	4735	0	0	81	81	127
12.695412	208	10973	11037	228	5465236195	7010	2496	0	0	4739	0	0	81	81	127
12.705759	208	10973	11037	228	5470020323	7021	2503	0	0	4746	0	0	81	81	127
12.716231	208	10973	11037	229	5474556132	7030	2505	0	0	4754	0	0	81	81	127
12.728006	208	10973	11037	229	5480192228	7036	2505	0	0	4759	0	0	81	81	127
12.734952	208	10973	11037	229	5483469028	7040	2507	0	0	4761	0	0	81	81	127
12.740172	208	10973	11037	229	5485893860	7045	2508	0	0	4766	0	0	81	81	127
12.754176	208	10973	11037	229	5492381924	7057	2512	0	0	4773	0	0	81	81	125
12.764945	208	10973	11037	230	5497048805	7066	2515	0	0	4780	0	0	81	81	128
12.772093	208	10973	11037	230	5500587749	7067	2515	0	0	4781	0	0	81	81	127
12.782556	208	10973	11037	230	5505634021	7073	2515	0	0	4787	0	0	81	81	127
12.793764	208	10973	11037	230	5511073509	7078	2515	0	0	4792	0	0	81	81	127
12.800495	208	10973	11037	230	5514153701	7083	2518	0	0	4795	0	0	81	81	127
12.814743	208	10973	11037	231	5520458982	7092	2522	0	0	4800	0	0	81	81	128
12.827398	208	10973	11037	231	5526619366	7099	2526	0	0	4803	0	0	81	81	126
12.839869	208	10973	11037	231	5532320998	7103	2528	0	0	4806	0	0	81	81	127
12.853995	208	10973	11037	231	5538284774	7110	2531	0	0	4812	0	0	81	81	126
12.861996	208	10973	11037	231	5541233894	7111	2532	0	0	4812	0	0	81	81	126
12.873876	208	10973	11037	232	5546556135	7120	2536	0	0	4817	0	0	81	81	126
12.882654	208	10973	11037	232	5550488295	7124	2540	0	0	4817	0	0	81	81	126
12.888267	208	10973	11037	232	5553044199	7129	2542	0	0	4821	0	0	81	81	127
12.900493	208	10973	11037	232	5558745831	7137	2543	0	0	4828	0	0	81	81	127
12.914434	208	10973	11037	232	5565496039	7142	2543	0	0	4833	0	0	81	81	124
12.926295	208	10973	11037	233	5570883816	7150	2546	0	0	4839	0	0	81	81	128
12.939800	208	10973	11037	233	5577306344	7160	2552	0	0	4845	0	0	81	81	127
12.953798	208	10973	11037	233	5583728872	7176	2558	0	0	4855	0	0	81	81	127
12.967851	208	10973	11037	233	5590151400	7186	2562	0	0	4860	0	0	81	81	126
12.978473	208	10973	11037	234	5594818281	7193	2564	0	0	4867	0	0	81	81	126
12.985709	208	10973	11037	234	5598291689	7196	2567	0	0	4867	0	0	81	81	126
13.000873	208	10973	11037	234	5605566185	7206	2570	0	0	4875	0	0	81	81	127
13.013553	208	10973	11037	234	5611398889	7212	2574	0	0	4877	0	0	81	81	125
13.020111	208	10973	11037	234	5614610153	7215	2574	0	0	4880	0	0	81	81	127
13.029857	208	10973	11037	235	5617769706	7220	2575	0	0	4884	0	0	81	81	127
13.038027	208	10973	11037	235	5621374186	7228	2580	0	0	4887	0	0	81	81	125
13.044415	208	10973	11037	235	5624388842	7231	2582	0	0	4888	0	0	81	81	127
13.056514	208	10973	11037	235	5630156010	7235	2584	0	0	4890	0	0	81	81	127
13.063868	208	10973	11037	235	5633694954	7239	2585	0	0	4893	0	0	81	81	127
13.078151	208	10973	11037	236	5640196843	7249	2588	0	0	4901	0	0	81	81	128
13.093240	208	10973	11037	236	5647340267	7258	2594	0	0	4904	0	0	81	81	126
13.098799	208	10973	11037	236	5649896171	7261	2594	0	0	4907	0	0	81	81	127
13.108550	208	10973	11037	236	5653631723	7265	2596	0	0	4910	0	0	81	81	127
13.117606	208	10973	11037	236	5657957099	7271	2599	0	0	4915	0	0	81	81	126
13.126115	208	10973	11037	236	5662151403	7272	2599	0	0	4916	0	0	81	81	126
13.133143	208	10973	11037	237	5665114348	7280	2600	0	0	4924	0	0	81	81	127
13.143699	208	10973	11037	237	5670095084	7286	2605	0	0	4928	0	0	81	81	125
13.156822	208	10973	11037	237	5676189932	7295	2606	0	0	4936	0	0	81	81	127
13.170965	208	10973	11037	237	5682874604	7304	2609	0	0	4943	0	0	81	81	126
13.178359	208	10973	11037	237	5686413548	7306	2609	0	0	4945	0	0	81	81	126
13.185123	208	10973	11037	238	5689310957	7310	2611	0	0	4948	0	0	81	81	127
13.192501	208	10973	11037	238	5692784365	7313	2612	0	0	4950	0	0	81	81	126
13.205357	208	10973	11037	238	5698813677	7323	2616	0	0	4958	0	0	81	81	127
13.219356	208	10973	11037	238	5705039597	7337	2620	0	0	4968	0	0	81	81	126
13.226335	208	10973	11037	238	5708250861	7340	2621	0	0	4970	0	0	81	81	125
13.232077	208	10973	11037	238	5710872301	7346	2623	0	0	4974	0	0	81	81	126
13.242191	208	10973	11037	239	5715145966	7360	2628	0	0	4986	0	0	81	81	126
13.250510	208	10973	11037	239	5719078126	7367	2632	0	0	4989	0	0	81	81	126
13.262650	208	10973	11037	239	5724714222	7371	2633	0	0	4993	0	0	81	81	127
13.268030	208	10973	11037	239	5727139054	7375	2635	0	0	4995	0	0	81	81	127
13.282763	208	10973	11037	239	5734216942	7381	2636	0	0	5000	0	0	81	81	127
13.290569	208	10973	11037	240	5737573103	7385	2636	0	0	5004	0	0	81	81	127
13.301431	208	10973	11037	240	5742619375	7391	2640	0	0	5006	0	0	81	81	126
13.308292	208	10973	11037	240	5745306351	7396	2642	0	0	5009	0	0	81	81	127
13.318430	208	10973	11037	240	5750156015	7402	2645	0	0	5012	0	0	81	81	127
13.330431	208	10973	11037	240	5755726575	7412	2650	0	0	5017	0	0	81	81	119
13.344017	208	10973	11037	241	5761835248	7425	2655	0	0	5025	0	0	81	81	127
13.352516	208	10973	11037	241	5765964016	7430	2660	0	0	5026	0	0	81	81	126
13.361902	208	10973	11037	241	5770551536	7434	2662	0	0	5029	0	0	81	81	127
13.376572	208	10973	11037	241	5776515312	7441	2665	0	0	5033	0	0	81	81	127
13.391335	208	10973	11037	241	5781889264	7448	2668	0	0	5037	0	0	81	81	126
13.399321	208	10973	11037	242	5784655601	7452	2669	0	0	5041	0	0	81	81	128
13.407865	208	10973	11037	242	5788718833	7460	2672	0	0	5046	0	0	81	81	121
13.418677	208	10973	11037	242	5793896177	7464	2674	0	0	5048	0	0	81	81	127
13.431056	208	10973	11037	242	5799794417	7475	2678	0	0	5057	0	0	81	81	127
13.442517	208	10973	11037	242	5805233905	7483	2682	0	0	5063	0	0	81	81	119
13.456682	208	10973	11037	243	5811145970	7494	2690	0	0	5067	0	0	81	81	126
13.468575	208	10973	11037	243	5815667954	7499	2693	0	0	5070	0	0	81	81	127
13.483446	208	10973	11037	243	5822614770	7512	2699	0	0	5079	0	0	81	81	127
13.495423	208	10973	11037	243	5828447474	7515	2700	0	0	5081	0	0	81	81	126
13.501631	208	10973	11037	243	5831331058	7520	2703	0	0	5082	0	0	81	81	127
13.516127	208	10973	11037	244	5837964019	7528	2708	0	0	5085	0	0	81	81	125
13.530965	208	10973	11037	244	5844648691	7540	2712	0	0	5094	0	0	81	81	127
13.542775	208	10973	11037	244	5850022643	7552	2717	0	0	5102	0	0	81	81	126
13.556305	208	10973	11037	245	5856131316	7560	2719	0	0	5108	0	0	81	81	128
13.562422	208	10973	11037	245	5859014900	7568	2722	0	0	5112	0	0	81	81	126
13.567988	208	10973	11037	245	5861570804	7571	2724	0	0	5115	0	0	81	81	125
13.577034	208	10973	11037	245	5865961716	7574	2726	0	0	5116	0	0	81	81	127
13.591598	208	10973	11037	245	5872777460	7587	2730	0	0	5126	0	0	81	81	127
13.598885	208	10973	11037	245	5876316404	7593	2733	0	0	5128	0	0	81	81	124
13.608747	208	10973	11037	246	5880721141	7601	2734	0	0	5134	0	0	81	81	127
13.618759	208	10973	11037	246	5885374197	7610	2738	0	0	5140	0	0	81	81	125
13.633471	208	10973	11037	246	5892255477	7621	2743	0	0	5147	0	0	81	81	127
13.641692	208	10973	11037	246	5896122101	7630	2746	0	0	5154	0	0	81	81	127
13.655716	208	10973	11037	246	5903068917	7633	2748	0	0	5155	0	0	81	81	127
13.667323	208	10973	11037	247	5908325622	7642	2750	0	0	5162	0	0	81	81	122
13.678372	208	10973	11037	247	5913830646	7644	2751	0	0	5163	0	0	81	81	126
13.691054	208	10973	11037	247	5919925494	7654	2754	0	0	5171	0	0	81	81	127
13.704563	208	10973	11037	247	5926479094	7660	2757	0	0	5175	0	0	81	81	127
13.719055	208	10973	11037	248	5933243127	7670	2759	0	0	5183	0	0	81	81	124
13.730962	208	10973	11037	248	5939010295	7678	2760	0	0	5190	0	0	81	81	127
13.736190	208	10973	11037	248	5941500663	7683	2761	0	0	5194	0	0	81	81	127
13.741484	208	10973	11037	248	5943597815	7685	2763	0	0	5194	0	0	81	81	127
13.750935	208	10973	11037	248	5947792119	7689	2764	0	0	5198	0	0	81	81	126
13.756723	208	10973	11037	248	5950610167	7690	2764	0	0	5199	0	0	81	81	126
13.762694	208	10973	11037	249	5953179896	7694	2765	0	0	5202	0	0	81	81	128
13.775672	208	10973	11037	249	5959602424	7699	2767	0	0	5205	0	0	81	81	126
13.789668	208	10973	11037	249	5966352632	7707	2771	0	0	5210	0	0	81	81	127
13.803561	208	10973	11037	249	5973168376	7712	2771	0	0	5215	0	0	81	81	127
13.818137	208	10973	11037	250	5979801337	7722	2773	0	0	5224	0	0	81	81	126
13.830924	208	10973	11037	250	5985830649	7731	2776	0	0	5230	0	0	81	81	127
13.845129	208	10973	11037	250	5992515321	7741	2780	0	0	5236	0	0	81	81	127
13.857405	208	10973	11037	250	5998282489	7750	2784	0	0	5242	0	0	81	81	127
13.870009	208	10973	11037	251	6003277050	7753	2786	0	0	5243	0	0	81	81	126
13.884825	208	10973	11037	251	6009765114	7759	2788	0	0	5247	0	0	81	81	127
13.894246	208	10973	11037	251	6014090490	7764	2788	0	0	5252	0	0	81	81	127
13.904332	208	10973	11037	251	6018940154	7771	2790	0	0	5259	0	0	81	81	125
13.916248	208	10973	11037	252	6024393467	7779	2793	0	0	5265	0	0	81	81	128
13.928440	208	10973	11037	252	6030357243	7784	2794	0	0	5269	0	0	81	81	125
13.939267	208	10973	11037	252	6035600123	7792	2797	0	0	5274	0	0	81	81	127
13.944808	208	10973	11037	252	6038287099	7792	2797	0	0	5274	0	0	81	81	127
13.955635	208	10973	11037	252	6043529979	7799	2799	0	0	5279	0	0	81	81	125
13.965992	208	10973	11037	253	6048000252	7806	2804	0	0	5282	0	0	81	81	127
13.975281	208	10973	11037	253	6051997948	7809	2805	0	0	5284	0	0	81	81	125
13.982859	208	10973	11037	253	6055471356	7813	2808	0	0	5285	0	0	81	81	126
13.997335	208	10973	11037	253	6060386556	7822	2811	0	0	5293	0	0	81	81	127
14.005530	208	10973	11037	253	6064253180	7826	2813	0	0	5295	0	0	81	81	127
14.014702	208	10973	11037	253	6068185340	7828	2813	0	0	5296	0	0	81	81	124
14.023739	208	10973	11037	253	6071986428	7837	2817	0	0	5302	0	0	81	81	128
14.028939	208	10973	11037	254	6074031869	7841	2817	0	0	5306	0	0	81	81	127
14.040941	208	10973	11037	254	6079143677	7848	2818	0	0	5312	0	0	81	81	126
14.052637	208	10973	11037	254	6084517629	7854	2820	0	0	5317	0	0	81	81	127
14.057859	208	10973	11037	254	6086942461	7856	2820	0	0	5319	0	0	81	81	127
14.071664	208	10973	11037	254	6093561597	7865	2824	0	0	5325	0	0	81	81	126
14.083628	208	10973	11037	255	6098883838	7871	2827	0	0	5329	0	0	81	81	126
14.090772	208	10973	11037	255	6102291710	7873	2829	0	0	5329	0	0	81	81	121
14.099232	208	10973	11037	255	6106289406	7878	2831	0	0	5332	0	0	81	81	127
14.107733	208	10973	11037	255	6110287102	7883	2831	0	0	5337	0	0	81	81	127
14.114838	208	10973	11037	255	6113498366	7886	2831	0	0	5340	0	0	81	81	127
14.128003	208	10973	11037	255	6119068926	7893	2835	0	0	5343	0	0	81	81	127
14.143168	208	10973	11037	256	6125243135	7907	2838	0	0	5353	0	0	81	81	124
14.149218	208	10973	11037	256	6127799039	7909	2838	0	0	5355	0	0	81	81	127
14.160834	208	10973	11037	256	6132779775	7914	2841	0	0	5357	0	0	81	81	127
14.167213	208	10973	11037	256	6135794431	7920	2841	0	0	5363	0	0	81	81	127
14.177135	208	10973	11037	256	6140513023	7925	2844	0	0	5365	0	0	81	81	118
14.187377	208	10973	11037	257	6144000256	7928	2846	0	0	5367	0	0	81	81	127
14.199118	208	10973	11037	257	6149701888	7932	2849	0	0	5368	0	0	81	81	124
14.212110	208	10973	11037	257	6155862272	7940	2852	0	0	5374	0	0	81	81	127
14.221126	208	10973	11037	257	6160122112	7946	2854	0	0	5378	0	0	81	81	127
14.233425	208	10973	11037	257	6165889280	7952	2855	0	0	5383	0	0	81	81	126
14.248071	208	10973	11037	258	6172522241	7962	2859	0	0	5390	0	0	81	81	123
14.256675	208	10973	11037	258	6176585473	7968	2861	0	0	5394	0	0	81	81	127
14.264950	208	10973	11037	258	6180517633	7971	2863	0	0	5396	0	0	81	81	127
14.276682	208	10973	11037	258	6186022657	7980	2863	0	0	5405	0	0	81	81	126
14.290450	208	10973	11037	259	6192065794	7990	2867	0	0	5410	0	0	81	81	127
14.299274	208	10973	11037	259	6196194562	7996	2869	0	0	5414	0	0	81	81	125
14.308373	208	10973	11037	259	6200192258	8002	2873	0	0	5416	0	0	81	81	127
14.323093	208	10973	11037	259	6207139074	8012	2876	0	0	5424	0	0	81	81	127
14.334814	208	10973	11037	259	6212840706	8017	2878	0	0	5427	0	0	81	81	124
14.341693	208	10973	11037	260	6216000259	8023	2878	0	0	5433	0	0	81	81	128
14.354976	208	10973	11037	260	6222160643	8029	2878	0	0	5439	0	0	81	81	125
14.366358	208	10973	11037	260	6227469059	8039	2880	0	0	5447	0	0	81	81	127
14.374834	208	10973	11037	260	6231466755	8048	2883	0	0	5454	0	0	81	81	127
14.383982	208	10973	11037	260	6234809091	8054	2886	0	0	5457	0	0	81	81	126
14.393786	208	10973	11037	260	6239331075	8061	2889	0	0	5461	0	0	81	81	127
14.402467	208	10973	11037	261	6243080452	8070	2890	0	0	5469	0	0	81	81	127
14.408739	208	10973	11037	261	6246029572	8072	2890	0	0	5471	0	0	81	81	126
14.420792	208	10973	11037	261	6251796740	8077	2891	0	0	5475	0	0	81	81	127
14.426797	208	10973	11037	261	6254549252	8079	2892	0	0	5476	0	0	81	81	127
14.435087	208	10973	11037	261	6258481412	8081	2892	0	0	5478	0	0	81	81	126
14.447290	208	10973	11037	262	6264000261	8086	2895	0	0	5480	0	0	81	81	127
14.455750	208	10973	11037	262	6267866885	8093	2897	0	0	5487	0	0	81	81	125
14.468768	208	10973	11037	262	6273896197	8100	2901	0	0	5490	0	0	81	81	127
14.483169	208	10973	11037	262	6280515333	8107	2903	0	0	5496	0	0	81	81	127
14.495325	208	10973	11037	262	6285037317	8112	2906	0	0	5498	0	0	81	81	125
14.509545	208	10973	11037	263	6290425094	8123	2912	0	0	5503	0	0	81	81	127
14.519952	208	10973	11037	263	6295405830	8127	2913	0	0	5506	0	0	81	81	126
14.531438	208	10973	11037	263	6300976390	8132	2913	0	0	5511	0	0	81	81	127
14.538106	208	10973	11037	263	6303991046	8137	2913	0	0	5516	0	0	81	81	127
14.544108	208	10973	11037	263	6306743558	8137	2913	0	0	5516	0	0	81	81	127
14.559032	208	10973	11037	264	6313704199	8146	2917	0	0	5522	0	0	81	81	127
14.564549	208	10973	11037	264	6316260103	8150	2920	0	0	5523	0	0	81	81	125
14.578107	208	10973	11037	264	6322879239	8155	2922	0	0	5526	0	0	81	81	127
14.584537	208	10973	11037	264	6325959431	8158	2924	0	0	5528	0	0	81	81	127
14.592462	208	10973	11037	264	6329629447	8164	2927	0	0	5531	0	0	81	81	126
14.600266	208	10973	11037	264	6333299463	8167	2930	0	0	5531	0	0	81	81	126
14.615309	208	10973	11037	265	6339408136	8181	2935	0	0	5539	0	0	81	81	127
14.629411	208	10973	11037	265	6346027272	8192	2939	0	0	5548	0	0	81	81	127
14.641419	208	10973	11037	265	6351663368	8198	2941	0	0	5552	0	0	81	81	127
14.646817	208	10973	11037	265	6354219272	8200	2942	0	0	5554	0	0	81	81	127
14.652628	208	10973	11037	265	6356906248	8204	2946	0	0	5554	0	0	81	81	120
14.666539	208	10973	11037	266	6362097417	8208	2946	0	0	5558	0	0	81	81	127
14.676094	208	10973	11037	266	6366750473	8209	2947	0	0	5559	0	0	81	81	125
14.683127	208	10973	11037	266	6370223881	8210	2948	0	0	5560	0	0	81	81	126
14.691952	208	10973	11037	266	6374352649	8217	2952	0	0	5563	0	0	81	81	127
14.705593	208	10973	11037	266	6380644105	8232	2960	0	0	5573	0	0	81	81	124
14.714999	208	10973	11037	267	6384983306	8235	2960	0	0	5576	0	0	81	81	127
14.726907	208	10973	11037	267	6390816010	8238	2962	0	0	5577	0	0	81	81	126
14.738358	208	10973	11037	267	6396189962	8247	2966	0	0	5581	0	0	81	81	127
14.746172	208	10973	11037	267	6399925514	8250	2967	0	0	5583	0	0	81	81	127
14.755662	208	10973	11037	267	6403726602	8256	2970	0	0	5587	0	0	81	81	125
14.770680	208	10973	11037	268	6409835275	8271	2977	0	0	5597	0	0	81	81	127
14.783856	208	10973	11037	268	6415733515	8278	2980	0	0	5601	0	0	81	81	127
14.790187	208	10973	11037	268	6417961739	8281	2982	0	0	5603	0	0	81	81	127
14.796081	208	10973	11037	268	6420583179	8284	2982	0	0	5606	0	0	81	81	127
14.810207	208	10973	11037	268	6427136779	8290	2984	0	0	5611	0	0	81	81	127
14.817991	208	10973	11037	268	6430610187	8296	2987	0	0	5613	0	0	81	81	127
14.825106	208	10973	11037	269	6433704204	8303	2987	0	0	5620	0	0	81	81	127
14.838543	208	10973	11037	269	6440257804	8307	2990	0	0	5621	0	0	81	81	126
14.847260	208	10973	11037	269	6444321036	8312	2993	0	0	5624	0	0	81	81	127
14.859524	208	10973	11037	269	6450219276	8321	2996	0	0	5631	0	0	81	81	126
14.874370	208	10973	11037	270	6457179917	8327	2998	0	0	5635	0	0	81	81	128
14.881589	208	10973	11037	270	6460522253	8333	3001	0	0	5638	0	0	81	81	123
14.888154	208	10973	11037	270	6463536909	8337	3004	0	0	5641	0	0	81	81	126
14.896103	208	10973	11037	270	6467141389	8345	3006	0	0	5647	0	0	81	81	127
14.910835	208	10973	11037	270	6474153741	8354	3008	0	0	5654	0	0	81	81	126
14.922188	208	10973	11037	270	6479593229	8358	3009	0	0	5657	0	0	81	81	128
14.936589	208	10973	11037	271	6483866894	8361	3009	0	0	5660	0	0	81	81	127
14.950142	208	10973	11037	271	6490420494	8368	3011	0	0	5664	0	0	81	81	127
14.961059	208	10973	11037	271	6495466766	8376	3014	0	0	5669	0	0	81	81	127
14.970539	208	10973	11037	271	6499923214	8379	3016	0	0	5670	0	0	81	81	126
14.978610	208	10973	11037	271	6503789838	8384	3020	0	0	5671	0	0	81	81	127
14.987799	208	10973	11037	272	6507801359	8388	3023	0	0	5673	0	0	81	81	125
14.996403	208	10973	11037	272	6511930127	8393	3026	0	0	5677	0	0	81	81	127
15.005636	208	10973	11037	272	6516189967	8400	3029	0	0	5681	0	0	81	81	127
15.069505	208	10973	11037	272	6519466767	8406	3031	0	0	5684	0	0	81	81	127
15.080262	208	10973	11037	272	6519466767	8406	3031	0	0	5684	0	0	81	81	127
15.093592	208	10973	11037	272	6520056591	8407	3032	0	0	5684	0	0	81	81	127
15.112893	208	10973	11037	272	6524513039	8410	3034	0	0	5685	0	0	81	81	125
15.132576	208	10973	11037	272	6524513039	8410	3034	0	0	5685	0	0	81	81	125
15.155448	208	10973	11037	272	6527068943	8411	3035	0	0	5685	0	0	81	81	127
15.170011	208	10973	11037	273	6530162960	8415	3039	0	0	5686	0	0	81	81	127
15.179426	208	10973	11037	273	6530162960	8415	3039	0	0	5686	0	0	81	81	127
15.192911	208	10973	11037	273	6533046544	8419	3040	0	0	5689	0	0	81	81	125
15.202234	208	10973	11037	273	6536913168	8425	3045	0	0	5692	0	0	81	81	127
15.216793	208	10973	11037	273	6537634064	8427	3046	0	0	5692	0	0	81	81	127
15.234851	208	10973	11037	273	6541631760	8429	3048	0	0	5692	0	0	81	81	127
15.245983	208	10973	11037	273	6546415888	8434	3050	0	0	5697	0	0	81	81	126
15.258373	208	10973	11037	274	6552000273	8440	3050	0	0	5703	0	0	81	81	127
15.267180	208	10973	11037	274	6553704209	8444	3052	0	0	5706	0	0	81	81	127
15.279826	208	10973	11037	274	6558750481	8457	3056	0	0	5715	0	0	81	81	126
15.286100	208	10973	11037	274	6561568529	8461	3057	0	0	5718	0	0	81	81	127
15.305603	208	10973	11037	274	6566942481	8470	3058	0	0	5724	0	0	81	81	127
15.322690	208	10973	11037	274	6568122129	8473	3060	0	0	5727	0	0	81	81	127
15.337184	208	10973	11037	274	6571530001	8480	3062	0	0	5732	0	0	81	81	123
15.354766	208	10973	11037	274	6574348049	8481	3063	0	0	5732	0	0	81	81	127
15.379129	208	10973	11037	275	6579932434	8488	3065	0	0	5739	0	0	81	81	124
15.388614	208	10973	11037	275	6579932434	8488	3065	0	0	5739	0	0	81	81	124
15.401472	208	10973	11037	275	6582029586	8491	3066	0	0	5742	0	0	81	81	126
15.412819	208	10973	11037	275	6587272466	8499	3067	0	0	5750	0	0	81	81	127
15.428722	208	10973	11037	275	6588910866	8502	3069	0	0	5751	0	0	81	81	127
15.444571	208	10973	11037	275	6589697298	8504	3070	0	0	5752	0	0	81	81	127
15.460149	208	10973	11037	275	6591794450	8506	3071	0	0	5753	0	0	81	81	127
15.469917	208	10973	11037	275	6595398930	8511	3073	0	0	5757	0	0	81	81	126
15.477706	208	10973	11037	275	6599134482	8513	3073	0	0	5759	0	0	81	81	127
15.483775	208	10973	11037	276	6601704211	8514	3073	0	0	5760	0	0	81	81	127
15.492964	208	10973	11037	276	6602556179	8515	3073	0	0	5761	0	0	81	81	127
15.501699	208	10973	11037	276	6603670291	8517	3074	0	0	5762	0	0	81	81	125
15.507251	208	10973	11037	276	6605767443	8519	3076	0	0	5763	0	0	81	81	125
15.519401	208	10973	11037	276	6611141395	8529	3077	0	0	5773	0	0	81	81	127
15.532139	208	10973	11037	276	6616974099	8541	3078	0	0	5784	0	0	81	81	127
15.550645	208	10973	11037	276	6619661075	8545	3080	0	0	5785	0	0	81	81	120
15.567601	208	10973	11037	276	6621365011	8550	3084	0	0	5787	0	0	81	81	126
15.582650	208	10973	11037	276	6623527699	8557	3087	0	0	5792	0	0	81	81	127
15.588816	208	10973	11037	277	6626031892	8562	3088	0	0	5796	0	0	81	81	127
15.594294	208	10973	11037	277	6628653332	8563	3088	0	0	5797	0	0	81	81	126
15.601805	208	10973	11037	277	6630160660	8565	3089	0	0	5797	0	0	81	81	126
15.608361	208	10973	11037	277	6633044244	8568	3091	0	0	5799	0	0	81	81	127
15.627679	208	10973	11037	277	6637041940	8573	3092	0	0	5802	0	0	81	81	127
15.633681	208	10973	11037	277	6639532308	8575	3092	0	0	5805	0	0	81	81	127
15.656677	208	10973	11037	277	6644185364	8580	3094	0	0	5807	0	0	81	81	124
15.666217	208	10973	11037	277	6645889300	8582	3096	0	0	5808	0	0	81	81	127
15.676583	208	10973	11037	278	6650228501	8590	3098	0	0	5815	0	0	81	81	127
15.693801	208	10973	11037	278	6655340309	8595	3101	0	0	5817	0	0	81	81	126
15.703293	208	10973	11037	278	6659272469	8598	3102	0	0	5821	0	0	81	81	127
15.717756	208	10973	11037	278	6665760533	8606	3104	0	0	5828	0	0	81	81	126
15.732910	208	10973	11037	278	6667202325	8608	3105	0	0	5829	0	0	81	81	126
15.741054	208	10973	11037	278	6670610197	8612	3108	0	0	5830	0	0	81	81	127
15.751100	208	10973	11037	279	6673638678	8617	3110	0	0	5833	0	0	81	81	127
15.764239	208	10973	11037	279	6676063510	8620	3112	0	0	5834	0	0	81	81	123
15.780378	208	10973	11037	279	6680257814	8623	3114	0	0	5835	0	0	81	81	127
15.802199	208	10973	11037	279	6681240854	8626	3115	0	0	5837	0	0	81	81	127
15.819067	208	10973	11037	279	6683862294	8631	3116	0	0	5842	0	0	81	81	127
15.826376	208	10973	11037	279	6687204630	8631	3116	0	0	5843	0	0	81	81	127
15.838262	208	10973	11037	279	6688843030	8634	3118	0	0	5845	0	0	81	81	126
15.852618	208	10973	11037	279	6689367318	8635	3119	0	0	5845	0	0	81	81	126
15.863223	208	10973	11037	279	6694151446	8638	3120	0	0	5848	0	0	81	81	126
15.876692	208	10973	11037	279	6694479126	8640	3120	0	0	5848	0	0	81	81	127
15.889701	208	10973	11037	280	6700325655	8646	3121	0	0	5856	0	0	81	81	126
15.900550	208	10973	11037	280	6705371927	8651	3122	0	0	5860	0	0	81	81	127
15.915102	208	10973	11037	280	6712122135	8661	3122	0	0	5870	0	0	81	81	127
15.932149	208	10973	11037	280	6713629463	8665	3123	0	0	5873	0	0	81	81	126
15.939580	208	10973	11037	280	6717168407	8666	3123	0	0	5875	0	0	81	81	126
15.954412	208	10973	11037	281	6720131352	8668	3124	0	0	5875	0	0	81	81	128
15.976284	208	10973	11037	281	6723473688	8676	3128	0	0	5879	0	0	81	81	125
15.990321	208	10973	11037	281	6725964056	8678	3129	0	0	5880	0	0	81	81	126
16.002761	208	10973	11037	281	6728651032	8683	3131	0	0	5883	0	0	81	81	127
16.017996	208	10973	11037	281	6730682648	8686	3133	0	0	5884	0	0	81	81	127
16.038392	208	10973	11037	281	6731403544	8688	3134	0	0	5886	0	0	81	81	127
16.048261	208	10973	11037	281	6732124440	8689	3134	0	0	5887	0	0	81	81	127
16.061073	208	10973	11037	281	6738022680	8698	3135	0	0	5896	0	0	81	81	126
16.075666	208	10973	11037	281	6739136792	8702	3137	0	0	5897	0	0	81	81	124
16.089170	208	10973	11037	281	6739136792	8702	3137	0	0	5897	0	0	81	81	124
16.104121	208	10973	11037	281	6741365016	8705	3139	0	0	5898	0	0	81	81	126
16.126640	208	10973	11037	281	6743724312	8709	3142	0	0	5899	0	0	81	81	128
16.133394	208	10973	11037	282	6746162969	8716	3142	0	0	5907	0	0	81	81	127
16.145330	208	10973	11037	282	6749112089	8720	3143	0	0	5909	0	0	81	81	125
16.154437	208	10973	11037	282	6753175321	8726	3145	0	0	5914	0	0	81	81	127
16.163569	208	10973	11037	282	6756976409	8728	3147	0	0	5915	0	0	81	81	127
16.169173	208	10973	11037	282	6759466777	8733	3147	0	0	5920	0	0	81	81	127
16.182688	208	10973	11037	282	6762415897	8735	3148	0	0	5921	0	0	81	81	125
16.193405	208	10973	11037	282	6763333401	8738	3151	0	0	5922	0	0	81	81	124
16.206847	208	10973	11037	282	6764316441	8739	3152	0	0	5923	0	0	81	81	125
16.215945	208	10973	11037	283	6768196890	8744	3153	0	0	5927	0	0	81	81	128
16.221955	208	10973	11037	283	6769179930	8746	3153	0	0	5929	0	0	81	81	127
16.229098	208	10973	11037	283	6772194586	8750	3154	0	0	5932	0	0	81	81	125
16.245425	208	10973	11037	283	6774881562	8754	3155	0	0	5933	0	0	81	81	126
16.262928	208	10973	11037	283	6778682650	8760	3157	0	0	5938	0	0	81	81	127
16.268865	208	10973	11037	283	6780779802	8769	3159	0	0	5947	0	0	81	81	127
16.278041	208	10973	11037	283	6785236250	8772	3159	0	0	5950	0	0	81	81	127
16.290148	208	10973	11037	283	6790741274	8776	3161	0	0	5952	0	0	81	81	126
16.305637	208	10973	11037	283	6791920922	8777	3161	0	0	5952	0	0	81	81	128
16.322567	208	10973	11037	284	6793573147	8779	3162	0	0	5953	0	0	81	81	127
16.335491	208	10973	11037	284	6796391195	8784	3163	0	0	5957	0	0	81	81	118
16.355114	208	10973	11037	284	6799930139	8788	3167	0	0	5958	0	0	81	81	127
16.369589	208	10973	11037	284	6800257819	8788	3167	0	0	5959	0	0	81	81	127
16.382932	208	10973	11037	284	6801175323	8790	3168	0	0	5959	0	0	81	81	127
16.391673	208	10973	11037	284	6804976411	8795	3168	0	0	5965	0	0	81	81	127
16.408042	208	10973	11037	284	6808711963	8802	3171	0	0	5968	0	0	81	81	126
16.421950	208	10973	11037	284	6811267867	8805	3174	0	0	5969	0	0	81	81	126
16.436348	208	10973	11037	284	6813299483	8806	3174	0	0	5969	0	0	81	81	126
16.450131	208	10973	11037	284	6815855387	8809	3175	0	0	5971	0	0	81	81	128
16.463386	208	10973	11037	285	6819866908	8813	3176	0	0	5975	0	0	81	81	127
16.484114	208	10973	11037	285	6821898524	8815	3177	0	0	5975	0	0	81	81	126
16.497423	208	10973	11037	285	6824126748	8816	3179	0	0	5975	0	0	81	81	126
16.522753	208	10973	11037	285	6828910876	8828	3182	0	0	5984	0	0	81	81	127
16.541311	208	10973	11037	285	6832187676	8833	3185	0	0	5986	0	0	81	81	127
16.555378	208	10973	11037	285	6833236252	8835	3186	0	0	5987	0	0	81	81	126
16.569195	208	10973	11037	285	6839462172	8839	3189	0	0	5988	0	0	81	81	127
16.583832	208	10973	11037	286	6842294045	8843	3190	0	0	5991	0	0	81	81	126
16.597654	208	10973	11037	286	6842294045	8843	3190	0	0	5991	0	0	81	81	126
16.611007	208	10973	11037	286	6848454429	8847	3191	0	0	5995	0	0	81	81	126
16.623831	208	10973	11037	286	6849896221	8853	3193	0	0	5999	0	0	81	81	127
16.629960	208	10973	11037	286	6851993373	8859	3197	0	0	6002	0	0	81	81	127
16.636013	208	10973	11037	286	6854287133	8864	3199	0	0	6006	0	0	81	81	127
16.654407	208	10973	11037	286	6860906269	8876	3202	0	0	6014	0	0	81	81	126
16.668542	208	10973	11037	286	6861430557	8876	3203	0	0	6014	0	0	81	81	126
16.683276	208	10973	11037	286	6862348061	8877	3203	0	0	6014	0	0	81	81	127
16.697685	208	10973	11037	287	6864655646	8879	3204	0	0	6015	0	0	81	81	127
16.717603	208	10973	11037	287	6865114398	8880	3205	0	0	6015	0	0	81	81	127
16.732305	208	10973	11037	287	6867735838	8882	3206	0	0	6016	0	0	81	81	125
16.739712	208	10973	11037	287	6871209246	8882	3207	0	0	6017	0	0	81	81	125
16.749125	208	10973	11037	287	6871536926	8883	3207	0	0	6017	0	0	81	81	127
16.762342	208	10973	11037	287	6871536926	8883	3207	0	0	6017	0	0	81	81	127
16.774077	208	10973	11037	287	6873044254	8884	3207	0	0	6018	0	0	81	81	127
16.790003	208	10973	11037	287	6873896222	8886	3207	0	0	6019	0	0	81	81	127
16.799262	208	10973	11037	287	6874420510	8887	3208	0	0	6020	0	0	81	81	127
16.815513	208	10973	11037	287	6874486046	8888	3209	0	0	6020	0	0	81	81	127
16.835083	208	10973	11037	287	6876648734	8892	3210	0	0	6022	0	0	81	81	127
16.842054	208	10973	11037	287	6879335710	8896	3213	0	0	6025	0	0	81	81	127
16.852323	208	10973	11037	287	6884381982	8898	3214	0	0	6027	0	0	81	81	126
16.862457	208	10973	11037	287	6887986462	8901	3215	0	0	6030	0	0	81	81	127
16.875818	208	10973	11037	288	6888786719	8903	3215	0	0	6030	0	0	81	81	127
16.884698	208	10973	11037	288	6889769759	8905	3217	0	0	6031	0	0	81	81	127
16.908213	208	10973	11037	288	6896388895	8907	3218	0	0	6033	0	0	81	81	127
16.915835	208	10973	11037	288	6896388895	8907	3218	0	0	6033	0	0	81	81	127
16.929904	208	10973	11037	288	6896388895	8907	3218	0	0	6033	0	0	81	81	127
16.946696	208	10973	11037	288	6897371935	8910	3221	0	0	6034	0	0	81	81	127
16.967392	208	10973	11037	288	6898617119	8912	3222	0	0	6036	0	0	81	81	127
16.987685	208	10973	11037	288	6900976415	8917	3224	0	0	6040	0	0	81	81	127
16.993763	208	10973	11037	288	6903597855	8921	3225	0	0	6044	0	0	81	81	127
17.001665	208	10973	11037	288	6907398943	8923	3226	0	0	6045	0	0	81	81	124
17.020065	208	10973	11037	288	6909692703	8926	3227	0	0	6046	0	0	81	81	126
17.028290	208	10973	11037	288	6910020383	8927	3228	0	0	6047	0	0	81	81	127
17.035918	208	10973	11037	289	6913048864	8931	3228	0	0	6052	0	0	81	81	127
17.047970	208	10973	11037	289	6913507616	8933	3229	0	0	6052	0	0	81	81	127
17.059536	208	10973	11037	289	6915473696	8936	3230	0	0	6055	0	0	81	81	126
17.070968	208	10973	11037	289	6920782112	8940	3231	0	0	6058	0	0	81	81	127
17.079827	208	10973	11037	289	6924976416	8947	3233	0	0	6063	0	0	81	81	127
17.093869	208	10973	11037	289	6931595552	8955	3235	0	0	6069	0	0	81	81	125
17.100857	208	10973	11037	289	6934806816	8959	3237	0	0	6071	0	0	81	81	127
17.107197	208	10973	11037	290	6937573153	8962	3238	0	0	6073	0	0	81	81	127
17.120312	208	10973	11037	290	6943799073	8972	3244	0	0	6078	0	0	81	81	127
17.127681	208	10973	11037	290	6947272481	8978	3246	0	0	6083	0	0	81	81	127
17.137998	208	10973	11037	290	6952056609	8990	3246	0	0	6095	0	0	81	81	127
17.150775	208	10973	11037	290	6958020385	8994	3247	0	0	6099	0	0	81	81	126
17.156626	208	10973	11037	291	6960524578	8999	3249	0	0	6103	0	0	81	81	128
17.170984	208	10973	11037	291	6967274786	9011	3256	0	0	6111	0	0	81	81	126
17.178658	208	10973	11037	291	6970748194	9018	3258	0	0	6116	0	0	81	81	127
17.189369	208	10973	11037	291	6975860002	9025	3259	0	0	6122	0	0	81	81	127
17.198697	208	10973	11037	291	6980119842	9034	3266	0	0	6126	0	0	81	81	116
17.206673	208	10973	11037	291	6983855394	9041	3268	0	0	6131	0	0	81	81	127
17.220928	208	10973	11037	292	6990488355	9048	3272	0	0	6134	0	0	81	81	125
17.235259	208	10973	11037	292	6997369635	9058	3275	0	0	6142	0	0	81	81	127
17.246073	208	10973	11037	292	7002546979	9061	3277	0	0	6144	0	0	81	81	126
17.258036	208	10973	11037	293	7008000292	9067	3280	0	0	6147	0	0	81	81	128
17.269122	208	10973	11037	293	7011866916	9068	3280	0	0	6148	0	0	81	81	128
17.282079	208	10973	11037	293	7018092836	9072	3281	0	0	6151	0	0	81	81	127
17.290467	208	10973	11037	293	7022156068	9075	3281	0	0	6154	0	0	81	81	127
17.303127	208	10973	11037	293	7028250916	9085	3286	0	0	6159	0	0	81	81	123
17.311199	208	10973	11037	294	7032000293	9088	3286	0	0	6162	0	0	81	81	128
17.325936	208	10973	11037	294	7038947109	9096	3292	0	0	6164	0	0	81	81	126
17.333014	208	10973	11037	294	7042223909	9102	3295	0	0	6169	0	0	81	81	127
17.345960	208	10973	11037	294	7048384293	9112	3300	0	0	6175	0	0	81	81	127
17.354309	208	10973	11037	294	7052381989	9117	3302	0	0	6178	0	0	81	81	124
17.364357	208	10973	11037	295	7057048870	9122	3304	0	0	6181	0	0	81	81	127
17.371184	208	10973	11037	295	7060129062	9125	3305	0	0	6183	0	0	81	81	125
17.378379	208	10973	11037	295	7063733542	9126	3305	0	0	6184	0	0	81	81	126
17.385423	208	10973	11037	295	7067075878	9131	3307	0	0	6188	0	0	81	81	127
17.395566	208	10973	11037	295	7071991078	9136	3308	0	0	6193	0	0	81	81	127
17.408433	208	10973	11037	295	7078151462	9144	3314	0	0	6195	0	0	81	81	125
17.420100	208	10973	11037	296	7083473703	9153	3318	0	0	6201	0	0	81	81	126
17.432933	208	10973	11037	296	7089634087	9161	3323	0	0	6204	0	0	81	81	127
17.446514	208	10973	11037	296	7096122151	9169	3325	0	0	6210	0	0	81	81	127
17.455915	208	10973	11037	296	7100578599	9178	3330	0	0	6215	0	0	81	81	124
17.469364	208	10973	11037	297	7106621736	9193	3335	0	0	6226	0	0	81	81	127
17.484444	208	10973	11037	297	7113175336	9196	3335	0	0	6229	0	0	81	81	126
17.499445	208	10973	11037	297	7119401256	9206	3339	0	0	6235	0	0	81	81	127
17.506087	208	10973	11037	297	7122481448	9214	3344	0	0	6240	0	0	81	81	125
17.518642	208	10973	11037	298	7128000297	9221	3347	0	0	6245	0	0	81	81	127
17.528606	208	10973	11037	298	7132129065	9226	3348	0	0	6249	0	0	81	81	126
17.537881	208	10973	11037	298	7136323369	9234	3351	0	0	6255	0	0	81	81	127
17.551311	208	10973	11037	298	7142614825	9246	3353	0	0	6265	0	0	81	81	127
17.564550	208	10973	11037	298	7147923241	9252	3354	0	0	6271	0	0	81	81	125
17.574008	208	10973	11037	299	7152000298	9259	3356	0	0	6277	0	0	81	81	127
17.579865	208	10973	11037	299	7154425130	9264	3360	0	0	6278	0	0	81	81	126
17.590772	208	10973	11037	299	7159602474	9269	3362	0	0	6282	0	0	81	81	126
17.604445	208	10973	11037	299	7165173034	9285	3368	0	0	6293	0	0	81	81	127
17.618361	208	10973	11037	299	7171857706	9289	3369	0	0	6296	0	0	81	81	126
17.631032	208	10973	11037	300	7177507627	9299	3371	0	0	6305	0	0	81	81	128
17.637928	208	10973	11037	300	7180653355	9304	3374	0	0	6307	0	0	81	81	121
17.645158	208	10973	11037	300	7184126763	9309	3376	0	0	6310	0	0	81	81	126
17.655459	208	10973	11037	300	7188845355	9318	3380	0	0	6317	0	0	81	81	127
17.669506	208	10973	11037	300	7195661099	9324	3384	0	0	6320	0	0	81	81	120
17.675122	208	10973	11037	300	7198479147	9325	3384	0	0	6320	0	0	81	81	127
17.681171	208	10973	11037	301	7200655660	9332	3387	0	0	6325	0	0	81	81	128
17.695744	208	10973	11037	301	7207536940	9340	3389	0	0	6332	0	0	81	81	126
17.703419	208	10973	11037	301	7211206956	9345	3392	0	0	6335	0	0	81	81	127
17.716954	208	10973	11037	301	7217695020	9352	3395	0	0	6339	0	0	81	81	126
17.725437	208	10973	11037	301	7221692716	9358	3400	0	0	6340	0	0	81	81	126
17.740049	208	10973	11037	302	7228522285	9366	3401	0	0	6347	0	0	81	81	125
17.750044	208	10973	11037	302	7233240877	9376	3407	0	0	6351	0	0	81	81	127
17.760006	208	10973	11037	302	7237828397	9379	3408	0	0	6354	0	0	81	81	127
17.773039	208	10973	11037	302	7244185389	9383	3411	0	0	6356	0	0	81	81	123
17.786749	208	10973	11037	303	7250490670	9393	3415	0	0	6361	0	0	81	81	127
17.796885	208	10973	11037	303	7255274798	9397	3417	0	0	6363	0	0	81	81	126
17.803313	208	10973	11037	303	7258223918	9404	3419	0	0	6369	0	0	81	81	127
17.816801	208	10973	11037	303	7264646446	9412	3419	0	0	6377	0	0	81	81	127
17.827102	208	10973	11037	303	7269168430	9418	3424	0	0	6378	0	0	81	81	126
17.887968	208	10973	11037	303	7269692718	9420	3425	0	0	6378	0	0	81	81	126
17.897382	208	10973	11037	304	7272786735	9427	3426	0	0	6385	0	0	81	81	128
17.911662	208	10973	11037	304	7279209263	9443	3432	0	0	6396	0	0	81	81	126
17.920038	208	10973	11037	304	7283141423	9453	3434	0	0	6403	0	0	81	81	127
17.932016	208	10973	11037	304	7288777519	9459	3438	0	0	6407	0	0	81	81	127
17.943279	208	10973	11037	304	7294020399	9467	3442	0	0	6412	0	0	81	81	127
17.954507	208	10973	11037	305	7298949424	9478	3448	0	0	6417	0	0	81	81	126
17.961305	208	10973	11037	305	7302160688	9482	3451	0	0	6418	0	0	81	81	126
17.970795	208	10973	11037	305	7306748208	9489	3455	0	0	6423	0	0	81	81	127
17.982468	208	10973	11037	305	7310811440	9495	3456	0	0	6428	0	0	81	81	127
17.995699	208	10973	11037	305	7316513072	9504	3458	0	0	6434	0	0	81	81	125
18.002583	208	10973	11037	305	7319658800	9509	3459	0	0	6440	0	0	81	81	127
18.016886	208	10973	11037	306	7325898545	9519	3463	0	0	6447	0	0	81	81	126
18.028685	208	10973	11037	306	7331141425	9529	3466	0	0	6455	0	0	81	81	127
18.037904	208	10973	11037	306	7334942513	9538	3469	0	0	6462	0	0	81	81	127
18.043930	208	10973	11037	306	7337760561	9542	3471	0	0	6464	0	0	81	81	126
18.053386	208	10973	11037	306	7342282545	9547	3475	0	0	6466	0	0	81	81	127
18.061884	208	10973	11037	307	7345704242	9551	3475	0	0	6470	0	0	81	81	127
18.075139	208	10973	11037	307	7351733554	9561	3484	0	0	6473	0	0	81	81	126
18.085425	208	10973	11037	307	7356517682	9569	3487	0	0	6481	0	0	81	81	127
18.093387	208	10973	11037	307	7360187698	9579	3488	0	0	6490	0	0	81	81	127
18.101063	208	10973	11037	307	7363661106	9581	3489	0	0	6491	0	0	81	81	126
18.110991	208	10973	11037	307	7367724338	9590	3491	0	0	6498	0	0	81	81	128
18.117055	208	10973	11037	308	7370294067	9597	3493	0	0	6503	0	0	81	81	127
18.128115	208	10973	11037	308	7375602483	9603	3497	0	0	6506	0	0	81	81	126
18.139433	208	10973	11037	308	7380910899	9612	3498	0	0	6514	0	0	81	81	127
18.151683	208	10973	11037	308	7386743603	9621	3500	0	0	6522	0	0	81	81	126
18.158837	208	10973	11037	308	7390085939	9627	3504	0	0	6524	0	0	81	81	125
18.164605	208	10973	11037	309	7392459060	9631	3506	0	0	6525	0	0	81	81	127
18.171526	208	10973	11037	309	7395670324	9637	3510	0	0	6529	0	0	81	81	125
18.183473	208	10973	11037	309	7400716596	9644	3512	0	0	6534	0	0	81	81	127
18.195903	208	10973	11037	309	7406352692	9655	3517	0	0	6542	0	0	81	81	127
18.209464	208	10973	11037	309	7412513076	9662	3518	0	0	6549	0	0	81	81	125
18.217667	208	10973	11037	310	7416000309	9666	3519	0	0	6552	0	0	81	81	127
18.230030	208	10973	11037	310	7422095157	9671	3520	0	0	6556	0	0	81	81	125
18.242130	208	10973	11037	310	7427993397	9675	3522	0	0	6558	0	0	81	81	127
18.255400	208	10973	11037	310	7434219317	9682	3525	0	0	6561	0	0	81	81	126
18.264083	208	10973	11037	310	7438151477	9691	3530	0	0	6565	0	0	81	81	127
18.271259	208	10973	11037	311	7441179958	9695	3531	0	0	6569	0	0	81	81	128
18.277641	208	10973	11037	311	7444129078	9701	3532	0	0	6574	0	0	81	81	125
18.289068	208	10973	11037	311	7449699638	9706	3534	0	0	6577	0	0	81	81	127
18.297591	208	10973	11037	311	7453828406	9712	3536	0	0	6582	0	0	81	81	127
18.311932	208	10973	11037	311	7460840758	9717	3538	0	0	6585	0	0	81	81	125
18.323559	208	10973	11037	312	7466031927	9725	3539	0	0	6592	0	0	81	81	127
18.333302	208	10973	11037	312	7470488375	9730	3543	0	0	6594	0	0	81	81	125
18.347116	208	10973	11037	312	7476779831	9742	3547	0	0	6604	0	0	81	81	127
18.354537	208	10973	11037	312	7480187703	9748	3549	0	0	6608	0	0	81	81	127
18.367568	208	10973	11037	312	7485692727	9755	3555	0	0	6612	0	0	81	81	126
18.376423	208	10973	11037	313	7489638712	9760	3556	0	0	6616	0	0	81	81	128
18.385197	208	10973	11037	313	7493636408	9767	3561	0	0	6620	0	0	81	81	123
18.399517	208	10973	11037	313	7499600184	9781	3565	0	0	6632	0	0	81	81	127
18.411377	208	10973	11037	313	7505170744	9787	3567	0	0	6636	0	0	81	81	127
18.421750	208	10973	11037	313	7510217016	9790	3569	0	0	6638	0	0	81	81	125
18.430385	208	10973	11037	314	7513966393	9795	3571	0	0	6641	0	0	81	81	127
18.441269	208	10973	11037	314	7519274809	9799	3575	0	0	6642	0	0	81	81	125
18.451131	208	10973	11037	314	7523993401	9805	3576	0	0	6648	0	0	81	81	127
18.457780	208	10973	11037	314	7526876985	9814	3577	0	0	6656	0	0	81	81	127
18.468544	208	10973	11037	314	7531792185	9824	3583	0	0	6661	0	0	81	81	123
18.481231	208	10973	11037	315	7537311034	9829	3586	0	0	6665	0	0	81	81	127
18.489673	208	10973	11037	315	7541308730	9833	3588	0	0	6667	0	0	81	81	123
18.496565	208	10973	11037	315	7544585530	9837	3590	0	0	6669	0	0	81	81	127
18.509123	208	10973	11037	315	7550418234	9845	3592	0	0	6676	0	0	81	81	127
18.517818	208	10973	11037	315	7554415930	9850	3593	0	0	6680	0	0	81	81	126
18.524999	208	10973	11037	315	7557758266	9853	3596	0	0	6680	0	0	81	81	126
18.532755	208	10973	11037	316	7561114427	9859	3598	0	0	6684	0	0	81	81	127
18.546336	208	10973	11037	316	7567536955	9868	3602	0	0	6689	0	0	81	81	127
18.557093	208	10973	11037	316	7571469115	9880	3606	0	0	6699	0	0	81	81	127
18.567492	208	10973	11037	316	7576253243	9885	3607	0	0	6702	0	0	81	81	127
18.573698	208	10973	11037	316	7579136827	9891	3610	0	0	6707	0	0	81	81	125
18.587954	208	10973	11037	317	7585769788	9896	3612	0	0	6711	0	0	81	81	127
18.593171	208	10973	11037	317	7588260156	9898	3613	0	0	6712	0	0	81	81	126
18.601977	208	10973	11037	317	7591733564	9901	3615	0	0	6715	0	0	81	81	126
18.609302	208	10973	11037	317	7595141436	9907	3616	0	0	6721	0	0	81	81	127
18.623198	208	10973	11037	317	7600515388	9913	3619	0	0	6724	0	0	81	81	127
18.629228	208	10973	11037	317	7603202364	9916	3620	0	0	6726	0	0	81	81	126
18.637000	208	10973	11037	317	7607003452	9919	3623	0	0	6726	0	0	81	81	126
18.646937	208	10973	11037	318	7611342653	9924	3624	0	0	6731	0	0	81	81	126
18.659144	208	10973	11037	318	7617371965	9927	3625	0	0	6733	0	0	81	81	127
18.668890	208	10973	11037	318	7620845373	9933	3628	0	0	6736	0	0	81	81	127
18.676200	208	10973	11037	318	7624318781	9935	3629	0	0	6737	0	0	81	81	127
18.688080	208	10973	11037	318	7629102909	9940	3633	0	0	6739	0	0	81	81	123
18.702638	208	10973	11037	319	7635080510	9948	3635	0	0	6746	0	0	81	81	126
18.711065	208	10973	11037	319	7639078206	9951	3637	0	0	6747	0	0	81	81	126
18.725571	208	10973	11037	319	7645697342	9964	3643	0	0	6756	0	0	81	81	127
18.735339	208	10973	11037	319	7650481470	9967	3645	0	0	6758	0	0	81	81	126
18.742969	208	10973	11037	319	7654085950	9969	3646	0	0	6760	0	0	81	81	126
18.754244	208	10973	11037	320	7659146047	9979	3647	0	0	6769	0	0	81	81	127
18.768330	208	10973	11037	320	7665634111	9985	3651	0	0	6771	0	0	81	81	127
18.774317	208	10973	11037	320	7667796799	9987	3652	0	0	6772	0	0	81	81	127
18.782030	208	10973	11037	320	7671335743	9993	3652	0	0	6778	0	0	81	81	127
18.789495	208	10973	11037	320	7674678079	9998	3654	0	0	6781	0	0	81	81	126
18.796653	208	10973	11037	320	7677954879	10001	3655	0	0	6783	0	0	81	81	127
18.808630	208	10973	11037	321	7681900864	10009	3655	0	0	6791	0	0	81	81	127
18.815485	208	10973	11037	321	7684981056	10010	3655	0	0	6792	0	0	81	81	125
18.822119	208	10973	11037	321	7688126784	10012	3655	0	0	6794	0	0	81	81	126
18.834812	208	10973	11037	321	7694025024	10021	3659	0	0	6800	0	0	81	81	127
18.841659	208	10973	11037	321	7697170752	10026	3662	0	0	6802	0	0	81	81	126
18.851764	208	10973	11037	321	7701627200	10030	3663	0	0	6805	0	0	81	81	126
18.862578	208	10973	11037	322	7706621761	10039	3665	0	0	6811	0	0	81	81	126
18.871746	208	10973	11037	322	7710947137	10043	3666	0	0	6814	0	0	81	81	125
18.884218	208	10973	11037	322	7716910913	10050	3667	0	0	6820	0	0	81	81	127
18.890738	208	10973	11037	322	7719925569	10054	3668	0	0	6824	0	0	81	81	127
18.902830	208	10973	11037	322	7725299521	10060	3670	0	0	6829	0	0	81	81	124
18.916744	208	10973	11037	323	7730752834	10071	3675	0	0	6836	0	0	81	81	126
18.926239	208	10973	11037	323	7734947138	10073	3676	0	0	6836	0	0	81	81	122
18.939418	208	10973	11037	323	7740517698	10080	3678	0	0	6842	0	0	81	81	127
18.945563	208	10973	11037	323	7742876994	10082	3679	0	0	6843	0	0	81	81	127
18.958603	208	10973	11037	323	7749102914	10088	3681	0	0	6847	0	0	81	81	126
18.968583	208	10973	11037	324	7753442115	10098	3685	0	0	6854	0	0	81	81	127
18.975059	208	10973	11037	324	7756456771	10099	3685	0	0	6855	0	0	81	81	125
18.986391	208	10973	11037	324	7761568579	10107	3687	0	0	6860	0	0	81	81	127
18.995469	208	10973	11037	324	7765893955	10110	3689	0	0	6862	0	0	81	81	127
19.001663	208	10973	11037	324	7768843075	10112	3690	0	0	6863	0	0	81	81	127
19.011923	208	10973	11037	324	7773233987	10115	3692	0	0	6864	0	0	81	81	126
19.025660	208	10973	11037	325	7779277124	10126	3696	0	0	6872	0	0	81	81	126
19.036954	208	10973	11037	325	7784454468	10133	3698	0	0	6876	0	0	81	81	127
19.044752	208	10973	11037	325	7787993412	10138	3700	0	0	6880	0	0	81	81	127
19.054965	208	10973	11037	325	7792712004	10144	3703	0	0	6885	0	0	81	81	127
19.067686	208	10973	11037	325	7798806852	10151	3708	0	0	6890	0	0	81	81	127
19.079053	208	10973	11037	326	7803998021	10156	3711	0	0	6892	0	0	81	81	126
19.092609	208	10973	11037	326	7810486085	10164	3716	0	0	6896	0	0	81	81	127
19.101922	208	10973	11037	326	7814876997	10168	3719	0	0	6897	0	0	81	81	127
19.110316	208	10973	11037	326	7818809157	10172	3720	0	0	6900	0	0	81	81	125
19.124638	208	10973	11037	327	7825442118	10182	3723	0	0	6906	0	0	81	81	127
19.137752	208	10973	11037	327	7831536966	10189	3729	0	0	6911	0	0	81	81	126
19.148170	208	10973	11037	327	7836452166	10194	3731	0	0	6916	0	0	81	81	127
19.156405	208	10973	11037	327	7840449862	10199	3731	0	0	6921	0	0	81	81	127
19.162993	208	10973	11037	327	7843595590	10205	3733	0	0	6925	0	0	81	81	125
19.175551	208	10973	11037	328	7849311047	10214	3737	0	0	6931	0	0	81	81	127
19.181274	208	10973	11037	328	7851932487	10215	3737	0	0	6932	0	0	81	81	127
19.191864	208	10973	11037	328	7857044295	10220	3739	0	0	6936	0	0	81	81	127
19.202371	208	10973	11037	328	7861304135	10221	3739	0	0	6937	0	0	81	81	127
19.209289	208	10973	11037	328	7864712007	10223	3741	0	0	6937	0	0	81	81	127
19.220054	208	10973	11037	328	7869758279	10232	3747	0	0	6941	0	0	81	81	126
19.230120	208	10973	11037	329	7874163016	10241	3750	0	0	6948	0	0	81	81	127
19.243551	208	10973	11037	329	7880520008	10245	3752	0	0	6950	0	0	81	81	126
19.256280	208	10973	11037	329	7886483784	10256	3755	0	0	6960	0	0	81	81	127
19.263492	208	10973	11037	329	7889695048	10261	3757	0	0	6964	0	0	81	81	126
19.273000	208	10973	11037	329	7893692744	10265	3759	0	0	6967	0	0	81	81	124
19.286126	208	10973	11037	330	7899473737	10274	3762	0	0	6974	0	0	81	81	127
19.295241	208	10973	11037	330	7903668041	10277	3765	0	0	6974	0	0	81	81	123
19.301988	208	10973	11037	330	7906682697	10287	3769	0	0	6983	0	0	81	81	127
19.309294	208	10973	11037	330	7910090569	10292	3771	0	0	6986	0	0	81	81	127
19.316862	208	10973	11037	330	7913695049	10297	3773	0	0	6990	0	0	81	81	126
19.328421	208	10973	11037	330	7919003465	10304	3775	0	0	6995	0	0	81	81	127
19.338993	208	10973	11037	331	7923670346	10312	3778	0	0	6999	0	0	81	81	126
19.346544	208	10973	11037	331	7927340362	10316	3781	0	0	7000	0	0	81	81	126
19.352500	208	10973	11037	331	7930092874	10320	3784	0	0	7003	0	0	81	81	127
19.367598	208	10973	11037	331	7937367370	10328	3787	0	0	7009	0	0	81	81	126
19.374083	208	10973	11037	331	7940513098	10332	3788	0	0	7012	0	0	81	81	125
19.385596	208	10973	11037	332	7945769803	10340	3790	0	0	7019	0	0	81	81	127
19.394002	208	10973	11037	332	7949898571	10342	3792	0	0	7020	0	0	81	81	124
19.400397	208	10973	11037	332	7952585547	10345	3795	0	0	7020	0	0	81	81	127
19.411977	208	10973	11037	332	7958090571	10349	3797	0	0	7022	0	0	81	81	127
19.423947	208	10973	11037	332	7963857739	10353	3799	0	0	7024	0	0	81	81	124
19.431722	208	10973	11037	332	7967462219	10355	3800	0	0	7025	0	0	81	81	126
19.443084	208	10973	11037	333	7972587852	10358	3802	0	0	7027	0	0	81	81	121
19.453439	208	10973	11037	333	7976192332	10366	3806	0	0	7032	0	0	81	81	127
19.465588	208	10973	11037	333	7981500748	10372	3808	0	0	7036	0	0	81	81	127
19.478321	208	10973	11037	333	7987005772	10380	3811	0	0	7041	0	0	81	81	124
19.489364	208	10973	11037	333	7991003468	10384	3812	0	0	7044	0	0	81	81	127
19.497240	208	10973	11037	334	7994359629	10386	3812	0	0	7047	0	0	81	81	127
19.504711	208	10973	11037	334	7997898573	10389	3815	0	0	7047	0	0	81	81	125
19.510879	208	10973	11037	334	8000782157	10394	3818	0	0	7051	0	0	81	81	127
19.518830	208	10973	11037	334	8004321101	10402	3819	0	0	7058	0	0	81	81	127
19.533166	208	10973	11037	334	8011071309	10413	3824	0	0	7066	0	0	81	81	124
19.541891	208	10973	11037	334	8015003469	10415	3826	0	0	7067	0	0	81	81	127
19.550260	208	10973	11037	335	8018425166	10419	3827	0	0	7071	0	0	81	81	127
19.564052	208	10973	11037	335	8024913230	10423	3830	0	0	7072	0	0	81	81	127
19.572440	208	10973	11037	335	8028910926	10428	3832	0	0	7077	0	0	81	81	127
19.578922	208	10973	11037	335	8031860046	10434	3834	0	0	7081	0	0	81	81	127
19.594078	208	10973	11037	335	8039134542	10445	3839	0	0	7088	0	0	81	81	127
19.606253	208	10973	11037	336	8044653391	10451	3840	0	0	7093	0	0	81	81	125
19.611696	208	10973	11037	336	8047209295	10455	3841	0	0	7096	0	0	81	81	126
19.622419	208	10973	11037	336	8052255567	10464	3846	0	0	7103	0	0	81	81	127
19.628312	208	10973	11037	336	8054877007	10470	3850	0	0	7108	0	0	81	81	127
19.635158	208	10973	11037	336	8057957199	10477	3855	0	0	7111	0	0	81	81	126
19.647481	208	10973	11037	336	8063724367	10481	3857	0	0	7113	0	0	81	81	127
19.660594	208	10973	11037	337	8069570896	10489	3860	0	0	7119	0	0	81	81	125
19.669784	208	10973	11037	337	8073699664	10494	3861	0	0	7123	0	0	81	81	127
19.681209	208	10973	11037	337	8078549328	10504	3867	0	0	7128	0	0	81	81	127
19.691753	208	10973	11037	337	8083333456	10513	3871	0	0	7134	0	0	81	81	125
19.706173	208	10973	11037	338	8089704273	10522	3874	0	0	7140	0	0	81	81	127
19.718234	208	10973	11037	338	8095012689	10530	3878	0	0	7144	0	0	81	81	126
19.728501	208	10973	11037	338	8099862353	10535	3878	0	0	7149	0	0	81	81	127
19.734570	208	10973	11037	338	8102549329	10543	3882	0	0	7154	0	0	81	81	127
19.740286	208	10973	11037	338	8105236305	10546	3882	0	0	7157	0	0	81	81	126
19.747678	208	10973	11037	338	8108775249	10550	3885	0	0	7158	0	0	81	81	124
19.758292	208	10973	11037	339	8112983378	10557	3887	0	0	7163	0	0	81	81	127
19.769978	208	10973	11037	339	8117177682	10560	3887	0	0	7166	0	0	81	81	126
19.784281	208	10973	11037	339	8123862354	10572	3893	0	0	7174	0	0	81	81	127
19.792513	208	10973	11037	339	8127663442	10580	3896	0	0	7180	0	0	81	81	127
19.805167	208	10973	11037	339	8133234002	10586	3899	0	0	7183	0	0	81	81	126
19.816592	208	10973	11037	340	8138228563	10595	3902	0	0	7190	0	0	81	81	127
19.830463	208	10973	11037	340	8144847699	10604	3905	0	0	7196	0	0	81	81	127
19.843850	208	10973	11037	340	8151139155	10610	3906	0	0	7201	0	0	81	81	127
19.852797	208	10973	11037	340	8154547027	10618	3910	0	0	7207	0	0	81	81	126
19.866859	208	10973	11037	341	8160852308	10626	3911	0	0	7214	0	0	81	81	128
19.877181	208	10973	11037	341	8165767508	10634	3914	0	0	7219	0	0	81	81	124
19.882537	208	10973	11037	341	8168257876	10636	3914	0	0	7221	0	0	81	81	126
19.895656	208	10973	11037	341	8174352724	10644	3918	0	0	7227	0	0	81	81	127
19.909385	208	10973	11037	341	8180906324	10651	3923	0	0	7230	0	0	81	81	125
19.915426	208	10973	11037	341	8183920980	10651	3923	0	0	7230	0	0	81	81	125
19.920631	208	10973	11037	342	8186097493	10655	3924	0	0	7233	0	0	81	81	127
19.926284	208	10973	11037	342	8188718933	10661	3926	0	0	7238	0	0	81	81	126
19.935803	208	10973	11037	342	8193175381	10670	3930	0	0	7245	0	0	81	81	127
19.943084	208	10973	11037	342	8196648789	10673	3932	0	0	7246	0	0	81	81	127
19.951397	208	10973	11037	342	8200515413	10682	3936	0	0	7253	0	0	81	81	127
19.957932	208	10973	11037	342	8203661141	10685	3937	0	0	7255	0	0	81	81	124
19.963847	208	10973	11037	342	8206413653	10692	3943	0	0	7257	0	0	81	81	127
19.975855	208	10973	11037	343	8211998038	10697	3945	0	0	7259	0	0	81	81	125
19.989626	208	10973	11037	343	8218617174	10704	3948	0	0	7263	0	0	81	81	127
20.000454	208	10973	11037	343	8223794518	10709	3949	0	0	7267	0	0	81	81	127
20.011401	208	10973	11037	343	8229102934	10712	3950	0	0	7270	0	0	81	81	126
20.018586	208	10973	11037	344	8232196951	10718	3950	0	0	7276	0	0	81	81	128
20.030947	208	10973	11037	344	8236194647	10728	3954	0	0	7283	0	0	81	81	125
20.038830	208	10973	11037	344	8239864663	10731	3956	0	0	7284	0	0	81	81	126
20.049261	208	10973	11037	344	8244648791	10740	3959	0	0	7290	0	0	81	81	127
20.058742	208	10973	11037	344	8249236311	10745	3960	0	0	7294	0	0	81	81	126
20.069496	208	10973	11037	344	8254348119	10750	3961	0	0	7299	0	0	81	81	127
20.082772	208	10973	11037	345	8260194648	10761	3963	0	0	7308	0	0	81	81	125
20.096665	208	10973	11037	345	8266682712	10767	3965	0	0	7312	0	0	81	81	127
20.105228	208	10973	11037	345	8270614872	10775	3968	0	0	7317	0	0	81	81	127
20.116399	208	10973	11037	345	8276119896	10777	3970	0	0	7318	0	0	81	81	126
20.126522	208	10973	11037	346	8280655705	10782	3972	0	0	7321	0	0	81	81	128
20.139208	208	10973	11037	346	8286816089	10786	3976	0	0	7322	0	0	81	81	125
20.152223	208	10973	11037	346	8292976473	10794	3979	0	0	7328	0	0	81	81	127
20.163003	208	10973	11037	346	8298088281	10802	3981	0	0	7335	0	0	81	81	126
20.169037	208	10973	11037	346	8300971865	10807	3982	0	0	7339	0	0	81	81	126
20.177918	208	10973	11037	347	8304786778	10814	3984	0	0	7344	0	0	81	81	128
20.191176	208	10973	11037	347	8310488410	10819	3989	0	0	7345	0	0	81	81	126
20.202703	208	10973	11037	347	8315927898	10825	3991	0	0	7349	0	0	81	81	127
20.210843	208	10973	11037	347	8319663450	10832	3994	0	0	7354	0	0	81	81	127
20.224888	208	10973	11037	347	8326282586	10838	3996	0	0	7359	0	0	81	81	127
20.239388	208	10973	11037	348	8332850011	10849	3999	0	0	7368	0	0	81	81	123
20.253201	208	10973	11037	348	8339338075	10860	4003	0	0	7376	0	0	81	81	127
20.265702	208	10973	11037	348	8343794523	10864	4003	0	0	7380	0	0	81	81	127
20.275759	208	10973	11037	348	8348513115	10871	4008	0	0	7381	0	0	81	81	125
20.282619	208	10973	11037	348	8350806875	10878	4009	0	0	7387	0	0	81	81	127
20.296077	208	10973	11037	349	8356915548	10888	4012	0	0	7394	0	0	81	81	120
20.310090	208	10973	11037	349	8363534684	10896	4016	0	0	7400	0	0	81	81	127
20.320632	208	10973	11037	349	8367860060	10901	4017	0	0	7405	0	0	81	81	127
20.331576	208	10973	11037	349	8372447580	10904	4017	0	0	7408	0	0	81	81	126
20.340090	208	10973	11037	349	8375920988	10909	4019	0	0	7411	0	0	81	81	128
20.348935	208	10973	11037	350	8379408221	10918	4025	0	0	7415	0	0	81	81	126
20.357596	208	10973	11037	350	8383536989	10922	4028	0	0	7416	0	0	81	81	125
20.368971	208	10973	11037	350	8388779869	10930	4032	0	0	7422	0	0	81	81	127
20.379699	208	10973	11037	350	8393760605	10932	4034	0	0	7423	0	0	81	81	127
20.393474	208	10973	11037	351	8400131422	10940	4039	0	0	7428	0	0	81	81	128
20.399885	208	10973	11037	351	8402425182	10947	4039	0	0	7435	0	0	81	81	127
20.414778	208	10973	11037	351	8408651102	10954	4041	0	0	7441	0	0	81	81	126
20.423799	208	10973	11037	351	8412321118	10962	4044	0	0	7446	0	0	81	81	127
20.438787	208	10973	11037	351	8419267934	10972	4050	0	0	7452	0	0	81	81	124
20.446261	208	10973	11037	351	8422675806	10975	4051	0	0	7454	0	0	81	81	126
20.453102	208	10973	11037	352	8425704287	10976	4051	0	0	7455	0	0	81	81	127
20.459560	208	10973	11037	352	8428718943	10976	4051	0	0	7455	0	0	81	81	127
20.465740	208	10973	11037	352	8431602527	10981	4053	0	0	7458	0	0	81	81	126
20.474444	208	10973	11037	352	8435534687	10987	4056	0	0	7461	0	0	81	81	127
20.479671	208	10973	11037	352	8437893983	10990	4057	0	0	7463	0	0	81	81	127
20.489275	208	10973	11037	352	8442415967	10996	4058	0	0	7469	0	0	81	81	126
20.498863	208	10973	11037	352	8446937951	11000	4061	0	0	7470	0	0	81	81	127
20.508776	208	10973	11037	353	8451342688	11005	4062	0	0	7474	0	0	81	81	127
20.517024	208	10973	11037	353	8455209312	11007	4063	0	0	7475	0	0	81	81	126
20.529716	208	10973	11037	353	8459862368	11013	4066	0	0	7480	0	0	81	81	127
20.543612	208	10973	11037	353	8466022752	11026	4070	0	0	7490	0	0	81	81	126
20.558440	208	10973	11037	354	8472721249	11036	4075	0	0	7496	0	0	81	81	128
20.572992	208	10973	11037	354	8479799137	11040	4078	0	0	7499	0	0	81	81	126
20.579462	208	10973	11037	354	8482944865	11042	4080	0	0	7499	0	0	81	81	127
20.593432	208	10973	11037	354	8489695073	11049	4084	0	0	7504	0	0	81	81	126
20.601574	208	10973	11037	354	8493561697	11054	4089	0	0	7505	0	0	81	81	125
20.613609	208	10973	11037	355	8499146082	11057	4090	0	0	7507	0	0	81	81	127
20.618939	208	10973	11037	355	8501701986	11058	4090	0	0	7508	0	0	81	81	125
20.629634	208	10973	11037	355	8506748258	11065	4092	0	0	7513	0	0	81	81	127
20.639163	208	10973	11037	355	8511204706	11070	4095	0	0	7517	0	0	81	81	127
20.652158	208	10973	11037	355	8517496162	11073	4096	0	0	7519	0	0	81	81	126
20.665057	208	10973	11037	356	8523473763	11075	4098	0	0	7519	0	0	81	81	125
20.670451	208	10973	11037	356	8525964131	11077	4098	0	0	7521	0	0	81	81	125
20.682107	208	10973	11037	356	8531534691	11083	4100	0	0	7526	0	0	81	81	127
20.693650	208	10973	11037	356	8536908643	11090	4102	0	0	7531	0	0	81	81	126
20.705405	208	10973	11037	356	8542348131	11098	4104	0	0	7537	0	0	81	81	126
20.711974	208	10973	11037	357	8545114468	11101	4105	0	0	7539	0	0	81	81	127
20.718129	208	10973	11037	357	8547998052	11103	4106	0	0	7540	0	0	81	81	125
20.728440	208	10973	11037	357	8552913252	11107	4108	0	0	7542	0	0	81	81	127
20.734095	208	10973	11037	357	8555534692	11112	4111	0	0	7544	0	0	81	81	127
20.747979	208	10973	11037	357	8562022756	11123	4113	0	0	7553	0	0	81	81	126
20.759608	208	10973	11037	357	8566217060	11128	4115	0	0	7555	0	0	81	81	126
20.767985	208	10973	11037	358	8569966437	11134	4116	0	0	7561	0	0	81	81	127
20.782510	208	10973	11037	358	8575340389	11140	4119	0	0	7564	0	0	81	81	126
20.794944	208	10973	11037	358	8581107557	11149	4121	0	0	7572	0	0	81	81	127
20.805964	208	10973	11037	358	8585760613	11154	4122	0	0	7576	0	0	81	81	126
20.815028	208	10973	11037	358	8589889381	11163	4126	0	0	7580	0	0	81	81	127
20.826314	208	10973	11037	359	8594949478	11172	4129	0	0	7587	0	0	81	81	126
20.833251	208	10973	11037	359	8597767526	11173	4130	0	0	7588	0	0	81	81	125
20.843147	208	10973	11037	359	8602355046	11182	4130	0	0	7596	0	0	81	81	127
20.857556	208	10973	11037	359	8607663462	11192	4135	0	0	7602	0	0	81	81	127
20.865495	208	10973	11037	359	8611005798	11196	4135	0	0	7606	0	0	81	81	125
20.878443	208	10973	11037	360	8616786791	11204	4138	0	0	7611	0	0	81	81	127
20.889708	208	10973	11037	360	8622160743	11213	4144	0	0	7614	0	0	81	81	125
20.897482	208	10973	11037	360	8625830759	11218	4145	0	0	7618	0	0	81	81	127
20.912090	208	10973	11037	360	8632908647	11226	4148	0	0	7624	0	0	81	81	127
20.925867	208	10973	11037	360	8639658855	11232	4151	0	0	7627	0	0	81	81	127
20.936103	208	10973	11037	361	8644391272	11237	4151	0	0	7631	0	0	81	81	125
20.942644	208	10973	11037	361	8647602536	11239	4151	0	0	7633	0	0	81	81	127
20.950499	208	10973	11037	361	8651403624	11244	4151	0	0	7638	0	0	81	81	127
20.959480	208	10973	11037	361	8655729000	11250	4155	0	0	7640	0	0	81	81	127
20.973889	208	10973	11037	361	8662610280	11258	4159	0	0	7644	0	0	81	81	127
20.984426	208	10973	11037	362	8667473769	11262	4161	0	0	7647	0	0	81	81	126
20.994358	208	10973	11037	362	8671995753	11267	4166	0	0	7648	0	0	81	81	127
21.006177	208	10973	11037	362	8677631849	11273	4167	0	0	7653	0	0	81	81	127
21.012404	208	10973	11037	362	8680580969	11279	4168	0	0	7658	0	0	81	81	127
21.017747	208	10973	11037	362	8683136873	11280	4169	0	0	7658	0	0	81	81	126
21.030215	208	10973	11037	363	8688917866	11289	4169	0	0	7666	0	0	81	81	127
21.035711	208	10973	11037	363	8691408234	11290	4170	0	0	7667	0	0	81	81	126
21.048789	208	10973	11037	363	8697240938	11296	4170	0	0	7672	0	0	81	81	127
21.060646	208	10973	11037	363	8702483818	11305	4176	0	0	7678	0	0	81	81	127
21.070308	208	10973	11037	363	8707005802	11313	4179	0	0	7684	0	0	81	81	126
21.080475	208	10973	11037	363	8711724394	11322	4182	0	0	7691	0	0	81	81	128
21.089773	208	10973	11037	364	8715932523	11326	4184	0	0	7693	0	0	81	81	125
21.097399	208	10973	11037	364	8719471467	11332	4188	0	0	7696	0	0	81	81	126
21.110556	208	10973	11037	364	8725828459	11339	4190	0	0	7702	0	0	81	81	127
21.123421	208	10973	11037	364	8730743659	11345	4192	0	0	7706	0	0	81	81	126
21.137084	208	10973	11037	365	8736524652	11349	4194	0	0	7709	0	0	81	81	127
21.145390	208	10973	11037	365	8740391276	11352	4196	0	0	7710	0	0	81	81	126
21.156769	208	10973	11037	365	8745896300	11356	4196	0	0	7714	0	0	81	81	127
21.166218	208	10973	11037	365	8750221676	11365	4199	0	0	7720	0	0	81	81	127
21.180096	208	10973	11037	365	8756578668	11373	4202	0	0	7725	0	0	81	81	125
21.188742	208	10973	11037	366	8760328045	11376	4202	0	0	7728	0	0	81	81	128
21.202527	208	10973	11037	366	8766816109	11384	4205	0	0	7733	0	0	81	81	125
21.210308	208	10973	11037	366	8770223981	11389	4208	0	0	7735	0	0	81	81	127
21.224786	208	10973	11037	366	8776712045	11397	4208	0	0	7743	0	0	81	81	127
21.238268	208	10973	11037	366	8782937965	11403	4212	0	0	7745	0	0	81	81	127
21.243530	208	10973	11037	367	8785048942	11405	4214	0	0	7745	0	0	81	81	127
21.254476	208	10973	11037	367	8789898606	11411	4217	0	0	7750	0	0	81	81	125
21.262038	208	10973	11037	367	8793568622	11415	4219	0	0	7753	0	0	81	81	127
21.270800	208	10973	11037	367	8797697390	11423	4223	0	0	7758	0	0	81	81	127
21.285015	208	10973	11037	367	8804513134	11431	4230	0	0	7760	0	0	81	81	125
21.295936	208	10973	11037	368	8809245551	11436	4230	0	0	7765	0	0	81	81	127
21.302898	208	10973	11037	368	8812587887	11438	4232	0	0	7765	0	0	81	81	125
21.314289	208	10973	11037	368	8817961839	11444	4234	0	0	7770	0	0	81	81	127
21.325885	208	10973	11037	368	8823073647	11450	4236	0	0	7774	0	0	81	81	127
21.335833	208	10973	11037	368	8827005807	11454	4239	0	0	7776	0	0	81	81	125
21.350910	208	10973	11037	369	8833048944	11461	4239	0	0	7783	0	0	81	81	127
21.361895	208	10973	11037	369	8837767536	11463	4240	0	0	7784	0	0	81	81	126
21.368634	208	10973	11037	369	8840585584	11464	4241	0	0	7784	0	0	81	81	127
21.378679	208	10973	11037	369	8845304176	11471	4242	0	0	7791	0	0	81	81	127
21.393381	208	10973	11037	369	8850743664	11479	4246	0	0	7795	0	0	81	81	125
21.401488	208	10973	11037	369	8854086000	11481	4246	0	0	7795	0	0	81	81	127
21.416459	208	10973	11037	370	8859604849	11491	4251	0	0	7802	0	0	81	81	125
21.427053	208	10973	11037	370	8863864689	11496	4254	0	0	7805	0	0	81	81	126
21.440883	208	10973	11037	370	8868910961	11502	4257	0	0	7808	0	0	81	81	127
21.447622	208	10973	11037	370	8871925617	11505	4257	0	0	7812	0	0	81	81	127
21.457198	208	10973	11037	370	8876578673	11507	4258	0	0	7814	0	0	81	81	126
21.465843	208	10973	11037	371	8880262514	11516	4260	0	0	7822	0	0	81	81	128
21.472073	208	10973	11037	371	8883211634	11520	4262	0	0	7825	0	0	81	81	126
21.482090	208	10973	11037	371	8887733618	11524	4263	0	0	7828	0	0	81	81	127
21.493548	208	10973	11037	371	8893238642	11533	4265	0	0	7835	0	0	81	81	127
21.499846	208	10973	11037	371	8896187762	11539	4267	0	0	7839	0	0	81	81	127
21.508448	208	10973	11037	371	8900185458	11543	4267	0	0	7843	0	0	81	81	124
21.521233	208	10973	11037	372	8905966451	11553	4270	0	0	7851	0	0	81	81	127
21.526842	208	10973	11037	372	8908587891	11557	4272	0	0	7853	0	0	81	81	122
21.538925	208	10973	11037	372	8914223987	11561	4273	0	0	7857	0	0	81	81	127
21.544179	208	10973	11037	372	8916648819	11564	4275	0	0	7859	0	0	81	81	127
21.551755	208	10973	11037	372	8920253299	11569	4276	0	0	7863	0	0	81	81	127
21.559328	208	10973	11037	372	8923726707	11576	4280	0	0	7867	0	0	81	81	120
21.567610	208	10973	11037	372	8927658867	11581	4280	0	0	7872	0	0	81	81	128
21.577189	208	10973	11037	373	8931866996	11588	4283	0	0	7876	0	0	81	81	126
21.584139	208	10973	11037	373	8935143796	11593	4287	0	0	7877	0	0	81	81	126
21.596083	208	10973	11037	373	8940976500	11598	4288	0	0	7882	0	0	81	81	127
21.605163	208	10973	11037	373	8945236340	11604	4290	0	0	7886	0	0	81	81	126
21.615798	208	10973	11037	373	8950020468	11615	4296	0	0	7894	0	0	81	81	127
21.629035	208	10973	11037	374	8955866997	11625	4301	0	0	7899	0	0	81	81	125
21.637469	208	10973	11037	374	8959799157	11631	4304	0	0	7903	0	0	81	81	126
21.652453	208	10973	11037	374	8966811509	11644	4311	0	0	7912	0	0	81	81	127
21.661952	208	10973	11037	374	8971399029	11647	4313	0	0	7913	0	0	81	81	125
21.676275	208	10973	11037	375	8978097526	11653	4317	0	0	7915	0	0	81	81	127
21.687077	208	10973	11037	375	8983274870	11660	4320	0	0	7919	0	0	81	81	126
21.699620	208	10973	11037	375	8988648822	11669	4325	0	0	7924	0	0	81	81	127
21.710736	208	10973	11037	375	8993432950	11675	4327	0	0	7928	0	0	81	81	127
21.722861	208	10973	11037	375	8999134582	11681	4331	0	0	7932	0	0	81	81	127
21.729308	208	10973	11037	376	9001442167	11683	4331	0	0	7934	0	0	81	81	128
21.742045	208	10973	11037	376	9007340407	11694	4335	0	0	7940	0	0	81	81	126
21.756927	208	10973	11037	376	9014418295	11703	4338	0	0	7946	0	0	81	81	127
21.769173	208	10973	11037	376	9019857783	11712	4341	0	0	7952	0	0	81	81	122
21.778453	208	10973	11037	377	9024000376	11716	4342	0	0	7955	0	0	81	81	128
21.787310	208	10973	11037	377	9028063608	11720	4343	0	0	7958	0	0	81	81	126
21.796335	208	10973	11037	377	9031602552	11724	4345	0	0	7960	0	0	81	81	126
21.809952	208	10973	11037	377	9038025080	11734	4350	0	0	7966	0	0	81	81	127
21.816747	208	10973	11037	377	9041170808	11739	4351	0	0	7970	0	0	81	81	126
21.828226	208	10973	11037	377	9046872440	11740	4352	0	0	7970	0	0	81	81	121
21.836079	208	10973	11037	378	9050228601	11745	4355	0	0	7972	0	0	81	81	127
21.850327	208	10973	11037	378	9057044345	11755	4359	0	0	7980	0	0	81	81	127
21.862154	208	10973	11037	378	9062811513	11761	4360	0	0	7986	0	0	81	81	127
21.876740	208	10973	11037	378	9068775289	11767	4364	0	0	7989	0	0	81	81	123
21.889886	208	10973	11037	379	9074752890	11774	4364	0	0	7996	0	0	81	81	127
21.898681	208	10973	11037	379	9078947194	11778	4368	0	0	7996	0	0	81	81	126
21.907285	208	10973	11037	379	9083010426	11784	4371	0	0	7999	0	0	81	81	127
21.912701	208	10973	11037	379	9085566330	11787	4373	0	0	8000	0	0	81	81	127
21.925013	208	10973	11037	379	9091399034	11795	4375	0	0	8006	0	0	81	81	126
21.932307	208	10973	11037	379	9094872442	11800	4376	0	0	8009	0	0	81	81	127
21.946394	208	10973	11037	380	9101308795	11807	4378	0	0	8016	0	0	81	81	125
21.958607	208	10973	11037	380	9106682747	11815	4381	0	0	8021	0	0	81	81	127
21.972250	208	10973	11037	380	9112449915	11826	4387	0	0	8030	0	0	81	81	127
21.977971	208	10973	11037	380	9115071355	11829	4388	0	0	8032	0	0	81	81	124
21.993063	208	10973	11037	381	9122097532	11837	4392	0	0	8036	0	0	81	81	127
21.999498	208	10973	11037	381	9125046652	11840	4395	0	0	8038	0	0	81	81	123
22.012627	208	10973	11037	381	9130813820	11846	4396	0	0	8044	0	0	81	81	127
22.023990	208	10973	11037	381	9136122236	11855	4399	0	0	8051	0	0	81	81	127
22.035913	208	10973	11037	381	9141823868	11862	4403	0	0	8055	0	0	81	81	127
22.044354	208	10973	11037	382	9145638781	11865	4404	0	0	8057	0	0	81	81	127
22.054878	208	10973	11037	382	9150750589	11872	4408	0	0	8059	0	0	81	81	126
22.064647	208	10973	11037	382	9155338109	11880	4411	0	0	8065	0	0	81	81	127
22.079372	208	10973	11037	382	9162284925	11887	4413	0	0	8071	0	0	81	81	127
22.090352	208	10973	11037	382	9167134589	11892	4415	0	0	8073	0	0	81	81	127
22.100096	208	10973	11037	383	9171277182	11901	4419	0	0	8079	0	0	81	81	127
22.107833	208	10973	11037	383	9174947198	11905	4423	0	0	8080	0	0	81	81	125
22.122576	208	10973	11037	383	9182025086	11914	4424	0	0	8089	0	0	81	81	127
22.132522	208	10973	11037	383	9186874750	11918	4428	0	0	8090	0	0	81	81	125
22.143421	208	10973	11037	384	9192000383	11924	4430	0	0	8094	0	0	81	81	127
22.157826	208	10973	11037	384	9198881663	11929	4433	0	0	8097	0	0	81	81	126
22.165306	208	10973	11037	384	9202420607	11935	4437	0	0	8100	0	0	81	81	127
22.173947	208	10973	11037	384	9206352767	11946	4443	0	0	8109	0	0	81	81	127
22.185454	208	10973	11037	384	9211857791	11952	4447	0	0	8111	0	0	81	81	122
22.199981	208	10973	11037	385	9217180032	11960	4452	0	0	8117	0	0	81	81	127
22.213027	208	10973	11037	385	9223012736	11970	4457	0	0	8122	0	0	81	81	126
22.222931	208	10973	11037	385	9227731328	11976	4459	0	0	8127	0	0	81	81	127
22.234511	208	10973	11037	385	9232974208	11986	4463	0	0	8136	0	0	81	81	127
22.244473	208	10973	11037	385	9237430656	11993	4465	0	0	8139	0	0	81	81	123
22.257200	208	10973	11037	386	9242556289	12009	4469	0	0	8152	0	0	81	81	126
22.271459	208	10973	11037	386	9249240961	12018	4473	0	0	8158	0	0	81	81	127
22.276752	208	10973	11037	386	9251600257	12020	4473	0	0	8160	0	0	81	81	127
22.284391	208	10973	11037	386	9255270273	12026	4473	0	0	8166	0	0	81	81	127
22.291243	208	10973	11037	386	9258547073	12029	4474	0	0	8167	0	0	81	81	127
22.297473	208	10973	11037	386	9261430657	12031	4476	0	0	8168	0	0	81	81	126
22.304278	208	10973	11037	387	9264262530	12036	4477	0	0	8173	0	0	81	81	127
22.311052	208	10973	11037	387	9267473794	12039	4479	0	0	8174	0	0	81	81	123
22.316736	208	10973	11037	387	9270095234	12042	4480	0	0	8177	0	0	81	81	126
22.331884	208	10973	11037	387	9276976514	12056	4485	0	0	8188	0	0	81	81	127
22.339340	208	10973	11037	387	9280449922	12060	4485	0	0	8192	0	0	81	81	127
22.345313	208	10973	11037	387	9283267970	12062	4486	0	0	8194	0	0	81	81	126
22.353855	208	10973	11037	387	9287200130	12068	4487	0	0	8199	0	0	81	81	127
22.366760	208	10973	11037	388	9293112195	12073	4490	0	0	8203	0	0	81	81	125
22.379076	208	10973	11037	388	9298944899	12081	4490	0	0	8211	0	0	81	81	127
22.393538	208	10973	11037	388	9304646531	12085	4490	0	0	8215	0	0	81	81	127
22.407722	208	10973	11037	388	9311265667	12098	4495	0	0	8223	0	0	81	81	127
22.413611	208	10973	11037	389	9313704324	12099	4495	0	0	8224	0	0	81	81	127
22.423721	208	10973	11037	389	9318357380	12110	4501	0	0	8229	0	0	81	81	126
22.437146	208	10973	11037	389	9324714372	12119	4501	0	0	8238	0	0	81	81	127
22.451237	208	10973	11037	389	9330940292	12128	4505	0	0	8244	0	0	81	81	126
22.460691	208	10973	11037	389	9335134596	12131	4507	0	0	8245	0	0	81	81	127
22.468114	208	10973	11037	390	9338294149	12136	4507	0	0	8250	0	0	81	81	127
22.479432	208	10973	11037	390	9343537029	12139	4508	0	0	8252	0	0	81	81	126
22.488908	208	10973	11037	390	9347862405	12145	4508	0	0	8257	0	0	81	81	127
22.502899	208	10973	11037	390	9354022789	12152	4510	0	0	8262	0	0	81	81	126
22.517044	208	10973	11037	391	9360065926	12162	4511	0	0	8271	0	0	81	81	127
22.528278	208	10973	11037	391	9365505414	12166	4514	0	0	8272	0	0	81	81	119
22.540934	208	10973	11037	391	9371469190	12173	4516	0	0	8277	0	0	81	81	127
22.552244	208	10973	11037	391	9376908678	12180	4517	0	0	8283	0	0	81	81	127
22.562000	208	10973	11037	391	9381627270	12181	4518	0	0	8283	0	0	81	81	124
22.575717	208	10973	11037	392	9388129159	12182	4518	0	0	8284	0	0	81	81	127
22.584581	208	10973	11037	392	9392454535	12184	4520	0	0	8284	0	0	81	81	125
22.595207	208	10973	11037	392	9397369735	12191	4523	0	0	8289	0	0	81	81	127
22.601056	208	10973	11037	392	9400122247	12195	4523	0	0	8293	0	0	81	81	127
22.609921	208	10973	11037	392	9404251015	12202	4526	0	0	8297	0	0	81	81	121
22.618805	208	10973	11037	393	9408065928	12204	4528	0	0	8298	0	0	81	81	127
22.630553	208	10973	11037	393	9413570952	12210	4530	0	0	8303	0	0	81	81	125
22.640092	208	10973	11037	393	9418158472	12215	4531	0	0	8306	0	0	81	81	127
22.653880	208	10973	11037	393	9423401352	12223	4533	0	0	8312	0	0	81	81	127
22.664599	208	10973	11037	393	9428578696	12231	4534	0	0	8318	0	0	81	81	123
22.677389	208	10973	11037	394	9434359689	12239	4539	0	0	8323	0	0	81	81	126
22.687282	208	10973	11037	394	9438947209	12247	4544	0	0	8326	0	0	81	81	126
22.698098	208	10973	11037	394	9443993481	12256	4546	0	0	8333	0	0	81	81	127
22.708685	208	10973	11037	394	9449039753	12262	4549	0	0	8336	0	0	81	81	127
22.723163	208	10973	11037	394	9455921033	12270	4555	0	0	8339	0	0	81	81	127
22.728794	208	10973	11037	395	9458228618	12273	4555	0	0	8342	0	0	81	81	126
22.737999	208	10973	11037	395	9462685066	12278	4559	0	0	8343	0	0	81	81	126
22.743234	208	10973	11037	395	9465175434	12280	4560	0	0	8344	0	0	81	81	127
22.752690	208	10973	11037	395	9469500810	12290	4562	0	0	8352	0	0	81	81	127
22.763380	208	10973	11037	395	9474350474	12302	4568	0	0	8358	0	0	81	81	126
22.776523	208	10973	11037	396	9480262539	12311	4570	0	0	8366	0	0	81	81	127
22.782967	208	10973	11037	396	9483342731	12314	4570	0	0	8369	0	0	81	81	125
22.791431	208	10973	11037	396	9487340427	12319	4571	0	0	8373	0	0	81	81	126
22.800061	208	10973	11037	396	9490682763	12322	4571	0	0	8375	0	0	81	81	127
22.811698	208	10973	11037	396	9494418315	12332	4575	0	0	8384	0	0	81	81	127
22.824882	208	10973	11037	396	9500644235	12342	4578	0	0	8391	0	0	81	81	125
22.834039	208	10973	11037	397	9504655756	12349	4583	0	0	8394	0	0	81	81	127
22.848876	208	10973	11037	397	9511864716	12354	4583	0	0	8399	0	0	81	81	125
22.861483	208	10973	11037	397	9517697420	12365	4587	0	0	8407	0	0	81	81	127
22.872944	208	10973	11037	397	9523202444	12373	4591	0	0	8411	0	0	81	81	125
22.880546	208	10973	11037	397	9526675852	12377	4592	0	0	8414	0	0	81	81	127
22.888209	208	10973	11037	398	9529966477	12383	4593	0	0	8420	0	0	81	81	127
22.898958	208	10973	11037	398	9534881677	12391	4596	0	0	8425	0	0	81	81	127
22.904600	208	10973	11037	398	9537568653	12394	4598	0	0	8427	0	0	81	81	127
22.912508	208	10973	11037	398	9541173133	12401	4600	0	0	8433	0	0	81	81	127
22.918861	208	10973	11037	398	9544122253	12406	4603	0	0	8436	0	0	81	81	127
22.924837	208	10973	11037	398	9546809229	12410	4605	0	0	8438	0	0	81	81	126
22.931515	208	10973	11037	398	9550151565	12411	4605	0	0	8439	0	0	81	81	125
22.937361	208	10973	11037	399	9552655758	12413	4605	0	0	8441	0	0	81	81	127
22.944966	208	10973	11037	399	9556194702	12417	4606	0	0	8444	0	0	81	81	120
22.957040	208	10973	11037	399	9561830798	12421	4608	0	0	8447	0	0	81	81	127
22.971082	208	10973	11037	399	9567597966	12429	4613	0	0	8452	0	0	81	81	127
22.977670	208	10973	11037	399	9570416014	12433	4615	0	0	8455	0	0	81	81	126
22.984646	208	10973	11037	399	9573496206	12435	4616	0	0	8456	0	0	81	81	124
22.994562	208	10973	11037	400	9577311119	12443	4620	0	0	8463	0	0	81	81	127
23.004358	208	10973	11037	400	9581374351	12448	4622	0	0	8467	0	0	81	81	125
23.015561	208	10973	11037	400	9586224015	12451	4623	0	0	8469	0	0	81	81	127
23.025414	208	10973	11037	400	9590483855	12456	4624	0	0	8473	0	0	81	81	127
23.038350	208	10973	11037	400	9596316559	12462	4627	0	0	8478	0	0	81	81	124
23.048599	208	10973	11037	401	9600721296	12471	4631	0	0	8483	0	0	81	81	127
23.059451	208	10973	11037	401	9605767568	12475	4634	0	0	8485	0	0	81	81	126
23.072393	208	10973	11037	401	9611534736	12483	4636	0	0	8490	0	0	81	81	127
23.081362	208	10973	11037	401	9615729040	12488	4637	0	0	8495	0	0	81	81	127
23.095024	208	10973	11037	401	9622282640	12494	4642	0	0	8498	0	0	81	81	124
23.104062	208	10973	11037	402	9626228625	12499	4645	0	0	8501	0	0	81	81	127
23.118774	208	10973	11037	402	9633175441	12510	4650	0	0	8508	0	0	81	81	127
23.124098	208	10973	11037	402	9635731345	12513	4652	0	0	8509	0	0	81	81	127
23.132949	208	10973	11037	402	9639794577	12514	4652	0	0	8510	0	0	81	81	127
23.140075	208	10973	11037	402	9643202449	12517	4653	0	0	8512	0	0	81	81	126
23.148602	208	10973	11037	402	9647069073	12518	4653	0	0	8513	0	0	81	81	125
23.155775	208	10973	11037	403	9650163090	12525	4655	0	0	8518	0	0	81	81	126
23.166030	208	10973	11037	403	9655078290	12528	4658	0	0	8519	0	0	81	81	127
23.175670	208	10973	11037	403	9659534738	12533	4661	0	0	8522	0	0	81	81	127
23.184016	208	10973	11037	403	9663401362	12539	4663	0	0	8527	0	0	81	81	127
23.195290	208	10973	11037	403	9668644242	12545	4665	0	0	8531	0	0	81	81	124
23.205483	208	10973	11037	404	9673180051	12552	4666	0	0	8537	0	0	81	81	127
23.211783	208	10973	11037	404	9675998099	12555	4668	0	0	8539	0	0	81	81	126
23.225964	208	10973	11037	404	9682813843	12562	4669	0	0	8545	0	0	81	81	127
23.236475	208	10973	11037	404	9687794579	12567	4670	0	0	8550	0	0	81	81	127
23.248085	208	10973	11037	404	9692054419	12570	4672	0	0	8551	0	0	81	81	126
23.253580	208	10973	11037	404	9694479251	12573	4673	0	0	8553	0	0	81	81	126
23.265434	208	10973	11037	405	9699932564	12579	4675	0	0	8558	0	0	81	81	124
23.279800	208	10973	11037	405	9705109908	12585	4677	0	0	8562	0	0	81	81	127
23.292789	208	10973	11037	405	9711335828	12592	4679	0	0	8567	0	0	81	81	127
23.298512	208	10973	11037	405	9714088340	12594	4679	0	0	8569	0	0	81	81	127
23.307917	208	10973	11037	405	9718282644	12600	4682	0	0	8572	0	0	81	81	123
23.314828	208	10973	11037	406	9721180053	12605	4684	0	0	8576	0	0	81	81	127
23.327887	208	10973	11037	406	9727274901	12614	4691	0	0	8580	0	0	81	81	127
23.340783	208	10973	11037	406	9733304213	12623	4692	0	0	8588	0	0	81	81	127
23.346047	208	10973	11037	406	9735794581	12625	4693	0	0	8589	0	0	81	81	127
23.356337	208	10973	11037	406	9740709781	12630	4695	0	0	8592	0	0	81	81	126
23.361593	208	10973	11037	406	9743134613	12634	4699	0	0	8592	0	0	81	81	126
23.368623	208	10973	11037	407	9746163094	12636	4699	0	0	8594	0	0	81	81	126
23.381626	208	10973	11037	407	9752454550	12640	4700	0	0	8597	0	0	81	81	127
23.393792	208	10973	11037	407	9757894038	12656	4708	0	0	8607	0	0	81	81	127
23.404297	208	10973	11037	407	9763005846	12659	4709	0	0	8609	0	0	81	81	126
23.417783	208	10973	11037	408	9768983447	12668	4713	0	0	8614	0	0	81	81	127
23.428683	208	10973	11037	408	9774095255	12674	4715	0	0	8618	0	0	81	81	126
23.438172	208	10973	11037	408	9778420631	12684	4717	0	0	8626	0	0	81	81	127
23.450945	208	10973	11037	408	9784449943	12691	4720	0	0	8630	0	0	81	81	127
23.461409	208	10973	11037	408	9789496215	12694	4721	0	0	8632	0	0	81	81	119
23.474302	208	10973	11037	409	9795080600	12703	4723	0	0	8638	0	0	81	81	126
23.482126	208	10973	11037	409	9798554008	12708	4726	0	0	8639	0	0	81	81	126
23.494810	208	10973	11037	409	9804386712	12715	4726	0	0	8646	0	0	81	81	127
23.505687	208	10973	11037	409	9809105304	12721	4726	0	0	8652	0	0	81	81	127
23.517902	208	10973	11037	409	9813496216	12724	4729	0	0	8654	0	0	81	81	125
23.526207	208	10973	11037	410	9817245593	12728	4730	0	0	8658	0	0	81	81	127
23.535164	208	10973	11037	410	9821177753	12733	4734	0	0	8660	0	0	81	81	126
23.541903	208	10973	11037	410	9824389017	12737	4736	0	0	8663	0	0	81	81	127
23.551392	208	10973	11037	410	9828517785	12746	4738	0	0	8670	0	0	81	81	127
23.560300	208	10973	11037	410	9832515481	12751	4740	0	0	8673	0	0	81	81	127
23.572797	208	10973	11037	410	9838086041	12756	4742	0	0	8677	0	0	81	81	125
23.579461	208	10973	11037	411	9840786842	12761	4744	0	0	8679	0	0	81	81	127
23.588235	208	10973	11037	411	9843932570	12762	4744	0	0	8679	0	0	81	81	120
23.600867	208	10973	11037	411	9849634202	12768	4746	0	0	8684	0	0	81	81	127
23.615909	208	10973	11037	411	9856318874	12779	4749	0	0	8692	0	0	81	81	127
23.629557	208	10973	11037	411	9862610330	12782	4750	0	0	8694	0	0	81	81	120
23.635773	208	10973	11037	412	9865114523	12786	4751	0	0	8697	0	0	81	81	127
23.649168	208	10973	11037	412	9871209371	12796	4757	0	0	8702	0	0	81	81	127
23.656941	208	10973	11037	412	9874748315	12805	4762	0	0	8706	0	0	81	81	127
23.667673	208	10973	11037	412	9879532443	12812	4764	0	0	8712	0	0	81	81	127
23.681163	208	10973	11037	412	9885889435	12818	4769	0	0	8715	0	0	81	81	126
23.690487	208	10973	11037	413	9890032028	12821	4769	0	0	8718	0	0	81	81	127
23.703218	208	10973	11037	413	9896126876	12829	4773	0	0	8722	0	0	81	81	127
23.710866	208	10973	11037	413	9898813852	12833	4773	0	0	8725	0	0	81	81	127
23.720237	208	10973	11037	413	9902614940	12838	4775	0	0	8729	0	0	81	81	127
23.726680	208	10973	11037	413	9904646556	12842	4778	0	0	8731	0	0	81	81	127
23.732750	208	10973	11037	413	9906940316	12844	4779	0	0	8732	0	0	81	81	126
23.746821	208	10973	11037	414	9912590237	12851	4781	0	0	8737	0	0	81	81	127
23.755589	208	10973	11037	414	9916260253	12854	4783	0	0	8739	0	0	81	81	124
23.769060	208	10973	11037	414	9922617245	12863	4784	0	0	8748	0	0	81	81	127
23.783779	208	10973	11037	414	9929432989	12872	4788	0	0	8756	0	0	81	81	127
23.790500	208	10973	11037	414	9932709789	12875	4791	0	0	8756	0	0	81	81	123
23.798163	208	10973	11037	415	9936065950	12877	4792	0	0	8758	0	0	81	81	127
23.813187	208	10973	11037	415	9942554014	12887	4798	0	0	8762	0	0	81	81	126
23.819238	208	10973	11037	415	9945306526	12892	4801	0	0	8764	0	0	81	81	127
23.828347	208	10973	11037	415	9949697438	12896	4804	0	0	8766	0	0	81	81	127
23.840486	208	10973	11037	415	9955399070	12907	4807	0	0	8774	0	0	81	81	125
23.849199	208	10973	11037	415	9959462302	12913	4810	0	0	8777	0	0	81	81	127
23.856062	208	10973	11037	416	9962425247	12918	4811	0	0	8781	0	0	81	81	126
23.863847	208	10973	11037	416	9966095263	12922	4814	0	0	8784	0	0	81	81	125
23.878908	208	10973	11037	416	9972976543	12934	4820	0	0	8791	0	0	81	81	127
23.888115	208	10973	11037	416	9977301919	12943	4823	0	0	8798	0	0	81	81	127
23.902850	208	10973	11037	417	9984000416	12952	4829	0	0	8802	0	0	81	81	127
23.917073	208	10973	11037	417	9989046688	12959	4833	0	0	8805	0	0	81	81	125
23.922424	208	10973	11037	417	9991405984	12967	4835	0	0	8810	0	0	81	81	127
23.931689	208	10973	11037	417	9994682784	12973	4836	0	0	8816	0	0	81	81	127
23.945550	208	10973	11037	417	10001367456	12976	4838	0	0	8817	0	0	81	81	127
23.959681	208	10973	11037	418	10008000417	12977	4839	0	0	8817	0	0	81	81	124
23.968232	208	10973	11037	418	10011932577	12981	4841	0	0	8820	0	0	81	81	125
23.981490	208	10973	11037	418	10018289569	12986	4843	0	0	8823	0	0	81	81	127
23.987272	208	10973	11037	418	10021042081	12988	4845	0	0	8823	0	0	81	81	127
23.992739	208	10973	11037	418	10023597985	12990	4845	0	0	8825	0	0	81	81	127
24.003262	208	10973	11037	418	10028513185	12994	4847	0	0	8827	0	0	81	81	126
24.017233	208	10973	11037	419	10034359714	13009	4857	0	0	8835	0	0	81	81	126
24.024144	208	10973	11037	419	10037636514	13011	4859	0	0	8835	0	0	81	81	125
24.035512	208	10973	11037	419	10042879394	13018	4861	0	0	8841	0	0	81	81	127
24.048204	208	10973	11037	419	10048777634	13024	4864	0	0	8845	0	0	81	81	127
24.056233	208	10973	11037	419	10052775330	13025	4865	0	0	8846	0	0	81	81	127
24.062643	208	10973	11037	419	10055658914	13032	4868	0	0	8849	0	0	81	81	127
24.070125	208	10973	11037	420	10058687395	13043	4873	0	0	8859	0	0	81	81	125
24.084344	208	10973	11037	420	10065372067	13054	4878	0	0	8865	0	0	81	81	127
24.096042	208	10973	11037	420	10070811555	13063	4881	0	0	8871	0	0	81	81	127
24.108449	208	10973	11037	420	10076709795	13070	4885	0	0	8875	0	0	81	81	123
24.119958	208	10973	11037	421	10081966500	13076	4888	0	0	8878	0	0	81	81	126
24.133846	208	10973	11037	421	10088520100	13081	4891	0	0	8880	0	0	81	81	127
24.142505	208	10973	11037	421	10092517796	13088	4895	0	0	8884	0	0	81	81	127
24.151308	208	10973	11037	421	10096712100	13093	4896	0	0	8888	0	0	81	81	127
24.161008	208	10973	11037	421	10101168548	13097	4899	0	0	8889	0	0	81	81	125
24.170944	208	10973	11037	422	10105180069	13102	4902	0	0	8891	0	0	81	81	127
24.182095	208	10973	11037	422	10110357413	13106	4906	0	0	8892	0	0	81	81	125
24.191935	208	10973	11037	422	10114944933	13115	4910	0	0	8899	0	0	81	81	127
24.206840	208	10973	11037	422	10121957285	13124	4911	0	0	8908	0	0	81	81	127
24.213962	208	10973	11037	422	10125299621	13127	4914	0	0	8908	0	0	81	81	125
24.225277	208	10973	11037	423	10129180070	13130	4915	0	0	8910	0	0	81	81	127
24.231098	208	10973	11037	423	10131670438	13134	4918	0	0	8912	0	0	81	81	123
24.238341	208	10973	11037	423	10135078310	13138	4918	0	0	8916	0	0	81	81	126
24.243605	208	10973	11037	423	10137634214	13140	4919	0	0	8917	0	0	81	81	127
24.254476	208	10973	11037	423	10142680486	13145	4922	0	0	8921	0	0	81	81	127
24.261056	208	10973	11037	423	10145564070	13151	4924	0	0	8926	0	0	81	81	127
24.275619	208	10973	11037	424	10152393639	13157	4928	0	0	8928	0	0	81	81	127
24.284970	208	10973	11037	424	10156653479	13164	4931	0	0	8932	0	0	81	81	122
24.290676	208	10973	11037	424	10159209383	13170	4934	0	0	8936	0	0	81	81	127
24.296957	208	10973	11037	424	10161961895	13176	4935	0	0	8941	0	0	81	81	127
24.307700	208	10973	11037	424	10167073703	13183	4941	0	0	8944	0	0	81	81	127
24.320063	208	10973	11037	424	10172971943	13189	4941	0	0	8950	0	0	81	81	125
24.333608	208	10973	11037	425	10179015080	13195	4944	0	0	8953	0	0	81	81	125
24.339889	208	10973	11037	425	10181898664	13198	4946	0	0	8954	0	0	81	81	126
24.351796	208	10973	11037	425	10187665832	13203	4947	0	0	8958	0	0	81	81	127
24.363210	208	10973	11037	425	10193170856	13211	4947	0	0	8966	0	0	81	81	127
24.370201	208	10973	11037	425	10196513192	13214	4949	0	0	8967	0	0	81	81	120
24.378247	208	10973	11037	426	10200000425	13221	4953	0	0	8972	0	0	81	81	127
24.389739	208	10973	11037	426	10205374377	13226	4955	0	0	8975	0	0	81	81	124
24.395992	208	10973	11037	426	10208323497	13231	4957	0	0	8979	0	0	81	81	127
24.409424	208	10973	11037	426	10214483881	13244	4963	0	0	8990	0	0	81	81	127
24.416125	208	10973	11037	426	10217564073	13247	4964	0	0	8993	0	0	81	81	127
24.429501	208	10973	11037	426	10223789993	13254	4967	0	0	8998	0	0	81	81	127
24.438689	208	10973	11037	427	10227998122	13257	4969	0	0	9001	0	0	81	81	126
24.451550	208	10973	11037	427	10234027434	13260	4969	0	0	9004	0	0	81	81	127
24.463710	208	10973	11037	427	10239663530	13269	4971	0	0	9011	0	0	81	81	127
24.471238	208	10973	11037	427	10243333546	13273	4973	0	0	9013	0	0	81	81	125
24.476853	208	10973	11037	427	10245889450	13278	4977	0	0	9014	0	0	81	81	126
24.482332	208	10973	11037	427	10247855530	13280	4978	0	0	9015	0	0	81	81	127
24.494692	208	10973	11037	428	10253374379	13288	4981	0	0	9020	0	0	81	81	125
24.509430	208	10973	11037	428	10260124587	13299	4987	0	0	9027	0	0	81	81	127
24.523752	208	10973	11037	428	10266743723	13309	4990	0	0	9035	0	0	81	81	126
24.536081	208	10973	11037	428	10271921067	13318	4995	0	0	9041	0	0	81	81	127
24.542705	208	10973	11037	429	10274687404	13322	4996	0	0	9044	0	0	81	81	125
24.551995	208	10973	11037	429	10278881708	13325	4998	0	0	9045	0	0	81	81	126
24.566795	208	10973	11037	429	10284976556	13335	5003	0	0	9052	0	0	81	81	127
24.578203	208	10973	11037	429	10289760684	13339	5005	0	0	9054	0	0	81	81	126
24.586390	208	10973	11037	429	10293299628	13344	5007	0	0	9057	0	0	81	81	125
24.595778	208	10973	11037	430	10297442221	13348	5008	0	0	9060	0	0	81	81	127
24.610797	208	10973	11037	430	10304257965	13361	5011	0	0	9073	0	0	81	81	127
24.616601	208	10973	11037	430	10306944941	13363	5012	0	0	9074	0	0	81	81	127
24.625619	208	10973	11037	430	10311008173	13370	5015	0	0	9078	0	0	81	81	127
24.639376	208	10973	11037	430	10316119981	13374	5015	0	0	9082	0	0	81	81	125
24.645491	208	10973	11037	430	10319200173	13374	5015	0	0	9082	0	0	81	81	125
24.657003	208	10973	11037	431	10324391342	13380	5018	0	0	9085	0	0	81	81	125
24.663063	208	10973	11037	431	10327209390	13384	5019	0	0	9088	0	0	81	81	127
24.670406	208	10973	11037	431	10330617262	13386	5019	0	0	9090	0	0	81	81	127
24.682803	208	10973	11037	431	10336449966	13398	5023	0	0	9100	0	0	81	81	127
24.691380	208	10973	11037	431	10340447662	13402	5024	0	0	9103	0	0	81	81	126
24.703959	208	10973	11037	432	10345507759	13411	5027	0	0	9111	0	0	81	81	127
24.712788	208	10973	11037	432	10349767599	13417	5032	0	0	9112	0	0	81	81	126
24.721445	208	10973	11037	432	10353634223	13426	5039	0	0	9119	0	0	81	81	127
24.728219	208	10973	11037	432	10356911023	13431	5040	0	0	9122	0	0	81	81	127
24.734271	208	10973	11037	432	10359335855	13437	5043	0	0	9129	0	0	81	81	127
24.743877	208	10973	11037	432	10363923375	13444	5047	0	0	9133	0	0	81	81	125
24.753980	208	10973	11037	433	10368655792	13446	5048	0	0	9134	0	0	81	81	126
24.767301	208	10973	11037	433	10375078320	13450	5051	0	0	9135	0	0	81	81	126
24.777920	208	10973	11037	433	10379141552	13457	5054	0	0	9141	0	0	81	81	127
24.791749	208	10973	11037	433	10385629616	13471	5061	0	0	9150	0	0	81	81	127
24.799458	208	10973	11037	433	10389103024	13473	5061	0	0	9152	0	0	81	81	126
24.805364	208	10973	11037	433	10391855536	13478	5061	0	0	9157	0	0	81	81	127
24.815991	208	10973	11037	434	10396129201	13489	5068	0	0	9161	0	0	81	81	122
24.824996	208	10973	11037	434	10400389041	13492	5068	0	0	9164	0	0	81	81	127
24.832280	208	10973	11037	434	10403534769	13503	5074	0	0	9169	0	0	81	81	127
24.838084	208	10973	11037	434	10406287281	13505	5076	0	0	9171	0	0	81	81	127
24.846221	208	10973	11037	434	10409629617	13509	5078	0	0	9173	0	0	81	81	126
24.856193	208	10973	11037	434	10414348209	13513	5081	0	0	9175	0	0	81	81	126
24.868545	208	10973	11037	435	10419867058	13523	5085	0	0	9181	0	0	81	81	122
24.879507	208	10973	11037	435	10423864754	13529	5086	0	0	9186	0	0	81	81	127
24.893298	208	10973	11037	435	10430352818	13535	5087	0	0	9191	0	0	81	81	127
24.903449	208	10973	11037	435	10435202482	13540	5090	0	0	9195	0	0	81	81	125
24.917993	208	10973	11037	436	10441900979	13544	5091	0	0	9199	0	0	81	81	127
24.927578	208	10973	11037	436	10446488499	13549	5092	0	0	9202	0	0	81	81	125
24.933826	208	10973	11037	436	10449109939	13556	5094	0	0	9207	0	0	81	81	127
24.942975	208	10973	11037	436	10453435315	13564	5096	0	0	9214	0	0	81	81	127
24.950766	208	10973	11037	436	10456974259	13573	5098	0	0	9221	0	0	81	81	127
24.956215	208	10973	11037	436	10459595699	13575	5100	0	0	9222	0	0	81	81	126
24.964290	208	10973	11037	436	10463462323	13577	5102	0	0	9222	0	0	81	81	126
24.978431	208	10973	11037	437	10469964212	13585	5107	0	0	9226	0	0	81	81	126
24.984439	208	10973	11037	437	10472651188	13590	5107	0	0	9231	0	0	81	81	127
24.990948	208	10973	11037	437	10475796916	13591	5108	0	0	9231	0	0	81	81	127
24.998487	208	10973	11037	437	10478418356	13599	5112	0	0	9237	0	0	81	81	127
25.009444	208	10973	11037	437	10483726772	13603	5113	0	0	9240	0	0	81	81	125
25.023343	208	10973	11037	438	10490097589	13609	5116	0	0	9244	0	0	81	81	126
25.037677	208	10973	11037	438	10496192437	13620	5125	0	0	9249	0	0	81	81	127
25.048932	208	10973	11037	438	10501304245	13627	5126	0	0	9253	0	0	81	81	127
25.054974	208	10973	11037	438	10504056757	13631	5126	0	0	9259	0	0	81	81	127
25.066741	208	10973	11037	438	10508447669	13635	5129	0	0	9261	0	0	81	81	124
25.075702	208	10973	11037	439	10512328118	13638	5131	0	0	9263	0	0	81	81	126
25.087186	208	10973	11037	439	10517570998	13643	5133	0	0	9266	0	0	81	81	124
25.097799	208	10973	11037	439	10522617270	13646	5133	0	0	9269	0	0	81	81	127
25.103534	208	10973	11037	439	10525238710	13651	5134	0	0	9273	0	0	81	81	127
25.116609	208	10973	11037	439	10531399094	13659	5140	0	0	9277	0	0	81	81	126
25.122936	208	10973	11037	439	10534348214	13662	5142	0	0	9278	0	0	81	81	126
25.132664	208	10973	11037	440	10538556343	13669	5145	0	0	9283	0	0	81	81	126
25.143625	208	10973	11037	440	10543406007	13675	5148	0	0	9286	0	0	81	81	126
25.150824	208	10973	11037	440	10546682807	13682	5152	0	0	9292	0	0	81	81	127
25.158455	208	10973	11037	440	10550352823	13683	5152	0	0	9293	0	0	81	81	127
25.165958	208	10973	11037	440	10553695159	13692	5156	0	0	9298	0	0	81	81	126
25.180315	208	10973	11037	441	10560459192	13693	5156	0	0	9299	0	0	81	81	127
25.192486	208	10973	11037	441	10566291896	13699	5159	0	0	9303	0	0	81	81	126
25.201821	208	10973	11037	441	10570617272	13707	5163	0	0	9308	0	0	81	81	127
25.214868	208	10973	11037	441	10576777656	13716	5166	0	0	9314	0	0	81	81	127
25.223589	208	10973	11037	441	10580906424	13723	5167	0	0	9320	0	0	81	81	124
25.233742	208	10973	11037	442	10585442233	13727	5169	0	0	9322	0	0	81	81	127
25.239220	208	10973	11037	442	10588129209	13729	5170	0	0	9324	0	0	81	81	125
25.246651	208	10973	11037	442	10591471545	13733	5171	0	0	9327	0	0	81	81	127
25.251831	208	10973	11037	442	10593961913	13736	5172	0	0	9330	0	0	81	81	127
25.265688	208	10973	11037	442	10600187833	13743	5173	0	0	9336	0	0	81	81	127
25.271943	208	10973	11037	442	10603268025	13744	5174	0	0	9336	0	0	81	81	126
25.279209	208	10973	11037	442	10606086073	13748	5176	0	0	9338	0	0	81	81	126
25.292603	208	10973	11037	443	10612129210	13757	5181	0	0	9345	0	0	81	81	126
25.302629	208	10973	11037	443	10616782266	13762	5183	0	0	9349	0	0	81	81	127
25.309334	208	10973	11037	443	10619927994	13769	5185	0	0	9356	0	0	81	81	127
25.317970	208	10973	11037	443	10624122298	13773	5186	0	0	9359	0	0	81	81	127
25.324228	208	10973	11037	443	10626940346	13776	5188	0	0	9361	0	0	81	81	126
25.332851	208	10973	11037	443	10631003578	13780	5189	0	0	9365	0	0	81	81	126
25.338918	208	10973	11037	444	10633507771	13783	5189	0	0	9367	0	0	81	81	127
25.346250	208	10973	11037	444	10637046715	13787	5191	0	0	9369	0	0	81	81	125
25.356166	208	10973	11037	444	10641634235	13790	5191	0	0	9372	0	0	81	81	127
25.364858	208	10973	11037	444	10645763003	13795	5191	0	0	9377	0	0	81	81	127
25.373833	208	10973	11037	444	10649760699	13803	5193	0	0	9383	0	0	81	81	127
25.379936	208	10973	11037	444	10652447675	13811	5199	0	0	9386	0	0	81	81	122
25.387946	208	10973	11037	445	10656065980	13813	5201	0	0	9386	0	0	81	81	127
25.398948	208	10973	11037	445	10661177788	13819	5205	0	0	9388	0	0	81	81	125
25.406833	208	10973	11037	445	10664585660	13829	5211	0	0	9392	0	0	81	81	127
25.420681	208	10973	11037	445	10671204796	13835	5213	0	0	9396	0	0	81	81	127
25.427215	208	10973	11037	445	10674284988	13837	5213	0	0	9398	0	0	81	81	127
25.442217	208	10973	11037	446	10680721341	13846	5217	0	0	9406	0	0	81	81	127
25.454694	208	10973	11037	446	10686816189	13850	5218	0	0	9409	0	0	81	81	126
25.463637	208	10973	11037	446	10691010493	13856	5220	0	0	9413	0	0	81	81	127
25.475246	208	10973	11037	446	10695335869	13858	5220	0	0	9415	0	0	81	81	127
25.489612	208	10973	11037	446	10702217149	13866	5222	0	0	9421	0	0	81	81	126
25.498530	208	10973	11037	447	10706163134	13871	5223	0	0	9425	0	0	81	81	126
25.506943	208	10973	11037	447	10710095294	13875	5228	0	0	9426	0	0	81	81	126
25.518065	208	10973	11037	447	10715338174	13883	5228	0	0	9434	0	0	81	81	127
25.527313	208	10973	11037	447	10719663550	13887	5229	0	0	9437	0	0	81	81	127
25.541374	208	10973	11037	447	10726413758	13894	5233	0	0	9441	0	0	81	81	126
25.550951	208	10973	11037	448	10730752959	13900	5234	0	0	9446	0	0	81	81	126
25.558623	208	10973	11037	448	10734422975	13905	5238	0	0	9447	0	0	81	81	125
25.572594	208	10973	11037	448	10741107647	13913	5239	0	0	9454	0	0	81	81	127
25.586098	208	10973	11037	448	10747726783	13919	5242	0	0	9458	0	0	81	81	125
25.597911	208	10973	11037	449	10752000448	13924	5245	0	0	9459	0	0	81	81	126
25.607994	208	10973	11037	449	10756587968	13931	5248	0	0	9465	0	0	81	81	126
25.613224	208	10973	11037	449	10759078336	13934	5250	0	0	9468	0	0	81	81	126
25.618938	208	10973	11037	449	10761765312	13937	5252	0	0	9469	0	0	81	81	127
25.628662	208	10973	11037	449	10766483904	13942	5253	0	0	9473	0	0	81	81	127
25.640892	208	10973	11037	449	10772316608	13952	5259	0	0	9479	0	0	81	81	125
25.655334	208	10973	11037	450	10779080641	13959	5260	0	0	9485	0	0	81	81	126
25.664129	208	10973	11037	450	10783406017	13960	5261	0	0	9485	0	0	81	81	126
25.673939	208	10973	11037	450	10788059073	13966	5262	0	0	9490	0	0	81	81	127
25.687971	208	10973	11037	450	10793760705	13974	5263	0	0	9497	0	0	81	81	126
25.700473	208	10973	11037	450	10799265729	13984	5268	0	0	9504	0	0	81	81	127
25.707585	208	10973	11037	451	10802490818	13986	5268	0	0	9506	0	0	81	81	127
25.720817	208	10973	11037	451	10807602626	13991	5269	0	0	9510	0	0	81	81	126
25.728444	208	10973	11037	451	10811141570	13997	5270	0	0	9515	0	0	81	81	127
25.735494	208	10973	11037	451	10813697474	14000	5272	0	0	9517	0	0	81	81	127
25.744650	208	10973	11037	451	10818022850	14004	5274	0	0	9520	0	0	81	81	126
25.757025	208	10973	11037	451	10823986626	14011	5275	0	0	9526	0	0	81	81	128
25.763003	208	10973	11037	452	10826490819	14012	5276	0	0	9527	0	0	81	81	128
25.776653	208	10973	11037	452	10832847811	14017	5280	0	0	9528	0	0	81	81	127
25.789927	208	10973	11037	452	10838746051	14024	5284	0	0	9532	0	0	81	81	127
25.801310	208	10973	11037	452	10844316611	14028	5286	0	0	9535	0	0	81	81	116
25.815311	208	10973	11037	453	10850687428	14032	5287	0	0	9538	0	0	81	81	127
25.822895	208	10973	11037	453	10854226372	14034	5288	0	0	9539	0	0	81	81	124
25.836218	208	10973	11037	453	10860517828	14039	5290	0	0	9543	0	0	81	81	127
25.845180	208	10973	11037	453	10864777668	14044	5293	0	0	9545	0	0	81	81	126
25.860368	208	10973	11037	454	10872000453	14051	5296	0	0	9550	0	0	81	81	128
25.867081	208	10973	11037	454	10874949573	14057	5297	0	0	9556	0	0	81	81	126
25.873333	208	10973	11037	454	10878029765	14059	5298	0	0	9557	0	0	81	81	124
25.885899	208	10973	11037	454	10884124613	14065	5300	0	0	9561	0	0	81	81	127
25.898605	208	10973	11037	454	10890022853	14075	5302	0	0	9569	0	0	81	81	126
25.907948	208	10973	11037	454	10894151621	14083	5306	0	0	9575	0	0	81	81	127
25.913306	208	10973	11037	455	10896328134	14084	5306	0	0	9576	0	0	81	81	128
25.918884	208	10973	11037	455	10899015110	14085	5307	0	0	9577	0	0	81	81	127
25.924300	208	10973	11037	455	10901702086	14086	5307	0	0	9578	0	0	81	81	125
25.931472	208	10973	11037	455	10904978886	14092	5309	0	0	9582	0	0	81	81	127
25.946255	208	10973	11037	455	10911335878	14102	5313	0	0	9589	0	0	81	81	127
25.959235	208	10973	11037	455	10917561798	14103	5314	0	0	9589	0	0	81	81	126
25.966058	208	10973	11037	456	10920197063	14110	5316	0	0	9594	0	0	81	81	128
25.975698	208	10973	11037	456	10924391367	14117	5319	0	0	9599	0	0	81	81	126
25.986382	208	10973	11037	456	10929241031	14120	5322	0	0	9600	0	0	81	81	127
26.000254	208	10973	11037	456	10935401415	14135	5326	0	0	9611	0	0	81	81	127
26.014304	208	10973	11037	456	10941692871	14144	5329	0	0	9617	0	0	81	81	126
26.022609	208	10973	11037	457	10945245640	14152	5332	0	0	9621	0	0	81	81	127
26.033005	208	10973	11037	457	10950160840	14159	5334	0	0	9624	0	0	81	81	126
26.040188	208	10973	11037	457	10953503176	14160	5335	0	0	9626	0	0	81	81	126
26.053938	208	10973	11037	457	10960187848	14166	5337	0	0	9631	0	0	81	81	127
26.063882	208	10973	11037	457	10964971976	14170	5339	0	0	9632	0	0	81	81	122
26.078193	208	10973	11037	458	10971408329	14182	5344	0	0	9642	0	0	81	81	125
26.092068	208	10973	11037	458	10977634249	14189	5348	0	0	9647	0	0	81	81	127
26.106605	208	10973	11037	458	10983729097	14194	5350	0	0	9651	0	0	81	81	127
26.114363	208	10973	11037	458	10986416073	14200	5356	0	0	9653	0	0	81	81	126
26.126378	208	10973	11037	458	10991527881	14207	5359	0	0	9657	0	0	81	81	127
26.137932	208	10973	11037	459	10996063690	14215	5364	0	0	9661	0	0	81	81	125
26.145312	208	10973	11037	459	10999668170	14217	5366	0	0	9661	0	0	81	81	125
26.157093	208	10973	11037	459	11005369802	14223	5368	0	0	9665	0	0	81	81	127
26.162436	208	10973	11037	459	11007991242	14224	5368	0	0	9666	0	0	81	81	127
26.168555	208	10973	11037	459	11010874826	14226	5369	0	0	9667	0	0	81	81	125
26.175774	208	10973	11037	459	11014413770	14228	5371	0	0	9668	0	0	81	81	125
26.190477	208	10973	11037	460	11021177803	14235	5375	0	0	9672	0	0	81	81	124
26.203221	208	10973	11037	460	11027338187	14240	5378	0	0	9676	0	0	81	81	127
26.209026	208	10973	11037	460	11030025163	14243	5379	0	0	9679	0	0	81	81	127
26.215860	208	10973	11037	460	11033039819	14252	5380	0	0	9687	0	0	81	81	126
26.230685	208	10973	11037	461	11040000460	14264	5386	0	0	9694	0	0	81	81	128
26.236974	208	10973	11037	461	11042818508	14266	5386	0	0	9696	0	0	81	81	127
26.250473	208	10973	11037	461	11049175500	14277	5392	0	0	9700	0	0	81	81	127
26.258508	208	10973	11037	461	11052911052	14284	5395	0	0	9707	0	0	81	81	127
26.271621	208	10973	11037	461	11059136972	14290	5398	0	0	9710	0	0	81	81	126
26.280272	208	10973	11037	461	11062872524	14299	5403	0	0	9716	0	0	81	81	127
26.285718	208	10973	11037	462	11065311181	14300	5403	0	0	9717	0	0	81	81	127
26.296619	208	10973	11037	462	11070685133	14303	5404	0	0	9719	0	0	81	81	126
26.304966	208	10973	11037	462	11074617293	14311	5406	0	0	9725	0	0	81	81	127
26.313413	208	10973	11037	462	11078614989	14316	5407	0	0	9729	0	0	81	81	127
26.327851	208	10973	11037	462	11084971981	14320	5411	0	0	9729	0	0	81	81	125
26.333040	208	10973	11037	462	11087265741	14323	5413	0	0	9732	0	0	81	81	127
26.341506	208	10973	11037	463	11091015118	14327	5413	0	0	9736	0	0	81	81	127
26.351363	208	10973	11037	463	11095668174	14332	5417	0	0	9739	0	0	81	81	126
26.364413	208	10973	11037	463	11101697486	14345	5423	0	0	9748	0	0	81	81	127
26.375177	208	10973	11037	463	11106874830	14351	5427	0	0	9751	0	0	81	81	127
26.384708	208	10973	11037	463	11111462350	14355	5429	0	0	9753	0	0	81	81	127
26.391378	208	10973	11037	464	11114359759	14360	5431	0	0	9756	0	0	81	81	127
26.402483	208	10973	11037	464	11119733711	14364	5433	0	0	9759	0	0	81	81	125
26.410585	208	10973	11037	464	11123534799	14371	5436	0	0	9765	0	0	81	81	127
26.420868	208	10973	11037	464	11128581071	14375	5436	0	0	9769	0	0	81	81	127
26.428533	208	10973	11037	464	11132316623	14378	5438	0	0	9771	0	0	81	81	125
26.443591	208	10973	11037	465	11137704400	14388	5440	0	0	9780	0	0	81	81	127
26.451602	208	10973	11037	465	11141439952	14393	5443	0	0	9782	0	0	81	81	124
26.466392	208	10973	11037	465	11148321232	14402	5447	0	0	9788	0	0	81	81	127
26.471779	208	10973	11037	465	11150942672	14405	5448	0	0	9790	0	0	81	81	127
26.482566	208	10973	11037	465	11156120016	14409	5451	0	0	9791	0	0	81	81	123
26.496821	208	10973	11037	466	11162687441	14417	5453	0	0	9797	0	0	81	81	127
26.510881	208	10973	11037	466	11169175505	14428	5459	0	0	9803	0	0	81	81	127
26.518922	208	10973	11037	466	11172911057	14434	5459	0	0	9809	0	0	81	81	127
26.529822	208	10973	11037	466	11177957329	14443	5460	0	0	9817	0	0	81	81	126
26.540035	208	10973	11037	466	11182741457	14449	5465	0	0	9821	0	0	81	81	127
26.546582	208	10973	11037	467	11185442258	14452	5465	0	0	9824	0	0	81	81	128
26.552311	208	10973	11037	467	11188063698	14457	5468	0	0	9826	0	0	81	81	126
26.561951	208	10973	11037	467	11192782290	14458	5468	0	0	9827	0	0	81	81	127
26.568894	208	10973	11037	467	11196059090	14464	5469	0	0	9833	0	0	81	81	127
26.574589	208	10973	11037	467	11198746066	14469	5469	0	0	9837	0	0	81	81	127
26.585316	208	10973	11037	467	11203857874	14474	5474	0	0	9840	0	0	81	81	123
26.593946	208	10973	11037	467	11207855570	14483	5477	0	0	9846	0	0	81	81	128
26.602821	208	10973	11037	468	11211932627	14486	5478	0	0	9848	0	0	81	81	126
26.609818	208	10973	11037	468	11215274963	14489	5480	0	0	9849	0	0	81	81	126
26.621765	208	10973	11037	468	11220714451	14503	5486	0	0	9859	0	0	81	81	127
26.636699	208	10973	11037	468	11227923411	14510	5488	0	0	9864	0	0	81	81	124
26.642867	208	10973	11037	468	11230675923	14514	5489	0	0	9866	0	0	81	81	127
26.656683	208	10973	11037	469	11237046740	14523	5495	0	0	9870	0	0	81	81	123
26.667132	208	10973	11037	469	11241765332	14529	5498	0	0	9872	0	0	81	81	127
26.677804	208	10973	11037	469	11246614996	14534	5502	0	0	9877	0	0	81	81	127
26.689280	208	10973	11037	469	11252120020	14539	5505	0	0	9880	0	0	81	81	125
26.703305	208	10973	11037	470	11258425301	14546	5508	0	0	9885	0	0	81	81	127
26.711820	208	10973	11037	470	11262554069	14547	5509	0	0	9885	0	0	81	81	126
26.723506	208	10973	11037	470	11268059093	14553	5512	0	0	9889	0	0	81	81	127
26.730276	208	10973	11037	470	11271073749	14560	5515	0	0	9894	0	0	81	81	127
26.737598	208	10973	11037	470	11274547157	14564	5517	0	0	9898	0	0	81	81	125
26.752358	208	10973	11037	471	11281376726	14574	5521	0	0	9905	0	0	81	81	127
26.765157	208	10973	11037	471	11287537110	14578	5525	0	0	9905	0	0	81	81	120
26.772233	208	10973	11037	471	11290879446	14584	5527	0	0	9911	0	0	81	81	127
26.785031	208	10973	11037	471	11296712150	14597	5533	0	0	9921	0	0	81	81	127
26.795953	208	10973	11037	471	11301823958	14604	5538	0	0	9922	0	0	81	81	127
26.807842	208	10973	11037	472	11307015127	14613	5542	0	0	9929	0	0	81	81	126
26.813711	208	10973	11037	472	11309636567	14615	5544	0	0	9930	0	0	81	81	124
26.819272	208	10973	11037	472	11312192471	14617	5545	0	0	9931	0	0	81	81	126
26.833750	208	10973	11037	472	11318942679	14631	5549	0	0	9942	0	0	81	81	127
26.847732	208	10973	11037	472	11325430743	14641	5557	0	0	9949	0	0	81	81	125
26.854325	208	10973	11037	473	11328328152	14644	5558	0	0	9951	0	0	81	81	128
26.868625	208	10973	11037	473	11335143896	14652	5561	0	0	9956	0	0	81	81	126
26.882539	208	10973	11037	473	11341828568	14659	5565	0	0	9962	0	0	81	81	127
26.888094	208	10973	11037	473	11344450008	14664	5569	0	0	9963	0	0	81	81	127
26.902465	208	10973	11037	473	11351396824	14670	5571	0	0	9967	0	0	81	81	127
26.909488	208	10973	11037	474	11354425305	14674	5572	0	0	9971	0	0	81	81	127
26.915352	208	10973	11037	474	11357243353	14677	5574	0	0	9972	0	0	81	81	125
26.924471	208	10973	11037	474	11361568729	14682	5576	0	0	9976	0	0	81	81	127
26.934154	208	10973	11037	474	11366287321	14686	5577	0	0	9980	0	0	81	81	127
26.939433	208	10973	11037	474	11368843225	14688	5578	0	0	9981	0	0	81	81	126
26.947990	208	10973	11037	474	11373103065	14690	5578	0	0	9982	0	0	81	81	124
26.953141	208	10973	11037	474	11375593433	14691	5579	0	0	9983	0	0	81	81	127
26.960565	208	10973	11037	475	11378752986	14696	5579	0	0	9988	0	0	81	81	127
26.965738	208	10973	11037	475	11381112282	14700	5583	0	0	9988	0	0	81	81	123
26.980034	208	10973	11037	475	11387928026	14710	5588	0	0	9993	0	0	81	81	127
26.990191	208	10973	11037	475	11392777690	14716	5592	0	0	9999	0	0	81	81	127
27.002943	208	10973	11037	475	11398807002	14720	5594	0	0	10001	0	0	81	81	126
27.016520	208	10973	11037	476	11405112283	14726	5596	0	0	10005	0	0	81	81	125
27.024861	208	10973	11037	476	11409044443	14733	5599	0	0	10009	0	0	81	81	127
27.031696	208	10973	11037	476	11412190171	14737	5599	0	0	10013	0	0	81	81	127
27.042321	208	10973	11037	476	11417170907	14744	5601	0	0	10020	0	0	81	81	126
27.048182	208	10973	11037	476	11419923419	14747	5602	0	0	10022	0	0	81	81	125
27.058081	208	10973	11037	477	11424328156	14755	5606	0	0	10025	0	0	81	81	128
27.071251	208	10973	11037	477	11430750684	14762	5607	0	0	10031	0	0	81	81	126
27.079133	208	10973	11037	477	11434486236	14763	5607	0	0	10032	0	0	81	81	127
27.090628	208	10973	11037	477	11439925724	14771	5609	0	0	10040	0	0	81	81	127
27.102528	208	10973	11037	477	11445627356	14778	5611	0	0	10046	0	0	81	81	126
27.115052	208	10973	11037	478	11450097629	14786	5615	0	0	10051	0	0	81	81	127
27.125302	208	10973	11037	478	11454947293	14792	5619	0	0	10055	0	0	81	81	124
27.138557	208	10973	11037	478	11461107677	14800	5623	0	0	10060	0	0	81	81	127
27.148060	208	10973	11037	478	11465695197	14806	5626	0	0	10063	0	0	81	81	126
27.159481	208	10973	11037	478	11471069149	14815	5632	0	0	10067	0	0	81	81	127
27.172229	208	10973	11037	479	11476784606	14826	5636	0	0	10074	0	0	81	81	123
27.181775	208	10973	11037	479	11481372126	14829	5638	0	0	10075	0	0	81	81	127
27.189471	208	10973	11037	479	11484255710	14832	5641	0	0	10076	0	0	81	81	127
27.201929	208	10973	11037	479	11490285022	14837	5643	0	0	10080	0	0	81	81	126
27.213048	208	10973	11037	479	11495593438	14841	5645	0	0	10082	0	0	81	81	127
27.221114	208	10973	11037	480	11499211743	14847	5647	0	0	10086	0	0	81	81	126
27.234522	208	10973	11037	480	11505437663	14855	5654	0	0	10092	0	0	81	81	127
27.240036	208	10973	11037	480	11508059103	14856	5654	0	0	10093	0	0	81	81	127
27.251074	208	10973	11037	480	11513301983	14864	5655	0	0	10100	0	0	81	81	126
27.263542	208	10973	11037	480	11519200223	14874	5659	0	0	10106	0	0	81	81	127
27.275254	208	10973	11037	481	11524588000	14879	5660	0	0	10110	0	0	81	81	127
27.289597	208	10973	11037	481	11531403744	14888	5663	0	0	10116	0	0	81	81	127
27.296650	208	10973	11037	481	11534615008	14891	5664	0	0	10118	0	0	81	81	127
27.303325	208	10973	11037	481	11537826272	14893	5665	0	0	10120	0	0	81	81	127
27.317426	208	10973	11037	482	11544000481	14899	5669	0	0	10123	0	0	81	81	127
27.324821	208	10973	11037	482	11547408353	14901	5670	0	0	10124	0	0	81	81	127
27.333864	208	10973	11037	482	11551668193	14905	5672	0	0	10127	0	0	81	81	126
27.347532	208	10973	11037	482	11558025185	14915	5677	0	0	10133	0	0	81	81	127
27.359251	208	10973	11037	482	11563530209	14924	5682	0	0	10138	0	0	81	81	125
27.366798	208	10973	11037	482	11567265761	14926	5683	0	0	10139	0	0	81	81	127
27.380746	208	10973	11037	483	11573767650	14932	5688	0	0	10141	0	0	81	81	125
27.392764	208	10973	11037	483	11579600354	14939	5690	0	0	10146	0	0	81	81	127
27.404961	208	10973	11037	483	11585039842	14947	5692	0	0	10153	0	0	81	81	126
27.419809	208	10973	11037	484	11592000483	14953	5694	0	0	10157	0	0	81	81	128
27.430486	208	10973	11037	484	11597243363	14956	5696	0	0	10158	0	0	81	81	127
27.437305	208	10973	11037	484	11600520163	14958	5697	0	0	10159	0	0	81	81	127
27.452105	208	10973	11037	484	11607729123	14964	5700	0	0	10163	0	0	81	81	127
27.458269	208	10973	11037	484	11610612707	14967	5702	0	0	10165	0	0	81	81	125
27.469502	208	10973	11037	485	11616000484	14969	5703	0	0	10167	0	0	81	81	128
27.482447	208	10973	11037	485	11621767652	14976	5707	0	0	10171	0	0	81	81	125
27.493018	208	10973	11037	485	11626748388	14986	5712	0	0	10178	0	0	81	81	127
27.506842	208	10973	11037	485	11632974308	15001	5720	0	0	10189	0	0	81	81	127
27.521991	208	10973	11037	486	11640000485	15013	5727	0	0	10193	0	0	81	81	128
27.528672	208	10973	11037	486	11642556389	15014	5728	0	0	10194	0	0	81	81	127
27.541612	208	10973	11037	486	11648651237	15020	5732	0	0	10198	0	0	81	81	127
27.553586	208	10973	11037	486	11654352869	15029	5734	0	0	10206	0	0	81	81	127
27.568343	208	10973	11037	486	11661168613	15039	5741	0	0	10212	0	0	81	81	125
27.583338	208	10973	11037	487	11667867110	15053	5746	0	0	10224	0	0	81	81	126
27.596682	208	10973	11037	487	11674224102	15061	5750	0	0	10228	0	0	81	81	127
27.610774	208	10973	11037	487	11680908774	15069	5752	0	0	10235	0	0	81	81	126
27.618331	208	10973	11037	487	11684513254	15072	5753	0	0	10238	0	0	81	81	126
27.624883	208	10973	11037	487	11687462374	15077	5755	0	0	10243	0	0	81	81	127
27.639036	208	10973	11037	488	11692784615	15087	5762	0	0	10247	0	0	81	81	123
27.651367	208	10973	11037	488	11698224103	15092	5764	0	0	10251	0	0	81	81	127
27.659395	208	10973	11037	488	11701959655	15098	5767	0	0	10255	0	0	81	81	127
27.672285	208	10973	11037	488	11708185575	15103	5771	0	0	10256	0	0	81	81	124
27.687221	208	10973	11037	489	11713573352	15114	5778	0	0	10263	0	0	81	81	127
27.701119	208	10973	11037	489	11719995880	15126	5784	0	0	10269	0	0	81	81	126
27.711038	208	10973	11037	489	11724583400	15136	5786	0	0	10277	0	0	81	81	127
27.724245	208	10973	11037	489	11730809320	15147	5794	0	0	10284	0	0	81	81	126
27.738251	208	10973	11037	490	11737245673	15155	5796	0	0	10290	0	0	81	81	127
27.748600	208	10973	11037	490	11742291945	15158	5798	0	0	10291	0	0	81	81	125
27.760913	208	10973	11037	490	11747665897	15167	5800	0	0	10299	0	0	81	81	127
27.766608	208	10973	11037	490	11750352873	15169	5801	0	0	10300	0	0	81	81	127
27.775268	208	10973	11037	490	11754285033	15174	5801	0	0	10305	0	0	81	81	126
27.785053	208	10973	11037	490	11759003625	15177	5802	0	0	10307	0	0	81	81	127
27.796848	208	10973	11037	491	11763801578	15182	5804	0	0	10311	0	0	81	81	126
27.809981	208	10973	11037	491	11769175530	15189	5808	0	0	10315	0	0	81	81	127
27.816241	208	10973	11037	491	11771403754	15190	5808	0	0	10316	0	0	81	81	127
27.821857	208	10973	11037	491	11773566442	15192	5810	0	0	10316	0	0	81	81	127
27.836940	208	10973	11037	491	11780382186	15200	5811	0	0	10323	0	0	81	81	125
27.843562	208	10973	11037	491	11783396842	15202	5811	0	0	10324	0	0	81	81	127
27.856324	208	10973	11037	492	11788522475	15206	5814	0	0	10327	0	0	81	81	125
27.862290	208	10973	11037	492	11790947307	15207	5814	0	0	10328	0	0	81	81	126
27.873129	208	10973	11037	492	11796124651	15211	5814	0	0	10332	0	0	81	81	127
27.882197	208	10973	11037	492	11800253419	15218	5815	0	0	10339	0	0	81	81	127
27.892004	208	10973	11037	492	11804972011	15223	5816	0	0	10342	0	0	81	81	126
27.902248	208	10973	11037	493	11809311212	15226	5818	0	0	10345	0	0	81	81	127
27.908458	208	10973	11037	493	11812194796	15228	5819	0	0	10347	0	0	81	81	127
27.918584	208	10973	11037	493	11816126956	15235	5824	0	0	10350	0	0	81	81	127
27.931590	208	10973	11037	493	11822287340	15241	5826	0	0	10355	0	0	81	81	127
27.940908	208	10973	11037	493	11826809324	15247	5828	0	0	10359	0	0	81	81	126
27.947554	208	10973	11037	493	11829692908	15250	5831	0	0	10359	0	0	81	81	125
27.959035	208	10973	11037	494	11835080685	15253	5831	0	0	10362	0	0	81	81	127
27.966018	208	10973	11037	494	11838291949	15261	5834	0	0	10366	0	0	81	81	126
27.974641	208	10973	11037	494	11842486253	15266	5835	0	0	10370	0	0	81	81	127
27.985252	208	10973	11037	494	11846483949	15271	5837	0	0	10373	0	0	81	81	127
28.000100	208	10973	11037	494	11853496301	15277	5841	0	0	10376	0	0	81	81	126
28.008428	208	10973	11037	495	11857049070	15282	5842	0	0	10380	0	0	81	81	127
28.018941	208	10973	11037	495	11862029806	15289	5847	0	0	10382	0	0	81	81	125
28.031052	208	10973	11037	495	11867862510	15295	5847	0	0	10387	0	0	81	81	127
28.038491	208	10973	11037	495	11871270382	15300	5850	0	0	10391	0	0	81	81	127
28.051606	208	10973	11037	495	11875792366	15307	5854	0	0	10393	0	0	81	81	119
28.065143	208	10973	11037	496	11881901039	15317	5857	0	0	10401	0	0	81	81	127
28.079472	208	10973	11037	496	11888651247	15326	5860	0	0	10407	0	0	81	81	127
28.085545	208	10973	11037	496	11891469295	15328	5861	0	0	10409	0	0	81	81	127
28.098212	208	10973	11037	496	11897498607	15336	5864	0	0	10414	0	0	81	81	126
28.111591	208	10973	11037	496	11903724527	15343	5868	0	0	10418	0	0	81	81	127
28.123669	208	10973	11037	497	11909243376	15347	5870	0	0	10420	0	0	81	81	123
28.132725	208	10973	11037	497	11913306608	15355	5872	0	0	10424	0	0	81	81	127
28.145480	208	10973	11037	497	11919401456	15360	5876	0	0	10427	0	0	81	81	127
28.155166	208	10973	11037	497	11923923440	15364	5878	0	0	10429	0	0	81	81	126
28.169066	208	10973	11037	498	11930294257	15370	5880	0	0	10433	0	0	81	81	128
28.176854	208	10973	11037	498	11934095345	15372	5881	0	0	10434	0	0	81	81	125
28.185023	208	10973	11037	498	11938027505	15374	5882	0	0	10435	0	0	81	81	127
28.195958	208	10973	11037	498	11943204849	15383	5884	0	0	10443	0	0	81	81	127
28.207562	208	10973	11037	498	11948906481	15385	5885	0	0	10444	0	0	81	81	122
28.213204	208	10973	11037	498	11951396849	15392	5888	0	0	10449	0	0	81	81	127
28.223772	208	10973	11037	499	11956260338	15396	5890	0	0	10453	0	0	81	81	125
28.234052	208	10973	11037	499	11961110002	15402	5890	0	0	10459	0	0	81	81	127
28.246663	208	10973	11037	499	11966942706	15411	5892	0	0	10466	0	0	81	81	127
28.261270	208	10973	11037	499	11973758450	15423	5899	0	0	10472	0	0	81	81	126
28.273454	208	10973	11037	500	11979146227	15434	5904	0	0	10478	0	0	81	81	126
28.288403	208	10973	11037	500	11986158579	15444	5910	0	0	10482	0	0	81	81	127
28.301630	208	10973	11037	500	11992253427	15451	5913	0	0	10488	0	0	81	81	127
28.308832	208	10973	11037	500	11995530227	15455	5915	0	0	10490	0	0	81	81	121
28.315165	208	10973	11037	500	11998675955	15455	5915	0	0	10490	0	0	81	81	121
28.327576	208	10973	11037	501	12003867124	15460	5919	0	0	10492	0	0	81	81	126
28.334740	208	10973	11037	501	12007078388	15467	5923	0	0	10495	0	0	81	81	126
28.343283	208	10973	11037	501	12010682868	15471	5926	0	0	10496	0	0	81	81	127
28.355032	208	10973	11037	501	12015991284	15480	5929	0	0	10503	0	0	81	81	127
28.362767	208	10973	11037	501	12019464692	15484	5933	0	0	10504	0	0	81	81	126
28.374802	208	10973	11037	502	12024524789	15487	5935	0	0	10505	0	0	81	81	128
28.384963	208	10973	11037	502	12029308917	15491	5938	0	0	10507	0	0	81	81	123
28.399306	208	10973	11037	502	12035928053	15503	5943	0	0	10516	0	0	81	81	127
28.412806	208	10973	11037	502	12042088437	15513	5944	0	0	10525	0	0	81	81	126
28.420695	208	10973	11037	502	12045758453	15515	5946	0	0	10527	0	0	81	81	125
28.428533	208	10973	11037	503	12049311222	15517	5947	0	0	10528	0	0	81	81	128
28.434782	208	10973	11037	503	12052194806	15522	5948	0	0	10533	0	0	81	81	126
28.446574	208	10973	11037	503	12057896438	15526	5950	0	0	10535	0	0	81	81	127
28.458782	208	10973	11037	503	12063598070	15533	5953	0	0	10540	0	0	81	81	127
28.464513	208	10973	11037	503	12066153974	15538	5956	0	0	10543	0	0	81	81	126
28.475557	208	10973	11037	503	12071331318	15545	5958	0	0	10548	0	0	81	81	127
28.486456	208	10973	11037	504	12076260343	15550	5959	0	0	10552	0	0	81	81	125
28.501199	208	10973	11037	504	12082945015	15556	5960	0	0	10558	0	0	81	81	127
28.512676	208	10973	11037	504	12087794679	15560	5962	0	0	10562	0	0	81	81	127
28.521392	208	10973	11037	504	12091202551	15568	5967	0	0	10565	0	0	81	81	125
28.531154	208	10973	11037	504	12095396855	15571	5969	0	0	10566	0	0	81	81	126
28.541826	208	10973	11037	505	12099604984	15575	5971	0	0	10569	0	0	81	81	126
28.552915	208	10973	11037	505	12104192504	15578	5973	0	0	10570	0	0	81	81	126
28.563047	208	10973	11037	505	12108517880	15580	5974	0	0	10571	0	0	81	81	127
28.570550	208	10973	11037	505	12111729144	15585	5976	0	0	10574	0	0	81	81	127
28.585415	208	10973	11037	505	12118479352	15594	5978	0	0	10583	0	0	81	81	127
28.593609	208	10973	11037	506	12121704441	15597	5981	0	0	10585	0	0	81	81	128
28.603663	208	10973	11037	506	12126554105	15600	5984	0	0	10585	0	0	81	81	125
28.609939	208	10973	11037	506	12129241081	15603	5985	0	0	10587	0	0	81	81	127
28.621544	208	10973	11037	506	12134942713	15606	5987	0	0	10590	0	0	81	81	127
28.628349	208	10973	11037	506	12137957369	15611	5989	0	0	10594	0	0	81	81	126
28.639172	208	10973	11037	506	12143200249	15615	5989	0	0	10598	0	0	81	81	127
28.647141	208	10973	11037	507	12146687482	15618	5990	0	0	10601	0	0	81	81	127
28.654240	208	10973	11037	507	12150095354	15620	5992	0	0	10601	0	0	81	81	121
28.664669	208	10973	11037	507	12155010554	15629	5994	0	0	10609	0	0	81	81	127
28.676708	208	10973	11037	507	12160777722	15634	5998	0	0	10612	0	0	81	81	127
28.683850	208	10973	11037	507	12163988986	15642	6003	0	0	10615	0	0	81	81	125
28.690424	208	10973	11037	507	12166348282	15645	6003	0	0	10618	0	0	81	81	126
28.698459	208	10973	11037	508	12169966587	15651	6006	0	0	10623	0	0	81	81	127
28.704283	208	10973	11037	508	12172784635	15653	6008	0	0	10623	0	0	81	81	123
28.717621	208	10973	11037	508	12179010555	15661	6009	0	0	10631	0	0	81	81	127
28.723954	208	10973	11037	508	12182156283	15662	6009	0	0	10632	0	0	81	81	127
28.736700	208	10973	11037	508	12188120059	15671	6015	0	0	10637	0	0	81	81	124
28.747386	208	10973	11037	509	12192918012	15677	6017	0	0	10642	0	0	81	81	127
28.755463	208	10973	11037	509	12196850172	15678	6018	0	0	10642	0	0	81	81	123
28.763544	208	10973	11037	509	12200585724	15681	6019	0	0	10644	0	0	81	81	126
28.771377	208	10973	11037	509	12204321276	15684	6020	0	0	10647	0	0	81	81	127
28.786439	208	10973	11037	509	12211530236	15694	6025	0	0	10653	0	0	81	81	123
28.797786	208	10973	11037	510	12216393725	15698	6027	0	0	10657	0	0	81	81	127
28.803725	208	10973	11037	510	12219080701	15702	6029	0	0	10659	0	0	81	81	126
28.814307	208	10973	11037	510	12223995901	15704	6031	0	0	10660	0	0	81	81	126
28.823248	208	10973	11037	510	12228255741	15708	6033	0	0	10662	0	0	81	81	127
28.834347	208	10973	11037	510	12233433085	15715	6036	0	0	10666	0	0	81	81	126
28.846956	208	10973	11037	510	12239331325	15719	6038	0	0	10668	0	0	81	81	127
28.854672	208	10973	11037	511	12242753022	15723	6040	0	0	10670	0	0	81	81	127
28.869108	208	10973	11037	511	12249765374	15726	6043	0	0	10670	0	0	81	81	126
28.881620	208	10973	11037	511	12255532542	15732	6045	0	0	10674	0	0	81	81	127
28.891497	208	10973	11037	511	12260185598	15739	6048	0	0	10677	0	0	81	81	126
28.897049	208	10973	11037	511	12262544894	15745	6051	0	0	10682	0	0	81	81	127
28.909379	208	10973	11037	512	12267932671	15754	6054	0	0	10690	0	0	81	81	124
28.920211	208	10973	11037	512	12273044479	15762	6059	0	0	10694	0	0	81	81	127
28.925503	208	10973	11037	512	12275403775	15765	6061	0	0	10696	0	0	81	81	127
28.933931	208	10973	11037	512	12279401471	15771	6061	0	0	10702	0	0	81	81	127
28.946830	208	10973	11037	512	12285561855	15778	6065	0	0	10704	0	0	81	81	126
28.955935	208	10973	11037	513	12288328192	15781	6065	0	0	10707	0	0	81	81	128
28.968193	208	10973	11037	513	12294423040	15785	6068	0	0	10708	0	0	81	81	126
28.976471	208	10973	11037	513	12298224128	15792	6071	0	0	10712	0	0	81	81	127
28.986894	208	10973	11037	513	12302942720	15805	6078	0	0	10718	0	0	81	81	127
29.001925	208	10973	11037	513	12309824000	15813	6082	0	0	10722	0	0	81	81	126
29.008831	208	10973	11037	514	12312852481	15815	6083	0	0	10723	0	0	81	81	127
29.023642	208	10973	11037	514	12318947329	15819	6087	0	0	10723	0	0	81	81	126
29.030748	208	10973	11037	514	12322158593	15826	6089	0	0	10729	0	0	81	81	127
29.036007	208	10973	11037	514	12324583425	15833	6092	0	0	10734	0	0	81	81	127
29.046367	208	10973	11037	514	12329498625	15837	6092	0	0	10738	0	0	81	81	127
29.054776	208	10973	11037	514	12333430785	15843	6096	0	0	10740	0	0	81	81	118
29.068269	208	10973	11037	515	12338621954	15847	6098	0	0	10743	0	0	81	81	126
29.080114	208	10973	11037	515	12344061442	15856	6103	0	0	10747	0	0	81	81	127
29.089819	208	10973	11037	515	12348648962	15863	6105	0	0	10753	0	0	81	81	127
29.096754	208	10973	11037	515	12351860226	15868	6105	0	0	10758	0	0	81	81	127
29.107758	208	10973	11037	515	12357103106	15873	6107	0	0	10762	0	0	81	81	125
29.122152	208	10973	11037	516	12361507843	15878	6109	0	0	10766	0	0	81	81	127
29.130374	208	10973	11037	516	12365177859	15884	6111	0	0	10771	0	0	81	81	126
29.135655	208	10973	11037	516	12367537155	15890	6114	0	0	10776	0	0	81	81	127
29.147124	208	10973	11037	516	12372059139	15897	6116	0	0	10781	0	0	81	81	127
29.153985	208	10973	11037	516	12375270403	15903	6120	0	0	10784	0	0	81	81	127
29.161476	208	10973	11037	516	12378612739	15905	6120	0	0	10786	0	0	81	81	126
29.171068	208	10973	11037	516	12383069187	15911	6123	0	0	10790	0	0	81	81	126
29.176994	208	10973	11037	517	12385507844	15916	6124	0	0	10795	0	0	81	81	127
29.185582	208	10973	11037	517	12389571076	15922	6129	0	0	10798	0	0	81	81	126
29.193602	208	10973	11037	517	12393241092	15929	6130	0	0	10804	0	0	81	81	127
29.207704	208	10973	11037	517	12398942724	15933	6131	0	0	10807	0	0	81	81	127
29.218820	208	10973	11037	517	12403661316	15938	6133	0	0	10810	0	0	81	81	126
29.226725	208	10973	11037	517	12407003652	15942	6135	0	0	10812	0	0	81	81	126
29.233891	208	10973	11037	518	12409704453	15945	6136	0	0	10813	0	0	81	81	126
29.239097	208	10973	11037	518	12412063749	15948	6140	0	0	10813	0	0	81	81	123
29.250313	208	10973	11037	518	12417241093	15954	6142	0	0	10817	0	0	81	81	127
29.265427	208	10973	11037	518	12424515589	15964	6143	0	0	10827	0	0	81	81	127
29.274054	208	10973	11037	518	12428709893	15969	6146	0	0	10830	0	0	81	81	126
29.289143	208	10973	11037	519	12435408390	15984	6153	0	0	10842	0	0	81	81	125
29.299938	208	10973	11037	519	12440389126	15993	6155	0	0	10849	0	0	81	81	127
29.309670	208	10973	11037	519	12445107718	15997	6156	0	0	10852	0	0	81	81	127
29.322676	208	10973	11037	519	12451202566	16002	6158	0	0	10856	0	0	81	81	126
29.336761	208	10973	11037	520	12456000519	16011	6162	0	0	10861	0	0	81	81	127
29.346713	208	10973	11037	520	12459801607	16018	6167	0	0	10865	0	0	81	81	126
29.359716	208	10973	11037	520	12465568775	16024	6170	0	0	10869	0	0	81	81	127
29.373895	208	10973	11037	520	12472187911	16031	6172	0	0	10875	0	0	81	81	127
29.388560	208	10973	11037	520	12479396871	16035	6172	0	0	10879	0	0	81	81	127
29.400967	208	10973	11037	521	12485177864	16039	6174	0	0	10882	0	0	81	81	127
29.413478	208	10973	11037	521	12490945032	16047	6178	0	0	10888	0	0	81	81	127
29.419903	208	10973	11037	521	12493828616	16051	6181	0	0	10890	0	0	81	81	127
29.432229	208	10973	11037	521	12499595784	16062	6185	0	0	10898	0	0	81	81	126
29.447285	208	10973	11037	522	12505049097	16069	6190	0	0	10902	0	0	81	81	127
29.458785	208	10973	11037	522	12510685193	16071	6191	0	0	10903	0	0	81	81	125
29.470961	208	10973	11037	522	12516386825	16079	6195	0	0	10909	0	0	81	81	127
29.476593	208	10973	11037	522	12519139337	16081	6195	0	0	10911	0	0	81	81	127
29.483276	208	10973	11037	522	12522022921	16089	6198	0	0	10918	0	0	81	81	126
29.492349	208	10973	11037	522	12526282761	16091	6198	0	0	10920	0	0	81	81	126
29.500994	208	10973	11037	523	12529835530	16099	6201	0	0	10926	0	0	81	81	126
29.509929	208	10973	11037	523	12534095370	16102	6204	0	0	10927	0	0	81	81	126
29.517120	208	10973	11037	523	12537241098	16112	6211	0	0	10933	0	0	81	81	127
29.522569	208	10973	11037	523	12539731466	16118	6213	0	0	10937	0	0	81	81	127
29.529593	208	10973	11037	523	12543073802	16120	6214	0	0	10938	0	0	81	81	127
29.535316	208	10973	11037	523	12545695242	16126	6218	0	0	10943	0	0	81	81	127
29.544005	208	10973	11037	523	12549692938	16132	6223	0	0	10946	0	0	81	81	125
29.551656	208	10973	11037	524	12552918027	16138	6226	0	0	10950	0	0	81	81	127
29.561242	208	10973	11037	524	12557243403	16145	6229	0	0	10955	0	0	81	81	126
29.570090	208	10973	11037	524	12561437707	16149	6231	0	0	10957	0	0	81	81	127
29.580659	208	10973	11037	524	12566287371	16157	6235	0	0	10961	0	0	81	81	127
29.592168	208	10973	11037	524	12571661323	16165	6238	0	0	10968	0	0	81	81	125
29.607033	208	10973	11037	525	12578490892	16171	6241	0	0	10971	0	0	81	81	126
29.615684	208	10973	11037	525	12582619660	16174	6243	0	0	10972	0	0	81	81	126
29.627816	208	10973	11037	525	12587600396	16186	6249	0	0	10981	0	0	81	81	127
29.640766	208	10973	11037	525	12593498636	16199	6255	0	0	10991	0	0	81	81	127
29.655356	208	10973	11037	526	12600131597	16205	6256	0	0	10996	0	0	81	81	127
29.663970	208	10973	11037	526	12604129293	16211	6258	0	0	11000	0	0	81	81	123
29.669706	208	10973	11037	526	12606750733	16212	6259	0	0	11000	0	0	81	81	125
29.676157	208	10973	11037	526	12609699853	16217	6262	0	0	11003	0	0	81	81	127
29.687168	208	10973	11037	526	12614811661	16226	6266	0	0	11008	0	0	81	81	127
29.701450	208	10973	11037	526	12621365261	16234	6267	0	0	11014	0	0	81	81	124
29.715634	208	10973	11037	527	12627277326	16246	6270	0	0	11023	0	0	81	81	125
29.722845	208	10973	11037	527	12630750734	16249	6271	0	0	11025	0	0	81	81	127
29.736557	208	10973	11037	527	12637107726	16260	6276	0	0	11034	0	0	81	81	127
29.741952	208	10973	11037	527	12639598094	16264	6277	0	0	11037	0	0	81	81	127
29.751083	208	10973	11037	527	12643726862	16273	6282	0	0	11042	0	0	81	81	125
29.764023	208	10973	11037	528	12649376783	16281	6285	0	0	11048	0	0	81	81	127
29.770767	208	10973	11037	528	12652522511	16286	6289	0	0	11050	0	0	81	81	124
29.778559	208	10973	11037	528	12655864847	16294	6292	0	0	11056	0	0	81	81	127
29.786517	208	10973	11037	528	12659600399	16301	6294	0	0	11062	0	0	81	81	127
29.791711	208	10973	11037	528	12662025231	16304	6296	0	0	11065	0	0	81	81	127
29.803277	208	10973	11037	528	12667595791	16311	6297	0	0	11071	0	0	81	81	125
29.814980	208	10973	11037	529	12672983568	16312	6297	0	0	11071	0	0	81	81	127
29.826980	208	10973	11037	529	12678554128	16316	6299	0	0	11074	0	0	81	81	126
29.835525	208	10973	11037	529	12682486288	16321	6300	0	0	11078	0	0	81	81	127
29.843763	208	10973	11037	529	12685500944	16327	6302	0	0	11083	0	0	81	81	127
29.854255	208	10973	11037	529	12690350608	16332	6304	0	0	11087	0	0	81	81	127
29.864996	208	10973	11037	529	12695069200	16339	6307	0	0	11091	0	0	81	81	126
29.872176	208	10973	11037	530	12698032145	16343	6308	0	0	11094	0	0	81	81	127
29.879416	208	10973	11037	530	12701440017	16346	6309	0	0	11096	0	0	81	81	125
29.890882	208	10973	11037	530	12706748433	16355	6311	0	0	11104	0	0	81	81	127
29.903077	208	10973	11037	530	12712253457	16364	6314	0	0	11111	0	0	81	81	127
29.917553	208	10973	11037	530	12719134737	16370	6315	0	0	11115	0	0	81	81	126
29.927452	208	10973	11037	531	12723670546	16372	6317	0	0	11116	0	0	81	81	124
29.935151	208	10973	11037	531	12727340562	16375	6318	0	0	11119	0	0	81	81	127
29.945884	208	10973	11037	531	12732452370	16382	6322	0	0	11122	0	0	81	81	127
29.952210	208	10973	11037	531	12735401490	16388	6323	0	0	11127	0	0	81	81	127
29.964190	208	10973	11037	531	12741168658	16390	6325	0	0	11127	0	0	81	81	125
29.979074	208	10973	11037	532	12747932691	16397	6328	0	0	11132	0	0	81	81	126
29.992283	208	10973	11037	532	12754224147	16404	6330	0	0	11138	0	0	81	81	127
29.997736	208	10973	11037	532	12755993619	16406	6331	0	0	11140	0	0	81	81	127
30.003500	208	10973	11037	532	12758811667	16407	6331	0	0	11141	0	0	81	81	127
30.018427	208	10973	11037	532	12766151699	16410	6331	0	0	11144	0	0	81	81	126
30.024084	208	10973	11037	533	12768524820	16411	6331	0	0	11145	0	0	81	81	126
30.033096	208	10973	11037	533	12772653588	16417	6336	0	0	11147	0	0	81	81	125
30.041670	208	10973	11037	533	12776585748	16426	6340	0	0	11153	0	0	81	81	127
30.053306	208	10973	11037	533	12782090772	16436	6345	0	0	11158	0	0	81	81	127
30.061999	208	10973	11037	533	12786088468	16441	6347	0	0	11162	0	0	81	81	126
30.073579	208	10973	11037	533	12791659028	16448	6351	0	0	11165	0	0	81	81	127
30.083811	208	10973	11037	534	12796260373	16453	6354	0	0	11169	0	0	81	81	114
30.093599	208	10973	11037	534	12800978965	16457	6355	0	0	11172	0	0	81	81	127
30.106143	208	10973	11037	534	12806877205	16464	6358	0	0	11177	0	0	81	81	127
30.120795	208	10973	11037	534	12813824021	16472	6360	0	0	11184	0	0	81	81	125
30.132973	208	10973	11037	535	12819080726	16476	6362	0	0	11187	0	0	81	81	127
30.140891	208	10973	11037	535	12822816278	16481	6367	0	0	11190	0	0	81	81	126
30.154271	208	10973	11037	535	12828911126	16491	6372	0	0	11197	0	0	81	81	127
30.166751	208	10973	11037	535	12834612758	16501	6374	0	0	11207	0	0	81	81	126
30.178480	208	10973	11037	536	12840000535	16506	6377	0	0	11210	0	0	81	81	127
30.184499	208	10973	11037	536	12842556439	16511	6381	0	0	11213	0	0	81	81	126
30.194248	208	10973	11037	536	12847143959	16513	6382	0	0	11214	0	0	81	81	126
30.203659	208	10973	11037	536	12851403799	16518	6385	0	0	11219	0	0	81	81	127
30.210190	208	10973	11037	536	12854352919	16526	6388	0	0	11225	0	0	81	81	127
30.217829	208	10973	11037	536	12857105431	16530	6389	0	0	11229	0	0	81	81	127
30.223379	208	10973	11037	536	12859857943	16531	6389	0	0	11230	0	0	81	81	126
30.231967	208	10973	11037	536	12863724567	16536	6391	0	0	11234	0	0	81	81	127
30.246335	208	10973	11037	537	12870226456	16544	6395	0	0	11239	0	0	81	81	126
30.261397	208	10973	11037	537	12876976664	16557	6400	0	0	11248	0	0	81	81	127
30.267746	208	10973	11037	537	12879925784	16559	6400	0	0	11250	0	0	81	81	127
30.282489	208	10973	11037	537	12886741528	16571	6406	0	0	11259	0	0	81	81	126
30.288085	208	10973	11037	538	12888983577	16575	6408	0	0	11262	0	0	81	81	127
30.300606	208	10973	11037	538	12894816281	16583	6412	0	0	11267	0	0	81	81	126
30.311290	208	10973	11037	538	12899665945	16592	6413	0	0	11276	0	0	81	81	127
30.323345	208	10973	11037	538	12905367577	16596	6414	0	0	11279	0	0	81	81	127
30.333623	208	10973	11037	538	12909365273	16600	6415	0	0	11282	0	0	81	81	123
30.341499	208	10973	11037	539	12912524826	16604	6416	0	0	11286	0	0	81	81	127
30.350859	208	10973	11037	539	12917177882	16606	6416	0	0	11288	0	0	81	81	125
30.358155	208	10973	11037	539	12920651290	16610	6416	0	0	11292	0	0	81	81	127
30.370665	208	10973	11037	539	12926615066	16619	6419	0	0	11300	0	0	81	81	127
30.385012	208	10973	11037	539	12933365274	16625	6420	0	0	11304	0	0	81	81	125
30.393425	208	10973	11037	540	12936852507	16631	6422	0	0	11309	0	0	81	81	127
30.408549	208	10973	11037	540	12943471643	16637	6425	0	0	11313	0	0	81	81	126
30.419235	208	10973	11037	540	12947862555	16642	6426	0	0	11316	0	0	81	81	127
30.426829	208	10973	11037	540	12951532571	16646	6428	0	0	11319	0	0	81	81	127
30.433733	208	10973	11037	540	12954809371	16650	6430	0	0	11322	0	0	81	81	126
30.441908	208	10973	11037	540	12958807067	16652	6431	0	0	11323	0	0	81	81	118
30.452052	208	10973	11037	541	12963408412	16658	6432	0	0	11329	0	0	81	81	126
30.461982	208	10973	11037	541	12968258076	16662	6434	0	0	11332	0	0	81	81	127
30.472377	208	10973	11037	541	12973173276	16669	6434	0	0	11339	0	0	81	81	127
30.485901	208	10973	11037	541	12979137052	16677	6435	0	0	11346	0	0	81	81	126
30.492421	208	10973	11037	541	12982086172	16681	6437	0	0	11348	0	0	81	81	126
30.505872	208	10973	11037	542	12988325917	16688	6439	0	0	11353	0	0	81	81	122
30.515060	208	10973	11037	542	12992651293	16692	6440	0	0	11356	0	0	81	81	127
30.526071	208	10973	11037	542	12997959709	16698	6443	0	0	11359	0	0	81	81	127
30.533494	208	10973	11037	542	13001498653	16701	6444	0	0	11362	0	0	81	81	127
30.543680	208	10973	11037	542	13006479389	16705	6446	0	0	11364	0	0	81	81	122
30.558708	208	10973	11037	543	13013571102	16709	6448	0	0	11366	0	0	81	81	126
30.564705	208	10973	11037	543	13016323614	16714	6449	0	0	11370	0	0	81	81	127
30.577600	208	10973	11037	543	13022156318	16720	6452	0	0	11373	0	0	81	81	127
30.589569	208	10973	11037	543	13027923486	16726	6454	0	0	11378	0	0	81	81	126
30.600557	208	10973	11037	544	13032655903	16729	6455	0	0	11380	0	0	81	81	127
30.611592	208	10973	11037	544	13036915743	16735	6457	0	0	11383	0	0	81	81	125
30.626438	208	10973	11037	544	13043665951	16748	6463	0	0	11392	0	0	81	81	127
30.638090	208	10973	11037	544	13048843295	16760	6465	0	0	11402	0	0	81	81	127
30.652156	208	10973	11037	544	13055396895	16768	6468	0	0	11407	0	0	81	81	127
30.660562	208	10973	11037	545	13059146272	16771	6469	0	0	11410	0	0	81	81	126
30.668956	208	10973	11037	545	13063012896	16775	6473	0	0	11411	0	0	81	81	126
30.678431	208	10973	11037	545	13067403808	16778	6475	0	0	11413	0	0	81	81	127
30.687829	208	10973	11037	545	13070877216	16784	6477	0	0	11418	0	0	81	81	127
30.695343	208	10973	11037	545	13074481696	16790	6479	0	0	11422	0	0	81	81	126
30.708962	208	10973	11037	546	13080655905	16800	6482	0	0	11430	0	0	81	81	127
30.716018	208	10973	11037	546	13083932705	16804	6484	0	0	11433	0	0	81	81	124
30.726711	208	10973	11037	546	13089044513	16805	6485	0	0	11434	0	0	81	81	126
30.734698	208	10973	11037	546	13092780065	16810	6485	0	0	11439	0	0	81	81	127
30.745342	208	10973	11037	546	13097826337	16813	6486	0	0	11441	0	0	81	81	127
30.756376	208	10973	11037	546	13103003681	16815	6488	0	0	11442	0	0	81	81	126
30.768032	208	10973	11037	547	13107998242	16821	6491	0	0	11445	0	0	81	81	125
30.781337	208	10973	11037	547	13114027554	16831	6495	0	0	11453	0	0	81	81	127
30.794961	208	10973	11037	547	13120187938	16842	6497	0	0	11463	0	0	81	81	127
30.804968	208	10973	11037	547	13124709922	16847	6501	0	0	11466	0	0	81	81	116
30.811255	208	10973	11037	547	13127396898	16851	6503	0	0	11468	0	0	81	81	127
30.817004	208	10973	11037	548	13129704483	16856	6505	0	0	11471	0	0	81	81	127
30.831444	208	10973	11037	548	13135864867	16864	6509	0	0	11478	0	0	81	81	127
30.843595	208	10973	11037	548	13141566499	16871	6511	0	0	11484	0	0	81	81	127
30.856025	208	10973	11037	548	13147661347	16874	6513	0	0	11485	0	0	81	81	125
30.862632	208	10973	11037	548	13150872611	16876	6514	0	0	11486	0	0	81	81	126
30.873569	208	10973	11037	549	13155605028	16881	6518	0	0	11489	0	0	81	81	124
30.886376	208	10973	11037	549	13160782372	16890	6525	0	0	11494	0	0	81	81	127
30.900986	208	10973	11037	549	13167467044	16896	6528	0	0	11497	0	0	81	81	127
30.909113	208	10973	11037	549	13171333668	16899	6529	0	0	11499	0	0	81	81	126
30.917420	208	10973	11037	549	13175200292	16902	6530	0	0	11499	0	0	81	81	127
30.928343	208	10973	11037	550	13180129317	16908	6531	0	0	11505	0	0	81	81	124
30.940188	208	10973	11037	550	13185699877	16918	6535	0	0	11510	0	0	81	81	127
30.949578	208	10973	11037	550	13189894181	16926	6540	0	0	11516	0	0	81	81	127
30.955289	208	10973	11037	550	13192646693	16929	6541	0	0	11519	0	0	81	81	127
30.970106	208	10973	11037	550	13199527973	16937	6543	0	0	11526	0	0	81	81	126
30.983400	208	10973	11037	551	13205571110	16943	6544	0	0	11532	0	0	81	81	126
30.995005	208	10973	11037	551	13210813990	16951	6548	0	0	11538	0	0	81	81	127
31.009665	208	10973	11037	551	13217695270	16957	6549	0	0	11543	0	0	81	81	127
31.016506	208	10973	11037	551	13220840998	16960	6552	0	0	11543	0	0	81	81	125
31.028912	208	10973	11037	552	13226294311	16971	6555	0	0	11551	0	0	81	81	126
31.038571	208	10973	11037	552	13231143975	16972	6555	0	0	11552	0	0	81	81	126
31.044458	208	10973	11037	552	13233241127	16975	6556	0	0	11555	0	0	81	81	127
31.049981	208	10973	11037	552	13235928103	16975	6556	0	0	11555	0	0	81	81	127
31.059733	208	10973	11037	552	13239860263	16980	6558	0	0	11559	0	0	81	81	127
31.070165	208	10973	11037	552	13244840999	16987	6560	0	0	11564	0	0	81	81	125
31.079824	208	10973	11037	553	13249180200	16991	6560	0	0	11568	0	0	81	81	127
31.093614	208	10973	11037	553	13254881832	17000	6567	0	0	11571	0	0	81	81	127
31.104101	208	10973	11037	553	13259731496	17010	6569	0	0	11581	0	0	81	81	127
31.119064	208	10973	11037	553	13266481704	17024	6575	0	0	11591	0	0	81	81	127
31.128014	208	10973	11037	553	13270741544	17029	6577	0	0	11595	0	0	81	81	126
31.140448	208	10973	11037	554	13276457001	17033	6580	0	0	11598	0	0	81	81	124
31.149217	208	10973	11037	554	13280454697	17037	6582	0	0	11600	0	0	81	81	127
31.156897	208	10973	11037	554	13283993641	17043	6584	0	0	11606	0	0	81	81	127
31.164476	208	10973	11037	554	13287598121	17049	6587	0	0	11608	0	0	81	81	127
31.170460	208	10973	11037	554	13290416169	17051	6588	0	0	11611	0	0	81	81	127
31.182349	208	10973	11037	555	13296000554	17058	6591	0	0	11615	0	0	81	81	127
31.192271	208	10973	11037	555	13300457002	17066	6596	0	0	11619	0	0	81	81	125
31.206337	208	10973	11037	555	13306945066	17075	6601	0	0	11626	0	0	81	81	127
31.213075	208	10973	11037	555	13309959722	17080	6604	0	0	11630	0	0	81	81	127
31.227987	208	10973	11037	555	13316972074	17086	6605	0	0	11635	0	0	81	81	125
31.241930	208	10973	11037	556	13323539499	17090	6605	0	0	11639	0	0	81	81	127
31.257050	208	10973	11037	556	13330748459	17099	6607	0	0	11647	0	0	81	81	127
31.266542	208	10973	11037	556	13335270443	17105	6610	0	0	11650	0	0	81	81	127
31.273634	208	10973	11037	556	13338285099	17107	6610	0	0	11652	0	0	81	81	127
31.285599	208	10973	11037	557	13344000556	17112	6613	0	0	11656	0	0	81	81	127
31.297381	208	10973	11037	557	13349374508	17119	6616	0	0	11660	0	0	81	81	124
31.303295	208	10973	11037	557	13352061484	17123	6616	0	0	11664	0	0	81	81	127
31.309639	208	10973	11037	557	13355010604	17129	6618	0	0	11669	0	0	81	81	127
31.317159	208	10973	11037	557	13358352940	17138	6623	0	0	11675	0	0	81	81	127
31.328030	208	10973	11037	557	13363530284	17145	6626	0	0	11679	0	0	81	81	126
31.338363	208	10973	11037	557	13367003692	17153	6635	0	0	11681	0	0	81	81	127
31.349192	208	10973	11037	558	13371539501	17159	6636	0	0	11687	0	0	81	81	125
31.357186	208	10973	11037	558	13375209517	17166	6639	0	0	11692	0	0	81	81	127
31.364166	208	10973	11037	558	13378420781	17170	6640	0	0	11695	0	0	81	81	127
31.371947	208	10973	11037	558	13381959725	17175	6641	0	0	11699	0	0	81	81	127
31.384718	208	10973	11037	558	13387202605	17183	6643	0	0	11706	0	0	81	81	126
31.391444	208	10973	11037	558	13390282797	17188	6648	0	0	11706	0	0	81	81	126
31.405029	208	10973	11037	559	13395473966	17202	6654	0	0	11716	0	0	81	81	123
31.414385	208	10973	11037	559	13399340590	17206	6656	0	0	11719	0	0	81	81	127
31.419661	208	10973	11037	559	13401765422	17212	6658	0	0	11725	0	0	81	81	127
31.427462	208	10973	11037	559	13405369902	17216	6661	0	0	11729	0	0	81	81	127
31.436471	208	10973	11037	559	13409498670	17225	6665	0	0	11736	0	0	81	81	127
31.441972	208	10973	11037	559	13412120110	17226	6666	0	0	11736	0	0	81	81	124
31.450922	208	10973	11037	560	13416000559	17232	6669	0	0	11741	0	0	81	81	127
31.459952	208	10973	11037	560	13419998255	17239	6671	0	0	11746	0	0	81	81	124
31.466911	208	10973	11037	560	13423143983	17245	6675	0	0	11749	0	0	81	81	126
31.472760	208	10973	11037	560	13425830959	17250	6675	0	0	11754	0	0	81	81	127
31.481590	208	10973	11037	560	13429632047	17259	6682	0	0	11759	0	0	81	81	127
31.492610	208	10973	11037	560	13434678319	17267	6684	0	0	11766	0	0	81	81	126
31.501439	208	10973	11037	560	13438807087	17269	6684	0	0	11768	0	0	81	81	126
31.512038	208	10973	11037	561	13443539504	17276	6685	0	0	11775	0	0	81	81	126
31.517714	208	10973	11037	561	13446292016	17278	6686	0	0	11776	0	0	81	81	125
31.529710	208	10973	11037	561	13451600432	17281	6687	0	0	11779	0	0	81	81	127
31.541369	208	10973	11037	561	13456646704	17288	6688	0	0	11786	0	0	81	81	127
31.547710	208	10973	11037	561	13459399216	17290	6690	0	0	11786	0	0	81	81	126
31.560863	208	10973	11037	562	13464786993	17295	6695	0	0	11788	0	0	81	81	127
31.574330	208	10973	11037	562	13470947377	17302	6700	0	0	11791	0	0	81	81	127
31.587035	208	10973	11037	562	13476911153	17314	6703	0	0	11801	0	0	81	81	127
31.597393	208	10973	11037	562	13481826353	17319	6704	0	0	11805	0	0	81	81	127
31.610775	208	10973	11037	563	13488000562	17325	6706	0	0	11810	0	0	81	81	127
31.621412	208	10973	11037	563	13492850226	17331	6710	0	0	11812	0	0	81	81	121
31.634928	208	10973	11037	563	13499141682	17341	6712	0	0	11820	0	0	81	81	127
31.645448	208	10973	11037	563	13504253490	17343	6713	0	0	11821	0	0	81	81	127
31.656793	208	10973	11037	563	13509627442	17352	6716	0	0	11826	0	0	81	81	125
31.662453	208	10973	11037	564	13512066099	17352	6716	0	0	11826	0	0	81	81	125
31.673278	208	10973	11037	564	13517177907	17358	6719	0	0	11829	0	0	81	81	125
31.683843	208	10973	11037	564	13522224179	17364	6720	0	0	11833	0	0	81	81	127
31.698319	208	10973	11037	564	13528908851	17376	6725	0	0	11842	0	0	81	81	127
31.709460	208	10973	11037	564	13534151731	17382	6728	0	0	11845	0	0	81	81	125
31.721388	208	10973	11037	565	13539605044	17389	6730	0	0	11852	0	0	81	81	126
31.732278	208	10973	11037	565	13544716852	17395	6735	0	0	11854	0	0	81	81	127
31.742795	208	10973	11037	565	13549632052	17402	6737	0	0	11860	0	0	81	81	127
31.752298	208	10973	11037	565	13554154036	17410	6740	0	0	11866	0	0	81	81	127
31.765229	208	10973	11037	566	13560197173	17416	6744	0	0	11868	0	0	81	81	126
31.779282	208	10973	11037	566	13566947381	17422	6748	0	0	11871	0	0	81	81	126
31.792879	208	10973	11037	566	13573369909	17432	6750	0	0	11880	0	0	81	81	127
31.807021	208	10973	11037	566	13579595829	17446	6753	0	0	11893	0	0	81	81	125
31.818273	208	10973	11037	567	13584590390	17451	6754	0	0	11897	0	0	81	81	127
31.824273	208	10973	11037	567	13587342902	17453	6754	0	0	11899	0	0	81	81	124
31.837991	208	10973	11037	567	13593765430	17463	6762	0	0	11903	0	0	81	81	127
31.847015	208	10973	11037	567	13597894198	17471	6763	0	0	11911	0	0	81	81	127
31.853461	208	10973	11037	567	13600384566	17474	6765	0	0	11913	0	0	81	81	127
31.862460	208	10973	11037	567	13604709942	17478	6767	0	0	11916	0	0	81	81	122
31.873109	208	10973	11037	568	13609638967	17481	6767	0	0	11919	0	0	81	81	127
31.886674	208	10973	11037	568	13615668279	17484	6768	0	0	11922	0	0	81	81	127
31.892254	208	10973	11037	568	13618158647	17492	6769	0	0	11929	0	0	81	81	127
31.907029	208	10973	11037	568	13625170999	17503	6771	0	0	11939	0	0	81	81	127
31.913603	208	10973	11037	568	13628251191	17506	6773	0	0	11940	0	0	81	81	125
31.924756	208	10973	11037	569	13633311288	17514	6775	0	0	11947	0	0	81	81	127
31.932688	208	10973	11037	569	13637046840	17517	6776	0	0	11949	0	0	81	81	116
31.939841	208	10973	11037	569	13640061496	17528	6783	0	0	11955	0	0	81	81	127
31.948168	208	10973	11037	569	13643928120	17535	6785	0	0	11961	0	0	81	81	127
31.955018	208	10973	11037	569	13646877240	17539	6787	0	0	11963	0	0	81	81	127
31.960909	208	10973	11037	569	13649629752	17541	6789	0	0	11965	0	0	81	81	127
31.971216	208	10973	11037	569	13653299768	17545	6791	0	0	11968	0	0	81	81	125
31.980014	208	10973	11037	570	13657049145	17551	6793	0	0	11973	0	0	81	81	127
31.986835	208	10973	11037	570	13660325945	17553	6795	0	0	11974	0	0	81	81	127
31.996857	208	10973	11037	570	13664782393	17558	6798	0	0	11978	0	0	81	81	127
32.003017	208	10973	11037	570	13667600441	17563	6800	0	0	11981	0	0	81	81	127
32.015020	208	10973	11037	570	13672974393	17572	6804	0	0	11987	0	0	81	81	127
32.021225	208	10973	11037	570	13675923513	17574	6805	0	0	11989	0	0	81	81	125
32.035622	208	10973	11037	571	13682163258	17578	6806	0	0	11993	0	0	81	81	126
32.042604	208	10973	11037	571	13685505594	17578	6806	0	0	11993	0	0	81	81	126
32.049779	208	10973	11037	571	13688782394	17582	6807	0	0	11996	0	0	81	81	127
32.059450	208	10973	11037	571	13693304378	17589	6809	0	0	12002	0	0	81	81	127
32.067670	208	10973	11037	571	13697236538	17594	6810	0	0	12005	0	0	81	81	127
32.076329	208	10973	11037	571	13701365306	17599	6812	0	0	12009	0	0	81	81	121
32.085386	208	10973	11037	572	13705507899	17602	6812	0	0	12012	0	0	81	81	127
32.098468	208	10973	11037	572	13710226491	17607	6815	0	0	12016	0	0	81	81	126
32.106692	208	10973	11037	572	13713830971	17616	6819	0	0	12024	0	0	81	81	127
32.120750	208	10973	11037	572	13720056891	17622	6821	0	0	12030	0	0	81	81	127
32.131427	208	10973	11037	572	13725168699	17625	6822	0	0	12032	0	0	81	81	123
32.139561	208	10973	11037	573	13728655932	17631	6825	0	0	12035	0	0	81	81	127
32.148469	208	10973	11037	573	13732850236	17635	6826	0	0	12038	0	0	81	81	125
32.154315	208	10973	11037	573	13735602748	17639	6828	0	0	12040	0	0	81	81	127
32.160305	208	10973	11037	573	13738486332	17640	6830	0	0	12040	0	0	81	81	127
32.165476	208	10973	11037	573	13740911164	17642	6832	0	0	12041	0	0	81	81	127
32.175958	208	10973	11037	573	13745957436	17647	6834	0	0	12045	0	0	81	81	127
32.186326	208	10973	11037	573	13750741564	17655	6840	0	0	12048	0	0	81	81	126
32.195440	208	10973	11037	574	13754753085	17662	6842	0	0	12053	0	0	81	81	126
32.207551	208	10973	11037	574	13759995965	17668	6842	0	0	12059	0	0	81	81	127
32.219524	208	10973	11037	574	13764911165	17680	6846	0	0	12068	0	0	81	81	127
32.229807	208	10973	11037	574	13769760829	17689	6849	0	0	12073	0	0	81	81	126
32.237916	208	10973	11037	574	13773758525	17690	6851	0	0	12074	0	0	81	81	126
32.249326	208	10973	11037	575	13778884158	17698	6853	0	0	12080	0	0	81	81	126
32.263494	208	10973	11037	575	13785634366	17707	6857	0	0	12085	0	0	81	81	127
32.274545	208	10973	11037	575	13791008318	17710	6858	0	0	12087	0	0	81	81	127
32.283459	208	10973	11037	575	13795202622	17716	6861	0	0	12091	0	0	81	81	125
32.298097	208	10973	11037	576	13802097727	17720	6863	0	0	12094	0	0	81	81	126
32.304808	208	10973	11037	576	13805374527	17720	6863	0	0	12094	0	0	81	81	126
32.311047	208	10973	11037	576	13808127039	17727	6868	0	0	12097	0	0	81	81	127
32.318292	208	10973	11037	576	13811534911	17733	6869	0	0	12102	0	0	81	81	127
32.329552	208	10973	11037	576	13815598143	17741	6873	0	0	12106	0	0	81	81	127
32.344733	208	10973	11037	576	13822872639	17745	6875	0	0	12109	0	0	81	81	126
32.353220	208	10973	11037	577	13825049152	17748	6875	0	0	12112	0	0	81	81	128
32.359871	208	10973	11037	577	13828260416	17750	6876	0	0	12113	0	0	81	81	124
32.366044	208	10973	11037	577	13831275072	17752	6877	0	0	12114	0	0	81	81	126
32.372069	208	10973	11037	577	13833634368	17752	6877	0	0	12114	0	0	81	81	126
32.383185	208	10973	11037	577	13838615104	17761	6883	0	0	12117	0	0	81	81	127
32.396681	208	10973	11037	577	13844906560	17767	6888	0	0	12120	0	0	81	81	124
32.406977	208	10973	11037	578	13849573441	17771	6889	0	0	12123	0	0	81	81	128
32.422132	208	10973	11037	578	13855471681	17779	6894	0	0	12126	0	0	81	81	126
32.431798	208	10973	11037	578	13859731521	17786	6896	0	0	12133	0	0	81	81	127
32.442026	208	10973	11037	578	13864712257	17792	6896	0	0	12139	0	0	81	81	127
32.448608	208	10973	11037	578	13867530305	17793	6896	0	0	12140	0	0	81	81	126
32.456848	208	10973	11037	578	13871528001	17795	6896	0	0	12142	0	0	81	81	127
32.465438	208	10973	11037	579	13874949698	17798	6896	0	0	12145	0	0	81	81	127
32.476648	208	10973	11037	579	13880389186	17801	6897	0	0	12147	0	0	81	81	126
32.485531	208	10973	11037	579	13884583490	17805	6900	0	0	12148	0	0	81	81	127
32.493051	208	10973	11037	579	13887925826	17812	6903	0	0	12155	0	0	81	81	127
32.506251	208	10973	11037	579	13894151746	17823	6910	0	0	12159	0	0	81	81	127
32.514841	208	10973	11037	580	13896918083	17831	6912	0	0	12165	0	0	81	81	127
32.520276	208	10973	11037	580	13899473987	17835	6913	0	0	12168	0	0	81	81	126
32.528261	208	10973	11037	580	13903144003	17840	6917	0	0	12170	0	0	81	81	126
32.534392	208	10973	11037	580	13905962051	17846	6920	0	0	12173	0	0	81	81	127
32.541870	208	10973	11037	580	13909500995	17850	6922	0	0	12175	0	0	81	81	127
32.553943	208	10973	11037	580	13915399235	17854	6925	0	0	12177	0	0	81	81	125
32.567707	208	10973	11037	581	13921507908	17865	6932	0	0	12182	0	0	81	81	127
32.575354	208	10973	11037	581	13924981316	17873	6937	0	0	12186	0	0	81	81	121
32.582321	208	10973	11037	581	13928389188	17874	6937	0	0	12187	0	0	81	81	127
32.594543	208	10973	11037	581	13933697604	17886	6940	0	0	12198	0	0	81	81	127
32.601217	208	10973	11037	581	13936843332	17892	6943	0	0	12202	0	0	81	81	126
32.607303	208	10973	11037	581	13939595844	17896	6947	0	0	12202	0	0	81	81	124
32.613895	208	10973	11037	581	13942676036	17901	6948	0	0	12206	0	0	81	81	127
32.628595	208	10973	11037	582	13949505605	17906	6950	0	0	12209	0	0	81	81	124
32.642951	208	10973	11037	582	13955272773	17913	6951	0	0	12214	0	0	81	81	127
32.652433	208	10973	11037	582	13959008325	17914	6951	0	0	12216	0	0	81	81	127
32.665740	208	10973	11037	582	13965299781	17920	6954	0	0	12219	0	0	81	81	124
32.672573	208	10973	11037	583	13968197190	17923	6955	0	0	12222	0	0	81	81	128
32.684037	208	10973	11037	583	13973571142	17930	6959	0	0	12225	0	0	81	81	125
32.694978	208	10973	11037	583	13978682950	17940	6966	0	0	12228	0	0	81	81	127
32.702087	208	10973	11037	583	13981107782	17946	6967	0	0	12234	0	0	81	81	127
32.715580	208	10973	11037	583	13987595846	17954	6971	0	0	12240	0	0	81	81	125
32.725566	208	10973	11037	584	13992066119	17960	6975	0	0	12243	0	0	81	81	128
32.737023	208	10973	11037	584	13997505607	17968	6978	0	0	12247	0	0	81	81	125
32.750318	208	10973	11037	584	14003469383	17981	6984	0	0	12256	0	0	81	81	127
32.762456	208	10973	11037	584	14009171015	17987	6988	0	0	12258	0	0	81	81	126
32.774062	208	10973	11037	584	14014676039	17994	6989	0	0	12262	0	0	81	81	127
32.786085	208	10973	11037	585	14020129352	18002	6993	0	0	12267	0	0	81	81	127
32.797614	208	10973	11037	585	14025372232	18012	6999	0	0	12271	0	0	81	81	127
32.812251	208	10973	11037	585	14032319048	18017	7001	0	0	12274	0	0	81	81	127
32.821902	208	10973	11037	585	14036775496	18022	7006	0	0	12274	0	0	81	81	125
32.831955	208	10973	11037	586	14041311305	18027	7006	0	0	12279	0	0	81	81	127
32.841491	208	10973	11037	586	14045046857	18032	7008	0	0	12283	0	0	81	81	124
32.846985	208	10973	11037	586	14047602761	18037	7009	0	0	12286	0	0	81	81	126
32.856431	208	10973	11037	586	14051731529	18045	7013	0	0	12293	0	0	81	81	127
32.870675	208	10973	11037	586	14058481737	18056	7016	0	0	12303	0	0	81	81	125
32.883775	208	10973	11037	587	14064393802	18066	7019	0	0	12311	0	0	81	81	128
32.897265	208	10973	11037	587	14070947402	18075	7023	0	0	12317	0	0	81	81	125
32.905312	208	10973	11037	587	14074748490	18080	7025	0	0	12321	0	0	81	81	127
32.911689	208	10973	11037	587	14077828682	18083	7025	0	0	12324	0	0	81	81	127
32.918419	208	10973	11037	587	14080974410	18088	7026	0	0	12327	0	0	81	81	126
32.925130	208	10973	11037	587	14084316746	18090	7027	0	0	12328	0	0	81	81	124
32.933819	208	10973	11037	588	14088000587	18099	7030	0	0	12335	0	0	81	81	127
32.942968	208	10973	11037	588	14092260427	18106	7034	0	0	12339	0	0	81	81	125
32.950652	208	10973	11037	588	14095602763	18111	7038	0	0	12340	0	0	81	81	126
32.961660	208	10973	11037	588	14100452427	18116	7040	0	0	12343	0	0	81	81	127
32.971411	208	10973	11037	588	14105171019	18121	7041	0	0	12347	0	0	81	81	126
32.982567	208	10973	11037	588	14110479435	18125	7043	0	0	12349	0	0	81	81	127
32.991352	208	10973	11037	589	14114228812	18135	7045	0	0	12356	0	0	81	81	127
33.001498	208	10973	11037	589	14119012940	18138	7046	0	0	12359	0	0	81	81	124
33.015968	208	10973	11037	589	14124714572	18150	7049	0	0	12371	0	0	81	81	127
33.025437	208	10973	11037	589	14129039948	18159	7054	0	0	12378	0	0	81	81	127
33.035328	208	10973	11037	589	14132447820	18168	7061	0	0	12381	0	0	81	81	125
33.041742	208	10973	11037	589	14135134796	18168	7061	0	0	12381	0	0	81	81	125
33.048971	208	10973	11037	590	14138032205	18172	7062	0	0	12384	0	0	81	81	128
33.063161	208	10973	11037	590	14144913485	18178	7065	0	0	12386	0	0	81	81	127
33.075811	208	10973	11037	590	14150025293	18188	7068	0	0	12394	0	0	81	81	127
33.081356	208	10973	11037	590	14152253517	18195	7070	0	0	12399	0	0	81	81	127
33.089619	208	10973	11037	590	14156251213	18198	7072	0	0	12400	0	0	81	81	125
33.102417	208	10973	11037	591	14161704526	18210	7078	0	0	12407	0	0	81	81	127
33.113589	208	10973	11037	591	14167012942	18211	7079	0	0	12407	0	0	81	81	126
33.123732	208	10973	11037	591	14171665998	18215	7081	0	0	12410	0	0	81	81	127
33.133594	208	10973	11037	591	14176056910	18223	7084	0	0	12417	0	0	81	81	127
33.143108	208	10973	11037	591	14180447822	18229	7088	0	0	12421	0	0	81	81	125
33.151307	208	10973	11037	591	14183790158	18232	7090	0	0	12423	0	0	81	81	128
33.161444	208	10973	11037	592	14188325967	18235	7090	0	0	12426	0	0	81	81	126
33.176108	208	10973	11037	592	14195141711	18244	7092	0	0	12433	0	0	81	81	127
33.185441	208	10973	11037	592	14199336015	18251	7096	0	0	12438	0	0	81	81	127
33.197698	208	10973	11037	592	14205103183	18257	7100	0	0	12440	0	0	81	81	123
33.206554	208	10973	11037	593	14208983632	18264	7102	0	0	12445	0	0	81	81	128
33.214621	208	10973	11037	593	14212784720	18269	7103	0	0	12448	0	0	81	81	121
33.229534	208	10973	11037	593	14219862608	18279	7108	0	0	12454	0	0	81	81	127
33.239946	208	10973	11037	593	14224646736	18286	7110	0	0	12459	0	0	81	81	127
33.247684	208	10973	11037	593	14227923536	18291	7114	0	0	12461	0	0	81	81	124
33.259543	208	10973	11037	594	14232131665	18296	7116	0	0	12465	0	0	81	81	128
33.271606	208	10973	11037	594	14236784721	18303	7117	0	0	12472	0	0	81	81	123
33.279277	208	10973	11037	594	14240061521	18305	7118	0	0	12473	0	0	81	81	126
33.293346	208	10973	11037	594	14246287441	18313	7123	0	0	12478	0	0	81	81	127
33.299598	208	10973	11037	594	14249171025	18318	7126	0	0	12482	0	0	81	81	126
33.310169	208	10973	11037	594	14254151761	18324	7128	0	0	12486	0	0	81	81	127
33.317424	208	10973	11037	595	14257245778	18329	7129	0	0	12490	0	0	81	81	127
33.324225	208	10973	11037	595	14260588114	18330	7130	0	0	12490	0	0	81	81	125
33.333763	208	10973	11037	595	14265110098	18335	7130	0	0	12495	0	0	81	81	127
33.345820	208	10973	11037	595	14270680658	18346	7137	0	0	12500	0	0	81	81	127
33.354045	208	10973	11037	595	14274416210	18352	7141	0	0	12502	0	0	81	81	126
33.361240	208	10973	11037	595	14277824082	18355	7142	0	0	12504	0	0	81	81	126
33.368170	208	10973	11037	596	14280721491	18360	7144	0	0	12508	0	0	81	81	128
33.377029	208	10973	11037	596	14284915795	18364	7145	0	0	12511	0	0	81	81	121
33.390467	208	10973	11037	596	14291207251	18374	7150	0	0	12517	0	0	81	81	127
33.397036	208	10973	11037	596	14294025299	18381	7152	0	0	12523	0	0	81	81	127
33.408975	208	10973	11037	596	14299399251	18391	7158	0	0	12529	0	0	81	81	124
33.417211	208	10973	11037	596	14303265875	18398	7159	0	0	12535	0	0	81	81	127
33.425627	208	10973	11037	597	14307080788	18400	7160	0	0	12537	0	0	81	81	127
33.438545	208	10973	11037	597	14313175636	18411	7167	0	0	12542	0	0	81	81	127
33.448437	208	10973	11037	597	14316845652	18417	7168	0	0	12548	0	0	81	81	127
33.460061	208	10973	11037	597	14322088532	18425	7172	0	0	12554	0	0	81	81	126
33.467378	208	10973	11037	597	14325496404	18429	7176	0	0	12555	0	0	81	81	126
33.477692	208	10973	11037	598	14329966677	18436	7179	0	0	12560	0	0	81	81	127
33.492473	208	10973	11037	598	14336979029	18446	7183	0	0	12568	0	0	81	81	127
33.498901	208	10973	11037	598	14339928149	18451	7183	0	0	12573	0	0	81	81	127
33.506340	208	10973	11037	598	14342680661	18452	7184	0	0	12574	0	0	81	81	127
33.521248	208	10973	11037	598	14349496405	18465	7190	0	0	12583	0	0	81	81	126
33.530252	208	10973	11037	599	14353573462	18469	7191	0	0	12586	0	0	81	81	128
33.539602	208	10973	11037	599	14358095446	18474	7195	0	0	12588	0	0	81	81	125
33.545322	208	10973	11037	599	14360716886	18482	7197	0	0	12593	0	0	81	81	127
33.557767	208	10973	11037	599	14366549590	18491	7201	0	0	12600	0	0	81	81	127
33.572245	208	10973	11037	599	14373496406	18499	7204	0	0	12606	0	0	81	81	123
33.577784	208	10973	11037	599	14375921238	18506	7204	0	0	12612	0	0	81	81	128
33.586461	208	10973	11037	600	14379670615	18510	7206	0	0	12616	0	0	81	81	126
33.601410	208	10973	11037	600	14386945111	18512	7208	0	0	12617	0	0	81	81	127
33.613993	208	10973	11037	600	14392777815	18518	7211	0	0	12623	0	0	81	81	127
33.622074	208	10973	11037	600	14396513367	18522	7214	0	0	12625	0	0	81	81	125
33.636362	208	10973	11037	601	14402818648	18533	7215	0	0	12635	0	0	81	81	126
33.645604	208	10973	11037	601	14406685272	18537	7216	0	0	12638	0	0	81	81	123
33.659673	208	10973	11037	601	14413107800	18542	7216	0	0	12643	0	0	81	81	127
33.670611	208	10973	11037	601	14417498712	18554	7218	0	0	12654	0	0	81	81	126
33.675859	208	10973	11037	601	14419923544	18556	7218	0	0	12656	0	0	81	81	124
33.688377	208	10973	11037	602	14425573465	18563	7219	0	0	12662	0	0	81	81	127
33.699912	208	10973	11037	602	14431144025	18567	7222	0	0	12663	0	0	81	81	125
33.713452	208	10973	11037	602	14437632089	18575	7225	0	0	12667	0	0	81	81	127
33.719950	208	10973	11037	602	14440712281	18578	7226	0	0	12669	0	0	81	81	127
33.725666	208	10973	11037	602	14443464793	18579	7227	0	0	12670	0	0	81	81	126
33.740764	208	10973	11037	603	14450425434	18586	7230	0	0	12675	0	0	81	81	127
33.750559	208	10973	11037	603	14455012954	18593	7233	0	0	12679	0	0	81	81	126
33.763876	208	10973	11037	603	14461435482	18597	7234	0	0	12682	0	0	81	81	127
33.769147	208	10973	11037	603	14463794778	18599	7234	0	0	12684	0	0	81	81	127
33.782951	208	10973	11037	603	14470217306	18609	7239	0	0	12689	0	0	81	81	127
33.796630	208	10973	11037	604	14476325979	18620	7242	0	0	12699	0	0	81	81	125
33.803862	208	10973	11037	604	14479537243	18629	7248	0	0	12703	0	0	81	81	126
33.818960	208	10973	11037	604	14486418523	18646	7253	0	0	12717	0	0	81	81	127
33.824725	208	10973	11037	604	14489171035	18648	7254	0	0	12719	0	0	81	81	127
33.832149	208	10973	11037	604	14492251227	18651	7255	0	0	12721	0	0	81	81	121
33.845956	208	10973	11037	605	14498294364	18663	7259	0	0	12730	0	0	81	81	127
33.852203	208	10973	11037	605	14501440092	18664	7259	0	0	12730	0	0	81	81	125
33.858267	208	10973	11037	605	14504192604	18667	7263	0	0	12732	0	0	81	81	126
33.866514	208	10973	11037	605	14507862620	18673	7265	0	0	12736	0	0	81	81	127
33.878832	208	10973	11037	605	14513367644	18688	7272	0	0	12744	0	0	81	81	126
33.888203	208	10973	11037	605	14517693020	18697	7278	0	0	12749	0	0	81	81	127
33.895442	208	10973	11037	606	14520655965	18701	7278	0	0	12753	0	0	81	81	128
33.907962	208	10973	11037	606	14526554205	18708	7280	0	0	12759	0	0	81	81	126
33.918397	208	10973	11037	606	14531469405	18714	7283	0	0	12764	0	0	81	81	127
33.931875	208	10973	11037	606	14537891933	18721	7286	0	0	12770	0	0	81	81	126
33.941533	208	10973	11037	606	14541955165	18726	7288	0	0	12775	0	0	81	81	127
33.949589	208	10973	11037	607	14545376862	18730	7289	0	0	12778	0	0	81	81	127
33.961570	208	10973	11037	607	14550685278	18740	7293	0	0	12785	0	0	81	81	125
33.976481	208	10973	11037	607	14557697630	18752	7297	0	0	12795	0	0	81	81	127
33.981814	208	10973	11037	607	14560253534	18754	7297	0	0	12796	0	0	81	81	127
33.993038	208	10973	11037	607	14565365342	18759	7297	0	0	12801	0	0	81	81	126
34.007704	208	10973	11037	608	14571932767	18770	7299	0	0	12810	0	0	81	81	125
34.013618	208	10973	11037	608	14574685279	18773	7302	0	0	12810	0	0	81	81	123
34.028225	208	10973	11037	608	14581566559	18782	7303	0	0	12818	0	0	81	81	127
34.036435	208	10973	11037	608	14585433183	18786	7304	0	0	12822	0	0	81	81	126
34.043519	208	10973	11037	608	14588841055	18788	7306	0	0	12823	0	0	81	81	125
34.057555	208	10973	11037	609	14595277408	18796	7308	0	0	12830	0	0	81	81	127
34.067915	208	10973	11037	609	14600061536	18803	7311	0	0	12835	0	0	81	81	126
34.073849	208	10973	11037	609	14602879584	18805	7312	0	0	12837	0	0	81	81	127
34.081287	208	10973	11037	609	14606090848	18809	7315	0	0	12839	0	0	81	81	127
34.088299	208	10973	11037	609	14609433184	18812	7316	0	0	12841	0	0	81	81	127
34.103028	208	10973	11037	610	14616066145	18821	7321	0	0	12846	0	0	81	81	128
34.109052	208	10973	11037	610	14618818657	18825	7322	0	0	12849	0	0	81	81	126
34.116458	208	10973	11037	610	14622292065	18829	7325	0	0	12850	0	0	81	81	126
34.123880	208	10973	11037	610	14625765473	18834	7327	0	0	12853	0	0	81	81	127
34.136956	208	10973	11037	610	14631729249	18843	7331	0	0	12860	0	0	81	81	127
34.142817	208	10973	11037	610	14634088545	18847	7333	0	0	12862	0	0	81	81	126
34.154014	208	10973	11037	610	14639331425	18856	7339	0	0	12866	0	0	81	81	127
34.165142	208	10973	11037	611	14644260450	18859	7341	0	0	12867	0	0	81	81	126
34.176543	208	10973	11037	611	14649568866	18863	7343	0	0	12869	0	0	81	81	127
34.187998	208	10973	11037	611	14654877282	18871	7345	0	0	12877	0	0	81	81	127
34.199148	208	10973	11037	611	14660120162	18877	7348	0	0	12881	0	0	81	81	123
34.214195	208	10973	11037	612	14665049187	18885	7349	0	0	12888	0	0	81	81	128
34.229147	208	10973	11037	612	14670488675	18891	7352	0	0	12892	0	0	81	81	124
34.239014	208	10973	11037	612	14674945123	18900	7355	0	0	12899	0	0	81	81	127
34.251597	208	10973	11037	612	14680777827	18908	7357	0	0	12907	0	0	81	81	127
34.262916	208	10973	11037	612	14686348387	18912	7358	0	0	12910	0	0	81	81	127
34.271453	208	10973	11037	613	14690097764	18916	7361	0	0	12913	0	0	81	81	128
34.282221	208	10973	11037	613	14695144036	18920	7364	0	0	12914	0	0	81	81	125
34.289934	208	10973	11037	613	14698682980	18925	7366	0	0	12919	0	0	81	81	127
34.302006	208	10973	11037	613	14704319076	18932	7368	0	0	12924	0	0	81	81	127
34.314388	208	10973	11037	613	14710151780	18938	7374	0	0	12926	0	0	81	81	127
34.320267	208	10973	11037	614	14712655973	18942	7375	0	0	12930	0	0	81	81	128
34.327189	208	10973	11037	614	14715539557	18950	7380	0	0	12935	0	0	81	81	127
34.340553	208	10973	11037	614	14722093157	18955	7383	0	0	12938	0	0	81	81	127
34.351707	208	10973	11037	614	14727204965	18964	7386	0	0	12946	0	0	81	81	127
34.361669	208	10973	11037	614	14731399269	18968	7388	0	0	12948	0	0	81	81	123
34.372366	208	10973	11037	615	14736328294	18972	7388	0	0	12952	0	0	81	81	128
34.383219	208	10973	11037	615	14741440102	18980	7393	0	0	12958	0	0	81	81	122
34.396063	208	10973	11037	615	14747338342	18993	7398	0	0	12967	0	0	81	81	127
34.409224	208	10973	11037	615	14753498726	19002	7402	0	0	12973	0	0	81	81	126
34.414773	208	10973	11037	615	14756185702	19004	7403	0	0	12974	0	0	81	81	125
34.423316	208	10973	11037	616	14760000615	19011	7407	0	0	12977	0	0	81	81	127
34.430145	208	10973	11037	616	14763080807	19012	7407	0	0	12978	0	0	81	81	126
34.440179	208	10973	11037	616	14767864935	19017	7410	0	0	12981	0	0	81	81	127
34.449808	208	10973	11037	616	14772583527	19020	7412	0	0	12983	0	0	81	81	127
34.455388	208	10973	11037	616	14775204967	19023	7413	0	0	12985	0	0	81	81	127
34.470380	208	10973	11037	616	14782151783	19031	7419	0	0	12987	0	0	81	81	126
34.480768	208	10973	11037	617	14786753128	19038	7422	0	0	12993	0	0	81	81	127
34.492073	208	10973	11037	617	14791799400	19043	7425	0	0	12995	0	0	81	81	126
34.497443	208	10973	11037	617	14794224232	19045	7426	0	0	12996	0	0	81	81	127
34.510391	208	10973	11037	617	14800188008	19055	7433	0	0	13001	0	0	81	81	127
34.516542	208	10973	11037	617	14803137128	19058	7436	0	0	13002	0	0	81	81	124
34.527227	208	10973	11037	618	14808000617	19070	7442	0	0	13011	0	0	81	81	128
34.537590	208	10973	11037	618	14811998313	19078	7444	0	0	13017	0	0	81	81	125
34.543922	208	10973	11037	618	14815078505	19081	7445	0	0	13020	0	0	81	81	126
34.549594	208	10973	11037	618	14817699945	19082	7445	0	0	13021	0	0	81	81	127
34.555011	208	10973	11037	618	14820255849	19086	7445	0	0	13025	0	0	81	81	127
34.564457	208	10973	11037	618	14824777833	19091	7447	0	0	13029	0	0	81	81	126
34.572157	208	10973	11037	618	14828447849	19096	7451	0	0	13030	0	0	81	81	125
34.585947	208	10973	11037	619	14833835626	19100	7454	0	0	13033	0	0	81	81	127
34.593443	208	10973	11037	619	14837309034	19103	7456	0	0	13034	0	0	81	81	120
34.599178	208	10973	11037	619	14840061546	19104	7457	0	0	13035	0	0	81	81	126
34.605665	208	10973	11037	619	14843076202	19109	7460	0	0	13038	0	0	81	81	127
34.613361	208	10973	11037	619	14846549610	19117	7463	0	0	13044	0	0	81	81	127
34.622541	208	10973	11037	619	14850874986	19122	7465	0	0	13048	0	0	81	81	126
34.636542	208	10973	11037	620	14857180267	19129	7469	0	0	13051	0	0	81	81	127
34.646022	208	10973	11037	620	14861767787	19131	7470	0	0	13053	0	0	81	81	126
34.657839	208	10973	11037	620	14867076203	19142	7474	0	0	13062	0	0	81	81	127
34.665142	208	10973	11037	620	14869697643	19144	7475	0	0	13063	0	0	81	81	127
34.679867	208	10973	11037	620	14876316779	19154	7482	0	0	13067	0	0	81	81	125
34.691099	208	10973	11037	621	14880590444	19158	7482	0	0	13071	0	0	81	81	128
34.699652	208	10973	11037	621	14884588140	19160	7483	0	0	13072	0	0	81	81	127
34.710909	208	10973	11037	621	14889962092	19166	7484	0	0	13078	0	0	81	81	127
34.720294	208	10973	11037	621	14893828716	19176	7487	0	0	13087	0	0	81	81	127
34.728823	208	10973	11037	621	14897498732	19177	7488	0	0	13088	0	0	81	81	127
34.740558	208	10973	11037	621	14903003756	19183	7492	0	0	13091	0	0	81	81	127
34.750112	208	10973	11037	622	14907408493	19186	7494	0	0	13093	0	0	81	81	127
34.763136	208	10973	11037	622	14913699949	19189	7495	0	0	13095	0	0	81	81	127
34.777198	208	10973	11037	622	14920515693	19196	7498	0	0	13098	0	0	81	81	126
34.787455	208	10973	11037	622	14925234285	19203	7502	0	0	13103	0	0	81	81	126
34.796905	208	10973	11037	623	14929442414	19205	7504	0	0	13103	0	0	81	81	127
34.804844	208	10973	11037	623	14933243502	19208	7505	0	0	13105	0	0	81	81	124
34.819648	208	10973	11037	623	14939993710	19219	7508	0	0	13113	0	0	81	81	127
34.830878	208	10973	11037	623	14945105518	19228	7514	0	0	13117	0	0	81	81	126
34.844063	208	10973	11037	623	14951134830	19235	7517	0	0	13121	0	0	81	81	127
34.858929	208	10973	11037	624	14957177967	19243	7522	0	0	13126	0	0	81	81	127
34.869808	208	10973	11037	624	14961699951	19250	7527	0	0	13128	0	0	81	81	127
34.880877	208	10973	11037	624	14966680687	19258	7529	0	0	13135	0	0	81	81	127
34.894607	208	10973	11037	624	14973365359	19260	7529	0	0	13137	0	0	81	81	125
34.905720	208	10973	11037	625	14977966704	19271	7536	0	0	13145	0	0	81	81	127
34.911192	208	10973	11037	625	14980588144	19272	7537	0	0	13145	0	0	81	81	126
34.918352	208	10973	11037	625	14983930480	19275	7538	0	0	13146	0	0	81	81	127
34.925675	208	10973	11037	625	14987141744	19282	7542	0	0	13153	0	0	81	81	127
34.933052	208	10973	11037	625	14990680688	19285	7543	0	0	13155	0	0	81	81	127
34.946045	208	10973	11037	625	14996841072	19292	7545	0	0	13159	0	0	81	81	124
34.952305	208	10973	11037	625	14999724656	19295	7547	0	0	13161	0	0	81	81	128
34.964901	208	10973	11037	626	15005505649	19302	7549	0	0	13166	0	0	81	81	125
34.973700	208	10973	11037	626	15009765489	19305	7551	0	0	13167	0	0	81	81	127
34.988709	208	10973	11037	626	15016581233	19317	7556	0	0	13178	0	0	81	81	126
34.996897	208	10973	11037	626	15020251249	19323	7559	0	0	13182	0	0	81	81	125
35.007717	208	10973	11037	627	15025049202	19327	7560	0	0	13185	0	0	81	81	127
35.017050	208	10973	11037	627	15029374578	19331	7563	0	0	13186	0	0	81	81	123
35.022623	208	10973	11037	627	15031996018	19334	7565	0	0	13187	0	0	81	81	126
35.035248	208	10973	11037	627	15036845682	19338	7568	0	0	13189	0	0	81	81	127
35.048085	208	10973	11037	627	15042874994	19345	7571	0	0	13194	0	0	81	81	125
35.059378	208	10973	11037	627	15047396978	19350	7574	0	0	13196	0	0	81	81	128
35.071898	208	10973	11037	628	15051605107	19354	7574	0	0	13201	0	0	81	81	126
35.085076	208	10973	11037	628	15057437811	19363	7576	0	0	13209	0	0	81	81	127
35.095308	208	10973	11037	628	15061501043	19371	7579	0	0	13215	0	0	81	81	127
35.104186	208	10973	11037	628	15065695347	19374	7581	0	0	13217	0	0	81	81	126
35.113500	208	10973	11037	628	15069758579	19380	7583	0	0	13221	0	0	81	81	127
35.118847	208	10973	11037	629	15072000628	19383	7584	0	0	13223	0	0	81	81	128
35.132121	208	10973	11037	629	15077964404	19393	7587	0	0	13232	0	0	81	81	125
35.143738	208	10973	11037	629	15083534964	19399	7588	0	0	13237	0	0	81	81	127
35.153300	208	10973	11037	629	15088122484	19404	7589	0	0	13243	0	0	81	81	127
35.158855	208	10973	11037	629	15090678388	19406	7589	0	0	13245	0	0	81	81	126
35.170260	208	10973	11037	629	15095069300	19410	7590	0	0	13249	0	0	81	81	127
35.185456	208	10973	11037	630	15102161013	19415	7593	0	0	13251	0	0	81	81	126
35.192684	208	10973	11037	630	15105437813	19418	7595	0	0	13253	0	0	81	81	127
35.200544	208	10973	11037	630	15109042293	19422	7597	0	0	13256	0	0	81	81	127
35.211342	208	10973	11037	630	15114088565	19429	7600	0	0	13260	0	0	81	81	126
35.225649	208	10973	11037	630	15119724661	19435	7601	0	0	13265	0	0	81	81	127
35.233537	208	10973	11037	631	15122753142	19441	7602	0	0	13271	0	0	81	81	127
35.243447	208	10973	11037	631	15127275126	19445	7605	0	0	13272	0	0	81	81	126
35.253791	208	10973	11037	631	15131928182	19451	7606	0	0	13278	0	0	81	81	127
35.265297	208	10973	11037	631	15136974454	19459	7611	0	0	13284	0	0	81	81	127
35.275010	208	10973	11037	631	15141234294	19466	7615	0	0	13288	0	0	81	81	126
35.287619	208	10973	11037	632	15146818679	19474	7618	0	0	13294	0	0	81	81	127
35.294690	208	10973	11037	632	15150161015	19478	7620	0	0	13296	0	0	81	81	125
35.300407	208	10973	11037	632	15152847991	19479	7621	0	0	13297	0	0	81	81	126
35.307690	208	10973	11037	632	15156190327	19485	7624	0	0	13301	0	0	81	81	127
35.317240	208	10973	11037	632	15160581239	19490	7625	0	0	13305	0	0	81	81	126
35.326940	208	10973	11037	632	15165103223	19492	7626	0	0	13306	0	0	81	81	123
35.338751	208	10973	11037	633	15170228856	19497	7627	0	0	13309	0	0	81	81	128
35.344726	208	10973	11037	633	15172850296	19498	7627	0	0	13309	0	0	81	81	126
35.354553	208	10973	11037	633	15177372280	19504	7630	0	0	13312	0	0	81	81	127
35.361353	208	10973	11037	633	15179993720	19511	7632	0	0	13318	0	0	81	81	127
35.375998	208	10973	11037	633	15186940536	19518	7634	0	0	13324	0	0	81	81	126
35.384097	208	10973	11037	633	15190741624	19522	7637	0	0	13325	0	0	81	81	127
35.390152	208	10973	11037	634	15193245817	19525	7640	0	0	13325	0	0	81	81	128
35.400707	208	10973	11037	634	15197309049	19530	7642	0	0	13328	0	0	81	81	125
35.411059	208	10973	11037	634	15201110137	19535	7643	0	0	13332	0	0	81	81	127
35.425983	208	10973	11037	634	15207336057	19544	7648	0	0	13340	0	0	81	81	127
35.440760	208	10973	11037	634	15213889657	19554	7652	0	0	13348	0	0	81	81	127
35.448868	208	10973	11037	635	15217245818	19560	7653	0	0	13353	0	0	81	81	127
35.461449	208	10973	11037	635	15222685306	19568	7658	0	0	13359	0	0	81	81	126
35.476521	208	10973	11037	635	15229501050	19575	7661	0	0	13365	0	0	81	81	127
35.488692	208	10973	11037	635	15234809466	19585	7665	0	0	13373	0	0	81	81	126
35.502744	208	10973	11037	636	15240000635	19589	7667	0	0	13375	0	0	81	81	127
35.512451	208	10973	11037	636	15243867259	19593	7669	0	0	13378	0	0	81	81	126
35.522602	208	10973	11037	636	15248127099	19597	7672	0	0	13379	0	0	81	81	126
35.535739	208	10973	11037	636	15253894267	19608	7677	0	0	13386	0	0	81	81	127
35.546902	208	10973	11037	636	15258875003	19611	7678	0	0	13388	0	0	81	81	125
35.555609	208	10973	11037	636	15263003771	19613	7678	0	0	13390	0	0	81	81	127
35.570204	208	10973	11037	637	15269374588	19618	7679	0	0	13395	0	0	81	81	126
35.584355	208	10973	11037	637	15275993724	19627	7683	0	0	13400	0	0	81	81	127
35.593475	208	10973	11037	637	15279794812	19631	7684	0	0	13403	0	0	81	81	127
35.601599	208	10973	11037	637	15283595900	19634	7688	0	0	13404	0	0	81	81	121
35.612586	208	10973	11037	638	15288524925	19640	7689	0	0	13408	0	0	81	81	128
35.621261	208	10973	11037	638	15292522621	19646	7690	0	0	13414	0	0	81	81	123
35.626842	208	10973	11037	638	15294816381	19647	7691	0	0	13414	0	0	81	81	123
35.637701	208	10973	11037	638	15299141757	19653	7696	0	0	13417	0	0	81	81	127
35.647941	208	10973	11037	638	15303139453	19659	7700	0	0	13421	0	0	81	81	127
35.656378	208	10973	11037	638	15306612861	19664	7701	0	0	13425	0	0	81	81	125
35.661882	208	10973	11037	638	15308578941	19665	7702	0	0	13425	0	0	81	81	125
35.675034	208	10973	11037	639	15314032254	19674	7704	0	0	13432	0	0	81	81	127
35.684131	208	10973	11037	639	15318423166	19676	7705	0	0	13433	0	0	81	81	126
35.695126	208	10973	11037	639	15323666046	19680	7706	0	0	13436	0	0	81	81	127
35.701613	208	10973	11037	639	15326680702	19684	7707	0	0	13440	0	0	81	81	127
35.707037	208	10973	11037	639	15329105534	19687	7708	0	0	13442	0	0	81	81	127
35.719366	208	10973	11037	639	15334872702	19689	7709	0	0	13443	0	0	81	81	123
35.733108	208	10973	11037	640	15340653695	19704	7715	0	0	13453	0	0	81	81	124
35.740809	208	10973	11037	640	15344389247	19706	7717	0	0	13453	0	0	81	81	127
35.748977	208	10973	11037	640	15347928191	19708	7718	0	0	13454	0	0	81	81	127
35.756833	208	10973	11037	640	15351794815	19710	7719	0	0	13455	0	0	81	81	127
35.766619	208	10973	11037	640	15356054655	19714	7723	0	0	13457	0	0	81	81	123
35.780602	208	10973	11037	641	15360656000	19726	7726	0	0	13466	0	0	81	81	128
35.789580	208	10973	11037	641	15364522624	19747	7726	0	0	13487	0	0	81	81	123
35.797946	208	10973	11037	641	15367996032	19771	7728	0	0	13509	0	0	81	81	127
35.810599	208	10973	11037	641	15372845696	19814	7733	0	0	13548	0	0	81	81	127
35.820254	208	10973	11037	641	15375532672	19840	7734	0	0	13572	0	0	81	81	127
35.828936	208	10973	11037	641	15378743936	19869	7737	0	0	13600	0	0	81	81	125
35.835425	208	10973	11037	641	15381365376	19886	7740	0	0	13615	0	0	81	81	126
35.844235	208	10973	11037	642	15384852609	19905	7741	0	0	13633	0	0	81	81	128
35.850366	208	10973	11037	642	15387342977	19923	7741	0	0	13651	0	0	81	81	126
35.861399	208	10973	11037	642	15391668353	19960	7745	0	0	13685	0	0	81	81	126
35.874710	208	10973	11037	642	15396845697	20001	7748	0	0	13726	0	0	81	81	127
35.887695	208	10973	11037	642	15400974465	20037	7752	0	0	13760	0	0	81	81	126
35.899934	208	10973	11037	642	15405168769	20073	7755	0	0	13796	0	0	81	81	126
35.911760	208	10973	11037	643	15409770114	20101	7759	0	0	13820	0	0	81	81	127
35.917380	208	10973	11037	643	15411998338	20117	7759	0	0	13836	0	0	81	81	125
35.926711	208	10973	11037	643	15415799426	20141	7763	0	0	13860	0	0	81	81	126
35.939722	208	10973	11037	643	15421042306	20182	7766	0	0	13898	0	0	81	81	127
35.947038	208	10973	11037	643	15423860354	20207	7767	0	0	13923	0	0	81	81	127
35.954511	208	10973	11037	643	15426809474	20229	7768	0	0	13944	0	0	81	81	124
35.968284	208	10973	11037	644	15432000643	20264	7773	0	0	13977	0	0	81	81	128
35.974282	208	10973	11037	644	15434294403	20287	7774	0	0	13999	0	0	81	81	127
35.982938	208	10973	11037	644	15437702275	20313	7776	0	0	14023	0	0	81	81	125
35.991500	208	10973	11037	644	15441110147	20335	7781	0	0	14043	0	0	81	81	127
35.999658	208	10973	11037	644	15443207299	20350	7783	0	0	14058	0	0	81	81	127
36.007954	208	10973	11037	644	15446156419	20383	7783	0	0	14091	0	0	81	81	127
36.022920	208	10973	11037	644	15451268227	20436	7789	0	0	14141	0	0	81	81	123
36.032043	208	10973	11037	644	15454872707	20455	7794	0	0	14157	0	0	81	81	127
36.045809	208	10973	11037	645	15459867268	20485	7798	0	0	14186	0	0	81	81	126
36.052395	208	10973	11037	645	15462554244	20503	7800	0	0	14204	0	0	81	81	126
36.065604	208	10973	11037	645	15467272836	20545	7805	0	0	14241	0	0	81	81	127
36.076049	208	10973	11037	645	15470942852	20564	7807	0	0	14260	0	0	81	81	127
36.084656	208	10973	11037	645	15474416260	20593	7808	0	0	14288	0	0	81	81	125
36.093587	208	10973	11037	645	15477955204	20624	7816	0	0	14314	0	0	81	81	127
36.104884	208	10973	11037	646	15482097797	20648	7817	0	0	14337	0	0	81	81	127
36.111081	208	10973	11037	646	15484588165	20666	7819	0	0	14354	0	0	81	81	123
36.119272	208	10973	11037	646	15487864965	20691	7821	0	0	14379	0	0	81	81	127
36.128674	208	10973	11037	646	15491731589	20718	7824	0	0	14405	0	0	81	81	127
36.137472	208	10973	11037	646	15494615173	20740	7827	0	0	14427	0	0	81	81	127
36.143918	208	10973	11037	646	15497171077	20764	7828	0	0	14449	0	0	81	81	126
36.151722	208	10973	11037	646	15499464837	20791	7829	0	0	14476	0	0	81	81	121
36.164019	208	10973	11037	647	15504197254	20831	7836	0	0	14513	0	0	81	81	128
36.170881	208	10973	11037	647	15506884230	20856	7837	0	0	14538	0	0	81	81	126
36.181118	208	10973	11037	647	15511209606	20881	7840	0	0	14561	0	0	81	81	126
36.194581	208	10973	11037	647	15516714630	20922	7845	0	0	14597	0	0	81	81	127
36.204802	208	10973	11037	647	15520646790	20959	7847	0	0	14636	0	0	81	81	126
36.211690	208	10973	11037	647	15523268230	20984	7848	0	0	14659	0	0	81	81	123
36.220519	208	10973	11037	647	15526741638	21011	7851	0	0	14686	0	0	81	81	127
36.232185	208	10973	11037	648	15530097799	21047	7856	0	0	14720	0	0	81	81	127
36.240179	208	10973	11037	648	15533374599	21073	7859	0	0	14741	0	0	81	81	125
36.248407	208	10973	11037	648	15536454791	21104	7864	0	0	14771	0	0	81	81	127
36.262420	208	10973	11037	648	15541501063	21143	7865	0	0	14809	0	0	81	81	127
36.270444	208	10973	11037	648	15544581255	21172	7871	0	0	14836	0	0	81	81	126
36.279484	208	10973	11037	648	15547530375	21189	7872	0	0	14852	0	0	81	81	124
36.286662	208	10973	11037	648	15550545031	21210	7874	0	0	14872	0	0	81	81	127
36.296528	208	10973	11037	649	15554228872	21242	7878	0	0	14903	0	0	81	81	127
36.306412	208	10973	11037	649	15558357640	21271	7881	0	0	14928	0	0	81	81	126
36.321551	208	10973	11037	649	15564386952	21321	7885	0	0	14977	0	0	81	81	127
36.333109	208	10973	11037	649	15569040008	21350	7886	0	0	15006	0	0	81	81	126
36.344937	208	10973	11037	649	15573955208	21387	7888	0	0	15040	0	0	81	81	127
36.350251	208	10973	11037	649	15575986824	21406	7890	0	0	15059	0	0	81	81	128
36.355591	208	10973	11037	650	15578032265	21416	7890	0	0	15069	0	0	81	81	127
36.365066	208	10973	11037	650	15581833353	21449	7894	0	0	15100	0	0	81	81	125
36.377288	208	10973	11037	650	15585437833	21481	7894	0	0	15132	0	0	81	81	127
36.387586	208	10973	11037	650	15589369993	21524	7895	0	0	15175	0	0	81	81	127
36.398657	208	10973	11037	650	15593826441	21554	7898	0	0	15201	0	0	81	81	126
36.404970	208	10973	11037	650	15596513417	21573	7900	0	0	15219	0	0	81	81	125
36.416183	208	10973	11037	651	15600787082	21607	7902	0	0	15252	0	0	81	81	128
36.425185	208	10973	11037	651	15604522634	21633	7904	0	0	15277	0	0	81	81	123
36.437706	208	10973	11037	651	15609634442	21671	7909	0	0	15313	0	0	81	81	127
36.451986	208	10973	11037	651	15615467146	21712	7912	0	0	15352	0	0	81	81	127
36.462761	208	10973	11037	651	15619268234	21746	7918	0	0	15382	0	0	81	81	123
36.473612	208	10973	11037	651	15623855754	21780	7920	0	0	15414	0	0	81	81	128
36.479895	208	10973	11037	652	15625442443	21794	7920	0	0	15429	0	0	81	81	127
36.491755	208	10973	11037	652	15629964427	21827	7927	0	0	15457	0	0	81	81	125
36.505365	208	10973	11037	652	15635469451	21868	7933	0	0	15495	0	0	81	81	127
36.519822	208	10973	11037	652	15641302155	21913	7935	0	0	15539	0	0	81	81	126
36.526414	208	10973	11037	652	15643792523	21936	7941	0	0	15560	0	0	81	81	123
36.540125	208	10973	11037	653	15648852620	21972	7943	0	0	15595	0	0	81	81	127
36.546817	208	10973	11037	653	15651670668	21985	7944	0	0	15607	0	0	81	81	125
36.552258	208	10973	11037	653	15653767820	22006	7945	0	0	15628	0	0	81	81	125
36.559022	208	10973	11037	653	15656389260	22033	7949	0	0	15652	0	0	81	81	127
36.571742	208	10973	11037	653	15661632140	22066	7953	0	0	15682	0	0	81	81	127
36.580910	208	10973	11037	653	15665236620	22096	7956	0	0	15712	0	0	81	81	126
36.588620	208	10973	11037	653	15668054668	22122	7960	0	0	15737	0	0	81	81	125
36.600921	208	10973	11037	654	15672197261	22149	7962	0	0	15764	0	0	81	81	128
36.608525	208	10973	11037	654	15675080845	22168	7965	0	0	15783	0	0	81	81	126
36.613952	208	10973	11037	654	15677243533	22182	7967	0	0	15796	0	0	81	81	124
36.620023	208	10973	11037	654	15679799437	22198	7967	0	0	15812	0	0	81	81	126
36.625274	208	10973	11037	654	15681896589	22215	7967	0	0	15829	0	0	81	81	127
36.631701	208	10973	11037	654	15684386957	22230	7968	0	0	15843	0	0	81	81	127
36.638240	208	10973	11037	654	15686942861	22254	7970	0	0	15865	0	0	81	81	127
36.643732	208	10973	11037	654	15689105549	22269	7970	0	0	15879	0	0	81	81	126
36.652249	208	10973	11037	654	15692251277	22298	7976	0	0	15903	0	0	81	81	125
36.660137	208	10973	11037	654	15695397005	22320	7977	0	0	15926	0	0	81	81	128
36.671820	208	10973	11037	655	15699211918	22335	7977	0	0	15941	0	0	81	81	126
36.682245	208	10973	11037	655	15703144078	22379	7980	0	0	15982	0	0	81	81	126
36.687785	208	10973	11037	655	15705241230	22401	7981	0	0	16004	0	0	81	81	127
36.694652	208	10973	11037	655	15707731598	22426	7982	0	0	16027	0	0	81	81	127
36.709427	208	10973	11037	655	15713695374	22476	7986	0	0	16076	0	0	81	81	126
36.717306	208	10973	11037	655	15716906638	22498	7989	0	0	16096	0	0	81	81	126
36.732055	208	10973	11037	656	15722622095	22542	7993	0	0	16138	0	0	81	81	126
36.739749	208	10973	11037	656	15725898895	22562	7998	0	0	16155	0	0	81	81	125
36.745766	208	10973	11037	656	15728061583	22578	8000	0	0	16169	0	0	81	81	127
36.757934	208	10973	11037	656	15732911247	22617	8004	0	0	16206	0	0	81	81	127
36.763994	208	10973	11037	656	15735073935	22639	8004	0	0	16228	0	0	81	81	127
36.776966	208	10973	11037	656	15740054671	22691	8012	0	0	16277	0	0	81	81	124
36.783192	208	10973	11037	656	15742610575	22711	8012	0	0	16297	0	0	81	81	127
36.789695	208	10973	11037	657	15745114768	22726	8015	0	0	16310	0	0	81	81	127
36.796200	208	10973	11037	657	15747867280	22744	8015	0	0	16327	0	0	81	81	125
36.809503	208	10973	11037	657	15752323728	22789	8022	0	0	16367	0	0	81	81	127
36.820278	208	10973	11037	657	15756583568	22820	8028	0	0	16398	0	0	81	81	127
36.834003	208	10973	11037	657	15762285200	22865	8031	0	0	16439	0	0	81	81	125
36.847982	208	10973	11037	658	15768000657	22905	8037	0	0	16478	0	0	81	81	128
36.861283	208	10973	11037	658	15771932817	22934	8039	0	0	16505	0	0	81	81	125
36.876270	208	10973	11037	658	15778027665	22977	8045	0	0	16545	0	0	81	81	127
36.886222	208	10973	11037	658	15781566609	23000	8046	0	0	16568	0	0	81	81	127
36.893063	208	10973	11037	658	15784056977	23022	8049	0	0	16588	0	0	81	81	127
36.898655	208	10973	11037	658	15786285201	23038	8051	0	0	16602	0	0	81	81	125
36.907660	208	10973	11037	658	15789824145	23067	8053	0	0	16631	0	0	81	81	127
36.919451	208	10973	11037	659	15792918162	23106	8057	0	0	16667	0	0	81	81	127
36.933428	208	10973	11037	659	15798161042	23161	8066	0	0	16717	0	0	81	81	126
36.945123	208	10973	11037	659	15801962130	23184	8071	0	0	16738	0	0	81	81	127
36.951341	208	10973	11037	659	15804124818	23205	8072	0	0	16759	0	0	81	81	127
36.965220	208	10973	11037	659	15809105554	23243	8076	0	0	16796	0	0	81	81	126
36.976171	208	10973	11037	659	15813234322	23267	8082	0	0	16817	0	0	81	81	126
36.983858	208	10973	11037	659	15815921298	23290	8084	0	0	16839	0	0	81	81	128
36.996004	208	10973	11037	660	15819736211	23318	8087	0	0	16866	0	0	81	81	125
37.003624	208	10973	11037	660	15822619795	23341	8091	0	0	16886	0	0	81	81	126
37.015120	208	10973	11037	660	15826420883	23370	8092	0	0	16915	0	0	81	81	127
37.024070	208	10973	11037	660	15829697683	23395	8096	0	0	16938	0	0	81	81	127
37.031026	208	10973	11037	660	15832188051	23416	8097	0	0	16959	0	0	81	81	127
37.036458	208	10973	11037	660	15834088595	23430	8098	0	0	16973	0	0	81	81	126
37.047332	208	10973	11037	660	15838217363	23457	8103	0	0	16999	0	0	81	81	127
37.055725	208	10973	11037	661	15840590484	23473	8105	0	0	17013	0	0	81	81	128
37.062917	208	10973	11037	661	15843211924	23495	8106	0	0	17035	0	0	81	81	126
37.076410	208	10973	11037	661	15848192660	23532	8110	0	0	17071	0	0	81	81	127
37.087778	208	10973	11037	661	15852190356	23571	8115	0	0	17110	0	0	81	81	127
37.096973	208	10973	11037	661	15855467156	23598	8118	0	0	17135	0	0	81	81	127
37.111282	208	10973	11037	661	15860775572	23639	8123	0	0	17175	0	0	81	81	126
37.118709	208	10973	11037	661	15863593620	23660	8124	0	0	17194	0	0	81	81	128
37.131337	208	10973	11037	662	15867539605	23700	8129	0	0	17233	0	0	81	81	126
37.143323	208	10973	11037	662	15871930517	23726	8132	0	0	17258	0	0	81	81	127
37.148620	208	10973	11037	662	15873831061	23745	8132	0	0	17277	0	0	81	81	127
37.158300	208	10973	11037	662	15877370005	23773	8135	0	0	17305	0	0	81	81	127
37.168513	208	10973	11037	662	15880974485	23802	8137	0	0	17333	0	0	81	81	126
37.173939	208	10973	11037	662	15882940565	23819	8138	0	0	17350	0	0	81	81	124
37.184615	208	10973	11037	662	15886938261	23848	8139	0	0	17378	0	0	81	81	127
37.195690	208	10973	11037	663	15890687638	23877	8140	0	0	17407	0	0	81	81	126
37.204136	208	10973	11037	663	15893702294	23907	8143	0	0	17435	0	0	81	81	124
37.214898	208	10973	11037	663	15897634454	23935	8148	0	0	17462	0	0	81	81	127
37.224263	208	10973	11037	663	15900714646	23971	8153	0	0	17496	0	0	81	81	127
37.232973	208	10973	11037	663	15903991446	23999	8155	0	0	17523	0	0	81	81	127
37.241444	208	10973	11037	663	15907202710	24016	8156	0	0	17540	0	0	81	81	124
37.284275	208	10973	11037	663	15911331478	24063	8162	0	0	17581	0	0	81	81	128
37.297850	208	10973	11037	664	15916194967	24092	8164	0	0	17609	0	0	81	81	124
37.303775	208	10973	11037	664	15918161047	24113	8168	0	0	17629	0	0	81	81	126
37.311079	208	10973	11037	664	15920848023	24130	8171	0	0	17643	0	0	81	81	127
37.317723	208	10973	11037	664	15922814103	24144	8172	0	0	17656	0	0	81	81	127
37.329242	208	10973	11037	664	15926811799	24176	8173	0	0	17687	0	0	81	81	127
37.339295	208	10973	11037	664	15930350743	24209	8177	0	0	17718	0	0	81	81	125
37.348348	208	10973	11037	664	15933496471	24236	8181	0	0	17743	0	0	81	81	126
37.360099	208	10973	11037	665	15937639064	24262	8184	0	0	17767	0	0	81	81	127
37.367830	208	10973	11037	665	15940391576	24283	8189	0	0	17785	0	0	81	81	124
37.381079	208	10973	11037	665	15944716952	24321	8194	0	0	17820	0	0	81	81	127
37.390248	208	10973	11037	665	15948124824	24345	8194	0	0	17844	0	0	81	81	127
37.398561	208	10973	11037	665	15951139480	24371	8196	0	0	17869	0	0	81	81	127
37.412320	208	10973	11037	665	15956316824	24409	8196	0	0	17907	0	0	81	81	125
37.422258	208	10973	11037	665	15959855768	24431	8198	0	0	17927	0	0	81	81	128
37.431727	208	10973	11037	666	15963277465	24450	8201	0	0	17946	0	0	81	81	126
37.438478	208	10973	11037	666	15965898905	24470	8204	0	0	17964	0	0	81	81	125
37.449934	208	10973	11037	666	15970420889	24507	8206	0	0	18000	0	0	81	81	127
37.461219	208	10973	11037	666	15974942873	24542	8207	0	0	18035	0	0	81	81	127
37.469936	208	10973	11037	666	15978285209	24569	8211	0	0	18061	0	0	81	81	125
37.475914	208	10973	11037	666	15980513433	24592	8216	0	0	18082	0	0	81	81	125
37.488171	208	10973	11037	667	15984983706	24629	8219	0	0	18116	0	0	81	81	127
37.499803	208	10973	11037	667	15989636762	24668	8225	0	0	18152	0	0	81	81	125
37.508931	208	10973	11037	667	15993110170	24703	8227	0	0	18187	0	0	81	81	127
37.518269	208	10973	11037	667	15996714650	24731	8229	0	0	18215	0	0	81	81	127
37.529995	208	10973	11037	667	16001171098	24775	8232	0	0	18256	0	0	81	81	126
37.541544	208	10973	11037	667	16006020762	24803	8237	0	0	18283	0	0	81	81	127
37.548390	208	10973	11037	668	16008000667	24826	8239	0	0	18304	0	0	81	81	128
37.555843	208	10973	11037	668	16011015323	24849	8242	0	0	18323	0	0	81	81	126
37.565382	208	10973	11037	668	16014685339	24878	8248	0	0	18350	0	0	81	81	126
37.577865	208	10973	11037	668	16019731611	24915	8253	0	0	18384	0	0	81	81	127
37.586480	208	10973	11037	668	16023336091	24939	8256	0	0	18407	0	0	81	81	127
37.601362	208	10973	11037	668	16029496475	24986	8258	0	0	18452	0	0	81	81	126
37.608527	208	10973	11037	669	16032131740	25006	8260	0	0	18471	0	0	81	81	128
37.620443	208	10973	11037	669	16036915868	25047	8266	0	0	18509	0	0	81	81	123
37.626350	208	10973	11037	669	16039144092	25060	8267	0	0	18522	0	0	81	81	126
37.635884	208	10973	11037	669	16042814108	25089	8269	0	0	18549	0	0	81	81	127
37.643756	208	10973	11037	669	16045959836	25111	8271	0	0	18571	0	0	81	81	127
37.652469	208	10973	11037	669	16049367708	25141	8276	0	0	18598	0	0	81	81	126
37.659673	208	10973	11037	669	16051923612	25171	8279	0	0	18626	0	0	81	81	124
37.667577	208	10973	11037	669	16055003804	25198	8282	0	0	18653	0	0	81	81	127
37.679898	208	10973	11037	670	16058687645	25224	8283	0	0	18679	0	0	81	81	126
37.691444	208	10973	11037	670	16062488733	25260	8288	0	0	18712	0	0	81	81	126
37.706542	208	10973	11037	670	16068518045	25305	8291	0	0	18755	0	0	81	81	127
37.712242	208	10973	11037	670	16070746269	25324	8292	0	0	18773	0	0	81	81	127
37.722249	208	10973	11037	670	16074809501	25351	8293	0	0	18800	0	0	81	81	125
37.730399	208	10973	11037	670	16078217373	25376	8294	0	0	18825	0	0	81	81	127
37.736664	208	10973	11037	671	16080524958	25394	8295	0	0	18843	0	0	81	81	128
37.749601	208	10973	11037	671	16085309086	25439	8302	0	0	18886	0	0	81	81	124
37.756795	208	10973	11037	671	16088127134	25464	8304	0	0	18911	0	0	81	81	127
37.762359	208	10973	11037	671	16090158750	25487	8306	0	0	18933	0	0	81	81	127
37.772123	208	10973	11037	671	16094353054	25509	8306	0	0	18955	0	0	81	81	127
37.783864	208	10973	11037	671	16099137182	25543	8309	0	0	18988	0	0	81	81	124
37.794815	208	10973	11037	671	16103593630	25576	8313	0	0	19019	0	0	81	81	128
37.808450	208	10973	11037	672	16108915871	25615	8318	0	0	19058	0	0	81	81	121
37.819834	208	10973	11037	672	16113110175	25657	8320	0	0	19097	0	0	81	81	127
37.825784	208	10973	11037	672	16115469471	25676	8322	0	0	19114	0	0	81	81	127
37.838662	208	10973	11037	672	16120515743	25719	8328	0	0	19154	0	0	81	81	127
37.851128	208	10973	11037	672	16125430943	25754	8333	0	0	19187	0	0	81	81	126
37.859858	208	10973	11037	673	16128787104	25775	8335	0	0	19206	0	0	81	81	128
37.870270	208	10973	11037	673	16133046944	25799	8340	0	0	19227	0	0	81	81	124
37.879751	208	10973	11037	673	16136651424	25830	8344	0	0	19256	0	0	81	81	127
37.893319	208	10973	11037	673	16142090912	25870	8348	0	0	19294	0	0	81	81	127
37.907085	208	10973	11037	673	16147727008	25906	8349	0	0	19327	0	0	81	81	124
37.913713	208	10973	11037	673	16150217376	25926	8352	0	0	19345	0	0	81	81	127
37.928675	208	10973	11037	674	16155932833	25967	8354	0	0	19386	0	0	81	81	125
37.942476	208	10973	11037	674	16161306785	26002	8360	0	0	19417	0	0	81	81	127
37.951581	208	10973	11037	674	16164780193	26035	8364	0	0	19448	0	0	81	81	127
37.963483	208	10973	11037	674	16168122529	26069	8366	0	0	19482	0	0	81	81	127
37.974703	208	10973	11037	674	16172054689	26099	8371	0	0	19509	0	0	81	81	125
37.985545	208	10973	11037	675	16176000674	26136	8372	0	0	19545	0	0	81	81	128
37.994271	208	10973	11037	675	16179146402	26159	8373	0	0	19567	0	0	81	81	126
38.005544	208	10973	11037	675	16183406242	26193	8379	0	0	19598	0	0	81	81	126
38.010935	208	10973	11037	675	16185175714	26209	8379	0	0	19615	0	0	81	81	127
38.025265	208	10973	11037	675	16188911266	26247	8382	0	0	19650	0	0	81	81	127
38.039486	208	10973	11037	675	16193957538	26291	8388	0	0	19693	0	0	81	81	126
38.051659	208	10973	11037	675	16198217378	26329	8394	0	0	19727	0	0	81	81	127
38.066479	208	10973	11037	676	16203801763	26387	8399	0	0	19780	0	0	81	81	125
38.071695	208	10973	11037	676	16205702307	26404	8406	0	0	19797	0	0	81	81	125
38.080463	208	10973	11037	676	16208979107	26427	8407	0	0	19820	0	0	81	81	127
38.095041	208	10973	11037	676	16214811811	26477	8409	0	0	19869	0	0	81	81	127
38.107052	208	10973	11037	676	16219792547	26513	8413	0	0	19903	0	0	81	81	123
38.116585	208	10973	11037	676	16223659171	26540	8414	0	0	19929	0	0	81	81	128
38.123604	208	10973	11037	677	16226359972	26557	8416	0	0	19945	0	0	81	81	127
38.131611	208	10973	11037	677	16229374628	26582	8421	0	0	19968	0	0	81	81	125
38.144473	208	10973	11037	677	16234617508	26622	8426	0	0	20004	0	0	81	81	127
38.158876	208	10973	11037	677	16240581284	26660	8431	0	0	20037	0	0	81	81	126
38.164353	208	10973	11037	677	16242678436	26678	8434	0	0	20055	0	0	81	81	125
38.173425	208	10973	11037	677	16246151844	26710	8440	0	0	20084	0	0	81	81	127
38.187267	208	10973	11037	678	16251408549	26750	8444	0	0	20124	0	0	81	81	126
38.201339	208	10973	11037	678	16256979109	26795	8456	0	0	20163	0	0	81	81	127
38.212728	208	10973	11037	678	16261435557	26830	8463	0	0	20194	0	0	81	81	127
38.223532	208	10973	11037	678	16265498789	26870	8468	0	0	20233	0	0	81	81	126
38.232011	208	10973	11037	678	16268710053	26898	8469	0	0	20260	0	0	81	81	126
38.245089	208	10973	11037	679	16273508006	26946	8476	0	0	20305	0	0	81	81	127
38.259050	208	10973	11037	679	16279275174	26989	8479	0	0	20346	0	0	81	81	126
38.270291	208	10973	11037	679	16283731622	27024	8483	0	0	20380	0	0	81	81	127
38.282827	208	10973	11037	679	16288581286	27063	8489	0	0	20418	0	0	81	81	126
38.294432	208	10973	11037	679	16293562022	27093	8492	0	0	20445	0	0	81	81	126
38.300080	208	10973	11037	679	16295855782	27108	8495	0	0	20458	0	0	81	81	128
38.306018	208	10973	11037	680	16297770151	27133	8501	0	0	20480	0	0	81	81	127
38.320736	208	10973	11037	680	16303930535	27172	8507	0	0	20516	0	0	81	81	127
38.332568	208	10973	11037	680	16308518055	27210	8509	0	0	20554	0	0	81	81	127
38.338753	208	10973	11037	680	16310942887	27233	8509	0	0	20577	0	0	81	81	127
38.345792	208	10973	11037	680	16313695399	27255	8512	0	0	20596	0	0	81	81	126
38.354630	208	10973	11037	680	16317365415	27281	8515	0	0	20621	0	0	81	81	126
38.363734	208	10973	11037	681	16320131752	27311	8515	0	0	20651	0	0	81	81	128
38.372368	208	10973	11037	681	16323605160	27337	8516	0	0	20677	0	0	81	81	126
38.383933	208	10973	11037	681	16328258216	27372	8521	0	0	20709	0	0	81	81	127
38.391510	208	10973	11037	681	16331272872	27399	8522	0	0	20736	0	0	81	81	127
38.405561	208	10973	11037	681	16336974504	27442	8526	0	0	20778	0	0	81	81	126
38.414815	208	10973	11037	681	16340578984	27477	8529	0	0	20810	0	0	81	81	126
38.424357	208	10973	11037	681	16343790248	27513	8532	0	0	20844	0	0	81	81	128
38.437624	208	10973	11037	682	16348391593	27562	8540	0	0	20891	0	0	81	81	123
38.446733	208	10973	11037	682	16351799465	27597	8549	0	0	20921	0	0	81	81	127
38.453928	208	10973	11037	682	16354617513	27620	8549	0	0	20944	0	0	81	81	127
38.466763	208	10973	11037	682	16359925929	27654	8551	0	0	20976	0	0	81	81	127
38.473777	208	10973	11037	682	16361892009	27672	8554	0	0	20993	0	0	81	81	126
38.482471	208	10973	11037	682	16365496489	27694	8556	0	0	21015	0	0	81	81	126
38.497497	208	10973	11037	683	16371211946	27742	8561	0	0	21060	0	0	81	81	126
38.511433	208	10973	11037	683	16375602858	27774	8561	0	0	21092	0	0	81	81	126
38.518076	208	10973	11037	683	16378224298	27790	8562	0	0	21107	0	0	81	81	127
38.526886	208	10973	11037	683	16381828778	27819	8563	0	0	21136	0	0	81	81	127
38.538841	208	10973	11037	683	16386481834	27864	8567	0	0	21178	0	0	81	81	125
38.550353	208	10973	11037	683	16390741674	27904	8576	0	0	21213	0	0	81	81	127
38.563119	208	10973	11037	684	16395408555	27939	8578	0	0	21248	0	0	81	81	126
38.573030	208	10973	11037	684	16399340715	27971	8585	0	0	21277	0	0	81	81	126
38.586316	208	10973	11037	684	16403403947	28005	8590	0	0	21310	0	0	81	81	127
38.597673	208	10973	11037	684	16408057003	28043	8591	0	0	21348	0	0	81	81	127
38.604051	208	10973	11037	684	16410612907	28064	8592	0	0	21369	0	0	81	81	125
38.612613	208	10973	11037	684	16413955243	28091	8597	0	0	21393	0	0	81	81	127
38.620449	208	10973	11037	685	16416721580	28118	8601	0	0	21421	0	0	81	81	128
38.626557	208	10973	11037	685	16419211948	28132	8601	0	0	21435	0	0	81	81	126
38.638438	208	10973	11037	685	16423996076	28165	8607	0	0	21463	0	0	81	81	127
38.653284	208	10973	11037	685	16430287532	28210	8607	0	0	21508	0	0	81	81	127
38.666952	208	10973	11037	685	16435727020	28255	8614	0	0	21549	0	0	81	81	123
38.680435	208	10973	11037	686	16440524973	28294	8618	0	0	21588	0	0	81	81	128
38.692889	208	10973	11037	686	16445112493	28337	8619	0	0	21630	0	0	81	81	124
38.700798	208	10973	11037	686	16448323757	28363	8620	0	0	21655	0	0	81	81	127
38.713701	208	10973	11037	686	16453173421	28413	8623	0	0	21704	0	0	81	81	127
38.725203	208	10973	11037	686	16456777901	28449	8625	0	0	21738	0	0	81	81	126
38.735115	208	10973	11037	686	16460775597	28474	8628	0	0	21763	0	0	81	81	126
38.749905	208	10973	11037	687	16466622126	28514	8631	0	0	21803	0	0	81	81	127
38.759486	208	10973	11037	687	16470619822	28539	8636	0	0	21828	0	0	81	81	126
38.770846	208	10973	11037	687	16474551982	28576	8641	0	0	21864	0	0	81	81	127
38.780417	208	10973	11037	687	16478287534	28603	8643	0	0	21890	0	0	81	81	127
38.793008	208	10973	11037	687	16483137198	28640	8645	0	0	21926	0	0	81	81	124
38.805018	208	10973	11037	688	16488000687	28665	8650	0	0	21948	0	0	81	81	128
38.817543	208	10973	11037	688	16492588207	28702	8655	0	0	21982	0	0	81	81	122
38.823726	208	10973	11037	688	16495078575	28721	8659	0	0	22000	0	0	81	81	126
38.830974	208	10973	11037	688	16497896623	28747	8660	0	0	22025	0	0	81	81	127
38.841391	208	10973	11037	688	16502025391	28782	8665	0	0	22058	0	0	81	81	127
38.849542	208	10973	11037	688	16504581295	28800	8667	0	0	22075	0	0	81	81	127
38.860983	208	10973	11037	688	16509234351	28832	8669	0	0	22106	0	0	81	81	126
38.874500	208	10973	11037	689	16514294448	28879	8675	0	0	22152	0	0	81	81	127
38.884945	208	10973	11037	689	16518423216	28915	8677	0	0	22187	0	0	81	81	126
38.890460	208	10973	11037	689	16520585904	28933	8678	0	0	22205	0	0	81	81	127
38.900476	208	10973	11037	689	16524845744	28962	8679	0	0	22233	0	0	81	81	127
38.910440	208	10973	11037	689	16528843440	28993	8681	0	0	22262	0	0	81	81	126
38.917289	208	10973	11037	689	16531792560	29008	8683	0	0	22275	0	0	81	81	124
38.922516	208	10973	11037	689	16533693104	29026	8684	0	0	22293	0	0	81	81	127
38.936941	208	10973	11037	690	16539080881	29079	8692	0	0	22343	0	0	81	81	126
38.947962	208	10973	11037	690	16543471793	29113	8697	0	0	22374	0	0	81	81	126
38.961499	208	10973	11037	690	16548780209	29161	8698	0	0	22422	0	0	81	81	127
38.967542	208	10973	11037	690	16551270577	29179	8698	0	0	22439	0	0	81	81	127
38.979442	208	10973	11037	690	16556054705	29213	8703	0	0	22471	0	0	81	81	124
38.985611	208	10973	11037	690	16558545073	29231	8703	0	0	22489	0	0	81	81	127
38.991473	208	10973	11037	691	16560721586	29246	8705	0	0	22504	0	0	81	81	128
39.003347	208	10973	11037	691	16565243570	29279	8707	0	0	22536	0	0	81	81	122
39.018373	208	10973	11037	691	16571207346	29330	8713	0	0	22583	0	0	81	81	127
39.031853	208	10973	11037	691	16576712370	29374	8718	0	0	22624	0	0	81	81	126
39.044155	208	10973	11037	691	16581365426	29421	8722	0	0	22671	0	0	81	81	126
39.055994	208	10973	11037	692	16585508019	29454	8725	0	0	22702	0	0	81	81	127
39.065966	208	10973	11037	692	16589309107	29484	8730	0	0	22729	0	0	81	81	124
39.078706	208	10973	11037	692	16594551987	29526	8732	0	0	22771	0	0	81	81	127
39.088771	208	10973	11037	692	16598615219	29554	8736	0	0	22796	0	0	81	81	127
39.102257	208	10973	11037	692	16603792563	29600	8741	0	0	22840	0	0	81	81	122
39.115959	208	10973	11037	693	16608787124	29641	8745	0	0	22880	0	0	81	81	127
39.126904	208	10973	11037	693	16612850356	29682	8748	0	0	22918	0	0	81	81	123
39.140654	208	10973	11037	693	16618486452	29728	8754	0	0	22961	0	0	81	81	127
39.151994	208	10973	11037	693	16622877364	29766	8756	0	0	22997	0	0	81	81	127
39.157613	208	10973	11037	693	16624974516	29787	8757	0	0	23017	0	0	81	81	126
39.169197	208	10973	11037	693	16629299892	29834	8760	0	0	23064	0	0	81	81	126
39.176729	208	10973	11037	694	16632131765	29854	8763	0	0	23082	0	0	81	81	128
39.185247	208	10973	11037	694	16635474101	29888	8766	0	0	23115	0	0	81	81	126
39.195935	208	10973	11037	694	16639996085	29916	8770	0	0	23140	0	0	81	81	127
39.207548	208	10973	11037	694	16644714677	29951	8772	0	0	23175	0	0	81	81	127
39.215218	208	10973	11037	694	16647860405	29977	8774	0	0	23200	0	0	81	81	127
39.220970	208	10973	11037	694	16650154165	29994	8776	0	0	23215	0	0	81	81	125
39.234495	208	10973	11037	694	16655724725	30032	8780	0	0	23253	0	0	81	81	128
39.240221	208	10973	11037	695	16657770166	30047	8781	0	0	23267	0	0	81	81	127
39.248182	208	10973	11037	695	16661046966	30068	8783	0	0	23286	0	0	81	81	124
39.259052	208	10973	11037	695	16665175734	30110	8788	0	0	23326	0	0	81	81	127
39.266193	208	10973	11037	695	16668059318	30129	8790	0	0	23343	0	0	81	81	127
39.279045	208	10973	11037	695	16673171126	30168	8796	0	0	23379	0	0	81	81	126
39.291799	208	10973	11037	695	16678282934	30213	8803	0	0	23419	0	0	81	81	127
39.306850	208	10973	11037	696	16682818743	30250	8806	0	0	23456	0	0	81	81	126
39.320806	208	10973	11037	696	16688192695	30297	8811	0	0	23499	0	0	81	81	127
39.331293	208	10973	11037	696	16691862711	30327	8813	0	0	23528	0	0	81	81	127
39.336733	208	10973	11037	696	16694090935	30345	8813	0	0	23546	0	0	81	81	127
39.345554	208	10973	11037	696	16697629879	30371	8815	0	0	23571	0	0	81	81	126
39.351870	208	10973	11037	696	16700054711	30388	8817	0	0	23586	0	0	81	81	124
39.360626	208	10973	11037	696	16703331511	30420	8821	0	0	23617	0	0	81	81	128
39.368904	208	10973	11037	697	16706622136	30438	8821	0	0	23635	0	0	81	81	127
39.375826	208	10973	11037	697	16708719288	30460	8824	0	0	23656	0	0	81	81	123
39.390706	208	10973	11037	697	16713503416	30493	8828	0	0	23687	0	0	81	81	127
39.396378	208	10973	11037	697	16715600568	30507	8829	0	0	23700	0	0	81	81	127
39.403670	208	10973	11037	697	16718746296	30527	8829	0	0	23720	0	0	81	81	127
39.412290	208	10973	11037	697	16722219704	30556	8833	0	0	23748	0	0	81	81	125
39.418154	208	10973	11037	697	16724579000	30573	8835	0	0	23764	0	0	81	81	125
39.424840	208	10973	11037	697	16727331512	30591	8836	0	0	23782	0	0	81	81	128
39.434810	208	10973	11037	698	16731080889	30622	8841	0	0	23812	0	0	81	81	126
39.447997	208	10973	11037	698	16736651449	30657	8846	0	0	23845	0	0	81	81	127
39.456917	208	10973	11037	698	16740387001	30682	8848	0	0	23868	0	0	81	81	127
39.466699	208	10973	11037	698	16744319161	30710	8849	0	0	23896	0	0	81	81	127
39.477730	208	10973	11037	698	16748775609	30744	8852	0	0	23929	0	0	81	81	126
39.484253	208	10973	11037	698	16751265977	30769	8858	0	0	23953	0	0	81	81	127
39.490295	208	10973	11037	699	16753376954	30791	8859	0	0	23974	0	0	81	81	127
39.501375	208	10973	11037	699	16757964474	30823	8859	0	0	24007	0	0	81	81	125
39.510242	208	10973	11037	699	16761765562	30847	8860	0	0	24030	0	0	81	81	127
39.522391	208	10973	11037	699	16766877370	30881	8861	0	0	24063	0	0	81	81	127
39.534414	208	10973	11037	699	16771923642	30907	8863	0	0	24091	0	0	81	81	124
39.542270	208	10973	11037	699	16774938298	30939	8865	0	0	24123	0	0	81	81	127
39.553361	208	10973	11037	700	16779211963	30971	8870	0	0	24152	0	0	81	81	126
39.565558	208	10973	11037	700	16784127163	31009	8876	0	0	24185	0	0	81	81	127
39.575579	208	10973	11037	700	16788255931	31039	8880	0	0	24211	0	0	81	81	127
39.586280	208	10973	11037	700	16792646843	31073	8884	0	0	24243	0	0	81	81	126
39.593248	208	10973	11037	700	16795333819	31099	8887	0	0	24267	0	0	81	81	123
39.608202	208	10973	11037	701	16801376956	31142	8891	0	0	24308	0	0	81	81	127
39.623136	208	10973	11037	701	16807537340	31185	8897	0	0	24348	0	0	81	81	126
39.630327	208	10973	11037	701	16810617532	31204	8897	0	0	24367	0	0	81	81	127
39.643560	208	10973	11037	701	16816253628	31241	8899	0	0	24403	0	0	81	81	127
39.654041	208	10973	11037	701	16820513468	31272	8904	0	0	24432	0	0	81	81	125
39.663861	208	10973	11037	702	16824328381	31302	8906	0	0	24461	0	0	81	81	128
39.675936	208	10973	11037	702	16829309117	31339	8908	0	0	24497	0	0	81	81	125
39.681838	208	10973	11037	702	16831471805	31358	8911	0	0	24515	0	0	81	81	126
39.692963	208	10973	11037	702	16835862717	31401	8912	0	0	24556	0	0	81	81	127
39.703309	208	10973	11037	702	16840188093	31433	8912	0	0	24588	0	0	81	81	127
39.717476	208	10973	11037	702	16845955261	31473	8918	0	0	24623	0	0	81	81	127
39.722867	208	10973	11037	703	16848000702	31484	8919	0	0	24635	0	0	81	81	128
39.729223	208	10973	11037	703	16850097854	31505	8919	0	0	24656	0	0	81	81	127
39.735918	208	10973	11037	703	16852850366	31525	8922	0	0	24674	0	0	81	81	124
39.742359	208	10973	11037	703	16855406270	31546	8925	0	0	24694	0	0	81	81	126
39.754795	208	10973	11037	703	16860452542	31588	8928	0	0	24735	0	0	81	81	127
39.762675	208	10973	11037	703	16863401662	31619	8931	0	0	24765	0	0	81	81	127
39.770179	208	10973	11037	703	16866481854	31644	8932	0	0	24788	0	0	81	81	125
39.776049	208	10973	11037	703	16868710078	31660	8934	0	0	24804	0	0	81	81	126
39.784615	208	10973	11037	703	16871986878	31695	8935	0	0	24838	0	0	81	81	128
39.793502	208	10973	11037	704	16875211967	31719	8936	0	0	24862	0	0	81	81	126
39.807433	208	10973	11037	704	16880979135	31766	8939	0	0	24904	0	0	81	81	127
39.821032	208	10973	11037	704	16886222015	31812	8943	0	0	24952	0	0	81	81	127
39.826401	208	10973	11037	704	16888253631	31835	8945	0	0	24974	0	0	81	81	127
39.836560	208	10973	11037	704	16892447935	31860	8952	0	0	24996	0	0	81	81	125
39.845726	208	10973	11037	704	16896000704	31891	8955	0	0	25026	0	0	81	81	128
39.860464	208	10973	11037	705	16900981440	31926	8960	0	0	25059	0	0	81	81	124
39.870551	208	10973	11037	705	16905110208	31960	8965	0	0	25089	0	0	81	81	127
39.885298	208	10973	11037	705	16910811840	32017	8968	0	0	25146	0	0	81	81	127
39.899148	208	10973	11037	705	16916120256	32056	8975	0	0	25179	0	0	81	81	124
39.904652	208	10973	11037	705	16918414016	32068	8976	0	0	25191	0	0	81	81	127
39.911975	208	10973	11037	706	16921114817	32087	8977	0	0	25210	0	0	81	81	127
39.926272	208	10973	11037	706	16926750913	32135	8987	0	0	25256	0	0	81	81	126
39.937349	208	10973	11037	706	16931272897	32166	8989	0	0	25285	0	0	81	81	127
39.950470	208	10973	11037	706	16936712385	32205	8993	0	0	25322	0	0	81	81	126
39.962006	208	10973	11037	706	16941234369	32229	8999	0	0	25343	0	0	81	81	126
39.968032	208	10973	11037	706	16943659201	32247	8999	0	0	25361	0	0	81	81	128
39.982543	208	10973	11037	707	16949374658	32287	9003	0	0	25399	0	0	81	81	124
39.994980	208	10973	11037	707	16954355394	32325	9007	0	0	25434	0	0	81	81	127
40.001440	208	10973	11037	707	16956714690	32350	9009	0	0	25460	0	0	81	81	127
40.013567	208	10973	11037	707	16961433282	32392	9018	0	0	25501	0	0	81	81	126
40.027824	208	10973	11037	707	16967003842	32444	9027	0	0	25549	0	0	81	81	127
40.039919	208	10973	11037	708	16971736259	32480	9032	0	0	25581	0	0	81	81	125
40.048162	208	10973	11037	708	16975013059	32507	9034	0	0	25608	0	0	81	81	126
40.055891	208	10973	11037	708	16977962179	32537	9037	0	0	25637	0	0	81	81	127
40.062670	208	10973	11037	708	16980583619	32565	9039	0	0	25664	0	0	81	81	127
40.068137	208	10973	11037	708	16982942915	32579	9039	0	0	25678	0	0	81	81	127
40.076337	208	10973	11037	708	16986219715	32599	9039	0	0	25698	0	0	81	81	125
40.085579	208	10973	11037	708	16990020803	32628	9040	0	0	25726	0	0	81	81	127
40.091511	208	10973	11037	708	16991986883	32639	9040	0	0	25736	0	0	81	81	128
40.102561	208	10973	11037	709	16995932868	32672	9044	0	0	25768	0	0	81	81	125
40.109785	208	10973	11037	709	16998947524	32688	9046	0	0	25783	0	0	81	81	126
40.121248	208	10973	11037	709	17003403972	32726	9049	0	0	25819	0	0	81	81	127
40.131413	208	10973	11037	709	17007401668	32766	9051	0	0	25856	0	0	81	81	127
40.141969	208	10973	11037	709	17011923652	32782	9052	0	0	25874	0	0	81	81	124
40.153928	208	10973	11037	710	17016328389	32812	9053	0	0	25903	0	0	81	81	128
40.163145	208	10973	11037	710	17020063941	32834	9054	0	0	25924	0	0	81	81	126
40.172917	208	10973	11037	710	17023144133	32855	9057	0	0	25944	0	0	81	81	126
40.182644	208	10973	11037	710	17027207365	32877	9058	0	0	25966	0	0	81	81	127
40.188229	208	10973	11037	710	17029632197	32890	9060	0	0	25978	0	0	81	81	127
40.196053	208	10973	11037	710	17032777925	32912	9061	0	0	26000	0	0	81	81	126
40.209725	208	10973	11037	710	17038217413	32949	9066	0	0	26034	0	0	81	81	127
40.216901	208	10973	11037	711	17040787142	32967	9068	0	0	26050	0	0	81	81	128
40.226745	208	10973	11037	711	17044850374	32991	9071	0	0	26074	0	0	81	81	121
40.241577	208	10973	11037	711	17049962182	33033	9081	0	0	26111	0	0	81	81	127
40.250777	208	10973	11037	711	17053173446	33072	9087	0	0	26149	0	0	81	81	127
40.265199	208	10973	11037	711	17058285254	33117	9090	0	0	26193	0	0	81	81	126
40.277428	208	10973	11037	711	17062938310	33149	9092	0	0	26222	0	0	81	81	127
40.289097	208	10973	11037	712	17067408583	33175	9095	0	0	26248	0	0	81	81	126
40.298109	208	10973	11037	712	17070947527	33201	9098	0	0	26274	0	0	81	81	126
40.312516	208	10973	11037	712	17076780231	33239	9100	0	0	26312	0	0	81	81	127
40.325668	208	10973	11037	712	17081957575	33277	9106	0	0	26347	0	0	81	81	126
40.334080	208	10973	11037	712	17084972231	33307	9113	0	0	26374	0	0	81	81	126
40.343021	208	10973	11037	713	17088000712	33331	9113	0	0	26398	0	0	81	81	128
40.348280	208	10973	11037	713	17090163400	33345	9117	0	0	26411	0	0	81	81	127
40.360777	208	10973	11037	713	17094554312	33380	9126	0	0	26442	0	0	81	81	126
40.375626	208	10973	11037	713	17100452552	33432	9133	0	0	26490	0	0	81	81	127
40.387851	208	10973	11037	713	17105171144	33481	9134	0	0	26537	0	0	81	81	126
40.398982	208	10973	11037	713	17109627592	33514	9135	0	0	26570	0	0	81	81	126
40.407376	208	10973	11037	714	17112066249	33536	9139	0	0	26589	0	0	81	81	128
40.418186	208	10973	11037	714	17115736265	33557	9140	0	0	26609	0	0	81	81	125
40.431302	208	10973	11037	714	17120127177	33583	9146	0	0	26631	0	0	81	81	127
40.446117	208	10973	11037	714	17125501129	33615	9152	0	0	26659	0	0	81	81	127
40.460541	208	10973	11037	714	17130940617	33656	9157	0	0	26698	0	0	81	81	124
40.475517	208	10973	11037	715	17136000714	33696	9163	0	0	26736	0	0	81	81	128
40.486054	208	10973	11037	715	17139998410	33728	9166	0	0	26766	0	0	81	81	125
40.496759	208	10973	11037	715	17144192714	33761	9171	0	0	26798	0	0	81	81	127
40.504099	208	10973	11037	715	17147076298	33783	9172	0	0	26819	0	0	81	81	127
40.509860	208	10973	11037	715	17149435594	33797	9172	0	0	26833	0	0	81	81	127
40.520400	208	10973	11037	715	17153433290	33820	9174	0	0	26855	0	0	81	81	126
40.525844	208	10973	11037	715	17155595978	33833	9176	0	0	26868	0	0	81	81	123
40.534577	208	10973	11037	715	17159069386	33864	9179	0	0	26896	0	0	81	81	127
40.540671	208	10973	11037	716	17161114827	33884	9180	0	0	26917	0	0	81	81	127
40.553484	208	10973	11037	716	17166161099	33928	9188	0	0	26956	0	0	81	81	125
40.563297	208	10973	11037	716	17170158795	33961	9189	0	0	26987	0	0	81	81	127
40.575183	208	10973	11037	716	17174680779	34000	9191	0	0	27026	0	0	81	81	127
40.582119	208	10973	11037	716	17177498827	34020	9193	0	0	27045	0	0	81	81	126
40.596036	208	10973	11037	716	17183265995	34057	9199	0	0	27078	0	0	81	81	128
40.608729	208	10973	11037	717	17187343052	34094	9201	0	0	27117	0	0	81	81	126
40.614013	208	10973	11037	717	17189440204	34113	9203	0	0	27134	0	0	81	81	125
40.619437	208	10973	11037	717	17191537356	34131	9204	0	0	27151	0	0	81	81	126
40.625491	208	10973	11037	717	17193896652	34153	9206	0	0	27173	0	0	81	81	127
40.633786	208	10973	11037	717	17197107916	34183	9207	0	0	27201	0	0	81	81	127
40.646430	208	10973	11037	717	17202088652	34226	9211	0	0	27244	0	0	81	81	126
40.655771	208	10973	11037	717	17205693132	34256	9216	0	0	27271	0	0	81	81	127
40.670271	208	10973	11037	718	17211605197	34293	9217	0	0	27308	0	0	81	81	125
40.678435	208	10973	11037	718	17214881997	34323	9220	0	0	27335	0	0	81	81	126
40.683969	208	10973	11037	718	17216913613	34341	9224	0	0	27349	0	0	81	81	127
40.696988	208	10973	11037	718	17221894349	34388	9233	0	0	27389	0	0	81	81	127
40.712095	208	10973	11037	718	17227923661	34439	9237	0	0	27439	0	0	81	81	124
40.724778	208	10973	11037	719	17232787150	34477	9240	0	0	27475	0	0	81	81	128
40.737695	208	10973	11037	719	17237702350	34516	9247	0	0	27513	0	0	81	81	125
40.746904	208	10973	11037	719	17241372366	34546	9253	0	0	27540	0	0	81	81	127
40.757970	208	10973	11037	719	17245894350	34580	9256	0	0	27573	0	0	81	81	127
40.770671	208	10973	11037	719	17250744014	34623	9263	0	0	27614	0	0	81	81	125
40.776879	208	10973	11037	719	17252841166	34643	9267	0	0	27633	0	0	81	81	126
40.788404	208	10973	11037	720	17257311439	34681	9269	0	0	27669	0	0	81	81	127
40.802256	208	10973	11037	720	17262750927	34726	9274	0	0	27711	0	0	81	81	126
40.813982	208	10973	11037	720	17267141839	34769	9280	0	0	27750	0	0	81	81	127
40.827625	208	10973	11037	720	17272450255	34816	9284	0	0	27796	0	0	81	81	126
40.835878	208	10973	11037	720	17275661519	34840	9287	0	0	27819	0	0	81	81	123
40.848078	208	10973	11037	721	17280393936	34875	9293	0	0	27849	0	0	81	81	128
40.859666	208	10973	11037	721	17284981456	34909	9297	0	0	27882	0	0	81	81	122
40.870741	208	10973	11037	721	17289634512	34941	9302	0	0	27909	0	0	81	81	127
40.876552	208	10973	11037	721	17291862736	34960	9303	0	0	27929	0	0	81	81	127
40.891176	208	10973	11037	721	17298023120	34999	9308	0	0	27966	0	0	81	81	126
40.898029	208	10973	11037	721	17300841168	35016	9312	0	0	27983	0	0	81	81	126
40.905607	208	10973	11037	721	17303724752	35046	9315	0	0	28011	0	0	81	81	128
40.920672	208	10973	11037	722	17309505745	35093	9320	0	0	28056	0	0	81	81	124
40.925995	208	10973	11037	722	17311668433	35109	9320	0	0	28071	0	0	81	81	126
40.937768	208	10973	11037	722	17316321489	35151	9324	0	0	28110	0	0	81	81	127
40.952805	208	10973	11037	722	17322219729	35202	9327	0	0	28161	0	0	81	81	126
40.961912	208	10973	11037	722	17326020817	35224	9333	0	0	28181	0	0	81	81	127
40.976061	208	10973	11037	723	17331408594	35276	9335	0	0	28232	0	0	81	81	126
40.982234	208	10973	11037	723	17333571282	35298	9341	0	0	28250	0	0	81	81	125
40.990829	208	10973	11037	723	17337044690	35323	9343	0	0	28274	0	0	81	81	127
40.999151	208	10973	11037	723	17340124882	35346	9346	0	0	28296	0	0	81	81	127
41.009007	208	10973	11037	723	17344122578	35380	9347	0	0	28329	0	0	81	81	127
41.014801	208	10973	11037	723	17345957586	35398	9350	0	0	28348	0	0	81	81	126
41.029622	208	10973	11037	723	17351593682	35425	9353	0	0	28375	0	0	81	81	127
41.044179	208	10973	11037	724	17357178067	35473	9358	0	0	28422	0	0	81	81	124
41.058042	208	10973	11037	724	17362748627	35517	9362	0	0	28465	0	0	81	81	127
41.064629	208	10973	11037	724	17365304531	35541	9363	0	0	28489	0	0	81	81	127
41.079817	208	10973	11037	724	17371399379	35588	9370	0	0	28535	0	0	81	81	121
41.086678	208	10973	11037	724	17374348499	35604	9371	0	0	28550	0	0	81	81	127
41.099152	208	10973	11037	725	17378753236	35648	9377	0	0	28588	0	0	81	81	126
41.106395	208	10973	11037	725	17381833428	35665	9378	0	0	28605	0	0	81	81	125
41.114037	208	10973	11037	725	17384979156	35690	9380	0	0	28628	0	0	81	81	127
41.128384	208	10973	11037	725	17390877396	35728	9384	0	0	28666	0	0	81	81	127
41.140612	208	10973	11037	725	17395989204	35762	9388	0	0	28698	0	0	81	81	124
41.148592	208	10973	11037	725	17398872788	35788	9391	0	0	28722	0	0	81	81	127
41.161595	208	10973	11037	726	17403801813	35833	9393	0	0	28766	0	0	81	81	125
41.174520	208	10973	11037	726	17409306837	35870	9398	0	0	28800	0	0	81	81	127
41.182451	208	10973	11037	726	17412452565	35891	9399	0	0	28820	0	0	81	81	127
41.197033	208	10973	11037	726	17418219733	35944	9407	0	0	28870	0	0	81	81	125
41.205977	208	10973	11037	726	17421824213	35975	9411	0	0	28898	0	0	81	81	127
41.219892	208	10973	11037	727	17427015382	36023	9419	0	0	28941	0	0	81	81	126
41.226393	208	10973	11037	727	17429898966	36035	9420	0	0	28953	0	0	81	81	125
41.236503	208	10973	11037	727	17433896662	36069	9423	0	0	28985	0	0	81	81	127
41.245792	208	10973	11037	727	17437173462	36097	9425	0	0	29013	0	0	81	81	127
41.251553	208	10973	11037	727	17439598294	36112	9425	0	0	29026	0	0	81	81	127
41.265792	208	10973	11037	727	17445168854	36149	9434	0	0	29057	0	0	81	81	126
41.280999	208	10973	11037	728	17450884311	36186	9438	0	0	29090	0	0	81	81	126
41.287417	208	10973	11037	728	17453309143	36206	9441	0	0	29110	0	0	81	81	124
41.300617	208	10973	11037	728	17458552023	36247	9443	0	0	29150	0	0	81	81	127
41.310805	208	10973	11037	728	17462418647	36272	9445	0	0	29175	0	0	81	81	127
41.316888	208	10973	11037	728	17464909015	36290	9447	0	0	29192	0	0	81	81	126
41.325254	208	10973	11037	728	17467923671	36325	9451	0	0	29224	0	0	81	81	124
41.331715	208	10973	11037	728	17470610647	36338	9451	0	0	29237	0	0	81	81	127
41.341482	208	10973	11037	729	17474360024	36366	9452	0	0	29265	0	0	81	81	127
41.353753	208	10973	11037	729	17479209688	36406	9458	0	0	29301	0	0	81	81	126
41.365629	208	10973	11037	729	17483862744	36442	9465	0	0	29333	0	0	81	81	127
41.377296	208	10973	11037	729	17488515800	36484	9468	0	0	29373	0	0	81	81	127
41.386725	208	10973	11037	729	17492579032	36504	9469	0	0	29392	0	0	81	81	126
41.395070	208	10973	11037	729	17495986904	36531	9472	0	0	29416	0	0	81	81	128
41.404822	208	10973	11037	730	17499474137	36567	9474	0	0	29452	0	0	81	81	126
41.419823	208	10973	11037	730	17505306841	36618	9483	0	0	29500	0	0	81	81	127
41.426473	208	10973	11037	730	17508124889	36635	9484	0	0	29517	0	0	81	81	127
41.441404	208	10973	11037	730	17514350809	36678	9485	0	0	29559	0	0	81	81	125
41.454385	208	10973	11037	730	17519659225	36713	9490	0	0	29594	0	0	81	81	128
41.460483	208	10973	11037	731	17521770202	36734	9490	0	0	29615	0	0	81	81	127
41.466867	208	10973	11037	731	17523998426	36749	9491	0	0	29629	0	0	81	81	125
41.472855	208	10973	11037	731	17526554330	36762	9492	0	0	29642	0	0	81	81	125
41.486927	208	10973	11037	731	17532190426	36798	9494	0	0	29678	0	0	81	81	127
41.495098	208	10973	11037	731	17535401690	36820	9495	0	0	29699	0	0	81	81	127
41.508249	208	10973	11037	731	17540447962	36864	9503	0	0	29737	0	0	81	81	125
41.519241	208	10973	11037	732	17544459483	36887	9507	0	0	29759	0	0	81	81	128
41.532734	208	10973	11037	732	17549505755	36935	9513	0	0	29804	0	0	81	81	125
41.543849	208	10973	11037	732	17553962203	36966	9517	0	0	29834	0	0	81	81	127
41.552183	208	10973	11037	732	17557107931	36996	9521	0	0	29864	0	0	81	81	127
41.564096	208	10973	11037	732	17561957595	37030	9525	0	0	29896	0	0	81	81	126
41.569607	208	10973	11037	732	17564054747	37049	9529	0	0	29913	0	0	81	81	125
41.576501	208	10973	11037	732	17566741723	37069	9530	0	0	29934	0	0	81	81	127
41.588185	208	10973	11037	733	17570097884	37091	9532	0	0	29956	0	0	81	81	127
41.601608	208	10973	11037	733	17575799516	37124	9535	0	0	29987	0	0	81	81	127
41.612495	208	10973	11037	733	17579928284	37154	9536	0	0	30016	0	0	81	81	127
41.618038	208	10973	11037	733	17582025436	37173	9538	0	0	30035	0	0	81	81	127
41.628853	208	10973	11037	733	17585171164	37203	9542	0	0	30060	0	0	81	81	126
41.639329	208	10973	11037	733	17589234396	37234	9547	0	0	30090	0	0	81	81	126
41.650781	208	10973	11037	734	17593245917	37273	9553	0	0	30127	0	0	81	81	127
41.663234	208	10973	11037	734	17597964509	37316	9563	0	0	30165	0	0	81	81	125
41.673184	208	10973	11037	734	17601634525	37357	9568	0	0	30203	0	0	81	81	127
41.684419	208	10973	11037	734	17606353117	37384	9569	0	0	30228	0	0	81	81	127
41.694807	208	10973	11037	734	17610481885	37414	9574	0	0	30258	0	0	81	81	125
41.707619	208	10973	11037	734	17615331549	37454	9581	0	0	30295	0	0	81	81	127
41.714095	208	10973	11037	735	17617442526	37472	9582	0	0	30313	0	0	81	81	127
41.719903	208	10973	11037	735	17619867358	37486	9584	0	0	30325	0	0	81	81	125
41.731645	208	10973	11037	735	17624127198	37515	9589	0	0	30354	0	0	81	81	127
41.741042	208	10973	11037	735	17627731678	37549	9590	0	0	30387	0	0	81	81	127
41.746500	208	10973	11037	735	17629763294	37567	9592	0	0	30405	0	0	81	81	127
41.752473	208	10973	11037	735	17632122590	37585	9596	0	0	30422	0	0	81	81	127
41.757912	208	10973	11037	735	17634350814	37598	9597	0	0	30434	0	0	81	81	125
41.772750	208	10973	11037	736	17640000735	37644	9607	0	0	30476	0	0	81	81	128
41.786289	208	10973	11037	736	17644260575	37672	9610	0	0	30503	0	0	81	81	124
41.793347	208	10973	11037	736	17647013087	37693	9610	0	0	30524	0	0	81	81	126
41.799380	208	10973	11037	736	17649437919	37708	9612	0	0	30537	0	0	81	81	127
41.809259	208	10973	11037	736	17653304543	37741	9615	0	0	30569	0	0	81	81	127
41.816408	208	10973	11037	736	17656122591	37761	9616	0	0	30589	0	0	81	81	127
41.830128	208	10973	11037	736	17661562079	37801	9623	0	0	30625	0	0	81	81	127
41.843263	208	10973	11037	737	17666556640	37844	9626	0	0	30668	0	0	81	81	126
41.854913	208	10973	11037	737	17670882016	37893	9629	0	0	30715	0	0	81	81	126
41.860626	208	10973	11037	737	17673110240	37910	9631	0	0	30731	0	0	81	81	127
41.874399	208	10973	11037	737	17678680800	37953	9633	0	0	30774	0	0	81	81	127
41.882086	208	10973	11037	737	17681695456	37977	9634	0	0	30798	0	0	81	81	126
41.893815	208	10973	11037	737	17686676192	38007	9639	0	0	30825	0	0	81	81	127
41.902822	208	10973	11037	738	17689573601	38036	9641	0	0	30854	0	0	81	81	127
41.913255	208	10973	11037	738	17693767905	38071	9644	0	0	30885	0	0	81	81	125
41.923107	208	10973	11037	738	17696651489	38105	9647	0	0	30918	0	0	81	81	127
41.931365	208	10973	11037	738	17700124897	38126	9649	0	0	30937	0	0	81	81	127
41.938859	208	10973	11037	738	17703139553	38144	9649	0	0	30955	0	0	81	81	127
41.945876	208	10973	11037	738	17705760993	38170	9653	0	0	30980	0	0	81	81	126
41.960971	208	10973	11037	738	17711790305	38224	9655	0	0	31033	0	0	81	81	128
41.975683	208	10973	11037	739	17717505762	38271	9662	0	0	31075	0	0	81	81	125
41.988143	208	10973	11037	739	17722683106	38302	9663	0	0	31103	0	0	81	81	127
41.994917	208	10973	11037	739	17725107938	38326	9665	0	0	31127	0	0	81	81	127
42.007469	208	10973	11037	739	17730219746	38367	9668	0	0	31166	0	0	81	81	125
42.019038	208	10973	11037	739	17734872802	38394	9669	0	0	31192	0	0	81	81	127
42.032624	208	10973	11037	740	17739932899	38436	9672	0	0	31232	0	0	81	81	125
42.042652	208	10973	11037	740	17743865059	38470	9680	0	0	31263	0	0	81	81	127
42.051920	208	10973	11037	740	17747404003	38495	9683	0	0	31287	0	0	81	81	127
42.062423	208	10973	11037	740	17751794915	38526	9686	0	0	31316	0	0	81	81	127
42.070410	208	10973	11037	740	17754875107	38555	9690	0	0	31342	0	0	81	81	125
42.078575	208	10973	11037	740	17758086371	38582	9695	0	0	31366	0	0	81	81	127
42.087213	208	10973	11037	741	17761442532	38609	9696	0	0	31392	0	0	81	81	127
42.101222	208	10973	11037	741	17767078628	38654	9702	0	0	31435	0	0	81	81	126
42.115217	208	10973	11037	741	17772387044	38699	9706	0	0	31480	0	0	81	81	127
42.124350	208	10973	11037	741	17775991524	38731	9709	0	0	31511	0	0	81	81	127
42.131328	208	10973	11037	741	17778612964	38755	9715	0	0	31533	0	0	81	81	125
42.143061	208	10973	11037	741	17783528164	38790	9719	0	0	31566	0	0	81	81	128
42.150171	208	10973	11037	742	17786163429	38813	9721	0	0	31588	0	0	81	81	127
42.158834	208	10973	11037	742	17789636837	38837	9723	0	0	31610	0	0	81	81	124
42.166071	208	10973	11037	742	17792520421	38860	9725	0	0	31632	0	0	81	81	127
42.178386	208	10973	11037	742	17797697765	38893	9727	0	0	31666	0	0	81	81	127
42.185533	208	10973	11037	742	17800581349	38917	9730	0	0	31690	0	0	81	81	126
42.194849	208	10973	11037	742	17804644581	38939	9732	0	0	31711	0	0	81	81	126
42.202673	208	10973	11037	742	17807790309	38962	9735	0	0	31732	0	0	81	81	128
42.214989	208	10973	11037	743	17812784870	38992	9736	0	0	31762	0	0	81	81	122
42.224688	208	10973	11037	743	17816651494	39022	9738	0	0	31790	0	0	81	81	127
42.232288	208	10973	11037	743	17819404006	39053	9742	0	0	31819	0	0	81	81	127
42.245765	208	10973	11037	743	17824646886	39095	9748	0	0	31859	0	0	81	81	126
42.257669	208	10973	11037	743	17829496550	39132	9753	0	0	31893	0	0	81	81	126
42.268186	208	10973	11037	744	17833442535	39163	9757	0	0	31922	0	0	81	81	127
42.273666	208	10973	11037	744	17835670759	39179	9761	0	0	31934	0	0	81	81	125
42.283030	208	10973	11037	744	17838357735	39201	9765	0	0	31954	0	0	81	81	126
42.288872	208	10973	11037	744	17840782567	39216	9765	0	0	31970	0	0	81	81	127
42.299688	208	10973	11037	744	17844976871	39254	9769	0	0	32005	0	0	81	81	127
42.308974	208	10973	11037	744	17848319207	39281	9773	0	0	32030	0	0	81	81	127
42.320320	208	10973	11037	744	17852906727	39317	9778	0	0	32065	0	0	81	81	126
42.327614	208	10973	11037	744	17854872807	39336	9779	0	0	32083	0	0	81	81	127
42.334349	208	10973	11037	745	17857311464	39359	9780	0	0	32106	0	0	81	81	127
42.345833	208	10973	11037	745	17861636840	39404	9787	0	0	32148	0	0	81	81	125
42.355748	208	10973	11037	745	17865437928	39429	9789	0	0	32174	0	0	81	81	127
42.364747	208	10973	11037	745	17869107944	39453	9791	0	0	32198	0	0	81	81	127
42.376302	208	10973	11037	745	17873629928	39492	9796	0	0	32236	0	0	81	81	126
42.390955	208	10973	11037	745	17879593704	39538	9798	0	0	32281	0	0	81	81	128
42.400937	208	10973	11037	746	17883212009	39571	9804	0	0	32311	0	0	81	81	126
42.411904	208	10973	11037	746	17887733993	39603	9808	0	0	32341	0	0	81	81	126
42.417153	208	10973	11037	746	17889634537	39621	9811	0	0	32359	0	0	81	81	127
42.425293	208	10973	11037	746	17892911337	39645	9813	0	0	32383	0	0	81	81	127
42.439105	208	10973	11037	746	17898285289	39696	9819	0	0	32433	0	0	81	81	125
42.450790	208	10973	11037	746	17903003881	39733	9827	0	0	32467	0	0	81	81	127
42.459854	208	10973	11037	747	17906622186	39757	9829	0	0	32490	0	0	81	81	126
42.467435	208	10973	11037	747	17909505770	39783	9836	0	0	32513	0	0	81	81	125
42.476969	208	10973	11037	747	17913241322	39818	9839	0	0	32547	0	0	81	81	127
42.490669	208	10973	11037	747	17917697770	39846	9841	0	0	32574	0	0	81	81	127
42.500355	208	10973	11037	747	17921367786	39883	9846	0	0	32608	0	0	81	81	126
42.510488	208	10973	11037	747	17925562090	39910	9846	0	0	32635	0	0	81	81	126
42.515862	208	10973	11037	747	17927593706	39931	9852	0	0	32650	0	0	81	81	128
42.527924	208	10973	11037	748	17932129515	39967	9857	0	0	32686	0	0	81	81	124
42.539450	208	10973	11037	748	17936782571	40006	9861	0	0	32723	0	0	81	81	127
42.549411	208	10973	11037	748	17940911339	40033	9863	0	0	32749	0	0	81	81	127
42.558315	208	10973	11037	748	17944581355	40060	9868	0	0	32774	0	0	81	81	126
42.567123	208	10973	11037	748	17948054763	40091	9873	0	0	32804	0	0	81	81	124
42.574220	208	10973	11037	748	17950676203	40120	9875	0	0	32831	0	0	81	81	127
42.580735	208	10973	11037	749	17952983788	40140	9875	0	0	32851	0	0	81	81	127
42.595487	208	10973	11037	749	17958947564	40179	9880	0	0	32886	0	0	81	81	126
42.607330	208	10973	11037	749	17963928300	40211	9882	0	0	32917	0	0	81	81	127
42.613321	208	10973	11037	749	17966287596	40232	9885	0	0	32936	0	0	81	81	127
42.621408	208	10973	11037	749	17969564396	40260	9886	0	0	32964	0	0	81	81	126
42.631809	208	10973	11037	749	17973955308	40283	9894	0	0	32982	0	0	81	81	127
42.639678	208	10973	11037	750	17976918253	40299	9895	0	0	32998	0	0	81	81	127
42.652126	208	10973	11037	750	17981702381	40340	9899	0	0	33037	0	0	81	81	125
42.663320	208	10973	11037	750	17985634541	40365	9903	0	0	33059	0	0	81	81	127
42.673626	208	10973	11037	750	17989632237	40395	9904	0	0	33089	0	0	81	81	127
42.687851	208	10973	11037	750	17995333869	40431	9908	0	0	33124	0	0	81	81	123
42.696593	208	10973	11037	750	17998872813	40454	9911	0	0	33145	0	0	81	81	127
42.704004	208	10973	11037	751	18001442542	40475	9914	0	0	33165	0	0	81	81	127
42.717270	208	10973	11037	751	18006750958	40511	9916	0	0	33199	0	0	81	81	126
42.726326	208	10973	11037	751	18010617582	40528	9917	0	0	33216	0	0	81	81	127
42.733561	208	10973	11037	751	18013239022	40553	9919	0	0	33239	0	0	81	81	127
42.745777	208	10973	11037	751	18017105646	40576	9921	0	0	33262	0	0	81	81	127
42.753977	208	10973	11037	751	18020382446	40604	9926	0	0	33287	0	0	81	81	125
42.762669	208	10973	11037	751	18023659246	40637	9930	0	0	33319	0	0	81	81	128
42.775876	208	10973	11037	752	18027212015	40672	9932	0	0	33353	0	0	81	81	126
42.783292	208	10973	11037	752	18029833455	40687	9932	0	0	33368	0	0	81	81	125
42.793652	208	10973	11037	752	18033503471	40715	9936	0	0	33394	0	0	81	81	127
42.808317	208	10973	11037	752	18037959919	40742	9938	0	0	33420	0	0	81	81	127
42.817427	208	10973	11037	752	18040909039	40779	9941	0	0	33455	0	0	81	81	126
42.830715	208	10973	11037	752	18045824239	40818	9951	0	0	33488	0	0	81	81	127
42.838865	208	10973	11037	753	18048918256	40842	9954	0	0	33512	0	0	81	81	127
42.845166	208	10973	11037	753	18051408624	40859	9954	0	0	33527	0	0	81	81	126
42.855381	208	10973	11037	753	18055602928	40889	9958	0	0	33556	0	0	81	81	126
42.863632	208	10973	11037	753	18058552048	40920	9962	0	0	33586	0	0	81	81	127
42.878206	208	10973	11037	753	18064515824	40957	9965	0	0	33621	0	0	81	81	126
42.890541	208	10973	11037	753	18069431024	40994	9972	0	0	33655	0	0	81	81	126
42.903709	208	10973	11037	754	18074360049	41037	9979	0	0	33695	0	0	81	81	127
42.912347	208	10973	11037	754	18077702385	41064	9982	0	0	33722	0	0	81	81	125
42.924523	208	10973	11037	754	18082486513	41104	9985	0	0	33760	0	0	81	81	127
42.934605	208	10973	11037	754	18086418673	41143	9989	0	0	33797	0	0	81	81	127
42.949595	208	10973	11037	754	18092710129	41182	9993	0	0	33832	0	0	81	81	126
42.963850	208	10973	11037	755	18097901298	41243	9997	0	0	33893	0	0	81	81	127
42.972037	208	10973	11037	755	18101178098	41270	10003	0	0	33917	0	0	81	81	124
42.979636	208	10973	11037	755	18104323826	41291	10006	0	0	33937	0	0	81	81	127
42.991738	208	10973	11037	755	18109107954	41332	10010	0	0	33976	0	0	81	81	127
42.999212	208	10973	11037	755	18111926002	41350	10011	0	0	33995	0	0	81	81	127
43.008938	208	10973	11037	755	18115923698	41378	10013	0	0	34021	0	0	81	81	124
43.024063	208	10973	11037	756	18121704691	41427	10018	0	0	34070	0	0	81	81	127
43.030424	208	10973	11037	756	18124129523	41442	10019	0	0	34084	0	0	81	81	124
43.039004	208	10973	11037	756	18127471859	41471	10024	0	0	34110	0	0	81	81	126
43.052734	208	10973	11037	756	18133173491	41508	10025	0	0	34146	0	0	81	81	127
43.064241	208	10973	11037	756	18138154227	41534	10027	0	0	34172	0	0	81	81	125
43.072514	208	10973	11037	756	18141431027	41563	10031	0	0	34200	0	0	81	81	126
43.086174	208	10973	11037	757	18146884340	41595	10033	0	0	34231	0	0	81	81	126
43.093292	208	10973	11037	757	18148915956	41619	10034	0	0	34254	0	0	81	81	123
43.103648	208	10973	11037	757	18152979188	41650	10036	0	0	34284	0	0	81	81	127
43.115574	208	10973	11037	757	18157894388	41680	10042	0	0	34311	0	0	81	81	127
43.129864	208	10973	11037	757	18163596020	41720	10047	0	0	34350	0	0	81	81	119
43.143449	208	10973	11037	758	18168918261	41759	10049	0	0	34389	0	0	81	81	127
43.158070	208	10973	11037	758	18174816501	41809	10054	0	0	34436	0	0	81	81	126
43.169217	208	10973	11037	758	18179469557	41838	10054	0	0	34465	0	0	81	81	127
43.183383	208	10973	11037	758	18185302261	41882	10058	0	0	34507	0	0	81	81	126
43.190650	208	10973	11037	758	18188382453	41899	10059	0	0	34524	0	0	81	81	125
43.200382	208	10973	11037	759	18192197366	41927	10061	0	0	34549	0	0	81	81	128
43.207140	208	10973	11037	759	18194818806	41949	10065	0	0	34571	0	0	81	81	126
43.218311	208	10973	11037	759	18198947574	41984	10073	0	0	34601	0	0	81	81	126
43.232187	208	10973	11037	759	18204452598	42033	10081	0	0	34647	0	0	81	81	127
43.240871	208	10973	11037	759	18208122614	42060	10084	0	0	34671	0	0	81	81	127
43.246600	208	10973	11037	759	18210481910	42072	10086	0	0	34684	0	0	81	81	125
43.252142	208	10973	11037	759	18212775670	42089	10089	0	0	34699	0	0	81	81	126
43.263655	208	10973	11037	760	18216656119	42122	10091	0	0	34732	0	0	81	81	128
43.275734	208	10973	11037	760	18221309175	42166	10098	0	0	34773	0	0	81	81	124
43.281199	208	10973	11037	760	18222882039	42181	10099	0	0	34787	0	0	81	81	126
43.292628	208	10973	11037	760	18227141879	42224	10105	0	0	34829	0	0	81	81	127
43.299826	208	10973	11037	760	18229894391	42251	10106	0	0	34856	0	0	81	81	127
43.310822	208	10973	11037	760	18234154231	42278	10106	0	0	34882	0	0	81	81	126
43.324161	208	10973	11037	760	18239724791	42316	10113	0	0	34919	0	0	81	81	128
43.336469	208	10973	11037	761	18244326136	42345	10116	0	0	34948	0	0	81	81	124
43.350022	208	10973	11037	761	18249765624	42391	10120	0	0	34993	0	0	81	81	127
43.363687	208	10973	11037	761	18255139576	42448	10124	0	0	35046	0	0	81	81	127
43.372010	208	10973	11037	761	18258612984	42470	10126	0	0	35070	0	0	81	81	125
43.386268	208	10973	11037	762	18264328441	42505	10129	0	0	35104	0	0	81	81	128
43.400417	208	10973	11037	762	18270161145	42549	10135	0	0	35144	0	0	81	81	126
43.408707	208	10973	11037	762	18273634553	42573	10137	0	0	35166	0	0	81	81	127
43.420176	208	10973	11037	762	18278287609	42605	10140	0	0	35196	0	0	81	81	127
43.430766	208	10973	11037	762	18282481913	42637	10141	0	0	35229	0	0	81	81	125
43.436447	208	10973	11037	762	18284513529	42648	10143	0	0	35239	0	0	81	81	125
43.451231	208	10973	11037	763	18290163450	42698	10147	0	0	35288	0	0	81	81	127
43.462384	208	10973	11037	763	18295209722	42718	10149	0	0	35308	0	0	81	81	126
43.476108	208	10973	11037	763	18299338490	42757	10152	0	0	35346	0	0	81	81	127
43.487907	208	10973	11037	763	18303729402	42809	10157	0	0	35396	0	0	81	81	127
43.500043	208	10973	11037	763	18307989242	42849	10162	0	0	35433	0	0	81	81	124
43.513546	208	10973	11037	764	18313049339	42893	10164	0	0	35475	0	0	81	81	127
43.524482	208	10973	11037	764	18317440251	42925	10168	0	0	35508	0	0	81	81	125
43.529688	208	10973	11037	764	18319471867	42943	10171	0	0	35525	0	0	81	81	126
43.544014	208	10973	11037	764	18325435643	42977	10174	0	0	35559	0	0	81	81	127
43.555274	208	10973	11037	764	18329761019	43018	10178	0	0	35599	0	0	81	81	126
43.566502	208	10973	11037	764	18334086395	43046	10185	0	0	35622	0	0	81	81	127
43.573528	208	10973	11037	765	18336918268	43061	10186	0	0	35635	0	0	81	81	127
43.583431	208	10973	11037	765	18341112572	43090	10188	0	0	35664	0	0	81	81	124
43.593670	208	10973	11037	765	18344979196	43125	10196	0	0	35696	0	0	81	81	127
43.600507	208	10973	11037	765	18347731708	43147	10198	0	0	35717	0	0	81	81	127
43.615308	208	10973	11037	765	18354023164	43185	10201	0	0	35752	0	0	81	81	126
43.628674	208	10973	11037	765	18359528188	43225	10203	0	0	35790	0	0	81	81	128
43.637087	208	10973	11037	766	18362687741	43248	10205	0	0	35814	0	0	81	81	127
43.643228	208	10973	11037	766	18364588285	43259	10208	0	0	35822	0	0	81	81	122
43.651545	208	10973	11037	766	18367996157	43280	10211	0	0	35843	0	0	81	81	126
43.664284	208	10973	11037	766	18371797245	43313	10215	0	0	35874	0	0	81	81	127
43.669586	208	10973	11037	766	18373763325	43332	10215	0	0	35893	0	0	81	81	127
43.677067	208	10973	11037	766	18376909053	43354	10216	0	0	35914	0	0	81	81	126
43.682294	208	10973	11037	766	18379071741	43369	10219	0	0	35928	0	0	81	81	125
43.695017	208	10973	11037	767	18384000766	43408	10221	0	0	35966	0	0	81	81	128
43.701234	208	10973	11037	767	18386360062	43431	10222	0	0	35988	0	0	81	81	127
43.715033	208	10973	11037	767	18391799550	43482	10231	0	0	36037	0	0	81	81	127
43.723939	208	10973	11037	767	18395338494	43512	10236	0	0	36064	0	0	81	81	127
43.736637	208	10973	11037	767	18400450302	43549	10238	0	0	36100	0	0	81	81	126
43.742825	208	10973	11037	767	18402875134	43567	10241	0	0	36115	0	0	81	81	124
43.752362	208	10973	11037	767	18405758718	43583	10245	0	0	36130	0	0	81	81	127
43.757555	208	10973	11037	767	18407790334	43600	10250	0	0	36145	0	0	81	81	128
43.764370	208	10973	11037	768	18410228991	43623	10253	0	0	36167	0	0	81	81	127
43.776514	208	10973	11037	768	18415144191	43660	10258	0	0	36202	0	0	81	81	126
43.787073	208	10973	11037	768	18418552063	43683	10261	0	0	36225	0	0	81	81	127
43.801748	208	10973	11037	768	18424646911	43724	10269	0	0	36263	0	0	81	81	126
43.809319	208	10973	11037	768	18427596031	43749	10271	0	0	36288	0	0	81	81	123
43.815015	208	10973	11037	768	18429693183	43772	10271	0	0	36311	0	0	81	81	127
43.828728	208	10973	11037	769	18434163456	43800	10276	0	0	36339	0	0	81	81	126
43.839672	208	10973	11037	769	18439275264	43805	10279	0	0	36342	0	0	81	81	127
43.844948	208	10973	11037	769	18441765632	43808	10279	0	0	36345	0	0	81	81	127
43.851936	208	10973	11037	769	18444911360	43816	10281	0	0	36351	0	0	81	81	127
43.862731	208	10973	11037	769	18449957632	43821	10285	0	0	36353	0	0	81	81	127
43.871558	208	10973	11037	769	18454086400	43826	10289	0	0	36355	0	0	81	81	126
43.884397	208	10973	11037	770	18459736321	43835	10294	0	0	36360	0	0	81	81	121
43.892743	208	10973	11037	770	18463537409	43840	10297	0	0	36364	0	0	81	81	127
43.900754	208	10973	11037	770	18467272961	43842	10297	0	0	36366	0	0	81	81	127
43.913705	208	10973	11037	770	18472909057	43851	10302	0	0	36372	0	0	81	81	127
43.921077	208	10973	11037	770	18476251393	43856	10302	0	0	36376	0	0	81	81	124
43.926925	208	10973	11037	770	18479003905	43856	10303	0	0	36376	0	0	81	81	124
43.940377	208	10973	11037	771	18485243650	43861	10304	0	0	36380	0	0	81	81	124
43.954492	208	10973	11037	771	18492124930	43865	10305	0	0	36383	0	0	81	81	127
43.969344	208	10973	11037	771	18499202818	43872	10308	0	0	36389	0	0	81	81	127
43.977664	208	10973	11037	771	18503134978	43878	10313	0	0	36391	0	0	81	81	126
43.988744	208	10973	11037	772	18506753283	43886	10316	0	0	36397	0	0	81	81	125
43.999557	208	10973	11037	772	18511734019	43892	10318	0	0	36401	0	0	81	81	127
44.010585	208	10973	11037	772	18516911363	43896	10319	0	0	36405	0	0	81	81	127
44.021606	208	10973	11037	772	18522219779	43903	10323	0	0	36411	0	0	81	81	127
44.028001	208	10973	11037	772	18525234435	43905	10323	0	0	36413	0	0	81	81	123
44.034198	208	10973	11037	772	18527986947	43912	10326	0	0	36417	0	0	81	81	127
44.039568	208	10973	11037	773	18530097924	43916	10328	0	0	36419	0	0	81	81	126
44.048594	208	10973	11037	773	18534488836	43917	10328	0	0	36420	0	0	81	81	125
44.060434	208	10973	11037	773	18539797252	43924	10332	0	0	36427	0	0	81	81	127
44.071578	208	10973	11037	773	18545105668	43931	10336	0	0	36431	0	0	81	81	127
44.083559	208	10973	11037	773	18550807300	43938	10338	0	0	36436	0	0	81	81	126
44.089698	208	10973	11037	774	18553377029	43943	10339	0	0	36441	0	0	81	81	127
44.102409	208	10973	11037	774	18559406341	43952	10346	0	0	36444	0	0	81	81	127
44.116129	208	10973	11037	774	18565828869	43964	10353	0	0	36451	0	0	81	81	127
44.126317	208	10973	11037	774	18570416389	43965	10353	0	0	36452	0	0	81	81	127
44.141375	208	10973	11037	775	18577311494	43972	10357	0	0	36455	0	0	81	81	127
44.151049	208	10973	11037	775	18581899014	43978	10360	0	0	36458	0	0	81	81	126
44.157759	208	10973	11037	775	18585241350	43980	10361	0	0	36459	0	0	81	81	127
44.169189	208	10973	11037	775	18590680838	43985	10364	0	0	36465	0	0	81	81	127
44.174501	208	10973	11037	775	18593236742	43988	10365	0	0	36467	0	0	81	81	127
44.180314	208	10973	11037	775	18595727110	43992	10366	0	0	36471	0	0	81	81	126
44.185974	208	10973	11037	775	18598414086	43994	10368	0	0	36471	0	0	81	81	125
44.191164	208	10973	11037	776	18600525063	43998	10371	0	0	36474	0	0	81	81	127
44.196845	208	10973	11037	776	18603080967	44000	10372	0	0	36476	0	0	81	81	125
44.206763	208	10973	11037	776	18607799559	44007	10376	0	0	36481	0	0	81	81	127
44.217270	208	10973	11037	776	18612714759	44014	10379	0	0	36486	0	0	81	81	127
44.223114	208	10973	11037	776	18615336199	44020	10382	0	0	36491	0	0	81	81	127
44.229544	208	10973	11037	776	18618350855	44022	10384	0	0	36492	0	0	81	81	127
44.243434	208	10973	11037	777	18624590600	44029	10385	0	0	36497	0	0	81	81	127
44.252458	208	10973	11037	777	18628850440	44036	10391	0	0	36501	0	0	81	81	125
44.264531	208	10973	11037	777	18634617608	44046	10392	0	0	36511	0	0	81	81	127
44.269805	208	10973	11037	777	18637107976	44049	10392	0	0	36514	0	0	81	81	127
44.284842	208	10973	11037	777	18644251400	44060	10396	0	0	36521	0	0	81	81	126
44.290854	208	10973	11037	777	18647134984	44060	10396	0	0	36521	0	0	81	81	126
44.298068	208	10973	11037	778	18650097929	44068	10399	0	0	36528	0	0	81	81	126
44.304457	208	10973	11037	778	18653243657	44068	10399	0	0	36528	0	0	81	81	126
44.312464	208	10973	11037	778	18656979209	44074	10402	0	0	36532	0	0	81	81	127
44.321215	208	10973	11037	778	18661107977	44080	10403	0	0	36538	0	0	81	81	127
44.329901	208	10973	11037	778	18665105673	44087	10406	0	0	36544	0	0	81	81	127
44.343524	208	10973	11037	778	18670610697	44093	10410	0	0	36546	0	0	81	81	126
44.350781	208	10973	11037	779	18673704714	44100	10414	0	0	36551	0	0	81	81	127
44.357374	208	10973	11037	779	18676915978	44102	10416	0	0	36551	0	0	81	81	125
44.363066	208	10973	11037	779	18679668490	44106	10416	0	0	36555	0	0	81	81	127
44.372413	208	10973	11037	779	18683862794	44114	10417	0	0	36562	0	0	81	81	127
44.386010	208	10973	11037	779	18690350858	44123	10418	0	0	36571	0	0	81	81	127
44.396313	208	10973	11037	779	18695331594	44127	10420	0	0	36574	0	0	81	81	127
44.407161	208	10973	11037	780	18700129547	44132	10424	0	0	36576	0	0	81	81	126
44.414593	208	10973	11037	780	18703471883	44140	10428	0	0	36581	0	0	81	81	127
44.423205	208	10973	11037	780	18707535115	44145	10431	0	0	36585	0	0	81	81	127
44.438136	208	10973	11037	780	18713629963	44153	10433	0	0	36592	0	0	81	81	127
44.451237	208	10973	11037	780	18719331595	44158	10437	0	0	36595	0	0	81	81	127
44.456952	208	10973	11037	781	18721639180	44160	10437	0	0	36597	0	0	81	81	127
44.464774	208	10973	11037	781	18725309196	44163	10439	0	0	36598	0	0	81	81	123
44.470979	208	10973	11037	781	18728258316	44165	10440	0	0	36599	0	0	81	81	127
44.476453	208	10973	11037	781	18730748684	44172	10442	0	0	36605	0	0	81	81	127
44.488800	208	10973	11037	781	18736712460	44179	10444	0	0	36611	0	0	81	81	127
44.494474	208	10973	11037	781	18739202828	44181	10446	0	0	36612	0	0	81	81	126
44.508144	208	10973	11037	782	18745442573	44187	10451	0	0	36615	0	0	81	81	127
44.521018	208	10973	11037	782	18751734029	44192	10453	0	0	36620	0	0	81	81	127
44.533373	208	10973	11037	782	18757435661	44202	10458	0	0	36627	0	0	81	81	127
44.543051	208	10973	11037	782	18762088717	44206	10459	0	0	36631	0	0	81	81	127
44.549872	208	10973	11037	782	18765168909	44211	10463	0	0	36633	0	0	81	81	121
44.561287	208	10973	11037	783	18770294542	44216	10467	0	0	36634	0	0	81	81	126
44.568185	208	10973	11037	783	18773440270	44222	10470	0	0	36636	0	0	81	81	126
44.577438	208	10973	11037	783	18777569038	44227	10472	0	0	36640	0	0	81	81	127
44.591267	208	10973	11037	783	18784122638	44236	10477	0	0	36645	0	0	81	81	127
44.600061	208	10973	11037	783	18788316942	44240	10480	0	0	36646	0	0	81	81	125
44.609688	208	10973	11037	784	18792656143	44241	10481	0	0	36646	0	0	81	81	126
44.617596	208	10973	11037	784	18796457231	44245	10483	0	0	36647	0	0	81	81	126
44.625673	208	10973	11037	784	18800323855	44249	10485	0	0	36650	0	0	81	81	127
44.630877	208	10973	11037	784	18802748687	44252	10487	0	0	36652	0	0	81	81	127
44.639501	208	10973	11037	784	18806811919	44254	10487	0	0	36654	0	0	81	81	127
44.646077	208	10973	11037	784	18809826575	44258	10489	0	0	36657	0	0	81	81	127
44.656914	208	10973	11037	784	18815003919	44266	10496	0	0	36658	0	0	81	81	126
44.669813	208	10973	11037	785	18821112592	44270	10499	0	0	36660	0	0	81	81	126
44.681703	208	10973	11037	785	18826748688	44279	10502	0	0	36667	0	0	81	81	127
44.687201	208	10973	11037	785	18829370128	44281	10502	0	0	36669	0	0	81	81	127
44.693603	208	10973	11037	785	18832384784	44287	10504	0	0	36672	0	0	81	81	127
44.701439	208	10973	11037	785	18835989264	44294	10508	0	0	36676	0	0	81	81	125
44.710447	208	10973	11037	786	18840131857	44297	10511	0	0	36677	0	0	81	81	126
44.723808	208	10973	11037	786	18846750993	44300	10511	0	0	36680	0	0	81	81	127
44.729321	208	10973	11037	786	18849175825	44302	10512	0	0	36682	0	0	81	81	127
44.736264	208	10973	11037	786	18852518161	44305	10513	0	0	36685	0	0	81	81	127
44.743365	208	10973	11037	786	18855663889	44306	10514	0	0	36686	0	0	81	81	127
44.754623	208	10973	11037	786	18861168913	44310	10517	0	0	36687	0	0	81	81	123
44.762947	208	10973	11037	787	18864787218	44312	10518	0	0	36689	0	0	81	81	127
44.773078	208	10973	11037	787	18869636882	44314	10520	0	0	36690	0	0	81	81	126
44.787559	208	10973	11037	787	18876387090	44328	10530	0	0	36697	0	0	81	81	127
44.802248	208	10973	11037	787	18883333906	44337	10536	0	0	36702	0	0	81	81	125
44.813557	208	10973	11037	788	18888459539	44341	10537	0	0	36704	0	0	81	81	127
44.823743	208	10973	11037	788	18893309203	44346	10538	0	0	36709	0	0	81	81	126
44.830410	208	10973	11037	788	18896454931	44350	10538	0	0	36713	0	0	81	81	127
44.836974	208	10973	11037	788	18899338515	44358	10541	0	0	36719	0	0	81	81	127
44.846486	208	10973	11037	788	18903139603	44363	10542	0	0	36723	0	0	81	81	127
44.861411	208	10973	11037	788	18910217491	44368	10546	0	0	36726	0	0	81	81	126
44.871506	208	10973	11037	789	18914622228	44376	10552	0	0	36730	0	0	81	81	126
44.878820	208	10973	11037	789	18917702420	44378	10554	0	0	36730	0	0	81	81	116
44.886419	208	10973	11037	789	18921241364	44384	10558	0	0	36733	0	0	81	81	127
44.898479	208	10973	11037	789	18927074068	44389	10561	0	0	36738	0	0	81	81	127
44.908325	208	10973	11037	789	18931596052	44395	10563	0	0	36743	0	0	81	81	126
44.915418	208	10973	11037	789	18935003924	44397	10564	0	0	36745	0	0	81	81	127
44.921581	208	10973	11037	790	18937639189	44398	10564	0	0	36745	0	0	81	81	127
44.928955	208	10973	11037	790	18941243669	44400	10566	0	0	36745	0	0	81	81	123
44.942867	208	10973	11037	790	18947207445	44411	10570	0	0	36754	0	0	81	81	127
44.953011	208	10973	11037	790	18951205141	44416	10572	0	0	36758	0	0	81	81	127
44.962356	208	10973	11037	790	18955464981	44420	10574	0	0	36761	0	0	81	81	126
44.974200	208	10973	11037	791	18960000790	44423	10575	0	0	36764	0	0	81	81	127
44.986414	208	10973	11037	791	18965833494	44429	10579	0	0	36766	0	0	81	81	125
44.993267	208	10973	11037	791	18968782614	44433	10581	0	0	36769	0	0	81	81	127
45.006983	208	10973	11037	791	18975074070	44440	10581	0	0	36776	0	0	81	81	127
45.017065	208	10973	11037	791	18979792662	44444	10583	0	0	36779	0	0	81	81	126
45.024096	208	10973	11037	791	18982741782	44447	10585	0	0	36781	0	0	81	81	127
45.036990	208	10973	11037	792	18986556695	44454	10589	0	0	36787	0	0	81	81	126
45.052037	208	10973	11037	792	18992454935	44456	10590	0	0	36789	0	0	81	81	126
45.063757	208	10973	11037	792	18996649239	44466	10593	0	0	36799	0	0	81	81	127
45.077280	208	10973	11037	792	19002481943	44470	10595	0	0	36801	0	0	81	81	127
45.091902	208	10973	11037	792	19007790359	44475	10600	0	0	36804	0	0	81	81	126
45.103434	208	10973	11037	793	19012064024	44482	10602	0	0	36807	0	0	81	81	123
45.112850	208	10973	11037	793	19016389400	44487	10606	0	0	36811	0	0	81	81	127
45.123328	208	10973	11037	793	19020518168	44495	10609	0	0	36816	0	0	81	81	127
45.129484	208	10973	11037	793	19023270680	44499	10610	0	0	36819	0	0	81	81	127
45.141348	208	10973	11037	793	19028775704	44505	10615	0	0	36823	0	0	81	81	125
45.148503	208	10973	11037	793	19031921432	44512	10618	0	0	36828	0	0	81	81	127
45.157596	208	10973	11037	794	19035867417	44517	10621	0	0	36830	0	0	81	81	123
45.164660	208	10973	11037	794	19038882073	44522	10623	0	0	36834	0	0	81	81	127
45.171422	208	10973	11037	794	19041503513	44528	10625	0	0	36839	0	0	81	81	127
45.179653	208	10973	11037	794	19044583705	44531	10626	0	0	36841	0	0	81	81	127
45.192900	208	10973	11037	794	19049892121	44537	10627	0	0	36846	0	0	81	81	127
45.202785	208	10973	11037	794	19053758745	44541	10628	0	0	36849	0	0	81	81	125
45.215991	208	10973	11037	795	19059146522	44547	10631	0	0	36854	0	0	81	81	124
45.228742	208	10973	11037	795	19064913690	44554	10636	0	0	36857	0	0	81	81	127
45.242913	208	10973	11037	795	19070811930	44564	10641	0	0	36866	0	0	81	81	127
45.248485	208	10973	11037	795	19073367834	44568	10642	0	0	36870	0	0	81	81	127
45.256028	208	10973	11037	795	19076710170	44573	10645	0	0	36873	0	0	81	81	124
45.270672	208	10973	11037	796	19083080987	44583	10648	0	0	36879	0	0	81	81	125
45.282055	208	10973	11037	796	19088127259	44592	10654	0	0	36882	0	0	81	81	127
45.291404	208	10973	11037	796	19092059419	44605	10659	0	0	36892	0	0	81	81	127
45.303365	208	10973	11037	796	19096253723	44613	10664	0	0	36898	0	0	81	81	127
45.316841	208	10973	11037	796	19102479643	44621	10668	0	0	36904	0	0	81	81	126
45.325868	208	10973	11037	797	19106360092	44626	10670	0	0	36908	0	0	81	81	127
45.335829	208	10973	11037	797	19111144220	44627	10670	0	0	36909	0	0	81	81	126
45.349810	208	10973	11037	797	19117107996	44642	10674	0	0	36921	0	0	81	81	127
45.360491	208	10973	11037	797	19121892124	44649	10676	0	0	36927	0	0	81	81	126
45.371325	208	10973	11037	797	19127069468	44655	10679	0	0	36932	0	0	81	81	127
45.381444	208	10973	11037	798	19131539741	44658	10681	0	0	36933	0	0	81	81	123
45.393663	208	10973	11037	798	19137110301	44667	10685	0	0	36939	0	0	81	81	127
45.402980	208	10973	11037	798	19141107997	44676	10690	0	0	36946	0	0	81	81	127
45.415393	208	10973	11037	798	19146744093	44685	10694	0	0	36953	0	0	81	81	126
45.425976	208	10973	11037	798	19151659293	44692	10697	0	0	36958	0	0	81	81	127
45.438327	208	10973	11037	799	19157243678	44695	10698	0	0	36961	0	0	81	81	126
45.444469	208	10973	11037	799	19160192798	44696	10699	0	0	36961	0	0	81	81	126
45.453911	208	10973	11037	799	19164256030	44703	10703	0	0	36964	0	0	81	81	127
45.463115	208	10973	11037	799	19168384798	44707	10705	0	0	36966	0	0	81	81	127
45.470177	208	10973	11037	799	19171530526	44712	10707	0	0	36970	0	0	81	81	125
45.483039	208	10973	11037	800	19177245983	44716	10710	0	0	36973	0	0	81	81	127
45.489320	208	10973	11037	800	19180064031	44718	10711	0	0	36974	0	0	81	81	121
45.497530	208	10973	11037	800	19183996191	44719	10712	0	0	36974	0	0	81	81	126
45.504928	208	10973	11037	800	19187272991	44725	10714	0	0	36980	0	0	81	81	127
45.516848	208	10973	11037	800	19192581407	44734	10720	0	0	36986	0	0	81	81	127
45.523646	208	10973	11037	800	19195596063	44738	10722	0	0	36990	0	0	81	81	125
45.531950	208	10973	11037	800	19199462687	44741	10724	0	0	36991	0	0	81	81	126
45.539767	208	10973	11037	801	19202294560	44743	10725	0	0	36992	0	0	81	81	127
45.547056	208	10973	11037	801	19205702432	44745	10726	0	0	36993	0	0	81	81	126
45.557857	208	10973	11037	801	19209962272	44752	10729	0	0	36998	0	0	81	81	127
45.566755	208	10973	11037	801	19214091040	44756	10730	0	0	37002	0	0	81	81	127
45.572109	208	10973	11037	801	19216515872	44760	10731	0	0	37006	0	0	81	81	127
45.585544	208	10973	11037	801	19222676256	44767	10734	0	0	37012	0	0	81	81	126
45.598816	208	10973	11037	802	19228457249	44775	10741	0	0	37017	0	0	81	81	124
45.610229	208	10973	11037	802	19233700129	44783	10745	0	0	37022	0	0	81	81	127
45.619281	208	10973	11037	802	19237828897	44789	10749	0	0	37025	0	0	81	81	127
45.626339	208	10973	11037	802	19241105697	44791	10750	0	0	37027	0	0	81	81	127
45.635224	208	10973	11037	802	19245103393	44795	10753	0	0	37028	0	0	81	81	123
45.642940	208	10973	11037	803	19248394018	44797	10753	0	0	37030	0	0	81	81	127
45.650968	208	10973	11037	803	19252064034	44801	10756	0	0	37032	0	0	81	81	126
45.656554	208	10973	11037	803	19254751010	44802	10756	0	0	37033	0	0	81	81	126
45.670987	208	10973	11037	803	19261370146	44808	10758	0	0	37039	0	0	81	81	127
45.685808	208	10973	11037	803	19267596066	44821	10765	0	0	37046	0	0	81	81	125
45.694450	208	10973	11037	803	19271069474	44825	10766	0	0	37049	0	0	81	81	127
45.707975	208	10973	11037	804	19276784931	44832	10770	0	0	37053	0	0	81	81	125
45.718675	208	10973	11037	804	19281437987	44845	10778	0	0	37062	0	0	81	81	127
45.726237	208	10973	11037	804	19284714787	44851	10782	0	0	37065	0	0	81	81	127
45.733931	208	10973	11037	804	19288384803	44853	10782	0	0	37067	0	0	81	81	127
45.741580	208	10973	11037	804	19291333923	44858	10784	0	0	37072	0	0	81	81	126
45.753437	208	10973	11037	805	19296394020	44867	10790	0	0	37077	0	0	81	81	127
45.762113	208	10973	11037	805	19300588324	44868	10790	0	0	37078	0	0	81	81	127
45.772950	208	10973	11037	805	19305372452	44876	10794	0	0	37083	0	0	81	81	127
45.785619	208	10973	11037	805	19311139620	44884	10797	0	0	37090	0	0	81	81	127
45.793837	208	10973	11037	805	19314350884	44896	10804	0	0	37095	0	0	81	81	127
45.808631	208	10973	11037	806	19320983845	44902	10808	0	0	37100	0	0	81	81	127
45.821940	208	10973	11037	806	19326882085	44913	10811	0	0	37110	0	0	81	81	127
45.828533	208	10973	11037	806	19329634597	44919	10815	0	0	37113	0	0	81	81	127
45.840191	208	10973	11037	806	19334746405	44931	10820	0	0	37123	0	0	81	81	127
45.846386	208	10973	11037	806	19337302309	44935	10820	0	0	37127	0	0	81	81	127
45.857735	208	10973	11037	806	19342545189	44937	10821	0	0	37128	0	0	81	81	126
45.865799	208	10973	11037	807	19345835814	44943	10824	0	0	37132	0	0	81	81	126
45.879446	208	10973	11037	807	19351602982	44950	10826	0	0	37137	0	0	81	81	127
45.892706	208	10973	11037	807	19357566758	44956	10828	0	0	37141	0	0	81	81	127
45.903062	208	10973	11037	807	19361498918	44961	10829	0	0	37146	0	0	81	81	127
45.913032	208	10973	11037	807	19365300006	44967	10832	0	0	37150	0	0	81	81	123
45.920294	208	10973	11037	808	19368328487	44969	10833	0	0	37152	0	0	81	81	127
45.933067	208	10973	11037	808	19373899047	44974	10836	0	0	37154	0	0	81	81	126
45.943910	208	10973	11037	808	19378748711	44982	10838	0	0	37162	0	0	81	81	127
45.957582	208	10973	11037	808	19384909095	44988	10841	0	0	37167	0	0	81	81	127
45.964639	208	10973	11037	808	19387202855	44993	10843	0	0	37170	0	0	81	81	126
45.971287	208	10973	11037	808	19389693223	44997	10846	0	0	37171	0	0	81	81	124
45.980390	208	10973	11037	809	19393180456	45001	10847	0	0	37175	0	0	81	81	127
45.987952	208	10973	11037	809	19396457256	45003	10848	0	0	37176	0	0	81	81	125
46.002804	208	10973	11037	809	19402945320	45010	10850	0	0	37181	0	0	81	81	127
46.012260	208	10973	11037	809	19407205160	45018	10853	0	0	37188	0	0	81	81	127
46.018437	208	10973	11037	809	19409892136	45021	10854	0	0	37191	0	0	81	81	126
46.032601	208	10973	11037	810	19416000809	45030	10857	0	0	37195	0	0	81	81	127
46.041674	208	10973	11037	810	19420129577	45036	10859	0	0	37201	0	0	81	81	126
46.049396	208	10973	11037	810	19423209769	45044	10864	0	0	37206	0	0	81	81	127
46.058196	208	10973	11037	810	19427207465	45048	10866	0	0	37208	0	0	81	81	127
46.063632	208	10973	11037	810	19429501225	45052	10867	0	0	37212	0	0	81	81	127
46.075508	208	10973	11037	810	19434809641	45055	10869	0	0	37214	0	0	81	81	126
46.082848	208	10973	11037	810	19437365545	45057	10871	0	0	37214	0	0	81	81	119
46.093656	208	10973	11037	811	19440525098	45062	10873	0	0	37218	0	0	81	81	127
46.107754	208	10973	11037	811	19446685482	45067	10874	0	0	37222	0	0	81	81	125
46.114229	208	10973	11037	811	19449306922	45071	10876	0	0	37224	0	0	81	81	127
46.120206	208	10973	11037	811	19451731754	45076	10879	0	0	37227	0	0	81	81	127
46.129379	208	10973	11037	811	19455729450	45085	10884	0	0	37235	0	0	81	81	127
46.137406	208	10973	11037	811	19459465002	45092	10888	0	0	37237	0	0	81	81	126
46.148557	208	10973	11037	812	19464066347	45101	10894	0	0	37241	0	0	81	81	127
46.154988	208	10973	11037	812	19467081003	45105	10896	0	0	37245	0	0	81	81	126
46.165483	208	10973	11037	812	19471865131	45112	10899	0	0	37250	0	0	81	81	127
46.173259	208	10973	11037	812	19475338539	45120	10902	0	0	37256	0	0	81	81	127
46.182815	208	10973	11037	812	19479794987	45124	10904	0	0	37260	0	0	81	81	127
46.197946	208	10973	11037	812	19486872875	45135	10911	0	0	37267	0	0	81	81	126
46.207281	208	10973	11037	813	19490884396	45143	10913	0	0	37274	0	0	81	81	125
46.221804	208	10973	11037	813	19497831212	45147	10916	0	0	37275	0	0	81	81	127
46.235496	208	10973	11037	813	19504581420	45154	10917	0	0	37280	0	0	81	81	127
46.246028	208	10973	11037	813	19509627692	45158	10920	0	0	37281	0	0	81	81	124
46.253632	208	10973	11037	814	19512918317	45163	10921	0	0	37286	0	0	81	81	127
46.259986	208	10973	11037	814	19515932973	45165	10923	0	0	37287	0	0	81	81	126
46.274041	208	10973	11037	814	19521569069	45174	10927	0	0	37295	0	0	81	81	127
46.288217	208	10973	11037	814	19527794989	45185	10931	0	0	37304	0	0	81	81	127
46.302456	208	10973	11037	814	19534283053	45196	10935	0	0	37313	0	0	81	81	126
46.309787	208	10973	11037	815	19537508142	45198	10935	0	0	37314	0	0	81	81	127
46.316455	208	10973	11037	815	19540326190	45201	10937	0	0	37315	0	0	81	81	124
46.327415	208	10973	11037	815	19545175854	45208	10943	0	0	37317	0	0	81	81	127
46.341932	208	10973	11037	815	19550222126	45219	10947	0	0	37325	0	0	81	81	127
46.393275	208	10973	11037	815	19551860526	45225	10949	0	0	37330	0	0	81	81	127
46.405914	208	10973	11037	815	19551860526	45225	10949	0	0	37330	0	0	81	81	127
46.418175	208	10973	11037	815	19557431086	45235	10955	0	0	37339	0	0	81	81	121
46.424447	208	10973	11037	816	19560066351	45237	10957	0	0	37339	0	0	81	81	126
46.439229	208	10973	11037	816	19567013167	45241	10960	0	0	37340	0	0	81	81	126
46.447747	208	10973	11037	816	19569896751	45247	10963	0	0	37344	0	0	81	81	127
46.462756	208	10973	11037	816	19577105711	45252	10964	0	0	37349	0	0	81	81	127
46.476036	208	10973	11037	816	19583397167	45259	10969	0	0	37353	0	0	81	81	127
46.489576	208	10973	11037	817	19589571376	45264	10973	0	0	37354	0	0	81	81	126
46.502875	208	10973	11037	817	19595666224	45271	10977	0	0	37359	0	0	81	81	127
46.514136	208	10973	11037	817	19600450352	45281	10981	0	0	37366	0	0	81	81	127
46.522450	208	10973	11037	817	19604448048	45281	10981	0	0	37366	0	0	81	81	127
46.528658	208	10973	11037	817	19607266096	45288	10986	0	0	37368	0	0	81	81	127
46.542968	208	10973	11037	818	19613636913	45296	10993	0	0	37374	0	0	81	81	125
46.556924	208	10973	11037	818	19620124977	45303	10998	0	0	37379	0	0	81	81	127
46.562765	208	10973	11037	818	19622746417	45310	10999	0	0	37385	0	0	81	81	127
46.573528	208	10973	11037	818	19627727153	45317	11002	0	0	37391	0	0	81	81	126
46.586549	208	10973	11037	819	19632721714	45321	11005	0	0	37393	0	0	81	81	127
46.597761	208	10973	11037	819	19638030130	45327	11009	0	0	37397	0	0	81	81	126
46.611983	208	10973	11037	819	19644649266	45336	11013	0	0	37404	0	0	81	81	127
46.617400	208	10973	11037	819	19647008562	45339	11014	0	0	37407	0	0	81	81	127
46.625565	208	10973	11037	819	19650481970	45347	11020	0	0	37410	0	0	81	81	126
46.640629	208	10973	11037	820	19657049395	45351	11024	0	0	37411	0	0	81	81	127
46.654011	208	10973	11037	820	19663275315	45357	11027	0	0	37415	0	0	81	81	127
46.667989	208	10973	11037	820	19669632307	45365	11030	0	0	37422	0	0	81	81	127
46.678555	208	10973	11037	820	19674481971	45372	11036	0	0	37425	0	0	81	81	127
46.690396	208	10973	11037	820	19677562163	45374	11037	0	0	37426	0	0	81	81	125
46.701031	208	10973	11037	820	19677562163	45374	11037	0	0	37426	0	0	81	81	125
46.710208	208	10973	11037	820	19677562163	45374	11037	0	0	37426	0	0	81	81	125
46.722214	208	10973	11037	820	19677562163	45374	11037	0	0	37426	0	0	81	81	125
46.736558	208	10973	11037	820	19677562163	45374	11037	0	0	37426	0	0	81	81	125
46.746560	208	10973	11037	820	19677562163	45374	11037	0	0	37426	0	0	81	81	125
46.756866	208	10973	11037	820	19677562163	45374	11037	0	0	37426	0	0	81	81	125
46.772065	208	10973	11037	820	19677562163	45374	11037	0	0	37426	0	0	81	81	125
46.784199	208	10973	11037	820	19677562163	45374	11037	0	0	37426	0	0	81	81	125
46.790637	208	10973	11037	820	19677562163	45374	11037	0	0	37426	0	0	81	81	125
46.805333	208	10973	11037	820	19677562163	45374	11037	0	0	37426	0	0	81	81	125
46.816992	208	10973	11037	820	19677562163	45374	11037	0	0	37426	0	0	81	81	125
46.831350	208	10973	11037	820	19677562163	45374	11037	0	0	37426	0	0	81	81	125
46.839924	208	10973	11037	820	19677562163	45374	11037	0	0	37426	0	0	81	81	125
46.847873	208	10973	11037	820	19677562163	45374	11037	10106	9768	37426	0	0	81	81	125
46.859864	208	10973	11037	820	19677562163	45374	11037	10106	9768	37426	0	0	81	81	125
46.869421	208	10973	11037	820	19677562163	45374	11037	10106	9768	37426	0	0	81	81	125
46.881109	208	10973	11037	820	19677562163	45374	11037	10106	9768	37426	0	0	81	81	125
46.893155	208	10973	11037	820	19677562163	45374	11037	10106	9768	37426	0	0	81	81	125
46.901350	208	10973	11037	820	19677562163	45374	11037	10106	9768	37426	0	0	81	81	125
46.906862	208	10973	11037	820	19677562163	45374	11037	10106	9768	37426	0	0	81	81	125
46.912050	208	10973	11037	820	19677562163	45374	11037	10106	9768	37426	0	0	81	81	125
46.918915	208	10973	11037	820	19677562163	45374	11037	10106	9768	37426	0	0	81	81	125
46.928260	208	10973	11037	820	19677562163	45374	11037	10106	9768	37426	0	0	81	81	125
46.937001	208	10973	11037	820	19677562163	45374	11037	10106	9768	37426	0	0	81	81	125
46.944561	208	10973	11037	820	19677562163	45374	11037	10106	9768	37426	0	0	81	81	125
46.954611	208	10973	11037	820	19677562163	45374	11037	10106	9768	37426	0	0	81	81	125
46.967899	208	10973	11037	820	19677562163	45374	11037	10106	9768	37426	0	0	81	81	125
46.982586	208	10973	11037	820	19677562163	45374	11037	10106	9768	37426	0	0	81	81	125
46.996148	208	10973	11037	820	19677562163	45374	11037	10106	9768	37426	0	0	81	81	125
47.006814	208	10973	11037	820	19677562163	45374	11037	10106	9768	37426	0	0	81	81	125
47.021148	208	10973	11037	820	19677562163	45374	11037	10106	9768	37426	0	0	81	81	125
47.035865	208	10973	11037	820	19677562163	45374	11037	10106	9768	37426	0	0	81	81	125
47.042023	208	10973	11037	820	19677562163	45374	11037	10106	9768	37426	0	0	81	81	125
47.053350	208	10973	11037	820	19677562163	45374	11037	10106	9768	37426	0	0	81	81	125
47.065657	208	10973	11037	820	19677562163	45374	11037	10106	9768	37426	0	0	81	81	125
47.077295	208	10973	11037	820	19677562163	45374	11037	10106	9768	37426	0	0	81	81	125
47.086594	208	10973	11037	820	19677562163	45374	11037	10106	9768	37426	0	0	81	81	125
47.100883	208	10973	11037	820	19677562163	45374	11037	10106	9768	37426	0	0	81	81	125
47.114937	208	10973	11037	820	19677562163	45374	11037	10106	9768	37426	0	0	81	81	125
47.123481	208	10973	11037	820	19677562163	45374	11037	10106	9768	37426	0	0	81	81	125
47.137121	208	10973	11037	820	19677562163	45374	11037	10106	9768	37426	0	0	81	81	125
47.147044	208	10973	11037	820	19677562163	45374	11037	10106	9768	37426	0	0	81	81	125
47.154698	208	10973	11037	820	19677562163	45374	11037	10106	9768	37426	0	0	81	81	125
47.163263	208	10973	11037	820	19677562163	45374	11037	10106	9768	37426	0	0	81	81	125
47.176558	208	10973	11037	820	19677562163	45374	11037	10106	9768	37426	0	0	81	81	125
47.186779	208	10973	11037	820	19677562163	45374	11037	10106	9768	37426	0	0	81	81	125
47.194518	208	10973	11037	820	19677562163	45374	11037	10106	9768	37426	0	0	81	81	125
47.207036	208	10973	11037	820	19677562163	45374	11037	10106	9768	37426	0	0	81	81	125
47.216732	208	10973	11037	820	19677562163	45374	11037	10106	9768	37426	0	0	81	81	125
47.224005	208	10973	11037	820	19677562163	45374	11037	10106	9768	37426	0	0	81	81	125
47.230539	208	10973	11037	820	19677562163	45374	11037	10106	9768	37426	0	0	81	81	125
47.239354	208	10973	11037	820	19677562163	45374	11037	10106	9768	37426	0	0	81	81	125
47.249414	208	10973	11037	820	19677562163	45374	11037	10106	9768	37426	0	0	81	81	125
47.264155	208	10973	11037	820	19677562163	45374	11037	10106	9768	37426	0	0	81	81	125
47.274903	208	10973	11037	820	19677562163	45374	11037	10106	9768	37426	0	0	81	81	125
47.281424	208	10973	11037	820	19677562163	45374	11037	10106	9768	37426	0	0	81	81	125
47.290271	208	10973	11037	820	19677562163	45374	11037	10106	9768	37426	0	0	81	81	125
47.303592	208	10973	11037	820	19677562163	45374	11037	10106	9768	37426	0	0	81	81	125
47.313703	208	10973	11037	820	19677562163	45374	11037	10106	9768	37426	0	0	81	81	125
47.319883	208	10973	11037	820	19677562163	45374	11037	10106	9768	37426	0	0	81	81	125
47.326655	208	10973	11037	820	19677562163	45374	11037	10106	9768	37426	0	0	81	81	125
47.334639	208	10973	11037	820	19677562163	45374	11037	10106	9768	37426	0	0	81	81	125
47.340836	208	10973	11037	820	19677562163	45374	11037	10106	9768	37426	0	0	81	81	125
47.347026	208	10973	11037	820	19677562163	45374	11037	10106	9768	37426	0	0	81	81	125
47.355370	208	10973	11037	820	19677562163	45374	11037	10106	9768	37426	0	0	81	81	125
47.364056	208	10973	11037	820	19677562163	45374	11037	10106	9768	37426	0	0	81	81	125
47.373277	208	10973	11037	820	19677562163	45374	11037	10106	9768	37426	0	0	81	81	125
47.385090	208	10973	11037	820	19677562163	45374	11037	10106	9768	37426	0	0	81	81	125
47.390730	208	10973	11037	820	19677562163	45374	11037	10106	9768	37426	0	0	81	81	125
47.403672	208	10973	11037	820	19677562163	45374	11037	10106	9768	37426	0	0	81	81	125
47.418052	208	10973	11037	820	19677562163	45374	11037	10106	9768	37426	0	0	81	81	125
47.423642	208	10973	11037	820	19677562163	45374	11037	10106	9768	37426	0	0	81	81	125
47.436882	208	10973	11037	820	19677562163	45374	11037	10106	9768	37426	0	0	81	81	125
47.445546	208	10973	11037	820	19677562163	45374	11037	10106	9768	37426	0	0	81	81	125
47.459543	208	10973	11037	820	19677562163	45374	11037	10106	9768	37426	0	0	81	81	125
47.466479	208	10973	11037	820	19677562163	45374	11037	10106	9768	37426	0	0	81	81	125
47.475565	208	10973	11037	820	19677562163	45374	11037	10106	9768	37426	0	0	81	81	125
47.488743	208	10973	11037	820	19677562163	45374	11037	10106	9768	37426	0	0	81	81	125
47.495767	208	10973	11037	820	19677562163	45374	11037	10106	9768	37426	0	0	81	81	125
47.510737	208	10973	11037	820	19677562163	45374	11037	10106	9768	37426	0	0	81	81	125
47.525628	208	10973	11037	820	19677562163	45374	11037	10106	9768	37426	0	0	81	81	125
47.531848	208	10973	11037	820	19677562163	45374	11037	10106	9768	37426	0	0	81	81	125
47.539187	208	10973	11037	820	19677562163	45374	11037	10106	9768	37426	0	0	81	81	125
47.552738	208	10973	11037	820	19677562163	45374	11037	10106	9768	37426	0	0	81	81	125
47.559271	208	10973	11037	820	19677562163	45374	11037	10106	9768	37426	0	0	81	81	125
47.567532	208	10973	11037	820	19677562163	45374	11037	10106	9768	37426	0	0	81	81	125
47.575172	208	10973	11037	820	19677562163	45374	11037	10106	9768	37426	0	0	81	81	125
47.588666	208	10973	11037	820	19677562163	45374	11037	10106	9768	37426	0	0	81	81	125
47.594852	208	10973	11037	820	19677562163	45374	11037	10106	9768	37426	0	0	81	81	125
47.609685	208	10973	11037	820	19677562163	45374	11037	10106	9768	37426	0	0	81	81	125
47.623201	208	10973	11037	820	19677562163	45374	11037	10106	9768	37426	0	0	81	81	125
47.630867	208	10973	11037	820	19677562163	45374	11037	10106	9768	37426	0	0	81	81	125
47.637104	208	10973	11037	820	19677562163	45374	11037	10106	9768	37426	0	0	81	81	125
47.646810	208	10973	11037	820	19677562163	45374	11037	10106	9768	37426	0	0	81	81	125
47.661048	208	10973	11037	820	19677562163	45374	11037	10106	9768	37426	0	0	81	81	125
47.672335	208	10973	11037	820	19677562163	45374	11037	10106	9768	37426	0	0	81	81	125
47.680992	208	10973	11037	820	19677562163	45374	11037	10106	9768	37426	0	0	81	81	125
47.687985	208	10973	11037	820	19677562163	45374	11037	10106	9768	37426	0	0	81	81	125
47.697767	208	10973	11037	820	19677562163	45374	11037	10106	9768	37426	0	0	81	81	125
47.712083	208	10973	11037	820	19677562163	45374	11037	10106	9768	37426	0	0	81	81	125
47.720226	208	10973	11037	820	19677562163	45374	11037	10106	9768	37426	0	0	81	81	125
47.727685	208	10973	11037	820	19677562163	45374	11037	10106	9768	37426	0	0	81	81	125
47.735428	208	10973	11037	820	19677562163	45374	11037	10106	9768	37426	0	0	81	81	125
47.743164	208	10973	11037	820	19677562163	45374	11037	10106	9768	37426	0	0	81	81	125
47.752784	208	10973	11037	820	19677562163	45374	11037	10106	9768	37426	0	0	81	81	125
47.758457	208	10973	11037	820	19677562163	45374	11037	10106	9768	37426	0	0	81	81	125
47.769679	208	10973	11037	820	19677562163	45374	11037	10106	9768	37426	0	0	81	81	125
47.777422	208	10973	11037	820	19677562163	45374	11037	10106	9768	37426	0	0	81	81	125
47.782734	208	10973	11037	820	19677562163	45374	11037	10106	9768	37426	0	0	81	81	125
47.791604	208	10973	11037	820	19677562163	45374	11037	10106	9768	37426	0	0	81	81	125
47.806035	208	10973	11037	820	19677562163	45374	11037	10106	9768	37426	0	0	81	81	125
47.815503	208	10973	11037	820	19677562163	45374	11037	10106	9768	37426	0	0	81	81	125
47.821642	208	10973	11037	820	19677562163	45374	11037	10106	9768	37426	0	0	81	81	125
47.828313	208	10973	11037	820	19677562163	45374	11037	10106	9768	37426	0	0	81	81	125
47.840215	208	10973	11037	820	19677562163	45374	11037	10106	9768	37426	0	0	81	81	125
47.846372	208	10973	11037	820	19677562163	45374	11037	10106	9768	37426	0	0	81	81	125
47.855359	208	10973	11037	820	19677562163	45374	11037	10106	9768	37426	0	0	81	81	125
47.868357	208	10973	11037	820	19677562163	45374	11037	10106	9768	37426	0	0	81	81	125
47.879930	208	10973	11037	820	19677562163	45374	11037	10106	9768	37426	0	0	81	81	125
47.885356	208	10973	11037	820	19677562163	45374	11037	10106	9768	37426	0	0	81	81	125
47.892614	208	10973	11037	820	19677562163	45374	11037	10106	9768	37426	0	0	81	81	125
47.898047	208	10973	11037	820	19677562163	45374	11037	10106	9768	37426	0	0	81	81	125
47.907557	208	10973	11037	820	19677562163	45374	11037	10106	9768	37426	0	0	81	81	125
47.921692	208	10973	11037	820	19677562163	45374	11037	10106	9768	37426	0	0	81	81	125
47.930671	208	10973	11037	820	19677562163	45374	11037	10106	9768	37426	0	0	81	81	125
47.941011	208	10973	11037	820	19677562163	45374	11037	10106	9768	37426	0	0	81	81	125
47.951943	208	10973	11037	820	19677562163	45374	11037	10106	9768	37426	0	0	81	81	125
47.960211	208	10973	11037	820	19677562163	45374	11037	10106	9768	37426	0	0	81	81	125
47.966684	208	10973	11037	820	19677562163	45374	11037	10106	9768	37426	0	0	81	81	125
47.972186	208	10973	11037	820	19677562163	45374	11037	10106	9768	37426	0	0	81	81	125
47.981157	208	10973	11037	820	19677562163	45374	11037	10106	9768	37426	0	0	81	81	125
47.994968	208	10973	11037	820	19677562163	45374	11037	10106	9768	37426	0	0	81	81	125
48.007098	208	10973	11037	820	19677562163	45374	11037	10106	9768	37426	0	0	81	81	125
48.015965	208	10973	11037	820	19677562163	45374	11037	10106	9768	37426	0	0	81	81	125
48.026645	208	10973	11037	820	19677562163	45374	11037	10106	9768	37426	0	0	81	81	125
48.033818	208	10973	11037	820	19677562163	45374	11037	10106	9768	37426	0	0	81	81	125
48.042502	208	10973	11037	820	19677562163	45374	11037	10106	9768	37426	0	0	81	81	125
48.054173	208	10973	11037	820	19677562163	45374	11037	10106	9768	37426	0	0	81	81	125
48.068016	208	10973	11037	820	19677562163	45374	11037	10106	9768	37426	0	0	81	81	125
48.075851	208	10973	11037	820	19677562163	45374	11037	10106	9768	37426	0	0	81	81	125
48.089113	208	10973	11037	820	19677562163	45374	11037	10106	9768	37426	0	0	81	81	125
48.104306	208	10973	11037	820	19677562163	45374	11037	10106	9768	37426	0	0	81	81	125
48.118410	208	10973	11037	820	19677562163	45374	11037	10106	9768	37426	0	0	81	81	125
48.127389	208	10973	11037	820	19677562163	45374	11037	10106	9768	37426	0	0	81	81	125
48.137818	208	10973	11037	820	19677562163	45374	11037	10106	9768	37426	0	0	81	81	125
48.148892	208	10973	11037	820	19677562163	45374	11037	10106	9768	37426	0	0	81	81	125
48.155602	208	10973	11037	820	19677562163	45374	11037	10106	9768	37426	0	0	81	81	125
48.162341	208	10973	11037	820	19677562163	45374	11037	10106	9768	37426	0	0	81	81	125
48.174809	208	10973	11037	820	19677562163	45374	11037	10106	9768	37426	0	0	81	81	125
48.185279	208	10973	11037	820	19677562163	45374	11037	10106	9768	37426	0	0	81	81	125
48.194567	208	10973	11037	820	19677562163	45374	11037	10106	9768	37426	0	0	81	81	125
48.206939	208	10973	11037	820	19677562163	45374	11037	10106	9768	37426	0	0	81	81	125
48.214232	208	10973	11037	820	19677562163	45374	11037	10106	9768	37426	0	0	81	81	125
48.227459	208	10973	11037	820	19677562163	45374	11037	10106	9768	37426	0	0	81	81	125
48.240373	208	10973	11037	820	19677562163	45374	11037	10106	9768	37426	0	0	81	81	125
48.247460	208	10973	11037	820	19677562163	45374	11037	10106	9768	37426	0	0	81	81	125
48.257604	208	10973	11037	820	19677562163	45374	11037	10106	9768	37426	0	0	81	81	125
48.266687	208	10973	11037	820	19677562163	45374	11037	10106	9768	37426	0	0	81	81	125
48.273273	208	10973	11037	820	19677562163	45374	11037	10106	9768	37426	0	0	81	81	125
48.280788	208	10973	11037	820	19677562163	45374	11037	10106	9768	37426	0	0	81	81	125
48.286276	208	10973	11037	820	19677562163	45374	11037	10106	9768	37426	0	0	81	81	125
48.295722	208	10973	11037	820	19677562163	45374	11037	10106	9768	37426	0	0	81	81	125
48.303992	208	10973	11037	820	19677562163	45374	11037	10106	9768	37426	0	0	81	81	125
48.315596	208	10973	11037	820	19677562163	45374	11037	10106	9768	37426	0	0	81	81	125
48.329280	208	10973	11037	820	19677562163	45374	11037	10106	9768	37426	0	0	81	81	125
48.337154	208	10973	11037	820	19677562163	45374	11037	10106	9768	37426	0	0	81	81	125
48.342441	208	10973	11037	820	19677562163	45374	11037	10106	9768	37426	0	0	81	81	125
48.350422	208	10973	11037	820	19677562163	45374	11037	10106	9768	37426	0	0	81	81	125
48.356268	208	10973	11037	820	19677562163	45374	11037	10106	9768	37426	0	0	81	81	125
48.363471	208	10973	11037	820	19677562163	45374	11037	10106	9768	37426	0	0	81	81	125
48.377030	208	10973	11037	820	19677562163	45374	11037	10106	9768	37426	0	0	81	81	125
48.387431	208	10973	11037	820	19677562163	45374	11037	10106	9768	37426	0	0	81	81	125
48.402592	208	10973	11037	820	19677562163	45374	11037	10106	9768	37426	0	0	81	81	125
48.408105	208	10973	11037	820	19677562163	45374	11037	10106	9768	37426	0	0	81	81	125
48.413880	208	10973	11037	820	19677562163	45374	11037	10106	9768	37426	0	0	81	81	125
48.425791	208	10973	11037	820	19677562163	45374	11037	10106	9768	37426	0	0	81	81	125
48.437385	208	10973	11037	820	19677562163	45374	11037	10106	9768	37426	0	0	81	81	125
48.448068	208	10973	11037	820	19677562163	45374	11037	10106	9768	37426	0	0	81	81	125
48.455290	208	10973	11037	820	19677562163	45374	11037	10106	9768	37426	0	0	81	81	125
48.469168	208	10973	11037	820	19677562163	45374	11037	10106	9768	37426	0	0	81	81	125
48.484001	208	10973	11037	820	19677562163	45374	11037	10106	9768	37426	0	0	81	81	125
48.499130	208	10973	11037	820	19677562163	45374	11037	10106	9768	37426	0	0	81	81	125
48.509656	208	10973	11037	820	19677562163	45374	11037	10106	9768	37426	0	0	81	81	125
48.518129	208	10973	11037	820	19677562163	45374	11037	10106	9768	37426	0	0	81	81	125
48.525548	208	10973	11037	820	19677562163	45374	11037	10106	9768	37426	0	0	81	81	125
48.539201	208	10973	11037	820	19677562163	45374	11037	10106	9768	37426	0	0	81	81	125
48.551999	208	10973	11037	820	19677562163	45374	11037	10106	9768	37426	0	0	81	81	125
48.564962	208	10973	11037	820	19677562163	45374	11037	10106	9768	37426	0	0	81	81	125
48.573719	208	10973	11037	820	19677562163	45374	11037	10106	9768	37426	0	0	81	81	125
48.579739	208	10973	11037	820	19677562163	45374	11037	10106	9768	37426	0	0	81	81	125
48.588824	208	10973	11037	820	19677562163	45374	11037	10106	9768	37426	0	0	81	81	125
48.602155	208	10973	11037	820	19677562163	45374	11037	10106	9768	37426	0	0	81	81	125
48.615219	208	10973	11037	820	19677562163	45374	11037	10106	9768	37426	0	0	81	81	125
48.627786	208	10973	11037	820	19677562163	45374	11037	10106	9768	37426	0	0	81	81	125
48.639752	208	10973	11037	820	19677562163	45374	11037	10106	9768	37426	0	0	81	81	125
48.646775	208	10973	11037	820	19677562163	45374	11037	10106	9768	37426	0	0	81	81	125
48.653692	208	10973	11037	820	19677562163	45374	11037	10106	9768	37426	0	0	81	81	125
48.661733	208	10973	11037	820	19677562163	45374	11037	10106	9768	37426	0	0	81	81	125
48.671701	208	10973	11037	820	19677562163	45374	11037	10106	9768	37426	0	0	81	81	125
48.683334	208	10973	11037	820	19677562163	45374	11037	10106	9768	37426	0	0	81	81	125
48.693554	208	10973	11037	820	19677562163	45374	11037	10106	9768	37426	0	0	81	81	125
48.700320	208	10973	11037	820	19677562163	45374	11037	10106	9768	37426	0	0	81	81	125
48.710502	208	10973	11037	820	19677562163	45374	11037	10106	9768	37426	0	0	81	81	125
48.722303	208	10973	11037	820	19677562163	45374	11037	10106	9768	37426	0	0	81	81	125
48.733654	208	10973	11037	820	19677562163	45374	11037	10106	9768	37426	0	0	81	81	125
48.738935	208	10973	11037	820	19677562163	45374	11037	10106	9768	37426	0	0	81	81	125
48.751634	208	10973	11037	820	19677562163	45374	11037	10106	9768	37426	0	0	81	81	125
48.765839	208	10973	11037	820	19677562163	45374	11037	10106	9768	37426	0	0	81	81	125
48.779631	208	10973	11037	820	19677562163	45374	11037	10106	9768	37426	0	0	81	81	125
48.790797	208	10973	11037	820	19677562163	45374	11037	10106	9768	37426	0	0	81	81	125
48.801751	208	10973	11037	820	19677562163	45374	11037	10106	9768	37426	0	0	81	81	125
48.808285	208	10973	11037	820	19677562163	45374	11037	10106	9768	37426	0	0	81	81	125
48.816729	208	10973	11037	820	19677562163	45374	11037	10106	9768	37426	0	0	81	81	125
48.830812	208	10973	11037	820	19677562163	45374	11037	10106	9768	37426	0	0	81	81	125
48.839637	208	10973	11037	820	19677562163	45374	11037	10106	9768	37426	0	0	81	81	125
48.851742	208	10973	11037	820	19677562163	45374	11037	10106	9768	37426	0	0	81	81	125
48.865606	208	10973	11037	820	19677562163	45374	11037	10106	9768	37426	0	0	81	81	125
48.879690	208	10973	11037	820	19677562163	45374	11037	10106	9768	37426	0	0	81	81	125
48.894292	208	10973	11037	820	19677562163	45374	11037	10106	9768	37426	0	0	81	81	125
48.909087	208	10973	11037	820	19677562163	45374	11037	10106	9768	37426	0	0	81	81	125
48.923301	208	10973	11037	820	19677562163	45374	11037	10106	9768	37426	0	0	81	81	125
48.931896	208	10973	11037	820	19677562163	45374	11037	10106	9768	37426	0	0	81	81	125
48.946654	208	10973	11037	820	19677562163	45374	11037	10106	9768	37426	0	0	81	81	125
48.953953	208	10973	11037	820	19677562163	45374	11037	10106	9768	37426	0	0	81	81	125
48.967313	208	10973	11037	820	19677562163	45374	11037	10106	9768	37426	0	0	81	81	125
48.979227	208	10973	11037	820	19677562163	45374	11037	10106	9768	37426	0	0	81	81	125
48.992772	208	10973	11037	820	19677562163	45374	11037	10106	9768	37426	0	0	81	81	125
48.999515	208	10973	11037	820	19677562163	45374	11037	10106	9768	37426	0	0	81	81	125
49.009580	208	10973	11037	820	19677562163	45374	11037	10106	9768	37426	0	0	81	81	125
49.022975	208	10973	11037	820	19677562163	45374	11037	10106	9768	37426	0	0	81	81	125
49.036524	208	10973	11037	820	19677562163	45374	11037	10106	9768	37426	0	0	81	81	125
49.048072	208	10973	11037	820	19677562163	45374	11037	10106	9768	37426	0	0	81	81	125
49.053614	208	10973	11037	820	19677562163	45374	11037	10106	9768	37426	0	0	81	81	125
49.067632	208	10973	11037	820	19677562163	45374	11037	10106	9768	37426	0	0	81	81	125
49.075868	208	10973	11037	820	19677562163	45374	11037	10106	9768	37426	0	0	81	81	125
49.085061	208	10973	11037	820	19677562163	45374	11037	10106	9768	37426	0	0	81	81	125
49.097321	208	10973	11037	820	19677562163	45374	11037	10106	9768	37426	0	0	81	81	125
49.106128	208	10973	11037	820	19677562163	45374	11037	10106	9768	37426	0	0	81	81	125
49.111982	208	10973	11037	820	19677562163	45374	11037	10106	9768	37426	0	0	81	81	125
49.117413	208	10973	11037	820	19677562163	45374	11037	10106	9768	37426	0	0	81	81	125
49.124343	208	10973	11037	820	19677562163	45374	11037	10106	9768	37426	0	0	81	81	125
49.138633	208	10973	11037	820	19677562163	45374	11037	10106	9768	37426	0	0	81	81	125
49.147665	208	10973	11037	820	19677562163	45374	11037	10106	9768	37426	0	0	81	81	125
49.157751	208	10973	11037	820	19677562163	45374	11037	10106	9768	37426	0	0	81	81	125
49.164180	208	10973	11037	820	19677562163	45374	11037	10106	9768	37426	0	0	81	81	125
49.174840	208	10973	11037	820	19677562163	45374	11037	10106	9768	37426	0	0	81	81	125
49.183127	208	10973	11037	820	19677562163	45374	11037	10106	9768	37426	0	0	81	81	125
49.197606	208	10973	11037	820	19677562163	45374	11037	10106	9768	37426	0	0	81	81	125
49.208042	208	10973	11037	820	19677562163	45374	11037	10106	9768	37426	0	0	81	81	125
49.214574	208	10973	11037	820	19677562163	45374	11037	10106	9768	37426	0	0	81	81	125
49.221965	208	10973	11037	820	19677562163	45374	11037	10106	9768	37426	0	0	81	81	125
49.233665	208	10973	11037	820	19677562163	45374	11037	10106	9768	37426	0	0	81	81	125
49.245905	208	10973	11037	820	19677562163	45374	11037	10106	9768	37426	0	0	81	81	125
49.258312	208	10973	11037	820	19677562163	45374	11037	10106	9768	37426	0	0	81	81	125
49.265199	208	10973	11037	820	19677562163	45374	11037	10106	9768	37426	0	0	81	81	125
49.274942	208	10973	11037	820	19677562163	45374	11037	10106	9768	37426	0	0	81	81	125
49.282775	208	10973	11037	820	19677562163	45374	11037	10106	9768	37426	0	0	81	81	125
49.293966	208	10973	11037	820	19677562163	45374	11037	10106	9768	37426	0	0	81	81	125
49.299261	208	10973	11037	820	19677562163	45374	11037	10106	9768	37426	0	0	81	81	125
49.313993	208	10973	11037	820	19677562163	45374	11037	10106	9768	37426	0	0	81	81	125
49.319405	208	10973	11037	820	19677562163	45374	11037	10106	9768	37426	0	0	81	81	125
49.328776	208	10973	11037	820	19677562163	45374	11037	10106	9768	37426	0	0	81	81	125
49.341357	208	10973	11037	820	19677562163	45374	11037	10106	9768	37426	0	0	81	81	125
49.347976	208	10973	11037	820	19677562163	45374	11037	10106	9768	37426	0	0	81	81	125
49.358695	208	10973	11037	820	19677562163	45374	11037	10106	9768	37426	0	0	81	81	125
49.366751	208	10973	11037	820	19677562163	45374	11037	10106	9768	37426	0	0	81	81	125
49.372803	208	10973	11037	820	19677562163	45374	11037	10106	9768	37426	0	0	81	81	125
49.387581	208	10973	11037	820	19677562163	45374	11037	10106	9768	37426	0	0	81	81	125
49.393167	208	10973	11037	820	19677562163	45374	11037	10106	9768	37426	0	0	81	81	125
49.404882	208	10973	11037	820	19677562163	45374	11037	10106	9768	37426	0	0	81	81	125
49.410474	208	10973	11037	820	19677562163	45374	11037	10106	9768	37426	0	0	81	81	125
49.417483	208	10973	11037	820	19677562163	45374	11037	10106	9768	37426	0	0	81	81	125
49.431161	208	10973	11037	820	19677562163	45374	11037	10106	9768	37426	0	0	81	81	125
49.438146	208	10973	11037	820	19677562163	45374	11037	10106	9768	37426	0	0	81	81	125
49.447558	208	10973	11037	820	19677562163	45374	11037	10106	9768	37426	0	0	81	81	125
49.461304	208	10973	11037	820	19677562163	45374	11037	10106	9768	37426	0	0	81	81	125
49.468392	208	10973	11037	820	19677562163	45374	11037	10106	9768	37426	0	0	81	81	125
49.478717	208	10973	11037	820	19677562163	45374	11037	10106	9768	37426	0	0	81	81	125
49.486597	208	10973	11037	820	19677562163	45374	11037	10106	9768	37426	0	0	81	81	125
49.499307	208	10973	11037	820	19677562163	45374	11037	10106	9768	37426	0	0	81	81	125
49.513380	208	10973	11037	820	19677562163	45374	11037	10106	9768	37426	0	0	81	81	125
49.526511	208	10973	11037	820	19677562163	45374	11037	10106	9768	37426	0	0	81	81	125
49.532557	208	10973	11037	820	19677562163	45374	11037	10106	9768	37426	0	0	81	81	125
49.545608	208	10973	11037	820	19677562163	45374	11037	10106	9768	37426	0	0	81	81	125
49.557479	208	10973	11037	820	19677562163	45374	11037	10106	9768	37426	0	0	81	81	125
49.570340	208	10973	11037	820	19677562163	45374	11037	10106	9768	37426	0	0	81	81	125
49.581921	208	10973	11037	820	19677562163	45374	11037	10106	9768	37426	0	0	81	81	125
49.590096	208	10973	11037	820	19677562163	45374	11037	10106	9768	37426	0	0	81	81	125
49.598270	208	10973	11037	820	19677562163	45374	11037	10106	9768	37426	0	0	81	81	125
49.611493	208	10973	11037	820	19677562163	45374	11037	10106	9768	37426	0	0	81	81	125
49.620410	208	10973	11037	820	19677562163	45374	11037	10106	9768	37426	0	0	81	81	125
49.634857	208	10973	11037	820	19677562163	45374	11037	10106	9768	37426	0	0	81	81	125
49.641228	208	10973	11037	820	19677562163	45374	11037	10106	9768	37426	0	0	81	81	125
49.651498	208	10973	11037	820	19677562163	45374	11037	10106	9768	37426	0	0	81	81	125
49.658935	208	10973	11037	820	19677562163	45374	11037	10106	9768	37426	0	0	81	81	125
49.664726	208	10973	11037	820	19677562163	45374	11037	10106	9768	37426	0	0	81	81	125
49.677768	208	10973	11037	820	19677562163	45374	11037	10106	9768	37426	0	0	81	81	125
49.683822	208	10973	11037	820	19677562163	45374	11037	10106	9768	37426	0	0	81	81	125
49.697406	208	10973	11037	820	19677562163	45374	11037	10106	9768	37426	0	0	81	81	125
49.704624	208	10973	11037	820	19677562163	45374	11037	10106	9768	37426	0	0	81	81	125
49.718738	208	10973	11037	820	19677562163	45374	11037	10106	9768	37426	0	0	81	81	125
49.727983	208	10973	11037	820	19677562163	45374	11037	10106	9768	37426	0	0	81	81	125
49.741657	208	10973	11037	820	19677562163	45374	11037	10106	9768	37426	0	0	81	81	125
49.749075	208	10973	11037	820	19677562163	45374	11037	10106	9768	37426	0	0	81	81	125
49.760218	208	10973	11037	820	19677562163	45374	11037	10106	9768	37426	0	0	81	81	125
49.765833	208	10973	11037	820	19677562163	45374	11037	10106	9768	37426	0	0	81	81	125
49.773932	208	10973	11037	820	19677562163	45374	11037	10106	9768	37426	0	0	81	81	125
49.782121	208	10973	11037	820	19677562163	45374	11037	10106	9768	37426	0	0	81	81	125
49.794399	208	10973	11037	820	19677562163	45374	11037	10106	9768	37426	0	0	81	81	125
49.804683	208	10973	11037	820	19677562163	45374	11037	10106	9768	37426	0	0	81	81	125
49.814121	208	10973	11037	820	19677562163	45374	11037	10106	9768	37426	0	0	81	81	125
49.827632	208	10973	11037	820	19677562163	45374	11037	10106	9768	37426	0	0	81	81	125
49.832895	208	10973	11037	820	19677562163	45374	11037	10106	9768	37426	0	0	81	81	125
49.843597	208	10973	11037	820	19677562163	45374	11037	10106	9768	37426	0	0	81	81	125
49.857932	208	10973	11037	820	19677562163	45374	11037	10106	9768	37426	0	0	81	81	125
49.871526	208	10973	11037	820	19677562163	45374	11037	10106	9768	37426	0	0	81	81	125
49.880266	208	10973	11037	820	19677562163	45374	11037	10106	9768	37426	0	0	81	81	125
49.890603	208	10973	11037	820	19677562163	45374	11037	10106	9768	37426	0	0	81	81	125
49.903736	208	10973	11037	820	19677562163	45374	11037	10106	9768	37426	0	0	81	81	125
49.914650	208	10973	11037	820	19677562163	45374	11037	10106	9768	37426	0	0	81	81	125
49.926773	208	10973	11037	820	19677562163	45374	11037	10106	9768	37426	0	0	81	81	125
49.941761	208	10973	11037	820	19677562163	45374	11037	10106	9768	37426	0	0	81	81	125
49.950186	208	10973	11037	820	19677562163	45374	11037	10106	9768	37426	0	0	81	81	125
49.956302	208	10973	11037	820	19677562163	45374	11037	10106	9768	37426	0	0	81	81	125
49.965626	208	10973	11037	820	19677562163	45374	11037	10106	9768	37426	0	0	81	81	125
49.972349	208	10973	11037	820	19677562163	45374	11037	10106	9768	37426	0	0	81	81	125
49.982754	208	10973	11037	820	19677562163	45374	11037	10106	9768	37426	0	0	81	81	125
49.995391	208	10973	11037	820	19677562163	45374	11037	10106	9768	37426	0	0	81	81	125
50.001574	208	10973	11037	820	19677562163	45374	11037	10106	9768	37426	0	0	81	81	125
50.007720	208	10973	11037	820	19677562163	45374	11037	10106	9768	37426	0	0	81	81	125
50.016366	208	10973	11037	820	19677562163	45374	11037	10106	9768	37426	0	0	81	81	125
50.029338	208	10973	11037	820	19677562163	45374	11037	10106	9768	37426	0	0	81	81	125
50.034724	208	10973	11037	820	19677562163	45374	11037	10106	9768	37426	0	0	81	81	125
50.046597	208	10973	11037	820	19677562163	45374	11037	10106	9768	37426	0	0	81	81	125
50.054713	208	10973	11037	820	19677562163	45374	11037	10106	9768	37426	0	0	81	81	125
50.068794	208	10973	11037	820	19677562163	45374	11037	10106	9768	37426	0	0	81	81	125
50.081445	208	10973	11037	820	19677562163	45374	11037	10106	9768	37426	0	0	81	81	125
50.090427	208	10973	11037	820	19677562163	45374	11037	10106	9768	37426	0	0	81	81	125
50.103177	208	10973	11037	820	19677562163	45374	11037	10106	9768	37426	0	0	81	81	125
50.111029	208	10973	11037	820	19677562163	45374	11037	10106	9768	37426	0	0	81	81	125
50.121138	208	10973	11037	820	19677562163	45374	11037	10106	9768	37426	0	0	81	81	125
50.127117	208	10973	11037	820	19677562163	45374	11037	10106	9768	37426	0	0	81	81	125
50.132599	208	10973	11037	820	19677562163	45374	11037	10106	9768	37426	0	0	81	81	125
50.140269	208	10973	11037	820	19677562163	45374	11037	10106	9768	37426	0	0	81	81	125
50.145808	208	10973	11037	820	19677562163	45374	11037	10106	9768	37426	0	0	81	81	125
50.157095	208	10973	11037	820	19677562163	45374	11037	10106	9768	37426	0	0	81	81	125
50.162542	208	10973	11037	820	19677562163	45374	11037	10106	9768	37426	0	0	81	81	125
50.168278	208	10973	11037	820	19677562163	45374	11037	10106	9768	37426	0	0	81	81	125
50.178331	208	10973	11037	820	19677562163	45374	11037	10106	9768	37426	0	0	81	81	125
50.185807	208	10973	11037	820	19677562163	45374	11037	10106	9768	37426	0	0	81	81	125
50.197207	208	10973	11037	820	19677562163	45374	11037	10106	9768	37426	0	0	81	81	125
50.207727	208	10973	11037	820	19677562163	45374	11037	10106	9768	37426	0	0	81	81	125
50.222827	208	10973	11037	820	19677562163	45374	11037	10106	9768	37426	0	0	81	81	125
50.231930	208	10973	11037	820	19677562163	45374	11037	10106	9768	37426	0	0	81	81	125
50.241793	208	10973	11037	820	19677562163	45374	11037	10106	9768	37426	0	0	81	81	125
50.251196	208	10973	11037	820	19677562163	45374	11037	10106	9768	37426	0	0	81	81	125
50.265416	208	10973	11037	820	19677562163	45374	11037	10106	9768	37426	0	0	81	81	125
50.279464	208	10973	11037	820	19677562163	45374	11037	10106	9768	37426	0	0	81	81	125
50.284967	208	10973	11037	820	19677562163	45374	11037	10106	9768	37426	0	0	81	81	125
50.293838	208	10973	11037	820	19677562163	45374	11037	10106	9768	37426	0	0	81	81	125
50.303403	208	10973	11037	820	19677562163	45374	11037	10106	9768	37426	0	0	81	81	125
50.315717	208	10973	11037	820	19677562163	45374	11037	10106	9768	37426	0	0	81	81	125
50.321357	208	10973	11037	820	19677562163	45374	11037	10106	9768	37426	0	0	81	81	125
50.329093	208	10973	11037	820	19677562163	45374	11037	10106	9768	37426	0	0	81	81	125
50.341753	208	10973	11037	820	19677562163	45374	11037	10106	9768	37426	0	0	81	81	125
50.346995	208	10973	11037	820	19677562163	45374	11037	10106	9768	37426	0	0	81	81	125
50.355815	208	10973	11037	820	19677562163	45374	11037	10106	9768	37426	0	0	81	81	125
50.370273	208	10973	11037	820	19677562163	45374	11037	10106	9768	37426	0	0	81	81	125
50.377639	208	10973	11037	820	19677562163	45374	11037	10106	9768	37426	0	0	81	81	125
50.384156	208	10973	11037	820	19677562163	45374	11037	10106	9768	37426	0	0	81	81	125
50.389455	208	10973	11037	820	19677562163	45374	11037	10106	9768	37426	0	0	81	81	125
50.399705	208	10973	11037	820	19677562163	45374	11037	10106	9768	37426	0	0	81	81	125
50.410437	208	10973	11037	820	19677562163	45374	11037	10106	9768	37426	0	0	81	81	125
50.422519	208	10973	11037	820	19677562163	45374	11037	10106	9768	37426	0	0	81	81	125
50.433356	208	10973	11037	820	19677562163	45374	11037	10106	9768	37426	0	0	81	81	125
50.445050	208	10973	11037	820	19677562163	45374	11037	10106	9768	37426	0	0	81	81	125
50.454024	208	10973	11037	820	19677562163	45374	11037	10106	9768	37426	0	0	81	81	125
50.464290	208	10973	11037	820	19677562163	45374	11037	10106	9768	37426	0	0	81	81	125
50.474466	208	10973	11037	820	19677562163	45374	11037	10106	9768	37426	0	0	81	81	125
50.489142	208	10973	11037	820	19677562163	45374	11037	10106	9768	37426	0	0	81	81	125
50.496922	208	10973	11037	820	19677562163	45374	11037	10106	9768	37426	0	0	81	81	125
50.502942	208	10973	11037	820	19677562163	45374	11037	10106	9768	37426	0	0	81	81	125
50.508833	208	10973	11037	820	19677562163	45374	11037	10106	9768	37426	0	0	81	81	125
50.523579	208	10973	11037	820	19677562163	45374	11037	10106	9768	37426	0	0	81	81	125
50.537412	208	10973	11037	820	19677562163	45374	11037	10106	9768	37426	0	0	81	81	125
50.550728	208	10973	11037	820	19677562163	45374	11037	10106	9768	37426	0	0	81	81	125
50.561918	208	10973	11037	820	19677562163	45374	11037	10106	9768	37426	0	0	81	81	125
50.573956	208	10973	11037	820	19677562163	45374	11037	10106	9768	37426	0	0	81	81	125
50.588243	208	10973	11037	820	19677562163	45374	11037	10106	9768	37426	0	0	81	81	125
50.599826	208	10973	11037	820	19677562163	45374	11037	10106	9768	37426	0	0	81	81	125
50.613217	208	10973	11037	820	19677562163	45374	11037	10106	9768	37426	0	0	81	81	125
50.624644	208	10973	11037	820	19677562163	45374	11037	10106	9768	37426	0	0	81	81	125
50.633794	208	10973	11037	820	19677562163	45374	11037	10106	9768	37426	0	0	81	81	125
50.647572	208	10973	11037	820	19677562163	45374	11037	10106	9768	37426	0	0	81	81	125
50.654837	208	10973	11037	820	19677562163	45374	11037	10106	9768	37426	0	0	81	81	125
50.663807	208	10973	11037	820	19677562163	45374	11037	10106	9768	37426	0	0	81	81	125
50.677124	208	10973	11037	820	19677562163	45374	11037	10106	9768	37426	0	0	81	81	125
50.690722	208	10973	11037	820	19677562163	45374	11037	10106	9768	37426	0	0	81	81	125
50.705352	208	10973	11037	820	19677562163	45374	11037	10106	9768	37426	0	0	81	81	125
50.713391	208	10973	11037	820	19677562163	45374	11037	10106	9768	37426	0	0	81	81	125
50.726935	208	10973	11037	820	19677562163	45374	11037	10106	9768	37426	0	0	81	81	125
50.733615	208	10973	11037	820	19677562163	45374	11037	10106	9768	37426	0	0	81	81	125
50.746814	208	10973	11037	820	19677562163	45374	11037	10106	9768	37426	0	0	81	81	125
50.754169	208	10973	11037	820	19677562163	45374	11037	10106	9768	37426	0	0	81	81	125
50.760898	208	10973	11037	820	19677562163	45374	11037	10106	9768	37426	0	0	81	81	125
50.772286	208	10973	11037	820	19677562163	45374	11037	10106	9768	37426	0	0	81	81	125
50.783790	208	10973	11037	820	19677562163	45374	11037	10106	9768	37426	0	0	81	81	125
50.789270	208	10973	11037	820	19677562163	45374	11037	10106	9768	37426	0	0	81	81	125
50.802723	208	10973	11037	820	19677562163	45374	11037	10106	9768	37426	0	0	81	81	125
50.815311	208	10973	11037	820	19677562163	45374	11037	10106	9768	37426	0	0	81	81	125
50.825155	208	10973	11037	820	19677562163	45374	11037	10106	9768	37426	0	0	81	81	125
50.832313	208	10973	11037	820	19677562163	45374	11037	10106	9768	37426	0	0	81	81	125
50.846421	208	10973	11037	820	19677562163	45374	11037	10106	9768	37426	0	0	81	81	125
50.861365	208	10973	11037	820	19677562163	45374	11037	10106	9768	37426	0	0	81	81	125
50.870771	208	10973	11037	820	19677562163	45374	11037	10106	9768	37426	0	0	81	81	125
50.877595	208	10973	11037	820	19677562163	45374	11037	10106	9768	37426	0	0	81	81	125
50.886585	208	10973	11037	820	19677562163	45374	11037	10106	9768	37426	0	0	81	81	125
50.897406	208	10973	11037	820	19677562163	45374	11037	10106	9768	37426	0	0	81	81	125
50.906735	208	10973	11037	820	19677562163	45374	11037	10106	9768	37426	0	0	81	81	125
50.916939	208	10973	11037	820	19677562163	45374	11037	10106	9768	37426	0	0	81	81	125
50.924221	208	10973	11037	820	19677562163	45374	11037	10106	9768	37426	0	0	81	81	125
50.931983	208	10973	11037	820	19677562163	45374	11037	10106	9768	37426	0	0	81	81	125
50.939117	208	10973	11037	820	19677562163	45374	11037	10106	9768	37426	0	0	81	81	125
50.949765	208	10973	11037	820	19677562163	45374	11037	10106	9768	37426	0	0	81	81	125
50.962142	208	10973	11037	820	19677562163	45374	11037	10106	9768	37426	0	0	81	81	125
50.970539	208	10973	11037	820	19677562163	45374	11037	10106	9768	37426	0	0	81	81	125
50.978805	208	10973	11037	820	19677562163	45374	11037	10106	9768	37426	0	0	81	81	125
50.986093	208	10973	11037	820	19677562163	45374	11037	10106	9768	37426	0	0	81	81	125
50.996707	208	10973	11037	820	19677562163	45374	11037	10106	9768	37426	0	0	81	81	125
51.005779	208	10973	11037	820	19677562163	45374	11037	10106	9768	37426	0	0	81	81	125
51.017670	208	10973	11037	820	19677562163	45374	11037	10106	9768	37426	0	0	81	81	125
51.026783	208	10973	11037	820	19677562163	45374	11037	10106	9768	37426	0	0	81	81	125
51.040971	208	10973	11037	820	19677562163	45374	11037	10106	9768	37426	0	0	81	81	125
51.047179	208	10973	11037	820	19677562163	45374	11037	10106	9768	37426	0	0	81	81	125
51.060383	208	10973	11037	820	19677562163	45374	11037	10106	9768	37426	0	0	81	81	125
51.070765	208	10973	11037	820	19677562163	45374	11037	10106	9768	37426	0	0	81	81	125
51.080387	208	10973	11037	820	19677562163	45374	11037	10106	9768	37426	0	0	81	81	125
51.093319	208	10973	11037	820	19677562163	45374	11037	10106	9768	37426	0	0	81	81	125
51.102210	208	10973	11037	820	19677562163	45374	11037	10106	9768	37426	0	0	81	81	125
51.114189	208	10973	11037	820	19677562163	45374	11037	10106	9768	37426	0	0	81	81	125
51.125234	208	10973	11037	820	19677562163	45374	11037	10106	9768	37426	0	0	81	81	125
51.135811	208	10973	11037	820	19677562163	45374	11037	10106	9768	37426	0	0	81	81	125
51.144915	208	10973	11037	820	19677562163	45374	11037	10106	9768	37426	0	0	81	81	125
51.159170	208	10973	11037	820	19677562163	45374	11037	10106	9768	37426	0	0	81	81	125
51.164778	208	10973	11037	820	19677562163	45374	11037	10106	9768	37426	0	0	81	81	125
51.170733	208	10973	11037	820	19677562163	45374	11037	10106	9768	37426	0	0	81	81	125
51.177496	208	10973	11037	820	19677562163	45374	11037	10106	9768	37426	0	0	81	81	125
51.192644	208	10973	11037	820	19677562163	45374	11037	10106	9768	37426	0	0	81	81	125
51.205147	208	10973	11037	820	19677562163	45374	11037	10106	9768	37426	0	0	81	81	125
51.220008	208	10973	11037	820	19677562163	45374	11037	10106	9768	37426	0	0	81	81	125
51.230860	208	10973	11037	820	19677562163	45374	11037	10106	9768	37426	0	0	81	81	125
51.237567	208	10973	11037	820	19677562163	45374	11037	10106	9768	37426	0	0	81	81	125
51.243513	208	10973	11037	820	19677562163	45374	11037	10106	9768	37426	0	0	81	81	125
51.253045	208	10973	11037	820	19677562163	45374	11037	10106	9768	37426	0	0	81	81	125
51.267970	208	10973	11037	820	19677562163	45374	11037	10106	9768	37426	0	0	81	81	125
51.276727	208	10973	11037	820	19677562163	45374	11037	10106	9768	37426	0	0	81	81	125
51.283620	208	10973	11037	820	19677562163	45374	11037	10106	9768	37426	0	0	81	81	125
51.290052	208	10973	11037	820	19677562163	45374	11037	10106	9768	37426	0	0	81	81	125
51.304652	208	10973	11037	820	19677562163	45374	11037	10106	9768	37426	0	0	81	81	125
51.315884	208	10973	11037	820	19677562163	45374	11037	10106	9768	37426	0	0	81	81	125
