seconds	address	rax	rbx	rcx	rdx	rsi	rdi	rbp	rsp	r8	r9	r10	r11	r12	r13	r14	r15
0.011344	1cb9fe65f675	21	ffffffffffffff68	1f	21	5cd689361a20	79905cc1ac80	0	7ffc7e35d9c0	5cd689361b80	3f	0	c9452bc815867652	5cd689360500	0	d0	5cd689361b80
0.017991	a515c	0	3edfc3c0015c2f9	0	f7126679ed917	0	f7126679ed917	2	7ffc7e35d748	3edfc3c0015c2f9	5cd689361b60	5cd6893618e0	0	5cd65e4e80d0	2	f7126679ed917	5cd689361900
0.024457	7bdaf	5cd689363c80	1	38	5cd689361b30	5cd65e4ec938	7ffc7e35d7d8	0	7ffc7e35d7d0	38	30	ec	c9452bc815867652	5cd689361b40	0	ec	5cd689361a50
0.036215	7c0bf	5cd689361920	b1b8bf0330ba320	5cd6893622b8	1	5cd689364670	1f	5	7ffc7e35d810	1	38	e8	c9452bc815867652	7ffc7e35d828	5	22a4	5cd65e4ecb30
0.050505	7c0ef	5cd689361470	d32deba3a65e70f	5cd6893622b8	1	5cd689361a50	1f	40	7ffc7e35d810	1	38	e8	c9452bc815867652	7ffc7e35d828	5cd6893622b8	22a4	5cd65e4ecb30
0.059690	7bd70	5cd6893618e0	1	38	5cd689361b30	5cd65e4ec938	7ffc7e35d808	0	7ffc7e35d800	38	4	e8	c9452bc815867652	5cd689361b3c	0	e8	5cd689361a50
0.068978	7c0d6	5cd689361920	7d9d89e0f72bbd5	5cd689361b68	1	5cd689364780	1f	19	7ffc7e35d7e0	5cd689363c80	5cd689361b60	5cd689361a30	c9452bc815867652	7ffc7e35d7f8	19	22a5	5cd65e4ecb30
0.077487	7c0d6	5cd689363eb0	49a4d60247b7610	5cd6893618f0	2	5cd689364100	2f	10	7ffc7e35d900	5cd689361a38	1	852e426f357e33c	0	7ffc7e35d918	10	22a5	5cd65e4ecb30
0.089298	7cb2c	3c	1	3c	5cd689361470	5cd689364780	7ffc7e35d890	5cd689361900	7ffc7e35d860	5cd689363c80	5cd689361a30	5cd689361b60	c9452bc815867652	5cd689361b60	1	7ffc7e35d940	5cd689361a30
0.100084	7c0b3	5cd689361920	12e06ad3380f6fef	5cd6893622b8	1	5cd689361470	1f	25	7ffc7e35d810	1	38	ec	c9452bc815867652	7ffc7e35d828	26	22a4	5cd65e4ecb30
0.106153	7c0b3	5cd689364780	1	5cd689361a38	1	0	1f	2b	7ffc7e35d7e0	5cd689363c80	5cd6893618e0	5cd689361a30	c9452bc815867652	7ffc7e35d7f8	2c	22a4	5cd65e4ecb30
0.115103	7bdc4	5cd6893622b0	7cbabb53c60b5684	3c	5cd6893606f0	5cd65e4ec938	7ffc7e35d958	1	7ffc7e35d950	3c	8	23c	c9452bc815867652	5cd689360840	0	33c	5cd689360600
0.126202	a5094	3c57	e717	0	5d13	0	367849e4	39c5	7ffc7e35d208	e717	0	0	c9452bc815867652	7616	738b	20b3	5cd65e4e8000
0.135885	731d6	da48	da48	0	0	0	da48	25619	7ffc7e35d2a0	25619	0	0	c9452bc815867652	9586	5cd65e4e8000	1	9586
0.145208	72450	365f7	365f7	0	0	3bb9d	30d2b	3bb9d	7ffc7e35d298	3bb9d	0	10000	c9452bc815867652	5cd689361070	29ce	1	79905ccce0f0
0.160108	734d3	186171908400	0	4f00b7	0	4f00b8	0	3d000	7ffc7e35d2a0	186171908440	0	0	0	5cd689361070	2aad	3981	79905ccce0f0
0.167435	734ae	0	0	739c52	0	739c53	0	3d000	7ffc7e35d2a0	3435d1200a00	0	0	0	5cd689361070	2aad	3981	79905ccce0f0
0.182002	7350c	b157302434c3e54d	0	be9f74	69	be9f75	0	3d000	7ffc7e35d2a0	8df114fe8b00	0	0	0	5cd689361070	2aad	3981	79905ccce0f0
0.193697	7350c	be59c36e4adc7bb3	0	f9c38a	ed	f9c38b	0	3d000	7ffc7e35d2a0	f3adf9c30d00	0	0	0	5cd689361070	2aad	3981	79905ccce0f0
0.199764	73519	79f5adad1c74471f	0	11ae65e	159	11ae65f	0	3d000	7ffc7e35d2a0	138a0589ad700	0	0	0	5cd689361070	2aad	3981	79905ccce0f0
0.208357	734b1	0	0	14a727e	0	14a727f	0	3d000	7ffc7e35d2a0	1aa8b600c7600	0	0	0	5cd689361070	2aad	3981	79905ccce0f0
0.218155	734c8	23ca99bc14764	0	17ee2c9	0	17ee2ca	0	3d000	7ffc7e35d2a0	23ca99bc14764	0	0	0	5cd689361070	2aad	3981	79905ccce0f0
0.224940	734d3	2b141c5fe1100	0	1a40f2a	0	1a40f2b	0	3d000	7ffc7e35d2a0	2b141c5fe1139	0	0	0	5cd689361070	2aad	3981	79905ccce0f0
0.236260	734ae	0	0	1cd1f12	0	1cd1f13	0	3d000	7ffc7e35d2a0	33e98ea995d00	0	0	0	5cd689361070	2aad	3981	79905ccce0f0
0.243801	734b1	0	0	1f65c06	0	1f65c07	0	3d000	7ffc7e35d2a0	3d9cd089c5000	0	0	0	5cd689361070	2aad	3981	79905ccce0f0
0.251135	73497	18d95	0	21f7908	991	21f7909	0	3d000	7ffc7e35d2a0	481c2ad678200	0	0	0	5cd689361070	2aad	3981	79905ccce0f0
0.265590	73508	6004ddc365323ec9	0	26f6f58	e71	26f6f59	0	3d000	7ffc7e35d2a0	5ee3f239c4cf1	0	0	0	5cd689361070	2aad	3981	79905ccce0f0
0.271616	734b1	0	0	29075b0	0	29075b1	0	3d000	7ffc7e35d2a0	6935b5c1a5900	0	0	0	5cd689361070	2aad	3981	79905ccce0f0
0.277220	734a8	0	0	2aeead8	1351	2aeead9	0	3d000	7ffc7e35d2a0	7332f750f9600	0	0	0	5cd689361070	2aad	3981	79905ccce0f0
0.283463	7350f	3a5d701cf7a33c5f	0	2d1981e	1665	2d1981f	0	3d000	7ffc7e35d2a0	7f1fa3902d300	0	0	0	5cd689361070	2aad	3981	79905ccce0f0
0.289209	734c8	8a6b95c536789	0	2f0f942	0	2f0f943	0	3d000	7ffc7e35d2a0	8a6b95c536789	0	0	0	5cd689361070	2aad	3981	79905ccce0f0
0.299725	734c8	a0e0061297e01	0	32bc0fe	0	32bc0ff	0	3d000	7ffc7e35d2a0	a0e0061297e01	0	0	0	5cd689361070	2aad	3981	79905ccce0f0
0.309417	734e9	0	0	36109c5	0	36109c6	0	3d000	7ffc7e35d2a0	b6b030c6b8524	0	0	0	5cd689361070	2aad	3981	79905ccce0f0
0.324135	734a8	0	0	3b1a257	3266	3b1a258	0	3d000	7ffc7e35d2a0	da50fed403900	0	0	0	5cd689361070	2aad	3981	79905ccce0f0
0.337174	734b5	0	0	3f994bb	0	3f994bc	0	3d000	7ffc7e35d2a0	fcccf0c2ec000	0	0	0	5cd689361070	2aad	3981	79905ccce0f0
0.348693	73511	6aea2e327a0e6118	0	439ebb5	4b7c	439ebb6	0	3d000	7ffc7e35d2a0	11dc788013a500	0	0	0	5cd689361070	2aad	3981	79905ccce0f0
0.356282	73508	2e70608a923f2148	0	46268f1	5448	46268f2	0	3d000	7ffc7e35d2a0	13391c144d84c4	0	0	0	5cd689361070	2aad	3981	79905ccce0f0
0.363423	734a5	139c0	0	4898451	5d66	4898452	0	3d000	7ffc7e35d2a0	1496016b15a100	0	0	0	5cd689361070	2aad	3981	79905ccce0f0
0.371336	734bc	0	0	4a94c74	0	4a94c75	0	3d000	7ffc7e35d2a0	15ba59a7fd1400	0	0	0	5cd689361070	2aad	3981	79905ccce0f0
0.376543	73508	fb242c25a0e61000	0	4c5620f	6c99	4c56210	0	3d000	7ffc7e35d2a0	16c34092304100	0	0	0	5cd689361070	2aad	3981	79905ccce0f0
0.383295	734a5	120d4	0	4e8c9d5	7652	4e8c9d6	0	3d000	7ffc7e35d2a0	1819fd19302b00	0	0	0	5cd689361070	2aad	3981	79905ccce0f0
0.391123	734dd	19c6501f7e8d00	0	513ae14	0	513ae15	0	3d000	7ffc7e35d2a0	19c6501f7e8db9	0	0	0	5cd689361070	2aad	3981	79905ccce0f0
0.402687	73505	8f2884f614769f0f	0	54748ae	9311	54748af	0	3d000	7ffc7e35d2a0	1bdcb03bb4e7a1	0	0	0	5cd689361070	2aad	3981	79905ccce0f0
0.417201	734ae	0	0	59645bd	0	59645be	0	3d000	7ffc7e35d2a0	1f36ef2e7b6d00	0	0	0	5cd689361070	2aad	3981	79905ccce0f0
0.425871	734ff	0	0	5c0c4b3	0	5c0c4b4	0	3d000	7ffc7e35d2a0	2118d6ad241e90	0	0	0	5cd689361070	2aad	3981	79905ccce0f0
0.438855	73497	c638	0	5ef0f49	d0ee	5ef0f4a	0	3d000	7ffc7e35d2a0	2335d67115c100	0	0	0	5cd689361070	2aad	3981	79905ccce0f0
0.445964	734fc	0	0	616342d	0	616342e	0	3d000	7ffc7e35d2a0	250c5f2a8ab844	0	0	0	5cd689361070	2aad	3981	79905ccce0f0
0.458232	734e0	28557e6b7fea00	0	659d4bb	0	659d4bc	0	3d000	7ffc7e35d2a0	28557e6b7fea10	0	0	0	5cd689361070	2aad	3981	79905ccce0f0
0.468455	73511	b92e12b993d4f1f9	0	67f9868	1126c	67f9869	0	3d000	7ffc7e35d2a0	2a3abd7eeadb00	0	0	0	5cd689361070	2aad	3981	79905ccce0f0
0.473712	734ff	0	0	69cad54	0	69cad55	0	3d000	7ffc7e35d2a0	2bb803b0f3fe39	0	0	0	5cd689361070	2aad	3981	79905ccce0f0
0.483049	73505	8bb854705b964048	0	6bfd231	13373	6bfd232	0	3d000	7ffc7e35d2a0	2d8d95ab3211c4	0	0	0	5cd689361070	2aad	3981	79905ccce0f0
0.489112	73508	bec48f508ef2f8f8	0	6dddcbd	143c4	6dddcbe	0	3d000	7ffc7e35d2a0	2f269fc6631d04	0	0	0	5cd689361070	2aad	3981	79905ccce0f0
0.499504	734ab	0	0	7170465	0	7170466	0	3d000	7ffc7e35d2a0	32444f50394f00	0	0	0	5cd689361070	2aad	3981	79905ccce0f0
0.513978	734e6	0	0	756c09a	0	756c09b	0	3d000	7ffc7e35d2a0	35dbee730cddd9	0	0	0	5cd689361070	2aad	3981	79905ccce0f0
0.521300	735c3	0	4	8cd30	0	0	2a9d3c7802cd291	1	7ffc7e35d2a0	0	0	0	4	5cd689361000	2aad	3	8cd31
0.532218	7c142	ea	7ffc7e35d350	e9	5cd689362cf0	0	4f	100	7ffc7e35d150	5cd689381540	1714	1714	c9452bc815867652	7ffc7e35d168	5cd6893622d0	22a4	5cd65e4ecb30
0.539962	7bd9c	5cd689362510	4	3c	5cd689361160	5cd65e4ec938	7ffc7e35d108	0	7ffc7e35d100	3c	1c	33c	c9452bc815867652	5cd6893613b0	0	33c	5cd689361070
0.546697	7d4d9	48a8f2f4e98a0dab	0	2b9	23	0	d11893a8cdbbcf7	7	7ffc7e35d080	0	0	0	a5a426100723bbf5	4	5cd6893814a8	3	48a8f2f4e98a0dcf
0.556321	7c0bf	5cd6893628e0	9cd87cefbe2a744e	5cd689362580	4	0	4f	a8	7ffc7e35d150	5cd689381930	5f1a	5f1a	c9452bc815867652	7ffc7e35d168	28	22a5	5cd65e4ecb30
0.569066	7bdaa	5cd689362280	893a8cdbbcf7934d	3c	5cd689361360	5cd65e4ec938	7ffc7e35d148	2	7ffc7e35d140	3c	4	13c	c9452bc815867652	5cd6893613b0	0	33c	5cd689361270
0.576151	7c0bf	5cd6893628e0	f2ea4c13bc78b727	5cd6893622d0	4	5cd68936a1a0	4f	8	7ffc7e35d110	5cd689381540	1e3	1e3	c9452bc815867652	7ffc7e35d128	8	22a4	5cd65e4ecb30
0.581576	75fed	65	4c22	6	ac53	5cd6893c5a60	e	10000	7ffc7e35d2a0	2aad	5cd689413030	5cd6894285a0	79905cd02010	10000	10000	10000	59ef
0.592207	75fed	4f	4c22	6	409b78	5cd6893c5a60	d	10000	7ffc7e35d2a0	2aad	5cd689413030	5cd6894285a0	79905bd02010	410000	410000	10000	49d9
0.604575	76001	9e53	4c22	f	861338	5cd6893c5a60	852	10000	7ffc7e35d2a0	2aad	5cd689413030	5cd6894285a0	79905abc2010	860000	860000	10000	24d5
0.610888	75fed	17527	4c22	10	aeaa18	5cd6893c5a60	1203	10000	7ffc7e35d2a0	2aad	5cd689413030	5cd6894285a0	79905a182010	af0000	af0000	10000	3f10
0.624814	75fed	2ea3f	4c22	11	1085ec9	5cd6893c5a60	2185	10000	7ffc7e35d2a0	2aad	5cd689413030	5cd6894285a0	799058b02010	1090000	1090000	10000	2e10
0.638976	75fed	2c495	4c22	11	1651a14	5cd6893c5a60	1ff0	10000	7ffc7e35d2a0	2aad	5cd689413030	5cd6894285a0	7990573c2010	1660000	1660000	10000	4677
0.648981	7600e	2b	4c22	5	347430	5cd6893c5a60	7	10000	7ffc7e35d2a0	2aad	5cd689413030	5cd6894285a0	79905c002010	350000	350000	10000	581b
0.654384	75fc0	2aad	4c22	11	5878f6	5cd6893c5a60	1dc5	10000	7ffc7e35d2a0	2aad	5cd689413030	5cd6894285a0	79905b782010	570000	570000	10000	11bb
0.660931	75fed	2b	4c22	5	8205e7	5cd6893c5a60	7	10000	7ffc7e35d2a0	2aad	5cd689413030	5cd6894285a0	79905ac82010	830000	830000	10000	555d
0.675026	7600e	47	4c22	6	d4cf4d	5cd6893c5a60	b	10000	7ffc7e35d2a0	2aad	5cd689413030	5cd6894285a0	799059802010	d50000	d50000	10000	2fe4
0.687551	75fe9	39197	4c22	11	12581ec	5cd6893c5a60	2827	10000	7ffc7e35d2a0	2aad	5cd689413030	5cd6894285a0	7990583c2010	1260000	1260000	10000	568d
0.696506	1cb9fe75db8a	79905cd025e8	59ef	12d6c	161e4	5cd689440f88	79905cd05a60	176	7ffc7e35d298	79905cd025e8	5cd689413030	5cd6894285a0	799057542010	1610000	1610000	10000	176
0.707386	7600e	35e1b	4c22	11	3376aa	5cd6893c5a60	2605	10000	7ffc7e35d2a0	2aad	5cd689413030	5cd6894285a0	79905c042010	340000	340000	10000	4a4e
0.721481	75fad	5cd6893e8550	4c22	10	90c0df	5cd6893c5a60	172a	10000	7ffc7e35d2a0	2aad	5cd689413030	5cd6894285a0	79905a982010	8f0000	8f0000	10000	471b
0.727380	7600e	47	4c22	6	b66a6c	5cd6893c5a60	b	10000	7ffc7e35d2a0	2aad	5cd689413030	5cd6894285a0	799059f82010	b70000	b70000	10000	5389
0.733527	75fed	253d	4c22	d	dec97b	5cd6893c5a60	22d	10000	7ffc7e35d2a0	2aad	5cd689413030	5cd6894285a0	799059582010	df0000	df0000	10000	608
0.741680	7600e	684b	4c22	e	113d3f5	5cd6893c5a60	5a5	10000	7ffc7e35d2a0	2aad	5cd689413030	5cd6894285a0	799058842010	1140000	1140000	10000	1201
0.748238	7600e	f529	4c22	f	13e62be	5cd6893c5a60	c6b	10000	7ffc7e35d2a0	2aad	5cd689413030	5cd6894285a0	799057d82010	13f0000	13f0000	10000	47d6
0.754735	76060	79905cd02010	4e00	11	168f61f	5cd6893c5a60	2aad	10000	7ffc7e35d2a0	2aad	5cd689413030	5cd6894285a0	799057342010	1680000	4dfc	10000	0
0.765933	7600e	12a2d	4c22	10	40e676	5cd6893c5a60	ec6	10000	7ffc7e35d2a0	2aad	5cd689413030	5cd6894285a0	79905bd02010	410000	410000	10000	49d9
0.780879	75ff5	8fef	4c22	f	a48310	5cd6893c5a60	7aa	10000	7ffc7e35d2a0	2aad	5cd689413030	5cd6894285a0	79905a442010	a40000	a40000	10000	130
0.789623	75fed	a8d7	4c22	f	db5959	5cd6893c5a60	8d3	10000	7ffc7e35d2a0	2aad	5cd689413030	5cd6894285a0	799059642010	dc0000	dc0000	10000	3690
0.794989	1cb9fe75db8a	79905cd04f38	59ef	14cc	13894	5cd68944fed8	79905cd17300	bca	7ffc7e35d298	79905cd04f38	5cd689413030	5cd6894285a0	799058d82010	1000000	1000000	10000	bca
0.802139	7600e	16211	4c22	10	12efeee	5cd6893c5a60	1134	10000	7ffc7e35d2a0	2aad	5cd689413030	5cd6894285a0	799058182010	12f0000	12f0000	10000	1ee4
0.816311	1cb9fe75db8a	79905cd2ef88	4c22	3ad0	13088	79905cd115c8	79905cd3e540	b3de	7ffc7e35d298	79905cd2ef88	5cd689413030	5cd6894285a0	79905ca82010	c0000	c0000	10000	3de0
0.821596	7600e	13d	4c22	8	2dbf3b	5cd6893c5a60	26	10000	7ffc7e35d2a0	2aad	5cd689413030	5cd6894285a0	79905c1c2010	2e0000	2e0000	10000	516f
0.827756	76060	79905cd02010	9214	11	561c84	5cd6893c5a60	2aad	10000	7ffc7e35d2a0	2aad	5cd689413030	5cd6894285a0	79905b842010	540000	9210	10000	0
0.834567	1cb9fe75db8a	79905cd187cc	59ef	5be8	167bc	79905cd12be4	79905cd293a0	59ef	7ffc7e35d298	79905cd187cc	5cd689413030	5cd6894285a0	79905ad42010	810000	810000	10000	39c3
0.843913	7600e	25	4c22	5	b19b25	5cd6893c5a60	6	10000	7ffc7e35d2a0	2aad	5cd689413030	5cd6894285a0	79905a0c2010	b20000	b20000	10000	e88
0.858713	75fed	38107	4c22	11	1104c34	5cd6893c5a60	277b	10000	7ffc7e35d2a0	2aad	5cd689413030	5cd6894285a0	799058902010	1110000	1110000	10000	4289
0.865560	7600e	1e97f	4c22	10	13d51b0	5cd6893c5a60	16de	10000	7ffc7e35d2a0	2aad	5cd689413030	5cd6894285a0	799057dc2010	13e0000	13e0000	10000	3a09
0.880237	75fed	1a6ff	4c22	10	2a6e14	5cd6893c5a60	1427	10000	7ffc7e35d2a0	2aad	5cd689413030	5cd6894285a0	79905c282010	2b0000	2b0000	10000	2808
0.889071	7600e	21211	4c22	11	63b732	5cd6893c5a60	18a4	10000	7ffc7e35d2a0	2aad	5cd689413030	5cd6894285a0	79905b442010	640000	640000	10000	1146
0.903646	75fed	c1	4c22	7	c3f745	5cd6893c5a60	16	10000	7ffc7e35d2a0	2aad	5cd689413030	5cd6894285a0	799059c42010	c40000	c40000	10000	5314
0.916414	75fe9	36895	4c22	11	1127fdf	5cd6893c5a60	2676	10000	7ffc7e35d2a0	2aad	5cd689413030	5cd6894285a0	799058882010	1130000	1130000	10000	434
0.924072	75f95	65	4c22	6	1430016	5cd6893c5a60	e	10000	7ffc7e35d2a0	2aad	5cd689413030	5cd6894285a0	799057c82010	1430000	1430000	10000	251b
0.931565	756f8	b76477	6c97	0	6a92	aa5	5dd	4840	7ffc7e35d2a0	6c97	0	0	ca02321e4e2164a3	5dd	7fffffffffffc7a8	d8ce690b6747134c	2aad
0.942831	75fed	21f19	4c22	11	45e0a3	5cd6893c5a60	1936	10000	7ffc7e35d2a0	2aad	5cd689413030	5cd6894285a0	79905bbc2010	460000	460000	10000	34eb
0.948137	75fed	2d359	4c22	11	659dbd	5cd6893c5a60	2092	10000	7ffc7e35d2a0	2aad	5cd689413030	5cd6894285a0	79905b3c2010	660000	660000	10000	2ce0
0.955991	7600e	449	4c22	a	97c899	5cd6893c5a60	61	10000	7ffc7e35d2a0	2aad	5cd689413030	5cd6894285a0	79905a742010	980000	980000	10000	f72
0.963387	75f95	152b7	4c22	10	c8523d	5cd6893c5a60	1086	10000	7ffc7e35d2a0	2aad	5cd689413030	5cd6894285a0	799059b82010	c70000	c70000	10000	228c
0.973638	75fe9	2b6d	4c22	d	10864a4	5cd6893c5a60	27d	10000	7ffc7e35d2a0	2aad	5cd689413030	5cd6894285a0	799058b02010	1090000	1090000	10000	2e10
0.983272	7600e	bcd5	4c22	f	1433702	5cd6893c5a60	9c6	10000	7ffc7e35d2a0	2aad	5cd689413030	5cd6894285a0	799057c42010	1440000	1440000	10000	32e8
0.992253	75ff5	3b97b	4c22	11	b938c	5cd6893c5a60	29b3	10000	7ffc7e35d2a0	2aad	5cd689413030	5cd6894285a0	79905cac2010	a0000	a0000	10000	2246
1.003448	1cb9fe75db8a	79905cd0bab4	59ef	c10c	cd18	5cd68943e71c	79905cd0c6c0	26a9	7ffc7e35d298	79905cd0bab4	5cd689413030	5cd6894285a0	79905b902010	520000	520000	10000	26a9
1.012317	75fed	4ccd	4c22	e	8a2f30	5cd6893c5a60	44a	10000	7ffc7e35d2a0	2aad	5cd689413030	5cd6894285a0	79905aa82010	8b0000	8b0000	10000	fe7
1.020784	76073	79905cd02010	1bc8	11	bf06b1	5cd6893c5a60	2aad	10000	7ffc7e35d2a0	2aad	5cd689413030	5cd6894285a0	799059d82010	bf0000	1bc4	10000	0
1.034821	76073	79905cd02010	9110	11	11a9179	5cd6893c5a60	2aad	10000	7ffc7e35d2a0	2aad	5cd689413030	5cd6894285a0	799058702010	1190000	910c	10000	0
1.041072	7600e	7d3	4c22	a	141e158	5cd6893c5a60	a4	10000	7ffc7e35d2a0	2aad	5cd689413030	5cd6894285a0	799057cc2010	1420000	1420000	10000	174e
1.052909	76a16	2aad	5cd68936ac00	e34d	5cd689385a40	283d5	65ca	5cd68997d6c0	7ffc7e35d2a0	283b5	1d4d	1	c9452bc815867652	2aad	18	1d4e	26
1.059153	7600e	2b	4c22	5	424ce2	5cd6893c5a60	7	10000	7ffc7e35d2a0	2aad	5cd689413030	5cd6894285a0	79905bc82010	430000	430000	10000	b84
1.073490	7600e	3d	4c22	5	9d791b	5cd6893c5a60	9	10000	7ffc7e35d2a0	2aad	5cd689413030	5cd6894285a0	79905a5c2010	9e0000	9e0000	10000	851
1.086496	7607c	1111	1508	11	f0f18e	5cd6893c5a60	2aad	10000	7ffc7e35d2a0	2aad	5cd689413030	5cd6894285a0	7990591c2010	ee0000	1504	10000	0
1.096169	75fed	18629	4c22	10	12be348	5cd6893c5a60	12b7	10000	7ffc7e35d2a0	2aad	5cd689413030	5cd6894285a0	799058242010	12c0000	12c0000	10000	4f6c
1.110398	75ff0	35	4c22	5	10a556	5cd6893c5a60	8	10000	7ffc7e35d2a0	2aad	5cd689413030	5cd6894285a0	79905c902010	110000	110000	10000	28f2
1.125275	76077	ffff	aaac	11	70ca94	5cd6893c5a60	2aad	10000	7ffc7e35d2a0	2aad	5cd689413030	5cd6894285a0	79905b182010	6f0000	aaa8	10000	0
1.132058	75ff0	e17	4c22	b	983b60	5cd6893c5a60	fe	10000	7ffc7e35d2a0	2aad	5cd689413030	5cd6894285a0	79905a702010	990000	990000	10000	1d3f
1.145483	75fed	1f99	4c22	c	e6756e	5cd6893c5a60	1e7	10000	7ffc7e35d2a0	2aad	5cd689413030	5cd6894285a0	799059382010	e70000	e70000	10000	1a81
1.152912	7600e	aabf	4c22	f	104a34c	5cd6893c5a60	8e4	10000	7ffc7e35d2a0	2aad	5cd689413030	5cd6894285a0	799058c02010	1050000	1050000	10000	50cb
1.160736	76066	79905cd02010	2440	11	13721f0	5cd6893c5a60	2aad	10000	7ffc7e35d2a0	2aad	5cd689413030	5cd6894285a0	799058042010	1340000	243c	10000	0
1.373187	75fed	49	4c22	6	46c877	5cd6893c5a60	c	10000	7ffc7e35d2a0	2aad	5cd689413030	5cd6894285a0	79905bb82010	470000	470000	10000	42b8
1.387487	75ff0	47	4c22	6	8c2a51	5cd6893c5a60	b	10000	7ffc7e35d2a0	2aad	5cd689413030	5cd6894285a0	79905aa02010	8d0000	8d0000	10000	2b81
1.398176	7600e	89	4c22	7	ba61ee	5cd6893c5a60	10	10000	7ffc7e35d2a0	2aad	5cd689413030	5cd6894285a0	799059e82010	bb0000	bb0000	10000	30ce
1.406846	76073	79905cd02010	cdb4	11	eed5e4	5cd6893c5a60	2aad	10000	7ffc7e35d2a0	2aad	5cd689413030	5cd6894285a0	799059202010	ed0000	cdb0	10000	0
1.418953	75fed	23f9	4c22	d	12e3be0	5cd6893c5a60	21e	10000	7ffc7e35d2a0	2aad	5cd689413030	5cd6894285a0	799058182010	12f0000	12f0000	10000	1ee4
1.428686	76060	79905cd02010	3b34	11	16513d1	5cd6893c5a60	2aad	10000	7ffc7e35d2a0	2aad	5cd689413030	5cd6894285a0	799057402010	1650000	3b30	10000	0
1.443295	7600e	3d	4c22	5	51e43b	5cd6893c5a60	9	10000	7ffc7e35d2a0	2aad	5cd689413030	5cd6894285a0	79905b8c2010	520000	520000	10000	26a9
1.452137	75fad	5cd6893e8550	4c22	b	8b0687	5cd6893c5a60	103	10000	7ffc7e35d2a0	2aad	5cd689413030	5cd6894285a0	79905aa82010	8b0000	8b0000	10000	fe7
1.465375	76077	ffff	4fc0	11	e241ff	5cd6893c5a60	2aad	10000	7ffc7e35d2a0	2aad	5cd689413030	5cd6894285a0	799059502010	e10000	4fbc	10000	0
1.479306	75fed	17b3	4c22	c	13c8ed8	5cd6893c5a60	178	10000	7ffc7e35d2a0	2aad	5cd689413030	5cd6894285a0	799057e02010	13d0000	13d0000	10000	2c3c
1.486736	76055	14bc	14b8	11	16f629e	5cd6893c5a60	2aad	10000	7ffc7e35d2a0	2aad	5cd689413030	5cd6894285a0	7990571c2010	16e0000	14b4	10000	0
1.500367	7600e	2d35f	4c22	11	53c38c	5cd6893c5a60	2093	10000	7ffc7e35d2a0	2aad	5cd689413030	5cd6894285a0	79905b842010	540000	540000	10000	4243
1.512893	75fad	5cd6893e8550	4c22	10	a88e20	5cd6893c5a60	1633	10000	7ffc7e35d2a0	2aad	5cd689413030	5cd6894285a0	79905a382010	a70000	a70000	10000	2a97
1.525684	75fed	5e7	4c22	a	f86370	5cd6893c5a60	84	10000	7ffc7e35d2a0	2aad	5cd689413030	5cd6894285a0	799058f02010	f90000	f90000	10000	51e
1.532812	75fed	8f9	4c22	b	1261767	5cd6893c5a60	b2	10000	7ffc7e35d2a0	2aad	5cd689413030	5cd6894285a0	799058382010	1270000	1270000	10000	a6b
1.547027	7600e	305	4c22	9	f005b	5cd6893c5a60	4c	10000	7ffc7e35d2a0	2aad	5cd689413030	5cd6894285a0	79905c942010	100000	100000	10000	1b25
1.562128	75fad	5cd6893e8550	4c22	10	640e46	5cd6893c5a60	12a2	10000	7ffc7e35d2a0	2aad	5cd689413030	5cd6894285a0	79905b442010	640000	640000	10000	1146
1.568932	75fe9	183b	4c22	c	8dcf3a	5cd6893c5a60	17d	10000	7ffc7e35d2a0	2aad	5cd689413030	5cd6894285a0	79905a9c2010	8e0000	8e0000	10000	394e
1.578095	75fed	3818b	4c22	11	c6a221	5cd6893c5a60	2783	10000	7ffc7e35d2a0	2aad	5cd689413030	5cd6894285a0	799059b82010	c70000	c70000	10000	228c
1.583550	75fed	c1	4c22	7	e719a0	5cd6893c5a60	16	10000	7ffc7e35d2a0	2aad	5cd689413030	5cd6894285a0	799059342010	e80000	e80000	10000	284e
1.596359	1cb9fe75db8a	79905cd099cc	59ef	6b4c	ee00	5cd689445dc4	79905cd11c80	1e6f	7ffc7e35d298	79905cd099cc	5cd689413030	5cd6894285a0	799057e82010	13c0000	13c0000	10000	1e6f
1.604854	a4f8a	3824b5727848f7ff	201a1	0	15691	ffffffffffff8f5b	deb08007dedb4cf0	121a8	7ffc7e35d298	201a1	70a4	0	ca02321e4e2164a3	17df	7fffffffffff8f5b	214f7ff82124b310	2aad
1.618456	769ec	5cd6893e8550	5cd68936ac00	5cd6893fdac0	30253	0	0	5cd68a015850	7ffc7e35d2a0	31511	232d	5cd6893640e0	c9452bc815867652	2aad	14	232e	26
1.625350	75fed	355a3	4c22	11	824061	5cd6893c5a60	25ad	10000	7ffc7e35d2a0	2aad	5cd689413030	5cd6894285a0	79905ac82010	830000	830000	10000	555d
1.640515	7600a	2b357	4c22	11	de280b	5cd6893c5a60	1f38	10000	7ffc7e35d2a0	2aad	5cd689413030	5cd6894285a0	799059582010	df0000	df0000	10000	608
1.645977	75fed	a5c1	4c22	f	ffd7ac	5cd6893c5a60	8ac	10000	7ffc7e35d2a0	2aad	5cd689413030	5cd6894285a0	799058d42010	1000000	1000000	10000	bca
1.660171	75fed	91d	4c22	b	154d361	5cd6893c5a60	b3	10000	7ffc7e35d2a0	2aad	5cd689413030	5cd6894285a0	799057802010	1550000	1550000	10000	fb8
1.673837	75fa8	5cd6893e8550	4c22	11	2a78f2	5cd6893c5a60	17f5	10000	7ffc7e35d2a0	2aad	5cd689413030	5cd6894285a0	79905c2c2010	2a0000	2a0000	10000	1a3b
1.685292	76001	27719	4c22	11	6e62be	5cd6893c5a60	1cbf	10000	7ffc7e35d2a0	2aad	5cd689413030	5cd6894285a0	79905b242010	6c0000	6c0000	10000	25bf
1.694945	75fed	976f	4c22	f	a1c28c	5cd6893c5a60	801	10000	7ffc7e35d2a0	2aad	5cd689413030	5cd6894285a0	79905a4c2010	a20000	a20000	10000	3f85
1.705874	7600e	1cc1b	4c22	10	e1892a	5cd6893c5a60	159b	10000	7ffc7e35d2a0	2aad	5cd689413030	5cd6894285a0	7990594c2010	e20000	e20000	10000	2f6f
1.711775	76001	22cc1	4c22	11	1034326	5cd6893c5a60	19c9	10000	7ffc7e35d2a0	2aad	5cd689413030	5cd6894285a0	799058c82010	1030000	1030000	10000	3531
1.720438	7600e	c7	4c22	7	1342156	5cd6893c5a60	18	10000	7ffc7e35d2a0	2aad	5cd689413030	5cd6894285a0	799058002010	1350000	1350000	10000	17c3
1.728246	75fed	35	4c22	5	15880bf	5cd6893c5a60	8	10000	7ffc7e35d2a0	2aad	5cd689413030	5cd6894285a0	799057702010	1590000	1590000	10000	46ec
1.735639	75fed	25	4c22	5	12cbcc	5cd6893c5a60	6	10000	7ffc7e35d2a0	2aad	5cd689413030	5cd6894285a0	79905c882010	130000	130000	10000	448c
1.749783	1cb9fe75e10a	0	1	2278	5cd68a1ad7c0	0	5cd68a1b6000	7e	7ffc7e35d298	0	5cd68a1ad7c0	5cd689a057b0	79905cc1ace0	5cd6893622b8	79905cd02010	aab4	7e
1.757509	7600e	2401f	4c22	11	8b0d7e	5cd6893c5a60	1a96	10000	7ffc7e35d2a0	2aad	5cd689413030	5cd6894285a0	79905aa42010	8c0000	8c0000	10000	1db4
1.764690	1cb9fe75db8a	79905cd2ef88	4c22	f010	13088	79905cd06088	79905cd33000	b3de	7ffc7e35d298	79905cd2ef88	5cd689413030	5cd6894285a0	79905a042010	b50000	b50000	10000	37ef
1.771489	7600e	1d077	4c22	10	d4d614	5cd6893c5a60	15c4	10000	7ffc7e35d2a0	2aad	5cd689413030	5cd6894285a0	799059802010	d50000	d50000	10000	2fe4
1.777913	7600e	198e5	4c22	10	f43954	5cd6893c5a60	1392	10000	7ffc7e35d2a0	2aad	5cd689413030	5cd6894285a0	799059002010	f50000	f50000	10000	27d9
1.786639	7600e	35473	4c22	11	11d3ac7	5cd6893c5a60	25a3	10000	7ffc7e35d2a0	2aad	5cd689413030	5cd6894285a0	7990585c2010	11e0000	11e0000	10000	4214
1.801198	7600e	1871	4c22	c	16c8d11	5cd6893c5a60	181	10000	7ffc7e35d2a0	2aad	5cd689413030	5cd6894285a0	799057202010	16d0000	16d0000	10000	4d23
1.809101	75fed	c7	4c22	7	29c92b	5cd6893c5a60	18	10000	7ffc7e35d2a0	2aad	5cd689413030	5cd6894285a0	79905c2c2010	2a0000	2a0000	10000	1a3b
1.817981	75f99	301c7	4c22	11	6537c9	5cd6893c5a60	2278	10000	7ffc7e35d2a0	2aad	5cd689413030	5cd6894285a0	79905b482010	630000	630000	10000	379
1.823405	7600e	f001	4c22	f	8234b5	5cd6893c5a60	c35	10000	7ffc7e35d2a0	2aad	5cd689413030	5cd6894285a0	79905ac82010	830000	830000	10000	555d
1.829040	7600e	b3	4c22	7	a50841	5cd6893c5a60	14	10000	7ffc7e35d2a0	2aad	5cd689413030	5cd6894285a0	79905a3c2010	a60000	a60000	10000	1cca
1.843973	1cb9fe75db8a	79905cd2ef88	4c22	5d90	13088	79905cd0f308	79905cd3c280	b3de	7ffc7e35d298	79905cd2ef88	5cd689a48eb0	9	c9452bc815867652	ff0000	ff0000	10000	57ec
1.858772	76001	17a59	4c22	10	15df309	5cd6893c5a60	123e	10000	7ffc7e35d2a0	2aad	5cd689413030	5cd6894285a0	799057602010	15d0000	15d0000	10000	2431
1.867642	75fed	c5	4c22	7	1f55d0	5cd6893c5a60	17	10000	7ffc7e35d2a0	2aad	5cd689413030	5cd6894285a0	79905c542010	200000	200000	10000	4417
1.874986	7600e	2e5b	4c22	d	4a6b35	5cd6893c5a60	2a4	10000	7ffc7e35d2a0	2aad	5cd689413030	5cd6894285a0	79905ba82010	4b0000	4b0000	10000	1ffd
1.888042	75fed	49	4c22	6	980abe	5cd6893c5a60	c	10000	7ffc7e35d2a0	2aad	5cd689413030	5cd6894285a0	79905a702010	990000	990000	10000	1d3f
1.895703	7600e	445	4c22	a	c67bad	5cd6893c5a60	60	10000	7ffc7e35d2a0	2aad	5cd689413030	5cd6894285a0	799059b82010	c70000	c70000	10000	228c
1.907050	75fed	25ac9	4c22	11	10890c1	5cd6893c5a60	1ba5	10000	7ffc7e35d2a0	2aad	5cd689413030	5cd6894285a0	799058b02010	1090000	1090000	10000	2e10
1.914302	7600e	6c05	4c22	e	137a40d	5cd6893c5a60	5d4	10000	7ffc7e35d2a0	2aad	5cd689413030	5cd6894285a0	799057f42010	1380000	1380000	10000	412a
1.921000	75fed	47	4c22	6	15e5231	5cd6893c5a60	b	10000	7ffc7e35d2a0	2aad	5cd689413030	5cd6894285a0	799057582010	15f0000	15f0000	10000	3fcb
1.932379	75fed	1a0ad	4c22	10	34c266	5cd6893c5a60	13e2	10000	7ffc7e35d2a0	2aad	5cd689413030	5cd6894285a0	79905c002010	350000	350000	10000	581b
1.943694	7600e	1f3	4c22	8	7e6620	5cd6893c5a60	35	10000	7ffc7e35d2a0	2aad	5cd689413030	5cd6894285a0	79905ad82010	7f0000	7f0000	10000	1e29
1.950866	75f99	3cc3b	4c22	11	adc2a6	5cd6893c5a60	2a85	10000	7ffc7e35d2a0	2aad	5cd689413030	5cd6894285a0	79905a202010	ad0000	ad0000	10000	2376
1.959948	7600e	25	4c22	5	e3be04	5cd6893c5a60	6	10000	7ffc7e35d2a0	2aad	5cd689413030	5cd6894285a0	799059442010	e40000	e40000	10000	4b09
1.966012	75fed	3a6fd	4c22	11	108ab04	5cd6893c5a60	2902	10000	7ffc7e35d2a0	2aad	5cd689413030	5cd6894285a0	799058b02010	1090000	1090000	10000	2e10
1.974221	75fed	2b	4c22	5	13c15a8	5cd6893c5a60	7	10000	7ffc7e35d2a0	2aad	5cd689413030	5cd6894285a0	799057e02010	13d0000	13d0000	10000	2c3c
1.988540	7604c	c5f8	c5f4	5cd6893622b0	271bc2	5cd6893c5a60	2aad	0	7ffc7e35d2a0	2aad	5cd689413030	5cd6894285a0	79905c402010	250000	c5f0	10000	1
1.996974	7764b	5cd68a49d280	10	f0	79905cc1ac80	0	7	0	7ffc7e35d2a0	5cd68a49d280	5cd68a49d280	5cd6896d1df0	c9452bc815867652	5cd68a4c091c	1423	5cd68a4c6344	1423
2.007547	75fed	3210d	4c22	11	9a38a8	5cd6893c5a60	239c	10000	7ffc7e35d2a0	2aad	5cd689413030	5cd6894285a0	79905a682010	9b0000	9b0000	10000	38d9
2.013882	75fed	16ecd	4c22	10	c41ea8	5cd6893c5a60	11c5	10000	7ffc7e35d2a0	2aad	5cd689413030	5cd6894285a0	799059c02010	c50000	c50000	10000	6f2
2.026056	7600e	25	4c22	5	110007b	5cd6893c5a60	6	10000	7ffc7e35d2a0	2aad	5cd689413030	5cd6894285a0	799058902010	1110000	1110000	10000	4289
2.035925	75fed	7bd3	4c22	e	151990f	5cd6893c5a60	6b1	10000	7ffc7e35d2a0	2aad	5cd689413030	5cd6894285a0	7990578c2010	1520000	1520000	10000	4040
2.049235	75fed	150b	4c22	c	3380c4	5cd6893c5a60	155	10000	7ffc7e35d2a0	2aad	5cd689413030	5cd6894285a0	79905c042010	340000	340000	10000	4a4e
2.062743	7600e	28b0d	4c22	11	89f8a6	5cd6893c5a60	1d97	10000	7ffc7e35d2a0	2aad	5cd689413030	5cd6894285a0	79905aac2010	8a0000	8a0000	10000	21a
2.071926	75fad	5cd6893e8550	4c22	11	c4b6df	5cd6893c5a60	1855	10000	7ffc7e35d2a0	2aad	5cd689413030	5cd6894285a0	799059c82010	c30000	c30000	10000	4547
2.082742	75fed	463	4c22	a	1076b71	5cd6893c5a60	64	10000	7ffc7e35d2a0	2aad	5cd689413030	5cd6894285a0	799058b42010	1080000	1080000	10000	2043
2.092820	7600e	1b7	4c22	8	149f60d	5cd6893c5a60	31	10000	7ffc7e35d2a0	2aad	5cd689413030	5cd6894285a0	799057ac2010	14a0000	14a0000	10000	2bc7
2.105383	75fed	25d39	4c22	11	1ccbfe	5cd6893c5a60	1bc2	10000	7ffc7e35d2a0	2aad	5cd689413030	5cd6894285a0	79905c602010	1d0000	1d0000	10000	1ab0
2.116265	76001	1cf8d	4c22	10	5c50eb	5cd6893c5a60	15bd	10000	7ffc7e35d2a0	2aad	5cd689413030	5cd6894285a0	79905b682010	5b0000	5b0000	10000	48ef
2.124091	75fed	55f3	4c22	e	8c09a5	5cd6893c5a60	4c2	10000	7ffc7e35d2a0	2aad	5cd689413030	5cd6894285a0	79905aa02010	8d0000	8d0000	10000	2b81
2.138276	75fed	162b3	4c22	10	e0b615	5cd6893c5a60	113c	10000	7ffc7e35d2a0	2aad	5cd689413030	5cd6894285a0	799059502010	e10000	e10000	10000	21a2
2.150312	76077	ffff	4a98	11	1302814	5cd6893c5a60	2aad	10000	7ffc7e35d2a0	2aad	5cd689413030	5cd6894285a0	799058202010	12d0000	4a94	10000	0
2.163128	75fed	287	4c22	9	e41fe	5cd6893c5a60	42	10000	7ffc7e35d2a0	2aad	5cd689413030	5cd6894285a0	79905c982010	f0000	f0000	10000	d58
2.169338	7600e	ded1	4c22	f	330fa3	5cd6893c5a60	b66	10000	7ffc7e35d2a0	2aad	5cd689413030	5cd6894285a0	79905c042010	340000	340000	10000	4a4e
2.174951	75fe0	2ed57	4c22	11	5cd689413030	5cd6893c5a60	21a7	10000	7ffc7e35d2a0	2aad	5cd689413030	5cd6894285a0	79905b702010	590000	590000	10000	2d55
2.181104	1cb9fe75d880	5cd6893640e0	5cd689382380	3	8	5cd689361450	5cd6893640e0	2	7ffc7e35d0d8	2	1	1	c9452bc815867652	5cd689361450	2	1fffffffffffffff	8
2.191510	75fed	f1	4c22	7	c01976	5cd6893c5a60	1c	10000	7ffc7e35d2a0	2aad	5cd689413030	5cd6894285a0	799059d02010	c10000	c10000	10000	29ad
2.199409	75fed	7f	4c22	6	f2ff94	5cd6893c5a60	f	10000	7ffc7e35d2a0	2aad	5cd689413030	5cd6894285a0	799059082010	f30000	f30000	10000	c3f
2.205471	75fed	6c5	4c22	a	118d48f	5cd6893c5a60	93	10000	7ffc7e35d2a0	2aad	5cd689413030	5cd6894285a0	799058702010	1190000	1190000	10000	5702
2.213485	75fed	35	4c22	5	14ce964	5cd6893c5a60	8	10000	7ffc7e35d2a0	2aad	5cd689413030	5cd6894285a0	799057a02010	14d0000	14d0000	10000	552e
2.225196	75fed	2b6d	4c22	d	24f912	5cd6893c5a60	27d	10000	7ffc7e35d2a0	2aad	5cd689413030	5cd6894285a0	79905c402010	250000	250000	10000	2f29
2.235970	1cb9fe75db8a	79905cd2ef88	4c22	aaf0	13088	79905cd0a5a8	79905cd37520	b3de	7ffc7e35d298	79905cd2ef88	5cd689413030	5cd6894285a0	79905b242010	6d0000	6d0000	10000	338c
2.246808	75fed	36cd9	4c22	11	ae64c7	5cd6893c5a60	26a1	10000	7ffc7e35d2a0	2aad	5cd689413030	5cd6894285a0	79905a182010	af0000	af0000	10000	3f10
2.255013	75fad	5cd6893e8550	4c22	f	e055cc	5cd6893c5a60	81f	10000	7ffc7e35d2a0	2aad	5cd689413030	5cd6894285a0	799059542010	e00000	e00000	10000	13d5
2.267035	76073	79905cd02010	ea34	11	1308dd3	5cd6893c5a60	2aad	10000	7ffc7e35d2a0	2aad	5cd689413030	5cd6894285a0	799058202010	12d0000	ea30	10000	0
2.279373	7600e	34703	4c22	11	76400	5cd6893c5a60	250e	10000	7ffc7e35d2a0	2aad	5cd689413030	5cd6894285a0	79905cb42010	80000	80000	10000	6ac
2.286267	76060	79905cd02010	b080	11	330e9f	5cd6893c5a60	2aad	10000	7ffc7e35d2a0	2aad	5cd689413030	5cd6894285a0	79905c082010	330000	b07c	10000	0
2.296844	7600e	43	4c22	6	77027e	5cd6893c5a60	a	10000	7ffc7e35d2a0	2aad	5cd689413030	5cd6894285a0	79905af42010	780000	780000	10000	177d
2.310912	7600e	125	4c22	8	be8123	5cd6893c5a60	23	10000	7ffc7e35d2a0	2aad	5cd689413030	5cd6894285a0	799059d82010	bf0000	bf0000	10000	e13
2.316853	75fed	43	4c22	6	e26eeb	5cd6893c5a60	a	10000	7ffc7e35d2a0	2aad	5cd689413030	5cd6894285a0	799059482010	e30000	e30000	10000	3d3c
2.329582	7600e	21857	4c22	11	1325f3f	5cd6893c5a60	18ec	10000	7ffc7e35d2a0	2aad	5cd689413030	5cd6894285a0	799058082010	1330000	1330000	10000	5618
2.338663	75fed	2b	4c22	5	16c4860	5cd6893c5a60	7	10000	7ffc7e35d2a0	2aad	5cd689413030	5cd6894285a0	799057202010	16d0000	16d0000	10000	4d23
2.349550	1cb9fe75db8a	79905cd04ff4	59ef	101cc	137d8	5cd68944111c	79905cd08600	bf9	7ffc7e35d298	79905cd04ff4	5cd689574f20	8	c9452bc815867652	360000	360000	10000	bf9
2.360001	77273	1	0	5cd68a7ad2d0	1	5cd68a7ad240	66	5cd68a87b0f0	7ffc7e35d2a0	5cd6899fc2d0	66	3	22a4	5cd68a7ad220	7	67	5cd68a7ad228
2.372348	75fed	8e1	4c22	b	c1a8f2	5cd6893c5a60	b1	10000	7ffc7e35d2a0	2aad	5cd689413030	5cd6894285a0	799059cc2010	c20000	c20000	10000	377a
2.387178	76066	79905cd02010	95a0	11	11d4252	5cd6893c5a60	2aad	10000	7ffc7e35d2a0	2aad	5cd689413030	5cd6894285a0	799058682010	11b0000	959c	10000	0
2.398107	76a40	2aad	5cd68936ac00	d4bc	d401	0	0	5cd68a8f0e80	7ffc7e35d2a0	2a8b7	1ec6	5cd689361b60	c9452bc815867652	2aad	16	1ec7	25
2.405568	75fd8	3b0ff	4c22	11	1b8d1d	5cd6893c5a60	2968	10000	7ffc7e35d2a0	2aad	5cd689413030	5cd6894285a0	79905c682010	1b0000	1b0000	10000	5905
2.417369	75f99	1f12d	4c22	10	6838c2	5cd6893c5a60	1730	10000	7ffc7e35d2a0	2aad	5cd689413030	5cd6894285a0	79905b342010	680000	680000	10000	487a
2.430221	7600e	593	4c22	a	bb88d5	5cd6893c5a60	7a	10000	7ffc7e35d2a0	2aad	5cd689413030	5cd6894285a0	799059e42010	bc0000	bc0000	10000	3e9b
2.435443	77647	5cd68a9b11b0	11	100	79905cc1ac80	0	79905cc1ac80	0	7ffc7e35d2a0	5cd68a9b11b0	5cd68a9b11b0	5cd6896d1df0	c9452bc815867652	5cd68a9f3000	1dc8	5cd68a9f6394	1dc8
2.448460	75fed	2a665	4c22	11	11aecaf	5cd6893c5a60	1eae	10000	7ffc7e35d2a0	2aad	5cd689413030	5cd6894285a0	799058682010	11b0000	11b0000	10000	18ad
2.461113	75f99	20cbd	4c22	11	168797a	5cd6893c5a60	1866	10000	7ffc7e35d2a0	2aad	5cd689413030	5cd6894285a0	799057382010	1670000	1670000	10000	5444
2.468654	75fed	b3	4c22	7	24141a	5cd6893c5a60	14	10000	7ffc7e35d2a0	2aad	5cd689413030	5cd6894285a0	79905c402010	250000	250000	10000	2f29
2.477386	75fed	38017	4c22	11	5b4079	5cd6893c5a60	2773	10000	7ffc7e35d2a0	2aad	5cd689413030	5cd6894285a0	79905b642010	5c0000	5c0000	10000	56bc
2.487554	75fed	c5	4c22	7	9b6fa5	5cd6893c5a60	17	10000	7ffc7e35d2a0	2aad	5cd689413030	5cd6894285a0	79905a642010	9c0000	9c0000	10000	46a6
2.498144	75fed	f53	4c22	b	de23bc	5cd6893c5a60	10d	10000	7ffc7e35d2a0	2aad	5cd689413030	5cd6894285a0	799059582010	df0000	df0000	10000	608
2.506744	75fed	23f9	4c22	d	1139384	5cd6893c5a60	21e	10000	7ffc7e35d2a0	2aad	5cd689413030	5cd6894285a0	799058842010	1140000	1140000	10000	1201
2.515688	7600e	653	4c22	a	14c99eb	5cd6893c5a60	8d	10000	7ffc7e35d2a0	2aad	5cd689413030	5cd6894285a0	799057a02010	14d0000	14d0000	10000	552e
2.526310	75fed	29087	4c22	11	1c655b	5cd6893c5a60	1dc7	10000	7ffc7e35d2a0	2aad	5cd689413030	5cd6894285a0	79905c602010	1d0000	1d0000	10000	1ab0
2.539758	7600e	3a51	4c22	d	736269	5cd6893c5a60	354	10000	7ffc7e35d2a0	2aad	5cd689413030	5cd6894285a0	79905b042010	740000	740000	10000	3a38
2.547491	76001	34b97	4c22	11	a51cff	5cd6893c5a60	253e	10000	7ffc7e35d2a0	2aad	5cd689413030	5cd6894285a0	79905a402010	a50000	a50000	10000	efd
2.562037	76060	79905cd02010	d218	11	f466cf	5cd6893c5a60	2aad	10000	7ffc7e35d2a0	2aad	5cd689413030	5cd6894285a0	799059102010	f10000	d214	10000	0
2.573052	75fed	4111	4c22	e	1351df8	5cd6893c5a60	3b0	10000	7ffc7e35d2a0	2aad	5cd689413030	5cd6894285a0	799057fc2010	1360000	1360000	10000	2590
2.581553	75fed	c1e7	4c22	f	16cff94	5cd6893c5a60	a01	10000	7ffc7e35d2a0	2aad	5cd689413030	5cd6894285a0	799057202010	16d0000	16d0000	10000	4d23
2.587737	75fed	31f4f	4c22	11	197bf3	5cd6893c5a60	238a	10000	7ffc7e35d2a0	2aad	5cd689413030	5cd6894285a0	79905c6c2010	1a0000	1a0000	10000	4b38
2.601762	75f95	17dfd	4c22	10	7500ed	5cd6893c5a60	125d	10000	7ffc7e35d2a0	2aad	5cd689413030	5cd6894285a0	79905b002010	750000	750000	10000	4805
2.609663	75fed	35	4c22	5	a84663	5cd6893c5a60	8	10000	7ffc7e35d2a0	2aad	5cd689413030	5cd6894285a0	79905a302010	a90000	a90000	10000	4631
2.621871	75fed	1485b	4c22	10	e8ea00	5cd6893c5a60	101f	10000	7ffc7e35d2a0	2aad	5cd689413030	5cd6894285a0	799059302010	e90000	e90000	10000	361b
2.627546	75fc9	2aad	4c22	d	10d3649	5cd6893c5a60	390	10000	7ffc7e35d2a0	2aad	5cd689413030	5cd6894285a0	799058a02010	10d0000	10d0000	10000	b55
2.637659	7604c	b6dc	b6d8	11	14da970	5cd6893c5a60	2aad	10000	7ffc7e35d2a0	2aad	5cd689413030	5cd6894285a0	799057a02010	14d0000	b6d4	10000	0
2.650187	75fed	33cc7	4c22	11	2b8b28	5cd6893c5a60	24ac	10000	7ffc7e35d2a0	2aad	5cd689413030	5cd6894285a0	79905c242010	2c0000	2c0000	10000	35d5
2.659129	75fd1	5cd689385a40	4c22	11	65dd11	5cd6893c5a60	270f	10000	7ffc7e35d2a0	2aad	5cd689413030	5cd6894285a0	79905b402010	650000	650000	10000	1f13
2.669516	76073	79905cd02010	d35c	11	a88393	5cd6893c5a60	2aad	10000	7ffc7e35d2a0	2aad	5cd689413030	5cd6894285a0	79905a3c2010	a60000	d358	10000	0
2.681523	76011	49	4c22	6	e93ece	5cd6893c5a60	c	10000	7ffc7e35d2a0	2aad	5cd689413030	5cd6894285a0	7990592c2010	ea0000	ea0000	10000	43e8
2.694766	75fed	1499	4c22	c	13cc703	5cd6893c5a60	150	10000	7ffc7e35d2a0	2aad	5cd689413030	5cd6894285a0	799057e02010	13d0000	13d0000	10000	2c3c
2.708129	75fed	e3	4c22	7	20957c	5cd6893c5a60	1a	10000	7ffc7e35d2a0	2aad	5cd689413030	5cd6894285a0	79905c502010	210000	210000	10000	51e4
2.719978	75fe9	823	4c22	b	6e5c99	5cd6893c5a60	a8	10000	7ffc7e35d2a0	2aad	5cd689413030	5cd6894285a0	79905b182010	6f0000	6f0000	10000	4f26
2.726895	75fad	5cd6893e8550	4c22	11	9a6e4d	5cd6893c5a60	1ac9	10000	7ffc7e35d2a0	2aad	5cd689413030	5cd6894285a0	79905a702010	990000	990000	10000	1d3f
2.738191	75fed	a625	4c22	f	df9b51	5cd6893c5a60	8b3	10000	7ffc7e35d2a0	2aad	5cd689413030	5cd6894285a0	799059542010	e00000	e00000	10000	13d5
2.753208	76001	28093	4c22	11	13d9ca3	5cd6893c5a60	1d24	10000	7ffc7e35d2a0	2aad	5cd689413030	5cd6894285a0	799057e02010	13d0000	13d0000	10000	2c3c
2.758410	7600e	35	4c22	5	15e9593	5cd6893c5a60	8	10000	7ffc7e35d2a0	2aad	5cd689413030	5cd6894285a0	799057582010	15f0000	15f0000	10000	3fcb
2.771194	75fed	69d	4c22	a	38182f	5cd6893c5a60	90	10000	7ffc7e35d2a0	2aad	5cd689413030	5cd6894285a0	79905bf02010	390000	390000	10000	3560
2.782179	75ff5	189bf	4c22	10	7f894e	5cd6893c5a60	12de	10000	7ffc7e35d2a0	2aad	5cd689413030	5cd6894285a0	79905ad82010	7f0000	7f0000	10000	1e29
2.796896	7600e	3bd5b	4c22	11	dc5391	5cd6893c5a60	29e6	10000	7ffc7e35d2a0	2aad	5cd689413030	5cd6894285a0	799059602010	dd0000	dd0000	10000	445d
2.808696	75fed	c7	4c22	7	129643c	5cd6893c5a60	18	10000	7ffc7e35d2a0	2aad	5cd689413030	5cd6894285a0	7990582c2010	12a0000	12a0000	10000	33d2
2.821534	7600e	355	4c22	9	59e9f	5cd6893c5a60	50	10000	7ffc7e35d2a0	2aad	5cd689413030	5cd6894285a0	79905cbc2010	60000	60000	10000	4501
2.828560	75f99	24877	4c22	11	3360d8	5cd6893c5a60	1ae7	10000	7ffc7e35d2a0	2aad	5cd689413030	5cd6894285a0	79905c082010	330000	330000	10000	3c81
2.840789	7600e	3799f	4c22	11	7f398d	5cd6893c5a60	272f	10000	7ffc7e35d2a0	2aad	5cd689413030	5cd6894285a0	79905ad42010	800000	800000	10000	2bf6
2.847898	76073	79905cd02010	d520	11	ada310	5cd6893c5a60	2aad	10000	7ffc7e35d2a0	2aad	5cd689413030	5cd6894285a0	79905a202010	ad0000	d51c	10000	0
2.857981	75ff5	1a6a1	4c22	10	ec2bb4	5cd6893c5a60	1422	10000	7ffc7e35d2a0	2aad	5cd689413030	5cd6894285a0	799059242010	ec0000	ec0000	10000	593
2.866457	1cb9fe75db24	79905cd02010	2cc9	14ec	b498	5cd689452de0	79905cd0bfbc	2d26	7ffc7e35d298	79905cd02010	1cb9d38b91dc	5cd6894285a0	7990584c2010	1230000	1230000	10000	2d26
2.880704	76073	79905cd02010	bb0	11	c4da5	5cd6893c5a60	2aad	10000	7ffc7e35d2a0	2aad	5cd689413030	5cd6894285a0	79905ca42010	c0000	bac	10000	0
2.890896	75fed	20411	4c22	11	4fefc9	5cd6893c5a60	17fd	10000	7ffc7e35d2a0	2aad	5cd689413030	5cd6894285a0	79905b942010	500000	500000	10000	b0f
2.898999	7600e	ae2b	4c22	f	82ee66	5cd6893c5a60	90f	10000	7ffc7e35d2a0	2aad	5cd689413030	5cd6894285a0	79905ac82010	830000	830000	10000	555d
2.908285	75fed	25	4c22	5	bd2d0f	5cd6893c5a60	6	10000	7ffc7e35d2a0	2aad	5cd689413030	5cd6894285a0	799059dc2010	be0000	be0000	10000	46
2.922233	772b6	0	2	5cd68945d1c0	3	5cd68945d190	68	5cd68b03b1c0	7ffc7e35d2a0	5cd68a5ea2e0	68	0	22a4	5cd68945d140	5	68	5cd68945d148
2.929930	75fed	3b627	4c22	11	145dd0f	5cd6893c5a60	2997	10000	7ffc7e35d2a0	2aad	5cd689413030	5cd6894285a0	799057bc2010	1460000	1460000	10000	4e82
2.939449	7600e	115	4c22	8	12dd51	5cd6893c5a60	21	10000	7ffc7e35d2a0	2aad	5cd689413030	5cd6894285a0	79905c882010	130000	130000	10000	448c
2.949571	75ffd	9aeb	4c22	f	545f2b	5cd6893c5a60	829	10000	7ffc7e35d2a0	2aad	5cd689413030	5cd6894285a0	79905b842010	540000	540000	10000	4243
2.962943	7600e	293f	4c22	d	a71d9f	5cd6893c5a60	25e	10000	7ffc7e35d2a0	2aad	5cd689413030	5cd6894285a0	79905a342010	a80000	a80000	10000	3864
2.970624	75fa3	1b227	4c22	10	d873b0	5cd6893c5a60	148d	10000	7ffc7e35d2a0	2aad	5cd689413030	5cd6894285a0	799059742010	d80000	d80000	10000	594b
2.978139	75fd1	5cd689385a40	4c22	10	10613d0	5cd6893c5a60	1624	10000	7ffc7e35d2a0	2aad	5cd689413030	5cd6894285a0	799058bc2010	1060000	1060000	10000	4a9
2.990852	75f99	3aea9	4c22	11	159aaef	5cd6893c5a60	2950	10000	7ffc7e35d2a0	2aad	5cd689413030	5cd6894285a0	799057782010	1570000	1570000	10000	2b52
3.002622	75fed	30227	4c22	11	2e2a96	5cd6893c5a60	227d	10000	7ffc7e35d2a0	2aad	5cd689413030	5cd6894285a0	79905c182010	2f0000	2f0000	10000	54d
3.016467	76060	79905cd02010	a7dc	11	8c09cb	5cd6893c5a60	2aad	10000	7ffc7e35d2a0	2aad	5cd689413030	5cd6894285a0	79905aac2010	8a0000	a7d8	10000	0
3.028201	76073	79905cd02010	130	11	d852c7	5cd6893c5a60	2aad	10000	7ffc7e35d2a0	2aad	5cd689413030	5cd6894285a0	799059802010	d50000	12c	10000	0
3.043323	75fed	167	4c22	8	133846a	5cd6893c5a60	2a	10000	7ffc7e35d2a0	2aad	5cd689413030	5cd6894285a0	799058042010	1340000	1340000	10000	9f6
3.051057	7600e	2d8d5	4c22	11	1647aca	5cd6893c5a60	20cf	10000	7ffc7e35d2a0	2aad	5cd689413030	5cd6894285a0	799057402010	1650000	1650000	10000	38aa
3.059531	7600e	4f	4c22	6	2b4d68	5cd6893c5a60	d	10000	7ffc7e35d2a0	2aad	5cd689413030	5cd6894285a0	79905c242010	2c0000	2c0000	10000	35d5
3.068761	75fed	6b9f	4c22	e	66aeca	5cd6893c5a60	5d0	10000	7ffc7e35d2a0	2aad	5cd689413030	5cd6894285a0	79905b382010	670000	670000	10000	3aad
3.082405	7600a	1267f	4c22	10	bf582a	5cd6893c5a60	e94	10000	7ffc7e35d2a0	2aad	5cd689413030	5cd6894285a0	799059d42010	c00000	c00000	10000	1be0
3.095167	7600a	2df8f	4c22	11	1138bd1	5cd6893c5a60	2116	10000	7ffc7e35d2a0	2aad	5cd689413030	5cd6894285a0	799058842010	1140000	1140000	10000	1201
3.100884	75fed	c73	4c22	b	13971dd	5cd6893c5a60	e7	10000	7ffc7e35d2a0	2aad	5cd689413030	5cd6894285a0	799057ec2010	13a0000	13a0000	10000	2d5
3.114987	7600e	295d	4c22	d	23ed8e	5cd6893c5a60	260	10000	7ffc7e35d2a0	2aad	5cd689413030	5cd6894285a0	79905c442010	240000	240000	10000	215c
3.127789	7600e	477d	4c22	e	73d726	5cd6893c5a60	40d	10000	7ffc7e35d2a0	2aad	5cd689413030	5cd6894285a0	79905b042010	740000	740000	10000	3a38
3.141604	75fad	5cd6893e8550	4c22	11	cd751d	5cd6893c5a60	22a9	10000	7ffc7e35d2a0	2aad	5cd689413030	5cd6894285a0	799059a82010	cb0000	cb0000	10000	59c0
3.154941	7600e	2e7	4c22	9	121b737	5cd6893c5a60	4a	10000	7ffc7e35d2a0	2aad	5cd689413030	5cd6894285a0	7990584c2010	1220000	1220000	10000	1f59
3.161844	7600e	43	4c22	6	14d06ba	5cd6893c5a60	a	10000	7ffc7e35d2a0	2aad	5cd689413030	5cd6894285a0	7990579c2010	14e0000	14e0000	10000	90c
3.172107	7600e	191	4c22	8	1dc600	5cd6893c5a60	2d	10000	7ffc7e35d2a0	2aad	5cd689413030	5cd6894285a0	79905c5c2010	1e0000	1e0000	10000	287d
3.182802	76001	14225	4c22	10	63f74c	5cd6893c5a60	fd8	10000	7ffc7e35d2a0	2aad	5cd689413030	5cd6894285a0	79905b482010	630000	630000	10000	379
3.193155	75fe9	28de1	4c22	11	a12bbb	5cd6893c5a60	1db3	10000	7ffc7e35d2a0	2aad	5cd689413030	5cd6894285a0	79905a4c2010	a20000	a20000	10000	3f85
3.207437	76077	ffff	a720	5cd6893622b0	1006550	5cd6893c5a60	2aad	0	7ffc7e35d2a0	2aad	5cd689413030	5cd6894285a0	799058e02010	fd0000	a71c	10000	1
3.215636	75fed	18b15	4c22	10	133e987	5cd6893c5a60	12eb	10000	7ffc7e35d2a0	2aad	5cd689413030	5cd6894285a0	799058042010	1340000	1340000	10000	9f6
3.225144	a4f8a	18c460e494bb520b	2aab5	0	5981	ffffffffffffbdf3	acf975d83102a948	22651	7ffc7e35d298	2aab5	420c	0	ca02321e4e2164a3	1edb	7fffffffffffbdf3	53068a27cefd56b8	2aad
3.235365	76077	ffff	12bc	11	478e32	5cd6893c5a60	2aad	10000	7ffc7e35d2a0	2aad	5cd689413030	5cd6894285a0	79905bc42010	440000	12b8	10000	0
3.240829	7600e	4e1	4c22	a	66ede3	5cd6893c5a60	6e	10000	7ffc7e35d2a0	2aad	5cd689413030	5cd6894285a0	79905b382010	670000	670000	10000	3aad
3.248085	75f99	1b7	4c22	8	970176	5cd6893c5a60	31	10000	7ffc7e35d2a0	2aad	5cd689413030	5cd6894285a0	79905a782010	970000	970000	10000	1a5
3.257375	75fed	37841	4c22	11	d37829	5cd6893c5a60	271c	10000	7ffc7e35d2a0	2aad	5cd689413030	5cd6894285a0	799059842010	d40000	d40000	10000	2217
3.268364	75fed	c5	4c22	7	11af714	5cd6893c5a60	17	10000	7ffc7e35d2a0	2aad	5cd689413030	5cd6894285a0	799058682010	11b0000	11b0000	10000	18ad
3.277723	7600e	125	4c22	8	15649c6	5cd6893c5a60	23	10000	7ffc7e35d2a0	2aad	5cd689413030	5cd6894285a0	799057782010	1570000	1570000	10000	2b52
3.288527	7600e	b5	4c22	7	292297	5cd6893c5a60	15	10000	7ffc7e35d2a0	2aad	5cd689413030	5cd6894285a0	79905c2c2010	2a0000	2a0000	10000	1a3b
3.301127	7600e	239	4c22	9	7bb775	5cd6893c5a60	3b	10000	7ffc7e35d2a0	2aad	5cd689413030	5cd6894285a0	79905ae42010	7c0000	7c0000	10000	4eb1
3.306610	7600e	6023	4c22	e	9d22e8	5cd6893c5a60	542	10000	7ffc7e35d2a0	2aad	5cd689413030	5cd6894285a0	79905a5c2010	9e0000	9e0000	10000	851
3.315531	7c0cf	5cd68b5315e0	2	5cd689361b68	1	5cd68b530f10	1f	15	7ffc7e35d170	5cd689361450	5cd689361b60	5cd689361a30	c9452bc815867652	7ffc7e35d188	15	0	5cd65e4ecb30
3.326361	75fed	8b	4c22	7	11ae1ab	5cd6893c5a60	11	10000	7ffc7e35d2a0	2aad	5cd689413030	5cd6894285a0	799058682010	11b0000	11b0000	10000	18ad
3.332595	7600e	135d	4c22	c	1400023	5cd6893c5a60	140	10000	7ffc7e35d2a0	2aad	5cd689413030	5cd6894285a0	799057d02010	1410000	1410000	10000	981
3.342356	76005	12521	4c22	10	c2d7c	5cd6893c5a60	e84	10000	7ffc7e35d2a0	2aad	5cd689413030	5cd6894285a0	79905ca02010	d0000	d0000	10000	4bad
3.350698	7600e	8c3	4c22	b	4007fb	5cd6893c5a60	ad	10000	7ffc7e35d2a0	2aad	5cd689413030	5cd6894285a0	79905bd02010	410000	410000	10000	49d9
3.365248	75fed	12dc1	4c22	10	9bafb5	5cd6893c5a60	eeb	10000	7ffc7e35d2a0	2aad	5cd689413030	5cd6894285a0	79905a642010	9c0000	9c0000	10000	46a6
3.378917	7600e	101	4c22	8	ee1407	5cd6893c5a60	1e	10000	7ffc7e35d2a0	2aad	5cd689413030	5cd6894285a0	799059182010	ef0000	ef0000	10000	2efa
3.389357	75fad	5cd6893e8550	4c22	10	130d9a1	5cd6893c5a60	1756	10000	7ffc7e35d2a0	2aad	5cd689413030	5cd6894285a0	799058182010	12f0000	12f0000	10000	1ee4
3.398857	7600e	3544f	4c22	11	1621787	5cd6893c5a60	25a2	10000	7ffc7e35d2a0	2aad	5cd689413030	5cd6894285a0	799057482010	1630000	1630000	10000	1d10
3.407713	75fe9	35ee1	4c22	11	208815	5cd6893c5a60	260c	10000	7ffc7e35d2a0	2aad	5cd689413030	5cd6894285a0	79905c502010	210000	210000	10000	51e4
3.419158	7600e	8b	4c22	7	59682a	5cd6893c5a60	11	10000	7ffc7e35d2a0	2aad	5cd689413030	5cd6894285a0	79905b6c2010	5a0000	5a0000	10000	3b22
3.431197	75ff5	17f9f	4c22	10	a642b4	5cd6893c5a60	1270	10000	7ffc7e35d2a0	2aad	5cd689413030	5cd6894285a0	79905a3c2010	a60000	a60000	10000	1cca
3.445029	75fed	260b9	4c22	11	e56bc6	5cd6893c5a60	1be6	10000	7ffc7e35d2a0	2aad	5cd689413030	5cd6894285a0	7990593c2010	e60000	e60000	10000	cb4
3.460079	75fe9	383a5	4c22	11	141d88b	5cd6893c5a60	279d	10000	7ffc7e35d2a0	2aad	5cd689413030	5cd6894285a0	799057cc2010	1420000	1420000	10000	174e
3.474630	75fed	fb	4c22	7	2e1756	5cd6893c5a60	1d	10000	7ffc7e35d2a0	2aad	5cd689413030	5cd6894285a0	79905c182010	2f0000	2f0000	10000	54d
3.488002	75ff5	24613	4c22	11	834573	5cd6893c5a60	1ad2	10000	7ffc7e35d2a0	2aad	5cd689413030	5cd6894285a0	79905acc2010	820000	820000	10000	4790
3.502613	75fed	65	4c22	6	db6942	5cd6893c5a60	e	10000	7ffc7e35d2a0	2aad	5cd689413030	5cd6894285a0	799059642010	dc0000	dc0000	10000	3690
3.514483	7600e	8b	4c22	7	113c635	5cd6893c5a60	11	10000	7ffc7e35d2a0	2aad	5cd689413030	5cd6894285a0	799058842010	1140000	1140000	10000	1201
3.525894	7600e	44ab	4c22	e	1532b81	5cd6893c5a60	3e8	10000	7ffc7e35d2a0	2aad	5cd689413030	5cd6894285a0	799057842010	1540000	1540000	10000	1eb
3.532786	7600e	c5	4c22	7	afc78	5cd6893c5a60	17	10000	7ffc7e35d2a0	2aad	5cd689413030	5cd6894285a0	79905ca82010	b0000	b0000	10000	3013
3.543367	7600e	37823	4c22	11	421afc	5cd6893c5a60	271b	10000	7ffc7e35d2a0	2aad	5cd689413030	5cd6894285a0	79905bc82010	430000	430000	10000	b84
3.555141	76a29	2aad	5cd68936ac00	7c0	8484ed	4dc9	1b4	5cd68b87e3b0	7ffc7e35d2a0	4dc9	454	5cd689361450	c9452bc815867652	2aad	39	455	47
3.568671	1cb9fe75db24	79905cd08be8	59ef	67b4	fbe4	5cd689446f40	79905cd12018	1af6	7ffc7e35d298	79905cd08be8	1cb9d38cb0d8	5cd6894285a0	799059702010	da0000	da0000	10000	1af6
3.577303	76077	ffff	ce24	11	111494a	5cd6893c5a60	2aad	10000	7ffc7e35d2a0	2aad	5cd689413030	5cd6894285a0	799058942010	1100000	ce20	10000	0
3.589143	7600e	e5	4c22	7	1594dbb	5cd6893c5a60	1b	10000	7ffc7e35d2a0	2aad	5cd689413030	5cd6894285a0	7990576c2010	15a0000	15a0000	10000	54b9
3.604277	7600e	2975	4c22	d	47611f	5cd6893c5a60	263	10000	7ffc7e35d2a0	2aad	5cd689413030	5cd6894285a0	79905bb42010	480000	480000	10000	5085
3.610302	7600e	11b	4c22	8	6dcf44	5cd6893c5a60	22	10000	7ffc7e35d2a0	2aad	5cd689413030	5cd6894285a0	79905b1c2010	6e0000	6e0000	10000	4159
3.617951	75ff5	392e3	4c22	11	966b15	5cd6893c5a60	2835	10000	7ffc7e35d2a0	2aad	5cd689413030	5cd6894285a0	79905a802010	950000	950000	10000	3ffa
3.624002	7600e	47	4c22	6	b35996	5cd6893c5a60	b	10000	7ffc7e35d2a0	2aad	5cd689413030	5cd6894285a0	79905a042010	b40000	b40000	10000	2a22
3.630518	7600e	35	4c22	5	db5dfe	5cd6893c5a60	8	10000	7ffc7e35d2a0	2aad	5cd689413030	5cd6894285a0	799059642010	dc0000	dc0000	10000	3690
3.644809	7600e	3598d	4c22	11	12e1645	5cd6893c5a60	25d8	10000	7ffc7e35d2a0	2aad	5cd689413030	5cd6894285a0	799058182010	12f0000	12f0000	10000	1ee4
3.657170	75fed	158f	4c22	c	8754c	5cd6893c5a60	15e	10000	7ffc7e35d2a0	2aad	5cd689413030	5cd6894285a0	79905cb02010	90000	90000	10000	1479
3.665138	7600e	43	4c22	6	3dfb4a	5cd6893c5a60	a	10000	7ffc7e35d2a0	2aad	5cd689413030	5cd6894285a0	79905bdc2010	3e0000	3e0000	10000	2072
3.680173	1cb9fe75db8a	79905cd07888	59ef	aa4c	10f44	5cd689444008	79905cd0dd80	161e	7ffc7e35d298	79905cd07888	5cd689413030	5cd6894285a0	79905a5c2010	9f0000	9f0000	10000	161e
3.694151	75f99	878f	4c22	f	e60c43	5cd6893c5a60	74a	10000	7ffc7e35d2a0	2aad	5cd689413030	5cd6894285a0	7990593c2010	e60000	e60000	10000	cb4
3.701619	1cb9fe75db8a	79905cd0d67c	59ef	676c	b150	5cd6894424f4	79905cd12060	2d9b	7ffc7e35d298	79905cd0d67c	5cd689413030	5cd6894285a0	799058802010	1160000	1160000	10000	2d9b
3.712989	75fad	5cd6893e8550	4c22	11	15698a3	5cd6893c5a60	24f3	10000	7ffc7e35d2a0	2aad	5cd689413030	5cd6894285a0	799057842010	1540000	1540000	10000	1eb
3.718567	75fed	d3	4c22	7	3afb3	5cd6893c5a60	19	10000	7ffc7e35d2a0	2aad	5cd689413030	5cd6894285a0	79905cc42010	40000	40000	10000	2967
3.731415	75fed	25	4c22	5	474ac4	5cd6893c5a60	6	10000	7ffc7e35d2a0	2aad	5cd689413030	5cd6894285a0	79905bb42010	480000	480000	10000	5085
3.736672	7600e	7f	4c22	6	644a53	5cd6893c5a60	f	10000	7ffc7e35d2a0	2aad	5cd689413030	5cd6894285a0	79905b402010	650000	650000	10000	1f13
3.745766	769d6	6b	5cd68936ac00	5cd6893fdac0	c1	0	0	5cd68ba86460	7ffc7e35d2a0	4a9	6a	5cd689382050	c9452bc815867652	2aad	69	6b	6f
3.755884	1cb9fe75db8a	79905cd2ef88	4c22	d110	13088	79905cd07f88	79905cd34f00	b3de	7ffc7e35d298	79905cd2ef88	1cb9d38cb0d8	5cd6894285a0	799059702010	da0000	da0000	10000	1af6
3.762437	7600e	d3	4c22	7	103ea19	5cd6893c5a60	19	10000	7ffc7e35d2a0	2aad	5cd689413030	5cd6894285a0	799058c42010	1040000	1040000	10000	42fe
3.769075	7600e	edb	4c22	b	1289f7e	5cd6893c5a60	108	10000	7ffc7e35d2a0	2aad	5cd689413030	5cd6894285a0	799058302010	1290000	1290000	10000	2605
3.779411	75fed	985	4c22	b	16b1058	5cd6893c5a60	bf	10000	7ffc7e35d2a0	2aad	5cd689413030	5cd6894285a0	799057242010	16c0000	16c0000	10000	3f56
3.787338	7600e	276b5	4c22	11	2c71f6	5cd6893c5a60	1cbb	10000	7ffc7e35d2a0	2aad	5cd689413030	5cd6894285a0	79905c202010	2d0000	2d0000	10000	43a2
3.797011	75fed	7baf	4c22	e	6bc971	5cd6893c5a60	6b0	10000	7ffc7e35d2a0	2aad	5cd689413030	5cd6894285a0	79905b242010	6c0000	6c0000	10000	25bf
3.805711	75fed	2ab	4c22	9	9e4131	5cd6893c5a60	46	10000	7ffc7e35d2a0	2aad	5cd689413030	5cd6894285a0	79905a582010	9f0000	9f0000	10000	161e
3.811286	75fed	4df9	4c22	e	c1e94d	5cd6893c5a60	456	10000	7ffc7e35d2a0	2aad	5cd689413030	5cd6894285a0	799059cc2010	c20000	c20000	10000	377a
3.817800	75fed	1b7	4c22	8	e9ffbd	5cd6893c5a60	31	10000	7ffc7e35d2a0	2aad	5cd689413030	5cd6894285a0	7990592c2010	ea0000	ea0000	10000	43e8
3.830336	75fe9	1ace1	4c22	10	139d463	5cd6893c5a60	1462	10000	7ffc7e35d2a0	2aad	5cd689413030	5cd6894285a0	799057ec2010	13a0000	13a0000	10000	2d5
3.841116	755cd	ffffffffffff96c4	26e75	5cd6893d0520	ffffffffffffffff	eee6	1c63	85aa	7ffc7e35d2a0	26e75	0	0	ca02321e4e2164a3	1c63	7fffffffffffa0ae	c8d5141d52704fa8	2aad
3.854932	76060	79905cd02010	c224	11	556d38	5cd6893c5a60	2aad	10000	7ffc7e35d2a0	2aad	5cd689413030	5cd6894285a0	79905b8c2010	520000	c220	10000	0
3.865795	75fed	4f	4c22	6	93bfa2	5cd6893c5a60	d	10000	7ffc7e35d2a0	2aad	5cd689413030	5cd6894285a0	79905a842010	940000	940000	10000	322d
3.871213	75fe0	21419	4c22	11	5cd689413030	5cd6893c5a60	18b5	10000	7ffc7e35d2a0	2aad	5cd689413030	5cd6894285a0	79905a002010	b50000	b50000	10000	37ef
3.877275	75fed	37e2f	4c22	11	d7bf07	5cd6893c5a60	275f	10000	7ffc7e35d2a0	2aad	5cd689413030	5cd6894285a0	799059742010	d80000	d80000	10000	594b
3.889967	76060	79905cd02010	754	11	12b0660	5cd6893c5a60	2aad	10000	7ffc7e35d2a0	2aad	5cd689413030	5cd6894285a0	7990582c2010	12a0000	750	10000	0
3.897310	75fed	2851	4c22	d	1584fac	5cd6893c5a60	252	10000	7ffc7e35d2a0	2aad	5cd689413030	5cd6894285a0	799057702010	1590000	1590000	10000	46ec
3.907372	7600e	25	4c22	5	27005c	5cd6893c5a60	6	10000	7ffc7e35d2a0	2aad	5cd689413030	5cd6894285a0	79905c342010	280000	280000	10000	5890
3.921303	75fa8	5cd6893e8550	4c22	11	82c4a5	5cd6893c5a60	2806	10000	7ffc7e35d2a0	2aad	5cd689413030	5cd6894285a0	79905ad42010	800000	800000	10000	2bf6
3.935733	75fed	47	4c22	6	d7979e	5cd6893c5a60	b	10000	7ffc7e35d2a0	2aad	5cd689413030	5cd6894285a0	799059742010	d80000	d80000	10000	594b
3.950117	7600a	1f3	4c22	8	1331263	5cd6893c5a60	35	10000	7ffc7e35d2a0	2aad	5cd689413030	5cd6894285a0	799058042010	1340000	1340000	10000	9f6
3.959453	7560c	3abb	97f7	97f7	1f73	a87	809	4a89	7ffc7e35d2a0	97f7	0	19404	ca02321e4e2164a3	809	800000000000671f	60f35bc915fe7e0a	2aad
3.966469	1cb9fe75db8a	79905cd2ef88	4c22	10970	13088	79905cd04728	79905cd316a0	b3de	7ffc7e35d298	79905cd2ef88	5cd689413030	5cd6894285a0	79905c282010	2c0000	2c0000	10000	35d5
3.972543	7600e	aab	4c22	b	515c32	5cd6893c5a60	cc	10000	7ffc7e35d2a0	2aad	5cd689413030	5cd6894285a0	79905b8c2010	520000	520000	10000	26a9
3.984474	75fed	2b909	4c22	11	9b94bb	5cd6893c5a60	1f78	10000	7ffc7e35d2a0	2aad	5cd689413030	5cd6894285a0	79905a642010	9c0000	9c0000	10000	46a6
3.989827	75fed	14b	4c22	8	bc03f6	5cd6893c5a60	27	10000	7ffc7e35d2a0	2aad	5cd689413030	5cd6894285a0	799059e02010	bd0000	bd0000	10000	4c68
3.998367	76001	d7b1	4c22	f	f221a3	5cd6893c5a60	b0c	10000	7ffc7e35d2a0	2aad	5cd689413030	5cd6894285a0	7990590c2010	f20000	f20000	10000	5861
4.005680	75fed	7bb	4c22	a	11e8f4d	5cd6893c5a60	a1	10000	7ffc7e35d2a0	2aad	5cd689413030	5cd6894285a0	799058582010	11f0000	11f0000	10000	4fe1
4.016665	75ff5	36325	4c22	11	166de48	5cd6893c5a60	263e	10000	7ffc7e35d2a0	2aad	5cd689413030	5cd6894285a0	799057402010	1650000	1650000	10000	38aa
4.025209	1cb9fe75db8a	79905cd187cc	59ef	11cc8	167bc	79905cd06b04	79905cd1d2c0	59ef	7ffc7e35d298	79905cd187cc	5cd689413030	5cd6894285a0	79905c302010	2a0000	2a0000	10000	1a3b
4.032403	75fe9	47	4c22	6	51c1a8	5cd6893c5a60	b	10000	7ffc7e35d2a0	2aad	5cd689413030	5cd6894285a0	79905b8c2010	520000	520000	10000	26a9
4.037676	1cb9fe75db8a	79905cd02010	3b51	12c8	7a78	5cd689453004	79905cd087c0	1e9e	7ffc7e35d298	79905cd02010	5cd68be515b0	5cd68be5b2e0	c9452bc815867652	720000	720000	10000	1e9e
4.052582	7600e	8b	4c22	7	cef812	5cd6893c5a60	11	10000	7ffc7e35d2a0	2aad	5cd689413030	5cd6894285a0	799059982010	cf0000	cf0000	10000	3705
4.058448	75fed	16fa5	4c22	10	f1c189	5cd6893c5a60	11ce	10000	7ffc7e35d2a0	2aad	5cd689413030	5cd6894285a0	7990590c2010	f20000	f20000	10000	5861
4.067575	7600e	3b39f	4c22	11	1263ad5	5cd6893c5a60	297e	10000	7ffc7e35d2a0	2aad	5cd689413030	5cd6894285a0	799058382010	1270000	1270000	10000	a6b
4.080106	1cb9fe75db8a	79905cd2ef88	4c22	a510	13088	79905cd0ab88	79905cd37b00	b3de	7ffc7e35d298	79905cd2ef88	5cd689413030	5cd6894285a0	79905ccc2010	30000	30000	10000	1b9a
4.091825	7600a	36b29	4c22	11	4cc6ea	5cd6893c5a60	268e	10000	7ffc7e35d2a0	2aad	5cd689413030	5cd6894285a0	79905ba02010	4d0000	4d0000	10000	3b97
4.106657	1cb9fe75d891	5cd689a057c0	30	79905cc1aca8	28	5cd68bb9a8e0	5cd689a057c0	50	7ffc7e35d118	5cd68bb9a8e0	5cd689a057c0	5cd68a75e580	3	5cd68bb9a8d0	79905cc1ac80	5cd68bb9a900	5cd689a057c0
4.118013	76001	f865	4c22	f	aa3f3f	5cd6893c5a60	c88	10000	7ffc7e35d2a0	2aad	5cd689413030	5cd6894285a0	79905a2c2010	aa0000	aa0000	10000	53fe
4.128624	76066	79905cd02010	ad78	5cd6893622b0	d95f90	5cd6893c5a60	2aad	0	7ffc7e35d2a0	2aad	5cd689413030	5cd6894285a0	799059742010	d80000	ad74	10000	1
4.135056	7600e	1af	4c22	8	fcd2e7	5cd6893c5a60	2f	10000	7ffc7e35d2a0	2aad	5cd689413030	5cd6894285a0	799058e02010	fd0000	fd0000	10000	3c52
4.148456	7600e	a3	4c22	7	13aee6d	5cd6893c5a60	12	10000	7ffc7e35d2a0	2aad	5cd689413030	5cd6894285a0	799057e82010	13b0000	13b0000	10000	10a2
4.162371	75fed	17a01	4c22	10	56731	5cd6893c5a60	1236	10000	7ffc7e35d2a0	2aad	5cd689413030	5cd6894285a0	79905cbc2010	60000	60000	10000	4501
4.171625	75fed	c7	4c22	7	34f8b1	5cd6893c5a60	18	10000	7ffc7e35d2a0	2aad	5cd689413030	5cd6894285a0	79905c002010	350000	350000	10000	581b
4.182624	7600e	21187	4c22	11	666dbf	5cd6893c5a60	189d	10000	7ffc7e35d2a0	2aad	5cd689413030	5cd6894285a0	79905b382010	670000	670000	10000	3aad
4.191778	76073	79905cd02010	8930	11	926f53	5cd6893c5a60	2aad	10000	7ffc7e35d2a0	2aad	5cd689413030	5cd6894285a0	79905a942010	900000	892c	10000	0
4.199523	75fed	755	4c22	a	c1eb3d	5cd6893c5a60	9c	10000	7ffc7e35d2a0	2aad	5cd689413030	5cd6894285a0	799059cc2010	c20000	c20000	10000	377a
4.209664	76073	79905cd02010	3b44	11	fd3be7	5cd6893c5a60	2aad	10000	7ffc7e35d2a0	2aad	5cd689413030	5cd6894285a0	799058e82010	fb0000	3b40	10000	0
4.223317	7600e	38b6f	4c22	11	1457154	5cd6893c5a60	27ee	10000	7ffc7e35d2a0	2aad	5cd689413030	5cd6894285a0	799057bc2010	1460000	1460000	10000	4e82
4.232528	1cb9fe75db8a	79905cd2ef88	4c22	3cf0	13088	79905cd113a8	79905cd3e320	b3de	7ffc7e35d298	79905cd2ef88	5cd689413030	5cd6894285a0	79905c9c2010	f0000	f0000	10000	d58
4.246328	7600e	151	4c22	8	669bc2	5cd6893c5a60	28	10000	7ffc7e35d2a0	2aad	5cd689413030	5cd6894285a0	79905b382010	670000	670000	10000	3aad
4.255338	75fed	b1f5	4c22	f	9cc7f4	5cd6893c5a60	940	10000	7ffc7e35d2a0	2aad	5cd689413030	5cd6894285a0	79905a602010	9d0000	9d0000	10000	5473
4.268422	75fe9	25	4c22	5	f111f8	5cd6893c5a60	6	10000	7ffc7e35d2a0	2aad	5cd689413030	5cd6894285a0	7990590c2010	f20000	f20000	10000	5861
4.277158	7600e	89	4c22	7	12a1965	5cd6893c5a60	10	10000	7ffc7e35d2a0	2aad	5cd689413030	5cd6894285a0	799058282010	12b0000	12b0000	10000	419f
4.285073	75fed	33b	4c22	9	15a002c	5cd6893c5a60	4e	10000	7ffc7e35d2a0	2aad	5cd689413030	5cd6894285a0	799057682010	15b0000	15b0000	10000	897
4.296051	75fed	3d37	4c22	d	26022a	5cd6893c5a60	380	10000	7ffc7e35d2a0	2aad	5cd689413030	5cd6894285a0	79905c382010	270000	270000	10000	4ac3
4.307680	75fed	2736b	4c22	11	6890c9	5cd6893c5a60	1c96	10000	7ffc7e35d2a0	2aad	5cd689413030	5cd6894285a0	79905b302010	690000	690000	10000	5647
4.320326	75ffd	37b55	4c22	11	b0226c	5cd6893c5a60	273a	10000	7ffc7e35d2a0	2aad	5cd689413030	5cd6894285a0	79905a182010	af0000	af0000	10000	3f10
4.325760	75fe4	38d9d	4c22	11	cf867c	5cd6893c5a60	2802	10000	7ffc7e35d2a0	2aad	5cd689413030	5cd6894285a0	799059a02010	cd0000	cd0000	10000	1b6b
4.332223	7600e	1eb75	4c22	10	f0e36d	5cd6893c5a60	16f4	10000	7ffc7e35d2a0	2aad	5cd689413030	5cd6894285a0	799059102010	f10000	f10000	10000	4a94
4.344231	75fed	16087	4c22	10	1371c8f	5cd6893c5a60	1122	10000	7ffc7e35d2a0	2aad	5cd689413030	5cd6894285a0	799057f42010	1380000	1380000	10000	412a
4.349685	1cb9fe75db8a	79905cd187cc	59ef	15d48	167bc	79905cd02a84	79905cd19240	59ef	7ffc7e35d298	79905cd187cc	5cd689413030	5cd6894285a0	7990576c2010	15b0000	15b0000	10000	897
4.363216	1cb9fe75db8a	79905cd187cc	59ef	8bc8	167bc	79905cd0fc04	79905cd263c0	59ef	7ffc7e35d298	79905cd187cc	5cd689413030	5cd6894285a0	79905be42010	3d0000	3d0000	10000	12a5
4.369136	76073	79905cd02010	9ac8	11	634e20	5cd6893c5a60	2aad	10000	7ffc7e35d2a0	2aad	5cd689413030	5cd6894285a0	79905b502010	610000	9ac4	10000	0
4.378146	75f99	13c91	4c22	10	9913ea	5cd6893c5a60	fa1	10000	7ffc7e35d2a0	2aad	5cd689413030	5cd6894285a0	79905a702010	990000	990000	10000	1d3f
4.390626	7600e	293	4c22	9	ea8921	5cd6893c5a60	44	10000	7ffc7e35d2a0	2aad	5cd689413030	5cd6894285a0	799059282010	eb0000	eb0000	10000	51b5
4.395885	75fed	669b	4c22	e	1064d87	5cd6893c5a60	591	10000	7ffc7e35d2a0	2aad	5cd689413030	5cd6894285a0	799058b82010	1070000	1070000	10000	1276
4.402654	75fed	2303	4c22	d	12e0574	5cd6893c5a60	213	10000	7ffc7e35d2a0	2aad	5cd689413030	5cd6894285a0	799058182010	12f0000	12f0000	10000	1ee4
4.417673	76073	79905cd02010	671c	5cd6893622b0	202e56	5cd6893c5a60	2aad	0	7ffc7e35d2a0	2aad	5cd689413030	5cd6894285a0	79905c602010	1d0000	6718	10000	1
4.430882	75fed	23437	4c22	11	735d15	5cd6893c5a60	1a1d	10000	7ffc7e35d2a0	2aad	5cd689413030	5cd6894285a0	79905b042010	740000	740000	10000	3a38
4.439372	1cb9fe65f78a	2	2	5cd689361	0	5cd689360010	7	5cd689361440	7ffc7e35d150	5cd689361450	5cd68a75e580	5cd689361450	c9452bc815867652	79905cc1ac80	0	5cd689361460	5cd68a75e580
4.451141	75fed	257f5	4c22	11	f58636	5cd6893c5a60	1b86	10000	7ffc7e35d2a0	2aad	5cd689413030	5cd6894285a0	799058fc2010	f60000	f60000	10000	35a6
4.462414	75fd5	5cd1	4c22	e	13e55c6	5cd6893c5a60	514	10000	7ffc7e35d2a0	2aad	5cd689413030	5cd6894285a0	799057dc2010	13e0000	13e0000	10000	3a09
4.475147	76055	fff0	ffec	5cd68b0b35b0	b6eca	5cd6893c5a60	2aad	0	7ffc7e35d2a0	2aad	5cd68c3797b0	5cd68c38ed20	5cd689190570	b0000	ffe8	10000	1
4.488000	76a12	2aad	5cd68936ac00	2972	5cd689385a40	1f26d	0	5cd68a01b130	7ffc7e35d2a0	1f267	173d	5cd689382380	c9452bc815867652	2aad	2	173e	12
4.495864	7600e	1f29b	4c22	10	837eb4	5cd6893c5a60	1742	10000	7ffc7e35d2a0	2aad	5cd68c3797b0	5cd68c38ed20	5cd687350570	840000	840000	10000	93b
4.505172	7600e	5a11	4c22	e	bcd6b3	5cd6893c5a60	4f3	10000	7ffc7e35d2a0	2aad	5cd68c3797b0	5cd68c38ed20	5cd686510570	bd0000	bd0000	10000	4c68
4.517152	76a29	2aad	5cd68936ac00	33a6	10713e7	e0f3	12b	5cd68c4303c0	7ffc7e35d2a0	e0f3	b7f	5cd689361a30	c9452bc815867652	2aad	28	b80	36
4.526425	7600e	2b0af	4c22	11	13ee46b	5cd6893c5a60	1f15	10000	7ffc7e35d2a0	2aad	5cd68c3797b0	5cd68c38ed20	5cd684490570	13f0000	13f0000	10000	47d6
4.534943	75fed	fa7	4c22	b	3fa72	5cd6893c5a60	111	10000	7ffc7e35d2a0	2aad	5cd68c3797b0	5cd68c38ed20	5cd689350570	40000	40000	10000	2967
4.547580	75fed	e7cd	4c22	f	4839c0	5cd6893c5a60	bda	10000	7ffc7e35d2a0	2aad	5cd68c3797b0	5cd68c38ed20	5cd688210570	490000	490000	10000	463
4.561924	769a5	5f9	5cd68936ac00	5cd6893fb000	2d4b	0	0	5cd68c4dbfa0	7ffc7e35d2a0	6e93	5f7	5cd689382050	c9452bc815867652	2aad	38	5f8	46
4.568460	1cb9fe75db8a	5cd68943d4e8	4c22	d310	13088	5cd6894162e8	5cd689443260	b3de	7ffc7e35d298	5cd68943d4e8	5cd68a4111b0	5cd68b0aca98	b	ca0000	ca0000	10000	4bf3
4.579156	75f99	1d50f	4c22	10	10b1e6c	5cd6893c5a60	15fd	10000	7ffc7e35d2a0	2aad	5cd68c3797b0	5cd68c38ed20	5cd685190570	10b0000	10b0000	10000	49aa
4.588125	75fd5	7dfb	4c22	e	1437040	5cd6893c5a60	6d0	10000	7ffc7e35d2a0	2aad	5cd68c3797b0	5cd68c38ed20	5cd684390570	1430000	1430000	10000	251b
4.602170	75fed	25b47	4c22	11	2b4d88	5cd6893c5a60	1bab	10000	7ffc7e35d2a0	2aad	5cd68c3797b0	5cd68c38ed20	5cd688950570	2c0000	2c0000	10000	35d5
4.611239	75fed	6df	4c22	a	6406f3	5cd6893c5a60	96	10000	7ffc7e35d2a0	2aad	5cd68c3797b0	5cd68c38ed20	5cd687b10570	650000	650000	10000	1f13
4.622326	76a12	2aad	5cd68936ac00	1ab7	5cd689385a40	d117	0	5cd68c52e380	7ffc7e35d2a0	d0c1	ab8	5cd689361b60	c9452bc815867652	2aad	25	ab9	34
4.637504	76011	7eb	4c22	a	fd7fe1	5cd6893c5a60	a5	10000	7ffc7e35d2a0	2aad	5cd68c3797b0	5cd68c38ed20	5cd6854d0570	fe0000	fe0000	10000	4a1f
4.646857	75fd5	31e8f	4c22	11	1390f50	5cd6893c5a60	2380	10000	7ffc7e35d2a0	2aad	5cd68c3797b0	5cd68c38ed20	5cd684610570	1390000	1390000	10000	4ef7
4.659775	75fed	1c883	4c22	10	162c72	5cd6893c5a60	156f	10000	7ffc7e35d2a0	2aad	5cd68c3797b0	5cd68c38ed20	5cd688e90570	170000	170000	10000	21d1
4.667368	76073	5cd689410570	1340	11	47d60f	5cd6893c5a60	2aad	10000	7ffc7e35d2a0	2aad	5cd68c3797b0	5cd68c38ed20	5cd688290570	470000	133c	10000	0
4.672776	7600e	1b1	4c22	8	635dd8	5cd6893c5a60	30	10000	7ffc7e35d2a0	2aad	5cd68c3797b0	5cd68c38ed20	5cd687b50570	640000	640000	10000	1146
4.682075	75fed	137	4c22	8	9ed566	5cd6893c5a60	24	10000	7ffc7e35d2a0	2aad	5cd68c3797b0	5cd68c38ed20	5cd686c90570	9f0000	9f0000	10000	161e
4.693386	75fed	17bf	4c22	c	e2e068	5cd6893c5a60	179	10000	7ffc7e35d2a0	2aad	5cd68c3797b0	5cd68c38ed20	5cd685b90570	e30000	e30000	10000	3d3c
4.702119	75fed	10bb	4c22	c	1191b83	5cd6893c5a60	11f	10000	7ffc7e35d2a0	2aad	5cd68c3797b0	5cd68c38ed20	5cd684dd0570	11a0000	11a0000	10000	ae0
4.714018	1cb9fe75db8a	5cd689426d2c	59ef	13868	167bc	5cd6894134c4	5cd689429c80	59ef	7ffc7e35d298	5cd689426d2c	5cd68c3797b0	5cd68c38ed20	5cd683b50570	1650000	1650000	10000	38aa
4.724247	76001	24415	4c22	11	291927	5cd6893c5a60	1ab9	10000	7ffc7e35d2a0	2aad	5cd68c3797b0	5cd68c38ed20	5cd688a90570	270000	270000	10000	4ac3
4.736334	75fed	74ab	4c22	e	68659b	5cd6893c5a60	650	10000	7ffc7e35d2a0	2aad	5cd68c3797b0	5cd68c38ed20	5cd687a10570	690000	690000	10000	5647
4.743490	75fe9	518f	4c22	e	938a45	5cd6893c5a60	48d	10000	7ffc7e35d2a0	2aad	5cd68c3797b0	5cd68c38ed20	5cd686f50570	940000	940000	10000	322d
4.748883	75ff5	1188d	4c22	10	b6e653	5cd6893c5a60	deb	10000	7ffc7e35d2a0	2aad	5cd68c3797b0	5cd68c38ed20	5cd6866d0570	b60000	b60000	10000	45bc
4.757681	76073	5cd689410570	423c	11	ee1ec9	5cd6893c5a60	2aad	10000	7ffc7e35d2a0	2aad	5cd68c3797b0	5cd68c38ed20	5cd685950570	ec0000	4238	10000	0
4.763035	75fe0	325c1	4c22	11	5cd68c3797b0	5cd6893c5a60	23d1	10000	7ffc7e35d2a0	2aad	5cd68c3797b0	5cd68c38ed20	5cd685110570	10d0000	10d0000	10000	b55
4.769025	7bdc0	5cd68a75e580	ef662ccace526b4f	2c	5cd68c72f240	5cd65e4ec938	7ffc7e35d168	1	7ffc7e35d160	2c	28	b4	c9452bc815867652	5cd68c72f248	0	1b4	5cd68c72f190
4.782845	75fc0	2aad	4c22	f	1828a1	5cd6893c5a60	b15	10000	7ffc7e35d2a0	2aad	5cd68c3797b0	5cd68c38ed20	5cd688e50570	180000	180000	10000	2f9e
4.793138	75f95	13a69	4c22	10	5b4ad0	5cd6893c5a60	f7e	10000	7ffc7e35d2a0	2aad	5cd68c3797b0	5cd68c38ed20	5cd687d90570	5b0000	5b0000	10000	48ef
4.804056	76001	16d3	4c22	c	9e0559	5cd6893c5a60	16e	10000	7ffc7e35d2a0	2aad	5cd68c3797b0	5cd68c38ed20	5cd686cd0570	9e0000	9e0000	10000	851
4.815535	7600a	35	4c22	5	e1e73f	5cd6893c5a60	8	10000	7ffc7e35d2a0	2aad	5cd68c3797b0	5cd68c38ed20	5cd685bd0570	e20000	e20000	10000	2f6f
4.823685	7600e	262c1	4c22	11	10f8873	5cd6893c5a60	1bf4	10000	7ffc7e35d2a0	2aad	5cd68c3797b0	5cd68c38ed20	5cd685050570	1100000	1100000	10000	34bc
4.835526	7600e	73e7	4c22	e	15935ec	5cd6893c5a60	644	10000	7ffc7e35d2a0	2aad	5cd68c3797b0	5cd68c38ed20	5cd683dd0570	15a0000	15a0000	10000	54b9
4.848064	75fa3	1af53	4c22	10	39504c	5cd6893c5a60	1472	10000	7ffc7e35d2a0	2aad	5cd68c3797b0	5cd68c38ed20	5cd688610570	390000	390000	10000	3560
4.855564	75fed	35	4c22	5	6ada4b	5cd6893c5a60	8	10000	7ffc7e35d2a0	2aad	5cd68c3797b0	5cd68c38ed20	5cd687990570	6b0000	6b0000	10000	17f2
4.861439	75fed	20491	4c22	11	8e594b	5cd6893c5a60	1803	10000	7ffc7e35d2a0	2aad	5cd68c3797b0	5cd68c38ed20	5cd687090570	8f0000	8f0000	10000	471b
4.873581	76060	5cd689410570	9efc	11	d9fefd	5cd6893c5a60	2aad	10000	7ffc7e35d2a0	2aad	5cd68c3797b0	5cd68c38ed20	5cd685e50570	d80000	9ef8	10000	0
4.879562	7600e	4a3	4c22	a	fb2386	5cd6893c5a60	68	10000	7ffc7e35d2a0	2aad	5cd68c3797b0	5cd68c38ed20	5cd685550570	fc0000	fc0000	10000	2e85
4.887394	75fed	21eab	4c22	11	12d7839	5cd6893c5a60	1932	10000	7ffc7e35d2a0	2aad	5cd68c3797b0	5cd68c38ed20	5cd6848d0570	12e0000	12e0000	10000	1117
4.900161	75fed	39511	4c22	11	a1c52	5cd6893c5a60	284b	10000	7ffc7e35d2a0	2aad	5cd68c3797b0	5cd68c38ed20	5cd689190570	b0000	b0000	10000	3013
4.913402	75fe9	1c4a7	4c22	10	57935b	5cd6893c5a60	1550	10000	7ffc7e35d2a0	2aad	5cd68c3797b0	5cd68c38ed20	5cd687e50570	580000	580000	10000	1f88
4.927172	75fe9	3bae9	4c22	11	9d03b2	5cd6893c5a60	29c7	10000	7ffc7e35d2a0	2aad	5cd68c3797b0	5cd68c38ed20	5cd686cd0570	9e0000	9e0000	10000	851
4.933265	7600e	20b97	4c22	11	c237e7	5cd6893c5a60	1859	10000	7ffc7e35d2a0	2aad	5cd68c3797b0	5cd68c38ed20	5cd686390570	c30000	c30000	10000	4547
4.943728	75fad	5cd6893e5a90	4c22	11	107d5a2	5cd6893c5a60	232d	10000	7ffc7e35d2a0	2aad	5cd68c3797b0	5cd68c38ed20	5cd685310570	1050000	1050000	10000	50cb
4.954270	76066	5cd689410570	9f00	11	14909a6	5cd6893c5a60	2aad	10000	7ffc7e35d2a0	2aad	5cd68c3797b0	5cd68c38ed20	5cd6842d0570	1460000	9efc	10000	0
4.960857	75662	ffffffffffffea58	22bf7	22bf7	fffffffffffdf750	131f6	19c2	28d3d	7ffc7e35d2a0	22bf7	0	0	d04227593c923093	19c2	800000000000aab5	b1668dd7f83a80c4	2aad
4.974994	75fed	4f	4c22	6	5d3568	5cd6893c5a60	d	10000	7ffc7e35d2a0	2aad	5cd68c3797b0	5cd68c38ed20	5cd687cd0570	5e0000	5e0000	10000	1867
4.985925	76073	5cd689410570	3f54	11	a2f216	5cd6893c5a60	2aad	10000	7ffc7e35d2a0	2aad	5cd68c3797b0	5cd68c38ed20	5cd686bd0570	a20000	3f50	10000	0
4.992581	1cb9fe75db8a	5cd689410570	2f	74b0	16700	5cd68c3b359c	5cd68941f7c0	59c0	7ffc7e35d298	5cd689410570	5cd68c3797b0	5cd68c38ed20	5cd6861d0570	cb0000	cb0000	10000	59c0
5.000567	76073	5cd689410570	e358	11	fe7cde	5cd6893c5a60	2aad	10000	7ffc7e35d2a0	2aad	5cd68c3797b0	5cd68c38ed20	5cd685550570	fc0000	e354	10000	0
5.008182	772b6	2	1	5cd6895e8c30	2	5cd6895e8bb8	67	5cd68ca4edf0	7ffc7e35d2a0	5cd68945d790	67	0	22a4	5cd6895e8b80	7	68	5cd6895e8b88
5.021594	7600e	31cdf	4c22	11	e9f0a	5cd6893c5a60	2372	10000	7ffc7e35d2a0	2aad	5cd68c3797b0	5cd68c38ed20	5cd689090570	f0000	f0000	10000	d58
5.029884	7604c	4954	4950	11	47d4f0	5cd6893c5a60	2aad	10000	7ffc7e35d2a0	2aad	5cd68c3797b0	5cd68c38ed20	5cd688310570	450000	494c	10000	0
5.036534	75fed	1d933	4c22	10	6fc1b2	5cd6893c5a60	162b	10000	7ffc7e35d2a0	2aad	5cd68c3797b0	5cd68c38ed20	5cd687850570	700000	700000	10000	304
5.042167	75fed	2b121	4c22	11	930ef5	5cd6893c5a60	1f1f	10000	7ffc7e35d2a0	2aad	5cd68c3797b0	5cd68c38ed20	5cd686f50570	940000	940000	10000	322d
5.051280	75fed	1163	4c22	c	cf2171	5cd6893c5a60	126	10000	7ffc7e35d2a0	2aad	5cd68c3797b0	5cd68c38ed20	5cd686050570	d00000	d00000	10000	44d2
5.057710	76016	5a11	4c22	e	f90f25	5cd6893c5a60	4f3	10000	7ffc7e35d2a0	2aad	5cd68c3797b0	5cd68c38ed20	5cd685610570	f90000	f90000	10000	51e
5.063536	75fed	e5d	4c22	b	11e1d15	5cd6893c5a60	101	10000	7ffc7e35d2a0	2aad	5cd68c3797b0	5cd68c38ed20	5cd684c90570	11f0000	11f0000	10000	4fe1
5.070936	75fe9	22b4d	4c22	11	14cc100	5cd6893c5a60	19bc	10000	7ffc7e35d2a0	2aad	5cd68c3797b0	5cd68c38ed20	5cd684110570	14d0000	14d0000	10000	552e
5.078484	75f95	1adc7	4c22	10	473e4	5cd6893c5a60	1468	10000	7ffc7e35d2a0	2aad	5cd68c3797b0	5cd68c38ed20	5cd689350570	40000	40000	10000	2967
5.087484	1cb9fe661870	0	79905cc1ac80	aac1	c51	5cd68cb833b0	3	aab4	7ffc7e35d190	0	5cd68cb78900	5cd689a057b0	79905cc1ace0	ffffffffffffffa0	aac0	5cd689360010	aaa
5.095705	75fed	35	4c22	5	7026b2	5cd6893c5a60	8	10000	7ffc7e35d2a0	2aad	5cd68c3797b0	5cd68c38ed20	5cd687810570	710000	710000	10000	10d1
5.109074	75fed	2a24b	4c22	11	c469e9	5cd6893c5a60	1e85	10000	7ffc7e35d2a0	2aad	5cd68c3797b0	5cd68c38ed20	5cd686310570	c50000	c50000	10000	6f2
5.116687	75fed	acab	4c22	f	f5b212	5cd6893c5a60	8fe	10000	7ffc7e35d2a0	2aad	5cd68c3797b0	5cd68c38ed20	5cd6856d0570	f60000	f60000	10000	35a6
5.124459	7600e	11ab	4c22	c	128c8af	5cd6893c5a60	12c	10000	7ffc7e35d2a0	2aad	5cd68c3797b0	5cd68c38ed20	5cd684a10570	1290000	1290000	10000	2605
5.132136	7600e	35	4c22	5	15a695c	5cd6893c5a60	8	10000	7ffc7e35d2a0	2aad	5cd68c3797b0	5cd68c38ed20	5cd683d90570	15b0000	15b0000	10000	897
5.142007	75ffd	2b849	4c22	11	25e13c	5cd6893c5a60	1f72	10000	7ffc7e35d2a0	2aad	5cd68c3797b0	5cd68c38ed20	5cd688b10570	250000	250000	10000	2f29
5.156001	75fed	fb	4c22	7	7f5bcc	5cd6893c5a60	1d	10000	7ffc7e35d2a0	2aad	5cd68c3797b0	5cd68c38ed20	5cd687450570	800000	800000	10000	2bf6
5.163352	75fed	1e0a9	4c22	10	aefbf3	5cd6893c5a60	1677	10000	7ffc7e35d2a0	2aad	5cd68c3797b0	5cd68c38ed20	5cd686890570	af0000	af0000	10000	3f10
5.175286	75fad	5cd6893e5a90	4c22	11	feb286	5cd6893c5a60	2699	10000	7ffc7e35d2a0	2aad	5cd68c3797b0	5cd68c38ed20	5cd685550570	fc0000	fc0000	10000	2e85
5.184430	76066	5cd689410570	71d8	11	13713b1	5cd6893c5a60	2aad	10000	7ffc7e35d2a0	2aad	5cd68c3797b0	5cd68c38ed20	5cd684710570	1350000	71d4	10000	0
5.197814	75fed	59f	4c22	a	19f849	5cd6893c5a60	7d	10000	7ffc7e35d2a0	2aad	5cd68c3797b0	5cd68c38ed20	5cd688dd0570	1a0000	1a0000	10000	4b38
5.207947	75fed	1c805	4c22	10	5a0c9f	5cd6893c5a60	156b	10000	7ffc7e35d2a0	2aad	5cd68c3797b0	5cd68c38ed20	5cd687d90570	5b0000	5b0000	10000	48ef
5.222948	7600e	468d	4c22	e	b9f942	5cd6893c5a60	401	10000	7ffc7e35d2a0	2aad	5cd68c3797b0	5cd68c38ed20	5cd6865d0570	ba0000	ba0000	10000	2301
5.233057	75fed	3d	4c22	5	f614a5	5cd6893c5a60	9	10000	7ffc7e35d2a0	2aad	5cd68c3797b0	5cd68c38ed20	5cd685690570	f70000	f70000	10000	4373
5.246899	7600e	4f	4c22	6	14e47d2	5cd6893c5a60	d	10000	7ffc7e35d2a0	2aad	5cd68c3797b0	5cd68c38ed20	5cd684090570	14f0000	14f0000	10000	16d9
5.261608	75fd1	5cd689385a40	4c22	11	3d646f	5cd6893c5a60	19af	10000	7ffc7e35d2a0	2aad	5cd68c3797b0	5cd68c38ed20	5cd688510570	3d0000	3d0000	10000	12a5
5.269130	769d6	1fc9	5cd68936ac00	5cd6893fb000	1525a	0	0	5cd68ce09b80	7ffc7e35d2a0	2c07b	1fc8	5cd6894542c0	c9452bc815867652	2aad	3	1fc9	13
5.274606	75fed	a757	4c22	f	8ce803	5cd6893c5a60	8c1	10000	7ffc7e35d2a0	2aad	5cd68c3797b0	5cd68c38ed20	5cd687110570	8d0000	8d0000	10000	2b81
5.286597	75fed	ed1	4c22	b	d70971	5cd6893c5a60	106	10000	7ffc7e35d2a0	2aad	5cd68c3797b0	5cd68c38ed20	5cd685e50570	d80000	d80000	10000	594b
5.299812	7600e	313	4c22	9	12d048a	5cd6893c5a60	4d	10000	7ffc7e35d2a0	2aad	5cd68c3797b0	5cd68c38ed20	5cd6848d0570	12e0000	12e0000	10000	1117
5.310963	76060	5cd689410570	3d2c	11	3572a	5cd6893c5a60	2aad	10000	7ffc7e35d2a0	2aad	5cd68c3797b0	5cd68c38ed20	5cd6893d0570	20000	3d28	10000	0
5.318784	75fed	3fd	4c22	9	338912	5cd6893c5a60	5c	10000	7ffc7e35d2a0	2aad	5cd68c3797b0	5cd68c38ed20	5cd688750570	340000	340000	10000	4a4e
5.333088	7600e	34721	4c22	11	75c4c1	5cd6893c5a60	2510	10000	7ffc7e35d2a0	2aad	5cd68c3797b0	5cd68c38ed20	5cd6876d0570	760000	760000	10000	55d2
5.340414	75fed	ff65	4c22	f	a22f1c	5cd6893c5a60	cd1	10000	7ffc7e35d2a0	2aad	5cd68c3797b0	5cd68c38ed20	5cd686b90570	a30000	a30000	10000	4d52
5.352418	769f0	5cd6893e5a90	5cd68936ac00	7547	e004	0	0	5cd68cf4e080	7ffc7e35d2a0	127c9	eae	5cd689361450	c9452bc815867652	2aad	27	eaf	35
5.362656	7600e	e7cd	4c22	f	12ea4a0	5cd6893c5a60	bda	10000	7ffc7e35d2a0	2aad	5cd68c3797b0	5cd68c38ed20	5cd684890570	12f0000	12f0000	10000	1ee4
5.374266	7600e	109d	4c22	c	1f823	5cd6893c5a60	11d	10000	7ffc7e35d2a0	2aad	5cd68c3797b0	5cd68c38ed20	5cd6893d0570	20000	20000	10000	dcd
5.381612	75fad	5cd6893e5a90	4c22	e	304ee2	5cd6893c5a60	48e	10000	7ffc7e35d2a0	2aad	5cd68c3797b0	5cd68c38ed20	5cd688850570	300000	300000	10000	131a
5.392265	75fed	2439d	4c22	11	73a5ab	5cd6893c5a60	1ab3	10000	7ffc7e35d2a0	2aad	5cd68c3797b0	5cd68c38ed20	5cd687750570	740000	740000	10000	3a38
5.400651	7600e	d3	4c22	7	a91139	5cd6893c5a60	19	10000	7ffc7e35d2a0	2aad	5cd68c3797b0	5cd68c38ed20	5cd6869d0570	aa0000	aa0000	10000	53fe
5.409468	7600e	227f	4c22	d	e0e647	5cd6893c5a60	20d	10000	7ffc7e35d2a0	2aad	5cd68c3797b0	5cd68c38ed20	5cd685c10570	e10000	e10000	10000	21a2
5.420578	75fed	e3	4c22	7	1224a39	5cd6893c5a60	1a	10000	7ffc7e35d2a0	2aad	5cd68c3797b0	5cd68c38ed20	5cd684b90570	1230000	1230000	10000	2d26
5.432021	75fad	5cd6893e5a90	4c22	10	16b9e34	5cd6893c5a60	1414	10000	7ffc7e35d2a0	2aad	5cd68c3797b0	5cd68c38ed20	5cd6839d0570	16a0000	16a0000	10000	23bc
5.443879	7600e	35	4c22	5	427b35	5cd6893c5a60	8	10000	7ffc7e35d2a0	2aad	5cd68c3797b0	5cd68c38ed20	5cd688390570	430000	430000	10000	b84
5.455029	75f99	25d7b	4c22	11	7f1011	5cd6893c5a60	1bc3	10000	7ffc7e35d2a0	2aad	5cd68c3797b0	5cd68c38ed20	5cd6874d0570	7e0000	7e0000	10000	105c
5.462681	7604c	8450	844c	11	b25bea	5cd6893c5a60	2aad	10000	7ffc7e35d2a0	2aad	5cd68c3797b0	5cd68c38ed20	5cd686850570	b00000	8448	10000	0
5.476381	7600e	35	4c22	5	108acc5	5cd6893c5a60	8	10000	7ffc7e35d2a0	2aad	5cd68c3797b0	5cd68c38ed20	5cd685210570	1090000	1090000	10000	2e10
5.488404	76001	2f21b	4c22	11	154b21d	5cd6893c5a60	21e0	10000	7ffc7e35d2a0	2aad	5cd68c3797b0	5cd68c38ed20	5cd683f50570	1540000	1540000	10000	1eb
5.500721	75fed	a8d7	4c22	f	312cf8	5cd6893c5a60	8d3	10000	7ffc7e35d2a0	2aad	5cd68c3797b0	5cd68c38ed20	5cd6887d0570	320000	320000	10000	2eb4
5.512087	75fed	1c9	4c22	8	77ff15	5cd6893c5a60	33	10000	7ffc7e35d2a0	2aad	5cd68c3797b0	5cd68c38ed20	5cd687650570	780000	780000	10000	177d
5.521631	75fed	a7	4c22	7	b0fbdc	5cd6893c5a60	13	10000	7ffc7e35d2a0	2aad	5cd68c3797b0	5cd68c38ed20	5cd686810570	b10000	b10000	10000	bb
5.527884	75fed	d3	4c22	7	d18890	5cd6893c5a60	19	10000	7ffc7e35d2a0	2aad	5cd68c3797b0	5cd68c38ed20	5cd685fd0570	d20000	d20000	10000	67d
5.537050	7600e	265	4c22	9	1088117	5cd6893c5a60	3f	10000	7ffc7e35d2a0	2aad	5cd68c3797b0	5cd68c38ed20	5cd685210570	1090000	1090000	10000	2e10
5.550566	7600e	38767	4c22	11	15dadd3	5cd6893c5a60	27c2	10000	7ffc7e35d2a0	2aad	5cd68c3797b0	5cd68c38ed20	5cd683cd0570	15e0000	15e0000	10000	31fe
5.565329	75fed	49	4c22	6	484b66	5cd6893c5a60	c	10000	7ffc7e35d2a0	2aad	5cd68c3797b0	5cd68c38ed20	5cd688210570	490000	490000	10000	463
5.575446	75fed	2b	4c22	5	8563ce	5cd6893c5a60	7	10000	7ffc7e35d2a0	2aad	5cd68c3797b0	5cd68c38ed20	5cd6872d0570	860000	860000	10000	24d5
5.585640	7600e	5e7	4c22	a	c5b174	5cd6893c5a60	84	10000	7ffc7e35d2a0	2aad	5cd68c3797b0	5cd68c38ed20	5cd6862d0570	c60000	c60000	10000	14bf
5.598018	1cb9fe75db8a	5cd689426d2c	59ef	2868	167bc	5cd6894244c4	5cd68943ac80	59ef	7ffc7e35d298	5cd689426d2c	fffffffffd07b080	5cd68c38ed20	5cd684ed0570	1170000	1170000	10000	3b68
5.612238	7600e	69d	4c22	a	16d1c1a	5cd6893c5a60	90	10000	7ffc7e35d2a0	2aad	5cd68c3797b0	5cd68c38ed20	5cd6838d0570	16e0000	16e0000	10000	101
5.619150	75ffd	7cd	4c22	a	27002e	5cd6893c5a60	a3	10000	7ffc7e35d2a0	2aad	5cd68c3797b0	5cd68c38ed20	5cd688a90570	270000	270000	10000	4ac3
5.626120	7600e	dc9f	4c22	f	529a71	5cd6893c5a60	b4e	10000	7ffc7e35d2a0	2aad	5cd68c3797b0	5cd68c38ed20	5cd687f90570	530000	530000	10000	3476
5.636910	75f99	2387b	4c22	11	9545a3	5cd6893c5a60	1a4a	10000	7ffc7e35d2a0	2aad	5cd68c3797b0	5cd68c38ed20	5cd686f10570	950000	950000	10000	3ffa
5.651571	75fa8	5cd6893e5a90	4c22	10	ecf182	5cd6893c5a60	120a	10000	7ffc7e35d2a0	2aad	5cd68c3797b0	5cd68c38ed20	5cd685950570	ec0000	ec0000	10000	593
5.666726	1cb9fe75db8a	5cd689410570	4316	38f4	5b64	5cd68c3b7158	5cd6894127e0	16d9	7ffc7e35d298	5cd689410570	5cd68c3797b0	5cd68c38ed20	5cd6840d0570	14f0000	14f0000	10000	16d9
5.672139	75668	1be	366d	366d	1caa	2c1f	323	346b	7ffc7e35d2a0	366d	0	1a084	d04227593c923093	323	8000000000000510	149a8019d29c959	2aad
5.686723	76066	5cd689410570	ed34	11	5c4713	5cd6893c5a60	2aad	10000	7ffc7e35d2a0	2aad	5cd68c3797b0	5cd68c38ed20	5cd687d90570	5b0000	ed30	10000	0
5.699345	7600e	4a3	4c22	a	a010ce	5cd6893c5a60	68	10000	7ffc7e35d2a0	2aad	5cd68c3797b0	5cd68c38ed20	5cd686c10570	a10000	a10000	10000	31b8
5.705017	75ff5	2063b	4c22	11	c3e8b9	5cd6893c5a60	1815	10000	7ffc7e35d2a0	2aad	5cd68c3797b0	5cd68c38ed20	5cd686390570	c30000	c30000	10000	4547
5.717527	769d6	1963	5cd68936ac00	5cd6893fb000	6cd1	0	0	5cd68d464d60	7ffc7e35d2a0	2227d	1962	5cd689361450	c9452bc815867652	2aad	2	1963	13
5.723137	7600e	269	4c22	9	1326384	5cd6893c5a60	40	10000	7ffc7e35d2a0	2aad	5cd68c3797b0	5cd68c38ed20	5cd684790570	1330000	1330000	10000	5618
5.731343	75fed	166bd	4c22	10	1617186	5cd6893c5a60	1167	10000	7ffc7e35d2a0	2aad	5cd68c3797b0	5cd68c38ed20	5cd683bd0570	1620000	1620000	10000	f43
5.741484	7600a	2b105	4c22	11	2e4266	5cd6893c5a60	1f1d	10000	7ffc7e35d2a0	2aad	5cd68c3797b0	5cd68c38ed20	5cd688890570	2f0000	2f0000	10000	54d
5.750443	75fed	a3	4c22	7	641236	5cd6893c5a60	12	10000	7ffc7e35d2a0	2aad	5cd68c3797b0	5cd68c38ed20	5cd687b10570	650000	650000	10000	1f13
5.756164	7600e	115	4c22	8	894e58	5cd6893c5a60	21	10000	7ffc7e35d2a0	2aad	5cd68c3797b0	5cd68c38ed20	5cd6871d0570	8a0000	8a0000	10000	21a
5.770712	75fa8	5cd6893e5a90	4c22	f	d510da	5cd6893c5a60	ae4	10000	7ffc7e35d2a0	2aad	5cd68c3797b0	5cd68c38ed20	5cd685f10570	d50000	d50000	10000	2fe4
5.783419	75fed	1e257	4c22	10	1156e22	5cd6893c5a60	168a	10000	7ffc7e35d2a0	2aad	5cd68c3797b0	5cd68c38ed20	5cd684ed0570	1160000	1160000	10000	2d9b
5.797636	75fed	3d	4c22	5	1628caa	5cd6893c5a60	9	10000	7ffc7e35d2a0	2aad	5cd68c3797b0	5cd68c38ed20	5cd683b90570	1630000	1630000	10000	1d10
5.807374	76066	5cd689410570	9d60	11	2d7422	5cd6893c5a60	2aad	10000	7ffc7e35d2a0	2aad	5cd68c3797b0	5cd68c38ed20	5cd6889d0570	2a0000	9d5c	10000	0
5.816049	7600e	3d	4c22	5	60a018	5cd6893c5a60	9	10000	7ffc7e35d2a0	2aad	5cd68c3797b0	5cd68c38ed20	5cd687c10570	610000	610000	10000	41ce
5.826860	7600e	35	4c22	5	a0be90	5cd6893c5a60	8	10000	7ffc7e35d2a0	2aad	5cd68c3797b0	5cd68c38ed20	5cd686c10570	a10000	a10000	10000	31b8
5.832980	7600e	33d	4c22	9	c55f7a	5cd6893c5a60	4f	10000	7ffc7e35d2a0	2aad	5cd68c3797b0	5cd68c38ed20	5cd6862d0570	c60000	c60000	10000	14bf
5.847533	7c188	61	7ffc7e35d1f0	61	5cd68d611ed0	5cd68d612f60	2f	80	7ffc7e35d170	5cd68a75e580	5cd689361b60	5cd689361450	c9452bc815867652	7ffc7e35d188	5cd689361b70	22a4	5cd65e4ecb30
5.854580	75fed	c1	4c22	7	14cf667	5cd6893c5a60	16	10000	7ffc7e35d2a0	2aad	5cd68c3797b0	5cd68c38ed20	5cd684110570	14d0000	14d0000	10000	552e
5.866199	75fad	5cd6893e5a90	4c22	10	255d36	5cd6893c5a60	1245	10000	7ffc7e35d2a0	2aad	5cd68c3797b0	5cd68c38ed20	5cd688b10570	250000	250000	10000	2f29
5.877992	76073	5cd689410570	b104	11	7289da	5cd6893c5a60	2aad	10000	7ffc7e35d2a0	2aad	5cd68c3797b0	5cd68c38ed20	5cd6877d0570	720000	b100	10000	0
5.885755	7600e	33acf	4c22	11	a1e6d3	5cd6893c5a60	249d	10000	7ffc7e35d2a0	2aad	5cd68c3797b0	5cd68c38ed20	5cd686bd0570	a20000	a20000	10000	3f85
5.894564	7604c	c118	c114	11	d5b588	5cd6893c5a60	2aad	10000	7ffc7e35d2a0	2aad	5cd68c3797b0	5cd68c38ed20	5cd685f90570	d30000	c110	10000	0
5.907435	75f9c	d433	4c22	f	1183798	5cd6893c5a60	add	10000	7ffc7e35d2a0	2aad	5cd68c3797b0	5cd68c38ed20	5cd684e50570	1180000	1180000	10000	4935
5.921133	75ff0	17bf	4c22	c	16824ec	5cd6893c5a60	179	10000	7ffc7e35d2a0	2aad	5cd68c3797b0	5cd68c38ed20	5cd683a10570	1690000	1690000	10000	15ef
5.932014	75fed	137	4c22	8	2eba76	5cd6893c5a60	24	10000	7ffc7e35d2a0	2aad	5cd68c3797b0	5cd68c38ed20	5cd688890570	2f0000	2f0000	10000	54d
5.943114	75fed	1073	4c22	c	710d71	5cd6893c5a60	11a	10000	7ffc7e35d2a0	2aad	5cd68c3797b0	5cd68c38ed20	5cd6877d0570	720000	720000	10000	1e9e
5.957811	76073	5cd689410570	e7d4	11	d3a14a	5cd6893c5a60	2aad	10000	7ffc7e35d2a0	2aad	5cd68c3797b0	5cd68c38ed20	5cd686050570	d00000	e7d0	10000	0
5.969627	75ffd	b867	4c22	f	11a7878	5cd6893c5a60	98d	10000	7ffc7e35d2a0	2aad	5cd68c3797b0	5cd68c38ed20	5cd684dd0570	11a0000	11a0000	10000	ae0
5.984727	75fed	3ac13	4c22	11	7c4c6	5cd6893c5a60	2934	10000	7ffc7e35d2a0	2aad	5cd68c3797b0	5cd68c38ed20	5cd689250570	80000	80000	10000	6ac
5.997741	75fed	11b	4c22	8	595bb6	5cd6893c5a60	22	10000	7ffc7e35d2a0	2aad	5cd68c3797b0	5cd68c38ed20	5cd687dd0570	5a0000	5a0000	10000	3b22
6.010027	75fed	3ca7	4c22	d	a76478	5cd6893c5a60	37b	10000	7ffc7e35d2a0	2aad	5cd68c3797b0	5cd68c38ed20	5cd686a50570	a80000	a80000	10000	3864
6.024232	7600e	14b	4c22	8	104d61d	5cd6893c5a60	27	10000	7ffc7e35d2a0	2aad	5cd68c3797b0	5cd68c38ed20	5cd685310570	1050000	1050000	10000	50cb
6.029748	1cb9fe75db8a	5cd689426d2c	59ef	44a8	167bc	5cd689422884	5cd689439040	59ef	7ffc7e35d298	5cd689426d2c	5cd68c3797b0	5cd68c38ed20	5cd684ad0570	1270000	1270000	10000	a6b
6.039883	7600e	1e1f1	4c22	10	1627342	5cd6893c5a60	1683	10000	7ffc7e35d2a0	2aad	5cd68c3797b0	5cd68c38ed20	5cd683b90570	1630000	1630000	10000	1d10
6.254042	7600e	168ef	4c22	10	ef4f00	5cd6893c5a60	117f	10000	7ffc7e35d2a0	2aad	5cd68c3797b0	5cd68c38ed20	5cd685850570	f00000	f00000	10000	3cc7
6.260251	76073	5cd689410570	31d8	11	11a5c7f	5cd6893c5a60	2aad	10000	7ffc7e35d2a0	2aad	5cd68c3797b0	5cd68c38ed20	5cd684e90570	1170000	31d4	10000	0
6.267987	7600e	139	4c22	8	148f2f3	5cd6893c5a60	25	10000	7ffc7e35d2a0	2aad	5cd68c3797b0	5cd68c38ed20	5cd684210570	1490000	1490000	10000	1dfa
6.274287	755a6	ffffffffffffd74f	18b93	0	ffffffffffffffff	ffffffffffffffff	ffffffffffffd74f	168	7ffc7e35d2a0	18b93	0	0	d04227593c923093	12f1	7ffffffffffffb01	5be94c211d1ab43a	2aad
6.279640	1cb9fe75db8a	5cd68943d4e8	4c22	40f0	13088	5cd68941f508	5cd68944c480	b3de	7ffc7e35d298	5cd68943d4e8	5cd68c3797b0	5cd68c38ed20	5cd688c50570	210000	210000	10000	51e4
6.290266	76060	5cd689410570	f6a0	11	5dfb4e	5cd6893c5a60	2aad	10000	7ffc7e35d2a0	2aad	5cd68c3797b0	5cd68c38ed20	5cd687d10570	5d0000	f69c	10000	0
6.300039	75fed	c7	4c22	7	95c4dd	5cd6893c5a60	18	10000	7ffc7e35d2a0	2aad	5cd68c3797b0	5cd68c38ed20	5cd686ed0570	960000	960000	10000	4dc7
6.314159	7600e	3a1	4c22	9	e43d64	5cd6893c5a60	55	10000	7ffc7e35d2a0	2aad	5cd68c3797b0	5cd68c38ed20	5cd685b10570	e50000	e50000	10000	58d6
6.319576	75fd5	5b25	4c22	e	1051c9b	5cd6893c5a60	500	10000	7ffc7e35d2a0	2aad	5cd68c3797b0	5cd68c38ed20	5cd685310570	1050000	1050000	10000	50cb
6.326316	7600e	305	4c22	9	1306a7f	5cd6893c5a60	4c	10000	7ffc7e35d2a0	2aad	5cd68c3797b0	5cd68c38ed20	5cd684810570	1310000	1310000	10000	3a7e
6.334707	75fed	33593	4c22	11	1662a91	5cd6893c5a60	2470	10000	7ffc7e35d2a0	2aad	5cd68c3797b0	5cd68c38ed20	5cd683a90570	1670000	1670000	10000	5444
6.345487	1cb9fe75db8a	5cd689410570	16c2	f884	10cb4	5cd68c3ab1c8	5cd6894119a0	432d	7ffc7e35d298	5cd689410570	5cd68c3797b0	5cd68c38ed20	5cd688610570	3a0000	3a0000	10000	432d
6.354004	75fed	249f1	4c22	11	6f5e15	5cd6893c5a60	1af1	10000	7ffc7e35d2a0	2aad	5cd68c3797b0	5cd68c38ed20	5cd687850570	700000	700000	10000	304
6.361191	7600e	2815f	4c22	11	9ae1b8	5cd6893c5a60	1d2e	10000	7ffc7e35d2a0	2aad	5cd68c3797b0	5cd68c38ed20	5cd686d90570	9b0000	9b0000	10000	38d9
6.373729	1cb9fe75db8a	5cd68941a6a8	59ef	be8c	c684	5cd68c3a4a88	5cd68941aea0	284e	7ffc7e35d298	5cd68941a6a8	5cd68c3797b0	5cd68c38ed20	5cd685a90570	e80000	e80000	10000	284e
6.385270	7600e	52f	4c22	a	130cf64	5cd6893c5a60	74	10000	7ffc7e35d2a0	2aad	5cd68c3797b0	5cd68c38ed20	5cd684810570	1310000	1310000	10000	3a7e
6.395903	75fed	43	4c22	6	38fea	5cd6893c5a60	a	10000	7ffc7e35d2a0	2aad	5cd68c3797b0	5cd68c38ed20	5cd689350570	40000	40000	10000	2967
6.410488	1cb9fe75db8a	5cd68943d4e8	4c22	4ef0	13088	5cd68941e708	5cd68944b680	b3de	7ffc7e35d298	5cd68943d4e8	fffffffffd08014c	5cd68c38ed20	5cd687c10570	620000	620000	10000	4f9b
6.416629	76001	2d9a9	4c22	11	8c70c1	5cd6893c5a60	20da	10000	7ffc7e35d2a0	2aad	5cd68c3797b0	5cd68c38ed20	5cd6871d0570	8a0000	8a0000	10000	21a
6.425685	7600e	26f87	4c22	11	c11dc6	5cd6893c5a60	1c6c	10000	7ffc7e35d2a0	2aad	5cd68c3797b0	5cd68c38ed20	5cd6863d0570	c20000	c20000	10000	377a
6.435946	75fd1	5cd689385a40	4c22	11	1053354	5cd6893c5a60	1b26	10000	7ffc7e35d2a0	2aad	5cd68c3797b0	5cd68c38ed20	5cd685390570	1030000	1030000	10000	3531
6.446752	7600e	3515f	4c22	11	144f046	5cd6893c5a60	2580	10000	7ffc7e35d2a0	2aad	5cd68c3797b0	5cd68c38ed20	5cd684310570	1450000	1450000	10000	40b5
6.456545	7600e	25	4c22	5	13fcbf	5cd6893c5a60	6	10000	7ffc7e35d2a0	2aad	5cd68c3797b0	5cd68c38ed20	5cd688f50570	140000	140000	10000	5259
6.462167	7600e	65	4c22	6	38c800	5cd6893c5a60	e	10000	7ffc7e35d2a0	2aad	5cd68c3797b0	5cd68c38ed20	5cd688610570	390000	390000	10000	3560
6.475659	76073	5cd689410570	406c	11	92c2f2	5cd6893c5a60	2aad	10000	7ffc7e35d2a0	2aad	5cd68c3797b0	5cd68c38ed20	5cd687010570	910000	4068	10000	0
6.482014	75fed	11f63	4c22	10	ba3510	5cd6893c5a60	e3c	10000	7ffc7e35d2a0	2aad	5cd68c3797b0	5cd68c38ed20	5cd686590570	bb0000	bb0000	10000	30ce
6.492234	1cb9fe75db8a	5cd68943d4e8	4c22	49f0	13088	5cd68941ec08	5cd68944bb80	b3de	7ffc7e35d298	5cd68943d4e8	fffffffffd06a024	5cd68c38ed20	5cd685690570	f80000	f80000	10000	5140
6.497787	7600e	20539	4c22	11	11a72f6	5cd6893c5a60	180d	10000	7ffc7e35d2a0	2aad	5cd68c3797b0	5cd68c38ed20	5cd684d90570	11b0000	11b0000	10000	18ad
6.506402	7600e	2d595	4c22	11	152957f	5cd6893c5a60	20a9	10000	7ffc7e35d2a0	2aad	5cd68c3797b0	5cd68c38ed20	5cd683f90570	1530000	1530000	10000	4e0d
6.519559	75fd1	5cd689385a40	4c22	11	393b8e	5cd6893c5a60	2814	10000	7ffc7e35d2a0	2aad	5cd68c3797b0	5cd68c38ed20	5cd6886d0570	360000	360000	10000	bf9
6.530659	75fa3	1b27d	4c22	10	7e4c5f	5cd6893c5a60	1492	10000	7ffc7e35d2a0	2aad	5cd68c3797b0	5cd68c38ed20	5cd6874d0570	7e0000	7e0000	10000	105c
6.539213	7600e	49d3	4c22	e	b292fc	5cd6893c5a60	427	10000	7ffc7e35d2a0	2aad	5cd68c3797b0	5cd68c38ed20	5cd686790570	b30000	b30000	10000	1c55
6.551819	76001	27b29	4c22	11	105bea1	5cd6893c5a60	1cee	10000	7ffc7e35d2a0	2aad	5cd68c3797b0	5cd68c38ed20	5cd685310570	1050000	1050000	10000	50cb
6.558235	75fed	9373	4c22	f	12f8d1a	5cd6893c5a60	7d9	10000	7ffc7e35d2a0	2aad	5cd68c3797b0	5cd68c38ed20	5cd684850570	1300000	1300000	10000	2cb1
6.569322	7600e	35393	4c22	11	60a4f	5cd6893c5a60	2598	10000	7ffc7e35d2a0	2aad	5cd68c3797b0	5cd68c38ed20	5cd689290570	70000	70000	10000	52ce
6.574675	76060	5cd689410570	a87c	11	2ab944	5cd6893c5a60	2aad	10000	7ffc7e35d2a0	2aad	5cd68c3797b0	5cd68c38ed20	5cd688a50570	280000	a878	10000	0
6.584455	7600e	7bb	4c22	a	662b3b	5cd6893c5a60	a1	10000	7ffc7e35d2a0	2aad	5cd68c3797b0	5cd68c38ed20	5cd687a90570	670000	670000	10000	3aad
6.598366	75fad	5cd6893e5a90	4c22	11	c04e65	5cd6893c5a60	2089	10000	7ffc7e35d2a0	2aad	5cd68c3797b0	5cd68c38ed20	5cd686450570	c00000	c00000	10000	1be0
6.606468	76073	5cd689410570	1900	11	f4e113	5cd6893c5a60	2aad	10000	7ffc7e35d2a0	2aad	5cd68c3797b0	5cd68c38ed20	5cd6857d0570	f20000	18fc	10000	0
6.621119	75f99	221e9	4c22	11	1441d5a	5cd6893c5a60	1959	10000	7ffc7e35d2a0	2aad	5cd68c3797b0	5cd68c38ed20	5cd6843d0570	1420000	1420000	10000	174e
6.628322	755a6	ffffffffffff7dd3	10763	0	ffffffffffffffff	ffffffffffffffff	ffffffffffff7dd3	76	7ffc7e35d2a0	10763	0	0	d04227593c923093	d2f	7fffffffffffc398	fe203920f5eae9cd	2aad
6.634923	75ff0	2b	4c22	5	2789b3	5cd6893c5a60	7	10000	7ffc7e35d2a0	2aad	5cd68c3797b0	5cd68c38ed20	5cd688a50570	280000	280000	10000	5890
6.647505	7600e	91ed	4c22	f	77c2d0	5cd6893c5a60	7c5	10000	7ffc7e35d2a0	2aad	5cd68c3797b0	5cd68c38ed20	5cd687650570	780000	780000	10000	177d
6.657262	7600a	33d	4c22	9	b0a22c	5cd6893c5a60	4f	10000	7ffc7e35d2a0	2aad	5cd68c3797b0	5cd68c38ed20	5cd686810570	b10000	b10000	10000	bb
6.664522	7600e	2b	4c22	5	df7e03	5cd6893c5a60	7	10000	7ffc7e35d2a0	2aad	5cd68c3797b0	5cd68c38ed20	5cd685c50570	e00000	e00000	10000	13d5
6.673372	1cb9fe75db8a	5cd689426d2c	59ef	14208	167bc	5cd689412b24	5cd6894292e0	59ef	7ffc7e35d298	5cd689426d2c	5cd68c3797b0	5cd68c38ed20	5cd684e90570	1180000	1180000	10000	4935
6.687911	75fad	5cd6893e5a90	4c22	11	50b5f	5cd6893c5a60	206d	10000	7ffc7e35d2a0	2aad	5cd68c3797b0	5cd68c38ed20	5cd689390570	30000	30000	10000	1b9a
6.693306	75fed	c1	4c22	7	258a3e	5cd6893c5a60	16	10000	7ffc7e35d2a0	2aad	5cd68c3797b0	5cd68c38ed20	5cd688ad0570	260000	260000	10000	3cf6
6.702076	1cb9fe6621ec	5cd68a75e580	ffffffffffffffa0	6	5cd689360010	5cd6894542c0	10	10	7ffc7e35d190	b	3	7	c9452bc815867652	0	0	7ffc7e35d200	4
6.715569	76001	20aa9	4c22	11	b069cc	5cd6893c5a60	184c	10000	7ffc7e35d2a0	2aad	5cd68c3797b0	5cd68c38ed20	5cd686890570	af0000	af0000	10000	3f10
6.725933	1cb9fe75db8a	5cd689418a24	59ef	9b2c	e308	5cd68c3a8a6c	5cd68941d200	212d	7ffc7e35d298	5cd689418a24	5cd68c3797b0	5cd68c38ed20	5cd685910570	ee0000	ee0000	10000	212d
6.735882	7600e	b3	4c22	7	12b624d	5cd6893c5a60	14	10000	7ffc7e35d2a0	2aad	5cd68c3797b0	5cd68c38ed20	5cd684950570	12c0000	12c0000	10000	4f6c
6.748815	75fed	34d65	4c22	11	d31a5	5cd6893c5a60	254b	10000	7ffc7e35d2a0	2aad	5cd68c3797b0	5cd68c38ed20	5cd6890d0570	e0000	e0000	10000	597a
6.757476	75ff5	2c093	4c22	11	429299	5cd6893c5a60	1fc9	10000	7ffc7e35d2a0	2aad	5cd68c3797b0	5cd68c38ed20	5cd6883d0570	420000	420000	10000	57a6
6.772553	76073	5cd689410570	76d8	11	a22f0d	5cd6893c5a60	2aad	10000	7ffc7e35d2a0	2aad	5cd68c3797b0	5cd68c38ed20	5cd686bd0570	a20000	76d4	10000	0
6.784706	75faf	5cd6893e5a90	4c22	10	ed5543	5cd6893c5a60	1320	10000	7ffc7e35d2a0	2aad	5cd68c3797b0	5cd68c38ed20	5cd685910570	ed0000	ed0000	10000	1360
6.792340	7600e	1b677	4c22	10	11e3256	5cd6893c5a60	14bb	10000	7ffc7e35d2a0	2aad	5cd68c3797b0	5cd68c38ed20	5cd684c90570	11f0000	11f0000	10000	4fe1
6.798871	7600e	17b	4c22	8	14a0717	5cd6893c5a60	2b	10000	7ffc7e35d2a0	2aad	5cd68c3797b0	5cd68c38ed20	5cd684190570	14b0000	14b0000	10000	3994
6.811750	76077	ffff	83dc	11	2c5ec2	5cd6893c5a60	2aad	10000	7ffc7e35d2a0	2aad	5cd68c3797b0	5cd68c38ed20	5cd688990570	2b0000	83d8	10000	0
6.826591	1cb9fe75e10a	0	1	94d8	5cd68e190a20	0	5cd68e192000	7f	7ffc7e35d298	0	5cd68e190a20	5cd68ba00d70	79905cc1ace0	5cd68b0b35b8	5cd689410570	aab4	7f
6.834571	75fe0	2882b	4c22	11	5cd68c3797b0	5cd6893c5a60	1d77	10000	7ffc7e35d2a0	2aad	5cd68c3797b0	5cd68c38ed20	5cd686590570	bb0000	bb0000	10000	30ce
6.844780	7600e	368ed	4c22	11	fbbb2d	5cd6893c5a60	2678	10000	7ffc7e35d2a0	2aad	5cd68c3797b0	5cd68c38ed20	5cd685550570	fc0000	fc0000	10000	2e85
6.851301	75ff0	38a91	4c22	11	1275ed4	5cd6893c5a60	27e6	10000	7ffc7e35d2a0	2aad	5cd68c3797b0	5cd68c38ed20	5cd684b50570	1240000	1240000	10000	3af3
6.856622	1cb9fe75db8a	5cd689426d2c	59ef	5f28	167bc	5cd689420e04	5cd6894375c0	59ef	7ffc7e35d298	5cd689426d2c	5cd68c3797b0	5cd68c38ed20	5cd6842d0570	1470000	1470000	10000	260
6.865825	75fed	1fc49	4c22	10	10bef1	5cd6893c5a60	17ae	10000	7ffc7e35d2a0	2aad	5cd68c3797b0	5cd68c38ed20	5cd689010570	110000	110000	10000	28f2
6.876538	7600e	336a9	4c22	11	560355	5cd6893c5a60	247b	10000	7ffc7e35d2a0	2aad	5cd68c3797b0	5cd68c38ed20	5cd687e90570	570000	570000	10000	11bb
6.885679	75fed	69a3	4c22	e	910c8a	5cd6893c5a60	5ba	10000	7ffc7e35d2a0	2aad	5cd68c3797b0	5cd68c38ed20	5cd686fd0570	920000	920000	10000	1693
6.896567	76073	5cd689410570	bd0	11	d9bf2e	5cd6893c5a60	2aad	10000	7ffc7e35d2a0	2aad	5cd68c3797b0	5cd68c38ed20	5cd685ed0570	d60000	bcc	10000	0
6.903545	75fe9	1d2d9	4c22	10	101e045	5cd6893c5a60	15e1	10000	7ffc7e35d2a0	2aad	5cd68c3797b0	5cd68c38ed20	5cd6853d0570	1020000	1020000	10000	2764
6.912159	1cb9fe75e10a	0	0	1c78	5cd68e23c1c0	0	5cd68e245000	7a	7ffc7e35d298	0	5cd68e23c1c0	5cd68dcb6e70	79905cc1ace0	5cd68b0b35b8	5cd689410570	aab4	7a
6.926245	75fed	47	4c22	6	1a331d	5cd6893c5a60	b	10000	7ffc7e35d2a0	2aad	5cd68c3797b0	5cd68c38ed20	5cd688d90570	1b0000	1b0000	10000	5905
6.935500	1cb9fe75db8a	5cd689426d2c	59ef	14c48	167bc	5cd6894120e4	5cd6894288a0	59ef	7ffc7e35d298	5cd689426d2c	5cd68b769760	b	c9452bc815867652	560000	560000	10000	3ee
6.944199	75fed	1bb5d	4c22	10	89ba3a	5cd6893c5a60	14e7	10000	7ffc7e35d2a0	2aad	5cd68c3797b0	5cd68c38ed20	5cd6871d0570	8a0000	8a0000	10000	21a
6.954048	75fe0	2d20b	4c22	11	5cd68c3797b0	5cd6893c5a60	2080	10000	7ffc7e35d2a0	2aad	5cd68c3797b0	5cd68c38ed20	5cd686250570	c80000	c80000	10000	3059
6.962151	75fed	310c3	4c22	11	fa06fa	5cd6893c5a60	2307	10000	7ffc7e35d2a0	2aad	5cd68c3797b0	5cd68c38ed20	5cd685590570	fb0000	fb0000	10000	20b8
6.975057	75fa3	39ea1	4c22	11	14f55b9	5cd6893c5a60	28ad	10000	7ffc7e35d2a0	2aad	5cd68c3797b0	5cd68c38ed20	5cd684090570	14f0000	14f0000	10000	16d9
6.988159	75fed	a3	4c22	7	2d0374	5cd6893c5a60	12	10000	7ffc7e35d2a0	2aad	5cd68c3797b0	5cd68c38ed20	5cd6888d0570	2e0000	2e0000	10000	516f
6.997156	7600e	36d4f	4c22	11	64d03c	5cd6893c5a60	26a6	10000	7ffc7e35d2a0	2aad	5cd68c3797b0	5cd68c38ed20	5cd687b10570	650000	650000	10000	1f13
7.004737	75fad	5cd6893e5a90	4c22	11	9624cf	5cd6893c5a60	26d1	10000	7ffc7e35d2a0	2aad	5cd68c3797b0	5cd68c38ed20	5cd686f10570	950000	950000	10000	3ffa
7.010156	76a12	2aad	5cd68936ac00	bf1d	5cd689385a40	121cd	0	5cd68e34d560	7ffc7e35d2a0	121c1	e55	5cd68dae9ec0	c9452bc815867652	2aad	3a	e56	49
7.021089	75f95	654b	4c22	e	fc3c23	5cd6893c5a60	588	10000	7ffc7e35d2a0	2aad	5cd68c3797b0	5cd68c38ed20	5cd685550570	fc0000	fc0000	10000	2e85
7.034106	1cb9fe66020b	20411	79905cc1ac80	5cd68e3f3130	aac1	5cd68e3fdbf0	79905cc1ac80	aac0	7ffc7e35d120	0	0	5cd68e3f4000	206	ed0	5cd68e3f3130	1000	aae0
7.041539	7560c	5852	15511	15511	574e	2a29	109d	ee09	7ffc7e35d2a0	15511	0	0	d04227593c923093	109d	7fffffffffffaf0d	a390e2fef41dfa59	2aad
7.053513	76060	5cd689410570	8c74	11	4fcf17	5cd6893c5a60	2aad	10000	7ffc7e35d2a0	2aad	5cd68c3797b0	5cd68c38ed20	5cd688150570	4c0000	8c70	10000	0
7.061292	7600e	35	4c22	5	7e2659	5cd6893c5a60	8	10000	7ffc7e35d2a0	2aad	5cd68c3797b0	5cd68c38ed20	5cd687490570	7f0000	7f0000	10000	1e29
7.074250	75f95	2fcc5	4c22	11	d0c14a	5cd6893c5a60	2245	10000	7ffc7e35d2a0	2aad	5cd68c3797b0	5cd68c38ed20	5cd686050570	d00000	d00000	10000	44d2
7.080155	76001	1231f	4c22	10	f60ab6	5cd6893c5a60	e69	10000	7ffc7e35d2a0	2aad	5cd68c3797b0	5cd68c38ed20	5cd6856d0570	f60000	f60000	10000	35a6
7.088271	76001	133e7	4c22	10	12a2e12	5cd6893c5a60	f3e	10000	7ffc7e35d2a0	2aad	5cd68c3797b0	5cd68c38ed20	5cd6849d0570	12a0000	12a0000	10000	33d2
7.099941	75fed	43	4c22	6	5bafd	5cd6893c5a60	a	10000	7ffc7e35d2a0	2aad	5cd68c3797b0	5cd68c38ed20	5cd6892d0570	60000	60000	10000	4501
7.106903	7600e	308cb	4c22	11	2c55ae	5cd6893c5a60	22c0	10000	7ffc7e35d2a0	2aad	5cd68c3797b0	5cd68c38ed20	5cd688910570	2d0000	2d0000	10000	43a2
7.117182	1cb9fe75db8a	5cd689426d2c	59ef	76a8	167bc	5cd68941f684	5cd689435e40	59ef	7ffc7e35d298	5cd689426d2c	5cd68c3797b0	5cd68c38ed20	5cd687810570	720000	720000	10000	1e9e
7.126333	75fed	2ab	4c22	9	a5c6b3	5cd6893c5a60	46	10000	7ffc7e35d2a0	2aad	5cd68c3797b0	5cd68c38ed20	5cd686ad0570	a60000	a60000	10000	1cca
7.139566	75fd1	5cd689385a40	4c22	e	f817b2	5cd6893c5a60	3ae	10000	7ffc7e35d2a0	2aad	5cd68c3797b0	5cd68c38ed20	5cd685650570	f80000	f80000	10000	5140
7.150428	75fd5	15d85	4c22	10	13a1de6	5cd6893c5a60	10fb	10000	7ffc7e35d2a0	2aad	5cd68c3797b0	5cd68c38ed20	5cd6845d0570	13a0000	13a0000	10000	2d5
7.164288	7600e	1bb	4c22	8	18e29f	5cd6893c5a60	32	10000	7ffc7e35d2a0	2aad	5cd68c3797b0	5cd68c38ed20	5cd688e10570	190000	190000	10000	3d6b
7.177366	75fed	f1e7	4c22	f	6887fc	5cd6893c5a60	c46	10000	7ffc7e35d2a0	2aad	5cd68c3797b0	5cd68c38ed20	5cd687a10570	690000	690000	10000	5647
7.185503	75f99	1dee7	4c22	10	9ad543	5cd6893c5a60	1667	10000	7ffc7e35d2a0	2aad	5cd68c3797b0	5cd68c38ed20	5cd686dd0570	9a0000	9a0000	10000	2b0c
7.194261	76001	2573f	4c22	11	d4c34c	5cd6893c5a60	1b79	10000	7ffc7e35d2a0	2aad	5cd68c3797b0	5cd68c38ed20	5cd685f90570	d30000	d30000	10000	144a
7.202350	7600e	c7	4c22	7	105affa	5cd6893c5a60	18	10000	7ffc7e35d2a0	2aad	5cd68c3797b0	5cd68c38ed20	5cd6852d0570	1060000	1060000	10000	4a9
7.209926	75fed	14a1d	4c22	10	1369a3c	5cd6893c5a60	102f	10000	7ffc7e35d2a0	2aad	5cd68c3797b0	5cd68c38ed20	5cd684690570	1370000	1370000	10000	335d
7.215930	7600e	5aef	4c22	e	15c37e1	5cd6893c5a60	4fe	10000	7ffc7e35d2a0	2aad	5cd68c3797b0	5cd68c38ed20	5cd683d10570	15d0000	15d0000	10000	2431
7.226891	75fed	27043	4c22	11	317f66	5cd6893c5a60	1c7a	10000	7ffc7e35d2a0	2aad	5cd68c3797b0	5cd68c38ed20	5cd6887d0570	320000	320000	10000	2eb4
7.235032	75fed	21b5f	4c22	11	65ac85	5cd6893c5a60	1909	10000	7ffc7e35d2a0	2aad	5cd68c3797b0	5cd68c38ed20	5cd687ad0570	660000	660000	10000	2ce0
7.241769	75fed	1b9d7	4c22	10	8ff76a	5cd6893c5a60	14d9	10000	7ffc7e35d2a0	2aad	5cd68c3797b0	5cd68c38ed20	5cd687050570	900000	900000	10000	54e8
7.252255	75fed	c5	4c22	7	d2a88d	5cd6893c5a60	17	10000	7ffc7e35d2a0	2aad	5cd68c3797b0	5cd68c38ed20	5cd685f90570	d30000	d30000	10000	144a
7.260797	75fe9	20a1	4c22	d	1080eea	5cd6893c5a60	1f4	10000	7ffc7e35d2a0	2aad	5cd68c3797b0	5cd68c38ed20	5cd685210570	1090000	1090000	10000	2e10
7.269323	75fed	9ad	4c22	b	13c247e	5cd6893c5a60	c1	10000	7ffc7e35d2a0	2aad	5cd68c3797b0	5cd68c38ed20	5cd684510570	13d0000	13d0000	10000	2c3c
7.280484	75fed	2d871	4c22	11	b2e56	5cd6893c5a60	20cd	10000	7ffc7e35d2a0	2aad	5cd68c3797b0	5cd68c38ed20	5cd689150570	c0000	c0000	10000	3de0
7.287886	75fad	5cd6893e5a90	4c22	c	3801c5	5cd6893c5a60	197	10000	7ffc7e35d2a0	2aad	5cd68c3797b0	5cd68c38ed20	5cd688650570	380000	380000	10000	2793
7.297487	75fed	1d12f	4c22	10	739393	5cd6893c5a60	15d0	10000	7ffc7e35d2a0	2aad	5cd68c3797b0	5cd68c38ed20	5cd687750570	740000	740000	10000	3a38
7.306853	75fed	6f53	4c22	e	af09cf	5cd6893c5a60	5ff	10000	7ffc7e35d2a0	2aad	5cd68c3797b0	5cd68c38ed20	5cd686850570	b00000	b00000	10000	4cdd
7.320338	76a16	2aad	5cd68936ac00	6773	5cd689385a40	3027b	550f	5cd68e7cf7c0	7ffc7e35d2a0	30257	2280	5cd689384240	c9452bc815867652	2aad	4	2281	15
7.333187	76060	5cd689410570	e87c	11	154d321	5cd6893c5a60	2aad	10000	7ffc7e35d2a0	2aad	5cd68c3797b0	5cd68c38ed20	5cd683f50570	1540000	e878	10000	0
7.342643	76060	5cd689410570	d074	11	1f0133	5cd6893c5a60	2aad	10000	7ffc7e35d2a0	2aad	5cd68c3797b0	5cd68c38ed20	5cd688c90570	1f0000	d070	10000	0
7.355026	75fed	1a5	4c22	8	6e41c6	5cd6893c5a60	2e	10000	7ffc7e35d2a0	2aad	5cd68c3797b0	5cd68c38ed20	5cd687890570	6f0000	6f0000	10000	4f26
7.365729	75fed	161	4c22	8	b22b45	5cd6893c5a60	29	10000	7ffc7e35d2a0	2aad	5cd68c3797b0	5cd68c38ed20	5cd686790570	b30000	b30000	10000	1c55
7.372571	7600e	5b3	4c22	a	d60080	5cd6893c5a60	80	10000	7ffc7e35d2a0	2aad	5cd68c3797b0	5cd68c38ed20	5cd685e90570	d70000	d70000	10000	4b7e
7.380087	7600e	3899	4c22	d	ff2c52	5cd6893c5a60	33d	10000	7ffc7e35d2a0	2aad	5cd68c3797b0	5cd68c38ed20	5cd685450570	1000000	1000000	10000	bca
7.388228	75fe9	3c53b	4c22	11	1305659	5cd6893c5a60	2a36	10000	7ffc7e35d2a0	2aad	5cd68c3797b0	5cd68c38ed20	5cd684810570	1310000	1310000	10000	3a7e
7.397174	75fd5	151	4c22	8	168009b	5cd6893c5a60	28	10000	7ffc7e35d2a0	2aad	5cd68c3797b0	5cd68c38ed20	5cd683a50570	1680000	1680000	10000	822
7.410432	75fed	1e9f5	4c22	10	45f5d5	5cd6893c5a60	16e4	10000	7ffc7e35d2a0	2aad	5cd68c3797b0	5cd68c38ed20	5cd6882d0570	460000	460000	10000	34eb
7.419542	1cb9fe75db8a	5cd68943d4e8	4c22	ef70	13088	5cd689414688	5cd689441600	b3de	7ffc7e35d298	5cd68943d4e8	5cd68c3797b0	5cd68c38ed20	5cd687450570	810000	810000	10000	39c3
7.434480	75fad	5cd6893e5a90	4c22	11	deef87	5cd6893c5a60	257c	10000	7ffc7e35d2a0	2aad	5cd68c3797b0	5cd68c38ed20	5cd685d10570	dd0000	dd0000	10000	445d
7.443539	76066	5cd689410570	4178	11	1175c07	5cd6893c5a60	2aad	10000	7ffc7e35d2a0	2aad	5cd68c3797b0	5cd68c38ed20	5cd684ed0570	1160000	4174	10000	0
7.450244	7bcff	5cd689361a30	1	5	4	5cd65e4ec938	7ffc7e35d168	0	7ffc7e35d160	4	1	10	c9452bc815867652	5cd68bba2ae4	0	10	5cd68bba2ad0
7.460727	75fa3	26347	4c22	11	cba6c	5cd6893c5a60	1bf9	10000	7ffc7e35d2a0	2aad	5cd68c3797b0	5cd68c38ed20	5cd689150570	c0000	c0000	10000	3de0
7.467889	1cb9fe65f6d6	ffffffffffffffa0	20	0	0	5cd689360010	79905cc1ac80	5cd689361a20	7ffc7e35d150	5cd689c67fa0	5cd689361450	5cd689382050	c9452bc815867652	79905cc1ac80	0	7ffc7e35d350	5cd689361a30
7.479871	7600e	463	4c22	a	85252a	5cd6893c5a60	64	10000	7ffc7e35d2a0	2aad	5cd68c3797b0	5cd68c38ed20	5cd6872d0570	860000	860000	10000	24d5
7.486153	75fed	24ac9	4c22	11	ae09c0	5cd6893c5a60	1afa	10000	7ffc7e35d2a0	2aad	5cd68c3797b0	5cd68c38ed20	5cd686890570	af0000	af0000	10000	3f10
7.499455	7600e	1556f	4c22	10	1036480	5cd6893c5a60	109f	10000	7ffc7e35d2a0	2aad	5cd68c3797b0	5cd68c38ed20	5cd685350570	1040000	1040000	10000	42fe
7.509368	7600e	1666d	4c22	10	142b046	5cd6893c5a60	1163	10000	7ffc7e35d2a0	2aad	5cd68c3797b0	5cd68c38ed20	5cd684390570	1430000	1430000	10000	251b
7.517102	75fed	305	4c22	9	17584	5cd6893c5a60	4c	10000	7ffc7e35d2a0	2aad	5cd68c3797b0	5cd68c38ed20	5cd6893d0570	20000	20000	10000	dcd
7.522566	76011	24b	4c22	9	2400d2	5cd6893c5a60	3d	10000	7ffc7e35d2a0	2aad	5cd68c3797b0	5cd68c38ed20	5cd688b50570	240000	240000	10000	215c
7.533585	7600e	2303	4c22	d	61abde	5cd6893c5a60	213	10000	7ffc7e35d2a0	2aad	5cd68c3797b0	5cd68c38ed20	5cd687bd0570	620000	620000	10000	4f9b
7.542084	7604c	2a0c	2a08	11	986fa8	5cd6893c5a60	2aad	10000	7ffc7e35d2a0	2aad	5cd68c3797b0	5cd68c38ed20	5cd686ed0570	960000	2a04	10000	0
7.551761	7600e	2b3	4c22	9	d3156b	5cd6893c5a60	47	10000	7ffc7e35d2a0	2aad	5cd68c3797b0	5cd68c38ed20	5cd685f50570	d40000	d40000	10000	2217
7.558107	75f99	34eb9	4c22	11	fc6225	5cd6893c5a60	2559	10000	7ffc7e35d2a0	2aad	5cd68c3797b0	5cd68c38ed20	5cd685550570	fc0000	fc0000	10000	2e85
7.568789	7600e	1e49	4c22	c	13b1617	5cd6893c5a60	1d5	10000	7ffc7e35d2a0	2aad	5cd68c3797b0	5cd68c38ed20	5cd684550570	13c0000	13c0000	10000	1e6f
7.581165	7600e	7c07	4c22	e	1787f4	5cd6893c5a60	6b6	10000	7ffc7e35d2a0	2aad	5cd68c3797b0	5cd68c38ed20	5cd688e50570	180000	180000	10000	2f9e
7.807766	1cb9fe75e10a	0	1	a138	5cd68eafb680	0	5cd68eafc000	7e	7ffc7e35d298	0	5cd68eafb680	5cd68a32f9b0	79905cc1ace0	5cd68b0b35b8	5cd689410570	aab4	7e
7.815618	1cb9fe75e10a	0	1	4138	5cd68eafb680	0	5cd68eb02000	7e	7ffc7e35d298	0	5cd68eafb680	5cd68a32f9b0	79905cc1ace0	5cd68b0b35b8	5cd689410570	aab4	7e
7.824588	7c0bf	5cd68eafd5f0	724	5cd68d523ff8	1	5cd68eafca20	1f	3e	7ffc7e35d170	5cd68dae9ec0	5cd6893640e0	5cd68d523ff0	c9452bc815867652	7ffc7e35d188	3e	22a4	5cd65e4ecb30
7.838754	7600e	4e1d	4c22	e	e91db2	5cd6893c5a60	45c	10000	7ffc7e35d2a0	2aad	5cd68c3797b0	5cd68c38ed20	5cd6859d0570	ea0000	ea0000	10000	43e8
7.853730	75fed	a7	4c22	7	143e4a3	5cd6893c5a60	13	10000	7ffc7e35d2a0	2aad	5cd68c3797b0	5cd68c38ed20	5cd684350570	1440000	1440000	10000	32e8
7.859323	76001	1daeb	4c22	10	1689fae	5cd6893c5a60	163f	10000	7ffc7e35d2a0	2aad	5cd68c3797b0	5cd68c38ed20	5cd683a90570	1670000	1670000	10000	5444
7.870352	75fed	7ea7	4c22	e	330dd3	5cd6893c5a60	6db	10000	7ffc7e35d2a0	2aad	5cd68c3797b0	5cd68c38ed20	5cd688750570	340000	340000	10000	4a4e
7.880721	76073	5cd689410570	2888	11	74fe34	5cd6893c5a60	2aad	10000	7ffc7e35d2a0	2aad	5cd68c3797b0	5cd68c38ed20	5cd687790570	730000	2884	10000	0
7.887286	7d1d8	5cd689361450	3f5	7ffc7e35d220	2	5cd6893613c0	10	2	7ffc7e35d0e0	b89	5cd68dae9ec0	5cd689361450	0	5cd68d523ff0	0	2	2
7.894685	75fed	3f41	4c22	d	c35608	5cd6893c5a60	398	10000	7ffc7e35d2a0	2aad	5cd68c3797b0	5cd68c38ed20	5cd686350570	c40000	c40000	10000	5314
7.904683	76011	1b37	4c22	c	100f077	5cd6893c5a60	1ad	10000	7ffc7e35d2a0	2aad	5cd68c3797b0	5cd68c38ed20	5cd685410570	1010000	1010000	10000	1997
7.912521	7600e	2f749	4c22	11	133250b	5cd6893c5a60	2212	10000	7ffc7e35d2a0	2aad	5cd68c3797b0	5cd68c38ed20	5cd684750570	1340000	1340000	10000	9f6
7.923652	7600e	402b	4c22	e	8198b	5cd6893c5a60	3a3	10000	7ffc7e35d2a0	2aad	5cd68c3797b0	5cd68c38ed20	5cd689210570	90000	90000	10000	1479
7.937377	7600e	977f	4c22	f	5f2c35	5cd6893c5a60	802	10000	7ffc7e35d2a0	2aad	5cd68c3797b0	5cd68c38ed20	5cd687c50570	600000	600000	10000	3401
7.947437	75fed	1f579	4c22	10	9ce994	5cd6893c5a60	1760	10000	7ffc7e35d2a0	2aad	5cd68c3797b0	5cd68c38ed20	5cd686d10570	9d0000	9d0000	10000	5473
7.960780	75fed	89	4c22	7	ec1415	5cd6893c5a60	10	10000	7ffc7e35d2a0	2aad	5cd68c3797b0	5cd68c38ed20	5cd685910570	ed0000	ed0000	10000	1360
7.969126	75fed	2ef	4c22	9	11d180a	5cd6893c5a60	4b	10000	7ffc7e35d2a0	2aad	5cd68c3797b0	5cd68c38ed20	5cd684cd0570	11e0000	11e0000	10000	4214
7.979210	75fed	372bf	4c22	11	1556095	5cd6893c5a60	26e2	10000	7ffc7e35d2a0	2aad	5cd68c3797b0	5cd68c38ed20	5cd683ed0570	1560000	1560000	10000	1d85
7.991358	76b20	5cd68ed12f60	40	1882	5cd3403aac91	5cd689360010	7	5cd68ec72340	7ffc7e35d2a0	5cd689361b60	5cd68eb5bf00	5cd689382050	c9452bc815867652	40	1	5cd68ecf3b40	12
8.006448	7600e	2330b	4c22	11	920786	5cd6893c5a60	1a11	10000	7ffc7e35d2a0	2aad	5cd68c3797b0	5cd68c38ed20	5cd686f90570	930000	930000	10000	2460
8.012846	7600e	1b7	4c22	8	ba807b	5cd6893c5a60	31	10000	7ffc7e35d2a0	2aad	5cd68c3797b0	5cd68c38ed20	5cd686590570	bb0000	bb0000	10000	30ce
8.021819	1cb9fe6621ec	5cd689381580	ffffffffffffffa0	5	5cd689360010	5cd689381390	12	2c	7ffc7e35d220	5cd689382380	5cd689382380	5cd689361a30	c9452bc815867652	2	57	b	2c
8.033978	75fed	1bd9d	4c22	10	142e8d0	5cd6893c5a60	14ff	10000	7ffc7e35d2a0	2aad	5cd68c3797b0	5cd68c38ed20	5cd684390570	1430000	1430000	10000	251b
8.046952	7600e	49df	4c22	e	209a19	5cd6893c5a60	428	10000	7ffc7e35d2a0	2aad	5cd68c3797b0	5cd68c38ed20	5cd688c10570	210000	210000	10000	51e4
8.056997	7600a	89	4c22	7	608fb6	5cd6893c5a60	10	10000	7ffc7e35d2a0	2aad	5cd68c3797b0	5cd68c38ed20	5cd687c10570	610000	610000	10000	41ce
8.064025	75fe9	26a23	4c22	11	8c0b2d	5cd6893c5a60	1c39	10000	7ffc7e35d2a0	2aad	5cd68c3797b0	5cd68c38ed20	5cd687110570	8d0000	8d0000	10000	2b81
8.070367	75fed	4e1	4c22	a	b12625	5cd6893c5a60	6e	10000	7ffc7e35d2a0	2aad	5cd68c3797b0	5cd68c38ed20	5cd6867d0570	b20000	b20000	10000	e88
8.076048	769f0	5cd6893e5a90	5cd68936ac00	15a0b	d25a	0	0	5cd68edb26d0	7ffc7e35d2a0	1b4fd	14ae	5cd689c67fa0	c9452bc815867652	2aad	16	14af	26
8.087527	75fed	772d	4c22	e	11202f7	5cd6893c5a60	66e	10000	7ffc7e35d2a0	2aad	5cd68c3797b0	5cd68c38ed20	5cd684f90570	1130000	1130000	10000	434
8.093408	75fed	2b	4c22	5	1366548	5cd6893c5a60	7	10000	7ffc7e35d2a0	2aad	5cd68c3797b0	5cd68c38ed20	5cd684690570	1370000	1370000	10000	335d
8.107060	7600e	8759	4c22	f	10680d	5cd6893c5a60	744	10000	7ffc7e35d2a0	2aad	5cd68c3797b0	5cd68c38ed20	5cd689010570	110000	110000	10000	28f2
8.114378	75fed	de77	4c22	f	3ea1e3	5cd6893c5a60	b61	10000	7ffc7e35d2a0	2aad	5cd68c3797b0	5cd68c38ed20	5cd688490570	3f0000	3f0000	10000	2e3f
8.125375	7604c	2c	28	11	855c4a	5cd6893c5a60	2aad	10000	7ffc7e35d2a0	2aad	5cd68c3797b0	5cd68c38ed20	5cd687350570	840000	24	10000	0
8.134403	1cb9fe75db8a	5cd689410688	59ef	352c	166a4	5cd68c3b7408	5cd689423800	46	7ffc7e35d298	5cd689410688	5cd68c3797b0	5cd68c38ed20	5cd686510570	be0000	be0000	10000	46
8.143910	7600e	25	4c22	5	f7c74f	5cd6893c5a60	6	10000	7ffc7e35d2a0	2aad	5cd68c3797b0	5cd68c38ed20	5cd685650570	f80000	f80000	10000	5140
8.156049	75fa8	5cd6893e5a90	4c22	11	143bfcf	5cd6893c5a60	1fe3	10000	7ffc7e35d2a0	2aad	5cd68c3797b0	5cd68c38ed20	5cd684410570	1410000	1410000	10000	981
8.166023	7cfe7	5cd689382380	8bd	5cd689382370	18	5cd689382380	2	2	7ffc7e35d0e0	5cd689360010	5cd689382380	5cd68eb5bf00	0	5cd68d523ff0	2	10	8
8.173945	75fed	3d	4c22	5	39abaa	5cd6893c5a60	9	10000	7ffc7e35d2a0	2aad	5cd68c3797b0	5cd68c38ed20	5cd6885d0570	3a0000	3a0000	10000	432d
8.188922	7600e	a31	4c22	b	92e649	5cd6893c5a60	c4	10000	7ffc7e35d2a0	2aad	5cd68c3797b0	5cd68c38ed20	5cd686f90570	930000	930000	10000	2460
8.201191	75fed	4f	4c22	6	da4e8a	5cd6893c5a60	d	10000	7ffc7e35d2a0	2aad	5cd68c3797b0	5cd68c38ed20	5cd685d90570	db0000	db0000	10000	28c3
8.212471	75fed	47	4c22	6	118b35b	5cd6893c5a60	b	10000	7ffc7e35d2a0	2aad	5cd68c3797b0	5cd68c38ed20	5cd684e10570	1190000	1190000	10000	5702
8.224825	7600e	1b7	4c22	8	167d4a2	5cd6893c5a60	31	10000	7ffc7e35d2a0	2aad	5cd68c3797b0	5cd68c38ed20	5cd683a50570	1680000	1680000	10000	822
8.239912	76073	5cd689410570	47b8	11	4ee873	5cd6893c5a60	2aad	10000	7ffc7e35d2a0	2aad	5cd68c3797b0	5cd68c38ed20	5cd688150570	4c0000	47b4	10000	0
8.252786	75fed	3bf5	4c22	d	99c45f	5cd6893c5a60	36d	10000	7ffc7e35d2a0	2aad	5cd68c3797b0	5cd68c38ed20	5cd686dd0570	9a0000	9a0000	10000	2b0c
8.258199	7600e	28615	4c22	11	b74a06	5cd6893c5a60	1d5e	10000	7ffc7e35d2a0	2aad	5cd68c3797b0	5cd68c38ed20	5cd686650570	b80000	b80000	10000	767
8.272339	75fed	101	4c22	8	10f0ee1	5cd6893c5a60	1e	10000	7ffc7e35d2a0	2aad	5cd68c3797b0	5cd68c38ed20	5cd685050570	1100000	1100000	10000	34bc
8.277695	7600e	89	4c22	7	12a3917	5cd6893c5a60	10	10000	7ffc7e35d2a0	2aad	5cd68c3797b0	5cd68c38ed20	5cd684990570	12b0000	12b0000	10000	419f
8.289179	7600e	2b	4c22	5	16855bc	5cd6893c5a60	7	10000	7ffc7e35d2a0	2aad	5cd68c3797b0	5cd68c38ed20	5cd683a10570	1690000	1690000	10000	15ef
8.297030	76073	5cd689410570	a4e0	11	236878	5cd6893c5a60	2aad	10000	7ffc7e35d2a0	2aad	5cd68c3797b0	5cd68c38ed20	5cd688bd0570	220000	a4dc	10000	0
8.311754	75ff0	3d1	4c22	9	738960	5cd6893c5a60	57	10000	7ffc7e35d2a0	2aad	5cd68c3797b0	5cd68c38ed20	5cd687750570	740000	740000	10000	3a38
8.319169	7600e	115	4c22	8	9d9bde	5cd6893c5a60	21	10000	7ffc7e35d2a0	2aad	5cd68c3797b0	5cd68c38ed20	5cd686cd0570	9e0000	9e0000	10000	851
8.324548	769d6	f23	5cd68936ac00	5cd6893fb000	7f81	0	0	5cd68f0efd80	7ffc7e35d2a0	13153	f22	5cd68eb5bf00	c9452bc815867652	2aad	26	f23	36
8.334612	7600e	2ef	4c22	9	fb356a	5cd6893c5a60	4b	10000	7ffc7e35d2a0	2aad	5cd68c3797b0	5cd68c38ed20	5cd685550570	fc0000	fc0000	10000	2e85
8.345083	75fed	2e7	4c22	9	14076e1	5cd6893c5a60	4a	10000	7ffc7e35d2a0	2aad	5cd68c3797b0	5cd68c38ed20	5cd684410570	1410000	1410000	10000	981
8.357943	1cb9fe661870	0	79905cc1ac80	aac1	acd1	5cd68f18e330	3	aab4	7ffc7e35d190	0	5cd68f183880	5cd6893812f0	79905cc1ace0	ffffffffffffffa0	aac0	5cd689360010	aaa
8.371574	76066	5cd689410570	e27c	11	77bffc	5cd6893c5a60	2aad	10000	7ffc7e35d2a0	2aad	5cd68c3797b0	5cd68c38ed20	5cd687690570	770000	e278	10000	0
8.378095	75fed	2d941	4c22	11	9f6ec5	5cd6893c5a60	20d6	10000	7ffc7e35d2a0	2aad	5cd68c3797b0	5cd68c38ed20	5cd686c50570	a00000	a00000	10000	23eb
8.384760	76001	17c15	4c22	10	c907d8	5cd6893c5a60	124a	10000	7ffc7e35d2a0	2aad	5cd68c3797b0	5cd68c38ed20	5cd686250570	c80000	c80000	10000	3059
8.395140	7600e	27b29	4c22	11	f92373	5cd6893c5a60	1cee	10000	7ffc7e35d2a0	2aad	5cd68c3797b0	5cd68c38ed20	5cd6855d0570	fa0000	fa0000	10000	12eb
8.409763	76055	f1ec	f1e8	11	158ca7d	5cd6893c5a60	2aad	10000	7ffc7e35d2a0	2aad	5cd68c3797b0	5cd68c38ed20	5cd683ed0570	1560000	f1e4	10000	0
8.419933	7600e	25	4c22	5	220628	5cd6893c5a60	6	10000	7ffc7e35d2a0	2aad	5cd68c3797b0	5cd68c38ed20	5cd688b90570	230000	230000	10000	138f
8.433305	7600e	37e25	4c22	11	6d6379	5cd6893c5a60	275e	10000	7ffc7e35d2a0	2aad	5cd68c3797b0	5cd68c38ed20	5cd6878d0570	6e0000	6e0000	10000	4159
8.440072	7600e	3d	4c22	5	9119f8	5cd6893c5a60	9	10000	7ffc7e35d2a0	2aad	5cd68c3797b0	5cd68c38ed20	5cd686fd0570	920000	920000	10000	1693
8.453946	75fad	5cd6893e5a90	4c22	e	d75fa5	5cd6893c5a60	5f1	10000	7ffc7e35d2a0	2aad	5cd68c3797b0	5cd68c38ed20	5cd685e90570	d70000	d70000	10000	4b7e
8.462784	75fed	6fb	4c22	a	f7a6f9	5cd6893c5a60	98	10000	7ffc7e35d2a0	2aad	5cd68c3797b0	5cd68c38ed20	5cd685650570	f80000	f80000	10000	5140
8.468448	75fe9	248e3	4c22	11	110d703	5cd6893c5a60	1aeb	10000	7ffc7e35d2a0	2aad	5cd68c3797b0	5cd68c38ed20	5cd685010570	1110000	1110000	10000	4289
8.474400	7600e	2a5e7	4c22	11	1324f3d	5cd6893c5a60	1ea9	10000	7ffc7e35d2a0	2aad	5cd68c3797b0	5cd68c38ed20	5cd684790570	1330000	1330000	10000	5618
8.481340	75fe9	13ed	4c22	c	15ac468	5cd6893c5a60	148	10000	7ffc7e35d2a0	2aad	5cd68c3797b0	5cd68c38ed20	5cd683d90570	15b0000	15b0000	10000	897
8.486703	7600e	32563	4c22	11	35a9b	5cd6893c5a60	23c8	10000	7ffc7e35d2a0	2aad	5cd68c3797b0	5cd68c38ed20	5cd689350570	40000	40000	10000	2967
8.499063	75fed	f1	4c22	7	4ce9d6	5cd6893c5a60	1c	10000	7ffc7e35d2a0	2aad	5cd68c3797b0	5cd68c38ed20	5cd688110570	4d0000	4d0000	10000	3b97
8.512953	75fd8	164f	4c22	c	9e14f5	5cd6893c5a60	168	10000	7ffc7e35d2a0	2aad	5cd68c3797b0	5cd68c38ed20	5cd686cd0570	9e0000	9e0000	10000	851
8.525380	76066	5cd689410570	7b58	11	ecf05c	5cd6893c5a60	2aad	10000	7ffc7e35d2a0	2aad	5cd68c3797b0	5cd68c38ed20	5cd6859d0570	ea0000	7b54	10000	0
8.535597	76073	5cd689410570	c128	11	1262719	5cd6893c5a60	2aad	10000	7ffc7e35d2a0	2aad	5cd68c3797b0	5cd68c38ed20	5cd684b90570	1230000	c124	10000	0
8.547030	75f99	239	4c22	9	16c01bc	5cd6893c5a60	3b	10000	7ffc7e35d2a0	2aad	5cd68c3797b0	5cd68c38ed20	5cd683950570	16c0000	16c0000	10000	3f56
8.561304	7600e	8b	4c22	7	4219bf	5cd6893c5a60	11	10000	7ffc7e35d2a0	2aad	5cd689410530	5cd689425aa0	5cd688350520	430000	430000	10000	b84
8.574204	7600e	17b	4c22	8	91dd4a	5cd6893c5a60	2b	10000	7ffc7e35d2a0	2aad	5cd689410530	5cd689425aa0	5cd686f90520	920000	920000	10000	1693
8.582275	7606f	5cd6893d0520	fb18	11	bf791d	5cd6893c5a60	2aad	10000	7ffc7e35d2a0	2aad	5cd689410530	5cd689425aa0	5cd686450520	bf0000	fb14	10000	0
8.588961	7600e	9f8f	4c22	f	e8ba6d	5cd6893c5a60	861	10000	7ffc7e35d2a0	2aad	5cd689410530	5cd689425aa0	5cd6859d0520	e90000	e90000	10000	361b
8.603796	75fed	1ead	4c22	c	1452bff	5cd6893c5a60	1d9	10000	7ffc7e35d2a0	2aad	5cd689410530	5cd689425aa0	5cd684290520	1460000	1460000	10000	4e82
8.614301	7600e	5cbf	4c22	e	15f691	5cd6893c5a60	512	10000	7ffc7e35d2a0	2aad	5cd689410530	5cd689425aa0	5cd688e90520	160000	160000	10000	1404
8.623577	75fa3	2adf1	4c22	11	51fde7	5cd6893c5a60	1ef4	10000	7ffc7e35d2a0	2aad	5cd689410530	5cd689425aa0	5cd687fd0520	510000	510000	10000	18dc
8.636897	7600e	c5a7	4c22	f	a38c52	5cd6893c5a60	a34	10000	7ffc7e35d2a0	2aad	5cd689410530	5cd689425aa0	5cd686b10520	a40000	a40000	10000	130
8.642331	75fed	c4c9	4c22	f	c35cd8	5cd6893c5a60	a27	10000	7ffc7e35d2a0	2aad	5cd689410530	5cd689425aa0	5cd686310520	c40000	c40000	10000	5314
8.650552	7600e	43	4c22	6	f797e1	5cd6893c5a60	a	10000	7ffc7e35d2a0	2aad	5cd689410530	5cd689425aa0	5cd685610520	f80000	f80000	10000	5140
8.661483	7600e	a3	4c22	7	1363a79	5cd6893c5a60	12	10000	7ffc7e35d2a0	2aad	5cd689410530	5cd689425aa0	5cd684650520	1370000	1370000	10000	335d
8.674057	75fed	36077	4c22	11	e3319	5cd6893c5a60	261f	10000	7ffc7e35d2a0	2aad	5cd689410530	5cd689425aa0	5cd689050520	f0000	f0000	10000	d58
8.686432	75fed	a7	4c22	7	5ce55b	5cd6893c5a60	13	10000	7ffc7e35d2a0	2aad	5cd689410530	5cd689425aa0	5cd687cd0520	5d0000	5d0000	10000	a9a
8.693632	7600e	32d3d	4c22	11	8881e3	5cd6893c5a60	2422	10000	7ffc7e35d2a0	2aad	5cd689410530	5cd689425aa0	5cd6871d0520	890000	890000	10000	4e3c
8.699553	7600e	b3	4c22	7	afec2c	5cd6893c5a60	14	10000	7ffc7e35d2a0	2aad	5cd689410530	5cd689425aa0	5cd686810520	b00000	b00000	10000	4cdd
8.709331	7600e	28c7f	4c22	11	ec2256	5cd6893c5a60	1da8	10000	7ffc7e35d2a0	2aad	5cd689410530	5cd689425aa0	5cd6858d0520	ed0000	ed0000	10000	1360
8.717803	75f95	11f39	4c22	10	122e0e2	5cd6893c5a60	e39	10000	7ffc7e35d2a0	2aad	5cd689410530	5cd689425aa0	5cd684b90520	1220000	1220000	10000	1f59
8.727236	75fed	1ccd5	4c22	10	15c802d	5cd6893c5a60	15a3	10000	7ffc7e35d2a0	2aad	5cd689410530	5cd689425aa0	5cd683cd0520	15d0000	15d0000	10000	2431
8.742015	75faf	5cd68c38ed20	4c22	e	4713a1	5cd6893c5a60	4fb	10000	7ffc7e35d2a0	2aad	5cd689410530	5cd689425aa0	5cd688250520	470000	470000	10000	42b8
8.748706	7600e	b3	4c22	7	70955c	5cd6893c5a60	14	10000	7ffc7e35d2a0	2aad	5cd689410530	5cd689425aa0	5cd6877d0520	710000	710000	10000	10d1
8.763522	76a38	2aad	5cd68936ac00	2d4f1	2f00b	3b1fd	0	5cd68f62ac80	7ffc7e35d2a0	3b1fd	296f	5cd689382380	c9452bc815867652	2aad	3	2970	14
8.774032	75f9c	13ed	4c22	c	ff09ec	5cd6893c5a60	149	10000	7ffc7e35d2a0	2aad	5cd689410530	5cd689425aa0	5cd685450520	ff0000	ff0000	10000	57ec
8.784333	75fed	293	4c22	9	13e2d8f	5cd6893c5a60	44	10000	7ffc7e35d2a0	2aad	5cd689410530	5cd689425aa0	5cd684450520	13f0000	13f0000	10000	47d6
8.791502	76073	5cd6893d0520	f020	11	16e4751	5cd6893c5a60	2aad	10000	7ffc7e35d2a0	2aad	5cd689410530	5cd689425aa0	5cd683950520	16b0000	f01c	10000	0
8.798988	7600e	91d	4c22	b	273e3b	5cd6893c5a60	b3	10000	7ffc7e35d2a0	2aad	5cd689410530	5cd689425aa0	5cd688a10520	280000	280000	10000	5890
8.807987	75fed	7f	4c22	6	61a380	5cd6893c5a60	f	10000	7ffc7e35d2a0	2aad	5cd689410530	5cd689425aa0	5cd687b90520	620000	620000	10000	4f9b
8.813280	76073	5cd6893d0520	730	11	824473	5cd6893c5a60	2aad	10000	7ffc7e35d2a0	2aad	5cd689410530	5cd689425aa0	5cd6873d0520	810000	72c	10000	0
8.825403	75fed	32e09	4c22	11	ca2ded	5cd6893c5a60	242c	10000	7ffc7e35d2a0	2aad	5cd689410530	5cd689425aa0	5cd686150520	cb0000	cb0000	10000	59c0
8.836785	76060	5cd6893d0520	4e78	11	10b949f	5cd6893c5a60	2aad	10000	7ffc7e35d2a0	2aad	5cd689410530	5cd689425aa0	5cd6851d0520	1090000	4e74	10000	0
8.844658	7600e	1ba07	4c22	10	136c7cd	5cd6893c5a60	14db	10000	7ffc7e35d2a0	2aad	5cd689410530	5cd689425aa0	5cd684650520	1370000	1370000	10000	335d
8.849839	7600e	1475	4c22	c	1585fa3	5cd6893c5a60	14e	10000	7ffc7e35d2a0	2aad	5cd689410530	5cd689425aa0	5cd683dd0520	1590000	1590000	10000	46ec
8.860799	75fed	179f	4c22	c	2aecf1	5cd6893c5a60	177	10000	7ffc7e35d2a0	2aad	5cd689410530	5cd689425aa0	5cd688950520	2b0000	2b0000	10000	2808
8.874406	75fed	2051	4c22	d	819f4a	5cd6893c5a60	1ef	10000	7ffc7e35d2a0	2aad	5cd689410530	5cd689425aa0	5cd687390520	820000	820000	10000	4790
8.887554	7600e	2362d	4c22	11	c546ab	5cd6893c5a60	1a30	10000	7ffc7e35d2a0	2aad	5cd689410530	5cd689425aa0	5cd686290520	c60000	c60000	10000	14bf
8.900433	769a1	2aad	5cd68936ac00	5cd68c3a4290	1bbcf	0	0	5cd68f770520	7ffc7e35d2a0	1fc49	17ae	5cd68eb5bf00	c9452bc815867652	2aad	2	17af	12
8.911813	75fb7	2aad	4c22	f	15a5ee2	5cd6893c5a60	abd	10000	7ffc7e35d2a0	2aad	5cd689410530	5cd689425aa0	5cd683d90520	15a0000	15a0000	10000	54b9
8.917762	75fed	43	4c22	6	a7098	5cd6893c5a60	a	10000	7ffc7e35d2a0	2aad	5cd689410530	5cd689425aa0	5cd689150520	b0000	b0000	10000	3013
8.927037	75fed	8b	4c22	7	4211a2	5cd6893c5a60	11	10000	7ffc7e35d2a0	2aad	5cd689410530	5cd689425aa0	5cd688350520	430000	430000	10000	b84
8.936832	76055	2354	2350	11	7f95e6	5cd6893c5a60	2aad	10000	7ffc7e35d2a0	2aad	5cd689410530	5cd689425aa0	5cd6874d0520	7d0000	234c	10000	0
8.948171	75fed	233	4c22	9	be0626	5cd6893c5a60	3a	10000	7ffc7e35d2a0	2aad	5cd689410530	5cd689425aa0	5cd686450520	bf0000	bf0000	10000	e13
8.957356	76073	5cd6893d0520	ab8c	11	f5d3d3	5cd6893c5a60	2aad	10000	7ffc7e35d2a0	2aad	5cd689410530	5cd689425aa0	5cd685750520	f30000	ab88	10000	0
8.972329	7600e	217bb	4c22	11	14c04be	5cd6893c5a60	18e0	10000	7ffc7e35d2a0	2aad	5cd689410530	5cd689425aa0	5cd6840d0520	14d0000	14d0000	10000	552e
8.978321	7560c	79b	f755	f755	2711	8416	c7c	dede	7ffc7e35d2a0	f755	0	0	c87b184e7a3eb5a2	c7c	80000000000023fc	d16c065faf7b4284	2aad
8.985979	75fed	1d13b	4c22	10	2ac05f	5cd6893c5a60	15d1	10000	7ffc7e35d2a0	2aad	5cd689410530	5cd689425aa0	5cd688950520	2b0000	2b0000	10000	2808
8.992436	75fed	935	4c22	b	535967	5cd6893c5a60	b8	10000	7ffc7e35d2a0	2aad	5cd689410530	5cd689425aa0	5cd687f10520	540000	540000	10000	4243
9.001645	75fed	13d	4c22	8	8a3d6f	5cd6893c5a60	26	10000	7ffc7e35d2a0	2aad	5cd689410530	5cd689425aa0	5cd687150520	8b0000	8b0000	10000	fe7
9.013369	7600e	163db	4c22	10	d6d097	5cd6893c5a60	114a	10000	7ffc7e35d2a0	2aad	5cd689410530	5cd689425aa0	5cd685e50520	d70000	d70000	10000	4b7e
9.022292	75fed	909d	4c22	f	10ccd54	5cd6893c5a60	7b7	10000	7ffc7e35d2a0	2aad	5cd689410530	5cd689425aa0	5cd6850d0520	10d0000	10d0000	10000	b55
9.036659	75fe9	4c7	4c22	a	16499dd	5cd6893c5a60	6b	10000	7ffc7e35d2a0	2aad	5cd689410530	5cd689425aa0	5cd683ad0520	1650000	1650000	10000	38aa
9.051550	76011	1b1	4c22	8	4eb38c	5cd6893c5a60	30	10000	7ffc7e35d2a0	2aad	5cd689410530	5cd689425aa0	5cd688050520	4f0000	4f0000	10000	5731
9.062321	76001	b01b	4c22	f	926d33	5cd6893c5a60	92b	10000	7ffc7e35d2a0	2aad	5cd689410530	5cd689425aa0	5cd686f90520	920000	920000	10000	1693
9.074258	75fed	3d	4c22	5	db9ef2	5cd6893c5a60	9	10000	7ffc7e35d2a0	2aad	5cd689410530	5cd689425aa0	5cd685d10520	dc0000	dc0000	10000	3690
9.079529	769f0	5cd68c38ed20	5cd68936ac00	fe3	1c61	0	0	5cd68f9ee150	7ffc7e35d2a0	2903	25c	5cd689361450	c9452bc815867652	2aad	23	25d	2f
9.088748	772b6	1	0	5cd689eb6330	1	5cd689eb62d0	62	5cd68f9f01c0	7ffc7e35d2a0	5cd689c04a10	62	0	22a4	5cd689eb62b0	5	68	5cd689eb62b8
9.099011	a4f8a	31bdff2fd8c5c929	28d5d	0	3c37	ffffffffffff810c	b5f2c05241f7e51c	19a04	7ffc7e35d298	28d5d	7ef3	0	c87b184e7a3eb5a2	1dae	7fffffffffff810c	4a0d3fadbe081ae4	2aad
9.110322	7600e	4f	4c22	6	469ba3	5cd6893c5a60	d	10000	7ffc7e35d2a0	2aad	5cd689410530	5cd689425aa0	5cd688250520	470000	470000	10000	42b8
9.123534	76001	23fc5	4c22	11	977d91	5cd6893c5a60	1a94	10000	7ffc7e35d2a0	2aad	5cd689410530	5cd689425aa0	5cd686e50520	970000	970000	10000	1a5
9.131136	75ff0	6bb	4c22	a	c4ee8c	5cd6893c5a60	92	10000	7ffc7e35d2a0	2aad	5cd689410530	5cd689425aa0	5cd6862d0520	c50000	c50000	10000	6f2
9.145804	7600e	b5	4c22	7	122e4d4	5cd6893c5a60	15	10000	7ffc7e35d2a0	2aad	5cd689410530	5cd689425aa0	5cd684b50520	1230000	1230000	10000	2d26
9.153684	76060	5cd6893d0520	4c84	11	1574c76	5cd6893c5a60	2aad	10000	7ffc7e35d2a0	2aad	5cd689410530	5cd689425aa0	5cd683f10520	1540000	4c80	10000	0
9.161014	75fed	350db	4c22	11	ddd6b	5cd6893c5a60	2576	10000	7ffc7e35d2a0	2aad	5cd689410530	5cd689425aa0	5cd689090520	e0000	e0000	10000	597a
9.175259	7600e	21631	4c22	11	68679c	5cd6893c5a60	18d0	10000	7ffc7e35d2a0	2aad	5cd689410530	5cd689425aa0	5cd6879d0520	690000	690000	10000	5647
9.183516	75fed	4f	4c22	6	99b042	5cd6893c5a60	d	10000	7ffc7e35d2a0	2aad	5cd689410530	5cd689425aa0	5cd686d90520	9a0000	9a0000	10000	2b0c
9.191737	7600e	b735	4c22	f	cdcb6f	5cd6893c5a60	984	10000	7ffc7e35d2a0	2aad	5cd689410530	5cd689425aa0	5cd686090520	ce0000	ce0000	10000	2938
9.201296	76055	207c	2078	11	10a1d49	5cd6893c5a60	2aad	10000	7ffc7e35d2a0	2aad	5cd689410530	5cd689425aa0	5cd685210520	1080000	2074	10000	0
9.212822	76073	5cd6893d0520	9d9c	11	1566645	5cd6893c5a60	2aad	10000	7ffc7e35d2a0	2aad	5cd689410530	5cd689425aa0	5cd683f50520	1530000	9d98	10000	0
9.221392	76066	5cd6893d0520	f36c	5cd68aaf7f00	1808a0	5cd6893c5a60	2aad	0	7ffc7e35d2a0	2aad	5cd689410530	5cd689425aa0	5cd688e50520	170000	f368	10000	1
9.230173	75fed	4e1	4c22	a	4f5766	5cd6893c5a60	6e	10000	7ffc7e35d2a0	2aad	5cd689410530	5cd689425aa0	5cd688010520	500000	500000	10000	b0f
9.239684	7600e	49	4c22	6	8b1f9e	5cd6893c5a60	c	10000	7ffc7e35d2a0	2aad	5cd689410530	5cd689425aa0	5cd687110520	8c0000	8c0000	10000	1db4
9.250709	76077	ffff	5da4	11	cf1e30	5cd6893c5a60	2aad	10000	7ffc7e35d2a0	2aad	5cd689410530	5cd689425aa0	5cd686090520	ce0000	5da0	10000	0
9.263317	76001	2c9db	4c22	11	114ad06	5cd6893c5a60	202d	10000	7ffc7e35d2a0	2aad	5cd689410530	5cd689425aa0	5cd684f10520	1140000	1140000	10000	1201
9.272503	75fed	6139	4c22	e	14d9995	5cd6893c5a60	551	10000	7ffc7e35d2a0	2aad	5cd689410530	5cd689425aa0	5cd684090520	14e0000	14e0000	10000	90c
9.279506	75fed	1b1c9	4c22	10	93c98	5cd6893c5a60	1488	10000	7ffc7e35d2a0	2aad	5cd689410530	5cd689425aa0	5cd689190520	a0000	a0000	10000	2246
9.292376	75fed	18d9	4c22	c	4b95a8	5cd6893c5a60	189	10000	7ffc7e35d2a0	2aad	5cd689410530	5cd689425aa0	5cd688110520	4c0000	4c0000	10000	2dca
9.305886	76060	5cd6893d0520	3e48	11	a5a23a	5cd6893c5a60	2aad	10000	7ffc7e35d2a0	2aad	5cd689410530	5cd689425aa0	5cd686ad0520	a50000	3e44	10000	0
9.315797	7c18c	1	7ffc7e35d220	1	5cd68fc6f2b0	5cd68fc6edf0	1f	40	7ffc7e35d170	5cd68a75e580	5cd689361b60	5cd68d523ff0	c9452bc815867652	7ffc7e35d188	5cd68d523ff8	22a4	5cd65e4ecb30
9.323137	1cb9fe75db8a	5cd6893e6cdc	59ef	e618	167bc	5cd6893d86c4	5cd6893eee80	59ef	7ffc7e35d298	5cd6893e6cdc	5cd689410530	5cd689425aa0	5cd684f90520	1130000	1130000	10000	434
9.333270	75fe9	20f69	4c22	11	1519f83	5cd6893c5a60	1885	10000	7ffc7e35d2a0	2aad	5cd689410530	5cd689425aa0	5cd683f90520	1520000	1520000	10000	4040
9.348124	75fed	c7	4c22	7	3b80a1	5cd6893c5a60	18	10000	7ffc7e35d2a0	2aad	5cd689410530	5cd689425aa0	5cd688510520	3c0000	3c0000	10000	4d8
9.359837	75fed	3d1	4c22	9	82d374	5cd6893c5a60	57	10000	7ffc7e35d2a0	2aad	5cd689410530	5cd689425aa0	5cd687350520	830000	830000	10000	555d
9.373641	75fed	3fd	4c22	9	db04d3	5cd6893c5a60	5c	10000	7ffc7e35d2a0	2aad	5cd689410530	5cd689425aa0	5cd685d10520	dc0000	dc0000	10000	3690
9.383175	1cb9fe75e10a	0	1	5838	5cd68fd59f40	0	5cd68fd5f1c0	7e	7ffc7e35d298	0	5cd68fd59f40	5cd68a5876f0	79905cc1ace0	5cd68aaf7f08	5cd6893d0520	aab4	7e
9.392187	75fed	35	4c22	5	14b5fe8	5cd6893c5a60	8	10000	7ffc7e35d2a0	2aad	5cd689410530	5cd689425aa0	5cd684110520	14c0000	14c0000	10000	4761
9.406439	7600e	cd81	4c22	f	2ffb4c	5cd6893c5a60	a90	10000	7ffc7e35d2a0	2aad	5cd689410530	5cd689425aa0	5cd688810520	300000	300000	10000	131a
9.413713	7600e	25	4c22	5	5def09	5cd6893c5a60	6	10000	7ffc7e35d2a0	2aad	5cd689410530	5cd689425aa0	5cd687c90520	5e0000	5e0000	10000	1867
9.428204	7600e	2ef3f	4c22	11	b9243f	5cd6893c5a60	21bf	10000	7ffc7e35d2a0	2aad	5cd689410530	5cd689425aa0	5cd686590520	ba0000	ba0000	10000	2301
9.440763	76055	3460	345c	11	10dc041	5cd6893c5a60	2aad	10000	7ffc7e35d2a0	2aad	5cd689410530	5cd689425aa0	5cd685190520	10a0000	3458	10000	0
9.451745	76077	ffff	9084	11	1526857	5cd6893c5a60	2aad	10000	7ffc7e35d2a0	2aad	5cd689410530	5cd689425aa0	5cd684050520	14f0000	9080	10000	0
9.461890	1cb9fe75db8a	5cd6893fd498	4c22	1a40	13088	5cd6893e1b68	5cd68940eae0	b3de	7ffc7e35d298	5cd6893fd498	fffffffffa081020	5cd689425aa0	5cd688d10520	1d0000	1d0000	10000	1ab0
9.469916	75fed	47	4c22	6	4fe2f8	5cd6893c5a60	b	10000	7ffc7e35d2a0	2aad	5cd689410530	5cd689425aa0	5cd688010520	500000	500000	10000	b0f
9.476906	75fed	1d4cb	4c22	10	7951ec	5cd6893c5a60	15f9	10000	7ffc7e35d2a0	2aad	5cd689410530	5cd689425aa0	5cd687590520	7a0000	7a0000	10000	3317
9.486923	75fed	3a8f1	4c22	11	b62899	5cd6893c5a60	2917	10000	7ffc7e35d2a0	2aad	5cd689410530	5cd689425aa0	5cd686650520	b70000	b70000	10000	5389
9.497640	75fed	3b45	4c22	d	fbfd0a	5cd6893c5a60	362	10000	7ffc7e35d2a0	2aad	5cd689410530	5cd689425aa0	5cd685510520	fc0000	fc0000	10000	2e85
9.512196	76073	5cd6893d0520	efcc	11	148ff16	5cd6893c5a60	2aad	10000	7ffc7e35d2a0	2aad	5cd689410530	5cd689425aa0	5cd684210520	1480000	efc8	10000	0
9.523438	75fa3	1f79b	4c22	10	203ff3	5cd6893c5a60	177a	10000	7ffc7e35d2a0	2aad	5cd689410530	5cd689425aa0	5cd688c10520	200000	200000	10000	4417
9.534972	7600e	30fd1	4c22	11	6960ed	5cd6893c5a60	22ff	10000	7ffc7e35d2a0	2aad	5cd689410530	5cd689425aa0	5cd687990520	6a0000	6a0000	10000	a25
9.542304	76073	5cd6893d0520	1b78	11	9a035c	5cd6893c5a60	2aad	10000	7ffc7e35d2a0	2aad	5cd689410530	5cd689425aa0	5cd686e10520	980000	1b74	10000	0
9.550052	75fed	c61	4c22	b	c6c677	5cd6893c5a60	e6	10000	7ffc7e35d2a0	2aad	5cd689410530	5cd689425aa0	5cd686250520	c70000	c70000	10000	228c
9.559365	7600e	1f2b5	4c22	10	10164cd	5cd6893c5a60	1746	10000	7ffc7e35d2a0	2aad	5cd689410530	5cd689425aa0	5cd685390520	1020000	1020000	10000	2764
9.567768	76011	35	4c22	5	1369d23	5cd6893c5a60	8	10000	7ffc7e35d2a0	2aad	5cd689410530	5cd689425aa0	5cd684650520	1370000	1370000	10000	335d
9.574593	75fed	14b	4c22	8	160b69c	5cd6893c5a60	27	10000	7ffc7e35d2a0	2aad	5cd689410530	5cd689425aa0	5cd683bd0520	1610000	1610000	10000	176
9.584977	7600e	3c7	4c22	9	30a2e8	5cd6893c5a60	56	10000	7ffc7e35d2a0	2aad	5cd689410530	5cd689425aa0	5cd6887d0520	310000	310000	10000	20e7
9.591279	75fed	236ed	4c22	11	591d95	5cd6893c5a60	1a39	10000	7ffc7e35d2a0	2aad	5cd689410530	5cd689425aa0	5cd687d90520	5a0000	5a0000	10000	3b22
9.600023	76011	3d	4c22	5	8cddbe	5cd6893c5a60	9	10000	7ffc7e35d2a0	2aad	5cd689410530	5cd689425aa0	5cd6870d0520	8d0000	8d0000	10000	2b81
9.614438	75fed	4f	4c22	6	e4fbb4	5cd6893c5a60	d	10000	7ffc7e35d2a0	2aad	5cd689410530	5cd689425aa0	5cd685ad0520	e50000	e50000	10000	58d6
9.620157	75fed	2669	4c22	d	108c324	5cd6893c5a60	23a	10000	7ffc7e35d2a0	2aad	5cd689410530	5cd689425aa0	5cd6851d0520	1090000	1090000	10000	2e10
9.634245	75fd5	30781	4c22	11	1597cf7	5cd6893c5a60	22b8	10000	7ffc7e35d2a0	2aad	5cd689410530	5cd689425aa0	5cd683e50520	1570000	1570000	10000	2b52
9.649066	7600e	43	4c22	6	443dac	5cd6893c5a60	a	10000	7ffc7e35d2a0	2aad	5cd689410530	5cd689425aa0	5cd6882d0520	450000	450000	10000	271e
9.661043	76001	2e3c1	4c22	11	8d8fa9	5cd6893c5a60	213f	10000	7ffc7e35d2a0	2aad	5cd689410530	5cd689425aa0	5cd6870d0520	8d0000	8d0000	10000	2b81
9.670577	75fed	14b	4c22	8	c8a5dd	5cd6893c5a60	27	10000	7ffc7e35d2a0	2aad	5cd689410530	5cd689425aa0	5cd6861d0520	c90000	c90000	10000	3e26
9.678744	76001	222d7	4c22	11	f2495b	5cd6893c5a60	1964	10000	7ffc7e35d2a0	2aad	5cd689410530	5cd689425aa0	5cd685790520	f20000	f20000	10000	5861
9.691377	75fed	16d3	4c22	c	13d33ac	5cd6893c5a60	16e	10000	7ffc7e35d2a0	2aad	5cd689410530	5cd689425aa0	5cd684490520	13e0000	13e0000	10000	3a09
9.701005	75fd5	3d7	4c22	9	a01f5	5cd6893c5a60	58	10000	7ffc7e35d2a0	2aad	5cd689410530	5cd689425aa0	5cd689190520	a0000	a0000	10000	2246
9.713747	7600e	2d667	4c22	11	4bc5ff	5cd6893c5a60	20b0	10000	7ffc7e35d2a0	2aad	5cd689410530	5cd689425aa0	5cd688110520	4c0000	4c0000	10000	2dca
9.721684	75fed	47	4c22	6	7e2fca	5cd6893c5a60	b	10000	7ffc7e35d2a0	2aad	5cd689410530	5cd689425aa0	5cd687450520	7f0000	7f0000	10000	1e29
9.735230	7600a	3464f	4c22	11	d3a748	5cd6893c5a60	2502	10000	7ffc7e35d2a0	2aad	5cd689410530	5cd689425aa0	5cd685f10520	d40000	d40000	10000	2217
9.749432	75fad	5cd68c38ed20	4c22	10	12d4086	5cd6893c5a60	1089	10000	7ffc7e35d2a0	2aad	5cd689410530	5cd689425aa0	5cd6848d0520	12d0000	12d0000	10000	34a
9.756408	1cb9fe75db24	5cd6893d0520	536	5b3c	152e4	5cd68f366c40	5cd6893dfcc8	54b9	7ffc7e35d298	5cd6893d0520	fffffffffa079088	5cd689425aa0	5cd683dd0520	15a0000	15a0000	10000	54b9
9.769617	75fed	35	4c22	5	3aa218	5cd6893c5a60	8	10000	7ffc7e35d2a0	2aad	5cd689410530	5cd689425aa0	5cd688550520	3b0000	3b0000	10000	50fa
9.778677	75fed	5e45	4c22	e	76f194	5cd6893c5a60	52c	10000	7ffc7e35d2a0	2aad	5cd689410530	5cd689425aa0	5cd687650520	770000	770000	10000	9b0
9.785595	7600e	207fd	4c22	11	a2ec63	5cd6893c5a60	182d	10000	7ffc7e35d2a0	2aad	5cd689410530	5cd689425aa0	5cd686b50520	a30000	a30000	10000	4d52
9.793335	7600e	95f	4c22	b	d529c3	5cd6893c5a60	bd	10000	7ffc7e35d2a0	2aad	5cd689410530	5cd689425aa0	5cd685e90520	d60000	d60000	10000	3db1
9.804762	75fed	30a5d	4c22	11	11643a4	5cd6893c5a60	22ca	10000	7ffc7e35d2a0	2aad	5cd689410530	5cd689425aa0	5cd684e50520	1170000	1170000	10000	3b68
9.810121	75fed	7f79	4c22	e	133e778	5cd6893c5a60	6e6	10000	7ffc7e35d2a0	2aad	5cd689410530	5cd689425aa0	5cd684710520	1340000	1340000	10000	9f6
9.822519	7600e	30203	4c22	11	100c5b	5cd6893c5a60	227a	10000	7ffc7e35d2a0	2aad	5cd689410530	5cd689425aa0	5cd688fd0520	110000	110000	10000	28f2
9.831816	75ff5	26ffb	4c22	11	4697be	5cd6893c5a60	1c73	10000	7ffc7e35d2a0	2aad	5cd689410530	5cd689425aa0	5cd688290520	460000	460000	10000	34eb
9.845745	75fed	340e1	4c22	11	9d3ad4	5cd6893c5a60	24ca	10000	7ffc7e35d2a0	2aad	5cd689410530	5cd689425aa0	5cd686c90520	9e0000	9e0000	10000	851
9.859651	75fed	64f9	4c22	e	f19ff2	5cd6893c5a60	582	10000	7ffc7e35d2a0	2aad	5cd689410530	5cd689425aa0	5cd685790520	f20000	f20000	10000	5861
9.872181	7600e	43	4c22	6	13c19e8	5cd6893c5a60	a	10000	7ffc7e35d2a0	2aad	5cd689410530	5cd689425aa0	5cd6844d0520	13d0000	13d0000	10000	2c3c
9.887053	7600e	1ecaf	4c22	10	19e307	5cd6893c5a60	1705	10000	7ffc7e35d2a0	2aad	5cd689410530	5cd689425aa0	5cd688d90520	1a0000	1a0000	10000	4b38
9.892523	75fed	1aeab	4c22	10	38c477	5cd6893c5a60	146f	10000	7ffc7e35d2a0	2aad	5cd689410530	5cd689425aa0	5cd6885d0520	390000	390000	10000	3560
9.906249	75fed	1c4a7	4c22	10	8c1995	5cd6893c5a60	1550	10000	7ffc7e35d2a0	2aad	5cd689410530	5cd689425aa0	5cd6870d0520	8d0000	8d0000	10000	2b81
9.920082	75fed	2b	4c22	5	d602bf	5cd6893c5a60	7	10000	7ffc7e35d2a0	2aad	5cd689410530	5cd689425aa0	5cd685e50520	d70000	d70000	10000	4b7e
9.926538	7600e	14539	4c22	10	f9d8b7	5cd6893c5a60	ffd	10000	7ffc7e35d2a0	2aad	5cd689410530	5cd689425aa0	5cd685590520	fa0000	fa0000	10000	12eb
9.934624	1cb9fe75e10a	0	1	3388	5cd6903428d0	0	5cd69034a000	7d	7ffc7e35d298	0	5cd6903428d0	5cd68fff3650	79905cc1ace0	5cd68aaf7f08	5cd6893d0520	aab4	7d
9.949644	75f99	318e5	4c22	11	1cf141	5cd6893c5a60	234e	10000	7ffc7e35d2a0	2aad	5cd689410530	5cd689425aa0	5cd688d50520	1b0000	1b0000	10000	5905
9.958432	75fed	244d3	4c22	11	513fca	5cd6893c5a60	1ac1	10000	7ffc7e35d2a0	2aad	5cd689410530	5cd689425aa0	5cd687f90520	520000	520000	10000	26a9
9.972455	76066	5cd6893d0520	a764	11	a87138	5cd6893c5a60	2aad	10000	7ffc7e35d2a0	2aad	5cd689410530	5cd689425aa0	5cd686a10520	a80000	a760	10000	0
9.987639	75fad	5cd68c38ed20	4c22	10	f301e0	5cd6893c5a60	1111	10000	7ffc7e35d2a0	2aad	5cd689410530	5cd689425aa0	5cd685750520	f30000	f30000	10000	c3f
10.002610	75fd1	5cd689385a40	4c22	11	154b00b	5cd6893c5a60	1e59	10000	7ffc7e35d2a0	2aad	5cd689410530	5cd689425aa0	5cd683f10520	1540000	1540000	10000	1eb
10.011974	75fed	c27b	4c22	f	1bcb29	5cd6893c5a60	a07	10000	7ffc7e35d2a0	2aad	5cd689410530	5cd689425aa0	5cd688d10520	1c0000	1c0000	10000	ce3
10.025173	75fed	2b	4c22	5	709bf4	5cd6893c5a60	7	10000	7ffc7e35d2a0	2aad	5cd689410530	5cd689425aa0	5cd6877d0520	710000	710000	10000	10d1
10.039780	772b6	1	0	5cd68a7ad318	1	5cd68a7ad240	68	5cd690473c60	7ffc7e35d2a0	5cd68aa46150	65	0	22a4	5cd68a7ad220	a	65	5cd68a7ad228
10.051777	75fed	298f7	4c22	11	110c427	5cd6893c5a60	1e21	10000	7ffc7e35d2a0	2aad	5cd689410530	5cd689425aa0	5cd684fd0520	1110000	1110000	10000	4289
10.057637	75f99	22325	4c22	11	135c167	5cd6893c5a60	1967	10000	7ffc7e35d2a0	2aad	5cd689410530	5cd689425aa0	5cd6846d0520	1350000	1350000	10000	17c3
10.072213	76055	535c	5358	11	2306cf	5cd6893c5a60	2aad	10000	7ffc7e35d2a0	2aad	5cd689410530	5cd689425aa0	5cd688c10520	200000	5354	10000	0
10.085449	75ff0	65	4c22	6	751408	5cd6893c5a60	e	10000	7ffc7e35d2a0	2aad	5cd689410530	5cd689425aa0	5cd687690520	760000	760000	10000	55d2
10.098587	75fed	4f	4c22	6	c8b10c	5cd6893c5a60	d	10000	7ffc7e35d2a0	2aad	5cd689410530	5cd689425aa0	5cd6861d0520	c90000	c90000	10000	3e26
10.112613	75fed	20293	4c22	11	11f02f6	5cd6893c5a60	17ea	10000	7ffc7e35d2a0	2aad	5cd689410530	5cd689425aa0	5cd684c10520	1200000	1200000	10000	3bf
10.123243	75fed	a7	4c22	7	162600d	5cd6893c5a60	13	10000	7ffc7e35d2a0	2aad	5cd689410530	5cd689425aa0	5cd683b50520	1630000	1630000	10000	1d10
10.130303	1cb9fe75db8a	5cd6893e6cdc	59ef	b858	167bc	5cd6893db484	5cd6893f1c40	59ef	7ffc7e35d298	5cd6893e6cdc	fffffffffa07a1b8	5cd689425aa0	5cd688d90520	1b0000	1b0000	10000	5905
10.139134	75fd8	30077	4c22	11	53f9c5	5cd6893c5a60	2269	10000	7ffc7e35d2a0	2aad	5cd689410530	5cd689425aa0	5cd687f90520	520000	520000	10000	26a9
10.153800	76060	5cd6893d0520	19f4	11	af413d	5cd6893c5a60	2aad	10000	7ffc7e35d2a0	2aad	5cd689410530	5cd689425aa0	5cd6868d0520	ad0000	19f0	10000	0
10.168637	76a22	2aad	5cd68936ac00	6025	1082cb1	f6cb	11206bba9cc	5cd690675470	7ffc7e35d2a0	f67f	c76	5cd6894542c0	c9452bc815867652	2aad	47	c77	56
10.179031	7600e	dab	4c22	b	14c6390	5cd6893c5a60	fa	10000	7ffc7e35d2a0	2aad	5cd689410530	5cd689425aa0	5cd6840d0520	14d0000	14d0000	10000	552e
10.185586	7600a	925	4c22	b	3fcc9	5cd6893c5a60	b5	10000	7ffc7e35d2a0	2aad	5cd689410530	5cd689425aa0	5cd689310520	40000	40000	10000	2967
10.194051	76066	5cd6893d0520	d9f0	11	3b0b67	5cd6893c5a60	2aad	10000	7ffc7e35d2a0	2aad	5cd689410530	5cd689425aa0	5cd688610520	380000	d9ec	10000	0
10.203834	75fed	28d	4c22	9	75efc6	5cd6893c5a60	43	10000	7ffc7e35d2a0	2aad	5cd689410530	5cd689425aa0	5cd687690520	760000	760000	10000	55d2
10.214420	75fed	1ab9d	4c22	10	b4efd5	5cd6893c5a60	1456	10000	7ffc7e35d2a0	2aad	5cd689410530	5cd689425aa0	5cd6866d0520	b50000	b50000	10000	37ef
10.225300	75fed	141a3	4c22	10	f97f86	5cd6893c5a60	fd3	10000	7ffc7e35d2a0	2aad	5cd689410530	5cd689425aa0	5cd685590520	fa0000	fa0000	10000	12eb
10.236377	75fe9	32575	4c22	11	13d0c43	5cd6893c5a60	23ca	10000	7ffc7e35d2a0	2aad	5cd689410530	5cd689425aa0	5cd684490520	13e0000	13e0000	10000	3a09
10.247866	75fed	8491	4c22	f	15d64c	5cd6893c5a60	725	10000	7ffc7e35d2a0	2aad	5cd689410530	5cd689425aa0	5cd688e90520	160000	160000	10000	1404
10.259032	76073	5cd6893d0520	bc1c	11	5dd86e	5cd6893c5a60	2aad	10000	7ffc7e35d2a0	2aad	5cd689410530	5cd689425aa0	5cd687d50520	5b0000	bc18	10000	0
10.267679	76073	5cd6893d0520	2780	11	933eb8	5cd6893c5a60	2aad	10000	7ffc7e35d2a0	2aad	5cd689410530	5cd689425aa0	5cd687010520	900000	277c	10000	0
10.275560	75f95	331cd	4c22	11	c29ee5	5cd6893c5a60	244c	10000	7ffc7e35d2a0	2aad	5cd689410530	5cd689425aa0	5cd6863d0520	c10000	c10000	10000	29ad
10.280812	7764b	5cd6907aaa90	e	d0	79905cc1ac80	0	7	0	7ffc7e35d2a0	5cd6907aaa90	5cd6907aaa90	5cd68ac3ae20	c9452bc815867652	5cd6908216fc	3b7	5cd69082b2d4	3b7
10.289744	75fad	5cd68c38ed20	4c22	11	1199a7e	5cd6893c5a60	2480	10000	7ffc7e35d2a0	2aad	5cd689410530	5cd689425aa0	5cd684e50520	1170000	1170000	10000	3b68
10.299573	76073	5cd6893d0520	28fc	11	1599614	5cd6893c5a60	2aad	10000	7ffc7e35d2a0	2aad	5cd689410530	5cd689425aa0	5cd683e10520	1580000	28f8	10000	0
10.311957	75fe9	1eef	4c22	c	368cfa	5cd6893c5a60	1dd	10000	7ffc7e35d2a0	2aad	5cd689410530	5cd689425aa0	5cd688650520	370000	370000	10000	19c6
10.325423	7600e	316d	4c22	d	8a4272	5cd6893c5a60	2dd	10000	7ffc7e35d2a0	2aad	5cd689410530	5cd689425aa0	5cd687150520	8b0000	8b0000	10000	fe7
10.339325	1cb9fe75db8a	5cd6893e6cdc	59ef	163d8	167bc	5cd6893d0904	5cd6893e70c0	59ef	7ffc7e35d298	5cd6893e6cdc	5cd689410530	5cd689425aa0	5cd685e90520	d70000	d70000	10000	4b7e
10.351140	7600a	359dd	4c22	11	12099d6	5cd6893c5a60	25dc	10000	7ffc7e35d2a0	2aad	5cd689410530	5cd689425aa0	5cd684bd0520	1210000	1210000	10000	118c
10.363204	7600e	28d	3601	9	16e18ae	5cd6893c5a60	43	3601	7ffc7e35d2a0	2aad	5cd689410530	5cd689425aa0	5cd683850520	16e3601	16e3601	3601	ece
10.376639	7600e	201e9	4c22	11	4e5285	5cd6893c5a60	17e2	10000	7ffc7e35d2a0	2aad	5cd689410530	5cd689425aa0	5cd688050520	4f0000	4f0000	10000	5731
10.390748	7600e	25	4c22	5	a7dceb	5cd6893c5a60	6	10000	7ffc7e35d2a0	2aad	5cd689410530	5cd689425aa0	5cd686a10520	a80000	a80000	10000	3864
10.399646	7600e	3648d	4c22	11	deebc9	5cd6893c5a60	264d	10000	7ffc7e35d2a0	2aad	5cd689410530	5cd689425aa0	5cd685c50520	df0000	df0000	10000	608
10.414305	7600e	238a9	4c22	11	138f24f	5cd6893c5a60	1a4c	10000	7ffc7e35d2a0	2aad	5cd689410530	5cd689425aa0	5cd6845d0520	1390000	1390000	10000	4ef7
10.424378	75fed	43	4c22	6	79a0a	5cd6893c5a60	a	10000	7ffc7e35d2a0	2aad	5cd689410530	5cd689425aa0	5cd689210520	80000	80000	10000	6ac
10.434766	75fed	25	4c22	5	4a5ec8	5cd6893c5a60	6	10000	7ffc7e35d2a0	2aad	5cd689410530	5cd689425aa0	5cd688150520	4b0000	4b0000	10000	1ffd
10.443903	75fed	2c3bf	4c22	11	848e6a	5cd6893c5a60	1fe8	10000	7ffc7e35d2a0	2aad	5cd689410530	5cd689425aa0	5cd6872d0520	850000	850000	10000	1708
10.455564	75fed	3512b	4c22	11	cd28bd	5cd6893c5a60	257d	10000	7ffc7e35d2a0	2aad	5cd689410530	5cd689425aa0	5cd686090520	ce0000	ce0000	10000	2938
10.468048	76066	5cd6893d0520	a76c	11	11fb8e1	5cd6893c5a60	2aad	10000	7ffc7e35d2a0	2aad	5cd689410530	5cd689425aa0	5cd684c50520	11f0000	a768	10000	0
10.478694	76073	5cd6893d0520	4b78	11	16460f7	5cd6893c5a60	2aad	10000	7ffc7e35d2a0	2aad	5cd689410530	5cd689425aa0	5cd683b90520	1620000	4b74	10000	0
10.489139	75fed	169cf	4c22	10	2cb634	5cd6893c5a60	118b	10000	7ffc7e35d2a0	2aad	5cd689410530	5cd689425aa0	5cd6888d0520	2d0000	2d0000	10000	43a2
10.498611	7600e	1fd3	4c22	c	6a1961	5cd6893c5a60	1eb	10000	7ffc7e35d2a0	2aad	5cd689410530	5cd689425aa0	5cd687950520	6b0000	6b0000	10000	17f2
10.508696	75fed	35	4c22	5	aca37d	5cd6893c5a60	8	10000	7ffc7e35d2a0	2aad	5cd689410530	5cd689425aa0	5cd6868d0520	ad0000	ad0000	10000	2376
10.515987	75fed	33259	4c22	11	d7ccc4	5cd6893c5a60	2451	10000	7ffc7e35d2a0	2aad	5cd689410530	5cd689425aa0	5cd685e10520	d80000	d80000	10000	594b
10.525367	75fe0	380b9	4c22	11	5cd689410530	5cd6893c5a60	2779	10000	7ffc7e35d2a0	2aad	5cd689410530	5cd689425aa0	5cd684fd0520	1110000	1110000	10000	4289
10.532889	75fed	47	4c22	6	13fbd22	5cd6893c5a60	b	10000	7ffc7e35d2a0	2aad	5cd689410530	5cd689425aa0	5cd684410520	1400000	1400000	10000	55a3
10.545336	1cb9fe75db8a	5cd6893fd498	4c22	3e0	13088	5cd6893e31c8	5cd689410140	b3de	7ffc7e35d298	5cd6893fd498	5cd689410530	5cd689425aa0	5cd6890d0520	e0000	e0000	10000	597a
10.555724	1cb9fe75db8a	5cd6893e6cdc	59ef	5cb8	167bc	5cd6893e1024	5cd6893f77e0	59ef	7ffc7e35d298	5cd6893e6cdc	5cd689410530	5cd689425aa0	5cd6880d0520	4e0000	4e0000	10000	4964
10.562614	1cb9fe75db8a	5cd6893fd498	4c22	57e0	13088	5cd6893dddc8	5cd68940ad40	b3de	7ffc7e35d298	5cd6893fd498	5cd689410530	5cd689425aa0	5cd687690520	770000	770000	10000	9b0
10.570008	76011	4f	4c22	6	9da654	5cd6893c5a60	d	10000	7ffc7e35d2a0	2aad	5cd689410530	5cd689425aa0	5cd686c90520	9e0000	9e0000	10000	851
10.576661	75fe9	33b	4c22	9	c67bd7	5cd6893c5a60	4e	10000	7ffc7e35d2a0	2aad	5cd689410530	5cd689425aa0	5cd686250520	c70000	c70000	10000	228c
10.583549	76001	162d1	4c22	10	ec58b2	5cd6893c5a60	113f	10000	7ffc7e35d2a0	2aad	5cd689410530	5cd689425aa0	5cd685910520	ec0000	ec0000	10000	593
10.589748	76066	5cd6893d0520	17cc	11	1121b80	5cd6893c5a60	2aad	10000	7ffc7e35d2a0	2aad	5cd689410530	5cd689425aa0	5cd685010520	1100000	17c8	10000	0
10.597427	7600e	269f	4c22	d	13ea139	5cd6893c5a60	23e	10000	7ffc7e35d2a0	2aad	5cd689410530	5cd689425aa0	5cd684450520	13f0000	13f0000	10000	47d6
10.608561	75fa3	28219	4c22	11	119122	5cd6893c5a60	1d38	10000	7ffc7e35d2a0	2aad	5cd689410530	5cd689425aa0	5cd688fd0520	110000	110000	10000	28f2
10.614961	7600e	6971	4c22	e	38b679	5cd6893c5a60	5b7	10000	7ffc7e35d2a0	2aad	5cd689410530	5cd689425aa0	5cd6885d0520	390000	390000	10000	3560
10.623563	76001	3a505	4c22	11	6fe427	5cd6893c5a60	28ec	10000	7ffc7e35d2a0	2aad	5cd689410530	5cd689425aa0	5cd6878d0520	6d0000	6d0000	10000	338c
10.636875	75fad	5cd68c38ed20	4c22	10	c14802	5cd6893c5a60	13f3	10000	7ffc7e35d2a0	2aad	5cd689410530	5cd689425aa0	5cd6863d0520	c10000	c10000	10000	29ad
10.652021	7600e	1b7	4c22	8	1202d5b	5cd6893c5a60	31	10000	7ffc7e35d2a0	2aad	5cd689410530	5cd689425aa0	5cd684bd0520	1210000	1210000	10000	118c
10.660881	75fa8	5cd68c38ed20	4c22	f	1574f06	5cd6893c5a60	767	10000	7ffc7e35d2a0	2aad	5cd689410530	5cd689425aa0	5cd683e50520	1570000	1570000	10000	2b52
10.668754	7600e	c98f	4c22	f	11080c	5cd6893c5a60	a60	10000	7ffc7e35d2a0	2aad	5cd689410530	5cd689425aa0	5cd688f90520	120000	120000	10000	36bf
10.676381	76073	5cd6893d0520	f920	11	3da43e	5cd6893c5a60	2aad	10000	7ffc7e35d2a0	2aad	5cd689410530	5cd689425aa0	5cd688510520	3c0000	f91c	10000	0
10.687266	75ffd	2a3c7	4c22	11	7cefe0	5cd6893c5a60	1e94	10000	7ffc7e35d2a0	2aad	5cd689410530	5cd689425aa0	5cd687510520	7c0000	7c0000	10000	4eb1
10.693542	7600e	5c9	4c22	a	a15751	5cd6893c5a60	81	10000	7ffc7e35d2a0	2aad	5cd689410530	5cd689425aa0	5cd686b90520	a20000	a20000	10000	3f85
10.708418	75fed	2ec3	4c22	d	f5abbc	5cd6893c5a60	2ae	10000	7ffc7e35d2a0	2aad	5cd689410530	5cd689425aa0	5cd685690520	f60000	f60000	10000	35a6
10.717819	76060	5cd6893d0520	c268	11	131c0fe	5cd6893c5a60	2aad	10000	7ffc7e35d2a0	2aad	5cd689410530	5cd689425aa0	5cd684850520	12f0000	c264	10000	0
10.724047	75ff0	fb	4c22	7	15581b8	5cd6893c5a60	1d	10000	7ffc7e35d2a0	2aad	5cd689410530	5cd689425aa0	5cd683e90520	1560000	1560000	10000	1d85
10.730217	76060	5cd6893d0520	6b50	11	c8763	5cd6893c5a60	2aad	10000	7ffc7e35d2a0	2aad	5cd689410530	5cd689425aa0	5cd689190520	a0000	6b4c	10000	0
10.744617	7600e	2f2db	4c22	11	659ae7	5cd6893c5a60	21e7	10000	7ffc7e35d2a0	2aad	5cd689410530	5cd689425aa0	5cd687a90520	660000	660000	10000	2ce0
10.756057	7600e	35	4c22	5	a0fb27	5cd6893c5a60	8	10000	7ffc7e35d2a0	2aad	5cd689410530	5cd689425aa0	5cd686bd0520	a10000	a10000	10000	31b8
10.770716	7600e	65	4c22	6	f84127	5cd6893c5a60	e	10000	7ffc7e35d2a0	2aad	5cd689410530	5cd689425aa0	5cd6855d0520	f90000	f90000	10000	51e
10.783866	75fd5	138c7	4c22	10	14ca67e	5cd6893c5a60	f70	10000	7ffc7e35d2a0	2aad	5cd689410530	5cd689425aa0	5cd684110520	14c0000	14c0000	10000	4761
10.793943	7600e	2956f	4c22	11	1518dc	5cd6893c5a60	1df7	10000	7ffc7e35d2a0	2aad	5cd689410530	5cd689425aa0	5cd688e90520	160000	160000	10000	1404
10.799509	7604c	4050	404c	11	38846b	5cd6893c5a60	2aad	10000	7ffc7e35d2a0	2aad	5cd689410530	5cd689425aa0	5cd688650520	370000	4048	10000	0
10.807060	7600e	9a3	4c22	b	6441bb	5cd6893c5a60	c0	10000	7ffc7e35d2a0	2aad	5cd689410530	5cd689425aa0	5cd687ad0520	650000	650000	10000	1f13
10.816756	7600e	3a08b	4c22	11	9e4bec	5cd6893c5a60	28c2	10000	7ffc7e35d2a0	2aad	5cd689410530	5cd689425aa0	5cd686c50520	9f0000	9f0000	10000	161e
10.831174	75fed	8491	4c22	f	f8d46d	5cd6893c5a60	725	10000	7ffc7e35d2a0	2aad	5cd689410530	5cd689425aa0	5cd6855d0520	f90000	f90000	10000	51e
10.841020	76066	5cd6893d0520	a7dc	11	1381284	5cd6893c5a60	2aad	10000	7ffc7e35d2a0	2aad	5cd689410530	5cd689425aa0	5cd684650520	1370000	a7d8	10000	0
10.848661	76073	5cd6893d0520	b538	11	169a85b	5cd6893c5a60	2aad	10000	7ffc7e35d2a0	2aad	5cd689410530	5cd689425aa0	5cd683a90520	1660000	b534	10000	0
10.859036	7600e	c51d	4c22	f	345540	5cd6893c5a60	a2e	10000	7ffc7e35d2a0	2aad	5cd689410530	5cd689425aa0	5cd6886d0520	350000	350000	10000	581b
10.870704	75fb7	2aad	4c22	10	7e5aa6	5cd6893c5a60	efe	10000	7ffc7e35d2a0	2aad	5cd689410530	5cd689425aa0	5cd687490520	7e0000	7e0000	10000	105c
10.883861	7605b	b4ec	b4ec	11	c4bed9	5cd6893c5a60	2aad	10000	7ffc7e35d2a0	2aad	5cd689410530	5cd689425aa0	5cd686310520	c40000	b4e8	10000	0
10.894029	75fed	35	4c22	5	f7a2ae	5cd6893c5a60	8	10000	7ffc7e35d2a0	2aad	5cd689410530	5cd689425aa0	5cd685610520	f80000	f80000	10000	5140
10.905542	7600e	1d521	4c22	10	13e34f2	5cd6893c5a60	15ff	10000	7ffc7e35d2a0	2aad	5cd689410530	5cd689425aa0	5cd684450520	13f0000	13f0000	10000	47d6
10.913475	75606	fffffffffffe8ae0	2d72d	2d72d	fffffffffffd866d	26de8	20bc	e7d9	7ffc7e35d2a0	2d72d	0	0	c87b184e7a3eb5a2	20bc	7ffffffffffffb6e	de6ac7f589da58f0	2aad
10.919967	75fed	19f25	4c22	10	2740c9	5cd6893c5a60	13d5	10000	7ffc7e35d2a0	2aad	5cd689410530	5cd689425aa0	5cd688a10520	280000	280000	10000	5890
10.932128	7600e	37529	4c22	11	64e063	5cd6893c5a60	26fa	10000	7ffc7e35d2a0	2aad	5cd689410530	5cd689425aa0	5cd687ad0520	650000	650000	10000	1f13
10.945616	7600e	370f3	4c22	11	b529c2	5cd6893c5a60	26cd	10000	7ffc7e35d2a0	2aad	5cd689410530	5cd689425aa0	5cd686690520	b60000	b60000	10000	45bc
10.959292	75ffd	1e731	4c22	10	10f050c	5cd6893c5a60	16bd	10000	7ffc7e35d2a0	2aad	5cd689410530	5cd689425aa0	5cd685050520	10f0000	10f0000	10000	26ef
10.964684	75fed	137	4c22	8	1315a00	5cd6893c5a60	24	10000	7ffc7e35d2a0	2aad	5cd689410530	5cd689425aa0	5cd684790520	1320000	1320000	10000	484b
10.974096	76005	2ec1	4c22	d	16c22fe	5cd6893c5a60	2ad	10000	7ffc7e35d2a0	2aad	5cd689410530	5cd689425aa0	5cd6838d0520	16d0000	16d0000	10000	4d23
10.986864	76073	5cd6893d0520	28b0	11	4e963c	5cd6893c5a60	2aad	10000	7ffc7e35d2a0	2aad	5cd689410530	5cd689425aa0	5cd688090520	4e0000	28ac	10000	0
10.996886	75fd8	169e1	4c22	10	8df07f	5cd6893c5a60	118e	10000	7ffc7e35d2a0	2aad	5cd689410530	5cd689425aa0	5cd6870d0520	8d0000	8d0000	10000	2b81
11.003264	7600e	25	4c22	5	b23f3e	5cd6893c5a60	6	10000	7ffc7e35d2a0	2aad	5cd689410530	5cd689425aa0	5cd686750520	b30000	b30000	10000	1c55
11.016023	76011	565	4c22	a	102cb35	5cd6893c5a60	77	10000	7ffc7e35d2a0	2aad	5cd689410530	5cd689425aa0	5cd685350520	1030000	1030000	10000	3531
11.023464	75fd5	2f047	4c22	11	132b661	5cd6893c5a60	21cc	10000	7ffc7e35d2a0	2aad	5cd689410530	5cd689425aa0	5cd684790520	1320000	1320000	10000	484b
11.033659	a4f8a	6dcf13af35e06250	18683	0	9fc0	ffffffffffff587e	a8f3febc6798ceb0	185e6	7ffc7e35d298	18683	a781	190f6	c87b184e7a3eb5a2	12b8	7fffffffffff587e	570c014398673150	2aad
11.046364	75fed	47	4c22	6	50039e	5cd6893c5a60	b	10000	7ffc7e35d2a0	2aad	5cd689410530	5cd689425aa0	5cd687fd0520	510000	510000	10000	18dc
11.053316	75fed	1583	4c22	c	7a3d2f	5cd6893c5a60	15d	10000	7ffc7e35d2a0	2aad	5cd689410530	5cd689425aa0	5cd687550520	7b0000	7b0000	10000	40e4
11.067313	75fed	24b	4c22	9	d1a1cd	5cd6893c5a60	3d	10000	7ffc7e35d2a0	2aad	5cd689410530	5cd689425aa0	5cd685f90520	d20000	d20000	10000	67d
11.073097	7600e	47	4c22	6	f6abe6	5cd6893c5a60	b	10000	7ffc7e35d2a0	2aad	5cd689410530	5cd689425aa0	5cd685650520	f70000	f70000	10000	4373
11.081868	75fe9	2380f	4c22	11	1285e0c	5cd6893c5a60	1a43	10000	7ffc7e35d2a0	2aad	5cd689410530	5cd689425aa0	5cd6849d0520	1290000	1290000	10000	2605
11.096257	7600e	3199	4c22	d	126172	5cd6893c5a60	2de	10000	7ffc7e35d2a0	2aad	5cd689410530	5cd689425aa0	5cd688f50520	130000	130000	10000	448c
11.110521	75fed	256ab	4c22	11	6e3a0d	5cd6893c5a60	1b72	10000	7ffc7e35d2a0	2aad	5cd689410530	5cd689425aa0	5cd687850520	6f0000	6f0000	10000	4f26
11.116400	1cb9fe75db8a	5cd6893e6cdc	59ef	c258	167bc	5cd6893daa84	5cd6893f1240	59ef	7ffc7e35d298	5cd6893e6cdc	5cd689410530	5cd689425aa0	5cd686f50520	940000	940000	10000	322d
11.123959	75faf	5cd68c38ed20	4c22	11	c4c61d	5cd6893c5a60	1b57	10000	7ffc7e35d2a0	2aad	5cd689410530	5cd689425aa0	5cd686310520	c40000	c40000	10000	5314
11.132954	76077	ffff	f0c8	11	fb5c5a	5cd6893c5a60	2aad	10000	7ffc7e35d2a0	2aad	5cd689410530	5cd689425aa0	5cd685550520	fb0000	f0c4	10000	0
11.139724	7600e	e3	4c22	7	127ec21	5cd6893c5a60	1a	10000	7ffc7e35d2a0	2aad	5cd689410530	5cd689425aa0	5cd684a10520	1280000	1280000	10000	1838
11.148549	76073	5cd6893d0520	5558	11	15e8808	5cd6893c5a60	2aad	10000	7ffc7e35d2a0	2aad	5cd689410530	5cd689425aa0	5cd683c90520	15e0000	5554	10000	0
11.157773	7600e	2cc15	4c22	11	26201e	5cd6893c5a60	2045	10000	7ffc7e35d2a0	2aad	5cd689410530	5cd689425aa0	5cd688a50520	270000	270000	10000	4ac3
11.170193	75fed	2153f	4c22	11	71ee7f	5cd6893c5a60	18c5	10000	7ffc7e35d2a0	2aad	5cd689410530	5cd689425aa0	5cd687790520	720000	720000	10000	1e9e
11.180936	76073	5cd6893d0520	1128	11	b11b75	5cd6893c5a60	2aad	10000	7ffc7e35d2a0	2aad	5cd689410530	5cd689425aa0	5cd686810520	b00000	1124	10000	0
11.192877	75fed	2f315	4c22	11	f6134b	5cd6893c5a60	21e9	10000	7ffc7e35d2a0	2aad	5cd689410530	5cd689425aa0	5cd685650520	f70000	f70000	10000	4373
11.201526	76a42	2aad	5cd68936ac00	c47f	92b2	0	0	5cd691429e40	7ffc7e35d2a0	1b7cd	14c6	5cd68dae9ec0	c9452bc815867652	2aad	13	14c7	23
11.210536	75fe9	2faa9	4c22	11	165f29e	5cd6893c5a60	2230	10000	7ffc7e35d2a0	2aad	5cd689410530	5cd689425aa0	5cd683a90520	1660000	1660000	10000	4677
11.223246	7600e	3c9e3	4c22	11	4404a1	5cd6893c5a60	2a6a	10000	7ffc7e35d2a0	2aad	5cd689410530	5cd689425aa0	5cd6882d0520	450000	450000	10000	271e
11.236232	75fed	bd9b	4c22	f	961e90	5cd6893c5a60	9cf	10000	7ffc7e35d2a0	2aad	5cd689410530	5cd689425aa0	5cd686e50520	970000	970000	10000	1a5
11.244306	7600e	2cf	4c22	9	c86620	5cd6893c5a60	49	10000	7ffc7e35d2a0	2aad	5cd689410530	5cd689425aa0	5cd6861d0520	c90000	c90000	10000	3e26
11.256352	75fed	b1dd	4c22	f	114822f	5cd6893c5a60	93f	10000	7ffc7e35d2a0	2aad	5cd689410530	5cd689425aa0	5cd684ed0520	1150000	1150000	10000	1fce
11.267131	76073	5cd6893d0520	18c	11	15d38a7	5cd6893c5a60	2aad	10000	7ffc7e35d2a0	2aad	5cd689410530	5cd689425aa0	5cd683d50520	15b0000	188	10000	0
11.275293	75fd8	1a029	4c22	10	107c6a	5cd6893c5a60	13df	10000	7ffc7e35d2a0	2aad	5cd689410530	5cd689425aa0	5cd689010520	100000	100000	10000	1b25
11.285314	75fed	35	4c22	5	4d3ec0	5cd6893c5a60	8	10000	7ffc7e35d2a0	2aad	5cd689410530	5cd689425aa0	5cd688090520	4e0000	4e0000	10000	4964
11.298261	7600e	43	4c22	6	9ec2ea	5cd6893c5a60	a	10000	7ffc7e35d2a0	2aad	5cd689410530	5cd689425aa0	5cd686c50520	9f0000	9f0000	10000	161e
11.308859	75fad	5cd68c38ed20	4c22	10	dd9603	5cd6893c5a60	1561	10000	7ffc7e35d2a0	2aad	5cd689410530	5cd689425aa0	5cd685cd0520	dd0000	dd0000	10000	445d
11.314389	7600a	3d	4c22	5	ffd2ec	5cd6893c5a60	9	10000	7ffc7e35d2a0	2aad	5cd689410530	5cd689425aa0	5cd685410520	1000000	1000000	10000	bca
11.324617	7600e	49	4c22	6	1417bc0	5cd6893c5a60	c	10000	7ffc7e35d2a0	2aad	5cd689410530	5cd689425aa0	5cd684390520	1420000	1420000	10000	174e
11.331095	75fd5	36131	4c22	11	1694891	5cd6893c5a60	2628	10000	7ffc7e35d2a0	2aad	5cd689410530	5cd689425aa0	5cd6839d0520	1690000	1690000	10000	15ef
11.344607	75f95	9941	4c22	f	3d16d7	5cd6893c5a60	81b	10000	7ffc7e35d2a0	2aad	5cd689410530	5cd689425aa0	5cd6884d0520	3d0000	3d0000	10000	12a5
11.353941	75fe4	13cdf	4c22	10	75605a	5cd6893c5a60	fa6	10000	7ffc7e35d2a0	2aad	5cd689410530	5cd689425aa0	5cd687690520	760000	760000	10000	55d2
11.366386	7600a	fb	4c22	7	c065a9	5cd6893c5a60	1d	10000	7ffc7e35d2a0	2aad	5cd689410530	5cd689425aa0	5cd6863d0520	c10000	c10000	10000	29ad
11.373140	76011	1b1	4c22	8	eb19b9	5cd6893c5a60	30	10000	7ffc7e35d2a0	2aad	5cd689410530	5cd689425aa0	5cd685910520	ec0000	ec0000	10000	593
11.381261	7600a	2ff9	4c22	d	11be6b4	5cd6893c5a60	2c5	10000	7ffc7e35d2a0	2aad	5cd689410530	5cd689425aa0	5cd684d10520	11c0000	11c0000	10000	267a
11.392515	75fed	34e1	4c22	d	1641aee	5cd6893c5a60	30d	10000	7ffc7e35d2a0	2aad	5cd689410530	5cd689425aa0	5cd683ad0520	1650000	1650000	10000	38aa
11.406850	1cb9fe75db8a	5cd6893fd498	4c22	4840	13088	5cd6893ded68	5cd68940bce0	b3de	7ffc7e35d298	5cd6893fd498	5cd689410530	5cd689425aa0	5cd688110520	4d0000	4d0000	10000	3b97
11.418671	75fd1	5cd689385a40	4c22	f	998080	5cd6893c5a60	8ae	10000	7ffc7e35d2a0	2aad	5cd689410530	5cd689425aa0	5cd686dd0520	990000	990000	10000	1d3f
11.425678	75fe9	25b1	4c22	d	c497b8	5cd6893c5a60	230	10000	7ffc7e35d2a0	2aad	5cd689410530	5cd689425aa0	5cd6862d0520	c50000	c50000	10000	6f2
11.440606	75fed	11a1d	4c22	10	121533c	5cd6893c5a60	dff	10000	7ffc7e35d2a0	2aad	5cd689410530	5cd689425aa0	5cd684b90520	1220000	1220000	10000	1f59
11.455210	75ff5	2de45	4c22	11	f3436	5cd6893c5a60	210c	10000	7ffc7e35d2a0	2aad	5cd689410530	5cd689425aa0	5cd689050520	f0000	f0000	10000	d58
11.465304	75fed	b31d	4c22	f	4f9dc5	5cd6893c5a60	94e	10000	7ffc7e35d2a0	2aad	5cd689410530	5cd689425aa0	5cd688010520	500000	500000	10000	b0f
11.473294	7600e	2c20f	4c22	11	808d62	5cd6893c5a60	1fdb	10000	7ffc7e35d2a0	2aad	5cd689410530	5cd689425aa0	5cd6873d0520	810000	810000	10000	39c3
11.485251	7600e	85d	4c22	b	ca18ce	5cd6893c5a60	ab	10000	7ffc7e35d2a0	2aad	5cd689410530	5cd689425aa0	5cd686150520	cb0000	cb0000	10000	59c0
11.499733	7600e	305	4c22	9	1263720	5cd6893c5a60	4c	10000	7ffc7e35d2a0	2aad	5cd689410530	5cd689425aa0	5cd684a50520	1270000	1270000	10000	a6b
11.512211	76a00	2aad	5cd68936ac00	602	10ce	0	0	5cd6917ef600	7ffc7e35d2a0	1367	142	5cd68ffd3290	c9452bc815867652	2aad	38	143	44
11.522962	7600e	2b31	4c22	d	424342	5cd6893c5a60	279	10000	7ffc7e35d2a0	2aad	5cd689410530	5cd689425aa0	5cd688350520	430000	430000	10000	b84
11.534259	75fe9	31271	4c22	11	8ac9d7	5cd6893c5a60	2311	10000	7ffc7e35d2a0	2aad	5cd689410530	5cd689425aa0	5cd687150520	8b0000	8b0000	10000	fe7
11.545850	76066	5cd6893d0520	4bf4	11	d99380	5cd6893c5a60	2aad	10000	7ffc7e35d2a0	2aad	5cd689410530	5cd689425aa0	5cd685e90520	d60000	4bf0	10000	0
11.556485	75fd1	5cd689385a40	4c22	d	1181a48	5cd6893c5a60	20c	10000	7ffc7e35d2a0	2aad	5cd689410530	5cd689425aa0	5cd684e10520	1180000	1180000	10000	4935
11.562243	76073	5cd6893d0520	fc10	11	13cbf2e	5cd6893c5a60	2aad	10000	7ffc7e35d2a0	2aad	5cd689410530	5cd689425aa0	5cd684550520	13b0000	fc0c	10000	0
11.571018	7600e	1af	4c22	8	586c	5cd6893c5a60	2f	10000	7ffc7e35d2a0	2aad	5cd689410530	5cd689425aa0	5cd6893d0520	10000	10000	10000	59ef
11.585783	7600e	c31	4c22	b	5cea9a	5cd6893c5a60	e2	10000	7ffc7e35d2a0	2aad	5cd689410530	5cd689425aa0	5cd687cd0520	5d0000	5d0000	10000	a9a
11.593317	75fed	1aad	4c22	c	8a43dc	5cd6893c5a60	1a3	10000	7ffc7e35d2a0	2aad	5cd689410530	5cd689425aa0	5cd687150520	8b0000	8b0000	10000	fe7
11.601156	75fed	32f11	4c22	11	b9ec12	5cd6893c5a60	2435	10000	7ffc7e35d2a0	2aad	5cd689410530	5cd689425aa0	5cd686590520	ba0000	ba0000	10000	2301
11.609977	76066	5cd6893d0520	babc	5cd68aaf7f00	f36074	5cd6893c5a60	2aad	0	7ffc7e35d2a0	2aad	5cd689410530	5cd689425aa0	5cd685790520	f20000	bab8	10000	1
11.622404	7600a	ded7	4c22	f	13e748b	5cd6893c5a60	b67	10000	7ffc7e35d2a0	2aad	5cd689410530	5cd689425aa0	5cd684450520	13f0000	13f0000	10000	47d6
11.631816	7606f	5cd6893d0520	9038	11	51c3e	5cd6893c5a60	2aad	10000	7ffc7e35d2a0	2aad	5cd689410530	5cd689425aa0	5cd689310520	40000	9034	10000	0
11.643369	75fad	5cd68c38ed20	4c22	11	4e15da	5cd6893c5a60	2321	10000	7ffc7e35d2a0	2aad	5cd689410530	5cd689425aa0	5cd688090520	4e0000	4e0000	10000	4964
11.658217	76001	1a5a5	4c22	10	ad5fb1	5cd6893c5a60	1414	10000	7ffc7e35d2a0	2aad	5cd689410530	5cd689425aa0	5cd6868d0520	ad0000	ad0000	10000	2376
11.669919	7600e	13d	4c22	8	f3a173	5cd6893c5a60	26	10000	7ffc7e35d2a0	2aad	5cd689410530	5cd689425aa0	5cd685710520	f40000	f40000	10000	1a0c
11.678118	76073	5cd6893d0520	282c	11	126fe62	5cd6893c5a60	2aad	10000	7ffc7e35d2a0	2aad	5cd689410530	5cd689425aa0	5cd684a90520	1260000	2828	10000	0
11.687506	7604c	82f0	82ec	11	1640592	5cd6893c5a60	2aad	10000	7ffc7e35d2a0	2aad	5cd689410530	5cd689425aa0	5cd683b90520	1620000	82e8	10000	0
11.698829	7600e	fd6d	4c22	f	3974e1	5cd6893c5a60	cbf	10000	7ffc7e35d2a0	2aad	5cd689410530	5cd689425aa0	5cd688590520	3a0000	3a0000	10000	432d
11.710318	75fad	5cd68c38ed20	4c22	10	822d0d	5cd6893c5a60	14eb	10000	7ffc7e35d2a0	2aad	5cd689410530	5cd689425aa0	5cd687390520	820000	820000	10000	4790
11.715840	1cb9fe65f88a	1b1	90	7	660	0	7	5cd689f29dd0	7ffc7e35d200	5cd689f29de0	5cd6893613c0	5cd68d523ff0	c9452bc815867652	79905cc1ac80	0	5cd689f29e60	1b0
11.727643	75fed	3a195	4c22	11	ecc848	5cd6893c5a60	28c9	10000	7ffc7e35d2a0	2aad	5cd689410530	5cd689425aa0	5cd6858d0520	ed0000	ed0000	10000	1360
11.737044	7600e	47	4c22	6	1268d4a	5cd6893c5a60	b	10000	7ffc7e35d2a0	2aad	5cd689410530	5cd689425aa0	5cd684a50520	1270000	1270000	10000	a6b
11.743642	77647	5cd691a86350	d	c0	79905cc1ac80	0	7	0	7ffc7e35d2a0	5cd691a86350	5cd691a86350	5cd691a899a0	c9452bc815867652	5cd691ae1000	768	5cd691ae9d14	768
11.751394	1cb9fe75db8a	5cd6893d3a80	59ef	c13c	1325c	5cd68f35d0e0	5cd6893daba0	d58	7ffc7e35d298	5cd6893d3a80	5cd689410530	5cd689425aa0	5cd689090520	f0000	f0000	10000	d58
11.760029	75ffd	11e15	4c22	10	450a2d	5cd6893c5a60	e2d	10000	7ffc7e35d2a0	2aad	5cd689410530	5cd689425aa0	5cd6882d0520	450000	450000	10000	271e
11.771142	75fed	209	4c22	9	89d4a1	5cd6893c5a60	37	10000	7ffc7e35d2a0	2aad	5cd689410530	5cd689425aa0	5cd687190520	8a0000	8a0000	10000	21a
11.776612	76011	103f	4c22	c	a9f269	5cd6893c5a60	117	10000	7ffc7e35d2a0	2aad	5cd689410530	5cd689425aa0	5cd686990520	aa0000	aa0000	10000	53fe
11.789102	75fed	3c65f	4c22	11	ee7336	5cd6893c5a60	2a40	10000	7ffc7e35d2a0	2aad	5cd689410530	5cd689425aa0	5cd685850520	ef0000	ef0000	10000	2efa
11.801261	75f99	4b0b	4c22	e	13b1395	5cd6893c5a60	433	10000	7ffc7e35d2a0	2aad	5cd689410530	5cd689425aa0	5cd684550520	13b0000	13b0000	10000	10a2
11.806977	7600e	1af	4c22	8	15931cc	5cd6893c5a60	2f	10000	7ffc7e35d2a0	2aad	5cd689410530	5cd689425aa0	5cd683d90520	15a0000	15a0000	10000	54b9
11.817855	75fed	8f4b	4c22	f	2a11dd	5cd6893c5a60	7a3	10000	7ffc7e35d2a0	2aad	5cd689410530	5cd689425aa0	5cd688950520	2b0000	2b0000	10000	2808
11.827063	7600e	89	4c22	7	664a1f	5cd6893c5a60	10	10000	7ffc7e35d2a0	2aad	5cd689410530	5cd689425aa0	5cd687a50520	670000	670000	10000	3aad
11.840862	75fed	22d	4c22	9	bde8f1	5cd6893c5a60	39	10000	7ffc7e35d2a0	2aad	5cd689410530	5cd689425aa0	5cd686490520	be0000	be0000	10000	46
11.849742	75fed	12193	4c22	10	f4ea8d	5cd6893c5a60	e50	10000	7ffc7e35d2a0	2aad	5cd689410530	5cd689425aa0	5cd6856d0520	f50000	f50000	10000	27d9
11.862215	7600e	2e127	4c22	11	14436c3	5cd6893c5a60	2125	10000	7ffc7e35d2a0	2aad	5cd689410530	5cd689425aa0	5cd6842d0520	1450000	1450000	10000	40b5
11.872092	7600a	b3	4c22	7	119c6b	5cd6893c5a60	14	10000	7ffc7e35d2a0	2aad	5cd689410530	5cd689425aa0	5cd688f90520	120000	120000	10000	36bf
11.887297	75f9c	39a4f	4c22	11	6d6782	5cd6893c5a60	2880	10000	7ffc7e35d2a0	2aad	5cd689410530	5cd689425aa0	5cd6878d0520	6d0000	6d0000	10000	338c
11.896379	7600e	233	4c22	9	a17544	5cd6893c5a60	3a	10000	7ffc7e35d2a0	2aad	5cd689410530	5cd689425aa0	5cd686b90520	a20000	a20000	10000	3f85
11.907004	75fa3	d727	4c22	f	e42e9b	5cd6893c5a60	b05	10000	7ffc7e35d2a0	2aad	5cd689410530	5cd689425aa0	5cd685b10520	e40000	e40000	10000	4b09
11.913366	76073	5cd6893d0520	4f2c	11	1084d50	5cd6893c5a60	2aad	10000	7ffc7e35d2a0	2aad	5cd689410530	5cd689425aa0	5cd685250520	1070000	4f28	10000	0
11.927364	76073	5cd6893d0520	2e88	11	15c3732	5cd6893c5a60	2aad	10000	7ffc7e35d2a0	2aad	5cd689410530	5cd689425aa0	5cd683d90520	15a0000	2e84	10000	0
11.936929	75fed	2762b	4c22	11	23afa3	5cd6893c5a60	1cb6	10000	7ffc7e35d2a0	2aad	5cd689410530	5cd689425aa0	5cd688b10520	240000	240000	10000	215c
11.946920	75ffd	36f8f	4c22	11	66bb42	5cd6893c5a60	26bd	10000	7ffc7e35d2a0	2aad	5cd689410530	5cd689425aa0	5cd687ad0520	650000	650000	10000	1f13
11.960859	7600e	3d	4c22	5	b8282a	5cd6893c5a60	9	10000	7ffc7e35d2a0	2aad	5cd689410530	5cd689425aa0	5cd6865d0520	b90000	b90000	10000	1534
11.968161	7600e	2b	4c22	5	e3d1b2	5cd6893c5a60	7	10000	7ffc7e35d2a0	2aad	5cd689410530	5cd689425aa0	5cd685b10520	e40000	e40000	10000	4b09
11.977979	75fad	5cd68c38ed20	4c22	10	1226cb7	5cd6893c5a60	1359	10000	7ffc7e35d2a0	2aad	5cd689410530	5cd689425aa0	5cd684bd0520	1210000	1210000	10000	118c
11.986117	7600e	5e7	4c22	a	15428ff	5cd6893c5a60	84	10000	7ffc7e35d2a0	2aad	5cd689410530	5cd689425aa0	5cd683ed0520	1550000	1550000	10000	fb8
12.000723	75fed	287	4c22	9	39a27f	5cd6893c5a60	42	10000	7ffc7e35d2a0	2aad	5cd689410530	5cd689425aa0	5cd688590520	3a0000	3a0000	10000	432d
12.011257	75fed	2a6fb	4c22	11	7a87af	5cd6893c5a60	1eb4	10000	7ffc7e35d2a0	2aad	5cd689410530	5cd689425aa0	5cd687550520	7b0000	7b0000	10000	40e4
12.025572	75fed	2665d	4c22	11	d1b91f	5cd6893c5a60	1c15	10000	7ffc7e35d2a0	2aad	5cd689410530	5cd689425aa0	5cd685f90520	d20000	d20000	10000	67d
12.038480	75fe4	1982b	4c22	10	11e06b5	5cd6893c5a60	138a	10000	7ffc7e35d2a0	2aad	5cd689410530	5cd689425aa0	5cd684c50520	11f0000	11f0000	10000	4fe1
12.050446	75fed	f1	4c22	7	16a37e2	5cd6893c5a60	1c	10000	7ffc7e35d2a0	2aad	5cd689410530	5cd689425aa0	5cd683950520	16b0000	16b0000	10000	3189
12.062353	75fe4	12515	4c22	10	3a2a92	5cd6893c5a60	e82	10000	7ffc7e35d2a0	2aad	5cd689410530	5cd689425aa0	5cd688550520	3b0000	3b0000	10000	50fa
12.069519	75ffd	236ed	4c22	11	68071a	5cd6893c5a60	1a39	10000	7ffc7e35d2a0	2aad	5cd689410530	5cd689425aa0	5cd687a10520	680000	680000	10000	487a
12.078841	75fe4	35ecf	4c22	11	a326c9	5cd6893c5a60	260a	10000	7ffc7e35d2a0	2aad	5cd689410530	5cd689425aa0	5cd686b90520	a20000	a20000	10000	3f85
12.093657	7600e	1567	4c22	c	f8c10e	5cd6893c5a60	15a	10000	7ffc7e35d2a0	2aad	5cd689410530	5cd689425aa0	5cd6855d0520	f90000	f90000	10000	51e
12.106700	75fed	4cd	4c22	a	139d39f	5cd6893c5a60	6c	10000	7ffc7e35d2a0	2aad	5cd689410530	5cd689425aa0	5cd684590520	13a0000	13a0000	10000	2d5
12.113716	772b6	1	4	5cd68ff02458	5	5cd68ff02410	68	5cd691e5edb0	7ffc7e35d2a0	5cd68dae7320	68	0	22a5	5cd68ff02390	8	69	5cd68ff02398
12.120228	1cb9fe6609e8	5cd689362100	79905cc1ac80	5cd68b98b490	79905cc1ad10	79905cc1ad00	79905cc1ac88	21	7ffc7e35d050	463	64	7	c9452bc815867652	5cd6893613b0	30	3	20
12.126407	7600e	1f7	4c22	8	41872b	5cd6893c5a60	36	10000	7ffc7e35d2a0	2aad	5cd689410530	5cd689425aa0	5cd688390520	420000	420000	10000	57a6
12.133552	75fed	10aa5	4c22	10	6c10da	5cd6893c5a60	d5a	10000	7ffc7e35d2a0	2aad	5cd689410530	5cd689425aa0	5cd6878d0520	6d0000	6d0000	10000	338c
12.141380	7600e	c71b	4c22	f	9c5a35	5cd6893c5a60	a3e	10000	7ffc7e35d2a0	2aad	5cd689410530	5cd689425aa0	5cd686cd0520	9d0000	9d0000	10000	5473
12.152616	7600e	5c9	4c22	a	e35203	5cd6893c5a60	81	10000	7ffc7e35d2a0	2aad	5cd689410530	5cd689425aa0	5cd685b10520	e40000	e40000	10000	4b09
12.164075	75f95	21f53	4c22	11	12d88d8	5cd6893c5a60	1937	10000	7ffc7e35d2a0	2aad	5cd689410530	5cd689425aa0	5cd684910520	12c0000	12c0000	10000	4f6c
12.171291	75fd1	5cd689385a40	4c22	f	15996ce	5cd6893c5a60	c44	10000	7ffc7e35d2a0	2aad	5cd689410530	5cd689425aa0	5cd683dd0520	1590000	1590000	10000	46ec
12.184988	75fed	17aef	4c22	10	361aac	5cd6893c5a60	1241	10000	7ffc7e35d2a0	2aad	5cd689410530	5cd689425aa0	5cd688650520	370000	370000	10000	19c6
12.200100	75fd5	65	4c22	6	950025	5cd6893c5a60	e	10000	7ffc7e35d2a0	2aad	5cd689410530	5cd689425aa0	5cd686ed0520	950000	950000	10000	3ffa
12.209319	75ff0	25	4c22	5	cdc87c	5cd6893c5a60	6	10000	7ffc7e35d2a0	2aad	5cd689410530	5cd689425aa0	5cd686090520	ce0000	ce0000	10000	2938
12.215841	76001	12aff	4c22	10	f6071b	5cd6893c5a60	ece	10000	7ffc7e35d2a0	2aad	5cd689410530	5cd689425aa0	5cd6856d0520	f50000	f50000	10000	27d9
12.221272	7600e	d3	4c22	7	1131569	5cd6893c5a60	19	10000	7ffc7e35d2a0	2aad	5cd689410530	5cd689425aa0	5cd684f10520	1140000	1140000	10000	1201
12.231961	75fad	5cd68c38ed20	4c22	11	1582169	5cd6893c5a60	219d	10000	7ffc7e35d2a0	2aad	5cd689410530	5cd689425aa0	5cd683e50520	1570000	1570000	10000	2b52
12.237249	75fed	cac9	4c22	f	599c0	5cd6893c5a60	a6f	10000	7ffc7e35d2a0	2aad	5cd689410530	5cd689425aa0	5cd689290520	60000	60000	10000	4501
12.247306	75fed	2659	4c22	d	4627aa	5cd6893c5a60	239	10000	7ffc7e35d2a0	2aad	5cd689410530	5cd689425aa0	5cd688250520	470000	470000	10000	42b8
12.257621	7600e	25	4c22	5	846bef	5cd6893c5a60	6	10000	7ffc7e35d2a0	2aad	5cd689410530	5cd689425aa0	5cd6872d0520	850000	850000	10000	1708
12.264379	76001	27be3	4c22	11	ad277c	5cd6893c5a60	1cf3	10000	7ffc7e35d2a0	2aad	5cd689410530	5cd689425aa0	5cd6868d0520	ad0000	ad0000	10000	2376
12.274750	75f99	2357b	4c22	11	ed22fe	5cd6893c5a60	1a29	10000	7ffc7e35d2a0	2aad	5cd689410530	5cd689425aa0	5cd685910520	ec0000	ec0000	10000	593
12.281221	75fed	43	4c22	6	114ed5d	5cd6893c5a60	a	10000	7ffc7e35d2a0	2aad	5cd689410530	5cd689425aa0	5cd684ed0520	1150000	1150000	10000	1fce
12.287754	76060	5cd6893d0520	c830	5cd68aaf7f00	13d9b70	5cd6893c5a60	2aad	0	7ffc7e35d2a0	2aad	5cd689410530	5cd689425aa0	5cd684550520	13b0000	c82c	10000	1
12.293942	7600e	184d	4c22	c	15cc303	5cd6893c5a60	17f	10000	7ffc7e35d2a0	2aad	5cd689410530	5cd689425aa0	5cd683cd0520	15d0000	15d0000	10000	2431
12.303886	75fad	5cd68c38ed20	4c22	11	275182	5cd6893c5a60	2905	10000	7ffc7e35d2a0	2aad	5cd689410530	5cd689425aa0	5cd688b10520	240000	240000	10000	215c
12.313364	75fed	2ae8f	4c22	11	5b0aac	5cd6893c5a60	1ef9	10000	7ffc7e35d2a0	2aad	5cd689410530	5cd689425aa0	5cd687d10520	5c0000	5c0000	10000	56bc
12.320548	76073	5cd6893d0520	8810	11	897022	5cd6893c5a60	2aad	10000	7ffc7e35d2a0	2aad	5cd689410530	5cd689425aa0	5cd687250520	870000	880c	10000	0
12.330195	76066	5cd6893d0520	f5ac	11	c2a6df	5cd6893c5a60	2aad	10000	7ffc7e35d2a0	2aad	5cd689410530	5cd689425aa0	5cd686390520	c20000	f5a8	10000	0
12.336892	76066	5cd6893d0520	24c4	11	f06c43	5cd6893c5a60	2aad	10000	7ffc7e35d2a0	2aad	5cd689410530	5cd689425aa0	5cd6858d0520	ed0000	24c0	10000	0
12.343942	75fed	1b23	4c22	c	115d439	5cd6893c5a60	1ab	10000	7ffc7e35d2a0	2aad	5cd689410530	5cd689425aa0	5cd684e90520	1160000	1160000	10000	2d9b
12.353073	7600e	16b1f	4c22	10	14d365b	5cd6893c5a60	11a0	10000	7ffc7e35d2a0	2aad	5cd689410530	5cd689425aa0	5cd684090520	14e0000	14e0000	10000	90c
12.364060	75fed	10f	4c22	8	1a54b5	5cd6893c5a60	20	10000	7ffc7e35d2a0	2aad	5cd689410530	5cd689425aa0	5cd688d50520	1b0000	1b0000	10000	5905
12.377443	75faf	5cd68c38ed20	4c22	11	6ccede	5cd6893c5a60	1f67	10000	7ffc7e35d2a0	2aad	5cd689410530	5cd689425aa0	5cd687910520	6c0000	6c0000	10000	25bf
12.388429	75fed	e3	4c22	7	b1eb3c	5cd6893c5a60	1a	10000	7ffc7e35d2a0	2aad	5cd689410530	5cd689425aa0	5cd686790520	b20000	b20000	10000	e88
12.394867	75fe9	4f	4c22	6	d4830e	5cd6893c5a60	d	10000	7ffc7e35d2a0	2aad	5cd689410530	5cd689425aa0	5cd685ed0520	d50000	d50000	10000	2fe4
12.409430	7600e	2ab	4c22	9	1296252	5cd6893c5a60	46	10000	7ffc7e35d2a0	2aad	5cd689410530	5cd689425aa0	5cd684990520	12a0000	12a0000	10000	33d2
12.416509	75fed	209	4c22	9	158de86	5cd6893c5a60	37	10000	7ffc7e35d2a0	2aad	5cd689410530	5cd689425aa0	5cd683dd0520	1590000	1590000	10000	46ec
12.428153	75fed	fe4d	4c22	f	1c7cd1	5cd6893c5a60	cc5	10000	7ffc7e35d2a0	2aad	5cd68c3a4290	5cd689410530	5cd688cd0520	1d0000	1d0000	10000	1ab0
12.442311	7600e	25	4c22	5	758b5a	5cd6893c5a60	6	10000	7ffc7e35d2a0	2aad	5cd68c3a4290	5cd689410530	5cd687690520	760000	760000	10000	55d2
12.450768	76073	5cd6893d0520	216c	11	ac8d61	5cd6893c5a60	2aad	10000	7ffc7e35d2a0	2aad	5cd68c3a4290	5cd689410530	5cd686950520	ab0000	2168	10000	0
12.459883	75fed	14b	4c22	8	e385e6	5cd6893c5a60	27	10000	7ffc7e35d2a0	2aad	5cd68c3a4290	5cd689410530	5cd685b10520	e40000	e40000	10000	4b09
12.466367	7600e	149e1	4c22	10	10de86b	5cd6893c5a60	102c	10000	7ffc7e35d2a0	2aad	5cd68c3a4290	5cd689410530	5cd685090520	10e0000	10e0000	10000	1922
12.481342	7600e	d87	4c22	b	16b1b0d	5cd6893c5a60	f9	10000	7ffc7e35d2a0	2aad	5cd68c3a4290	5cd689410530	5cd683910520	16c0000	16c0000	10000	3f56
12.488343	75fed	35	4c22	5	245d93	5cd6893c5a60	8	10000	7ffc7e35d2a0	2aad	5cd68c3a4290	5cd689410530	5cd688ad0520	250000	250000	10000	2f29
12.498577	76066	5cd6893d0520	9184	11	696cee	5cd6893c5a60	2aad	10000	7ffc7e35d2a0	2aad	5cd68c3a4290	5cd689410530	5cd687a90520	660000	9180	10000	0
12.510678	75fed	c7a5	4c22	f	b2d3ed	5cd6893c5a60	a45	10000	7ffc7e35d2a0	2aad	5cd68c3a4290	5cd689410530	5cd686750520	b30000	b30000	10000	1c55
12.515908	75fd1	5cd689385a40	4c22	11	d1cc4c	5cd6893c5a60	28d1	10000	7ffc7e35d2a0	2aad	5cd68c3a4290	5cd689410530	5cd685fd0520	d10000	d10000	10000	529f
12.524103	7600e	21437	4c22	11	106a32d	5cd6893c5a60	18b6	10000	7ffc7e35d2a0	2aad	5cd68c3a4290	5cd689410530	5cd685250520	1070000	1070000	10000	1276
12.535112	75fed	347cb	4c22	11	14a4968	5cd6893c5a60	2518	10000	7ffc7e35d2a0	2aad	5cd68c3a4290	5cd689410530	5cd684150520	14b0000	14b0000	10000	3994
12.547934	7600e	27d37	4c22	11	2a91b3	5cd6893c5a60	1cff	10000	7ffc7e35d2a0	2aad	5cd68c3a4290	5cd689410530	5cd688950520	2b0000	2b0000	10000	2808
12.562118	75fd8	1fd21	4c22	10	8628e8	5cd6893c5a60	17b7	10000	7ffc7e35d2a0	2aad	5cd68c3a4290	5cd689410530	5cd6872d0520	850000	850000	10000	1708
12.573070	75fed	2b	4c22	5	c6d29f	5cd6893c5a60	7	10000	7ffc7e35d2a0	2aad	5cd68c3a4290	5cd689410530	5cd686250520	c70000	c70000	10000	228c
12.581067	75fed	3aea9	4c22	11	f5734d	5cd6893c5a60	2950	10000	7ffc7e35d2a0	2aad	5cd68c3a4290	5cd689410530	5cd685690520	f60000	f60000	10000	35a6
12.592346	75fed	4a9	4c22	a	13a1e7a	5cd6893c5a60	69	10000	7ffc7e35d2a0	2aad	5cd68c3a4290	5cd689410530	5cd684550520	13b0000	13b0000	10000	10a2
12.604296	1cb9fe6620bf	0	ffffffffffffffa0	0	5cd689360010	0	1a4	1a4	7ffc7e35d270	5cd68945a920	8	2c	c9452bc815867652	19	5cd6893d0520	5cd69256c3b0	5cd68b98b4a8
12.617166	75fe4	4c15	4c22	e	6212b2	5cd6893c5a60	441	10000	7ffc7e35d2a0	2aad	5cd68c3a4290	5cd689410530	5cd687b50520	630000	630000	10000	379
12.630801	75fed	18d73	4c22	10	b6774a	5cd6893c5a60	1309	10000	7ffc7e35d2a0	2aad	5cd68c3a4290	5cd689410530	5cd686650520	b70000	b70000	10000	5389
12.636788	75fed	30077	4c22	11	d8c483	5cd6893c5a60	2269	10000	7ffc7e35d2a0	2aad	5cd68c3a4290	5cd689410530	5cd685dd0520	d90000	d90000	10000	d29
12.643798	75fed	cb17	4c22	f	104e369	5cd6893c5a60	a73	10000	7ffc7e35d2a0	2aad	5cd68c3a4290	5cd689410530	5cd6852d0520	1050000	1050000	10000	50cb
12.653297	769fd	2aad	5cd68936ac00	39ce	2d1d	0	0	5cd6925e19b0	7ffc7e35d2a0	cfd1	aae	5cd68f62ff30	c9452bc815867652	2aad	22	aaf	31
12.668097	75fed	1073	4c22	c	1f99a8	5cd6893c5a60	11a	10000	7ffc7e35d2a0	2aad	5cd68c3a4290	5cd689410530	5cd688c10520	200000	200000	10000	4417
12.676098	75ff0	5b3	4c22	a	5144c0	5cd6893c5a60	80	10000	7ffc7e35d2a0	2aad	5cd68c3a4290	5cd689410530	5cd687f90520	520000	520000	10000	26a9
12.682362	75fed	1bb	4c22	8	772971	5cd6893c5a60	32	10000	7ffc7e35d2a0	2aad	5cd68c3a4290	5cd689410530	5cd687610520	780000	780000	10000	177d
12.690357	7c0bf	5cd6925ea950	6e4ea9751a	5cd68f62ff38	1	5cd6926a1f70	1f	16	7ffc7e35d170	5cd69210e920	5cd68f62ff30	5cd689382380	c9452bc815867652	7ffc7e35d188	16	22a5	5cd65e4ecb30
12.704919	76077	ffff	d69c	11	fe2025	5cd6893c5a60	2aad	10000	7ffc7e35d2a0	2aad	5cd68c3a4290	5cd689410530	5cd685510520	fc0000	d698	10000	0
12.715199	75fed	115	4c22	8	13a5459	5cd6893c5a60	21	10000	7ffc7e35d2a0	2aad	5cd68c3a4290	5cd689410530	5cd684550520	13b0000	13b0000	10000	10a2
12.724531	7600e	949	4c22	b	119f3	5cd6893c5a60	b9	10000	7ffc7e35d2a0	2aad	5cd68c3a4290	5cd689410530	5cd689390520	20000	20000	10000	dcd
12.732688	75fed	25	4c22	5	33cb32	5cd6893c5a60	6	10000	7ffc7e35d2a0	2aad	fffffffff7128048	5cd689410530	5cd688710520	340000	340000	10000	4a4e
12.739944	1cb9fe75db24	5cd6893d2f88	59ef	b444	13d54	5cd6922c3720	5cd6893db898	a9a	7ffc7e35d298	5cd6893d2f88	fffffffff7118178	5cd689410530	5cd687d10520	5d0000	5d0000	10000	a9a
12.746076	76011	7f	4c22	6	803c87	5cd6893c5a60	f	10000	7ffc7e35d2a0	2aad	5cd68c3a4290	5cd689410530	5cd6873d0520	810000	810000	10000	39c3
12.757485	76066	5cd6893d0520	20c8	11	c6710b	5cd6893c5a60	2aad	10000	7ffc7e35d2a0	2aad	5cd68c3a4290	5cd689410530	5cd6862d0520	c50000	20c4	10000	0
12.763382	75f9c	3c9e5	4c22	11	ead983	5cd6893c5a60	2a6c	10000	7ffc7e35d2a0	2aad	5cd68c3a4290	5cd689410530	5cd6859d0520	e90000	e90000	10000	361b
12.773450	75fed	125	4c22	8	12663be	5cd6893c5a60	23	10000	7ffc7e35d2a0	2aad	5cd68c3a4290	5cd689410530	5cd684a50520	1270000	1270000	10000	a6b
12.788390	75fad	5cd68c3797b0	4c22	10	7c9b5	5cd6893c5a60	fae	10000	7ffc7e35d2a0	2aad	5cd68c3a4290	5cd689410530	5cd689250520	70000	70000	10000	52ce
12.802615	1cb9fe6621ec	5cd68f36c650	ffffffffffffffa0	3	5cd689360010	5cd68c3ba920	22	130	7ffc7e35d270	5cd6893613c0	2	18fd9	c9452bc815867652	12	2	5cd692801470	4c
12.809860	7600e	31f61	4c22	11	8fbfbe	5cd6893c5a60	238b	10000	7ffc7e35d2a0	2aad	5cd68c3a4290	5cd689410530	5cd687010520	900000	900000	10000	54e8
12.816225	75ffd	1e7f7	4c22	10	b750d3	5cd6893c5a60	16c9	10000	7ffc7e35d2a0	2aad	5cd68c3a4290	5cd689410530	5cd686650520	b70000	b70000	10000	5389
12.822117	7600e	3d	4c22	5	d93f76	5cd6893c5a60	9	10000	7ffc7e35d2a0	2aad	5cd68c3a4290	5cd689410530	5cd685d90520	da0000	da0000	10000	1af6
12.837034	75fed	14afb	4c22	10	136be16	5cd6893c5a60	103a	10000	7ffc7e35d2a0	2aad	5cd68c3a4290	5cd689410530	5cd684650520	1370000	1370000	10000	335d
12.847711	7600e	279d1	4c22	11	311fd	5cd6893c5a60	1cdc	10000	7ffc7e35d2a0	2aad	5cd68c3a4290	5cd689410530	5cd689310520	40000	40000	10000	2967
12.858329	7600e	2ab	4c22	9	444ced	5cd6893c5a60	46	10000	7ffc7e35d2a0	2aad	5cd68c3a4290	5cd689410530	5cd6882d0520	450000	450000	10000	271e
12.863670	7600e	16145	4c22	10	64bb74	5cd6893c5a60	112a	10000	7ffc7e35d2a0	2aad	5cd68c3a4290	5cd689410530	5cd687ad0520	650000	650000	10000	1f13
12.869965	75fed	3d	4c22	5	8bdbd8	5cd6893c5a60	9	10000	7ffc7e35d2a0	2aad	5cd68c3a4290	5cd689410530	5cd687110520	8c0000	8c0000	10000	1db4
12.875649	76058	12f8	12f4	11	ad5239	5cd6893c5a60	2aad	10000	7ffc7e35d2a0	2aad	5cd68c3a4290	5cd689410530	5cd6868d0520	ad0000	12f4	10000	0
12.885933	7600e	cf55	4c22	f	ea996a	5cd6893c5a60	aa2	10000	7ffc7e35d2a0	2aad	5cd68c3a4290	5cd689410530	5cd685950520	eb0000	eb0000	10000	51b5
12.897628	76073	5cd6893d0520	abe0	11	1276099	5cd6893c5a60	2aad	10000	7ffc7e35d2a0	2aad	5cd68c3a4290	5cd689410530	5cd684b10520	1240000	abdc	10000	0
12.906030	7600e	3565f	4c22	11	1473358	5cd6893c5a60	25b8	10000	7ffc7e35d2a0	2aad	5cd68c3a4290	5cd689410530	5cd684210520	1480000	1480000	10000	102d
12.913017	75fad	5cd68c3797b0	4c22	11	16e30c7	5cd6893c5a60	17f7	10000	7ffc7e35d2a0	2aad	5cd68c3a4290	5cd689410530	5cd683890520	16e0000	16e0000	10000	101
12.921591	75fed	161	4c22	8	2fa2bb	5cd6893c5a60	29	10000	7ffc7e35d2a0	2aad	5cd68c3a4290	5cd689410530	5cd688810520	300000	300000	10000	131a
12.932133	75fed	359	4c22	9	6fe3f6	5cd6893c5a60	51	10000	7ffc7e35d2a0	2aad	5cd68c3a4290	5cd689410530	5cd687810520	700000	700000	10000	304
12.945914	76005	285c1	4c22	11	c2670e	5cd6893c5a60	1d5a	10000	7ffc7e35d2a0	2aad	5cd68c3a4290	5cd689410530	5cd686350520	c30000	c30000	10000	4547
12.958967	75fed	a9fd	4c22	f	10654b8	5cd6893c5a60	8dc	10000	7ffc7e35d2a0	2aad	5cd68c3a4290	5cd689410530	5cd685250520	1070000	1070000	10000	1276
12.973556	7600e	12d73	4c22	10	15f6022	5cd6893c5a60	ee7	10000	7ffc7e35d2a0	2aad	5cd68c3a4290	5cd689410530	5cd683c10520	1600000	1600000	10000	4d98
12.981489	75f9c	12599	4c22	10	1aaa94	5cd6893c5a60	e88	10000	7ffc7e35d2a0	2aad	5cd68c3a4290	5cd689410530	5cd688d90520	1a0000	1a0000	10000	4b38
12.991493	75fed	36bdd	4c22	11	56b443	5cd6893c5a60	2697	10000	7ffc7e35d2a0	2aad	5cd68c3a4290	5cd689410530	5cd687e50520	570000	570000	10000	11bb
13.004286	774cb	5cd68e9d0070	13	1	9	0	5cd68e9d0360	22a5	7ffc7e35d2a0	1	5cd68e9d02a0	18	5cd68b0b2fe0	13	8	0	5cd692aa3d10
13.010483	75fd5	c775	4c22	f	ceb845	5cd6893c5a60	a43	10000	7ffc7e35d2a0	2aad	5cd68c3a4290	5cd689410530	5cd686090520	ce0000	ce0000	10000	2938
13.025258	75fed	e5	4c22	7	1293f62	5cd6893c5a60	1b	10000	7ffc7e35d2a0	2aad	5cd68c3a4290	5cd689410530	5cd684990520	12a0000	12a0000	10000	33d2
13.031628	76073	5cd6893d0520	de8c	11	153b80a	5cd6893c5a60	2aad	10000	7ffc7e35d2a0	2aad	5cd68c3a4290	5cd689410530	5cd683fd0520	1510000	de88	10000	0
13.040434	75f99	dc99	4c22	f	159207	5cd6893c5a60	b4c	10000	7ffc7e35d2a0	2aad	5cd68c3a4290	5cd689410530	5cd688ed0520	150000	150000	10000	637
13.052055	75fed	47	4c22	6	5c9f91	5cd6893c5a60	b	10000	7ffc7e35d2a0	2aad	5cd68c3a4290	5cd689410530	5cd687cd0520	5d0000	5d0000	10000	a9a
13.059567	7600e	95f	4c22	b	8a2382	5cd6893c5a60	bd	10000	7ffc7e35d2a0	2aad	5cd68c3a4290	5cd689410530	5cd687150520	8b0000	8b0000	10000	fe7
13.068679	7600e	35	4c22	5	bc7df5	5cd6893c5a60	8	10000	7ffc7e35d2a0	2aad	5cd68c3a4290	5cd689410530	5cd6864d0520	bd0000	bd0000	10000	4c68
13.074307	76005	b50d	4c22	f	db18fa	5cd6893c5a60	962	10000	7ffc7e35d2a0	2aad	5cd68c3a4290	5cd689410530	5cd685d10520	dc0000	dc0000	10000	3690
13.085493	75f99	1784b	4c22	10	118afc2	5cd6893c5a60	1225	10000	7ffc7e35d2a0	2aad	5cd68c3a4290	5cd689410530	5cd684e10520	1180000	1180000	10000	4935
13.093688	75fed	25	4c22	5	148b1c8	5cd6893c5a60	6	10000	7ffc7e35d2a0	2aad	5cd68c3a4290	5cd689410530	5cd6841d0520	1490000	1490000	10000	1dfa
13.099498	75fed	125	4c22	8	1669117	5cd6893c5a60	23	10000	7ffc7e35d2a0	2aad	5cd68c3a4290	5cd689410530	5cd683a50520	1670000	1670000	10000	5444
13.109042	76073	5cd6893d0520	c430	11	27f8e0	5cd6893c5a60	2aad	10000	7ffc7e35d2a0	2aad	5cd68c3a4290	5cd689410530	5cd688a50520	270000	c42c	10000	0
13.117421	75fed	349a3	4c22	11	57f13e	5cd6893c5a60	252d	10000	7ffc7e35d2a0	2aad	5cd68c3a4290	5cd689410530	5cd687e10520	580000	580000	10000	1f88
13.122818	76b20	5cd692c73330	40	12ea	5cd3445ee5b0	5cd689360010	7	5cd692c15cc0	7ffc7e35d2a0	5cd68f670270	5cd69210e920	5cd68a75e580	c9452bc815867652	40	38	5cd692c180b0	49
13.133261	75fed	d09f	4c22	f	b73c79	5cd6893c5a60	ab5	10000	7ffc7e35d2a0	2aad	5cd68c3a4290	5cd689410530	5cd686610520	b80000	b80000	10000	767
13.146758	75fed	69d	4c22	a	1073146	5cd6893c5a60	90	10000	7ffc7e35d2a0	2aad	5cd68c3a4290	5cd689410530	5cd685210520	1080000	1080000	10000	2043
13.161312	75fed	22c75	4c22	11	15a6b43	5cd6893c5a60	19c7	10000	7ffc7e35d2a0	2aad	5cd68c3a4290	5cd689410530	5cd683d50520	15b0000	15b0000	10000	897
13.169846	7600e	27fcd	4c22	11	15ed4e	5cd6893c5a60	1d1a	10000	7ffc7e35d2a0	2aad	5cd68c3a4290	5cd689410530	5cd688e90520	160000	160000	10000	1404
13.179038	75fed	21193	4c22	11	3e37d9	5cd6893c5a60	189e	10000	7ffc7e35d2a0	2aad	5cd68c3a4290	5cd689410530	5cd688450520	3f0000	3f0000	10000	2e3f
13.188130	75fed	fef	4c22	b	6daf9c	5cd6893c5a60	113	10000	7ffc7e35d2a0	2aad	5cd68c3a4290	5cd689410530	5cd687890520	6e0000	6e0000	10000	4159
13.196897	76073	5cd6893d0520	18e8	11	94f346	5cd6893c5a60	2aad	10000	7ffc7e35d2a0	2aad	5cd68c3a4290	5cd689410530	5cd686f10520	940000	18e4	10000	0
13.207893	76001	30203	4c22	11	d87530	5cd6893c5a60	227a	10000	7ffc7e35d2a0	2aad	5cd68c3a4290	5cd689410530	5cd685e50520	d70000	d70000	10000	4b7e
13.216238	75fed	6949	4c22	e	10b6866	5cd6893c5a60	5b5	10000	7ffc7e35d2a0	2aad	5cd68c3a4290	5cd689410530	5cd685110520	10c0000	10c0000	10000	5777
13.224316	76055	a8e8	a8e4	11	13cc70a	5cd6893c5a60	2aad	10000	7ffc7e35d2a0	2aad	5cd68c3a4290	5cd689410530	5cd684590520	13a0000	a8e0	10000	0
13.231563	7600e	13873	4c22	10	15cbe97	5cd6893c5a60	f6e	10000	7ffc7e35d2a0	2aad	5cd68c3a4290	5cd689410530	5cd683cd0520	15d0000	15d0000	10000	2431
13.240791	76011	47	4c22	6	207f2d	5cd6893c5a60	b	10000	7ffc7e35d2a0	2aad	5cd68c3a4290	5cd689410530	5cd688bd0520	210000	210000	10000	51e4
13.255548	76073	5cd6893d0520	be08	11	70566b	5cd6893c5a60	2aad	10000	7ffc7e35d2a0	2aad	5cd68c3a4290	5cd689410530	5cd687810520	700000	be04	10000	0
13.264093	7600e	137	4c22	8	9b8ee6	5cd6893c5a60	24	10000	7ffc7e35d2a0	2aad	5cd68c3a4290	5cd689410530	5cd686d10520	9c0000	9c0000	10000	46a6
13.274666	7600e	65	4c22	6	d3c8fa	5cd6893c5a60	e	10000	7ffc7e35d2a0	2aad	5cd68c3a4290	5cd689410530	5cd685f10520	d40000	d40000	10000	2217
13.288389	7600e	24b	4c22	9	11ad56a	5cd6893c5a60	3d	10000	7ffc7e35d2a0	2aad	5cd68c3a4290	5cd689410530	5cd684d50520	11b0000	11b0000	10000	18ad
13.296625	1cb9fe75db8a	5cd6893fd498	4c22	6c0	13088	5cd6893e2ee8	5cd68940fe60	b3de	7ffc7e35d298	5cd6893fd498	5cd68c3a4290	5cd689410530	5cd684210520	1490000	1490000	10000	1dfa
13.301836	7600e	3b315	4c22	11	165be72	5cd6893c5a60	2979	10000	7ffc7e35d2a0	2aad	5cd68c3a4290	5cd689410530	5cd683a90520	1660000	1660000	10000	4677
13.309516	7600e	1d429	4c22	10	1fb1c2	5cd6893c5a60	15f2	10000	7ffc7e35d2a0	2aad	5cd68c3a4290	5cd689410530	5cd688c10520	200000	200000	10000	4417
13.315025	75fed	2e357	4c22	11	3d55bd	5cd6893c5a60	213c	10000	7ffc7e35d2a0	2aad	5cd68c3a4290	5cd689410530	5cd688490520	3e0000	3e0000	10000	2072
13.323963	76073	5cd6893d0520	3028	11	70631b	5cd6893c5a60	2aad	10000	7ffc7e35d2a0	2aad	5cd68c3a4290	5cd689410530	5cd687890520	6e0000	3024	10000	0
13.336383	75fed	5a7	4c22	a	b4790a	5cd6893c5a60	7e	10000	7ffc7e35d2a0	2aad	5cd68c3a4290	5cd689410530	5cd6866d0520	b50000	b50000	10000	37ef
13.346588	75fed	add1	4c22	f	ee85e0	5cd6893c5a60	909	10000	7ffc7e35d2a0	2aad	5cd68c3a4290	5cd689410530	5cd685850520	ef0000	ef0000	10000	2efa
13.360985	75fed	35	4c22	5	139c049	5cd6893c5a60	8	10000	7ffc7e35d2a0	2aad	5cd68c3a4290	5cd689410530	5cd684590520	13a0000	13a0000	10000	2d5
13.367397	75fed	3d	4c22	5	159e875	5cd6893c5a60	9	10000	7ffc7e35d2a0	2aad	5cd68c3a4290	5cd689410530	5cd683d90520	15a0000	15a0000	10000	54b9
13.377506	75fed	b5	4c22	7	20f004	5cd6893c5a60	15	10000	7ffc7e35d2a0	2aad	5cd68c3a4290	5cd689410530	5cd688bd0520	210000	210000	10000	51e4
13.384535	7600e	14b	4c22	8	45b7ec	5cd6893c5a60	27	10000	7ffc7e35d2a0	2aad	5cd68c3a4290	5cd689410530	5cd688290520	460000	460000	10000	34eb
13.391210	75fed	108df	4c22	10	66ecfc	5cd6893c5a60	d42	10000	7ffc7e35d2a0	2aad	5cd68c3a4290	5cd689410530	5cd687a50520	670000	670000	10000	3aad
13.405643	75fed	1692d	4c22	10	b3d2d7	5cd6893c5a60	1183	10000	7ffc7e35d2a0	2aad	5cd68c3a4290	5cd689410530	5cd686710520	b40000	b40000	10000	2a22
13.419478	7600e	2f749	4c22	11	100cecc	5cd6893c5a60	2212	10000	7ffc7e35d2a0	2aad	5cd68c3a4290	5cd689410530	5cd6853d0520	1010000	1010000	10000	1997
13.429844	7600e	3d	4c22	5	13e97d4	5cd6893c5a60	9	10000	7ffc7e35d2a0	2aad	5cd68c3a4290	5cd689410530	5cd684450520	13f0000	13f0000	10000	47d6
13.437456	1cb9fe75db8a	5cd6893fd498	4c22	dce0	13088	5cd6893d58c8	5cd689402840	b3de	7ffc7e35d298	5cd6893fd498	5cd68c3a4290	5cd689410530	5cd683a10520	1690000	1690000	10000	15ef
13.443097	7600e	330c1	4c22	11	16d7e7	5cd6893c5a60	2441	10000	7ffc7e35d2a0	2aad	5cd68c3a4290	5cd689410530	5cd688e50520	170000	170000	10000	21d1
13.451062	75fed	3aafb	4c22	11	410029	5cd6893c5a60	292e	10000	7ffc7e35d2a0	2aad	5cd68c3a4290	5cd689410530	5cd688390520	420000	420000	10000	57a6
13.457962	75fed	2d54d	4c22	11	69fdef	5cd6893c5a60	20a5	10000	7ffc7e35d2a0	2aad	5cd68c3a4290	5cd689410530	5cd687990520	6a0000	6a0000	10000	a25
13.471533	75fe9	24cc1	4c22	11	b2fbd2	5cd6893c5a60	1b07	10000	7ffc7e35d2a0	2aad	5cd68c3a4290	5cd689410530	5cd686750520	b30000	b30000	10000	1c55
13.482886	75fed	1271	4c22	c	f426d7	5cd6893c5a60	137	10000	7ffc7e35d2a0	2aad	5cd68c3a4290	5cd689410530	5cd6856d0520	f50000	f50000	10000	27d9
13.494773	7600e	4f	4c22	6	138050d	5cd6893c5a60	d	10000	7ffc7e35d2a0	2aad	5cd68c3a4290	5cd689410530	5cd6845d0520	1390000	1390000	10000	4ef7
13.503373	7600e	47	4c22	6	1660582	5cd6893c5a60	b	10000	7ffc7e35d2a0	2aad	5cd68c3a4290	5cd689410530	5cd683a50520	1670000	1670000	10000	5444
13.515375	7600e	7f	4c22	6	4069b1	5cd6893c5a60	f	10000	7ffc7e35d2a0	2aad	5cd68c3a4290	5cd689410530	5cd6883d0520	410000	410000	10000	49d9
13.530215	75fed	f1	4c22	7	98411a	5cd6893c5a60	1c	10000	7ffc7e35d2a0	2aad	5cd68c3a4290	5cd689410530	5cd686dd0520	990000	990000	10000	1d3f
13.537184	75ffd	1b497	4c22	10	c165eb	5cd6893c5a60	14a5	10000	7ffc7e35d2a0	2aad	5cd68c3a4290	5cd689410530	5cd6863d0520	c10000	c10000	10000	29ad
13.545632	75fed	28411	4c22	11	f028eb	5cd6893c5a60	1d4f	10000	7ffc7e35d2a0	2aad	5cd68c3a4290	5cd689410530	5cd6857d0520	f10000	f10000	10000	4a94
13.558092	76060	5cd6893d0520	e64c	11	1372192	5cd6893c5a60	2aad	10000	7ffc7e35d2a0	2aad	5cd68c3a4290	5cd689410530	5cd6846d0520	1350000	e648	10000	0
13.565524	75fed	43	4c22	6	160ec68	5cd6893c5a60	a	10000	7ffc7e35d2a0	2aad	5cd68c3a4290	5cd689410530	5cd683bd0520	1610000	1610000	10000	176
13.579986	7600a	d3	4c22	7	403d2d	5cd6893c5a60	19	10000	7ffc7e35d2a0	2aad	5cd68c3a4290	5cd689410530	5cd6883d0520	410000	410000	10000	49d9
13.591460	75fed	34dad	4c22	11	825a21	5cd6893c5a60	254d	10000	7ffc7e35d2a0	2aad	5cd68c3a4290	5cd689410530	5cd687350520	830000	830000	10000	555d
13.597743	75f95	e557	4c22	f	a7c823	5cd6893c5a60	bbc	10000	7ffc7e35d2a0	2aad	5cd68c3a4290	5cd689410530	5cd686a50520	a70000	a70000	10000	2a97
13.604392	75fed	11a55	4c22	10	cbafcc	5cd6893c5a60	e01	10000	7ffc7e35d2a0	2aad	5cd68c3a4290	5cd689410530	5cd686110520	cc0000	cc0000	10000	d9e
13.611315	75fed	41b	4c22	a	f4d591	5cd6893c5a60	5e	10000	7ffc7e35d2a0	2aad	5cd68c3a4290	5cd689410530	5cd6856d0520	f50000	f50000	10000	27d9
13.622207	76060	5cd6893d0520	56b4	11	1335dcf	5cd6893c5a60	2aad	10000	7ffc7e35d2a0	2aad	5cd68c3a4290	5cd689410530	5cd684750520	1330000	56b0	10000	0
13.629659	75fed	986f	4c22	f	15ca5be	5cd6893c5a60	80f	10000	7ffc7e35d2a0	2aad	5cd68c3a4290	5cd689410530	5cd683cd0520	15d0000	15d0000	10000	2431
13.637024	7600e	e5d	4c22	b	143f77	5cd6893c5a60	101	10000	7ffc7e35d2a0	2aad	5cd68c3a4290	5cd689410530	5cd688ed0520	150000	150000	10000	637
13.647855	7600e	4a1d	4c22	e	54d649	5cd6893c5a60	42b	10000	7ffc7e35d2a0	2aad	5cd68c3a4290	5cd689410530	5cd687ed0520	550000	550000	10000	5010
13.659830	7600e	1c67f	4c22	10	960495	5cd6893c5a60	1561	10000	7ffc7e35d2a0	2aad	5cd68c3a4290	5cd689410530	5cd686e50520	970000	970000	10000	1a5
13.666921	7600e	25b1	4c22	d	ba441d	5cd6893c5a60	230	10000	7ffc7e35d2a0	2aad	5cd68c3a4290	5cd689410530	5cd686550520	bb0000	bb0000	10000	30ce
13.675104	1cb9fe661b38	21	20	a046000	210	211	79905cc1ac80	30	7ffc7e35d120	17	5	7	c9452bc815867652	5cd69210e910	79905cc1ac80	5cd69210e930	20
13.683719	7600e	17b	4c22	8	11c19aa	5cd6893c5a60	2b	10000	7ffc7e35d2a0	2aad	5cd68c3a4290	5cd689410530	5cd684cd0520	11d0000	11d0000	10000	3447
13.691369	75fad	5cd68c3797b0	4c22	10	14bb767	5cd6893c5a60	14cf	10000	7ffc7e35d2a0	2aad	5cd68c3a4290	5cd689410530	5cd684150520	14b0000	14b0000	10000	3994
13.697542	75fed	7115	3601	e	16e21bb	5cd6893c5a60	61d	3601	7ffc7e35d2a0	2aad	5cd68c3a4290	5cd689410530	5cd683850520	16e3601	16e3601	3601	ece
13.706818	75fed	1499	4c22	c	317fc8	5cd6893c5a60	150	10000	7ffc7e35d2a0	2aad	5cd68c3a4290	5cd689410530	5cd688790520	320000	320000	10000	2eb4
13.719570	7600e	247af	4c22	11	752989	5cd6893c5a60	1ae3	10000	7ffc7e35d2a0	2aad	5cd68c3a4290	5cd689410530	5cd687690520	760000	760000	10000	55d2
13.731382	75fed	43e1	4c22	e	ba8d3c	5cd6893c5a60	3db	10000	7ffc7e35d2a0	2aad	5cd68c3a4290	5cd689410530	5cd686550520	bb0000	bb0000	10000	30ce
13.743554	75fc0	2aad	4c22	11	fedb88	5cd6893c5a60	2166	10000	7ffc7e35d2a0	2aad	5cd68c3a4290	5cd689410530	5cd685490520	fe0000	fe0000	10000	4a1f
13.754864	7600e	65	4c22	6	13f1c7c	5cd6893c5a60	e	10000	7ffc7e35d2a0	2aad	5cd68c3a4290	5cd689410530	5cd684410520	1400000	1400000	10000	55a3
13.769374	7600e	32def	4c22	11	1eb728	5cd6893c5a60	242b	10000	7ffc7e35d2a0	2aad	5cd68c3a4290	5cd689410530	5cd688c50520	1f0000	1f0000	10000	364a
13.778005	7600e	19061	4c22	10	526fab	5cd6893c5a60	132c	10000	7ffc7e35d2a0	2aad	5cd68c3a4290	5cd689410530	5cd687f50520	530000	530000	10000	3476
13.786350	7600e	3df	4c22	9	8279ef	5cd6893c5a60	59	10000	7ffc7e35d2a0	2aad	5cd68c3a4290	5cd689410530	5cd687350520	830000	830000	10000	555d
13.791718	76073	5cd6893d0520	ed70	11	a008ef	5cd6893c5a60	2aad	10000	7ffc7e35d2a0	2aad	5cd68c3a4290	5cd689410530	5cd686c90520	9e0000	ed6c	10000	0
13.798393	7600e	12cd	4c22	c	c36099	5cd6893c5a60	139	10000	7ffc7e35d2a0	2aad	5cd68c3a4290	5cd689410530	5cd686310520	c40000	c40000	10000	5314
13.810097	76001	2d1f7	4c22	11	1047fe1	5cd6893c5a60	207d	10000	7ffc7e35d2a0	2aad	5cd68c3a4290	5cd689410530	5cd685350520	1030000	1030000	10000	3531
13.819512	75fed	617	4c22	a	1368ab3	5cd6893c5a60	86	10000	7ffc7e35d2a0	2aad	5cd68c3a4290	5cd689410530	5cd684650520	1370000	1370000	10000	335d
13.824810	75fed	13d	4c22	8	154e8cb	5cd6893c5a60	26	10000	7ffc7e35d2a0	2aad	5cd68c3a4290	5cd689410530	5cd683ed0520	1550000	1550000	10000	fb8
13.834131	75fa3	376ed	4c22	11	178b8a	5cd6893c5a60	270d	10000	7ffc7e35d2a0	2aad	5cd68c3a4290	5cd689410530	5cd688e50520	170000	170000	10000	21d1
13.848242	75fad	5cd68c3797b0	4c22	10	6b52ec	5cd6893c5a60	14a1	10000	7ffc7e35d2a0	2aad	5cd68c3a4290	5cd689410530	5cd687990520	6a0000	6a0000	10000	a25
13.856752	76055	fe5c	fe58	11	9c452c	5cd6893c5a60	2aad	10000	7ffc7e35d2a0	2aad	5cd68c3a4290	5cd689410530	5cd686dd0520	990000	fe54	10000	0
13.871563	75fed	3fd	4c22	9	e06284	5cd6893c5a60	5c	10000	7ffc7e35d2a0	2aad	5cd68c3a4290	5cd689410530	5cd685bd0520	e10000	e10000	10000	21a2
13.884342	7600e	89	4c22	7	1298d21	5cd6893c5a60	10	10000	7ffc7e35d2a0	2aad	5cd68c3a4290	5cd689410530	5cd684990520	12a0000	12a0000	10000	33d2
13.895049	7600e	3b309	4c22	11	167e64e	5cd6893c5a60	2977	10000	7ffc7e35d2a0	2aad	5cd68c3a4290	5cd689410530	5cd683a10520	1680000	1680000	10000	822
13.902747	75fed	2d92f	4c22	11	2003c2	5cd6893c5a60	20d5	10000	7ffc7e35d2a0	2aad	5cd68c3a4290	5cd689410530	5cd688bd0520	210000	210000	10000	51e4
13.909224	75fd5	14287	4c22	10	47e991	5cd6893c5a60	fe0	10000	7ffc7e35d2a0	2aad	5cd68c3a4290	5cd689410530	5cd688250520	470000	470000	10000	42b8
13.924342	75fd8	23b61	4c22	11	a08330	5cd6893c5a60	1a66	10000	7ffc7e35d2a0	2aad	5cd68c3a4290	5cd689410530	5cd686c50520	9f0000	9f0000	10000	161e
13.939511	7600e	a91b	4c22	f	f69c5f	5cd6893c5a60	8d5	10000	7ffc7e35d2a0	2aad	5cd68c3a4290	5cd689410530	5cd685650520	f70000	f70000	10000	4373
13.952116	75fed	16cbb	4c22	10	13e461e	5cd6893c5a60	11ae	10000	7ffc7e35d2a0	2aad	5cd68c3a4290	5cd689410530	5cd684450520	13f0000	13f0000	10000	47d6
13.958809	76a12	2aad	5cd68936ac00	179f3	5cd689385a40	33407	0	5cd6935d4f40	7ffc7e35d2a0	333fd	245f	5cd689361a30	c9452bc815867652	2aad	4	2460	13
13.971289	7600e	4819	4c22	e	39f37b	5cd6893c5a60	414	10000	7ffc7e35d2a0	2aad	5cd68c3a4290	5cd689410530	5cd688590520	3a0000	3a0000	10000	432d
13.979110	75fed	43	4c22	6	66a655	5cd6893c5a60	a	10000	7ffc7e35d2a0	2aad	5cd68c3a4290	5cd689410530	5cd687a50520	670000	670000	10000	3aad
13.985782	75fed	b6db	4c22	f	8d2926	5cd6893c5a60	97d	10000	7ffc7e35d2a0	2aad	5cd68c3a4290	5cd689410530	5cd687090520	8e0000	8e0000	10000	394e
13.999684	76058	539c	5398	11	df7f4f	5cd6893c5a60	2aad	10000	7ffc7e35d2a0	2aad	5cd68c3a4290	5cd689410530	5cd685c50520	df0000	5398	10000	0
14.012331	76001	5b87	4c22	e	127430f	5cd6893c5a60	503	10000	7ffc7e35d2a0	2aad	5cd68c3a4290	5cd689410530	5cd684a50520	1270000	1270000	10000	a6b
14.020874	75fed	fb	4c22	7	151a484	5cd6893c5a60	1d	10000	7ffc7e35d2a0	2aad	5cd68c3a4290	5cd689410530	5cd683f90520	1520000	1520000	10000	4040
14.028579	75fed	1cf37	4c22	10	750b3	5cd6893c5a60	15b8	10000	7ffc7e35d2a0	2aad	5cd68c3a4290	5cd689410530	5cd689210520	80000	80000	10000	6ac
14.036300	75fed	2a4f	4c22	d	338995	5cd6893c5a60	26f	10000	7ffc7e35d2a0	2aad	5cd68c3a4290	5cd689410530	5cd688710520	340000	340000	10000	4a4e
14.049939	75fed	23207	4c22	11	7d86ad	5cd6893c5a60	1a0a	10000	7ffc7e35d2a0	2aad	5cd68c3a4290	5cd689410530	5cd687490520	7e0000	7e0000	10000	105c
14.060354	7600e	325c1	4c22	11	b7f54f	5cd6893c5a60	23d1	10000	7ffc7e35d2a0	2aad	5cd68c3a4290	5cd689410530	5cd686610520	b80000	b80000	10000	767
14.070832	75fed	2a4f	4c22	d	f09a9d	5cd6893c5a60	26f	10000	7ffc7e35d2a0	2aad	5cd68c3a4290	5cd689410530	5cd6857d0520	f10000	f10000	10000	4a94
14.080194	75fed	32923	4c22	11	122c035	5cd6893c5a60	23f2	10000	7ffc7e35d2a0	2aad	5cd68c3a4290	5cd689410530	5cd684b50520	1230000	1230000	10000	2d26
14.090660	75fed	f43	4c22	b	15e186f	5cd6893c5a60	10b	10000	7ffc7e35d2a0	2aad	5cd68c3a4290	5cd689410530	5cd683c50520	15f0000	15f0000	10000	3fcb
14.105713	75fed	137	4c22	8	42fb46	5cd6893c5a60	24	10000	7ffc7e35d2a0	2aad	5cd68c3a4290	5cd689410530	5cd688350520	430000	430000	10000	b84
14.115578	1cb9fe75db8a	5cd6893e6cdc	59ef	a938	167bc	5cd6893dc3a4	5cd6893f2b60	59ef	7ffc7e35d298	5cd6893e6cdc	5cd6937b57b0	5cd6937bec80	79905cc1ace0	7b0000	7b0000	10000	40e4
14.124941	76077	ffff	25b0	11	af7dcb	5cd6893c5a60	2aad	10000	7ffc7e35d2a0	2aad	5cd68c3a4290	5cd689410530	5cd686850520	af0000	25ac	10000	0
14.139498	75fc9	2aad	4c22	11	1031590	5cd6893c5a60	1851	10000	7ffc7e35d2a0	2aad	5cd68c3a4290	5cd689410530	5cd685350520	1030000	1030000	10000	3531
14.150428	75fed	89	4c22	7	1483fd5	5cd6893c5a60	10	10000	7ffc7e35d2a0	2aad	5cd68c3a4290	5cd689410530	5cd6841d0520	1490000	1490000	10000	1dfa
14.157178	756be	b8b7ca	395b3	0	fffffffffffe65be	2ff41	2851	56b07	7ffc7e35d2a0	395b3	0	18fd9	c7ece05ffea675fe	2851	800000000000bd5f	b77ed96d46269c5c	2aad
14.169880	75fe9	463	4c22	a	52ec3f	5cd6893c5a60	64	10000	7ffc7e35d2a0	2aad	5cd68c3a4290	5cd689410530	5cd687f50520	530000	530000	10000	3476
14.180377	7600e	115	4c22	8	921ce0	5cd6893c5a60	21	10000	7ffc7e35d2a0	2aad	5cd68c3a4290	5cd689410530	5cd686f50520	930000	930000	10000	2460
14.186648	75fed	7f	4c22	6	b94def	5cd6893c5a60	f	10000	7ffc7e35d2a0	2aad	5cd68c3a4290	5cd689410530	5cd686590520	ba0000	ba0000	10000	2301
14.193041	75fa8	5cd68c3797b0	4c22	f	df34ac	5cd6893c5a60	a91	10000	7ffc7e35d2a0	2aad	5cd68c3a4290	5cd689410530	5cd685c50520	df0000	df0000	10000	608
14.206410	76066	5cd6893d0520	fb6c	11	132b4b3	5cd6893c5a60	2aad	10000	7ffc7e35d2a0	2aad	5cd68c3a4290	5cd689410530	5cd684790520	1320000	fb68	10000	0
14.216360	a4f8a	976c3948f577c08c	123e9	0	848b	ffffffffffff5356	d69e126e89dde7f7	308d	7ffc7e35d298	123e9	aca9	18fd9	c7ece05ffea675fe	e70	7fffffffffff5356	2961ed9176221809	2aad
14.226789	76066	5cd6893d0520	46bc	11	3924e0	5cd6893c5a60	2aad	10000	7ffc7e35d2a0	2aad	5cd68c3a4290	5cd689410530	5cd688690520	360000	46b8	10000	0
14.232023	7600e	7f	4c22	6	57fcc7	5cd6893c5a60	f	10000	7ffc7e35d2a0	2aad	5cd68c3a4290	5cd689410530	5cd687e10520	580000	580000	10000	1f88
14.245695	7600e	18d1	4c22	c	9f1089	5cd6893c5a60	187	10000	7ffc7e35d2a0	2aad	5cd68c3a4290	5cd689410530	5cd686c10520	a00000	a00000	10000	23eb
14.260471	769fd	2aad	5cd68936ac00	9b80	2f78	0	0	5cd69398f630	7ffc7e35d2a0	c313	a10	5cd689361a30	c9452bc815867652	2aad	26	a11	35
14.272932	75fad	5cd68c3797b0	4c22	11	15079f0	5cd6893c5a60	23dd	10000	7ffc7e35d2a0	2aad	5cd68c3a4290	5cd689410530	5cd684090520	14e0000	14e0000	10000	90c
14.285536	75fed	1381f	4c22	10	251f33	5cd6893c5a60	f6b	10000	7ffc7e35d2a0	2aad	5cd68c3a4290	5cd689410530	5cd688a90520	260000	260000	10000	3cf6
14.298246	75ff5	2a419	4c22	11	7693d6	5cd6893c5a60	1e9a	10000	7ffc7e35d2a0	2aad	5cd68c3a4290	5cd689410530	5cd6876d0520	750000	750000	10000	4805
14.305510	75fed	3445	4c22	d	a2618a	5cd6893c5a60	305	10000	7ffc7e35d2a0	2aad	5cd68c3a4290	5cd689410530	5cd686b50520	a30000	a30000	10000	4d52
14.315299	7600e	383f5	4c22	11	dec3a5	5cd6893c5a60	27a2	10000	7ffc7e35d2a0	2aad	5cd68c3a4290	5cd689410530	5cd685c50520	df0000	df0000	10000	608
14.326061	75fed	a3	4c22	7	11ee7cf	5cd6893c5a60	12	10000	7ffc7e35d2a0	2aad	5cd68c3a4290	5cd689410530	5cd684c50520	11f0000	11f0000	10000	4fe1
14.333299	7600e	3b32f	4c22	11	1483936	5cd6893c5a60	297a	10000	7ffc7e35d2a0	2aad	5cd68c3a4290	5cd689410530	5cd6841d0520	1490000	1490000	10000	1dfa
14.341128	76073	5cd6893d0520	3c04	5cd68b98b4a0	cf3cf	5cd6893c5a60	2aad	0	7ffc7e35d2a0	2aad	5cd68c3a4290	5cd689410530	5cd689150520	b0000	3c00	10000	1
14.350642	76073	5cd6893d0520	1f9c	5cd68b98b4a0	3e89a6	5cd6893c5a60	2aad	0	7ffc7e35d2a0	2aad	5cd68c3a4290	5cd689410530	5cd6884d0520	3d0000	1f98	10000	1
14.358798	75fad	5cd68c3797b0	4c22	10	71c216	5cd6893c5a60	160f	10000	7ffc7e35d2a0	2aad	5cd68c3a4290	5cd689410530	5cd6877d0520	710000	710000	10000	10d1
14.371367	75ff0	55d	4c22	a	c0c4e6	5cd6893c5a60	76	10000	7ffc7e35d2a0	2aad	5cd68c3a4290	5cd689410530	5cd6863d0520	c10000	c10000	10000	29ad
14.377080	7600e	43	4c22	6	e2a9f9	5cd6893c5a60	a	10000	7ffc7e35d2a0	2aad	5cd68c3a4290	5cd689410530	5cd685b50520	e30000	e30000	10000	3d3c
14.386265	77647	5cd693b32560	13	120	79905cc1ac80	0	79905cc1ac80	0	7ffc7e35d2a0	5cd693b32560	5cd693b32560	5cd68945a910	c9452bc815867652	5cd693b7c000	e34	5cd693b831e4	e34
14.394208	7600e	43	4c22	6	14b372a	5cd6893c5a60	a	10000	7ffc7e35d2a0	2aad	5cd68c3a4290	5cd689410530	5cd684110520	14c0000	14c0000	10000	4761
14.401910	1cb9fe75db8a	5cd6893e6cdc	59ef	70d8	167bc	5cd6893dfc04	5cd6893f63c0	59ef	7ffc7e35d298	5cd6893e6cdc	5cd68c3a4290	5cd689410530	5cd689150520	c0000	c0000	10000	3de0
14.415828	75fed	2fdd3	4c22	11	577532	5cd6893c5a60	224d	10000	7ffc7e35d2a0	2aad	5cd68c3a4290	5cd689410530	5cd687e10520	580000	580000	10000	1f88
14.427925	76060	5cd6893d0520	9338	11	a33cf6	5cd6893c5a60	2aad	10000	7ffc7e35d2a0	2aad	5cd68c3a4290	5cd689410530	5cd686b50520	a30000	9334	10000	0
14.434947	1cb9fe75db8a	5cd6893e6cdc	59ef	10b98	167bc	5cd6893d6144	5cd6893ec900	59ef	7ffc7e35d298	5cd6893e6cdc	5cd68c3a4290	5cd689410530	5cd686090520	cf0000	cf0000	10000	3705
14.447227	7600e	29221	4c22	11	11a20f7	5cd6893c5a60	1dd8	10000	7ffc7e35d2a0	2aad	5cd68c3a4290	5cd689410530	5cd684d50520	11b0000	11b0000	10000	18ad
14.458658	75fed	623	4c22	a	160bb23	5cd6893c5a60	87	10000	7ffc7e35d2a0	2aad	5cd68c3a4290	5cd689410530	5cd683bd0520	1610000	1610000	10000	176
14.468949	75fed	8b	4c22	7	2d9e6e	5cd6893c5a60	11	10000	7ffc7e35d2a0	2aad	5cd68c3a4290	5cd689410530	5cd688890520	2e0000	2e0000	10000	516f
14.483549	76001	10655	4c22	10	891dd5	5cd6893c5a60	d20	10000	7ffc7e35d2a0	2aad	5cd68c3a4290	5cd689410530	5cd6871d0520	890000	890000	10000	4e3c
14.493164	7600e	7d1d	4c22	e	c1c411	5cd6893c5a60	6c3	10000	7ffc7e35d2a0	2aad	5cd68c3a4290	5cd689410530	5cd686390520	c20000	c20000	10000	377a
14.498607	76011	c31	4c22	b	e3f409	5cd6893c5a60	e2	10000	7ffc7e35d2a0	2aad	5cd68c3a4290	5cd689410530	5cd685b10520	e40000	e40000	10000	4b09
14.509268	75fc9	2aad	4c22	11	12356d5	5cd6893c5a60	2779	10000	7ffc7e35d2a0	2aad	5cd68c3a4290	5cd689410530	5cd684b50520	1230000	1230000	10000	2d26
14.523429	76060	5cd6893d0520	4270	11	71e0c	5cd6893c5a60	2aad	10000	7ffc7e35d2a0	2aad	5cd68c3a4290	5cd689410530	5cd689310520	40000	426c	10000	0
14.531075	7600e	43	4c22	6	33e7bd	5cd6893c5a60	a	10000	7ffc7e35d2a0	2aad	5cd68c3a4290	5cd689410530	5cd688710520	340000	340000	10000	4a4e
14.538859	76066	5cd6893d0520	ed8c	5cd68b98b4a0	62a8d4	5cd6893c5a60	2aad	0	7ffc7e35d2a0	2aad	5cd68c3a4290	5cd689410530	5cd687c10520	600000	ed88	10000	2
14.552850	7600e	4adb	4c22	e	b82504	5cd6893c5a60	432	10000	7ffc7e35d2a0	2aad	5cd68c3a4290	5cd689410530	5cd6865d0520	b90000	b90000	10000	1534
14.562536	76073	5cd6893d0520	9e8c	11	f399e6	5cd6893c5a60	2aad	10000	7ffc7e35d2a0	2aad	5cd68c3a4290	5cd689410530	5cd6857d0520	f10000	9e88	10000	0
14.575788	7600a	3d	4c22	5	1462011	5cd6893c5a60	9	10000	7ffc7e35d2a0	2aad	5cd68c3a4290	5cd689410530	5cd684250520	1470000	1470000	10000	260
14.584643	75fb7	2aad	4c22	e	75c54	5cd6893c5a60	52a	10000	7ffc7e35d2a0	2aad	5cd68c3a4290	5cd689410530	5cd689250520	70000	70000	10000	52ce
14.596288	7600e	115	4c22	8	4b4ad1	5cd6893c5a60	21	10000	7ffc7e35d2a0	2aad	5cd68c3a4290	5cd689410530	5cd688110520	4c0000	4c0000	10000	2dca
14.611259	75fe9	22d	4c22	9	aa4942	5cd6893c5a60	39	10000	7ffc7e35d2a0	2aad	5cd68c3a4290	5cd689410530	5cd686950520	ab0000	ab0000	10000	7dc
14.623567	76066	5cd6893d0520	beb8	5cd68b98b4a0	fb477c	5cd6893c5a60	2aad	0	7ffc7e35d2a0	2aad	5cd68c3a4290	5cd689410530	5cd6855d0520	f90000	beb4	10000	1
14.631462	a515c	0	5aa3	0	3	0	3	2	7ffc7e35d0d8	5aa3	5cd689361a30	5cd6894542c0	0	5cd65e4e80d0	2	3	5cd68f62ff30
14.643784	75fed	20a41	4c22	11	907d6	5cd6893c5a60	1847	10000	7ffc7e35d2a0	2aad	5cd68c3a4290	5cd689410530	5cd689190520	a0000	a0000	10000	2246
14.650228	75fed	35c3	4c22	d	332a59	5cd6893c5a60	318	10000	7ffc7e35d2a0	2aad	5cd68c3a4290	5cd689410530	5cd688710520	340000	340000	10000	4a4e
14.664390	75fed	3008f	4c22	11	8cc418	5cd6893c5a60	226b	10000	7ffc7e35d2a0	2aad	5cd68c3a4290	5cd689410530	5cd6870d0520	8d0000	8d0000	10000	2b81
14.676950	1cb9fe75e10a	0	1	6008	5cd693f51610	0	5cd693f56000	7f	7ffc7e35d298	0	5cd693f51610	5cd693f5c000	206	5cd68b98b4a8	5cd6893d0520	aab4	7f
14.683192	75fed	3653	4c22	d	fbec9a	5cd6893c5a60	321	10000	7ffc7e35d2a0	2aad	5cd68c3a4290	5cd689410530	5cd685510520	fc0000	fc0000	10000	2e85
14.691722	75fc0	2aad	4c22	e	12d32b1	5cd6893c5a60	633	10000	7ffc7e35d2a0	2aad	5cd68c3a4290	5cd689410530	5cd6848d0520	12d0000	12d0000	10000	34a
14.705840	75fed	59f	4c22	a	116687	5cd6893c5a60	7d	10000	7ffc7e35d2a0	2aad	5cd68c3a4290	5cd689410530	5cd688f90520	120000	120000	10000	36bf
14.712045	75fed	281	4c22	9	38f932	5cd6893c5a60	41	10000	7ffc7e35d2a0	2aad	5cd68c3a4290	5cd689410530	5cd6885d0520	390000	390000	10000	3560
14.720054	76073	5cd6893d0520	f194	11	6a3b6c	5cd6893c5a60	2aad	10000	7ffc7e35d2a0	2aad	5cd68c3a4290	5cd689410530	5cd6879d0520	690000	f190	10000	0
14.727510	75fed	93dd	4c22	f	97d4b6	5cd6893c5a60	7dc	10000	7ffc7e35d2a0	2aad	5cd68c3a4290	5cd689410530	5cd686e10520	980000	980000	10000	f72
14.738530	75ffd	3a391	4c22	11	de1e59	5cd6893c5a60	28de	10000	7ffc7e35d2a0	2aad	5cd68c3a4290	5cd689410530	5cd685c90520	de0000	de0000	10000	522a
14.746903	7600e	1d9f5	4c22	10	1132a31	5cd6893c5a60	1631	10000	7ffc7e35d2a0	2aad	5cd68c3a4290	5cd689410530	5cd684f10520	1140000	1140000	10000	1201
14.753040	75fed	7685	4c22	e	1395abe	5cd6893c5a60	668	10000	7ffc7e35d2a0	2aad	5cd68c3a4290	5cd689410530	5cd684590520	13a0000	13a0000	10000	2d5
14.759456	75fed	2b	4c22	5	16282a1	5cd6893c5a60	7	10000	7ffc7e35d2a0	2aad	5cd68c3a4290	5cd689410530	5cd683b50520	1630000	1630000	10000	1d10
14.765816	7600e	c5	4c22	7	15b0b7	5cd6893c5a60	17	10000	7ffc7e35d2a0	2aad	5cd68c3a4290	5cd689410530	5cd688e90520	160000	160000	10000	1404
14.773745	75fed	43	4c22	6	48776e	5cd6893c5a60	a	10000	7ffc7e35d2a0	2aad	5cd68c3a4290	5cd689410530	5cd6881d0520	490000	490000	10000	463
14.785882	75fed	146c5	4c22	10	9312fb	5cd6893c5a60	100e	10000	7ffc7e35d2a0	2aad	5cd68c3a4290	5cd689410530	5cd686f10520	940000	940000	10000	322d
14.800098	76011	47	4c22	6	ec9d05	5cd6893c5a60	b	10000	7ffc7e35d2a0	2aad	5cd68c3a4290	5cd689410530	5cd6858d0520	ed0000	ed0000	10000	1360
14.806701	7600e	355	4c22	9	116a494	5cd6893c5a60	50	10000	7ffc7e35d2a0	2aad	5cd68c3a4290	5cd689410530	5cd684e50520	1170000	1170000	10000	3b68
14.819807	769f5	5cd68c3797b0	5cd68936ac00	4ca8	5dd5	0	0	5cd6940cee50	7ffc7e35d2a0	1ef25	1720	5cd6893613c0	c9452bc815867652	2aad	16	1721	25
14.832310	75fed	49	4c22	6	4595d8	5cd6893c5a60	c	10000	7ffc7e35d2a0	2aad	5cd68c3a4290	5cd689410530	5cd688290520	460000	460000	10000	34eb
14.839105	75fa3	21d01	4c22	11	6e4cf1	5cd6893c5a60	191c	10000	7ffc7e35d2a0	2aad	5cd68c3a4290	5cd689410530	5cd687890520	6e0000	6e0000	10000	4159
14.853993	76060	5cd6893d0520	af18	11	c38a14	5cd6893c5a60	2aad	10000	7ffc7e35d2a0	2aad	5cd68c3a4290	5cd689410530	5cd686350520	c30000	af14	10000	0
14.867175	75ff5	8f45	4c22	f	1100c02	5cd6893c5a60	7a2	10000	7ffc7e35d2a0	2aad	5cd68c3a4290	5cd689410530	5cd685010520	1100000	1100000	10000	34bc
14.873752	75fed	84f1	4c22	f	137b239	5cd6893c5a60	729	10000	7ffc7e35d2a0	2aad	5cd68c3a4290	5cd689410530	5cd684610520	1380000	1380000	10000	412a
14.883993	75fed	39bb	4c22	d	5c4b1	5cd6893c5a60	34c	10000	7ffc7e35d2a0	2aad	5cd68c3a4290	5cd689410530	5cd689290520	60000	60000	10000	4501
14.896499	75fad	5cd68c3797b0	4c22	11	53ca94	5cd6893c5a60	290a	10000	7ffc7e35d2a0	2aad	5cd68c3a4290	5cd689410530	5cd687f50520	530000	530000	10000	3476
14.911052	75fad	5cd68c3797b0	4c22	11	adf234	5cd6893c5a60	17f3	10000	7ffc7e35d2a0	2aad	5cd68c3a4290	5cd689410530	5cd6868d0520	ad0000	ad0000	10000	2376
14.921999	75f95	fd31	4c22	f	ebb6cf	5cd6893c5a60	cbc	10000	7ffc7e35d2a0	2aad	5cd68c3a4290	5cd689410530	5cd685950520	eb0000	eb0000	10000	51b5
14.928917	769a5	172f	5cd68936ac00	5cd68c38ed20	34f6	0	0	5cd6942403f0	7ffc7e35d2a0	1f0e7	172d	5cd68eb5bf00	c9452bc815867652	2aad	4	172e	13
14.940152	1cb9fe75db8a	5cd6893fd498	4c22	105e0	13088	5cd6893d2fc8	5cd6893fff40	b3de	7ffc7e35d298	5cd6893fd498	fffffffff71011b0	5cd689410530	5cd683d90520	15b0000	15b0000	10000	897
14.955116	75ffd	18013	4c22	10	457729	5cd6893c5a60	1277	10000	7ffc7e35d2a0	2aad	5cd68c3a4290	5cd689410530	5cd6882d0520	450000	450000	10000	271e
14.961896	75ff0	a7	4c22	7	6fa5a4	5cd6893c5a60	13	10000	7ffc7e35d2a0	2aad	5cd68c3a4290	5cd689410530	5cd687810520	700000	700000	10000	304
14.967833	75fad	5cd68c3797b0	4c22	11	949b9d	5cd6893c5a60	1a95	10000	7ffc7e35d2a0	2aad	5cd68c3a4290	5cd689410530	5cd686f50520	930000	930000	10000	2460
14.974151	7600e	21c7	4c22	d	b9438d	5cd6893c5a60	203	10000	7ffc7e35d2a0	2aad	5cd68c3a4290	5cd689410530	5cd686590520	ba0000	ba0000	10000	2301
14.980946	7600e	321d3	4c22	11	e451ae	5cd6893c5a60	23a5	10000	7ffc7e35d2a0	2aad	5cd68c3a4290	5cd689410530	5cd685ad0520	e50000	e50000	10000	58d6
14.990169	75fed	169d3	4c22	10	11dbb15	5cd6893c5a60	118c	10000	7ffc7e35d2a0	2aad	5cd68c3a4290	5cd689410530	5cd684c90520	11e0000	11e0000	10000	4214
15.001507	7600e	170f	4c22	c	166ae72	5cd6893c5a60	172	10000	7ffc7e35d2a0	2aad	5cd68c3a4290	5cd689410530	5cd683a50520	1670000	1670000	10000	5444
15.014918	7600e	89	4c22	7	475436	5cd6893c5a60	10	10000	7ffc7e35d2a0	2aad	5cd68c3a4290	5cd689410530	5cd688210520	480000	480000	10000	5085
15.020204	7600e	43	4c22	6	6a56d0	5cd6893c5a60	a	10000	7ffc7e35d2a0	2aad	5cd68c3a4290	5cd689410530	5cd687950520	6b0000	6b0000	10000	17f2
15.032175	1cb9fe6609e8	5cd68b92ad90	79905cc1ac80	5cd69345aff0	79905cc1ad70	79905cc1ad60	79905cc1ac80	81	7ffc7e35d050	5cd691791270	5cd691791270	5cd689382380	c9452bc815867652	5cd691791260	90	9	50
15.042520	75fed	d661	4c22	f	f25416	5cd6893c5a60	afd	10000	7ffc7e35d2a0	2aad	5cd68c3a4290	5cd689410530	5cd685750520	f30000	f30000	10000	c3f
15.049574	76077	ffff	dc10	11	11f2e8b	5cd6893c5a60	2aad	10000	7ffc7e35d2a0	2aad	5cd68c3a4290	5cd689410530	5cd684c50520	11f0000	dc0c	10000	0
15.062265	1cb9fe75e10a	0	0	6008	5cd69440c920	0	5cd694411000	7f	7ffc7e35d298	0	5cd69440c920	5cd694417000	206	5cd68b98b4a8	5cd6893d0520	aab4	7f
15.068845	75fed	1ab8d	4c22	10	22c667	5cd6893c5a60	1455	10000	7ffc7e35d2a0	2aad	5cd68c3a4290	5cd689410530	5cd688b50520	230000	230000	10000	138f
15.081640	75ffd	6faf	4c22	e	6b3aa8	5cd6893c5a60	608	10000	7ffc7e35d2a0	2aad	5cd68c3a4290	5cd689410530	5cd687950520	6b0000	6b0000	10000	17f2
15.091669	76073	5cd6893d0520	afc0	11	accdc1	5cd6893c5a60	2aad	10000	7ffc7e35d2a0	2aad	5cd68c3a4290	5cd689410530	5cd6869d0520	a90000	afbc	10000	0
15.102697	7600e	35	4c22	5	f16968	5cd6893c5a60	8	10000	7ffc7e35d2a0	2aad	5cd68c3a4290	5cd689410530	5cd685790520	f20000	f20000	10000	5861
15.108055	7600a	36b65	4c22	11	1105fe6	5cd6893c5a60	2692	10000	7ffc7e35d2a0	2aad	5cd68c3a4290	5cd689410530	5cd684fd0520	1110000	1110000	10000	4289
15.115287	7600e	35	4c22	5	13ff162	5cd6893c5a60	8	10000	7ffc7e35d2a0	2aad	5cd68c3a4290	5cd689410530	5cd684410520	1400000	1400000	10000	55a3
15.120764	1cb9fe75db8a	5cd6893fd498	4c22	11520	13088	5cd6893d2088	5cd6893ff000	b3de	7ffc7e35d298	5cd6893fd498	5cd68fb245d0	5cd693676a00	b	1630000	1630000	10000	1d10
15.132729	75fe9	1f7	4c22	8	3c9aca	5cd6893c5a60	36	10000	7ffc7e35d2a0	2aad	5cd68c3a4290	5cd689410530	5cd6884d0520	3d0000	3d0000	10000	12a5
15.143968	7600e	4c15	4c22	e	7f46c3	5cd6893c5a60	441	10000	7ffc7e35d2a0	2aad	5cd68c3a4290	5cd689410530	5cd687410520	800000	800000	10000	2bf6
15.155281	7600e	9b45	4c22	f	c202f0	5cd6893c5a60	82f	10000	7ffc7e35d2a0	2aad	5cd68c3a4290	5cd689410530	5cd686350520	c30000	c30000	10000	4547
15.164498	7600e	1dabb	4c22	10	f79a94	5cd6893c5a60	163c	10000	7ffc7e35d2a0	2aad	5cd68c3a4290	5cd689410530	5cd685610520	f80000	f80000	10000	5140
15.179076	75fd5	2821	4c22	d	1541e6a	5cd6893c5a60	24f	10000	7ffc7e35d2a0	2aad	5cd68c3a4290	5cd689410530	5cd683f10520	1540000	1540000	10000	1eb
15.193193	75fd5	223	4c22	9	2a0160	5cd6893c5a60	38	10000	7ffc7e35d2a0	2aad	5cd68c3a4290	5cd689410530	5cd688990520	2a0000	2a0000	10000	1a3b
15.201183	76005	37de9	4c22	11	56b05e	5cd6893c5a60	275a	10000	7ffc7e35d2a0	2aad	5cd68c3a4290	5cd689410530	5cd687e50520	570000	570000	10000	11bb
15.209076	7600e	239	4c22	9	86e76f	5cd6893c5a60	3b	10000	7ffc7e35d2a0	2aad	5cd68c3a4290	5cd689410530	5cd687250520	870000	870000	10000	32a2
15.217662	75fed	25	4c22	5	b5a36a	5cd6893c5a60	6	10000	7ffc7e35d2a0	2aad	5cd69453e720	5cd689410530	5cd686690520	b60000	b60000	10000	45bc
15.230965	7600a	fb	4c22	7	1099235	5cd6893c5a60	1d	10000	7ffc7e35d2a0	2aad	5cd68c3a4290	5cd689410530	5cd685190520	10a0000	10a0000	10000	3bdd
15.236367	75f99	207ef	4c22	11	12c6db5	5cd6893c5a60	182b	10000	7ffc7e35d2a0	2aad	5cd68c3a4290	5cd689410530	5cd684910520	12c0000	12c0000	10000	4f6c
15.244886	75faf	5cd68c3797b0	4c22	e	15f022c	5cd6893c5a60	538	10000	7ffc7e35d2a0	2aad	5cd68c3a4290	5cd689410530	5cd683c50520	15f0000	15f0000	10000	3fcb
15.257875	7600e	81bb	4c22	f	3d1bb2	5cd6893c5a60	705	10000	7ffc7e35d2a0	2aad	5cd68c3a4290	5cd689410530	5cd688490520	3e0000	3e0000	10000	2072
15.267079	7600a	3cf07	4c22	11	7705c1	5cd6893c5a60	2aa0	10000	7ffc7e35d2a0	2aad	5cd68c3a4290	5cd689410530	5cd687610520	780000	780000	10000	177d
15.274033	7600e	9ad	4c22	b	a05f06	5cd6893c5a60	c1	10000	7ffc7e35d2a0	2aad	5cd68c3a4290	5cd689410530	5cd686bd0520	a10000	a10000	10000	31b8
15.285836	75fad	5cd68c3797b0	4c22	10	e98183	5cd6893c5a60	1668	10000	7ffc7e35d2a0	2aad	5cd68c3a4290	5cd689410530	5cd6859d0520	e90000	e90000	10000	361b
15.291540	7600e	22733	4c22	11	108a5e6	5cd6893c5a60	198e	10000	7ffc7e35d2a0	2aad	5cd68c3a4290	5cd689410530	5cd6851d0520	1090000	1090000	10000	2e10
15.306615	7600e	9805	4c22	f	166ecda	5cd6893c5a60	80a	10000	7ffc7e35d2a0	2aad	5cd68c3a4290	5cd689410530	5cd683a50520	1670000	1670000	10000	5444
15.315216	76001	1e229	4c22	10	29a082	5cd6893c5a60	1686	10000	7ffc7e35d2a0	2aad	5cd68c3a4290	5cd689410530	5cd6889d0520	290000	290000	10000	c6e
15.329557	75fed	268ed	4c22	11	7d2e93	5cd6893c5a60	1c31	10000	7ffc7e35d2a0	2aad	5cd68c3a4290	5cd689410530	5cd687490520	7e0000	7e0000	10000	105c
15.337709	75fd1	5cd689385a40	4c22	11	af942d	5cd6893c5a60	1ba3	10000	7ffc7e35d2a0	2aad	5cd68c3a4290	5cd689410530	5cd686850520	af0000	af0000	10000	3f10
15.343517	7600a	bcb	4c22	b	d04bd5	5cd6893c5a60	de	10000	7ffc7e35d2a0	2aad	5cd68c3a4290	5cd689410530	5cd685fd0520	d10000	d10000	10000	529f
15.358134	75fed	2b	4c22	5	12694af	5cd6893c5a60	7	10000	7ffc7e35d2a0	2aad	5cd68c3a4290	5cd689410530	5cd684a50520	1270000	1270000	10000	a6b
15.366306	7600e	43	4c22	6	1584190	5cd6893c5a60	a	10000	7ffc7e35d2a0	2aad	5cd68c3a4290	5cd689410530	5cd683dd0520	1590000	1590000	10000	46ec
15.371710	7604c	7d98	7d94	11	7faf5	5cd6893c5a60	2aad	10000	7ffc7e35d2a0	2aad	5cd68c3a4290	5cd689410530	5cd6892d0520	50000	7d90	10000	0
15.380285	75fd1	5cd689385a40	4c22	10	399b3a	5cd6893c5a60	ffc	10000	7ffc7e35d2a0	2aad	5cd68c3a4290	5cd689410530	5cd6885d0520	390000	390000	10000	3560
15.389640	75fed	115	4c22	8	6d8879	5cd6893c5a60	21	10000	7ffc7e35d2a0	2aad	5cd68c3a4290	5cd689410530	5cd687890520	6e0000	6e0000	10000	4159
15.402894	76001	22505	4c22	11	c0b92c	5cd6893c5a60	197a	10000	7ffc7e35d2a0	2aad	5cd68c3a4290	5cd689410530	5cd686410520	c00000	c00000	10000	1be0
15.411293	76b20	5cd694850750	40	844	5cd35cd2c803	5cd689360010	7	5cd694830df0	7ffc7e35d2a0	5cd693713cc0	5cd68f670270	5cd68eb5bf00	c9452bc815867652	80	44	5cd69478f5f0	53
15.421076	75fed	c9d	4c22	b	12eb44e	5cd6893c5a60	ea	10000	7ffc7e35d2a0	2aad	5cd68c3a4290	5cd689410530	5cd684850520	12f0000	12f0000	10000	1ee4
15.433128	7600e	2b	4c22	5	5cb10	5cd6893c5a60	7	10000	7ffc7e35d2a0	2aad	5cd68c3a4290	5cd689410530	5cd689290520	60000	60000	10000	4501
15.443709	75fed	4f	4c22	6	3d8de1	5cd6893c5a60	d	10000	7ffc7e35d2a0	2aad	5cd68c3a4290	5cd689410530	5cd688490520	3e0000	3e0000	10000	2072
15.457033	75fed	d5fb	4c22	f	8626e0	5cd6893c5a60	af9	10000	7ffc7e35d2a0	2aad	5cd68c3a4290	5cd689410530	5cd687250520	870000	870000	10000	32a2
15.469870	7600e	43	4c22	6	cc1312	5cd6893c5a60	a	10000	7ffc7e35d2a0	2aad	5cd68c3a4290	5cd689410530	5cd6860d0520	cd0000	cd0000	10000	1b6b
15.478469	7600e	13af3	4c22	10	f902a6	5cd6893c5a60	f87	10000	7ffc7e35d2a0	2aad	5cd68c3a4290	5cd689410530	5cd685590520	fa0000	fa0000	10000	12eb
15.486439	75fed	25	4c22	5	12aca94	5cd6893c5a60	6	10000	7ffc7e35d2a0	2aad	5cd68c3a4290	5cd689410530	5cd684950520	12b0000	12b0000	10000	419f
15.497535	a4f7a	35f6d85bc2927e9f	191dd	0	9466	54b6	3f0082fe70cef2a9	7693	7ffc7e35d298	191dd	0	18fd9	c7ece05ffea675fe	133d	80000000000054b6	3f0082fe70cef2a9	2aad
15.504723	75fed	399af	4c22	11	2a3ea0	5cd6893c5a60	2878	10000	7ffc7e35d2a0	2aad	5cd68c3a4290	5cd689410530	5cd688950520	2b0000	2b0000	10000	2808
15.510826	7600e	220f7	4c22	11	4e01dc	5cd6893c5a60	194d	10000	7ffc7e35d2a0	2aad	5cd68c3a4290	5cd689410530	5cd688050520	4f0000	4f0000	10000	5731
15.517689	75fed	3ce5f	4c22	11	75fef6	5cd6893c5a60	2a98	10000	7ffc7e35d2a0	2aad	5cd68c3a4290	5cd689410530	5cd687690520	760000	760000	10000	55d2
15.530393	7600e	52f	4c22	a	c0f399	5cd6893c5a60	74	10000	7ffc7e35d2a0	2aad	5cd68c3a4290	5cd689410530	5cd6863d0520	c10000	c10000	10000	29ad
15.543702	7600e	178af	4c22	10	10fd748	5cd6893c5a60	1228	10000	7ffc7e35d2a0	2aad	5cd68c3a4290	5cd689410530	5cd685010520	1100000	1100000	10000	34bc
15.556255	75fed	4e79	4c22	e	15c988e	5cd6893c5a60	460	10000	7ffc7e35d2a0	2aad	5cd68c3a4290	5cd689410530	5cd683cd0520	15d0000	15d0000	10000	2431
15.566337	75fed	7669	4c22	e	29d44e	5cd6893c5a60	667	10000	7ffc7e35d2a0	2aad	5cd68c3a4290	5cd689410530	5cd688990520	2a0000	2a0000	10000	1a3b
15.580661	7600e	297cd	4c22	11	804b63	5cd6893c5a60	1e10	10000	7ffc7e35d2a0	2aad	5cd68c3a4290	5cd689410530	5cd6873d0520	810000	810000	10000	39c3
15.592745	76077	ffff	690	11	cd3e79	5cd6893c5a60	2aad	10000	7ffc7e35d2a0	2aad	5cd68c3a4290	5cd689410530	5cd686110520	cc0000	68c	10000	0
15.603689	75fed	3d	4c22	5	1101225	5cd6893c5a60	9	10000	7ffc7e35d2a0	2aad	5cd68c3a4290	5cd689410530	5cd684fd0520	1110000	1110000	10000	4289
15.617937	75fed	4729	4c22	e	16b31be	5cd6893c5a60	40a	10000	7ffc7e35d2a0	2aad	5cd68c3a4290	5cd689410530	5cd683910520	16c0000	16c0000	10000	3f56
15.628778	76066	5cd6893d0520	b140	11	41a57d	5cd6893c5a60	2aad	10000	7ffc7e35d2a0	2aad	5cd68c3a4290	5cd689410530	5cd688410520	400000	b13c	10000	0
15.642297	7600a	65	4c22	6	9726cd	5cd6893c5a60	e	10000	7ffc7e35d2a0	2aad	5cd68c3a4290	5cd689410530	5cd686e10520	980000	980000	10000	f72
15.654627	75fd5	980b	4c22	f	df00e2	5cd6893c5a60	80c	10000	7ffc7e35d2a0	2aad	5cd68c3a4290	5cd689410530	5cd685c50520	df0000	df0000	10000	608
15.664563	76077	ffff	c544	11	11edf8b	5cd6893c5a60	2aad	10000	7ffc7e35d2a0	2aad	5cd68c3a4290	5cd689410530	5cd684d10520	11c0000	c540	10000	0
15.669858	76055	8ce8	8ce4	11	13d6323	5cd6893c5a60	2aad	10000	7ffc7e35d2a0	2aad	5cd68c3a4290	5cd689410530	5cd6844d0520	13d0000	8ce0	10000	0
15.684937	75fed	77ad	4c22	e	2b1ce5	5cd6893c5a60	674	10000	7ffc7e35d2a0	2aad	5cd68c3a4290	5cd689410530	5cd688910520	2c0000	2c0000	10000	35d5
15.690341	7600e	17b	4c22	8	4e8d1a	5cd6893c5a60	2b	10000	7ffc7e35d2a0	2aad	5cd68c3a4290	5cd689410530	5cd688050520	4f0000	4f0000	10000	5731
15.700939	7600e	fbf3	4c22	f	910c5e	5cd6893c5a60	cb0	10000	7ffc7e35d2a0	2aad	5cd68c3a4290	5cd689410530	5cd686f90520	920000	920000	10000	1693
15.712057	76073	5cd6893d0520	bec	11	d894d4	5cd6893c5a60	2aad	10000	7ffc7e35d2a0	2aad	5cd68c3a4290	5cd689410530	5cd685e90520	d60000	be8	10000	0
15.724403	75fad	5cd68c3797b0	4c22	10	1240b48	5cd6893c5a60	15b4	10000	7ffc7e35d2a0	2aad	5cd68c3a4290	5cd689410530	5cd684b10520	1240000	1240000	10000	3af3
15.737147	75fa3	5f09	4c22	e	11b85	5cd6893c5a60	536	10000	7ffc7e35d2a0	2aad	5cd68c3a4290	5cd689410530	5cd6893d0520	10000	10000	10000	59ef
15.745727	76073	5cd6893d0520	1a74	11	361926	5cd6893c5a60	2aad	10000	7ffc7e35d2a0	2aad	5cd68c3a4290	5cd689410530	5cd688690520	360000	1a70	10000	0
15.755112	75fc9	2aad	4c22	11	736164	5cd6893c5a60	27b4	10000	7ffc7e35d2a0	2aad	5cd68c3a4290	5cd689410530	5cd687790520	720000	720000	10000	1e9e
15.763408	75fad	5cd68c3797b0	4c22	11	a51d8c	5cd6893c5a60	29a0	10000	7ffc7e35d2a0	2aad	5cd68c3a4290	5cd689410530	5cd686b50520	a30000	a30000	10000	4d52
15.772040	75fed	3af67	4c22	11	d9a834	5cd6893c5a60	2957	10000	7ffc7e35d2a0	2aad	5cd68c3a4290	5cd689410530	5cd685d90520	da0000	da0000	10000	1af6
15.783753	7600e	20ce1	4c22	11	12212fc	5cd6893c5a60	1868	10000	7ffc7e35d2a0	2aad	5cd68c3a4290	5cd689410530	5cd684b50520	1230000	1230000	10000	2d26
15.797408	75ff0	5ab	4c22	a	6d67a	5cd6893c5a60	7f	10000	7ffc7e35d2a0	2aad	5cd68c3a4290	5cd689410530	5cd689250520	70000	70000	10000	52ce
15.804027	7600e	4f	4c22	6	318400	5cd6893c5a60	d	10000	7ffc7e35d2a0	2aad	5cd68c3a4290	5cd689410530	5cd688790520	320000	320000	10000	2eb4
15.817292	76060	5cd6893d0520	d48	11	7e9e5f	5cd6893c5a60	2aad	10000	7ffc7e35d2a0	2aad	5cd68c3a4290	5cd689410530	5cd6874d0520	7d0000	d44	10000	0
15.823713	75fed	1e15d	4c22	10	9f56cd	5cd6893c5a60	167f	10000	7ffc7e35d2a0	2aad	5cd68c3a4290	5cd689410530	5cd686c10520	a00000	a00000	10000	23eb
15.831894	75fed	25e23	4c22	11	cce703	5cd6893c5a60	1bc9	10000	7ffc7e35d2a0	2aad	5cd68c3a4290	5cd689410530	5cd6860d0520	cd0000	cd0000	10000	1b6b
15.844718	76073	5cd6893d0520	ec98	11	1173057	5cd6893c5a60	2aad	10000	7ffc7e35d2a0	2aad	5cd68c3a4290	5cd689410530	5cd684ed0520	1150000	ec94	10000	0
15.855199	1cb9fe75e10a	0	0	66b8	5cd694ee0c00	0	5cd694ee5000	7e	7ffc7e35d298	0	5cd694ee0c00	5cd6893812f0	79905cc1ace0	5cd68b98b4a8	5cd6893d0520	aab4	7e
15.863105	76048	1111	29c8	11	15596e	5cd6893c5a60	2aad	10000	7ffc7e35d2a0	2aad	5cd68c3a4290	5cd689410530	5cd688ed0520	150000	29c4	10000	0
15.870311	7600e	4f	4c22	6	36c2ee	5cd6893c5a60	d	10000	7ffc7e35d2a0	2aad	5cd68c3a4290	5cd689410530	5cd688650520	370000	370000	10000	19c6
15.882407	7600a	33b	4c22	9	832dc0	5cd6893c5a60	4e	10000	7ffc7e35d2a0	2aad	5cd68c3a4290	5cd689410530	5cd687310520	840000	840000	10000	93b
15.895056	75fed	25a9b	4c22	11	cdec70	5cd6893c5a60	1ba3	10000	7ffc7e35d2a0	2aad	5cd68c3a4290	5cd689410530	5cd686090520	ce0000	ce0000	10000	2938
15.900537	75fed	9ded	4c22	f	edcc13	5cd6893c5a60	84d	10000	7ffc7e35d2a0	2aad	5cd68c3a4290	5cd689410530	5cd685890520	ee0000	ee0000	10000	212d
15.913435	75fed	e3	4c22	7	13c81b4	5cd6893c5a60	1a	10000	7ffc7e35d2a0	2aad	5cd68c3a4290	5cd689410530	5cd6844d0520	13d0000	13d0000	10000	2c3c
15.919163	7600e	eb9	4c22	b	15a5790	5cd6893c5a60	105	10000	7ffc7e35d2a0	2aad	5cd68c3a4290	5cd689410530	5cd683d50520	15b0000	15b0000	10000	897
15.933512	75fed	2dbfb	4c22	11	2e09da	5cd6893c5a60	20f2	10000	7ffc7e35d2a0	2aad	5cd68c3a4290	5cd689410530	5cd688850520	2f0000	2f0000	10000	54d
15.939849	75fed	2b9f9	4c22	11	56bde9	5cd6893c5a60	1f81	10000	7ffc7e35d2a0	2aad	5cd68c3a4290	5cd689410530	5cd687e50520	570000	570000	10000	11bb
15.951595	76077	ffff	83bc	11	9bb404	5cd6893c5a60	2aad	10000	7ffc7e35d2a0	2aad	5cd68c3a4290	5cd689410530	5cd686d50520	9b0000	83b8	10000	0
15.962348	76073	5cd6893d0520	1b18	11	dc8ba7	5cd6893c5a60	2aad	10000	7ffc7e35d2a0	2aad	5cd68c3a4290	5cd689410530	5cd685d90520	da0000	1b14	10000	0
15.970810	75fed	2b	4c22	5	10e5ff9	5cd6893c5a60	7	10000	7ffc7e35d2a0	2aad	5cd68c3a4290	5cd689410530	5cd685050520	10f0000	10f0000	10000	26ef
15.978206	7600e	f1	4c22	7	13d26e5	5cd6893c5a60	1c	10000	7ffc7e35d2a0	2aad	5cd68c3a4290	5cd689410530	5cd684490520	13e0000	13e0000	10000	3a09
15.988169	76a16	2aad	5cd68936ac00	36a35	5cd689385a40	39a6f	470b	5cd695031900	7ffc7e35d2a0	39a4f	2880	5cd691bbff10	c9452bc815867652	2aad	4	2881	14
15.999304	75fed	20b9	4c22	d	502fcb	5cd6893c5a60	1f6	10000	7ffc7e35d2a0	2aad	5cd68c3a4290	5cd689410530	5cd687fd0520	510000	510000	10000	18dc
16.010523	75fed	3d1	4c22	9	9626d6	5cd6893c5a60	57	10000	7ffc7e35d2a0	2aad	5cd68c3a4290	5cd689410530	5cd686e50520	970000	970000	10000	1a5
16.017670	7600e	10229	4c22	10	c3e122	5cd6893c5a60	cee	10000	7ffc7e35d2a0	2aad	5cd68c3a4290	5cd689410530	5cd686310520	c40000	c40000	10000	5314
16.032372	75fed	20c53	4c22	11	12005b2	5cd6893c5a60	1861	10000	7ffc7e35d2a0	2aad	5cd68c3a4290	5cd689410530	5cd684bd0520	1210000	1210000	10000	118c
16.038583	75fed	36589	4c22	11	146c84c	5cd6893c5a60	2653	10000	7ffc7e35d2a0	2aad	5cd68c3a4290	5cd689410530	5cd684250520	1470000	1470000	10000	260
16.045456	75668	571e	1e671	1e671	d94a	8df0	16b4	13599	7ffc7e35d2a0	1e671	0	18fd9	c7ece05ffea675fe	16b4	8000000000001345	2875a4d63085b7b4	2aad
16.058610	7600e	4f	4c22	6	4fc3e7	5cd6893c5a60	d	10000	7ffc7e35d2a0	2aad	5cd68c3a4290	5cd689410530	5cd688010520	500000	500000	10000	b0f
16.071847	75ff0	b5	4c22	7	9fb882	5cd6893c5a60	15	10000	7ffc7e35d2a0	2aad	5cd68c3a4290	5cd689410530	5cd686c10520	a00000	a00000	10000	23eb
16.079698	76048	1111	e2c8	11	d2aea1	5cd6893c5a60	2aad	10000	7ffc7e35d2a0	2aad	5cd68c3a4290	5cd689410530	5cd685fd0520	d10000	e2c4	10000	0
16.091357	75fed	185	4c22	8	117834c	5cd6893c5a60	2c	10000	7ffc7e35d2a0	2aad	5cd68c3a4290	5cd689410530	5cd684e10520	1180000	1180000	10000	4935
16.103387	76001	26d89	4c22	11	15f65c9	5cd6893c5a60	1c56	10000	7ffc7e35d2a0	2aad	5cd68c3a4290	5cd689410530	5cd683c90520	15e0000	15e0000	10000	31fe
16.116174	76011	3f5	4c22	9	3f1b89	5cd6893c5a60	5b	10000	7ffc7e35d2a0	2aad	5cd68c3a4290	5cd689410530	5cd688410520	400000	400000	10000	3c0c
16.128504	1cb9fe75db8a	5cd6893d0520	b3e	13444	13ac4	5cd6922be188	5cd6893d0ba0	4eb1	7ffc7e35d298	5cd6893d0520	5cd68c3a4290	5cd689410530	5cd687550520	7c0000	7c0000	10000	4eb1
16.141824	75fed	3d	4c22	5	c21702	5cd6893c5a60	9	10000	7ffc7e35d2a0	2aad	5cd68c3a4290	5cd689410530	5cd686350520	c30000	c30000	10000	4547
16.149752	75fed	2ea15	4c22	11	f29b67	5cd6893c5a60	2183	10000	7ffc7e35d2a0	2aad	5cd68c3a4290	5cd689410530	5cd685750520	f30000	f30000	10000	c3f
16.161904	7604c	14d0	14cc	11	13f02d8	5cd6893c5a60	2aad	10000	7ffc7e35d2a0	2aad	5cd68c3a4290	5cd689410530	5cd6844d0520	13d0000	14c8	10000	0
16.173328	7604c	4188	4184	11	13dd2d	5cd6893c5a60	2aad	10000	7ffc7e35d2a0	2aad	5cd68c3a4290	5cd689410530	5cd688f50520	130000	4180	10000	0
16.186634	76060	5cd6893d0520	c70	11	6b9782	5cd6893c5a60	2aad	10000	7ffc7e35d2a0	2aad	5cd68c3a4290	5cd689410530	5cd687a10520	680000	c6c	10000	0
16.200653	7600e	65	4c22	6	b93fc9	5cd6893c5a60	e	10000	7ffc7e35d2a0	2aad	5cd68c3a4290	5cd689410530	5cd686590520	ba0000	ba0000	10000	2301
16.210341	7600e	3cf7f	4c22	11	e74308	5cd6893c5a60	2aa2	10000	7ffc7e35d2a0	2aad	5cd68c3a4290	5cd689410530	5cd685a10520	e80000	e80000	10000	284e
16.221840	75fed	29485	4c22	11	124d766	5cd6893c5a60	1dea	10000	7ffc7e35d2a0	2aad	5cd68c3a4290	5cd689410530	5cd684ad0520	1250000	1250000	10000	48c0
16.227343	75fad	5cd68c3797b0	4c22	11	1409a30	5cd6893c5a60	1831	10000	7ffc7e35d2a0	2aad	5cd68c3a4290	5cd689410530	5cd684410520	1400000	1400000	10000	55a3
16.237732	7604c	8560	855c	11	11945d	5cd6893c5a60	2aad	10000	7ffc7e35d2a0	2aad	5cd68c3a4290	5cd689410530	5cd689050520	f0000	8558	10000	0
16.251970	75fed	107	4c22	8	63a699	5cd6893c5a60	1f	10000	7ffc7e35d2a0	2aad	5cd68c3a4290	5cd689410530	5cd687b10520	640000	640000	10000	1146
16.264536	75ff0	239	4c22	9	a752db	5cd6893c5a60	3b	10000	7ffc7e35d2a0	2aad	5cd68c3a4290	5cd689410530	5cd686a10520	a80000	a80000	10000	3864
16.273882	75fed	38f	4c22	9	df9033	5cd6893c5a60	54	10000	7ffc7e35d2a0	2aad	5cd68c3a4290	5cd689410530	5cd685c10520	e00000	e00000	10000	13d5
16.283022	75fed	3d	4c22	5	11bb425	5cd6893c5a60	9	10000	7ffc7e35d2a0	2aad	5cd68c3a4290	5cd689410530	5cd684d10520	11c0000	11c0000	10000	267a
16.295191	75fed	c3d3	4c22	f	16040a8	5cd6893c5a60	a1c	10000	7ffc7e35d2a0	2aad	5cd68c3a4290	5cd689410530	5cd683bd0520	1610000	1610000	10000	176
16.306314	75fed	8e1f	4c22	f	337f34	5cd6893c5a60	796	10000	7ffc7e35d2a0	2aad	5cd68c3a4290	5cd689410530	5cd688710520	340000	340000	10000	4a4e
16.312979	7600e	1c0ab	4c22	10	5d0cdb	5cd6893c5a60	1521	10000	7ffc7e35d2a0	2aad	5cd68c3a4290	5cd689410530	5cd687c90520	5e0000	5e0000	10000	1867
16.320535	76060	5cd6893d0520	f758	11	8f7fe0	5cd6893c5a60	2aad	10000	7ffc7e35d2a0	2aad	5cd68c3a4290	5cd689410530	5cd687090520	8e0000	f754	10000	0
16.331335	75fed	4ac5	4c22	e	d16457	5cd6893c5a60	430	10000	7ffc7e35d2a0	2aad	5cd68c3a4290	5cd689410530	5cd685f90520	d20000	d20000	10000	67d
16.336540	7604c	ab34	ab30	11	f2ab8e	5cd6893c5a60	2aad	10000	7ffc7e35d2a0	2aad	5cd68c3a4290	5cd689410530	5cd685790520	f20000	ab2c	10000	0
16.351563	75fed	1bb	4c22	8	1505a02	5cd6893c5a60	32	10000	7ffc7e35d2a0	2aad	5cd68c3a4290	5cd689410530	5cd683fd0520	1510000	1510000	10000	3273
16.362025	7600e	1b7	4c22	8	20172c	5cd6893c5a60	31	10000	7ffc7e35d2a0	2aad	5cd68c3a4290	5cd689410530	5cd688bd0520	210000	210000	10000	51e4
16.377035	7600e	d3	4c22	7	7a1518	5cd6893c5a60	19	10000	7ffc7e35d2a0	2aad	5cd68c3a4290	5cd689410530	5cd687550520	7b0000	7b0000	10000	40e4
16.390388	76073	5cd6893d0520	5394	11	ce0eb3	5cd6893c5a60	2aad	10000	7ffc7e35d2a0	2aad	5cd68c3a4290	5cd689410530	5cd686090520	ce0000	5390	10000	0
16.404627	75fed	a3	4c22	7	126d5ba	5cd6893c5a60	12	10000	7ffc7e35d2a0	2aad	5cd68c3a4290	5cd689410530	5cd684a50520	1270000	1270000	10000	a6b
16.417281	a5094	394	5cd65e4e8000	0	ae6e	0	532550a	699a	7ffc7e35d298	1739b	5cd68a0179f0	77	79905cc1ace0	11f4	b9	1739b	c99
16.428256	75fe4	14327	4c22	10	36325d	5cd6893c5a60	fe6	10000	7ffc7e35d2a0	2aad	5cd689410530	5cd68c38ed20	5cd688690520	360000	360000	10000	bf9
16.435261	75fed	10f	4c22	8	587567	5cd6893c5a60	20	10000	7ffc7e35d2a0	2aad	5cd689410530	5cd68c38ed20	5cd687dd0520	590000	590000	10000	2d55
16.442077	7600e	34435	4c22	11	829c8f	5cd6893c5a60	24ea	10000	7ffc7e35d2a0	2aad	5cd689410530	5cd68c38ed20	5cd687350520	830000	830000	10000	555d
16.451618	75fed	1a7b	4c22	c	be9e42	5cd6893c5a60	1a1	10000	7ffc7e35d2a0	2aad	5cd689410530	5cd68c38ed20	5cd686450520	bf0000	bf0000	10000	e13
16.460511	7600e	1dd5b	4c22	10	f68de0	5cd6893c5a60	1656	10000	7ffc7e35d2a0	2aad	5cd689410530	5cd68c38ed20	5cd685650520	f70000	f70000	10000	4373
16.474240	77647	5cd68c3b5230	b	a0	79905cc1ac80	0	7	0	7ffc7e35d2a0	5cd68c3b5230	5cd68c3b5230	5cd68c3b97f0	c9452bc815867652	5cd6957ac000	62c	5cd6957b5204	62c
16.487240	75fed	1e8ff	4c22	10	2cca1c	5cd6893c5a60	16d5	10000	7ffc7e35d2a0	2aad	5cd689410530	5cd68c38ed20	5cd6888d0520	2d0000	2d0000	10000	43a2
16.499267	7600e	2b	4c22	5	78ebb3	5cd6893c5a60	7	10000	7ffc7e35d2a0	2aad	5cd689410530	5cd68c38ed20	5cd6875d0520	790000	790000	10000	254a
16.510695	75fed	2e7	4c22	9	c1d6e8	5cd6893c5a60	4a	10000	7ffc7e35d2a0	2aad	5cd689410530	5cd68c38ed20	5cd686390520	c20000	c20000	10000	377a
16.521301	75f9c	3c3f1	4c22	11	108bee9	5cd6893c5a60	2a27	10000	7ffc7e35d2a0	2aad	5cd689410530	5cd68c38ed20	5cd685290520	1060000	1060000	10000	4a9
16.534662	7600e	30fd1	4c22	11	1519d4b	5cd6893c5a60	22ff	10000	7ffc7e35d2a0	2aad	5cd689410530	5cd68c38ed20	5cd683f90520	1520000	1520000	10000	4040
16.547218	75fed	2b	4c22	5	2e8adf	5cd6893c5a60	7	10000	7ffc7e35d2a0	2aad	5cd689410530	5cd68c38ed20	5cd688850520	2f0000	2f0000	10000	54d
16.552598	75fed	a3	4c22	7	4ef976	5cd6893c5a60	12	10000	7ffc7e35d2a0	2aad	5cd689410530	5cd68c38ed20	5cd688050520	4f0000	4f0000	10000	5731
16.564834	7600e	31327	4c22	11	99255c	5cd6893c5a60	2318	10000	7ffc7e35d2a0	2aad	5cd689410530	5cd68c38ed20	5cd686d90520	9a0000	9a0000	10000	2b0c
16.571697	75fed	1548b	4c22	10	c2c1f2	5cd6893c5a60	1097	10000	7ffc7e35d2a0	2aad	5cd689410530	5cd68c38ed20	5cd686350520	c30000	c30000	10000	4547
16.586458	7600e	43	4c22	6	120bf77	5cd6893c5a60	a	10000	7ffc7e35d2a0	2aad	5cd689410530	5cd68c38ed20	5cd684bd0520	1210000	1210000	10000	118c
16.600140	756c2	33	39e21	0	e19c	17c51	28a2	27650	7ffc7e35d2a0	39e21	0	1a34b	d1a5b32d718ecfac	28a2	7fffffffffff32d7	bca937b3ff7ce7a3	2aad
16.606985	7604c	d28	d24	11	2aa2fb	5cd6893c5a60	2aad	10000	7ffc7e35d2a0	2aad	5cd689410530	5cd68c38ed20	5cd688990520	2a0000	d20	10000	0
16.622020	76073	5cd6893d0520	584c	11	89fe36	5cd6893c5a60	2aad	10000	7ffc7e35d2a0	2aad	5cd689410530	5cd68c38ed20	5cd687210520	880000	5848	10000	0
16.632767	1cb9fe75db8a	5cd6893e1a3c	59ef	e9c	52a0	5cd6956cd744	5cd6893e5e40	4547	7ffc7e35d298	5cd6893e1a3c	5cd689410530	5cd68c38ed20	5cd686390520	c30000	c30000	10000	4547
16.642767	7600e	291a1	4c22	11	1010d42	5cd6893c5a60	1dd2	10000	7ffc7e35d2a0	2aad	5cd689410530	5cd68c38ed20	5cd685390520	1020000	1020000	10000	2764
16.650493	76001	36301	4c22	11	13229e5	5cd6893c5a60	263b	10000	7ffc7e35d2a0	2aad	5cd689410530	5cd68c38ed20	5cd684790520	1320000	1320000	10000	484b
16.663589	75fed	118d	4c22	c	14d82c	5cd6893c5a60	129	10000	7ffc7e35d2a0	2aad	5cd689410530	5cd68c38ed20	5cd688ed0520	150000	150000	10000	637
16.673762	75fc0	2aad	4c22	11	59b90c	5cd6893c5a60	1a4a	10000	7ffc7e35d2a0	2aad	5cd689410530	5cd68c38ed20	5cd687e10520	580000	580000	10000	1f88
16.681060	75fed	38795	4c22	11	86dff7	5cd6893c5a60	27c6	10000	7ffc7e35d2a0	2aad	5cd689410530	5cd68c38ed20	5cd687250520	870000	870000	10000	32a2
16.694261	7600e	37891	4c22	11	dac0cd	5cd6893c5a60	2722	10000	7ffc7e35d2a0	2aad	5cd689410530	5cd68c38ed20	5cd685d50520	db0000	db0000	10000	28c3
16.706471	7600e	4cd	4c22	a	12a99e3	5cd6893c5a60	6c	10000	7ffc7e35d2a0	2aad	5cd689410530	5cd68c38ed20	5cd684950520	12b0000	12b0000	10000	419f
16.718721	7600e	49	4c22	6	8172c	5cd6893c5a60	c	10000	7ffc7e35d2a0	2aad	5cd689410530	5cd68c38ed20	5cd6891d0520	90000	90000	10000	1479
16.729317	7604c	b918	b914	11	4bfe1c	5cd6893c5a60	2aad	10000	7ffc7e35d2a0	2aad	5cd689410530	5cd68c38ed20	5cd688150520	4b0000	b910	10000	0
16.741660	75fed	285e5	4c22	11	9af608	5cd6893c5a60	1d5c	10000	7ffc7e35d2a0	2aad	5cd689410530	5cd68c38ed20	5cd686d50520	9b0000	9b0000	10000	38d9
16.750569	76001	3856f	4c22	11	d436cc	5cd6893c5a60	27b2	10000	7ffc7e35d2a0	2aad	5cd689410530	5cd68c38ed20	5cd685f90520	d20000	d20000	10000	67d
16.763838	75fd8	3c1bb	4c22	11	12799c7	5cd6893c5a60	2a0d	10000	7ffc7e35d2a0	2aad	5cd689410530	5cd68c38ed20	5cd684b10520	1240000	1240000	10000	3af3
16.778960	75fed	8b	4c22	7	12784b	5cd6893c5a60	11	10000	7ffc7e35d2a0	2aad	5cd689410530	5cd68c38ed20	5cd688f50520	130000	130000	10000	448c
16.792910	774cb	5cd68accf450	13	3	8	5	5cd68accf728	22a5	7ffc7e35d2a0	6	5cd68accf6f8	13	5cd68d46dd30	13	6	0	5cd695b74920
16.801344	7600e	1e671	4c22	10	9ff340	5cd6893c5a60	16b4	10000	7ffc7e35d2a0	2aad	5cd689410530	5cd68c38ed20	5cd686c10520	a00000	a00000	10000	23eb
16.810933	7600e	47	4c22	6	d56085	5cd6893c5a60	b	10000	7ffc7e35d2a0	2aad	5cd689410530	5cd68c38ed20	5cd685e90520	d60000	d60000	10000	3db1
16.821988	75fed	43	4c22	6	1148a20	5cd6893c5a60	a	10000	7ffc7e35d2a0	2aad	5cd689410530	5cd68c38ed20	5cd684ed0520	1150000	1150000	10000	1fce
16.830965	7607c	1111	5398	11	14720a5	5cd6893c5a60	2aad	10000	7ffc7e35d2a0	2aad	5cd689410530	5cd68c38ed20	5cd684310520	1440000	5394	10000	0
16.845128	75fed	c73	4c22	b	291463	5cd6893c5a60	e7	10000	7ffc7e35d2a0	2aad	5cd689410530	5cd68c38ed20	5cd688990520	2a0000	2a0000	10000	1a3b
16.851448	76a26	2aad	5cd68936ac00	15cd	4d6196	5abb	da	5cd695bf8c90	7ffc7e35d2a0	5aa3	4fc	5cd69136c2b0	c9452bc815867652	2aad	25	4fd	32
16.859421	75fed	2410f	4c22	11	7bde5e	5cd6893c5a60	1aa1	10000	7ffc7e35d2a0	2aad	5cd689410530	5cd68c38ed20	5cd687510520	7c0000	7c0000	10000	4eb1
16.872433	7600e	10259	4c22	10	cf716e	5cd6893c5a60	cf1	10000	7ffc7e35d2a0	2aad	5cd689410530	5cd68c38ed20	5cd686010520	d00000	d00000	10000	44d2
16.884034	7600e	65	4c22	6	1194fc1	5cd6893c5a60	e	10000	7ffc7e35d2a0	2aad	5cd689410530	5cd68c38ed20	5cd684d90520	11a0000	11a0000	10000	ae0
16.893016	75fb7	2aad	4c22	11	14f3c00	5cd6893c5a60	25a9	10000	7ffc7e35d2a0	2aad	5cd689410530	5cd68c38ed20	5cd684050520	14f0000	14f0000	10000	16d9
16.907075	75fed	14ced	4c22	10	3311ed	5cd6893c5a60	1050	10000	7ffc7e35d2a0	2aad	5cd689410530	5cd68c38ed20	5cd688710520	340000	340000	10000	4a4e
16.915806	76060	5cd6893d0520	e578	11	6d7a90	5cd6893c5a60	2aad	10000	7ffc7e35d2a0	2aad	5cd689410530	5cd68c38ed20	5cd687990520	6a0000	e574	10000	0
16.921379	7600e	239	4c22	9	8b74bd	5cd6893c5a60	3b	10000	7ffc7e35d2a0	2aad	5cd689410530	5cd68c38ed20	5cd687110520	8c0000	8c0000	10000	1db4
16.936383	7600e	3d	4c22	5	ec8033	5cd6893c5a60	9	10000	7ffc7e35d2a0	2aad	5cd689410530	5cd68c38ed20	5cd6858d0520	ed0000	ed0000	10000	1360
16.943622	75fed	5efd	4c22	e	1193ed1	5cd6893c5a60	534	10000	7ffc7e35d2a0	2aad	5cd689410530	5cd68c38ed20	5cd684d90520	11a0000	11a0000	10000	ae0
16.954261	75fed	2b3	4c22	9	15fb64a	5cd6893c5a60	47	10000	7ffc7e35d2a0	2aad	5cd689410530	5cd68c38ed20	5cd683c10520	1600000	1600000	10000	4d98
16.965831	7600e	26b7f	4c22	11	37ebac	5cd6893c5a60	1c46	10000	7ffc7e35d2a0	2aad	5cd689410530	5cd68c38ed20	5cd688610520	380000	380000	10000	2793
16.972880	75fed	2b	4c22	5	67e9cb	5cd6893c5a60	7	10000	7ffc7e35d2a0	2aad	5cd689410530	5cd68c38ed20	5cd687a10520	680000	680000	10000	487a
16.982092	75fed	47	4c22	6	95bd86	5cd6893c5a60	b	10000	7ffc7e35d2a0	2aad	5cd689410530	5cd68c38ed20	5cd686e90520	960000	960000	10000	4dc7
16.992537	7600e	11b	4c22	8	d757ad	5cd6893c5a60	22	10000	7ffc7e35d2a0	2aad	5cd689410530	5cd68c38ed20	5cd685e10520	d80000	d80000	10000	594b
17.005077	75fed	241	4c22	9	12889a3	5cd6893c5a60	3c	10000	7ffc7e35d2a0	2aad	5cd689410530	5cd68c38ed20	5cd6849d0520	1290000	1290000	10000	2605
17.013335	75fed	1e5b1	4c22	10	15a3533	5cd6893c5a60	16ac	10000	7ffc7e35d2a0	2aad	5cd689410530	5cd68c38ed20	5cd683d50520	15b0000	15b0000	10000	897
17.020478	7600e	257b9	4c22	11	146d9c	5cd6893c5a60	1b84	10000	7ffc7e35d2a0	2aad	5cd689410530	5cd68c38ed20	5cd688ed0520	150000	150000	10000	637
17.035101	76073	5cd6893d0520	360c	11	75c699	5cd6893c5a60	2aad	10000	7ffc7e35d2a0	2aad	5cd689410530	5cd68c38ed20	5cd687710520	740000	3608	10000	0
17.043077	7600e	1a951	4c22	10	a61748	5cd6893c5a60	143d	10000	7ffc7e35d2a0	2aad	5cd689410530	5cd68c38ed20	5cd686a50520	a70000	a70000	10000	2a97
17.056771	1cb9fe75db8a	5cd6893e6cdc	59ef	bb58	167bc	5cd6893db184	5cd6893f1940	59ef	7ffc7e35d298	5cd6893e6cdc	5cd689410530	5cd68c38ed20	5cd685550520	fc0000	fc0000	10000	2e85
17.069757	7600e	95f	4c22	b	14f1809	5cd6893c5a60	bd	10000	7ffc7e35d2a0	2aad	5cd689410530	5cd68c38ed20	5cd684010520	1500000	1500000	10000	24a6
17.079777	7600e	a3	4c22	7	1bc4b7	5cd6893c5a60	12	10000	7ffc7e35d2a0	2aad	5cd689410530	5cd68c38ed20	5cd688d10520	1c0000	1c0000	10000	ce3
17.087711	7600e	577	4c22	a	4da6d7	5cd6893c5a60	78	10000	7ffc7e35d2a0	2aad	5cd689410530	5cd68c38ed20	5cd688090520	4e0000	4e0000	10000	4964
17.101290	75fed	1885	4c22	c	a40b95	5cd6893c5a60	182	10000	7ffc7e35d2a0	2aad	5cd689410530	5cd68c38ed20	5cd686ad0520	a50000	a50000	10000	efd
17.111571	7600e	9f43	4c22	f	d7b291	5cd6893c5a60	85e	10000	7ffc7e35d2a0	2aad	5cd689410530	5cd68c38ed20	5cd685e10520	d80000	d80000	10000	594b
17.121148	76011	3cbf	4c22	d	114c66f	5cd6893c5a60	37c	10000	7ffc7e35d2a0	2aad	5cd689410530	5cd68c38ed20	5cd684ed0520	1150000	1150000	10000	1fce
17.135194	76005	17dfb	4c22	10	16e532f	5cd6893c5a60	125c	10000	7ffc7e35d2a0	2aad	5cd689410530	5cd68c38ed20	5cd683890520	16e0000	16e0000	10000	101
17.143174	76060	5cd6893d0520	be04	11	30259a	5cd6893c5a60	2aad	10000	7ffc7e35d2a0	2aad	5cd689410530	5cd68c38ed20	5cd6888d0520	2d0000	be00	10000	0
17.148746	1cb9fe75e10a	0	1	5a98	5cd6960defe0	0	5cd6960e4000	7e	7ffc7e35d298	0	5cd6960defe0	5cd68d726b00	79905cc1ace0	5cd689362118	5cd6893d0520	aab4	7e
17.160602	7bd8d	5cd689382380	2	3c	5cd696091370	5cd65e4ec938	7ffc7e35d128	0	7ffc7e35d120	3c	0	1f8	c9452bc815867652	5cd69609147c	0	1f8	5cd696091280
17.169376	7600e	333df	4c22	11	d156fd	5cd6893c5a60	245d	10000	7ffc7e35d2a0	2aad	5cd689410530	5cd68c38ed20	5cd685f90520	d20000	d20000	10000	67d
17.180381	1cb9fe75db8a	5cd6893df2c0	59ef	683c	7a1c	5cd6956ca520	5cd6893e04a0	3b68	7ffc7e35d298	5cd6893df2c0	5cd689410530	5cd68c38ed20	5cd684e90520	1170000	1170000	10000	3b68
17.190620	7600e	21acd	4c22	11	1534782	5cd6893c5a60	1905	10000	7ffc7e35d2a0	2aad	5cd689410530	5cd68c38ed20	5cd683f10520	1540000	1540000	10000	1eb
17.196665	75fad	5cd6922bae10	4c22	10	53413	5cd6893c5a60	1787	10000	7ffc7e35d2a0	2aad	5cd689410530	5cd68c38ed20	5cd6892d0520	50000	50000	10000	3734
17.209472	75ff5	15e99	4c22	10	55209b	5cd6893c5a60	1109	10000	7ffc7e35d2a0	2aad	5cd689410530	5cd68c38ed20	5cd687ed0520	550000	550000	10000	5010
17.214763	75f99	24a4b	4c22	11	771992	5cd6893c5a60	1af6	10000	7ffc7e35d2a0	2aad	5cd689410530	5cd68c38ed20	5cd687650520	770000	770000	10000	9b0
17.220818	76001	32003	4c22	11	9e0537	5cd6893c5a60	2392	10000	7ffc7e35d2a0	2aad	5cd689410530	5cd68c38ed20	5cd686d10520	9c0000	9c0000	10000	46a6
17.232733	75fed	28d	4c22	9	ddbdeb	5cd6893c5a60	43	10000	7ffc7e35d2a0	2aad	5cd689410530	5cd68c38ed20	5cd685c90520	de0000	de0000	10000	522a
17.246631	7600e	101	4c22	8	1343908	5cd6893c5a60	1e	10000	7ffc7e35d2a0	2aad	5cd689410530	5cd68c38ed20	5cd6846d0520	1350000	1350000	10000	17c3
17.258294	76060	5cd6893d0520	2c90	11	e7cb2	5cd6893c5a60	2aad	10000	7ffc7e35d2a0	2aad	5cd689410530	5cd68c38ed20	5cd6890d0520	d0000	2c8c	10000	0
17.265407	75fed	dded	4c22	f	3b01fa	5cd6893c5a60	b5a	10000	7ffc7e35d2a0	2aad	5cd689410530	5cd68c38ed20	5cd688510520	3c0000	3c0000	10000	4d8
17.274162	7600e	b5	4c22	7	6f2108	5cd6893c5a60	15	10000	7ffc7e35d2a0	2aad	5cd689410530	5cd68c38ed20	5cd687810520	700000	700000	10000	304
17.287973	75fed	282f7	4c22	11	c6ff53	5cd6893c5a60	1d42	10000	7ffc7e35d2a0	2aad	5cd689410530	5cd68c38ed20	5cd686250520	c70000	c70000	10000	228c
17.295166	75ffd	3121	4c22	d	f4170e	5cd6893c5a60	2d6	10000	7ffc7e35d2a0	2aad	5cd689410530	5cd68c38ed20	5cd685710520	f40000	f40000	10000	1a0c
17.306626	75fed	65	4c22	6	13d970d	5cd6893c5a60	e	10000	7ffc7e35d2a0	2aad	5cd689410530	5cd68c38ed20	5cd684490520	13e0000	13e0000	10000	3a09
17.318103	1cb9fe75db8a	5cd6893e6cdc	59ef	145b8	167bc	5cd6893d2724	5cd6893e8ee0	59ef	7ffc7e35d298	5cd6893e6cdc	fffffffff3d0c1f0	5cd68c38ed20	5cd688ed0520	160000	160000	10000	1404
17.324015	1cb9fe75db8a	5cd6893d0520	16c2	c474	10cb4	5cd6956d3688	5cd6893d4d60	432d	7ffc7e35d298	5cd6893d0520	5cd694a0ac68	d	c9452bc815867652	3a0000	3a0000	10000	432d
17.335153	7600e	31f2b	4c22	11	805da3	5cd6893c5a60	2387	10000	7ffc7e35d2a0	2aad	5cd689410530	5cd68c38ed20	5cd6873d0520	810000	810000	10000	39c3
17.349054	7600e	25	4c22	5	da3720	5cd6893c5a60	6	10000	7ffc7e35d2a0	2aad	5cd689410530	5cd68c38ed20	5cd685d50520	db0000	db0000	10000	28c3
17.360485	75fed	298f3	4c22	11	1200c50	5cd6893c5a60	1e20	10000	7ffc7e35d2a0	2aad	5cd689410530	5cd68c38ed20	5cd684bd0520	1210000	1210000	10000	118c
17.367380	7600e	137	4c22	8	14c89b4	5cd6893c5a60	24	10000	7ffc7e35d2a0	2aad	5cd689410530	5cd68c38ed20	5cd6840d0520	14d0000	14d0000	10000	552e
17.374317	75fed	2b	4c22	5	5c00f	5cd6893c5a60	7	10000	7ffc7e35d2a0	2aad	5cd689410530	5cd68c38ed20	5cd689290520	60000	60000	10000	4501
17.380093	7600e	65	4c22	6	29e2ad	5cd6893c5a60	e	10000	7ffc7e35d2a0	2aad	5cd689410530	5cd68c38ed20	5cd688990520	2a0000	2a0000	10000	1a3b
17.389991	7600e	4a9	4c22	a	68a311	5cd6893c5a60	69	10000	7ffc7e35d2a0	2aad	5cd689410530	5cd68c38ed20	5cd6879d0520	690000	690000	10000	5647
17.401822	76077	ffff	be4	11	b6f772	5cd6893c5a60	2aad	10000	7ffc7e35d2a0	2aad	5cd689410530	5cd68c38ed20	5cd686710520	b40000	be0	10000	0
17.416481	1cb9fe75db8a	5cd6893fd498	4c22	dbc0	13088	5cd6893d59e8	5cd689402960	b3de	7ffc7e35d298	5cd6893fd498	5cd689410530	5cd68c38ed20	5cd685010520	1110000	1110000	10000	4289
17.424452	75fed	1f26d	4c22	10	141502a	5cd6893c5a60	173d	10000	7ffc7e35d2a0	2aad	5cd689410530	5cd68c38ed20	5cd684390520	1420000	1420000	10000	174e
17.431635	75fed	d925	4c22	f	16c03b7	5cd6893c5a60	b1c	10000	7ffc7e35d2a0	2aad	5cd689410530	5cd68c38ed20	5cd6838d0520	16d0000	16d0000	10000	4d23
17.439522	7600e	f1	4c22	7	2b8eaa	5cd6893c5a60	1c	10000	7ffc7e35d2a0	2aad	5cd689410530	5cd68c38ed20	5cd688910520	2c0000	2c0000	10000	35d5
17.450149	75f99	27d97	4c22	11	6c72a0	5cd6893c5a60	1d01	10000	7ffc7e35d2a0	2aad	5cd689410530	5cd68c38ed20	5cd687990520	6a0000	6a0000	10000	a25
17.462130	76073	5cd6893d0520	b730	11	accc5a	5cd6893c5a60	2aad	10000	7ffc7e35d2a0	2aad	5cd689410530	5cd68c38ed20	5cd686950520	ab0000	b72c	10000	0
17.472478	7600e	2b3	4c22	9	eb9ab1	5cd6893c5a60	47	10000	7ffc7e35d2a0	2aad	5cd689410530	5cd68c38ed20	5cd685910520	ec0000	ec0000	10000	593
17.482933	7600e	4c7	4c22	a	12cc55c	5cd6893c5a60	6b	10000	7ffc7e35d2a0	2aad	5cd689410530	5cd68c38ed20	5cd6848d0520	12d0000	12d0000	10000	34a
17.490048	7600e	13ed	4c22	c	15ababb	5cd6893c5a60	148	10000	7ffc7e35d2a0	2aad	5cd689410530	5cd68c38ed20	5cd683d50520	15b0000	15b0000	10000	897
17.501710	75f95	e749	4c22	f	343843	5cd6893c5a60	bd3	10000	7ffc7e35d2a0	2aad	5cd689410530	5cd68c38ed20	5cd688710520	340000	340000	10000	4a4e
17.513914	76073	5cd6893d0520	4abc	11	823c4b	5cd6893c5a60	2aad	10000	7ffc7e35d2a0	2aad	5cd689410530	5cd68c38ed20	5cd6873d0520	810000	4ab8	10000	0
17.527237	7600e	139	4c22	8	d54ccc	5cd6893c5a60	25	10000	7ffc7e35d2a0	2aad	5cd689410530	5cd68c38ed20	5cd685e90520	d60000	d60000	10000	3db1
17.536668	7600e	2ab	4c22	9	1128d61	5cd6893c5a60	46	10000	7ffc7e35d2a0	2aad	5cd689410530	5cd68c38ed20	5cd684f50520	1130000	1130000	10000	434
17.546255	75fed	355	4c22	9	150f000	5cd6893c5a60	50	10000	7ffc7e35d2a0	2aad	5cd689410530	5cd68c38ed20	5cd683fd0520	1510000	1510000	10000	3273
17.560013	75fed	7f	4c22	6	35c3ee	5cd6893c5a60	f	10000	7ffc7e35d2a0	2aad	5cd689410530	5cd68c38ed20	5cd688690520	360000	360000	10000	bf9
17.567819	75fed	4e1	4c22	a	647828	5cd6893c5a60	6e	10000	7ffc7e35d2a0	2aad	5cd689410530	5cd68c38ed20	5cd687ad0520	650000	650000	10000	1f13
17.582336	7600e	2abdd	4c22	11	ab8efe	5cd6893c5a60	1ee5	10000	7ffc7e35d2a0	2aad	5cd689410530	5cd68c38ed20	5cd686910520	ac0000	ac0000	10000	15a9
17.588391	1cb9fe660f93	3	79905cc1ac80	2	5cd689361b50	4	2	79905cc1acf0	7ffc7e35d030	0	0	5cd68f670260	79905cc1ace0	ffffffffffffffa0	110	5cd689360010	f
17.599456	75ff5	282b3	4c22	11	1168453	5cd6893c5a60	1d40	10000	7ffc7e35d2a0	2aad	5cd689410530	5cd68c38ed20	5cd684e90520	1160000	1160000	10000	2d9b
17.605583	76066	5cd6893d0520	3210	11	13e688f	5cd6893c5a60	2aad	10000	7ffc7e35d2a0	2aad	5cd689410530	5cd68c38ed20	5cd684550520	13b0000	320c	10000	0
17.618012	75fed	31271	4c22	11	15657f	5cd6893c5a60	2311	10000	7ffc7e35d2a0	2aad	5cd689410530	5cd68c38ed20	5cd688e90520	160000	160000	10000	1404
17.631887	7600e	14425	4c22	10	6dcc67	5cd6893c5a60	ff4	10000	7ffc7e35d2a0	2aad	5cd689410530	5cd68c38ed20	5cd687890520	6e0000	6e0000	10000	4159
17.638938	1cb9fe75db8a	5cd6893e6cdc	59ef	15478	167bc	5cd6893d1864	5cd6893e8020	59ef	7ffc7e35d298	5cd6893e6cdc	a5a4	4	c9452bc815867652	990000	990000	10000	1d3f
17.645423	75fe9	1e239	4c22	10	be8b8f	5cd6893c5a60	1688	10000	7ffc7e35d2a0	2aad	5cd689410530	5cd68c38ed20	5cd686450520	bf0000	bf0000	10000	e13
17.658668	75fed	1af	4c22	8	102d2af	5cd6893c5a60	2f	10000	7ffc7e35d2a0	2aad	5cd689410530	5cd68c38ed20	5cd685350520	1030000	1030000	10000	3531
17.671432	75fad	5cd6922bae10	4c22	11	14f774b	5cd6893c5a60	2a3e	10000	7ffc7e35d2a0	2aad	5cd689410530	5cd68c38ed20	5cd684110520	14c0000	14c0000	10000	4761
17.683557	7600e	35ee1	4c22	11	1e7418	5cd6893c5a60	260c	10000	7ffc7e35d2a0	2aad	5cd689410530	5cd68c38ed20	5cd688c50520	1f0000	1f0000	10000	364a
17.697328	75fed	10f	4c22	8	62cb42	5cd6893c5a60	20	10000	7ffc7e35d2a0	2aad	5cd689410530	5cd68c38ed20	5cd687b50520	630000	630000	10000	379
17.707744	75fed	2b	4c22	5	9a60e2	5cd6893c5a60	7	10000	7ffc7e35d2a0	2aad	5cd689410530	5cd68c38ed20	5cd686d50520	9b0000	9b0000	10000	38d9
17.713753	75fed	21019	4c22	11	bd3c92	5cd6893c5a60	188b	10000	7ffc7e35d2a0	2aad	5cd689410530	5cd68c38ed20	5cd686490520	be0000	be0000	10000	46
17.723108	75fed	30443	4c22	11	f2243e	5cd6893c5a60	2298	10000	7ffc7e35d2a0	2aad	5cd689410530	5cd68c38ed20	5cd685750520	f30000	f30000	10000	c3f
17.733324	75fed	25	4c22	5	12b641e	5cd6893c5a60	6	10000	7ffc7e35d2a0	2aad	5cd689410530	5cd68c38ed20	5cd684910520	12c0000	12c0000	10000	4f6c
17.741573	7600e	28ccf	4c22	11	1574a5d	5cd6893c5a60	1dab	10000	7ffc7e35d2a0	2aad	5cd689410530	5cd68c38ed20	5cd683e10520	1580000	1580000	10000	391f
17.747727	75fed	27ef5	4c22	11	8f212	5cd6893c5a60	1d0e	10000	7ffc7e35d2a0	2aad	5cd689410530	5cd68c38ed20	5cd6891d0520	90000	90000	10000	1479
17.758209	76073	5cd6893d0520	f564	11	44e755	5cd6893c5a60	2aad	10000	7ffc7e35d2a0	2aad	5cd689410530	5cd68c38ed20	5cd688350520	430000	f560	10000	0
17.765872	75fed	2f09	4c22	d	6ed426	5cd6893c5a60	2b1	10000	7ffc7e35d2a0	2aad	5cd689410530	5cd68c38ed20	5cd687850520	6f0000	6f0000	10000	4f26
17.772448	1cb9fe75e10a	0	1	8a78	5cd6968d2fc0	0	5cd6968d5000	7f	7ffc7e35d298	0	5cd6968d2fc0	5cd6910ff4c0	79905cc1ace0	5cd689362118	5cd6893d0520	aab4	7f
17.782919	75fed	373	4c22	9	cec8ff	5cd6893c5a60	52	10000	7ffc7e35d2a0	2aad	5cd689410530	5cd68c38ed20	5cd686050520	cf0000	cf0000	10000	3705
17.788949	7600e	8b	4c22	7	efdec7	5cd6893c5a60	11	10000	7ffc7e35d2a0	2aad	5cd689410530	5cd68c38ed20	5cd685810520	f00000	f00000	10000	3cc7
17.803631	7600a	1871	4c22	c	1406bfc	5cd6893c5a60	181	10000	7ffc7e35d2a0	2aad	5cd689410530	5cd68c38ed20	5cd6843d0520	1410000	1410000	10000	981
17.815556	7600e	2b	4c22	5	9f03b	5cd6893c5a60	7	10000	7ffc7e35d2a0	2aad	5cd689410530	5cd68c38ed20	5cd689190520	a0000	a0000	10000	2246
17.830222	75fed	17b	4c22	8	55d81b	5cd6893c5a60	2b	10000	7ffc7e35d2a0	2aad	5cd689410530	5cd68c38ed20	5cd687e90520	560000	560000	10000	3ee
17.843845	7600e	2fa5	4c22	d	9af226	5cd6893c5a60	2be	10000	7ffc7e35d2a0	2aad	5cd689410530	5cd68c38ed20	5cd686d50520	9b0000	9b0000	10000	38d9
17.858882	76011	43	4c22	6	ef68a6	5cd6893c5a60	a	10000	7ffc7e35d2a0	2aad	5cd689410530	5cd68c38ed20	5cd685810520	f00000	f00000	10000	3cc7
17.870988	75faf	5cd6922bae10	4c22	11	13000ea	5cd6893c5a60	2886	10000	7ffc7e35d2a0	2aad	5cd689410530	5cd68c38ed20	5cd684850520	12f0000	12f0000	10000	1ee4
17.882535	7566f	0	2303	2303	a65	e	213	925	7ffc7e35d2a0	2303	0	1a34b	d1a5b32d718ecfac	213	800000000000737b	bd6d99c49df4cc3f	2aad
17.893917	75fed	3d	4c22	5	3f16bf	5cd6893c5a60	9	10000	7ffc7e35d2a0	2aad	5cd689410530	5cd68c38ed20	5cd688410520	400000	400000	10000	3c0c
17.902480	7600e	2008d	4c22	11	6da11b	5cd6893c5a60	17d6	10000	7ffc7e35d2a0	2aad	5cd689410530	5cd68c38ed20	5cd687890520	6e0000	6e0000	10000	4159
17.915187	75fed	c7	4c22	7	b393de	5cd6893c5a60	18	10000	7ffc7e35d2a0	2aad	5cd689410530	5cd68c38ed20	5cd686710520	b40000	b40000	10000	2a22
17.926552	7600e	25	4c22	5	f1fe1f	5cd6893c5a60	6	10000	7ffc7e35d2a0	2aad	5cd689410530	5cd68c38ed20	5cd685790520	f20000	f20000	10000	5861
17.939456	75f99	14d73	4c22	10	13d8458	5cd6893c5a60	1055	10000	7ffc7e35d2a0	2aad	5cd689410530	5cd68c38ed20	5cd6844d0520	13d0000	13d0000	10000	2c3c
17.949609	75fed	12d51	4c22	10	1a54f	5cd6893c5a60	ee5	10000	7ffc7e35d2a0	2aad	5cd689410530	5cd68c38ed20	5cd689390520	20000	20000	10000	dcd
17.955910	1cb9fe75db8a	5cd6893d0520	2ac6	4a24	bca4	5cd6956db0d8	5cd6893d77a0	2f29	7ffc7e35d298	5cd6893d0520	5cd689410530	5cd68c38ed20	5cd688b10520	250000	250000	10000	2f29
17.969320	76055	6790	678c	11	7b5766	5cd6893c5a60	2aad	10000	7ffc7e35d2a0	2aad	5cd689410530	5cd68c38ed20	5cd687610520	780000	6788	10000	0
17.977230	75ffd	220f7	4c22	11	aa2e9c	5cd6893c5a60	194d	10000	7ffc7e35d2a0	2aad	5cd689410530	5cd68c38ed20	5cd686990520	aa0000	aa0000	10000	53fe
17.984944	75ff0	10f	4c22	8	d9dd2a	5cd6893c5a60	20	10000	7ffc7e35d2a0	2aad	5cd689410530	5cd68c38ed20	5cd685d90520	da0000	da0000	10000	1af6
17.992626	75fe9	3596f	4c22	11	fa4264	5cd6893c5a60	25d6	10000	7ffc7e35d2a0	2aad	5cd689410530	5cd68c38ed20	5cd685550520	fb0000	fb0000	10000	20b8
18.000766	76060	5cd6893d0520	edcc	11	12acc10	5cd6893c5a60	2aad	10000	7ffc7e35d2a0	2aad	5cd689410530	5cd68c38ed20	5cd6849d0520	1290000	edc8	10000	0
18.012463	75fed	1433	4c22	c	1f427	5cd6893c5a60	14b	10000	7ffc7e35d2a0	2aad	5cd689410530	5cd68c38ed20	5cd689390520	20000	20000	10000	dcd
18.023557	75fed	327bb	4c22	11	457644	5cd6893c5a60	23e2	10000	7ffc7e35d2a0	2aad	5cd689410530	5cd68c38ed20	5cd688290520	460000	460000	10000	34eb
18.033615	75fed	2515d	4c22	11	84b664	5cd6893c5a60	1b40	10000	7ffc7e35d2a0	2aad	5cd689410530	5cd68c38ed20	5cd6872d0520	850000	850000	10000	1708
18.041029	76077	ffff	4ac4	11	b3f305	5cd6893c5a60	2aad	10000	7ffc7e35d2a0	2aad	5cd689410530	5cd68c38ed20	5cd686750520	b30000	4ac0	10000	0
18.047889	75fed	25	4c22	5	debc13	5cd6893c5a60	6	10000	7ffc7e35d2a0	2aad	5cd689410530	5cd68c38ed20	5cd685c50520	df0000	df0000	10000	608
18.055723	75fed	1ccd5	4c22	10	10d2f9d	5cd6893c5a60	15a3	10000	7ffc7e35d2a0	2aad	5cd689410530	5cd68c38ed20	5cd685090520	10e0000	10e0000	10000	1922
18.065088	75fed	9469	4c22	f	146f1e2	5cd6893c5a60	7e3	10000	7ffc7e35d2a0	2aad	5cd689410530	5cd68c38ed20	5cd684250520	1470000	1470000	10000	260
18.070631	75fed	35	4c22	5	16974d2	5cd6893c5a60	8	10000	7ffc7e35d2a0	2aad	5cd689410530	5cd68c38ed20	5cd683990520	16a0000	16a0000	10000	23bc
18.075847	7600e	272e1	4c22	11	165d5e	5cd6893c5a60	1c8f	10000	7ffc7e35d2a0	2aad	5cd689410530	5cd68c38ed20	5cd688e50520	170000	170000	10000	21d1
18.081545	7600e	3d	4c22	5	3997ed	5cd6893c5a60	9	10000	7ffc7e35d2a0	2aad	5cd689410530	5cd68c38ed20	5cd688590520	3a0000	3a0000	10000	432d
18.091122	75fed	e5	4c22	7	76f015	5cd6893c5a60	1b	10000	7ffc7e35d2a0	2aad	5cd689410530	5cd68c38ed20	5cd687650520	770000	770000	10000	9b0
18.106259	7600e	2d89	4c22	d	d1b699	5cd6893c5a60	299	10000	7ffc7e35d2a0	2aad	5cd689410530	5cd68c38ed20	5cd685f90520	d20000	d20000	10000	67d
18.111592	75fed	946d	4c22	f	f2e566	5cd6893c5a60	7e4	10000	7ffc7e35d2a0	2aad	5cd689410530	5cd68c38ed20	5cd685750520	f30000	f30000	10000	c3f
18.119522	7600e	7957	4c22	e	123e520	5cd6893c5a60	689	10000	7ffc7e35d2a0	2aad	5cd689410530	5cd68c38ed20	5cd684b10520	1240000	1240000	10000	3af3
18.133436	76060	5cd6893d0520	5b8c	5cd689362110	755e5	5cd6893c5a60	2aad	0	7ffc7e35d2a0	2aad	5cd689410530	5cd68c38ed20	5cd689250520	70000	5b88	10000	1
18.147569	75fed	a493	4c22	f	57ad3a	5cd6893c5a60	89a	10000	7ffc7e35d2a0	2aad	5cd689410530	5cd68c38ed20	5cd687e10520	580000	580000	10000	1f88
18.156700	7600e	43	4c22	6	921b3d	5cd6893c5a60	a	10000	7ffc7e35d2a0	2aad	5cd689410530	5cd68c38ed20	5cd686f50520	930000	930000	10000	2460
18.167875	7600a	1bf13	4c22	10	d68c87	5cd6893c5a60	150f	10000	7ffc7e35d2a0	2aad	5cd689410530	5cd68c38ed20	5cd685e50520	d70000	d70000	10000	4b7e
18.179222	75fed	39e51	4c22	11	11bcae1	5cd6893c5a60	28a4	10000	7ffc7e35d2a0	2aad	5cd689410530	5cd68c38ed20	5cd684d10520	11c0000	11c0000	10000	267a
18.188083	75fed	3ebd	4c22	d	155a321	5cd6893c5a60	392	10000	7ffc7e35d2a0	2aad	5cd689410530	5cd68c38ed20	5cd683e90520	1560000	1560000	10000	1d85
18.202976	7600e	16255	4c22	10	42764b	5cd6893c5a60	1139	10000	7ffc7e35d2a0	2aad	5cd689410530	5cd68c38ed20	5cd688350520	430000	430000	10000	b84
18.215433	75fed	1a08d	4c22	10	897e55	5cd6893c5a60	13e1	10000	7ffc7e35d2a0	2aad	5cd689410530	5cd68c38ed20	5cd687190520	8a0000	8a0000	10000	21a
18.226429	7600e	191	4c22	8	c2fe3e	5cd6893c5a60	2d	10000	7ffc7e35d2a0	2aad	5cd689410530	5cd68c38ed20	5cd686350520	c30000	c30000	10000	4547
18.240190	7600e	28d	4c22	9	10b1e00	5cd6893c5a60	43	10000	7ffc7e35d2a0	2aad	5cd689410530	5cd68c38ed20	5cd685110520	10c0000	10c0000	10000	5777
18.249370	75fed	239	4c22	9	1440165	5cd6893c5a60	3b	10000	7ffc7e35d2a0	2aad	5cd689410530	5cd68c38ed20	5cd6842d0520	1450000	1450000	10000	40b5
18.264401	75fed	185	4c22	8	31b5a7	5cd6893c5a60	2c	10000	7ffc7e35d2a0	2aad	5cd689410530	5cd68c38ed20	5cd688790520	320000	320000	10000	2eb4
18.272029	7600e	3ca45	4c22	11	5bc4a8	5cd6893c5a60	2a6f	10000	7ffc7e35d2a0	2aad	5cd689410530	5cd68c38ed20	5cd687d10520	5c0000	5c0000	10000	56bc
18.285221	75fed	209	4c22	9	ab8c8e	5cd6893c5a60	37	10000	7ffc7e35d2a0	2aad	5cd689410530	5cd68c38ed20	5cd686910520	ac0000	ac0000	10000	15a9
18.295931	7600e	445	4c22	a	ed6641	5cd6893c5a60	60	10000	7ffc7e35d2a0	2aad	5cd689410530	5cd68c38ed20	5cd685890520	ee0000	ee0000	10000	212d
18.304006	75fed	43c7	4c22	e	11ef0e4	5cd6893c5a60	3da	10000	7ffc7e35d2a0	2aad	5cd689410530	5cd68c38ed20	5cd684c50520	11f0000	11f0000	10000	4fe1
18.312675	75fed	17e7f	4c22	10	1549738	5cd6893c5a60	1264	10000	7ffc7e35d2a0	2aad	5cd689410530	5cd68c38ed20	5cd683ed0520	1550000	1550000	10000	fb8
18.322962	75fd1	5cd689385a40	4c22	11	24b208	5cd6893c5a60	23b3	10000	7ffc7e35d2a0	2aad	5cd689410530	5cd68c38ed20	5cd688b90520	220000	220000	10000	5c2
18.337206	1cb9fe75db8a	5cd6893fd498	4c22	f120	13088	5cd6893d4488	5cd689401400	b3de	7ffc7e35d298	5cd6893fd498	5cd689410530	5cd68c38ed20	5cd687510520	7d0000	7d0000	10000	28f
18.346886	75fed	391c1	4c22	11	b8db12	5cd6893c5a60	2828	10000	7ffc7e35d2a0	2aad	5cd689410530	5cd68c38ed20	5cd6865d0520	b90000	b90000	10000	1534
18.357717	7600e	16ed	4c22	c	fe030c	5cd6893c5a60	171	10000	7ffc7e35d2a0	2aad	5cd689410530	5cd68c38ed20	5cd685450520	ff0000	ff0000	10000	57ec
18.366311	7600e	1ac9	4c22	c	1334e19	5cd6893c5a60	1a5	10000	7ffc7e35d2a0	2aad	5cd689410530	5cd68c38ed20	5cd684710520	1340000	1340000	10000	9f6
18.372215	75fed	b82d	4c22	f	15733be	5cd6893c5a60	98c	10000	7ffc7e35d2a0	2aad	5cd689410530	5cd68c38ed20	5cd683e10520	1580000	1580000	10000	391f
18.383253	76001	2c6a7	4c22	11	287821	5cd6893c5a60	2009	10000	7ffc7e35d2a0	2aad	5cd689410530	5cd68c38ed20	5cd688a10520	280000	280000	10000	5890
18.391538	7600e	49	4c22	6	5d5f0d	5cd6893c5a60	c	10000	7ffc7e35d2a0	2aad	5cd689410530	5cd68c38ed20	5cd687c90520	5e0000	5e0000	10000	1867
18.398338	7600e	43	4c22	6	889b4e	5cd6893c5a60	a	10000	7ffc7e35d2a0	2aad	5cd689410530	5cd68c38ed20	5cd6871d0520	890000	890000	10000	4e3c
18.410533	7600e	27f25	4c22	11	d4fc1e	5cd6893c5a60	1d10	10000	7ffc7e35d2a0	2aad	5cd689410530	5cd68c38ed20	5cd685ed0520	d50000	d50000	10000	2fe4
18.424435	1cb9fe75db8a	5cd6893fd498	4c22	e20	13088	5cd6893e2788	5cd68940f700	b3de	7ffc7e35d298	5cd6893fd498	fffffffff3d14128	b	c9452bc815867652	12a0000	12a0000	10000	33d2
18.430997	7600e	395ed	4c22	11	14f29e0	5cd6893c5a60	2855	10000	7ffc7e35d2a0	2aad	5cd689410530	5cd68c38ed20	5cd684010520	1500000	1500000	10000	24a6
18.442698	75fed	137	4c22	8	1636c3	5cd6893c5a60	24	10000	7ffc7e35d2a0	2aad	5cd689410530	5cd68c38ed20	5cd688e50520	170000	170000	10000	21d1
18.455518	7600e	2519	4c22	d	653120	5cd6893c5a60	22b	10000	7ffc7e35d2a0	2aad	5cd689410530	5cd68c38ed20	5cd687a90520	660000	660000	10000	2ce0
18.466472	75fed	35	4c22	5	ac2d9c	5cd6893c5a60	8	10000	7ffc7e35d2a0	2aad	5cd689410530	5cd68c38ed20	5cd6868d0520	ad0000	ad0000	10000	2376
18.476237	75f99	1ef17	4c22	10	eb4e4d	5cd6893c5a60	171e	10000	7ffc7e35d2a0	2aad	5cd689410530	5cd68c38ed20	5cd685950520	eb0000	eb0000	10000	51b5
18.486331	75fed	49	4c22	6	12a1dd0	5cd6893c5a60	c	10000	7ffc7e35d2a0	2aad	5cd689410530	5cd68c38ed20	5cd684950520	12b0000	12b0000	10000	419f
18.499649	75ff5	39197	4c22	11	100225	5cd6893c5a60	2827	10000	7ffc7e35d2a0	2aad	5cd689410530	5cd68c38ed20	5cd689090520	e0000	e0000	10000	597a
18.505422	75f9c	31f39	4c22	11	34103c	5cd6893c5a60	238a	10000	7ffc7e35d2a0	2aad	5cd689410530	5cd68c38ed20	5cd688750520	330000	330000	10000	3c81
18.520320	75ff5	2bb91	4c22	11	8ed607	5cd6893c5a60	1f8f	10000	7ffc7e35d2a0	2aad	5cd689410530	5cd68c38ed20	5cd687090520	8e0000	8e0000	10000	394e
18.531509	75fed	1929d	4c22	10	d4f3cc	5cd6893c5a60	1346	10000	7ffc7e35d2a0	2aad	5cd689410530	5cd68c38ed20	5cd685ed0520	d50000	d50000	10000	2fe4
18.541287	75fc9	2aad	4c22	11	1149314	5cd6893c5a60	193d	10000	7ffc7e35d2a0	2aad	5cd689410530	5cd68c38ed20	5cd684f10520	1140000	1140000	10000	1201
18.552827	75fed	2e97	4c22	d	15ceb0a	5cd6893c5a60	2a9	10000	7ffc7e35d2a0	2aad	5cd689410530	5cd68c38ed20	5cd683cd0520	15d0000	15d0000	10000	2431
18.565599	1cb9fe75e10a	0	1	3238	5cd697334780	0	5cd69733c000	7b	7ffc7e35d298	0	5cd697334780	5cd68fc79850	79905cc1ace0	5cd689362118	5cd6893d0520	aab4	7b
18.571854	75fed	89	4c22	7	628831	5cd6893c5a60	10	10000	7ffc7e35d2a0	2aad	5cd689410530	5cd68c38ed20	5cd687b50520	630000	630000	10000	379
18.581766	75fed	7f	4c22	6	9f0e8a	5cd6893c5a60	f	10000	7ffc7e35d2a0	2aad	5cd689410530	5cd68c38ed20	5cd686c10520	a00000	a00000	10000	23eb
18.589085	75fed	17a59	4c22	10	cb8cf2	5cd6893c5a60	123e	10000	7ffc7e35d2a0	2aad	5cd689410530	5cd68c38ed20	5cd686110520	cc0000	cc0000	10000	d9e
18.602119	1cb9fe6621ec	5cd68f62ff30	ffffffffffffffa0	1	5cd689360010	5cd689363c80	10	8	7ffc7e35d0b0	2	1	1	79905cc1ace0	0	2	1fffffffffffffff	8
18.611511	75ff0	3d7	4c22	9	158cb4c	5cd6893c5a60	58	10000	7ffc7e35d2a0	2aad	5cd689410530	5cd68c38ed20	5cd683dd0520	1590000	1590000	10000	46ec
18.625898	75fed	ce2f	4c22	f	371795	5cd6893c5a60	a99	10000	7ffc7e35d2a0	2aad	5cd689410530	5cd68c38ed20	5cd688610520	380000	380000	10000	2793
18.635426	7600e	25	4c22	5	74253d	5cd6893c5a60	6	10000	7ffc7e35d2a0	2aad	5cd689410530	5cd68c38ed20	5cd6876d0520	750000	750000	10000	4805
18.647211	75fed	fc97	4c22	f	be0827	5cd6893c5a60	cb7	10000	7ffc7e35d2a0	2aad	5cd689410530	5cd68c38ed20	5cd686450520	bf0000	bf0000	10000	e13
18.657570	75fed	efad	4c22	f	fd1b8e	5cd6893c5a60	c30	10000	7ffc7e35d2a0	2aad	5cd689410530	5cd68c38ed20	5cd685490520	fe0000	fe0000	10000	4a1f
18.666112	75fed	1dc5	4c22	c	13116f3	5cd6893c5a60	1cf	10000	7ffc7e35d2a0	2aad	5cd689410530	5cd68c38ed20	5cd684790520	1320000	1320000	10000	484b
18.679568	7604c	8a4c	8a48	11	17d37f	5cd6893c5a60	2aad	10000	7ffc7e35d2a0	2aad	5cd689410530	5cd68c38ed20	5cd688ed0520	150000	8a44	10000	0
18.685327	75fed	1ee3	4c22	c	39e39a	5cd6893c5a60	1dc	10000	7ffc7e35d2a0	2aad	5cd689410530	5cd68c38ed20	5cd688590520	3a0000	3a0000	10000	432d
18.690991	75fed	30f13	4c22	11	5df251	5cd6893c5a60	22f9	10000	7ffc7e35d2a0	2aad	5cd689410530	5cd68c38ed20	5cd687c90520	5e0000	5e0000	10000	1867
18.700492	75fed	1cbfd	4c22	10	9628fb	5cd6893c5a60	1599	10000	7ffc7e35d2a0	2aad	5cd689410530	5cd68c38ed20	5cd686e50520	970000	970000	10000	1a5
18.713162	7600e	359	4c22	9	e76451	5cd6893c5a60	51	10000	7ffc7e35d2a0	2aad	5cd689410530	5cd68c38ed20	5cd685a10520	e80000	e80000	10000	284e
18.721715	75fed	ed41	4c22	f	11d9eb1	5cd6893c5a60	c13	10000	7ffc7e35d2a0	2aad	5cd689410530	5cd68c38ed20	5cd684c90520	11e0000	11e0000	10000	4214
18.730865	7600e	a7	4c22	7	1598ca0	5cd6893c5a60	13	10000	7ffc7e35d2a0	2aad	5cd689410530	5cd68c38ed20	5cd683d90520	15a0000	15a0000	10000	54b9
18.745275	7600e	47	4c22	6	42efa3	5cd6893c5a60	b	10000	7ffc7e35d2a0	2aad	5cd689410530	5cd68c38ed20	5cd688350520	430000	430000	10000	b84
18.760417	7600e	20467	4c22	11	a1bdb4	5cd6893c5a60	1801	10000	7ffc7e35d2a0	2aad	5cd689410530	5cd68c38ed20	5cd686b90520	a20000	a20000	10000	3f85
18.771193	75fd8	a2f7	4c22	f	e461c2	5cd6893c5a60	887	10000	7ffc7e35d2a0	2aad	5cd689410530	5cd68c38ed20	5cd685b10520	e40000	e40000	10000	4b09
18.777701	75fed	3c2ef	4c22	11	10c4ab1	5cd6893c5a60	2a1b	10000	7ffc7e35d2a0	2aad	5cd689410530	5cd68c38ed20	5cd6850d0520	10d0000	10d0000	10000	b55
18.789510	75fed	4f	4c22	6	15808aa	5cd6893c5a60	d	10000	7ffc7e35d2a0	2aad	5cd689410530	5cd68c38ed20	5cd683dd0520	1590000	1590000	10000	46ec
18.804075	76066	5cd6893d0520	34b8	11	464406	5cd6893c5a60	2aad	10000	7ffc7e35d2a0	2aad	5cd689410530	5cd68c38ed20	5cd688310520	440000	34b4	10000	0
18.811249	75fed	47	4c22	6	7208e2	5cd6893c5a60	b	10000	7ffc7e35d2a0	2aad	5cd689410530	5cd68c38ed20	5cd687750520	730000	730000	10000	2c6b
18.822750	75fed	29b87	4c22	11	babb00	5cd6893c5a60	1e42	10000	7ffc7e35d2a0	2aad	5cd689410530	5cd68c38ed20	5cd686550520	bb0000	bb0000	10000	30ce
18.835927	75fed	dfd	4c22	b	10b8e01	5cd6893c5a60	fd	10000	7ffc7e35d2a0	2aad	5cd689410530	5cd68c38ed20	5cd685110520	10c0000	10c0000	10000	5777
18.845404	7600e	3ba7	4c22	d	14721a7	5cd6893c5a60	366	10000	7ffc7e35d2a0	2aad	5cd689410530	5cd68c38ed20	5cd684210520	1480000	1480000	10000	102d
18.855791	1cb9fe75db8a	5cd6893e6cdc	59ef	e798	167bc	5cd6893d8544	5cd6893eed00	59ef	7ffc7e35d298	5cd6893e6cdc	fffffffff3cf9168	5cd68c38ed20	5cd688e90520	170000	170000	10000	21d1
18.867556	7600e	313	4c22	9	5fa7de	5cd6893c5a60	4d	10000	7ffc7e35d2a0	2aad	5cd689410530	5cd68c38ed20	5cd687c10520	600000	600000	10000	3401
18.878171	75fe9	1dc6b	4c22	10	9e5c19	5cd6893c5a60	1649	10000	7ffc7e35d2a0	2aad	5cd689410530	5cd68c38ed20	5cd686c50520	9f0000	9f0000	10000	161e
18.886053	1cb9fe75db8a	5cd6893d1f14	59ef	1317c	14dc8	5cd6956caf8c	5cd6893d3b60	67d	7ffc7e35d298	5cd6893d1f14	5cd689410530	5cd68c38ed20	5cd685fd0520	d20000	d20000	10000	67d
18.898103	7600e	1c231	4c22	10	11ebb0b	5cd6893c5a60	1530	10000	7ffc7e35d2a0	2aad	5cd689410530	5cd68c38ed20	5cd684c50520	11f0000	11f0000	10000	4fe1
18.909370	76060	5cd6893d0520	e890	11	16a73e2	5cd6893c5a60	2aad	10000	7ffc7e35d2a0	2aad	5cd689410530	5cd68c38ed20	5cd683a50520	1670000	e88c	10000	0
18.919708	75faf	5cd6922bae10	4c22	11	3a0817	5cd6893c5a60	1849	10000	7ffc7e35d2a0	2aad	5cd689410530	5cd68c38ed20	5cd688610520	380000	380000	10000	2793
18.934627	7600e	233	4c22	9	92ea3f	5cd6893c5a60	3a	10000	7ffc7e35d2a0	2aad	5cd689410530	5cd68c38ed20	5cd686f50520	930000	930000	10000	2460
18.941554	7600e	f29	4c22	b	babc20	5cd6893c5a60	10a	10000	7ffc7e35d2a0	2aad	5cd689410530	5cd68c38ed20	5cd686550520	bb0000	bb0000	10000	30ce
18.956620	7600e	239	4c22	9	119dfee	5cd6893c5a60	3b	10000	7ffc7e35d2a0	2aad	5cd689410530	5cd68c38ed20	5cd684d90520	11a0000	11a0000	10000	ae0
18.963030	7600a	1af	4c22	8	142ca3b	5cd6893c5a60	2f	10000	7ffc7e35d2a0	2aad	5cd689410530	5cd68c38ed20	5cd684350520	1430000	1430000	10000	251b
18.975381	7600e	35	4c22	5	1f1754	5cd6893c5a60	8	10000	7ffc7e35d2a0	2aad	5cd689410530	5cd68c38ed20	5cd688c10520	200000	200000	10000	4417
18.989949	7600e	36061	4c22	11	78f628	5cd6893c5a60	261e	10000	7ffc7e35d2a0	2aad	5cd689410530	5cd68c38ed20	5cd6875d0520	790000	790000	10000	254a
18.996261	7600e	1e94d	4c22	10	a069bf	5cd6893c5a60	16da	10000	7ffc7e35d2a0	2aad	5cd689410530	5cd68c38ed20	5cd686bd0520	a10000	a10000	10000	31b8
19.005456	75fed	2b	4c22	5	d9ff55	5cd6893c5a60	7	10000	7ffc7e35d2a0	2aad	5cd689410530	5cd68c38ed20	5cd685d90520	da0000	da0000	10000	1af6
19.011557	75fed	34af5	4c22	11	ffd4fa	5cd6893c5a60	2538	10000	7ffc7e35d2a0	2aad	5cd689410530	5cd68c38ed20	5cd685410520	1000000	1000000	10000	bca
19.023977	75fd1	5cd689385a40	4c22	11	151633e	5cd6893c5a60	205b	10000	7ffc7e35d2a0	2aad	5cd689410530	5cd68c38ed20	5cd684010520	1500000	1500000	10000	24a6
19.033387	7600e	2ca1d	4c22	11	185cc0	5cd6893c5a60	2031	10000	7ffc7e35d2a0	2aad	5cd689410530	5cd68c38ed20	5cd688dd0520	190000	190000	10000	3d6b
19.039450	75fed	2b	4c22	5	3ee1cb	5cd6893c5a60	7	10000	7ffc7e35d2a0	2aad	5cd689410530	5cd68c38ed20	5cd688450520	3f0000	3f0000	10000	2e3f
19.051494	75fe9	2b	4c22	5	8888f5	5cd6893c5a60	7	10000	7ffc7e35d2a0	2aad	5cd689410530	5cd68c38ed20	5cd6871d0520	890000	890000	10000	4e3c
19.058892	75fed	1d773	4c22	10	b6be54	5cd6893c5a60	1616	10000	7ffc7e35d2a0	2aad	5cd689410530	5cd68c38ed20	5cd686650520	b70000	b70000	10000	5389
19.067240	76005	23a43	4c22	11	ea6166	5cd6893c5a60	1a5c	10000	7ffc7e35d2a0	2aad	5cd689410530	5cd68c38ed20	5cd685990520	ea0000	ea0000	10000	43e8
19.080806	75fed	15a43	4c22	10	13d7205	5cd6893c5a60	10d3	10000	7ffc7e35d2a0	2aad	5cd689410530	5cd68c38ed20	5cd684490520	13e0000	13e0000	10000	3a09
19.087451	75fe9	27f71	4c22	11	1661547	5cd6893c5a60	1d16	10000	7ffc7e35d2a0	2aad	5cd689410530	5cd68c38ed20	5cd683a50520	1670000	1670000	10000	5444
19.093208	75fed	15a69	4c22	10	1a1016	5cd6893c5a60	10d7	10000	7ffc7e35d2a0	2aad	5cd689410530	5cd68c38ed20	5cd688d50520	1b0000	1b0000	10000	5905
19.099323	1cb9fe75db24	5cd6893d0520	1016	89c	12764	5cd6956df260	5cd6893e23e8	49d9	7ffc7e35d298	5cd6893d0520	fffffffff3d03188	5cd68c38ed20	5cd688410520	410000	410000	10000	49d9
19.110174	7bdfb	5cd689c67fa0	4000000000000000	3e	5cd697a88a78	5cd65e4ec938	7ffc7e35d168	0	7ffc7e35d160	3fc91919c94db8f5	3c	128	c9452bc815867652	5cd697a88aac	0	128	5cd697a88a80
19.117540	7600e	2f1f5	4c22	11	a9987b	5cd6893c5a60	21de	10000	7ffc7e35d2a0	2aad	5cd689410530	5cd68c38ed20	5cd686990520	aa0000	aa0000	10000	53fe
19.124992	7600e	1d86f	4c22	10	d5f1d6	5cd6893c5a60	1622	10000	7ffc7e35d2a0	2aad	5cd689410530	5cd68c38ed20	5cd685e90520	d60000	d60000	10000	3db1
19.131214	7600e	1e137	4c22	10	fa5875	5cd6893c5a60	167c	10000	7ffc7e35d2a0	2aad	5cd689410530	5cd68c38ed20	5cd685550520	fb0000	fb0000	10000	20b8
19.140785	75fed	43	4c22	6	1374f34	5cd6893c5a60	a	10000	7ffc7e35d2a0	2aad	5cd689410530	5cd68c38ed20	5cd684610520	1380000	1380000	10000	412a
19.149597	75fd5	1b65f	4c22	10	16f73ca	5cd6893c5a60	14ba	10000	7ffc7e35d2a0	2aad	5cd689410530	5cd68c38ed20	5cd683890520	16e0000	16e0000	10000	101
19.163716	75fed	3445	4c22	d	541a83	5cd6893c5a60	305	10000	7ffc7e35d2a0	2aad	5cd689410530	5cd68c38ed20	5cd687ed0520	550000	550000	10000	5010
19.171034	75fed	1f9a9	4c22	10	8247d7	5cd6893c5a60	1792	10000	7ffc7e35d2a0	2aad	5cd689410530	5cd68c38ed20	5cd687350520	830000	830000	10000	555d
19.180359	76001	334df	4c22	11	bd1d37	5cd6893c5a60	2469	10000	7ffc7e35d2a0	2aad	5cd689410530	5cd68c38ed20	5cd6864d0520	bd0000	bd0000	10000	4c68
19.189706	75fed	8951	4c22	f	f92a24	5cd6893c5a60	761	10000	7ffc7e35d2a0	2aad	5cd689410530	5cd68c38ed20	5cd685590520	fa0000	fa0000	10000	12eb
19.203271	75fed	3d	4c22	5	152eefe	5cd6893c5a60	9	10000	7ffc7e35d2a0	2aad	5cd689410530	5cd68c38ed20	5cd683f50520	1530000	1530000	10000	4e0d
19.210962	75fed	1f3	4c22	8	f2ae9	5cd6893c5a60	35	10000	7ffc7e35d2a0	2aad	5cd689410530	5cd68c38ed20	5cd689010520	100000	100000	10000	1b25
19.225741	75fed	293	4c22	9	6fb1c4	5cd6893c5a60	44	10000	7ffc7e35d2a0	2aad	5cd689410530	5cd68c38ed20	5cd687810520	700000	700000	10000	304
19.236854	75fed	242b3	4c22	11	b68a27	5cd6893c5a60	1aac	10000	7ffc7e35d2a0	2aad	5cd689410530	5cd68c38ed20	5cd686650520	b70000	b70000	10000	5389
19.247239	7604c	aa78	aa74	11	f863c5	5cd6893c5a60	2aad	10000	7ffc7e35d2a0	2aad	5cd689410530	5cd68c38ed20	5cd685650520	f70000	aa70	10000	0
19.254115	1cb9fe75db8a	5cd6893d0520	112f	b3e0	12300	5cd6956d471c	5cd6893d7440	48c0	7ffc7e35d298	5cd6893d0520	5cd689410530	5cd68c38ed20	5cd684b10520	1250000	1250000	10000	48c0
19.261844	1cb9fe75db8a	5cd6893fd498	4c22	e8e0	13088	5cd6893d4cc8	5cd689401c40	b3de	7ffc7e35d298	5cd6893fd498	fffffffff3cf8038	5cd68c38ed20	5cd683ed0520	1560000	1560000	10000	1d85
19.274508	7600e	8dd	4c22	b	32fae3	5cd6893c5a60	b0	10000	7ffc7e35d2a0	2aad	5cd689410530	5cd68c38ed20	5cd688750520	330000	330000	10000	3c81
19.285948	7600e	43	4c22	6	7a194c	5cd6893c5a60	a	10000	7ffc7e35d2a0	2aad	5cd689410530	5cd68c38ed20	5cd687550520	7b0000	7b0000	10000	40e4
19.299720	75fe9	19331	4c22	10	cf1daa	5cd6893c5a60	134c	10000	7ffc7e35d2a0	2aad	5cd689410530	5cd68c38ed20	5cd686010520	d00000	d00000	10000	44d2
19.308249	75fc0	2aad	4c22	d	104288e	5cd6893c5a60	2ee	10000	7ffc7e35d2a0	2aad	5cd689410530	5cd68c38ed20	5cd685310520	1040000	1040000	10000	42fe
19.322800	76011	35	4c22	5	15db32f	5cd6893c5a60	8	10000	7ffc7e35d2a0	2aad	5cd689410530	5cd68c38ed20	5cd683c90520	15e0000	15e0000	10000	31fe
19.336563	7600e	31315	4c22	11	44997e	5cd6893c5a60	2317	10000	7ffc7e35d2a0	2aad	5cd689410530	5cd68c38ed20	5cd6882d0520	450000	450000	10000	271e
19.346332	7600e	89	4c22	7	8440f7	5cd6893c5a60	10	10000	7ffc7e35d2a0	2aad	5cd689410530	5cd68c38ed20	5cd6872d0520	850000	850000	10000	1708
19.358269	7600e	16325	4c22	10	d10b06	5cd6893c5a60	1142	10000	7ffc7e35d2a0	2aad	5cd689410530	5cd68c38ed20	5cd685f90520	d20000	d20000	10000	67d
19.365194	75fed	355df	4c22	11	fbc1be	5cd6893c5a60	25b0	10000	7ffc7e35d2a0	2aad	5cd689410530	5cd68c38ed20	5cd685510520	fc0000	fc0000	10000	2e85
19.373176	7600e	33bb3	4c22	11	12b51e1	5cd6893c5a60	24a3	10000	7ffc7e35d2a0	2aad	5cd689410530	5cd68c38ed20	5cd684910520	12c0000	12c0000	10000	4f6c
19.387723	75fed	43	4c22	6	dcacd	5cd6893c5a60	a	10000	7ffc7e35d2a0	2aad	5cd689410530	5cd68c38ed20	5cd689090520	e0000	e0000	10000	597a
19.400535	75f99	1816d	4c22	10	5e4d6e	5cd6893c5a60	1284	10000	7ffc7e35d2a0	2aad	5cd689410530	5cd68c38ed20	5cd687cd0520	5d0000	5d0000	10000	a9a
19.414996	7600e	35	4c22	5	b70762	5cd6893c5a60	8	10000	7ffc7e35d2a0	2aad	5cd689410530	5cd68c38ed20	5cd686610520	b80000	b80000	10000	767
19.422000	76073	5cd6893d0520	a3b8	11	e36e50	5cd6893c5a60	2aad	10000	7ffc7e35d2a0	2aad	5cd689410530	5cd68c38ed20	5cd685b90520	e20000	a3b4	10000	0
19.436350	75fed	5b97	4c22	e	1329e13	5cd6893c5a60	504	10000	7ffc7e35d2a0	2aad	5cd689410530	5cd68c38ed20	5cd684750520	1330000	1330000	10000	5618
19.443874	7600e	2b	4c22	5	161fdcc	5cd6893c5a60	7	10000	7ffc7e35d2a0	2aad	5cd689410530	5cd68c38ed20	5cd683b90520	1620000	1620000	10000	f43
19.452406	75fed	2a419	4c22	11	235464	5cd6893c5a60	1e9a	10000	7ffc7e35d2a0	2aad	5cd689410530	5cd68c38ed20	5cd688b10520	240000	240000	10000	215c
19.459033	75fed	1ca53	4c22	10	4e73bf	5cd6893c5a60	1584	10000	7ffc7e35d2a0	2aad	5cd689410530	5cd68c38ed20	5cd688050520	4f0000	4f0000	10000	5731
19.469348	75fed	24641	4c22	11	86b342	5cd6893c5a60	1ad5	10000	7ffc7e35d2a0	2aad	5cd689410530	5cd68c38ed20	5cd687250520	870000	870000	10000	32a2
19.484026	75fed	3210d	4c22	11	dd779a	5cd6893c5a60	239c	10000	7ffc7e35d2a0	2aad	5cd689410530	5cd68c38ed20	5cd685c90520	de0000	de0000	10000	522a
19.489864	75fed	b1d3	4c22	f	10079ee	5cd6893c5a60	93e	10000	7ffc7e35d2a0	2aad	5cd689410530	5cd68c38ed20	5cd6853d0520	1010000	1010000	10000	1997
19.497627	7600e	49	4c22	6	12ee5ab	5cd6893c5a60	c	10000	7ffc7e35d2a0	2aad	5cd689410530	5cd68c38ed20	5cd684850520	12f0000	12f0000	10000	1ee4
19.511517	7600e	1a357	4c22	10	85e77	5cd6893c5a60	1403	10000	7ffc7e35d2a0	2aad	5cd689410530	5cd68c38ed20	5cd6891d0520	90000	90000	10000	1479
19.521151	7600e	13d	4c22	8	423718	5cd6893c5a60	26	10000	7ffc7e35d2a0	2aad	5cd689410530	5cd68c38ed20	5cd688350520	430000	430000	10000	b84
19.536224	75faf	5cd6922bae10	4c22	11	9c885a	5cd6893c5a60	23fe	10000	7ffc7e35d2a0	2aad	5cd689410530	5cd68c38ed20	5cd686d10520	9c0000	9c0000	10000	46a6
19.544840	76001	36ac3	4c22	11	d3f96f	5cd6893c5a60	268a	10000	7ffc7e35d2a0	2aad	5cd689410530	5cd68c38ed20	5cd685f90520	d20000	d20000	10000	67d
19.551639	75fad	5cd6922bae10	4c22	a	f90066	5cd6893c5a60	85	10000	7ffc7e35d2a0	2aad	5cd689410530	5cd68c38ed20	5cd6855d0520	f90000	f90000	10000	51e
19.566704	7600e	14e49	4c22	10	1521a5a	5cd6893c5a60	105c	10000	7ffc7e35d2a0	2aad	5cd689410530	5cd68c38ed20	5cd683f50520	1530000	1530000	10000	4e0d
19.577696	7600e	35	4c22	5	17abf0	5cd6893c5a60	8	10000	7ffc7e35d2a0	2aad	5cd689410530	5cd68c38ed20	5cd688e10520	180000	180000	10000	2f9e
19.589821	75ff0	65	4c22	6	636e87	5cd6893c5a60	e	10000	7ffc7e35d2a0	2aad	5cd689410530	5cd68c38ed20	5cd687b10520	640000	640000	10000	1146
19.595318	75fe9	33f41	4c22	11	845621	5cd6893c5a60	24ba	10000	7ffc7e35d2a0	2aad	5cd689410530	5cd68c38ed20	5cd6872d0520	850000	850000	10000	1708
19.602158	76073	5cd6893d0520	275c	11	b04472	5cd6893c5a60	2aad	10000	7ffc7e35d2a0	2aad	5cd689410530	5cd68c38ed20	5cd6868d0520	ad0000	2758	10000	0
19.614098	75fad	5cd6922bae10	4c22	11	f92a27	5cd6893c5a60	1f66	10000	7ffc7e35d2a0	2aad	5cd689410530	5cd68c38ed20	5cd685650520	f70000	f70000	10000	4373
19.623770	75fed	8b	4c22	7	1345a55	5cd6893c5a60	11	10000	7ffc7e35d2a0	2aad	5cd689410530	5cd68c38ed20	5cd6846d0520	1350000	1350000	10000	17c3
19.629155	76060	5cd6893d0520	1210	11	1581836	5cd6893c5a60	2aad	10000	7ffc7e35d2a0	2aad	5cd689410530	5cd68c38ed20	5cd683ed0520	1550000	120c	10000	0
19.638479	75fed	47	4c22	6	1c71a4	5cd6893c5a60	b	10000	7ffc7e35d2a0	2aad	5cd689410530	5cd68c38ed20	5cd688cd0520	1d0000	1d0000	10000	1ab0
19.649387	7600e	2b	4c22	5	63896b	5cd6893c5a60	7	10000	7ffc7e35d2a0	2aad	5cd689410530	5cd68c38ed20	5cd687b10520	640000	640000	10000	1146
19.654979	75fed	a81d	4c22	f	86b6e3	5cd6893c5a60	8cb	10000	7ffc7e35d2a0	2aad	5cd689410530	5cd68c38ed20	5cd687250520	870000	870000	10000	32a2
19.664268	7600e	49	4c22	6	c005cf	5cd6893c5a60	c	10000	7ffc7e35d2a0	2aad	5cd689410530	5cd68c38ed20	5cd6863d0520	c10000	c10000	10000	29ad
19.671117	75fed	2789b	4c22	11	ea15d2	5cd6893c5a60	1cd1	10000	7ffc7e35d2a0	2aad	5cd689410530	5cd68c38ed20	5cd685950520	eb0000	eb0000	10000	51b5
19.685290	76001	16375	4c22	10	1463776	5cd6893c5a60	1146	10000	7ffc7e35d2a0	2aad	5cd689410530	5cd68c38ed20	5cd684290520	1460000	1460000	10000	4e82
19.697786	1cb9fe75db8a	5cd6893e6cdc	59ef	4758	167bc	5cd6893e2584	5cd6893f8d40	59ef	7ffc7e35d298	5cd6893e6cdc	5cd689410530	5cd68c38ed20	5cd688b10520	250000	250000	10000	2f29
19.710023	75fed	cb5	4c22	b	7492db	5cd6893c5a60	eb	10000	7ffc7e35d2a0	2aad	5cd689410530	5cd68c38ed20	5cd6876d0520	750000	750000	10000	4805
19.725133	7600e	f43	4c22	b	d3bc6a	5cd6893c5a60	10b	10000	7ffc7e35d2a0	2aad	5cd689410530	5cd68c38ed20	5cd685f10520	d40000	d40000	10000	2217
19.734780	7764b	5cd6983a90d0	f	e0	79905cc1ac80	0	7	0	7ffc7e35d2a0	5cd6983a90d0	5cd6983a90d0	5cd693713cb0	c9452bc815867652	5cd6983a6528	1fc6	5cd6983a90c4	1fc6
19.740372	7600e	43	4c22	6	12e36e2	5cd6893c5a60	a	10000	7ffc7e35d2a0	2aad	5cd689410530	5cd68c38ed20	5cd684850520	12f0000	12f0000	10000	1ee4
19.747730	7600e	5f3b	4c22	e	15dc590	5cd6893c5a60	539	10000	7ffc7e35d2a0	2aad	5cd689410530	5cd68c38ed20	5cd683c90520	15e0000	15e0000	10000	31fe
19.757405	75fed	2b	4c22	5	26fb23	5cd6893c5a60	7	10000	7ffc7e35d2a0	2aad	5cd689410530	5cd68c38ed20	5cd688a50520	270000	270000	10000	4ac3
19.765764	7600e	19a1b	4c22	10	589e26	5cd6893c5a60	13a3	10000	7ffc7e35d2a0	2aad	5cd689410530	5cd68c38ed20	5cd687dd0520	590000	590000	10000	2d55
19.780025	75fed	4f	4c22	6	ad85c6	5cd6893c5a60	d	10000	7ffc7e35d2a0	2aad	5cd689410530	5cd68c38ed20	5cd686890520	ae0000	ae0000	10000	3143
19.789153	7600a	361b5	4c22	11	e41eb6	5cd6893c5a60	262f	10000	7ffc7e35d2a0	2aad	5cd689410530	5cd68c38ed20	5cd685ad0520	e50000	e50000	10000	58d6
19.798633	75ffd	21bcf	4c22	11	1212ad6	5cd6893c5a60	190e	10000	7ffc7e35d2a0	2aad	5cd689410530	5cd68c38ed20	5cd684bd0520	1210000	1210000	10000	118c
19.809089	75fed	373	4c22	9	161520a	5cd6893c5a60	52	10000	7ffc7e35d2a0	2aad	5cd689410530	5cd68c38ed20	5cd683b90520	1620000	1620000	10000	f43
19.817411	76066	5cd6893d0520	b5ec	11	2762ef	5cd6893c5a60	2aad	10000	7ffc7e35d2a0	2aad	5cd689410530	5cd68c38ed20	5cd688b10520	240000	b5e8	10000	0
19.824732	75fed	a585	4c22	f	481a55	5cd6893c5a60	8a8	10000	7ffc7e35d2a0	2aad	5cd689410530	5cd68c38ed20	5cd6881d0520	490000	490000	10000	463
19.835492	7600e	137	4c22	8	8d421d	5cd6893c5a60	24	10000	7ffc7e35d2a0	2aad	5cd689410530	5cd68c38ed20	5cd687090520	8e0000	8e0000	10000	394e
19.848054	75fed	a93	4c22	b	dcfc43	5cd6893c5a60	cb	10000	7ffc7e35d2a0	2aad	5cd689410530	5cd68c38ed20	5cd685cd0520	dd0000	dd0000	10000	445d
19.857646	75f99	21d97	4c22	11	11aa77f	5cd6893c5a60	1926	10000	7ffc7e35d2a0	2aad	5cd689410530	5cd68c38ed20	5cd684dd0520	1190000	1190000	10000	5702
19.869612	1cb9fe75e10a	0	0	3388	5cd69859f8d0	0	5cd6985a7000	7f	7ffc7e35d298	0	5cd69859f8d0	5cd697455880	79905cc1ace0	5cd689362118	5cd6893d0520	aab4	7f
19.876809	76073	5cd6893d0520	38cc	11	1d37d7	5cd6893c5a60	2aad	10000	7ffc7e35d2a0	2aad	5cd689410530	5cd68c38ed20	5cd688d90520	1a0000	38c8	10000	0
19.885863	7600e	20f23	4c22	11	5269a8	5cd6893c5a60	1881	10000	7ffc7e35d2a0	2aad	5cd689410530	5cd68c38ed20	5cd687f50520	530000	530000	10000	3476
19.899021	1cb9fe75db8a	5cd6893fd498	4c22	10e60	13088	5cd6893d2748	5cd6893ff6c0	b3de	7ffc7e35d298	5cd6893fd498	fffffffff3cfd104	5cd68c38ed20	5cd686c10520	a10000	a10000	10000	31b8
19.912275	75fa8	5cd6922bae10	4c22	f	f46c1b	5cd6893c5a60	b16	10000	7ffc7e35d2a0	2aad	5cd689410530	5cd68c38ed20	5cd685710520	f40000	f40000	10000	1a0c
19.926514	7600e	49	4c22	6	14fb17b	5cd6893c5a60	c	10000	7ffc7e35d2a0	2aad	5cd689410530	5cd68c38ed20	5cd684010520	1500000	1500000	10000	24a6
19.937560	76060	5cd6893d0520	b7a0	11	243d9f	5cd6893c5a60	2aad	10000	7ffc7e35d2a0	2aad	5cd689410530	5cd68c38ed20	5cd688b10520	240000	b79c	10000	0
19.951653	75fed	14bd3	4c22	10	7fa9c7	5cd6893c5a60	1040	10000	7ffc7e35d2a0	2aad	5cd689410530	5cd68c38ed20	5cd687410520	800000	800000	10000	2bf6
19.963343	76060	5cd6893d0520	f4d8	11	cc1163	5cd6893c5a60	2aad	10000	7ffc7e35d2a0	2aad	5cd689410530	5cd68c38ed20	5cd6861d0520	c90000	f4d4	10000	0
19.970973	7c051	5cd69867e890	80	2	2	5cd698680220	2f	13	7ffc7e35d1a0	5cd68a75e590	2	1a34b	0	5cd689382380	5cd689382380	200	2
19.978475	75faf	5cd6922bae10	4c22	11	127bc81	5cd6893c5a60	2a40	10000	7ffc7e35d2a0	2aad	5cd689410530	5cd68c38ed20	5cd684a90520	1260000	1260000	10000	568d
19.983931	75fad	5cd6922bae10	4c22	11	14a9fe0	5cd6893c5a60	20ce	10000	7ffc7e35d2a0	2aad	5cd689410530	5cd68c38ed20	5cd684210520	1480000	1480000	10000	102d
19.989848	7600e	25	4c22	5	16a1caa	5cd6893c5a60	6	10000	7ffc7e35d2a0	2aad	5cd689410530	5cd68c38ed20	5cd683950520	16b0000	16b0000	10000	3189
19.998834	75fed	d3	4c22	7	3221f7	5cd6893c5a60	19	10000	7ffc7e35d2a0	2aad	5cd689410530	5cd68c38ed20	5cd688750520	330000	330000	10000	3c81
20.004373	1cb9fe75db24	5cd6893d14d8	59ef	111e4	15804	5cd6956cd960	5cd6893d5af8	3ee	7ffc7e35d298	5cd6893d14d8	fffffffff3d08198	5cd68c38ed20	5cd687ed0520	560000	560000	10000	3ee
20.015623	75fed	1645	4c22	c	9ec8bd	5cd6893c5a60	167	10000	7ffc7e35d2a0	2aad	5cd689410530	5cd68c38ed20	5cd686c50520	9f0000	9f0000	10000	161e
20.024951	7604c	f378	f374	11	d8c8fd	5cd6893c5a60	2aad	10000	7ffc7e35d2a0	2aad	5cd689410530	5cd68c38ed20	5cd685e90520	d60000	f370	10000	0
20.030828	1cb9fe75db8a	5cd6893e6cdc	59ef	ead8	167bc	5cd6893d8204	5cd6893ee9c0	59ef	7ffc7e35d298	5cd6893e6cdc	5cd689410530	5cd68c38ed20	5cd6855d0520	fa0000	fa0000	10000	12eb
20.039367	75f9c	1f26d	4c22	10	12a3ac4	5cd6893c5a60	173e	10000	7ffc7e35d2a0	2aad	5cd689410530	5cd68c38ed20	5cd684990520	12a0000	12a0000	10000	33d2
20.049236	75fed	3df	4c22	9	1684da5	5cd6893c5a60	59	10000	7ffc7e35d2a0	2aad	5cd689410530	5cd68c38ed20	5cd6839d0520	1690000	1690000	10000	15ef
20.058510	75fe9	178d5	4c22	10	2dc087	5cd6893c5a60	122c	10000	7ffc7e35d2a0	2aad	5cd689410530	5cd68c38ed20	5cd688890520	2e0000	2e0000	10000	516f
20.068920	75fed	35	4c22	5	6c8a8b	5cd6893c5a60	8	10000	7ffc7e35d2a0	2aad	5cd689410530	5cd68c38ed20	5cd6878d0520	6d0000	6d0000	10000	338c
20.080948	75fed	3a1	4c22	9	af19cf	5cd6893c5a60	55	10000	7ffc7e35d2a0	2aad	5cd689410530	5cd68c38ed20	5cd686810520	b00000	b00000	10000	4cdd
20.089277	1cb9fe75db24	5cd6893dc4b0	59ef	14cc	a82c	5cd6956d26a0	5cd6893e5810	2fe4	7ffc7e35d298	5cd6893dc4b0	fffffffff3d13170	5cd69292e250	f	d50000	d50000	10000	2fe4
20.101005	76073	5cd6893d0520	85f4	11	1081faa	5cd6893c5a60	2aad	10000	7ffc7e35d2a0	2aad	5cd689410530	5cd68c38ed20	5cd685290520	1060000	85f0	10000	0
20.111436	75fd1	5cd689385a40	4c22	11	13e67a2	5cd6893c5a60	2053	10000	7ffc7e35d2a0	2aad	5cd689410530	5cd68c38ed20	5cd684490520	13e0000	13e0000	10000	3a09
20.117221	1cb9fe75e10a	0	0	8ef8	5cd698919440	0	5cd69891b000	7f	7ffc7e35d298	0	5cd698919440	5cd691c8bb70	79905cc1ace0	5cd689362118	5cd6893d0520	aab4	7f
20.131074	75fd1	5cd689385a40	4c22	11	3ea3c1	5cd6893c5a60	28fe	10000	7ffc7e35d2a0	2aad	5cd689410530	5cd68c38ed20	5cd688550520	3b0000	3b0000	10000	50fa
20.137113	76073	5cd6893d0520	b350	11	619227	5cd6893c5a60	2aad	10000	7ffc7e35d2a0	2aad	5cd689410530	5cd68c38ed20	5cd687c50520	5f0000	b34c	10000	0
20.143357	75fed	c7	4c22	7	805c48	5cd6893c5a60	18	10000	7ffc7e35d2a0	2aad	5cd689410530	5cd68c38ed20	5cd6873d0520	810000	810000	10000	39c3
20.149846	7600e	6b93	4c22	e	a939cb	5cd6893c5a60	5ce	10000	7ffc7e35d2a0	2aad	5cd689410530	5cd68c38ed20	5cd686990520	aa0000	aa0000	10000	53fe
20.156412	76066	5cd6893d0520	7ebc	11	d3ffa1	5cd6893c5a60	2aad	10000	7ffc7e35d2a0	2aad	5cd689410530	5cd68c38ed20	5cd685f90520	d20000	7eb8	10000	0
20.163038	75fed	20e4b	4c22	11	fbc272	5cd6893c5a60	187a	10000	7ffc7e35d2a0	2aad	5cd689410530	5cd68c38ed20	5cd685510520	fc0000	fc0000	10000	2e85
20.170051	75fed	2f11	4c22	d	126d6a2	5cd6893c5a60	2b3	10000	7ffc7e35d2a0	2aad	5cd689410530	5cd68c38ed20	5cd684a50520	1270000	1270000	10000	a6b
20.183927	75fad	5cd6922bae10	4c22	10	e06e0	5cd6893c5a60	155a	10000	7ffc7e35d2a0	2aad	5cd689410530	5cd68c38ed20	5cd6890d0520	d0000	d0000	10000	4bad
20.190396	1cb9fe660bdc	5cd68dcb6	79905cc1ac80	79905cc1aca8	5cd68dcb6e70	0	79905cc1ac98	41	7ffc7e35d030	5cd689361d90	5cd689361d90	5cd68c38ed20	c9452bc815867652	5cd689361d80	50	5	30
20.196749	1cb9fe75db24	5cd6893d14d8	59ef	9cc4	15804	5cd6956d4e80	5cd6893dd018	3ee	7ffc7e35d298	5cd6893d14d8	fffffffff3d08198	5cd68c38ed20	5cd687ed0520	560000	560000	10000	3ee
20.205327	76001	22e31	4c22	11	821b24	5cd6893c5a60	19de	10000	7ffc7e35d2a0	2aad	5cd689410530	5cd68c38ed20	5cd687410520	800000	800000	10000	2bf6
20.218705	76060	5cd6893d0520	2828	11	cbc39e	5cd6893c5a60	2aad	10000	7ffc7e35d2a0	2aad	5cd689410530	5cd68c38ed20	5cd686210520	c80000	2824	10000	0
20.231882	75fed	c5	4c22	7	10fe45d	5cd6893c5a60	17	10000	7ffc7e35d2a0	2aad	5cd689410530	5cd68c38ed20	5cd685010520	1100000	1100000	10000	34bc
20.239578	75fed	1181	4c22	c	13b7d81	5cd6893c5a60	128	10000	7ffc7e35d2a0	2aad	5cd689410530	5cd68c38ed20	5cd684510520	13c0000	13c0000	10000	1e6f
20.248320	7565f	ffffffff3e43aac0	23147	23147	ffffffffffffffff	116c1	1a01	2b798	7ffc7e35d2a0	23147	0	0	d1a5b32d718ecfac	1a01	800000000000bcb8	340a057ec3612b64	2aad
20.257652	7600e	463	4c22	a	38608c	5cd6893c5a60	64	10000	7ffc7e35d2a0	2aad	5cd689410530	5cd68c38ed20	5cd6885d0520	390000	390000	10000	3560
20.272246	76073	5cd6893d0520	d554	11	93d321	5cd6893c5a60	2aad	10000	7ffc7e35d2a0	2aad	5cd689410530	5cd68c38ed20	5cd686fd0520	910000	d550	10000	0
20.286938	769ec	5cd6922bae10	5cd68936ac00	5cd68c3797b0	c44a	0	0	5cd698ba7730	7ffc7e35d2a0	10b2f	d5f	5cd689361b60	c9452bc815867652	2aad	14	d60	23
20.302049	7600e	b5d	4c22	b	149236b	5cd6893c5a60	d6	10000	7ffc7e35d2a0	2aad	5cd689410530	5cd68c38ed20	5cd684190520	14a0000	14a0000	10000	2bc7
20.315286	76073	5cd6893d0520	9d94	11	1936e7	5cd6893c5a60	2aad	10000	7ffc7e35d2a0	2aad	5cd689410530	5cd68c3797b0	5cd688dd0520	190000	9d90	10000	0
20.327224	75fed	188f	4c22	c	659175	5cd6893c5a60	183	10000	7ffc7e35d2a0	2aad	5cd689410530	5cd68c3797b0	5cd687a90520	660000	660000	10000	2ce0
20.334523	7600e	24f07	4c22	11	91056b	5cd6893c5a60	1b1e	10000	7ffc7e35d2a0	2aad	5cd689410530	5cd68c3797b0	5cd686f90520	920000	920000	10000	1693
20.343652	7600e	11507	4c22	10	cbfb88	5cd6893c5a60	dc5	10000	7ffc7e35d2a0	2aad	5cd689410530	5cd68c3797b0	5cd686110520	cc0000	cc0000	10000	d9e
20.350832	76058	908	904	11	fa4168	5cd6893c5a60	2aad	10000	7ffc7e35d2a0	2aad	5cd689410530	5cd68c3797b0	5cd6855d0520	f90000	904	10000	0
20.357095	76001	334fd	4c22	11	11fed3e	5cd6893c5a60	246a	10000	7ffc7e35d2a0	2aad	5cd689410530	5cd68c3797b0	5cd684c50520	11f0000	11f0000	10000	4fe1
20.366452	769a1	2aad	5cd68936ac00	5cd6956c9340	477e	0	0	5cd68c39cf70	7ffc7e35d2a0	efdb	c32	5cd69351c160	c9452bc815867652	2aad	37	c33	45
20.372632	75fed	5e7	4c22	a	e5a42	5cd6893c5a60	84	10000	7ffc7e35d2a0	2aad	5cd689410530	5cd68c3797b0	5cd689050520	f0000	f0000	10000	d58
20.382253	75fed	c8a1	4c22	f	4b1d60	5cd6893c5a60	a54	10000	7ffc7e35d2a0	2aad	5cd689410530	5cd68c3797b0	5cd688110520	4c0000	4c0000	10000	2dca
20.392517	75fed	6e81	4c22	e	8dcb58	5cd6893c5a60	5f5	10000	7ffc7e35d2a0	2aad	5cd689410530	5cd68c3797b0	5cd687090520	8e0000	8e0000	10000	394e
20.400786	1cb9fe75db8a	5cd6893d0520	4bdc	84c	384c	5cd698c1c920	5cd6893d3520	e13	7ffc7e35d298	5cd6893d0520	5cd696702fd0	5cd691719b28	d	bf0000	bf0000	10000	e13
20.407364	7600e	b3cb	4c22	f	e7ec47	5cd6893c5a60	955	10000	7ffc7e35d2a0	2aad	5cd689410530	5cd68c3797b0	5cd685a10520	e80000	e80000	10000	284e
20.415627	76073	5cd6893d0520	5d74	11	11eb8f3	5cd6893c5a60	2aad	10000	7ffc7e35d2a0	2aad	5cd689410530	5cd68c3797b0	5cd684cd0520	11d0000	5d70	10000	0
20.420986	76b20	5cd698d9d830	40	22d1	5cd3445f6a46	5cd689360010	7	5cd698d1ab10	7ffc7e35d2a0	5cd692aa6bc0	5cd68dae9ec0	5cd68f670270	c9452bc815867652	40	13	5cd698d1a520	24
20.429823	7600e	417b	4c22	e	168cdec	5cd6893c5a60	3b8	10000	7ffc7e35d2a0	2aad	5cd689410530	5cd68c3797b0	5cd6839d0520	1690000	1690000	10000	15ef
20.435419	75fed	21adb	4c22	11	178a8d	5cd6893c5a60	1906	10000	7ffc7e35d2a0	2aad	5cd689410530	5cd68c3797b0	5cd688e10520	180000	180000	10000	2f9e
20.444140	75fed	2b	4c22	5	4e8bda	5cd6893c5a60	7	10000	7ffc7e35d2a0	2aad	5cd689410530	5cd68c3797b0	5cd688050520	4f0000	4f0000	10000	5731
20.459315	75fed	2b	4c22	5	ad01fa	5cd6893c5a60	7	10000	7ffc7e35d2a0	2aad	5cd689410530	5cd68c3797b0	5cd686890520	ae0000	ae0000	10000	3143
20.466603	7600e	1959d	4c22	10	dbdf45	5cd6893c5a60	1368	10000	7ffc7e35d2a0	2aad	5cd689410530	5cd68c3797b0	5cd685d10520	dc0000	dc0000	10000	3690
20.481281	75fed	1b23	4c22	c	13afe9e	5cd6893c5a60	1ab	10000	7ffc7e35d2a0	2aad	5cd689410530	5cd68c3797b0	5cd684550520	13b0000	13b0000	10000	10a2
20.489052	75f95	2b7ab	4c22	11	16360c6	5cd6893c5a60	1f67	10000	7ffc7e35d2a0	2aad	5cd689410530	5cd68c3797b0	5cd683b50520	1630000	1630000	10000	1d10
20.500147	75fed	13d	4c22	8	3846a0	5cd6893c5a60	26	10000	7ffc7e35d2a0	2aad	5cd689410530	5cd68c3797b0	5cd6885d0520	390000	390000	10000	3560
20.512793	75fad	5cd68f355fc0	4c22	9	8900ed	5cd6893c5a60	40	10000	7ffc7e35d2a0	2aad	5cd689410530	5cd68c3797b0	5cd6871d0520	890000	890000	10000	4e3c
20.526135	75fd8	3a31	4c22	d	de0fef	5cd6893c5a60	353	10000	7ffc7e35d2a0	2aad	5cd689410530	5cd68c3797b0	5cd685c90520	de0000	de0000	10000	522a
20.534687	76048	1111	e928	11	1135bf3	5cd6893c5a60	2aad	10000	7ffc7e35d2a0	2aad	5cd689410530	5cd68c3797b0	5cd684fd0520	1110000	e924	10000	0
20.542428	7600e	201a9	4c22	11	140a2e4	5cd6893c5a60	17e0	10000	7ffc7e35d2a0	2aad	5cd689410530	5cd68c3797b0	5cd6843d0520	1410000	1410000	10000	981
20.554059	76073	5cd6893d0520	3eb4	5cd68dece380	17a77e	5cd6893c5a60	2aad	0	7ffc7e35d2a0	2aad	5cd689410530	5cd68c3797b0	5cd688e50520	170000	3eb0	10000	1
20.562721	75fad	5cd68f355fc0	4c22	e	4e0c53	5cd6893c5a60	3e9	10000	7ffc7e35d2a0	2aad	5cd689410530	5cd68c3797b0	5cd688090520	4e0000	4e0000	10000	4964
20.568526	75fe9	2afaf	4c22	11	715bc9	5cd6893c5a60	1f06	10000	7ffc7e35d2a0	2aad	5cd689410530	5cd68c3797b0	5cd687790520	720000	720000	10000	1e9e
20.580133	1cb9fe75e10a	0	1	9ec8	5cd698fdf410	0	5cd698fe0000	7f	7ffc7e35d298	0	5cd698fdf410	5cd692d53b70	79905cc1ace0	5cd68dece388	5cd6893d0520	aab4	7f
20.590467	75ff5	1ca53	4c22	10	fa0e42	5cd6893c5a60	1584	10000	7ffc7e35d2a0	2aad	5cd689410530	5cd68c3797b0	5cd685590520	fa0000	fa0000	10000	12eb
20.596974	7600e	1b7	4c22	8	1232888	5cd6893c5a60	31	10000	7ffc7e35d2a0	2aad	5cd689410530	5cd68c3797b0	5cd684b10520	1240000	1240000	10000	3af3
20.611986	75fed	9eb	4c22	b	10addb	5cd6893c5a60	c2	10000	7ffc7e35d2a0	2aad	5cd689410530	5cd68c3797b0	5cd688fd0520	110000	110000	10000	28f2
20.626218	76001	3c5a1	4c22	11	6d557f	5cd6893c5a60	2a38	10000	7ffc7e35d2a0	2aad	5cd689410530	5cd68c3797b0	5cd687910520	6c0000	6c0000	10000	25bf
20.641345	1cb9fe75e10a	0	1	9888	5cd6990bfdd0	0	5cd6990c1000	7f	7ffc7e35d298	0	5cd6990bfdd0	5cd69483aec0	79905cc1ace0	5cd68dece388	5cd6893d0520	aab4	7f
20.654814	76073	5cd6893d0520	c7a4	11	120f9fc	5cd6893c5a60	2aad	10000	7ffc7e35d2a0	2aad	5cd689410530	5cd68c3797b0	5cd684c90520	11e0000	c7a0	10000	0
20.667341	75fed	c9d	4c22	b	16d36a4	5cd6893c5a60	ea	10000	7ffc7e35d2a0	2aad	5cd689410530	5cd68c3797b0	5cd683890520	16e0000	16e0000	10000	101
20.682408	7600a	2147f	4c22	11	5ac996	5cd6893c5a60	18bb	10000	7ffc7e35d2a0	2aad	5cd689410530	5cd68c3797b0	5cd687d50520	5b0000	5b0000	10000	48ef
20.693265	7600e	25	4c22	5	8d0369	5cd6893c5a60	6	10000	7ffc7e35d2a0	2aad	5cd689410530	5cd68c3797b0	5cd687090520	8e0000	8e0000	10000	394e
20.703792	76060	5cd6893d0520	9948	11	d2a1da	5cd6893c5a60	2aad	10000	7ffc7e35d2a0	2aad	5cd689410530	5cd68c3797b0	5cd686050520	cf0000	9944	10000	0
20.712531	76011	3b21	4c22	d	106975e	5cd6893c5a60	360	10000	7ffc7e35d2a0	2aad	5cd689410530	5cd68c3797b0	5cd685250520	1070000	1070000	10000	1276
20.720847	7600e	2482f	4c22	11	13a82b2	5cd6893c5a60	1ae6	10000	7ffc7e35d2a0	2aad	5cd689410530	5cd68c3797b0	5cd684550520	13b0000	13b0000	10000	10a2
20.730025	7600e	169f	4c22	c	439eb	5cd6893c5a60	16c	10000	7ffc7e35d2a0	2aad	5cd689410530	5cd68c3797b0	5cd6892d0520	50000	50000	10000	3734
20.744276	75fed	3af3	4c22	d	5761a0	5cd6893c5a60	35d	10000	7ffc7e35d2a0	2aad	5cd689410530	5cd68c3797b0	5cd687e10520	580000	580000	10000	1f88
20.751454	7600e	25	4c22	5	83a837	5cd6893c5a60	6	10000	7ffc7e35d2a0	2aad	5cd689410530	5cd68c3797b0	5cd687310520	840000	840000	10000	93b
20.760612	75fed	2a1	4c22	9	bc460b	5cd6893c5a60	45	10000	7ffc7e35d2a0	2aad	5cd689410530	5cd68c3797b0	5cd6864d0520	bd0000	bd0000	10000	4c68
20.773638	1cb9fe75e10a	0	1	61d8	5cd699282720	0	5cd699287000	7e	7ffc7e35d298	0	5cd699282720	5cd689a057b0	79905cc1ace0	5cd68dece388	5cd6893d0520	aab4	7e
20.781125	75fed	49	4c22	6	13faac5	5cd6893c5a60	c	10000	7ffc7e35d2a0	2aad	5cd689410530	5cd68c3797b0	5cd684410520	1400000	1400000	10000	55a3
20.795485	7606f	5cd6893d0520	d778	11	28e29a	5cd6893c5a60	2aad	10000	7ffc7e35d2a0	2aad	5cd689410530	5cd68c3797b0	5cd688a10520	280000	d774	10000	0
20.809001	75fed	1843	4c22	c	7d44f1	5cd6893c5a60	17e	10000	7ffc7e35d2a0	2aad	5cd689410530	5cd68c3797b0	5cd687490520	7e0000	7e0000	10000	105c
20.817508	7600a	2dc19	4c22	11	b3bdb2	5cd6893c5a60	20f4	10000	7ffc7e35d2a0	2aad	5cd689410530	5cd68c3797b0	5cd686710520	b40000	b40000	10000	2a22
20.826754	7600e	25	4c22	5	e9a240	5cd6893c5a60	6	10000	7ffc7e35d2a0	2aad	5cd689410530	5cd68c3797b0	5cd685990520	ea0000	ea0000	10000	43e8
20.837542	7600e	e3	4c22	7	12fc37d	5cd6893c5a60	1a	10000	7ffc7e35d2a0	2aad	5cd689410530	5cd68c3797b0	5cd684810520	1300000	1300000	10000	2cb1
20.848342	76073	5cd6893d0520	4324	11	4e19b	5cd6893c5a60	2aad	10000	7ffc7e35d2a0	2aad	5cd689410530	5cd68c3797b0	5cd689350520	30000	4320	10000	0
20.855383	75f95	f931	4c22	f	2ec2f4	5cd6893c5a60	c95	10000	7ffc7e35d2a0	2aad	5cd689410530	5cd68c3797b0	5cd688890520	2e0000	2e0000	10000	516f
20.861881	75fed	2b	4c22	5	5872f2	5cd6893c5a60	7	10000	7ffc7e35d2a0	2aad	5cd689410530	5cd68c3797b0	5cd687dd0520	590000	590000	10000	2d55
20.868228	75fed	b3f	4c22	b	7f27da	5cd6893c5a60	d4	10000	7ffc7e35d2a0	2aad	5cd689410530	5cd68c3797b0	5cd687410520	800000	800000	10000	2bf6
20.876880	75fed	1af	4c22	8	b5e33f	5cd6893c5a60	2f	10000	7ffc7e35d2a0	2aad	5cd689410530	5cd68c3797b0	5cd686690520	b60000	b60000	10000	45bc
20.885642	75fed	32917	4c22	11	e81480	5cd6893c5a60	23f1	10000	7ffc7e35d2a0	2aad	5cd689410530	5cd68c3797b0	5cd6859d0520	e90000	e90000	10000	361b
20.899100	75ffd	30df7	4c22	11	1415137	5cd6893c5a60	22ef	10000	7ffc7e35d2a0	2aad	5cd689410530	5cd68c3797b0	5cd684410520	1400000	1400000	10000	55a3
20.906523	7600e	b609	4c22	f	16532e4	5cd6893c5a60	970	10000	7ffc7e35d2a0	2aad	5cd689410530	5cd68c3797b0	5cd683a90520	1660000	1660000	10000	4677
20.913578	75fed	47	4c22	6	1f8690	5cd6893c5a60	b	10000	7ffc7e35d2a0	2aad	5cd689410530	5cd68c3797b0	5cd688c10520	200000	200000	10000	4417
20.927827	76073	5cd6893d0520	b018	11	69ce96	5cd6893c5a60	2aad	10000	7ffc7e35d2a0	2aad	5cd689410530	5cd68c3797b0	5cd687a50520	670000	b014	10000	0
20.939565	76001	14c11	4c22	10	b27b20	5cd6893c5a60	1042	10000	7ffc7e35d2a0	2aad	5cd689410530	5cd68c3797b0	5cd686790520	b20000	b20000	10000	e88
20.949462	7600e	28d	4c22	9	f0d19b	5cd6893c5a60	43	10000	7ffc7e35d2a0	2aad	5cd689410530	5cd68c3797b0	5cd6857d0520	f10000	f10000	10000	4a94
20.964332	75fed	26c9	4c22	d	14d192f	5cd6893c5a60	23f	10000	7ffc7e35d2a0	2aad	5cd689410530	5cd68c3797b0	5cd684090520	14e0000	14e0000	10000	90c
20.969833	7560c	3048	12ea5	12ea5	1263e	12c8	efb	59d3	7ffc7e35d2a0	12ea5	0	0	c5023abbf5c727e4	efb	7fffffffffff7d9c	31a7eb10d444c185	2aad
20.976675	7600e	62f	4c22	a	291984	5cd6893c5a60	89	10000	7ffc7e35d2a0	2aad	5cd689410530	5cd68c3797b0	5cd688990520	2a0000	2a0000	10000	1a3b
20.984841	75fed	2cc8d	4c22	11	5958a2	5cd6893c5a60	204b	10000	7ffc7e35d2a0	2aad	5cd689410530	5cd68c3797b0	5cd687d90520	5a0000	5a0000	10000	3b22
20.997498	7600e	1fc97	4c22	10	abff48	5cd6893c5a60	17b2	10000	7ffc7e35d2a0	2aad	5cd689410530	5cd68c3797b0	5cd686910520	ac0000	ac0000	10000	15a9
21.005559	76055	42d4	42d0	11	e23003	5cd6893c5a60	2aad	10000	7ffc7e35d2a0	2aad	5cd689410530	5cd68c3797b0	5cd685c50520	df0000	42cc	10000	0
21.012394	76055	d8f4	d8f0	11	10c24f4	5cd6893c5a60	2aad	10000	7ffc7e35d2a0	2aad	5cd689410530	5cd68c3797b0	5cd685150520	10b0000	d8ec	10000	0
21.024333	7600e	47	4c22	6	1572bd2	5cd6893c5a60	b	10000	7ffc7e35d2a0	2aad	5cd689410530	5cd68c3797b0	5cd683e10520	1580000	1580000	10000	391f
21.038861	7600e	36991	4c22	11	419f64	5cd6893c5a60	267d	10000	7ffc7e35d2a0	2aad	5cd689410530	5cd68c3797b0	5cd688390520	420000	420000	10000	57a6
21.049941	75fed	3df	4c22	9	873170	5cd6893c5a60	59	10000	7ffc7e35d2a0	2aad	5cd689410530	5cd68c3797b0	5cd687210520	880000	880000	10000	406f
21.064469	75fed	4f	4c22	6	e38147	5cd6893c5a60	d	10000	7ffc7e35d2a0	2aad	5cd689410530	5cd68c3797b0	5cd685b10520	e40000	e40000	10000	4b09
21.073178	75fed	236d5	4c22	11	1192a54	5cd6893c5a60	1a37	10000	7ffc7e35d2a0	2aad	5cd689410530	5cd68c3797b0	5cd684d90520	11a0000	11a0000	10000	ae0
21.081008	1cb9fe75db8a	5cd6893e6cdc	59ef	64d8	167bc	5cd6893e0804	5cd6893f6fc0	59ef	7ffc7e35d298	5cd6893e6cdc	fffffffff07d81c0	5cd68c3797b0	5cd684190520	14b0000	14b0000	10000	3994
21.095748	75fed	aabf	4c22	f	2e984b	5cd6893c5a60	8e4	10000	7ffc7e35d2a0	2aad	5cd689410530	5cd68c3797b0	5cd688850520	2f0000	2f0000	10000	54d
21.101781	75fed	341d5	4c22	11	507669	5cd6893c5a60	24d4	10000	7ffc7e35d2a0	2aad	5cd689410530	5cd68c3797b0	5cd687fd0520	510000	510000	10000	18dc
21.114495	1cb9fe75db8a	5cd6893d0520	57c	6b4c	151cc	5cd698c16620	5cd6893deba0	5473	7ffc7e35d298	5cd6893d0520	5cd68c4382b0	5cd696e6f770	b	9d0000	9d0000	10000	5473
21.120422	75fed	89	4c22	7	bf19e9	5cd6893c5a60	10	10000	7ffc7e35d2a0	2aad	5cd689410530	5cd68c3797b0	5cd686410520	c00000	c00000	10000	1be0
21.131894	7600e	1d63	4c22	c	106eda4	5cd6893c5a60	1c4	10000	7ffc7e35d2a0	2aad	5cd689410530	5cd68c3797b0	5cd685250520	1070000	1070000	10000	1276
21.140048	7600e	35	4c22	5	13aed23	5cd6893c5a60	8	10000	7ffc7e35d2a0	2aad	5cd689410530	5cd68c3797b0	5cd684550520	13b0000	13b0000	10000	10a2
21.150788	7600e	2763d	4c22	11	a290d	5cd6893c5a60	1cb7	10000	7ffc7e35d2a0	2aad	5cd689410530	5cd68c3797b0	5cd689150520	b0000	b0000	10000	3013
21.164190	75fed	370d5	4c22	11	5e3f0a	5cd6893c5a60	26ca	10000	7ffc7e35d2a0	2aad	5cd689410530	5cd68c3797b0	5cd687c50520	5f0000	5f0000	10000	2634
21.172285	75ff5	7ded	4c22	e	8d4793	5cd6893c5a60	6cf	10000	7ffc7e35d2a0	2aad	5cd689410530	5cd68c3797b0	5cd6870d0520	8d0000	8d0000	10000	2b81
21.186677	75fe4	22e73	4c22	11	dd1195	5cd6893c5a60	19e2	10000	7ffc7e35d2a0	2aad	5cd689410530	5cd68c3797b0	5cd685c90520	de0000	de0000	10000	522a
21.199203	7600e	99d7	4c22	f	12e2710	5cd6893c5a60	821	10000	7ffc7e35d2a0	2aad	5cd689410530	5cd68c3797b0	5cd684850520	12f0000	12f0000	10000	1ee4
21.209136	75fed	1e143	4c22	10	16c5b43	5cd6893c5a60	167d	10000	7ffc7e35d2a0	2aad	5cd689410530	5cd68c3797b0	5cd6838d0520	16d0000	16d0000	10000	4d23
21.223159	7600e	a3	4c22	7	55d77d	5cd6893c5a60	12	10000	7ffc7e35d2a0	2aad	5cd689410530	5cd68c3797b0	5cd687e90520	560000	560000	10000	3ee
21.230357	75fe9	2702f	4c22	11	802433	5cd6893c5a60	1c78	10000	7ffc7e35d2a0	2aad	5cd689410530	5cd68c3797b0	5cd6873d0520	810000	810000	10000	39c3
21.245005	75fed	15f43	4c22	10	ddfb55	5cd6893c5a60	1114	10000	7ffc7e35d2a0	2aad	5cd689410530	5cd68c3797b0	5cd685c90520	de0000	de0000	10000	522a
21.258329	7600e	35	4c22	5	13129c9	5cd6893c5a60	8	10000	7ffc7e35d2a0	2aad	5cd689410530	5cd68c3797b0	5cd684790520	1320000	1320000	10000	484b
21.267652	75fed	2b	4c22	5	1634ad5	5cd6893c5a60	7	10000	7ffc7e35d2a0	2aad	5cd689410530	5cd68c3797b0	5cd683b10520	1640000	1640000	10000	2add
21.273825	76073	5cd6893d0520	ecb8	11	1a6c8b	5cd6893c5a60	2aad	10000	7ffc7e35d2a0	2aad	5cd689410530	5cd68c3797b0	5cd688e10520	180000	ecb4	10000	0
21.283391	1cb9fe75e10a	0	1	5c68	5cd6999dd1b0	0	5cd6999e2000	7e	7ffc7e35d298	0	5cd6999dd1b0	5cd692d53b70	79905cc1ace0	5cd68dece388	5cd6893d0520	aab4	7e
21.293218	75fed	5563	4c22	e	87da97	5cd6893c5a60	4bb	10000	7ffc7e35d2a0	2aad	5cd689410530	5cd68c3797b0	5cd687210520	880000	880000	10000	406f
21.303351	7606f	5cd6893d0520	f238	11	c610c2	5cd6893c5a60	2aad	10000	7ffc7e35d2a0	2aad	5cd689410530	5cd68c3797b0	5cd686290520	c60000	f234	10000	0
21.317349	75fed	25	4c22	5	111bdd6	5cd6893c5a60	6	10000	7ffc7e35d2a0	2aad	5cd689410530	5cd68c3797b0	5cd684f90520	1120000	1120000	10000	5056
21.325987	7600e	310c7	4c22	11	1403004	5cd6893c5a60	2308	10000	7ffc7e35d2a0	2aad	5cd689410530	5cd68c3797b0	5cd6843d0520	1410000	1410000	10000	981
21.339587	75fed	1ac35	4c22	10	1cd311	5cd6893c5a60	145e	10000	7ffc7e35d2a0	2aad	5cd689410530	5cd68c3797b0	5cd688cd0520	1d0000	1d0000	10000	1ab0
21.347293	1cb9fe75db8a	5cd6893d8514	59ef	5e5c	e7c8	5cd698c0f31c	5cd6893e0e80	1ffd	7ffc7e35d298	5cd6893d8514	5cd689410530	5cd68c3797b0	5cd688190520	4b0000	4b0000	10000	1ffd
21.355637	7600e	3f1	4c22	9	778ae8	5cd6893c5a60	5a	10000	7ffc7e35d2a0	2aad	5cd689410530	5cd68c3797b0	5cd687610520	780000	780000	10000	177d
21.368721	75fed	3df	4c22	9	cbb717	5cd6893c5a60	59	10000	7ffc7e35d2a0	2aad	5cd689410530	5cd68c3797b0	5cd686110520	cc0000	cc0000	10000	d9e
21.378607	75fed	2051f	4c22	11	107db7b	5cd6893c5a60	180b	10000	7ffc7e35d2a0	2aad	5cd689410530	5cd68c3797b0	5cd685210520	1080000	1080000	10000	2043
21.392528	76073	5cd6893d0520	6bec	11	160c639	5cd6893c5a60	2aad	10000	7ffc7e35d2a0	2aad	5cd689410530	5cd68c3797b0	5cd683cd0520	15d0000	6be8	10000	0
21.404265	75fc0	2aad	4c22	11	39a405	5cd6893c5a60	284f	10000	7ffc7e35d2a0	2aad	5cd689410530	5cd68c3797b0	5cd688650520	370000	370000	10000	19c6
21.409947	7600e	11299	4c22	10	5ab5ce	5cd6893c5a60	dad	10000	7ffc7e35d2a0	2aad	5cd689410530	5cd68c3797b0	5cd687d50520	5b0000	5b0000	10000	48ef
21.420829	7600a	29e33	4c22	11	9a90d0	5cd6893c5a60	1e5a	10000	7ffc7e35d2a0	2aad	5cd689410530	5cd68c3797b0	5cd686d50520	9b0000	9b0000	10000	38d9
21.428261	75ff0	d3f	4c22	b	c95b15	5cd6893c5a60	f4	10000	7ffc7e35d2a0	2aad	5cd689410530	5cd68c3797b0	5cd686190520	ca0000	ca0000	10000	4bf3
21.436789	75fa8	5cd68f355fc0	4c22	8	fc00f8	5cd6893c5a60	23	10000	7ffc7e35d2a0	2aad	5cd689410530	5cd68c3797b0	5cd685510520	fc0000	fc0000	10000	2e85
21.443458	75fed	287	4c22	9	12646e0	5cd6893c5a60	42	10000	7ffc7e35d2a0	2aad	5cd689410530	5cd68c3797b0	5cd684a50520	1270000	1270000	10000	a6b
21.456458	75fe0	35d5f	4c22	11	5cd689410530	5cd6893c5a60	25fc	10000	7ffc7e35d2a0	2aad	5cd689410530	5cd68c3797b0	5cd689310520	40000	40000	10000	2967
21.469151	75fed	43	4c22	6	5219e4	5cd6893c5a60	a	10000	7ffc7e35d2a0	2aad	5cd689410530	5cd68c3797b0	5cd687f50520	530000	530000	10000	3476
21.478036	7600e	1bfe5	4c22	10	8a8cf6	5cd6893c5a60	151a	10000	7ffc7e35d2a0	2aad	5cd689410530	5cd68c3797b0	5cd687150520	8b0000	8b0000	10000	fe7
21.483985	7600e	2b	4c22	5	aece64	5cd6893c5a60	7	10000	7ffc7e35d2a0	2aad	5cd689410530	5cd68c3797b0	5cd686850520	af0000	af0000	10000	3f10
21.495160	76073	5cd6893d0520	ef88	11	f60dff	5cd6893c5a60	2aad	10000	7ffc7e35d2a0	2aad	5cd689410530	5cd68c3797b0	5cd6856d0520	f50000	ef84	10000	0
21.501499	75f99	199f3	4c22	10	11b35e3	5cd6893c5a60	13a0	10000	7ffc7e35d2a0	2aad	5cd689410530	5cd68c3797b0	5cd684d50520	11b0000	11b0000	10000	18ad
21.509918	7600e	47	4c22	6	14f3aec	5cd6893c5a60	b	10000	7ffc7e35d2a0	2aad	5cd689410530	5cd68c3797b0	5cd684010520	1500000	1500000	10000	24a6
21.521242	75fed	b3	4c22	7	26322b	5cd6893c5a60	14	10000	7ffc7e35d2a0	2aad	5cd689410530	5cd68c3797b0	5cd688a50520	270000	270000	10000	4ac3
21.530983	76077	ffff	f2e0	11	65261d	5cd6893c5a60	2aad	10000	7ffc7e35d2a0	2aad	5cd689410530	5cd68c3797b0	5cd687b10520	640000	f2dc	10000	0
21.541090	7600e	222df	4c22	11	a0c7c6	5cd6893c5a60	1965	10000	7ffc7e35d2a0	2aad	5cd689410530	5cd68c3797b0	5cd686bd0520	a10000	a10000	10000	31b8
21.552834	75f9c	1aff5	4c22	10	ea142f	5cd6893c5a60	1478	10000	7ffc7e35d2a0	2aad	5cd689410530	5cd68c3797b0	5cd685990520	ea0000	ea0000	10000	43e8
21.566755	75fe9	d3	4c22	7	1432fb1	5cd6893c5a60	19	10000	7ffc7e35d2a0	2aad	5cd689410530	5cd68c3797b0	5cd684310520	1440000	1440000	10000	32e8
21.572470	76073	5cd6893d0520	af8c	11	16884a9	5cd6893c5a60	2aad	10000	7ffc7e35d2a0	2aad	5cd689410530	5cd68c3797b0	5cd683ad0520	1650000	af88	10000	0
21.583822	75ffd	a5c1	4c22	f	3b1b83	5cd6893c5a60	8ac	10000	7ffc7e35d2a0	2aad	5cd689410530	5cd68c3797b0	5cd688550520	3b0000	3b0000	10000	50fa
21.595962	76a16	2aad	5cd68936ac00	74e1	5cd689385a40	7ded	2086e	5cd699e93490	7ffc7e35d2a0	7dbf	6cf	5cd692b27440	c9452bc815867652	2aad	34	6d0	42
21.610252	1cb9fe75db8a	5cd6893e6cdc	59ef	12058	167bc	5cd6893d4c84	5cd6893eb440	59ef	7ffc7e35d298	5cd6893e6cdc	5cd689410530	5cd68c3797b0	5cd685d90520	db0000	db0000	10000	28c3
21.618322	76060	5cd6893d0520	3698	11	10f1d61	5cd6893c5a60	2aad	10000	7ffc7e35d2a0	2aad	5cd689410530	5cd68c3797b0	5cd6850d0520	10d0000	3694	10000	0
21.630515	76055	47d8	47d4	11	15b665d	5cd6893c5a60	2aad	10000	7ffc7e35d2a0	2aad	5cd689410530	5cd68c3797b0	5cd683d90520	15a0000	47d0	10000	0
21.642794	1cb9fe66206f	0	80	7fffffffffffff00	2	200	200	200	7ffc7e35d170	5cd689361458	1	2	0	5cd68a75e580	5cd68a75e580	200	2
21.649549	75fe9	276b5	4c22	11	5eb18c	5cd6893c5a60	1cbb	10000	7ffc7e35d2a0	2aad	5cd689410530	5cd68c3797b0	5cd687c50520	5f0000	5f0000	10000	2634
21.661911	75fed	3990d	4c22	11	aac38f	5cd6893c5a60	2871	10000	7ffc7e35d2a0	2aad	5cd689410530	5cd68c3797b0	5cd686950520	ab0000	ab0000	10000	7dc
21.676064	75fed	2b	4c22	5	100e54f	5cd6893c5a60	7	10000	7ffc7e35d2a0	2aad	5cd689410530	5cd68c3797b0	5cd6853d0520	1010000	1010000	10000	1997
21.681564	7600e	101	4c22	8	1224302	5cd6893c5a60	1e	10000	7ffc7e35d2a0	2aad	5cd689410530	5cd68c3797b0	5cd684b50520	1230000	1230000	10000	2d26
21.691771	76073	5cd6893d0520	2054	11	164c890	5cd6893c5a60	2aad	10000	7ffc7e35d2a0	2aad	5cd689410530	5cd68c3797b0	5cd683bd0520	1610000	2050	10000	0
21.699024	1cb9fe75db8a	5cd6893d0520	ea	a14	16414	5cd698c1c758	5cd6893e5f20	5905	7ffc7e35d298	5cd6893d0520	5cd689410530	5cd68c3797b0	5cd688d90520	1b0000	1b0000	10000	5905
21.707881	76073	5cd6893d0520	fe1c	11	544bb7	5cd6893c5a60	2aad	10000	7ffc7e35d2a0	2aad	5cd689410530	5cd68c3797b0	5cd687fd0520	510000	fe18	10000	0
21.722414	75fe9	262c1	4c22	11	ab9f17	5cd6893c5a60	1bf4	10000	7ffc7e35d2a0	2aad	5cd689410530	5cd68c3797b0	5cd686910520	ac0000	ac0000	10000	15a9
21.731445	1cb9fe6621ec	5cd69a06c0b0	ffffffffffffffa0	0	5cd689360010	0	2f	200	7ffc7e35d170	5cd69831e238	1	2	0	1f	5cd692b27440	200	2
21.739383	75fed	e3	4c22	7	116fb33	5cd6893c5a60	1a	10000	7ffc7e35d2a0	2aad	5cd689410530	5cd68c3797b0	5cd684e50520	1170000	1170000	10000	3b68
21.754237	76077	ffff	a510	5cd68dece380	3f3bf	5cd6893c5a60	2aad	0	7ffc7e35d2a0	2aad	5cd689410530	5cd68c3797b0	5cd689390520	20000	a50c	10000	1
21.766778	1cb9fe75db8a	5cd6893fd498	4c22	bca0	13088	5cd6893d7908	5cd689404880	b3de	7ffc7e35d298	5cd6893fd498	5cd689410530	5cd68c3797b0	5cd688050520	500000	500000	10000	b0f
21.781827	7bcc0	5cd689361450	1	38	0	5cd65e4ec938	7ffc7e35d168	0	7ffc7e35d160	e	3f	38	c9452bc815867652	5cd68fc7989c	0	38	5cd68fc79860
21.789180	75fed	1517	4c22	c	d058fe	5cd6893c5a60	156	10000	7ffc7e35d2a0	2aad	5cd689410530	5cd68c3797b0	5cd685fd0520	d10000	d10000	10000	529f
21.796543	75fed	216b3	4c22	11	fed285	5cd6893c5a60	18d6	10000	7ffc7e35d2a0	2aad	5cd689410530	5cd68c3797b0	5cd685450520	ff0000	ff0000	10000	57ec
21.803206	7600e	a3	4c22	7	129b5de	5cd6893c5a60	12	10000	7ffc7e35d2a0	2aad	5cd689410530	5cd68c3797b0	5cd684990520	12a0000	12a0000	10000	33d2
21.817565	76060	5cd6893d0520	cf58	11	15590b	5cd6893c5a60	2aad	10000	7ffc7e35d2a0	2aad	5cd689410530	5cd68c3797b0	5cd688f50520	130000	cf54	10000	0
21.831904	75fc0	2aad	4c22	10	629c3d	5cd6893c5a60	11fa	10000	7ffc7e35d2a0	2aad	5cd689410530	5cd68c3797b0	5cd687b90520	620000	620000	10000	4f9b
21.846611	75fed	25	4c22	5	b6da6f	5cd6893c5a60	6	10000	7ffc7e35d2a0	2aad	fffffffff07c81d8	5cd68c3797b0	5cd686650520	b70000	b70000	10000	5389
21.857058	1cb9fe75db8a	5cd6893e6cdc	59ef	1c98	167bc	5cd6893e5044	5cd6893fb800	59ef	7ffc7e35d298	5cd6893e6cdc	0	1b0	c9452bc815867652	f40000	f40000	10000	1a0c
21.863258	75fed	31241	4c22	11	118d23d	5cd6893c5a60	2310	10000	7ffc7e35d2a0	2aad	5cd689410530	5cd68c3797b0	5cd684dd0520	1190000	1190000	10000	5702
21.875297	75fed	25	4c22	5	158e2c2	5cd6893c5a60	6	10000	7ffc7e35d2a0	2aad	5cd689410530	5cd68c3797b0	5cd683dd0520	1590000	1590000	10000	46ec
21.888992	7600e	25	4c22	5	35674c	5cd6893c5a60	6	10000	7ffc7e35d2a0	2aad	5cd689410530	5cd68c3797b0	5cd688690520	360000	360000	10000	bf9
21.900828	76060	5cd6893d0520	1638	11	7e1679	5cd6893c5a60	2aad	10000	7ffc7e35d2a0	2aad	5cd689410530	5cd68c3797b0	5cd687490520	7e0000	1634	10000	0
21.911459	76001	2a799	4c22	11	bd405b	5cd6893c5a60	1ebc	10000	7ffc7e35d2a0	2aad	5cd689410530	5cd68c3797b0	5cd6864d0520	bd0000	bd0000	10000	4c68
21.919247	75faf	5cd68f355fc0	4c22	c	ee1365	5cd6893c5a60	174	10000	7ffc7e35d2a0	2aad	5cd689410530	5cd68c3797b0	5cd685890520	ee0000	ee0000	10000	212d
21.932156	75fd5	826f	4c22	f	13a4a6b	5cd6893c5a60	70d	10000	7ffc7e35d2a0	2aad	5cd689410530	5cd68c3797b0	5cd684590520	13a0000	13a0000	10000	2d5
21.944551	75ff5	18a31	4c22	10	153b89	5cd6893c5a60	12e3	10000	7ffc7e35d2a0	2aad	5cd689410530	5cd68c3797b0	5cd688ed0520	150000	150000	10000	637
21.955399	7600a	43	4c22	6	4e20f1	5cd6893c5a60	a	10000	7ffc7e35d2a0	2aad	5cd689410530	5cd68c3797b0	5cd688050520	4f0000	4f0000	10000	5731
21.968916	772b6	1	1	5cd689434650	2	5cd689434578	66	5cd69a4998f0	7ffc7e35d2a0	5cd689fa1910	66	0	22a4	5cd689434540	b	66	5cd689434548
21.983545	75fed	3ca03	4c22	11	feafb8	5cd6893c5a60	2a6d	10000	7ffc7e35d2a0	2aad	5cd689410530	5cd68c3797b0	5cd685450520	ff0000	ff0000	10000	57ec
21.994651	75fed	1dcb1	4c22	10	1450126	5cd6893c5a60	164b	10000	7ffc7e35d2a0	2aad	5cd689410530	5cd68c3797b0	5cd684290520	1460000	1460000	10000	4e82
22.004277	772b6	4	0	5cd692fdd8d0	1	5cd692fdd8d0	65	5cd69a4f9350	7ffc7e35d2a0	5cd6896584e0	65	0	22a4	5cd692fdd8b0	1	69	5cd692fdd8b8
22.011834	75fed	1bb	4c22	8	4059cd	5cd6893c5a60	32	10000	7ffc7e35d2a0	2aad	5cd689410530	5cd68c3797b0	5cd6883d0520	410000	410000	10000	49d9
22.025148	75fed	13643	4c22	10	97fbb6	5cd6893c5a60	f5a	10000	7ffc7e35d2a0	2aad	5cd689410530	5cd68c3797b0	5cd686e10520	980000	980000	10000	f72
22.033473	75fed	1cfa3	4c22	10	cc31de	5cd6893c5a60	15bf	10000	7ffc7e35d2a0	2aad	5cd689410530	5cd68c3797b0	5cd6860d0520	cd0000	cd0000	10000	1b6b
22.048213	75fd1	5cd689385a40	4c22	11	12ca87e	5cd6893c5a60	19d2	10000	7ffc7e35d2a0	2aad	5cd689410530	5cd68c3797b0	5cd684950520	12b0000	12b0000	10000	419f
22.059101	75606	ffffffffffff5cb0	2b021	2b021	ffffffffffffbba8	248da	1f0e	13054	7ffc7e35d2a0	2b021	0	18a04	c5023abbf5c727e4	1f0e	8000000000006628	e78523c367aa625b	2aad
22.072960	75fed	599	4c22	a	576ec2	5cd6893c5a60	7c	10000	7ffc7e35d2a0	2aad	5cd689410530	5cd68c3797b0	5cd687e10520	580000	580000	10000	1f88
22.078705	76066	5cd6893d0520	e278	11	7e9635	5cd6893c5a60	2aad	10000	7ffc7e35d2a0	2aad	5cd689410530	5cd68c3797b0	5cd6874d0520	7d0000	e274	10000	0
22.089777	7600e	92b	4c22	b	c31bd4	5cd6893c5a60	b6	10000	7ffc7e35d2a0	2aad	5cd689410530	5cd68c3797b0	5cd686310520	c40000	c40000	10000	5314
22.095178	75ff5	197bf	4c22	10	e76142	5cd6893c5a60	1383	10000	7ffc7e35d2a0	2aad	5cd689410530	5cd68c3797b0	5cd685a50520	e70000	e70000	10000	1a81
22.100565	75fed	62f	4c22	a	1074159	5cd6893c5a60	89	10000	7ffc7e35d2a0	2aad	5cd689410530	5cd68c3797b0	5cd685210520	1080000	1080000	10000	2043
22.107847	75f99	2eb6b	4c22	11	136eee7	5cd6893c5a60	218f	10000	7ffc7e35d2a0	2aad	5cd689410530	5cd68c3797b0	5cd6846d0520	1350000	1350000	10000	17c3
22.118878	7600e	c25	4c22	b	48d27	5cd6893c5a60	e1	10000	7ffc7e35d2a0	2aad	5cd689410530	5cd68c3797b0	5cd6892d0520	50000	50000	10000	3734
22.131312	75fad	5cd68f355fc0	4c22	11	5303a7	5cd6893c5a60	26a6	10000	7ffc7e35d2a0	2aad	5cd689410530	5cd68c3797b0	5cd687f50520	530000	530000	10000	3476
22.138164	75fed	e5	4c22	7	7bc0aa	5cd6893c5a60	1b	10000	7ffc7e35d2a0	2aad	5cd689410530	5cd68c3797b0	5cd687510520	7c0000	7c0000	10000	4eb1
22.149207	76066	5cd6893d0520	b76c	11	c4ff98	5cd6893c5a60	2aad	10000	7ffc7e35d2a0	2aad	5cd689410530	5cd68c3797b0	5cd686310520	c40000	b768	10000	0
22.159238	7764b	5cd69a6bf810	f	e0	79905cc1ac80	0	7	0	7ffc7e35d2a0	5cd69a6bf810	5cd69a6bf810	5cd69a6c2cd0	c9452bc815867652	5cd69a730f7c	d17	5cd69a7385d4	d17
22.164542	7600a	89	4c22	7	1231b78	5cd6893c5a60	10	10000	7ffc7e35d2a0	2aad	5cd689410530	5cd68c3797b0	5cd684b10520	1240000	1240000	10000	3af3
22.171224	75fed	3d	4c22	5	14c0233	5cd6893c5a60	9	10000	7ffc7e35d2a0	2aad	5cd689410530	5cd68c3797b0	5cd6840d0520	14d0000	14d0000	10000	552e
22.183946	7600e	65	4c22	6	2adfbd	5cd6893c5a60	e	10000	7ffc7e35d2a0	2aad	5cd689410530	5cd68c3797b0	5cd688950520	2b0000	2b0000	10000	2808
22.197330	75fed	161	4c22	8	7614f6	5cd6893c5a60	29	10000	7ffc7e35d2a0	2aad	5cd689410530	5cd68c3797b0	5cd687650520	770000	770000	10000	9b0
22.206706	75fed	25	4c22	5	ad2f20	5cd6893c5a60	6	10000	7ffc7e35d2a0	2aad	fffffffff07d607c	5cd68c3797b0	5cd686890520	ae0000	ae0000	10000	3143
22.211951	7600e	4f	4c22	6	c984b5	5cd6893c5a60	d	10000	7ffc7e35d2a0	2aad	5cd689410530	5cd68c3797b0	5cd686190520	ca0000	ca0000	10000	4bf3
22.219654	76b20	5cd69a7f9610	40	1fbb	5cd35e19afa1	5cd689360010	7	5cd69a782a20	7ffc7e35d2a0	5cd689361b60	5cd69890e6a0	5cd68f62ff30	c9452bc815867652	40	24	5cd69a783100	36
22.226516	75fad	5cd68f355fc0	4c22	e	1226082	5cd6893c5a60	671	10000	7ffc7e35d2a0	2aad	5cd689410530	5cd68c3797b0	5cd684b90520	1220000	1220000	10000	1f59
22.238399	75fd8	164f	4c22	c	16d011c	5cd6893c5a60	168	10000	7ffc7e35d2a0	2aad	5cd689410530	5cd68c3797b0	5cd6838d0520	16d0000	16d0000	10000	4d23
22.253006	76001	212ab	4c22	11	581730	5cd6893c5a60	18a6	10000	7ffc7e35d2a0	2aad	5cd689410530	5cd68c3797b0	5cd687e10520	580000	580000	10000	1f88
22.261542	75fed	2f665	4c22	11	8d121e	5cd6893c5a60	220a	10000	7ffc7e35d2a0	2aad	5cd689410530	5cd68c3797b0	5cd687090520	8e0000	8e0000	10000	394e
22.270498	76016	8d5b	4c22	f	c3667c	5cd6893c5a60	78a	10000	7ffc7e35d2a0	2aad	5cd689410530	5cd68c3797b0	5cd686350520	c30000	c30000	10000	4547
22.284581	7600e	28e19	4c22	11	11aec3b	5cd6893c5a60	1db5	10000	7ffc7e35d2a0	2aad	5cd689410530	5cd68c3797b0	5cd684d50520	11b0000	11b0000	10000	18ad
22.297952	75fed	2b	4c22	5	9ea	5cd6893c5a60	7	10000	7ffc7e35d2a0	2aad	5cd689410530	5cd68c3797b0	5cd6893d0520	10000	10000	10000	59ef
22.309151	769ec	5cd68f355fc0	5cd68936ac00	5cd6956c9340	1542	0	0	5cd69a91a5c0	7ffc7e35d2a0	628d	563	5cd689361b60	c9452bc815867652	2aad	21	564	30
22.322222	75fed	2a6d	4c22	d	95446c	5cd6893c5a60	272	10000	7ffc7e35d2a0	2aad	5cd689410530	5cd68c3797b0	5cd686e90520	960000	960000	10000	4dc7
22.334846	75fed	3ad9b	4c22	11	e0ac0e	5cd6893c5a60	2943	10000	7ffc7e35d2a0	2aad	5cd689410530	5cd68c3797b0	5cd685bd0520	e10000	e10000	10000	21a2
22.343493	75fad	5cd68f355fc0	4c22	11	11472f2	5cd6893c5a60	1cba	10000	7ffc7e35d2a0	2aad	5cd689410530	5cd68c3797b0	5cd684f10520	1140000	1140000	10000	1201
22.358075	75603	fffffffef8537000	1fc87	1fc87	ffffffffffffffff	1fac5	17b1	1152d	7ffc7e35d2a0	1fc87	0	0	c5023abbf5c727e4	17b1	7fffffffffffd17a	f722344a041695fe	2aad
22.369785	75fed	1cc5b	4c22	10	462f7a	5cd6893c5a60	15a1	10000	7ffc7e35d2a0	2aad	5cd689410530	5cd68c3797b0	5cd688250520	470000	470000	10000	42b8
22.384059	75fed	1d13b	4c22	10	9e0ec4	5cd6893c5a60	15d1	10000	7ffc7e35d2a0	2aad	5cd689410530	5cd68c3797b0	5cd686c50520	9f0000	9f0000	10000	161e
22.391068	76066	5cd6893d0520	d0e4	11	c7c873	5cd6893c5a60	2aad	10000	7ffc7e35d2a0	2aad	5cd689410530	5cd68c3797b0	5cd686250520	c70000	d0e0	10000	0
22.405440	7604c	33f0	33ec	11	123533b	5cd6893c5a60	2aad	10000	7ffc7e35d2a0	2aad	5cd689410530	5cd68c3797b0	5cd684c10520	1200000	33e8	10000	0
22.418817	76073	5cd6893d0520	d7f0	11	39496	5cd6893c5a60	2aad	10000	7ffc7e35d2a0	2aad	5cd689410530	5cd68c3797b0	5cd689350520	30000	d7ec	10000	0
22.424722	7600e	6139	4c22	e	1d3a74	5cd6893c5a60	551	10000	7ffc7e35d2a0	2aad	5cd689410530	5cd68c3797b0	5cd688c90520	1e0000	1e0000	10000	287d
22.434695	7600e	4f	4c22	6	54cf1d	5cd6893c5a60	d	10000	7ffc7e35d2a0	2aad	5cd689410530	5cd68c3797b0	5cd687ed0520	550000	550000	10000	5010
22.447416	76001	7859	4c22	e	a53a78	5cd6893c5a60	67d	10000	7ffc7e35d2a0	2aad	5cd689410530	5cd68c3797b0	5cd686ad0520	a50000	a50000	10000	efd
22.458429	7600e	2bd	4c22	9	e84c71	5cd6893c5a60	48	10000	7ffc7e35d2a0	2aad	5cd689410530	5cd68c3797b0	5cd6859d0520	e90000	e90000	10000	361b
22.465067	7604c	3cac	3ca8	11	112647b	5cd6893c5a60	2aad	10000	7ffc7e35d2a0	2aad	5cd689410530	5cd68c3797b0	5cd685010520	1100000	3ca4	10000	0
22.472121	75fd5	13bb3	4c22	10	1388f0f	5cd6893c5a60	f94	10000	7ffc7e35d2a0	2aad	5cd689410530	5cd68c3797b0	5cd684610520	1380000	1380000	10000	412a
22.484553	75fed	281	4c22	9	cbe30	5cd6893c5a60	41	10000	7ffc7e35d2a0	2aad	5cd689410530	5cd68c3797b0	5cd6890d0520	d0000	d0000	10000	4bad
22.490252	75fed	49	4c22	6	2e69be	5cd6893c5a60	c	10000	7ffc7e35d2a0	2aad	5cd689410530	5cd68c3797b0	5cd688850520	2f0000	2f0000	10000	54d
22.501878	7600e	1eff1	4c22	10	743635	5cd6893c5a60	1726	10000	7ffc7e35d2a0	2aad	5cd689410530	5cd68c3797b0	5cd6876d0520	750000	750000	10000	4805
22.507270	7600e	36bc5	4c22	11	9639f7	5cd6893c5a60	2695	10000	7ffc7e35d2a0	2aad	5cd689410530	5cd68c3797b0	5cd686e50520	970000	970000	10000	1a5
22.517567	7600e	7d3	4c22	a	d61796	5cd6893c5a60	a4	10000	7ffc7e35d2a0	2aad	5cd689410530	5cd68c3797b0	5cd685e50520	d70000	d70000	10000	4b7e
22.525012	76001	44f9	4c22	e	10438e7	5cd6893c5a60	3ec	10000	7ffc7e35d2a0	2aad	5cd689410530	5cd68c3797b0	5cd685310520	1040000	1040000	10000	42fe
22.530860	75fed	c691	4c22	f	126a090	5cd6893c5a60	a38	10000	7ffc7e35d2a0	2aad	5cd689410530	5cd68c3797b0	5cd684a50520	1270000	1270000	10000	a6b
22.536523	76060	5cd6893d0520	d914	11	14ba469	5cd6893c5a60	2aad	10000	7ffc7e35d2a0	2aad	5cd689410530	5cd68c3797b0	5cd684150520	14b0000	d910	10000	0
22.542651	7600e	35	4c22	5	3ff3	5cd6893c5a60	8	10000	7ffc7e35d2a0	2aad	5cd689410530	5cd68c3797b0	5cd6893d0520	10000	10000	10000	59ef
22.557218	75fed	1402f	4c22	10	5db3cd	5cd6893c5a60	fc3	10000	7ffc7e35d2a0	2aad	5cd689410530	5cd68c3797b0	5cd687c90520	5e0000	5e0000	10000	1867
22.567570	7600e	21acd	4c22	11	a0cfcc	5cd6893c5a60	1905	10000	7ffc7e35d2a0	2aad	5cd689410530	5cd68c3797b0	5cd686bd0520	a10000	a10000	10000	31b8
22.577444	1cb9fe75db8a	5cd6893d1d40	59ef	bdc	14f9c	5cd698c1ad70	5cd6893e6100	608	7ffc7e35d298	5cd6893d1d40	5cd68da5b8e0	5cd68d179f08	a	df0000	df0000	10000	608
22.584733	75fed	d5df	4c22	f	10b6d81	5cd6893c5a60	af7	10000	7ffc7e35d2a0	2aad	5cd689410530	5cd68c3797b0	5cd685110520	10c0000	10c0000	10000	5777
22.590229	7600e	3990b	4c22	11	12df006	5cd6893c5a60	2870	10000	7ffc7e35d2a0	2aad	5cd689410530	5cd68c3797b0	5cd684890520	12e0000	12e0000	10000	1117
22.600340	7600e	17b	4c22	8	166bf33	5cd6893c5a60	2b	10000	7ffc7e35d2a0	2aad	5cd689410530	5cd68c3797b0	5cd683a50520	1670000	1670000	10000	5444
22.609415	75fe4	3a13b	4c22	11	275120	5cd6893c5a60	28c7	10000	7ffc7e35d2a0	2aad	5cd689410530	5cd68c3797b0	5cd688a90520	260000	260000	10000	3cf6
22.624251	76001	83d5	4c22	f	7827d0	5cd6893c5a60	719	10000	7ffc7e35d2a0	2aad	5cd689410530	5cd68c3797b0	5cd687610520	780000	780000	10000	177d
22.638075	7600e	2d455	4c22	11	c4ba6d	5cd6893c5a60	209a	10000	7ffc7e35d2a0	2aad	5cd689410530	5cd68c3797b0	5cd6862d0520	c50000	c50000	10000	6f2
22.649914	1cb9fe75db8a	5cd6893fd498	4c22	3660	13088	5cd6893dff48	5cd68940cec0	b3de	7ffc7e35d298	5cd6893fd498	5cd689410530	5cd68c3797b0	5cd684f50520	1140000	1140000	10000	1201
22.658038	7600e	1d69	4c22	c	1453a87	5cd6893c5a60	1c5	10000	7ffc7e35d2a0	2aad	5cd689410530	5cd68c3797b0	5cd684290520	1460000	1460000	10000	4e82
22.670545	75fe9	11641	4c22	10	2035e1	5cd6893c5a60	dd2	10000	7ffc7e35d2a0	2aad	5cd689410530	5cd68c3797b0	5cd688bd0520	210000	210000	10000	51e4
22.684889	76073	5cd6893d0520	6a94	11	7fe400	5cd6893c5a60	2aad	10000	7ffc7e35d2a0	2aad	5cd689410530	5cd68c3797b0	5cd687490520	7e0000	6a90	10000	0
22.693601	75fed	e4b	4c22	b	b3ddf9	5cd6893c5a60	100	10000	7ffc7e35d2a0	2aad	5cd689410530	5cd68c3797b0	5cd686710520	b40000	b40000	10000	2a22
22.699056	75fed	355b7	4c22	11	d4bdea	5cd6893c5a60	25ae	10000	7ffc7e35d2a0	2aad	5cd689410530	5cd68c3797b0	5cd685ed0520	d50000	d50000	10000	2fe4
22.713162	75fed	7f	4c22	6	12c5f32	5cd6893c5a60	f	10000	7ffc7e35d2a0	2aad	5cd689410530	5cd68c3797b0	5cd6848d0520	12d0000	12d0000	10000	34a
22.721978	76073	5cd6893d0520	2de4	11	1688f67	5cd6893c5a60	2aad	10000	7ffc7e35d2a0	2aad	5cd689410530	5cd68c3797b0	5cd683ad0520	1650000	2de0	10000	0
22.734420	76a0e	2aad	5cd68936ac00	773	5cd689385a40	0	0	5cd69aee2590	7ffc7e35d2a0	23c9	21d	5cd689361b60	c9452bc815867652	2aad	58	21e	63
22.743842	75fed	12df	4c22	c	7ebb13	5cd6893c5a60	13a	10000	7ffc7e35d2a0	2aad	5cd689410530	5cd68c3797b0	5cd687450520	7f0000	7f0000	10000	1e29
22.757447	76001	2287f	4c22	11	d466f3	5cd6893c5a60	1999	10000	7ffc7e35d2a0	2aad	5cd689410530	5cd68c3797b0	5cd685f10520	d40000	d40000	10000	2217
22.770087	75fed	152b	4c22	c	121641e	5cd6893c5a60	158	10000	7ffc7e35d2a0	2aad	5cd689410530	5cd68c3797b0	5cd684b90520	1220000	1220000	10000	1f59
22.782246	1cb9fe75e10a	0	0	1d28	5cd69afb8270	0	5cd69afc1000	7f	7ffc7e35d298	0	5cd69afb8270	5cd699d360a0	79905cc1ace0	5cd68dece390	5cd6893d0520	aab4	7f
22.788940	75fed	38b	4c22	9	264669	5cd6893c5a60	53	10000	7ffc7e35d2a0	2aad	5cd689410530	5cd68c3797b0	5cd688a50520	270000	270000	10000	4ac3
22.798081	7600e	352d	4c22	d	615f28	5cd6893c5a60	310	10000	7ffc7e35d2a0	2aad	5cd689410530	5cd68c3797b0	5cd687b90520	620000	620000	10000	4f9b
22.809392	76011	ceb	4c22	b	a80c25	5cd6893c5a60	ed	10000	7ffc7e35d2a0	2aad	5cd689410530	5cd68c3797b0	5cd686a10520	a80000	a80000	10000	3864
22.816937	7600e	128e3	4c22	10	d8b5a4	5cd6893c5a60	eb9	10000	7ffc7e35d2a0	2aad	5cd689410530	5cd68c3797b0	5cd685dd0520	d90000	d90000	10000	d29
22.826904	7600e	4a3	4c22	a	115b05b	5cd6893c5a60	68	10000	7ffc7e35d2a0	2aad	5cd689410530	5cd68c3797b0	5cd684e90520	1160000	1160000	10000	2d9b
22.837728	7600e	1de79	4c22	10	159eac8	5cd6893c5a60	1664	10000	7ffc7e35d2a0	2aad	5cd689410530	5cd68c3797b0	5cd683d90520	15a0000	15a0000	10000	54b9
22.845413	75fed	f1	4c22	7	161925	5cd6893c5a60	1c	10000	7ffc7e35d2a0	2aad	5cd689410530	5cd68c3797b0	5cd688e50520	170000	170000	10000	21d1
22.852118	7600e	39e7b	4c22	11	401ced	5cd6893c5a60	28aa	10000	7ffc7e35d2a0	2aad	5cd689410530	5cd68c3797b0	5cd6883d0520	410000	410000	10000	49d9
22.866043	76001	2e60f	4c22	11	901448	5cd6893c5a60	215e	10000	7ffc7e35d2a0	2aad	5cd689410530	5cd68c3797b0	5cd687050520	8f0000	8f0000	10000	471b
22.871530	7600e	265	4c22	9	af0dde	5cd6893c5a60	3f	10000	7ffc7e35d2a0	2aad	5cd689410530	5cd68c3797b0	5cd686810520	b00000	b00000	10000	4cdd
22.880860	1cb9fe75db8a	5cd6893fd498	4c22	d4e0	13088	5cd6893d60c8	5cd689403040	b3de	7ffc7e35d298	5cd6893fd498	fffffffff07cb1bc	5cd68c3797b0	5cd685950520	ec0000	ec0000	10000	593
22.886310	75fe4	bb7	4c22	b	10a09a8	5cd6893c5a60	dd	10000	7ffc7e35d2a0	2aad	5cd689410530	5cd68c3797b0	5cd685150520	10b0000	10b0000	10000	49aa
22.894002	1cb9fe75db8a	5cd6893e6cdc	59ef	bc18	167bc	5cd6893db0c4	5cd6893f1880	59ef	7ffc7e35d298	5cd6893e6cdc	5cd69b151260	5cd69b159050	c9452bc815867652	13b0000	13b0000	10000	10a2
22.902048	76058	4c6c	4c68	11	16c35aa	5cd6893c5a60	2aad	10000	7ffc7e35d2a0	2aad	5cd689410530	5cd68c3797b0	5cd683910520	16c0000	4c68	10000	0
22.915843	7c147	78	7ffc7e35d1f0	78	5cd69b155c40	5cd69b153500	2f	80	7ffc7e35d170	5cd6922baa30	5cd69890e6a0	5cd698fb4530	c9452bc815867652	7ffc7e35d188	5cd69890e6b0	22a4	5cd65e4ecb30
22.929972	1cb9fe75db8a	5cd6893e6cdc	59ef	c918	167bc	5cd6893da3c4	5cd6893f0b80	59ef	7ffc7e35d298	5cd6893e6cdc	fffffffff07ca030	5cd68c3797b0	5cd686b50520	a40000	a40000	10000	130
22.939007	7600e	43	4c22	6	dab32d	5cd6893c5a60	a	10000	7ffc7e35d2a0	2aad	5cd689410530	5cd68c3797b0	5cd685d50520	db0000	db0000	10000	28c3
22.953553	7600e	d3	4c22	7	136ee5b	5cd6893c5a60	19	10000	7ffc7e35d2a0	2aad	5cd689410530	5cd68c3797b0	5cd684650520	1370000	1370000	10000	335d
22.967823	1cb9fe65f66d	21	ffffffffffffff68	7ffc7e35d220	0	5cd69136c2a0	79905cc1ac80	0	7ffc7e35d078	cf7d	5cd698e73700	5cd689384240	0	5cd6894542c0	0	2	2
22.974708	7600e	11b	4c22	8	49a60d	5cd6893c5a60	22	10000	7ffc7e35d2a0	2aad	5cd689410530	5cd68c3797b0	5cd688190520	4a0000	4a0000	10000	1230
22.985654	75fc9	2aad	4c22	11	8f8c8b	5cd6893c5a60	29c9	10000	7ffc7e35d2a0	2aad	5cd689410530	5cd68c3797b0	5cd687090520	8e0000	8e0000	10000	394e
22.994212	76073	5cd6893d0520	b050	11	c2be23	5cd6893c5a60	2aad	10000	7ffc7e35d2a0	2aad	5cd689410530	5cd68c3797b0	5cd686450520	bf0000	b04c	10000	0
23.009323	76011	f08f	4c22	f	11ffeee	5cd6893c5a60	c3a	10000	7ffc7e35d2a0	2aad	5cd689410530	5cd68c3797b0	5cd684c10520	1200000	1200000	10000	3bf
23.017037	7600e	c7	4c22	7	14f8ba1	5cd6893c5a60	18	10000	7ffc7e35d2a0	2aad	5cd689410530	5cd68c3797b0	5cd684010520	1500000	1500000	10000	24a6
23.026867	75fed	6e95	4c22	e	1c17c9	5cd6893c5a60	5f8	10000	7ffc7e35d2a0	2aad	5cd689410530	5cd68c3797b0	5cd688cd0520	1d0000	1d0000	10000	1ab0
23.037396	7600e	21f5	4c22	d	5e3753	5cd6893c5a60	205	10000	7ffc7e35d2a0	2aad	5cd689410530	5cd68c3797b0	5cd687c50520	5f0000	5f0000	10000	2634
23.049767	75fed	61c9	4c22	e	aae540	5cd6893c5a60	559	10000	7ffc7e35d2a0	2aad	5cd689410530	5cd68c3797b0	5cd686950520	ab0000	ab0000	10000	7dc
23.064296	75fe4	51c1	4c22	e	10402d7	5cd6893c5a60	492	10000	7ffc7e35d2a0	2aad	5cd689410530	5cd68c3797b0	5cd6852d0520	1050000	1050000	10000	50cb
23.077618	75fed	3d	4c22	5	157bf6f	5cd6893c5a60	9	10000	7ffc7e35d2a0	2aad	5cd689410530	5cd68c3797b0	5cd683e10520	1580000	1580000	10000	391f
23.087762	75fe4	10429	4c22	10	2499c3	5cd6893c5a60	d02	10000	7ffc7e35d2a0	2aad	5cd689410530	5cd68c3797b0	5cd688ad0520	250000	250000	10000	2f29
23.094536	76073	5cd6893d0520	1d8c	11	506503	5cd6893c5a60	2aad	10000	7ffc7e35d2a0	2aad	5cd689410530	5cd68c3797b0	5cd688010520	500000	1d88	10000	0
23.107590	75fe4	1784b	4c22	10	94289f	5cd6893c5a60	1225	10000	7ffc7e35d2a0	2aad	5cd689410530	5cd68c3797b0	5cd686f10520	940000	940000	10000	322d
23.119097	1cb9fe75e10a	0	1	3908	5cd69b4f3e50	0	5cd69b4fb000	7f	7ffc7e35d298	0	5cd69b4f3e50	5cd68fc79850	79905cc1ace0	5cd68dece388	5cd6893d0520	aab4	7f
23.129581	75fed	137	4c22	8	11b6301	5cd6893c5a60	24	10000	7ffc7e35d2a0	2aad	5cd689410530	5cd68c3797b0	5cd684d10520	11c0000	11c0000	10000	267a
23.142166	75fed	1b4f	4c22	c	16ad0c1	5cd6893c5a60	1ae	10000	7ffc7e35d2a0	2aad	5cd689410530	5cd68c3797b0	5cd683950520	16b0000	16b0000	10000	3189
23.154744	75fed	47	4c22	6	4686c2	5cd6893c5a60	b	10000	7ffc7e35d2a0	2aad	5cd689410530	5cd68c3797b0	5cd688250520	470000	470000	10000	42b8
23.166623	75f95	37f93	4c22	11	92d921	5cd6893c5a60	276f	10000	7ffc7e35d2a0	2aad	5cd689410530	5cd68c3797b0	5cd686f90520	920000	920000	10000	1693
23.176347	75fe9	191	4c22	8	ca216f	5cd6893c5a60	2d	10000	7ffc7e35d2a0	2aad	5cd689410530	5cd68c3797b0	5cd686150520	cb0000	cb0000	10000	59c0
23.184230	7606f	5cd6893d0520	dcfc	11	fe2cb9	5cd6893c5a60	2aad	10000	7ffc7e35d2a0	2aad	5cd689410530	5cd68c3797b0	5cd685510520	fc0000	dcf8	10000	0
23.190707	75fed	35	4c22	5	12340f3	5cd6893c5a60	8	10000	7ffc7e35d2a0	2aad	5cd689410530	5cd68c3797b0	5cd684b10520	1240000	1240000	10000	3af3
23.200159	75fed	21187	4c22	11	15e9da5	5cd6893c5a60	189d	10000	7ffc7e35d2a0	2aad	5cd689410530	5cd68c3797b0	5cd683c50520	15f0000	15f0000	10000	3fcb
23.212765	75fe9	1ecc7	4c22	10	3efb53	5cd6893c5a60	1707	10000	7ffc7e35d2a0	2aad	5cd689410530	5cd68c3797b0	5cd688450520	3f0000	3f0000	10000	2e3f
23.227063	75fed	28f79	4c22	11	971f27	5cd6893c5a60	1dbd	10000	7ffc7e35d2a0	2aad	5cd689410530	5cd68c3797b0	5cd686e10520	980000	980000	10000	f72
23.237383	75f99	35107	4c22	11	da67f5	5cd6893c5a60	257a	10000	7ffc7e35d2a0	2aad	5cd689410530	5cd68c3797b0	5cd685e10520	d80000	d80000	10000	594b
23.252174	76055	c70	c6c	11	13786c4	5cd6893c5a60	2aad	10000	7ffc7e35d2a0	2aad	5cd689410530	5cd68c3797b0	5cd684710520	1340000	c68	10000	0
23.264171	7600e	11a5	4c22	c	a99ea	5cd6893c5a60	12b	10000	7ffc7e35d2a0	2aad	5cd689410530	5cd68c3797b0	5cd689150520	b0000	b0000	10000	3013
23.277173	7600e	8b	4c22	7	583a17	5cd6893c5a60	11	10000	7ffc7e35d2a0	2aad	5cd689410530	5cd68c3797b0	5cd687dd0520	590000	590000	10000	2d55
23.286960	7600e	7f	4c22	6	8fc4f3	5cd6893c5a60	f	10000	7ffc7e35d2a0	2aad	5cd689410530	5cd68c3797b0	5cd687010520	900000	900000	10000	54e8
23.300780	7600e	139	4c22	8	e301df	5cd6893c5a60	25	10000	7ffc7e35d2a0	2aad	5cd689410530	5cd68c3797b0	5cd685b10520	e40000	e40000	10000	4b09
23.313476	75fed	22cd9	4c22	11	12e19de	5cd6893c5a60	19cd	10000	7ffc7e35d2a0	2aad	5cd689410530	5cd68c3797b0	5cd684850520	12f0000	12f0000	10000	1ee4
23.319061	76001	31c61	4c22	11	14eee49	5cd6893c5a60	236e	10000	7ffc7e35d2a0	2aad	5cd689410530	5cd68c3797b0	5cd684090520	14e0000	14e0000	10000	90c
23.333747	75fed	2c513	4c22	11	382f07	5cd6893c5a60	1ff7	10000	7ffc7e35d2a0	2aad	5cd689410530	5cd68c3797b0	5cd6885d0520	390000	390000	10000	3560
23.345351	76011	89	4c22	7	82607e	5cd6893c5a60	10	10000	7ffc7e35d2a0	2aad	5cd689410530	5cd68c3797b0	5cd687350520	830000	830000	10000	555d
23.358797	75fed	12f05	4c22	10	d8cbd3	5cd6893c5a60	f03	10000	7ffc7e35d2a0	2aad	5cd689410530	5cd68c3797b0	5cd685dd0520	d90000	d90000	10000	d29
23.373324	75fed	17dfd	4c22	10	136492a	5cd6893c5a60	125d	10000	7ffc7e35d2a0	2aad	5cd689410530	5cd68c3797b0	5cd684650520	1370000	1370000	10000	335d
23.385252	76077	ffff	1f48	11	103b93	5cd6893c5a60	2aad	10000	7ffc7e35d2a0	2aad	5cd689410530	5cd68c3797b0	5cd689010520	100000	1f44	10000	0
23.397785	7600e	9ca3	4c22	f	5d8b91	5cd6893c5a60	840	10000	7ffc7e35d2a0	2aad	5cd689410530	5cd68c3797b0	5cd687c90520	5e0000	5e0000	10000	1867
23.407016	7600e	45d	4c22	a	979db6	5cd6893c5a60	63	10000	7ffc7e35d2a0	2aad	5cd689410530	5cd68c3797b0	5cd686e10520	980000	980000	10000	f72
23.418141	75fed	11b0d	4c22	10	d088cd	5cd6893c5a60	e08	10000	7ffc7e35d2a0	2aad	5cd689410530	5cd68c3797b0	5cd685fd0520	d10000	d10000	10000	529f
23.427429	75fed	22d11	4c22	11	10b97a7	5cd6893c5a60	19d0	10000	7ffc7e35d2a0	2aad	5cd689410530	5cd68c3797b0	5cd685110520	10c0000	10c0000	10000	5777
23.438360	76073	5cd6893d0520	8a24	11	15471c2	5cd6893c5a60	2aad	10000	7ffc7e35d2a0	2aad	5cd689410530	5cd68c3797b0	5cd683f10520	1540000	8a20	10000	0
23.444616	7600e	2b	4c22	5	95670	5cd6893c5a60	7	10000	7ffc7e35d2a0	2aad	5cd689410530	5cd68c3797b0	5cd689190520	a0000	a0000	10000	2246
23.449911	1cb9fe75db8a	5cd6893e6cdc	59ef	bf18	167bc	5cd6893dadc4	5cd6893f1580	59ef	7ffc7e35d298	5cd6893e6cdc	5cd689410530	5cd68c3797b0	5cd6889d0520	2a0000	2a0000	10000	1a3b
23.457822	7600e	2c819	4c22	11	5abb76	5cd6893c5a60	201c	10000	7ffc7e35d2a0	2aad	5cd689410530	5cd68c3797b0	5cd687d50520	5b0000	5b0000	10000	48ef
23.469137	76055	a73c	a738	11	a135d5	5cd6893c5a60	2aad	10000	7ffc7e35d2a0	2aad	5cd689410530	5cd68c3797b0	5cd686c90520	9e0000	a734	10000	0
23.482905	75fed	27563	4c22	11	f10f4b	5cd6893c5a60	1cae	10000	7ffc7e35d2a0	2aad	5cd689410530	5cd68c3797b0	5cd685790520	f20000	f20000	10000	5861
23.517478	7600e	28c7f	4c22	11	54a10c	5cd6893c5a60	1da8	10000	7ffc7e35d2a0	2aad	5cd689410530	5cd68c3797b0	5cd687ed0520	550000	550000	10000	5010
23.531714	7600e	2a5ed	4c22	11	a3d2b6	5cd6893c5a60	1eaa	10000	7ffc7e35d2a0	2aad	5cd689410530	5cd68c3797b0	5cd686b10520	a40000	a40000	10000	130
23.538825	76016	18df	4c22	c	ce0b28	5cd6893c5a60	18a	10000	7ffc7e35d2a0	2aad	5cd689410530	5cd68c3797b0	5cd686090520	ce0000	ce0000	10000	2938
23.552413	75fed	5e07	4c22	e	10dc348	5cd6893c5a60	524	10000	7ffc7e35d2a0	2aad	5cd689410530	5cd68c3797b0	5cd685090520	10e0000	10e0000	10000	1922
23.558962	75fed	2b	4c22	5	1346509	5cd6893c5a60	7	10000	7ffc7e35d2a0	2aad	5cd689410530	5cd68c3797b0	5cd6846d0520	1350000	1350000	10000	17c3
23.570320	75601	420b8bebe	35c03	35c03	4	1a5c9	25f0	334cf	7ffc7e35d2a0	35c03	0	0	c5023abbf5c727e4	25f0	7ffffffffffff851	c009bd2e89737d03	2aad
23.583126	7600e	3d	4c22	5	41ee1f	5cd6893c5a60	9	10000	7ffc7e35d2a0	2aad	5cd689410530	5cd68c3797b0	5cd688390520	420000	420000	10000	57a6
23.590441	75fed	1bb	4c22	8	6ed7d9	5cd6893c5a60	32	10000	7ffc7e35d2a0	2aad	5cd689410530	5cd68c3797b0	5cd687850520	6f0000	6f0000	10000	4f26
23.601289	7600e	355	4c22	9	a9e3d1	5cd6893c5a60	50	10000	7ffc7e35d2a0	2aad	5cd689410530	5cd68c3797b0	5cd686990520	aa0000	aa0000	10000	53fe
23.608664	76011	43	4c22	6	d58237	5cd6893c5a60	a	10000	7ffc7e35d2a0	2aad	5cd689410530	5cd68c3797b0	5cd685e90520	d60000	d60000	10000	3db1
23.615199	75fed	3cb51	4c22	11	fa6eef	5cd6893c5a60	2a7b	10000	7ffc7e35d2a0	2aad	5cd689410530	5cd68c3797b0	5cd685550520	fb0000	fb0000	10000	20b8
23.629635	75fed	35	4c22	5	151aee4	5cd6893c5a60	8	10000	7ffc7e35d2a0	2aad	5cd689410530	5cd68c3797b0	5cd683f90520	1520000	1520000	10000	4040
23.640030	75fe0	1d8eb	4c22	10	5cd689410530	5cd6893c5a60	162a	10000	7ffc7e35d2a0	2aad	5cd689410530	5cd68c3797b0	5cd688d90520	1a0000	1a0000	10000	4b38
23.646057	7600e	26ffb	4c22	11	3b47af	5cd6893c5a60	1c73	10000	7ffc7e35d2a0	2aad	5cd689410530	5cd68c3797b0	5cd688510520	3c0000	3c0000	10000	4d8
23.656010	7600e	43	4c22	6	75e79d	5cd6893c5a60	a	10000	7ffc7e35d2a0	2aad	5cd689410530	5cd68c3797b0	5cd687690520	760000	760000	10000	55d2
23.667227	7600e	2ef0f	4c22	11	b38a0f	5cd6893c5a60	21be	10000	7ffc7e35d2a0	2aad	5cd689410530	5cd68c3797b0	5cd686710520	b40000	b40000	10000	2a22
23.682046	1cb9fe65f9c0	5	20	0	5	5cd689360010	7	5cd693713cb0	7ffc7e35d110	5cd693713cc0	24	98	c9452bc815867652	79905cc1ac80	0	5cd693713cc0	7ffc7e35d238
23.696091	75fd8	19283	4c22	10	16367f0	5cd6893c5a60	1343	10000	7ffc7e35d2a0	2aad	5cd689410530	5cd68c3797b0	5cd683b90520	1620000	1620000	10000	f43
23.706721	75fed	7f	4c22	6	2b3596	5cd6893c5a60	f	10000	7ffc7e35d2a0	2aad	5cd689410530	5cd68c3797b0	5cd688910520	2c0000	2c0000	10000	35d5
23.712762	75fed	2cfc3	4c22	11	4f4530	5cd6893c5a60	2069	10000	7ffc7e35d2a0	2aad	5cd689410530	5cd68c3797b0	5cd688010520	500000	500000	10000	b0f
23.718027	76011	191	4c22	8	6f67bf	5cd6893c5a60	2d	10000	7ffc7e35d2a0	2aad	5cd689410530	5cd68c3797b0	5cd687810520	700000	700000	10000	304
23.729295	75fe9	276df	4c22	11	b1cc34	5cd6893c5a60	1cbd	10000	7ffc7e35d2a0	2aad	5cd689410530	5cd68c3797b0	5cd686790520	b20000	b20000	10000	e88
23.742714	76073	5cd6893d0520	b7bc	11	f71907	5cd6893c5a60	2aad	10000	7ffc7e35d2a0	2aad	5cd689410530	5cd68c3797b0	5cd685690520	f60000	b7b8	10000	0
23.748369	7600e	281	4c22	9	1171784	5cd6893c5a60	41	10000	7ffc7e35d2a0	2aad	5cd689410530	5cd68c3797b0	5cd684e10520	1180000	1180000	10000	4935
23.757366	75fed	abd	4c22	b	15118bf	5cd6893c5a60	cd	10000	7ffc7e35d2a0	2aad	5cd689410530	5cd68c3797b0	5cd683f90520	1520000	1520000	10000	4040
23.767765	76073	5cd6893d0520	1a4	11	23a35f	5cd6893c5a60	2aad	10000	7ffc7e35d2a0	2aad	5cd689410530	5cd68c3797b0	5cd688bd0520	210000	1a0	10000	0
23.773909	75fed	49	4c22	6	48d58c	5cd6893c5a60	c	10000	7ffc7e35d2a0	2aad	5cd689410530	5cd68c3797b0	5cd6881d0520	490000	490000	10000	463
23.781005	7600e	b5	4c22	7	738932	5cd6893c5a60	15	10000	7ffc7e35d2a0	2aad	5cd689410530	5cd68c3797b0	5cd687710520	740000	740000	10000	3a38
23.795200	75fed	31735	4c22	11	ca252f	5cd6893c5a60	233d	10000	7ffc7e35d2a0	2aad	5cd689410530	5cd68c3797b0	5cd686150520	cb0000	cb0000	10000	59c0
23.800898	75fa3	30ddf	4c22	11	eeb0d8	5cd6893c5a60	22ee	10000	7ffc7e35d2a0	2aad	5cd689410530	5cd68c3797b0	5cd6858d0520	ed0000	ed0000	10000	1360
23.807777	76060	5cd6893d0520	aa60	11	117c01f	5cd6893c5a60	2aad	10000	7ffc7e35d2a0	2aad	5cd689410530	5cd68c3797b0	5cd684e50520	1170000	aa5c	10000	0
23.822313	a4e30	ffffffffffffdbb5	32c51	0	32c51	ffffffffffff8a30	bf5803d6d9a95185	20a12	7ffc7e35d298	32bfd	0	0	c5023abbf5c727e4	2417	7fffffffffff8a30	bf5803d6d9a95185	2aad
23.833771	75f99	4b0b	4c22	e	480768	5cd6893c5a60	433	10000	7ffc7e35d2a0	2aad	5cd689410530	5cd68c3797b0	5cd688210520	480000	480000	10000	5085
23.842822	1cb9fe75db8a	5cd6893fd498	4c22	d220	13088	5cd6893d6388	5cd689403300	b3de	7ffc7e35d298	5cd6893fd498	5cd689410530	5cd68c3797b0	5cd687450520	800000	800000	10000	2bf6
23.853921	75fed	4f	4c22	6	c51770	5cd6893c5a60	d	10000	7ffc7e35d2a0	2aad	5cd689410530	5cd68c3797b0	5cd686290520	c60000	c60000	10000	14bf
23.860876	75fed	7f	4c22	6	f0289d	5cd6893c5a60	f	10000	7ffc7e35d2a0	2aad	5cd689410530	5cd68c3797b0	5cd6857d0520	f10000	f10000	10000	4a94
23.866443	7600e	653f	4c22	e	112dc4c	5cd6893c5a60	587	10000	7ffc7e35d2a0	2aad	5cd689410530	5cd68c3797b0	5cd684f50520	1130000	1130000	10000	434
23.879973	6aaa8	0	10	7ffc7e35d1f8	10	4	7ffc7e35d1e0	0	7ffc7e35d1a0	2aad	5cd689410530	5cd68c3797b0	5cd683990520	5cd65e4ebb78	7ffc7e35d250	7ffc7e35d1e0	4
23.888689	75fad	5cd68f355fc0	4c22	11	2ea8b6	5cd6893c5a60	24f8	10000	7ffc7e35d2a0	2aad	5cd689410530	5cd68c3797b0	5cd6888d0520	2d0000	2d0000	10000	43a2
23.898528	7600e	26d5	4c22	d	6c6006	5cd6893c5a60	240	10000	7ffc7e35d2a0	2aad	5cd689410530	5cd68c3797b0	5cd6878d0520	6d0000	6d0000	10000	338c
23.907567	75fe0	9f95	4c22	f	5cd689410530	5cd6893c5a60	862	10000	7ffc7e35d2a0	2aad	5cd689410530	5cd68c3797b0	5cd686c10520	a00000	a00000	10000	23eb
23.913904	76001	191d7	4c22	10	c5609e	5cd6893c5a60	133c	10000	7ffc7e35d2a0	2aad	5cd689410530	5cd68c3797b0	5cd6862d0520	c50000	c50000	10000	6f2
23.923352	76073	5cd6893d0520	8034	11	100f1c6	5cd6893c5a60	2aad	10000	7ffc7e35d2a0	2aad	5cd689410530	5cd68c3797b0	5cd685410520	1000000	8030	10000	0
23.934963	75fed	4973	4c22	e	149c35a	5cd6893c5a60	423	10000	7ffc7e35d2a0	2aad	5cd689410530	5cd68c3797b0	5cd684190520	14a0000	14a0000	10000	2bc7
23.940995	75356	3d	3601	18a04	0	3c	7	3601	7ffc7e35d2a0	5cd689361dc0	5cd689410530	5cd68c3797b0	c9452bc815867652	5cd689362520	2aad	5cd65e4ef0e0	5cd65e4e8000
23.949453	75fed	47ed	4c22	e	3259f3	5cd6893c5a60	413	10000	7ffc7e35d2a0	2aad	5cd689410530	5cd68c3797b0	5cd688750520	330000	330000	10000	3c81
23.961040	1cb9fe75db24	5cd6893d0520	26d8	b14c	cc5c	5cd698c12020	5cd6893d2030	3317	7ffc7e35d298	5cd6893d0520	fffffffff07c0010	5cd68c3797b0	5cd6875d0520	7a0000	7a0000	10000	3317
23.972414	75fed	1d951	4c22	10	bb9a9a	5cd6893c5a60	162c	10000	7ffc7e35d2a0	2aad	5cd689410530	5cd68c3797b0	5cd686510520	bc0000	bc0000	10000	3e9b
23.978137	75fed	a7	4c22	7	e13703	5cd6893c5a60	13	10000	7ffc7e35d2a0	2aad	5cd689410530	5cd68c3797b0	5cd685b90520	e20000	e20000	10000	2f6f
23.992668	75fed	15dd9	4c22	10	136f9ec	5cd6893c5a60	10ff	10000	7ffc7e35d2a0	2aad	5cd689410530	5cd68c3797b0	5cd684650520	1370000	1370000	10000	335d
24.001423	76066	5cd6893d0520	c150	11	167f718	5cd6893c5a60	2aad	10000	7ffc7e35d2a0	2aad	5cd689410530	5cd68c3797b0	5cd683a90520	1660000	c14c	10000	0
24.006708	76060	5cd6893d0520	f36c	11	16a29c	5cd6893c5a60	2aad	10000	7ffc7e35d2a0	2aad	5cd689410530	5cd68c3797b0	5cd688e90520	160000	f368	10000	0
24.018778	7600e	161	4c22	8	63d40f	5cd6893c5a60	29	10000	7ffc7e35d2a0	2aad	5cd689410530	5cd68c3797b0	5cd687b10520	640000	640000	10000	1146
24.025237	7600e	3d	4c22	5	8ba67d	5cd6893c5a60	9	10000	7ffc7e35d2a0	2aad	5cd689410530	5cd68c3797b0	5cd687110520	8c0000	8c0000	10000	1db4
24.032177	7600e	310a3	4c22	11	b15fd5	5cd6893c5a60	2305	10000	7ffc7e35d2a0	2aad	5cd689410530	5cd68c3797b0	5cd686790520	b20000	b20000	10000	e88
24.042131	75fed	3701b	4c22	11	e5dc32	5cd6893c5a60	26c4	10000	7ffc7e35d2a0	2aad	5cd689410530	5cd68c3797b0	5cd685a90520	e60000	e60000	10000	cb4
24.049042	76077	ffff	3c4c	11	1126042	5cd6893c5a60	2aad	10000	7ffc7e35d2a0	2aad	5cd689410530	5cd68c3797b0	5cd684fd0520	1110000	3c48	10000	0
24.060808	7600e	1428b	4c22	10	15ac349	5cd6893c5a60	fe1	10000	7ffc7e35d2a0	2aad	5cd689410530	5cd68c3797b0	5cd683d50520	15b0000	15b0000	10000	897
24.068440	7600e	115	4c22	8	188aff	5cd6893c5a60	21	10000	7ffc7e35d2a0	2aad	5cd689410530	5cd68c3797b0	5cd688dd0520	190000	190000	10000	3d6b
24.077750	75fed	5db	4c22	a	53bc5b	5cd6893c5a60	83	10000	7ffc7e35d2a0	2aad	5cd689410530	5cd68c3797b0	5cd687f10520	540000	540000	10000	4243
24.087123	7600e	26833	4c22	11	8c4c75	5cd6893c5a60	1c29	10000	7ffc7e35d2a0	2aad	5cd689410530	5cd68c3797b0	5cd6870d0520	8d0000	8d0000	10000	2b81
24.098552	1cb9fe75db8a	5cd6893dc4b0	59ef	979c	a82c	5cd698c07a40	5cd6893dd540	2fe4	7ffc7e35d298	5cd6893dc4b0	5cd69502cb50	5cd690f4a088	e	d50000	d50000	10000	2fe4
24.106247	75fe4	55f3	4c22	e	1012cf7	5cd6893c5a60	4c2	10000	7ffc7e35d2a0	2aad	5cd689410530	5cd68c3797b0	5cd685390520	1020000	1020000	10000	2764
24.116926	75fed	2a1	4c22	9	146c68e	5cd6893c5a60	45	10000	7ffc7e35d2a0	2aad	5cd689410530	5cd68c3797b0	5cd684250520	1470000	1470000	10000	260
24.129293	7600e	6b9f	4c22	e	22a272	5cd6893c5a60	5d0	10000	7ffc7e35d2a0	2aad	5cd689410530	5cd68c3797b0	5cd688b50520	230000	230000	10000	138f
24.136867	76001	36c2f	4c22	11	523846	5cd6893c5a60	269b	10000	7ffc7e35d2a0	2aad	5cd689410530	5cd68c3797b0	5cd687f90520	520000	520000	10000	26a9
24.148366	7600e	65	4c22	6	9ce2e9	5cd6893c5a60	e	10000	7ffc7e35d2a0	2aad	5cd689410530	5cd68c3797b0	5cd686cd0520	9d0000	9d0000	10000	5473
24.154602	75fed	182ed	4c22	10	be2206	5cd6893c5a60	1295	10000	7ffc7e35d2a0	2aad	5cd689410530	5cd68c3797b0	5cd686450520	bf0000	bf0000	10000	e13
24.168147	75fed	4a9	4c22	a	1142b9a	5cd6893c5a60	69	10000	7ffc7e35d2a0	2aad	5cd689410530	5cd68c3797b0	5cd684ed0520	1150000	1150000	10000	1fce
24.180343	7600e	7f	4c22	6	163022c	5cd6893c5a60	f	10000	7ffc7e35d2a0	2aad	5cd689410530	5cd68c3797b0	5cd683b10520	1640000	1640000	10000	2add
24.186314	75fed	43e1	4c22	e	2e795	5cd6893c5a60	3db	10000	7ffc7e35d2a0	2aad	5cd689410530	5cd6956c9340	5cd689350520	30000	30000	10000	1b9a
24.193143	1cb9fe75db8a	5cd6893d0520	880	8e9c	145bc	5cd698c142d0	5cd6893dbc40	516f	7ffc7e35d298	5cd6893d0520	5cd689410530	5cd6956c9340	5cd6888d0520	2e0000	2e0000	10000	516f
24.199506	7600e	2aa39	4c22	11	54c362	5cd6893c5a60	1ed4	10000	7ffc7e35d2a0	2aad	5cd689410530	5cd6956c9340	5cd687ed0520	550000	550000	10000	5010
24.212723	75fed	449	4c22	a	97cd11	5cd6893c5a60	61	10000	7ffc7e35d2a0	2aad	5cd689410530	5cd6956c9340	5cd686e10520	980000	980000	10000	f72
24.221035	7600e	2b	4c22	5	ca81f1	5cd6893c5a60	7	10000	7ffc7e35d2a0	2aad	5cd689410530	5cd6956c9340	5cd686150520	cb0000	cb0000	10000	59c0
24.229547	1cb9fe75db8a	5cd6893e6cdc	59ef	4e98	167bc	5cd6893e1e44	5cd6893f8600	59ef	7ffc7e35d298	5cd6893e6cdc	fffffffff07bd144	5cd6956c9340	5cd6853d0520	1020000	1020000	10000	2764
24.243936	1cb9fe75db8a	5cd6893d0520	1a24	234c	ff2c	5cd698c1ae20	5cd6893de100	3fcb	7ffc7e35d298	5cd6893d0520	5cd689410530	5cd6956c9340	5cd683c90520	15f0000	15f0000	10000	3fcb
24.257003	76073	5cd6893d0520	4988	11	43702c	5cd6893c5a60	2aad	10000	7ffc7e35d2a0	2aad	5cd689410530	5cd6956c9340	5cd6883d0520	410000	4984	10000	0
24.269155	7600e	e005	4c22	f	8be5dd	5cd6893c5a60	b76	10000	7ffc7e35d2a0	2aad	5cd689410530	5cd6956c9340	5cd687110520	8c0000	8c0000	10000	1db4
24.274590	75fed	47	4c22	6	ad4770	5cd6893c5a60	b	10000	7ffc7e35d2a0	2aad	5cd689410530	5cd6956c9340	5cd686890520	ae0000	ae0000	10000	3143
24.284011	75fad	5cd6922bae10	4c22	11	eaa630	5cd6893c5a60	23f5	10000	7ffc7e35d2a0	2aad	5cd689410530	5cd6956c9340	5cd685a10520	e80000	e80000	10000	284e
24.298453	75fed	2e417	4c22	11	1417607	5cd6893c5a60	2144	10000	7ffc7e35d2a0	2aad	5cd689410530	5cd6956c9340	5cd684390520	1420000	1420000	10000	174e
24.309794	7600e	1f7	4c22	8	1426ea	5cd6893c5a60	36	10000	7ffc7e35d2a0	2aad	5cd689410530	5cd6956c9340	5cd688ed0520	150000	150000	10000	637
24.315944	75fe9	89	4c22	7	3a6b4f	5cd6893c5a60	10	10000	7ffc7e35d2a0	2aad	5cd689410530	5cd6956c9340	5cd688550520	3b0000	3b0000	10000	50fa
24.329078	7600e	407	4c22	a	8ced7e	5cd6893c5a60	5d	10000	7ffc7e35d2a0	2aad	5cd689410530	5cd6956c9340	5cd6870d0520	8d0000	8d0000	10000	2b81
24.338157	7600e	115	4c22	8	c4ce6f	5cd6893c5a60	21	10000	7ffc7e35d2a0	2aad	5cd689410530	5cd6956c9340	5cd6862d0520	c50000	c50000	10000	6f2
24.345630	76073	5cd6893d0520	beac	11	f3e709	5cd6893c5a60	2aad	10000	7ffc7e35d2a0	2aad	5cd689410530	5cd6956c9340	5cd685790520	f20000	bea8	10000	0
24.351830	7600e	56d5	4c22	e	11ab08b	5cd6893c5a60	4d1	10000	7ffc7e35d2a0	2aad	5cd689410530	5cd6956c9340	5cd684d50520	11b0000	11b0000	10000	18ad
24.362680	76060	5cd6893d0520	394c	11	15712b7	5cd6893c5a60	2aad	10000	7ffc7e35d2a0	2aad	5cd689410530	5cd6956c9340	5cd683ed0520	1550000	3948	10000	0
24.374885	75fed	29bff	4c22	11	306fe2	5cd6893c5a60	1e45	10000	7ffc7e35d2a0	2aad	5cd689410530	5cd6956c9340	5cd6887d0520	310000	310000	10000	20e7
24.381711	76001	30125	4c22	11	5bdad2	5cd6893c5a60	2273	10000	7ffc7e35d2a0	2aad	5cd689410530	5cd6956c9340	5cd687d90520	5a0000	5a0000	10000	3b22
24.396867	75fed	65	4c22	6	aad430	5cd6893c5a60	e	10000	7ffc7e35d2a0	2aad	5cd689410530	5cd6956c9340	5cd686950520	ab0000	ab0000	10000	7dc
24.405877	1cb9fe661870	0	79905cc1ac80	aac1	ab21	5cd69c70b4e0	3	aab4	7ffc7e35d190	0	5cd69c700a30	5cd691c8bb70	79905cc1ace0	ffffffffffffffa0	aac0	5cd689360010	aaa
24.420800	75fed	49	4c22	6	1399746	5cd6893c5a60	c	10000	7ffc7e35d2a0	2aad	5cd689410530	5cd6956c9340	5cd684590520	13a0000	13a0000	10000	2d5
24.430528	75fed	43	4c22	6	44146	5cd6893c5a60	a	10000	7ffc7e35d2a0	2aad	5cd689410530	5cd6956c9340	5cd6892d0520	50000	50000	10000	3734
24.443966	75fed	c7	4c22	7	56b03c	5cd6893c5a60	18	10000	7ffc7e35d2a0	2aad	5cd689410530	5cd6956c9340	5cd687e50520	570000	570000	10000	11bb
24.451887	75fed	20b3d	4c22	11	860f9d	5cd6893c5a60	1852	10000	7ffc7e35d2a0	2aad	5cd689410530	5cd6956c9340	5cd687250520	870000	870000	10000	32a2
24.460579	7600e	4a9	4c22	a	b9bcc0	5cd6893c5a60	69	10000	7ffc7e35d2a0	2aad	5cd689410530	5cd6956c9340	5cd686590520	ba0000	ba0000	10000	2301
24.465860	76060	5cd6893d0520	b490	11	dcb5ae	5cd6893c5a60	2aad	10000	7ffc7e35d2a0	2aad	5cd689410530	5cd6956c9340	5cd685d90520	da0000	b48c	10000	0
24.480807	7600e	35	4c22	5	138390f	5cd6893c5a60	8	10000	7ffc7e35d2a0	2aad	5cd689410530	5cd6956c9340	5cd6845d0520	1390000	1390000	10000	4ef7
24.491313	1cb9fe75db8a	5cd6893d5704	59ef	bf7c	115d8	5cd698c0c00c	5cd6893dad60	1479	7ffc7e35d298	5cd6893d5704	5cd689410530	5cd6956c9340	5cd689210520	90000	90000	10000	1479
24.498329	75fed	ad9	4c22	b	2b9486	5cd6893c5a60	cf	10000	7ffc7e35d2a0	2aad	5cd689410530	5cd6956c9340	5cd688910520	2c0000	2c0000	10000	35d5
24.503611	7600e	1ba39	4c22	10	4b6d77	5cd6893c5a60	14df	10000	7ffc7e35d2a0	2aad	5cd689410530	5cd6956c9340	5cd688110520	4c0000	4c0000	10000	2dca
24.518594	769b6	25b	5cd68936ac00	5cd68f355fc0	16a5	0	0	5cd69c8bdf20	7ffc7e35d2a0	28df	25a	5cd689384240	c9452bc815867652	2aad	43	25a	50
24.527859	75fed	2a6d3	4c22	11	e68d82	5cd6893c5a60	1eb2	10000	7ffc7e35d2a0	2aad	5cd689410530	5cd6956c9340	5cd685a50520	e70000	e70000	10000	1a81
24.533916	75fed	84a9	4c22	f	10616f8	5cd6893c5a60	727	10000	7ffc7e35d2a0	2aad	5cd689410530	5cd6956c9340	5cd685250520	1070000	1070000	10000	1276
24.548383	75fed	2d1d	4c22	d	14b9c63	5cd6893c5a60	295	10000	7ffc7e35d2a0	2aad	5cd689410530	5cd6956c9340	5cd684110520	14c0000	14c0000	10000	4761
24.554437	75fed	1eff1	4c22	10	16dea16	5cd6893c5a60	1726	10000	7ffc7e35d2a0	2aad	5cd689410530	5cd6956c9340	5cd683890520	16e0000	16e0000	10000	101
24.568503	75fed	1a5	4c22	8	4d2edb	5cd6893c5a60	2e	10000	7ffc7e35d2a0	2aad	5cd689410530	5cd6956c9340	5cd688090520	4e0000	4e0000	10000	4964
24.575458	75fed	11b	4c22	8	77aebe	5cd6893c5a60	22	10000	7ffc7e35d2a0	2aad	5cd689410530	5cd6956c9340	5cd687610520	780000	780000	10000	177d
24.588684	76073	5cd6893d0520	7328	11	cb6821	5cd6893c5a60	2aad	10000	7ffc7e35d2a0	2aad	5cd689410530	5cd6956c9340	5cd686210520	c80000	7324	10000	0
24.603207	75fed	191ff	4c22	10	122458b	5cd6893c5a60	133e	10000	7ffc7e35d2a0	2aad	5cd689410530	5cd6956c9340	5cd684b50520	1230000	1230000	10000	2d26
24.609794	75fe9	2b3	4c22	9	14c2b34	5cd6893c5a60	47	10000	7ffc7e35d2a0	2aad	5cd689410530	5cd6956c9340	5cd6840d0520	14d0000	14d0000	10000	552e
24.624809	76001	17afd	4c22	10	2e4a28	5cd6893c5a60	1242	10000	7ffc7e35d2a0	2aad	5cd689410530	5cd6956c9340	5cd688890520	2e0000	2e0000	10000	516f
24.635684	76073	5cd6893d0520	285c	11	709fd8	5cd6893c5a60	2aad	10000	7ffc7e35d2a0	2aad	5cd689410530	5cd6956c9340	5cd687890520	6e0000	2858	10000	0
24.643835	7600e	254cf	4c22	11	9eb1b9	5cd6893c5a60	1b61	10000	7ffc7e35d2a0	2aad	5cd689410530	5cd6956c9340	5cd686c50520	9f0000	9f0000	10000	161e
24.656935	75fe9	2eaa7	4c22	11	e9d24e	5cd6893c5a60	2189	10000	7ffc7e35d2a0	2aad	5cd689410530	5cd6956c9340	5cd685990520	ea0000	ea0000	10000	43e8
24.663765	7600e	1727	4c22	c	10fa9d6	5cd6893c5a60	173	10000	7ffc7e35d2a0	2aad	5cd689410530	5cd6956c9340	5cd685010520	1100000	1100000	10000	34bc
24.677032	1cb9fe75e10a	0	0	a748	5cd69cb66c90	0	5cd69cb67000	7f	7ffc7e35d298	0	5cd69cb66c90	5cd697455880	79905cc1ace0	5cd69536eb28	5cd6893d0520	aab4	7f
24.691403	75fed	164c3	4c22	10	41e71c	5cd6893c5a60	1153	10000	7ffc7e35d2a0	2aad	5cd689410530	5cd6956c9340	5cd688390520	420000	420000	10000	57a6
24.697170	75fed	65	4c22	6	66e472	5cd6893c5a60	e	10000	7ffc7e35d2a0	2aad	5cd689410530	5cd6956c9340	5cd687a50520	670000	670000	10000	3aad
24.706834	7c0bf	5cd69cb2eee0	3330b73f2dac11d9	5cd6893640f0	2	5cd69cb2e810	2f	15	7ffc7e35d170	5cd692b27440	5cd6893640e0	5cd695a4cff0	c9452bc815867652	7ffc7e35d188	15	22a4	5cd65e4ecb30
24.712979	75fed	49	4c22	6	ca4b4b	5cd6893c5a60	c	10000	7ffc7e35d2a0	2aad	5cd689410530	5cd6956c9340	5cd686150520	cb0000	cb0000	10000	59c0
24.723660	75fed	43	4c22	6	10f45e7	5cd6893c5a60	a	10000	7ffc7e35d2a0	2aad	5cd689410530	5cd6956c9340	5cd685010520	1100000	1100000	10000	34bc
24.730180	7600e	4f	4c22	6	13801e4	5cd6893c5a60	d	10000	7ffc7e35d2a0	2aad	5cd689410530	5cd6956c9340	5cd6845d0520	1390000	1390000	10000	4ef7
24.743719	7604c	5154	5150	11	20842f	5cd6893c5a60	2aad	10000	7ffc7e35d2a0	2aad	5cd689410530	5cd6956c9340	5cd688c90520	1e0000	514c	10000	0
24.750655	7600e	859	4c22	b	49d460	5cd6893c5a60	aa	10000	7ffc7e35d2a0	2aad	5cd689410530	5cd6956c9340	5cd688190520	4a0000	4a0000	10000	1230
24.761843	75fed	11cf9	4c22	10	913629	5cd6893c5a60	e23	10000	7ffc7e35d2a0	2aad	5cd689410530	5cd6956c9340	5cd686f90520	920000	920000	10000	1693
24.768143	76060	5cd6893d0520	db90	11	bce69a	5cd6893c5a60	2aad	10000	7ffc7e35d2a0	2aad	5cd689410530	5cd6956c9340	5cd686550520	bb0000	db8c	10000	0
24.778517	76060	5cd6893d0520	e2bc	11	fdbe3d	5cd6893c5a60	2aad	10000	7ffc7e35d2a0	2aad	5cd689410530	5cd6956c9340	5cd685590520	fa0000	e2b8	10000	0
24.784684	76066	5cd6893d0520	1c8c	11	1201248	5cd6893c5a60	2aad	10000	7ffc7e35d2a0	2aad	5cd689410530	5cd6956c9340	5cd684c10520	1200000	1c88	10000	0
24.796816	7600e	259	4c22	9	16b6072	5cd6893c5a60	3e	10000	7ffc7e35d2a0	2aad	5cd689410530	5cd6956c9340	5cd683910520	16c0000	16c0000	10000	3f56
24.803835	75fed	1b59	4c22	c	25bf19	5cd6893c5a60	1b0	10000	7ffc7e35d2a0	2aad	5cd689410530	5cd6956c9340	5cd688a90520	260000	260000	10000	3cf6
24.815674	7600e	7685	4c22	e	6def8d	5cd6893c5a60	668	10000	7ffc7e35d2a0	2aad	5cd689410530	5cd6956c9340	5cd687890520	6e0000	6e0000	10000	4159
24.822214	75fed	23207	4c22	11	97b56f	5cd6893c5a60	1a0a	10000	7ffc7e35d2a0	2aad	5cd689410530	5cd6956c9340	5cd686e10520	980000	980000	10000	f72
24.827817	75fed	374f	4c22	d	bbbd9a	5cd6893c5a60	32d	10000	7ffc7e35d2a0	2aad	5cd689410530	5cd6956c9340	5cd686510520	bc0000	bc0000	10000	3e9b
24.838834	75fed	1cba9	4c22	10	fea9f6	5cd6893c5a60	1593	10000	7ffc7e35d2a0	2aad	5cd689410530	5cd6956c9340	5cd685450520	ff0000	ff0000	10000	57ec
24.844477	76073	5cd6893d0520	a8a0	11	124e4ee	5cd6893c5a60	2aad	10000	7ffc7e35d2a0	2aad	5cd689410530	5cd6956c9340	5cd684b90520	1220000	a89c	10000	0
24.851653	7600e	c1	4c22	7	14c45ea	5cd6893c5a60	16	10000	7ffc7e35d2a0	2aad	5cd689410530	5cd6956c9340	5cd6840d0520	14d0000	14d0000	10000	552e
24.862905	75f95	2850d	4c22	11	22a001	5cd6893c5a60	1d58	10000	7ffc7e35d2a0	2aad	5cd689410530	5cd6956c9340	5cd688b90520	220000	220000	10000	5c2
24.876057	1cb9fe75d88d	5cd6893e2534	59ef	0	47a8	5cd698c069b0	5cd6893e2534	4805	7ffc7e35d298	5cd6893d0520	5cd689410530	5cd6956c9340	5cd687710520	750000	750000	10000	4805
24.885505	7600e	a2f7	4c22	f	ae38c6	5cd6893c5a60	887	10000	7ffc7e35d2a0	2aad	5cd689410530	5cd6956c9340	5cd686850520	af0000	af0000	10000	3f10
24.897445	75fed	19f33	4c22	10	e86358	5cd6893c5a60	13d6	10000	7ffc7e35d2a0	2aad	5cd689410530	5cd6956c9340	5cd6859d0520	e90000	e90000	10000	361b
24.912230	75fed	2b	4c22	5	143e3e4	5cd6893c5a60	7	10000	7ffc7e35d2a0	2aad	5cd689410530	5cd6956c9340	5cd684310520	1440000	1440000	10000	32e8
24.918851	7600e	ce2f	4c22	f	16ba984	5cd6893c5a60	a99	10000	7ffc7e35d2a0	2aad	5cd689410530	5cd6956c9340	5cd683910520	16c0000	16c0000	10000	3f56
24.931335	7600e	32047	4c22	11	410690	5cd6893c5a60	2394	10000	7ffc7e35d2a0	2aad	5cd689410530	5cd6956c9340	5cd688390520	420000	420000	10000	57a6
24.944556	75fed	27c83	4c22	11	93c342	5cd6893c5a60	1cf9	10000	7ffc7e35d2a0	2aad	5cd689410530	5cd6956c9340	5cd686f10520	940000	940000	10000	322d
24.951352	75fed	241	4c22	9	bfcdf1	5cd6893c5a60	3c	10000	7ffc7e35d2a0	2aad	5cd689410530	5cd6956c9340	5cd686410520	c00000	c00000	10000	1be0
24.964037	7600e	7f7	4c22	a	10dbb92	5cd6893c5a60	a7	10000	7ffc7e35d2a0	2aad	5cd689410530	5cd6956c9340	5cd685090520	10e0000	10e0000	10000	1922
24.976630	1cb9fe661870	0	79905cc1ac80	aac1	a3c1	5cd69d02bc40	3	aab4	7ffc7e35d190	0	5cd69d021190	5cd69a6c2c80	79905cc1ace0	ffffffffffffffa0	aac0	5cd689360010	aaa
24.988641	7600e	43	4c22	6	280ecb	5cd6893c5a60	a	10000	7ffc7e35d2a0	2aad	5cd689410530	5cd6956c9340	5cd6889d0520	290000	290000	10000	c6e
24.999847	77297	2	0	5cd693995950	1	5cd693995890	ff	5cd69d00f990	7ffc7e35d2a0	5cd68a32c820	5cd693995878	b	22a5	5cd693995870	9	68	5cd693995878
25.013371	7600a	185	4c22	8	a1f0ac	5cd6893c5a60	2c	10000	7ffc7e35d2a0	2aad	5cd689410530	5cd6956c9340	5cd686b90520	a20000	a20000	10000	3f85
25.028041	75fed	23eeb	4c22	11	eaa184	5cd6893c5a60	1a8d	10000	7ffc7e35d2a0	2aad	5cd689410530	5cd6956c9340	5cd685950520	eb0000	eb0000	10000	51b5
25.035911	76073	5cd6893d0520	bb1c	11	11db7df	5cd6893c5a60	2aad	10000	7ffc7e35d2a0	2aad	5cd689410530	5cd6956c9340	5cd684d50520	11b0000	bb18	10000	0
25.047104	7600e	d79	4c22	b	15f1d17	5cd6893c5a60	f7	10000	7ffc7e35d2a0	2aad	5cd689410530	5cd6956c9340	5cd683c10520	1600000	1600000	10000	4d98
25.061932	75fed	3a42f	4c22	11	4cfe41	5cd6893c5a60	28e2	10000	7ffc7e35d2a0	2aad	5cd689410530	5cd6956c9340	5cd6880d0520	4d0000	4d0000	10000	3b97
25.073041	75fed	1a70d	4c22	10	8c8516	5cd6893c5a60	1429	10000	7ffc7e35d2a0	2aad	5cd689410530	5cd6956c9340	5cd6870d0520	8d0000	8d0000	10000	2b81
25.083213	76011	1a5	4c22	8	ca985f	5cd6893c5a60	2e	10000	7ffc7e35d2a0	2aad	5cd689410530	5cd6956c9340	5cd686150520	cb0000	cb0000	10000	59c0
25.088990	7600e	d3	4c22	7	ec8b84	5cd6893c5a60	19	10000	7ffc7e35d2a0	2aad	5cd689410530	5cd6956c9340	5cd6858d0520	ed0000	ed0000	10000	1360
25.094293	75fa8	5cd6922bae10	4c22	11	10d0fbf	5cd6893c5a60	1fbd	10000	7ffc7e35d2a0	2aad	5cd689410530	5cd6956c9340	5cd685110520	10c0000	10c0000	10000	5777
25.100813	76077	ffff	287c	11	1359cc3	5cd6893c5a60	2aad	10000	7ffc7e35d2a0	2aad	5cd689410530	5cd6956c9340	5cd684750520	1330000	2878	10000	0
25.106995	75fed	b5	4c22	7	159e396	5cd6893c5a60	15	10000	7ffc7e35d2a0	2aad	5cd689410530	5cd6956c9340	5cd683d90520	15a0000	15a0000	10000	54b9
25.112231	75fe9	57d3	4c22	e	74059	5cd6893c5a60	4da	10000	7ffc7e35d2a0	2aad	5cd689410530	5cd6956c9340	5cd689210520	80000	80000	10000	6ac
25.118914	76073	5cd6893d0520	9c80	11	2b5fd1	5cd6893c5a60	2aad	10000	7ffc7e35d2a0	2aad	5cd689410530	5cd6956c9340	5cd688a10520	280000	9c7c	10000	0
25.125825	75fed	1bd0d	4c22	10	543bb3	5cd6893c5a60	14f8	10000	7ffc7e35d2a0	2aad	5cd689410530	5cd6956c9340	5cd687ed0520	550000	550000	10000	5010
25.137659	75f99	3b8b1	4c22	11	a01308	5cd6893c5a60	29ae	10000	7ffc7e35d2a0	2aad	5cd689410530	5cd6956c9340	5cd686cd0520	9d0000	9d0000	10000	5473
25.143342	75ff5	21d43	4c22	11	c1ca5c	5cd6893c5a60	191f	10000	7ffc7e35d2a0	2aad	5cd689410530	5cd6956c9340	5cd6863d0520	c10000	c10000	10000	29ad
25.149106	7604c	2634	2630	11	e645d4	5cd6893c5a60	2aad	10000	7ffc7e35d2a0	2aad	5cd689410530	5cd6956c9340	5cd685b10520	e40000	262c	10000	0
25.156289	75fed	1d89	4c22	c	110b4ba	5cd6893c5a60	1c8	10000	7ffc7e35d2a0	2aad	5cd689410530	5cd6956c9340	5cd684fd0520	1110000	1110000	10000	4289
25.168387	1cb9fe75db8a	5cd6893e6cdc	59ef	2478	167bc	5cd6893e4864	5cd6893fb020	59ef	7ffc7e35d298	5cd6893e6cdc	5cd69545bc10	5cd690f4c3d0	f	1590000	1590000	10000	46ec
25.177999	1cb9fe75db8a	5cd6893e6cdc	59ef	11fd8	167bc	5cd6893d4d04	5cd6893eb4c0	59ef	7ffc7e35d298	5cd6893e6cdc	5cd689410530	5cd6956c9340	5cd688bd0520	220000	220000	10000	5c2
25.190355	772b6	0	1	5cd68c8c6c80	2	5cd68c8c6bd8	64	5cd69d2c6230	7ffc7e35d2a0	5cd69987b800	64	0	22a5	5cd68c8c6ba0	9	67	5cd68c8c6ba8
25.203914	7600a	15c19	4c22	10	c3af9b	5cd6893c5a60	10e8	10000	7ffc7e35d2a0	2aad	5cd689410530	5cd6956c9340	5cd686310520	c40000	c40000	10000	5314
25.216782	76073	5cd6893d0520	9934	11	11afec3	5cd6893c5a60	2aad	10000	7ffc7e35d2a0	2aad	5cd689410530	5cd6956c9340	5cd684dd0520	1190000	9930	10000	0
25.224962	75fed	293	4c22	9	14ce5e1	5cd6893c5a60	44	10000	7ffc7e35d2a0	2aad	5cd689410530	5cd6956c9340	5cd6840d0520	14d0000	14d0000	10000	552e
25.230376	76073	5cd6893d0520	f720	11	16ee8a5	5cd6893c5a60	2aad	10000	7ffc7e35d2a0	2aad	5cd689410530	5cd6956c9340	5cd683890520	16e0000	f71c	10000	0
25.239796	75fed	2b69	4c22	d	373a33	5cd6893c5a60	27c	10000	7ffc7e35d2a0	2aad	5cd689410530	5cd6956c9340	5cd688610520	380000	380000	10000	2793
25.248614	75ff0	43	4c22	6	6f8a59	5cd6893c5a60	a	10000	7ffc7e35d2a0	2aad	5cd689410530	5cd6956c9340	5cd687810520	700000	700000	10000	304
25.260973	75faf	5cd6922bae10	4c22	11	bf8e7b	5cd6893c5a60	1cf5	10000	7ffc7e35d2a0	2aad	5cd689410530	5cd6956c9340	5cd686450520	bf0000	bf0000	10000	e13
25.275362	7600a	3cfa3	4c22	11	1170dd0	5cd6893c5a60	2aa3	10000	7ffc7e35d2a0	2aad	5cd689410530	5cd6956c9340	5cd684e10520	1180000	1180000	10000	4935
25.285204	76060	5cd6893d0520	d170	5cd69536eb20	158c873	5cd6893c5a60	2aad	0	7ffc7e35d2a0	2aad	5cd689410530	5cd6956c9340	5cd683e10520	1580000	d16c	10000	1
25.299139	75f99	1b4ff	4c22	10	3e9119	5cd6893c5a60	14ae	10000	7ffc7e35d2a0	2aad	5cd689410530	5cd6956c9340	5cd688490520	3e0000	3e0000	10000	2072
25.305619	75fed	3824b	4c22	11	6694c8	5cd6893c5a60	278e	10000	7ffc7e35d2a0	2aad	5cd689410530	5cd6956c9340	5cd687a50520	670000	670000	10000	3aad
25.314713	75fed	223	4c22	9	a0c86f	5cd6893c5a60	38	10000	7ffc7e35d2a0	2aad	5cd689410530	5cd6956c9340	5cd686bd0520	a10000	a10000	10000	31b8
25.325140	75ffd	22b4d	4c22	11	d7cbf9	5cd6893c5a60	19bc	10000	7ffc7e35d2a0	2aad	5cd689410530	5cd6956c9340	5cd685e50520	d70000	d70000	10000	4b7e
25.335504	76055	d08c	d088	5cd69536eb20	118f303	5cd6893c5a60	2aad	0	7ffc7e35d2a0	2aad	5cd689410530	5cd6956c9340	5cd684e10520	1180000	d084	10000	1
25.347578	7600e	191	4c22	8	164b2d3	5cd6893c5a60	2d	10000	7ffc7e35d2a0	2aad	5cd689410530	5cd6956c9340	5cd683ad0520	1650000	1650000	10000	38aa
25.356266	7600e	14e3	4c22	c	273aa7	5cd6893c5a60	154	10000	7ffc7e35d2a0	2aad	5cd689410530	5cd6956c9340	5cd688a10520	280000	280000	10000	5890
25.366072	1cb9fe75db8a	5cd6893d0520	3a8	f15c	1591c	5cd698c0e010	5cd6893d6ce0	5647	7ffc7e35d298	5cd6893d0520	5cd689410530	5cd6956c9340	5cd687a10520	690000	690000	10000	5647
25.371914	7600e	af75	4c22	f	8ddaa8	5cd6893c5a60	922	10000	7ffc7e35d2a0	2aad	5cd689410530	5cd6956c9340	5cd687090520	8e0000	8e0000	10000	394e
25.384188	75faf	5cd6922bae10	4c22	f	db0277	5cd6893c5a60	6ff	10000	7ffc7e35d2a0	2aad	5cd689410530	5cd6956c9340	5cd685d50520	db0000	db0000	10000	28c3
25.398497	75f95	1df99	4c22	10	1380291	5cd6893c5a60	1669	10000	7ffc7e35d2a0	2aad	5cd689410530	5cd6956c9340	5cd684650520	1370000	1370000	10000	335d
25.406836	75fed	90b9	4c22	f	16cd668	5cd6893c5a60	7b9	10000	7ffc7e35d2a0	2aad	5cd689410530	5cd6956c9340	5cd6838d0520	16d0000	16d0000	10000	4d23
25.414318	75fed	fb	4c22	7	273631	5cd6893c5a60	1d	10000	7ffc7e35d2a0	2aad	5cd689410530	5cd6956c9340	5cd688a10520	280000	280000	10000	5890
25.428628	75fed	4f	4c22	6	843cfe	5cd6893c5a60	d	10000	7ffc7e35d2a0	2aad	5cd689410530	5cd6956c9340	5cd6872d0520	850000	850000	10000	1708
25.439805	1cb9fe75db24	5cd6893d3b98	59ef	e314	13144	5cd698c0b7e0	5cd6893d89c8	d9e	7ffc7e35d298	5cd6893d3b98	fffffffff07cd1e8	5cd6956c9340	5cd686150520	cc0000	cc0000	10000	d9e
25.449582	7600e	25	4c22	5	109d778	5cd6893c5a60	6	10000	7ffc7e35d2a0	2aad	5cd689410530	5cd6956c9340	5cd685190520	10a0000	10a0000	10000	3bdd
25.460750	75fed	a7	4c22	7	15187e4	5cd6893c5a60	13	10000	7ffc7e35d2a0	2aad	5cd689410530	5cd6956c9340	5cd683f90520	1520000	1520000	10000	4040
25.467517	7600e	217c1	4c22	11	9c7a1	5cd6893c5a60	18e1	10000	7ffc7e35d2a0	2aad	5cd689410530	5cd6956c9340	5cd689190520	a0000	a0000	10000	2246
25.473307	75fed	20539	4c22	11	2ef615	5cd6893c5a60	180d	10000	7ffc7e35d2a0	2aad	5cd689410530	5cd6956c9340	5cd688850520	2f0000	2f0000	10000	54d
25.479324	7600e	47f	4c22	a	5586db	5cd6893c5a60	65	10000	7ffc7e35d2a0	2aad	5cd689410530	5cd6956c9340	5cd687e90520	560000	560000	10000	3ee
25.493677	7600e	189b	4c22	c	b0c579	5cd6893c5a60	184	10000	7ffc7e35d2a0	2aad	5cd689410530	5cd6956c9340	5cd6867d0520	b10000	b10000	10000	bb
25.504772	75fed	137	4c22	8	f96883	5cd6893c5a60	24	10000	7ffc7e35d2a0	2aad	5cd689410530	5cd6956c9340	5cd685590520	fa0000	fa0000	10000	12eb
25.511280	76001	295ff	4c22	11	123d4f8	5cd6893c5a60	1dfd	10000	7ffc7e35d2a0	2aad	5cd689410530	5cd6956c9340	5cd684b50520	1230000	1230000	10000	2d26
25.517949	76073	5cd6893d0520	4014	11	14ecd23	5cd6893c5a60	2aad	10000	7ffc7e35d2a0	2aad	5cd689410530	5cd6956c9340	5cd684110520	14c0000	4010	10000	0
25.530054	76060	5cd6893d0520	9cd8	11	264c4c	5cd6893c5a60	2aad	10000	7ffc7e35d2a0	2aad	5cd689410530	5cd6956c9340	5cd688a90520	260000	9cd4	10000	0
25.537050	75ffd	37637	4c22	11	5244fc	5cd6893c5a60	2706	10000	7ffc7e35d2a0	2aad	5cd689410530	5cd6956c9340	5cd687f90520	520000	520000	10000	26a9
25.542943	75fed	4a6b	4c22	e	77d533	5cd6893c5a60	42d	10000	7ffc7e35d2a0	2aad	5cd689410530	5cd6956c9340	5cd687610520	780000	780000	10000	177d
25.552486	75fed	3c7	4c22	9	b36e53	5cd6893c5a60	56	10000	7ffc7e35d2a0	2aad	5cd689410530	5cd6956c9340	5cd686710520	b40000	b40000	10000	2a22
25.567146	7600e	493d	4c22	e	1112a82	5cd6893c5a60	422	10000	7ffc7e35d2a0	2aad	5cd689410530	5cd6956c9340	5cd684f90520	1120000	1120000	10000	5056
25.575790	7600e	43	4c22	6	145d347	5cd6893c5a60	a	10000	7ffc7e35d2a0	2aad	5cd689410530	5cd6956c9340	5cd684290520	1460000	1460000	10000	4e82
25.584839	7604c	7dd0	7dcc	11	c5ba6	5cd6893c5a60	2aad	10000	7ffc7e35d2a0	2aad	5cd689410530	5cd6956c9340	5cd689110520	c0000	7dc8	10000	0
25.591803	75fed	1567	4c22	c	3715ef	5cd6893c5a60	15a	10000	7ffc7e35d2a0	2aad	5cd689410530	5cd6956c9340	5cd688610520	380000	380000	10000	2793
25.604014	75fad	5cd6922bae10	4c22	11	8596e0	5cd6893c5a60	23ab	10000	7ffc7e35d2a0	2aad	5cd689410530	5cd6956c9340	5cd687350520	830000	830000	10000	555d
25.616085	75fed	1223	4c22	c	cf3f50	5cd6893c5a60	134	10000	7ffc7e35d2a0	2aad	5cd689410530	5cd6956c9340	5cd686010520	d00000	d00000	10000	44d2
25.621637	76073	5cd6893d0520	90a0	5cd69536eb20	f5070d	5cd6893c5a60	2aad	0	7ffc7e35d2a0	2aad	5cd689410530	5cd6956c9340	5cd685750520	f30000	909c	10000	1
25.631053	75fed	19f33	4c22	10	12c18ca	5cd6893c5a60	13d6	10000	7ffc7e35d2a0	2aad	5cd689410530	5cd6956c9340	5cd6848d0520	12d0000	12d0000	10000	34a
25.642773	75fed	89	4c22	7	5b38e	5cd6893c5a60	10	10000	7ffc7e35d2a0	2aad	5cd689410530	5cd6956c9340	5cd689290520	60000	60000	10000	4501
25.648306	75fe4	22933	4c22	11	26a0bb	5cd6893c5a60	199f	10000	7ffc7e35d2a0	2aad	5cd689410530	5cd6956c9340	5cd688a90520	260000	260000	10000	3cf6
25.655489	75fed	cbdd	4c22	f	5452d3	5cd6893c5a60	a7d	10000	7ffc7e35d2a0	2aad	5cd689410530	5cd6956c9340	5cd687ed0520	550000	550000	10000	5010
25.667062	76011	fb	4c22	7	956a3e	5cd6893c5a60	1d	10000	7ffc7e35d2a0	2aad	5cd689410530	5cd6956c9340	5cd686e90520	960000	960000	10000	4dc7
25.677306	75fe9	2b12f	4c22	11	d64b56	5cd6893c5a60	1f20	10000	7ffc7e35d2a0	2aad	5cd689410530	5cd6956c9340	5cd685e50520	d70000	d70000	10000	4b7e
25.689149	75fed	1bb	4c22	8	1201ad8	5cd6893c5a60	32	10000	7ffc7e35d2a0	2aad	5cd689410530	5cd6956c9340	5cd684bd0520	1210000	1210000	10000	118c
25.696832	76077	ffff	9424	5cd69536eb20	1539d8f	5cd6893c5a60	2aad	0	7ffc7e35d2a0	2aad	5cd689410530	5cd6956c9340	5cd683f90520	1520000	9420	10000	1
25.710451	76055	f558	f554	11	3a1ed0	5cd6893c5a60	2aad	10000	7ffc7e35d2a0	2aad	5cd689410530	5cd6956c9340	5cd6885d0520	390000	f550	10000	0
25.720855	76066	5cd6893d0520	babc	11	7af673	5cd6893c5a60	2aad	10000	7ffc7e35d2a0	2aad	5cd689410530	5cd6956c9340	5cd687590520	7a0000	bab8	10000	0
25.735847	7600e	2cf	4c22	9	d825cc	5cd6893c5a60	49	10000	7ffc7e35d2a0	2aad	5cd689410530	5cd6956c9340	5cd685dd0520	d90000	d90000	10000	d29
25.750500	76073	5cd6893d0520	8784	11	1320c03	5cd6893c5a60	2aad	10000	7ffc7e35d2a0	2aad	5cd689410530	5cd6956c9340	5cd684850520	12f0000	8780	10000	0
25.760790	75fed	31ee5	4c22	11	16c860c	5cd6893c5a60	2385	10000	7ffc7e35d2a0	2aad	5cd689410530	5cd6956c9340	5cd6838d0520	16d0000	16d0000	10000	4d23
25.774102	7600e	5e75	4c22	e	4882aa	5cd6893c5a60	52e	10000	7ffc7e35d2a0	2aad	5cd689410530	5cd6956c9340	5cd6881d0520	490000	490000	10000	463
25.789197	75fed	3d	4c22	5	9f6165	5cd6893c5a60	9	10000	7ffc7e35d2a0	2aad	5cd689410530	5cd6956c9340	5cd686c10520	a00000	a00000	10000	23eb
25.794820	75fed	214f	4c22	d	bfd638	5cd6893c5a60	1fa	10000	7ffc7e35d2a0	2aad	5cd689410530	5cd6956c9340	5cd686410520	c00000	c00000	10000	1be0
25.809035	76060	5cd6893d0520	933c	11	1185b11	5cd6893c5a60	2aad	10000	7ffc7e35d2a0	2aad	5cd689410530	5cd6956c9340	5cd684e10520	1180000	9338	10000	0
25.820972	75fed	f4d	4c22	b	16451bd	5cd6893c5a60	10c	10000	7ffc7e35d2a0	2aad	5cd689410530	5cd6956c9340	5cd683ad0520	1650000	1650000	10000	38aa
25.826636	75ff0	139	4c22	8	15e27f	5cd6893c5a60	25	10000	7ffc7e35d2a0	2aad	5cd689410530	5cd6956c9340	5cd688e90520	160000	160000	10000	1404
25.838883	75fad	5cd6922bae10	4c22	10	63c328	5cd6893c5a60	1584	10000	7ffc7e35d2a0	2aad	5cd689410530	5cd6956c9340	5cd687b50520	630000	630000	10000	379
25.851231	76005	1070b	4c22	10	acf894	5cd6893c5a60	d2b	10000	7ffc7e35d2a0	2aad	5cd689410530	5cd6956c9340	5cd6868d0520	ad0000	ad0000	10000	2376
25.859065	76060	5cd6893d0520	6e10	11	dc1660	5cd6893c5a60	2aad	10000	7ffc7e35d2a0	2aad	5cd689410530	5cd6956c9340	5cd685d10520	dc0000	6e0c	10000	0
25.871922	75fed	3d	4c22	5	13070c7	5cd6893c5a60	9	10000	7ffc7e35d2a0	2aad	5cd689410530	5cd6956c9340	5cd6847d0520	1310000	1310000	10000	3a7e
25.879044	75ff0	923	4c22	b	15a8b23	5cd6893c5a60	b4	10000	7ffc7e35d2a0	2aad	5cd689410530	5cd6956c9340	5cd683d50520	15b0000	15b0000	10000	897
25.888359	75fed	22d77	4c22	11	21f517	5cd6893c5a60	19d5	10000	7ffc7e35d2a0	2aad	5cd689410530	5cd6956c9340	5cd688b90520	220000	220000	10000	5c2
25.899699	7600e	4357	4c22	e	6cc4ea	5cd6893c5a60	3d4	10000	7ffc7e35d2a0	2aad	5cd689410530	5cd6956c9340	5cd6878d0520	6d0000	6d0000	10000	338c
25.905429	1cb9fe75db8a	5cd6893fd498	4c22	10f20	13088	5cd6893d2688	5cd6893ff600	b3de	7ffc7e35d298	5cd6893fd498	5cd690ac2b80	5cd690ac3b00	f	900000	900000	10000	54e8
25.920263	76005	2ec2b	4c22	11	dda36e	5cd6893c5a60	2198	10000	7ffc7e35d2a0	2aad	5cd689410530	5cd6956c9340	5cd685d10520	dc0000	dc0000	10000	3690
25.928962	7600e	1762f	4c22	10	1102338	5cd6893c5a60	1210	10000	7ffc7e35d2a0	2aad	5cd689410530	5cd6956c9340	5cd684fd0520	1110000	1110000	10000	4289
25.934261	75fed	19331	4c22	10	1303c45	5cd6893c5a60	134c	10000	7ffc7e35d2a0	2aad	5cd689410530	5cd6956c9340	5cd6847d0520	1310000	1310000	10000	3a7e
25.939796	75fed	2b	4c22	5	151977e	5cd6893c5a60	7	10000	7ffc7e35d2a0	2aad	5cd689410530	5cd6956c9340	5cd683f90520	1520000	1520000	10000	4040
25.949008	75fed	24d7	4c22	d	da0cf	5cd6893c5a60	227	10000	7ffc7e35d2a0	2aad	5cd689410530	5cd6956c9340	5cd689090520	e0000	e0000	10000	597a
25.961965	75f99	756b	4c22	e	621b8f	5cd6893c5a60	65b	10000	7ffc7e35d2a0	2aad	5cd689410530	5cd6956c9340	5cd687b90520	620000	620000	10000	4f9b
25.976046	75fed	883d	4c22	f	b6376d	5cd6893c5a60	750	10000	7ffc7e35d2a0	2aad	5cd689410530	5cd6956c9340	5cd686650520	b70000	b70000	10000	5389
25.989599	1cb9fe75e10a	0	1	a298	5cd69ddce7e0	0	5cd69ddcf000	7f	7ffc7e35d298	0	5cd69ddce7e0	5cd69750baf0	79905cc1ace0	5cd69536eb28	5cd6893d0520	aab4	7f
26.001120	7600e	2a1	4c22	9	149f590	5cd6893c5a60	45	10000	7ffc7e35d2a0	2aad	5cd689410530	5cd6956c9340	5cd684190520	14a0000	14a0000	10000	2bc7
26.007775	7600e	2ca25	4c22	11	16c7327	5cd6893c5a60	2032	10000	7ffc7e35d2a0	2aad	5cd689410530	5cd6956c9340	5cd6838d0520	16d0000	16d0000	10000	4d23
26.013482	7600e	27151	4c22	11	1dd4cb	5cd6893c5a60	1c82	10000	7ffc7e35d2a0	2aad	5cd689410530	5cd6956c9340	5cd688c90520	1e0000	1e0000	10000	287d
26.025467	7600e	2b	4c22	5	6aad14	5cd6893c5a60	7	10000	7ffc7e35d2a0	2aad	5cd689410530	5cd6956c9340	5cd687950520	6b0000	6b0000	10000	17f2
26.033951	7600e	2cba3	4c22	11	9ecf65	5cd6893c5a60	2042	10000	7ffc7e35d2a0	2aad	5cd689410530	5cd6956c9340	5cd686c50520	9f0000	9f0000	10000	161e
26.044510	75fed	281b	4c22	d	dfd934	5cd6893c5a60	24e	10000	7ffc7e35d2a0	2aad	5cd689410530	5cd6956c9340	5cd685c10520	e00000	e00000	10000	13d5
26.051766	7600e	3a8d7	4c22	11	10c62ca	5cd6893c5a60	2914	10000	7ffc7e35d2a0	2aad	5cd689410530	5cd6956c9340	5cd6850d0520	10d0000	10d0000	10000	b55
26.063019	76001	1cc9d	4c22	10	1576296	5cd6893c5a60	15a2	10000	7ffc7e35d2a0	2aad	5cd689410530	5cd6956c9340	5cd683e90520	1560000	1560000	10000	1d85
26.071290	75fed	b629	4c22	f	14b4b2	5cd6893c5a60	972	10000	7ffc7e35d2a0	2aad	5cd689410530	5cd6956c9340	5cd688ed0520	150000	150000	10000	637
26.076510	76066	5cd6893d0520	d714	11	35b8a6	5cd6893c5a60	2aad	10000	7ffc7e35d2a0	2aad	5cd689410530	5cd6956c9340	5cd6886d0520	350000	d710	10000	0
26.087875	7600e	47	4c22	6	728ad6	5cd6893c5a60	b	10000	7ffc7e35d2a0	2aad	5cd689410530	5cd6956c9340	5cd687750520	730000	730000	10000	2c6b
26.094204	75f99	1ffc1	4c22	10	99641e	5cd6893c5a60	17cf	10000	7ffc7e35d2a0	2aad	5cd689410530	5cd6956c9340	5cd686dd0520	990000	990000	10000	1d3f
26.099608	75fed	33125	4c22	11	b8e91e	5cd6893c5a60	2443	10000	7ffc7e35d2a0	2aad	5cd689410530	5cd6956c9340	5cd6865d0520	b90000	b90000	10000	1534
26.114158	75f9c	23eeb	4c22	11	1175f23	5cd6893c5a60	1a8e	10000	7ffc7e35d2a0	2aad	5cd689410530	5cd6956c9340	5cd684e50520	1170000	1170000	10000	3b68
26.121634	7600a	3222d	4c22	11	1470d28	5cd6893c5a60	23a8	10000	7ffc7e35d2a0	2aad	5cd689410530	5cd6956c9340	5cd684210520	1480000	1480000	10000	102d
26.132646	1cb9fe75db8a	5cd6893fd498	4c22	bde0	13088	5cd6893d77c8	5cd689404740	b3de	7ffc7e35d298	5cd6893fd498	5cd693faad20	5cd69256fba8	12	1d0000	1d0000	10000	1ab0
26.145191	7600e	f1	4c22	7	65f587	5cd6893c5a60	1c	10000	7ffc7e35d2a0	2aad	5cd689410530	5cd6956c9340	5cd687a90520	660000	660000	10000	2ce0
26.152084	75fed	b6ed	4c22	f	8e322d	5cd6893c5a60	97f	10000	7ffc7e35d2a0	2aad	5cd689410530	5cd6956c9340	5cd687050520	8f0000	8f0000	10000	471b
26.158305	75ff5	167cf	4c22	10	aa0475	5cd6893c5a60	1170	10000	7ffc7e35d2a0	2aad	5cd689410530	5cd6956c9340	5cd6869d0520	a90000	a90000	10000	4631
26.173054	75fed	37141	4c22	11	f2f94b	5cd6893c5a60	26cf	10000	7ffc7e35d2a0	2aad	5cd689410530	5cd6956c9340	5cd685750520	f30000	f30000	10000	c3f
26.180440	75fa3	9f7d	4c22	f	122514c	5cd6893c5a60	861	10000	7ffc7e35d2a0	2aad	5cd689410530	5cd6956c9340	5cd684b90520	1220000	1220000	10000	1f59
26.190774	76073	5cd6893d0520	a6cc	11	1636b9d	5cd6893c5a60	2aad	10000	7ffc7e35d2a0	2aad	5cd689410530	5cd6956c9340	5cd683bd0520	1610000	a6c8	10000	0
26.200886	75fe9	19cd3	4c22	10	2c874d	5cd6893c5a60	13bc	10000	7ffc7e35d2a0	2aad	5cd689410530	5cd6956c9340	5cd6888d0520	2d0000	2d0000	10000	43a2
26.215005	75fa3	1b1c9	4c22	10	78523e	5cd6893c5a60	1489	10000	7ffc7e35d2a0	2aad	5cd689410530	5cd6956c9340	5cd687650520	770000	770000	10000	9b0
26.225335	1cb9fe75db8a	5cd6893d0520	1adf	3120	fc40	5cd698c1a04c	5cd6893dd040	3f10	7ffc7e35d298	5cd6893d0520	5cd689410530	5cd6956c9340	5cd686890520	af0000	af0000	10000	3f10
26.239854	75fed	10957	4c22	10	1095121	5cd6893c5a60	d47	10000	7ffc7e35d2a0	2aad	5cd689410530	5cd6956c9340	5cd685190520	10a0000	10a0000	10000	3bdd
26.246909	76073	5cd6893d0520	7ccc	11	13a392b	5cd6893c5a60	2aad	10000	7ffc7e35d2a0	2aad	5cd689410530	5cd6956c9340	5cd684650520	1370000	7cc8	10000	0
26.260758	75fe9	1503d	4c22	10	1d7c85	5cd6893c5a60	106a	10000	7ffc7e35d2a0	2aad	5cd689410530	5cd6956c9340	5cd688c90520	1e0000	1e0000	10000	287d
26.265996	75f99	250eb	4c22	11	3f2a7c	5cd6893c5a60	1b39	10000	7ffc7e35d2a0	2aad	5cd689410530	5cd6956c9340	5cd688450520	3f0000	3f0000	10000	2e3f
26.275571	75fed	2ca1d	4c22	11	7ba861	5cd6893c5a60	2031	10000	7ffc7e35d2a0	2aad	5cd689410530	5cd6956c9340	5cd687510520	7c0000	7c0000	10000	4eb1
26.286732	75fed	35	4c22	5	bf6287	5cd6893c5a60	8	10000	7ffc7e35d2a0	2aad	5cd689410530	5cd6956c9340	5cd686410520	c00000	c00000	10000	1be0
26.292188	75fed	18b3f	4c22	10	e1c437	5cd6893c5a60	12ee	10000	7ffc7e35d2a0	2aad	5cd689410530	5cd6956c9340	5cd685b90520	e20000	e20000	10000	2f6f
26.299553	75fed	49	4c22	6	10fc8b7	5cd6893c5a60	c	10000	7ffc7e35d2a0	2aad	5cd689410530	5cd6956c9340	5cd685010520	1100000	1100000	10000	34bc
26.313989	75fed	3401	4c22	d	16bbabc	5cd6893c5a60	302	10000	7ffc7e35d2a0	2aad	5cd689410530	5cd6956c9340	5cd683910520	16c0000	16c0000	10000	3f56
26.323501	7604c	a524	a520	11	34cede	5cd6893c5a60	2aad	10000	7ffc7e35d2a0	2aad	5cd689410530	5cd6956c9340	5cd688710520	340000	a51c	10000	0
26.328903	1cb9fe75db8a	5cd6893e6cdc	59ef	e558	167bc	5cd6893d8784	5cd6893eef40	59ef	7ffc7e35d298	5cd6893e6cdc	5cd689410530	5cd6956c9340	5cd687e90520	570000	570000	10000	11bb
26.341959	75f99	37cbb	4c22	11	a9c5eb	5cd6893c5a60	274d	10000	7ffc7e35d2a0	2aad	5cd689410530	5cd6956c9340	5cd686a10520	a80000	a80000	10000	3864
26.355039	75f9c	37c39	4c22	11	fc3811	5cd6893c5a60	2745	10000	7ffc7e35d2a0	2aad	5cd689410530	5cd6956c9340	5cd685550520	fb0000	fb0000	10000	20b8
26.368159	75fed	3d	4c22	5	14ebaa0	5cd6893c5a60	9	10000	7ffc7e35d2a0	2aad	5cd689410530	5cd6956c9340	5cd684050520	14f0000	14f0000	10000	16d9
26.380162	76073	5cd6893d0520	f39c	11	2c1cd0	5cd6893c5a60	2aad	10000	7ffc7e35d2a0	2aad	5cd689410530	5cd6956c9340	5cd688990520	2a0000	f398	10000	0
26.390152	7600e	517	4c22	a	6a1794	5cd6893c5a60	72	10000	7ffc7e35d2a0	2aad	5cd689410530	5cd6956c9340	5cd687950520	6b0000	6b0000	10000	17f2
26.397266	75fed	39d0d	4c22	11	9568fa	5cd6893c5a60	2898	10000	7ffc7e35d2a0	2aad	5cd689410530	5cd6956c9340	5cd686e90520	960000	960000	10000	4dc7
26.408172	1cb9fe75db8a	5cd6893d0520	2a0b	2650	bf90	5cd698c1ab1c	5cd6893d9e60	2fe4	7ffc7e35d298	5cd6893d0520	5cd69e35b170	79905cc1b3f0	79905cc1ace0	d50000	d50000	10000	2fe4
26.414993	76055	9b50	9b4c	5cd69536eb20	101b5f8	5cd6893c5a60	2aad	0	7ffc7e35d2a0	2aad	5cd689410530	5cd6956c9340	5cd6853d0520	1010000	9b48	10000	1
26.427420	75fc0	2aad	4c22	e	1522321	5cd6893c5a60	52a	10000	7ffc7e35d2a0	2aad	5cd689410530	5cd6956c9340	5cd683f90520	1520000	1520000	10000	4040
26.439663	75fed	49	4c22	6	2b1979	5cd6893c5a60	c	10000	7ffc7e35d2a0	2aad	5cd689410530	5cd6956c9340	5cd688910520	2c0000	2c0000	10000	35d5
26.452534	7600e	64ab	4c22	e	7afbeb	5cd6893c5a60	57f	10000	7ffc7e35d2a0	2aad	5cd689410530	5cd6956c9340	5cd687550520	7b0000	7b0000	10000	40e4
26.460594	7600e	346c9	4c22	11	ac863b	5cd6893c5a60	2509	10000	7ffc7e35d2a0	2aad	5cd689410530	5cd6956c9340	5cd6868d0520	ad0000	ad0000	10000	2376
26.466452	75fed	39a15	4c22	11	d093c3	5cd6893c5a60	287c	10000	7ffc7e35d2a0	2aad	5cd689410530	5cd6956c9340	5cd685fd0520	d10000	d10000	10000	529f
26.478583	7600e	26d5	4c22	d	11af5e7	5cd6893c5a60	240	10000	7ffc7e35d2a0	2aad	5cd689410530	5cd6956c9340	5cd684d50520	11b0000	11b0000	10000	18ad
26.486087	75fed	7bb	4c22	a	149f4d7	5cd6893c5a60	a1	10000	7ffc7e35d2a0	2aad	5cd689410530	5cd6956c9340	5cd684190520	14a0000	14a0000	10000	2bc7
26.495701	75fed	25	4c22	5	139b75	5cd6893c5a60	6	10000	7ffc7e35d2a0	2aad	5cd689410530	5cd6956c9340	5cd688f10520	140000	140000	10000	5259
26.510007	75fad	5cd6922bae10	4c22	11	6cf2cc	5cd6893c5a60	1a61	10000	7ffc7e35d2a0	2aad	5cd689410530	5cd6956c9340	5cd687910520	6c0000	6c0000	10000	25bf
26.522537	75fed	c61	4c22	b	b98b7a	5cd6893c5a60	e6	10000	7ffc7e35d2a0	2aad	5cd689410530	5cd6956c9340	5cd686590520	ba0000	ba0000	10000	2301
26.528363	75fad	5cd6922bae10	4c22	f	dc112e	5cd6893c5a60	8de	10000	7ffc7e35d2a0	2aad	5cd689410530	5cd6956c9340	5cd685d10520	dc0000	dc0000	10000	3690
26.540366	76066	5cd6893d0520	ef64	11	1299f28	5cd6893c5a60	2aad	10000	7ffc7e35d2a0	2aad	5cd689410530	5cd6956c9340	5cd684a10520	1280000	ef60	10000	0
26.553774	1cb9fe75db8a	5cd6893fd498	4c22	cb00	13088	5cd6893d6aa8	5cd689403a20	b3de	7ffc7e35d298	5cd6893fd498	5cd689410530	5cd6956c9340	5cd6891d0520	a0000	a0000	10000	2246
26.559589	7600a	1c9	4c22	8	2ddc12	5cd6893c5a60	33	10000	7ffc7e35d2a0	2aad	5cd689410530	5cd6956c9340	5cd688890520	2e0000	2e0000	10000	516f
26.574777	7600e	3f41	4c22	d	8eecf5	5cd6893c5a60	398	10000	7ffc7e35d2a0	2aad	5cd689410530	5cd6956c9340	5cd687050520	8f0000	8f0000	10000	471b
26.581610	1cb9fe75db8a	5cd6893fd498	4c22	8d20	13088	5cd6893da888	5cd689407800	b3de	7ffc7e35d298	5cd6893fd498	5cd68f9f2520	c	c9452bc815867652	b60000	b60000	10000	45bc
26.590958	7c183	a	7ffc7e35d220	a	5cd69e677460	5cd69e676fa0	1f	40	7ffc7e35d170	5cd69831e230	5cd68a75e580	5cd692b27440	c9452bc815867652	7ffc7e35d188	5cd692b27448	22a4	5cd65e4ecb30
26.596924	75ff0	10e7	4c22	c	10f1f73	5cd6893c5a60	120	10000	7ffc7e35d2a0	2aad	5cd689410530	5cd6956c9340	5cd685010520	1100000	1100000	10000	34bc
26.609992	7600e	1b1	4c22	8	158ed22	5cd6893c5a60	30	10000	7ffc7e35d2a0	2aad	5cd689410530	5cd6956c9340	5cd683dd0520	1590000	1590000	10000	46ec
26.618170	7600a	c401	4c22	f	1a6426	5cd6893c5a60	a1e	10000	7ffc7e35d2a0	2aad	5cd689410530	5cd6956c9340	5cd688d50520	1b0000	1b0000	10000	5905
26.629462	75fe9	37e5f	4c22	11	623f47	5cd6893c5a60	2762	10000	7ffc7e35d2a0	2aad	5cd689410530	5cd6956c9340	5cd687b50520	630000	630000	10000	379
26.640056	7600e	65	4c22	6	a3665d	5cd6893c5a60	e	10000	7ffc7e35d2a0	2aad	5cd689410530	5cd6956c9340	5cd686b10520	a40000	a40000	10000	130
26.653270	75fed	47	4c22	6	f552cd	5cd6893c5a60	b	10000	7ffc7e35d2a0	2aad	5cd689410530	5cd6956c9340	5cd685690520	f60000	f60000	10000	35a6
26.659903	75fe4	1912d	4c22	10	11dd8de	5cd6893c5a60	1336	10000	7ffc7e35d2a0	2aad	5cd689410530	5cd6956c9340	5cd684c90520	11e0000	11e0000	10000	4214
26.674003	75fed	1b529	4c22	10	16d8232	5cd6893c5a60	14af	10000	7ffc7e35d2a0	2aad	5cd689410530	5cd6956c9340	5cd683890520	16e0000	16e0000	10000	101
26.684798	7600e	c1	4c22	7	3e0bd2	5cd6893c5a60	16	10000	7ffc7e35d2a0	2aad	5cd689410530	5cd6956c9340	5cd688450520	3f0000	3f0000	10000	2e3f
26.695822	7600e	2e02b	4c22	11	82cef5	5cd6893c5a60	211e	10000	7ffc7e35d2a0	2aad	5cd689410530	5cd6956c9340	5cd687350520	830000	830000	10000	555d
26.707048	7600e	30d5d	4c22	11	c4dfc9	5cd6893c5a60	22e9	10000	7ffc7e35d2a0	2aad	5cd689410530	5cd6956c9340	5cd6862d0520	c50000	c50000	10000	6f2
26.719738	76055	5868	5864	11	1137cbc	5cd6893c5a60	2aad	10000	7ffc7e35d2a0	2aad	5cd689410530	5cd6956c9340	5cd685010520	1100000	5860	10000	0
26.733312	7600e	4e5f	4c22	e	1609bdd	5cd6893c5a60	45f	10000	7ffc7e35d2a0	2aad	5cd689410530	5cd6956c9340	5cd683bd0520	1610000	1610000	10000	176
26.748339	7600e	7f	4c22	6	49e7a6	5cd6893c5a60	f	10000	7ffc7e35d2a0	2aad	5cd689410530	5cd6956c9340	5cd688190520	4a0000	4a0000	10000	1230
26.756518	76073	5cd6893d0520	8d50	11	7becf7	5cd6893c5a60	2aad	10000	7ffc7e35d2a0	2aad	5cd689410530	5cd6956c9340	5cd687550520	7b0000	8d4c	10000	0
26.762240	7600e	1163	4c22	c	9cf513	5cd6893c5a60	126	10000	7ffc7e35d2a0	2aad	5cd689410530	5cd6956c9340	5cd686cd0520	9d0000	9d0000	10000	5473
26.774789	1cb9fe75db8a	5cd6893e6cdc	59ef	cd8	167bc	5cd6893e6004	5cd6893fc7c0	59ef	7ffc7e35d298	5cd6893e6cdc	fffffffff07d21f8	5cd6956c9340	5cd685c10520	e10000	e10000	10000	21a2
26.789115	7600a	13d	4c22	8	13c5781	5cd6893c5a60	26	10000	7ffc7e35d2a0	2aad	5cd689410530	5cd6956c9340	5cd6844d0520	13d0000	13d0000	10000	2c3c
26.799966	75ff5	3f59	4c22	d	a2aad	5cd6893c5a60	399	10000	7ffc7e35d2a0	2aad	5cd689410530	5cd6956c9340	5cd689190520	a0000	a0000	10000	2246
26.808956	75fed	8b	4c22	7	417398	5cd6893c5a60	11	10000	7ffc7e35d2a0	2aad	5cd689410530	5cd6956c9340	5cd688390520	420000	420000	10000	57a6
26.817002	76016	11ae5	4c22	10	74e44e	5cd6893c5a60	e06	10000	7ffc7e35d2a0	2aad	5cd689410530	5cd6956c9340	5cd687710520	740000	740000	10000	3a38
26.822491	75fed	5efd	4c22	e	95d60d	5cd6893c5a60	534	10000	7ffc7e35d2a0	2aad	5cd689410530	5cd6956c9340	5cd686e90520	960000	960000	10000	4dc7
26.830765	1cb9fe75db8a	5cd6893d0520	2996	7ba4	c164	5cd698c155c8	5cd6893d4ae0	3059	7ffc7e35d298	5cd6893d0520	5cd689410530	5cd6956c9340	5cd686250520	c80000	c80000	10000	3059
26.838077	7605b	feec	feec	11	f6bdd6	5cd6893c5a60	2aad	10000	7ffc7e35d2a0	2aad	5cd689410530	5cd6956c9340	5cd685710520	f40000	fee8	10000	0
26.850003	75fed	b3a5	4c22	f	13d19cd	5cd6893c5a60	953	10000	7ffc7e35d2a0	2aad	5cd689410530	5cd6956c9340	5cd684490520	13e0000	13e0000	10000	3a09
26.862746	75fed	1e71b	4c22	10	189a38	5cd6893c5a60	16bb	10000	7ffc7e35d2a0	2aad	5cd689410530	5cd6956c9340	5cd688dd0520	190000	190000	10000	3d6b
26.869479	75fed	6779	4c22	e	43550b	5cd6893c5a60	598	10000	7ffc7e35d2a0	2aad	5cd689410530	5cd6956c9340	5cd688310520	440000	440000	10000	1951
26.881515	75fed	2fa59	4c22	11	8ee433	5cd6893c5a60	222b	10000	7ffc7e35d2a0	2aad	5cd689410530	5cd6956c9340	5cd687050520	8f0000	8f0000	10000	471b
26.895819	7600e	4f	4c22	6	e54ea8	5cd6893c5a60	d	10000	7ffc7e35d2a0	2aad	5cd689410530	5cd6956c9340	5cd685a90520	e60000	e60000	10000	cb4
26.903866	75fe4	1b4f	4c22	c	1161acb	5cd6893c5a60	1ae	10000	7ffc7e35d2a0	2aad	5cd689410530	5cd6956c9340	5cd684e50520	1170000	1170000	10000	3b68
26.913019	7600e	109d	4c22	c	14f8873	5cd6893c5a60	11d	10000	7ffc7e35d2a0	2aad	5cd689410530	5cd6956c9340	5cd684010520	1500000	1500000	10000	24a6
26.921476	7600e	107	4c22	8	ab096	5cd6893c5a60	1f	10000	7ffc7e35d2a0	2aad	5cd689410530	5cd6956c9340	5cd689150520	b0000	b0000	10000	3013
26.928871	7600e	47	4c22	6	385aac	5cd6893c5a60	b	10000	7ffc7e35d2a0	2aad	5cd689410530	5cd6956c9340	5cd6885d0520	390000	390000	10000	3560
26.941054	75faf	5cd6922bae10	4c22	11	880b05	5cd6893c5a60	2195	10000	7ffc7e35d2a0	2aad	5cd689410530	5cd6956c9340	5cd687250520	870000	870000	10000	32a2
26.947361	76060	5cd6893d0520	81bc	11	adf6a4	5cd6893c5a60	2aad	10000	7ffc7e35d2a0	2aad	5cd689410530	5cd6956c9340	5cd686950520	ab0000	81b8	10000	0
26.954387	76060	5cd6893d0520	1dd0	11	d7eb95	5cd6893c5a60	2aad	10000	7ffc7e35d2a0	2aad	5cd689410530	5cd6956c9340	5cd685e90520	d60000	1dcc	10000	0
26.962625	76011	25	4c22	5	10a9a06	5cd6893c5a60	6	10000	7ffc7e35d2a0	2aad	5cd689410530	5cd6956c9340	5cd685150520	10b0000	10b0000	10000	49aa
26.969807	75fed	25	4c22	5	136bb9f	5cd6893c5a60	6	10000	7ffc7e35d2a0	2aad	fffffffff07c0128	5cd6956c9340	5cd684650520	1370000	1370000	10000	335d
26.983527	1cb9fe75db8a	5cd6893e6cdc	59ef	be18	167bc	5cd6893daec4	5cd6893f1680	59ef	7ffc7e35d298	5cd6893e6cdc	5cd689410530	5cd6956c9340	5cd688d50520	1c0000	1c0000	10000	ce3
26.989000	75fed	b467	4c22	f	3b280a	5cd6893c5a60	95d	10000	7ffc7e35d2a0	2aad	5cd689410530	5cd6956c9340	5cd688510520	3c0000	3c0000	10000	4d8
27.003274	7600e	8ca7	4c22	f	87317f	5cd6893c5a60	783	10000	7ffc7e35d2a0	2aad	5cd689410530	5cd6956c9340	5cd687210520	880000	880000	10000	406f
27.013698	7600e	14b	4c22	8	c5c25a	5cd6893c5a60	27	10000	7ffc7e35d2a0	2aad	5cd689410530	5cd6956c9340	5cd686290520	c60000	c60000	10000	14bf
27.027484	7600e	25	4c22	5	11c0fb4	5cd6893c5a60	6	10000	7ffc7e35d2a0	2aad	5cd689410530	5cd6956c9340	5cd684cd0520	11d0000	11d0000	10000	3447
27.033340	75fed	1af	4c22	8	142f3cc	5cd6893c5a60	2f	10000	7ffc7e35d2a0	2aad	5cd689410530	5cd6956c9340	5cd684350520	1430000	1430000	10000	251b
27.043763	7600e	6e33	4c22	e	14f6ee	5cd6893c5a60	5f1	10000	7ffc7e35d2a0	2aad	5cd689410530	5cd6956c9340	5cd688ed0520	150000	150000	10000	637
27.056384	7600e	3121	4c22	d	67c291	5cd6893c5a60	2d6	10000	7ffc7e35d2a0	2aad	5cd689410530	5cd6956c9340	5cd687a10520	680000	680000	10000	487a
27.063866	75fed	b3	4c22	7	9626ec	5cd6893c5a60	14	10000	7ffc7e35d2a0	2aad	5cd689410530	5cd6956c9340	5cd686e50520	970000	970000	10000	1a5
27.077340	75fe9	a39	4c22	b	ea3eb2	5cd6893c5a60	c5	10000	7ffc7e35d2a0	2aad	5cd689410530	5cd6956c9340	5cd685950520	eb0000	eb0000	10000	51b5
27.089728	7600e	4a3	4c22	a	1341998	5cd6893c5a60	68	10000	7ffc7e35d2a0	2aad	5cd689410530	5cd6956c9340	5cd6846d0520	1350000	1350000	10000	17c3
27.101901	76073	5cd6893d0520	9a90	11	12ab91	5cd6893c5a60	2aad	10000	7ffc7e35d2a0	2aad	5cd689410530	5cd6956c9340	5cd689050520	f0000	9a8c	10000	0
27.116751	7600e	db25	4c22	f	6df3ac	5cd6893c5a60	b3b	10000	7ffc7e35d2a0	2aad	5cd689410530	5cd6956c9340	5cd687890520	6e0000	6e0000	10000	4159
27.123811	75fe9	125	4c22	8	97b51e	5cd6893c5a60	23	10000	7ffc7e35d2a0	2aad	5cd689410530	5cd6956c9340	5cd686e10520	980000	980000	10000	f72
27.132720	1cb9fe75db8a	5cd6893d0520	151d	bda8	11348	5cd698c113c4	5cd6893d5ac0	44d2	7ffc7e35d298	5cd6893d0520	5cd689410530	5cd6956c9340	5cd686050520	d00000	d00000	10000	44d2
27.144572	76060	5cd6893d0520	4f1c	11	11dab03	5cd6893c5a60	2aad	10000	7ffc7e35d2a0	2aad	5cd689410530	5cd6956c9340	5cd684cd0520	11d0000	4f18	10000	0
27.152230	7600e	342d9	4c22	11	14d094b	5cd6893c5a60	24de	10000	7ffc7e35d2a0	2aad	5cd689410530	5cd6956c9340	5cd684090520	14e0000	14e0000	10000	90c
27.157658	77251	2	5	ff	6	5cd68a4a3258	ff	5cd69ef588c0	7ffc7e35d2a0	5cd6898c1750	5cd68a4a3258	6	22a5	5cd68bf9bb90	5	69	5cd68bf9bb98
27.170270	76060	5cd6893d0520	7894	11	4ca4cd	5cd6893c5a60	2aad	10000	7ffc7e35d2a0	2aad	5cd689410530	5cd6956c9340	5cd688110520	4c0000	7890	10000	0
27.181702	75fad	5cd6922bae10	4c22	11	971e45	5cd6893c5a60	292e	10000	7ffc7e35d2a0	2aad	5cd689410530	5cd6956c9340	5cd686f10520	940000	940000	10000	322d
27.191579	7600e	35	4c22	5	cf32ce	5cd6893c5a60	8	10000	7ffc7e35d2a0	2aad	5cd689410530	5cd6956c9340	5cd686010520	d00000	d00000	10000	44d2
27.204594	75fed	2b849	4c22	11	1189e85	5cd6893c5a60	1f72	10000	7ffc7e35d2a0	2aad	5cd689410530	5cd6956c9340	5cd684dd0520	1190000	1190000	10000	5702
27.219552	76011	359	4c22	9	16708c3	5cd6893c5a60	51	10000	7ffc7e35d2a0	2aad	5cd689410530	5cd6956c9340	5cd683a10520	1680000	1680000	10000	822
27.230561	7600e	21e2d	4c22	11	37b0ee	5cd6893c5a60	192c	10000	7ffc7e35d2a0	2aad	5cd689410530	5cd6956c9340	5cd688610520	380000	380000	10000	2793
27.241538	7600e	115	4c22	8	759f95	5cd6893c5a60	21	10000	7ffc7e35d2a0	2aad	5cd689410530	5cd6956c9340	5cd687690520	760000	760000	10000	55d2
27.255558	75fed	32b69	4c22	11	cbb7a1	5cd6893c5a60	2410	10000	7ffc7e35d2a0	2aad	5cd689410530	5cd6956c9340	5cd686110520	cc0000	cc0000	10000	d9e
27.267876	7600e	233	4c22	9	1155dc4	5cd6893c5a60	3a	10000	7ffc7e35d2a0	2aad	5cd689410530	5cd6956c9340	5cd684e90520	1160000	1160000	10000	2d9b
27.280247	75fed	f17	4c22	b	15aaf80	5cd6893c5a60	109	10000	7ffc7e35d2a0	2aad	5cd689410530	5cd6956c9340	5cd683d50520	15b0000	15b0000	10000	897
27.287016	7600e	c5	4c22	7	1009a0	5cd6893c5a60	17	10000	7ffc7e35d2a0	2aad	5cd689410530	5cd6956c9340	5cd688fd0520	110000	110000	10000	28f2
27.299496	75fa3	218b1	4c22	11	559f06	5cd6893c5a60	18f2	10000	7ffc7e35d2a0	2aad	5cd689410530	5cd6956c9340	5cd687f10520	540000	540000	10000	4243
27.305519	75faf	5cd6922bae10	4c22	11	7b3806	5cd6893c5a60	1e2b	10000	7ffc7e35d2a0	2aad	5cd689410530	5cd6956c9340	5cd687550520	7b0000	7b0000	10000	40e4
27.310708	7600e	191	4c22	8	99d4fd	5cd6893c5a60	2d	10000	7ffc7e35d2a0	2aad	5cd689410530	5cd6956c9340	5cd686d90520	9a0000	9a0000	10000	2b0c
27.319935	76001	1d429	4c22	10	d05299	5cd6893c5a60	15f2	10000	7ffc7e35d2a0	2aad	5cd689410530	5cd6956c9340	5cd686010520	d00000	d00000	10000	44d2
27.331354	75fd5	1b635	4c22	10	11724e7	5cd6893c5a60	14b8	10000	7ffc7e35d2a0	2aad	5cd689410530	5cd6956c9340	5cd684e50520	1170000	1170000	10000	3b68
27.338359	75fed	3d	4c22	5	1416c9f	5cd6893c5a60	9	10000	7ffc7e35d2a0	2aad	5cd689410530	5cd6956c9340	5cd684390520	1420000	1420000	10000	174e
27.350559	7600e	101	4c22	8	1c58b4	5cd6893c5a60	1e	10000	7ffc7e35d2a0	2aad	5cd689410530	5cd6956c9340	5cd688cd0520	1d0000	1d0000	10000	1ab0
27.360425	75fed	1680d	4c22	10	567085	5cd6893c5a60	1171	10000	7ffc7e35d2a0	2aad	5cd689410530	5cd6956c9340	5cd687e50520	570000	570000	10000	11bb
27.372266	75fed	3a1	4c22	9	99f426	5cd6893c5a60	55	10000	7ffc7e35d2a0	2aad	5cd689410530	5cd6956c9340	5cd686d90520	9a0000	9a0000	10000	2b0c
27.379895	75fad	5cd6922bae10	4c22	11	c2779b	5cd6893c5a60	1ea6	10000	7ffc7e35d2a0	2aad	5cd689410530	5cd6956c9340	5cd686390520	c20000	c20000	10000	377a
27.387668	75fed	115	4c22	8	ee88de	5cd6893c5a60	21	10000	7ffc7e35d2a0	2aad	5cd689410530	5cd6956c9340	5cd685850520	ef0000	ef0000	10000	2efa
27.401145	75fd5	39faf	4c22	11	13a1e74	5cd6893c5a60	28b8	10000	7ffc7e35d2a0	2aad	5cd689410530	5cd6956c9340	5cd6845d0520	1390000	1390000	10000	4ef7
27.409410	7600e	b5	4c22	7	16bb6af	5cd6893c5a60	15	10000	7ffc7e35d2a0	2aad	5cd689410530	5cd6956c9340	5cd683910520	16c0000	16c0000	10000	3f56
27.421618	75fd5	337ff	4c22	11	49ea74	5cd6893c5a60	2484	10000	7ffc7e35d2a0	2aad	5cd689410530	5cd6956c9340	5cd6881d0520	490000	490000	10000	463
27.430793	75fed	33485	4c22	11	8108e4	5cd6893c5a60	2464	10000	7ffc7e35d2a0	2aad	5cd689410530	5cd6956c9340	5cd687390520	820000	820000	10000	4790
27.443302	7600e	e17	4c22	b	c4dcc7	5cd6893c5a60	fe	10000	7ffc7e35d2a0	2aad	5cd689410530	5cd6956c9340	5cd6862d0520	c50000	c50000	10000	6f2
27.456230	7600e	3219b	4c22	11	1130272	5cd6893c5a60	23a2	10000	7ffc7e35d2a0	2aad	5cd689410530	5cd6956c9340	5cd684f10520	1140000	1140000	10000	1201
27.465102	7600e	b5	4c22	7	14de730	5cd6893c5a60	15	10000	7ffc7e35d2a0	2aad	5cd689410530	5cd6956c9340	5cd684090520	14e0000	14e0000	10000	90c
27.476913	7600e	1a9a1	4c22	10	2398e7	5cd6893c5a60	1443	10000	7ffc7e35d2a0	2aad	5cd689410530	5cd6956c9340	5cd688b10520	240000	240000	10000	215c
27.490117	75fed	4f	4c22	6	762773	5cd6893c5a60	d	10000	7ffc7e35d2a0	2aad	5cd689410530	5cd6956c9340	5cd687650520	770000	770000	10000	9b0
27.497515	7be05	5cd68eb5bf00	8000	f	5cd692b9ce3c	5cd65e4ec938	7ffc7e35d168	0	7ffc7e35d160	50d	c	3c	c9452bc815867652	5cd692b9ce40	0	3c	5cd692b9cf00
27.509181	7604c	2080	207c	11	eb7f74	5cd6893c5a60	2aad	10000	7ffc7e35d2a0	2aad	5cd689410530	5cd6956c9340	5cd685950520	eb0000	2078	10000	0
27.515451	75fed	1a1b9	4c22	10	112ecd0	5cd6893c5a60	13ee	10000	7ffc7e35d2a0	2aad	5cd689410530	5cd6956c9340	5cd684f50520	1130000	1130000	10000	434
27.524401	75fed	25	4c22	5	14c5c9a	5cd6893c5a60	6	10000	7ffc7e35d2a0	2aad	5cd689410530	5cd6956c9340	5cd6840d0520	14d0000	14d0000	10000	552e
27.534439	76073	5cd6893d0520	2c44	11	f07e6	5cd6893c5a60	2aad	10000	7ffc7e35d2a0	2aad	5cd689410530	5cd6956c9340	5cd689090520	e0000	2c40	10000	0
27.547190	7600a	35d9d	4c22	11	5dbf6c	5cd6893c5a60	2601	10000	7ffc7e35d2a0	2aad	5cd689410530	5cd6956c9340	5cd687c90520	5e0000	5e0000	10000	1867
27.552874	75fed	71db	4c22	e	7ffdb3	5cd6893c5a60	626	10000	7ffc7e35d2a0	2aad	5cd689410530	5cd6956c9340	5cd687410520	800000	800000	10000	2bf6
27.564082	75fed	c1	4c22	7	c621ab	5cd6893c5a60	16	10000	7ffc7e35d2a0	2aad	5cd689410530	5cd6956c9340	5cd686250520	c70000	c70000	10000	228c
27.576729	7600e	a561	4c22	f	11306e0	5cd6893c5a60	8a6	10000	7ffc7e35d2a0	2aad	5cd689410530	5cd6956c9340	5cd684f10520	1140000	1140000	10000	1201
27.585620	7600a	332f	4c22	d	14ba59e	5cd6893c5a60	2f8	10000	7ffc7e35d2a0	2aad	5cd689410530	5cd6956c9340	5cd684110520	14c0000	14c0000	10000	4761
27.597310	1cb9fe75db8a	5cd6893fd498	4c22	54a0	13088	5cd6893de108	5cd68940b080	b3de	7ffc7e35d298	5cd6893fd498	5cd689410530	5cd6956c9340	5cd688e90520	170000	170000	10000	21d1
27.609751	75fed	648d	4c22	e	6243c0	5cd6893c5a60	57d	10000	7ffc7e35d2a0	2aad	5cd689410530	5cd6956c9340	5cd687b50520	630000	630000	10000	379
27.619719	75f95	23a8f	4c22	11	9fddd0	5cd6893c5a60	1a60	10000	7ffc7e35d2a0	2aad	5cd689410530	5cd6956c9340	5cd686c50520	9f0000	9f0000	10000	161e
27.630962	75fed	33305	4c22	11	e5e462	5cd6893c5a60	2456	10000	7ffc7e35d2a0	2aad	5cd689410530	5cd6956c9340	5cd685a90520	e60000	e60000	10000	cb4
27.643439	77251	1	6	5cd68bc8ced8	6	5cd68bc8ced8	1	5cd69f64e900	7ffc7e35d2a0	5cd68b3b7050	5cd68bc8ced8	a	22a4	5cd69a066e70	a	68	5cd69a066e78
27.658248	75fed	38b8d	4c22	11	e9a62	5cd6893c5a60	27ef	10000	7ffc7e35d2a0	2aad	5cd689410530	5cd6956c9340	5cd689050520	f0000	f0000	10000	d58
27.672707	75fad	5cd6922bae10	4c22	11	6c1aeb	5cd6893c5a60	1f18	10000	7ffc7e35d2a0	2aad	5cd689410530	5cd6956c9340	5cd687950520	6b0000	6b0000	10000	17f2
27.677930	7600e	2d01f	4c22	11	8bed8f	5cd6893c5a60	206e	10000	7ffc7e35d2a0	2aad	5cd689410530	5cd6956c9340	5cd687110520	8c0000	8c0000	10000	1db4
27.693052	75ffd	1b6d1	4c22	10	ec2563	5cd6893c5a60	14bf	10000	7ffc7e35d2a0	2aad	5cd689410530	5cd6956c9340	5cd685910520	ec0000	ec0000	10000	593
27.700260	7600e	4f	4c22	6	1199f93	5cd6893c5a60	d	10000	7ffc7e35d2a0	2aad	5cd689410530	5cd6956c9340	5cd684d90520	11a0000	11a0000	10000	ae0
27.714334	75603	fffffffff4d48e88	1bfb5	1bfb5	ffffffffffffffff	17a73	1516	17337	7ffc7e35d2a0	1bfb5	0	0	d49058d17a6e1dc6	1516	7fffffffffff7206	3e52037809603a0f	2aad
27.727548	75fed	16999	4c22	10	55ec4e	5cd6893c5a60	118a	10000	7ffc7e35d2a0	2aad	5cd689410530	5cd6956c9340	5cd687e90520	560000	560000	10000	3ee
27.738149	75fed	7f	4c22	6	973f6e	5cd6893c5a60	f	10000	7ffc7e35d2a0	2aad	5cd689410530	5cd6956c9340	5cd686e10520	980000	980000	10000	f72
27.748073	76001	34d51	4c22	11	d579ce	5cd6893c5a60	254a	10000	7ffc7e35d2a0	2aad	5cd689410530	5cd6956c9340	5cd685f10520	d40000	d40000	10000	2217
27.759586	1cb9fe660c23	5cd689360010	79905cc1ac80	79905cc1aca8	5cd68dcb6e70	5cd68dcb6	79905cc1ac98	41	7ffc7e35d030	5cd68dece380	5cd68dcb6e80	7	3	ffffffffffffffa0	50	5	30
27.765500	1cb9fe75db8a	5cd6893d0520	1fe6	c7a4	e824	5cd698c109c8	5cd6893d25a0	3a09	7ffc7e35d298	5cd6893d0520	5cd69f7ec260	5cd6893812f0	c9452bc815867652	13e0000	13e0000	10000	3a09
27.774961	75fd1	5cd689385a40	4c22	10	81d8d	5cd6893c5a60	14d3	10000	7ffc7e35d2a0	2aad	5cd689410530	5cd6956c9340	5cd689210520	80000	80000	10000	6ac
27.782264	75fed	c7	4c22	7	34d413	5cd6893c5a60	18	10000	7ffc7e35d2a0	2aad	5cd689410530	5cd6956c9340	5cd6886d0520	350000	350000	10000	581b
27.797430	75ff0	653	4c22	a	88f350	5cd6893c5a60	8d	10000	7ffc7e35d2a0	2aad	5cd689410530	5cd6956c9340	5cd6871d0520	890000	890000	10000	4e3c
27.807489	76066	5cd6893d0520	9ddc	11	c7dfee	5cd6893c5a60	2aad	10000	7ffc7e35d2a0	2aad	5cd689410530	5cd6956c9340	5cd686250520	c70000	9dd8	10000	0
27.816921	1cb9fe75db8a	5cd6893e1118	59ef	25dc	5bc4	5cd698c09f98	5cd6893e4700	42fe	7ffc7e35d298	5cd6893e1118	5cd689410530	5cd6956c9340	5cd685350520	1040000	1040000	10000	42fe
27.828972	75fed	e5	4c22	7	14eda91	5cd6893c5a60	1b	10000	7ffc7e35d2a0	2aad	5cd689410530	5cd6956c9340	5cd684050520	14f0000	14f0000	10000	16d9
27.840541	75fed	1bb	4c22	8	273f8f	5cd6893c5a60	32	10000	7ffc7e35d2a0	2aad	5cd689410530	5cd6956c9340	5cd688a10520	280000	280000	10000	5890
27.854111	76048	1111	c2c8	11	7a85ca	5cd6893c5a60	2aad	10000	7ffc7e35d2a0	2aad	5cd689410530	5cd6956c9340	5cd687590520	7a0000	c2c4	10000	0
27.861413	7600e	c659	4c22	f	a8eaca	5cd6893c5a60	a37	10000	7ffc7e35d2a0	2aad	5cd689410530	5cd6956c9340	5cd6869d0520	a90000	a90000	10000	4631
27.871550	75fed	2b307	4c22	11	e30a60	5cd6893c5a60	1f36	10000	7ffc7e35d2a0	2aad	5cd689410530	5cd6956c9340	5cd685b10520	e40000	e40000	10000	4b09
27.885832	7600e	11b	4c22	8	1316750	5cd6893c5a60	22	10000	7ffc7e35d2a0	2aad	5cd689410530	5cd6956c9340	5cd684790520	1320000	1320000	10000	484b
27.896023	7560c	7af	287f5	287f5	27838	20ed	1d75	3bde	7ffc7e35d2a0	287f5	0	1a920	d49058d17a6e1dc6	1d75	8000000000002622	3967ff78c14cc782	2aad
27.906933	7600e	49	4c22	6	43d5ad	5cd6893c5a60	c	10000	7ffc7e35d2a0	2aad	5cd689410530	5cd6956c9340	5cd688310520	440000	440000	10000	1951
27.917668	76060	5cd6893d0520	7bb4	11	8a8a15	5cd6893c5a60	2aad	10000	7ffc7e35d2a0	2aad	5cd689410530	5cd6956c9340	5cd687210520	880000	7bb0	10000	0
27.929222	75fed	ba55	4c22	f	d0fe16	5cd6893c5a60	9a9	10000	7ffc7e35d2a0	2aad	5cd689410530	5cd6956c9340	5cd685fd0520	d10000	d10000	10000	529f
27.941305	75fed	38927	4c22	11	11d612d	5cd6893c5a60	27d8	10000	7ffc7e35d2a0	2aad	5cd689410530	5cd6956c9340	5cd684c90520	11e0000	11e0000	10000	4214
27.949108	75f99	21b39	4c22	11	14bcfec	5cd6893c5a60	1908	10000	7ffc7e35d2a0	2aad	5cd689410530	5cd6956c9340	5cd684150520	14b0000	14b0000	10000	3994
27.961724	75fed	fa3	4c22	b	25a9c2	5cd6893c5a60	110	10000	7ffc7e35d2a0	2aad	5cd689410530	5cd6956c9340	5cd688a90520	260000	260000	10000	3cf6
27.968789	76066	5cd6893d0520	5b88	11	52558b	5cd6893c5a60	2aad	10000	7ffc7e35d2a0	2aad	5cd689410530	5cd6956c9340	5cd687f90520	520000	5b84	10000	0
27.983515	7600e	2888f	4c22	11	aafc06	5cd6893c5a60	1d7c	10000	7ffc7e35d2a0	2aad	5cd689410530	5cd6956c9340	5cd686950520	ab0000	ab0000	10000	7dc
27.991858	75f95	a8a9	4c22	f	df0ac9	5cd6893c5a60	8d1	10000	7ffc7e35d2a0	2aad	5cd689410530	5cd6956c9340	5cd685c50520	df0000	df0000	10000	608
28.001253	1cb9fe75db8a	5cd6893d0520	4f0f	21e0	2b80	5cd698c1af8c	5cd6893d0ec0	ae0	7ffc7e35d298	5cd6893d0520	5cd689410530	5cd6956c9340	5cd684dd0520	11a0000	11a0000	10000	ae0
28.012345	75fad	5cd6922bae10	4c22	11	16067dd	5cd6893c5a60	1b4a	10000	7ffc7e35d2a0	2aad	5cd689410530	5cd6956c9340	5cd683c10520	1600000	1600000	10000	4d98
28.018153	7600e	1b42b	4c22	10	12186f	5cd6893c5a60	14a2	10000	7ffc7e35d2a0	2aad	5cd689410530	5cd6956c9340	5cd688f50520	130000	130000	10000	448c
28.026064	75fed	922f	4c22	f	41443e	5cd6893c5a60	7ca	10000	7ffc7e35d2a0	2aad	5cd689410530	5cd6956c9340	5cd688390520	420000	420000	10000	57a6
28.039335	7600e	4f	4c22	6	959dbc	5cd6893c5a60	d	10000	7ffc7e35d2a0	2aad	5cd689410530	5cd6956c9340	5cd686e90520	960000	960000	10000	4dc7
28.048708	76066	5cd6893d0520	7520	11	d0f6dd	5cd6893c5a60	2aad	10000	7ffc7e35d2a0	2aad	5cd689410530	5cd6956c9340	5cd686010520	d00000	751c	10000	0
28.058049	7600e	2161d	4c22	11	101568a	5cd6893c5a60	18cf	10000	7ffc7e35d2a0	2aad	5cd689410530	5cd6956c9340	5cd685390520	1020000	1020000	10000	2764
28.064835	75fad	5cd6922bae10	4c22	11	12c16e2	5cd6893c5a60	183e	10000	7ffc7e35d2a0	2aad	5cd689410530	5cd6956c9340	5cd684950520	12b0000	12b0000	10000	419f
28.074818	76001	1bec3	4c22	10	16a49d8	5cd6893c5a60	150c	10000	7ffc7e35d2a0	2aad	5cd689410530	5cd6956c9340	5cd683990520	16a0000	16a0000	10000	23bc
28.084265	75fed	281	4c22	9	25b425	5cd6893c5a60	41	10000	7ffc7e35d2a0	2aad	5cd689410530	5cd68f355fc0	5cd688a90520	260000	260000	10000	3cf6
28.091251	7600e	35ff5	4c22	11	51e89b	5cd6893c5a60	2619	10000	7ffc7e35d2a0	2aad	5cd689410530	5cd68f355fc0	5cd687f90520	520000	520000	10000	26a9
28.102261	1cb9fe75e10a	0	1	7898	5cd69fe11de0	0	5cd69fe15000	7f	7ffc7e35d298	0	5cd69fe11de0	5cd692b9cdf0	79905cc1ace0	5cd69d2cfdf8	5cd6893d0520	aab4	7f
28.115560	75fe4	6209	4c22	e	e40bbf	5cd6893c5a60	55a	10000	7ffc7e35d2a0	2aad	5cd689410530	5cd68f355fc0	5cd685ad0520	e50000	e50000	10000	58d6
28.121204	75fed	18c65	4c22	10	10737fd	5cd6893c5a60	12fb	10000	7ffc7e35d2a0	2aad	5cd689410530	5cd68f355fc0	5cd685210520	1080000	1080000	10000	2043
28.127408	7600e	a3db	4c22	f	12dc271	5cd6893c5a60	894	10000	7ffc7e35d2a0	2aad	5cd689410530	5cd68f355fc0	5cd684890520	12e0000	12e0000	10000	1117
28.140392	75ffd	133d9	4c22	10	214e7	5cd6893c5a60	f3d	10000	7ffc7e35d2a0	2aad	5cd689410530	5cd68f355fc0	5cd689390520	20000	20000	10000	dcd
28.149699	7600e	3baaf	4c22	11	3a5a2a	5cd6893c5a60	29c4	10000	7ffc7e35d2a0	2aad	5cd689410530	5cd68f355fc0	5cd688550520	3b0000	3b0000	10000	50fa
28.162285	7763b	5cd69fead950	d	c0	79905cc1ac80	0	7	0	7ffc7e35d2a0	5cd69fead950	5cd69fead950	5cd69feb2b10	c9452bc815867652	5cd69ff28fb8	2e5	5cd69ff32ed4	2e6
28.172499	75fed	42b5	4c22	e	c8fe13	5cd6893c5a60	3cc	10000	7ffc7e35d2a0	2aad	5cd689410530	5cd68f355fc0	5cd6861d0520	c90000	c90000	10000	3e26
28.180909	75fed	43	4c22	6	fc01de	5cd6893c5a60	a	10000	7ffc7e35d2a0	2aad	5cd689410530	5cd68f355fc0	5cd6854d0520	fd0000	fd0000	10000	3c52
28.190704	75fed	e17	4c22	b	138a413	5cd6893c5a60	fe	10000	7ffc7e35d2a0	2aad	5cd689410530	5cd68f355fc0	5cd6845d0520	1390000	1390000	10000	4ef7
28.203448	75fed	38d05	4c22	11	12ec17	5cd6893c5a60	27fb	10000	7ffc7e35d2a0	2aad	5cd689410530	5cd68f355fc0	5cd688f50520	130000	130000	10000	448c
28.216389	75fed	27683	4c22	11	644949	5cd6893c5a60	1cb9	10000	7ffc7e35d2a0	2aad	5cd689410530	5cd68f355fc0	5cd687ad0520	650000	650000	10000	1f13
28.229976	7600e	3295d	4c22	11	b89fd7	5cd6893c5a60	23f4	10000	7ffc7e35d2a0	2aad	5cd689410530	5cd68f355fc0	5cd6865d0520	b90000	b90000	10000	1534
28.239105	75fed	2ec3	4c22	d	f41973	5cd6893c5a60	2ae	10000	7ffc7e35d2a0	2aad	5cd689410530	5cd68f355fc0	5cd6856d0520	f50000	f50000	10000	27d9
28.244775	75fed	399f5	4c22	11	118bb5b	5cd6893c5a60	287b	10000	7ffc7e35d2a0	2aad	5cd689410530	5cd68f355fc0	5cd684dd0520	1190000	1190000	10000	5702
28.256797	1cb9fe75db8a	5cd6893d25a8	59ef	2a5c	14734	5cd698c18688	5cd6893e4280	822	7ffc7e35d298	5cd6893d25a8	5cd68a413c00	e	c9452bc815867652	1680000	1680000	10000	822
28.270651	75f9c	cc89	4c22	f	4bc246	5cd6893c5a60	a82	10000	7ffc7e35d2a0	2aad	5cd689410530	5cd68f355fc0	5cd688150520	4b0000	4b0000	10000	1ffd
28.278716	7600e	269	4c22	9	7b7fa1	5cd6893c5a60	40	10000	7ffc7e35d2a0	2aad	5cd689410530	5cd68f355fc0	5cd687510520	7c0000	7c0000	10000	4eb1
28.292697	75ff0	49	4c22	6	d3985f	5cd6893c5a60	c	10000	7ffc7e35d2a0	2aad	5cd689410530	5cd68f355fc0	5cd685f10520	d40000	d40000	10000	2217
28.301648	1cb9fe75db8a	5cd6893fd498	4c22	10220	13088	5cd6893d3388	5cd689400300	b3de	7ffc7e35d298	5cd6893fd498	5cd689410530	5cd68f355fc0	5cd6850d0520	10e0000	10e0000	10000	1922
28.312922	75f99	18013	4c22	10	15524f7	5cd6893c5a60	1277	10000	7ffc7e35d2a0	2aad	5cd689410530	5cd68f355fc0	5cd683f10520	1540000	1540000	10000	1eb
28.327920	75fed	b3	4c22	7	3e8a9d	5cd6893c5a60	14	10000	7ffc7e35d2a0	2aad	5cd689410530	5cd68f355fc0	5cd688450520	3f0000	3f0000	10000	2e3f
28.343002	75fed	25	4c22	5	9fadc8	5cd6893c5a60	6	10000	7ffc7e35d2a0	2aad	5cd689410530	5cd68f355fc0	5cd686c10520	a00000	a00000	10000	23eb
28.357143	76073	5cd6893d0520	3af8	11	f7479a	5cd6893c5a60	2aad	10000	7ffc7e35d2a0	2aad	5cd689410530	5cd68f355fc0	5cd685690520	f60000	3af4	10000	0
28.372145	75fed	26303	4c22	11	146f809	5cd6893c5a60	1bf7	10000	7ffc7e35d2a0	2aad	5cd689410530	5cd68f355fc0	5cd684250520	1470000	1470000	10000	260
28.384639	774cb	5cd698445d00	13	2	a	1	5cd698446008	22a5	7ffc7e35d2a0	2	5cd698445f48	15	5cd689b5a6a0	13	a	0	5cd6a02154a0
28.399726	7600e	3aadb	4c22	11	79e725	5cd6893c5a60	292c	10000	7ffc7e35d2a0	2aad	5cd689410530	5cd68f355fc0	5cd687590520	7a0000	7a0000	10000	3317
28.411579	76001	23081	4c22	11	c53f11	5cd6893c5a60	19f7	10000	7ffc7e35d2a0	2aad	5cd689410530	5cd68f355fc0	5cd6862d0520	c50000	c50000	10000	6f2
28.423994	75fed	15799	4c22	10	104c641	5cd6893c5a60	10bb	10000	7ffc7e35d2a0	2aad	5cd689410530	5cd68f355fc0	5cd6852d0520	1050000	1050000	10000	50cb
28.434020	75fed	1b7	4c22	8	145cbf8	5cd6893c5a60	31	10000	7ffc7e35d2a0	2aad	5cd689410530	5cd68f355fc0	5cd684290520	1460000	1460000	10000	4e82
28.442030	75ff5	15f85	4c22	10	30062	5cd6893c5a60	1118	10000	7ffc7e35d2a0	2aad	5cd689410530	5cd68f355fc0	5cd689350520	30000	30000	10000	1b9a
28.451302	75fed	b3ed	4c22	f	3b199b	5cd6893c5a60	957	10000	7ffc7e35d2a0	2aad	5cd689410530	5cd68f355fc0	5cd688510520	3c0000	3c0000	10000	4d8
28.463225	75fed	47f	4c22	a	84293a	5cd6893c5a60	65	10000	7ffc7e35d2a0	2aad	5cd689410530	5cd68f355fc0	5cd6872d0520	850000	850000	10000	1708
28.477029	7600e	26e4f	4c22	11	d5bfcb	5cd6893c5a60	1c5f	10000	7ffc7e35d2a0	2aad	5cd689410530	5cd68f355fc0	5cd685e90520	d60000	d60000	10000	3db1
28.489843	7600e	c5	4c22	7	123511b	5cd6893c5a60	17	10000	7ffc7e35d2a0	2aad	5cd689410530	5cd68f355fc0	5cd684b10520	1240000	1240000	10000	3af3
28.503035	7600e	35	4c22	5	137be	5cd6893c5a60	8	10000	7ffc7e35d2a0	2aad	5cd689410530	5cd68f355fc0	5cd689390520	20000	20000	10000	dcd
28.508900	7600e	14e3	4c22	c	24d0b6	5cd6893c5a60	154	10000	7ffc7e35d2a0	2aad	5cd689410530	5cd68f355fc0	5cd688ad0520	250000	250000	10000	2f29
28.514513	75f99	26063	4c22	11	482e62	5cd6893c5a60	1be3	10000	7ffc7e35d2a0	2aad	5cd689410530	5cd68f355fc0	5cd688210520	480000	480000	10000	5085
28.520564	75fd5	18afd	4c22	10	6c64a6	5cd6893c5a60	12ea	10000	7ffc7e35d2a0	2aad	5cd689410530	5cd68f355fc0	5cd687910520	6c0000	6c0000	10000	25bf
28.533206	75ff0	18b65	4c22	10	baa55b	5cd6893c5a60	12f0	10000	7ffc7e35d2a0	2aad	5cd689410530	5cd68f355fc0	5cd686590520	ba0000	ba0000	10000	2301
28.545137	75fed	19025	4c22	10	1048cda	5cd6893c5a60	1329	10000	7ffc7e35d2a0	2aad	5cd689410530	5cd68f355fc0	5cd6852d0520	1050000	1050000	10000	50cb
28.558394	7600a	3833	4c22	d	1587008	5cd6893c5a60	334	10000	7ffc7e35d2a0	2aad	5cd689410530	5cd68f355fc0	5cd683dd0520	1590000	1590000	10000	46ec
28.565885	7604c	34a0	349c	11	164a21	5cd6893c5a60	2aad	10000	7ffc7e35d2a0	2aad	5cd689410530	5cd68f355fc0	5cd688e90520	160000	3498	10000	0
28.580967	75fed	755	4c22	a	6585db	5cd6893c5a60	9c	10000	7ffc7e35d2a0	2aad	5cd689410530	5cd68f355fc0	5cd687a90520	660000	660000	10000	2ce0
28.594818	75f95	12125	4c22	10	af2fcf	5cd6893c5a60	e4c	10000	7ffc7e35d2a0	2aad	5cd689410530	5cd68f355fc0	5cd686850520	af0000	af0000	10000	3f10
28.606146	7600e	c5	4c22	7	f0ffaf	5cd6893c5a60	17	10000	7ffc7e35d2a0	2aad	5cd689410530	5cd68f355fc0	5cd6857d0520	f10000	f10000	10000	4a94
28.621302	7600e	240a1	4c22	11	150066c	5cd6893c5a60	1a9a	10000	7ffc7e35d2a0	2aad	5cd689410530	5cd68f355fc0	5cd683fd0520	1510000	1510000	10000	3273
28.634874	7600e	43	4c22	6	3355e0	5cd6893c5a60	a	10000	7ffc7e35d2a0	2aad	5cd689410530	5cd68f355fc0	5cd688710520	340000	340000	10000	4a4e
28.643366	75fad	5cd68c3797b0	4c22	e	695b3a	5cd6893c5a60	518	10000	7ffc7e35d2a0	2aad	5cd689410530	5cd68f355fc0	5cd6879d0520	690000	690000	10000	5647
28.656871	75fed	577	4c22	a	afbf78	5cd6893c5a60	78	10000	7ffc7e35d2a0	2aad	5cd689410530	5cd68f355fc0	5cd686810520	b00000	b00000	10000	4cdd
28.662792	75fed	35	4c22	5	d0381f	5cd6893c5a60	8	10000	7ffc7e35d2a0	2aad	5cd689410530	5cd68f355fc0	5cd685fd0520	d10000	d10000	10000	529f
28.677802	7600e	14c81	4c22	10	12d679f	5cd6893c5a60	1049	10000	7ffc7e35d2a0	2aad	5cd689410530	5cd68f355fc0	5cd684890520	12e0000	12e0000	10000	1117
28.683881	75fad	5cd68c3797b0	4c22	11	155e1ac	5cd6893c5a60	1f28	10000	7ffc7e35d2a0	2aad	5cd689410530	5cd68f355fc0	5cd683f10520	1540000	1540000	10000	1eb
28.693623	75fed	3c7f7	4c22	11	1cd10f	5cd6893c5a60	2a54	10000	7ffc7e35d2a0	2aad	5cd689410530	5cd68f355fc0	5cd688cd0520	1d0000	1d0000	10000	1ab0
28.703515	75ff5	2a17b	4c22	11	5b7ad7	5cd6893c5a60	1e7b	10000	7ffc7e35d2a0	2aad	5cd689410530	5cd68f355fc0	5cd687d50520	5b0000	5b0000	10000	48ef
28.718047	75fed	2e37b	4c22	11	b28de8	5cd6893c5a60	213d	10000	7ffc7e35d2a0	2aad	5cd689410530	5cd68f355fc0	5cd686750520	b30000	b30000	10000	1c55
28.725173	75fd5	22dcf	4c22	11	e11f1a	5cd6893c5a60	19db	10000	7ffc7e35d2a0	2aad	5cd689410530	5cd68f355fc0	5cd685c50520	df0000	df0000	10000	608
28.731556	75fed	8b	4c22	7	1083ffa	5cd6893c5a60	11	10000	7ffc7e35d2a0	2aad	5cd689410530	5cd68f355fc0	5cd6851d0520	1090000	1090000	10000	2e10
28.744290	75ff5	28e11	4c22	11	15a353d	5cd6893c5a60	1db4	10000	7ffc7e35d2a0	2aad	5cd689410530	5cd68f355fc0	5cd683d90520	15a0000	15a0000	10000	54b9
28.758150	7600a	2fa41	4c22	11	41b826	5cd6893c5a60	222a	10000	7ffc7e35d2a0	2aad	5cd689410530	5cd68f355fc0	5cd688390520	420000	420000	10000	57a6
28.768442	76073	5cd6893d0520	df94	11	850c7a	5cd6893c5a60	2aad	10000	7ffc7e35d2a0	2aad	5cd689410530	5cd68f355fc0	5cd687350520	830000	df90	10000	0
28.774501	76066	5cd6893d0520	8208	11	ab30f8	5cd6893c5a60	2aad	10000	7ffc7e35d2a0	2aad	5cd689410530	5cd68f355fc0	5cd6869d0520	a90000	8204	10000	0
28.787239	76060	5cd6893d0520	a0e8	11	fb4a67	5cd6893c5a60	2aad	10000	7ffc7e35d2a0	2aad	5cd689410530	5cd68f355fc0	5cd6855d0520	f90000	a0e4	10000	0
28.795521	75fed	4b1f	4c22	e	12d41bf	5cd6893c5a60	435	10000	7ffc7e35d2a0	2aad	5cd689410530	5cd68f355fc0	5cd684890520	12e0000	12e0000	10000	1117
28.806980	75fed	f17	4c22	b	1eed0	5cd6893c5a60	109	10000	7ffc7e35d2a0	2aad	5cd689410530	5cd68f355fc0	5cd689390520	20000	20000	10000	dcd
28.815023	75fed	599	4c22	a	34c93d	5cd6893c5a60	7c	10000	7ffc7e35d2a0	2aad	5cd689410530	5cd68f355fc0	5cd6886d0520	350000	350000	10000	581b
28.821400	75fed	33e1b	4c22	11	58f8dc	5cd6893c5a60	24b5	10000	7ffc7e35d2a0	2aad	5cd689410530	5cd68f355fc0	5cd687dd0520	590000	590000	10000	2d55
28.827050	75ff5	245c5	4c22	11	7d53b3	5cd6893c5a60	1acf	10000	7ffc7e35d2a0	2aad	5cd689410530	5cd68f355fc0	5cd6874d0520	7d0000	7d0000	10000	28f
28.837428	75fed	7f	4c22	6	bf9093	5cd6893c5a60	f	10000	7ffc7e35d2a0	2aad	5cd689410530	5cd68f355fc0	5cd686410520	c00000	c00000	10000	1be0
28.843585	75fed	a81	4c22	b	e577b2	5cd6893c5a60	c8	10000	7ffc7e35d2a0	2aad	5cd689410530	5cd68f355fc0	5cd685a90520	e60000	e60000	10000	cb4
28.856911	75fe9	171bb	4c22	10	1394b5c	5cd6893c5a60	11e1	10000	7ffc7e35d2a0	2aad	5cd689410530	5cd68f355fc0	5cd684590520	13a0000	13a0000	10000	2d5
28.868104	75fed	d7a1	4c22	f	fe673	5cd6893c5a60	b0a	10000	7ffc7e35d2a0	2aad	5cd689410530	5cd68f355fc0	5cd689010520	100000	100000	10000	1b25
28.875077	76b20	5cd6a09e7fa0	40	b20	5cd3445fb373	5cd689360010	7	5cd6a0958980	7ffc7e35d2a0	5cd6993c3630	5cd6894542c0	5cd69b55fbe0	c9452bc815867652	40	22	5cd6a09582f0	31
28.888765	7600e	31511	4c22	11	90c64e	5cd6893c5a60	232c	10000	7ffc7e35d2a0	2aad	5cd689410530	5cd68f355fc0	5cd686fd0520	910000	910000	10000	8c6
28.903021	7600e	39d43	4c22	11	ea5c99	5cd6893c5a60	2899	10000	7ffc7e35d2a0	2aad	5cd689410530	5cd68f355fc0	5cd685950520	eb0000	eb0000	10000	51b5
28.910320	75fed	ddc5	4c22	f	118fd5f	5cd6893c5a60	b59	10000	7ffc7e35d2a0	2aad	5cd689410530	5cd68f355fc0	5cd684dd0520	1190000	1190000	10000	5702
28.916861	7600e	4555	4c22	e	13fd6a2	5cd6893c5a60	3ee	10000	7ffc7e35d2a0	2aad	5cd689410530	5cd68f355fc0	5cd684410520	1400000	1400000	10000	55a3
28.929178	7600e	701f	4c22	e	15804b	5cd6893c5a60	612	10000	7ffc7e35d2a0	2aad	5cd689410530	5cd68f355fc0	5cd688e90520	160000	160000	10000	1404
28.943989	75fe4	32d3d	4c22	11	753d29	5cd6893c5a60	2422	10000	7ffc7e35d2a0	2aad	5cd689410530	5cd68f355fc0	5cd687710520	740000	740000	10000	3a38
28.958087	76073	5cd6893d0520	28e8	11	cbb598	5cd6893c5a60	2aad	10000	7ffc7e35d2a0	2aad	5cd689410530	5cd68f355fc0	5cd6861d0520	c90000	28e4	10000	0
28.967609	75fd1	5cd689385a40	4c22	11	104ebf2	5cd6893c5a60	1f1d	10000	7ffc7e35d2a0	2aad	5cd689410530	5cd68f355fc0	5cd685310520	1040000	1040000	10000	42fe
28.980185	75f95	e275	4c22	f	15321e3	5cd6893c5a60	b94	10000	7ffc7e35d2a0	2aad	5cd689410530	5cd68f355fc0	5cd683f50520	1530000	1530000	10000	4e0d
28.994274	7600e	23e2d	4c22	11	397ea3	5cd6893c5a60	1a83	10000	7ffc7e35d2a0	2aad	5cd689410530	5cd68f355fc0	5cd688590520	3a0000	3a0000	10000	432d
29.004608	7600e	23c9	4c22	d	7a300e	5cd6893c5a60	21c	10000	7ffc7e35d2a0	2aad	5cd689410530	5cd68f355fc0	5cd687550520	7b0000	7b0000	10000	40e4
29.016184	75f99	a28b	4c22	f	c24180	5cd6893c5a60	880	10000	7ffc7e35d2a0	2aad	5cd689410530	5cd68f355fc0	5cd686390520	c20000	c20000	10000	377a
29.023445	7600e	2bd	4c22	9	ed8d03	5cd6893c5a60	48	10000	7ffc7e35d2a0	2aad	5cd689410530	5cd68f355fc0	5cd685890520	ee0000	ee0000	10000	212d
29.038173	7600e	38b	4c22	9	145894c	5cd6893c5a60	53	10000	7ffc7e35d2a0	2aad	5cd689410530	5cd68f355fc0	5cd684290520	1460000	1460000	10000	4e82
29.045383	7600e	1b7	4c22	8	1c51b	5cd6893c5a60	31	10000	7ffc7e35d2a0	2aad	5cd689410530	5cd68f355fc0	5cd689390520	20000	20000	10000	dcd
29.060199	75fed	17b4f	4c22	10	5f4a20	5cd6893c5a60	1243	10000	7ffc7e35d2a0	2aad	5cd689410530	5cd68f355fc0	5cd687c10520	600000	600000	10000	3401
29.067002	75fed	25	4c22	5	872739	5cd6893c5a60	6	10000	7ffc7e35d2a0	2aad	5cd689410530	5cd68f355fc0	5cd687210520	880000	880000	10000	406f
29.074372	7600e	20d01	4c22	11	b3d054	5cd6893c5a60	186a	10000	7ffc7e35d2a0	2aad	5cd689410530	5cd68f355fc0	5cd686710520	b40000	b40000	10000	2a22
29.083684	75fed	1c8a7	4c22	10	ec23b6	5cd6893c5a60	1570	10000	7ffc7e35d2a0	2aad	5cd689410530	5cd68f355fc0	5cd6858d0520	ed0000	ed0000	10000	1360
29.098151	76073	5cd6893d0520	66b8	11	14b92bf	5cd6893c5a60	2aad	10000	7ffc7e35d2a0	2aad	5cd689410530	5cd68f355fc0	5cd684150520	14b0000	66b4	10000	0
29.111980	76060	5cd6893d0520	2c2c	11	340104	5cd6893c5a60	2aad	10000	7ffc7e35d2a0	2aad	5cd689410530	5cd68f355fc0	5cd6887d0520	310000	2c28	10000	0
29.118959	7600e	2b	4c22	5	5c93f3	5cd6893c5a60	7	10000	7ffc7e35d2a0	2aad	5cd689410530	5cd68f355fc0	5cd687cd0520	5d0000	5d0000	10000	a9a
29.129249	76066	5cd6893d0520	48cc	11	9ecd98	5cd6893c5a60	2aad	10000	7ffc7e35d2a0	2aad	5cd689410530	5cd68f355fc0	5cd686d10520	9c0000	48c8	10000	0
29.141523	75fed	3d	4c22	5	ebb6db	5cd6893c5a60	9	10000	7ffc7e35d2a0	2aad	5cd689410530	5cd68f355fc0	5cd685910520	ec0000	ec0000	10000	593
29.153528	75f99	32bfd	4c22	11	13a6b70	5cd6893c5a60	2416	10000	7ffc7e35d2a0	2aad	5cd689410530	5cd68f355fc0	5cd684610520	1380000	1380000	10000	412a
29.165885	7600e	7f	4c22	6	14a02e	5cd6893c5a60	f	10000	7ffc7e35d2a0	2aad	5cd689410530	5cd68f355fc0	5cd688ed0520	150000	150000	10000	637
29.174231	75fed	18b9f	4c22	10	49fe27	5cd6893c5a60	12f3	10000	7ffc7e35d2a0	2aad	5cd689410530	5cd68f355fc0	5cd688190520	4a0000	4a0000	10000	1230
29.186747	7600e	32503	4c22	11	9760ae	5cd6893c5a60	23c5	10000	7ffc7e35d2a0	2aad	5cd689410530	5cd68f355fc0	5cd686e10520	980000	980000	10000	f72
29.200803	7600e	3cd27	4c22	11	edefd4	5cd6893c5a60	2a8d	10000	7ffc7e35d2a0	2aad	5cd689410530	5cd68f355fc0	5cd685890520	ee0000	ee0000	10000	212d
29.215830	75fed	9f05	4c22	f	14b4510	5cd6893c5a60	85c	10000	7ffc7e35d2a0	2aad	5cd689410530	5cd68f355fc0	5cd684110520	14c0000	14c0000	10000	4761
29.222418	7600e	a3	4c22	7	29745	5cd6893c5a60	12	10000	7ffc7e35d2a0	2aad	5cd689410530	5cd68f355fc0	5cd689350520	30000	30000	10000	1b9a
29.231044	7600e	491f	4c22	e	3a6edc	5cd6893c5a60	420	10000	7ffc7e35d2a0	2aad	5cd689410530	5cd68f355fc0	5cd688550520	3b0000	3b0000	10000	50fa
29.244075	7600e	3307d	4c22	11	8c313e	5cd6893c5a60	243e	10000	7ffc7e35d2a0	2aad	5cd689410530	5cd68f355fc0	5cd6870d0520	8d0000	8d0000	10000	2b81
29.250393	75fad	5cd68c3797b0	4c22	11	b6d5c2	5cd6893c5a60	24ab	10000	7ffc7e35d2a0	2aad	5cd689410530	5cd68f355fc0	5cd686710520	b40000	b40000	10000	2a22
29.261239	75fed	4f	4c22	6	f9daa6	5cd6893c5a60	d	10000	7ffc7e35d2a0	2aad	5cd689410530	5cd68f355fc0	5cd685590520	fa0000	fa0000	10000	12eb
29.270332	75fed	623	4c22	a	13059f0	5cd6893c5a60	87	10000	7ffc7e35d2a0	2aad	5cd689410530	5cd68f355fc0	5cd6847d0520	1310000	1310000	10000	3a7e
29.285326	75fed	511	4c22	a	1e5966	5cd6893c5a60	71	10000	7ffc7e35d2a0	2aad	5cd689410530	5cd68f355fc0	5cd688c50520	1f0000	1f0000	10000	364a
29.291786	7600a	3d	4c22	5	47f546	5cd6893c5a60	9	10000	7ffc7e35d2a0	2aad	5cd689410530	5cd68f355fc0	5cd688210520	480000	480000	10000	5085
29.304464	7600e	156d7	4c22	10	9abdce	5cd6893c5a60	10b4	10000	7ffc7e35d2a0	2aad	5cd689410530	5cd68f355fc0	5cd686d50520	9b0000	9b0000	10000	38d9
29.314475	76001	22159	4c22	11	d908ee	5cd6893c5a60	1951	10000	7ffc7e35d2a0	2aad	5cd689410530	5cd68f355fc0	5cd685e10520	d80000	d80000	10000	594b
29.322284	75fb7	2aad	4c22	e	1092bd9	5cd6893c5a60	46d	10000	7ffc7e35d2a0	2aad	5cd689410530	5cd68f355fc0	5cd6851d0520	1090000	1090000	10000	2e10
29.335084	75fed	3738d	4c22	11	158bfb0	5cd6893c5a60	26ea	10000	7ffc7e35d2a0	2aad	5cd689410530	5cd68f355fc0	5cd683dd0520	1590000	1590000	10000	46ec
29.343937	75fed	1b1	4c22	8	1cad7f	5cd6893c5a60	30	10000	7ffc7e35d2a0	2aad	5cd689410530	5cd68f355fc0	5cd688cd0520	1d0000	1d0000	10000	1ab0
29.359069	75f95	2cf	4c22	9	7d0014	5cd6893c5a60	49	10000	7ffc7e35d2a0	2aad	5cd689410530	5cd68f355fc0	5cd6874d0520	7d0000	7d0000	10000	28f
29.370201	1cb9fe75db8a	5cd6893e6cdc	59ef	6d18	167bc	5cd6893dffc4	5cd6893f6780	59ef	7ffc7e35d298	5cd6893e6cdc	fffffffff07db08c	5cd68f355fc0	5cd686390520	c30000	c30000	10000	4547
29.377824	76060	5cd6893d0520	b120	5cd69d2cfdf0	efc71e	5cd6893c5a60	2aad	0	7ffc7e35d2a0	2aad	5cd689410530	5cd68f355fc0	5cd685890520	ee0000	b11c	10000	1
29.392606	75fed	33e15	4c22	11	14581ff	5cd6893c5a60	24b4	10000	7ffc7e35d2a0	2aad	5cd689410530	5cd68f355fc0	5cd684290520	1460000	1460000	10000	4e82
29.401242	76066	5cd6893d0520	1ca4	11	982eb	5cd6893c5a60	2aad	10000	7ffc7e35d2a0	2aad	5cd689410530	5cd68f355fc0	5cd689290520	60000	1ca0	10000	0
29.406601	7600e	6f1	4c22	a	240496	5cd6893c5a60	97	10000	7ffc7e35d2a0	2aad	5cd689410530	5cd68f355fc0	5cd688ad0520	250000	250000	10000	2f29
29.421247	7600e	8b	4c22	7	7ad71d	5cd6893c5a60	11	10000	7ffc7e35d2a0	2aad	5cd689410530	5cd68f355fc0	5cd687550520	7b0000	7b0000	10000	40e4
29.428264	7600e	17b	4c22	8	a5e456	5cd6893c5a60	2b	10000	7ffc7e35d2a0	2aad	5cd689410530	5cd68f355fc0	5cd686a90520	a60000	a60000	10000	1cca
29.437487	75fad	5cd68c3797b0	4c22	11	dc7e85	5cd6893c5a60	264d	10000	7ffc7e35d2a0	2aad	5cd689410530	5cd68f355fc0	5cd685d10520	dc0000	dc0000	10000	3690
29.449509	7600e	a3	4c22	7	1260639	5cd6893c5a60	12	10000	7ffc7e35d2a0	2aad	5cd689410530	5cd68f355fc0	5cd684a50520	1270000	1270000	10000	a6b
29.455566	75fed	20659	4c22	11	1476fad	5cd6893c5a60	1816	10000	7ffc7e35d2a0	2aad	5cd689410530	5cd68f355fc0	5cd684210520	1480000	1480000	10000	102d
29.468428	75fed	7f	4c22	6	269792	5cd6893c5a60	f	10000	7ffc7e35d2a0	2aad	5cd689410530	5cd68f355fc0	5cd688a50520	270000	270000	10000	4ac3
29.475833	7600e	925	4c22	b	533963	5cd6893c5a60	b5	10000	7ffc7e35d2a0	2aad	5cd689410530	5cd68f355fc0	5cd687f10520	540000	540000	10000	4243
29.488088	76060	5cd6893d0520	fec	11	9d237f	5cd6893c5a60	2aad	10000	7ffc7e35d2a0	2aad	5cd689410530	5cd68f355fc0	5cd686cd0520	9d0000	fe8	10000	0
29.493917	75fed	6c5	4c22	a	c01d19	5cd6893c5a60	93	10000	7ffc7e35d2a0	2aad	5cd689410530	5cd68f355fc0	5cd6863d0520	c10000	c10000	10000	29ad
29.503274	75fed	22733	4c22	11	fac133	5cd6893c5a60	198e	10000	7ffc7e35d2a0	2aad	5cd689410530	5cd68f355fc0	5cd685550520	fb0000	fb0000	10000	20b8
29.509152	76077	ffff	44cc	11	122a338	5cd6893c5a60	2aad	10000	7ffc7e35d2a0	2aad	5cd689410530	5cd68f355fc0	5cd684c50520	11f0000	44c8	10000	0
29.521111	772b6	0	1	5cd69f390290	2	5cd69f390248	68	5cd6a12e21d0	7ffc7e35d2a0	5cd69d53fe50	68	0	22a4	5cd69f390210	5	69	5cd69f390218
29.528560	7600e	3bf95	4c22	11	217372	5cd6893c5a60	29fa	10000	7ffc7e35d2a0	2aad	5cd689410530	5cd68f355fc0	5cd688b90520	220000	220000	10000	5c2
29.538450	7600a	1165f	4c22	10	563470	5cd6893c5a60	dd4	10000	7ffc7e35d2a0	2aad	5cd689410530	5cd68f355fc0	5cd687e50520	570000	570000	10000	11bb
29.544967	75fed	11b31	4c22	10	77aa64	5cd6893c5a60	e0b	10000	7ffc7e35d2a0	2aad	5cd689410530	5cd68f355fc0	5cd687610520	780000	780000	10000	177d
29.551939	76073	5cd6893d0520	b3f0	11	a0dba8	5cd6893c5a60	2aad	10000	7ffc7e35d2a0	2aad	5cd689410530	5cd68f355fc0	5cd686c90520	9e0000	b3ec	10000	0
29.563302	75fa3	af4f	4c22	f	e660a6	5cd6893c5a60	920	10000	7ffc7e35d2a0	2aad	5cd689410530	5cd68f355fc0	5cd685a90520	e60000	e60000	10000	cb4
29.576560	75fa8	5cd68c3797b0	4c22	10	13856a2	5cd6893c5a60	1231	10000	7ffc7e35d2a0	2aad	5cd689410530	5cd68f355fc0	5cd684650520	1370000	1370000	10000	335d
29.589052	75f95	1f9b5	4c22	10	a74ed	5cd6893c5a60	1793	10000	7ffc7e35d2a0	2aad	5cd689410530	5cd68f355fc0	5cd689190520	a0000	a0000	10000	2246
29.594673	75fe4	1825f	4c22	10	2bc092	5cd6893c5a60	1290	10000	7ffc7e35d2a0	2aad	5cd689410530	5cd68f355fc0	5cd688910520	2c0000	2c0000	10000	35d5
29.607810	75f9c	1d527	4c22	10	774207	5cd6893c5a60	1601	10000	7ffc7e35d2a0	2aad	5cd689410530	5cd68f355fc0	5cd687650520	770000	770000	10000	9b0
29.621319	76060	5cd6893d0520	335c	11	c5df35	5cd6893c5a60	2aad	10000	7ffc7e35d2a0	2aad	5cd689410530	5cd68f355fc0	5cd6862d0520	c50000	3358	10000	0
29.628089	76073	5cd6893d0520	3250	11	ec03b3	5cd6893c5a60	2aad	10000	7ffc7e35d2a0	2aad	5cd689410530	5cd68f355fc0	5cd6859d0520	e90000	324c	10000	0
29.639762	76073	5cd6893d0520	84c4	11	130abc9	5cd6893c5a60	2aad	10000	7ffc7e35d2a0	2aad	5cd689410530	5cd68f355fc0	5cd684850520	12f0000	84c0	10000	0
29.647314	7600e	774b	4c22	e	1591e7c	5cd6893c5a60	66f	10000	7ffc7e35d2a0	2aad	5cd689410530	5cd68f355fc0	5cd683d90520	15a0000	15a0000	10000	54b9
29.659767	75fa3	3600d	4c22	11	33a9d1	5cd6893c5a60	261b	10000	7ffc7e35d2a0	2aad	5cd689410530	5cd68f355fc0	5cd688790520	320000	320000	10000	2eb4
29.673329	76060	5cd6893d0520	415c	11	839e53	5cd6893c5a60	2aad	10000	7ffc7e35d2a0	2aad	5cd689410530	5cd68f355fc0	5cd6873d0520	810000	4158	10000	0
29.688138	75fed	3248b	4c22	11	d6a57c	5cd6893c5a60	23be	10000	7ffc7e35d2a0	2aad	5cd689410530	5cd68f355fc0	5cd685e50520	d70000	d70000	10000	4b7e
29.696967	75ff0	87a9	4c22	f	10cd3be	5cd6893c5a60	74b	10000	7ffc7e35d2a0	2aad	5cd689410530	5cd68f355fc0	5cd6850d0520	10d0000	10d0000	10000	b55
29.711927	7600e	43	4c22	6	169bdb1	5cd6893c5a60	a	10000	7ffc7e35d2a0	2aad	5cd689410530	5cd68f355fc0	5cd683990520	16a0000	16a0000	10000	23bc
29.718605	75fd8	7759	4c22	e	1e0a62	5cd6893c5a60	670	10000	7ffc7e35d2a0	2aad	5cd689410530	5cd68f355fc0	5cd688c90520	1e0000	1e0000	10000	287d
29.733145	75fed	a561	4c22	f	765ddc	5cd6893c5a60	8a6	10000	7ffc7e35d2a0	2aad	5cd689410530	5cd68f355fc0	5cd687650520	770000	770000	10000	9b0
29.738704	76066	5cd6893d0520	b8e4	11	996014	5cd6893c5a60	2aad	10000	7ffc7e35d2a0	2aad	5cd689410530	5cd68f355fc0	5cd686e90520	960000	b8e0	10000	0
29.753405	75fed	3d7	4c22	9	e9b226	5cd6893c5a60	58	10000	7ffc7e35d2a0	2aad	5cd689410530	5cd68f355fc0	5cd685990520	ea0000	ea0000	10000	43e8
29.762353	76060	5cd6893d0520	d0b0	11	11b0f5a	5cd6893c5a60	2aad	10000	7ffc7e35d2a0	2aad	5cd689410530	5cd68f355fc0	5cd684d50520	11b0000	d0ac	10000	0
29.771521	75fad	5cd68c3797b0	4c22	10	14f4c79	5cd6893c5a60	17b6	10000	7ffc7e35d2a0	2aad	5cd689410530	5cd68f355fc0	5cd684050520	14f0000	14f0000	10000	16d9
29.784788	75ff0	755	4c22	a	24da67	5cd6893c5a60	9c	10000	7ffc7e35d2a0	2aad	5cd689410530	5cd68f355fc0	5cd688ad0520	250000	250000	10000	2f29
29.797755	76077	ffff	fe58	11	77c6ce	5cd6893c5a60	2aad	10000	7ffc7e35d2a0	2aad	5cd689410530	5cd68f355fc0	5cd6876d0520	750000	fe54	10000	0
29.808025	7600e	7019	4c22	e	b12870	5cd6893c5a60	611	10000	7ffc7e35d2a0	2aad	5cd689410530	5cd68f355fc0	5cd686790520	b20000	b20000	10000	e88
29.818480	76060	5cd6893d0520	fc8c	11	e663d5	5cd6893c5a60	2aad	10000	7ffc7e35d2a0	2aad	5cd689410530	5cd68f355fc0	5cd685a90520	e60000	fc88	10000	0
29.831138	1cb9fe662060	730590e69a078c93	0	a6a5e4270839d795	5cd68dae9ec0	0	8	2	7ffc7e35d0d8	2987	5cd68dae9ec0	5cd69351c160	0	5cd68f670270	0	2	2
29.838230	1cb9fe75db8a	5cd6893fd498	4c22	91a0	13088	5cd6893da408	5cd689407380	b3de	7ffc7e35d298	5cd6893fd498	5cd689410530	5cd68f355fc0	5cd683f90520	1530000	1530000	10000	4e0d
29.848241	1cb9fe661870	0	79905cc1ac80	aac1	b8f1	5cd6a18ba710	3	aab4	7ffc7e35d190	0	5cd6a18afc60	5cd69a6c2c80	79905cc1ace0	ffffffffffffffa0	aac0	5cd689360010	aaa
29.857582	7600e	2afd1	4c22	11	528fe7	5cd6893c5a60	1f09	10000	7ffc7e35d2a0	2aad	5cd689410530	5cd68f355fc0	5cd687f50520	530000	530000	10000	3476
29.864242	75fed	f1	4c22	7	78e330	5cd6893c5a60	1c	10000	7ffc7e35d2a0	2aad	5cd689410530	5cd68f355fc0	5cd6875d0520	790000	790000	10000	254a
29.878495	75ff0	55d	4c22	a	c4062d	5cd6893c5a60	76	10000	7ffc7e35d2a0	2aad	5cd689410530	5cd68f355fc0	5cd6862d0520	c50000	c50000	10000	6f2
29.883920	75fed	38f	4c22	9	e457c3	5cd6893c5a60	54	10000	7ffc7e35d2a0	2aad	5cd689410530	5cd68f355fc0	5cd685ad0520	e50000	e50000	10000	58d6
29.889099	76011	25	4c22	5	1015e9a	5cd6893c5a60	6	10000	7ffc7e35d2a0	2aad	5cd689410530	5cd68f355fc0	5cd685390520	1020000	1020000	10000	2764
29.900942	76073	5cd6893d0520	d688	11	140cdad	5cd6893c5a60	2aad	10000	7ffc7e35d2a0	2aad	5cd689410530	5cd68f355fc0	5cd6844d0520	13d0000	d684	10000	0
29.915778	76073	5cd6893d0520	9264	11	28f3a2	5cd6893c5a60	2aad	10000	7ffc7e35d2a0	2aad	5cd689410530	5cd68f355fc0	5cd688a90520	260000	9260	10000	0
29.928509	75fed	ab5b	4c22	f	71b415	5cd6893c5a60	8ee	10000	7ffc7e35d2a0	2aad	5cd689410530	5cd68f355fc0	5cd687790520	720000	720000	10000	1e9e
29.937233	7600e	25add	4c22	11	a98953	5cd6893c5a60	1ba6	10000	7ffc7e35d2a0	2aad	5cd689410530	5cd68f355fc0	5cd686990520	aa0000	aa0000	10000	53fe
29.949593	75fed	47	4c22	6	f63059	5cd6893c5a60	b	10000	7ffc7e35d2a0	2aad	5cd689410530	5cd68f355fc0	5cd685650520	f70000	f70000	10000	4373
29.956965	76077	ffff	e6a4	11	124b148	5cd6893c5a60	2aad	10000	7ffc7e35d2a0	2aad	5cd689410530	5cd68f355fc0	5cd684b50520	1230000	e6a0	10000	0
29.967659	75fad	5cd68c3797b0	4c22	10	16692d8	5cd6893c5a60	e3c	10000	7ffc7e35d2a0	2aad	5cd689410530	5cd68f355fc0	5cd683a90520	1660000	1660000	10000	4677
29.979851	7600e	3f5	4c22	9	300dfb	5cd6893c5a60	5b	10000	7ffc7e35d2a0	2aad	5cd689410530	5cd68f355fc0	5cd6887d0520	310000	310000	10000	20e7
29.989315	1cb9fe75db8a	5cd6893e6cdc	59ef	4558	167bc	5cd6893e2784	5cd6893f8f40	59ef	7ffc7e35d298	5cd6893e6cdc	5cd689410530	5cd68f355fc0	5cd687a90520	670000	670000	10000	3aad
29.995988	7600e	1b8cb	4c22	10	8e7809	5cd6893c5a60	14cc	10000	7ffc7e35d2a0	2aad	5cd689410530	5cd68f355fc0	5cd687050520	8f0000	8f0000	10000	471b
30.003737	76b20	5cd6a1b5c880	40	10c8	5cd3567d6273	5cd689360010	7	5cd6a1aaece0	7ffc7e35d2a0	5cd68f233c40	5cd6894542c0	5cd689c67fa0	c9452bc815867652	40	1	5cd6a1ab09f0	11
30.014273	76073	5cd6893d0520	e144	11	fd6bda	5cd6893c5a60	2aad	10000	7ffc7e35d2a0	2aad	5cd689410530	5cd68f355fc0	5cd6854d0520	fd0000	e140	10000	0
30.022954	76073	5cd6893d0520	1e74	11	132d224	5cd6893c5a60	2aad	10000	7ffc7e35d2a0	2aad	5cd689410530	5cd68f355fc0	5cd684810520	1300000	1e70	10000	0
30.035146	76060	5cd6893d0520	2fb0	11	8bec6	5cd6893c5a60	2aad	10000	7ffc7e35d2a0	2aad	5cd689410530	5cd68f355fc0	5cd689290520	60000	2fac	10000	0
30.047455	75fe4	23b93	4c22	11	549e9e	5cd6893c5a60	1a69	10000	7ffc7e35d2a0	2aad	5cd689410530	5cd68f355fc0	5cd687f10520	540000	540000	10000	4243
30.058874	76073	5cd6893d0520	7bbc	11	9d804b	5cd6893c5a60	2aad	10000	7ffc7e35d2a0	2aad	5cd689410530	5cd68f355fc0	5cd686d10520	9c0000	7bb8	10000	0
30.067537	7600e	4f	4c22	6	d06206	5cd6893c5a60	d	10000	7ffc7e35d2a0	2aad	5cd689410530	5cd68f355fc0	5cd685fd0520	d10000	d10000	10000	529f
30.081438	75fed	7f	4c22	6	11e9bcc	5cd6893c5a60	f	10000	7ffc7e35d2a0	2aad	5cd689410530	5cd68f355fc0	5cd684c50520	11f0000	11f0000	10000	4fe1
30.090385	7600e	1ed67	4c22	10	1505f73	5cd6893c5a60	170f	10000	7ffc7e35d2a0	2aad	5cd689410530	5cd68f355fc0	5cd683fd0520	1510000	1510000	10000	3273
30.096553	75fed	209	4c22	9	10438	5cd6893c5a60	37	10000	7ffc7e35d2a0	2aad	5cd689410530	5cd68f355fc0	5cd689390520	20000	20000	10000	dcd
30.101953	7600e	43	4c22	6	222e8b	5cd6893c5a60	a	10000	7ffc7e35d2a0	2aad	5cd689410530	5cd68f355fc0	5cd688b50520	230000	230000	10000	138f
30.113826	75fed	34cfd	4c22	11	676127	5cd6893c5a60	2547	10000	7ffc7e35d2a0	2aad	5cd689410530	5cd68f355fc0	5cd687a10520	680000	680000	10000	487a
30.121952	1cb9fe75e10a	0	1	6f28	5cd6a1d49470	0	5cd6a1d4d000	7f	7ffc7e35d298	0	5cd6a1d49470	5cd6950f72b0	79905cc1ace0	5cd69d2cfdf8	5cd6893d0520	aab4	7f
30.135210	76073	5cd6893d0520	439c	11	d59617	5cd6893c5a60	2aad	10000	7ffc7e35d2a0	2aad	5cd689410530	5cd68f355fc0	5cd685f50520	d30000	4398	10000	0
30.140600	75fe9	7f	4c22	6	f14c2b	5cd6893c5a60	f	10000	7ffc7e35d2a0	2aad	5cd689410530	5cd68f355fc0	5cd685790520	f20000	f20000	10000	5861
30.146613	1cb9fe75e10a	0	1	6398	5cd6a1da98e0	0	5cd6a1dae000	7e	7ffc7e35d298	0	5cd6a1da98e0	5cd6a1392c80	79905cc1ace0	5cd69d2cfdf8	5cd6893d0520	aab4	7e
30.160872	75fad	5cd68c3797b0	4c22	11	16b3789	5cd6893c5a60	26f8	10000	7ffc7e35d2a0	2aad	5cd689410530	5cd68f355fc0	5cd683950520	16b0000	16b0000	10000	3189
30.172846	75fed	31735	4c22	11	45011b	5cd6893c5a60	233d	10000	7ffc7e35d2a0	2aad	5cd689410530	5cd68f355fc0	5cd688290520	460000	460000	10000	34eb
30.187210	75fed	49	4c22	6	9ea16d	5cd6893c5a60	c	10000	7ffc7e35d2a0	2aad	5cd689410530	5cd68f355fc0	5cd686c50520	9f0000	9f0000	10000	161e
30.194609	7600e	1b7	4c22	8	cb12e5	5cd6893c5a60	31	10000	7ffc7e35d2a0	2aad	5cd689410530	5cd68f355fc0	5cd686110520	cc0000	cc0000	10000	d9e
30.207070	7600e	192b5	4c22	10	115f38f	5cd6893c5a60	1347	10000	7ffc7e35d2a0	2aad	5cd689410530	5cd68f355fc0	5cd684e90520	1160000	1160000	10000	2d9b
30.215628	1cb9fe75db8a	5cd6893d7d08	59ef	aa3c	efd4	5cd698c0af48	5cd6893dc2a0	1dfa	7ffc7e35d298	5cd6893d7d08	5cd689410530	5cd68f355fc0	5cd684210520	1490000	1490000	10000	1dfa
30.226762	769f0	5cd68c3797b0	5cd68936ac00	28dbf	1e35c	0	0	5cd6a1eece10	7ffc7e35d2a0	326a5	23dd	5cd689382050	c9452bc815867652	2aad	4	23de	15
30.236010	76073	5cd6893d0520	bc4	11	45eb48	5cd6893c5a60	2aad	10000	7ffc7e35d2a0	2aad	5cd689410530	5cd68f355fc0	5cd6882d0520	450000	bc0	10000	0
30.250276	7600e	1a2f	4c22	c	9db7f1	5cd6893c5a60	19f	10000	7ffc7e35d2a0	2aad	5cd689410530	5cd68f355fc0	5cd686c90520	9e0000	9e0000	10000	851
30.264984	7600e	47	4c22	6	f13f13	5cd6893c5a60	b	10000	7ffc7e35d2a0	2aad	5cd689410530	5cd68f355fc0	5cd685790520	f20000	f20000	10000	5861
30.272745	76055	25ec	25e8	11	1232556	5cd6893c5a60	2aad	10000	7ffc7e35d2a0	2aad	5cd689410530	5cd68f355fc0	5cd684bd0520	1210000	25e4	10000	0
30.281009	75fed	3afd	4c22	d	15430c0	5cd6893c5a60	35e	10000	7ffc7e35d2a0	2aad	5cd689410530	5cd68f355fc0	5cd683ed0520	1550000	1550000	10000	fb8
30.292380	75fed	3143	4c22	d	2a3ee1	5cd6893c5a60	2d9	10000	7ffc7e35d2a0	2aad	5cd689410530	5cd68f355fc0	5cd688950520	2b0000	2b0000	10000	2808
30.300686	7600e	3749	4c22	d	5fd8f9	5cd6893c5a60	32c	10000	7ffc7e35d2a0	2aad	5cd689410530	5cd68f355fc0	5cd687c10520	600000	600000	10000	3401
30.313222	1cb9fe6609e8	5cd690acd6f0	79905cc1ac80	5cd691791260	79905cc1ad30	79905cc1ad20	79905cc1ac98	41	7ffc7e35d050	5cd689362110	5cd689362110	5cd6a1f02b50	c9452bc815867652	5cd689362100	50	5	30
30.325251	76001	1e50b	4c22	10	f53bbe	5cd6893c5a60	16a5	10000	7ffc7e35d2a0	2aad	5cd689410530	5cd68f355fc0	5cd6856d0520	f50000	f50000	10000	27d9
30.333305	75fed	2267	4c22	d	124fd7c	5cd6893c5a60	20c	10000	7ffc7e35d2a0	2aad	5cd689410530	5cd68f355fc0	5cd684ad0520	1250000	1250000	10000	48c0
30.342257	7600e	49	4c22	6	15bf62c	5cd6893c5a60	c	10000	7ffc7e35d2a0	2aad	5cd689410530	5cd68f355fc0	5cd683d10520	15c0000	15c0000	10000	1664
30.347634	75f95	1e305	4c22	10	abc21	5cd6893c5a60	1693	10000	7ffc7e35d2a0	2aad	5cd689410530	5cd68f355fc0	5cd689190520	a0000	a0000	10000	2246
30.362402	75fed	35	4c22	5	64d51c	5cd6893c5a60	8	10000	7ffc7e35d2a0	2aad	5cd689410530	5cd68f355fc0	5cd687ad0520	650000	650000	10000	1f13
30.370575	75fed	2fa5b	4c22	11	95f5bd	5cd6893c5a60	222c	10000	7ffc7e35d2a0	2aad	5cd689410530	5cd68f355fc0	5cd686e90520	960000	960000	10000	4dc7
30.378598	75fe9	2b	4c22	5	c75f22	5cd6893c5a60	7	10000	7ffc7e35d2a0	2aad	5cd689410530	5cd68f355fc0	5cd686210520	c80000	c80000	10000	3059
30.388940	75fed	8c3b	4c22	f	ff89f9	5cd6893c5a60	77d	10000	7ffc7e35d2a0	2aad	5cd689410530	5cd68f355fc0	5cd685410520	1000000	1000000	10000	bca
30.402226	75fed	3c65f	4c22	11	152dde1	5cd6893c5a60	2a40	10000	7ffc7e35d2a0	2aad	5cd689410530	5cd68f355fc0	5cd683f50520	1530000	1530000	10000	4e0d
30.416747	7600e	2a1	4c22	9	3958f8	5cd6893c5a60	45	10000	7ffc7e35d2a0	2aad	5cd689410530	5cd68f355fc0	5cd688590520	3a0000	3a0000	10000	432d
30.427314	75fed	2f635	4c22	11	7bcc6a	5cd6893c5a60	2207	10000	7ffc7e35d2a0	2aad	5cd689410530	5cd68f355fc0	5cd687510520	7c0000	7c0000	10000	4eb1
30.440625	1cb9fe75db8a	5cd6893e6cdc	59ef	2858	167bc	5cd6893e4484	5cd6893fac40	59ef	7ffc7e35d298	5cd6893e6cdc	fffffffff07d4050	f	c9452bc815867652	ce0000	ce0000	10000	2938
30.451971	7600e	2501	4c22	d	1145891	5cd6893c5a60	22a	10000	7ffc7e35d2a0	2aad	5cd689410530	5cd68f355fc0	5cd684ed0520	1150000	1150000	10000	1fce
30.460931	772b6	3	2	5cd692fdd7e0	3	5cd692fdd780	66	5cd6a2236f90	7ffc7e35d2a0	5cd68bc86950	66	0	22a4	5cd692fdd730	7	68	5cd692fdd738
30.473102	76073	5cd6893d0520	5abc	11	2847c8	5cd6893c5a60	2aad	10000	7ffc7e35d2a0	2aad	5cd689410530	5cd68f355fc0	5cd688ad0520	250000	5ab8	10000	0
30.479897	7600e	649	4c22	a	4ebfd1	5cd6893c5a60	8c	10000	7ffc7e35d2a0	2aad	5cd689410530	5cd68f355fc0	5cd688050520	4f0000	4f0000	10000	5731
30.488583	7600e	2ab	4c22	9	830432	5cd6893c5a60	46	10000	7ffc7e35d2a0	2aad	5cd689410530	5cd68f355fc0	5cd687310520	840000	840000	10000	93b
30.497670	7600e	20e4b	4c22	11	ba68f8	5cd6893c5a60	187a	10000	7ffc7e35d2a0	2aad	5cd689410530	5cd68f355fc0	5cd686550520	bb0000	bb0000	10000	30ce
30.506870	75fed	1069	4c22	c	f32f49	5cd6893c5a60	119	10000	7ffc7e35d2a0	2aad	5cd689410530	5cd68f355fc0	5cd685710520	f40000	f40000	10000	1a0c
30.521381	7600e	2b9a5	4c22	11	14c33f8	5cd6893c5a60	1f7e	10000	7ffc7e35d2a0	2aad	5cd689410530	5cd68f355fc0	5cd6840d0520	14d0000	14d0000	10000	552e
30.527100	7600e	a6cd	3601	f	16e315a	5cd6893c5a60	8b7	3601	7ffc7e35d2a0	2aad	5cd689410530	5cd68f355fc0	5cd683850520	16e3601	16e3601	3601	ece
30.539267	1cb9fe75e10a	0	1	55b8	5cd6a241db00	0	5cd6a2423000	7c	7ffc7e35d298	0	5cd6a241db00	5cd68a32f9b0	79905cc1ace0	5cd69d2cfdf8	5cd6893d0520	aab4	7c
30.551783	75fe9	c1	4c22	7	92dbb4	5cd6893c5a60	16	10000	7ffc7e35d2a0	2aad	5cd689410530	5cd68f355fc0	5cd686f50520	930000	930000	10000	2460
30.561414	76077	ffff	a540	11	c8625b	5cd6893c5a60	2aad	10000	7ffc7e35d2a0	2aad	5cd689410530	5cd68f355fc0	5cd686250520	c70000	a53c	10000	0
30.571871	75fed	a7c9	4c22	f	102c143	5cd6893c5a60	8c8	10000	7ffc7e35d2a0	2aad	5cd689410530	5cd68f355fc0	5cd685350520	1030000	1030000	10000	3531
30.578301	75fed	65	4c22	6	1225a40	5cd6893c5a60	e	10000	7ffc7e35d2a0	2aad	5cd689410530	5cd68f355fc0	5cd684b50520	1230000	1230000	10000	2d26
30.586603	7600e	32b37	4c22	11	1540903	5cd6893c5a60	240d	10000	7ffc7e35d2a0	2aad	5cd689410530	5cd68f355fc0	5cd683ed0520	1550000	1550000	10000	fb8
30.593943	76001	20c1b	4c22	11	116db8	5cd6893c5a60	185f	10000	7ffc7e35d2a0	2aad	5cd689410530	5cd68f355fc0	5cd689010520	100000	100000	10000	1b25
30.600315	7600e	12469	4c22	10	3444c1	5cd6893c5a60	e78	10000	7ffc7e35d2a0	2aad	5cd689410530	5cd68f355fc0	5cd6886d0520	350000	350000	10000	581b
30.607013	7600e	1eb0f	4c22	10	5c66ba	5cd6893c5a60	16ed	10000	7ffc7e35d2a0	2aad	5cd689410530	5cd68f355fc0	5cd687cd0520	5d0000	5d0000	10000	a9a
30.612765	75fed	1cab7	4c22	10	7fc5a4	5cd6893c5a60	1588	10000	7ffc7e35d2a0	2aad	5cd689410530	5cd68f355fc0	5cd687410520	800000	800000	10000	2bf6
30.624269	75fed	28fd3	4c22	11	c223cc	5cd6893c5a60	1dc1	10000	7ffc7e35d2a0	2aad	5cd689410530	5cd68f355fc0	5cd686350520	c30000	c30000	10000	4547
30.638876	75fe4	2a63d	4c22	11	1143b7e	5cd6893c5a60	1ead	10000	7ffc7e35d2a0	2aad	5cd689410530	5cd68f355fc0	5cd684f50520	1130000	1130000	10000	434
30.648679	7600e	1b7	4c22	8	14c9749	5cd6893c5a60	31	10000	7ffc7e35d2a0	2aad	5cd689410530	5cd68f355fc0	5cd6840d0520	14d0000	14d0000	10000	552e
30.657031	76058	9230	922c	11	35142	5cd6893c5a60	2aad	10000	7ffc7e35d2a0	2aad	5cd689410530	5cd68f355fc0	5cd6893d0520	10000	922c	10000	0
30.668522	7600e	24389	4c22	11	49b3a4	5cd6893c5a60	1ab2	10000	7ffc7e35d2a0	2aad	5cd689410530	5cd68f355fc0	5cd688190520	4a0000	4a0000	10000	1230
30.683058	75fed	8225	4c22	f	a1f4df	5cd6893c5a60	708	10000	7ffc7e35d2a0	2aad	5cd689410530	5cd68f355fc0	5cd686b90520	a20000	a20000	10000	3f85
30.689021	7600e	49	4c22	6	c6278c	5cd6893c5a60	c	10000	7ffc7e35d2a0	2aad	5cd689410530	5cd68f355fc0	5cd686250520	c70000	c70000	10000	228c
30.702728	75ffd	2e4e7	4c22	11	11b8ed3	5cd6893c5a60	214d	10000	7ffc7e35d2a0	2aad	5cd689410530	5cd68f355fc0	5cd684d50520	11b0000	11b0000	10000	18ad
30.715254	75fed	35051	4c22	11	168ac0e	5cd6893c5a60	256f	10000	7ffc7e35d2a0	2aad	5cd689410530	5cd68f355fc0	5cd6839d0520	1690000	1690000	10000	15ef
30.721240	7604c	deb0	deac	11	191304	5cd6893c5a60	2aad	10000	7ffc7e35d2a0	2aad	5cd689410530	5cd68f355fc0	5cd688dd0520	190000	dea8	10000	0
30.729148	75fed	38f	4c22	9	468bb5	5cd6893c5a60	54	10000	7ffc7e35d2a0	2aad	5cd689410530	5cd68f355fc0	5cd688250520	470000	470000	10000	42b8
30.740313	75fed	3d	4c22	5	7b01fe	5cd6893c5a60	9	10000	7ffc7e35d2a0	2aad	5cd689410530	5cd68f355fc0	5cd687510520	7c0000	7c0000	10000	4eb1
30.752199	75fed	3a1	4c22	9	c0daac	5cd6893c5a60	55	10000	7ffc7e35d2a0	2aad	5cd689410530	5cd68f355fc0	5cd6863d0520	c10000	c10000	10000	29ad
30.765628	75fa3	2e1ff	4c22	11	112ad14	5cd6893c5a60	212f	10000	7ffc7e35d2a0	2aad	5cd689410530	5cd68f355fc0	5cd685010520	1100000	1100000	10000	34bc
30.777869	75fed	139	4c22	8	15bf206	5cd6893c5a60	25	10000	7ffc7e35d2a0	2aad	5cd689410530	5cd68f355fc0	5cd683d10520	15c0000	15c0000	10000	1664
30.792733	75fed	2b501	4c22	11	446c80	5cd6893c5a60	1f4a	10000	7ffc7e35d2a0	2aad	5cd689410530	5cd68f355fc0	5cd6882d0520	450000	450000	10000	271e
30.806504	7600e	39e6b	4c22	11	92bb32	5cd6893c5a60	28a8	10000	7ffc7e35d2a0	2aad	5cd689410530	5cd68f355fc0	5cd686f50520	930000	930000	10000	2460
30.820773	75fad	5cd68c3797b0	4c22	11	eb22fa	5cd6893c5a60	1958	10000	7ffc7e35d2a0	2aad	5cd689410530	5cd68f355fc0	5cd685950520	eb0000	eb0000	10000	51b5
30.833819	75fed	2bd	4c22	9	13d63a9	5cd6893c5a60	48	10000	7ffc7e35d2a0	2aad	5cd689410530	5cd68f355fc0	5cd684490520	13e0000	13e0000	10000	3a09
30.841176	75fed	188f	4c22	c	1683e68	5cd6893c5a60	183	10000	7ffc7e35d2a0	2aad	5cd689410530	5cd68f355fc0	5cd6839d0520	1690000	1690000	10000	15ef
30.849691	75fed	34a5	4c22	d	2b57a2	5cd6893c5a60	30b	10000	7ffc7e35d2a0	2aad	5cd689410530	5cd68f355fc0	5cd688910520	2c0000	2c0000	10000	35d5
30.857772	75fa3	24c37	4c22	11	59bbe4	5cd6893c5a60	1b04	10000	7ffc7e35d2a0	2aad	5cd689410530	5cd68f355fc0	5cd687dd0520	590000	590000	10000	2d55
30.867456	76073	5cd6893d0520	280c	11	92bb39	5cd6893c5a60	2aad	10000	7ffc7e35d2a0	2aad	5cd689410530	5cd68f355fc0	5cd686f90520	920000	2808	10000	0
30.880898	7600e	23765	4c22	11	d02301	5cd6893c5a60	1a3e	10000	7ffc7e35d2a0	2aad	5cd689410530	5cd68f355fc0	5cd685fd0520	d10000	d10000	10000	529f
30.889059	7600e	1bb	4c22	8	fc22c8	5cd6893c5a60	32	10000	7ffc7e35d2a0	2aad	5cd689410530	5cd68f355fc0	5cd6854d0520	fd0000	fd0000	10000	3c52
30.902008	75fd5	17053	4c22	10	14c5a59	5cd6893c5a60	11d4	10000	7ffc7e35d2a0	2aad	5cd689410530	5cd68f355fc0	5cd684110520	14c0000	14c0000	10000	4761
30.914054	7600e	7c3	4c22	a	25e3f6	5cd6893c5a60	a2	10000	7ffc7e35d2a0	2aad	5cd689410530	5cd68f355fc0	5cd688a90520	260000	260000	10000	3cf6
30.926305	76001	2225f	4c22	11	6f4c86	5cd6893c5a60	195e	10000	7ffc7e35d2a0	2aad	5cd689410530	5cd68f355fc0	5cd687890520	6e0000	6e0000	10000	4159
30.938793	1cb9fe75db8a	5cd6893e6cdc	59ef	6cd8	167bc	5cd6893e0004	5cd6893f67c0	59ef	7ffc7e35d298	5cd6893e6cdc	5cd689410530	5cd68f355fc0	5cd6865d0520	ba0000	ba0000	10000	2301
30.950489	75fed	3cc07	4c22	11	10036f6	5cd6893c5a60	2a83	10000	7ffc7e35d2a0	2aad	5cd689410530	5cd68f355fc0	5cd6853d0520	1010000	1010000	10000	1997
30.963151	75fed	130af	4c22	10	14eb827	5cd6893c5a60	f19	10000	7ffc7e35d2a0	2aad	5cd689410530	5cd68f355fc0	5cd684050520	14f0000	14f0000	10000	16d9
30.974070	76055	b068	b064	11	219402	5cd6893c5a60	2aad	10000	7ffc7e35d2a0	2aad	5cd689410530	5cd68f355fc0	5cd688c10520	200000	b060	10000	0
30.984879	7600e	b5d	4c22	b	61be4a	5cd6893c5a60	d6	10000	7ffc7e35d2a0	2aad	5cd689410530	5cd68f355fc0	5cd687b90520	620000	620000	10000	4f9b
30.994138	75fc0	2aad	4c22	11	9d2f25	5cd6893c5a60	28c8	10000	7ffc7e35d2a0	2aad	5cd689410530	5cd68f355fc0	5cd686d90520	9a0000	9a0000	10000	2b0c
31.006847	75fed	1a94d	4c22	10	e7aa6f	5cd6893c5a60	143c	10000	7ffc7e35d2a0	2aad	5cd689410530	5cd68f355fc0	5cd685a10520	e80000	e80000	10000	284e
31.012836	76073	5cd6893d0520	f690	11	10e0fdc	5cd6893c5a60	2aad	10000	7ffc7e35d2a0	2aad	5cd689410530	5cd68f355fc0	5cd685090520	10e0000	f68c	10000	0
31.019441	75fed	2f09	4c22	d	136e8aa	5cd6893c5a60	2b1	10000	7ffc7e35d2a0	2aad	5cd689410530	5cd68f355fc0	5cd684650520	1370000	1370000	10000	335d
31.032941	7600e	990d	4c22	f	164ddd	5cd6893c5a60	816	10000	7ffc7e35d2a0	2aad	5cd689410530	5cd68f355fc0	5cd688e50520	170000	170000	10000	21d1
31.038981	75fed	1752b	4c22	10	36dfdd	5cd6893c5a60	1204	10000	7ffc7e35d2a0	2aad	5cd689410530	5cd68f355fc0	5cd688650520	370000	370000	10000	19c6
31.049430	7600e	89	4c22	7	77be36	5cd6893c5a60	10	10000	7ffc7e35d2a0	2aad	5cd689410530	5cd68f355fc0	5cd687610520	780000	780000	10000	177d
31.058699	7600e	f0c5	4c22	f	a31804	5cd6893c5a60	c3e	10000	7ffc7e35d2a0	2aad	5cd689410530	5cd68f355fc0	5cd686b10520	a40000	a40000	10000	130
31.064961	75fe4	2220b	4c22	11	c9e698	5cd6893c5a60	195a	10000	7ffc7e35d2a0	2aad	5cd689410530	5cd68f355fc0	5cd686190520	ca0000	ca0000	10000	4bf3
31.072058	75fed	85ff	4c22	f	f5f3b1	5cd6893c5a60	737	10000	7ffc7e35d2a0	2aad	5cd689410530	5cd68f355fc0	5cd685690520	f60000	f60000	10000	35a6
31.079961	75fed	1a903	4c22	10	1237853	5cd6893c5a60	1438	10000	7ffc7e35d2a0	2aad	5cd689410530	5cd68f355fc0	5cd684b10520	1240000	1240000	10000	3af3
31.093721	75fed	2f75	4c22	d	7e322	5cd6893c5a60	2ba	10000	7ffc7e35d2a0	2aad	5cd689410530	5cd68f355fc0	5cd689210520	80000	80000	10000	6ac
31.103130	1cb9fe75db8a	5cd6893fd498	4c22	24a0	13088	5cd6893e1108	5cd68940e080	b3de	7ffc7e35d298	5cd6893fd498	5cd689410530	5cd68f355fc0	5cd688490520	3f0000	3f0000	10000	2e3f
31.115259	1cb9fe75db8a	5cd6893dcfa8	59ef	807c	9d34	5cd698c08668	5cd6893dec60	32a2	7ffc7e35d298	5cd6893dcfa8	5cd689410530	5cd68f355fc0	5cd687290520	870000	870000	10000	32a2
31.124370	75f99	14a95	4c22	10	bb0efa	5cd6893c5a60	1032	10000	7ffc7e35d2a0	2aad	5cd689410530	5cd68f355fc0	5cd686550520	bb0000	bb0000	10000	30ce
31.133894	7604c	615c	6158	11	f92b7d	5cd6893c5a60	2aad	10000	7ffc7e35d2a0	2aad	5cd689410530	5cd68f355fc0	5cd685690520	f60000	6154	10000	0
31.147419	75fed	8bd	4c22	b	14bf698	5cd6893c5a60	ac	10000	7ffc7e35d2a0	2aad	5cd689410530	5cd68f355fc0	5cd684110520	14c0000	14c0000	10000	4761
31.153198	a4fc5	36bcfd3a20ce5eb2	aa6b	0	1889	cedb	61267114c123e0ef	6ea7	7ffc7e35d298	aa6b	0	1ac2e	d61772a14e50ccc8	8e1	800000000000cedb	61267114c123e0ef	2aad
31.159453	75fe9	38795	4c22	11	23c621	5cd6893c5a60	27c6	10000	7ffc7e35d2a0	2aad	5cd689410530	5cd68f355fc0	5cd688b10520	240000	240000	10000	215c
31.165207	75fed	291a1	4c22	11	45ca2f	5cd6893c5a60	1dd2	10000	7ffc7e35d2a0	2aad	5cd689410530	5cd68f355fc0	5cd688290520	460000	460000	10000	34eb
31.174471	75ff0	67f	4c22	a	7d80ab	5cd6893c5a60	8e	10000	7ffc7e35d2a0	2aad	5cd689410530	5cd68f355fc0	5cd687490520	7e0000	7e0000	10000	105c
31.182640	75fed	25	4c22	5	adea43	5cd6893c5a60	6	10000	7ffc7e35d2a0	2aad	fffffffff07d607c	5cd68f355fc0	5cd686890520	ae0000	ae0000	10000	3143
31.191885	75fed	47	4c22	6	d82f18	5cd6893c5a60	b	10000	7ffc7e35d2a0	2aad	5cd689410530	5cd68f355fc0	5cd685dd0520	d90000	d90000	10000	d29
31.205604	7600e	35	4c22	5	11d711d	5cd6893c5a60	8	10000	7ffc7e35d2a0	2aad	5cd689410530	5cd68f355fc0	5cd684c90520	11e0000	11e0000	10000	4214
31.213014	7600e	e3	4c22	7	149e507	5cd6893c5a60	1a	10000	7ffc7e35d2a0	2aad	5cd689410530	5cd68f355fc0	5cd684190520	14a0000	14a0000	10000	2bc7
31.222406	75fb7	2aad	4c22	11	e15b6	5cd6893c5a60	1a80	10000	7ffc7e35d2a0	2aad	5cd689410530	5cd68f355fc0	5cd689110520	c0000	c0000	10000	3de0
31.233942	75fed	1c38d	4c22	10	4f895b	5cd6893c5a60	153c	10000	7ffc7e35d2a0	2aad	5cd689410530	5cd68f355fc0	5cd688010520	500000	500000	10000	b0f
31.242099	1cb9fe75db8a	5cd6893e6cdc	59ef	2cd8	167bc	5cd6893e4004	5cd6893fa7c0	59ef	7ffc7e35d298	5cd6893e6cdc	5cd689410530	5cd68f355fc0	5cd687490520	7f0000	7f0000	10000	1e29
31.252878	75fed	43	4c22	6	b6fc24	5cd6893c5a60	a	10000	7ffc7e35d2a0	2aad	5cd689410530	5cd68f355fc0	5cd686650520	b70000	b70000	10000	5389
31.264601	7bf50	1	5ab	b	5cd69d1819fc	5cd65e4ec938	7ffc7e35d168	1	7ffc7e35d160	1ab	8	28	c9452bc815867652	5cd69d1819fc	7ffc7e35d1f0	28	5cd69d181ad0
31.277368	75fed	8c3	4c22	b	14bccac	5cd6893c5a60	ad	10000	7ffc7e35d2a0	2aad	5cd689410530	5cd68f355fc0	5cd684110520	14c0000	14c0000	10000	4761
31.282790	75fa3	20e19	4c22	11	16da81a	5cd6893c5a60	1878	10000	7ffc7e35d2a0	2aad	5cd689410530	5cd68f355fc0	5cd6838d0520	16d0000	16d0000	10000	4d23
31.289570	75fed	23927	4c22	11	24ec38	5cd6893c5a60	1a54	10000	7ffc7e35d2a0	2aad	5cd689410530	5cd68f355fc0	5cd688ad0520	250000	250000	10000	2f29
31.299314	75fed	2bd	4c22	9	6591d6	5cd6893c5a60	48	10000	7ffc7e35d2a0	2aad	5cd689410530	5cd68f355fc0	5cd687a90520	660000	660000	10000	2ce0
31.313149	75fad	5cd68c3797b0	4c22	11	b80f33	5cd6893c5a60	197b	10000	7ffc7e35d2a0	2aad	5cd689410530	5cd68f355fc0	5cd686610520	b80000	b80000	10000	767
31.319716	76058	4b78	4b74	11	e07960	5cd6893c5a60	2aad	10000	7ffc7e35d2a0	2aad	5cd689410530	5cd68f355fc0	5cd685c90520	de0000	4b74	10000	0
31.329410	75fed	4e1	4c22	a	119dc65	5cd6893c5a60	6e	10000	7ffc7e35d2a0	2aad	5cd689410530	5cd68f355fc0	5cd684d90520	11a0000	11a0000	10000	ae0
31.339252	76060	5cd6893d0520	cb8c	11	156b74d	5cd6893c5a60	2aad	10000	7ffc7e35d2a0	2aad	5cd689410530	5cd68f355fc0	5cd683e90520	1560000	cb88	10000	0
31.350700	7600e	39749	4c22	11	2ad915	5cd6893c5a60	2864	10000	7ffc7e35d2a0	2aad	5cd689410530	5cd68f355fc0	5cd688950520	2b0000	2b0000	10000	2808
31.360940	7600e	23a1d	4c22	11	6d60c3	5cd6893c5a60	1a5b	10000	7ffc7e35d2a0	2aad	5cd689410530	5cd68f355fc0	5cd687890520	6e0000	6e0000	10000	4159
31.367701	75fe4	25831	4c22	11	979140	5cd6893c5a60	1b8a	10000	7ffc7e35d2a0	2aad	5cd689410530	5cd68f355fc0	5cd686e50520	970000	970000	10000	1a5
31.373575	75fed	1fb91	4c22	10	b86aaf	5cd6893c5a60	17a8	10000	7ffc7e35d2a0	2aad	5cd689410530	5cd68f355fc0	5cd6865d0520	b90000	b90000	10000	1534
31.383738	76001	67c1	4c22	e	f8058d	5cd6893c5a60	59b	10000	7ffc7e35d2a0	2aad	5cd689410530	5cd68f355fc0	5cd685610520	f80000	f80000	10000	5140
31.389058	7600e	49	4c22	6	1191d38	5cd6893c5a60	c	10000	7ffc7e35d2a0	2aad	5cd689410530	5cd68f355fc0	5cd684d90520	11a0000	11a0000	10000	ae0
31.397532	75fe9	25dc9	4c22	11	14eb6e7	5cd6893c5a60	1bc5	10000	7ffc7e35d2a0	2aad	5cd689410530	5cd68f355fc0	5cd684050520	14f0000	14f0000	10000	16d9
31.409473	75fed	28d	4c22	9	264d89	5cd6893c5a60	43	10000	7ffc7e35d2a0	2aad	5cd689410530	5cd68f355fc0	5cd688a50520	270000	270000	10000	4ac3
31.414757	75fd5	38dd7	4c22	11	47abb1	5cd6893c5a60	2806	10000	7ffc7e35d2a0	2aad	5cd689410530	5cd68f355fc0	5cd688250520	470000	470000	10000	42b8
31.427001	7600e	39857	4c22	11	92a2bf	5cd6893c5a60	286c	10000	7ffc7e35d2a0	2aad	5cd689410530	5cd68f355fc0	5cd686f50520	930000	930000	10000	2460
31.434573	75fed	29147	4c22	11	be4896	5cd6893c5a60	1dcf	10000	7ffc7e35d2a0	2aad	5cd689410530	5cd68f355fc0	5cd686450520	bf0000	bf0000	10000	e13
31.445395	7600e	41b	4c22	a	f8a0f4	5cd6893c5a60	5e	10000	7ffc7e35d2a0	2aad	5cd689410530	5cd68f355fc0	5cd6855d0520	f90000	f90000	10000	51e
31.457677	7600e	e3	4c22	7	14078a0	5cd6893c5a60	1a	10000	7ffc7e35d2a0	2aad	5cd689410530	5cd68f355fc0	5cd6843d0520	1410000	1410000	10000	981
31.472476	1cb9fe6609e8	5cd68d726b00	79905cc1ac80	5cd6a2c51150	79905cc1ad30	79905cc1ad20	79905cc1ac98	41	7ffc7e35d050	5cd68b98b4a0	5cd68b98b4a0	5cd6893620b0	c9452bc815867652	5cd68b98b490	50	5	30
31.484065	75ffd	1dd05	4c22	10	6aca99	5cd6893c5a60	1651	10000	7ffc7e35d2a0	2aad	5cd689410530	5cd68f355fc0	5cd687990520	6a0000	6a0000	10000	a25
31.497637	7604c	cc0	cbc	11	be4aa8	5cd6893c5a60	2aad	10000	7ffc7e35d2a0	2aad	5cd689410530	5cd68f355fc0	5cd686490520	be0000	cb8	10000	0
31.509673	75fed	f1	4c22	7	1011167	5cd6893c5a60	1c	10000	7ffc7e35d2a0	2aad	5cd689410530	5cd68f355fc0	5cd685390520	1020000	1020000	10000	2764
31.524472	7600e	3ad2f	4c22	11	15c76e3	5cd6893c5a60	2940	10000	7ffc7e35d2a0	2aad	5cd689410530	5cd68f355fc0	5cd683cd0520	15d0000	15d0000	10000	2431
31.530006	76001	21475	4c22	11	1208f3	5cd6893c5a60	18ba	10000	7ffc7e35d2a0	2aad	5cd689410530	5cd68f355fc0	5cd689010520	100000	100000	10000	1b25
31.539804	75faf	5cd68c3797b0	4c22	10	4e4dfb	5cd6893c5a60	137b	10000	7ffc7e35d2a0	2aad	5cd689410530	5cd68f355fc0	5cd6880d0520	4d0000	4d0000	10000	3b97
31.545396	75fed	139	4c22	8	6e0c88	5cd6893c5a60	25	10000	7ffc7e35d2a0	2aad	5cd689410530	5cd68f355fc0	5cd687850520	6f0000	6f0000	10000	4f26
31.551267	76060	5cd6893d0520	8478	11	943d6c	5cd6893c5a60	2aad	10000	7ffc7e35d2a0	2aad	5cd689410530	5cd68f355fc0	5cd686f50520	930000	8474	10000	0
31.565299	7600e	35	4c22	5	e9cbc6	5cd6893c5a60	8	10000	7ffc7e35d2a0	2aad	5cd689410530	5cd68f355fc0	5cd685990520	ea0000	ea0000	10000	43e8
31.578785	7600a	8b	4c22	7	13da765	5cd6893c5a60	11	10000	7ffc7e35d2a0	2aad	5cd689410530	5cd68f355fc0	5cd684490520	13e0000	13e0000	10000	3a09
31.592375	7600e	99d7	4c22	f	1cbe3e	5cd6893c5a60	821	10000	7ffc7e35d2a0	2aad	5cd689410530	5cd68f355fc0	5cd688cd0520	1d0000	1d0000	10000	1ab0
31.601524	7600e	27a6d	4c22	11	567a70	5cd6893c5a60	1ce3	10000	7ffc7e35d2a0	2aad	5cd689410530	5cd68f355fc0	5cd687e50520	570000	570000	10000	11bb
31.608735	75fed	36dc7	4c22	11	82d2c2	5cd6893c5a60	26ac	10000	7ffc7e35d2a0	2aad	5cd689410530	5cd68f355fc0	5cd687350520	830000	830000	10000	555d
31.621312	7600e	b5	4c22	7	d03035	5cd6893c5a60	15	10000	7ffc7e35d2a0	2aad	5cd689410530	5cd68f355fc0	5cd685fd0520	d10000	d10000	10000	529f
31.632614	75fad	5cd68c3797b0	4c22	f	1153bcb	5cd6893c5a60	b9f	10000	7ffc7e35d2a0	2aad	5cd689410530	5cd68f355fc0	5cd684ed0520	1150000	1150000	10000	1fce
31.638170	76011	305	4c22	9	1344e7a	5cd6893c5a60	4c	10000	7ffc7e35d2a0	2aad	5cd689410530	5cd68f355fc0	5cd6846d0520	1350000	1350000	10000	17c3
31.645729	7600e	125	4c22	8	1633fe9	5cd6893c5a60	23	10000	7ffc7e35d2a0	2aad	5cd689410530	5cd68f355fc0	5cd683b10520	1640000	1640000	10000	2add
31.656382	7600e	28f4f	4c22	11	32e0a1	5cd6893c5a60	1dbb	10000	7ffc7e35d2a0	2aad	5cd689410530	5cd68f355fc0	5cd688750520	330000	330000	10000	3c81
31.665871	75fed	2f4b	4c22	d	6e5f18	5cd6893c5a60	2b7	10000	7ffc7e35d2a0	2aad	5cd689410530	5cd68f355fc0	5cd687850520	6f0000	6f0000	10000	4f26
31.677723	75ff0	fa3	4c22	b	b2a14f	5cd6893c5a60	110	10000	7ffc7e35d2a0	2aad	5cd689410530	5cd68f355fc0	5cd686750520	b30000	b30000	10000	1c55
31.692178	75faf	5cd68c3797b0	4c22	f	fa7909	5cd6893c5a60	a05	10000	7ffc7e35d2a0	2aad	5cd689410530	5cd68f355fc0	5cd685590520	fa0000	fa0000	10000	12eb
31.702067	7600e	39e5	4c22	d	1380546	5cd6893c5a60	34f	10000	7ffc7e35d2a0	2aad	5cd689410530	5cd68f355fc0	5cd6845d0520	1390000	1390000	10000	4ef7
31.716210	1cb9fe75db8a	5cd6893fd498	4c22	12f80	13088	5cd6893d0628	5cd6893fd5a0	b3de	7ffc7e35d298	5cd6893fd498	5cd689410530	5cd68f355fc0	5cd688c50520	200000	200000	10000	4417
31.730796	75fed	37f33	4c22	11	65d578	5cd6893c5a60	2768	10000	7ffc7e35d2a0	2aad	5cd689410530	5cd68f355fc0	5cd687a90520	660000	660000	10000	2ce0
31.745090	7600e	4f	4c22	6	b88d68	5cd6893c5a60	d	10000	7ffc7e35d2a0	2aad	5cd689410530	5cd68f355fc0	5cd6865d0520	b90000	b90000	10000	1534
31.755588	7600e	1de4b	4c22	10	f650ce	5cd6893c5a60	165f	10000	7ffc7e35d2a0	2aad	5cd689410530	5cd68f355fc0	5cd685650520	f70000	f70000	10000	4373
31.764531	75fed	1876f	4c22	10	12ca814	5cd6893c5a60	12c4	10000	7ffc7e35d2a0	2aad	5cd689410530	5cd68f355fc0	5cd6848d0520	12d0000	12d0000	10000	34a
31.775631	76066	5cd6893d0520	aebc	11	42c72	5cd6893c5a60	2aad	10000	7ffc7e35d2a0	2aad	5cd689410530	5cd68f355fc0	5cd689390520	20000	aeb8	10000	0
31.790469	76066	5cd6893d0520	b89c	11	5be6c7	5cd6893c5a60	2aad	10000	7ffc7e35d2a0	2aad	5cd689410530	5cd68f355fc0	5cd687d50520	5b0000	b898	10000	0
31.799135	7600e	47	4c22	6	92d579	5cd6893c5a60	b	10000	7ffc7e35d2a0	2aad	5cd689410530	5cd68f355fc0	5cd686f50520	930000	930000	10000	2460
31.809089	75fed	35	4c22	5	d13203	5cd6893c5a60	8	10000	7ffc7e35d2a0	2aad	5cd689410530	5cd68f355fc0	5cd685f90520	d20000	d20000	10000	67d
31.822992	7600e	2fac7	4c22	11	116f5b8	5cd6893c5a60	2231	10000	7ffc7e35d2a0	2aad	5cd689410530	5cd68f355fc0	5cd684e50520	1170000	1170000	10000	3b68
31.828322	7600e	3469	4c22	d	13667aa	5cd6893c5a60	308	10000	7ffc7e35d2a0	2aad	5cd689410530	5cd68f355fc0	5cd684650520	1370000	1370000	10000	335d
31.834575	1cb9fe75d880	5cd6893e6cdc	4c22	0	13088	5cd6893d0520	5cd6893fd498	b3de	7ffc7e35d298	5cd6893e6cdc	5cd689410530	5cd68f355fc0	5cd683d10520	15d0000	15d0000	10000	2431
31.841613	75f99	145f3	4c22	10	173bf5	5cd6893c5a60	1008	10000	7ffc7e35d2a0	2aad	5cd689410530	5cd68f355fc0	5cd688e50520	170000	170000	10000	21d1
31.846780	7600e	21a3f	4c22	11	352b5c	5cd6893c5a60	1901	10000	7ffc7e35d2a0	2aad	5cd689410530	5cd68f355fc0	5cd688690520	360000	360000	10000	bf9
31.861340	76011	3d	4c22	5	8d0d5f	5cd6893c5a60	9	10000	7ffc7e35d2a0	2aad	5cd689410530	5cd68f355fc0	5cd687090520	8e0000	8e0000	10000	394e
31.870070	75fed	3cec5	4c22	11	c32a4a	5cd6893c5a60	2a9d	10000	7ffc7e35d2a0	2aad	5cd689410530	5cd68f355fc0	5cd686310520	c40000	c40000	10000	5314
31.876521	75fed	3ccf7	4c22	11	e8d7d9	5cd6893c5a60	2a8a	10000	7ffc7e35d2a0	2aad	5cd689410530	5cd68f355fc0	5cd6859d0520	e90000	e90000	10000	361b
31.890666	7600e	b3	4c22	7	13a17a9	5cd6893c5a60	14	10000	7ffc7e35d2a0	2aad	5cd689410530	5cd68f355fc0	5cd684550520	13b0000	13b0000	10000	10a2
31.897120	75ff5	217d9	4c22	11	162f419	5cd6893c5a60	18e2	10000	7ffc7e35d2a0	2aad	5cd689410530	5cd68f355fc0	5cd683b90520	1620000	1620000	10000	f43
31.906094	7600e	1d71f	4c22	10	22ff28	5cd6893c5a60	160f	10000	7ffc7e35d2a0	2aad	5cd689410530	5cd68f355fc0	5cd688b50520	230000	230000	10000	138f
31.913357	75fed	decd	4c22	f	4eafbe	5cd6893c5a60	b65	10000	7ffc7e35d2a0	2aad	5cd689410530	5cd68f355fc0	5cd688050520	4f0000	4f0000	10000	5731
31.920552	7600e	f5d1	4c22	f	77052b	5cd6893c5a60	c71	10000	7ffc7e35d2a0	2aad	5cd689410530	5cd68f355fc0	5cd687610520	780000	780000	10000	177d
31.925860	75fed	3a87	4c22	d	970419	5cd6893c5a60	359	10000	7ffc7e35d2a0	2aad	5cd689410530	5cd68f355fc0	5cd686e10520	980000	980000	10000	f72
31.938730	75fed	19639	4c22	10	e34455	5cd6893c5a60	1370	10000	7ffc7e35d2a0	2aad	5cd689410530	5cd68f355fc0	5cd685b10520	e40000	e40000	10000	4b09
31.952485	7600e	43	4c22	6	13869e9	5cd6893c5a60	a	10000	7ffc7e35d2a0	2aad	5cd689410530	5cd68f355fc0	5cd6845d0520	1390000	1390000	10000	4ef7
31.962273	76060	5cd6893d0520	8fd8	11	82237	5cd6893c5a60	2aad	10000	7ffc7e35d2a0	2aad	5cd689410530	5cd68f355fc0	5cd6892d0520	50000	8fd4	10000	0
31.975762	1cb9fe75db8a	5cd6893e6cdc	59ef	121b8	167bc	5cd6893d4b24	5cd6893eb2e0	59ef	7ffc7e35d298	5cd6893e6cdc	5cd689410530	5cd68f355fc0	5cd687f10520	550000	550000	10000	5010
31.989590	76066	5cd6893d0520	b6d4	11	991349	5cd6893c5a60	2aad	10000	7ffc7e35d2a0	2aad	5cd689410530	5cd68f355fc0	5cd686e50520	970000	b6d0	10000	0
31.994778	80b50	5cd6a2896d10	7ffc7e35d440	22a5	79905cc1ac80	5cd689360010	7	5cd6a3a5f8b0	7ffc7e35d250	5cd6a2896d10	5cd6a2896d10	5cd68f62ff30	c9452bc815867652	7ffc7e35d258	d	3	5cd65e4ecd70
32.008353	75fe9	2cf	4c22	9	1022181	5cd6893c5a60	49	10000	7ffc7e35d2a0	2aad	5cd689410530	5cd68f355fc0	5cd685350520	1030000	1030000	10000	3531
32.020652	76073	5cd6893d0520	e768	11	140e70d	5cd6893c5a60	2aad	10000	7ffc7e35d2a0	2aad	5cd689410530	5cd68f355fc0	5cd684410520	1400000	e764	10000	0
32.028524	75fed	bb5b	4c22	f	16b1e21	5cd6893c5a60	9b5	10000	7ffc7e35d2a0	2aad	5cd689410530	5cd68f355fc0	5cd683910520	16c0000	16c0000	10000	3f56
32.039300	75fad	5cd6956c9340	4c22	11	2a48bf	5cd6893c5a60	1b98	10000	7ffc7e35d2a0	2aad	5cd689410530	5cd6922bae10	5cd688990520	2a0000	2a0000	10000	1a3b
32.051524	75fed	8b	4c22	7	748919	5cd6893c5a60	11	10000	7ffc7e35d2a0	2aad	5cd689410530	5cd6922bae10	5cd6876d0520	750000	750000	10000	4805
32.066533	7600e	2b	4c22	5	c4d996	5cd6893c5a60	7	10000	7ffc7e35d2a0	2aad	5cd689410530	5cd6922bae10	5cd6862d0520	c50000	c50000	10000	6f2
32.074938	7600e	297e5	4c22	11	f3b1ba	5cd6893c5a60	1e13	10000	7ffc7e35d2a0	2aad	5cd689410530	5cd6922bae10	5cd685710520	f40000	f40000	10000	1a0c
32.087496	7600a	2b	4c22	5	13eb697	5cd6893c5a60	7	10000	7ffc7e35d2a0	2aad	5cd689410530	5cd6922bae10	5cd684450520	13f0000	13f0000	10000	47d6
32.097910	7600e	10bb	4c22	c	e448a	5cd6893c5a60	11f	10000	7ffc7e35d2a0	2aad	5cd689410530	5cd6922bae10	5cd689050520	f0000	f0000	10000	d58
32.111780	75ff5	2e49f	4c22	11	661d49	5cd6893c5a60	214a	10000	7ffc7e35d2a0	2aad	5cd689410530	5cd6922bae10	5cd687ad0520	650000	650000	10000	1f13
32.119066	75f99	18293	4c22	10	911152	5cd6893c5a60	1293	10000	7ffc7e35d2a0	2aad	5cd689410530	5cd6922bae10	5cd687010520	900000	900000	10000	54e8
32.130781	75fad	5cd6956c9340	4c22	11	cf9614	5cd6893c5a60	18f1	10000	7ffc7e35d2a0	2aad	5cd689410530	5cd6922bae10	5cd686050520	cf0000	cf0000	10000	3705
32.141993	75fad	5cd6956c9340	4c22	11	10a6023	5cd6893c5a60	1962	10000	7ffc7e35d2a0	2aad	5cd689410530	5cd6922bae10	5cd6851d0520	1090000	1090000	10000	2e10
32.148622	75fed	1fea9	4c22	10	12f1800	5cd6893c5a60	17c6	10000	7ffc7e35d2a0	2aad	5cd689410530	5cd6922bae10	5cd684810520	1300000	1300000	10000	2cb1
32.155422	75fed	19817	4c22	10	14af9e3	5cd6893c5a60	1387	10000	7ffc7e35d2a0	2aad	5cd689410530	5cd6922bae10	5cd684150520	14b0000	14b0000	10000	3994
32.167920	1cb9fe660a6b	5cd6a39a9740	79905cc1ac80	5cd6893620a0	79905cc1ad00	79905cc1acf0	0	18	7ffc7e35d0a0	5cd689360010	79905cc1ac80	5	7	5cd68f233c30	20	c9452bc815867652	10
32.178953	1cb9fe75db24	5cd6893d0520	3adc	614c	7c4c	5cd698c17020	5cd6893d2020	1f13	7ffc7e35d298	5cd6893d0520	fffffffff07bb000	110	c9452bc815867652	650000	650000	10000	1f13
32.187626	76073	5cd6893d0520	b50	11	8c3696	5cd6893c5a60	2aad	10000	7ffc7e35d2a0	2aad	5cd689410530	5cd6922bae10	5cd687110520	8c0000	b4c	10000	0
32.193959	75fed	43c7	4c22	e	b3c275	5cd6893c5a60	3da	10000	7ffc7e35d2a0	2aad	5cd689410530	5cd6922bae10	5cd686710520	b40000	b40000	10000	2a22
32.209045	75fed	4f	4c22	6	10ecfdb	5cd6893c5a60	d	10000	7ffc7e35d2a0	2aad	5cd689410530	5cd6922bae10	5cd685050520	10f0000	10f0000	10000	26ef
32.217498	7600e	35	4c22	5	1407765	5cd6893c5a60	8	10000	7ffc7e35d2a0	2aad	5cd689410530	5cd6922bae10	5cd6843d0520	1410000	1410000	10000	981
32.230847	75fed	8c89	4c22	f	21f0c8	5cd6893c5a60	781	10000	7ffc7e35d2a0	2aad	5cd689410530	5cd6922bae10	5cd688b90520	220000	220000	10000	5c2
32.245813	75fe0	10cd3	4c22	10	5cd689410530	5cd6893c5a60	d6c	10000	7ffc7e35d2a0	2aad	5cd689410530	5cd6922bae10	5cd6874d0520	7d0000	7d0000	10000	28f
32.251520	7600e	139	4c22	8	9f163a	5cd6893c5a60	25	10000	7ffc7e35d2a0	2aad	5cd689410530	5cd6922bae10	5cd686c10520	a00000	a00000	10000	23eb
32.266192	75fed	c5	4c22	7	f9c017	5cd6893c5a60	17	10000	7ffc7e35d2a0	2aad	5cd689410530	5cd6922bae10	5cd685590520	fa0000	fa0000	10000	12eb
32.271767	76073	5cd6893d0520	5fd0	11	1182f00	5cd6893c5a60	2aad	10000	7ffc7e35d2a0	2aad	5cd689410530	5cd6922bae10	5cd684e50520	1170000	5fcc	10000	0
32.282908	76073	5cd6893d0520	78b4	11	14d954a	5cd6893c5a60	2aad	10000	7ffc7e35d2a0	2aad	5cd689410530	5cd6922bae10	5cd684150520	14b0000	78b0	10000	0
32.293496	7600e	58f9	4c22	e	1141d2	5cd6893c5a60	4e8	10000	7ffc7e35d2a0	2aad	5cd689410530	5cd6922bae10	5cd688f90520	120000	120000	10000	36bf
32.303518	76077	ffff	27a4	11	49db5e	5cd6893c5a60	2aad	10000	7ffc7e35d2a0	2aad	5cd689410530	5cd6922bae10	5cd688210520	480000	27a0	10000	0
32.310405	1cb9fe75db8a	5cd6893e6cdc	59ef	bed8	167bc	5cd6893dae04	5cd6893f15c0	59ef	7ffc7e35d298	5cd6893e6cdc	5cd689410530	5cd6922bae10	5cd687950520	6c0000	6c0000	10000	25bf
32.318761	75fed	35333	4c22	11	99a475	5cd6893c5a60	2594	10000	7ffc7e35d2a0	2aad	5cd689410530	5cd6922bae10	5cd686d90520	9a0000	9a0000	10000	2b0c
32.330375	75ffd	2ffbf	4c22	11	dc2d74	5cd6893c5a60	2262	10000	7ffc7e35d2a0	2aad	5cd689410530	5cd6922bae10	5cd685d10520	dc0000	dc0000	10000	3690
32.336072	1cb9fe75e10a	0	1	84f8	5cd6a3f26a40	0	5cd6a3f29000	7f	7ffc7e35d298	0	5cd6a3f26a40	5cd6a04a2440	79905cc1ace0	5cd6984a9988	5cd6893d0520	aab4	7f
32.350289	75fed	220c1	4c22	11	14e5c17	5cd6893c5a60	194a	10000	7ffc7e35d2a0	2aad	5cd689410530	5cd6922bae10	5cd684050520	14f0000	14f0000	10000	16d9
32.359827	76073	5cd6893d0520	742c	11	babfa	5cd6893c5a60	2aad	10000	7ffc7e35d2a0	2aad	5cd689410530	5cd6922bae10	5cd689150520	b0000	7428	10000	0
32.367652	1cb9fe75db8a	5cd6893d0520	248f	7f20	d580	5cd698c1524c	5cd6893d5b80	3560	7ffc7e35d298	5cd6893d0520	5cd689410530	5cd6922bae10	5cd688610520	390000	390000	10000	3560
32.373331	76066	5cd6893d0520	96bc	11	5f95dc	5cd6893c5a60	2aad	10000	7ffc7e35d2a0	2aad	5cd689410530	5cd6922bae10	5cd687cd0520	5d0000	96b8	10000	0
32.380367	75fed	8c3	4c22	b	867857	5cd6893c5a60	ad	10000	7ffc7e35d2a0	2aad	5cd689410530	5cd6922bae10	5cd687250520	870000	870000	10000	32a2
32.388331	76073	5cd6893d0520	b22c	11	b75031	5cd6893c5a60	2aad	10000	7ffc7e35d2a0	2aad	5cd689410530	5cd6922bae10	5cd686710520	b40000	b228	10000	0
32.394469	75fed	331af	4c22	11	d818db	5cd6893c5a60	2449	10000	7ffc7e35d2a0	2aad	5cd689410530	5cd6922bae10	5cd685dd0520	d90000	d90000	10000	d29
32.405867	1cb9fe75e10a	0	1	a818	5cd6a3ff1d60	0	5cd6a3ff2000	7e	7ffc7e35d298	0	5cd6a3ff1d60	5cd689a057b0	79905cc1ace0	5cd6984a9988	5cd6893d0520	aab4	7e
32.414769	75fed	32f11	4c22	11	1541332	5cd6893c5a60	2435	10000	7ffc7e35d2a0	2aad	5cd689410530	5cd6922bae10	5cd683ed0520	1550000	1550000	10000	fb8
32.424649	7600e	43	4c22	6	1dccb8	5cd6893c5a60	a	10000	7ffc7e35d2a0	2aad	5cd689410530	5cd6922bae10	5cd688c90520	1e0000	1e0000	10000	287d
32.436590	7bd92	5cd6922baa30	2	3c	5cd6a3fc5940	5cd65e4ec938	7ffc7e35d198	0	7ffc7e35d190	3c	18	13c	c9452bc815867652	5cd6a3fc5990	0	13c	5cd6a3fc5850
32.444049	76066	5cd6893d0520	fe1c	11	8b8e84	5cd6893c5a60	2aad	10000	7ffc7e35d2a0	2aad	5cd689410530	5cd6922bae10	5cd687190520	8a0000	fe18	10000	0
32.453385	7600e	3be03	4c22	11	c422b1	5cd6893c5a60	29eb	10000	7ffc7e35d2a0	2aad	5cd689410530	5cd6922bae10	5cd6862d0520	c50000	c50000	10000	6f2
32.465777	75fed	e3	4c22	7	10d87ed	5cd6893c5a60	1a	10000	7ffc7e35d2a0	2aad	5cd689410530	5cd6922bae10	5cd685090520	10e0000	10e0000	10000	1922
32.479725	75fed	1fc4f	4c22	10	1622ec6	5cd6893c5a60	17af	10000	7ffc7e35d2a0	2aad	5cd689410530	5cd6922bae10	5cd683b50520	1630000	1630000	10000	1d10
32.494712	75fed	152b	4c22	c	48ef41	5cd6893c5a60	158	10000	7ffc7e35d2a0	2aad	5cd689410530	5cd6922bae10	5cd6881d0520	490000	490000	10000	463
32.507632	75fed	91d	4c22	b	93a18f	5cd6893c5a60	b3	10000	7ffc7e35d2a0	2aad	5cd689410530	5cd6922bae10	5cd686f10520	940000	940000	10000	322d
32.520232	7600e	ee4f	4c22	f	e0337e	5cd6893c5a60	c22	10000	7ffc7e35d2a0	2aad	5cd689410530	5cd6922bae10	5cd685bd0520	e10000	e10000	10000	21a2
32.525973	1cb9fe65f721	211	20	0	7	5cd689360010	7	5cd69b159030	7ffc7e35d150	5cd69b159040	5cd694b87100	5cd691bbff10	c9452bc815867652	79905cc1ac80	0	5cd69b159050	5cd69b159040
32.534596	75fed	49	4c22	6	1362ce5	5cd6893c5a60	c	10000	7ffc7e35d2a0	2aad	5cd689410530	5cd6922bae10	5cd684650520	1370000	1370000	10000	335d
32.543756	76060	5cd6893d0520	b45c	11	16f4144	5cd6893c5a60	2aad	10000	7ffc7e35d2a0	2aad	5cd689410530	5cd6922bae10	5cd683910520	16c0000	b458	10000	0
32.553397	7600e	1ea1f	4c22	10	36de15	5cd6893c5a60	16e6	10000	7ffc7e35d2a0	2aad	5cd689410530	5cd6922bae10	5cd688650520	370000	370000	10000	19c6
32.565700	75fed	13c75	4c22	10	80e262	5cd6893c5a60	f9d	10000	7ffc7e35d2a0	2aad	5cd689410530	5cd6922bae10	5cd6873d0520	810000	810000	10000	39c3
32.577078	76073	5cd6893d0520	7d28	11	c78499	5cd6893c5a60	2aad	10000	7ffc7e35d2a0	2aad	5cd689410530	5cd6922bae10	5cd686290520	c60000	7d24	10000	0
32.591418	76066	5cd6893d0520	61c	11	11f3eee	5cd6893c5a60	2aad	10000	7ffc7e35d2a0	2aad	5cd689410530	5cd6922bae10	5cd684c90520	11e0000	618	10000	0
32.602380	75fad	5cd6956c9340	4c22	11	15f053f	5cd6893c5a60	1998	10000	7ffc7e35d2a0	2aad	5cd689410530	5cd6922bae10	5cd683c50520	15f0000	15f0000	10000	3fcb
32.609248	7600e	25	4c22	5	15325c	5cd6893c5a60	6	10000	7ffc7e35d2a0	2aad	5cd689410530	5cd6922bae10	5cd688e90520	160000	160000	10000	1404
32.623811	783e8	0	0	5cd6a438edf8	18	5cd6a438ee40	5cd6a438ee58	5cd6a438edf0	7ffc7e35d2a0	0	5cd6a438edf0	5cd6948db270	79905cc1ace0	7	6	5cd68d2e7e20	9
32.638699	1cb9fe75e10a	0	1	74b8	5cd6a443fa00	0	5cd6a4443000	7f	7ffc7e35d298	0	5cd6a443fa00	5cd69de84410	79905cc1ace0	5cd6984a9988	5cd6893d0520	aab4	7f
32.650598	75ff5	177a7	4c22	10	109432d	5cd6893c5a60	1220	10000	7ffc7e35d2a0	2aad	5cd689410530	5cd6922bae10	5cd6851d0520	1090000	1090000	10000	2e10
32.658927	7600e	922f	4c22	f	137b55a	5cd6893c5a60	7ca	10000	7ffc7e35d2a0	2aad	5cd689410530	5cd6922bae10	5cd684610520	1380000	1380000	10000	412a
32.665604	75fed	133c7	4c22	10	1609762	5cd6893c5a60	f3c	10000	7ffc7e35d2a0	2aad	5cd689410530	5cd6922bae10	5cd683bd0520	1610000	1610000	10000	176
32.677124	75fed	9e5f	4c22	f	31a941	5cd6893c5a60	853	10000	7ffc7e35d2a0	2aad	5cd689410530	5cd6922bae10	5cd688790520	320000	320000	10000	2eb4
32.683005	75ffd	1d1fd	4c22	10	505c76	5cd6893c5a60	15d9	10000	7ffc7e35d2a0	2aad	5cd689410530	5cd6922bae10	5cd688010520	500000	500000	10000	b0f
32.688194	75f9c	1a5e7	4c22	10	6bb08e	5cd6893c5a60	1418	10000	7ffc7e35d2a0	2aad	5cd689410530	5cd6922bae10	5cd687950520	6b0000	6b0000	10000	17f2
32.701947	75fed	321d	4c22	d	be6d1f	5cd6893c5a60	2e6	10000	7ffc7e35d2a0	2aad	5cd689410530	5cd6922bae10	5cd686450520	bf0000	bf0000	10000	e13
32.716002	7600e	287	4c22	9	110f066	5cd6893c5a60	42	10000	7ffc7e35d2a0	2aad	5cd689410530	5cd6922bae10	5cd684fd0520	1110000	1110000	10000	4289
32.724198	75fed	6fb	4c22	a	1360c52	5cd6893c5a60	98	10000	7ffc7e35d2a0	2aad	5cd689410530	5cd6922bae10	5cd684650520	1370000	1370000	10000	335d
32.733047	75fed	1ce1	4c22	c	1699ddd	5cd6893c5a60	1be	10000	7ffc7e35d2a0	2aad	5cd689410530	5cd6922bae10	5cd683990520	16a0000	16a0000	10000	23bc
32.738856	7600e	17b93	4c22	10	1c37a3	5cd6893c5a60	1246	10000	7ffc7e35d2a0	2aad	5cd689410530	5cd6922bae10	5cd688cd0520	1d0000	1d0000	10000	1ab0
32.753573	75fc9	2aad	4c22	11	6e0c89	5cd6893c5a60	25b9	10000	7ffc7e35d2a0	2aad	5cd689410530	5cd6922bae10	5cd6878d0520	6d0000	6d0000	10000	338c
32.767084	76001	230d5	4c22	11	c04d77	5cd6893c5a60	19fb	10000	7ffc7e35d2a0	2aad	5cd689410530	5cd6922bae10	5cd686410520	c00000	c00000	10000	1be0
32.781730	75fed	148fd	4c22	10	11cf1d0	5cd6893c5a60	1023	10000	7ffc7e35d2a0	2aad	5cd689410530	5cd6922bae10	5cd684cd0520	11d0000	11d0000	10000	3447
32.793630	75fed	22945	4c22	11	1660e53	5cd6893c5a60	19a0	10000	7ffc7e35d2a0	2aad	5cd689410530	5cd6922bae10	5cd683a50520	1670000	1670000	10000	5444
32.799417	7600e	3bf75	4c22	11	1ac2bd	5cd6893c5a60	29f8	10000	7ffc7e35d2a0	2aad	5cd689410530	5cd6922bae10	5cd688d50520	1b0000	1b0000	10000	5905
32.811543	75ff0	e22b	4c22	f	66f512	5cd6893c5a60	b90	10000	7ffc7e35d2a0	2aad	5cd689410530	5cd6922bae10	5cd687a50520	670000	670000	10000	3aad
32.821875	75fad	5cd6956c9340	4c22	11	a7b9da	5cd6893c5a60	1cfb	10000	7ffc7e35d2a0	2aad	5cd689410530	5cd6922bae10	5cd686a50520	a70000	a70000	10000	2a97
32.835578	7600e	2edff	4c22	11	fa61da	5cd6893c5a60	21ac	10000	7ffc7e35d2a0	2aad	5cd689410530	5cd6922bae10	5cd685550520	fb0000	fb0000	10000	20b8
32.850012	76055	8724	8720	11	157cd99	5cd6893c5a60	2aad	10000	7ffc7e35d2a0	2aad	5cd689410530	5cd6922bae10	5cd683e90520	1560000	871c	10000	0
32.864027	76001	21383	4c22	11	3e2e26	5cd6893c5a60	18ac	10000	7ffc7e35d2a0	2aad	5cd689410530	5cd6922bae10	5cd6884d0520	3d0000	3d0000	10000	12a5
32.871566	75fed	2dbc9	4c22	11	68d5a3	5cd6893c5a60	20f0	10000	7ffc7e35d2a0	2aad	5cd689410530	5cd6922bae10	5cd6879d0520	690000	690000	10000	5647
32.882609	75fed	49	4c22	6	a6f11c	5cd6893c5a60	c	10000	7ffc7e35d2a0	2aad	5cd689410530	5cd6922bae10	5cd686a50520	a70000	a70000	10000	2a97
32.894575	7600e	2bd	4c22	9	dc8d76	5cd6893c5a60	48	10000	7ffc7e35d2a0	2aad	5cd689410530	5cd6922bae10	5cd685cd0520	dd0000	dd0000	10000	445d
32.900613	75fed	49	4c22	6	100b548	5cd6893c5a60	c	10000	7ffc7e35d2a0	2aad	5cd689410530	5cd6922bae10	5cd6853d0520	1010000	1010000	10000	1997
32.910040	75fed	32c9	4c22	d	13a3972	5cd6893c5a60	2f0	10000	7ffc7e35d2a0	2aad	5cd689410530	5cd6922bae10	5cd684550520	13b0000	13b0000	10000	10a2
32.916723	75f95	170d5	4c22	10	1645d8c	5cd6893c5a60	11da	10000	7ffc7e35d2a0	2aad	5cd689410530	5cd6922bae10	5cd683b10520	1640000	1640000	10000	2add
32.926336	75fed	2ee07	4c22	11	2a8b99	5cd6893c5a60	21ad	10000	7ffc7e35d2a0	2aad	5cd689410530	5cd6922bae10	5cd688950520	2b0000	2b0000	10000	2808
32.934456	75fed	1f229	4c22	10	5b82a5	5cd6893c5a60	173a	10000	7ffc7e35d2a0	2aad	5cd689410530	5cd6922bae10	5cd687d10520	5c0000	5c0000	10000	56bc
32.945767	76060	5cd6893d0520	6100	11	a1938b	5cd6893c5a60	2aad	10000	7ffc7e35d2a0	2aad	5cd689410530	5cd6922bae10	5cd686c90520	9e0000	60fc	10000	0
32.951736	1cb9fe75db24	5cd6893d0520	2275	588c	dde8	5cd698c178e0	5cd6893d8a7c	377a	7ffc7e35d298	5cd6893d0520	fffffffff07c119c	5cd6922bae10	5cd6863d0520	c20000	c20000	10000	377a
32.957638	7600e	3932f	4c22	11	e3372e	5cd6893c5a60	283a	10000	7ffc7e35d2a0	2aad	5cd689410530	5cd6922bae10	5cd685b10520	e40000	e40000	10000	4b09
32.972605	7600e	2b	4c22	5	143da42	5cd6893c5a60	7	10000	7ffc7e35d2a0	2aad	5cd689410530	5cd6922bae10	5cd684310520	1440000	1440000	10000	32e8
32.984849	75fed	2a6af	4c22	11	bb102	5cd6893c5a60	1eb1	10000	7ffc7e35d2a0	2aad	5cd689410530	5cd6922bae10	5cd689110520	c0000	c0000	10000	3de0
32.996774	75fed	685d	4c22	e	57d999	5cd6893c5a60	5a8	10000	7ffc7e35d2a0	2aad	5cd689410530	5cd6922bae10	5cd687e10520	580000	580000	10000	1f88
33.004282	75fed	21c7	4c22	d	83a9d7	5cd6893c5a60	203	10000	7ffc7e35d2a0	2aad	5cd689410530	5cd6922bae10	5cd687310520	840000	840000	10000	93b
33.010055	75fed	43	4c22	6	a65a08	5cd6893c5a60	a	10000	7ffc7e35d2a0	2aad	5cd689410530	5cd6922bae10	5cd686a50520	a70000	a70000	10000	2a97
33.024003	7604c	695c	6958	11	ffc692	5cd6893c5a60	2aad	10000	7ffc7e35d2a0	2aad	5cd689410530	5cd6922bae10	5cd6854d0520	fd0000	6954	10000	0
33.031992	1cb9fe75db8a	5cd6893d0520	3b0b	5450	7b90	5cd698c17d1c	5cd6893d2c60	1ee4	7ffc7e35d298	5cd6893d0520	5cd689410530	5cd6922bae10	5cd684890520	12f0000	12f0000	10000	1ee4
33.040921	75fed	4133	4c22	e	15d3357	5cd6893c5a60	3b3	10000	7ffc7e35d2a0	2aad	5cd689410530	5cd6922bae10	5cd683c90520	15e0000	15e0000	10000	31fe
33.049850	75fed	3433d	4c22	11	21779f	5cd6893c5a60	24e0	10000	7ffc7e35d2a0	2aad	5cd689410530	5cd6922bae10	5cd688b90520	220000	220000	10000	5c2
33.061782	7600e	2800d	4c22	11	6a3b19	5cd6893c5a60	1d1e	10000	7ffc7e35d2a0	2aad	5cd689410530	5cd6922bae10	5cd687950520	6b0000	6b0000	10000	17f2
33.074507	1cb9fe6621d7	5cd6a4a3c940	ffffffffffffffa0	6	5cd689360010	100	1f	100	7ffc7e35d140	5cd6a1f02b50	5cd692aa6bc0	5cd68f233c40	c9452bc815867652	f	5cd692aa6bc0	100	1
33.086607	7600e	1f471	4c22	10	1047658	5cd6893c5a60	1752	10000	7ffc7e35d2a0	2aad	5cd689410530	5cd6922bae10	5cd6852d0520	1050000	1050000	10000	50cb
33.095211	7600e	89	4c22	7	13cbbf7	5cd6893c5a60	10	10000	7ffc7e35d2a0	2aad	5cd689410530	5cd6922bae10	5cd6844d0520	13d0000	13d0000	10000	2c3c
33.105369	1cb9fe75db8a	5cd6893e6cdc	59ef	3dd8	167bc	5cd6893e2f04	5cd6893f96c0	59ef	7ffc7e35d298	5cd6893e6cdc	fffffffff07c310c	5cd6922bae10	5cd683950520	16c0000	16c0000	10000	3f56
33.120371	75ff5	2e15f	4c22	11	5868a1	5cd6893c5a60	2128	10000	7ffc7e35d2a0	2aad	5cd689410530	5cd6922bae10	5cd687e10520	580000	580000	10000	1f88
33.130782	75fed	43	4c22	6	955f21	5cd6893c5a60	a	10000	7ffc7e35d2a0	2aad	5cd689410530	5cd6922bae10	5cd686e90520	960000	960000	10000	4dc7
33.138953	75fed	ce65	4c22	f	c72f5c	5cd6893c5a60	a9b	10000	7ffc7e35d2a0	2aad	5cd689410530	5cd6922bae10	5cd686210520	c80000	c80000	10000	3059
33.144700	7600e	a3	4c22	7	ea3a10	5cd6893c5a60	12	10000	7ffc7e35d2a0	2aad	5cd689410530	5cd6922bae10	5cd685950520	eb0000	eb0000	10000	51b5
33.159599	7600e	233	4c22	9	146b9c9	5cd6893c5a60	3a	10000	7ffc7e35d2a0	2aad	5cd689410530	5cd6922bae10	5cd684250520	1470000	1470000	10000	260
33.172506	7600e	8b	4c22	7	24ef99	5cd6893c5a60	11	10000	7ffc7e35d2a0	2aad	5cd689410530	5cd6922bae10	5cd688ad0520	250000	250000	10000	2f29
33.185962	7600e	aa5d	4c22	f	72fb08	5cd6893c5a60	8e0	10000	7ffc7e35d2a0	2aad	5cd689410530	5cd6922bae10	5cd687750520	730000	730000	10000	2c6b
33.196341	7600e	6a75	4c22	e	ac0dc4	5cd6893c5a60	5c3	10000	7ffc7e35d2a0	2aad	5cd689410530	5cd6922bae10	5cd6868d0520	ad0000	ad0000	10000	2376
33.207227	1cb9fe75e10a	0	1	26d8	5cd6a4c33c20	0	5cd6a4c3c000	7f	7ffc7e35d298	0	5cd6a4c33c20	5cd6a2c51150	79905cc1ace0	5cd6984a9988	5cd6893d0520	aab4	7f
33.214117	7c0b7	5cd6a4ba8af0	5	5cd6993c3638	1	5cd6a4ba8620	1f	22	7ffc7e35d170	5cd692aa6bc0	5cd6940d2f70	5cd6993c3630	c9452bc815867652	7ffc7e35d188	23	22a4	5cd65e4ecb30
33.227962	7600e	4b43	4c22	e	153c980	5cd6893c5a60	438	10000	7ffc7e35d2a0	2aad	5cd689410530	5cd6922bae10	5cd683f10520	1540000	1540000	10000	1eb
33.239996	7600a	175d5	4c22	10	239e6c	5cd6893c5a60	120d	10000	7ffc7e35d2a0	2aad	5cd689410530	5cd6922bae10	5cd688b10520	240000	240000	10000	215c
33.249045	75fa3	324a9	4c22	11	576dd0	5cd6893c5a60	23c1	10000	7ffc7e35d2a0	2aad	5cd689410530	5cd6922bae10	5cd687e90520	560000	560000	10000	3ee
33.261484	75fed	4f87	4c22	e	8a974d	5cd6893c5a60	470	10000	7ffc7e35d2a0	2aad	5cd689410530	5cd6922bae10	5cd687150520	8b0000	8b0000	10000	fe7
33.269580	7600e	49	4c22	6	accaee	5cd6893c5a60	c	10000	7ffc7e35d2a0	2aad	5cd689410530	5cd6922bae10	5cd6868d0520	ad0000	ad0000	10000	2376
33.279528	75f99	1d18b	4c22	10	d8cb75	5cd6893c5a60	15d3	10000	7ffc7e35d2a0	2aad	5cd689410530	5cd6922bae10	5cd685e10520	d80000	d80000	10000	594b
33.286502	7600e	351e9	4c22	11	f3d994	5cd6893c5a60	2587	10000	7ffc7e35d2a0	2aad	5cd689410530	5cd6922bae10	5cd685710520	f40000	f40000	10000	1a0c
33.299190	75fed	1b761	4c22	10	13ce556	5cd6893c5a60	14c2	10000	7ffc7e35d2a0	2aad	5cd689410530	5cd6922bae10	5cd6844d0520	13d0000	13d0000	10000	2c3c
33.308421	75681	27a1a	3a7b7	5cd68c3797b0	27a1a	1677e	290a	2879f	7ffc7e35d2a0	3a7b7	0	1854b	c2a5cd066880196d	290a	8000000000000150	7bfe5bdef9a07ea	2aad
33.315699	75fe4	1e2bf	4c22	10	22a7b2	5cd6893c5a60	1690	10000	7ffc7e35d2a0	2aad	5cd689410530	5cd6922bae10	5cd688b90520	220000	220000	10000	5c2
33.327612	75fad	5cd6956c9340	4c22	11	69489e	5cd6893c5a60	1c41	10000	7ffc7e35d2a0	2aad	5cd689410530	5cd6922bae10	5cd6879d0520	690000	690000	10000	5647
33.337786	7600e	c7fd	4c22	f	9fcfeb	5cd6893c5a60	a4a	10000	7ffc7e35d2a0	2aad	5cd689410530	5cd6922bae10	5cd686c10520	a00000	a00000	10000	23eb
33.351038	76060	5cd6893d0520	f028	11	f2de14	5cd6893c5a60	2aad	10000	7ffc7e35d2a0	2aad	5cd689410530	5cd6922bae10	5cd685790520	f20000	f024	10000	0
33.360614	7600e	4f	4c22	6	12b7d43	5cd6893c5a60	d	10000	7ffc7e35d2a0	2aad	5cd689410530	5cd6922bae10	5cd684910520	12c0000	12c0000	10000	4f6c
33.375535	77251	1	4	ff	5	5cd68e20bde0	ff	5cd6a4e3e0c0	7ffc7e35d2a0	5cd691361b30	5cd68e20bde0	4	22a5	5cd6925546c0	9	68	5cd6925546c8
33.387902	75fe4	2d39b	4c22	11	553b04	5cd6893c5a60	2095	10000	7ffc7e35d2a0	2aad	5cd689410530	5cd6922bae10	5cd687f10520	540000	540000	10000	4243
33.394418	75f95	26689	4c22	11	739198	5cd6893c5a60	1c19	10000	7ffc7e35d2a0	2aad	5cd689410530	5cd6922bae10	5cd687750520	730000	730000	10000	2c6b
33.404639	76058	4184	4180	11	b4aeb0	5cd6893c5a60	2aad	10000	7ffc7e35d2a0	2aad	5cd689410530	5cd6922bae10	5cd686750520	b30000	4180	10000	0
33.415949	75fe9	25	4c22	5	f263c8	5cd6893c5a60	6	10000	7ffc7e35d2a0	2aad	5cd689410530	5cd6922bae10	5cd685750520	f30000	f30000	10000	c3f
33.430011	75fed	359	4c22	9	148bd38	5cd6893c5a60	51	10000	7ffc7e35d2a0	2aad	5cd689410530	5cd6922bae10	5cd6841d0520	1490000	1490000	10000	1dfa
33.439781	7600e	c775	4c22	f	ef2de	5cd6893c5a60	a43	10000	7ffc7e35d2a0	2aad	5cd689410530	5cd6922bae10	5cd689050520	f0000	f0000	10000	d58
33.452041	1cb9fe75e10a	0	1	9518	5cd6a4fd7a60	0	5cd6a4fd9000	7e	7ffc7e35d298	0	5cd6a4fd7a60	5cd68ba00d70	79905cc1ace0	5cd6984a9988	5cd6893d0520	aab4	7e
33.457350	75fe0	15ccd	4c22	10	5cd689410530	5cd6893c5a60	10f2	10000	7ffc7e35d2a0	2aad	5cd689410530	5cd6922bae10	5cd687610520	780000	780000	10000	177d
33.463842	75fad	5cd6956c9340	4c22	f	a36e84	5cd6893c5a60	b6e	10000	7ffc7e35d2a0	2aad	5cd689410530	5cd6922bae10	5cd686b50520	a30000	a30000	10000	4d52
33.474186	7600e	35ecf	4c22	11	e2e18c	5cd6893c5a60	260a	10000	7ffc7e35d2a0	2aad	5cd689410530	5cd6922bae10	5cd685b50520	e30000	e30000	10000	3d3c
33.482241	7600e	194a7	4c22	10	1129867	5cd6893c5a60	135d	10000	7ffc7e35d2a0	2aad	5cd689410530	5cd6922bae10	5cd684f50520	1130000	1130000	10000	434
33.491317	76060	5cd6893d0520	5cbc	11	14b73eb	5cd6893c5a60	2aad	10000	7ffc7e35d2a0	2aad	5cd689410530	5cd6922bae10	5cd684190520	14a0000	5cb8	10000	0
33.504140	7600e	c7	4c22	7	27873d	5cd6893c5a60	18	10000	7ffc7e35d2a0	2aad	5cd689410530	5cd6922bae10	5cd688a10520	280000	280000	10000	5890
33.513024	7600e	293	4c22	9	5e8e06	5cd6893c5a60	44	10000	7ffc7e35d2a0	2aad	5cd689410530	5cd6922bae10	5cd687c50520	5f0000	5f0000	10000	2634
33.526778	75fed	b5	4c22	7	b1d55a	5cd6893c5a60	15	10000	7ffc7e35d2a0	2aad	5cd689410530	5cd6922bae10	5cd686790520	b20000	b20000	10000	e88
33.538806	75fed	3d	4c22	5	f6a60b	5cd6893c5a60	9	10000	7ffc7e35d2a0	2aad	5cd689410530	5cd6922bae10	5cd685650520	f70000	f70000	10000	4373
33.544309	76073	5cd6893d0520	fe30	11	118b5e0	5cd6893c5a60	2aad	10000	7ffc7e35d2a0	2aad	5cd689410530	5cd6922bae10	5cd684e10520	1180000	fe2c	10000	0
33.553611	7600e	2d665	4c22	11	14d1201	5cd6893c5a60	20af	10000	7ffc7e35d2a0	2aad	5cd689410530	5cd6922bae10	5cd684090520	14e0000	14e0000	10000	90c
33.566723	7600e	26d05	4c22	11	2b27e1	5cd6893c5a60	1c53	10000	7ffc7e35d2a0	2aad	5cd689410530	5cd6922bae10	5cd688910520	2c0000	2c0000	10000	35d5
33.575986	75fd5	c1	4c22	7	640021	5cd6893c5a60	16	10000	7ffc7e35d2a0	2aad	5cd689410530	5cd6922bae10	5cd687b10520	640000	640000	10000	1146
33.584097	77251	0	5	ff	6	5cd698daee88	ff	5cd6a51b4f00	7ffc7e35d2a0	5cd6961aad20	5cd698daee88	c	22a5	5cd69da8fd40	6	66	5cd69da8fd48
33.595554	7600e	1d53	4c22	c	d88935	5cd6893c5a60	1c2	10000	7ffc7e35d2a0	2aad	5cd689410530	5cd6922bae10	5cd685dd0520	d90000	d90000	10000	d29
33.603032	7600e	17b	4c22	8	106be4c	5cd6893c5a60	2b	10000	7ffc7e35d2a0	2aad	5cd689410530	5cd6922bae10	5cd685250520	1070000	1070000	10000	1276
33.610550	772b6	1	2	5cd69ed54d30	3	5cd69ed54d00	66	5cd6a5233270	7ffc7e35d2a0	5cd690e18970	66	0	22a4	5cd69ed54cb0	5	68	5cd69ed54cb8
33.619030	7600e	281	4c22	9	1645847	5cd6893c5a60	41	10000	7ffc7e35d2a0	2aad	5cd689410530	5cd6922bae10	5cd683ad0520	1650000	1650000	10000	38aa
33.628339	7600e	19f5b	4c22	10	20abaa	5cd6893c5a60	13d7	10000	7ffc7e35d2a0	2aad	5cd689410530	5cd6922bae10	5cd688bd0520	210000	210000	10000	51e4
33.643404	75fed	2e37b	4c22	11	7eba99	5cd6893c5a60	213d	10000	7ffc7e35d2a0	2aad	5cd689410530	5cd6922bae10	5cd687450520	7f0000	7f0000	10000	1e29
33.651643	7600e	c031	4c22	f	aef2f7	5cd6893c5a60	9ed	10000	7ffc7e35d2a0	2aad	5cd689410530	5cd6922bae10	5cd686850520	af0000	af0000	10000	3f10
33.666808	75fed	2b99	4c22	d	10e182a	5cd6893c5a60	281	10000	7ffc7e35d2a0	2aad	5cd689410530	5cd6922bae10	5cd685050520	10f0000	10f0000	10000	26ef
33.676874	7604c	b428	b424	11	14d0b0f	5cd6893c5a60	2aad	10000	7ffc7e35d2a0	2aad	5cd689410530	5cd6922bae10	5cd684110520	14c0000	b420	10000	0
33.688612	75fed	3a42f	4c22	11	20815e	5cd6893c5a60	28e2	10000	7ffc7e35d2a0	2aad	5cd689410530	5cd6922bae10	5cd688bd0520	210000	210000	10000	51e4
33.697924	7600e	16da7	4c22	10	59dff6	5cd6893c5a60	11bc	10000	7ffc7e35d2a0	2aad	5cd689410530	5cd6922bae10	5cd687d90520	5a0000	5a0000	10000	3b22
33.710222	75fed	fb	4c22	7	96e5e4	5cd6893c5a60	1d	10000	7ffc7e35d2a0	2aad	5cd689410530	5cd6922bae10	5cd686e50520	970000	970000	10000	1a5
33.715628	75fed	101	4c22	8	b7bb35	5cd6893c5a60	1e	10000	7ffc7e35d2a0	2aad	5cd689410530	5cd6922bae10	5cd686610520	b80000	b80000	10000	767
33.722067	7600e	49	4c22	6	dead02	5cd6893c5a60	c	10000	7ffc7e35d2a0	2aad	5cd689410530	5cd6922bae10	5cd685c50520	df0000	df0000	10000	608
33.729038	75fed	1b9fb	4c22	10	10762b7	5cd6893c5a60	14da	10000	7ffc7e35d2a0	2aad	5cd689410530	5cd6922bae10	5cd685210520	1080000	1080000	10000	2043
33.742397	769f5	5cd6956c9340	5cd68936ac00	6f21	25d1	0	0	5cd6a5473a80	7ffc7e35d2a0	2bffd	1fc2	5cd69890e6a0	c9452bc815867652	2aad	4	1fc3	13
33.752281	75f99	337b5	4c22	11	213b1d	5cd6893c5a60	2482	10000	7ffc7e35d2a0	2aad	5cd689410530	5cd6922bae10	5cd688c10520	200000	200000	10000	4417
33.761665	75fc0	2aad	4c22	11	5e4c75	5cd6893c5a60	2614	10000	7ffc7e35d2a0	2aad	5cd689410530	5cd6922bae10	5cd687d50520	5b0000	5b0000	10000	48ef
33.770214	75fed	4c2d	4c22	e	87890e	5cd6893c5a60	444	10000	7ffc7e35d2a0	2aad	5cd689410530	5cd6922bae10	5cd687210520	880000	880000	10000	406f
33.777149	75fad	5cd6956c9340	4c22	11	b3d72b	5cd6893c5a60	2674	10000	7ffc7e35d2a0	2aad	5cd689410530	5cd6922bae10	5cd686750520	b30000	b30000	10000	1c55
33.788255	75fed	18449	4c22	10	f6fcf5	5cd6893c5a60	12a3	10000	7ffc7e35d2a0	2aad	5cd689410530	5cd6922bae10	5cd685650520	f70000	f70000	10000	4373
33.793434	75fd1	5cd689385a40	4c22	11	118adfa	5cd6893c5a60	20a2	10000	7ffc7e35d2a0	2aad	5cd689410530	5cd6922bae10	5cd684e90520	1160000	1160000	10000	2d9b
33.805139	7600e	c5	4c22	7	15ef01a	5cd6893c5a60	17	10000	7ffc7e35d2a0	2aad	5cd689410530	5cd6922bae10	5cd683c50520	15f0000	15f0000	10000	3fcb
33.816141	7600e	261a7	4c22	11	303163	5cd6893c5a60	1bed	10000	7ffc7e35d2a0	2aad	5cd689410530	5cd6922bae10	5cd6887d0520	310000	310000	10000	20e7
33.827328	1cb9fe75db8a	5cd6893fd498	4c22	2ba0	13088	5cd6893e0a08	5cd68940d980	b3de	7ffc7e35d298	5cd6893fd498	fffffffff07c0010	9	c9452bc815867652	7a0000	7a0000	10000	3317
33.839767	75fed	14741	4c22	10	c7d25e	5cd6893c5a60	1014	10000	7ffc7e35d2a0	2aad	5cd689410530	5cd6922bae10	5cd686210520	c80000	c80000	10000	3059
33.845928	75f99	18d31	4c22	10	f17aea	5cd6893c5a60	1307	10000	7ffc7e35d2a0	2aad	5cd689410530	5cd6922bae10	5cd685810520	f00000	f00000	10000	3cc7
33.853378	7600e	47	4c22	6	11dad21	5cd6893c5a60	b	10000	7ffc7e35d2a0	2aad	5cd689410530	5cd6922bae10	5cd684c90520	11e0000	11e0000	10000	4214
33.861755	75fed	4f	4c22	6	14729c5	5cd6893c5a60	d	10000	7ffc7e35d2a0	2aad	5cd689410530	5cd6922bae10	5cd684210520	1480000	1480000	10000	102d
33.876432	7600e	7ca3	4c22	e	1dae18	5cd6893c5a60	6bf	10000	7ffc7e35d2a0	2aad	5cd689410530	5cd6922bae10	5cd688c90520	1e0000	1e0000	10000	287d
33.889176	7600e	1ca21	4c22	10	6f4a52	5cd6893c5a60	1581	10000	7ffc7e35d2a0	2aad	5cd689410530	5cd6922bae10	5cd687810520	700000	700000	10000	304
33.895764	7600e	282eb	4c22	11	979b03	5cd6893c5a60	1d41	10000	7ffc7e35d2a0	2aad	5cd689410530	5cd6922bae10	5cd686e10520	980000	980000	10000	f72
33.907613	7600e	a585	4c22	f	e00aae	5cd6893c5a60	8a8	10000	7ffc7e35d2a0	2aad	5cd689410530	5cd6922bae10	5cd685bd0520	e10000	e10000	10000	21a2
33.913757	75fed	2b	4c22	5	105ea4e	5cd6893c5a60	7	10000	7ffc7e35d2a0	2aad	5cd689410530	5cd6922bae10	5cd685290520	1060000	1060000	10000	4a9
33.927916	75ff5	1854d	4c22	10	15d71cc	5cd6893c5a60	12a8	10000	7ffc7e35d2a0	2aad	5cd689410530	5cd6922bae10	5cd683cd0520	15d0000	15d0000	10000	2431
33.933704	75fed	c7	4c22	7	11e9cd	5cd6893c5a60	18	10000	7ffc7e35d2a0	2aad	5cd689410530	5cd6922bae10	5cd688f90520	120000	120000	10000	36bf
33.944636	75fe9	1be99	4c22	10	567bf6	5cd6893c5a60	150a	10000	7ffc7e35d2a0	2aad	5cd689410530	5cd6922bae10	5cd687e50520	570000	570000	10000	11bb
33.954738	76001	23053	4c22	11	99606c	5cd6893c5a60	19f3	10000	7ffc7e35d2a0	2aad	5cd689410530	5cd6922bae10	5cd686dd0520	990000	990000	10000	1d3f
33.963189	7600e	3653	4c22	d	cc9e04	5cd6893c5a60	321	10000	7ffc7e35d2a0	2aad	5cd689410530	5cd6922bae10	5cd6860d0520	cd0000	cd0000	10000	1b6b
33.968595	76011	61c7	4c22	e	ee3795	5cd6893c5a60	558	10000	7ffc7e35d2a0	2aad	5cd689410530	5cd6922bae10	5cd685890520	ee0000	ee0000	10000	212d
33.980690	75fed	273d3	4c22	11	13a1ff0	5cd6893c5a60	1c9e	10000	7ffc7e35d2a0	2aad	5cd689410530	5cd6922bae10	5cd684550520	13b0000	13b0000	10000	10a2
33.994540	76073	5cd6893d0520	7cdc	11	1c1a90	5cd6893c5a60	2aad	10000	7ffc7e35d2a0	2aad	5cd689410530	5cd6922bae10	5cd688d50520	1b0000	7cd8	10000	0
34.008301	75fed	91ed	4c22	f	725596	5cd6893c5a60	7c5	10000	7ffc7e35d2a0	2aad	5cd689410530	5cd6922bae10	5cd687750520	730000	730000	10000	2c6b
34.016961	75fed	38191	4c22	11	a7cdd9	5cd6893c5a60	2784	10000	7ffc7e35d2a0	2aad	5cd689410530	5cd6922bae10	5cd686a10520	a80000	a80000	10000	3864
34.031731	76073	5cd6893d0520	b9f0	11	104c5f7	5cd6893c5a60	2aad	10000	7ffc7e35d2a0	2aad	5cd689410530	5cd6922bae10	5cd685310520	1040000	b9ec	10000	0
34.045401	7600e	4a3	4c22	a	15a30a5	5cd6893c5a60	68	10000	7ffc7e35d2a0	2aad	5cd689410530	5cd6922bae10	5cd683d50520	15b0000	15b0000	10000	897
34.060119	7600e	a279	4c22	f	46fe6c	5cd6893c5a60	87d	10000	7ffc7e35d2a0	2aad	5cd689410530	5cd6922bae10	5cd688250520	470000	470000	10000	42b8
34.066793	7600e	47	4c22	6	6eab69	5cd6893c5a60	b	10000	7ffc7e35d2a0	2aad	5cd689410530	5cd6922bae10	5cd687850520	6f0000	6f0000	10000	4f26
34.078369	75ffd	1c7c9	4c22	10	b0c39c	5cd6893c5a60	1567	10000	7ffc7e35d2a0	2aad	5cd689410530	5cd6922bae10	5cd686810520	b00000	b00000	10000	4cdd
34.091611	7600e	16811	4c22	10	102ce93	5cd6893c5a60	1172	10000	7ffc7e35d2a0	2aad	5cd689410530	5cd6922bae10	5cd685350520	1030000	1030000	10000	3531
34.097241	75ff5	35ff5	4c22	11	126ddb9	5cd6893c5a60	2619	10000	7ffc7e35d2a0	2aad	5cd689410530	5cd6922bae10	5cd684a90520	1260000	1260000	10000	568d
34.105991	1cb9fe75db8a	5cd6893e6cdc	59ef	11418	167bc	5cd6893d58c4	5cd6893ec080	59ef	7ffc7e35d298	5cd6893e6cdc	5cd689410530	5cd6922bae10	5cd683cd0520	15e0000	15e0000	10000	31fe
34.114601	75fed	2f6d7	4c22	11	20caa4	5cd6893c5a60	220d	10000	7ffc7e35d2a0	2aad	5cd689410530	5cd6922bae10	5cd688bd0520	210000	210000	10000	51e4
34.123263	75fd8	209a7	4c22	11	57ede4	5cd6893c5a60	1840	10000	7ffc7e35d2a0	2aad	5cd689410530	5cd6922bae10	5cd687e50520	570000	570000	10000	11bb
34.135550	75fed	3c71b	4c22	11	a48878	5cd6893c5a60	2a47	10000	7ffc7e35d2a0	2aad	5cd689410530	5cd6922bae10	5cd686ad0520	a50000	a50000	10000	efd
34.147104	75fed	1b7	4c22	8	ec00a4	5cd6893c5a60	31	10000	7ffc7e35d2a0	2aad	5cd689410530	5cd6922bae10	5cd6858d0520	ed0000	ed0000	10000	1360
34.153755	75fe9	31a3b	4c22	11	1127f16	5cd6893c5a60	2358	10000	7ffc7e35d2a0	2aad	5cd689410530	5cd6922bae10	5cd684f50520	1130000	1130000	10000	434
34.164089	76011	43	4c22	6	1558088	5cd6893c5a60	a	10000	7ffc7e35d2a0	2aad	5cd689410530	5cd6922bae10	5cd683e90520	1560000	1560000	10000	1d85
34.175884	76066	5cd6893d0520	4abc	11	3071fa	5cd6893c5a60	2aad	10000	7ffc7e35d2a0	2aad	5cd689410530	5cd6922bae10	5cd688850520	2f0000	4ab8	10000	0
34.184875	7604c	aca0	ac9c	11	69a8b7	5cd6893c5a60	2aad	10000	7ffc7e35d2a0	2aad	5cd689410530	5cd6922bae10	5cd687a10520	680000	ac98	10000	0
34.197682	75f95	26ccb	4c22	11	b92d40	5cd6893c5a60	1c50	10000	7ffc7e35d2a0	2aad	5cd689410530	5cd6922bae10	5cd6865d0520	b90000	b90000	10000	1534
34.207204	75fe9	2dd27	4c22	11	f03163	5cd6893c5a60	2101	10000	7ffc7e35d2a0	2aad	5cd689410530	5cd6922bae10	5cd6857d0520	f10000	f10000	10000	4a94
34.222322	75fed	38b	4c22	9	1411525	5cd6893c5a60	53	10000	7ffc7e35d2a0	2aad	5cd689410530	5cd6922bae10	5cd684390520	1420000	1420000	10000	174e
34.233747	75fed	2b31	4c22	d	149864	5cd6893c5a60	279	10000	7ffc7e35d2a0	2aad	5cd689410530	5cd6922bae10	5cd688ed0520	150000	150000	10000	637
34.246407	7600e	1b27d	4c22	10	625d1b	5cd6893c5a60	1491	10000	7ffc7e35d2a0	2aad	5cd689410530	5cd6922bae10	5cd687b50520	630000	630000	10000	379
34.252393	7600e	3d	4c22	5	8419ff	5cd6893c5a60	9	10000	7ffc7e35d2a0	2aad	5cd689410530	5cd6922bae10	5cd6872d0520	850000	850000	10000	1708
34.264188	75fed	35	4c22	5	cd3181	5cd6893c5a60	8	10000	7ffc7e35d2a0	2aad	5cd689410530	5cd6922bae10	5cd686090520	ce0000	ce0000	10000	2938
34.271617	7600e	62f	4c22	a	f3da2f	5cd6893c5a60	89	10000	7ffc7e35d2a0	2aad	5cd689410530	5cd6922bae10	5cd685710520	f40000	f40000	10000	1a0c
34.282129	774cb	5cd6961b3510	13	0	6	2	5cd6961b37b8	22a5	7ffc7e35d2a0	3	5cd6961b3770	13	5cd698f17fe0	15	7	8	5cd6a5c5ad70
34.294889	75f99	c83f	4c22	f	130bd4	5cd6893c5a60	a4e	10000	7ffc7e35d2a0	2aad	5cd689410530	5cd6922bae10	5cd688f50520	130000	130000	10000	448c
34.301136	1cb9fe75e10a	0	1	54b8	5cd6a5cc4a00	0	5cd6a5cca000	7c	7ffc7e35d298	0	5cd6a5cc4a00	5cd697455880	79905cc1ace0	5cd6984a9988	5cd6893d0520	aab4	7c
34.311436	75faf	5cd6956c9340	4c22	11	795bcc	5cd6893c5a60	22de	10000	7ffc7e35d2a0	2aad	5cd689410530	5cd6922bae10	5cd6875d0520	790000	790000	10000	254a
34.325881	7600e	41b	4c22	a	d1d693	5cd6893c5a60	5e	10000	7ffc7e35d2a0	2aad	5cd689410530	5cd6922bae10	5cd685f90520	d20000	d20000	10000	67d
34.334302	7600e	125	4c22	8	105d37f	5cd6893c5a60	23	10000	7ffc7e35d2a0	2aad	5cd689410530	5cd6922bae10	5cd685290520	1060000	1060000	10000	4a9
34.345948	7600e	e275	4c22	f	14cbcd0	5cd6893c5a60	b94	10000	7ffc7e35d2a0	2aad	5cd689410530	5cd6922bae10	5cd6840d0520	14d0000	14d0000	10000	552e
34.352002	75fed	45d9	4c22	e	89b7	5cd6893c5a60	3f5	10000	7ffc7e35d2a0	2aad	5cd689410530	5cd6922bae10	5cd6893d0520	10000	10000	10000	59ef
34.358827	75fed	df33	4c22	f	2b176e	5cd6893c5a60	b6c	10000	7ffc7e35d2a0	2aad	5cd689410530	5cd6922bae10	5cd688910520	2c0000	2c0000	10000	35d5
34.365910	75fe9	344ad	4c22	11	4c3b0a	5cd6893c5a60	24f0	10000	7ffc7e35d2a0	2aad	5cd689410530	5cd6922bae10	5cd6880d0520	4d0000	4d0000	10000	3b97
34.377374	75fed	2e6b1	4c22	11	91a4d3	5cd6893c5a60	2167	10000	7ffc7e35d2a0	2aad	5cd689410530	5cd6922bae10	5cd686f90520	920000	920000	10000	1693
34.389962	75fed	c1	4c22	7	d90013	5cd6893c5a60	16	10000	7ffc7e35d2a0	2aad	5cd689410530	5cd6922bae10	5cd685d90520	da0000	da0000	10000	1af6
34.397859	76060	5cd6893d0520	2cc0	11	10b003f	5cd6893c5a60	2aad	10000	7ffc7e35d2a0	2aad	5cd689410530	5cd6922bae10	5cd6851d0520	1090000	2cbc	10000	0
34.404690	76073	5cd6893d0520	ea2c	5cd6984a9980	13124bd	5cd6893c5a60	2aad	0	7ffc7e35d2a0	2aad	5cd689410530	5cd6922bae10	5cd684850520	12f0000	ea28	10000	1
34.412700	7604c	b1c8	b1c4	11	15eea21	5cd6893c5a60	2aad	10000	7ffc7e35d2a0	2aad	5cd689410530	5cd6922bae10	5cd683cd0520	15d0000	b1c0	10000	0
34.420274	7600e	7f	4c22	6	1aa2ab	5cd6893c5a60	f	10000	7ffc7e35d2a0	2aad	5cd689410530	5cd6922bae10	5cd688d50520	1b0000	1b0000	10000	5905
34.434643	75fed	33d	4c22	9	628a3f	5cd6893c5a60	4f	10000	7ffc7e35d2a0	2aad	5cd689410530	5cd6922bae10	5cd687b50520	630000	630000	10000	379
34.446782	7600e	291a1	4c22	11	aabd04	5cd6893c5a60	1dd2	10000	7ffc7e35d2a0	2aad	5cd689410530	5cd6922bae10	5cd686950520	ab0000	ab0000	10000	7dc
34.456697	75fa3	3b0db	4c22	11	e709c4	5cd6893c5a60	2966	10000	7ffc7e35d2a0	2aad	5cd689410530	5cd6922bae10	5cd685ad0520	e50000	e50000	10000	58d6
34.470010	75fed	c1	4c22	7	132919f	5cd6893c5a60	16	10000	7ffc7e35d2a0	2aad	5cd689410530	5cd6922bae10	5cd684750520	1330000	1330000	10000	5618
34.478223	7600a	89	4c22	7	164296a	5cd6893c5a60	10	10000	7ffc7e35d2a0	2aad	5cd689410530	5cd6922bae10	5cd683ad0520	1650000	1650000	10000	38aa
34.492301	75fed	4cd	4c22	a	3dbe98	5cd6893c5a60	6c	10000	7ffc7e35d2a0	2aad	5cd689410530	5cd6922bae10	5cd688490520	3e0000	3e0000	10000	2072
34.502333	7607c	1111	92d4	11	7aeab0	5cd6893c5a60	2aad	10000	7ffc7e35d2a0	2aad	5cd689410530	5cd6922bae10	5cd6875d0520	790000	92d0	10000	0
34.508098	7600e	3d	4c22	5	9bcd5a	5cd6893c5a60	9	10000	7ffc7e35d2a0	2aad	5cd689410530	5cd6922bae10	5cd686d10520	9c0000	9c0000	10000	46a6
34.520248	7600e	19e67	4c22	10	e161b0	5cd6893c5a60	13cc	10000	7ffc7e35d2a0	2aad	5cd689410530	5cd6922bae10	5cd685b90520	e20000	e20000	10000	2f6f
34.529744	76005	cb71	4c22	f	1153cb4	5cd6893c5a60	a78	10000	7ffc7e35d2a0	2aad	5cd689410530	5cd6922bae10	5cd684e90520	1160000	1160000	10000	2d9b
34.544155	75fed	cd63	4c22	f	167329e	5cd6893c5a60	a8e	10000	7ffc7e35d2a0	2aad	5cd689410530	5cd6922bae10	5cd683a10520	1680000	1680000	10000	822
34.550771	75fed	101f9	4c22	10	1a5527	5cd6893c5a60	ceb	10000	7ffc7e35d2a0	2aad	5cd689410530	5cd6922bae10	5cd688d50520	1b0000	1b0000	10000	5905
34.561459	76073	5cd6893d0520	35c0	11	58adbe	5cd6893c5a60	2aad	10000	7ffc7e35d2a0	2aad	5cd689410530	5cd6922bae10	5cd687e50520	570000	35bc	10000	0
34.572059	75fed	6887	4c22	e	97fd57	5cd6893c5a60	5ac	10000	7ffc7e35d2a0	2aad	5cd689410530	5cd6922bae10	5cd686e10520	980000	980000	10000	f72
34.586046	76073	5cd6893d0520	f4e0	11	f13fb6	5cd6893c5a60	2aad	10000	7ffc7e35d2a0	2aad	5cd689410530	5cd6922bae10	5cd685810520	f00000	f4dc	10000	0
34.597343	75fd8	3b0ff	4c22	11	1366764	5cd6893c5a60	2968	10000	7ffc7e35d2a0	2aad	5cd689410530	5cd6922bae10	5cd684690520	1360000	1360000	10000	2590
34.608695	7604c	6138	6134	11	b3c8e	5cd6893c5a60	2aad	10000	7ffc7e35d2a0	2aad	5cd689410530	5cd6922bae10	5cd6891d0520	90000	6130	10000	0
34.620916	76005	214f	4c22	d	551f7b	5cd6893c5a60	1fa	10000	7ffc7e35d2a0	2aad	5cd689410530	5cd6922bae10	5cd687e90520	560000	560000	10000	3ee
34.632330	7bc23	80	5cd68936ac00	5cd68a32f9c0	64	5cd6a6172150	7ffc7e35d250	5cd6a6171b80	7ffc7e35d1d8	c	5cd68a32f9c0	5cd6a3142130	c9452bc815867652	c	5cd68a32f9c0	7ffc7e35d350	64
34.643356	75fed	51b	4c22	a	dc3a00	5cd6893c5a60	73	10000	7ffc7e35d2a0	2aad	5cd689410530	5cd6922bae10	5cd685cd0520	dd0000	dd0000	10000	445d
34.651120	75fe9	31e95	4c22	11	10de308	5cd6893c5a60	2381	10000	7ffc7e35d2a0	2aad	5cd689410530	5cd6922bae10	5cd685090520	10e0000	10e0000	10000	1922
34.663870	76073	5cd6893d0520	98ac	11	16284fc	5cd6893c5a60	2aad	10000	7ffc7e35d2a0	2aad	5cd689410530	5cd6922bae10	5cd683c10520	1600000	98a8	10000	0
34.674207	75fed	3df	4c22	9	325cf0	5cd6893c5a60	59	10000	7ffc7e35d2a0	2aad	5cd689410530	5cd6922bae10	5cd688750520	330000	330000	10000	3c81
34.681544	75f99	2ab0b	4c22	11	64a759	5cd6893c5a60	1edf	10000	7ffc7e35d2a0	2aad	5cd689410530	5cd6922bae10	5cd687b90520	620000	620000	10000	4f9b
34.689638	75f99	30919	4c22	11	949a79	5cd6893c5a60	22c2	10000	7ffc7e35d2a0	2aad	5cd689410530	5cd6922bae10	5cd686f50520	930000	930000	10000	2460
34.699033	75fed	35dfb	4c22	11	cc469d	5cd6893c5a60	2603	10000	7ffc7e35d2a0	2aad	5cd689410530	5cd6922bae10	5cd6860d0520	cd0000	cd0000	10000	1b6b
34.708329	75fed	24acf	4c22	11	10747a5	5cd6893c5a60	1afb	10000	7ffc7e35d2a0	2aad	5cd689410530	5cd6922bae10	5cd685210520	1080000	1080000	10000	2043
34.721466	75fed	11b	4c22	8	15ab54f	5cd6893c5a60	22	10000	7ffc7e35d2a0	2aad	5cd689410530	5cd6922bae10	5cd683d50520	15b0000	15b0000	10000	897
34.731273	75fed	2461d	4c22	11	244cd0	5cd6893c5a60	1ad3	10000	7ffc7e35d2a0	2aad	5cd689410530	5cd6922bae10	5cd688ad0520	250000	250000	10000	2f29
34.738709	7600e	4c15	4c22	e	4c3fa6	5cd6893c5a60	441	10000	7ffc7e35d2a0	2aad	5cd689410530	5cd6922bae10	5cd6880d0520	4d0000	4d0000	10000	3b97
34.751712	7600e	1451b	4c22	10	9d19cc	5cd6893c5a60	ffb	10000	7ffc7e35d2a0	2aad	5cd689410530	5cd6922bae10	5cd686c90520	9e0000	9e0000	10000	851
34.764889	75fed	62b	4c22	a	ee9c2d	5cd6893c5a60	88	10000	7ffc7e35d2a0	2aad	5cd689410530	5cd6922bae10	5cd685850520	ef0000	ef0000	10000	2efa
34.772937	76005	2fbfd	4c22	11	11e92ae	5cd6893c5a60	223e	10000	7ffc7e35d2a0	2aad	5cd689410530	5cd6922bae10	5cd684c50520	11f0000	11f0000	10000	4fe1
34.785748	7571b	5cd68c3797b0	35f9b	0	2a237	328b8	2616	5c9e5	7ffc7e35d2a0	35f9b	0	1854b	c2a5cd066880196d	2616	80000000000015dd	6632710525d2468d	2aad
34.791536	7600e	43	4c22	6	24876a	5cd6893c5a60	a	10000	7ffc7e35d2a0	2aad	5cd689410530	5cd6922bae10	5cd688ad0520	250000	250000	10000	2f29
34.798633	7764b	5cd6a6400fd0	10	f0	79905cc1ac80	0	7	0	7ffc7e35d2a0	5cd6a6400fd0	5cd6a6400fd0	5cd6a6402490	c9452bc815867652	5cd6a647213c	1397	5cd6a6477d94	1397
34.811144	75fd5	2588b	4c22	11	a1dc2f	5cd6893c5a60	1b8d	10000	7ffc7e35d2a0	2aad	5cd689410530	5cd6922bae10	5cd686c10520	a00000	a00000	10000	23eb
34.823522	7600e	685d	4c22	e	ec34df	5cd6893c5a60	5a8	10000	7ffc7e35d2a0	2aad	5cd689410530	5cd6922bae10	5cd6858d0520	ed0000	ed0000	10000	1360
34.835997	7600e	192d3	4c22	10	1398946	5cd6893c5a60	1349	10000	7ffc7e35d2a0	2aad	5cd689410530	5cd6922bae10	5cd684590520	13a0000	13a0000	10000	2d5
34.844443	75606	ffffffffffffe74a	41cb	41cb	ffffffffffffc4ad	3c6b	3bd	1406	7ffc7e35d2a0	41cb	0	0	c2a5cd066880196d	3bd	7fffffffffffc80e	f5c4b3774ca8a8e0	2aad
34.855351	76073	5cd6893d0520	1190	11	479bac	5cd6893c5a60	2aad	10000	7ffc7e35d2a0	2aad	5cd689410530	5cd6922bae10	5cd688310520	440000	118c	10000	0
34.868217	75fed	49	4c22	6	933d51	5cd6893c5a60	c	10000	7ffc7e35d2a0	2aad	5cd689410530	5cd6922bae10	5cd686f10520	940000	940000	10000	322d
34.880820	75ff5	17e4f	4c22	10	e0cb94	5cd6893c5a60	1261	10000	7ffc7e35d2a0	2aad	5cd689410530	5cd6922bae10	5cd685c10520	e00000	e00000	10000	13d5
34.892951	7600e	2b	4c22	5	12d41f4	5cd6893c5a60	7	10000	7ffc7e35d2a0	2aad	5cd689410530	5cd6922bae10	5cd684890520	12e0000	12e0000	10000	1117
34.902349	75fed	25	4c22	5	169a7c4	5cd6893c5a60	6	10000	7ffc7e35d2a0	2aad	5cd6a659f220	5cd6922bae10	5cd683990520	16a0000	16a0000	10000	23bc
34.907839	76011	30d1	4c22	d	1b064b	5cd6893c5a60	2d1	10000	7ffc7e35d2a0	2aad	5cd689410530	5cd6922bae10	5cd688d50520	1b0000	1b0000	10000	5905
34.915751	7600e	2b	4c22	5	4bc281	5cd6893c5a60	7	10000	7ffc7e35d2a0	2aad	5cd689410530	5cd6922bae10	5cd688110520	4c0000	4c0000	10000	2dca
34.926966	7600e	23153	4c22	11	8f5470	5cd6893c5a60	1a02	10000	7ffc7e35d2a0	2aad	5cd689410530	5cd6922bae10	5cd687010520	900000	900000	10000	54e8
34.939389	75fed	107	4c22	8	dd2f9c	5cd6893c5a60	1f	10000	7ffc7e35d2a0	2aad	5cd689410530	5cd6922bae10	5cd685c90520	de0000	de0000	10000	522a
34.946843	7600e	2f29	4c22	d	10c16e5	5cd6893c5a60	2b5	10000	7ffc7e35d2a0	2aad	5cd689410530	5cd6922bae10	5cd6850d0520	10d0000	10d0000	10000	b55
34.955546	75faf	5cd6956c9340	4c22	11	143a3e9	5cd6893c5a60	24a1	10000	7ffc7e35d2a0	2aad	5cd689410530	5cd6922bae10	5cd6843d0520	1410000	1410000	10000	981
34.964337	75fe9	10f	4c22	8	5b04c	5cd6893c5a60	20	10000	7ffc7e35d2a0	2aad	5cd689410530	5cd6922bae10	5cd689290520	60000	60000	10000	4501
34.973094	7600e	1f8a3	4c22	10	3a5ab7	5cd6893c5a60	1789	10000	7ffc7e35d2a0	2aad	5cd689410530	5cd6922bae10	5cd688550520	3b0000	3b0000	10000	50fa
34.983444	75fed	d3	4c22	7	7ec83f	5cd6893c5a60	19	10000	7ffc7e35d2a0	2aad	5cd689410530	5cd6922bae10	5cd687450520	7f0000	7f0000	10000	1e29
34.994731	7600e	49	4c22	6	c39985	5cd6893c5a60	c	10000	7ffc7e35d2a0	2aad	5cd689410530	5cd6922bae10	5cd686310520	c40000	c40000	10000	5314
35.001044	7600e	c1	4c22	7	e85abb	5cd6893c5a60	16	10000	7ffc7e35d2a0	2aad	5cd689410530	5cd6922bae10	5cd6859d0520	e90000	e90000	10000	361b
35.013040	7600e	3d	4c22	5	120e2bb	5cd6893c5a60	9	10000	7ffc7e35d2a0	2aad	5cd689410530	5cd6922bae10	5cd684bd0520	1210000	1210000	10000	118c
35.018727	75fed	8dd	4c22	b	141be14	5cd6893c5a60	b0	10000	7ffc7e35d2a0	2aad	5cd689410530	5cd6922bae10	5cd684390520	1420000	1420000	10000	174e
35.026590	7600e	773	4c22	a	a448	5cd6893c5a60	9f	10000	7ffc7e35d2a0	2aad	5cd689410530	5cd6922bae10	5cd6893d0520	10000	10000	10000	59ef
35.039186	1cb9fe75e10a	0	1	4588	5cd6a68a7ad0	0	5cd6a68ae000	7e	7ffc7e35d298	0	5cd6a68a7ad0	5cd691791260	79905cc1ace0	5cd6984a9988	5cd6893d0520	aab4	7e
35.050577	75fed	1e0a9	4c22	10	99220e	5cd6893c5a60	1677	10000	7ffc7e35d2a0	2aad	5cd689410530	5cd6922bae10	5cd686d90520	9a0000	9a0000	10000	2b0c
35.059831	7600e	2ab	4c22	9	d5578d	5cd6893c5a60	46	10000	7ffc7e35d2a0	2aad	5cd689410530	5cd6922bae10	5cd685e90520	d60000	d60000	10000	3db1
35.069914	75fed	b5e7	4c22	f	113012d	5cd6893c5a60	96e	10000	7ffc7e35d2a0	2aad	5cd689410530	5cd6922bae10	5cd684f10520	1140000	1140000	10000	1201
35.075557	75fed	d3	4c22	7	13512f7	5cd6893c5a60	19	10000	7ffc7e35d2a0	2aad	5cd689410530	5cd6922bae10	5cd684690520	1360000	1360000	10000	2590
35.084352	1cb9fe75e10a	0	0	4778	5cd6a691dcc0	0	5cd6a6924000	7f	7ffc7e35d298	0	5cd6a691dcc0	5cd6a00d4a60	79905cc1ace0	5cd6984a9988	5cd6893d0520	aab4	7f
35.096537	1cb9fe75db8a	5cd6893e6cdc	59ef	5598	167bc	5cd6893e1744	5cd6893f7f00	59ef	7ffc7e35d298	5cd6893e6cdc	5cd689410530	5cd6922bae10	5cd688450520	400000	400000	10000	3c0c
35.109890	77656	5cd6a695f3a0	c	b0	79905cc1ac80	0	7	1	7ffc7e35d2a0	5cd6a695f3a0	5cd6a695f3a0	5cd6a69694b0	c9452bc815867652	5cd6a6974bec	26a	5cd6a697ecf4	26b
35.118333	76077	ffff	62c0	11	b51cee	5cd6893c5a60	2aad	10000	7ffc7e35d2a0	2aad	5cd689410530	5cd6922bae10	5cd6866d0520	b50000	62bc	10000	0
35.129417	75fed	25f51	4c22	11	edd446	5cd6893c5a60	1bd6	10000	7ffc7e35d2a0	2aad	5cd689410530	5cd6922bae10	5cd685890520	ee0000	ee0000	10000	212d
35.138982	7604c	1460	145c	11	123b9f5	5cd6893c5a60	2aad	10000	7ffc7e35d2a0	2aad	5cd689410530	5cd6922bae10	5cd684b90520	1220000	1458	10000	0
35.148416	76060	5cd6893d0520	890	11	159203f	5cd6893c5a60	2aad	10000	7ffc7e35d2a0	2aad	5cd689410530	5cd6922bae10	5cd683dd0520	1590000	88c	10000	0
35.156934	76060	5cd6893d0520	c110	11	16edc6	5cd6893c5a60	2aad	10000	7ffc7e35d2a0	2aad	5cd689410530	5cd6922bae10	5cd688ed0520	150000	c10c	10000	0
35.170274	75fed	2a1	4c22	9	61b1a2	5cd6893c5a60	45	10000	7ffc7e35d2a0	2aad	5cd689410530	5cd6922bae10	5cd687b90520	620000	620000	10000	4f9b
35.184402	75fad	5cd6956c9340	4c22	7	ae0020	5cd6893c5a60	17	10000	7ffc7e35d2a0	2aad	5cd689410530	5cd6922bae10	5cd686890520	ae0000	ae0000	10000	3143
35.191544	75fed	170e7	4c22	10	d4f207	5cd6893c5a60	11db	10000	7ffc7e35d2a0	2aad	5cd689410530	5cd6922bae10	5cd685ed0520	d50000	d50000	10000	2fe4
35.204621	76073	5cd6893d0520	13c4	11	121ed38	5cd6893c5a60	2aad	10000	7ffc7e35d2a0	2aad	5cd689410530	5cd6922bae10	5cd684c50520	11f0000	13c0	10000	0
35.211977	7600e	3067	4c22	d	1469e0b	5cd6893c5a60	2cc	10000	7ffc7e35d2a0	2aad	5cd689410530	5cd6922bae10	5cd684250520	1470000	1470000	10000	260
35.221219	75fed	1c9	4c22	8	77834	5cd6893c5a60	33	10000	7ffc7e35d2a0	2aad	5cd689410530	5cd6922bae10	5cd689210520	80000	80000	10000	6ac
35.226747	76a42	2aad	5cd68936ac00	9b8b	32db	0	0	5cd6a6ace1e0	7ffc7e35d2a0	d9d3	b26	5cd689361a30	c9452bc815867652	2aad	3a	b27	48
35.233538	7600e	2d5a7	4c22	11	4734d6	5cd6893c5a60	20aa	10000	7ffc7e35d2a0	2aad	5cd689410530	5cd6922bae10	5cd688210520	480000	480000	10000	5085
35.242444	7600e	fb	4c22	7	726f80	5cd6893c5a60	1d	10000	7ffc7e35d2a0	2aad	5cd689410530	5cd6922bae10	5cd687750520	730000	730000	10000	2c6b
35.255945	75f99	1eae5	4c22	10	bd0f9b	5cd6893c5a60	16eb	10000	7ffc7e35d2a0	2aad	5cd689410530	5cd6922bae10	5cd6864d0520	bd0000	bd0000	10000	4c68
35.264225	75fed	25	4c22	5	eca409	5cd6893c5a60	6	10000	7ffc7e35d2a0	2aad	fffffffff07b8134	5cd6922bae10	5cd6858d0520	ed0000	ed0000	10000	1360
35.271968	75fed	16d3f	4c22	10	11ae738	5cd6893c5a60	11b7	10000	7ffc7e35d2a0	2aad	5cd689410530	5cd6922bae10	5cd684d50520	11b0000	11b0000	10000	18ad
35.282718	75fed	176ad	4c22	10	15e7afb	5cd6893c5a60	1216	10000	7ffc7e35d2a0	2aad	5cd689410530	5cd6922bae10	5cd683c50520	15f0000	15f0000	10000	3fcb
35.294908	75f99	3904f	4c22	11	39b0bc	5cd6893c5a60	281c	10000	7ffc7e35d2a0	2aad	5cd689410530	5cd6922bae10	5cd6885d0520	390000	390000	10000	3560
35.301876	76077	ffff	7294	11	6583a1	5cd6893c5a60	2aad	10000	7ffc7e35d2a0	2aad	5cd689410530	5cd6922bae10	5cd687b50520	630000	7290	10000	0
35.316727	7600a	3c7	4c22	9	c2cfbe	5cd6893c5a60	56	10000	7ffc7e35d2a0	2aad	5cd689410530	5cd6922bae10	5cd686350520	c30000	c30000	10000	4547
35.325331	7600e	180a3	4c22	10	ed00e1	5cd6893c5a60	127d	10000	7ffc7e35d2a0	2aad	5cd689410530	5cd6922bae10	5cd685890520	ee0000	ee0000	10000	212d
35.333961	7600e	e423	4c22	f	121ad6c	5cd6893c5a60	bac	10000	7ffc7e35d2a0	2aad	5cd689410530	5cd6922bae10	5cd684b90520	1220000	1220000	10000	1f59
35.340781	75fed	49	4c22	6	14d17ab	5cd6893c5a60	c	10000	7ffc7e35d2a0	2aad	5cd689410530	5cd6922bae10	5cd684090520	14e0000	14e0000	10000	90c
35.353008	75fed	3b779	4c22	11	222f4d	5cd6893c5a60	29a2	10000	7ffc7e35d2a0	2aad	5cd689410530	5cd6922bae10	5cd688b50520	230000	230000	10000	138f
35.360614	75fed	36d01	4c22	11	54d732	5cd6893c5a60	26a2	10000	7ffc7e35d2a0	2aad	5cd689410530	5cd6922bae10	5cd687ed0520	550000	550000	10000	5010
35.374419	75fed	35	4c22	5	a9bb9b	5cd6893c5a60	8	10000	7ffc7e35d2a0	2aad	5cd689410530	5cd6922bae10	5cd686990520	aa0000	aa0000	10000	53fe
35.388279	76060	5cd6893d0520	46dc	11	fced65	5cd6893c5a60	2aad	10000	7ffc7e35d2a0	2aad	5cd689410530	5cd6922bae10	5cd685550520	fb0000	46d8	10000	0
35.394543	7600e	50fb	4c22	e	11df386	5cd6893c5a60	487	10000	7ffc7e35d2a0	2aad	5cd689410530	5cd6922bae10	5cd684c90520	11e0000	11e0000	10000	4214
35.401153	75f99	1f12d	4c22	10	13ee415	5cd6893c5a60	1730	10000	7ffc7e35d2a0	2aad	5cd689410530	5cd6922bae10	5cd6844d0520	13d0000	13d0000	10000	2c3c
35.416064	7600a	1ec55	4c22	10	21dd93	5cd6893c5a60	1700	10000	7ffc7e35d2a0	2aad	5cd689410530	5cd6922bae10	5cd688b90520	220000	220000	10000	5c2
35.430279	75fa8	5cd6956c9340	4c22	11	780242	5cd6893c5a60	21e3	10000	7ffc7e35d2a0	2aad	5cd689410530	5cd6922bae10	5cd687650520	770000	770000	10000	9b0
35.437714	1cb9fe75db8a	5cd6893fd498	4c22	bf20	13088	5cd6893d7688	5cd689404600	b3de	7ffc7e35d298	5cd6893fd498	fffffffff07dd0b8	5cd6922bae10	5cd686b90520	a30000	a30000	10000	4d52
35.445088	76060	5cd6893d0520	61bc	11	cd5b45	5cd6893c5a60	2aad	10000	7ffc7e35d2a0	2aad	5cd689410530	5cd6922bae10	5cd6860d0520	cd0000	61b8	10000	0
35.452674	75fed	4c1b	4c22	e	fc8a77	5cd6893c5a60	442	10000	7ffc7e35d2a0	2aad	5cd689410530	5cd6922bae10	5cd6854d0520	fd0000	fd0000	10000	3c52
35.458656	7600e	654b	4c22	e	12238ab	5cd6893c5a60	588	10000	7ffc7e35d2a0	2aad	5cd689410530	5cd6922bae10	5cd684b50520	1230000	1230000	10000	2d26
35.473580	76073	5cd6893d0520	3d7c	11	16d8e23	5cd6893c5a60	2aad	10000	7ffc7e35d2a0	2aad	5cd689410530	5cd6922bae10	5cd6838d0520	16d0000	3d78	10000	0
35.483511	75fed	219f1	4c22	11	3ae0fa	5cd6893c5a60	18ff	10000	7ffc7e35d2a0	2aad	5cd689410530	5cd6922bae10	5cd688550520	3b0000	3b0000	10000	50fa
35.497592	75fa3	23cab	4c22	11	961cbb	5cd6893c5a60	1a73	10000	7ffc7e35d2a0	2aad	5cd689410530	5cd6922bae10	5cd686e90520	960000	960000	10000	4dc7
35.508366	75fed	33407	4c22	11	d6bcb6	5cd6893c5a60	245f	10000	7ffc7e35d2a0	2aad	5cd689410530	5cd6922bae10	5cd685e50520	d70000	d70000	10000	4b7e
35.515362	75fed	c7	4c22	7	102be35	5cd6893c5a60	18	10000	7ffc7e35d2a0	2aad	5cd689410530	5cd6922bae10	5cd685350520	1030000	1030000	10000	3531
35.525601	75fed	8cb	4c22	b	13dc0b0	5cd6893c5a60	ae	10000	7ffc7e35d2a0	2aad	5cd689410530	5cd6922bae10	5cd684490520	13e0000	13e0000	10000	3a09
35.534492	7600a	191	4c22	8	22942	5cd6893c5a60	2d	10000	7ffc7e35d2a0	2aad	5cd689410530	5cd6922bae10	5cd689350520	30000	30000	10000	1b9a
35.545615	7600e	1bbb7	4c22	10	4513d7	5cd6893c5a60	14e9	10000	7ffc7e35d2a0	2aad	5cd689410530	5cd6922bae10	5cd688290520	460000	460000	10000	34eb
35.556392	75fed	12409	4c22	10	89afbf	5cd6893c5a60	e73	10000	7ffc7e35d2a0	2aad	5cd689410530	5cd6922bae10	5cd687190520	8a0000	8a0000	10000	21a
35.565401	76048	1111	4138	11	c4a943	5cd6893c5a60	2aad	10000	7ffc7e35d2a0	2aad	5cd689410530	5cd6922bae10	5cd686350520	c30000	4134	10000	0
35.573799	7bda1	5cd68dae9ec0	83e79c8a5bcc82fb	3c	5cd6a701cd30	5cd65e4ec938	7ffc7e35d168	1	7ffc7e35d160	3c	30	f8	79905cc1ace0	5cd6a701cd3c	0	1f8	5cd6a701cc40
35.582393	75fed	7f	4c22	6	12701e8	5cd6893c5a60	f	10000	7ffc7e35d2a0	2aad	5cd689410530	5cd6922bae10	5cd684a10520	1280000	1280000	10000	1838
35.588090	75fa3	3934f	4c22	11	14a10b9	5cd6893c5a60	283d	10000	7ffc7e35d2a0	2aad	5cd689410530	5cd6922bae10	5cd6841d0520	1490000	1490000	10000	1dfa
35.596630	75fd8	a7ab	4c22	f	b105b	5cd6893c5a60	8c4	10000	7ffc7e35d2a0	2aad	5cd689410530	5cd6922bae10	5cd689150520	b0000	b0000	10000	3013
35.602727	7600e	47	4c22	6	2f4669	5cd6893c5a60	b	10000	7ffc7e35d2a0	2aad	5cd689410530	5cd6922bae10	5cd688810520	300000	300000	10000	131a
35.617115	75f99	284b1	4c22	11	8761ff	5cd6893c5a60	1d54	10000	7ffc7e35d2a0	2aad	5cd689410530	5cd6922bae10	5cd687250520	870000	870000	10000	32a2
35.622427	76073	5cd6893d0520	cfd0	11	a8cdea	5cd6893c5a60	2aad	10000	7ffc7e35d2a0	2aad	5cd689410530	5cd6922bae10	5cd686a10520	a80000	cfcc	10000	0
35.627797	7600e	1bc13	4c22	10	c8946d	5cd6893c5a60	14ec	10000	7ffc7e35d2a0	2aad	5cd689410530	5cd6922bae10	5cd6861d0520	c90000	c90000	10000	3e26
35.640459	75fed	2b3	4c22	9	1178c7a	5cd6893c5a60	47	10000	7ffc7e35d2a0	2aad	5cd689410530	5cd6922bae10	5cd684e10520	1180000	1180000	10000	4935
35.653141	1cb9fe75db8a	5cd6893e6cdc	59ef	12c78	167bc	5cd6893d4064	5cd6893ea820	59ef	7ffc7e35d298	5cd6893e6cdc	5cd689410530	5cd6922bae10	5cd683f90520	1530000	1530000	10000	4e0d
35.658625	7600e	35	4c22	5	203c7	5cd6893c5a60	8	10000	7ffc7e35d2a0	2aad	5cd689410530	5cd6922bae10	5cd689350520	30000	30000	10000	1b9a
35.664124	76073	5cd6893d0520	3c80	11	2551e8	5cd6893c5a60	2aad	10000	7ffc7e35d2a0	2aad	5cd689410530	5cd6922bae10	5cd688b10520	240000	3c7c	10000	0
35.674262	75fed	7f	4c22	6	63becd	5cd6893c5a60	f	10000	7ffc7e35d2a0	2aad	5cd689410530	5cd6922bae10	5cd687b10520	640000	640000	10000	1146
35.682294	76073	5cd6893d0520	90e4	11	887d96	5cd6893c5a60	2aad	10000	7ffc7e35d2a0	2aad	5cd689410530	5cd6922bae10	5cd687210520	880000	90e0	10000	0
35.696264	1cb9fe660cbd	5cd35377cbd3	10	79905cc1ac90	5cd68f233c30	0	79905cc1ac80	10	7ffc7e35cfd0	5cd689360010	5cd6a4703010	5cd68eb5bf00	0	ffffffffffffffa0	20	2	8
35.701597	1cb9fe75db8a	5cd6893d0520	3937	2c20	82e0	5cd698c1a54c	5cd6893d5be0	20b8	7ffc7e35d298	5cd6893d0520	5cd689410530	5cd6922bae10	5cd685590520	fb0000	fb0000	10000	20b8
35.709510	7600e	449	4c22	a	12daad6	5cd6893c5a60	61	10000	7ffc7e35d2a0	2aad	5cd689410530	5cd6922bae10	5cd684890520	12e0000	12e0000	10000	1117
35.715988	75ffd	2d9af	4c22	11	1563aef	5cd6893c5a60	20db	10000	7ffc7e35d2a0	2aad	5cd689410530	5cd6922bae10	5cd683e90520	1560000	1560000	10000	1d85
35.726844	7600e	47	4c22	6	24e174	5cd6893c5a60	b	10000	7ffc7e35d2a0	2aad	5cd689410530	5cd6922bae10	5cd688ad0520	250000	250000	10000	2f29
35.738412	75fe9	1e475	4c22	10	6cc6a6	5cd6893c5a60	169f	10000	7ffc7e35d2a0	2aad	5cd689410530	5cd6922bae10	5cd6878d0520	6d0000	6d0000	10000	338c
35.752973	7600e	1af	4c22	8	c4e696	5cd6893c5a60	2f	10000	7ffc7e35d2a0	2aad	5cd689410530	5cd6922bae10	5cd6862d0520	c50000	c50000	10000	6f2
35.758255	75fa3	17533	4c22	10	e4c76e	5cd6893c5a60	1206	10000	7ffc7e35d2a0	2aad	5cd689410530	5cd6922bae10	5cd685b10520	e40000	e40000	10000	4b09
35.765817	75fb7	2aad	4c22	10	11525a9	5cd6893c5a60	164e	10000	7ffc7e35d2a0	2aad	5cd689410530	5cd6922bae10	5cd684f10520	1140000	1140000	10000	1201
35.773507	75fed	a7	4c22	7	142323a	5cd6893c5a60	13	10000	7ffc7e35d2a0	2aad	5cd689410530	5cd6922bae10	5cd684350520	1430000	1430000	10000	251b
35.783036	7600e	43	4c22	6	ed2d9	5cd6893c5a60	a	10000	7ffc7e35d2a0	2aad	5cd689410530	5cd6922bae10	5cd689050520	f0000	f0000	10000	d58
35.791416	75fad	5cd6956c9340	4c22	11	442be9	5cd6893c5a60	1c4b	10000	7ffc7e35d2a0	2aad	5cd689410530	5cd6922bae10	5cd688350520	430000	430000	10000	b84
35.797770	75fed	761	4c22	a	6ad540	5cd6893c5a60	9e	10000	7ffc7e35d2a0	2aad	5cd689410530	5cd6922bae10	5cd687950520	6b0000	6b0000	10000	17f2
35.807054	7600e	1f3	4c22	8	a3f4a2	5cd6893c5a60	35	10000	7ffc7e35d2a0	2aad	5cd689410530	5cd6922bae10	5cd686b10520	a40000	a40000	10000	130
35.819759	1cb9fe75db8a	5cd6893e2f70	59ef	33fc	3d6c	5cd698c07320	5cd6893e38e0	4a94	7ffc7e35d298	5cd6893e2f70	5cd689410530	5cd6922bae10	5cd685810520	f10000	f10000	10000	4a94
35.827336	7600e	abd	4c22	b	11d188c	5cd6893c5a60	cd	10000	7ffc7e35d2a0	2aad	5cd689410530	5cd6922bae10	5cd684c90520	11e0000	11e0000	10000	4214
35.838172	7600e	47bf	4c22	e	1550dff	5cd6893c5a60	411	10000	7ffc7e35d2a0	2aad	5cd689410530	5cd6922bae10	5cd683e90520	1560000	1560000	10000	1d85
35.852366	76073	5cd6893d0520	3f54	11	3d5944	5cd6893c5a60	2aad	10000	7ffc7e35d2a0	2aad	5cd689410530	5cd6922bae10	5cd688550520	3b0000	3f50	10000	0
35.860258	7600e	1df75	4c22	10	6c144c	5cd6893c5a60	1668	10000	7ffc7e35d2a0	2aad	5cd689410530	5cd6922bae10	5cd6878d0520	6d0000	6d0000	10000	338c
35.872370	75fed	2b	4c22	5	afc443	5cd6893c5a60	7	10000	7ffc7e35d2a0	2aad	5cd689410530	5cd6922bae10	5cd686810520	b00000	b00000	10000	4cdd
35.878416	75fed	cb17	4c22	f	d2e3a9	5cd6893c5a60	a73	10000	7ffc7e35d2a0	2aad	5cd689410530	5cd6922bae10	5cd685f50520	d30000	d30000	10000	144a
35.889094	75fa3	3504b	4c22	11	114c254	5cd6893c5a60	256f	10000	7ffc7e35d2a0	2aad	5cd689410530	5cd6922bae10	5cd684f10520	1140000	1140000	10000	1201
35.895655	75fed	28213	4c22	11	13c10c6	5cd6893c5a60	1d36	10000	7ffc7e35d2a0	2aad	5cd689410530	5cd6922bae10	5cd6844d0520	13d0000	13d0000	10000	2c3c
35.907006	7600e	49	4c22	6	118a2a	5cd6893c5a60	c	10000	7ffc7e35d2a0	2aad	5cd689410530	5cd6922bae10	5cd688f90520	120000	120000	10000	36bf
35.912222	7600e	3c7	4c22	9	2a28e1	5cd6893c5a60	56	10000	7ffc7e35d2a0	2aad	5cd689410530	5cd6922bae10	5cd688950520	2b0000	2b0000	10000	2808
35.922941	7600e	17b	4c22	8	6d2620	5cd6893c5a60	2b	10000	7ffc7e35d2a0	2aad	5cd689410530	5cd6922bae10	5cd687890520	6e0000	6e0000	10000	4159
35.932798	76055	90d4	90d0	11	adfa02	5cd6893c5a60	2aad	10000	7ffc7e35d2a0	2aad	5cd689410530	5cd6922bae10	5cd686910520	ac0000	90cc	10000	0
35.946922	75fed	359	4c22	9	101f067	5cd6893c5a60	51	10000	7ffc7e35d2a0	2aad	5cd689410530	5cd6922bae10	5cd685390520	1020000	1020000	10000	2764
35.956702	7600e	19db	4c22	c	13fbb44	5cd6893c5a60	198	10000	7ffc7e35d2a0	2aad	5cd689410530	5cd6922bae10	5cd684410520	1400000	1400000	10000	55a3
35.962383	75faf	5cd6956c9340	4c22	11	1603aa1	5cd6893c5a60	18f9	10000	7ffc7e35d2a0	2aad	5cd689410530	5cd6922bae10	5cd683c10520	1600000	1600000	10000	4d98
35.969274	7600e	35c39	4c22	11	15ebec	5cd6893c5a60	25f3	10000	7ffc7e35d2a0	2aad	5cd689410530	5cd6922bae10	5cd688e90520	160000	160000	10000	1404
35.983553	76001	140fb	4c22	10	6b3fd7	5cd6893c5a60	fcd	10000	7ffc7e35d2a0	2aad	5cd689410530	5cd6922bae10	5cd687950520	6b0000	6b0000	10000	17f2
35.994664	75fed	761	4c22	a	a30cef	5cd6893c5a60	9e	10000	7ffc7e35d2a0	2aad	5cd689410530	5cd6922bae10	5cd686b10520	a40000	a40000	10000	130
36.007148	75fed	154ab	4c22	10	e766ba	5cd6893c5a60	1098	10000	7ffc7e35d2a0	2aad	5cd689410530	5cd6922bae10	5cd685a10520	e80000	e80000	10000	284e
36.020465	7600e	dd5	4c22	b	13bf4f4	5cd6893c5a60	fc	10000	7ffc7e35d2a0	2aad	5cd689410530	5cd6922bae10	5cd684510520	13c0000	13c0000	10000	1e6f
36.029187	a5094	3943	5cd65e4e8000	0	11fa	0	2378bff9	5f4b	7ffc7e35d298	9e95	5cd68a0179f0	5cd68a01a4a0	79905cc1ace0	859	9e9	9e95	585
36.039932	76011	7f	4c22	6	32a2cb	5cd6893c5a60	f	10000	7ffc7e35d2a0	2aad	5cd689410530	5cd68c3797b0	5cd688750520	330000	330000	10000	3c81
36.051293	75fed	25	4c22	5	7af1cd	5cd6893c5a60	6	10000	7ffc7e35d2a0	2aad	5cd689410530	5cd68c3797b0	5cd687550520	7b0000	7b0000	10000	40e4
36.060774	75fed	e5	4c22	7	b33897	5cd6893c5a60	1b	10000	7ffc7e35d2a0	2aad	5cd689410530	5cd68c3797b0	5cd686710520	b40000	b40000	10000	2a22
36.072685	75fed	2b	4c22	5	fdf1dd	5cd6893c5a60	7	10000	7ffc7e35d2a0	2aad	5cd689410530	5cd68c3797b0	5cd685490520	fe0000	fe0000	10000	4a1f
36.080910	75ff5	32155	4c22	11	12fa2a5	5cd6893c5a60	239f	10000	7ffc7e35d2a0	2aad	5cd689410530	5cd68c3797b0	5cd684890520	12e0000	12e0000	10000	1117
36.088419	7600e	f1	4c22	7	15c1663	5cd6893c5a60	1c	10000	7ffc7e35d2a0	2aad	5cd689410530	5cd68c3797b0	5cd683cd0520	15d0000	15d0000	10000	2431
36.101381	75fad	5cd68f355fc0	4c22	e	3d1908	5cd6893c5a60	608	10000	7ffc7e35d2a0	2aad	5cd689410530	5cd68c3797b0	5cd6884d0520	3d0000	3d0000	10000	12a5
36.112903	76001	35a65	4c22	11	8502bd	5cd6893c5a60	25e5	10000	7ffc7e35d2a0	2aad	5cd689410530	5cd68c3797b0	5cd687350520	830000	830000	10000	555d
36.118843	75fed	3095	4c22	d	a7bc25	5cd6893c5a60	2ce	10000	7ffc7e35d2a0	2aad	5cd689410530	5cd68c3797b0	5cd686a10520	a80000	a80000	10000	3864
36.133070	7c090	5cd6a784e3a0	ba7f06d45	5cd68ffd3298	1	5cd6a784da30	1f	40	7ffc7e35d170	5cd69bd3c410	5cd68ffd3290	5cd6a3142130	c9452bc815867652	7ffc7e35d188	40	22a4	5cd65e4ecb30
36.138996	75fed	10f	4c22	8	124eae9	5cd6893c5a60	20	10000	7ffc7e35d2a0	2aad	5cd689410530	5cd68c3797b0	5cd684ad0520	1250000	1250000	10000	48c0
36.146326	76066	5cd6893d0520	76cc	11	1503125	5cd6893c5a60	2aad	10000	7ffc7e35d2a0	2aad	5cd689410530	5cd68c3797b0	5cd6840d0520	14d0000	76c8	10000	0
36.156466	75fd8	3075b	4c22	11	19e5e9	5cd6893c5a60	22b6	10000	7ffc7e35d2a0	2aad	5cd689410530	5cd68c3797b0	5cd688e50520	170000	170000	10000	21d1
36.170684	75fe4	3228d	4c22	11	717e85	5cd6893c5a60	23af	10000	7ffc7e35d2a0	2aad	5cd689410530	5cd68c3797b0	5cd687810520	700000	700000	10000	304
36.176859	75fed	e363	4c22	f	957d08	5cd6893c5a60	ba3	10000	7ffc7e35d2a0	2aad	5cd689410530	5cd68c3797b0	5cd686e90520	960000	960000	10000	4dc7
36.186951	75ffd	19d65	4c22	10	d60f61	5cd6893c5a60	13c1	10000	7ffc7e35d2a0	2aad	5cd689410530	5cd68c3797b0	5cd685e90520	d60000	d60000	10000	3db1
36.199046	75fc0	2aad	4c22	11	12377cc	5cd6893c5a60	17dc	10000	7ffc7e35d2a0	2aad	5cd689410530	5cd68c3797b0	5cd684b90520	1220000	1220000	10000	1f59
36.204310	7600e	19a6f	4c22	10	140d6a5	5cd6893c5a60	13a7	10000	7ffc7e35d2a0	2aad	5cd689410530	5cd68c3797b0	5cd6843d0520	1410000	1410000	10000	981
36.215311	75fe4	20cff	4c22	11	159dd9	5cd6893c5a60	1869	10000	7ffc7e35d2a0	2aad	5cd689410530	5cd68c3797b0	5cd688ed0520	150000	150000	10000	637
36.228286	1cb9fe75db8a	5cd6893fd498	4c22	10e20	13088	5cd6893d2788	5cd6893ff700	b3de	7ffc7e35d298	5cd6893fd498	5cd689410530	5cd68c3797b0	5cd687a90520	670000	670000	10000	3aad
36.239954	75fed	2c189	4c22	11	ae0cc1	5cd6893c5a60	1fd6	10000	7ffc7e35d2a0	2aad	5cd689410530	5cd68c3797b0	5cd686850520	af0000	af0000	10000	3f10
36.245813	7600e	49	4c22	6	d44c2e	5cd6893c5a60	c	10000	7ffc7e35d2a0	2aad	5cd689410530	5cd68c3797b0	5cd685ed0520	d50000	d50000	10000	2fe4
36.251107	75fed	2861	4c22	d	f3d48a	5cd6893c5a60	255	10000	7ffc7e35d2a0	2aad	5cd689410530	5cd68c3797b0	5cd685710520	f40000	f40000	10000	1a0c
36.262468	76060	5cd6893d0520	4c0	11	13ecfea	5cd6893c5a60	2aad	10000	7ffc7e35d2a0	2aad	5cd689410530	5cd68c3797b0	5cd684550520	13b0000	4bc	10000	0
36.272654	76011	1b26b	4c22	10	608e6	5cd6893c5a60	148f	10000	7ffc7e35d2a0	2aad	5cd689410530	5cd68c3797b0	5cd6892d0520	50000	50000	10000	3734
36.282205	1cb9fe75db8a	5cd6893fd498	4c22	a1e0	13088	5cd6893d93c8	5cd689406340	b3de	7ffc7e35d298	5cd6893fd498	5cd689410530	5cd68c3797b0	5cd6884d0520	3e0000	3e0000	10000	2072
36.292703	76066	5cd6893d0520	2a2c	11	8183e6	5cd6893c5a60	2aad	10000	7ffc7e35d2a0	2aad	5cd689410530	5cd68c3797b0	5cd687450520	7f0000	2a28	10000	0
36.301900	75fed	261cd	4c22	11	b97ab6	5cd6893c5a60	1bee	10000	7ffc7e35d2a0	2aad	5cd689410530	5cd68c3797b0	5cd686590520	ba0000	ba0000	10000	2301
36.310292	7600a	25	4c22	5	eee6d1	5cd6893c5a60	6	10000	7ffc7e35d2a0	2aad	5cd689410530	5cd68c3797b0	5cd685850520	ef0000	ef0000	10000	2efa
36.322909	75fed	1d20f	4c22	10	14020b5	5cd6893c5a60	15da	10000	7ffc7e35d2a0	2aad	5cd689410530	5cd68c3797b0	5cd6843d0520	1410000	1410000	10000	981
36.334556	75fed	38807	4c22	11	16b5ad	5cd6893c5a60	27ca	10000	7ffc7e35d2a0	2aad	5cd689410530	5cd68c3797b0	5cd688e50520	170000	170000	10000	21d1
36.347436	7600e	329f	4c22	d	633682	5cd6893c5a60	2ed	10000	7ffc7e35d2a0	2aad	5cd689410530	5cd68c3797b0	5cd687b10520	640000	640000	10000	1146
36.362458	75fed	24641	4c22	11	bede6b	5cd6893c5a60	1ad5	10000	7ffc7e35d2a0	2aad	5cd689410530	5cd68c3797b0	5cd686450520	bf0000	bf0000	10000	e13
36.375265	7600e	31f39	4c22	11	10fdb8e	5cd6893c5a60	2389	10000	7ffc7e35d2a0	2aad	5cd689410530	5cd68c3797b0	5cd685010520	1100000	1100000	10000	34bc
36.388783	75fd5	18683	4c22	10	16531b7	5cd6893c5a60	12b8	10000	7ffc7e35d2a0	2aad	5cd689410530	5cd68c3797b0	5cd683ad0520	1650000	1650000	10000	38aa
36.395832	7600e	49	4c22	6	20584c	5cd6893c5a60	c	10000	7ffc7e35d2a0	2aad	5cd689410530	5cd68c3797b0	5cd688bd0520	210000	210000	10000	51e4
36.407004	75fed	3d	4c22	5	68b5f6	5cd6893c5a60	9	10000	7ffc7e35d2a0	2aad	5cd689410530	5cd68c3797b0	5cd6879d0520	690000	690000	10000	5647
36.418360	75fed	285c5	4c22	11	af294e	5cd6893c5a60	1d5b	10000	7ffc7e35d2a0	2aad	5cd689410530	5cd68c3797b0	5cd686810520	b00000	b00000	10000	4cdd
36.432278	7600e	cbe9	4c22	f	107a1fb	5cd6893c5a60	a7e	10000	7ffc7e35d2a0	2aad	5cd689410530	5cd68c3797b0	5cd685210520	1080000	1080000	10000	2043
36.443059	76011	7a15	4c22	e	1489970	5cd6893c5a60	697	10000	7ffc7e35d2a0	2aad	5cd689410530	5cd68c3797b0	5cd6841d0520	1490000	1490000	10000	1dfa
36.451423	75fed	293	4c22	9	91374	5cd6893c5a60	44	10000	7ffc7e35d2a0	2aad	5cd689410530	5cd68c3797b0	5cd689190520	a0000	a0000	10000	2246
36.459533	75fed	47f	4c22	a	3c56b7	5cd6893c5a60	65	10000	7ffc7e35d2a0	2aad	5cd689410530	5cd68c3797b0	5cd6884d0520	3d0000	3d0000	10000	12a5
36.468120	75ff0	50b	4c22	a	72a199	5cd6893c5a60	70	10000	7ffc7e35d2a0	2aad	5cd689410530	5cd68c3797b0	5cd687750520	730000	730000	10000	2c6b
36.477082	7600e	1ba7	4c22	c	aa54b7	5cd6893c5a60	1b5	10000	7ffc7e35d2a0	2aad	5cd689410530	5cd68c3797b0	5cd686950520	ab0000	ab0000	10000	7dc
36.488171	75fed	b3	4c22	7	f025f1	5cd6893c5a60	14	10000	7ffc7e35d2a0	2aad	5cd689410530	5cd68c3797b0	5cd6857d0520	f10000	f10000	10000	4a94
36.501401	7600e	2b	4c22	5	144583b	5cd6893c5a60	7	10000	7ffc7e35d2a0	2aad	5cd689410530	5cd68c3797b0	5cd6842d0520	1450000	1450000	10000	40b5
36.512567	7600e	2b	4c22	5	1692c0	5cd6893c5a60	7	10000	7ffc7e35d2a0	2aad	5cd689410530	5cd68c3797b0	5cd688e50520	170000	170000	10000	21d1
36.520278	75fe0	1023b	4c22	10	5cd689410530	5cd6893c5a60	cf0	10000	7ffc7e35d2a0	2aad	5cd689410530	5cd68c3797b0	5cd688290520	460000	460000	10000	34eb
36.534866	75fed	1d3	4c22	8	a28b92	5cd6893c5a60	34	10000	7ffc7e35d2a0	2aad	5cd689410530	5cd68c3797b0	5cd686b50520	a30000	a30000	10000	4d52
36.547932	76073	5cd6893d0520	f2a8	11	f80634	5cd6893c5a60	2aad	10000	7ffc7e35d2a0	2aad	5cd689410530	5cd68c3797b0	5cd6856d0520	f50000	f2a4	10000	0
36.562173	7600e	3426d	4c22	11	14d2159	5cd6893c5a60	24da	10000	7ffc7e35d2a0	2aad	5cd689410530	5cd68c3797b0	5cd684090520	14e0000	14e0000	10000	90c
36.571571	75fd8	1a029	4c22	10	168de7	5cd6893c5a60	13df	10000	7ffc7e35d2a0	2aad	5cd689410530	5cd68c3797b0	5cd688e90520	160000	160000	10000	1404
36.585329	75fc9	2aad	4c22	f	6f1f2f	5cd6893c5a60	cd4	10000	7ffc7e35d2a0	2aad	5cd689410530	5cd68c3797b0	5cd687850520	6f0000	6f0000	10000	4f26
36.592676	76060	5cd6893d0520	4a20	11	9d3f3d	5cd6893c5a60	2aad	10000	7ffc7e35d2a0	2aad	5cd689410530	5cd68c3797b0	5cd686d50520	9b0000	4a1c	10000	0
36.606948	7600e	35	4c22	5	f4f132	5cd6893c5a60	8	10000	7ffc7e35d2a0	2aad	5cd689410530	5cd68c3797b0	5cd6856d0520	f50000	f50000	10000	27d9
36.619304	75f9c	63b3	4c22	e	1451b48	5cd6893c5a60	571	10000	7ffc7e35d2a0	2aad	5cd689410530	5cd68c3797b0	5cd6842d0520	1450000	1450000	10000	40b5
36.630359	76060	5cd6893d0520	a5e8	11	1c7d29	5cd6893c5a60	2aad	10000	7ffc7e35d2a0	2aad	5cd689410530	5cd68c3797b0	5cd688dd0520	190000	a5e4	10000	0
36.636554	75fe9	3d	4c22	5	3c3a3d	5cd6893c5a60	9	10000	7ffc7e35d2a0	2aad	5cd689410530	5cd68c3797b0	5cd6884d0520	3d0000	3d0000	10000	12a5
36.647572	1cb9fe75db24	5cd6893d2a0c	59ef	70a0	142d0	5cd698c13be0	5cd6893dfc3c	93b	7ffc7e35d298	5cd6893d2a0c	fffffffff07cc05c	5cd68c3797b0	5cd687350520	840000	840000	10000	93b
36.658397	75fed	39c61	4c22	11	c6ca05	5cd6893c5a60	2893	10000	7ffc7e35d2a0	2aad	5cd689410530	5cd68c3797b0	5cd686250520	c70000	c70000	10000	228c
36.665889	75fed	a0df	4c22	f	f5c18d	5cd6893c5a60	86e	10000	7ffc7e35d2a0	2aad	5cd689410530	5cd68c3797b0	5cd685690520	f60000	f60000	10000	35a6
36.671703	7600e	7f	4c22	6	11abeed	5cd6893c5a60	f	10000	7ffc7e35d2a0	2aad	5cd689410530	5cd68c3797b0	5cd684d50520	11b0000	11b0000	10000	18ad
36.684157	75fed	7f	4c22	6	166247f	5cd6893c5a60	f	10000	7ffc7e35d2a0	2aad	5cd689410530	5cd68c3797b0	5cd683a50520	1670000	1670000	10000	5444
36.689963	7600e	35ee7	4c22	11	167b85	5cd6893c5a60	260e	10000	7ffc7e35d2a0	2aad	5cd689410530	5cd68c3797b0	5cd688e50520	170000	170000	10000	21d1
36.703045	7600e	fa13	4c22	f	677098	5cd6893c5a60	c9a	10000	7ffc7e35d2a0	2aad	5cd689410530	5cd68c3797b0	5cd687a10520	680000	680000	10000	487a
36.708689	6ab09	5cd68ba00d80	40	0	79905cc1ac80	5cd689360010	7	5cd6a81a5cf0	7ffc7e35d1c0	5cd68ba00d80	5cd68ba00d80	5cd69b55fbe0	c9452bc815867652	5cd69fd263e0	20	7ffc7e35d200	5cd68ba00d80
36.718263	7600e	2663b	4c22	11	c2dcfd	5cd6893c5a60	1c11	10000	7ffc7e35d2a0	2aad	5cd689410530	5cd68c3797b0	5cd686350520	c30000	c30000	10000	4547
36.728899	7600e	36e71	4c22	11	10210c3	5cd6893c5a60	26b2	10000	7ffc7e35d2a0	2aad	5cd689410530	5cd68c3797b0	5cd685350520	1030000	1030000	10000	3531
36.740778	75fed	2874b	4c22	11	14d4c84	5cd6893c5a60	1d6e	10000	7ffc7e35d2a0	2aad	5cd689410530	5cd68c3797b0	5cd684090520	14e0000	14e0000	10000	90c
36.750426	75f95	14263	4c22	10	193023	5cd6893c5a60	fde	10000	7ffc7e35d2a0	2aad	5cd689410530	5cd68c3797b0	5cd688e10520	180000	180000	10000	2f9e
36.757757	75fe4	20c45	4c22	11	458b72	5cd6893c5a60	1860	10000	7ffc7e35d2a0	2aad	5cd689410530	5cd68c3797b0	5cd688290520	460000	460000	10000	34eb
36.763721	7c142	71	7ffc7e35d1f0	70	5cd6a8269350	5cd6a8268110	2f	80	7ffc7e35d170	5cd69210e920	5cd68a75e580	5cd68ffd3290	c9452bc815867652	7ffc7e35d188	5cd68a75e590	22a4	5cd65e4ecb30
36.775663	7600e	6343	4c22	e	ac328c	5cd6893c5a60	56a	10000	7ffc7e35d2a0	2aad	5cd689410530	5cd68c3797b0	5cd6868d0520	ad0000	ad0000	10000	2376
36.790179	75fed	755	4c22	a	10152ca	5cd6893c5a60	9c	10000	7ffc7e35d2a0	2aad	5cd689410530	5cd68c3797b0	5cd685390520	1020000	1020000	10000	2764
36.801837	76077	ffff	d054	11	1482e77	5cd6893c5a60	2aad	10000	7ffc7e35d2a0	2aad	5cd689410530	5cd68c3797b0	5cd684250520	1470000	d050	10000	0
36.812945	7600e	2fef1	4c22	11	b259f	5cd6893c5a60	2259	10000	7ffc7e35d2a0	2aad	5cd689410530	5cd68c3797b0	5cd689110520	c0000	c0000	10000	3de0
36.825067	6fd70	5cd6a2ba5930	1f85	0	79905cc1ac80	5cd689360010	7	1f86	7ffc7e35d060	5cd6a2ba5930	5cd6a2ba5930	5cd69f88ce50	c9452bc815867652	5cd68b5d1840	2d9	1d9b	10
36.831171	1cb9fe75d884	1	30	79905cc1aca8	28	5cd6a4a45e20	5cd68d726b10	50	7ffc7e35cf28	7ffc7e35d030	5cd68d726b10	5cd6903eff60	3	5cd6a4a45e10	79905cc1ac80	5cd6a4a45e40	5cd68d726b10
36.836706	6fd94	5cd68a83ee60	fc	0	79905cc1ac80	5cd689360010	7	fd	7ffc7e35d060	5cd68a83ee60	5cd68a83ee60	5cd68a652910	c9452bc815867652	5cd68e842c10	72b	de	b
36.849060	6fd94	5cd6a83a7c80	99a	0	79905cc1ac80	301	79905cc1ac80	99b	7ffc7e35d060	5cd6a83a7c80	5cd6a83a7c80	7	c9452bc815867652	5cd692452470	c50	402	11
36.856752	6fd8f	5cd6a83cf650	8f4	0	79905cc1ac80	1a931	79905cc1ac80	8f5	7ffc7e35d060	5cd6a83cf650	5cd6a83cf650	5cd6a83c9000	c9452bc815867652	5cd6940b2c30	ec5	5cd	12
36.866907	6fd94	5cd6a8411470	28b8	0	79905cc1ac80	1ab11	79905cc1ac80	28b9	7ffc7e35d060	5cd6a8411470	5cd6a8411470	5cd6a840b000	c9452bc815867652	5cd696f9c6a0	12cf	27e9	13
36.873466	1cb9fe661c86	5cd6a843d010	90	0	fff1	10071	79905cc1ac80	110	7ffc7e35cf30	7ffc7e35d030	5cd6a843cf10	5cd6a842c000	c9452bc815867652	5cd6a843cf00	79905cc1ac80	5cd6a843cf90	5cd6a843cf10
36.887090	6fd94	5cd6a849a0a0	6b3	0	79905cc1ac80	15ee1	79905cc1ac80	6b4	7ffc7e35d060	5cd6a849a0a0	5cd6a849a0a0	7	c9452bc815867652	5cd69cf954d0	1b2a	61d	11
36.892929	6fd70	5cd6a84c1d60	26ee	0	79905cc1ac80	f221	79905cc1ac80	26ef	7ffc7e35d060	5cd6a84c1d60	5cd6a84c1d60	5cd6a84b0000	c9452bc815867652	5cd69ebb2f70	1d9e	20af	13
36.900575	6fd7a	5cd6a84f2bc0	2391	0	79905cc1ac80	203c1	79905cc1ac80	2392	7ffc7e35d060	5cd6a84f2bc0	5cd6a84f2bc0	7	c9452bc815867652	5cd6a0db5c80	209c	2205	12
36.914381	6b278	100	7ffc7e35d070	8	5cd6a8544dd0	7fffffffffffff00	80	1681	7ffc7e35d010	8	5cd6a8544dd0	7	c9452bc815867652	5cd6a472ddf0	25a5	20	10
36.927592	6fd8b	5cd6a858c5c0	1211	0	79905cc1ac80	a9c1	79905cc1ac80	1211	7ffc7e35d060	5cd6a858c5c0	5cd6a858c5c0	5cd6a8576000	c9452bc815867652	5cd6a7911cc0	2a04	714	12
36.934029	1cb9fe661870	0	79905cc1ac80	4b1	16dd1	5cd6a87ac230	2	4a0	7ffc7e35cf50	93	5cd6a87abd90	77	79905cc1ace0	ffffffffffffffa0	4b0	4b	49
36.941984	1cb9fe661870	0	79905cc1ac80	4e1	19d41	5cd6a92ee2c0	2	4d8	7ffc7e35cf50	93	5cd6a92eddf0	77	79905cc1ace0	ffffffffffffffa0	4e0	4e	4c
36.948903	1cb9fe661870	0	79905cc1ac80	4e1	1f81	5cd6a9b46080	2	4d8	7ffc7e35cf50	93	5cd6a9b45bb0	77	79905cc1ace0	ffffffffffffffa0	4e0	4e	4c
36.956958	70add	2693	5cd6a91873a8	5cd6a86004c8	5cd6a85fdea0	2693	197	79905c99f010	7ffc7e35d060	5cd6a9184d80	9b	150	4e	d0	2aed	5cd6a9186d00	9b
36.966800	70afb	2693	5cd6a9188908	5cd6a8601a28	5cd6a85fdea0	2693	27b	79905c99f010	7ffc7e35d060	5cd6a9184d80	9b	246	22	d0	2aed	5cd6a9188410	0
36.972917	70ae6	2693	5cd6a9189448	5cd6a8602568	5cd6a85fdea0	2693	2f3	79905c99f010	7ffc7e35d060	5cd6a9184d80	9b	105	62	d0	2aed	5cd6a91865f8	9b
36.982778	70a83	2693	5cd6a918a270	5cd6a8603390	5cd6a85fdea0	2693	38a	79905c99f010	7ffc7e35d060	5cd6a9184d80	9b	3f	bd	94	2aed	26	5cd6a85fe488
36.993636	70a98	2693	5cd6a918ae10	5cd6a8603f30	5cd6a85fdea0	2693	406	5cd6a8765890	7ffc7e35d060	5cd6a9184d80	9b	9	1b	0	2aed	28	5cd6a85fdf78
37.002888	70ac7	2693	5cd6a918b680	5cd6a86047a0	5cd6a85fdea0	2693	460	79905c99f010	7ffc7e35d060	5cd6a9184d80	9b	3cd	72	d0	2aed	5cd6a918a8b8	0
37.013601	70a83	2693	5cd6a918bf20	5cd6a8605040	5cd6a85fdea0	2693	4bc	79905c99f010	7ffc7e35d060	5cd6a9184d80	9b	13a	3ae	94	2aed	69	5cd6a85ffc10
37.027292	70a69	2693	5cd6a918c910	5cd6a8605a30	5cd6a85fdea0	2693	526	79905c99f010	7ffc7e35d060	5cd6a9184d80	9b	4fd	ef7	90001041408000a0	2aed	73	5cd6a8605658
37.039156	70a9d	2693	5cd6a918d150	5cd6a8606270	5cd6a85fdea0	2693	57e	5cd6a87d3b10	7ffc7e35d060	5cd6a9184d80	9b	383	a89	20000004	2aed	6f	5cd6a86032e8
37.053015	70a9d	2693	5cd6a918db58	5cd6a8606c78	5cd6a85fdea0	2693	5e9	5cd6a87f30a0	7ffc7e35d060	5cd6a9184d80	9b	5cd	1167	0	2aed	3	5cd6a86069d8
37.060346	70a69	2693	5cd6a918dfc0	5cd6a86070e0	5cd6a85fdea0	2693	618	79905c99f010	7ffc7e35d060	5cd6a9184d80	9b	5ec	11c4	c000400901c000a0	2aed	73	5cd6a8606cc0
37.069918	70afb	2693	5cd6a918e530	5cd6a8607650	5cd6a85fdea0	2693	652	79905c99f010	7ffc7e35d060	5cd6a9184d80	9b	5bd	d	d0	2aed	5cd6a918d738	520447949810d5
37.083081	70b03	2693	5cd6a918ece0	5cd6a8607e00	5cd6a85fdea0	2693	6a4	79905c99f010	7ffc7e35d060	5cd6a9184d80	9b	634	12	5cd6a93c4ad0	2aed	5cd6a918e260	28a22604025f6f04
37.097652	70afb	2693	5cd6a918f1a8	5cd6a86082c8	5cd6a85fdea0	2693	6d7	79905c99f010	7ffc7e35d060	5cd6a9184d80	9b	48	0	d0	2aed	5cd6a9185440	100000000
37.107052	70b03	2693	5cd6a918f538	5cd6a8608658	5cd6a85fdea0	2693	6fd	79905c99f010	7ffc7e35d060	5cd6a9184d80	9b	6c4	27	5cd6a93dfcb0	2aed	5cd6a918efe0	0
37.118145	70afb	2693	5cd6a918faf0	5cd6a8608c10	5cd6a85fdea0	2693	73a	79905c99f010	7ffc7e35d060	5cd6a9184d80	9b	db	7c	d0	2aed	5cd6a9186208	0
37.132797	70ac7	2693	5cd6a91901f8	5cd6a8609318	5cd6a85fdea0	2693	785	79905c99f010	7ffc7e35d060	5cd6a9184d80	9b	c	67	d0	2aed	5cd6a9184ea0	0
37.138811	70a94	2693	5cd6a91904e0	5cd6a8609600	5cd6a85fdea0	2693	7a4	79905c99f010	7ffc7e35d060	5cd6a9184d80	9b	5cd	1167	9100018410040000	2aed	78	5cd6a86069d8
37.145974	70a94	2693	5cd6a9190840	5cd6a8609960	5cd6a85fdea0	2693	7c8	79905c99f010	7ffc7e35d060	5cd6a9184d80	9b	79c	16d4	8580d010a031c200	2aed	67	5cd6a8609540
37.152859	70a69	2693	5cd6a9190b28	5cd6a8609c48	5cd6a85fdea0	2693	7e7	79905c99f010	7ffc7e35d060	5cd6a9184d80	9b	4e0	ea0	202000408c234002	2aed	71	5cd6a86053a0
37.159788	70afb	2693	5cd6a9190e40	5cd6a8609f60	5cd6a85fdea0	2693	808	79905c99f010	7ffc7e35d060	5cd6a9184d80	9b	530	7f	d0	2aed	5cd6a918ca00	0
37.165602	70a9d	2693	5cd6a9191068	5cd6a860a188	5cd6a85fdea0	2693	81f	5cd6a8898dc0	7ffc7e35d060	5cd6a9184d80	9b	624	126c	40810c00802d8004	2aed	4a	5cd6a8607200
37.176939	70ac7	2693	5cd6a9191488	5cd6a860a5a8	5cd6a85fdea0	2693	84b	79905c99f010	7ffc7e35d060	5cd6a9184d80	9b	305	97	d0	2aed	5cd6a91895f8	0
37.184366	70ae6	2693	5cd6a9191728	5cd6a860a848	5cd6a85fdea0	2693	867	79905c99f010	7ffc7e35d060	5cd6a9184d80	9b	65c	73	d0	2aed	5cd6a918e620	9b
37.191660	70b03	2693	5cd6a91919b0	5cd6a860aad0	5cd6a85fdea0	2693	882	79905c99f010	7ffc7e35d060	5cd6a9184d80	9b	83f	4	5cd6a9456510	2aed	5cd6a9191368	3a8328a7cb108120
37.203667	70b03	2693	5cd6a9191d28	5cd6a860ae48	5cd6a85fdea0	2693	8a7	79905c99f010	7ffc7e35d060	5cd6a9184d80	9b	5c0	45	5cd6a9461970	2aed	5cd6a918d780	0
37.210437	70a72	2693	5cd6a9191f08	5cd6a860b028	5cd6a85fdea0	2693	8bb	79905c99f010	7ffc7e35d060	5cd6a9184d80	9b	5e8	11b8	0	2aed	11	5cd6a8606c60
37.216862	70aa8	2693	5cd6a9192100	5cd6a860b220	5cd6a85fdea0	2693	8d0	5cd6a88ccb70	7ffc7e35d060	5cd6a9184d80	9b	782	1686	d93a8001c2588001	2aed	29	5cd6a86092d0
37.222258	70a8c	2693	5cd6a9192310	5cd6a860b430	5cd6a85fdea0	2693	8e6	79905c99f010	7ffc7e35d060	5cd6a9184d80	9b	3bd	b37	94	2aed	24	5cd6a8603858
37.231352	70b03	2693	5cd6a9192688	5cd6a860b7a8	5cd6a85fdea0	2693	90b	79905c99f010	7ffc7e35d060	5cd6a9184d80	9b	46f	75	5cd6a94800f0	2aed	5cd6a918b7e8	0
37.241978	70b03	2693	5cd6a9192a48	5cd6a860bb68	5cd6a85fdea0	2693	933	79905c99f010	7ffc7e35d060	5cd6a9184d80	9b	56c	28	5cd6a948c3f0	2aed	5cd6a918cfa0	0
37.252363	70a9d	2693	5cd6a9192df0	5cd6a860bf10	5cd6a85fdea0	2693	95a	5cd6a88f5250	7ffc7e35d060	5cd6a9184d80	9b	4fd	ef7	0	2aed	14	5cd6a8605658
37.263506	70afb	2693	5cd6a9193048	5cd6a860c168	5cd6a85fdea0	2693	973	79905c99f010	7ffc7e35d060	5cd6a9184d80	9b	48b	12	d0	2aed	5cd6a918ba88	f40
37.270342	70a76	2693	5cd6a91932b8	5cd6a860c3d8	5cd6a85fdea0	2693	98d	79905c99f010	7ffc7e35d060	5cd6a9184d80	9b	35f	a1d	94	2aed	0	5cd6a8602f88
37.281664	70a69	2693	5cd6a9193660	5cd6a860c780	5cd6a85fdea0	2693	9b4	79905c99f010	7ffc7e35d060	5cd6a9184d80	9b	416	c42	4100800480300	2aed	4a	5cd6a86040b0
37.293005	70ac7	2693	5cd6a91939a8	5cd6a860cac8	5cd6a85fdea0	2693	9d7	79905c99f010	7ffc7e35d060	5cd6a9184d80	9b	4c1	5e	d0	2aed	5cd6a918bf98	0
37.298681	70afb	2693	5cd6a9193b40	5cd6a860cc60	5cd6a85fdea0	2693	9e8	79905c99f010	7ffc7e35d060	5cd6a9184d80	9b	843	12	d0	2aed	5cd6a91913c8	1c2902855561cb20
37.306678	70b03	2693	5cd6a9193d68	5cd6a860ce88	5cd6a85fdea0	2693	9ff	79905c99f010	7ffc7e35d060	5cd6a9184d80	9b	2f0	68	5cd6a94ca670	2aed	5cd6a9189400	0
37.319698	70a69	2693	5cd6a9194128	5cd6a860d248	5cd6a85fdea0	2693	a27	79905c99f010	7ffc7e35d060	5cd6a9184d80	9b	5a6	10f2	1a08004308221	2aed	6c	5cd6a8606630
37.333072	70ac7	2693	5cd6a9194548	5cd6a860d668	5cd6a85fdea0	2693	a53	79905c99f010	7ffc7e35d060	5cd6a9184d80	9b	49a	86	d0	2aed	5cd6a918bbf0	0
37.346346	70a72	2693	5cd6a9194968	5cd6a860da88	5cd6a85fdea0	2693	a7f	79905c99f010	7ffc7e35d060	5cd6a9184d80	9b	2ae	80a	0	2aed	2	5cd6a8601ef0
37.353266	70ae6	2693	5cd6a9194b00	5cd6a860dc20	5cd6a85fdea0	2693	a90	79905c99f010	7ffc7e35d060	5cd6a9184d80	9b	9f1	80	d0	2aed	5cd6a9193c18	9b
37.364036	70ae6	2693	5cd6a9194e60	5cd6a860df80	5cd6a85fdea0	2693	ab4	79905c99f010	7ffc7e35d060	5cd6a9184d80	9b	3eb	97	d0	2aed	5cd6a918ab88	9b
37.373824	70ae6	2693	5cd6a91950e8	5cd6a860e208	5cd6a85fdea0	2693	acf	79905c99f010	7ffc7e35d060	5cd6a9184d80	9b	62e	81	d0	2aed	5cd6a918e1d0	9b
37.382802	70afb	2693	5cd6a9195340	5cd6a860e460	5cd6a85fdea0	2693	ae8	79905c99f010	7ffc7e35d060	5cd6a9184d80	9b	984	e	d0	2aed	5cd6a91931e0	df090a99b46a804c
37.397547	70af7	2693	5cd6a9195730	5cd6a860e850	5cd6a85fdea0	2693	b12	79905c99f010	7ffc7e35d060	5cd6a9184d80	9b	4f9	3b	d0	2aed	5cd6a918c4d8	5cd6a9342930
37.408032	70ae6	2693	5cd6a91959e8	5cd6a860eb08	5cd6a85fdea0	2693	b2f	79905c99f010	7ffc7e35d060	5cd6a9184d80	9b	3ce	18	d0	2aed	5cd6a918a8d0	9b
37.423116	70a9d	2693	5cd6a9195c88	5cd6a860eda8	5cd6a85fdea0	2693	b4b	5cd6a8986c00	7ffc7e35d060	5cd6a9184d80	9b	38	a8	0	2aed	65	5cd6a85fe3e0
37.428368	70b03	2693	5cd6a9195dc0	5cd6a860eee0	5cd6a85fdea0	2693	b58	79905c99f010	7ffc7e35d060	5cd6a9184d80	9b	47d	34	5cd6a9533850	2aed	5cd6a918b938	0
37.438544	70a69	2693	5cd6a9196000	5cd6a860f120	5cd6a85fdea0	2693	b70	79905c99f010	7ffc7e35d060	5cd6a9184d80	9b	abd	2037	8044901000218620	2aed	93	5cd6a860e058
37.447996	70a9d	2693	5cd6a91961b0	5cd6a860f2d0	5cd6a85fdea0	2693	b82	5cd6a8996dd0	7ffc7e35d060	5cd6a9184d80	9b	733	1599	9e828820d4520010	2aed	24	5cd6a8608b68
37.454197	70a76	2693	5cd6a9196318	5cd6a860f438	5cd6a85fdea0	2693	b91	79905c99f010	7ffc7e35d060	5cd6a9184d80	9b	231	693	94	2aed	47	5cd6a8601338
37.466293	70a94	2693	5cd6a9196618	5cd6a860f738	5cd6a85fdea0	2693	bb1	79905c99f010	7ffc7e35d060	5cd6a9184d80	9b	13a	3ae	2	2aed	76	5cd6a85ffc10
37.477401	70a7f	2693	5cd6a91968d0	5cd6a860f9f0	5cd6a85fdea0	2693	bce	79905c99f010	7ffc7e35d060	5cd6a9184d80	9b	2a9	7fb	94	2aed	28	5cd6a8601e78
37.488033	70ae6	2693	5cd6a9196b40	5cd6a860fc60	5cd6a85fdea0	2693	be8	79905c99f010	7ffc7e35d060	5cd6a9184d80	9b	b16	d	d0	2aed	5cd6a9195790	9b
37.496737	70a7f	2693	5cd6a9196d80	5cd6a860fea0	5cd6a85fdea0	2693	c00	79905c99f010	7ffc7e35d060	5cd6a9184d80	9b	193	4b9	94	2aed	7d	5cd6a8600468
37.504195	70b03	2693	5cd6a9196f30	5cd6a8610050	5cd6a85fdea0	2693	c12	79905c99f010	7ffc7e35d060	5cd6a9184d80	9b	2b9	23	5cd6a956c310	2aed	5cd6a9188ed8	0
37.510888	70a14	2693	5cd6a91970b0	5cd6a86101d0	5cd6a85fdea0	2693	c22	79905c99f010	7ffc7e35d060	5cd6a9184d80	9b	8	5cd6a89c5bd0	d0	2aed	458	0
37.517748	70a69	2693	5cd6a9197260	5cd6a8610380	5cd6a85fdea0	2693	c34	79905c99f010	7ffc7e35d060	5cd6a9184d80	9b	609	121b	8620a748e14c804	2aed	64	5cd6a8606f78
37.528830	70afb	2693	5cd6a91974b8	5cd6a86105d8	5cd6a85fdea0	2693	c4d	79905c99f010	7ffc7e35d060	5cd6a9184d80	9b	bdd	6f	d0	2aed	5cd6a9196a38	0
37.536091	70afb	2693	5cd6a9197638	5cd6a8610758	5cd6a85fdea0	2693	c5d	79905c99f010	7ffc7e35d060	5cd6a9184d80	9b	389	42	d0	2aed	5cd6a918a258	0
37.541947	70ac7	2693	5cd6a9197770	5cd6a8610890	5cd6a85fdea0	2693	c6a	79905c99f010	7ffc7e35d060	5cd6a9184d80	9b	a26	87	d0	2aed	5cd6a9194110	0
37.551065	70a83	2693	5cd6a9197968	5cd6a8610a88	5cd6a85fdea0	2693	c7f	79905c99f010	7ffc7e35d060	5cd6a9184d80	9b	ae1	20a3	94	2aed	1a	5cd6a860e3b8
37.559319	70a9d	2693	5cd6a9197b30	5cd6a8610c50	5cd6a85fdea0	2693	c92	5cd6a89e68d0	7ffc7e35d060	5cd6a9184d80	9b	5ac	1104	21819806232c1629	2aed	1f	5cd6a86066c0
37.565913	70a94	2693	5cd6a9197c98	5cd6a8610db8	5cd6a85fdea0	2693	ca1	79905c99f010	7ffc7e35d060	5cd6a9184d80	9b	5dd	1197	a0111a8604027be2	2aed	1c	5cd6a8606b58
37.580053	70b03	2693	5cd6a9197fb0	5cd6a86110d0	5cd6a85fdea0	2693	cc2	79905c99f010	7ffc7e35d060	5cd6a9184d80	9b	8fc	97	5cd6a95a1d10	2aed	5cd6a9192520	0
37.595040	70afb	2693	5cd6a9198298	5cd6a86113b8	5cd6a85fdea0	2693	ce1	79905c99f010	7ffc7e35d060	5cd6a9184d80	9b	42f	3e	d0	2aed	5cd6a918b1e8	0
37.603518	70b03	2693	5cd6a91983b8	5cd6a86114d8	5cd6a85fdea0	2693	ced	79905c99f010	7ffc7e35d060	5cd6a9184d80	9b	309	35	5cd6a95aeeb0	2aed	5cd6a9189658	0
37.618276	70ae6	2693	5cd6a9198628	5cd6a8611748	5cd6a85fdea0	2693	d07	79905c99f010	7ffc7e35d060	5cd6a9184d80	9b	111	33	d0	2aed	5cd6a9186718	9b
37.624018	70afb	2693	5cd6a9198748	5cd6a8611868	5cd6a85fdea0	2693	d13	79905c99f010	7ffc7e35d060	5cd6a9184d80	9b	8a3	67	d0	2aed	5cd6a9191cc8	0
37.633484	70ac7	2693	5cd6a9198910	5cd6a8611a30	5cd6a85fdea0	2693	d26	79905c99f010	7ffc7e35d060	5cd6a9184d80	9b	42b	18	d0	2aed	5cd6a918b188	0
37.643145	70a90	2693	5cd6a9198aa8	5cd6a8611bc8	5cd6a85fdea0	2693	d37	79905c99f010	7ffc7e35d060	5cd6a9184d80	9b	b16	2142	5cd6a8977390	2aed	11	5cd6a860e8b0
37.648725	70a9d	2693	5cd6a9198be0	5cd6a8611d00	5cd6a85fdea0	2693	d44	5cd6a8a1ab30	7ffc7e35d060	5cd6a9184d80	9b	ba8	22f8	3697120417110a2	2aed	52	5cd6a860f660
37.663512	70afb	2693	5cd6a9198e98	5cd6a8611fb8	5cd6a85fdea0	2693	d61	79905c99f010	7ffc7e35d060	5cd6a9184d80	9b	5a6	e	d0	2aed	5cd6a918d510	c418811422102c2
37.674108	70a94	2693	5cd6a91990c0	5cd6a86121e0	5cd6a85fdea0	2693	d78	79905c99f010	7ffc7e35d060	5cd6a9184d80	9b	be3	23a9	0	2aed	20	5cd6a860fbe8
37.683572	70a9d	2693	5cd6a91992b8	5cd6a86123d8	5cd6a85fdea0	2693	d8d	5cd6a8a30160	7ffc7e35d060	5cd6a9184d80	9b	1a9	4fb	10080000000	2aed	35	5cd6a8600678
37.698107	70afb	2693	5cd6a9199588	5cd6a86126a8	5cd6a85fdea0	2693	dab	79905c99f010	7ffc7e35d060	5cd6a9184d80	9b	851	25	d0	2aed	5cd6a9191518	0
37.710995	70afb	2693	5cd6a91996c0	5cd6a86127e0	5cd6a85fdea0	2693	db8	79905c99f010	7ffc7e35d060	5cd6a9184d80	9b	d31	0	d0	2aed	5cd6a9198a18	cc404bc0404c333c
37.722278	70a83	2693	5cd6a91998e8	5cd6a8612a08	5cd6a85fdea0	2693	dcf	79905c99f010	7ffc7e35d060	5cd6a9184d80	9b	7e7	17b5	94	2aed	6f	5cd6a8609c48
37.730883	70afb	2693	5cd6a9199ab0	5cd6a8612bd0	5cd6a85fdea0	2693	de2	79905c99f010	7ffc7e35d060	5cd6a9184d80	9b	67c	1c	d0	2aed	5cd6a918e920	0
37.742136	70a94	2693	5cd6a9199c00	5cd6a8612d20	5cd6a85fdea0	2693	df0	79905c99f010	7ffc7e35d060	5cd6a9184d80	9b	b7b	2271	8964228a70565392	2aed	78	5cd6a860f228
37.754697	70afb	2693	5cd6a9199e40	5cd6a8612f60	5cd6a85fdea0	2693	e08	79905c99f010	7ffc7e35d060	5cd6a9184d80	9b	473	82	d0	2aed	5cd6a918b848	0
37.765459	70a9d	2693	5cd6a919a020	5cd6a8613140	5cd6a85fdea0	2693	e1c	5cd6a8a59fb0	7ffc7e35d060	5cd6a9184d80	9b	daf	290d	191e08108a20981	2aed	8f	5cd6a8612708
37.776112	70afb	2693	5cd6a919a248	5cd6a8613368	5cd6a85fdea0	2693	e33	79905c99f010	7ffc7e35d060	5cd6a9184d80	9b	1db	47	d0	2aed	5cd6a9187a08	0
37.790088	70a06	2693	5cd6a919a470	5cd6a8613590	5cd6a85fdea0	2693	e4a	79905c99f010	7ffc7e35d060	5cd6a9184d80	9b	d	5cd6a8a67750	d0	2aed	430	0
37.802402	70afb	2693	5cd6a919a620	5cd6a8613740	5cd6a85fdea0	2693	e5c	79905c99f010	7ffc7e35d060	5cd6a9184d80	9b	758	3a	d0	2aed	5cd6a918fdc0	0
37.817219	70afb	2693	5cd6a919a8a8	5cd6a86139c8	5cd6a85fdea0	2693	e77	79905c99f010	7ffc7e35d060	5cd6a9184d80	9b	b6a	76	d0	2aed	5cd6a9195f70	0
37.831525	70afb	2693	5cd6a919ab48	5cd6a8613c68	5cd6a85fdea0	2693	e93	79905c99f010	7ffc7e35d060	5cd6a9184d80	9b	8a6	16	d0	2aed	5cd6a9191d10	25630821022050
37.837275	70afb	2693	5cd6a919ac38	5cd6a8613d58	5cd6a85fdea0	2693	e9d	79905c99f010	7ffc7e35d060	5cd6a9184d80	9b	8c0	94	d0	2aed	5cd6a9191f80	0
37.847501	70a9d	2693	5cd6a919ade8	5cd6a8613f08	5cd6a85fdea0	2693	eaf	5cd6a8a850c0	7ffc7e35d060	5cd6a9184d80	9b	e48	2ad8	0	2aed	34	5cd6a8613560
37.853121	70aa0	2693	5cd6a919aef0	5cd6a8614010	5cd6a85fdea0	2693	eba	5cd6a8a88450	7ffc7e35d060	5cd6a9184d80	9b	7fb	17f1	a05228080020a050	2aed	5c	5cd6a8609e28
37.862355	70a69	2693	5cd6a919b028	5cd6a8614148	5cd6a85fdea0	2693	ec7	79905c99f010	7ffc7e35d060	5cd6a9184d80	9b	e32	2a96	0	2aed	30	5cd6a8613350
37.868419	70ad4	2693	5cd6a919b148	5cd6a8614268	5cd6a85fdea0	2693	ed3	79905c99f010	7ffc7e35d060	5cd6a9184d80	9b	fc	0	d0	2aed	5cd6a9186520	9b
37.878626	70afb	2693	5cd6a919b2c8	5cd6a86143e8	5cd6a85fdea0	2693	ee3	79905c99f010	7ffc7e35d060	5cd6a9184d80	9b	c92	0	d0	2aed	5cd6a9197b30	e37f2d268d7117e
37.892318	70a94	2693	5cd6a919b520	5cd6a8614640	5cd6a85fdea0	2693	efc	79905c99f010	7ffc7e35d060	5cd6a9184d80	9b	704	150c	0	2aed	0	5cd6a8608700
37.903718	70ae6	2693	5cd6a919b730	5cd6a8614850	5cd6a85fdea0	2693	f12	79905c99f010	7ffc7e35d060	5cd6a9184d80	9b	2a9	7	d0	2aed	5cd6a9188d58	9b
37.910526	70b03	2693	5cd6a919b838	5cd6a8614958	5cd6a85fdea0	2693	f1d	79905c99f010	7ffc7e35d060	5cd6a9184d80	9b	6a5	e	5cd6a96598b0	2aed	5cd6a918ecf8	1198000221539c
37.923681	70b03	2693	5cd6a919b9e8	5cd6a8614b08	5cd6a85fdea0	2693	f2f	79905c99f010	7ffc7e35d060	5cd6a9184d80	9b	122	54	5cd6a965f070	2aed	5cd6a91868b0	0
37.929740	70a94	2693	5cd6a919bad8	5cd6a8614bf8	5cd6a85fdea0	2693	f39	79905c99f010	7ffc7e35d060	5cd6a9184d80	9b	862	1926	0	2aed	1e	5cd6a860a7d0
37.944352	70afb	2693	5cd6a919bd30	5cd6a8614e50	5cd6a85fdea0	2693	f52	79905c99f010	7ffc7e35d060	5cd6a9184d80	9b	bfc	e	d0	2aed	5cd6a9196d20	5cd10e0a8c3a81a8
37.950318	70ac7	2693	5cd6a919be20	5cd6a8614f40	5cd6a85fdea0	2693	f5c	79905c99f010	7ffc7e35d060	5cd6a9184d80	9b	7db	16	d0	2aed	5cd6a9190a08	1191b22daf0a45e6
37.958203	70a72	2693	5cd6a919bf40	5cd6a8615060	5cd6a85fdea0	2693	f68	79905c99f010	7ffc7e35d060	5cd6a9184d80	9b	cab	2601	0	2aed	2	5cd6a8610ea8
37.966070	70afb	2693	5cd6a919c090	5cd6a86151b0	5cd6a85fdea0	2693	f76	79905c99f010	7ffc7e35d060	5cd6a9184d80	9b	8bf	4a	d0	2aed	5cd6a9191f68	0
37.981216	70a94	2693	5cd6a919c2d0	5cd6a86153f0	5cd6a85fdea0	2693	f8e	79905c99f010	7ffc7e35d060	5cd6a9184d80	9b	b19	214b	10109c872000221	2aed	6c	5cd6a860e8f8
37.987711	70ac7	2693	5cd6a919c3a8	5cd6a86154c8	5cd6a85fdea0	2693	f97	79905c99f010	7ffc7e35d060	5cd6a9184d80	9b	b66	4d	d0	2aed	5cd6a9195f10	0
38.000931	70ae6	2693	5cd6a919c5b8	5cd6a86156d8	5cd6a85fdea0	2693	fad	79905c99f010	7ffc7e35d060	5cd6a9184d80	9b	50b	b	d0	2aed	5cd6a918c688	9b
38.011768	70a0f	2693	5cd6a919c750	5cd6a8615870	5cd6a85fdea0	2693	fbe	79905c99f010	7ffc7e35d060	5cd6a9184d80	9b	7	5cd6a8ad4710	d0	2aed	460	0
38.017645	70afb	2693	5cd6a919c828	5cd6a8615948	5cd6a85fdea0	2693	fc7	79905c99f010	7ffc7e35d060	5cd6a9184d80	9b	116	22	d0	2aed	5cd6a9186790	0
38.032365	70ac7	2693	5cd6a919ca50	5cd6a8615b70	5cd6a85fdea0	2693	fde	79905c99f010	7ffc7e35d060	5cd6a9184d80	9b	16b	7d	d0	2aed	5cd6a9186f88	0
38.045192	70afb	2693	5cd6a919cc30	5cd6a8615d50	5cd6a85fdea0	2693	ff2	79905c99f010	7ffc7e35d060	5cd6a9184d80	9b	86b	2	d0	2aed	5cd6a9191788	880416b284800820
38.054230	70b03	2693	5cd6a919cd68	5cd6a8615e88	5cd6a85fdea0	2693	fff	79905c99f010	7ffc7e35d060	5cd6a9184d80	9b	105	39	5cd6a969e670	2aed	5cd6a91865f8	0
38.067244	70a69	2693	5cd6a919cf60	5cd6a8616080	5cd6a85fdea0	2693	1014	79905c99f010	7ffc7e35d060	5cd6a9184d80	9b	b86	2292	14010000c9201048	2aed	81	5cd6a860f330
38.079249	70a94	2693	5cd6a919d128	5cd6a8616248	5cd6a85fdea0	2693	1027	79905c99f010	7ffc7e35d060	5cd6a9184d80	9b	8f4	1adc	0	2aed	0	5cd6a860b580
38.091873	70afb	2693	5cd6a919d308	5cd6a8616428	5cd6a85fdea0	2693	103b	79905c99f010	7ffc7e35d060	5cd6a9184d80	9b	9c1	a	d0	2aed	5cd6a9193798	15424c4315301a29
38.104247	70afb	2693	5cd6a919d4d0	5cd6a86165f0	5cd6a85fdea0	2693	104e	79905c99f010	7ffc7e35d060	5cd6a9184d80	9b	269	0	d0	2aed	5cd6a9188758	980000b250000
38.117706	70afb	2693	5cd6a919d6c8	5cd6a86167e8	5cd6a85fdea0	2693	1063	79905c99f010	7ffc7e35d060	5cd6a9184d80	9b	b4b	52	d0	2aed	5cd6a9195c88	0
38.127710	70b03	2693	5cd6a919d830	5cd6a8616950	5cd6a85fdea0	2693	1072	79905c99f010	7ffc7e35d060	5cd6a9184d80	9b	b43	3f	5cd6a96c1710	2aed	5cd6a9195bc8	0
38.138174	70a94	2693	5cd6a919d9e0	5cd6a8616b00	5cd6a85fdea0	2693	1084	79905c99f010	7ffc7e35d060	5cd6a9184d80	9b	3fc	bf4	800800c00000	2aed	72	5cd6a8603e40
38.143555	70a9d	2693	5cd6a919dab8	5cd6a8616bd8	5cd6a85fdea0	2693	108d	5cd6a8b11160	7ffc7e35d060	5cd6a9184d80	9b	39e	ada	100802000100000	2aed	5a	5cd6a8603570
38.153986	70a9d	2693	5cd6a919dc20	5cd6a8616d40	5cd6a85fdea0	2693	109c	5cd6a8b157b0	7ffc7e35d060	5cd6a9184d80	9b	4fc	ef4	8004300024000011	2aed	66	5cd6a8605640
38.159371	70a94	2693	5cd6a919dcf8	5cd6a8616e18	5cd6a85fdea0	2693	10a5	79905c99f010	7ffc7e35d060	5cd6a9184d80	9b	22d	687	0	2aed	0	5cd6a86012d8
38.168010	70b03	2693	5cd6a919de18	5cd6a8616f38	5cd6a85fdea0	2693	10b1	79905c99f010	7ffc7e35d060	5cd6a9184d80	9b	ec	55	5cd6a96d4a30	2aed	5cd6a91863a0	0
38.177582	70afb	2693	5cd6a919df80	5cd6a86170a0	5cd6a85fdea0	2693	10c0	79905c99f010	7ffc7e35d060	5cd6a9184d80	9b	d97	23	d0	2aed	5cd6a91993a8	3c461053f7337322
38.190575	70afb	2693	5cd6a919e118	5cd6a8617238	5cd6a85fdea0	2693	10d1	79905c99f010	7ffc7e35d060	5cd6a9184d80	9b	a78	15	d0	2aed	5cd6a91948c0	5a101649ad55b5f7
38.198985	70afb	2693	5cd6a919e268	5cd6a8617388	5cd6a85fdea0	2693	10df	79905c99f010	7ffc7e35d060	5cd6a9184d80	9b	414	66	d0	2aed	5cd6a918af60	0
38.208563	70a69	2693	5cd6a919e3b8	5cd6a86174d8	5cd6a85fdea0	2693	10ed	79905c99f010	7ffc7e35d060	5cd6a9184d80	9b	9d	1d7	0	2aed	4c	5cd6a85fed58
38.213889	70a9d	2693	5cd6a919e460	5cd6a8617580	5cd6a85fdea0	2693	10f4	5cd6a8b2f430	7ffc7e35d060	5cd6a9184d80	9b	fb5	2f1f	0	2aed	1f	5cd6a8615798
38.223921	70a14	2693	5cd6a919e568	5cd6a8617688	5cd6a85fdea0	2693	10ff	79905c99f010	7ffc7e35d060	5cd6a9184d80	9b	22	5cd6a8b327c0	d0	2aed	388	0
38.230830	70a94	2693	5cd6a919e658	5cd6a8617778	5cd6a85fdea0	2693	1109	79905c99f010	7ffc7e35d060	5cd6a9184d80	9b	fc4	2f4c	0	2aed	15	5cd6a8615900
38.240446	70a94	2693	5cd6a919e7a8	5cd6a86178c8	5cd6a85fdea0	2693	1117	79905c99f010	7ffc7e35d060	5cd6a9184d80	9b	683	1389	0	2aed	0	5cd6a8607ae8
38.250716	70a98	2693	5cd6a919e928	5cd6a8617a48	5cd6a85fdea0	2693	1127	5cd6a8b3e340	7ffc7e35d060	5cd6a9184d80	9b	22e	68a	4801000800000044	2aed	26	5cd6a86012f0
38.261842	70ac7	2693	5cd6a919ea90	5cd6a8617bb0	5cd6a85fdea0	2693	1136	79905c99f010	7ffc7e35d060	5cd6a9184d80	9b	b08	63	d0	2aed	5cd6a9195640	0
38.275301	70aa0	2693	5cd6a919ec70	5cd6a8617d90	5cd6a85fdea0	2693	114a	5cd6a8b48750	7ffc7e35d060	5cd6a9184d80	9b	7ab	1701	0	2aed	1a	5cd6a86096a8
38.280774	70a72	2693	5cd6a919ed18	5cd6a8617e38	5cd6a85fdea0	2693	1151	79905c99f010	7ffc7e35d060	5cd6a9184d80	9b	8f2	1ad6	0	2aed	e	5cd6a860b550
38.290943	70afb	2693	5cd6a919ee68	5cd6a8617f88	5cd6a85fdea0	2693	115f	79905c99f010	7ffc7e35d060	5cd6a9184d80	9b	c9f	2	d0	2aed	5cd6a9197c68	a68c20ba033c17b4
38.296330	70ac7	2693	5cd6a919ef10	5cd6a8618030	5cd6a85fdea0	2693	1166	79905c99f010	7ffc7e35d060	5cd6a9184d80	9b	c6a	7b	d0	2aed	5cd6a9197770	0
38.305115	70b03	2693	5cd6a919f030	5cd6a8618150	5cd6a85fdea0	2693	1172	79905c99f010	7ffc7e35d060	5cd6a9184d80	9b	f13	15	5cd6a970f710	2aed	5cd6a919b748	f3800e52114db3ba
38.317604	70a9d	2693	5cd6a919f1b0	5cd6a86182d0	5cd6a85fdea0	2693	1182	5cd6a8b58dd0	7ffc7e35d060	5cd6a9184d80	9b	10f5	32df	0	2aed	0	5cd6a8617598
38.323338	70afb	2693	5cd6a919f258	5cd6a8618378	5cd6a85fdea0	2693	1189	79905c99f010	7ffc7e35d060	5cd6a9184d80	9b	f7c	82	d0	2aed	5cd6a919c120	0
38.332771	70ac7	2693	5cd6a919f390	5cd6a86184b0	5cd6a85fdea0	2693	1196	79905c99f010	7ffc7e35d060	5cd6a9184d80	9b	7be	15	d0	2aed	5cd6a9190750	488250dbb98b1851
38.345781	70aba	2693	5cd6a919f510	5cd6a8618630	5cd6a85fdea0	2693	11a6	79905c99f010	7ffc7e35d060	5cd6a9184d80	9b	d56	2802	d0	2aed	94	5cd6a8611eb0
38.352419	70a94	2693	5cd6a919f5b8	5cd6a86186d8	5cd6a85fdea0	2693	11ad	79905c99f010	7ffc7e35d060	5cd6a9184d80	9b	1178	3468	0	2aed	3a	5cd6a86181e0
38.365039	70a76	2693	5cd6a919f768	5cd6a8618888	5cd6a85fdea0	2693	11bf	79905c99f010	7ffc7e35d060	5cd6a9184d80	9b	e4	2ac	94	2aed	0	5cd6a85ff400
38.379150	70a98	2693	5cd6a919f918	5cd6a8618a38	5cd6a85fdea0	2693	11d1	5cd6a8b70020	7ffc7e35d060	5cd6a9184d80	9b	9e7	1db5	0	2aed	1b	5cd6a860cc48
38.387698	70aa8	2693	5cd6a919fa20	5cd6a8618b40	5cd6a85fdea0	2693	11dc	5cd6a8b733b0	7ffc7e35d060	5cd6a9184d80	9b	872	1956	0	2aed	d	5cd6a860a950
38.397915	70a69	2693	5cd6a919fb40	5cd6a8618c60	5cd6a85fdea0	2693	11e8	79905c99f010	7ffc7e35d060	5cd6a9184d80	9b	e4a	2ade	0	2aed	1e	5cd6a8613590
38.410094	70a14	2693	5cd6a919fc78	5cd6a8618d98	5cd6a85fdea0	2693	11f5	79905c99f010	7ffc7e35d060	5cd6a9184d80	9b	0	5cd6a8b7a8e0	d0	2aed	498	0
38.417787	709f7	2693	5cd6a919fd50	5cd6a8618e70	5cd6a85fdea0	2693	11fe	79905c99f010	7ffc7e35d060	5cd6a9184d80	9b	f0d	5cd6a8b7d310	d0	2aed	5cd6a919b6b8	0
38.427008	70afb	2693	5cd6a919fe40	5cd6a8618f60	5cd6a85fdea0	2693	1208	79905c99f010	7ffc7e35d060	5cd6a9184d80	9b	f7e	8e	d0	2aed	5cd6a919c150	0
38.432590	70a98	2693	5cd6a919fee8	5cd6a8619008	5cd6a85fdea0	2693	120f	5cd6a8b822c0	7ffc7e35d060	5cd6a9184d80	9b	433	c99	c05000000800028	2aed	38	5cd6a8604368
38.442178	70afb	2693	5cd6a919ffc0	5cd6a86190e0	5cd6a85fdea0	2693	1218	79905c99f010	7ffc7e35d060	5cd6a9184d80	9b	898	29	d0	2aed	5cd6a9191bc0	0
38.454714	70ac7	2693	5cd6a91a0140	5cd6a8619260	5cd6a85fdea0	2693	1228	79905c99f010	7ffc7e35d060	5cd6a9184d80	9b	fc7	99	d0	2aed	5cd6a919c828	0
38.460135	70a94	2693	5cd6a91a01e8	5cd6a8619308	5cd6a85fdea0	2693	122f	79905c99f010	7ffc7e35d060	5cd6a9184d80	9b	a72	1f56	0	2aed	0	5cd6a860d950
38.474882	70b03	2693	5cd6a91a03b0	5cd6a86194d0	5cd6a85fdea0	2693	1242	79905c99f010	7ffc7e35d060	5cd6a9184d80	9b	bd	7d	5cd6a974ed10	2aed	5cd6a9185f38	0
38.489934	70ac7	2693	5cd6a91a05a8	5cd6a86196c8	5cd6a85fdea0	2693	1257	79905c99f010	7ffc7e35d060	5cd6a9184d80	9b	c08	5	d0	2aed	5cd6a9196e40	ca0368f2799fbd05
38.504343	70a94	2693	5cd6a91a0770	5cd6a8619890	5cd6a85fdea0	2693	126a	79905c99f010	7ffc7e35d060	5cd6a9184d80	9b	9bd	1d37	a24ce5ec26a0b009	2aed	2c	5cd6a860c858
38.518256	70ab2	2693	5cd6a91a0950	5cd6a8619a70	5cd6a85fdea0	2693	127e	79905c99f010	7ffc7e35d060	5cd6a9184d80	9b	622	1266	80	2aed	94	5cd6a86071d0
38.530473	70ac7	2693	5cd6a91a0ad0	5cd6a8619bf0	5cd6a85fdea0	2693	128e	79905c99f010	7ffc7e35d060	5cd6a9184d80	9b	9d4	4	d0	2aed	5cd6a9193960	81c92e28baa116e3
38.540099	70a98	2693	5cd6a91a0c08	5cd6a8619d28	5cd6a85fdea0	2693	129b	5cd6a8bab300	7ffc7e35d060	5cd6a9184d80	9b	530	f90	500010110040440	2aed	4f	5cd6a8605b20
38.548370	70a83	2693	5cd6a91a0d10	5cd6a8619e30	5cd6a85fdea0	2693	12a6	79905c99f010	7ffc7e35d060	5cd6a9184d80	9b	20c	624	94	2aed	63	5cd6a8600fc0
38.554597	70ac7	2693	5cd6a91a0dd0	5cd6a8619ef0	5cd6a85fdea0	2693	12ae	79905c99f010	7ffc7e35d060	5cd6a9184d80	9b	33f	95	d0	2aed	5cd6a9189b68	0
38.561375	70ad4	2693	5cd6a91a0e78	5cd6a8619f98	5cd6a85fdea0	2693	12b5	79905c99f010	7ffc7e35d060	5cd6a9184d80	9b	6d5	0	d0	2aed	5cd6a918f178	9b
38.573475	70b03	2693	5cd6a91a0f98	5cd6a861a0b8	5cd6a85fdea0	2693	12c1	79905c99f010	7ffc7e35d060	5cd6a9184d80	9b	a25	76	5cd6a9775830	2aed	5cd6a91940f8	0
38.582112	70a98	2693	5cd6a91a10a0	5cd6a861a1c0	5cd6a85fdea0	2693	12cc	5cd6a8bb98b0	7ffc7e35d060	5cd6a9184d80	9b	dfc	29f4	0	2aed	3	5cd6a8612e40
38.591559	70a94	2693	5cd6a91a11c0	5cd6a861a2e0	5cd6a85fdea0	2693	12d8	79905c99f010	7ffc7e35d060	5cd6a9184d80	9b	cc3	2649	0	2aed	30	5cd6a86110e8
38.605206	70a98	2693	5cd6a91a1358	5cd6a861a478	5cd6a85fdea0	2693	12e9	5cd6a8bc20a0	7ffc7e35d060	5cd6a9184d80	9b	bdb	2391	0	2aed	4	5cd6a860fb28
38.611871	70a9d	2693	5cd6a91a1430	5cd6a861a550	5cd6a85fdea0	2693	12f2	5cd6a8bc4ad0	7ffc7e35d060	5cd6a9184d80	9b	ac7	2055	4c24033114000605	2aed	55	5cd6a860e148
38.620233	70b03	2693	5cd6a91a14f0	5cd6a861a610	5cd6a85fdea0	2693	12fa	79905c99f010	7ffc7e35d060	5cd6a9184d80	9b	101a	73	5cd6a9786e10	2aed	5cd6a919cff0	0
38.633748	70a76	2693	5cd6a91a16a0	5cd6a861a7c0	5cd6a85fdea0	2693	130c	79905c99f010	7ffc7e35d060	5cd6a9184d80	9b	d6a	283e	94	2aed	59	5cd6a8612090
38.641986	70afb	2693	5cd6a91a1790	5cd6a861a8b0	5cd6a85fdea0	2693	1316	79905c99f010	7ffc7e35d060	5cd6a9184d80	9b	ac7	33	d0	2aed	5cd6a9195028	0
38.653471	70afb	2693	5cd6a91a18b0	5cd6a861a9d0	5cd6a85fdea0	2693	1322	79905c99f010	7ffc7e35d060	5cd6a9184d80	9b	c60	21	d0	2aed	5cd6a9197680	f60d7904a242a01
38.665768	70b03	2693	5cd6a91a1a00	5cd6a861ab20	5cd6a85fdea0	2693	1330	79905c99f010	7ffc7e35d060	5cd6a9184d80	9b	931	23	5cd6a9797550	2aed	5cd6a9192a18	1004255200243e85
38.674619	70ae6	2693	5cd6a91a1af0	5cd6a861ac10	5cd6a85fdea0	2693	133a	79905c99f010	7ffc7e35d060	5cd6a9184d80	9b	832	23	d0	2aed	5cd6a9191230	9b
38.680389	70a94	2693	5cd6a91a1b80	5cd6a861aca0	5cd6a85fdea0	2693	1340	79905c99f010	7ffc7e35d060	5cd6a9184d80	9b	11dd	3597	0	2aed	14	5cd6a8618b58
38.690848	70ae6	2693	5cd6a91a1ca0	5cd6a861adc0	5cd6a85fdea0	2693	134c	79905c99f010	7ffc7e35d060	5cd6a9184d80	9b	bcc	19	d0	2aed	5cd6a91968a0	9b
38.703556	70b03	2693	5cd6a91a1e20	5cd6a861af40	5cd6a85fdea0	2693	135c	79905c99f010	7ffc7e35d060	5cd6a9184d80	9b	1122	59	5cd6a97a4bd0	2aed	5cd6a919e8b0	0
38.712221	70a9d	2693	5cd6a91a1f10	5cd6a861b030	5cd6a85fdea0	2693	1366	5cd6a8be6a90	7ffc7e35d060	5cd6a9184d80	9b	1130	3390	e510715a21ea602a	2aed	59	5cd6a8617b20
38.723252	70b0e	2693	5cd6a91a2000	5cd6a861b120	5cd6a85fdea0	2693	1370	79905c99f010	7ffc7e35d060	5cd6a9184d80	9b	803	6a	d0	2aed	5cd6a9190dc8	0
38.737107	70afb	2693	5cd6a91a2198	5cd6a861b2b8	5cd6a85fdea0	2693	1381	79905c99f010	7ffc7e35d060	5cd6a9184d80	9b	1b7	92	d0	2aed	5cd6a91876a8	0
38.749620	70a94	2693	5cd6a91a22b8	5cd6a861b3d8	5cd6a85fdea0	2693	138d	79905c99f010	7ffc7e35d060	5cd6a9184d80	9b	dc2	2946	0	2aed	0	5cd6a86128d0
38.756897	70afb	2693	5cd6a91a2390	5cd6a861b4b0	5cd6a85fdea0	2693	1396	79905c99f010	7ffc7e35d060	5cd6a9184d80	9b	229	98	d0	2aed	5cd6a9188158	0
38.766842	70a72	2693	5cd6a91a2498	5cd6a861b5b8	5cd6a85fdea0	2693	13a1	79905c99f010	7ffc7e35d060	5cd6a9184d80	9b	87a	196e	2021180450523140	2aed	3d	5cd6a860aa10
38.781373	70b03	2693	5cd6a91a25d0	5cd6a861b6f0	5cd6a85fdea0	2693	13ae	79905c99f010	7ffc7e35d060	5cd6a9184d80	9b	105b	17	5cd6a97bdb90	2aed	5cd6a919d608	3278eed181880352
38.793952	70a9d	2693	5cd6a91a2720	5cd6a861b840	5cd6a85fdea0	2693	13bc	5cd6a8bffdb0	7ffc7e35d060	5cd6a9184d80	9b	f6f	2e4d	0	2aed	27	5cd6a8615108
38.808286	70afb	2693	5cd6a91a28a0	5cd6a861b9c0	5cd6a85fdea0	2693	13cc	79905c99f010	7ffc7e35d060	5cd6a9184d80	9b	12e0	0	d0	2aed	5cd6a91a1280	18959c097529626c
38.822201	70a94	2693	5cd6a91a2a08	5cd6a861bb28	5cd6a85fdea0	2693	13db	79905c99f010	7ffc7e35d060	5cd6a9184d80	9b	10c8	3258	0	2aed	12	5cd6a8617160
38.831714	70ae6	2693	5cd6a91a2b10	5cd6a861bc30	5cd6a85fdea0	2693	13e6	79905c99f010	7ffc7e35d060	5cd6a9184d80	9b	296	55	d0	2aed	5cd6a9188b90	9b
38.843309	70a9d	2693	5cd6a91a2c30	5cd6a861bd50	5cd6a85fdea0	2693	13f2	5cd6a8c0fad0	7ffc7e35d060	5cd6a9184d80	9b	cc6	2652	352000157c2c1410	2aed	43	5cd6a8611130
38.851896	70a94	2693	5cd6a91a2d38	5cd6a861be58	5cd6a85fdea0	2693	13fd	79905c99f010	7ffc7e35d060	5cd6a9184d80	9b	c01	2403	303c08897242480	2aed	7c	5cd6a860feb8
38.858929	70a9d	2693	5cd6a91a2df8	5cd6a861bf18	5cd6a85fdea0	2693	1405	5cd6a8c153e0	7ffc7e35d060	5cd6a9184d80	9b	632	1296	0	2aed	1a	5cd6a8607350
38.867087	70a94	2693	5cd6a91a2ed0	5cd6a861bff0	5cd6a85fdea0	2693	140e	79905c99f010	7ffc7e35d060	5cd6a9184d80	9b	7de	179a	342008090002109	2aed	56	5cd6a8609b70
38.872527	70a7f	2693	5cd6a91a2f60	5cd6a861c080	5cd6a85fdea0	2693	1414	79905c99f010	7ffc7e35d060	5cd6a9184d80	9b	e7	2b5	94	2aed	24	5cd6a85ff448
38.882242	70a94	2693	5cd6a91a3068	5cd6a861c188	5cd6a85fdea0	2693	141f	79905c99f010	7ffc7e35d060	5cd6a9184d80	9b	bf3	23d9	416011a81082889e	2aed	60	5cd6a860fd68
38.897179	70a94	2693	5cd6a91a31e8	5cd6a861c308	5cd6a85fdea0	2693	142f	79905c99f010	7ffc7e35d060	5cd6a9184d80	9b	439	cab	c000000000200	2aed	3c	5cd6a86043f8
38.907869	70afb	2693	5cd6a91a32d8	5cd6a861c3f8	5cd6a85fdea0	2693	1439	79905c99f010	7ffc7e35d060	5cd6a9184d80	9b	f38	76	d0	2aed	5cd6a919bac0	0
38.921538	70afb	2693	5cd6a91a3458	5cd6a861c578	5cd6a85fdea0	2693	1449	79905c99f010	7ffc7e35d060	5cd6a9184d80	9b	115	3a	d0	2aed	5cd6a9186778	0
38.936067	70a94	2693	5cd6a91a35a8	5cd6a861c6c8	5cd6a85fdea0	2693	1457	79905c99f010	7ffc7e35d060	5cd6a9184d80	9b	990	1cb0	809d40aa19301141	2aed	32	5cd6a860c420
38.948453	70afb	2693	5cd6a91a36c8	5cd6a861c7e8	5cd6a85fdea0	2693	1463	79905c99f010	7ffc7e35d060	5cd6a9184d80	9b	1372	1f	d0	2aed	5cd6a91a2030	8001d8a8cc9a5498
38.959650	70a9d	2693	5cd6a91a3800	5cd6a861c920	5cd6a85fdea0	2693	1470	5cd6a8c34970	7ffc7e35d060	5cd6a9184d80	9b	7b4	171c	1100904008008610	2aed	6c	5cd6a8609780
38.967556	70afb	2693	5cd6a91a38c0	5cd6a861c9e0	5cd6a85fdea0	2693	1478	79905c99f010	7ffc7e35d060	5cd6a9184d80	9b	9c0	6	d0	2aed	5cd6a9193780	b9d300bbc1027f20
38.976285	70a94	2693	5cd6a91a39e0	5cd6a861cb00	5cd6a85fdea0	2693	1484	79905c99f010	7ffc7e35d060	5cd6a9184d80	9b	e93	2bb9	0	2aed	0	5cd6a8613c68
38.986494	70a94	2693	5cd6a91a3ae8	5cd6a861cc08	5cd6a85fdea0	2693	148f	79905c99f010	7ffc7e35d060	5cd6a9184d80	9b	d25	276f	0	2aed	14	5cd6a8611a18
38.999540	70a9d	2693	5cd6a91a3c50	5cd6a861cd70	5cd6a85fdea0	2693	149e	5cd6a8c42110	7ffc7e35d060	5cd6a9184d80	9b	1cd	567	0	2aed	90	5cd6a86009d8
39.007583	70afb	2693	5cd6a91a3d10	5cd6a861ce30	5cd6a85fdea0	2693	14a6	79905c99f010	7ffc7e35d060	5cd6a9184d80	9b	4d3	52	d0	2aed	5cd6a918c148	0
39.012946	70a7f	2693	5cd6a91a3da0	5cd6a861cec0	5cd6a85fdea0	2693	14ac	79905c99f010	7ffc7e35d060	5cd6a9184d80	9b	dab	2901	94	2aed	44	5cd6a86126a8
39.025312	70afb	2693	5cd6a91a3ed8	5cd6a861cff8	5cd6a85fdea0	2693	14b9	79905c99f010	7ffc7e35d060	5cd6a9184d80	9b	821	7a	d0	2aed	5cd6a9191098	0
39.040383	70a06	2693	5cd6a91a4040	5cd6a861d160	5cd6a85fdea0	2693	14c8	79905c99f010	7ffc7e35d060	5cd6a9184d80	9b	45	5cd6a8c4e5f0	d0	2aed	270	0
39.053270	70ae6	2693	5cd6a91a4190	5cd6a861d2b0	5cd6a85fdea0	2693	14d6	79905c99f010	7ffc7e35d060	5cd6a9184d80	9b	e	91	d0	2aed	5cd6a9184ed0	9b
39.061587	70afb	2693	5cd6a91a4238	5cd6a861d358	5cd6a85fdea0	2693	14dd	79905c99f010	7ffc7e35d060	5cd6a9184d80	9b	b8c	4	d0	2aed	5cd6a91962a0	226200a4a6a3a761
39.069808	70afb	2693	5cd6a91a4310	5cd6a861d430	5cd6a85fdea0	2693	14e6	79905c99f010	7ffc7e35d060	5cd6a9184d80	9b	341	2a	d0	2aed	5cd6a9189b98	0
39.076034	70a69	2693	5cd6a91a4388	5cd6a861d4a8	5cd6a85fdea0	2693	14eb	79905c99f010	7ffc7e35d060	5cd6a9184d80	9b	818	1848	0	2aed	1b	5cd6a860a0e0
39.085389	70a94	2693	5cd6a91a4430	5cd6a861d550	5cd6a85fdea0	2693	14f2	79905c99f010	7ffc7e35d060	5cd6a9184d80	9b	824	186c	2a10000805482841	2aed	3a	5cd6a860a200
39.098747	70a94	2693	5cd6a91a4538	5cd6a861d658	5cd6a85fdea0	2693	14fd	79905c99f010	7ffc7e35d060	5cd6a9184d80	9b	b17	2145	90c603216c325120	2aed	38	5cd6a860e8c8
39.105275	70afb	2693	5cd6a91a45b0	5cd6a861d6d0	5cd6a85fdea0	2693	1502	79905c99f010	7ffc7e35d060	5cd6a9184d80	9b	85f	3a	d0	2aed	5cd6a9191668	0
39.110582	70afb	2693	5cd6a91a4628	5cd6a861d748	5cd6a85fdea0	2693	1507	79905c99f010	7ffc7e35d060	5cd6a9184d80	9b	2e6	1e	d0	2aed	5cd6a9189310	0
39.124000	70afb	2693	5cd6a91a4748	5cd6a861d868	5cd6a85fdea0	2693	1513	79905c99f010	7ffc7e35d060	5cd6a9184d80	9b	683	0	d0	2aed	5cd6a918e9c8	1f0302860b02cc1
39.130288	70afb	2693	5cd6a91a47c0	5cd6a861d8e0	5cd6a85fdea0	2693	1518	79905c99f010	7ffc7e35d060	5cd6a9184d80	9b	143f	3a	d0	2aed	5cd6a91a3368	843015768154793
39.137210	70ac7	2693	5cd6a91a4868	5cd6a861d988	5cd6a85fdea0	2693	151f	79905c99f010	7ffc7e35d060	5cd6a9184d80	9b	ee4	20	d0	2aed	5cd6a919b2e0	1206a02d90d73186
39.150890	70a94	2693	5cd6a91a4988	5cd6a861daa8	5cd6a85fdea0	2693	152b	79905c99f010	7ffc7e35d060	5cd6a9184d80	9b	1285	378f	a38016cb0e83c82c	2aed	84	5cd6a8619b18
39.162626	70a94	2693	5cd6a91a4aa8	5cd6a861dbc8	5cd6a85fdea0	2693	1537	79905c99f010	7ffc7e35d060	5cd6a9184d80	9b	90d	1b27	0	2aed	0	5cd6a860b7d8
39.175215	70a98	2693	5cd6a91a4bc8	5cd6a861dce8	5cd6a85fdea0	2693	1543	5cd6a8c72680	7ffc7e35d060	5cd6a9184d80	9b	6bd	1437	4017060220602	2aed	58	5cd6a8608058
39.182967	70b03	2693	5cd6a91a4c58	5cd6a861dd78	5cd6a85fdea0	2693	1549	79905c99f010	7ffc7e35d060	5cd6a9184d80	9b	a32	81	5cd6a983af30	2aed	5cd6a9194230	0
39.190465	70a94	2693	5cd6a91a4d00	5cd6a861de20	5cd6a85fdea0	2693	1550	79905c99f010	7ffc7e35d060	5cd6a9184d80	9b	11fa	35ee	53dc0b529e31c390	2aed	6e	5cd6a8618e10
39.203771	70a94	2693	5cd6a91a4e20	5cd6a861df40	5cd6a85fdea0	2693	155c	79905c99f010	7ffc7e35d060	5cd6a9184d80	9b	1420	3c60	0	2aed	0	5cd6a861c1a0
39.218427	70ac7	2693	5cd6a91a4f58	5cd6a861e078	5cd6a85fdea0	2693	1569	79905c99f010	7ffc7e35d060	5cd6a9184d80	9b	11b6	30	d0	2aed	5cd6a919f690	d5890713610a804a
39.225376	70a9d	2693	5cd6a91a5000	5cd6a861e120	5cd6a85fdea0	2693	1570	5cd6a8c7f970	7ffc7e35d060	5cd6a9184d80	9b	7fe	17fa	405808428001018	2aed	87	5cd6a8609e70
39.230819	70b03	2693	5cd6a91a5090	5cd6a861e1b0	5cd6a85fdea0	2693	1576	79905c99f010	7ffc7e35d060	5cd6a9184d80	9b	8e4	7d	5cd6a9848a90	2aed	5cd6a91922e0	0
39.236073	70a9d	2693	5cd6a91a5108	5cd6a861e228	5cd6a85fdea0	2693	157b	5cd6a8c82d00	7ffc7e35d060	5cd6a9184d80	9b	b97	22c5	7206c8a036c12	2aed	56	5cd6a860f4c8
39.244256	70a0f	2693	5cd6a91a51c8	5cd6a861e2e8	5cd6a85fdea0	2693	1583	79905c99f010	7ffc7e35d060	5cd6a9184d80	9b	4	5cd6a8c85280	d0	2aed	478	0
39.251758	70afb	2693	5cd6a91a5288	5cd6a861e3a8	5cd6a85fdea0	2693	158b	79905c99f010	7ffc7e35d060	5cd6a9184d80	9b	1112	63	d0	2aed	5cd6a919e730	0
39.257926	70a90	2693	5cd6a91a5318	5cd6a861e438	5cd6a85fdea0	2693	1591	79905c99f010	7ffc7e35d060	5cd6a9184d80	9b	e6e	2b4a	5cd6a8a72010	2aed	78	5cd6a86138f0
39.271374	70a69	2693	5cd6a91a5468	5cd6a861e588	5cd6a85fdea0	2693	159f	79905c99f010	7ffc7e35d060	5cd6a9184d80	9b	5cf	116d	c621000140000c00	2aed	52	5cd6a8606a08
39.285317	70b03	2693	5cd6a91a55a0	5cd6a861e6c0	5cd6a85fdea0	2693	15ac	79905c99f010	7ffc7e35d060	5cd6a9184d80	9b	d7e	2d	5cd6a98591d0	2aed	5cd6a9199150	5010cc47780c843
39.293066	70afb	2693	5cd6a91a5648	5cd6a861e768	5cd6a85fdea0	2693	15b3	79905c99f010	7ffc7e35d060	5cd6a9184d80	9b	1170	68	d0	2aed	5cd6a919f000	0
39.299713	70a94	2693	5cd6a91a56f0	5cd6a861e810	5cd6a85fdea0	2693	15ba	79905c99f010	7ffc7e35d060	5cd6a9184d80	9b	9b9	1d2b	0	2aed	0	5cd6a860c7f8
39.313727	70afb	2693	5cd6a91a57f8	5cd6a861e918	5cd6a85fdea0	2693	15c5	79905c99f010	7ffc7e35d060	5cd6a9184d80	9b	844	5e	d0	2aed	5cd6a91913e0	0
39.324579	70af7	2693	5cd6a91a58a0	5cd6a861e9c0	5cd6a85fdea0	2693	15cc	79905c99f010	7ffc7e35d060	5cd6a9184d80	9b	fe	23	d0	2aed	5cd6a9186550	5cd6a920c190
39.330357	70a94	2693	5cd6a91a5918	5cd6a861ea38	5cd6a85fdea0	2693	15d1	79905c99f010	7ffc7e35d060	5cd6a9184d80	9b	bd1	2373	0	2aed	4	5cd6a860fa38
39.341640	70a14	2693	5cd6a91a5a08	5cd6a861eb28	5cd6a85fdea0	2693	15db	79905c99f010	7ffc7e35d060	5cd6a9184d80	9b	ffffffffffffffff	5cd6a8c9ef00	d0	2aed	4a0	0
39.346874	70a54	2693	5cd6a91a5a80	5cd6a861eba0	5cd6a85fdea0	2693	15e0	79905c99f010	7ffc7e35d060	5cd6a9184d80	9b	1405	1503	d0	2aed	1f8	28fc7a2bc94801e8
39.354708	70afb	2693	5cd6a91a5b28	5cd6a861ec48	5cd6a85fdea0	2693	15e7	79905c99f010	7ffc7e35d060	5cd6a9184d80	9b	1262	63	d0	2aed	5cd6a91a06b0	0
39.365142	70a69	2693	5cd6a91a5c30	5cd6a861ed50	5cd6a85fdea0	2693	15f2	79905c99f010	7ffc7e35d060	5cd6a9184d80	9b	da9	28fb	2d08a0bc00e46888	2aed	86	5cd6a8612678
39.371290	70a69	2693	5cd6a91a5cc0	5cd6a861ede0	5cd6a85fdea0	2693	15f8	79905c99f010	7ffc7e35d060	5cd6a9184d80	9b	39b	ad1	8000002190024140	2aed	42	5cd6a8603528
39.383781	70afb	2693	5cd6a91a5de0	5cd6a861ef00	5cd6a85fdea0	2693	1604	79905c99f010	7ffc7e35d060	5cd6a9184d80	9b	948	e	d0	2aed	5cd6a9192c40	c7110a1082461321
39.389991	70a83	2693	5cd6a91a5e70	5cd6a861ef90	5cd6a85fdea0	2693	160a	79905c99f010	7ffc7e35d060	5cd6a9184d80	9b	f53	2df9	94	2aed	7b	5cd6a8614e68
39.400607	70a69	2693	5cd6a91a5f78	5cd6a861f098	5cd6a85fdea0	2693	1615	79905c99f010	7ffc7e35d060	5cd6a9184d80	9b	133	399	8000000400	2aed	37	5cd6a85ffb68
39.414183	70afb	2693	5cd6a91a6080	5cd6a861f1a0	5cd6a85fdea0	2693	1620	79905c99f010	7ffc7e35d060	5cd6a9184d80	9b	a2b	62	d0	2aed	5cd6a9194188	0
39.423319	70a14	2693	5cd6a91a6140	5cd6a861f260	5cd6a85fdea0	2693	1628	79905c99f010	7ffc7e35d060	5cd6a9184d80	9b	48	5cd6a8cb57f0	d0	2aed	258	0
39.438083	70afb	2693	5cd6a91a6278	5cd6a861f398	5cd6a85fdea0	2693	1635	79905c99f010	7ffc7e35d060	5cd6a9184d80	9b	d75	90	d0	2aed	5cd6a9199078	0
39.444847	70a94	2693	5cd6a91a6308	5cd6a861f428	5cd6a85fdea0	2693	163b	79905c99f010	7ffc7e35d060	5cd6a9184d80	9b	956	1c02	0	2aed	e	5cd6a860beb0
39.455805	70a98	2693	5cd6a91a63f8	5cd6a861f518	5cd6a85fdea0	2693	1645	5cd6a8cbdfe0	7ffc7e35d060	5cd6a9184d80	9b	a36	1ea2	0	2aed	f	5cd6a860d3b0
39.466222	70a83	2693	5cd6a91a6500	5cd6a861f620	5cd6a85fdea0	2693	1650	79905c99f010	7ffc7e35d060	5cd6a9184d80	9b	37	a5	94	2aed	32	5cd6a85fe3c8
39.481211	70afb	2693	5cd6a91a6668	5cd6a861f788	5cd6a85fdea0	2693	165f	79905c99f010	7ffc7e35d060	5cd6a9184d80	9b	875	0	d0	2aed	5cd6a9191878	4b73ab28001a8b01
39.489578	70a06	2693	5cd6a91a6728	5cd6a861f848	5cd6a85fdea0	2693	1667	79905c99f010	7ffc7e35d060	5cd6a9184d80	9b	1f	5cd6a8cc7f40	d0	2aed	3a0	0
39.501066	70a9d	2693	5cd6a91a6830	5cd6a861f950	5cd6a85fdea0	2693	1672	5cd6a8ccb2d0	7ffc7e35d060	5cd6a9184d80	9b	c62	2526	b8e682283081922e	2aed	36	5cd6a86107d0
39.509653	70a94	2693	5cd6a91a68f0	5cd6a861fa10	5cd6a85fdea0	2693	167a	79905c99f010	7ffc7e35d060	5cd6a9184d80	9b	8be	1a3a	0	2aed	e	5cd6a860b070
39.522897	70a06	2693	5cd6a91a6a10	5cd6a861fb30	5cd6a85fdea0	2693	1686	79905c99f010	7ffc7e35d060	5cd6a9184d80	9b	1d	5cd6a8cd1090	d0	2aed	3b0	0
39.537764	70a83	2693	5cd6a91a6b60	5cd6a861fc80	5cd6a85fdea0	2693	1694	79905c99f010	7ffc7e35d060	5cd6a9184d80	9b	133d	39b7	94	2aed	5	5cd6a861ac58
39.543491	70a98	2693	5cd6a91a6bf0	5cd6a861fd10	5cd6a85fdea0	2693	169a	5cd6a8cd6e50	7ffc7e35d060	5cd6a9184d80	9b	d6e	284a	4202a4240964618	2aed	7f	5cd6a86120f0
39.554020	70a54	2693	5cd6a91a6cc8	5cd6a861fde8	5cd6a85fdea0	2693	16a3	79905c99f010	7ffc7e35d060	5cd6a9184d80	9b	66f	746	d0	2aed	3b0	425222462002a7c0
39.565687	70afb	2693	5cd6a91a6dd0	5cd6a861fef0	5cd6a85fdea0	2693	16ae	79905c99f010	7ffc7e35d060	5cd6a9184d80	9b	784	26	d0	2aed	5cd6a91901e0	0
39.579501	70a14	2693	5cd6a91a6ef0	5cd6a8620010	5cd6a85fdea0	2693	16ba	79905c99f010	7ffc7e35d060	5cd6a9184d80	9b	4f	5cd6a8ce0450	d0	2aed	220	63f5808c80320016
39.590810	70a94	2693	5cd6a91a6fc8	5cd6a86200e8	5cd6a85fdea0	2693	16c3	79905c99f010	7ffc7e35d060	5cd6a9184d80	9b	df6	29e2	0	2aed	e	5cd6a8612db0
39.605257	70a9d	2693	5cd6a91a70e8	5cd6a8620208	5cd6a85fdea0	2693	16cf	5cd6a8ce66c0	7ffc7e35d060	5cd6a9184d80	9b	90e	1b2a	4384140620088022	2aed	90	5cd6a860b7f0
39.614938	70a83	2693	5cd6a91a7190	5cd6a86202b0	5cd6a85fdea0	2693	16d6	79905c99f010	7ffc7e35d060	5cd6a9184d80	9b	119a	34ce	94	2aed	57	5cd6a8618510
39.622686	70a9d	2693	5cd6a91a7220	5cd6a8620340	5cd6a85fdea0	2693	16dc	5cd6a8cea3b0	7ffc7e35d060	5cd6a9184d80	9b	56c	1044	4400110410000	2aed	92	5cd6a86060c0
39.634457	70afb	2693	5cd6a91a72e0	5cd6a8620400	5cd6a85fdea0	2693	16e4	79905c99f010	7ffc7e35d060	5cd6a9184d80	9b	1234	56	d0	2aed	5cd6a91a0260	0
39.643889	70a94	2693	5cd6a91a7388	5cd6a86204a8	5cd6a85fdea0	2693	16eb	79905c99f010	7ffc7e35d060	5cd6a9184d80	9b	1139	33ab	0	2aed	3c	5cd6a8617bf8
39.651173	70aa0	2693	5cd6a91a7418	5cd6a8620538	5cd6a85fdea0	2693	16f1	5cd6a8cf0620	7ffc7e35d060	5cd6a9184d80	9b	10d9	328b	730060020d105341	2aed	66	5cd6a86172f8
39.656790	70ac7	2693	5cd6a91a7478	5cd6a8620598	5cd6a85fdea0	2693	16f5	79905c99f010	7ffc7e35d060	5cd6a9184d80	9b	128d	a	d0	2aed	5cd6a91a0ab8	700275720aa88de8
39.663013	70afb	2693	5cd6a91a74f0	5cd6a8620610	5cd6a85fdea0	2693	16fa	79905c99f010	7ffc7e35d060	5cd6a9184d80	9b	1253	0	d0	2aed	5cd6a91a0548	98bb16145d07025c
39.673689	70afb	2693	5cd6a91a75b0	5cd6a86206d0	5cd6a85fdea0	2693	1702	79905c99f010	7ffc7e35d060	5cd6a9184d80	9b	876	5e	d0	2aed	5cd6a9191890	0
39.680627	70a9d	2693	5cd6a91a7628	5cd6a8620748	5cd6a85fdea0	2693	1707	5cd6a8cf6d40	7ffc7e35d060	5cd6a9184d80	9b	9e8	1db8	1042001110d09007	2aed	71	5cd6a860cc60
39.689283	70afb	2693	5cd6a91a76b8	5cd6a86207d8	5cd6a85fdea0	2693	170d	79905c99f010	7ffc7e35d060	5cd6a9184d80	9b	805	5c	d0	2aed	5cd6a9190df8	0
39.700342	70afb	2693	5cd6a91a7778	5cd6a8620898	5cd6a85fdea0	2693	1715	79905c99f010	7ffc7e35d060	5cd6a9184d80	9b	145a	16	d0	2aed	5cd6a91a35f0	64367c0dd4ce8432
39.709410	70a9d	2693	5cd6a91a7820	5cd6a8620940	5cd6a85fdea0	2693	171c	5cd6a8cfcfb0	7ffc7e35d060	5cd6a9184d80	9b	6b9	142b	20802001320018	2aed	5d	5cd6a8607ff8
39.718299	70aa8	2693	5cd6a91a78b0	5cd6a86209d0	5cd6a85fdea0	2693	1722	5cd6a8cfebd0	7ffc7e35d060	5cd6a9184d80	9b	148a	3d9e	e90607d43b20545	2aed	6c	5cd6a861cb90
39.724606	70afb	2693	5cd6a91a7910	5cd6a8620a30	5cd6a85fdea0	2693	1726	79905c99f010	7ffc7e35d060	5cd6a9184d80	9b	902	1e	d0	2aed	5cd6a91925b0	122c5c19a20c41
39.732880	70a69	2693	5cd6a91a79a0	5cd6a8620ac0	5cd6a85fdea0	2693	172c	79905c99f010	7ffc7e35d060	5cd6a9184d80	9b	13c3	3b49	0	2aed	4e	5cd6a861b8e8
39.739694	70a76	2693	5cd6a91a7a18	5cd6a8620b38	5cd6a85fdea0	2693	1731	79905c99f010	7ffc7e35d060	5cd6a9184d80	9b	b77	2265	94	2aed	2b	5cd6a860f1c8
39.746738	70a94	2693	5cd6a91a7aa8	5cd6a8620bc8	5cd6a85fdea0	2693	1737	79905c99f010	7ffc7e35d060	5cd6a9184d80	9b	1185	348f	a0e06051520f0021	2aed	84	5cd6a8618318
39.756874	70a94	2693	5cd6a91a7b68	5cd6a8620c88	5cd6a85fdea0	2693	173f	79905c99f010	7ffc7e35d060	5cd6a9184d80	9b	102f	308d	0	2aed	30	5cd6a8616308
39.763069	70a9d	2693	5cd6a91a7be0	5cd6a8620d00	5cd6a85fdea0	2693	1744	5cd6a8d08b30	7ffc7e35d060	5cd6a9184d80	9b	a70	1f50	111250185d6d200	2aed	35	5cd6a860d920
39.776722	70afb	2693	5cd6a91a7cd0	5cd6a8620df0	5cd6a85fdea0	2693	174e	79905c99f010	7ffc7e35d060	5cd6a9184d80	9b	1234	2e	d0	2aed	5cd6a91a0260	58f6284853100a2b
39.788063	70a98	2693	5cd6a91a7d90	5cd6a8620eb0	5cd6a85fdea0	2693	1756	5cd6a8d0df90	7ffc7e35d060	5cd6a9184d80	9b	1065	312f	9d0008c709960303	2aed	63	5cd6a8616818
39.797300	70a06	2693	5cd6a91a7e20	5cd6a8620f40	5cd6a85fdea0	2693	175c	79905c99f010	7ffc7e35d060	5cd6a9184d80	9b	7	5cd6a8d0fbb0	d0	2aed	460	0
39.809886	70b03	2693	5cd6a91a7ef8	5cd6a8621018	5cd6a85fdea0	2693	1765	79905c99f010	7ffc7e35d060	5cd6a9184d80	9b	14a8	8b	5cd6a98df7b0	2aed	5cd6a91a3d40	0
39.822442	70a9d	2693	5cd6a91a7fe8	5cd6a8621108	5cd6a85fdea0	2693	176f	5cd6a8d154c0	7ffc7e35d060	5cd6a9184d80	9b	8e4	1aac	c588050400c69800	2aed	58	5cd6a860b400
39.837334	70afb	2693	5cd6a91a80d8	5cd6a86211f8	5cd6a85fdea0	2693	1779	79905c99f010	7ffc7e35d060	5cd6a9184d80	9b	a75	0	d0	2aed	5cd6a9194878	86c6e2b27d4f0cf2
39.849480	70b03	2693	5cd6a91a81b0	5cd6a86212d0	5cd6a85fdea0	2693	1782	79905c99f010	7ffc7e35d060	5cd6a9184d80	9b	c65	57	5cd6a98e8510	2aed	5cd6a91976f8	0
39.862689	70b03	2693	5cd6a91a82a0	5cd6a86213c0	5cd6a85fdea0	2693	178c	79905c99f010	7ffc7e35d060	5cd6a9184d80	9b	357	33	5cd6a98eb5d0	2aed	5cd6a9189da8	0
39.874562	70a90	2693	5cd6a91a8348	5cd6a8621468	5cd6a85fdea0	2693	1793	79905c99f010	7ffc7e35d060	5cd6a9184d80	9b	900	1b00	5cd6a88dac70	2aed	69	5cd6a860b6a0
39.887879	70afb	2693	5cd6a91a83f0	5cd6a8621510	5cd6a85fdea0	2693	179a	79905c99f010	7ffc7e35d060	5cd6a9184d80	9b	11ed	22	d0	2aed	5cd6a919fbb8	5c1c388c26196ba7
39.900407	70ad4	2693	5cd6a91a84c8	5cd6a86215e8	5cd6a85fdea0	2693	17a3	79905c99f010	7ffc7e35d060	5cd6a9184d80	9b	133a	0	d0	2aed	5cd6a91a1af0	9b
39.913040	70a9d	2693	5cd6a91a85b8	5cd6a86216d8	5cd6a85fdea0	2693	17ad	5cd6a8d27760	7ffc7e35d060	5cd6a9184d80	9b	70c	1524	44200088400e2008	2aed	85	5cd6a86087c0
39.925176	70b03	2693	5cd6a91a8690	5cd6a86217b0	5cd6a85fdea0	2693	17b6	79905c99f010	7ffc7e35d060	5cd6a9184d80	9b	828	7a	5cd6a98f8290	2aed	5cd6a9191140	0
39.936941	70afb	2693	5cd6a91a8750	5cd6a8621870	5cd6a85fdea0	2693	17be	79905c99f010	7ffc7e35d060	5cd6a9184d80	9b	92f	0	d0	2aed	5cd6a91929e8	9b0185a6492ed93
39.944443	70afb	2693	5cd6a91a87e0	5cd6a8621900	5cd6a85fdea0	2693	17c4	79905c99f010	7ffc7e35d060	5cd6a9184d80	9b	8ec	0	d0	2aed	5cd6a91923a0	45f31a83205285a9
39.959497	70a9d	2693	5cd6a91a8900	5cd6a8621a20	5cd6a85fdea0	2693	17d0	5cd6a8d31b70	7ffc7e35d060	5cd6a9184d80	9b	374	a5c	260009000018344	2aed	1d	5cd6a8603180
39.966737	70afb	2693	5cd6a91a8960	5cd6a8621a80	5cd6a85fdea0	2693	17d4	79905c99f010	7ffc7e35d060	5cd6a9184d80	9b	17b5	0	d0	2aed	5cd6a91a8678	842ee511edef089c
39.972297	70a94	2693	5cd6a91a89c0	5cd6a8621ae0	5cd6a85fdea0	2693	17d8	79905c99f010	7ffc7e35d060	5cd6a9184d80	9b	3c6	b52	0	2aed	0	5cd6a8603930
39.986272	70a94	2693	5cd6a91a8a98	5cd6a8621bb8	5cd6a85fdea0	2693	17e1	79905c99f010	7ffc7e35d060	5cd6a9184d80	9b	53e	fba	0	2aed	0	5cd6a8605c70
39.995029	70a94	2693	5cd6a91a8b28	5cd6a8621c48	5cd6a85fdea0	2693	17e7	79905c99f010	7ffc7e35d060	5cd6a9184d80	9b	1451	3cf3	0	2aed	2c	5cd6a861c638
40.000393	70a9d	2693	5cd6a91a8b88	5cd6a8621ca8	5cd6a85fdea0	2693	17eb	5cd6a8d39a00	7ffc7e35d060	5cd6a9184d80	9b	701	1503	c0050264000001	2aed	8c	5cd6a86086b8
40.007650	70a94	2693	5cd6a91a8c00	5cd6a8621d20	5cd6a85fdea0	2693	17f0	79905c99f010	7ffc7e35d060	5cd6a9184d80	9b	c63	2529	600412200d41e960	2aed	70	5cd6a86107e8
40.014837	70a9d	2693	5cd6a91a8c78	5cd6a8621d98	5cd6a85fdea0	2693	17f5	5cd6a8d3c8e0	7ffc7e35d060	5cd6a9184d80	9b	176b	4641	0	2aed	1a	5cd6a86210a8
40.025302	70afb	2693	5cd6a91a8d38	5cd6a8621e58	5cd6a85fdea0	2693	17fd	79905c99f010	7ffc7e35d060	5cd6a9184d80	9b	d84	16	d0	2aed	5cd6a91991e0	4f97413034b6f0b0
40.037752	70a94	2693	5cd6a91a8de0	5cd6a8621f00	5cd6a85fdea0	2693	1804	79905c99f010	7ffc7e35d060	5cd6a9184d80	9b	12aa	37fe	0	2aed	2a	5cd6a8619e90
40.052950	70b03	2693	5cd6a91a8ee8	5cd6a8622008	5cd6a85fdea0	2693	180f	79905c99f010	7ffc7e35d060	5cd6a9184d80	9b	b05	37	5cd6a9913470	2aed	5cd6a91955f8	0
40.060648	70a9d	2693	5cd6a91a8f90	5cd6a86220b0	5cd6a85fdea0	2693	1816	5cd6a8d46390	7ffc7e35d060	5cd6a9184d80	9b	aa0	1fe0	0	2aed	1c	5cd6a860dda0
40.071185	70a8c	2693	5cd6a91a9050	5cd6a8622170	5cd6a85fdea0	2693	181e	79905c99f010	7ffc7e35d060	5cd6a9184d80	9b	16a7	43f5	94	2aed	e	5cd6a861fe48
40.082211	70afb	2693	5cd6a91a9140	5cd6a8622260	5cd6a85fdea0	2693	1828	79905c99f010	7ffc7e35d060	5cd6a9184d80	9b	199	0	d0	2aed	5cd6a91873d8	1888018088000c00
40.093384	70a8c	2693	5cd6a91a9218	5cd6a8622338	5cd6a85fdea0	2693	1831	79905c99f010	7ffc7e35d060	5cd6a9184d80	9b	3f0	bd0	94	2aed	29	5cd6a8603d20
40.101315	70a94	2693	5cd6a91a92a8	5cd6a86223c8	5cd6a85fdea0	2693	1837	79905c99f010	7ffc7e35d060	5cd6a9184d80	9b	170e	452a	0	2aed	46	5cd6a86207f0
40.110142	70a69	2693	5cd6a91a9350	5cd6a8622470	5cd6a85fdea0	2693	183e	79905c99f010	7ffc7e35d060	5cd6a9184d80	9b	8b5	1a1f	0	2aed	26	5cd6a860af98
40.122753	70a94	2693	5cd6a91a9458	5cd6a8622578	5cd6a85fdea0	2693	1849	79905c99f010	7ffc7e35d060	5cd6a9184d80	9b	848	18d8	49409000a234316	2aed	52	5cd6a860a560
40.137603	70a94	2693	5cd6a91a9590	5cd6a86226b0	5cd6a85fdea0	2693	1856	79905c99f010	7ffc7e35d060	5cd6a9184d80	9b	13e	3ba	a00001	2aed	1e	5cd6a85ffc70
40.149377	70a14	2693	5cd6a91a9668	5cd6a8622788	5cd6a85fdea0	2693	185f	79905c99f010	7ffc7e35d060	5cd6a9184d80	9b	13	5cd6a8d5b9c0	d0	2aed	400	0
40.158967	70a9d	2693	5cd6a91a9740	5cd6a8622860	5cd6a85fdea0	2693	1868	5cd6a8d5e3f0	7ffc7e35d060	5cd6a9184d80	9b	224	66c	800	2aed	5b	5cd6a8601200
40.164697	70a94	2693	5cd6a91a97a0	5cd6a86228c0	5cd6a85fdea0	2693	186c	79905c99f010	7ffc7e35d060	5cd6a9184d80	9b	13a0	3ae0	0	2aed	2	5cd6a861b5a0
40.178051	70ae6	2693	5cd6a91a98a8	5cd6a86229c8	5cd6a85fdea0	2693	1877	79905c99f010	7ffc7e35d060	5cd6a9184d80	9b	ffb	6e	d0	2aed	5cd6a919cd08	9b
40.191747	70b03	2693	5cd6a91a9998	5cd6a8622ab8	5cd6a85fdea0	2693	1881	79905c99f010	7ffc7e35d060	5cd6a9184d80	9b	187f	82	5cd6a9936030	2aed	5cd6a91a9968	0
40.201447	70a94	2693	5cd6a91a9a40	5cd6a8622b60	5cd6a85fdea0	2693	1888	79905c99f010	7ffc7e35d060	5cd6a9184d80	9b	1671	4353	8bf123ef08601c21	2aed	84	5cd6a861f938
40.214754	70b03	2693	5cd6a91a9b60	5cd6a8622c80	5cd6a85fdea0	2693	1894	79905c99f010	7ffc7e35d060	5cd6a9184d80	9b	1ec	76	5cd6a993bcd0	2aed	5cd6a9187ba0	0
40.222307	70ac7	2693	5cd6a91a9bd8	5cd6a8622cf8	5cd6a85fdea0	2693	1899	79905c99f010	7ffc7e35d060	5cd6a9184d80	9b	1176	56	d0	2aed	5cd6a919f090	0
40.232048	70afb	2693	5cd6a91a9c98	5cd6a8622db8	5cd6a85fdea0	2693	18a1	79905c99f010	7ffc7e35d060	5cd6a9184d80	9b	504	26	d0	2aed	5cd6a918c5e0	0
40.237405	70a94	2693	5cd6a91a9cf8	5cd6a8622e18	5cd6a85fdea0	2693	18a5	79905c99f010	7ffc7e35d060	5cd6a9184d80	9b	16c	444	1000030040000000	2aed	1a	5cd6a86000c0
40.252559	70a72	2693	5cd6a91a9e18	5cd6a8622f38	5cd6a85fdea0	2693	18b1	79905c99f010	7ffc7e35d060	5cd6a9184d80	9b	573	1059	0	2aed	e	5cd6a8606168
40.265931	70a76	2693	5cd6a91a9f20	5cd6a8623040	5cd6a85fdea0	2693	18bc	79905c99f010	7ffc7e35d060	5cd6a9184d80	9b	d6	282	94	2aed	0	5cd6a85ff2b0
40.274564	70ab5	2693	5cd6a91a9fb0	5cd6a86230d0	5cd6a85fdea0	2693	18c2	79905c99f010	7ffc7e35d060	5cd6a9184d80	9b	1470	3d50	201fc408	2aed	94	5cd6a861c920
40.287817	70afb	2693	5cd6a91aa0a0	5cd6a86231c0	5cd6a85fdea0	2693	18cc	79905c99f010	7ffc7e35d060	5cd6a9184d80	9b	121a	89	d0	2aed	5cd6a919fff0	0
40.294184	70ae6	2693	5cd6a91aa118	5cd6a8623238	5cd6a85fdea0	2693	18d1	79905c99f010	7ffc7e35d060	5cd6a9184d80	9b	1865	75	d0	2aed	5cd6a91a96f8	9b
40.300047	70a94	2693	5cd6a91aa190	5cd6a86232b0	5cd6a85fdea0	2693	18d6	79905c99f010	7ffc7e35d060	5cd6a9184d80	9b	c59	250b	c583200c8600615	2aed	4c	5cd6a86106f8
40.315074	70ad4	2693	5cd6a91aa298	5cd6a86233b8	5cd6a85fdea0	2693	18e1	79905c99f010	7ffc7e35d060	5cd6a9184d80	9b	23c	0	d0	2aed	5cd6a9188320	9b
40.329951	70a94	2693	5cd6a91aa388	5cd6a86234a8	5cd6a85fdea0	2693	18eb	79905c99f010	7ffc7e35d060	5cd6a9184d80	9b	1301	3903	0	2aed	0	5cd6a861a6b8
40.336568	70afb	2693	5cd6a91aa400	5cd6a8623520	5cd6a85fdea0	2693	18f0	79905c99f010	7ffc7e35d060	5cd6a9184d80	9b	1093	0	d0	2aed	5cd6a919db48	828b381e5bead220
40.344218	70ac7	2693	5cd6a91aa490	5cd6a86235b0	5cd6a85fdea0	2693	18f6	79905c99f010	7ffc7e35d060	5cd6a9184d80	9b	1673	2e	d0	2aed	5cd6a91a6848	25c0e243e282400a
40.357026	70afb	2693	5cd6a91aa580	5cd6a86236a0	5cd6a85fdea0	2693	1900	79905c99f010	7ffc7e35d060	5cd6a9184d80	9b	10e4	f	d0	2aed	5cd6a919e2e0	185f37e688aaa040
40.368035	70b03	2693	5cd6a91aa658	5cd6a8623778	5cd6a85fdea0	2693	1909	79905c99f010	7ffc7e35d060	5cd6a9184d80	9b	f70	78	5cd6a995f730	2aed	5cd6a919c000	0
40.381741	70afb	2693	5cd6a91aa760	5cd6a8623880	5cd6a85fdea0	2693	1914	79905c99f010	7ffc7e35d060	5cd6a9184d80	9b	9d2	6	d0	2aed	5cd6a9193930	bf55c0198a004c00
40.393652	70b03	2693	5cd6a91aa850	5cd6a8623970	5cd6a85fdea0	2693	191e	79905c99f010	7ffc7e35d060	5cd6a9184d80	9b	402	6f	5cd6a9965d90	2aed	5cd6a918adb0	0
40.402211	70a94	2693	5cd6a91aa8f8	5cd6a8623a18	5cd6a85fdea0	2693	1925	79905c99f010	7ffc7e35d060	5cd6a9184d80	9b	1311	3933	0	2aed	0	5cd6a861a838
40.412036	70a9d	2693	5cd6a91aa9a0	5cd6a8623ac0	5cd6a85fdea0	2693	192c	5cd6a8d97ab0	7ffc7e35d060	5cd6a9184d80	9b	31d	957	92020100000000	2aed	69	5cd6a8602958
40.420657	70a14	2693	5cd6a91aaa30	5cd6a8623b50	5cd6a85fdea0	2693	1932	79905c99f010	7ffc7e35d060	5cd6a9184d80	9b	1d	5cd6a8d996d0	d0	2aed	3b0	0
40.435362	70afb	2693	5cd6a91aab68	5cd6a8623c88	5cd6a85fdea0	2693	193f	79905c99f010	7ffc7e35d060	5cd6a9184d80	9b	1193	8a	d0	2aed	5cd6a919f348	0
40.441326	70afb	2693	5cd6a91aabe0	5cd6a8623d00	5cd6a85fdea0	2693	1944	79905c99f010	7ffc7e35d060	5cd6a9184d80	9b	121	0	d0	2aed	5cd6a9186898	3441004112146098
40.448553	70afb	2693	5cd6a91aac70	5cd6a8623d90	5cd6a85fdea0	2693	194a	79905c99f010	7ffc7e35d060	5cd6a9184d80	9b	791	92	d0	2aed	5cd6a9190318	0
40.457421	70a90	2693	5cd6a91aad00	5cd6a8623e20	5cd6a85fdea0	2693	1950	79905c99f010	7ffc7e35d060	5cd6a9184d80	9b	11e5	35af	5cd6a8b75de0	2aed	4b	5cd6a8618c18
40.470581	70afb	2693	5cd6a91aadf0	5cd6a8623f10	5cd6a85fdea0	2693	195a	79905c99f010	7ffc7e35d060	5cd6a9184d80	9b	192f	7b	d0	2aed	5cd6a91aa9e8	0
40.479170	70afb	2693	5cd6a91aae98	5cd6a8623fb8	5cd6a85fdea0	2693	1961	79905c99f010	7ffc7e35d060	5cd6a9184d80	9b	ac3	2	d0	2aed	5cd6a9194fc8	60c423140c34a0c5
40.485074	70a9d	2693	5cd6a91aaef8	5cd6a8624018	5cd6a85fdea0	2693	1965	5cd6a8da85e0	7ffc7e35d060	5cd6a9184d80	9b	3be	b3a	4100200000001	2aed	66	5cd6a8603870
40.492550	70a94	2693	5cd6a91aaf70	5cd6a8624090	5cd6a85fdea0	2693	196a	79905c99f010	7ffc7e35d060	5cd6a9184d80	9b	18a9	49fb	0	2aed	0	5cd6a8622e78
40.500544	70a94	2693	5cd6a91ab018	5cd6a8624138	5cd6a85fdea0	2693	1971	79905c99f010	7ffc7e35d060	5cd6a9184d80	9b	905	1b0f	10a85b0410061001	2aed	3c	5cd6a860b718
40.513089	70a06	2693	5cd6a91ab0f0	5cd6a8624210	5cd6a85fdea0	2693	197a	79905c99f010	7ffc7e35d060	5cd6a9184d80	9b	3f	5cd6a8dae850	d0	2aed	2a0	0
40.527296	70a94	2693	5cd6a91ab210	5cd6a8624330	5cd6a85fdea0	2693	1986	79905c99f010	7ffc7e35d060	5cd6a9184d80	9b	67	135	0	2aed	30	5cd6a85fe848
40.539831	70a9d	2693	5cd6a91ab300	5cd6a8624420	5cd6a85fdea0	2693	1990	5cd6a8db4f70	7ffc7e35d060	5cd6a9184d80	9b	122c	3684	0	2aed	2	5cd6a86192c0
40.551715	70a90	2693	5cd6a91ab3f0	5cd6a8624510	5cd6a85fdea0	2693	199a	79905c99f010	7ffc7e35d060	5cd6a9184d80	9b	9cb	1d61	5cd6a8916400	2aed	88	5cd6a860c9a8
40.559046	70b03	2693	5cd6a91ab480	5cd6a86245a0	5cd6a85fdea0	2693	19a0	79905c99f010	7ffc7e35d060	5cd6a9184d80	9b	3d7	82	5cd6a998d750	2aed	5cd6a918a9a8	0
40.570502	70ad4	2693	5cd6a91ab528	5cd6a8624648	5cd6a85fdea0	2693	19a7	79905c99f010	7ffc7e35d060	5cd6a9184d80	9b	b2d	0	d0	2aed	5cd6a91959b8	9b
40.579374	70afb	2693	5cd6a91ab5d0	5cd6a86246f0	5cd6a85fdea0	2693	19ae	79905c99f010	7ffc7e35d060	5cd6a9184d80	9b	6f3	32	d0	2aed	5cd6a918f448	0
40.584798	70a94	2693	5cd6a91ab630	5cd6a8624750	5cd6a85fdea0	2693	19b2	79905c99f010	7ffc7e35d060	5cd6a9184d80	9b	df6	29e2	4d05580841a2211b	2aed	81	5cd6a8612db0
40.590069	70ac7	2693	5cd6a91ab690	5cd6a86247b0	5cd6a85fdea0	2693	19b6	79905c99f010	7ffc7e35d060	5cd6a9184d80	9b	18d3	51	d0	2aed	5cd6a91aa148	49c556b8825cd04e
40.602032	70a94	2693	5cd6a91ab780	5cd6a86248a0	5cd6a85fdea0	2693	19c0	79905c99f010	7ffc7e35d060	5cd6a9184d80	9b	726	1572	0	2aed	1c	5cd6a8608a30
40.609604	70a9d	2693	5cd6a91ab7f8	5cd6a8624918	5cd6a85fdea0	2693	19c5	5cd6a8dc47e0	7ffc7e35d060	5cd6a9184d80	9b	db1	2913	4244ca1c8498223	2aed	49	5cd6a8612738
40.621607	70a69	2693	5cd6a91ab8b8	5cd6a86249d8	5cd6a85fdea0	2693	19cd	79905c99f010	7ffc7e35d060	5cd6a9184d80	9b	12c2	3846	4987a956f1826a7e	2aed	8c	5cd6a861a0d0
40.634153	70afb	2693	5cd6a91ab960	5cd6a8624a80	5cd6a85fdea0	2693	19d4	79905c99f010	7ffc7e35d060	5cd6a9184d80	9b	1314	1e	d0	2aed	5cd6a91a1760	41a61ad99ea00010
40.648865	70afb	2693	5cd6a91aba68	5cd6a8624b88	5cd6a85fdea0	2693	19df	79905c99f010	7ffc7e35d060	5cd6a9184d80	9b	851	16	d0	2aed	5cd6a9191518	be328b1812442
40.661414	70a98	2693	5cd6a91abb40	5cd6a8624c60	5cd6a85fdea0	2693	19e8	5cd6a8dcebf0	7ffc7e35d060	5cd6a9184d80	9b	ce2	26a6	0	2aed	10	5cd6a86113d0
40.672888	70b10	2693	5cd6a91abc00	5cd6a8624d20	5cd6a85fdea0	2693	19f0	79905c99f010	7ffc7e35d060	5cd6a9184d80	9b	c8a	9b	d0	2aed	5cd6a9197a70	0
40.679869	70b03	2693	5cd6a91abc78	5cd6a8624d98	5cd6a85fdea0	2693	19f5	79905c99f010	7ffc7e35d060	5cd6a9184d80	9b	146b	45	5cd6a99a75b0	2aed	5cd6a91a3788	16475beec5d072f9
40.692958	70a90	2693	5cd6a91abd68	5cd6a8624e88	5cd6a85fdea0	2693	19ff	79905c99f010	7ffc7e35d060	5cd6a9184d80	9b	844	18cc	5cd6a88a3b30	2aed	7b	5cd6a860a500
40.701881	70a72	2693	5cd6a91abdf8	5cd6a8624f18	5cd6a85fdea0	2693	1a05	79905c99f010	7ffc7e35d060	5cd6a9184d80	9b	bd5	237f	398129d45205b611	2aed	3d	5cd6a860fa98
40.707136	70b03	2693	5cd6a91abe58	5cd6a8624f78	5cd6a85fdea0	2693	1a09	79905c99f010	7ffc7e35d060	5cd6a9184d80	9b	8f0	15	5cd6a99ad730	2aed	5cd6a9192400	5214809094389ae7
40.719278	70a94	2693	5cd6a91abf30	5cd6a8625050	5cd6a85fdea0	2693	1a12	79905c99f010	7ffc7e35d060	5cd6a9184d80	9b	25b	711	4000001000000	2aed	40	5cd6a8601728
40.727567	70afb	2693	5cd6a91abfd8	5cd6a86250f8	5cd6a85fdea0	2693	1a19	79905c99f010	7ffc7e35d060	5cd6a9184d80	9b	82b	82	d0	2aed	5cd6a9191188	0
40.738982	70afb	2693	5cd6a91ac098	5cd6a86251b8	5cd6a85fdea0	2693	1a21	79905c99f010	7ffc7e35d060	5cd6a9184d80	9b	1467	4e	d0	2aed	5cd6a91a3728	5b5bde814650b402
40.751850	70a94	2693	5cd6a91ac170	5cd6a8625290	5cd6a85fdea0	2693	1a2a	79905c99f010	7ffc7e35d060	5cd6a9184d80	9b	16e3	44a9	0	2aed	0	5cd6a86203e8
40.757215	70a06	2693	5cd6a91ac1d0	5cd6a86252f0	5cd6a85fdea0	2693	1a2e	79905c99f010	7ffc7e35d060	5cd6a9184d80	9b	18	5cd6a8de3410	d0	2aed	3d8	0
40.769903	70b03	2693	5cd6a91ac290	5cd6a86253b0	5cd6a85fdea0	2693	1a36	79905c99f010	7ffc7e35d060	5cd6a9184d80	9b	1614	6c	5cd6a99bb290	2aed	5cd6a91a5f60	0
40.780949	70afb	2693	5cd6a91ac350	5cd6a8625470	5cd6a85fdea0	2693	1a3e	79905c99f010	7ffc7e35d060	5cd6a9184d80	9b	1249	0	d0	2aed	5cd6a91a0458	b482068ab343bb7c
40.791945	70afb	2693	5cd6a91ac428	5cd6a8625548	5cd6a85fdea0	2693	1a47	79905c99f010	7ffc7e35d060	5cd6a9184d80	9b	1149	90	d0	2aed	5cd6a919ec58	0
40.806398	70ae6	2693	5cd6a91ac518	5cd6a8625638	5cd6a85fdea0	2693	1a51	79905c99f010	7ffc7e35d060	5cd6a9184d80	9b	1414	3b	d0	2aed	5cd6a91a2f60	9b
40.821516	70ac7	2693	5cd6a91ac608	5cd6a8625728	5cd6a85fdea0	2693	1a5b	79905c99f010	7ffc7e35d060	5cd6a9184d80	9b	1907	56	d0	2aed	5cd6a91aa628	3077361b1d144689
40.829359	70a94	2693	5cd6a91ac680	5cd6a86257a0	5cd6a85fdea0	2693	1a60	79905c99f010	7ffc7e35d060	5cd6a9184d80	9b	1a10	4e30	0	2aed	6	5cd6a8625020
40.834884	70a94	2693	5cd6a91ac6e0	5cd6a8625800	5cd6a85fdea0	2693	1a64	79905c99f010	7ffc7e35d060	5cd6a9184d80	9b	1275	375f	0	2aed	0	5cd6a8619998
40.845887	70a94	2693	5cd6a91ac7a0	5cd6a86258c0	5cd6a85fdea0	2693	1a6c	79905c99f010	7ffc7e35d060	5cd6a9184d80	9b	64b	12e1	90548081900a151	2aed	48	5cd6a86075a8
40.860950	70a94	2693	5cd6a91ac890	5cd6a86259b0	5cd6a85fdea0	2693	1a76	79905c99f010	7ffc7e35d060	5cd6a9184d80	9b	ad8	2088	0	2aed	2	5cd6a860e2e0
40.871067	70a83	2693	5cd6a91ac950	5cd6a8625a70	5cd6a85fdea0	2693	1a7e	79905c99f010	7ffc7e35d060	5cd6a9184d80	9b	e19	2a4b	94	2aed	2c	5cd6a86130f8
40.879236	70ae6	2693	5cd6a91ac9e0	5cd6a8625b00	5cd6a85fdea0	2693	1a84	79905c99f010	7ffc7e35d060	5cd6a9184d80	9b	691	17	d0	2aed	5cd6a918eb18	9b
40.891300	70a94	2693	5cd6a91acaa0	5cd6a8625bc0	5cd6a85fdea0	2693	1a8c	79905c99f010	7ffc7e35d060	5cd6a9184d80	9b	1312	3936	0	2aed	6	5cd6a861a850
40.904408	70a76	2693	5cd6a91acb90	5cd6a8625cb0	5cd6a85fdea0	2693	1a96	79905c99f010	7ffc7e35d060	5cd6a9184d80	9b	c5c	2514	94	2aed	1d	5cd6a8610740
40.916912	70afb	2693	5cd6a91acc68	5cd6a8625d88	5cd6a85fdea0	2693	1a9f	79905c99f010	7ffc7e35d060	5cd6a9184d80	9b	15ab	6a	d0	2aed	5cd6a91a5588	0
40.932017	70ac7	2693	5cd6a91acd58	5cd6a8625e78	5cd6a85fdea0	2693	1aa9	79905c99f010	7ffc7e35d060	5cd6a9184d80	9b	19c6	38	d0	2aed	5cd6a91ab810	a2a58a936b6691a
40.943043	70ae6	2693	5cd6a91ace18	5cd6a8625f38	5cd6a85fdea0	2693	1ab1	79905c99f010	7ffc7e35d060	5cd6a9184d80	9b	1393	33	d0	2aed	5cd6a91a2348	9b
40.949259	70a20	2693	5cd6a91ace78	5cd6a8625f98	5cd6a85fdea0	2693	1ab5	79905c99f010	7ffc7e35d060	5cd6a9184d80	9b	5e	5cd6a8e0ace0	d0	2aed	1a8	4200000000000000
40.963504	70afb	2693	5cd6a91acf50	5cd6a8626070	5cd6a85fdea0	2693	1abe	79905c99f010	7ffc7e35d060	5cd6a9184d80	9b	135c	90	d0	2aed	5cd6a91a1e20	0
40.973890	70afb	2693	5cd6a91ad010	5cd6a8626130	5cd6a85fdea0	2693	1ac6	79905c99f010	7ffc7e35d060	5cd6a9184d80	9b	743	0	d0	2aed	5cd6a918fbc8	40a61ac56080cd18
40.986545	70afb	2693	5cd6a91ad0d0	5cd6a86261f0	5cd6a85fdea0	2693	1ace	79905c99f010	7ffc7e35d060	5cd6a9184d80	9b	b58	28	d0	2aed	5cd6a9195dc0	84755012e8622838
40.992261	70afb	2693	5cd6a91ad118	5cd6a8626238	5cd6a85fdea0	2693	1ad1	79905c99f010	7ffc7e35d060	5cd6a9184d80	9b	146d	a	d0	2aed	5cd6a91a37b8	9145042540201d60
41.003190	70afb	2693	5cd6a91ad1a8	5cd6a86262c8	5cd6a85fdea0	2693	1ad7	79905c99f010	7ffc7e35d060	5cd6a9184d80	9b	6b5	4a	d0	2aed	5cd6a918ee78	0
41.015424	70afb	2693	5cd6a91ad268	5cd6a8626388	5cd6a85fdea0	2693	1adf	79905c99f010	7ffc7e35d060	5cd6a9184d80	9b	aed	32	d0	2aed	5cd6a91953b8	0
41.029234	70a94	2693	5cd6a91ad358	5cd6a8626478	5cd6a85fdea0	2693	1ae9	79905c99f010	7ffc7e35d060	5cd6a9184d80	9b	c25	246f	0	2aed	24	5cd6a8610218
41.037116	70afb	2693	5cd6a91ad3d0	5cd6a86264f0	5cd6a85fdea0	2693	1aee	79905c99f010	7ffc7e35d060	5cd6a9184d80	9b	9cf	72	d0	2aed	5cd6a91938e8	0
41.051256	70a94	2693	5cd6a91ad4a8	5cd6a86265c8	5cd6a85fdea0	2693	1af7	79905c99f010	7ffc7e35d060	5cd6a9184d80	9b	ef3	2cd9	0	2aed	10	5cd6a8614568
41.056438	70aa8	2693	5cd6a91ad4f0	5cd6a8626610	5cd6a85fdea0	2693	1afa	5cd6a8e1f050	7ffc7e35d060	5cd6a9184d80	9b	14da	3e8e	0	2aed	15	5cd6a861d310
41.068505	70a94	2693	5cd6a91ad580	5cd6a86266a0	5cd6a85fdea0	2693	1b00	79905c99f010	7ffc7e35d060	5cd6a9184d80	9b	1a15	4e3f	0	2aed	0	5cd6a8625098
41.075753	70a94	2693	5cd6a91ad5e0	5cd6a8626700	5cd6a85fdea0	2693	1b04	79905c99f010	7ffc7e35d060	5cd6a9184d80	9b	4ce	e6a	a3523200208e402	2aed	1e	5cd6a86051f0
41.085734	70a9d	2693	5cd6a91ad640	5cd6a8626760	5cd6a85fdea0	2693	1b08	5cd6a8e231f0	7ffc7e35d060	5cd6a9184d80	9b	d99	28cb	44207284	2aed	93	5cd6a86124f8
41.100630	70b03	2693	5cd6a91ad6d0	5cd6a86267f0	5cd6a85fdea0	2693	1b0e	79905c99f010	7ffc7e35d060	5cd6a9184d80	9b	1315	6a	5cd6a99fcf90	2aed	5cd6a91a1778	0
41.106172	70b03	2693	5cd6a91ad730	5cd6a8626850	5cd6a85fdea0	2693	1b12	79905c99f010	7ffc7e35d060	5cd6a9184d80	9b	181	97	5cd6a99fe310	2aed	5cd6a9187198	0
41.113951	70b03	2693	5cd6a91ad7a8	5cd6a86268c8	5cd6a85fdea0	2693	1b17	79905c99f010	7ffc7e35d060	5cd6a9184d80	9b	213	8b	5cd6a99ffb70	2aed	5cd6a9187f48	0
41.119961	70a94	2693	5cd6a91ad7f0	5cd6a8626910	5cd6a85fdea0	2693	1b1a	79905c99f010	7ffc7e35d060	5cd6a9184d80	9b	1872	4956	0	2aed	0	5cd6a8622950
41.127613	70a83	2693	5cd6a91ad868	5cd6a8626988	5cd6a85fdea0	2693	1b1f	79905c99f010	7ffc7e35d060	5cd6a9184d80	9b	fb6	2f22	94	2aed	42	5cd6a86157b0
41.140246	70afb	2693	5cd6a91ad940	5cd6a8626a60	5cd6a85fdea0	2693	1b28	79905c99f010	7ffc7e35d060	5cd6a9184d80	9b	290	36	d0	2aed	5cd6a9188b00	0
41.151321	70a9d	2693	5cd6a91ad9e8	5cd6a8626b08	5cd6a85fdea0	2693	1b2f	5cd6a8e2e8c0	7ffc7e35d060	5cd6a9184d80	9b	b2e	218a	0	2aed	1c	5cd6a860eaf0
41.164523	70a94	2693	5cd6a91ada78	5cd6a8626b98	5cd6a85fdea0	2693	1b35	79905c99f010	7ffc7e35d060	5cd6a9184d80	9b	cce	266a	0	2aed	0	5cd6a86111f0
41.174078	70afb	2693	5cd6a91adb20	5cd6a8626c40	5cd6a85fdea0	2693	1b3c	79905c99f010	7ffc7e35d060	5cd6a9184d80	9b	2ef	0	d0	2aed	5cd6a91893e8	800240084240f0
41.184276	70a9d	2693	5cd6a91adbb0	5cd6a8626cd0	5cd6a85fdea0	2693	1b42	5cd6a8e341d0	7ffc7e35d060	5cd6a9184d80	9b	113b	33b1	0	2aed	2b	5cd6a8617c28
41.191235	70ac7	2693	5cd6a91adc10	5cd6a8626d30	5cd6a85fdea0	2693	1b46	79905c99f010	7ffc7e35d060	5cd6a9184d80	9b	10de	6d	d0	2aed	5cd6a919e250	0
41.201634	70a94	2693	5cd6a91adc88	5cd6a8626da8	5cd6a85fdea0	2693	1b4b	79905c99f010	7ffc7e35d060	5cd6a9184d80	9b	16f3	44d9	0	2aed	10	5cd6a8620568
41.210530	70a83	2693	5cd6a91add00	5cd6a8626e20	5cd6a85fdea0	2693	1b50	79905c99f010	7ffc7e35d060	5cd6a9184d80	9b	1b16	5142	94	2aed	56	5cd6a86268b0
41.217326	70afb	2693	5cd6a91add78	5cd6a8626e98	5cd6a85fdea0	2693	1b55	79905c99f010	7ffc7e35d060	5cd6a9184d80	9b	800	0	d0	2aed	5cd6a9190d80	ac7d8840040c634
41.229236	70afb	2693	5cd6a91ade38	5cd6a8626f58	5cd6a85fdea0	2693	1b5d	79905c99f010	7ffc7e35d060	5cd6a9184d80	9b	1016	6	d0	2aed	5cd6a919cf90	40a0001340a05236
41.240211	70a76	2693	5cd6a91adee0	5cd6a8627000	5cd6a85fdea0	2693	1b64	79905c99f010	7ffc7e35d060	5cd6a9184d80	9b	5a4	10ec	94	2aed	0	5cd6a8606600
41.250116	70afb	2693	5cd6a91adf88	5cd6a86270a8	5cd6a85fdea0	2693	1b6b	79905c99f010	7ffc7e35d060	5cd6a9184d80	9b	2ee	6e	d0	2aed	5cd6a91893d0	0
41.263611	70ac7	2693	5cd6a91ae048	5cd6a8627168	5cd6a85fdea0	2693	1b73	79905c99f010	7ffc7e35d060	5cd6a9184d80	9b	16a3	50	d0	2aed	5cd6a91a6cc8	6821d0442c0094a6
41.276570	70b03	2693	5cd6a91ae108	5cd6a8627228	5cd6a85fdea0	2693	1b7b	79905c99f010	7ffc7e35d060	5cd6a9184d80	9b	1b4	75	5cd6a9a1e2f0	2aed	5cd6a9187660	0
41.284927	70a94	2693	5cd6a91ae180	5cd6a86272a0	5cd6a85fdea0	2693	1b80	79905c99f010	7ffc7e35d060	5cd6a9184d80	9b	6bd	1437	28807104404061c0	2aed	3c	5cd6a8608058
41.298084	70afb	2693	5cd6a91ae258	5cd6a8627378	5cd6a85fdea0	2693	1b89	79905c99f010	7ffc7e35d060	5cd6a9184d80	9b	6c7	a	d0	2aed	5cd6a918f028	a2021219915148d
41.303778	70afb	2693	5cd6a91ae2a0	5cd6a86273c0	5cd6a85fdea0	2693	1b8c	79905c99f010	7ffc7e35d060	5cd6a9184d80	9b	f5c	76	d0	2aed	5cd6a919be20	0
41.314516	70a94	2693	5cd6a91ae360	5cd6a8627480	5cd6a85fdea0	2693	1b94	79905c99f010	7ffc7e35d060	5cd6a9184d80	9b	2e8	8b8	800000000000	2aed	82	5cd6a8602460
41.328502	70b03	2693	5cd6a91ae438	5cd6a8627558	5cd6a85fdea0	2693	1b9d	79905c99f010	7ffc7e35d060	5cd6a9184d80	9b	793	32	5cd6a9a288b0	2aed	5cd6a9190348	0
41.335190	70a94	2693	5cd6a91ae498	5cd6a86275b8	5cd6a85fdea0	2693	1ba1	79905c99f010	7ffc7e35d060	5cd6a9184d80	9b	320	960	0	2aed	0	5cd6a86029a0
41.343537	70afb	2693	5cd6a91ae4f8	5cd6a8627618	5cd6a85fdea0	2693	1ba5	79905c99f010	7ffc7e35d060	5cd6a9184d80	9b	1ca	e	d0	2aed	5cd6a9187870	0
41.353833	70a83	2693	5cd6a91ae5a0	5cd6a86276c0	5cd6a85fdea0	2693	1bac	79905c99f010	7ffc7e35d060	5cd6a9184d80	9b	a4c	1ee4	94	2aed	13	5cd6a860d5c0
41.365375	70afb	2693	5cd6a91ae630	5cd6a8627750	5cd6a85fdea0	2693	1bb2	79905c99f010	7ffc7e35d060	5cd6a9184d80	9b	10da	0	d0	2aed	5cd6a919e1f0	312e0a9b0338fe1e
41.370741	70a9d	2693	5cd6a91ae660	5cd6a8627780	5cd6a85fdea0	2693	1bb4	5cd6a8e55830	7ffc7e35d060	5cd6a9184d80	9b	195f	4c1d	0	2aed	56	5cd6a8623f88
41.380641	70a76	2693	5cd6a91ae6f0	5cd6a8627810	5cd6a85fdea0	2693	1bba	79905c99f010	7ffc7e35d060	5cd6a9184d80	9b	1a60	4f20	94	2aed	21	5cd6a86257a0
41.390211	70ad4	2693	5cd6a91ae768	5cd6a8627888	5cd6a85fdea0	2693	1bbf	79905c99f010	7ffc7e35d060	5cd6a9184d80	9b	135d	8e	d0	2aed	5cd6a91a1e38	9b
41.397452	70a9d	2693	5cd6a91ae7e0	5cd6a8627900	5cd6a85fdea0	2693	1bc4	5cd6a8e5a330	7ffc7e35d060	5cd6a9184d80	9b	d1c	2754	3026819202e81016	2aed	60	5cd6a8611940
41.405545	70a94	2693	5cd6a91ae840	5cd6a8627960	5cd6a85fdea0	2693	1bc8	79905c99f010	7ffc7e35d060	5cd6a9184d80	9b	828	1878	4b19f800b40048b4	2aed	26	5cd6a860a260
41.411542	70afb	2693	5cd6a91ae888	5cd6a86279a8	5cd6a85fdea0	2693	1bcb	79905c99f010	7ffc7e35d060	5cd6a9184d80	9b	1985	0	d0	2aed	5cd6a91ab1f8	9cbfc90292a882fa
41.418987	70afb	2693	5cd6a91ae900	5cd6a8627a20	5cd6a85fdea0	2693	1bd0	79905c99f010	7ffc7e35d060	5cd6a9184d80	9b	969	9a	d0	2aed	5cd6a9192f58	0
41.429372	70b03	2693	5cd6a91ae9c0	5cd6a8627ae0	5cd6a85fdea0	2693	1bd8	79905c99f010	7ffc7e35d060	5cd6a9184d80	9b	e3e	60	5cd6a9a3a850	2aed	5cd6a919a350	0
41.441477	70a90	2693	5cd6a91aea50	5cd6a8627b70	5cd6a85fdea0	2693	1bde	79905c99f010	7ffc7e35d060	5cd6a9184d80	9b	16f9	44eb	5cd6a8cf2ba0	2aed	8a	5cd6a86205f8
41.449646	70a94	2693	5cd6a91aeac8	5cd6a8627be8	5cd6a85fdea0	2693	1be3	79905c99f010	7ffc7e35d060	5cd6a9184d80	9b	f61	2e23	0	2aed	0	5cd6a8614fb8
41.459593	70afb	2693	5cd6a91aeb70	5cd6a8627c90	5cd6a85fdea0	2693	1bea	79905c99f010	7ffc7e35d060	5cd6a9184d80	9b	ec5	a	d0	2aed	5cd6a919aff8	a0435c13a04b498b
41.473587	70a98	2693	5cd6a91aec48	5cd6a8627d68	5cd6a85fdea0	2693	1bf3	5cd6a8e67f80	7ffc7e35d060	5cd6a9184d80	9b	2b7	825	400	2aed	4f	5cd6a8601fc8
41.480346	70ae6	2693	5cd6a91aec90	5cd6a8627db0	5cd6a85fdea0	2693	1bf6	79905c99f010	7ffc7e35d060	5cd6a9184d80	9b	182a	65	d0	2aed	5cd6a91a9170	9b
41.493472	70ae6	2693	5cd6a91aed50	5cd6a8627e70	5cd6a85fdea0	2693	1bfe	79905c99f010	7ffc7e35d060	5cd6a9184d80	9b	11aa	77	d0	2aed	5cd6a919f570	9b
41.502269	70afb	2693	5cd6a91aede0	5cd6a8627f00	5cd6a85fdea0	2693	1c04	79905c99f010	7ffc7e35d060	5cd6a9184d80	9b	292	2e	d0	2aed	5cd6a9188b30	0
41.514104	70b03	2693	5cd6a91aee88	5cd6a8627fa8	5cd6a85fdea0	2693	1c0b	79905c99f010	7ffc7e35d060	5cd6a9184d80	9b	f12	25	5cd6a9a4a0f0	2aed	5cd6a919b730	c1350e22c30a46c9
41.526551	70a94	2693	5cd6a91aef30	5cd6a8628050	5cd6a85fdea0	2693	1c12	79905c99f010	7ffc7e35d060	5cd6a9184d80	9b	1259	370b	0	2aed	c	5cd6a86196f8
41.531853	70afb	2693	5cd6a91aef78	5cd6a8628098	5cd6a85fdea0	2693	1c15	79905c99f010	7ffc7e35d060	5cd6a9184d80	9b	194f	6f	d0	2aed	5cd6a91aace8	0
41.545197	70b03	2693	5cd6a91af020	5cd6a8628140	5cd6a85fdea0	2693	1c1c	79905c99f010	7ffc7e35d060	5cd6a9184d80	9b	169	4b	5cd6a9a4f3d0	2aed	5cd6a9186f58	0
41.557947	70ac7	2693	5cd6a91af0c8	5cd6a86281e8	5cd6a85fdea0	2693	1c23	79905c99f010	7ffc7e35d060	5cd6a9184d80	9b	de4	63	d0	2aed	5cd6a9199ae0	0
41.564693	70b03	2693	5cd6a91af140	5cd6a8628260	5cd6a85fdea0	2693	1c28	79905c99f010	7ffc7e35d060	5cd6a9184d80	9b	67e	7a	5cd6a9a52e50	2aed	5cd6a918e950	0
41.570133	70b03	2693	5cd6a91af188	5cd6a86282a8	5cd6a85fdea0	2693	1c2b	79905c99f010	7ffc7e35d060	5cd6a9184d80	9b	b9a	72	5cd6a9a53cf0	2aed	5cd6a91963f0	0
41.582748	70a94	2693	5cd6a91af230	5cd6a8628350	5cd6a85fdea0	2693	1c32	79905c99f010	7ffc7e35d060	5cd6a9184d80	9b	1374	3a5c	0	2aed	50	5cd6a861b180
41.591222	70a94	2693	5cd6a91af290	5cd6a86283b0	5cd6a85fdea0	2693	1c36	79905c99f010	7ffc7e35d060	5cd6a9184d80	9b	13b0	3b10	0	2aed	42	5cd6a861b720
41.604312	709f3	2693	5cd6a91af350	5cd6a8628470	5cd6a85fdea0	2693	1c3e	79905c99f010	7ffc7e35d060	5cd6a9184d80	9b	109	9b	d0	2aed	5cd6a9186658	0
41.613283	70ab0	2693	5cd6a91af3b0	5cd6a86284d0	5cd6a85fdea0	2693	1c42	79905c99f010	7ffc7e35d060	5cd6a9184d80	9b	12d8	3888	0	2aed	12	5cd6a861a2e0
41.625791	70a14	2693	5cd6a91af470	5cd6a8628590	5cd6a85fdea0	2693	1c4a	79905c99f010	7ffc7e35d060	5cd6a9184d80	9b	9	5cd6a8e81750	d0	2aed	450	0
41.631346	70a94	2693	5cd6a91af4b8	5cd6a86285d8	5cd6a85fdea0	2693	1c4d	79905c99f010	7ffc7e35d060	5cd6a9184d80	9b	173b	45b1	0	2aed	0	5cd6a8620c28
41.641322	70afb	2693	5cd6a91af548	5cd6a8628668	5cd6a85fdea0	2693	1c53	79905c99f010	7ffc7e35d060	5cd6a9184d80	9b	84f	2	d0	2aed	5cd6a91914e8	3c814908105a8a5
41.646872	70a14	2693	5cd6a91af590	5cd6a86286b0	5cd6a85fdea0	2693	1c56	79905c99f010	7ffc7e35d060	5cd6a9184d80	9b	50	5cd6a8e84f90	d0	2aed	218	748ad40177c940f6
41.654280	70a3a	2693	5cd6a91af5f0	5cd6a8628710	5cd6a85fdea0	2693	1c5a	79905c99f010	7ffc7e35d060	5cd6a9184d80	9b	a80	ab4	d0	2aed	348	210000000000000
41.663946	70a94	2693	5cd6a91af668	5cd6a8628788	5cd6a85fdea0	2693	1c5f	79905c99f010	7ffc7e35d060	5cd6a9184d80	9b	fd0	2f70	0	2aed	12	5cd6a8615a20
41.677074	70a98	2693	5cd6a91af710	5cd6a8628830	5cd6a85fdea0	2693	1c66	5cd6a8e89a90	7ffc7e35d060	5cd6a9184d80	9b	552	ff6	20040030081000	2aed	61	5cd6a8605e50
41.685886	70a94	2693	5cd6a91af770	5cd6a8628890	5cd6a85fdea0	2693	1c6a	79905c99f010	7ffc7e35d060	5cd6a9184d80	9b	896	19c2	c10808e2106a004	2aed	4e	5cd6a860acb0
41.700881	70ac7	2693	5cd6a91af800	5cd6a8628920	5cd6a85fdea0	2693	1c70	79905c99f010	7ffc7e35d060	5cd6a9184d80	9b	122e	58	d0	2aed	5cd6a91a01d0	0
41.714641	70a94	2693	5cd6a91af890	5cd6a86289b0	5cd6a85fdea0	2693	1c76	79905c99f010	7ffc7e35d060	5cd6a9184d80	9b	19cd	4d67	0	2aed	44	5cd6a86249d8
41.725196	70a94	2693	5cd6a91af920	5cd6a8628a40	5cd6a85fdea0	2693	1c7c	79905c99f010	7ffc7e35d060	5cd6a9184d80	9b	169	43b	0	2aed	0	5cd6a8600078
41.737368	70a94	2693	5cd6a91af998	5cd6a8628ab8	5cd6a85fdea0	2693	1c81	79905c99f010	7ffc7e35d060	5cd6a9184d80	9b	1870	4950	0	2aed	42	5cd6a8622920
41.748854	70a8c	2693	5cd6a91afa40	5cd6a8628b60	5cd6a85fdea0	2693	1c88	79905c99f010	7ffc7e35d060	5cd6a9184d80	9b	d93	28b9	94	2aed	6e	5cd6a8612468
41.763842	70a94	2693	5cd6a91afad0	5cd6a8628bf0	5cd6a85fdea0	2693	1c8e	79905c99f010	7ffc7e35d060	5cd6a9184d80	9b	ac0	2040	580106c210314	2aed	43	5cd6a860e0a0
41.774186	70b03	2693	5cd6a91afb48	5cd6a8628c68	5cd6a85fdea0	2693	1c93	79905c99f010	7ffc7e35d060	5cd6a9184d80	9b	1b7a	6d	5cd6a9a737f0	2aed	5cd6a91ae0f0	522a4878c1b456b
41.785707	70afb	2693	5cd6a91afbf0	5cd6a8628d10	5cd6a85fdea0	2693	1c9a	79905c99f010	7ffc7e35d060	5cd6a9184d80	9b	23d	8e	d0	2aed	5cd6a9188338	0
41.793541	70ac7	2693	5cd6a91afc50	5cd6a8628d70	5cd6a85fdea0	2693	1c9e	79905c99f010	7ffc7e35d060	5cd6a9184d80	9b	1049	11	d0	2aed	5cd6a919d458	c41eeb53ccc1d3b3
41.801643	70a94	2693	5cd6a91afcc8	5cd6a8628de8	5cd6a85fdea0	2693	1ca3	79905c99f010	7ffc7e35d060	5cd6a9184d80	9b	9bc	1d34	83985c3003114326	2aed	52	5cd6a860c840
41.809616	70a94	2693	5cd6a91afd28	5cd6a8628e48	5cd6a85fdea0	2693	1ca7	79905c99f010	7ffc7e35d060	5cd6a9184d80	9b	8e4	1aac	0	2aed	1a	5cd6a860b400
41.815371	70afb	2693	5cd6a91afd70	5cd6a8628e90	5cd6a85fdea0	2693	1caa	79905c99f010	7ffc7e35d060	5cd6a9184d80	9b	120d	8a	d0	2aed	5cd6a919feb8	0
41.829759	70afb	2693	5cd6a91afe30	5cd6a8628f50	5cd6a85fdea0	2693	1cb2	79905c99f010	7ffc7e35d060	5cd6a9184d80	9b	1ba6	e	d0	2aed	5cd6a91ae510	9c4aa96f552a4565
41.840170	70afb	2693	5cd6a91afec0	5cd6a8628fe0	5cd6a85fdea0	2693	1cb8	79905c99f010	7ffc7e35d060	5cd6a9184d80	9b	e80	16	d0	2aed	5cd6a919a980	977845245531efb6
41.848551	70a69	2693	5cd6a91aff38	5cd6a8629058	5cd6a85fdea0	2693	1cbd	79905c99f010	7ffc7e35d060	5cd6a9184d80	9b	702	1506	e0010710b271513c	2aed	2e	5cd6a86086d0
41.858728	70a98	2693	5cd6a91affc8	5cd6a86290e8	5cd6a85fdea0	2693	1cc3	5cd6a8ea4e80	7ffc7e35d060	5cd6a9184d80	9b	b83	2289	a50c64ea200078c0	2aed	4d	5cd6a860f2e8
41.867663	70afb	2693	5cd6a91b0040	5cd6a8629160	5cd6a85fdea0	2693	1cc8	79905c99f010	7ffc7e35d060	5cd6a9184d80	9b	30	0	d0	2aed	5cd6a9185200	120a220201222
41.875766	70b03	2693	5cd6a91b00a0	5cd6a86291c0	5cd6a85fdea0	2693	1ccc	79905c99f010	7ffc7e35d060	5cd6a9184d80	9b	d3a	80	5cd6a9a84dd0	2aed	5cd6a9198af0	0
41.889250	70ae6	2693	5cd6a91b0148	5cd6a8629268	5cd6a85fdea0	2693	1cd3	79905c99f010	7ffc7e35d060	5cd6a9184d80	9b	1267	54	d0	2aed	5cd6a91a0728	9b
41.898490	70a06	2693	5cd6a91b01d8	5cd6a86292f8	5cd6a85fdea0	2693	1cd9	79905c99f010	7ffc7e35d060	5cd6a9184d80	9b	a	5cd6a8eab5a0	d0	2aed	448	0
41.909303	70a9d	2693	5cd6a91b0280	5cd6a86293a0	5cd6a85fdea0	2693	1ce0	5cd6a8ead670	7ffc7e35d060	5cd6a9184d80	9b	849	18db	c243b628041aa409	2aed	2c	5cd6a860a578
41.921428	70a94	2693	5cd6a91b0328	5cd6a8629448	5cd6a85fdea0	2693	1ce7	79905c99f010	7ffc7e35d060	5cd6a9184d80	9b	c25	246f	0	2aed	24	5cd6a8610218
41.926821	70a76	2693	5cd6a91b0370	5cd6a8629490	5cd6a85fdea0	2693	1cea	79905c99f010	7ffc7e35d060	5cd6a9184d80	9b	156e	404a	94	2aed	0	5cd6a861e0f0
41.938778	70a9d	2693	5cd6a91b0418	5cd6a8629538	5cd6a85fdea0	2693	1cf1	5cd6a8eb2620	7ffc7e35d060	5cd6a9184d80	9b	19c6	4d52	0	2aed	40	5cd6a8624930
41.947496	70a83	2693	5cd6a91b04a8	5cd6a86295c8	5cd6a85fdea0	2693	1cf7	79905c99f010	7ffc7e35d060	5cd6a9184d80	9b	ee0	2ca0	94	2aed	8b	5cd6a86143a0
41.958355	70a9d	2693	5cd6a91b0538	5cd6a8629658	5cd6a85fdea0	2693	1cfd	5cd6a8eb5e60	7ffc7e35d060	5cd6a9184d80	9b	11d3	3579	0	2aed	10	5cd6a8618a68
41.964997	70ae6	2693	5cd6a91b05b0	5cd6a86296d0	5cd6a85fdea0	2693	1d02	79905c99f010	7ffc7e35d060	5cd6a9184d80	9b	640	76	d0	2aed	5cd6a918e380	9b
41.971578	70ab2	2693	5cd6a91b0610	5cd6a8629730	5cd6a85fdea0	2693	1d06	79905c99f010	7ffc7e35d060	5cd6a9184d80	9b	1847	48d5	14ba3dcd	2aed	94	5cd6a8622548
41.980561	70a94	2693	5cd6a91b06a0	5cd6a86297c0	5cd6a85fdea0	2693	1d0c	79905c99f010	7ffc7e35d060	5cd6a9184d80	9b	1217	3645	0	2aed	30	5cd6a86190c8
41.991807	70afb	2693	5cd6a91b0748	5cd6a8629868	5cd6a85fdea0	2693	1d13	79905c99f010	7ffc7e35d060	5cd6a9184d80	9b	16d3	2	d0	2aed	5cd6a91a7148	543f86a0cd307e70
42.004235	70a83	2693	5cd6a91b0808	5cd6a8629928	5cd6a85fdea0	2693	1d1b	79905c99f010	7ffc7e35d060	5cd6a9184d80	9b	278	768	94	2aed	b	5cd6a86019e0
42.016407	70b03	2693	5cd6a91b0880	5cd6a86299a0	5cd6a85fdea0	2693	1d20	79905c99f010	7ffc7e35d060	5cd6a9184d80	9b	adb	5d	5cd6a9a9e750	2aed	5cd6a9195208	0
42.030259	70a9d	2693	5cd6a91b0928	5cd6a8629a48	5cd6a85fdea0	2693	1d27	5cd6a8ec2340	7ffc7e35d060	5cd6a9184d80	9b	1643	42c9	a1bae11520682242	2aed	75	5cd6a861f4e8
42.043912	70afb	2693	5cd6a91b09e8	5cd6a8629b08	5cd6a85fdea0	2693	1d2f	79905c99f010	7ffc7e35d060	5cd6a9184d80	9b	11d6	0	d0	2aed	5cd6a919f990	f13a168c01a9fb5a
42.057683	70afb	2693	5cd6a91b0aa8	5cd6a8629bc8	5cd6a85fdea0	2693	1d37	79905c99f010	7ffc7e35d060	5cd6a9184d80	9b	1861	0	d0	2aed	5cd6a91a9698	c52b15ce27207024
42.063648	70a9d	2693	5cd6a91b0b08	5cd6a8629c28	5cd6a85fdea0	2693	1d3b	5cd6a8ec8100	7ffc7e35d060	5cd6a9184d80	9b	ddf	299d	889845606628480	2aed	7b	5cd6a8612b88
42.077269	70ae6	2693	5cd6a91b0be0	5cd6a8629d00	5cd6a85fdea0	2693	1d44	79905c99f010	7ffc7e35d060	5cd6a9184d80	9b	9db	81	d0	2aed	5cd6a9193a08	9b
42.086637	70afb	2693	5cd6a91b0c70	5cd6a8629d90	5cd6a85fdea0	2693	1d4a	79905c99f010	7ffc7e35d060	5cd6a9184d80	9b	4f0	0	d0	2aed	5cd6a918c400	6036e10528120018
42.092062	70afb	2693	5cd6a91b0cb8	5cd6a8629dd8	5cd6a85fdea0	2693	1d4d	79905c99f010	7ffc7e35d060	5cd6a9184d80	9b	301	0	d0	2aed	5cd6a9189598	8d06080b204810
42.102376	70a98	2693	5cd6a91b0d18	5cd6a8629e38	5cd6a85fdea0	2693	1d51	5cd6a8ece820	7ffc7e35d060	5cd6a9184d80	9b	1a1c	4e54	0	2aed	55	5cd6a8625140
42.116778	70a94	2693	5cd6a91b0dd8	5cd6a8629ef8	5cd6a85fdea0	2693	1d59	79905c99f010	7ffc7e35d060	5cd6a9184d80	9b	1247	36d5	0	2aed	28	5cd6a8619548
42.124209	70a8c	2693	5cd6a91b0e38	5cd6a8629f58	5cd6a85fdea0	2693	1d5d	79905c99f010	7ffc7e35d060	5cd6a9184d80	9b	b3e	21ba	94	2aed	1c	5cd6a860ec70
42.133789	70a94	2693	5cd6a91b0eb0	5cd6a8629fd0	5cd6a85fdea0	2693	1d62	79905c99f010	7ffc7e35d060	5cd6a9184d80	9b	17bf	473d	0	2aed	38	5cd6a8621888
42.145190	70afb	2693	5cd6a91b0f70	5cd6a862a090	5cd6a85fdea0	2693	1d6a	79905c99f010	7ffc7e35d060	5cd6a9184d80	9b	8fc	e	d0	2aed	5cd6a9192520	40481419e00a8120
42.158423	70ac7	2693	5cd6a91b1048	5cd6a862a168	5cd6a85fdea0	2693	1d73	79905c99f010	7ffc7e35d060	5cd6a9184d80	9b	3b0	65	d0	2aed	5cd6a918a600	0
42.170813	70afb	2693	5cd6a91b10f0	5cd6a862a210	5cd6a85fdea0	2693	1d7a	79905c99f010	7ffc7e35d060	5cd6a9184d80	9b	497	0	d0	2aed	5cd6a918bba8	27286b4108120001
42.181879	70ac7	2693	5cd6a91b1180	5cd6a862a2a0	5cd6a85fdea0	2693	1d80	79905c99f010	7ffc7e35d060	5cd6a9184d80	9b	1518	17	d0	2aed	5cd6a91a47c0	8c4dfc588c0b15ee
42.188773	70a06	2693	5cd6a91b11e0	5cd6a862a300	5cd6a85fdea0	2693	1d84	79905c99f010	7ffc7e35d060	5cd6a9184d80	9b	31	5cd6a8edd730	d0	2aed	310	0
42.200898	70b03	2693	5cd6a91b1288	5cd6a862a3a8	5cd6a85fdea0	2693	1d8b	79905c99f010	7ffc7e35d060	5cd6a9184d80	9b	1cf1	2a	5cd6a9abf0f0	2aed	5cd6a91b0418	1a4a2024c325e180
42.209479	70a20	2693	5cd6a91b1300	5cd6a862a420	5cd6a85fdea0	2693	1d90	79905c99f010	7ffc7e35d060	5cd6a9184d80	9b	3a	5cd6a8ee0f70	d0	2aed	2c8	bac8000000000000
42.220665	70b03	2693	5cd6a91b1360	5cd6a862a480	5cd6a85fdea0	2693	1d94	79905c99f010	7ffc7e35d060	5cd6a9184d80	9b	191a	98	5cd6a9ac1cd0	2aed	5cd6a91aa7f0	0
42.228061	70ae6	2693	5cd6a91b13d8	5cd6a862a4f8	5cd6a85fdea0	2693	1d99	79905c99f010	7ffc7e35d060	5cd6a9184d80	9b	d40	2e	d0	2aed	5cd6a9198b80	9b
42.240306	70a94	2693	5cd6a91b1468	5cd6a862a588	5cd6a85fdea0	2693	1d9f	79905c99f010	7ffc7e35d060	5cd6a9184d80	9b	1a70	4f50	0	2aed	0	5cd6a8625920
42.254855	70ad4	2693	5cd6a91b1510	5cd6a862a630	5cd6a85fdea0	2693	1da6	79905c99f010	7ffc7e35d060	5cd6a9184d80	9b	17d4	0	d0	2aed	5cd6a91a8960	9b
42.265485	70afb	2693	5cd6a91b15b8	5cd6a862a6d8	5cd6a85fdea0	2693	1dad	79905c99f010	7ffc7e35d060	5cd6a9184d80	9b	1a9b	67	d0	2aed	5cd6a91acc08	49c4294cc4b00080
42.280257	70b03	2693	5cd6a91b1690	5cd6a862a7b0	5cd6a85fdea0	2693	1db6	79905c99f010	7ffc7e35d060	5cd6a9184d80	9b	1b29	2d	5cd6a9acc290	2aed	5cd6a91ad958	e446f84a4002b6b9
42.295320	70a94	2693	5cd6a91b1780	5cd6a862a8a0	5cd6a85fdea0	2693	1dc0	79905c99f010	7ffc7e35d060	5cd6a9184d80	9b	7d3	1779	0	2aed	0	5cd6a8609a68
42.308328	70afb	2693	5cd6a91b1828	5cd6a862a948	5cd6a85fdea0	2693	1dc7	79905c99f010	7ffc7e35d060	5cd6a9184d80	9b	b95	2a	d0	2aed	5cd6a9196378	485482506250a5a
42.319804	70afb	2693	5cd6a91b18d0	5cd6a862a9f0	5cd6a85fdea0	2693	1dce	79905c99f010	7ffc7e35d060	5cd6a9184d80	9b	e1f	12	d0	2aed	5cd6a919a068	65e288205020a540
42.326357	70b03	2693	5cd6a91b1930	5cd6a862aa50	5cd6a85fdea0	2693	1dd2	79905c99f010	7ffc7e35d060	5cd6a9184d80	9b	626	25	5cd6a9ad4b10	2aed	5cd6a918e110	0
42.338362	70ac7	2693	5cd6a91b19d8	5cd6a862aaf8	5cd6a85fdea0	2693	1dd9	79905c99f010	7ffc7e35d060	5cd6a9184d80	9b	9c0	8a	d0	2aed	5cd6a9193780	0
42.350902	70a94	2693	5cd6a91b1a98	5cd6a862abb8	5cd6a85fdea0	2693	1de1	79905c99f010	7ffc7e35d060	5cd6a9184d80	9b	b9c	22d4	0	2aed	0	5cd6a860f540
42.362128	70a0f	2693	5cd6a91b1b40	5cd6a862ac60	5cd6a85fdea0	2693	1de8	79905c99f010	7ffc7e35d060	5cd6a9184d80	9b	2e	5cd6a8efabf0	d0	2aed	328	0
42.375392	70b03	2693	5cd6a91b1c00	5cd6a862ad20	5cd6a85fdea0	2693	1df0	79905c99f010	7ffc7e35d060	5cd6a9184d80	9b	7dd	a	5cd6a9addd50	2aed	5cd6a9190a38	21a0233cbd090a08
42.382120	70afb	2693	5cd6a91b1c60	5cd6a862ad80	5cd6a85fdea0	2693	1df4	79905c99f010	7ffc7e35d060	5cd6a9184d80	9b	e90	4e	d0	2aed	5cd6a919ab00	0
42.391583	70a94	2693	5cd6a91b1cf0	5cd6a862ae10	5cd6a85fdea0	2693	1dfa	79905c99f010	7ffc7e35d060	5cd6a9184d80	9b	8aa	19fe	0	2aed	0	5cd6a860ae90
42.397127	709f3	2693	5cd6a91b1d38	5cd6a862ae58	5cd6a85fdea0	2693	1dfd	79905c99f010	7ffc7e35d060	5cd6a9184d80	9b	83f	9b	d0	2aed	5cd6a9191368	0
42.404268	70a94	2693	5cd6a91b1d98	5cd6a862aeb8	5cd6a85fdea0	2693	1e01	79905c99f010	7ffc7e35d060	5cd6a9184d80	9b	eb2	2c16	0	2aed	16	5cd6a8613f50
42.410754	70a94	2693	5cd6a91b1de0	5cd6a862af00	5cd6a85fdea0	2693	1e04	79905c99f010	7ffc7e35d060	5cd6a9184d80	9b	1bae	530a	250b4048525bbc37	2aed	8e	5cd6a86276f0
42.423455	70ae6	2693	5cd6a91b1e88	5cd6a862afa8	5cd6a85fdea0	2693	1e0b	79905c99f010	7ffc7e35d060	5cd6a9184d80	9b	13e6	3	d0	2aed	5cd6a91a2b10	9b
42.431591	70afb	2693	5cd6a91b1f00	5cd6a862b020	5cd6a85fdea0	2693	1e10	79905c99f010	7ffc7e35d060	5cd6a9184d80	9b	463	71	d0	2aed	5cd6a918b6c8	0
42.442495	70ae6	2693	5cd6a91b1f78	5cd6a862b098	5cd6a85fdea0	2693	1e15	79905c99f010	7ffc7e35d060	5cd6a9184d80	9b	e5f	83	d0	2aed	5cd6a919a668	9b
42.454399	70afb	2693	5cd6a91b2008	5cd6a862b128	5cd6a85fdea0	2693	1e1b	79905c99f010	7ffc7e35d060	5cd6a9184d80	9b	1510	1a	d0	2aed	5cd6a91a4700	4aa418e2bb922d99
42.462868	70a8c	2693	5cd6a91b2080	5cd6a862b1a0	5cd6a85fdea0	2693	1e20	79905c99f010	7ffc7e35d060	5cd6a9184d80	9b	7a	16e	94	2aed	83	5cd6a85fea10
42.470177	70a9d	2693	5cd6a91b20e0	5cd6a862b200	5cd6a85fdea0	2693	1e24	5cd6a8f0c530	7ffc7e35d060	5cd6a9184d80	9b	42d	c87	1400008040ca24	2aed	69	5cd6a86042d8
42.478565	70a9d	2693	5cd6a91b2158	5cd6a862b278	5cd6a85fdea0	2693	1e29	5cd6a8f0dca0	7ffc7e35d060	5cd6a9184d80	9b	677	1365	440082000001040	2aed	73	5cd6a86079c8
42.483836	70afb	2693	5cd6a91b21a0	5cd6a862b2c0	5cd6a85fdea0	2693	1e2c	79905c99f010	7ffc7e35d060	5cd6a9184d80	9b	fb8	0	d0	2aed	5cd6a919c6c0	e70ade8035471b62
42.491008	70a94	2693	5cd6a91b2200	5cd6a862b320	5cd6a85fdea0	2693	1e30	79905c99f010	7ffc7e35d060	5cd6a9184d80	9b	151f	3f5d	0	2aed	0	5cd6a861d988
42.504323	70b03	2693	5cd6a91b22d8	5cd6a862b3f8	5cd6a85fdea0	2693	1e39	79905c99f010	7ffc7e35d060	5cd6a9184d80	9b	a24	55	5cd6a9af4130	2aed	5cd6a91940e0	0
42.518234	70afb	2693	5cd6a91b23b0	5cd6a862b4d0	5cd6a85fdea0	2693	1e42	79905c99f010	7ffc7e35d060	5cd6a9184d80	9b	11e0	36	d0	2aed	5cd6a919fa80	80d127405afd0e60
42.528180	70afb	2693	5cd6a91b2440	5cd6a862b560	5cd6a85fdea0	2693	1e48	79905c99f010	7ffc7e35d060	5cd6a9184d80	9b	9db	0	d0	2aed	5cd6a9193a08	233eb964140c7a3
42.536456	70aea	2693	5cd6a91b24b8	5cd6a862b5d8	5cd6a85fdea0	2693	1e4d	79905c99f010	7ffc7e35d060	5cd6a9184d80	9b	340	44	d0	2aed	5cd6a9189b80	9b
42.545791	70a14	2693	5cd6a91b2530	5cd6a862b650	5cd6a85fdea0	2693	1e52	79905c99f010	7ffc7e35d060	5cd6a9184d80	9b	5d	5cd6a8f19cd0	d0	2aed	1b0	0
42.553852	70ac7	2693	5cd6a91b25a8	5cd6a862b6c8	5cd6a85fdea0	2693	1e57	79905c99f010	7ffc7e35d060	5cd6a9184d80	9b	10e0	8a	d0	2aed	5cd6a919e280	0
42.563287	70afb	2693	5cd6a91b2638	5cd6a862b758	5cd6a85fdea0	2693	1e5d	79905c99f010	7ffc7e35d060	5cd6a9184d80	9b	cc4	0	d0	2aed	5cd6a9197fe0	2a7abe3a6c06c204
42.570684	70a69	2693	5cd6a91b2698	5cd6a862b7b8	5cd6a85fdea0	2693	1e61	79905c99f010	7ffc7e35d060	5cd6a9184d80	9b	18d2	4a76	0	2aed	43	5cd6a8623250
42.583087	70afb	2693	5cd6a91b2758	5cd6a862b878	5cd6a85fdea0	2693	1e69	79905c99f010	7ffc7e35d060	5cd6a9184d80	9b	591	3a	d0	2aed	5cd6a918d318	0
42.590191	70a94	2693	5cd6a91b27b8	5cd6a862b8d8	5cd6a85fdea0	2693	1e6d	79905c99f010	7ffc7e35d060	5cd6a9184d80	9b	1c7	555	100800400	2aed	38	5cd6a8600948
42.599561	70b03	2693	5cd6a91b2848	5cd6a862b968	5cd6a85fdea0	2693	1e73	79905c99f010	7ffc7e35d060	5cd6a9184d80	9b	428	96	5cd6a9b05bf0	2aed	5cd6a918b140	0
42.613971	70a83	2693	5cd6a91b2920	5cd6a862ba40	5cd6a85fdea0	2693	1e7c	79905c99f010	7ffc7e35d060	5cd6a9184d80	9b	f78	2e68	94	2aed	8a	5cd6a86151e0
42.627730	70a9d	2693	5cd6a91b29e0	5cd6a862bb00	5cd6a85fdea0	2693	1e84	5cd6a8f28730	7ffc7e35d060	5cd6a9184d80	9b	14df	3e9d	0	2aed	4e	5cd6a861d388
42.634582	70a83	2693	5cd6a91b2a40	5cd6a862bb60	5cd6a85fdea0	2693	1e88	79905c99f010	7ffc7e35d060	5cd6a9184d80	9b	cab	2601	94	2aed	88	5cd6a8610ea8
42.640225	70a9d	2693	5cd6a91b2aa0	5cd6a862bbc0	5cd6a85fdea0	2693	1e8c	5cd6a8f2acb0	7ffc7e35d060	5cd6a9184d80	9b	79a	16ce	10880d801809361	2aed	e	5cd6a8609510
42.649688	70a98	2693	5cd6a91b2b18	5cd6a862bc38	5cd6a85fdea0	2693	1e91	5cd6a8f2c420	7ffc7e35d060	5cd6a9184d80	9b	183b	48b1	0	2aed	2b	5cd6a8622428
42.656652	70a94	2693	5cd6a91b2b78	5cd6a862bc98	5cd6a85fdea0	2693	1e95	79905c99f010	7ffc7e35d060	5cd6a9184d80	9b	1926	4b72	0	2aed	2e	5cd6a8623a30
42.670305	70a94	2693	5cd6a91b2c38	5cd6a862bd58	5cd6a85fdea0	2693	1e9d	79905c99f010	7ffc7e35d060	5cd6a9184d80	9b	189c	49d4	0	2aed	22	5cd6a8622d40
42.682470	70ab5	2693	5cd6a91b2cf8	5cd6a862be18	5cd6a85fdea0	2693	1ea5	79905c99f010	7ffc7e35d060	5cd6a9184d80	9b	e36	2aa2	47201048	2aed	94	5cd6a86133b0
42.689918	70ac7	2693	5cd6a91b2d58	5cd6a862be78	5cd6a85fdea0	2693	1ea9	79905c99f010	7ffc7e35d060	5cd6a9184d80	9b	1790	5e	d0	2aed	5cd6a91a8300	e3632cfa959446c5
42.697279	70a69	2693	5cd6a91b2dd0	5cd6a862bef0	5cd6a85fdea0	2693	1eae	79905c99f010	7ffc7e35d060	5cd6a9184d80	9b	8b0	1a10	a5250864a0010c20	2aed	65	5cd6a860af20
42.704914	70aa8	2693	5cd6a91b2e30	5cd6a862bf50	5cd6a85fdea0	2693	1eb2	5cd6a8f35ed0	7ffc7e35d060	5cd6a9184d80	9b	1720	4560	0	2aed	50	5cd6a86209a0
42.718394	70ae6	2693	5cd6a91b2ef0	5cd6a862c010	5cd6a85fdea0	2693	1eba	79905c99f010	7ffc7e35d060	5cd6a9184d80	9b	ffe	5f	d0	2aed	5cd6a919cd50	9b
42.725346	70a9d	2693	5cd6a91b2f50	5cd6a862c070	5cd6a85fdea0	2693	1ebe	5cd6a8f39710	7ffc7e35d060	5cd6a9184d80	9b	a17	1e45	2a08201000884001	2aed	65	5cd6a860d0c8
42.734452	70a94	2693	5cd6a91b2fc8	5cd6a862c0e8	5cd6a85fdea0	2693	1ec3	79905c99f010	7ffc7e35d060	5cd6a9184d80	9b	1341	39c3	0	2aed	c	5cd6a861acb8
42.740650	70afb	2693	5cd6a91b3010	5cd6a862c130	5cd6a85fdea0	2693	1ec6	79905c99f010	7ffc7e35d060	5cd6a9184d80	9b	1c66	0	d0	2aed	5cd6a91af710	95ac780efaa211d2
42.755417	70ae6	2693	5cd6a91b30e8	5cd6a862c208	5cd6a85fdea0	2693	1ecf	79905c99f010	7ffc7e35d060	5cd6a9184d80	9b	19b7	f	d0	2aed	5cd6a91ab6a8	9b
42.766354	70b03	2693	5cd6a91b3190	5cd6a862c2b0	5cd6a85fdea0	2693	1ed6	79905c99f010	7ffc7e35d060	5cd6a9184d80	9b	927	67	5cd6a9b23e90	2aed	5cd6a9192928	0
42.774101	70b03	2693	5cd6a91b31f0	5cd6a862c310	5cd6a85fdea0	2693	1eda	79905c99f010	7ffc7e35d060	5cd6a9184d80	9b	898	21	5cd6a9b25210	2aed	5cd6a9191bc0	259ae50497eaaea1
42.788479	70afb	2693	5cd6a91b32b0	5cd6a862c3d0	5cd6a85fdea0	2693	1ee2	79905c99f010	7ffc7e35d060	5cd6a9184d80	9b	ae	0	d0	2aed	5cd6a9185dd0	7a0123a3b2302800
42.801598	70a9d	2693	5cd6a91b3358	5cd6a862c478	5cd6a85fdea0	2693	1ee9	5cd6a8f460a0	7ffc7e35d060	5cd6a9184d80	9b	ae9	20bb	3d40ca48af410b04	2aed	47	5cd6a860e478
42.816268	70b03	2693	5cd6a91b3418	5cd6a862c538	5cd6a85fdea0	2693	1ef1	79905c99f010	7ffc7e35d060	5cd6a9184d80	9b	19d3	41	5cd6a9b2c230	2aed	5cd6a91ab948	a6e5762cc4fb21
42.821786	70a83	2693	5cd6a91b3460	5cd6a862c580	5cd6a85fdea0	2693	1ef4	79905c99f010	7ffc7e35d060	5cd6a9184d80	9b	1696	43c2	94	2aed	2d	5cd6a861fcb0
42.831157	70ad4	2693	5cd6a91b34f0	5cd6a862c610	5cd6a85fdea0	2693	1efa	79905c99f010	7ffc7e35d060	5cd6a9184d80	9b	1c2	0	d0	2aed	5cd6a91877b0	9b
42.845683	70ac7	2693	5cd6a91b3580	5cd6a862c6a0	5cd6a85fdea0	2693	1f00	79905c99f010	7ffc7e35d060	5cd6a9184d80	9b	63e	8f	d0	2aed	5cd6a918e350	0
42.856742	70a76	2693	5cd6a91b35f8	5cd6a862c718	5cd6a85fdea0	2693	1f05	79905c99f010	7ffc7e35d060	5cd6a9184d80	9b	1445	3ccf	94	2aed	45	5cd6a861c518
42.864150	70afb	2693	5cd6a91b3658	5cd6a862c778	5cd6a85fdea0	2693	1f09	79905c99f010	7ffc7e35d060	5cd6a9184d80	9b	1956	66	d0	2aed	5cd6a91aad90	0
42.878389	70a9d	2693	5cd6a91b3718	5cd6a862c838	5cd6a85fdea0	2693	1f11	5cd6a8f51c20	7ffc7e35d060	5cd6a9184d80	9b	1a93	4fb9	0	2aed	1a	5cd6a8625c68
42.884690	70ae6	2693	5cd6a91b3778	5cd6a862c898	5cd6a85fdea0	2693	1f15	79905c99f010	7ffc7e35d060	5cd6a9184d80	9b	1cb5	48	d0	2aed	5cd6a91afe78	9b
42.894412	70afb	2693	5cd6a91b3808	5cd6a862c928	5cd6a85fdea0	2693	1f1b	79905c99f010	7ffc7e35d060	5cd6a9184d80	9b	1a32	1e	d0	2aed	5cd6a91ac230	39be103d55985583
42.901127	70a94	2693	5cd6a91b3868	5cd6a862c988	5cd6a85fdea0	2693	1f1f	79905c99f010	7ffc7e35d060	5cd6a9184d80	9b	b9e	22da	0	2aed	0	5cd6a860f570
42.914587	70afb	2693	5cd6a91b3928	5cd6a862ca48	5cd6a85fdea0	2693	1f27	79905c99f010	7ffc7e35d060	5cd6a9184d80	9b	1380	96	d0	2aed	5cd6a91a2180	0
42.923746	70afb	2693	5cd6a91b39a0	5cd6a862cac0	5cd6a85fdea0	2693	1f2c	79905c99f010	7ffc7e35d060	5cd6a9184d80	9b	10f8	8b	d0	2aed	5cd6a919e4c0	0
42.938334	70a94	2693	5cd6a91b3a60	5cd6a862cb80	5cd6a85fdea0	2693	1f34	79905c99f010	7ffc7e35d060	5cd6a9184d80	9b	18c2	4a46	0	2aed	0	5cd6a86230d0
42.946171	70b03	2693	5cd6a91b3ac0	5cd6a862cbe0	5cd6a85fdea0	2693	1f38	79905c99f010	7ffc7e35d060	5cd6a9184d80	9b	1611	86	5cd6a9b41c50	2aed	5cd6a91a5f18	0
42.953556	70afb	2693	5cd6a91b3b20	5cd6a862cc40	5cd6a85fdea0	2693	1f3c	79905c99f010	7ffc7e35d060	5cd6a9184d80	9b	18dd	0	d0	2aed	5cd6a91aa238	e9bf9408e2e3904a
42.961000	70afb	2693	5cd6a91b3b80	5cd6a862cca0	5cd6a85fdea0	2693	1f40	79905c99f010	7ffc7e35d060	5cd6a9184d80	9b	1ae5	0	d0	2aed	5cd6a91ad2f8	18a954798c04013
42.972303	70a94	2693	5cd6a91b3c28	5cd6a862cd48	5cd6a85fdea0	2693	1f47	79905c99f010	7ffc7e35d060	5cd6a9184d80	9b	ca3	25e9	0	2aed	0	5cd6a8610de8
42.986203	70ac7	2693	5cd6a91b3ce8	5cd6a862ce08	5cd6a85fdea0	2693	1f4f	79905c99f010	7ffc7e35d060	5cd6a9184d80	9b	1242	3e	d0	2aed	5cd6a91a03b0	60cd97b09c14d90
42.995079	70afb	2693	5cd6a91b3d48	5cd6a862ce68	5cd6a85fdea0	2693	1f53	79905c99f010	7ffc7e35d060	5cd6a9184d80	9b	12af	8d	d0	2aed	5cd6a91a0de8	0
43.001847	70b03	2693	5cd6a91b3da8	5cd6a862cec8	5cd6a85fdea0	2693	1f57	79905c99f010	7ffc7e35d060	5cd6a9184d80	9b	db0	7e	5cd6a9b4b370	2aed	5cd6a9199600	0
43.007178	70ae6	2693	5cd6a91b3df0	5cd6a862cf10	5cd6a85fdea0	2693	1f5a	79905c99f010	7ffc7e35d060	5cd6a9184d80	9b	8e7	6a	d0	2aed	5cd6a9192328	9b
43.019189	70afb	2693	5cd6a91b3e98	5cd6a862cfb8	5cd6a85fdea0	2693	1f61	79905c99f010	7ffc7e35d060	5cd6a9184d80	9b	3c0	0	d0	2aed	5cd6a918a780	53800a5002000123
43.031653	70b03	2693	5cd6a91b3f40	5cd6a862d060	5cd6a85fdea0	2693	1f68	79905c99f010	7ffc7e35d060	5cd6a9184d80	9b	12b1	2d	5cd6a9b50650	2aed	5cd6a91a0e18	ad2f03e02a06bcb
43.043325	70a94	2693	5cd6a91b3fe8	5cd6a862d108	5cd6a85fdea0	2693	1f6f	79905c99f010	7ffc7e35d060	5cd6a9184d80	9b	1833	4899	4500d22c52e8cc2a	2aed	90	5cd6a8622368
43.049798	70b03	2693	5cd6a91b4048	5cd6a862d168	5cd6a85fdea0	2693	1f73	79905c99f010	7ffc7e35d060	5cd6a9184d80	9b	95	25	5cd6a9b53bf0	2aed	5cd6a9185b78	0
43.062330	70afb	2693	5cd6a91b40f0	5cd6a862d210	5cd6a85fdea0	2693	1f7a	79905c99f010	7ffc7e35d060	5cd6a9184d80	9b	6d9	4a	d0	2aed	5cd6a918f1d8	0
43.073454	70afb	2693	5cd6a91b4180	5cd6a862d2a0	5cd6a85fdea0	2693	1f80	79905c99f010	7ffc7e35d060	5cd6a9184d80	9b	be9	4a	d0	2aed	5cd6a9196b58	0
43.079638	70a06	2693	5cd6a91b41c8	5cd6a862d2e8	5cd6a85fdea0	2693	1f83	79905c99f010	7ffc7e35d060	5cd6a9184d80	9b	19	5cd6a8f73280	d0	2aed	3d0	0
43.093105	70a0f	2693	5cd6a91b42a0	5cd6a862d3c0	5cd6a85fdea0	2693	1f8c	79905c99f010	7ffc7e35d060	5cd6a9184d80	9b	4	5cd6a8f75cb0	d0	2aed	478	0
43.106458	70afb	2693	5cd6a91b4348	5cd6a862d468	5cd6a85fdea0	2693	1f93	79905c99f010	7ffc7e35d060	5cd6a9184d80	9b	1694	6	d0	2aed	5cd6a91a6b60	3810057c648bae9b
43.117337	70ac7	2693	5cd6a91b43d8	5cd6a862d4f8	5cd6a85fdea0	2693	1f99	79905c99f010	7ffc7e35d060	5cd6a9184d80	9b	1ac9	1d	d0	2aed	5cd6a91ad058	f85b474f7e6b2b1
43.124571	70a9d	2693	5cd6a91b4438	5cd6a862d558	5cd6a85fdea0	2693	1f9d	5cd6a8f7ac60	7ffc7e35d060	5cd6a9184d80	9b	1f55	5dff	0	2aed	28	5cd6a862ce98
43.129929	70ae6	2693	5cd6a91b4480	5cd6a862d5a0	5cd6a85fdea0	2693	1fa0	79905c99f010	7ffc7e35d060	5cd6a9184d80	9b	1e88	71	d0	2aed	5cd6a91b2a40	9b
43.144495	70ab0	2693	5cd6a91b4540	5cd6a862d660	5cd6a85fdea0	2693	1fa8	79905c99f010	7ffc7e35d060	5cd6a9184d80	9b	1aed	50c7	0	2aed	23	5cd6a86264d8
43.151664	70a9d	2693	5cd6a91b45a0	5cd6a862d6c0	5cd6a85fdea0	2693	1fac	5cd6a8f7f2b0	7ffc7e35d060	5cd6a9184d80	9b	69e	13da	3018602084282a00	2aed	22	5cd6a8607d70
43.161666	70a94	2693	5cd6a91b4618	5cd6a862d738	5cd6a85fdea0	2693	1fb1	79905c99f010	7ffc7e35d060	5cd6a9184d80	9b	197	4c5	0	2aed	0	5cd6a86004c8
43.169592	70afb	2693	5cd6a91b4660	5cd6a862d780	5cd6a85fdea0	2693	1fb4	79905c99f010	7ffc7e35d060	5cd6a9184d80	9b	1549	1a	d0	2aed	5cd6a91a4c58	d0980840940c9512
43.176158	70a94	2693	5cd6a91b46c0	5cd6a862d7e0	5cd6a85fdea0	2693	1fb8	79905c99f010	7ffc7e35d060	5cd6a9184d80	9b	364	a2c	0	2aed	0	5cd6a8603000
43.182551	70afb	2693	5cd6a91b4708	5cd6a862d828	5cd6a85fdea0	2693	1fbb	79905c99f010	7ffc7e35d060	5cd6a9184d80	9b	5e	2e	d0	2aed	5cd6a9185650	0
43.190515	70ac7	2693	5cd6a91b4768	5cd6a862d888	5cd6a85fdea0	2693	1fbf	79905c99f010	7ffc7e35d060	5cd6a9184d80	9b	545	54	d0	2aed	5cd6a918cbf8	0
43.199495	70ab2	2693	5cd6a91b47c8	5cd6a862d8e8	5cd6a85fdea0	2693	1fc3	79905c99f010	7ffc7e35d060	5cd6a9184d80	9b	1bc0	5340	31f2ac8c	2aed	94	5cd6a86278a0
43.209069	70a69	2693	5cd6a91b4840	5cd6a862d960	5cd6a85fdea0	2693	1fc8	79905c99f010	7ffc7e35d060	5cd6a9184d80	9b	15de	419a	acc49024504d179c	2aed	89	5cd6a861eb70
43.220946	70ac7	2693	5cd6a91b48d0	5cd6a862d9f0	5cd6a85fdea0	2693	1fce	79905c99f010	7ffc7e35d060	5cd6a9184d80	9b	1c51	74	d0	2aed	5cd6a91af518	0
43.235912	70afb	2693	5cd6a91b4960	5cd6a862da80	5cd6a85fdea0	2693	1fd4	79905c99f010	7ffc7e35d060	5cd6a9184d80	9b	bad	0	d0	2aed	5cd6a91965b8	cadf49446c8d9ab8
43.245978	70a06	2693	5cd6a91b49d8	5cd6a862daf8	5cd6a85fdea0	2693	1fd9	79905c99f010	7ffc7e35d060	5cd6a9184d80	9b	59	5cd6a8f8c5a0	d0	2aed	1d0	0
43.254635	70afb	2693	5cd6a91b4a50	5cd6a862db70	5cd6a85fdea0	2693	1fde	79905c99f010	7ffc7e35d060	5cd6a9184d80	9b	43d	86	d0	2aed	5cd6a918b338	0
43.264909	70a14	2693	5cd6a91b4ac8	5cd6a862dbe8	5cd6a85fdea0	2693	1fe3	79905c99f010	7ffc7e35d060	5cd6a9184d80	9b	4c	5cd6a8f8f480	d0	2aed	238	0
43.276159	70afb	2693	5cd6a91b4b58	5cd6a862dc78	5cd6a85fdea0	2693	1fe9	79905c99f010	7ffc7e35d060	5cd6a9184d80	9b	45e	2e	d0	2aed	5cd6a918b650	0
43.286581	70a94	2693	5cd6a91b4bb8	5cd6a862dcd8	5cd6a85fdea0	2693	1fed	79905c99f010	7ffc7e35d060	5cd6a9184d80	9b	1259	370b	0	2aed	0	5cd6a86196f8
43.293097	70a94	2693	5cd6a91b4c00	5cd6a862dd20	5cd6a85fdea0	2693	1ff0	79905c99f010	7ffc7e35d060	5cd6a9184d80	9b	e1d	2a57	9c41175b62031d24	2aed	54	5cd6a8613158
43.301300	70afb	2693	5cd6a91b4c60	5cd6a862dd80	5cd6a85fdea0	2693	1ff4	79905c99f010	7ffc7e35d060	5cd6a9184d80	9b	afd	0	d0	2aed	5cd6a9195538	4ef42be079cad2cc
43.311608	70a94	2693	5cd6a91b4cf0	5cd6a862de10	5cd6a85fdea0	2693	1ffa	79905c99f010	7ffc7e35d060	5cd6a9184d80	9b	756	1602	0	2aed	e	5cd6a8608eb0
43.324208	70afb	2693	5cd6a91b4d80	5cd6a862dea0	5cd6a85fdea0	2693	2000	79905c99f010	7ffc7e35d060	5cd6a9184d80	9b	11e0	36	d0	2aed	5cd6a919fa80	80d127405afd0e60
43.335650	70af7	2693	5cd6a91b4e10	5cd6a862df30	5cd6a85fdea0	2693	2006	79905c99f010	7ffc7e35d060	5cd6a9184d80	9b	e9b	73	d0	2aed	5cd6a919ac08	5cd6a9631ef0
43.343155	70aba	2693	5cd6a91b4e70	5cd6a862df90	5cd6a85fdea0	2693	200a	79905c99f010	7ffc7e35d060	5cd6a9184d80	9b	e6e	2b4a	d0	2aed	94	5cd6a86138f0
43.357899	70afb	2693	5cd6a91b4f00	5cd6a862e020	5cd6a85fdea0	2693	2010	79905c99f010	7ffc7e35d060	5cd6a9184d80	9b	128a	86	d0	2aed	5cd6a91a0a70	0
43.366906	70afb	2693	5cd6a91b4f78	5cd6a862e098	5cd6a85fdea0	2693	2015	79905c99f010	7ffc7e35d060	5cd6a9184d80	9b	886	2e	d0	2aed	5cd6a9191a10	0
43.381858	70afb	2693	5cd6a91b5020	5cd6a862e140	5cd6a85fdea0	2693	201c	79905c99f010	7ffc7e35d060	5cd6a9184d80	9b	1d2a	16	d0	2aed	5cd6a91b0970	867d22188647c11d
43.389780	70b03	2693	5cd6a91b5098	5cd6a862e1b8	5cd6a85fdea0	2693	2021	79905c99f010	7ffc7e35d060	5cd6a9184d80	9b	c	63	5cd6a9b88c30	2aed	5cd6a9184ea0	0
43.396301	70afb	2693	5cd6a91b50e0	5cd6a862e200	5cd6a85fdea0	2693	2024	79905c99f010	7ffc7e35d060	5cd6a9184d80	9b	1297	0	d0	2aed	5cd6a91a0ba8	30ab460d0faef10a
43.405521	70a94	2693	5cd6a91b5158	5cd6a862e278	5cd6a85fdea0	2693	2029	79905c99f010	7ffc7e35d060	5cd6a9184d80	9b	dbb	2931	68f93c5150849a0b	2aed	40	5cd6a8612828
43.412333	70a94	2693	5cd6a91b51b8	5cd6a862e2d8	5cd6a85fdea0	2693	202d	79905c99f010	7ffc7e35d060	5cd6a9184d80	9b	8e3	1aa9	0	2aed	0	5cd6a860b3e8
43.421917	70a83	2693	5cd6a91b5230	5cd6a862e350	5cd6a85fdea0	2693	2032	79905c99f010	7ffc7e35d060	5cd6a9184d80	9b	b3e	21ba	94	2aed	57	5cd6a860ec70
43.432375	70a94	2693	5cd6a91b52a8	5cd6a862e3c8	5cd6a85fdea0	2693	2037	79905c99f010	7ffc7e35d060	5cd6a9184d80	9b	1dcb	5961	0	2aed	0	5cd6a862a9a8
43.438146	70ac7	2693	5cd6a91b52f0	5cd6a862e410	5cd6a85fdea0	2693	203a	79905c99f010	7ffc7e35d060	5cd6a9184d80	9b	1b67	40	d0	2aed	5cd6a91adf28	f2190e40b238be
43.443407	70afb	2693	5cd6a91b5338	5cd6a862e458	5cd6a85fdea0	2693	203d	79905c99f010	7ffc7e35d060	5cd6a9184d80	9b	fb8	76	d0	2aed	5cd6a919c6c0	0
43.450424	70aa0	2693	5cd6a91b5398	5cd6a862e4b8	5cd6a85fdea0	2693	2041	5cd6a8faad20	7ffc7e35d060	5cd6a9184d80	9b	628	1278	0	2aed	6	5cd6a8607260
43.462426	70ae6	2693	5cd6a91b5428	5cd6a862e548	5cd6a85fdea0	2693	2047	79905c99f010	7ffc7e35d060	5cd6a9184d80	9b	ec1	a	d0	2aed	5cd6a919af98	9b
43.474886	70afb	2693	5cd6a91b54d0	5cd6a862e5f0	5cd6a85fdea0	2693	204e	79905c99f010	7ffc7e35d060	5cd6a9184d80	9b	a89	96	d0	2aed	5cd6a9194a58	0
43.482045	70afb	2693	5cd6a91b5530	5cd6a862e650	5cd6a85fdea0	2693	2052	79905c99f010	7ffc7e35d060	5cd6a9184d80	9b	b97	92	d0	2aed	5cd6a91963a8	0
43.489236	70a94	2693	5cd6a91b5590	5cd6a862e6b0	5cd6a85fdea0	2693	2056	79905c99f010	7ffc7e35d060	5cd6a9184d80	9b	b20	2160	aaf2c542a0019d50	2aed	3a	5cd6a860e9a0
43.503139	70a94	2693	5cd6a91b5650	5cd6a862e770	5cd6a85fdea0	2693	205e	79905c99f010	7ffc7e35d060	5cd6a9184d80	9b	e5d	2b17	0	2aed	0	5cd6a8613758
43.508329	70b03	2693	5cd6a91b5680	5cd6a862e7a0	5cd6a85fdea0	2693	2060	79905c99f010	7ffc7e35d060	5cd6a9184d80	9b	1b5a	4d	5cd6a9b9bf50	2aed	5cd6a91addf0	55f3b02136a5bae7
43.523415	70afb	2693	5cd6a91b5740	5cd6a862e860	5cd6a85fdea0	2693	2068	79905c99f010	7ffc7e35d060	5cd6a9184d80	9b	fb6	0	d0	2aed	5cd6a919c690	4b65a694e1d61c38
43.532026	70afb	2693	5cd6a91b57b8	5cd6a862e8d8	5cd6a85fdea0	2693	206d	79905c99f010	7ffc7e35d060	5cd6a9184d80	9b	5e4	46	d0	2aed	5cd6a918dae0	0
43.537943	70a98	2693	5cd6a91b5800	5cd6a862e920	5cd6a85fdea0	2693	2070	5cd6a8fb8970	7ffc7e35d060	5cd6a9184d80	9b	adf	209d	5162003828380118	2aed	61	5cd6a860e388
43.552076	70a7f	2693	5cd6a91b58c0	5cd6a862e9e0	5cd6a85fdea0	2693	2078	79905c99f010	7ffc7e35d060	5cd6a9184d80	9b	899	19cb	94	2aed	c	5cd6a860acf8
43.558566	70b03	2693	5cd6a91b5920	5cd6a862ea40	5cd6a85fdea0	2693	207c	79905c99f010	7ffc7e35d060	5cd6a9184d80	9b	cb6	10	5cd6a9ba47d0	2aed	5cd6a9197e90	a4050f466481137c
43.568593	70afb	2693	5cd6a91b5998	5cd6a862eab8	5cd6a85fdea0	2693	2081	79905c99f010	7ffc7e35d060	5cd6a9184d80	9b	163c	16	d0	2aed	5cd6a91a6320	721e8e6cc8940428
43.582237	70ae6	2693	5cd6a91b5a58	5cd6a862eb78	5cd6a85fdea0	2693	2089	79905c99f010	7ffc7e35d060	5cd6a9184d80	9b	841	66	d0	2aed	5cd6a9191398	9b
43.589585	70afb	2693	5cd6a91b5aa0	5cd6a862ebc0	5cd6a85fdea0	2693	208c	79905c99f010	7ffc7e35d060	5cd6a9184d80	9b	1e37	0	d0	2aed	5cd6a91b22a8	590dde0e560b32d0
43.603385	70ae6	2693	5cd6a91b5b60	5cd6a862ec80	5cd6a85fdea0	2693	2094	79905c99f010	7ffc7e35d060	5cd6a9184d80	9b	907	e	d0	2aed	5cd6a9192628	9b
43.609417	70ae6	2693	5cd6a91b5ba8	5cd6a862ecc8	5cd6a85fdea0	2693	2097	79905c99f010	7ffc7e35d060	5cd6a9184d80	9b	14f2	1a	d0	2aed	5cd6a91a4430	9b
43.623060	70a9d	2693	5cd6a91b5c50	5cd6a862ed70	5cd6a85fdea0	2693	209e	5cd6a8fc6110	7ffc7e35d060	5cd6a9184d80	9b	1898	49c8	0	2aed	4e	5cd6a8622ce0
43.637242	70a14	2693	5cd6a91b5cf8	5cd6a862ee18	5cd6a85fdea0	2693	20a5	79905c99f010	7ffc7e35d060	5cd6a9184d80	9b	27	5cd6a8fc81e0	d0	2aed	360	0
43.648629	70a06	2693	5cd6a91b5d88	5cd6a862eea8	5cd6a85fdea0	2693	20ab	79905c99f010	7ffc7e35d060	5cd6a9184d80	9b	20	5cd6a8fc9e00	d0	2aed	398	0
43.659277	70afb	2693	5cd6a91b5e18	5cd6a862ef38	5cd6a85fdea0	2693	20b1	79905c99f010	7ffc7e35d060	5cd6a9184d80	9b	224	0	d0	2aed	5cd6a91880e0	8105900b670000
43.673647	70a94	2693	5cd6a91b5ed8	5cd6a862eff8	5cd6a85fdea0	2693	20b9	79905c99f010	7ffc7e35d060	5cd6a9184d80	9b	112	336	0	2aed	0	5cd6a85ff850
43.683515	70a94	2693	5cd6a91b5f50	5cd6a862f070	5cd6a85fdea0	2693	20be	79905c99f010	7ffc7e35d060	5cd6a9184d80	9b	192d	4b87	0	2aed	14	5cd6a8623ad8
43.698265	70a98	2693	5cd6a91b6010	5cd6a862f130	5cd6a85fdea0	2693	20c6	5cd6a8fd1c90	7ffc7e35d060	5cd6a9184d80	9b	177d	4677	5984499493074b5c	2aed	86	5cd6a8621258
43.704963	70a94	2693	5cd6a91b6070	5cd6a862f190	5cd6a85fdea0	2693	20ca	79905c99f010	7ffc7e35d060	5cd6a9184d80	9b	927	1b75	0	2aed	20	5cd6a860ba48
43.717291	70a94	2693	5cd6a91b6118	5cd6a862f238	5cd6a85fdea0	2693	20d1	79905c99f010	7ffc7e35d060	5cd6a9184d80	9b	1de5	59af	0	2aed	64	5cd6a862ac18
43.726790	70a83	2693	5cd6a91b6190	5cd6a862f2b0	5cd6a85fdea0	2693	20d6	79905c99f010	7ffc7e35d060	5cd6a9184d80	9b	1d5b	5811	94	2aed	66	5cd6a8629f28
43.738888	70afb	2693	5cd6a91b6238	5cd6a862f358	5cd6a85fdea0	2693	20dd	79905c99f010	7ffc7e35d060	5cd6a9184d80	9b	828	46	d0	2aed	5cd6a9191140	0
43.753321	70ad4	2693	5cd6a91b62c8	5cd6a862f3e8	5cd6a85fdea0	2693	20e3	79905c99f010	7ffc7e35d060	5cd6a9184d80	9b	1754	0	d0	2aed	5cd6a91a7d60	9b
43.759787	70afb	2693	5cd6a91b6328	5cd6a862f448	5cd6a85fdea0	2693	20e7	79905c99f010	7ffc7e35d060	5cd6a9184d80	9b	aaa	0	d0	2aed	5cd6a9194d70	2d32abf4098e1af8
43.768316	70a83	2693	5cd6a91b63a0	5cd6a862f4c0	5cd6a85fdea0	2693	20ec	79905c99f010	7ffc7e35d060	5cd6a9184d80	9b	1061	3123	94	2aed	1d	5cd6a86167b8
43.775234	70afb	2693	5cd6a91b63e8	5cd6a862f508	5cd6a85fdea0	2693	20ef	79905c99f010	7ffc7e35d060	5cd6a9184d80	9b	1e18	0	d0	2aed	5cd6a91b1fc0	877c41810e911db
43.784806	70a54	2693	5cd6a91b6478	5cd6a862f598	5cd6a85fdea0	2693	20f5	79905c99f010	7ffc7e35d060	5cd6a9184d80	9b	171e	17fb	d0	2aed	1a0	b800000000000000
43.795132	70a98	2693	5cd6a91b6508	5cd6a862f628	5cd6a85fdea0	2693	20fb	5cd6a8fe1500	7ffc7e35d060	5cd6a9184d80	9b	1617	4245	e092abc772802596	2aed	88	5cd6a861f0c8
43.805282	70a06	2693	5cd6a91b6580	5cd6a862f6a0	5cd6a85fdea0	2693	2100	79905c99f010	7ffc7e35d060	5cd6a9184d80	9b	3d	5cd6a8fe2c70	d0	2aed	2b0	0
43.815252	70ac7	2693	5cd6a91b65f8	5cd6a862f718	5cd6a85fdea0	2693	2105	79905c99f010	7ffc7e35d060	5cd6a9184d80	9b	199	7f	d0	2aed	5cd6a91873d8	0
43.826306	70a9d	2693	5cd6a91b6658	5cd6a862f778	5cd6a85fdea0	2693	2109	5cd6a8fe56a0	7ffc7e35d060	5cd6a9184d80	9b	f06	2d12	c9589610901900d5	2aed	5a	5cd6a8614730
43.840102	70a66	2693	5cd6a91b6700	5cd6a862f820	5cd6a85fdea0	2693	2110	79905c99f010	7ffc7e35d060	5cd6a9184d80	9b	195b	4c11	d0	2aed	158	5cd6a8623f28
43.855108	70b03	2693	5cd6a91b67c0	5cd6a862f8e0	5cd6a85fdea0	2693	2118	79905c99f010	7ffc7e35d060	5cd6a9184d80	9b	1758	7e	5cd6a9bd4050	2aed	5cd6a91a7dc0	0
43.862080	70ac7	2693	5cd6a91b6808	5cd6a862f928	5cd6a85fdea0	2693	211b	79905c99f010	7ffc7e35d060	5cd6a9184d80	9b	20c1	3f	d0	2aed	5cd6a91b5f98	1677773b7075246f
43.868273	70a9d	2693	5cd6a91b6850	5cd6a862f970	5cd6a85fdea0	2693	211e	5cd6a8feb910	7ffc7e35d060	5cd6a9184d80	9b	171a	454e	41296215404ca70f	2aed	75	5cd6a8620910
43.876644	70afb	2693	5cd6a91b68c8	5cd6a862f9e8	5cd6a85fdea0	2693	2123	79905c99f010	7ffc7e35d060	5cd6a9184d80	9b	55b	6a	d0	2aed	5cd6a918ce08	0
43.891520	70a06	2693	5cd6a91b6970	5cd6a862fa90	5cd6a85fdea0	2693	212a	79905c99f010	7ffc7e35d060	5cd6a9184d80	9b	30	5cd6a8fef150	d0	2aed	318	0
43.904234	70a8c	2693	5cd6a91b6a18	5cd6a862fb38	5cd6a85fdea0	2693	2131	79905c99f010	7ffc7e35d060	5cd6a9184d80	9b	1272	3756	94	2aed	10	5cd6a8619950
43.913382	70ae6	2693	5cd6a91b6a90	5cd6a862fbb0	5cd6a85fdea0	2693	2136	79905c99f010	7ffc7e35d060	5cd6a9184d80	9b	8ab	22	d0	2aed	5cd6a9191d88	9b
43.920326	70afb	2693	5cd6a91b6ad8	5cd6a862fbf8	5cd6a85fdea0	2693	2139	79905c99f010	7ffc7e35d060	5cd6a9184d80	9b	1513	36	d0	2aed	5cd6a91a4748	876fb212607db438
43.933746	70afb	2693	5cd6a91b6b80	5cd6a862fca0	5cd6a85fdea0	2693	2140	79905c99f010	7ffc7e35d060	5cd6a9184d80	9b	84d	92	d0	2aed	5cd6a91914b8	0
43.939720	70afb	2693	5cd6a91b6bc8	5cd6a862fce8	5cd6a85fdea0	2693	2143	79905c99f010	7ffc7e35d060	5cd6a9184d80	9b	7f3	82	d0	2aed	5cd6a9190c48	0
43.950863	70afb	2693	5cd6a91b6c40	5cd6a862fd60	5cd6a85fdea0	2693	2148	79905c99f010	7ffc7e35d060	5cd6a9184d80	9b	f52	0	d0	2aed	5cd6a919bd30	642b6a9e8a06bb2e
43.957669	70a14	2693	5cd6a91b6c88	5cd6a862fda8	5cd6a85fdea0	2693	214b	79905c99f010	7ffc7e35d060	5cd6a9184d80	9b	53	5cd6a8ff8c00	d0	2aed	200	0
43.968135	70afb	2693	5cd6a91b6d18	5cd6a862fe38	5cd6a85fdea0	2693	2151	79905c99f010	7ffc7e35d060	5cd6a9184d80	9b	147c	e	d0	2aed	5cd6a91a3920	29cce4e8950be2e8
43.979442	70afb	2693	5cd6a91b6da8	5cd6a862fec8	5cd6a85fdea0	2693	2157	79905c99f010	7ffc7e35d060	5cd6a9184d80	9b	11dc	26	d0	2aed	5cd6a919fa20	3dd010b24fb20602
43.993310	70b03	2693	5cd6a91b6e38	5cd6a862ff58	5cd6a85fdea0	2693	215d	79905c99f010	7ffc7e35d060	5cd6a9184d80	9b	1daa	2d	5cd6a9be90b0	2aed	5cd6a91b1570	64061b85f26d24ac
44.001590	70a9d	2693	5cd6a91b6eb0	5cd6a862ffd0	5cd6a85fdea0	2693	2162	5cd6a8fff7d0	7ffc7e35d060	5cd6a9184d80	9b	707	1515	c310c05300c08a0	2aed	2a	5cd6a8608748
44.008810	70afb	2693	5cd6a91b6f28	5cd6a8630048	5cd6a85fdea0	2693	2167	79905c99f010	7ffc7e35d060	5cd6a9184d80	9b	b8e	0	d0	2aed	5cd6a91962d0	89df635625549876
44.020554	70a69	2693	5cd6a91b6fb8	5cd6a86300d8	5cd6a85fdea0	2693	216d	79905c99f010	7ffc7e35d060	5cd6a9184d80	9b	1134	339c	0	2aed	23	5cd6a8617b80
44.030646	70afb	2693	5cd6a91b7030	5cd6a8630150	5cd6a85fdea0	2693	2172	79905c99f010	7ffc7e35d060	5cd6a9184d80	9b	20c0	0	d0	2aed	5cd6a91b5f80	bc5ac561002996b2
44.043997	70afb	2693	5cd6a91b70d8	5cd6a86301f8	5cd6a85fdea0	2693	2179	79905c99f010	7ffc7e35d060	5cd6a9184d80	9b	102b	0	d0	2aed	5cd6a919d188	fbe17e98669f566a
44.049233	70a90	2693	5cd6a91b7120	5cd6a8630240	5cd6a85fdea0	2693	217c	79905c99f010	7ffc7e35d060	5cd6a9184d80	9b	50a	f1e	5cd6a87b1b50	2aed	9	5cd6a8605790
44.055204	70afb	2693	5cd6a91b7150	5cd6a8630270	5cd6a85fdea0	2693	217e	79905c99f010	7ffc7e35d060	5cd6a9184d80	9b	1a98	56	d0	2aed	5cd6a91acbc0	dc1f24458e862eb
44.070160	70afb	2693	5cd6a91b71f8	5cd6a8630318	5cd6a85fdea0	2693	2185	79905c99f010	7ffc7e35d060	5cd6a9184d80	9b	11bf	3a	d0	2aed	5cd6a919f768	17fb30528900de07
44.080056	70afb	2693	5cd6a91b7258	5cd6a8630378	5cd6a85fdea0	2693	2189	79905c99f010	7ffc7e35d060	5cd6a9184d80	9b	2001	2	d0	2aed	5cd6a91b4d98	cc32fd1001429618
44.089607	70a9d	2693	5cd6a91b72b8	5cd6a86303d8	5cd6a85fdea0	2693	218d	5cd6a900c160	7ffc7e35d060	5cd6a9184d80	9b	19bf	4d3d	0	2aed	49	5cd6a8624888
44.099421	70a66	2693	5cd6a91b7330	5cd6a8630450	5cd6a85fdea0	2693	2192	79905c99f010	7ffc7e35d060	5cd6a9184d80	9b	5e1	11a3	d0	2aed	3c8	5cd6a8606bb8
44.109076	70ab0	2693	5cd6a91b73a8	5cd6a86304c8	5cd6a85fdea0	2693	2197	79905c99f010	7ffc7e35d060	5cd6a9184d80	9b	6c3	1449	8812f5044290420	2aed	41	5cd6a86080e8
44.123355	70afb	2693	5cd6a91b7450	5cd6a8630570	5cd6a85fdea0	2693	219e	79905c99f010	7ffc7e35d060	5cd6a9184d80	9b	12a5	a	d0	2aed	5cd6a91a0cf8	a0ac44558148529
44.138376	70b03	2693	5cd6a91b7510	5cd6a8630630	5cd6a85fdea0	2693	21a6	79905c99f010	7ffc7e35d060	5cd6a9184d80	9b	12d1	28	5cd6a9bff490	2aed	5cd6a91a1118	6124ac297fa1c59
44.145211	70afb	2693	5cd6a91b7558	5cd6a8630678	5cd6a85fdea0	2693	21a9	79905c99f010	7ffc7e35d060	5cd6a9184d80	9b	207a	6b	d0	2aed	5cd6a91b58f0	b22da140450f6805
44.151831	70ac7	2693	5cd6a91b75d0	5cd6a86306f0	5cd6a85fdea0	2693	21ae	79905c99f010	7ffc7e35d060	5cd6a9184d80	9b	634	82	d0	2aed	5cd6a918e260	0
44.161634	70a94	2693	5cd6a91b7648	5cd6a8630768	5cd6a85fdea0	2693	21b3	79905c99f010	7ffc7e35d060	5cd6a9184d80	9b	5ae	110a	0	2aed	0	5cd6a86066f0
44.173504	70afb	2693	5cd6a91b76d8	5cd6a86307f8	5cd6a85fdea0	2693	21b9	79905c99f010	7ffc7e35d060	5cd6a9184d80	9b	8ec	46	d0	2aed	5cd6a91923a0	0
44.187909	70afb	2693	5cd6a91b7780	5cd6a86308a0	5cd6a85fdea0	2693	21c0	79905c99f010	7ffc7e35d060	5cd6a9184d80	9b	94f	3a	d0	2aed	5cd6a9192ce8	0
44.194692	70a94	2693	5cd6a91b77b0	5cd6a86308d0	5cd6a85fdea0	2693	21c2	79905c99f010	7ffc7e35d060	5cd6a9184d80	9b	2013	6039	0	2aed	18	5cd6a862e068
44.208188	70a69	2693	5cd6a91b7858	5cd6a8630978	5cd6a85fdea0	2693	21c9	79905c99f010	7ffc7e35d060	5cd6a9184d80	9b	ae8	20b8	e194d10051020410	2aed	70	5cd6a860e460
44.214910	70a14	2693	5cd6a91b78a0	5cd6a86309c0	5cd6a85fdea0	2693	21cc	79905c99f010	7ffc7e35d060	5cd6a9184d80	9b	81	5cd6a901e8b0	d0	2aed	90	0
44.221740	70ad4	2693	5cd6a91b7900	5cd6a8630a20	5cd6a85fdea0	2693	21d0	79905c99f010	7ffc7e35d060	5cd6a9184d80	9b	1ebb	0	d0	2aed	5cd6a91b2f08	9b
44.229201	70afb	2693	5cd6a91b7960	5cd6a8630a80	5cd6a85fdea0	2693	21d4	79905c99f010	7ffc7e35d060	5cd6a9184d80	9b	ffa	1e	d0	2aed	5cd6a919ccf0	28a25043c3d48374
44.240108	70a94	2693	5cd6a91b79d8	5cd6a8630af8	5cd6a85fdea0	2693	21d9	79905c99f010	7ffc7e35d060	5cd6a9184d80	9b	1e97	5bc5	0	2aed	0	5cd6a862bcc8
44.246550	70a83	2693	5cd6a91b7a38	5cd6a8630b58	5cd6a85fdea0	2693	21dd	79905c99f010	7ffc7e35d060	5cd6a9184d80	9b	977	1c65	94	2aed	4a	5cd6a860c1c8
44.259557	70afb	2693	5cd6a91b7ac8	5cd6a8630be8	5cd6a85fdea0	2693	21e3	79905c99f010	7ffc7e35d060	5cd6a9184d80	9b	1df0	56	d0	2aed	5cd6a91b1c00	c110612a09c7165c
44.267111	70afb	2693	5cd6a91b7b28	5cd6a8630c48	5cd6a85fdea0	2693	21e7	79905c99f010	7ffc7e35d060	5cd6a9184d80	9b	10aa	6	d0	2aed	5cd6a919dd70	1224009808a86237
44.280015	70afb	2693	5cd6a91b7bb8	5cd6a8630cd8	5cd6a85fdea0	2693	21ed	79905c99f010	7ffc7e35d060	5cd6a9184d80	9b	1b29	63	d0	2aed	5cd6a91ad958	3b071896c6f4347
44.287953	70a69	2693	5cd6a91b7c18	5cd6a8630d38	5cd6a85fdea0	2693	21f1	79905c99f010	7ffc7e35d060	5cd6a9184d80	9b	1154	33fc	0	2aed	3a	5cd6a8617e80
44.301487	70b03	2693	5cd6a91b7ca8	5cd6a8630dc8	5cd6a85fdea0	2693	21f7	79905c99f010	7ffc7e35d060	5cd6a9184d80	9b	16bf	7	5cd6a9c17f70	2aed	5cd6a91a6f68	cab0dc4423e7dab4
44.310919	70afb	2693	5cd6a91b7d08	5cd6a8630e28	5cd6a85fdea0	2693	21fb	79905c99f010	7ffc7e35d060	5cd6a9184d80	9b	1397	2	d0	2aed	5cd6a91a23a8	5209703120bd5a62
44.321976	70afb	2693	5cd6a91b7d80	5cd6a8630ea0	5cd6a85fdea0	2693	2200	79905c99f010	7ffc7e35d060	5cd6a9184d80	9b	d15	2a	d0	2aed	5cd6a9198778	14842a2d87b1d329
44.329199	70a9d	2693	5cd6a91b7dc8	5cd6a8630ee8	5cd6a85fdea0	2693	2203	5cd6a902ea80	7ffc7e35d060	5cd6a9184d80	9b	1a0f	4e2d	0	2aed	36	5cd6a8625008
44.334948	70a94	2693	5cd6a91b7e10	5cd6a8630f30	5cd6a85fdea0	2693	2206	79905c99f010	7ffc7e35d060	5cd6a9184d80	9b	967	1c35	0	2aed	18	5cd6a860c048
44.348941	70b03	2693	5cd6a91b7ea0	5cd6a8630fc0	5cd6a85fdea0	2693	220c	79905c99f010	7ffc7e35d060	5cd6a9184d80	9b	215e	52	5cd6a9c1e5d0	2aed	5cd6a91b6e50	3e20e3d5a87cf493
44.355353	70a83	2693	5cd6a91b7f00	5cd6a8631020	5cd6a85fdea0	2693	2210	79905c99f010	7ffc7e35d060	5cd6a9184d80	9b	6ff	14fd	94	2aed	92	5cd6a8608688
44.362852	70a94	2693	5cd6a91b7f48	5cd6a8631068	5cd6a85fdea0	2693	2213	79905c99f010	7ffc7e35d060	5cd6a9184d80	9b	1f5c	5e14	7855b347c80294a9	2aed	8a	5cd6a862cf40
44.372214	70a94	2693	5cd6a91b7fc0	5cd6a86310e0	5cd6a85fdea0	2693	2218	79905c99f010	7ffc7e35d060	5cd6a9184d80	9b	198e	4caa	0	2aed	e	5cd6a86243f0
44.385235	70a94	2693	5cd6a91b8050	5cd6a8631170	5cd6a85fdea0	2693	221e	79905c99f010	7ffc7e35d060	5cd6a9184d80	9b	1e83	5b89	0	2aed	8	5cd6a862bae8
44.397009	70a69	2693	5cd6a91b80e0	5cd6a8631200	5cd6a85fdea0	2693	2224	79905c99f010	7ffc7e35d060	5cd6a9184d80	9b	1d17	5745	ca70c49d27c4856e	2aed	8a	5cd6a86298c8
44.411701	70a9d	2693	5cd6a91b8188	5cd6a86312a8	5cd6a85fdea0	2693	222b	5cd6a903a600	7ffc7e35d060	5cd6a9184d80	9b	13b5	3b1f	3d4fec836230b729	2aed	62	5cd6a861b798
44.419959	70ae6	2693	5cd6a91b8200	5cd6a8631320	5cd6a85fdea0	2693	2230	79905c99f010	7ffc7e35d060	5cd6a9184d80	9b	3ad	76	d0	2aed	5cd6a918a5b8	9b
44.425918	70a14	2693	5cd6a91b8230	5cd6a8631350	5cd6a85fdea0	2693	2232	79905c99f010	7ffc7e35d060	5cd6a9184d80	9b	2b	5cd6a903c6d0	d0	2aed	340	0
44.437514	70b03	2693	5cd6a91b82d8	5cd6a86313f8	5cd6a85fdea0	2693	2239	79905c99f010	7ffc7e35d060	5cd6a9184d80	9b	b5b	d	5cd6a9c2c130	2aed	5cd6a9195e08	919493413cc03d08
44.451515	70a9d	2693	5cd6a91b8368	5cd6a8631488	5cd6a85fdea0	2693	223f	5cd6a90403c0	7ffc7e35d060	5cd6a9184d80	9b	2134	639c	0	2aed	4	5cd6a862fb80
44.460368	70afb	2693	5cd6a91b83e0	5cd6a8631500	5cd6a85fdea0	2693	2244	79905c99f010	7ffc7e35d060	5cd6a9184d80	9b	910	0	d0	2aed	5cd6a9192700	4bd61016644223f4
44.469416	70a9d	2693	5cd6a91b8440	5cd6a8631560	5cd6a85fdea0	2693	2248	5cd6a9042df0	7ffc7e35d060	5cd6a9184d80	9b	191e	4b5a	0	2aed	4	5cd6a8623970
44.480993	70afb	2693	5cd6a91b84d0	5cd6a86315f0	5cd6a85fdea0	2693	224e	79905c99f010	7ffc7e35d060	5cd6a9184d80	9b	1bb8	0	d0	2aed	5cd6a91ae6c0	7c64a1043c82d09a
44.489751	70a98	2693	5cd6a91b8548	5cd6a8631668	5cd6a85fdea0	2693	2253	5cd6a9046180	7ffc7e35d060	5cd6a9184d80	9b	b0a	211e	0	2aed	21	5cd6a860e790
44.503570	70ac7	2693	5cd6a91b85d8	5cd6a86316f8	5cd6a85fdea0	2693	2259	79905c99f010	7ffc7e35d060	5cd6a9184d80	9b	127f	4	d0	2aed	5cd6a91a0968	c73b062258cf025b
44.512434	70a94	2693	5cd6a91b8650	5cd6a8631770	5cd6a85fdea0	2693	225e	79905c99f010	7ffc7e35d060	5cd6a9184d80	9b	c1	243	0	2aed	0	5cd6a85ff0b8
44.519135	70a94	2693	5cd6a91b8698	5cd6a86317b8	5cd6a85fdea0	2693	2261	79905c99f010	7ffc7e35d060	5cd6a9184d80	9b	696	13c2	44b820061c183081	2aed	8e	5cd6a8607cb0
44.533709	70a94	2693	5cd6a91b8740	5cd6a8631860	5cd6a85fdea0	2693	2268	79905c99f010	7ffc7e35d060	5cd6a9184d80	9b	9c3	1d49	4183408480190006	2aed	90	5cd6a860c8e8
44.538942	70b03	2693	5cd6a91b8770	5cd6a8631890	5cd6a85fdea0	2693	226a	79905c99f010	7ffc7e35d060	5cd6a9184d80	9b	1f93	4e	5cd6a9c3b010	2aed	5cd6a91b4348	4aef153397499355
44.544563	70afb	2693	5cd6a91b87b8	5cd6a86318d8	5cd6a85fdea0	2693	226d	79905c99f010	7ffc7e35d060	5cd6a9184d80	9b	1daa	59	d0	2aed	5cd6a91b1570	9e8d72848afac451
44.553554	70a94	2693	5cd6a91b8830	5cd6a8631950	5cd6a85fdea0	2693	2272	79905c99f010	7ffc7e35d060	5cd6a9184d80	9b	fe	2fa	4	2aed	3e	5cd6a85ff670
44.558899	70a94	2693	5cd6a91b8860	5cd6a8631980	5cd6a85fdea0	2693	2274	79905c99f010	7ffc7e35d060	5cd6a9184d80	9b	1a9a	4fce	0	2aed	56	5cd6a8625d10
44.573808	70a98	2693	5cd6a91b8920	5cd6a8631a40	5cd6a85fdea0	2693	227c	5cd6a90521b0	7ffc7e35d060	5cd6a9184d80	9b	163b	42b1	0	2aed	15	5cd6a861f428
44.585669	70b03	2693	5cd6a91b89b0	5cd6a8631ad0	5cd6a85fdea0	2693	2282	79905c99f010	7ffc7e35d060	5cd6a9184d80	9b	1653	52	5cd6a9c42510	2aed	5cd6a91a6548	e425992605c1421
44.598652	70a06	2693	5cd6a91b8a58	5cd6a8631b78	5cd6a85fdea0	2693	2289	79905c99f010	7ffc7e35d060	5cd6a9184d80	9b	5	5cd6a9055ea0	d0	2aed	470	0
44.613280	70a94	2693	5cd6a91b8b18	5cd6a8631c38	5cd6a85fdea0	2693	2291	79905c99f010	7ffc7e35d060	5cd6a9184d80	9b	116	342	400000141100001	2aed	16	5cd6a85ff8b0
44.627553	70afb	2693	5cd6a91b8ba8	5cd6a8631cc8	5cd6a85fdea0	2693	2297	79905c99f010	7ffc7e35d060	5cd6a9184d80	9b	19dd	32	d0	2aed	5cd6a91aba38	d70cc0a06622a210
44.642339	70a83	2693	5cd6a91b8c68	5cd6a8631d88	5cd6a85fdea0	2693	229f	79905c99f010	7ffc7e35d060	5cd6a9184d80	9b	c21	2463	94	2aed	11	5cd6a86101b8
44.655500	70b03	2693	5cd6a91b8cf8	5cd6a8631e18	5cd6a85fdea0	2693	22a5	79905c99f010	7ffc7e35d060	5cd6a9184d80	9b	1c5b	2f	5cd6a9c4cfb0	2aed	5cd6a91af608	60be06362916309c
44.665483	70a90	2693	5cd6a91b8d88	5cd6a8631ea8	5cd6a85fdea0	2693	22ab	79905c99f010	7ffc7e35d060	5cd6a9184d80	9b	d1f	275d	5cd6a8a0fdc0	2aed	13	5cd6a8611988
44.680454	70a94	2693	5cd6a91b8e00	5cd6a8631f20	5cd6a85fdea0	2693	22b0	79905c99f010	7ffc7e35d060	5cd6a9184d80	9b	1f97	5ec5	0	2aed	0	5cd6a862d4c8
44.688115	70afb	2693	5cd6a91b8e78	5cd6a8631f98	5cd6a85fdea0	2693	22b5	79905c99f010	7ffc7e35d060	5cd6a9184d80	9b	32a	2e	d0	2aed	5cd6a9189970	0
44.696054	70afb	2693	5cd6a91b8ec0	5cd6a8631fe0	5cd6a85fdea0	2693	22b8	79905c99f010	7ffc7e35d060	5cd6a9184d80	9b	1d5d	5a	d0	2aed	5cd6a91b0e38	866e6f0016603f46
44.706744	70afb	2693	5cd6a91b8f38	5cd6a8632058	5cd6a85fdea0	2693	22bd	79905c99f010	7ffc7e35d060	5cd6a9184d80	9b	1eb6	2e	d0	2aed	5cd6a91b2e90	1468aa34d2296942
44.713719	70a94	2693	5cd6a91b8f98	5cd6a86320b8	5cd6a85fdea0	2693	22c1	79905c99f010	7ffc7e35d060	5cd6a9184d80	9b	65e	131a	0	2aed	0	5cd6a8607770
44.721271	70b03	2693	5cd6a91b8fe0	5cd6a8632100	5cd6a85fdea0	2693	22c4	79905c99f010	7ffc7e35d060	5cd6a9184d80	9b	14c2	89	5cd6a9c566d0	2aed	5cd6a91a3fb0	0
44.731908	70a9d	2693	5cd6a91b9058	5cd6a8632178	5cd6a85fdea0	2693	22c9	5cd6a9068aa0	7ffc7e35d060	5cd6a9184d80	9b	1e7b	5b71	0	2aed	4e	5cd6a862ba28
44.745528	70afb	2693	5cd6a91b9100	5cd6a8632220	5cd6a85fdea0	2693	22d0	79905c99f010	7ffc7e35d060	5cd6a9184d80	9b	19a6	e	d0	2aed	5cd6a91ab510	a22f6c5bd4029203
44.757422	70ad4	2693	5cd6a91b9190	5cd6a86322b0	5cd6a85fdea0	2693	22d6	79905c99f010	7ffc7e35d060	5cd6a9184d80	9b	41a	0	d0	2aed	5cd6a918aff0	9b
44.766241	70afb	2693	5cd6a91b91f0	5cd6a8632310	5cd6a85fdea0	2693	22da	79905c99f010	7ffc7e35d060	5cd6a9184d80	9b	1a9	2a	d0	2aed	5cd6a9187558	0
44.774479	70afb	2693	5cd6a91b9238	5cd6a8632358	5cd6a85fdea0	2693	22dd	79905c99f010	7ffc7e35d060	5cd6a9184d80	9b	20ed	22	d0	2aed	5cd6a91b63b8	fe581d5590083d81
44.780828	70afb	2693	5cd6a91b9298	5cd6a86323b8	5cd6a85fdea0	2693	22e1	79905c99f010	7ffc7e35d060	5cd6a9184d80	9b	23b	0	d0	2aed	5cd6a9188308	8841c0b270800
44.794121	70b03	2693	5cd6a91b9328	5cd6a8632448	5cd6a85fdea0	2693	22e7	79905c99f010	7ffc7e35d060	5cd6a9184d80	9b	14d3	5f	5cd6a9c61170	2aed	5cd6a91a4148	0
44.803626	70a94	2693	5cd6a91b93a0	5cd6a86324c0	5cd6a85fdea0	2693	22ec	79905c99f010	7ffc7e35d060	5cd6a9184d80	9b	172c	4584	0	2aed	22	5cd6a8620ac0
44.809124	70a69	2693	5cd6a91b93e8	5cd6a8632508	5cd6a85fdea0	2693	22ef	79905c99f010	7ffc7e35d060	5cd6a9184d80	9b	4a0	de0	208e41c02341600	2aed	35	5cd6a8604da0
44.817841	70afb	2693	5cd6a91b9418	5cd6a8632538	5cd6a85fdea0	2693	22f1	79905c99f010	7ffc7e35d060	5cd6a9184d80	9b	20ec	86	d0	2aed	5cd6a91b63a0	0
44.828404	70ac7	2693	5cd6a91b9490	5cd6a86325b0	5cd6a85fdea0	2693	22f6	79905c99f010	7ffc7e35d060	5cd6a9184d80	9b	2158	1c	d0	2aed	5cd6a91b6dc0	94690c03a29ea94e
44.838679	70afb	2693	5cd6a91b9508	5cd6a8632628	5cd6a85fdea0	2693	22fb	79905c99f010	7ffc7e35d060	5cd6a9184d80	9b	1aa0	76	d0	2aed	5cd6a91acc80	0
44.845502	70afb	2693	5cd6a91b9550	5cd6a8632670	5cd6a85fdea0	2693	22fe	79905c99f010	7ffc7e35d060	5cd6a9184d80	9b	1c58	44	d0	2aed	5cd6a91af5c0	c181888120440078
44.851727	70a94	2693	5cd6a91b9598	5cd6a86326b8	5cd6a85fdea0	2693	2301	79905c99f010	7ffc7e35d060	5cd6a9184d80	9b	1739	45ab	0	2aed	0	5cd6a8620bf8
44.857981	70ae6	2693	5cd6a91b95e0	5cd6a8632700	5cd6a85fdea0	2693	2304	79905c99f010	7ffc7e35d060	5cd6a9184d80	9b	1045	7b	d0	2aed	5cd6a919d3f8	9b
44.872973	70afb	2693	5cd6a91b9670	5cd6a8632790	5cd6a85fdea0	2693	230a	79905c99f010	7ffc7e35d060	5cd6a9184d80	9b	f0d	2	d0	2aed	5cd6a919b6b8	64980295201f45c1
44.881883	70a94	2693	5cd6a91b96d0	5cd6a86327f0	5cd6a85fdea0	2693	230e	79905c99f010	7ffc7e35d060	5cd6a9184d80	9b	13cb	3b61	0	2aed	0	5cd6a861b9a8
44.888490	70aa0	2693	5cd6a91b9718	5cd6a8632838	5cd6a85fdea0	2693	2311	5cd6a907dc20	7ffc7e35d060	5cd6a9184d80	9b	672	1356	a28a10a01a10005	2aed	34	5cd6a8607950
44.898382	70a9d	2693	5cd6a91b9778	5cd6a8632898	5cd6a85fdea0	2693	2315	5cd6a907eee0	7ffc7e35d060	5cd6a9184d80	9b	20a2	61e6	0	2aed	1d	5cd6a862edd0
44.910385	70a69	2693	5cd6a91b9820	5cd6a8632940	5cd6a85fdea0	2693	231c	79905c99f010	7ffc7e35d060	5cd6a9184d80	9b	ff5	2fdf	ca0bbe0094281088	2aed	5b	5cd6a8615d98
44.916778	70add	2693	5cd6a91b9880	5cd6a86329a0	5cd6a85fdea0	2693	2320	79905c99f010	7ffc7e35d060	5cd6a9184d80	9b	5d7	0	d0	2aed	5cd6a918d9a8	9b
44.930512	70a94	2693	5cd6a91b9910	5cd6a8632a30	5cd6a85fdea0	2693	2326	79905c99f010	7ffc7e35d060	5cd6a9184d80	9b	162b	4281	0	2aed	0	5cd6a861f2a8
44.938340	70a9d	2693	5cd6a91b9970	5cd6a8632a90	5cd6a85fdea0	2693	232a	5cd6a9085150	7ffc7e35d060	5cd6a9184d80	9b	1a0	4e0	20000400	2aed	42	5cd6a86005a0
44.949968	70a94	2693	5cd6a91b99e8	5cd6a8632b08	5cd6a85fdea0	2693	232f	79905c99f010	7ffc7e35d060	5cd6a9184d80	9b	198c	4ca4	d9f02510ca974038	2aed	6a	5cd6a86243c0
44.959186	70afb	2693	5cd6a91b9a60	5cd6a8632b80	5cd6a85fdea0	2693	2334	79905c99f010	7ffc7e35d060	5cd6a9184d80	9b	6da	46	d0	2aed	5cd6a918f1f0	0
44.965176	70ae6	2693	5cd6a91b9aa8	5cd6a8632bc8	5cd6a85fdea0	2693	2337	79905c99f010	7ffc7e35d060	5cd6a9184d80	9b	680	5d	d0	2aed	5cd6a918e980	9b
44.971372	70af7	2693	5cd6a91b9af0	5cd6a8632c10	5cd6a85fdea0	2693	233a	79905c99f010	7ffc7e35d060	5cd6a9184d80	9b	9db	81	d0	2aed	5cd6a9193a08	5cd6a94bf6f0
44.983438	70b03	2693	5cd6a91b9b80	5cd6a8632ca0	5cd6a85fdea0	2693	2340	79905c99f010	7ffc7e35d060	5cd6a9184d80	9b	1651	f	5cd6a9c7c350	2aed	5cd6a91a6518	95306300150b483
44.989006	70a20	2693	5cd6a91b9bc8	5cd6a8632ce8	5cd6a85fdea0	2693	2343	79905c99f010	7ffc7e35d060	5cd6a9184d80	9b	64	5cd6a908c680	d0	2aed	178	cc430ae46a2b2800
45.001644	70a8c	2693	5cd6a91b9c58	5cd6a8632d78	5cd6a85fdea0	2693	2349	79905c99f010	7ffc7e35d060	5cd6a9184d80	9b	21ec	65c4	94	2aed	18	5cd6a8630cc0
45.009822	70b03	2693	5cd6a91b9cd0	5cd6a8632df0	5cd6a85fdea0	2693	234e	79905c99f010	7ffc7e35d060	5cd6a9184d80	9b	119	68	5cd6a9c80790	2aed	5cd6a91867d8	0
45.019435	70a14	2693	5cd6a91b9d18	5cd6a8632e38	5cd6a85fdea0	2693	2351	79905c99f010	7ffc7e35d060	5cd6a9184d80	9b	2a	5cd6a9090820	d0	2aed	348	0
45.034079	70afb	2693	5cd6a91b9dc0	5cd6a8632ee0	5cd6a85fdea0	2693	2358	79905c99f010	7ffc7e35d060	5cd6a9184d80	9b	11cd	32	d0	2aed	5cd6a919f8b8	178e09cf16c39059
45.048461	70a06	2693	5cd6a91b9e68	5cd6a8632f88	5cd6a85fdea0	2693	235f	79905c99f010	7ffc7e35d060	5cd6a9184d80	9b	16	5cd6a90949c0	d0	2aed	3e8	0
45.057980	70afb	2693	5cd6a91b9ee0	5cd6a8633000	5cd6a85fdea0	2693	2364	79905c99f010	7ffc7e35d060	5cd6a9184d80	9b	31b	8a	d0	2aed	5cd6a9189808	0
45.069082	70afb	2693	5cd6a91b9f40	5cd6a8633060	5cd6a85fdea0	2693	2368	79905c99f010	7ffc7e35d060	5cd6a9184d80	9b	1a1d	0	d0	2aed	5cd6a91ac038	ac21e403700250a4
45.079090	70afb	2693	5cd6a91b9fa0	5cd6a86330c0	5cd6a85fdea0	2693	236c	79905c99f010	7ffc7e35d060	5cd6a9184d80	9b	16c6	92	d0	2aed	5cd6a91a7010	0
45.086071	70a9d	2693	5cd6a91b9fe8	5cd6a8633108	5cd6a85fdea0	2693	236f	5cd6a90994c0	7ffc7e35d060	5cd6a9184d80	9b	15c8	4158	540d00872d155aa6	2aed	7a	5cd6a861e960
45.091739	70afb	2693	5cd6a91ba018	5cd6a8633138	5cd6a85fdea0	2693	2371	79905c99f010	7ffc7e35d060	5cd6a9184d80	9b	1ea3	0	d0	2aed	5cd6a91b2cc8	f7aeb70e02020877
45.102399	70afb	2693	5cd6a91ba090	5cd6a86331b0	5cd6a85fdea0	2693	2376	79905c99f010	7ffc7e35d060	5cd6a9184d80	9b	1153	0	d0	2aed	5cd6a919ed48	25cc2281f8642a24
45.115354	70a9d	2693	5cd6a91ba120	5cd6a8633240	5cd6a85fdea0	2693	237c	5cd6a909d1b0	7ffc7e35d060	5cd6a9184d80	9b	22	66	100800400100	2aed	5	5cd6a85fe1d0
45.128864	70ac7	2693	5cd6a91ba198	5cd6a86332b8	5cd6a85fdea0	2693	2381	79905c99f010	7ffc7e35d060	5cd6a9184d80	9b	1b89	61	d0	2aed	5cd6a91ae258	c4921fcc46a445f1
45.141204	70a9d	2693	5cd6a91ba228	5cd6a8633348	5cd6a85fdea0	2693	2387	5cd6a90a0540	7ffc7e35d060	5cd6a9184d80	9b	ea6	2bf2	0	2aed	7	5cd6a8613e30
45.146778	70afb	2693	5cd6a91ba258	5cd6a8633378	5cd6a85fdea0	2693	2389	79905c99f010	7ffc7e35d060	5cd6a9184d80	9b	1ec6	0	d0	2aed	5cd6a91b3010	16cef017f4022f82
45.154055	70a8c	2693	5cd6a91ba2a0	5cd6a86333c0	5cd6a85fdea0	2693	238c	79905c99f010	7ffc7e35d060	5cd6a9184d80	9b	21d6	6582	94	2aed	50	5cd6a8630ab0
45.160670	70a20	2693	5cd6a91ba2e8	5cd6a8633408	5cd6a85fdea0	2693	238f	79905c99f010	7ffc7e35d060	5cd6a9184d80	9b	77	5cd6a90a2ac0	d0	2aed	e0	2c30025000000000
45.168020	70afb	2693	5cd6a91ba330	5cd6a8633450	5cd6a85fdea0	2693	2392	79905c99f010	7ffc7e35d060	5cd6a9184d80	9b	1f2b	62	d0	2aed	5cd6a91b3988	5dba0131501e28b
45.177913	70a94	2693	5cd6a91ba390	5cd6a86334b0	5cd6a85fdea0	2693	2396	79905c99f010	7ffc7e35d060	5cd6a9184d80	9b	1b29	517b	0	2aed	6c	5cd6a8626a78
45.187001	70ad4	2693	5cd6a91ba3f0	5cd6a8633510	5cd6a85fdea0	2693	239a	79905c99f010	7ffc7e35d060	5cd6a9184d80	9b	111a	0	d0	2aed	5cd6a919e7f0	9b
45.193010	70b03	2693	5cd6a91ba438	5cd6a8633558	5cd6a85fdea0	2693	239d	79905c99f010	7ffc7e35d060	5cd6a9184d80	9b	126	5	5cd6a9c988b0	2aed	5cd6a9186910	0
45.200312	70a98	2693	5cd6a91ba480	5cd6a86335a0	5cd6a85fdea0	2693	23a0	5cd6a90a7a70	7ffc7e35d060	5cd6a9184d80	9b	fe	2fa	40000000000000	2aed	75	5cd6a85ff670
45.208146	70ae6	2693	5cd6a91ba4c8	5cd6a86335e8	5cd6a85fdea0	2693	23a3	79905c99f010	7ffc7e35d060	5cd6a9184d80	9b	fac	15	d0	2aed	5cd6a919c5a0	9b
45.222675	70afb	2693	5cd6a91ba558	5cd6a8633678	5cd6a85fdea0	2693	23a9	79905c99f010	7ffc7e35d060	5cd6a9184d80	9b	819	1a	d0	2aed	5cd6a9190fd8	24651823d1091805
45.232251	70a94	2693	5cd6a91ba5a0	5cd6a86336c0	5cd6a85fdea0	2693	23ac	79905c99f010	7ffc7e35d060	5cd6a9184d80	9b	2380	6a80	0	2aed	5a	5cd6a86332a0
45.241190	70a9d	2693	5cd6a91ba600	5cd6a8633720	5cd6a85fdea0	2693	23b0	5cd6a90ac570	7ffc7e35d060	5cd6a9184d80	9b	1409	3c1b	dd92a35c16d2c45f	2aed	76	5cd6a861bf78
45.254102	70a14	2693	5cd6a91ba678	5cd6a8633798	5cd6a85fdea0	2693	23b5	79905c99f010	7ffc7e35d060	5cd6a9184d80	9b	ffffffffffffffff	5cd6a90adce0	d0	2aed	4a0	0
45.269272	70ae6	2693	5cd6a91ba720	5cd6a8633840	5cd6a85fdea0	2693	23bc	79905c99f010	7ffc7e35d060	5cd6a9184d80	9b	12b6	55	d0	2aed	5cd6a91a0e90	9b
45.279780	70afb	2693	5cd6a91ba798	5cd6a86338b8	5cd6a85fdea0	2693	23c1	79905c99f010	7ffc7e35d060	5cd6a9184d80	9b	395	4a	d0	2aed	5cd6a918a378	0
45.291795	70ae6	2693	5cd6a91ba7f8	5cd6a8633918	5cd6a85fdea0	2693	23c5	79905c99f010	7ffc7e35d060	5cd6a9184d80	9b	203c	96	d0	2aed	5cd6a91b5320	9b
45.299295	70a94	2693	5cd6a91ba840	5cd6a8633960	5cd6a85fdea0	2693	23c8	79905c99f010	7ffc7e35d060	5cd6a9184d80	9b	22f0	68d0	0	2aed	7a	5cd6a8632520
45.306195	70a94	2693	5cd6a91ba8a0	5cd6a86339c0	5cd6a85fdea0	2693	23cc	79905c99f010	7ffc7e35d060	5cd6a9184d80	9b	b60	2220	0	2aed	0	5cd6a860efa0
45.318087	70a06	2693	5cd6a91ba918	5cd6a8633a38	5cd6a85fdea0	2693	23d1	79905c99f010	7ffc7e35d060	5cd6a9184d80	9b	4d	5cd6a90b6020	d0	2aed	230	0
45.326147	70a94	2693	5cd6a91ba978	5cd6a8633a98	5cd6a85fdea0	2693	23d5	79905c99f010	7ffc7e35d060	5cd6a9184d80	9b	e9b	2bd1	0	2aed	18	5cd6a8613d28
45.336800	70ac7	2693	5cd6a91ba9f0	5cd6a8633b10	5cd6a85fdea0	2693	23da	79905c99f010	7ffc7e35d060	5cd6a9184d80	9b	b19	61	d0	2aed	5cd6a91957d8	0
45.346470	70a9d	2693	5cd6a91baa50	5cd6a8633b70	5cd6a85fdea0	2693	23de	5cd6a90b9d10	7ffc7e35d060	5cd6a9184d80	9b	194b	4be1	0	2aed	44	5cd6a8623da8
45.357248	70a69	2693	5cd6a91baae0	5cd6a8633c00	5cd6a85fdea0	2693	23e4	79905c99f010	7ffc7e35d060	5cd6a9184d80	9b	2b6	822	1000810100000020	2aed	93	5cd6a8601fb0
45.371452	70afb	2693	5cd6a91bab70	5cd6a8633c90	5cd6a85fdea0	2693	23ea	79905c99f010	7ffc7e35d060	5cd6a9184d80	9b	1dd9	20	d0	2aed	5cd6a91b19d8	2a3ac209aa74950
45.376925	70ac7	2693	5cd6a91baba0	5cd6a8633cc0	5cd6a85fdea0	2693	23ec	79905c99f010	7ffc7e35d060	5cd6a9184d80	9b	21ce	e	d0	2aed	5cd6a91b78d0	5beb4b2a68a17d2b
45.389507	70a9d	2693	5cd6a91bac30	5cd6a8633d50	5cd6a85fdea0	2693	23f2	5cd6a90bfad0	7ffc7e35d060	5cd6a9184d80	9b	228b	67a1	0	2aed	85	5cd6a8631ba8
45.401775	70a76	2693	5cd6a91bacc0	5cd6a8633de0	5cd6a85fdea0	2693	23f8	79905c99f010	7ffc7e35d060	5cd6a9184d80	9b	1474	3d5c	94	2aed	0	5cd6a861c980
45.412760	70a83	2693	5cd6a91bad38	5cd6a8633e58	5cd6a85fdea0	2693	23fd	79905c99f010	7ffc7e35d060	5cd6a9184d80	9b	1bea	53be	94	2aed	23	5cd6a8627c90
45.420451	70afb	2693	5cd6a91bad98	5cd6a8633eb8	5cd6a85fdea0	2693	2401	79905c99f010	7ffc7e35d060	5cd6a9184d80	9b	d4f	3a	d0	2aed	5cd6a9198ce8	0
45.425961	70ac7	2693	5cd6a91badc8	5cd6a8633ee8	5cd6a85fdea0	2693	2403	79905c99f010	7ffc7e35d060	5cd6a9184d80	9b	22ea	14	d0	2aed	5cd6a91b9370	b58de4f16c452351
45.433497	70a90	2693	5cd6a91bae28	5cd6a8633f48	5cd6a85fdea0	2693	2407	79905c99f010	7ffc7e35d060	5cd6a9184d80	9b	1548	3fd8	5cd6a8c73df0	2aed	0	5cd6a861dd60
45.448213	70b03	2693	5cd6a91baea0	5cd6a8633fc0	5cd6a85fdea0	2693	240c	79905c99f010	7ffc7e35d060	5cd6a9184d80	9b	dee	67	5cd6a9cba5d0	2aed	5cd6a9199bd0	0
45.459820	70ae6	2693	5cd6a91baf30	5cd6a8634050	5cd6a85fdea0	2693	2412	79905c99f010	7ffc7e35d060	5cd6a9184d80	9b	93	2e	d0	2aed	5cd6a9185b48	9b
45.474522	70a83	2693	5cd6a91bafc0	5cd6a86340e0	5cd6a85fdea0	2693	2418	79905c99f010	7ffc7e35d060	5cd6a9184d80	9b	2365	6a2f	94	2aed	38	5cd6a8633018
45.487973	70a94	2693	5cd6a91bb068	5cd6a8634188	5cd6a85fdea0	2693	241f	79905c99f010	7ffc7e35d060	5cd6a9184d80	9b	426	c72	810200562204	2aed	4e	5cd6a8604230
45.493843	70a83	2693	5cd6a91bb098	5cd6a86341b8	5cd6a85fdea0	2693	2421	79905c99f010	7ffc7e35d060	5cd6a9184d80	9b	22a4	67ec	94	2aed	8b	5cd6a8631e00
45.501299	70a76	2693	5cd6a91bb0f8	5cd6a8634218	5cd6a85fdea0	2693	2425	79905c99f010	7ffc7e35d060	5cd6a9184d80	9b	12a8	37f8	94	2aed	0	5cd6a8619e60
45.511548	70afb	2693	5cd6a91bb170	5cd6a8634290	5cd6a85fdea0	2693	242a	79905c99f010	7ffc7e35d060	5cd6a9184d80	9b	f2f	0	d0	2aed	5cd6a919b9e8	2b444c347886ca48
45.520548	70a94	2693	5cd6a91bb1d0	5cd6a86342f0	5cd6a85fdea0	2693	242e	79905c99f010	7ffc7e35d060	5cd6a9184d80	9b	157b	4071	d23e082a240ae7a9	2aed	70	5cd6a861e228
45.535703	70afb	2693	5cd6a91bb278	5cd6a8634398	5cd6a85fdea0	2693	2435	79905c99f010	7ffc7e35d060	5cd6a9184d80	9b	150e	e	d0	2aed	5cd6a91a46d0	3c82d6560d4530ed
45.548346	70b03	2693	5cd6a91bb2f0	5cd6a8634410	5cd6a85fdea0	2693	243a	79905c99f010	7ffc7e35d060	5cd6a9184d80	9b	1ca0	89	5cd6a9cc8610	2aed	5cd6a91afc80	0
45.560550	70a94	2693	5cd6a91bb368	5cd6a8634488	5cd6a85fdea0	2693	243f	79905c99f010	7ffc7e35d060	5cd6a9184d80	9b	20a4	61ec	0	2aed	6a	5cd6a862ee00
45.572870	70a94	2693	5cd6a91bb3f8	5cd6a8634518	5cd6a85fdea0	2693	2445	79905c99f010	7ffc7e35d060	5cd6a9184d80	9b	1cdf	569d	5dd31dcaabeac389	2aed	81	5cd6a8629388
45.580837	70b03	2693	5cd6a91bb458	5cd6a8634578	5cd6a85fdea0	2693	2449	79905c99f010	7ffc7e35d060	5cd6a9184d80	9b	10f8	54	5cd6a9cccf30	2aed	5cd6a919e4c0	0
45.586913	70ae6	2693	5cd6a91bb4a0	5cd6a86345c0	5cd6a85fdea0	2693	244c	79905c99f010	7ffc7e35d060	5cd6a9184d80	9b	673	67	d0	2aed	5cd6a918e848	9b
45.596488	70afb	2693	5cd6a91bb500	5cd6a8634620	5cd6a85fdea0	2693	2450	79905c99f010	7ffc7e35d060	5cd6a9184d80	9b	1781	14	d0	2aed	5cd6a91a8198	690038ddd240a162
45.609246	70b03	2693	5cd6a91bb590	5cd6a86346b0	5cd6a85fdea0	2693	2456	79905c99f010	7ffc7e35d060	5cd6a9184d80	9b	ba7	6e	5cd6a9cd0e90	2aed	5cd6a9196528	0
45.615370	70a0f	2693	5cd6a91bb5d8	5cd6a86346f8	5cd6a85fdea0	2693	2459	79905c99f010	7ffc7e35d060	5cd6a9184d80	9b	4	5cd6a90ddda0	d0	2aed	478	0
45.624233	70ae6	2693	5cd6a91bb638	5cd6a8634758	5cd6a85fdea0	2693	245d	79905c99f010	7ffc7e35d060	5cd6a9184d80	9b	1b1	8c	d0	2aed	5cd6a9187618	9b
45.629568	70ae6	2693	5cd6a91bb668	5cd6a8634788	5cd6a85fdea0	2693	245f	79905c99f010	7ffc7e35d060	5cd6a9184d80	9b	1656	1d	d0	2aed	5cd6a91a6590	9b
45.638702	70a14	2693	5cd6a91bb6c8	5cd6a86347e8	5cd6a85fdea0	2693	2463	79905c99f010	7ffc7e35d060	5cd6a9184d80	9b	31	5cd6a90e0c80	d0	2aed	310	0
45.652080	70a06	2693	5cd6a91bb758	5cd6a8634878	5cd6a85fdea0	2693	2469	79905c99f010	7ffc7e35d060	5cd6a9184d80	9b	4d	5cd6a90e28a0	d0	2aed	230	0
45.665037	70ae6	2693	5cd6a91bb800	5cd6a8634920	5cd6a85fdea0	2693	2470	79905c99f010	7ffc7e35d060	5cd6a9184d80	9b	33f	8c	d0	2aed	5cd6a9189b68	9b
45.679088	70afb	2693	5cd6a91bb890	5cd6a86349b0	5cd6a85fdea0	2693	2476	79905c99f010	7ffc7e35d060	5cd6a9184d80	9b	ecd	0	d0	2aed	5cd6a919b0b8	43ce329aca17896c
45.687754	70ac7	2693	5cd6a91bb8f0	5cd6a8634a10	5cd6a85fdea0	2693	247a	79905c99f010	7ffc7e35d060	5cd6a9184d80	9b	87a	23	d0	2aed	5cd6a91918f0	0
45.700260	70afb	2693	5cd6a91bb980	5cd6a8634aa0	5cd6a85fdea0	2693	2480	79905c99f010	7ffc7e35d060	5cd6a9184d80	9b	761	2	d0	2aed	5cd6a918fe98	8890b186a30090
45.706642	70a9d	2693	5cd6a91bb9b0	5cd6a8634ad0	5cd6a85fdea0	2693	2482	5cd6a90e9dd0	7ffc7e35d060	5cd6a9184d80	9b	22cf	686d	0	2aed	5a	5cd6a8632208
45.720959	70afb	2693	5cd6a91bba40	5cd6a8634b60	5cd6a85fdea0	2693	2488	79905c99f010	7ffc7e35d060	5cd6a9184d80	9b	1f68	39	d0	2aed	5cd6a91b3f40	2740b5841ef90424
45.728843	70a94	2693	5cd6a91bbaa0	5cd6a8634bc0	5cd6a85fdea0	2693	248c	79905c99f010	7ffc7e35d060	5cd6a9184d80	9b	117a	346e	0	2aed	0	5cd6a8618210
45.735407	70a94	2693	5cd6a91bbae8	5cd6a8634c08	5cd6a85fdea0	2693	248f	79905c99f010	7ffc7e35d060	5cd6a9184d80	9b	b9e	22da	0	2aed	0	5cd6a860f570
45.746419	70afb	2693	5cd6a91bbb30	5cd6a8634c50	5cd6a85fdea0	2693	2492	79905c99f010	7ffc7e35d060	5cd6a9184d80	9b	21c2	5e	d0	2aed	5cd6a91b77b0	203d82df68c6713
45.753717	70afb	2693	5cd6a91bbb90	5cd6a8634cb0	5cd6a85fdea0	2693	2496	79905c99f010	7ffc7e35d060	5cd6a9184d80	9b	6c0	0	d0	2aed	5cd6a918ef80	198320500d04d48
45.764760	70ae6	2693	5cd6a91bbc08	5cd6a8634d28	5cd6a85fdea0	2693	249b	79905c99f010	7ffc7e35d060	5cd6a9184d80	9b	a77	22	d0	2aed	5cd6a91948a8	9b
45.778043	70ad4	2693	5cd6a91bbc98	5cd6a8634db8	5cd6a85fdea0	2693	24a1	79905c99f010	7ffc7e35d060	5cd6a9184d80	9b	95d	0	d0	2aed	5cd6a9192e38	9b
45.783676	70a06	2693	5cd6a91bbcc8	5cd6a8634de8	5cd6a85fdea0	2693	24a3	79905c99f010	7ffc7e35d060	5cd6a9184d80	9b	59	5cd6a90f3880	d0	2aed	1d0	0
45.797986	70a94	2693	5cd6a91bbd70	5cd6a8634e90	5cd6a85fdea0	2693	24aa	79905c99f010	7ffc7e35d060	5cd6a9184d80	9b	1709	451b	0	2aed	0	5cd6a8620778
45.805292	70a72	2693	5cd6a91bbdb8	5cd6a8634ed8	5cd6a85fdea0	2693	24ad	79905c99f010	7ffc7e35d060	5cd6a9184d80	9b	207f	617d	0	2aed	49	5cd6a862ea88
45.811548	70afb	2693	5cd6a91bbe00	5cd6a8634f20	5cd6a85fdea0	2693	24b0	79905c99f010	7ffc7e35d060	5cd6a9184d80	9b	1a28	0	d0	2aed	5cd6a91ac140	a5bb3043f82a83b8
45.824390	70afb	2693	5cd6a91bbe90	5cd6a8634fb0	5cd6a85fdea0	2693	24b6	79905c99f010	7ffc7e35d060	5cd6a9184d80	9b	fc1	0	d0	2aed	5cd6a919c798	aac0dc9ee392511a
45.831161	70b03	2693	5cd6a91bbed8	5cd6a8634ff8	5cd6a85fdea0	2693	24b9	79905c99f010	7ffc7e35d060	5cd6a9184d80	9b	1696	7a	5cd6a9cef130	2aed	5cd6a91a6b90	0
45.836962	70a8c	2693	5cd6a91bbf20	5cd6a8635040	5cd6a85fdea0	2693	24bc	79905c99f010	7ffc7e35d060	5cd6a9184d80	9b	140	3c0	94	2aed	a	5cd6a85ffca0
45.846070	70ae6	2693	5cd6a91bbf68	5cd6a8635088	5cd6a85fdea0	2693	24bf	79905c99f010	7ffc7e35d060	5cd6a9184d80	9b	1e5a	44	d0	2aed	5cd6a91b25f0	9b
45.855914	70a94	2693	5cd6a91bbfc8	5cd6a86350e8	5cd6a85fdea0	2693	24c3	79905c99f010	7ffc7e35d060	5cd6a9184d80	9b	1e9d	5bd7	0	2aed	4	5cd6a862bd58
45.862567	70a76	2693	5cd6a91bc010	5cd6a8635130	5cd6a85fdea0	2693	24c6	79905c99f010	7ffc7e35d060	5cd6a9184d80	9b	1e6a	5b3e	94	2aed	78	5cd6a862b890
45.870231	70a69	2693	5cd6a91bc070	5cd6a8635190	5cd6a85fdea0	2693	24ca	79905c99f010	7ffc7e35d060	5cd6a9184d80	9b	d62	2826	0	2aed	17	5cd6a8611fd0
45.878476	70a83	2693	5cd6a91bc0b8	5cd6a86351d8	5cd6a85fdea0	2693	24cd	79905c99f010	7ffc7e35d060	5cd6a9184d80	9b	1d29	577b	94	2aed	7f	5cd6a8629a78
45.888994	70afb	2693	5cd6a91bc130	5cd6a8635250	5cd6a85fdea0	2693	24d2	79905c99f010	7ffc7e35d060	5cd6a9184d80	9b	d21	9a	d0	2aed	5cd6a9198898	0
45.903080	1cb9fe660c23	5cd689360010	79905cc1ac80	79905cc1aca0	5cd689ebeee0	5cd689ebe	79905cc1ac90	30	7ffc7e35cd70	a5a426100723bbf5	5cd689ebeef0	30	2	ffffffffffffffa0	40	4	20
45.913230	70e79	2aad	5cd6a9d9af00	5cd6a9d92718	79905c9a2760	1c80	2aad	79905c99f010	7ffc7e35d060	5cd68af67e00	2aad	2aad	79905cc1ace0	d0	2aed	2aad	5cd6a9da2720
45.919741	70e7d	2aad	5cd6a9d9af00	5cd6a9d92f08	79905c9a5a78	1c18	2aad	79905c99f010	7ffc7e35d060	0	2aad	2aad	79905cc1ace0	d0	2aed	2aad	5cd6a9da2720
45.930831	70e79	2aad	5cd6a9d9af00	5cd6a9d937a8	79905c9a93a8	8e0	2aad	79905c99f010	7ffc7e35d060	5cd68e43dc80	2aad	2aad	79905cc1ace0	d0	2aed	2aad	5cd6a9da2720
45.945077	70e79	2aad	5cd6a9d9af00	5cd6a9d947b8	79905c9b0380	0	2aad	79905c99f010	7ffc7e35d060	5cd691a9f1e0	2aad	2aad	79905cc1ace0	d0	2aed	2aad	5cd6a9da2720
45.951879	70e81	2aad	5cd6a9d9af00	5cd6a9d94c98	79905c9b25d0	adc	2aad	79905c99f010	7ffc7e35d060	0	2aad	2aad	79905cc1ace0	d0	2aed	2aad	5cd6a9da2720
45.959296	70e81	2aad	5cd6a9d9af00	5cd6a9d955a0	79905c9b5fa8	2a9c	2aad	79905c99f010	7ffc7e35d060	0	2aad	2aad	79905cc1ace0	d0	2aed	2aad	5cd6a9da2720
45.966244	70e75	2aad	5cd6a9d9af00	5cd6a9d96428	79905c9bc140	1638	2aad	79905c99f010	7ffc7e35d060	0	2aad	2aad	79905cc1ace0	d0	2aed	2aad	5cd6a9da2720
45.972675	70e75	2aad	5cd6a9d9af00	5cd6a9d97078	79905c9c19d8	934	2aad	79905c99f010	7ffc7e35d060	0	2aad	2aad	79905cc1ace0	d0	2aed	2aad	5cd6a9da2720
45.978165	70e79	2aad	5cd6a9d9af00	5cd6a9d97c88	79905c9c7090	111c	2aad	79905c99f010	7ffc7e35d060	5cd69ca2eb90	2aad	2aad	79905cc1ace0	d0	2aed	2aad	5cd6a9da2720
45.985071	70e79	2aad	5cd6a9d9af00	5cd6a9d98400	79905c9c9f70	227c	2aad	79905c99f010	7ffc7e35d060	5cd69e09d610	2aad	2aad	79905cc1ace0	d0	2aed	2aad	5cd6a9da2720
45.997502	70e79	2aad	5cd6a9d9af00	5cd6a9d9a580	79905c9d8640	1e74	2aad	79905c99f010	7ffc7e35d060	5cd6a4e2a630	2aad	2aad	79905cc1ace0	d0	2aed	2aad	5cd6a9da2720
46.007198	809ac	418b65fad075ee38	8	5cd69b55fbe0	1	5cd69a637868	1	0	7ffc7e35cf20	5cd69a637880	1	a0c5b2fd683af71c	0	8	1	5cd69b2a5220	5
46.018259	7c0d6	5cd6a9da2310	389f	5cd6a35dbba0	4	0	4f	e0	7ffc7e35cf10	5cd696cd6260	389f	389f	c9452bc815867652	7ffc7e35cf28	20	22a4	5cd65e4ecb30
46.027421	7bd7a	5cd68c3b97d0	4	3c	5cd689361160	5cd65e4ec938	7ffc7e35cf08	0	7ffc7e35cf00	3c	8	33c	c9452bc815867652	5cd6893613b0	0	33c	5cd689361070
46.032635	80a10	4	8	5cd6a39a9750	0	5cd6900dea60	4	3	7ffc7e35cf20	5cd6900dea60	4	5512	0	8	0	5cd69b2a5220	5
46.043105	7bdda	5cd691e01de0	9b991cd17e5f53c1	3c	5cd6a9dad3d0	5cd65e4ec938	7ffc7e35cf08	1	7ffc7e35cf00	3c	3c	234	c9452bc815867652	5cd6a9dad518	0	334	5cd6a9dad2e0
46.057217	6f800	5cd68aa2bd48	5cd68aa2bc30	2	1	5cd68c3af410	5cd6979b3e70	2	7ffc7e35d260	5cd6996af000	0	30	c9452bc815867652	3	5cd6979b3e70	2	79905caa53a0
46.063966	1cb9fe65e709	5cd69125c030	25b0	da1	5cd68dd15c10	5cd69125c030	5cd68dd14d60	5cd68dd13550	7ffc7e35d160	5cd68dd14b60	0	30	c9452bc815867652	79905cc1ac80	0	5cd68dd14d60	da0
46.071775	1cb9fe6623c2	210	ffffffffffffff68	1081	79905cc1ace0	5cd68d8b76e0	5cd68d8b76f0	d0	7ffc7e35d270	5cd68d8b5ac0	0	30	c9452bc815867652	79905cc4ac40	5cd6893d0520	79905caa53a0	2515
