seconds	address	rax	rbx	rcx	rdx	rsi	rdi	rbp	rsp	r8	r9	r10	r11	r12	r13	r14	r15
0.007212	1acbacc61709	7ce404e1ad10	7ce404e1ac80	41	7ce404e1ad10	7ce404e1ad10	62187578e090	10	7ffe9f1a8d20	2	1	1	7ce404e1ace0	20	20	40	0
0.017700	1acbacc629c0	6	30	1	6	62187578a010	7	62187578c510	7ffe9f1a9030	62187578c520	3f	0	48b79d109586ff7c	7ce404e1ac80	0	62187578e0a0	7ffe9f1a93e0
0.026730	84a97	62187578b920	462973364eda112	62187578de78	1	62187578e650	1f	2c	7ffe9f1a8ed0	62187578ba30	62187578de70	1	48b79d109586ff7c	7ffe9f1a8ee8	2d	22a5	6218580ea2a8
0.039354	1acbacc653d5	30	ffffffffffffff68	68	ffffffffffffffa0	62187578c510	62187578c520	0	7ffe9f1a90a0	1	3f	0	48b79d109586ff7c	62187578c520	62187578e0a0	62187578b8e0	7ffe9f1a93e0
0.052526	1acbacc627ad	9ac90c5b3501d600	110	f	621e54ffe3fb	62187578a010	7	62187578ba40	7ffe9f1a90b0	62187578ba50	75	6a26f08c570ca1c	48b79d109586ff7c	7ce404e1ac80	0	d0	62187578e0e0
0.064610	847d3	62187578b900	44d35ca172b515bc	3f	62187578be8c	6218580ea0b0	7ffe9f1a9048	0	7ffe9f1a9040	44d35ca172b515bc	3c	19c	48b79d109586ff7c	62187578bf30	0	19c	62187578be90
0.073630	84a9f	62187578b920	81ff5fbc80473ba	62187578bfa8	1	62187578e760	1f	3d	7ffe9f1a8ed0	62187578b450	62187578bfa0	1	48b79d109586ff7c	7ffe9f1a8ee8	3d	22a4	6218580ea2a8
0.079793	86d95	12	3c	1	0	3b	3b	62187578b920	7ffe9f1a9000	3c	62187578b900	1	48b79d109586ff7c	62187578e650	62187578b450	77	62187578e0e0
0.087613	847e1	62187578c520	1000	c	62187578a830	6218580ea0b0	7ffe9f1a9048	3	7ffe9f1a9040	f8a	c	3c	48b79d109586ff7c	62187578a840	0	33c	62187578a900
0.097494	84a9f	62187578e650	93f732657ea9c09	62187578e0c8	1	62187578b470	1f	1c	7ffe9f1a8ed0	62187578b8e0	62187578e0c0	1	48b79d109586ff7c	7ffe9f1a8ee8	1c	22a4	6218580ea2a8
0.105881	8477c	62187578d680	97788f2249e573ad	3c	62187578b260	6218580ea0b0	7ffe9f1a9048	1	7ffe9f1a9040	3c	20	23c	48b79d109586ff7c	62187578b3b0	0	33c	62187578b170
0.113948	84b27	3c	7ffe9f1a8f50	3c	62187578ba50	62187578e760	1f	40	7ffe9f1a8ed0	62187578b450	62187578ba30	1	48b79d109586ff7c	7ffe9f1a8ee8	62187578ba38	22a4	6218580ea2a8
0.127505	84a97	621875792730	6375377dba6afe3e	62187578c388	3	0	3f	48	7ffe9f1a8ed0	62187578b468	3	3	0	7ffe9f1a8ee8	9	22a4	6218580ea2a8
0.133581	84a9f	621875793a10	b013	621875793728	1	62187578b920	1f	23	7ffe9f1a8820	62187578c370	62187578c420	1	48b79d109586ff7c	7ffe9f1a8838	23	22a4	6218580ea2a8
0.142618	a5464	8dae	1e9ea	0	21f0c	0	12c8d62e2	21f0d	7ffe9f1a8978	21f0d	0	0	48b79d109586ff7c	2	6218580e53d0	9d0d	2
0.154668	1acbacc6571f	4	40	7ffe9f1a88a8	40	40	62187578bfa0	62187578bfa0	7ffe9f1a87f0	62187578bfa0	62187578bfa0	7	48b79d109586ff7c	40	20	7ffe9f1a8890	4
0.166778	70a28	88a904b9eee8e82f	0	3d690e	3	3d690f	0	3d000	7ffe9f1a8980	ebb3c434ee1	0	0	0	62187578b070	2add	3981	7ce404bea0f0
0.176436	70a39	1ae7bd6145c7be00	0	72d4f7	17	72d4f8	0	3d000	7ffe9f1a8980	33825e0bb000	0	0	0	62187578b070	2add	3981	7ce404bea0f0
0.185560	709c5	1b599	0	9c9827	3a	9c9828	0	3d000	7ffe9f1a8980	5fc9c9f65500	0	0	0	62187578b070	2add	3981	7ce404bea0f0
0.194282	70a28	c369ebb5b80dc571	0	cd28d0	83	cd28d1	0	3d000	7ffe9f1a8980	a46a653bfaa1	0	0	0	62187578b070	2add	3981	7ce404bea0f0
0.201815	709ba	1b4ef	0	f6bdbb	e5	f6bdbc	0	3d000	7ffe9f1a8980	edd131ef2200	0	0	0	62187578b070	2add	3981	7ce404bea0f0
0.216083	70a00	19dec654ef100	0	145858f	0	1458590	0	3d000	7ffe9f1a8980	19dec654ef100	0	0	0	62187578b070	2add	3981	7ce404bea0f0
0.230410	709d1	0	0	195bf2b	0	195bf2c	0	3d000	7ffe9f1a8980	283166ccf3100	0	0	0	62187578b070	2add	3981	7ce404bea0f0
0.239400	70a1f	0	0	1c65245	0	1c65246	0	3d000	7ffe9f1a8980	32647eab8eb24	0	0	0	62187578b070	2add	3981	7ce404bea0f0
0.246685	709c5	1aebf	0	1eba1a7	715	1eba1a8	0	3d000	7ffe9f1a8980	3b0257cad7a00	0	0	0	62187578b070	2add	3981	7ce404bea0f0
0.254014	709ba	1acdc	0	213dee1	8f7	213dee2	0	3d000	7ffe9f1a8980	451065f98bf00	0	0	0	62187578b070	2add	3981	7ce404bea0f0
0.260063	709e8	4df4d21a13ae1	0	235130e	0	235130f	0	3d000	7ffe9f1a8980	4df4d21a13ae1	0	0	0	62187578b070	2add	3981	7ce404bea0f0
0.273139	709f3	5aeb020989200	0	2623ef6	0	2623ef7	0	3d000	7ffe9f1a8980	5aeb020989251	0	0	0	62187578b070	2add	3981	7ce404bea0f0
0.279673	709ba	1a5e6	0	28423b2	fee	28423b3	0	3d000	7ffe9f1a8980	654c3a1926f00	0	0	0	62187578b070	2add	3981	7ce404bea0f0
0.286257	70a1f	0	0	2a85764	0	2a85765	0	3d000	7ffe9f1a8980	710106665cdd9	0	0	0	62187578b070	2add	3981	7ce404bea0f0
0.301345	70a39	9cd29be12c9abdd	0	2f87224	1a36	2f87225	0	3d000	7ffe9f1a8980	8d2e5ee94f900	0	0	0	62187578b070	2add	3981	7ce404bea0f0
0.309288	70a28	ad72074d1dd0c157	0	3244006	1f01	3244007	0	3d000	7ffe9f1a8980	9dea23bfb8031	0	0	0	62187578b070	2add	3981	7ce404bea0f0
0.315884	709d1	0	0	347fc4f	0	347fc50	0	3d000	7ffe9f1a8980	ac427c67da000	0	0	0	62187578b070	2add	3981	7ce404bea0f0
0.327488	709e8	c66b8fdd26a90	0	38583cb	0	38583cc	0	3d000	7ffe9f1a8980	c66b8fdd26a90	0	0	0	62187578b070	2add	3981	7ce404bea0f0
0.339407	70a1f	0	0	3c6f5c2	0	3c6f5c3	0	3d000	7ffe9f1a8980	e4463a792d289	0	0	0	62187578b070	2add	3981	7ce404bea0f0
0.352448	70a12	0	0	40f1444	0	40f1445	0	3d000	7ffe9f1a8980	10798589b0da99	0	0	0	62187578b070	2add	3981	7ce404bea0f0
0.365287	709e8	12cae7873eb910	0	455c55b	0	455c55c	0	3d000	7ffe9f1a8980	12cae7873eb910	0	0	0	62187578b070	2add	3981	7ce404bea0f0
0.379589	709df	4a521ba	0	4a521b9	0	4a521ba	0	3d000	7ffe9f1a8980	15939244eb3700	0	0	0	62187578b070	2add	3981	7ce404bea0f0
0.392010	70a09	0	0	4e9f30e	0	4e9f30f	0	3d000	7ffe9f1a8980	182564d0137ae1	0	0	0	62187578b070	2add	3981	7ce404bea0f0
0.404443	70a00	1addc89773c400	0	52eeb1f	0	52eeb20	0	3d000	7ffe9f1a8980	1addc89773c400	0	0	0	62187578b070	2add	3981	7ce404bea0f0
0.411077	70a31	b07d65a2050cf8c8	0	553e591	9739	553e592	0	3d000	7ffe9f1a8980	1c62765e8a8700	0	0	0	62187578b070	2add	3981	7ce404bea0f0
0.420797	709cb	0	0	588bbde	0	588bbdf	0	3d000	7ffe9f1a8980	1ea05ed1be1400	0	0	0	62187578b070	2add	3981	7ce404bea0f0
0.435648	70a09	0	0	5da666d	0	5da666e	0	3d000	7ffe9f1a8980	224252e853d744	0	0	0	62187578b070	2add	3981	7ce404bea0f0
0.441690	709d1	0	0	5fbc522	0	5fbc523	0	3d000	7ffe9f1a8980	23cd4f7c795800	0	0	0	62187578b070	2add	3981	7ce404bea0f0
0.455413	70a25	13fd6c59be7800d7	0	6317286	ed8a	6317287	0	3d000	7ffe9f1a8980	265aeb5eea8331	0	0	0	62187578b070	2add	3981	7ce404bea0f0
0.463290	709ba	b43d	0	65cdbdb	10197	65cdbdc	0	3d000	7ffe9f1a8980	287bfd12f22500	0	0	0	62187578b070	2add	3981	7ce404bea0f0
0.477649	709e8	2c6d04c42d8440	0	6aa4f47	0	6aa4f48	0	3d000	7ffe9f1a8980	2c6d04c42d8440	0	0	0	62187578b070	2add	3981	7ce404bea0f0
0.486115	70a12	0	0	6d95ed2	0	6d95ed3	0	3d000	7ffe9f1a8980	2ee903c8d5a1e9	0	0	0	62187578b070	2add	3981	7ce404bea0f0
0.492222	70a28	6b4a883075a8d640	0	6faf623	1541d	6faf624	0	3d000	7ffe9f1a8980	30b98f5af93510	0	0	0	62187578b070	2add	3981	7ce404bea0f0
0.503477	70a28	24f1b8857fd26368	0	73911a9	178d3	73911aa	0	3d000	7ffe9f1a8980	342bb02aec04e4	0	0	0	62187578b070	2add	3981	7ce404bea0f0
0.510891	70a39	19853b031897a868	0	761dd69	19252	761dd6a	0	3d000	7ffe9f1a8980	367f8555d42f00	0	0	0	62187578b070	2add	3981	7ce404bea0f0
0.520964	70af6	ddc5	4	ddc4	0	0	1	4	7ffe9f1a8980	0	0	0	4	62187578b000	2a00	3	ddc5
0.532548	1acbacc62660	31	ffffffffffffff68	0	0	62187578aad0	7ce404e1ac80	0	7ffe9f1a8838	62187578bb60	3972	3972	48b79d109586ff7c	62187578bb60	6218757938a0	6218757ab420	62187578c370
0.546267	1acbacc6506f	0	62187578d100	7fffffffffffff00	621e54fffd4b	cc	330	330	7ffe9f1a8900	6218757ab470	c	30	48b79d109586ff7c	62187578d100	100	cc	330
0.557494	a552c	a9883948786b82c1	7ed879bbe1a8182e	0	381f2ac46c1be623	7ed879bbe1a8182e	3d97e962a66ff88f	7	7ffe9f1a8758	bf8aae80df08296c	0	33a4c0ded8ac50e2	bf8aae80df08296c	4	6218757ab4a0	0	3d97e962a66ff88f
0.571012	85865	6218757ab560	6218757ab560	6	38	6218757ab420	6218757ab560	6	7ffe9f1a8760	7	4	4	48b79d109586ff7c	6218757ab4f0	7	6218757ab560	20
0.581979	1acbacc653c5	31	ffffffffffffff68	62187578c	0	62187578d5a0	62187578d5b0	0	7ffe9f1a8730	62187578c370	133a	133a	48b79d109586ff7c	4	7	62187578d5b0	62187578c420
0.590915	1acbacd60b8a	7ce404e8d8b0	45d8	5010	11760	7ce404e6b760	7ce404e9a000	ba28	7ffe9f1a8978	7ce404e8d8b0	1750	0	1	10000	10000	10000	1745
0.605386	7353a	2db53	45d8	11	54a629	6218757ef910	2116	10000	7ffe9f1a8980	2add	62187583d450	621875852b40	7ce40395f010	550000	550000	10000	1451
0.615751	73596	7ce404e5f010	f864	6218757ab4f0	a32aef	6218757ef910	2add	0	7ffe9f1a8980	2add	62187583d450	621875852b40	7ce40265f010	a10000	f860	10000	1
0.623304	73f5a	2add	621875794ab0	7bcd	a26a	cf7d	d38a71	621875872c80	7ffe9f1a8980	cf7d	ab0	1	48b79d109586ff7c	2add	16	ab1	25
0.638361	734d9	621875812670	45d8	f	1462057	6218757ef910	a50	10000	7ffe9f1a8980	2add	62187583d450	621875852b40	7ce3ffd1f010	1460000	1460000	10000	bd8
0.650125	7353a	2f	45d8	5	2ccfc4	6218757ef910	6	10000	7ffe9f1a8980	2add	62187583d450	621875852b40	7ce40435f010	2d0000	2d0000	10000	15b9
0.656310	73519	29	45d8	5	58c1c2	6218757ef910	5	10000	7ffe9f1a8980	2add	62187583d450	621875852b40	7ce40385f010	590000	590000	10000	142d
0.666602	73536	19b5	45d8	c	a3ab57	6218757ef910	193	10000	7ffe9f1a8980	2add	62187583d450	621875852b40	7ce40259f010	a40000	a40000	10000	118a
0.673429	1acbacd60b8a	7ce404e8d8b0	45d8	a6f0	11760	7ce404e66080	7ce404e94920	ba28	7ffe9f1a8978	7ce404e8d8b0	62187583d450	621875852b40	7ce40195f010	d60000	d60000	10000	fc8
0.685541	7353a	e5	45d8	7	12fe31d	6218757ef910	18	10000	7ffe9f1a8980	2add	62187583d450	621875852b40	7ce40029f010	1300000	1300000	10000	c9e
0.697620	73519	1b91	45d8	c	15bf6d	6218757ef910	1ad	10000	7ffe9f1a8980	2add	62187583d450	621875852b40	7ce40491f010	160000	160000	10000	1688
0.712788	7353a	83	45d8	7	893f34	6218757ef910	d	10000	7ffe9f1a8980	2add	62187583d450	621875852b40	7ce402c1f010	8a0000	8a0000	10000	1274
0.725578	1acbacd60891	7ce404e5f010	831	1745	3c50	62187586a714	7ce404e5f010	f14	7ffe9f1a8978	621875868650	62187583d450	621875852b40	7ce40145f010	ea0000	ea0000	10000	f14
0.738277	73622	6218580ec480	10000	11	145492c	6218757ef910	2add	10000	7ffe9f1a8980	2add	62187583d450	621875852b40	7ce3ffd5f010	1450000	7ce404e5f010	10000	0
0.748198	7353a	3c65	45d8	d	1b89b3	6218757ef910	382	10000	7ffe9f1a8980	2add	62187583d450	621875852b40	7ce40479f010	1c0000	1c0000	10000	1652
0.763216	7353a	509	45d8	a	892648	6218757ef910	68	10000	7ffe9f1a8980	2add	62187583d450	621875852b40	7ce402c1f010	8a0000	8a0000	10000	1274
0.769334	7350c	15c8f	45d8	10	62187583d450	6218757ef910	10e6	10000	7ffe9f1a8980	2add	62187583d450	621875852b40	7ce40211f010	b60000	b60000	10000	10e8
0.779124	7353a	2a5e7	45d8	11	fb6222	6218757ef910	1ec7	10000	7ffe9f1a8980	2add	62187583d450	621875852b40	7ce400f9f010	fc0000	fc0000	10000	e72
0.789496	73540	89b	45d8	b	14a3b9e	6218757ef910	9e	10000	7ffe9f1a8980	2add	62187583d450	621875852b40	7ce3ffbdf010	14b0000	14b0000	10000	bab
0.796823	7353a	15b	45d8	8	d0a0c	6218757ef910	21	10000	7ffe9f1a8980	2add	62187583d450	621875852b40	7ce404b1f010	e0000	e0000	10000	16d0
0.805233	73f3d	2add	621875794ab0	59c	6218757af8f0	8ee7	1ca9b	621875a21e70	7ffe9f1a8980	8edb	799	1	48b79d109586ff7c	2add	47	79a	55
0.816578	7353a	ac5b	45d8	f	94fec4	6218757ef910	90b	10000	7ffe9f1a8980	2add	62187583d450	621875852b40	7ce40295f010	950000	950000	10000	1211
0.828364	1acbacd60b8a	7ce404e8d8b0	45d8	c2d0	11760	7ce404e644a0	7ce404e92d40	ba28	7ffe9f1a8978	7ce404e8d8b0	62187583d450	621875852b40	7ce40159f010	e50000	e50000	10000	f41
0.842812	73519	565	45d8	a	14c53c8	6218757ef910	6e	10000	7ffe9f1a8980	2add	62187583d450	621875852b40	7ce3ffb5f010	14d0000	14d0000	10000	b99
0.851045	73582	2ca8	2ca8	11	18a7c8	6218757ef910	2add	10000	7ffe9f1a8980	2add	62187583d450	621875852b40	7ce40491f010	160000	2ca4	10000	0
0.860110	73515	273f5	45d8	11	56d6d8	6218757ef910	1c9a	10000	7ffe9f1a8980	2add	62187583d450	621875852b40	7ce4038df010	570000	570000	10000	143f
0.866802	7353a	f59	45d8	b	88bcde	6218757ef910	ff	10000	7ffe9f1a8980	2add	62187583d450	621875852b40	7ce402c5f010	890000	890000	10000	127d
0.878120	73519	33cf1	45d8	11	dd8a89	6218757ef910	24fa	10000	7ffe9f1a8980	2add	62187583d450	621875852b40	7ce40171f010	de0000	de0000	10000	f80
0.892011	73582	cec4	cec4	11	14600d3	6218757ef910	2add	10000	7ffe9f1a8980	2add	62187583d450	621875852b40	7ce3ffd5f010	1450000	cec0	10000	0
0.907183	734c5	2c3d1	45d8	11	43a4e0	6218757ef910	201c	10000	7ffe9f1a8980	2add	62187583d450	621875852b40	7ce403ddf010	430000	430000	10000	14f3
0.920308	7353a	29	45d8	5	a0f89c	6218757ef910	5	10000	7ffe9f1a8980	2add	62187583d450	621875852b40	7ce40265f010	a10000	a10000	10000	11a5
0.931987	1acbacd60b8a	7ce404e6aa38	2e8a	79c0	ba28	7ce404e63078	7ce404e6eaa0	2e8a	7ffe9f1a8978	7ce404e6aa38	62187583d450	621875852b40	7ce40115f010	f60000	f60000	10000	ea8
0.944070	73540	a3	45d8	7	1439ff1	6218757ef910	11	10000	7ffe9f1a8980	2add	62187583d450	621875852b40	7ce3ffd9f010	1440000	1440000	10000	bea
0.953551	73450	7ce404e5f010	1745	0	33c	621875868650	7ce404e649e8	1676	7ffe9f1a8980	7ce404e5f010	62187583d450	621875852b40	7ce4048df010	180000	180000	10000	1676
0.959960	73515	37547	45d8	11	46cb9d	6218757ef910	2734	10000	7ffe9f1a8980	2add	62187583d450	621875852b40	7ce403cdf010	470000	470000	10000	14cf
0.974020	73f13	621875812670	621875794ab0	621875827d60	eda3	0	0	621875b70b20	7ffe9f1a8980	15fa1	110b	1	48b79d109586ff7c	2add	3	110c	13
0.984180	73519	8a77	45d8	f	e82893	6218757ef910	76b	10000	7ffe9f1a8980	2add	62187583d450	621875852b40	7ce40145f010	e90000	e90000	10000	f1d
0.995233	7353a	43f	45d8	a	13aadee	6218757ef910	5b	10000	7ffe9f1a8980	2add	62187583d450	621875852b40	7ce3fffdf010	13b0000	13b0000	10000	c3b
1.009720	1acbacd6110a	0	0	8e28	621875bf72b0	0	621875bf9000	7c	7ffe9f1a8978	0	621875bf72b0	7ce404e1ad20	7ce404e1ace0	6218757ab4f8	7ce404e5f010	ab74	7c
1.019460	734fd	6218757af8f0	45d8	10	7c441e	6218757ef910	1355	10000	7ffe9f1a8980	2add	62187583d450	621875852b40	7ce402f9f010	7c0000	7c0000	10000	12f2
1.027216	73519	3a9bb	45d8	11	b3d9b4	6218757ef910	294a	10000	7ffe9f1a8980	2add	62187583d450	621875852b40	7ce40219f010	b40000	b40000	10000	10fa
1.035855	73519	2c41	45d8	d	f3618d	6218757ef910	296	10000	7ffe9f1a8980	2add	62187583d450	621875852b40	7ce40119f010	f40000	f40000	10000	eba
1.043104	73519	21d79	45d8	11	128b547	6218757ef910	1925	10000	7ffe9f1a8980	2add	62187583d450	621875852b40	7ce40045f010	1290000	1290000	10000	cdd
1.052338	72b36	ffffffffffffff36	9ef	9ef	fffffffffffffcef	74c	b0	3c7	7ffe9f1a8980	9ef	0	1cb2d	e5968a040d341dd0	b0	800000000000c1f6	81a87a1551c7d16d	2add
1.060558	73582	51b0	51b0	11	3ca13a	6218757ef910	2add	10000	7ffe9f1a8980	2add	62187583d450	621875852b40	7ce40405f010	390000	51ac	10000	0
1.066578	73582	3480	3480	11	6696f1	6218757ef910	2add	10000	7ffe9f1a8980	2add	62187583d450	621875852b40	7ce4035df010	630000	347c	10000	0
1.072797	7358d	7ce404e5f010	6600	11	908ca8	6218757ef910	2add	10000	7ffe9f1a8980	2add	62187583d450	621875852b40	7ce402a9f010	900000	65fc	10000	0
1.078312	7353a	469	45d8	a	b79633	6218757ef910	60	10000	7ffe9f1a8980	2add	62187583d450	621875852b40	7ce40209f010	b80000	b80000	10000	10d6
1.085578	7353a	4133	45d8	e	ed7583	6218757ef910	3bd	10000	7ffe9f1a8980	2add	62187583d450	621875852b40	7ce40131f010	ee0000	ee0000	10000	ef0
1.092507	73519	26941	45d8	11	1217e1f	6218757ef910	1c34	10000	7ffe9f1a8980	2add	62187583d450	621875852b40	7ce40061f010	1220000	1220000	10000	d1c
1.098662	7353a	3b585	45d8	11	14f4426	6218757ef910	29b5	10000	7ffe9f1a8980	2add	62187583d450	621875852b40	7ce3ffa9f010	1500000	1500000	10000	b7e
1.110033	7353a	1e239	45d8	10	260f1c	6218757ef910	16a3	10000	7ffe9f1a8980	2add	62187583d450	621875852b40	7ce4044df010	270000	270000	10000	15ef
1.124525	73521	235f3	45d8	11	9114db	6218757ef910	1a19	10000	7ffe9f1a8980	2add	62187583d450	621875852b40	7ce402a9f010	900000	900000	10000	123e
1.132303	73519	2f	45d8	5	c5181a	6218757ef910	6	10000	7ffe9f1a8980	2add	62187583d450	621875852b40	7ce401d1f010	c60000	c60000	10000	1058
1.142845	7353a	22e5	45d8	d	1062ff1	6218757ef910	20b	10000	7ffe9f1a8980	2add	62187583d450	621875852b40	7ce400cdf010	1070000	1070000	10000	e0f
1.148765	73f50	2add	621875794ab0	1c862	130fdaf	1eee3	9d	621875cc3340	7ffe9f1a8980	1eee3	172b	6218757ae6f0	48b79d109586ff7c	2add	13	172c	23
1.157410	734d9	621875812670	45d8	11	16d8965	6218757ef910	205f	10000	7ffe9f1a8980	2add	62187583d450	621875852b40	7ce3ff35f010	16d0000	16d0000	10000	a79
1.164510	73542	8335	45d8	f	2d6377	6218757ef910	708	10000	7ffe9f1a8980	2add	62187583d450	621875852b40	7ce40435f010	2d0000	2d0000	10000	15b9
1.170608	73515	1ed0f	45d8	10	585d97	6218757ef910	1718	10000	7ffe9f1a8980	2add	62187583d450	621875852b40	7ce40385f010	590000	590000	10000	142d
1.182059	7353a	6803	45d8	e	ab5427	6218757ef910	5b4	10000	7ffe9f1a8980	2add	62187583d450	621875852b40	7ce40239f010	ac0000	ac0000	10000	1142
1.187878	73519	6a1	45d8	a	d7b359	6218757ef910	84	10000	7ffe9f1a8980	2add	62187583d450	621875852b40	7ce40189f010	d80000	d80000	10000	fb6
1.197820	73521	180a9	45d8	10	1155bae	6218757ef910	1272	10000	7ffe9f1a8980	2add	62187583d450	621875852b40	7ce40095f010	1150000	1150000	10000	d91
1.210300	a534a	8dce8bf8858af83c	1985f	0	16394	e235	ceba060f0a3321d8	5d1	7ffe9f1a8978	1985f	0	1cb2d	e5968a040d341dd0	136c	800000000000e235	ceba060f0a3321d8	2add
1.223749	7353a	29	45d8	5	52c637	6218757ef910	5	10000	7ffe9f1a8980	2add	62187583d450	621875852b40	7ce4039df010	530000	530000	10000	1463
1.231413	7353a	a3	45d8	7	8b1894	6218757ef910	11	10000	7ffe9f1a8980	2add	62187583d450	621875852b40	7ce402b9f010	8c0000	8c0000	10000	1262
1.243411	734d9	621875812670	45d8	11	e42b3e	6218757ef910	1f9b	10000	7ffe9f1a8980	2add	62187583d450	621875852b40	7ce40159f010	e40000	e40000	10000	f4a
1.253251	7352d	3b3ab	45d8	11	12cc22f	6218757ef910	29a8	10000	7ffe9f1a8980	2add	62187583d450	621875852b40	7ce4003df010	12b0000	12b0000	10000	ccb
1.261972	7353a	3471b	45d8	11	16bfa19	6218757ef910	2560	10000	7ffe9f1a8980	2add	62187583d450	621875852b40	7ce3ff39f010	16c0000	16c0000	10000	a82
1.270705	7353a	83	45d8	7	2e88c2	6218757ef910	d	10000	7ffe9f1a8980	2add	62187583d450	621875852b40	7ce4042df010	2f0000	2f0000	10000	15a7
1.278301	73587	7ce404e5f010	bb4	11	64c9fb	6218757ef910	2add	10000	7ffe9f1a8980	2add	62187583d450	621875852b40	7ce4035df010	630000	bb0	10000	0
1.286913	7353a	6b	45d8	6	9b0393	6218757ef910	a	10000	7ffe9f1a8980	2add	62187583d450	621875852b40	7ce40279f010	9c0000	9c0000	10000	11d2
1.293277	7353a	179bf	45d8	10	c906e6	6218757ef910	1226	10000	7ffe9f1a8980	2add	62187583d450	621875852b40	7ce401c1f010	ca0000	ca0000	10000	1034
1.305065	73519	8f5	45d8	b	11efb67	6218757ef910	a5	10000	7ffe9f1a8980	2add	62187583d450	621875852b40	7ce4006df010	11f0000	11f0000	10000	d37
1.317550	7353a	841	45d8	b	94c88	6218757ef910	9c	10000	7ffe9f1a8980	2add	62187583d450	621875852b40	7ce404c1f010	a0000	a0000	10000	16f4
1.327227	73519	dd5	45d8	b	531956	6218757ef910	ea	10000	7ffe9f1a8980	2add	62187583d450	621875852b40	7ce40399f010	540000	540000	10000	145a
1.332833	1acbacd60b8a	7ce404e6aa38	2e8a	b360	ba28	7ce404e5f6d8	7ce404e6b100	2e8a	7ffe9f1a8978	7ce404e6aa38	62187583d450	621875852b40	7ce402fdf010	7c0000	7c0000	10000	12f2
1.344123	7353a	295	45d8	9	cc6579	6218757ef910	3d	10000	7ffe9f1a8980	2add	62187583d450	621875852b40	7ce401b5f010	cd0000	cd0000	10000	1019
1.355624	73519	5701	45d8	e	120e92d	6218757ef910	4e4	10000	7ffe9f1a8980	2add	62187583d450	621875852b40	7ce40065f010	1210000	1210000	10000	d25
1.364604	1acbacd6110a	0	0	7f08	621875efe390	0	621875f01000	7f	7ffe9f1a8978	0	621875efe390	6218757ab410	7ce404e1ace0	6218757ab4f8	7ce404e5f010	ab74	7f
1.377695	7353a	61	45d8	6	4d51ca	6218757ef910	9	10000	7ffe9f1a8980	2add	62187583d450	621875852b40	7ce403b1f010	4e0000	4e0000	10000	1490
1.392343	73519	1fd8f	45d8	10	b882e5	6218757ef910	17d6	10000	7ffe9f1a8980	2add	62187583d450	621875852b40	7ce40205f010	b90000	b90000	10000	10cd
1.405172	73519	443	45d8	a	110b639	6218757ef910	5c	10000	7ffe9f1a8980	2add	62187583d450	621875852b40	7ce400a5f010	1110000	1110000	10000	db5
1.411207	73540	16c3	45d8	c	13790a3	6218757ef910	16b	10000	7ffe9f1a8980	2add	62187583d450	621875852b40	7ce40009f010	1380000	1380000	10000	c56
1.417508	73519	ecc3	45d8	f	165483e	6218757ef910	bff	10000	7ffe9f1a8980	2add	62187583d450	621875852b40	7ce3ff51f010	1660000	1660000	10000	ab8
1.422745	73f3d	2add	621875794ab0	29ac	6218757af8f0	18e59	a485	621875f42030	7ffe9f1a8980	18e4b	1302	1	48b79d109586ff7c	2add	3a	1303	4a
1.428846	73587	7ce404e5f010	ea4	11	4ad05a	6218757ef910	2add	10000	7ffe9f1a8980	2add	62187583d450	621875852b40	7ce403cdf010	470000	ea0	10000	0
1.440754	73519	2983f	45d8	11	89c22b	6218757ef910	1e2d	10000	7ffe9f1a8980	2add	62187583d450	621875852b40	7ce402c1f010	8a0000	8a0000	10000	1274
1.452368	7359e	ffff	e4c4	11	e36522	6218757ef910	2add	10000	7ffe9f1a8980	2add	62187583d450	621875852b40	7ce40169f010	e00000	e4c0	10000	0
1.465559	734c5	2f32f	45d8	11	1437619	6218757ef910	2204	10000	7ffe9f1a8980	2add	62187583d450	621875852b40	7ce3ffe5f010	1410000	1410000	10000	c05
1.471850	73519	12f13	45d8	10	16c99e1	6218757ef910	eea	10000	7ffe9f1a8980	2add	62187583d450	621875852b40	7ce3ff35f010	16d0000	16d0000	10000	a79
1.479487	7353a	2e19	45d8	d	2ef448	6218757ef910	2af	10000	7ffe9f1a8980	2add	62187583d450	621875852b40	7ce4042df010	2f0000	2f0000	10000	15a7
1.493587	73519	281	45d8	9	933009	6218757ef910	3b	10000	7ffe9f1a8980	2add	62187583d450	621875852b40	7ce40299f010	940000	940000	10000	121a
1.499922	73519	2f	45d8	5	c19fc1	6218757ef910	6	10000	7ffe9f1a8980	2add	62187583d450	621875852b40	7ce401e1f010	c20000	c20000	10000	107c
1.507422	734d4	621875812670	45d8	11	fae0fc	6218757ef910	1d61	10000	7ffe9f1a8980	2add	62187583d450	621875852b40	7ce40101f010	fa0000	fa0000	10000	e84
1.513615	7357c	270c	2708	11	128ab00	6218757ef910	2add	10000	7ffe9f1a8980	2add	62187583d450	621875852b40	7ce4004df010	1270000	2704	10000	0
1.518902	7353a	83	45d8	7	14cc0d5	6218757ef910	d	10000	7ffe9f1a8980	2add	62187583d450	621875852b40	7ce3ffb5f010	14d0000	14d0000	10000	b99
1.525326	73519	33913	45d8	11	62912	6218757ef910	24d2	10000	7ffe9f1a8980	2add	62187583d450	621875852b40	7ce404cdf010	70000	70000	10000	170f
1.537476	73519	28bd7	45d8	11	6089bf	6218757ef910	1d9f	10000	7ffe9f1a8980	2add	62187583d450	621875852b40	7ce40365f010	610000	610000	10000	13e5
1.543979	7359e	ffff	ff54	11	916220	6218757ef910	2add	10000	7ffe9f1a8980	2add	62187583d450	621875852b40	7ce402a9f010	900000	ff50	10000	0
1.558747	73519	34c55	45d8	11	dfe200	6218757ef910	2595	10000	7ffe9f1a8980	2add	62187583d450	621875852b40	7ce40169f010	e00000	e00000	10000	f6e
1.568214	73529	35425	45d8	11	1273966	6218757ef910	25e8	10000	7ffe9f1a8980	2add	62187583d450	621875852b40	7ce40051f010	1260000	1260000	10000	cf8
1.580729	7352d	2027b	45d8	11	1246c5	6218757ef910	180c	10000	7ffe9f1a8980	2add	62187583d450	621875852b40	7ce404a1f010	120000	120000	10000	16ac
1.595541	7353a	3109	45d8	d	7ed39d	6218757ef910	2dc	10000	7ffe9f1a8980	2add	62187583d450	621875852b40	7ce402edf010	7f0000	7f0000	10000	12d7
1.610602	7353a	16af	45d8	c	f1cf79	6218757ef910	169	10000	7ffe9f1a8980	2add	62187583d450	621875852b40	7ce40121f010	f20000	f20000	10000	ecc
1.622560	73519	6d	45d8	6	14dd8b5	6218757ef910	b	10000	7ffe9f1a8980	2add	62187583d450	621875852b40	7ce3ffb1f010	14e0000	14e0000	10000	b90
1.634069	7353a	3bf75	45d8	11	2bfc4f	6218757ef910	2a1e	10000	7ffe9f1a8980	2add	62187583d450	621875852b40	7ce40439f010	2c0000	2c0000	10000	15c2
1.647247	1acbacd60b8a	7ce404e8d8b0	45d8	10a70	11760	7ce404e5fd00	7ce404e8e5a0	ba28	7ffe9f1a8978	7ce404e8d8b0	62187583d450	621875852b40	7ce402f1f010	7f0000	7f0000	10000	12d7
1.658490	7353a	281c3	45d8	11	d0f5a6	6218757ef910	1d38	10000	7ffe9f1a8980	2add	62187583d450	621875852b40	7ce401a5f010	d10000	d10000	10000	ff5
1.666654	7353a	1f0b5	45d8	10	10cc5a7	6218757ef910	1744	10000	7ffe9f1a8980	2add	62187583d450	621875852b40	7ce400b5f010	10d0000	10d0000	10000	dd9
1.678263	7353a	2f0b	45d8	d	1631691	6218757ef910	2c1	10000	7ffe9f1a8980	2add	62187583d450	621875852b40	7ce3ff59f010	1640000	1640000	10000	aca
1.683882	7353a	751	45d8	a	1b0023	6218757ef910	8b	10000	7ffe9f1a8980	2add	62187583d450	621875852b40	7ce40479f010	1c0000	1c0000	10000	1652
1.690138	73519	2f	45d8	5	480058	6218757ef910	6	10000	7ffe9f1a8980	2add	62187583d450	621875852b40	7ce403c5f010	490000	490000	10000	14bd
1.702500	73519	2d187	45d8	11	a64adf	6218757ef910	20a9	10000	7ffe9f1a8980	2add	62187583d450	621875852b40	7ce4024df010	a70000	a70000	10000	116f
1.716003	73519	43	45d8	6	109439e	6218757ef910	8	10000	7ffe9f1a8980	2add	62187583d450	621875852b40	7ce400c1f010	10a0000	10a0000	10000	df4
1.729589	72b92	ffffffffffff6d08	1851b	1851b	fffffffffffee530	13ecb	12a1	27f8f	7ffe9f1a8980	1851b	0	0	e5968a040d341dd0	12a1	7fffffffffffba45	cc2a6142e5f6b443	2add
1.743675	734c5	27db1	45d8	11	5459e1	6218757ef910	1d07	10000	7ffe9f1a8980	2add	62187583d450	621875852b40	7ce4039df010	530000	530000	10000	1463
1.749269	73519	326bf	45d8	11	7ac6d4	6218757ef910	240a	10000	7ffe9f1a8980	2add	62187583d450	621875852b40	7ce402fdf010	7b0000	7b0000	10000	12fb
1.760053	73596	7ce404e5f010	fe2c	11	cc9d79	6218757ef910	2add	10000	7ffe9f1a8980	2add	62187583d450	621875852b40	7ce401b9f010	cc0000	fe28	10000	0
1.767213	7353a	6139	45d8	e	1010faa	6218757ef910	55f	10000	7ffe9f1a8980	2add	62187583d450	621875852b40	7ce400e1f010	1020000	1020000	10000	e3c
1.781847	73519	61	45d8	6	1686139	6218757ef910	9	10000	7ffe9f1a8980	2add	62187583d450	621875852b40	7ce3ff45f010	1690000	1690000	10000	a9d
1.794365	73ffe	0	621875794ab0	621e578407e2	621876035f90	62187578a010	7	7e	7ffe9f1a8980	621875872fa0	621875872fa0	4	48b79d109586ff7c	2add	7ce404e5f010	2	7e
1.808468	73515	3f5	45d8	9	bc03e5	6218757ef910	55	10000	7ffe9f1a8980	2add	62187583d450	621875852b40	7ce401f5f010	bd0000	bd0000	10000	10a9
1.821018	1acbacd60b8a	7ce404e6aa38	2e8a	85a0	ba28	7ce404e62498	7ce404e6dec0	2e8a	7ffe9f1a8978	7ce404e6aa38	62187583d450	621875852b40	7ce40095f010	1160000	1160000	10000	d88
1.830884	7353a	cb3	45d8	b	154d4b5	6218757ef910	d9	10000	7ffe9f1a8980	2add	62187583d450	621875852b40	7ce3ff95f010	1550000	1550000	10000	b51
1.839644	73515	26e73	45d8	11	1e65a9	6218757ef910	1c65	10000	7ffe9f1a8980	2add	62187583d450	621875852b40	7ce4046df010	1f0000	1f0000	10000	1637
1.852337	73519	277	45d8	9	66a94b	6218757ef910	3a	10000	7ffe9f1a8980	2add	62187583d450	621875852b40	7ce4034df010	670000	670000	10000	13af
1.860616	73529	2736b	45d8	11	a00004	6218757ef910	1c90	10000	7ffe9f1a8980	2add	62187583d450	621875852b40	7ce4026df010	9f0000	9f0000	10000	11b7
1.870454	73519	1f039	45d8	10	e63a43	6218757ef910	173e	10000	7ffe9f1a8980	2add	62187583d450	621875852b40	7ce4014df010	e70000	e70000	10000	f2f
1.875988	7353a	ade7	45d8	f	10ded91	6218757ef910	91e	10000	7ffe9f1a8980	2add	62187583d450	621875852b40	7ce400b1f010	10e0000	10e0000	10000	dd0
1.890104	72b92	ffffffffffffee81	a289	a289	fffffffffffff71e	4d91	891	bcf6	7ffe9f1a8980	a289	0	1cb2d	e5968a040d341dd0	891	7fffffffffff39d4	228380e957c3b30a	2add
1.901492	7353a	101	45d8	8	3e0c75	6218757ef910	1b	10000	7ffe9f1a8980	2add	62187583d450	621875852b40	7ce403edf010	3f0000	3f0000	10000	1517
1.912878	7351c	143b	45d8	c	94911a	6218757ef910	144	10000	7ffe9f1a8980	2add	62187583d450	621875852b40	7ce40295f010	950000	950000	10000	1211
1.926888	73519	329	45d8	9	f70a43	6218757ef910	46	10000	7ffe9f1a8980	2add	62187583d450	621875852b40	7ce40109f010	f80000	f80000	10000	e96
1.938250	7353a	59f	45d8	a	14b3a4c	6218757ef910	71	10000	7ffe9f1a8980	2add	62187583d450	621875852b40	7ce3ffb9f010	14c0000	14c0000	10000	ba2
1.947461	7353a	6b	45d8	6	1cfcf9	6218757ef910	a	10000	7ffe9f1a8980	2add	62187583d450	621875852b40	7ce40475f010	1d0000	1d0000	10000	1649
1.958305	73519	2b265	45d8	11	6e14f3	6218757ef910	1f58	10000	7ffe9f1a8980	2add	62187583d450	621875852b40	7ce4032df010	6f0000	6f0000	10000	1367
1.973069	7353a	e5	45d8	7	db2970	6218757ef910	18	10000	7ffe9f1a8980	2add	62187583d450	621875852b40	7ce40179f010	dc0000	dc0000	10000	f92
1.981295	7353a	3cf89	45d8	11	1144509	6218757ef910	2acc	10000	7ffe9f1a8980	2add	62187583d450	621875852b40	7ce40095f010	1150000	1150000	10000	d91
1.991269	7352d	f72d	45d8	f	1530ab7	6218757ef910	c79	10000	7ffe9f1a8980	2add	62187583d450	621875852b40	7ce3ff9df010	1530000	1530000	10000	b63
1.999669	73536	2b0c9	45d8	11	1bbb68	6218757ef910	1f45	10000	7ffe9f1a8980	2add	62187583d450	621875852b40	7ce40479f010	1c0000	1c0000	10000	1652
2.007248	734c1	4ce1	45d8	e	5505a2	6218757ef910	453	10000	7ffe9f1a8980	2add	62187583d450	621875852b40	7ce40395f010	550000	550000	10000	1451
2.019909	7353a	e5	45d8	7	b377a5	6218757ef910	18	10000	7ffe9f1a8980	2add	62187583d450	621875852b40	7ce40219f010	b40000	b40000	10000	10fa
2.027057	73519	6d	45d8	6	e75ac5	6218757ef910	b	10000	7ffe9f1a8980	2add	62187583d450	621875852b40	7ce40149f010	e80000	e80000	10000	f26
2.036938	73519	11ef	45d8	c	13018ef	6218757ef910	127	10000	7ffe9f1a8980	2add	62187583d450	621875852b40	7ce40025f010	1310000	1310000	10000	c95
2.043363	1acbacd60b8a	7ce404e8d8b0	45d8	3930	11760	7ce404e6ce40	7ce404e9b6e0	ba28	7ffe9f1a8978	7ce404e8d8b0	62187583d450	621875852b40	7ce3ff79f010	15d0000	15d0000	10000	b09
2.051215	7353a	29	45d8	5	1c8a1e	6218757ef910	5	10000	7ffe9f1a8980	2add	62187583d450	621875852b40	7ce40475f010	1d0000	1d0000	10000	1649
2.065560	73519	240e9	45d8	11	73bb4f	6218757ef910	1a9d	10000	7ffe9f1a8980	2add	62187583d450	621875852b40	7ce40319f010	740000	740000	10000	133a
2.073483	73519	136d	45d8	c	aa62e8	6218757ef910	13a	10000	7ffe9f1a8980	2add	62187583d450	621875852b40	7ce4023df010	ab0000	ab0000	10000	114b
2.083834	73519	14dc7	45d8	10	f730a9	6218757ef910	1049	10000	7ffe9f1a8980	2add	62187583d450	621875852b40	7ce40109f010	f80000	f80000	10000	e96
2.092217	73519	c7	45d8	7	135765b	6218757ef910	14	10000	7ffe9f1a8980	2add	62187583d450	621875852b40	7ce40011f010	1360000	1360000	10000	c68
2.099877	73519	72c7	45d8	e	168ebcc	6218757ef910	63c	10000	7ffe9f1a8980	2add	62187583d450	621875852b40	7ce3ff45f010	1690000	1690000	10000	a9d
2.114113	73519	23e81	45d8	11	5b6a3b	6218757ef910	1a86	10000	7ffe9f1a8980	2add	62187583d450	621875852b40	7ce40379f010	5c0000	5c0000	10000	1412
2.123921	7353a	29731	45d8	11	a2a75d	6218757ef910	1e1d	10000	7ffe9f1a8980	2add	62187583d450	621875852b40	7ce4025df010	a30000	a30000	10000	1193
2.134528	7353a	1445	45d8	c	ee4397	6218757ef910	145	10000	7ffe9f1a8980	2add	62187583d450	621875852b40	7ce4012df010	ef0000	ef0000	10000	ee7
2.140646	7353a	a3	45d8	7	11ac520	6218757ef910	11	10000	7ffe9f1a8980	2add	62187583d450	621875852b40	7ce4007df010	11b0000	11b0000	10000	d5b
2.153947	7353a	2f	45d8	5	3a11a	6218757ef910	6	10000	7ffe9f1a8980	2add	62187583d450	621875852b40	7ce404d9f010	40000	40000	10000	172a
2.164882	73540	905	45d8	b	52259d	6218757ef910	a6	10000	7ffe9f1a8980	2add	62187583d450	621875852b40	7ce4039df010	530000	530000	10000	1463
2.174802	73529	2b849	45d8	11	95678a	6218757ef910	1f9d	10000	7ffe9f1a8980	2add	62187583d450	621875852b40	7ce40299f010	940000	940000	10000	121a
2.184595	73519	2a5ab	45d8	11	d26cef	6218757ef910	1ec5	10000	7ffe9f1a8980	2add	62187583d450	621875852b40	7ce4019df010	d30000	d30000	10000	fe3
2.195367	73519	4d8d	45d8	e	11afa6f	6218757ef910	462	10000	7ffe9f1a8980	2add	62187583d450	621875852b40	7ce4007df010	11b0000	11b0000	10000	d5b
2.206207	7353a	1b7c7	45d8	10	161f023	6218757ef910	14c1	10000	7ffe9f1a8980	2add	62187583d450	621875852b40	7ce3ff61f010	1620000	1620000	10000	adc
2.216743	73515	61	45d8	6	31fcb0	6218757ef910	9	10000	7ffe9f1a8980	2add	62187583d450	621875852b40	7ce40421f010	320000	320000	10000	158c
2.222176	73536	3079	45d8	d	57d0cd	6218757ef910	2d2	10000	7ffe9f1a8980	2add	62187583d450	621875852b40	7ce40389f010	580000	580000	10000	1436
2.231009	7352d	178c3	45d8	10	987b5e	6218757ef910	121c	10000	7ffe9f1a8980	2add	62187583d450	621875852b40	7ce40289f010	980000	980000	10000	11f6
2.240783	73519	362b1	45d8	11	de6198	6218757ef910	267a	10000	7ffe9f1a8980	2add	62187583d450	621875852b40	7ce4016df010	df0000	df0000	10000	f77
2.248641	7353a	14233	45d8	10	117fa6c	6218757ef910	fd0	10000	7ffe9f1a8980	2add	62187583d450	621875852b40	7ce40089f010	1180000	1180000	10000	d76
2.258531	7353a	286f1	45d8	11	16103b2	6218757ef910	1d6f	10000	7ffe9f1a8980	2add	62187583d450	621875852b40	7ce3ff61f010	1620000	1620000	10000	adc
2.271595	73519	107b	45d8	c	508717	6218757ef910	10d	10000	7ffe9f1a8980	2add	62187583d450	621875852b40	7ce403a5f010	510000	510000	10000	1475
2.282416	7352d	2a24b	45d8	11	9f1e4c	6218757ef910	1ea4	10000	7ffe9f1a8980	2add	62187583d450	621875852b40	7ce40271f010	9e0000	9e0000	10000	11c0
2.296635	73519	1c931	45d8	10	10589e5	6218757ef910	158e	10000	7ffe9f1a8980	2add	62187583d450	621875852b40	7ce400d1f010	1060000	1060000	10000	e18
2.308433	73519	7c3	45d8	a	15e909d	6218757ef910	91	10000	7ffe9f1a8980	2add	62187583d450	621875852b40	7ce3ff6df010	15f0000	15f0000	10000	af7
2.320404	73519	d523	45d8	f	45fa83	6218757ef910	ae2	10000	7ffe9f1a8980	2add	62187583d450	621875852b40	7ce403d1f010	460000	460000	10000	14d8
2.328918	73519	295	45d8	9	8620bf	6218757ef910	3d	10000	7ffe9f1a8980	2add	62187583d450	621875852b40	7ce402cdf010	870000	870000	10000	128f
2.339889	73540	35	45d8	5	d4a407	6218757ef910	7	10000	7ffe9f1a8980	2add	62187583d450	621875852b40	7ce40195f010	d50000	d50000	10000	fd1
2.353068	73519	357d9	45d8	11	133a8f6	6218757ef910	2617	10000	7ffe9f1a8980	2add	62187583d450	621875852b40	7ce40019f010	1340000	1340000	10000	c7a
2.361035	73519	1c361	45d8	10	16d8d85	6218757ef910	1543	10000	7ffe9f1a8980	2add	62187583d450	621875852b40	7ce3ff31f010	16e0000	16e0000	10000	a70
2.372454	73515	212f9	45d8	11	4fa31d	6218757ef910	18bb	10000	7ffe9f1a8980	2add	62187583d450	621875852b40	7ce403a9f010	500000	500000	10000	147e
2.383711	7350c	32503	45d8	11	62187583d450	6218757ef910	23f6	10000	7ffe9f1a8980	2add	62187583d450	621875852b40	7ce4025df010	a30000	a30000	10000	1193
2.394621	7353a	3f7d	45d8	d	f20828	6218757ef910	3a7	10000	7ffe9f1a8980	2add	62187583d450	621875852b40	7ce4011df010	f30000	f30000	10000	ec3
2.404134	73519	318eb	45d8	11	139d75a	6218757ef910	237c	10000	7ffe9f1a8980	2add	62187583d450	621875852b40	7ce40001f010	13a0000	13a0000	10000	c44
2.418373	73519	4d41	45d8	e	2fbf70	6218757ef910	45c	10000	7ffe9f1a8980	2add	62187583d450	621875852b40	7ce40429f010	300000	300000	10000	159e
2.432648	7353a	21eb9	45d8	11	91589f	6218757ef910	1931	10000	7ffe9f1a8980	2add	62187583d450	621875852b40	7ce402a1f010	920000	920000	10000	122c
2.438210	7353a	fb	45d8	7	b9fc92	6218757ef910	1a	10000	7ffe9f1a8980	2add	62187583d450	621875852b40	7ce40201f010	ba0000	ba0000	10000	10c4
2.452388	73519	18a31	45d8	10	125da96	6218757ef910	12d0	10000	7ffe9f1a8980	2add	62187583d450	621875852b40	7ce40051f010	1260000	1260000	10000	cf8
2.467298	734c5	196ab	45d8	10	1c3f50	6218757ef910	135a	10000	7ffe9f1a8980	2add	62187583d450	621875852b40	7ce40479f010	1c0000	1c0000	10000	1652
2.478120	1acbacc64870	0	7ce404e1ac80	ab81	15fc1	6218768f6040	3	ab74	7ffe9f1a8870	0	6218768eb4d0	621875b6e0a0	7ce404e1ace0	ffffffffffffffa0	ab80	62187578a010	ab6
2.484797	73519	139f	45d8	c	9c3848	6218757ef910	13e	10000	7ffe9f1a8980	2add	62187583d450	621875852b40	7ce40275f010	9d0000	9d0000	10000	11c9
2.497288	734e3	2add	45d8	f	fc61ed	6218757ef910	8dc	10000	7ffe9f1a8980	2add	62187583d450	621875852b40	7ce400f9f010	fc0000	fc0000	10000	e72
2.505980	73529	24b1b	45d8	11	13cecd6	6218757ef910	1afc	10000	7ffe9f1a8980	2add	62187583d450	621875852b40	7ce3fff9f010	13c0000	13c0000	10000	c32
2.518386	734fd	6218757af8f0	45d8	f	2708ed	6218757ef910	866	10000	7ffe9f1a8980	2add	62187583d450	621875852b40	7ce4044df010	270000	270000	10000	15ef
2.525657	73540	4e1	45d8	a	5cf780	6218757ef910	66	10000	7ffe9f1a8980	2add	62187583d450	621875852b40	7ce40375f010	5d0000	5d0000	10000	1409
2.534225	73519	11c3	45d8	c	9cdabc	6218757ef910	124	10000	7ffe9f1a8980	2add	62187583d450	621875852b40	7ce40275f010	9d0000	9d0000	10000	11c9
2.546041	7357f	d33c	d338	11	f284bd	6218757ef910	2add	10000	7ffe9f1a8980	2add	62187583d450	621875852b40	7ce40121f010	f20000	d338	10000	0
2.556752	73f39	2add	621875794ab0	2e814	6218757af8f0	3472f	0	62187697d740	7ffe9f1a8980	34721	2562	6218760a1660	48b79d109586ff7c	2add	4	2563	15
2.562711	7353a	2b541	45d8	11	16883b3	6218757ef910	1f7c	10000	7ffe9f1a8980	2add	62187583d450	621875852b40	7ce3ff45f010	1690000	1690000	10000	a9d
2.576601	734d9	621875812670	45d8	10	5d6c2e	6218757ef910	141a	10000	7ffe9f1a8980	2add	62187583d450	621875852b40	7ce40375f010	5d0000	5d0000	10000	1409
2.583883	734c5	c145	45d8	f	931888	6218757ef910	9fc	10000	7ffe9f1a8980	2add	62187583d450	621875852b40	7ce4029df010	930000	930000	10000	1223
2.591860	7353a	a7	45d8	7	ce2490	6218757ef910	12	10000	7ffe9f1a8980	2add	62187583d450	621875852b40	7ce401adf010	cf0000	cf0000	10000	1007
2.599742	7359e	ffff	fec4	11	10ab3c2	6218757ef910	2add	10000	7ffe9f1a8980	2add	62187583d450	621875852b40	7ce400c5f010	1090000	fec0	10000	0
2.614796	73519	8b91	45d8	f	81ee2	6218757ef910	775	10000	7ffe9f1a8980	2add	62187583d450	621875852b40	7ce404c5f010	90000	90000	10000	16fd
2.625621	734c8	1929d	45d8	10	5a027f	6218757ef910	1331	10000	7ffe9f1a8980	2add	62187583d450	621875852b40	7ce40381f010	5a0000	5a0000	10000	1424
2.635650	73519	2f	45d8	5	a5e2b1	6218757ef910	6	10000	7ffe9f1a8980	2add	62187583d450	621875852b40	7ce40251f010	a60000	a60000	10000	1178
2.648542	73587	7ce404e5f010	c84	11	fc0e33	6218757ef910	2add	10000	7ffe9f1a8980	2add	62187583d450	621875852b40	7ce400fdf010	fb0000	c80	10000	0
2.662867	73519	3631	45d8	d	16280fa	6218757ef910	321	10000	7ffe9f1a8980	2add	62187583d450	621875852b40	7ce3ff5df010	1630000	1630000	10000	ad3
2.676578	7353a	33421	45d8	11	5112a5	6218757ef910	249a	10000	7ffe9f1a8980	2add	62187583d450	621875852b40	7ce403a1f010	520000	520000	10000	146c
2.687549	7353a	15da9	45d8	10	98bd40	6218757ef910	10f0	10000	7ffe9f1a8980	2add	62187583d450	621875852b40	7ce40285f010	990000	990000	10000	11ed
2.698811	73519	1c2a3	45d8	10	e7fe77	6218757ef910	153b	10000	7ffe9f1a8980	2add	62187583d450	621875852b40	7ce40149f010	e80000	e80000	10000	f26
2.708035	7353a	301fd	45d8	11	12df03e	6218757ef910	2296	10000	7ffe9f1a8980	2add	62187583d450	621875852b40	7ce40031f010	12e0000	12e0000	10000	cb0
2.715985	73519	444b	45d8	e	168c78d	6218757ef910	3e8	10000	7ffe9f1a8980	2add	62187583d450	621875852b40	7ce3ff45f010	1690000	1690000	10000	a9d
2.728315	7353a	14b	45d8	8	52d907	6218757ef910	20	10000	7ffe9f1a8980	2add	62187583d450	621875852b40	7ce4039df010	530000	530000	10000	1463
2.733991	7353a	3c491	45d8	11	7b6f77	6218757ef910	2a53	10000	7ffe9f1a8980	2add	62187583d450	621875852b40	7ce402f9f010	7c0000	7c0000	10000	12f2
2.748913	7351c	c8dd	45d8	f	e8e714	6218757ef910	a52	10000	7ffe9f1a8980	2add	62187583d450	621875852b40	7ce40145f010	e90000	e90000	10000	f1d
2.763423	7353a	1611d	45d8	10	15163a7	6218757ef910	1119	10000	7ffe9f1a8980	2add	62187583d450	621875852b40	7ce3ffa1f010	1520000	1520000	10000	b6c
2.769168	73519	77e1	45d8	e	9195d	6218757ef910	675	10000	7ffe9f1a8980	2add	62187583d450	621875852b40	7ce404c1f010	a0000	a0000	10000	16f4
2.777751	734c1	27af9	45d8	11	49284b	6218757ef910	1ce3	10000	7ffe9f1a8980	2add	62187583d450	621875852b40	7ce403c9f010	480000	480000	10000	14c6
2.791971	7357c	f12c	f128	11	99e8f2	6218757ef910	2add	10000	7ffe9f1a8980	2add	62187583d450	621875852b40	7ce40289f010	980000	f124	10000	0
2.805542	73519	fdc9	45d8	f	f71e89	6218757ef910	cce	10000	7ffe9f1a8980	2add	62187583d450	621875852b40	7ce40109f010	f80000	f80000	10000	e96
2.814000	73519	755	45d8	a	128bc5f	6218757ef910	8c	10000	7ffe9f1a8980	2add	62187583d450	621875852b40	7ce40045f010	1290000	1290000	10000	cdd
2.828303	73519	2ef	45d8	9	1ebebe	6218757ef910	41	10000	7ffe9f1a8980	2add	62187583d450	621875852b40	7ce4046df010	1f0000	1f0000	10000	1637
2.834082	73519	fb	45d8	7	47471d	6218757ef910	1a	10000	7ffe9f1a8980	2add	62187583d450	621875852b40	7ce403c9f010	480000	480000	10000	14c6
2.848589	73510	395ff	45d8	11	b63382	6218757ef910	287b	10000	7ffe9f1a8980	2add	62187583d450	621875852b40	7ce40219f010	b40000	b40000	10000	10fa
2.861695	7353a	43	45d8	6	11377f3	6218757ef910	8	10000	7ffe9f1a8980	2add	62187583d450	621875852b40	7ce40099f010	1140000	1140000	10000	d9a
2.867120	73519	26d79	45d8	11	13a3cfe	6218757ef910	1c5c	10000	7ffe9f1a8980	2add	62187583d450	621875852b40	7ce3fffdf010	13b0000	13b0000	10000	c3b
2.881710	1acbacd60b8a	7ce404e76460	5d14	ba10	17450	7ce404e6aa50	7ce404e81ea0	5d14	7ffe9f1a8978	7ce404e76460	62187583d450	621875852b40	7ce40425f010	320000	320000	10000	158c
2.896046	73519	593	45d8	a	9abb4f	6218757ef910	70	10000	7ffe9f1a8980	2add	62187583d450	621875852b40	7ce4027df010	9b0000	9b0000	10000	11db
2.907975	73519	d12f	45d8	f	f260fd	6218757ef910	abd	10000	7ffe9f1a8980	2add	62187583d450	621875852b40	7ce4011df010	f30000	f30000	10000	ec3
2.922608	734c5	3105d	45d8	11	15da7f5	6218757ef910	2326	10000	7ffe9f1a8980	2add	62187583d450	621875852b40	7ce3ff75f010	15d0000	15d0000	10000	b09
2.928869	7353a	1b7	45d8	8	191faa	6218757ef910	2b	10000	7ffe9f1a8980	2add	62187583d450	621875852b40	7ce40481f010	1a0000	1a0000	10000	1664
2.936239	73536	115f9	45d8	10	4e339d	6218757ef910	dda	10000	7ffe9f1a8980	2add	62187583d450	621875852b40	7ce403adf010	4f0000	4f0000	10000	1487
2.944498	73519	29	45d8	5	8bf1bc	6218757ef910	5	10000	7ffe9f1a8980	2add	62187583d450	621875852b40	7ce402b9f010	8c0000	8c0000	10000	1262
2.953032	7353a	35	45d8	5	c76149	6218757ef910	7	10000	7ffe9f1a8980	2add	62187583d450	621875852b40	7ce401c9f010	c80000	c80000	10000	1046
2.958600	7353a	3afff	45d8	11	ef5eed	6218757ef910	2985	10000	7ffe9f1a8980	2add	62187583d450	621875852b40	7ce40129f010	f00000	f00000	10000	ede
2.973486	73519	2464d	45d8	11	14ad44b	6218757ef910	1ad0	10000	7ffe9f1a8980	2add	62187583d450	621875852b40	7ce3ffbdf010	14b0000	14b0000	10000	bab
2.984306	73536	1b18d	45d8	10	200dc8	6218757ef910	1478	10000	7ffe9f1a8980	2add	62187583d450	621875852b40	7ce40465f010	210000	210000	10000	1625
2.993160	734c1	dac9	45d8	f	5c24fa	6218757ef910	b23	10000	7ffe9f1a8980	2add	62187583d450	621875852b40	7ce40379f010	5c0000	5c0000	10000	1412
3.004517	73519	2a3dd	45d8	11	a25f3a	6218757ef910	1eb7	10000	7ffe9f1a8980	2add	62187583d450	621875852b40	7ce4025df010	a30000	a30000	10000	1193
3.017841	73519	3b1f1	45d8	11	fef6e1	6218757ef910	2999	10000	7ffe9f1a8980	2add	62187583d450	621875852b40	7ce400edf010	ff0000	ff0000	10000	e57
3.023555	7353a	c7	45d8	7	127c0de	6218757ef910	14	10000	7ffe9f1a8980	2add	62187583d450	621875852b40	7ce40049f010	1280000	1280000	10000	ce6
3.029961	7353a	1fa2d	45d8	10	15207c2	6218757ef910	17ae	10000	7ffe9f1a8980	2add	62187583d450	621875852b40	7ce3ff9df010	1530000	1530000	10000	b63
3.043959	7353a	35	45d8	5	4584e0	6218757ef910	7	10000	7ffe9f1a8980	2add	62187583d450	621875852b40	7ce403d1f010	460000	460000	10000	14d8
3.052047	7359a	7ce404e5f010	19bc	11	7e04dc	6218757ef910	2add	10000	7ffe9f1a8980	2add	62187583d450	621875852b40	7ce402f5f010	7d0000	19b8	10000	0
3.065477	73542	2719	45d8	d	dd2635	6218757ef910	24b	10000	7ffe9f1a8980	2add	62187583d450	621875852b40	7ce40175f010	dd0000	dd0000	10000	f89
3.072658	73519	1c733	45d8	10	111956f	6218757ef910	1573	10000	7ffe9f1a8980	2add	62187583d450	621875852b40	7ce400a1f010	1120000	1120000	10000	dac
3.087117	73519	27c79	45d8	11	e5cd6	6218757ef910	1cf9	10000	7ffe9f1a8980	2add	62187583d450	621875852b40	7ce404adf010	f0000	f0000	10000	16c7
3.096634	7353a	2ef03	45d8	11	5538a3	6218757ef910	21d9	10000	7ffe9f1a8980	2add	62187583d450	621875852b40	7ce40391f010	560000	560000	10000	1448
3.106531	73519	12a0f	45d8	10	9d2cdc	6218757ef910	eb2	10000	7ffe9f1a8980	2add	62187583d450	621875852b40	7ce40271f010	9e0000	9e0000	10000	11c0
3.119634	7353a	78d	45d8	a	fd7763	6218757ef910	8f	10000	7ffe9f1a8980	2add	62187583d450	621875852b40	7ce400f1f010	fe0000	fe0000	10000	e60
3.127813	73519	5efd	45d8	e	13a7147	6218757ef910	54a	10000	7ffe9f1a8980	2add	62187583d450	621875852b40	7ce3fffdf010	13b0000	13b0000	10000	c3b
3.139515	7352d	32137	45d8	11	1c68a0	6218757ef910	23cd	10000	7ffe9f1a8980	2add	62187583d450	621875852b40	7ce40479f010	1c0000	1c0000	10000	1652
3.147971	7353a	1fc7b	45d8	10	58e24a	6218757ef910	17c7	10000	7ffe9f1a8980	2add	62187583d450	621875852b40	7ce40385f010	590000	590000	10000	142d
3.153240	7353a	ad	45d8	7	80e5fa	6218757ef910	13	10000	7ffe9f1a8980	2add	62187583d450	621875852b40	7ce402e5f010	810000	810000	10000	12c5
3.168185	73540	d3	45d8	7	edd40c	6218757ef910	15	10000	7ffe9f1a8980	2add	62187583d450	621875852b40	7ce40131f010	ee0000	ee0000	10000	ef0
3.178882	73519	1f589	45d8	10	13affbd	6218757ef910	1778	10000	7ffe9f1a8980	2add	62187583d450	621875852b40	7ce3fffdf010	13b0000	13b0000	10000	c3b
3.192322	7353a	23cd7	45d8	11	232d34	6218757ef910	1a72	10000	7ffe9f1a8980	2add	62187583d450	621875852b40	7ce40459f010	240000	240000	10000	160a
3.200611	73519	fef	45d8	b	52c333	6218757ef910	105	10000	7ffe9f1a8980	2add	62187583d450	621875852b40	7ce4039df010	530000	530000	10000	1463
3.208323	73519	34e7f	45d8	11	8aee35	6218757ef910	25a9	10000	7ffe9f1a8980	2add	62187583d450	621875852b40	7ce402bdf010	8b0000	8b0000	10000	126b
3.215384	1acbacd60b8a	7ce404e76460	5d14	11c10	17450	7ce404e64850	7ce404e7bca0	5d14	7ffe9f1a8978	7ce404e76460	62187583d450	621875852b40	7ce401f1f010	bf0000	bf0000	10000	1097
3.226812	73540	22e5	45d8	d	11125a6	6218757ef910	20b	10000	7ffe9f1a8980	2add	62187583d450	621875852b40	7ce400a1f010	1120000	1120000	10000	dac
3.235735	7353a	151db	45d8	10	150acdc	6218757ef910	1071	10000	7ffe9f1a8980	2add	62187583d450	621875852b40	7ce3ffa5f010	1510000	1510000	10000	b75
3.248763	73519	42d	45d8	a	31d7ab	6218757ef910	5a	10000	7ffe9f1a8980	2add	62187583d450	621875852b40	7ce40421f010	320000	320000	10000	158c
3.255370	73515	1a4c5	45d8	10	628dd7	6218757ef910	13f2	10000	7ffe9f1a8980	2add	62187583d450	621875852b40	7ce4035df010	630000	630000	10000	13d3
3.261269	73519	abd	45d8	b	8a7425	6218757ef910	c1	10000	7ffe9f1a8980	2add	62187583d450	621875852b40	7ce402bdf010	8b0000	8b0000	10000	126b
3.275598	73519	23df5	45d8	11	ee789a	6218757ef910	1a7f	10000	7ffe9f1a8980	2add	62187583d450	621875852b40	7ce4012df010	ef0000	ef0000	10000	ee7
3.286153	73519	557	45d8	a	13d7658	6218757ef910	6d	10000	7ffe9f1a8980	2add	62187583d450	621875852b40	7ce3fff1f010	13e0000	13e0000	10000	c20
3.291872	73521	28c6d	45d8	11	166c2d2	6218757ef910	1da7	10000	7ffe9f1a8980	2add	62187583d450	621875852b40	7ce3ff51f010	1660000	1660000	10000	ab8
3.305127	7359a	7ce404e5f010	7790	11	54e44a	6218757ef910	2add	10000	7ffe9f1a8980	2add	62187583d450	621875852b40	7ce40399f010	540000	778c	10000	0
3.315644	1acbacc6320b	20551	7ce404e1ac80	621877139f30	ab81	621877144ab0	7ce404e1ac80	ab80	7ffe9f1a8800	0	0	62187713a000	206	d0	621877139f30	1000	aba0
3.321245	7353a	6d	45d8	6	b0b4e9	6218757ef910	b	10000	7ffe9f1a8980	2add	62187583d450	621875852b40	7ce40225f010	b10000	b10000	10000	1115
3.335524	73519	337	45d8	9	1160cd6	6218757ef910	49	10000	7ffe9f1a8980	2add	62187583d450	621875852b40	7ce4008df010	1170000	1170000	10000	d7f
3.349908	73519	d3	45d8	7	1693b65	6218757ef910	15	10000	7ffe9f1a8980	2add	62187583d450	621875852b40	7ce3ff41f010	16a0000	16a0000	10000	a94
3.355957	73510	6a75	45d8	e	2241e6	6218757ef910	5d0	10000	7ffe9f1a8980	2add	62187583d450	621875852b40	7ce4045df010	230000	230000	10000	1613
3.366008	73529	1f75d	45d8	10	645aea	6218757ef910	178c	10000	7ffe9f1a8980	2add	62187583d450	621875852b40	7ce40359f010	640000	640000	10000	13ca
3.447167	1acbacd6110a	0	1	1cf8	6218771b0180	0	6218771b9000	7f	7ffe9f1a8978	0	6218771b0180	621875b6e0a0	7ce404e1ace0	6218757ab4f8	7ce404e5f010	ab74	7f
3.462910	1acbacd6110a	0	1	2d48	6218771bb1d0	0	6218771c3000	7f	7ffe9f1a8978	0	6218771bb1d0	62187705c6f0	7ce404e1ace0	6218757ab4f8	7ce404e5f010	ab74	7f
3.475806	73519	b11d	45d8	f	e8999c	6218757ef910	941	10000	7ffe9f1a8980	2add	62187583d450	621875852b40	7ce40145f010	e90000	e90000	10000	f1d
3.490448	7352d	240e9	45d8	11	104a79a	6218757ef910	1a9d	10000	7ffe9f1a8980	2add	62187583d450	621875852b40	7ce400d9f010	1040000	1040000	10000	e2a
3.495879	1acbacd6110a	0	1	7fc8	6218771db450	0	6218771de000	7c	7ffe9f1a8978	0	6218771db450	6218757ab410	7ce404e1ace0	6218757ab4f8	7ce404e5f010	ab74	7c
3.505746	a535a	d2c86356b50f3687	e557	0	5e9d	ffffffffffff432b	e2f6526e23f2a97e	70df	7ffe9f1a8978	e557	bcd4	0	e5968a040d341dd0	b99	7fffffffffff432b	1d09ad91dc0d5682	2add
3.516595	7357f	ce0c	ce08	11	4f2bac	6218757ef910	2add	10000	7ffe9f1a8980	2add	62187583d450	621875852b40	7ce403b5f010	4d0000	ce08	10000	0
3.529437	7353a	185	45d8	8	acdbc2	6218757ef910	26	10000	7ffe9f1a8980	2add	62187583d450	621875852b40	7ce40235f010	ad0000	ad0000	10000	1139
3.541362	73582	2a50	2a50	11	106449c	6218757ef910	2add	10000	7ffe9f1a8980	2add	62187583d450	621875852b40	7ce400d9f010	1040000	2a4c	10000	0
3.554787	73519	a7	45d8	7	166a28e	6218757ef910	12	10000	7ffe9f1a8980	2add	62187583d450	621875852b40	7ce3ff4df010	1670000	1670000	10000	aaf
3.561160	7351c	4e79	45d8	e	223c2b	6218757ef910	471	10000	7ffe9f1a8980	2add	62187583d450	621875852b40	7ce40461f010	220000	220000	10000	161c
3.566836	73529	26a35	45d8	11	4beef4	6218757ef910	1c3e	10000	7ffe9f1a8980	2add	62187583d450	621875852b40	7ce403bdf010	4b0000	4b0000	10000	14ab
3.580063	73519	3929	45d8	d	aacd96	6218757ef910	351	10000	7ffe9f1a8980	2add	62187583d450	621875852b40	7ce4023df010	ab0000	ab0000	10000	114b
3.587693	734c5	1a1c5	45d8	10	e31b0b	6218757ef910	13d3	10000	7ffe9f1a8980	2add	62187583d450	621875852b40	7ce4015df010	e30000	e30000	10000	f53
3.595486	7353a	511	45d8	a	11dc352	6218757ef910	6a	10000	7ffe9f1a8980	2add	62187583d450	621875852b40	7ce40071f010	11e0000	11e0000	10000	d40
3.609491	7353a	233	45d8	9	e5292	6218757ef910	36	10000	7ffe9f1a8980	2add	62187583d450	621875852b40	7ce404adf010	f0000	f0000	10000	16c7
3.620507	73501	1e475	45d8	10	62e9bc	6218757ef910	16ba	10000	7ffe9f1a8980	2add	62187583d450	621875852b40	7ce40361f010	620000	620000	10000	13dc
3.627707	73501	28e71	45d8	11	8b916d	6218757ef910	1dc3	10000	7ffe9f1a8980	2add	62187583d450	621875852b40	7ce402c1f010	8a0000	8a0000	10000	1274
3.641449	7353a	1b833	45d8	10	d9d629	6218757ef910	14c7	10000	7ffe9f1a8980	2add	62187583d450	621875852b40	7ce40181f010	da0000	da0000	10000	fa4
3.649913	73519	1d63	45d8	c	116ce69	6218757ef910	1c3	10000	7ffe9f1a8980	2add	62187583d450	621875852b40	7ce4008df010	1170000	1170000	10000	d7f
3.659357	73519	1eb	45d8	8	15cd4ad	6218757ef910	30	10000	7ffe9f1a8980	2add	62187583d450	621875852b40	7ce3ff75f010	15d0000	15d0000	10000	b09
3.672889	73519	25417	45d8	11	4e6d47	6218757ef910	1b52	10000	7ffe9f1a8980	2add	62187583d450	621875852b40	7ce403adf010	4f0000	4f0000	10000	1487
3.678736	7353a	a577	45d8	f	741472	6218757ef910	8ba	10000	7ffe9f1a8980	2add	62187583d450	621875852b40	7ce40315f010	750000	750000	10000	1331
3.683997	73519	468b	45d8	e	9b2893	6218757ef910	404	10000	7ffe9f1a8980	2add	62187583d450	621875852b40	7ce40279f010	9c0000	9c0000	10000	11d2
3.697482	7353a	43	45d8	6	fd1976	6218757ef910	8	10000	7ffe9f1a8980	2add	62187583d450	621875852b40	7ce400f1f010	fe0000	fe0000	10000	e60
3.709565	7353a	1b23	45d8	c	15656b3	6218757ef910	1a6	10000	7ffe9f1a8980	2add	62187583d450	621875852b40	7ce3ff8df010	1570000	1570000	10000	b3f
3.724217	7353a	6b	45d8	6	4bb582	6218757ef910	a	10000	7ffe9f1a8980	2add	62187583d450	621875852b40	7ce403b9f010	4c0000	4c0000	10000	14a2
3.734709	7353a	3f5	45d8	9	972625	6218757ef910	55	10000	7ffe9f1a8980	2add	62187583d450	621875852b40	7ce40289f010	980000	980000	10000	11f6
3.742391	7353a	a1f	45d8	b	ce15cd	6218757ef910	b4	10000	7ffe9f1a8980	2add	62187583d450	621875852b40	7ce401adf010	cf0000	cf0000	10000	1007
3.749776	73519	2f	45d8	5	104359e	6218757ef910	6	10000	7ffe9f1a8980	2add	62187583d450	621875852b40	7ce400d5f010	1050000	1050000	10000	e21
3.764830	72b36	ffffffffffff75a3	3a279	3a279	ffffffffffff2ec9	1c688	28fd	108d2	7ffe9f1a8980	3a279	0	1cb2d	e5968a040d341dd0	28fd	800000000000612f	380c3f063b995772	2add
3.777011	73519	6d27	45d8	e	574de4	6218757ef910	5f4	10000	7ffe9f1a8980	2add	62187583d450	621875852b40	7ce40389f010	580000	580000	10000	1436
3.789006	73519	2405	45d8	d	ae8c8c	6218757ef910	21a	10000	7ffe9f1a8980	2add	62187583d450	621875852b40	7ce4022df010	af0000	af0000	10000	1127
3.799328	7358d	7ce404e5f010	10000	11	fd1456	6218757ef910	2add	10000	7ffe9f1a8980	2add	62187583d450	621875852b40	7ce400fdf010	fb0000	fffc	10000	0
3.812512	7353a	2051f	45d8	11	1540243	6218757ef910	1824	10000	7ffe9f1a8980	2add	62187583d450	621875852b40	7ce3ff95f010	1550000	1550000	10000	b51
3.820803	1acbacd60b8a	7ce404e8d8b0	45d8	b9b0	11760	7ce404e64dc0	7ce404e93660	ba28	7ffe9f1a8978	7ce404e8d8b0	6218760fbd70	6218758e8e40	d	1f0000	1f0000	10000	1637
3.832166	7353a	29	45d8	5	7201d5	6218757ef910	5	10000	7ffe9f1a8980	2add	62187583d450	621875852b40	7ce4031df010	730000	730000	10000	1343
3.839363	73519	71	45d8	6	a622b2	6218757ef910	c	10000	7ffe9f1a8980	2add	62187583d450	621875852b40	7ce4024df010	a70000	a70000	10000	116f
3.847693	7353a	29731	45d8	11	e35029	6218757ef910	1e1d	10000	7ffe9f1a8980	2add	62187583d450	621875852b40	7ce40159f010	e40000	e40000	10000	f4a
3.858651	7359a	7ce404e5f010	2fd0	11	12688ab	6218757ef910	2add	10000	7ffe9f1a8980	2add	62187583d450	621875852b40	7ce4005df010	1230000	2fcc	10000	0
3.869612	7353a	4639	45d8	e	11a47	6218757ef910	401	10000	7ffe9f1a8980	2add	62187583d450	621875852b40	7ce404e1f010	20000	20000	10000	173c
3.879475	7353a	43	45d8	6	4b8d55	6218757ef910	8	10000	7ffe9f1a8980	2add	62187583d450	621875852b40	7ce403b9f010	4c0000	4c0000	10000	14a2
3.888448	73587	7ce404e5f010	9224	11	9260ed	6218757ef910	2add	10000	7ffe9f1a8980	2add	62187583d450	621875852b40	7ce402adf010	8f0000	9220	10000	0
3.902303	734c5	a75	45d8	b	e500b0	6218757ef910	b9	10000	7ffe9f1a8980	2add	62187583d450	621875852b40	7ce40155f010	e50000	e50000	10000	f41
3.912223	73519	a3	45d8	7	12c2a16	6218757ef910	11	10000	7ffe9f1a8980	2add	62187583d450	621875852b40	7ce40035f010	12d0000	12d0000	10000	cb9
3.919403	734c5	1e355	45d8	10	15aa086	6218757ef910	16b0	10000	7ffe9f1a8980	2add	62187583d450	621875852b40	7ce3ff81f010	15a0000	15a0000	10000	b24
3.931993	73519	2920f	45d8	11	402f04	6218757ef910	1de9	10000	7ffe9f1a8980	2add	62187583d450	621875852b40	7ce403e5f010	410000	410000	10000	1505
3.938019	73529	257db	45d8	11	6e313c	6218757ef910	1b7e	10000	7ffe9f1a8980	2add	62187583d450	621875852b40	7ce40331f010	6e0000	6e0000	10000	1370
3.949306	7350c	25d81	45d8	11	62187583d450	6218757ef910	1bbb	10000	7ffe9f1a8980	2add	62187583d450	621875852b40	7ce401e1f010	c20000	c20000	10000	107c
3.954632	73519	2bc3d	45d8	11	e863bc	6218757ef910	1fca	10000	7ffe9f1a8980	2add	62187583d450	621875852b40	7ce40145f010	e90000	e90000	10000	f1d
3.961583	7353a	6d	45d8	6	11afa30	6218757ef910	b	10000	7ffe9f1a8980	2add	62187583d450	621875852b40	7ce4007df010	11b0000	11b0000	10000	d5b
3.975257	73515	2c7e3	45d8	11	e4ca4	6218757ef910	2049	10000	7ffe9f1a8980	2add	62187583d450	621875852b40	7ce404adf010	f0000	f0000	10000	16c7
3.989608	73519	2c24b	45d8	11	7939e7	6218757ef910	2014	10000	7ffe9f1a8980	2add	62187583d450	621875852b40	7ce40301f010	7a0000	7a0000	10000	1304
3.996870	73519	39b8d	45d8	11	ada8b6	6218757ef910	28ae	10000	7ffe9f1a8980	2add	62187583d450	621875852b40	7ce40231f010	ae0000	ae0000	10000	1130
4.002545	73519	16145	45d8	10	d74e4f	6218757ef910	111c	10000	7ffe9f1a8980	2add	62187583d450	621875852b40	7ce40189f010	d80000	d80000	10000	fb6
4.017581	1acbacd60b8a	7ce404e61f28	1745	11e4	2dfc	62187586a268	7ce404e63b40	bc6	7ffe9f1a8978	7ce404e61f28	62187583d450	621875852b40	7ce3ffcdf010	1480000	1480000	10000	bc6
4.025619	1acbacd6110a	0	156e8	1a008	6218777894e0	0	621877790000	0	7ffe9f1a8978	0	6218777894e0	6218777aa000	206	7ce404ca64e0	2add	6218580ec480	6218580e53d0
4.030983	7353a	1645	45d8	c	1e50f1	6218757ef910	164	10000	7ffe9f1a8980	2add	62187583a960	621875850050	6218770094e0	1f0000	1f0000	10000	1637
4.039648	73510	2888f	45d8	11	5fe2ac	6218757ef910	1d7f	10000	7ffe9f1a8980	2add	62187583a960	621875850050	6218760094e0	5f0000	5f0000	10000	13f7
4.047362	73519	1ddd1	45d8	10	956fb0	6218757ef910	1675	10000	7ffe9f1a8980	2add	62187583a960	621875850050	6218752494e0	960000	960000	10000	1208
4.061728	73519	15b	45d8	8	fd5ec6	6218757ef910	21	10000	7ffe9f1a8980	2add	62187583a960	621875850050	6218738494e0	fe0000	fe0000	10000	e60
4.074082	7353a	1b7	45d8	8	157bb39	6218757ef910	2b	10000	7ffe9f1a8980	2add	62187583a960	621875850050	6218721c94e0	1580000	1580000	10000	b36
4.080823	7353a	3bf95	45d8	11	14c223	6218757ef910	2a20	10000	7ffe9f1a8980	2add	62187583a960	621875850050	6218772894e0	150000	150000	10000	1691
4.093553	7353a	1fb91	45d8	10	6de82e	6218757ef910	17bc	10000	7ffe9f1a8980	2add	62187583a960	621875850050	621875c494e0	6e0000	6e0000	10000	1370
4.107400	7353a	1619	45d8	c	d11b1d	6218757ef910	162	10000	7ffe9f1a8980	2add	62187583a960	621875850050	6218743494e0	d20000	d20000	10000	fec
4.119048	7353a	2aeb	45d8	d	1235e0a	6218757ef910	284	10000	7ffe9f1a8980	2add	62187583a960	621875850050	621872ec94e0	1240000	1240000	10000	d0a
4.127523	7353a	320e9	45d8	11	15d0650	6218757ef910	23c9	10000	7ffe9f1a8980	2add	62187583a960	621875850050	6218720494e0	15e0000	15e0000	10000	b00
4.135564	734c5	1f759	45d8	10	28e799	6218757ef910	178b	10000	7ffe9f1a8980	2add	62187583a960	621875850050	621876dc94e0	280000	280000	10000	15e6
4.147074	1acbacd60b8a	6218777894e0	453	b28	4bc8	621877767c6c	62187778d580	12f2	7ffe9f1a8978	6218777894e0	62187583a960	621875850050	6218759094e0	7c0000	7c0000	10000	12f2
4.152303	73519	1549	45d8	c	a18888	6218757ef910	153	10000	7ffe9f1a8980	2add	62187583a960	621875850050	621874f494e0	a20000	a20000	10000	119c
4.158636	73515	1dc0b	45d8	10	ce0181	6218757ef910	165f	10000	7ffe9f1a8980	2add	62187583a960	621875850050	6218744094e0	cf0000	cf0000	10000	1007
4.167922	7353a	282e5	45d8	11	10e67cf	6218757ef910	1d48	10000	7ffe9f1a8980	2add	62187583a960	621875850050	6218734094e0	10f0000	10f0000	10000	dc7
4.174709	73519	17d71	45d8	10	13fdde9	6218757ef910	124d	10000	7ffe9f1a8980	2add	62187583a960	621875850050	6218727c94e0	1400000	1400000	10000	c0e
4.183585	73515	2e64f	45d8	11	b1376	6218757ef910	2183	10000	7ffe9f1a8980	2add	62187583a960	621875850050	6218774c94e0	c0000	c0000	10000	16e2
4.197854	7353a	325d	45d8	d	71bf8a	6218757ef910	2ef	10000	7ffe9f1a8980	2add	62187583a960	621875850050	621875b494e0	720000	720000	10000	134c
4.204293	73519	33fad	45d8	11	9e6f02	6218757ef910	2510	10000	7ffe9f1a8980	2add	62187583a960	621875850050	6218750094e0	9f0000	9f0000	10000	11b7
4.211058	7353a	31d5	45d8	d	cb6c85	6218757ef910	2e7	10000	7ffe9f1a8980	2add	62187583a960	621875850050	6218744c94e0	cc0000	cc0000	10000	1022
4.225813	7353a	111a3	45d8	10	137089d	6218757ef910	da6	10000	7ffe9f1a8980	2add	62187583a960	621875850050	6218729c94e0	1380000	1380000	10000	c56
4.234443	73519	39eb	45d8	d	24b97	6218757ef910	35d	10000	7ffe9f1a8980	2add	62187583a960	621875850050	6218777094e0	30000	30000	10000	1733
4.241088	73529	33733	45d8	11	3474c4	6218757ef910	24b9	10000	7ffe9f1a8980	2add	62187583a960	621875850050	621876b094e0	330000	330000	10000	1583
4.252503	73582	aac	aac	11	868107	6218757ef910	2add	10000	7ffe9f1a8980	2add	62187583a960	621875850050	6218756c94e0	840000	aa8	10000	0
4.267142	7353a	23b	45d8	9	ed88a5	6218757ef910	37	10000	7ffe9f1a8980	2add	62187583a960	621875850050	621873c494e0	ee0000	ee0000	10000	ef0
4.272333	73519	d4f9	45d8	f	1128cb4	6218757ef910	adf	10000	7ffe9f1a8980	2add	62187583a960	621875850050	6218733094e0	1130000	1130000	10000	da3
4.281920	7353a	43	45d8	6	159b679	6218757ef910	8	10000	7ffe9f1a8980	2add	62187583a960	621875850050	6218721494e0	15a0000	15a0000	10000	b24
4.288035	734c8	36e3	45d8	d	112ca9	6218757ef910	32e	10000	7ffe9f1a8980	2add	62187583a960	621875850050	6218773894e0	110000	110000	10000	16b5
4.295501	734c1	b91b	45d8	f	44a127	6218757ef910	99d	10000	7ffe9f1a8980	2add	62187583a960	621875850050	6218766c94e0	440000	440000	10000	14ea
4.300811	7353a	35	45d8	5	69af7f	6218757ef910	7	10000	7ffe9f1a8980	2add	62187583a960	621875850050	621875d494e0	6a0000	6a0000	10000	1394
4.311798	73519	124ab	45d8	10	b688c7	6218757ef910	e80	10000	7ffe9f1a8980	2add	62187583a960	621875850050	621874a094e0	b70000	b70000	10000	10df
4.318732	73519	101	45d8	8	e7653a	6218757ef910	1b	10000	7ffe9f1a8980	2add	62187583a960	621875850050	621873dc94e0	e80000	e80000	10000	f26
4.333475	73519	2a653	45d8	11	14f602b	6218757ef910	1ecd	10000	7ffe9f1a8980	2add	62187583a960	621875850050	6218723c94e0	1500000	1500000	10000	b7e
4.339200	73529	127a9	45d8	10	6248f	6218757ef910	ea0	10000	7ffe9f1a8980	2add	62187583a960	621875850050	6218776494e0	60000	60000	10000	1718
4.353617	73519	6d	45d8	6	6a4058	6218757ef910	b	10000	7ffe9f1a8980	2add	62187583a960	621875850050	621875d094e0	6b0000	6b0000	10000	138b
4.366378	7353a	35	45d8	5	c1eb45	6218757ef910	7	10000	7ffe9f1a8980	2add	62187583a960	621875850050	6218747494e0	c20000	c20000	10000	107c
4.374233	7353a	2ca91	45d8	11	face4e	6218757ef910	2065	10000	7ffe9f1a8980	2add	62187583a960	621875850050	6218739094e0	fb0000	fb0000	10000	e7b
4.387678	7353a	1f3	45d8	8	15c17a4	6218757ef910	31	10000	7ffe9f1a8980	2add	62187583a960	621875850050	6218720894e0	15d0000	15d0000	10000	b09
4.392845	73519	17b	45d8	8	f4e77	6218757ef910	24	10000	7ffe9f1a8980	2add	62187583a960	621875850050	6218773c94e0	100000	100000	10000	16be
4.407683	73519	2a6ef	45d8	11	799231	6218757ef910	1ed8	10000	7ffe9f1a8980	2add	62187583a960	621875850050	6218759494e0	7a0000	7a0000	10000	1304
4.419395	73519	33c71	45d8	11	bf25af	6218757ef910	24f3	10000	7ffe9f1a8980	2add	62187583a960	621875850050	6218747c94e0	c00000	c00000	10000	108e
4.433785	7353a	6b	45d8	6	11f5277	6218757ef910	a	10000	7ffe9f1a8980	2add	62187583a960	621875850050	621872fc94e0	1200000	1200000	10000	d2e
4.444021	73519	10651	45d8	10	166a718	6218757ef910	d35	10000	7ffe9f1a8980	2add	62187583a960	621875850050	621871e094e0	1670000	1670000	10000	aaf
4.452896	1acbacc6506f	1	0	33	10	62187578b420	8	8	7ffe9f1a8810	1d11c2b855523	30	c8	48b79d109586ff7c	8	7ffe9f1a88d0	10	62187578b420
4.467714	7353a	1381	45d8	c	8d4748	6218757ef910	13c	10000	7ffe9f1a8980	2add	62187583a960	621875850050	6218754494e0	8e0000	8e0000	10000	1250
4.480931	7359e	ffff	9304	11	dd4e02	6218757ef910	2add	10000	7ffe9f1a8980	2add	62187583a960	621875850050	6218741494e0	da0000	9300	10000	0
4.488582	73519	2f	45d8	5	10fd259	6218757ef910	6	10000	7ffe9f1a8980	2add	62187583a960	621875850050	6218733c94e0	1100000	1100000	10000	dbe
4.495550	73519	745	45d8	a	13e133c	6218757ef910	8a	10000	7ffe9f1a8980	2add	62187583a960	621875850050	6218728094e0	13f0000	13f0000	10000	c17
4.502479	73519	38615	45d8	11	1653304	6218757ef910	27eb	10000	7ffe9f1a8980	2add	62187583a960	621875850050	621871e494e0	1660000	1660000	10000	ab8
4.515187	734c1	ada5	45d8	f	503b6e	6218757ef910	91a	10000	7ffe9f1a8980	2add	62187583a960	621875850050	6218763c94e0	500000	500000	10000	147e
4.526312	1acbaccda97b	621877c94000	621877c94000	7ce404d1a97b	0	7ce404e1ac80	621877c94000	7ce404e22218	7ffe9f1a87c8	0	0	621877c69000	206	621877c69000	621877c68a50	1000	aba0
4.537524	73515	16a75	45d8	10	f41b13	6218757ef910	117f	10000	7ffe9f1a8980	2add	62187583a960	621875850050	621873a894e0	f50000	f50000	10000	eb1
4.551390	7353a	fa3	45d8	b	15812e9	6218757ef910	102	10000	7ffe9f1a8980	2add	62187583a960	621875850050	6218721894e0	1590000	1590000	10000	b2d
4.560979	1acbacd60b8a	6218777a0930	5d14	ce20	17450	621877793b10	6218777aaf60	5d14	7ffe9f1a8978	6218777a0930	62187583a960	621875850050	621876e494e0	270000	270000	10000	15ef
4.570602	7353a	1f0f3	45d8	10	61ef7d	6218757ef910	1747	10000	7ffe9f1a8980	2add	62187583a960	621875850050	621875f494e0	620000	620000	10000	13dc
4.583930	7353a	fb3	45d8	b	b956bc	6218757ef910	103	10000	7ffe9f1a8980	2add	62187583a960	621875850050	6218749494e0	ba0000	ba0000	10000	10c4
4.597586	1acbacd60b8a	621877794f08	2e8a	7430	ba28	62187778dad8	621877799500	2e8a	7ffe9f1a8978	621877794f08	2a0ec	621875850050	6218733494e0	1130000	1130000	10000	da3
4.607304	7352d	21889	45d8	11	14a6614	6218757ef910	18f5	10000	7ffe9f1a8980	2add	62187583a960	621875850050	6218725894e0	1490000	1490000	10000	bbd
4.612706	72b3c	106a	2753	2753	1d72	81f	24c	1a4f	7ffe9f1a8980	2753	0	1e244	f12279ad2100f1e6	24c	800000000000d109	46e2e7597f2edb29	2add
4.618623	73519	35	45d8	5	268ae3	6218757ef910	7	10000	7ffe9f1a8980	2add	62187583a960	621875850050	621876e094e0	270000	270000	10000	15ef
4.625459	7359a	6218777894e0	6648	11	598072	6218757ef910	2add	10000	7ffe9f1a8980	2add	62187583a960	621875850050	6218762094e0	570000	6644	10000	0
4.638366	7353a	2aaab	45d8	11	ab30df	6218757ef910	1efe	10000	7ffe9f1a8980	2add	62187583a960	621875850050	621874cc94e0	ac0000	ac0000	10000	1142
4.650623	73519	3832d	45d8	11	10277e0	6218757ef910	27c4	10000	7ffe9f1a8980	2add	62187583a960	621875850050	6218737094e0	1030000	1030000	10000	e33
4.664719	7353a	26dcb	45d8	11	1641ec7	6218757ef910	1c60	10000	7ffe9f1a8980	2add	62187583a960	621875850050	621871e894e0	1650000	1650000	10000	ac1
4.674434	73519	1ab9	45d8	c	398e17	6218757ef910	1a0	10000	7ffe9f1a8980	2add	62187583a960	621875850050	6218769494e0	3a0000	3a0000	10000	1544
4.680126	7359a	6218777894e0	86dc	11	668fec	6218757ef910	2add	10000	7ffe9f1a8980	2add	62187583a960	621875850050	621875f094e0	630000	86d8	10000	0
4.685477	73515	319c7	45d8	11	89060f	6218757ef910	2387	10000	7ffe9f1a8980	2add	62187583a960	621875850050	6218755494e0	8a0000	8a0000	10000	1274
4.699442	7353a	2e7c9	45d8	11	f05614	6218757ef910	218f	10000	7ffe9f1a8980	2add	62187583a960	621875850050	621873b894e0	f10000	f10000	10000	ed5
4.711437	73519	89	45d8	7	149ac09	6218757ef910	e	10000	7ffe9f1a8980	2add	62187583a960	621875850050	6218725494e0	14a0000	14a0000	10000	bb4
4.724734	7353a	29903	45d8	11	36c896	6218757ef910	1e34	10000	7ffe9f1a8980	2add	62187583a960	621875850050	621876a094e0	370000	370000	10000	155f
4.737128	7353a	3adad	45d8	11	9117fb	6218757ef910	2973	10000	7ffe9f1a8980	2add	62187583a960	621875850050	6218753494e0	920000	920000	10000	122c
4.747210	73519	35	45d8	5	d25d89	6218757ef910	7	10000	7ffe9f1a8980	2add	62187583a960	621875850050	6218743094e0	d30000	d30000	10000	fe3
4.756824	7353a	119	45d8	8	1118f65	6218757ef910	1e	10000	7ffe9f1a8980	2add	62187583a960	621875850050	6218733494e0	1120000	1120000	10000	dac
4.767289	73519	209cf	45d8	11	15fbd8b	6218757ef910	185d	10000	7ffe9f1a8980	2add	62187583a960	621875850050	621871fc94e0	1600000	1600000	10000	aee
4.775426	73519	10d	45d8	8	27c791	6218757ef910	1d	10000	7ffe9f1a8980	2add	62187583a960	621875850050	621876dc94e0	280000	280000	10000	15e6
4.787293	73519	37f21	45d8	11	7d0741	6218757ef910	2798	10000	7ffe9f1a8980	2add	62187583a960	621875850050	6218758494e0	7e0000	7e0000	10000	12e0
4.796092	1acbacd608e2	62187578e0c0	10	4	10	6218760a1660	62187578e0c0	2	7ffe9f1a87b8	2	1	1	48b79d109586ff7c	62187578bb60	6218760a1660	62187578e0c0	8
4.808463	734c1	3848b	45d8	11	1182062	6218757ef910	27d9	10000	7ffe9f1a8980	2add	62187583a960	621875850050	6218732894e0	1150000	1150000	10000	d91
4.821463	73519	ad	45d8	7	16a6370	6218757ef910	13	10000	7ffe9f1a8980	2add	62187583a960	621875850050	621871d094e0	16b0000	16b0000	10000	a8b
4.835943	7351c	a6ab	45d8	f	5d4505	6218757ef910	8cb	10000	7ffe9f1a8980	2add	62187583a960	621875850050	6218760894e0	5d0000	5d0000	10000	1409
4.850180	73519	3623	45d8	d	c08ca7	6218757ef910	320	10000	7ffe9f1a8980	2add	62187583a960	621875850050	6218747894e0	c10000	c10000	10000	1085
4.864973	7351c	2291	45d8	d	1298b41	6218757ef910	207	10000	7ffe9f1a8980	2add	62187583a960	621875850050	621872d494e0	12a0000	12a0000	10000	cd4
4.878720	734e3	2add	45d8	10	1bbd06	6218757ef910	108d	10000	7ffe9f1a8980	2add	62187583a960	621875850050	6218771094e0	1b0000	1b0000	10000	165b
4.892292	73531	3703	45d8	d	7e23fb	6218757ef910	32f	10000	7ffe9f1a8980	2add	62187583a960	621875850050	6218758094e0	7f0000	7f0000	10000	12d7
4.904172	73510	3d003	45d8	11	c3cb4d	6218757ef910	2ad4	10000	7ffe9f1a8980	2add	62187583a960	621875850050	6218747494e0	c20000	c20000	10000	107c
4.910419	73519	16127	45d8	10	ed3aad	6218757ef910	111b	10000	7ffe9f1a8980	2add	62187583a960	621875850050	621873c494e0	ee0000	ee0000	10000	ef0
4.916580	7353a	15127	45d8	10	118c583	6218757ef910	1069	10000	7ffe9f1a8980	2add	62187583a960	621875850050	6218731894e0	1190000	1190000	10000	d6d
4.923959	73519	26b37	45d8	11	14c66f6	6218757ef910	1c48	10000	7ffe9f1a8980	2add	62187583a960	621875850050	6218724894e0	14d0000	14d0000	10000	b99
4.934905	7353a	18e63	45d8	10	24b419	6218757ef910	1303	10000	7ffe9f1a8980	2add	62187583a960	621875850050	621876e894e0	250000	250000	10000	1601
4.943299	73519	2f	45d8	5	61b7ec	6218757ef910	6	10000	7ffe9f1a8980	2add	62187583a960	621875850050	621875f494e0	620000	620000	10000	13dc
4.953545	73519	2f	45d8	5	ab2d6e	6218757ef910	6	10000	7ffe9f1a8980	2add	62187583a960	621875850050	621874cc94e0	ac0000	ac0000	10000	1142
4.962428	7353a	959	45d8	b	e838cf	6218757ef910	a9	10000	7ffe9f1a8980	2add	62187583a960	621875850050	621873d894e0	e90000	e90000	10000	f1d
4.973601	734c5	15fa3	45d8	10	139aa49	6218757ef910	110b	10000	7ffe9f1a8980	2add	62187583a960	621875850050	6218729894e0	1390000	1390000	10000	c4d
4.981100	72b98	172	5035	5035	1fa6	2993	48b	4bbd	7ffe9f1a8980	5035	0	1e244	f12279ad2100f1e6	48b	7fffffffffff268c	654abd2170ec45cb	2add
4.995340	73519	95	45d8	7	615dd8	6218757ef910	f	10000	7ffe9f1a8980	2add	62187583a960	621875850050	621875f494e0	620000	620000	10000	13dc
5.004254	7353a	1d3	45d8	8	9f8c4c	6218757ef910	2e	10000	7ffe9f1a8980	2add	62187583a960	621875850050	621874fc94e0	a00000	a00000	10000	11ae
5.014973	73519	33ecb	45d8	11	e94c4a	6218757ef910	250b	10000	7ffe9f1a8980	2add	62187583a960	621875850050	621873d494e0	ea0000	ea0000	10000	f14
5.022092	73519	1aa2f	45d8	10	11bbefa	6218757ef910	142d	10000	7ffe9f1a8980	2add	62187583a960	621875850050	6218730c94e0	11c0000	11c0000	10000	d52
5.035485	73519	259d	45d8	d	b0b25	6218757ef910	231	10000	7ffe9f1a8980	2add	62187583a960	621875850050	6218774c94e0	c0000	c0000	10000	16e2
5.050466	7357c	8718	8714	11	72f79f	6218757ef910	2add	10000	7ffe9f1a8980	2add	62187583a960	621875850050	621875b894e0	710000	8710	10000	0
5.055777	7353a	875b	45d8	f	94bf19	6218757ef910	749	10000	7ffe9f1a8980	2add	62187583a960	621875850050	6218752894e0	950000	950000	10000	1211
5.063909	73519	3b9b	45d8	d	ca3461	6218757ef910	373	10000	7ffe9f1a8980	2add	62187583a960	621875850050	6218745094e0	cb0000	cb0000	10000	102b
5.076139	73521	37f85	45d8	11	1210a43	6218757ef910	279e	10000	7ffe9f1a8980	2add	62187583a960	621875850050	6218730094e0	11f0000	11f0000	10000	d37
5.083284	1acbacc653c2	21	ffffffffffffff68	621e54fd917e	6218757ac910	621876711c60	621876711c70	62187586e3e0	7ffe9f1a88a0	62187586e3e0	621875d9ae30	621876035fa0	48b79d109586ff7c	621876035fa0	1	7ffe9f1a8a30	621876711c70
5.091460	7353a	3419	45d8	d	15ec52	6218757ef910	303	10000	7ffe9f1a8980	2add	62187583a960	621875850050	6218772494e0	160000	160000	10000	1688
5.106181	73519	1867	45d8	c	655bb8	6218757ef910	17c	10000	7ffe9f1a8980	2add	62187583a960	621875850050	621875e494e0	660000	660000	10000	13b8
5.112498	73582	a81c	a81c	11	9319b1	6218757ef910	2add	10000	7ffe9f1a8980	2add	62187583a960	621875850050	6218753894e0	910000	a818	10000	0
5.126730	7352d	40eb	45d8	e	f53aa3	6218757ef910	3b8	10000	7ffe9f1a8980	2add	62187583a960	621875850050	621873a894e0	f50000	f50000	10000	eb1
5.141863	73540	5f3	45d8	a	14da347	6218757ef910	76	10000	7ffe9f1a8980	2add	62187583a960	621875850050	6218724494e0	14e0000	14e0000	10000	b90
5.148622	7353a	146a5	45d8	10	c625b	6218757ef910	ffd	10000	7ffe9f1a8980	2add	62187583a960	621875850050	6218774894e0	d0000	d0000	10000	16d9
5.162260	7350c	287fb	45d8	11	62187583a960	6218757ef910	1d7a	10000	7ffe9f1a8980	2add	62187583a960	621875850050	621875dc94e0	680000	680000	10000	13a6
5.174136	7353a	1e7	45d8	8	be2752	6218757ef910	2f	10000	7ffe9f1a8980	2add	62187583a960	621875850050	6218748094e0	bf0000	bf0000	10000	1097
5.181289	73536	212d5	45d8	11	f1b28b	6218757ef910	18b8	10000	7ffe9f1a8980	2add	62187583a960	621875850050	621873b494e0	f20000	f20000	10000	ecc
5.191361	734c1	243d7	45d8	11	13915b0	6218757ef910	1ab4	10000	7ffe9f1a8980	2add	62187583a960	621875850050	6218729894e0	1390000	1390000	10000	c4d
5.203596	1acbacd60a33	62187778ed74	1745	62187778ed74	62187778f174	621877762b8c	62187778ee80	1625	7ffe9f1a8978	0	62187583a960	621875850050	621876fc94e0	210000	210000	10000	1625
5.210752	7353a	1bc35	45d8	10	467154	6218757ef910	14ed	10000	7ffe9f1a8980	2add	62187583a960	621875850050	6218766094e0	470000	470000	10000	14cf
5.219482	73529	1d699	45d8	10	80c22c	6218757ef910	162c	10000	7ffe9f1a8980	2add	62187583a960	621875850050	6218758094e0	7f0000	7f0000	10000	12d7
5.226047	7353a	117ef	45d8	10	a9e2fb	6218757ef910	df4	10000	7ffe9f1a8980	2add	62187583a960	621875850050	621874d494e0	aa0000	aa0000	10000	1154
5.239866	734f5	2add	45d8	11	10cdff5	6218757ef910	205b	10000	7ffe9f1a8980	2add	62187583a960	621875850050	6218734c94e0	10c0000	10c0000	10000	de2
5.253313	1acbacd60b8a	6218777b7d80	45d8	3360	11760	6218777978e0	6218777c6180	ba28	7ffe9f1a8978	6218777b7d80	62187583a960	621875850050	621871d094e0	16c0000	16c0000	10000	a82
5.265787	1acbacd60891	6218757ab3a0	6218757ab3a0	5	38	6218782f5310	6218757ab3a0	6218782f5310	7ffe9f1a8928	621875871bb0	621875871bb0	621877961b60	48b79d109586ff7c	6218782f5310	e	e	38
5.276502	7358d	6218777894e0	a044	11	9c6f5b	6218757ef910	2add	10000	7ffe9f1a8980	2add	62187583a960	621875850050	6218751894e0	990000	a040	10000	0
5.285428	73540	35	45d8	5	d77ef0	6218757ef910	7	10000	7ffe9f1a8980	2add	62187583a960	621875850050	6218741c94e0	d80000	d80000	10000	fb6
5.295464	73536	b2b7	45d8	f	120ea97	6218757ef910	954	10000	7ffe9f1a8980	2add	62187583a960	621875850050	621872f894e0	1210000	1210000	10000	d25
5.309576	7353a	126d7	45d8	10	1364eb	6218757ef910	e95	10000	7ffe9f1a8980	2add	62187583a960	621875850050	6218772c94e0	140000	140000	10000	169a
5.323373	73536	33b9	45d8	d	761df8	6218757ef910	2fd	10000	7ffe9f1a8980	2add	62187583a960	621875850050	621875a094e0	770000	770000	10000	131f
5.337190	7350c	21965	45d8	11	62187583a960	6218757ef910	18fa	10000	7ffe9f1a8980	2add	62187583a960	621875850050	6218741894e0	d90000	d90000	10000	fad
5.347819	7351c	2ef	45d8	9	12586e7	6218757ef910	41	10000	7ffe9f1a8980	2add	62187583a960	621875850050	621872e494e0	1260000	1260000	10000	cf8
5.354554	73519	cfc5	45d8	f	1569013	6218757ef910	ab3	10000	7ffe9f1a8980	2add	62187583a960	621875850050	6218722094e0	1570000	1570000	10000	b3f
5.361236	7353a	161	45d8	8	12567e	6218757ef910	22	10000	7ffe9f1a8980	2add	62187583a960	621875850050	6218773094e0	130000	130000	10000	16a3
5.372952	1acbacd60b8a	6218777a0930	5d14	15fa0	17450	62187778a990	6218777a1de0	5d14	7ffe9f1a8978	6218777a0930	62187583a960	621875850050	621875ec94e0	650000	650000	10000	13c1
5.384460	1acbacd60b8a	621877794f08	2e8a	9930	ba28	62187778b5d8	621877797000	2e8a	7ffe9f1a8978	621877794f08	25080	621875850050	6218749c94e0	b90000	b90000	10000	10cd
5.397204	7353a	20155	45d8	11	1125d2c	6218757ef910	17ff	10000	7ffe9f1a8980	2add	62187583a960	621875850050	6218733094e0	1130000	1130000	10000	da3
5.411249	7353a	34717	45d8	11	443ec	6218757ef910	255f	10000	7ffe9f1a8980	2add	62187583a960	621875850050	6218776894e0	50000	50000	10000	1721
5.424007	73531	1467b	45d8	10	62cabe	6218757ef910	ffc	10000	7ffe9f1a8980	2add	62187583a960	621875850050	621875f094e0	630000	630000	10000	13d3
5.435846	7352d	1d417	45d8	10	b61f76	6218757ef910	1611	10000	7ffe9f1a8980	2add	62187583a960	621875850050	621874a494e0	b60000	b60000	10000	10e8
5.447811	734fd	6218757af8f0	45d8	d	10a25b3	6218757ef910	2e7	10000	7ffe9f1a8980	2add	62187583a960	621875850050	6218735494e0	10a0000	10a0000	10000	df4
5.455311	73515	e3	45d8	7	13f1e0c	6218757ef910	17	10000	7ffe9f1a8980	2add	62187583a960	621875850050	6218727c94e0	1400000	1400000	10000	c0e
5.461619	73519	a3af	45d8	f	16afa3a	6218757ef910	8a1	10000	7ffe9f1a8980	2add	62187583a960	621875850050	621871d094e0	16b0000	16b0000	10000	a8b
5.471517	73540	1933	45d8	c	4095df	6218757ef910	188	10000	7ffe9f1a8980	2add	62187583a960	621875850050	6218767894e0	410000	410000	10000	1505
5.478826	73519	42d	45d8	a	753c46	6218757ef910	5a	10000	7ffe9f1a8980	2add	62187583a960	621875850050	621875a494e0	760000	760000	10000	1328
5.491638	73519	35	45d8	5	cb2c74	6218757ef910	7	10000	7ffe9f1a8980	2add	62187583a960	621875850050	6218744c94e0	cc0000	cc0000	10000	1022
5.496882	73521	c203	45d8	f	f221f1	6218757ef910	a06	10000	7ffe9f1a8980	2add	62187583a960	621875850050	621873b494e0	f20000	f20000	10000	ecc
5.503408	73582	475c	475c	11	124d317	6218757ef910	2add	10000	7ffe9f1a8980	2add	62187583a960	621875850050	621872f494e0	1220000	4758	10000	0
5.512709	73519	364d	45d8	d	1643e6e	6218757ef910	323	10000	7ffe9f1a8980	2add	62187583a960	621875850050	621871e894e0	1650000	1650000	10000	ac1
5.523013	73519	e369	45d8	f	3b4344	6218757ef910	b81	10000	7ffe9f1a8980	2add	62187583a960	621875850050	6218768c94e0	3c0000	3c0000	10000	1532
5.535400	73519	35533	45d8	11	95b37a	6218757ef910	25f2	10000	7ffe9f1a8980	2add	62187583a960	621875850050	6218752494e0	960000	960000	10000	1208
5.550509	73519	29	45d8	5	1047887	6218757ef910	5	10000	7ffe9f1a8980	2add	62187583a960	621875850050	6218736894e0	1050000	1050000	10000	e21
5.561963	73519	9f73	45d8	f	1533c56	6218757ef910	864	10000	7ffe9f1a8980	2add	62187583a960	621875850050	6218722c94e0	1540000	1540000	10000	b5a
5.575424	1acbacd60b8a	621877794f08	2e8a	8830	ba28	62187778c6d8	621877798100	2e8a	7ffe9f1a8978	621877794f08	260ac	621875850050	6218766894e0	460000	460000	10000	14d8
5.585495	7353a	2a6d1	45d8	11	8e8781	6218757ef910	1ed5	10000	7ffe9f1a8980	2add	62187583a960	621875850050	6218754094e0	8f0000	8f0000	10000	1247
5.591757	73519	e35	45d8	b	bb5231	6218757ef910	f0	10000	7ffe9f1a8980	2add	62187583a960	621875850050	6218748c94e0	bc0000	bc0000	10000	10b2
5.605130	734d9	62187580fb80	45d8	11	11e9b75	6218757ef910	2a90	10000	7ffe9f1a8980	2add	62187583a960	621875850050	6218730494e0	11e0000	11e0000	10000	d40
5.611840	7353a	989	45d8	b	14cca45	6218757ef910	ab	10000	7ffe9f1a8980	2add	62187583a960	621875850050	6218724894e0	14d0000	14d0000	10000	b99
5.617596	7353a	986f	45d8	f	2a2d4	6218757ef910	80d	10000	7ffe9f1a8980	2add	62187583a960	621875850050	6218777094e0	30000	30000	10000	1733
5.629463	734e3	2add	45d8	11	5c1f74	6218757ef910	270a	10000	7ffe9f1a8980	2add	62187583a960	621875850050	6218761894e0	590000	590000	10000	142d
5.643770	7353a	22f99	45d8	11	beb16d	6218757ef910	19dc	10000	7ffe9f1a8980	2add	62187583a960	621875850050	6218748094e0	bf0000	bf0000	10000	1097
5.653734	734c5	223d9	45d8	11	106316d	6218757ef910	1965	10000	7ffe9f1a8980	2add	62187583a960	621875850050	6218736494e0	1060000	1060000	10000	e18
5.665920	73519	a9f	45d8	b	15e0feb	6218757ef910	be	10000	7ffe9f1a8980	2add	62187583a960	621875850050	6218720094e0	15f0000	15f0000	10000	af7
5.674592	73519	335	45d8	9	270562	6218757ef910	48	10000	7ffe9f1a8980	2add	62187583a960	621875850050	621876dc94e0	280000	280000	10000	15e6
5.682056	7358d	6218777894e0	e2cc	62187578d680	5dfa18	6218757ef910	2add	0	7ffe9f1a8980	2add	62187583a960	621875850050	6218760894e0	5d0000	e2c8	10000	1
5.688138	847e8	621875872fa0	ab99e3d58ecb	2f	6218787105cc	6218580ea0b0	7ffe9f1a8848	0	7ffe9f1a8840	2b99e3d58ecb	2c	bc	48b79d109586ff7c	6218787105d0	0	bc	621878710610
5.700584	734c1	3a85f	45d8	11	e40d87	6218757ef910	293e	10000	7ffe9f1a8980	2add	62187583a960	621875850050	621873f494e0	e20000	e20000	10000	f5c
5.714438	73519	23cd7	45d8	11	1329d7d	6218757ef910	1a72	10000	7ffe9f1a8980	2add	62187583a960	621875850050	621872b094e0	1330000	1330000	10000	c83
5.720794	7359a	6218777894e0	e49c	11	1615d6c	6218757ef910	2add	10000	7ffe9f1a8980	2add	62187583a960	621875850050	621871fc94e0	1600000	e498	10000	0
5.726686	7351c	35	45d8	5	187303	6218757ef910	7	10000	7ffe9f1a8980	2add	62187583a960	621875850050	6218771894e0	190000	190000	10000	166d
5.732212	73536	25bfb	45d8	11	3f8fee	6218757ef910	1ba6	10000	7ffe9f1a8980	2add	62187583a960	621875850050	6218767c94e0	400000	400000	10000	150e
5.740641	734cf	3ad9b	45d8	11	7f3f5d	6218757ef910	2972	10000	7ffe9f1a8980	2add	62187583a960	621875850050	6218758c94e0	7c0000	7c0000	10000	12f2
5.754856	7353a	2753	45d8	d	e24dac	6218757ef910	24c	10000	7ffe9f1a8980	2add	62187583a960	621875850050	621873f094e0	e30000	e30000	10000	f53
5.761144	7353a	14b	45d8	8	11132ad	6218757ef910	20	10000	7ffe9f1a8980	2add	62187583a960	621875850050	6218733494e0	1120000	1120000	10000	dac
5.774768	7353a	9841	45d8	f	2ef9d	6218757ef910	80c	10000	7ffe9f1a8980	2add	62187583a960	621875850050	6218777094e0	30000	30000	10000	1733
5.784476	73515	22477	45d8	11	47e764	6218757ef910	196e	10000	7ffe9f1a8980	2add	62187583a960	621875850050	6218765c94e0	480000	480000	10000	14c6
5.795697	7353a	9a3	45d8	b	946e0d	6218757ef910	ad	10000	7ffe9f1a8980	2add	62187583a960	621875850050	6218752894e0	950000	950000	10000	1211
5.808691	7356f	1111	2580	11	f5f35c	6218757ef910	2add	10000	7ffe9f1a8980	2add	62187583a960	621875850050	621873b094e0	f30000	257c	10000	0
5.814435	7353a	23c5f	45d8	11	118d4d1	6218757ef910	1a6d	10000	7ffe9f1a8980	2add	62187583a960	621875850050	6218731894e0	1190000	1190000	10000	d6d
5.826558	72c3f	39	32e73	0	2f670	24d96	2460	4fb0d	7ffe9f1a8980	32e73	0	0	f12279ad2100f1e6	2460	8000000000007a2b	54e27bd071c9c122	2add
5.840418	7353a	6b	45d8	6	640938	6218757ef910	a	10000	7ffe9f1a8980	2add	62187583a960	621875850050	621875e894e0	650000	650000	10000	13c1
5.847501	734cf	1268f	45d8	10	910da3	6218757ef910	e95	10000	7ffe9f1a8980	2add	62187583a960	621875850050	6218753894e0	910000	910000	10000	1235
5.855881	73519	a1f	45d8	b	cc177d	6218757ef910	b4	10000	7ffe9f1a8980	2add	62187583a960	621875850050	6218744894e0	cd0000	cd0000	10000	1019
5.861638	1acbacd60b8a	6218777a0930	5d14	3920	17450	62187779d010	6218777b4460	5d14	7ffe9f1a8978	6218777a0930	62187583a960	621875850050	621873a894e0	f60000	f60000	10000	ea8
5.875781	73540	83	45d8	7	15d96a8	6218757ef910	d	10000	7ffe9f1a8980	2add	62187583a960	621875850050	6218720494e0	15e0000	15e0000	10000	b00
5.885132	1acbacd60b8a	621877794f08	2e8a	4b10	ba28	6218777903f8	62187779be20	2e8a	7ffe9f1a8978	621877794f08	62187891cbf0	62187891df20	48b79d109586ff7c	2d0000	2d0000	10000	15b9
5.893622	7353a	1fd5f	45d8	10	69b00d	6218757ef910	17d4	10000	7ffe9f1a8980	2add	62187583a960	621875850050	621875d494e0	6a0000	6a0000	10000	1394
5.904511	7353a	71	45d8	6	ba26e8	6218757ef910	c	10000	7ffe9f1a8980	2add	62187583a960	621875850050	6218749094e0	bb0000	bb0000	10000	10bb
5.910353	1acbacd60b8a	6218777b7d80	45d8	fa40	11760	62187778b200	6218777b9aa0	ba28	7ffe9f1a8978	6218777b7d80	62187583a960	621875850050	621873f494e0	e30000	e30000	10000	f53
5.922223	73519	6b	45d8	6	13a9e32	6218757ef910	a	10000	7ffe9f1a8980	2add	62187583a960	621875850050	6218729094e0	13b0000	13b0000	10000	c3b
5.928987	1acbacd60b8a	62187778f1f4	1745	2148	5d14	62187778d0ac	621877792dc0	1745	7ffe9f1a8978	62187778f1f4	62187583a960	621875850050	621871f894e0	1620000	1620000	10000	adc
5.939471	73529	2072f	45d8	11	385a64	6218757ef910	183e	10000	7ffe9f1a8980	2add	62187583a960	621875850050	6218769c94e0	380000	380000	10000	1556
5.948388	73501	169e1	45d8	10	79d095	6218757ef910	1178	10000	7ffe9f1a8980	2add	62187583a960	621875850050	6218759894e0	790000	790000	10000	130d
5.959938	1acbacd60b8a	621877794f08	2e8a	eb0	ba28	621877794058	62187779fa80	2e8a	7ffe9f1a8978	621877794f08	62187583a960	621875850050	6218745c94e0	c90000	c90000	10000	103d
5.967790	73501	5fb	45d8	a	101026d	6218757ef910	77	10000	7ffe9f1a8980	2add	62187583a960	621875850050	6218737894e0	1010000	1010000	10000	e45
5.981606	7351c	4ea1	45d8	e	163d088	6218757ef910	475	10000	7ffe9f1a8980	2add	62187583a960	621875850050	621871ec94e0	1640000	1640000	10000	aca
5.996162	7353a	10d	45d8	8	590596	6218757ef910	1d	10000	7ffe9f1a8980	2add	62187583a960	621875850050	6218761494e0	5a0000	5a0000	10000	1424
6.007677	734d9	62187580fb80	45d8	a	9f0032	6218757ef910	73	10000	7ffe9f1a8980	2add	62187583a960	621875850050	6218750094e0	9f0000	9f0000	10000	11b7
6.015055	73519	98a7	45d8	f	d3da45	6218757ef910	80e	10000	7ffe9f1a8980	2add	62187583a960	621875850050	6218742c94e0	d40000	d40000	10000	fda
6.023367	73536	366e9	45d8	11	1104d06	6218757ef910	26a8	10000	7ffe9f1a8980	2add	62187583a960	621875850050	6218733894e0	1110000	1110000	10000	db5
6.035662	73587	6218777894e0	f610	11	16bb57c	6218757ef910	2add	10000	7ffe9f1a8980	2add	62187583a960	621875850050	621871d894e0	1690000	f60c	10000	0
6.047755	7353a	2711f	45d8	11	50ce2c	6218757ef910	1c7f	10000	7ffe9f1a8980	2add	62187583a960	621875850050	6218763894e0	510000	510000	10000	1475
6.054537	7359a	6218777894e0	4a78	11	7f471c	6218757ef910	2add	10000	7ffe9f1a8980	2add	62187583a960	621875850050	6218758894e0	7d0000	4a74	10000	0
6.062042	734c5	32653	45d8	11	b268e5	6218757ef910	2409	10000	7ffe9f1a8980	2add	62187583a960	621875850050	621874b494e0	b20000	b20000	10000	110c
6.074087	7353a	95	45d8	7	10824f4	6218757ef910	f	10000	7ffe9f1a8980	2add	62187583a960	621875850050	6218735894e0	1090000	1090000	10000	dfd
6.082240	734cf	2402f	45d8	11	13db947	6218757ef910	1a96	10000	7ffe9f1a8980	2add	62187583a960	621875850050	6218728c94e0	13c0000	13c0000	10000	c32
6.091168	73f50	2add	621875794ab0	1d43d	78526	2daf3	2	621878ae0e40	7ffe9f1a8980	2daf3	210d	6218783cf0b0	48b79d109586ff7c	2add	6	210e	16
6.104013	7353a	29	45d8	5	651520	6218757ef910	5	10000	7ffe9f1a8980	2add	62187583a960	621875850050	621875e494e0	660000	660000	10000	13b8
6.118112	73519	a39f	45d8	f	cb5095	6218757ef910	89f	10000	7ffe9f1a8980	2add	62187583a960	621875850050	6218744c94e0	cc0000	cc0000	10000	1022
6.123387	73515	18d1	45d8	c	f01813	6218757ef910	180	10000	7ffe9f1a8980	2add	62187583a960	621875850050	621873b894e0	f10000	f10000	10000	ed5
6.136070	7353a	28c9f	45d8	11	14bc95a	6218757ef910	1dac	10000	7ffe9f1a8980	2add	62187583a960	621875850050	6218724c94e0	14c0000	14c0000	10000	ba2
6.148756	7353a	43	45d8	6	338518	6218757ef910	8	10000	7ffe9f1a8980	2add	62187583a960	621875850050	621876ac94e0	340000	340000	10000	157a
6.159938	1acbacc63d3d	1	7ce404e1ac80	18	0	21	7ce404e1ac88	21	7ffe9f1a8710	2add	62187583a960	621875850050	6218756c94e0	621877ce9a00	30	3	20
6.170860	73519	29	45d8	5	d0e6e1	6218757ef910	5	10000	7ffe9f1a8980	2add	62187583a960	621875850050	6218743894e0	d10000	d10000	10000	ff5
6.182624	73519	29	45d8	5	126bb5b	6218757ef910	5	10000	7ffe9f1a8980	2add	24108	621875850050	621872e094e0	1270000	1270000	10000	cef
6.195594	7353a	1dabb	45d8	10	f7965	6218757ef910	1653	10000	7ffe9f1a8980	2add	62187583a960	621875850050	6218773c94e0	100000	100000	10000	16be
6.204275	73540	446f	45d8	e	4f310b	6218757ef910	3e9	10000	7ffe9f1a8980	2add	62187583a960	621875850050	6218764094e0	4f0000	4f0000	10000	1487
6.210897	73519	61	45d8	6	7f8b50	6218757ef910	9	10000	7ffe9f1a8980	2add	62187583a960	621875850050	6218757c94e0	800000	800000	10000	12ce
6.216483	73519	83	45d8	7	a96bec	6218757ef910	d	10000	7ffe9f1a8980	2add	62187583a960	621875850050	621874d494e0	aa0000	aa0000	10000	1154
6.224571	73519	3857	45d8	d	e233a4	6218757ef910	342	10000	7ffe9f1a8980	2add	62187583a960	621875850050	621873f094e0	e30000	e30000	10000	f53
6.236287	73519	1412b	45d8	10	12f6ef5	6218757ef910	fc7	10000	7ffe9f1a8980	2add	62187583a960	621875850050	621872bc94e0	1300000	1300000	10000	c9e
6.247482	73519	15b	45d8	8	ed274	6218757ef910	21	10000	7ffe9f1a8980	2add	62187583a960	621875850050	6218774094e0	f0000	f0000	10000	16c7
6.260844	73587	6218777894e0	6348	62187578d680	72e695	6218757ef910	2add	0	7ffe9f1a8980	2add	62187583a960	621875850050	621875b494e0	720000	6344	10000	1
6.272584	73521	11821	45d8	10	c80e6f	6218757ef910	df9	10000	7ffe9f1a8980	2add	62187583a960	621875850050	6218745c94e0	c80000	c80000	10000	1046
6.285797	1acbacd60b8a	6218777a0930	5d14	91e0	17450	621877797750	6218777aeba0	5d14	7ffe9f1a8978	6218777a0930	240c0	621875850050	621872dc94e0	1290000	1290000	10000	cdd
6.300094	73519	bed9	45d8	f	1b2c4d	6218757ef910	9e2	10000	7ffe9f1a8980	2add	62187583a960	621875850050	6218770c94e0	1c0000	1c0000	10000	1652
6.315195	7353a	1b1	45d8	8	7ccf10	6218757ef910	2a	10000	7ffe9f1a8980	2add	62187583a960	621875850050	6218758894e0	7d0000	7d0000	10000	12e9
6.324633	73519	c839	45d8	f	c1d901	6218757ef910	a48	10000	7ffe9f1a8980	2add	62187583a960	621875850050	6218747494e0	c20000	c20000	10000	107c
6.332919	73f45	2add	621875794ab0	2057e	f98fc2	21497	7b0d	621878db31e0	7ffe9f1a8980	21475	18ca	6218783cf0b0	48b79d109586ff7c	2add	16	18cb	27
6.343402	7353a	ae49	45d8	f	1423b3c	6218757ef910	924	10000	7ffe9f1a8980	2add	62187583a960	621875850050	6218727094e0	1430000	1430000	10000	bf3
6.355502	73540	71	45d8	6	21ec84	6218757ef910	c	10000	7ffe9f1a8980	2add	62187583a960	621875850050	621876f494e0	220000	220000	10000	161c
6.362852	7353a	2911	45d8	d	502f08	6218757ef910	269	10000	7ffe9f1a8980	2add	62187583a960	621875850050	6218763894e0	510000	510000	10000	1475
6.375258	73515	17821	45d8	10	a49bb5	6218757ef910	1217	10000	7ffe9f1a8980	2add	62187583a960	621875850050	621874e894e0	a50000	a50000	10000	1181
6.385817	7353a	35a71	45d8	11	f08e83	6218757ef910	262b	10000	7ffe9f1a8980	2add	62187583a960	621875850050	621873b894e0	f10000	f10000	10000	ed5
6.395258	7353a	c7	45d8	7	1286bc1	6218757ef910	14	10000	7ffe9f1a8980	2add	62187583a960	621875850050	621872d894e0	1290000	1290000	10000	cdd
6.402531	1acbacd60b8a	621877794f08	2e8a	82f0	ba28	62187778cc18	621877798640	2e8a	7ffe9f1a8978	621877794f08	62187583a960	621875850050	6218720894e0	15e0000	15e0000	10000	b00
6.412090	7353a	33221	45d8	11	2198f8	6218757ef910	2482	10000	7ffe9f1a8980	2add	62187583a960	621875850050	621876f494e0	220000	220000	10000	161c
6.426664	7353a	36139	45d8	11	8510ec	6218757ef910	2668	10000	7ffe9f1a8980	2add	62187583a960	621875850050	6218756494e0	860000	860000	10000	1298
6.432183	7353a	161	45d8	8	ac207d	6218757ef910	22	10000	7ffe9f1a8980	2add	62187583a960	621875850050	621874c894e0	ad0000	ad0000	10000	1139
6.440846	73540	3f5	45d8	9	e8627c	6218757ef910	55	10000	7ffe9f1a8980	2add	62187583a960	621875850050	621873d894e0	e90000	e90000	10000	f1d
6.446566	7353a	29	45d8	5	1119674	6218757ef910	5	10000	7ffe9f1a8980	2add	62187583a960	621875850050	6218733494e0	1120000	1120000	10000	dac
6.454849	7358d	6218777894e0	2e84	11	14f94e6	6218757ef910	2add	10000	7ffe9f1a8980	2add	62187583a960	621875850050	6218724894e0	14d0000	2e80	10000	0
6.469040	7353a	d55f	45d8	f	44da3d	6218757ef910	ae6	10000	7ffe9f1a8980	2add	62187583a960	621875850050	6218766894e0	450000	450000	10000	14e1
6.480644	7353a	1051	45d8	c	9b9506	6218757ef910	10a	10000	7ffe9f1a8980	2add	62187583a960	621875850050	6218750c94e0	9c0000	9c0000	10000	11d2
6.493099	73519	29	45d8	5	f4bb8a	6218757ef910	5	10000	7ffe9f1a8980	2add	62187583a960	621875850050	621873a894e0	f50000	f50000	10000	eb1
6.506051	73573	a4f0	a4ec	11	15747c6	6218757ef910	2add	10000	7ffe9f1a8980	2add	62187583a960	621875850050	6218722c94e0	1540000	a4e8	10000	0
6.515583	7353a	3b779	45d8	11	26157b	6218757ef910	29c8	10000	7ffe9f1a8980	2add	62187583a960	621875850050	621876e094e0	270000	270000	10000	15ef
6.520810	1acbacd60b8a	6218777b7d80	45d8	c480	11760	62187778e7c0	6218777bd060	ba28	7ffe9f1a8978	6218777b7d80	62187583a960	621875850050	6218764894e0	4e0000	4e0000	10000	1490
6.534762	73519	2b937	45d8	11	aebfcb	6218757ef910	1fa7	10000	7ffe9f1a8980	2add	62187583a960	621875850050	621874c094e0	af0000	af0000	10000	1127
6.541103	73519	60d	45d8	a	dcfe3e	6218757ef910	78	10000	7ffe9f1a8980	2add	62187583a960	621875850050	6218740894e0	dd0000	dd0000	10000	f89
6.548711	73515	32c45	45d8	11	1110f97	6218757ef910	2446	10000	7ffe9f1a8980	2add	62187583a960	621875850050	6218733494e0	1120000	1120000	10000	dac
6.556084	7351c	89	45d8	7	149a703	6218757ef910	e	10000	7ffe9f1a8980	2add	62187583a960	621875850050	6218725494e0	14a0000	14a0000	10000	bb4
6.565854	7357f	3258	3254	11	1ec3b9	6218757ef910	2add	10000	7ffe9f1a8980	2add	62187583a960	621875850050	6218771094e0	1b0000	3254	10000	0
6.574717	7353a	1e7	45d8	8	5b2d25	6218757ef910	2f	10000	7ffe9f1a8980	2add	62187583a960	621875850050	6218760c94e0	5c0000	5c0000	10000	1412
6.589209	73596	6218777894e0	9318	11	c69a95	6218757ef910	2add	10000	7ffe9f1a8980	2add	62187583a960	621875850050	6218747094e0	c30000	9314	10000	0
6.600617	73515	2c35f	45d8	11	112f11c	6218757ef910	2019	10000	7ffe9f1a8980	2add	62187583a960	621875850050	6218733094e0	1130000	1130000	10000	da3
6.608597	7353a	1f59b	45d8	10	14c1aab	6218757ef910	177a	10000	7ffe9f1a8980	2add	62187583a960	621875850050	6218724894e0	14d0000	14d0000	10000	b99
6.621370	73519	10d	45d8	8	37f90d	6218757ef910	1d	10000	7ffe9f1a8980	2add	62187583a960	621875850050	6218769c94e0	380000	380000	10000	1556
6.626580	7353a	2f	45d8	5	5de9ad	6218757ef910	6	10000	7ffe9f1a8980	2add	62187583a960	621875850050	6218760494e0	5e0000	5e0000	10000	1400
6.638623	7353a	89f	45d8	b	b377ab	6218757ef910	9f	10000	7ffe9f1a8980	2add	62187583a960	621875850050	621874ac94e0	b40000	b40000	10000	10fa
6.644907	73515	1f9d9	45d8	10	dda7ca	6218757ef910	17aa	10000	7ffe9f1a8980	2add	62187583a960	621875850050	6218740494e0	de0000	de0000	10000	f80
6.658122	73519	3259d	45d8	11	13b781d	6218757ef910	23fc	10000	7ffe9f1a8980	2add	62187583a960	621875850050	6218728c94e0	13c0000	13c0000	10000	c32
6.670802	73519	15c1	45d8	c	24151f	6218757ef910	15c	10000	7ffe9f1a8980	2add	62187583a960	621875850050	621876e894e0	250000	250000	10000	1601
6.681081	7353a	9bf9	45d8	f	7070f4	6218757ef910	83b	10000	7ffe9f1a8980	2add	62187583a960	621875850050	621875b894e0	710000	710000	10000	1355
6.687300	73519	3c53	45d8	d	9d7039	6218757ef910	381	10000	7ffe9f1a8980	2add	62187583a960	621875850050	6218750494e0	9e0000	9e0000	10000	11c0
6.697084	7353a	993b	45d8	f	e499f3	6218757ef910	818	10000	7ffe9f1a8980	2add	62187583a960	621875850050	621873e894e0	e50000	e50000	10000	f41
6.707730	7353a	15b	45d8	8	131b757	6218757ef910	21	10000	7ffe9f1a8980	2add	62187583a960	621875850050	621872b494e0	1320000	1320000	10000	c8c
6.715778	7353a	2d78d	45d8	11	166b646	6218757ef910	20ec	10000	7ffe9f1a8980	2add	62187583a960	621875850050	621871e094e0	1670000	1670000	10000	aaf
6.730612	7353a	29	45d8	5	614139	6218757ef910	5	10000	7ffe9f1a8980	2add	62187583a960	621875850050	621875f494e0	620000	620000	10000	13dc
6.736908	7353a	d535	45d8	f	8ed627	6218757ef910	ae4	10000	7ffe9f1a8980	2add	62187583a960	621875850050	6218754094e0	8f0000	8f0000	10000	1247
6.751240	7353a	18d	45d8	8	f43b6d	6218757ef910	27	10000	7ffe9f1a8980	2add	62187583a960	621875850050	621873a894e0	f50000	f50000	10000	eb1
6.760985	7353a	29	45d8	5	12753d0	6218757ef910	5	10000	7ffe9f1a8980	2add	62187583a960	621875850050	621872dc94e0	1280000	1280000	10000	ce6
6.774588	73519	641	45d8	a	14bdb6	6218757ef910	7e	10000	7ffe9f1a8980	2add	62187583a960	621875850050	6218772894e0	150000	150000	10000	1691
6.789213	1acbacd60b8a	6218777a0930	5d14	14d60	17450	62187778bbd0	6218777a3020	5d14	7ffe9f1a8978	6218777a0930	621878090a50	621878092b38	d	7e0000	7e0000	10000	12e0
6.794667	7353a	97	45d8	7	9f6200	6218757ef910	10	10000	7ffe9f1a8980	2add	62187583a960	621875850050	621874fc94e0	a00000	a00000	10000	11ae
6.802929	7353a	23c5f	45d8	11	d9db13	6218757ef910	1a6d	10000	7ffe9f1a8980	2add	62187583a960	621875850050	6218741494e0	da0000	da0000	10000	fa4
6.813891	73519	39f59	45d8	11	121a675	6218757ef910	28da	10000	7ffe9f1a8980	2add	62187583a960	621875850050	621872f494e0	1220000	1220000	10000	d1c
6.826466	7353a	e0f9	45d8	f	9edca	6218757ef910	b65	10000	7ffe9f1a8980	2add	62187583a960	621875850050	6218775494e0	a0000	a0000	10000	16f4
6.838546	734f5	2add	45d8	11	5f2ccf	6218757ef910	1f74	10000	7ffe9f1a8980	2add	62187583a960	621875850050	6218760094e0	5f0000	5f0000	10000	13f7
6.851935	7356f	1111	ab28	11	bd64b2	6218757ef910	2add	10000	7ffe9f1a8980	2add	62187583a960	621875850050	6218748894e0	bd0000	ab24	10000	0
6.864718	73531	b179	45d8	f	1167598	6218757ef910	944	10000	7ffe9f1a8980	2add	62187583a960	621875850050	6218732094e0	1170000	1170000	10000	d7f
6.870075	73519	449	45d8	a	13abab7	6218757ef910	5e	10000	7ffe9f1a8980	2add	62187583a960	621875850050	6218729094e0	13b0000	13b0000	10000	c3b
6.879515	734c1	3a4bd	45d8	11	b8f8b	6218757ef910	2911	10000	7ffe9f1a8980	2add	62187583a960	621875850050	6218775494e0	a0000	a0000	10000	16f4
6.889536	73519	a7	45d8	7	5228d3	6218757ef910	12	10000	7ffe9f1a8980	2add	62187583a960	621875850050	6218763094e0	530000	530000	10000	1463
6.900505	7353a	231bf	45d8	11	a08d79	6218757ef910	19f3	10000	7ffe9f1a8980	2add	62187583a960	621875850050	621874f894e0	a10000	a10000	10000	11a5
6.911614	73501	274e5	45d8	11	ee5d2a	6218757ef910	1ca7	10000	7ffe9f1a8980	2add	62187583a960	621875850050	621873cc94e0	ec0000	ec0000	10000	f02
6.918879	73519	fbf3	45d8	f	1200762	6218757ef910	cb7	10000	7ffe9f1a8980	2add	62187583a960	621875850050	621872f894e0	1210000	1210000	10000	d25
6.927809	734c8	1dce1	45d8	10	15fd6dd	6218757ef910	166a	10000	7ffe9f1a8980	2add	62187583a960	621875850050	6218720094e0	15f0000	15f0000	10000	af7
6.940322	7359a	6218777894e0	c748	11	3aae00	6218757ef910	2add	10000	7ffe9f1a8980	2add	62187583a960	621875850050	6218769894e0	390000	c744	10000	0
6.951634	7353a	25961	45d8	11	81732b	6218757ef910	1b8c	10000	7ffe9f1a8980	2add	62187583a960	621875850050	6218757494e0	820000	820000	10000	12bc
6.966382	7351c	35	45d8	5	ddd73f	6218757ef910	7	10000	7ffe9f1a8980	2add	62187583a960	621875850050	6218740494e0	de0000	de0000	10000	f80
6.976808	73519	1dabb	45d8	10	1224d06	6218757ef910	1653	10000	7ffe9f1a8980	2add	62187583a960	621875850050	621872f094e0	1230000	1230000	10000	d13
6.989964	7353a	2c011	45d8	11	3726f	6218757ef910	1ff9	10000	7ffe9f1a8980	2add	62187583a960	621875850050	6218776c94e0	40000	40000	10000	172a
6.999801	7353a	a937	45d8	f	458961	6218757ef910	8e5	10000	7ffe9f1a8980	2add	62187583a960	621875850050	6218766494e0	460000	460000	10000	14d8
7.007782	73519	22b83	45d8	11	7d9edb	6218757ef910	19b7	10000	7ffe9f1a8980	2add	62187583a960	621875850050	6218758494e0	7e0000	7e0000	10000	12e0
7.015902	1acbacd6110a	0	1	9ae8	6218793f8f70	0	6218793fa000	7f	7ffe9f1a8978	0	6218793f8f70	62187586e310	7ce404e1ace0	62187578d688	6218777894e0	ab74	7f
7.024657	73501	11a91	45d8	10	f98871	6218757ef910	e17	10000	7ffe9f1a8980	2add	62187583a960	621875850050	6218739894e0	f90000	f90000	10000	e8d
7.039624	7353a	348b	45d8	d	15a2228	6218757ef910	30a	10000	7ffe9f1a8980	2add	62187583a960	621875850050	6218721094e0	15b0000	15b0000	10000	b1b
7.053987	7353a	71	45d8	6	4fef22	6218757ef910	c	10000	7ffe9f1a8980	2add	62187583a960	621875850050	6218763c94e0	500000	500000	10000	147e
7.064808	73519	2b519	45d8	11	918bb1	6218757ef910	1f7b	10000	7ffe9f1a8980	2add	62187583a960	621875850050	6218753494e0	920000	920000	10000	122c
7.075694	73519	175	45d8	8	dbff4b	6218757ef910	23	10000	7ffe9f1a8980	2add	62187583a960	621875850050	6218740c94e0	dc0000	dc0000	10000	f92
7.089502	734c1	235f9	45d8	11	1427a72	6218757ef910	1a1b	10000	7ffe9f1a8980	2add	62187583a960	621875850050	6218727494e0	1420000	1420000	10000	bfc
7.099854	7353a	a3	45d8	7	18ed86	6218757ef910	11	10000	7ffe9f1a8980	2add	62187583a960	621875850050	6218771894e0	190000	190000	10000	166d
7.111217	73519	1994b	45d8	10	670bcd	6218757ef910	1377	10000	7ffe9f1a8980	2add	62187583a960	621875850050	621875dc94e0	680000	680000	10000	13a6
7.124925	7352d	2966f	45d8	11	cc81e1	6218757ef910	1e13	10000	7ffe9f1a8980	2add	62187583a960	621875850050	6218744c94e0	cc0000	cc0000	10000	1022
7.139611	73536	3835f	45d8	11	1382337	6218757ef910	27c9	10000	7ffe9f1a8980	2add	62187583a960	621875850050	6218729894e0	1390000	1390000	10000	c4d
7.152804	73519	10d	45d8	8	25c828	6218757ef910	1d	10000	7ffe9f1a8980	2add	62187583a960	621875850050	621876e494e0	260000	260000	10000	15f8
7.163492	7353a	2e7	45d8	9	6fbe3b	6218757ef910	40	10000	7ffe9f1a8980	2add	62187583a960	621875850050	621875bc94e0	700000	700000	10000	135e
7.169591	73540	683	45d8	a	9c2ba2	6218757ef910	82	10000	7ffe9f1a8980	2add	62187583a960	621875850050	6218750894e0	9d0000	9d0000	10000	11c9
7.180328	7353a	35dad	45d8	11	da8ba6	6218757ef910	264b	10000	7ffe9f1a8980	2add	62187583a960	621875850050	6218741094e0	db0000	db0000	10000	f9b
7.191786	7353a	6b9	45d8	a	12d5ac8	6218757ef910	85	10000	7ffe9f1a8980	2add	62187583a960	621875850050	621872c494e0	12e0000	12e0000	10000	cb0
7.201761	73519	43	45d8	6	29cb1	6218757ef910	8	10000	7ffe9f1a8980	2add	62187583a960	621875850050	6218777094e0	30000	30000	10000	1733
7.209156	73515	31c3	45d8	d	352691	6218757ef910	2e6	10000	7ffe9f1a8980	2add	62187583a960	621875850050	621876a494e0	360000	360000	10000	1568
7.219709	73519	1f909	45d8	10	7eec3e	6218757ef910	17a3	10000	7ffe9f1a8980	2add	62187583a960	621875850050	6218758094e0	7f0000	7f0000	10000	12d7
7.234511	73519	3bf95	45d8	11	e5b608	6218757ef910	2a20	10000	7ffe9f1a8980	2add	62187583a960	621875850050	621873e494e0	e60000	e60000	10000	f38
7.244461	73519	5cdd	45d8	e	12e4083	6218757ef910	52f	10000	7ffe9f1a8980	2add	62187583a960	621875850050	621872c094e0	12f0000	12f0000	10000	ca7
7.255468	73519	29	45d8	5	5e25a	6218757ef910	5	10000	7ffe9f1a8980	2add	62187583a960	621875850050	6218776494e0	60000	60000	10000	1718
7.263965	7353a	d8d	45d8	b	3ea32e	6218757ef910	e4	10000	7ffe9f1a8980	2add	62187583a960	621875850050	6218768094e0	3f0000	3f0000	10000	1517
7.278346	7353a	15b	45d8	8	a728f8	6218757ef910	21	10000	7ffe9f1a8980	2add	62187583a960	621875850050	621874dc94e0	a80000	a80000	10000	1166
7.285279	84b22	56	7ffe9f1a88d0	55	621879676bb0	6218796764e0	2f	80	7ffe9f1a8850	621875872fa0	621878b633a0	621876711c70	48b79d109586ff7c	7ffe9f1a8868	621878b633b0	22a4	6218580ea2a8
7.293486	73519	95	45d8	7	1135f1f	6218757ef910	f	10000	7ffe9f1a8980	2add	62187583a960	621875850050	6218732c94e0	1140000	1140000	10000	d9a
7.304966	7353a	29	45d8	5	1668c1e	6218757ef910	5	10000	7ffe9f1a8980	2add	62187583a960	621875850050	621871e094e0	1670000	1670000	10000	aaf
7.312060	73519	b98d	45d8	f	25558a	6218757ef910	9a0	10000	7ffe9f1a8980	2add	62187583a960	621875850050	621876e494e0	260000	260000	10000	15f8
7.321596	73519	368bf	45d8	11	6bd209	6218757ef910	26c0	10000	7ffe9f1a8980	2add	62187583a960	621875850050	621875cc94e0	6c0000	6c0000	10000	1382
7.331043	1acbacc639cd	7ce404e1aee0	7ce404e1ac80	0	7ce404e1aef0	200	7ce404e1ac80	200	7ffe9f1a8780	621876711c80	2	1d09e	0	1f	210	21	2
7.345092	73519	29	45d8	5	1030245	6218757ef910	5	10000	7ffe9f1a8980	2add	62187583a960	621875850050	6218736c94e0	1040000	1040000	10000	e2a
7.357444	73515	445	45d8	a	15a86f8	6218757ef910	5d	10000	7ffe9f1a8980	2add	62187583a960	621875850050	6218721094e0	15b0000	15b0000	10000	b1b
7.371258	7353a	29	45d8	5	4a5760	6218757ef910	5	10000	7ffe9f1a8980	2add	62187583a960	621875850050	6218765094e0	4b0000	4b0000	10000	14ab
7.378613	73519	2f	45d8	5	7f54e8	6218757ef910	6	10000	7ffe9f1a8980	2add	62187583a960	621875850050	6218757c94e0	800000	800000	10000	12ce
7.393366	734c5	1e1af	45d8	10	e84090	6218757ef910	169e	10000	7ffe9f1a8980	2add	62187583a960	621875850050	621873dc94e0	e80000	e80000	10000	f26
7.398610	7353a	1b227	45d8	10	10bd847	6218757ef910	147d	10000	7ffe9f1a8980	2add	62187583a960	621875850050	6218734c94e0	10c0000	10c0000	10000	de2
7.411113	7353a	337	45d8	9	165be48	6218757ef910	49	10000	7ffe9f1a8980	2add	62187583a960	621875850050	621871e494e0	1660000	1660000	10000	ab8
7.419436	73515	2c0f	45d8	d	1d7464	6218757ef910	292	10000	7ffe9f1a8980	2add	62187584fb90	6218797bfbd0	6218750cfb80	1e0000	1e0000	10000	1640
7.427435	7353a	1ec73	45d8	10	54dccb	6218757ef910	1711	10000	7ffe9f1a8980	2add	62187584fb90	6218797bfbd0	62187430fb80	550000	550000	10000	1451
7.441296	73519	3143b	45d8	11	b6c255	6218757ef910	2345	10000	7ffe9f1a8980	2add	62187584fb90	6218797bfbd0	621872a8fb80	b70000	b70000	10000	10df
7.449106	73519	2e3f	45d8	d	ee9141	6218757ef910	2b5	10000	7ffe9f1a8980	2add	62187584fb90	6218797bfbd0	621871c8fb80	ef0000	ef0000	10000	ee7
7.459983	734fd	6218757af8f0	45d8	11	13c6b03	6218757ef910	2606	10000	7ffe9f1a8980	2add	62187584fb90	6218797bfbd0	62187098fb80	13b0000	13b0000	10000	c3b
7.469170	73515	31859	45d8	11	a6fcd	6218757ef910	2375	10000	7ffe9f1a8980	2add	62187584fb90	6218797bfbd0	62187558fb80	b0000	b0000	10000	16eb
7.483692	7353a	83	45d8	7	759c9f	6218757ef910	d	10000	7ffe9f1a8980	2add	62187584fb90	6218797bfbd0	621873acfb80	760000	760000	10000	1328
7.494260	73519	c7	45d8	7	bc87ba	6218757ef910	14	10000	7ffe9f1a8980	2add	62187584fb90	6218797bfbd0	62187290fb80	bd0000	bd0000	10000	10a9
7.500488	7353a	2791f	45d8	11	e64b0d	6218757ef910	1cd4	10000	7ffe9f1a8980	2add	62187584fb90	6218797bfbd0	621871e8fb80	e70000	e70000	10000	f2f
7.509278	7353a	1b7	45d8	8	128da86	6218757ef910	2b	10000	7ffe9f1a8980	2add	62187584fb90	6218797bfbd0	621870e0fb80	1290000	1290000	10000	cdd
7.521532	73519	43	45d8	6	f32f5	6218757ef910	8	10000	7ffe9f1a8980	2add	62187584fb90	6218797bfbd0	62187544fb80	100000	100000	10000	16be
7.535528	7353a	ad	45d8	7	773bf6	6218757ef910	13	10000	7ffe9f1a8980	2add	62187584fb90	6218797bfbd0	621873a4fb80	780000	780000	10000	1316
7.548333	7353a	43	45d8	6	d63a0b	6218757ef910	8	10000	7ffe9f1a8980	2add	62187584fb90	6218797bfbd0	62187228fb80	d70000	d70000	10000	fbf
7.563526	73519	168fd	45d8	10	14595ab	6218757ef910	116e	10000	7ffe9f1a8980	2add	62187584fb90	6218797bfbd0	6218706cfb80	1460000	1460000	10000	bd8
7.577904	7353a	6113	45d8	e	3b78fd	6218757ef910	55e	10000	7ffe9f1a8980	2add	62187584fb90	6218797bfbd0	62187494fb80	3c0000	3c0000	10000	1532
7.589915	7353a	1e0e9	45d8	10	939571	6218757ef910	1696	10000	7ffe9f1a8980	2add	62187584fb90	6218797bfbd0	62187334fb80	940000	940000	10000	121a
7.602712	73536	30ddf	45d8	11	f1ad91	6218757ef910	2310	10000	7ffe9f1a8980	2add	62187584fb90	6218797bfbd0	621871bcfb80	f20000	f20000	10000	ecc
7.611458	735a3	1111	f0	11	1355210	6218757ef910	2add	10000	7ffe9f1a8980	2add	62187584fb90	6218797bfbd0	621870b8fb80	1330000	ec	10000	0
7.618477	73519	47b1	45d8	e	165f4a9	6218757ef910	41b	10000	7ffe9f1a8980	2add	62187584fb90	6218797bfbd0	62186fecfb80	1660000	1660000	10000	ab8
7.627652	73519	29	45d8	5	359e0d	6218757ef910	5	10000	7ffe9f1a8980	2add	62187584fb90	6218797bfbd0	621874acfb80	360000	360000	10000	1568
7.633777	73515	3109	45d8	d	620f7f	6218757ef910	2dc	10000	7ffe9f1a8980	2add	62187584fb90	6218797bfbd0	621873f8fb80	630000	630000	10000	13d3
7.639382	73519	72d9	45d8	e	8a8527	6218757ef910	63e	10000	7ffe9f1a8980	2add	62187584fb90	6218797bfbd0	62187358fb80	8b0000	8b0000	10000	126b
7.644735	73519	293c5	45d8	11	af7257	6218757ef910	1dfb	10000	7ffe9f1a8980	2add	62187584fb90	6218797bfbd0	621872c4fb80	b00000	b00000	10000	111e
7.658060	73519	79c9	45d8	e	110d224	6218757ef910	68c	10000	7ffe9f1a8980	2add	62187584fb90	6218797bfbd0	62187140fb80	1110000	1110000	10000	db5
7.671217	72acd	9c704a444b94fdfd	18b29	0	7065	5cdc	9c704a444b94f5f1	1500f	7ffe9f1a8980	18b27	0	1ca3a	e51d0ff295283127	12de	8000000000005cdc	9c704a444b94f5f1	2add
7.682083	73519	17a4f	45d8	10	437e6c	6218757ef910	1230	10000	7ffe9f1a8980	2add	62187584fb90	6218797bfbd0	62187474fb80	440000	440000	10000	14ea
7.692779	73519	27b29	45d8	11	91b889	6218757ef910	1ce6	10000	7ffe9f1a8980	2add	62187584fb90	6218797bfbd0	6218733cfb80	920000	920000	10000	122c
7.699140	73519	17dfb	45d8	10	bff6fe	6218757ef910	1253	10000	7ffe9f1a8980	2add	62187584fb90	6218797bfbd0	62187284fb80	c00000	c00000	10000	108e
7.705704	73582	f66c	f66c	11	f2c396	6218757ef910	2add	10000	7ffe9f1a8980	2add	62187584fb90	6218797bfbd0	621871c4fb80	f00000	f668	10000	0
7.711615	73519	3991	45d8	d	11a0d12	6218757ef910	358	10000	7ffe9f1a8980	2add	62187584fb90	6218797bfbd0	62187118fb80	11b0000	11b0000	10000	d5b
7.723696	7356f	1111	a080	11	2a3a1	6218757ef910	2add	10000	7ffe9f1a8980	2add	62187584fb90	6218797bfbd0	6218757cfb80	20000	a07c	10000	0
7.736642	845d2	79adea01	621876711c70	0	621e56b1ebd1	62187578a010	7	621879adea01	7ffe9f1a8948	621876711c70	621875d9ae30	7	48b79d109586ff7c	621879adeaa0	1	1	4
7.743814	7350c	1685b	45d8	10	62187584fb90	6218757ef910	1163	10000	7ffe9f1a8980	2add	62187584fb90	6218797bfbd0	62187348fb80	8f0000	8f0000	10000	1247
7.749185	1acbacd60b8a	621875826fd0	5d14	17080	17450	62187580ff50	6218758273a0	5d14	7ffe9f1a8978	621875826fd0	621875873160	62187930d110	e	b00000	b00000	10000	111e
7.756631	734d9	62187779ebd0	45d8	e	e716e7	6218757ef910	4f5	10000	7ffe9f1a8980	2add	62187584fb90	6218797bfbd0	621871e8fb80	e70000	e70000	10000	f2f
7.762196	7353a	2124d	45d8	11	10dbb2f	6218757ef910	18b4	10000	7ffe9f1a8980	2add	62187584fb90	6218797bfbd0	6218714cfb80	10e0000	10e0000	10000	dd0
7.773735	7358d	62187580fb80	2d24	11	16563f2	6218757ef910	2add	10000	7ffe9f1a8980	2add	62187584fb90	6218797bfbd0	62186ff8fb80	1630000	2d20	10000	0
7.780144	73ec8	2add	621875794ab0	6218757fa490	1449	0	0	621879b531e0	7ffe9f1a8980	17b9	176	621876711c70	48b79d109586ff7c	2add	55	177	61
7.787387	7353a	35	45d8	5	532da9	6218757ef910	7	10000	7ffe9f1a8980	2add	62187584fb90	6218797bfbd0	62187434fb80	540000	540000	10000	145a
7.796855	73510	17f21	45d8	10	94bea0	6218757ef910	1261	10000	7ffe9f1a8980	2add	62187584fb90	6218797bfbd0	62187330fb80	950000	950000	10000	1211
7.811613	7353a	8483	45d8	f	fb50b3	6218757ef910	71f	10000	7ffe9f1a8980	2add	62187584fb90	6218797bfbd0	62187194fb80	fc0000	fc0000	10000	e72
7.817270	847e1	621877ce9a10	400	a	621877b30e48	6218580ea0b0	7ffe9f1a8848	0	7ffe9f1a8840	3dd	8	2c	48b79d109586ff7c	621877b30e50	0	2c	621877b30f20
7.827211	73519	1afdd	45d8	10	16a9a12	6218757ef910	1462	10000	7ffe9f1a8980	2add	62187584fb90	6218797bfbd0	62186fd8fb80	16b0000	16b0000	10000	a8b
7.835100	73519	aa57	45d8	f	320d53	6218757ef910	8ef	10000	7ffe9f1a8980	2add	62187584fb90	6218797bfbd0	621874b8fb80	330000	330000	10000	1583
7.848252	73519	a3	45d8	7	8ed400	6218757ef910	11	10000	7ffe9f1a8980	2add	62187584fb90	6218797bfbd0	62187348fb80	8f0000	8f0000	10000	1247
7.855755	73519	b66f	45d8	f	c40ed0	6218757ef910	986	10000	7ffe9f1a8980	2add	62187584fb90	6218797bfbd0	62187270fb80	c50000	c50000	10000	1061
7.863766	7353a	10b83	45d8	10	fd9dcc	6218757ef910	d67	10000	7ffe9f1a8980	2add	62187584fb90	6218797bfbd0	6218718cfb80	fe0000	fe0000	10000	e60
7.869574	73536	2dff1	45d8	11	126af8d	6218757ef910	213d	10000	7ffe9f1a8980	2add	62187584fb90	6218797bfbd0	621870e8fb80	1270000	1270000	10000	cef
7.883140	7353a	a7	45d8	7	17babe	6218757ef910	12	10000	7ffe9f1a8980	2add	62187584fb90	6218797bfbd0	62187524fb80	180000	180000	10000	1676
7.891372	73529	1f99f	45d8	10	55c58f	6218757ef910	17a8	10000	7ffe9f1a8980	2add	62187584fb90	6218797bfbd0	62187430fb80	550000	550000	10000	1451
7.903988	73519	2f	45d8	5	ae1368	6218757ef910	6	10000	7ffe9f1a8980	2add	62187584fb90	6218797bfbd0	621872c8fb80	af0000	af0000	10000	1127
7.916500	7353a	244bb	45d8	11	103e2ae	6218757ef910	1abc	10000	7ffe9f1a8980	2add	62187584fb90	6218797bfbd0	62187174fb80	1040000	1040000	10000	e2a
7.927567	7353a	107	45d8	8	152d6a1	6218757ef910	1c	10000	7ffe9f1a8980	2add	62187584fb90	6218797bfbd0	62187038fb80	1530000	1530000	10000	b63
7.940570	73519	9221	45d8	f	3b527a	6218757ef910	7c3	10000	7ffe9f1a8980	2add	62187584fb90	6218797bfbd0	62187494fb80	3c0000	3c0000	10000	1532
7.952358	73519	1937b	45d8	10	9102e2	6218757ef910	1336	10000	7ffe9f1a8980	2add	62187584fb90	6218797bfbd0	6218733cfb80	920000	920000	10000	122c
7.957722	73582	4984	4984	11	b907d9	6218757ef910	2add	10000	7ffe9f1a8980	2add	62187584fb90	6218797bfbd0	621872acfb80	b60000	4980	10000	0
7.971776	73f24	2add	621875794ab0	1f103	7683	0	0	621879d10b90	7ffe9f1a8980	26f87	1c73	62187578de70	48b79d109586ff7c	2add	14	1c74	25
7.977361	73519	281	45d8	9	13f2c2b	6218757ef910	3b	10000	7ffe9f1a8980	2add	62187584fb90	6218797bfbd0	62187084fb80	1400000	1400000	10000	c0e
7.991911	73519	1cd	45d8	8	376096	6218757ef910	2c	10000	7ffe9f1a8980	2add	62187584fb90	6218797bfbd0	621874a4fb80	380000	380000	10000	1556
8.000581	7357c	3ae4	3ae0	11	77ce5f	6218757ef910	2add	10000	7ffe9f1a8980	2add	62187584fb90	6218797bfbd0	621873acfb80	760000	3adc	10000	0
8.009535	73519	2a1	45d8	9	b6f739	6218757ef910	3e	10000	7ffe9f1a8980	2add	62187584fb90	6218797bfbd0	621872a8fb80	b70000	b70000	10000	10df
8.015912	734e3	2add	45d8	11	e558a2	6218757ef910	2804	10000	7ffe9f1a8980	2add	62187584fb90	6218797bfbd0	621871fcfb80	e20000	e20000	10000	f5c
8.030401	734c5	a5fb	45d8	f	14d37fd	6218757ef910	8c3	10000	7ffe9f1a8980	2add	62187584fb90	6218797bfbd0	62187050fb80	14d0000	14d0000	10000	b99
8.042511	7353a	6b9	45d8	a	1cbb8f	6218757ef910	85	10000	7ffe9f1a8980	2add	62187584fb90	6218797bfbd0	62187510fb80	1d0000	1d0000	10000	1649
8.055751	735a3	1111	affc	11	7e1a69	6218757ef910	2add	10000	7ffe9f1a8980	2add	62187584fb90	6218797bfbd0	6218738cfb80	7e0000	aff8	10000	0
8.065699	7353a	20885	45d8	11	c4568c	6218757ef910	184e	10000	7ffe9f1a8980	2add	62187584fb90	6218797bfbd0	62187270fb80	c50000	c50000	10000	1061
8.077028	73519	1f0d	45d8	c	116aedd	6218757ef910	1de	10000	7ffe9f1a8980	2add	62187584fb90	6218797bfbd0	62187128fb80	1170000	1170000	10000	d7f
8.087649	73519	12dd3	45d8	10	160c611	6218757ef910	edd	10000	7ffe9f1a8980	2add	62187584fb90	6218797bfbd0	62187000fb80	1610000	1610000	10000	ae5
8.100448	7353a	fb	45d8	7	45aea6	6218757ef910	1a	10000	7ffe9f1a8980	2add	62187584fb90	6218797bfbd0	6218746cfb80	460000	460000	10000	14d8
8.110550	73519	a67	45d8	b	8ae3a7	6218757ef910	b8	10000	7ffe9f1a8980	2add	62187584fb90	6218797bfbd0	62187358fb80	8b0000	8b0000	10000	126b
8.123609	73519	2918b	45d8	11	e61b33	6218757ef910	1de2	10000	7ffe9f1a8980	2add	62187584fb90	6218797bfbd0	621871e8fb80	e70000	e70000	10000	f2f
8.138582	73515	1c42d	45d8	10	15244fd	6218757ef910	1549	10000	7ffe9f1a8980	2add	62187584fb90	6218797bfbd0	62187038fb80	1530000	1530000	10000	b63
8.145384	73519	9efb	45d8	f	10fd76	6218757ef910	85e	10000	7ffe9f1a8980	2add	62187584fb90	6218797bfbd0	62187540fb80	110000	110000	10000	16b5
8.156538	7353a	f1	45d8	7	622d57	6218757ef910	19	10000	7ffe9f1a8980	2add	62187584fb90	6218797bfbd0	621873f8fb80	630000	630000	10000	13d3
8.167847	73521	16e17	45d8	10	a7293f	6218757ef910	11a5	10000	7ffe9f1a8980	2add	62187584fb90	6218797bfbd0	621872e8fb80	a70000	a70000	10000	116f
8.173737	7353a	323ff	45d8	11	c909b8	6218757ef910	23e7	10000	7ffe9f1a8980	2add	62187584fb90	6218797bfbd0	6218725cfb80	ca0000	ca0000	10000	1034
8.188934	73501	e4b5	45d8	f	134238a	6218757ef910	b92	10000	7ffe9f1a8980	2add	62187584fb90	6218797bfbd0	621870b4fb80	1340000	1340000	10000	c7a
8.195981	73501	26167	45d8	11	1688f81	6218757ef910	1be6	10000	7ffe9f1a8980	2add	62187584fb90	6218797bfbd0	62186fe8fb80	1670000	1670000	10000	aaf
8.206099	7353a	36bab	45d8	11	3e1a8d	6218757ef910	26d9	10000	7ffe9f1a8980	2add	62187584fb90	6218797bfbd0	62187488fb80	3f0000	3f0000	10000	1517
8.213587	73519	19ed	45d8	c	741ccc	6218757ef910	195	10000	7ffe9f1a8980	2add	62187584fb90	6218797bfbd0	621873b0fb80	750000	750000	10000	1331
8.219478	7353a	375e5	45d8	11	9d75eb	6218757ef910	273b	10000	7ffe9f1a8980	2add	62187584fb90	6218797bfbd0	6218730cfb80	9e0000	9e0000	10000	11c0
8.232265	7353a	35	45d8	5	fd1ff6	6218757ef910	7	10000	7ffe9f1a8980	2add	62187584fb90	6218797bfbd0	6218718cfb80	fe0000	fe0000	10000	e60
8.241824	73536	2505b	45d8	11	143c556	6218757ef910	1b2c	10000	7ffe9f1a8980	2add	62187584fb90	6218797bfbd0	62187074fb80	1440000	1440000	10000	bea
8.248308	1acbacd60b8a	6218797bfbd0	156e8	14f18	156e8	6218757fac60	6218797c03a0	621879f91920	7ffe9f1a8978	6218797bfbd0	621879f92360	7ce404e1b420	48b79d109586ff7c	621879f91d40	7ffffffffffffffc	7ce404da0880	d0
8.256009	73519	1b7	45d8	8	38a76e	6218757ef910	2b	10000	7ffe9f1a8980	2add	62187584fb90	6218797bfbd0	621874a0fb80	390000	390000	10000	154d
8.264916	7353a	9bb7	45d8	f	79bc68	6218757ef910	837	10000	7ffe9f1a8980	2add	62187584fb90	6218797bfbd0	6218739cfb80	7a0000	7a0000	10000	1304
8.273036	7351c	925	45d8	b	b32078	6218757ef910	a7	10000	7ffe9f1a8980	2add	62187584fb90	6218797bfbd0	621872b4fb80	b40000	b40000	10000	10fa
8.282050	73510	2a6ef	45d8	11	f2287d	6218757ef910	1ed8	10000	7ffe9f1a8980	2add	62187584fb90	6218797bfbd0	621871bcfb80	f20000	f20000	10000	ecc
8.287885	1acbacd60b8a	621875813080	1745	26f4	2814	621877762ba0	6218758131a0	d40	7ffe9f1a8978	621875813080	62187584fb90	6218797bfbd0	62187110fb80	11e0000	11e0000	10000	d40
8.295891	7353a	1cdc5	45d8	10	156fa94	6218757ef910	15bf	10000	7ffe9f1a8980	2add	62187584fb90	6218797bfbd0	62187028fb80	1570000	1570000	10000	b3f
8.303113	1acbacd60b8a	62187583e420	45d8	ce80	11760	621875814460	621875842d00	ba28	7ffe9f1a8978	62187583e420	62187584fb90	6218797bfbd0	62187524fb80	190000	190000	10000	166d
8.312935	73519	21c83	45d8	11	60455f	6218757ef910	1919	10000	7ffe9f1a8980	2add	62187584fb90	6218797bfbd0	62187400fb80	610000	610000	10000	13e5
8.327261	73519	6d	45d8	6	be46f0	6218757ef910	b	10000	7ffe9f1a8980	2add	62187584fb90	6218797bfbd0	62187288fb80	bf0000	bf0000	10000	1097
8.336804	7353a	2b05d	45d8	11	1031fd5	6218757ef910	1f3f	10000	7ffe9f1a8980	2add	62187584fb90	6218797bfbd0	62187174fb80	1040000	1040000	10000	e2a
8.345369	73519	79f	45d8	a	13f8106	6218757ef910	90	10000	7ffe9f1a8980	2add	62187584fb90	6218797bfbd0	62187084fb80	1400000	1400000	10000	c0e
8.360299	73519	25bcb	45d8	11	37259d	6218757ef910	1ba4	10000	7ffe9f1a8980	2add	62187584fb90	6218797bfbd0	621874a4fb80	380000	380000	10000	1556
8.371959	73519	71	45d8	6	8e92b0	6218757ef910	c	10000	7ffe9f1a8980	2add	62187584fb90	6218797bfbd0	62187348fb80	8f0000	8f0000	10000	1247
8.383329	7352d	19025	45d8	10	e064ca	6218757ef910	1318	10000	7ffe9f1a8980	2add	62187584fb90	6218797bfbd0	62187204fb80	e00000	e00000	10000	f6e
8.398417	73519	277	45d8	9	14a9462	6218757ef910	3a	10000	7ffe9f1a8980	2add	62187584fb90	6218797bfbd0	62187058fb80	14b0000	14b0000	10000	bab
8.413148	7353a	29	45d8	5	413f9f	6218757ef910	5	10000	7ffe9f1a8980	2add	62187584fb90	6218797bfbd0	6218747cfb80	420000	420000	10000	14fc
8.423988	73519	3705b	45d8	11	8d4122	6218757ef910	2708	10000	7ffe9f1a8980	2add	62187584fb90	6218797bfbd0	6218734cfb80	8e0000	8e0000	10000	1250
8.434421	7353a	18d	45d8	8	d9a8d3	6218757ef910	27	10000	7ffe9f1a8980	2add	62187584fb90	6218797bfbd0	6218721cfb80	da0000	da0000	10000	fa4
8.448100	73519	19f7f	45d8	10	1390bee	6218757ef910	13ba	10000	7ffe9f1a8980	2add	62187584fb90	6218797bfbd0	6218709cfb80	13a0000	13a0000	10000	c44
8.458639	7357f	4bd8	4bd4	11	159f74	6218757ef910	2add	10000	7ffe9f1a8980	2add	62187584fb90	6218797bfbd0	62187534fb80	140000	4bd4	10000	0
8.470396	73587	62187580fb80	9868	11	698ae2	6218757ef910	2add	10000	7ffe9f1a8980	2add	62187584fb90	6218797bfbd0	621873ecfb80	660000	9864	10000	0
8.480833	73529	1e595	45d8	10	b259ee	6218757ef910	16c4	10000	7ffe9f1a8980	2add	62187584fb90	6218797bfbd0	621872bcfb80	b20000	b20000	10000	110c
8.494783	73519	29	45d8	5	10452ff	6218757ef910	5	10000	7ffe9f1a8980	2add	62187584fb90	6218797bfbd0	62187170fb80	1050000	1050000	10000	e21
8.507862	7353a	1ca03	45d8	10	15fedcf	6218757ef910	1598	10000	7ffe9f1a8980	2add	62187584fb90	6218797bfbd0	62187004fb80	1600000	1600000	10000	aee
8.519137	734d4	62187779ebd0	45d8	10	406876	6218757ef910	12ff	10000	7ffe9f1a8980	2add	62187584fb90	6218797bfbd0	62187484fb80	400000	400000	10000	150e
8.528641	747dd	3	5	6218764cafa8	6	6218764cafa8	67	62187a30bb30	7ffe9f1a8980	6218758eb270	67	0	22a5	6218764caf10	6	67	6218764caf18
8.535833	73519	20f6b	45d8	11	aaae27	6218757ef910	1896	10000	7ffe9f1a8980	2add	62187584fb90	6218797bfbd0	621872d8fb80	ab0000	ab0000	10000	114b
8.546309	73542	13d57	45d8	10	f49fc3	6218757ef910	f94	10000	7ffe9f1a8980	2add	62187584fb90	6218797bfbd0	621871b4fb80	f40000	f40000	10000	eba
8.554629	73515	ca25	45d8	f	12fa650	6218757ef910	a68	10000	7ffe9f1a8980	2add	62187584fb90	6218797bfbd0	621870c4fb80	1300000	1300000	10000	c9e
8.560600	734c8	375b5	45d8	11	15b5804	6218757ef910	273a	10000	7ffe9f1a8980	2add	62187584fb90	6218797bfbd0	6218701cfb80	15a0000	15a0000	10000	b24
8.567417	7353a	10fd	45d8	c	187f3e	6218757ef910	117	10000	7ffe9f1a8980	2add	62187584fb90	6218797bfbd0	62187520fb80	190000	190000	10000	166d
8.580830	73529	2736d	45d8	11	79149e	6218757ef910	1c91	10000	7ffe9f1a8980	2add	62187584fb90	6218797bfbd0	621873a0fb80	790000	790000	10000	130d
8.586734	7353a	adf5	45d8	f	a3d089	6218757ef910	920	10000	7ffe9f1a8980	2add	62187584fb90	6218797bfbd0	621872f4fb80	a40000	a40000	10000	118a
8.596898	73519	3df3	45d8	d	edeec5	6218757ef910	397	10000	7ffe9f1a8980	2add	62187584fb90	6218797bfbd0	621871ccfb80	ee0000	ee0000	10000	ef0
8.609663	7353a	1f7e9	45d8	10	14889d9	6218757ef910	1794	10000	7ffe9f1a8980	2add	62187584fb90	6218797bfbd0	62187060fb80	1490000	1490000	10000	bbd
8.617760	73519	35	45d8	5	109932	6218757ef910	7	10000	7ffe9f1a8980	2add	62187584fb90	6218797bfbd0	62187540fb80	110000	110000	10000	16b5
8.628888	73519	71	45d8	6	566eca	6218757ef910	c	10000	7ffe9f1a8980	2add	62187584fb90	6218797bfbd0	62187428fb80	570000	570000	10000	143f
8.635004	73515	3e87	45d8	d	811c9a	6218757ef910	39b	10000	7ffe9f1a8980	2add	62187584fb90	6218797bfbd0	6218737cfb80	820000	820000	10000	12bc
8.644528	7353a	16009	45d8	10	c499f8	6218757ef910	110f	10000	7ffe9f1a8980	2add	62187584fb90	6218797bfbd0	62187270fb80	c50000	c50000	10000	1061
8.651965	73521	1919b	45d8	10	fa3c31	6218757ef910	1327	10000	7ffe9f1a8980	2add	62187584fb90	6218797bfbd0	6218719cfb80	fa0000	fa0000	10000	e84
8.658287	73519	1f3	45d8	8	127a0f6	6218757ef910	31	10000	7ffe9f1a8980	2add	62187584fb90	6218797bfbd0	621870e4fb80	1280000	1280000	10000	ce6
8.671893	73519	d3	45d8	7	167ef7	6218757ef910	15	10000	7ffe9f1a8980	2add	62187584fb90	6218797bfbd0	62187528fb80	170000	170000	10000	167f
8.684821	73515	71	45d8	6	75e43b	6218757ef910	c	10000	7ffe9f1a8980	2add	62187584fb90	6218797bfbd0	621873acfb80	760000	760000	10000	1328
8.692600	7353a	2e1f	45d8	d	aebc53	6218757ef910	2b0	10000	7ffe9f1a8980	2add	62187584fb90	6218797bfbd0	621872c8fb80	af0000	af0000	10000	1127
8.706416	734c1	819b	45d8	f	1137996	6218757ef910	6f1	10000	7ffe9f1a8980	2add	62187584fb90	6218797bfbd0	62187138fb80	1130000	1130000	10000	da3
8.714279	73587	62187580fb80	4918	11	14db556	6218757ef910	2add	10000	7ffe9f1a8980	2add	62187584fb90	6218797bfbd0	62187054fb80	14c0000	4914	10000	0
8.727133	73519	a3	45d8	7	37d531	6218757ef910	11	10000	7ffe9f1a8980	2add	62187584fb90	6218797bfbd0	621874a4fb80	380000	380000	10000	1556
8.736924	735a3	1111	1f6c	11	7f58a3	6218757ef910	2add	10000	7ffe9f1a8980	2add	62187584fb90	6218797bfbd0	62187390fb80	7d0000	1f68	10000	0
8.743001	73519	29	45d8	5	a8a689	6218757ef910	5	10000	7ffe9f1a8980	2add	62187584fb90	6218797bfbd0	621872e0fb80	a90000	a90000	10000	115d
8.752140	73519	240d7	45d8	11	e804b5	6218757ef910	1a9c	10000	7ffe9f1a8980	2add	62187584fb90	6218797bfbd0	621871e0fb80	e90000	e90000	10000	f1d
8.757875	73515	d3	45d8	7	112708f	6218757ef910	15	10000	7ffe9f1a8980	2add	62187584fb90	6218797bfbd0	62187138fb80	1130000	1130000	10000	da3
8.772075	73515	41b	45d8	a	7d5f1	6218757ef910	58	10000	7ffe9f1a8980	2add	62187584fb90	6218797bfbd0	62187564fb80	80000	80000	10000	1706
8.783632	734e3	2add	45d8	e	5a58ac	6218757ef910	5dc	10000	7ffe9f1a8980	2add	62187584fb90	6218797bfbd0	6218741cfb80	5a0000	5a0000	10000	1424
8.795536	73519	e43b	45d8	f	af0cf1	6218757ef910	b8b	10000	7ffe9f1a8980	2add	62187584fb90	6218797bfbd0	621872c4fb80	b00000	b00000	10000	111e
8.805507	7353a	17b39	45d8	10	f8563e	6218757ef910	1239	10000	7ffe9f1a8980	2add	62187584fb90	6218797bfbd0	621871a0fb80	f90000	f90000	10000	e8d
8.813345	73519	19c13	45d8	10	1300991	6218757ef910	1394	10000	7ffe9f1a8980	2add	62187584fb90	6218797bfbd0	621870c0fb80	1310000	1310000	10000	c95
8.826275	734c5	1e3ad	45d8	10	1db677	6218757ef910	16b4	10000	7ffe9f1a8980	2add	62187584fb90	6218797bfbd0	62187510fb80	1d0000	1d0000	10000	1649
8.837335	73519	1da23	45d8	10	6d454f	6218757ef910	164c	10000	7ffe9f1a8980	2add	62187584fb90	6218797bfbd0	621873ccfb80	6e0000	6e0000	10000	1370
8.851923	73519	c51d	45d8	f	d51109	6218757ef910	a26	10000	7ffe9f1a8980	2add	62187584fb90	6218797bfbd0	6218722cfb80	d60000	d60000	10000	fc8
8.863513	7353a	29	45d8	5	12561ec	6218757ef910	5	10000	7ffe9f1a8980	2add	62187584fb90	6218797bfbd0	621870ecfb80	1260000	1260000	10000	cf8
8.872222	73519	bfb	45d8	b	165760c	6218757ef910	cf	10000	7ffe9f1a8980	2add	62187584fb90	6218797bfbd0	62186fecfb80	1660000	1660000	10000	ab8
8.885982	7353a	f5c9	45d8	f	534cda	6218757ef910	c67	10000	7ffe9f1a8980	2add	62187584fb90	6218797bfbd0	62187434fb80	540000	540000	10000	145a
8.892085	73501	f2db	45d8	f	7fd796	6218757ef910	c4c	10000	7ffe9f1a8980	2add	62187584fb90	6218797bfbd0	62187388fb80	7f0000	7f0000	10000	12d7
8.900031	73515	232c7	45d8	11	b50c4f	6218757ef910	19f9	10000	7ffe9f1a8980	2add	62187584fb90	6218797bfbd0	621872acfb80	b60000	b60000	10000	10e8
8.907592	7353a	22a5d	45d8	11	ebd068	6218757ef910	19ab	10000	7ffe9f1a8980	2add	62187584fb90	6218797bfbd0	621871d4fb80	ec0000	ec0000	10000	f02
8.922604	7353a	6d	45d8	6	155431c	6218757ef910	b	10000	7ffe9f1a8980	2add	62187584fb90	6218797bfbd0	6218702cfb80	1560000	1560000	10000	b48
8.932842	7353a	283e7	45d8	11	23bb77	6218757ef910	1d54	10000	7ffe9f1a8980	2add	62187584fb90	6218797bfbd0	621874f4fb80	240000	240000	10000	160a
8.942244	7353a	6b	45d8	6	5e32c2	6218757ef910	a	10000	7ffe9f1a8980	2add	62187584fb90	6218797bfbd0	62187408fb80	5f0000	5f0000	10000	13f7
8.953316	1acbacd60b8a	621875826fd0	5d14	65c0	17450	621875820a10	621875837e60	5d14	7ffe9f1a8978	621875826fd0	62187584fb90	6218797bfbd0	621872f4fb80	a50000	a50000	10000	1181
8.960974	7353a	11abb	45d8	10	d24df2	6218757ef910	e1a	10000	7ffe9f1a8980	2add	62187584fb90	6218797bfbd0	62187238fb80	d30000	d30000	10000	fe3
8.970529	73519	30fdf	45d8	11	10ed5e1	6218757ef910	2323	10000	7ffe9f1a8980	2add	62187584fb90	6218797bfbd0	62187148fb80	10f0000	10f0000	10000	dc7
8.980074	73536	3b89	45d8	d	14f8130	6218757ef910	372	10000	7ffe9f1a8980	2add	62187584fb90	6218797bfbd0	62187044fb80	1500000	1500000	10000	b7e
8.995236	7353a	35	45d8	5	4a374b	6218757ef910	7	10000	7ffe9f1a8980	2add	62187584fb90	6218797bfbd0	62187458fb80	4b0000	4b0000	10000	14ab
9.008610	735a3	1111	8200	11	ab6a21	6218757ef910	2add	10000	7ffe9f1a8980	2add	62187584fb90	6218797bfbd0	621872dcfb80	aa0000	81fc	10000	0
9.019441	73519	13c5d	45d8	10	f33683	6218757ef910	f89	10000	7ffe9f1a8980	2add	62187584fb90	6218797bfbd0	621871b4fb80	f40000	f40000	10000	eba
9.025042	73519	1fdd1	45d8	10	11b8764	6218757ef910	17d8	10000	7ffe9f1a8980	2add	62187584fb90	6218797bfbd0	62187114fb80	11c0000	11c0000	10000	d52
9.039563	73519	5a1f	45d8	e	11b16d	6218757ef910	50e	10000	7ffe9f1a8980	2add	62187584fb90	6218797bfbd0	6218753cfb80	120000	120000	10000	16ac
9.047893	7353a	f1	45d8	7	4db32e	6218757ef910	19	10000	7ffe9f1a8980	2add	62187584fb90	6218797bfbd0	6218744cfb80	4e0000	4e0000	10000	1490
9.058675	1acbacd6110a	0	1	2e88	62187a7f8310	0	62187a800000	7f	7ffe9f1a8978	0	62187a7f8310	6218757ab410	7ce404e1ace0	6218759e93e8	62187580fb80	ab74	7f
9.070951	7353a	3c971	45d8	11	f1ee7c	6218757ef910	2a88	10000	7ffe9f1a8980	2add	62187584fb90	6218797bfbd0	621871bcfb80	f20000	f20000	10000	ecc
9.078033	7351c	e3	45d8	7	124fcb7	6218757ef910	17	10000	7ffe9f1a8980	2add	62187584fb90	6218797bfbd0	621870f0fb80	1250000	1250000	10000	d01
9.088384	734c5	45e3	777	e	16e4920	6218757ef910	3fa	3601	7ffe9f1a8980	2add	62187584fb90	6218797bfbd0	62186fc8fb80	16e3601	16e3601	3601	a67
9.102243	7353a	2f05	45d8	d	63f43f	6218757ef910	2c0	10000	7ffe9f1a8980	2add	62187584fb90	6218797bfbd0	621873f4fb80	640000	640000	10000	13ca
9.111575	73515	975d	45d8	f	a3fa32	6218757ef910	800	10000	7ffe9f1a8980	2add	62187584fb90	6218797bfbd0	621872f4fb80	a40000	a40000	10000	118a
9.117372	7353a	3b23	45d8	d	ca1864	6218757ef910	36e	10000	7ffe9f1a8980	2add	62187584fb90	6218797bfbd0	62187258fb80	cb0000	cb0000	10000	102b
9.124847	7353a	22765	45d8	11	f57276	6218757ef910	198c	10000	7ffe9f1a8980	2add	62187584fb90	6218797bfbd0	621871acfb80	f60000	f60000	10000	ea8
9.131371	73f45	2add	621875794ab0	66b	123fca0	6b9f	260f3	62187a8529c0	7ffe9f1a8980	6b93	5df	6218790c5700	48b79d109586ff7c	2add	68	5e0	74
9.144804	7359e	ffff	5230	11	168976	6218757ef910	2add	10000	7ffe9f1a8980	2add	62187584fb90	6218797bfbd0	62187538fb80	130000	522c	10000	0
9.154028	7353a	1bf7	45d8	c	51b2cc	6218757ef910	1b2	10000	7ffe9f1a8980	2add	62187584fb90	6218797bfbd0	6218743cfb80	520000	520000	10000	146c
9.165578	7352d	28e3b	45d8	11	a66b1e	6218757ef910	1dc0	10000	7ffe9f1a8980	2add	62187584fb90	6218797bfbd0	621872f0fb80	a50000	a50000	10000	1181
9.170836	7353a	12547	45d8	10	c8c8e6	6218757ef910	e86	10000	7ffe9f1a8980	2add	62187584fb90	6218797bfbd0	62187260fb80	c90000	c90000	10000	103d
9.179083	7353a	de5b	45d8	f	100b048	6218757ef910	b50	10000	7ffe9f1a8980	2add	62187584fb90	6218797bfbd0	62187180fb80	1010000	1010000	10000	e45
9.189790	73519	15a21	45d8	10	14f9d7e	6218757ef910	10c3	10000	7ffe9f1a8980	2add	62187584fb90	6218797bfbd0	62187044fb80	1500000	1500000	10000	b7e
9.197031	73521	1e1ab	45d8	10	db411	6218757ef910	169d	10000	7ffe9f1a8980	2add	62187584fb90	6218797bfbd0	62187550fb80	d0000	d0000	10000	16d9
9.207818	7353a	511	45d8	a	564aee	6218757ef910	6a	10000	7ffe9f1a8980	2add	62187584fb90	6218797bfbd0	62187428fb80	570000	570000	10000	143f
9.221091	73519	2cb01	45d8	11	abaa3a	6218757ef910	2068	10000	7ffe9f1a8980	2add	62187584fb90	6218797bfbd0	621872d4fb80	ac0000	ac0000	10000	1142
9.231395	73519	30a79	45d8	11	f177b2	6218757ef910	22f3	10000	7ffe9f1a8980	2add	62187584fb90	6218797bfbd0	621871bcfb80	f20000	f20000	10000	ecc
9.245607	7353a	265	45d8	9	157ae8d	6218757ef910	39	10000	7ffe9f1a8980	2add	62187584fb90	6218797bfbd0	62187024fb80	1580000	1580000	10000	b36
9.257317	73519	fb	45d8	7	3445de	6218757ef910	1a	10000	7ffe9f1a8980	2add	62187584fb90	6218797bfbd0	621874b0fb80	350000	350000	10000	1571
9.270693	73519	1a2af	45d8	10	80bdb9	6218757ef910	13df	10000	7ffe9f1a8980	2add	62187584fb90	6218797bfbd0	62187380fb80	810000	810000	10000	12c5
9.278156	73515	493	45d8	a	b3f0d3	6218757ef910	62	10000	7ffe9f1a8980	2add	62187584fb90	6218797bfbd0	621872b4fb80	b40000	b40000	10000	10fa
9.292363	7353a	9e6f	45d8	f	11a343d	6218757ef910	858	10000	7ffe9f1a8980	2add	62187584fb90	6218797bfbd0	62187118fb80	11b0000	11b0000	10000	d5b
9.303478	73519	bd1d	45d8	f	16c8a27	6218757ef910	9cd	10000	7ffe9f1a8980	2add	62187584fb90	6218797bfbd0	62186fd0fb80	16d0000	16d0000	10000	a79
9.311763	7353a	10bb	45d8	c	341b4c	6218757ef910	112	10000	7ffe9f1a8980	2add	62187584fb90	6218797bfbd0	621874b0fb80	350000	350000	10000	1571
9.323911	1acbacd608f0	621875871bb0	10	4	10	62187578e0c0	621875871bb0	2	7ffe9f1a87b8	2	1	1	48b79d109586ff7c	62187578de70	62187578e0c0	621875871bb0	8
9.332156	73519	2f	45d8	5	bc09ca	6218757ef910	6	10000	7ffe9f1a8980	2add	62187584fb90	6218797bfbd0	62187290fb80	bd0000	bd0000	10000	10a9
9.340378	7352d	26a35	45d8	11	f5740a	6218757ef910	1c3e	10000	7ffe9f1a8980	2add	62187584fb90	6218797bfbd0	621871b0fb80	f50000	f50000	10000	eb1
9.355335	73519	14b	45d8	8	14f7faf	6218757ef910	20	10000	7ffe9f1a8980	2add	62187584fb90	6218797bfbd0	62187044fb80	1500000	1500000	10000	b7e
9.363611	734c1	15d13	45d8	10	7a734	6218757ef910	10ea	10000	7ffe9f1a8980	2add	62187584fb90	6218797bfbd0	62187568fb80	70000	70000	10000	170f
9.374357	7352d	1d18b	45d8	10	4ec200	6218757ef910	15ed	10000	7ffe9f1a8980	2add	62187584fb90	6218797bfbd0	6218744cfb80	4e0000	4e0000	10000	1490
9.380408	7352d	37831	45d8	11	74a918	6218757ef910	274f	10000	7ffe9f1a8980	2add	62187584fb90	6218797bfbd0	621873b4fb80	740000	740000	10000	133a
9.386060	73531	fbb1	45d8	f	965bf6	6218757ef910	cb3	10000	7ffe9f1a8980	2add	62187584fb90	6218797bfbd0	62187328fb80	970000	970000	10000	11ff
9.396334	7353a	3a51	45d8	d	df30ce	6218757ef910	362	10000	7ffe9f1a8980	2add	62187584fb90	6218797bfbd0	62187204fb80	e00000	e00000	10000	f6e
9.410838	7353a	265	45d8	9	14b929a	6218757ef910	39	10000	7ffe9f1a8980	2add	62187584fb90	6218797bfbd0	62187054fb80	14c0000	14c0000	10000	ba2
9.423992	7351c	71	45d8	6	3759eb	6218757ef910	c	10000	7ffe9f1a8980	2add	62187584fb90	6218797bfbd0	621874a4fb80	380000	380000	10000	1556
9.433938	7353a	4fd	45d8	a	7b5451	6218757ef910	67	10000	7ffe9f1a8980	2add	62187584fb90	6218797bfbd0	62187394fb80	7c0000	7c0000	10000	12f2
9.441994	73519	878f	45d8	f	b51a32	6218757ef910	74d	10000	7ffe9f1a8980	2add	62187584fb90	6218797bfbd0	621872acfb80	b60000	b60000	10000	10e8
9.453753	73519	5ae5	45d8	e	10604b1	6218757ef910	517	10000	7ffe9f1a8980	2add	62187584fb90	6218797bfbd0	62187168fb80	1070000	1070000	10000	e0f
9.468652	73519	1825d	45d8	10	1eb0c	6218757ef910	1283	10000	7ffe9f1a8980	2add	62187584fb90	6218797bfbd0	6218757cfb80	20000	20000	10000	173c
9.479959	73519	43	45d8	6	53f442	6218757ef910	8	10000	7ffe9f1a8980	2add	62187584fb90	6218797bfbd0	62187434fb80	540000	540000	10000	145a
9.493849	734ec	2add	45d8	11	b825e8	6218757ef910	255f	10000	7ffe9f1a8980	2add	62187584fb90	6218797bfbd0	621872a4fb80	b80000	b80000	10000	10d6
9.499309	7353a	2c99f	45d8	11	debd6a	6218757ef910	205b	10000	7ffe9f1a8980	2add	62187584fb90	6218797bfbd0	62187208fb80	df0000	df0000	10000	f77
9.507454	1acbacd60b8a	621875826fd0	5d14	9140	17450	62187581de90	6218758352e0	5d14	7ffe9f1a8978	621875826fd0	62187584fb90	6218797bfbd0	62187118fb80	11c0000	11c0000	10000	d52
9.519670	1acbacd60b8a	62187581b5a8	2e8a	38b0	ba28	621875817cf8	621875823720	2e8a	7ffe9f1a8978	62187581b5a8	fffffffffe0ad070	6218797bfbd0	62187574fb80	50000	50000	10000	1721
9.529766	73519	dbf7	45d8	f	4ce4c6	6218757ef910	b33	10000	7ffe9f1a8980	2add	62187584fb90	6218797bfbd0	62187450fb80	4d0000	4d0000	10000	1499
9.538721	734c8	1b7	45d8	8	8d0061	6218757ef910	2c	10000	7ffe9f1a8980	2add	62187584fb90	6218797bfbd0	62187350fb80	8d0000	8d0000	10000	1259
9.552146	73519	23d95	45d8	11	e5f547	6218757ef910	1a7a	10000	7ffe9f1a8980	2add	62187584fb90	6218797bfbd0	621871ecfb80	e60000	e60000	10000	f38
9.562393	7353a	a5a3	45d8	f	130f61c	6218757ef910	8bf	10000	7ffe9f1a8980	2add	62187584fb90	6218797bfbd0	621870c0fb80	1310000	1310000	10000	c95
9.572047	73540	c7	45d8	7	452fa	6218757ef910	14	10000	7ffe9f1a8980	2add	62187584fb90	6218797bfbd0	62187570fb80	50000	50000	10000	1721
9.582741	73515	280d9	45d8	11	52ad74	6218757ef910	1d2d	10000	7ffe9f1a8980	2add	62187584fb90	6218797bfbd0	62187438fb80	530000	530000	10000	1463
9.593160	73519	34475	45d8	11	9e270c	6218757ef910	2546	10000	7ffe9f1a8980	2add	62187584fb90	6218797bfbd0	62187308fb80	9f0000	9f0000	10000	11b7
9.600805	73515	2575d	45d8	11	c8b175	6218757ef910	1b79	10000	7ffe9f1a8980	2add	62187584fb90	6218797bfbd0	62187260fb80	c90000	c90000	10000	103d
9.609547	1acbacd60b8a	62187581b5a8	2e8a	8d50	ba28	621875812858	62187581e280	2e8a	7ffe9f1a8978	62187581b5a8	62187584fb90	6218797bfbd0	62187160fb80	10a0000	10a0000	10000	df4
9.616816	7353a	277	45d8	9	13c80e3	6218757ef910	3a	10000	7ffe9f1a8980	2add	62187584fb90	6218797bfbd0	62187090fb80	13d0000	13d0000	10000	c29
9.626741	73519	37b65	45d8	11	e4109	6218757ef910	276f	10000	7ffe9f1a8980	2add	62187584fb90	6218797bfbd0	62187548fb80	f0000	f0000	10000	16c7
9.637945	73531	19d87	45d8	10	5fa747	6218757ef910	13a4	10000	7ffe9f1a8980	2add	62187584fb90	6218797bfbd0	62187404fb80	600000	600000	10000	13ee
9.652766	73519	13613	45d8	10	cc0ddb	6218757ef910	f3d	10000	7ffe9f1a8980	2add	62187584fb90	6218797bfbd0	62187250fb80	cd0000	cd0000	10000	1019
9.667015	1acbacd60b8a	62187580fb80	ab9	24d0	3230	6218777662c4	6218758108e0	c8c	7ffe9f1a8978	62187580fb80	62187584fb90	6218797bfbd0	621870c0fb80	1320000	1320000	10000	c8c
9.673290	73519	2f	45d8	5	15e8acd	6218757ef910	6	10000	7ffe9f1a8980	2add	62187584fb90	6218797bfbd0	62187008fb80	15f0000	15f0000	10000	af7
9.681458	84a9f	62187ad40e30	7f0917c0a7	62187578de80	2	62187ad9ae40	2f	53	7ffe9f1a8850	6218757ac920	62187578de70	621878fd9170	48b79d109586ff7c	7ffe9f1a8868	13	22a5	6218580ea2a8
9.690799	73519	2bf69	45d8	11	696f2f	6218757ef910	1ff3	10000	7ffe9f1a8980	2add	62187584fb90	6218797bfbd0	621873dcfb80	6a0000	6a0000	10000	1394
9.701548	7353a	7385	45d8	e	b6cce2	6218757ef910	645	10000	7ffe9f1a8980	2add	62187584fb90	6218797bfbd0	621872a8fb80	b70000	b70000	10000	10df
9.711352	73587	62187580fb80	343c	11	fc6f0c	6218757ef910	2add	10000	7ffe9f1a8980	2add	62187584fb90	6218797bfbd0	6218719cfb80	fa0000	3438	10000	0
9.724179	73519	ae2b	45d8	f	1549506	6218757ef910	923	10000	7ffe9f1a8980	2add	62187584fb90	6218797bfbd0	62187030fb80	1550000	1550000	10000	b51
9.734154	7353a	32ab5	45d8	11	295986	6218757ef910	243a	10000	7ffe9f1a8980	2add	62187584fb90	6218797bfbd0	621874dcfb80	2a0000	2a0000	10000	15d4
9.748755	73519	1543	45d8	c	8432f8	6218757ef910	152	10000	7ffe9f1a8980	2add	62187584fb90	6218797bfbd0	62187370fb80	850000	850000	10000	12a1
9.763447	7358d	62187580fb80	6404	11	ebd7f9	6218757ef910	2add	10000	7ffe9f1a8980	2add	62187584fb90	6218797bfbd0	621871e0fb80	e90000	6400	10000	0
9.771055	73540	5f3	45d8	a	1210f8c	6218757ef910	76	10000	7ffe9f1a8980	2add	62187584fb90	6218797bfbd0	621870fcfb80	1220000	1220000	10000	d1c
9.784340	734d9	62187779ebd0	45d8	11	10f772	6218757ef910	1ed0	10000	7ffe9f1a8980	2add	62187584fb90	6218797bfbd0	62187544fb80	100000	100000	10000	16be
9.796758	734c1	ce8f	45d8	f	6718b6	6218757ef910	aa0	10000	7ffe9f1a8980	2add	62187584fb90	6218797bfbd0	621873e8fb80	670000	670000	10000	13af
9.807686	73519	121b1	45d8	10	b2bbb4	6218757ef910	e5c	10000	7ffe9f1a8980	2add	62187584fb90	6218797bfbd0	621872b8fb80	b30000	b30000	10000	1103
9.820146	73540	c7	45d8	7	10b1937	6218757ef910	14	10000	7ffe9f1a8980	2add	62187584fb90	6218797bfbd0	62187154fb80	10c0000	10c0000	10000	de2
9.829978	7353a	5bf	45d8	a	155b23c	6218757ef910	73	10000	7ffe9f1a8980	2add	62187584fb90	6218797bfbd0	6218702cfb80	1560000	1560000	10000	b48
9.842009	734f5	2add	45d8	c	390ba9	6218757ef910	1c3	10000	7ffe9f1a8980	2add	62187584fb90	6218797bfbd0	621874a0fb80	390000	390000	10000	154d
9.850679	7358d	62187580fb80	a18c	11	793884	6218757ef910	2add	10000	7ffe9f1a8980	2add	62187584fb90	6218797bfbd0	621873a4fb80	780000	a188	10000	0
9.861700	73519	237e5	45d8	11	c62802	6218757ef910	1a35	10000	7ffe9f1a8980	2add	62187584fb90	6218797bfbd0	62187268fb80	c70000	c70000	10000	104f
9.875326	73519	409	45d8	a	12b04e7	6218757ef910	57	10000	7ffe9f1a8980	2add	62187584fb90	6218797bfbd0	621870d4fb80	12c0000	12c0000	10000	cc2
9.881455	7353a	43	45d8	6	158aedc	6218757ef910	8	10000	7ffe9f1a8980	2add	62187584fb90	6218797bfbd0	62187020fb80	1590000	1590000	10000	b2d
9.890902	7351c	29	45d8	5	2aa9c5	6218757ef910	5	10000	7ffe9f1a8980	2add	62187584fb90	6218797bfbd0	621874d8fb80	2b0000	2b0000	10000	15cb
9.904553	7357c	ce7c	ce78	11	8fbafd	6218757ef910	2add	10000	7ffe9f1a8980	2add	62187584fb90	6218797bfbd0	6218734cfb80	8e0000	ce74	10000	0
9.919497	73515	14917	45d8	10	fd56c7	6218757ef910	1018	10000	7ffe9f1a8980	2add	62187584fb90	6218797bfbd0	6218718cfb80	fe0000	fe0000	10000	e60
9.925819	734c5	2a791	45d8	11	12d7f85	6218757ef910	1ee0	10000	7ffe9f1a8980	2add	62187584fb90	6218797bfbd0	621870d4fb80	12c0000	12c0000	10000	cc2
9.937555	a534a	745464370123a305	1f537	0	86ba	e3c2	26412d0bfcb155cd	199df	7ffe9f1a8978	1f537	0	1ca3a	e51d0ff295283127	1770	800000000000e3c2	26412d0bfcb155cd	2add
9.943273	73519	1b7	45d8	8	273ed2	6218757ef910	2b	10000	7ffe9f1a8980	2add	62187584fb90	6218797bfbd0	621874e4fb80	280000	280000	10000	15e6
9.957152	7353a	35	45d8	5	88be97	6218757ef910	7	10000	7ffe9f1a8980	2add	62187584fb90	6218797bfbd0	62187360fb80	890000	890000	10000	127d
9.964282	7357c	21c	218	11	baa9cc	6218757ef910	2add	10000	7ffe9f1a8980	2add	62187584fb90	6218797bfbd0	6218729cfb80	ba0000	214	10000	0
9.972191	73515	37f1	45d8	d	f46ea2	6218757ef910	33c	10000	7ffe9f1a8980	2add	62187584fb90	6218797bfbd0	621871b0fb80	f50000	f50000	10000	eb1
9.981378	73582	c584	c584	11	1388af1	6218757ef910	2add	10000	7ffe9f1a8980	2add	62187584fb90	6218797bfbd0	621870b0fb80	1350000	c580	10000	0
9.988294	73540	df	45d8	7	1653a39	6218757ef910	16	10000	7ffe9f1a8980	2add	62187584fb90	6218797bfbd0	62186fecfb80	1660000	1660000	10000	ab8
10.002127	7353a	7bef	45d8	e	54d212	6218757ef910	6ac	10000	7ffe9f1a8980	2add	62187584fb90	6218797bfbd0	62187430fb80	550000	550000	10000	1451
10.017291	7357c	7110	710c	11	c1ea32	6218757ef910	2add	10000	7ffe9f1a8980	2add	62187584fb90	6218797bfbd0	62187280fb80	c10000	7108	10000	0
10.029588	7353a	18c71	45d8	10	1194ccc	6218757ef910	12eb	10000	7ffe9f1a8980	2add	62187584fb90	6218797bfbd0	6218711cfb80	11a0000	11a0000	10000	d64
10.035385	7352d	18d6d	45d8	10	1438a88	6218757ef910	12f5	10000	7ffe9f1a8980	2add	62187584fb90	6218797bfbd0	62187078fb80	1430000	1430000	10000	bf3
10.043693	89520	62187586e320	7ffe9f1a8b20	2	7ce404e1ac80	62187578a010	7	62187b0c39b0	7ffe9f1a8930	62187586e320	62187586e320	621875872fa0	48b79d109586ff7c	7ffe9f1a8938	a	2	6218580ea4e8
10.057629	73519	34343	45d8	11	6f2cf0	6218757ef910	2538	10000	7ffe9f1a8980	2add	62187584fb90	6218797bfbd0	621873c4fb80	700000	700000	10000	135e
10.069419	73519	824f	45d8	f	c6576a	6218757ef910	6fc	10000	7ffe9f1a8980	2add	62187584fb90	6218797bfbd0	62187268fb80	c70000	c70000	10000	104f
10.075481	73519	a3	45d8	7	f1942a	6218757ef910	11	10000	7ffe9f1a8980	2add	62187584fb90	6218797bfbd0	621871bcfb80	f20000	f20000	10000	ecc
10.083441	7352d	5bc9	45d8	e	12c592e	6218757ef910	51f	10000	7ffe9f1a8980	2add	62187584fb90	6218797bfbd0	621870d4fb80	12c0000	12c0000	10000	cc2
10.094452	73519	35f	45d8	9	6ebec	6218757ef910	4d	10000	7ffe9f1a8980	2add	62187584fb90	6218797bfbd0	62187568fb80	70000	70000	10000	170f
10.103201	734c1	2239f	45d8	11	460d8c	6218757ef910	1963	10000	7ffe9f1a8980	2add	62187584fb90	6218797bfbd0	62187474fb80	440000	440000	10000	14ea
10.116103	7353a	32d01	45d8	11	a219cd	6218757ef910	244f	10000	7ffe9f1a8980	2add	62187584fb90	6218797bfbd0	621872f8fb80	a30000	a30000	10000	1193
10.126553	73587	62187580fb80	26cc	11	e03e7b	6218757ef910	2add	10000	7ffe9f1a8980	2add	62187584fb90	6218797bfbd0	62187210fb80	dd0000	26c8	10000	0
10.135001	7359a	62187580fb80	1124	11	11d46cb	6218757ef910	2add	10000	7ffe9f1a8980	2add	62187584fb90	6218797bfbd0	62187118fb80	11b0000	1120	10000	0
10.147123	73519	810d	45d8	f	4e19	6218757ef910	6ec	10000	7ffe9f1a8980	2add	62187584fb90	6218797bfbd0	62187580fb80	10000	10000	10000	1745
10.160439	7353a	29	45d8	5	6259ce	6218757ef910	5	10000	7ffe9f1a8980	2add	62187584fb90	6218797bfbd0	621873f8fb80	630000	630000	10000	13d3
10.170716	7353a	2429	45d8	d	adb8c4	6218757ef910	21d	10000	7ffe9f1a8980	2add	62187584fb90	6218797bfbd0	621872ccfb80	ae0000	ae0000	10000	1130
10.185263	73519	b11f	45d8	f	115f37e	6218757ef910	942	10000	7ffe9f1a8980	2add	62187584fb90	6218797bfbd0	6218712cfb80	1160000	1160000	10000	d88
10.194389	734c5	f67f	45d8	f	1572d92	6218757ef910	c71	10000	7ffe9f1a8980	2add	62187584fb90	6218797bfbd0	62187028fb80	1570000	1570000	10000	b3f
10.209032	73519	347	45d8	9	347029	6218757ef910	4b	10000	7ffe9f1a8980	2add	62187584fb90	6218797bfbd0	621874b0fb80	350000	350000	10000	1571
10.215635	1acbacd6110a	0	1	5ee8	62187b30f370	0	62187b314000	7e	7ffe9f1a8978	0	62187b30f370	62187ac4d5e0	7ce404e1ace0	6218759e93e8	62187580fb80	ab74	7e
10.221783	73515	4639	45d8	e	8c4165	6218757ef910	401	10000	7ffe9f1a8980	2add	62187584fb90	6218797bfbd0	62187350fb80	8d0000	8d0000	10000	1259
10.234685	7353a	2f	45d8	5	eb2ece	6218757ef910	6	10000	7ffe9f1a8980	2add	62187584fb90	6218797bfbd0	621871d4fb80	ec0000	ec0000	10000	f02
10.248501	7353a	2f	45d8	5	153945d	6218757ef910	6	10000	7ffe9f1a8980	2add	62187584fb90	6218797bfbd0	62187034fb80	1540000	1540000	10000	b5a
10.259243	7353a	5bf	45d8	a	2d041e	6218757ef910	73	10000	7ffe9f1a8980	2add	62187584fb90	6218797bfbd0	621874ccfb80	2e0000	2e0000	10000	15b0
10.272885	73501	143b	45d8	c	9213b8	6218757ef910	144	10000	7ffe9f1a8980	2add	62187584fb90	6218797bfbd0	6218733cfb80	920000	920000	10000	122c
10.286703	7352d	32c5f	45d8	11	f21d47	6218757ef910	2448	10000	7ffe9f1a8980	2add	62187584fb90	6218797bfbd0	621871bcfb80	f20000	f20000	10000	ecc
10.299752	7353a	5d31	45d8	e	141ee63	6218757ef910	532	10000	7ffe9f1a8980	2add	62187584fb90	6218797bfbd0	6218707cfb80	1420000	1420000	10000	bfc
10.309267	7353a	2f	45d8	5	151992	6218757ef910	6	10000	7ffe9f1a8980	2add	62187584fb90	6218797bfbd0	6218752cfb80	160000	160000	10000	1688
10.324039	73519	1d3dd	45d8	10	82ebcc	6218757ef910	160c	10000	7ffe9f1a8980	2add	62187584fb90	6218797bfbd0	62187378fb80	830000	830000	10000	12b3
10.330771	73515	1b979	45d8	10	b26f6e	6218757ef910	14d2	10000	7ffe9f1a8980	2add	62187584fb90	6218797bfbd0	621872b8fb80	b30000	b30000	10000	1103
10.337085	73519	29773	45d8	11	df0826	6218757ef910	1e23	10000	7ffe9f1a8980	2add	62187584fb90	6218797bfbd0	62187204fb80	e00000	e00000	10000	f6e
10.351955	735a3	1111	d59c	11	150c88d	6218757ef910	2add	10000	7ffe9f1a8980	2add	62187584fb90	6218797bfbd0	62187048fb80	14f0000	d598	10000	0
10.361333	734e3	2add	45d8	10	2055c1	6218757ef910	1375	10000	7ffe9f1a8980	2add	62187584fb90	6218797bfbd0	62187508fb80	1f0000	1f0000	10000	1637
10.376414	7353a	107	45d8	8	8b4993	6218757ef910	1c	10000	7ffe9f1a8980	2add	62187584fb90	6218797bfbd0	62187354fb80	8c0000	8c0000	10000	1262
10.387084	1acbacd6110a	0	1	8598	62187b4d2a20	0	62187b4d5000	7f	7ffe9f1a8978	0	62187b4d2a20	62187ac4d5e0	7ce404e1ace0	6218759e93e8	62187580fb80	ab74	7f
10.394132	73540	a75	45d8	b	1068d2f	6218757ef910	b9	10000	7ffe9f1a8980	2add	62187584fb90	6218797bfbd0	62187168fb80	1070000	1070000	10000	e0f
10.408537	734fd	6218757af8f0	777	10	16e884f	6218757ef910	163b	3601	7ffe9f1a8980	2add	62187584fb90	6218797bfbd0	62186fc8fb80	16e3601	16e3601	3601	a67
10.420607	7358d	62187580fb80	f024	11	54816a	6218757ef910	2add	10000	7ffe9f1a8980	2add	62187584fb90	6218797bfbd0	62187434fb80	540000	f020	10000	0
10.427062	73519	358d	45d8	d	82bff4	6218757ef910	316	10000	7ffe9f1a8980	2add	62187584fb90	6218797bfbd0	62187378fb80	830000	830000	10000	12b3
10.441593	7353a	83	45d8	7	e6a600	6218757ef910	d	10000	7ffe9f1a8980	2add	62187584fb90	6218797bfbd0	621871e8fb80	e70000	e70000	10000	f2f
10.454980	73519	21a09	45d8	11	1435ed9	6218757ef910	18ff	10000	7ffe9f1a8980	2add	62187584fb90	6218797bfbd0	62187074fb80	1440000	1440000	10000	bea
10.469612	73519	33539	45d8	11	30b3f3	6218757ef910	24a5	10000	7ffe9f1a8980	2add	62187584fb90	6218797bfbd0	621874c0fb80	310000	310000	10000	1595
10.479514	73519	3703	45d8	d	74c3cc	6218757ef910	32f	10000	7ffe9f1a8980	2add	62187584fb90	6218797bfbd0	621873b0fb80	750000	750000	10000	1331
10.491039	73519	95	45d8	7	c7cd98	6218757ef910	f	10000	7ffe9f1a8980	2add	62187584fb90	6218797bfbd0	62187264fb80	c80000	c80000	10000	1046
10.504752	7359a	62187580fb80	8790	11	1173caf	6218757ef910	2add	10000	7ffe9f1a8980	2add	62187584fb90	6218797bfbd0	62187128fb80	1170000	878c	10000	0
10.513547	73519	2bee3	45d8	11	152b0e2	6218757ef910	1fea	10000	7ffe9f1a8980	2add	62187584fb90	6218797bfbd0	62187038fb80	1530000	1530000	10000	b63
10.524996	7353a	5cb	45d8	a	28f57b	6218757ef910	74	10000	7ffe9f1a8980	2add	62187584fb90	6218797bfbd0	621874e0fb80	290000	290000	10000	15dd
10.530762	7353a	3ad	45d8	9	494f99	6218757ef910	50	10000	7ffe9f1a8980	2add	62187584fb90	6218797bfbd0	6218745cfb80	4a0000	4a0000	10000	14b4
10.538848	7353a	1f73f	45d8	10	7bb9e0	6218757ef910	1789	10000	7ffe9f1a8980	2add	62187584fb90	6218797bfbd0	62187394fb80	7c0000	7c0000	10000	12f2
10.547042	7353a	281ab	45d8	11	b4a99a	6218757ef910	1d37	10000	7ffe9f1a8980	2add	62187584fb90	6218797bfbd0	621872b0fb80	b50000	b50000	10000	10f1
10.560246	734c5	2f16d	45d8	11	1131314	6218757ef910	21f0	10000	7ffe9f1a8980	2add	62187584fb90	6218797bfbd0	62187138fb80	1130000	1130000	10000	da3
10.565937	73596	62187580fb80	db70	11	13d013c	6218757ef910	2add	10000	7ffe9f1a8980	2add	62187584fb90	6218797bfbd0	62187090fb80	13d0000	db6c	10000	0
10.574192	7353a	43	45d8	6	d317	6218757ef910	8	10000	7ffe9f1a8980	2add	62187584fb90	6218797bfbd0	62187580fb80	10000	10000	10000	1745
10.588602	73519	2c0f	45d8	d	681098	6218757ef910	292	10000	7ffe9f1a8980	2add	62187584fb90	6218797bfbd0	621873e0fb80	690000	690000	10000	139d
10.595471	73529	23b8d	45d8	11	9c079e	6218757ef910	1a64	10000	7ffe9f1a8980	2add	62187584fb90	6218797bfbd0	62187318fb80	9b0000	9b0000	10000	11db
10.609164	734fd	6218757af8f0	45d8	f	fe31c3	6218757ef910	80e	10000	7ffe9f1a8980	2add	62187584fb90	6218797bfbd0	6218718cfb80	fe0000	fe0000	10000	e60
10.623868	73515	2920f	45d8	11	1682bb3	6218757ef910	1de9	10000	7ffe9f1a8980	2add	62187584fb90	6218797bfbd0	62186fe0fb80	1690000	1690000	10000	a9d
10.633591	73519	101	45d8	8	3e7145	6218757ef910	1b	10000	7ffe9f1a8980	2add	62187584fb90	6218797bfbd0	62187488fb80	3f0000	3f0000	10000	1517
10.641374	7352d	331f9	45d8	11	78a8d4	6218757ef910	2480	10000	7ffe9f1a8980	2add	62187584fb90	6218797bfbd0	621873acfb80	760000	760000	10000	1328
10.650971	7353a	29	45d8	5	ba1a50	6218757ef910	5	10000	7ffe9f1a8980	2add	62187584fb90	6218797bfbd0	62187298fb80	bb0000	bb0000	10000	10bb
10.662285	73519	3a4bd	45d8	11	10ba2b8	6218757ef910	2911	10000	7ffe9f1a8980	2add	62187584fb90	6218797bfbd0	62187154fb80	10c0000	10c0000	10000	de2
10.669967	73504	33d03	45d8	11	1471529	6218757ef910	24fb	10000	7ffe9f1a8980	2add	62187584fb90	6218797bfbd0	62187074fb80	1440000	1440000	10000	bea
10.683004	7353a	da3	45d8	b	30ff27	6218757ef910	e5	10000	7ffe9f1a8980	2add	62187584fb90	6218797bfbd0	621874c0fb80	310000	310000	10000	1595
10.696362	735a3	1111	411c	11	93a581	6218757ef910	2add	10000	7ffe9f1a8980	2add	62187584fb90	6218797bfbd0	6218733cfb80	920000	4118	10000	0
10.710159	7353a	1b7	45d8	8	f53d6a	6218757ef910	2b	10000	7ffe9f1a8980	2add	62187584fb90	6218797bfbd0	621871acfb80	f60000	f60000	10000	ea8
10.721980	1acbacc64870	0	7ce404e1ac80	ab81	15bf1	62187b840410	3	ab74	7ffe9f1a8870	0	62187b8358a0	62187647d670	7ce404e1ace0	ffffffffffffffa0	ab80	62187578a010	ab6
10.727497	72b02	21593f610	233ff	6218777894e0	ffffffffffffffff	9b7d	1a04	195cb	7ffe9f1a8980	233ff	0	1ca3a	e51d0ff295283127	1a04	7fffffffffff245a	ce1dcd8da584b921	2add
10.742161	734fd	6218757af8f0	45d8	f	6901c0	6218757ef910	903	10000	7ffe9f1a8980	2add	62187584fb90	6218797bfbd0	621873e0fb80	690000	690000	10000	139d
10.753193	7353a	a67	45d8	b	a8a2b5	6218757ef910	b8	10000	7ffe9f1a8980	2add	62187584fb90	6218797bfbd0	621872e0fb80	a90000	a90000	10000	115d
10.758785	7353a	b309	45d8	f	d0b367	6218757ef910	95a	10000	7ffe9f1a8980	2add	62187584fb90	6218797bfbd0	62187240fb80	d10000	d10000	10000	ff5
10.768377	7353a	35	45d8	5	114005a	6218757ef910	7	10000	7ffe9f1a8980	2add	62187584fb90	6218797bfbd0	62187130fb80	1150000	1150000	10000	d91
10.778511	7358d	62187580fb80	d238	11	15d7066	6218757ef910	2add	10000	7ffe9f1a8980	2add	62187584fb90	6218797bfbd0	62187014fb80	15c0000	d234	10000	0
10.813604	1acbacd6110a	0	0	6ae8	62187b8f7f70	0	62187b8fc000	7d	7ffe9f1a8978	0	62187b8f7f70	62187705c6f0	7ce404e1ace0	621876bd8538	6218757fa490	ab74	7d
10.825528	1acbacd6110a	0	0	2ae8	62187b8f7f70	0	62187b900000	7d	7ffe9f1a8978	0	62187b8f7f70	62187705c6f0	7ce404e1ace0	621876bd8538	6218757fa490	ab74	7d
10.834069	73587	6218757fa490	a54	11	77f76c	6218757ef910	2add	10000	7ffe9f1a8980	2add	62187583a4a0	62187584fb90	621873afa490	750000	a50	10000	0
10.848725	1acbacd6110a	0	1	7008	62187b90d670	0	62187b911000	7f	7ffe9f1a8978	0	62187b90d670	62187b918000	206	621876bd8540	6218757fa490	ab74	7f
10.855127	7353a	25ebf	45d8	11	d01251	6218757ef910	1bc5	10000	7ffe9f1a8980	2add	62187583a4a0	62187584fb90	6218723fa490	d10000	d10000	10000	ff5
10.869356	1acbacd60b8a	621875828d30	45d8	89b0	11760	621875803240	621875831ae0	ba28	7ffe9f1a8978	621875828d30	62187583a4a0	62187584fb90	621870a7a490	1380000	1380000	10000	c56
10.878068	73596	6218757fa490	e66c	11	32222	6218757ef910	2add	10000	7ffe9f1a8980	2add	62187583a4a0	62187584fb90	6218757ba490	20000	e668	10000	0
10.889906	73519	e3	45d8	7	574f65	6218757ef910	17	10000	7ffe9f1a8980	2add	62187583a4a0	62187584fb90	62187423a490	580000	580000	10000	1436
10.898900	73519	39eb	45d8	d	94e52d	6218757ef910	35d	10000	7ffe9f1a8980	2add	62187583a4a0	62187584fb90	6218732fa490	950000	950000	10000	1211
10.910455	734d4	6218777894e0	45d8	11	e886b9	6218757ef910	24cb	10000	7ffe9f1a8980	2add	62187583a4a0	62187584fb90	621871e3a490	e80000	e80000	10000	f26
10.915680	73519	15ffb	45d8	10	10e0b12	6218757ef910	110e	10000	7ffe9f1a8980	2add	62187583a4a0	62187584fb90	62187147a490	10f0000	10f0000	10000	dc7
10.928408	73519	475d	45d8	e	155cdc1	6218757ef910	413	10000	7ffe9f1a8980	2add	62187583a4a0	62187584fb90	6218702ba490	1560000	1560000	10000	b48
10.938761	7353a	b01b	45d8	f	2ef09b	6218757ef910	934	10000	7ffe9f1a8980	2add	62187583a4a0	62187584fb90	621874c7a490	2f0000	2f0000	10000	15a7
10.945731	73519	e3	45d8	7	60c4ee	6218757ef910	17	10000	7ffe9f1a8980	2add	62187583a4a0	62187584fb90	621873ffa490	610000	610000	10000	13e5
10.951461	73f5f	2add	621875794ab0	25ccd	28d98	397b7	0	62187b9fcf60	7ffe9f1a8980	397b7	2889	621879a64f60	48b79d109586ff7c	2add	3	288a	13
10.965878	73540	6b	45d8	6	f203ec	6218757ef910	a	10000	7ffe9f1a8980	2add	62187583a4a0	62187584fb90	621871b7a490	f30000	f30000	10000	ec3
10.979292	1acbacd60b8a	6218758001a4	1745	3c98	5d14	6218757fc50c	621875802220	1745	7ffe9f1a8978	6218758001a4	62187583a4a0	62187584fb90	62187037a490	1540000	1540000	10000	b5a
10.991031	73587	6218757fa490	d5d4	11	3a8878	6218757ef910	2add	10000	7ffe9f1a8980	2add	62187583a4a0	62187584fb90	621874a7a490	370000	d5d0	10000	0
11.004617	73519	963b	45d8	f	87611e	6218757ef910	7f3	10000	7ffe9f1a8980	2add	62187583a4a0	62187584fb90	62187363a490	880000	880000	10000	1286
11.012210	7352d	d141	45d8	f	bbb5f6	6218757ef910	abe	10000	7ffe9f1a8980	2add	62187583a4a0	62187584fb90	62187297a490	bb0000	bb0000	10000	10bb
11.022106	7353a	e3	45d8	7	1049a3a	6218757ef910	17	10000	7ffe9f1a8980	2add	62187583a4a0	62187584fb90	6218716fa490	1050000	1050000	10000	e21
11.031304	73519	6fd	45d8	a	147abf0	6218757ef910	88	10000	7ffe9f1a8980	2add	62187583a4a0	62187584fb90	62187063a490	1480000	1480000	10000	bc6
11.045019	73519	137b	45d8	c	3866c8	6218757ef910	13b	10000	7ffe9f1a8980	2add	62187583a4a0	62187584fb90	6218749fa490	390000	390000	10000	154d
11.058320	73519	329	45d8	9	981fae	6218757ef910	46	10000	7ffe9f1a8980	2add	62187583a4a0	62187584fb90	6218731fa490	990000	990000	10000	11ed
11.065264	73582	f130	f130	621876bd8530	cd27d1	6218757ef910	2add	0	7ffe9f1a8980	2add	62187583a4a0	62187584fb90	62187253a490	cc0000	f12c	10000	1
11.072127	7356f	1111	38fc	11	febe92	6218757ef910	2add	10000	7ffe9f1a8980	2add	62187583a4a0	62187584fb90	6218718fa490	fd0000	38f8	10000	0
11.078935	7353a	107	45d8	8	12ae65f	6218757ef910	1c	10000	7ffe9f1a8980	2add	62187583a4a0	62187584fb90	621870d7a490	12b0000	12b0000	10000	ccb
11.091132	73519	7c9	45d8	a	110926	6218757ef910	92	10000	7ffe9f1a8980	2add	62187583a4a0	62187584fb90	6218753ba490	120000	120000	10000	16ac
11.105415	7353a	2a5	45d8	9	797954	6218757ef910	3f	10000	7ffe9f1a8980	2add	62187583a4a0	62187584fb90	6218739ba490	7a0000	7a0000	10000	1304
11.116285	1acbacd60b8a	621875805eb8	2e8a	6020	ba28	6218757ffe98	62187580b8c0	2e8a	7ffe9f1a8978	621875805eb8	62187583a4a0	62187584fb90	62187257a490	cc0000	cc0000	10000	1022
11.126837	73519	4e67	45d8	e	11781c6	6218757ef910	470	10000	7ffe9f1a8980	2add	62187583a4a0	62187584fb90	62187123a490	1180000	1180000	10000	d76
11.136504	7353d	30a3	45d8	d	15e9596	6218757ef910	2d5	10000	7ffe9f1a8980	2add	62187583a4a0	62187584fb90	62187007a490	15f0000	15f0000	10000	af7
11.146911	7352d	1806b	45d8	10	3b6892	6218757ef910	126d	10000	7ffe9f1a8980	2add	62187583a4a0	62187584fb90	62187497a490	3b0000	3b0000	10000	153b
11.155424	7353a	65fb	45d8	e	793708	6218757ef910	596	10000	7ffe9f1a8980	2add	62187583a4a0	62187584fb90	6218739ba490	7a0000	7a0000	10000	1304
11.169492	7353a	a301	45d8	f	dfd9fe	6218757ef910	898	10000	7ffe9f1a8980	2add	62187583a4a0	62187584fb90	62187203a490	e00000	e00000	10000	f6e
11.181708	734d9	6218777894e0	45d8	11	1399215	6218757ef910	23fa	10000	7ffe9f1a8980	2add	62187583a4a0	62187584fb90	6218709fa490	1390000	1390000	10000	c4d
11.193951	7353a	f583	45d8	f	cf118	6218757ef910	c63	10000	7ffe9f1a8980	2add	62187583a4a0	62187584fb90	6218754fa490	d0000	d0000	10000	16d9
11.199343	1acbacc64b38	51	50	650b000	1b0	1b1	7ce404e1ac80	90	7ffe9f1a87e0	62187647d680	62187647d680	62187584fb90	48b79d109586ff7c	62187647d670	7ce404e1ac80	62187647d6c0	50
11.205935	734c1	211c7	45d8	11	4de882	6218757ef910	18ad	10000	7ffe9f1a8980	2add	62187583a4a0	62187584fb90	62187453a490	4c0000	4c0000	10000	14a2
11.220784	7359a	6218757fa490	1330	11	ae3d06	6218757ef910	2add	10000	7ffe9f1a8980	2add	62187583a4a0	62187584fb90	621872cba490	ae0000	132c	10000	0
11.227152	73519	16c37	45d8	10	dc190f	6218757ef910	1193	10000	7ffe9f1a8980	2add	62187583a4a0	62187584fb90	6218720fa490	dd0000	dd0000	10000	f89
11.233878	7353a	2f	45d8	5	10d0355	6218757ef910	6	10000	7ffe9f1a8980	2add	62187583a4a0	62187584fb90	6218714ba490	10e0000	10e0000	10000	dd0
11.244090	73519	61	45d8	6	1592808	6218757ef910	9	10000	7ffe9f1a8980	2add	62187583a4a0	62187584fb90	6218701ba490	15a0000	15a0000	10000	b24
11.257614	73519	1f72d	45d8	10	4652d7	6218757ef910	1788	10000	7ffe9f1a8980	2add	62187583a4a0	62187584fb90	62187467a490	470000	470000	10000	14cf
11.265423	734c8	20aa9	45d8	11	80630e	6218757ef910	1869	10000	7ffe9f1a8980	2add	62187583a4a0	62187584fb90	62187383a490	800000	800000	10000	12ce
11.275453	1acbacd60b8a	6218758118e0	5d14	e550	17450	621875803390	62187581a7e0	5d14	7ffe9f1a8978	6218758118e0	62187583a4a0	62187584fb90	62187263a490	c90000	c90000	10000	103d
11.288171	7353a	2f	45d8	5	1222645	6218757ef910	6	10000	7ffe9f1a8980	2add	62187583a4a0	62187584fb90	621870f7a490	1230000	1230000	10000	d13
11.302094	734c1	3c6fb	45d8	11	17a1b6	6218757ef910	2a6c	10000	7ffe9f1a8980	2add	62187583a4a0	62187584fb90	6218752fa490	150000	150000	10000	1691
11.311419	73519	20407	45d8	11	56c79f	6218757ef910	181a	10000	7ffe9f1a8980	2add	62187583a4a0	62187584fb90	62187427a490	570000	570000	10000	143f
11.325258	734ec	2add	45d8	f	bb1b25	6218757ef910	8c2	10000	7ffe9f1a8980	2add	62187583a4a0	62187584fb90	62187297a490	bb0000	bb0000	10000	10bb
11.337174	7353a	2a6a1	45d8	11	10d7132	6218757ef910	1ed2	10000	7ffe9f1a8980	2add	62187583a4a0	62187584fb90	6218714ba490	10e0000	10e0000	10000	dd0
11.345943	7359a	6218757fa490	85e0	11	14c6099	6218757ef910	2add	10000	7ffe9f1a8980	2add	62187583a4a0	62187584fb90	62187057a490	14b0000	85dc	10000	0
11.355957	73519	1ba25	45d8	10	214df7	6218757ef910	14e1	10000	7ffe9f1a8980	2add	62187583a4a0	62187584fb90	621874fba490	220000	220000	10000	161c
11.361508	7353a	2f	45d8	5	47854b	6218757ef910	6	10000	7ffe9f1a8980	2add	62187583a4a0	62187584fb90	62187463a490	480000	480000	10000	14c6
11.371832	7353a	1993	45d8	c	915778	6218757ef910	18d	10000	7ffe9f1a8980	2add	62187583a4a0	62187584fb90	6218733ba490	920000	920000	10000	122c
11.378278	7353a	1733	45d8	c	bfe189	6218757ef910	171	10000	7ffe9f1a8980	2add	62187583a4a0	62187584fb90	62187283a490	c00000	c00000	10000	108e
11.386506	7352d	25bcb	45d8	11	fe4691	6218757ef910	1ba4	10000	7ffe9f1a8980	2add	62187583a4a0	62187584fb90	62187193a490	fc0000	fc0000	10000	e72
11.400879	7353a	45d9	45d8	e	164c508	6218757ef910	3f9	10000	7ffe9f1a8980	2add	62187583a4a0	62187584fb90	62186fefa490	1650000	1650000	10000	ac1
11.410185	73519	29e33	45d8	11	36bd37	6218757ef910	1e71	10000	7ffe9f1a8980	2add	62187583a4a0	62187584fb90	621874a7a490	370000	370000	10000	155f
11.417615	7353a	83	45d8	7	6eed67	6218757ef910	d	10000	7ffe9f1a8980	2add	62187583a4a0	62187584fb90	621873c7a490	6f0000	6f0000	10000	1367
11.427768	73519	51b	45d8	a	b85be5	6218757ef910	6b	10000	7ffe9f1a8980	2add	62187583a4a0	62187584fb90	6218729fa490	b90000	b90000	10000	10cd
11.433421	73519	2ab8f	45d8	11	e1abf9	6218757ef910	1f06	10000	7ffe9f1a8980	2add	62187583a4a0	62187584fb90	621871fba490	e20000	e20000	10000	f5c
11.447135	73519	2e4b3	45d8	11	1475796	6218757ef910	216f	10000	7ffe9f1a8980	2add	62187583a4a0	62187584fb90	62187063a490	1480000	1480000	10000	bc6
11.461132	73519	a3	45d8	7	389cbf	6218757ef910	11	10000	7ffe9f1a8980	2add	62187583a4a0	62187584fb90	6218749fa490	390000	390000	10000	154d
11.474939	7359a	6218757fa490	b510	11	9cc2d9	6218757ef910	2add	10000	7ffe9f1a8980	2add	62187583a4a0	62187584fb90	62187313a490	9c0000	b50c	10000	0
11.487405	73510	7925	45d8	e	ed645e	6218757ef910	684	10000	7ffe9f1a8980	2add	62187583a4a0	62187584fb90	621871cba490	ee0000	ee0000	10000	ef0
11.497894	73519	1764b	45d8	10	139ed87	6218757ef910	1205	10000	7ffe9f1a8980	2add	62187583a4a0	62187584fb90	6218709ba490	13a0000	13a0000	10000	c44
11.504805	73519	2f	45d8	5	1686625	6218757ef910	6	10000	7ffe9f1a8980	2add	62187583a4a0	62187584fb90	62186fdfa490	1690000	1690000	10000	a9d
11.519808	73519	35489	45d8	11	5c29a3	6218757ef910	25ec	10000	7ffe9f1a8980	2add	62187583a4a0	62187584fb90	6218740fa490	5d0000	5d0000	10000	1409
11.534946	73587	6218757fa490	d504	11	c08258	6218757ef910	2add	10000	7ffe9f1a8980	2add	62187583a4a0	62187584fb90	6218728fa490	bd0000	d500	10000	0
11.541277	7351c	2969	45d8	d	e94f10	6218757ef910	26f	10000	7ffe9f1a8980	2add	62187583a4a0	62187584fb90	621871dba490	ea0000	ea0000	10000	f14
11.550729	734c5	2341d	45d8	11	12d46b4	6218757ef910	1a06	10000	7ffe9f1a8980	2add	62187583a4a0	62187584fb90	621870cfa490	12d0000	12d0000	10000	cb9
11.563673	7353a	6bb	45d8	a	193d6c	6218757ef910	86	10000	7ffe9f1a8980	2add	62187583a4a0	62187584fb90	6218751ba490	1a0000	1a0000	10000	1664
11.574930	73573	6d58	6d54	11	70fbae	6218757ef910	2add	10000	7ffe9f1a8980	2add	62187583a4a0	62187584fb90	621873c7a490	6f0000	6d50	10000	0
11.589331	73515	2330b	45d8	11	d4256a	6218757ef910	19fa	10000	7ffe9f1a8980	2add	62187583a4a0	62187584fb90	6218722fa490	d50000	d50000	10000	fd1
11.604148	7353a	47dd	45d8	e	13f40ff	6218757ef910	41c	10000	7ffe9f1a8980	2add	62187583a4a0	62187584fb90	62187083a490	1400000	1400000	10000	c0e
11.611855	1acbacd60b8a	62187584fb90	156e8	f818	156e8	6218777a4aa0	621875855a60	62187c080c50	7ffe9f1a8978	62187584fb90	62187c081690	7ce404e1b400	48b79d109586ff7c	62187c081070	7ffffffffffffffc	7ce404da0880	d0
11.626605	7358d	6218757fa490	f510	11	66f4f0	6218757ef910	2add	10000	7ffe9f1a8980	2add	62187583a4a0	62187584fb90	621873f3a490	640000	f50c	10000	0
11.640359	73529	21437	45d8	11	c4e725	6218757ef910	18c8	10000	7ffe9f1a8980	2add	62187583a4a0	62187584fb90	62187273a490	c40000	c40000	10000	106a
11.647707	73519	1f3	45d8	8	f81233	6218757ef910	31	10000	7ffe9f1a8980	2add	62187583a4a0	62187584fb90	6218719fa490	f90000	f90000	10000	e8d
11.654935	73519	371b	45d8	d	12a5c5f	6218757ef910	331	10000	7ffe9f1a8980	2add	62187583a4a0	62187584fb90	621870d7a490	12b0000	12b0000	10000	ccb
11.664984	a534a	5548975edee282a3	d2c7	0	29f4	4637	d7997d95113d6ca9	cbb	7ffe9f1a8978	d2c7	0	1e42a	f2156dd01118cb38	acf	8000000000004637	d7997d95113d6ca9	2add
11.677445	7357c	c208	c204	11	579f65	6218757ef910	2add	10000	7ffe9f1a8980	2add	62187583a4a0	62187584fb90	62187433a490	540000	c200	10000	0
11.691876	73519	43	45d8	6	beef89	6218757ef910	8	10000	7ffe9f1a8980	2add	62187583a4a0	62187584fb90	62187287a490	bf0000	bf0000	10000	1097
11.699172	7353a	b2b7	45d8	f	f1473a	6218757ef910	954	10000	7ffe9f1a8980	2add	62187583a4a0	62187584fb90	621871bba490	f20000	f20000	10000	ecc
11.710642	73519	c1db	45d8	f	143b987	6218757ef910	a03	10000	7ffe9f1a8980	2add	62187583a4a0	62187584fb90	62187073a490	1440000	1440000	10000	bea
11.723288	73519	43	45d8	6	2e4f87	6218757ef910	8	10000	7ffe9f1a8980	2add	62187583a4a0	62187584fb90	621874c7a490	2f0000	2f0000	10000	15a7
11.735848	1acbacd60b8a	621875805eb8	2e8a	27a0	ba28	621875803718	62187580f140	2e8a	7ffe9f1a8978	621875805eb8	62187583a4a0	62187584fb90	62187363a490	890000	890000	10000	127d
11.748266	73519	244f3	45d8	11	d65e96	6218757ef910	1abf	10000	7ffe9f1a8980	2add	62187583a4a0	62187584fb90	62187227a490	d70000	d70000	10000	fbf
11.757021	73536	1f861	45d8	10	10d67ff	6218757ef910	179a	10000	7ffe9f1a8980	2add	62187583a4a0	62187584fb90	6218714ba490	10e0000	10e0000	10000	dd0
11.765639	1acbacd60b8a	6218758118e0	5d14	da90	17450	621875803e50	62187581b2a0	5d14	7ffe9f1a8978	6218758118e0	62187a306bf0	d	48b79d109586ff7c	1460000	1460000	10000	bd8
11.770922	7350c	9bbd	45d8	f	62187583a4a0	6218757ef910	838	10000	7ffe9f1a8980	2add	62187583a4a0	62187584fb90	62186fe3a490	1680000	1680000	10000	aa6
11.783760	7353a	43	45d8	6	47f22a	6218757ef910	8	10000	7ffe9f1a8980	2add	62187583a4a0	62187584fb90	62187463a490	480000	480000	10000	14c6
11.788997	73519	366d	45d8	d	6ddd75	6218757ef910	326	10000	7ffe9f1a8980	2add	62187583a4a0	62187584fb90	621873cba490	6e0000	6e0000	10000	1370
11.803663	7353a	97	45d8	7	da1976	6218757ef910	10	10000	7ffe9f1a8980	2add	62187583a4a0	62187584fb90	62187217a490	db0000	db0000	10000	f9b
11.813036	7352d	18587	45d8	10	11e080f	6218757ef910	12a6	10000	7ffe9f1a8980	2add	62187583a4a0	62187584fb90	6218710ba490	11e0000	11e0000	10000	d40
11.818626	73519	af1	45d8	b	14618df	6218757ef910	c3	10000	7ffe9f1a8980	2add	62187583a4a0	62187584fb90	62187067a490	1470000	1470000	10000	bcf
11.833026	7353a	a7	45d8	7	3be3e9	6218757ef910	12	10000	7ffe9f1a8980	2add	62187583a4a0	62187584fb90	62187493a490	3c0000	3c0000	10000	1532
11.841388	73519	2663b	45d8	11	7937dd	6218757ef910	1c1c	10000	7ffe9f1a8980	2add	62187583a4a0	62187584fb90	6218739ba490	7a0000	7a0000	10000	1304
11.847672	734c5	16183	45d8	10	a70957	6218757ef910	111d	10000	7ffe9f1a8980	2add	62187583a4a0	62187584fb90	621872e7a490	a70000	a70000	10000	116f
11.855128	7353a	26db5	45d8	11	da54df	6218757ef910	1c5e	10000	7ffe9f1a8980	2add	62187583a4a0	62187584fb90	62187217a490	db0000	db0000	10000	f9b
11.869198	7352d	1d843	45d8	10	140751a	6218757ef910	1639	10000	7ffe9f1a8980	2add	62187583a4a0	62187584fb90	62187083a490	1400000	1400000	10000	c0e
11.882615	7353a	2aeb	45d8	d	2cc1bd	6218757ef910	284	10000	7ffe9f1a8980	2add	62187583a4a0	62187584fb90	621874cfa490	2d0000	2d0000	10000	15b9
11.896016	73519	7d3	45d8	a	903165	6218757ef910	93	10000	7ffe9f1a8980	2add	62187583a4a0	62187584fb90	6218733fa490	910000	910000	10000	1235
11.907861	73519	38fcb	45d8	11	e7f264	6218757ef910	283f	10000	7ffe9f1a8980	2add	62187583a4a0	62187584fb90	621871e3a490	e80000	e80000	10000	f26
11.919964	7353a	32e73	45d8	11	140cc6b	6218757ef910	2460	10000	7ffe9f1a8980	2add	62187583a4a0	62187584fb90	6218707fa490	1410000	1410000	10000	c05
11.927542	7353a	14b	45d8	8	60585	6218757ef910	20	10000	7ffe9f1a8980	2add	62187583a4a0	62187584fb90	62187567a490	70000	70000	10000	170f
11.937778	7353a	a3	45d8	7	526126	6218757ef910	11	10000	7ffe9f1a8980	2add	62187583a4a0	62187584fb90	62187437a490	530000	530000	10000	1463
11.948573	7358d	6218757fa490	ab40	11	a2c90e	6218757ef910	2add	10000	7ffe9f1a8980	2add	62187583a4a0	62187584fb90	62187303a490	a00000	ab3c	10000	0
11.962692	734e3	2add	45d8	11	10415ff	6218757ef910	256f	10000	7ffe9f1a8980	2add	62187583a4a0	62187584fb90	6218717ba490	1020000	1020000	10000	e3c
11.972888	73519	1fff	45d8	c	145dfc2	6218757ef910	1e8	10000	7ffe9f1a8980	2add	62187583a4a0	62187584fb90	6218706ba490	1460000	1460000	10000	bd8
11.979491	72b92	ffffffffffff37e7	16465	16465	ffffffffffff0ca5	14eb5	113a	23006	7ffe9f1a8980	16465	0	1e42a	f2156dd01118cb38	113a	8000000000007b3e	5fea698982c57447	2add
11.990724	734c5	2a277	45d8	11	50dae0	6218757ef910	1ea8	10000	7ffe9f1a8980	2add	62187583a4a0	62187584fb90	62187443a490	500000	500000	10000	147e
12.001221	7353a	3f5	45d8	9	9dac2d	6218757ef910	55	10000	7ffe9f1a8980	2add	62187583a4a0	62187584fb90	6218730ba490	9e0000	9e0000	10000	11c0
12.011452	7353a	2b307	45d8	11	e86c73	6218757ef910	1f5f	10000	7ffe9f1a8980	2add	62187583a4a0	62187584fb90	621871dfa490	e90000	e90000	10000	f1d
12.026383	73519	36a5d	45d8	11	157e3b7	6218757ef910	26cb	10000	7ffe9f1a8980	2add	62187583a4a0	62187584fb90	62187023a490	1580000	1580000	10000	b36
12.040179	73519	430f	45d8	e	4bff10	6218757ef910	3d6	10000	7ffe9f1a8980	2add	62187583a4a0	62187584fb90	62187453a490	4c0000	4c0000	10000	14a2
12.049859	7353a	35	45d8	5	902855	6218757ef910	7	10000	7ffe9f1a8980	2add	62187583a4a0	62187584fb90	6218733fa490	910000	910000	10000	1235
12.056015	73519	38677	45d8	11	bb36ed	6218757ef910	27f0	10000	7ffe9f1a8980	2add	62187583a4a0	62187584fb90	62187293a490	bc0000	bc0000	10000	10b2
12.070289	1acbacd6110a	0	1	2b28	62187c5d2fb0	0	62187c5db000	7d	7ffe9f1a8978	0	62187c5d2fb0	621878629900	7ce404e1ace0	621876bd8538	6218757fa490	ab74	7d
12.076916	734c8	39a79	45d8	11	14f2ac6	6218757ef910	28a4	10000	7ffe9f1a8980	2add	62187583a4a0	62187584fb90	62187047a490	14f0000	14f0000	10000	b87
12.083083	7353a	19007	45d8	10	9cda8	6218757ef910	1316	10000	7ffe9f1a8980	2add	62187583a4a0	62187584fb90	6218755ba490	a0000	a0000	10000	16f4
12.088576	73519	6e89	45d8	e	270e64	6218757ef910	608	10000	7ffe9f1a8980	2add	62187583a4a0	62187584fb90	621874e3a490	280000	280000	10000	15e6
12.094838	73519	29363	45d8	11	55f595	6218757ef910	1df5	10000	7ffe9f1a8980	2add	62187583a4a0	62187584fb90	6218742ba490	560000	560000	10000	1448
12.107661	7356f	1111	6780	11	b08d21	6218757ef910	2add	10000	7ffe9f1a8980	2add	62187583a4a0	62187584fb90	621872c3a490	b00000	677c	10000	0
12.121641	73519	36815	45d8	11	10f6a10	6218757ef910	26b8	10000	7ffe9f1a8980	2add	62187583a4a0	62187584fb90	62187143a490	1100000	1100000	10000	dbe
12.128543	73519	409	45d8	a	140c298	6218757ef910	57	10000	7ffe9f1a8980	2add	62187583a4a0	62187584fb90	6218707fa490	1410000	1410000	10000	c05
12.141665	73519	f8d7	45d8	f	2b062e	6218757ef910	c92	10000	7ffe9f1a8980	2add	62187583a4a0	62187584fb90	621874d3a490	2c0000	2c0000	10000	15c2
12.155322	73519	24c05	45d8	11	8dc87a	6218757ef910	1b07	10000	7ffe9f1a8980	2add	62187583a4a0	62187584fb90	6218734ba490	8e0000	8e0000	10000	1250
12.162961	73519	383c3	45d8	11	c1faef	6218757ef910	27ce	10000	7ffe9f1a8980	2add	62187583a4a0	62187584fb90	6218727ba490	c20000	c20000	10000	107c
12.175957	73519	28fe7	45d8	11	12154bd	6218757ef910	1dd2	10000	7ffe9f1a8980	2add	62187583a4a0	62187584fb90	621870fba490	1220000	1220000	10000	d1c
12.182436	7353a	13633	45d8	10	14e7215	6218757ef910	f3f	10000	7ffe9f1a8980	2add	62187583a4a0	62187584fb90	62187047a490	14f0000	14f0000	10000	b87
12.194536	7353a	fb	45d8	7	2d6348	6218757ef910	1a	10000	7ffe9f1a8980	2add	62187583a4a0	62187584fb90	621874cba490	2e0000	2e0000	10000	15b0
12.203828	7353a	35f	45d8	9	6baba5	6218757ef910	4d	10000	7ffe9f1a8980	2add	62187583a4a0	62187584fb90	621873d3a490	6c0000	6c0000	10000	1382
12.216222	73519	54f7	45d8	e	c3ffb6	6218757ef910	4ce	10000	7ffe9f1a8980	2add	62187583a4a0	62187584fb90	62187273a490	c40000	c40000	10000	106a
12.222349	7353a	2f	45d8	5	efc53b	6218757ef910	6	10000	7ffe9f1a8980	2add	62187583a4a0	62187584fb90	621871c3a490	f00000	f00000	10000	ede
12.228376	73519	3a4b	45d8	d	11a2809	6218757ef910	361	10000	7ffe9f1a8980	2add	62187583a4a0	62187584fb90	62187117a490	11b0000	11b0000	10000	d5b
12.233854	73519	25f	45d8	9	142109d	6218757ef910	38	10000	7ffe9f1a8980	2add	62187583a4a0	62187584fb90	62187077a490	1430000	1430000	10000	bf3
12.240439	72b36	a567	2808d	2808d	13c15	184a	1d27	1fb7e	7ffe9f1a8980	2808d	0	1e42a	f2156dd01118cb38	1d27	8000000000002607	1b8a73e25131ac1c	2add
12.249581	7353a	2ccf	45d8	d	4296ce	6218757ef910	29e	10000	7ffe9f1a8980	2add	62187583a4a0	62187584fb90	62187477a490	430000	430000	10000	14f3
12.259568	73515	38d07	45d8	11	897d9c	6218757ef910	2826	10000	7ffe9f1a8980	2add	62187583a4a0	62187584fb90	6218735ba490	8a0000	8a0000	10000	1274
12.273073	73519	23cd7	45d8	11	e8b34d	6218757ef910	1a72	10000	7ffe9f1a8980	2add	62187583a4a0	62187584fb90	621871dfa490	e90000	e90000	10000	f1d
12.287989	73519	1f3	45d8	8	15369d9	6218757ef910	31	10000	7ffe9f1a8980	2add	62187583a4a0	62187584fb90	62187033a490	1540000	1540000	10000	b5a
12.294772	73519	2f	45d8	5	f62cb	6218757ef910	6	10000	7ffe9f1a8980	2add	62187583a4a0	62187584fb90	62187543a490	100000	100000	10000	16be
12.301184	73515	2d0a7	45d8	11	3bb308	6218757ef910	209c	10000	7ffe9f1a8980	2add	62187583a4a0	62187584fb90	62187493a490	3c0000	3c0000	10000	1532
12.315088	7353a	43	45d8	6	a352ba	6218757ef910	8	10000	7ffe9f1a8980	2add	62187583a4a0	62187584fb90	621872f3a490	a40000	a40000	10000	118a
12.324223	73515	32dfb	45d8	11	e3861e	6218757ef910	2458	10000	7ffe9f1a8980	2add	62187583a4a0	62187584fb90	621871f3a490	e40000	e40000	10000	f4a
12.331432	73519	5b3	45d8	a	11708ee	6218757ef910	72	10000	7ffe9f1a8980	2add	62187583a4a0	62187584fb90	62187123a490	1180000	1180000	10000	d76
12.342843	73519	9aff	45d8	f	16a147a	6218757ef910	82e	10000	7ffe9f1a8980	2add	62187583a4a0	62187584fb90	62186fd7a490	16b0000	16b0000	10000	a8b
12.354757	73540	293	45d8	9	525308	6218757ef910	3c	10000	7ffe9f1a8980	2add	62187583a4a0	62187584fb90	62187437a490	530000	530000	10000	1463
12.368307	73519	16ab1	45d8	10	b47843	6218757ef910	1184	10000	7ffe9f1a8980	2add	62187583a4a0	62187584fb90	621872afa490	b50000	b50000	10000	10f1
12.378542	73536	1ec4f	45d8	10	fe0fde	6218757ef910	170e	10000	7ffe9f1a8980	2add	62187583a4a0	62187584fb90	62187187a490	ff0000	ff0000	10000	e57
12.390682	7353a	77d5	45d8	e	1544795	6218757ef910	674	10000	7ffe9f1a8980	2add	62187583a4a0	62187584fb90	6218702fa490	1550000	1550000	10000	b51
12.400657	73587	6218757fa490	a668	11	26adf0	6218757ef910	2add	10000	7ffe9f1a8980	2add	62187583a4a0	62187584fb90	621874f3a490	240000	a664	10000	0
12.410505	8479c	621875871bb0	87912c29a8fd6439	38	62187c85fe70	6218580ea0b0	7ffe9f1a8848	1	7ffe9f1a8840	38	0	e4	48b79d109586ff7c	62187c85fe78	0	1e4	62187c85fd90
12.417377	7353a	17f	45d8	8	9d011a	6218757ef910	25	10000	7ffe9f1a8980	2add	62187583a4a0	62187584fb90	6218730ba490	9e0000	9e0000	10000	11c0
12.430486	73519	95	45d8	7	f6df90	6218757ef910	f	10000	7ffe9f1a8980	2add	62187583a4a0	62187584fb90	621871a7a490	f70000	f70000	10000	e9f
12.442496	734c5	286a5	45d8	11	141fcc4	6218757ef910	1d6c	10000	7ffe9f1a8980	2add	62187583a4a0	62187584fb90	6218707fa490	1410000	1410000	10000	c05
12.451031	734c8	38dcb	45d8	11	6d88f	6218757ef910	282f	10000	7ffe9f1a8980	2add	62187583a4a0	62187584fb90	6218756ba490	60000	60000	10000	1718
12.463824	7353a	2373d	45d8	11	609da7	6218757ef910	1a2d	10000	7ffe9f1a8980	2add	62187583a4a0	62187584fb90	621873ffa490	610000	610000	10000	13e5
12.472006	73519	6d	45d8	6	9a5961	6218757ef910	b	10000	7ffe9f1a8980	2add	62187583a4a0	62187584fb90	62187317a490	9b0000	9b0000	10000	11db
12.485327	73519	29	45d8	5	effab0	6218757ef910	5	10000	7ffe9f1a8980	2add	62187583a4a0	62187584fb90	621871c3a490	f00000	f00000	10000	ede
12.499645	73519	1dd05	45d8	10	156d628	6218757ef910	166b	10000	7ffe9f1a8980	2add	62187583a4a0	62187584fb90	62187027a490	1570000	1570000	10000	b3f
12.510947	7353a	277	45d8	9	3644cb	6218757ef910	3a	10000	7ffe9f1a8980	2add	62187583a4a0	62187584fb90	621874a7a490	370000	370000	10000	155f
12.521196	7353a	35	45d8	5	824fee	6218757ef910	7	10000	7ffe9f1a8980	2add	62187583a4a0	62187584fb90	62187377a490	830000	830000	10000	12b3
12.535559	1acbacd60b8a	621875828d30	45d8	c0d0	11760	6218757ffb20	62187582e3c0	ba28	7ffe9f1a8978	621875828d30	62187583a4a0	62187584fb90	621871dba490	eb0000	eb0000	10000	f0b
12.545021	7353a	23b	45d8	9	12153f0	6218757ef910	37	10000	7ffe9f1a8980	2add	62187583a4a0	62187584fb90	621870fba490	1220000	1220000	10000	d1c
12.554930	73519	930b	45d8	f	1660f24	6218757ef910	7d3	10000	7ffe9f1a8980	2add	62187583a4a0	62187584fb90	62186fe7a490	1670000	1670000	10000	aaf
12.567218	7353a	bb2d	45d8	f	4ec35e	6218757ef910	9b9	10000	7ffe9f1a8980	2add	62187583a4a0	62187584fb90	62187447a490	4f0000	4f0000	10000	1487
12.579368	73519	2f	45d8	5	a72d79	6218757ef910	6	10000	7ffe9f1a8980	2add	62187583a4a0	62187584fb90	621872e3a490	a80000	a80000	10000	1166
12.584964	73519	3e0f	45d8	d	ce2ee6	6218757ef910	399	10000	7ffe9f1a8980	2add	62187583a4a0	62187584fb90	62187247a490	cf0000	cf0000	10000	1007
12.595012	73edd	27f3	621875794ab0	62187779ebd0	218b6	0	0	62187cb1fb90	7ffe9f1a8980	3869b	27f2	62187578bb60	48b79d109586ff7c	2add	2	27f2	14
12.609248	73510	2d011	45d8	11	b7ddd	6218757ef910	2099	10000	7ffe9f1a8980	2add	62187583a4a0	62187584fb90	62187557a490	b0000	b0000	10000	16eb
12.618052	734db	6218777894e0	45d8	10	4da993	6218757ef910	16d2	10000	7ffe9f1a8980	2add	62187583a4a0	62187584fb90	62187453a490	4c0000	4c0000	10000	14a2
12.631731	734d9	6218777894e0	45d8	10	af0fac	6218757ef910	dc8	10000	7ffe9f1a8980	2add	62187583a4a0	62187584fb90	621872cba490	ae0000	ae0000	10000	1130
12.638891	73519	f1	45d8	7	e0e6f9	6218757ef910	19	10000	7ffe9f1a8980	2add	62187583a4a0	62187584fb90	621871ffa490	e10000	e10000	10000	f65
12.646501	7353a	2f	45d8	5	117a16f	6218757ef910	6	10000	7ffe9f1a8980	2add	62187583a4a0	62187584fb90	62187123a490	1180000	1180000	10000	d76
12.654221	7353a	9c97	45d8	f	14fae2d	6218757ef910	844	10000	7ffe9f1a8980	2add	62187583a4a0	62187584fb90	62187043a490	1500000	1500000	10000	b7e
12.668207	7353a	95	45d8	7	45c542	6218757ef910	f	10000	7ffe9f1a8980	2add	62187583a4a0	62187584fb90	6218746ba490	460000	460000	10000	14d8
12.682782	73587	6218757fa490	a48	11	aba6da	6218757ef910	2add	10000	7ffe9f1a8980	2add	62187583a4a0	62187584fb90	621872d7a490	ab0000	a44	10000	0
12.695408	73519	738d	45d8	e	10734ba	6218757ef910	646	10000	7ffe9f1a8980	2add	62187583a4a0	62187584fb90	62187163a490	1080000	1080000	10000	e06
12.705756	7353a	118d	45d8	c	1505716	6218757ef910	121	10000	7ffe9f1a8980	2add	62187583a4a0	62187584fb90	6218703fa490	1510000	1510000	10000	b75
12.716227	73519	29	45d8	5	27ae34	6218757ef910	5	10000	7ffe9f1a8980	2add	62187583a4a0	62187584fb90	621874e3a490	280000	280000	10000	15e6
12.728002	1acbacc651ec	621878012010	ffffffffffffffa0	2	62187578a010	621877475b00	2e	1f4	7ffe9f1a8890	621875872fa0	24	94	48b79d109586ff7c	1e	80	7d	1f4
12.734949	1acbacc6320b	20e91	7ce404e1ac80	62187cccb5f0	ab81	62187ccd6170	7ce404e1ac80	ab80	7ffe9f1a8800	0	0	62187cccc000	206	a10	62187cccb5f0	1000	aba0
12.740170	1acbacd60b8a	6218757fa490	774	29d4	3f44	621877765dc0	6218757fba00	fd1	7ffe9f1a8978	6218757fa490	62187583a4a0	62187584fb90	62187233a490	d50000	d50000	10000	fd1
12.754172	73f64	2add	621875794ab0	a143	37bb	0	0	62187ccaf590	7ffe9f1a8980	efdb	c22	62187cb28c80	48b79d109586ff7c	2add	26	c23	35
12.764942	7358d	6218757fa490	f210	11	1257fa	6218757ef910	2add	10000	7ffe9f1a8980	2add	62187583a4a0	62187584fb90	6218753fa490	110000	f20c	10000	0
12.772091	73521	370c7	45d8	11	481956	6218757ef910	270b	10000	7ffe9f1a8980	2add	62187583a4a0	62187584fb90	62187467a490	470000	470000	10000	14cf
12.782553	73540	b11	45d8	b	933ffe	6218757ef910	c4	10000	7ffe9f1a8980	2add	62187583a4a0	62187584fb90	62187333a490	940000	940000	10000	121a
12.793760	7353a	2f	45d8	5	e6ca83	6218757ef910	6	10000	7ffe9f1a8980	2add	62187583a4a0	62187584fb90	621871e7a490	e70000	e70000	10000	f2f
12.800492	73529	14813	45d8	10	1161f03	6218757ef910	100e	10000	7ffe9f1a8980	2add	62187583a4a0	62187584fb90	6218712ba490	1160000	1160000	10000	d88
12.814739	73515	1e031	45d8	10	7ceb6	6218757ef910	168e	10000	7ffe9f1a8980	2add	62187583a4a0	62187584fb90	62187563a490	80000	80000	10000	1706
12.827395	7353a	3e87	45d8	d	655077	6218757ef910	39b	10000	7ffe9f1a8980	2add	62187583a4a0	62187584fb90	621873eba490	660000	660000	10000	13b8
12.839866	7353a	d3	45d8	7	bc9805	6218757ef910	15	10000	7ffe9f1a8980	2add	62187583a4a0	62187584fb90	6218728fa490	bd0000	bd0000	10000	10a9
12.853992	73519	43	45d8	6	117f1b3	6218757ef910	8	10000	7ffe9f1a8980	2add	62187583a4a0	62187584fb90	62187123a490	1180000	1180000	10000	d76
12.861992	73587	6218757fa490	1ff4	11	147e64d	6218757ef910	2add	10000	7ffe9f1a8980	2add	62187583a4a0	62187584fb90	6218706fa490	1450000	1ff0	10000	0
12.873872	1acbacc65066	2	1	2	4e	62187c358cc0	10	7ffe9f1a8a30	7ffe9f1a87f0	10f586e953	28	a0	48b79d109586ff7c	10	7ffe9f1a88c8	4e	62187c358cc0
12.882651	73515	22f07	45d8	11	63e1f6	6218757ef910	19d7	10000	7ffe9f1a8980	2add	62187583a4a0	62187584fb90	621873f3a490	640000	640000	10000	13ca
12.888264	7353a	29	45d8	5	8aea29	6218757ef910	5	10000	7ffe9f1a8980	2add	62187583a4a0	62187584fb90	62187357a490	8b0000	8b0000	10000	126b
12.900489	73519	2ec09	45d8	11	e1fdd8	6218757ef910	21b8	10000	7ffe9f1a8980	2add	62187583a4a0	62187584fb90	621871fba490	e20000	e20000	10000	f5c
12.914430	7353a	fb	45d8	7	148ab2c	6218757ef910	1a	10000	7ffe9f1a8980	2add	62187583a4a0	62187584fb90	6218705fa490	1490000	1490000	10000	bbd
12.926291	73515	35	45d8	5	2c3bc7	6218757ef910	7	10000	7ffe9f1a8980	2add	62187583a4a0	62187584fb90	621874cfa490	2d0000	2d0000	10000	15b9
12.939796	7353a	28205	45d8	11	8e10a3	6218757ef910	1d3c	10000	7ffe9f1a8980	2add	62187583a4a0	62187584fb90	62187347a490	8f0000	8f0000	10000	1247
12.953794	1acbacd60b8a	621875828d30	45d8	3690	11760	621875808560	621875836e00	ba28	7ffe9f1a8978	621875828d30	62187583a4a0	62187584fb90	621871c3a490	f10000	f10000	10000	ed5
12.967847	73519	30a91	45d8	11	152b094	6218757ef910	22f4	10000	7ffe9f1a8980	2add	62187583a4a0	62187584fb90	62187037a490	1530000	1530000	10000	b63
12.978469	7353a	2575d	45d8	11	2be95d	6218757ef910	1b79	10000	7ffe9f1a8980	2add	62187583a4a0	62187584fb90	621874d3a490	2c0000	2c0000	10000	15c2
12.985706	73542	3c211	45d8	11	6439d8	6218757ef910	2a3e	10000	7ffe9f1a8980	2add	62187583a4a0	62187584fb90	621873ffa490	610000	610000	10000	13e5
13.000869	73540	185	45d8	8	cfb51b	6218757ef910	26	10000	7ffe9f1a8980	2add	62187583a4a0	62187584fb90	62187243a490	d00000	d00000	10000	ffe
13.013549	734c8	3ba73	45d8	11	12a8f8c	6218757ef910	29ea	10000	7ffe9f1a8980	2add	62187583a4a0	62187584fb90	621870dfa490	1290000	1290000	10000	cdd
13.020108	7353a	207e9	45d8	11	159e934	6218757ef910	1848	10000	7ffe9f1a8980	2add	62187583a4a0	62187584fb90	6218701ba490	15a0000	15a0000	10000	b24
13.029853	7357c	95e8	95e4	11	1e4a99	6218757ef910	2add	10000	7ffe9f1a8980	2add	62187583a4a0	62187584fb90	62187513a490	1c0000	95e0	10000	0
13.038023	73519	669b	45d8	e	52a207	6218757ef910	5a2	10000	7ffe9f1a8980	2add	62187583a4a0	62187584fb90	62187437a490	530000	530000	10000	1463
13.044412	734c1	8f3f	45d8	f	810922	6218757ef910	79c	10000	7ffe9f1a8980	2add	62187583a4a0	62187584fb90	6218737fa490	810000	810000	10000	12c5
13.056511	73519	1b7f	45d8	c	d8049a	6218757ef910	1ab	10000	7ffe9f1a8980	2add	62187583a4a0	62187584fb90	6218721fa490	d90000	d90000	10000	fad
13.063864	73519	9aff	45d8	f	10ecfb3	6218757ef910	82e	10000	7ffe9f1a8980	2add	62187583a4a0	62187584fb90	62187147a490	10f0000	10f0000	10000	dc7
13.078147	7359a	6218757fa490	ec40	11	501c7	6218757ef910	2add	10000	7ffe9f1a8980	2add	62187583a4a0	62187584fb90	62187573a490	40000	ec3c	10000	0
13.093237	7353a	1cf	45d8	8	7016c6	6218757ef910	2d	10000	7ffe9f1a8980	2add	62187583a4a0	62187584fb90	621873bfa490	710000	710000	10000	1355
13.098797	73519	2a5	45d8	9	972396	6218757ef910	3f	10000	7ffe9f1a8980	2add	62187583a4a0	62187584fb90	62187323a490	980000	980000	10000	11f6
13.108547	7353a	2d955	45d8	11	d0c7fb	6218757ef910	20ff	10000	7ffe9f1a8980	2add	62187583a4a0	62187584fb90	6218723fa490	d10000	d10000	10000	ff5
13.117602	73519	43	45d8	6	112518d	6218757ef910	8	10000	7ffe9f1a8980	2add	62187583a4a0	62187584fb90	62187137a490	1130000	1130000	10000	da3
13.126111	7353a	29	45d8	5	152cbbd	6218757ef910	5	10000	7ffe9f1a8980	2add	62187583a4a0	62187584fb90	62187037a490	1530000	1530000	10000	b63
13.133140	7353a	263b	45d8	d	111280	6218757ef910	23c	10000	7ffe9f1a8980	2add	62187583a4a0	62187584fb90	6218753ba490	120000	120000	10000	16ac
13.143695	1acbacd60b8a	6218758118e0	5d14	2890	17450	62187580f050	6218758264a0	5d14	7ffe9f1a8978	6218758118e0	62187583a4a0	62187584fb90	6218740fa490	5e0000	5e0000	10000	1400
13.156819	7357f	e5fc	e5f8	11	bdc652	6218757ef910	2add	10000	7ffe9f1a8980	2add	62187583a4a0	62187584fb90	62187297a490	bb0000	e5f8	10000	0
13.170961	7353a	397	45d8	9	120f7b2	6218757ef910	4f	10000	7ffe9f1a8980	2add	62187583a4a0	62187584fb90	621870ffa490	1210000	1210000	10000	d25
13.178355	7353a	18d	45d8	8	15620ce	6218757ef910	27	10000	7ffe9f1a8980	2add	62187583a4a0	62187584fb90	62187027a490	1570000	1570000	10000	b3f
13.185121	73519	83	45d8	7	141715	6218757ef910	d	10000	7ffe9f1a8980	2add	62187583a4a0	62187584fb90	6218752fa490	150000	150000	10000	1691
13.192495	73519	95	45d8	7	49c423	6218757ef910	f	10000	7ffe9f1a8980	2add	62187583a4a0	62187584fb90	6218745ba490	4a0000	4a0000	10000	14b4
13.205352	1acbacd60b8a	6218758118e0	5d14	f390	17450	621875802550	6218758199a0	5d14	7ffe9f1a8978	6218758118e0	62187583a4a0	62187584fb90	621872efa490	a60000	a60000	10000	1178
13.219353	7353a	191	45d8	8	10460fa	6218757ef910	28	10000	7ffe9f1a8980	2add	62187583a4a0	62187584fb90	6218716fa490	1050000	1050000	10000	e21
13.226272	73519	6d	45d8	6	135f3f7	6218757ef910	b	10000	7ffe9f1a8980	2add	62187583a4a0	62187584fb90	621870aba490	1360000	1360000	10000	c68
13.232074	73519	28dd5	45d8	11	15db948	6218757ef910	1dbb	10000	7ffe9f1a8980	2add	62187583a4a0	62187584fb90	6218700ba490	15e0000	15e0000	10000	b00
13.242185	73519	26497	45d8	11	30cffe	6218757ef910	1c0c	10000	7ffe9f1a8980	2add	62187583a4a0	62187584fb90	621874bfa490	310000	310000	10000	1595
13.250506	73519	a7	45d8	7	6c79f0	6218757ef910	12	10000	7ffe9f1a8980	2add	62187583a4a0	62187584fb90	621873cfa490	6d0000	6d0000	10000	1379
13.262646	7353a	25f	45d8	9	c2bca6	6218757ef910	38	10000	7ffe9f1a8980	2add	62187583a4a0	62187584fb90	62187277a490	c30000	c30000	10000	1073
13.268028	73519	19783	45d8	10	e7db9a	6218757ef910	1364	10000	7ffe9f1a8980	2add	62187583a4a0	62187584fb90	621871e3a490	e80000	e80000	10000	f26
13.282759	7353a	1085	45d8	c	153e82c	6218757ef910	10e	10000	7ffe9f1a8980	2add	62187583a4a0	62187584fb90	62187033a490	1540000	1540000	10000	b5a
13.290565	73519	1c13	45d8	c	184fa6	6218757ef910	1b3	10000	7ffe9f1a8980	2add	62187583a4a0	62187584fb90	6218751fa490	190000	190000	10000	166d
13.301427	73596	6218757fa490	c100	11	697441	6218757ef910	2add	10000	7ffe9f1a8980	2add	62187583a4a0	62187584fb90	621873eba490	660000	c0fc	10000	0
13.308288	73519	2410f	45d8	11	8e4696	6218757ef910	1a9f	10000	7ffe9f1a8980	2add	62187583a4a0	62187584fb90	62187347a490	8f0000	8f0000	10000	1247
13.318426	73596	6218757fa490	b38c	11	dbe3d7	6218757ef910	2add	10000	7ffe9f1a8980	2add	62187583a4a0	62187584fb90	6218721fa490	d90000	b388	10000	0
13.330426	1acbacd60b8a	621875828d30	45d8	10970	11760	6218757fb280	621875829b20	ba28	7ffe9f1a8978	621875828d30	62187bb5cbf8	a	48b79d109586ff7c	12e0000	12e0000	10000	cb0
13.344012	7353a	1dc0b	45d8	10	1c3fff	6218757ef910	165f	10000	7ffe9f1a8980	2add	62187583a4a0	62187584fb90	6218750fa490	1d0000	1d0000	10000	1649
13.352513	7353a	43	45d8	6	5b27c1	6218757ef910	8	10000	7ffe9f1a8980	2add	62187583a4a0	62187584fb90	62187413a490	5c0000	5c0000	10000	1412
13.361897	73519	71	45d8	6	a1ade8	6218757ef910	c	10000	7ffe9f1a8980	2add	62187583a4a0	62187584fb90	621872fba490	a20000	a20000	10000	119c
13.376567	7353a	9ad	45d8	b	fc663b	6218757ef910	ae	10000	7ffe9f1a8980	2add	62187583a4a0	62187584fb90	6218718fa490	fd0000	fd0000	10000	e69
13.391332	73519	337	45d8	9	14e638e	6218757ef910	49	10000	7ffe9f1a8980	2add	62187583a4a0	62187584fb90	62187047a490	14f0000	14f0000	10000	b87
13.399318	73587	6218757fa490	6bf0	11	b6e9f	6218757ef910	2add	10000	7ffe9f1a8980	2add	62187583a4a0	62187584fb90	62187557a490	b0000	6bec	10000	0
13.407862	7353a	1f75	45d8	c	480fa7	6218757ef910	1e1	10000	7ffe9f1a8980	2add	62187583a4a0	62187584fb90	6218745fa490	490000	490000	10000	14bd
13.418673	73529	3be9f	45d8	11	982ee7	6218757ef910	2a14	10000	7ffe9f1a8980	2add	62187583a4a0	62187584fb90	62187323a490	980000	980000	10000	11f6
13.431052	73515	9fd	45d8	b	f1230d	6218757ef910	b3	10000	7ffe9f1a8980	2add	62187583a4a0	62187584fb90	621871bba490	f20000	f20000	10000	ecc
13.442514	7353a	2e37	45d8	d	1443608	6218757ef910	2b3	10000	7ffe9f1a8980	2add	62187583a4a0	62187584fb90	6218706fa490	1450000	1450000	10000	be1
13.456678	73519	2f	45d8	5	302442	6218757ef910	6	10000	7ffe9f1a8980	2add	62187583a4a0	62187584fb90	621874bfa490	310000	310000	10000	1595
13.468571	7353a	1e239	45d8	10	75b0c1	6218757ef910	16a3	10000	7ffe9f1a8980	2add	62187583a4a0	62187584fb90	621873aba490	760000	760000	10000	1328
13.483443	7353a	1262b	45d8	10	dfeab8	6218757ef910	e8e	10000	7ffe9f1a8980	2add	62187583a4a0	62187584fb90	62187203a490	e00000	e00000	10000	f6e
13.495419	73519	9e23	45d8	f	138009d	6218757ef910	854	10000	7ffe9f1a8980	2add	62187583a4a0	62187584fb90	6218709fa490	1390000	1390000	10000	c4d
13.501627	73519	101	45d8	8	1641f0c	6218757ef910	1b	10000	7ffe9f1a8980	2add	62187583a4a0	62187584fb90	62186fefa490	1650000	1650000	10000	ac1
13.516122	7353a	3d2d	45d8	d	5b2217	6218757ef910	38f	10000	7ffe9f1a8980	2add	62187583a4a0	62187584fb90	62187413a490	5c0000	5c0000	10000	1412
13.530960	7351c	95	45d8	7	c171b0	6218757ef910	f	10000	7ffe9f1a8980	2add	62187583a4a0	62187584fb90	6218727ba490	c20000	c20000	10000	107c
13.542769	73519	43	45d8	6	1138503	6218757ef910	8	10000	7ffe9f1a8980	2add	62187583a4a0	62187584fb90	62187133a490	1140000	1140000	10000	d9a
13.556302	73596	6218757fa490	39fc	11	3a7bb	6218757ef910	2add	10000	7ffe9f1a8980	2add	62187583a4a0	62187584fb90	62187577a490	30000	39f8	10000	0
13.562419	1acbacc62702	6	20	0	6	62187578a010	7	62187578e0b0	7ffe9f1a8720	62187578e0c0	6218757ac920	6218760a1660	48b79d109586ff7c	7ce404e1ac80	0	1	1
13.567985	7353a	1d107	45d8	10	551e52	6218757ef910	15e6	10000	7ffe9f1a8980	2add	62187583a4a0	62187584fb90	6218742ba490	560000	560000	10000	1448
13.577030	1acbacd60b8a	6218758001a4	1745	4a58	5d14	6218757fb74c	621875801460	1745	7ffe9f1a8978	6218758001a4	62187583a4a0	62187584fb90	62187323a490	990000	990000	10000	11ed
13.591595	7359a	6218757fa490	d590	11	1033a8a	6218757ef910	2add	10000	7ffe9f1a8980	2add	62187583a4a0	62187584fb90	6218717fa490	1010000	d58c	10000	0
13.598882	73519	1fccd	45d8	10	1368ce1	6218757ef910	17cb	10000	7ffe9f1a8980	2add	62187583a4a0	62187584fb90	621870a7a490	1370000	1370000	10000	c5f
13.608744	85bb0	62187cb28c80	5b00	7ffe9f1a8900	62187578a010	62187c4c6a20	10	1	7ffe9f1a87c0	79d5	621875872fa0	62187cb28c80	0	621875871bb0	0	1	1
13.618756	1acbacd60b8a	6218757fa490	2e2	21bc	518c	6218777665d8	6218757fd460	1463	7ffe9f1a8978	6218757fa490	62187583a4a0	62187584fb90	6218743ba490	530000	530000	10000	1463
13.633466	73536	22f7	45d8	d	bb23bc	6218757ef910	20c	10000	7ffe9f1a8980	2add	62187583a4a0	62187584fb90	62187293a490	bc0000	bc0000	10000	10b2
13.641688	73519	d3	45d8	7	f67776	6218757ef910	15	10000	7ffe9f1a8980	2add	62187583a4a0	62187584fb90	621871a7a490	f70000	f70000	10000	e9f
13.655713	73519	335	45d8	9	160fb3f	6218757ef910	48	10000	7ffe9f1a8980	2add	62187583a4a0	62187584fb90	62186fffa490	1610000	1610000	10000	ae5
13.667319	73519	14b	45d8	8	42e206	6218757ef910	20	10000	7ffe9f1a8980	2add	62187583a4a0	62187584fb90	62187477a490	430000	430000	10000	14f3
13.678368	7351c	29	45d8	5	966b02	6218757ef910	5	10000	7ffe9f1a8980	2add	62187583a4a0	62187584fb90	62187327a490	970000	970000	10000	11ff
13.691050	73515	377	45d8	9	f38a14	6218757ef910	4e	10000	7ffe9f1a8980	2add	62187583a4a0	62187584fb90	621871b3a490	f40000	f40000	10000	eba
13.704557	73519	36325	45d8	11	157d9fd	6218757ef910	267f	10000	7ffe9f1a8980	2add	62187583a4a0	62187584fb90	62187023a490	1580000	1580000	10000	b36
13.719051	73519	132d	45d8	c	503b0d	6218757ef910	136	10000	7ffe9f1a8980	2add	62187583a4a0	62187584fb90	6218743fa490	510000	510000	10000	1475
13.730958	73519	cd57	45d8	f	a8a9fe	6218757ef910	a90	10000	7ffe9f1a8980	2add	62187583a4a0	62187584fb90	621872dfa490	a90000	a90000	10000	115d
13.736188	73519	15719	45d8	10	ce6329	6218757ef910	10a9	10000	7ffe9f1a8980	2add	62187583a4a0	62187584fb90	62187247a490	cf0000	cf0000	10000	1007
13.741480	734c5	11bfd	45d8	10	ef107b	6218757ef910	e22	10000	7ffe9f1a8980	2add	62187583a4a0	62187584fb90	621871c7a490	ef0000	ef0000	10000	ee7
13.750931	7351c	1acf	45d8	c	12e6414	6218757ef910	1a2	10000	7ffe9f1a8980	2add	62187583a4a0	62187584fb90	621870c7a490	12f0000	12f0000	10000	ca7
13.756720	73519	6f1f	45d8	e	159c374	6218757ef910	60b	10000	7ffe9f1a8980	2add	62187583a4a0	62187584fb90	6218701ba490	15a0000	15a0000	10000	b24
13.762691	73521	2457d	45d8	11	13996d	6218757ef910	1ac3	10000	7ffe9f1a8980	2add	62187583a4a0	62187584fb90	62187537a490	130000	130000	10000	16a3
13.775666	73519	43	45d8	6	741ef0	6218757ef910	8	10000	7ffe9f1a8980	2add	62187583a4a0	62187584fb90	621873afa490	750000	750000	10000	1331
13.789663	1acbacd60b8a	6218758118e0	5d14	490	17450	621875811450	6218758288a0	5d14	7ffe9f1a8978	6218758118e0	62187583a4a0	62187584fb90	62187217a490	dc0000	dc0000	10000	f92
13.803557	73519	97	45d8	7	143a76d	6218757ef910	10	10000	7ffe9f1a8980	2add	62187583a4a0	62187584fb90	62187073a490	1440000	1440000	10000	bea
13.818133	7353a	f1	45d8	7	3adc0c	6218757ef910	19	10000	7ffe9f1a8980	2add	62187583a4a0	62187584fb90	62187497a490	3b0000	3b0000	10000	153b
13.830921	73519	2755	45d8	d	96efbc	6218757ef910	24d	10000	7ffe9f1a8980	2add	62187583a4a0	62187584fb90	62187327a490	970000	970000	10000	11ff
13.845076	73519	dfb7	45d8	f	fc58ac	6218757ef910	b5b	10000	7ffe9f1a8980	2add	62187583a4a0	62187584fb90	6218718fa490	fd0000	fd0000	10000	e69
13.857401	7353a	377e3	45d8	11	154b75b	6218757ef910	274d	10000	7ffe9f1a8980	2add	62187583a4a0	62187584fb90	6218702fa490	1550000	1550000	10000	b51
13.870006	73519	1a915	45d8	10	326c69	6218757ef910	1422	10000	7ffe9f1a8980	2add	62187583a4a0	62187584fb90	621874b7a490	330000	330000	10000	1583
13.884821	73519	6b	45d8	6	9582dc	6218757ef910	a	10000	7ffe9f1a8980	2add	62187583a4a0	62187584fb90	6218732ba490	960000	960000	10000	1208
13.894243	7352d	2c1fb	45d8	11	d88752	6218757ef910	200e	10000	7ffe9f1a8980	2add	62187583a4a0	62187584fb90	62187223a490	d80000	d80000	10000	fb6
13.904329	73542	1880b	45d8	10	122d3a0	6218757ef910	12b9	10000	7ffe9f1a8980	2add	62187583a4a0	62187584fb90	621870fba490	1220000	1220000	10000	d1c
13.916244	7353a	23b73	45d8	11	682a5	6218757ef910	1a62	10000	7ffe9f1a8980	2add	62187583a4a0	62187584fb90	62187567a490	70000	70000	10000	170f
13.928436	7353a	36cd	45d8	d	61f01d	6218757ef910	32b	10000	7ffe9f1a8980	2add	62187583a4a0	62187584fb90	621873fba490	620000	620000	10000	13dc
13.939264	7353a	a7	45d8	7	b11d63	6218757ef910	12	10000	7ffe9f1a8980	2add	62187583a4a0	62187584fb90	621872bba490	b20000	b20000	10000	110c
13.944804	7353a	e6b	45d8	b	dae0d1	6218757ef910	f3	10000	7ffe9f1a8980	2add	62187583a4a0	62187584fb90	62187217a490	db0000	db0000	10000	f9b
13.955631	7353a	a67	45d8	b	12aaad7	6218757ef910	b8	10000	7ffe9f1a8980	2add	62187583a4a0	62187584fb90	621870d7a490	12b0000	12b0000	10000	ccb
13.965987	7351c	29	45d8	5	c8c8	6218757ef910	5	10000	7ffe9f1a8980	2add	175f	62187584fb90	6218757fa490	10000	10000	10000	1745
13.975277	73540	1db3	45d8	c	3df9ff	6218757ef910	1cb	10000	7ffe9f1a8980	2add	62187583a4a0	62187584fb90	6218748ba490	3e0000	3e0000	10000	1520
13.982855	73519	e3	45d8	7	728b44	6218757ef910	17	10000	7ffe9f1a8980	2add	62187583a4a0	62187584fb90	621873b7a490	730000	730000	10000	1343
13.997331	734d9	6218777894e0	45d8	11	be244c	6218757ef910	1e37	10000	7ffe9f1a8980	2add	62187583a4a0	62187584fb90	6218728ba490	be0000	be0000	10000	10a0
14.005528	73515	169fd	45d8	10	f8a2bb	6218757ef910	117a	10000	7ffe9f1a8980	2add	62187583a4a0	62187584fb90	6218719fa490	f90000	f90000	10000	e8d
14.014697	73f3d	2add	621875794ab0	5ead	6218757af8f0	1b5bd	95b7	62187da64770	7ffe9f1a8980	1b59f	14aa	621875d9ae30	48b79d109586ff7c	2add	25	14ab	34
14.023736	734d9	6218777894e0	777	10	16f2389	6218757ef910	1570	3601	7ffe9f1a8980	2add	62187583a4a0	62187584fb90	62186fc7a490	16e3601	16e3601	3601	a67
14.028936	7356f	1111	22cc	11	20f7f8	6218757ef910	2add	10000	7ffe9f1a8980	2add	62187583a4a0	62187584fb90	62187503a490	200000	22c8	10000	0
14.040937	7359a	6218757fa490	6010	11	7112e1	6218757ef910	2add	10000	7ffe9f1a8980	2add	62187583a4a0	62187584fb90	621873cba490	6e0000	600c	10000	0
14.052633	7351c	2a5	45d8	9	bf3f19	6218757ef910	3f	10000	7ffe9f1a8980	2add	62187583a4a0	62187584fb90	62187283a490	c00000	c00000	10000	108e
14.057855	734db	6218777894e0	45d8	11	e874bc	6218757ef910	29d8	10000	7ffe9f1a8980	2add	62187583a4a0	62187584fb90	621871efa490	e50000	e50000	10000	f41
14.071660	7353a	29	45d8	5	149d250	6218757ef910	5	10000	7ffe9f1a8980	2add	62187583a4a0	62187584fb90	6218705ba490	14a0000	14a0000	10000	bb4
14.083624	7352d	2c239	45d8	11	2d298b	6218757ef910	2011	10000	7ffe9f1a8980	2add	62187583a4a0	62187584fb90	621874cfa490	2d0000	2d0000	10000	15b9
14.090769	7353a	2e9a9	45d8	11	60e0dd	6218757ef910	21a4	10000	7ffe9f1a8980	2add	62187583a4a0	62187584fb90	621873ffa490	610000	610000	10000	13e5
14.099229	7353a	6d	45d8	6	9d2c00	6218757ef910	b	10000	7ffe9f1a8980	2add	62187583a4a0	62187584fb90	6218730ba490	9e0000	9e0000	10000	11c0
14.107730	73519	6521	45d8	e	da4c19	6218757ef910	58c	10000	7ffe9f1a8980	2add	62187583a4a0	62187584fb90	62187217a490	db0000	db0000	10000	f9b
14.114835	73519	1a4dd	45d8	10	10b06d4	6218757ef910	13f4	10000	7ffe9f1a8980	2add	62187583a4a0	62187584fb90	62187153a490	10c0000	10c0000	10000	de2
14.127997	73519	43	45d8	6	1606338	6218757ef910	8	10000	7ffe9f1a8980	2add	62187583a4a0	62187584fb90	62186fffa490	1610000	1610000	10000	ae5
14.143163	73504	2d079	45d8	11	53b3bc	6218757ef910	209a	10000	7ffe9f1a8980	2add	62187583a4a0	62187584fb90	6218743fa490	510000	510000	10000	1475
14.149215	7353a	16e5	45d8	c	77a03b	6218757ef910	16c	10000	7ffe9f1a8980	2add	62187583a4a0	62187584fb90	621873a3a490	780000	780000	10000	1316
14.160831	7353a	6bef	45d8	e	c3ff8f	6218757ef910	5e2	10000	7ffe9f1a8980	2add	62187583a4a0	62187584fb90	62187273a490	c40000	c40000	10000	106a
14.167210	73519	1b1	45d8	8	f10f2d	6218757ef910	2a	10000	7ffe9f1a8980	2add	62187583a4a0	62187584fb90	621871bba490	f20000	f20000	10000	ecc
14.177131	73519	12faf	45d8	10	1392b2b	6218757ef910	ef5	10000	7ffe9f1a8980	2add	62187583a4a0	62187584fb90	6218709ba490	13a0000	13a0000	10000	c44
14.187374	73519	11b	45d8	8	a308	6218757ef910	1f	10000	7ffe9f1a8980	2add	62187583a4a0	62187584fb90	6218757fa490	10000	10000	10000	1745
14.199115	73501	1e835	45d8	10	59905d	6218757ef910	16db	10000	7ffe9f1a8980	2add	62187583a4a0	62187584fb90	62187423a490	580000	580000	10000	1436
14.212106	73510	2e139	45d8	11	b62574	6218757ef910	214a	10000	7ffe9f1a8980	2add	62187583a4a0	62187584fb90	621872aba490	b60000	b60000	10000	10e8
14.221123	7353a	335	45d8	9	f68bcf	6218757ef910	48	10000	7ffe9f1a8980	2add	62187583a4a0	62187584fb90	621871a7a490	f70000	f70000	10000	e9f
14.233421	735a3	1111	c27c	11	150de22	6218757ef910	2add	10000	7ffe9f1a8980	2add	62187583a4a0	62187584fb90	62187047a490	14f0000	c278	10000	0
14.248067	734c1	1dc4b	45d8	10	469dfb	6218757ef910	1661	10000	7ffe9f1a8980	2add	62187583a4a0	62187584fb90	6218746ba490	460000	460000	10000	14d8
14.256672	84b22	7e	7ffe9f1a88d0	7d	62187dcb3cd0	62187dcb4990	2f	80	7ffe9f1a8850	621879ae5d20	621875872fa0	621878fd9170	48b79d109586ff7c	7ffe9f1a8868	621875872fb0	22a4	6218580ea2a8
14.264946	734d9	6218777894e0	45d8	11	c08b8e	6218757ef910	1fad	10000	7ffe9f1a8980	2add	62187583a4a0	62187584fb90	62187283a490	c00000	c00000	10000	108e
14.276678	73519	95	45d8	7	113ef3e	6218757ef910	f	10000	7ffe9f1a8980	2add	62187583a4a0	62187584fb90	62187133a490	1140000	1140000	10000	d9a
14.290447	73519	629f	45d8	e	1de47	6218757ef910	56f	10000	7ffe9f1a8980	2add	62187583a4a0	62187584fb90	6218757ba490	20000	20000	10000	173c
14.299271	73519	da3	45d8	b	409305	6218757ef910	e5	10000	7ffe9f1a8980	2add	62187583a4a0	62187584fb90	6218747fa490	410000	410000	10000	1505
14.308370	7353a	1ab4b	45d8	10	7dca8a	6218757ef910	1439	10000	7ffe9f1a8980	2add	62187583a4a0	62187584fb90	6218738ba490	7e0000	7e0000	10000	12e0
14.323089	73519	a7	45d8	7	e7ae66	6218757ef910	12	10000	7ffe9f1a8980	2add	62187583a4a0	62187584fb90	621871e3a490	e80000	e80000	10000	f26
14.334810	7353a	29	45d8	5	13e5492	6218757ef910	5	10000	7ffe9f1a8980	2add	62187583a4a0	62187584fb90	62187087a490	13f0000	13f0000	10000	c17
14.341691	a534a	92e44a214c59eb86	99f1	0	3d59	5854	b937affa9e6a0c7f	f5c	7ffe9f1a8978	99f1	0	1e51d	f28ee7e18924b7e1	821	8000000000005854	b937affa9e6a0c7f	2add
14.354973	7353a	3a693	45d8	11	5e5a62	6218757ef910	2928	10000	7ffe9f1a8980	2add	62187583a4a0	62187584fb90	62187407a490	5f0000	5f0000	10000	13f7
14.366355	73519	2085d	45d8	11	afce00	6218757ef910	184c	10000	7ffe9f1a8980	2add	62187583a4a0	62187584fb90	621872c3a490	b00000	b00000	10000	111e
14.374831	73519	1c8d	45d8	c	ec2cc5	6218757ef910	1bc	10000	7ffe9f1a8980	2add	62187583a4a0	62187584fb90	621871cfa490	ed0000	ed0000	10000	ef9
14.383978	7353a	3f5	45d8	9	11fe2df	6218757ef910	55	10000	7ffe9f1a8980	2add	62187583a4a0	62187584fb90	62187103a490	1200000	1200000	10000	d2e
14.393782	7353a	2aef3	45d8	11	164e8d6	6218757ef910	1f27	10000	7ffe9f1a8980	2add	62187583a4a0	62187584fb90	62186fefa490	1650000	1650000	10000	ac1
14.402464	73519	263b	45d8	d	2f106b	6218757ef910	23c	10000	7ffe9f1a8980	2add	62187583a4a0	62187584fb90	621874c3a490	300000	300000	10000	159e
14.408736	749f2	621878de1e30	14	1	a	2	621878de2138	22a5	7ffe9f1a8980	3	621878de2090	15	6218770c32a0	14	2	0	62187de54000
14.420789	734ec	2add	45d8	f	b5b03e	6218757ef910	991	10000	7ffe9f1a8980	2add	62187583a4a0	62187584fb90	621872afa490	b50000	b50000	10000	10f1
14.426793	7353a	cdd3	45d8	f	deb696	6218757ef910	a97	10000	7ffe9f1a8980	2add	62187583a4a0	62187584fb90	62187207a490	df0000	df0000	10000	f77
14.435056	1acbacd60b8a	621875805eb8	2e8a	2f80	ba28	621875802f38	62187580e960	2e8a	7ffe9f1a8978	621875805eb8	62187583a4a0	62187584fb90	6218711ba490	11b0000	11b0000	10000	d5b
14.447286	73540	3e5	45d8	9	a013	6218757ef910	53	10000	7ffe9f1a8980	2add	62187583a4a0	62187584fb90	6218757fa490	10000	10000	10000	1745
14.455744	73515	1b7	45d8	8	3b6ede	6218757ef910	2b	10000	7ffe9f1a8980	2add	62187583a4a0	62187584fb90	62187493a490	3c0000	3c0000	10000	1532
14.468764	734c1	3a94b	45d8	11	991e23	6218757ef910	2947	10000	7ffe9f1a8980	2add	62187583a4a0	62187584fb90	62187323a490	980000	980000	10000	11f6
14.483166	7353a	61	45d8	6	fca0fd	6218757ef910	9	10000	7ffe9f1a8980	2add	62187583a4a0	62187584fb90	6218718fa490	fd0000	fd0000	10000	e69
14.495321	7359a	6218757fa490	df7c	62187578c420	142f439	6218757ef910	2add	0	7ffe9f1a8980	2add	62187583a4a0	62187584fb90	6218707ba490	1420000	df78	10000	1
14.509541	73519	95	45d8	7	2576e3	6218757ef910	f	10000	7ffe9f1a8980	2add	62187583a4a0	62187584fb90	621874eba490	260000	260000	10000	15f8
14.519947	734db	6218777894e0	45d8	10	730dfa	6218757ef910	149c	10000	7ffe9f1a8980	2add	62187583a4a0	62187584fb90	621873bba490	720000	720000	10000	134c
14.531434	7353a	443	45d8	a	c651ce	6218757ef910	5c	10000	7ffe9f1a8980	2add	62187583a4a0	62187584fb90	62187267a490	c70000	c70000	10000	104f
14.538102	7353a	36e3	45d8	d	f493d7	6218757ef910	32d	10000	7ffe9f1a8980	2add	62187583a4a0	62187584fb90	621871afa490	f50000	f50000	10000	eb1
14.544105	73515	2642f	45d8	11	11ece34	6218757ef910	1c05	10000	7ffe9f1a8980	2add	62187583a4a0	62187584fb90	62187107a490	11f0000	11f0000	10000	d37
14.559028	73519	9c67	45d8	f	1a6611	6218757ef910	842	10000	7ffe9f1a8980	2add	62187583a4a0	62187584fb90	62187517a490	1b0000	1b0000	10000	165b
14.564545	73519	95	45d8	7	41914c	6218757ef910	f	10000	7ffe9f1a8980	2add	62187583a4a0	62187584fb90	6218747ba490	420000	420000	10000	14fc
14.578103	73519	287fb	45d8	11	a66e4d	6218757ef910	1d7a	10000	7ffe9f1a8980	2add	62187583a4a0	62187584fb90	621872e7a490	a70000	a70000	10000	116f
14.584534	73519	29	45d8	5	d5f23d	6218757ef910	5	10000	7ffe9f1a8980	2add	62187583a4a0	62187584fb90	6218722ba490	d60000	d60000	10000	fc8
14.592460	7352d	277eb	45d8	11	10f5da3	6218757ef910	1cc1	10000	7ffe9f1a8980	2add	62187583a4a0	62187584fb90	6218714ba490	10e0000	10e0000	10000	dd0
14.600263	7353a	83	45d8	7	145ee3f	6218757ef910	d	10000	7ffe9f1a8980	2add	62187583a4a0	62187584fb90	6218706ba490	1460000	1460000	10000	bd8
14.615305	7353a	24f5	45d8	d	349916	6218757ef910	22a	10000	7ffe9f1a8980	2add	62187583a4a0	62187584fb90	621874afa490	350000	350000	10000	1571
14.629407	7359e	ffff	91c8	11	9d03bc	6218757ef910	2add	10000	7ffe9f1a8980	2add	62187583a4a0	62187584fb90	6218731ba490	9a0000	91c4	10000	0
14.641415	73536	6a07	45d8	e	efaab2	6218757ef910	5ce	10000	7ffe9f1a8980	2add	62187583a4a0	62187584fb90	621871c3a490	f00000	f00000	10000	ede
14.646813	1acbacd60b8a	6218758118e0	5d14	9a10	17450	621875807ed0	62187581f320	5d14	7ffe9f1a8978	6218758118e0	62187583a4a0	62187584fb90	6218712ba490	1170000	1170000	10000	d7f
14.652625	73519	1981	45d8	c	13f5a34	6218757ef910	18c	10000	7ffe9f1a8980	2add	62187583a4a0	62187584fb90	62187083a490	1400000	1400000	10000	c0e
14.666535	734d9	6218777894e0	45d8	7	21002a	6218757ef910	13	10000	7ffe9f1a8980	2add	62187583a4a0	62187584fb90	621874ffa490	210000	210000	10000	1625
14.676090	7353a	45d	45d8	a	67076a	6218757ef910	5f	10000	7ffe9f1a8980	2add	62187583a4a0	62187584fb90	621873e3a490	680000	680000	10000	13a6
14.683125	7353a	2f	45d8	5	9c5e1c	6218757ef910	6	10000	7ffe9f1a8980	2add	62187583a4a0	62187584fb90	6218730fa490	9d0000	9d0000	10000	11c9
14.691949	7353a	511	45d8	a	db2648	6218757ef910	6a	10000	7ffe9f1a8980	2add	62187583a4a0	62187584fb90	62187213a490	dc0000	dc0000	10000	f92
14.705590	73510	10bb3	45d8	10	13b7d1b	6218757ef910	d6c	10000	7ffe9f1a8980	2add	62187583a4a0	62187584fb90	62187093a490	13c0000	13c0000	10000	c32
14.714996	1acbacd60b8a	621875828d30	45d8	cb30	11760	6218757ff0c0	62187582d960	ba28	7ffe9f1a8978	621875828d30	62187583a4a0	62187584fb90	62187547a490	100000	100000	10000	16be
14.726903	7353a	cb9	45d8	b	68ae12	6218757ef910	da	10000	7ffe9f1a8980	2add	62187583a4a0	62187584fb90	621873dfa490	690000	690000	10000	139d
14.738355	7353a	36359	45d8	11	ba660d	6218757ef910	2683	10000	7ffe9f1a8980	2add	62187583a4a0	62187584fb90	62187297a490	bb0000	bb0000	10000	10bb
14.746168	73519	2513f	45d8	11	f3ad1d	6218757ef910	1b38	10000	7ffe9f1a8980	2add	62187583a4a0	62187584fb90	621871b3a490	f40000	f40000	10000	eba
14.755659	7353a	4bd	45d8	a	12d25ed	6218757ef910	64	10000	7ffe9f1a8980	2add	62187583a4a0	62187584fb90	621870cba490	12e0000	12e0000	10000	cb0
14.770677	73519	2f	45d8	5	1c8c63	6218757ef910	6	10000	7ffe9f1a8980	2add	62187583a4a0	62187584fb90	6218750fa490	1d0000	1d0000	10000	1649
14.783850	1acbacc627c0	0	20	0	621e54fd9ead	62187578a010	7	62187578de60	7ffe9f1a87c8	62187578de70	62187578d680	6218783cf0b0	48b79d109586ff7c	7ce404e1ac80	1	62187578de80	62187578d680
14.790181	7353a	b683	45d8	f	98a0bd	6218757ef910	987	10000	7ffe9f1a8980	2add	62187583a4a0	62187584fb90	6218731fa490	990000	990000	10000	11ed
14.796078	73519	afbb	45d8	f	c02d80	6218757ef910	932	10000	7ffe9f1a8980	2add	62187583a4a0	62187584fb90	6218727fa490	c10000	c10000	10000	1085
14.810201	7353a	ac37	45d8	f	124e04d	6218757ef910	909	10000	7ffe9f1a8980	2add	62187583a4a0	62187584fb90	621870efa490	1250000	1250000	10000	d01
14.817987	7352d	2069b	45d8	11	15b11c5	6218757ef910	183b	10000	7ffe9f1a8980	2add	62187583a4a0	62187584fb90	6218701ba490	15a0000	15a0000	10000	b24
14.825103	73519	2f	45d8	5	1aefe6	6218757ef910	6	10000	7ffe9f1a8980	2add	62187583a4a0	62187584fb90	62187517a490	1b0000	1b0000	10000	165b
14.838539	73519	61	45d8	6	7e6088	6218757ef910	9	10000	7ffe9f1a8980	2add	62187583a4a0	62187584fb90	62187387a490	7f0000	7f0000	10000	12d7
14.847257	734d9	6218777894e0	45d8	f	bd06a6	6218757ef910	7d5	10000	7ffe9f1a8980	2add	62187583a4a0	62187584fb90	6218728fa490	bd0000	bd0000	10000	10a9
14.859520	734d9	6218777894e0	45d8	e	11761f6	6218757ef910	61f	10000	7ffe9f1a8980	2add	62187583a4a0	62187584fb90	62187127a490	1170000	1170000	10000	d7f
14.874366	73519	bc83	45d8	f	125ee9	6218757ef910	9c8	10000	7ffe9f1a8980	2add	62187583a4a0	62187584fb90	62187537a490	130000	130000	10000	16a3
14.881585	7353a	df	45d8	7	45004c	6218757ef910	16	10000	7ffe9f1a8980	2add	62187583a4a0	62187584fb90	6218746ba490	460000	460000	10000	14d8
14.888152	73515	2f831	45d8	11	73a4d1	6218757ef910	2231	10000	7ffe9f1a8980	2add	62187583a4a0	62187584fb90	621873b3a490	740000	740000	10000	133a
14.896099	73540	43	45d8	6	aac55d	6218757ef910	8	10000	7ffe9f1a8980	2add	62187583a4a0	62187584fb90	621872d7a490	ab0000	ab0000	10000	114b
14.910831	7353a	557	45d8	a	1158b3d	6218757ef910	6d	10000	7ffe9f1a8980	2add	62187583a4a0	62187584fb90	6218712ba490	1160000	1160000	10000	d88
14.922183	73510	1dd05	45d8	10	168bdff	6218757ef910	166b	10000	7ffe9f1a8980	2add	62187583a4a0	62187584fb90	62186fdfa490	1690000	1690000	10000	a9d
14.936585	73510	317a5	45d8	11	3ddb52	6218757ef910	236c	10000	7ffe9f1a8980	2add	62187583a4a0	62187584fb90	62187493a490	3c0000	3c0000	10000	1532
14.950138	7353a	d3	45d8	7	9f59ba	6218757ef910	15	10000	7ffe9f1a8980	2add	62187583a4a0	62187584fb90	62187303a490	a00000	a00000	10000	11ae
14.961055	73519	89	45d8	7	eccaa9	6218757ef910	e	10000	7ffe9f1a8980	2add	62187583a4a0	62187584fb90	621871cfa490	ed0000	ed0000	10000	ef9
14.970533	7358d	6218757fa490	3c10	11	1325ecc	6218757ef910	2add	10000	7ffe9f1a8980	2add	62187583a4a0	62187584fb90	621870bfa490	1310000	3c0c	10000	0
14.978606	73519	14ac1	45d8	10	16b259f	6218757ef910	1027	10000	7ffe9f1a8980	2add	62187583a4a0	62187584fb90	62186fd3a490	16c0000	16c0000	10000	a82
14.987795	73519	8411	45d8	f	3a07b5	6218757ef910	716	10000	7ffe9f1a8980	2add	62187583a4a0	62187584fb90	62187497a490	3b0000	3b0000	10000	153b
14.996399	73521	1b14b	45d8	10	7a7b90	6218757ef910	1474	10000	7ffe9f1a8980	2add	62187583a4a0	62187584fb90	6218739ba490	7a0000	7a0000	10000	1304
15.005633	734c1	2fb55	45d8	11	bd9cb3	6218757ef910	225c	10000	7ffe9f1a8980	2add	62187583a4a0	62187584fb90	62187297a490	bb0000	bb0000	10000	10bb
15.069501	1acbacc6320b	20fb1	7ce404e1ac80	62187e4d24d0	ab81	62187e4dd050	7ce404e1ac80	ab80	7ffe9f1a8800	0	0	62187e4d3000	206	b30	62187e4d24d0	1000	aba0
15.080234	1acbacd6110a	0	1	8	62187e4d24e0	0	62187e4d3000	7f	7ffe9f1a8978	0	62187e4d24e0	62187e4d3000	206	62187578c428	6218757fa490	ab74	7f
15.093587	1acbacd6110a	0	1	4bd8	62187e4dd060	0	62187e4e3000	7f	7ffe9f1a8978	0	62187e4dd060	62187c94fde0	7ce404e1ace0	62187578c428	6218757fa490	ab74	7f
15.112889	1acbacd6110a	0	0	82d8	62187e4f2760	0	62187e4f5000	7d	7ffe9f1a8978	0	62187e4f2760	62187705c6f0	7ce404e1ace0	62187578c428	6218757fa490	ab74	7d
15.132571	1acbacd6110a	0	0	42d8	62187e4f2760	0	62187e4f9000	7d	7ffe9f1a8978	0	62187e4f2760	62187705c6f0	7ce404e1ace0	62187578c428	6218757fa490	ab74	7d
15.155445	1acbacd6110a	0	0	8	62187e4fd2e0	0	62187e4fe000	7f	7ffe9f1a8978	0	62187e4fd2e0	62187e4fe000	206	62187578c428	6218757fa490	ab74	7f
15.170007	1acbacd6110a	0	0	8c58	62187e5280e0	0	62187e52a000	7f	7ffe9f1a8978	0	62187e5280e0	621878629900	7ce404e1ace0	62187578c428	6218757fa490	ab74	7f
15.179422	1acbacd6110a	0	0	6c58	62187e5280e0	0	62187e52c000	7f	7ffe9f1a8978	0	62187e5280e0	621878629900	7ce404e1ace0	62187578c428	6218757fa490	ab74	7f
15.192908	1acbacd6110a	0	1	17d8	62187e532c60	0	62187e53c000	7d	7ffe9f1a8978	0	62187e532c60	62187c94fde0	7ce404e1ace0	62187578c428	6218757fa490	ab74	7d
15.202232	7353d	4fd	45d8	a	885b39	6218757ef910	67	10000	7ffe9f1a8980	2add	62187583a4a0	62187584fb90	6218735fa490	890000	890000	10000	127d
15.216789	1acbacd6110a	0	1	3cd8	62187e573160	0	62187e57a000	7f	7ffe9f1a8978	0	62187e573160	62187a418700	7ce404e1ace0	62187578c428	6218757fa490	ab74	7f
15.234845	1acbacd6110a	0	1	33d8	62187e588860	0	62187e590000	7f	7ffe9f1a8978	0	62187e588860	621878872200	7ce404e1ace0	62187578c428	6218757fa490	ab74	7f
15.245979	73519	286f1	45d8	11	119cace	6218757ef910	1d6f	10000	7ffe9f1a8980	2add	62187583a4a0	62187584fb90	6218711ba490	11a0000	11a0000	10000	d64
15.258369	1acbacd60b8a	62187583a4a0	156e8	3b28	156e8	62187779b0a0	62187584c060	62187e5a0400	7ffe9f1a8978	62187583a4a0	62187e5a0e40	62187e5a8ef0	48b79d109586ff7c	62187e5a0820	7ffffffffffffffc	7ce404da0880	d0
15.267176	73519	f99d	45d8	f	1a26a9	6218757ef910	c9b	10000	7ffe9f1a8980	2add	62187583a4a0	62187584fb90	62187517a490	1b0000	1b0000	10000	165b
15.279823	734d9	6218777894e0	45d8	f	681282	6218757ef910	a06	10000	7ffe9f1a8980	2add	62187583a4a0	62187584fb90	621873e3a490	680000	680000	10000	13a6
15.286097	7353a	35	45d8	5	920f36	6218757ef910	7	10000	7ffe9f1a8980	2add	62187583a4a0	62187584fb90	62187337a490	930000	930000	10000	1223
15.305598	1acbacd610ee	62187e609e00	1	62187e609df0	62187e60a000	0	62187e609f88	7f	7ffe9f1a8978	0	62187e609e00	62187e60a000	206	62187578c428	6218757fa490	ab74	7f
15.322686	1acbacd6110a	0	1	4078	62187e61f500	0	62187e626000	7f	7ffe9f1a8978	0	62187e61f500	62187a418700	7ce404e1ace0	62187578c428	6218757fa490	ab74	7f
15.337180	1acbacc6320b	20891	7ce404e1ac80	62187e634bf0	ab81	62187e63f770	7ce404e1ac80	ab80	7ffe9f1a8800	0	0	62187e635000	206	410	62187e634bf0	1000	aba0
15.354763	1acbacd6110a	0	0	a2f8	62187e63f780	0	62187e640000	7f	7ffe9f1a8978	0	62187e63f780	62187705c6f0	7ce404e1ace0	62187578c428	6218757fa490	ab74	7f
15.379125	1acbacd6110a	0	0	59f8	62187e654e80	0	62187e65a000	7c	7ffe9f1a8978	0	62187e654e80	62187c94fde0	7ce404e1ace0	62187578c428	6218757fa490	ab74	7c
15.388610	1acbacd6110a	0	0	19f8	62187e654e80	0	62187e65e000	7c	7ffe9f1a8978	0	62187e654e80	62187c94fde0	7ce404e1ace0	62187578c428	6218757fa490	ab74	7c
15.401468	73519	23a5b	45d8	11	5cfc2c	6218757ef910	1a56	10000	7ffe9f1a8980	2add	62187583a4a0	62187584fb90	6218740fa490	5d0000	5d0000	10000	1409
15.412816	73519	a3	45d8	7	ac0224	6218757ef910	11	10000	7ffe9f1a8980	2add	62187583a4a0	62187584fb90	621872cfa490	ad0000	ad0000	10000	1139
15.428718	74047	62187e68abc0	40	706	621e54fd9eae	62187578a010	7	62187e664380	7ffe9f1a8980	62187578e0c0	621877ce9a10	621876035fa0	48b79d109586ff7c	80	47	62187e663900	56
15.444567	1acbacc64870	0	7ce404e1ac80	ab81	15d51	62187e6a02b0	3	ab74	7ffe9f1a8870	0	62187e695740	621878629900	7ce404e1ace0	ffffffffffffffa0	ab80	62187578a010	ab6
15.460144	1acbacd6110a	0	1	1e38	62187e6a02c0	0	62187e6a9000	7f	7ffe9f1a8978	0	62187e6a02c0	62187afd4630	7ce404e1ace0	62187578c428	6218757fa490	ab74	7f
15.469913	73515	36f89	45d8	11	128d66c	6218757ef910	26fc	10000	7ffe9f1a8980	2add	62187583a4a0	62187584fb90	621870dfa490	1290000	1290000	10000	cdd
15.477702	73521	2eab9	45d8	11	162ba0a	6218757ef910	21ae	10000	7ffe9f1a8980	2add	62187583a4a0	62187584fb90	62186ffba490	1620000	1620000	10000	adc
15.483771	73519	6b	45d8	6	1ae5be	6218757ef910	a	10000	7ffe9f1a8980	2add	62187583a4a0	62187584fb90	62187517a490	1b0000	1b0000	10000	165b
15.492960	73519	39faf	45d8	11	27a833	6218757ef910	28dc	10000	7ffe9f1a8980	2add	62187583a4a0	62187584fb90	621874e3a490	280000	280000	10000	15e6
15.501695	1acbacd6110a	0	0	4218	62187e6cb6a0	0	62187e6d2000	7d	7ffe9f1a8978	0	62187e6cb6a0	62187a27ff80	7ce404e1ace0	62187578c428	6218757fa490	ab74	7d
15.507248	7353a	ec3	45d8	b	588c83	6218757ef910	f8	10000	7ffe9f1a8980	2add	62187583a4a0	62187584fb90	6218741fa490	590000	590000	10000	142d
15.519397	734c8	1d389	45d8	10	ab1c48	6218757ef910	1606	10000	7ffe9f1a8980	2add	62187583a4a0	62187584fb90	621872d7a490	ab0000	ab0000	10000	114b
15.532135	73519	33b9	45d8	d	1032511	6218757ef910	2fd	10000	7ffe9f1a8980	2add	62187583a4a0	62187584fb90	62187173a490	1040000	1040000	10000	e2a
15.550640	1acbacd6110a	0	1	9ca8	62187e717130	0	62187e718000	78	7ffe9f1a8978	0	62187e717130	621878872200	7ce404e1ace0	62187578c428	6218757fa490	ab74	78
15.567596	1acbacc64870	0	7ce404e1ac80	ab81	b561	62187e74caa0	3	ab74	7ffe9f1a8870	0	62187e741f30	62187c94fde0	7ce404e1ace0	ffffffffffffffa0	ab80	62187578a010	ab6
15.582645	73529	255f1	45d8	11	1684543	6218757ef910	1b6d	10000	7ffe9f1a8980	2add	62187583a4a0	62187584fb90	62186fe3a490	1680000	1680000	10000	aa6
15.588813	7353a	35	45d8	5	1f9452	6218757ef910	7	10000	7ffe9f1a8980	2add	62187583a4a0	62187584fb90	62187503a490	200000	200000	10000	162e
15.594291	73519	2f	45d8	5	476770	6218757ef910	6	10000	7ffe9f1a8980	2add	62187583a4a0	62187584fb90	62187463a490	480000	480000	10000	14c6
15.601802	1acbacd6110a	0	1	1428	62187e7778b0	0	62187e781000	7e	7ffe9f1a8978	0	62187e7778b0	62187586e310	7ce404e1ace0	62187578c428	6218757fa490	ab74	7e
15.608358	7353a	95	45d8	7	8a4a5b	6218757ef910	f	10000	7ffe9f1a8980	2add	62187583a4a0	62187584fb90	62187357a490	8b0000	8b0000	10000	126b
15.627675	1acbacc64870	0	7ce404e1ac80	ab81	a181	62187e7a2e80	3	ab74	7ffe9f1a8870	0	62187e798310	621875b6e0a0	7ce404e1ace0	ffffffffffffffa0	ab80	62187578a010	ab6
15.633678	7353a	6d	45d8	6	ed7965	6218757ef910	b	10000	7ffe9f1a8980	2add	62187583a4a0	62187584fb90	621871cba490	ee0000	ee0000	10000	ef0
15.656673	1acbacd6110a	0	0	65d8	62187e7b8a60	0	62187e7bd000	7c	7ffe9f1a8978	0	62187e7b8a60	62187afd4630	7ce404e1ace0	62187578c428	6218757fa490	ab74	7c
15.666214	1acbacd6110a	0	0	4cd8	62187e7ce160	0	62187e7d4000	7f	7ffe9f1a8978	0	62187e7ce160	621877b30e10	7ce404e1ace0	62187578c428	6218757fa490	ab74	7f
15.676580	7353a	22db3	45d8	11	22a7c1	6218757ef910	19ca	10000	7ffe9f1a8980	2add	62187583a4a0	62187584fb90	621874f7a490	230000	230000	10000	1613
15.693797	1acbacd6110a	0	1	4658	62187e803ae0	0	62187e80a000	7e	7ffe9f1a8978	0	62187e803ae0	6218786bfcc0	7ce404e1ace0	62187578c428	6218757fa490	ab74	7e
15.703289	7353a	1ec91	45d8	10	acc788	6218757ef910	1713	10000	7ffe9f1a8980	2add	62187583a4a0	62187584fb90	621872cfa490	ad0000	ad0000	10000	1139
15.717752	73515	17b	45d8	8	10f644f	6218757ef910	24	10000	7ffe9f1a8980	2add	62187583a4a0	62187584fb90	62187143a490	1100000	1100000	10000	dbe
15.732905	73515	36e3	45d8	d	125cac3	6218757ef910	32d	10000	7ffe9f1a8980	2add	62187583a4a0	62187584fb90	621870eba490	1260000	1260000	10000	cf8
15.741049	7353a	35	45d8	5	15929b2	6218757ef910	7	10000	7ffe9f1a8980	2add	62187583a4a0	62187584fb90	6218701ba490	15a0000	15a0000	10000	b24
15.751097	1acbacd6110a	0	0	a038	62187e86f4c0	0	62187e870000	7f	7ffe9f1a8978	0	62187e86f4c0	62187ac4d5e0	7ce404e1ace0	62187578c430	6218757fa490	ab74	7f
15.764235	1acbacd6110a	0	0	9738	62187e884bc0	0	62187e886000	7b	7ffe9f1a8978	0	62187e884bc0	62187705c6f0	7ce404e1ace0	62187578c430	6218757fa490	ab74	7b
15.780374	1acbacd6110a	0	1	2e38	62187e89a2c0	0	62187e8a2000	7f	7ffe9f1a8978	0	62187e89a2c0	62187c72aec0	7ce404e1ace0	62187578c428	6218757fa490	ab74	7f
15.802168	1acbacd6110a	0	1	19b8	62187e8a4e40	0	62187e8ae000	7f	7ffe9f1a8978	0	62187e8a4e40	62187578b410	7ce404e1ace0	62187578c430	6218757fa490	ab74	7f
15.819063	1acbacd6110a	0	1	8948	62187e8afdd0	0	62187e8b2000	7f	7ffe9f1a8978	0	62187e8afdd0	62187e238690	7ce404e1ace0	62187578c428	6218757fa490	ab74	7f
15.826372	734d4	6218777894e0	45d8	10	e96a17	6218757ef910	fc5	10000	7ffe9f1a8980	2add	62187583a4a0	62187584fb90	621871dfa490	e90000	e90000	10000	f1d
15.838258	1acbacd6110a	0	1	2f78	62187e8d0400	0	62187e8d8000	7e	7ffe9f1a8978	0	62187e8d0400	62187a418700	7ce404e1ace0	62187578c428	6218757fa490	ab74	7e
15.852613	1acbacc64870	0	7ce404e1ac80	ab81	511	62187e8e5af0	3	ab74	7ffe9f1a8870	0	62187e8daf80	621878629900	7ce404e1ace0	ffffffffffffffa0	ab80	62187578a010	ab6
15.863219	73519	1c447	45d8	10	1523b51	6218757ef910	154f	10000	7ffe9f1a8980	2add	62187583a4a0	62187584fb90	62187037a490	1530000	1530000	10000	b63
15.876689	73f57	2add	621875794ab0	2b82b	22763	2fc71	1546a52	62187e8b1040	7ffe9f1a8980	2fc71	2262	621876035fa0	48b79d109586ff7c	2add	3	2263	14
15.889698	7353a	15b	45d8	8	427326	6218757ef910	21	10000	7ffe9f1a8980	2add	62187583a4a0	62187584fb90	62187477a490	430000	430000	10000	14f3
15.900546	73515	180d7	45d8	10	8f3e58	6218757ef910	1274	10000	7ffe9f1a8980	2add	62187583a4a0	62187584fb90	62187343a490	900000	900000	10000	123e
15.915098	73519	3887f	45d8	11	f6f4e0	6218757ef910	27ff	10000	7ffe9f1a8980	2add	62187583a4a0	62187584fb90	621871a7a490	f70000	f70000	10000	e9f
15.932144	1acbacd6110a	0	1	6b48	62187e910fd0	0	62187e915000	7e	7ffe9f1a8978	0	62187e910fd0	62187586e310	7ce404e1ace0	62187578c428	6218757fa490	ab74	7e
15.939577	73519	1642f	45d8	10	14370da	6218757ef910	1138	10000	7ffe9f1a8980	2add	62187583a4a0	62187584fb90	62187073a490	1440000	1440000	10000	bea
15.954408	1acbacd6110a	0	0	76c8	62187e91bb50	0	62187e91f000	80	7ffe9f1a8978	0	62187e91bb50	62187578b410	7ce404e1ace0	62187578c428	6218757fa490	ab74	80
15.976279	1acbacd6110a	0	0	64c8	62187e946950	0	62187e94b000	7d	7ffe9f1a8978	0	62187e946950	62187647d670	7ce404e1ace0	62187578c428	6218757fa490	ab74	7d
15.990317	1acbacd6110a	0	1	5048	62187e9514d0	0	62187e957000	7e	7ffe9f1a8978	0	62187e9514d0	62187d214f00	7ce404e1ace0	62187578c428	6218757fa490	ab74	7e
16.002756	1acbacd6110a	0	1	6748	62187e966bd0	0	62187e96b000	7f	7ffe9f1a8978	0	62187e966bd0	62187a27ff80	7ce404e1ace0	62187578c428	6218757fa490	ab74	7f
16.017992	1acbacd6110a	0	1	9e48	62187e97c2d0	0	62187e97d000	7f	7ffe9f1a8978	0	62187e97c2d0	62187c94fde0	7ce404e1ace0	62187578c428	6218757fa490	ab74	7f
16.038387	74047	62187e991be0	40	1bd6	621e545e3ef5	62187578a010	7	62187e9055c0	7ffe9f1a8980	6218790c5700	62187d6dfc00	6218783cf0b0	48b79d109586ff7c	40	27	62187e905a80	38
16.048258	1acbacd6110a	0	1	1758	62187e991be0	0	62187e99b000	7f	7ffe9f1a8978	0	62187e991be0	62187647d670	7ce404e1ace0	62187578c428	6218757fa490	ab74	7f
16.061070	7353a	e963	45d8	f	113ce1b	6218757ef910	bdb	10000	7ffe9f1a8980	2add	62187583a4a0	62187584fb90	62187133a490	1140000	1140000	10000	d9a
16.075661	1acbacd6110a	0	1	69d8	62187e9b1e60	0	62187e9b6000	7c	7ffe9f1a8978	0	62187e9b1e60	62187a418700	7ce404e1ace0	62187578c428	6218757fa490	ab74	7c
16.089165	1acbacd6110a	0	1	19d8	62187e9b1e60	0	62187e9bb000	7c	7ffe9f1a8978	0	62187e9b1e60	62187a418700	7ce404e1ace0	62187578c428	6218757fa490	ab74	7c
16.104117	1acbacc64870	0	7ce404e1ac80	ab81	15f31	62187e9d20d0	3	ab74	7ffe9f1a8870	0	62187e9c7560	62187578b410	7ce404e1ace0	ffffffffffffffa0	ab80	62187578a010	ab6
16.126635	1acbacd6110a	0	0	8	62187e9e77e0	0	62187e9e8000	80	7ffe9f1a8978	0	62187e9e77e0	62187e9e8000	206	62187578c428	6218757fa490	ab74	80
16.133391	73519	13c91	45d8	10	211a65	6218757ef910	f8a	10000	7ffe9f1a8980	2add	62187583a4a0	62187584fb90	621874fba490	220000	220000	10000	161c
16.145325	1acbacd6110a	0	1	1038	62187e9fd4c0	0	62187ea07000	7d	7ffe9f1a8978	0	62187e9fd4c0	6218786bfcc0	7ce404e1ace0	62187578c428	6218757fa490	ab74	7d
16.154433	1acbacd60b8a	6218758118e0	5d14	15f50	17450	6218757fb990	621875812de0	5d14	7ffe9f1a8978	6218758118e0	62187583a4a0	62187584fb90	62187353a490	8d0000	8d0000	10000	1259
16.163566	7353a	21713	45d8	11	c62593	6218757ef910	18e9	10000	7ffe9f1a8980	2add	62187583a4a0	62187584fb90	62187267a490	c70000	c70000	10000	104f
16.169171	7353a	2cd1d	45d8	11	ec5894	6218757ef910	207e	10000	7ffe9f1a8980	2add	62187583a4a0	62187584fb90	621871cfa490	ed0000	ed0000	10000	ef9
16.182683	1acbacd6110a	0	1	89b8	62187ea32e40	0	62187ea35000	7d	7ffe9f1a8978	0	62187ea32e40	62187e238690	7ce404e1ace0	62187578c428	6218757fa490	ab74	7d
16.193401	1acbacd6110a	0	1	5e48	62187ea532d0	0	62187ea58000	7c	7ffe9f1a8978	0	62187ea532d0	62187d214f00	7ce404e1ace0	62187578c428	6218757fa490	ab74	7c
16.206843	1acbacc6320b	20fc1	7ce404e1ac80	62187ea68e90	1b1	62187ea69040	7ce404e1ac80	1b0	7ffe9f1a8810	0	0	62187ea69000	206	170	62187ea68e90	1000	1d0
16.215942	73519	3bee5	45d8	11	35b93	6218757ef910	2a19	10000	7ffe9f1a8980	2add	62187583a4a0	62187584fb90	62187573a490	40000	40000	10000	172a
16.221953	73510	1a4dd	45d8	10	139cbc	6218757ef910	13f4	10000	7ffe9f1a8980	2add	62187583a4a0	62187584fb90	62187537a490	130000	130000	10000	16a3
16.229095	73519	124ab	45d8	10	405ebb	6218757ef910	e80	10000	7ffe9f1a8980	2add	62187583a4a0	62187584fb90	6218747fa490	410000	410000	10000	1505
16.245420	1acbacd6110a	0	1	6f58	62187ea893e0	0	62187ea8d000	7e	7ffe9f1a8978	0	62187ea893e0	62187a27ff80	7ce404e1ace0	62187578c428	6218757fa490	ab74	7e
16.262924	1acbacd6110a	0	1	5658	62187ea9eae0	0	62187eaa4000	7f	7ffe9f1a8978	0	62187ea9eae0	62187c72aec0	7ce404e1ace0	62187578c428	6218757fa490	ab74	7f
16.268861	734d9	6218777894e0	45d8	10	c41d1d	6218757ef910	12d4	10000	7ffe9f1a8980	2add	62187583a4a0	62187584fb90	62187273a490	c40000	c40000	10000	106a
16.278038	7353a	69d	45d8	a	1076830	6218757ef910	83	10000	7ffe9f1a8980	2add	62187583a4a0	62187584fb90	62187163a490	1080000	1080000	10000	e06
16.290144	73515	1a89	45d8	c	15b4592	6218757ef910	19f	10000	7ffe9f1a8980	2add	62187583a4a0	62187584fb90	62187013a490	15c0000	15c0000	10000	b12
16.305633	1acbacd6110a	0	0	3588	62187ead4a10	0	62187eadc000	80	7ffe9f1a8978	0	62187ead4a10	6218757ab410	7ce404e1ace0	62187578c428	6218757fa490	ab74	80
16.322562	1acbacd6110a	0	0	4108	62187eadf590	0	62187eae6000	7f	7ffe9f1a8978	0	62187eadf590	62187e238690	7ce404e1ace0	62187578c428	6218757fa490	ab74	7f
16.335487	1acbacd6110a	0	0	4c88	62187eaea110	0	62187eaf0000	76	7ffe9f1a8978	0	62187eaea110	62187afd4630	7ce404e1ace0	62187578c428	6218757fa490	ab74	76
16.355110	1acbacd6110a	0	1	aa88	62187eb14f10	0	62187eb15000	7f	7ffe9f1a8978	0	62187eb14f10	62187c94fde0	7ce404e1ace0	62187578c428	6218757fa490	ab74	7f
16.369585	73519	6b	45d8	6	7e494c	6218757ef910	a	10000	7ffe9f1a8980	2add	62187583a4a0	62187584fb90	62187387a490	7f0000	7f0000	10000	12d7
16.382925	1acbacd6110a	0	1	5608	62187eb1fa90	0	62187eb25000	7f	7ffe9f1a8978	0	62187eb1fa90	62187e906040	7ce404e1ace0	62187578c430	6218757fa490	ab74	7f
16.391670	734d4	6218777894e0	45d8	11	c9da2e	6218757ef910	25fd	10000	7ffe9f1a8980	2add	62187583a4a0	62187584fb90	62187267a490	c70000	c70000	10000	104f
16.408037	1acbacd6110a	0	1	47a8	62187eb4ac30	0	62187eb51000	7e	7ffe9f1a8978	0	62187eb4ac30	62187ac4d5e0	7ce404e1ace0	62187578c428	6218757fa490	ab74	7e
16.421946	7353a	35	45d8	5	126809c	6218757ef910	7	10000	7ffe9f1a8980	2add	62187583a4a0	62187584fb90	621870e7a490	1270000	1270000	10000	cef
16.436344	1acbacd6110a	0	0	8a28	62187eb6aeb0	0	62187eb6d000	7e	7ffe9f1a8978	0	62187eb6aeb0	62187e906040	7ce404e1ace0	62187578c428	6218757fa490	ab74	7e
16.450123	1acbacc64870	0	7ce404e1ac80	ab81	a61	62187eb805a0	3	ab74	7ffe9f1a8870	0	62187eb75a30	62187586e310	7ce404e1ace0	ffffffffffffffa0	ab80	62187578a010	ab6
16.463382	73536	2226b	45d8	11	3b1583	6218757ef910	1957	10000	7ffe9f1a8980	2add	62187583a4a0	62187584fb90	62187493a490	3c0000	3c0000	10000	1532
16.484109	1acbacd6110a	0	1	8ca8	62187eb8b130	0	62187eb8d000	7e	7ffe9f1a8978	0	62187eb8b130	62187a27ff80	7ce404e1ace0	62187578c428	6218757fa490	ab74	7e
16.497415	7353a	29	45d8	5	7c9d6e	6218757ef910	5	10000	7ffe9f1a8980	2add	62187583a4a0	62187584fb90	6218738fa490	7d0000	7d0000	10000	12e9
16.522749	1acbacd6110a	0	1	8e58	62187ebcc2e0	0	62187ebce000	7f	7ffe9f1a8978	0	62187ebcc2e0	621878629900	7ce404e1ace0	62187578c428	6218757fa490	ab74	7f
16.541276	1acbacd6110a	0	1	10d8	62187ebec560	0	62187ebf6000	7f	7ffe9f1a8978	0	62187ebec560	62187ac4d5e0	7ce404e1ace0	62187578c428	6218757fa490	ab74	7f
16.555374	1acbacd6110a	0	1	1c58	62187ebf70e0	0	62187ec00000	7e	7ffe9f1a8978	0	62187ebf70e0	6218757ab410	7ce404e1ace0	62187578c428	6218757fa490	ab74	7e
16.569190	1acbacc629c0	6	20	0	6	62187578a010	7	62187578de60	7ffe9f1a8890	62187578de70	621878fd9170	62187cb28c80	48b79d109586ff7c	7ce404e1ac80	0	6	18
16.583828	1acbacd6110a	0	0	6a58	62187ec21ee0	0	62187ec26000	7e	7ffe9f1a8978	0	62187ec21ee0	62187afd4630	7ce404e1ace0	62187578c430	6218757fa490	ab74	7e
16.597650	1acbacd6110a	0	0	2a58	62187ec21ee0	0	62187ec2a000	7e	7ffe9f1a8978	0	62187ec21ee0	62187afd4630	7ce404e1ace0	62187578c430	6218757fa490	ab74	7e
16.611003	73519	27e99	45d8	11	813b8b	6218757ef910	1d13	10000	7ffe9f1a8980	2add	62187583a4a0	62187584fb90	6218737ba490	820000	820000	10000	12bc
16.623826	7353a	a39	45d8	b	977c56	6218757ef910	b6	10000	7ffe9f1a8980	2add	62187583a4a0	62187584fb90	62187323a490	980000	980000	10000	11f6
16.629956	73519	29	45d8	5	b75c81	6218757ef910	5	10000	7ffe9f1a8980	2add	62187583a4a0	62187584fb90	621872a3a490	b80000	b80000	10000	10d6
16.636010	73519	3f1	45d8	9	da00b2	6218757ef910	54	10000	7ffe9f1a8980	2add	62187583a4a0	62187584fb90	62187217a490	db0000	db0000	10000	f9b
16.654403	1acbacd6110a	0	0	9a78	62187ecadf00	0	62187ecaf000	7e	7ffe9f1a8978	0	62187ecadf00	6218757ab410	7ce404e1ace0	62187578c428	6218757fa490	ab74	7e
16.668539	7353a	2e57	45d8	d	147a070	6218757ef910	2b6	10000	7ffe9f1a8980	2add	62187583a4a0	62187584fb90	62187063a490	1480000	1480000	10000	bc6
16.683272	1acbacd6110a	0	0	85f8	62187ecb8a80	0	62187ecbb000	7f	7ffe9f1a8978	0	62187ecb8a80	62187705c6f0	7ce404e1ace0	62187578c428	6218757fa490	ab74	7f
16.697681	1acbacd6110a	0	0	3008	62187ecc3600	0	62187eccb000	7f	7ffe9f1a8978	0	62187ecc3600	62187ecce000	206	62187578c428	6218757fa490	ab74	7f
16.717599	1acbacd6110a	0	0	3cf8	62187ecce180	0	62187ecd5000	7f	7ffe9f1a8978	0	62187ecce180	62187c72aec0	7ce404e1ace0	62187578c428	6218757fa490	ab74	7f
16.732300	1acbacd6110a	0	0	a878	62187ecd8d00	0	62187ecd9000	7d	7ffe9f1a8978	0	62187ecd8d00	621878629900	7ce404e1ace0	62187578c428	6218757fa490	ab74	7d
16.739709	734d9	6218777894e0	45d8	10	6f2f15	6218757ef910	134c	10000	7ffe9f1a8980	2add	62187583a4a0	62187584fb90	621873c7a490	6f0000	6f0000	10000	1367
16.749121	1acbacc64870	0	7ce404e1ac80	ab81	b01	62187ecee500	3	ab74	7ffe9f1a8870	0	62187ece3990	621878872200	7ce404e1ace0	ffffffffffffffa0	ab80	62187578a010	ab6
16.762338	1acbacd6110a	0	1	2508	62187ece3990	0	62187ecec000	7f	7ffe9f1a8978	0	62187ece3990	621878872200	7ce404e1ace0	62187578c428	6218757fa490	ab74	7f
16.774073	1acbacd610ee	62187ecee8d0	1	62187ecee8c0	62187eceefc0	0	62187eceef88	7f	7ffe9f1a8978	0	62187ecee8d0	62187ecef000	206	62187578c428	6218757fa490	ab74	7f
16.789999	1acbacd6110a	0	1	2448	62187ecee8d0	0	62187ecf7000	7f	7ffe9f1a8978	0	62187ecee8d0	62187a27ff80	7ce404e1ace0	62187578c428	6218757fa490	ab74	7f
16.799258	1acbacd6110a	0	1	8fc8	62187ecf9450	0	62187ecfb000	7f	7ffe9f1a8978	0	62187ecf9450	62187c94fde0	7ce404e1ace0	62187578c428	6218757fa490	ab74	7f
16.815509	1acbacd6110a	0	1	1b48	62187ed03fd0	0	62187ed0d000	7f	7ffe9f1a8978	0	62187ed03fd0	6218786bfcc0	7ce404e1ace0	62187578c428	6218757fa490	ab74	7f
16.835079	1acbacd6110a	0	1	a6c8	62187ed0eb50	0	62187ed0f000	7f	7ffe9f1a8978	0	62187ed0eb50	62187e238690	7ce404e1ace0	62187578c428	6218757fa490	ab74	7f
16.842051	7353a	1f7bf	45d8	10	eae5af	6218757ef910	178f	10000	7ffe9f1a8980	2add	62187583a4a0	62187584fb90	621871d7a490	eb0000	eb0000	10000	f0b
16.852320	7353a	3bc17	45d8	11	137e4ba	6218757ef910	2a00	10000	7ffe9f1a8980	2add	62187583a4a0	62187584fb90	621870a3a490	1380000	1380000	10000	c56
16.862454	73531	21b5d	777	11	16f7a7e	6218757ef910	190b	3601	7ffe9f1a8980	2add	62187583a4a0	62187584fb90	62186fc7a490	16e3601	16e3601	3601	a67
16.875813	1acbacc6320b	20fc1	7ce404e1ac80	62187ed444c0	ab81	62187ed4f040	7ce404e1ac80	ab80	7ffe9f1a8800	0	0	62187ed45000	206	b40	62187ed444c0	1000	aba0
16.884694	1acbacd6110a	0	0	a748	62187ed59bd0	0	62187ed5a000	7f	7ffe9f1a8978	0	62187ed59bd0	62187c72aec0	7ce404e1ace0	62187578c428	6218757fa490	ab74	7f
16.908209	1acbacc64870	0	7ce404e1ac80	ab81	d41	62187ed6f2c0	3	ab74	7ffe9f1a8870	0	62187ed64750	621878629900	7ce404e1ace0	ffffffffffffffa0	ab80	62187578a010	ab6
16.915831	1acbacd6110a	0	1	82c8	62187ed64750	0	62187ed67000	7f	7ffe9f1a8978	0	62187ed64750	621878629900	7ce404e1ace0	62187578c428	6218757fa490	ab74	7f
16.929899	1acbacd6110a	0	1	32c8	62187ed64750	0	62187ed6c000	7f	7ffe9f1a8978	0	62187ed64750	621878629900	7ce404e1ace0	62187578c428	6218757fa490	ab74	7f
16.946691	1acbacd6110a	0	1	4548	62187ed849d0	0	62187ed8b000	7f	7ffe9f1a8978	0	62187ed849d0	62187a27ff80	7ce404e1ace0	62187578c428	6218757fa490	ab74	7f
16.967387	1acbacd6110a	0	1	1008	62187ed8fb00	0	62187ed99000	7f	7ffe9f1a8978	0	62187ed8fb00	62187ed9a000	206	62187578c428	6218757fa490	ab74	7f
16.987681	1acbacd6110a	0	1	2008	62187edb07f0	0	62187edb9000	7f	7ffe9f1a8978	0	62187edb07f0	62187edbb000	206	62187578c428	6218757fa490	ab74	7f
16.993760	73519	ae8f	45d8	f	eebd8e	6218757ef910	926	10000	7ffe9f1a8980	2add	62187583a4a0	62187584fb90	621871c7a490	ef0000	ef0000	10000	ee7
17.001661	7353a	11b	45d8	8	1281289	6218757ef910	1f	10000	7ffe9f1a8980	2add	62187583a4a0	62187584fb90	621870dfa490	1290000	1290000	10000	cdd
17.020061	1acbacd6110a	0	0	25e8	62187edd0a70	0	62187edd9000	7e	7ffe9f1a8978	0	62187edd0a70	62187e238690	7ce404e1ace0	62187578c428	6218757fa490	ab74	7e
17.028286	1acbacc6320b	20ea1	7ce404e1ac80	62187eddb5e0	ab81	62187ede6160	7ce404e1ac80	ab80	7ffe9f1a8800	0	0	62187eddc000	206	a20	62187eddb5e0	1000	aba0
17.035915	7353a	9c65	45d8	f	10a8b8	6218757ef910	841	10000	7ffe9f1a8980	2add	62187583a4a0	62187584fb90	6218753fa490	110000	110000	10000	16b5
17.047965	1acbacd6110a	0	0	5ce8	62187ede6170	0	62187edeb000	7f	7ffe9f1a8978	0	62187ede6170	6218786bfcc0	7ce404e1ace0	62187578c428	6218757fa490	ab74	7f
17.059533	73519	1e44b	45d8	10	35d06e	6218757ef910	16b7	10000	7ffe9f1a8980	2add	62187583a4a0	62187584fb90	621874aba490	360000	360000	10000	1568
17.070964	73536	28c61	45d8	11	861192	6218757ef910	1da6	10000	7ffe9f1a8980	2add	62187583a4a0	62187584fb90	62187367a490	870000	870000	10000	128f
17.079823	73519	c7	45d8	7	c6a734	6218757ef910	14	10000	7ffe9f1a8980	2add	62187583a4a0	62187584fb90	62187267a490	c70000	c70000	10000	104f
17.093864	73519	3551	45d8	d	12bbc62	6218757ef910	312	10000	7ffe9f1a8980	2add	62187583a4a0	62187584fb90	621870d3a490	12c0000	12c0000	10000	cc2
17.100854	73519	2b9d3	45d8	11	15c7e36	6218757ef910	1fb2	10000	7ffe9f1a8980	2add	62187583a4a0	62187584fb90	6218700fa490	15d0000	15d0000	10000	b09
17.107194	73519	62b	45d8	a	1829cc	6218757ef910	7d	10000	7ffe9f1a8980	2add	62187583a4a0	62187584fb90	6218751fa490	190000	190000	10000	166d
17.120308	7353a	6485	45d8	e	77baeb	6218757ef910	586	10000	7ffe9f1a8980	2add	62187583a4a0	62187584fb90	621873a3a490	780000	780000	10000	1316
17.127678	1acbacd60b8a	621875828d30	45d8	8a10	11760	6218758031e0	621875831a80	ba28	7ffe9f1a8978	621875828d30	62187583a4a0	62187584fb90	621872d3a490	ad0000	ad0000	10000	1139
17.137994	734d4	6218777894e0	45d8	11	f61130	6218757ef910	1bcd	10000	7ffe9f1a8980	2add	62187583a4a0	62187584fb90	621871aba490	f60000	f60000	10000	ea8
17.150771	73519	2f045	45d8	11	150e454	6218757ef910	21e3	10000	7ffe9f1a8980	2add	62187583a4a0	62187584fb90	6218703fa490	1510000	1510000	10000	b75
17.156623	73519	35	45d8	5	83ed0	6218757ef910	7	10000	7ffe9f1a8980	2add	62187583a4a0	62187584fb90	6218755fa490	90000	90000	10000	16fd
17.170979	73519	17cb	45d8	c	6fdfdf	6218757ef910	179	10000	7ffe9f1a8980	2add	62187583a4a0	62187584fb90	621873c3a490	700000	700000	10000	135e
17.178655	734c5	c91f	45d8	f	a591ad	6218757ef910	a59	10000	7ffe9f1a8980	2add	62187583a4a0	62187584fb90	621872efa490	a50000	a50000	10000	1181
17.189366	73519	dcbd	45d8	f	f2627f	6218757ef910	b3d	10000	7ffe9f1a8980	2add	62187583a4a0	62187584fb90	621871b7a490	f30000	f30000	10000	ec3
17.198692	7358d	6218757fa490	68f8	11	137500d	6218757ef910	2add	10000	7ffe9f1a8980	2add	62187583a4a0	62187584fb90	621870b3a490	1340000	68f4	10000	0
17.206670	7353a	227cf	45d8	11	16c12ba	6218757ef910	1993	10000	7ffe9f1a8980	2add	62187583a4a0	62187584fb90	62186fcfa490	16d0000	16d0000	10000	a79
17.220896	7353a	f59	45d8	b	6366ee	6218757ef910	ff	10000	7ffe9f1a8980	2add	62187583a4a0	62187584fb90	621873f3a490	640000	640000	10000	13ca
17.235256	73519	191	45d8	8	cc0220	6218757ef910	28	10000	7ffe9f1a8980	2add	62187583a4a0	62187584fb90	6218724fa490	cd0000	cd0000	10000	1019
17.246068	73529	23207	45d8	11	11c1a2a	6218757ef910	19f5	10000	7ffe9f1a8980	2add	62187583a4a0	62187584fb90	62187113a490	11c0000	11c0000	10000	d52
17.258030	72adf	fffffffffffeb918	24e81	0	ffffffffffffffff	ffffffffffffffff	fffffffffffeb918	3abf	7ffe9f1a8980	24e81	0	0	f28ee7e18924b7e1	1b1c	7fffffffffff5648	b17ad3abfa0cb2a2	2add
17.269118	73519	9f5	45d8	b	3b035a	6218757ef910	b1	10000	7ffe9f1a8980	2add	62187583a4a0	62187584fb90	62187493a490	3c0000	3c0000	10000	1532
17.282075	73519	2d49	45d8	d	9aa8e2	6218757ef910	2a5	10000	7ffe9f1a8980	2add	62187583a4a0	62187584fb90	62187317a490	9b0000	9b0000	10000	11db
17.290463	7353a	1df99	45d8	10	d8c9d4	6218757ef910	168a	10000	7ffe9f1a8980	2add	62187583a4a0	62187584fb90	6218721fa490	d90000	d90000	10000	fad
17.303124	7353a	289cd	45d8	11	135aa1a	6218757ef910	1d8b	10000	7ffe9f1a8980	2add	62187583a4a0	62187584fb90	621870aba490	1360000	1360000	10000	c68
17.311196	72b36	fffffffffffea34e	29c99	29c99	ffffffffffff155a	28e8b	1e5e	ff3d	7ffe9f1a8980	29c99	0	0	f28ee7e18924b7e1	1e5e	7fffffffffffe26f	96d54e3fc90b140b	2add
17.325931	7353a	1741	45d8	c	6a108d	6218757ef910	172	10000	7ffe9f1a8980	2add	62187583a4a0	62187584fb90	621873d7a490	6b0000	6b0000	10000	138b
17.333011	73519	6409	45d8	e	9c5e20	6218757ef910	581	10000	7ffe9f1a8980	2add	62187583a4a0	62187584fb90	6218730fa490	9d0000	9d0000	10000	11c9
17.345957	73519	d7cb	45d8	f	fabd2b	6218757ef910	b00	10000	7ffe9f1a8980	2add	62187583a4a0	62187584fb90	62187197a490	fb0000	fb0000	10000	e7b
17.354306	7356f	1111	fb9c	11	138d14c	6218757ef910	2add	10000	7ffe9f1a8980	2add	62187583a4a0	62187584fb90	621870a3a490	1380000	fb98	10000	0
17.364353	7353a	bb2d	45d8	f	10c72e	6218757ef910	9b9	10000	7ffe9f1a8980	2add	62187583a4a0	62187584fb90	6218753fa490	110000	110000	10000	16b5
17.371181	73515	37ceb	45d8	11	3f9067	6218757ef910	2783	10000	7ffe9f1a8980	2add	62187583a4a0	62187584fb90	62187483a490	400000	400000	10000	150e
17.378375	7353a	abd	45d8	b	760114	6218757ef910	c1	10000	7ffe9f1a8980	2add	62187583a4a0	62187584fb90	621873a7a490	770000	770000	10000	131f
17.385420	73519	337	45d8	9	a91207	6218757ef910	49	10000	7ffe9f1a8980	2add	62187583a4a0	62187584fb90	621872dba490	aa0000	aa0000	10000	1154
17.395563	1acbacd60b8a	621875805eb8	2e8a	8040	ba28	6218757fde78	6218758098a0	2e8a	7ffe9f1a8978	621875805eb8	62187583a4a0	62187584fb90	621871b3a490	f50000	f50000	10000	eb1
17.408428	73519	445	45d8	a	15249e0	6218757ef910	5d	10000	7ffe9f1a8980	2add	62187583a4a0	62187584fb90	62187037a490	1530000	1530000	10000	b63
17.420097	73515	d3	45d8	7	3566cb	6218757ef910	15	10000	7ffe9f1a8980	2add	62187583a4a0	62187584fb90	621874aba490	360000	360000	10000	1568
17.432929	73519	1da61	45d8	10	9327f8	6218757ef910	164f	10000	7ffe9f1a8980	2add	62187583a4a0	62187584fb90	62187333a490	940000	940000	10000	121a
17.446510	7353a	5315	45d8	e	f646a8	6218757ef910	4ad	10000	7ffe9f1a8980	2add	62187583a4a0	62187584fb90	621871a7a490	f70000	f70000	10000	e9f
17.455912	73510	2f627	45d8	11	13bdfbf	6218757ef910	221f	10000	7ffe9f1a8980	2add	62187583a4a0	62187584fb90	62187097a490	13b0000	13b0000	10000	c3b
17.469360	7353a	e76b	45d8	f	28a0aa	6218757ef910	bbe	10000	7ffe9f1a8980	2add	62187583a4a0	62187584fb90	621874dfa490	290000	290000	10000	15dd
17.484440	1acbacd60b8a	6218758118e0	5d14	149b0	17450	6218757fcf30	621875814380	5d14	7ffe9f1a8978	6218758118e0	62187583a4a0	62187584fb90	62187353a490	8d0000	8d0000	10000	1259
17.499441	73519	2b9b5	45d8	11	eb8bef	6218757ef910	1fb0	10000	7ffe9f1a8980	2add	62187583a4a0	62187584fb90	621871d3a490	ec0000	ec0000	10000	f02
17.506084	7352d	2204b	45d8	11	11b430a	6218757ef910	193e	10000	7ffe9f1a8980	2add	62187583a4a0	62187584fb90	62187117a490	11b0000	11b0000	10000	d5b
17.518638	73519	27299	45d8	11	d3f2	6218757ef910	1c8a	10000	7ffe9f1a8980	2add	62187583a4a0	62187584fb90	6218757fa490	10000	10000	10000	1745
17.528601	7358d	6218757fa490	6510	11	435e30	6218757ef910	2add	10000	7ffe9f1a8980	2add	62187583a4a0	62187584fb90	62187483a490	400000	650c	10000	0
17.537878	734c8	25bfb	45d8	11	80bdca	6218757ef910	1ba7	10000	7ffe9f1a8980	2add	62187583a4a0	62187584fb90	62187383a490	800000	800000	10000	12ce
17.551306	73519	173b1	45d8	10	df7a3b	6218757ef910	11db	10000	7ffe9f1a8980	2add	62187583a4a0	62187584fb90	62187203a490	e00000	e00000	10000	f6e
17.564545	1acbacd60b8a	621875805eb8	2e8a	61e0	ba28	6218757ffcd8	62187580b700	2e8a	7ffe9f1a8978	621875805eb8	62187583a4a0	62187584fb90	621870c3a490	1310000	1310000	10000	c95
17.574004	72bb1	3b	6bb	62187779ebd0	3b	2f2	86	3f4	7ffe9f1a8980	6bb	0	1e51d	f28ee7e18924b7e1	86	800000000000c093	5751fe3f547d9a2e	2add
17.579862	7353a	21bc5	45d8	11	252737	6218757ef910	1911	10000	7ffe9f1a8980	2add	62187583a4a0	62187584fb90	621874eba490	260000	260000	10000	15f8
17.590769	73519	29ed	45d8	d	742730	6218757ef910	278	10000	7ffe9f1a8980	2add	62187583a4a0	62187584fb90	621873afa490	750000	750000	10000	1331
17.604442	7353a	35	45d8	5	c9c763	6218757ef910	7	10000	7ffe9f1a8980	2add	62187583a4a0	62187584fb90	6218725ba490	ca0000	ca0000	10000	1034
17.618356	1acbacd60b8a	6218758118e0	5d14	116d0	17450	621875800210	621875817660	5d14	7ffe9f1a8978	6218758118e0	62187583a4a0	62187584fb90	621870c7a490	1300000	1300000	10000	c9e
17.631028	73519	5cf	45d8	a	1756db	6218757ef910	75	10000	7ffe9f1a8980	2add	62187583a4a0	62187584fb90	62187523a490	180000	180000	10000	1676
17.637925	7353a	25eeb	45d8	11	4752a8	6218757ef910	1bc6	10000	7ffe9f1a8980	2add	62187583a4a0	62187584fb90	62187463a490	480000	480000	10000	14c6
17.645155	1acbacd60b8a	6218758118e0	5d14	143d0	17450	6218757fd510	621875814960	5d14	7ffe9f1a8978	6218758118e0	fffffffff7bdf020	62187584fb90	62187393a490	7d0000	7d0000	10000	12e9
17.655456	73587	6218757fa490	1df4	11	c8b74b	6218757ef910	2add	10000	7ffe9f1a8980	2add	62187583a4a0	62187584fb90	6218726fa490	c50000	1df0	10000	0
17.669501	73519	2204b	45d8	11	12c5c14	6218757ef910	193e	10000	7ffe9f1a8980	2add	62187583a4a0	62187584fb90	621870cfa490	12d0000	12d0000	10000	cb9
17.675120	1acbacc639e8	62187578d670	7ce404e1ac80	62187f198ac0	7ce404e1ad10	7ce404e1ad00	7ce404e1ac88	21	7ffe9f1a8730	d3	15	7	48b79d109586ff7c	6218783cf0a0	30	3	20
17.681165	7353a	409	45d8	a	a8aef	6218757ef910	57	10000	7ffe9f1a8980	2add	62187583a4a0	62187584fb90	62187557a490	b0000	b0000	10000	16eb
17.695740	7353a	4d41	45d8	e	73ce7d	6218757ef910	45c	10000	7ffe9f1a8980	2add	62187583a4a0	62187584fb90	621873b3a490	740000	740000	10000	133a
17.703417	734c5	212db	45d8	11	acee34	6218757ef910	18b9	10000	7ffe9f1a8980	2add	62187583a4a0	62187584fb90	621872d3a490	ac0000	ac0000	10000	1142
17.716950	73519	35	45d8	5	10ecb86	6218757ef910	7	10000	7ffe9f1a8980	2add	62187583a4a0	62187584fb90	62187147a490	10f0000	10f0000	10000	dc7
17.725433	7359e	ffff	93c4	11	14e8a26	6218757ef910	2add	10000	7ffe9f1a8980	2add	62187583a4a0	62187584fb90	62187053a490	14c0000	93c0	10000	0
17.740045	73596	6218757fa490	9d34	11	47ee96	6218757ef910	2add	10000	7ffe9f1a8980	2add	62187583a4a0	62187584fb90	6218746ba490	460000	9d30	10000	0
17.750039	73f45	2add	621875794ab0	11617	8c4d60	31b6b	5264	62187f5d8440	7ffe9f1a8980	31ac3	2391	621877ce9a10	48b79d109586ff7c	2add	16	2392	26
17.760002	7359a	6218757fa490	2ad4	11	d511cf	6218757ef910	2add	10000	7ffe9f1a8980	2add	62187583a4a0	62187584fb90	62187233a490	d40000	2ad0	10000	0
17.773036	7353a	29e21	45d8	11	1349bda	6218757ef910	1e70	10000	7ffe9f1a8980	2add	62187583a4a0	62187584fb90	621870afa490	1350000	1350000	10000	c71
17.786746	73519	1908b	45d8	10	26506d	6218757ef910	131d	10000	7ffe9f1a8980	2add	62187583a4a0	62187584fb90	621874e7a490	270000	270000	10000	15ef
17.796881	7353a	cb3	45d8	b	6fcd65	6218757ef910	d9	10000	7ffe9f1a8980	2add	62187583a4a0	62187584fb90	621873c3a490	700000	700000	10000	135e
17.803310	73519	1d75	45d8	c	9cfa62	6218757ef910	1c4	10000	7ffe9f1a8980	2add	62187583a4a0	62187584fb90	6218730fa490	9d0000	9d0000	10000	11c9
17.816798	7353a	1d27b	45d8	10	feefbd	6218757ef910	15f7	10000	7ffe9f1a8980	2add	62187583a4a0	62187584fb90	62187187a490	ff0000	ff0000	10000	e57
17.827099	7352d	2824d	45d8	11	145ab16	6218757ef910	1d3f	10000	7ffe9f1a8980	2add	62187583a4a0	62187584fb90	62187073a490	1440000	1440000	10000	bea
17.887938	1acbacd6110a	0	0	3aa8	62187f6d7f30	0	62187f6df000	7e	7ffe9f1a8978	0	62187f6d7f30	621878872200	7ce404e1ace0	62187578c428	6218757fa490	ab74	7e
17.897378	734e3	2add	45d8	11	1093fc	6218757ef910	2ad3	10000	7ffe9f1a8980	2add	62187583a4a0	62187584fb90	6218754fa490	d0000	d0000	10000	16d9
17.911658	73529	13e9b	45d8	10	6f175c	6218757ef910	fa2	10000	7ffe9f1a8980	2add	62187583a4a0	62187584fb90	621873c7a490	6f0000	6f0000	10000	1367
17.920034	84b7a	1	2	1	62187f6ec800	62187f6eba50	1f	40	7ffe9f1a88a8	621877961b60	621879a64f60	62187578bb60	48b79d109586ff7c	62187578bb60	62187578bb68	22a4	6218580ea2a8
17.932012	7353a	35	45d8	5	1009829	6218757ef910	7	10000	7ffe9f1a8980	2add	62187583a4a0	62187584fb90	6218717fa490	1010000	1010000	10000	e45
17.943276	73519	4bbb	45d8	e	1503c48	6218757ef910	443	10000	7ffe9f1a8980	2add	62187583a4a0	62187584fb90	6218703fa490	1510000	1510000	10000	b75
17.954504	7353a	1b145	45d8	10	2d33f8	6218757ef910	1472	10000	7ffe9f1a8980	2add	62187583a4a0	62187584fb90	621874cba490	2e0000	2e0000	10000	15b0
17.961302	7352d	35a65	45d8	11	5f64c4	6218757ef910	262a	10000	7ffe9f1a8980	2add	62187583a4a0	62187584fb90	62187407a490	5f0000	5f0000	10000	13f7
17.970792	73519	43	45d8	6	a439d0	6218757ef910	8	10000	7ffe9f1a8980	2add	62187583a4a0	62187584fb90	621872efa490	a50000	a50000	10000	1181
17.982463	73519	29	45d8	5	e20eff	6218757ef910	5	10000	7ffe9f1a8980	2add	fffffffff7bde1c8	62187584fb90	621871f7a490	e30000	e30000	10000	f53
17.995695	1acbacd6110a	0	0	5f28	62187f85c3b0	0	62187f861000	7d	7ffe9f1a8978	0	62187f85c3b0	62187e906040	7ce404e1ace0	62187578c428	6218757fa490	ab74	7d
18.002580	1acbacd60b8a	6218758001a4	1745	298	5d14	6218757fff0c	621875805c20	1745	7ffe9f1a8978	6218758001a4	62187583a4a0	62187584fb90	62186fdfa490	16a0000	16a0000	10000	a94
18.016882	73519	476f	45d8	e	5a252b	6218757ef910	414	10000	7ffe9f1a8980	2add	62187583a4a0	62187584fb90	62187417a490	5b0000	5b0000	10000	141b
18.028680	7353a	89	45d8	7	aa1627	6218757ef910	e	10000	7ffe9f1a8980	2add	62187583a4a0	62187584fb90	621872d7a490	ab0000	ab0000	10000	114b
18.037901	734d9	6218777894e0	45d8	e	e51231	6218757ef910	564	10000	7ffe9f1a8980	2add	62187583a4a0	62187584fb90	621871efa490	e50000	e50000	10000	f41
18.043926	7353a	481	45d8	a	10fbeae	6218757ef910	61	10000	7ffe9f1a8980	2add	62187583a4a0	62187584fb90	62187143a490	1100000	1100000	10000	dbe
18.053382	1acbacd60b8a	6218758118e0	5d14	4310	17450	62187580d5d0	621875824a20	5d14	7ffe9f1a8978	6218758118e0	fffffffff7bdd1c0	62187b2834c0	b	1550000	1550000	10000	b51
18.061881	7353a	80cb	45d8	f	1a3677	6218757ef910	6e7	10000	7ffe9f1a8980	2add	62187583a4a0	62187584fb90	62187517a490	1b0000	1b0000	10000	165b
18.075135	73573	db84	db80	11	780f87	6218757ef910	2add	10000	7ffe9f1a8980	2add	62187583a4a0	62187584fb90	621873a7a490	770000	db7c	10000	0
18.085422	7353a	3597d	45d8	11	bf3b53	6218757ef910	2622	10000	7ffe9f1a8980	2add	62187583a4a0	62187584fb90	62187283a490	c00000	c00000	10000	108e
18.093383	73519	35405	45d8	11	f7e487	6218757ef910	25e6	10000	7ffe9f1a8980	2add	62187583a4a0	62187584fb90	621871a3a490	f80000	f80000	10000	e96
18.101060	734c5	20315	45d8	11	12d6787	6218757ef910	1813	10000	7ffe9f1a8980	2add	62187583a4a0	62187584fb90	621870cfa490	12d0000	12d0000	10000	cb9
18.110988	7353a	30c8b	45d8	11	16a5c6d	6218757ef910	2305	10000	7ffe9f1a8980	2add	62187583a4a0	62187584fb90	62186fd7a490	16b0000	16b0000	10000	a8b
18.117052	7353a	654b	45d8	e	236212	6218757ef910	58f	10000	7ffe9f1a8980	2add	62187583a4a0	62187584fb90	621874f3a490	240000	240000	10000	160a
18.128112	73519	11905	45d8	10	74dd58	6218757ef910	e02	10000	7ffe9f1a8980	2add	62187583a4a0	62187584fb90	621873afa490	750000	750000	10000	1331
18.139430	7353a	2b57d	45d8	11	c55af5	6218757ef910	1f7f	10000	7ffe9f1a8980	2add	62187583a4a0	62187584fb90	6218726ba490	c60000	c60000	10000	1058
18.151679	7353a	113ab	45d8	10	11e413d	6218757ef910	dbc	10000	7ffe9f1a8980	2add	62187583a4a0	62187584fb90	62187107a490	11f0000	11f0000	10000	d37
18.158834	7353a	29	45d8	5	1511afd	6218757ef910	5	10000	7ffe9f1a8980	2add	62187583a4a0	62187584fb90	6218703ba490	1520000	1520000	10000	b6c
18.164601	73519	6b9f	45d8	e	7ef53	6218757ef910	5df	10000	7ffe9f1a8980	2add	62187583a4a0	62187584fb90	62187563a490	80000	80000	10000	1706
18.171524	73540	107	45d8	8	380779	6218757ef910	1c	10000	7ffe9f1a8980	2add	62187583a4a0	62187584fb90	6218749fa490	390000	390000	10000	154d
18.183469	73519	2b99	45d8	d	85f14b	6218757ef910	28d	10000	7ffe9f1a8980	2add	62187583a4a0	62187584fb90	6218736ba490	860000	860000	10000	1298
18.195899	7356f	1111	faf0	11	dc25fe	6218757ef910	2add	10000	7ffe9f1a8980	2add	62187583a4a0	62187584fb90	62187213a490	dc0000	faec	10000	0
18.209458	734d4	6218777894e0	45d8	11	13c5743	6218757ef910	2764	10000	7ffe9f1a8980	2add	62187583a4a0	62187584fb90	6218709ba490	13a0000	13a0000	10000	c44
18.217663	734c5	2089d	45d8	11	1d56c	6218757ef910	1850	10000	7ffe9f1a8980	2add	62187583a4a0	62187584fb90	6218757fa490	10000	10000	10000	1745
18.230026	7353a	29	45d8	5	5dbe92	6218757ef910	5	10000	7ffe9f1a8980	2add	62187583a4a0	62187584fb90	6218740ba490	5e0000	5e0000	10000	1400
18.242125	7357c	64c0	64bc	11	ba699b	6218757ef910	2add	10000	7ffe9f1a8980	2add	62187583a4a0	62187584fb90	621872a3a490	b80000	64b8	10000	0
18.255396	73587	6218757fa490	d498	62187578c420	119c698	6218757ef910	2add	0	7ffe9f1a8980	2add	62187583a4a0	62187584fb90	62187127a490	1170000	d494	10000	1
18.264078	7353a	2d341	45d8	11	1528843	6218757ef910	20be	10000	7ffe9f1a8980	2add	62187583a4a0	62187584fb90	62187037a490	1530000	1530000	10000	b63
18.271254	1acbacd60b8a	6218758001a4	1745	898	5d14	6218757ff90c	621875805620	1745	7ffe9f1a8978	6218758001a4	62187583a4a0	62187584fb90	6218753ba490	130000	130000	10000	16a3
18.277638	7353a	50b	45d8	a	3ff2bc	6218757ef910	69	10000	7ffe9f1a8980	2add	62187583a4a0	62187584fb90	62187483a490	400000	400000	10000	150e
18.289064	73519	33e51	45d8	11	943267	6218757ef910	2504	10000	7ffe9f1a8980	2add	62187583a4a0	62187584fb90	6218732fa490	950000	950000	10000	1211
18.297587	734cf	bdef	45d8	f	d432c7	6218757ef910	9d9	10000	7ffe9f1a8980	2add	62187583a4a0	62187584fb90	62187233a490	d40000	d40000	10000	fda
18.311928	7353a	21f53	45d8	11	13e9f5d	6218757ef910	1934	10000	7ffe9f1a8980	2add	62187583a4a0	62187584fb90	62187087a490	13f0000	13f0000	10000	c17
18.323553	734f5	2add	45d8	11	22036b	6218757ef910	24da	10000	7ffe9f1a8980	2add	62187583a4a0	62187584fb90	62187503a490	200000	200000	10000	162e
18.333298	7353a	4393	45d8	e	63dc9a	6218757ef910	3de	10000	7ffe9f1a8980	2add	62187583a4a0	62187584fb90	621873f3a490	640000	640000	10000	13ca
18.347111	7353a	1da4d	45d8	10	c36a58	6218757ef910	164d	10000	7ffe9f1a8980	2add	62187583a4a0	62187584fb90	62187273a490	c40000	c40000	10000	106a
18.354533	73519	5f11	45d8	e	f74e3b	6218757ef910	54c	10000	7ffe9f1a8980	2add	62187583a4a0	62187584fb90	621871a3a490	f80000	f80000	10000	e96
18.367564	73540	a67	45d8	b	14b399d	6218757ef910	b8	10000	7ffe9f1a8980	2add	62187583a4a0	62187584fb90	62187053a490	14c0000	14c0000	10000	ba2
18.376419	73515	2dc11	45d8	11	1946f1	6218757ef910	211f	10000	7ffe9f1a8980	2add	62187583a4a0	62187584fb90	6218751ba490	1a0000	1a0000	10000	1664
18.385192	7353a	43	45d8	6	563806	6218757ef910	8	10000	7ffe9f1a8980	2add	62187583a4a0	62187584fb90	62187427a490	570000	570000	10000	143f
18.399512	7353a	2f	45d8	5	b124a0	6218757ef910	6	10000	7ffe9f1a8980	2add	62187583a4a0	62187584fb90	621872bba490	b20000	b20000	10000	110c
18.411373	73573	9e48	9e44	11	1089a5e	6218757ef910	2add	10000	7ffe9f1a8980	2add	62187583a4a0	62187584fb90	62187167a490	1070000	9e40	10000	0
18.421746	73519	1127	45d8	c	153bcee	6218757ef910	119	10000	7ffe9f1a8980	2add	62187583a4a0	62187584fb90	62187033a490	1540000	1540000	10000	b5a
18.430381	7359a	6218757fa490	1a60	11	2082f7	6218757ef910	2add	10000	7ffe9f1a8980	2add	62187583a4a0	62187584fb90	62187507a490	1f0000	1a5c	10000	0
18.441266	7353a	259ab	45d8	11	6f7483	6218757ef910	1b8f	10000	7ffe9f1a8980	2add	62187583a4a0	62187584fb90	621873c3a490	700000	700000	10000	135e
18.451127	73519	1ef1f	45d8	10	b7740b	6218757ef910	1732	10000	7ffe9f1a8980	2add	62187583a4a0	62187584fb90	621872a3a490	b80000	b80000	10000	10d6
18.457775	73519	2e85	45d8	d	e347cb	6218757ef910	2b9	10000	7ffe9f1a8980	2add	62187583a4a0	62187584fb90	621871f3a490	e40000	e40000	10000	f4a
18.468510	73536	244d	45d8	d	12e224c	6218757ef910	221	10000	7ffe9f1a8980	2add	62187583a4a0	62187584fb90	621870c7a490	12f0000	12f0000	10000	ca7
18.481228	7356f	1111	d930	11	18208f	6218757ef910	2add	10000	7ffe9f1a8980	2add	62187583a4a0	62187584fb90	6218752fa490	150000	d92c	10000	0
18.489670	73519	95	45d8	7	5149b7	6218757ef910	f	10000	7ffe9f1a8980	2add	62187583a4a0	62187584fb90	6218743ba490	520000	520000	10000	146c
18.496562	1acbacc65416	0	ffffffffffffff68	621e5dcbf0f5	62187c4c6a10	62187578a010	7	0	7ffe9f1a8950	621879ae5d20	621879ae5d20	62187c4c6a20	48b79d109586ff7c	2add	57	cd	62
18.509117	73515	15e0b	45d8	10	dc705b	6218757ef910	10f8	10000	7ffe9f1a8980	2add	62187583a4a0	62187584fb90	6218720fa490	dd0000	dd0000	10000	f89
18.517810	7353a	14b	45d8	8	1194d18	6218757ef910	20	10000	7ffe9f1a8980	2add	62187583a4a0	62187584fb90	6218711ba490	11a0000	11a0000	10000	d64
18.524996	7353a	2b1d5	45d8	11	14cbd1d	6218757ef910	1f54	10000	7ffe9f1a8980	2add	62187583a4a0	62187584fb90	6218704fa490	14d0000	14d0000	10000	b99
18.532752	73519	21cbb	45d8	11	116622	6218757ef910	191c	10000	7ffe9f1a8980	2add	62187583a4a0	62187584fb90	6218753ba490	120000	120000	10000	16ac
18.546333	73519	29	45d8	5	73cb01	6218757ef910	5	10000	7ffe9f1a8980	2add	fffffffff7bdf164	62187584fb90	621873b3a490	740000	740000	10000	133a
18.557090	734cf	2cd3b	45d8	11	b1daf5	6218757ef910	2081	10000	7ffe9f1a8980	2add	62187583a4a0	62187584fb90	621872c3a490	b00000	b00000	10000	111e
18.567488	73ec8	2add	621875794ab0	62187779ebd0	a01f	0	0	62187fedbcd0	7ffe9f1a8980	29fe9	1e86	621876035fa0	48b79d109586ff7c	2add	13	1e87	25
18.573694	7353a	99b	45d8	b	1245837	6218757ef910	ac	10000	7ffe9f1a8980	2add	62187583a4a0	62187584fb90	621870efa490	1250000	1250000	10000	d01
18.587950	7359e	ffff	6e08	11	1cda09	6218757ef910	2add	10000	7ffe9f1a8980	2add	62187583a4a0	62187584fb90	62187513a490	1c0000	6e04	10000	0
18.593168	73519	3058f	45d8	11	41ad7b	6218757ef910	22c4	10000	7ffe9f1a8980	2add	62187583a4a0	62187584fb90	6218747ba490	420000	420000	10000	14fc
18.601973	7353a	925	45d8	b	76b77d	6218757ef910	a7	10000	7ffe9f1a8980	2add	62187583a4a0	62187584fb90	621873a7a490	770000	770000	10000	131f
18.609296	73504	2b337	45d8	11	ac79e1	6218757ef910	1f62	10000	7ffe9f1a8980	2add	62187583a4a0	62187584fb90	621872d7a490	ab0000	ab0000	10000	114b
18.623194	7353a	d84d	45d8	f	fce7d7	6218757ef910	b07	10000	7ffe9f1a8980	2add	62187583a4a0	62187584fb90	6218718fa490	fd0000	fd0000	10000	e69
18.629224	7357c	84a8	84a4	11	127de67	6218757ef910	2add	10000	7ffe9f1a8980	2add	62187583a4a0	62187584fb90	621870eba490	1260000	84a0	10000	0
18.636997	73519	335	45d8	9	15f0e06	6218757ef910	48	10000	7ffe9f1a8980	2add	62187583a4a0	62187584fb90	62187003a490	1600000	1600000	10000	aee
18.646933	73519	198af	45d8	10	33d221	6218757ef910	136f	10000	7ffe9f1a8980	2add	62187583a4a0	62187584fb90	621874b3a490	340000	340000	10000	157a
18.659141	73519	1ec4f	45d8	10	8fa0a5	6218757ef910	170e	10000	7ffe9f1a8980	2add	62187583a4a0	62187584fb90	62187343a490	900000	900000	10000	123e
18.668886	7352d	37757	45d8	11	c6ea91	6218757ef910	2747	10000	7ffe9f1a8980	2add	62187583a4a0	62187584fb90	6218726fa490	c50000	c50000	10000	1061
18.676195	73519	16aff	45d8	10	f9f401	6218757ef910	1187	10000	7ffe9f1a8980	2add	62187583a4a0	62187584fb90	6218719ba490	fa0000	fa0000	10000	e84
18.688075	7359a	6218757fa490	b21c	11	1432a54	6218757ef910	2add	10000	7ffe9f1a8980	2add	62187583a4a0	62187584fb90	62187077a490	1430000	b218	10000	0
18.702635	73519	2328d	45d8	11	2f1e1e	6218757ef910	19f7	10000	7ffe9f1a8980	2add	62187583a4a0	62187584fb90	621874c3a490	300000	300000	10000	159e
18.711062	7356f	1111	6794	11	709c63	6218757ef910	2add	10000	7ffe9f1a8980	2add	62187583a4a0	62187584fb90	621873cfa490	6d0000	6790	10000	0
18.725568	7353a	1e45d	45d8	10	d1a287	6218757ef910	16b9	10000	7ffe9f1a8980	2add	62187583a4a0	62187584fb90	6218723ba490	d20000	d20000	10000	fec
18.735334	7353a	3145f	45d8	11	11aab37	6218757ef910	2349	10000	7ffe9f1a8980	2add	62187583a4a0	62187584fb90	62187117a490	11b0000	11b0000	10000	d5b
18.742965	7357f	890c	8908	11	1557b8f	6218757ef910	2add	10000	7ffe9f1a8980	2add	62187583a4a0	62187584fb90	6218703ba490	1520000	8908	10000	0
18.754240	73519	25f	45d8	9	301f4d	6218757ef910	38	10000	7ffe9f1a8980	2add	62187583a4a0	62187584fb90	621874bfa490	310000	310000	10000	1595
18.768327	73519	14e67	45d8	10	936d6b	6218757ef910	104e	10000	7ffe9f1a8980	2add	62187583a4a0	62187584fb90	62187333a490	940000	940000	10000	121a
18.774313	73519	1d39	45d8	c	b4f692	6218757ef910	1c2	10000	7ffe9f1a8980	2add	62187583a4a0	62187584fb90	621872afa490	b50000	b50000	10000	10f1
18.782026	7359e	ffff	6454	11	eb454d	6218757ef910	2add	10000	7ffe9f1a8980	2add	62187583a4a0	62187584fb90	621871d7a490	eb0000	6450	10000	0
18.789491	73519	329	45d8	9	11da8f9	6218757ef910	46	10000	7ffe9f1a8980	2add	62187583a4a0	62187584fb90	6218710ba490	11e0000	11e0000	10000	d40
18.796649	7356f	1111	809c	11	1524354	6218757ef910	2add	10000	7ffe9f1a8980	2add	62187583a4a0	62187584fb90	62187043a490	1500000	8098	10000	0
18.808626	73519	4aed	45d8	e	1d24c7	6218757ef910	439	10000	7ffe9f1a8980	2add	62187583a4a0	62187584fb90	6218750ba490	1e0000	1e0000	10000	1640
18.815480	73519	282a1	45d8	11	4c61df	6218757ef910	1d45	10000	7ffe9f1a8980	2add	62187583a4a0	62187584fb90	6218744fa490	4d0000	4d0000	10000	1499
18.822116	7359a	6218757fa490	4db0	11	7f98ef	6218757ef910	2add	10000	7ffe9f1a8980	2add	62187583a4a0	62187584fb90	6218738fa490	7d0000	4dac	10000	0
18.834809	734d9	6218777894e0	45d8	f	d70d3a	6218757ef910	764	10000	7ffe9f1a8980	2add	62187583a4a0	62187584fb90	62187227a490	d70000	d70000	10000	fbf
18.841656	7352d	33a0d	45d8	11	108ff76	6218757ef910	24de	10000	7ffe9f1a8980	2add	62187583a4a0	62187584fb90	62187167a490	1070000	1070000	10000	e0f
18.851761	7359a	6218757fa490	fb00	11	14d94fd	6218757ef910	2add	10000	7ffe9f1a8980	2add	62187583a4a0	62187584fb90	62187057a490	14b0000	fafc	10000	0
18.862575	1acbacc64870	0	7ce404e1ac80	ab81	451	6218801dcbb0	3	ab74	7ffe9f1a8870	0	6218801d2040	621877b30e10	7ce404e1ace0	ffffffffffffffa0	ab80	62187578a010	ab6
18.871743	7353a	31ced	45d8	11	6ae43a	6218757ef910	23a2	10000	7ffe9f1a8980	2add	62187583a4a0	62187584fb90	621873d7a490	6b0000	6b0000	10000	138b
18.884214	734d9	6218777894e0	45d8	10	c60e8e	6218757ef910	14dd	10000	7ffe9f1a8980	2add	62187583a4a0	62187584fb90	6218726ba490	c60000	c60000	10000	1058
18.890735	73536	1c46f	45d8	10	f3bbc4	6218757ef910	1550	10000	7ffe9f1a8980	2add	62187583a4a0	62187584fb90	621871b3a490	f40000	f40000	10000	eba
18.902826	7353a	371a1	45d8	11	145665c	6218757ef910	2715	10000	7ffe9f1a8980	2add	62187583a4a0	62187584fb90	6218706ba490	1460000	1460000	10000	bd8
18.916740	7353a	71	45d8	6	2aeea7	6218757ef910	c	10000	7ffe9f1a8980	2add	62187583a4a0	62187584fb90	621874d7a490	2b0000	2b0000	10000	15cb
18.926235	7352d	23687	45d8	11	6c30bc	6218757ef910	1a23	10000	7ffe9f1a8980	2add	62187583a4a0	62187584fb90	621873d7a490	6b0000	6b0000	10000	138b
18.939415	73519	43	45d8	6	bfd942	6218757ef910	8	10000	7ffe9f1a8980	2add	62187583a4a0	62187584fb90	62187283a490	c00000	c00000	10000	108e
18.945559	73519	2f9	45d8	9	e357c0	6218757ef910	42	10000	7ffe9f1a8980	2add	62187583a4a0	62187584fb90	621871f3a490	e40000	e40000	10000	f4a
18.958599	73519	107	45d8	8	142cfae	6218757ef910	1c	10000	7ffe9f1a8980	2add	62187583a4a0	62187584fb90	62187077a490	1430000	1430000	10000	bf3
18.968579	1acbacd60b8a	6218758118e0	5d14	84f0	17450	6218758093f0	621875820840	5d14	7ffe9f1a8978	6218758118e0	62187583a4a0	62187584fb90	6218752ba490	170000	170000	10000	167f
18.975054	73519	8f5	45d8	b	44636d	6218757ef910	a5	10000	7ffe9f1a8980	2add	62187583a4a0	62187584fb90	6218746fa490	450000	450000	10000	14e1
18.986388	73587	6218757fa490	cd0c	11	96821a	6218757ef910	2add	10000	7ffe9f1a8980	2add	62187583a4a0	62187584fb90	62187337a490	930000	cd08	10000	0
18.995465	73519	4fd	45d8	a	d45aec	6218757ef910	67	10000	7ffe9f1a8980	2add	62187583a4a0	62187584fb90	6218722fa490	d50000	d50000	10000	fd1
19.001658	73519	29	45d8	5	101f512	6218757ef910	5	10000	7ffe9f1a8980	2add	62187583a4a0	62187584fb90	6218717ba490	1020000	1020000	10000	e3c
19.011918	73515	2df97	45d8	11	1443d46	6218757ef910	2137	10000	7ffe9f1a8980	2add	62187583a4a0	62187584fb90	6218706fa490	1450000	1450000	10000	be1
19.025628	734db	6218777894e0	45d8	11	338083	6218757ef910	1920	10000	7ffe9f1a8980	2add	62187583a4a0	62187584fb90	621874b7a490	330000	330000	10000	1583
19.036950	73519	7393	45d8	e	81ec88	6218757ef910	647	10000	7ffe9f1a8980	2add	62187583a4a0	62187584fb90	6218737ba490	820000	820000	10000	12bc
19.044748	73501	189dd	45d8	10	b8c910	6218757ef910	12cd	10000	7ffe9f1a8980	2add	62187583a4a0	62187584fb90	621872a3a490	b80000	b80000	10000	10d6
19.054961	7353a	1a11	45d8	c	ffb47c	6218757ef910	197	10000	7ffe9f1a8980	2add	62187583a4a0	62187584fb90	62187183a490	1000000	1000000	10000	e4e
19.067682	73582	190	190	11	160c5a0	6218757ef910	2add	10000	7ffe9f1a8980	2add	62187583a4a0	62187584fb90	6218700fa490	15d0000	18c	10000	0
19.079050	1acbacd60b8a	621875828d30	45d8	ded0	11760	6218757fdd20	62187582c5c0	ba28	7ffe9f1a8978	621875828d30	62187583a4a0	62187584fb90	6218748fa490	3e0000	3e0000	10000	1520
19.092604	73519	107	45d8	8	a0ac27	6218757ef910	1c	10000	7ffe9f1a8980	2add	62187583a4a0	62187584fb90	621872ffa490	a10000	a10000	10000	11a5
19.101919	7359a	6218757fa490	f160	11	e71211	6218757ef910	2add	10000	7ffe9f1a8980	2add	62187583a4a0	62187584fb90	621871f3a490	e40000	f15c	10000	0
19.110312	73519	2659	45d8	d	11f9a4b	6218757ef910	23f	10000	7ffe9f1a8980	2add	62187583a4a0	62187584fb90	62187103a490	1200000	1200000	10000	d2e
19.124634	1acbacc651fd	62188041fbd0	ffffffffffffffa0	6	62187578a010	62188041f560	1f	100	7ffe9f1a8820	62187cb28c80	62187578e0c0	621878b633a0	48b79d109586ff7c	f	621878b633a0	100	1
19.137749	73519	1ac9	45d8	c	736730	6218757ef910	1a1	10000	7ffe9f1a8980	2add	62187583a4a0	62187584fb90	621873b3a490	740000	740000	10000	133a
19.148166	73573	36b4	36b0	11	c038cc	6218757ef910	2add	10000	7ffe9f1a8980	2add	62187583a4a0	62187584fb90	62187287a490	bf0000	36ac	10000	0
19.156401	7353a	565	45d8	a	fb1c32	6218757ef910	6e	10000	7ffe9f1a8980	2add	62187583a4a0	62187584fb90	62187193a490	fc0000	fc0000	10000	e72
19.162990	7353a	277	45d8	9	12b18a9	6218757ef910	3a	10000	7ffe9f1a8980	2add	62187583a4a0	62187584fb90	621870d3a490	12c0000	12c0000	10000	cc2
19.175548	73519	29	45d8	5	14ce76	6218757ef910	5	10000	7ffe9f1a8980	2add	62187583a4a0	62187584fb90	6218752fa490	150000	150000	10000	1691
19.181270	73519	1f463	45d8	10	3cca27	6218757ef910	176b	10000	7ffe9f1a8980	2add	62187583a4a0	62187584fb90	6218748fa490	3d0000	3d0000	10000	1529
19.191860	7353a	1bb51	45d8	10	8aea8a	6218757ef910	14e9	10000	7ffe9f1a8980	2add	62187583a4a0	62187584fb90	62187357a490	8b0000	8b0000	10000	126b
19.202368	7353a	2f1cb	45d8	11	cb1120	6218757ef910	21f5	10000	7ffe9f1a8980	2add	62187583a4a0	62187584fb90	62187253a490	cc0000	cc0000	10000	1022
19.209285	734d9	6218777894e0	45d8	11	1005bc8	6218757ef910	1828	10000	7ffe9f1a8980	2add	62187583a4a0	62187584fb90	62187183a490	1000000	1000000	10000	e4e
19.220049	7356f	1111	bdfc	11	14db915	6218757ef910	2add	10000	7ffe9f1a8980	2add	62187583a4a0	62187584fb90	6218704fa490	14d0000	bdf8	10000	0
19.230098	73519	3b9	45d8	9	213e31	6218757ef910	51	10000	7ffe9f1a8980	2add	62187583a4a0	62187584fb90	621874fba490	220000	220000	10000	161c
19.243547	734c5	21523	45d8	11	83ff22	6218757ef910	18d2	10000	7ffe9f1a8980	2add	62187583a4a0	62187584fb90	62187377a490	830000	830000	10000	12b3
19.256276	73519	135a9	45d8	10	dde85f	6218757ef910	f37	10000	7ffe9f1a8980	2add	62187583a4a0	62187584fb90	6218720ba490	de0000	de0000	10000	f80
19.263470	734e3	2add	45d8	11	10f104b	6218757ef910	29ae	10000	7ffe9f1a8980	2add	62187583a4a0	62187584fb90	62187147a490	10f0000	10f0000	10000	dc7
19.272998	7353a	61	45d8	6	14b08af	6218757ef910	9	10000	7ffe9f1a8980	2add	62187583a4a0	62187584fb90	62187053a490	14c0000	14c0000	10000	ba2
19.286122	7353a	8c89	45d8	f	35d6ba	6218757ef910	780	10000	7ffe9f1a8980	2add	62187583a4a0	62187584fb90	621874aba490	360000	360000	10000	1568
19.295237	73515	28345	45d8	11	753e8a	6218757ef910	1d4d	10000	7ffe9f1a8980	2add	62187583a4a0	62187584fb90	621873aba490	760000	760000	10000	1328
19.301985	7353a	3b977	45d8	11	a342be	6218757ef910	29dd	10000	7ffe9f1a8980	2add	62187583a4a0	62187584fb90	621872f3a490	a40000	a40000	10000	118a
19.309290	73519	7c9	45d8	a	d7371b	6218757ef910	92	10000	7ffe9f1a8980	2add	62187583a4a0	62187584fb90	62187223a490	d80000	d80000	10000	fb6
19.316858	73519	ad	45d8	7	10e6097	6218757ef910	13	10000	7ffe9f1a8980	2add	62187583a4a0	62187584fb90	62187147a490	10f0000	10f0000	10000	dc7
19.328416	73519	19859	45d8	10	15fd8a5	6218757ef910	136b	10000	7ffe9f1a8980	2add	62187583a4a0	62187584fb90	62187003a490	1600000	1600000	10000	aee
19.338989	734fd	6218757af8f0	45d8	11	3932d9	6218757ef910	2528	10000	7ffe9f1a8980	2add	62187583a4a0	62187584fb90	6218749fa490	390000	390000	10000	154d
19.346541	734c1	327e3	45d8	11	73b369	6218757ef910	2415	10000	7ffe9f1a8980	2add	62187583a4a0	62187584fb90	621873bfa490	710000	710000	10000	1355
19.352496	73519	29	45d8	5	9a2ed1	6218757ef910	5	10000	7ffe9f1a8980	2add	62187583a4a0	62187584fb90	62187317a490	9b0000	9b0000	10000	11db
19.367594	73519	1d04d	45d8	10	1097fdf	6218757ef910	15dc	10000	7ffe9f1a8980	2add	62187583a4a0	62187584fb90	6218715ba490	10a0000	10a0000	10000	df4
19.374081	734d9	6218777894e0	45d8	5	13a0020	6218757ef910	6	10000	7ffe9f1a8980	2add	62187583a4a0	62187584fb90	6218709ba490	13a0000	13a0000	10000	c44
19.385593	73519	4c73	45d8	e	1b178c	6218757ef910	44e	10000	7ffe9f1a8980	2add	62187583a4a0	62187584fb90	62187513a490	1c0000	1c0000	10000	1652
19.393998	73519	26ef	45d8	d	5a85a5	6218757ef910	24a	10000	7ffe9f1a8980	2add	62187583a4a0	62187584fb90	62187417a490	5b0000	5b0000	10000	141b
19.400394	7353a	2a5b3	45d8	11	8321bd	6218757ef910	1ec6	10000	7ffe9f1a8980	2add	62187583a4a0	62187584fb90	62187373a490	840000	840000	10000	12aa
19.411973	73519	d99f	45d8	f	d79a0d	6218757ef910	b14	10000	7ffe9f1a8980	2add	62187583a4a0	62187584fb90	62187223a490	d80000	d80000	10000	fb6
19.423944	73515	2facd	45d8	11	12f3a0f	6218757ef910	2256	10000	7ffe9f1a8980	2add	62187583a4a0	62187584fb90	621870c3a490	1300000	1300000	10000	c9e
19.431718	734c1	2376b	45d8	11	167a71a	6218757ef910	1a30	10000	7ffe9f1a8980	2add	62187583a4a0	62187584fb90	62186fe7a490	1670000	1670000	10000	aaf
19.443080	73519	366c7	45d8	11	461588	6218757ef910	26a6	10000	7ffe9f1a8980	2add	62187583a4a0	62187584fb90	62187467a490	470000	470000	10000	14cf
19.453435	73519	30c83	45d8	11	7d2096	6218757ef910	2303	10000	7ffe9f1a8980	2add	62187583a4a0	62187584fb90	6218738ba490	7e0000	7e0000	10000	12e0
19.465584	1acbacd60b8a	621875805eb8	2e8a	8c0	ba28	6218758055f8	621875811020	2e8a	7ffe9f1a8978	621875805eb8	62187afd1ae0	62187c8595e8	d	cf0000	cf0000	10000	1007
19.478316	73ec8	2add	621875794ab0	62187779ebd0	af1d	0	0	621880811ce0	7ffe9f1a8980	18289	1286	621879ae5d20	48b79d109586ff7c	2add	28	1287	34
19.489359	73f5f	2add	621875794ab0	829a	16d72	240e9	0	621880813c20	7ffe9f1a8980	240e9	1a9d	621878fd9170	48b79d109586ff7c	2add	4	1a9e	15
19.497237	73519	15c1	45d8	c	24f08e	6218757ef910	15c	10000	7ffe9f1a8980	2add	62187583a4a0	62187584fb90	621874efa490	250000	250000	10000	1601
19.504708	73519	3972b	45d8	11	5ab787	6218757ef910	2885	10000	7ffe9f1a8980	2add	62187583a4a0	62187584fb90	62187417a490	5b0000	5b0000	10000	141b
19.510876	1acbacd60b8a	6218758118e0	5d14	1250	17450	621875810690	621875827ae0	5d14	7ffe9f1a8978	6218758118e0	62187583a4a0	62187584fb90	6218736ba490	870000	870000	10000	128f
19.518827	7356f	1111	d134	11	bd8247	6218757ef910	2add	10000	7ffe9f1a8980	2add	62187583a4a0	62187584fb90	6218728fa490	bd0000	d130	10000	0
19.533163	7353a	396eb	45d8	11	123ac80	6218757ef910	2883	10000	7ffe9f1a8980	2add	62187583a4a0	62187584fb90	621870f3a490	1240000	1240000	10000	d0a
19.541887	7353a	2036b	45d8	11	15f37ad	6218757ef910	1816	10000	7ffe9f1a8980	2add	62187583a4a0	62187584fb90	62187003a490	1600000	1600000	10000	aee
19.550257	73519	a3	45d8	7	25c40b	6218757ef910	11	10000	7ffe9f1a8980	2add	62187583a4a0	62187584fb90	621874eba490	260000	260000	10000	15f8
19.564049	73519	19ee5	45d8	10	8866d6	6218757ef910	13af	10000	7ffe9f1a8980	2add	62187583a4a0	62187584fb90	6218735fa490	890000	890000	10000	127d
19.572436	7353a	61	45d8	6	c5653d	6218757ef910	9	10000	7ffe9f1a8980	2add	62187583a4a0	62187584fb90	6218726ba490	c60000	c60000	10000	1058
19.578919	73519	2aaaf	45d8	11	f23e4e	6218757ef910	1eff	10000	7ffe9f1a8980	2add	62187583a4a0	62187584fb90	621871b7a490	f30000	f30000	10000	ec3
19.594046	7353a	6b	45d8	6	161255b	6218757ef910	a	10000	7ffe9f1a8980	2add	62187583a4a0	62187584fb90	62186ffba490	1620000	1620000	10000	adc
19.606249	734c8	364c3	45d8	11	4a2bff	6218757ef910	2696	10000	7ffe9f1a8980	2add	62187583a4a0	62187584fb90	62187463a490	480000	480000	10000	14c6
19.611692	7353a	449	45d8	a	6e1228	6218757ef910	5e	10000	7ffe9f1a8980	2add	62187583a4a0	62187584fb90	621873c7a490	6f0000	6f0000	10000	1367
19.622415	1acbacd60b8a	621875805eb8	2e8a	1d60	ba28	621875804158	62187580fb80	2e8a	7ffe9f1a8978	621875805eb8	62187583a4a0	62187584fb90	62187297a490	bc0000	bc0000	10000	10b2
19.628310	73536	2d48b	45d8	11	e3c543	6218757ef910	20c7	10000	7ffe9f1a8980	2add	62187583a4a0	62187584fb90	621871f3a490	e40000	e40000	10000	f4a
19.635154	73519	41b	45d8	a	1123c72	6218757ef910	58	10000	7ffe9f1a8980	2add	62187583a4a0	62187584fb90	62187137a490	1130000	1130000	10000	da3
19.647475	73540	6d	45d8	6	16ac041	6218757ef910	b	10000	7ffe9f1a8980	2add	62187583a4a0	62187584fb90	62186fd7a490	16b0000	16b0000	10000	a8b
19.660588	73519	b477	45d8	f	55c167	6218757ef910	96c	10000	7ffe9f1a8980	2add	62187583a4a0	62187584fb90	6218742ba490	560000	560000	10000	1448
19.669780	7353a	83	45d8	7	94bf26	6218757ef910	d	10000	7ffe9f1a8980	2add	62187583a4a0	62187584fb90	6218732fa490	950000	950000	10000	1211
19.681205	73519	71	45d8	6	de730d	6218757ef910	c	10000	7ffe9f1a8980	2add	62187583a4a0	62187584fb90	62187207a490	df0000	df0000	10000	f77
19.691750	73587	6218757fa490	d664	11	12b9c79	6218757ef910	2add	10000	7ffe9f1a8980	2add	62187583a4a0	62187584fb90	621870e3a490	1280000	d660	10000	0
19.706170	734d4	6218777894e0	45d8	11	1d71b9	6218757ef910	205c	10000	7ffe9f1a8980	2add	62187583a4a0	62187584fb90	62187517a490	1b0000	1b0000	10000	165b
19.718231	73519	1fb6d	45d8	10	6b6b1b	6218757ef910	17ba	10000	7ffe9f1a8980	2add	62187583a4a0	62187584fb90	621873d3a490	6c0000	6c0000	10000	1382
19.728497	7357c	b514	b510	11	b989f3	6218757ef910	2add	10000	7ffe9f1a8980	2add	62187583a4a0	62187584fb90	621872aba490	b60000	b50c	10000	0
19.734566	7353a	4a9	45d8	a	de42bc	6218757ef910	63	10000	7ffe9f1a8980	2add	62187583a4a0	62187584fb90	62187207a490	df0000	df0000	10000	f77
19.740283	73515	18daf	45d8	10	107463c	6218757ef910	12f9	10000	7ffe9f1a8980	2add	62187583a4a0	62187584fb90	62187163a490	1080000	1080000	10000	e06
19.747675	73521	1aba9	45d8	10	13e0d28	6218757ef910	143d	10000	7ffe9f1a8980	2add	62187583a4a0	62187584fb90	6218708ba490	13e0000	13e0000	10000	c20
19.758288	73519	4c8d	45d8	e	f4793	6218757ef910	450	10000	7ffe9f1a8980	2add	62187583a4a0	62187584fb90	62187543a490	100000	100000	10000	16be
19.769974	73519	43	45d8	6	4fc30a	6218757ef910	8	10000	7ffe9f1a8980	2add	62187583a4a0	62187584fb90	62187443a490	500000	500000	10000	147e
19.784277	7353a	19c13	45d8	10	b51301	6218757ef910	1394	10000	7ffe9f1a8980	2add	62187583a4a0	62187584fb90	621872aba490	b60000	b60000	10000	10e8
19.792509	73519	51b	45d8	a	efd2bf	6218757ef910	6b	10000	7ffe9f1a8980	2add	62187583a4a0	62187584fb90	621871c3a490	f00000	f00000	10000	ede
19.805164	7352d	19acf	45d8	10	1450d17	6218757ef910	1383	10000	7ffe9f1a8980	2add	62187583a4a0	62187584fb90	6218706fa490	1450000	1450000	10000	be1
19.816588	73519	11c5	45d8	c	22128c	6218757ef910	125	10000	7ffe9f1a8980	2add	62187583a4a0	62187584fb90	621874f7a490	230000	230000	10000	1613
19.830456	7353a	391d	45d8	d	87f217	6218757ef910	34e	10000	7ffe9f1a8980	2add	62187583a4a0	62187584fb90	62187363a490	880000	880000	10000	1286
19.843846	1acbacd60b8a	621875805eb8	2e8a	8860	ba28	6218757fd658	621875809080	2e8a	7ffe9f1a8978	621875805eb8	fffffffff7bde114	62187584fb90	621871e7a490	e80000	e80000	10000	f26
19.852793	73519	29	45d8	5	11bcfc3	6218757ef910	5	10000	7ffe9f1a8980	2add	62187583a4a0	62187584fb90	62187113a490	11c0000	11c0000	10000	d52
19.866856	7353a	a7	45d8	7	da3e3	6218757ef910	12	10000	7ffe9f1a8980	2add	62187583a4a0	62187584fb90	6218754ba490	e0000	e0000	10000	16d0
19.877177	73519	1675	45d8	c	582039	6218757ef910	166	10000	7ffe9f1a8980	2add	62187583a4a0	62187584fb90	6218741fa490	590000	590000	10000	142d
19.882534	73529	25441	45d8	11	7f1dcb	6218757ef910	1b54	10000	7ffe9f1a8980	2add	62187583a4a0	62187584fb90	62187387a490	7f0000	7f0000	10000	12d7
19.895652	7353a	95	45d8	7	db457d	6218757ef910	f	10000	7ffe9f1a8980	2add	62187583a4a0	62187584fb90	62187213a490	dc0000	dc0000	10000	f92
19.909381	734f5	2add	45d8	11	140a726	6218757ef910	239b	10000	7ffe9f1a8980	2add	62187583a4a0	62187584fb90	62187083a490	1400000	1400000	10000	c0e
19.915423	73519	95	45d8	7	16dcca7	6218757ef910	f	10000	7ffe9f1a8980	2add	62187583a4a0	62187584fb90	62186fcba490	16e0000	16e0000	10000	a70
19.920628	1acbacc63f93	3	7ce404e1ac80	2	621879bc81c0	4	2	7ce404e1acf0	7ffe9f1a8870	0	0	62187578bb50	7ce404e1ace0	ffffffffffffffa0	ab80	62187578a010	ab6
19.926281	7353a	d3	45d8	7	48f443	6218757ef910	15	10000	7ffe9f1a8980	2add	62187583a4a0	62187584fb90	6218745fa490	490000	490000	10000	14bd
19.935800	7353a	a6c9	45d8	f	8c7508	6218757ef910	8cd	10000	7ffe9f1a8980	2add	62187583a4a0	62187584fb90	6218734fa490	8d0000	8d0000	10000	1259
19.943080	7353a	39575	45d8	11	c11006	6218757ef910	2874	10000	7ffe9f1a8980	2add	62187583a4a0	62187584fb90	6218727ba490	c20000	c20000	10000	107c
19.951394	734c1	2c41	45d8	d	fd280c	6218757ef910	296	10000	7ffe9f1a8980	2add	62187583a4a0	62187584fb90	6218718fa490	fd0000	fd0000	10000	e69
19.957929	7353a	124bd	45d8	10	12c9e67	6218757ef910	e82	10000	7ffe9f1a8980	2add	62187583a4a0	62187584fb90	621870cfa490	12d0000	12d0000	10000	cb9
19.963843	7351c	43	45d8	6	1566bb6	6218757ef910	8	10000	7ffe9f1a8980	2add	62187583a4a0	62187584fb90	62187027a490	1570000	1570000	10000	b3f
19.975850	73519	317f	45d8	d	3ddae3	6218757ef910	2e3	10000	7ffe9f1a8980	2add	62187583a4a0	62187584fb90	6218748ba490	3e0000	3e0000	10000	1520
19.989619	734d4	6218777894e0	45d8	11	a5afc3	6218757ef910	26bc	10000	7ffe9f1a8980	2add	62187583a4a0	62187584fb90	621872f7a490	a30000	a30000	10000	1193
20.000450	7353a	9445	45d8	f	f1b576	6218757ef910	7e1	10000	7ffe9f1a8980	2add	62187583a4a0	62187584fb90	621871bba490	f20000	f20000	10000	ecc
20.011397	7353a	1b59	45d8	c	14223de	6218757ef910	1aa	10000	7ffe9f1a8980	2add	62187583a4a0	62187584fb90	62187077a490	1430000	1430000	10000	bf3
20.018580	7353a	29	45d8	5	31780	6218757ef910	5	10000	7ffe9f1a8980	2add	62187583a4a0	62187584fb90	62187573a490	40000	40000	10000	172a
20.030943	73519	2162f	45d8	11	408e25	6218757ef910	18de	10000	7ffe9f1a8980	2add	62187583a4a0	62187584fb90	6218747fa490	410000	410000	10000	1505
20.038826	7353a	6d	45d8	6	7802b5	6218757ef910	b	10000	7ffe9f1a8980	2add	62187583a4a0	62187584fb90	6218739fa490	790000	790000	10000	130d
20.049257	7357f	6c0	6bc	11	c4c28a	6218757ef910	2add	10000	7ffe9f1a8980	2add	62187583a4a0	62187584fb90	6218727ba490	c20000	6bc	10000	0
20.058739	7353a	97	45d8	7	10765be	6218757ef910	10	10000	7ffe9f1a8980	2add	62187583a4a0	62187584fb90	62187163a490	1080000	1080000	10000	e06
20.069492	7356f	1111	c590	11	15986cd	6218757ef910	2add	10000	7ffe9f1a8980	2add	62187583a4a0	62187584fb90	6218702ba490	1560000	c58c	10000	0
20.082768	73519	663b	45d8	e	4000a0	6218757ef910	599	10000	7ffe9f1a8980	2add	62187583a4a0	62187584fb90	6218747fa490	410000	410000	10000	1505
20.096661	7353a	2171f	45d8	11	a3ef55	6218757ef910	18eb	10000	7ffe9f1a8980	2add	62187583a4a0	62187584fb90	621872f3a490	a40000	a40000	10000	118a
20.105224	73519	33c3d	45d8	11	df6239	6218757ef910	24f0	10000	7ffe9f1a8980	2add	62187583a4a0	62187584fb90	62187203a490	e00000	e00000	10000	f6e
20.116396	1acbacd60b8a	621875828d30	45d8	10950	11760	6218757fb2a0	621875829b40	ba28	7ffe9f1a8978	621875828d30	62187583a4a0	62187584fb90	621870b7a490	1340000	1340000	10000	c7a
20.126517	73519	18ac7	45d8	10	a41d1	6218757ef910	12d8	10000	7ffe9f1a8980	2add	62187583a4a0	62187584fb90	62187557a490	b0000	b0000	10000	16eb
20.139204	73540	3d7	45d8	9	689007	6218757ef910	52	10000	7ffe9f1a8980	2add	62187583a4a0	62187584fb90	621873dfa490	690000	690000	10000	139d
20.152219	73596	6218757fa490	388c	11	c931f5	6218757ef910	2add	10000	7ffe9f1a8980	2add	62187583a4a0	62187584fb90	62187267a490	c70000	3888	10000	0
20.162998	73519	29e9	45d8	d	1142bd2	6218757ef910	277	10000	7ffe9f1a8980	2add	62187583a4a0	62187584fb90	6218712fa490	1150000	1150000	10000	d91
20.169035	73519	178af	45d8	10	14039f1	6218757ef910	121b	10000	7ffe9f1a8980	2add	62187583a4a0	62187584fb90	6218707fa490	1410000	1410000	10000	c05
20.177888	73504	1210f	45d8	10	da883	6218757ef910	e55	10000	7ffe9f1a8980	2add	62187583a4a0	62187584fb90	6218754fa490	d0000	d0000	10000	16d9
20.191173	73582	7cc0	7cc0	11	655060	6218757ef910	2add	10000	7ffe9f1a8980	2add	62187583a4a0	62187584fb90	621873f3a490	640000	7cbc	10000	0
20.202700	73519	1a69	45d8	c	b6477c	6218757ef910	19c	10000	7ffe9f1a8980	2add	62187583a4a0	62187584fb90	621872a7a490	b70000	b70000	10000	10df
20.210839	7353a	2cd29	45d8	11	efe657	6218757ef910	207f	10000	7ffe9f1a8980	2add	62187583a4a0	62187584fb90	621871c3a490	f00000	f00000	10000	ede
20.224884	73587	6218757fa490	2b44	11	155a11b	6218757ef910	2add	10000	7ffe9f1a8980	2add	62187583a4a0	62187584fb90	6218702fa490	1550000	2b40	10000	0
20.239384	73515	6d	45d8	6	4ac4b6	6218757ef910	b	10000	7ffe9f1a8980	2add	62187583a4a0	62187584fb90	62187457a490	4b0000	4b0000	10000	14ab
20.253197	73519	185	45d8	8	ada7ec	6218757ef910	26	10000	7ffe9f1a8980	2add	62187583a4a0	62187584fb90	621872cba490	ae0000	ae0000	10000	1130
20.265698	73519	137b	45d8	c	f111fb	6218757ef910	13b	10000	7ffe9f1a8980	2add	62187583a4a0	62187584fb90	621871bba490	f20000	f20000	10000	ecc
20.275754	73519	61	45d8	6	139357d	6218757ef910	9	10000	7ffe9f1a8980	2add	62187583a4a0	62187584fb90	6218709ba490	13a0000	13a0000	10000	c44
20.282615	1acbacd60b8a	6218758118e0	5d14	89d0	17450	621875808f10	621875820360	5d14	7ffe9f1a8978	6218758118e0	fffffffff7bdd0a0	62187584fb90	62187013a490	15d0000	15d0000	10000	b09
20.296074	73519	95	45d8	7	4b4552	6218757ef910	f	10000	7ffe9f1a8980	2add	62187583a4a0	62187584fb90	62187453a490	4c0000	4c0000	10000	14a2
20.310068	73515	3551	45d8	d	b00497	6218757ef910	312	10000	7ffe9f1a8980	2add	62187583a4a0	62187584fb90	621872bfa490	b10000	b10000	10000	1115
20.320628	73536	e5	45d8	7	f2010c	6218757ef910	18	10000	7ffe9f1a8980	2add	62187583a4a0	62187584fb90	621871b7a490	f30000	f30000	10000	ec3
20.331572	7352d	a1c3	45d8	f	139407b	6218757ef910	886	10000	7ffe9f1a8980	2add	62187583a4a0	62187584fb90	6218709fa490	1390000	1390000	10000	c4d
20.340087	73519	2f	45d8	5	16de05a	6218757ef910	6	10000	7ffe9f1a8980	2add	62187583a4a0	62187584fb90	62186fcba490	16e0000	16e0000	10000	a70
20.348931	7353a	29	45d8	5	3427bb	6218757ef910	5	10000	7ffe9f1a8980	2add	62187583a4a0	62187584fb90	621874afa490	350000	350000	10000	1571
20.357592	7353a	313ed	45d8	11	732442	6218757ef910	2342	10000	7ffe9f1a8980	2add	62187583a4a0	62187584fb90	621873b3a490	740000	740000	10000	133a
20.368967	73519	18125	45d8	10	c383e6	6218757ef910	1277	10000	7ffe9f1a8980	2add	62187583a4a0	62187584fb90	62187273a490	c40000	c40000	10000	106a
20.379694	1acbacd60b8a	6218758118e0	5d14	3e90	17450	62187580da50	621875824ea0	5d14	7ffe9f1a8978	6218758118e0	62187583a4a0	62187584fb90	62187147a490	1100000	1100000	10000	dbe
20.393470	7353a	281	45d8	9	2a468	6218757ef910	3b	10000	7ffe9f1a8980	2add	62187583a4a0	62187584fb90	62187577a490	30000	30000	10000	1733
20.399882	73519	581	45d8	a	254f85	6218757ef910	6f	10000	7ffe9f1a8980	2add	62187583a4a0	62187584fb90	621874eba490	260000	260000	10000	15f8
20.414774	73519	1d395	45d8	10	84f8d9	6218757ef910	1607	10000	7ffe9f1a8980	2add	62187583a4a0	62187584fb90	6218736fa490	850000	850000	10000	12a1
20.423797	7353a	3b785	45d8	11	bc5b63	6218757ef910	29cb	10000	7ffe9f1a8980	2add	62187583a4a0	62187584fb90	6218728fa490	bd0000	bd0000	10000	10a9
20.438783	73519	11d25	45d8	10	1269cf0	6218757ef910	e2f	10000	7ffe9f1a8980	2add	62187583a4a0	62187584fb90	621870e7a490	1270000	1270000	10000	cef
20.446257	1acbacd60b8a	621875828d30	45d8	11d0	11760	62187580aa20	6218758392c0	ba28	7ffe9f1a8978	621875828d30	fffffffff7bdd0e8	62187584fb90	6218701ba490	15b0000	15b0000	10000	b1b
20.453100	73515	e5	45d8	7	1afd61	6218757ef910	18	10000	7ffe9f1a8980	2add	62187583a4a0	62187584fb90	62187517a490	1b0000	1b0000	10000	165b
20.459557	73519	7861	45d8	e	488bb3	6218757ef910	67b	10000	7ffe9f1a8980	2add	62187583a4a0	62187584fb90	6218745fa490	490000	490000	10000	14bd
20.465737	7353a	43	45d8	6	7453af	6218757ef910	8	10000	7ffe9f1a8980	2add	62187583a4a0	62187584fb90	621873afa490	750000	750000	10000	1331
20.474440	73501	32a61	45d8	11	b3f423	6218757ef910	2432	10000	7ffe9f1a8980	2add	62187583a4a0	62187584fb90	621872bfa490	b10000	b10000	10000	1115
20.479668	734d9	6218777894e0	45d8	11	d6358f	6218757ef910	2964	10000	7ffe9f1a8980	2add	62187583a4a0	62187584fb90	6218722fa490	d50000	d50000	10000	fd1
20.489272	73519	d3	45d8	7	119053a	6218757ef910	15	10000	7ffe9f1a8980	2add	62187583a4a0	62187584fb90	6218711ba490	11a0000	11a0000	10000	d64
20.498859	73510	5a67	45d8	e	15e2e05	6218757ef910	512	10000	7ffe9f1a8980	2add	62187583a4a0	62187584fb90	62187007a490	15f0000	15f0000	10000	af7
20.508773	73587	6218757fa490	3cd4	11	34c957	6218757ef910	2add	10000	7ffe9f1a8980	2add	62187583a4a0	62187584fb90	621874b3a490	340000	3cd0	10000	0
20.517020	7353a	6b	45d8	6	6e869a	6218757ef910	a	10000	7ffe9f1a8980	2add	62187583a4a0	62187584fb90	621873c7a490	6f0000	6f0000	10000	1367
20.529711	7353a	de7	45d8	b	b5b5d1	6218757ef910	eb	10000	7ffe9f1a8980	2add	62187583a4a0	62187584fb90	621872aba490	b60000	b60000	10000	10e8
20.543609	73519	6b	45d8	6	113e1c1	6218757ef910	a	10000	7ffe9f1a8980	2add	62187583a4a0	62187584fb90	62187133a490	1140000	1140000	10000	d9a
20.558436	7353a	2b721	45d8	11	b39ae	6218757ef910	1f8f	10000	7ffe9f1a8980	2add	62187583a4a0	62187584fb90	62187553a490	c0000	c0000	10000	16e2
20.572988	73519	43	45d8	6	77e915	6218757ef910	8	10000	7ffe9f1a8980	2add	62187583a4a0	62187584fb90	621873a3a490	780000	780000	10000	1316
20.579458	73519	97	45d8	7	a71283	6218757ef910	10	10000	7ffe9f1a8980	2add	62187583a4a0	62187584fb90	621872e3a490	a80000	a80000	10000	1166
20.593428	734f5	2add	45d8	11	10f30d3	6218757ef910	1e42	10000	7ffe9f1a8980	2add	62187583a4a0	62187584fb90	62187147a490	10f0000	10f0000	10000	dc7
20.601569	1acbacd60b8a	621875828d30	45d8	f3f0	11760	6218757fc800	62187582b0a0	ba28	7ffe9f1a8978	621875828d30	fffffffff7be3060	62187584fb90	6218705fa490	14a0000	14a0000	10000	bb4
20.613605	73519	1cd	45d8	8	30cdb9	6218757ef910	2c	10000	7ffe9f1a8980	2add	62187583a4a0	62187584fb90	621874bfa490	310000	310000	10000	1595
20.618937	73519	18221	45d8	10	57b75c	6218757ef910	1281	10000	7ffe9f1a8980	2add	62187583a4a0	62187584fb90	62187423a490	580000	580000	10000	1436
20.629630	7353a	2f	45d8	5	a459cd	6218757ef910	6	10000	7ffe9f1a8980	2add	62187583a4a0	62187584fb90	621872efa490	a50000	a50000	10000	1181
20.639160	734fd	6218757af8f0	45d8	10	ea8624	6218757ef910	1483	10000	7ffe9f1a8980	2add	62187583a4a0	62187584fb90	621871dfa490	e90000	e90000	10000	f1d
20.652154	73519	2d49	45d8	d	1481210	6218757ef910	2a5	10000	7ffe9f1a8980	2add	62187583a4a0	62187584fb90	6218705fa490	1490000	1490000	10000	bbd
20.665053	1acbacd60b8a	6218758118e0	5d14	4790	17450	62187580d150	6218758245a0	5d14	7ffe9f1a8978	6218758118e0	62187ff64768	d	48b79d109586ff7c	360000	360000	10000	1568
20.670449	73540	139f	45d8	c	5bb847	6218757ef910	13e	10000	7ffe9f1a8980	2add	62187583a4a0	62187584fb90	62187413a490	5c0000	5c0000	10000	1412
20.682104	73519	a3	45d8	7	b0845d	6218757ef910	11	10000	7ffe9f1a8980	2add	62187583a4a0	62187584fb90	621872bfa490	b10000	b10000	10000	1115
20.693644	734d9	6218777894e0	45d8	11	1037010	6218757ef910	1d60	10000	7ffe9f1a8980	2add	62187583a4a0	62187584fb90	62187177a490	1030000	1030000	10000	e33
20.705401	73519	1997	45d8	c	155ffc5	6218757ef910	18e	10000	7ffe9f1a8980	2add	62187583a4a0	62187584fb90	6218702ba490	1560000	1560000	10000	b48
20.711970	7353a	35	45d8	5	11cfaf	6218757ef910	7	10000	7ffe9f1a8980	2add	62187583a4a0	62187584fb90	6218753ba490	120000	120000	10000	16ac
20.718127	7353a	2f	45d8	5	3dc242	6218757ef910	6	10000	7ffe9f1a8980	2add	62187583a4a0	62187584fb90	6218748ba490	3e0000	3e0000	10000	1520
20.728437	73519	28e43	45d8	11	88578f	6218757ef910	1dc1	10000	7ffe9f1a8980	2add	62187583a4a0	62187584fb90	6218735fa490	890000	890000	10000	127d
20.734093	73540	61	45d8	6	b03117	6218757ef910	9	10000	7ffe9f1a8980	2add	62187583a4a0	62187584fb90	621872bfa490	b10000	b10000	10000	1115
20.747975	73519	62b	45d8	a	113ce87	6218757ef910	7d	10000	7ffe9f1a8980	2add	62187583a4a0	62187584fb90	62187133a490	1140000	1140000	10000	d9a
20.759603	734d4	6218777894e0	45d8	10	154a020	6218757ef910	1224	10000	7ffe9f1a8980	2add	62187583a4a0	62187584fb90	62187033a490	1540000	1540000	10000	b5a
20.767956	73519	2f	45d8	5	1e3cd5	6218757ef910	6	10000	7ffe9f1a8980	2add	62187583a4a0	62187584fb90	62187507a490	1f0000	1f0000	10000	1637
20.782505	734c5	b1a9	45d8	f	71427d	6218757ef910	946	10000	7ffe9f1a8980	2add	62187583a4a0	62187584fb90	621873bfa490	710000	710000	10000	1355
20.794940	734c8	3a907	45d8	11	cb7cda	6218757ef910	2946	10000	7ffe9f1a8980	2add	62187583a4a0	62187584fb90	6218725fa490	c90000	c90000	10000	103d
20.805961	1acbacd60b8a	6218758118e0	5d14	2650	17450	62187580f290	6218758266e0	5d14	7ffe9f1a8978	6218758118e0	62187a2054b8	d	48b79d109586ff7c	1100000	1100000	10000	dbe
20.815024	73519	829	45d8	b	14eab50	6218757ef910	9a	10000	7ffe9f1a8980	2add	62187583a4a0	62187584fb90	62187047a490	14f0000	14f0000	10000	b87
20.826310	73ec8	2add	621875794ab0	62187779ebd0	14ffa	0	0	621881706470	7ffe9f1a8980	20e79	188e	6218806dd720	48b79d109586ff7c	2add	14	188f	24
20.833248	734c5	1d7cb	45d8	10	598608	6218757ef910	1636	10000	7ffe9f1a8980	2add	62187583a4a0	62187584fb90	6218741fa490	590000	590000	10000	142d
20.843143	1acbacc653be	7b	ffffffffffffff68	7b	62188170a910	6218757ac910	6218757ac920	0	7ffe9f1a88d0	62187e824070	2	1ebc2	0	6218757ac920	62188170add0	62187c4c6a20	7ffe9f1a8a30
20.857552	7353a	da3f	45d8	f	ef6676	6218757ef910	b1d	10000	7ffe9f1a8980	2add	62187583a4a0	62187584fb90	621871c3a490	f00000	f00000	10000	ede
20.865491	73519	490d	45d8	e	122cb57	6218757ef910	42c	10000	7ffe9f1a8980	2add	62187583a4a0	62187584fb90	621870f7a490	1230000	1230000	10000	d13
20.878439	73519	1961f	45d8	10	cfc27	6218757ef910	1351	10000	7ffe9f1a8980	2add	62187583a4a0	62187584fb90	6218754fa490	d0000	d0000	10000	16d9
20.889704	7353a	17ab9	45d8	10	5e1b4c	6218757ef910	1234	10000	7ffe9f1a8980	2add	62187583a4a0	62187584fb90	62187407a490	5f0000	5f0000	10000	13f7
20.897478	73519	37711	45d8	11	964274	6218757ef910	2745	10000	7ffe9f1a8980	2add	62187583a4a0	62187584fb90	62187327a490	970000	970000	10000	11ff
20.912086	73519	3659	45d8	d	1023298	6218757ef910	325	10000	7ffe9f1a8980	2add	62187583a4a0	62187584fb90	62187177a490	1030000	1030000	10000	e33
20.925862	7353a	18289	45d8	10	169797e	6218757ef910	1286	10000	7ffe9f1a8980	2add	62187583a4a0	62187584fb90	62186fdba490	16a0000	16a0000	10000	a94
20.936099	7353a	33977	45d8	11	43f88c	6218757ef910	24d8	10000	7ffe9f1a8980	2add	62187583a4a0	62187584fb90	62187473a490	440000	440000	10000	14ea
20.942640	73501	1b25	45d8	c	7510b8	6218757ef910	1a7	10000	7ffe9f1a8980	2add	62187583a4a0	62187584fb90	621873afa490	750000	750000	10000	1331
20.950496	73515	337	45d8	9	aeccad	6218757ef910	49	10000	7ffe9f1a8980	2add	62187583a4a0	62187584fb90	621872c7a490	af0000	af0000	10000	1127
20.959476	73519	2f9	45d8	9	f03df2	6218757ef910	42	10000	7ffe9f1a8980	2add	62187583a4a0	62187584fb90	621871bfa490	f10000	f10000	10000	ed5
20.973884	7353a	2550b	45d8	11	1598151	6218757ef910	1b5f	10000	7ffe9f1a8980	2add	62187583a4a0	62187584fb90	6218701ba490	15a0000	15a0000	10000	b24
20.984423	73510	1d305	45d8	10	35d6f2	6218757ef910	15fc	10000	7ffe9f1a8980	2add	62187583a4a0	62187584fb90	621874aba490	360000	360000	10000	1568
20.994354	734c8	32ab5	45d8	11	7cce94	6218757ef910	243b	10000	7ffe9f1a8980	2add	62187583a4a0	62187584fb90	62187397a490	7b0000	7b0000	10000	12fb
21.006173	73519	1604b	45d8	10	d08547	6218757ef910	1111	10000	7ffe9f1a8980	2add	62187583a4a0	62187584fb90	6218723fa490	d10000	d10000	10000	ff5
21.012400	73519	29	45d8	5	fd2fdc	6218757ef910	5	10000	7ffe9f1a8980	2add	62187583a4a0	62187584fb90	6218718ba490	fe0000	fe0000	10000	e60
21.017743	734e3	2add	45d8	11	12802ae	6218757ef910	2437	10000	7ffe9f1a8980	2add	62187583a4a0	62187584fb90	621870efa490	1250000	1250000	10000	d01
21.030212	73f2d	2add	621875794ab0	116	16d2b	0	0	6218818ffc50	7ffe9f1a8980	2e975	21a3	62187d6dfc00	48b79d109586ff7c	2add	26	21a4	36
21.035709	73540	62d7	45d8	e	351a8e	6218757ef910	572	10000	7ffe9f1a8980	2add	62187583a4a0	62187584fb90	621874afa490	350000	350000	10000	1571
21.048785	84ab6	621881902ae0	7a0f96e139a18b3d	6218757ac930	2	621881901d20	2f	16	7ffe9f1a8850	62187851c570	6218757ac920	62187586e3e0	48b79d109586ff7c	7ffe9f1a8868	16	22a4	6218580ea2a8
21.060642	734c8	28dff	45d8	11	de26d0	6218757ef910	1dbe	10000	7ffe9f1a8980	2add	62187583a4a0	62187584fb90	6218720ba490	de0000	de0000	10000	f80
21.070305	7352d	2c683	45d8	11	12565bb	6218757ef910	2032	10000	7ffe9f1a8980	2add	62187583a4a0	62187584fb90	621870f7a490	1230000	1230000	10000	d13
21.080471	7353a	5abb	45d8	e	16a2a08	6218757ef910	516	10000	7ffe9f1a8980	2add	62187583a4a0	62187584fb90	62186fd7a490	16b0000	16b0000	10000	a8b
21.089769	734d4	6218777894e0	45d8	11	3ece3f	6218757ef910	28e9	10000	7ffe9f1a8980	2add	62187583a4a0	62187584fb90	6218748fa490	3d0000	3d0000	10000	1529
21.097393	7359e	ffff	7140	11	760e27	6218757ef910	2add	10000	7ffe9f1a8980	2add	62187583a4a0	62187584fb90	621873b7a490	730000	713c	10000	0
21.110552	7353a	35	45d8	5	d3edd3	6218757ef910	7	10000	7ffe9f1a8980	2add	62187583a4a0	62187584fb90	62187233a490	d40000	d40000	10000	fda
21.123417	7353a	c7	45d8	7	11e9a83	6218757ef910	14	10000	7ffe9f1a8980	2add	62187583a4a0	62187584fb90	62187107a490	11f0000	11f0000	10000	d37
21.137080	7353a	17f	45d8	8	81c29	6218757ef910	25	10000	7ffe9f1a8980	2add	62187583a4a0	62187584fb90	6218755fa490	90000	90000	10000	16fd
21.145387	7359a	6218757fa490	b58	11	448f63	6218757ef910	2add	10000	7ffe9f1a8980	2add	62187583a4a0	62187584fb90	62187473a490	440000	b54	10000	0
21.156764	7353a	14b	45d8	8	973677	6218757ef910	20	10000	7ffe9f1a8980	2add	62187583a4a0	62187584fb90	62187323a490	980000	980000	10000	11f6
21.166214	73519	6d	45d8	6	d92606	6218757ef910	b	10000	7ffe9f1a8980	2add	62187583a4a0	62187584fb90	6218721ba490	da0000	da0000	10000	fa4
21.180092	73519	292c3	45d8	11	13a17e6	6218757ef910	1def	10000	7ffe9f1a8980	2add	62187583a4a0	62187584fb90	62187097a490	13b0000	13b0000	10000	c3b
21.188739	734d9	6218777894e0	45d8	10	64cac	6218757ef910	10a1	10000	7ffe9f1a8980	2add	62187583a4a0	62187584fb90	6218756ba490	60000	60000	10000	1718
21.202524	73529	115f9	45d8	10	6957ec	6218757ef910	dda	10000	7ffe9f1a8980	2add	62187583a4a0	62187584fb90	621873dfa490	690000	690000	10000	139d
21.210304	7353a	363c5	45d8	11	9c0516	6218757ef910	2688	10000	7ffe9f1a8980	2add	62187583a4a0	62187584fb90	6218730fa490	9d0000	9d0000	10000	11c9
21.224782	734db	6218777894e0	45d8	11	1008a1d	6218757ef910	2140	10000	7ffe9f1a8980	2add	62187583a4a0	62187584fb90	62187183a490	1000000	1000000	10000	e4e
21.238265	734c8	27b3f	45d8	11	1601a10	6218757ef910	1ce9	10000	7ffe9f1a8980	2add	62187583a4a0	62187584fb90	62187007a490	15f0000	15f0000	10000	af7
21.243527	73519	18c17	45d8	10	10bac2	6218757ef910	12e7	10000	7ffe9f1a8980	2add	62187583a4a0	62187584fb90	6218753fa490	110000	110000	10000	16b5
21.254473	734c1	37589	45d8	11	5c6fb7	6218757ef910	2738	10000	7ffe9f1a8980	2add	62187583a4a0	62187584fb90	62187417a490	5b0000	5b0000	10000	141b
21.262035	7353a	335b	45d8	d	929a28	6218757ef910	2f8	10000	7ffe9f1a8980	2add	62187583a4a0	62187584fb90	62187337a490	930000	930000	10000	1223
21.270798	73515	2a4cf	45d8	11	d187b6	6218757ef910	1ec0	10000	7ffe9f1a8980	2add	62187583a4a0	62187584fb90	6218723ba490	d20000	d20000	10000	fec
21.285012	73519	ad	45d8	7	1395890	6218757ef910	13	10000	7ffe9f1a8980	2add	62187583a4a0	62187584fb90	6218709ba490	13a0000	13a0000	10000	c44
21.295933	73501	1bc61	45d8	10	15a8fe	6218757ef910	14ef	10000	7ffe9f1a8980	2add	62187583a4a0	62187584fb90	62187533a490	140000	140000	10000	169a
21.302894	7353a	f223	45d8	f	46e604	6218757ef910	c44	10000	7ffe9f1a8980	2add	62187583a4a0	62187584fb90	62187467a490	470000	470000	10000	14cf
21.314285	7351c	493	45d8	a	98ffb1	6218757ef910	62	10000	7ffe9f1a8980	2add	62187583a4a0	62187584fb90	6218731fa490	990000	990000	10000	11ed
21.325879	7353a	32999	45d8	11	e6228c	6218757ef910	2429	10000	7ffe9f1a8980	2add	62187583a4a0	62187584fb90	621871e7a490	e70000	e70000	10000	f2f
21.335828	73519	6d	45d8	6	1223b08	6218757ef910	b	10000	7ffe9f1a8980	2add	62187583a4a0	62187584fb90	621870f7a490	1230000	1230000	10000	d13
21.350906	7353a	a7	45d8	7	107fcf	6218757ef910	12	10000	7ffe9f1a8980	2add	62187583a4a0	62187584fb90	6218753fa490	110000	110000	10000	16b5
21.361891	73519	29	45d8	5	583dea	6218757ef910	5	10000	7ffe9f1a8980	2add	62187583a4a0	62187584fb90	6218741fa490	590000	590000	10000	142d
21.368601	7353a	101	45d8	8	831b51	6218757ef910	1b	10000	7ffe9f1a8980	2add	62187583a4a0	62187584fb90	62187373a490	840000	840000	10000	12aa
21.378675	7358d	6218757fa490	a458	11	cdba48	6218757ef910	2add	10000	7ffe9f1a8980	2add	62187583a4a0	62187584fb90	62187253a490	cc0000	a454	10000	0
21.393374	7350c	33043	45d8	11	62187583a4a0	6218757ef910	246f	10000	7ffe9f1a8980	2add	62187583a4a0	62187584fb90	62187107a490	11f0000	11f0000	10000	d37
21.401483	847a0	6218760a1660	65f02e71105f739b	3c	621881c4bca0	6218580ea0b0	7ffe9f1a8848	1	7ffe9f1a8840	3c	0	f8	7ce404e1ace0	621881c4bcac	0	1f8	621881c4bbb0
21.416455	7353a	f341	45d8	f	370fce	6218757ef910	c4f	10000	7ffe9f1a8980	2add	62187583a4a0	62187584fb90	621874a3a490	380000	380000	10000	1556
21.427050	73519	29	45d8	5	78ef4d	6218757ef910	5	10000	7ffe9f1a8980	2add	fffffffff7bdf0b0	62187584fb90	6218739fa490	790000	790000	10000	130d
21.440879	1acbacc64870	0	7ce404e1ac80	ab81	b301	621881d24d00	3	ab74	7ffe9f1a8870	0	621881d1a190	6218786bfcc0	7ce404e1ace0	ffffffffffffffa0	ab80	62187578a010	ab6
21.447619	73519	2b457	45d8	11	f38b1d	6218757ef910	1f70	10000	7ffe9f1a8980	2add	62187583a4a0	62187584fb90	621871b3a490	f40000	f40000	10000	eba
21.457195	73519	1bce3	45d8	10	13a71c9	6218757ef910	14f4	10000	7ffe9f1a8980	2add	62187583a4a0	62187584fb90	62187097a490	13b0000	13b0000	10000	c3b
21.465837	73519	47fb	45d8	e	40973	6218757ef910	41e	10000	7ffe9f1a8980	2add	62187583a4a0	62187584fb90	6218756fa490	50000	50000	10000	1721
21.472068	7353a	34717	45d8	11	315a0f	6218757ef910	255f	10000	7ffe9f1a8980	2add	62187583a4a0	62187584fb90	621874bba490	320000	320000	10000	158c
21.482086	7357c	3828	3824	11	7977d8	6218757ef910	2add	10000	7ffe9f1a8980	2add	62187583a4a0	62187584fb90	621873a7a490	770000	3820	10000	0
21.493544	734d9	6218777894e0	45d8	10	cb2f63	6218757ef910	e09	10000	7ffe9f1a8980	2add	62187583a4a0	62187584fb90	62187257a490	cb0000	cb0000	10000	102b
21.499842	7353a	11b	45d8	8	f77359	6218757ef910	1f	10000	7ffe9f1a8980	2add	62187583a4a0	62187584fb90	621871a3a490	f80000	f80000	10000	e96
21.508445	734c5	2e303	45d8	11	135f037	6218757ef910	215d	10000	7ffe9f1a8980	2add	62187583a4a0	62187584fb90	621870afa490	1350000	1350000	10000	c71
21.521229	7353a	3cddf	45d8	11	1ee78d	6218757ef910	2abf	10000	7ffe9f1a8980	2add	62187583a4a0	62187584fb90	62187507a490	1f0000	1f0000	10000	1637
21.526839	73519	35	45d8	5	46a6d9	6218757ef910	7	10000	7ffe9f1a8980	2add	62187583a4a0	62187584fb90	62187467a490	470000	470000	10000	14cf
21.538921	73519	35	45d8	5	9cbb76	6218757ef910	7	10000	7ffe9f1a8980	2add	62187583a4a0	62187584fb90	6218730fa490	9d0000	9d0000	10000	11c9
21.544175	7351c	a3	45d8	7	c1ac6b	6218757ef910	11	10000	7ffe9f1a8980	2add	62187583a4a0	62187584fb90	6218727ba490	c20000	c20000	10000	107c
21.551753	734c1	e363	45d8	f	f9bb9a	6218757ef910	b80	10000	7ffe9f1a8980	2add	62187583a4a0	62187584fb90	6218719fa490	f90000	f90000	10000	e8d
21.559324	73519	28213	45d8	11	12d14b3	6218757ef910	1d3d	10000	7ffe9f1a8980	2add	62187583a4a0	62187584fb90	621870cba490	12e0000	12e0000	10000	cb0
21.567607	73519	977	45d8	b	1693bea	6218757ef910	aa	10000	7ffe9f1a8980	2add	62187583a4a0	62187584fb90	62186fdba490	16a0000	16a0000	10000	a94
21.577185	73519	43	45d8	6	3b7acb	6218757ef910	8	10000	7ffe9f1a8980	2add	62187583a4a0	62187584fb90	62187493a490	3c0000	3c0000	10000	1532
21.584136	73519	1fee3	45d8	10	6d4b09	6218757ef910	17e4	10000	7ffe9f1a8980	2add	62187583a4a0	62187584fb90	621873cba490	6e0000	6e0000	10000	1370
21.596079	734d4	6218777894e0	45d8	11	c9160e	6218757ef910	2009	10000	7ffe9f1a8980	2add	62187583a4a0	62187584fb90	62187267a490	c70000	c70000	10000	104f
21.605159	734d4	6218777894e0	45d8	11	109f1ff	6218757ef910	1f2a	10000	7ffe9f1a8980	2add	62187583a4a0	62187584fb90	62187163a490	1080000	1080000	10000	e06
21.615795	73519	175	45d8	8	15011fa	6218757ef910	23	10000	7ffe9f1a8980	2add	62187583a4a0	62187584fb90	6218703fa490	1510000	1510000	10000	b75
21.629032	7353a	2225	45d8	d	3b5773	6218757ef910	205	10000	7ffe9f1a8980	2add	62187583a4a0	62187584fb90	62187493a490	3c0000	3c0000	10000	1532
21.637465	1acbacd60b8a	621875805eb8	2e8a	9540	ba28	6218757fc978	6218758083a0	2e8a	7ffe9f1a8978	621875805eb8	fffffffff7bdf0d4	62187584fb90	621873a7a490	780000	780000	10000	1316
21.652449	1acbacd60b8a	6218758118e0	5d14	4210	17450	62187580d6d0	621875824b20	5d14	7ffe9f1a8978	6218758118e0	fffffffff7bde1c8	62187584fb90	621871fba490	e30000	e30000	10000	f53
21.661948	7353a	8261	45d8	f	128c407	6218757ef910	6fd	10000	7ffe9f1a8980	2add	62187583a4a0	62187584fb90	621870dfa490	1290000	1290000	10000	cdd
21.676270	73519	1ebf5	45d8	10	202e10	6218757ef910	1708	10000	7ffe9f1a8980	2add	62187583a4a0	62187584fb90	621874ffa490	210000	210000	10000	1625
21.687072	7353a	35	45d8	5	6f64c1	6218757ef910	7	10000	7ffe9f1a8980	2add	62187583a4a0	62187584fb90	621873c3a490	700000	700000	10000	135e
21.699616	7359e	ffff	7e54	11	c20fc1	6218757ef910	2add	10000	7ffe9f1a8980	2add	62187583a4a0	62187584fb90	6218727ba490	c20000	7e50	10000	0
21.710733	73519	35	45d8	5	10a74df	6218757ef910	7	10000	7ffe9f1a8980	2add	62187583a4a0	62187584fb90	62187157a490	10b0000	10b0000	10000	deb
21.722858	73519	11d83	45d8	10	16121b8	6218757ef910	e34	10000	7ffe9f1a8980	2add	62187583a4a0	62187584fb90	62186ffba490	1620000	1620000	10000	adc
21.729304	73519	3c1f	45d8	d	16c611	6218757ef910	37d	10000	7ffe9f1a8980	2add	62187583a4a0	62187584fb90	62187527a490	170000	170000	10000	167f
21.742042	73521	2f2b1	45d8	11	73ee04	6218757ef910	2201	10000	7ffe9f1a8980	2add	62187583a4a0	62187584fb90	621873bfa490	710000	710000	10000	1355
21.756923	73515	37f67	45d8	11	dc5789	6218757ef910	279b	10000	7ffe9f1a8980	2add	62187583a4a0	62187584fb90	6218720fa490	dd0000	dd0000	10000	f89
21.769169	7353a	2f	45d8	5	12fc636	6218757ef910	6	10000	7ffe9f1a8980	2add	62187583a4a0	62187584fb90	621870c3a490	1300000	1300000	10000	c9e
21.778447	72b36	ffffffffffffe07b	2e4cb	2e4cb	fffffffffffeef6b	23d36	2170	17021	7ffe9f1a8980	2e4cb	0	0	f5e13e5bd1783082	2170	7fffffffffffb925	ad9fadec495b132c	2add
21.787301	7353a	19ad5	45d8	10	3eb059	6218757ef910	1384	10000	7ffe9f1a8980	2add	62187583a4a0	62187584fb90	62187487a490	3f0000	3f0000	10000	1517
21.796331	73519	2d2e1	45d8	11	7436bc	6218757ef910	20b8	10000	7ffe9f1a8980	2add	62187583a4a0	62187584fb90	621873afa490	750000	750000	10000	1331
21.809947	73519	3cf95	45d8	11	d6e700	6218757ef910	2acd	10000	7ffe9f1a8980	2add	62187583a4a0	62187584fb90	62187227a490	d70000	d70000	10000	fbf
21.816744	73573	bec4	bec0	11	1075801	6218757ef910	2add	10000	7ffe9f1a8980	2add	62187583a4a0	62187584fb90	62187167a490	1070000	bebc	10000	0
21.828221	73519	29	45d8	5	15df214	6218757ef910	5	10000	7ffe9f1a8980	2add	fffffffff7bdd07c	62187584fb90	6218700ba490	15e0000	15e0000	10000	b00
21.836076	73536	26a17	45d8	11	22359e	6218757ef910	1c3b	10000	7ffe9f1a8980	2add	62187583a4a0	62187584fb90	621874f7a490	230000	230000	10000	1613
21.850323	73519	25eeb	45d8	11	8a3da0	6218757ef910	1bc6	10000	7ffe9f1a8980	2add	62187583a4a0	62187584fb90	62187357a490	8b0000	8b0000	10000	126b
21.862151	734c8	d6d9	45d8	f	e3cdd8	6218757ef910	af1	10000	7ffe9f1a8980	2add	62187583a4a0	62187584fb90	621871f7a490	e30000	e30000	10000	f53
21.876735	7359a	6218757fa490	f500	11	140ecdc	6218757ef910	2add	10000	7ffe9f1a8980	2add	62187583a4a0	62187584fb90	6218708ba490	13e0000	f4fc	10000	0
21.889883	73519	f67	45d8	b	2a5ac6	6218757ef910	100	10000	7ffe9f1a8980	2add	62187583a4a0	62187584fb90	621874d7a490	2b0000	2b0000	10000	15cb
21.898677	734cf	14495	45d8	10	6bcef2	6218757ef910	fe8	10000	7ffe9f1a8980	2add	62187583a4a0	62187584fb90	621873d7a490	6b0000	6b0000	10000	138b
21.907281	73519	125f5	45d8	10	a826cd	6218757ef910	e8c	10000	7ffe9f1a8980	2add	62187583a4a0	62187584fb90	621872dfa490	a90000	a90000	10000	115d
21.912698	7353a	2a9d	45d8	d	cf6531	6218757ef910	280	10000	7ffe9f1a8980	2add	62187583a4a0	62187584fb90	62187243a490	d00000	d00000	10000	ffe
21.925009	73519	2bf4b	45d8	11	12876eb	6218757ef910	1ff1	10000	7ffe9f1a8980	2add	62187583a4a0	62187584fb90	621870dfa490	1290000	1290000	10000	cdd
21.932302	1acbacc65066	0	40	7fffffffffffff00	1	100	100	62187cb28c80	7ffe9f1a8840	62187586e3e0	621877961b60	621877ce9a10	48b79d109586ff7c	621877ce9a10	621877ce9a10	100	1
21.946391	7353a	6c29	45d8	e	519b5b	6218757ef910	5e3	10000	7ffe9f1a8980	2add	62187583a4a0	62187584fb90	6218743ba490	520000	520000	10000	146c
21.958579	73ec8	2add	621875794ab0	62187779ebd0	14e6a	0	0	6218822932b0	7ffe9f1a8980	1b3a1	148e	621881a738c0	48b79d109586ff7c	2add	13	148f	23
21.972247	73540	2f	45d8	5	fbb901	6218757ef910	6	10000	7ffe9f1a8980	2add	62187583a4a0	62187584fb90	62187193a490	fc0000	fc0000	10000	e72
21.977968	735a3	1111	dc78	11	125e237	6218757ef910	2add	10000	7ffe9f1a8980	2add	62187583a4a0	62187584fb90	621870f3a490	1240000	dc74	10000	0
21.993060	7353a	4789	45d8	e	208b83	6218757ef910	419	10000	7ffe9f1a8980	2add	62187583a4a0	62187584fb90	621874ffa490	210000	210000	10000	1625
21.999493	73519	6b	45d8	6	4de9e3	6218757ef910	a	10000	7ffe9f1a8980	2add	62187583a4a0	62187584fb90	6218744ba490	4e0000	4e0000	10000	1490
22.012623	7353a	21d	45d8	9	a5b654	6218757ef910	34	10000	7ffe9f1a8980	2add	62187583a4a0	62187584fb90	621872eba490	a60000	a60000	10000	1178
22.023987	7353a	35	45d8	5	f6268f	6218757ef910	7	10000	7ffe9f1a8980	2add	62187583a4a0	62187584fb90	621871a7a490	f70000	f70000	10000	e9f
22.035909	1acbacd60b8a	6218758001a4	1745	4098	5d14	6218757fc10c	621875801e20	1745	7ffe9f1a8978	6218758001a4	6218823b3000	7ce404e1b440	7ce404e1ace0	14e0000	14e0000	10000	b90
22.044350	73519	a7	45d8	7	1993ce	6218757ef910	12	10000	7ffe9f1a8980	2add	62187583a4a0	62187584fb90	6218751ba490	1a0000	1a0000	10000	1664
22.054876	1acbacd6110a	0	1	8	6218823fd4c0	0	6218823fe000	7e	7ffe9f1a8978	0	6218823fd4c0	6218823fe000	206	62187b723b28	6218757fa490	ab74	7e
22.064644	73f2d	2add	621875794ab0	11954	15f0f	0	0	6218823b9050	7ffe9f1a8980	21bad	1911	6218757ac920	48b79d109586ff7c	2add	38	1912	49
22.079368	73587	6218757fa490	3814	11	11ae5b5	6218757ef910	2add	10000	7ffe9f1a8980	2add	62187583a4a0	62187584fb90	62187123a490	1180000	3810	10000	0
22.090348	1acbacd60b8a	621875828d30	45d8	3d0	11760	62187580b820	62187583a0c0	ba28	7ffe9f1a8978	621875828d30	62187583a4a0	62187584fb90	62186fffa490	1620000	1620000	10000	adc
22.100092	7359e	ffff	eec8	62187b723b20	355276	6218757ef910	2add	0	7ffe9f1a8980	2add	62187583a4a0	62187584fb90	621874b7a490	330000	eec4	10000	1
22.107829	73540	17f	45d8	8	6a4403	6218757ef910	25	10000	7ffe9f1a8980	2add	62187583a4a0	62187584fb90	621873d7a490	6b0000	6b0000	10000	138b
22.122572	7353a	89	45d8	7	d608cb	6218757ef910	e	10000	7ffe9f1a8980	2add	62187583a4a0	62187584fb90	62187227a490	d70000	d70000	10000	fbf
22.132519	7353a	6d	45d8	6	120bc56	6218757ef910	b	10000	7ffe9f1a8980	2add	62187583a4a0	62187584fb90	621870ffa490	1210000	1210000	10000	d25
22.143417	72b92	fffffffffffff922	b0e1	b0e1	ffffffffffffabd4	7b7a	93d	b8b3	7ffe9f1a8980	b0e1	0	0	f5e13e5bd1783082	93d	8000000000008dc7	a8174e5d70fb5d9e	2add
22.157824	7353a	1d243	45d8	10	696a52	6218757ef910	15f4	10000	7ffe9f1a8980	2add	62187583a4a0	62187584fb90	621873dba490	6a0000	6a0000	10000	1394
22.165302	73519	5471	45d8	e	9f67f6	6218757ef910	4c7	10000	7ffe9f1a8980	2add	62187583a4a0	62187584fb90	62187303a490	a00000	a00000	10000	11ae
22.173944	73519	208c9	45d8	11	db809c	6218757ef910	1852	10000	7ffe9f1a8980	2add	62187583a4a0	62187584fb90	62187213a490	dc0000	dc0000	10000	f92
22.185450	73519	3064f	45d8	11	12f9198	6218757ef910	22cc	10000	7ffe9f1a8980	2add	62187583a4a0	62187584fb90	621870c3a490	1300000	1300000	10000	c9e
22.199978	73529	15605	45d8	10	13415b	6218757ef910	109f	10000	7ffe9f1a8980	2add	62187583a4a0	62187584fb90	62187537a490	130000	130000	10000	16a3
22.213023	73519	35	45d8	5	6ba31e	6218757ef910	7	10000	7ffe9f1a8980	2add	62187583a4a0	62187584fb90	621873d3a490	6c0000	6c0000	10000	1382
22.222929	73510	21401	45d8	11	b49feb	6218757ef910	18c7	10000	7ffe9f1a8980	2add	62187583a4a0	62187584fb90	621872b3a490	b40000	b40000	10000	10fa
22.234508	734c5	eb09	45d8	f	1045169	6218757ef910	bee	10000	7ffe9f1a8980	2add	62187583a4a0	62187584fb90	62187173a490	1040000	1040000	10000	e2a
22.244470	7353a	df	45d8	7	1471ae9	6218757ef910	16	10000	7ffe9f1a8980	2add	62187583a4a0	62187584fb90	62187063a490	1480000	1480000	10000	bc6
22.257195	7353a	5d13	45d8	e	274117	6218757ef910	531	10000	7ffe9f1a8980	2add	62187583a4a0	62187584fb90	621874e3a490	280000	280000	10000	15e6
22.271454	7353a	a7	45d8	7	8dc8bf	6218757ef910	12	10000	7ffe9f1a8980	2add	62187583a4a0	62187584fb90	6218734ba490	8e0000	8e0000	10000	1250
22.276748	73519	3cd81	45d8	11	b1804c	6218757ef910	2abd	10000	7ffe9f1a8980	2add	62187583a4a0	62187584fb90	621872bba490	b20000	b20000	10000	110c
22.284389	7353a	274e5	45d8	11	e9f166	6218757ef910	1ca7	10000	7ffe9f1a8980	2add	62187583a4a0	62187584fb90	621871dba490	ea0000	ea0000	10000	f14
22.291239	1acbacc63f07	20	7ce404e1ac80	1a0	62187d6dfbf0	62187851c560	6	7ce404e1acf0	7ffe9f1a8710	0	0	62187d6dfc10	7ce404e1ace0	ffffffffffffffa0	110	62187578a010	f
22.297469	73540	d3	45d8	7	1474402	6218757ef910	15	10000	7ffe9f1a8980	2add	62187583a4a0	62187584fb90	62187063a490	1480000	1480000	10000	bc6
22.304273	73519	ba53	45d8	f	45956	6218757ef910	9aa	10000	7ffe9f1a8980	2add	62187583a4a0	62187584fb90	6218756fa490	50000	50000	10000	1721
22.311049	1acbacc6320b	20891	7ce404e1ac80	621882730bf0	ab81	62188273b770	7ce404e1ac80	ab80	7ffe9f1a8800	0	0	62188273b000	206	a410	621882730bf0	1000	aba0
22.316734	73510	3482f	45d8	11	5dd775	6218757ef910	256a	10000	7ffe9f1a8980	2add	62187583a4a0	62187584fb90	6218740ba490	5e0000	5e0000	10000	1400
22.331880	73542	215f	45d8	d	c700d6	6218757ef910	1fa	10000	7ffe9f1a8980	2add	62187583a4a0	62187584fb90	62187267a490	c70000	c70000	10000	104f
22.339337	73519	e161	45d8	f	fbfce8	6218757ef910	b6a	10000	7ffe9f1a8980	2add	62187583a4a0	62187584fb90	62187193a490	fc0000	fc0000	10000	e72
22.345310	734db	6218777894e0	45d8	10	127e08e	6218757ef910	1656	10000	7ffe9f1a8980	2add	62187583a4a0	62187584fb90	621870e7a490	1270000	1270000	10000	cef
22.353852	73519	c95f	45d8	f	162f4a3	6218757ef910	a5c	10000	7ffe9f1a8980	2add	62187583a4a0	62187584fb90	62186ff7a490	1630000	1630000	10000	ad3
22.366757	7353a	35	45d8	5	4e557e	6218757ef910	7	10000	7ffe9f1a8980	2add	62187583a4a0	62187584fb90	62187447a490	4f0000	4f0000	10000	1487
22.379073	7353a	16669	45d8	10	a73c93	6218757ef910	1150	10000	7ffe9f1a8980	2add	62187583a4a0	62187584fb90	621872e3a490	a80000	a80000	10000	1166
22.393534	73540	751	45d8	a	fe2463	6218757ef910	8b	10000	7ffe9f1a8980	2add	62187583a4a0	62187584fb90	62187187a490	ff0000	ff0000	10000	e57
22.407718	73519	17ec3	45d8	10	16398ad	6218757ef910	125d	10000	7ffe9f1a8980	2add	62187583a4a0	62187584fb90	62186ff3a490	1640000	1640000	10000	aca
22.413607	7359a	6218757fa490	b620	11	1c04d5	6218757ef910	2add	10000	7ffe9f1a8980	2add	62187583a4a0	62187584fb90	62187517a490	1b0000	b61c	10000	0
22.423718	73519	23b61	45d8	11	612aba	6218757ef910	1a61	10000	7ffe9f1a8980	2add	62187583a4a0	62187584fb90	621873fba490	620000	620000	10000	13dc
22.437143	734d4	6218777894e0	45d8	e	c32062	6218757ef910	3e8	10000	7ffe9f1a8980	2add	62187583a4a0	62187584fb90	62187277a490	c30000	c30000	10000	1073
22.451233	73540	833	45d8	b	1219a3f	6218757ef910	9b	10000	7ffe9f1a8980	2add	62187583a4a0	62187584fb90	621870fba490	1220000	1220000	10000	d1c
22.460688	735a3	1111	608	11	1641183	6218757ef910	2add	10000	7ffe9f1a8980	2add	62187583a4a0	62187584fb90	62186ffba490	1620000	604	10000	0
22.468110	73519	35	45d8	5	23dc14	6218757ef910	7	10000	7ffe9f1a8980	2add	62187583a4a0	62187584fb90	621874f3a490	240000	240000	10000	160a
22.479427	7353a	24bc9	45d8	11	73d4a4	6218757ef910	1b04	10000	7ffe9f1a8980	2add	62187583a4a0	62187584fb90	621873b3a490	740000	740000	10000	133a
22.488904	73519	27389	45d8	11	b5e713	6218757ef910	1c94	10000	7ffe9f1a8980	2add	62187583a4a0	62187584fb90	621872aba490	b60000	b60000	10000	10e8
22.502895	73519	ad	45d8	7	11325e8	6218757ef910	13	10000	7ffe9f1a8980	2add	62187583a4a0	62187584fb90	62187133a490	1140000	1140000	10000	d9a
22.517040	7353a	1f3	45d8	8	1a8a1	6218757ef910	31	10000	7ffe9f1a8980	2add	62187583a4a0	62187584fb90	6218757ba490	20000	20000	10000	173c
22.528275	7350c	eccf	45d8	f	62187583a4a0	6218757ef910	c00	10000	7ffe9f1a8980	2add	62187583a4a0	62187584fb90	6218742fa490	550000	550000	10000	1451
22.540929	73519	27cb5	45d8	11	af4edb	6218757ef910	1cfd	10000	7ffe9f1a8980	2add	62187583a4a0	62187584fb90	621872c3a490	b00000	b00000	10000	111e
22.552240	73519	e3	45d8	7	1024863	6218757ef910	17	10000	7ffe9f1a8980	2add	62187583a4a0	62187584fb90	62187177a490	1030000	1030000	10000	e33
22.561995	73519	95	45d8	7	14aee27	6218757ef910	f	10000	7ffe9f1a8980	2add	62187583a4a0	62187584fb90	62187057a490	14b0000	14b0000	10000	bab
22.575684	7353a	35	45d8	5	3f3f4d	6218757ef910	7	10000	7ffe9f1a8980	2add	62187583a4a0	62187584fb90	62187483a490	400000	400000	10000	150e
22.584576	7353a	be6f	45d8	f	81ce65	6218757ef910	9db	10000	7ffe9f1a8980	2add	62187583a4a0	62187584fb90	6218737ba490	820000	820000	10000	12bc
22.595203	7353a	27b3f	45d8	11	cc7eda	6218757ef910	1ce8	10000	7ffe9f1a8980	2add	62187583a4a0	62187584fb90	6218724fa490	cd0000	cd0000	10000	1019
22.601054	7353a	a283	45d8	f	f648ca	6218757ef910	890	10000	7ffe9f1a8980	2add	62187583a4a0	62187584fb90	621871a7a490	f70000	f70000	10000	e9f
22.609918	1acbacd6110a	0	1	1738	62188296abc0	0	621882974000	79	7ffe9f1a8978	0	62188296abc0	621877b30e10	7ce404e1ace0	62187578bfa8	6218757fa490	ab74	79
22.618800	73540	a3	45d8	7	1a83e	6218757ef910	11	10000	7ffe9f1a8980	2add	62187583a4a0	62187584fb90	6218757ba490	20000	20000	10000	173c
22.630549	73519	95	45d8	7	5546e4	6218757ef910	f	10000	7ffe9f1a8980	2add	62187583a4a0	62187584fb90	6218742ba490	560000	560000	10000	1448
22.640089	73529	240e9	45d8	11	9c38f1	6218757ef910	1a9d	10000	7ffe9f1a8980	2add	62187583a4a0	62187584fb90	62187313a490	9c0000	9c0000	10000	11d2
22.653877	734ec	2add	45d8	11	ed4424	6218757ef910	1e56	10000	7ffe9f1a8980	2add	62187583a4a0	62187584fb90	621871d3a490	ec0000	ec0000	10000	f02
22.664596	73edd	1ea9	621875794ab0	62187779ebd0	2a01	0	0	62188299b4a0	7ffe9f1a8980	2a271	1ea8	621879ae5d20	48b79d109586ff7c	2add	1	1ea8	12
22.677385	73536	28d63	45d8	11	24b25e	6218757ef910	1db4	10000	7ffe9f1a8980	2add	62187583a4a0	62187584fb90	621874efa490	250000	250000	10000	1601
22.687279	734c1	39d75	45d8	11	6c22f4	6218757ef910	28c8	10000	7ffe9f1a8980	2add	62187583a4a0	62187584fb90	621873d7a490	6b0000	6b0000	10000	138b
22.698092	73519	1a5cd	45d8	10	b7bbfe	6218757ef910	1402	10000	7ffe9f1a8980	2add	62187583a4a0	62187584fb90	621872a3a490	b80000	b80000	10000	10d6
22.708682	7353a	5b3	45d8	a	104f9d0	6218757ef910	72	10000	7ffe9f1a8980	2add	62187583a4a0	62187584fb90	6218716fa490	1050000	1050000	10000	e21
22.723159	1acbacd60b8a	6218758118e0	5d14	3190	17450	62187580e750	621875825ba0	5d14	7ffe9f1a8978	6218758118e0	fffffffff3262010	62187584fb90	62186fcfa490	16e0000	16e0000	10000	a70
22.728791	734e3	2add	45d8	11	252d2f	6218757ef910	1b68	10000	7ffe9f1a8980	2add	62187583a4a0	62187584fb90	621874f7a490	230000	230000	10000	1613
22.737995	1acbacd60b8a	6218758118e0	5d14	d50	17450	621875810b90	621875827fe0	5d14	7ffe9f1a8978	6218758118e0	62187583a4a0	62187584fb90	621873eba490	670000	670000	10000	13af
22.743231	74778	1	9	62187c728bb0	9	62187c728bb0	1	621882abb9d0	7ffe9f1a8980	621876fdd4c0	62187c728bb0	8	22a4	62187e4c7da0	b	67	62187e4c7da8
22.752683	73582	f874	f874	11	cf07ea	6218757ef910	2add	10000	7ffe9f1a8980	2add	62187583a4a0	62187584fb90	62187247a490	cf0000	f870	10000	0
22.763376	1acbacc6267e	9ac90c5b3501d600	ffffffffffffff68	621e54f0cabb	21	62187578bb50	7ce404e1ac80	0	7ffe9f1a88e0	621882a0bfb0	62187578bb60	621882a0bfb0	48b79d109586ff7c	40	0	621882b45040	12
22.776520	73529	248b9	45d8	11	642b7	6218757ef910	1ae7	10000	7ffe9f1a8980	2add	62187583a4a0	62187584fb90	6218756fa490	50000	50000	10000	1721
22.782964	734fd	6218757af8f0	45d8	11	35ca57	6218757ef910	1c7b	10000	7ffe9f1a8980	2add	62187583a4a0	62187584fb90	621874b3a490	340000	340000	10000	157a
22.791428	73540	29	45d8	5	700cd9	6218757ef910	5	10000	7ffe9f1a8980	2add	62187583a4a0	62187584fb90	621873bfa490	710000	710000	10000	1355
22.800055	1acbacc64a96	21	7ce404e1ac80	d3fd000	20	6218806dd710	7ce404e1ac80	30	7ffe9f1a87e0	2add	62187583a4a0	62187584fb90	621872f7a490	20	6218806dd710	30	20
22.811694	7353a	1a609	45d8	10	dc6d1b	6218757ef910	1405	10000	7ffe9f1a8980	2add	62187583a4a0	62187584fb90	6218720fa490	dd0000	dd0000	10000	f89
22.824878	73519	c8cf	45d8	f	13b234a	6218757ef910	a4f	10000	7ffe9f1a8980	2add	62187583a4a0	62187584fb90	62187093a490	13c0000	13c0000	10000	c32
22.834036	73519	28e2f	45d8	11	aae3b	6218757ef910	1dbf	10000	7ffe9f1a8980	2add	62187583a4a0	62187584fb90	62187557a490	b0000	b0000	10000	16eb
22.848873	73540	6d	45d8	6	786c79	6218757ef910	b	10000	7ffe9f1a8980	2add	62187583a4a0	62187584fb90	6218739fa490	790000	790000	10000	130d
22.861479	7353a	5a3b	45d8	e	d1e5b8	6218757ef910	510	10000	7ffe9f1a8980	2add	62187583a4a0	62187584fb90	6218723ba490	d20000	d20000	10000	fec
22.872941	7353a	17f	45d8	8	1259e15	6218757ef910	25	10000	7ffe9f1a8980	2add	62187583a4a0	62187584fb90	621870eba490	1260000	1260000	10000	cf8
22.880543	7353a	10d	45d8	8	15a9385	6218757ef910	1d	10000	7ffe9f1a8980	2add	62187583a4a0	62187584fb90	62187017a490	15b0000	15b0000	10000	b1b
22.888206	73542	91ed	45d8	f	1f1ca8	6218757ef910	7c1	10000	7ffe9f1a8980	2add	62187583a4a0	62187584fb90	62187507a490	1f0000	1f0000	10000	1637
22.898954	734c1	28bd7	45d8	11	6c5b7f	6218757ef910	1d9f	10000	7ffe9f1a8980	2add	62187583a4a0	62187584fb90	621873dba490	6a0000	6a0000	10000	1394
22.904598	73519	1a9f9	45d8	10	921e50	6218757ef910	142b	10000	7ffe9f1a8980	2add	62187583a4a0	62187584fb90	62187337a490	930000	930000	10000	1223
22.912504	7353a	c7	45d8	7	c96612	6218757ef910	14	10000	7ffe9f1a8980	2add	62187583a4a0	62187584fb90	6218725ba490	ca0000	ca0000	10000	1034
22.918859	73519	2f	45d8	5	f658b4	6218757ef910	6	10000	7ffe9f1a8980	2add	62187583a4a0	62187584fb90	621871a7a490	f70000	f70000	10000	e9f
22.924834	734d9	6218777894e0	45d8	11	120585b	6218757ef910	299e	10000	7ffe9f1a8980	2add	62187583a4a0	62187584fb90	62187103a490	1200000	1200000	10000	d2e
22.931512	73519	119	45d8	8	152f72d	6218757ef910	1e	10000	7ffe9f1a8980	2add	62187583a4a0	62187584fb90	62187037a490	1530000	1530000	10000	b63
22.937359	73519	3aeb	45d8	d	af6d6	6218757ef910	36b	10000	7ffe9f1a8980	2add	62187583a4a0	62187584fb90	62187557a490	b0000	b0000	10000	16eb
22.944963	73519	83	45d8	7	40c390	6218757ef910	d	10000	7ffe9f1a8980	2add	62187583a4a0	62187584fb90	6218747fa490	410000	410000	10000	1505
22.957023	73519	1c73	45d8	c	96f248	6218757ef910	1ba	10000	7ffe9f1a8980	2add	62187583a4a0	62187584fb90	62187327a490	970000	970000	10000	11ff
22.971078	73519	efad	45d8	f	ee3857	6218757ef910	c1f	10000	7ffe9f1a8980	2add	62187583a4a0	62187584fb90	621871c7a490	ef0000	ef0000	10000	ee7
22.977667	73519	191	45d8	8	1197bff	6218757ef910	28	10000	7ffe9f1a8980	2add	62187583a4a0	62187584fb90	6218711ba490	11a0000	11a0000	10000	d64
22.984643	7353a	159b	45d8	c	148e933	6218757ef910	15b	10000	7ffe9f1a8980	2add	62187583a4a0	62187584fb90	6218705fa490	1490000	1490000	10000	bbd
22.994558	73536	189b3	45d8	10	1464b3	6218757ef910	12cc	10000	7ffe9f1a8980	2add	62187583a4a0	62187584fb90	6218752fa490	150000	150000	10000	1691
23.004355	7359e	ffff	7c04	11	545e91	6218757ef910	2add	10000	7ffe9f1a8980	2add	62187583a4a0	62187584fb90	62187437a490	530000	7c00	10000	0
23.015558	7357f	e6ac	e6a8	11	a0a8f5	6218757ef910	2add	10000	7ffe9f1a8980	2add	62187583a4a0	62187584fb90	6218730fa490	9d0000	e6a8	10000	0
23.025411	73519	3b39f	45d8	11	ddf335	6218757ef910	29a7	10000	7ffe9f1a8980	2add	62187583a4a0	62187584fb90	6218720ba490	de0000	de0000	10000	f80
23.038345	7353a	25f	45d8	9	136a12c	6218757ef910	38	10000	7ffe9f1a8980	2add	62187583a4a0	62187584fb90	621870a7a490	1370000	1370000	10000	c5f
23.048595	73519	4c61	45d8	e	b7239	6218757ef910	44d	10000	7ffe9f1a8980	2add	62187583a4a0	62187584fb90	62187553a490	c0000	c0000	10000	16e2
23.059447	73521	17f51	45d8	10	595c84	6218757ef910	1262	10000	7ffe9f1a8980	2add	62187583a4a0	62187584fb90	6218741fa490	590000	590000	10000	142d
23.072389	73540	1b7	45d8	8	b0a8b6	6218757ef910	2b	10000	7ffe9f1a8980	2add	62187583a4a0	62187584fb90	621872bfa490	b10000	b10000	10000	1115
23.081358	73519	1c225	45d8	10	f0f9f6	6218757ef910	1533	10000	7ffe9f1a8980	2add	62187583a4a0	62187584fb90	621871bfa490	f10000	f10000	10000	ed5
23.095019	7353a	cb09	45d8	f	154b3d9	6218757ef910	a79	10000	7ffe9f1a8980	2add	62187583a4a0	62187584fb90	6218702fa490	1550000	1550000	10000	b51
23.104059	7357c	fc18	fc14	11	26c595	6218757ef910	2add	10000	7ffe9f1a8980	2add	62187583a4a0	62187584fb90	621874f7a490	230000	fc10	10000	0
23.118770	7353a	a3	45d8	7	8c6395	6218757ef910	11	10000	7ffe9f1a8980	2add	62187583a4a0	62187584fb90	6218734fa490	8d0000	8d0000	10000	1259
23.124096	7351c	40f7	45d8	e	b36f44	6218757ef910	3b9	10000	7ffe9f1a8980	2add	62187583a4a0	62187584fb90	621872b3a490	b40000	b40000	10000	10fa
23.132920	73519	2f	45d8	5	f1df65	6218757ef910	6	10000	7ffe9f1a8980	2add	62187583a4a0	62187584fb90	621871bba490	f20000	f20000	10000	ecc
23.140072	73519	20dc1	45d8	11	125ae7b	6218757ef910	1883	10000	7ffe9f1a8980	2add	62187583a4a0	62187584fb90	621870eba490	1260000	1260000	10000	cf8
23.148598	73536	12dd3	45d8	10	160aa42	6218757ef910	edd	10000	7ffe9f1a8980	2add	62187583a4a0	62187584fb90	62186fffa490	1610000	1610000	10000	ae5
23.155772	73519	61	45d8	6	210b5f	6218757ef910	9	10000	7ffe9f1a8980	2add	62187583a4a0	62187584fb90	621874fba490	220000	220000	10000	161c
23.166026	7351c	5411	45d8	e	6cd101	6218757ef910	4bd	10000	7ffe9f1a8980	2add	62187583a4a0	62187584fb90	621873cfa490	6d0000	6d0000	10000	1379
23.175662	7359a	6218757fa490	5444	11	b1c239	6218757ef910	2add	10000	7ffe9f1a8980	2add	62187583a4a0	62187584fb90	621872bfa490	b10000	5440	10000	0
23.184013	73519	1e17b	45d8	10	eb65a9	6218757ef910	169c	10000	7ffe9f1a8980	2add	62187583a4a0	62187584fb90	621871d3a490	ec0000	ec0000	10000	f02
23.195287	7353a	f1	45d8	7	13b3dfd	6218757ef910	19	10000	7ffe9f1a8980	2add	62187583a4a0	62187584fb90	62187093a490	13c0000	13c0000	10000	c32
23.205479	7353a	62b	45d8	a	128b25	6218757ef910	7d	10000	7ffe9f1a8980	2add	62187583a4a0	62187584fb90	62187537a490	130000	130000	10000	16a3
23.211780	73519	89	45d8	7	3db3c6	6218757ef910	e	10000	7ffe9f1a8980	2add	62187583a4a0	62187584fb90	6218748ba490	3e0000	3e0000	10000	1520
23.225960	1acbacd60b8a	6218758118e0	5d14	14350	17450	6218757fd590	6218758149e0	5d14	7ffe9f1a8978	6218758118e0	62187583a4a0	62187584fb90	621872efa490	a60000	a60000	10000	1178
23.236471	1acbacd60b8a	621875805eb8	2e8a	3220	ba28	621875802c98	62187580e6c0	2e8a	7ffe9f1a8978	621875805eb8	fffffffff3263180	62187584fb90	621871bfa490	f20000	f20000	10000	ecc
23.248082	7350c	2501b	45d8	11	62187583a4a0	6218757ef910	1b27	10000	7ffe9f1a8980	2add	62187583a4a0	62187584fb90	621870b7a490	1330000	1330000	10000	c83
23.253577	7356f	1111	df2c	11	15b8b44	6218757ef910	2add	10000	7ffe9f1a8980	2add	62187583a4a0	62187584fb90	62187023a490	1580000	df28	10000	0
23.265426	7353a	11fb	45d8	c	3cd1b0	6218757ef910	129	10000	7ffe9f1a8980	2add	62187583a4a0	62187584fb90	6218748fa490	3d0000	3d0000	10000	1529
23.279796	73515	215cb	45d8	11	8b4dcc	6218757ef910	18da	10000	7ffe9f1a8980	2add	62187583a4a0	62187584fb90	62187353a490	8c0000	8c0000	10000	1262
23.292783	7353a	1ab9	45d8	c	eaa483	6218757ef910	1a0	10000	7ffe9f1a8980	2add	62187583a4a0	62187584fb90	621871d7a490	eb0000	eb0000	10000	f0b
23.298509	73519	2a22d	45d8	11	114a03f	6218757ef910	1ea0	10000	7ffe9f1a8980	2add	62187583a4a0	62187584fb90	6218712fa490	1150000	1150000	10000	d91
23.307914	7353a	8e75	45d8	f	1543814	6218757ef910	790	10000	7ffe9f1a8980	2add	62187583a4a0	62187584fb90	6218702fa490	1550000	1550000	10000	b51
23.314824	7353a	18d	45d8	8	122543	6218757ef910	27	10000	7ffe9f1a8980	2add	62187583a4a0	62187584fb90	62187537a490	130000	130000	10000	16a3
23.327883	734d4	6218777894e0	45d8	d	700260	6218757ef910	257	10000	7ffe9f1a8980	2add	62187583a4a0	62187584fb90	621873c3a490	700000	700000	10000	135e
23.340779	1acbacd60b8a	6218758118e0	5d14	d890	17450	621875804050	62187581b4a0	5d14	7ffe9f1a8978	6218758118e0	62187583a4a0	62187584fb90	62187257a490	cc0000	cc0000	10000	1022
23.346043	73540	aa9	45d8	b	f1ffa5	6218757ef910	bf	10000	7ffe9f1a8980	2add	62187583a4a0	62187584fb90	621871bba490	f20000	f20000	10000	ecc
23.356334	73519	11087	45d8	10	13ce7f1	6218757ef910	d9a	10000	7ffe9f1a8980	2add	62187583a4a0	62187584fb90	6218708fa490	13d0000	13d0000	10000	c29
23.361590	73510	14b87	45d8	10	16129c4	6218757ef910	1031	10000	7ffe9f1a8980	2add	62187583a4a0	62187584fb90	62186ffba490	1620000	1620000	10000	adc
23.368619	734d9	6218777894e0	45d8	11	232968	6218757ef910	1f90	10000	7ffe9f1a8980	2add	62187583a4a0	62187584fb90	621874fba490	220000	220000	10000	161c
23.381620	7353a	1a5	45d8	8	81bc97	6218757ef910	29	10000	7ffe9f1a8980	2add	62187583a4a0	62187584fb90	6218737ba490	820000	820000	10000	12bc
23.393788	73519	1b13d	45d8	10	d4d08a	6218757ef910	1471	10000	7ffe9f1a8980	2add	62187583a4a0	62187584fb90	6218722fa490	d50000	d50000	10000	fd1
23.404293	7353a	a3	45d8	7	122ee80	6218757ef910	11	10000	7ffe9f1a8980	2add	62187583a4a0	62187584fb90	621870f7a490	1230000	1230000	10000	d13
23.417779	73515	1d107	45d8	10	f685e	6218757ef910	15e6	10000	7ffe9f1a8980	2add	62187583a4a0	62187584fb90	62187543a490	100000	100000	10000	16be
23.428680	7357c	5898	5894	62187578bfa0	610e97	6218757ef910	2add	0	7ffe9f1a8980	2add	62187583a4a0	62187584fb90	6218740ba490	5e0000	5890	10000	1
23.438168	1acbacd60b8a	6218757fa490	597	2b48	46b8	62188259e00c	6218757fc000	11ae	7ffe9f1a8978	6218757fa490	62187583a4a0	62187584fb90	62187307a490	a00000	a00000	10000	11ae
23.450942	73519	79f	45d8	a	fb487b	6218757ef910	90	10000	7ffe9f1a8980	2add	62187583a4a0	62187584fb90	62187193a490	fc0000	fc0000	10000	e72
23.461405	7353a	71	45d8	6	148f4ac	6218757ef910	c	10000	7ffe9f1a8980	2add	62187583a4a0	62187584fb90	6218705fa490	1490000	1490000	10000	bbd
23.474298	7353a	107	45d8	8	2fc4eb	6218757ef910	1c	10000	7ffe9f1a8980	2add	62187583a4a0	62187584fb90	621874c3a490	300000	300000	10000	159e
23.482122	7353a	8f23	45d8	f	64c7ec	6218757ef910	79a	10000	7ffe9f1a8980	2add	62187583a4a0	62187584fb90	621873efa490	650000	650000	10000	13c1
23.494802	7359a	6218757fa490	b8f0	11	be9cdc	6218757ef910	2add	10000	7ffe9f1a8980	2add	62187583a4a0	62187584fb90	6218728ba490	be0000	b8ec	10000	0
23.505683	73519	2f	45d8	5	105fb5c	6218757ef910	6	10000	7ffe9f1a8980	2add	62187583a4a0	62187584fb90	6218716ba490	1060000	1060000	10000	e18
23.517896	734db	6218777894e0	45d8	11	1499a4f	6218757ef910	2706	10000	7ffe9f1a8980	2add	62187583a4a0	62187584fb90	6218705fa490	1490000	1490000	10000	bbd
23.526203	1acbacd60b8a	621875828d30	45d8	7990	11760	621875804260	621875832b00	ba28	7ffe9f1a8978	621875828d30	62187583a4a0	62187584fb90	62187537a490	140000	140000	10000	169a
23.535162	73510	3af3	45d8	d	4f2f5f	6218757ef910	36c	10000	7ffe9f1a8980	2add	62187583a4a0	62187584fb90	62187443a490	500000	500000	10000	147e
23.541897	7353a	71	45d8	6	803a8c	6218757ef910	c	10000	7ffe9f1a8980	2add	62187583a4a0	62187584fb90	6218737fa490	810000	810000	10000	12c5
23.551388	73515	1663f	45d8	10	bf5b97	6218757ef910	114e	10000	7ffe9f1a8980	2add	62187583a4a0	62187584fb90	62187283a490	c00000	c00000	10000	108e
23.560296	7353a	3567d	45d8	11	fca66d	6218757ef910	2606	10000	7ffe9f1a8980	2add	62187583a4a0	62187584fb90	6218718fa490	fd0000	fd0000	10000	e69
23.572792	7353a	8a23	45d8	f	1519fc4	6218757ef910	765	10000	7ffe9f1a8980	2add	62187583a4a0	62187584fb90	6218703ba490	1520000	1520000	10000	b6c
23.579457	73542	2bb55	45d8	11	eddba	6218757ef910	1fc1	10000	7ffe9f1a8980	2add	62187583a4a0	62187584fb90	6218754fa490	d0000	d0000	10000	16d9
23.588231	73519	2c825	45d8	11	3c5519	6218757ef910	204c	10000	7ffe9f1a8980	2add	62187583a4a0	62187584fb90	6218748fa490	3d0000	3d0000	10000	1529
23.600863	73519	175d5	45d8	10	933e7c	6218757ef910	11fa	10000	7ffe9f1a8980	2add	62187583a4a0	62187584fb90	62187333a490	940000	940000	10000	121a
23.615905	7356f	1111	d344	62187578bfa0	fb70c6	6218757ef910	2add	0	7ffe9f1a8980	2add	62187583a4a0	62187584fb90	6218719ba490	fa0000	d340	10000	1
23.629553	7359e	ffff	8f78	11	15acdc3	6218757ef910	2add	10000	7ffe9f1a8980	2add	62187583a4a0	62187584fb90	6218701ba490	15a0000	8f74	10000	0
23.635770	73519	2f	45d8	5	111d31	6218757ef910	6	10000	7ffe9f1a8980	2add	62187583a4a0	62187584fb90	6218753ba490	120000	120000	10000	16ac
23.649164	7353a	e3	45d8	7	6e3942	6218757ef910	17	10000	7ffe9f1a8980	2add	62187583a4a0	62187584fb90	621873c7a490	6f0000	6f0000	10000	1367
23.656939	7350c	769f	45d8	e	62187583a4a0	6218757ef910	668	10000	7ffe9f1a8980	2add	62187583a4a0	62187584fb90	621872efa490	a50000	a50000	10000	1181
23.667670	73519	6c29	45d8	e	ed0dec	6218757ef910	5e3	10000	7ffe9f1a8980	2add	62187583a4a0	62187584fb90	621871cba490	ee0000	ee0000	10000	ef0
23.681159	73536	217f1	45d8	11	14e1f9d	6218757ef910	18f2	10000	7ffe9f1a8980	2add	62187583a4a0	62187584fb90	62187047a490	14f0000	14f0000	10000	b87
23.690485	7353a	1000f	45d8	10	1f42e3	6218757ef910	cef	10000	7ffe9f1a8980	2add	62187583a4a0	62187584fb90	62187503a490	200000	200000	10000	162e
23.703214	73519	a7	45d8	7	7c5788	6218757ef910	12	10000	7ffe9f1a8980	2add	62187583a4a0	62187584fb90	6218738fa490	7d0000	7d0000	10000	12e9
23.710834	73f54	2add	621875794ab0	300d6	a46a12	30919	a3eb46	621883438de0	7ffe9f1a8980	30919	22e6	621878fd9170	48b79d109586ff7c	2add	16	22e7	27
23.720234	7353a	a033	45d8	f	dff44a	6218757ef910	86f	10000	7ffe9f1a8980	2add	62187583a4a0	62187584fb90	62187203a490	e00000	e00000	10000	f6e
23.726676	1acbacd60b8a	6218758118e0	5d14	210	17450	6218758116d0	621875828b20	5d14	7ffe9f1a8978	6218758118e0	62187583a4a0	62187584fb90	6218718ba490	ff0000	ff0000	10000	e57
23.732747	73540	e5	45d8	7	121dac4	6218757ef910	18	10000	7ffe9f1a8980	2add	62187583a4a0	62187584fb90	621870fba490	1220000	1220000	10000	d1c
23.746817	734d9	6218777894e0	45d8	11	a141a	6218757ef910	1f11	10000	7ffe9f1a8980	2add	62187583a4a0	62187584fb90	6218755ba490	a0000	a0000	10000	16f4
23.755585	73519	35393	45d8	11	41f73a	6218757ef910	25dc	10000	7ffe9f1a8980	2add	62187583a4a0	62187584fb90	6218747ba490	420000	420000	10000	14fc
23.769057	7353a	6b	45d8	6	a221af	6218757ef910	a	10000	7ffe9f1a8980	2add	62187583a4a0	62187584fb90	621872f7a490	a30000	a30000	10000	1193
23.783776	73587	6218757fa490	2a1c	11	10e1f0c	6218757ef910	2add	10000	7ffe9f1a8980	2add	62187583a4a0	62187584fb90	62187157a490	10b0000	2a18	10000	0
23.790497	73540	d3	45d8	7	13d0076	6218757ef910	15	10000	7ffe9f1a8980	2add	62187583a4a0	62187584fb90	6218708fa490	13d0000	13d0000	10000	c29
23.798159	73519	c541	45d8	f	14e6d	6218757ef910	a27	10000	7ffe9f1a8980	2add	62187583a4a0	62187584fb90	6218757ba490	20000	20000	10000	173c
23.813182	73536	387c7	45d8	11	641c5a	6218757ef910	27f9	10000	7ffe9f1a8980	2add	62187583a4a0	62187584fb90	621873efa490	650000	650000	10000	13c1
23.819234	7353a	89f	45d8	b	8ebd38	6218757ef910	9f	10000	7ffe9f1a8980	2add	62187583a4a0	62187584fb90	62187347a490	8f0000	8f0000	10000	1247
23.828343	7351c	fb	45d8	7	d17362	6218757ef910	1a	10000	7ffe9f1a8980	2add	62187583a4a0	62187584fb90	6218723ba490	d20000	d20000	10000	fec
23.840483	73587	6218757fa490	c834	11	12a7c9f	6218757ef910	2add	10000	7ffe9f1a8980	2add	62187583a4a0	62187584fb90	621870dfa490	1290000	c830	10000	0
23.849194	73519	9c35	45d8	f	166147a	6218757ef910	83f	10000	7ffe9f1a8980	2add	62187583a4a0	62187584fb90	62186fe7a490	1670000	1670000	10000	aaf
23.856060	7353a	181f9	45d8	10	25e1b6	6218757ef910	1280	10000	7ffe9f1a8980	2add	62187583a4a0	62187584fb90	621874eba490	260000	260000	10000	15f8
23.863844	1acbacd60b8a	6218757fa490	345	1990	5000	62188259f1c4	6218757fdb00	1400	7ffe9f1a8978	6218757fa490	62187583a4a0	62187584fb90	6218740fa490	5e0000	5e0000	10000	1400
23.878904	73519	b71d	45d8	f	c6c4e3	6218757ef910	98e	10000	7ffe9f1a8980	2add	62187583a4a0	62187584fb90	62187267a490	c70000	c70000	10000	104f
23.888112	73542	23d83	45d8	11	10a8cf1	6218757ef910	1a79	10000	7ffe9f1a8980	2add	62187583a4a0	62187584fb90	6218715fa490	1090000	1090000	10000	dfd
23.902847	72b92	a8c3	349cf	349cf	1dc92	c9fa	257a	13b18	7ffe9f1a8980	349cf	0	1c01a	e00d4f383f53aa1a	257a	8000000000006608	ceedb8b7bd55bd46	2add
23.917070	73519	11a5	45d8	c	4d173b	6218757ef910	123	10000	7ffe9f1a8980	2add	62187583a4a0	62187584fb90	6218744ba490	4e0000	4e0000	10000	1490
23.922419	7351c	5215	45d8	e	715f6b	6218757ef910	4a3	10000	7ffe9f1a8980	2add	62187583a4a0	62187584fb90	621873bba490	720000	720000	10000	134c
23.931685	73529	25bcb	45d8	11	a52db0	6218757ef910	1ba4	10000	7ffe9f1a8980	2add	62187583a4a0	62187584fb90	621872f3a490	a40000	a40000	10000	118a
23.945545	73529	202c1	45d8	11	10a6828	6218757ef910	180f	10000	7ffe9f1a8980	2add	62187583a4a0	62187584fb90	6218715ba490	10a0000	10a0000	10000	df4
23.959676	73519	233	45d8	9	ad67	6218757ef910	36	10000	7ffe9f1a8980	2add	62187583a4a0	62187584fb90	6218757fa490	10000	10000	10000	1745
23.968228	7353a	2f	45d8	5	3c9d6a	6218757ef910	6	10000	7ffe9f1a8980	2add	62187583a4a0	62187584fb90	6218748fa490	3d0000	3d0000	10000	1529
23.981486	7353a	5ddd	45d8	e	9d1972	6218757ef910	53f	10000	7ffe9f1a8980	2add	62187583a4a0	62187584fb90	6218730ba490	9e0000	9e0000	10000	11c0
23.987266	73519	2c77	45d8	d	c72c0d	6218757ef910	298	10000	7ffe9f1a8980	2add	62187583a4a0	62187584fb90	62187263a490	c80000	c80000	10000	1046
23.992735	7353a	a7	45d8	7	ee6909	6218757ef910	12	10000	7ffe9f1a8980	2add	62187583a4a0	62187584fb90	621871c7a490	ef0000	ef0000	10000	ee7
24.003257	73573	3a74	3a70	11	13cc0a7	6218757ef910	2add	10000	7ffe9f1a8980	2add	62187583a4a0	62187584fb90	6218709ba490	13a0000	3a6c	10000	0
24.017229	73515	a3	45d8	7	244adf	6218757ef910	11	10000	7ffe9f1a8980	2add	62187583a4a0	62187584fb90	621874efa490	250000	250000	10000	1601
24.024140	7353a	6b	45d8	6	569aa0	6218757ef910	a	10000	7ffe9f1a8980	2add	62187583a4a0	62187584fb90	62187427a490	570000	570000	10000	143f
24.035508	734c5	15dd9	45d8	10	a759db	6218757ef910	10f4	10000	7ffe9f1a8980	2add	62187583a4a0	62187584fb90	621872e7a490	a70000	a70000	10000	116f
24.048201	73536	259cd	45d8	11	1002c36	6218757ef910	1b90	10000	7ffe9f1a8980	2add	62187583a4a0	62187584fb90	6218717fa490	1010000	1010000	10000	e45
24.056230	73519	19db9	45d8	10	13dc772	6218757ef910	13a6	10000	7ffe9f1a8980	2add	62187583a4a0	62187584fb90	6218708ba490	13e0000	13e0000	10000	c20
24.062639	73ec8	2add	621875794ab0	62187779ebd0	12a5e	0	0	6218838a7990	7ffe9f1a8980	16d2f	1199	621879a64f60	48b79d109586ff7c	2add	14	119a	24
24.070123	7359a	6218757fa490	7c30	11	2db75e	6218757ef910	2add	10000	7ffe9f1a8980	2add	62187583a4a0	62187584fb90	621874dba490	2a0000	7c2c	10000	0
24.084341	7353a	1b74b	45d8	10	8f45de	6218757ef910	14ba	10000	7ffe9f1a8980	2add	62187583a4a0	62187584fb90	62187343a490	900000	900000	10000	123e
24.096038	1acbacd60b8a	6218758001a4	1745	4918	5d14	6218757fb88c	6218758015a0	1745	7ffe9f1a8978	6218758001a4	62187583a4a0	62187584fb90	621871fba490	e30000	e30000	10000	f53
24.108446	7352d	3a28f	45d8	11	13f81d6	6218757ef910	28fe	10000	7ffe9f1a8980	2add	62187583a4a0	62187584fb90	6218708fa490	13d0000	13d0000	10000	c29
24.119954	73519	a3	45d8	7	1ef050	6218757ef910	11	10000	7ffe9f1a8980	2add	62187583a4a0	62187584fb90	62187507a490	1f0000	1f0000	10000	1637
24.133842	7353a	2abdd	45d8	11	824332	6218757ef910	1f0a	10000	7ffe9f1a8980	2add	62187583a4a0	62187584fb90	62187377a490	830000	830000	10000	12b3
24.142501	73515	18c71	45d8	10	bf2177	6218757ef910	12eb	10000	7ffe9f1a8980	2add	62187583a4a0	62187584fb90	62187283a490	c00000	c00000	10000	108e
24.151305	73519	add1	45d8	f	ffe42c	6218757ef910	91c	10000	7ffe9f1a8980	2add	62187583a4a0	62187584fb90	62187183a490	1000000	1000000	10000	e4e
24.161005	73519	445	45d8	a	1431e4b	6218757ef910	5d	10000	7ffe9f1a8980	2add	62187583a4a0	62187584fb90	62187073a490	1440000	1440000	10000	bea
24.170942	7352d	14be7	45d8	10	13ecab	6218757ef910	1034	10000	7ffe9f1a8980	2add	62187583a4a0	62187584fb90	62187537a490	130000	130000	10000	16a3
24.182092	73519	3a1d7	45d8	11	61f280	6218757ef910	28f6	10000	7ffe9f1a8980	2add	62187583a4a0	62187584fb90	621873fba490	620000	620000	10000	13dc
24.191931	7353a	6d	45d8	6	a75d32	6218757ef910	b	10000	7ffe9f1a8980	2add	62187583a4a0	62187584fb90	621872e3a490	a80000	a80000	10000	1166
24.206835	7353a	b633	45d8	f	1121a75	6218757ef910	983	10000	7ffe9f1a8980	2add	62187583a4a0	62187584fb90	62187137a490	1130000	1130000	10000	da3
24.213959	7357c	6dd8	6dd4	11	14977d4	6218757ef910	2add	10000	7ffe9f1a8980	2add	62187583a4a0	62187584fb90	6218706ba490	1460000	6dd0	10000	0
24.225273	73f57	2add	621875794ab0	1302	61	141b	11fc27	621883aaea80	7ffe9f1a8980	141b	142	621879ae5d20	48b79d109586ff7c	2add	50	143	5c
24.231095	73536	212d5	45d8	11	381498	6218757ef910	18b8	10000	7ffe9f1a8980	2add	62187583a4a0	62187584fb90	6218749fa490	390000	390000	10000	154d
24.238338	7353a	145e7	45d8	10	6ca7ae	6218757ef910	ff8	10000	7ffe9f1a8980	2add	62187583a4a0	62187584fb90	621873cfa490	6d0000	6d0000	10000	1379
24.243603	734d4	6218777894e0	45d8	11	966f5b	6218757ef910	2063	10000	7ffe9f1a8980	2add	62187583a4a0	62187584fb90	62187333a490	940000	940000	10000	121a
24.254472	734c1	38e9d	45d8	11	e48b27	6218757ef910	2835	10000	7ffe9f1a8980	2add	62187583a4a0	62187584fb90	621871ffa490	e10000	e10000	10000	f65
24.261052	73587	6218757fa490	8d8	11	10e1973	6218757ef910	2add	10000	7ffe9f1a8980	2add	62187583a4a0	62187584fb90	6218714fa490	10d0000	8d4	10000	0
24.275616	7353a	27707	45d8	11	6b367	6218757ef910	1cba	10000	7ffe9f1a8980	2add	62187583a4a0	62187584fb90	62187567a490	70000	70000	10000	170f
24.284942	7353a	6b	45d8	6	479fc6	6218757ef910	a	10000	7ffe9f1a8980	2add	62187583a4a0	62187584fb90	62187463a490	480000	480000	10000	14c6
24.290673	73519	265	45d8	9	6e1c79	6218757ef910	39	10000	7ffe9f1a8980	2add	62187583a4a0	62187584fb90	621873c7a490	6f0000	6f0000	10000	1367
24.296953	734e3	2add	45d8	11	9bb80b	6218757ef910	292d	10000	7ffe9f1a8980	2add	62187583a4a0	62187584fb90	6218731fa490	990000	990000	10000	11ed
24.307698	7353a	1433	45d8	c	e685d5	6218757ef910	143	10000	7ffe9f1a8980	2add	62187583a4a0	62187584fb90	621871e7a490	e70000	e70000	10000	f2f
24.320059	73573	2de4	2de0	11	141a263	6218757ef910	2add	10000	7ffe9f1a8980	2add	62187583a4a0	62187584fb90	6218707fa490	1410000	2ddc	10000	0
24.333604	7353a	44a1	45d8	e	2ef524	6218757ef910	3eb	10000	7ffe9f1a8980	2add	62187583a4a0	62187584fb90	621874c7a490	2f0000	2f0000	10000	15a7
24.339886	73521	1402f	45d8	10	5b1080	6218757ef910	fba	10000	7ffe9f1a8980	2add	62187583a4a0	62187584fb90	62187417a490	5b0000	5b0000	10000	141b
24.351792	7353a	2e86d	45d8	11	b2cf87	6218757ef910	2194	10000	7ffe9f1a8980	2add	62187583a4a0	62187584fb90	621872b7a490	b30000	b30000	10000	1103
24.363206	7353a	ad	45d8	7	106d228	6218757ef910	13	10000	7ffe9f1a8980	2add	62187583a4a0	62187584fb90	62187167a490	1070000	1070000	10000	e0f
24.370194	73515	e5	45d8	7	139f4ec	6218757ef910	18	10000	7ffe9f1a8980	2add	62187583a4a0	62187584fb90	6218709ba490	13a0000	13a0000	10000	c44
24.378244	72b31	fffffffffa6cf7f1	1fa39	1fa39	ffffffff	cef1	17b0	cbf0	7ffe9f1a8980	1fa39	0	1c01a	e00d4f383f53aa1a	17b0	8000000000008c06	a3e6d77492a58808	2add
24.389735	73519	32c81	45d8	11	52a98d	6218757ef910	244a	10000	7ffe9f1a8980	2add	62187583a4a0	62187584fb90	62187437a490	530000	530000	10000	1463
24.395990	7350c	4ed1	45d8	e	62187583a4a0	6218757ef910	47a	10000	7ffe9f1a8980	2add	62187583a4a0	62187584fb90	62187383a490	800000	800000	10000	12ce
24.409419	7352d	36427	45d8	11	de91df	6218757ef910	268b	10000	7ffe9f1a8980	2add	62187583a4a0	62187584fb90	6218720ba490	de0000	de0000	10000	f80
24.416122	73519	34121	45d8	11	10c5cb3	6218757ef910	2523	10000	7ffe9f1a8980	2add	62187583a4a0	62187584fb90	6218714fa490	10d0000	10d0000	10000	dd9
24.429497	73519	93dd	45d8	f	16bfa00	6218757ef910	7dd	10000	7ffe9f1a8980	2add	62187583a4a0	62187584fb90	62186fd3a490	16c0000	16c0000	10000	a82
24.438687	73519	95	45d8	7	3d1bce	6218757ef910	f	10000	7ffe9f1a8980	2add	62187583a4a0	62187584fb90	6218748ba490	3e0000	3e0000	10000	1520
24.451546	73536	175	45d8	8	990e1f	6218757ef910	23	10000	7ffe9f1a8980	2add	62187583a4a0	62187584fb90	6218731ba490	9a0000	9a0000	10000	11e4
24.463707	73519	33443	45d8	11	ef4041	6218757ef910	249c	10000	7ffe9f1a8980	2add	62187583a4a0	62187584fb90	621871c3a490	f00000	f00000	10000	ede
24.471235	73519	35	45d8	5	127de0a	6218757ef910	7	10000	7ffe9f1a8980	2add	62187583a4a0	62187584fb90	621870e3a490	1280000	1280000	10000	ce6
24.476850	73519	14ce7	45d8	10	14e9aa5	6218757ef910	103e	10000	7ffe9f1a8980	2add	62187583a4a0	62187584fb90	62187047a490	14f0000	14f0000	10000	b87
24.482330	73519	6997	45d8	e	16c2660	6218757ef910	5c7	10000	7ffe9f1a8980	2add	62187583a4a0	62187584fb90	62186fcfa490	16d0000	16d0000	10000	a79
24.494688	7352d	26867	45d8	11	530a08	6218757ef910	1c2f	10000	7ffe9f1a8980	2add	62187583a4a0	62187584fb90	62187437a490	530000	530000	10000	1463
24.509422	73510	6265	45d8	e	b95aab	6218757ef910	56c	10000	7ffe9f1a8980	2add	62187583a4a0	62187584fb90	6218729ba490	ba0000	ba0000	10000	10c4
24.523748	73596	6218757fa490	efdc	11	11f3cc7	6218757ef910	2add	10000	7ffe9f1a8980	2add	62187583a4a0	62187584fb90	62187107a490	11f0000	efd8	10000	0
24.536076	73519	35	45d8	5	16dbc56	6218757ef910	7	10000	7ffe9f1a8980	2add	62187583a4a0	62187584fb90	62186fcba490	16e0000	16e0000	10000	a70
24.542701	73519	1da7	45d8	c	298315	6218757ef910	1ca	10000	7ffe9f1a8980	2add	62187583a4a0	62187584fb90	621874dba490	2a0000	2a0000	10000	15d4
24.551992	73519	204a7	45d8	11	698181	6218757ef910	181e	10000	7ffe9f1a8980	2add	62187583a4a0	62187584fb90	621873dba490	6a0000	6a0000	10000	1394
24.566791	73519	a7	45d8	7	c6c8b5	6218757ef910	12	10000	7ffe9f1a8980	2add	62187583a4a0	62187584fb90	62187267a490	c70000	c70000	10000	104f
24.578199	7353a	21d	45d8	9	10f7efc	6218757ef910	34	10000	7ffe9f1a8980	2add	62187583a4a0	62187584fb90	62187143a490	1100000	1100000	10000	dbe
24.586386	749f2	62187a46bed0	13	2	6	0	62187a46c178	22a5	7ffe9f1a8980	1	62187a46c100	13	621875946110	13	8	0	621883eb0db0
24.595774	847a4	621875d9ae30	3c928afa688730c3	2c	621883ea8240	6218580ea0b0	7ffe9f1a8848	1	7ffe9f1a8840	2c	4	bc	48b79d109586ff7c	621883ea8250	0	1bc	621883ea8190
24.610793	7353a	e3	45d8	7	7eec8e	6218757ef910	17	10000	7ffe9f1a8980	2add	62187583a4a0	62187584fb90	62187387a490	7f0000	7f0000	10000	12d7
24.616599	7353a	34195	45d8	11	a70b32	6218757ef910	252a	10000	7ffe9f1a8980	2add	62187583a4a0	62187584fb90	621872e3a490	a80000	a80000	10000	1166
24.625615	73519	fb	45d8	7	e551a0	6218757ef910	1a	10000	7ffe9f1a8980	2add	62187583a4a0	62187584fb90	621871eba490	e60000	e60000	10000	f38
24.639372	73519	2098f	45d8	11	133b550	6218757ef910	185a	10000	7ffe9f1a8980	2add	62187583a4a0	62187584fb90	621870b3a490	1340000	1340000	10000	c7a
24.645488	1acbacd60b8a	6218758001a4	1745	3d18	5d14	6218757fc48c	6218758021a0	1745	7ffe9f1a8978	6218758001a4	fffffffff326219c	62187584fb90	62186ffba490	1630000	1630000	10000	ad3
24.657000	73519	3131b	45d8	11	4397d5	6218757ef910	233b	10000	7ffe9f1a8980	2add	62187583a4a0	62187584fb90	62187473a490	440000	440000	10000	14ea
24.663058	734d9	6218777894e0	45d8	11	6f8ad3	6218757ef910	292b	10000	7ffe9f1a8980	2add	62187583a4a0	62187584fb90	621873c7a490	6f0000	6f0000	10000	1367
24.670403	73515	3264d	45d8	11	a2e3ee	6218757ef910	2408	10000	7ffe9f1a8980	2add	62187583a4a0	62187584fb90	621872f7a490	a30000	a30000	10000	1193
24.682797	73519	2f	45d8	5	fbe387	6218757ef910	6	10000	7ffe9f1a8980	2add	62187583a4a0	62187584fb90	62187193a490	fc0000	fc0000	10000	e72
24.691376	1acbacd60b8a	621875805eb8	2e8a	3aa0	ba28	621875802418	62187580de40	2e8a	7ffe9f1a8978	621875805eb8	62187583a4a0	62187584fb90	621870a3a490	1390000	1390000	10000	c4d
24.703955	73521	3ba49	45d8	11	1a1aad	6218757ef910	29e7	10000	7ffe9f1a8980	2add	62187583a4a0	62187584fb90	62187523a490	180000	180000	10000	1676
24.712784	7353a	29	45d8	5	583bb9	6218757ef910	5	10000	7ffe9f1a8980	2add	62187583a4a0	62187584fb90	6218741fa490	590000	590000	10000	142d
24.721440	73519	3b39f	45d8	11	93317a	6218757ef910	29a7	10000	7ffe9f1a8980	2add	62187583a4a0	62187584fb90	62187333a490	940000	940000	10000	121a
24.728216	73f71	2add	621875794ab0	62187779ebd0	7184	0	0	6218840c0240	7ffe9f1a8980	c8cf	a4f	621882f0e7a0	48b79d109586ff7c	2add	25	a50	34
24.734267	7353a	30a3	45d8	d	ea664f	6218757ef910	2d5	10000	7ffe9f1a8980	2add	62187583a4a0	62187584fb90	621871d7a490	eb0000	eb0000	10000	f0b
24.743874	7357f	a968	a964	11	13394fd	6218757ef910	2add	10000	7ffe9f1a8980	2add	62187583a4a0	62187584fb90	621870bfa490	1310000	a964	10000	0
24.753977	73519	83	45d8	7	a9057	6218757ef910	d	10000	7ffe9f1a8980	2add	62187583a4a0	62187584fb90	62187557a490	b0000	b0000	10000	16eb
24.767298	73519	11b	45d8	8	6c28bf	6218757ef910	1f	10000	7ffe9f1a8980	2add	62187583a4a0	62187584fb90	621873cfa490	6d0000	6d0000	10000	1379
24.777916	73519	510b	45d8	e	aa2fe0	6218757ef910	494	10000	7ffe9f1a8980	2add	62187583a4a0	62187584fb90	621872d7a490	ab0000	ab0000	10000	114b
24.791746	7353a	45d	45d8	a	10d1cc0	6218757ef910	5f	10000	7ffe9f1a8980	2add	62187583a4a0	62187584fb90	6218714ba490	10e0000	10e0000	10000	dd0
24.799455	73519	d3	45d8	7	1421317	6218757ef910	15	10000	7ffe9f1a8980	2add	62187583a4a0	62187584fb90	62187077a490	1430000	1430000	10000	bf3
24.805361	73519	2515d	45d8	11	16c5398	6218757ef910	1b3b	10000	7ffe9f1a8980	2add	62187583a4a0	62187584fb90	62186fcfa490	16d0000	16d0000	10000	a79
24.815987	7359e	ffff	dda4	11	437182	6218757ef910	2add	10000	7ffe9f1a8980	2add	62187583a4a0	62187584fb90	62187483a490	400000	dda0	10000	0
24.824992	7353a	58c7	45d8	e	80f27e	6218757ef910	4fb	10000	7ffe9f1a8980	2add	62187583a4a0	62187584fb90	6218737fa490	810000	810000	10000	12c5
24.832276	7353a	855d	45d8	f	b0ea4d	6218757ef910	72c	10000	7ffe9f1a8980	2add	62187583a4a0	62187584fb90	621872bfa490	b10000	b10000	10000	1115
24.838082	7353a	63c5	45d8	e	dae584	6218757ef910	57c	10000	7ffe9f1a8980	2add	62187583a4a0	62187584fb90	62187217a490	db0000	db0000	10000	f9b
24.846189	7352d	1e925	45d8	10	10e11c8	6218757ef910	16e8	10000	7ffe9f1a8980	2add	62187583a4a0	62187584fb90	6218714ba490	10e0000	10e0000	10000	dd0
24.856190	734ec	2add	45d8	f	1564eba	6218757ef910	c47	10000	7ffe9f1a8980	2add	62187583a4a0	62187584fb90	6218702ba490	1560000	1560000	10000	b48
24.868542	7353a	8ee7	45d8	f	3b3a09	6218757ef910	799	10000	7ffe9f1a8980	2add	62187583a4a0	62187584fb90	62187493a490	3c0000	3c0000	10000	1532
24.879502	7353a	3876d	45d8	11	78f0c3	6218757ef910	27f5	10000	7ffe9f1a8980	2add	62187583a4a0	62187584fb90	6218739fa490	790000	790000	10000	130d
24.893294	73519	319cd	45d8	11	db42ae	6218757ef910	2388	10000	7ffe9f1a8980	2add	62187583a4a0	62187584fb90	62187213a490	dc0000	dc0000	10000	f92
24.903445	73519	6d2b	45d8	e	1250534	6218757ef910	5f5	10000	7ffe9f1a8980	2add	62187583a4a0	62187584fb90	621870eba490	1260000	1260000	10000	cf8
24.917989	73515	17879	45d8	10	1d7831	6218757ef910	121a	10000	7ffe9f1a8980	2add	62187583a4a0	62187584fb90	6218750ba490	1e0000	1e0000	10000	1640
24.927573	73519	a1f	45d8	b	63c3ff	6218757ef910	b4	10000	7ffe9f1a8980	2add	62187583a4a0	62187584fb90	621873f3a490	640000	640000	10000	13ca
24.933823	7353a	1eb	45d8	8	8b6196	6218757ef910	30	10000	7ffe9f1a8980	2add	62187583a4a0	62187584fb90	62187353a490	8c0000	8c0000	10000	1262
24.942969	73519	6b	45d8	6	cd2845	6218757ef910	a	10000	7ffe9f1a8980	2add	62187583a4a0	62187584fb90	6218724ba490	ce0000	ce0000	10000	1010
24.950763	7353a	2550b	45d8	11	1031e06	6218757ef910	1b5f	10000	7ffe9f1a8980	2add	62187583a4a0	62187584fb90	62187173a490	1040000	1040000	10000	e2a
24.956212	7353a	33b	45d8	9	12b4b97	6218757ef910	4a	10000	7ffe9f1a8980	2add	62187583a4a0	62187584fb90	621870d3a490	12c0000	12c0000	10000	cc2
24.964286	734d9	6218777894e0	45d8	10	167b0bd	6218757ef910	14ed	10000	7ffe9f1a8980	2add	62187583a4a0	62187584fb90	62186fe7a490	1670000	1670000	10000	aaf
24.978428	73519	28db	45d8	d	5bdc06	6218757ef910	265	10000	7ffe9f1a8980	2add	62187583a4a0	62187584fb90	62187413a490	5c0000	5c0000	10000	1412
24.984436	73519	1b14b	45d8	10	84d464	6218757ef910	1474	10000	7ffe9f1a8980	2add	62187583a4a0	62187584fb90	6218736fa490	850000	850000	10000	12a1
24.990944	7353a	1df1b	45d8	10	b40f7c	6218757ef910	1684	10000	7ffe9f1a8980	2add	62187583a4a0	62187584fb90	621872afa490	b50000	b50000	10000	10f1
24.998483	73519	83d7	45d8	f	dc038b	6218757ef910	711	10000	7ffe9f1a8980	2add	62187583a4a0	62187584fb90	6218720fa490	dd0000	dd0000	10000	f89
25.009440	7353a	33065	45d8	11	12d2c9f	6218757ef910	2470	10000	7ffe9f1a8980	2add	62187583a4a0	62187584fb90	621870cba490	12e0000	12e0000	10000	cb0
25.023338	73510	2051	45d8	d	20026c	6218757ef910	1ee	10000	7ffe9f1a8980	2add	62187583a4a0	62187584fb90	621874ffa490	210000	210000	10000	1625
25.037674	7353a	1eb	45d8	8	7d7bd9	6218757ef910	30	10000	7ffe9f1a8980	2add	62187583a4a0	62187584fb90	6218738ba490	7e0000	7e0000	10000	12e0
25.048928	1acbacd6110a	0	1	9328	6218844ac7b0	0	6218844ae000	7f	7ffe9f1a8978	0	6218844ac7b0	621883439c30	7ce404e1ace0	62187578bfa8	6218757fa490	ab74	7f
25.054972	73515	34705	45d8	11	f575a8	6218757ef910	255e	10000	7ffe9f1a8980	2add	62187583a4a0	62187584fb90	621871aba490	f60000	f60000	10000	ea8
25.066737	7353a	3b905	45d8	11	138eddd	6218757ef910	29da	10000	7ffe9f1a8980	2add	62187583a4a0	62187584fb90	6218709fa490	1390000	1390000	10000	c4d
25.075697	73519	1b7c1	45d8	10	56aa5	6218757ef910	14c0	10000	7ffe9f1a8980	2add	62187583a4a0	62187584fb90	6218756ba490	60000	60000	10000	1718
25.087182	734d9	6218777894e0	45d8	10	560244	6218757ef910	f3c	10000	7ffe9f1a8980	2add	62187583a4a0	62187584fb90	6218742ba490	560000	560000	10000	1448
25.097795	7353a	19939	45d8	10	a263d7	6218757ef910	1376	10000	7ffe9f1a8980	2add	62187583a4a0	62187584fb90	621872f7a490	a30000	a30000	10000	1193
25.103530	73519	3f3d	45d8	d	ca59b5	6218757ef910	3a3	10000	7ffe9f1a8980	2add	62187583a4a0	62187584fb90	62187257a490	cb0000	cb0000	10000	102b
25.116606	73519	32891	45d8	11	128a971	6218757ef910	241e	10000	7ffe9f1a8980	2add	62187583a4a0	62187584fb90	621870dfa490	1290000	1290000	10000	cdd
25.122933	7353a	3988d	45d8	11	15507d0	6218757ef910	2891	10000	7ffe9f1a8980	2add	62187583a4a0	62187584fb90	6218702ba490	1560000	1560000	10000	b48
25.132660	73519	c029	45d8	f	27f617	6218757ef910	9ed	10000	7ffe9f1a8980	2add	62187583a4a0	62187584fb90	621874e3a490	280000	280000	10000	15e6
25.143622	73519	2b121	45d8	11	712ef6	6218757ef910	1f4c	10000	7ffe9f1a8980	2add	62187583a4a0	62187584fb90	621873bba490	720000	720000	10000	134c
25.150821	73519	29	45d8	5	a352ca	6218757ef910	5	10000	7ffe9f1a8980	2add	62187583a4a0	62187584fb90	621872f3a490	a40000	a40000	10000	118a
25.158452	73519	55d9	45d8	e	dbdd09	6218757ef910	4d5	10000	7ffe9f1a8980	2add	62187583a4a0	62187584fb90	62187213a490	dc0000	dc0000	10000	f92
25.165955	73515	1a5	45d8	8	10ed106	6218757ef910	29	10000	7ffe9f1a8980	2add	62187583a4a0	62187584fb90	62187147a490	10f0000	10f0000	10000	dc7
25.180311	7352d	175f3	45d8	10	812ff	6218757ef910	11fe	10000	7ffe9f1a8980	2add	62187583a4a0	62187584fb90	62187563a490	80000	80000	10000	1706
25.192483	7359a	6218757fa490	2684	11	613829	6218757ef910	2add	10000	7ffe9f1a8980	2add	62187583a4a0	62187584fb90	621873ffa490	610000	2680	10000	0
25.201818	73519	18cc5	45d8	10	a2072c	6218757ef910	12ee	10000	7ffe9f1a8980	2add	62187583a4a0	62187584fb90	621872f7a490	a30000	a30000	10000	1193
25.214865	73519	23b8d	45d8	11	10004d5	6218757ef910	1a64	10000	7ffe9f1a8980	2add	62187583a4a0	62187584fb90	6218717fa490	1010000	1010000	10000	e45
25.223587	73519	2d5db	45d8	11	13fa1e7	6218757ef910	20d8	10000	7ffe9f1a8980	2add	62187583a4a0	62187584fb90	62187083a490	1400000	1400000	10000	c0e
25.233738	7359e	ffff	15fc	11	1ab079	6218757ef910	2add	10000	7ffe9f1a8980	2add	62187583a4a0	62187584fb90	62187527a490	170000	15f8	10000	0
25.239217	73519	1d23	45d8	c	3f250d	6218757ef910	1c0	10000	7ffe9f1a8980	2add	62187583a4a0	62187584fb90	62187483a490	400000	400000	10000	150e
25.246647	73529	1f921	45d8	10	737bed	6218757ef910	17a4	10000	7ffe9f1a8980	2add	62187583a4a0	62187584fb90	621873b7a490	730000	730000	10000	1343
25.251829	7353a	df	45d8	7	98190a	6218757ef910	16	10000	7ffe9f1a8980	2add	62187583a4a0	62187584fb90	6218731fa490	990000	990000	10000	11ed
25.265684	1acbacd60b8a	6218757fa490	8af	1f48	3a58	62188259ec0c	6218757fbfa0	e96	7ffe9f1a8978	6218757fa490	62187583a4a0	62187584fb90	621871a7a490	f80000	f80000	10000	e96
25.271940	73519	b51	45d8	b	126bd03	6218757ef910	c5	10000	7ffe9f1a8980	2add	62187583a4a0	62187584fb90	621870e7a490	1270000	1270000	10000	cef
25.279205	1acbacd608a1	6218757ab3a0	6218757ab3a0	5	30	6218846c0a00	6218757ab3a0	6218846c0a00	7ffe9f1a8928	621875d9ae30	621875d9ae30	62187b218140	48b79d109586ff7c	6218846c0a00	c	c	30
25.292599	1acbacd60b8a	6218758118e0	5d14	7970	17450	621875809f70	6218758213c0	5d14	7ffe9f1a8978	6218758118e0	62187583a4a0	62187584fb90	62187487a490	400000	400000	10000	150e
25.302626	7356f	1111	dcec	11	8728f4	6218757ef910	2add	10000	7ffe9f1a8980	2add	62187583a4a0	62187584fb90	62187367a490	870000	dce8	10000	0
25.309330	7353a	2a5	45d8	9	b684e5	6218757ef910	3f	10000	7ffe9f1a8980	2add	62187583a4a0	62187584fb90	621872a7a490	b70000	b70000	10000	10df
25.317967	7353a	35	45d8	5	f68d7c	6218757ef910	7	10000	7ffe9f1a8980	2add	62187583a4a0	62187584fb90	621871a7a490	f70000	f70000	10000	e9f
25.324224	73519	89	45d8	7	121755f	6218757ef910	e	10000	7ffe9f1a8980	2add	62187583a4a0	62187584fb90	621870fba490	1220000	1220000	10000	d1c
25.332848	1acbacd60b8a	621875828d30	45d8	aa50	11760	6218758011a0	62187582fa40	ba28	7ffe9f1a8978	621875828d30	62187583a4a0	62187584fb90	62187007a490	1600000	1600000	10000	aee
25.338915	7353a	78d	45d8	a	176694	6218757ef910	8f	10000	7ffe9f1a8980	2add	62187583a4a0	62187584fb90	62187523a490	180000	180000	10000	1676
25.346246	1acbacd60b8a	621875805eb8	2e8a	9680	ba28	6218757fc838	621875808260	2e8a	7ffe9f1a8978	621875805eb8	62187583a4a0	62187584fb90	6218744fa490	4e0000	4e0000	10000	1490
25.356163	73519	10d	45d8	8	936802	6218757ef910	1d	10000	7ffe9f1a8980	2add	62187583a4a0	62187584fb90	62187333a490	940000	940000	10000	121a
25.364855	734d4	6218777894e0	45d8	11	d40149	6218757ef910	28fb	10000	7ffe9f1a8980	2add	62187583a4a0	62187584fb90	62187237a490	d30000	d30000	10000	fe3
25.373800	73519	b7a9	45d8	f	10fa14e	6218757ef910	992	10000	7ffe9f1a8980	2add	62187583a4a0	62187584fb90	62187143a490	1100000	1100000	10000	dbe
25.379932	73521	16ff9	45d8	10	1391f79	6218757ef910	11b5	10000	7ffe9f1a8980	2add	62187583a4a0	62187584fb90	6218709fa490	1390000	1390000	10000	c4d
25.387941	73515	147b3	45d8	10	1ddcc	6218757ef910	1009	10000	7ffe9f1a8980	2add	62187583a4a0	62187584fb90	6218757ba490	20000	20000	10000	173c
25.398945	7353a	19dc9	45d8	10	4fa442	6218757ef910	13a7	10000	7ffe9f1a8980	2add	62187583a4a0	62187584fb90	62187443a490	500000	500000	10000	147e
25.406830	73536	2ec2d	45d8	11	831a13	6218757ef910	21bb	10000	7ffe9f1a8980	2add	62187583a4a0	62187584fb90	62187373a490	840000	840000	10000	12aa
25.420677	73531	15493	45d8	10	e8046e	6218757ef910	108e	10000	7ffe9f1a8980	2add	62187583a4a0	62187584fb90	621871dfa490	e90000	e90000	10000	f1d
25.427211	7353a	14f21	45d8	10	117c50b	6218757ef910	1058	10000	7ffe9f1a8980	2add	62187583a4a0	62187584fb90	62187123a490	1180000	1180000	10000	d76
25.442213	73510	12aaf	45d8	10	b74da	6218757ef910	eb6	10000	7ffe9f1a8980	2add	62187583a4a0	62187584fb90	62187553a490	c0000	c0000	10000	16e2
25.454691	7353a	27ee9	45d8	11	680d88	6218757ef910	1d17	10000	7ffe9f1a8980	2add	62187583a4a0	62187584fb90	621873dfa490	690000	690000	10000	139d
25.463629	1acbacd60b8a	621875828d30	45d8	650	11760	62187580b5a0	621875839e40	ba28	7ffe9f1a8978	621875828d30	62187583a4a0	62187584fb90	621872e3a490	a90000	a90000	10000	115d
25.475242	7353a	2f	45d8	5	ea632b	6218757ef910	6	10000	7ffe9f1a8980	2add	62187583a4a0	62187584fb90	621871d7a490	eb0000	eb0000	10000	f0b
25.489608	73519	29065	45d8	11	153c13b	6218757ef910	1dd6	10000	7ffe9f1a8980	2add	62187583a4a0	62187584fb90	62187033a490	1540000	1540000	10000	b5a
25.498526	1acbacd6110a	0	0	9378	621884916d10	0	621884918510	7e	7ffe9f1a8978	0	621884916d10	62187e906040	7ce404e1ace0	62187578bfa8	6218757fa490	ab74	7e
25.506939	73582	6f38	6f38	11	5e78db	6218757ef910	2add	10000	7ffe9f1a8980	2add	62187583a4a0	62187584fb90	6218740ba490	5e0000	6f34	10000	0
25.518061	73540	61	45d8	6	ad4303	6218757ef910	9	10000	7ffe9f1a8980	2add	62187583a4a0	62187584fb90	621872cba490	ae0000	ae0000	10000	1130
25.527310	7353a	3b9	45d8	9	efbe1b	6218757ef910	51	10000	7ffe9f1a8980	2add	62187583a4a0	62187584fb90	621871c3a490	f00000	f00000	10000	ede
25.541370	7353a	83	45d8	7	156e0e9	6218757ef910	d	10000	7ffe9f1a8980	2add	62187583a4a0	62187584fb90	62187027a490	1570000	1570000	10000	b3f
25.550948	1acbacd60b8a	6218758118e0	5d14	b490	17450	621875806450	62187581d8a0	5d14	7ffe9f1a8978	6218758118e0	fffffffff325f068	62187584fb90	621874dba490	2b0000	2b0000	10000	15cb
25.558620	734c8	dd5	45d8	b	63031e	6218757ef910	eb	10000	7ffe9f1a8980	2add	62187583a4a0	62187584fb90	621873f7a490	630000	630000	10000	13d3
25.572590	7357f	566c	5668	11	cb3996	6218757ef910	2add	10000	7ffe9f1a8980	2add	62187583a4a0	62187584fb90	6218725fa490	c90000	5668	10000	0
25.586095	7352d	b5df	45d8	f	12e6d93	6218757ef910	97c	10000	7ffe9f1a8980	2add	62187583a4a0	62187584fb90	621870cba490	12e0000	12e0000	10000	cb0
25.597907	72b36	fffffffffffff954	af5d	af5d	ffffffffffff71fc	393b	92f	29e1	7ffe9f1a8980	af5d	0	0	f6abb478eee1659c	92f	7fffffffffffed81	b1989ce2ed70b92c	2add
25.607990	7353a	1f7	45d8	8	468eeb	6218757ef910	32	10000	7ffe9f1a8980	2add	62187583a4a0	62187584fb90	62187467a490	470000	470000	10000	14cf
25.613221	73519	eec1	45d8	f	6c253e	6218757ef910	c14	10000	7ffe9f1a8980	2add	62187583a4a0	62187584fb90	621873cfa490	6d0000	6d0000	10000	1379
25.618936	7358d	6218757fa490	cd90	11	97715c	6218757ef910	2add	10000	7ffe9f1a8980	2add	62187583a4a0	62187584fb90	6218732ba490	960000	cd8c	10000	0
25.628655	73519	36fc1	45d8	11	dd2eab	6218757ef910	26fe	10000	7ffe9f1a8980	2add	62187583a4a0	62187584fb90	6218720ba490	de0000	de0000	10000	f80
25.640889	73536	1970f	45d8	10	136cdb4	6218757ef910	135f	10000	7ffe9f1a8980	2add	62187583a4a0	62187584fb90	621870a7a490	1370000	1370000	10000	c5f
25.655330	1acbacd60891	6218757fa490	1a7	1745	5678	6218849c77fc	6218757fa490	159e	7ffe9f1a8978	6218849c7160	62187583a4a0	62187584fb90	621874c7a490	300000	300000	10000	159e
25.664125	7353a	11c3	45d8	c	716789	6218757ef910	124	10000	7ffe9f1a8980	2add	62187583a4a0	62187584fb90	621873bba490	720000	720000	10000	134c
25.673936	73519	3248f	45d8	11	b83aae	6218757ef910	23ef	10000	7ffe9f1a8980	2add	62187583a4a0	62187584fb90	6218729fa490	b90000	b90000	10000	10cd
25.687968	7353a	83	45d8	7	10fa87d	6218757ef910	d	10000	7ffe9f1a8980	2add	62187583a4a0	62187584fb90	62187143a490	1100000	1100000	10000	dbe
25.700469	73519	3b3ab	45d8	11	16345c7	6218757ef910	29a8	10000	7ffe9f1a8980	2add	62187583a4a0	62187584fb90	62186ff3a490	1640000	1640000	10000	aca
25.707583	7353a	35873	45d8	11	266e49	6218757ef910	261b	10000	7ffe9f1a8980	2add	62187583a4a0	62187584fb90	621874e7a490	270000	270000	10000	15ef
25.720813	73582	3d4	3d4	11	783d3e	6218757ef910	2add	10000	7ffe9f1a8980	2add	62187583a4a0	62187584fb90	621873afa490	750000	3d0	10000	0
25.728441	7353a	ad3f	45d8	f	aa12e6	6218757ef910	916	10000	7ffe9f1a8980	2add	62187583a4a0	62187584fb90	621872d7a490	ab0000	ab0000	10000	114b
25.735491	7353a	337	45d8	9	d10d48	6218757ef910	49	10000	7ffe9f1a8980	2add	62187583a4a0	62187584fb90	6218723ba490	d20000	d20000	10000	fec
25.744646	73519	281	45d8	9	113cf91	6218757ef910	3b	10000	7ffe9f1a8980	2add	62187583a4a0	62187584fb90	62187133a490	1140000	1140000	10000	d9a
25.757022	73ec8	2add	621875794ab0	62187779ebd0	afc	0	0	621884b40560	7ffe9f1a8980	2ffe3	2286	6218760a1660	48b79d109586ff7c	2add	15	2287	24
25.763000	7353a	c7	45d8	7	26fd1a	6218757ef910	14	10000	7ffe9f1a8980	2add	62187583a4a0	62187584fb90	621874e7a490	270000	270000	10000	15ef
25.776648	73515	11aaf	45d8	10	878f1c	6218757ef910	e19	10000	7ffe9f1a8980	2add	62187583a4a0	62187584fb90	62187363a490	880000	880000	10000	1286
25.789923	73519	2e7	45d8	9	e1e486	6218757ef910	40	10000	7ffe9f1a8980	2add	62187583a4a0	62187584fb90	621871fba490	e20000	e20000	10000	f5c
25.801306	73515	29	45d8	5	136fedf	6218757ef910	5	10000	7ffe9f1a8980	2add	62187583a4a0	62187584fb90	621870a7a490	1370000	1370000	10000	c5f
25.815307	1acbacd60b8a	621875828d30	45d8	10150	11760	6218757fbaa0	62187582a340	ba28	7ffe9f1a8978	621875828d30	62187583a4a0	62187584fb90	621874dfa490	2a0000	2a0000	10000	15d4
25.822891	7353a	ad	45d8	7	5ff589	6218757ef910	13	10000	7ffe9f1a8980	2add	62187583a4a0	62187584fb90	62187403a490	600000	600000	10000	13ee
25.836214	7353a	1d7b	45d8	c	bf3ebf	6218757ef910	1c5	10000	7ffe9f1a8980	2add	62187583a4a0	62187584fb90	62187283a490	c00000	c00000	10000	108e
25.845177	73519	209ff	45d8	11	100aed0	6218757ef910	185e	10000	7ffe9f1a8980	2add	62187583a4a0	62187584fb90	6218717fa490	1010000	1010000	10000	e45
25.860364	a52bc	0	272a7	0	272a7	ffffffffffff8a04	97e1bd18ce1f9d54	10d2c	7ffe9f1a8978	272a7	75fb	0	f6abb478eee1659c	1c8b	7fffffffffff8a04	681e42e731e062ac	2add
25.867076	7352d	3c841	45d8	11	2ee510	6218757ef910	2a79	10000	7ffe9f1a8980	2add	62187583a4a0	62187584fb90	621874cba490	2e0000	2e0000	10000	15b0
25.873331	7353a	ad	45d8	7	5c10dc	6218757ef910	13	10000	7ffe9f1a8980	2add	62187583a4a0	62187584fb90	6218740fa490	5d0000	5d0000	10000	1409
25.885895	73515	14b	45d8	8	b928cb	6218757ef910	20	10000	7ffe9f1a8980	2add	62187583a4a0	62187584fb90	6218729ba490	ba0000	ba0000	10000	10c4
25.898601	73519	e5	45d8	7	11381c9	6218757ef910	18	10000	7ffe9f1a8980	2add	62187583a4a0	62187584fb90	62187133a490	1140000	1140000	10000	d9a
25.907945	73540	29	45d8	5	1525f5f	6218757ef910	5	10000	7ffe9f1a8980	2add	62187583a4a0	62187584fb90	62187037a490	1530000	1530000	10000	b63
25.913302	7353a	6d0d	45d8	e	5ac84	6218757ef910	5f1	10000	7ffe9f1a8980	2add	62187583a4a0	62187584fb90	6218756ba490	60000	60000	10000	1718
25.918882	7357c	32a8	32a4	11	310f72	6218757ef910	2add	10000	7ffe9f1a8980	2add	62187583a4a0	62187584fb90	621874c7a490	2f0000	32a0	10000	0
25.924298	73519	97	45d8	7	570f39	6218757ef910	10	10000	7ffe9f1a8980	2add	62187583a4a0	62187584fb90	62187423a490	580000	580000	10000	1436
25.931468	73519	df	45d8	7	8983bc	6218757ef910	16	10000	7ffe9f1a8980	2add	62187583a4a0	62187584fb90	6218735ba490	8a0000	8a0000	10000	1274
25.946251	7353a	2d001	45d8	11	ead90b	6218757ef910	2098	10000	7ffe9f1a8980	2add	62187583a4a0	62187584fb90	621871d7a490	eb0000	eb0000	10000	f0b
25.959231	7353a	2d80b	45d8	11	149ca88	6218757ef910	20f4	10000	7ffe9f1a8980	2add	62187583a4a0	62187584fb90	6218705ba490	14a0000	14a0000	10000	bb4
25.966027	73519	83	45d8	7	31c4a	6218757ef910	d	10000	7ffe9f1a8980	2add	62187583a4a0	62187584fb90	62187573a490	40000	40000	10000	172a
25.975690	7353a	a3	45d8	7	43b975	6218757ef910	11	10000	7ffe9f1a8980	2add	62187583a4a0	62187584fb90	62187473a490	440000	440000	10000	14ea
25.986378	7351c	e5	45d8	7	8d2bb7	6218757ef910	18	10000	7ffe9f1a8980	2add	62187583a4a0	62187584fb90	6218734ba490	8e0000	8e0000	10000	1250
26.000250	73515	2f	45d8	5	eb51e1	6218757ef910	6	10000	7ffe9f1a8980	2add	62187583a4a0	62187584fb90	621871d3a490	ec0000	ec0000	10000	f02
26.014300	734d4	6218777894e0	45d8	11	14d2f4f	6218757ef910	22d5	10000	7ffe9f1a8980	2add	62187583a4a0	62187584fb90	62187053a490	14c0000	14c0000	10000	ba2
26.022605	7353a	f1	45d8	7	137f3c	6218757ef910	19	10000	7ffe9f1a8980	2add	62187583a4a0	62187584fb90	62187533a490	140000	140000	10000	169a
26.033001	1acbacd6110a	0	1	a938	621884e2adc0	0	621884e2b000	7e	7ffe9f1a8978	0	621884e2adc0	62187c72aec0	7ce404e1ace0	62187578c428	6218757fa490	ab74	7e
26.040185	7353a	9f37	45d8	f	91e356	6218757ef910	860	10000	7ffe9f1a8980	2add	62187583a4a0	62187584fb90	6218733ba490	920000	920000	10000	122c
26.053934	73519	759d	45d8	e	f75ed2	6218757ef910	65c	10000	7ffe9f1a8980	2add	62187583a4a0	62187584fb90	621871a3a490	f80000	f80000	10000	e96
26.063879	73519	191ad	45d8	10	140878a	6218757ef910	1328	10000	7ffe9f1a8980	2add	62187583a4a0	62187584fb90	6218707fa490	1410000	1410000	10000	c05
26.078189	1acbacd6110a	0	0	5d98	621884ea1220	0	621884ea6000	7d	7ffe9f1a8978	0	621884ea1220	621880f91080	7ce404e1ace0	62187578c428	6218757fa490	ab74	7d
26.092064	7353a	43	45d8	6	93c1b8	6218757ef910	8	10000	7ffe9f1a8980	2add	62187583a4a0	62187584fb90	62187333a490	940000	940000	10000	121a
26.106601	7353a	5ba3	45d8	e	f03c47	6218757ef910	51e	10000	7ffe9f1a8980	2add	62187583a4a0	62187584fb90	621871bfa490	f10000	f10000	10000	ed5
26.114359	73519	1c933	45d8	10	119d941	6218757ef910	158f	10000	7ffe9f1a8980	2add	62187583a4a0	62187584fb90	6218711ba490	11a0000	11a0000	10000	d64
26.126373	7353a	7621	45d8	e	167196d	6218757ef910	661	10000	7ffe9f1a8980	2add	62187583a4a0	62187584fb90	62186fe3a490	1680000	1680000	10000	aa6
26.137929	73519	18d	45d8	8	3e513d	6218757ef910	27	10000	7ffe9f1a8980	2add	62187583a4a0	62187584fb90	62187487a490	3f0000	3f0000	10000	1517
26.145308	1acbacd60b8a	6218758118e0	5d14	def0	17450	6218758039f0	62187581ae40	5d14	7ffe9f1a8978	6218758118e0	62187583a4a0	62187584fb90	621873afa490	760000	760000	10000	1328
26.157090	7353a	185	45d8	8	cc0116	6218757ef910	26	10000	7ffe9f1a8980	2add	62187583a4a0	62187584fb90	6218724fa490	cd0000	cd0000	10000	1019
26.162433	73519	83	45d8	7	f4d398	6218757ef910	d	10000	7ffe9f1a8980	2add	62187583a4a0	62187584fb90	621871afa490	f50000	f50000	10000	eb1
26.168552	7359e	ffff	d714	11	12143f5	6218757ef910	2add	10000	7ffe9f1a8980	2add	62187583a4a0	62187584fb90	621870ffa490	1210000	d710	10000	0
26.175766	7353a	6b	45d8	6	156dc07	6218757ef910	a	10000	7ffe9f1a8980	2add	62187583a4a0	62187584fb90	62187027a490	1570000	1570000	10000	b3f
26.190473	73540	281	45d8	9	4f57d8	6218757ef910	3b	10000	7ffe9f1a8980	2add	62187583a4a0	62187584fb90	62187443a490	500000	500000	10000	147e
26.203216	734fd	6218757af8f0	45d8	11	af735c	6218757ef910	28c6	10000	7ffe9f1a8980	2add	62187583a4a0	62187584fb90	621872cba490	ae0000	ae0000	10000	1130
26.209021	7353a	1a70d	45d8	10	d645a2	6218757ef910	1413	10000	7ffe9f1a8980	2add	62187583a4a0	62187584fb90	62187227a490	d70000	d70000	10000	fbf
26.215857	76841	8	62187abbb1a0	3	1	62187abbb4f0	62187fc8b240	20	7ffe9f1a8980	5	621884fed380	62187ac4d5e0	7ce404e1ace0	5	6	7ce404da0880	c0
26.230681	72b92	fffffffffffffc22	1d7d	1d7d	fffffffffffff3ca	1c93	1c6	291b	7ffe9f1a8980	1d7d	0	1ed57	f6abb478eee1659c	1c6	8000000000008418	e7315a275b19d715	2add
26.236972	73519	38c77	45d8	11	2b3c2c	6218757ef910	2821	10000	7ffe9f1a8980	2add	62187583a4a0	62187584fb90	621874d3a490	2c0000	2c0000	10000	15c2
26.250469	73f13	6218777894e0	621875794ab0	62187779ebd0	12d8e	0	0	621885075bc0	7ffe9f1a8980	1444f	fe5	62187c4c6a20	48b79d109586ff7c	2add	28	fe6	38
26.258505	73536	36023	45d8	11	c5babd	6218757ef910	265d	10000	7ffe9f1a8980	2add	62187583a4a0	62187584fb90	6218726ba490	c60000	c60000	10000	1058
26.271617	73529	15677	45d8	10	125162e	6218757ef910	10a3	10000	7ffe9f1a8980	2add	62187583a4a0	62187584fb90	621870efa490	1250000	1250000	10000	d01
26.280268	7353a	427	45d8	a	15d66c3	6218757ef910	59	10000	7ffe9f1a8980	2add	62187583a4a0	62187584fb90	6218700ba490	15e0000	15e0000	10000	b00
26.285715	73519	29	45d8	5	142230	6218757ef910	5	10000	7ffe9f1a8980	2add	fffffffff0e33060	62187584fb90	6218752fa490	150000	150000	10000	1691
26.296616	7353a	a7	45d8	7	66aa2c	6218757ef910	12	10000	7ffe9f1a8980	2add	62187583a4a0	62187584fb90	621873e7a490	670000	670000	10000	13af
26.304963	73515	1cf	45d8	8	a2d1a5	6218757ef910	2d	10000	7ffe9f1a8980	2add	62187583a4a0	62187584fb90	621872f7a490	a30000	a30000	10000	1193
26.313409	73573	82d4	82d0	11	e39381	6218757ef910	2add	10000	7ffe9f1a8980	2add	62187583a4a0	62187584fb90	62187203a490	e00000	82cc	10000	0
26.327846	7353a	fad9	45d8	f	140a5ba	6218757ef910	ca7	10000	7ffe9f1a8980	2add	62187583a4a0	62187584fb90	6218707fa490	1410000	1410000	10000	c05
26.333036	7357f	8e9c	8e98	11	165452b	6218757ef910	2add	10000	7ffe9f1a8980	2add	62187583a4a0	62187584fb90	62186ff3a490	1640000	8e98	10000	0
26.341503	73519	356e9	45d8	11	2e1663	6218757ef910	260c	10000	7ffe9f1a8980	2add	62187583a4a0	62187584fb90	621874c7a490	2f0000	2f0000	10000	15a7
26.351360	734c1	355d3	45d8	11	787786	6218757ef910	25fa	10000	7ffe9f1a8980	2add	62187583a4a0	62187584fb90	621873aba490	760000	760000	10000	1328
26.364406	7353a	d91b	45d8	f	d1a028	6218757ef910	b0c	10000	7ffe9f1a8980	2add	62187583a4a0	62187584fb90	6218723ba490	d20000	d20000	10000	fec
26.375174	1acbacd60b8a	6218758001a4	1745	1058	5d14	6218757ff14c	621875804e60	1745	7ffe9f1a8978	6218758001a4	62187583a4a0	62187584fb90	62187103a490	1210000	1210000	10000	d25
26.384704	73519	4729	45d8	e	166d872	6218757ef910	40e	10000	7ffe9f1a8980	2add	62187583a4a0	62187584fb90	62186fe7a490	1670000	1670000	10000	aaf
26.391375	7df70	4	7ffe9f1a8b20	ffffffffffffffff	0	6218580ea4e8	7ffe9f1a8938	6218852596a0	7ffe9f1a8928	6218757ab420	c8	62187578de70	48b79d109586ff7c	7ffe9f1a8938	0	bb9	6218580ea4e8
26.402479	73519	77b3	45d8	e	763015	6218757ef910	672	10000	7ffe9f1a8980	2add	62187583a4a0	62187584fb90	621873a7a490	770000	770000	10000	131f
26.410582	73519	2da81	45d8	11	b0c7e3	6218757ef910	2108	10000	7ffe9f1a8980	2add	62187583a4a0	62187584fb90	621872bfa490	b10000	b10000	10000	1115
26.420864	73519	18289	45d8	10	fdad5b	6218757ef910	1286	10000	7ffe9f1a8980	2add	62187583a4a0	62187584fb90	6218718ba490	fe0000	fe0000	10000	e60
26.428530	73587	6218757fa490	7024	11	13a9f7e	6218757ef910	2add	10000	7ffe9f1a8980	2add	62187583a4a0	62187584fb90	621870a7a490	1370000	7020	10000	0
26.443587	7353a	3cbf	45d8	d	1a4a05	6218757ef910	389	10000	7ffe9f1a8980	2add	62187583a4a0	62187584fb90	62187517a490	1b0000	1b0000	10000	165b
26.451599	73519	33d39	45d8	11	53e182	6218757ef910	24fd	10000	7ffe9f1a8980	2add	62187583a4a0	62187584fb90	62187433a490	540000	540000	10000	145a
26.466387	73519	220af	45d8	11	bc2c4f	6218757ef910	1943	10000	7ffe9f1a8980	2add	62187583a4a0	62187584fb90	6218728fa490	bd0000	bd0000	10000	10a9
26.471777	7353a	a3	45d8	7	e46d35	6218757ef910	11	10000	7ffe9f1a8980	2add	62187583a4a0	62187584fb90	621871efa490	e50000	e50000	10000	f41
26.482562	73510	1bd1b	45d8	10	134441d	6218757ef910	14f8	10000	7ffe9f1a8980	2add	62187583a4a0	62187584fb90	621870b3a490	1340000	1340000	10000	c7a
26.496817	734c5	1c35b	45d8	10	2a1c58	6218757ef910	1542	10000	7ffe9f1a8980	2add	62187583a4a0	62187584fb90	621874dba490	2a0000	2a0000	10000	15d4
26.510876	73519	328e7	45d8	11	8c62a1	6218757ef910	2423	10000	7ffe9f1a8980	2add	62187583a4a0	62187584fb90	6218734fa490	8d0000	8d0000	10000	1259
26.518918	7353a	2692f	45d8	11	c5d22a	6218757ef910	1c33	10000	7ffe9f1a8980	2add	62187583a4a0	62187584fb90	6218726ba490	c60000	c60000	10000	1058
26.529818	7353a	3833	45d8	d	1121151	6218757ef910	33f	10000	7ffe9f1a8980	2add	62187583a4a0	62187584fb90	62187137a490	1130000	1130000	10000	da3
26.540032	73519	2dc47	45d8	11	15b600c	6218757ef910	2121	10000	7ffe9f1a8980	2add	62187583a4a0	62187584fb90	62187013a490	15c0000	15c0000	10000	b12
26.546550	73519	1c003	45d8	10	16661f	6218757ef910	151b	10000	7ffe9f1a8980	2add	62187583a4a0	62187584fb90	62187527a490	170000	170000	10000	167f
26.552308	73519	32e4f	45d8	11	3e7936	6218757ef910	245d	10000	7ffe9f1a8980	2add	62187583a4a0	62187584fb90	62187487a490	3f0000	3f0000	10000	1517
26.561947	73519	265	45d8	9	866364	6218757ef910	39	10000	7ffe9f1a8980	2add	62187583a4a0	62187584fb90	62187367a490	870000	870000	10000	128f
26.568892	73519	21fb	45d8	d	b8cd8f	6218757ef910	202	10000	7ffe9f1a8980	2add	62187583a4a0	62187584fb90	6218729fa490	b90000	b90000	10000	10cd
26.574586	1acbacd6110a	0	1	86b8	621885450b40	0	621885453000	7f	7ffe9f1a8978	0	621885450b40	62188113ed80	7ce404e1ace0	62187578c428	6218757fa490	ab74	7f
26.585312	734d9	6218777894e0	45d8	11	130deeb	6218757ef910	1a4d	10000	7ffe9f1a8980	2add	62187583a4a0	62187584fb90	621870c3a490	1300000	1300000	10000	c9e
26.593942	73519	43	45d8	6	16c9c79	6218757ef910	8	10000	7ffe9f1a8980	2add	62187583a4a0	62187584fb90	62186fcfa490	16d0000	16d0000	10000	a79
26.602818	7353a	1f09d	45d8	10	3c8d1f	6218757ef910	1742	10000	7ffe9f1a8980	2add	62187583a4a0	62187584fb90	6218748fa490	3d0000	3d0000	10000	1529
26.609815	7353a	4c79	45d8	e	6feac7	6218757ef910	44f	10000	7ffe9f1a8980	2add	62187583a4a0	62187584fb90	621873c3a490	700000	700000	10000	135e
26.621762	73519	335	45d8	9	c2538e	6218757ef910	48	10000	7ffe9f1a8980	2add	62187583a4a0	62187584fb90	62187277a490	c30000	c30000	10000	1073
26.636694	7353a	6b	45d8	6	130521c	6218757ef910	a	10000	7ffe9f1a8980	2add	62187583a4a0	62187584fb90	621870bfa490	1310000	1310000	10000	c95
26.642864	73510	1919b	45d8	10	15b779b	6218757ef910	1327	10000	7ffe9f1a8980	2add	62187583a4a0	62187584fb90	62187017a490	15b0000	15b0000	10000	b1b
26.656679	73519	46b1	45d8	e	4d5c8c	6218757ef910	405	10000	7ffe9f1a8980	2add	62187583a4a0	62187584fb90	6218744ba490	4e0000	4e0000	10000	1490
26.667127	73f0e	18b6	621875794ab0	62187779ebd0	1d030	0	0	6218854fa610	7ffe9f1a8980	2124d	18b5	621884ff0d70	48b79d109586ff7c	2add	5	18b6	15
26.677800	73587	6218757fa490	ad9c	11	e24ff6	6218757ef910	2add	10000	7ffe9f1a8980	2add	62187583a4a0	62187584fb90	62187203a490	e00000	ad98	10000	0
26.689276	7353a	27b51	45d8	11	1331dc5	6218757ef910	1ce9	10000	7ffe9f1a8980	2add	62187583a4a0	62187584fb90	621870b3a490	1340000	1340000	10000	c7a
26.703301	73519	2c699	45d8	11	250a94	6218757ef910	2033	10000	7ffe9f1a8980	2add	62187583a4a0	62187584fb90	621874eba490	260000	260000	10000	15f8
26.711817	7353a	d3	45d8	7	649523	6218757ef910	15	10000	7ffe9f1a8980	2add	62187583a4a0	62187584fb90	621873efa490	650000	650000	10000	13c1
26.723503	7351c	25b1	45d8	d	b83143	6218757ef910	234	10000	7ffe9f1a8980	2add	62187583a4a0	62187584fb90	6218729fa490	b90000	b90000	10000	10cd
26.730273	7353a	2141	45d8	d	e6261d	6218757ef910	1f8	10000	7ffe9f1a8980	2add	62187583a4a0	62187584fb90	621871e7a490	e70000	e70000	10000	f2f
26.737596	7356f	1111	b8fc	11	11cb419	6218757ef910	2add	10000	7ffe9f1a8980	2add	62187583a4a0	62187584fb90	62187113a490	11c0000	b8f8	10000	0
26.752354	734d9	6218777894e0	45d8	f	168a0e	6218757ef910	a0c	10000	7ffe9f1a8980	2add	62187583a4a0	62187584fb90	6218752ba490	160000	160000	10000	1688
26.765153	7353a	1ae9d	45d8	10	738322	6218757ef910	1455	10000	7ffe9f1a8980	2add	62187583a4a0	62187584fb90	621873b3a490	740000	740000	10000	133a
26.772231	749f2	62187f927190	13	1	9	4	62187f927480	22a5	7ffe9f1a8980	5	62187f927420	14	62187994c4f0	13	a	0	621885666af0
26.785027	73515	683	45d8	a	ff3c97	6218757ef910	82	10000	7ffe9f1a8980	2add	62187583a4a0	62187584fb90	62187183a490	1000000	1000000	10000	e4e
26.795949	73f71	2add	621875794ab0	62187779ebd0	11853	0	0	62188570ed70	7ffe9f1a8980	1b761	14bb	62187cb28c80	48b79d109586ff7c	2add	3	14bc	13
26.807837	73515	18b1d	45d8	10	2efffb	6218757ef910	12dc	10000	7ffe9f1a8980	2add	62187583a4a0	62187584fb90	621874c7a490	2f0000	2f0000	10000	15a7
26.813708	73519	29	45d8	5	561921	6218757ef910	5	10000	7ffe9f1a8980	2add	62187583a4a0	62187584fb90	62187427a490	570000	570000	10000	143f
26.819269	73519	2e19	45d8	d	7d74ec	6218757ef910	2af	10000	7ffe9f1a8980	2add	62187583a4a0	62187584fb90	6218738ba490	7e0000	7e0000	10000	12e0
26.833746	73efd	199a	621875794ab0	62187779ebd0	d1d8	0	0	6218857c58f0	7ffe9f1a8980	228bb	1999	621882a0bfb0	48b79d109586ff7c	2add	15	199a	25
26.847728	73519	1f3fd	45d8	10	1475038	6218757ef910	1768	10000	7ffe9f1a8980	2add	62187583a4a0	62187584fb90	62187063a490	1480000	1480000	10000	bc6
26.854322	7353a	43	45d8	6	5d498	6218757ef910	8	10000	7ffe9f1a8980	2add	62187583a4a0	62187584fb90	6218756ba490	60000	60000	10000	1718
26.868622	7353a	6d	45d8	6	6d78c2	6218757ef910	b	10000	7ffe9f1a8980	2add	62187583a4a0	62187584fb90	621873cba490	6e0000	6e0000	10000	1370
26.882535	7353a	190fd	45d8	10	d394b4	6218757ef910	1325	10000	7ffe9f1a8980	2add	62187583a4a0	62187584fb90	62187233a490	d40000	d40000	10000	fda
26.888091	7353a	119b	45d8	c	fb198f	6218757ef910	122	10000	7ffe9f1a8980	2add	62187583a4a0	62187584fb90	62187193a490	fc0000	fc0000	10000	e72
26.902461	7353a	89	45d8	7	165e9fc	6218757ef910	e	10000	7ffe9f1a8980	2add	62187583a4a0	62187584fb90	62186feba490	1660000	1660000	10000	ab8
26.909485	73519	2790b	45d8	11	252047	6218757ef910	1cd3	10000	7ffe9f1a8980	2add	62187583a4a0	62187584fb90	621874eba490	260000	260000	10000	15f8
26.915350	73519	2c4a1	45d8	11	504637	6218757ef910	2022	10000	7ffe9f1a8980	2add	62187583a4a0	62187584fb90	6218743fa490	510000	510000	10000	1475
26.924468	7353a	e717	45d8	f	921b3c	6218757ef910	bb8	10000	7ffe9f1a8980	2add	62187583a4a0	62187584fb90	62187337a490	930000	930000	10000	1223
26.934150	73519	8f4b	45d8	f	da121a	6218757ef910	79e	10000	7ffe9f1a8980	2add	62187583a4a0	62187584fb90	62187217a490	db0000	db0000	10000	f9b
26.939430	7359e	ffff	97a8	11	105b4c3	6218757ef910	2add	10000	7ffe9f1a8980	2add	62187583a4a0	62187584fb90	6218717ba490	1020000	97a4	10000	0
26.947987	7353a	35	45d8	5	1422904	6218757ef910	7	10000	7ffe9f1a8980	2add	62187583a4a0	62187584fb90	62187077a490	1430000	1430000	10000	bf3
26.953140	73519	3c895	45d8	11	168c268	6218757ef910	2a7c	10000	7ffe9f1a8980	2add	62187583a4a0	62187584fb90	62186fdfa490	1690000	1690000	10000	a9d
26.960562	73519	755	45d8	a	2a0f06	6218757ef910	8c	10000	7ffe9f1a8980	2add	62187583a4a0	62187584fb90	621874d7a490	2b0000	2b0000	10000	15cb
26.965735	734fd	6218757af8f0	45d8	11	4f5b52	6218757ef910	1eed	10000	7ffe9f1a8980	2add	62187583a4a0	62187584fb90	62187447a490	4f0000	4f0000	10000	1487
26.980030	73efd	2576	621875794ab0	62187779ebd0	cd3f	0	0	62188590f910	7ffe9f1a8980	34979	2575	621875871bb0	48b79d109586ff7c	2add	4	2576	14
26.990187	73519	95	45d8	7	1004051	6218757ef910	f	10000	7ffe9f1a8980	2add	62187583a4a0	62187584fb90	6218717fa490	1010000	1010000	10000	e45
27.002938	73510	4f91	45d8	e	15c2913	6218757ef910	484	10000	7ffe9f1a8980	2add	62187583a4a0	62187584fb90	6218700fa490	15d0000	15d0000	10000	b09
27.016517	73519	6d	45d8	6	4ea2d9	6218757ef910	b	10000	7ffe9f1a8980	2add	62187583a4a0	62187584fb90	62187447a490	4f0000	4f0000	10000	1487
27.024858	73587	6218757fa490	6ef8	11	8ec4b2	6218757ef910	2add	10000	7ffe9f1a8980	2add	62187583a4a0	62187584fb90	62187357a490	8b0000	6ef4	10000	0
27.031692	734e3	2add	45d8	a	bb04b6	6218757ef910	7f	10000	7ffe9f1a8980	2add	62187583a4a0	62187584fb90	62187297a490	bb0000	bb0000	10000	10bb
27.042314	7353d	35d5	45d8	d	1064d01	6218757ef910	31b	10000	7ffe9f1a8980	2add	62187583a4a0	62187584fb90	62187167a490	1070000	1070000	10000	e0f
27.048179	73519	35071	45d8	11	130a278	6218757ef910	25ba	10000	7ffe9f1a8980	2add	62187583a4a0	62187584fb90	621870bfa490	1310000	1310000	10000	c95
27.058078	734fd	6218757af8f0	45d8	11	82a2a	6218757ef910	23a6	10000	7ffe9f1a8980	2add	62187583a4a0	62187584fb90	6218756ba490	60000	60000	10000	1718
27.071246	73529	2434f	45d8	11	68e1fe	6218757ef910	1ab2	10000	7ffe9f1a8980	2add	62187583a4a0	62187584fb90	621873e3a490	680000	680000	10000	13a6
27.079129	734c1	29a83	45d8	11	a1c5ec	6218757ef910	1e45	10000	7ffe9f1a8980	2add	62187583a4a0	62187584fb90	621872ffa490	a10000	a10000	10000	11a5
27.090625	734fd	6218757af8f0	45d8	e	f42c73	6218757ef910	58e	10000	7ffe9f1a8980	2add	62187583a4a0	62187584fb90	621871b3a490	f40000	f40000	10000	eba
27.102524	73573	23f4	23f0	11	14e4e5d	6218757ef910	2add	10000	7ffe9f1a8980	2add	62187583a4a0	62187584fb90	62187057a490	14b0000	23ec	10000	0
27.115023	73519	10d	45d8	8	2027cc	6218757ef910	1d	10000	7ffe9f1a8980	2add	62187583a4a0	62187584fb90	621874ffa490	210000	210000	10000	1625
27.125298	7353a	61	45d8	6	6a4fa1	6218757ef910	9	10000	7ffe9f1a8980	2add	62187583a4a0	62187584fb90	621873d7a490	6b0000	6b0000	10000	138b
27.138553	7353a	339cb	45d8	11	c8a0de	6218757ef910	24dd	10000	7ffe9f1a8980	2add	62187583a4a0	62187584fb90	6218725fa490	c90000	c90000	10000	103d
27.148056	7353a	2719	45d8	d	10e9588	6218757ef910	24b	10000	7ffe9f1a8980	2add	62187583a4a0	62187584fb90	62187147a490	10f0000	10f0000	10000	dc7
27.159476	73519	1f49f	45d8	10	16001f5	6218757ef910	176c	10000	7ffe9f1a8980	2add	62187583a4a0	62187584fb90	62186fffa490	1610000	1610000	10000	ae5
27.172225	73519	18c6b	45d8	10	495a69	6218757ef910	12ea	10000	7ffe9f1a8980	2add	62187583a4a0	62187584fb90	6218745ba490	4a0000	4a0000	10000	14b4
27.181771	73515	22553	45d8	11	8f4ed1	6218757ef910	1979	10000	7ffe9f1a8980	2add	62187583a4a0	62187584fb90	62187343a490	900000	900000	10000	123e
27.189469	73519	29	45d8	5	bbac94	6218757ef910	5	10000	7ffe9f1a8980	2add	62187583a4a0	62187584fb90	62187293a490	bc0000	bc0000	10000	10b2
27.201926	7353a	11b	45d8	8	117119f	6218757ef910	1f	10000	7ffe9f1a8980	2add	62187583a4a0	62187584fb90	62187123a490	1180000	1180000	10000	d76
27.213044	735a3	1111	a068	11	16c228f	6218757ef910	2add	10000	7ffe9f1a8980	2add	62187583a4a0	62187584fb90	62186fdfa490	1690000	a064	10000	0
27.221111	7353a	35f	45d8	9	316f37	6218757ef910	4d	10000	7ffe9f1a8980	2add	62187583a4a0	62187584fb90	621874bba490	320000	320000	10000	158c
27.234518	7353a	43	45d8	6	9010e1	6218757ef910	8	10000	7ffe9f1a8980	2add	62187583a4a0	62187584fb90	6218733fa490	910000	910000	10000	1235
27.240034	734c8	380e1	45d8	11	ba5c09	6218757ef910	27ab	10000	7ffe9f1a8980	2add	62187583a4a0	62187584fb90	6218729fa490	b90000	b90000	10000	10cd
27.251071	7353a	8209	45d8	f	1084731	6218757ef910	6f5	10000	7ffe9f1a8980	2add	62187583a4a0	62187584fb90	6218715fa490	1090000	1090000	10000	dfd
27.263538	7353a	409	45d8	a	162ef4b	6218757ef910	57	10000	7ffe9f1a8980	2add	62187583a4a0	62187584fb90	62186ff7a490	1630000	1630000	10000	ad3
27.275251	7353a	6b	45d8	6	46a066	6218757ef910	a	10000	7ffe9f1a8980	2add	62187583a4a0	62187584fb90	62187467a490	470000	470000	10000	14cf
27.289592	73540	4fd	45d8	a	ae45b8	6218757ef910	67	10000	7ffe9f1a8980	2add	62187583a4a0	62187584fb90	621872c7a490	af0000	af0000	10000	1127
27.296646	7353a	35	45d8	5	dff454	6218757ef910	7	10000	7ffe9f1a8980	2add	62187583a4a0	62187584fb90	62187203a490	e00000	e00000	10000	f6e
27.303321	7353a	233	45d8	9	1101250	6218757ef910	36	10000	7ffe9f1a8980	2add	62187583a4a0	62187584fb90	6218713fa490	1110000	1110000	10000	db5
27.317422	72b92	fffffffffffffebc	1f861	1f861	ffffffffffff8e5d	1a2e0	179a	200e6	7ffe9f1a8980	1f861	0	0	f6abb478eee1659c	179a	7fffffffffff7483	d7655b29a4a991b2	2add
27.324816	73519	1f3	45d8	8	3452a1	6218757ef910	31	10000	7ffe9f1a8980	2add	62187583a4a0	62187584fb90	621874afa490	350000	350000	10000	1571
27.333860	73519	2d485	45d8	11	753750	6218757ef910	20c6	10000	7ffe9f1a8980	2add	62187583a4a0	62187584fb90	621873aba490	760000	760000	10000	1328
27.347528	734c8	17e25	45d8	10	d70651	6218757ef910	1256	10000	7ffe9f1a8980	2add	62187583a4a0	62187584fb90	62187227a490	d70000	d70000	10000	fbf
27.359247	73519	a39	45d8	b	12a92f1	6218757ef910	b6	10000	7ffe9f1a8980	2add	62187583a4a0	62187584fb90	621870d7a490	12b0000	12b0000	10000	ccb
27.366795	73519	c17b	45d8	f	163ca67	6218757ef910	a00	10000	7ffe9f1a8980	2add	62187583a4a0	62187584fb90	62186ff3a490	1640000	1640000	10000	aca
27.380743	73519	23b	45d8	9	58cc2e	6218757ef910	37	10000	7ffe9f1a8980	2add	62187583a4a0	62187584fb90	6218741fa490	590000	590000	10000	142d
27.392761	7353a	191	45d8	8	b12116	6218757ef910	28	10000	7ffe9f1a8980	2add	62187583a4a0	62187584fb90	621872bba490	b20000	b20000	10000	110c
27.404940	7353a	1d99	45d8	c	104d091	6218757ef910	1c9	10000	7ffe9f1a8980	2add	62187583a4a0	62187584fb90	6218716fa490	1050000	1050000	10000	e21
27.419804	73519	61	45d8	6	ec8a	6218757ef910	9	10000	7ffe9f1a8980	2add	62187583a4a0	62187584fb90	6218757fa490	10000	10000	10000	1745
27.430483	73519	8a85	45d8	f	50f419	6218757ef910	76d	10000	7ffe9f1a8980	2add	62187583a4a0	62187584fb90	6218743fa490	510000	510000	10000	1475
27.437301	7353a	61	45d8	6	826939	6218757ef910	9	10000	7ffe9f1a8980	2add	62187583a4a0	62187584fb90	62187377a490	830000	830000	10000	12b3
27.452101	7353a	35	45d8	5	f0238c	6218757ef910	7	10000	7ffe9f1a8980	2add	62187583a4a0	62187584fb90	621871bfa490	f10000	f10000	10000	ed5
27.458267	73519	95	45d8	7	11c4f3a	6218757ef910	f	10000	7ffe9f1a8980	2add	62187583a4a0	62187584fb90	6218710fa490	11d0000	11d0000	10000	d49
27.469498	a5395	bae47ca9bde0bf57	f59	0	781	674a	5cbd49232e58a5c0	d6c	7ffe9f1a8978	f59	0	1ed57	f6abb478eee1659c	ff	800000000000674a	5cbd49232e58a5c0	2add
27.482443	7359a	6218757fa490	99b0	11	5b0cae	6218757ef910	2add	10000	7ffe9f1a8980	2add	62187583a4a0	62187584fb90	6218741fa490	590000	99ac	10000	0
27.493011	734c5	220af	45d8	11	a5271d	6218757ef910	1943	10000	7ffe9f1a8980	2add	62187583a4a0	62187584fb90	621872efa490	a50000	a50000	10000	1181
27.506839	7353a	30929	45d8	11	1032451	6218757ef910	22e8	10000	7ffe9f1a8980	2add	62187583a4a0	62187584fb90	62187173a490	1040000	1040000	10000	e2a
27.521987	a5200	7ffffffffffffc79	cd15	0	cd15	ffffffffffffbc28	755425288bb8f079	1946	7ffe9f1a8978	cd09	0	0	f6abb478eee1659c	a8c	7fffffffffffbc28	755425288bb8f079	2add
27.528669	73519	12725	45d8	10	270f3b	6218757ef910	e98	10000	7ffe9f1a8980	2add	62187583a4a0	62187584fb90	621874e3a490	280000	280000	10000	15e6
27.541609	7353a	1c32b	45d8	10	847b83	6218757ef910	1540	10000	7ffe9f1a8980	2add	62187583a4a0	62187584fb90	6218736fa490	850000	850000	10000	12a1
27.553582	7353a	3f67	45d8	d	dba277	6218757ef910	3a5	10000	7ffe9f1a8980	2add	62187583a4a0	62187584fb90	62187213a490	dc0000	dc0000	10000	f92
27.568340	7353a	3c0cb	45d8	11	143c708	6218757ef910	2a2e	10000	7ffe9f1a8980	2add	62187583a4a0	62187584fb90	62187073a490	1440000	1440000	10000	bea
27.583334	73519	20b1	45d8	d	3b1101	6218757ef910	1f1	10000	7ffe9f1a8980	2add	62187583a4a0	62187584fb90	62187493a490	3c0000	3c0000	10000	1532
27.596678	7352d	11659	45d8	10	9df2c3	6218757ef910	dde	10000	7ffe9f1a8980	2add	62187583a4a0	62187584fb90	6218730fa490	9d0000	9d0000	10000	11c9
27.610770	7353a	27ccb	45d8	11	1024f82	6218757ef910	1cfe	10000	7ffe9f1a8980	2add	62187583a4a0	62187584fb90	62187177a490	1030000	1030000	10000	e33
27.618327	7353a	277c1	45d8	11	1392026	6218757ef910	1cbe	10000	7ffe9f1a8980	2add	62187583a4a0	62187584fb90	6218709ba490	13a0000	13a0000	10000	c44
27.624881	73519	9efb	45d8	f	166f56d	6218757ef910	85e	10000	7ffe9f1a8980	2add	62187583a4a0	62187584fb90	62186fe7a490	1670000	1670000	10000	aaf
27.639033	73519	11449	45d8	10	493443	6218757ef910	dc3	10000	7ffe9f1a8980	2add	62187583a4a0	62187584fb90	6218745ba490	4a0000	4a0000	10000	14b4
27.651363	7353a	28651	45d8	11	9cfe3c	6218757ef910	1d6a	10000	7ffe9f1a8980	2add	62187583a4a0	62187584fb90	6218730fa490	9d0000	9d0000	10000	11c9
27.659391	7353a	30db5	45d8	11	d5ea8a	6218757ef910	230e	10000	7ffe9f1a8980	2add	62187583a4a0	62187584fb90	6218722ba490	d60000	d60000	10000	fc8
27.672282	73519	25fcf	45d8	11	134d6ad	6218757ef910	1bd3	10000	7ffe9f1a8980	2add	62187583a4a0	62187584fb90	621870afa490	1350000	1350000	10000	c71
27.687217	7353a	32e69	45d8	11	18cc71	6218757ef910	245f	10000	7ffe9f1a8980	2add	62187583a4a0	62187584fb90	6218751fa490	190000	190000	10000	166d
27.701115	7353a	189b	45d8	c	7a449a	6218757ef910	17f	10000	7ffe9f1a8980	2add	62187583a4a0	62187584fb90	62187397a490	7b0000	7b0000	10000	12fb
27.711033	74778	0	6	ff	7	621883923050	ff	6218862356f0	7ffe9f1a8980	62187aee34e0	621883923050	c	22a5	62187d5cb1f0	7	65	62187d5cb1f8
27.724241	73519	35	45d8	5	11f2600	6218757ef910	7	10000	7ffe9f1a8980	2add	62187583a4a0	62187584fb90	62187103a490	1200000	1200000	10000	d2e
27.738248	73519	2f	45d8	5	135de0	6218757ef910	6	10000	7ffe9f1a8980	2add	62187583a4a0	62187584fb90	62187533a490	140000	140000	10000	169a
27.748597	73540	3ad	45d8	9	601a06	6218757ef910	50	10000	7ffe9f1a8980	2add	62187583a4a0	62187584fb90	621873ffa490	610000	610000	10000	13e5
27.760909	7359a	6218757fa490	3a60	11	b3d8c1	6218757ef910	2add	10000	7ffe9f1a8980	2add	62187583a4a0	62187584fb90	621872b7a490	b30000	3a5c	10000	0
27.766576	73519	8fb9	45d8	f	db87e1	6218757ef910	7a7	10000	7ffe9f1a8980	2add	62187583a4a0	62187584fb90	62187213a490	dc0000	dc0000	10000	f92
27.775263	7357c	6bb8	6bb4	11	11ad6c8	6218757ef910	2add	10000	7ffe9f1a8980	2add	62187583a4a0	62187584fb90	62187123a490	1180000	6bb0	10000	0
27.785049	7352d	29d35	45d8	11	160f214	6218757ef910	1e65	10000	7ffe9f1a8980	2add	62187583a4a0	62187584fb90	62187003a490	1600000	1600000	10000	aee
27.796844	7353a	4a9	45d8	a	3a8dcd	6218757ef910	63	10000	7ffe9f1a8980	2add	62187583a4a0	62187584fb90	62187497a490	3b0000	3b0000	10000	153b
27.809972	734d4	6218777894e0	45d8	11	8d4c92	6218757ef910	1eb2	10000	7ffe9f1a8980	2add	62187583a4a0	62187584fb90	6218734fa490	8d0000	8d0000	10000	1259
27.816218	7353a	d3	45d8	7	ae4940	6218757ef910	15	10000	7ffe9f1a8980	2add	62187583a4a0	62187584fb90	621872c7a490	af0000	af0000	10000	1127
27.821853	7352d	1276d	45d8	10	d02324	6218757ef910	e9c	10000	7ffe9f1a8980	2add	62187583a4a0	62187584fb90	62187243a490	d00000	d00000	10000	ffe
27.836935	73515	389d5	45d8	11	137e1fb	6218757ef910	280c	10000	7ffe9f1a8980	2add	62187583a4a0	62187584fb90	621870a3a490	1380000	1380000	10000	c56
27.843557	73f3d	2add	621875794ab0	22f3f	6218757af8f0	2b3d5	5eba	621886345a90	7ffe9f1a8980	2b3cd	1f6a	621878b633a0	48b79d109586ff7c	2add	4	1f6b	15
27.856320	734fd	6218757af8f0	45d8	10	468188	6218757ef910	1147	10000	7ffe9f1a8980	2add	62187583a4a0	62187584fb90	6218746ba490	460000	460000	10000	14d8
27.862286	73519	a7	45d8	7	6a1474	6218757ef910	12	10000	7ffe9f1a8980	2add	62187583a4a0	62187584fb90	621873d7a490	6b0000	6b0000	10000	138b
27.873126	73519	2683	45d8	d	b9e0e2	6218757ef910	243	10000	7ffe9f1a8980	2add	62187583a4a0	62187584fb90	6218729ba490	ba0000	ba0000	10000	10c4
27.882193	7353a	1e031	45d8	10	f85d90	6218757ef910	168e	10000	7ffe9f1a8980	2add	62187583a4a0	62187584fb90	6218719fa490	f90000	f90000	10000	e8d
27.892001	747dd	3	2	62187d88fc60	3	62187d88fc30	68	6218863ba630	7ffe9f1a8980	6218758e5060	68	0	22a4	62187d88fbe0	5	69	62187d88fbe8
27.902244	7353a	df	45d8	7	14514b	6218757ef910	16	10000	7ffe9f1a8980	2add	62187583a4a0	62187584fb90	6218752fa490	150000	150000	10000	1691
27.908456	734d4	6218777894e0	45d8	9	4101b5	6218757ef910	3b	10000	7ffe9f1a8980	2add	62187583a4a0	62187584fb90	6218747fa490	410000	410000	10000	1505
27.918580	1acbacc64a96	21	7ce404e1ac80	10cca000	20	621875872f90	7ce404e1ac80	30	7ffe9f1a87e0	2add	62187583a4a0	62187584fb90	62187393a490	20	621875872f90	30	20
27.931586	7353a	d50d	45d8	f	daef94	6218757ef910	ae1	10000	7ffe9f1a8980	2add	62187583a4a0	62187584fb90	62187217a490	db0000	db0000	10000	f9b
27.940904	734d4	6218777894e0	45d8	e	1201634	6218757ef910	3fa	10000	7ffe9f1a8980	2add	62187583a4a0	62187584fb90	62187103a490	1200000	1200000	10000	d2e
27.947550	7352d	391ff	45d8	11	14ef7e1	6218757ef910	2853	10000	7ffe9f1a8980	2add	62187583a4a0	62187584fb90	62187053a490	14c0000	14c0000	10000	ba2
27.959031	73519	ca8d	45d8	f	2fa0d5	6218757ef910	a6f	10000	7ffe9f1a8980	2add	62187583a4a0	62187584fb90	621874c3a490	300000	300000	10000	159e
27.966015	73519	a6c1	45d8	f	60e828	6218757ef910	8cc	10000	7ffe9f1a8980	2add	62187583a4a0	62187584fb90	621873ffa490	610000	610000	10000	13e5
27.974638	747dd	0	4	6218796e2240	5	6218796e21e0	69	6218864c10a0	7ffe9f1a8980	62187c6bb030	66	0	22a4	6218796e2160	9	66	6218796e2168
27.985229	7359a	6218757fa490	5070	11	df1a8b	6218757ef910	2add	10000	7ffe9f1a8980	2add	62187583a4a0	62187584fb90	6218720ba490	de0000	506c	10000	0
28.000097	7357f	355c	3558	11	149e917	6218757ef910	2add	10000	7ffe9f1a8980	2add	62187583a4a0	62187584fb90	6218705fa490	1490000	3558	10000	0
28.008423	7353a	1b3b	45d8	c	102652	6218757ef910	1a8	10000	7ffe9f1a8980	2add	62187583a4a0	62187584fb90	6218753fa490	110000	110000	10000	16b5
28.018937	7353a	175	45d8	8	5cdc1c	6218757ef910	23	10000	7ffe9f1a8980	2add	62187583a4a0	62187584fb90	6218740fa490	5d0000	5d0000	10000	1409
28.031048	1acbacc64a96	21	7ce404e1ac80	10e02000	20	62187b218130	7ce404e1ac80	30	7ffe9f1a87e0	2add	62187583a4a0	62187584fb90	621872afa490	20	62187b218130	30	20
28.038488	7353a	2f357	45d8	11	e912bf	6218757ef910	2206	10000	7ffe9f1a8980	2add	62187583a4a0	62187584fb90	621871dba490	ea0000	ea0000	10000	f14
28.051602	7350c	16c61	45d8	10	62187583a4a0	6218757ef910	1195	10000	7ffe9f1a8980	2add	62187583a4a0	62187584fb90	621870c7a490	12f0000	12f0000	10000	ca7
28.065140	73519	43	45d8	6	1d4a68	6218757ef910	8	10000	7ffe9f1a8980	2add	62187583a4a0	62187584fb90	6218750ba490	1e0000	1e0000	10000	1640
28.079469	7353a	a3	45d8	7	840fa8	6218757ef910	11	10000	7ffe9f1a8980	2add	62187583a4a0	62187584fb90	6218736fa490	850000	850000	10000	12a1
28.085541	734fd	6218757af8f0	45d8	11	b17ab3	6218757ef910	23fa	10000	7ffe9f1a8980	2add	62187583a4a0	62187584fb90	621872c3a490	b00000	b00000	10000	111e
28.098209	73519	cf3b	45d8	f	10b0f98	6218757ef910	aac	10000	7ffe9f1a8980	2add	62187583a4a0	62187584fb90	62187153a490	10c0000	10c0000	10000	de2
28.111587	73519	d687	45d8	f	16acf92	6218757ef910	aeb	10000	7ffe9f1a8980	2add	62187583a4a0	62187584fb90	62186fd7a490	16b0000	16b0000	10000	a8b
28.123665	73519	ab0d	45d8	f	50fd38	6218757ef910	8fb	10000	7ffe9f1a8980	2add	62187583a4a0	62187584fb90	6218743fa490	510000	510000	10000	1475
28.132720	1acbacc651c5	110	ffffffffffffffa0	6	62187578a010	100	100	100	7ffe9f1a8820	62187d6dfc00	621878fd9170	62187578e0c0	48b79d109586ff7c	f	621878fd9170	100	1
28.145476	7353a	b57	45d8	b	eb50cc	6218757ef910	c6	10000	7ffe9f1a8980	2add	62187583a4a0	62187584fb90	621871d3a490	ec0000	ec0000	10000	f02
28.155162	73519	2209	45d8	d	13080f7	6218757ef910	203	10000	7ffe9f1a8980	2add	62187583a4a0	62187584fb90	621870bfa490	1310000	1310000	10000	c95
28.169062	7353a	2ef	45d8	9	231b34	6218757ef910	41	10000	7ffe9f1a8980	2add	62187583a4a0	62187584fb90	621874f3a490	240000	240000	10000	160a
28.176850	1acbacd60b8a	6218758118e0	5d14	f7d0	17450	621875802110	621875819560	5d14	7ffe9f1a8978	6218758118e0	62187583a4a0	62187584fb90	6218740fa490	5e0000	5e0000	10000	1400
28.185019	73540	185	45d8	8	997a1d	6218757ef910	26	10000	7ffe9f1a8980	2add	62187583a4a0	62187584fb90	6218731ba490	9a0000	9a0000	10000	11e4
28.195954	73510	168dd	45d8	10	e89904	6218757ef910	116c	10000	7ffe9f1a8980	2add	62187583a4a0	62187584fb90	621871dfa490	e90000	e90000	10000	f1d
28.207557	7358d	6218757fa490	ee0	11	140e4c7	6218757ef910	2add	10000	7ffe9f1a8980	2add	62187583a4a0	62187584fb90	62187083a490	1400000	edc	10000	0
28.213200	73515	1ed3f	45d8	10	165a870	6218757ef910	171b	10000	7ffe9f1a8980	2add	62187583a4a0	62187584fb90	62186feba490	1660000	1660000	10000	ab8
28.223768	7351c	1609	45d8	c	41a965	6218757ef910	160	10000	7ffe9f1a8980	2add	62187583a4a0	62187584fb90	6218747ba490	420000	420000	10000	14fc
28.234048	734d9	6218777894e0	45d8	11	8ea10d	6218757ef910	244a	10000	7ffe9f1a8980	2add	62187583a4a0	62187584fb90	62187353a490	8c0000	8c0000	10000	1262
28.246659	7351c	43	45d8	6	e4632e	6218757ef910	8	10000	7ffe9f1a8980	2add	62187583a4a0	62187584fb90	621871efa490	e50000	e50000	10000	f41
28.261267	73519	1eb	45d8	8	14c5c80	6218757ef910	30	10000	7ffe9f1a8980	2add	62187583a4a0	62187584fb90	6218704fa490	14d0000	14d0000	10000	b99
28.273451	7353a	e9ef	45d8	f	30ec4b	6218757ef910	be1	10000	7ffe9f1a8980	2add	62187583a4a0	62187584fb90	621874bfa490	310000	310000	10000	1595
28.288397	1acbacd60b8a	6218758118e0	5d14	14470	17450	6218757fd470	6218758148c0	5d14	7ffe9f1a8978	6218758118e0	62187583a4a0	62187584fb90	62187317a490	9c0000	9c0000	10000	11d2
28.301626	7359e	ffff	5384	11	fb8b77	6218757ef910	2add	10000	7ffe9f1a8980	2add	62187583a4a0	62187584fb90	6218719fa490	f90000	5380	10000	0
28.308828	7356f	1111	4bbc	11	12d2238	6218757ef910	2add	10000	7ffe9f1a8980	2add	62187583a4a0	62187584fb90	621870d7a490	12b0000	4bb8	10000	0
28.315163	73519	e507	45d8	f	15af50c	6218757ef910	b95	10000	7ffe9f1a8980	2add	62187583a4a0	62187584fb90	62187017a490	15b0000	15b0000	10000	b1b
28.327572	73540	89	45d8	7	3b13eb	6218757ef910	e	10000	7ffe9f1a8980	2add	62187583a4a0	62187584fb90	62187493a490	3c0000	3c0000	10000	1532
28.334737	73519	29e97	45d8	11	6c3cbd	6218757ef910	1e75	10000	7ffe9f1a8980	2add	62187583a4a0	62187584fb90	621873cfa490	6d0000	6d0000	10000	1379
28.343278	7358d	6218757fa490	5110	11	a49f35	6218757ef910	2add	10000	7ffe9f1a8980	2add	62187583a4a0	62187584fb90	621872f3a490	a40000	510c	10000	0
28.354986	73519	4c57	45d8	e	f47a27	6218757ef910	44c	10000	7ffe9f1a8980	2add	62187583a4a0	62187584fb90	621871afa490	f50000	f50000	10000	eb1
28.362764	7353a	1c9e7	45d8	10	1296a7e	6218757ef910	1597	10000	7ffe9f1a8980	2add	62187583a4a0	62187584fb90	621870dba490	12a0000	12a0000	10000	cd4
28.374799	7353a	aa81	45d8	f	8a9e2	6218757ef910	8f2	10000	7ffe9f1a8980	2add	62187583a4a0	62187584fb90	6218755fa490	90000	90000	10000	16fd
28.384960	73596	6218757fa490	5bac	11	55b0a4	6218757ef910	2add	10000	7ffe9f1a8980	2add	62187583a4a0	62187584fb90	6218743ba490	520000	5ba8	10000	0
28.399301	73521	10693	45d8	10	b7c5b0	6218757ef910	d39	10000	7ffe9f1a8980	2add	62187583a4a0	62187584fb90	621872a7a490	b70000	b70000	10000	10df
28.412802	1acbacd6110a	0	1	1898	6218869bed20	0	6218869c8000	7e	7ffe9f1a8978	0	6218869bed20	62187705c6f0	7ce404e1ace0	62187578c428	6218757fa490	ab74	7e
28.420692	7353a	25595	45d8	11	14cab82	6218757ef910	1b66	10000	7ffe9f1a8980	2add	62187583a4a0	62187584fb90	6218704fa490	14d0000	14d0000	10000	b99
28.428531	73519	4a6b	45d8	e	146488	6218757ef910	433	10000	7ffe9f1a8980	2add	62187583a4a0	62187584fb90	6218752fa490	150000	150000	10000	1691
28.434779	73519	17f	45d8	8	40e43b	6218757ef910	25	10000	7ffe9f1a8980	2add	62187583a4a0	62187584fb90	6218747fa490	410000	410000	10000	1505
28.446570	73519	383ef	45d8	11	97d6cd	6218757ef910	27d2	10000	7ffe9f1a8980	2add	62187583a4a0	62187584fb90	62187323a490	980000	980000	10000	11f6
28.458778	7350c	26ca1	45d8	11	62187583a4a0	6218757ef910	1c55	10000	7ffe9f1a8980	2add	62187583a4a0	62187584fb90	621871c7a490	ef0000	ef0000	10000	ee7
28.464510	734c8	26621	45d8	11	1166af9	6218757ef910	1c1a	10000	7ffe9f1a8980	2add	62187583a4a0	62187584fb90	6218712ba490	1160000	1160000	10000	d88
28.475552	7353a	1f3fd	45d8	10	164f965	6218757ef910	1768	10000	7ffe9f1a8980	2add	62187583a4a0	62187584fb90	62186fefa490	1650000	1650000	10000	ac1
28.486452	7353a	1ec43	45d8	10	41ca26	6218757ef910	170c	10000	7ffe9f1a8980	2add	62187583a4a0	62187584fb90	6218747ba490	420000	420000	10000	14fc
28.501195	73519	509	45d8	a	a799d4	6218757ef910	68	10000	7ffe9f1a8980	2add	62187583a4a0	62187584fb90	621872e3a490	a80000	a80000	10000	1166
28.512670	734f5	2add	45d8	d	f22b7d	6218757ef910	2bd	10000	7ffe9f1a8980	2add	62187583a4a0	62187584fb90	621871bba490	f20000	f20000	10000	ecc
28.521388	7357c	fb28	fb24	11	126cd41	6218757ef910	2add	10000	7ffe9f1a8980	2add	62187583a4a0	62187584fb90	621870eba490	1260000	fb20	10000	0
28.531150	1acbacd60b8a	621875805eb8	2e8a	79e0	ba28	6218757fe4d8	621875809f00	2e8a	7ffe9f1a8978	621875805eb8	fffffffff0e300fc	62187584fb90	62186fefa490	1660000	1660000	10000	ab8
28.541822	7353a	19fd5	45d8	10	377c2d	6218757ef910	13c0	10000	7ffe9f1a8980	2add	62187583a4a0	62187584fb90	621874a3a490	380000	380000	10000	1556
28.552911	73519	177b3	45d8	10	7d9601	6218757ef910	1211	10000	7ffe9f1a8980	2add	62187583a4a0	62187584fb90	6218738ba490	7e0000	7e0000	10000	12e0
28.563044	7353a	a289	45d8	f	bfe55c	6218757ef910	891	10000	7ffe9f1a8980	2add	62187583a4a0	62187584fb90	62187283a490	c00000	c00000	10000	108e
28.570547	7353a	2a47f	45d8	11	f0b48a	6218757ef910	1ebc	10000	7ffe9f1a8980	2add	62187583a4a0	62187584fb90	621871bfa490	f10000	f10000	10000	ed5
28.585408	7353a	ad	45d8	7	1578ed0	6218757ef910	13	10000	7ffe9f1a8980	2add	62187583a4a0	62187584fb90	62187023a490	1580000	1580000	10000	b36
28.593606	7353a	2f77f	45d8	11	1adf67	6218757ef910	2228	10000	7ffe9f1a8980	2add	62187583a4a0	62187584fb90	62187517a490	1b0000	1b0000	10000	165b
28.603658	1acbacd60b8a	621875828d30	45d8	2050	11760	621875809ba0	621875838440	ba28	7ffe9f1a8978	621875828d30	62187583a4a0	62187584fb90	621873f3a490	650000	650000	10000	13c1
28.609936	7353a	2021b	45d8	11	8dbb7e	6218757ef910	1807	10000	7ffe9f1a8980	2add	62187583a4a0	62187584fb90	6218734ba490	8e0000	8e0000	10000	1250
28.621540	73519	35	45d8	5	e4226e	6218757ef910	7	10000	7ffe9f1a8980	2add	62187583a4a0	62187584fb90	621871efa490	e50000	e50000	10000	f41
28.628345	73540	a3	45d8	7	1126603	6218757ef910	11	10000	7ffe9f1a8980	2add	62187583a4a0	62187584fb90	62187137a490	1130000	1130000	10000	da3
28.639168	7353a	4a9	45d8	a	162e702	6218757ef910	63	10000	7ffe9f1a8980	2add	62187583a4a0	62187584fb90	62186ff7a490	1630000	1630000	10000	ad3
28.647138	7353a	2bf15	45d8	11	295078	6218757ef910	1fee	10000	7ffe9f1a8980	2add	62187583a4a0	62187584fb90	621874dba490	2a0000	2a0000	10000	15d4
28.654237	7353a	119	45d8	8	5dd118	6218757ef910	1e	10000	7ffe9f1a8980	2add	62187583a4a0	62187584fb90	6218740ba490	5e0000	5e0000	10000	1400
28.664665	73521	118bb	45d8	10	a94eca	6218757ef910	dff	10000	7ffe9f1a8980	2add	62187583a4a0	62187584fb90	621872dfa490	a90000	a90000	10000	115d
28.676684	7353a	35	45d8	5	100f03d	6218757ef910	7	10000	7ffe9f1a8980	2add	62187583a4a0	62187584fb90	6218717fa490	1010000	1010000	10000	e45
28.683848	73582	5e48	5e48	11	134c6c5	6218757ef910	2add	10000	7ffe9f1a8980	2add	62187583a4a0	62187584fb90	621870bba490	1320000	5e44	10000	0
28.690421	73519	1de15	45d8	10	1556e72	6218757ef910	1679	10000	7ffe9f1a8980	2add	62187583a4a0	62187584fb90	6218702ba490	1560000	1560000	10000	b48
28.698456	73519	f1	45d8	7	1e727b	6218757ef910	19	10000	7ffe9f1a8980	2add	62187583a4a0	62187584fb90	62187507a490	1f0000	1f0000	10000	1637
28.704280	73519	253d	45d8	d	49e4cf	6218757ef910	22d	10000	7ffe9f1a8980	2add	62187583a4a0	62187584fb90	6218745ba490	4a0000	4a0000	10000	14b4
28.717617	73596	6218757fa490	48c0	11	aca069	6218757ef910	2add	10000	7ffe9f1a8980	2add	62187583a4a0	62187584fb90	621872dfa490	a90000	48bc	10000	0
28.723951	73519	a7	45d8	7	d8abce	6218757ef910	12	10000	7ffe9f1a8980	2add	62187583a4a0	62187584fb90	6218721fa490	d90000	d90000	10000	fad
28.736696	73519	35c3	45d8	d	1332967	6218757ef910	31a	10000	7ffe9f1a8980	2add	62187583a4a0	62187584fb90	621870b3a490	1340000	1340000	10000	c7a
28.747382	73519	22e1	45d8	d	ebeb9	6218757ef910	20a	10000	7ffe9f1a8980	2add	62187583a4a0	62187584fb90	62187547a490	f0000	f0000	10000	16c7
28.755460	7353a	67f	45d8	a	4a3bde	6218757ef910	81	10000	7ffe9f1a8980	2add	62187583a4a0	62187584fb90	62187457a490	4b0000	4b0000	10000	14ab
28.763540	73519	29	45d8	5	83f014	6218757ef910	5	10000	7ffe9f1a8980	2add	fffffffff0e320c4	62187584fb90	62187373a490	840000	840000	10000	12aa
28.771373	734c1	f87b	45d8	f	bddca3	6218757ef910	c8d	10000	7ffe9f1a8980	2add	62187583a4a0	62187584fb90	6218728fa490	bd0000	bd0000	10000	10a9
28.786436	7353a	ad	45d8	7	12ae31a	6218757ef910	13	10000	7ffe9f1a8980	2add	62187583a4a0	62187584fb90	621870d7a490	12b0000	12b0000	10000	ccb
28.797783	7353a	95	45d8	7	6c63c	6218757ef910	f	10000	7ffe9f1a8980	2add	62187583a4a0	62187584fb90	62187567a490	70000	70000	10000	170f
28.803722	734cf	1e911	45d8	10	309991	6218757ef910	16e7	10000	7ffe9f1a8980	2add	62187583a4a0	62187584fb90	621874c3a490	300000	300000	10000	159e
28.814303	7352d	338d1	45d8	11	7c710f	6218757ef910	24cc	10000	7ffe9f1a8980	2add	62187583a4a0	62187584fb90	62187397a490	7b0000	7b0000	10000	12fb
28.823246	73519	d369	45d8	f	bb3d01	6218757ef910	ad5	10000	7ffe9f1a8980	2add	62187583a4a0	62187584fb90	62187293a490	bc0000	bc0000	10000	10b2
28.834343	73519	61	45d8	6	10a5f0e	6218757ef910	9	10000	7ffe9f1a8980	2add	62187583a4a0	62187584fb90	62187157a490	10b0000	10b0000	10000	deb
28.846952	73519	27dbb	45d8	11	164f8be	6218757ef910	1d08	10000	7ffe9f1a8980	2add	62187583a4a0	62187584fb90	62186fefa490	1650000	1650000	10000	ac1
28.854669	734f5	2add	45d8	11	2b6e43	6218757ef910	1a8b	10000	7ffe9f1a8980	2add	62187583a4a0	62187584fb90	621874d7a490	2b0000	2b0000	10000	15cb
28.869105	1acbacd60b8a	621875828d30	45d8	f850	11760	6218757fc3a0	62187582ac40	ba28	7ffe9f1a8978	621875828d30	62187583a4a0	62187584fb90	6218732fa490	960000	960000	10000	1208
28.881616	73504	13607	45d8	10	ee4333	6218757ef910	f3c	10000	7ffe9f1a8980	2add	62187583a4a0	62187584fb90	621871cba490	ee0000	ee0000	10000	ef0
28.891493	1acbacc63f07	90	7ce404e1ac80	1a0	62187a971510	621886e49df0	0	101	7ffe9f1a8710	0	0	62187a9715a0	7ce404e1ace0	ffffffffffffffa0	110	62187578a010	f
28.897045	735a3	1111	d280	11	15c380b	6218757ef910	2add	10000	7ffe9f1a8980	2add	62187583a4a0	62187584fb90	6218701fa490	1590000	d27c	10000	0
28.909376	7353a	fbe3	45d8	f	3c0f81	6218757ef910	cb5	10000	7ffe9f1a8980	2add	62187583a4a0	62187584fb90	6218748fa490	3d0000	3d0000	10000	1529
28.920184	73519	2fb81	45d8	11	8a9512	6218757ef910	225d	10000	7ffe9f1a8980	2add	62187583a4a0	62187584fb90	62187357a490	8b0000	8b0000	10000	126b
28.925501	73519	107	45d8	8	aea6e1	6218757ef910	1c	10000	7ffe9f1a8980	2add	62187583a4a0	62187584fb90	621872c7a490	af0000	af0000	10000	1127
28.933929	73519	1cd	45d8	8	eb000d	6218757ef910	2c	10000	7ffe9f1a8980	2add	62187583a4a0	62187584fb90	621871d3a490	ec0000	ec0000	10000	f02
28.946812	73519	20b5d	45d8	11	149b0cc	6218757ef910	186f	10000	7ffe9f1a8980	2add	62187583a4a0	62187584fb90	6218705ba490	14a0000	14a0000	10000	bb4
28.955932	7353a	311cf	45d8	11	5caa9	6218757ef910	2332	10000	7ffe9f1a8980	2add	62187583a4a0	62187584fb90	6218756ba490	60000	60000	10000	1718
28.968189	73519	97	45d8	7	621404	6218757ef910	10	10000	7ffe9f1a8980	2add	62187583a4a0	62187584fb90	621873f7a490	630000	630000	10000	13d3
28.976466	7353a	7385	45d8	e	9c5f1d	6218757ef910	645	10000	7ffe9f1a8980	2add	62187583a4a0	62187584fb90	6218730fa490	9d0000	9d0000	10000	11c9
28.986891	7352d	132f7	45d8	10	e5f3b4	6218757ef910	f1c	10000	7ffe9f1a8980	2add	62187583a4a0	62187584fb90	621871efa490	e50000	e50000	10000	f41
29.001921	7353a	f4f	45d8	b	14d006e	6218757ef910	fe	10000	7ffe9f1a8980	2add	62187583a4a0	62187584fb90	6218704ba490	14e0000	14e0000	10000	b90
29.008827	73519	25807	45d8	11	d545e	6218757ef910	1b7f	10000	7ffe9f1a8980	2add	62187583a4a0	62187584fb90	6218754ba490	e0000	e0000	10000	16d0
29.023639	7351c	745	45d8	a	6a4972	6218757ef910	8a	10000	7ffe9f1a8980	2add	62187583a4a0	62187584fb90	621873d7a490	6b0000	6b0000	10000	138b
29.030746	7359a	6218757fa490	1c0	11	9d1e03	6218757ef910	2add	10000	7ffe9f1a8980	2add	62187583a4a0	62187584fb90	62187313a490	9c0000	1bc	10000	0
29.036005	73519	c8db	45d8	f	c04fe4	6218757ef910	a51	10000	7ffe9f1a8980	2add	62187583a4a0	62187584fb90	6218727fa490	c10000	c10000	10000	1085
29.046363	1acbacd60b8a	6218758001a4	1745	4b58	5d14	6218757fb64c	621875801360	1745	7ffe9f1a8978	6218758001a4	62187583a4a0	62187584fb90	62187157a490	10c0000	10c0000	10000	de2
29.054771	7353a	aab	45d8	b	147294b	6218757ef910	c0	10000	7ffe9f1a8980	2add	62187583a4a0	62187584fb90	62187063a490	1480000	1480000	10000	bc6
29.068265	7353a	29	45d8	5	28cd2c	6218757ef910	5	10000	7ffe9f1a8980	2add	62187583a4a0	62187584fb90	621874dfa490	290000	290000	10000	15dd
29.080110	7353a	5567	45d8	e	7b803b	6218757ef910	4d3	10000	7ffe9f1a8980	2add	62187583a4a0	62187584fb90	62187393a490	7c0000	7c0000	10000	12f2
29.089816	73519	1e353	45d8	10	c14925	6218757ef910	16af	10000	7ffe9f1a8980	2add	62187583a4a0	62187584fb90	6218727ba490	c20000	c20000	10000	107c
29.096749	73519	375b5	45d8	11	f25eff	6218757ef910	2739	10000	7ffe9f1a8980	2add	62187583a4a0	62187584fb90	621871b7a490	f30000	f30000	10000	ec3
29.107753	7358d	6218757fa490	76e0	11	144508f	6218757ef910	2add	10000	7ffe9f1a8980	2add	62187583a4a0	62187584fb90	62187077a490	1430000	76dc	10000	0
29.122148	73519	a229	45d8	f	17a976	6218757ef910	88b	10000	7ffe9f1a8980	2add	62187583a4a0	62187584fb90	62187523a490	180000	180000	10000	1676
29.130371	73519	15b	45d8	8	4f8ebd	6218757ef910	21	10000	7ffe9f1a8980	2add	62187583a4a0	62187584fb90	62187443a490	500000	500000	10000	147e
29.135653	73504	37c63	45d8	11	74ebef	6218757ef910	277c	10000	7ffe9f1a8980	2add	62187583a4a0	62187584fb90	621873b3a490	740000	740000	10000	133a
29.147121	73519	156bb	45d8	10	b87510	6218757ef910	10a6	10000	7ffe9f1a8980	2add	62187583a4a0	62187584fb90	6218729fa490	b90000	b90000	10000	10cd
29.153982	7352d	17f3	45d8	c	ea0643	6218757ef910	17a	10000	7ffe9f1a8980	2add	62187583a4a0	62187584fb90	621871dba490	ea0000	ea0000	10000	f14
29.161473	73515	3853f	45d8	11	11cdd77	6218757ef910	27e1	10000	7ffe9f1a8980	2add	62187583a4a0	62187584fb90	6218710fa490	11d0000	11d0000	10000	d49
29.171064	734ec	2add	45d8	11	161eed7	6218757ef910	1b2c	10000	7ffe9f1a8980	2add	62187583a4a0	62187584fb90	62186fffa490	1610000	1610000	10000	ae5
29.176991	73515	28243	45d8	11	174297	6218757ef910	1d3e	10000	7ffe9f1a8980	2add	62187583a4a0	62187584fb90	62187523a490	180000	180000	10000	1676
29.185580	734c1	96ef	45d8	f	567192	6218757ef910	7f8	10000	7ffe9f1a8980	2add	62187583a4a0	62187584fb90	6218742ba490	560000	560000	10000	1448
29.193598	7353a	161	45d8	8	8db9b8	6218757ef910	22	10000	7ffe9f1a8980	2add	62187583a4a0	62187584fb90	6218734ba490	8e0000	8e0000	10000	1250
29.207700	73510	1cf91	45d8	10	e42072	6218757ef910	15d3	10000	7ffe9f1a8980	2add	62187583a4a0	62187584fb90	621871efa490	e50000	e50000	10000	f41
29.218817	73529	168dd	45d8	10	12d2ea3	6218757ef910	116c	10000	7ffe9f1a8980	2add	62187583a4a0	62187584fb90	621870cfa490	12d0000	12d0000	10000	cb9
29.226722	73596	6218757fa490	66ec	11	162f9e7	6218757ef910	2add	10000	7ffe9f1a8980	2add	62187583a4a0	62187584fb90	62187003a490	1600000	66e8	10000	0
29.233888	1acbaccda97b	621887293000	621887293000	7ce404d1a97b	0	7ce404e1ac80	621887293000	7ce404e22218	7ffe9f1a87c8	0	0	621887272000	206	621887272000	6218872677b0	1000	aba0
29.239095	7353a	6d	45d8	6	3e60d6	6218757ef910	b	10000	7ffe9f1a8980	2add	62187583a4a0	62187584fb90	62187487a490	3f0000	3f0000	10000	1517
29.250309	73519	13531	45d8	10	8d535c	6218757ef910	f30	10000	7ffe9f1a8980	2add	62187583a4a0	62187584fb90	6218734ba490	8e0000	8e0000	10000	1250
29.265424	73519	1f3	45d8	8	fc7880	6218757ef910	31	10000	7ffe9f1a8980	2add	62187583a4a0	62187584fb90	6218718fa490	fd0000	fd0000	10000	e69
29.274051	7353a	17f	45d8	8	13c1b5c	6218757ef910	25	10000	7ffe9f1a8980	2add	62187583a4a0	62187584fb90	6218708fa490	13d0000	13d0000	10000	c29
29.289139	7352d	187ab	45d8	10	36296f	6218757ef910	12b6	10000	7ffe9f1a8980	2add	62187583a4a0	62187584fb90	621874afa490	350000	350000	10000	1571
29.299934	7353a	2629	45d8	d	80de81	6218757ef910	23b	10000	7ffe9f1a8980	2add	62187583a4a0	62187584fb90	6218737fa490	810000	810000	10000	12c5
29.309667	73519	2807	45d8	d	c8d473	6218757ef910	255	10000	7ffe9f1a8980	2add	62187583a4a0	62187584fb90	6218725fa490	c90000	c90000	10000	103d
29.322672	7359a	6218757fa490	1954	11	126c8b0	6218757ef910	2add	10000	7ffe9f1a8980	2add	62187583a4a0	62187584fb90	621870eba490	1260000	1950	10000	0
29.336758	a534a	378492b08503a928	17671	0	15c0c	5134	2fd2a23e0fbf76b4	df87	7ffe9f1a8978	17671	0	1bb0a	dd856edb14696693	1206	8000000000005134	2fd2a23e0fbf76b4	2add
29.346709	73519	cc43	45d8	f	3a9c83	6218757ef910	a84	10000	7ffe9f1a8980	2add	62187583a4a0	62187584fb90	62187497a490	3b0000	3b0000	10000	153b
29.359692	7353a	35	45d8	5	92f11f	6218757ef910	7	10000	7ffe9f1a8980	2add	62187583a4a0	62187584fb90	62187337a490	930000	930000	10000	1223
29.373891	734cf	12f97	45d8	10	f84099	6218757ef910	ef4	10000	7ffe9f1a8980	2add	62187583a4a0	62187584fb90	621871a3a490	f80000	f80000	10000	e96
29.388556	7353a	29	45d8	5	165cb9b	6218757ef910	5	10000	7ffe9f1a8980	2add	62187583a4a0	62187584fb90	62186feba490	1660000	1660000	10000	ab8
29.400962	1acbacd60b8a	621875805eb8	2e8a	a180	ba28	6218757fbd38	621875807760	2e8a	7ffe9f1a8978	621875805eb8	62187583a4a0	62187584fb90	62187447a490	500000	500000	10000	147e
29.413475	7353a	32b3	45d8	d	a7576e	6218757ef910	2f3	10000	7ffe9f1a8980	2add	62187583a4a0	62187584fb90	621872e3a490	a80000	a80000	10000	1166
29.419900	73519	4813	45d8	e	d3b5ba	6218757ef910	420	10000	7ffe9f1a8980	2add	62187583a4a0	62187584fb90	62187233a490	d40000	d40000	10000	fda
29.432225	7353a	190cf	45d8	10	12be088	6218757ef910	1322	10000	7ffe9f1a8980	2add	62187583a4a0	62187584fb90	621870d3a490	12c0000	12c0000	10000	cc2
29.447281	74b62	6218874d0060	f	e0	7ce404e1ac80	0	7	0	7ffe9f1a8980	6218874d0060	6218874d0060	6218874d9a00	48b79d109586ff7c	6218874e9de8	14dd	6218874ef5e4	14de
29.458781	73519	ff85	45d8	f	662bca	6218757ef910	ce8	10000	7ffe9f1a8980	2add	62187583a4a0	62187584fb90	621873e7a490	670000	670000	10000	13af
29.470957	73582	7e40	7e40	11	c154ae	6218757ef910	2add	10000	7ffe9f1a8980	2add	62187583a4a0	62187584fb90	6218728ba490	be0000	7e3c	10000	0
29.476590	1acbacd60b8a	6218758001a4	1745	2998	5d14	6218757fd80c	621875803520	1745	7ffe9f1a8978	6218758001a4	62187b54d450	62187ea601d8	f	e80000	e80000	10000	f26
29.483271	7353a	2f	45d8	5	113ea2f	6218757ef910	6	10000	7ffe9f1a8980	2add	62187583a4a0	62187584fb90	62187133a490	1140000	1140000	10000	d9a
29.492345	73573	a334	a330	11	15618f1	6218757ef910	2add	10000	7ffe9f1a8980	2add	62187583a4a0	62187584fb90	6218702fa490	1550000	a32c	10000	0
29.500965	7353a	3357b	45d8	11	1c0eed	6218757ef910	24a9	10000	7ffe9f1a8980	2add	62187583a4a0	62187584fb90	6218750fa490	1d0000	1d0000	10000	1649
29.509925	7353a	3862f	45d8	11	5d755c	6218757ef910	27ed	10000	7ffe9f1a8980	2add	62187583a4a0	62187584fb90	6218740ba490	5e0000	5e0000	10000	1400
29.517116	73519	1951	45d8	c	8d4080	6218757ef910	18b	10000	7ffe9f1a8980	2add	62187583a4a0	62187584fb90	6218734ba490	8e0000	8e0000	10000	1250
29.522566	1acbacd60b8a	621875805eb8	2e8a	b260	ba28	6218757fac58	621875806680	2e8a	7ffe9f1a8978	621875805eb8	62187583a4a0	62187584fb90	621872b7a490	b40000	b40000	10000	10fa
29.529590	7357c	45ac	45a8	11	eaa614	6218757ef910	2add	10000	7ffe9f1a8980	2add	62187583a4a0	62187584fb90	621871e7a490	e70000	45a4	10000	0
29.535314	73529	1433	45d8	c	10f0c68	6218757ef910	143	10000	7ffe9f1a8980	2add	62187583a4a0	62187584fb90	62187147a490	10f0000	10f0000	10000	dc7
29.544002	7353a	328bd	45d8	11	14b8df4	6218757ef910	2421	10000	7ffe9f1a8980	2add	62187583a4a0	62187584fb90	62187053a490	14c0000	14c0000	10000	ba2
29.551653	7350c	1370b	45d8	10	62187583a4a0	6218757ef910	f48	10000	7ffe9f1a8980	2add	62187583a4a0	62187584fb90	62187547a490	f0000	f0000	10000	16c7
29.561237	73540	29	45d8	5	50d039	6218757ef910	5	10000	7ffe9f1a8980	2add	62187583a4a0	62187584fb90	6218743fa490	510000	510000	10000	1475
29.570087	73519	7c3	45d8	a	906a84	6218757ef910	91	10000	7ffe9f1a8980	2add	62187583a4a0	62187584fb90	6218733fa490	910000	910000	10000	1235
29.580655	73519	19919	45d8	10	dae14d	6218757ef910	1375	10000	7ffe9f1a8980	2add	62187583a4a0	62187584fb90	62187217a490	db0000	db0000	10000	f9b
29.592164	73582	5978	5978	11	130cad8	6218757ef910	2add	10000	7ffe9f1a8980	2add	62187583a4a0	62187584fb90	621870cfa490	12d0000	5974	10000	0
29.607029	7353a	283d	45d8	d	26262d	6218757ef910	25a	10000	7ffe9f1a8980	2add	62187583a4a0	62187584fb90	621874e7a490	270000	270000	10000	15ef
29.615680	734cf	127d3	45d8	10	661714	6218757ef910	ea3	10000	7ffe9f1a8980	2add	62187583a4a0	62187584fb90	621873eba490	660000	660000	10000	13b8
29.627811	7359a	6218757fa490	89a4	62187578bfa0	b563fe	6218757ef910	2add	0	7ffe9f1a8980	2add	62187583a4a0	62187584fb90	621872bba490	b20000	89a0	10000	1
29.640762	73519	b3a5	45d8	f	10bea60	6218757ef910	963	10000	7ffe9f1a8980	2add	62187583a4a0	62187584fb90	62187153a490	10c0000	10c0000	10000	de2
29.655351	7353a	10e71	45d8	10	2e7f0	6218757ef910	d88	10000	7ffe9f1a8980	2add	62187583a4a0	62187584fb90	62187577a490	30000	30000	10000	1733
29.663966	1acbacd60b8a	621875805eb8	2e8a	8960	ba28	6218757fd558	621875808f80	2e8a	7ffe9f1a8978	621875805eb8	62187583a4a0	62187584fb90	62187487a490	400000	400000	10000	150e
29.669703	734c8	33ffb	45d8	11	6907a8	6218757ef910	2514	10000	7ffe9f1a8980	2add	62187583a4a0	62187584fb90	621873e3a490	680000	680000	10000	13a6
29.676153	73519	2dcf7	45d8	11	94bebe	6218757ef910	2126	10000	7ffe9f1a8980	2add	62187583a4a0	62187584fb90	6218732fa490	950000	950000	10000	1211
29.687164	73540	2e7	45d8	9	e28ed7	6218757ef910	40	10000	7ffe9f1a8980	2add	62187583a4a0	62187584fb90	621871f7a490	e30000	e30000	10000	f53
29.701445	7353a	38f9b	45d8	11	1466747	6218757ef910	283e	10000	7ffe9f1a8980	2add	62187583a4a0	62187584fb90	62187067a490	1470000	1470000	10000	bcf
29.715629	73519	9fb3	45d8	f	327174	6218757ef910	868	10000	7ffe9f1a8980	2add	62187583a4a0	62187584fb90	621874b7a490	330000	330000	10000	1583
29.722842	7353a	21d	45d8	9	67274e	6218757ef910	34	10000	7ffe9f1a8980	2add	62187583a4a0	62187584fb90	621873e3a490	680000	680000	10000	13a6
29.736553	73519	35285	45d8	11	c8dae5	6218757ef910	25d4	10000	7ffe9f1a8980	2add	62187583a4a0	62187584fb90	6218725fa490	c90000	c90000	10000	103d
29.741949	73515	296bd	45d8	11	eef5c3	6218757ef910	1e18	10000	7ffe9f1a8980	2add	62187583a4a0	62187584fb90	621871c7a490	ef0000	ef0000	10000	ee7
29.751080	73519	3c331	45d8	11	12d180f	6218757ef910	2a49	10000	7ffe9f1a8980	2add	62187583a4a0	62187584fb90	621870cba490	12e0000	12e0000	10000	cb0
29.764020	73519	43	45d8	6	151de2	6218757ef910	8	10000	7ffe9f1a8980	2add	62187583a4a0	62187584fb90	6218752ba490	160000	160000	10000	1688
29.770765	73519	cd97	45d8	f	451c20	6218757ef910	a94	10000	7ffe9f1a8980	2add	62187583a4a0	62187584fb90	6218746ba490	460000	460000	10000	14d8
29.778555	734cf	25505	45d8	11	7b2eea	6218757ef910	1b5e	10000	7ffe9f1a8980	2add	62187583a4a0	62187584fb90	6218739fa490	790000	790000	10000	130d
29.786514	7353a	2225	45d8	d	b18c27	6218757ef910	205	10000	7ffe9f1a8980	2add	62187583a4a0	62187584fb90	621872bba490	b20000	b20000	10000	110c
29.791708	7353a	2e2f1	45d8	11	d63c66	6218757ef910	215c	10000	7ffe9f1a8980	2add	62187583a4a0	62187584fb90	62187227a490	d70000	d70000	10000	fbf
29.803274	73531	20e79	45d8	11	12bcf8e	6218757ef910	188e	10000	7ffe9f1a8980	2add	62187583a4a0	62187584fb90	621870d3a490	12c0000	12c0000	10000	cc2
29.814975	73f13	6218777894e0	621875794ab0	62187779ebd0	1a1ec	0	0	621887962c30	7ffe9f1a8980	28ba7	1d9d	621879bc81d0	48b79d109586ff7c	2add	2	1d9e	12
29.826975	1acbacd60a0a	6218757ff394	1745	6218757ff394	e10	6218849c7160	6218757ff39f	13c1	7ffe9f1a8978	0	62187583a4a0	62187584fb90	621873f3a490	650000	650000	10000	13c1
29.835521	73519	86ef	45d8	f	a0237c	6218757ef910	745	10000	7ffe9f1a8980	2add	62187583a4a0	62187584fb90	621872ffa490	a10000	a10000	10000	11a5
29.843758	7359a	6218757fa490	4330	11	d0df7c	6218757ef910	2add	10000	7ffe9f1a8980	2add	62187583a4a0	62187584fb90	62187247a490	cf0000	432c	10000	0
29.854250	7353a	1f3	45d8	8	118c807	6218757ef910	31	10000	7ffe9f1a8980	2add	62187583a4a0	62187584fb90	6218711fa490	1190000	1190000	10000	d6d
29.864992	73519	2a5b3	45d8	11	1605a5d	6218757ef910	1ec6	10000	7ffe9f1a8980	2add	62187583a4a0	62187584fb90	62186fffa490	1610000	1610000	10000	ae5
29.872173	73536	2bcb7	45d8	11	1f4008	6218757ef910	1fd0	10000	7ffe9f1a8980	2add	62187583a4a0	62187584fb90	62187503a490	200000	200000	10000	162e
29.879412	73501	1daa3	45d8	10	54e801	6218757ef910	1652	10000	7ffe9f1a8980	2add	62187583a4a0	62187584fb90	62187433a490	540000	540000	10000	145a
29.890878	73515	10f79	45d8	10	a44fe2	6218757ef910	d95	10000	7ffe9f1a8980	2add	62187583a4a0	62187584fb90	621872efa490	a50000	a50000	10000	1181
29.903073	7359e	ffff	8e78	11	fc509d	6218757ef910	2add	10000	7ffe9f1a8980	2add	62187583a4a0	62187584fb90	6218719fa490	f90000	8e74	10000	0
29.917549	73519	2bdcb	45d8	11	161df61	6218757ef910	1fdd	10000	7ffe9f1a8980	2add	62187583a4a0	62187584fb90	62186ffba490	1620000	1620000	10000	adc
29.927448	7352d	2570f	45d8	11	39ee40	6218757ef910	1b77	10000	7ffe9f1a8980	2add	62187583a4a0	62187584fb90	6218749fa490	390000	390000	10000	154d
29.935148	7353a	de4d	45d8	f	70315a	6218757ef910	b4e	10000	7ffe9f1a8980	2add	62187583a4a0	62187584fb90	621873bfa490	710000	710000	10000	1355
29.945881	73519	29	45d8	5	be1bf0	6218757ef910	5	10000	7ffe9f1a8980	2add	62187583a4a0	62187584fb90	62187287a490	bf0000	bf0000	10000	1097
29.952206	73515	62b	45d8	a	eb75b6	6218757ef910	7d	10000	7ffe9f1a8980	2add	62187583a4a0	62187584fb90	621871d3a490	ec0000	ec0000	10000	f02
29.964186	7352d	cb3b	45d8	f	144b118	6218757ef910	a7c	10000	7ffe9f1a8980	2add	62187583a4a0	62187584fb90	62187073a490	1440000	1440000	10000	bea
29.979070	73519	6cf5	45d8	e	3cf463	6218757ef910	5f0	10000	7ffe9f1a8980	2add	62187583a4a0	62187584fb90	6218748fa490	3d0000	3d0000	10000	1529
29.992279	7358d	6218757fa490	83d0	11	9dcaba	6218757ef910	2add	10000	7ffe9f1a8980	2add	62187583a4a0	62187584fb90	6218730fa490	9d0000	83cc	10000	0
29.997732	7359a	6218757fa490	1fb0	11	b87e5d	6218757ef910	2add	10000	7ffe9f1a8980	2add	62187583a4a0	62187584fb90	621872a3a490	b80000	1fac	10000	0
30.003497	73519	a88f	45d8	f	e26793	6218757ef910	8dd	10000	7ffe9f1a8980	2add	62187583a4a0	62187584fb90	621871f7a490	e30000	e30000	10000	f53
30.018424	74b76	621887b35e70	13	120	7ce404e1ac80	0	7ce404e1ac80	0	7ffe9f1a8980	621887b35e70	621887b35e70	621882b65ee0	48b79d109586ff7c	621887b50e34	2094	621887b53754	2094
30.024081	7353a	6d	45d8	6	81cbd	6218757ef910	b	10000	7ffe9f1a8980	2add	62187583a4a0	62187584fb90	6218755fa490	90000	90000	10000	16fd
30.033092	73519	5da3	45d8	e	47c478	6218757ef910	538	10000	7ffe9f1a8980	2add	62187583a4a0	62187584fb90	62187463a490	480000	480000	10000	14c6
30.041667	73519	1945	45d8	c	839837	6218757ef910	189	10000	7ffe9f1a8980	2add	62187583a4a0	62187584fb90	62187373a490	840000	840000	10000	12aa
30.053259	7353a	2f	45d8	5	d78d7f	6218757ef910	6	10000	7ffe9f1a8980	2add	62187583a4a0	62187584fb90	62187223a490	d80000	d80000	10000	fb6
30.061995	7353a	266f	45d8	d	114ae14	6218757ef910	242	10000	7ffe9f1a8980	2add	62187583a4a0	62187584fb90	6218712fa490	1150000	1150000	10000	d91
30.073574	848b5	2	3c9fc58801	26	621887bc4658	6218580ea0b0	7ffe9f1a8848	2	7ffe9f1a8840	1c9fc58801	24	94	48b79d109586ff7c	621887bc4658	7ffe9f1a8930	194	621887bc46c0
30.083808	73519	2641f	45d8	11	411d12	6218757ef910	1c03	10000	7ffe9f1a8980	2add	62187583a4a0	62187584fb90	6218747ba490	420000	420000	10000	14fc
30.093595	7351c	d3	45d8	7	8914a7	6218757ef910	15	10000	7ffe9f1a8980	2add	62187583a4a0	62187584fb90	6218735ba490	8a0000	8a0000	10000	1274
30.106140	73519	2b7c5	45d8	11	e3f9b4	6218757ef910	1f98	10000	7ffe9f1a8980	2add	62187583a4a0	62187584fb90	621871f3a490	e40000	e40000	10000	f4a
30.120790	7353a	b11	45d8	b	14d801d	6218757ef910	c4	10000	7ffe9f1a8980	2add	62187583a4a0	62187584fb90	6218704ba490	14e0000	14e0000	10000	b90
30.132969	7352d	1bd79	45d8	10	302793	6218757ef910	14fd	10000	7ffe9f1a8980	2add	62187583a4a0	62187584fb90	621874c3a490	300000	300000	10000	159e
30.140888	7353a	2f	45d8	5	68a5bb	6218757ef910	6	10000	7ffe9f1a8980	2add	62187583a4a0	62187584fb90	621873dfa490	690000	690000	10000	139d
30.154267	7357f	107c	1078	11	c74150	6218757ef910	2add	10000	7ffe9f1a8980	2add	62187583a4a0	62187584fb90	6218726ba490	c60000	1078	10000	0
30.166747	73519	18d	45d8	8	11cc3e2	6218757ef910	27	10000	7ffe9f1a8980	2add	62187583a4a0	62187584fb90	6218710fa490	11d0000	11d0000	10000	d49
30.178476	a535a	7270ca4356dd6ed	2077d	0	4304	fffffffffffff17c	a8b2147fc55cafbd	1cf7b	7ffe9f1a8978	2077d	e83	0	dd856edb14696693	1844	7ffffffffffff17c	574deb803aa35043	2add
30.184475	7353a	32b	45d8	9	27cd75	6218757ef910	47	10000	7ffe9f1a8980	2add	62187583a4a0	62187584fb90	621874e3a490	280000	280000	10000	15e6
30.194244	7353a	2ef	45d8	9	6d9412	6218757ef910	41	10000	7ffe9f1a8980	2add	62187583a4a0	62187584fb90	621873cba490	6e0000	6e0000	10000	1370
30.203656	73536	2e6ff	45d8	11	ae5e34	6218757ef910	2187	10000	7ffe9f1a8980	2add	62187583a4a0	62187584fb90	621872c7a490	af0000	af0000	10000	1127
30.210187	749f2	621876aa5a10	13	2	7	2	621876aa5cd0	22a5	7ffe9f1a8980	3	621876aa5c70	15	62187c22ac30	13	8	0	621887db0300
30.217826	7359a	6218757fa490	db9c	11	109958f	6218757ef910	2add	10000	7ffe9f1a8980	2add	62187583a4a0	62187584fb90	6218716ba490	1060000	db98	10000	0
30.223377	7353a	955	45d8	b	12fb172	6218757ef910	a8	10000	7ffe9f1a8980	2add	62187583a4a0	62187584fb90	621870c3a490	1300000	1300000	10000	c9e
30.231964	73582	5c90	5c90	11	16cc311	6218757ef910	2add	10000	7ffe9f1a8980	2add	62187583a4a0	62187584fb90	62186fd7a490	16b0000	5c8c	10000	0
30.246332	7353a	3604d	45d8	11	5f00ff	6218757ef910	265f	10000	7ffe9f1a8980	2add	62187583a4a0	62187584fb90	62187403a490	600000	600000	10000	13ee
30.261394	1acbacd60b8a	621875828d30	45d8	be50	11760	6218757ffda0	62187582e640	ba28	7ffe9f1a8978	621875828d30	62187583a4a0	62187584fb90	6218726ba490	c70000	c70000	10000	104f
30.267744	7352d	1ccdb	45d8	10	f5171d	6218757ef910	15b8	10000	7ffe9f1a8980	2add	62187583a4a0	62187584fb90	621871b3a490	f40000	f40000	10000	eba
30.282485	73519	61f	45d8	a	15bf09f	6218757ef910	7b	10000	7ffe9f1a8980	2add	62187583a4a0	62187584fb90	62187013a490	15c0000	15c0000	10000	b12
30.288083	7353a	14b	45d8	8	fea55	6218757ef910	20	10000	7ffe9f1a8980	2add	62187583a4a0	62187584fb90	62187543a490	100000	100000	10000	16be
30.300602	7353a	193bd	45d8	10	68c9ec	6218757ef910	1338	10000	7ffe9f1a8980	2add	62187583a4a0	62187584fb90	621873dfa490	690000	690000	10000	139d
30.311287	73596	6218757fa490	de1c	11	b5b8bc	6218757ef910	2add	10000	7ffe9f1a8980	2add	62187583a4a0	62187584fb90	621872b7a490	b30000	de18	10000	0
30.323342	73443	6218757fa490	1745	0	951	6218849cce74	6218757fdc60	df4	7ffe9f1a8980	6218757fa490	62187583a4a0	62187584fb90	6218715fa490	10a0000	10a0000	10000	df4
30.333619	7356f	1111	4	11	14a7cff	6218757ef910	2add	10000	7ffe9f1a8980	2add	62187583a4a0	62187584fb90	62187067a490	1470000	0	10000	0
30.341495	73536	3d19	45d8	d	89a11	6218757ef910	38d	10000	7ffe9f1a8980	2add	62187583a4a0	62187584fb90	6218755fa490	90000	90000	10000	16fd
30.350856	73519	29	45d8	5	4f3aaf	6218757ef910	5	10000	7ffe9f1a8980	2add	62187583a4a0	62187584fb90	62187443a490	500000	500000	10000	147e
30.358153	7353a	2f	45d8	5	841c25	6218757ef910	6	10000	7ffe9f1a8980	2add	62187583a4a0	62187584fb90	6218736fa490	850000	850000	10000	12a1
30.370661	73519	3271f	45d8	11	df88eb	6218757ef910	240e	10000	7ffe9f1a8980	2add	62187583a4a0	62187584fb90	62187203a490	e00000	e00000	10000	f6e
30.385006	1acbacd6110a	0	0	7318	621887f517a0	0	621887f55000	7d	7ffe9f1a8978	0	621887f517a0	62187f2447d0	7ce404e1ace0	62187578bfa8	6218757fa490	ab74	7d
30.393421	1acbacc63a86	6218851c04a0	7ce404e1ac80	621877961b50	7ce404e1ad00	7ce404e1acf0	0	10	7ffe9f1a86b0	62187578a010	7ce404e1ac80	6	7	6218806dd710	20	48b79d109586ff7c	10
30.408545	73519	2634b	45d8	11	72481e	6218757ef910	1bf8	10000	7ffe9f1a8980	2add	62187583a4a0	62187584fb90	621873b7a490	730000	730000	10000	1343
30.419231	73519	e3	45d8	7	b5a221	6218757ef910	17	10000	7ffe9f1a8980	2add	62187583a4a0	62187584fb90	621872aba490	b60000	b60000	10000	10e8
30.426826	73519	9c7	45d8	b	ed4c4b	6218757ef910	af	10000	7ffe9f1a8980	2add	62187583a4a0	62187584fb90	621871cba490	ee0000	ee0000	10000	ef0
30.433730	7353d	158f	45d8	c	11f1f44	6218757ef910	159	10000	7ffe9f1a8980	2add	62187583a4a0	62187584fb90	62187103a490	1200000	1200000	10000	d2e
30.441904	7353a	1ae03	45d8	10	15c8974	6218757ef910	1451	10000	7ffe9f1a8980	2add	62187583a4a0	62187584fb90	6218700fa490	15d0000	15d0000	10000	b09
30.452047	73519	61	45d8	6	348437	6218757ef910	9	10000	7ffe9f1a8980	2add	62187583a4a0	62187584fb90	621874afa490	350000	350000	10000	1571
30.461978	73519	89	45d8	7	7e65f1	6218757ef910	e	10000	7ffe9f1a8980	2add	62187583a4a0	62187584fb90	62187387a490	7f0000	7f0000	10000	12d7
30.472373	7353a	1b1b5	45d8	10	c9c4cb	6218757ef910	1479	10000	7ffe9f1a8980	2add	62187583a4a0	62187584fb90	6218725ba490	ca0000	ca0000	10000	1034
30.485897	7353a	71	45d8	6	124e7fc	6218757ef910	c	10000	7ffe9f1a8980	2add	62187583a4a0	62187584fb90	621870efa490	1250000	1250000	10000	d01
30.492417	7353a	389ef	45d8	11	15159ef	6218757ef910	280d	10000	7ffe9f1a8980	2add	62187583a4a0	62187584fb90	6218703ba490	1520000	1520000	10000	b6c
30.505868	73519	29	45d8	5	42008f	6218757ef910	5	10000	7ffe9f1a8980	2add	62187583a4a0	62187584fb90	62187477a490	430000	430000	10000	14f3
30.515056	73519	2211b	45d8	11	84919a	6218757ef910	1946	10000	7ffe9f1a8980	2add	62187583a4a0	62187584fb90	6218736fa490	850000	850000	10000	12a1
30.526068	73519	535d	45d8	e	d55a3b	6218757ef910	4b2	10000	7ffe9f1a8980	2add	62187583a4a0	62187584fb90	6218722ba490	d60000	d60000	10000	fc8
30.533490	734c1	1c9d3	45d8	10	10d0611	6218757ef910	1595	10000	7ffe9f1a8980	2add	62187583a4a0	62187584fb90	62187153a490	10c0000	10c0000	10000	de2
30.543676	7353a	6d0f	45d8	e	157193f	6218757ef910	5f2	10000	7ffe9f1a8980	2add	62187583a4a0	62187584fb90	62187023a490	1580000	1580000	10000	b36
30.558701	734c1	20f27	45d8	11	5729e5	6218757ef910	1894	10000	7ffe9f1a8980	2add	62187583a4a0	62187584fb90	6218742ba490	560000	560000	10000	1448
30.564703	7353a	6113	45d8	e	7fd483	6218757ef910	55e	10000	7ffe9f1a8980	2add	62187583a4a0	62187584fb90	62187383a490	800000	800000	10000	12ce
30.577597	7353a	329	45d8	9	d869ae	6218757ef910	46	10000	7ffe9f1a8980	2add	62187583a4a0	62187584fb90	6218721fa490	d90000	d90000	10000	fad
30.589565	7353a	13aad	45d8	10	1309964	6218757ef910	f74	10000	7ffe9f1a8980	2add	62187583a4a0	62187584fb90	621870bfa490	1310000	1310000	10000	c95
30.600553	73519	745	45d8	a	a7470	6218757ef910	8a	10000	7ffe9f1a8980	2add	62187583a4a0	62187584fb90	62187557a490	b0000	b0000	10000	16eb
30.611588	84a9f	6218880ae7e0	12e3f	621879bc81d8	1	621887f68090	1f	36	7ffe9f1a8850	621879ae5d20	621884009a40	621879bc81d0	48b79d109586ff7c	7ffe9f1a8868	36	22a4	6218580ea2a8
30.626434	7353a	97	45d8	7	b21b8c	6218757ef910	10	10000	7ffe9f1a8980	2add	62187583a4a0	62187584fb90	621872b7a490	b30000	b30000	10000	1103
30.638085	73519	11c71	45d8	10	101adf5	6218757ef910	e25	10000	7ffe9f1a8980	2add	62187583a4a0	62187584fb90	6218717ba490	1020000	1020000	10000	e3c
30.652150	73519	17b39	45d8	10	165fd15	6218757ef910	1239	10000	7ffe9f1a8980	2add	62187583a4a0	62187584fb90	62186feba490	1660000	1660000	10000	ab8
30.660527	1acbacd60b8a	6218758118e0	5d14	2fd0	17450	62187580e910	621875825d60	5d14	7ffe9f1a8978	6218758118e0	62187583a4a0	62187584fb90	621874c3a490	310000	310000	10000	1595
30.668953	73519	1a3f	45d8	c	6b2f02	6218757ef910	19a	10000	7ffe9f1a8980	2add	62187583a4a0	62187584fb90	621873d3a490	6c0000	6c0000	10000	1382
30.678424	7359a	6218757fa490	930	11	b2072a	6218757ef910	2add	10000	7ffe9f1a8980	2add	62187583a4a0	62187584fb90	621872c7a490	af0000	92c	10000	0
30.687825	73596	6218757fa490	7b0c	11	e76e70	6218757ef910	2add	10000	7ffe9f1a8980	2add	62187583a4a0	62187584fb90	621871f3a490	e40000	7b08	10000	0
30.695339	73519	2f	45d8	5	11a974f	6218757ef910	6	10000	7ffe9f1a8980	2add	62187583a4a0	62187584fb90	62187117a490	11b0000	11b0000	10000	d5b
30.708956	73519	207f5	45d8	11	aedaa	6218757ef910	1849	10000	7ffe9f1a8980	2add	62187583a4a0	62187584fb90	62187557a490	b0000	b0000	10000	16eb
30.716015	7353a	aa9	45d8	b	3c0911	6218757ef910	bf	10000	7ffe9f1a8980	2add	62187583a4a0	62187584fb90	6218748fa490	3d0000	3d0000	10000	1529
30.726707	7351c	29099	45d8	11	8c9923	6218757ef910	1dd8	10000	7ffe9f1a8980	2add	62187583a4a0	62187584fb90	62187357a490	8b0000	8b0000	10000	126b
30.734694	7353a	f881	45d8	f	c307f9	6218757ef910	c8e	10000	7ffe9f1a8980	2add	62187583a4a0	62187584fb90	62187273a490	c40000	c40000	10000	106a
30.745336	1acbacd60b8a	6218758118e0	5d14	c750	17450	621875805190	62187581c5e0	5d14	7ffe9f1a8978	6218758118e0	62187583a4a0	62187584fb90	62187143a490	1110000	1110000	10000	db5
30.756372	734d4	6218777894e0	45d8	11	162b28f	6218757ef910	1ff7	10000	7ffe9f1a8980	2add	62187583a4a0	62187584fb90	62187003a490	1600000	1600000	10000	aee
30.768028	73529	2d953	45d8	11	3e0fe1	6218757ef910	20fe	10000	7ffe9f1a8980	2add	62187583a4a0	62187584fb90	6218748ba490	3e0000	3e0000	10000	1520
30.781329	1acbacd60b8a	6218758118e0	5d14	6ad0	17450	62187580ae10	621875822260	5d14	7ffe9f1a8978	6218758118e0	621877e87460	621884febf58	8	9a0000	9a0000	10000	11e4
30.794957	7357c	104	100	11	fb5822	6218757ef910	2add	10000	7ffe9f1a8980	2add	62187583a4a0	62187584fb90	621871a3a490	f80000	fc	10000	0
30.804964	7358d	6218757fa490	3c20	11	140017c	6218757ef910	2add	10000	7ffe9f1a8980	2add	62187583a4a0	62187584fb90	6218708fa490	13d0000	3c1c	10000	0
30.811252	73519	3f5	45d8	9	165385b	6218757ef910	55	10000	7ffe9f1a8980	2add	62187583a4a0	62187584fb90	62186feba490	1660000	1660000	10000	ab8
30.817000	7359a	6218757fa490	ea10	11	1bc4e5	6218757ef910	2add	10000	7ffe9f1a8980	2add	62187583a4a0	62187584fb90	62187517a490	1b0000	ea0c	10000	0
30.831440	7353a	14b	45d8	8	782423	6218757ef910	20	10000	7ffe9f1a8980	2add	62187583a4a0	62187584fb90	6218739fa490	790000	790000	10000	130d
30.843590	73596	6218757fa490	76ac	11	d2ddd5	6218757ef910	2add	10000	7ffe9f1a8980	2add	62187583a4a0	62187584fb90	62187243a490	d00000	76a8	10000	0
30.856021	73519	36aff	45d8	11	12c186c	6218757ef910	26d0	10000	7ffe9f1a8980	2add	62187583a4a0	62187584fb90	621870cfa490	12d0000	12d0000	10000	cb9
30.862628	73519	aceb	45d8	f	15dacc6	6218757ef910	911	10000	7ffe9f1a8980	2add	62187583a4a0	62187584fb90	6218700ba490	15e0000	15e0000	10000	b00
30.873564	1acbacd60b8a	6218757fa490	1ef	43e8	5558	6218849c8a8c	6218757fb600	1556	7ffe9f1a8978	6218757fa490	62187583a4a0	62187584fb90	621874a7a490	380000	380000	10000	1556
30.886372	734c5	2225f	45d8	11	871510	6218757ef910	1956	10000	7ffe9f1a8980	2add	62187583a4a0	62187584fb90	62187367a490	870000	870000	10000	128f
30.900982	734fd	6218757af8f0	45d8	11	ee4371	6218757ef910	19f0	10000	7ffe9f1a8980	2add	62187583a4a0	62187584fb90	621871cfa490	ed0000	ed0000	10000	ef9
30.909108	73519	1fd6b	45d8	10	127bb45	6218757ef910	17d5	10000	7ffe9f1a8980	2add	62187583a4a0	62187584fb90	621870e3a490	1280000	1280000	10000	ce6
30.917416	7353a	32ff9	45d8	11	16226d6	6218757ef910	2469	10000	7ffe9f1a8980	2add	62187583a4a0	62187584fb90	62186ff7a490	1630000	1630000	10000	ad3
30.928340	73519	3f1	45d8	9	3f027f	6218757ef910	54	10000	7ffe9f1a8980	2add	62187583a4a0	62187584fb90	62187483a490	400000	400000	10000	150e
30.940184	78e26	7c	7ffe9f1a8b20	7ffe9f1a8c60	621ea6531158	62187578a010	7	7ffe9f1a8a30	7ffe9f1a8910	621888028a90	20	80	48b79d109586ff7c	621888426290	7c	621888424b30	0
30.949574	73573	d10c	d108	11	d6d38a	6218757ef910	2add	10000	7ffe9f1a8980	2add	62187583a4a0	62187584fb90	6218722fa490	d50000	d104	10000	0
30.955286	73519	175	45d8	8	feb624	6218757ef910	23	10000	7ffe9f1a8980	2add	62187583a4a0	62187584fb90	62187187a490	ff0000	ff0000	10000	e57
30.970103	73519	3b9	45d8	9	167b6cf	6218757ef910	51	10000	7ffe9f1a8980	2add	62187583a4a0	62187584fb90	62186fe3a490	1680000	1680000	10000	aa6
30.983396	7353a	8f5	45d8	b	557fe2	6218757ef910	a5	10000	7ffe9f1a8980	2add	62187583a4a0	62187584fb90	6218742ba490	560000	560000	10000	1448
30.995000	73519	11147	45d8	10	a5a7d5	6218757ef910	da3	10000	7ffe9f1a8980	2add	62187583a4a0	62187584fb90	621872eba490	a60000	a60000	10000	1178
31.009660	73504	819d	45d8	f	10f17a4	6218757ef910	6f2	10000	7ffe9f1a8980	2add	62187583a4a0	62187584fb90	62187147a490	10f0000	10f0000	10000	dc7
31.016503	73521	32c7d	45d8	11	13f4679	6218757ef910	2449	10000	7ffe9f1a8980	2add	62187583a4a0	62187584fb90	62187087a490	13f0000	13f0000	10000	c17
31.028908	734d9	6218777894e0	45d8	11	251116	6218757ef910	2364	10000	7ffe9f1a8980	2add	62187583a4a0	62187584fb90	621874f3a490	240000	240000	10000	160a
31.038568	1acbacd60b8a	6218758118e0	5d14	cb30	17450	621875804db0	62187581c200	5d14	7ffe9f1a8978	6218758118e0	62187583a4a0	62187584fb90	621873cfa490	6e0000	6e0000	10000	1370
31.044455	73519	a3	45d8	7	8d888e	6218757ef910	11	10000	7ffe9f1a8980	2add	62187583a4a0	62187584fb90	6218734ba490	8e0000	8e0000	10000	1250
31.049979	7353a	6179	45d8	e	b6238b	6218757ef910	562	10000	7ffe9f1a8980	2add	62187583a4a0	62187584fb90	621872a7a490	b70000	b70000	10000	10df
31.059729	7356f	1111	b9e4	11	f62ecb	6218757ef910	2add	10000	7ffe9f1a8980	2add	62187583a4a0	62187584fb90	621871b7a490	f30000	b9e0	10000	0
31.070162	7353a	1d8a5	45d8	10	13eadcd	6218757ef910	163e	10000	7ffe9f1a8980	2add	62187583a4a0	62187584fb90	62187087a490	13f0000	13f0000	10000	c17
31.079820	7353a	17f	45d8	8	1282d3	6218757ef910	25	10000	7ffe9f1a8980	2add	62187583a4a0	62187584fb90	62187537a490	130000	130000	10000	16a3
31.093610	73515	24097	45d8	11	69b9b6	6218757ef910	1a9a	10000	7ffe9f1a8980	2add	62187583a4a0	62187584fb90	621873dba490	6a0000	6a0000	10000	1394
31.104097	1acbacd60b8a	621875805eb8	2e8a	8660	ba28	6218757fd858	621875809280	2e8a	7ffe9f1a8978	621875805eb8	62187583a4a0	62187584fb90	621872b7a490	b40000	b40000	10000	10fa
31.119060	7351c	11b	45d8	8	11ad058	6218757ef910	1f	10000	7ffe9f1a8980	2add	62187583a4a0	62187584fb90	62187117a490	11b0000	11b0000	10000	d5b
31.128011	73536	28c79	45d8	11	15bfff1	6218757ef910	1da9	10000	7ffe9f1a8980	2add	62187583a4a0	62187584fb90	62187013a490	15c0000	15c0000	10000	b12
31.140444	1acbacd60a66	6218757ff814	1745	6218757ff814	621875800124	6218849c7aec	6218758001a0	14e1	7ffe9f1a8978	0	62187583a4a0	62187584fb90	62187473a490	450000	450000	10000	14e1
31.149213	734ec	2add	45d8	11	837c2d	6218757ef910	253d	10000	7ffe9f1a8980	2add	62187583a4a0	62187584fb90	6218737ba490	820000	820000	10000	12bc
31.156894	7352d	2d011	45d8	11	ba7d40	6218757ef910	2099	10000	7ffe9f1a8980	2add	62187583a4a0	62187584fb90	621872a3a490	b80000	b80000	10000	10d6
31.164473	1acbacd60884	6218757ac920	10	4	10	621877961b60	6218757ac920	2	7ffe9f1a87b8	2	1	1	48b79d109586ff7c	621887db9170	621877961b60	6218757ac920	8
31.170456	1acbacd60b8a	621875828d30	45d8	3030	11760	621875808bc0	621875837460	ba28	7ffe9f1a8978	621875828d30	62187583a4a0	62187584fb90	6218711fa490	11a0000	11a0000	10000	d64
31.182346	72b3c	2c4a	6d99	6d99	5f54	1aa1	5fd	580b	7ffe9f1a8980	6d99	0	1bb0a	dd856edb14696693	5fd	7fffffffffff240f	7bffab1655dbf8fe	2add
31.192267	78a50	ffffffffffffffff	ffffffffff8c3dd2	62187578bfa0	0	73c22e	7ffe9f1a8d48	0	7ffe9f1a8978	2add	62187583a4a0	62187584fb90	62187473a490	440000	6218757fa490	ffffffffffffffff	62187578bfa0
31.206333	73573	84a8	84a4	11	a94eb2	6218757ef910	2add	10000	7ffe9f1a8980	2add	62187583a4a0	62187584fb90	621872e3a490	a80000	84a0	10000	0
31.213072	7353a	32e55	45d8	11	d5f8cc	6218757ef910	245e	10000	7ffe9f1a8980	2add	62187583a4a0	62187584fb90	6218722ba490	d60000	d60000	10000	fc8
31.227958	73515	df	45d8	7	14005d9	6218757ef910	16	10000	7ffe9f1a8980	2add	62187583a4a0	62187584fb90	6218707fa490	1410000	1410000	10000	c05
31.241927	7353a	2dd3	45d8	d	361eae	6218757ef910	2ab	10000	7ffe9f1a8980	2add	62187583a4a0	62187584fb90	621874a7a490	370000	370000	10000	155f
31.257045	734e3	2add	45d8	11	a597e3	6218757ef910	1ce2	10000	7ffe9f1a8980	2add	62187583a4a0	62187584fb90	621872efa490	a50000	a50000	10000	1181
31.266538	73519	e3	45d8	7	e96543	6218757ef910	17	10000	7ffe9f1a8980	2add	62187583a4a0	62187584fb90	621871dba490	ea0000	ea0000	10000	f14
31.273629	7353a	aab	45d8	b	1172a15	6218757ef910	c0	10000	7ffe9f1a8980	2add	62187583a4a0	62187584fb90	62187123a490	1180000	1180000	10000	d76
31.285596	a5395	76335410e6d60743	66b5	0	3dc8	9621	5c92bec7c381227	2823	7ffe9f1a8978	66b5	0	1bb0a	dd856edb14696693	5a3	8000000000009621	5c92bec7c381227	2add
31.297377	1acbacd60b8a	621875828d30	45d8	56d0	11760	621875806520	621875834dc0	ba28	7ffe9f1a8978	621875828d30	62187583a4a0	62187584fb90	6218743ba490	530000	530000	10000	1463
31.303291	7356f	1111	8c60	11	7f7e2a	6218757ef910	2add	10000	7ffe9f1a8980	2add	62187583a4a0	62187584fb90	62187393a490	7c0000	8c5c	10000	0
31.309634	7353a	6b27	45d8	e	a8e751	6218757ef910	5d9	10000	7ffe9f1a8980	2add	62187583a4a0	62187584fb90	621872dfa490	a90000	a90000	10000	115d
31.317156	73596	6218757fa490	e10c	11	dedb27	6218757ef910	2add	10000	7ffe9f1a8980	2add	62187583a4a0	62187584fb90	62187213a490	dc0000	e108	10000	0
31.328025	73859	9621	4	621e5931641b	621878b63390	62187578a010	7	68	7ffe9f1a8980	62187578bb60	62188884f030	62187679d420	48b79d109586ff7c	62188884f030	7f	62188884ae50	62187578bb60
31.338360	734db	6218777894e0	45d8	10	1602f00	6218757ef910	e77	10000	7ffe9f1a8980	2add	62187583a4a0	62187584fb90	62187003a490	1600000	1600000	10000	aee
31.349188	73519	35dc5	45d8	11	36abc0	6218757ef910	264c	10000	7ffe9f1a8980	2add	62187583a4a0	62187584fb90	621874a7a490	370000	370000	10000	155f
31.357183	7353a	1e49	45d8	c	6ee7b8	6218757ef910	1d4	10000	7ffe9f1a8980	2add	62187583a4a0	62187584fb90	621873c7a490	6f0000	6f0000	10000	1367
31.364163	73519	947b	45d8	f	9f2121	6218757ef910	7e4	10000	7ffe9f1a8980	2add	62187583a4a0	62187584fb90	62187303a490	a00000	a00000	10000	11ae
31.371944	7353a	4d6b	45d8	e	d58d12	6218757ef910	45f	10000	7ffe9f1a8980	2add	62187583a4a0	62187584fb90	6218722ba490	d60000	d60000	10000	fc8
31.384714	7359a	6218757fa490	4ff8	11	128d070	6218757ef910	2add	10000	7ffe9f1a8980	2add	62187583a4a0	62187584fb90	621870eba490	1260000	4ff4	10000	0
31.391441	73519	2e37	45d8	d	15464df	6218757ef910	2b3	10000	7ffe9f1a8980	2add	62187583a4a0	62187584fb90	6218702fa490	1550000	1550000	10000	b51
31.405025	73519	3887f	45d8	11	353716	6218757ef910	27ff	10000	7ffe9f1a8980	2add	62187583a4a0	62187584fb90	621874aba490	360000	360000	10000	1568
31.414382	73519	20e3	45d8	d	70ae6c	6218757ef910	1f3	10000	7ffe9f1a8980	2add	62187583a4a0	62187584fb90	621873bfa490	710000	710000	10000	1355
31.419659	7353a	281	45d8	9	95fbeb	6218757ef910	3b	10000	7ffe9f1a8980	2add	62187583a4a0	62187584fb90	6218732ba490	960000	960000	10000	1208
31.427459	7353a	2e86d	45d8	11	ccffe6	6218757ef910	2194	10000	7ffe9f1a8980	2add	62187583a4a0	62187584fb90	6218724fa490	cd0000	cd0000	10000	1019
31.436468	1acbacd60b8a	621875805eb8	2e8a	4e20	ba28	621875801098	62187580cac0	2e8a	7ffe9f1a8978	621875805eb8	62187583a4a0	62187584fb90	62187157a490	10c0000	10c0000	10000	de2
31.441970	73519	61	45d8	6	13351a5	6218757ef910	9	10000	7ffe9f1a8980	2add	62187583a4a0	62187584fb90	621870b3a490	1340000	1340000	10000	c7a
31.450918	a535a	384c18fc9b37f79b	14ecf	0	ba7b	ffffffffffffb65f	ce21c6c4874e2ad0	3022	7ffe9f1a8978	14ecf	49a0	0	dd856edb14696693	1055	7fffffffffffb65f	31de393b78b1d530	2add
31.459948	7353a	2f	45d8	5	3d8537	6218757ef910	6	10000	7ffe9f1a8980	2add	62187583a4a0	62187584fb90	6218748ba490	3e0000	3e0000	10000	1520
31.466907	73519	745	45d8	a	6deabc	6218757ef910	8a	10000	7ffe9f1a8980	2add	62187583a4a0	62187584fb90	621873cba490	6e0000	6e0000	10000	1370
31.472758	73519	1e4eb	45d8	10	96eaf4	6218757ef910	16be	10000	7ffe9f1a8980	2add	62187583a4a0	62187584fb90	62187327a490	970000	970000	10000	11ff
31.481586	73519	df	45d8	7	d0895f	6218757ef910	16	10000	7ffe9f1a8980	2add	62187583a4a0	62187584fb90	6218723fa490	d10000	d10000	10000	ff5
31.492603	734e3	2add	45d8	11	11ed2ac	6218757ef910	2748	10000	7ffe9f1a8980	2add	62187583a4a0	62187584fb90	6218710ba490	11e0000	11e0000	10000	d40
31.501436	73519	148c3	45d8	10	15c642a	6218757ef910	1013	10000	7ffe9f1a8980	2add	62187583a4a0	62187584fb90	6218700fa490	15d0000	15d0000	10000	b09
31.512034	7353a	107	45d8	8	360408	6218757ef910	1c	10000	7ffe9f1a8980	2add	62187583a4a0	62187584fb90	621874a7a490	370000	370000	10000	155f
31.517711	73519	71	45d8	6	60e8fb	6218757ef910	c	10000	7ffe9f1a8980	2add	62187583a4a0	62187584fb90	621873ffa490	610000	610000	10000	13e5
31.529706	734cf	1aaf1	45d8	10	b26a7c	6218757ef910	1437	10000	7ffe9f1a8980	2add	62187583a4a0	62187584fb90	621872bba490	b20000	b20000	10000	110c
31.541366	7353a	ad	45d8	7	fe5d33	6218757ef910	13	10000	7ffe9f1a8980	2add	62187583a4a0	62187584fb90	62187187a490	ff0000	ff0000	10000	e57
31.547707	7353a	1c933	45d8	10	128b5d3	6218757ef910	158f	10000	7ffe9f1a8980	2add	62187583a4a0	62187584fb90	621870dfa490	1290000	1290000	10000	cdd
31.560860	73519	175	45d8	8	cbbba	6218757ef910	23	10000	7ffe9f1a8980	2add	62187583a4a0	62187584fb90	6218754fa490	d0000	d0000	10000	16d9
31.574326	73515	3b42b	45d8	11	6aa1d6	6218757ef910	29ab	10000	7ffe9f1a8980	2add	62187583a4a0	62187584fb90	621873d7a490	6b0000	6b0000	10000	138b
31.587032	73519	43	45d8	6	c59c0c	6218757ef910	8	10000	7ffe9f1a8980	2add	62187583a4a0	62187584fb90	6218726ba490	c60000	c60000	10000	1058
31.597390	735a3	1111	4e18	11	112b52d	6218757ef910	2add	10000	7ffe9f1a8980	2add	62187583a4a0	62187584fb90	6218713fa490	1110000	4e14	10000	0
31.610771	72b92	ffffffffffffd249	2dd03	2dd03	fffffffffffe06d5	1f151	2127	34ae7	7ffe9f1a8980	2dd03	0	0	dd856edb14696693	2127	7fffffffffffdc4a	56d56f882163ad8	2add
31.621406	73519	283f	45d8	d	4a58b1	6218757ef910	25b	10000	7ffe9f1a8980	2add	62187583a4a0	62187584fb90	62187457a490	4b0000	4b0000	10000	14ab
31.634925	73519	1cb73	45d8	10	aaf6e0	6218757ef910	15a7	10000	7ffe9f1a8980	2add	62187583a4a0	62187584fb90	621872d7a490	ab0000	ab0000	10000	114b
31.645444	73519	27431	45d8	11	f89ebf	6218757ef910	1c9d	10000	7ffe9f1a8980	2add	62187583a4a0	62187584fb90	6218719fa490	f90000	f90000	10000	e8d
31.656790	734d9	6218777894e0	45d8	f	14b8dbc	6218757ef910	920	10000	7ffe9f1a8980	2add	62187583a4a0	62187584fb90	62187057a490	14b0000	14b0000	10000	bab
31.662449	73519	2c7a3	45d8	11	1cc84	6218757ef910	2046	10000	7ffe9f1a8980	2add	62187583a4a0	62187584fb90	6218757ba490	20000	20000	10000	173c
31.673274	7353a	12671	45d8	10	4f48a4	6218757ef910	e91	10000	7ffe9f1a8980	2add	62187583a4a0	62187584fb90	62187443a490	500000	500000	10000	147e
31.683839	1acbacd6110a	0	1	68b8	621888d07d40	0	621888d0c000	7f	7ffe9f1a8978	0	621888d07d40	621883d790f0	7ce404e1ace0	62187578bfa8	6218757fa490	ab74	7f
31.698314	73519	6a1	45d8	a	102e648	6218757ef910	84	10000	7ffe9f1a8980	2add	62187583a4a0	62187584fb90	62187177a490	1030000	1030000	10000	e33
31.709456	7353a	35	45d8	5	1520241	6218757ef910	7	10000	7ffe9f1a8980	2add	62187583a4a0	62187584fb90	62187037a490	1530000	1530000	10000	b63
31.721385	73519	fb	45d8	7	378c5e	6218757ef910	1a	10000	7ffe9f1a8980	2add	62187583a4a0	62187584fb90	621874a3a490	380000	380000	10000	1556
31.732275	7353a	43	45d8	6	85a073	6218757ef910	8	10000	7ffe9f1a8980	2add	62187583a4a0	62187584fb90	6218736ba490	860000	860000	10000	1298
31.742791	7353a	17bd9	45d8	10	d098d9	6218757ef910	123f	10000	7ffe9f1a8980	2add	62187583a4a0	62187584fb90	6218723fa490	d10000	d10000	10000	ff5
31.752295	7353a	ad	45d8	7	1150bab	6218757ef910	13	10000	7ffe9f1a8980	2add	62187583a4a0	62187584fb90	6218712ba490	1160000	1160000	10000	d88
31.765225	7353a	6b	45d8	6	3b333	6218757ef910	a	10000	7ffe9f1a8980	2add	62187583a4a0	62187584fb90	62187573a490	40000	40000	10000	172a
31.779277	7353a	1a11	45d8	c	6a844a	6218757ef910	197	10000	7ffe9f1a8980	2add	62187583a4a0	62187584fb90	621873d7a490	6b0000	6b0000	10000	138b
31.792876	73519	2f57	45d8	d	cca5c8	6218757ef910	2c5	10000	7ffe9f1a8980	2add	62187583a4a0	62187584fb90	6218724fa490	cd0000	cd0000	10000	1019
31.806991	7353a	31ed	45d8	d	12b0c40	6218757ef910	2e8	10000	7ffe9f1a8980	2add	62187583a4a0	62187584fb90	621870d3a490	12c0000	12c0000	10000	cc2
31.818270	7353a	20315	45d8	11	97e72	6218757ef910	1813	10000	7ffe9f1a8980	2add	62187583a4a0	62187584fb90	6218755ba490	a0000	a0000	10000	16f4
31.824270	7350c	3c6cd	45d8	11	62187583a4a0	6218757ef910	2a6b	10000	7ffe9f1a8980	2add	62187583a4a0	62187584fb90	621874b3a490	340000	340000	10000	157a
31.837987	1acbacd60b8a	6218758118e0	5d14	60d0	17450	62187580b810	621875822c60	5d14	7ffe9f1a8978	6218758118e0	62187583a4a0	62187584fb90	6218732fa490	960000	960000	10000	1208
31.847012	1acbacd60b8a	6218758118e0	5d14	dd0	17450	621875810b10	621875827f60	5d14	7ffe9f1a8978	6218758118e0	62187583a4a0	62187584fb90	62187233a490	d50000	d50000	10000	fd1
31.853457	73519	2e2c7	45d8	11	fae9a1	6218757ef910	215a	10000	7ffe9f1a8980	2add	62187583a4a0	62187584fb90	62187197a490	fb0000	fb0000	10000	e7b
31.862457	73504	2d4c3	45d8	11	13e5a79	6218757ef910	20ca	10000	7ffe9f1a8980	2add	62187583a4a0	62187584fb90	6218708fa490	13d0000	13d0000	10000	c29
31.873104	73519	325d	45d8	d	1968d2	6218757ef910	2ef	10000	7ffe9f1a8980	2add	62187583a4a0	62187584fb90	6218751ba490	1a0000	1a0000	10000	1664
31.886670	73519	7c3	45d8	a	757896	6218757ef910	91	10000	7ffe9f1a8980	2add	62187583a4a0	62187584fb90	621873aba490	760000	760000	10000	1328
31.892251	73521	24d07	45d8	11	9d1612	6218757ef910	1b0e	10000	7ffe9f1a8980	2add	62187583a4a0	62187584fb90	62187313a490	9c0000	9c0000	10000	11d2
31.907026	73540	a75	45d8	b	106bd89	6218757ef910	b9	10000	7ffe9f1a8980	2add	62187583a4a0	62187584fb90	62187167a490	1070000	1070000	10000	e0f
31.913599	73573	5750	574c	11	136dd3d	6218757ef910	2add	10000	7ffe9f1a8980	2add	62187583a4a0	62187584fb90	621870aba490	1360000	5748	10000	0
31.924753	73519	a81	45d8	b	14e171	6218757ef910	bb	10000	7ffe9f1a8980	2add	62187583a4a0	62187584fb90	6218752fa490	150000	150000	10000	1691
31.932684	7357f	db08	db04	11	509142	6218757ef910	2add	10000	7ffe9f1a8980	2add	62187583a4a0	62187584fb90	6218744ba490	4e0000	db04	10000	0
31.939837	73519	2a34d	45d8	11	7b175b	6218757ef910	1eb2	10000	7ffe9f1a8980	2add	62187583a4a0	62187584fb90	62187393a490	7c0000	7c0000	10000	12f2
31.948164	73540	2f	45d8	5	b610dc	6218757ef910	6	10000	7ffe9f1a8980	2add	62187583a4a0	62187584fb90	621872a7a490	b70000	b70000	10000	10df
31.955015	734db	6218777894e0	45d8	11	e58ffa	6218757ef910	1c0f	10000	7ffe9f1a8980	2add	62187583a4a0	62187584fb90	621871f3a490	e40000	e40000	10000	f4a
31.960907	73596	6218757fa490	3e7c	11	10f4b3c	6218757ef910	2add	10000	7ffe9f1a8980	2add	62187583a4a0	62187584fb90	6218714ba490	10e0000	3e78	10000	0
31.971212	7359a	6218757fa490	8ff8	11	1488307	6218757ef910	2add	10000	7ffe9f1a8980	2add	62187583a4a0	62187584fb90	6218706ba490	1460000	8ff4	10000	0
31.980009	73519	b5df	45d8	f	106443	6218757ef910	97c	10000	7ffe9f1a8980	2add	62187583a4a0	62187584fb90	6218753fa490	110000	110000	10000	16b5
31.986833	734db	6218777894e0	45d8	10	4462a1	6218757ef910	17e6	10000	7ffe9f1a8980	2add	62187583a4a0	62187584fb90	62187477a490	430000	430000	10000	14f3
31.996835	734d4	6218777894e0	45d8	11	89819b	6218757ef910	29b9	10000	7ffe9f1a8980	2add	62187583a4a0	62187584fb90	62187367a490	870000	870000	10000	128f
32.003014	1acbacd60b8a	6218758118e0	5d14	4350	17450	62187580d590	6218758249e0	5d14	7ffe9f1a8978	6218758118e0	62187583a4a0	62187584fb90	621872bfa490	b20000	b20000	10000	110c
32.015015	7358d	6218757fa490	ab58	11	1055517	6218757ef910	2add	10000	7ffe9f1a8980	2add	62187583a4a0	62187584fb90	62187173a490	1040000	ab54	10000	0
32.021222	7353a	380b9	45d8	11	130b58a	6218757ef910	27a9	10000	7ffe9f1a8980	2add	62187583a4a0	62187584fb90	621870bfa490	1310000	1310000	10000	c95
32.035617	7353a	2d54d	45d8	11	211cf7	6218757ef910	20d3	10000	7ffe9f1a8980	2add	62187583a4a0	62187584fb90	621874fba490	220000	220000	10000	161c
32.042597	73519	33b	45d8	9	5466a0	6218757ef910	4a	10000	7ffe9f1a8980	2add	62187583a4a0	62187584fb90	6218742fa490	550000	550000	10000	1451
32.049775	7353a	618b	45d8	e	86b541	6218757ef910	563	10000	7ffe9f1a8980	2add	62187583a4a0	62187584fb90	62187367a490	870000	870000	10000	128f
32.059446	7353a	1619	45d8	c	cbcf37	6218757ef910	162	10000	7ffe9f1a8980	2add	62187583a4a0	62187584fb90	62187253a490	cc0000	cc0000	10000	1022
32.067667	7353a	fb	45d8	7	107f91d	6218757ef910	1a	10000	7ffe9f1a8980	2add	62187583a4a0	62187584fb90	62187163a490	1080000	1080000	10000	e06
32.076326	73519	2692f	45d8	11	1464e81	6218757ef910	1c33	10000	7ffe9f1a8980	2add	62187583a4a0	62187584fb90	62187067a490	1470000	1470000	10000	bcf
32.085383	73519	43	45d8	6	17d136	6218757ef910	8	10000	7ffe9f1a8980	2add	62187583a4a0	62187584fb90	62187523a490	180000	180000	10000	1676
32.098465	73540	fb	45d8	7	5f3d99	6218757ef910	1a	10000	7ffe9f1a8980	2add	62187583a4a0	62187584fb90	62187403a490	600000	600000	10000	13ee
32.106689	7353a	21d79	45d8	11	9631cc	6218757ef910	1925	10000	7ffe9f1a8980	2add	62187583a4a0	62187584fb90	62187327a490	970000	970000	10000	11ff
32.120747	73515	1985f	45d8	10	f5d96b	6218757ef910	136c	10000	7ffe9f1a8980	2add	62187583a4a0	62187584fb90	621871aba490	f60000	f60000	10000	ea8
32.131422	73501	2d6c1	45d8	11	145a898	6218757ef910	20e2	10000	7ffe9f1a8980	2add	62187583a4a0	62187584fb90	62187073a490	1440000	1440000	10000	bea
32.139558	734e3	2add	45d8	d	b0191	6218757ef910	2a7	10000	7ffe9f1a8980	2add	62187583a4a0	62187584fb90	62187557a490	b0000	b0000	10000	16eb
32.148464	734c5	1d279	45d8	10	4b66ce	6218757ef910	15f6	10000	7ffe9f1a8980	2add	62187583a4a0	62187584fb90	62187457a490	4b0000	4b0000	10000	14ab
32.154312	73f13	6218777894e0	621875794ab0	62187779ebd0	4ed9	0	0	6218891a0540	7ffe9f1a8980	26677	1c23	621882f0e7a0	48b79d109586ff7c	2add	1	1c24	12
32.160301	7353a	83	45d8	7	a09d27	6218757ef910	d	10000	7ffe9f1a8980	2add	62187583a4a0	62187584fb90	621872ffa490	a10000	a10000	10000	11a5
32.165474	7353a	29	45d8	5	c56604	6218757ef910	5	10000	7ffe9f1a8980	2add	62187583a4a0	62187584fb90	6218726ba490	c60000	c60000	10000	1058
32.175955	73519	7277	45d8	e	112ea77	6218757ef910	63a	10000	7ffe9f1a8980	2add	62187583a4a0	62187584fb90	62187137a490	1130000	1130000	10000	da3
32.186322	73519	313c9	45d8	11	15b362c	6218757ef910	2340	10000	7ffe9f1a8980	2add	62187583a4a0	62187584fb90	62187013a490	15c0000	15c0000	10000	b12
32.195437	73519	11c5	45d8	c	2a0f8d	6218757ef910	125	10000	7ffe9f1a8980	2add	62187583a4a0	62187584fb90	621874d7a490	2b0000	2b0000	10000	15cb
32.207549	73519	3f5	45d8	9	7ae49b	6218757ef910	55	10000	7ffe9f1a8980	2add	62187583a4a0	62187584fb90	62187397a490	7b0000	7b0000	10000	12fb
32.219521	73515	1fff3	45d8	10	c53a51	6218757ef910	17ec	10000	7ffe9f1a8980	2add	62187583a4a0	62187584fb90	6218726ba490	c60000	c60000	10000	1058
32.229803	85671	0	10	7fffffffffffff00	621877ce9a10	2	6218760a1660	2	7ffe9f1a87c0	2	1	1	48b79d109586ff7c	621877ce9a10	6218760a1660	7ffe9f1a8a30	8
32.237914	73519	6a07	45d8	e	14c121c	6218757ef910	5ce	10000	7ffe9f1a8980	2add	62187583a4a0	62187584fb90	6218704fa490	14d0000	14d0000	10000	b99
32.249322	7353a	168c1	45d8	10	2c378e	6218757ef910	1168	10000	7ffe9f1a8980	2add	62187583a4a0	62187584fb90	621874cfa490	2d0000	2d0000	10000	15b9
32.263489	73519	17f3	45d8	c	93680b	6218757ef910	17a	10000	7ffe9f1a8980	2add	62187583a4a0	62187584fb90	62187333a490	940000	940000	10000	121a
32.274540	73519	1a4a7	45d8	10	e547f1	6218757ef910	13f0	10000	7ffe9f1a8980	2add	62187583a4a0	62187584fb90	621871eba490	e60000	e60000	10000	f38
32.283456	73521	21361	45d8	11	126ed96	6218757ef910	18be	10000	7ffe9f1a8980	2add	62187583a4a0	62187584fb90	621870eba490	1260000	1260000	10000	cf8
32.298094	73519	43	45d8	6	20a2cb	6218757ef910	8	10000	7ffe9f1a8980	2add	62187583a4a0	62187584fb90	621874ffa490	210000	210000	10000	1625
32.304806	73519	1fd	45d8	8	526399	6218757ef910	33	10000	7ffe9f1a8980	2add	62187583a4a0	62187584fb90	62187437a490	530000	530000	10000	1463
32.311044	7351c	2531	45d8	d	7cc332	6218757ef910	22c	10000	7ffe9f1a8980	2add	62187583a4a0	62187584fb90	6218738fa490	7d0000	7d0000	10000	12e9
32.318289	73519	1735f	45d8	10	b04f89	6218757ef910	11d8	10000	7ffe9f1a8980	2add	62187583a4a0	62187584fb90	621872bfa490	b10000	b10000	10000	1115
32.329548	73519	1f7	45d8	8	ee3cd9	6218757ef910	32	10000	7ffe9f1a8980	2add	62187583a4a0	62187584fb90	621871c7a490	ef0000	ef0000	10000	ee7
32.344704	73519	2e511	45d8	11	15d7702	6218757ef910	2174	10000	7ffe9f1a8980	2add	62187583a4a0	62187584fb90	6218700ba490	15e0000	15e0000	10000	b00
32.353217	7353a	2f617	45d8	11	106374	6218757ef910	221e	10000	7ffe9f1a8980	2add	62187583a4a0	62187584fb90	6218753fa490	110000	110000	10000	16b5
32.359867	734c5	ad05	45d8	f	4250eb	6218757ef910	915	10000	7ffe9f1a8980	2add	62187583a4a0	62187584fb90	6218747ba490	420000	420000	10000	14fc
32.366042	73519	1b7	45d8	8	6ff034	6218757ef910	2b	10000	7ffe9f1a8980	2add	62187583a4a0	62187584fb90	621873c3a490	700000	700000	10000	135e
32.372065	7353a	14e9d	45d8	10	93805c	6218757ef910	1051	10000	7ffe9f1a8980	2add	62187583a4a0	62187584fb90	62187333a490	940000	940000	10000	121a
32.383181	74047	62188946da80	40	9fc	621e54512a17	62187578a010	7	621889417700	7ffe9f1a8980	621888427230	621881a738c0	6218889c1660	48b79d109586ff7c	80	57	6218849c7b40	66
32.396677	73519	26bb7	45d8	11	13f32fa	6218757ef910	1c4d	10000	7ffe9f1a8980	2add	62187583a4a0	62187584fb90	62187083a490	1400000	1400000	10000	c0e
32.406974	1acbacd60b8a	6218758001a4	1745	3038	5d14	6218757fd16c	621875802e80	1745	7ffe9f1a8978	6218758001a4	62187583a4a0	62187584fb90	62187523a490	190000	190000	10000	166d
32.422128	73519	1d63	45d8	c	726028	6218757ef910	1c3	10000	7ffe9f1a8980	2add	62187583a4a0	62187584fb90	621873b7a490	730000	730000	10000	1343
32.431794	73519	1a2bd	45d8	10	b3e01e	6218757ef910	13e0	10000	7ffe9f1a8980	2add	62187583a4a0	62187584fb90	621872b3a490	b40000	b40000	10000	10fa
32.442023	73519	1a35	45d8	c	ff955d	6218757ef910	199	10000	7ffe9f1a8980	2add	62187583a4a0	62187584fb90	62187183a490	1000000	1000000	10000	e4e
32.448604	73529	3a63f	45d8	11	12cb92b	6218757ef910	2923	10000	7ffe9f1a8980	2add	62187583a4a0	62187584fb90	621870d7a490	12b0000	12b0000	10000	ccb
32.456845	734d4	6218777894e0	45d8	11	16a9c69	6218757ef910	2822	10000	7ffe9f1a8980	2add	62187583a4a0	62187584fb90	62186fe3a490	1680000	1680000	10000	aa6
32.465435	73519	14b	45d8	8	2dc447	6218757ef910	20	10000	7ffe9f1a8980	2add	62187583a4a0	62187584fb90	621874cba490	2e0000	2e0000	10000	15b0
32.476644	73540	29	45d8	5	803f58	6218757ef910	5	10000	7ffe9f1a8980	2add	62187583a4a0	62187584fb90	6218737fa490	810000	810000	10000	12c5
32.485528	73519	3829f	45d8	11	c0424c	6218757ef910	27be	10000	7ffe9f1a8980	2add	62187583a4a0	62187584fb90	6218727fa490	c10000	c10000	10000	1085
32.493045	73536	37ffd	45d8	11	f3171d	6218757ef910	27a2	10000	7ffe9f1a8980	2add	62187583a4a0	62187584fb90	621871b3a490	f40000	f40000	10000	eba
32.506247	7352d	1262b	45d8	10	153374b	6218757ef910	e8e	10000	7ffe9f1a8980	2add	62187583a4a0	62187584fb90	62187037a490	1530000	1530000	10000	b63
32.514837	734d4	6218777894e0	45d8	11	1031d3	6218757ef910	2973	10000	7ffe9f1a8980	2add	62187583a4a0	62187584fb90	62187547a490	f0000	f0000	10000	16c7
32.520274	73515	146cf	45d8	10	35362e	6218757ef910	1000	10000	7ffe9f1a8980	2add	62187583a4a0	62187584fb90	621874aba490	360000	360000	10000	1568
32.528257	73519	233	45d8	9	6d81a2	6218757ef910	36	10000	7ffe9f1a8980	2add	62187583a4a0	62187584fb90	621873cba490	6e0000	6e0000	10000	1370
32.534389	7353a	22483	45d8	11	988471	6218757ef910	196f	10000	7ffe9f1a8980	2add	62187583a4a0	62187584fb90	6218731fa490	990000	990000	10000	11ed
32.541868	73515	213cb	45d8	11	ce5331	6218757ef910	18c4	10000	7ffe9f1a8980	2add	62187583a4a0	62187584fb90	62187247a490	cf0000	cf0000	10000	1007
32.553940	1acbacd60b8a	6218758001a4	1745	4e58	5d14	6218757fb34c	621875801060	1745	7ffe9f1a8978	6218758001a4	ffffffffec3ea080	62187584fb90	621870e3a490	1290000	1290000	10000	cdd
32.567703	734d4	6218777894e0	45d8	a	1802ce	6218757ef910	76	10000	7ffe9f1a8980	2add	62187583a4a0	62187584fb90	62187523a490	180000	180000	10000	1676
32.575352	73519	39971	45d8	11	4c326a	6218757ef910	2899	10000	7ffe9f1a8980	2add	62187583a4a0	62187584fb90	6218744fa490	4d0000	4d0000	10000	1499
32.582318	73536	28f03	45d8	11	805cef	6218757ef910	1dc9	10000	7ffe9f1a8980	2add	62187583a4a0	62187584fb90	6218737fa490	810000	810000	10000	12c5
32.594539	735a3	1111	f774	62188507c8c0	d2fc59	6218757ef910	2add	0	7ffe9f1a8980	2add	62187583a4a0	62187584fb90	6218723ba490	d20000	f770	10000	1
32.601215	734cf	1e089	45d8	10	1025b8a	6218757ef910	1694	10000	7ffe9f1a8980	2add	62187583a4a0	62187584fb90	6218717ba490	1020000	1020000	10000	e3c
32.607299	7353a	e9b	45d8	b	12b242a	6218757ef910	f6	10000	7ffe9f1a8980	2add	62187583a4a0	62187584fb90	621870d3a490	12c0000	12c0000	10000	cc2
32.613890	7353a	1fd	45d8	8	15a0f50	6218757ef910	33	10000	7ffe9f1a8980	2add	62187583a4a0	62187584fb90	62187017a490	15b0000	15b0000	10000	b1b
32.628590	73519	597b	45d8	e	541fd9	6218757ef910	503	10000	7ffe9f1a8980	2add	62187583a4a0	62187584fb90	6218742fa490	550000	550000	10000	1451
32.642947	73f17	6218777894e0	621875794ab0	bbc3	30a1	0	0	62188974de50	7ffe9f1a8980	1a4dd	13f5	621879ae5d20	48b79d109586ff7c	2add	28	13f6	38
32.652429	734fd	6218757af8f0	45d8	f	e6c18e	6218757ef910	cb2	10000	7ffe9f1a8980	2add	62187583a4a0	62187584fb90	621871eba490	e60000	e60000	10000	f38
32.665736	7353a	35	45d8	5	145b02a	6218757ef910	7	10000	7ffe9f1a8980	2add	62187583a4a0	62187584fb90	6218706ba490	1460000	1460000	10000	bd8
32.672570	7353a	61	45d8	6	390fe	6218757ef910	9	10000	7ffe9f1a8980	2add	62187583a4a0	62187584fb90	62187573a490	40000	40000	10000	172a
32.684033	1acbacd6110a	0	1	4008	6218897e0e10	0	6218897e7000	7d	7ffe9f1a8978	0	6218897e0e10	6218897eb000	206	62188507c8d0	6218757fa490	ab74	7d
32.694974	1acbacd6110a	0	1	9a08	62188982be90	0	62188982d000	7f	7ffe9f1a8978	0	62188982be90	621878629900	7ce404e1ace0	62188507c8d0	6218757fa490	ab74	7f
32.702084	73519	5f35	45d8	e	c882b8	6218757ef910	54f	10000	7ffe9f1a8980	2add	62187583a4a0	62187584fb90	6218725fa490	c90000	c90000	10000	103d
32.715577	1acbacd60b8a	621875828d30	45d8	bef0	11760	6218757ffd00	62187582e5a0	ba28	7ffe9f1a8978	621875828d30	ffffffffec3ea014	62187584fb90	621870d7a490	12c0000	12c0000	10000	cc2
32.725561	73519	1d563	45d8	10	14fda	6218757ef910	161e	10000	7ffe9f1a8980	2add	62187583a4a0	62187584fb90	6218757ba490	20000	20000	10000	173c
32.737020	73f08	95d	621875794ab0	62187779ebd0	1f5	0	0	621889884ec0	7ffe9f1a8980	b311	95c	62188900eb70	48b79d109586ff7c	2add	37	95d	46
32.750314	73519	363b	45d8	d	af5ac4	6218757ef910	322	10000	7ffe9f1a8980	2add	62187583a4a0	62187584fb90	621872c3a490	b00000	b00000	10000	111e
32.762452	73510	a913	45d8	f	1063557	6218757ef910	8e3	10000	7ffe9f1a8980	2add	62187583a4a0	62187584fb90	62187167a490	1070000	1070000	10000	e0f
32.774059	7353a	259f	45d8	d	15a9824	6218757ef910	232	10000	7ffe9f1a8980	2add	62187583a4a0	62187584fb90	62187017a490	15b0000	15b0000	10000	b1b
32.786082	7353a	2bf6d	45d8	11	3f2331	6218757ef910	1ff4	10000	7ffe9f1a8980	2add	62187583a4a0	62187584fb90	62187483a490	400000	400000	10000	150e
32.797609	73519	1f7	45d8	8	8f8ba2	6218757ef910	32	10000	7ffe9f1a8980	2add	62187583a4a0	62187584fb90	62187343a490	900000	900000	10000	123e
32.812248	7357f	790	78c	11	fba132	6218757ef910	2add	10000	7ffe9f1a8980	2add	62187583a4a0	62187584fb90	6218719ba490	fa0000	78c	10000	0
32.821898	73519	15f79	45d8	10	13dbb5c	6218757ef910	1108	10000	7ffe9f1a8980	2add	62187583a4a0	62187584fb90	6218708ba490	13e0000	13e0000	10000	c20
32.831951	73536	2f	45d8	5	147002	6218757ef910	6	10000	7ffe9f1a8980	2add	62187583a4a0	62187584fb90	6218752fa490	150000	150000	10000	1691
32.841487	73519	287fb	45d8	11	4d56d3	6218757ef910	1d7a	10000	7ffe9f1a8980	2add	62187583a4a0	62187584fb90	6218744ba490	4e0000	4e0000	10000	1490
32.846982	1acbacc627c8	0	ffffffffffffff68	621e540eccde	62187586e3d0	62187578a010	7	0	7ffe9f1a8890	621882f0e7a0	621877ce9a10	621882f0e7a0	48b79d109586ff7c	621882f0e7a0	1	7ffe9f1a8a30	621877ce9a10
32.856428	73519	35a1d	45d8	11	b3413f	6218757ef910	2627	10000	7ffe9f1a8980	2add	62187583a4a0	62187584fb90	621872b3a490	b40000	b40000	10000	10fa
32.870671	7353a	31e95	45d8	11	11ab708	6218757ef910	23b3	10000	7ffe9f1a8980	2add	62187583a4a0	62187584fb90	62187117a490	11b0000	11b0000	10000	d5b
32.883772	7353a	1ecdd	45d8	10	6caf7	6218757ef910	1715	10000	7ffe9f1a8980	2add	62187583a4a0	62187584fb90	62187567a490	70000	70000	10000	170f
32.897262	73519	29	45d8	5	6af70c	6218757ef910	5	10000	7ffe9f1a8980	2add	62187583a4a0	62187584fb90	621873d7a490	6b0000	6b0000	10000	138b
32.905309	7353a	15b	45d8	8	a4235b	6218757ef910	21	10000	7ffe9f1a8980	2add	62187583a4a0	62187584fb90	621872efa490	a50000	a50000	10000	1181
32.911660	7353a	c7	45d8	7	d3f150	6218757ef910	14	10000	7ffe9f1a8980	2add	62187583a4a0	62187584fb90	62187233a490	d40000	d40000	10000	fda
32.918416	73519	26f21	45d8	11	103dc2f	6218757ef910	1c6d	10000	7ffe9f1a8980	2add	62187583a4a0	62187584fb90	62187173a490	1040000	1040000	10000	e2a
32.925128	734d9	6218777894e0	45d8	f	1378f82	6218757ef910	81d	10000	7ffe9f1a8980	2add	62187583a4a0	62187584fb90	621870a7a490	1370000	1370000	10000	c5f
32.933815	73519	12b5	45d8	c	a8cd	6218757ef910	131	10000	7ffe9f1a8980	2add	62187583a4a0	62187584fb90	6218757fa490	10000	10000	10000	1745
32.942963	73587	6218757fa490	7be4	11	43731a	6218757ef910	2add	10000	7ffe9f1a8980	2add	62187583a4a0	62187584fb90	6218747ba490	420000	7be0	10000	0
32.950649	73519	9bbd	45d8	f	744b5f	6218757ef910	838	10000	7ffe9f1a8980	2add	62187583a4a0	62187584fb90	621873afa490	750000	750000	10000	1331
32.961656	7359a	6218757fa490	4ad0	11	c1543f	6218757ef910	2add	10000	7ffe9f1a8980	2add	62187583a4a0	62187584fb90	62187287a490	bf0000	4acc	10000	0
32.971408	7352d	1a975	45d8	10	1088c27	6218757ef910	1424	10000	7ffe9f1a8980	2add	62187583a4a0	62187584fb90	62187167a490	1070000	1070000	10000	e0f
32.982563	73510	1daeb	45d8	10	15765b0	6218757ef910	1656	10000	7ffe9f1a8980	2add	62187583a4a0	62187584fb90	62187023a490	1580000	1580000	10000	b36
32.991346	84ab6	621889b512c0	21b1	621877961b68	1	621889acdbc0	1f	7	7ffe9f1a8850	621881a738c0	621888028a90	621877961b60	48b79d109586ff7c	7ffe9f1a8868	7	22a5	6218580ea2a8
33.001494	7359a	6218757fa490	3434	11	6cc411	6218757ef910	2add	10000	7ffe9f1a8980	2add	62187583a4a0	62187584fb90	621873d3a490	6c0000	3430	10000	0
33.015965	73531	38977	45d8	11	c50b25	6218757ef910	2806	10000	7ffe9f1a8980	2add	62187583a4a0	62187584fb90	62187277a490	c30000	c30000	10000	1073
33.025434	73596	6218757fa490	5b8c	11	10558d9	6218757ef910	2add	10000	7ffe9f1a8980	2add	62187583a4a0	62187584fb90	6218716fa490	1050000	5b88	10000	0
33.035325	73519	445	45d8	a	138030a	6218757ef910	5d	10000	7ffe9f1a8980	2add	62187583a4a0	62187584fb90	6218709fa490	1390000	1390000	10000	c4d
33.041738	7353a	261e3	45d8	11	161f0f2	6218757ef910	1bec	10000	7ffe9f1a8980	2add	62187583a4a0	62187584fb90	62186ffba490	1620000	1620000	10000	adc
33.048968	73521	328a9	45d8	11	20c1e3	6218757ef910	241f	10000	7ffe9f1a8980	2add	62187583a4a0	62187584fb90	62187503a490	200000	200000	10000	162e
33.063157	1acbacd6110a	0	1	2cc8	621889ca9150	0	621889cb1000	7f	7ffe9f1a8978	0	621889ca9150	621878629900	7ce404e1ace0	62188507c8c8	6218757fa490	ab74	7f
33.075807	7353a	ef9	45d8	b	d648bb	6218757ef910	fa	10000	7ffe9f1a8980	2add	62187583a4a0	62187584fb90	62187227a490	d70000	d70000	10000	fbf
33.081353	73542	82b5	45d8	f	f903be	6218757ef910	703	10000	7ffe9f1a8980	2add	62187583a4a0	62187584fb90	6218719fa490	f90000	f90000	10000	e8d
33.089615	73540	35	45d8	5	135770a	6218757ef910	7	10000	7ffe9f1a8980	2add	62187583a4a0	62187584fb90	621870aba490	1360000	1360000	10000	c68
33.102412	7353a	1a245	45d8	10	1ab1c4	6218757ef910	13d8	10000	7ffe9f1a8980	2add	62187583a4a0	62187584fb90	62187517a490	1b0000	1b0000	10000	165b
33.113586	73596	6218757fa490	9544	11	6dfbe2	6218757ef910	2add	10000	7ffe9f1a8980	2add	62187583a4a0	62187584fb90	621873d3a490	6c0000	9540	10000	0
33.123728	73519	21889	45d8	11	b2ec8f	6218757ef910	18f5	10000	7ffe9f1a8980	2add	62187583a4a0	62187584fb90	621872b7a490	b30000	b30000	10000	1103
33.133589	73519	557	45d8	a	f54ccb	6218757ef910	6d	10000	7ffe9f1a8980	2add	62187583a4a0	62187584fb90	621871aba490	f60000	f60000	10000	ea8
33.143104	73540	6d	45d8	6	1384142	6218757ef910	b	10000	7ffe9f1a8980	2add	62187583a4a0	62187584fb90	6218709fa490	1390000	1390000	10000	c4d
33.151303	7353a	145ed	45d8	10	16b1349	6218757ef910	ff9	10000	7ffe9f1a8980	2add	62187583a4a0	62187584fb90	62186fd3a490	16c0000	16c0000	10000	a82
33.161439	1acbacd60b8a	621875805eb8	2e8a	17e0	ba28	6218758046d8	621875810100	2e8a	7ffe9f1a8978	621875805eb8	ffffffffec3ec0d8	62187584fb90	6218747ba490	430000	430000	10000	14f3
33.176103	84a97	621889d883a0	11ed50d058990fcf	62187578e0d0	2	621889d88e50	2f	2b	7ffe9f1a8850	621876711c70	62187578e0c0	62188465c0e0	48b79d109586ff7c	7ffe9f1a8868	2c	22a4	6218580ea2a8
33.185437	7353a	481	45d8	a	ea7b03	6218757ef910	61	10000	7ffe9f1a8980	2add	62187583a4a0	62187584fb90	621871d7a490	eb0000	eb0000	10000	f0b
33.197694	1acbacd60b8a	6218758118e0	5d14	2190	17450	62187580f750	621875826ba0	5d14	7ffe9f1a8978	6218758118e0	62187583a4a0	62187584fb90	6218707ba490	1430000	1430000	10000	bf3
33.206551	7351c	28c1	45d8	d	fbabc	6218757ef910	263	10000	7ffe9f1a8980	2add	62187583a4a0	62187584fb90	62187543a490	100000	100000	10000	16be
33.214617	7353a	2f78b	45d8	11	4910c5	6218757ef910	2229	10000	7ffe9f1a8980	2add	62187583a4a0	62187584fb90	6218745ba490	4a0000	4a0000	10000	14b4
33.229530	734d4	6218777894e0	45d8	11	b706b8	6218757ef910	221c	10000	7ffe9f1a8980	2add	62187583a4a0	62187584fb90	621872aba490	b60000	b60000	10000	10e8
33.239943	73519	3bb49	45d8	11	fea427	6218757ef910	29f4	10000	7ffe9f1a8980	2add	62187583a4a0	62187584fb90	62187187a490	ff0000	ff0000	10000	e57
33.247681	1acbacd60b8a	6218757fd6e4	1745	17e4	2ac0	62188940ed4c	6218757fe9c0	c95	7ffe9f1a8978	6218757fd6e4	62187583a4a0	62187584fb90	621870c3a490	1310000	1310000	10000	c95
33.259539	7353a	2f863	45d8	11	2e833	6218757ef910	2234	10000	7ffe9f1a8980	2add	62187583a4a0	62187584fb90	62187577a490	30000	30000	10000	1733
33.271602	734d9	6218777894e0	45d8	a	4a0023	6218757ef910	71	10000	7ffe9f1a8980	2add	62187583a4a0	62187584fb90	6218745ba490	4a0000	4a0000	10000	14b4
33.279273	7353a	2642f	45d8	11	7ba42f	6218757ef910	1c05	10000	7ffe9f1a8980	2add	62187583a4a0	62187584fb90	62187393a490	7c0000	7c0000	10000	12f2
33.293342	7353a	2e7	45d8	9	da1be7	6218757ef910	40	10000	7ffe9f1a8980	2add	62187583a4a0	62187584fb90	62187217a490	db0000	db0000	10000	f9b
33.299596	7353a	632f	45d8	e	106f265	6218757ef910	576	10000	7ffe9f1a8980	2add	62187583a4a0	62187584fb90	62187167a490	1070000	1070000	10000	e0f
33.310165	1acbacd60b8a	6218758118e0	5d14	7890	17450	62187580a050	6218758214a0	5d14	7ffe9f1a8978	6218758118e0	621888d8ec80	621884bde490	f	1530000	1530000	10000	b63
33.317421	735a3	1111	d28	11	16f766	6218757ef910	2add	10000	7ffe9f1a8980	2add	62187583a4a0	62187584fb90	62187533a490	140000	d24	10000	0
33.324221	73521	2d0c5	45d8	11	47598c	6218757ef910	209f	10000	7ffe9f1a8980	2add	62187583a4a0	62187584fb90	62187467a490	470000	470000	10000	14cf
33.333759	73519	35	45d8	5	8b1b05	6218757ef910	7	10000	7ffe9f1a8980	2add	62187583a4a0	62187584fb90	62187353a490	8c0000	8c0000	10000	1262
33.345816	73519	f1	45d8	7	e0bedb	6218757ef910	19	10000	7ffe9f1a8980	2add	62187583a4a0	62187584fb90	621871ffa490	e10000	e10000	10000	f65
33.354039	734ec	2add	45d8	e	11a0f8e	6218757ef910	6c5	10000	7ffe9f1a8980	2add	62187583a4a0	62187584fb90	6218711ba490	11a0000	11a0000	10000	d64
33.361236	7353a	2e109	45d8	11	14dd6f7	6218757ef910	2148	10000	7ffe9f1a8980	2add	62187583a4a0	62187584fb90	6218704ba490	14e0000	14e0000	10000	b90
33.368167	7357f	9e8	9e4	11	d0963	6218757ef910	2add	10000	7ffe9f1a8980	2add	62187583a4a0	62187584fb90	62187553a490	c0000	9e4	10000	0
33.377024	7358d	6218757fa490	68f8	11	4de238	6218757ef910	2add	10000	7ffe9f1a8980	2add	62187583a4a0	62187584fb90	62187453a490	4c0000	68f4	10000	0
33.390463	73519	15c0d	45d8	10	ab873a	6218757ef910	10dc	10000	7ffe9f1a8980	2add	62187583a4a0	62187584fb90	621872d3a490	ac0000	ac0000	10000	1142
33.397032	73519	aea7	45d8	f	d6eeac	6218757ef910	929	10000	7ffe9f1a8980	2add	62187583a4a0	62187584fb90	62187227a490	d70000	d70000	10000	fbf
33.408971	734c5	3ab77	45d8	11	12bddb0	6218757ef910	2959	10000	7ffe9f1a8980	2add	62187583a4a0	62187584fb90	621870dfa490	1290000	1290000	10000	cdd
33.417208	7351c	35b	45d8	9	163d149	6218757ef910	4c	10000	7ffe9f1a8980	2add	62187583a4a0	62187584fb90	62186ff3a490	1640000	1640000	10000	aca
33.425623	7353a	2abd5	45d8	11	2f322c	6218757ef910	1f08	10000	7ffe9f1a8980	2add	62187583a4a0	62187584fb90	621874c3a490	300000	300000	10000	159e
33.438541	1acbacd60a2e	6218757fedf4	1745	6218757fedf4	621875800124	62188940dafc	6218757fee80	1259	7ffe9f1a8978	0	62187583a4a0	62187584fb90	62187353a490	8d0000	8d0000	10000	1259
33.448433	7353a	33bb1	45d8	11	c4d976	6218757ef910	24ec	10000	7ffe9f1a8980	2add	62187583a4a0	62187584fb90	6218726fa490	c50000	c50000	10000	1061
33.460029	734c5	cd97	45d8	f	1158624	6218757ef910	a94	10000	7ffe9f1a8980	2add	62187583a4a0	62187584fb90	6218712fa490	1150000	1150000	10000	d91
33.467375	73519	1069	45d8	c	1481b3a	6218757ef910	10b	10000	7ffe9f1a8980	2add	62187583a4a0	62187584fb90	6218705fa490	1490000	1490000	10000	bbd
33.477689	7357c	3aec	3ae8	11	20faca	6218757ef910	2add	10000	7ffe9f1a8980	2add	62187583a4a0	62187584fb90	62187507a490	1f0000	3ae4	10000	0
33.492468	73519	4337	45d8	e	893dfd	6218757ef910	3da	10000	7ffe9f1a8980	2add	62187583a4a0	62187584fb90	6218735ba490	8a0000	8a0000	10000	1274
33.498897	73515	15b47	45d8	10	b60b72	6218757ef910	10d1	10000	7ffe9f1a8980	2add	62187583a4a0	62187584fb90	621872a7a490	b70000	b70000	10000	10df
33.506336	7352d	c9af	45d8	f	e19ce2	6218757ef910	a60	10000	7ffe9f1a8980	2add	62187583a4a0	62187584fb90	621871ffa490	e10000	e10000	10000	f65
33.521245	73519	617	45d8	a	148b282	6218757ef910	7a	10000	7ffe9f1a8980	2add	62187583a4a0	62187584fb90	6218705fa490	1490000	1490000	10000	bbd
33.530249	735a3	1111	427c	11	190e03	6218757ef910	2add	10000	7ffe9f1a8980	2add	62187583a4a0	62187584fb90	6218751fa490	190000	4278	10000	0
33.539599	7353a	c73	45d8	b	5d57ff	6218757ef910	d4	10000	7ffe9f1a8980	2add	62187583a4a0	62187584fb90	6218740ba490	5e0000	5e0000	10000	1400
33.545319	73f4d	2add	621875794ab0	15868	842ea2	26063	37	62188a2864e0	7ffe9f1a8980	2604b	1bde	621882f0e7a0	48b79d109586ff7c	2add	2	1bdf	12
33.557763	734f5	2add	45d8	b	df054a	6218757ef910	b7	10000	7ffe9f1a8980	2add	62187583a4a0	62187584fb90	62187207a490	df0000	df0000	10000	f77
33.572241	7353a	2a4f	45d8	d	148f194	6218757ef910	27a	10000	7ffe9f1a8980	2add	62187583a4a0	62187584fb90	6218705fa490	1490000	1490000	10000	bbd
33.577781	73519	cdd9	45d8	f	16d3f65	6218757ef910	a98	10000	7ffe9f1a8980	2add	62187583a4a0	62187584fb90	62186fcba490	16e0000	16e0000	10000	a70
33.586457	734c8	2e663	45d8	11	3a6488	6218757ef910	2185	10000	7ffe9f1a8980	2add	62187583a4a0	62187584fb90	6218749fa490	390000	390000	10000	154d
33.601406	1acbacd60b8a	621875828d30	45d8	6e30	11760	621875804dc0	621875833660	ba28	7ffe9f1a8978	621875828d30	62187583a4a0	62187584fb90	621872e7a490	a80000	a80000	10000	1166
33.613989	7353a	11b	45d8	8	1004f60	6218757ef910	1f	10000	7ffe9f1a8980	2add	62187583a4a0	62187584fb90	6218717fa490	1010000	1010000	10000	e45
33.622070	73519	c4bb	45d8	f	13912c5	6218757ef910	a23	10000	7ffe9f1a8980	2add	62187583a4a0	62187584fb90	6218709ba490	13a0000	13a0000	10000	c44
33.636358	7353a	2b475	45d8	11	2b1b67	6218757ef910	1f71	10000	7ffe9f1a8980	2add	62187583a4a0	62187584fb90	621874d3a490	2c0000	2c0000	10000	15c2
33.645601	73519	1951	45d8	c	6617f8	6218757ef910	18b	10000	7ffe9f1a8980	2add	62187583a4a0	62187584fb90	621873e7a490	670000	670000	10000	13af
33.659668	73519	159e3	45d8	10	c86f5e	6218757ef910	10c2	10000	7ffe9f1a8980	2add	62187583a4a0	62187584fb90	6218725fa490	c90000	c90000	10000	103d
33.670608	73596	6218757fa490	ed08	11	10e771a	6218757ef910	2add	10000	7ffe9f1a8980	2add	62187583a4a0	62187584fb90	62187153a490	10c0000	ed04	10000	0
33.675855	73582	af20	af20	11	1349c4c	6218757ef910	2add	10000	7ffe9f1a8980	2add	62187583a4a0	62187584fb90	621870bfa490	1310000	af1c	10000	0
33.688373	7353a	1de21	45d8	10	18aff7	6218757ef910	167a	10000	7ffe9f1a8980	2add	62187583a4a0	62187584fb90	6218751fa490	190000	190000	10000	166d
33.699909	7353a	989	45d8	b	6d663e	6218757ef910	ab	10000	7ffe9f1a8980	2add	62187583a4a0	62187584fb90	621873cba490	6e0000	6e0000	10000	1370
33.713449	73510	30521	45d8	11	d0ca8a	6218757ef910	22bf	10000	7ffe9f1a8980	2add	62187583a4a0	62187584fb90	6218723fa490	d10000	d10000	10000	ff5
33.719947	73519	184c7	45d8	10	fff7e2	6218757ef910	129a	10000	7ffe9f1a8980	2add	62187583a4a0	62187584fb90	62187183a490	1000000	1000000	10000	e4e
33.725664	73519	30d7f	45d8	11	129010d	6218757ef910	230d	10000	7ffe9f1a8980	2add	62187583a4a0	62187584fb90	621870dba490	12a0000	12a0000	10000	cd4
33.740760	734d4	6218777894e0	45d8	10	26071e	6218757ef910	e63	10000	7ffe9f1a8980	2add	62187583a4a0	62187584fb90	621874eba490	260000	260000	10000	15f8
33.750555	7353a	72cb	45d8	e	6bf07a	6218757ef910	63d	10000	7ffe9f1a8980	2add	62187583a4a0	62187584fb90	621873d3a490	6c0000	6c0000	10000	1382
33.763872	734fd	6218757af8f0	45d8	11	ce0c59	6218757ef910	1d4d	10000	7ffe9f1a8980	2add	62187583a4a0	62187584fb90	6218724ba490	ce0000	ce0000	10000	1010
33.769144	7353a	29	45d8	5	f1c872	6218757ef910	5	10000	7ffe9f1a8980	2add	62187583a4a0	62187584fb90	621871bba490	f20000	f20000	10000	ecc
33.782947	7353a	2a3dd	45d8	11	15345f5	6218757ef910	1eb7	10000	7ffe9f1a8980	2add	62187583a4a0	62187584fb90	62187033a490	1540000	1540000	10000	b5a
33.796627	734d4	6218777894e0	45d8	d	43023f	6218757ef910	2cf	10000	7ffe9f1a8980	2add	62187583a4a0	62187584fb90	62187477a490	430000	430000	10000	14f3
33.803858	73519	21dd	45d8	d	732b04	6218757ef910	200	10000	7ffe9f1a8980	2add	62187583a4a0	62187584fb90	621873b3a490	740000	740000	10000	133a
33.818956	73515	61	45d8	6	dc4584	6218757ef910	9	10000	7ffe9f1a8980	2add	62187583a4a0	62187584fb90	6218720fa490	dd0000	dd0000	10000	f89
33.824722	73519	8fb3	45d8	f	106992c	6218757ef910	7a5	10000	7ffe9f1a8980	2add	62187583a4a0	62187584fb90	62187167a490	1070000	1070000	10000	e0f
33.832146	7353a	108f5	45d8	10	135e23d	6218757ef910	d4e	10000	7ffe9f1a8980	2add	62187583a4a0	62187584fb90	621870aba490	1360000	1360000	10000	c68
33.845952	73519	b39b	45d8	f	23b430	6218757ef910	962	10000	7ffe9f1a8980	2add	62187583a4a0	62187584fb90	621874f3a490	240000	240000	10000	160a
33.852200	1acbacd6110a	0	1	47f8	62188a581c80	0	62188a588000	7d	7ffe9f1a8978	0	62188a581c80	62187e238690	7ce404e1ace0	62188507c8c8	6218757fa490	ab74	7d
33.858262	73529	32191	45d8	11	7e680e	6218757ef910	23d2	10000	7ffe9f1a8980	2add	62187583a4a0	62187584fb90	6218738ba490	7e0000	7e0000	10000	12e0
33.866510	73519	25feb	45d8	11	b5977d	6218757ef910	1bd5	10000	7ffe9f1a8980	2add	62187583a4a0	62187584fb90	621872aba490	b60000	b60000	10000	10e8
33.878828	747dd	3	2	6218899f13c0	3	6218899f1390	66	62188a5f9e70	7ffe9f1a8980	621875a5ec80	66	0	22a4	6218899f1340	5	68	6218899f1348
33.888198	7479a	4	1	62187d88fdb0	2	62187d88fd98	63	62188a5fd220	7ffe9f1a8980	621875cb92a0	63	1	22a4	62187d88fd60	3	69	62187d88fd68
33.895438	7353a	31e2b	45d8	11	abb5f	6218757ef910	23ac	10000	7ffe9f1a8980	2add	62187583a4a0	62187584fb90	62187557a490	b0000	b0000	10000	16eb
33.907958	73519	11435	45d8	10	645d3c	6218757ef910	dc1	10000	7ffe9f1a8980	2add	62187583a4a0	62187584fb90	621873efa490	650000	650000	10000	13c1
33.918393	73519	13a57	45d8	10	af28f2	6218757ef910	f6f	10000	7ffe9f1a8980	2add	62187583a4a0	62187584fb90	621872c3a490	b00000	b00000	10000	111e
33.931870	7353a	35	45d8	5	111a197	6218757ef910	7	10000	7ffe9f1a8980	2add	62187583a4a0	62187584fb90	6218713ba490	1120000	1120000	10000	dac
33.941530	7353a	89	45d8	7	14fa93a	6218757ef910	e	10000	7ffe9f1a8980	2add	62187583a4a0	62187584fb90	62187043a490	1500000	1500000	10000	b7e
33.949586	7353a	3c65	45d8	d	15e0ee	6218757ef910	382	10000	7ffe9f1a8980	2add	62187583a4a0	62187584fb90	6218752ba490	160000	160000	10000	1688
33.961566	73510	18103	45d8	10	671d37	6218757ef910	1276	10000	7ffe9f1a8980	2add	62187583a4a0	62187584fb90	621873e7a490	670000	670000	10000	13af
33.976477	73519	c46f	45d8	f	d12473	6218757ef910	a1f	10000	7ffe9f1a8980	2add	62187583a4a0	62187584fb90	6218723ba490	d20000	d20000	10000	fec
33.981811	7353a	3b9	45d8	9	f8fbf0	6218757ef910	51	10000	7ffe9f1a8980	2add	62187583a4a0	62187584fb90	6218719fa490	f90000	f90000	10000	e8d
33.993033	7353a	493	45d8	a	146048b	6218757ef910	62	10000	7ffe9f1a8980	2add	62187583a4a0	62187584fb90	62187067a490	1470000	1470000	10000	bcf
34.007700	73519	175	45d8	8	3c27fe	6218757ef910	23	10000	7ffe9f1a8980	2add	62187583a4a0	62187584fb90	6218748fa490	3d0000	3d0000	10000	1529
34.013614	73519	29	45d8	5	669f06	6218757ef910	5	10000	7ffe9f1a8980	2add	62187583a4a0	62187584fb90	621873e7a490	670000	670000	10000	13af
34.028217	73519	302e3	45d8	11	cf94d2	6218757ef910	22a4	10000	7ffe9f1a8980	2add	62187583a4a0	62187584fb90	62187243a490	d00000	d00000	10000	ffe
34.036432	7353a	cc7	45d8	b	10a248a	6218757ef910	dc	10000	7ffe9f1a8980	2add	62187583a4a0	62187584fb90	62187157a490	10b0000	10b0000	10000	deb
34.043516	734ec	2add	45d8	10	13f93fc	6218757ef910	1109	10000	7ffe9f1a8980	2add	62187583a4a0	62187584fb90	62187087a490	13f0000	13f0000	10000	c17
34.057525	73519	1ec43	45d8	10	325edc	6218757ef910	170c	10000	7ffe9f1a8980	2add	62187583a4a0	62187584fb90	621874b7a490	330000	330000	10000	1583
34.067912	7350c	18d3d	45d8	10	62187583a4a0	6218757ef910	12f2	10000	7ffe9f1a8980	2add	62187583a4a0	62187584fb90	62187393a490	7c0000	7c0000	10000	12f2
34.073848	7353a	e3	45d8	7	a620ad	6218757ef910	17	10000	7ffe9f1a8980	2add	62187583a4a0	62187584fb90	621872e7a490	a70000	a70000	10000	116f
34.081284	73519	29ec1	45d8	11	d70ff0	6218757ef910	1e78	10000	7ffe9f1a8980	2add	62187583a4a0	62187584fb90	62187223a490	d80000	d80000	10000	fb6
34.088295	73515	4bd	45d8	a	10a0453	6218757ef910	64	10000	7ffe9f1a8980	2add	62187583a4a0	62187584fb90	62187157a490	10b0000	10b0000	10000	deb
34.103024	7353a	2cd6d	45d8	11	173ea	6218757ef910	2081	10000	7ffe9f1a8980	2add	62187583a4a0	62187584fb90	6218757ba490	20000	20000	10000	173c
34.109048	73519	25baf	45d8	11	2bebfd	6218757ef910	1ba3	10000	7ffe9f1a8980	2add	62187583a4a0	62187584fb90	621874d3a490	2c0000	2c0000	10000	15c2
34.116455	73521	2861	45d8	d	611788	6218757ef910	25e	10000	7ffe9f1a8980	2add	62187583a4a0	62187584fb90	621873ffa490	610000	610000	10000	13e5
34.123878	1acbacc639e8	621884436510	7ce404e1ac80	62187a418700	7ce404e1ad30	7ce404e1ad20	7ce404e1ac98	41	7ffe9f1a8710	621886682980	621886682980	7	48b79d109586ff7c	621886682970	50	5	30
34.136952	7353a	38b7	45d8	d	f05909	6218757ef910	349	10000	7ffe9f1a8980	2add	62187583a4a0	62187584fb90	621871bfa490	f10000	f10000	10000	ed5
34.142812	73519	761	45d8	a	114e52b	6218757ef910	8e	10000	7ffe9f1a8980	2add	62187583a4a0	62187584fb90	6218712fa490	1150000	1150000	10000	d91
34.154009	73540	d3	45d8	7	164b511	6218757ef910	15	10000	7ffe9f1a8980	2add	62187583a4a0	62187584fb90	62186fefa490	1650000	1650000	10000	ac1
34.165137	73515	35	45d8	5	418de8	6218757ef910	7	10000	7ffe9f1a8980	2add	62187583a4a0	62187584fb90	6218747ba490	420000	420000	10000	14fc
34.176539	73519	6c97	45d8	e	923dd3	6218757ef910	5eb	10000	7ffe9f1a8980	2add	62187583a4a0	62187584fb90	62187337a490	930000	930000	10000	1223
34.187995	7353a	95	45d8	7	e3d23a	6218757ef910	f	10000	7ffe9f1a8980	2add	62187583a4a0	62187584fb90	621871f3a490	e40000	e40000	10000	f4a
34.199143	7353a	e3	45d8	7	133c15d	6218757ef910	17	10000	7ffe9f1a8980	2add	62187583a4a0	62187584fb90	621870b3a490	1340000	1340000	10000	c7a
34.214191	7353a	335e7	45d8	11	108f8c	6218757ef910	24ad	10000	7ffe9f1a8980	2add	62187583a4a0	62187584fb90	6218753fa490	110000	110000	10000	16b5
34.229143	7353a	2b14b	45d8	11	637059	6218757ef910	1f4e	10000	7ffe9f1a8980	2add	62187583a4a0	62187584fb90	621873f3a490	640000	640000	10000	13ca
34.239010	73519	2ae2f	45d8	11	a7f6b3	6218757ef910	1f20	10000	7ffe9f1a8980	2add	62187583a4a0	62187584fb90	621872e3a490	a80000	a80000	10000	1166
34.251594	73519	36e9	45d8	d	10009c5	6218757ef910	32e	10000	7ffe9f1a8980	2add	62187583a4a0	62187584fb90	6218717fa490	1010000	1010000	10000	e45
34.262913	7353a	509	45d8	a	15581c2	6218757ef910	68	10000	7ffe9f1a8980	2add	62187583a4a0	62187584fb90	6218702ba490	1560000	1560000	10000	b48
34.271450	7353a	1fd	45d8	8	20bd60	6218757ef910	33	10000	7ffe9f1a8980	2add	62187583a4a0	62187584fb90	621874ffa490	210000	210000	10000	1625
34.282217	7353a	d2d	45d8	b	6d2385	6218757ef910	e0	10000	7ffe9f1a8980	2add	62187583a4a0	62187584fb90	621873cba490	6e0000	6e0000	10000	1370
34.289931	73519	4739	45d8	e	a305c7	6218757ef910	411	10000	7ffe9f1a8980	2add	62187583a4a0	62187584fb90	621872f3a490	a40000	a40000	10000	118a
34.302002	7353d	95	45d8	7	f93beb	6218757ef910	f	10000	7ffe9f1a8980	2add	62187583a4a0	62187584fb90	6218719ba490	fa0000	fa0000	10000	e84
34.314384	7353a	93f7	45d8	f	15286dc	6218757ef910	7de	10000	7ffe9f1a8980	2add	62187583a4a0	62187584fb90	62187037a490	1530000	1530000	10000	b63
34.320264	7353a	10d	45d8	8	a6077	6218757ef910	1d	10000	7ffe9f1a8980	2add	62187583a4a0	62187584fb90	62187557a490	b0000	b0000	10000	16eb
34.327185	73515	317dd	45d8	11	368085	6218757ef910	236d	10000	7ffe9f1a8980	2add	62187583a4a0	62187584fb90	621874a7a490	370000	370000	10000	155f
34.340549	7353a	1a5	45d8	8	9a4f56	6218757ef910	29	10000	7ffe9f1a8980	2add	62187583a4a0	62187584fb90	62187317a490	9b0000	9b0000	10000	11db
34.351703	73519	2b193	45d8	11	e8c7e1	6218757ef910	1f51	10000	7ffe9f1a8980	2add	62187583a4a0	62187584fb90	621871dfa490	e90000	e90000	10000	f1d
34.361666	73540	593	45d8	a	1288cf3	6218757ef910	70	10000	7ffe9f1a8980	2add	62187583a4a0	62187584fb90	621870dfa490	1290000	1290000	10000	cdd
34.372362	73540	ad	45d8	7	5fdc8	6218757ef910	13	10000	7ffe9f1a8980	2add	62187583a4a0	62187584fb90	6218756ba490	60000	60000	10000	1718
34.383214	734d9	6218777894e0	45d8	f	54102a	6218757ef910	7ba	10000	7ffe9f1a8980	2add	62187583a4a0	62187584fb90	62187433a490	540000	540000	10000	145a
34.396060	7352d	38d25	45d8	11	affaff	6218757ef910	2827	10000	7ffe9f1a8980	2add	62187583a4a0	62187584fb90	621872cba490	ae0000	ae0000	10000	1130
34.409219	7353a	3111b	45d8	11	10b2bf2	6218757ef910	232c	10000	7ffe9f1a8980	2add	62187583a4a0	62187584fb90	62187153a490	10c0000	10c0000	10000	de2
34.414769	73515	35	45d8	5	134670b	6218757ef910	7	10000	7ffe9f1a8980	2add	62187583a4a0	62187584fb90	621870afa490	1350000	1350000	10000	c71
34.423312	a534a	48befbb9cfb84f48	de4f	0	546a	3f2c	113ad078eea13ba2	d50c	7ffe9f1a8978	de4f	0	1f44d	fa2688f909e38275	b4f	8000000000003f2c	113ad078eea13ba2	2add
34.430142	73521	2f9e7	45d8	11	316c7f	6218757ef910	2248	10000	7ffe9f1a8980	2add	62187583a4a0	62187584fb90	621874c3a490	300000	300000	10000	159e
34.440176	734db	6218777894e0	45d8	f	791a1a	6218757ef910	947	10000	7ffe9f1a8980	2add	62187583a4a0	62187584fb90	6218739fa490	790000	790000	10000	130d
34.449805	7353a	2cd6d	45d8	11	c09a7c	6218757ef910	2081	10000	7ffe9f1a8980	2add	62187583a4a0	62187584fb90	6218727fa490	c10000	c10000	10000	1085
34.455385	73519	1f7	45d8	8	e82605	6218757ef910	32	10000	7ffe9f1a8980	2add	62187583a4a0	62187584fb90	621871dfa490	e90000	e90000	10000	f1d
34.470376	73519	2593	45d8	d	152744a	6218757ef910	230	10000	7ffe9f1a8980	2add	62187583a4a0	62187584fb90	62187037a490	1530000	1530000	10000	b63
34.480765	73510	6f2f	45d8	e	2a0f74	6218757ef910	60c	10000	7ffe9f1a8980	2add	62187583a4a0	62187584fb90	621874d7a490	2b0000	2b0000	10000	15cb
34.492068	7357c	55e8	55e4	11	7ae722	6218757ef910	2add	10000	7ffe9f1a8980	2add	62187583a4a0	62187584fb90	621873a3a490	780000	55e0	10000	0
34.497440	73536	2a0b5	45d8	11	9cda45	6218757ef910	1e90	10000	7ffe9f1a8980	2add	62187583a4a0	62187584fb90	6218730fa490	9d0000	9d0000	10000	11c9
34.510387	734d9	6218777894e0	45d8	11	f88eba	6218757ef910	1b1c	10000	7ffe9f1a8980	2add	62187583a4a0	62187584fb90	621871a3a490	f80000	f80000	10000	e96
34.516539	7352d	13405	45d8	10	1251a5c	6218757ef910	f27	10000	7ffe9f1a8980	2add	62187583a4a0	62187584fb90	621870efa490	1250000	1250000	10000	d01
34.527224	72bf2	a5	11b0d	0	e2d1	a9b9	e1c	116f0	7ffe9f1a8980	11b0d	0	0	fa2688f909e38275	e1c	7fffffffffffe369	dfa78c3cbfc53bbe	2add
34.537587	7353a	1bc71	45d8	10	3da103	6218757ef910	14f0	10000	7ffe9f1a8980	2add	62187583a4a0	62187584fb90	6218748ba490	3e0000	3e0000	10000	1520
34.543917	73519	fb	45d8	7	6c1c90	6218757ef910	1a	10000	7ffe9f1a8980	2add	62187583a4a0	62187584fb90	621873cfa490	6d0000	6d0000	10000	1379
34.549590	73519	2c70d	45d8	11	946753	6218757ef910	203b	10000	7ffe9f1a8980	2add	62187583a4a0	62187584fb90	6218732fa490	950000	950000	10000	1211
34.555007	73519	31525	45d8	11	bb854b	6218757ef910	2356	10000	7ffe9f1a8980	2add	62187583a4a0	62187584fb90	62187293a490	bc0000	bc0000	10000	10b2
34.564453	73519	377	45d8	9	1007cf3	6218757ef910	4e	10000	7ffe9f1a8980	2add	62187583a4a0	62187584fb90	6218717fa490	1010000	1010000	10000	e45
34.572153	1acbacd6110a	0	0	32e8	62188ae28770	0	62188ae30000	7d	7ffe9f1a8978	0	62188ae28770	621887b3db20	7ce404e1ace0	62188507c8c8	6218757fa490	ab74	7d
34.585943	73519	2f	45d8	5	1c3e6b	6218757ef910	6	10000	7ffe9f1a8980	2add	62187583a4a0	62187584fb90	6218750fa490	1d0000	1d0000	10000	1649
34.593437	73519	29a71	45d8	11	51a776	6218757ef910	1e44	10000	7ffe9f1a8980	2add	62187583a4a0	62187584fb90	6218743ba490	520000	520000	10000	146c
34.599176	7353a	c719	45d8	f	7beaa8	6218757ef910	a38	10000	7ffe9f1a8980	2add	62187583a4a0	62187584fb90	62187393a490	7c0000	7c0000	10000	12f2
34.605662	7351c	71	45d8	6	a99233	6218757ef910	c	10000	7ffe9f1a8980	2add	62187583a4a0	62187584fb90	621872dba490	aa0000	aa0000	10000	1154
34.613330	734e3	2add	45d8	10	e08b2e	6218757ef910	1443	10000	7ffe9f1a8980	2add	62187583a4a0	62187584fb90	62187207a490	df0000	df0000	10000	f77
34.622537	73519	2e759	45d8	11	120478e	6218757ef910	218d	10000	7ffe9f1a8980	2add	62187583a4a0	62187584fb90	621870ffa490	1210000	1210000	10000	d25
34.636538	7353a	4025	45d8	e	12c285	6218757ef910	3b0	10000	7ffe9f1a8980	2add	62187583a4a0	62187584fb90	62187537a490	130000	130000	10000	16a3
34.646017	7353a	1b1	45d8	8	58b1de	6218757ef910	2a	10000	7ffe9f1a8980	2add	62187583a4a0	62187584fb90	6218741fa490	590000	590000	10000	142d
34.657835	73519	d3	45d8	7	a90fd8	6218757ef910	15	10000	7ffe9f1a8980	2add	62187583a4a0	62187584fb90	621872dba490	aa0000	aa0000	10000	1154
34.665139	73519	1115	45d8	c	d15d5e	6218757ef910	118	10000	7ffe9f1a8980	2add	62187583a4a0	62187584fb90	6218723ba490	d20000	d20000	10000	fec
34.679863	7353a	81bb	45d8	f	1362247	6218757ef910	6f3	10000	7ffe9f1a8980	2add	62187583a4a0	62187584fb90	621870a7a490	1370000	1370000	10000	c5f
34.691088	74b72	62188af8c330	12	110	7ce404e1ac80	0	7ce404e1ac80	0	7ffe9f1a8980	62188af8c330	62188af8c330	62188af963b0	48b79d109586ff7c	62188af9edf8	219e	62188afa12f4	219e
34.699648	73587	6218757fa490	2578	11	47967a	6218757ef910	2add	10000	7ffe9f1a8980	2add	62187583a4a0	62187584fb90	62187467a490	470000	2574	10000	0
34.710905	73519	6b	45d8	6	989803	6218757ef910	a	10000	7ffe9f1a8980	2add	62187583a4a0	62187584fb90	6218731fa490	990000	990000	10000	11ed
34.720290	73519	233	45d8	9	d3d088	6218757ef910	36	10000	7ffe9f1a8980	2add	62187583a4a0	62187584fb90	62187233a490	d40000	d40000	10000	fda
34.728818	7353a	83	45d8	7	10bd04c	6218757ef910	d	10000	7ffe9f1a8980	2add	62187583a4a0	62187584fb90	62187153a490	10c0000	10c0000	10000	de2
34.740554	7359a	6218757fa490	48d0	11	161dcec	6218757ef910	2add	10000	7ffe9f1a8980	2add	62187583a4a0	62187584fb90	62187003a490	1600000	48cc	10000	0
34.750108	73519	a3	45d8	7	3459b3	6218757ef910	11	10000	7ffe9f1a8980	2add	62187583a4a0	62187584fb90	621874afa490	350000	350000	10000	1571
34.763131	73582	3164	3164	11	95646a	6218757ef910	2add	10000	7ffe9f1a8980	2add	62187583a4a0	62187584fb90	6218732fa490	950000	3160	10000	0
34.777194	73f3d	2add	621875794ab0	303c0	6218757af8f0	33593	4fc4	62188b010ab0	7ffe9f1a8980	3357b	24aa	62187b218140	48b79d109586ff7c	2add	15	24ab	26
34.787451	73519	61	45d8	6	1449058	6218757ef910	9	10000	7ffe9f1a8980	2add	62187583a4a0	62187584fb90	6218706fa490	1450000	1450000	10000	be1
34.796901	1acbacd60b8a	6218758001a4	1745	6d8	5d14	6218757ffacc	6218758057e0	1745	7ffe9f1a8978	6218758001a4	62187583a4a0	62187584fb90	6218752ba490	170000	170000	10000	167f
34.804841	1acbacd60b8a	6218758001a4	1745	49d8	5d14	6218757fb7cc	6218758014e0	1745	7ffe9f1a8978	6218758001a4	62187583a4a0	62187584fb90	62187443a490	510000	510000	10000	1475
34.819644	7353a	18d	45d8	8	b704b3	6218757ef910	27	10000	7ffe9f1a8980	2add	62187583a4a0	62187584fb90	621872a3a490	b80000	b80000	10000	10d6
34.830873	73519	1a281	45d8	10	1053521	6218757ef910	13dd	10000	7ffe9f1a8980	2add	62187583a4a0	62187584fb90	6218716ba490	1060000	1060000	10000	e18
34.844059	73519	72c7	45d8	e	161da2b	6218757ef910	63c	10000	7ffe9f1a8980	2add	62187583a4a0	62187584fb90	62186ffba490	1620000	1620000	10000	adc
34.858921	73519	21ad5	45d8	11	4f57b6	6218757ef910	1906	10000	7ffe9f1a8980	2add	62187583a4a0	62187584fb90	62187443a490	500000	500000	10000	147e
34.869804	73521	16fc7	45d8	10	95120f	6218757ef910	11b3	10000	7ffe9f1a8980	2add	62187583a4a0	62187584fb90	6218732fa490	950000	950000	10000	1211
34.880873	73519	168dd	45d8	10	e04775	6218757ef910	116c	10000	7ffe9f1a8980	2add	62187583a4a0	62187584fb90	621871ffa490	e10000	e10000	10000	f65
34.894602	73519	2f	45d8	5	146dc9e	6218757ef910	6	10000	7ffe9f1a8980	2add	62187583a4a0	62187584fb90	62187067a490	1470000	1470000	10000	bcf
34.905716	73519	13f69	45d8	10	1eca51	6218757ef910	faf	10000	7ffe9f1a8980	2add	62187583a4a0	62187584fb90	62187507a490	1f0000	1f0000	10000	1637
34.911189	73519	e3	45d8	7	46a009	6218757ef910	17	10000	7ffe9f1a8980	2add	62187583a4a0	62187584fb90	62187467a490	470000	470000	10000	14cf
34.918349	1acbacd6110a	0	1	3818	62188b21bca0	0	62188b223000	7f	7ffe9f1a8978	0	62188b21bca0	62187586e310	7ce404e1ace0	62188507c8c8	6218757fa490	ab74	7f
34.925671	73542	20fdb	45d8	11	accb8a	6218757ef910	1897	10000	7ffe9f1a8980	2add	62187583a4a0	62187584fb90	621872d7a490	ab0000	ab0000	10000	114b
34.933048	7353a	21b81	45d8	11	e0dd3f	6218757ef910	190d	10000	7ffe9f1a8980	2add	62187583a4a0	62187584fb90	621871ffa490	e10000	e10000	10000	f65
34.946041	73515	b5bb	45d8	f	13e37f4	6218757ef910	97a	10000	7ffe9f1a8980	2add	62187583a4a0	62187584fb90	62187087a490	13f0000	13f0000	10000	c17
34.952301	73519	314bf	45d8	11	16a38a6	6218757ef910	2351	10000	7ffe9f1a8980	2add	62187583a4a0	62187584fb90	62186fd7a490	16b0000	16b0000	10000	a8b
34.964895	7353a	5b2b	45d8	e	54a7c6	6218757ef910	519	10000	7ffe9f1a8980	2add	62187583a4a0	62187584fb90	6218742fa490	550000	550000	10000	1451
34.973697	73519	89	45d8	7	955e39	6218757ef910	e	10000	7ffe9f1a8980	2add	62187583a4a0	62187584fb90	6218732ba490	960000	960000	10000	1208
34.988705	7353a	3d7	45d8	9	fd1e77	6218757ef910	52	10000	7ffe9f1a8980	2add	62187583a4a0	62187584fb90	6218718ba490	fe0000	fe0000	10000	e60
34.996893	73519	1907b	45d8	10	1352799	6218757ef910	131c	10000	7ffe9f1a8980	2add	62187583a4a0	62187584fb90	621870aba490	1360000	1360000	10000	c68
35.007713	73582	9f40	9f40	11	141e7b	6218757ef910	2add	10000	7ffe9f1a8980	2add	62187583a4a0	62187584fb90	6218753fa490	110000	9f3c	10000	0
35.017046	73519	3749	45d8	d	52ff30	6218757ef910	333	10000	7ffe9f1a8980	2add	62187583a4a0	62187584fb90	62187437a490	530000	530000	10000	1463
35.022620	73504	5215	45d8	e	7b41a8	6218757ef910	4a3	10000	7ffe9f1a8980	2add	62187583a4a0	62187584fb90	62187397a490	7b0000	7b0000	10000	12fb
35.035243	7353a	a0df	45d8	f	c4e348	6218757ef910	879	10000	7ffe9f1a8980	2add	62187583a4a0	62187584fb90	6218726fa490	c50000	c50000	10000	1061
35.048081	734d4	6218777894e0	45d8	11	1210661	6218757ef910	1c9e	10000	7ffe9f1a8980	2add	62187583a4a0	62187584fb90	621870ffa490	1210000	1210000	10000	d25
35.059373	1acbacc64b38	21	20	15c4c000	1b0	1b1	7ce404e1ac80	30	7ffe9f1a8800	b57	c7	621882f0e7a0	48b79d109586ff7c	62188ae49560	7ce404e1ac80	62188ae49580	20
35.071894	1acbacd60b8a	621875805eb8	2e8a	4820	ba28	621875801698	62187580d0c0	2e8a	7ffe9f1a8978	621875805eb8	62187583a4a0	62187584fb90	621874a7a490	380000	380000	10000	1556
35.085072	73515	2fdf1	45d8	11	904f5c	6218757ef910	2273	10000	7ffe9f1a8980	2add	62187583a4a0	62187584fb90	6218733fa490	910000	910000	10000	1235
35.095304	7353a	6b	45d8	6	cedbaa	6218757ef910	a	10000	7ffe9f1a8980	2add	62187583a4a0	62187584fb90	62187247a490	cf0000	cf0000	10000	1007
35.104182	7353a	11b	45d8	8	10e6a4f	6218757ef910	1f	10000	7ffe9f1a8980	2add	62187583a4a0	62187584fb90	62187147a490	10f0000	10f0000	10000	dc7
35.113496	7353a	1ebcb	45d8	10	14c4243	6218757ef910	1706	10000	7ffe9f1a8980	2add	62187583a4a0	62187584fb90	6218704fa490	14d0000	14d0000	10000	b99
35.118844	72b98	5ffa	1c835	1c835	2b3e	7d33	1582	f275	7ffe9f1a8980	1c835	0	0	fa2688f909e38275	1582	800000000000af64	d25ac033f702c484	2add
35.132117	73519	20cdb	45d8	11	5b6bee	6218757ef910	187b	10000	7ffe9f1a8980	2add	62187583a4a0	62187584fb90	62187413a490	5c0000	5c0000	10000	1412
35.143733	1acbacc616e9	8380	7ce404e1ac80	8381	7ce404e1b430	1c00000	62188b443750	101	7ffe9f1a8700	0	0	62187a27ff80	7ce404e1ace0	8270	110	8380	f
35.153296	7353a	47dd	45d8	e	f6a246	6218757ef910	41c	10000	7ffe9f1a8980	2add	62187583a4a0	62187584fb90	621871a7a490	f70000	f70000	10000	e9f
35.158847	734fd	6218757af8f0	45d8	11	11fc2fd	6218757ef910	1842	10000	7ffe9f1a8980	2add	62187583a4a0	62187584fb90	6218710ba490	11e0000	11e0000	10000	d40
35.170256	73519	2ad5d	45d8	11	16049b1	6218757ef910	1f18	10000	7ffe9f1a8980	2add	62187583a4a0	62187584fb90	62186fffa490	1610000	1610000	10000	ae5
35.185451	7353a	2a1	45d8	9	5e1ca8	6218757ef910	3e	10000	7ffe9f1a8980	2add	62187583a4a0	62187584fb90	62187407a490	5f0000	5f0000	10000	13f7
35.192680	7351c	a75	45d8	b	906012	6218757ef910	b9	10000	7ffe9f1a8980	2add	62187583a4a0	62187584fb90	6218733fa490	910000	910000	10000	1235
35.200540	7353a	ced7	45d8	f	c7106a	6218757ef910	aa5	10000	7ffe9f1a8980	2add	62187583a4a0	62187584fb90	62187263a490	c80000	c80000	10000	1046
35.211312	7353a	71	45d8	6	114bc7f	6218757ef910	c	10000	7ffe9f1a8980	2add	62187583a4a0	62187584fb90	6218712fa490	1150000	1150000	10000	d91
35.225642	73519	23ad	45d8	d	16a72fe	6218757ef910	211	10000	7ffe9f1a8980	2add	62187583a4a0	62187584fb90	62186fd7a490	16b0000	16b0000	10000	a8b
35.233530	73519	3b5f	45d8	d	2af602	6218757ef910	371	10000	7ffe9f1a8980	2add	62187583a4a0	62187584fb90	621874d7a490	2b0000	2b0000	10000	15cb
35.243443	73519	25ab	45d8	d	6fcbde	6218757ef910	233	10000	7ffe9f1a8980	2add	62187583a4a0	62187584fb90	621873c3a490	700000	700000	10000	135e
35.253786	73519	14b19	45d8	10	b6586c	6218757ef910	102b	10000	7ffe9f1a8980	2add	62187583a4a0	62187584fb90	621872a7a490	b70000	b70000	10000	10df
35.265293	734c1	1b7c7	45d8	10	104ae9f	6218757ef910	14c1	10000	7ffe9f1a8980	2add	62187583a4a0	62187584fb90	62187173a490	1040000	1040000	10000	e2a
35.275007	734c1	3955f	45d8	11	145d65c	6218757ef910	2872	10000	7ffe9f1a8980	2add	62187583a4a0	62187584fb90	6218706fa490	1450000	1450000	10000	be1
35.287614	73542	7fb5	45d8	e	2c5c40	6218757ef910	6da	10000	7ffe9f1a8980	2add	62187583a4a0	62187584fb90	621874d3a490	2c0000	2c0000	10000	15c2
35.294686	7353a	29d35	45d8	11	5e1280	6218757ef910	1e65	10000	7ffe9f1a8980	2add	62187583a4a0	62187584fb90	62187407a490	5f0000	5f0000	10000	13f7
35.300403	73519	bcab	45d8	f	873a0e	6218757ef910	9c9	10000	7ffe9f1a8980	2add	62187583a4a0	62187584fb90	62187363a490	880000	880000	10000	1286
35.307684	73519	46e5	45d8	e	ba4f04	6218757ef910	40a	10000	7ffe9f1a8980	2add	62187583a4a0	62187584fb90	62187297a490	bb0000	bb0000	10000	10bb
35.317237	73519	24c59	45d8	11	fd64ef	6218757ef910	1b0a	10000	7ffe9f1a8980	2add	62187583a4a0	62187584fb90	6218718ba490	fe0000	fe0000	10000	e60
35.326936	73515	39005	45d8	11	14278fe	6218757ef910	2842	10000	7ffe9f1a8980	2add	62187583a4a0	62187584fb90	62187077a490	1430000	1430000	10000	bf3
35.338747	7353a	3b267	45d8	11	221577	6218757ef910	299c	10000	7ffe9f1a8980	2add	62187583a4a0	62187584fb90	621874f7a490	230000	230000	10000	1613
35.344722	7353a	2a5b3	45d8	11	4a2727	6218757ef910	1ec6	10000	7ffe9f1a8980	2add	62187583a4a0	62187584fb90	62187457a490	4b0000	4b0000	10000	14ab
35.354549	7352d	3515f	45d8	11	91b5fe	6218757ef910	25c9	10000	7ffe9f1a8980	2add	62187583a4a0	62187584fb90	62187343a490	900000	900000	10000	123e
35.361349	734cf	154b7	45d8	10	b81d8d	6218757ef910	1090	10000	7ffe9f1a8980	2add	62187583a4a0	62187584fb90	621872a3a490	b80000	b80000	10000	10d6
35.375994	7353a	17ee1	45d8	10	121a711	6218757ef910	125f	10000	7ffe9f1a8980	2add	62187583a4a0	62187584fb90	621870fba490	1220000	1220000	10000	d1c
35.384093	73519	9a25	45d8	f	15ba720	6218757ef910	824	10000	7ffe9f1a8980	2add	62187583a4a0	62187584fb90	62187013a490	15c0000	15c0000	10000	b12
35.390148	73519	1b973	45d8	10	133ac6	6218757ef910	14d1	10000	7ffe9f1a8980	2add	62187583a4a0	62187584fb90	62187533a490	140000	140000	10000	169a
35.400704	73501	193a5	45d8	10	52df40	6218757ef910	1337	10000	7ffe9f1a8980	2add	62187583a4a0	62187584fb90	6218743ba490	520000	520000	10000	146c
35.411054	7353a	22e1	45d8	d	8b213e	6218757ef910	20a	10000	7ffe9f1a8980	2add	62187583a4a0	62187584fb90	62187353a490	8c0000	8c0000	10000	1262
35.425977	73519	29	45d8	5	ea8c85	6218757ef910	5	10000	7ffe9f1a8980	2add	62187583a4a0	62187584fb90	621871d7a490	eb0000	eb0000	10000	f0b
35.440756	73519	1c55	45d8	c	14eb372	6218757ef910	1b9	10000	7ffe9f1a8980	2add	62187583a4a0	62187584fb90	62187047a490	14f0000	14f0000	10000	b87
35.448865	73519	a09d	45d8	f	137830	6218757ef910	874	10000	7ffe9f1a8980	2add	62187583a4a0	62187584fb90	62187533a490	140000	140000	10000	169a
35.461445	73542	1c2c7	45d8	10	6889f0	6218757ef910	153c	10000	7ffe9f1a8980	2add	62187583a4a0	62187584fb90	621873e7a490	670000	670000	10000	13af
35.476516	734ec	2add	45d8	e	cf3306	6218757ef910	471	10000	7ffe9f1a8980	2add	62187583a4a0	62187584fb90	62187247a490	cf0000	cf0000	10000	1007
35.488687	73519	edf7	45d8	f	11f24b9	6218757ef910	c0f	10000	7ffe9f1a8980	2add	62187583a4a0	62187584fb90	62187103a490	1200000	1200000	10000	d2e
35.502739	7314b	9a	6218757ef910	1745	4	62188940da70	3	1745	7ffe9f1a8980	17	9	977	1	6218757af8f0	7ffffffffffffffc	2add	1745
35.512447	7353a	379d5	45d8	11	3ba216	6218757ef910	2763	10000	7ffe9f1a8980	2add	62187583a4a0	62187584fb90	62187493a490	3c0000	3c0000	10000	1532
35.522598	73515	2b0af	45d8	11	7cc165	6218757ef910	1f42	10000	7ffe9f1a8980	2add	62187583a4a0	62187584fb90	6218738fa490	7d0000	7d0000	10000	12e9
35.535736	7353a	29	45d8	5	d4035a	6218757ef910	5	10000	7ffe9f1a8980	2add	62187583a4a0	62187584fb90	6218722fa490	d50000	d50000	10000	fd1
35.546899	7353a	2a9d	45d8	d	1201cdc	6218757ef910	280	10000	7ffe9f1a8980	2add	62187583a4a0	62187584fb90	621870ffa490	1210000	1210000	10000	d25
35.555605	73519	841	45d8	b	15f496c	6218757ef910	9c	10000	7ffe9f1a8980	2add	62187583a4a0	62187584fb90	62187003a490	1600000	1600000	10000	aee
35.570200	7353a	2f	45d8	5	529ce3	6218757ef910	6	10000	7ffe9f1a8980	2add	62187583a4a0	62187584fb90	62187437a490	530000	530000	10000	1463
35.584351	73519	29	45d8	5	b7e037	6218757ef910	5	10000	7ffe9f1a8980	2add	ffffffffec3eb064	62187584fb90	621872a3a490	b80000	b80000	10000	10d6
35.593470	1acbacc6509d	20	ffffffffffffffa0	7ffe9f1a88d8	10	4	10	10	7ffe9f1a8850	2add	62187583a4a0	62187584fb90	621871bfa490	0	7ffe9f1a8930	7ffe9f1a88c0	4
35.601595	73519	b179	45d8	f	12bf1d5	6218757ef910	944	10000	7ffe9f1a8980	2add	62187583a4a0	62187584fb90	621870d3a490	12c0000	12c0000	10000	cc2
35.612582	84b1a	64	7ffe9f1a8a30	63	62188b7fb360	62188b898cb0	2f	80	7ffe9f1a8880	62187d6dfc08	1	2	0	7ffe9f1a8898	621876711c80	22a4	6218580ea2a8
35.621257	73519	4bd	45d8	a	452584	6218757ef910	64	10000	7ffe9f1a8980	2add	62187583a4a0	62187584fb90	6218746ba490	460000	460000	10000	14d8
35.626836	7353a	29	45d8	5	6871d4	6218757ef910	5	10000	7ffe9f1a8980	2add	62187583a4a0	62187584fb90	621873dfa490	690000	690000	10000	139d
35.637695	1acbacd60b8a	6218758118e0	5d14	152b0	17450	6218757fc630	621875813a80	5d14	7ffe9f1a8978	6218758118e0	62187583a4a0	62187584fb90	621872dba490	ab0000	ab0000	10000	114b
35.647937	7353a	2eea1	45d8	11	e7f7b6	6218757ef910	21d2	10000	7ffe9f1a8980	2add	62187583a4a0	62187584fb90	621871e3a490	e80000	e80000	10000	f26
35.656374	73515	165f7	45d8	10	11c5615	6218757ef910	114b	10000	7ffe9f1a8980	2add	62187583a4a0	62187584fb90	6218710fa490	11d0000	11d0000	10000	d49
35.661878	7353a	21f1	45d8	d	13a29f1	6218757ef910	201	10000	7ffe9f1a8980	2add	62187583a4a0	62187584fb90	62187097a490	13b0000	13b0000	10000	c3b
35.675029	7353a	17527	45d8	10	1fb588	6218757ef910	11f1	10000	7ffe9f1a8980	2add	62187583a4a0	62187584fb90	62187503a490	200000	200000	10000	162e
35.684125	73519	469	45d8	a	620bbd	6218757ef910	60	10000	7ffe9f1a8980	2add	62187583a4a0	62187584fb90	621873f7a490	630000	630000	10000	13d3
35.695122	73519	1445	45d8	c	b24f5e	6218757ef910	145	10000	7ffe9f1a8980	2add	62187583a4a0	62187584fb90	621872b7a490	b30000	b30000	10000	1103
35.701608	1acbacd60b8a	621875828d30	45d8	be90	11760	6218757ffd60	62187582e600	ba28	7ffe9f1a8978	621875828d30	62187583a4a0	62187584fb90	62187203a490	e10000	e10000	10000	f65
35.707033	7359e	ffff	e7e4	62188507c8c0	1074b93	6218757ef910	2add	0	7ffe9f1a8980	2add	62187583a4a0	62187584fb90	6218716ba490	1060000	e7e0	10000	1
35.719363	7353a	2f	45d8	5	15d789c	6218757ef910	6	10000	7ffe9f1a8980	2add	62187583a4a0	62187584fb90	6218700ba490	15e0000	15e0000	10000	b00
35.733105	735a3	1111	1e28	11	4a1526	6218757ef910	2add	10000	7ffe9f1a8980	2add	62187583a4a0	62187584fb90	62187463a490	480000	1e24	10000	0
35.740806	7353a	17f	45d8	8	806a0c	6218757ef910	25	10000	7ffe9f1a8980	2add	62187583a4a0	62187584fb90	6218737fa490	810000	810000	10000	12c5
35.748973	7353a	22dcf	45d8	11	b69eb7	6218757ef910	19cd	10000	7ffe9f1a8980	2add	62187583a4a0	62187584fb90	621872a7a490	b70000	b70000	10000	10df
35.756829	73f3d	2add	621875794ab0	3be7	6218757af8f0	1e2f5	87b2	62188b9c0950	7ffe9f1a8980	1e2d1	16aa	62187b218140	48b79d109586ff7c	2add	4	16ab	14
35.766612	73540	6d	45d8	6	1320f7c	6218757ef910	b	10000	7ffe9f1a8980	2add	62187583a4a0	62187584fb90	621870b7a490	1330000	1330000	10000	c83
35.780598	73519	34b83	45d8	11	a538c	6218757ef910	258e	10000	7ffe9f1a8980	2add	62187583a4a0	62187584fb90	62187557a490	b0000	b0000	10000	16eb
35.789547	7356f	1111	dbec	11	49010c	6218757ef910	2add	10000	7ffe9f1a8980	2add	62187583a4a0	62187584fb90	6218746ba490	460000	dbe8	10000	0
35.797943	73519	83	45d8	7	7a65db	6218757ef910	d	10000	7ffe9f1a8980	2add	62187583a4a0	62187584fb90	62187397a490	7b0000	7b0000	10000	12fb
35.810594	73519	33d13	45d8	11	c42771	6218757ef910	24fc	10000	7ffe9f1a8980	2add	62187583a4a0	62187584fb90	6218726fa490	c50000	c50000	10000	1061
35.820250	7353a	3846b	45d8	11	edcdbb	6218757ef910	27d8	10000	7ffe9f1a8980	2add	62187583a4a0	62187584fb90	621871cba490	ee0000	ee0000	10000	ef0
35.828932	73519	6b	45d8	6	11ec183	6218757ef910	a	10000	7ffe9f1a8980	2add	62187583a4a0	62187584fb90	62187107a490	11f0000	11f0000	10000	d37
35.835422	7353a	3a505	45d8	11	1465645	6218757ef910	2915	10000	7ffe9f1a8980	2add	62187583a4a0	62187584fb90	62187067a490	1470000	1470000	10000	bcf
35.844231	734c1	15edb	45d8	10	f03c5	6218757ef910	1100	10000	7ffe9f1a8980	2add	62187583a4a0	62187584fb90	6218754ba490	e0000	e0000	10000	16d0
35.850362	7353a	29	45d8	5	33cb11	6218757ef910	5	10000	7ffe9f1a8980	2add	62187583a4a0	62187584fb90	621874b3a490	340000	340000	10000	157a
35.861395	74b76	62188bbca030	10	f0	7ce404e1ac80	0	7	0	7ffe9f1a8980	62188bbca030	62188bbca030	62188bbd0c50	48b79d109586ff7c	62188bbdadfc	2776	62188bbdbb94	2776
35.874706	73519	1e0cb	45d8	10	c42e01	6218757ef910	1695	10000	7ffe9f1a8980	2add	62187583a4a0	62187584fb90	6218726fa490	c50000	c50000	10000	1061
35.887691	73515	2a301	45d8	11	103d57c	6218757ef910	1eac	10000	7ffe9f1a8980	2add	62187583a4a0	62187584fb90	62187173a490	1040000	1040000	10000	e2a
35.899929	7353a	1725b	45d8	10	1436aa2	6218757ef910	11cd	10000	7ffe9f1a8980	2add	62187583a4a0	62187584fb90	62187073a490	1440000	1440000	10000	bea
35.911757	734c5	2cbdf	45d8	11	1c02a9	6218757ef910	206e	10000	7ffe9f1a8980	2add	62187583a4a0	62187584fb90	62187513a490	1c0000	1c0000	10000	1652
35.917376	73504	a283	45d8	f	3e1dc4	6218757ef910	890	10000	7ffe9f1a8980	2add	62187583a4a0	62187584fb90	6218748ba490	3e0000	3e0000	10000	1520
35.926705	7352d	15203	45d8	10	782c45	6218757ef910	1074	10000	7ffe9f1a8980	2add	62187583a4a0	62187584fb90	621873a3a490	780000	780000	10000	1316
35.939718	7350c	26a9b	45d8	11	62187583a4a0	6218757ef910	1c42	10000	7ffe9f1a8980	2add	62187583a4a0	62187584fb90	62187263a490	c80000	c80000	10000	1046
35.947034	7353a	6d	45d8	6	f2bbe7	6218757ef910	b	10000	7ffe9f1a8980	2add	62187583a4a0	62187584fb90	621871b7a490	f30000	f30000	10000	ec3
35.954507	7353a	1c7b7	45d8	10	11f0f78	6218757ef910	157b	10000	7ffe9f1a8980	2add	62187583a4a0	62187584fb90	62187103a490	1200000	1200000	10000	d2e
35.968280	72bb1	2af9d	2e0a3	62187779ebd0	2af9d	18951	2144	2b92a	7ffe9f1a8980	2e0a3	0	0	fb92f72d72074870	2144	7fffffffffff704a	8dd961338f2f21d4	2add
35.974280	74b76	62188bd8e1d0	e	d0	7ce404e1ac80	0	7	0	7ffe9f1a8980	62188bd8e1d0	62188bd8e1d0	62188bd96ed0	48b79d109586ff7c	62188bda0b84	26e4	62188bda1b64	26e4
35.982934	7351c	f67	45d8	b	571739	6218757ef910	100	10000	7ffe9f1a8980	2add	62187583a4a0	62187584fb90	62187423a490	580000	580000	10000	1436
35.991495	7353a	43	45d8	6	8b74b7	6218757ef910	8	10000	7ffe9f1a8980	2add	62187583a4a0	62187584fb90	62187353a490	8c0000	8c0000	10000	1262
35.999654	73519	83	45d8	7	ab6602	6218757ef910	d	10000	7ffe9f1a8980	2add	62187583a4a0	62187584fb90	621872d3a490	ac0000	ac0000	10000	1142
36.007949	73519	469	45d8	a	d846ca	6218757ef910	60	10000	7ffe9f1a8980	2add	62187583a4a0	62187584fb90	6218721fa490	d90000	d90000	10000	fad
36.022916	73edd	41d	621875794ab0	62187779ebd0	41b6	0	0	62188be580c0	7ffe9f1a8980	47b1	41c	621875d9ae30	48b79d109586ff7c	2add	4a	41c	56
36.032032	73519	5fa1	45d8	e	15d61ab	6218757ef910	552	10000	7ffe9f1a8980	2add	62187583a4a0	62187584fb90	6218700ba490	15e0000	15e0000	10000	b00
36.045805	73519	193fd	45d8	10	3b4c1c	6218757ef910	133b	10000	7ffe9f1a8980	2add	62187583a4a0	62187584fb90	62187493a490	3c0000	3c0000	10000	1532
36.052392	73521	6c73	45d8	e	656a06	6218757ef910	5e8	10000	7ffe9f1a8980	2add	62187583a4a0	62187584fb90	621873efa490	650000	650000	10000	13c1
36.065600	73f5a	2add	621875794ab0	1197b	1f695	22cc1	a9a2ce	62188bf1b460	7ffe9f1a8980	22cc1	19c0	621886a802d0	48b79d109586ff7c	2add	c	19c1	1a
36.076045	73519	27b51	45d8	11	e43af7	6218757ef910	1ce9	10000	7ffe9f1a8980	2add	62187583a4a0	62187584fb90	621871efa490	e50000	e50000	10000	f41
36.084653	74b76	62188bf70a90	f	e0	7ce404e1ac80	0	7	0	7ffe9f1a8980	62188bf70a90	62188bf70a90	621885b3f480	48b79d109586ff7c	62188bf86b0c	2526	62188bf881e4	2526
36.093584	73519	6b	45d8	6	14f23d9	6218757ef910	a	10000	7ffe9f1a8980	2add	62187583a4a0	62187584fb90	62187043a490	1500000	1500000	10000	b7e
36.104881	7353a	1f3bb	45d8	10	201e80	6218757ef910	1765	10000	7ffe9f1a8980	2add	62187583a4a0	62187584fb90	621874ffa490	210000	210000	10000	1625
36.111078	734d4	6218777894e0	45d8	f	478b35	6218757ef910	9f3	10000	7ffe9f1a8980	2add	62187583a4a0	62187584fb90	62187467a490	470000	470000	10000	14cf
36.119269	7353a	8a49	45d8	f	7834b0	6218757ef910	767	10000	7ffe9f1a8980	2add	62187583a4a0	62187584fb90	6218739fa490	790000	790000	10000	130d
36.128671	7353a	39abb	45d8	11	b38a24	6218757ef910	28a5	10000	7ffe9f1a8980	2add	62187583a4a0	62187584fb90	621872b3a490	b40000	b40000	10000	10fa
36.137469	7353a	c203	45d8	f	df96c0	6218757ef910	a06	10000	7ffe9f1a8980	2add	62187583a4a0	62187584fb90	62187203a490	e00000	e00000	10000	f6e
36.143914	84ad4	80	1b15587d2e	6218757ac930	2	62188c09a670	2f	80	7ffe9f1a8850	621879bc81d0	6218757ac920	62188ae49570	48b79d109586ff7c	7ffe9f1a8868	6218757ac930	22a4	6218580ea2a8
36.151718	7353a	1a9a1	45d8	10	1293eaf	6218757ef910	1428	10000	7ffe9f1a8980	2add	62187583a4a0	62187584fb90	621870dba490	12a0000	12a0000	10000	cd4
36.164016	7353a	23b1	45d8	d	3c891	6218757ef910	212	10000	7ffe9f1a8980	2add	62187583a4a0	62187584fb90	62187573a490	40000	40000	10000	172a
36.170879	7353a	3b5f	45d8	d	2caab7	6218757ef910	371	10000	7ffe9f1a8980	2add	62187583a4a0	62187584fb90	621874cfa490	2d0000	2d0000	10000	15b9
36.181115	73536	23e2d	45d8	11	6e8b2f	6218757ef910	1a81	10000	7ffe9f1a8980	2add	62187583a4a0	62187584fb90	621873c7a490	6f0000	6f0000	10000	1367
36.194577	84a9f	62188c188760	145142aa24	62188900eb80	2	62188c1879c0	2f	4f	7ffe9f1a8880	62188322b170	2	1f725	0	7ffe9f1a8898	f	22a4	6218580ea2a8
36.204799	734d9	6218777894e0	45d8	11	ffe204	6218757ef910	1f12	10000	7ffe9f1a8980	2add	62187583a4a0	62187584fb90	62187187a490	ff0000	ff0000	10000	e57
36.211687	73f24	2add	621875794ab0	1caab	27672	0	0	62188c1c4c30	7ffe9f1a8980	27be7	1cf3	621888028a90	48b79d109586ff7c	2add	6	1cf4	16
36.220515	1acbacd6110a	0	0	2c98	62188c207120	0	62188c20f000	7f	7ffe9f1a8978	0	62188c207120	62187e906040	7ce404e1ace0	62188170bc88	6218757fa490	ab74	7f
36.232181	7352d	12fe9	45d8	10	212f7c	6218757ef910	ef9	10000	7ffe9f1a8980	2add	62187583a4a0	62187584fb90	621874ffa490	210000	210000	10000	1625
36.240176	73519	c145	45d8	f	5296e1	6218757ef910	9fc	10000	7ffe9f1a8980	2add	62187583a4a0	62187584fb90	62187437a490	530000	530000	10000	1463
36.248404	73519	1eb	45d8	8	811d9b	6218757ef910	30	10000	7ffe9f1a8980	2add	62187583a4a0	62187584fb90	6218737ba490	820000	820000	10000	12bc
36.262416	734d4	6218777894e0	45d8	10	d05afe	6218757ef910	125b	10000	7ffe9f1a8980	2add	62187583a4a0	62187584fb90	62187247a490	cf0000	cf0000	10000	1007
36.270441	73521	3792d	45d8	11	ff4188	6218757ef910	275e	10000	7ffe9f1a8980	2add	62187583a4a0	62187584fb90	6218718ba490	fe0000	fe0000	10000	e60
36.279481	7353a	3ad2f	45d8	11	12a6829	6218757ef910	296b	10000	7ffe9f1a8980	2add	62187583a4a0	62187584fb90	621870d7a490	12b0000	12b0000	10000	ccb
36.286659	73f39	2add	621875794ab0	9135	6218757af8f0	20195	0	62188c330b50	7ffe9f1a8980	20179	1802	62187578bb60	48b79d109586ff7c	2add	a	1803	1a
36.296525	73540	97	45d8	7	2250ee	6218757ef910	10	10000	7ffe9f1a8980	2add	62187583a4a0	62187584fb90	621874f7a490	230000	230000	10000	1613
36.306409	1acbacc650aa	20	ffffffffffffffa0	7ffe9f1a88f8	62187578a010	4	10	10	7ffe9f1a8870	8aa3	76e	621879a64f60	48b79d109586ff7c	0	0	7ffe9f1a88e0	4
36.321547	73515	1b1	45d8	8	bdf6b5	6218757ef910	2a	10000	7ffe9f1a8980	2add	62187583a4a0	62187584fb90	6218728ba490	be0000	be0000	10000	10a0
36.333105	734e3	2add	45d8	e	1052960	6218757ef910	3f4	10000	7ffe9f1a8980	2add	62187583a4a0	62187584fb90	6218716fa490	1050000	1050000	10000	e21
36.344908	88f20	6218862f0290	0	0	62187e824068	62187f076e80	11	2	7ffe9f1a8810	2	3c	f8	48b79d109586ff7c	2	6218889c1660	4e2ae1ce8548ae08	62187e824068
36.350249	1acbacc6320b	206e1	7ce404e1ac80	62188c44dda0	ab81	62188c458920	7ce404e1ac80	ab80	7ffe9f1a8800	0	0	62188c44e000	206	260	62188c44dda0	1000	aba0
36.355588	734db	6218777894e0	45d8	11	2117ce	6218757ef910	1c44	10000	7ffe9f1a8980	2add	62187583a4a0	62187584fb90	62187503a490	200000	200000	10000	162e
36.365062	7352d	11509	45d8	10	5ae5e6	6218757ef910	dcd	10000	7ffe9f1a8980	2add	62187583a4a0	62187584fb90	6218741ba490	5a0000	5a0000	10000	1424
36.377283	1acbacd60b8a	6218758118e0	5d14	8e10	17450	621875808ad0	62187581ff20	5d14	7ffe9f1a8978	6218758118e0	62188a1fcac0	62188512bf08	e	910000	910000	10000	1235
36.387581	73519	6b	45d8	6	cc60b9	6218757ef910	a	10000	7ffe9f1a8980	2add	62187583a4a0	62187584fb90	6218724fa490	cd0000	cd0000	10000	1019
36.398654	73515	1efc1	45d8	10	1108b32	6218757ef910	1738	10000	7ffe9f1a8980	2add	62187583a4a0	62187584fb90	6218713fa490	1110000	1110000	10000	db5
36.404966	7353a	35	45d8	5	1395fea	6218757ef910	7	10000	7ffe9f1a8980	2add	62187583a4a0	62187584fb90	6218709ba490	13a0000	13a0000	10000	c44
36.416179	74b62	62188c51d580	c	b0	7ce404e1ac80	0	7	0	7ffe9f1a8980	62188c51d580	62188c51d580	62188c526420	48b79d109586ff7c	62188c529fd8	e39	62188c531264	e3a
36.425182	73540	2a5	45d8	9	451142	6218757ef910	3f	10000	7ffe9f1a8980	2add	62187583a4a0	62187584fb90	6218746ba490	460000	460000	10000	14d8
36.437703	73501	39379	45d8	11	9470e3	6218757ef910	2863	10000	7ffe9f1a8980	2add	62187583a4a0	62187584fb90	62187333a490	940000	940000	10000	121a
36.451983	734fd	6218757af8f0	45d8	10	ed9b96	6218757ef910	d7b	10000	7ffe9f1a8980	2add	62187583a4a0	62187584fb90	621871cfa490	ed0000	ed0000	10000	ef9
36.462757	73515	2ae2f	45d8	11	126eb7d	6218757ef910	1f20	10000	7ffe9f1a8980	2add	62187583a4a0	62187584fb90	621870e7a490	1270000	1270000	10000	cef
36.473609	73f13	6218777894e0	621875794ab0	62187779ebd0	16592	0	0	62188c626f00	7ffe9f1a8980	2349d	1a0b	62187578bb60	48b79d109586ff7c	2add	2e	1a0c	3d
36.479891	73519	6d4f	45d8	e	1679e5	6218757ef910	5f9	10000	7ffe9f1a8980	2add	62187583a4a0	62187584fb90	62187527a490	170000	170000	10000	167f
36.491751	734c5	1e1af	45d8	10	5ca55e	6218757ef910	169e	10000	7ffe9f1a8980	2add	62187583a4a0	62187584fb90	62187413a490	5c0000	5c0000	10000	1412
36.505361	73519	43	45d8	6	af3d65	6218757ef910	8	10000	7ffe9f1a8980	2add	62187583a4a0	62187584fb90	621872c3a490	b00000	b00000	10000	111e
36.519818	73515	35537	45d8	11	108b162	6218757ef910	25f3	10000	7ffe9f1a8980	2add	62187583a4a0	62187584fb90	6218715fa490	1090000	1090000	10000	dfd
36.526410	7353a	1895f	45d8	10	12e98d5	6218757ef910	12ca	10000	7ffe9f1a8980	2add	62187583a4a0	62187584fb90	621870c7a490	12f0000	12f0000	10000	ca7
36.540121	73519	bbf9	45d8	f	d2021	6218757ef910	9c1	10000	7ffe9f1a8980	2add	62187583a4a0	62187584fb90	6218754ba490	e0000	e0000	10000	16d0
36.546814	73519	43	45d8	6	38e272	6218757ef910	8	10000	7ffe9f1a8980	2add	62187583a4a0	62187584fb90	6218749fa490	390000	390000	10000	154d
36.552256	7358d	6218757fa490	8a68	11	5b975d	6218757ef910	2add	10000	7ffe9f1a8980	2add	62187583a4a0	62187584fb90	6218741fa490	590000	8a64	10000	0
36.559018	74b76	62188c7a1660	10	f0	7ce404e1ac80	0	7	0	7ffe9f1a8980	62188c7a1660	62188c7a1660	621886239600	48b79d109586ff7c	62188c7d7634	1d94	62188c7dab54	1d94
36.571738	73510	adcb	45d8	f	d039cb	6218757ef910	91b	10000	7ffe9f1a8980	2add	62187583a4a0	62187584fb90	6218723fa490	d10000	d10000	10000	ff5
36.580906	73515	3876d	45d8	11	1074cd3	6218757ef910	27f5	10000	7ffe9f1a8980	2add	62187583a4a0	62187584fb90	62187163a490	1080000	1080000	10000	e06
36.588617	73519	375d	45d8	d	1326e64	6218757ef910	334	10000	7ffe9f1a8980	2add	62187583a4a0	62187584fb90	621870b7a490	1330000	1330000	10000	c83
36.600917	734ec	2add	45d8	11	698c3	6218757ef910	2272	10000	7ffe9f1a8980	2add	62187583a4a0	62187584fb90	62187573a490	40000	40000	10000	172a
36.608521	73573	725c	7258	62188170bc80	336018	6218757ef910	2add	0	7ffe9f1a8980	2add	62187583a4a0	62187584fb90	621874c3a490	300000	7254	10000	1
36.613949	73519	2f27b	45d8	11	50e8b7	6218757ef910	21fd	10000	7ffe9f1a8980	2add	62187583a4a0	62187584fb90	6218743fa490	510000	510000	10000	1475
36.620021	7353a	a8d7	45d8	f	77064e	6218757ef910	8e1	10000	7ffe9f1a8980	2add	62187583a4a0	62187584fb90	621873a3a490	780000	780000	10000	1316
36.625271	7353a	1d647	45d8	10	97d141	6218757ef910	1629	10000	7ffe9f1a8980	2add	62187583a4a0	62187584fb90	62187323a490	980000	980000	10000	11f6
36.631698	73519	a3	45d8	7	bd14ca	6218757ef910	11	10000	7ffe9f1a8980	2add	62187583a4a0	62187584fb90	6218728ba490	be0000	be0000	10000	10a0
36.638236	73519	b6b1	45d8	f	e41032	6218757ef910	988	10000	7ffe9f1a8980	2add	62187583a4a0	62187584fb90	621871efa490	e50000	e50000	10000	f41
36.643729	73f64	2add	621875794ab0	595f	3584	0	0	62188c8ff0f0	7ffe9f1a8980	6673	59d	621878fd9170	48b79d109586ff7c	2add	5e	59e	6a
36.652246	1acbacc664eb	10	977	977	1	1	10	2	7ffe9f1a87a8	2	1	1	48b79d109586ff7c	621884009a40	2	10	8
36.660133	73519	a75	45d8	b	16588c4	6218757ef910	b9	10000	7ffe9f1a8980	2add	62187583a4a0	62187584fb90	62186feba490	1660000	1660000	10000	ab8
36.671817	734c5	3af67	45d8	11	3456ef	6218757ef910	2982	10000	7ffe9f1a8980	2add	62187583a4a0	62187584fb90	621874bba490	320000	320000	10000	158c
36.682242	73f4d	2add	621875794ab0	605c	6c96ba	33085	22	62188c9adeb0	7ffe9f1a8980	3307d	2472	6218806dd720	48b79d109586ff7c	2add	1c	2473	2d
36.687783	7353a	61	45d8	6	8d013e	6218757ef910	9	10000	7ffe9f1a8980	2add	62187583a4a0	62187584fb90	6218734ba490	8e0000	8e0000	10000	1250
36.694649	73f64	2add	621875794ab0	107	c982	0	0	62188c9d80f0	7ffe9f1a8980	2c7d9	2047	62188c418050	48b79d109586ff7c	2add	a	2048	1c
36.709421	847d3	6218889c1660	a41f345d9b9e60f	3d	62188ca19524	6218580ea0b0	7ffe9f1a8848	0	7ffe9f1a8840	a41f345d9b9e60f	3c	150	48b79d109586ff7c	62188ca19584	0	150	62188ca19530
36.717302	7353a	29	45d8	5	13fbb6b	6218757ef910	5	10000	7ffe9f1a8980	2add	62187583a4a0	62187584fb90	62187083a490	1400000	1400000	10000	c0e
36.732051	73519	21b81	45d8	11	28507b	6218757ef910	190d	10000	7ffe9f1a8980	2add	62187583a4a0	62187584fb90	621874dfa490	290000	290000	10000	15dd
36.739745	7353a	df	45d8	7	5acc8e	6218757ef910	16	10000	7ffe9f1a8980	2add	62187583a4a0	62187584fb90	62187417a490	5b0000	5b0000	10000	141b
36.745761	7353a	f1	45d8	7	7ba53d	6218757ef910	19	10000	7ffe9f1a8980	2add	62187583a4a0	62187584fb90	62187393a490	7c0000	7c0000	10000	12f2
36.757930	73519	95	45d8	7	c5b474	6218757ef910	f	10000	7ffe9f1a8980	2add	62187583a4a0	62187584fb90	6218726ba490	c60000	c60000	10000	1058
36.763990	73519	303dd	45d8	11	e651e3	6218757ef910	22af	10000	7ffe9f1a8980	2add	62187583a4a0	62187584fb90	621871e7a490	e70000	e70000	10000	f2f
36.776963	1acbacd60b8a	621875828d30	45d8	dc50	11760	6218757fdfa0	62187582c840	ba28	7ffe9f1a8978	621875828d30	62187583a4a0	62187584fb90	621870bba490	1330000	1330000	10000	c83
36.783189	73519	5dc1	45d8	e	1590471	6218757ef910	53c	10000	7ffe9f1a8980	2add	62187583a4a0	62187584fb90	6218701ba490	15a0000	15a0000	10000	b24
36.789691	73510	145c7	45d8	10	116791	6218757ef910	ff6	10000	7ffe9f1a8980	2add	62187583a4a0	62187584fb90	6218753ba490	120000	120000	10000	16ac
36.796197	74b6e	62188cbc2b30	10	f0	7ce404e1ac80	0	7	0	7ffe9f1a8980	62188cbc2b30	62188cbc2b30	62188cbca2d0	48b79d109586ff7c	62188cbcfb4c	15d7	62188cbd4f64	15d7
36.809499	73f54	2add	621875794ab0	15df	7ecbbd	9ebd	7e7e9c	62188cc20d20	7ffe9f1a8980	9ebd	85c	621877368cc0	48b79d109586ff7c	2add	49	85d	58
36.820275	7353a	33c47	45d8	11	c0afe2	6218757ef910	24f1	10000	7ffe9f1a8980	2add	62187583a4a0	62187584fb90	6218727fa490	c10000	c10000	10000	1085
36.833999	1acbacd60b8a	621875805eb8	2e8a	1ca0	ba28	621875804218	62187580fc40	2e8a	7ffe9f1a8978	621875805eb8	62188c0a4750	62188c834028	f	1180000	1180000	10000	d76
36.847977	72b36	fffffffffffffea0	55fd	55fd	ffffffffffffc6e0	c6b	4d7	76b	7ffe9f1a8980	55fd	0	0	fb92f72d72074870	4d7	7fffffffffffc500	643770626d012ebb	2add
36.861279	7353a	2e7	45d8	9	3cc85e	6218757ef910	40	10000	7ffe9f1a8980	2add	62187583a4a0	62187584fb90	6218748fa490	3d0000	3d0000	10000	1529
36.876266	73519	aa5d	45d8	f	99e54a	6218757ef910	8f0	10000	7ffe9f1a8980	2add	62187583a4a0	62187584fb90	6218731ba490	9a0000	9a0000	10000	11e4
36.886218	7353a	23b	45d8	9	cf6650	6218757ef910	37	10000	7ffe9f1a8980	2add	62187583a4a0	62187584fb90	62187243a490	d00000	d00000	10000	ffe
36.893014	73519	385c1	45d8	11	f55eb9	6218757ef910	27e7	10000	7ffe9f1a8980	2add	62187583a4a0	62187584fb90	621871aba490	f60000	f60000	10000	ea8
36.898652	73f69	2add	621875794ab0	73d5	7f10	0	0	62188cdaae30	7ffe9f1a8980	3cde5	2ac0	62188927ded0	48b79d109586ff7c	2add	7	2ac1	19
36.907657	7353a	225d9	45d8	11	14d0151	6218757ef910	197f	10000	7ffe9f1a8980	2add	62187583a4a0	62187584fb90	6218704ba490	14e0000	14e0000	10000	b90
36.919447	73519	86a7	45d8	f	e033e	6218757ef910	73f	10000	7ffe9f1a8980	2add	62187583a4a0	62187584fb90	62187547a490	f0000	f0000	10000	16c7
36.933425	734d4	6218777894e0	45d8	11	61fd2a	6218757ef910	2481	10000	7ffe9f1a8980	2add	62187583a4a0	62187584fb90	62187407a490	5f0000	5f0000	10000	13f7
36.945119	73519	1907b	45d8	10	98f275	6218757ef910	131c	10000	7ffe9f1a8980	2add	62187583a4a0	62187584fb90	6218731fa490	990000	990000	10000	11ed
36.951340	73519	10a3	45d8	c	b969cc	6218757ef910	111	10000	7ffe9f1a8980	2add	62187583a4a0	62187584fb90	6218729ba490	ba0000	ba0000	10000	10c4
36.965217	73519	142db	45d8	10	10519f1	6218757ef910	fdb	10000	7ffe9f1a8980	2add	62187583a4a0	62187584fb90	6218716ba490	1060000	1060000	10000	e18
36.976167	73519	a9f	45d8	b	1440fc8	6218757ef910	be	10000	7ffe9f1a8980	2add	62187583a4a0	62187584fb90	6218706fa490	1450000	1450000	10000	be1
36.983856	73515	c7	45d8	7	16d9e87	6218757ef910	14	10000	7ffe9f1a8980	2add	62187583a4a0	62187584fb90	62186fcba490	16e0000	16e0000	10000	a70
36.995999	7353a	2665	45d8	d	391cd7	6218757ef910	240	10000	7ffe9f1a8980	2add	62187583a4a0	62187584fb90	6218749ba490	3a0000	3a0000	10000	1544
37.003621	73540	43f	45d8	a	651ba3	6218757ef910	5b	10000	7ffe9f1a8980	2add	62187583a4a0	62187584fb90	621873eba490	660000	660000	10000	13b8
37.015116	7351c	1b1	45d8	8	9faffd	6218757ef910	2a	10000	7ffe9f1a8980	2add	62187583a4a0	62187584fb90	62187303a490	a00000	a00000	10000	11ae
37.024066	1acbacd60b8a	6218758118e0	5d14	4ad0	17450	62187580ce10	621875824260	5d14	7ffe9f1a8978	6218758118e0	62187eb27700	62187eb29120	f	d20000	d20000	10000	fec
37.031024	7353a	d2c7	45d8	f	f7e1e0	6218757ef910	acf	10000	7ffe9f1a8980	2add	62187583a4a0	62187584fb90	621871a3a490	f80000	f80000	10000	e96
37.036454	734f5	2add	45d8	11	1161697	6218757ef910	208a	10000	7ffe9f1a8980	2add	62187583a4a0	62187584fb90	6218712fa490	1150000	1150000	10000	d91
37.047329	7353a	123df	45d8	10	1534a1c	6218757ef910	e74	10000	7ffe9f1a8980	2add	62187583a4a0	62187584fb90	62187033a490	1540000	1540000	10000	b5a
37.055721	734c1	31211	45d8	11	ce79a	6218757ef910	2334	10000	7ffe9f1a8980	2add	62187583a4a0	62187584fb90	6218755ba490	a0000	a0000	10000	16f4
37.062914	7353a	1a5	45d8	8	312035	6218757ef910	29	10000	7ffe9f1a8980	2add	62187583a4a0	62187584fb90	621874bba490	320000	320000	10000	158c
37.076404	1acbacc626df	ffffffffffffffa0	110	f	0	62187578a010	7ce404e1ac80	62188d0fe940	7ffe9f1a88e0	62188d0fe370	62188bd96ec0	6218760a1660	48b79d109586ff7c	7ce404e1ac80	0	62188d0fe950	40
37.087773	1acbacd60b8a	621875805eb8	2e8a	9ea0	ba28	6218757fc018	621875807a40	2e8a	7ffe9f1a8978	621875805eb8	62188a37ee50	6218878464d0	d	bb0000	bb0000	10000	10bb
37.096968	7353a	6b	45d8	6	ece9db	6218757ef910	a	10000	7ffe9f1a8980	2add	62187583a4a0	62187584fb90	621871cfa490	ed0000	ed0000	10000	ef9
37.111277	1acbacd60b8a	6218757fa490	b25	1eb0	3080	6218894118d4	6218757fb660	c20	7ffe9f1a8978	6218757fa490	62187583a4a0	62187584fb90	6218708fa490	13e0000	13e0000	10000	c20
37.118706	1acbacc64870	0	7ce404e1ac80	ab81	a31	62188d1e65d0	3	ab74	7ffe9f1a8870	0	62188d1dba60	62187e906040	7ce404e1ace0	ffffffffffffffa0	ab80	62187578a010	ab6
37.131333	1acbacd6110a	0	0	a008	62188d227490	0	62188d228000	7e	7ffe9f1a8978	0	62188d227490	62187afd4630	7ce404e1ace0	621884436528	6218757fa490	ab74	7e
37.143319	7353a	2813	45d8	d	79cdbe	6218757ef910	257	10000	7ffe9f1a8980	2add	62187583a4a0	62187584fb90	6218739ba490	7a0000	7a0000	10000	1304
37.148618	7353a	5219	45d8	e	9699a0	6218757ef910	4a4	10000	7ffe9f1a8980	2add	62187583a4a0	62187584fb90	62187327a490	970000	970000	10000	11ff
37.158297	73519	29	45d8	5	cca93b	6218757ef910	5	10000	7ffe9f1a8980	2add	62187583a4a0	62187584fb90	6218724fa490	cd0000	cd0000	10000	1019
37.168509	7353a	3acf1	45d8	11	10333b5	6218757ef910	2969	10000	7ffe9f1a8980	2add	62187583a4a0	62187584fb90	62187173a490	1040000	1040000	10000	e2a
37.173936	734f5	2add	45d8	c	12201e3	6218757ef910	11f	10000	7ffe9f1a8980	2add	62187583a4a0	62187584fb90	621870fba490	1220000	1220000	10000	d1c
37.184612	734c8	1412b	45d8	10	15f00ef	6218757ef910	fc8	10000	7ffe9f1a8980	2add	62187583a4a0	62187584fb90	62187007a490	15f0000	15f0000	10000	af7
37.195687	734e3	2add	45d8	11	2cb092	6218757ef910	23f2	10000	7ffe9f1a8980	2add	62187583a4a0	62187584fb90	621874dba490	2a0000	2a0000	10000	15d4
37.204133	7351c	fb	45d8	7	570c0c	6218757ef910	1a	10000	7ffe9f1a8980	2add	62187583a4a0	62187584fb90	62187423a490	580000	580000	10000	1436
37.214895	73519	509	45d8	a	9323a8	6218757ef910	68	10000	7ffe9f1a8980	2add	62187583a4a0	62187584fb90	62187333a490	940000	940000	10000	121a
37.224260	7359e	ffff	36a8	11	c32d02	6218757ef910	2add	10000	7ffe9f1a8980	2add	62187583a4a0	62187584fb90	62187277a490	c30000	36a4	10000	0
37.232969	73519	71	45d8	6	f445c3	6218757ef910	c	10000	7ffe9f1a8980	2add	62187583a4a0	62187584fb90	621871afa490	f50000	f50000	10000	eb1
37.241440	73519	593	45d8	a	1251407	6218757ef910	70	10000	7ffe9f1a8980	2add	62187583a4a0	62187584fb90	621870eba490	1260000	1260000	10000	cf8
37.284271	1acbacd6110a	0	0	3f98	62188d424420	0	62188d42b000	80	7ffe9f1a8978	0	62188d424420	621875b6e0a0	7ce404e1ace0	621884436528	6218757fa490	ab74	80
37.297847	7353a	43	45d8	6	406134	6218757ef910	8	10000	7ffe9f1a8980	2add	62187583a4a0	62187584fb90	6218747fa490	410000	410000	10000	1505
37.303772	73519	9bb7	45d8	f	5e3a57	6218757ef910	837	10000	7ffe9f1a8980	2add	62187583a4a0	62187584fb90	62187407a490	5f0000	5f0000	10000	13f7
37.311076	73519	2654f	45d8	11	870bd3	6218757ef910	1c10	10000	7ffe9f1a8980	2add	62187583a4a0	62187584fb90	62187363a490	880000	880000	10000	1286
37.317721	1acbacd60b8a	621875828d30	45d8	2610	11760	6218758095e0	621875837e80	ba28	7ffe9f1a8978	621875828d30	62187583a4a0	62187584fb90	621872efa490	a60000	a60000	10000	1178
37.329238	1acbacd60b8a	6218758118e0	5d14	6fd0	17450	62187580a910	621875821d60	5d14	7ffe9f1a8978	6218758118e0	62187583a4a0	62187584fb90	621871fba490	e30000	e30000	10000	f53
37.339292	73519	29	45d8	5	118eac1	6218757ef910	5	10000	7ffe9f1a8980	2add	62187994cad0	62187584fb90	6218711fa490	1190000	1190000	10000	d6d
37.348344	73515	5f3	45d8	a	1486316	6218757ef910	76	10000	7ffe9f1a8980	2add	62187583a4a0	62187584fb90	6218705fa490	1490000	1490000	10000	bbd
37.360095	73529	1bfef	45d8	10	1aa369	6218757ef910	151a	10000	7ffe9f1a8980	2add	62187583a4a0	62187584fb90	6218751ba490	1a0000	1a0000	10000	1664
37.367826	73515	2e0d	45d8	d	43ab1e	6218757ef910	2ae	10000	7ffe9f1a8980	2add	62187583a4a0	62187584fb90	62187473a490	440000	440000	10000	14ea
37.381073	734c5	3ce77	45d8	11	872ecc	6218757ef910	2ac4	10000	7ffe9f1a8980	2add	62187583a4a0	62187584fb90	6218736ba490	860000	860000	10000	1298
37.390243	7353a	89	45d8	7	b967a8	6218757ef910	e	10000	7ffe9f1a8980	2add	62187583a4a0	62187584fb90	6218729ba490	ba0000	ba0000	10000	10c4
37.398558	7353a	5ea5	45d8	e	e7d024	6218757ef910	546	10000	7ffe9f1a8980	2add	62187583a4a0	62187584fb90	621871e3a490	e80000	e80000	10000	f26
37.412316	73519	29	45d8	5	136ffad	6218757ef910	5	10000	7ffe9f1a8980	2add	6218802bd1c0	62187584fb90	621870a7a490	1370000	1370000	10000	c5f
37.422254	73519	71	45d8	6	16cbbd8	6218757ef910	c	10000	7ffe9f1a8980	2add	62187583a4a0	62187584fb90	62186fcfa490	16d0000	16d0000	10000	a79
37.431723	1acbacd60b8a	6218757fa490	1c2	473c	560c	62188940f048	6218757fb360	1583	7ffe9f1a8978	6218757fa490	62187583a4a0	62187584fb90	621874bba490	330000	330000	10000	1583
37.438475	73519	347	45d8	9	5a2ddb	6218757ef910	4b	10000	7ffe9f1a8980	2add	62187583a4a0	62187584fb90	62187417a490	5b0000	5b0000	10000	141b
37.449930	7353a	1085	45d8	c	9f7bec	6218757ef910	10e	10000	7ffe9f1a8980	2add	62187583a4a0	62187584fb90	62187303a490	a00000	a00000	10000	11ae
37.461215	73519	a67	45d8	b	e4fd2c	6218757ef910	b8	10000	7ffe9f1a8980	2add	62187583a4a0	62187584fb90	621871efa490	e50000	e50000	10000	f41
37.469907	7352d	179db	45d8	10	1181e34	6218757ef910	1227	10000	7ffe9f1a8980	2add	62187583a4a0	62187584fb90	62187123a490	1180000	1180000	10000	d76
37.475912	73521	118bb	45d8	10	13a17c2	6218757ef910	dff	10000	7ffe9f1a8980	2add	62187583a4a0	62187584fb90	6218709ba490	13a0000	13a0000	10000	c44
37.488167	73596	6218757fa490	179c	11	10c6cc	6218757ef910	2add	10000	7ffe9f1a8980	2add	62187583a4a0	62187584fb90	62187543a490	100000	1798	10000	0
37.499795	7353a	31a9	45d8	d	56854b	6218757ef910	2e5	10000	7ffe9f1a8980	2add	62187583a4a0	62187584fb90	62187427a490	570000	570000	10000	143f
37.508927	7353a	6b	45d8	6	8b7b15	6218757ef910	a	10000	7ffe9f1a8980	2add	62187583a4a0	62187584fb90	62187353a490	8c0000	8c0000	10000	1262
37.518266	7359a	6218757fa490	7634	11	c40f37	6218757ef910	2add	10000	7ffe9f1a8980	2add	62187583a4a0	62187584fb90	62187277a490	c30000	7630	10000	0
37.529992	73f5a	2add	621875794ab0	7e04	3668	c56b	1056cb1	62188d8068a0	7ffe9f1a8980	c56b	a28	6218806dd720	48b79d109586ff7c	2add	28	a29	35
37.541541	7353a	43	45d8	6	1505877	6218757ef910	8	10000	7ffe9f1a8980	2add	62187583a4a0	62187584fb90	6218703fa490	1510000	1510000	10000	b75
37.548385	a535a	7de461a8f08df9	2c293	0	11632	fffffffffffffea4	781f77fb69ab4e2d	164d6	7ffe9f1a8978	2c293	15b	0	fb92f72d72074870	2015	7ffffffffffffea4	87e088049654b1d3	2add
37.555840	73f24	2add	621875794ab0	35c6e	151cd	0	0	62188d8706e0	7ffe9f1a8980	3a55f	291b	621888365aa0	48b79d109586ff7c	2add	5	291c	17
37.565378	73573	7034	7030	11	6a4131	6218757ef910	2add	10000	7ffe9f1a8980	2add	62187583a4a0	62187584fb90	621873e7a490	670000	702c	10000	0
37.577861	73529	1ad05	45d8	10	b469f5	6218757ef910	1445	10000	7ffe9f1a8980	2add	62187583a4a0	62187584fb90	621872b3a490	b40000	b40000	10000	10fa
37.586477	73519	48ef	45d8	e	ea1f94	6218757ef910	42a	10000	7ffe9f1a8980	2add	62187583a4a0	62187584fb90	621871d7a490	eb0000	eb0000	10000	f0b
37.601358	1acbacd60b8a	621875805eb8	2e8a	3ee0	ba28	621875801fd8	62187580da00	2e8a	7ffe9f1a8978	621875805eb8	62188d6b8920	62187bd0e458	e	1490000	1490000	10000	bbd
37.608524	73521	35a1d	45d8	11	4faf6	6218757ef910	2627	10000	7ffe9f1a8980	2add	62187583a4a0	62187584fb90	62187577a490	30000	30000	10000	1733
37.620439	734c8	1549	45d8	c	4c1391	6218757ef910	154	10000	7ffe9f1a8980	2add	62187583a4a0	62187584fb90	62187453a490	4c0000	4c0000	10000	14a2
37.626344	7353a	32057	45d8	11	6ded9e	6218757ef910	23c2	10000	7ffe9f1a8980	2add	62187583a4a0	62187584fb90	621873cba490	6e0000	6e0000	10000	1370
37.635880	73f57	2add	621875794ab0	244dd	23269	2f447	a27b41	62188da18680	7ffe9f1a8980	2f447	2210	6218851c04b0	48b79d109586ff7c	2add	2	2211	13
37.643752	7353a	107	45d8	8	d5cdc9	6218757ef910	1c	10000	7ffe9f1a8980	2add	62187583a4a0	62187584fb90	6218722ba490	d60000	d60000	10000	fc8
37.652465	73519	a3	45d8	7	1097435	6218757ef910	11	10000	7ffe9f1a8980	2add	62187583a4a0	62187584fb90	6218715ba490	10a0000	10a0000	10000	df4
37.659668	1acbacc650a1	210	ffffffffffffffa0	7fffffffffffff00	62187578a010	200	200	200	7ffe9f1a8820	621876711c70	62187851c570	6218889c1660	48b79d109586ff7c	1f	62187851c570	200	2
37.667574	73519	2f	45d8	5	15f3038	6218757ef910	6	10000	7ffe9f1a8980	2add	62187583a4a0	62187584fb90	62187003a490	1600000	1600000	10000	aee
37.679895	7353a	19727	45d8	10	29710d	6218757ef910	1360	10000	7ffe9f1a8980	2add	62187583a4a0	62187584fb90	621874dba490	2a0000	2a0000	10000	15d4
37.691441	73519	29	45d8	5	63f0e0	6218757ef910	5	10000	7ffe9f1a8980	2add	62187583a4a0	62187584fb90	621873f3a490	640000	640000	10000	13ca
37.706538	73519	35	45d8	5	bf1e31	6218757ef910	7	10000	7ffe9f1a8980	2add	62187583a4a0	62187584fb90	62187283a490	c00000	c00000	10000	108e
37.712239	84a75	62188db69410	215e608f50cc6e50	62188d288700	2	62188db699f0	2f	40	7ffe9f1a8880	62187578bb70	2	1f725	0	7ffe9f1a8898	62188d2886f8	22a4	6218580ea2a8
37.722246	73582	f968	f968	621884436520	12256fb	6218757ef910	2add	0	7ffe9f1a8980	2add	62187583a4a0	62187584fb90	62187103a490	1200000	f964	10000	2
37.730396	73519	c95	45d8	b	15348b6	6218757ef910	d8	10000	7ffe9f1a8980	2add	62187583a4a0	62187584fb90	62187033a490	1540000	1540000	10000	b5a
37.736661	73519	43	45d8	6	893f9	6218757ef910	8	10000	7ffe9f1a8980	2add	62187583a4a0	62187584fb90	6218755fa490	90000	90000	10000	16fd
37.749597	7351c	6d	45d8	6	51a62e	6218757ef910	b	10000	7ffe9f1a8980	2add	62187583a4a0	62187584fb90	6218743ba490	520000	520000	10000	146c
37.756792	1acbacd60b8a	621875828d30	45d8	ca90	11760	6218757ff160	62187582da00	ba28	7ffe9f1a8978	621875828d30	621882b39ff0	621879f17898	12	7d0000	7d0000	10000	12e9
37.762356	7357c	b38	b34	11	9f2309	6218757ef910	2add	10000	7ffe9f1a8980	2add	62187583a4a0	62187584fb90	62187313a490	9c0000	b30	10000	0
37.772120	734c1	1c591	45d8	10	dcca7d	6218757ef910	155e	10000	7ffe9f1a8980	2add	62187583a4a0	62187584fb90	62187213a490	dc0000	dc0000	10000	f92
37.783861	7353a	21889	45d8	11	1243e9c	6218757ef910	18f5	10000	7ffe9f1a8980	2add	62187583a4a0	62187584fb90	621870efa490	1250000	1250000	10000	d01
37.794811	73519	ce65	45d8	f	168649d	6218757ef910	a9f	10000	7ffe9f1a8980	2add	62187583a4a0	62187584fb90	62186fdfa490	1690000	1690000	10000	a9d
37.808446	73519	5c89	45d8	e	4b63ff	6218757ef910	529	10000	7ffe9f1a8980	2add	62187583a4a0	62187584fb90	62187453a490	4c0000	4c0000	10000	14a2
37.819830	a551e	62188670e690	2	0	2	0	2941babb6baa9d75	2	7ffe9f1a87b8	2	62188670e690	62188d99fc20	0	6218580e54a0	2	2941babb6baa9d75	621884ff0d70
37.825780	1acbacc64870	0	7ce404e1ac80	ab81	15a01	62188dd60600	3	ab74	7ffe9f1a8870	0	62188dd55a90	6218843aa500	7ce404e1ace0	ffffffffffffffa0	ab80	62187578a010	ab6
37.838658	73519	44fb	45d8	e	fc335c	6218757ef910	3f0	10000	7ffe9f1a8980	2add	62187583a4a0	62187584fb90	6218718fa490	fd0000	fd0000	10000	e69
37.851123	7353a	e3	45d8	7	1471e76	6218757ef910	17	10000	7ffe9f1a8980	2add	62187583a4a0	62187584fb90	62187063a490	1480000	1480000	10000	bc6
37.859855	73519	227cf	45d8	11	c2076	6218757ef910	1993	10000	7ffe9f1a8980	2add	62187583a4a0	62187584fb90	6218754fa490	d0000	d0000	10000	16d9
37.870266	73515	df3	45d8	b	4db87b	6218757ef910	ec	10000	7ffe9f1a8980	2add	62187583a4a0	62187584fb90	6218744ba490	4e0000	4e0000	10000	1490
37.879748	734d9	6218777894e0	45d8	11	86ad89	6218757ef910	2611	10000	7ffe9f1a8980	2add	62187583a4a0	62187584fb90	6218736fa490	850000	850000	10000	12a1
37.893315	73519	2ac6b	45d8	11	d79a44	6218757ef910	1f0f	10000	7ffe9f1a8980	2add	62187583a4a0	62187584fb90	62187223a490	d80000	d80000	10000	fb6
37.907081	84b63	5b	7ffe9f1a88d0	5b	62188dec7340	62188dec59b0	2f	80	7ffe9f1a8850	62188ae49570	62188465c0e0	62188bd4b6b0	48b79d109586ff7c	7ffe9f1a8868	62188465c0f0	22a4	6218580ea2a8
37.913707	73510	1e313	45d8	10	153c038	6218757ef910	16ad	10000	7ffe9f1a8980	2add	62187583a4a0	62187584fb90	62187033a490	1540000	1540000	10000	b5a
37.928671	73519	351af	45d8	11	3c3132	6218757ef910	25cc	10000	7ffe9f1a8980	2add	62187583a4a0	62187584fb90	6218748fa490	3d0000	3d0000	10000	1529
37.942471	734d9	6218777894e0	45d8	10	8f8af5	6218757ef910	13e5	10000	7ffe9f1a8980	2add	62187583a4a0	62187584fb90	62187347a490	8f0000	8f0000	10000	1247
37.951578	84b22	6a	7ffe9f1a8a30	69	62188dfa89c0	62188df869f0	2f	80	7ffe9f1a8880	621875d9ae40	2	1f725	0	7ffe9f1a8898	6218760a1670	22a4	6218580ea2a8
37.963479	7353a	26b67	45d8	11	f6f37f	6218757ef910	1c49	10000	7ffe9f1a8980	2add	62187583a4a0	62187584fb90	621871a7a490	f70000	f70000	10000	e9f
37.974700	1acbacd60b8a	621875828d30	45d8	fe90	11760	6218757fbd60	62187582a600	ba28	7ffe9f1a8978	621875828d30	62188a37dbe0	62188de4da18	d	1330000	1330000	10000	c83
37.985541	72b92	ffffffffffffddad	32db5	32db5	fffffffffffd0318	253d3	2456	4f6e4	7ffe9f1a8980	32db5	0	1f725	fb92f72d72074870	2456	800000000000077e	6e64d3395e0bbe3d	2add
37.994267	7353a	2a45d	45d8	11	3077b5	6218757ef910	1eba	10000	7ffe9f1a8980	2add	62187583a4a0	62187584fb90	621874bfa490	310000	310000	10000	1595
38.005541	747dd	0	1	6218813e8d00	2	6218813e8c28	69	62188e08c3e0	7ffe9f1a8980	62187e0ebda0	68	0	22a4	6218813e8bf0	b	68	6218813e8bf8
38.010931	73519	1aac5	45d8	10	8c6217	6218757ef910	1435	10000	7ffe9f1a8980	2add	62187583a4a0	62187584fb90	6218734fa490	8d0000	8d0000	10000	1259
38.025260	73519	a3	45d8	7	c597ed	6218757ef910	11	10000	7ffe9f1a8980	2add	62187583a4a0	62187584fb90	6218726ba490	c60000	c60000	10000	1058
38.039481	73519	b609	45d8	f	1127cd7	6218757ef910	97f	10000	7ffe9f1a8980	2add	62187583a4a0	62187584fb90	62187137a490	1130000	1130000	10000	da3
38.051628	73521	1fac9	45d8	10	1549ec3	6218757ef910	17b5	10000	7ffe9f1a8980	2add	62187583a4a0	62187584fb90	62187033a490	1540000	1540000	10000	b5a
38.066476	73f5a	2add	621875794ab0	9fe5	6ec9	b4e3	393bd3	62188e1a9210	7ffe9f1a8980	b4e3	970	621884009a40	48b79d109586ff7c	2add	3e	971	4a
38.071693	73519	15c95	45d8	10	57d953	6218757ef910	10e7	10000	7ffe9f1a8980	2add	62187583a4a0	62187584fb90	62187423a490	580000	580000	10000	1436
38.080460	73519	231b5	45d8	11	893e0e	6218757ef910	19f2	10000	7ffe9f1a8980	2add	62187583a4a0	62187584fb90	6218735ba490	8a0000	8a0000	10000	1274
38.095037	7359a	6218757fa490	2d40	11	e40f87	6218757ef910	2add	10000	7ffe9f1a8980	2add	62187583a4a0	62187584fb90	621871f7a490	e30000	2d3c	10000	0
38.107048	73519	c73	45d8	b	12ef65f	6218757ef910	d4	10000	7ffe9f1a8980	2add	62187583a4a0	62187584fb90	621870c7a490	12f0000	12f0000	10000	ca7
38.116580	73519	347	45d8	9	169bab8	6218757ef910	4b	10000	7ffe9f1a8980	2add	62187583a4a0	62187584fb90	62186fdba490	16a0000	16a0000	10000	a94
38.123600	73519	cb9	45d8	b	249839	6218757ef910	da	10000	7ffe9f1a8980	2add	62187583a4a0	62187584fb90	621874efa490	250000	250000	10000	1601
38.131608	73519	2bb55	45d8	11	525eee	6218757ef910	1fc1	10000	7ffe9f1a8980	2add	62187583a4a0	62187584fb90	62187437a490	530000	530000	10000	1463
38.144469	73519	632f	45d8	e	a249ac	6218757ef910	576	10000	7ffe9f1a8980	2add	62187583a4a0	62187584fb90	621872f7a490	a30000	a30000	10000	1193
38.158872	1acbacc639e8	62187a971510	7ce404e1ac80	62187dda3e80	7ce404e1ad70	7ce404e1ad60	7ce404e1ac80	81	7ffe9f1a8730	62188c9815d0	62188c9815d0	62187c4c6a20	48b79d109586ff7c	62188c9815c0	90	9	50
38.164350	7498d	62187d0d2390	13	2	7	0	621884c6ab50	22a5	7ffe9f1a8980	1	621884c6aa90	62187d0d25a8	62187647f2ff	17	b	f	62188e387ae0
38.173420	1acbaccda97b	62188e423000	62188e423000	7ce404d1a97b	0	7ce404e1ac80	62188e423000	7ce404e22218	7ffe9f1a87c8	0	0	62188e3f8000	206	62188e3f8000	62188e3f7a70	1000	aba0
38.187264	7353a	a301	45d8	f	341150	6218757ef910	898	10000	7ffe9f1a8980	2add	62187583a4a0	62187584fb90	621874afa490	350000	350000	10000	1571
38.201335	734d9	6218777894e0	45d8	11	8c989b	6218757ef910	2165	10000	7ffe9f1a8980	2add	62187583a4a0	62187584fb90	6218735ba490	8a0000	8a0000	10000	1274
38.212725	7353a	ad	45d8	7	cdb143	6218757ef910	13	10000	7ffe9f1a8980	2add	62187583a4a0	62187584fb90	6218724ba490	ce0000	ce0000	10000	1010
38.223528	7353a	1663f	45d8	10	10b8b16	6218757ef910	114e	10000	7ffe9f1a8980	2add	62187583a4a0	62187584fb90	62187153a490	10c0000	10c0000	10000	de2
38.232007	73519	9805	45d8	f	13c5bd1	6218757ef910	80a	10000	7ffe9f1a8980	2add	62187583a4a0	62187584fb90	6218708fa490	13d0000	13d0000	10000	c29
38.245086	73587	6218757fa490	5684	11	195e90	6218757ef910	2add	10000	7ffe9f1a8980	2add	62187583a4a0	62187584fb90	62187523a490	180000	5680	10000	0
38.259044	84a97	62188e5fab20	3c4d	62187851c578	1	62188e5fa440	1f	23	7ffe9f1a8850	62188c2a9230	621877ce9a10	62187851c570	48b79d109586ff7c	7ffe9f1a8868	24	22a4	6218580ea2a8
38.270288	84a9f	62188e63f110	24a	62188c8be428	1	62188e63eb30	1f	25	7ffe9f1a8850	6218889c1660	62188bd96ec0	62188c8be420	48b79d109586ff7c	7ffe9f1a8868	25	22a4	6218580ea2a8
38.282823	7353a	d355	45d8	f	fd4aa3	6218757ef910	ad4	10000	7ffe9f1a8980	2add	62187583a4a0	62187584fb90	6218718ba490	fe0000	fe0000	10000	e60
38.294429	73519	25c39	45d8	11	149d554	6218757ef910	1ba9	10000	7ffe9f1a8980	2add	62187583a4a0	62187584fb90	6218705ba490	14a0000	14a0000	10000	bb4
38.300077	7357f	5e5c	5e58	11	170ad52	6218757ef910	2add	10000	7ffe9f1a8980	2add	62187583a4a0	62187584fb90	62186fcfa490	16d0000	5e58	10000	0
38.306016	73519	2227d	45d8	11	1b8b61	6218757ef910	1958	10000	7ffe9f1a8980	2add	62187583a4a0	62187584fb90	62187513a490	1c0000	1c0000	10000	1652
38.320732	73519	a75	45d8	b	797c13	6218757ef910	b9	10000	7ffe9f1a8980	2add	62187583a4a0	62187584fb90	6218739ba490	7a0000	7a0000	10000	1304
38.332564	73519	2eee5	45d8	11	bf870c	6218757ef910	21d6	10000	7ffe9f1a8980	2add	62187583a4a0	62187584fb90	62187283a490	c00000	c00000	10000	108e
38.338750	73536	2f7d	45d8	d	e49c70	6218757ef910	2c6	10000	7ffe9f1a8980	2add	62187583a4a0	62187584fb90	621871efa490	e50000	e50000	10000	f41
38.345788	734f5	2add	45d8	11	10f2dfa	6218757ef910	26e5	10000	7ffe9f1a8980	2add	62187583a4a0	62187584fb90	62187147a490	10f0000	10f0000	10000	dc7
38.354627	7353a	623	45d8	a	1464800	6218757ef910	7c	10000	7ffe9f1a8980	2add	62187583a4a0	62187584fb90	62187067a490	1470000	1470000	10000	bcf
38.363731	7358d	6218757fa490	f594	11	3217e	6218757ef910	2add	10000	7ffe9f1a8980	2add	62187583a4a0	62187584fb90	62187577a490	30000	f590	10000	0
38.372365	7353a	43	45d8	6	374a54	6218757ef910	8	10000	7ffe9f1a8980	2add	62187583a4a0	62187584fb90	621874a3a490	380000	380000	10000	1556
38.383929	73536	34979	45d8	11	7eb017	6218757ef910	2574	10000	7ffe9f1a8980	2add	62187583a4a0	62187584fb90	62187387a490	7f0000	7f0000	10000	12d7
38.391507	73519	23c6f	45d8	11	acc2a2	6218757ef910	1a6e	10000	7ffe9f1a8980	2add	62187583a4a0	62187584fb90	621872cfa490	ad0000	ad0000	10000	1139
38.405557	7356f	1111	9a9c	621884436520	10684d2	6218757ef910	2add	0	7ffe9f1a8980	2add	62187583a4a0	62187584fb90	62187173a490	1040000	9a98	10000	1
38.414811	747dd	1	1	62187b6b86d0	2	62187b6b85f8	63	62188e8e1060	7ffe9f1a8980	62187f831bf0	63	0	22a4	62187b6b85c0	b	68	62187b6b85c8
38.424354	74c1f	7ce404e3f010	62188e9103b0	63fc	621eaf18131e	62187578a010	7	22a5	7ffe9f1a8980	62188e90ee50	62188e9103b0	62187586e310	48b79d109586ff7c	cb	8	2154	100
38.437621	734d4	6218777894e0	45d8	11	46b0fa	6218757ef910	28fc	10000	7ffe9f1a8980	2add	62187583a4a0	62187584fb90	62187473a490	440000	440000	10000	14ea
38.446729	734f5	2add	45d8	11	79ac56	6218757ef910	224a	10000	7ffe9f1a8980	2add	62187583a4a0	62187584fb90	621873a3a490	780000	780000	10000	1316
38.453925	73519	9a57	45d8	f	a22af5	6218757ef910	826	10000	7ffe9f1a8980	2add	62187583a4a0	62187584fb90	621872f7a490	a30000	a30000	10000	1193
38.466758	7353a	4e1	45d8	a	f31238	6218757ef910	66	10000	7ffe9f1a8980	2add	62187583a4a0	62187584fb90	621871b3a490	f40000	f40000	10000	eba
38.473773	7353a	509	45d8	a	1117a9d	6218757ef910	68	10000	7ffe9f1a8980	2add	62187583a4a0	62187584fb90	6218713ba490	1120000	1120000	10000	dac
38.482468	73519	1cf8d	45d8	10	1481cf5	6218757ef910	15d2	10000	7ffe9f1a8980	2add	62187583a4a0	62187584fb90	6218705fa490	1490000	1490000	10000	bbd
38.497493	7353a	21bcf	45d8	11	31db95	6218757ef910	1912	10000	7ffe9f1a8980	2add	62187583a4a0	62187584fb90	621874bba490	320000	320000	10000	158c
38.511429	7353a	e3	45d8	7	74bd39	6218757ef910	17	10000	7ffe9f1a8980	2add	62187583a4a0	62187584fb90	621873afa490	750000	750000	10000	1331
38.518073	734c1	3b5d5	45d8	11	9f5843	6218757ef910	29b9	10000	7ffe9f1a8980	2add	62187583a4a0	62187584fb90	6218730fa490	9d0000	9d0000	10000	11c9
38.526883	73536	8a35	45d8	f	d3cc2f	6218757ef910	766	10000	7ffe9f1a8980	2add	62187583a4a0	62187584fb90	62187233a490	d40000	d40000	10000	fda
38.538837	1acbacd60b8a	6218758118e0	5d14	4850	17450	62187580d090	6218758244e0	5d14	7ffe9f1a8978	6218758118e0	62187583a4a0	62187584fb90	6218711ba490	11b0000	11b0000	10000	d5b
38.550349	1acbacc6320b	20e31	7ce404e1ac80	62188ebaf650	ab81	62188ebba1d0	7ce404e1ac80	ab80	7ffe9f1a8800	0	0	62188ebb0000	206	9b0	62188ebaf650	1000	aba0
38.563116	7353a	1c9c7	45d8	10	345bc8	6218757ef910	1593	10000	7ffe9f1a8980	2add	62187583a4a0	62187584fb90	621874afa490	350000	350000	10000	1571
38.573027	734c5	4dc9	45d8	e	710ef9	6218757ef910	465	10000	7ffe9f1a8980	2add	62187583a4a0	62187584fb90	621873bfa490	710000	710000	10000	1355
38.586312	73587	6218757fa490	28ac	11	b0c37b	6218757ef910	2add	10000	7ffe9f1a8980	2add	62187583a4a0	62187584fb90	621872c7a490	af0000	28a8	10000	0
38.597670	7353a	fb	45d8	7	f5f380	6218757ef910	1a	10000	7ffe9f1a8980	2add	62187583a4a0	62187584fb90	621871aba490	f60000	f60000	10000	ea8
38.604048	73573	e24	e20	11	11f628c	6218757ef910	2add	10000	7ffe9f1a8980	2add	62187583a4a0	62187584fb90	6218710fa490	11d0000	e1c	10000	0
38.612607	73f0e	4aa	621875794ab0	62187779ebd0	19ed	0	0	62188eccb770	7ffe9f1a8980	5273	4a9	621888028a90	48b79d109586ff7c	2add	4d	4aa	5a
38.620447	7353a	95	45d8	7	bb6ea	6218757ef910	f	10000	7ffe9f1a8980	2add	62187583a4a0	62187584fb90	62187553a490	c0000	c0000	10000	16e2
38.626554	73519	6d	45d8	6	31cde8	6218757ef910	b	10000	7ffe9f1a8980	2add	62187583a4a0	62187584fb90	621874bba490	320000	320000	10000	158c
38.638405	73519	3af3	45d8	d	7ae8d5	6218757ef910	36c	10000	7ffe9f1a8980	2add	62187583a4a0	62187584fb90	62187397a490	7b0000	7b0000	10000	12fb
38.653281	735a3	1111	8f28	11	ddc81f	6218757ef910	2add	10000	7ffe9f1a8980	2add	62187583a4a0	62187584fb90	62187217a490	db0000	8f24	10000	0
38.666949	73f2d	2add	621875794ab0	59ae	531f	0	0	62188edb2580	7ffe9f1a8980	5dc1	53d	62187578bb60	48b79d109586ff7c	2add	4b	53e	57
38.680431	73519	e2f3	45d8	f	8bb12	6218757ef910	b7a	10000	7ffe9f1a8980	2add	62187583a4a0	62187584fb90	6218755fa490	90000	90000	10000	16fd
38.692884	747be	2	0	62188e201420	1	62188e201390	ff	62188ee21620	7ffe9f1a8980	62187ae96cd0	62188e201378	6	22a5	62188e201370	7	68	62188e201378
38.700795	73519	6d	45d8	6	7fe9ab	6218757ef910	b	10000	7ffe9f1a8980	2add	62187583a4a0	62187584fb90	62187383a490	800000	800000	10000	12ce
38.713696	7353a	19583	45d8	10	c9300b	6218757ef910	134c	10000	7ffe9f1a8980	2add	62187583a4a0	62187584fb90	6218725ba490	ca0000	ca0000	10000	1034
38.725200	73f54	2add	621875794ab0	6df1	ff9226	ec0b	ff67e7	62188ee8f7e0	7ffe9f1a8980	ec0b	bf6	621887631cd0	48b79d109586ff7c	2add	2b	bf7	37
38.735111	7353a	745	45d8	a	13dac2e	6218757ef910	8a	10000	7ffe9f1a8980	2add	62187583a4a0	62187584fb90	6218708ba490	13e0000	13e0000	10000	c20
38.749901	73519	16ec5	45d8	10	28c946	6218757ef910	11aa	10000	7ffe9f1a8980	2add	62187583a4a0	62187584fb90	621874dfa490	290000	290000	10000	15dd
38.759480	73519	270eb	45d8	11	65b43f	6218757ef910	1c7d	10000	7ffe9f1a8980	2add	62187583a4a0	62187584fb90	621873eba490	660000	660000	10000	13b8
38.770841	7359a	6218757fa490	8670	621884436520	a4cc7d	6218757ef910	2add	0	7ffe9f1a8980	2add	62187583a4a0	62187584fb90	621872fba490	a20000	866c	10000	1
38.780413	73519	1cd	45d8	8	dae6ce	6218757ef910	2c	10000	7ffe9f1a8980	2add	62187583a4a0	62187584fb90	62187217a490	db0000	db0000	10000	f9b
38.793003	734c8	109d	45d8	c	12503de	6218757ef910	111	10000	7ffe9f1a8980	2add	62187583a4a0	62187584fb90	621870efa490	1250000	1250000	10000	d01
38.805013	a535a	33867d429f499e2a	34ad7	0	25a19	ffffffffffff565c	9df052dbe90c535f	17902	7ffe9f1a8978	34ad7	a9a3	1f725	fb92f72d72074870	2584	7fffffffffff565c	620fad2416f3aca1	2add
38.817539	73596	6218757fa490	178c	11	472df3	6218757ef910	2add	10000	7ffe9f1a8980	2add	62187583a4a0	62187584fb90	62187467a490	470000	1788	10000	0
38.823724	73519	521f	45d8	e	6cabb4	6218757ef910	4a5	10000	7ffe9f1a8980	2add	62187583a4a0	62187584fb90	621873cfa490	6d0000	6d0000	10000	1379
38.830971	73519	83	45d8	7	9720e9	6218757ef910	d	10000	7ffe9f1a8980	2add	62187583a4a0	62187584fb90	62187323a490	980000	980000	10000	11f6
38.841388	73515	2fc7d	45d8	11	d65d99	6218757ef910	2263	10000	7ffe9f1a8980	2add	62187583a4a0	62187584fb90	62187227a490	d70000	d70000	10000	fbf
38.849538	73519	e917	45d8	f	fd5052	6218757ef910	bd5	10000	7ffe9f1a8980	2add	62187583a4a0	62187584fb90	6218718ba490	fe0000	fe0000	10000	e60
38.860979	1acbacd6110a	0	0	8cb8	62188f121940	0	62188f123800	7e	7ffe9f1a8978	0	62188f121940	6218839d9930	7ce404e1ace0	621884436530	6218757fa490	ab74	7e
38.874496	7353a	9ad	45d8	b	2342de	6218757ef910	ae	10000	7ffe9f1a8980	2add	62187583a4a0	62187584fb90	621874f3a490	240000	240000	10000	160a
38.884941	7359a	6218757fa490	3a90	11	66aa73	6218757ef910	2add	10000	7ffe9f1a8980	2add	62187583a4a0	62187584fb90	621873f7a490	630000	3a8c	10000	0
38.890456	7359a	6218757fa490	d6e0	11	852e9b	6218757ef910	2add	10000	7ffe9f1a8980	2add	62187583a4a0	62187584fb90	62187373a490	840000	d6dc	10000	0
38.900473	73519	1dcad	45d8	10	c41e90	6218757ef910	1667	10000	7ffe9f1a8980	2add	62187583a4a0	62187584fb90	6218726fa490	c50000	c50000	10000	1061
38.910437	73536	15e0b	45d8	10	101493a	6218757ef910	10f8	10000	7ffe9f1a8980	2add	62187583a4a0	62187584fb90	6218717ba490	1020000	1020000	10000	e3c
38.917285	7353a	295	45d8	9	12e1015	6218757ef910	3d	10000	7ffe9f1a8980	2add	62187583a4a0	62187584fb90	621870c7a490	12f0000	12f0000	10000	ca7
38.922513	734c5	1f7cb	45d8	10	14c1554	6218757ef910	1790	10000	7ffe9f1a8980	2add	62187583a4a0	62187584fb90	62187053a490	14c0000	14c0000	10000	ba2
38.936937	7357f	5dc0	5dbc	621884436520	33019f	6218757ef910	2add	0	7ffe9f1a8980	2add	62187583a4a0	62187584fb90	621874c3a490	300000	5dbc	10000	1
38.947958	747dd	1	7	6218889bc0a0	8	6218889bc058	67	62188f2a26d0	7ffe9f1a8980	62187a576f30	67	0	22a5	6218889bbf90	b	68	6218889bbf98
38.961495	7356f	1111	7b2c	11	c7c5e2	6218757ef910	2add	10000	7ffe9f1a8980	2add	62187583a4a0	62187584fb90	62187273a490	c40000	7b28	10000	0
38.967541	73519	2f	45d8	5	e9298a	6218757ef910	6	10000	7ffe9f1a8980	2add	62187583a4a0	62187584fb90	621871dba490	ea0000	ea0000	10000	f14
38.979438	73519	59ed	45d8	e	132651b	6218757ef910	509	10000	7ffe9f1a8980	2add	62187583a4a0	62187584fb90	621870b7a490	1330000	1330000	10000	c83
38.985607	734d9	6218777894e0	45d8	11	15a389d	6218757ef910	1cb9	10000	7ffe9f1a8980	2add	62187583a4a0	62187584fb90	6218701fa490	1590000	1590000	10000	b2d
38.991469	73519	511	45d8	a	bad14	6218757ef910	6a	10000	7ffe9f1a8980	2add	62187583a4a0	62187584fb90	62187553a490	c0000	c0000	10000	16e2
39.003343	7353a	afd5	45d8	f	508ce8	6218757ef910	933	10000	7ffe9f1a8980	2add	62187583a4a0	62187584fb90	6218743fa490	510000	510000	10000	1475
39.018369	7353a	1497b	45d8	10	abe7db	6218757ef910	101c	10000	7ffe9f1a8980	2add	62187583a4a0	62187584fb90	621872d3a490	ac0000	ac0000	10000	1142
39.031849	749f2	6218828a9420	14	0	a	3	6218828a9728	22a5	7ffe9f1a8980	4	6218828a9698	14	62187ff627f0	1b	6	0	62188f3fb9c0
39.044151	74b6e	62188f43e6c0	b	a0	7ce404e1ac80	0	7	0	7ffe9f1a8980	62188f43e6c0	62188f43e6c0	62188be59e70	48b79d109586ff7c	62188f44e06c	233	62188f458314	233
39.055990	7353a	2a095	45d8	11	17ce25	6218757ef910	1e8e	10000	7ffe9f1a8980	2add	62187583a4a0	62187584fb90	62187523a490	180000	180000	10000	1676
39.065962	73540	18d	45d8	8	5180c8	6218757ef910	27	10000	7ffe9f1a8980	2add	62187583a4a0	62187584fb90	6218743ba490	520000	520000	10000	146c
39.078702	73536	cb9	45d8	b	a1477f	6218757ef910	da	10000	7ffe9f1a8980	2add	62187583a4a0	62187584fb90	621872fba490	a20000	a20000	10000	119c
39.088766	73519	29	45d8	5	dfa9e1	6218757ef910	5	10000	7ffe9f1a8980	2add	62188d0b1940	62187584fb90	62187203a490	e00000	e00000	10000	f6e
39.102253	734c5	37757	45d8	11	1304326	6218757ef910	2747	10000	7ffe9f1a8980	2add	62187583a4a0	62187584fb90	621870c7a490	12f0000	12f0000	10000	ca7
39.115955	74b6e	62188f59c380	f	e0	7ce404e1ac80	0	7	0	7ffe9f1a8980	62188f59c380	62188f59c380	62187586e830	48b79d109586ff7c	62188f5acc7c	1827	62188f5b1754	1827
39.126899	7353a	1b7	45d8	8	4a69eb	6218757ef910	2b	10000	7ffe9f1a8980	2add	62187583a4a0	62187584fb90	62187457a490	4b0000	4b0000	10000	14ab
39.140650	73519	b087	45d8	f	a0bb57	6218757ef910	939	10000	7ffe9f1a8980	2add	62187583a4a0	62187584fb90	621872ffa490	a10000	a10000	10000	11a5
39.151990	7353a	185	45d8	8	e32350	6218757ef910	26	10000	7ffe9f1a8980	2add	62187583a4a0	62187584fb90	621871f3a490	e40000	e40000	10000	f4a
39.157610	734cf	26d29	45d8	11	1042b5a	6218757ef910	1c5a	10000	7ffe9f1a8980	2add	62187583a4a0	62187584fb90	62187173a490	1040000	1040000	10000	e2a
39.169194	734cf	21889	45d8	11	146fb63	6218757ef910	18f6	10000	7ffe9f1a8980	2add	62187583a4a0	62187584fb90	6218706ba490	1460000	1460000	10000	bd8
39.176725	734db	6218777894e0	45d8	e	33cbd	6218757ef910	65f	10000	7ffe9f1a8980	2add	62187583a4a0	62187584fb90	62187577a490	30000	30000	10000	1733
39.185244	75afc	c	62188c625110	62187fd3c0b0	7	62188c6251f8	62188c625200	8	7ffe9f1a8980	0	62188f6d9450	62188bfe9b00	7ce404e1ace0	7	3	62188c6250c0	7ce404da0880
39.195930	1acbacc6421e	50	7ce404e1ac80	22	7ce404e1ace0	200	2	7ce404e1ad60	7ffe9f1a8780	0	0	62188f5a6990	7ce404e1ace0	ffffffffffffffa0	210	62187578a010	1f
39.207544	73536	36eb7	45d8	11	c27fff	6218757ef910	26f2	10000	7ffe9f1a8980	2add	62187583a4a0	62187584fb90	62187277a490	c30000	c30000	10000	1073
39.215212	73519	1cf	45d8	8	f2ed10	6218757ef910	2d	10000	7ffe9f1a8980	2add	62187583a4a0	62187584fb90	621871b7a490	f30000	f30000	10000	ec3
39.220967	73f5a	2add	621875794ab0	16551	c40	33f41	1140095	62188f7670f0	7ffe9f1a8980	33f41	250c	621876711c70	48b79d109586ff7c	2add	9	250d	19
39.234490	7353a	a1f	45d8	b	16a94be	6218757ef910	b4	10000	7ffe9f1a8980	2add	62187583a4a0	62187584fb90	62186fd7a490	16b0000	16b0000	10000	a8b
39.240190	7353a	17f	45d8	8	1b9ef3	6218757ef910	25	10000	7ffe9f1a8980	2add	62187583a4a0	62187584fb90	62187513a490	1c0000	1c0000	10000	1652
39.248178	1acbacc639de	62188dbb00a0	7ce404e1ac80	62188d799390	7ce404e1ad70	7ce404e1ad60	7ce404e1ac80	81	7ffe9f1a8730	62188e9119e0	62188e9119e0	62188322b160	48b79d109586ff7c	62188e9119d0	90	9	50
39.259046	73519	f1	45d8	7	8c817c	6218757ef910	19	10000	7ffe9f1a8980	2add	62187583a4a0	62187584fb90	6218734fa490	8d0000	8d0000	10000	1259
39.266189	1acbacd60b8a	621875828d30	45d8	7c30	11760	621875803fc0	621875832860	ba28	7ffe9f1a8978	621875828d30	ffffffffec3eb040	621881c44e48	10	b90000	b90000	10000	10cd
39.279041	73519	aa8d	45d8	f	106d12b	6218757ef910	8f3	10000	7ffe9f1a8980	2add	62187583a4a0	62187584fb90	62187167a490	1070000	1070000	10000	e0f
39.291796	73519	21d0f	45d8	11	1543f82	6218757ef910	191e	10000	7ffe9f1a8980	2add	62187583a4a0	62187584fb90	6218702fa490	1550000	1550000	10000	b51
39.306847	73519	35	45d8	5	2bf291	6218757ef910	7	10000	7ffe9f1a8980	2add	62187583a4a0	62187584fb90	621874d3a490	2c0000	2c0000	10000	15c2
39.320802	734cf	2d98b	45d8	11	7f0c22	6218757ef910	2103	10000	7ffe9f1a8980	2add	62187583a4a0	62187584fb90	6218738ba490	7e0000	7e0000	10000	12e0
39.331289	7353a	10a3	45d8	c	b54338	6218757ef910	111	10000	7ffe9f1a8980	2add	62187583a4a0	62187584fb90	621872aba490	b60000	b60000	10000	10e8
39.336730	7353a	21d	45d8	9	d7a8e1	6218757ef910	34	10000	7ffe9f1a8980	2add	62187583a4a0	62187584fb90	62187223a490	d80000	d80000	10000	fb6
39.345550	73519	757	45d8	a	10da3c5	6218757ef910	8d	10000	7ffe9f1a8980	2add	62187583a4a0	62187584fb90	6218714ba490	10e0000	10e0000	10000	dd0
39.351867	734c1	3233b	45d8	11	1332789	6218757ef910	23e3	10000	7ffe9f1a8980	2add	62187583a4a0	62187584fb90	621870b7a490	1330000	1330000	10000	c83
39.360623	73573	7f24	7f20	11	165a05d	6218757ef910	2add	10000	7ffe9f1a8980	2add	62187583a4a0	62187584fb90	62186fefa490	1650000	7f1c	10000	0
39.368900	7352d	bb27	45d8	f	291ca2	6218757ef910	9b8	10000	7ffe9f1a8980	2add	62187583a4a0	62187584fb90	621874dfa490	290000	290000	10000	15dd
39.375820	7351c	43	45d8	6	48bf31	6218757ef910	8	10000	7ffe9f1a8980	2add	62187583a4a0	62187584fb90	6218745fa490	490000	490000	10000	14bd
39.390703	7353a	29	45d8	5	918e0d	6218757ef910	5	10000	7ffe9f1a8980	2add	62187583a4a0	62187584fb90	6218733ba490	920000	920000	10000	122c
39.396376	7353a	39a4f	45d8	11	b1a26b	6218757ef910	28a1	10000	7ffe9f1a8980	2add	62187583a4a0	62187584fb90	621872bba490	b20000	b20000	10000	110c
39.403667	73519	dd5	45d8	b	e1be08	6218757ef910	ea	10000	7ffe9f1a8980	2add	62187583a4a0	62187584fb90	621871fba490	e20000	e20000	10000	f5c
39.412287	73519	265	45d8	9	116b607	6218757ef910	39	10000	7ffe9f1a8980	2add	62187583a4a0	62187584fb90	62187127a490	1170000	1170000	10000	d7f
39.418152	7353a	2f	45d8	5	13aca0d	6218757ef910	6	10000	7ffe9f1a8980	2add	62187583a4a0	62187584fb90	62187097a490	13b0000	13b0000	10000	c3b
39.424837	73519	11abf	45d8	10	164461c	6218757ef910	e1b	10000	7ffe9f1a8980	2add	62187583a4a0	62187584fb90	62186fefa490	1650000	1650000	10000	ac1
39.434806	7353a	29	45d8	5	2f89ca	6218757ef910	5	10000	7ffe9f1a8980	2add	62187583a4a0	62187584fb90	621874c3a490	300000	300000	10000	159e
39.447994	73519	c203	45d8	f	84aa4b	6218757ef910	a06	10000	7ffe9f1a8980	2add	62187583a4a0	62187584fb90	6218736fa490	850000	850000	10000	12a1
39.456913	73540	35	45d8	5	bdcd32	6218757ef910	7	10000	7ffe9f1a8980	2add	62187583a4a0	62187584fb90	6218728ba490	be0000	be0000	10000	10a0
39.466695	73515	1cbc5	45d8	10	f91154	6218757ef910	15aa	10000	7ffe9f1a8980	2add	62187583a4a0	62187584fb90	6218719ba490	fa0000	fa0000	10000	e84
39.477726	73519	13fbd	45d8	10	13dd3e5	6218757ef910	fb3	10000	7ffe9f1a8980	2add	62187583a4a0	62187584fb90	6218708ba490	13e0000	13e0000	10000	c20
39.484250	73f39	2add	621875794ab0	23ef	6218757af8f0	56f3	0	62188fc34bf0	7ffe9f1a8980	569b	4e2	62188c38bf30	48b79d109586ff7c	2add	1e	4e3	2d
39.490292	73f57	2add	621875794ab0	13a6a	9987	1ae99	142f2c	62188fc3d630	7ffe9f1a8980	1ae99	1454	62188ae49570	48b79d109586ff7c	2add	6	1455	15
39.501371	73519	28363	45d8	11	5b69df	6218757ef910	1d4f	10000	7ffe9f1a8980	2add	62187583a4a0	62187584fb90	62187413a490	5c0000	5c0000	10000	1412
39.510237	84828	621879bc81d0	ee5ae40e90e1fffd	3f	621887f264bc	6218580ea0b0	7ffe9f1a8878	1	7ffe9f1a8870	6e5ae40e90e1fffd	3c	140	48b79d109586ff7c	621887f26504	0	140	621887f264c0
39.522384	73f3d	2add	621875794ab0	9f47	6218757af8f0	a5e9	18b02	62188fc83b00	7ffe9f1a8980	a5cb	8c2	62188f116ae0	48b79d109586ff7c	2add	1c	8c3	2b
39.534410	73519	3b783	45d8	11	130652f	6218757ef910	29ca	10000	7ffe9f1a8980	2add	62187583a4a0	62187584fb90	621870bfa490	1310000	1310000	10000	c95
39.542265	7352d	1fa11	45d8	10	160b7b7	6218757ef910	17ad	10000	7ffe9f1a8980	2add	62187583a4a0	62187584fb90	62187007a490	15f0000	15f0000	10000	af7
39.553358	7353a	2b6e1	45d8	11	3152fe	6218757ef910	1f8b	10000	7ffe9f1a8980	2add	62187583a4a0	62187584fb90	621874bba490	320000	320000	10000	158c
39.565554	73515	c4eb	45d8	f	7c4768	6218757ef910	a25	10000	7ffe9f1a8980	2add	62187583a4a0	62187584fb90	6218738fa490	7d0000	7d0000	10000	12e9
39.575575	73519	19501	45d8	10	bb9669	6218757ef910	1346	10000	7ffe9f1a8980	2add	62187583a4a0	62187584fb90	62187293a490	bc0000	bc0000	10000	10b2
39.586277	73519	61	45d8	6	feacdf	6218757ef910	9	10000	7ffe9f1a8980	2add	62187583a4a0	62187584fb90	62187187a490	ff0000	ff0000	10000	e57
39.593244	73519	cb3	45d8	b	127c595	6218757ef910	d9	10000	7ffe9f1a8980	2add	62187583a4a0	62187584fb90	621870e3a490	1280000	1280000	10000	ce6
39.608199	73519	95	45d8	7	152847	6218757ef910	f	10000	7ffe9f1a8980	2add	62187583a4a0	62187584fb90	6218752ba490	160000	160000	10000	1688
39.623132	73519	a7	45d8	7	739b5b	6218757ef910	12	10000	7ffe9f1a8980	2add	62187583a4a0	62187584fb90	621873b3a490	740000	740000	10000	133a
39.630324	73519	1f04b	45d8	10	a2c90d	6218757ef910	173f	10000	7ffe9f1a8980	2add	62187583a4a0	62187584fb90	621872f7a490	a30000	a30000	10000	1193
39.643557	73519	6d	45d8	6	f8da74	6218757ef910	b	10000	7ffe9f1a8980	2add	62187583a4a0	62187584fb90	6218719fa490	f90000	f90000	10000	e8d
39.654037	7353a	26b37	45d8	11	1391d79	6218757ef910	1c48	10000	7ffe9f1a8980	2add	62187583a4a0	62187584fb90	6218709ba490	13a0000	13a0000	10000	c44
39.663857	7353a	191	45d8	8	5b418	6218757ef910	28	10000	7ffe9f1a8980	2add	62187583a4a0	62187584fb90	6218756ba490	60000	60000	10000	1718
39.675932	73519	252e5	45d8	11	51a845	6218757ef910	1b46	10000	7ffe9f1a8980	2add	62187583a4a0	62187584fb90	6218743ba490	520000	520000	10000	146c
39.681835	7353a	29	45d8	5	7208bb	6218757ef910	5	10000	7ffe9f1a8980	2add	62187583a4a0	62187584fb90	621873b7a490	730000	730000	10000	1343
39.692959	73587	6218757fa490	e4e8	11	b80787	6218757ef910	2add	10000	7ffe9f1a8980	2add	62187583a4a0	62187584fb90	621872aba490	b60000	e4e4	10000	0
39.703306	73521	17693	45d8	10	f80b12	6218757ef910	1208	10000	7ffe9f1a8980	2add	62187583a4a0	62187584fb90	621871a3a490	f80000	f80000	10000	e96
39.717472	1acbacc6277f	2	2	62188db6eed0	621877ce9a00	62187578a010	7	62188db6eec0	7ffe9f1a8830	62188db6eed0	621875871bb0	62188cd2ddf0	48b79d109586ff7c	7ce404e1ac80	0	62188db6eee0	62188db6eed0
39.722864	73519	1270d	45d8	10	5ee1	6218757ef910	e97	10000	7ffe9f1a8980	2add	62187583a4a0	62187584fb90	6218757fa490	10000	10000	10000	1745
39.729220	7359a	6218757fa490	22b0	11	21c0fb	6218757ef910	2add	10000	7ffe9f1a8980	2add	62187583a4a0	62187584fb90	621874ffa490	210000	22ac	10000	0
39.735916	73519	28bd7	45d8	11	4adacb	6218757ef910	1d9f	10000	7ffe9f1a8980	2add	62187583a4a0	62187584fb90	62187457a490	4b0000	4b0000	10000	14ab
39.742354	73519	23869	45d8	11	719163	6218757ef910	1a3d	10000	7ffe9f1a8980	2add	62187583a4a0	62187584fb90	621873bba490	720000	720000	10000	134c
39.754791	1acbacc65700	80	80	7ffe9f1a8950	80	80	621878eb6c70	1	7ffe9f1a88e8	7ffe9f1a8950	62188d732380	62188d732380	621881a057ff	621878eb6c70	40	7ffe9f1a8938	8
39.762671	7353a	565	45d8	a	ebb954	6218757ef910	6e	10000	7ffe9f1a8980	2add	62187583a4a0	62187584fb90	621871d3a490	ec0000	ec0000	10000	f02
39.770176	73edd	391	621875794ab0	62187779ebd0	29f8	0	0	6218900b78a0	7ffe9f1a8980	3d2d	390	6218851c04b0	48b79d109586ff7c	2add	3c	390	4a
39.776045	73519	df	45d8	7	13c8535	6218757ef910	16	10000	7ffe9f1a8980	2add	62187583a4a0	62187584fb90	6218708fa490	13d0000	13d0000	10000	c29
39.784587	73521	27f5f	777	11	16fd651	6218757ef910	1d1e	3601	7ffe9f1a8980	2add	62187583a4a0	62187584fb90	62186fc7a490	16e3601	16e3601	3601	a67
39.793478	7358d	6218757fa490	2748	11	32c182	6218757ef910	2add	10000	7ffe9f1a8980	2add	62187583a4a0	62187584fb90	621874bba490	320000	2744	10000	0
39.807430	73ecc	1eb6	621875794ab0	62187779ebd0	1b116	0	0	621890134d60	7ffe9f1a8980	2a3ad	1eb4	621887db9170	48b79d109586ff7c	2add	8	1eb5	19
39.821026	73519	2c3d1	45d8	11	d91c8e	6218757ef910	201c	10000	7ffe9f1a8980	2add	62187583a4a0	62187584fb90	6218721ba490	da0000	da0000	10000	fa4
39.826398	73540	665	45d8	a	f83024	6218757ef910	80	10000	7ffe9f1a8980	2add	62187583a4a0	62187584fb90	6218719fa490	f90000	f90000	10000	e8d
39.836556	73504	39ae5	45d8	11	13bc4a9	6218757ef910	28a7	10000	7ffe9f1a8980	2add	62187583a4a0	62187584fb90	6218709fa490	1390000	1390000	10000	c4d
39.845723	a5464	3fec	6218580e53d0	0	d25	0	1f74f589	59bd	7ffe9f1a8978	7dfb	621875868650	62188ffe1cc0	7ce404e1ace0	6c3	3	7dfb	47b2
39.860462	7357c	5e6c	5e68	621888851510	4f9432	6218757ef910	2add	0	7ffe9f1a8980	2add	62187583a4a0	62187584fb90	6218744fa490	4d0000	5e64	10000	1
39.870548	a552c	1bd2f5d1a66bfe8	2f	0	1e	0	51bbb217d8dd3bb6	2	7ffe9f1a87b8	2f	62188322b160	621881a738c0	0	6218580e54a0	2	51bbb217d8dd3bb6	62188bb18650
39.885295	73536	39ec9	45d8	11	e2f972	6218757ef910	28d5	10000	7ffe9f1a8980	2add	62187583a4a0	62187584fb90	621871f7a490	e30000	e30000	10000	f53
39.899144	7353a	149cf	45d8	10	1336703	6218757ef910	101f	10000	7ffe9f1a8980	2add	62187583a4a0	62187584fb90	621870b3a490	1340000	1340000	10000	c7a
39.904649	73519	c8b7	45d8	f	1569cf1	6218757ef910	a4e	10000	7ffe9f1a8980	2add	62187583a4a0	62187584fb90	62187027a490	1570000	1570000	10000	b3f
39.911970	73521	17671	45d8	10	1266f1	6218757ef910	1206	10000	7ffe9f1a8980	2add	62187583a4a0	62187584fb90	6218753ba490	120000	120000	10000	16ac
39.926268	7351c	1eb	45d8	8	67f40b	6218757ef910	30	10000	7ffe9f1a8980	2add	62187583a4a0	62187584fb90	621873e3a490	680000	680000	10000	13a6
39.937345	73519	22553	45d8	11	accb5e	6218757ef910	1979	10000	7ffe9f1a8980	2add	62187583a4a0	62187584fb90	621872cfa490	ad0000	ad0000	10000	1139
39.950466	73519	2f	45d8	5	ff9f39	6218757ef910	6	10000	7ffe9f1a8980	2add	62187583a4a0	62187584fb90	62187183a490	1000000	1000000	10000	e4e
39.962002	73542	7621	45d8	e	1450db3	6218757ef910	661	10000	7ffe9f1a8980	2add	62187583a4a0	62187584fb90	6218706fa490	1450000	1450000	10000	be1
39.968029	73515	c3c7	45d8	f	1693159	6218757ef910	a19	10000	7ffe9f1a8980	2add	62187583a4a0	62187584fb90	62186fdba490	16a0000	16a0000	10000	a94
39.982539	7359a	6218757fa490	7c40	11	53e47b	6218757ef910	2add	10000	7ffe9f1a8980	2add	62187583a4a0	62187584fb90	62187437a490	530000	7c3c	10000	0
39.994977	89520	621881965f20	7ffe9f1a8b20	5e	7ce404e1ac80	62187578a010	7	6218904e5270	7ffe9f1a8930	621881965f20	621881965f20	621881a738c0	48b79d109586ff7c	7ffe9f1a8938	5	5e	6218580ea4e8
40.001436	7359a	6218757fa490	76f0	11	c65411	6218757ef910	2add	10000	7ffe9f1a8980	2add	62187583a4a0	62187584fb90	62187277a490	c30000	76ec	10000	0
40.013563	7353a	29	45d8	5	10ac1cd	6218757ef910	5	10000	7ffe9f1a8980	2add	62187583a4a0	62187584fb90	62187157a490	10b0000	10b0000	10000	deb
40.027821	734c5	30d43	45d8	11	1608937	6218757ef910	230b	10000	7ffe9f1a8980	2add	62187583a4a0	62187584fb90	62187003a490	1600000	1600000	10000	aee
40.039915	1acbacd6110a	0	0	4e78	621890657300	0	62189065d000	7d	7ffe9f1a8978	0	621890657300	62188e122d10	7ce404e1ace0	621888851518	6218757fa490	ab74	7d
40.048158	73501	d355	45d8	f	6c62a0	6218757ef910	ad4	10000	7ffe9f1a8980	2add	62187583a4a0	62187584fb90	621873d3a490	6c0000	6c0000	10000	1382
40.055888	734e3	2add	45d8	11	9bf584	6218757ef910	2777	10000	7ffe9f1a8980	2add	62187583a4a0	62187584fb90	6218731fa490	990000	990000	10000	11ed
40.062667	7353a	27397	45d8	11	c07443	6218757ef910	1c96	10000	7ffe9f1a8980	2add	62187583a4a0	62187584fb90	6218727fa490	c10000	c10000	10000	1085
40.068131	733f0	9cc	804	1745	804	621871efa490	e40000	10	7ffe9f1a8980	621890224600	62188207be70	621886705b78	12	e50000	e50000	10000	f41
40.076332	73519	1230b	45d8	10	116cf08	6218757ef910	e6a	10000	7ffe9f1a8980	2add	62187583a4a0	62187584fb90	62187127a490	1170000	1170000	10000	d7f
40.085577	7353a	bd5f	45d8	f	15026c6	6218757ef910	9d2	10000	7ffe9f1a8980	2add	62187583a4a0	62187584fb90	6218703fa490	1510000	1510000	10000	b75
40.091508	84746	62188e8e6640	3	3c	6218906ea870	6218580ea0b0	7ffe9f1a8848	0	7ffe9f1a8840	3c	20	1fc	7ce404e1ace0	6218906ea980	0	1fc	6218906ea780
40.102558	7353a	28205	45d8	11	3c838a	6218757ef910	1d3c	10000	7ffe9f1a8980	2add	62187583a4a0	62187584fb90	6218748fa490	3d0000	3d0000	10000	1529
40.109778	73540	43	45d8	6	6a05f2	6218757ef910	8	10000	7ffe9f1a8980	2add	62187583a4a0	62187584fb90	621873d7a490	6b0000	6b0000	10000	138b
40.121245	734e3	2add	45d8	11	af70c3	6218757ef910	1dec	10000	7ffe9f1a8980	2add	62187583a4a0	62187584fb90	621872c7a490	af0000	af0000	10000	1127
40.131410	1acbacc629c0	6	20	0	6	62187578a010	7	621879ae5d10	7ffe9f1a8860	621879ae5d20	2	63f5	48b79d109586ff7c	7ce404e1ac80	0	62188c3b70f0	7ffe9f1a8b20
40.141965	7356f	1111	4b5c	11	132b2ae	6218757ef910	2add	10000	7ffe9f1a8980	2add	62187583a4a0	62187584fb90	621870bfa490	1310000	4b58	10000	0
40.153924	7353a	33a1	45d8	d	59a8b	6218757ef910	2fb	10000	7ffe9f1a8980	2add	62187583a4a0	62187584fb90	6218756ba490	60000	60000	10000	1718
40.163142	7353a	9a0f	45d8	f	3e2686	6218757ef910	822	10000	7ffe9f1a8980	2add	62187583a4a0	62187584fb90	62187487a490	3f0000	3f0000	10000	1517
40.172913	7352d	345a7	45d8	11	6f6536	6218757ef910	254d	10000	7ffe9f1a8980	2add	62187583a4a0	62187584fb90	621873cba490	6e0000	6e0000	10000	1370
40.182640	7353a	309bf	45d8	11	ab9e7c	6218757ef910	22ed	10000	7ffe9f1a8980	2add	62187583a4a0	62187584fb90	621872d3a490	ac0000	ac0000	10000	1142
40.188226	73515	1b529	45d8	10	d0eec8	6218757ef910	14a1	10000	7ffe9f1a8980	2add	62187583a4a0	62187584fb90	6218723fa490	d10000	d10000	10000	ff5
40.196048	73519	89	45d8	7	100b4a4	6218757ef910	e	10000	7ffe9f1a8980	2add	62187583a4a0	62187584fb90	6218717fa490	1010000	1010000	10000	e45
40.209717	734d9	6218777894e0	45d8	10	154695a	6218757ef910	164d	10000	7ffe9f1a8980	2add	62187583a4a0	62187584fb90	62187033a490	1540000	1540000	10000	b5a
40.216897	734fd	6218757af8f0	45d8	10	d21b7	6218757ef910	e2b	10000	7ffe9f1a8980	2add	62187583a4a0	62187584fb90	6218754fa490	d0000	d0000	10000	16d9
40.226740	73519	20d01	45d8	11	4a9969	6218757ef910	187f	10000	7ffe9f1a8980	2add	62187583a4a0	62187584fb90	62187457a490	4b0000	4b0000	10000	14ab
40.241572	1acbacd6110a	0	1	49c8	621890956e50	0	62189095d000	7f	7ffe9f1a8978	0	621890956e50	62188d40e880	7ce404e1ace0	621888851518	6218757fa490	ab74	7f
40.250771	73519	3c421	45d8	11	c9a467	6218757ef910	2a50	10000	7ffe9f1a8980	2add	62187583a4a0	62187584fb90	6218725ba490	ca0000	ca0000	10000	1034
40.265195	73519	144e9	45d8	10	117b420	6218757ef910	feb	10000	7ffe9f1a8980	2add	62187583a4a0	62187584fb90	62187123a490	1180000	1180000	10000	d76
40.277424	73519	397	45d8	9	15e26ef	6218757ef910	4f	10000	7ffe9f1a8980	2add	62187583a4a0	62187584fb90	62187007a490	15f0000	15f0000	10000	af7
40.289093	1acbacd60b8a	6218758118e0	5d14	11a50	17450	6218757ffe90	6218758172e0	5d14	7ffe9f1a8978	6218758118e0	62187583a4a0	62187584fb90	621874b3a490	350000	350000	10000	1571
40.298105	73519	db8f	45d8	f	6a6e86	6218757ef910	b2f	10000	7ffe9f1a8980	2add	62187583a4a0	62187584fb90	621873d7a490	6b0000	6b0000	10000	138b
40.312512	749f2	62188b16bba0	13	0	9	2	62188b16be90	22a5	7ffe9f1a8980	3	62188b16be00	19	62188c32ebd0	13	5	0	621890a672e0
40.325663	73515	2f78b	45d8	11	112faa9	6218757ef910	2229	10000	7ffe9f1a8980	2add	62187583a4a0	62187584fb90	62187137a490	1130000	1130000	10000	da3
40.334075	734ec	2add	45d8	11	14131c9	6218757ef910	1b94	10000	7ffe9f1a8980	2add	62187583a4a0	62187584fb90	6218707fa490	1410000	1410000	10000	c05
40.343018	7353a	346d5	45d8	11	af24	6218757ef910	255a	10000	7ffe9f1a8980	2add	62187583a4a0	62187584fb90	6218757fa490	10000	10000	10000	1745
40.348277	73519	97	45d8	7	21a9f4	6218757ef910	10	10000	7ffe9f1a8980	2add	62187583a4a0	62187584fb90	621874fba490	220000	220000	10000	161c
40.360774	7353a	30d1	45d8	d	642984	6218757ef910	2d8	10000	7ffe9f1a8980	2add	62187583a4a0	62187584fb90	621873efa490	650000	650000	10000	13c1
40.375621	73519	33b	45d8	9	be5d8e	6218757ef910	4a	10000	7ffe9f1a8980	2add	62187583a4a0	62187584fb90	62187287a490	bf0000	bf0000	10000	1097
40.387818	73f3d	2add	621875794ab0	17f0	6218757af8f0	2216b	7828	621890c412f0	7ffe9f1a8980	22159	194a	62187578de70	48b79d109586ff7c	2add	2b	194b	3a
40.398978	73519	ac61	45d8	f	14ab53b	6218757ef910	90c	10000	7ffe9f1a8980	2add	62187583a4a0	62187584fb90	62187057a490	14b0000	14b0000	10000	bab
40.407372	7359a	6218757fa490	2c18	11	3ae40	6218757ef910	2add	10000	7ffe9f1a8980	2add	62187583a4a0	62187584fb90	6218757ba490	20000	2c14	10000	0
40.418183	73519	ada1	45d8	f	39563e	6218757ef910	919	10000	7ffe9f1a8980	2add	62187583a4a0	62187584fb90	6218749ba490	3a0000	3a0000	10000	1544
40.431298	73519	20377	45d8	11	7ca81e	6218757ef910	1817	10000	7ffe9f1a8980	2add	62187583a4a0	62187584fb90	6218738fa490	7d0000	7d0000	10000	12e9
40.446113	7353a	6b	45d8	6	ce2d48	6218757ef910	a	10000	7ffe9f1a8980	2add	62187583a4a0	62187584fb90	62187247a490	cf0000	cf0000	10000	1007
40.460538	73519	17f	45d8	8	12110f2	6218757ef910	25	10000	7ffe9f1a8980	2add	62187583a4a0	62187584fb90	621870fba490	1220000	1220000	10000	d1c
40.475513	72bf2	51	24097	0	164de	20fbd	1a9a	37bc2	7ffe9f1a8980	24097	0	0	fc0c713eea13351a	1a9a	7fffffffffff66f7	b79ec9a7af0f8355	2add
40.486050	73519	2f	45d8	5	3d9533	6218757ef910	6	10000	7ffe9f1a8980	2add	62187583a4a0	62187584fb90	6218748ba490	3e0000	3e0000	10000	1520
40.496755	73519	189ef	45d8	10	7dc515	6218757ef910	12ce	10000	7ffe9f1a8980	2add	62187583a4a0	62187584fb90	6218738ba490	7e0000	7e0000	10000	12e0
40.504095	73519	18377	45d8	10	a984c7	6218757ef910	1291	10000	7ffe9f1a8980	2add	62187583a4a0	62187584fb90	621872dba490	aa0000	aa0000	10000	1154
40.509854	73519	4ac5	45d8	e	cd3a08	6218757ef910	438	10000	7ffe9f1a8980	2add	62187583a4a0	62187584fb90	6218724ba490	ce0000	ce0000	10000	1010
40.520396	7353a	20e1b	45d8	11	10aba79	6218757ef910	188a	10000	7ffe9f1a8980	2add	62187583a4a0	62187584fb90	62187157a490	10b0000	10b0000	10000	deb
40.525840	7353a	1cd	45d8	8	12b3a19	6218757ef910	2c	10000	7ffe9f1a8980	2add	62187583a4a0	62187584fb90	621870d3a490	12c0000	12c0000	10000	cc2
40.534574	1acbacc63a65	62187cb28c70	7ce404e1ac80	621884ff0d60	7ce404e1ad00	7ce404e1acf0	0	10	7ffe9f1a86b0	62187578a010	7ce404e1ac80	6	7	621887db9160	20	621875d9ae30	10
40.540668	73519	28d09	45d8	11	114550	6218757ef910	1db1	10000	7ffe9f1a8980	2add	62187583a4a0	62187584fb90	6218753ba490	120000	120000	10000	16ac
40.553481	7353a	23de5	45d8	11	5eadde	6218757ef910	1a7e	10000	7ffe9f1a8980	2add	62187583a4a0	62187584fb90	62187407a490	5f0000	5f0000	10000	13f7
40.563294	84734	62188db8f500	ad4388b2ebe6a1d1	28	621890f5be40	6218580ea0b0	7ffe9f1a8848	1	7ffe9f1a8840	28	24	ac	48b79d109586ff7c	621890f5be50	0	1ac	621890f5bda0
40.575180	7353a	10c1	45d8	c	e0ce16	6218757ef910	113	10000	7ffe9f1a8980	2add	62187583a4a0	62187584fb90	621871ffa490	e10000	e10000	10000	f65
40.582115	73519	18f6b	45d8	10	10b90bf	6218757ef910	1311	10000	7ffe9f1a8980	2add	62187583a4a0	62187584fb90	62187153a490	10c0000	10c0000	10000	de2
40.596031	1acbacc6278a	2	2	621ead31dcae	62188cb9f3a0	62187578a010	7	621882f0e790	7ffe9f1a8830	621882f0e7a0	62188900eb70	621888028a90	48b79d109586ff7c	7ce404e1ac80	0	621882f0e7b0	62188927ded0
40.608723	7353a	2ff6b	45d8	11	338df2	6218757ef910	2283	10000	7ffe9f1a8980	2add	62187583a4a0	62187584fb90	621874b3a490	340000	340000	10000	157a
40.614010	73f64	2add	621875794ab0	11830	763e	0	0	6218910202e0	7ffe9f1a8980	30ad3	22f6	62188465c0e0	48b79d109586ff7c	2add	19	22f7	29
40.619434	73f69	2add	621875794ab0	ba5e	102e8	0	0	6218910486d0	7ffe9f1a8980	2ebeb	21b6	621877961b60	48b79d109586ff7c	2add	1a	21b7	2b
40.625489	73519	2f	45d8	5	97fbbc	6218757ef910	6	10000	7ffe9f1a8980	2add	62187583a4a0	62187584fb90	62187323a490	980000	980000	10000	11f6
40.633782	73519	fc37	45d8	f	c8b5a2	6218757ef910	cba	10000	7ffe9f1a8980	2add	62187583a4a0	62187584fb90	6218725fa490	c90000	c90000	10000	103d
40.646426	73519	220f	45d8	d	114b52f	6218757ef910	204	10000	7ffe9f1a8980	2add	62187583a4a0	62187584fb90	6218712fa490	1150000	1150000	10000	d91
40.655767	73519	334d3	45d8	11	14bf211	6218757ef910	24a0	10000	7ffe9f1a8980	2add	62187583a4a0	62187584fb90	62187053a490	14c0000	14c0000	10000	ba2
40.670267	73519	8e9	45d8	b	3785d1	6218757ef910	a4	10000	7ffe9f1a8980	2add	62187583a4a0	62187584fb90	621874a3a490	380000	380000	10000	1556
40.678432	73540	29	45d8	5	69bc96	6218757ef910	5	10000	7ffe9f1a8980	2add	62187583a4a0	62187584fb90	621873dba490	6a0000	6a0000	10000	1394
40.683966	734d4	6218777894e0	45d8	8	89006a	6218757ef910	1f	10000	7ffe9f1a8980	2add	62187583a4a0	62187584fb90	6218735fa490	890000	890000	10000	127d
40.696983	7353a	6b	45d8	6	d41e93	6218757ef910	a	10000	7ffe9f1a8980	2add	62187583a4a0	62187584fb90	6218722fa490	d50000	d50000	10000	fd1
40.712092	84a9f	621891229df0	75a	62187b218148	1	621891229130	1f	1a	7ffe9f1a8850	62188bcd3b70	621890c5fb60	62187b218140	48b79d109586ff7c	7ffe9f1a8868	1a	22a4	6218580ea2a8
40.724774	1acbacc65060	591abf4b418d0669	6fc	e35252604f8a4047	62188db8f500	6fc	8	2	7ffe9f1a87b8	bcf	62188db8f500	6218889c1660	0	62187b218140	0	2	2
40.737691	7353a	38e6d	45d8	11	570def	6218757ef910	2833	10000	7ffe9f1a8980	2add	62187583a4a0	62187584fb90	62187423a490	580000	580000	10000	1436
40.746900	734f5	2add	45d8	11	90d4f3	6218757ef910	1e7b	10000	7ffe9f1a8980	2add	62187583a4a0	62187584fb90	62187343a490	900000	900000	10000	123e
40.757966	73519	2cf75	45d8	11	d426c3	6218757ef910	2094	10000	7ffe9f1a8980	2add	62187583a4a0	62187584fb90	6218722fa490	d50000	d50000	10000	fd1
40.770667	7358d	6218757fa490	cf08	11	1218942	6218757ef910	2add	10000	7ffe9f1a8980	2add	62187583a4a0	62187584fb90	62187107a490	11f0000	cf04	10000	0
40.776876	73519	6bbd	45d8	e	13e2b47	6218757ef910	5e0	10000	7ffe9f1a8980	2add	62187583a4a0	62187584fb90	62187087a490	13f0000	13f0000	10000	c17
40.788400	747dd	0	1	6218782474b8	2	6218782473f8	68	6218913e8a90	7ffe9f1a8980	621890112e20	68	0	22a5	6218782473c0	a	69	6218782473c8
40.802253	73519	3ae11	45d8	11	6778e9	6218757ef910	2975	10000	7ffe9f1a8980	2add	62187583a4a0	62187584fb90	621873e3a490	680000	680000	10000	13a6
40.813979	74b6e	621891457fc0	f	e0	7ce404e1ac80	0	7	0	7ffe9f1a8980	621891457fc0	621891457fc0	62187a971510	48b79d109586ff7c	62189148c74c	1def	62189148fb04	1def
40.827621	7353a	97	45d8	7	fb1c99	6218757ef910	10	10000	7ffe9f1a8980	2add	62187583a4a0	62187584fb90	62187193a490	fc0000	fc0000	10000	e72
40.835875	73521	1d393	45d8	10	12d842c	6218757ef910	1606	10000	7ffe9f1a8980	2add	62187583a4a0	62187584fb90	621870cfa490	12d0000	12d0000	10000	cb9
40.848075	73519	2e01	45d8	d	65928	6218757ef910	2ac	10000	7ffe9f1a8980	2add	62187583a4a0	62187584fb90	62187567a490	70000	70000	10000	170f
40.859662	735a3	1111	bfa8	11	4ddd8d	6218757ef910	2add	10000	7ffe9f1a8980	2add	62187583a4a0	62187584fb90	6218744fa490	4d0000	bfa4	10000	0
40.870738	8479c	621887db9170	2	3c	6218915a0580	6218580ea0b0	7ffe9f1a8848	0	7ffe9f1a8840	3c	14	1d4	48b79d109586ff7c	6218915a0668	0	1d4	6218915a0490
40.876549	73504	1da19	45d8	10	b6841f	6218757ef910	164b	10000	7ffe9f1a8980	2add	62187583a4a0	62187584fb90	621872aba490	b60000	b60000	10000	10e8
40.891172	73f08	3ed	621875794ab0	62187779ebd0	1b83	0	0	621891605180	7ffe9f1a8980	44a1	3ec	62188c165150	48b79d109586ff7c	2add	26	3ed	34
40.898025	1acbacd60b8a	6218758118e0	5d14	10df0	17450	621875800af0	621875817f40	5d14	7ffe9f1a8978	6218758118e0	ffffffffe55d31d8	62188d3a72c8	f	13f0000	13f0000	10000	c17
40.905603	7353d	1095d	45d8	10	16b6b6b	6218757ef910	d51	10000	7ffe9f1a8980	2add	62187583a4a0	62187584fb90	62186fd7a490	16b0000	16b0000	10000	a8b
40.920668	73540	35	45d8	5	54a579	6218757ef910	7	10000	7ffe9f1a8980	2add	62187583a4a0	62187584fb90	6218742fa490	550000	550000	10000	1451
40.925992	7353a	10f1	45d8	c	751dee	6218757ef910	115	10000	7ffe9f1a8980	2add	62187583a4a0	62187584fb90	621873aba490	760000	760000	10000	1328
40.937765	84a9f	6218916efbe0	88	62188c759118	1	6218916ef510	1f	37	7ffe9f1a8850	621875871bb0	621879a64f60	62188c759110	48b79d109586ff7c	7ffe9f1a8868	37	22a4	6218580ea2a8
40.952802	7352d	256b5	45d8	11	118a49f	6218757ef910	1b71	10000	7ffe9f1a8980	2add	62187583a4a0	62187584fb90	62187127a490	1170000	1170000	10000	d7f
40.961908	7353a	3c151	45d8	11	1502061	6218757ef910	2a32	10000	7ffe9f1a8980	2add	62187583a4a0	62187584fb90	6218703fa490	1510000	1510000	10000	b75
40.976014	734d9	6218777894e0	45d8	e	352c56	6218757ef910	66b	10000	7ffe9f1a8980	2add	62187583a4a0	62187584fb90	621874afa490	350000	350000	10000	1571
40.982230	73519	8ce9	45d8	f	550bf7	6218757ef910	786	10000	7ffe9f1a8980	2add	62187583a4a0	62187584fb90	6218742ba490	560000	560000	10000	1448
40.990826	1acbacc62e1b	62189183d000	90	7	15d30	62187578a010	7	62187679d420	7ffe9f1a88e0	62187679d430	c	3c	48b79d109586ff7c	7ce404e1ac80	0	62187679d4b0	62188bf52268
40.999148	73519	aa57	45d8	f	b91cb4	6218757ef910	8ef	10000	7ffe9f1a8980	2add	62187583a4a0	62187584fb90	6218729ba490	ba0000	ba0000	10000	10c4
41.009002	1acbacc651ec	6218906d9300	ffffffffffffffa0	6	62187578a010	62188bf728b0	11	20	7ffe9f1a8760	2	24	98	48b79d109586ff7c	1	6218790c5700	20	4
41.014798	7353a	97	45d8	7	112986f	6218757ef910	10	10000	7ffe9f1a8980	2add	62187583a4a0	62187584fb90	62187137a490	1130000	1130000	10000	da3
41.029618	73501	14f57	45d8	10	1690ca7	6218757ef910	105c	10000	7ffe9f1a8980	2add	62187583a4a0	62187584fb90	62186fdfa490	1690000	1690000	10000	a9d
41.044176	73519	133c7	45d8	10	4f682a	6218757ef910	f24	10000	7ffe9f1a8980	2add	62187583a4a0	62187584fb90	62187443a490	500000	500000	10000	147e
41.058039	73515	22da5	45d8	11	a4dc89	6218757ef910	19c9	10000	7ffe9f1a8980	2add	62187583a4a0	62187584fb90	621872efa490	a50000	a50000	10000	1181
41.064625	73540	2429	45d8	d	cc151e	6218757ef910	21d	10000	7ffe9f1a8980	2add	62187583a4a0	62187584fb90	62187253a490	cc0000	cc0000	10000	1022
41.079813	73519	3b323	45d8	11	128566c	6218757ef910	29a1	10000	7ffe9f1a8980	2add	62187583a4a0	62187584fb90	621870dfa490	1290000	1290000	10000	cdd
41.086675	7357c	1574	1570	11	1585cb6	6218757ef910	2add	10000	7ffe9f1a8980	2add	62187583a4a0	62187584fb90	6218702ba490	1560000	156c	10000	0
41.099148	1acbacd6110a	0	0	8008	621891a0d490	0	621891a10000	7e	7ffe9f1a8978	0	621891a0d490	62187e238690	7ce404e1ace0	62188bf52268	6218757fa490	ab74	7e
41.106392	73519	2a1	45d8	9	59de75	6218757ef910	3e	10000	7ffe9f1a8980	2add	62187583a4a0	62187584fb90	6218741ba490	5a0000	5a0000	10000	1424
41.114033	1acbacd60b8a	621875828d30	45d8	c4d0	11760	6218757ff720	62187582dfc0	ba28	7ffe9f1a8978	621875828d30	62187583a4a0	62187584fb90	6218735fa490	8a0000	8a0000	10000	1274
41.128381	7353a	29	45d8	5	e3d5d2	6218757ef910	5	10000	7ffe9f1a8980	2add	62187583a4a0	62187584fb90	621871f3a490	e40000	e40000	10000	f4a
41.140608	7353a	29	45d8	5	131648d	6218757ef910	5	10000	7ffe9f1a8980	2add	62187583a4a0	62187584fb90	621870bba490	1320000	1320000	10000	c8c
41.148588	73519	23153	45d8	11	15d4b9e	6218757ef910	19ef	10000	7ffe9f1a8980	2add	62187583a4a0	62187584fb90	6218700ba490	15e0000	15e0000	10000	b00
41.161592	7353a	22765	45d8	11	3ac837	6218757ef910	198c	10000	7ffe9f1a8980	2add	62187583a4a0	62187584fb90	62187497a490	3b0000	3b0000	10000	153b
41.174517	7353a	23b	45d8	9	8e2ba0	6218757ef910	37	10000	7ffe9f1a8980	2add	62187583a4a0	62187584fb90	62187347a490	8f0000	8f0000	10000	1247
41.182448	7353a	43	45d8	6	be9a19	6218757ef910	8	10000	7ffe9f1a8980	2add	62187583a4a0	62187584fb90	62187287a490	bf0000	bf0000	10000	1097
41.197029	73519	f1b7	45d8	f	1162c9f	6218757ef910	c40	10000	7ffe9f1a8980	2add	62187583a4a0	62187584fb90	62187127a490	1170000	1170000	10000	d7f
41.205974	73540	83	45d8	7	14def82	6218757ef910	d	10000	7ffe9f1a8980	2add	62187583a4a0	62187584fb90	6218704ba490	14e0000	14e0000	10000	b90
41.219888	747dd	0	2	621880d9fd08	3	621880d9fc90	68	621891c60d60	7ffe9f1a8980	62187a855f70	68	0	22a4	621880d9fc40	8	69	621880d9fc48
41.226389	1acbacd60b8a	6218758118e0	5d14	8610	17450	6218758092d0	621875820720	5d14	7ffe9f1a8978	6218758118e0	ffffffffe55d51e8	62187584fb90	6218741ba490	5b0000	5b0000	10000	141b
41.236499	7353a	29	45d8	5	979473	6218757ef910	5	10000	7ffe9f1a8980	2add	62187583a4a0	62187584fb90	62187323a490	980000	980000	10000	11f6
41.245788	7353a	3c53	45d8	d	c962f0	6218757ef910	381	10000	7ffe9f1a8980	2add	62187583a4a0	62187584fb90	6218725ba490	ca0000	ca0000	10000	1034
41.251550	84a9f	621891cd0770	34e	62187c4c6a28	1	621891cd0190	1f	2f	7ffe9f1a8850	62188bd96ec0	62188c3b70f0	62187c4c6a20	48b79d109586ff7c	7ffe9f1a8868	2f	22a4	6218580ea2a8
41.265787	7353a	acbd	45d8	f	143df02	6218757ef910	90f	10000	7ffe9f1a8980	2add	62187583a4a0	62187584fb90	62187073a490	1440000	1440000	10000	bea
41.280994	7353a	2e5e9	45d8	11	2ca7ef	6218757ef910	217f	10000	7ffe9f1a8980	2add	62187583a4a0	62187584fb90	621874cfa490	2d0000	2d0000	10000	15b9
41.287414	7353a	21d	45d8	9	51bdd6	6218757ef910	34	10000	7ffe9f1a8980	2add	62187583a4a0	62187584fb90	6218743ba490	520000	520000	10000	146c
41.300612	84b54	2	7ffe9f1a8900	1	621891dbfec0	621891cb4dd0	1f	40	7ffe9f1a8850	621888028a90	6218757ac920	62188ba4c4e0	48b79d109586ff7c	7ffe9f1a8868	62188ba4c4e8	22a4	6218580ea2a8
41.310801	73536	d1e3	45d8	f	dcbef0	6218757ef910	ac7	10000	7ffe9f1a8980	2add	62187583a4a0	62187584fb90	6218720fa490	dd0000	dd0000	10000	f89
41.316884	1acbacd60b8a	6218758118e0	5d14	9b50	17450	621875807d90	62187581f1e0	5d14	7ffe9f1a8978	6218758118e0	62187583a4a0	62187584fb90	6218717ba490	1030000	1030000	10000	e33
41.325250	734d4	6218777894e0	45d8	11	13313a5	6218757ef910	1c57	10000	7ffe9f1a8980	2add	62187583a4a0	62187584fb90	621870bfa490	1310000	1310000	10000	c95
41.331711	73519	2b98b	45d8	11	1599a62	6218757ef910	1fac	10000	7ffe9f1a8980	2add	62187583a4a0	62187584fb90	6218701ba490	15a0000	15a0000	10000	b24
41.341478	7353a	e3	45d8	7	2468ee	6218757ef910	17	10000	7ffe9f1a8980	2add	62187583a4a0	62187584fb90	621874efa490	250000	250000	10000	1601
41.353749	7353a	1297	45d8	c	6e8ae3	6218757ef910	12f	10000	7ffe9f1a8980	2add	62187583a4a0	62187584fb90	621873c7a490	6f0000	6f0000	10000	1367
41.365625	7353a	43	45d8	6	b59719	6218757ef910	8	10000	7ffe9f1a8980	2add	62187583a4a0	62187584fb90	621872aba490	b60000	b60000	10000	10e8
41.377291	1acbacd60b8a	6218758118e0	5d14	e750	17450	621875803190	62187581a5e0	5d14	7ffe9f1a8978	6218758118e0	62187583a4a0	62187584fb90	62187193a490	fd0000	fd0000	10000	e69
41.386721	749f2	62188dc86ab0	13	0	b	2	62188dc86dd0	22a5	7ffe9f1a8980	3	62188dc86d10	1e	621890b22c60	13	6	0	621891f421c0
41.395068	73ecc	19a	621875794ab0	62187779ebd0	e88	0	0	621891f59390	7ffe9f1a8980	1a2d	198	621890c5fb60	48b79d109586ff7c	2add	57	199	62
41.404819	7353a	20759	45d8	11	35cd84	6218757ef910	1842	10000	7ffe9f1a8980	2add	62187583a4a0	62187584fb90	621874aba490	360000	360000	10000	1568
41.419819	1acbacd6110a	0	1	6338	62189201f7d0	0	621892024010	7f	7ffe9f1a8978	0	62189201f7d0	62188f929540	7ce404e1ace0	62188bf52268	6218757fa490	ab74	7f
41.426470	7353a	17f	45d8	8	b93f26	6218757ef910	25	10000	7ffe9f1a8980	2add	62187583a4a0	62187584fb90	6218729ba490	ba0000	ba0000	10000	10c4
41.441400	73540	175d	45d8	c	11832a1	6218757ef910	173	10000	7ffe9f1a8980	2add	62187583a4a0	62187584fb90	6218711fa490	1190000	1190000	10000	d6d
41.454381	73519	2c309	45d8	11	16935d5	6218757ef910	2017	10000	7ffe9f1a8980	2add	62187583a4a0	62187584fb90	62186fdba490	16a0000	16a0000	10000	a94
41.460479	73540	45d	45d8	a	1b7878	6218757ef910	5f	10000	7ffe9f1a8980	2add	62187583a4a0	62187584fb90	62187513a490	1c0000	1c0000	10000	1652
41.466863	73519	d4e7	45d8	f	3dfb53	6218757ef910	ade	10000	7ffe9f1a8980	2add	62187583a4a0	62187584fb90	6218748ba490	3e0000	3e0000	10000	1520
41.472853	73536	27cb5	45d8	11	64d8ef	6218757ef910	1cfd	10000	7ffe9f1a8980	2add	62187583a4a0	62187584fb90	621873efa490	650000	650000	10000	13c1
41.486923	7353a	10aff	45d8	10	ba2ed3	6218757ef910	d61	10000	7ffe9f1a8980	2add	62187583a4a0	62187584fb90	62187297a490	bb0000	bb0000	10000	10bb
41.495093	1acbacd6110a	0	1	9bb8	6218920f8040	0	6218920f9000	7f	7ffe9f1a8978	0	6218920f8040	621891fe93e0	7ce404e1ace0	62188bf52270	6218757fa490	ab74	7f
41.508245	747dd	1	8	62187f9bc998	9	62187f9bc980	69	62189213f6e0	7ffe9f1a8980	621891aab350	68	0	22a5	62187f9bc8a0	a	68	62187f9bc8a8
41.519237	7353a	18d7	45d8	c	72377	6218757ef910	181	10000	7ffe9f1a8980	2add	62187583a4a0	62187584fb90	62187563a490	80000	80000	10000	1706
41.532729	1acbacd60a33	6218757ff5d4	1745	6218757ff5d4	621875800124	621890224b8c	6218757ffb60	1451	7ffe9f1a8978	0	62187583a4a0	62187584fb90	62187433a490	550000	550000	10000	1451
41.543845	1acbacc651ec	6218806dd720	ffffffffffffffa0	1	62187578a010	6218757ae6f0	10	8	7ffe9f1a8790	2	1	1	7ce404e1ace0	0	2	1fffffffffffffff	8
41.552180	73519	185	45d8	8	c8f0d5	6218757ef910	26	10000	7ffe9f1a8980	2add	62187583a4a0	62187584fb90	6218725fa490	c90000	c90000	10000	103d
41.564061	7353a	21d49	45d8	11	11252bb	6218757ef910	1921	10000	7ffe9f1a8980	2add	62187583a4a0	62187584fb90	62187137a490	1130000	1130000	10000	da3
41.569603	73f57	2add	621875794ab0	2060	704d	a1ed	130e03a	62189228c950	7ffe9f1a8980	a1ed	888	62188c165150	48b79d109586ff7c	2add	27	889	36
41.576494	73519	2f	45d8	5	15b99ff	6218757ef910	6	10000	7ffe9f1a8980	2add	62187583a4a0	62187584fb90	62187013a490	15c0000	15c0000	10000	b12
41.588180	1acbacd60b8a	6218758001a4	1745	4018	5d14	6218757fc18c	621875801ea0	1745	7ffe9f1a8978	6218758001a4	62187b323ed0	62188d54a4c0	10	210000	210000	10000	1625
41.601603	7353a	161	45d8	8	77da2f	6218757ef910	22	10000	7ffe9f1a8980	2add	62187583a4a0	62187584fb90	621873a3a490	780000	780000	10000	1316
41.612491	73ec8	2add	621875794ab0	62187779ebd0	f554	0	0	62189232f160	7ffe9f1a8980	f865	c8a	62188ead7080	48b79d109586ff7c	2add	1a	c8b	2a
41.618035	73501	c83	45d8	b	d700a6	6218757ef910	d5	10000	7ffe9f1a8980	2add	62187583a4a0	62187584fb90	62187227a490	d70000	d70000	10000	fbf
41.628850	74b76	621892379910	f	e0	7ce404e1ac80	0	7	0	7ffe9f1a8980	621892379910	621892379910	621885b3f480	48b79d109586ff7c	62189239060c	1856	621892395024	1856
41.639326	1acbacc63a65	62188322b150	7ce404e1ac80	621881a738b0	7ce404e1ad00	7ce404e1acf0	0	10	7ffe9f1a86b0	62187578a010	7ce404e1ac80	5	7	6218757ac910	20	621882a0bfb0	10
41.650775	7358d	6218757fa490	36e0	11	171a08	6218757ef910	2add	10000	7ffe9f1a8980	2add	62187583a4a0	62187584fb90	62187533a490	140000	36dc	10000	0
41.663230	73596	6218757fa490	abdc	11	5f93e7	6218757ef910	2add	10000	7ffe9f1a8980	2add	62187583a4a0	62187584fb90	62187413a490	5c0000	abd8	10000	0
41.673180	1acbacc6320b	207c1	7ce404e1ac80	6218924e2cc0	ab81	6218924ed840	7ce404e1ac80	ab80	7ffe9f1a8800	0	0	6218924e3000	206	340	6218924e2cc0	1000	aba0
41.684415	73f62	2add	621875794ab0	19bb7	1989c	0	0	6218924e7ec0	7ffe9f1a8980	20627	1833	621891a18310	48b79d109586ff7c	2add	28	1834	39
41.694803	7353a	1eb	45d8	8	11a004f	6218757ef910	30	10000	7ffe9f1a8980	2add	62187583a4a0	62187584fb90	62187117a490	11b0000	11b0000	10000	d5b
41.707615	7357f	299c	2998	11	166c7c0	6218757ef910	2add	10000	7ffe9f1a8980	2add	62187583a4a0	62187584fb90	62186fefa490	1650000	2998	10000	0
41.714091	7358d	6218757fa490	4	11	189ec4	6218757ef910	2add	10000	7ffe9f1a8980	2add	62187583a4a0	62187584fb90	62187527a490	170000	0	10000	0
41.719899	734fd	6218757af8f0	45d8	11	3cb15a	6218757ef910	2454	10000	7ffe9f1a8980	2add	62187583a4a0	62187584fb90	62187493a490	3c0000	3c0000	10000	1532
41.731641	7353a	29	45d8	5	7cfd01	6218757ef910	5	10000	7ffe9f1a8980	2add	62187583a4a0	62187584fb90	6218738fa490	7d0000	7d0000	10000	12e9
41.741038	73529	977f	45d8	f	b40c41	6218757ef910	802	10000	7ffe9f1a8980	2add	62187583a4a0	62187584fb90	621872b3a490	b40000	b40000	10000	10fa
41.746496	7358d	6218757fa490	a990	11	d38839	6218757ef910	2add	10000	7ffe9f1a8980	2add	62187583a4a0	62187584fb90	62187237a490	d30000	a98c	10000	0
41.752470	73519	61	45d8	6	f637e9	6218757ef910	9	10000	7ffe9f1a8980	2add	62187583a4a0	62187584fb90	621871a7a490	f70000	f70000	10000	e9f
41.757909	7353a	6bb	45d8	a	1189f83	6218757ef910	86	10000	7ffe9f1a8980	2add	62187583a4a0	62187584fb90	6218711fa490	1190000	1190000	10000	d6d
41.772745	734c1	21c2b	45d8	11	11c04	6218757ef910	1914	10000	7ffe9f1a8980	2add	62187583a4a0	62187584fb90	6218757fa490	10000	10000	10000	1745
41.786285	73519	161	45d8	8	41c7c8	6218757ef910	22	10000	7ffe9f1a8980	2add	62187583a4a0	62187584fb90	6218747ba490	420000	420000	10000	14fc
41.793344	7353a	12efb	45d8	10	6b56de	6218757ef910	ee7	10000	7ffe9f1a8980	2add	62187583a4a0	62187584fb90	621873d3a490	6c0000	6c0000	10000	1382
41.799378	7352d	34a65	45d8	11	9380ae	6218757ef910	257f	10000	7ffe9f1a8980	2add	62187583a4a0	62187584fb90	6218733fa490	910000	910000	10000	1235
41.809256	73519	5a01	45d8	e	cbc366	6218757ef910	50c	10000	7ffe9f1a8980	2add	62187583a4a0	62187584fb90	62187253a490	cc0000	cc0000	10000	1022
41.816403	73519	46c9	45d8	e	f6bac4	6218757ef910	407	10000	7ffe9f1a8980	2add	62187583a4a0	62187584fb90	621871a7a490	f70000	f70000	10000	e9f
41.830124	734fd	6218757af8f0	45d8	11	14bbb9d	6218757ef910	200a	10000	7ffe9f1a8980	2add	62187583a4a0	62187584fb90	6218705ba490	14a0000	14a0000	10000	bb4
41.843259	7353a	11b	45d8	8	27507d	6218757ef910	1f	10000	7ffe9f1a8980	2add	62187583a4a0	62187584fb90	621874e3a490	280000	280000	10000	15e6
41.854908	73519	30023	45d8	11	69fcaa	6218757ef910	2288	10000	7ffe9f1a8980	2add	62187583a4a0	62187584fb90	621873dba490	6a0000	6a0000	10000	1394
41.860622	73510	2e93f	45d8	11	8bb1ec	6218757ef910	219f	10000	7ffe9f1a8980	2add	62187583a4a0	62187584fb90	62187353a490	8c0000	8c0000	10000	1262
41.874395	73515	7d45	45d8	e	e070c5	6218757ef910	6ba	10000	7ffe9f1a8980	2add	62187583a4a0	62187584fb90	621871ffa490	e10000	e10000	10000	f65
41.882083	73519	3ed7	45d8	d	10eac75	6218757ef910	3a0	10000	7ffe9f1a8980	2add	62187583a4a0	62187584fb90	62187147a490	10f0000	10f0000	10000	dc7
41.893810	73519	11b	45d8	8	15ab6f1	6218757ef910	1f	10000	7ffe9f1a8980	2add	62187583a4a0	62187584fb90	62187017a490	15b0000	15b0000	10000	b1b
41.902819	749f2	62188df54e80	13	0	b	0	62188df551a0	22a5	7ffe9f1a8980	1	62188df550b0	13	6218810332a0	1b	a	0	6218928ff6f0
41.913250	1acbacd6110a	0	1	8ce8	62189293c170	0	62189293e000	7d	7ffe9f1a8978	0	62189293c170	621891852630	7ce404e1ace0	62188bf52270	6218757fa490	ab74	7d
41.923104	1acbacd60b8a	621875828d30	45d8	6bd0	11760	621875805020	6218758338c0	ba28	7ffe9f1a8978	621875828d30	62187583a4a0	62187584fb90	62187373a490	850000	850000	10000	12a1
41.931362	7353a	18d	45d8	8	b96040	6218757ef910	27	10000	7ffe9f1a8980	2add	62187583a4a0	62187584fb90	6218729ba490	ba0000	ba0000	10000	10c4
41.938857	73519	df1f	45d8	f	e72210	6218757ef910	b55	10000	7ffe9f1a8980	2add	62187583a4a0	62187584fb90	621871e3a490	e80000	e80000	10000	f26
41.945872	7353a	2f	45d8	5	10f9728	6218757ef910	6	10000	7ffe9f1a8980	2add	62187583a4a0	62187584fb90	62187143a490	1100000	1100000	10000	dbe
41.960967	73519	2ce63	45d8	11	16b40dc	6218757ef910	208a	10000	7ffe9f1a8980	2add	62187583a4a0	62187584fb90	62186fd3a490	16c0000	16c0000	10000	a82
41.975679	7353a	2f	45d8	5	54aae9	6218757ef910	6	10000	7ffe9f1a8980	2add	62187583a4a0	62187584fb90	6218742fa490	550000	550000	10000	1451
41.988139	73529	26a9b	45d8	11	a52c27	6218757ef910	1c42	10000	7ffe9f1a8980	2add	62187583a4a0	62187584fb90	621872f3a490	a40000	a40000	10000	118a
41.994913	73519	1e4b7	45d8	10	c8b337	6218757ef910	16bc	10000	7ffe9f1a8980	2add	62187583a4a0	62187584fb90	6218725fa490	c90000	c90000	10000	103d
42.007466	7353a	89b	45d8	b	11653a2	6218757ef910	9e	10000	7ffe9f1a8980	2add	62187583a4a0	62187584fb90	62187127a490	1170000	1170000	10000	d7f
42.019034	73515	1d243	45d8	10	15d184c	6218757ef910	15f4	10000	7ffe9f1a8980	2add	62187583a4a0	62187584fb90	6218700ba490	15e0000	15e0000	10000	b00
42.032620	7353a	1459d	45d8	10	3c8fbf	6218757ef910	ff3	10000	7ffe9f1a8980	2add	62187583a4a0	62187584fb90	6218748fa490	3d0000	3d0000	10000	1529
42.042648	73f49	2add	621875794ab0	a2cc	779989	a6c1	b79ba28412	621892b42140	7ffe9f1a8980	a6ab	8cc	62188cb9f3b0	48b79d109586ff7c	2add	17	8cd	26
42.051915	734f5	2add	45d8	e	af0b86	6218757ef910	3c7	10000	7ffe9f1a8980	2add	62187583a4a0	62187584fb90	621872c7a490	af0000	af0000	10000	1127
42.062419	1acbacc639e8	621887db9160	7ce404e1ac80	621878b63390	7ce404e1ad00	7ce404e1acf0	7ce404e1ac80	10	7ffe9f1a86b0	2	1	1	7ce404e1ace0	10	20	2	8
42.070408	7353a	6703	45d8	e	1208790	6218757ef910	5a9	10000	7ffe9f1a8980	2add	62187583a4a0	62187584fb90	621870ffa490	1210000	1210000	10000	d25
42.078571	73519	6b	45d8	6	15185d9	6218757ef910	a	10000	7ffe9f1a8980	2add	62187583a4a0	62187584fb90	6218703ba490	1520000	1520000	10000	b6c
42.087211	73f64	2add	621875794ab0	d1f0	ac58	0	0	621892c3b9d0	7ffe9f1a8980	17df1	1252	621888e951d0	48b79d109586ff7c	2add	17	1253	27
42.101218	73515	9b63	45d8	f	6cf9ed	6218757ef910	834	10000	7ffe9f1a8980	2add	62187583a4a0	62187584fb90	621873cfa490	6d0000	6d0000	10000	1379
42.115214	73519	9b27	45d8	f	bda566	6218757ef910	830	10000	7ffe9f1a8980	2add	62187583a4a0	62187584fb90	6218728ba490	be0000	be0000	10000	10a0
42.124346	73519	5f65	45d8	e	f42c70	6218757ef910	551	10000	7ffe9f1a8980	2add	62187583a4a0	62187584fb90	621871afa490	f50000	f50000	10000	eb1
42.131291	73519	beb5	45d8	f	11c46b1	6218757ef910	9e0	10000	7ffe9f1a8980	2add	62187583a4a0	62187584fb90	6218710fa490	11d0000	11d0000	10000	d49
42.143057	73519	139f	45d8	c	1679822	6218757ef910	13e	10000	7ffe9f1a8980	2add	62187583a4a0	62187584fb90	62186fe3a490	1680000	1680000	10000	aa6
42.150167	73519	a9f	45d8	b	21e1c1	6218757ef910	be	10000	7ffe9f1a8980	2add	62187583a4a0	62187584fb90	621874fba490	220000	220000	10000	161c
42.158830	73501	28535	45d8	11	594b94	6218757ef910	1d60	10000	7ffe9f1a8980	2add	62187583a4a0	62187584fb90	62187427a490	570000	570000	10000	143f
42.166068	73f45	2add	621875794ab0	26bb6	815f00	2815f	662e	621892de5360	7ffe9f1a8980	28157	1d32	621890a6faf0	48b79d109586ff7c	2add	c	1d33	1c
42.178383	73519	1dc89	45d8	10	d12e53	6218757ef910	1664	10000	7ffe9f1a8980	2add	62187583a4a0	62187584fb90	6218723ba490	d20000	d20000	10000	fec
42.185529	7353a	43	45d8	6	fdc793	6218757ef910	8	10000	7ffe9f1a8980	2add	62187583a4a0	62187584fb90	6218718ba490	fe0000	fe0000	10000	e60
42.194847	84aff	40	8e6	621892e46ab0	621892e46ab0	621892e464d0	1f	40	7ffe9f1a8850	6218806dd720	62188d2886f0	621892e232c0	48b79d109586ff7c	7ffe9f1a8868	621892e232c8	22a4	6218580ea2a8
42.202670	1acbacc63a86	621877ce9a00	7ce404e1ac80	62188c2a9220	7ce404e1ad00	7ce404e1acf0	0	10	7ffe9f1a86b0	62187578a010	7ce404e1ac80	3	7	621877368cb0	20	48b79d109586ff7c	10
42.214985	1acbacd60b8a	6218757fa490	291	bc0	52d0	621890229754	6218757feba0	14b4	7ffe9f1a8978	6218757fa490	62187583a4a0	62187584fb90	6218745fa490	4a0000	4a0000	10000	14b4
42.224685	7353a	9ef	45d8	b	842acb	6218757ef910	b0	10000	7ffe9f1a8980	2add	62187583a4a0	62187584fb90	6218736fa490	850000	850000	10000	12a1
42.232285	73519	13e91	45d8	10	aedb39	6218757ef910	fa1	10000	7ffe9f1a8980	2add	62187583a4a0	62187584fb90	621872c7a490	af0000	af0000	10000	1127
42.245761	7353a	71	45d8	6	fe6a35	6218757ef910	c	10000	7ffe9f1a8980	2add	62187583a4a0	62187584fb90	62187187a490	ff0000	ff0000	10000	e57
42.257665	74b6e	621892f78350	e	d0	7ce404e1ac80	0	7	0	7ffe9f1a8980	621892f78350	621892f78350	621892f7c350	48b79d109586ff7c	621892f903cc	244b	621892f91e14	244b
42.268182	1acbacc65706	100	100	7ffe9f1a8950	100	100	621886239610	1	7ffe9f1a88e0	7ffe9f1a8950	621886239610	7	48b79d109586ff7c	621886239610	80	7ffe9f1a8938	8
42.273663	73f4d	2add	621875794ab0	8ef7	37cd61	2aa43	14	621892fd4cd0	7ffe9f1a8980	2aa2d	1efa	621884ff0d70	48b79d109586ff7c	2add	6	1efb	17
42.283026	73f08	1e6a	621875794ab0	62187779ebd0	3a9b	0	0	62189301f010	7ffe9f1a8980	29d77	1e69	6218757ac920	48b79d109586ff7c	2add	14	1e6a	24
42.288868	7353a	1325b	45d8	10	86d2be	6218757ef910	f14	10000	7ffe9f1a8980	2add	62187583a4a0	62187584fb90	62187367a490	870000	870000	10000	128f
42.299684	7353a	1f5e9	45d8	10	c605d6	6218757ef910	177f	10000	7ffe9f1a8980	2add	62187583a4a0	62187584fb90	62187267a490	c70000	c70000	10000	104f
42.308968	7353a	ef9	45d8	b	f94a8c	6218757ef910	fa	10000	7ffe9f1a8980	2add	62187583a4a0	62187584fb90	6218719ba490	fa0000	fa0000	10000	e84
42.320315	73519	101	45d8	8	13fd080	6218757ef910	1b	10000	7ffe9f1a8980	2add	62187583a4a0	62187584fb90	62187083a490	1400000	1400000	10000	c0e
42.327611	73519	84ef	45d8	f	15dca2c	6218757ef910	725	10000	7ffe9f1a8980	2add	62187583a4a0	62187584fb90	6218700ba490	15e0000	15e0000	10000	b00
42.334346	7353a	17b	45d8	8	14d156	6218757ef910	24	10000	7ffe9f1a8980	2add	62187583a4a0	62187584fb90	6218752fa490	150000	150000	10000	1691
42.345829	74b62	6218931376a0	10	f0	7ce404e1ac80	0	7	0	7ffe9f1a8980	6218931376a0	6218931376a0	62189054a500	48b79d109586ff7c	62189316a938	1c3d	62189316e3b4	1c3e
42.355745	73536	3bfcf	45d8	11	90a837	6218757ef910	2a23	10000	7ffe9f1a8980	2add	62187583a4a0	62187584fb90	6218733fa490	910000	910000	10000	1235
42.364742	73519	1b72d	45d8	10	c8f697	6218757ef910	14b9	10000	7ffe9f1a8980	2add	62187583a4a0	62187584fb90	6218725fa490	c90000	c90000	10000	103d
42.376297	73519	15b	45d8	8	10d9725	6218757ef910	21	10000	7ffe9f1a8980	2add	62187583a4a0	62187584fb90	6218714ba490	10e0000	10e0000	10000	dd0
42.390951	7353a	35119	45d8	11	1683349	6218757ef910	25c5	10000	7ffe9f1a8980	2add	62187583a4a0	62187584fb90	62186fdfa490	1690000	1690000	10000	a9d
42.400934	747dd	2	1	6218776764a0	2	621877676428	68	621893248cd0	7ffe9f1a8980	621877675ad0	68	0	22a4	6218776763f0	7	69	6218776763f8
42.411900	1acbacd60a40	621891dacf70	621891dacf70	621891dacf70	621891dad0e8	621893272fe0	621891dad080	7e	7ffe9f1a88b8	0	20	8c	48b79d109586ff7c	621893272e50	7e	7e	1f8
42.417150	73519	2f	45d8	5	93cdf6	6218757ef910	6	10000	7ffe9f1a8980	2add	62187583a4a0	62187584fb90	62187333a490	940000	940000	10000	121a
42.425289	7353a	22069	45d8	11	c54b13	6218757ef910	193f	10000	7ffe9f1a8980	2add	62187583a4a0	62187584fb90	6218726ba490	c60000	c60000	10000	1058
42.439102	73519	244f7	45d8	11	11764ea	6218757ef910	1ac0	10000	7ffe9f1a8980	2add	62187583a4a0	62187584fb90	62187123a490	1180000	1180000	10000	d76
42.450785	73515	833	45d8	b	15f8121	6218757ef910	9b	10000	7ffe9f1a8980	2add	62187583a4a0	62187584fb90	62187003a490	1600000	1600000	10000	aee
42.459850	73519	d3	45d8	7	285b3c	6218757ef910	15	10000	7ffe9f1a8980	2add	62187583a4a0	62187584fb90	621874dfa490	290000	290000	10000	15dd
42.467432	7353a	1fa5f	45d8	10	54f2ca	6218757ef910	17b3	10000	7ffe9f1a8980	2add	62187583a4a0	62187584fb90	6218742fa490	550000	550000	10000	1451
42.476966	73515	25ca5	45d8	11	8dd42a	6218757ef910	1baf	10000	7ffe9f1a8980	2add	62187583a4a0	62187584fb90	6218734ba490	8e0000	8e0000	10000	1250
42.490665	73519	989	45d8	b	d10912	6218757ef910	ab	10000	7ffe9f1a8980	2add	62187583a4a0	62187584fb90	6218723ba490	d20000	d20000	10000	fec
42.500351	73501	20155	45d8	11	10a803e	6218757ef910	17ff	10000	7ffe9f1a8980	2add	62187583a4a0	62187584fb90	6218715ba490	10a0000	10a0000	10000	df4
42.510483	73519	3c9e3	45d8	11	1499ee6	6218757ef910	2a8c	10000	7ffe9f1a8980	2add	62187583a4a0	62187584fb90	6218705ba490	14a0000	14a0000	10000	bb4
42.515857	847a4	62188900eb70	2c06cce7dba62e1c	3c	6218934f9950	6218580ea0b0	7ffe9f1a8848	1	7ffe9f1a8840	3c	18	fc	7ce404e1ace0	6218934f9960	0	1fc	6218934f9860
42.527920	73519	43	45d8	6	3f6311	6218757ef910	8	10000	7ffe9f1a8980	2add	62187583a4a0	62187584fb90	62187483a490	400000	400000	10000	150e
42.539447	73519	7277	45d8	e	86df82	6218757ef910	63a	10000	7ffe9f1a8980	2add	62187583a4a0	62187584fb90	62187367a490	870000	870000	10000	128f
42.549408	734e3	2add	45d8	10	c798ad	6218757ef910	13ee	10000	7ffe9f1a8980	2add	62187583a4a0	62187584fb90	6218726ba490	c60000	c60000	10000	1058
42.558311	1acbacd60b8a	6218758118e0	5d14	d590	17450	621875804350	62187581b7a0	5d14	7ffe9f1a8978	6218758118e0	62187583a4a0	62187584fb90	6218718fa490	fe0000	fe0000	10000	e60
42.567120	7353a	22cc1	45d8	11	13204fb	6218757ef910	19c0	10000	7ffe9f1a8980	2add	62187583a4a0	62187584fb90	621870b7a490	1330000	1330000	10000	c83
42.574218	7357f	1454	1450	11	15b86e2	6218757ef910	2add	10000	7ffe9f1a8980	2add	62187583a4a0	62187584fb90	62187017a490	15b0000	1450	10000	0
42.580732	73519	29	45d8	5	f5507	6218757ef910	5	10000	7ffe9f1a8980	2add	62187583a4a0	62187584fb90	62187543a490	100000	100000	10000	16be
42.595483	1acbacd60b8a	6218757fa490	3ba	4dbc	4e2c	621890225558	6218757fa500	138b	7ffe9f1a8978	6218757fa490	62187583a4a0	62187584fb90	621873dba490	6b0000	6b0000	10000	138b
42.607327	7353a	9cd9	45d8	f	b64c89	6218757ef910	848	10000	7ffe9f1a8980	2add	62187583a4a0	62187584fb90	621872a7a490	b70000	b70000	10000	10df
42.613318	1acbacd60891	621890aa56f0	30	7ce404e1aca8	28	62187578d680	621890aa56f0	50	7ffe9f1a87f8	62187578d680	621890aa56f0	62187586e3e0	3	62187578d670	7ce404e1ac80	62187578d6a0	621890aa56f0
42.621405	747dd	0	2	62188dd708e0	3	62188dd70850	67	6218936efcc0	7ffe9f1a8980	62187f924010	67	0	22a5	62188dd70800	9	68	62188dd70808
42.631806	73519	6b	45d8	6	14f7c80	6218757ef910	a	10000	7ffe9f1a8980	2add	62187583a4a0	62187584fb90	62187043a490	1500000	1500000	10000	b7e
42.639675	734cf	29a71	45d8	11	102d6e	6218757ef910	1e45	10000	7ffe9f1a8980	2add	62187583a4a0	62187584fb90	62187547a490	f0000	f0000	10000	16c7
42.652122	7351c	29	45d8	5	57200f	6218757ef910	5	10000	7ffe9f1a8980	2add	62187583a4a0	62187584fb90	62187423a490	580000	580000	10000	1436
42.663316	73519	107	45d8	8	933add	6218757ef910	1c	10000	7ffe9f1a8980	2add	62187583a4a0	62187584fb90	62187333a490	940000	940000	10000	121a
42.673622	734e3	2add	45d8	11	d36929	6218757ef910	272b	10000	7ffe9f1a8980	2add	62187583a4a0	62187584fb90	6218723fa490	d10000	d10000	10000	ff5
42.687805	73519	14495	45d8	10	12768fc	6218757ef910	fe7	10000	7ffe9f1a8980	2add	62187583a4a0	62187584fb90	621870e3a490	1280000	1280000	10000	ce6
42.696589	73519	aa9	45d8	b	15d9ca3	6218757ef910	bf	10000	7ffe9f1a8980	2add	62187583a4a0	62187584fb90	6218700ba490	15e0000	15e0000	10000	b00
42.704002	73519	1ddd1	45d8	10	16736f	6218757ef910	1675	10000	7ffe9f1a8980	2add	62187583a4a0	62187584fb90	62187527a490	170000	170000	10000	167f
42.717267	1acbacd60b8a	6218758118e0	5d14	14490	17450	6218757fd450	6218758148a0	5d14	7ffe9f1a8978	6218758118e0	ffffffffe55d5014	62187584fb90	621873e7a490	680000	680000	10000	13a6
42.726322	7353a	72d9	45d8	e	a286f9	6218757ef910	63e	10000	7ffe9f1a8980	2add	62187583a4a0	62187584fb90	621872f7a490	a30000	a30000	10000	1193
42.733558	7356f	1111	4b4c	11	cda7f1	6218757ef910	2add	10000	7ffe9f1a8980	2add	62187583a4a0	62187584fb90	62187257a490	cb0000	4b48	10000	0
42.745773	734c5	28903	45d8	11	106453f	6218757ef910	1d82	10000	7ffe9f1a8980	2add	62187583a4a0	62187584fb90	6218716ba490	1060000	1060000	10000	e18
42.753974	7353a	32b3	45d8	d	1375f4f	6218757ef910	2f3	10000	7ffe9f1a8980	2add	62187583a4a0	62187584fb90	621870a3a490	1380000	1380000	10000	c56
42.762664	7352d	a4b9	45d8	f	16a2804	6218757ef910	8b2	10000	7ffe9f1a8980	2add	62187583a4a0	62187584fb90	62186fdba490	16a0000	16a0000	10000	a94
42.775871	7353a	25c6d	45d8	11	31d7d6	6218757ef910	1bac	10000	7ffe9f1a8980	2add	62187583a4a0	62187584fb90	621874bba490	320000	320000	10000	158c
42.783289	73519	183bb	45d8	10	59512f	6218757ef910	1295	10000	7ffe9f1a8980	2add	62187583a4a0	62187584fb90	6218741ba490	5a0000	5a0000	10000	1424
42.793648	73519	29ad3	45d8	11	91d7db	6218757ef910	1e4a	10000	7ffe9f1a8980	2add	62187583a4a0	62187584fb90	6218733ba490	920000	920000	10000	122c
42.808314	7352d	1b877	45d8	10	d6107e	6218757ef910	14c8	10000	7ffe9f1a8980	2add	62187583a4a0	62187584fb90	6218722ba490	d60000	d60000	10000	fc8
42.817423	73515	6d	45d8	6	10233ab	6218757ef910	b	10000	7ffe9f1a8980	2add	62187583a4a0	62187584fb90	62187177a490	1030000	1030000	10000	e33
42.830711	73519	b179	45d8	f	14ddb68	6218757ef910	944	10000	7ffe9f1a8980	2add	62187583a4a0	62187584fb90	6218704ba490	14e0000	14e0000	10000	b90
42.838862	7356f	1111	91bc	62188bf52260	10df59	6218757ef910	2add	0	7ffe9f1a8980	2add	62187583a4a0	62187584fb90	62187547a490	f0000	91b8	10000	1
42.845163	73f62	2add	621875794ab0	50ce	1bee	0	0	621893ac4bc0	7ffe9f1a8980	5d5b	536	621888028a90	48b79d109586ff7c	2add	4f	537	5b
42.855374	73f1c	6218777894e0	621875794ab0	360a1	dc38	0	0	621893ae5ca0	7ffe9f1a8980	37d1d	2788	621879a64f60	48b79d109586ff7c	2add	4	2789	16
42.863627	84a80	621893b34fa0	946d6b96d6ed0e70	62187eab43e0	4	7ce404e1b3e0	621893b34f90	0	7ffe9f1a8830	0	621893b34fa0	62188e199bb0	7ce404e1ace0	7ffe9f1a8848	62187eab43c0	400	6218580ea2a8
42.878202	73519	2a9f7	45d8	11	fc6470	6218757ef910	1ef4	10000	7ffe9f1a8980	2add	62187583a4a0	62187584fb90	6218718fa490	fd0000	fd0000	10000	e69
42.890538	7353a	2f	45d8	5	14799f8	6218757ef910	6	10000	7ffe9f1a8980	2add	62187583a4a0	62187584fb90	62187063a490	1480000	1480000	10000	bc6
42.903705	73f57	2add	621875794ab0	12772	22e1	12eb3	2378fa	621893c1afa0	7ffe9f1a8980	12eb3	ee2	621878b633a0	48b79d109586ff7c	2add	3d	ee3	4c
42.912344	73519	593	45d8	a	57d00b	6218757ef910	70	10000	7ffe9f1a8980	2add	62187583a4a0	62187584fb90	62187423a490	580000	580000	10000	1436
42.924520	7353a	28729	45d8	11	a0ac14	6218757ef910	1d71	10000	7ffe9f1a8980	2add	62187583a4a0	62187584fb90	621872ffa490	a10000	a10000	10000	11a5
42.934601	73ec8	2add	621875794ab0	62187779ebd0	67dc	0	0	621893cb4880	7ffe9f1a8980	30cad	2307	621890fead20	48b79d109586ff7c	2add	9	2308	1a
42.949590	734c8	1b4f1	45d8	10	13d9114	6218757ef910	149f	10000	7ffe9f1a8980	2add	62187583a4a0	62187584fb90	6218708fa490	13d0000	13d0000	10000	c29
42.963845	73519	f227	45d8	f	1dd249	6218757ef910	c45	10000	7ffe9f1a8980	2add	62187583a4a0	62187584fb90	6218750ba490	1e0000	1e0000	10000	1640
42.972034	73519	95	45d8	7	4f0f06	6218757ef910	f	10000	7ffe9f1a8980	2add	62187583a4a0	62187584fb90	62187443a490	500000	500000	10000	147e
42.979632	1acbacd60b8a	621875828d30	45d8	10050	11760	6218757fbba0	62187582a440	ba28	7ffe9f1a8978	621875828d30	62187583a4a0	62187584fb90	62187387a490	800000	800000	10000	12ce
42.991734	73f45	2add	621875794ab0	a2e5	c7d769	1fd6b	80a6	621893dda9b0	7ffe9f1a8980	1fd5f	17d5	62187b218140	48b79d109586ff7c	2add	5	17d6	15
42.999207	73519	43	45d8	6	f34c4a	6218757ef910	8	10000	7ffe9f1a8980	2add	62187583a4a0	62187584fb90	621871b3a490	f40000	f40000	10000	eba
43.008933	1acbacc63a86	621890c5fb50	7ce404e1ac80	62188d124450	7ce404e1ad00	7ce404e1acf0	0	10	7ffe9f1a86b0	62187578a010	7ce404e1ac80	6	7	621887631cc0	20	48b79d109586ff7c	10
43.024059	7353a	b11	45d8	b	1a860f	6218757ef910	c4	10000	7ffe9f1a8980	2add	62187583a4a0	62187584fb90	62187517a490	1b0000	1b0000	10000	165b
43.030421	7350c	33dc3	45d8	11	62187583a4a0	6218757ef910	2500	10000	7ffe9f1a8980	2add	62187583a4a0	62187584fb90	62187483a490	400000	400000	10000	150e
43.039000	7353a	6b	45d8	6	72ad1a	6218757ef910	a	10000	7ffe9f1a8980	2add	62187583a4a0	62187584fb90	621873b7a490	730000	730000	10000	1343
43.052730	73519	281	45d8	9	c9dd47	6218757ef910	3b	10000	7ffe9f1a8980	2add	62187583a4a0	62187584fb90	6218725ba490	ca0000	ca0000	10000	1034
43.064238	7498d	621891402140	13	0	7	3	62188ab5db90	22a5	7ffe9f1a8980	4	62188ab5db48	621891402358	6218786b8bff	18	8	d	621893ee5550
43.072511	73519	43	45d8	6	147ecf7	6218757ef910	8	10000	7ffe9f1a8980	2add	62187583a4a0	62187584fb90	62187063a490	1480000	1480000	10000	bc6
43.086170	73519	30cad	45d8	11	2c7407	6218757ef910	2307	10000	7ffe9f1a8980	2add	62187583a4a0	62187584fb90	621874cfa490	2d0000	2d0000	10000	15b9
43.093289	84a90	621893f54930	6	62188f116ae8	1	621893f54350	1f	19	7ffe9f1a8850	62188d99fc20	621890b47650	62188f116ae0	48b79d109586ff7c	7ffe9f1a8868	19	22a4	6218580ea2a8
43.103644	7353a	17b	45d8	8	893d13	6218757ef910	24	10000	7ffe9f1a8980	2add	62187583a4a0	62187584fb90	6218735ba490	8a0000	8a0000	10000	1274
43.115570	73521	29afd	45d8	11	d5bf39	6218757ef910	1e4d	10000	7ffe9f1a8980	2add	62187583a4a0	62187584fb90	6218722fa490	d50000	d50000	10000	fd1
43.129861	7353a	becf	45d8	f	12b51f0	6218757ef910	9e1	10000	7ffe9f1a8980	2add	62187583a4a0	62187584fb90	621870d3a490	12c0000	12c0000	10000	cc2
43.143446	73519	8e9	45d8	b	e9559	6218757ef910	a4	10000	7ffe9f1a8980	2add	62187583a4a0	62187584fb90	62187547a490	f0000	f0000	10000	16c7
43.158066	73540	ad	45d8	7	6891f2	6218757ef910	13	10000	7ffe9f1a8980	2add	62187583a4a0	62187584fb90	621873dfa490	690000	690000	10000	139d
43.169214	7357f	fbc	fb8	11	b22008	6218757ef910	2add	10000	7ffe9f1a8980	2add	62187583a4a0	62187584fb90	621872c3a490	b00000	fb8	10000	0
43.183379	73519	70cf	45d8	e	1089787	6218757ef910	62a	10000	7ffe9f1a8980	2add	62187583a4a0	62187584fb90	6218715fa490	1090000	1090000	10000	dfd
43.190648	73519	20cc5	45d8	11	1373846	6218757ef910	187a	10000	7ffe9f1a8980	2add	62187583a4a0	62187584fb90	621870a3a490	1380000	1380000	10000	c56
43.200379	84b27	35	7ffe9f1a88d0	35	621894105350	621893f1a390	1f	40	7ffe9f1a8850	62188c759110	62188a014480	621888427230	48b79d109586ff7c	7ffe9f1a8868	62188a014488	22a4	6218580ea2a8
43.207138	7353a	36323	45d8	11	2bcc29	6218757ef910	267e	10000	7ffe9f1a8980	2add	62187583a4a0	62187584fb90	621874d3a490	2c0000	2c0000	10000	15c2
43.218308	73519	2f	45d8	5	6a4886	6218757ef910	6	10000	7ffe9f1a8980	2add	62187583a4a0	62187584fb90	621873d7a490	6b0000	6b0000	10000	138b
43.232183	73519	69d	45d8	a	be575f	6218757ef910	83	10000	7ffe9f1a8980	2add	62187583a4a0	62187584fb90	62187287a490	bf0000	bf0000	10000	1097
43.240868	1acbacd6110a	0	1	3ba8	62189423a030	0	621894241000	7f	7ffe9f1a8978	0	62189423a030	62188ecd25f0	7ce404e1ace0	62188bf52268	6218757fa490	ab74	7f
43.246595	749f2	62187bd15be0	14	1	9	2	62187bd15ed0	22a5	7ffe9f1a8980	3	62187bd15e40	14	62187d75a8c0	16	7	0	62189422ca40
43.252139	74b76	62189425fd70	f	e0	7ce404e1ac80	0	7	0	7ffe9f1a8980	62189425fd70	62189425fd70	62188bb9ac60	48b79d109586ff7c	621894284b44	2940	6218942851b4	2940
43.263651	7353a	35	45d8	5	add1f	6218757ef910	7	10000	7ffe9f1a8980	2add	62187583a4a0	62187584fb90	62187557a490	b0000	b0000	10000	16eb
43.275730	73515	31c3	45d8	d	513035	6218757ef910	2e6	10000	7ffe9f1a8980	2add	62187583a4a0	62187584fb90	6218743ba490	520000	520000	10000	146c
43.281172	1acbacc64b38	51	50	1eb9d000	1b0	1b1	7ce404e1ac80	90	7ffe9f1a8800	62187c94fdf0	62187c94fdf0	621887631cd0	48b79d109586ff7c	62187c94fde0	7ce404e1ac80	62187c94fe30	50
43.292625	7352d	1aa37	45d8	10	ab84b3	6218757ef910	142e	10000	7ffe9f1a8980	2add	62187583a4a0	62187584fb90	621872d7a490	ab0000	ab0000	10000	114b
43.299823	73519	25b05	45d8	11	d492b8	6218757ef910	1b9e	10000	7ffe9f1a8980	2add	62187583a4a0	62187584fb90	6218722fa490	d50000	d50000	10000	fd1
43.310818	73529	16637	45d8	10	11650be	6218757ef910	114d	10000	7ffe9f1a8980	2add	62187583a4a0	62187584fb90	6218712ba490	1160000	1160000	10000	d88
43.324156	7353a	a7	45d8	7	16a7fec	6218757ef910	12	10000	7ffe9f1a8980	2add	62187583a4a0	62187584fb90	62186fd7a490	16b0000	16b0000	10000	a8b
43.336465	73573	53b4	53b0	11	43df84	6218757ef910	2add	10000	7ffe9f1a8980	2add	62187583a4a0	62187584fb90	62187477a490	430000	53ac	10000	0
43.350018	73519	37a95	45d8	11	95d009	6218757ef910	2769	10000	7ffe9f1a8980	2add	62187583a4a0	62187584fb90	6218732ba490	960000	960000	10000	1208
43.363682	84ab6	621894477db0	3acd6	621881a738d0	2	62189446c620	2f	77	7ffe9f1a8850	62188ce26190	621881a738c0	62188927ded0	48b79d109586ff7c	7ffe9f1a8868	37	22a4	6218580ea2a8
43.372007	73519	71	45d8	6	11cbbad	6218757ef910	c	10000	7ffe9f1a8980	2add	62187583a4a0	62187584fb90	6218710fa490	11d0000	11d0000	10000	d49
43.386264	73519	22d09	45d8	11	54b24	6218757ef910	19c5	10000	7ffe9f1a8980	2add	62187583a4a0	62187584fb90	6218756ba490	60000	60000	10000	1718
43.400413	1acbacd60b8a	621875805eb8	2e8a	98c0	ba28	6218757fc5f8	621875808020	2e8a	7ffe9f1a8978	621875805eb8	ffffffffe55d5158	62188eccbf80	10	5f0000	5f0000	10000	13f7
43.408703	7353a	efb3	45d8	f	932532	6218757ef910	c20	10000	7ffe9f1a8980	2add	62187583a4a0	62187584fb90	62187333a490	940000	940000	10000	121a
43.420173	1acbacc639e8	62187f76f280	7ce404e1ac80	6218906d92f0	7ce404e1ad10	7ce404e1ad00	7ce404e1ac88	21	7ffe9f1a8730	2f	6	6218889c1660	48b79d109586ff7c	621890c5fb50	30	3	20
43.430762	7350c	364b5	45d8	11	62187583a4a0	6218757ef910	2694	10000	7ffe9f1a8980	2add	62187583a4a0	62187584fb90	62187117a490	11b0000	11b0000	10000	d5b
43.436444	7353a	e3	45d8	7	1398091	6218757ef910	17	10000	7ffe9f1a8980	2add	62187583a4a0	62187584fb90	6218709ba490	13a0000	13a0000	10000	c44
43.451226	73519	2a385	45d8	11	21176d	6218757ef910	1eb3	10000	7ffe9f1a8980	2add	62187583a4a0	62187584fb90	621874fba490	220000	220000	10000	161c
43.462381	7353a	4327	45d8	e	6e4700	6218757ef910	3d9	10000	7ffe9f1a8980	2add	62187583a4a0	62187584fb90	621873c7a490	6f0000	6f0000	10000	1367
43.476104	7359a	6218757fa490	468	11	af2dd4	6218757ef910	2add	10000	7ffe9f1a8980	2add	62187583a4a0	62187584fb90	621872cba490	ae0000	464	10000	0
43.487904	73529	a9a3	45d8	f	f10559	6218757ef910	8e9	10000	7ffe9f1a8980	2add	62187583a4a0	62187584fb90	621871bfa490	f10000	f10000	10000	ed5
43.500039	73f54	2add	621875794ab0	179a	1304b85	4c99	12fff38	6218946ac650	7ffe9f1a8980	4c99	451	621881a738c0	48b79d109586ff7c	2add	27	452	35
43.513540	73f62	2add	621875794ab0	c34c	1c4dc	0	0	6218946eafa0	7ffe9f1a8980	1edd5	171e	621879a64f60	48b79d109586ff7c	2add	2e	171f	3e
43.524477	73582	6c00	6c00	11	566ce8	6218757ef910	2add	10000	7ffe9f1a8980	2add	62187583a4a0	62187584fb90	62187433a490	540000	6bfc	10000	0
43.529685	73f5f	2add	621875794ab0	fc09	36621	3cfe9	0	62189473fbc0	7ffe9f1a8980	3cfe9	2ad1	62188bd96ec0	48b79d109586ff7c	2add	a	2ad2	1b
43.544009	73515	13649	45d8	10	cd1f02	6218757ef910	f40	10000	7ffe9f1a8980	2add	62187583a4a0	62187584fb90	6218724ba490	ce0000	ce0000	10000	1010
43.555270	73519	133d9	45d8	10	10fa041	6218757ef910	f26	10000	7ffe9f1a8980	2add	62187583a4a0	62187584fb90	62187143a490	1100000	1100000	10000	dbe
43.566499	7352d	15edb	45d8	10	152a149	6218757ef910	1100	10000	7ffe9f1a8980	2add	62187583a4a0	62187584fb90	6218703ba490	1520000	1520000	10000	b6c
43.573526	73f62	2add	621875794ab0	13b03	1c273	0	0	621894809ea0	7ffe9f1a8980	1f463	176b	6218757ac920	48b79d109586ff7c	2add	19	176c	2a
43.583427	848b5	2	e8d4	10	62189482a560	6218580ea0b0	7ffe9f1a8878	2	7ffe9f1a8870	68d4	c	3c	48b79d109586ff7c	62189482a560	7ffe9f1a8920	13c	62189482a620
43.593667	7353a	31d	45d8	9	8939e9	6218757ef910	45	10000	7ffe9f1a8980	2add	62187583a4a0	62187584fb90	6218735ba490	8a0000	8a0000	10000	1274
43.600505	73519	1dcab	45d8	10	b3d314	6218757ef910	1666	10000	7ffe9f1a8980	2add	62187583a4a0	62187584fb90	621872b3a490	b40000	b40000	10000	10fa
43.615304	7357c	de0c	de08	11	117bbeb	6218757ef910	2add	10000	7ffe9f1a8980	2add	62187583a4a0	62187584fb90	62187133a490	1140000	de04	10000	0
43.628670	1acbacd6110a	0	0	6218	6218949256a0	0	62189492a000	80	7ffe9f1a8978	0	6218949256a0	621884436510	7ce404e1ace0	62188bf52268	6218757fa490	ab74	80
43.637085	73519	b735	45d8	f	291e71	6218757ef910	98f	10000	7ffe9f1a8980	2add	62187583a4a0	62187584fb90	621874dba490	2a0000	2a0000	10000	15d4
43.643225	74a5f	62187b172d30	13	90	62187e6bbb50	2add	1000	22a5	7ffe9f1a8980	1	62187e6bbb20	621894965ec0	62187e6ba000	13	8	13	62189493e610
43.651542	7353a	191b9	45d8	10	7afc5e	6218757ef910	1329	10000	7ffe9f1a8980	2add	62187583a4a0	62187584fb90	62187397a490	7b0000	7b0000	10000	12fb
43.664280	7353a	18167	45d8	10	b426a6	6218757ef910	127a	10000	7ffe9f1a8980	2add	62187583a4a0	62187584fb90	621872afa490	b50000	b50000	10000	10f1
43.669582	73596	6218757fa490	41ac	11	d5de1e	6218757ef910	2add	10000	7ffe9f1a8980	2add	62187583a4a0	62187584fb90	62187237a490	d30000	41a8	10000	0
43.677063	73519	62b	45d8	a	1024557	6218757ef910	7d	10000	7ffe9f1a8980	2add	62187583a4a0	62187584fb90	62187177a490	1030000	1030000	10000	e33
43.682292	73519	23b	45d8	9	123656d	6218757ef910	37	10000	7ffe9f1a8980	2add	62187583a4a0	62187584fb90	621870f3a490	1240000	1240000	10000	d0a
43.695013	73519	6751	45d8	e	4157	6218757ef910	5af	10000	7ffe9f1a8980	2add	62187583a4a0	62187584fb90	6218757fa490	10000	10000	10000	1745
43.701231	73504	e66f	45d8	f	2533e5	6218757ef910	baa	10000	7ffe9f1a8980	2add	62187583a4a0	62187584fb90	621874efa490	250000	250000	10000	1601
43.715030	73519	3257b	45d8	11	77d231	6218757ef910	23f9	10000	7ffe9f1a8980	2add	62187583a4a0	62187584fb90	621873a3a490	780000	780000	10000	1316
43.723936	1acbacc651ec	621894abfbd0	ffffffffffffffa0	3	62187578a010	621893cb4f60	1f	100	7ffe9f1a8820	621894a48b00	6218783cf0b0	621890c5fb60	48b79d109586ff7c	f	621890c5fb60	100	1
43.736632	734c5	91d9	45d8	f	fc0e5b	6218757ef910	7bf	10000	7ffe9f1a8980	2add	62187583a4a0	62187584fb90	62187193a490	fc0000	fc0000	10000	e72
43.742820	7353a	277	45d8	9	1200ae5	6218757ef910	3a	10000	7ffe9f1a8980	2add	62187583a4a0	62187584fb90	621870ffa490	1210000	1210000	10000	d25
43.752359	73519	745	45d8	a	14cae2a	6218757ef910	8a	10000	7ffe9f1a8980	2add	62187583a4a0	62187584fb90	6218704fa490	14d0000	14d0000	10000	b99
43.757553	73519	1fc49	45d8	10	16be4da	6218757ef910	17c5	10000	7ffe9f1a8980	2add	62187583a4a0	62187584fb90	62186fd3a490	16c0000	16c0000	10000	a82
43.764367	7353a	c6d	45d8	b	22294f	6218757ef910	d3	10000	7ffe9f1a8980	2add	62187583a4a0	62187584fb90	621874f7a490	230000	230000	10000	1613
43.776511	7353a	19f5b	45d8	10	6d5223	6218757ef910	13b7	10000	7ffe9f1a8980	2add	62187583a4a0	62187584fb90	621873cba490	6e0000	6e0000	10000	1370
43.787070	7353a	6b	45d8	6	a13878	6218757ef910	a	10000	7ffe9f1a8980	2add	62187583a4a0	62187584fb90	621872fba490	a20000	a20000	10000	119c
43.801744	7df2d	62188bb18650	6218580ea4e8	0	62187578a010	621890b47650	10	621894cb09d0	7ffe9f1a88c8	19061	131a	62188c165150	48b79d109586ff7c	7ffe9f1a8938	0	7ffe9f1a88e0	62188bb18650
43.809314	7353a	2f	45d8	5	12bcbed	6218757ef910	6	10000	7ffe9f1a8980	2add	62187583a4a0	62187584fb90	621870d3a490	12c0000	12c0000	10000	cc2
43.815012	73519	107	45d8	8	14bcbc9	6218757ef910	1c	10000	7ffe9f1a8980	2add	62187583a4a0	62187584fb90	62187053a490	14c0000	14c0000	10000	ba2
43.828725	1acbacd60b8a	6218758118e0	5d14	16a70	17450	6218757fae70	6218758122c0	5d14	7ffe9f1a8978	6218758118e0	62187583a4a0	62187584fb90	621874ffa490	220000	220000	10000	161c
43.839670	7353a	10079	45d8	10	6fe18a	6218757ef910	cf4	10000	7ffe9f1a8980	2add	62187583a4a0	62187584fb90	621873c3a490	700000	700000	10000	135e
43.844945	73519	477d	45d8	e	95a107	6218757ef910	416	10000	7ffe9f1a8980	2add	62187583a4a0	62187584fb90	6218732ba490	960000	960000	10000	1208
43.851908	73519	7207	45d8	e	c564dc	6218757ef910	635	10000	7ffe9f1a8980	2add	62187583a4a0	62187584fb90	6218726ba490	c60000	c60000	10000	1058
43.862728	735a3	1111	a8a8	11	1161ba0	6218757ef910	2add	10000	7ffe9f1a8980	2add	62187583a4a0	62187584fb90	62187137a490	1130000	a8a4	10000	0
43.871554	7353a	35	45d8	5	151dae9	6218757ef910	7	10000	7ffe9f1a8980	2add	62187583a4a0	62187584fb90	6218703ba490	1520000	1520000	10000	b6c
43.884394	73519	f8d7	45d8	f	390522	6218757ef910	c92	10000	7ffe9f1a8980	2add	62187583a4a0	62187584fb90	6218749ba490	3a0000	3a0000	10000	1544
43.892739	7353a	71	45d8	6	732612	6218757ef910	c	10000	7ffe9f1a8980	2add	62187583a4a0	62187584fb90	621873b3a490	740000	740000	10000	133a
43.900748	73519	b867	45d8	f	aca15c	6218757ef910	99a	10000	7ffe9f1a8980	2add	62187583a4a0	62187584fb90	621872cfa490	ad0000	ad0000	10000	1139
43.913700	7353a	ad	45d8	7	10217ee	6218757ef910	13	10000	7ffe9f1a8980	2add	62187583a4a0	62187584fb90	62187177a490	1030000	1030000	10000	e33
43.921071	1acbacd60880	6218926de660	6218926de660	6	14	621894dd1680	6218926de660	621894dd1680	7ffe9f1a8928	6218930eca00	6218930eca00	62188bcd3b70	48b79d109586ff7c	621894dd1680	5	5	14
43.926922	7353a	1949	45d8	c	15f1f57	6218757ef910	18a	10000	7ffe9f1a8980	2add	62187583a4a0	62187584fb90	62187003a490	1600000	1600000	10000	aee
43.940372	7353a	25121	45d8	11	508396	6218757ef910	1b35	10000	7ffe9f1a8980	2add	62187583a4a0	62187584fb90	6218743fa490	510000	510000	10000	1475
43.954488	734d9	6218777894e0	45d8	11	bbdbd6	6218757ef910	27a4	10000	7ffe9f1a8980	2add	62187583a4a0	62187584fb90	6218729ba490	ba0000	ba0000	10000	10c4
43.969340	73519	39eb	45d8	d	1259f49	6218757ef910	35d	10000	7ffe9f1a8980	2add	62187583a4a0	62187584fb90	621870eba490	1260000	1260000	10000	cf8
43.977660	73540	95	45d8	7	1610d46	6218757ef910	f	10000	7ffe9f1a8980	2add	62187583a4a0	62187584fb90	62186ffba490	1620000	1620000	10000	adc
43.988739	73510	9c35	45d8	f	2a2eaf	6218757ef910	83f	10000	7ffe9f1a8980	2add	62187583a4a0	62187584fb90	621874d7a490	2b0000	2b0000	10000	15cb
43.999552	7352d	9c4d	45d8	f	772cc0	6218757ef910	840	10000	7ffe9f1a8980	2add	62187583a4a0	62187584fb90	621873a7a490	770000	770000	10000	131f
44.010581	73519	24677	45d8	11	c5bda5	6218757ef910	1ad3	10000	7ffe9f1a8980	2add	62187583a4a0	62187584fb90	6218726ba490	c60000	c60000	10000	1058
44.021603	73519	1878d	45d8	10	116ff63	6218757ef910	12b5	10000	7ffe9f1a8980	2add	62187583a4a0	62187584fb90	62187127a490	1170000	1170000	10000	d7f
44.027994	1acbacd60b8a	6218758118e0	5d14	6650	17450	62187580b290	6218758226e0	5d14	7ffe9f1a8978	6218758118e0	ffffffffe55d3100	62187584fb90	62187073a490	1450000	1450000	10000	be1
44.034195	734d9	6218777894e0	777	11	16fe178	6218757ef910	2764	3601	7ffe9f1a8980	2add	62187583a4a0	62187584fb90	62186fc7a490	16e3601	16e3601	3601	a67
44.039565	1acbacd60b8a	621875805eb8	2e8a	10e0	ba28	621875804dd8	621875810800	2e8a	7ffe9f1a8978	621875805eb8	62187583a4a0	62187584fb90	62187503a490	210000	210000	10000	1625
44.048590	7353a	617	45d8	a	63ae27	6218757ef910	7a	10000	7ffe9f1a8980	2add	62187583a4a0	62187584fb90	621873f3a490	640000	640000	10000	13ca
44.060430	73519	209a7	45d8	11	b4d5f0	6218757ef910	185c	10000	7ffe9f1a8980	2add	62187583a4a0	62187584fb90	621872afa490	b50000	b50000	10000	10f1
44.071575	7359e	ffff	6bbc	11	1090431	6218757ef910	2add	10000	7ffe9f1a8980	2add	62187583a4a0	62187584fb90	6218716ba490	1060000	6bb8	10000	0
44.083555	735a3	1111	2da8	11	160c024	6218757ef910	2add	10000	7ffe9f1a8980	2add	62187583a4a0	62187584fb90	6218700fa490	15d0000	2da4	10000	0
44.089695	73519	242e1	45d8	11	153e14	6218757ef910	1aae	10000	7ffe9f1a8980	2add	62187583a4a0	62187584fb90	6218752ba490	160000	160000	10000	1688
44.102404	7357c	5ac8	5ac4	11	731b65	6218757ef910	2add	10000	7ffe9f1a8980	2add	62187583a4a0	62187584fb90	621873bba490	720000	5ac0	10000	0
44.116124	7351c	107	45d8	8	d33d24	6218757ef910	1c	10000	7ffe9f1a8980	2add	62187583a4a0	62187584fb90	62187233a490	d40000	d40000	10000	fda
44.126314	734d9	6218777894e0	45d8	b	11a0867	6218757ef910	aa	10000	7ffe9f1a8980	2add	62187583a4a0	62187584fb90	6218711ba490	11a0000	11a0000	10000	d64
44.141371	734c5	1fc27	45d8	10	15dd8d	6218757ef910	17c3	10000	7ffe9f1a8980	2add	62187583a4a0	62187584fb90	6218752fa490	150000	150000	10000	1691
44.151045	73519	22b47	45d8	11	5a913f	6218757ef910	19b2	10000	7ffe9f1a8980	2add	62187583a4a0	62187584fb90	62187417a490	5b0000	5b0000	10000	141b
44.157756	1acbacd6110a	0	1	7908	6218950f0d90	0	6218950f4000	7f	7ffe9f1a8978	0	6218950f0d90	6218935db5a0	7ce404e1ace0	6218863bc8c8	6218757fa490	ab74	7f
44.169185	73519	5411	45d8	e	e07d2a	6218757ef910	4bd	10000	7ffe9f1a8980	2add	62187583a4a0	62187584fb90	621871ffa490	e10000	e10000	10000	f65
44.174498	73519	10bb	45d8	c	107e580	6218757ef910	112	10000	7ffe9f1a8980	2add	62187583a4a0	62187584fb90	62187163a490	1080000	1080000	10000	e06
44.180310	7353a	c89	45d8	b	12d4be2	6218757ef910	d6	10000	7ffe9f1a8980	2add	62187583a4a0	62187584fb90	621870cba490	12e0000	12e0000	10000	cb0
44.185973	73519	addb	45d8	f	1560594	6218757ef910	91d	10000	7ffe9f1a8980	2add	62187583a4a0	62187584fb90	62187027a490	1570000	1570000	10000	b3f
44.191162	73519	6d	45d8	6	8986d	6218757ef910	b	10000	7ffe9f1a8980	2add	62187583a4a0	62187584fb90	6218755fa490	90000	90000	10000	16fd
44.196842	7352d	22471	45d8	11	305919	6218757ef910	196d	10000	7ffe9f1a8980	2add	62187583a4a0	62187584fb90	621874c3a490	300000	300000	10000	159e
44.206760	73519	1a2bd	45d8	10	770ca1	6218757ef910	13e0	10000	7ffe9f1a8980	2add	62187583a4a0	62187584fb90	621873a3a490	780000	780000	10000	1316
44.217265	73519	3ba59	45d8	11	c27473	6218757ef910	29e8	10000	7ffe9f1a8980	2add	62187583a4a0	62187584fb90	62187277a490	c30000	c30000	10000	1073
44.223110	73519	c145	45d8	f	ea93bc	6218757ef910	9fc	10000	7ffe9f1a8980	2add	62187583a4a0	62187584fb90	621871d7a490	eb0000	eb0000	10000	f0b
44.229541	734d9	6218777894e0	45d8	10	1192a72	6218757ef910	1362	10000	7ffe9f1a8980	2add	62187583a4a0	62187584fb90	6218711fa490	1190000	1190000	10000	d6d
44.243430	73536	2735b	45d8	11	9e641	6218757ef910	1c8f	10000	7ffe9f1a8980	2add	62187583a4a0	62187584fb90	6218755ba490	a0000	a0000	10000	16f4
44.252455	73515	3cc2f	45d8	11	4a32b0	6218757ef910	2aac	10000	7ffe9f1a8980	2add	62187583a4a0	62187584fb90	62187457a490	4b0000	4b0000	10000	14ab
44.264528	734c5	1e779	45d8	10	a3bf58	6218757ef910	16d5	10000	7ffe9f1a8980	2add	62187583a4a0	62187584fb90	621872f7a490	a30000	a30000	10000	1193
44.269801	73519	649f	45d8	e	c89fc9	6218757ef910	589	10000	7ffe9f1a8980	2add	62187583a4a0	62187584fb90	6218725fa490	c90000	c90000	10000	103d
44.284838	7353a	6d	45d8	6	135e496	6218757ef910	b	10000	7ffe9f1a8980	2add	62187583a4a0	62187584fb90	621870aba490	1360000	1360000	10000	c68
44.290852	734c5	26f53	45d8	11	1627ad5	6218757ef910	1c70	10000	7ffe9f1a8980	2add	62187583a4a0	62187584fb90	62186ffba490	1620000	1620000	10000	adc
44.298065	7353a	35	45d8	5	20ce72	6218757ef910	7	10000	7ffe9f1a8980	2add	62187583a4a0	62187584fb90	621874ffa490	210000	210000	10000	1625
44.304454	7353a	b57	45d8	b	50beef	6218757ef910	c6	10000	7ffe9f1a8980	2add	62187583a4a0	62187584fb90	6218743fa490	510000	510000	10000	1475
44.312461	7353a	37c9	45d8	d	896677	6218757ef910	33a	10000	7ffe9f1a8980	2add	62187583a4a0	62187584fb90	6218735ba490	8a0000	8a0000	10000	1274
44.321212	7352d	975b	45d8	f	c915fa	6218757ef910	7ff	10000	7ffe9f1a8980	2add	62187583a4a0	62187584fb90	6218725fa490	c90000	c90000	10000	103d
44.329898	73519	317dd	45d8	11	105a122	6218757ef910	236d	10000	7ffe9f1a8980	2add	62187583a4a0	62187584fb90	6218716ba490	1060000	1060000	10000	e18
44.343520	7353a	37c01	45d8	11	1596f9e	6218757ef910	2776	10000	7ffe9f1a8980	2add	62187583a4a0	62187584fb90	6218701ba490	15a0000	15a0000	10000	b24
44.350779	73519	22577	45d8	11	1a936f	6218757ef910	197b	10000	7ffe9f1a8980	2add	62187583a4a0	62187584fb90	62187517a490	1b0000	1b0000	10000	165b
44.357371	7358d	6218757fa490	62cc	11	4dde61	6218757ef910	2add	10000	7ffe9f1a8980	2add	62187583a4a0	62187584fb90	62187453a490	4c0000	62c8	10000	0
44.363064	73540	ad	45d8	7	754eb0	6218757ef910	13	10000	7ffe9f1a8980	2add	62187583a4a0	62187584fb90	621873aba490	760000	760000	10000	1328
44.372410	73519	35	45d8	5	b5b2ee	6218757ef910	7	10000	7ffe9f1a8980	2add	62187583a4a0	62187584fb90	621872aba490	b60000	b60000	10000	10e8
44.385982	73519	2f	45d8	5	1185288	6218757ef910	6	10000	7ffe9f1a8980	2add	62187583a4a0	62187584fb90	6218711fa490	1190000	1190000	10000	d6d
44.396310	7353a	3bad	45d8	d	164caf1	6218757ef910	375	10000	7ffe9f1a8980	2add	62187583a4a0	62187584fb90	62186fefa490	1650000	1650000	10000	ac1
44.407158	73519	a3	45d8	7	3f4990	6218757ef910	11	10000	7ffe9f1a8980	2add	62187583a4a0	62187584fb90	62187483a490	400000	400000	10000	150e
44.414590	73519	175	45d8	8	72eee3	6218757ef910	23	10000	7ffe9f1a8980	2add	62187583a4a0	62187584fb90	621873b7a490	730000	730000	10000	1343
44.423203	7352d	15ac3	45d8	10	b1060d	6218757ef910	10cb	10000	7ffe9f1a8980	2add	62187583a4a0	62187584fb90	621872bfa490	b10000	b10000	10000	1115
44.438133	7352d	1895b	45d8	10	10e3789	6218757ef910	12c9	10000	7ffe9f1a8980	2add	62187583a4a0	62187584fb90	6218714ba490	10e0000	10e0000	10000	dd0
44.451233	73519	ba41	45d8	f	1647d7a	6218757ef910	9a9	10000	7ffe9f1a8980	2add	62187583a4a0	62187584fb90	62186fefa490	1650000	1650000	10000	ac1
44.456949	73519	2e21d	45d8	11	19de8b	6218757ef910	2153	10000	7ffe9f1a8980	2add	62187583a4a0	62187584fb90	6218751ba490	1a0000	1a0000	10000	1664
44.464771	73519	2f	45d8	5	5136e1	6218757ef910	6	10000	7ffe9f1a8980	2add	62187583a4a0	62187584fb90	6218743ba490	520000	520000	10000	146c
44.470976	73519	3a5dd	45d8	11	7e9653	6218757ef910	291f	10000	7ffe9f1a8980	2add	62187583a4a0	62187584fb90	62187387a490	7f0000	7f0000	10000	12d7
44.476450	7353a	e21	45d8	b	a44542	6218757ef910	ef	10000	7ffe9f1a8980	2add	62187583a4a0	62187584fb90	621872efa490	a50000	a50000	10000	1181
44.488796	749f2	62188a4ec7a0	14	2	7	4	62188a4eca60	22a5	7ffe9f1a8980	5	62188a4eca30	16	6218896a9420	14	7	0	621895466c30
44.494470	734f5	2add	45d8	11	1271585	6218757ef910	2a5f	10000	7ffe9f1a8980	2add	62187583a4a0	62187584fb90	621870eba490	1260000	1260000	10000	cf8
44.508138	1acbacd60b8a	6218758118e0	5d14	17010	17450	6218757fa8d0	621875811d20	5d14	7ffe9f1a8978	6218758118e0	62187583a4a0	62187584fb90	6218752ba490	170000	170000	10000	167f
44.521014	1acbacd60b8a	6218757fa490	426	32ac	4c7c	621890227068	6218757fbe60	131f	7ffe9f1a8978	6218757fa490	62187583a4a0	62187584fb90	621873aba490	770000	770000	10000	131f
44.533369	73519	1a70d	45d8	10	cd2a21	6218757ef910	1413	10000	7ffe9f1a8980	2add	62187583a4a0	62187584fb90	6218724ba490	ce0000	ce0000	10000	1010
44.543047	7353a	35	45d8	5	11409a9	6218757ef910	7	10000	7ffe9f1a8980	2add	62187583a4a0	62187584fb90	6218712fa490	1150000	1150000	10000	d91
44.549869	734d9	6218777894e0	45d8	10	145c4de	6218757ef910	176d	10000	7ffe9f1a8980	2add	62187583a4a0	62187584fb90	62187073a490	1440000	1440000	10000	bea
44.561283	73519	43	45d8	6	237bc4	6218757ef910	8	10000	7ffe9f1a8980	2add	62187583a4a0	62187584fb90	621874f3a490	240000	240000	10000	160a
44.568182	1acbacc639e8	6218934b81d0	7ce404e1ac80	621885b3f480	7ce404e1ad70	7ce404e1ad60	7ce404e1ac80	81	7ffe9f1a8730	621891852640	621891852640	621894a48b00	48b79d109586ff7c	621891852630	90	9	50
44.577435	7353a	1b59f	45d8	10	9230e6	6218757ef910	14a9	10000	7ffe9f1a8980	2add	62187583a4a0	62187584fb90	62187337a490	930000	930000	10000	1223
44.591264	73510	39025	45d8	11	f8a42f	6218757ef910	2843	10000	7ffe9f1a8980	2add	62187583a4a0	62187584fb90	621871a7a490	f70000	f70000	10000	e9f
44.600058	73540	17b	45d8	8	1364ce9	6218757ef910	24	10000	7ffe9f1a8980	2add	62187583a4a0	62187584fb90	621870a7a490	1370000	1370000	10000	c5f
44.609684	7357f	8970	896c	6218863bc8c0	e0ba8	6218757ef910	2add	0	7ffe9f1a8980	2add	62187583a4a0	62187584fb90	62187557a490	b0000	896c	10000	1
44.617593	73519	107	45d8	8	44b4a6	6218757ef910	1c	10000	7ffe9f1a8980	2add	62187583a4a0	62187584fb90	6218746fa490	450000	450000	10000	14e1
44.625668	73519	29	45d8	5	7f78e9	6218757ef910	5	10000	7ffe9f1a8980	2add	62187583a4a0	62187584fb90	62187383a490	800000	800000	10000	12ce
44.630875	73519	2425f	45d8	11	a47cbe	6218757ef910	1aa7	10000	7ffe9f1a8980	2add	62187583a4a0	62187584fb90	621872efa490	a50000	a50000	10000	1181
44.639498	73519	12521	45d8	10	e2c4e0	6218757ef910	e85	10000	7ffe9f1a8980	2add	62187583a4a0	62187584fb90	621871f7a490	e30000	e30000	10000	f53
44.646074	73519	33665	45d8	11	1105bdf	6218757ef910	24b2	10000	7ffe9f1a8980	2add	62187583a4a0	62187584fb90	6218713fa490	1110000	1110000	10000	db5
44.656911	7356f	1111	d3f8	11	16189e5	6218757ef910	2add	10000	7ffe9f1a8980	2add	62187583a4a0	62187584fb90	62187003a490	1600000	d3f4	10000	0
44.669809	73519	c6d	45d8	b	4ed757	6218757ef910	d3	10000	7ffe9f1a8980	2add	62187583a4a0	62187584fb90	62187447a490	4f0000	4f0000	10000	1487
44.681699	7353a	e3	45d8	7	a4ff47	6218757ef910	17	10000	7ffe9f1a8980	2add	62187583a4a0	62187584fb90	621872efa490	a50000	a50000	10000	1181
44.687199	7353a	261d7	45d8	11	cce42d	6218757ef910	1bea	10000	7ffe9f1a8980	2add	62187583a4a0	62187584fb90	6218724fa490	cd0000	cd0000	10000	1019
44.693599	73519	be09	45d8	f	fa0f64	6218757ef910	9da	10000	7ffe9f1a8980	2add	62187583a4a0	62187584fb90	62187197a490	fb0000	fb0000	10000	e7b
44.701436	7353a	182b7	45d8	10	131d9dc	6218757ef910	1288	10000	7ffe9f1a8980	2add	62187583a4a0	62187584fb90	621870bba490	1320000	1320000	10000	c8c
44.710444	734fd	6218757af8f0	45d8	11	3f975	6218757ef910	199f	10000	7ffe9f1a8980	2add	62187583a4a0	62187584fb90	62187577a490	30000	30000	10000	1733
44.723805	73519	175	45d8	8	679887	6218757ef910	23	10000	7ffe9f1a8980	2add	62187583a4a0	62187584fb90	621873e3a490	680000	680000	10000	13a6
44.729317	73501	245c5	45d8	11	8ef59f	6218757ef910	1ac9	10000	7ffe9f1a8980	2add	62187583a4a0	62187584fb90	6218734fa490	8d0000	8d0000	10000	1259
44.736262	7353a	292e1	45d8	11	bf9063	6218757ef910	1df0	10000	7ffe9f1a8980	2add	62187583a4a0	62187584fb90	62187283a490	c00000	c00000	10000	108e
44.743361	7353a	19ee5	45d8	10	ef5b68	6218757ef910	13af	10000	7ffe9f1a8980	2add	62187583a4a0	62187584fb90	621871c3a490	f00000	f00000	10000	ede
44.754620	7353a	2af19	45d8	11	1433b36	6218757ef910	1f2a	10000	7ffe9f1a8980	2add	62187583a4a0	62187584fb90	62187073a490	1440000	1440000	10000	bea
44.762944	73519	35	45d8	5	c548e	6218757ef910	7	10000	7ffe9f1a8980	2add	62187583a4a0	62187584fb90	6218754fa490	d0000	d0000	10000	16d9
44.773075	73519	fcfb	45d8	f	56e527	6218757ef910	cc6	10000	7ffe9f1a8980	2add	62187583a4a0	62187584fb90	62187427a490	570000	570000	10000	143f
44.787555	7353a	318dd	45d8	11	bdbe3a	6218757ef910	237a	10000	7ffe9f1a8980	2add	62187583a4a0	62187584fb90	6218728ba490	be0000	be0000	10000	10a0
44.802244	735a3	1111	2d4	11	129bb2f	6218757ef910	2add	10000	7ffe9f1a8980	2add	62187583a4a0	62187584fb90	621870e3a490	1280000	2d0	10000	0
44.813553	73540	4bb3	45d8	e	83b1a	6218757ef910	442	10000	7ffe9f1a8980	2add	62187583a4a0	62187584fb90	62187563a490	80000	80000	10000	1706
44.823740	73510	255ef	45d8	11	52322e	6218757ef910	1b6c	10000	7ffe9f1a8980	2add	62187583a4a0	62187584fb90	6218743ba490	520000	520000	10000	146c
44.830404	73519	101	45d8	8	811743	6218757ef910	1b	10000	7ffe9f1a8980	2add	62187583a4a0	62187584fb90	6218737ba490	820000	820000	10000	12bc
44.836968	73515	427d	45d8	e	addf9d	6218757ef910	3ce	10000	7ffe9f1a8980	2add	62187583a4a0	62187584fb90	621872cba490	ae0000	ae0000	10000	1130
44.846482	73519	11fcf	45d8	10	e7d069	6218757ef910	e4a	10000	7ffe9f1a8980	2add	62187583a4a0	62187584fb90	621871e3a490	e80000	e80000	10000	f26
44.861407	7353a	32911	45d8	11	1535ff4	6218757ef910	2425	10000	7ffe9f1a8980	2add	62187583a4a0	62187584fb90	62187033a490	1540000	1540000	10000	b5a
44.871502	73540	6b	45d8	6	28e782	6218757ef910	a	10000	7ffe9f1a8980	2add	62187583a4a0	62187584fb90	621874dfa490	290000	290000	10000	15dd
44.878816	7353a	2d515	45d8	11	57c1c9	6218757ef910	20d1	10000	7ffe9f1a8980	2add	62187583a4a0	62187584fb90	62187423a490	580000	580000	10000	1436
44.886416	7353a	1942f	45d8	10	8d38fc	6218757ef910	133d	10000	7ffe9f1a8980	2add	62187583a4a0	62187584fb90	6218734ba490	8e0000	8e0000	10000	1250
44.898476	73519	97	45d8	7	e69fef	6218757ef910	10	10000	7ffe9f1a8980	2add	62187583a4a0	62187584fb90	621871e7a490	e70000	e70000	10000	f2f
44.908321	73519	1bfd3	45d8	10	12b402a	6218757ef910	1519	10000	7ffe9f1a8980	2add	62187583a4a0	62187584fb90	621870d3a490	12c0000	12c0000	10000	cc2
44.915414	7353a	35	45d8	5	15fe8d0	6218757ef910	7	10000	7ffe9f1a8980	2add	62187583a4a0	62187584fb90	62187003a490	1600000	1600000	10000	aee
44.921576	7353a	2ffe3	45d8	11	1926ab	6218757ef910	2286	10000	7ffe9f1a8980	2add	62187583a4a0	62187584fb90	6218751ba490	1a0000	1a0000	10000	1664
44.928922	73519	a7	45d8	7	5087c2	6218757ef910	12	10000	7ffe9f1a8980	2add	62187583a4a0	62187584fb90	6218743fa490	510000	510000	10000	1475
44.942862	73519	28db	45d8	d	ab3d58	6218757ef910	265	10000	7ffe9f1a8980	2add	62187583a4a0	62187584fb90	621872d3a490	ac0000	ac0000	10000	1142
44.953004	747d9	3	1	6218899f13d8	2	6218899f1378	68	621895a34050	7ffe9f1a8980	621876fdbe60	67	0	22a4	6218899f1340	6	67	6218899f1348
44.962350	73519	3f5	45d8	9	1291ebb	6218757ef910	55	10000	7ffe9f1a8980	2add	62187583a4a0	62187584fb90	621870dba490	12a0000	12a0000	10000	cd4
44.974196	73519	3b717	45d8	11	4b61	6218757ef910	29c3	10000	7ffe9f1a8980	2add	62187583a4a0	62187584fb90	6218757fa490	10000	10000	10000	1745
44.986409	734d9	6218777894e0	45d8	11	5c6c8c	6218757ef910	2764	10000	7ffe9f1a8980	2add	62187583a4a0	62187584fb90	6218741ba490	5a0000	5a0000	10000	1424
44.993262	7353a	1fd5f	45d8	10	86bed2	6218757ef910	17d4	10000	7ffe9f1a8980	2add	62187583a4a0	62187584fb90	62187367a490	870000	870000	10000	128f
45.006979	73519	2159b	45d8	11	e6554e	6218757ef910	18d8	10000	7ffe9f1a8980	2add	62187583a4a0	62187584fb90	621871e7a490	e70000	e70000	10000	f2f
45.017061	73536	29	45d8	5	12e0407	6218757ef910	5	10000	7ffe9f1a8980	2add	62187583a4a0	62187584fb90	621870c7a490	12f0000	12f0000	10000	ca7
45.024092	7353a	a3	45d8	7	15bdd1d	6218757ef910	11	10000	7ffe9f1a8980	2add	62187583a4a0	62187584fb90	62187013a490	15c0000	15c0000	10000	b12
45.036983	73519	1e83f	45d8	10	275ec4	6218757ef910	16dd	10000	7ffe9f1a8980	2add	62187583a4a0	62187584fb90	621874e3a490	280000	280000	10000	15e6
45.052030	7353a	172bb	45d8	10	818e01	6218757ef910	11d3	10000	7ffe9f1a8980	2add	62187583a4a0	62187584fb90	6218737ba490	820000	820000	10000	12bc
45.063751	7353a	30d1	45d8	d	c1ad6c	6218757ef910	2d8	10000	7ffe9f1a8980	2add	62187583a4a0	62187584fb90	6218727ba490	c20000	c20000	10000	107c
45.077274	7353a	37a99	45d8	11	11a9ee9	6218757ef910	276a	10000	7ffe9f1a8980	2add	62187583a4a0	62187584fb90	62187117a490	11b0000	11b0000	10000	d5b
45.091897	7353a	be7f	45d8	f	16ba1b5	6218757ef910	9dd	10000	7ffe9f1a8980	2add	62187583a4a0	62187584fb90	62186fd3a490	16c0000	16c0000	10000	a82
45.103431	73519	1f75	45d8	c	3e0891	6218757ef910	1e1	10000	7ffe9f1a8980	2add	62187583a4a0	62187584fb90	62187487a490	3f0000	3f0000	10000	1517
45.112846	73519	29	45d8	5	809e09	6218757ef910	5	10000	7ffe9f1a8980	2add	621895b50430	62187584fb90	6218737fa490	810000	810000	10000	12c5
45.123324	73540	2c35	45d8	d	bfec6b	6218757ef910	294	10000	7ffe9f1a8980	2add	62187583a4a0	62187584fb90	62187283a490	c00000	c00000	10000	108e
45.129480	73519	7f4b	45d8	e	e91a3a	6218757ef910	6d4	10000	7ffe9f1a8980	2add	62187583a4a0	62187584fb90	621871dba490	ea0000	ea0000	10000	f14
45.141344	73519	3561b	45d8	11	13d7b02	6218757ef910	25ff	10000	7ffe9f1a8980	2add	62187583a4a0	62187584fb90	6218708ba490	13e0000	13e0000	10000	c20
45.148499	7353a	3b42b	45d8	11	16d3446	6218757ef910	29ab	10000	7ffe9f1a8980	2add	62187583a4a0	62187584fb90	62186fcba490	16e0000	16e0000	10000	a70
45.157592	73519	13ea1	45d8	10	3be898	6218757ef910	fa3	10000	7ffe9f1a8980	2add	62187583a4a0	62187584fb90	62187493a490	3c0000	3c0000	10000	1532
45.164656	74b76	621895ca9f90	11	100	7ce404e1ac80	0	7ce404e1ac80	0	7ffe9f1a8980	621895ca9f90	621895ca9f90	621890f7ee00	48b79d109586ff7c	621895cc9874	2a30	621895cc9b24	2a30
45.171418	73519	fb	45d8	7	91a816	6218757ef910	1a	10000	7ffe9f1a8980	2add	62187583a4a0	62187584fb90	6218733ba490	920000	920000	10000	122c
45.179649	73519	a41d	45d8	f	c06916	6218757ef910	8a8	10000	7ffe9f1a8980	2add	62187583a4a0	62187584fb90	6218727fa490	c10000	c10000	10000	1085
45.192895	734c1	2e5e9	45d8	11	112799d	6218757ef910	217f	10000	7ffe9f1a8980	2add	62187583a4a0	62187584fb90	6218713ba490	1120000	1120000	10000	dac
45.202782	735a3	1111	d478	11	14f4991	6218757ef910	2add	10000	7ffe9f1a8980	2add	62187583a4a0	62187584fb90	6218704fa490	14d0000	d474	10000	0
45.215986	74778	3	7	ff	8	62187d88fe28	ff	621895d1f840	7ffe9f1a8980	621876f48ba0	62187d88fe28	6	22a5	62188cdf10c0	6	68	62188cdf10c8
45.228738	7353d	38597	45d8	11	8c2a14	6218757ef910	27e4	10000	7ffe9f1a8980	2add	62187583a4a0	62187584fb90	6218735fa490	890000	890000	10000	127d
45.242908	7352d	3a50b	45d8	11	e3a834	6218757ef910	2916	10000	7ffe9f1a8980	2add	62187583a4a0	62187584fb90	621871f7a490	e30000	e30000	10000	f53
45.248482	73519	df	45d8	7	10984f3	6218757ef910	16	10000	7ffe9f1a8980	2add	62187583a4a0	62187584fb90	6218715ba490	10a0000	10a0000	10000	df4
45.256025	73519	31717	45d8	11	13c1533	6218757ef910	2367	10000	7ffe9f1a8980	2add	62187583a4a0	62187584fb90	6218708fa490	13d0000	13d0000	10000	c29
45.270669	7353a	b1f1	45d8	f	2f4f10	6218757ef910	94b	10000	7ffe9f1a8980	2add	62187583a4a0	62187584fb90	621874c3a490	300000	300000	10000	159e
45.282052	735a3	1111	bfc8	6218863bc8c0	7e2d47	6218757ef910	2add	0	7ffe9f1a8980	2add	62187583a4a0	62187584fb90	6218738fa490	7d0000	bfc4	10000	1
45.291401	73529	2c9db	45d8	11	b912a1	6218757ef910	205d	10000	7ffe9f1a8980	2add	62187583a4a0	62187584fb90	6218729fa490	b90000	b90000	10000	10cd
45.303361	7353a	14b	45d8	8	f8b2e0	6218757ef910	20	10000	7ffe9f1a8980	2add	62187583a4a0	62187584fb90	6218719fa490	f90000	f90000	10000	e8d
45.316837	73540	5e31	45d8	e	158572d	6218757ef910	542	10000	7ffe9f1a8980	2add	62187583a4a0	62187584fb90	62187023a490	1580000	1580000	10000	b36
45.325862	1acbacd60b8a	6218758001a4	1745	3898	5d14	6218757fc90c	621875802620	1745	7ffe9f1a8978	6218758001a4	62187583a4a0	62187584fb90	621874f3a490	250000	250000	10000	1601
45.335825	7353a	29	45d8	5	6dbfcf	6218757ef910	5	10000	7ffe9f1a8980	2add	62187583a4a0	62187584fb90	621873cba490	6e0000	6e0000	10000	1370
45.349807	734fd	6218757af8f0	45d8	7	c90037	6218757ef910	10	10000	7ffe9f1a8980	2add	62187583a4a0	62187584fb90	6218725fa490	c90000	c90000	10000	103d
45.360484	7353a	2bda7	45d8	11	111e084	6218757ef910	1fd9	10000	7ffe9f1a8980	2add	62187583a4a0	62187584fb90	6218713ba490	1120000	1120000	10000	dac
45.371321	7353a	16eb	45d8	c	160c43b	6218757ef910	16d	10000	7ffe9f1a8980	2add	62187583a4a0	62187584fb90	62186fffa490	1610000	1610000	10000	ae5
45.381440	7353a	f341	45d8	f	36df34	6218757ef910	c4f	10000	7ffe9f1a8980	2add	62187583a4a0	62187584fb90	621874a7a490	370000	370000	10000	155f
45.393659	1acbacc61806	7ce404e1ace0	62187578e0b0	211	1	0	7ce404e1ac80	20	7ffe9f1a8870	621e57f64bee	621876711c60	210	48b79d109586ff7c	7ce404e1ac90	7ce404e1ac80	62187578e0d0	62187578e
45.402977	734c8	20c5	45d8	d	c9175f	6218757ef910	1f3	10000	7ffe9f1a8980	2add	62187583a4a0	62187584fb90	6218725fa490	c90000	c90000	10000	103d
45.415389	7353a	2f	45d8	5	11e568e	6218757ef910	6	10000	7ffe9f1a8980	2add	62187583a4a0	62187584fb90	62187107a490	11f0000	11f0000	10000	d37
45.425971	1acbacc629d1	5	110	f	621895f85030	62187578a010	7	621895f85020	7ffe9f1a88e0	621895f85030	62187d6dfc00	62188ec3b0b0	48b79d109586ff7c	7ce404e1ac80	0	621895f80e60	70
45.438324	74b62	62189601d030	11	100	7ce404e1ac80	0	7ce404e1ac80	0	7ffe9f1a8980	62189601d030	62189601d030	6218960274a0	48b79d109586ff7c	62189602e010	1a6b	6218960321d4	1a6c
45.444464	7353a	71	45d8	6	7d28e7	6218757ef910	c	10000	7ffe9f1a8980	2add	62187583a4a0	62187584fb90	6218738ba490	7e0000	7e0000	10000	12e0
45.453907	73582	2b40	2b40	11	be84c4	6218757ef910	2add	10000	7ffe9f1a8980	2add	62187583a4a0	62187584fb90	62187293a490	bc0000	2b3c	10000	0
45.463110	734d9	6218777894e0	45d8	11	fc4e28	6218757ef910	1f73	10000	7ffe9f1a8980	2add	62187583a4a0	62187584fb90	62187197a490	fb0000	fb0000	10000	e7b
45.470174	73519	1d12f	45d8	10	12a7f52	6218757ef910	15e9	10000	7ffe9f1a8980	2add	62187583a4a0	62187584fb90	621870d7a490	12b0000	12b0000	10000	ccb
45.483034	7353a	1a5	45d8	8	1391ac	6218757ef910	29	10000	7ffe9f1a8980	2add	62187583a4a0	62187584fb90	62187533a490	140000	140000	10000	169a
45.489316	7353a	29099	45d8	11	3e3dc4	6218757ef910	1dd8	10000	7ffe9f1a8980	2add	62187583a4a0	62187584fb90	62187487a490	3f0000	3f0000	10000	1517
45.497526	7353a	307d	45d8	d	7aeeff	6218757ef910	2d3	10000	7ffe9f1a8980	2add	62187583a4a0	62187584fb90	62187397a490	7b0000	7b0000	10000	12fb
45.504922	7353a	1a35	45d8	c	ac45be	6218757ef910	199	10000	7ffe9f1a8980	2add	62187583a4a0	62187584fb90	621872cfa490	ad0000	ad0000	10000	1139
45.516845	7353a	161	45d8	8	fdfe49	6218757ef910	22	10000	7ffe9f1a8980	2add	62187583a4a0	62187584fb90	6218718ba490	fe0000	fe0000	10000	e60
45.523584	73515	95	45d8	7	12b28fb	6218757ef910	f	10000	7ffe9f1a8980	2add	62187583a4a0	62187584fb90	621870d3a490	12c0000	12c0000	10000	cc2
45.531947	73519	665	45d8	a	166fc5c	6218757ef910	80	10000	7ffe9f1a8980	2add	62187583a4a0	62187584fb90	62186fe7a490	1670000	1670000	10000	aaf
45.539763	73519	107	45d8	8	23399a	6218757ef910	1c	10000	7ffe9f1a8980	2add	62187583a4a0	62187584fb90	621874f3a490	240000	240000	10000	160a
45.547052	73519	37165	45d8	11	57d38c	6218757ef910	2713	10000	7ffe9f1a8980	2add	62187583a4a0	62187584fb90	62187423a490	580000	580000	10000	1436
45.557853	73519	18d	45d8	8	989386	6218757ef910	27	10000	7ffe9f1a8980	2add	62187583a4a0	62187584fb90	6218731fa490	990000	990000	10000	11ed
45.566751	7353a	74dd	45d8	e	d7f0f1	6218757ef910	653	10000	7ffe9f1a8980	2add	62187583a4a0	62187584fb90	62187223a490	d80000	d80000	10000	fb6
45.572107	734c8	1ba87	45d8	10	fd4fe2	6218757ef910	14e5	10000	7ffe9f1a8980	2add	62187583a4a0	62187584fb90	6218718fa490	fd0000	fd0000	10000	e69
45.585539	73519	101	45d8	8	15a551f	6218757ef910	1b	10000	7ffe9f1a8980	2add	62187583a4a0	62187584fb90	62187017a490	15b0000	15b0000	10000	b1b
45.598812	7353a	13531	45d8	10	449424	6218757ef910	f30	10000	7ffe9f1a8980	2add	62187583a4a0	62187584fb90	6218746fa490	450000	450000	10000	14e1
45.610226	7353a	d7bd	45d8	f	941169	6218757ef910	aff	10000	7ffe9f1a8980	2add	62187583a4a0	62187584fb90	6218732fa490	950000	950000	10000	1211
45.619276	734d9	6218777894e0	45d8	11	d422b1	6218757ef910	1cc5	10000	7ffe9f1a8980	2add	62187583a4a0	62187584fb90	62187233a490	d40000	d40000	10000	fda
45.626335	73510	13d93	45d8	10	1055d83	6218757ef910	f97	10000	7ffe9f1a8980	2add	62187583a4a0	62187584fb90	6218716ba490	1060000	1060000	10000	e18
45.635220	7353a	29	45d8	5	142e297	6218757ef910	5	10000	7ffe9f1a8980	2add	62187583a4a0	62187584fb90	62187077a490	1430000	1430000	10000	bf3
45.642932	735a3	1111	8ae8	11	a978e	6218757ef910	2add	10000	7ffe9f1a8980	2add	62187583a4a0	62187584fb90	62187567a490	70000	8ae4	10000	0
45.650964	73519	357ad	45d8	11	3ed249	6218757ef910	2614	10000	7ffe9f1a8980	2add	62187583a4a0	62187584fb90	62187487a490	3f0000	3f0000	10000	1517
45.656550	734d9	6218777894e0	45d8	10	683797	6218757ef910	1499	10000	7ffe9f1a8980	2add	62187583a4a0	62187584fb90	621873e3a490	680000	680000	10000	13a6
45.670982	73596	6218757fa490	c3e0	11	cd220d	6218757ef910	2add	10000	7ffe9f1a8980	2add	62187583a4a0	62187584fb90	6218724fa490	cd0000	c3dc	10000	0
45.685803	7352d	381d9	45d8	11	12d0125	6218757ef910	27ba	10000	7ffe9f1a8980	2add	62187583a4a0	62187584fb90	621870d3a490	12c0000	12c0000	10000	cc2
45.694446	73529	211b7	45d8	11	161ff1d	6218757ef910	18ab	10000	7ffe9f1a8980	2add	62187583a4a0	62187584fb90	62186fffa490	1610000	1610000	10000	ae5
45.707971	7353a	36595	45d8	11	49a19e	6218757ef910	269d	10000	7ffe9f1a8980	2add	62187583a4a0	62187584fb90	6218745ba490	4a0000	4a0000	10000	14b4
45.718672	7353a	1e637	45d8	10	909e67	6218757ef910	16ca	10000	7ffe9f1a8980	2add	62187583a4a0	62187584fb90	6218733fa490	910000	910000	10000	1235
45.726232	7353a	191	45d8	8	c2a7fb	6218757ef910	28	10000	7ffe9f1a8980	2add	62187583a4a0	62187584fb90	62187277a490	c30000	c30000	10000	1073
45.733929	7353a	2ea15	45d8	11	faec9a	6218757ef910	21a8	10000	7ffe9f1a8980	2add	62187583a4a0	62187584fb90	62187197a490	fb0000	fb0000	10000	e7b
45.741577	7353a	1cfbd	45d8	10	1277e31	6218757ef910	15d6	10000	7ffe9f1a8980	2add	62187583a4a0	62187584fb90	621870e3a490	1280000	1280000	10000	ce6
45.753432	735a3	1111	6fd8	11	84165	6218757ef910	2add	10000	7ffe9f1a8980	2add	62187583a4a0	62187584fb90	62187567a490	70000	6fd4	10000	0
45.762110	1acbacd60b8a	6218758118e0	5d14	15310	17450	6218757fc5d0	621875813a20	5d14	7ffe9f1a8978	6218758118e0	62187583a4a0	62187584fb90	6218746ba490	470000	470000	10000	14cf
45.772947	734cf	8af5	45d8	f	9048d0	6218757ef910	773	10000	7ffe9f1a8980	2add	62187583a4a0	62187584fb90	62187343a490	900000	900000	10000	123e
45.785615	73519	301	45d8	9	e70004	6218757ef910	43	10000	7ffe9f1a8980	2add	62187583a4a0	62187584fb90	621871e3a490	e80000	e80000	10000	f26
45.793832	73519	841	45d8	b	1186854	6218757ef910	9c	10000	7ffe9f1a8980	2add	62187583a4a0	62187584fb90	6218711fa490	1190000	1190000	10000	d6d
45.808625	7353a	35	45d8	5	f4262	6218757ef910	7	10000	7ffe9f1a8980	2add	62187583a4a0	62187584fb90	62187543a490	100000	100000	10000	16be
45.821936	73519	503f	45d8	e	696f2e	6218757ef910	48c	10000	7ffe9f1a8980	2add	62187583a4a0	62187584fb90	621873dba490	6a0000	6a0000	10000	1394
45.828530	73529	32c9	45d8	d	941217	6218757ef910	2f5	10000	7ffe9f1a8980	2add	62187583a4a0	62187584fb90	62187333a490	940000	940000	10000	121a
45.840187	73529	9f89	45d8	f	e231d3	6218757ef910	865	10000	7ffe9f1a8980	2add	62187583a4a0	62187584fb90	621871fba490	e20000	e20000	10000	f5c
45.846383	73519	21035	45d8	11	108dd85	6218757ef910	189b	10000	7ffe9f1a8980	2add	62187583a4a0	62187584fb90	6218715fa490	1090000	1090000	10000	dfd
45.857721	735a3	1111	eb9c	11	15a9b19	6218757ef910	2add	10000	7ffe9f1a8980	2add	62187583a4a0	62187584fb90	6218701fa490	1590000	eb98	10000	0
45.865795	73519	71	45d8	6	1ce80a	6218757ef910	c	10000	7ffe9f1a8980	2add	62187583a4a0	62187584fb90	6218750fa490	1d0000	1d0000	10000	1649
45.879442	73587	6218757fa490	5f30	11	7790bf	6218757ef910	2add	10000	7ffe9f1a8980	2add	62187583a4a0	62187584fb90	621873afa490	750000	5f2c	10000	0
45.892702	73519	2ca53	45d8	11	cf80fc	6218757ef910	2063	10000	7ffe9f1a8980	2add	62187583a4a0	62187584fb90	62187243a490	d00000	d00000	10000	ffe
45.903054	749f2	62188dc5a6d0	13	1	6	0	62188dc5a978	22a5	7ffe9f1a8980	1	62188dc5a900	13	6218813e7560	13	a	0	62189659b4c0
45.913028	73519	1b1	45d8	8	1454adc	6218757ef910	2a	10000	7ffe9f1a8980	2add	62187583a4a0	62187584fb90	6218706ba490	1460000	1460000	10000	bd8
45.920287	7353a	29e9	45d8	d	5c227	6218757ef910	277	10000	7ffe9f1a8980	2add	62187583a4a0	62187584fb90	6218756ba490	60000	60000	10000	1718
45.933063	73540	215b	45d8	d	5a7fd5	6218757ef910	1f9	10000	7ffe9f1a8980	2add	62187583a4a0	62187584fb90	62187417a490	5b0000	5b0000	10000	141b
45.943906	73519	29	45d8	5	a497e2	6218757ef910	5	10000	7ffe9f1a8980	2add	62187583a4a0	62187584fb90	621872efa490	a50000	a50000	10000	1181
45.957576	7353a	29f69	45d8	11	102c0ee	6218757ef910	1e82	10000	7ffe9f1a8980	2add	62187583a4a0	62187584fb90	62187177a490	1030000	1030000	10000	e33
45.964629	7359a	6218757fa490	9708	6218863bc8c0	129b4a1	6218757ef910	2add	0	7ffe9f1a8980	2add	62187583a4a0	62187584fb90	621870eba490	1260000	9704	10000	1
45.971283	73515	97	45d8	7	14b875b	6218757ef910	10	10000	7ffe9f1a8980	2add	62187583a4a0	62187584fb90	62187053a490	14c0000	14c0000	10000	ba2
45.980386	7353a	101	45d8	8	12188d	6218757ef910	1b	10000	7ffe9f1a8980	2add	62187583a4a0	62187584fb90	62187537a490	130000	130000	10000	16a3
45.987948	7353a	11eff	45d8	10	44578d	6218757ef910	e41	10000	7ffe9f1a8980	2add	62187583a4a0	62187584fb90	6218746fa490	450000	450000	10000	14e1
46.002800	73521	1b5c3	45d8	10	a88252	6218757ef910	14ab	10000	7ffe9f1a8980	2add	62187583a4a0	62187584fb90	621872e3a490	a80000	a80000	10000	1166
46.012257	73596	6218757fa490	5a9c	11	ec33ed	6218757ef910	2add	10000	7ffe9f1a8980	2add	62187583a4a0	62187584fb90	621871dfa490	e90000	5a98	10000	0
46.018434	734c5	14c75	45d8	10	1123225	6218757ef910	103b	10000	7ffe9f1a8980	2add	62187583a4a0	62187584fb90	6218713ba490	1120000	1120000	10000	dac
46.032598	a535a	36dbbd77b88327c	3ad99	0	1d6b1	fffffffffffff363	680c54dc75f9cecd	34feb	7ffe9f1a8978	3ad99	c9c	0	d9b99e4f540a014a	2970	7ffffffffffff363	97f3ab238a063133	2add
46.041669	73519	233	45d8	9	3fbfbf	6218757ef910	36	10000	7ffe9f1a8980	2add	62187583a4a0	62187584fb90	62187483a490	400000	400000	10000	150e
46.049393	7353a	15967	45d8	10	6ef9fe	6218757ef910	10bf	10000	7ffe9f1a8980	2add	62187583a4a0	62187584fb90	621873c7a490	6f0000	6f0000	10000	1367
46.058193	7353d	1147	45d8	c	ab9342	6218757ef910	11c	10000	7ffe9f1a8980	2add	62187583a4a0	62187584fb90	621872d3a490	ac0000	ac0000	10000	1142
46.063629	73582	3380	3380	11	d05bc2	6218757ef910	2add	10000	7ffe9f1a8980	2add	62187583a4a0	62187584fb90	62187247a490	cf0000	337c	10000	0
46.075502	73529	2a605	45d8	11	12068f4	6218757ef910	1eca	10000	7ffe9f1a8980	2add	62187583a4a0	62187584fb90	62187103a490	1200000	1200000	10000	d2e
46.082741	7353a	c9cb	45d8	f	146a5d6	6218757ef910	a62	10000	7ffe9f1a8980	2add	62187583a4a0	62187584fb90	62187067a490	1470000	1470000	10000	bcf
46.093650	73510	cad9	45d8	f	85449	6218757ef910	a76	10000	7ffe9f1a8980	2add	62187583a4a0	62187584fb90	6218755fa490	90000	90000	10000	16fd
46.107750	73529	3332b	45d8	11	691de6	6218757ef910	2490	10000	7ffe9f1a8980	2add	62187583a4a0	62187584fb90	621873e7a490	670000	670000	10000	13af
46.114222	73519	5441	45d8	e	8ea843	6218757ef910	4c0	10000	7ffe9f1a8980	2add	62187583a4a0	62187584fb90	62187347a490	8f0000	8f0000	10000	1247
46.120202	7353a	35	45d8	5	b3a25e	6218757ef910	7	10000	7ffe9f1a8980	2add	62187583a4a0	62187584fb90	621872b3a490	b40000	b40000	10000	10fa
46.129374	73519	185	45d8	8	f0025b	6218757ef910	26	10000	7ffe9f1a8980	2add	62187583a4a0	62187584fb90	621871bfa490	f10000	f10000	10000	ed5
46.137403	1acbacc626c9	ffffffffffffffa0	20	ffffffffffffffe0	0	62187578a010	7ce404e1ac80	621876711c60	7ffe9f1a8860	621879bc81d0	1	2	48b79d109586ff7c	7ce404e1ac80	0	621876711c70	7ffe9f1a8a30
46.148553	73536	2ccb	45d8	d	145a1	6218757ef910	29d	10000	7ffe9f1a8980	2add	62187583a4a0	62187584fb90	6218757ba490	20000	20000	10000	173c
46.154986	73519	67f	45d8	a	2fc57b	6218757ef910	81	10000	7ffe9f1a8980	2add	62187583a4a0	62187584fb90	621874c3a490	300000	300000	10000	159e
46.165478	7353a	17b	45d8	8	781196	6218757ef910	24	10000	7ffe9f1a8980	2add	62187583a4a0	62187584fb90	6218739fa490	790000	790000	10000	130d
46.173255	73f35	2add	621875794ab0	dcdb	6218757af8f0	0	0	62189691e690	7ffe9f1a8980	1a7e5	141a	621892543d10	48b79d109586ff7c	2add	17	141b	27
46.182812	7352d	2216b	45d8	11	f29466	6218757ef910	194a	10000	7ffe9f1a8980	2add	62187583a4a0	62187584fb90	621871bba490	f20000	f20000	10000	ecc
46.197942	7352d	27d4b	45d8	11	15e89bf	6218757ef910	1d03	10000	7ffe9f1a8980	2add	62187583a4a0	62187584fb90	6218700ba490	15e0000	15e0000	10000	b00
46.207278	1acbacd60b8a	6218757fa490	18c	4cb4	56e4	621890225660	6218757faec0	15b9	7ffe9f1a8978	6218757fa490	62187583a4a0	62187584fb90	621874d3a490	2d0000	2d0000	10000	15b9
46.221799	73515	2b033	45d8	11	968278	6218757ef910	1f3c	10000	7ffe9f1a8980	2add	62187583a4a0	62187584fb90	62187327a490	970000	970000	10000	11ff
46.235490	1acbacd60b8a	621875805eb8	2e8a	5b20	ba28	621875800398	62187580bdc0	2e8a	7ffe9f1a8978	621875805eb8	62187583a4a0	62187584fb90	6218718fa490	fe0000	fe0000	10000	e60
46.246024	73519	2f399	45d8	11	14a1e1e	6218757ef910	220b	10000	7ffe9f1a8980	2add	62187583a4a0	62187584fb90	62187057a490	14b0000	14b0000	10000	bab
46.253629	7353a	29	45d8	5	ef01f	6218757ef910	5	10000	7ffe9f1a8980	2add	62187583a4a0	62187584fb90	62187547a490	f0000	f0000	10000	16c7
46.259983	73519	d3	45d8	7	3caee8	6218757ef910	15	10000	7ffe9f1a8980	2add	62187583a4a0	62187584fb90	6218748fa490	3d0000	3d0000	10000	1529
46.274037	73573	b28	b24	11	957e16	6218757ef910	2add	10000	7ffe9f1a8980	2add	62187583a4a0	62187584fb90	62187337a490	930000	b20	10000	0
46.288213	7353a	1433	45d8	c	f12fa7	6218757ef910	143	10000	7ffe9f1a8980	2add	62187583a4a0	62187584fb90	621871bba490	f20000	f20000	10000	ecc
46.302452	7353a	35b	45d8	9	1545a51	6218757ef910	4c	10000	7ffe9f1a8980	2add	62187583a4a0	62187584fb90	6218702fa490	1550000	1550000	10000	b51
46.309784	734cf	2106d	45d8	11	18ca36	6218757ef910	189d	10000	7ffe9f1a8980	2add	62187583a4a0	62187584fb90	62187523a490	180000	180000	10000	1676
46.316452	734fd	6218757af8f0	45d8	11	44563a	6218757ef910	1a9a	10000	7ffe9f1a8980	2add	62187583a4a0	62187584fb90	62187477a490	430000	430000	10000	14f3
46.327410	7353a	1cd	45d8	8	8cf580	6218757ef910	2c	10000	7ffe9f1a8980	2add	62187583a4a0	62187584fb90	6218734fa490	8d0000	8d0000	10000	1259
46.341926	7352d	1931	45d8	c	da11f8	6218757ef910	187	10000	7ffe9f1a8980	2add	62187583a4a0	62187584fb90	6218721ba490	da0000	da0000	10000	fa4
46.393271	1acbacc64870	0	7ce404e1ac80	ab81	16381	621896b74c80	3	ab74	7ffe9f1a8870	0	621896b6a110	62187c94fde0	7ce404e1ace0	ffffffffffffffa0	ab80	62187578a010	ab6
46.405908	1acbacd6110a	0	1	9c88	621896b6a110	0	621896b6b000	7f	7ffe9f1a8978	0	621896b6a110	62187c94fde0	7ce404e1ace0	6218863bc8c8	6218757fa490	ab74	7f
46.418171	73519	31a9	45d8	d	14756ed	6218757ef910	2e5	10000	7ffe9f1a8980	2add	62187583a4a0	62187584fb90	62187063a490	1480000	1480000	10000	bc6
46.424444	73519	17f	45d8	8	1d894	6218757ef910	25	10000	7ffe9f1a8980	2add	62187583a4a0	62187584fb90	6218757ba490	20000	20000	10000	173c
46.439225	73519	29	45d8	5	6b08b9	6218757ef910	5	10000	7ffe9f1a8980	2add	62187583a4a0	62187584fb90	621873d3a490	6c0000	6c0000	10000	1382
46.447743	7353a	6d	45d8	6	975806	6218757ef910	b	10000	7ffe9f1a8980	2add	62187583a4a0	62187584fb90	62187323a490	980000	980000	10000	11f6
46.462752	73519	284ad	45d8	11	105bb63	6218757ef910	1d59	10000	7ffe9f1a8980	2add	62187583a4a0	62187584fb90	6218716ba490	1060000	1060000	10000	e18
46.476032	7353a	539f	45d8	e	165fb06	6218757ef910	4b7	10000	7ffe9f1a8980	2add	62187583a4a0	62187584fb90	62186feba490	1660000	1660000	10000	ab8
46.489572	73587	6218757fa490	ca44	11	560e57	6218757ef910	2add	10000	7ffe9f1a8980	2add	62187583a4a0	62187584fb90	6218742ba490	560000	ca40	10000	0
46.502871	73540	97	45d8	7	b268dd	6218757ef910	10	10000	7ffe9f1a8980	2add	62187583a4a0	62187584fb90	621872b7a490	b30000	b30000	10000	1103
46.514132	73519	277f	45d8	d	fbf3aa	6218757ef910	250	10000	7ffe9f1a8980	2add	62187583a4a0	62187584fb90	62187193a490	fc0000	fc0000	10000	e72
46.522446	73573	b7ac	b7a8	11	13aed83	6218757ef910	2add	10000	7ffe9f1a8980	2add	62187583a4a0	62187584fb90	6218709fa490	1390000	b7a4	10000	0
46.528653	1acbacc64870	0	7ce404e1ac80	ab81	b891	621896d19770	3	ab74	7ffe9f1a8870	0	621896d0ec00	62189491a800	7ce404e1ace0	ffffffffffffffa0	ab80	62187578a010	ab6
46.542962	7353a	1a5	45d8	8	5695ae	6218757ef910	29	10000	7ffe9f1a8980	2add	62187583a4a0	62187584fb90	62187427a490	570000	570000	10000	143f
46.556920	73540	61	45d8	6	b9f1ce	6218757ef910	9	10000	7ffe9f1a8980	2add	62187583a4a0	62187584fb90	6218729ba490	ba0000	ba0000	10000	10c4
46.562761	1acbacc6288a	1b1	90	7	390	0	7	62188bfe9b00	7ffe9f1a88e0	62188bfe9b10	62188c759110	6218920f7d60	48b79d109586ff7c	7ce404e1ac80	0	62188bfe9b90	1b0
46.573524	73536	2f3e9	45d8	11	12d3d57	6218757ef910	220d	10000	7ffe9f1a8980	2add	62187583a4a0	62187584fb90	621870cba490	12e0000	12e0000	10000	cb0
46.586545	7359a	6218757fa490	3e1c	11	e44c1	6218757ef910	2add	10000	7ffe9f1a8980	2add	62187583a4a0	62187584fb90	62187553a490	c0000	3e18	10000	0
46.597757	1acbacd60b8a	621875828d30	45d8	dbd0	11760	6218757fe020	62187582c8c0	ba28	7ffe9f1a8978	621875828d30	ffffffffe55d51a0	621890dee6f0	10	5d0000	5d0000	10000	1409
46.611979	73519	335	45d8	9	c19716	6218757ef910	48	10000	7ffe9f1a8980	2add	62187583a4a0	62187584fb90	6218727ba490	c20000	c20000	10000	107c
46.617397	1acbacd60b8a	621875828d30	45d8	4090	11760	621875807b60	621875836400	ba28	7ffe9f1a8978	621875828d30	62187583a4a0	62187584fb90	621871efa490	e60000	e60000	10000	f38
46.625561	7353a	36ee1	45d8	11	11a523c	6218757ef910	26f3	10000	7ffe9f1a8980	2add	62187583a4a0	62187584fb90	62187117a490	11b0000	11b0000	10000	d5b
46.640625	7353a	2cb7f	45d8	11	10d2e0	6218757ef910	206c	10000	7ffe9f1a8980	2add	62187583a4a0	62187584fb90	6218753fa490	110000	110000	10000	16b5
46.654007	734d4	6218777894e0	45d8	f	7019f2	6218757ef910	9d4	10000	7ffe9f1a8980	2add	62187583a4a0	62187584fb90	621873c3a490	700000	700000	10000	135e
46.667986	73519	d4dd	45d8	f	d0d04a	6218757ef910	add	10000	7ffe9f1a8980	2add	62187583a4a0	62187584fb90	6218723fa490	d10000	d10000	10000	ff5
46.678551	73519	2f	45d8	5	11a0191	6218757ef910	6	10000	7ffe9f1a8980	2add	62187583a4a0	62187584fb90	62187117a490	11b0000	11b0000	10000	d5b
46.690393	6cebf	621896f0aa80	29b0	0	7ce404e1ac80	0	7	29b1	7ffe9f1a86f0	621896f0aa80	621896f0aa80	62187aaa9e60	48b79d109586ff7c	6218764ac940	104	1fff	11
46.701025	6cebf	621875846830	2230	0	7ce404e1ac80	62188d381f50	62188df110d0	2231	7ffe9f1a86f0	621875846830	621875846830	62188d381f50	48b79d109586ff7c	62187813f740	367	15e0	11
46.710204	1acbacc6170f	7ce404e1ad90	7ce404e1ac80	c1	62187d5d3020	7ce404e1ad90	621876a64960	81	7ffe9f1a84e0	0	0	62188e163760	7ce404e1ace0	30	90	c0	7
46.722210	6cebf	6218777aa820	29c4	0	7ce404e1ac80	621887bc9f60	621888140310	29c5	7ffe9f1a86f0	6218777aa820	6218777aa820	621887bc9f60	48b79d109586ff7c	62187b6378f0	7e2	22dc	11
46.736515	6cebb	62187f9293e0	c69	0	7ce404e1ac80	62187578a010	7	c69	7ffe9f1a86f0	62187f9293e0	62187f9293e0	62187cd210f0	48b79d109586ff7c	62187d8f9e50	ad5	9f6	f
46.746556	6cec4	62187a78cbe0	1e8	0	7ce404e1ac80	62187578a010	7	1e9	7ffe9f1a86f0	62187a78cbe0	62187a78cbe0	7ce404e1add0	48b79d109586ff7c	62187e7e3860	c1a	1e1	f
46.756862	6cebf	621896f8eda0	10e8	0	7ce404e1ac80	62187578a010	7	10e9	7ffe9f1a86f0	621896f8eda0	621896f8eda0	621896f8d000	48b79d109586ff7c	62187ec01c60	c73	ee1	10
46.772061	6cebf	621896fb1550	6e0	0	7ce404e1ac80	62187578a010	7	6e1	7ffe9f1a86f0	621896fb1550	621896fb1550	621896fae000	48b79d109586ff7c	62188055a480	e9e	3d8	f
46.784195	6cec4	621896ff4e00	513	0	7ce404e1ac80	62187578a010	7	514	7ffe9f1a86f0	621896ff4e00	621896ff4e00	621896ff0000	48b79d109586ff7c	62188376a680	12e1	14d	e
46.790633	6cebf	62189700a1e0	147c	0	7ce404e1ac80	62187578a010	7	147d	7ffe9f1a86f0	62189700a1e0	62189700a1e0	621896ff0000	48b79d109586ff7c	6218846e7e10	1437	134b	e
46.805329	6ceaa	6218970793a0	1a54	0	7ce404e1ac80	1bbe1	7ce404e1ac80	1a55	7ffe9f1a86f0	6218970793a0	6218970793a0	7	48b79d109586ff7c	6218897a9fe0	1b2b	d9a	16
46.816987	6cebf	6218970c13c0	b80	0	7ce404e1ac80	62187578a010	7	b81	7ffe9f1a86f0	6218970c13c0	6218970c13c0	7	48b79d109586ff7c	62188d104200	1fad	b2c	10
46.831346	6cea0	62189712dba0	1964	0	7ce404e1ac80	c3e1	7ce404e1ac80	1965	7ffe9f1a86f0	62189712dba0	62189712dba0	621897119000	48b79d109586ff7c	62189339f510	2663	dee	15
46.839921	6ceaa	62189716c140	13af	0	7ce404e1ac80	62187578a010	7	13b0	7ffe9f1a86f0	62189716c140	62189716c140	7	48b79d109586ff7c	621896547d70	2a3d	b48	f
46.847868	1acbacc64870	0	7ce404e1ac80	4d1	ebd1	6218976ad430	2	4c8	7ffe9f1a85e0	98	6218976acf70	77	7ce404e1ace0	ffffffffffffffa0	4d0	4d	4b
46.859861	1acbacc64870	0	7ce404e1ac80	501	1dff1	621898466010	2	4f0	7ffe9f1a85e0	98	621898465b20	77	7ce404e1ace0	ffffffffffffffa0	500	50	4e
46.869415	6dc0b	3	621897dfd0d8	d	4b0	277a	3	2b1d	7ffe9f1a86f0	0	6218971e2238	c	621897320010	d0	2b1d	3	99
46.881104	6dd8c	6218973e0398	621897e00cc0	17	6218972a71c8	277a	9	591	7ffe9f1a86f0	90	6218971e5e20	18	6218973e0340	90	2b1d	64	90
46.893151	6dd95	621897453228	621897e03090	1d	621897311e68	277a	f	9ba	7ffe9f1a86f0	88	6218971e81f0	1c	6218974531a0	88	2b1d	38	8a
46.901346	6dc0b	a	621897e04428	20	478	277a	a	2b1d	7ffe9f1a86f0	0	6218971e9588	20	621897491f70	d0	2b1d	a	99
46.906858	6dd80	6218974b91c0	621897e05058	22	62189736af10	277a	14	d32	7ffe9f1a86f0	84	6218971ea1b8	20	6218974b9110	84	2b1d	64	85
46.912047	6de85	621898030d20	621897e059d0	24	62189810dc20	277a	0	2b1d	7ffe9f1a86f0	120	6218971eab30	24	7d	d0	2b1d	621897402cb0	7d
46.918911	6dd95	6218974fe030	621897e065d0	26	6218974463c0	277a	20	15bd	7ffe9f1a86f0	78	6218971eb730	24	6218974fdf20	78	2b1d	30	79
46.928256	6deaa	621897e6de20	621897e07440	28	621898165e20	277a	1c	2b1d	7ffe9f1a86f0	140	6218971ec5a0	28	95	d0	2b1d	621897250c40	95
46.936995	6dc12	b	621897e080d0	2b	468	277a	b	2b1d	7ffe9f1a86f0	0	6218971ed230	2c	621897554920	d0	2b1d	c	99
46.944557	6dd8c	621897571cf0	621897e089e8	2c	62189742d440	277a	1e	14c4	7ffe9f1a86f0	78	6218971edb48	2c	621897571bf0	78	2b1d	8	7b
46.954606	6dd86	621897598570	621897e095e8	2e	62189754ef30	277a	2e	200d	7ffe9f1a86f0	68	6218971ee748	2c	6218975983f0	68	2b1d	0	6b
46.967895	6dd80	6218975cb190	621897e0a5c0	31	621897291c10	277a	8	4bc	7ffe9f1a86f0	90	6218971ef720	30	6218975cb140	90	2b1d	6c	91
46.982581	6dc1e	2b	621897e0b388	33	368	277a	2b	2b1d	7ffe9f1a86f0	754010915530000	6218971f04e8	34	6218975f74b0	d0	2b1d	ac0	99
46.996144	6dd9f	62189761e780	621897e0bfb8	35	621897492570	277a	24	18b4	7ffe9f1a86f0	74	6218971f1118	34	62189761e650	74	2b1d	3c	75
47.006810	6dbf7	4	621897e0c8d0	37	4a0	277a	4	2b1d	7ffe9f1a86f0	0	6218971f1a30	38	62189763b920	d0	2b1d	5	99
47.021144	6de85	621897fd4f20	621897e0d398	38	6218982a3b20	277a	1c	2b1d	7ffe9f1a86f0	1c0	6218971f24f8	38	82	d0	2b1d	6218973aa5d0	82
47.035861	6dd86	62189767eb78	621897e0ddb8	3a	62189747ae08	277a	23	17ca	7ffe9f1a86f0	74	6218971f2f18	38	62189767ea50	74	2b1d	28	76
47.042018	6dd8c	62189768b158	621897e0e190	3b	6218975e80f8	277a	35	2604	7ffe9f1a86f0	64	6218971f32f0	3c	62189768afa0	64	2b1d	28	64
47.053345	6de85	621897ece220	621897e0e5f8	3b	6218982e0f20	277a	0	2b1d	7ffe9f1a86f0	1d8	6218971f3758	3c	91	d0	2b1d	6218972ad680	91
47.065652	6dd86	6218976ade00	621897e0ec70	3c	621897255e30	277a	2	267	7ffe9f1a86f0	94	6218971f3dd0	3c	6218976adde0	94	2b1d	0	97
47.077291	6de85	621898131620	621897e0f3a8	3e	62189830e920	277a	0	2b1d	7ffe9f1a86f0	1f0	6218971f4508	3c	6218976c5070	d0	2b1d	6218974f9bc0	70
47.086590	6de85	621898247320	621897e0f8d0	3f	62189831fc20	277a	1c	2b1d	7ffe9f1a86f0	1f8	6218971f4a30	40	62	d0	2b1d	621897605210	62
47.100879	6dc84	2f	621897e10038	40	99	277a	2f	2142	7ffe9f1a86f0	2f	6218971f5198	40	6218976ed550	d0	2b1d	b16	99
47.114932	6dc4e	19	621897e10758	41	677	277a	19	2b1d	7ffe9f1a86f0	621898a89420	6218971f58b8	40	621897704310	d0	2b1d	5b5	99
47.123478	6de85	62189834ea20	621897e10bd8	42	62189835f320	277a	1c	2b1d	7ffe9f1a86f0	210	6218971f5d38	40	621897712a10	d0	2b1d	621897702b00	54
47.137117	6dd86	621897725ee8	621897e111d8	43	6218973d5208	277a	19	1155	7ffe9f1a86f0	80	6218971f6338	44	621897725e10	80	2b1d	0	80
47.147040	6dd86	621897733850	621897e11610	43	6218975c1420	277a	34	2481	7ffe9f1a86f0	64	6218971f6770	44	6218977336a0	64	2b1d	0	65
47.154694	6dd86	62189773f2e0	621897e119b8	44	621897318850	277a	10	9fc	7ffe9f1a86f0	88	6218971f6b18	44	62189773f250	88	2b1d	40	89
47.163259	6dc4e	2d	621897e11d00	45	b49	277a	2d	2b1d	7ffe9f1a86f0	621898a89420	6218971f6e60	44	621897749ac0	d0	2b1d	a70	99
47.176553	6dc00	5	621897e12318	46	498	277a	5	2b1d	7ffe9f1a86f0	0	6218971f7478	44	62189775d390	d0	2b1d	6	99
47.186774	6dd9f	62189776bc98	621897e12798	46	621897693398	277a	3f	2caf	7ffe9f1a86f0	58	6218971f78f8	44	62189776ba90	58	2b1d	8	5a
47.194514	6dd86	6218977756c8	621897e12a98	47	6218977088a8	277a	45	3141	7ffe9f1a86f0	54	6218971f7bf8	48	621897775490	54	2b1d	0	54
47.207032	6dc08	19	621897e13068	48	400	277a	18	2b1d	7ffe9f1a86f0	0	6218971f81c8	48	621897787ef0	d0	2b1d	19	99
47.216728	6dd86	621897796260	621897e134d0	49	6218974b7f10	277a	26	1a2b	7ffe9f1a86f0	70	6218971f8630	48	621897796120	70	2b1d	58	73
47.224002	6dd86	62189779d990	621897e13728	49	62189723a370	277a	2	153	7ffe9f1a86f0	94	6218971f8888	48	62189779d970	94	2b1d	14	97
47.230535	6de85	621898357b20	621897e139c8	49	6218983f8520	277a	0	2b1d	7ffe9f1a86f0	248	6218971f8b28	48	6218977a6030	d0	2b1d	62189770b690	54
47.239351	6de85	621898207220	621897e13db8	4a	621898405720	277a	0	2b1d	7ffe9f1a86f0	250	6218971f8f18	48	65	d0	2b1d	6218975c7780	65
47.249409	6de85	621897fa7f20	621897e141d8	4b	621898413320	277a	1c	2b1d	7ffe9f1a86f0	258	6218971f9338	4c	6218977bfe10	d0	2b1d	62189737f0d0	84
47.264151	6dda5	6218977d0d68	621897e14718	4c	621897623528	277a	39	2853	7ffe9f1a86f0	60	6218971f9878	4c	6218977d0b90	60	2b1d	54	60
47.274898	6dd8c	6218977de0e0	621897e14b38	4c	621897576a80	277a	30	2199	7ffe9f1a86f0	68	6218971f9c98	4c	6218977ddf50	68	2b1d	c	69
47.281420	6dedc	621897fb9220	621897e14d78	4d	621898439f20	277a	4c	2b1d	7ffe9f1a86f0	0	6218971f9ed8	4c	2	d0	2b1d	4c	83
47.290266	6de85	6218981c3a20	621897e150a8	4d	621898444920	277a	2c	2b1d	7ffe9f1a86f0	268	6218971fa208	4c	6218977ef670	d0	2b1d	621897586800	68
47.303588	6dd9f	6218977fe960	621897e15558	4e	621897741b20	277a	48	337b	7ffe9f1a86f0	50	6218971fa6b8	4c	6218977fe710	50	2b1d	10	51
47.313699	6de85	621897f72820	621897e15900	4f	621898460620	277a	44	2b1d	7ffe9f1a86f0	278	6218971faa60	50	87	d0	2b1d	62189734b9e0	87
47.319879	6de85	621898389120	621897e15b40	4f	621898467e20	277a	3c	2b1d	7ffe9f1a86f0	278	6218971faca0	50	51	d0	2b1d	62189773aef0	51
47.326651	6de85	6218983ec220	621897e15cf0	4f	62189846d820	277a	4	2b1d	7ffe9f1a86f0	278	6218971fae50	50	4d	d0	2b1d	62189779a480	4d
47.334635	6de8b	6218983be320	621897e15ee8	50	621898474120	277a	4	2b1d	7ffe9f1a86f0	280	6218971fb048	50	4f	d0	2b1d	62189776e110	4f
47.340832	6dc08	2f	621897e16140	50	350	277a	2e	2b1d	7ffe9f1a86f0	0	6218971fb2a0	50	621897824a40	d0	2b1d	2f	99
47.347022	6de85	621897e90420	621897e162f0	50	621898481820	277a	0	2b1d	7ffe9f1a86f0	280	6218971fb450	50	96	d0	2b1d	621897271da0	96
47.355366	6dbf7	48	621897e16530	51	280	277a	48	2b1d	7ffe9f1a86f0	0	6218971fb690	50	621897831460	d0	2b1d	49	99
47.364052	6dd86	6218978380c8	621897e16740	51	6218977d5fe8	277a	4f	3942	7ffe9f1a86f0	48	6218971fb8a0	50	621897837e40	48	2b1d	1c	4a
47.373245	6dd95	621897841db8	621897e16a58	51	621897359cb8	277a	13	c87	7ffe9f1a86f0	84	6218971fbbb8	50	621897841d10	84	2b1d	c	86
47.385085	6dd86	62189784a980	621897e16d10	52	6218973d6550	277a	1a	1161	7ffe9f1a86f0	7c	6218971fbe70	50	62189784a8a0	7c	2b1d	0	7f
47.390726	6dd8c	6218978504d8	621897e16ed8	52	6218973a5998	277a	17	f7b	7ffe9f1a86f0	80	6218971fc038	50	621897850410	80	2b1d	4c	82
47.403667	6dd9f	621897857348	621897e17100	53	62189730fcb8	277a	f	9a5	7ffe9f1a86f0	88	6218971fc260	54	6218978572c0	88	2b1d	80	8a
47.418049	6de85	6218983ca120	621897e173a0	53	6218984b9220	277a	34	2b1d	7ffe9f1a86f0	298	6218971fc500	54	4e	d0	2b1d	6218977797f0	4e
47.423639	6dd86	621897864da8	621897e17538	53	62189775af68	277a	49	3477	7ffe9f1a86f0	50	6218971fc698	54	621897864b50	50	2b1d	1c	50
47.436878	6dd92	62189786ff48	621897e178b0	54	621897652d98	277a	3b	2a2d	7ffe9f1a86f0	5c	6218971fca10	54	62189786fd60	5c	2b1d	20	5e
47.445542	6dd86	621897875de0	621897e17a90	54	621897274460	277a	6	396	7ffe9f1a86f0	90	6218971fcbf0	54	621897875da0	90	2b1d	0	93
47.459539	6dd86	6218978816e8	621897e17e20	55	62189777a8c8	277a	4b	35b2	7ffe9f1a86f0	4c	6218971fcf80	54	621897881480	4c	2b1d	38	4e
47.466475	6de85	621898280120	621897e17f88	55	6218984e0d20	277a	0	2b1d	7ffe9f1a86f0	2a8	6218971fd0e8	54	5f	d0	2b1d	62189763bdf0	5f
47.475561	6dd95	62189788c728	621897e18198	55	621897330e28	277a	11	aef	7ffe9f1a86f0	88	6218971fd2f8	54	62189788c690	88	2b1d	74	88
47.488740	6de85	621897e5d520	621897e18450	56	6218984f0c20	277a	0	2b1d	7ffe9f1a86f0	2b0	6218971fd5b0	54	96	d0	2b1d	621897240d30	96
47.495763	6dc4e	3d	621897e18648	56	f7e	277a	3d	2b1d	7ffe9f1a86f0	621898a89420	6218971fd7a8	54	62189789b730	d0	2b1d	e94	99
47.510733	6de85	6218980aab20	621897e189f0	57	621898503820	277a	44	2b1d	7ffe9f1a86f0	2b8	6218971fdb50	58	76	d0	2b1d	621897478190	76
47.525622	6dd8c	6218978b3fe0	621897e18de0	57	6218978ad600	277a	5a	41a6	7ffe9f1a86f0	3c	6218971fdf40	58	6218978b3d00	3c	2b1d	38	3f
47.531844	6dd86	6218978b8a90	621897e18f60	58	62189731fbd0	277a	10	a44	7ffe9f1a86f0	88	6218971fe0c0	58	6218978b8a00	88	2b1d	30	89
47.539183	6ded0	621898395420	621897e19068	58	621898519120	277a	58	2b1d	7ffe9f1a86f0	58	6218971fe1c8	58	51	d0	2b1d	621897746aa0	51
47.552734	6dd9f	6218978c3e78	621897e192d8	58	621897783df8	277a	4b	360f	7ffe9f1a86f0	4c	6218971fe438	58	6218978c3c10	4c	2b1d	48	4e
47.559266	6dd86	6218978c7b90	621897e19410	58	621897402da0	277a	1c	131d	7ffe9f1a86f0	7c	6218971fe570	58	6218978c7aa0	7c	2b1d	0	7d
47.567526	6dc84	1d	621897e19548	59	99	277a	1d	1401	7ffe9f1a86f0	1d	6218971fe6a8	58	6218978cb930	d0	2b1d	6ab	99
47.575168	6dd86	6218978cfcd0	621897e19698	59	621897276fb0	277a	6	3b1	7ffe9f1a86f0	90	6218971fe7f8	58	6218978cfc90	90	2b1d	c	93
47.588662	6dbf7	46	621897e198c0	59	290	277a	46	2b1d	7ffe9f1a86f0	0	6218971fea20	58	6218978d6b40	d0	2b1d	47	99
47.594848	6dd86	6218978da688	621897e199e0	59	6218975644e8	277a	2f	20e2	7ffe9f1a86f0	68	6218971feb40	58	6218978da500	68	2b1d	5c	6a
47.609677	6de92	621898429b20	621897e19d58	5a	621898544320	277a	44	2b1d	7ffe9f1a86f0	2d0	6218971feeb8	58	4a	d0	2b1d	6218977d5890	4a
47.623197	6de8b	6218980ca920	621897e1a0e8	5b	621898550120	277a	48	2b1d	7ffe9f1a86f0	2d8	6218971ff248	5c	75	d0	2b1d	621897496c70	75
47.630863	6dc08	2a	621897e1a280	5b	378	277a	29	2b1d	7ffe9f1a86f0	0	6218971ff3e0	5c	6218978f5fc0	d0	2b1d	2a	99
47.637100	6dd86	6218978fa9f0	621897e1a3e8	5b	621897683950	277a	3e	2c13	7ffe9f1a86f0	58	6218971ff548	5c	6218978fa7f0	58	2b1d	0	5b
47.646805	6dd86	621897901db0	621897e1a628	5b	621897714930	277a	46	31b9	7ffe9f1a86f0	50	6218971ff788	5c	621897901b70	50	2b1d	4c	53
47.661045	6dc4e	25	621897e1a9a0	5c	97c	277a	25	2b1d	7ffe9f1a86f0	621898a89420	6218971ffb00	5c	62189790cd80	d0	2b1d	8a3	99
47.672331	6dc00	44	621897e1abf8	5c	2a0	277a	44	2b1d	7ffe9f1a86f0	0	6218971ffd58	5c	6218979145d0	d0	2b1d	45	99
47.680988	6dd86	62189791a648	621897e1add8	5d	62189726e8e8	277a	5	35d	7ffe9f1a86f0	94	6218971fff38	5c	62189791a610	94	2b1d	24	94
47.687981	6de85	62189801dc20	621897e1af70	5d	621898580820	277a	1c	2b1d	7ffe9f1a86f0	2e8	6218972000d0	5c	7d	d0	2b1d	6218973f0720	7d
47.697762	6de85	6218981dc520	621897e1b198	5d	621898587b20	277a	3c	2b1d	7ffe9f1a86f0	2e8	6218972002f8	5c	67	d0	2b1d	62189759e430	67
47.712079	6dd63	108	621897e1b4b0	4c8	1ffffffffffffff8	277a	21	1686	7ffe9f1a86f0	78	621897200610	5c	621897930560	78	2b1d	62189745a520	78
47.720222	6dd86	621897936c28	621897e1b6a8	5e	6218975dd888	277a	35	259b	7ffe9f1a86f0	64	621897200808	5c	621897936a70	64	2b1d	10	64
47.727681	6dd8c	62189793bd38	621897e1b840	5e	621897418358	277a	1d	13f2	7ffe9f1a86f0	7c	6218972009a0	5c	62189793bc40	7c	2b1d	74	7c
47.735423	6de85	62189854c520	621897e1b9f0	5f	6218985a3820	277a	c	2b1d	7ffe9f1a86f0	2f8	621897200b50	60	3b	d0	2b1d	6218978ed430	3b
47.743161	6dd86	621897945748	621897e1bb40	5f	621897435638	277a	1f	1515	7ffe9f1a86f0	78	621897200ca0	60	621897945640	78	2b1d	0	7a
47.752780	6de85	621897e34620	621897e1bd20	5f	6218985ae220	277a	0	2b1d	7ffe9f1a86f0	2f8	621897200e80	60	99	d0	2b1d	6218972196c0	99
47.758453	6dd86	62189794e4c8	621897e1bdf8	5f	6218978d8fe8	277a	5d	4359	7ffe9f1a86f0	3c	621897200f58	60	62189794e1d0	3c	2b1d	4	3c
47.769672	6de85	62189834f420	621897e1c080	60	6218985b9620	277a	5c	2b1d	7ffe9f1a86f0	300	6218972011e0	60	6218979563c0	d0	2b1d	6218977034a0	54
47.777418	6de85	6218980e3920	621897e1c218	60	6218985beb20	277a	2c	2b1d	7ffe9f1a86f0	300	621897201378	60	62189795b590	d0	2b1d	6218974aed70	74
47.782730	6de85	621897f68d20	621897e1c368	60	6218985c3120	277a	54	2b1d	7ffe9f1a86f0	300	6218972014c8	60	87	d0	2b1d	6218973424b0	87
47.791600	6dbf7	14	621897e1c560	61	420	277a	14	2b1d	7ffe9f1a86f0	0	6218972016c0	60	621897965e00	d0	2b1d	15	99
47.806031	6dd8c	62189796dcb0	621897e1c7d0	61	621897571d80	277a	30	2169	7ffe9f1a86f0	68	621897201930	60	62189796db20	68	2b1d	50	69
47.815498	6dd8c	6218979738a0	621897e1c998	61	6218976b01a0	277a	40	2dcf	7ffe9f1a86f0	58	621897201af8	60	621897973690	58	2b1d	4	59
47.821638	6de92	621898292d20	621897e1cad0	62	6218985dbc20	277a	18	2b1d	7ffe9f1a86f0	310	621897201c30	60	5e	d0	2b1d	62189764deb0	5e
47.828309	6de85	621897fe5820	621897e1cc38	62	6218985e0720	277a	4	2b1d	7ffe9f1a86f0	310	621897201d98	60	81	d0	2b1d	6218973ba4e0	81
47.840211	6dd86	621897981b08	621897e1ce00	62	621897731c08	277a	47	32dc	7ffe9f1a86f0	50	621897201f60	60	6218979818c0	50	2b1d	8	52
47.846368	6dc08	b	621897e1ced8	62	470	277a	a	2b1d	7ffe9f1a86f0	0	621897202038	60	621897984410	d0	2b1d	b	99
47.855355	6dd8c	621897988a10	621897e1d028	62	6218977fd1a0	277a	52	3ac8	7ffe9f1a86f0	44	621897202188	60	621897988770	44	2b1d	20	47
47.868353	6dd86	62189798df88	621897e1d1d8	63	621897548ee8	277a	2d	1fd1	7ffe9f1a86f0	6c	621897202338	64	62189798de10	6c	2b1d	34	6c
47.879925	6de92	621898452a20	621897e1d358	63	6218985f8320	277a	4	2b1d	7ffe9f1a86f0	318	6218972024b8	64	47	d0	2b1d	6218977fcf00	47
47.885353	6de85	6218980e4320	621897e1d418	63	6218985fab20	277a	24	2b1d	7ffe9f1a86f0	318	621897202578	64	621897995190	d0	2b1d	6218974af710	74
47.892608	6dc08	35	621897e1d508	63	320	277a	34	2b1d	7ffe9f1a86f0	0	621897202668	64	6218979981b0	d0	2b1d	35	99
47.898042	6de85	621898009220	621897e1d5c8	63	621898600520	277a	c	2b1d	7ffe9f1a86f0	318	621897202728	64	7f	d0	2b1d	6218973dc980	7f
47.907553	6de85	6218982d8d20	621897e1d748	64	621898605520	277a	3c	2b1d	7ffe9f1a86f0	320	6218972028a8	64	5a	d0	2b1d	6218976914b0	5a
47.921688	6dd86	6218979a6f20	621897e1d9a0	64	6218975a84a0	277a	32	2388	7ffe9f1a86f0	64	621897202b00	64	6218979a6d80	64	2b1d	0	67
47.930667	6de85	62189823b020	621897e1dac0	64	621898610e20	277a	0	2b1d	7ffe9f1a86f0	320	621897202c20	64	63	d0	2b1d	6218975f9660	63
47.941007	6dd95	6218979b0438	621897e1dc88	64	621897568848	277a	2f	210c	7ffe9f1a86f0	68	621897202de8	64	6218979b02b0	68	2b1d	18	6a
47.951939	6dd8c	6218979b6e30	621897e1de98	65	6218975a1120	277a	32	2340	7ffe9f1a86f0	64	621897202ff8	64	6218979b6c90	64	2b1d	3c	67
47.960207	6de85	621898537120	621897e1e000	65	621898622620	277a	28	2b1d	7ffe9f1a86f0	328	621897203160	64	6218979bb4c0	d0	2b1d	6218978d8cf0	3c
47.966682	6dd80	6218979bfa20	621897e1e150	65	62189768c4e0	277a	3e	2c6a	7ffe9f1a86f0	58	6218972032b0	64	6218979bf820	58	2b1d	34	5b
47.972182	6de85	62189805dd20	621897e1e258	65	62189862a320	277a	54	2b1d	7ffe9f1a86f0	328	6218972033b8	64	7b	d0	2b1d	62189742e1b0	7b
47.981103	6de85	62189808ee20	621897e1e3c0	66	62189862ee20	277a	0	2b1d	7ffe9f1a86f0	330	621897203520	64	6218979c7540	d0	2b1d	62189745d540	78
47.994963	6de85	621898119f20	621897e1e588	66	621898634d20	277a	0	2b1d	7ffe9f1a86f0	330	6218972036e8	64	71	d0	2b1d	6218974e32d0	71
48.007094	6dd86	6218979d2dd0	621897e1e750	66	6218975c9610	277a	34	24d2	7ffe9f1a86f0	64	6218972038b0	64	6218979d2c20	64	2b1d	20	65
48.015962	6dcc2	2f	621897e1e888	66	6218971dd000	277a	2f	20e2	7ffe9f1a86f0	2f	6218972039e8	64	6218979d6ab0	d0	2b1d	98	6a
48.026641	6de85	621897fbc920	621897e1ea38	67	621898644720	277a	0	2b1d	7ffe9f1a86f0	338	621897203b98	68	83	d0	2b1d	621897392e70	83
48.033812	6de85	621898152d20	621897e1eb40	67	621898647e20	277a	0	2b1d	7ffe9f1a86f0	338	621897203ca0	68	6e	d0	2b1d	621897519eb0	6e
48.042497	6de81	62189821f320	621897e1ec60	67	62189864ba20	277a	2c	2b1d	7ffe9f1a86f0	338	621897203dc0	68	6218979e3000	d0	2b1d	6218975dea10	64
48.054168	6dd86	6218979e7ed8	621897e1ede0	67	621897625ba8	277a	39	286b	7ffe9f1a86f0	60	621897203f40	68	6218979e7d00	60	2b1d	0	60
48.068012	6de85	621897e75620	621897e1efd8	68	621898657320	277a	0	2b1d	7ffe9f1a86f0	340	621897204138	68	96	d0	2b1d	621897257fc0	96
48.075847	6dd86	6218979f2278	621897e1f110	68	621897631c28	277a	39	28e3	7ffe9f1a86f0	60	621897204270	68	6218979f20a0	60	2b1d	34	60
48.089108	6de98	621897f5b620	621897e1f2f0	68	621898661820	277a	48	2b1d	7ffe9f1a86f0	340	621897204450	68	6218979f80e0	d0	2b1d	6218973355c0	88
48.104302	6dbf7	34	621897e1f560	69	320	277a	34	2b1d	7ffe9f1a86f0	0	6218972046c0	68	6218979ffe00	d0	2b1d	35	99
48.118406	6dd80	621897a077d0	621897e1f7b8	69	62189755aae0	277a	2e	2082	7ffe9f1a86f0	68	621897204918	68	621897a07650	68	2b1d	3c	6b
48.127385	6de85	621898502420	621897e1f8d8	69	621898675320	277a	0	2b1d	7ffe9f1a86f0	348	621897204a38	68	3f	d0	2b1d	6218978a5fa0	3f
48.137813	6dd9f	621897a102b0	621897e1fa70	69	6218973b6720	277a	18	1023	7ffe9f1a86f0	80	621897204bd0	68	621897a101e0	80	2b1d	24	81
48.148886	6de85	621898125320	621897e1fbc0	6a	62189867ee20	277a	44	2b1d	7ffe9f1a86f0	350	621897204d20	68	621897a14540	d0	2b1d	6218974ee010	70
48.155598	6dd86	621897a17600	621897e1fcb0	6a	6218973468b0	277a	12	bc7	7ffe9f1a86f0	84	621897204e10	68	621897a17560	84	2b1d	0	87
48.162336	6dd86	621897a19390	621897e1fd40	6a	6218974e8f90	277a	28	1c14	7ffe9f1a86f0	70	621897204ea0	68	621897a19240	70	2b1d	10	71
48.174804	6dd8c	621897a1e600	621897e1fed8	6a	6218976674e0	277a	3c	2af9	7ffe9f1a86f0	5c	621897205038	68	621897a1e410	5c	2b1d	24	5d
48.185275	6de85	62189859a220	621897e1ffe0	6a	62189868ca20	277a	38	2b1d	7ffe9f1a86f0	350	621897205140	68	621897a21900	d0	2b1d	621897938280	38
48.194563	6dbf7	3b	621897e20118	6b	2e8	277a	3b	2b1d	7ffe9f1a86f0	0	621897205278	6c	621897a25790	d0	2b1d	3c	99
48.206935	6de17	621897df7ea0	621897e20298	6b	9e	277a	1ad5	1fd1	7ffe9f1a86f0	6c	6218972053f8	6c	621897a2a490	d0	2b1d	621897548d70	6c
48.214226	6de85	621898129920	621897e20370	6b	621898698820	277a	4c	2b1d	7ffe9f1a86f0	358	6218972054d0	6c	621897a2cfe0	d0	2b1d	6218974f2370	70
48.227455	6dc1a	3c	621897e20508	6b	2e0	277a	3c	2b1d	7ffe9f1a86f0	288345c000000000	621897205668	6c	621897a321b0	d0	2b1d	3c	99
48.240369	6dc34	16	621897e206e8	6c	593	277a	16	2b1d	7ffe9f1a86f0	8480324222480000	621897205848	6c	621897a381f0	d0	2b1d	580	99
48.247455	6dc0f	21	621897e20808	6c	3b8	277a	21	2b1d	7ffe9f1a86f0	0	621897205968	6c	621897a3bbb0	d0	2b1d	21	99
48.257600	6de92	621897ea1c20	621897e209b8	6c	6218986ad720	277a	2c	2b1d	7ffe9f1a86f0	360	621897205b18	6c	92	d0	2b1d	621897282b20	92
48.266683	6dd86	621897a45d80	621897e20b20	6c	6218978f97b0	277a	5e	449d	7ffe9f1a86f0	38	621897205c80	6c	621897a45a80	38	2b1d	2c	3b
48.273269	6dd9f	621897a48b50	621897e20c10	6c	62189736a0a0	277a	14	d29	7ffe9f1a86f0	84	621897205d70	6c	621897a48aa0	84	2b1d	54	85
48.280784	6dd8c	621897a4cc48	621897e20d48	6d	6218979368b8	277a	61	46fe	7ffe9f1a86f0	38	621897205ea8	6c	621897a4c930	38	2b1d	30	38
48.286272	6de85	62189858fd20	621897e20dd8	6d	6218986bb320	277a	4c	2b1d	7ffe9f1a86f0	368	621897205f38	6c	621897a4e610	d0	2b1d	62189792e3b0	38
48.295717	6de85	621898510a20	621897e20f40	6d	6218986bfe20	277a	5c	2b1d	7ffe9f1a86f0	368	6218972060a0	6c	3e	d0	2b1d	6218978b3d00	3e
48.303988	6dd8c	621897a57438	621897e21090	6d	6218977fbe58	277a	51	3abc	7ffe9f1a86f0	48	6218972061f0	6c	621897a571a0	48	2b1d	2c	48
48.315593	6de85	621897fc6e20	621897e21288	6d	6218986cad20	277a	14	2b1d	7ffe9f1a86f0	368	6218972063e8	6c	83	d0	2b1d	62189739cd40	83
48.329276	6de9c	6218983f7620	621897e21438	6e	6218986d0720	277a	34	2b1d	7ffe9f1a86f0	370	621897206598	6c	621897a62d50	d0	2b1d	6218977a51c0	4c
48.337150	6dd95	621897a67200	621897e21588	6e	6218974e1740	277a	28	1bc9	7ffe9f1a86f0	70	6218972066e8	6c	621897a670b0	70	2b1d	5c	71
48.342435	6dd8c	621897a69aa0	621897e21648	6e	621897a143e0	277a	6c	4fa1	7ffe9f1a86f0	2c	6218972067a8	6c	621897a69730	2c	2b1d	0	2d
48.350418	6de85	621898016e20	621897e21738	6e	6218986da720	277a	0	2b1d	7ffe9f1a86f0	370	621897206898	6c	7e	d0	2b1d	6218973e9d40	7e
48.356264	6dd86	621897a6f430	621897e21810	6e	621897577420	277a	30	219f	7ffe9f1a86f0	68	621897206970	6c	621897a6f2a0	68	2b1d	0	69
48.363468	6de92	621898596b20	621897e218e8	6f	6218986e0120	277a	4	2b1d	7ffe9f1a86f0	378	621897206a48	70	621897a71df0	d0	2b1d	621897934d90	38
48.377026	6de85	621898281f20	621897e21b28	6f	6218986e7920	277a	2c	2b1d	7ffe9f1a86f0	378	621897206c88	70	5f	d0	2b1d	62189763dad0	5f
48.387427	6dd9f	621897a7e490	621897e21cc0	6f	6218974d9a20	277a	28	1b7b	7ffe9f1a86f0	70	621897206e20	70	621897a7e340	70	2b1d	8	71
48.402588	6dd8c	621897a85910	621897e21f00	70	62189773fe40	277a	48	3369	7ffe9f1a86f0	50	621897207060	70	621897a856c0	50	2b1d	10	51
48.408102	6dd86	621897a88418	621897e21fd8	70	621897695ee8	277a	3f	2cca	7ffe9f1a86f0	58	621897207138	70	621897a88210	58	2b1d	0	5a
48.413877	6de85	62189855ba20	621897e22098	70	6218986f9b20	277a	0	2b1d	7ffe9f1a86f0	380	6218972071f8	70	3b	d0	2b1d	6218978fc000	3b
48.425787	6de85	6218980e0c20	621897e22248	70	6218986ff520	277a	5c	2b1d	7ffe9f1a86f0	380	6218972073a8	70	621897a8ff30	d0	2b1d	6218974ac220	74
48.437381	6de85	6218985af620	621897e22428	70	621898705920	277a	14	2b1d	7ffe9f1a86f0	380	621897207588	70	37	d0	2b1d	62189794c9c0	37
48.448064	6de17	621897df7ea0	621897e22590	71	9e	277a	1c4a	1d55	7ffe9f1a86f0	6f	6218972076f0	70	6f	d0	2b1d	621897509130	6f
48.455286	6dea6	621898067820	621897e22668	71	62189870d120	277a	64	2b1d	7ffe9f1a86f0	388	6218972077c8	70	7a	d0	2b1d	6218974376e0	7a
48.469160	6de9c	62189830c120	621897e22830	71	621898713020	277a	c	2b1d	7ffe9f1a86f0	388	621897207990	70	621897aa2e60	d0	2b1d	6218976c29f0	58
48.483998	6deaf	621897f59320	621897e22a28	71	621898719920	277a	70	2b1d	7ffe9f1a86f0	388	621897207b88	70	621897aa9370	d0	2b1d	621897333410	88
48.499126	6de8b	621897ed7320	621897e22c08	72	62189871fd20	277a	18	2b1d	7ffe9f1a86f0	390	621897207d68	70	8f	d0	2b1d	6218972b6210	8f
48.509652	6dd9f	621897ab3598	621897e22d40	72	6218979cec18	277a	69	4cec	7ffe9f1a86f0	30	621897207ea0	70	621897ab3240	30	2b1d	1c	30
48.518126	6dea0	6218980dc620	621897e22e60	72	621898727a20	277a	40	2b1d	7ffe9f1a86f0	390	621897207fc0	70	621897ab6c00	d0	2b1d	6218974a7ec0	74
48.525544	6de85	6218984a8e20	621897e22f38	72	62189872a720	277a	54	2b1d	7ffe9f1a86f0	390	621897208098	70	43	d0	2b1d	62189784ff40	43
48.539197	6de85	621897edf020	621897e230e8	73	621898730120	277a	1c	2b1d	7ffe9f1a86f0	398	621897208248	74	8e	d0	2b1d	6218972bda60	8e
48.551995	6de9c	62189853f820	621897e23220	73	621898734220	277a	54	2b1d	7ffe9f1a86f0	398	621897208380	74	621897ac2c80	d0	2b1d	6218978e0ee0	3c
48.564959	6dd86	621897ac8080	621897e233b8	73	6218976f2480	277a	44	3063	7ffe9f1a86f0	54	621897208518	74	621897ac7e50	54	2b1d	0	55
48.573715	6dc00	5	621897e234d8	73	498	277a	5	2b1d	7ffe9f1a86f0	0	621897208638	74	621897acb810	d0	2b1d	6	99
48.579736	6dd86	621897acdc68	621897e23580	73	621897814908	277a	53	3bb2	7ffe9f1a86f0	44	6218972086e0	74	621897acd9c0	44	2b1d	0	46
48.588820	6dd86	621897ad1a50	621897e236b8	74	62189768a330	277a	3e	2c55	7ffe9f1a86f0	58	621897208818	74	621897ad1850	58	2b1d	0	5b
48.602151	6dd86	621897ad6bc8	621897e23850	74	6218975b6208	277a	33	2412	7ffe9f1a86f0	64	6218972089b0	74	621897ad6a20	64	2b1d	0	66
48.615184	6dd86	621897adbac8	621897e239d0	74	621897aa7a38	277a	73	555f	7ffe9f1a86f0	24	621897208b30	74	621897adb720	24	2b1d	0	26
48.627781	6de92	6218984f2520	621897e23b50	74	621898752c20	277a	64	2b1d	7ffe9f1a86f0	3a0	621897208cb0	74	621897ae0420	d0	2b1d	621897896a30	40
48.639749	6dc08	18	621897e23d00	75	408	277a	17	2b1d	7ffe9f1a86f0	0	621897208e60	74	621897ae5ac0	d0	2b1d	18	99
48.646771	6dd86	621897ae82d0	621897e23dc0	75	621897576a80	277a	30	2199	7ffe9f1a86f0	68	621897208f20	74	621897ae8140	68	2b1d	0	69
48.653688	6de85	621898361b20	621897e23eb0	75	62189875e020	277a	8	2b1d	7ffe9f1a86f0	3a8	621897209010	74	53	d0	2b1d	621897715090	53
48.661728	6de85	62189850b520	621897e23f88	75	621898760d20	277a	3c	2b1d	7ffe9f1a86f0	3a8	6218972090e8	74	3f	d0	2b1d	6218978aeb30	3f
48.671697	6dc0f	2b	621897e240a8	75	368	277a	2b	2b1d	7ffe9f1a86f0	0	621897209208	74	621897af1670	d0	2b1d	2b	99
48.683330	6dd8c	621897af6410	621897e24228	75	621897349400	277a	12	be2	7ffe9f1a86f0	84	621897209388	74	621897af6370	84	2b1d	0	87
48.693549	6dd95	621897af9f10	621897e24348	76	621897641670	277a	3a	297f	7ffe9f1a86f0	5c	6218972094a8	74	621897af9d30	5c	2b1d	48	5f
48.700317	6de8b	6218983e7c20	621897e24420	76	621898770220	277a	48	2b1d	7ffe9f1a86f0	3b0	621897209580	74	4d	d0	2b1d	621897796120	4d
48.710499	6deaa	62189848ea20	621897e24558	76	621898774320	277a	8	2b1d	7ffe9f1a86f0	3b0	6218972096b8	74	45	d0	2b1d	621897836b00	45
48.722299	6dd95	621897b06010	621897e24708	76	6218977657e0	277a	4a	34e0	7ffe9f1a86f0	4c	621897209868	74	621897b05db0	4c	2b1d	2c	4f
48.733648	6de85	621898703120	621897e24870	76	62189877e820	277a	4	2b1d	7ffe9f1a86f0	3b0	6218972099d0	74	27	d0	2b1d	621897a938f0	27
48.738931	6dbf7	41	621897e24900	77	2b8	277a	41	2b1d	7ffe9f1a86f0	0	621897209a60	78	621897b0c2c0	d0	2b1d	42	99
48.751631	6de85	6218981a8220	621897e24ac8	77	621898786520	277a	44	2b1d	7ffe9f1a86f0	3b8	621897209c28	78	6a	d0	2b1d	62189756c080	6a
48.765835	6dd86	621897b17a20	621897e24c90	77	6218972f11d0	277a	e	873	7ffe9f1a86f0	88	621897209df0	78	621897b179a0	88	2b1d	0	8b
48.779624	6de9c	6218983b0720	621897e24e58	77	621898792320	277a	34	2b1d	7ffe9f1a86f0	3b8	621897209fb8	78	4f	d0	2b1d	621897760d50	4f
48.790792	6dd86	621897b22070	621897e24fc0	78	62189796bca0	277a	64	4911	7ffe9f1a86f0	34	62189720a120	78	621897b21d40	34	2b1d	0	35
48.801747	6dd8c	621897b253e0	621897e250c8	78	6218975c0f50	277a	34	247e	7ffe9f1a86f0	64	62189720a228	78	621897b25230	64	2b1d	10	65
48.808281	6dd86	621897b280a8	621897e251a0	78	62189795e408	277a	63	488a	7ffe9f1a86f0	34	62189720a300	78	621897b27d80	34	2b1d	0	36
48.816726	6dd86	621897b2a690	621897e25260	78	6218977e0d30	277a	50	39ae	7ffe9f1a86f0	48	62189720a3c0	78	621897b2a400	48	2b1d	0	49
48.830807	6dd86	621897b2f228	621897e253e0	78	621897479ac8	277a	23	17be	7ffe9f1a86f0	74	62189720a540	78	621897b2f100	74	2b1d	0	76
48.839633	6de85	6218981bea20	621897e254d0	79	6218987a7c20	277a	0	2b1d	7ffe9f1a86f0	3c8	62189720a630	78	621897b32120	d0	2b1d	621897581b00	68
48.851736	6de85	621898333720	621897e25608	79	6218987abd20	277a	14	2b1d	7ffe9f1a86f0	3c8	62189720a768	78	56	d0	2b1d	6218976e8850	56
48.865601	6de85	6218986c0d20	621897e25740	79	6218987afe20	277a	3c	2b1d	7ffe9f1a86f0	3c8	62189720a8a0	78	2a	d0	2b1d	621897a53cb0	2a
48.879685	6dc12	1b	621897e25890	79	3e8	277a	1b	2b1d	7ffe9f1a86f0	0	62189720a9f0	78	621897b3e1a0	d0	2b1d	1c	99
48.894287	6dd86	621897b42620	621897e259e0	79	6218974696e0	277a	22	171c	7ffe9f1a86f0	74	62189720ab40	78	621897b42500	74	2b1d	0	77
48.909083	6dd8c	621897b46b38	621897e25b30	7a	621897899858	277a	59	40e0	7ffe9f1a86f0	40	62189720ac90	78	621897b46860	40	2b1d	4	40
48.923297	6dd86	621897b4b678	621897e25cb0	7a	621897459c98	277a	21	1680	7ffe9f1a86f0	78	62189720ae10	78	621897b4b560	78	2b1d	0	78
48.931892	6dd86	621897b4e190	621897e25d88	7a	6218973d8700	277a	1a	1176	7ffe9f1a86f0	7c	62189720aee8	78	621897b4e0b0	7c	2b1d	0	7f
48.946650	6de85	62189827ed20	621897e25ef0	7a	6218987c9820	277a	5c	2b1d	7ffe9f1a86f0	3d0	62189720b050	78	5f	d0	2b1d	62189763aab0	5f
48.953948	6dc08	9	621897e25f80	7a	480	277a	8	2b1d	7ffe9f1a86f0	0	62189720b0e0	78	621897b545c0	d0	2b1d	9	99
48.967305	6dbf7	20	621897e26088	7a	3c0	277a	20	2b1d	7ffe9f1a86f0	0	62189720b1e8	78	621897b57ab0	d0	2b1d	21	99
48.979223	6dd86	621897b5ae30	621897e26178	7b	6218979f4f50	277a	6a	4e69	7ffe9f1a86f0	2c	62189720b2d8	7c	621897b5aad0	2c	2b1d	0	2f
48.992767	6dd86	621897b5ebf0	621897e262b0	7b	6218977dc030	277a	50	397e	7ffe9f1a86f0	48	62189720b410	7c	621897b5e960	48	2b1d	0	49
48.999510	6de92	621897fc4620	621897e26340	7b	6218987d7e20	277a	28	2b1d	7ffe9f1a86f0	3d8	62189720b4a0	7c	83	d0	2b1d	62189739a6c0	83
49.009574	6dd86	621897b62e30	621897e26400	7b	62189752bc10	277a	2c	1eae	7ffe9f1a86f0	6c	62189720b560	7c	621897b62cc0	6c	2b1d	0	6d
49.022971	6dd86	621897b65b00	621897e264d8	7b	6218978c95a0	277a	5c	42bd	7ffe9f1a86f0	3c	62189720b638	7c	621897b65810	3c	2b1d	0	3d
49.036520	6dd86	621897b688a0	621897e265c8	7b	6218972d0a00	277a	c	72f	7ffe9f1a86f0	8c	62189720b728	7c	621897b68830	8c	2b1d	0	8d
49.048068	6dd86	621897b6b488	621897e266a0	7c	6218974377e8	277a	1f	152a	7ffe9f1a86f0	78	62189720b800	7c	621897b6b380	78	2b1d	44	7a
49.053610	6dea6	621898659120	621897e26718	7c	6218987e4b20	277a	54	2b1d	7ffe9f1a86f0	3e0	62189720b878	7c	2f	d0	2b1d	6218979efef0	2f
49.067628	6dd86	621897b712a8	621897e26868	7c	621897ac5b88	277a	75	568b	7ffe9f1a86f0	24	62189720b9c8	7c	621897b70ef0	24	2b1d	8	24
49.075863	6dd8c	621897b73788	621897e26928	7c	6218976c1d98	277a	41	2e80	7ffe9f1a86f0	58	62189720ba88	7c	621897b73570	58	2b1d	2c	58
49.085058	6dc17	4d	621897e26a18	7c	258	277a	4d	2b1d	7ffe9f1a86f0	bde1000000000000	62189720bb78	7c	621897b76590	d0	2b1d	4e	99
49.097317	6de85	6218986b8b20	621897e26b38	7c	6218987f2720	277a	3c	2b1d	7ffe9f1a86f0	3e0	62189720bc98	7c	2a	d0	2b1d	621897a4bf90	2a
49.106123	6dd8c	621897b7cd78	621897e26c10	7c	6218978954f8	277a	59	40b6	7ffe9f1a86f0	40	62189720bd70	7c	621897b7caa0	40	2b1d	0	40
49.111978	6de85	621898315720	621897e26ca0	7d	6218987f7220	277a	0	2b1d	7ffe9f1a86f0	3e8	62189720be00	7c	57	d0	2b1d	6218976cba50	57
49.117409	6dd86	621897b805e0	621897e26d30	7d	62189755dfd0	277a	2e	20a3	7ffe9f1a86f0	68	62189720be90	7c	621897b80460	68	2b1d	18	6b
49.124339	6de85	621898703b20	621897e26dc0	7d	6218987fae20	277a	2c	2b1d	7ffe9f1a86f0	3e8	62189720bf20	7c	27	d0	2b1d	621897a94290	27
49.138629	6dd86	621897b86b90	621897e26f28	7d	6218976d0e40	277a	42	2f16	7ffe9f1a86f0	54	62189720c088	7c	621897b86970	54	2b1d	0	57
49.147660	6dd86	621897b88df8	621897e26fd0	7d	62189788e178	277a	59	406e	7ffe9f1a86f0	40	62189720c130	7c	621897b88b20	40	2b1d	0	40
49.157745	6dd9f	621897b8bb68	621897e270c0	7d	621897267ef8	277a	3	31b	7ffe9f1a86f0	94	62189720c220	7c	621897b8bb40	94	2b1d	4	96
49.164176	6dd86	621897b8d6e8	621897e27138	7d	621897a7f078	277a	71	53ca	7ffe9f1a86f0	28	62189720c298	7c	621897b8d350	28	2b1d	0	28
49.174836	6de85	6218982b2b20	621897e27210	7d	621898809420	277a	3c	2b1d	7ffe9f1a86f0	3e8	62189720c370	7c	621897b8fea0	d0	2b1d	62189766c990	5c
49.183123	6dd86	621897b92790	621897e272d0	7e	621897798070	277a	4c	36d8	7ffe9f1a86f0	4c	62189720c430	7c	621897b92520	4c	2b1d	0	4d
49.197602	6de85	621898415620	621897e27438	7e	621898810720	277a	54	2b1d	7ffe9f1a86f0	3f0	62189720c598	7c	4a	d0	2b1d	6218977c1fc0	4a
49.208038	6dbf7	f	621897e27528	7e	448	277a	f	2b1d	7ffe9f1a86f0	0	62189720c688	7c	621897b99d70	d0	2b1d	10	99
49.214570	6de85	62189872f220	621897e275b8	7e	621898815720	277a	6c	2b1d	7ffe9f1a86f0	3f0	62189720c718	7c	25	d0	2b1d	621897abdf80	25
49.221961	6de85	6218984fe820	621897e27660	7e	621898817a20	277a	4c	2b1d	7ffe9f1a86f0	3f0	62189720c7c0	7c	3f	d0	2b1d	6218978a25e0	3f
49.233661	6dd09	6b	621897e27768	4c8	621897ba1448	277a	6b	4f05	7ffe9f1a86f0	6b	62189720c8c8	7c	621897ba10f0	d0	2b1d	621897a04af8	2e
49.245901	6dd95	621897ba4c58	621897e27888	7e	6218975b4058	277a	33	23fd	7ffe9f1a86f0	64	62189720c9e8	7c	621897ba4ab0	64	2b1d	3c	66
49.258308	6de17	621897df7ea0	621897e27978	7f	9e	277a	1fc9	1f86	7ffe9f1a86f0	6c	62189720cad8	80	621897ba7ad0	d0	2b1d	621897541520	6c
49.265194	6dd8c	621897ba8ef0	621897e279d8	7f	6218973e1760	277a	1a	11d0	7ffe9f1a86f0	7c	62189720cb38	80	621897ba8e10	7c	2b1d	10	7f
49.274934	6dd86	621897bab520	621897e27a98	7f	62189731d550	277a	10	a2c	7ffe9f1a86f0	88	62189720cbf8	80	621897bab490	88	2b1d	48	89
49.282727	6dc08	45	621897e27af8	7f	2a0	277a	44	2b1d	7ffe9f1a86f0	0	62189720cc58	80	621897bac7d0	d0	2b1d	45	99
49.293960	6dbf7	4b	621897e27bb8	7f	268	277a	4b	2b1d	7ffe9f1a86f0	0	62189720cd18	80	621897baee50	d0	2b1d	4c	99
49.299258	6de85	6218982d5120	621897e27c30	7f	62189882b020	277a	3c	2b1d	7ffe9f1a86f0	3f8	62189720cd90	80	5b	d0	2b1d	62189768daf0	5b
49.313989	6de85	62189828e220	621897e27d50	7f	62189882ec20	277a	0	2b1d	7ffe9f1a86f0	3f8	62189720ceb0	80	5e	d0	2b1d	621897649680	5e
49.319401	6de85	6218985c8b20	621897e27dc8	7f	621898830520	277a	14	2b1d	7ffe9f1a86f0	3f8	62189720cf28	80	36	d0	2b1d	621897964f90	36
49.328770	6de85	621898751d20	621897e27e58	7f	621898832320	277a	2c	2b1d	7ffe9f1a86f0	3f8	62189720cfb8	80	23	d0	2b1d	621897adf5b0	23
49.341354	6dd8c	621897bbadb0	621897e27f60	80	621897ab57a0	277a	74	55e9	7ffe9f1a86f0	24	62189720d0c0	80	621897bbaa00	24	2b1d	4	25
49.347972	6dd8c	621897bbc390	621897e27fd8	80	62189754fda0	277a	2e	2016	7ffe9f1a86f0	68	62189720d138	80	621897bbc210	68	2b1d	4	6b
49.358689	6de85	621898037b20	621897e280c8	80	62189883a520	277a	4	2b1d	7ffe9f1a86f0	400	62189720d228	80	621897bbf230	d0	2b1d	621897409690	7c
49.366747	6dbf7	13	621897e28170	80	428	277a	13	2b1d	7ffe9f1a86f0	0	62189720d2d0	80	621897bc13e0	d0	2b1d	14	99
49.372798	6dd86	621897bc3228	621897e28200	80	621897520ec8	277a	2b	1e42	7ffe9f1a86f0	6c	62189720d360	80	621897bc30c0	6c	2b1d	48	6e
49.387577	6de85	6218983f5320	621897e28308	80	621898841d20	277a	74	2b1d	7ffe9f1a86f0	400	62189720d468	80	621897bc65b0	d0	2b1d	6218977a3010	4c
49.393159	6dd86	621897bc7c80	621897e28368	80	621897a5fbf0	277a	70	5292	7ffe9f1a86f0	28	62189720d4c8	80	621897bc78f0	28	2b1d	24	29
49.404878	6de7f	62189871d020	621897e28428	80	621898845920	277a	62189871d428	2b1d	7ffe9f1a86f0	400	62189720d588	80	26	d0	2b1d	621897aac860	26
49.410469	6dd80	621897bcb940	621897e284a0	81	6218975f37e0	277a	36	2676	7ffe9f1a86f0	60	62189720d600	80	621897bcb780	60	2b1d	30	63
49.417477	6dd86	621897bcd058	621897e28518	81	6218973a2e48	277a	17	f60	7ffe9f1a86f0	80	62189720d678	80	621897bccf90	80	2b1d	28	82
49.431157	6dd86	621897bd0698	621897e28620	81	6218976c6f68	277a	41	2eb3	7ffe9f1a86f0	58	62189720d780	80	621897bd0480	58	2b1d	0	58
49.438142	6dd86	621897bd2290	621897e286b0	81	621897494250	277a	24	18c6	7ffe9f1a86f0	74	62189720d810	80	621897bd2160	74	2b1d	18	75
49.447551	6dd86	621897bd4cc8	621897e28788	81	62189722bc68	277a	1	c3	7ffe9f1a86f0	98	62189720d8e8	80	621897bd4cb0	98	2b1d	54	98
49.461300	6de92	62189841ec20	621897e288a8	81	621898854920	277a	68	2b1d	7ffe9f1a86f0	408	62189720da08	80	4a	d0	2b1d	6218977cb020	4a
49.468387	6dbf7	41	621897e28950	81	2b8	277a	41	2b1d	7ffe9f1a86f0	0	62189720dab0	80	621897bda820	d0	2b1d	42	99
49.478713	6dd8c	621897bddd38	621897e28a58	81	621897228c58	277a	3	a5	7ffe9f1a86f0	94	62189720dbb8	80	621897bddd10	94	2b1d	14	96
49.486592	6de85	62189843e520	621897e28b00	82	62189885c620	277a	64	2b1d	7ffe9f1a86f0	410	62189720dc60	80	49	d0	2b1d	6218977e9630	49
49.499303	6ddf1	621897a6bc60	621897e28c20	82	621897be3c00	277a	49d914000f	530a	7ffe9f1a86f0	28	62189720dd80	80	29	d0	2b1d	621897a6b8e0	29
49.513375	6dc08	33	621897e28d70	82	330	277a	32	2b1d	7ffe9f1a86f0	0	62189720ded0	80	621897be7be0	d0	2b1d	33	99
49.526507	6dc84	7	621897e28e90	82	99	277a	7	41d	7ffe9f1a86f0	7	62189720dff0	80	621897beb5a0	d0	2b1d	15f	99
49.532552	6dd86	621897bec9f0	621897e28ef0	82	62189744bf30	277a	20	15f6	7ffe9f1a86f0	78	62189720e050	80	621897bec8e0	78	2b1d	64	79
49.545603	6dd86	621897bf00a8	621897e28ff8	82	62189788e648	277a	59	4071	7ffe9f1a86f0	40	62189720e158	80	621897befdd0	40	2b1d	30	40
49.557475	6de85	62189830ad20	621897e290e8	83	621898870120	277a	c	2b1d	7ffe9f1a86f0	418	62189720e248	84	621897bf2df0	d0	2b1d	6218976c16b0	58
49.570335	6dd86	621897bf59c0	621897e291c0	83	6218972fabd0	277a	e	8d3	7ffe9f1a86f0	88	62189720e320	84	621897bf5940	88	2b1d	0	8b
49.581916	6dd86	621897bf8fe0	621897e292c8	83	6218975ce310	277a	34	2502	7ffe9f1a86f0	64	62189720e428	84	621897bf8e30	64	2b1d	10	65
49.590091	6dbf7	11	621897e29370	83	438	277a	11	2b1d	7ffe9f1a86f0	0	62189720e4d0	84	621897bfafe0	d0	2b1d	12	99
49.598265	6dc08	3f	621897e29430	83	2d0	277a	3e	2b1d	7ffe9f1a86f0	0	62189720e590	84	621897bfd660	d0	2b1d	3f	99
49.611488	6de85	621898474b20	621897e29568	83	62189887f120	277a	64	2b1d	7ffe9f1a86f0	418	62189720e6c8	84	46	d0	2b1d	62189781db90	46
49.620405	6de85	621898098920	621897e29640	83	621898881e20	277a	0	2b1d	7ffe9f1a86f0	418	62189720e7a0	84	77	d0	2b1d	621897466a70	77
49.634853	6de85	6218981d5720	621897e29778	84	621898885f20	277a	0	2b1d	7ffe9f1a86f0	420	62189720e8d8	84	67	d0	2b1d	621897597a50	67
49.641223	6dc08	54	621897e29808	84	228	277a	53	2b1d	7ffe9f1a86f0	d33b0b72c0000000	62189720e968	84	621897c09bb0	d0	2b1d	54	99
49.651494	6de85	62189824ff20	621897e298e0	84	62189888aa20	277a	1c	2b1d	7ffe9f1a86f0	420	62189720ea40	84	62	d0	2b1d	62189760d8d0	62
49.658928	6de85	62189875ae20	621897e29958	84	62189888c320	277a	3c	2b1d	7ffe9f1a86f0	420	62189720eab8	84	23	d0	2b1d	621897ae8140	23
49.664722	6dd9f	621897c0f660	621897e299b8	84	621897bb5770	277a	80	5fe2	7ffe9f1a86f0	18	62189720eb18	84	621897c0f250	18	2b1d	0	19
49.677763	6de85	62189833c320	621897e29af0	84	621898891820	277a	0	2b1d	7ffe9f1a86f0	420	62189720ec50	84	55	d0	2b1d	6218976f0f10	55
49.683817	6de85	6218985a8820	621897e29b68	84	621898893120	277a	4	2b1d	7ffe9f1a86f0	420	62189720ecc8	84	37	d0	2b1d	621897945fe0	37
49.697402	6de85	621897f52f20	621897e29ca0	85	621898897220	277a	0	2b1d	7ffe9f1a86f0	428	62189720ee00	84	621897c18780	d0	2b1d	62189732d3d0	88
49.704620	6de85	62189811fe20	621897e29d48	85	621898899520	277a	3c	2b1d	7ffe9f1a86f0	428	62189720eea8	84	71	d0	2b1d	6218974e8e40	71
49.718734	6de8b	62189837e220	621897e29e80	85	62189889d620	277a	54	2b1d	7ffe9f1a86f0	428	62189720efe0	84	52	d0	2b1d	621897730680	52
49.727979	6dd8c	621897c20f60	621897e29f40	85	621897471da0	277a	22	1770	7ffe9f1a86f0	74	62189720f0a0	84	621897c20e40	74	2b1d	2c	77
49.741650	6dd86	621897c24d28	621897e2a078	85	6218972a1188	277a	9	555	7ffe9f1a86f0	90	62189720f1d8	84	621897c24cd0	90	2b1d	8	90
49.749070	6dd86	621897c26890	621897e2a0f0	85	621897abe330	277a	74	5640	7ffe9f1a86f0	24	62189720f250	84	621897c264e0	24	2b1d	0	25
49.760213	6dd86	621897c29678	621897e2a1e0	85	62189754b568	277a	2d	1fe9	7ffe9f1a86f0	6c	62189720f340	84	621897c29500	6c	2b1d	0	6c
49.765828	6dd86	621897c2ab80	621897e2a240	85	6218979a4f10	277a	66	4b4b	7ffe9f1a86f0	30	62189720f3a0	84	621897c2a840	30	2b1d	0	33
49.773926	6dd86	621897c2cc30	621897e2a2e8	86	621897716fb0	277a	46	31d1	7ffe9f1a86f0	50	62189720f448	84	621897c2c9f0	50	2b1d	2c	53
49.782116	6dd86	621897c2e740	621897e2a378	86	6218972d8bf0	277a	c	780	7ffe9f1a86f0	8c	62189720f4d8	84	621897c2e6d0	8c	2b1d	24	8d
49.794392	6dded	6218973baf40	621897e2a438	86	621897c30e10	277a	2009020400	1050	7ffe9f1a86f0	80	62189720f598	84	81	d0	2b1d	6218973bae80	81
49.804677	6de85	621898093420	621897e2a4c8	86	6218988b2520	277a	c	2b1d	7ffe9f1a86f0	430	62189720f628	84	621897c32a30	d0	2b1d	6218974618a0	78
49.814117	6de85	621898237e20	621897e2a558	86	6218988b4320	277a	4c	2b1d	7ffe9f1a86f0	430	62189720f6b8	84	63	d0	2b1d	6218975f6640	63
49.827628	6dc0b	18	621897e2a648	86	408	277a	18	2b1d	7ffe9f1a86f0	0	62189720f7a8	84	621897c37730	d0	2b1d	18	99
49.832890	6dc08	49	621897e2a6c0	86	280	277a	48	2b1d	7ffe9f1a86f0	0	62189720f820	84	621897c38f40	d0	2b1d	49	99
49.843592	6dd86	621897c3b9e8	621897e2a780	86	621897be9348	277a	83	61e6	7ffe9f1a86f0	14	62189720f8e0	84	621897c3b5c0	14	2b1d	0	16
49.857928	6dc08	c	621897e2a8b8	87	468	277a	b	2b1d	7ffe9f1a86f0	0	62189720fa18	88	621897c3f450	d0	2b1d	c	99
49.871522	6de85	621898523620	621897e2a9c0	87	6218988c2e20	277a	7c	2b1d	7ffe9f1a86f0	438	62189720fb20	88	3d	d0	2b1d	6218978c5dc0	3d
49.880262	6dd86	621897c44e68	621897e2aa68	87	621897a2b1a8	277a	6d	5085	7ffe9f1a86f0	2c	62189720fbc8	88	621897c44af0	2c	2b1d	0	2c
49.890599	6dbf7	49	621897e2ab28	87	278	277a	49	2b1d	7ffe9f1a86f0	0	62189720fc88	88	621897c47170	d0	2b1d	4a	99
49.903732	6dd8c	621897c4ac38	621897e2ac48	87	6218974312d8	277a	1f	14eb	7ffe9f1a86f0	78	62189720fda8	88	621897c4ab30	78	2b1d	c	7a
49.914646	6dd86	621897c4d8f8	621897e2ad20	87	6218977a9c68	277a	4d	3789	7ffe9f1a86f0	4c	62189720fe80	88	621897c4d680	4c	2b1d	4	4c
49.926768	6dd86	621897c510a0	621897e2ae40	87	6218972bcc50	277a	a	669	7ffe9f1a86f0	8c	62189720ffa0	88	621897c51040	8c	2b1d	78	8f
49.941725	6dbf7	20	621897e2af78	88	3c0	277a	20	2b1d	7ffe9f1a86f0	0	6218972100d8	88	621897c54ed0	d0	2b1d	21	99
49.950182	6de85	6218985dcb20	621897e2b008	88	6218988d7d20	277a	0	2b1d	7ffe9f1a86f0	440	621897210168	88	35	d0	2b1d	621897978390	35
49.956298	6de8b	62189840ac20	621897e2b080	88	6218988d9620	277a	4	2b1d	7ffe9f1a86f0	440	6218972101e0	88	4b	d0	2b1d	6218977b7c20	4b
49.965622	6dd86	621897c59ef8	621897e2b0f8	88	6218979618f8	277a	63	48ab	7ffe9f1a86f0	34	621897210258	88	621897c59bd0	34	2b1d	0	36
49.972346	6dd86	621897c5b5c8	621897e2b170	88	621897654f48	277a	3b	2a42	7ffe9f1a86f0	5c	6218972102d0	88	621897c5b3e0	5c	2b1d	0	5e
49.982749	6dd86	621897c5d7d0	621897e2b218	88	62189771c650	277a	46	3207	7ffe9f1a86f0	50	621897210378	88	621897c5d590	50	2b1d	0	53
49.995388	6de92	621898382320	621897e2b2f0	88	6218988e1820	277a	48	2b1d	7ffe9f1a86f0	440	621897210450	88	52	d0	2b1d	621897734510	52
50.001567	6de85	6218984bb020	621897e2b368	88	6218988e3120	277a	54	2b1d	7ffe9f1a86f0	440	6218972104c8	88	43	d0	2b1d	621897861660	43
50.007716	6de85	6218986ded20	621897e2b3e0	88	6218988e4a20	277a	48	2b1d	7ffe9f1a86f0	440	621897210540	88	621897c63100	d0	2b1d	621897a70ab0	28
50.016361	6dd86	621897c653e8	621897e2b488	88	6218974ab4e8	277a	25	19ad	7ffe9f1a86f0	74	6218972105e8	88	621897c652b0	74	2b1d	0	74
50.029333	6de85	62189850ec20	621897e2b590	89	6218988ea420	277a	7c	2b1d	7ffe9f1a86f0	448	6218972106f0	88	3e	d0	2b1d	6218978b2020	3e
50.034720	6de85	6218982bd520	621897e2b608	89	6218988ebd20	277a	4	2b1d	7ffe9f1a86f0	448	621897210768	88	621897c69fb0	d0	2b1d	621897676d30	5c
50.046593	6dd86	621897c6cd78	621897e2b6e0	89	6218977aafa8	277a	4d	3795	7ffe9f1a86f0	4c	621897210840	88	621897c6cb00	4c	2b1d	0	4c
50.054708	6dd86	621897c6eea0	621897e2b788	89	621897660fd0	277a	3c	2aba	7ffe9f1a86f0	5c	6218972108e8	88	621897c6ecb0	5c	2b1d	0	5d
50.068790	6de85	6218988a5320	621897e2b878	89	6218988f3f20	277a	64	2b1d	7ffe9f1a86f0	448	6218972109d8	88	13	d0	2b1d	621897c26010	13
50.081440	6dc08	6f	621897e2b968	89	150	277a	6e	2b1d	7ffe9f1a86f0	0	621897210ac8	88	621897c74cf0	d0	2b1d	6f	99
50.090423	6de85	6218987f9520	621897e2ba28	89	6218988f9920	277a	6c	2b1d	7ffe9f1a86f0	448	621897210b88	88	1b	d0	2b1d	621897b80930	1b
50.103173	6dd8c	621897c7add0	621897e2bb48	8a	621897343d60	277a	12	bac	7ffe9f1a86f0	84	621897210ca8	88	621897c7ad30	84	2b1d	74	87
50.111024	6de85	6218982f3b20	621897e2bbd8	8a	6218988ff320	277a	3c	2b1d	7ffe9f1a86f0	450	621897210d38	88	59	d0	2b1d	6218976ab290	59
50.121134	6de85	621898228420	621897e2bcb0	8a	621898902020	277a	0	2b1d	7ffe9f1a86f0	450	621897210e10	88	63	d0	2b1d	6218975e75a0	63
50.127113	6dc08	5d	621897e2bd10	8a	1e0	277a	5c	2b1d	7ffe9f1a86f0	0	621897210e70	88	621897c808a0	d0	2b1d	5d	99
50.132595	6dc0b	19	621897e2bd88	8a	400	277a	19	2b1d	7ffe9f1a86f0	0	621897210ee8	88	621897c820b0	d0	2b1d	19	99
50.140265	6dd8c	621897c84180	621897e2be18	8a	621897b52800	277a	7c	5c07	7ffe9f1a86f0	1c	621897210f78	88	621897c83d90	1c	2b1d	c	1d
50.145804	6dd86	621897c85778	621897e2be90	8a	6218976355e8	277a	39	2907	7ffe9f1a86f0	60	621897210ff0	88	621897c855a0	60	2b1d	0	60
50.157091	6dd86	621897c88728	621897e2bf80	8a	621897510618	277a	2b	1d9d	7ffe9f1a86f0	6c	6218972110e0	88	621897c885c0	6c	2b1d	0	6e
50.162538	6dc08	44	621897e2bfe0	8a	2a8	277a	43	2b1d	7ffe9f1a86f0	0	621897211140	88	621897c89900	d0	2b1d	44	99
50.168274	6dc08	57	621897e2c040	8a	210	277a	56	2b1d	7ffe9f1a86f0	0	6218972111a0	88	621897c8ac40	d0	2b1d	57	99
50.178327	6dd86	621897c8d9e8	621897e2c118	8b	62189774e548	277a	49	33f9	7ffe9f1a86f0	50	621897211278	8c	621897c8d790	50	2b1d	0	50
50.185803	6dd86	621897c8f9c8	621897e2c1c0	8b	621897312808	277a	f	9c0	7ffe9f1a86f0	88	621897211320	8c	621897c8f940	88	2b1d	50	8a
50.197203	6de85	62189843ea20	621897e2c298	8b	621898915b20	277a	c	2b1d	7ffe9f1a86f0	458	6218972113f8	8c	49	d0	2b1d	6218977e9b00	49
50.207722	6de85	62189831e320	621897e2c370	8b	621898918820	277a	0	2b1d	7ffe9f1a86f0	458	6218972114d0	8c	57	d0	2b1d	6218976d4110	57
50.222823	6de85	6218985baa20	621897e2c490	8b	62189891c420	277a	0	2b1d	7ffe9f1a86f0	458	6218972115f0	8c	36	d0	2b1d	621897957700	36
50.231925	6de85	621897f43f20	621897e2c550	8b	62189891ec20	277a	14	2b1d	7ffe9f1a86f0	458	6218972116b0	8c	89	d0	2b1d	62189731ecd0	89
50.241789	6dd9f	621897c9d7a0	621897e2c610	8b	621897428740	277a	1e	1494	7ffe9f1a86f0	78	621897211770	8c	621897c9d6a0	78	2b1d	0	7b
50.251191	6dc12	1e	621897e2c6b8	8c	3d0	277a	1e	2b1d	7ffe9f1a86f0	0	621897211818	8c	621897c9f850	d0	2b1d	1f	99
50.265412	6de85	6218988a5d20	621897e2c7d8	8c	621898927320	277a	5c	2b1d	7ffe9f1a86f0	460	621897211938	8c	13	d0	2b1d	621897c269b0	13
50.279458	6dd86	621897ca6af0	621897e2c8e0	8c	621897b56690	277a	7c	5c2e	7ffe9f1a86f0	1c	621897211a40	8c	621897ca6700	1c	2b1d	0	1d
50.284963	6de85	6218982dec20	621897e2c958	8c	62189892c320	277a	4	2b1d	7ffe9f1a86f0	460	621897211ab8	8c	5a	d0	2b1d	621897697020	5a
50.293832	6de8b	62189842d720	621897e2ca00	8c	62189892e620	277a	28	2b1d	7ffe9f1a86f0	460	621897211b60	8c	49	d0	2b1d	6218977d9250	49
50.303399	6dd86	621897caca68	621897e2cac0	8c	621897954068	277a	63	4824	7ffe9f1a86f0	34	621897211c20	8c	621897cac740	34	2b1d	0	36
50.315712	6dd86	621897caf6d0	621897e2cb98	8c	621897c23430	277a	86	6429	7ffe9f1a86f0	10	621897211cf8	8c	621897caf290	10	2b1d	4	13
50.321352	6de85	621898783320	621897e2cc10	8c	621898935420	277a	14	2b1d	7ffe9f1a86f0	460	621897211d70	8c	21	d0	2b1d	621897b0ee10	21
50.329089	6dd86	621897cb20e8	621897e2cc70	8c	62189790a068	277a	5f	4542	7ffe9f1a86f0	38	621897211dd0	8c	621897cb1de0	38	2b1d	14	3a
50.341748	6de85	62189843a920	621897e2cd30	8d	621898939020	277a	7c	2b1d	7ffe9f1a86f0	468	621897211e90	8c	49	d0	2b1d	6218977e5c70	49
50.346990	6de85	621898597520	621897e2cd78	8d	621898939f20	277a	4	2b1d	7ffe9f1a86f0	468	621897211ed8	8c	621897cb52d0	d0	2b1d	621897935730	38
50.355810	6dd86	621897cb70a0	621897e2ce08	8d	621897400720	277a	1c	1305	7ffe9f1a86f0	7c	621897211f68	8c	621897cb6fb0	7c	2b1d	0	7d
50.370268	6de85	621897e91d20	621897e2cec8	8d	62189893e520	277a	0	2b1d	7ffe9f1a86f0	468	621897212028	8c	95	d0	2b1d	6218972735b0	95
50.377627	6de85	621898449920	621897e2cf10	8d	62189893f420	277a	7c	2b1d	7ffe9f1a86f0	468	621897212070	8c	621897cba4a0	d0	2b1d	6218977f4370	48
50.384153	6de85	621898694c20	621897e2cf40	8d	62189893fe20	277a	4	2b1d	7ffe9f1a86f0	468	6218972120a0	8c	621897cbae40	d0	2b1d	621897a29620	2c
50.389451	6de85	621898767620	621897e2cfb8	8d	621898941720	277a	44	2b1d	7ffe9f1a86f0	468	621897212118	8c	22	d0	2b1d	621897af41c0	22
50.399701	6de85	621898484020	621897e2d0c0	8d	621898944e20	277a	0	2b1d	7ffe9f1a86f0	468	621897212220	8c	45	d0	2b1d	62189782c760	45
50.410433	6dd86	621897cc3200	621897e2d1c8	8d	62189761d9b0	277a	38	281a	7ffe9f1a86f0	60	621897212328	8c	621897cc3030	60	2b1d	4c	61
50.422515	6dd8c	621897cc6f60	621897e2d300	8e	621897346d80	277a	12	bca	7ffe9f1a86f0	84	621897212460	8c	621897cc6ec0	84	2b1d	50	87
50.433352	6dedc	621898530820	621897e2d3f0	8e	62189894f820	277a	8c	2b1d	7ffe9f1a86f0	0	621897212550	8c	1	d0	2b1d	8e	3d
50.445045	6de85	621898651e20	621897e2d510	8e	621898953420	277a	58	2b1d	7ffe9f1a86f0	470	621897212670	8c	2f	d0	2b1d	6218979e9040	2f
50.454020	6dbf7	78	621897e2d5b8	8e	100	277a	78	2b1d	7ffe9f1a86f0	0	621897212718	8c	621897ccfa50	d0	2b1d	79	99
50.464286	6de85	6218986f8220	621897e2d6a8	8e	621898958920	277a	44	2b1d	7ffe9f1a86f0	470	621897212808	8c	27	d0	2b1d	621897a89080	27
50.474462	6de85	621898567320	621897e2d7b0	8e	62189895c020	277a	14	2b1d	7ffe9f1a86f0	470	621897212910	8c	3a	d0	2b1d	621897907210	3a
50.489138	6dd86	621897cda828	621897e2d918	8f	621897330958	277a	11	aec	7ffe9f1a86f0	88	621897212a78	90	621897cda790	88	2b1d	0	88
50.496918	6dc08	16	621897e2d9c0	8f	418	277a	15	2b1d	7ffe9f1a86f0	0	621897212b20	90	621897cdc940	d0	2b1d	16	99
50.502938	6dc84	10	621897e2da68	8f	99	277a	10	5e2	7ffe9f1a86f0	10	621897212bc8	90	621897cdeaf0	d0	2b1d	1f6	99
50.508829	6de85	6218984e6c20	621897e2daf8	8f	621898966f20	277a	0	2b1d	7ffe9f1a86f0	478	621897212c58	90	621897ce07d0	d0	2b1d	62189788b820	40
50.523575	6dd8c	621897ce4c80	621897e2dc48	8f	6218974dfa60	277a	28	1bb7	7ffe9f1a86f0	70	621897212da8	90	621897ce4b30	70	2b1d	54	71
50.537408	6de85	621898741420	621897e2dd08	8f	62189896dd20	277a	0	2b1d	7ffe9f1a86f0	478	621897212e68	90	621897ce71b0	d0	2b1d	621897acf6a0	24
50.550688	6dd86	621897cea260	621897e2ddf8	8f	621897320570	277a	10	a4a	7ffe9f1a86f0	88	621897212f58	90	621897cea1d0	88	2b1d	0	89
50.561914	6dd86	621897cecfe0	621897e2ded0	90	621897860110	277a	56	3ea3	7ffe9f1a86f0	40	621897213030	90	621897cecd20	40	2b1d	0	43
50.573952	6dd86	621897cf04b8	621897e2dfd8	90	621897820e58	277a	53	3c2d	7ffe9f1a86f0	44	621897213138	90	621897cf0210	44	2b1d	0	46
50.588238	6de8b	6218981d5220	621897e2e128	90	62189897b920	277a	14	2b1d	7ffe9f1a86f0	480	621897213288	90	67	d0	2b1d	621897597580	67
50.599822	6de85	6218981d7520	621897e2e230	90	62189897f020	277a	0	2b1d	7ffe9f1a86f0	480	621897213390	90	67	d0	2b1d	621897599730	67
50.613213	6de85	621898468820	621897e2e368	90	621898983120	277a	1c	2b1d	7ffe9f1a86f0	480	6218972134c8	90	46	d0	2b1d	621897811fe0	46
50.624640	6dd8c	621897cff100	621897e2e470	90	621897943c80	277a	62	4782	7ffe9f1a86f0	34	6218972135d0	90	621897cfede0	34	2b1d	28	37
50.633790	6dc03	1d	621897e2e548	91	3e0	277a	1c	2b1d	7ffe9f1a86f0	0	6218972136a8	90	621897d01930	d0	2b1d	1d	99
50.647568	6dd86	621897d05ad0	621897e2e680	91	62189791b790	277a	60	45f0	7ffe9f1a86f0	38	6218972137e0	90	621897d057c0	38	2b1d	8	39
50.654834	6dc08	0	621897e2e710	91	4c8	277a	ffffffffffffffff	2b1d	7ffe9f1a86f0	0	621897213870	90	621897d074a0	d0	2b1d	0	99
50.663803	6dd86	621897d09ec8	621897e2e7d0	91	621897aa7a38	277a	73	555f	7ffe9f1a86f0	24	621897213930	90	621897d09b20	24	2b1d	0	26
50.677121	6de85	621898159b20	621897e2e908	91	621898995d20	277a	6c	2b1d	7ffe9f1a86f0	488	621897213a68	90	6e	d0	2b1d	621897520890	6e
50.690718	6dbf7	4d	621897e2ea28	91	258	277a	4d	2b1d	7ffe9f1a86f0	0	621897213b88	90	621897d11370	d0	2b1d	4e	99
50.705348	6de85	621897f16520	621897e2eb90	92	62189899e420	277a	0	2b1d	7ffe9f1a86f0	490	621897213cf0	90	8b	d0	2b1d	6218972f2e30	8b
50.713387	6dc08	2f	621897e2ec38	92	350	277a	2e	2b1d	7ffe9f1a86f0	0	621897213d98	90	621897d17d50	d0	2b1d	2f	99
50.726931	6de98	62189818de20	621897e2ed70	92	6218989a4820	277a	14	2b1d	7ffe9f1a86f0	490	621897213ed0	90	6b	d0	2b1d	621897552c40	6b
50.733611	6dd8c	621897d1db70	621897e2ee00	92	621897828b80	277a	54	3c7b	7ffe9f1a86f0	44	621897213f60	90	621897d1d8c0	44	2b1d	4	45
50.746810	6dc08	4f	621897e2ef38	92	250	277a	4e	2b1d	7ffe9f1a86f0	0	621897214098	90	621897d21750	d0	2b1d	4f	99
50.754166	6dcca	23	621897e2efe0	92	6218971e9030	277a	23	1806	7ffe9f1a86f0	23	621897214140	90	621897d23900	d0	2b1d	621897480d20	76
50.760893	6dd86	621897d25580	621897e2f058	92	621897c9a620	277a	8c	68cd	7ffe9f1a86f0	c	6218972141b8	90	621897d25110	c	2b1d	0	d
50.772277	6de85	6218983f1720	621897e2f100	93	6218989b0620	277a	0	2b1d	7ffe9f1a86f0	498	621897214260	94	621897d272c0	d0	2b1d	62189779f650	4c
50.783785	6dc08	3f	621897e2f190	93	2d0	277a	3e	2b1d	7ffe9f1a86f0	0	6218972142f0	94	621897d28fa0	d0	2b1d	3f	99
50.789266	6dd8c	621897d2a188	621897e2f1d8	93	621897a33d38	277a	6d	50dc	7ffe9f1a86f0	2c	621897214338	94	621897d29e10	2c	2b1d	0	2c
50.802719	6de85	6218988d1920	621897e2f298	93	6218989b5b20	277a	8c	2b1d	7ffe9f1a86f0	498	6218972143f8	94	11	d0	2b1d	621897c50b70	11
50.815307	6de85	621898786520	621897e2f3b8	93	6218989b9720	277a	c	2b1d	7ffe9f1a86f0	498	621897214518	94	21	d0	2b1d	621897b11e30	21
50.825150	6dd95	621897d32f98	621897e2f4a8	93	621897482b28	277a	23	1818	7ffe9f1a86f0	74	621897214608	94	621897d32e70	74	2b1d	8	76
50.832309	6de85	621898487c20	621897e2f520	93	6218989be220	277a	7c	2b1d	7ffe9f1a86f0	498	621897214680	94	45	d0	2b1d	621897830120	45
50.846417	6de85	621897f70520	621897e2f670	93	6218989c2820	277a	0	2b1d	7ffe9f1a86f0	498	6218972147d0	94	87	d0	2b1d	621897349830	87
50.861361	6de85	6218988cf120	621897e2f790	94	6218989c6420	277a	6c	2b1d	7ffe9f1a86f0	4a0	6218972148f0	94	11	d0	2b1d	621897c4e4f0	11
50.870766	6dd86	621897d3f398	621897e2f868	94	621897d21258	277a	93	6e0d	7ffe9f1a86f0	4	6218972149c8	94	621897d3eef0	4	2b1d	0	6
50.877592	6dd86	621897d40db0	621897e2f8f8	94	6218976459d0	277a	3a	29a9	7ffe9f1a86f0	5c	621897214a58	94	621897d40bd0	5c	2b1d	48	5f
50.886578	6dc08	1b	621897e2f9b8	94	3f0	277a	1a	2b1d	7ffe9f1a86f0	0	621897214b18	94	621897d43250	d0	2b1d	1b	99
50.897403	6dd86	621897d45ea0	621897e2fa90	94	6218974191d0	277a	1e	13fb	7ffe9f1a86f0	78	621897214bf0	94	621897d45da0	78	2b1d	0	7b
50.906731	6dd86	621897d48880	621897e2fb50	94	621897c7a7f0	277a	8a	678f	7ffe9f1a86f0	c	621897214cb0	94	621897d48420	c	2b1d	4	f
50.916935	6dd86	621897d4b648	621897e2fc40	94	6218976911e8	277a	3f	2c9a	7ffe9f1a86f0	58	621897214da0	94	621897d4b440	58	2b1d	4	5a
50.924216	6dd86	621897d4cf58	621897e2fcb8	95	62189790e898	277a	5f	456f	7ffe9f1a86f0	38	621897214e18	94	621897d4cc50	38	2b1d	0	3a
50.931978	6dbf7	26	621897e2fd60	95	390	277a	26	2b1d	7ffe9f1a86f0	0	621897214ec0	94	621897d4ee00	d0	2b1d	27	99
50.939112	6dd80	621897d51130	621897e2fe08	95	621897560180	277a	2e	20b8	7ffe9f1a86f0	68	621897214f68	94	621897d50fb0	68	2b1d	20	6b
50.949762	6dd8c	621897d54198	621897e2fef8	95	62189760d0f8	277a	37	2775	7ffe9f1a86f0	60	621897215058	94	621897d53fd0	60	2b1d	2c	62
50.962137	6dbf7	38	621897e30000	95	300	277a	38	2b1d	7ffe9f1a86f0	0	621897215160	94	621897d574c0	d0	2b1d	39	99
50.970535	6dbf7	35	621897e300c0	95	318	277a	35	2b1d	7ffe9f1a86f0	0	621897215220	94	621897d59b40	d0	2b1d	36	99
50.978801	6de85	621898293c20	621897e30180	95	6218989e7620	277a	84	2b1d	7ffe9f1a86f0	4a8	6218972152e0	94	5e	d0	2b1d	62189764ed20	5e
50.986089	6de85	6218988cec20	621897e30210	95	6218989e9420	277a	1c	2b1d	7ffe9f1a86f0	4a8	621897215370	94	11	d0	2b1d	621897c4e020	11
50.996693	6dd86	621897d60e38	621897e302e8	96	621897c3ba08	277a	87	651c	7ffe9f1a86f0	10	621897215448	94	621897d609f0	10	2b1d	0	12
51.005773	6de17	621897df7ea0	621897e303c0	96	9e	277a	258c	6cf	7ffe9f1a86f0	8e	621897215520	94	8e	d0	2b1d	6218972c6f90	8e
51.017666	6dd86	621897d663a0	621897e30498	96	621897919110	277a	60	45d8	7ffe9f1a86f0	38	6218972155f8	94	621897d66090	38	2b1d	8	39
51.026778	6dd95	621897d68158	621897e30528	96	621897b4cc88	277a	7b	5bce	7ffe9f1a86f0	1c	621897215688	94	621897d67d70	1c	2b1d	14	1e
51.040967	6dd86	621897d6b088	621897e30618	96	6218978db198	277a	5d	436e	7ffe9f1a86f0	3c	621897215778	94	621897d6ad90	3c	2b1d	0	3c
51.047176	6dd8c	621897d6c690	621897e30690	96	6218973ffd80	277a	1c	12ff	7ffe9f1a86f0	7c	6218972157f0	94	621897d6c5a0	7c	2b1d	50	7d
51.060378	6de85	6218986ca820	621897e30798	96	6218989fbb20	277a	0	2b1d	7ffe9f1a86f0	4b0	6218972158f8	94	29	d0	2b1d	621897a5d1e0	29
51.070761	6de92	62189829b420	621897e30858	96	6218989fe320	277a	70	2b1d	7ffe9f1a86f0	4b0	6218972159b8	94	5e	d0	2b1d	6218976560a0	5e
51.080384	6dd86	621897d74898	621897e30918	97	62189743d828	277a	1f	1566	7ffe9f1a86f0	78	621897215a78	98	621897d74790	78	2b1d	0	7a
51.093315	6dbf7	50	621897e30a20	97	240	277a	50	2b1d	7ffe9f1a86f0	0	621897215b80	98	621897d77c80	d0	2b1d	51	99
51.102205	6dc08	59	621897e30ae0	97	200	277a	58	2b1d	7ffe9f1a86f0	0	621897215c40	98	621897d7a300	d0	2b1d	59	99
51.114185	6de85	6218980dc120	621897e30be8	97	621898a0a120	277a	0	2b1d	7ffe9f1a86f0	4b8	621897215d48	98	621897d7d7f0	d0	2b1d	6218974a79f0	74
51.125230	6dd86	621897d80768	621897e30cc0	97	621897bdf948	277a	83	6186	7ffe9f1a86f0	14	621897215e20	98	621897d80340	14	2b1d	0	16
51.135807	6de85	62189890fc20	621897e30d98	97	621898a0fb20	277a	7c	2b1d	7ffe9f1a86f0	4b8	621897215ef8	98	e	d0	2b1d	621897c8c920	e
51.144912	6de81	621897f35920	621897e30e58	97	621898a12320	277a	90	2b1d	7ffe9f1a86f0	4b8	621897215fb8	98	8a	d0	2b1d	621897310f70	8a
51.159166	6de85	62189840b620	621897e30f78	98	621898a15f20	277a	24	2b1d	7ffe9f1a86f0	4c0	6218972160d8	98	4b	d0	2b1d	6218977b85c0	4b
51.164775	6dc08	4d	621897e30ff0	98	260	277a	4c	2b1d	7ffe9f1a86f0	0	621897216150	98	621897d8a6e0	d0	2b1d	4d	99
51.170728	6de85	621898438620	621897e31068	98	621898a19120	277a	0	2b1d	7ffe9f1a86f0	4c0	6218972161c8	98	49	d0	2b1d	6218977e3ac0	49
51.177492	6dbf7	36	621897e310e0	98	310	277a	36	2b1d	7ffe9f1a86f0	0	621897216240	98	621897d8d700	d0	2b1d	37	99
51.192639	1acbacc66692	62188fada560	621898aacd90	62188fada550	48	50	7ce404e1ac98	10270	7ffe9f1a8570	7fffffffffffff00	62188fada560	3c	3	40	7ce404e1ac80	4	8
51.205143	6e2ca	2add	621898aa5968	621898a9e3f8	7ce404b6a7f0	2a5c	2add	2b1d	7ffe9f1a86f0	0	2add	2add	7ce404e1ace0	d0	2b1d	2add	621898aacda0
51.220003	6e2ca	2add	621898aa5968	621898aa18f0	7ce404b80a98	2750	2add	2b1d	7ffe9f1a86f0	0	2add	2add	7ce404e1ace0	d0	2b1d	2add	621898aacda0
51.230830	6e2ca	2add	621898aa5968	621898aa4178	7ce404b92138	156e	2add	2b1d	7ffe9f1a86f0	0	2add	2add	7ce404e1ace0	d0	2b1d	2add	621898aacda0
51.237563	6e2be	2add	621898aa5968	621898aa58e0	7ce404b9c3c8	1226	2add	2b1d	7ffe9f1a86f0	0	2add	2add	7ce404e1ace0	d0	2b1d	2add	621898aacda0
51.243509	84a97	621898ab7920	8d26080eea94eadb	62187578d6a0	4	0	4f	32	7ffe9f1a85a0	62187b04a920	699d	699d	48b79d109586ff7c	7ffe9f1a85b8	33	22a5	6218580ea2a8
51.253042	84a97	621898aac580	8d66219f6535f22c	62187578d6a0	4	0	4f	5f	7ffe9f1a85a0	6218862f0290	b99f	b99f	48b79d109586ff7c	7ffe9f1a85b8	20	22a4	6218580ea2a8
51.267964	8479c	62188bab7ca0	ae80df08296c57d8	c	62187578b3a0	6218580ea0b0	7ffe9f1a8598	3	7ffe9f1a8590	c	8	3c	48b79d109586ff7c	62187578b3b0	0	33c	62187578b370
51.276723	84734	62187b04a920	356eeb8d82cc874d	3c	621898aac770	6218580ea0b0	7ffe9f1a8598	1	7ffe9f1a8590	3c	14	238	48b79d109586ff7c	621898aac8bc	0	338	621898aac680
51.283617	1acbacc658be	0	7ce404e1ac80	30	20	20	621893ab6d10	621893ab6d10	7ffe9f1a8600	621898ab7d30	77fe	77fe	48b79d109586ff7c	20	621893ab6d00	30	20
51.290049	1acbacc6281b	111	1b0	19	45e0	62187578a010	7	621890f1f8c0	7ffe9f1a88a0	621890f1f8d0	0	350	48b79d109586ff7c	7ce404e1ac80	0	621890f1fa70	7ce404ca53a0
51.304648	1acbacc6288a	211	110	f	45e0	0	7	62188b291b10	7ffe9f1a8850	62188b291b20	0	350	48b79d109586ff7c	7ce404e1ac80	0	62188b291c20	210
51.315880	1acbacc62864	1b0	2c0	f	1b1	0	7	62187eed4760	7ffe9f1a8850	62187eed4920	0	350	48b79d109586ff7c	7ce404e1ac80	0	62187eed4a20	4e0
