seconds	address	rax	rbx	rcx	rdx	rsi	rdi	rbp	rsp	r8	r9	r10	r11	r12	r13	r14	r15
0.014056	15fcac7d46e6	ffffffffffffffa0	110	f	0	5f8bf3cd0010	7	5f8bf3cd1b10	7ffd87277980	5f8bf3cd19d0	5f8bf3cd14d0	1	dd9bd55327923952	75888521ac80	0	7c	5f8bf3cd3f40
0.027824	6ebb0	5f8bf3cd3f00	36698c1d1acfb892	3c	5f8bf3cd1e40	5f8bd89865b8	7ffd872778e8	1	7ffd872778e0	3c	1c	f0	dd9bd55327923952	5f8bf3cd1e44	0	1f0	5f8bf3cd1d50
0.041481	15fcac7d5d3d	0	75888521ac80	10	0	8	75888521ac80	8	7ffd87277750	0	2	1	dd9bd55327923952	8	20	2	8
0.056503	6f135	5f8bf3cd1c50	208f6512ebc940ca	5f8bf3cd2260	2	5f8bf3cd3ae0	2f	2	7ffd87277a70	4	1c	7c	dd9bd55327923952	7ffd87277a88	2	22a5	5f8bd89867b0
0.067773	15fcac7d48a4	75888521ace0	210	1f	75888521ace0	0	7	5f8bf3cd3ef0	7ffd87277ad0	5f8bf3cd3f00	7e	898d46ef88cf4ed8	dd9bd55327923952	75888521ac80	0	5f8bf3cd4100	20
0.073709	15fcac7d5ddd	30	75888521ac80	10	75888521ad00	75888521acf0	5b	10	7ffd87277750	1	0	279d2eb62d56ed2e	8000000000000000	10	20	2	5a260cebdc82644a
0.087771	6eb56	5f8bf3cd1460	b99d39a3db9fbd41	3c	5f8bf3cd40f0	5f8bd89865b8	7ffd872778e8	1	7ffd872778e0	3c	38	f8	dd9bd55327923952	5f8bf3cd40fc	0	1f8	5f8bf3cd4000
0.094649	6eb40	5f8bf3cd30b0	131908b812de092c	2c	5f8bf3cd79a0	5f8bd89865b8	7ffd87277a68	1	7ffd87277a60	2c	10	bc	dd9bd55327923952	5f8bf3cd79b0	0	1bc	5f8bf3cd78f0
0.107098	6ebac	5f8bf3cd1c30	2	3c	5f8bf3cd1ae0	5f8bd89865b8	7ffd87277918	0	7ffd87277910	3c	30	fc	dd9bd55327923952	5f8bf3cd1af0	0	fc	5f8bf3cd19f0
0.114586	6f146	5f8bf3cd75e0	753f5bde4f78518f	5f8bf3cd2b10	2	5f8bf3cd73d0	2f	37	7ffd87277920	1	3c	f8	dd9bd55327923952	7ffd87277938	37	22a4	5f8bd89867b0
0.122092	9cdd3	5f8bf3cd9640	758885351010	17724	758885368734	5f8bf3cd0010	7	758885351b09	7ffd87277330	5f8bf3cd9640	5f8bf3cd9640	22	dd9bd55327923952	10	35	6b	3d090
0.135025	b42f4	19b04	0	0	d6fc	0	2f6b90440	1d891	7ffd872772f8	1d891	0	0	dd9bd55327923952	b7f3	ec	1b8b8	5f8bd8982260
0.144091	b42f4	567b	0	0	13c87	0	115751072	66	7ffd872772f8	33551	0	4000	dd9bd55327923952	5b76	66	33551	5f8bd8982260
0.150335	a0c49	0	0	a5fed	0	a5fee	0	3d000	7ffd87277390	6ba28a8144	0	0	0	5f8bf3cd10b0	2b85	4281	75888531a0f0
0.157946	a0c6f	2499f41e66612108	0	33fac1	2	33fac2	0	3d000	7ffd87277390	a8ddeeb7b00	0	0	0	5f8bf3cd10b0	2b85	4281	75888531a0f0
0.163518	a0c49	0	0	52ef9c	0	52ef9d	0	3d000	7ffd87277390	1ade60da8649	0	0	0	5f8bf3cd10b0	2b85	4281	75888531a0f0
0.171334	a0c5f	0	0	7ddb7a	0	7ddb7b	0	3d000	7ffd87277390	3de01249ad19	0	0	0	5f8bf3cd10b0	2b85	4281	75888531a0f0
0.180437	a0c52	0	0	b023f5	0	b023f6	0	3d000	7ffd87277390	7931774d3064	0	0	0	5f8bf3cd10b0	2b85	4281	75888531a0f0
0.192080	a0c79	dfe494f8b8f88a40	0	eff9e3	d2	eff9e4	0	3d000	7ffd87277390	e0f48ba55300	0	0	0	5f8bf3cd10b0	2b85	4281	75888531a0f0
0.201254	a0c52	0	0	123395d	0	123395e	0	3d000	7ffd87277390	14b4b788efe84	0	0	0	5f8bf3cd10b0	2b85	4281	75888531a0f0
0.209781	a0c40	1bf1c65794600	0	15251e8	0	15251e9	0	3d000	7ffd87277390	1bf1c65794611	0	0	0	5f8bf3cd10b0	2b85	4281	75888531a0f0
0.222746	a0c28	2853bc846fb90	0	1966c53	0	1966c54	0	3d000	7ffd87277390	2853bc846fb90	0	0	0	5f8bf3cd10b0	2b85	4281	75888531a0f0
0.231781	a0c68	5708776b467b7428	0	1c843b9	5a9	1c843ba	0	3d000	7ffd87277390	32d31588ae324	0	0	0	5f8bf3cd10b0	2b85	4281	75888531a0f0
0.240794	a0c33	3dd6c9d97f500	0	1f74826	0	1f74827	0	3d000	7ffd87277390	3dd6c9d97f5f1	0	0	0	5f8bf3cd10b0	2b85	4281	75888531a0f0
0.247833	a0c05	1e6c5fc	0	21c1cd5	964	21c1cd6	0	3d000	7ffd87277390	47389a5d74900	0	0	0	5f8bf3cd10b0	2b85	4281	75888531a0f0
0.259359	a0c52	0	0	25c9be4	0	25c9be5	0	3d000	7ffd87277390	593efff871ad9	0	0	0	5f8bf3cd10b0	2b85	4281	75888531a0f0
0.270546	a0c79	b0c67e1da9b05e8	0	29a5189	11a2	29a518a	0	3d000	7ffd87277390	6c64c5c009e00	0	0	0	5f8bf3cd10b0	2b85	4281	75888531a0f0
0.282394	a0c08	0	0	2dc993f	176f	2dc9940	0	3d000	7ffd87277390	8307cbc045d00	0	0	0	5f8bf3cd10b0	2b85	4281	75888531a0f0
0.287660	a0c1f	2f993db	0	2f993da	0	2f993db	0	3d000	7ffd87277390	8d9a05b781500	0	0	0	5f8bf3cd10b0	2b85	4281	75888531a0f0
0.298005	a0c79	98f03dd3e462343d	0	3327344	20ad	3327345	0	3d000	7ffd87277390	a38a4d8db1000	0	0	0	5f8bf3cd10b0	2b85	4281	75888531a0f0
0.309869	a0c79	ba80d1be498fbde8	0	3741b89	2930	3741b8a	0	3d000	7ffd87277390	bed4e34066600	0	0	0	5f8bf3cd10b0	2b85	4281	75888531a0f0
0.316885	a0c11	0	0	39b2c39	0	39b2c3a	0	3d000	7ffd87277390	d0117eaa9a400	0	0	0	5f8bf3cd10b0	2b85	4281	75888531a0f0
0.323681	a0c65	e73dc9fa01faa088	0	3c0bb61	34da	3c0bb62	0	3d000	7ffd87277390	e157de8285184	0	0	0	5f8bf3cd10b0	2b85	4281	75888531a0f0
0.331447	a0c1f	3ebcedc	0	3ebcedb	0	3ebcedc	0	3d000	7ffd87277390	f600e8f372f00	0	0	0	5f8bf3cd10b0	2b85	4281	75888531a0f0
0.336968	a0c68	8c126b6df259f047	0	40a8c56	41ff	40a8c57	0	3d000	7ffd87277390	1054d1fbbb4591	0	0	0	5f8bf3cd10b0	2b85	4281	75888531a0f0
0.344737	a0c1c	0	0	4356c42	0	4356c43	0	3d000	7ffd87277390	11b688111bc100	0	0	0	5f8bf3cd10b0	2b85	4281	75888531a0f0
0.353780	a0c25	1369536a80cbf1	0	467e526	0	467e527	0	3d000	7ffd87277390	1369536a80cbf1	0	0	0	5f8bf3cd10b0	2b85	4281	75888531a0f0
0.368690	a0c6c	280cfcb20a3c53fd	0	4ba8a84	69bc	4ba8a85	0	3d000	7ffd87277390	165c41bc37a900	0	0	0	5f8bf3cd10b0	2b85	4281	75888531a0f0
0.383072	a0c5f	0	0	50aee50	0	50aee51	0	3d000	7ffd87277390	196dc6a62eb5a1	0	0	0	5f8bf3cd10b0	2b85	4281	75888531a0f0
0.391728	a0c79	baeed2ced49c5458	0	539c6a5	8eb3	539c6a6	0	3d000	7ffd87277390	1b4ecc8c113300	0	0	0	5f8bf3cd10b0	2b85	4281	75888531a0f0
0.400269	a0c33	1d49ba15283300	0	5696e3e	0	5696e3f	0	3d000	7ffd87277390	1d49ba15283381	0	0	0	5f8bf3cd10b0	2b85	4281	75888531a0f0
0.408567	a0c5f	0	0	5954426	0	5954427	0	3d000	7ffd87277390	1f2bb1ed8abdf1	0	0	0	5f8bf3cd10b0	2b85	4281	75888531a0f0
0.421011	a0c79	9b3a2c394d866340	0	5d9f0d3	c856	5d9f0d4	0	3d000	7ffd87277390	223cf271f62f00	0	0	0	5f8bf3cd10b0	2b85	4281	75888531a0f0
0.433212	a0c3d	256a947acf4d00	0	61dec6b	0	61dec6c	0	3d000	7ffd87277390	256a947acf4d90	0	0	0	5f8bf3cd10b0	2b85	4281	75888531a0f0
0.444124	a0c68	6493d3e9e05fc9b7	0	65a5626	10065	65a5627	0	3d000	7ffd87277390	285bea846a39f1	0	0	0	5f8bf3cd10b0	2b85	4281	75888531a0f0
0.455860	a0c28	2b9492b8f5b661	0	699feb0	0	699feb1	0	3d000	7ffd87277390	2b9492b8f5b661	0	0	0	5f8bf3cd10b0	2b85	4281	75888531a0f0
0.469140	a0c28	2f66561d255f90	0	6e27ed3	0	6e27ed4	0	3d000	7ffd87277390	2f66561d255f90	0	0	0	5f8bf3cd10b0	2b85	4281	75888531a0f0
0.478654	a0c33	3223f3b3954600	0	714bbd7	0	714bbd8	0	3d000	7ffd87277390	3223f3b3954640	0	0	0	5f8bf3cd10b0	2b85	4281	75888531a0f0
0.487838	a0c1f	7467779	0	7467778	0	7467779	0	3d000	7ffd87277390	34edee1d60c800	0	0	0	5f8bf3cd10b0	2b85	4281	75888531a0f0
0.494088	a0c4f	0	0	766ac46	0	766ac47	0	3d000	7ffd87277390	36c6999e837bb1	0	0	0	5f8bf3cd10b0	2b85	4281	75888531a0f0
0.501918	a0c1f	791d9b9	0	791d9b8	0	791d9b9	0	3d000	7ffd87277390	394d006b997400	0	0	0	5f8bf3cd10b0	2b85	4281	75888531a0f0
0.507806	a0c30	3b3e72f3e3b600	0	7b26f27	0	7b26f28	0	3d000	7ffd87277390	3b3e72f3e3b640	0	0	0	5f8bf3cd10b0	2b85	4281	75888531a0f0
0.515659	a0c68	9ee7ac98d69cc440	0	7dccac3	1e60b	7dccac4	0	3d000	7ffd87277390	3dd183d979e610	0	0	0	5f8bf3cd10b0	2b85	4281	75888531a0f0
0.523558	a0c46	0	0	8085879	0	808587a	0	3d000	7ffd87277390	4085cd46341a24	0	0	0	5f8bf3cd10b0	2b85	4281	75888531a0f0
0.536883	a0c28	44faa778c9fd19	0	84e2c84	0	84e2c85	0	3d000	7ffd87277390	44faa778c9fd19	0	0	0	5f8bf3cd10b0	2b85	4281	75888531a0f0
0.545961	a0c5c	0	0	87ed07a	0	87ed07b	0	3d000	7ffd87277390	482bd992dc1b19	0	0	0	5f8bf3cd10b0	2b85	4281	75888531a0f0
0.557039	a0c68	5db32cb5c2092f21	0	8bc9660	29add	8bc9661	0	3d000	7ffd87277390	4c545346cdd0c1	0	0	0	5f8bf3cd10b0	2b85	4281	75888531a0f0
0.562531	a0c11	0	0	8dad426	0	8dad427	0	3d000	7ffd87277390	4e68506086f500	0	0	0	5f8bf3cd10b0	2b85	4281	75888531a0f0
0.574763	a0c68	412986914c8b1000	0	91ec90f	2f69d	91ec910	0	3d000	7ffd87277390	532dd6ddaa2100	0	0	0	5f8bf3cd10b0	2b85	4281	75888531a0f0
0.581651	a0c52	0	0	944a3dc	0	944a3dd	0	3d000	7ffd87277390	55e5ed004b2cc9	0	0	0	5f8bf3cd10b0	2b85	4281	75888531a0f0
0.588809	a0c79	9c65f1c71e439a40	0	96ce4e3	34553	96ce4e4	0	3d000	7ffd87277390	58d669f506eb00	0	0	0	5f8bf3cd10b0	2b85	4281	75888531a0f0
0.600723	a0bfa	1e34c9a	0	9a68772	382c5	9a68773	0	3d000	7ffd87277390	5d21da06ce7d00	0	0	0	5f8bf3cd10b0	2b85	4281	75888531a0f0
0.612912	a0c33	624a132b59a800	0	9ea0260	0	9ea0261	0	3d000	7ffd87277390	624a132b59a8c1	0	0	0	5f8bf3cd10b0	2b85	4281	75888531a0f0
0.623410	a0c25	66d4a2abfd0f10	0	a23fa9b	0	a23fa9c	0	3d000	7ffd87277390	66d4a2abfd0f10	0	0	0	5f8bf3cd10b0	2b85	4281	75888531a0f0
0.634444	a0c33	6bbd7ee5cf8200	0	a613a79	0	a613a7a	0	3d000	7ffd87277390	6bbd7ee5cf8224	0	0	0	5f8bf3cd10b0	2b85	4281	75888531a0f0
0.647357	a0c40	7196639bf49700	0	aa861c1	0	aa861c2	0	3d000	7ffd87277390	7196639bf49704	0	0	0	5f8bf3cd10b0	2b85	4281	75888531a0f0
0.657979	a0c68	ec6bedb3587d4240	0	ae1a063	50864	ae1a064	0	3d000	7ffd87277390	76676324452710	0	0	0	5f8bf3cd10b0	2b85	4281	75888531a0f0
0.666866	a0bfa	1e1819c	0	b12c03e	54dc4	b12c03f	0	3d000	7ffd87277390	7a9de5033a8f00	0	0	0	5f8bf3cd10b0	2b85	4281	75888531a0f0
0.675348	a0bfa	1e13d91	0	b4155a8	591ce	b4155a9	0	3d000	7ffd87277390	7eae09227ba900	0	0	0	5f8bf3cd10b0	2b85	4281	75888531a0f0
0.688014	a0c40	850c9eb4e75100	0	b88e213	0	b88e214	0	3d000	7ffd87277390	850c9eb4e75190	0	0	0	5f8bf3cd10b0	2b85	4281	75888531a0f0
0.700610	a0c11	0	0	bce1e4d	0	bce1e4e	0	3d000	7ffd87277390	8b5c8f65822300	0	0	0	5f8bf3cd10b0	2b85	4281	75888531a0f0
0.709179	a0c28	8fc482a62ae900	0	bfd852f	0	bfd8530	0	3d000	7ffd87277390	8fc482a62ae900	0	0	0	5f8bf3cd10b0	2b85	4281	75888531a0f0
0.716536	a0c28	93a01eff6420b9	0	c266e6a	0	c266e6b	0	3d000	7ffd87277390	93a01eff6420b9	0	0	0	5f8bf3cd10b0	2b85	4281	75888531a0f0
0.725614	a0c0b	0	0	c589c9a	0	c589c9b	0	3d000	7ffd87277390	986d5a79ac0c00	0	0	0	5f8bf3cd10b0	2b85	4281	75888531a0f0
0.737174	a0c52	0	0	c98e572	0	c98e573	0	3d000	7ffd87277390	9eb0d40e36f1a9	0	0	0	5f8bf3cd10b0	2b85	4281	75888531a0f0
0.746735	a0c11	0	0	cce0c05	0	cce0c06	0	3d000	7ffd87277390	a3f6f7d09c7800	0	0	0	5f8bf3cd10b0	2b85	4281	75888531a0f0
0.756479	a0c79	8ad3e69367b0d02d	0	d040414	89cf6	d040415	0	3d000	7ffd87277390	a9687a42b8a900	0	0	0	5f8bf3cd10b0	2b85	4281	75888531a0f0
0.766538	a0bfa	1ddc03d	0	d3c8fe9	90f23	d3c8fea	0	3d000	7ffd87277390	af34f18a974100	0	0	0	5f8bf3cd10b0	2b85	4281	75888531a0f0
0.775142	a0c0b	0	0	d6c340a	0	d6c340b	0	3d000	7ffd87277390	b42b04f7041000	0	0	0	5f8bf3cd10b0	2b85	4281	75888531a0f0
0.785106	a0c65	505cdb9a283ef200	0	da3a747	9e94f	da3a748	0	3d000	7ffd87277390	ba079bc2ff0440	0	0	0	5f8bf3cd10b0	2b85	4281	75888531a0f0
0.795081	a0bf7	1dc6a87	0	ddb6cdb	a64d8	ddb6cdc	0	3d000	7ffd87277390	c00521c6b25d00	0	0	0	5f8bf3cd10b0	2b85	4281	75888531a0f0
0.807176	a0c52	0	0	e1ed1bc	0	e1ed1bd	0	3d000	7ffd87277390	c762a680222589	0	0	0	5f8bf3cd10b0	2b85	4281	75888531a0f0
0.814718	a0c11	0	0	e4875ed	0	e4875ee	0	3d000	7ffd87277390	cc016877a27d00	0	0	0	5f8bf3cd10b0	2b85	4281	75888531a0f0
0.820711	a0c2e	cfc4283ddd9a00	0	e6a025d	0	e6a025e	0	3d000	7ffd87277390	cfc4283ddd9a84	0	0	0	5f8bf3cd10b0	2b85	4281	75888531a0f0
0.829692	a0c30	d574bc87772d00	0	e9c31b5	0	e9c31b6	0	3d000	7ffd87277390	d574bc87772d64	0	0	0	5f8bf3cd10b0	2b85	4281	75888531a0f0
0.839964	a0c49	0	0	ed55a98	0	ed55a99	0	3d000	7ffd87277390	dc07b89ea9ef71	0	0	0	5f8bf3cd10b0	2b85	4281	75888531a0f0
0.851189	a0c28	e335e9f2fa4390	0	f12d153	0	f12d154	0	3d000	7ffd87277390	e335e9f2fa4390	0	0	0	5f8bf3cd10b0	2b85	4281	75888531a0f0
0.861675	a0bfa	1d8d220	0	f4cae67	dfd40	f4cae68	0	3d000	7ffd87277390	ea136834918a00	0	0	0	5f8bf3cd10b0	2b85	4281	75888531a0f0
0.872381	a0c5f	0	0	f88cf1e	0	f88cf1f	0	3d000	7ffd87277390	f151625a8325c1	0	0	0	5f8bf3cd10b0	2b85	4281	75888531a0f0
0.882367	a0c33	f821e3c20f0600	0	fc09160	0	fc09161	0	3d000	7ffd87277390	f821e3c20f06c1	0	0	0	5f8bf3cd10b0	2b85	4281	75888531a0f0
0.892698	a0c33	ff487a10004100	0	ffa42c8	0	ffa42c9	0	3d000	7ffd87277390	ff487a100041d1	0	0	0	5f8bf3cd10b0	2b85	4281	75888531a0f0
0.897962	a0c68	ab6dfd93f12540d7	0	10173286	1045fc	10173287	0	3d000	7ffd87277390	102e86afe3b0331	0	0	0	5f8bf3cd10b0	2b85	4281	75888531a0f0
0.903530	a0c5f	0	0	1036092e	0	1036092f	0	3d000	7ffd87277390	106cc8dc02856a1	0	0	0	5f8bf3cd10b0	2b85	4281	75888531a0f0
0.908771	a0c05	1d5d115	0	1053119e	10fe4b	1053119f	0	3d000	7ffd87277390	10a7d282daa5d00	0	0	0	5f8bf3cd10b0	2b85	4281	75888531a0f0
0.915824	a0c5f	0	0	107a14a9	0	107a14aa	0	3d000	7ffd87277390	10f7cccf3b300e4	0	0	0	5f8bf3cd10b0	2b85	4281	75888531a0f0
0.924866	a0c28	11608e89de70400	0	10aca3df	0	10aca3e0	0	3d000	7ffd87277390	11608e89de70400	0	0	0	5f8bf3cd10b0	2b85	4281	75888531a0f0
0.931647	a0c79	f403a60ca2099a58	0	10cf0325	128cf3	10cf0326	0	3d000	7ffd87277390	11a87cad77de900	0	0	0	5f8bf3cd10b0	2b85	4281	75888531a0f0
0.946731	a0c46	0	0	11230cd5	0	11230cd6	0	3d000	7ffd87277390	125ac80ef28c2e4	0	0	0	5f8bf3cd10b0	2b85	4281	75888531a0f0
0.952429	a0c65	9b2e6ef865295e2b	0	11428832	1415c9	11428833	0	3d000	7ffd87277390	129e76148c23a29	0	0	0	5f8bf3cd10b0	2b85	4281	75888531a0f0
0.960260	a0c36	12fb7e5900b1000	0	116d71bf	0	116d71c0	0	3d000	7ffd87277390	12fb7e5900b1000	0	0	0	5f8bf3cd10b0	2b85	4281	75888531a0f0
0.971722	a0c3d	138838a64fa6400	0	11ad9562	0	11ad9563	0	3d000	7ffd87277390	138838a64fa6449	0	0	0	5f8bf3cd10b0	2b85	4281	75888531a0f0
0.983494	a0c1f	11eefcf3	0	11eefcf2	0	11eefcf3	0	3d000	7ffd87277390	1419cb36fe55400	0	0	0	5f8bf3cd10b0	2b85	4281	75888531a0f0
0.998356	a0bfa	1cf0b15	0	12418327	17c44b	12418328	0	3d000	7ffd87277390	14d47357d81f600	0	0	0	5f8bf3cd10b0	2b85	4281	75888531a0f0
1.011533	a0c25	157d017652c3890	0	128acd0b	0	128acd0c	0	3d000	7ffd87277390	157d017652c3890	0	0	0	5f8bf3cd10b0	2b85	4281	75888531a0f0
1.018172	a0c68	bc70d55c72c192b7	0	12afc926	197d38	12afc927	0	3d000	7ffd87277390	15d30fe1d6043f1	0	0	0	5f8bf3cd10b0	2b85	4281	75888531a0f0
1.026034	a0c79	f3a0986faca068c3	0	12dac3ba	1a2ead	12dac3bb	0	3d000	7ffd87277390	1637e783c226a00	0	0	0	5f8bf3cd10b0	2b85	4281	75888531a0f0
1.032812	a0bf7	1cc0286	0	13006ff8	1accd9	13006ff9	0	3d000	7ffd87277390	169109f26f9e000	0	0	0	5f8bf3cd10b0	2b85	4281	75888531a0f0
1.038944	a0c30	16d7c619ed55500	0	131e2093	0	131e2094	0	3d000	7ffd87277390	16d7c619ed55590	0	0	0	5f8bf3cd10b0	2b85	4281	75888531a0f0
1.046537	a0c33	1739982aad8b600	0	1346e43c	0	1346e43d	0	3d000	7ffd87277390	1739982aad8b689	0	0	0	5f8bf3cd10b0	2b85	4281	75888531a0f0
1.057003	a0c79	655cde802d3086b7	0	13808526	1cf931	13808527	0	3d000	7ffd87277390	17c544936418b00	0	0	0	5f8bf3cd10b0	2b85	4281	75888531a0f0
1.066986	a0c33	184d577576e5200	0	13b807e4	0	13b807e5	0	3d000	7ffd87277390	184d577576e52d9	0	0	0	5f8bf3cd10b0	2b85	4281	75888531a0f0
1.078808	a0c33	18f09b764967a00	0	13f9d6d5	0	13f9d6d6	0	3d000	7ffd87277390	18f09b764967ae4	0	0	0	5f8bf3cd10b0	2b85	4281	75888531a0f0
1.086396	a0c11	0	0	142362f2	0	142362f3	0	3d000	7ffd87277390	1958c5a046a2c00	0	0	0	5f8bf3cd10b0	2b85	4281	75888531a0f0
1.097798	a0c33	19f9d437a2d2300	0	1462f995	0	1462f996	0	3d000	7ffd87277390	19f9d437a2d23e4	0	0	0	5f8bf3cd10b0	2b85	4281	75888531a0f0
1.103236	a0c11	0	0	148008c8	0	148008c9	0	3d000	7ffd87277390	1a44168084d1c00	0	0	0	5f8bf3cd10b0	2b85	4281	75888531a0f0
1.115854	a0c40	1af704838800400	0	14c566d1	0	14c566d2	0	3d000	7ffd87277390	1af704838800444	0	0	0	5f8bf3cd10b0	2b85	4281	75888531a0f0
1.123135	a0c33	1b5f6bd57d87100	0	14ed763a	0	14ed763b	0	3d000	7ffd87277390	1b5f6bd57d87199	0	0	0	5f8bf3cd10b0	2b85	4281	75888531a0f0
1.131389	a0c52	0	0	151b25cd	0	151b25ce	0	3d000	7ffd87277390	1bd7714cb0931c4	0	0	0	5f8bf3cd10b0	2b85	4281	75888531a0f0
1.137475	a0c68	8e581cdd4dd66528	0	153cc479	256a9b	153cc47a	0	3d000	7ffd87277390	1c306a8b3fb0a24	0	0	0	5f8bf3cd10b0	2b85	4281	75888531a0f0
1.151385	a0c52	0	0	1589ce52	0	1589ce53	0	3d000	7ffd87277390	1cfe608191faee9	0	0	0	5f8bf3cd10b0	2b85	4281	75888531a0f0
1.158931	a0c28	1d6fe3d3b11d011	0	15b3cee8	0	15b3cee9	0	3d000	7ffd87277390	1d6fe3d3b11d011	0	0	0	5f8bf3cd10b0	2b85	4281	75888531a0f0
1.165235	a0c49	0	0	15d6234f	0	15d62350	0	3d000	7ffd87277390	1dcd4ea2e9ef900	0	0	0	5f8bf3cd10b0	2b85	4281	75888531a0f0
1.178154	a0c28	1e91d78aceea440	0	161daeb7	0	161daeb8	0	3d000	7ffd87277390	1e91d78aceea440	0	0	0	5f8bf3cd10b0	2b85	4281	75888531a0f0
1.183497	a0c1c	0	0	163b18c7	0	163b18c8	0	3d000	7ffd87277390	1ee35e6a21fea00	0	0	0	5f8bf3cd10b0	2b85	4281	75888531a0f0
1.194934	a0c4f	0	0	16798282	0	16798283	0	3d000	7ffd87277390	1f91c1b265f4f09	0	0	0	5f8bf3cd10b0	2b85	4281	75888531a0f0
1.208209	a0c2e	206382ac9502000	0	16c3b1de	0	16c3b1df	0	3d000	7ffd87277390	206382ac9502041	0	0	0	5f8bf3cd10b0	2b85	4281	75888531a0f0
1.222986	a0c5f	0	0	1715e7fe	0	1715e7ff	0	3d000	7ffd87277390	214f18fb4143001	0	0	0	5f8bf3cd10b0	2b85	4281	75888531a0f0
1.235683	a0c1f	175c46a5	0	175c46a4	0	175c46a5	0	3d000	7ffd87277390	221b5f4515e1900	0	0	0	5f8bf3cd10b0	2b85	4281	75888531a0f0
1.248966	a0c49	0	0	17a646c4	0	17a646c5	0	3d000	7ffd87277390	22f4cb7410c5399	0	0	0	5f8bf3cd10b0	2b85	4281	75888531a0f0
1.260339	a0c08	0	0	17e46241	35466d	17e46242	0	3d000	7ffd87277390	23ad566d77dd400	0	0	0	5f8bf3cd10b0	2b85	4281	75888531a0f0
1.270817	a0c33	245c9d6dcca2800	0	181ecb62	0	181ecb63	0	3d000	7ffd87277390	245c9d6dcca2849	0	0	0	5f8bf3cd10b0	2b85	4281	75888531a0f0
1.283829	a0c52	0	0	1866b1e1	0	1866b1e2	0	3d000	7ffd87277390	2536a8c9bb24b84	0	0	0	5f8bf3cd10b0	2b85	4281	75888531a0f0
1.297044	a0c68	1e4d31d5ccd954c0	0	18b071ab	3ac987	18b071ac	0	3d000	7ffd87277390	2618eecbef94b90	0	0	0	5f8bf3cd10b0	2b85	4281	75888531a0f0
1.302731	a0c25	267ace55a33ea71	0	18d01418	0	18d01419	0	3d000	7ffd87277390	267ace55a33ea71	0	0	0	5f8bf3cd10b0	2b85	4281	75888531a0f0
1.315678	a0c5c	0	0	1918ef32	0	1918ef33	0	3d000	7ffd87277390	275e125af104429	0	0	0	5f8bf3cd10b0	2b85	4281	75888531a0f0
1.323531	a0c52	0	0	1940e6ad	0	1940e6ae	0	3d000	7ffd87277390	27dbd8222dd1e44	0	0	0	5f8bf3cd10b0	2b85	4281	75888531a0f0
1.333693	a0c2e	288f7728c047400	0	19798dfa	0	19798dfb	0	3d000	7ffd87277390	288f7728c047419	0	0	0	5f8bf3cd10b0	2b85	4281	75888531a0f0
1.339542	a0c68	766dcae511c23635	0	1999e2ec	418b6a	1999e2ed	0	3d000	7ffd87277390	28f6ad352714f69	0	0	0	5f8bf3cd10b0	2b85	4281	75888531a0f0
1.349329	a0c11	0	0	19d01052	0	19d01053	0	3d000	7ffd87277390	29a4c4a8a4a5a00	0	0	0	5f8bf3cd10b0	2b85	4281	75888531a0f0
1.364271	a0c6c	409de0928f9d9c51	0	1a238870	45c2fe	1a238871	0	3d000	7ffd87277390	2ab3ca58b9e4100	0	0	0	5f8bf3cd10b0	2b85	4281	75888531a0f0
1.374831	a0c52	0	0	1a5d76b0	0	1a5d76b1	0	3d000	7ffd87277390	2b71e3b67a1a661	0	0	0	5f8bf3cd10b0	2b85	4281	75888531a0f0
1.386852	a0c1f	1aa06f4e	0	1aa06f4d	0	1aa06f4e	0	3d000	7ffd87277390	2c4fb26f4a3dd00	0	0	0	5f8bf3cd10b0	2b85	4281	75888531a0f0
1.392806	a0c28	2cbe116d57ac831	0	1ac183f8	0	1ac183f9	0	3d000	7ffd87277390	2cbe116d57ac831	0	0	0	5f8bf3cd10b0	2b85	4281	75888531a0f0
1.402007	a0c3d	2d697ca40decd00	0	1af4944a	0	1af4944b	0	3d000	7ffd87277390	2d697ca40decdf9	0	0	0	5f8bf3cd10b0	2b85	4281	75888531a0f0
1.414753	a0c52	0	0	1b3b01e8	0	1b3b01e9	0	3d000	7ffd87277390	2e580010769a611	0	0	0	5f8bf3cd10b0	2b85	4281	75888531a0f0
1.422323	a0c49	0	0	1b6546fa	0	1b6546fb	0	3d000	7ffd87277390	2ee850a07bc3a19	0	0	0	5f8bf3cd10b0	2b85	4281	75888531a0f0
1.437024	a0c08	0	0	1bb65b4b	532254	1bb65b4c	0	3d000	7ffd87277390	2fff927c1326700	0	0	0	5f8bf3cd10b0	2b85	4281	75888531a0f0
1.443045	a0bf7	1928852	0	1bd6bc22	54470e	1bd6bc23	0	3d000	7ffd87277390	306ffce76c76c00	0	0	0	5f8bf3cd10b0	2b85	4281	75888531a0f0
1.450067	a0c05	1912325	0	1bfdd8fc	55ac3b	1bfdd8fd	0	3d000	7ffd87277390	30f877bc2023800	0	0	0	5f8bf3cd10b0	2b85	4281	75888531a0f0
1.463110	a0c5f	0	0	1c465565	0	1c465566	0	3d000	7ffd87277390	31f76012044e4a4	0	0	0	5f8bf3cd10b0	2b85	4281	75888531a0f0
1.468946	a0bfa	18d558b	0	1c66599c	5979d4	1c66599d	0	3d000	7ffd87277390	3268c85e07a8a00	0	0	0	5f8bf3cd10b0	2b85	4281	75888531a0f0
1.476621	a0c1f	1c90f8f2	0	1c90f8f1	0	1c90f8f2	0	3d000	7ffd87277390	330088db933d200	0	0	0	5f8bf3cd10b0	2b85	4281	75888531a0f0
1.484573	a0c6c	634c5d27c3fe0d57	0	1cbd4406	5cb932	1cbd4407	0	3d000	7ffd87277390	339f2cf0c69b800	0	0	0	5f8bf3cd10b0	2b85	4281	75888531a0f0
1.495078	a0c11	0	0	1cf4bb52	0	1cf4bb53	0	3d000	7ffd87277390	34672ef8d60e600	0	0	0	5f8bf3cd10b0	2b85	4281	75888531a0f0
1.509287	a0c79	fb213e2eae6e2715	0	1d41538c	61ce80	1d41538d	0	3d000	7ffd87277390	357dd997adebb00	0	0	0	5f8bf3cd10b0	2b85	4281	75888531a0f0
1.519043	a0c1f	1d768031	0	1d768030	0	1d768031	0	3d000	7ffd87277390	3640fe54c700900	0	0	0	5f8bf3cd10b0	2b85	4281	75888531a0f0
1.533335	a0c68	4865654f6b4b13c0	0	1dc369bb	66fe06	1dc369bc	0	3d000	7ffd87277390	375db1ed813c210	0	0	0	5f8bf3cd10b0	2b85	4281	75888531a0f0
1.539054	a0c30	37d086c32d47200	0	1de23748	0	1de23749	0	3d000	7ffd87277390	37d086c32d472d1	0	0	0	5f8bf3cd10b0	2b85	4281	75888531a0f0
1.549100	a0c68	22bfecbc1a8464c0	0	1e1a44ab	6a8dff	1e1a44ac	0	3d000	7ffd87277390	38a2aca555bd390	0	0	0	5f8bf3cd10b0	2b85	4281	75888531a0f0
1.563529	a0bfa	17a0147	0	1e502453	6cce18	1e502454	0	3d000	7ffd87277390	396e19a69a7bb00	0	0	0	5f8bf3cd10b0	2b85	4281	75888531a0f0
1.569896	a0c68	36ba714a9775ded7	0	1e72dc86	6e45a3	1e72dc87	0	3d000	7ffd87277390	39f1f38ca344f31	0	0	0	5f8bf3cd10b0	2b85	4281	75888531a0f0
1.579621	a0c79	950d09216faf7378	0	1ea7fb9d	708aba	1ea7fb9e	0	3d000	7ffd87277390	3abcd3347733500	0	0	0	5f8bf3cd10b0	2b85	4281	75888531a0f0
1.593609	a0c71	5d5050b5daa355db	0	1ef3ad42	73d46f	1ef3ad43	0	3d000	7ffd87277390	3be048e16759f00	0	0	0	5f8bf3cd10b0	2b85	4281	75888531a0f0
1.607376	a0c11	0	0	1f3c2a73	0	1f3c2a74	0	3d000	7ffd87277390	3cfa06bc6f1ef00	0	0	0	5f8bf3cd10b0	2b85	4281	75888531a0f0
1.616106	a0c79	1e50ae9ee25af940	0	1f6c0ff3	79309d	1f6c0ff4	0	3d000	7ffd87277390	3db597a8ede8000	0	0	0	5f8bf3cd10b0	2b85	4281	75888531a0f0
1.628095	a0c33	3eb1ec97369d000	0	1fac0d07	0	1fac0d08	0	3d000	7ffd87277390	3eb1ec97369d040	0	0	0	5f8bf3cd10b0	2b85	4281	75888531a0f0
1.640414	a0c22	3fbd7fc35eefe49	0	1fef5b9c	0	1fef5b9d	0	3d000	7ffd87277390	3fbd7fbf6104700	0	0	0	5f8bf3cd10b0	2b85	4281	75888531a0f0
1.652255	a0c33	40c39aca7976a00	0	2030c18d	0	2030c18e	0	3d000	7ffd87277390	40c39aca7976ac4	0	0	0	5f8bf3cd10b0	2b85	4281	75888531a0f0
1.667308	a0c1f	208446d8	0	208446d7	0	208446d8	0	3d000	7ffd87277390	421560ee1524800	0	0	0	5f8bf3cd10b0	2b85	4281	75888531a0f0
1.676447	a0bfa	15e0bb1	0	20b6dc84	88c3ae	20b6dc85	0	3d000	7ffd87277390	42e39bf8b10dd00	0	0	0	5f8bf3cd10b0	2b85	4281	75888531a0f0
1.690796	a0c79	cd924946be30c09d	0	21041864	8c9549	21041865	0	3d000	7ffd87277390	4420e5acf7b1700	0	0	0	5f8bf3cd10b0	2b85	4281	75888531a0f0
1.697588	a0c33	44b617599309700	0	21282b45	0	21282b46	0	3d000	7ffd87277390	44b617599309724	0	0	0	5f8bf3cd10b0	2b85	4281	75888531a0f0
1.710187	a0c28	45d66821b3d7681	0	216d7340	0	216d7341	0	3d000	7ffd87277390	45d66821b3d7681	0	0	0	5f8bf3cd10b0	2b85	4281	75888531a0f0
1.725251	a0c11	0	0	21c0bfb6	0	21c0bfb7	0	3d000	7ffd87277390	473428d0c911500	0	0	0	5f8bf3cd10b0	2b85	4281	75888531a0f0
1.732630	a0c46	0	0	21e6971f	0	21e69720	0	3d000	7ffd87277390	47d42aa26b6c400	0	0	0	5f8bf3cd10b0	2b85	4281	75888531a0f0
1.742077	a0c5f	0	0	221afd0f	0	221afd10	0	3d000	7ffd87277390	48b2e10a168a100	0	0	0	5f8bf3cd10b0	2b85	4281	75888531a0f0
1.756936	a0c28	4a18eb9f1e4a929	0	226e92b2	0	226e92b3	0	3d000	7ffd87277390	4a18eb9f1e4a929	0	0	0	5f8bf3cd10b0	2b85	4281	75888531a0f0
1.764876	a0c33	4ac6fcaebc4dc00	0	2296ec7b	0	2296ec7c	0	3d000	7ffd87277390	4ac6fcaebc4dc10	0	0	0	5f8bf3cd10b0	2b85	4281	75888531a0f0
1.776042	a0c52	0	0	22d4ee33	0	22d4ee34	0	3d000	7ffd87277390	4bd406133c4ba90	0	0	0	5f8bf3cd10b0	2b85	4281	75888531a0f0
1.789320	a0c08	0	0	231f586d	a93e8d	231f586e	0	3d000	7ffd87277390	4d1960456f11e00	0	0	0	5f8bf3cd10b0	2b85	4281	75888531a0f0
1.796568	a0c68	ad22d9bcb508d258	0	23478d25	ab8660	23478d26	0	3d000	7ffd87277390	4dca497fce6e1a4	0	0	0	5f8bf3cd10b0	2b85	4281	75888531a0f0
1.804592	a0c08	0	0	237360ea	ae08bb	237360eb	0	3d000	7ffd87277390	4e8c08032ec5500	0	0	0	5f8bf3cd10b0	2b85	4281	75888531a0f0
1.810884	a0c33	4f266aac4627800	0	239626c2	0	239626c3	0	3d000	7ffd87277390	4f266aac4627889	0	0	0	5f8bf3cd10b0	2b85	4281	75888531a0f0
1.818433	a0c49	0	0	23c02eec	0	23c02eed	0	3d000	7ffd87277390	4fe1d1b3a1a0769	0	0	0	5f8bf3cd10b0	2b85	4281	75888531a0f0
1.829918	a0c33	50fbe82f3cf7d00	0	23ff1723	0	23ff1724	0	3d000	7ffd87277390	50fbe82f3cf7d10	0	0	0	5f8bf3cd10b0	2b85	4281	75888531a0f0
1.843205	a0c52	0	0	24482a86	0	24482a87	0	3d000	7ffd87277390	524604deb009331	0	0	0	5f8bf3cd10b0	2b85	4281	75888531a0f0
1.848589	a0c40	52ce54e55b7ba00	0	24662c89	0	24662c8a	0	3d000	7ffd87277390	52ce54e55b7ba64	0	0	0	5f8bf3cd10b0	2b85	4281	75888531a0f0
1.863564	a0c08	0	0	24b8e1b8	c17098	24b8e1b9	0	3d000	7ffd87277390	5448500ff84f400	0	0	0	5f8bf3cd10b0	2b85	4281	75888531a0f0
1.870057	a0c52	0	0	24dc95de	0	24dc95df	0	3d000	7ffd87277390	54ec838a7055841	0	0	0	5f8bf3cd10b0	2b85	4281	75888531a0f0
1.880903	a0c11	0	0	25192251	0	25192252	0	3d000	7ffd87277390	5604663226b9d00	0	0	0	5f8bf3cd10b0	2b85	4281	75888531a0f0
1.893623	a0c68	10564351b3af9ea8	0	255f9b99	cbea5e	255f9b9a	0	3d000	7ffd87277390	574c6af5edfd8a4	0	0	0	5f8bf3cd10b0	2b85	4281	75888531a0f0
1.899922	a0c28	57ef3fb17e0a904	0	25826641	0	25826642	0	3d000	7ffd87277390	57ef3fb17e0a904	0	0	0	5f8bf3cd10b0	2b85	4281	75888531a0f0
1.913083	a0c05	113e913	0	25cb9d3f	d2e64c	25cb9d40	0	3d000	7ffd87277390	5947d66f8805500	0	0	0	5f8bf3cd10b0	2b85	4281	75888531a0f0
1.923369	a0c0e	0	0	2604a3df	0	2604a3e0	0	3d000	7ffd87277390	5a560bbbbddbc00	0	0	0	5f8bf3cd10b0	2b85	4281	75888531a0f0
1.934718	a0c11	0	0	26433419	0	2643341a	0	3d000	7ffd87277390	5b8051bbbb02a00	0	0	0	5f8bf3cd10b0	2b85	4281	75888531a0f0
1.946139	a0c5f	0	0	2682bf20	0	2682bf21	0	3d000	7ffd87277390	5cb138478364241	0	0	0	5f8bf3cd10b0	2b85	4281	75888531a0f0
1.951928	a0c33	5d4738e9d2a5000	0	26a1dbb0	0	26a1dbb1	0	3d000	7ffd87277390	5d4738e9d2a5061	0	0	0	5f8bf3cd10b0	2b85	4281	75888531a0f0
1.963109	a0c68	11711f0f8b8c0000	0	26e086bf	e587c6	26e086c0	0	3d000	7ffd87277390	5e76ced16ed9000	0	0	0	5f8bf3cd10b0	2b85	4281	75888531a0f0
1.977796	a0c36	600683c09be5100	0	2732708f	0	27327090	0	3d000	7ffd87277390	600683c09be5100	0	0	0	5f8bf3cd10b0	2b85	4281	75888531a0f0
1.989457	a0c1f	27731637	0	27731636	0	27731637	0	3d000	7ffd87277390	61444816a715300	0	0	0	5f8bf3cd10b0	2b85	4281	75888531a0f0
1.996968	a0c05	f3fd48	0	279d0660	f2d218	279d0661	0	3d000	7ffd87277390	621384211e8a400	0	0	0	5f8bf3cd10b0	2b85	4281	75888531a0f0
2.010705	a0c1f	27ea0fac	0	27ea0fab	0	27ea0fac	0	3d000	7ffd87277390	63926c6bf917c00	0	0	0	5f8bf3cd10b0	2b85	4281	75888531a0f0
2.023617	a0c52	0	0	2831413e	0	2831413f	0	3d000	7ffd87277390	64f6dddbabf0d81	0	0	0	5f8bf3cd10b0	2b85	4281	75888531a0f0
2.034593	a0c1f	286e6fd1	0	286e6fd0	0	286e6fd1	0	3d000	7ffd87277390	662b29547960900	0	0	0	5f8bf3cd10b0	2b85	4281	75888531a0f0
2.045891	a0c08	0	0	28ad5004	106e8eb	28ad5005	0	3d000	7ffd87277390	6769e567e6a8000	0	0	0	5f8bf3cd10b0	2b85	4281	75888531a0f0
2.053037	a0c11	0	0	28d54f3d	0	28d54f3e	0	3d000	7ffd87277390	6835a800408b400	0	0	0	5f8bf3cd10b0	2b85	4281	75888531a0f0
2.066852	a0bf7	d70814	0	29211c1d	10fc74c	29211c1e	0	3d000	7ffd87277390	69b9f49ded29300	0	0	0	5f8bf3cd10b0	2b85	4281	75888531a0f0
2.077543	a0c5f	0	0	295c9349	0	295c934a	0	3d000	7ffd87277390	6aec8a7e5ee1164	0	0	0	5f8bf3cd10b0	2b85	4281	75888531a0f0
2.090828	a0c46	0	0	29a5da89	0	29a5da8a	0	3d000	7ffd87277390	6c68b73a4735264	0	0	0	5f8bf3cd10b0	2b85	4281	75888531a0f0
2.097311	a0c79	db3ba5938c5b34e8	0	29c994c9	11d08be	29c994ca	0	3d000	7ffd87277390	6d23063afae2f00	0	0	0	5f8bf3cd10b0	2b85	4281	75888531a0f0
2.111619	a0c5f	0	0	2a1877e2	0	2a1877e3	0	3d000	7ffd87277390	6ec09ad2eb4d349	0	0	0	5f8bf3cd10b0	2b85	4281	75888531a0f0
2.120784	a0c33	6fce76637d61c00	0	2a4ba1b0	0	2a4ba1b1	0	3d000	7ffd87277390	6fce76637d61c61	0	0	0	5f8bf3cd10b0	2b85	4281	75888531a0f0
2.134188	a0c33	7159f5236130000	0	2a962e60	0	2a962e61	0	3d000	7ffd87277390	7159f52361300c1	0	0	0	5f8bf3cd10b0	2b85	4281	75888531a0f0
2.144690	a0c1f	2ad0692c	0	2ad0692b	0	2ad0692c	0	3d000	7ffd87277390	7290c2d2d144d00	0	0	0	5f8bf3cd10b0	2b85	4281	75888531a0f0
2.159090	a0c33	7440e00bd720100	0	2b20dba3	0	2b20dba4	0	3d000	7ffd87277390	7440e00bd720110	0	0	0	5f8bf3cd10b0	2b85	4281	75888531a0f0
2.171846	a0c40	75c028437925c00	0	2b67ba02	0	2b67ba03	0	3d000	7ffd87277390	75c028437925c09	0	0	0	5f8bf3cd10b0	2b85	4281	75888531a0f0
2.177080	a0c1f	2b84ab57	0	2b84ab56	0	2b84ab57	0	3d000	7ffd87277390	765d650075c0000	0	0	0	5f8bf3cd10b0	2b85	4281	75888531a0f0
2.185484	a0c11	0	0	2bb2f635	0	2bb2f636	0	3d000	7ffd87277390	7759bd11c7de600	0	0	0	5f8bf3cd10b0	2b85	4281	75888531a0f0
2.196790	a0bfa	9b5017	0	2bf1d899	14b7f49	2bf1d89a	0	3d000	7ffd87277390	78b233d45383c00	0	0	0	5f8bf3cd10b0	2b85	4281	75888531a0f0
2.208597	a0c5f	0	0	2c33389b	0	2c33389c	0	3d000	7ffd87277390	7a1a5b53aac9f10	0	0	0	5f8bf3cd10b0	2b85	4281	75888531a0f0
2.223225	a0c1f	2c84d61b	0	2c84d61a	0	2c84d61b	0	3d000	7ffd87277390	7bdee866ddf7a00	0	0	0	5f8bf3cd10b0	2b85	4281	75888531a0f0
2.231523	a0c68	4d669dfe48fa0a00	0	2cb2aae7	15cd628	2cb2aae8	0	3d000	7ffd87277390	7cde771dcb8f240	0	0	0	5f8bf3cd10b0	2b85	4281	75888531a0f0
2.240163	a0c68	886ac5b704f0012d	0	2cde1714	160d2ab	2cde1715	0	3d000	7ffd87277390	7dd189b4280c7b9	0	0	0	5f8bf3cd10b0	2b85	4281	75888531a0f0
2.251137	a0c1f	2d1a5016	0	2d1a5015	0	2d1a5016	0	3d000	7ffd87277390	7f242dbbf512100	0	0	0	5f8bf3cd10b0	2b85	4281	75888531a0f0
2.260207	a0c1c	0	0	2d4cff84	0	2d4cff85	0	3d000	7ffd87277390	80428fd1d683c00	0	0	0	5f8bf3cd10b0	2b85	4281	75888531a0f0
2.269884	a0c52	0	0	2d82ba78	0	2d82ba79	0	3d000	7ffd87277390	817385074b80d31	0	0	0	5f8bf3cd10b0	2b85	4281	75888531a0f0
2.284350	a0bf7	6eec9b	0	2dd318ae	177e2c5	2dd318af	0	3d000	7ffd87277390	833e4bf38db4700	0	0	0	5f8bf3cd10b0	2b85	4281	75888531a0f0
2.295705	a0c11	0	0	2e1264e0	0	2e1264e1	0	3d000	7ffd87277390	84a9d92d73fc400	0	0	0	5f8bf3cd10b0	2b85	4281	75888531a0f0
2.305401	a0c79	29645e41667c0000	0	2e4877bf	183480e	2e4877c0	0	3d000	7ffd87277390	85e1f8c94041000	0	0	0	5f8bf3cd10b0	2b85	4281	75888531a0f0
2.317796	a0c33	87722188e0fca00	0	2e8d6f2e	0	2e8d6f2f	0	3d000	7ffd87277390	87722188e0fcaa1	0	0	0	5f8bf3cd10b0	2b85	4281	75888531a0f0
2.324937	a0c79	db7e05f303108dbd	0	2eb50fc4	18e0725	2eb50fc5	0	3d000	7ffd87277390	88591ba198aad00	0	0	0	5f8bf3cd10b0	2b85	4281	75888531a0f0
2.338072	a0c5f	0	0	2efd91f4	0	2efd91f5	0	3d000	7ffd87277390	8a01b9ddd797479	0	0	0	5f8bf3cd10b0	2b85	4281	75888531a0f0
2.350023	a0c52	0	0	2f3f861c	0	2f3f861d	0	3d000	7ffd87277390	8b86301ee885f49	0	0	0	5f8bf3cd10b0	2b85	4281	75888531a0f0
2.359388	a0c30	8cb8a064d76a400	0	2f734c83	0	2f734c84	0	3d000	7ffd87277390	8cb8a064d76a410	0	0	0	5f8bf3cd10b0	2b85	4281	75888531a0f0
2.373283	a0bfa	3d7f28	0	2fc04555	1a95038	2fc04556	0	3d000	7ffd87277390	8e829dda7c77800	0	0	0	5f8bf3cd10b0	2b85	4281	75888531a0f0
2.388143	a0c71	22a9f12ae481e23b	0	30137c62	1b20ef4	30137c63	0	3d000	7ffd87277390	9075020d3220e00	0	0	0	5f8bf3cd10b0	2b85	4281	75888531a0f0
2.397930	a0c0e	0	0	3049c844	0	3049c845	0	3d000	7ffd87277390	91bc05d53725200	0	0	0	5f8bf3cd10b0	2b85	4281	75888531a0f0
2.405143	a0c71	12354ca8ab249a08	0	30719781	1bc176b	30719782	0	3d000	7ffd87277390	92acb37da6e9e00	0	0	0	5f8bf3cd10b0	2b85	4281	75888531a0f0
2.412103	a0c79	9cff8a1845c9f7f8	0	309829fd	1c03f83	309829fe	0	3d000	7ffd87277390	9396a3124835800	0	0	0	5f8bf3cd10b0	2b85	4281	75888531a0f0
2.422163	a0c49	0	0	30cf960c	0	30cf960d	0	3d000	7ffd87277390	94e8098e0f93ca9	0	0	0	5f8bf3cd10b0	2b85	4281	75888531a0f0
2.432910	a0c33	9658ccab26fa400	0	310be147	0	310be148	0	3d000	7ffd87277390	9658ccab26fa440	0	0	0	5f8bf3cd10b0	2b85	4281	75888531a0f0
2.439637	a0c28	973c3aa6eaed144	0	3130ebed	0	3130ebee	0	3d000	7ffd87277390	973c3aa6eaed144	0	0	0	5f8bf3cd10b0	2b85	4281	75888531a0f0
2.447687	a0c68	873e067905fb4738	0	315dca6d	1d5f3be	315dca6e	0	3d000	7ffd87277390	98509dacffdc744	0	0	0	5f8bf3cd10b0	2b85	4281	75888531a0f0
2.461869	a0bfa	81204	0	31ac1353	1debd5c	31ac1354	0	3d000	7ffd87277390	9a3531022559300	0	0	0	5f8bf3cd10b0	2b85	4281	75888531a0f0
2.468119	a0c1f	31cefcbc	0	31cefcbb	0	31cefcbc	0	3d000	7ffd87277390	9b0e41b4c74b000	0	0	0	5f8bf3cd10b0	2b85	4281	75888531a0f0
2.481639	a0d2d	0	4	100140	0	0	1003c34b7a28b3c1	1	7ffd87277390	0	0	0	4	5f8bf3cd1000	2b00	3	100141
2.486939	a0d1d	0	4	1bd635	0	0	306e2a25364	2	7ffd87277390	0	0	0	4	5f8bf3cd1000	2b85	3	1bd636
2.501991	a0d36	ae00670898587140	4	3e3e73	3	0	f224f6c6490	2	7ffd87277390	0	0	0	4	5f8bf3cd1000	2b00	3	3e3e74
2.517044	6f12a	5f8bf3cd9e70	76437d85	5f8bf3cd35e0	4	5f8bf3cd0500	4f	ee	7ffd87277200	5f8bf3cf24c0	76437d85	76437d85	dd9bd55327923952	7ffd87277218	2e	22a4	5f8bd89867b0
2.525804	b43bc	5bd45e8757ad7ed6	54f0bf8b687363c8	0	1a4e156045649ec4	54f0bf8b687363c8	c361f1417ad9cada	7	7ffd87277168	eccb6cb83cb84be1	0	dfdc5791d13632fb	eccb6cb83cb84be1	4	5f8bf3cf2570	0	c361f1417ad9cada
2.532808	6ebb4	5f8bf3cd2f70	bf95da12a3c57967	3c	5f8bf3cd2470	5f8bd89865b8	7ffd872771f8	1	7ffd872771f0	3c	2c	278	dd9bd55327923952	5f8bf3cd25fc	0	378	5f8bf3cd2380
2.543202	703ea	0	5f8bf3cd26e0	5f8e0b720942	5f8bf3cd35b0	5f8bf3cd0010	5f8bf3cf24c0	5f8bf3cf2570	7ffd87277258	5f8bf3cf2540	386be98f	386be98f	dd9bd55327923952	5f8bf3cd19b0	7	5f8bf3cf2540	5f8bf3cf26c0
2.554600	15fcac7d49ed	7	30	1	5f8e0b722872	5f8bf3cd0010	7	5f8bf3cd26d0	7ffd872772f0	5f8bf3cd26e0	1c	78	dd9bd55327923952	75888521ac80	0	df	5f8bf3cd94f0
2.562523	b42f4	0	5f8bd8982260	0	4324	0	4324	4324	7ffd87277388	4a87	5f8bf3d578c0	77	75888521ace0	447	4a85	4a87	1
2.568581	a39d9	261e3	2f90	11	14a076	5f8bf3d35730	1c76	10000	7ffd87277390	2b85	5f8bf3d85cb0	5f8bf3d9b8e0	758884e4e010	150000	150000	10000	cc6
2.578079	a3a3d	75888534e010	6a00	11	5c3fee	5f8bf3d35730	2b85	10000	7ffd87277390	2b85	5f8bf3d85cb0	5f8bf3d9b8e0	758883d0e010	5a0000	69fc	10000	0
2.587994	a39bc	5a7	2f90	a	a516d7	5f8bf3d35730	6e	10000	7ffd87277390	2b85	5f8bf3d85cb0	5f8bf3d9b8e0	758882a0e010	a60000	a60000	10000	7ad
2.599866	a39dd	59	2f90	6	ff74ef	5f8bf3d35730	8	10000	7ffd87277390	2b85	5f8bf3d85cb0	5f8bf3d9b8e0	75888138e010	1000000	1000000	10000	5
2.611443	a39b3	260b9	2f90	11	15624b1	5f8bf3d35730	1c6a	10000	7ffd87277390	2b85	5f8bf3d85cb0	5f8bf3d9b8e0	75887fdce010	1570000	1570000	10000	4c7
2.617612	a39dd	35393	2f90	11	12178b	5f8bf3d35730	2654	10000	7ffd87277390	2b85	5f8bf3d85cb0	5f8bf3d9b8e0	758884ece010	130000	130000	10000	3ae
2.627512	a39bc	39199	2f90	11	5c2f37	5f8bf3d35730	28e8	10000	7ffd87277390	2b85	5f8bf3d85cb0	5f8bf3d9b8e0	758883c4e010	5d0000	5d0000	10000	170
2.637494	a39dd	b7f5	2f90	f	a7e731	5f8bf3d35730	99f	10000	7ffd87277390	2b85	5f8bf3d85cb0	5f8bf3d9b8e0	75888298e010	a80000	a80000	10000	3be
2.647334	a39bc	a423	2f90	f	ec8909	5f8bf3d35730	8bb	10000	7ffd87277390	2b85	5f8bf3d85cb0	5f8bf3d9b8e0	75888184e010	ed0000	ed0000	10000	4d2
2.659488	a39bc	5e39	2f90	e	147e4df	5f8bf3d35730	549	10000	7ffd87277390	2b85	5f8bf3d85cb0	5f8bf3d9b8e0	75888018e010	1480000	1480000	10000	1b6
2.666795	a39bc	1619f	2f90	10	dda91	5f8bf3d35730	1145	10000	7ffd87277390	2b85	5f8bf3d85cb0	5f8bf3d9b8e0	75888500e010	e0000	e0000	10000	700
2.675416	a397c	5f8bf3d5a450	2f90	10	505090	5f8bf3d35730	12b6	10000	7ffd87277390	2b85	5f8bf3d85cb0	5f8bf3d9b8e0	758883f8e010	500000	500000	10000	777
2.687004	a39bc	2bbdf	2f90	11	a8b028	5f8bf3d35730	2022	10000	7ffd87277390	2b85	5f8bf3d85cb0	5f8bf3d9b8e0	75888294e010	a90000	a90000	10000	84a
2.701275	a39bc	2be89	2f90	11	115c327	5f8bf3d35730	2045	10000	7ffd87277390	2b85	5f8bf3d85cb0	5f8bf3d9b8e0	758880e0e010	1160000	1160000	10000	8dc
2.708132	a39dd	36379	2f90	11	1492ea8	5f8bf3d35730	26fe	10000	7ffd87277390	2b85	5f8bf3d85cb0	5f8bf3d9b8e0	75888010e010	14a0000	14a0000	10000	ace
2.716114	a39dd	e95	2f90	b	148bd9	5f8bf3d35730	f6	10000	7ffd87277390	2b85	5f8bf3d85cb0	5f8bf3d9b8e0	758884e4e010	150000	150000	10000	cc6
2.723803	a39bc	6d	2f90	6	4e1d1d	5f8bf3d35730	a	10000	7ffd87277390	2b85	5f8bf3d85cb0	5f8bf3d9b8e0	758883fce010	4f0000	4f0000	10000	2eb
2.738975	a39bc	39cef	2f90	11	c0b69c	5f8bf3d35730	295f	10000	7ffd87277390	2b85	5f8bf3d85cb0	5f8bf3d9b8e0	75888234e010	c10000	c10000	10000	2b
2.749032	a39dd	1f	2f90	4	10c4f17	5f8bf3d35730	5	10000	7ffd87277390	2b85	5f8bf3d85cb0	5f8bf3d9b8e0	75888104e010	10d0000	10d0000	10000	705
2.761182	a39dd	1f	2f90	4	1599bbf	5f8bf3d35730	5	10000	7ffd87277390	2b85	5f8bf3d85cb0	5f8bf3d9b8e0	75887fd0e010	15a0000	15a0000	10000	564
2.771480	a39a7	13a81	2f90	10	355551	5f8bf3d35730	f70	10000	7ffd87277390	2b85	5f8bf3d85cb0	5f8bf3d9b8e0	75888464e010	350000	350000	10000	1f2
2.777280	a39bc	199bb	2f90	10	5fe0df	5f8bf3d35730	13d4	10000	7ffd87277390	2b85	5f8bf3d85cb0	5f8bf3d9b8e0	758883b8e010	600000	600000	10000	20d
2.783890	a39bc	22a3	2f90	d	90e509	5f8bf3d35730	22e	10000	7ffd87277390	2b85	5f8bf3d85cb0	5f8bf3d9b8e0	758882f4e010	910000	910000	10000	362
2.797617	a39d0	261d7	2f90	11	fb8a57	5f8bf3d35730	1c74	10000	7ffd87277390	2b85	5f8bf3d85cb0	5f8bf3d9b8e0	75888150e010	fa0000	fa0000	10000	bd2
2.804129	a39bc	2c471	2f90	11	12ac1c4	5f8bf3d35730	2075	10000	7ffd87277390	2b85	5f8bf3d85cb0	5f8bf3d9b8e0	7588808ce010	12b0000	12b0000	10000	20
2.811630	a39dd	31717	2f90	11	164311c	5f8bf3d35730	23da	10000	7ffd87277390	2b85	5f8bf3d85cb0	5f8bf3d9b8e0	75887fa4e010	1650000	1650000	10000	34c
2.820889	a39bc	239	2f90	9	399eac	5f8bf3d35730	2b	10000	7ffd87277390	2b85	5f8bf3d85cb0	5f8bf3d9b8e0	75888450e010	3a0000	3a0000	10000	ba7
2.830497	a39bc	28885	2f90	11	81a7a1	5f8bf3d35730	1e14	10000	7ffd87277390	2b85	5f8bf3d85cb0	5f8bf3d9b8e0	75888330e010	820000	820000	10000	51
2.844610	a39dd	1b2db	2f90	10	ec80b4	5f8bf3d35730	150a	10000	7ffd87277390	2b85	5f8bf3d85cb0	5f8bf3d9b8e0	75888184e010	ed0000	ed0000	10000	4d2
2.857946	a39bc	1ae99	2f90	10	153ee7f	5f8bf3d35730	14d8	10000	7ffd87277390	2b85	5f8bf3d85cb0	5f8bf3d9b8e0	75887fe8e010	1540000	1540000	10000	42a
2.869880	a39bc	23135	2f90	11	3cd556	5f8bf3d35730	1a7b	10000	7ffd87277390	2b85	5f8bf3d85cb0	5f8bf3d9b8e0	75888444e010	3d0000	3d0000	10000	c44
2.875897	a39b8	1c73	2f90	c	6a4b51	5f8bf3d35730	1d2	10000	7ffd87277390	2b85	5f8bf3d85cb0	5f8bf3d9b8e0	7588838ce010	6b0000	6b0000	10000	cfc
2.888962	a39cc	233dd	2f90	11	ca3409	5f8bf3d35730	1a95	10000	7ffd87277390	2b85	5f8bf3d85cb0	5f8bf3d9b8e0	75888210e010	ca0000	ca0000	10000	202
2.895268	a39bc	6781	2f90	e	f84877	5f8bf3d35730	5bb	10000	7ffd87277390	2b85	5f8bf3d85cb0	5f8bf3d9b8e0	75888154e010	f90000	f90000	10000	746
2.901728	a3a1f	bc40	bc3c	11	12c08f6	5f8bf3d35730	2b85	10000	7ffd87277390	2b85	5f8bf3d85cb0	5f8bf3d9b8e0	75888094e010	1290000	bc38	10000	0
2.910777	a39bc	31db	1e5	d	16e18ba	5f8bf3d35730	305	3601	7ffd87277390	2b85	5f8bf3d85cb0	5f8bf3d9b8e0	75887f7ce010	16e3601	16e3601	3601	9af
2.924793	a39dd	2bcd	2f90	d	6897a0	5f8bf3d35730	2af	10000	7ffd87277390	2b85	5f8bf3d85cb0	5f8bf3d9b8e0	75888394e010	690000	690000	10000	3e4
2.935649	a3968	34231	2f90	11	bdc93a	5f8bf3d35730	2595	10000	7ffd87277390	2b85	5f8bf3d85cb0	5f8bf3d9b8e0	75888244e010	bd0000	bd0000	10000	809
2.941403	a397c	5f8bf3d5a450	2f90	11	e90d48	5f8bf3d35730	1b12	10000	7ffd87277390	2b85	5f8bf3d85cb0	5f8bf3d9b8e0	75888194e010	e90000	e90000	10000	cb0
2.950267	a39dd	2b05d	2f90	11	12ddf48	5f8bf3d35730	1fae	10000	7ffd87277390	2b85	5f8bf3d85cb0	5f8bf3d9b8e0	75888080e010	12e0000	12e0000	10000	bd
2.957095	a39dd	ef9	2f90	b	1601442	5f8bf3d35730	fb	10000	7ffd87277390	2b85	5f8bf3d85cb0	5f8bf3d9b8e0	75887fb4e010	1610000	1610000	10000	b2a
2.967653	a39bc	babf	2f90	f	3f18fd	5f8bf3d35730	9c9	10000	7ffd87277390	2b85	5f8bf3d85cb0	5f8bf3d9b8e0	75888438e010	400000	400000	10000	ce1
2.979146	a3968	32173	2f90	11	98d6f8	5f8bf3d35730	2440	10000	7ffd87277390	2b85	5f8bf3d85cb0	5f8bf3d9b8e0	758882d8e010	980000	980000	10000	928
2.991938	a39bc	43	2f90	6	fa7857	5f8bf3d35730	7	10000	7ffd87277390	2b85	5f8bf3d85cb0	5f8bf3d9b8e0	7588814ce010	fb0000	fb0000	10000	357
2.999351	a39dd	805	2f90	b	13336c0	5f8bf3d35730	99	10000	7ffd87277390	2b85	5f8bf3d85cb0	5f8bf3d9b8e0	75888068e010	1340000	1340000	10000	1f7
3.009172	a39dd	37387	2f90	11	b68ad	5f8bf3d35730	27b0	10000	7ffd87277390	2b85	5f8bf3d85cb0	5f8bf3d9b8e0	75888508e010	c0000	c0000	10000	aef
3.023143	a39bc	2223d	2f90	11	7789e2	5f8bf3d35730	19ce	10000	7ffd87277390	2b85	5f8bf3d85cb0	5f8bf3d9b8e0	75888358e010	780000	780000	10000	6f5
3.032399	a39bc	298f	2f90	d	bffb48	5f8bf3d35730	28f	10000	7ffd87277390	2b85	5f8bf3d85cb0	5f8bf3d9b8e0	75888238e010	c00000	c00000	10000	8a6
3.046236	a39bc	2603b	2f90	11	12934b8	5f8bf3d35730	1c62	10000	7ffd87277390	2b85	5f8bf3d85cb0	5f8bf3d9b8e0	75888090e010	12a0000	12a0000	10000	89b
3.053310	a39dd	2ab3b	2f90	11	15e087f	5f8bf3d35730	1f75	10000	7ffd87277390	2b85	5f8bf3d85cb0	5f8bf3d9b8e0	75887fbce010	15f0000	15f0000	10000	212
3.064097	a3a3d	75888534e010	42e0	5f8bf3cf38d0	4167c3	5f8bf3d35730	2b85	0	7ffd87277390	2b85	5f8bf3d85cb0	5f8bf3d9b8e0	7588843ce010	3f0000	42dc	10000	1
3.072080	a3968	1c5a3	2f90	10	7cb5d4	5f8bf3d35730	15d1	10000	7ffd87277390	2b85	5f8bf3d85cb0	5f8bf3d9b8e0	75888348e010	7c0000	7c0000	10000	c1e
3.082430	a39dd	1ed85	2f90	10	ca858c	5f8bf3d35730	1790	10000	7ffd87277390	2b85	5f8bf3d85cb0	5f8bf3d9b8e0	7588820ce010	cb0000	cb0000	10000	68e
3.090517	a39dd	25	2f90	5	108f2fe	5f8bf3d35730	6	10000	7ffd87277390	2b85	5f8bf3d85cb0	5f8bf3d9b8e0	75888114e010	1090000	1090000	10000	1dc
3.100446	a3998	2b85	2f90	10	1549479	5f8bf3d35730	1826	10000	7ffd87277390	2b85	5f8bf3d85cb0	5f8bf3d9b8e0	75887fe8e010	1540000	1540000	10000	42a
3.114363	a39dd	101	2f90	8	4ce395	5f8bf3d35730	13	10000	7ffd87277390	2b85	5f8bf3d85cb0	5f8bf3d9b8e0	75888404e010	4d0000	4d0000	10000	6da
3.126836	a39dd	3d7	2f90	9	ac443f	5f8bf3d35730	51	10000	7ffd87277390	2b85	5f8bf3d85cb0	5f8bf3d9b8e0	75888284e010	ad0000	ad0000	10000	6c
3.132073	6f139	5f8bf3e3d770	3	5f8bf3cd1b10	2	0	2f	6e	7ffd87277260	5f8bf3cd9510	5f8bf3cd1b00	5f8bf3db96e0	dd9bd55327923952	7ffd87277278	2e	22a4	5f8bd89867b0
3.140807	a39bc	43	2f90	6	1162f5a	5f8bf3d35730	7	10000	7ffd87277390	2b85	5f8bf3d85cb0	5f8bf3d9b8e0	758880dce010	1170000	1170000	10000	61
3.150998	a3a2a	75888534e010	97b4	11	16763f5	5f8bf3d35730	2b85	10000	7ffd87277390	2b85	5f8bf3d85cb0	5f8bf3d9b8e0	75887fa4e010	1650000	97b0	10000	0
3.163953	a39dd	355	2f90	9	56669e	5f8bf3d35730	44	10000	7ffd87277390	2b85	5f8bf3d85cb0	5f8bf3d9b8e0	758883dce010	570000	570000	10000	36
3.178627	a39bc	be7f	2f90	f	c6092a	5f8bf3d35730	9f3	10000	7ffd87277390	2b85	5f8bf3d85cb0	5f8bf3d9b8e0	7588821ce010	c70000	c70000	10000	165
3.184180	a39dd	21b45	2f90	11	f09dcf	5f8bf3d35730	197f	10000	7ffd87277390	2b85	5f8bf3d85cb0	5f8bf3d9b8e0	75888174e010	f10000	f10000	10000	9fb
3.196969	15fcac8d2b24	7588853680f0	6838	aa10	1a0e0	75888535d6e0	7588853777c0	6838	7ffd87277388	7588853680f0	1a0e0	5f8bf3d9b8e0	75887fece010	1540000	1540000	10000	42a
3.211821	a3a46	1111	a088	11	546f84	5f8bf3d35730	2b85	10000	7ffd87277390	2b85	5f8bf3d85cb0	5f8bf3d9b8e0	758883f4e010	510000	a084	10000	0
3.217075	a39bc	6421	2f90	e	799b87	5f8bf3d35730	58d	10000	7ffd87277390	2b85	5f8bf3d85cb0	5f8bf3d9b8e0	75888350e010	7a0000	7a0000	10000	306
3.231141	a39d4	3bd8b	2f90	11	e720aa	5f8bf3d35730	2ab0	10000	7ffd87277390	2b85	5f8bf3d85cb0	5f8bf3d9b8e0	758881a4e010	e50000	e50000	10000	787
3.237840	a39bc	1b3ad	2f90	10	117753f	5f8bf3d35730	1513	10000	7ffd87277390	2b85	5f8bf3d85cb0	5f8bf3d9b8e0	758880d8e010	1180000	1180000	10000	4ed
3.247705	a39dd	2051f	2f90	11	163654f	5f8bf3d35730	188a	10000	7ffd87277390	2b85	5f8bf3d85cb0	5f8bf3d9b8e0	75887fa8e010	1640000	1640000	10000	bc7
3.261168	a39dd	62d5	2f90	e	57c0b6	5f8bf3d35730	57b	10000	7ffd87277390	2b85	5f8bf3d85cb0	5f8bf3d9b8e0	758883d8e010	580000	580000	10000	4c2
3.272662	a39bc	2d7	2f90	9	a9960b	5f8bf3d35730	3b	10000	7ffd87277390	2b85	5f8bf3d85cb0	5f8bf3d9b8e0	75888290e010	aa0000	aa0000	10000	cd6
3.280714	a39dd	3085	2f90	d	e6e22b	5f8bf3d35730	2f0	10000	7ffd87277390	2b85	5f8bf3d85cb0	5f8bf3d9b8e0	7588819ce010	e70000	e70000	10000	398
3.289693	a39bc	43	2f90	6	129d5d2	5f8bf3d35730	7	10000	7ffd87277390	2b85	5f8bf3d85cb0	5f8bf3d9b8e0	75888090e010	12a0000	12a0000	10000	89b
3.301942	a39dd	b52d	2f90	f	130f62	5f8bf3d35730	985	10000	7ffd87277390	2b85	5f8bf3d85cb0	5f8bf3d9b8e0	758884e8e010	140000	140000	10000	83a
3.309348	a39cc	254f3	2f90	11	4c21d0	5f8bf3d35730	1bf2	10000	7ffd87277390	2b85	5f8bf3d85cb0	5f8bf3d9b8e0	75888408e010	4c0000	4c0000	10000	24e
3.318078	a397c	5f8bf3d5a450	2f90	10	903fd0	5f8bf3d35730	fd2	10000	7ffd87277390	2b85	5f8bf3d85cb0	5f8bf3d9b8e0	758882fce010	8f0000	8f0000	10000	751
3.331571	a39d9	d3	2f90	7	f5440f	5f8bf3d35730	10	10000	7ffd87277390	2b85	5f8bf3d85cb0	5f8bf3d9b8e0	75888160e010	f60000	f60000	10000	6a9
3.343410	a39dd	1d699	2f90	10	14e0319	5f8bf3d35730	168b	10000	7ffd87277390	2b85	5f8bf3d85cb0	5f8bf3d9b8e0	75887ffce010	14f0000	14f0000	10000	77c
3.351610	a39dd	25	2f90	5	182a57	5f8bf3d35730	6	10000	7ffd87277390	2b85	5f8bf3d85cb0	5f8bf3d9b8e0	758884d4e010	190000	190000	10000	4e8
3.358273	a39bc	c3d1	2f90	f	4b0d38	5f8bf3d35730	a31	10000	7ffd87277390	2b85	5f8bf3d85cb0	5f8bf3d9b8e0	75888408e010	4c0000	4c0000	10000	24e
3.363447	a39dd	2ab	2f90	9	72edf9	5f8bf3d35730	3a	10000	7ffd87277390	2b85	5f8bf3d85cb0	5f8bf3d9b8e0	7588836ce010	730000	730000	10000	a47
3.375861	a39dd	43b5	2f90	e	d2a5f7	5f8bf3d35730	3f1	10000	7ffd87277390	2b85	5f8bf3d85cb0	5f8bf3d9b8e0	758881ece010	d30000	d30000	10000	3d9
3.389891	a3998	2b85	2f90	11	13a30d0	5f8bf3d35730	1de5	10000	7ffd87277390	2b85	5f8bf3d85cb0	5f8bf3d9b8e0	75888050e010	13a0000	13a0000	10000	331
3.403577	a39b8	3808f	2f90	11	305553	5f8bf3d35730	283d	10000	7ffd87277390	2b85	5f8bf3d85cb0	5f8bf3d9b8e0	75888474e010	310000	310000	10000	9d0
3.417861	a39bc	1b3b	2f90	c	9e399c	5f8bf3d35730	1bc	10000	7ffd87277390	2b85	5f8bf3d85cb0	5f8bf3d9b8e0	758882bce010	9f0000	9f0000	10000	1e7
3.423361	a39bc	425	2f90	a	c601e5	5f8bf3d35730	57	10000	7ffd87277390	2b85	5f8bf3d85cb0	5f8bf3d9b8e0	7588821ce010	c70000	c70000	10000	165
3.434898	a39bc	133	2f90	8	120b29e	5f8bf3d35730	16	10000	7ffd87277390	2b85	5f8bf3d85cb0	5f8bf3d9b8e0	758880b4e010	1210000	1210000	10000	6c4
3.442846	a3a1f	f6e8	f6e4	11	15fc977	5f8bf3d35730	2b85	10000	7ffd87277390	2b85	5f8bf3d85cb0	5f8bf3d9b8e0	75887fc4e010	15d0000	f6e0	10000	0
3.457606	a39cc	1f2cb	2f90	10	5c876d	5f8bf3d35730	17be	10000	7ffd87277390	2b85	5f8bf3d85cb0	5f8bf3d9b8e0	758883c8e010	5c0000	5c0000	10000	9eb
3.467798	a39bc	59	2f90	6	a99805	5f8bf3d35730	8	10000	7ffd87277390	2b85	5f8bf3d85cb0	5f8bf3d9b8e0	75888290e010	aa0000	aa0000	10000	cd6
3.482258	a39d9	89	2f90	7	118afda	5f8bf3d35730	b	10000	7ffd87277390	2b85	5f8bf3d85cb0	5f8bf3d9b8e0	758880d4e010	1190000	1190000	10000	979
3.494918	a39dd	25	2f90	5	6164a	5f8bf3d35730	6	10000	7ffd87277390	2b85	5f8bf3d85cb0	5f8bf3d9b8e0	7588851ce010	70000	70000	10000	13a
3.501429	a39d0	e17f	2f90	f	399baa	5f8bf3d35730	b83	10000	7ffd87277390	2b85	5f8bf3d85cb0	5f8bf3d9b8e0	75888454e010	390000	390000	10000	71b
3.512963	a39dd	1f	2f90	4	929dad	5f8bf3d35730	5	10000	7ffd87277390	2b85	5f8bf3d85cb0	5f8bf3d9b8e0	758882ece010	930000	930000	10000	c7a
3.524573	a39b8	16103	2f90	10	ea22ab	5f8bf3d35730	113c	10000	7ffd87277390	2b85	5f8bf3d85cb0	5f8bf3d9b8e0	7588818ce010	eb0000	eb0000	10000	8c1
3.538027	a39dd	a387	2f90	f	1528a48	5f8bf3d35730	8b3	10000	7ffd87277390	2b85	5f8bf3d85cb0	5f8bf3d9b8e0	75887fece010	1530000	1530000	10000	ca5
3.546726	a39bc	2861	2f90	d	2277f5	5f8bf3d35730	282	10000	7ffd87277390	2b85	5f8bf3d85cb0	5f8bf3d9b8e0	758884ace010	230000	230000	10000	b4b
3.553918	a39bc	391b7	2f90	11	597d06	5f8bf3d35730	28e9	10000	7ffd87277390	2b85	5f8bf3d85cb0	5f8bf3d9b8e0	758883d0e010	5a0000	5a0000	10000	d3
3.564371	a39bc	25	2f90	5	aa5216	5f8bf3d35730	6	10000	7ffd87277390	2b85	5f8bf3d85cb0	5f8bf3d9b8e0	7588828ce010	ab0000	ab0000	10000	45b
3.579020	a396b	3a07b	2f90	11	11d4d6c	5f8bf3d35730	2981	10000	7ffd87277390	2b85	5f8bf3d85cb0	5f8bf3d9b8e0	758880cce010	11b0000	11b0000	10000	58a
3.590093	b424d	a341c4e0de4c9b7e	cdfd	0	b254	ffffffffffffffff	ffffffffffff4dac	8ade	7ffd87277388	cdfd	0	0	f80320b9e0a33706	aa5	7fffffffffc3f180	fd585bc0f5c5bc26	2b85
3.603243	a3a25	eba0	eba0	11	62dde3	5f8bf3d35730	2b85	10000	7ffd87277390	2b85	5f8bf3d85cb0	5f8bf3d9b8e0	758883b4e010	610000	eb9c	10000	0
3.613611	a39dd	3c4d9	2f90	11	b16e89	5f8bf3d35730	2af9	10000	7ffd87277390	2b85	5f8bf3d85cb0	5f8bf3d9b8e0	75888270e010	b20000	b20000	10000	a21
3.620448	a39e0	1d69	2f90	c	e50a69	5f8bf3d35730	1dc	10000	7ffd87277390	2b85	5f8bf3d85cb0	5f8bf3d9b8e0	758881a4e010	e50000	e50000	10000	787
3.630913	a39c4	20f05	2f90	11	13421f9	5f8bf3d35730	18f5	10000	7ffd87277390	2b85	5f8bf3d85cb0	5f8bf3d9b8e0	75888068e010	1340000	1340000	10000	1f7
3.642235	a39bc	1ab09	2f90	10	164c6e	5f8bf3d35730	14af	10000	7ffd87277390	2b85	5f8bf3d85cb0	5f8bf3d9b8e0	758884dce010	170000	170000	10000	8d7
3.652152	a39dd	ada1	2f90	f	63c66b	5f8bf3d35730	92b	10000	7ffd87277390	2b85	5f8bf3d85cb0	5f8bf3d9b8e0	758883a8e010	640000	640000	10000	736
3.662345	a3a39	75888534e010	8fbc	11	ae09d5	5f8bf3d35730	2b85	10000	7ffd87277390	2b85	5f8bf3d85cb0	5f8bf3d9b8e0	75888280e010	ae0000	8fb8	10000	0
3.674714	a39cc	16405	2f90	10	10d1755	5f8bf3d35730	1161	10000	7ffd87277390	2b85	5f8bf3d85cb0	5f8bf3d9b8e0	75888104e010	10d0000	10d0000	10000	705
3.687644	b4225	f202f43edf0b4957	1c33	0	149b	9cc30	894d88ebab4534f0	cdd	7ffd87277388	1c33	0	1f00641	f80320b9e0a33706	1ce	800000000009cc30	894d88ebab4534f0	2b85
3.699086	a39bc	1c1	2f90	8	53d6a6	5f8bf3d35730	22	10000	7ffd87277390	2b85	5f8bf3d85cb0	5f8bf3d9b8e0	758883e8e010	540000	540000	10000	ca0
3.707159	a39bc	328d	2f90	d	9135a4	5f8bf3d35730	310	10000	7ffd87277390	2b85	5f8bf3d85cb0	5f8bf3d9b8e0	758882f0e010	920000	920000	10000	7ee
3.718173	15fcac8d2b24	7588853821d0	2f90	9b0	be40	7588853594a0	75888538d660	d070	7ffd87277388	7588853821d0	341c0	5f8bf3d9b8e0	758881a0e010	e70000	e70000	10000	398
3.732733	a39bc	20d01	2f90	11	1567b41	5f8bf3d35730	18e2	10000	7ffd87277390	2b85	5f8bf3d85cb0	5f8bf3d9b8e0	75887fdce010	1570000	1570000	10000	4c7
3.741502	a3a1f	209c	2098	11	2b40ea	5f8bf3d35730	2b85	10000	7ffd87277390	2b85	5f8bf3d85cb0	5f8bf3d9b8e0	75888498e010	280000	2094	10000	0
3.754579	a3a22	7dc4	7dc0	11	8e6e6c	5f8bf3d35730	2b85	10000	7ffd87277390	2b85	5f8bf3d85cb0	5f8bf3d9b8e0	75888308e010	8c0000	7dc0	10000	0
3.765583	a39dd	bdd	2f90	b	e0375d	5f8bf3d35730	d2	10000	7ffd87277390	2b85	5f8bf3d85cb0	5f8bf3d9b8e0	758881b4e010	e10000	e10000	10000	25e
3.772371	a39b3	18841	2f90	10	1138ec5	5f8bf3d35730	1300	10000	7ffd87277390	2b85	5f8bf3d85cb0	5f8bf3d9b8e0	758880e8e010	1140000	1140000	10000	ccb
3.786921	a39bc	18e8f	2f90	10	1170f3	5f8bf3d35730	1348	10000	7ffd87277390	2b85	5f8bf3d85cb0	5f8bf3d9b8e0	758884f0e010	120000	120000	10000	c29
3.800213	a39bc	18235	2f90	10	774edd	5f8bf3d35730	12c1	10000	7ffd87277390	2b85	5f8bf3d85cb0	5f8bf3d9b8e0	75888358e010	780000	780000	10000	6f5
3.805541	a39dd	1e769	2f90	10	9f7a9e	5f8bf3d35730	174f	10000	7ffd87277390	2b85	5f8bf3d85cb0	5f8bf3d9b8e0	758882b8e010	a00000	a00000	10000	673
3.819307	a39bc	9d	2f90	7	109f6ba	5f8bf3d35730	d	10000	7ffd87277390	2b85	5f8bf3d85cb0	5f8bf3d9b8e0	75888110e010	10a0000	10a0000	10000	668
3.826225	a39dd	4c7	2f90	a	13c1eb9	5f8bf3d35730	62	10000	7ffd87277390	2b85	5f8bf3d85cb0	5f8bf3d9b8e0	75888044e010	13d0000	13d0000	10000	3ce
3.840104	15fcac8d2b24	75888535b080	341c	5b40	d070	758885355540	7588853625b0	341c	7ffd87277388	75888535b080	d070	5f8bf3d9b8e0	75888470e010	330000	330000	10000	5e1
3.853886	a398f	2b85	2f90	b	9906b9	5f8bf3d35730	a5	10000	7ffd87277390	2b85	5f8bf3d85cb0	5f8bf3d9b8e0	758882d4e010	990000	990000	10000	ad
3.864828	a3964	19c25	2f90	10	ec61ba	5f8bf3d35730	13ed	10000	7ffd87277390	2b85	5f8bf3d85cb0	5f8bf3d9b8e0	75888188e010	ec0000	ec0000	10000	46
3.872267	a39dd	c25d	2f90	f	123c404	5f8bf3d35730	a22	10000	7ffd87277390	2b85	5f8bf3d85cb0	5f8bf3d9b8e0	758880a8e010	1240000	1240000	10000	761
3.885546	a39bc	ba0d	2f90	f	15a691	5f8bf3d35730	9bd	10000	7ffd87277390	2b85	5f8bf3d85cb0	5f8bf3d9b8e0	758884e0e010	160000	160000	10000	44b
3.890817	a39bc	24b5	2f90	d	3d08b1	5f8bf3d35730	24a	10000	7ffd87277390	2b85	5f8bf3d85cb0	5f8bf3d9b8e0	75888440e010	3e0000	3e0000	10000	3c9
3.898920	a39b8	25	2f90	5	7a1bb7	5f8bf3d35730	6	10000	7ffd87277390	2b85	5f8bf3d85cb0	5f8bf3d9b8e0	7588834ce010	7b0000	7b0000	10000	792
3.910308	a39bc	13d	2f90	8	c84cb4	5f8bf3d35730	18	10000	7ffd87277390	2b85	5f8bf3d85cb0	5f8bf3d9b8e0	75888214e010	c90000	c90000	10000	a7d
3.918712	a39cc	20039	2f90	11	10050ce	5f8bf3d35730	1853	10000	7ffd87277390	2b85	5f8bf3d85cb0	5f8bf3d9b8e0	75888138e010	1000000	1000000	10000	5
3.929401	a39bc	3aa83	2f90	11	14630c6	5f8bf3d35730	29e8	10000	7ffd87277390	2b85	5f8bf3d85cb0	5f8bf3d9b8e0	7588801ce010	1470000	1470000	10000	a31
3.942710	a39bc	168d1	2f90	10	3298bb	5f8bf3d35730	1194	10000	7ffd87277390	2b85	5f8bf3d85cb0	5f8bf3d9b8e0	7588846ce010	330000	330000	10000	5e1
3.955855	a39bc	657d	2f90	e	91455c	5f8bf3d35730	59d	10000	7ffd87277390	2b85	5f8bf3d85cb0	5f8bf3d9b8e0	758882f0e010	920000	920000	10000	7ee
3.964870	a39dd	65	2f90	6	d130db	5f8bf3d35730	9	10000	7ffd87277390	2b85	5f8bf3d85cb0	5f8bf3d9b8e0	758881f0e010	d20000	d20000	10000	c54
3.977899	a39dd	24a25	2f90	11	135fb34	5f8bf3d35730	1b73	10000	7ffd87277390	2b85	5f8bf3d85cb0	5f8bf3d9b8e0	75888060e010	1360000	1360000	10000	b0f
3.988772	a39dd	4bbf	2f90	e	eda71	5f8bf3d35730	44f	10000	7ffd87277390	2b85	5f8bf3d85cb0	5f8bf3d9b8e0	758884fce010	f0000	f0000	10000	b8c
3.996108	15fcac8d2b24	7588853680f0	6838	7590	1a0e0	758885360b60	75888537ac40	6838	7ffd87277388	7588853680f0	1a0e0	5f8bf3d9b8e0	7588842ce010	440000	440000	10000	503
4.002329	a3a1f	2370	236c	11	72d5b0	5f8bf3d35730	2b85	10000	7ffd87277390	2b85	5f8bf3d85cb0	5f8bf3d9b8e0	75888370e010	720000	2368	10000	0
4.015341	a39bc	25	2f90	5	d36e2c	5f8bf3d35730	6	10000	7ffd87277390	2b85	5f8bf3d85cb0	5f8bf3d9b8e0	758881e8e010	d40000	d40000	10000	865
4.021946	a39b8	6fd3	2f90	e	104bbab	5f8bf3d35730	626	10000	7ffd87277390	2b85	5f8bf3d85cb0	5f8bf3d9b8e0	75888124e010	1050000	1050000	10000	9ba
4.034132	a39e5	acf7	2f90	f	15a8255	5f8bf3d35730	926	10000	7ffd87277390	2b85	5f8bf3d85cb0	5f8bf3d9b8e0	75887fd0e010	15a0000	15a0000	10000	564
4.048791	a39c4	397	2f90	9	4b00b8	5f8bf3d35730	49	10000	7ffd87277390	2b85	5f8bf3d85cb0	5f8bf3d9b8e0	7588840ce010	4b0000	4b0000	10000	ac9
4.056845	a39dd	1c4f	2f90	c	82536c	5f8bf3d35730	1d0	10000	7ffd87277390	2b85	5f8bf3d85cb0	5f8bf3d9b8e0	7588832ce010	830000	830000	10000	4dd
4.064342	a39dd	9d	2f90	7	b51e90	5f8bf3d35730	d	10000	7ffd87277390	2b85	5f8bf3d85cb0	5f8bf3d9b8e0	75888260e010	b60000	b60000	10000	243
4.072685	a39bc	751	2f90	a	ec95cb	5f8bf3d35730	8e	10000	7ffd87277390	2b85	5f8bf3d85cb0	5f8bf3d9b8e0	75888184e010	ed0000	ed0000	10000	4d2
4.084933	a39b8	2d7	2f90	9	1472d17	5f8bf3d35730	3b	10000	7ffd87277390	2b85	5f8bf3d85cb0	5f8bf3d9b8e0	75888018e010	1480000	1480000	10000	1b6
4.090448	b423f	3a42e90db91675d	1c0d5	0	2b65	ffffffffffc45d53	59183ec524ddebc6	16427	7ffd87277388	1c0d5	3ba2ac	0	f80320b9e0a33706	1598	7fffffffffc45d53	a6e7c13adb22143a	2b85
4.103859	a39bc	241	2f90	9	6691e1	5f8bf3d35730	2d	10000	7ffd87277390	2b85	5f8bf3d85cb0	5f8bf3d9b8e0	7588839ce010	670000	670000	10000	7d3
4.117343	a39c4	5ab	2f90	a	cf0049	5f8bf3d35730	6f	10000	7ffd87277390	2b85	5f8bf3d85cb0	5f8bf3d9b8e0	758881fce010	cf0000	cf0000	10000	bb7
4.129850	a39bc	3482f	2f90	11	12e10e1	5f8bf3d35730	25d5	10000	7ffd87277390	2b85	5f8bf3d85cb0	5f8bf3d9b8e0	7588807ce010	12f0000	12f0000	10000	549
4.143426	a3998	2b85	2f90	10	23155e	5f8bf3d35730	f63	10000	7ffd87277390	2b85	5f8bf3d85cb0	5f8bf3d9b8e0	758884ace010	230000	230000	10000	b4b
4.155026	a39d0	3b455	2f90	11	7f5c85	5f8bf3d35730	2a51	10000	7ffd87277390	2b85	5f8bf3d85cb0	5f8bf3d9b8e0	75888344e010	7d0000	7d0000	10000	3a3
4.160792	a39dd	1eef	2f90	c	a80b8c	5f8bf3d35730	1f3	10000	7ffd87277390	2b85	5f8bf3d85cb0	5f8bf3d9b8e0	75888294e010	a90000	a90000	10000	84a
4.173300	a39dd	26063	2f90	11	10616d6	5f8bf3d35730	1c67	10000	7ffd87277390	2b85	5f8bf3d85cb0	5f8bf3d9b8e0	7588811ce010	1070000	1070000	10000	5cb
4.181394	a39dd	16cf	2f90	c	145bb59	5f8bf3d35730	176	10000	7ffd87277390	2b85	5f8bf3d85cb0	5f8bf3d9b8e0	75888020e010	1460000	1460000	10000	5a5
4.188453	a39bc	65	2f90	6	71b77	5f8bf3d35730	9	10000	7ffd87277390	2b85	5f8bf3d85cb0	5f8bf3d9b8e0	75888518e010	80000	80000	10000	5c6
4.195780	15fcac8d2b8a	758885354848	1a0e	3000	6838	758885351848	758885358080	1a0e	7ffd87277388	758885354848	5f8bf3d85cb0	5f8bf3d9b8e0	75888438e010	410000	410000	10000	466
4.208805	a3a30	75888534e010	da98	11	a385b7	5f8bf3d35730	2b85	10000	7ffd87277390	2b85	5f8bf3d85cb0	5f8bf3d9b8e0	758882ace010	a30000	da94	10000	0
4.219718	a39dd	23a0b	2f90	11	f646ed	5f8bf3d35730	1ad5	10000	7ffd87277390	2b85	5f8bf3d85cb0	5f8bf3d9b8e0	7588815ce010	f70000	f70000	10000	b35
4.233714	a3a41	ffff	ccc0	11	1623fb1	5f8bf3d35730	2b85	10000	7ffd87277390	2b85	5f8bf3d85cb0	5f8bf3d9b8e0	75887fb4e010	1610000	ccbc	10000	0
4.247615	a39bc	6ad	2f90	a	564cf0	5f8bf3d35730	80	10000	7ffd87277390	2b85	5f8bf3d85cb0	5f8bf3d9b8e0	758883dce010	570000	570000	10000	36
4.253958	a3968	36c5f	2f90	11	8839e3	5f8bf3d35730	275f	10000	7ffd87277390	2b85	5f8bf3d85cb0	5f8bf3d9b8e0	7588831ce010	870000	870000	10000	a06
4.263610	a39bf	12aaf	2f90	10	d2dbdc	5f8bf3d35730	ebf	10000	7ffd87277390	2b85	5f8bf3d85cb0	5f8bf3d9b8e0	758881f0e010	d20000	d20000	10000	c54
4.270755	a3968	13b6d	2f90	10	1093216	5f8bf3d35730	f7e	10000	7ffd87277390	2b85	5f8bf3d85cb0	5f8bf3d9b8e0	75888114e010	1090000	1090000	10000	1dc
4.282584	a3a16	2b08	2b04	11	164f1c4	5f8bf3d35730	2b85	10000	7ffd87277390	2b85	5f8bf3d85cb0	5f8bf3d9b8e0	75887face010	1630000	2b00	10000	0
4.290966	a39dd	175	2f90	8	2f87b5	5f8bf3d35730	1d	10000	7ffd87277390	2b85	5f8bf3d85cb0	5f8bf3d9b8e0	75888478e010	300000	300000	10000	544
4.299328	a398f	2b85	2f90	f	70c41f	5f8bf3d35730	ad5	10000	7ffd87277390	2b85	5f8bf3d85cb0	5f8bf3d9b8e0	75888378e010	700000	700000	10000	9aa
4.311378	a39dd	17375	2f90	10	cc460f	5f8bf3d35730	1214	10000	7ffd87277390	2b85	5f8bf3d85cb0	5f8bf3d9b8e0	75888204e010	cd0000	cd0000	10000	29f
4.325281	15fcac8d2b24	7588853680f0	6838	ef10	1a0e0	7588853591e0	7588853732c0	6838	7ffd87277388	7588853680f0	1a0e0	5f8bf3d9b8e0	75888060e010	1370000	1370000	10000	294
4.336034	a39dd	641	2f90	a	15f063	5f8bf3d35730	7a	10000	7ffd87277390	2b85	5f8bf3d85cb0	5f8bf3d9b8e0	758884e0e010	160000	160000	10000	44b
4.348091	a39dd	34577	2f90	11	7199cb	5f8bf3d35730	25b7	10000	7ffd87277390	2b85	5f8bf3d85cb0	5f8bf3d9b8e0	75888370e010	720000	720000	10000	5bb
4.361493	a39dd	1163	2f90	c	d8b0a8	5f8bf3d35730	123	10000	7ffd87277390	2b85	5f8bf3d85cb0	5f8bf3d9b8e0	758881d4e010	d90000	d90000	10000	513
4.371546	a39bc	1a975	2f90	10	126810f	5f8bf3d35730	1494	10000	7ffd87277390	2b85	5f8bf3d85cb0	5f8bf3d9b8e0	7588809ce010	1270000	1270000	10000	7fe
4.380697	a39dd	3217	2f90	d	16c52df	5f8bf3d35730	30b	10000	7ffd87277390	2b85	5f8bf3d85cb0	5f8bf3d9b8e0	75887f84e010	16d0000	16d0000	10000	97
4.388678	a3986	2b85	2f90	d	38354b	5f8bf3d35730	35c	10000	7ffd87277390	2b85	5f8bf3d85cb0	5f8bf3d9b8e0	75888458e010	380000	380000	10000	28f
4.401481	a39d9	150f7	2f90	10	977191	5f8bf3d35730	1085	10000	7ffd87277390	2b85	5f8bf3d85cb0	5f8bf3d9b8e0	758882d8e010	980000	980000	10000	928
4.409894	a39dd	4d29	2f90	e	d70a3e	5f8bf3d35730	465	10000	7ffd87277390	2b85	5f8bf3d85cb0	5f8bf3d9b8e0	758881d8e010	d80000	d80000	10000	87
4.415905	a39bc	9f8f	2f90	f	104be51	5f8bf3d35730	87f	10000	7ffd87277390	2b85	5f8bf3d85cb0	5f8bf3d9b8e0	75888124e010	1050000	1050000	10000	9ba
4.426143	a39bc	25	2f90	5	1538307	5f8bf3d35730	6	10000	7ffd87277390	2b85	5f8bf3d85cb0	5f8bf3d9b8e0	75887fe8e010	1540000	1540000	10000	42a
4.439525	a39bc	1556f	2f90	10	470015	5f8bf3d35730	10b8	10000	7ffd87277390	2b85	5f8bf3d85cb0	5f8bf3d9b8e0	75888418e010	480000	480000	10000	a2c
4.454502	a39bc	35425	2f90	11	b724d9	5f8bf3d35730	265c	10000	7ffd87277390	2b85	5f8bf3d85cb0	5f8bf3d9b8e0	75888258e010	b80000	b80000	10000	b5b
4.467876	a39d0	ca01	2f90	f	11e5a03	5f8bf3d35730	a7c	10000	7ffd87277390	2b85	5f8bf3d85cb0	5f8bf3d9b8e0	758880c0e010	11e0000	11e0000	10000	627
4.473859	15fcac8d2b24	7588853821d0	2f90	3a10	be40	758885356440	75888538a600	d070	7ffd87277388	7588853821d0	341c0	5f8bf3d9b8e0	7588800ce010	14c0000	14c0000	10000	6df
4.486273	a39b8	20af5	2f90	11	38bb1c	5f8bf3d35730	18c7	10000	7ffd87277390	2b85	5f8bf3d85cb0	5f8bf3d9b8e0	75888454e010	390000	390000	10000	71b
4.495651	a39bc	4735	2f90	e	80403f	5f8bf3d35730	41d	10000	7ffd87277390	2b85	5f8bf3d85cb0	5f8bf3d9b8e0	75888334e010	810000	810000	10000	8cc
4.509173	a39e0	e8ed	2f90	f	e68e83	5f8bf3d35730	bdc	10000	7ffd87277390	2b85	5f8bf3d85cb0	5f8bf3d9b8e0	758881a0e010	e60000	e60000	10000	c13
4.523747	a3a16	6e84	6e80	11	150fa12	5f8bf3d35730	2b85	10000	7ffd87277390	2b85	5f8bf3d85cb0	5f8bf3d9b8e0	75887ffce010	14f0000	6e7c	10000	0
4.537642	a39bc	387b3	2f90	11	438102	5f8bf3d35730	288a	10000	7ffd87277390	2b85	5f8bf3d85cb0	5f8bf3d9b8e0	75888428e010	440000	440000	10000	503
4.544191	a39dd	45d	2f90	a	76263a	5f8bf3d35730	5d	10000	7ffd87277390	2b85	5f8bf3d85cb0	5f8bf3d9b8e0	7588835ce010	770000	770000	10000	269
4.553427	a39dd	2216b	2f90	11	bbcab2	5f8bf3d35730	19c6	10000	7ffd87277390	2b85	5f8bf3d85cb0	5f8bf3d9b8e0	75888248e010	bc0000	bc0000	10000	37d
4.567962	a39b8	24163	2f90	11	127a023	5f8bf3d35730	1b24	10000	7ffd87277390	2b85	5f8bf3d85cb0	5f8bf3d9b8e0	75888098e010	1280000	1280000	10000	c8a
4.578155	a39dd	1f	2f90	4	4d019	5f8bf3d35730	5	10000	7ffd87277390	2b85	5f8bf3d85cb0	5f8bf3d9b8e0	75888524e010	50000	50000	10000	529
4.587230	a39dd	26333	2f90	11	47c257	5f8bf3d35730	1c82	10000	7ffd87277390	2b85	5f8bf3d85cb0	5f8bf3d9b8e0	75888418e010	480000	480000	10000	a2c
4.598414	a3a39	75888534e010	5bfc	11	9c9a66	5f8bf3d35730	2b85	10000	7ffd87277390	2b85	5f8bf3d85cb0	5f8bf3d9b8e0	758882c8e010	9c0000	5bf8	10000	0
4.603983	a39dd	6d	2f90	6	c66c92	5f8bf3d35730	a	10000	7ffd87277390	2b85	5f8bf3d85cb0	5f8bf3d9b8e0	7588821ce010	c70000	c70000	10000	165
4.609554	a3a39	75888534e010	f8ec	11	f45659	5f8bf3d35730	2b85	10000	7ffd87277390	2b85	5f8bf3d85cb0	5f8bf3d9b8e0	75888174e010	f10000	f8e8	10000	0
4.622203	a39dd	1f	2f90	4	153743c	5f8bf3d35730	5	10000	7ffd87277390	2b85	5f8bf3d85cb0	5f8bf3d9b8e0	75887fe8e010	1540000	1540000	10000	42a
4.630251	a39bc	1f	2f90	4	1c9f63	5f8bf3d35730	5	10000	7ffd87277390	2b85	341c0	5f8bf3d9b8e0	758884c4e010	1d0000	1d0000	10000	a11
4.635649	a39dd	1e007	2f90	10	44738e	5f8bf3d35730	16f8	10000	7ffd87277390	2b85	5f8bf3d85cb0	5f8bf3d9b8e0	75888424e010	450000	450000	10000	98f
4.642035	a39dd	25	2f90	5	7533de	5f8bf3d35730	6	10000	7ffd87277390	2b85	5f8bf3d85cb0	5f8bf3d9b8e0	75888360e010	760000	760000	10000	ae4
4.651504	a39a4	be6f	2f90	f	bc0823	5f8bf3d35730	9f1	10000	7ffd87277390	2b85	5f8bf3d85cb0	5f8bf3d9b8e0	75888248e010	bc0000	bc0000	10000	37d
4.665400	a397e	5f8bf3d5a450	2f90	d	12500ea	5f8bf3d35730	26f	10000	7ffd87277390	2b85	5f8bf3d85cb0	5f8bf3d9b8e0	758880a4e010	1250000	1250000	10000	bed
4.678824	a39bc	2b0c9	2f90	11	18bd33	5f8bf3d35730	1fb4	10000	7ffd87277390	2b85	5f8bf3d85cb0	5f8bf3d9b8e0	758884d4e010	190000	190000	10000	4e8
4.691385	a39dd	21d7	2f90	d	7900da	5f8bf3d35730	21f	10000	7ffd87277390	2b85	5f8bf3d85cb0	5f8bf3d9b8e0	75888350e010	7a0000	7a0000	10000	306
4.700348	a39b8	39907	2f90	11	bc487d	5f8bf3d35730	2938	10000	7ffd87277390	2b85	5f8bf3d85cb0	5f8bf3d9b8e0	75888244e010	bd0000	bd0000	10000	809
4.714888	a39dd	1f	2f90	4	12da5ff	5f8bf3d35730	5	10000	7ffd87277390	2b85	5f8bf3d85cb0	5f8bf3d9b8e0	75888080e010	12e0000	12e0000	10000	bd
4.723609	a3027	a3c	2921	2921	1310	154	28a	174c	7ffd87277390	2921	0	1f00641	f80320b9e0a33706	28a	7fffffffff96ec72	b98d1dfb4c154a4c	2b85
4.737984	a39bc	fca7	2f90	f	6b6ad9	5f8bf3d35730	cbd	10000	7ffd87277390	2b85	5f8bf3d85cb0	5f8bf3d9b8e0	75888388e010	6c0000	6c0000	10000	481
4.749241	a39bc	27e17	2f90	11	c1e892	5f8bf3d35730	1db0	10000	7ffd87277390	2b85	5f8bf3d85cb0	5f8bf3d9b8e0	75888230e010	c20000	c20000	10000	4b7
4.763779	15fcac8d2b8a	75888535142c	d07	1668	341c	75888534fdc4	7588853531e0	d07	7ffd87277388	75888535142c	5f8bf3d85cb0	5f8bf3d9b8e0	75888074e010	1320000	1320000	10000	5e6
4.778365	a39a7	1960f	2f90	10	2b1c54	5f8bf3d35730	139e	10000	7ffd87277390	2b85	5f8bf3d85cb0	5f8bf3d9b8e0	75888490e010	2a0000	2a0000	10000	40a
4.785745	a39dd	6f7	2f90	a	628c80	5f8bf3d35730	86	10000	7ffd87277390	2b85	5f8bf3d85cb0	5f8bf3d9b8e0	758883ace010	630000	630000	10000	2aa
4.800537	a39e0	265	2f90	9	d22208	5f8bf3d35730	32	10000	7ffd87277390	2b85	5f8bf3d85cb0	5f8bf3d9b8e0	758881ece010	d30000	d30000	10000	3d9
4.810272	a39bc	1981	2f90	c	11be25d	5f8bf3d35730	1a2	10000	7ffd87277390	2b85	5f8bf3d85cb0	5f8bf3d9b8e0	758880c8e010	11c0000	11c0000	10000	a16
4.819333	a39dd	25	2f90	5	15f7c86	5f8bf3d35730	6	10000	7ffd87277390	2b85	5f8bf3d85cb0	5f8bf3d9b8e0	75887fb8e010	1600000	1600000	10000	69e
4.831092	15fcac8d2b24	7588853680f0	6838	6d30	1a0e0	7588853613c0	75888537b4a0	6838	7ffd87277388	7588853680f0	1a0e0	5f8bf3d9b8e0	75888424e010	460000	460000	10000	114
4.840417	a39dd	65	2f90	6	8c0463	5f8bf3d35730	9	10000	7ffd87277390	2b85	5f8bf3d85cb0	5f8bf3d9b8e0	75888304e010	8d0000	8d0000	10000	b40
4.853094	a39dd	25	2f90	5	ed2cb3	5f8bf3d35730	6	10000	7ffd87277390	2b85	5f8bf3d85cb0	5f8bf3d9b8e0	75888180e010	ee0000	ee0000	10000	95e
4.866854	a39d0	a061	2f90	f	156672e	5f8bf3d35730	888	10000	7ffd87277390	2b85	5f8bf3d85cb0	5f8bf3d9b8e0	75887fe0e010	1560000	1560000	10000	3b
4.876508	a39bc	1b031	2f90	10	2b7ac7	5f8bf3d35730	14ee	10000	7ffd87277390	2b85	5f8bf3d85cb0	5f8bf3d9b8e0	75888488e010	2c0000	2c0000	10000	1b
4.889285	a39dd	60d	2f90	a	8e4b23	5f8bf3d35730	74	10000	7ffd87277390	2b85	5f8bf3d85cb0	5f8bf3d9b8e0	758882fce010	8f0000	8f0000	10000	751
4.897547	a39bc	17f	2f90	8	cc2c47	5f8bf3d35730	1e	10000	7ffd87277390	2b85	5f8bf3d85cb0	5f8bf3d9b8e0	75888204e010	cd0000	cd0000	10000	29f
4.912289	a39bc	25	2f90	5	13beedd	5f8bf3d35730	6	10000	7ffd87277390	2b85	5f8bf3d85cb0	5f8bf3d9b8e0	75888048e010	13c0000	13c0000	10000	c49
4.927175	a39bc	6d0d	2f90	e	38c507	5f8bf3d35730	605	10000	7ffd87277390	2b85	5f8bf3d85cb0	5f8bf3d9b8e0	75888454e010	390000	390000	10000	71b
4.937402	a39dd	59	2f90	6	881431	5f8bf3d35730	8	10000	7ffd87277390	2b85	5f8bf3d85cb0	5f8bf3d9b8e0	75888314e010	890000	890000	10000	617
4.946883	a39dd	3a7cf	2f90	11	cf23e6	5f8bf3d35730	29cc	10000	7ffd87277390	2b85	5f8bf3d85cb0	5f8bf3d9b8e0	758881f8e010	d00000	d00000	10000	33c
4.958123	a39bc	24b	2f90	9	1222b91	5f8bf3d35730	2e	10000	7ffd87277390	2b85	5f8bf3d85cb0	5f8bf3d9b8e0	758880ace010	1230000	1230000	10000	2d5
4.968899	a39bc	6421	2f90	e	11d7c	5f8bf3d35730	58d	10000	7ffd87277390	2b85	5f8bf3d85cb0	5f8bf3d9b8e0	75888530e010	20000	20000	10000	48c
4.977780	a39dd	1df	2f90	8	44710e	5f8bf3d35730	25	10000	7ffd87277390	2b85	5f8bf3d85cb0	5f8bf3d9b8e0	75888424e010	450000	450000	10000	98f
4.992924	a39dd	16f9f	2f90	10	b60e36	5f8bf3d35730	11e7	10000	7ffd87277390	2b85	5f8bf3d85cb0	5f8bf3d9b8e0	7588825ce010	b70000	b70000	10000	6cf
5.001973	a39dd	1a9d5	2f90	10	fb2ee3	5f8bf3d35730	149d	10000	7ffd87277390	2b85	5f8bf3d85cb0	5f8bf3d9b8e0	75888148e010	fc0000	fc0000	10000	7e3
5.012071	a39dd	151	2f90	8	1482fb7	5f8bf3d35730	1a	10000	7ffd87277390	2b85	5f8bf3d85cb0	5f8bf3d9b8e0	75888014e010	1490000	1490000	10000	642
5.024815	a39bc	11a3b	2f90	10	3867fd	5f8bf3d35730	dff	10000	7ffd87277390	2b85	5f8bf3d85cb0	5f8bf3d9b8e0	75888454e010	390000	390000	10000	71b
5.031528	a39dd	543b	2f90	e	692eee	5f8bf3d35730	4c4	10000	7ffd87277390	2b85	5f8bf3d85cb0	5f8bf3d9b8e0	75888390e010	6a0000	6a0000	10000	870
5.040427	a39b8	1ffcf	2f90	10	ab57b0	5f8bf3d35730	184d	10000	7ffd87277390	2b85	5f8bf3d85cb0	5f8bf3d9b8e0	75888288e010	ac0000	ac0000	10000	8e7
5.046980	a39bc	1ec5	2f90	c	dd6911	5f8bf3d35730	1f0	10000	7ffd87277390	2b85	5f8bf3d85cb0	5f8bf3d9b8e0	758881c0e010	de0000	de0000	10000	1c1
5.055942	a39dd	2c70d	2f90	11	11b6888	5f8bf3d35730	208d	10000	7ffd87277390	2b85	5f8bf3d85cb0	5f8bf3d9b8e0	758880c8e010	11c0000	11c0000	10000	a16
5.065540	a39cc	18df	2f90	c	1670bbb	5f8bf3d35730	19a	10000	7ffd87277390	2b85	5f8bf3d85cb0	5f8bf3d9b8e0	75887f9ce010	1670000	1670000	10000	c64
5.073363	a39bc	2d8d5	2f90	11	2d8743	5f8bf3d35730	2150	10000	7ffd87277390	2b85	5f8bf3d85cb0	5f8bf3d9b8e0	75888480e010	2e0000	2e0000	10000	933
5.087091	a39dd	7027	2f90	e	8fffd7	5f8bf3d35730	630	10000	7ffd87277390	2b85	5f8bf3d85cb0	5f8bf3d9b8e0	758882f8e010	900000	900000	10000	bdd
5.100943	a39dd	101	2f90	8	f807d2	5f8bf3d35730	13	10000	7ffd87277390	2b85	5f8bf3d85cb0	5f8bf3d9b8e0	75888154e010	f90000	f90000	10000	746
5.114872	a39bc	239	2f90	9	163fbf8	5f8bf3d35730	2b	10000	7ffd87277390	2b85	5f8bf3d85cb0	5f8bf3d9b8e0	75887fa8e010	1640000	1640000	10000	bc7
5.126852	a39dd	76d	2f90	a	4d595c	5f8bf3d35730	90	10000	7ffd87277390	2b85	5f8bf3d85cb0	5f8bf3d9b8e0	75888400e010	4e0000	4e0000	10000	b66
5.141981	a39bc	1d059	2f90	10	c17823	5f8bf3d35730	1648	10000	7ffd87277390	2b85	5f8bf3d85cb0	5f8bf3d9b8e0	75888230e010	c20000	c20000	10000	4b7
5.154137	a39dd	d565	2f90	f	11cbf4c	5f8bf3d35730	af6	10000	7ffd87277390	2b85	5f8bf3d85cb0	5f8bf3d9b8e0	758880c4e010	11d0000	11d0000	10000	19b
5.165207	a3081	4f	24d69	0	13c29	1636b	1ba0	3a001	7ffd87277390	24d69	0	1f00641	f80320b9e0a33706	1ba0	7fffffffffa5d2b8	2f94f00875ef9eee	2b85
5.173236	a39dd	1f	2f90	4	3c06e0	5f8bf3d35730	5	10000	7ffd87277390	2b85	5f8bf3d85cb0	5f8bf3d9b8e0	75888444e010	3d0000	3d0000	10000	c44
5.181799	a39dd	779	2f90	a	7d4f42	5f8bf3d35730	92	10000	7ffd87277390	2b85	5f8bf3d85cb0	5f8bf3d9b8e0	75888340e010	7e0000	7e0000	10000	82f
5.193490	a39dd	270c1	2f90	11	d7adb7	5f8bf3d35730	1d14	10000	7ffd87277390	2b85	5f8bf3d85cb0	5f8bf3d9b8e0	758881d8e010	d80000	d80000	10000	87
5.201336	a39b3	11641	2f90	10	112f7dd	5f8bf3d35730	dd1	10000	7ffd87277390	2b85	5f8bf3d85cb0	5f8bf3d9b8e0	758880ece010	1130000	1130000	10000	83f
5.210619	a39bc	c7	2f90	7	159b697	5f8bf3d35730	f	10000	7ffd87277390	2b85	5f8bf3d85cb0	5f8bf3d9b8e0	75887fd0e010	15a0000	15a0000	10000	564
5.221984	a39bc	2d985	2f90	11	3d330c	5f8bf3d35730	215e	10000	7ffd87277390	2b85	5f8bf3d85cb0	5f8bf3d9b8e0	75888440e010	3e0000	3e0000	10000	3c9
5.231391	a39dd	3301f	2f90	11	813eed	5f8bf3d35730	24d5	10000	7ffd87277390	2b85	5f8bf3d85cb0	5f8bf3d9b8e0	75888330e010	820000	820000	10000	51
5.238060	a39bc	1e6fd	2f90	10	af9fb8	5f8bf3d35730	174a	10000	7ffd87277390	2b85	5f8bf3d85cb0	5f8bf3d9b8e0	75888278e010	b00000	b00000	10000	109
5.253113	a39bc	959	2f90	b	121192c	5f8bf3d35730	ac	10000	7ffd87277390	2b85	5f8bf3d85cb0	5f8bf3d9b8e0	758880b0e010	1220000	1220000	10000	b50
5.261640	a3968	26d8f	2f90	11	160c787	5f8bf3d35730	1cee	10000	7ffd87277390	2b85	5f8bf3d85cb0	5f8bf3d9b8e0	75887fb8e010	1600000	1600000	10000	69e
5.269766	a39bc	25	2f90	5	2b5ab5	5f8bf3d35730	6	10000	7ffd87277390	2b85	5f8bf3d85cb0	5f8bf3d9b8e0	75888488e010	2c0000	2c0000	10000	1b
5.279379	a3a39	75888534e010	5f9c	11	739df4	5f8bf3d35730	2b85	10000	7ffd87277390	2b85	5f8bf3d85cb0	5f8bf3d9b8e0	75888374e010	710000	5f98	10000	0
5.292182	a39dd	15e03	2f90	10	cf0b2f	5f8bf3d35730	1118	10000	7ffd87277390	2b85	5f8bf3d85cb0	5f8bf3d9b8e0	758881f8e010	d00000	d00000	10000	33c
5.300248	a39b3	6b2d	2f90	e	10c5768	5f8bf3d35730	5ea	10000	7ffd87277390	2b85	5f8bf3d85cb0	5f8bf3d9b8e0	75888104e010	10d0000	10d0000	10000	705
5.308078	a39d9	1c14b	2f90	10	1474eb7	5f8bf3d35730	159c	10000	7ffd87277390	2b85	5f8bf3d85cb0	5f8bf3d9b8e0	75888018e010	1480000	1480000	10000	1b6
5.319508	a39bc	39bb	2f90	d	2bfa59	5f8bf3d35730	373	10000	7ffd87277390	2b85	5f8bf3d85cb0	5f8bf3d9b8e0	75888488e010	2c0000	2c0000	10000	1b
5.329981	a3968	d82b	2f90	f	7cb513	5f8bf3d35730	b13	10000	7ffd87277390	2b85	5f8bf3d85cb0	5f8bf3d9b8e0	75888348e010	7c0000	7c0000	10000	c1e
5.338028	a397c	5f8bf3d5a450	2f90	10	b9e74f	5f8bf3d35730	d4e	10000	7ffd87277390	2b85	5f8bf3d85cb0	5f8bf3d9b8e0	75888254e010	b90000	b90000	10000	2e0
5.350945	a39dd	25dcb	2f90	11	118201f	5f8bf3d35730	1c49	10000	7ffd87277390	2b85	5f8bf3d85cb0	5f8bf3d9b8e0	758880d4e010	1190000	1190000	10000	979
5.360010	a39bc	3ad	2f90	9	15e0cf2	5f8bf3d35730	4b	10000	7ffd87277390	2b85	5f8bf3d85cb0	5f8bf3d9b8e0	75887fbce010	15f0000	15f0000	10000	212
5.373268	a39dd	26ffb	2f90	11	51fd2c	5f8bf3d35730	1d09	10000	7ffd87277390	2b85	5f8bf3d85cb0	5f8bf3d9b8e0	758883f0e010	520000	520000	10000	388
5.381907	a3a22	9270	926c	11	94db60	5f8bf3d35730	2b85	10000	7ffd87277390	2b85	5f8bf3d85cb0	5f8bf3d9b8e0	758882f0e010	920000	926c	10000	0
5.394035	a39e0	829	2f90	b	f00605	5f8bf3d35730	9d	10000	7ffd87277390	2b85	5f8bf3d85cb0	5f8bf3d9b8e0	75888178e010	f00000	f00000	10000	56f
5.408652	a39bc	259	2f90	9	15de4e3	5f8bf3d35730	30	10000	7ffd87277390	2b85	5f8bf3d85cb0	5f8bf3d9b8e0	75887fc0e010	15e0000	15e0000	10000	a8d
5.415402	a39bc	9d	2f90	7	1d874e	5f8bf3d35730	d	10000	7ffd87277390	2b85	5f8bf3d85cb0	5f8bf3d9b8e0	758884c0e010	1e0000	1e0000	10000	196
5.424843	a39dd	3938f	2f90	11	64c34c	5f8bf3d35730	2900	10000	7ffd87277390	2b85	5f8bf3d85cb0	5f8bf3d9b8e0	758883a4e010	650000	650000	10000	bc2
5.434870	a39bc	eb31	2f90	f	b0856f	5f8bf3d35730	bfd	10000	7ffd87277390	2b85	5f8bf3d85cb0	5f8bf3d9b8e0	75888274e010	b10000	b10000	10000	595
5.443831	15fcac8d2b8a	758885354848	1a0e	4400	6838	758885350448	758885356c80	1a0e	7ffd87277388	758885354848	5f8bf3d85cb0	5f8bf3d9b8e0	75888168e010	f50000	f50000	10000	21d
5.455971	a39dd	305	2f90	9	151eaed	5f8bf3d35730	3e	10000	7ffd87277390	2b85	5f8bf3d85cb0	5f8bf3d9b8e0	75887ff0e010	1520000	1520000	10000	819
5.464942	a39bc	257	2f90	9	22a3d9	5f8bf3d35730	2f	10000	7ffd87277390	2b85	5f8bf3d85cb0	5f8bf3d9b8e0	758884ace010	230000	230000	10000	b4b
5.470669	a39bc	2a5	2f90	9	4dfb08	5f8bf3d35730	39	10000	7ffd87277390	2b85	5f8bf3d85cb0	5f8bf3d9b8e0	75888400e010	4e0000	4e0000	10000	b66
5.483920	a39dd	59	2f90	6	af148a	5f8bf3d35730	8	10000	7ffd87277390	2b85	5f8bf3d85cb0	5f8bf3d9b8e0	75888278e010	b00000	b00000	10000	109
5.492167	a398f	2b85	2f90	10	eef06a	5f8bf3d35730	1292	10000	7ffd87277390	2b85	5f8bf3d85cb0	5f8bf3d9b8e0	75888180e010	ee0000	ee0000	10000	95e
5.499211	a39bc	2c807	2f90	11	122bb39	5f8bf3d35730	2098	10000	7ffd87277390	2b85	5f8bf3d85cb0	5f8bf3d9b8e0	758880ace010	1230000	1230000	10000	2d5
5.508403	a39dd	43	2f90	6	16637e3	5f8bf3d35730	7	10000	7ffd87277390	2b85	5f8bf3d85cb0	5f8bf3d9b8e0	75887f9ce010	1670000	1670000	10000	c64
5.518919	a39dd	43	2f90	6	430938	5f8bf3d35730	7	10000	7ffd87277390	2b85	5f8bf3d85cb0	5f8bf3d9b8e0	75888428e010	440000	440000	10000	503
5.533444	a39bc	2a631	2f90	11	b230d9	5f8bf3d35730	1f3c	10000	7ffd87277390	2b85	5f8bf3d85cb0	5f8bf3d9b8e0	7588826ce010	b30000	b30000	10000	1a6
5.539945	a3a22	35c	358	11	e75953	5f8bf3d35730	2b85	10000	7ffd87277390	2b85	5f8bf3d85cb0	5f8bf3d9b8e0	758881a8e010	e40000	358	10000	0
5.549041	a39bc	3805	2f90	d	12aa9c3	5f8bf3d35730	359	10000	7ffd87277390	2b85	5f8bf3d85cb0	5f8bf3d9b8e0	7588808ce010	12b0000	12b0000	10000	20
5.557002	15fcac8d2b24	7588853680f0	6838	ccd0	1a0e0	75888535b420	758885375500	6838	7ffd87277388	7588853680f0	1a0e0	5f8bf3d9b8e0	75887f9ce010	1680000	1680000	10000	3e9
5.563071	a39dd	26047	2f90	11	22fc08	5f8bf3d35730	1c64	10000	7ffd87277390	2b85	5f8bf3d85cb0	5f8bf3d9b8e0	758884ace010	230000	230000	10000	b4b
5.574182	a39dd	16465	2f90	10	78343b	5f8bf3d35730	1167	10000	7ffd87277390	2b85	5f8bf3d85cb0	5f8bf3d9b8e0	75888354e010	790000	790000	10000	b81
5.582294	a39bc	43	2f90	6	b79476	5f8bf3d35730	7	10000	7ffd87277390	2b85	5f8bf3d85cb0	5f8bf3d9b8e0	75888258e010	b80000	b80000	10000	b5b
5.590024	a39dd	1f	2f90	4	f1a4ff	5f8bf3d35730	5	10000	7ffd87277390	2b85	5f8bf3d85cb0	5f8bf3d9b8e0	75888170e010	f20000	f20000	10000	180
5.596981	a39a4	15e99	2f90	10	1270ed2	5f8bf3d35730	111e	10000	7ffd87277390	2b85	5f8bf3d85cb0	5f8bf3d9b8e0	7588809ce010	1270000	1270000	10000	7fe
5.611667	a39dd	25	2f90	5	24b14e	5f8bf3d35730	6	10000	7ffd87277390	2b85	5f8bf3d85cb0	5f8bf3d9b8e0	758884a4e010	250000	250000	10000	75c
5.626279	a39bc	605f	2f90	e	922219	5f8bf3d35730	55d	10000	7ffd87277390	2b85	5f8bf3d85cb0	5f8bf3d9b8e0	758882ece010	930000	930000	10000	c7a
5.631584	a39a0	5f8bf3cf5710	2f90	10	bb43cb	5f8bf3d35730	14e2	10000	7ffd87277390	2b85	5f8bf3d85cb0	5f8bf3d9b8e0	7588824ce010	bb0000	bb0000	10000	bf8
5.645193	a39b8	368cf	2f90	11	120b99f	5f8bf3d35730	2735	10000	7ffd87277390	2b85	5f8bf3d85cb0	5f8bf3d9b8e0	758880b4e010	1210000	1210000	10000	6c4
5.657372	a3a30	75888534e010	9af8	11	d55a6	5f8bf3d35730	2b85	10000	7ffd87277390	2b85	5f8bf3d85cb0	5f8bf3d9b8e0	75888510e010	a0000	9af4	10000	0
5.667176	a39dd	175	2f90	8	4da7a0	5f8bf3d35730	1d	10000	7ffd87277390	2b85	5f8bf3d85cb0	5f8bf3d9b8e0	75888400e010	4e0000	4e0000	10000	b66
5.680035	a39d9	c39d	2f90	f	ad01e0	5f8bf3d35730	a2e	10000	7ffd87277390	2b85	5f8bf3d85cb0	5f8bf3d9b8e0	75888280e010	ae0000	ae0000	10000	4f8
5.691975	a3a25	5520	5520	11	10917f0	5f8bf3d35730	2b85	10000	7ffd87277390	2b85	5f8bf3d85cb0	5f8bf3d9b8e0	75888114e010	1090000	551c	10000	0
5.705760	b42f4	50be	5f8bd8982260	0	6954	0	30829f7a	715b	7ffd87277388	99cd	5f8bf3db1930	75888521b4a0	75888521ace0	833	9	99cd	6d8e
5.718459	a39bc	9e87	2f90	f	4c85ba	5f8bf3d35730	873	10000	7ffd87277390	2b85	5f8bf3d83120	5f8bf3d98d50	5f8bf2ffc070	4d0000	4d0000	10000	6da
5.732372	a39bc	2d7	2f90	9	b333f6	5f8bf3d35730	3b	10000	7ffd87277390	2b85	5f8bf3d83120	5f8bf3d98d50	5f8bf163c070	b40000	b40000	10000	632
5.744862	a39bc	137	2f90	8	1113153	5f8bf3d35730	17	10000	7ffd87277390	2b85	5f8bf3d83120	5f8bf3d98d50	5f8befebc070	1120000	1120000	10000	3b3
5.756460	a397c	5f8bf3d578c0	2f90	11	16bad2f	5f8bf3d35730	1c5d	10000	7ffd87277390	2b85	5f8bf3d83120	5f8bf3d98d50	5f8bee8bc070	16a0000	16a0000	10000	d01
5.767547	a39dd	34867	2f90	11	4a5308	5f8bf3d35730	25d7	10000	7ffd87277390	2b85	5f8bf3d83120	5f8bf3d98d50	5f8bf307c070	4b0000	4b0000	10000	ac9
5.780030	a39e0	15c5	2f90	c	aab520	5f8bf3d35730	166	10000	7ffd87277390	2b85	5f8bf3d83120	5f8bf3d98d50	5f8bf187c070	ab0000	ab0000	10000	45b
5.792301	a39d9	21a4b	2f90	11	108db4b	5f8bf3d35730	1976	10000	7ffd87277390	2b85	5f8bf3d83120	5f8bf3d98d50	5f8bf00fc070	1090000	1090000	10000	1dc
5.805325	15fcac8d2b24	5f8bf4330230	2f90	9cb0	be40	5f8bf42fe200	5f8bf43323c0	d070	7ffd87277388	5f8bf4330230	341c0	5f8bf3d98d50	5f8bee83c070	16d0000	16d0000	10000	97
5.819883	a39e0	d3	2f90	7	69679c	5f8bf3d35730	10	10000	7ffd87277390	2b85	5f8bf3d83120	5f8bf3d98d50	5f8bf28bc070	6a0000	6a0000	10000	870
5.829794	a3a1f	c064	c060	11	b88842	5f8bf3d35730	2b85	10000	7ffd87277390	2b85	5f8bf3d83120	5f8bf3d98d50	5f8bf15fc070	b50000	c05c	10000	0
5.839826	a39dd	193bd	2f90	10	feb637	5f8bf3d35730	137e	10000	7ffd87277390	2b85	5f8bf3d83120	5f8bf3d98d50	5f8bf037c070	ff0000	ff0000	10000	880
5.851604	a39dd	65	2f90	6	157c849	5f8bf3d35730	9	10000	7ffd87277390	2b85	5f8bf3d83120	5f8bf3d98d50	5f8beed3c070	1580000	1580000	10000	953
5.862215	a3968	1af03	2f90	10	371378	5f8bf3d35730	14df	10000	7ffd87277390	2b85	5f8bf3d83120	5f8bf3d98d50	5f8bf35bc070	360000	360000	10000	67e
5.874950	a39bc	557	2f90	a	9859fc	5f8bf3d35730	6c	10000	7ffd87277390	2b85	5f8bf3d83120	5f8bf3d98d50	5f8bf1cfc070	990000	990000	10000	ad
5.880327	a39bc	359dd	2f90	11	bfc7fc	5f8bf3d35730	269a	10000	7ffd87277390	2b85	5f8bf3d83120	5f8bf3d98d50	5f8bf133c070	c00000	c00000	10000	8a6
5.888076	a39b8	2e2df	2f90	11	fabf96	5f8bf3d35730	21ba	10000	7ffd87277390	2b85	5f8bf3d83120	5f8bf3d98d50	5f8bf047c070	fb0000	fb0000	10000	357
5.895257	a39bc	1d473	2f90	10	1319e71	5f8bf3d35730	1672	10000	7ffd87277390	2b85	5f8bf3d83120	5f8bf3d98d50	5f8bef6bc070	1320000	1320000	10000	5e6
5.910277	a39dd	101	2f90	8	33bae5	5f8bf3d35730	13	10000	7ffd87277390	2b85	5f8bf3d83120	5f8bf3d98d50	5f8bf363c070	340000	340000	10000	a6d
5.917896	a39bc	2987f	2f90	11	6adcdd	5f8bf3d35730	1eb8	10000	7ffd87277390	2b85	5f8bf3d83120	5f8bf3d98d50	5f8bf287c070	6b0000	6b0000	10000	cfc
5.932245	a39c4	29ce1	2f90	11	d7ef6d	5f8bf3d35730	1ee0	10000	7ffd87277390	2b85	5f8bf3d83120	5f8bf3d98d50	5f8bf0dbc070	d60000	d60000	10000	476
5.938420	a39bc	1f	2f90	4	1054104	5f8bf3d35730	5	10000	7ffd87277390	2b85	341c0	5f8bf3d98d50	5f8bf01bc070	1060000	1060000	10000	13f
5.944577	a3a41	ffff	c84c	11	138c9a2	5f8bf3d35730	2b85	10000	7ffd87277390	2b85	5f8bf3d83120	5f8bf3d98d50	5f8bef5fc070	1350000	c848	10000	0
5.950683	a39b3	35b4b	2f90	11	1644761	5f8bf3d35730	26af	10000	7ffd87277390	2b85	5f8bf3d83120	5f8bf3d98d50	5f8beea3c070	1640000	1640000	10000	bc7
5.964834	a39bc	a649	2f90	f	5f1d0e	5f8bf3d35730	8dd	10000	7ffd87277390	2b85	5f8bf3d83120	5f8bf3d98d50	5f8bf2b3c070	600000	600000	10000	20d
5.979924	a3a3d	5f8bf42fc070	45b8	11	d4ef3a	5f8bf3d35730	2b85	10000	7ffd87277390	2b85	5f8bf3d83120	5f8bf3d98d50	5f8bf0e3c070	d40000	45b4	10000	0
5.987808	a39d9	1e583	2f90	10	111ca18	5f8bf3d35730	1735	10000	7ffd87277390	2b85	5f8bf3d83120	5f8bf3d98d50	5f8befebc070	1120000	1120000	10000	3b3
6.000768	a39dd	212cf	2f90	11	2ce59	5f8bf3d35730	1923	10000	7ffd87277390	2b85	5f8bf3d83120	5f8bf3d98d50	5f8bf427c070	30000	30000	10000	918
6.006767	a39bc	be25	2f90	f	2f63b5	5f8bf3d35730	9f0	10000	7ffd87277390	2b85	5f8bf3d83120	5f8bf3d98d50	5f8bf373c070	300000	300000	10000	544
6.017096	a39bc	1ae3	2f90	c	7fca49	5f8bf3d35730	1b7	10000	7ffd87277390	2b85	5f8bf3d83120	5f8bf3d98d50	5f8bf233c070	800000	800000	10000	440
6.027557	a3a3d	5f8bf42fc070	ea28	11	d2b164	5f8bf3d35730	2b85	10000	7ffd87277390	2b85	5f8bf3d83120	5f8bf3d98d50	5f8bf0f3c070	d00000	ea24	10000	0
6.038352	a39d9	259e7	2f90	11	123f087	5f8bf3d35730	1c20	10000	7ffd87277390	2b85	5f8bf3d83120	5f8bf3d98d50	5f8befa3c070	1240000	1240000	10000	761
6.052606	a39bc	25	2f90	5	1d9307	5f8bf3d35730	6	10000	7ffd87277390	2b85	5f8bf3d83120	5f8bf3d98d50	5f8bf3bbc070	1e0000	1e0000	10000	196
6.062339	a39dd	1886b	2f90	10	65ba6c	5f8bf3d35730	1302	10000	7ffd87277390	2b85	5f8bf3d83120	5f8bf3d98d50	5f8bf29bc070	660000	660000	10000	347
6.070562	a39b8	26dfb	2f90	11	a259e5	5f8bf3d35730	1cf4	10000	7ffd87277390	2b85	5f8bf3d83120	5f8bf3d98d50	5f8bf1a7c070	a30000	a30000	10000	710
6.082988	a3a12	1111	c0e4	11	1039b40	5f8bf3d35730	2b85	10000	7ffd87277390	2b85	5f8bf3d83120	5f8bf3d98d50	5f8bf02bc070	1020000	c0e0	10000	0
6.092016	a39dd	529	2f90	a	148ca97	5f8bf3d35730	6a	10000	7ffd87277390	2b85	5f8bf3d83120	5f8bf3d98d50	5f8bef0fc070	1490000	1490000	10000	642
6.105094	a39b8	20947	2f90	11	3925ae	5f8bf3d35730	18b8	10000	7ffd87277390	2b85	5f8bf3d83120	5f8bf3d98d50	5f8bf34bc070	3a0000	3a0000	10000	ba7
6.112603	a39dd	1f	2f90	4	73424b	5f8bf3d35730	5	10000	7ffd87277390	2b85	5f8bf3d83120	5f8bf3d98d50	5f8bf263c070	740000	740000	10000	1cc
6.121028	15fcac7d5f07	90	75888521ac80	210	5f8bf3e446b0	5f8bf4416b50	0	101	7ffd87277120	0	0	5f8bf3e44740	75888521ace0	ffffffffffffffa0	110	5f8bf3cd0010	f
6.130178	a39a0	5f8bf3cf5710	2f90	10	ebfa74	5f8bf3d35730	11a0	10000	7ffd87277390	2b85	5f8bf3d83120	5f8bf3d98d50	5f8bf087c070	eb0000	eb0000	10000	8c1
6.142906	a39dd	59	2f90	6	14e229c	5f8bf3d35730	8	10000	7ffd87277390	2b85	5f8bf3d83120	5f8bf3d98d50	5f8beef7c070	14f0000	14f0000	10000	77c
6.150773	a3a30	5f8bf42fc070	a784	11	1902e0	5f8bf3d35730	2b85	10000	7ffd87277390	2b85	5f8bf3d83120	5f8bf3d98d50	5f8bf3d3c070	180000	a780	10000	0
6.157802	a39dd	191	2f90	8	4fc765	5f8bf3d35730	20	10000	7ffd87277390	2b85	5f8bf3d83120	5f8bf3d98d50	5f8bf2f3c070	500000	500000	10000	777
6.169917	a39bc	133	2f90	8	9b7084	5f8bf3d35730	16	10000	7ffd87277390	2b85	5f8bf3d83120	5f8bf3d98d50	5f8bf1c3c070	9c0000	9c0000	10000	14a
6.184818	a39bc	31d1b	2f90	11	10c494e	5f8bf3d35730	2411	10000	7ffd87277390	2b85	5f8bf3d83120	5f8bf3d98d50	5f8befffc070	10d0000	10d0000	10000	705
6.197256	15fcac7d71f0	5f8bf3cd1c30	ffffffffffffffa0	5	5f8bf3cd0010	5f8bf3e40e50	10	8	7ffd87277220	0	3f	0	dd9bd55327923952	0	7ffd872772e0	f	5f8bf41a75c0
6.203835	a39bc	97	2f90	7	2983b3	5f8bf3d35730	c	10000	7ffd87277390	2b85	5f8bf3d83120	5f8bf3d98d50	5f8bf38bc070	2a0000	2a0000	10000	40a
6.217397	a39bf	43	2f90	6	935748	5f8bf3d35730	7	10000	7ffd87277390	2b85	5f8bf3d83120	5f8bf3d98d50	5f8bf1e3c070	940000	940000	10000	3ff
6.229800	a39dd	142bb	2f90	10	f0aa6b	5f8bf3d35730	fd5	10000	7ffd87277390	2b85	5f8bf3d83120	5f8bf3d98d50	5f8bf06fc070	f10000	f10000	10000	9fb
6.237796	a39dd	1f	2f90	4	12d9dc6	5f8bf3d35730	5	10000	7ffd87277390	2b85	5f8bf3d83120	5f8bf3d98d50	5f8bef7bc070	12e0000	12e0000	10000	bd
6.252973	a39bc	b417	2f90	f	1ca6dc	5f8bf3d35730	977	10000	7ffd87277390	2b85	5f8bf3d83120	5f8bf3d98d50	5f8bf3bfc070	1d0000	1d0000	10000	a11
6.266496	a39bc	eb1	2f90	b	788c2a	5f8bf3d35730	f8	10000	7ffd87277390	2b85	5f8bf3d83120	5f8bf3d98d50	5f8bf24fc070	790000	790000	10000	b81
6.281379	a39bc	198e9	2f90	10	c6bdff	5f8bf3d35730	13c6	10000	7ffd87277390	2b85	5f8bf3d83120	5f8bf3d98d50	5f8bf117c070	c70000	c70000	10000	165
6.294742	a39bc	f80b	2f90	f	1288aae	5f8bf3d35730	c84	10000	7ffd87277390	2b85	5f8bf3d83120	5f8bf3d98d50	5f8bef8fc070	1290000	1290000	10000	40f
6.308310	a39a4	b989	2f90	f	101b08	5f8bf3d35730	9b6	10000	7ffd87277390	2b85	5f8bf3d83120	5f8bf3d98d50	5f8bf3f3c070	100000	100000	10000	311
6.322056	a39bc	11509	2f90	10	65df7d	5f8bf3d35730	dc1	10000	7ffd87277390	2b85	5f8bf3d83120	5f8bf3d98d50	5f8bf29bc070	660000	660000	10000	347
6.336620	a39a7	58d3	2f90	e	d53248	5f8bf3d35730	505	10000	7ffd87277390	2b85	5f8bf3d83120	5f8bf3d98d50	5f8bf0dfc070	d50000	d50000	10000	cf1
6.344126	a39b8	14021	2f90	10	10e3db5	5f8bf3d35730	fbf	10000	7ffd87277390	2b85	5f8bf3d83120	5f8bf3d98d50	5f8beff7c070	10f0000	10f0000	10000	316
6.354582	15fcac8d2b24	5f8bf4316150	6838	6a30	1a0e0	5f8bf430f720	5f8bf4329800	6838	7ffd87277388	5f8bf4316150	1a0e0	5f8bf3d98d50	5f8beee3c070	1550000	1550000	10000	8b6
6.361799	a3986	2b85	2f90	10	17b4fa	5f8bf3d35730	137a	10000	7ffd87277390	2b85	5f8bf3d83120	5f8bf3d98d50	5f8bf3d7c070	170000	170000	10000	8d7
6.372674	a3986	2b85	2f90	f	68832b	5f8bf3d35730	91e	10000	7ffd87277390	2b85	5f8bf3d83120	5f8bf3d98d50	5f8bf293c070	680000	680000	10000	c5f
6.387599	a39b8	38615	2f90	11	d01a1f	5f8bf3d35730	287b	10000	7ffd87277390	2b85	5f8bf3d83120	5f8bf3d98d50	5f8bf0efc070	d10000	d10000	10000	7c8
6.399684	a39bc	59	2f90	6	11aa430	5f8bf3d35730	8	10000	7ffd87277390	2b85	5f8bf3d83120	5f8bf3d98d50	5f8befc7c070	11b0000	11b0000	10000	58a
6.407668	a39bc	a231	2f90	f	15152bf	5f8bf3d35730	8a0	10000	7ffd87277390	2b85	5f8bf3d83120	5f8bf3d98d50	5f8beeebc070	1520000	1520000	10000	819
6.420364	a39bc	e22b	2f90	f	29899f	5f8bf3d35730	b8c	10000	7ffd87277390	2b85	5f8bf3d83120	5f8bf3d98d50	5f8bf38bc070	2a0000	2a0000	10000	40a
6.429977	a39bc	59	2f90	6	679f8f	5f8bf3d35730	8	10000	7ffd87277390	2b85	5f8bf3d83120	5f8bf3d98d50	5f8bf293c070	680000	680000	10000	c5f
6.435454	a39dd	e9	2f90	7	8e63ff	5f8bf3d35730	11	10000	7ffd87277390	2b85	5f8bf3d83120	5f8bf3d98d50	5f8bf1f7c070	8f0000	8f0000	10000	751
6.449556	a39dd	176f5	2f90	10	f91c91	5f8bf3d35730	124b	10000	7ffd87277390	2b85	5f8bf3d83120	5f8bf3d98d50	5f8bf04bc070	fa0000	fa0000	10000	bd2
6.463553	a39dd	244f3	2f90	11	1634fb3	5f8bf3d35730	1b43	10000	7ffd87277390	2b85	5f8bf3d83120	5f8bf3d98d50	5f8beea3c070	1640000	1640000	10000	bc7
6.475861	a3a30	5f8bf42fc070	b7d8	11	5295f4	5f8bf3d35730	2b85	10000	7ffd87277390	2b85	5f8bf3d83120	5f8bf3d98d50	5f8bf2f7c070	4f0000	b7d4	10000	0
6.485082	a39dd	30a91	2f90	11	9673f4	5f8bf3d35730	234d	10000	7ffd87277390	2b85	5f8bf3d83120	5f8bf3d98d50	5f8bf1d7c070	970000	970000	10000	49c
6.491694	a39b8	15fd3	2f90	10	c76430	5f8bf3d35730	1132	10000	7ffd87277390	2b85	5f8bf3d83120	5f8bf3d98d50	5f8bf113c070	c80000	c80000	10000	5f1
6.497399	a39bc	1d6db	2f90	10	f2dab5	5f8bf3d35730	168d	10000	7ffd87277390	2b85	5f8bf3d83120	5f8bf3d98d50	5f8bf067c070	f30000	f30000	10000	60c
6.510362	a39bc	11a95	2f90	10	156d482	5f8bf3d35730	e05	10000	7ffd87277390	2b85	5f8bf3d83120	5f8bf3d98d50	5f8beed7c070	1570000	1570000	10000	4c7
6.520750	15fcac8d2b24	5f8bf4316150	6838	c0b0	1a0e0	5f8bf430a0a0	5f8bf4324180	6838	7ffd87277388	5f8bf4316150	1a0e0	5f8bf42e5fb0	dd9bd55327923952	330000	330000	10000	5e1
6.534405	a3968	17ef9	2f90	10	997a5f	5f8bf3d35730	129f	10000	7ffd87277390	2b85	5f8bf3d83120	5f8bf3d98d50	5f8bf1cfc070	990000	990000	10000	ad
6.539972	a39dd	97	2f90	7	c37f33	5f8bf3d35730	c	10000	7ffd87277390	2b85	5f8bf3d83120	5f8bf3d98d50	5f8bf123c070	c40000	c40000	10000	c8
6.550952	a39bc	c7	2f90	7	119bb64	5f8bf3d35730	f	10000	7ffd87277390	2b85	5f8bf3d83120	5f8bf3d98d50	5f8befcbc070	11a0000	11a0000	10000	fe
6.559351	15fcac7d6870	0	75888521ac80	ae21	331	5f8bf458dcd0	3	ae14	7ffd87277280	0	5f8bf4582ec0	5f8bf3cf2420	75888521ace0	ffffffffffffffa0	ae20	5f8bf3cd0010	ae0
6.572774	a39dd	3c39b	2f90	11	424d2c	5f8bf3d35730	2aea	10000	7ffd87277390	2b85	5f8bf3d83120	5f8bf3d98d50	5f8bf327c070	430000	430000	10000	77
6.579026	a39dd	6209	2f90	e	721670	5f8bf3d35730	572	10000	7ffd87277390	2b85	5f8bf3d83120	5f8bf3d98d50	5f8bf267c070	730000	730000	10000	a47
6.590550	15fcac8d2b24	5f8bf43090e0	341c	8d40	d070	5f8bf43003a0	5f8bf430d410	341c	7ffd87277388	5f8bf43090e0	d070	5f8bf3d98d50	5f8bf133c070	c10000	c10000	10000	2b
6.605664	a3a41	ffff	e2ac	11	1344082	5f8bf3d35730	2b85	10000	7ffd87277390	2b85	5f8bf3d83120	5f8bf3d98d50	5f8bef6fc070	1310000	e2a8	10000	0
6.619447	a3a41	ffff	9f1c	11	26fe4e	5f8bf3d35730	2b85	10000	7ffd87277390	2b85	5f8bf3d83120	5f8bf3d98d50	5f8bf39fc070	250000	9f18	10000	0
6.628160	a39dd	25	2f90	5	62e729	5f8bf3d35730	6	10000	7ffd87277390	2b85	5f8bf3d83120	5f8bf3d98d50	5f8bf2a7c070	630000	630000	10000	2aa
6.640963	15fcac8d2b24	5f8bf4316150	6838	e970	1a0e0	5f8bf43077e0	5f8bf43218c0	6838	7ffd87277388	5f8bf4316150	1a0e0	5f8bf3d98d50	5f8bf127c070	c40000	c40000	10000	c8
6.651234	a39dd	1c2a1	2f90	10	1105353	5f8bf3d35730	15ac	10000	7ffd87277390	2b85	5f8bf3d83120	5f8bf3d98d50	5f8befefc070	1110000	1110000	10000	c2e
6.656821	a39bc	2a5	2f90	9	13c74ad	5f8bf3d35730	39	10000	7ffd87277390	2b85	5f8bf3d83120	5f8bf3d98d50	5f8bef3fc070	13d0000	13d0000	10000	3ce
6.669868	a39dd	19f03	2f90	10	2f6767	5f8bf3d35730	140c	10000	7ffd87277390	2b85	5f8bf3d83120	5f8bf3d98d50	5f8bf373c070	300000	300000	10000	544
6.681928	a39bc	1d7fd	2f90	10	88970b	5f8bf3d35730	169a	10000	7ffd87277390	2b85	5f8bf3d83120	5f8bf3d98d50	5f8bf20fc070	890000	890000	10000	617
6.696123	a39bc	36a61	2f90	11	f47e68	5f8bf3d35730	2747	10000	7ffd87277390	2b85	5f8bf3d83120	5f8bf3d98d50	5f8bf05fc070	f50000	f50000	10000	21d
6.705497	a39dd	5cf9	2f90	e	13cd6a5	5f8bf3d35730	538	10000	7ffd87277390	2b85	5f8bf3d83120	5f8bf3d98d50	5f8bef3fc070	13d0000	13d0000	10000	3ce
6.718011	a39bc	3aa83	2f90	11	2aa18f	5f8bf3d35730	29e8	10000	7ffd87277390	2b85	5f8bf3d83120	5f8bf3d98d50	5f8bf387c070	2b0000	2b0000	10000	896
6.731416	15fcac8d2b8a	5f8bf42ff48c	d07	2888	341c	5f8bf42fcc04	5f8bf4300020	d07	7ffd87277388	5f8bf42ff48c	5f8bf3d83120	5f8bf3d98d50	5f8bf1f3c070	910000	910000	10000	362
6.743364	a39bc	213f1	2f90	11	e97505	5f8bf3d35730	1930	10000	7ffd87277390	2b85	5f8bf3d83120	5f8bf3d98d50	5f8bf08bc070	ea0000	ea0000	10000	435
6.754190	a39d0	394b1	2f90	11	13e7a19	5f8bf3d35730	290a	10000	7ffd87277390	2b85	5f8bf3d83120	5f8bf3d98d50	5f8bef43c070	13c0000	13c0000	10000	c49
6.761212	a39bc	17c9	2f90	c	16b8228	5f8bf3d35730	186	10000	7ffd87277390	2b85	5f8bf3d83120	5f8bf3d98d50	5f8bee83c070	16c0000	16c0000	10000	912
6.768014	a39e0	617	2f90	a	2dbc89	5f8bf3d35730	75	10000	7ffd87277390	2b85	5f8bf3d83120	5f8bf3d98d50	5f8bf37bc070	2e0000	2e0000	10000	933
6.777913	a39dd	27afd	2f90	11	79da31	5f8bf3d35730	1d8e	10000	7ffd87277390	2b85	5f8bf3d83120	5f8bf3d98d50	5f8bf24bc070	7a0000	7a0000	10000	306
6.787562	a39bc	3b9	2f90	9	c55c41	5f8bf3d35730	4d	10000	7ffd87277390	2b85	5f8bf3d83120	5f8bf3d98d50	5f8bf11bc070	c60000	c60000	10000	9e0
6.792874	a39bc	37e61	2f90	11	ed9886	5f8bf3d35730	281f	10000	7ffd87277390	2b85	5f8bf3d83120	5f8bf3d98d50	5f8bf07bc070	ee0000	ee0000	10000	95e
6.800803	a39dd	38155	2f90	11	12b296c	5f8bf3d35730	2846	10000	7ffd87277390	2b85	5f8bf3d83120	5f8bf3d98d50	5f8bef83c070	12c0000	12c0000	10000	4ac
6.815121	a39dd	1f	2f90	4	29d8e2	5f8bf3d35730	5	10000	7ffd87277390	2b85	5f8bf3d83120	5f8bf3d98d50	5f8bf38bc070	2a0000	2a0000	10000	40a
6.829340	a39dd	76d	2f90	a	9641ff	5f8bf3d35730	90	10000	7ffd87277390	2b85	5f8bf3d83120	5f8bf3d98d50	5f8bf1d7c070	970000	970000	10000	49c
6.840902	a39dd	5fb	2f90	a	f01b60	5f8bf3d35730	73	10000	7ffd87277390	2b85	5f8bf3d83120	5f8bf3d98d50	5f8bf06fc070	f10000	f10000	10000	9fb
6.850374	a39bc	e9	2f90	7	13bace9	5f8bf3d35730	11	10000	7ffd87277390	2b85	5f8bf3d83120	5f8bf3d98d50	5f8bef43c070	13c0000	13c0000	10000	c49
6.857473	a39a4	25a63	2f90	11	16e0608	5f8bf3d35730	1c26	10000	7ffd87277390	2b85	5f8bf3d83120	5f8bf3d98d50	5f8bee7bc070	16e0000	16e0000	10000	523
6.869035	a39bc	132d9	2f90	10	546d9f	5f8bf3d35730	f1f	10000	7ffd87277390	2b85	5f8bf3d83120	5f8bf3d98d50	5f8bf2dfc070	550000	550000	10000	425
6.874439	a39bc	1381	2f90	c	7e1e44	5f8bf3d35730	146	10000	7ffd87277390	2b85	5f8bf3d83120	5f8bf3d98d50	5f8bf237c070	7f0000	7f0000	10000	cbb
6.886103	a39dd	28fe7	2f90	11	d6a7e0	5f8bf3d35730	1e64	10000	7ffd87277390	2b85	5f8bf3d83120	5f8bf3d98d50	5f8bf0d7c070	d70000	d70000	10000	902
6.891396	a39bc	844f	2f90	f	feb500	5f8bf3d35730	730	10000	7ffd87277390	2b85	5f8bf3d83120	5f8bf3d98d50	5f8bf037c070	ff0000	ff0000	10000	880
6.900541	a39d0	1f7cb	2f90	10	14508bc	5f8bf3d35730	17fd	10000	7ffd87277390	2b85	5f8bf3d83120	5f8bf3d98d50	5f8bef1fc070	1450000	1450000	10000	119
6.909668	a39b8	1556b	2f90	10	18b08e	5f8bf3d35730	10b7	10000	7ffd87277390	2b85	5f8bf3d83120	5f8bf3d98d50	5f8bf3cfc070	190000	190000	10000	4e8
6.916416	a39bc	3af3	2f90	d	4c4876	5f8bf3d35730	383	10000	7ffd87277390	2b85	5f8bf3d83120	5f8bf3d98d50	5f8bf2ffc070	4d0000	4d0000	10000	6da
6.925323	a39cc	d405	2f90	f	900a61	5f8bf3d35730	aea	10000	7ffd87277390	2b85	5f8bf3d83120	5f8bf3d98d50	5f8bf1f3c070	900000	900000	10000	bdd
6.933064	a39bc	239	2f90	9	c9b65d	5f8bf3d35730	2b	10000	7ffd87277390	2b85	5f8bf3d83120	5f8bf3d98d50	5f8bf10bc070	ca0000	ca0000	10000	202
6.938662	a39e0	38f	2f90	9	f3672d	5f8bf3d35730	48	10000	7ffd87277390	2b85	5f8bf3d83120	5f8bf3d98d50	5f8bf063c070	f40000	f40000	10000	a98
6.950817	a39bc	a379	2f90	f	14f5b0d	5f8bf3d35730	8b1	10000	7ffd87277390	2b85	5f8bf3d83120	5f8bf3d98d50	5f8beef3c070	1500000	1500000	10000	c08
6.958008	15fcac8d2b8a	5f8bf42fc070	41	2aa8	3318	5f8bf433c9f4	5f8bf42fc8e0	cc6	7ffd87277388	5f8bf42fc070	5f8bf3d83120	5f8bf3d98d50	5f8bf3e3c070	150000	150000	10000	cc6
6.969443	a39bc	2c0f	2f90	d	6c985d	5f8bf3d35730	2b3	10000	7ffd87277390	2b85	5f8bf3d83120	5f8bf3d98d50	5f8bf27fc070	6d0000	6d0000	10000	90d
6.974809	a39bc	2dc7	2f90	d	95699a	5f8bf3d35730	2ca	10000	7ffd87277390	2b85	5f8bf3d83120	5f8bf3d98d50	5f8bf1dbc070	960000	960000	10000	10
6.989147	a39dd	3839f	2f90	11	10131a9	5f8bf3d35730	2862	10000	7ffd87277390	2b85	5f8bf3d83120	5f8bf3d98d50	5f8bf02bc070	1020000	1020000	10000	91d
7.002897	a39cc	2af5b	2f90	11	16d4905	5f8bf3d35730	1fa3	10000	7ffd87277390	2b85	5f8bf3d83120	5f8bf3d98d50	5f8bee83c070	16c0000	16c0000	10000	912
7.017549	a39bc	5147	2f90	e	6ca6e6	5f8bf3d35730	49a	10000	7ffd87277390	2b85	5f8bf3d83120	5f8bf3d98d50	5f8bf27fc070	6d0000	6d0000	10000	90d
7.031254	a39dd	1efcb	2f90	10	d28b66	5f8bf3d35730	17a2	10000	7ffd87277390	2b85	5f8bf3d83120	5f8bf3d98d50	5f8bf0e7c070	d30000	d30000	10000	3d9
7.039095	a39bc	356ad	2f90	11	10df7bf	5f8bf3d35730	2675	10000	7ffd87277390	2b85	5f8bf3d83120	5f8bf3d98d50	5f8beffbc070	10e0000	10e0000	10000	b91
7.051244	a39dd	3aa4b	2f90	11	16ad946	5f8bf3d35730	29e6	10000	7ffd87277390	2b85	5f8bf3d83120	5f8bf3d98d50	5f8bee87c070	16b0000	16b0000	10000	486
7.066455	a3968	ce99	2f90	f	6e09b1	5f8bf3d35730	aac	10000	7ffd87277390	2b85	5f8bf3d83120	5f8bf3d98d50	5f8bf27bc070	6e0000	6e0000	10000	92
7.079777	a39dd	e01d	2f90	f	d48c8f	5f8bf3d35730	b74	10000	7ffd87277390	2b85	5f8bf3d83120	5f8bf3d98d50	5f8bf0dfc070	d50000	d50000	10000	cf1
7.093856	a3998	2b85	2f90	11	1431dfd	5f8bf3d35730	28ac	10000	7ffd87277390	2b85	5f8bf3d83120	5f8bf3d98d50	5f8bef2bc070	1420000	1420000	10000	7c
7.103039	a39bc	38f	2f90	9	10418b	5f8bf3d35730	48	10000	7ffd87277390	2b85	5f8bf3d83120	5f8bf3d98d50	5f8bf3efc070	110000	110000	10000	79d
7.110621	a39bc	9215	2f90	f	4954ce	5f8bf3d35730	7de	10000	7ffd87277390	2b85	5f8bf3d83120	5f8bf3d98d50	5f8bf30bc070	4a0000	4a0000	10000	63d
7.120087	a39bc	357d	2f90	d	91fef1	5f8bf3d35730	33b	10000	7ffd87277390	2b85	5f8bf3d83120	5f8bf3d98d50	5f8bf1ebc070	920000	920000	10000	7ee
7.127179	a39dd	225e5	2f90	11	c64390	5f8bf3d35730	19fe	10000	7ffd87277390	2b85	5f8bf3d83120	5f8bf3d98d50	5f8bf117c070	c70000	c70000	10000	165
7.138930	a39bc	f1	2f90	7	120bf8d	5f8bf3d35730	12	10000	7ffd87277390	2b85	5f8bf3d83120	5f8bf3d98d50	5f8befafc070	1210000	1210000	10000	6c4
7.147468	a3a12	1111	e96c	11	1646c42	5f8bf3d35730	2b85	10000	7ffd87277390	2b85	5f8bf3d83120	5f8bf3d98d50	5f8beeafc070	1610000	e968	10000	0
7.157295	a39d9	1ef83	2f90	10	385869	5f8bf3d35730	179f	10000	7ffd87277390	2b85	5f8bf3d83120	5f8bf3d98d50	5f8bf34fc070	390000	390000	10000	71b
7.167271	a39bc	89	2f90	7	83143a	5f8bf3d35730	b	10000	7ffd87277390	2b85	5f8bf3d83120	5f8bf3d98d50	5f8bf223c070	840000	840000	10000	969
7.181198	a39dd	427d	2f90	e	ec018e	5f8bf3d35730	3e3	10000	7ffd87277390	2b85	5f8bf3d83120	5f8bf3d98d50	5f8bf07fc070	ed0000	ed0000	10000	4d2
7.191338	a39b3	36b0b	2f90	11	13c105d	5f8bf3d35730	274b	10000	7ffd87277390	2b85	5f8bf3d83120	5f8bf3d98d50	5f8bef47c070	13b0000	13b0000	10000	7bd
7.201488	a39dd	2f29	2f90	d	130cd1	5f8bf3d35730	2e2	10000	7ffd87277390	2b85	5f8bf3d83120	5f8bf3d98d50	5f8bf3e3c070	140000	140000	10000	83a
7.208200	a39bc	25	2f90	5	450570	5f8bf3d35730	6	10000	7ffd87277390	2b85	5f8bf3d83120	5f8bf3d98d50	5f8bf31bc070	460000	460000	10000	114
7.222348	a3a22	7178	7174	11	b209a0	5f8bf3d35730	2b85	10000	7ffd87277390	2b85	5f8bf3d83120	5f8bf3d98d50	5f8bf177c070	af0000	7174	10000	0
7.236446	a39d9	3d7	2f90	9	11824a0	5f8bf3d35730	51	10000	7ffd87277390	2b85	5f8bf3d83120	5f8bf3d98d50	5f8befcfc070	1190000	1190000	10000	979
7.244685	a397e	5f8bf3d578c0	2f90	e	1573877	5f8bf3d35730	40c	10000	7ffd87277390	2b85	5f8bf3d83120	5f8bf3d98d50	5f8beed7c070	1570000	1570000	10000	4c7
7.250548	a3a16	d0c0	d0bc	11	1126e9	5f8bf3d35730	2b85	10000	7ffd87277390	2b85	5f8bf3d83120	5f8bf3d98d50	5f8bf3efc070	110000	d0b8	10000	0
7.259275	a39bc	a099	2f90	f	53a284	5f8bf3d35730	88b	10000	7ffd87277390	2b85	5f8bf3d83120	5f8bf3d98d50	5f8bf2e3c070	540000	540000	10000	ca0
7.269893	a398f	2b85	2f90	11	a5f3e9	5f8bf3d35730	2ae0	10000	7ffd87277390	2b85	5f8bf3d83120	5f8bf3d98d50	5f8bf1a7c070	a30000	a30000	10000	710
7.278954	a39bc	1c1	2f90	8	e693bd	5f8bf3d35730	22	10000	7ffd87277390	2b85	5f8bf3d83120	5f8bf3d98d50	5f8bf097c070	e70000	e70000	10000	398
7.286995	a39dd	3cddf	2f90	11	123da84	5f8bf3d35730	2b60	10000	7ffd87277390	2b85	5f8bf3d83120	5f8bf3d98d50	5f8befa3c070	1240000	1240000	10000	761
7.299499	a3a1f	ecb0	ecac	11	13167d	5f8bf3d35730	2b85	10000	7ffd87277390	2b85	5f8bf3d83120	5f8bf3d98d50	5f8bf3f3c070	100000	eca8	10000	0
7.312778	a3998	2b85	2f90	10	79defb	5f8bf3d35730	ff7	10000	7ffd87277390	2b85	5f8bf3d83120	5f8bf3d98d50	5f8bf24fc070	790000	790000	10000	b81
7.327857	a39bc	290bf	2f90	11	eb0543	5f8bf3d35730	1e69	10000	7ffd87277390	2b85	5f8bf3d83120	5f8bf3d98d50	5f8bf083c070	ec0000	ec0000	10000	46
7.342468	15fcac8d2b24	5f8bf4330230	2f90	4b90	be40	5f8bf4303320	5f8bf43374e0	d070	7ffd87277388	5f8bf4330230	341c0	5f8bf3d98d50	5f8beec3c070	15d0000	15d0000	10000	601
7.355119	a398f	2b85	2f90	10	4c6b0a	5f8bf3d35730	148e	10000	7ffd87277390	2b85	5f8bf3d83120	5f8bf3d98d50	5f8bf307c070	4b0000	4b0000	10000	ac9
7.364745	a4412	2b85	5f8bf3cda7b0	29e4	463f	0	0	5f8bf46fb9c0	7ffd87277390	4771	420	1	dd9bd55327923952	2b85	3a	421	46
7.374353	a39cc	25dbd	2f90	11	df292f	5f8bf3d35730	1c48	10000	7ffd87277390	2b85	5f8bf3d83120	5f8bf3d98d50	5f8bf0bbc070	de0000	de0000	10000	1c1
7.380029	a39dd	89	2f90	7	1092688	5f8bf3d35730	b	10000	7ffd87277390	2b85	5f8bf3d83120	5f8bf3d98d50	5f8bf00bc070	10a0000	10a0000	10000	668
7.391999	a39bc	38659	2f90	11	163cc8d	5f8bf3d35730	287e	10000	7ffd87277390	2b85	5f8bf3d83120	5f8bf3d98d50	5f8beea3c070	1640000	1640000	10000	bc7
7.398300	a39dd	15b	2f90	8	230f45	5f8bf3d35730	1b	10000	7ffd87277390	2b85	5f8bf3d83120	5f8bf3d98d50	5f8bf3a3c070	240000	240000	10000	2d0
7.407332	a39bc	59	2f90	6	69554e	5f8bf3d35730	8	10000	7ffd87277390	2b85	5f8bf3d83120	5f8bf3d98d50	5f8bf28bc070	6a0000	6a0000	10000	870
7.415471	a39e0	10f	2f90	8	a8e70c	5f8bf3d35730	14	10000	7ffd87277390	2b85	5f8bf3d83120	5f8bf3d98d50	5f8bf18fc070	a90000	a90000	10000	84a
7.422632	a39bc	10f	2f90	8	e03db2	5f8bf3d35730	14	10000	7ffd87277390	2b85	5f8bf3d83120	5f8bf3d98d50	5f8bf0afc070	e10000	e10000	10000	25e
7.429070	a39dd	2a23b	2f90	11	1108bff	5f8bf3d35730	1f11	10000	7ffd87277390	2b85	5f8bf3d83120	5f8bf3d98d50	5f8befefc070	1110000	1110000	10000	c2e
7.437057	a39dd	3c9eb	2f90	11	14cb79a	5f8bf3d35730	2b35	10000	7ffd87277390	2b85	5f8bf3d83120	5f8bf3d98d50	5f8beeffc070	14d0000	14d0000	10000	b6b
7.443151	a3a22	dfd4	dfd0	11	bae57	5f8bf3d35730	2b85	10000	7ffd87277390	2b85	5f8bf3d83120	5f8bf3d98d50	5f8bf40fc070	90000	dfd0	10000	0
7.450253	a39dd	972b	2f90	f	3f04a1	5f8bf3d35730	814	10000	7ffd87277390	2b85	5f8bf3d83120	5f8bf3d98d50	5f8bf333c070	400000	400000	10000	ce1
7.458702	a39bc	2d7	2f90	9	824f11	5f8bf3d35730	3b	10000	7ffd87277390	2b85	5f8bf3d83120	5f8bf3d98d50	5f8bf227c070	830000	830000	10000	4dd
7.468070	a39dd	24cf1	2f90	11	cba56b	5f8bf3d35730	1b9a	10000	7ffd87277390	2b85	5f8bf3d83120	5f8bf3d98d50	5f8bf103c070	cc0000	cc0000	10000	b1a
7.478288	a39dd	4a23	2f90	e	118a7dd	5f8bf3d35730	440	10000	7ffd87277390	2b85	5f8bf3d83120	5f8bf3d98d50	5f8befcfc070	1190000	1190000	10000	979
7.487924	a39bc	59	2f90	6	162359d	5f8bf3d35730	8	10000	7ffd87277390	2b85	5f8bf3d83120	5f8bf3d98d50	5f8beea7c070	1630000	1630000	10000	73b
7.494848	a39d9	21073	2f90	11	253590	5f8bf3d35730	1903	10000	7ffd87277390	2b85	5f8bf3d83120	5f8bf3d98d50	5f8bf39bc070	260000	260000	10000	be8
7.500240	a39bc	3b3	2f90	9	4f0c1d	5f8bf3d35730	4c	10000	7ffd87277390	2b85	5f8bf3d83120	5f8bf3d98d50	5f8bf2f3c070	500000	500000	10000	777
7.508772	a388b	b21	10000	0	519	d07	5f8bf1ebc070	5f8bf3cd96d0	7ffd87277390	5f8bf433c080	5f8bf3d83120	5f8bf3d98d50	5f8bf1efc070	920000	920000	10000	0
7.519182	a39dd	1f49	2f90	c	e23ce7	5f8bf3d35730	1f8	10000	7ffd87277390	2b85	5f8bf3d83120	5f8bf3d98d50	5f8bf0a7c070	e30000	e30000	10000	b76
7.525639	a39dd	3a9	2f90	9	1147293	5f8bf3d35730	4a	10000	7ffd87277390	2b85	5f8bf3d83120	5f8bf3d98d50	5f8befdfc070	1150000	1150000	10000	450
7.533452	a39dd	1f	2f90	4	151ae78	5f8bf3d35730	5	10000	7ffd87277390	2b85	5f8bf3d83120	5f8bf3d98d50	5f8beeebc070	1520000	1520000	10000	819
7.543438	a43c3	5f8bf3d578c0	5f8bf3cda7b0	5f8bf3d6d4f0	6b9a	0	0	5f8bf4744640	7ffd87277390	7169	645	1	dd9bd55327923952	2b85	36	646	44
7.551324	6f135	5f8bf4754250	41a	5f8bf3f799a8	1	5f8bf4753f70	1f	37	7ffd87277260	5f8bf3cd1b00	5f8bf3e40e50	1	dd9bd55327923952	7ffd87277278	37	22a4	5f8bd89867b0
7.563605	a39dd	174d3	2f90	10	c7293c	5f8bf3d35730	122a	10000	7ffd87277390	2b85	5f8bf3d83120	5f8bf3d98d50	5f8bf113c070	c80000	c80000	10000	5f1
7.575596	a39bc	1907b	2f90	10	1249516	5f8bf3d35730	135e	10000	7ffd87277390	2b85	5f8bf3d83120	5f8bf3d98d50	5f8bef9fc070	1250000	1250000	10000	bed
7.582986	a39b8	3779f	2f90	11	15d84f0	5f8bf3d35730	27d6	10000	7ffd87277390	2b85	5f8bf3d83120	5f8bf3d98d50	5f8beebbc070	15e0000	15e0000	10000	a8d
7.596305	a39bc	1a8c3	2f90	10	5089a0	5f8bf3d35730	1488	10000	7ffd87277390	2b85	5f8bf3d83120	5f8bf3d98d50	5f8bf2efc070	510000	510000	10000	c03
7.607025	a39bc	4c61	2f90	e	a3a841	5f8bf3d35730	459	10000	7ffd87277390	2b85	5f8bf3d83120	5f8bf3d98d50	5f8bf1a3c070	a40000	a40000	10000	b9c
7.612259	a39dd	3c239	2f90	11	cbab32	5f8bf3d35730	2add	10000	7ffd87277390	2b85	5f8bf3d83120	5f8bf3d98d50	5f8bf103c070	cc0000	cc0000	10000	b1a
7.627426	a39bf	12653	2f90	10	1415db4	5f8bf3d35730	e8f	10000	7ffd87277390	2b85	5f8bf3d83120	5f8bf3d98d50	5f8bef2fc070	1410000	1410000	10000	8f7
7.636678	a39bc	10f	2f90	8	17c718	5f8bf3d35730	14	10000	7ffd87277390	2b85	5f8bf3d83120	5f8bf3d98d50	5f8bf3d3c070	180000	180000	10000	5c
7.644738	a39dd	4cd	2f90	a	54a791	5f8bf3d35730	63	10000	7ffd87277390	2b85	5f8bf3d83120	5f8bf3d98d50	5f8bf2dfc070	550000	550000	10000	425
7.656923	a3a25	8ab8	8ab8	11	b2fab2	5f8bf3d35730	2b85	10000	7ffd87277390	2b85	5f8bf3d83120	5f8bf3d98d50	5f8bf16bc070	b20000	8ab4	10000	0
7.662789	a397c	5f8bf3d578c0	2f90	f	e0b1db	5f8bf3d35730	ab0	10000	7ffd87277390	2b85	5f8bf3d83120	5f8bf3d98d50	5f8bf0b3c070	e00000	e00000	10000	ad9
7.671137	a39bc	17ff9	2f90	10	1202b7a	5f8bf3d35730	12a7	10000	7ffd87277390	2b85	5f8bf3d83120	5f8bf3d98d50	5f8befafc070	1210000	1210000	10000	6c4
7.682862	a396b	1dd5f	2f90	10	a3fce	5f8bf3d35730	16df	10000	7ffd87277390	2b85	5f8bf3d83120	5f8bf3d98d50	5f8bf40bc070	a0000	a0000	10000	1d7
7.690193	a39bc	29fe1	2f90	11	42ac6f	5f8bf3d35730	1efb	10000	7ffd87277390	2b85	5f8bf3d83120	5f8bf3d98d50	5f8bf327c070	430000	430000	10000	77
7.703707	a39dd	2947	2f90	d	ac939d	5f8bf3d35730	28b	10000	7ffd87277390	2b85	5f8bf3d83120	5f8bf3d98d50	5f8bf17fc070	ad0000	ad0000	10000	6c
7.713184	a39dd	a6f1	2f90	f	f50353	5f8bf3d35730	8e6	10000	7ffd87277390	2b85	5f8bf3d83120	5f8bf3d98d50	5f8bf05bc070	f60000	f60000	10000	6a9
7.722985	a3a46	1111	e500	11	146832c	5f8bf3d35730	2b85	10000	7ffd87277390	2b85	5f8bf3d83120	5f8bf3d98d50	5f8bef27c070	1430000	e4fc	10000	0
7.728676	a2fc5	fffffffffffff80b	4283	4283	ffffffffffffdb4b	226f	3e4	26d	7ffd87277390	4283	0	1f15a6f	f8ad37faa6d4a663	3e4	8000000000b9e31f	5ff590cad756acab	2b85
7.740594	a39a0	5f8bf3cf5710	2f90	11	5a1878	5f8bf3d35730	1e45	10000	7ffd87277390	2b85	5f8bf3d83120	5f8bf3d98d50	5f8bf2cfc070	590000	590000	10000	94e
7.752464	a39b8	33875	2f90	11	b471f0	5f8bf3d35730	253b	10000	7ffd87277390	2b85	5f8bf3d83120	5f8bf3d98d50	5f8bf15fc070	b50000	b50000	10000	abe
7.765511	a39bc	d0cd	2f90	f	1190d71	5f8bf3d35730	acb	10000	7ffd87277390	2b85	5f8bf3d83120	5f8bf3d98d50	5f8befcbc070	11a0000	11a0000	10000	fe
7.775826	a39bc	c71b	2f90	f	16ad5f7	5f8bf3d35730	a56	10000	7ffd87277390	2b85	5f8bf3d83120	5f8bf3d98d50	5f8bee87c070	16b0000	16b0000	10000	486
7.782858	a39cc	1b911	2f90	10	303793	5f8bf3d35730	1549	10000	7ffd87277390	2b85	5f8bf3d83120	5f8bf3d98d50	5f8bf373c070	300000	300000	10000	544
7.788379	a39dd	ae7	2f90	b	5b1cfe	5f8bf3d35730	c3	10000	7ffd87277390	2b85	5f8bf3d83120	5f8bf3d98d50	5f8bf2c3c070	5c0000	5c0000	10000	9eb
7.795225	a39b3	3300b	2f90	11	8f13fa	5f8bf3d35730	24d4	10000	7ffd87277390	2b85	5f8bf3d83120	5f8bf3d98d50	5f8bf1f3c070	900000	900000	10000	bdd
7.804484	a39dd	2883b	2f90	11	d84850	5f8bf3d35730	1e12	10000	7ffd87277390	2b85	5f8bf3d83120	5f8bf3d98d50	5f8bf0cfc070	d90000	d90000	10000	513
7.816314	a39cc	250d9	2f90	11	13638fb	5f8bf3d35730	1bc9	10000	7ffd87277390	2b85	5f8bf3d83120	5f8bf3d98d50	5f8bef5bc070	1360000	1360000	10000	b0f
7.827921	a39dd	209	2f90	9	1e0260	5f8bf3d35730	29	10000	7ffd87277390	2b85	5f8bf3d83120	5f8bf3d98d50	5f8bf3b7c070	1f0000	1f0000	10000	622
7.839878	a39bf	65	2f90	6	79228f	5f8bf3d35730	9	10000	7ffd87277390	2b85	5f8bf3d83120	5f8bf3d98d50	5f8bf24bc070	7a0000	7a0000	10000	306
7.845616	15fcac8d2b24	5f8bf4316150	6838	17c30	1a0e0	5f8bf42fe520	5f8bf4318600	6838	7ffd87277388	5f8bf4316150	1a0e0	5f8bf3d98d50	5f8bf19bc070	a70000	a70000	10000	c39
7.855668	a39bc	ddcb	2f90	f	f4e281	5f8bf3d35730	b55	10000	7ffd87277390	2b85	5f8bf3d83120	5f8bf3d98d50	5f8bf05fc070	f50000	f50000	10000	21d
7.867835	a39bf	1e7	2f90	8	155005a	5f8bf3d35730	26	10000	7ffd87277390	2b85	5f8bf3d83120	5f8bf3d98d50	5f8beedfc070	1550000	1550000	10000	8b6
7.881194	a39c4	37351	2f90	11	4c4cf6	5f8bf3d35730	27ac	10000	7ffd87277390	2b85	5f8bf3d83120	5f8bf3d98d50	5f8bf30bc070	4a0000	4a0000	10000	63d
7.891968	a39bc	2140f	2f90	11	9deeda	5f8bf3d35730	1932	10000	7ffd87277390	2b85	5f8bf3d83120	5f8bf3d98d50	5f8bf1bbc070	9e0000	9e0000	10000	a62
7.902730	a3a3d	5f8bf42fc070	f6e8	11	f20d3d	5f8bf3d35730	2b85	10000	7ffd87277390	2b85	5f8bf3d83120	5f8bf3d98d50	5f8bf06fc070	f10000	f6e4	10000	0
7.912194	a39dd	25	2f90	5	13b859f	5f8bf3d35730	6	10000	7ffd87277390	2b85	5f8bf3d83120	5f8bf3d98d50	5f8bef43c070	13c0000	13c0000	10000	c49
7.925180	a39b8	c7	2f90	7	2cf04a	5f8bf3d35730	f	10000	7ffd87277390	2b85	5f8bf3d83120	5f8bf3d98d50	5f8bf37fc070	2d0000	2d0000	10000	4a7
7.933451	a39bc	1f463	2f90	10	6d4526	5f8bf3d35730	17cf	10000	7ffd87277390	2b85	5f8bf3d83120	5f8bf3d98d50	5f8bf27bc070	6e0000	6e0000	10000	92
7.939776	a3972	19e8b	2f90	10	9e246c	5f8bf3d35730	1406	10000	7ffd87277390	2b85	5f8bf3d83120	5f8bf3d98d50	5f8bf1bbc070	9e0000	9e0000	10000	a62
7.949415	a39d9	65	2f90	6	e979d9	5f8bf3d35730	9	10000	7ffd87277390	2b85	5f8bf3d83120	5f8bf3d98d50	5f8bf08bc070	ea0000	ea0000	10000	435
7.956393	15fcac8d2b24	5f8bf4330230	2f90	45d0	be40	5f8bf43038e0	5f8bf4337aa0	d070	7ffd87277388	5f8bf4330230	341c0	5f8bf3d98d50	5f8befd3c070	1190000	1190000	10000	979
7.964101	a3a2a	5f8bf42fc070	f4dc	11	1548dda	5f8bf3d35730	2b85	10000	7ffd87277390	2b85	5f8bf3d83120	5f8bf3d98d50	5f8beee3c070	1540000	f4d8	10000	0
7.977525	a39bc	abf5	2f90	f	4aa611	5f8bf3d35730	917	10000	7ffd87277390	2b85	5f8bf3d83120	5f8bf3d98d50	5f8bf307c070	4b0000	4b0000	10000	ac9
7.986874	a39bc	43	2f90	6	935876	5f8bf3d35730	7	10000	7ffd87277390	2b85	5f8bf3d83120	5f8bf3d98d50	5f8bf1e3c070	940000	940000	10000	3ff
7.997942	a39d0	1f499	2f90	10	eabe32	5f8bf3d35730	17d2	10000	7ffd87277390	2b85	5f8bf3d83120	5f8bf3d98d50	5f8bf08bc070	ea0000	ea0000	10000	435
8.008112	a39dd	23719	2f90	11	1389d23	5f8bf3d35730	1ab5	10000	7ffd87277390	2b85	5f8bf3d83120	5f8bf3d98d50	5f8bef4fc070	1390000	1390000	10000	bac
8.016617	a3a39	5f8bf42fc070	6588	11	99670	5f8bf3d35730	2b85	10000	7ffd87277390	2b85	5f8bf3d83120	5f8bf3d98d50	5f8bf417c070	70000	6584	10000	0
8.023798	a39dd	2395	2f90	d	3e572b	5f8bf3d35730	239	10000	7ffd87277390	2b85	5f8bf3d83120	5f8bf3d98d50	5f8bf337c070	3f0000	3f0000	10000	855
8.032720	a39dd	9d27	2f90	f	82018a	5f8bf3d35730	863	10000	7ffd87277390	2b85	5f8bf3d83120	5f8bf3d98d50	5f8bf227c070	830000	830000	10000	4dd
8.043089	a39b8	22061	2f90	11	d149ca	5f8bf3d35730	19b9	10000	7ffd87277390	2b85	5f8bf3d83120	5f8bf3d98d50	5f8bf0ebc070	d20000	d20000	10000	c54
8.056735	a39bc	244e7	2f90	11	138bf93	5f8bf3d35730	1b42	10000	7ffd87277390	2b85	5f8bf3d83120	5f8bf3d98d50	5f8bef4fc070	1390000	1390000	10000	bac
8.066070	a397c	5f8bf3d578c0	2f90	10	f6015	5f8bf3d35730	15ac	10000	7ffd87277390	2b85	5f8bf3d83120	5f8bf3d98d50	5f8bf3fbc070	e0000	e0000	10000	700
8.080215	a39bc	14ee5	2f90	10	78645c	5f8bf3d35730	106c	10000	7ffd87277390	2b85	5f8bf3d83120	5f8bf3d98d50	5f8bf24fc070	790000	790000	10000	b81
8.091787	a39bc	4f19	2f90	e	d0fecd	5f8bf3d35730	47f	10000	7ffd87277390	2b85	5f8bf3d83120	5f8bf3d98d50	5f8bf0efc070	d10000	d10000	10000	7c8
8.101568	a39bc	1df	2f90	8	11b2f34	5f8bf3d35730	25	10000	7ffd87277390	2b85	5f8bf3d83120	5f8bf3d98d50	5f8befc3c070	11c0000	11c0000	10000	a16
8.112703	a2f91	ffffffffd8e1364c	17add	5f8bf3d41c90	0	13a0a	126e	ffae	7ffd87277390	17add	0	1f15a6f	f8ad37faa6d4a663	126e	8000000000a4353c	986e395797493376	2b85
8.126857	a398f	2b85	2f90	10	6e8d81	5f8bf3d35730	1692	10000	7ffd87277390	2b85	5f8bf3d83120	5f8bf3d98d50	5f8bf27fc070	6d0000	6d0000	10000	90d
8.132610	a39dd	6d	2f90	6	98180a	5f8bf3d35730	a	10000	7ffd87277390	2b85	5f8bf3d83120	5f8bf3d98d50	5f8bf1cfc070	990000	990000	10000	ad
8.144186	a39cc	3311b	2f90	11	f0f000	5f8bf3d35730	24df	10000	7ffd87277390	2b85	5f8bf3d83120	5f8bf3d98d50	5f8bf073c070	f00000	f00000	10000	56f
8.156765	a39bc	16ee3	2f90	10	1503ca6	5f8bf3d35730	11d9	10000	7ffd87277390	2b85	5f8bf3d83120	5f8bf3d98d50	5f8beeefc070	1510000	1510000	10000	38d
8.168657	a3a16	fefc	fef8	11	3d5bc7	5f8bf3d35730	2b85	10000	7ffd87277390	2b85	5f8bf3d83120	5f8bf3d98d50	5f8bf34bc070	3a0000	fef4	10000	0
8.180492	a39bc	2a8b	2f90	d	958959	5f8bf3d35730	29e	10000	7ffd87277390	2b85	5f8bf3d83120	5f8bf3d98d50	5f8bf1dbc070	960000	960000	10000	10
8.194001	a39b8	6df	2f90	a	fd7a4f	5f8bf3d35730	84	10000	7ffd87277390	2b85	5f8bf3d83120	5f8bf3d98d50	5f8bf03bc070	fe0000	fe0000	10000	3f4
8.200003	a39dd	13991	2f90	10	12b3e99	5f8bf3d35730	f68	10000	7ffd87277390	2b85	5f8bf3d83120	5f8bf3d98d50	5f8bef83c070	12c0000	12c0000	10000	4ac
8.205879	a39dd	26825	2f90	11	15743b6	5f8bf3d35730	1cb1	10000	7ffd87277390	2b85	5f8bf3d83120	5f8bf3d98d50	5f8beed3c070	1580000	1580000	10000	953
8.216265	a39bc	191	2f90	8	33c11d	5f8bf3d35730	20	10000	7ffd87277390	2b85	5f8bf3d83120	5f8bf3d98d50	5f8bf363c070	340000	340000	10000	a6d
8.222369	a39bc	1c1	2f90	8	626bc8	5f8bf3d35730	22	10000	7ffd87277390	2b85	5f8bf3d83120	5f8bf3d98d50	5f8bf2a7c070	630000	630000	10000	2aa
8.231172	15fcac8d2b24	5f8bf43090e0	341c	3480	d070	5f8bf4305c60	5f8bf4312cd0	341c	7ffd87277388	5f8bf43090e0	d070	5f8bf3d98d50	5f8bf19bc070	a70000	a70000	10000	c39
8.241481	a39bc	151	2f90	8	f57791	5f8bf3d35730	1a	10000	7ffd87277390	2b85	5f8bf3d83120	5f8bf3d98d50	5f8bf05bc070	f60000	f60000	10000	6a9
8.255888	a39b8	331f9	2f90	11	16504e9	5f8bf3d35730	24ec	10000	7ffd87277390	2b85	5f8bf3d83120	5f8bf3d98d50	5f8bee9bc070	1660000	1660000	10000	7d8
8.268722	a39dd	14707	2f90	10	519a42	5f8bf3d35730	1007	10000	7ffd87277390	2b85	5f8bf3d83120	5f8bf3d98d50	5f8bf2ebc070	520000	520000	10000	388
8.277046	a39c4	21b5f	2f90	11	8f6321	5f8bf3d35730	1982	10000	7ffd87277390	2b85	5f8bf3d83120	5f8bf3d98d50	5f8bf1f7c070	8f0000	8f0000	10000	751
8.292077	a39dd	fa1	2f90	b	102742d	5f8bf3d35730	105	10000	7ffd87277390	2b85	5f8bf3d83120	5f8bf3d98d50	5f8bf027c070	1030000	1030000	10000	a2
8.306521	a39dd	f0ad	2f90	f	4a47	5f8bf3d35730	c39	10000	7ffd87277390	2b85	5f8bf3d83120	5f8bf3d98d50	5f8bf42fc070	10000	10000	10000	d07
8.316657	a39dd	42d3	2f90	e	4f51f1	5f8bf3d35730	3e8	10000	7ffd87277390	2b85	5f8bf3d83120	5f8bf3d98d50	5f8bf2f3c070	500000	500000	10000	777
8.322824	a39bc	89	2f90	7	7ec07b	5f8bf3d35730	b	10000	7ffd87277390	2b85	5f8bf3d83120	5f8bf3d98d50	5f8bf237c070	7f0000	7f0000	10000	cbb
8.336216	a3968	219fb	2f90	11	e4fc2c	5f8bf3d35730	1973	10000	7ffd87277390	2b85	5f8bf3d83120	5f8bf3d98d50	5f8bf0a3c070	e40000	e40000	10000	2fb
8.346486	a39b8	9d	2f90	7	131bcef	5f8bf3d35730	d	10000	7ffd87277390	2b85	5f8bf3d83120	5f8bf3d98d50	5f8bef6bc070	1320000	1320000	10000	5e6
8.357299	a39dd	15eb3	2f90	10	128a40	5f8bf3d35730	1120	10000	7ffd87277390	2b85	5f8bf3d83120	5f8bf3d98d50	5f8bf3e7c070	130000	130000	10000	3ae
8.369019	a39dd	189b	2f90	c	6b6654	5f8bf3d35730	197	10000	7ffd87277390	2b85	5f8bf3d83120	5f8bf3d98d50	5f8bf283c070	6c0000	6c0000	10000	481
8.378641	a39dd	148e7	2f90	10	b4205e	5f8bf3d35730	101d	10000	7ffd87277390	2b85	5f8bf3d83120	5f8bf3d98d50	5f8bf15fc070	b50000	b50000	10000	abe
8.393587	a39bc	6d	2f90	6	128b2c3	5f8bf3d35730	a	10000	7ffd87277390	2b85	5f8bf3d83120	5f8bf3d98d50	5f8bef8fc070	1290000	1290000	10000	40f
8.402362	a39a7	1dd5f	2f90	10	16ed79e	5f8bf3d35730	16de	10000	7ffd87277390	2b85	5f8bf3d83120	5f8bf3d98d50	5f8bee7fc070	16d0000	16d0000	10000	97
8.413711	a39bc	9bcb	2f90	f	528920	5f8bf3d35730	84e	10000	7ffd87277390	2b85	5f8bf3d83120	5f8bf3d98d50	5f8bf2e7c070	530000	530000	10000	814
8.428816	a39dd	43f	2f90	a	c53746	5f8bf3d35730	59	10000	7ffd87277390	2b85	5f8bf3d83120	5f8bf3d98d50	5f8bf11bc070	c60000	c60000	10000	9e0
8.442505	a39dd	65	2f90	6	12c63c0	5f8bf3d35730	9	10000	7ffd87277390	2b85	5f8bf3d83120	5f8bf3d98d50	5f8bef7fc070	12d0000	12d0000	10000	938
8.449578	a39bc	ced7	2f90	f	16214fe	5f8bf3d35730	ab0	10000	7ffd87277390	2b85	5f8bf3d83120	5f8bf3d98d50	5f8beea7c070	1630000	1630000	10000	73b
8.459505	a39b8	1f951	2f90	10	3a510b	5f8bf3d35730	1808	10000	7ffd87277390	2b85	5f8bf3d83120	5f8bf3d98d50	5f8bf347c070	3b0000	3b0000	10000	32c
8.473517	a3968	1f26d	2f90	10	a6283a	5f8bf3d35730	17b9	10000	7ffd87277390	2b85	5f8bf3d83120	5f8bf3d98d50	5f8bf19fc070	a50000	a50000	10000	321
8.484268	a39dd	1f	2f90	4	f98b81	5f8bf3d35730	5	10000	7ffd87277390	2b85	5f8bf3d83120	5f8bf3d98d50	5f8bf04bc070	fa0000	fa0000	10000	bd2
8.491045	a39b3	2635f	2f90	11	12ca6d0	5f8bf3d35730	1c83	10000	7ffd87277390	2b85	5f8bf3d83120	5f8bf3d98d50	5f8bef83c070	12c0000	12c0000	10000	4ac
8.504986	a39dd	257	2f90	9	250589	5f8bf3d35730	2f	10000	7ffd87277390	2b85	5f8bf3d83120	5f8bf3d98d50	5f8bf39bc070	260000	260000	10000	be8
8.515618	a39bc	2be07	2f90	11	77cbf0	5f8bf3d35730	203e	10000	7ffd87277390	2b85	5f8bf3d83120	5f8bf3d98d50	5f8bf253c070	780000	780000	10000	6f5
8.528777	a3a12	1111	20c0	11	de4209	5f8bf3d35730	2b85	10000	7ffd87277390	2b85	5f8bf3d83120	5f8bf3d98d50	5f8bf0bfc070	dd0000	20bc	10000	0
8.540261	a3998	2b85	2f90	11	135f800	5f8bf3d35730	1e19	10000	7ffd87277390	2b85	5f8bf3d83120	5f8bf3d98d50	5f8bef63c070	1340000	1340000	10000	1f7
8.552282	a39bc	38039	2f90	11	1c7e98	5f8bf3d35730	2839	10000	7ffd87277390	2b85	5f8bf3d83120	5f8bf3d98d50	5f8bf3bfc070	1d0000	1d0000	10000	a11
8.561794	a39cc	3bdb3	2f90	11	698bf4	5f8bf3d35730	2ab2	10000	7ffd87277390	2b85	5f8bf3d83120	5f8bf3d98d50	5f8bf297c070	670000	670000	10000	7d3
8.574830	a39dd	25	2f90	5	c96227	5f8bf3d35730	6	10000	7ffd87277390	2b85	5f8bf3d83120	5f8bf3d98d50	5f8bf10bc070	ca0000	ca0000	10000	202
8.586473	a39dd	427	2f90	a	1246339	5f8bf3d35730	58	10000	7ffd87277390	2b85	5f8bf3d83120	5f8bf3d98d50	5f8bef9fc070	1250000	1250000	10000	bed
8.592069	a39bc	3b5d9	2f90	11	14faf83	5f8bf3d35730	2a5e	10000	7ffd87277390	2b85	5f8bf3d83120	5f8bf3d98d50	5f8beef3c070	1500000	1500000	10000	c08
8.600451	a39bc	19729	2f90	10	1e3558	5f8bf3d35730	13b2	10000	7ffd87277390	2b85	5f8bf3d83120	5f8bf3d98d50	5f8bf3b7c070	1f0000	1f0000	10000	622
8.614890	a39dd	1f	2f90	4	8151e3	5f8bf3d35730	5	10000	7ffd87277390	2b85	5f8bf3d83120	5f8bf3d98d50	5f8bf22bc070	820000	820000	10000	51
8.622533	a39bc	2ec1	2f90	d	b43740	5f8bf3d35730	2db	10000	7ffd87277390	2b85	5f8bf3d83120	5f8bf3d98d50	5f8bf15fc070	b50000	b50000	10000	abe
8.633829	a39bc	95f	2f90	b	10635c5	5f8bf3d35730	ad	10000	7ffd87277390	2b85	5f8bf3d83120	5f8bf3d98d50	5f8bf017c070	1070000	1070000	10000	5cb
8.643975	a3a25	704	704	11	14dc6e4	5f8bf3d35730	2b85	10000	7ffd87277390	2b85	5f8bf3d83120	5f8bf3d98d50	5f8bef0bc070	14a0000	700	10000	0
8.650456	a397c	5f8bf3d578c0	2f90	f	5a610	5f8bf3d35730	923	10000	7ffd87277390	2b85	5f8bf3d83120	5f8bf3d98d50	5f8bf41fc070	50000	50000	10000	529
8.659771	a39dd	419	2f90	a	46dce1	5f8bf3d35730	55	10000	7ffd87277390	2b85	5f8bf3d83120	5f8bf3d98d50	5f8bf317c070	470000	470000	10000	5a0
8.665802	a39dd	25	2f90	5	6fa3f3	5f8bf3d35730	6	10000	7ffd87277390	2b85	5f8bf3d83120	5f8bf3d98d50	5f8bf273c070	700000	700000	10000	9aa
8.673841	15fcac8d2b24	5f8bf4316150	6838	14f70	1a0e0	5f8bf43011e0	5f8bf431b2c0	6838	7ffd87277388	5f8bf4316150	1a0e0	5f8bf3d98d50	5f8bf17fc070	ae0000	ae0000	10000	4f8
8.687741	a3998	2b85	2f90	10	1199708	5f8bf3d35730	17b4	10000	7ffd87277390	2b85	5f8bf3d83120	5f8bf3d98d50	5f8befcfc070	1190000	1190000	10000	979
8.702712	a39bc	679	2f90	a	1b28f0	5f8bf3d35730	7d	10000	7ffd87277390	2b85	5f8bf3d83120	5f8bf3d98d50	5f8bf3c3c070	1c0000	1c0000	10000	585
8.715890	a39bc	5e39	2f90	e	839bb2	5f8bf3d35730	549	10000	7ffd87277390	2b85	5f8bf3d83120	5f8bf3d98d50	5f8bf223c070	840000	840000	10000	969
8.724198	a39bc	3f1	2f90	9	c0c0b7	5f8bf3d35730	52	10000	7ffd87277390	2b85	5f8bf3d83120	5f8bf3d98d50	5f8bf12fc070	c10000	c10000	10000	2b
8.732112	a39dd	20039	2f90	11	f78ff8	5f8bf3d35730	1853	10000	7ffd87277390	2b85	5f8bf3d83120	5f8bf3d98d50	5f8bf053c070	f80000	f80000	10000	2ba
8.737556	a39dd	527	2f90	a	11c297d	5f8bf3d35730	69	10000	7ffd87277390	2b85	5f8bf3d83120	5f8bf3d98d50	5f8befbfc070	11d0000	11d0000	10000	19b
8.746824	a39dd	673f	2f90	e	15b8c00	5f8bf3d35730	5b8	10000	7ffd87277390	2b85	5f8bf3d83120	5f8bf3d98d50	5f8beec3c070	15c0000	15c0000	10000	175
8.755372	a39b8	1777	2f90	c	257ba3	5f8bf3d35730	17f	10000	7ffd87277390	2b85	5f8bf3d83120	5f8bf3d98d50	5f8bf39bc070	260000	260000	10000	be8
8.761339	a39bc	6d2b	2f90	e	4f8e13	5f8bf3d35730	606	10000	7ffd87277390	2b85	5f8bf3d83120	5f8bf3d98d50	5f8bf2f3c070	500000	500000	10000	777
8.771024	a39dd	4d59	2f90	e	90f1d2	5f8bf3d35730	467	10000	7ffd87277390	2b85	5f8bf3d83120	5f8bf3d98d50	5f8bf1efc070	910000	910000	10000	362
8.785380	a3a25	1b08	1b08	11	1056f6a	5f8bf3d35730	2b85	10000	7ffd87277390	2b85	5f8bf3d83120	5f8bf3d98d50	5f8bf02bc070	1020000	1b04	10000	0
8.798639	a39dd	2bd3f	2f90	11	16a790e	5f8bf3d35730	2035	10000	7ffd87277390	2b85	5f8bf3d83120	5f8bf3d98d50	5f8bee87c070	16b0000	16b0000	10000	486
8.810533	a3968	28fd3	2f90	11	565370	5f8bf3d35730	1e62	10000	7ffd87277390	2b85	5f8bf3d83120	5f8bf3d98d50	5f8bf2dfc070	550000	550000	10000	425
8.824983	a39bc	28f63	2f90	11	c204f8	5f8bf3d35730	1e5d	10000	7ffd87277390	2b85	5f8bf3d83120	5f8bf3d98d50	5f8bf127c070	c30000	c30000	10000	943
8.837529	a39bc	959	2f90	b	1242e17	5f8bf3d35730	ac	10000	7ffd87277390	2b85	5f8bf3d83120	5f8bf3d98d50	5f8bef9fc070	1250000	1250000	10000	bed
8.849045	a2939	2	5f8bd8982260	0	0	0	7b7e	7b7e	7ffd87277390	2e505	5f8bf3db1930	75888521b490	75888521ace0	21d8	2	2e505	1267a
8.859705	a39bc	f43	2f90	b	4c6506	5f8bf3d35730	ff	10000	7ffd87277390	2b85	5f8bf3d81ca0	5f8bf3d978d0	5f8bf2a41c90	4d0000	4d0000	10000	6da
8.867535	15fcac8d2b8a	5f8bf3d450ac	d07	a68	341c	5f8bf3d44644	5f8bf3d47a60	d07	7ffd87277388	5f8bf3d450ac	5f8bf3d81ca0	5f8bf3d978d0	5f8bf1b41c90	8a0000	8a0000	10000	aa3
8.878705	a39d0	89f	2f90	b	e1083e	5f8bf3d35730	a1	10000	7ffd87277390	2b85	5f8bf3d81ca0	5f8bf3d978d0	5f8bf0541c90	e10000	e10000	10000	25e
8.889528	a3972	35a3b	2f90	11	13940f7	5f8bf3d35730	26a1	10000	7ffd87277390	2b85	5f8bf3d81ca0	5f8bf3d978d0	5f8bef001c90	1360000	1360000	10000	b0f
8.899654	a39bc	af9f	2f90	f	128132	5f8bf3d35730	949	10000	7ffd87277390	2b85	5f8bf3d81ca0	5f8bf3d978d0	5f8bf38c1c90	130000	130000	10000	3ae
8.910769	a3977	5f8bf4311ca0	2f90	f	6b25d0	5f8bf3d35730	826	10000	7ffd87277390	2b85	5f8bf3d81ca0	5f8bf3d978d0	5f8bf22c1c90	6b0000	6b0000	10000	cfc
8.918165	a397c	5f8bf4311ca0	2f90	d	a60559	5f8bf3d35730	3ab	10000	7ffd87277390	2b85	5f8bf3d81ca0	5f8bf3d978d0	5f8bf1401c90	a60000	a60000	10000	7ad
8.931692	a3a25	c800	c800	11	111b7c0	5f8bf3d35730	2b85	10000	7ffd87277390	2b85	5f8bf3d81ca0	5f8bf3d978d0	5f8bef981c90	1100000	c7fc	10000	0
8.943797	a3016	ffffffffca7d7708	1ae67	1ae67	ffffffffca7dff6f	7ce7	14d6	22a56	7ffd87277390	1ae67	0	0	f9a2e7c9fdff9c94	14d6	7fffffffffbd6d83	c12105f10faa0a75	2b85
8.951639	a39dd	1a501	2f90	10	3b7ff4	5f8bf3d35730	145f	10000	7ffd87277390	2b85	5f8bf3d81ca0	5f8bf3d978d0	5f8bf2e81c90	3c0000	3c0000	10000	7b8
8.957043	a39dd	29f5d	2f90	11	66ee2e	5f8bf3d35730	1ef4	10000	7ffd87277390	2b85	5f8bf3d81ca0	5f8bf3d978d0	5f8bf23c1c90	670000	670000	10000	7d3
8.972387	a39bc	43	2f90	6	d8ff1b	5f8bf3d35730	7	10000	7ffd87277390	2b85	5f8bf3d81ca0	5f8bf3d978d0	5f8bf0741c90	d90000	d90000	10000	513
8.986098	15fcac8d2b24	5f8bf3d75e50	2f90	9c30	be40	5f8bf3d43ea0	5f8bf3d78060	d070	7ffd87277388	5f8bf3d75e50	341c0	5f8bf3d978d0	5f8beecc1c90	1440000	1440000	10000	994
8.991689	a39dd	200e1	2f90	11	16946eb	5f8bf3d35730	185a	10000	7ffd87277390	2b85	5f8bf3d81ca0	5f8bf3d978d0	5f8bee301c90	16a0000	16a0000	10000	d01
9.005207	a39dd	101	2f90	8	62cad9	5f8bf3d35730	13	10000	7ffd87277390	2b85	5f8bf3d81ca0	5f8bf3d978d0	5f8bf24c1c90	630000	630000	10000	2aa
9.011722	a3968	1eaf3	2f90	10	955682	5f8bf3d35730	1776	10000	7ffd87277390	2b85	5f8bf3d81ca0	5f8bf3d978d0	5f8bf1841c90	950000	950000	10000	88b
9.017396	a3a16	46b4	46b0	11	c490eb	5f8bf3d35730	2b85	10000	7ffd87277390	2b85	5f8bf3d81ca0	5f8bf3d978d0	5f8bf0d01c90	c20000	46ac	10000	0
9.025551	a39bc	e1cb	2f90	f	1023af8	5f8bf3d35730	b88	10000	7ffd87277390	2b85	5f8bf3d81ca0	5f8bf3d978d0	5f8befcc1c90	1030000	1030000	10000	a2
9.035421	a397c	5f8bf4311ca0	2f90	11	153c235	5f8bf3d35730	19ea	10000	7ffd87277390	2b85	5f8bf3d81ca0	5f8bf3d978d0	5f8bee901c90	1520000	1520000	10000	819
9.046426	a39bc	277	2f90	9	359443	5f8bf3d35730	34	10000	7ffd87277390	2b85	5f8bf3d81ca0	5f8bf3d978d0	5f8bf3001c90	360000	360000	10000	67e
9.055784	a3a25	34b4	34b4	11	8268f3	5f8bf3d35730	2b85	10000	7ffd87277390	2b85	5f8bf3d81ca0	5f8bf3d978d0	5f8bf1dc1c90	7f0000	34b0	10000	0
9.064669	a39bc	31931	2f90	11	c388f7	5f8bf3d35730	23ee	10000	7ffd87277390	2b85	5f8bf3d81ca0	5f8bf3d978d0	5f8bf0c81c90	c40000	c40000	10000	c8
9.074481	a39bf	a7	2f90	7	10f92eb	5f8bf3d35730	e	10000	7ffd87277390	2b85	5f8bf3d81ca0	5f8bf3d978d0	5f8bef981c90	1100000	1100000	10000	7a2
9.084016	a39dd	23b1	2f90	d	15bb837	5f8bf3d35730	23b	10000	7ffd87277390	2b85	5f8bf3d81ca0	5f8bf3d978d0	5f8bee681c90	15c0000	15c0000	10000	175
9.094957	a39dd	43	2f90	6	400b72	5f8bf3d35730	7	10000	7ffd87277390	2b85	5f8bf3d81ca0	5f8bf3d978d0	5f8bf2d41c90	410000	410000	10000	466
9.103936	a3a12	1111	4cec	11	889430	5f8bf3d35730	2b85	10000	7ffd87277390	2b85	5f8bf3d81ca0	5f8bf3d978d0	5f8bf1bc1c90	870000	4ce8	10000	0
9.114451	a39e0	25	2f90	5	dcd985	5f8bf3d35730	6	10000	7ffd87277390	2b85	5f8bf3d81ca0	5f8bf3d978d0	5f8bf0641c90	dd0000	dd0000	10000	a3c
9.126460	a39dd	59	2f90	6	13b4b9d	5f8bf3d35730	8	10000	7ffd87277390	2b85	5f8bf3d81ca0	5f8bf3d978d0	5f8beee81c90	13c0000	13c0000	10000	c49
9.135962	a39dd	17b3	2f90	c	12354a	5f8bf3d35730	183	10000	7ffd87277390	2b85	5f8bf3d81ca0	5f8bf3d978d0	5f8bf38c1c90	130000	130000	10000	3ae
9.141187	a3a3d	5f8bf3d41c90	4050	11	3ce328	5f8bf3d35730	2b85	10000	7ffd87277390	2b85	5f8bf3d81ca0	5f8bf3d978d0	5f8bf2ec1c90	3b0000	404c	10000	0
9.147335	a3968	3871d	2f90	11	6dc1ef	5f8bf3d35730	2884	10000	7ffd87277390	2b85	5f8bf3d81ca0	5f8bf3d978d0	5f8bf22c1c90	6b0000	6b0000	10000	cfc
9.152868	a39dd	25	2f90	5	9681fa	5f8bf3d35730	6	10000	7ffd87277390	2b85	5f8bf3d81ca0	5f8bf3d978d0	5f8bf17c1c90	970000	970000	10000	49c
9.158263	a3968	2942b	2f90	11	c14585	5f8bf3d35730	1e87	10000	7ffd87277390	2b85	5f8bf3d81ca0	5f8bf3d978d0	5f8bf0d41c90	c10000	c10000	10000	2b
9.165649	a39a0	5f8bf3cf5710	2f90	11	fb8d66	5f8bf3d35730	207e	10000	7ffd87277390	2b85	5f8bf3d81ca0	5f8bf3d978d0	5f8beff01c90	fa0000	fa0000	10000	bd2
9.172748	a39bc	6d0d	2f90	e	132e918	5f8bf3d35730	605	10000	7ffd87277390	2b85	5f8bf3d81ca0	5f8bf3d978d0	5f8bef0c1c90	1330000	1330000	10000	a72
9.183649	a39dd	e9	2f90	7	15c1e3	5f8bf3d35730	11	10000	7ffd87277390	2b85	5f8bf3d81ca0	5f8bf3d978d0	5f8bf3801c90	160000	160000	10000	44b
9.193837	a39bc	36499	2f90	11	65c461	5f8bf3d35730	270a	10000	7ffd87277390	2b85	5f8bf3d81ca0	5f8bf3d978d0	5f8bf2401c90	660000	660000	10000	347
9.205394	15fcac8d2b24	5f8bf3d4ed00	341c	2d60	d070	5f8bf3d4bfa0	5f8bf3d59010	341c	7ffd87277388	5f8bf3d4ed00	d070	5f8bf3d978d0	5f8bf0d41c90	c20000	c20000	10000	4b7
9.217389	a39bc	993b	2f90	f	11fba08	5f8bf3d35730	82a	10000	7ffd87277390	2b85	5f8bf3d81ca0	5f8bf3d978d0	5f8bef581c90	1200000	1200000	10000	238
9.230767	a39dd	1cd	2f90	8	17d5c0	5f8bf3d35730	23	10000	7ffd87277390	2b85	5f8bf3d81ca0	5f8bf3d978d0	5f8bf3781c90	180000	180000	10000	5c
9.245343	a39bc	c7	2f90	7	898889	5f8bf3d35730	f	10000	7ffd87277390	2b85	5f8bf3d81ca0	5f8bf3d978d0	5f8bf1b01c90	8a0000	8a0000	10000	aa3
9.251553	a3a16	b994	b990	11	bc635d	5f8bf3d35730	2b85	10000	7ffd87277390	2b85	5f8bf3d81ca0	5f8bf3d978d0	5f8bf0ec1c90	bb0000	b98c	10000	0
9.260396	a39bc	10f33	2f90	10	10013c5	5f8bf3d35730	d80	10000	7ffd87277390	2b85	5f8bf3d81ca0	5f8bf3d978d0	5f8befd41c90	1010000	1010000	10000	491
9.275458	a39bc	233dd	2f90	11	5c051	5f8bf3d35730	1a95	10000	7ffd87277390	2b85	5f8bf3d81ca0	5f8bf3d978d0	5f8bf3c01c90	60000	60000	10000	9b5
9.283533	a39dd	137	2f90	8	454760	5f8bf3d35730	17	10000	7ffd87277390	2b85	5f8bf3d81ca0	5f8bf3d978d0	5f8bf2c01c90	460000	460000	10000	114
9.298540	15fcac8d2b24	5f8bf3d75e50	2f90	5f0	be40	5f8bf3d4d4e0	5f8bf3d816a0	d070	7ffd87277388	5f8bf3d75e50	341c0	5f8bf3d978d0	5f8bf0ec1c90	bc0000	bc0000	10000	37d
9.303954	15fcac8d2b24	5f8bf3d5bd70	6838	a610	1a0e0	5f8bf3d51760	5f8bf3d6b840	6838	7ffd87277388	5f8bf3d5bd70	1a0e0	5f8bf3d978d0	5f8bf0441c90	e60000	e60000	10000	c13
9.318616	a3968	22091	2f90	11	15d5277	5f8bf3d35730	19bd	10000	7ffd87277390	2b85	5f8bf3d81ca0	5f8bf3d978d0	5f8bee681c90	15c0000	15c0000	10000	175
9.327138	a39dd	130d	2f90	c	2630c5	5f8bf3d35730	13f	10000	7ffd87277390	2b85	5f8bf3d81ca0	5f8bf3d978d0	5f8bf33c1c90	270000	270000	10000	36d
9.337134	a39bc	1127	2f90	c	730e7c	5f8bf3d35730	11f	10000	7ffd87277390	2b85	5f8bf3d81ca0	5f8bf3d978d0	5f8bf2081c90	740000	740000	10000	1cc
9.347577	a39dd	2ab	2f90	9	c59bdd	5f8bf3d35730	3a	10000	7ffd87277390	2b85	5f8bf3d81ca0	5f8bf3d978d0	5f8bf0c01c90	c60000	c60000	10000	9e0
9.354744	a39dd	31d1b	2f90	11	fba2da	5f8bf3d35730	2411	10000	7ffd87277390	2b85	5f8bf3d81ca0	5f8bf3d978d0	5f8befe81c90	fc0000	fc0000	10000	7e3
9.363016	a39dd	59	2f90	6	13e2741	5f8bf3d35730	8	10000	7ffd87277390	2b85	5f8bf3d81ca0	5f8bf3d978d0	5f8beedc1c90	13f0000	13f0000	10000	ce6
9.371254	a39dd	1c4bd	2f90	10	aede1	5f8bf3d35730	15ca	10000	7ffd87277390	2b85	5f8bf3d81ca0	5f8bf3d978d0	5f8bf3ac1c90	b0000	b0000	10000	663
9.382692	a39bc	b7b	2f90	b	6365ee	5f8bf3d35730	cc	10000	7ffd87277390	2b85	5f8bf3d81ca0	5f8bf3d978d0	5f8bf2481c90	640000	640000	10000	736
9.392626	a39bc	257	2f90	9	b1c759	5f8bf3d35730	2f	10000	7ffd87277390	2b85	5f8bf3d81ca0	5f8bf3d978d0	5f8bf1101c90	b20000	b20000	10000	a21
9.398660	a3a41	ffff	81fc	11	e03651	5f8bf3d35730	2b85	10000	7ffd87277390	2b85	5f8bf3d81ca0	5f8bf3d978d0	5f8bf0581c90	e00000	81f8	10000	0
9.404012	a3c09	5f8bf3db9bf0	7ffd87277440	0	5f8bf3cd0010	5f8bf3cd1b00	7ffd87277440	86	7ffd87277390	5f8bf3e40e50	2	1f345cf	dd9bd55327923952	5f8bf3cf42b0	c0	0	5f8bf3cd96d0
9.409677	a39e0	43f	2f90	a	136b375	5f8bf3d35730	59	10000	7ffd87277390	2b85	5f8bf3d81ca0	5f8bf3d978d0	5f8beefc1c90	1370000	1370000	10000	294
9.419260	a39dd	4729	2f90	e	f3454	5f8bf3d35730	41b	10000	7ffd87277390	2b85	5f8bf3d81ca0	5f8bf3d978d0	5f8bf3981c90	100000	100000	10000	311
9.428673	a39bc	ef27	2f90	f	59620d	5f8bf3d35730	c27	10000	7ffd87277390	2b85	5f8bf3d81ca0	5f8bf3d978d0	5f8bf2701c90	5a0000	5a0000	10000	d3
9.436850	a3968	1638b	2f90	10	9a853b	5f8bf3d35730	115d	10000	7ffd87277390	2b85	5f8bf3d81ca0	5f8bf3d978d0	5f8bf1701c90	9a0000	9a0000	10000	539
9.445627	a39dd	2800d	2f90	11	df0920	5f8bf3d35730	1dc3	10000	7ffd87277390	2b85	5f8bf3d81ca0	5f8bf3d978d0	5f8bf0581c90	e00000	e00000	10000	ad9
9.454481	a3a12	1111	c06c	11	1239088	5f8bf3d35730	2b85	10000	7ffd87277390	2b85	5f8bf3d81ca0	5f8bf3d978d0	5f8bef581c90	1200000	c068	10000	0
9.465440	a39dd	1ad49	2f90	10	4e464	5f8bf3d35730	14ca	10000	7ffd87277390	2b85	5f8bf3d81ca0	5f8bf3d978d0	5f8bf3c41c90	50000	50000	10000	529
9.479200	a39a0	5f8bf3cf5710	2f90	11	7554fa	5f8bf3d35730	28ad	10000	7ffd87277390	2b85	5f8bf3d81ca0	5f8bf3d978d0	5f8bf20c1c90	730000	730000	10000	a47
9.487671	a3a16	68b4	68b0	11	b74c2f	5f8bf3d35730	2b85	10000	7ffd87277390	2b85	5f8bf3d81ca0	5f8bf3d978d0	5f8bf1041c90	b50000	68ac	10000	0
9.499364	a39bc	25	2f90	5	1123674	5f8bf3d35730	6	10000	7ffd87277390	2b85	5f8bf3d81ca0	5f8bf3d978d0	5f8bef8c1c90	1130000	1130000	10000	83f
9.511533	b423f	329bceb57f2d5214	2b319	0	f6f8	ffffffffffa0faf5	802b1600bff9f6ec	12bf	7ffd87277388	2b319	5f050a	0	f9a2e7c9fdff9c94	1fd3	7fffffffffa0faf5	7fd4e9ff40060914	2b85
9.525158	a39bc	c25	2f90	b	6b5c3c	5f8bf3d35730	d6	10000	7ffd87277390	2b85	5f8bf3d81ca0	5f8bf3d978d0	5f8bf2281c90	6c0000	6c0000	10000	481
9.538439	a39dd	2ab	2f90	9	d57e86	5f8bf3d35730	3a	10000	7ffd87277390	2b85	5f8bf3d81ca0	5f8bf3d978d0	5f8bf0801c90	d60000	d60000	10000	476
9.545964	a3964	9a1b	2f90	f	111875e	5f8bf3d35730	838	10000	7ffd87277390	2b85	5f8bf3d81ca0	5f8bf3d978d0	5f8bef941c90	1110000	1110000	10000	c2e
9.561024	a39dd	1eb	2f90	8	178215	5f8bf3d35730	27	10000	7ffd87277390	2b85	5f8bf3d81ca0	5f8bf3d978d0	5f8bf3781c90	180000	180000	10000	5c
9.571923	a39dd	1cdc3	2f90	10	6c6a1f	5f8bf3d35730	1627	10000	7ffd87277390	2b85	5f8bf3d81ca0	5f8bf3d978d0	5f8bf2241c90	6d0000	6d0000	10000	90d
9.578867	a39bc	1854d	2f90	10	a37421	5f8bf3d35730	12e6	10000	7ffd87277390	2b85	5f8bf3d81ca0	5f8bf3d978d0	5f8bf1481c90	a40000	a40000	10000	b9c
9.589223	a39dd	10f	2f90	8	f599d5	5f8bf3d35730	14	10000	7ffd87277390	2b85	5f8bf3d81ca0	5f8bf3d978d0	5f8bf0001c90	f60000	f60000	10000	6a9
9.598519	a3922	5f8bf3d484c8	1a0e	0	6838	5f8bf3d484c8	5f8bf3d4ed00	1a0e	7ffd87277390	5f8bf3d484c8	5f8bf3d81ca0	5f8bf3d978d0	5f8beee41c90	13e0000	13e0000	10000	85a
9.610148	a39dd	2b123	2f90	11	2597d1	5f8bf3d35730	1fb8	10000	7ffd87277390	2b85	5f8bf3d81ca0	5f8bf3d978d0	5f8bf3401c90	260000	260000	10000	be8
9.615912	15fcac8d310a	0	1	1ba8	5f8bf4b86d90	0	5f8bf4b90000	86	7ffd87277388	0	5f8bf4b86d90	5f8bf4702950	75888521ace0	8000000000000000	5f8bf3d41c90	86	ae14
9.622530	a39bc	33061	2f90	11	880853	5f8bf3d35730	24d8	10000	7ffd87277390	2b85	5f8bf3d81ca0	5f8bf3d978d0	5f8bf1b41c90	890000	890000	10000	617
9.636635	a39dd	c24b	2f90	f	f85183	5f8bf3d35730	a20	10000	7ffd87277390	2b85	5f8bf3d81ca0	5f8bf3d978d0	5f8beff41c90	f90000	f90000	10000	746
9.645532	a397c	5f8bf4311ca0	2f90	11	13f1218	5f8bf3d35730	29d7	10000	7ffd87277390	2b85	5f8bf3d81ca0	5f8bf3d978d0	5f8beee01c90	13e0000	13e0000	10000	85a
9.660160	a39bc	2f713	2f90	11	3db611	5f8bf3d35730	228d	10000	7ffd87277390	2b85	5f8bf3d81ca0	5f8bf3d978d0	5f8bf2e01c90	3e0000	3e0000	10000	3c9
9.666255	a39dd	10f	2f90	8	6e7fd2	5f8bf3d35730	14	10000	7ffd87277390	2b85	5f8bf3d81ca0	5f8bf3d978d0	5f8bf21c1c90	6f0000	6f0000	10000	51e
9.675011	15fcac7d46df	ffffffffffffffa0	20	0	0	5f8bf3cd0010	75888521ac80	5f8bf3e40e40	7ffd87277200	5f8bf3cf2740	14	5c	dd9bd55327923952	75888521ac80	0	5f8bf3e40e50	7ffd87277328
9.683623	a39dd	c7	2f90	7	f4d0bd	5f8bf3d35730	f	10000	7ffd87277390	2b85	5f8bf3d81ca0	5f8bf3d978d0	5f8bf0041c90	f50000	f50000	10000	21d
9.688975	a397c	5f8bf4311ca0	2f90	10	11f163f	5f8bf3d35730	1829	10000	7ffd87277390	2b85	5f8bf3d81ca0	5f8bf3d978d0	5f8bef601c90	11e0000	11e0000	10000	627
9.699158	a39dd	8e9	2f90	b	16d6ee7	5f8bf3d35730	a4	10000	7ffd87277390	2b85	5f8bf3d81ca0	5f8bf3d978d0	5f8bee201c90	16e0000	16e0000	10000	523
9.704645	a39b8	fef5	2f90	f	250d18	5f8bf3d35730	cd8	10000	7ffd87277390	2b85	5f8bf3d81ca0	5f8bf3d978d0	5f8bf3401c90	260000	260000	10000	be8
9.713977	a39bc	8461	2f90	f	6f43ed	5f8bf3d35730	731	10000	7ffd87277390	2b85	5f8bf3d81ca0	5f8bf3d978d0	5f8bf2181c90	700000	700000	10000	9aa
9.719856	a39bc	239	2f90	9	9e4051	5f8bf3d35730	2b	10000	7ffd87277390	2b85	5f8bf3d81ca0	5f8bf3d978d0	5f8bf15c1c90	9f0000	9f0000	10000	1e7
9.727579	a39bc	157d	2f90	c	dbd7bc	5f8bf3d35730	15f	10000	7ffd87277390	2b85	5f8bf3d81ca0	5f8bf3d978d0	5f8bf0681c90	dc0000	dc0000	10000	5b0
9.742748	a39c4	246b5	2f90	11	1556613	5f8bf3d35730	1b54	10000	7ffd87277390	2b85	5f8bf3d81ca0	5f8bf3d978d0	5f8bee841c90	1550000	1550000	10000	8b6
9.755333	a39bc	89	2f90	7	452cee	5f8bf3d35730	b	10000	7ffd87277390	2b85	5f8bf3d81ca0	5f8bf3d978d0	5f8bf2c01c90	460000	460000	10000	114
9.761790	a39dd	b8af	2f90	f	77569b	5f8bf3d35730	9a9	10000	7ffd87277390	2b85	5f8bf3d81ca0	5f8bf3d978d0	5f8bf1f81c90	780000	780000	10000	6f5
9.770866	a39dd	7cd	2f90	a	b7fe7e	5f8bf3d35730	97	10000	7ffd87277390	2b85	5f8bf3d81ca0	5f8bf3d978d0	5f8bf0f81c90	b80000	b80000	10000	b5b
9.778785	a39dd	3095	2f90	d	f1f99b	5f8bf3d35730	2f1	10000	7ffd87277390	2b85	5f8bf3d81ca0	5f8bf3d978d0	5f8bf0101c90	f20000	f20000	10000	180
9.791002	a39bc	445	2f90	a	14e7256	5f8bf3d35730	5a	10000	7ffd87277390	2b85	5f8bf3d81ca0	5f8bf3d978d0	5f8bee9c1c90	14f0000	14f0000	10000	77c
9.800606	a397c	5f8bf4311ca0	2f90	10	276640	5f8bf3d35730	124b	10000	7ffd87277390	2b85	5f8bf3d81ca0	5f8bf3d978d0	5f8bf33c1c90	270000	270000	10000	36d
9.807328	a3a3d	5f8bf3d41c90	5520	11	5b1cdd	5f8bf3d35730	2b85	10000	7ffd87277390	2b85	5f8bf3d81ca0	5f8bf3d978d0	5f8bf26c1c90	5b0000	551c	10000	0
9.822467	a398f	2b85	2f90	11	d41497	5f8bf3d35730	202a	10000	7ffd87277390	2b85	5f8bf3d81ca0	5f8bf3d978d0	5f8bf08c1c90	d30000	d30000	10000	3d9
9.835197	a39dd	c6a9	2f90	f	138cb23	5f8bf3d35730	a52	10000	7ffd87277390	2b85	5f8bf3d81ca0	5f8bf3d978d0	5f8beef41c90	1390000	1390000	10000	bac
9.842362	a3021	ffffffffffffff90	2ce9	2ce9	ffffffffffffd748	1090	2bc	2ecd	7ffd87277390	2ce9	0	1f345cf	f9a2e7c9fdff9c94	2bc	7fffffffff421632	17cfba6628fcd383	2b85
9.853218	a39bf	1777	2f90	c	52fde4	5f8bf3d35730	17f	10000	7ffd87277390	2b85	5f8bf3d81ca0	5f8bf3d978d0	5f8bf28c1c90	530000	530000	10000	814
9.866637	a39c4	2f9cf	2f90	11	b89148	5f8bf3d35730	22a5	10000	7ffd87277390	2b85	5f8bf3d81ca0	5f8bf3d978d0	5f8bf0f81c90	b80000	b80000	10000	b5b
9.875738	a39dd	25829	2f90	11	f9d053	5f8bf3d35730	1c17	10000	7ffd87277390	2b85	5f8bf3d81ca0	5f8bf3d978d0	5f8beff01c90	fa0000	fa0000	10000	bd2
9.881103	a39dd	1f	2f90	4	1245da3	5f8bf3d35730	5	10000	7ffd87277390	2b85	5f8bf3d81ca0	5f8bf3d978d0	5f8bef441c90	1250000	1250000	10000	bed
9.894852	a39bc	2b3cd	2f90	11	1c033f	5f8bf3d35730	1fda	10000	7ffd87277390	2b85	5f8bf3d81ca0	5f8bf3d978d0	5f8bf3641c90	1d0000	1d0000	10000	a11
9.905399	a397c	5f8bf4311ca0	2f90	11	7268ec	5f8bf3d35730	2070	10000	7ffd87277390	2b85	5f8bf3d81ca0	5f8bf3d978d0	5f8bf2141c90	710000	710000	10000	12f
9.911907	a39dd	949	2f90	b	a4b46f	5f8bf3d35730	aa	10000	7ffd87277390	2b85	5f8bf3d81ca0	5f8bf3d978d0	5f8bf1441c90	a50000	a50000	10000	321
9.917861	a39dd	1a5	2f90	8	d3284a	5f8bf3d35730	21	10000	7ffd87277390	2b85	5f8bf3d81ca0	5f8bf3d978d0	5f8bf0881c90	d40000	d40000	10000	865
9.931017	a39bc	4e4f	2f90	e	13b97af	5f8bf3d35730	472	10000	7ffd87277390	2b85	5f8bf3d81ca0	5f8bf3d978d0	5f8beee81c90	13c0000	13c0000	10000	c49
9.939549	a39dd	2e53d	2f90	11	46762	5f8bf3d35730	21da	10000	7ffd87277390	2b85	5f8bf3d81ca0	5f8bf3d978d0	5f8bf3c41c90	50000	50000	10000	529
9.950084	a39dd	37c6d	2f90	11	565f3f	5f8bf3d35730	280d	10000	7ffd87277390	2b85	5f8bf3d81ca0	5f8bf3d978d0	5f8bf27c1c90	570000	570000	10000	36
9.956015	a39bc	188b9	2f90	10	84ae22	5f8bf3d35730	1307	10000	7ffd87277390	2b85	5f8bf3d81ca0	5f8bf3d978d0	5f8bf1c41c90	850000	850000	10000	ee
9.964691	a3968	32605	2f90	11	cb33e0	5f8bf3d35730	246b	10000	7ffd87277390	2b85	5f8bf3d81ca0	5f8bf3d978d0	5f8bf0b01c90	ca0000	ca0000	10000	202
9.972558	a3a41	ffff	4444	11	10c1309	5f8bf3d35730	2b85	10000	7ffd87277390	2b85	5f8bf3d81ca0	5f8bf3d978d0	5f8befb41c90	1090000	4440	10000	0
9.980062	a39cc	1fae9	2f90	10	143e23f	5f8bf3d35730	181d	10000	7ffd87277390	2b85	5f8bf3d81ca0	5f8bf3d978d0	5f8beecc1c90	1430000	1430000	10000	508
9.989452	a39b8	2ff93	2f90	11	195f82	5f8bf3d35730	22dd	10000	7ffd87277390	2b85	5f8bf3d81ca0	5f8bf3d978d0	5f8bf3701c90	1a0000	1a0000	10000	974
10.004155	a39bc	22711	2f90	11	8d1e73	5f8bf3d35730	1a0b	10000	7ffd87277390	2b85	5f8bf3d81ca0	5f8bf3d978d0	5f8bf1a01c90	8e0000	8e0000	10000	2c5
10.013022	a39dd	1ac69	2f90	10	d31ca1	5f8bf3d35730	14c1	10000	7ffd87277390	2b85	5f8bf3d81ca0	5f8bf3d978d0	5f8bf0881c90	d40000	d40000	10000	865
10.021050	a39bc	239	2f90	9	111ad2f	5f8bf3d35730	2b	10000	7ffd87277390	2b85	5f8bf3d81ca0	5f8bf3d978d0	5f8bef901c90	1120000	1120000	10000	3b3
10.027865	a39bc	199ff	2f90	10	14560c7	5f8bf3d35730	13d7	10000	7ffd87277390	2b85	5f8bf3d81ca0	5f8bf3d978d0	5f8beec01c90	1460000	1460000	10000	5a5
10.038049	15fcac8d2b8a	5f8bf3d484c8	1a0e	19c0	6838	5f8bf3d46b08	5f8bf3d4d340	1a0e	7ffd87277388	5f8bf3d484c8	5f8bf3d81ca0	5f8bf3d978d0	5f8bf3481c90	250000	250000	10000	75c
10.051251	a3a25	cc0	cc0	11	8c0070	5f8bf3d35730	2b85	10000	7ffd87277390	2b85	5f8bf3d81ca0	5f8bf3d978d0	5f8bf1ac1c90	8b0000	cbc	10000	0
10.062243	a39dd	1ace1	2f90	10	e0b592	5f8bf3d35730	14c5	10000	7ffd87277390	2b85	5f8bf3d81ca0	5f8bf3d978d0	5f8bf0541c90	e10000	e10000	10000	25e
10.076569	a39bc	23d3d	2f90	11	15231c5	5f8bf3d35730	1afb	10000	7ffd87277390	2b85	5f8bf3d81ca0	5f8bf3d978d0	5f8bee8c1c90	1530000	1530000	10000	ca5
10.087342	a3a3d	5f8bf3d41c90	76d0	11	34ddd9	5f8bf3d35730	2b85	10000	7ffd87277390	2b85	5f8bf3d81ca0	5f8bf3d978d0	5f8bf30c1c90	330000	76cc	10000	0
10.095405	a3968	2aa27	2f90	11	72de02	5f8bf3d35730	1f67	10000	7ffd87277390	2b85	5f8bf3d81ca0	5f8bf3d978d0	5f8bf2101c90	720000	720000	10000	5bb
10.101922	a39bc	34519	2f90	11	a555c3	5f8bf3d35730	25b4	10000	7ffd87277390	2b85	5f8bf3d81ca0	5f8bf3d978d0	5f8bf1401c90	a60000	a60000	10000	7ad
10.107214	a39d0	26833	2f90	11	d0cc60	5f8bf3d35730	1cb3	10000	7ffd87277390	2b85	5f8bf3d81ca0	5f8bf3d978d0	5f8bf0981c90	d00000	d00000	10000	33c
10.117996	a39dd	5fb	2f90	a	124a34e	5f8bf3d35730	73	10000	7ffd87277390	2b85	5f8bf3d81ca0	5f8bf3d978d0	5f8bef441c90	1250000	1250000	10000	bed
10.124355	a39d9	60d	2f90	a	154851f	5f8bf3d35730	74	10000	7ffd87277390	2b85	5f8bf3d81ca0	5f8bf3d978d0	5f8bee841c90	1550000	1550000	10000	8b6
10.133436	6eb9a	5f8bf433f490	2	3c	5f8bf4cd9930	5f8bd89865b8	7ffd87277258	0	7ffd87277250	3c	4	14c	dd9bd55327923952	5f8bf4cd9990	0	14c	5f8bf4cd9840
10.140991	a39af	193e1	2f90	10	5f8bf3d81ca0	5f8bf3d35730	1381	10000	7ffd87277390	2b85	5f8bf3d81ca0	5f8bf3d978d0	5f8bf2441c90	650000	650000	10000	bc2
10.152644	a39dd	1c0fd	2f90	10	c1b76d	5f8bf3d35730	1599	10000	7ffd87277390	2b85	5f8bf3d81ca0	5f8bf3d978d0	5f8bf0d01c90	c20000	c20000	10000	4b7
10.164191	a39bc	59	2f90	6	11d2aa7	5f8bf3d35730	8	10000	7ffd87277390	2b85	5f8bf3d81ca0	5f8bf3d978d0	5f8bef601c90	11e0000	11e0000	10000	627
10.172822	a39dd	97	2f90	7	161b736	5f8bf3d35730	c	10000	7ffd87277390	2b85	5f8bf3d81ca0	5f8bf3d978d0	5f8bee501c90	1620000	1620000	10000	2af
10.178537	a39dd	221bd	2f90	11	1acad0	5f8bf3d35730	19c9	10000	7ffd87277390	2b85	5f8bf3d81ca0	5f8bf3d978d0	5f8bf36c1c90	1b0000	1b0000	10000	f9
10.193648	a39bc	a0c9	2f90	f	92c6e6	5f8bf3d35730	88d	10000	7ffd87277390	2b85	5f8bf3d81ca0	5f8bf3d978d0	5f8bf18c1c90	930000	930000	10000	c7a
10.200904	a39b8	97	2f90	7	cac20d	5f8bf3d35730	c	10000	7ffd87277390	2b85	5f8bf3d81ca0	5f8bf3d978d0	5f8bf0ac1c90	cb0000	cb0000	10000	68e
10.207701	a39bc	15625	2f90	10	1001948	5f8bf3d35730	10c1	10000	7ffd87277390	2b85	5f8bf3d81ca0	5f8bf3d978d0	5f8befd41c90	1010000	1010000	10000	491
10.215941	a39bc	20a3b	2f90	11	1425bc3	5f8bf3d35730	18c2	10000	7ffd87277390	2b85	5f8bf3d81ca0	5f8bf3d978d0	5f8beecc1c90	1430000	1430000	10000	508
10.221271	a3968	1e7ed	2f90	10	16b949f	5f8bf3d35730	1755	10000	7ffd87277390	2b85	5f8bf3d81ca0	5f8bf3d978d0	5f8bee2c1c90	16b0000	16b0000	10000	486
10.233852	a39dd	dfab	2f90	f	59ecb2	5f8bf3d35730	b6d	10000	7ffd87277390	2b85	5f8bf3d81ca0	5f8bf3d978d0	5f8bf2701c90	5a0000	5a0000	10000	d3
10.239735	a39bc	7771	2f90	e	86c05c	5f8bf3d35730	68b	10000	7ffd87277390	2b85	5f8bf3d81ca0	5f8bf3d978d0	5f8bf1bc1c90	870000	870000	10000	a06
10.251172	a39bc	23c5	2f90	d	df3456	5f8bf3d35730	23d	10000	7ffd87277390	2b85	5f8bf3d81ca0	5f8bf3d978d0	5f8bf0581c90	e00000	e00000	10000	ad9
10.262356	a39bc	1f	2f90	4	13801eb	5f8bf3d35730	5	10000	7ffd87277390	2b85	341c0	5f8bf3d978d0	5f8beef41c90	1390000	1390000	10000	bac
10.271598	a39dd	293	2f90	9	fd79e	5f8bf3d35730	37	10000	7ffd87277390	2b85	5f8bf3d81ca0	5f8bf3d978d0	5f8bf3981c90	100000	100000	10000	311
10.285119	a39dd	3ae8b	2f90	11	7a7f65	5f8bf3d35730	2a16	10000	7ffd87277390	2b85	5f8bf3d81ca0	5f8bf3d978d0	5f8bf1ec1c90	7b0000	7b0000	10000	792
10.292200	a39bc	10f	2f90	8	b3cbcc	5f8bf3d35730	14	10000	7ffd87277390	2b85	5f8bf3d81ca0	5f8bf3d978d0	5f8bf1081c90	b40000	b40000	10000	632
10.302510	a397c	5f8bf4311ca0	2f90	11	10757d0	5f8bf3d35730	2526	10000	7ffd87277390	2b85	5f8bf3d81ca0	5f8bf3d978d0	5f8befc01c90	1060000	1060000	10000	13f
10.316939	a39bc	101	2f90	8	64533	5f8bf3d35730	13	10000	7ffd87277390	2b85	5f8bf3d81ca0	5f8bf3d978d0	5f8bf3bc1c90	70000	70000	10000	13a
10.324847	a39bc	19867	2f90	10	45934b	5f8bf3d35730	13bf	10000	7ffd87277390	2b85	5f8bf3d81ca0	5f8bf3d978d0	5f8bf2c01c90	460000	460000	10000	114
10.336378	a39dd	c7	2f90	7	a18a66	5f8bf3d35730	f	10000	7ffd87277390	2b85	5f8bf3d81ca0	5f8bf3d978d0	5f8bf1501c90	a20000	a20000	10000	284
10.348934	a39bc	1bc5	2f90	c	10301a3	5f8bf3d35730	1c7	10000	7ffd87277390	2b85	5f8bf3d81ca0	5f8bf3d978d0	5f8befc81c90	1040000	1040000	10000	52e
10.358293	a3a41	ffff	6b18	11	151ae26	5f8bf3d35730	2b85	10000	7ffd87277390	2b85	5f8bf3d81ca0	5f8bf3d978d0	5f8beea01c90	14e0000	6b14	10000	0
10.373462	a39dd	25	2f90	5	541c61	5f8bf3d35730	6	10000	7ffd87277390	2b85	5f8bf3d81ca0	5f8bf3d978d0	5f8bf2841c90	550000	550000	10000	425
10.385865	a39dd	fb3	2f90	b	b688d4	5f8bf3d35730	106	10000	7ffd87277390	2b85	5f8bf3d81ca0	5f8bf3d978d0	5f8bf0fc1c90	b70000	b70000	10000	6cf
10.391414	a3972	1556b	2f90	10	e13e28	5f8bf3d35730	10b8	10000	7ffd87277390	2b85	5f8bf3d81ca0	5f8bf3d978d0	5f8bf0541c90	e10000	e10000	10000	25e
10.397266	a39dd	17f	2f90	8	10d8ebc	5f8bf3d35730	1e	10000	7ffd87277390	2b85	5f8bf3d81ca0	5f8bf3d978d0	5f8befa01c90	10e0000	10e0000	10000	b91
10.407662	a39bc	32909	2f90	11	15ec354	5f8bf3d35730	2487	10000	7ffd87277390	2b85	5f8bf3d81ca0	5f8bf3d978d0	5f8bee5c1c90	15f0000	15f0000	10000	212
10.413552	a39dd	a1e3	2f90	f	1ac56f	5f8bf3d35730	89b	10000	7ffd87277390	2b85	5f8bf3d81ca0	5f8bf3d978d0	5f8bf36c1c90	1b0000	1b0000	10000	f9
10.423001	a39dd	1f	2f90	4	65035d	5f8bf3d35730	5	10000	7ffd87277390	2b85	5f8bf3d81ca0	5f8bf3d978d0	5f8bf2401c90	660000	660000	10000	347
10.433068	a39dd	22a93	2f90	11	b4ed40	5f8bf3d35730	1a35	10000	7ffd87277390	2b85	5f8bf3d81ca0	5f8bf3d978d0	5f8bf1041c90	b50000	b50000	10000	abe
10.446202	a39d0	154ab	2f90	10	11e0993	5f8bf3d35730	10af	10000	7ffd87277390	2b85	5f8bf3d81ca0	5f8bf3d978d0	5f8bef601c90	11e0000	11e0000	10000	627
10.457950	a39dd	1091	2f90	c	6bca2	5f8bf3d35730	112	10000	7ffd87277390	2b85	5f8bf3d81ca0	5f8bf3d978d0	5f8bf3bc1c90	70000	70000	10000	13a
10.465418	a39bc	184eb	2f90	10	416398	5f8bf3d35730	12e1	10000	7ffd87277390	2b85	5f8bf3d81ca0	5f8bf3d978d0	5f8bf2d01c90	420000	420000	10000	8f2
10.477409	a39dd	2b357	2f90	11	a08b4f	5f8bf3d35730	1fd5	10000	7ffd87277390	2b85	5f8bf3d81ca0	5f8bf3d978d0	5f8bf1541c90	a10000	a10000	10000	aff
10.485706	a39bc	169f1	2f90	10	e0ea17	5f8bf3d35730	11a2	10000	7ffd87277390	2b85	5f8bf3d81ca0	5f8bf3d978d0	5f8bf0541c90	e10000	e10000	10000	25e
10.491202	a39dd	23225	2f90	11	10ca64e	5f8bf3d35730	1a84	10000	7ffd87277390	2b85	5f8bf3d81ca0	5f8bf3d978d0	5f8befa41c90	10d0000	10d0000	10000	705
10.503057	a39bc	1f369	2f90	10	16a8cfb	5f8bf3d35730	17c6	10000	7ffd87277390	2b85	5f8bf3d81ca0	5f8bf3d978d0	5f8bee2c1c90	16b0000	16b0000	10000	486
10.513822	a39bc	1d8bb	2f90	10	4ef6bc	5f8bf3d35730	16a5	10000	7ffd87277390	2b85	5f8bf3d81ca0	5f8bf3d978d0	5f8bf29c1c90	4f0000	4f0000	10000	2eb
10.523138	a39dd	160b1	2f90	10	9934c0	5f8bf3d35730	113a	10000	7ffd87277390	2b85	5f8bf3d81ca0	5f8bf3d978d0	5f8bf1701c90	9a0000	9a0000	10000	539
10.537915	a39dd	25	2f90	5	10d0bce	5f8bf3d35730	6	10000	7ffd87277390	2b85	5f8bf3d81ca0	5f8bf3d978d0	5f8befa01c90	10e0000	10e0000	10000	b91
10.550221	15fcac7d3806	75888521ace0	5f8bf488d0c0	211	1	0	75888521ac80	20	7ffd87277280	5f8e0b5b46cd	5f8bf3e40e40	210	dd9bd55327923952	75888521ac90	75888521ac80	5f8bf488d0e0	5f8bf488d
10.558053	a39d9	f373	2f90	f	398163	5f8bf3d35730	c56	10000	7ffd87277390	2b85	5f8bf3d81ca0	5f8bf3d978d0	5f8bf2f01c90	3a0000	3a0000	10000	ba7
10.569063	a39bf	65	2f90	6	8fbf17	5f8bf3d35730	9	10000	7ffd87277390	2b85	5f8bf3d81ca0	5f8bf3d978d0	5f8bf1981c90	900000	900000	10000	bdd
10.578074	a3a2a	5f8bf3d41c90	2d54	11	d598d1	5f8bf3d35730	2b85	10000	7ffd87277390	2b85	5f8bf3d81ca0	5f8bf3d978d0	5f8bf0881c90	d40000	2d50	10000	0
10.586386	a39dd	44f	2f90	a	1152e61	5f8bf3d35730	5b	10000	7ffd87277390	2b85	5f8bf3d81ca0	5f8bf3d978d0	5f8bef801c90	1160000	1160000	10000	8dc
10.598015	a39bc	17375	2f90	10	16463b8	5f8bf3d35730	1214	10000	7ffd87277390	2b85	5f8bf3d81ca0	5f8bf3d978d0	5f8bee441c90	1650000	1650000	10000	34c
10.603489	a3a46	1111	e494	11	1d0a13	5f8bf3d35730	2b85	10000	7ffd87277390	2b85	5f8bf3d81ca0	5f8bf3d978d0	5f8bf36c1c90	1b0000	e490	10000	0
10.608714	a3a3d	5f8bf3d41c90	9728	11	432f45	5f8bf3d35730	2b85	10000	7ffd87277390	2b85	5f8bf3d81ca0	5f8bf3d978d0	5f8bf2d01c90	420000	9724	10000	0
10.623107	a39d9	59	2f90	6	b558c2	5f8bf3d35730	8	10000	7ffd87277390	2b85	5f8bf3d81ca0	5f8bf3d978d0	5f8bf1001c90	b60000	b60000	10000	243
10.634929	a39bc	2a94d	2f90	11	11196eb	5f8bf3d35730	1f5c	10000	7ffd87277390	2b85	5f8bf3d81ca0	5f8bf3d978d0	5f8bef901c90	1120000	1120000	10000	3b3
10.649229	a39bc	2c135	2f90	11	97cb2	5f8bf3d35730	205e	10000	7ffd87277390	2b85	5f8bf3d81ca0	5f8bf3d978d0	5f8bf3b01c90	a0000	a0000	10000	1d7
10.658150	a4378	2b85	5f8bf3cda7b0	5f8bf43278d0	141e5	0	0	5f8bf4d8a590	7ffd87277390	2cec7	20e6	5f8bf3cd40c0	dd9bd55327923952	2b85	4	20e7	16
10.668981	a397e	5f8bf4311ca0	2f90	f	a25b09	5f8bf3d35730	a6b	10000	7ffd87277390	2b85	5f8bf3d81ca0	5f8bf3d978d0	5f8bf1501c90	a20000	a20000	10000	284
10.680408	a39bc	6ad	2f90	a	f70993	5f8bf3d35730	80	10000	7ffd87277390	2b85	5f8bf3d81ca0	5f8bf3d978d0	5f8beff81c90	f80000	f80000	10000	2ba
10.690208	a39dd	133	2f90	8	14307dc	5f8bf3d35730	16	10000	7ffd87277390	2b85	5f8bf3d81ca0	5f8bf3d978d0	5f8beec81c90	1440000	1440000	10000	994
10.700121	a39dd	9d	2f90	7	1d27d7	5f8bf3d35730	d	10000	7ffd87277390	2b85	5f8bf3d81ca0	5f8bf3d978d0	5f8bf3601c90	1e0000	1e0000	10000	196
10.710893	15fcac8d2b24	5f8bf3d75e50	2f90	57f0	be40	5f8bf3d482e0	5f8bf3d7c4a0	d070	7ffd87277388	5f8bf3d75e50	341c0	b	dd9bd55327923952	710000	710000	10000	12f
10.718574	a39dd	34f1b	2f90	11	abac5e	5f8bf3d35730	2622	10000	7ffd87277390	2b85	5f8bf3d81ca0	5f8bf3d978d0	5f8bf1281c90	ac0000	ac0000	10000	8e7
10.725059	a39dd	1960f	2f90	10	df96fe	5f8bf3d35730	139e	10000	7ffd87277390	2b85	5f8bf3d81ca0	5f8bf3d978d0	5f8bf0581c90	e00000	e00000	10000	ad9
10.734370	a39bc	358b1	2f90	11	129e69a	5f8bf3d35730	2689	10000	7ffd87277390	2b85	5f8bf3d81ca0	5f8bf3d978d0	5f8bef301c90	12a0000	12a0000	10000	89b
10.740252	a39bc	142f	2f90	c	157f10b	5f8bf3d35730	14e	10000	7ffd87277390	2b85	5f8bf3d81ca0	5f8bf3d978d0	5f8bee781c90	1580000	1580000	10000	953
10.749071	a3968	2578f	2f90	11	2c60d3	5f8bf3d35730	1c0e	10000	7ffd87277390	2b85	5f8bf3d81ca0	5f8bf3d978d0	5f8bf32c1c90	2b0000	2b0000	10000	896
10.755582	a39dd	2e001	2f90	11	5dc2f3	5f8bf3d35730	21a1	10000	7ffd87277390	2b85	5f8bf3d81ca0	5f8bf3d978d0	5f8bf2601c90	5e0000	5e0000	10000	5fc
10.765547	a39bc	2a8b	2f90	d	ab3892	5f8bf3d35730	29e	10000	7ffd87277390	2b85	5f8bf3d81ca0	5f8bf3d978d0	5f8bf1281c90	ac0000	ac0000	10000	8e7
10.771208	a39bc	14b79	2f90	10	d771b2	5f8bf3d35730	1043	10000	7ffd87277390	2b85	5f8bf3d81ca0	5f8bf3d978d0	5f8bf0781c90	d80000	d80000	10000	87
10.777432	a39bc	28fb7	2f90	11	10897ed	5f8bf3d35730	1e5f	10000	7ffd87277390	2b85	5f8bf3d81ca0	5f8bf3d978d0	5f8befb41c90	1090000	1090000	10000	1dc
10.790170	a39dd	1df	2f90	8	16d227b	5f8bf3d35730	25	10000	7ffd87277390	2b85	5f8bf3d81ca0	5f8bf3d978d0	5f8bee201c90	16e0000	16e0000	10000	523
10.799040	a39dd	c7	2f90	7	40629c	5f8bf3d35730	f	10000	7ffd87277390	2b85	5f8bf3d81ca0	5f8bf3d978d0	5f8bf2d41c90	410000	410000	10000	466
10.805269	a4421	2b85	5f8bf3cda7b0	5f8bf43278d0	6a60	0	0	5f8bf4e14660	7ffd87277390	9145	7d4	5f8bf3cd1b00	dd9bd55327923952	2b85	44	7d5	53
10.814594	a3a46	1111	95f8	11	ba31ff	5f8bf3d35730	2b85	10000	7ffd87277390	2b85	5f8bf3d81ca0	5f8bf3d978d0	5f8bf0fc1c90	b70000	95f4	10000	0
10.824951	a39e5	5c0f	2f90	e	1090d03	5f8bf3d35730	52a	10000	7ffd87277390	2b85	5f8bf3d81ca0	5f8bf3d978d0	5f8befb41c90	1090000	1090000	10000	1dc
10.838626	a39dd	223	2f90	9	24d9e	5f8bf3d35730	2a	10000	7ffd87277390	2b85	5f8bf3d81ca0	5f8bf3d978d0	5f8bf3cc1c90	30000	30000	10000	918
10.844218	a39dd	29cab	2f90	11	2b0eef	5f8bf3d35730	1edf	10000	7ffd87277390	2b85	5f8bf3d81ca0	5f8bf3d978d0	5f8bf3281c90	2c0000	2c0000	10000	1b
10.853134	a39bc	6d	2f90	6	727feb	5f8bf3d35730	a	10000	7ffd87277390	2b85	5f8bf3d81ca0	5f8bf3d978d0	5f8bf20c1c90	730000	730000	10000	a47
10.864980	a39dd	25	2f90	5	d0cf3e	5f8bf3d35730	6	10000	7ffd87277390	2b85	5f8bf3d81ca0	5f8bf3d978d0	5f8bf0941c90	d10000	d10000	10000	7c8
10.870813	a39a7	da29	2f90	f	ff66c8	5f8bf3d35730	b2f	10000	7ffd87277390	2b85	5f8bf3d81ca0	5f8bf3d978d0	5f8befdc1c90	ff0000	ff0000	10000	880
10.884025	a39dd	26b99	2f90	11	1674b7a	5f8bf3d35730	1cd8	10000	7ffd87277390	2b85	5f8bf3d81ca0	5f8bf3d978d0	5f8bee381c90	1680000	1680000	10000	3e9
10.895089	a3968	2dd8b	2f90	11	4d9cd3	5f8bf3d35730	2185	10000	7ffd87277390	2b85	5f8bf3d81ca0	5f8bf3d978d0	5f8bf2a41c90	4d0000	4d0000	10000	6da
10.903640	a39bc	2d7	2f90	9	8e0a36	5f8bf3d35730	3b	10000	7ffd87277390	2b85	5f8bf3d81ca0	5f8bf3d978d0	5f8bf19c1c90	8f0000	8f0000	10000	751
10.914757	a3a25	ca40	ca40	11	e71bca	5f8bf3d35730	2b85	10000	7ffd87277390	2b85	5f8bf3d81ca0	5f8bf3d978d0	5f8bf0441c90	e50000	ca3c	10000	0
10.926030	a397c	5f8bf4311ca0	2f90	10	13e4255	5f8bf3d35730	107d	10000	7ffd87277390	2b85	5f8bf3d81ca0	5f8bf3d978d0	5f8beee01c90	13e0000	13e0000	10000	85a
10.931465	a39dd	167	2f90	8	16818db	5f8bf3d35730	1c	10000	7ffd87277390	2b85	5f8bf3d81ca0	5f8bf3d978d0	5f8bee341c90	1690000	1690000	10000	875
10.943161	a39bc	346d5	2f90	11	4f0975	5f8bf3d35730	25c7	10000	7ffd87277390	2b85	5f8bf3d81ca0	5f8bf3d978d0	5f8bf2981c90	500000	500000	10000	777
10.952360	a39dd	15c1	2f90	c	914d5b	5f8bf3d35730	165	10000	7ffd87277390	2b85	5f8bf3d81ca0	5f8bf3d978d0	5f8bf1901c90	920000	920000	10000	7ee
10.965299	a3964	382af	2f90	11	ec3eef	5f8bf3d35730	2851	10000	7ffd87277390	2b85	5f8bf3d81ca0	5f8bf3d978d0	5f8bf0281c90	ec0000	ec0000	10000	46
10.975542	a39bc	1c67f	2f90	10	13911c8	5f8bf3d35730	15da	10000	7ffd87277390	2b85	5f8bf3d81ca0	5f8bf3d978d0	5f8beef01c90	13a0000	13a0000	10000	331
10.984622	a39bc	43	2f90	6	990fb	5f8bf3d35730	7	10000	7ffd87277390	2b85	5f8bf3d81ca0	5f8bf3d978d0	5f8bf3b01c90	a0000	a0000	10000	1d7
10.994791	a39bc	14f4d	2f90	10	57a402	5f8bf3d35730	1072	10000	7ffd87277390	2b85	5f8bf3d81ca0	5f8bf3d978d0	5f8bf2781c90	580000	580000	10000	4c2
11.001615	a39bc	137	2f90	8	87433f	5f8bf3d35730	17	10000	7ffd87277390	2b85	5f8bf3d81ca0	5f8bf3d978d0	5f8bf1b81c90	880000	880000	10000	18b
11.007217	a39dd	151	2f90	8	b20943	5f8bf3d35730	1a	10000	7ffd87277390	2b85	5f8bf3d81ca0	5f8bf3d978d0	5f8bf10c1c90	b30000	b30000	10000	1a6
11.021254	a3a46	1111	d71c	11	1215f2a	5f8bf3d35730	2b85	10000	7ffd87277390	2b85	5f8bf3d81ca0	5f8bf3d978d0	5f8bef581c90	1200000	d718	10000	0
11.028432	a39bc	2b4a7	2f90	11	158745c	5f8bf3d35730	1fe0	10000	7ffd87277390	2b85	5f8bf3d81ca0	5f8bf3d978d0	5f8bee741c90	1590000	1590000	10000	d8
11.038587	a396b	4a41	2f90	e	38064c	5f8bf3d35730	442	10000	7ffd87277390	2b85	5f8bf3d81ca0	5f8bf3d978d0	5f8bf2f81c90	380000	380000	10000	28f
11.051275	a39d0	1ded3	2f90	10	9c94ea	5f8bf3d35730	16ef	10000	7ffd87277390	2b85	5f8bf3d81ca0	5f8bf3d978d0	5f8bf1681c90	9c0000	9c0000	10000	14a
11.062700	a39bc	25	2f90	5	f6ba10	5f8bf3d35730	6	10000	7ffd87277390	2b85	5f8bf3d81ca0	5f8bf3d978d0	5f8beffc1c90	f70000	f70000	10000	b35
11.070624	a39bc	bdd	2f90	b	12f2599	5f8bf3d35730	d2	10000	7ffd87277390	2b85	5f8bf3d81ca0	5f8bf3d978d0	5f8bef181c90	1300000	1300000	10000	9d5
11.081137	a39bc	ba2b	2f90	f	4568f	5f8bf3d35730	9c0	10000	7ffd87277390	2b85	5f8bf3d81ca0	5f8bf3d978d0	5f8bf3c41c90	50000	50000	10000	529
11.094058	a39dd	38f	2f90	9	62328a	5f8bf3d35730	48	10000	7ffd87277390	2b85	5f8bf3d81ca0	5f8bf3d978d0	5f8bf24c1c90	630000	630000	10000	2aa
11.101194	a39dd	43	2f90	6	92b19f	5f8bf3d35730	7	10000	7ffd87277390	2b85	5f8bf3d81ca0	5f8bf3d978d0	5f8bf18c1c90	930000	930000	10000	c7a
11.113929	a39bc	2b28b	2f90	11	e9f0f7	5f8bf3d35730	1fcc	10000	7ffd87277390	2b85	5f8bf3d81ca0	5f8bf3d978d0	5f8bf0301c90	ea0000	ea0000	10000	435
11.127036	a39dd	18311	2f90	10	14dc382	5f8bf3d35730	12ce	10000	7ffd87277390	2b85	5f8bf3d81ca0	5f8bf3d978d0	5f8beea01c90	14e0000	14e0000	10000	2f0
11.140825	a397e	5f8bf4311ca0	2f90	f	497b5a	5f8bf3d35730	9bc	10000	7ffd87277390	2b85	5f8bf3d81ca0	5f8bf3d978d0	5f8bf2b41c90	490000	490000	10000	1b1
11.154580	a39dd	a457	2f90	f	b41d83	5f8bf3d35730	8bd	10000	7ffd87277390	2b85	5f8bf3d81ca0	5f8bf3d978d0	5f8bf1041c90	b50000	b50000	10000	abe
11.169026	a3a16	fe34	fe30	11	1282e37	5f8bf3d35730	2b85	10000	7ffd87277390	2b85	5f8bf3d81ca0	5f8bf3d978d0	5f8bef441c90	1250000	fe2c	10000	0
11.179198	a39bc	455	2f90	a	16fea	5f8bf3d35730	5c	10000	7ffd87277390	2b85	5f8bf3d81ca0	5f8bf3d978d0	5f8bf3d01c90	20000	20000	10000	48c
11.185233	a3998	2b85	2f90	11	325ed8	5f8bf3d35730	2290	10000	7ffd87277390	2b85	5f8bf3d81ca0	5f8bf3d978d0	5f8bf3141c90	310000	310000	10000	9d0
11.193148	a39bf	337	2f90	9	6b8f56	5f8bf3d35730	41	10000	7ffd87277390	2b85	5f8bf3d81ca0	5f8bf3d978d0	5f8bf2281c90	6c0000	6c0000	10000	481
11.207524	a39d0	25ef1	2f90	11	de37de	5f8bf3d35730	1c54	10000	7ffd87277390	2b85	5f8bf3d81ca0	5f8bf3d978d0	5f8bf0641c90	dd0000	dd0000	10000	a3c
11.219773	a39dd	1eb	2f90	8	13c0166	5f8bf3d35730	27	10000	7ffd87277390	2b85	5f8bf3d81ca0	5f8bf3d978d0	5f8beee41c90	13d0000	13d0000	10000	3ce
11.226949	a3a30	5f8bf3d41c90	9ab0	11	199c4	5f8bf3d35730	2b85	10000	7ffd87277390	2b85	5f8bf3d81ca0	5f8bf3d978d0	5f8bf3d41c90	10000	9aac	10000	0
11.237470	a39bc	43	2f90	6	541c7c	5f8bf3d35730	7	10000	7ffd87277390	2b85	5f8bf3d81ca0	5f8bf3d978d0	5f8bf2841c90	550000	550000	10000	425
11.249422	a39bf	2ecd	2f90	d	b1bb68	5f8bf3d35730	2dd	10000	7ffd87277390	2b85	5f8bf3d81ca0	5f8bf3d978d0	5f8bf1101c90	b20000	b20000	10000	a21
11.258394	a39dd	13b6d	2f90	10	f886f9	5f8bf3d35730	f7e	10000	7ffd87277390	2b85	5f8bf3d81ca0	5f8bf3d978d0	5f8beff41c90	f90000	f90000	10000	746
11.268513	a3a1f	af04	af00	11	14d76f7	5f8bf3d35730	2b85	10000	7ffd87277390	2b85	5f8bf3d81ca0	5f8bf3d978d0	5f8beeb01c90	14a0000	aefc	10000	0
11.282787	a39b8	34195	2f90	11	474868	5f8bf3d35730	2590	10000	7ffd87277390	2b85	5f8bf3d81ca0	5f8bf3d978d0	5f8bf2b81c90	480000	480000	10000	a2c
11.295351	a397c	5f8bf4311ca0	2f90	11	abf467	5f8bf3d35730	214b	10000	7ffd87277390	2b85	5f8bf3d81ca0	5f8bf3d978d0	5f8bf12c1c90	ab0000	ab0000	10000	45b
11.306470	a39bc	13dcf	2f90	10	fd5d9c	5f8bf3d35730	fa2	10000	7ffd87277390	2b85	5f8bf3d81ca0	5f8bf3d978d0	5f8befe01c90	fe0000	fe0000	10000	3f4
11.313552	a39bc	13483	2f90	10	135bb42	5f8bf3d35730	f34	10000	7ffd87277390	2b85	5f8bf3d81ca0	5f8bf3d978d0	5f8bef001c90	1360000	1360000	10000	b0f
11.328638	a39bc	16efd	2f90	10	3b4946	5f8bf3d35730	11dc	10000	7ffd87277390	2b85	5f8bf3d81ca0	5f8bf3d978d0	5f8bf2e81c90	3c0000	3c0000	10000	7b8
11.334078	a39dd	9947	2f90	f	663ea3	5f8bf3d35730	82c	10000	7ffd87277390	2b85	5f8bf3d81ca0	5f8bf3d978d0	5f8bf23c1c90	670000	670000	10000	7d3
11.346380	a39dd	1795	2f90	c	c8f31a	5f8bf3d35730	181	10000	7ffd87277390	2b85	5f8bf3d81ca0	5f8bf3d978d0	5f8bf0b41c90	c90000	c90000	10000	a7d
11.360741	a397c	5f8bf4311ca0	2f90	10	13a675b	5f8bf3d35730	14bb	10000	7ffd87277390	2b85	5f8bf3d81ca0	5f8bf3d978d0	5f8beef01c90	13a0000	13a0000	10000	331
11.371992	a39d0	221bd	2f90	11	20b2d8	5f8bf3d35730	19c9	10000	7ffd87277390	2b85	5f8bf3d81ca0	5f8bf3d978d0	5f8bf3581c90	200000	200000	10000	aae
11.386077	15fcac8d2b8a	5f8bf3d484c8	1a0e	54c0	6838	5f8bf3d43008	5f8bf3d49840	1a0e	7ffd87277388	5f8bf3d484c8	5f8bf3f79190	5f8bf451d210	f	910000	910000	10000	362
11.394015	a397c	5f8bf4311ca0	2f90	11	cfdb07	5f8bf3d35730	1e2c	10000	7ffd87277390	2b85	5f8bf3d81ca0	5f8bf3d978d0	5f8bf09c1c90	cf0000	cf0000	10000	bb7
11.402638	a3a39	5f8bf3d41c90	c77c	11	113d4f4	5f8bf3d35730	2b85	10000	7ffd87277390	2b85	5f8bf3d81ca0	5f8bf3d978d0	5f8bef901c90	1120000	c778	10000	0
11.414114	a39bc	10bb	2f90	c	16c0b43	5f8bf3d35730	116	10000	7ffd87277390	2b85	5f8bf3d81ca0	5f8bf3d978d0	5f8bee241c90	16d0000	16d0000	10000	97
11.420243	a3a30	5f8bf3d41c90	8698	11	2bbe9f	5f8bf3d35730	2b85	10000	7ffd87277390	2b85	5f8bf3d81ca0	5f8bf3d978d0	5f8bf32c1c90	2b0000	8694	10000	0
11.433013	a39bc	1a0e1	2f90	10	8ee577	5f8bf3d35730	142e	10000	7ffd87277390	2b85	5f8bf3d81ca0	5f8bf3d978d0	5f8bf19c1c90	8f0000	8f0000	10000	751
11.445885	a39e0	c7	2f90	7	f534a6	5f8bf3d35730	f	10000	7ffd87277390	2b85	5f8bf3d81ca0	5f8bf3d978d0	5f8bf0001c90	f60000	f60000	10000	6a9
11.452327	a3964	1a2f3	2f90	10	1290b92	5f8bf3d35730	1449	10000	7ffd87277390	2b85	5f8bf3d81ca0	5f8bf3d978d0	5f8bef341c90	1290000	1290000	10000	40f
11.465987	a39bc	1cdc5	2f90	10	218428	5f8bf3d35730	1628	10000	7ffd87277390	2b85	5f8bf3d81ca0	5f8bf3d978d0	5f8bf3501c90	220000	220000	10000	6bf
11.477284	a39a0	5f8bf3cf5710	2f90	11	79959f	5f8bf3d35730	1c4b	10000	7ffd87277390	2b85	5f8bf3d81ca0	5f8bf3d978d0	5f8bf1f41c90	790000	790000	10000	b81
11.488585	a39dd	971	2f90	b	d2d514	5f8bf3d35730	ae	10000	7ffd87277390	2b85	5f8bf3d81ca0	5f8bf3d978d0	5f8bf08c1c90	d30000	d30000	10000	3d9
11.502707	a39dd	59	2f90	6	1432b1b	5f8bf3d35730	8	10000	7ffd87277390	2b85	5f8bf3d81ca0	5f8bf3d978d0	5f8beec81c90	1440000	1440000	10000	994
11.509547	a39a0	5f8bf3cf5710	2f90	11	75c9a	5f8bf3d35730	1d67	10000	7ffd87277390	2b85	5f8bf3d81ca0	5f8bf3d978d0	5f8bf3c01c90	60000	60000	10000	9b5
11.517113	a39dd	1f	2f90	4	410313	5f8bf3d35730	5	10000	7ffd87277390	2b85	5f8bf3d81ca0	5f8bf3d978d0	5f8bf2d01c90	420000	420000	10000	8f2
11.530645	a39bc	59	2f90	6	ac9d8f	5f8bf3d35730	8	10000	7ffd87277390	2b85	5f8bf3d81ca0	5f8bf3d978d0	5f8bf1241c90	ad0000	ad0000	10000	6c
11.542382	a39bc	303e9	2f90	11	109c7aa	5f8bf3d35730	230e	10000	7ffd87277390	2b85	5f8bf3d81ca0	5f8bf3d978d0	5f8befb01c90	10a0000	10a0000	10000	668
11.547519	a39bc	2e7b7	2f90	11	130964a	5f8bf3d35730	21f0	10000	7ffd87277390	2b85	5f8bf3d81ca0	5f8bf3d978d0	5f8bef141c90	1310000	1310000	10000	15a
11.552850	a39cc	b4c1	2f90	f	15b147c	5f8bf3d35730	980	10000	7ffd87277390	2b85	5f8bf3d81ca0	5f8bf3d978d0	5f8bee6c1c90	15b0000	15b0000	10000	9f0
11.558547	a39bc	2961d	2f90	11	13be54	5f8bf3d35730	1e9d	10000	7ffd87277390	2b85	5f8bf3d81ca0	5f8bf3d978d0	5f8bf3881c90	140000	140000	10000	83a
11.565009	a39bc	89	2f90	7	4611f3	5f8bf3d35730	b	10000	7ffd87277390	2b85	5f8bf3d81ca0	5f8bf3d978d0	5f8bf2bc1c90	470000	470000	10000	5a0
11.570291	a39bc	1df	2f90	8	6f8981	5f8bf3d35730	25	10000	7ffd87277390	2b85	5f8bf3d81ca0	5f8bf3d978d0	5f8bf2181c90	700000	700000	10000	9aa
11.578211	15fcac8d2b24	5f8bf3d4ed00	341c	a240	d070	5f8bf3d44ac0	5f8bf3d51b30	341c	7ffd87277388	5f8bf3d4ed00	d070	5f8bf3d978d0	5f8bf1201c90	af0000	af0000	10000	984
11.590845	a39bc	35663	2f90	11	112a551	5f8bf3d35730	2672	10000	7ffd87277390	2b85	5f8bf3d81ca0	5f8bf3d978d0	5f8bef8c1c90	1130000	1130000	10000	83f
11.604850	a39bc	57a1	2f90	e	ffbd4	5f8bf3d35730	4f2	10000	7ffd87277390	2b85	5f8bf3d81ca0	5f8bf3d978d0	5f8bf3981c90	100000	100000	10000	311
11.617479	a39dd	17f	2f90	8	75cdbd	5f8bf3d35730	1e	10000	7ffd87277390	2b85	5f8bf3d81ca0	5f8bf3d978d0	5f8bf2001c90	760000	760000	10000	ae4
11.629256	a39bc	11b	2f90	8	d487b6	5f8bf3d35730	15	10000	7ffd87277390	2b85	5f8bf3d81ca0	5f8bf3d978d0	5f8bf0841c90	d50000	d50000	10000	cf1
11.636452	a39bc	338d1	2f90	11	10a9d81	5f8bf3d35730	253e	10000	7ffd87277390	2b85	5f8bf3d81ca0	5f8bf3d978d0	5f8befac1c90	10b0000	10b0000	10000	af4
11.642999	a39a0	5f8bf3cf5710	2f90	e	1404c1d	5f8bf3d35730	6a8	10000	7ffd87277390	2b85	5f8bf3d81ca0	5f8bf3d978d0	5f8beed81c90	1400000	1400000	10000	46b
11.648940	a3a12	1111	5748	11	16cece2	5f8bf3d35730	2b85	10000	7ffd87277390	2b85	5f8bf3d81ca0	5f8bf3d978d0	5f8bee2c1c90	16b0000	5744	10000	0
11.659317	a39bc	3214d	2f90	11	4a4f29	5f8bf3d35730	243e	10000	7ffd87277390	2b85	5f8bf3d81ca0	5f8bf3d978d0	5f8bf2ac1c90	4b0000	4b0000	10000	ac9
11.667092	a39dd	59	2f90	6	810723	5f8bf3d35730	8	10000	7ffd87277390	2b85	5f8bf3d81ca0	5f8bf3d978d0	5f8bf1d01c90	820000	820000	10000	51
11.674641	a39dd	11b	2f90	8	bcc534	5f8bf3d35730	15	10000	7ffd87277390	2b85	5f8bf3d81ca0	5f8bf3d978d0	5f8bf0e41c90	bd0000	bd0000	10000	809
11.681729	a39dd	133	2f90	8	f406bf	5f8bf3d35730	16	10000	7ffd87277390	2b85	5f8bf3d81ca0	5f8bf3d978d0	5f8bf0041c90	f50000	f50000	10000	21d
11.693540	a39bc	18d	2f90	8	1526f2b	5f8bf3d35730	1f	10000	7ffd87277390	2b85	5f8bf3d81ca0	5f8bf3d978d0	5f8bee8c1c90	1530000	1530000	10000	ca5
11.699409	a39b8	2a8b	2f90	d	d6bac	5f8bf3d35730	29e	10000	7ffd87277390	2b85	5f8bf3d81ca0	5f8bf3d978d0	5f8bf3a01c90	e0000	e0000	10000	700
11.711005	15fcac8d2b24	5f8bf3d5bd70	6838	2350	1a0e0	5f8bf3d59a20	5f8bf3d73b00	6838	7ffd87277388	5f8bf3d5bd70	1a0e0	5f8bf3d978d0	5f8bf2341c90	6a0000	6a0000	10000	870
11.718337	a39dd	3b7f5	2f90	11	9f181a	5f8bf3d35730	2a76	10000	7ffd87277390	2b85	5f8bf3d81ca0	5f8bf3d978d0	5f8bf1581c90	a00000	a00000	10000	673
11.727698	a39b8	9acf	2f90	f	ea1146	5f8bf3d35730	840	10000	7ffd87277390	2b85	5f8bf3d81ca0	5f8bf3d978d0	5f8bf02c1c90	eb0000	eb0000	10000	8c1
11.739696	a3964	3ae1f	2f90	11	14ab2e4	5f8bf3d35730	2a12	10000	7ffd87277390	2b85	5f8bf3d81ca0	5f8bf3d978d0	5f8beeb01c90	14a0000	14a0000	10000	ace
11.747391	a39dd	2333	2f90	d	13e0a5	5f8bf3d35730	236	10000	7ffd87277390	2b85	5f8bf3d81ca0	5f8bf3d978d0	5f8bf3881c90	140000	140000	10000	83a
11.755307	a39bc	f4d	2f90	b	5116f9	5f8bf3d35730	101	10000	7ffd87277390	2b85	5f8bf3d81ca0	5f8bf3d978d0	5f8bf2901c90	520000	520000	10000	388
11.769663	a397e	5f8bf4311ca0	2f90	11	c48ecc	5f8bf3d35730	1f16	10000	7ffd87277390	2b85	5f8bf3d81ca0	5f8bf3d978d0	5f8bf0cc1c90	c30000	c30000	10000	943
11.778177	a39bc	407	2f90	a	1064e56	5f8bf3d35730	54	10000	7ffd87277390	2b85	5f8bf3d81ca0	5f8bf3d978d0	5f8befbc1c90	1070000	1070000	10000	5cb
11.792013	a39bc	28aab	2f90	11	2c3b7	5f8bf3d35730	1e2b	10000	7ffd87277390	2b85	5f8bf3d81ca0	5f8bf3d978d0	5f8bf3cc1c90	30000	30000	10000	918
11.801031	a397c	5f8bf4311ca0	2f90	11	4c6c95	5f8bf3d35730	1e06	10000	7ffd87277390	2b85	5f8bf3d81ca0	5f8bf3d978d0	5f8bf2ac1c90	4b0000	4b0000	10000	ac9
11.813201	a39bf	191	2f90	8	acf4bf	5f8bf3d35730	20	10000	7ffd87277390	2b85	5f8bf3d81ca0	5f8bf3d978d0	5f8bf1241c90	ad0000	ad0000	10000	6c
11.824331	a39dd	1f	2f90	4	104fc9e	5f8bf3d35730	5	10000	7ffd87277390	2b85	5f8bf3d81ca0	5f8bf3d978d0	5f8befc41c90	1050000	1050000	10000	9ba
11.836636	a39dd	2a0a7	2f90	11	165fc72	5f8bf3d35730	1f03	10000	7ffd87277390	2b85	5f8bf3d81ca0	5f8bf3d978d0	5f8bee401c90	1660000	1660000	10000	7d8
11.846192	a39dd	1597	2f90	c	3d5f25	5f8bf3d35730	162	10000	7ffd87277390	2b85	5f8bf3d81ca0	5f8bf3d978d0	5f8bf2e01c90	3e0000	3e0000	10000	3c9
11.856593	a397c	5f8bf4311ca0	2f90	10	8b5858	5f8bf3d35730	eab	10000	7ffd87277390	2b85	5f8bf3d81ca0	5f8bf3d978d0	5f8bf1ac1c90	8b0000	8b0000	10000	228
11.863483	a39dd	43	2f90	6	c17751	5f8bf3d35730	7	10000	7ffd87277390	2b85	5f8bf3d81ca0	5f8bf3d978d0	5f8bf0d01c90	c20000	c20000	10000	4b7
11.871934	a3a12	1111	6a5c	11	104a832	5f8bf3d35730	2b85	10000	7ffd87277390	2b85	5f8bf3d81ca0	5f8bf3d978d0	5f8befc81c90	1040000	6a58	10000	0
11.882565	a39bc	d3	2f90	7	159ad66	5f8bf3d35730	10	10000	7ffd87277390	2b85	5f8bf3d81ca0	5f8bf3d978d0	5f8bee701c90	15a0000	15a0000	10000	564
11.888233	a2fc5	fffffffffffed044	2155d	2155d	fffffffffffec90c	1631e	1945	25de	7ffd87277390	2155d	0	1e58a99	f2c54cd753561dd1	1945	8000000000ab32e2	5b9f412fdd337c16	2b85
11.899730	a39c4	33be7	2f90	11	5be0ff	5f8bf3d35730	255a	10000	7ffd87277390	2b85	5f8bf3d81ca0	5f8bf3d978d0	5f8bf2701c90	5a0000	5a0000	10000	d3
11.907622	a39a7	24cf1	2f90	11	9a5050	5f8bf3d35730	1b9a	10000	7ffd87277390	2b85	5f8bf3d81ca0	5f8bf3d978d0	5f8bf1701c90	9a0000	9a0000	10000	539
11.916637	a39d0	3c4d9	2f90	11	e495d5	5f8bf3d35730	2af9	10000	7ffd87277390	2b85	5f8bf3d81ca0	5f8bf3d978d0	5f8bf0541c90	e10000	e10000	10000	25e
11.923676	a39dd	1ff2b	2f90	10	1194562	5f8bf3d35730	1848	10000	7ffd87277390	2b85	5f8bf3d81ca0	5f8bf3d978d0	5f8bef701c90	11a0000	11a0000	10000	fe
11.930135	15fcac8d2b24	5f8bf3d5bd70	6838	1550	1a0e0	5f8bf3d5a820	5f8bf3d74900	6838	7ffd87277388	5f8bf3d5bd70	1a0e0	5f8bf3d978d0	5f8beea41c90	14e0000	14e0000	10000	2f0
11.935709	a39dd	23e8b	2f90	11	6c1da	5f8bf3d35730	1b08	10000	7ffd87277390	2b85	5f8bf3d81ca0	5f8bf3d978d0	5f8bf3bc1c90	70000	70000	10000	13a
11.947942	a3a30	5f8bf3d41c90	cb90	11	67091e	5f8bf3d35730	2b85	10000	7ffd87277390	2b85	5f8bf3d81ca0	5f8bf3d978d0	5f8bf23c1c90	670000	cb8c	10000	0
11.957002	a39a4	29983	2f90	11	af9d61	5f8bf3d35730	1ec6	10000	7ffd87277390	2b85	5f8bf3d81ca0	5f8bf3d978d0	5f8bf11c1c90	af0000	af0000	10000	984
11.971169	a39cc	2faa9	2f90	11	11e1864	5f8bf3d35730	22b0	10000	7ffd87277390	2b85	5f8bf3d81ca0	5f8bf3d978d0	5f8bef601c90	11e0000	11e0000	10000	627
11.981265	a39dd	6d	2f90	6	16c6dfd	5f8bf3d35730	a	10000	7ffd87277390	2b85	5f8bf3d81ca0	5f8bf3d978d0	5f8bee241c90	16d0000	16d0000	10000	97
11.989866	a39bc	2d07	2f90	d	3d70ca	5f8bf3d35730	2bd	10000	7ffd87277390	2b85	5f8bf3d81ca0	5f8bf3d978d0	5f8bf2e01c90	3e0000	3e0000	10000	3c9
11.995837	a39d9	23bf7	2f90	11	6c3dac	5f8bf3d35730	1aed	10000	7ffd87277390	2b85	5f8bf3d81ca0	5f8bf3d978d0	5f8bf2241c90	6d0000	6d0000	10000	90d
12.006829	a39dd	5afb	2f90	e	c4193a	5f8bf3d35730	51f	10000	7ffd87277390	2b85	5f8bf3d81ca0	5f8bf3d978d0	5f8bf0c41c90	c50000	c50000	10000	554
12.015069	a39dd	29a0d	2f90	11	104d2a8	5f8bf3d35730	1eca	10000	7ffd87277390	2b85	5f8bf3d81ca0	5f8bf3d978d0	5f8befc41c90	1050000	1050000	10000	9ba
12.021306	a39bc	13d	2f90	8	1358f87	5f8bf3d35730	18	10000	7ffd87277390	2b85	5f8bf3d81ca0	5f8bf3d978d0	5f8bef001c90	1360000	1360000	10000	b0f
12.028592	a2fc5	fffffffffffffc2e	baaf	baaf	ffffffffffff97b6	3579	9c7	1a77	7ffd87277390	baaf	0	0	f2c54cd753561dd1	9c7	7fffffffffa482d2	54133837492074f	2b85
12.035662	a39bc	b6a5	2f90	f	35d69b	5f8bf3d35730	993	10000	7ffd87277390	2b85	5f8bf3d81ca0	5f8bf3d978d0	5f8bf3001c90	360000	360000	10000	67e
12.042001	a39e0	305	2f90	9	6760b1	5f8bf3d35730	3e	10000	7ffd87277390	2b85	5f8bf3d81ca0	5f8bf3d978d0	5f8bf2381c90	680000	680000	10000	c5f
12.048554	a39bc	d4ab	2f90	f	9b6992	5f8bf3d35730	af0	10000	7ffd87277390	2b85	5f8bf3d81ca0	5f8bf3d978d0	5f8bf1681c90	9c0000	9c0000	10000	14a
12.060695	a3a3d	5f8bf3d41c90	82b4	11	ffc6ec	5f8bf3d35730	2b85	10000	7ffd87277390	2b85	5f8bf3d81ca0	5f8bf3d978d0	5f8befe81c90	fc0000	82b0	10000	0
12.074671	a39dd	26825	2f90	11	1686254	5f8bf3d35730	1cb1	10000	7ffd87277390	2b85	5f8bf3d81ca0	5f8bf3d978d0	5f8bee341c90	1690000	1690000	10000	875
12.086062	a39bc	245bf	2f90	11	50be2b	5f8bf3d35730	1b49	10000	7ffd87277390	2b85	5f8bf3d81ca0	5f8bf3d978d0	5f8bf2941c90	510000	510000	10000	c03
12.095645	a3968	2d793	2f90	11	9f5497	5f8bf3d35730	2146	10000	7ffd87277390	2b85	5f8bf3d81ca0	5f8bf3d978d0	5f8bf1641c90	9d0000	9d0000	10000	5d6
12.102543	a3a39	5f8bf3d41c90	a70c	11	d574db	5f8bf3d35730	2b85	10000	7ffd87277390	2b85	5f8bf3d81ca0	5f8bf3d978d0	5f8bf08c1c90	d30000	a708	10000	0
12.109268	a39b8	2add5	2f90	11	1088d9f	5f8bf3d35730	1f8e	10000	7ffd87277390	2b85	5f8bf3d81ca0	5f8bf3d978d0	5f8befb41c90	1090000	1090000	10000	1dc
12.119141	a397c	5f8bf4311ca0	2f90	11	1576166	5f8bf3d35730	1fe8	10000	7ffd87277390	2b85	5f8bf3d81ca0	5f8bf3d978d0	5f8bee801c90	1560000	1560000	10000	3b
12.132935	a3972	25	2f90	5	4e0014	5f8bf3d35730	7	10000	7ffd87277390	2b85	5f8bf3d81ca0	5f8bf3d978d0	5f8bf2a01c90	4e0000	4e0000	10000	b66
12.147385	a39bc	1f	2f90	4	c0918f	5f8bf3d35730	5	10000	7ffd87277390	2b85	341c0	5f8bf3d978d0	5f8bf0d41c90	c10000	c10000	10000	2b
12.157230	a39dd	10d9b	2f90	10	10bf525	5f8bf3d35730	d72	10000	7ffd87277390	2b85	5f8bf3d81ca0	5f8bf3d978d0	5f8befa81c90	10c0000	10c0000	10000	279
12.168157	a39dd	1a5	2f90	8	162073a	5f8bf3d35730	21	10000	7ffd87277390	2b85	5f8bf3d81ca0	5f8bf3d978d0	5f8bee4c1c90	1630000	1630000	10000	73b
12.183249	a39dd	2f9ff	2f90	11	678d1c	5f8bf3d35730	22aa	10000	7ffd87277390	2b85	5f8bf3d81ca0	5f8bf3d978d0	5f8bf2381c90	680000	680000	10000	c5f
12.194837	a39bc	303df	2f90	11	c033e4	5f8bf3d35730	230d	10000	7ffd87277390	2b85	5f8bf3d81ca0	5f8bf3d978d0	5f8bf0d41c90	c10000	c10000	10000	2b
12.200370	a39bc	25	2f90	5	ecaa7e	5f8bf3d35730	6	10000	7ffd87277390	2b85	5f8bf3d81ca0	5f8bf3d978d0	5f8bf0241c90	ed0000	ed0000	10000	4d2
12.214049	a39cc	6dcd	2f90	e	1582e68	5f8bf3d35730	60f	10000	7ffd87277390	2b85	5f8bf3d81ca0	5f8bf3d978d0	5f8bee781c90	1580000	1580000	10000	953
12.228632	a39dd	151	2f90	8	56deb4	5f8bf3d35730	1a	10000	7ffd87277390	2b85	5f8bf3d81ca0	5f8bf3d978d0	5f8bf27c1c90	570000	570000	10000	36
12.238851	a39cc	230bf	2f90	11	a808ed	5f8bf3d35730	1a77	10000	7ffd87277390	2b85	5f8bf3d81ca0	5f8bf3d978d0	5f8bf13c1c90	a70000	a70000	10000	c39
12.246469	a39dd	167	2f90	8	e375d3	5f8bf3d35730	1c	10000	7ffd87277390	2b85	5f8bf3d81ca0	5f8bf3d978d0	5f8bf0481c90	e40000	e40000	10000	2fb
12.258419	15fcac8d2b24	5f8bf3d5bd70	6838	f190	1a0e0	5f8bf3d4cbe0	5f8bf3d66cc0	6838	7ffd87277388	5f8bf3d5bd70	1a0e0	5f8bf47e39d8	10	1430000	1430000	10000	508
12.269492	a39bc	1997	2f90	c	21517f	5f8bf3d35730	1a3	10000	7ffd87277390	2b85	5f8bf3d81ca0	5f8bf3d978d0	5f8bf3501c90	220000	220000	10000	6bf
12.284321	15fcac8d2b24	5f8bf3d5bd70	6838	37d0	1a0e0	5f8bf3d585a0	5f8bf3d72680	6838	7ffd87277388	5f8bf3d5bd70	1a0e0	5f8bf3d978d0	5f8bf17c1c90	980000	980000	10000	928
12.293015	a39dd	3c9f5	2f90	11	d8d12e	5f8bf3d35730	2b36	10000	7ffd87277390	2b85	5f8bf3d81ca0	5f8bf3d978d0	5f8bf0741c90	d90000	d90000	10000	513
12.300944	a3a2a	5f8bf3d41c90	2b84	11	11bab5b	5f8bf3d35730	2b85	10000	7ffd87277390	2b85	5f8bf3d81ca0	5f8bf3d978d0	5f8bef781c90	1180000	2b80	10000	0
12.316061	a39dd	1f	2f90	4	1eeb3b	5f8bf3d35730	5	10000	7ffd87277390	2b85	5f8bf3d81ca0	5f8bf3d978d0	5f8bf35c1c90	1f0000	1f0000	10000	622
12.324629	a39d9	3c7	2f90	9	623b0c	5f8bf3d35730	4e	10000	7ffd87277390	2b85	5f8bf3d81ca0	5f8bf3d978d0	5f8bf24c1c90	630000	630000	10000	2aa
12.333498	a39d9	212db	2f90	11	a7ba26	5f8bf3d35730	1924	10000	7ffd87277390	2b85	5f8bf3d81ca0	5f8bf3d978d0	5f8bf1381c90	a80000	a80000	10000	3be
12.346361	a39dd	49d3	2f90	e	10d334b	5f8bf3d35730	43a	10000	7ffd87277390	2b85	5f8bf3d81ca0	5f8bf3d978d0	5f8befa01c90	10e0000	10e0000	10000	b91
12.358173	a39bc	1dd5f	2f90	10	169441a	5f8bf3d35730	16de	10000	7ffd87277390	2b85	5f8bf3d81ca0	5f8bf3d978d0	5f8bee301c90	16a0000	16a0000	10000	d01
12.367233	a39bc	25	2f90	5	3c927f	5f8bf3d35730	6	10000	7ffd87277390	2b85	5f8bf3d81ca0	5f8bf3d978d0	5f8bf2e41c90	3d0000	3d0000	10000	c44
12.378109	a39bc	33593	2f90	11	927d1a	5f8bf3d35730	251b	10000	7ffd87277390	2b85	5f8bf3d81ca0	5f8bf3d978d0	5f8bf18c1c90	930000	930000	10000	c7a
12.383575	a39bc	59	2f90	6	bcc86a	5f8bf3d35730	8	10000	7ffd87277390	2b85	5f8bf3d81ca0	5f8bf3d978d0	5f8bf0e41c90	bd0000	bd0000	10000	809
12.391253	a39bc	45d	2f90	a	f95044	5f8bf3d35730	5d	10000	7ffd87277390	2b85	5f8bf3d81ca0	5f8bf3d978d0	5f8beff01c90	fa0000	fa0000	10000	bd2
12.402618	a39bc	d3	2f90	7	153e015	5f8bf3d35730	10	10000	7ffd87277390	2b85	5f8bf3d81ca0	5f8bf3d978d0	5f8bee881c90	1540000	1540000	10000	42a
12.410232	a3a1f	44b8	44b4	11	2027a6	5f8bf3d35730	2b85	10000	7ffd87277390	2b85	5f8bf3d81ca0	5f8bf3d978d0	5f8bf3601c90	1e0000	44b0	10000	0
12.416919	a39bc	a7	2f90	7	537ec1	5f8bf3d35730	e	10000	7ffd87277390	2b85	5f8bf3d81ca0	5f8bf3d978d0	5f8bf2881c90	540000	540000	10000	ca0
12.430191	a39dd	34d3	2f90	d	bbac09	5f8bf3d35730	332	10000	7ffd87277390	2b85	5f8bf3d81ca0	5f8bf3d978d0	5f8bf0e81c90	bc0000	bc0000	10000	37d
12.437410	a39dd	23615	2f90	11	f369f6	5f8bf3d35730	1aac	10000	7ffd87277390	2b85	5f8bf3d81ca0	5f8bf3d978d0	5f8bf0081c90	f40000	f40000	10000	a98
12.448355	a39bc	15d73	2f90	10	14ab009	5f8bf3d35730	1111	10000	7ffd87277390	2b85	5f8bf3d81ca0	5f8bf3d978d0	5f8beeac1c90	14b0000	14b0000	10000	253
12.453907	a39bc	3923b	2f90	11	3cb77	5f8bf3d35730	28f0	10000	7ffd87277390	2b85	5f8bf3d81ca0	5f8bf3d978d0	5f8bf3c81c90	40000	40000	10000	9d
12.462924	a440a	2b85	5f8bf3cda7b0	a20c	537c	ced7	47e8bf	5f8bf5243590	7ffd87277390	ced7	ab0	5f8bf3cd9510	dd9bd55327923952	2b85	27	ab1	37
12.472509	a39dd	3942d	2f90	11	951043	5f8bf3d35730	2906	10000	7ffd87277390	2b85	5f8bf3d81ca0	5f8bf3d978d0	5f8bf1801c90	960000	960000	10000	10
12.479714	a39bc	3829f	2f90	11	ce2a41	5f8bf3d35730	2850	10000	7ffd87277390	2b85	5f8bf3d81ca0	5f8bf3d978d0	5f8bf09c1c90	cf0000	cf0000	10000	bb7
12.494108	a39dd	43	2f90	6	143a84d	5f8bf3d35730	7	10000	7ffd87277390	2b85	5f8bf3d81ca0	5f8bf3d978d0	5f8beec81c90	1440000	1440000	10000	994
12.504512	a39dd	4f19	2f90	e	22f0ee	5f8bf3d35730	47f	10000	7ffd87277390	2b85	5f8bf3d81ca0	5f8bf3d978d0	5f8bf34c1c90	230000	230000	10000	b4b
12.519371	a39dd	32e4b	2f90	11	98c43a	5f8bf3d35730	24bf	10000	7ffd87277390	2b85	5f8bf3d81ca0	5f8bf3d978d0	5f8bf1741c90	990000	990000	10000	ad
12.529482	a39bc	19025	2f90	10	e87818	5f8bf3d35730	1358	10000	7ffd87277390	2b85	5f8bf3d81ca0	5f8bf3d978d0	5f8bf0341c90	e90000	e90000	10000	cb0
12.536253	a39bc	59	2f90	6	11cb179	5f8bf3d35730	8	10000	7ffd87277390	2b85	5f8bf3d81ca0	5f8bf3d978d0	5f8bef641c90	11d0000	11d0000	10000	19b
12.549860	a39dd	200b1	2f90	11	14cb95	5f8bf3d35730	1858	10000	7ffd87277390	2b85	5f8bf3d81ca0	5f8bf3d978d0	5f8bf3841c90	150000	150000	10000	cc6
12.557972	a39dd	241	2f90	9	55b179	5f8bf3d35730	2d	10000	7ffd87277390	2b85	5f8bf3d81ca0	5f8bf3d978d0	5f8bf2801c90	560000	560000	10000	8b1
12.567922	a39bc	1f	2f90	4	a27dc7	5f8bf3d35730	5	10000	7ffd87277390	2b85	341c0	5f8bf3d978d0	5f8bf14c1c90	a30000	a30000	10000	710
12.573570	a39b8	16381	2f90	10	ced422	5f8bf3d35730	115c	10000	7ffd87277390	2b85	5f8bf3d81ca0	5f8bf3d978d0	5f8bf09c1c90	cf0000	cf0000	10000	bb7
12.586311	a39dd	6cd	2f90	a	134ac0f	5f8bf3d35730	83	10000	7ffd87277390	2b85	5f8bf3d81ca0	5f8bf3d978d0	5f8bef041c90	1350000	1350000	10000	683
12.596700	a39bc	38f	2f90	9	1562c2	5f8bf3d35730	48	10000	7ffd87277390	2b85	5f8bf3d81ca0	5f8bf3d978d0	5f8bf3801c90	160000	160000	10000	44b
12.611484	a39bc	afab	2f90	f	8af0e1	5f8bf3d35730	94a	10000	7ffd87277390	2b85	5f8bf3d81ca0	5f8bf3d978d0	5f8bf1ac1c90	8b0000	8b0000	10000	228
12.626075	a39dd	557	2f90	a	fec809	5f8bf3d35730	6c	10000	7ffd87277390	2b85	5f8bf3d81ca0	5f8bf3d978d0	5f8befdc1c90	ff0000	ff0000	10000	880
12.635260	a39b8	7cdb	2f90	e	1459b72	5f8bf3d35730	6cd	10000	7ffd87277390	2b85	5f8bf3d81ca0	5f8bf3d978d0	5f8beec01c90	1460000	1460000	10000	5a5
12.642228	a39dd	3714d	2f90	11	9225a	5f8bf3d35730	2798	10000	7ffd87277390	2b85	5f8bf3d81ca0	5f8bf3d978d0	5f8bf3b01c90	a0000	a0000	10000	1d7
12.656077	a39af	1b4d5	2f90	10	5f8bf3d81ca0	5f8bf3d35730	151d	10000	7ffd87277390	2b85	5f8bf3d81ca0	5f8bf3d978d0	5f8bf2001c90	760000	760000	10000	ae4
12.668515	a39dd	535d	2f90	e	d542d9	5f8bf3d35730	4b5	10000	7ffd87277390	2b85	5f8bf3d81ca0	5f8bf3d978d0	5f8bf0801c90	d60000	d60000	10000	476
12.679558	a39bc	52e5	2f90	e	12ab06d	5f8bf3d35730	4b0	10000	7ffd87277390	2b85	5f8bf3d81ca0	5f8bf3d978d0	5f8bef2c1c90	12b0000	12b0000	10000	20
12.693853	a39bc	1619f	2f90	10	28c7de	5f8bf3d35730	1145	10000	7ffd87277390	2b85	5f8bf3d81ca0	5f8bf3d978d0	5f8bf3341c90	290000	290000	10000	c85
12.707276	a39dd	36115	2f90	11	93ed6c	5f8bf3d35730	26e6	10000	7ffd87277390	2b85	5f8bf3d81ca0	5f8bf3d978d0	5f8bf1881c90	940000	940000	10000	3ff
12.713155	a3a39	5f8bf3d41c90	b6e0	11	c25cad	5f8bf3d35730	2b85	10000	7ffd87277390	2b85	5f8bf3d81ca0	5f8bf3d978d0	5f8bf0d41c90	c10000	b6dc	10000	0
12.723766	a39e0	2d49	2f90	d	1142e59	5f8bf3d35730	2c1	10000	7ffd87277390	2b85	5f8bf3d81ca0	5f8bf3d978d0	5f8bef841c90	1150000	1150000	10000	450
12.729586	a39dd	bd8f	2f90	f	13fcb35	5f8bf3d35730	9e9	10000	7ffd87277390	2b85	5f8bf3d81ca0	5f8bf3d978d0	5f8beed81c90	1400000	1400000	10000	46b
12.738228	a39bc	1c1cf	2f90	10	ccd83	5f8bf3d35730	15a1	10000	7ffd87277390	2b85	5f8bf3d81ca0	5f8bf3d978d0	5f8bf3a41c90	d0000	d0000	10000	274
12.743958	a39bc	9d	2f90	7	3ae8d9	5f8bf3d35730	d	10000	7ffd87277390	2b85	5f8bf3d81ca0	5f8bf3d978d0	5f8bf2ec1c90	3b0000	3b0000	10000	32c
12.757042	a396b	322af	2f90	11	a4191b	5f8bf3d35730	2453	10000	7ffd87277390	2b85	5f8bf3d81ca0	5f8bf3d978d0	5f8bf1501c90	a20000	a20000	10000	284
12.764166	a39bc	33145	2f90	11	d954f5	5f8bf3d35730	24e3	10000	7ffd87277390	2b85	5f8bf3d81ca0	5f8bf3d978d0	5f8bf0701c90	da0000	da0000	10000	99f
12.773499	a3968	29db9	2f90	11	122175c	5f8bf3d35730	1ee8	10000	7ffd87277390	2b85	5f8bf3d81ca0	5f8bf3d978d0	5f8bef501c90	1220000	1220000	10000	b50
12.787465	a3a3d	5f8bf3d41c90	76ac	11	1e7f5b	5f8bf3d35730	2b85	10000	7ffd87277390	2b85	5f8bf3d81ca0	5f8bf3d978d0	5f8bf3601c90	1e0000	76a8	10000	0
12.801513	a39bc	1d429	2f90	10	8dd65c	5f8bf3d35730	166f	10000	7ffd87277390	2b85	5f8bf3d81ca0	5f8bf3d978d0	5f8bf1a01c90	8e0000	8e0000	10000	2c5
12.815717	a3964	d597	2f90	f	f71cec	5f8bf3d35730	afb	10000	7ffd87277390	2b85	5f8bf3d81ca0	5f8bf3d978d0	5f8beffc1c90	f70000	f70000	10000	b35
12.828553	a3986	2b85	2f90	11	15ec15a	5f8bf3d35730	1b01	10000	7ffd87277390	2b85	5f8bf3d81ca0	5f8bf3d978d0	5f8bee641c90	15d0000	15d0000	10000	601
12.841375	a39bc	18e6f	2f90	10	4f22ca	5f8bf3d35730	1343	10000	7ffd87277390	2b85	5f8bf3d81ca0	5f8bf3d978d0	5f8bf2981c90	500000	500000	10000	777
12.848845	a39b8	31645	2f90	11	8952d2	5f8bf3d35730	23cf	10000	7ffd87277390	2b85	5f8bf3d81ca0	5f8bf3d978d0	5f8bf1b01c90	8a0000	8a0000	10000	aa3
12.857182	a397c	5f8bf4311ca0	2f90	11	cb1c77	5f8bf3d35730	18d2	10000	7ffd87277390	2b85	5f8bf3d81ca0	5f8bf3d978d0	5f8bf0b01c90	ca0000	ca0000	10000	202
12.870663	15fcac8d2b24	5f8bf3d5bd70	6838	12c70	1a0e0	5f8bf3d49100	5f8bf3d631e0	6838	7ffd87277388	5f8bf3d5bd70	1a0e0	5f8bf3d978d0	5f8bef081c90	1350000	1350000	10000	683
12.884130	a39c4	1b00b	2f90	10	2c3910	5f8bf3d35730	14ed	10000	7ffd87277390	2b85	5f8bf3d81ca0	5f8bf3d978d0	5f8bf3281c90	2c0000	2c0000	10000	1b
12.890236	a39bc	2ab	2f90	9	5bb49e	5f8bf3d35730	3a	10000	7ffd87277390	2b85	5f8bf3d81ca0	5f8bf3d978d0	5f8bf2681c90	5c0000	5c0000	10000	9eb
12.898614	a39dd	25	2f90	5	9e06d9	5f8bf3d35730	6	10000	7ffd87277390	2b85	5f8bf3d81ca0	5f8bf3d978d0	5f8bf15c1c90	9f0000	9f0000	10000	1e7
12.910323	a39bc	22a75	2f90	11	fa4978	5f8bf3d35730	1a33	10000	7ffd87277390	2b85	5f8bf3d81ca0	5f8bf3d978d0	5f8befec1c90	fb0000	fb0000	10000	357
12.920511	a39bc	503	2f90	a	14a1f33	5f8bf3d35730	66	10000	7ffd87277390	2b85	5f8bf3d81ca0	5f8bf3d978d0	5f8beeac1c90	14b0000	14b0000	10000	253
12.932248	a39a4	99cd	2f90	f	3613ef	5f8bf3d35730	832	10000	7ffd87277390	2b85	5f8bf3d81ca0	5f8bf3d978d0	5f8bf3001c90	360000	360000	10000	67e
12.941255	a39bf	6c7d	2f90	e	7cb0d2	5f8bf3d35730	5fd	10000	7ffd87277390	2b85	5f8bf3d81ca0	5f8bf3d978d0	5f8bf1e41c90	7d0000	7d0000	10000	3a3
12.955114	a39c4	e6cb	2f90	f	eb0f8d	5f8bf3d35730	bc3	10000	7ffd87277390	2b85	5f8bf3d81ca0	5f8bf3d978d0	5f8bf02c1c90	eb0000	eb0000	10000	8c1
12.967788	a39bc	1ec3d	2f90	10	14f55eb	5f8bf3d35730	1784	10000	7ffd87277390	2b85	5f8bf3d81ca0	5f8bf3d978d0	5f8bee981c90	1500000	1500000	10000	c08
12.982472	a39bc	3f1	2f90	9	52b01b	5f8bf3d35730	52	10000	7ffd87277390	2b85	5f8bf3d81ca0	5f8bf3d978d0	5f8bf28c1c90	530000	530000	10000	814
12.994047	a39dd	28d	2f90	9	ad09e0	5f8bf3d35730	36	10000	7ffd87277390	2b85	5f8bf3d81ca0	5f8bf3d978d0	5f8bf1201c90	ae0000	ae0000	10000	4f8
13.007027	a397e	5f8bf4311ca0	2f90	11	1138a00	5f8bf3d35730	2296	10000	7ffd87277390	2b85	5f8bf3d81ca0	5f8bf3d978d0	5f8bef8c1c90	1130000	1130000	10000	83f
13.020899	15fcac8d2b24	5f8bf3d5bd70	6838	4d30	1a0e0	5f8bf3d57040	5f8bf3d71120	6838	7ffd87277388	5f8bf3d5bd70	1a0e0	5f8bf3d978d0	5f8bf39c1c90	100000	100000	10000	311
13.033882	a39bc	25	2f90	5	77c01c	5f8bf3d35730	6	10000	7ffd87277390	2b85	5f8bf3d81ca0	5f8bf3d978d0	5f8bf1f81c90	780000	780000	10000	6f5
13.044755	a398f	2b85	2f90	11	d0a3b9	5f8bf3d35730	261a	10000	7ffd87277390	2b85	5f8bf3d81ca0	5f8bf3d978d0	5f8bf0a01c90	ce0000	ce0000	10000	72b
13.051203	a39dd	1480f	2f90	10	10006ed	5f8bf3d35730	1012	10000	7ffd87277390	2b85	5f8bf3d81ca0	5f8bf3d978d0	5f8befd41c90	1010000	1010000	10000	491
13.060336	a3a46	1111	9b9c	11	14938ae	5f8bf3d35730	2b85	10000	7ffd87277390	2b85	5f8bf3d81ca0	5f8bf3d978d0	5f8beebc1c90	1470000	9b98	10000	0
13.073558	a39dd	15b	2f90	8	3b2018	5f8bf3d35730	1b	10000	7ffd87277390	2b85	5f8bf3d81ca0	5f8bf3d978d0	5f8bf2e81c90	3c0000	3c0000	10000	7b8
13.081825	a39bc	25	2f90	5	7df193	5f8bf3d35730	6	10000	7ffd87277390	2b85	5f8bf3d81ca0	5f8bf3d978d0	5f8bf1e01c90	7e0000	7e0000	10000	82f
13.088450	a39dd	25	2f90	5	b1d1fe	5f8bf3d35730	6	10000	7ffd87277390	2b85	5f8bf3d81ca0	5f8bf3d978d0	5f8bf1101c90	b20000	b20000	10000	a21
13.099633	a39dd	29a37	2f90	11	1039121	5f8bf3d35730	1ecb	10000	7ffd87277390	2b85	5f8bf3d81ca0	5f8bf3d978d0	5f8befc81c90	1040000	1040000	10000	52e
13.105942	15fcac8d2b8a	5f8bf3d484c8	1a0e	4300	6838	5f8bf3d441c8	5f8bf3d4aa00	1a0e	7ffd87277388	5f8bf3d484c8	5f8bf3d81ca0	5f8bf3d978d0	5f8bef101c90	1330000	1330000	10000	a72
13.111321	a3a25	83b8	83b8	11	15c60d6	5f8bf3d35730	2b85	10000	7ffd87277390	2b85	5f8bf3d81ca0	5f8bf3d978d0	5f8bee681c90	15c0000	83b4	10000	0
13.119787	a39bc	357d	2f90	d	2c112d	5f8bf3d35730	33b	10000	7ffd87277390	2b85	5f8bf3d81ca0	5f8bf3d978d0	5f8bf3241c90	2d0000	2d0000	10000	4a7
13.131155	a39dd	c1e7	2f90	f	88dd59	5f8bf3d35730	a1c	10000	7ffd87277390	2b85	5f8bf3d81ca0	5f8bf3d978d0	5f8bf1b41c90	890000	890000	10000	617
13.142573	a39bc	7195	2f90	e	e3e36b	5f8bf3d35730	646	10000	7ffd87277390	2b85	5f8bf3d81ca0	5f8bf3d978d0	5f8bf0481c90	e40000	e40000	10000	2fb
13.152421	a3a41	ffff	c674	11	1327e96	5f8bf3d35730	2b85	10000	7ffd87277390	2b85	5f8bf3d81ca0	5f8bf3d978d0	5f8bef141c90	1310000	c670	10000	0
13.167070	a396b	2487d	2f90	11	33c272	5f8bf3d35730	1b66	10000	7ffd87277390	2b85	5f8bf3d81ca0	5f8bf3d978d0	5f8bf30c1c90	330000	330000	10000	5e1
13.177791	a39bf	43	2f90	6	875f31	5f8bf3d35730	7	10000	7ffd87277390	2b85	5f8bf3d81ca0	5f8bf3d978d0	5f8bf1b81c90	880000	880000	10000	18b
13.189203	a39bc	1adc1	2f90	10	e1e180	5f8bf3d35730	14d0	10000	7ffd87277390	2b85	5f8bf3d81ca0	5f8bf3d978d0	5f8bf0501c90	e20000	e20000	10000	6ea
13.198349	a39b8	3b929	2f90	11	1275d7e	5f8bf3d35730	2a81	10000	7ffd87277390	2b85	5f8bf3d81ca0	5f8bf3d978d0	5f8bef381c90	1280000	1280000	10000	c8a
13.211838	a39a4	21fe9	2f90	11	2097e9	5f8bf3d35730	19b3	10000	7ffd87277390	2b85	5f8bf3d81ca0	5f8bf3d978d0	5f8bf35c1c90	1f0000	1f0000	10000	622
13.221434	a39dd	b2b7	2f90	f	6ae58b	5f8bf3d35730	969	10000	7ffd87277390	2b85	5f8bf3d81ca0	5f8bf3d978d0	5f8bf22c1c90	6b0000	6b0000	10000	cfc
13.230114	a39bc	1085	2f90	c	af7088	5f8bf3d35730	110	10000	7ffd87277390	2b85	5f8bf3d81ca0	5f8bf3d978d0	5f8bf1181c90	b00000	b00000	10000	109
13.239600	a39dd	1df	2f90	8	f92b79	5f8bf3d35730	25	10000	7ffd87277390	2b85	5f8bf3d81ca0	5f8bf3d978d0	5f8beff01c90	fa0000	fa0000	10000	bd2
13.247801	a39b8	2a07d	2f90	11	138aa98	5f8bf3d35730	1f01	10000	7ffd87277390	2b85	5f8bf3d81ca0	5f8bf3d978d0	5f8beef41c90	1390000	1390000	10000	bac
13.257548	a39b8	26b2b	2f90	11	13a286	5f8bf3d35730	1cd4	10000	7ffd87277390	2b85	5f8bf3d81ca0	5f8bf3d978d0	5f8bf3881c90	140000	140000	10000	83a
13.267002	a39bc	10f	2f90	8	5eee7e	5f8bf3d35730	14	10000	7ffd87277390	2b85	5f8bf3d81ca0	5f8bf3d978d0	5f8bf25c1c90	5f0000	5f0000	10000	a88
13.276497	a397c	5f8bf4311ca0	2f90	11	a975b3	5f8bf3d35730	1e0d	10000	7ffd87277390	2b85	5f8bf3d81ca0	5f8bf3d978d0	5f8bf1381c90	a80000	a80000	10000	3be
13.284370	a39bc	43	2f90	6	e6fb3d	5f8bf3d35730	7	10000	7ffd87277390	2b85	5f8bf3d81ca0	5f8bf3d978d0	5f8bf03c1c90	e70000	e70000	10000	398
13.298865	a39bc	741b	2f90	e	151ff35	5f8bf3d35730	667	10000	7ffd87277390	2b85	5f8bf3d81ca0	5f8bf3d978d0	5f8bee901c90	1520000	1520000	10000	819
13.309184	a39bc	19061	2f90	10	25953d	5f8bf3d35730	135b	10000	7ffd87277390	2b85	5f8bf3d81ca0	5f8bf3d978d0	5f8bf3401c90	260000	260000	10000	be8
13.322394	a39dd	1b6b	2f90	c	878792	5f8bf3d35730	1c1	10000	7ffd87277390	2b85	5f8bf3d81ca0	5f8bf3d978d0	5f8bf1b81c90	880000	880000	10000	18b
13.328446	a39dd	11a79	2f90	10	b5da90	5f8bf3d35730	e04	10000	7ffd87277390	2b85	5f8bf3d81ca0	5f8bf3d978d0	5f8bf1001c90	b60000	b60000	10000	243
13.336535	a39dd	10af	2f90	c	f5225a	5f8bf3d35730	114	10000	7ffd87277390	2b85	5f8bf3d81ca0	5f8bf3d978d0	5f8bf0001c90	f60000	f60000	10000	6a9
13.345042	a39d0	483d	2f90	e	130065e	5f8bf3d35730	42c	10000	7ffd87277390	2b85	5f8bf3d81ca0	5f8bf3d978d0	5f8bef181c90	1300000	1300000	10000	9d5
13.355522	a39dd	38f23	2f90	11	bb292	5f8bf3d35730	28d4	10000	7ffd87277390	2b85	5f8bf3d81ca0	5f8bf3d978d0	5f8bf3a81c90	c0000	c0000	10000	aef
13.360919	a39c4	3cbd5	2f90	11	33e66f	5f8bf3d35730	2b4b	10000	7ffd87277390	2b85	5f8bf3d81ca0	5f8bf3d978d0	5f8bf3101c90	320000	320000	10000	155
13.372264	a39bc	25b01	2f90	11	8b2c59	5f8bf3d35730	1c2e	10000	7ffd87277390	2b85	5f8bf3d81ca0	5f8bf3d978d0	5f8bf1a81c90	8c0000	8c0000	10000	6b4
13.386116	a39dd	43	2f90	6	f8a57d	5f8bf3d35730	7	10000	7ffd87277390	2b85	5f8bf3d81ca0	5f8bf3d978d0	5f8beff41c90	f90000	f90000	10000	746
13.393639	a3972	a4b9	2f90	f	135770c	5f8bf3d35730	8c3	10000	7ffd87277390	2b85	5f8bf3d81ca0	5f8bf3d978d0	5f8bef041c90	1350000	1350000	10000	683
13.402641	a39bc	23135	2f90	11	7341a	5f8bf3d35730	1a7b	10000	7ffd87277390	2b85	5f8bf3d81ca0	5f8bf3d978d0	5f8bf3b81c90	80000	80000	10000	5c6
13.415260	a39dd	1f	2f90	4	5c648d	5f8bf3d35730	5	10000	7ffd87277390	2b85	5f8bf3d81ca0	5f8bf3d978d0	5f8bf2641c90	5d0000	5d0000	10000	170
13.428834	a39bc	13481	2f90	10	b475e0	5f8bf3d35730	f33	10000	7ffd87277390	2b85	5f8bf3d81ca0	5f8bf3d978d0	5f8bf1041c90	b50000	b50000	10000	abe
13.443781	a39dd	6d	2f90	6	11979ed	5f8bf3d35730	a	10000	7ffd87277390	2b85	5f8bf3d81ca0	5f8bf3d978d0	5f8bef701c90	11a0000	11a0000	10000	fe
13.453453	a3a30	5f8bf3d41c90	8d88	11	15ed207	5f8bf3d35730	2b85	10000	7ffd87277390	2b85	5f8bf3d81ca0	5f8bf3d978d0	5f8bee641c90	15d0000	8d84	10000	0
13.466096	a39bc	33f1	2f90	d	499e94	5f8bf3d35730	328	10000	7ffd87277390	2b85	5f8bf3d81ca0	5f8bf3d978d0	5f8bf2b01c90	4a0000	4a0000	10000	63d
13.477226	a39bc	6c83	2f90	e	a1ed60	5f8bf3d35730	5fe	10000	7ffd87277390	2b85	5f8bf3d81ca0	5f8bf3d978d0	5f8bf1501c90	a20000	a20000	10000	284
13.483407	a39bc	43	2f90	6	d0f8be	5f8bf3d35730	7	10000	7ffd87277390	2b85	5f8bf3d81ca0	5f8bf3d978d0	5f8bf0941c90	d10000	d10000	10000	7c8
13.492700	a39bc	28bbf	2f90	11	117c637	5f8bf3d35730	1e33	10000	7ffd87277390	2b85	5f8bf3d81ca0	5f8bf3d978d0	5f8bef781c90	1180000	1180000	10000	4ed
13.499540	a39bc	305ef	2f90	11	14c3aec	5f8bf3d35730	2324	10000	7ffd87277390	2b85	5f8bf3d81ca0	5f8bf3d978d0	5f8beea41c90	14d0000	14d0000	10000	b6b
13.512360	a39dd	8f9	2f90	b	3f4320	5f8bf3d35730	a6	10000	7ffd87277390	2b85	5f8bf3d81ca0	5f8bf3d978d0	5f8bf2d81c90	400000	400000	10000	ce1
13.517514	a39dd	a463	2f90	f	66ba41	5f8bf3d35730	8bf	10000	7ffd87277390	2b85	5f8bf3d81ca0	5f8bf3d978d0	5f8bf23c1c90	670000	670000	10000	7d3
13.530809	a3a30	5f8bf3d41c90	9168	11	d1d7d4	5f8bf3d35730	2b85	10000	7ffd87277390	2b85	5f8bf3d81ca0	5f8bf3d978d0	5f8bf09c1c90	cf0000	9164	10000	0
13.536440	a39dd	1e58d	2f90	10	fbef27	5f8bf3d35730	1737	10000	7ffd87277390	2b85	5f8bf3d81ca0	5f8bf3d978d0	5f8befe81c90	fc0000	fc0000	10000	7e3
13.542275	a3a39	5f8bf3d41c90	12ec	11	12993c7	5f8bf3d35730	2b85	10000	7ffd87277390	2b85	5f8bf3d81ca0	5f8bf3d978d0	5f8bef341c90	1290000	12e8	10000	0
13.549335	a39bc	103f	2f90	c	1611747	5f8bf3d35730	10e	10000	7ffd87277390	2b85	5f8bf3d81ca0	5f8bf3d978d0	5f8bee501c90	1620000	1620000	10000	2af
13.561430	a39bc	be79	2f90	f	4c9681	5f8bf3d35730	9f2	10000	7ffd87277390	2b85	5f8bf3d81ca0	5f8bf3d978d0	5f8bf2a41c90	4d0000	4d0000	10000	6da
13.572346	a39bc	14b	2f90	8	9886c0	5f8bf3d35730	19	10000	7ffd87277390	2b85	5f8bf3d81ca0	5f8bf3d978d0	5f8bf1741c90	990000	990000	10000	ad
13.582621	a39a4	8a23	2f90	f	eb157b	5f8bf3d35730	77b	10000	7ffd87277390	2b85	5f8bf3d81ca0	5f8bf3d978d0	5f8bf02c1c90	eb0000	eb0000	10000	8c1
13.593521	a39dd	775d	2f90	e	140207d	5f8bf3d35730	689	10000	7ffd87277390	2b85	5f8bf3d81ca0	5f8bf3d978d0	5f8beed41c90	1410000	1410000	10000	8f7
13.603433	a3a39	5f8bf3d41c90	e790	11	1e489d	5f8bf3d35730	2b85	10000	7ffd87277390	2b85	5f8bf3d81ca0	5f8bf3d978d0	5f8bf3681c90	1c0000	e78c	10000	0
13.610296	a39bc	3f1	2f90	9	52c8a5	5f8bf3d35730	52	10000	7ffd87277390	2b85	5f8bf3d81ca0	5f8bf3d978d0	5f8bf28c1c90	530000	530000	10000	814
13.618490	a3a22	68bc	68b8	11	9488b8	5f8bf3d35730	2b85	10000	7ffd87277390	2b85	5f8bf3d81ca0	5f8bf3d978d0	5f8bf1941c90	910000	68b8	10000	0
13.629047	a39dd	1df	2f90	8	e4166b	5f8bf3d35730	25	10000	7ffd87277390	2b85	5f8bf3d81ca0	5f8bf3d978d0	5f8bf0441c90	e50000	e50000	10000	787
13.643606	a39bc	16bd	2f90	c	1583d77	5f8bf3d35730	175	10000	7ffd87277390	2b85	5f8bf3d81ca0	5f8bf3d978d0	5f8bee741c90	1590000	1590000	10000	d8
13.652014	a39bc	13919	2f90	10	26718c	5f8bf3d35730	f62	10000	7ffd87277390	2b85	5f8bf3d81ca0	5f8bf3d978d0	5f8bf33c1c90	270000	270000	10000	36d
13.658243	a39bc	43a9	2f90	e	577f20	5f8bf3d35730	3f0	10000	7ffd87277390	2b85	5f8bf3d81ca0	5f8bf3d978d0	5f8bf2781c90	580000	580000	10000	4c2
13.667343	a39dd	a93	2f90	b	9e5011	5f8bf3d35730	ba	10000	7ffd87277390	2b85	5f8bf3d81ca0	5f8bf3d978d0	5f8bf15c1c90	9f0000	9f0000	10000	1e7
13.673643	a397c	5f8bf4311ca0	2f90	11	d17cd9	5f8bf3d35730	1db6	10000	7ffd87277390	2b85	5f8bf3d81ca0	5f8bf3d978d0	5f8bf0941c90	d10000	d10000	10000	7c8
13.685220	a39dd	c7	2f90	7	12a2123	5f8bf3d35730	f	10000	7ffd87277390	2b85	5f8bf3d81ca0	5f8bf3d978d0	5f8bef2c1c90	12b0000	12b0000	10000	20
13.694490	a39dd	5341	2f90	e	111b5	5f8bf3d35730	4b2	10000	7ffd87277390	2b85	5f8bf3d81ca0	5f8bf3d978d0	5f8bf3d01c90	20000	20000	10000	48c
13.700096	a39dd	9efb	2f90	f	2b2f44	5f8bf3d35730	877	10000	7ffd87277390	2b85	5f8bf3d81ca0	5f8bf3d978d0	5f8bf3281c90	2c0000	2c0000	10000	1b
13.707890	a39bc	305dd	2f90	11	69fe02	5f8bf3d35730	2323	10000	7ffd87277390	2b85	5f8bf3d81ca0	5f8bf3d978d0	5f8bf2301c90	6a0000	6a0000	10000	870
13.721130	a39dd	11b	2f90	8	d3067b	5f8bf3d35730	15	10000	7ffd87277390	2b85	5f8bf3d81ca0	5f8bf3d978d0	5f8bf0881c90	d40000	d40000	10000	865
13.728689	a39bc	1f12d	2f90	10	10e11e2	5f8bf3d35730	17ae	10000	7ffd87277390	2b85	5f8bf3d81ca0	5f8bf3d978d0	5f8bef9c1c90	10f0000	10f0000	10000	316
13.738300	a39dd	d4f	2f90	b	15a09ce	5f8bf3d35730	e3	10000	7ffd87277390	2b85	5f8bf3d81ca0	5f8bf3d978d0	5f8bee6c1c90	15b0000	15b0000	10000	9f0
13.752387	a39dd	237c5	2f90	11	573a7b	5f8bf3d35730	1abe	10000	7ffd87277390	2b85	5f8bf3d81ca0	5f8bf3d978d0	5f8bf2781c90	580000	580000	10000	4c2
13.765157	a39b8	132d	2f90	c	bb00a6	5f8bf3d35730	141	10000	7ffd87277390	2b85	5f8bf3d81ca0	5f8bf3d978d0	5f8bf0e81c90	bc0000	bc0000	10000	37d
13.778436	a39b8	317b7	2f90	11	1244472	5f8bf3d35730	23e0	10000	7ffd87277390	2b85	5f8bf3d81ca0	5f8bf3d978d0	5f8bef441c90	1250000	1250000	10000	bed
13.787470	a39dd	31a2d	2f90	11	16c0b56	5f8bf3d35730	23f3	10000	7ffd87277390	2b85	5f8bf3d81ca0	5f8bf3d978d0	5f8bee241c90	16d0000	16d0000	10000	97
13.802328	a39bc	1cd	2f90	8	6e8cfe	5f8bf3d35730	23	10000	7ffd87277390	2b85	5f8bf3d81ca0	5f8bf3d978d0	5f8bf21c1c90	6f0000	6f0000	10000	51e
13.812239	a39c4	24ca9	2f90	11	bd7de6	5f8bf3d35730	1b97	10000	7ffd87277390	2b85	5f8bf3d81ca0	5f8bf3d978d0	5f8bf0e41c90	bd0000	bd0000	10000	809
13.825986	a39a4	8699	2f90	f	12a03e0	5f8bf3d35730	74e	10000	7ffd87277390	2b85	5f8bf3d81ca0	5f8bf3d978d0	5f8bef301c90	12a0000	12a0000	10000	89b
13.835771	a39bc	355	2f90	9	47cef	5f8bf3d35730	44	10000	7ffd87277390	2b85	5f8bf3d81ca0	5f8bf3d978d0	5f8bf3c41c90	50000	50000	10000	529
13.850603	15fcac8d2b24	5f8bf3d5bd70	6838	14a30	1a0e0	5f8bf3d47340	5f8bf3d61420	6838	7ffd87277388	5f8bf3d5bd70	1a0e0	5f8bf3d978d0	5f8bf1ec1c90	7c0000	7c0000	10000	c1e
13.864907	a39bc	641	2f90	a	ecab16	5f8bf3d35730	7a	10000	7ffd87277390	2b85	5f8bf3d81ca0	5f8bf3d978d0	5f8bf0241c90	ed0000	ed0000	10000	4d2
13.870246	a39cc	397b1	2f90	11	1185347	5f8bf3d35730	292a	10000	7ffd87277390	2b85	5f8bf3d81ca0	5f8bf3d978d0	5f8bef801c90	1160000	1160000	10000	8dc
13.883692	a39dd	a7	2f90	7	f0fbe	5f8bf3d35730	e	10000	7ffd87277390	2b85	5f8bf3d81ca0	5f8bf3d978d0	5f8bf3981c90	100000	100000	10000	311
13.890432	a39a7	31667	2f90	11	468fda	5f8bf3d35730	23d1	10000	7ffd87277390	2b85	5f8bf3d81ca0	5f8bf3d978d0	5f8bf2c81c90	440000	440000	10000	503
13.898347	a39bc	1f	2f90	4	83231c	5f8bf3d35730	5	10000	7ffd87277390	2b85	341c0	5f8bf3d978d0	5f8bf1c81c90	840000	840000	10000	969
13.910253	15fcac7d71c5	310	ffffffffffffffa0	4	5f8bf3cd0010	300	300	300	7ffd87277230	5f8bf3cd1c30	5f8bf3cd1b00	5f8bf3db6ee0	dd9bd55327923952	2f	5f8bf3cd1b00	300	3
13.925272	a39bc	293	2f90	9	154def0	5f8bf3d35730	37	10000	7ffd87277390	2b85	5f8bf3d81ca0	5f8bf3d978d0	5f8bee841c90	1550000	1550000	10000	8b6
13.933724	a39d4	1da7d	2f90	10	259a0a	5f8bf3d35730	16bc	10000	7ffd87277390	2b85	5f8bf3d81ca0	5f8bf3d978d0	5f8bf3441c90	250000	250000	10000	75c
13.940844	a39bc	3acd	2f90	d	5c60d7	5f8bf3d35730	380	10000	7ffd87277390	2b85	5f8bf3d81ca0	5f8bf3d978d0	5f8bf2641c90	5d0000	5d0000	10000	170
13.948016	a3a16	59b0	59ac	11	965474	5f8bf3d35730	2b85	10000	7ffd87277390	2b85	5f8bf3d81ca0	5f8bf3d978d0	5f8bf1801c90	960000	59a8	10000	0
13.963027	a4378	2b85	5f8bf3cda7b0	5f8bf43278d0	1364	0	0	5f8bf55f3820	7ffd87277390	24cd	24c	5f8bf433f490	dd9bd55327923952	2b85	66	24d	73
13.975884	a39bc	1f	2f90	4	1c739	5f8bf3d35730	5	10000	7ffd87277390	2b85	341c0	5f8bf3d978d0	5f8bf3d01c90	20000	20000	10000	48c
13.990640	a39dd	269f9	2f90	11	754f76	5f8bf3d35730	1cc4	10000	7ffd87277390	2b85	5f8bf3d81ca0	5f8bf3d978d0	5f8bf2001c90	760000	760000	10000	ae4
13.999747	a39bc	1f373	2f90	10	be0e38	5f8bf3d35730	17c7	10000	7ffd87277390	2b85	5f8bf3d81ca0	5f8bf3d978d0	5f8bf0dc1c90	bf0000	bf0000	10000	41a
14.006215	a39dd	2231	2f90	d	f1eded	5f8bf3d35730	228	10000	7ffd87277390	2b85	5f8bf3d81ca0	5f8bf3d978d0	5f8bf0101c90	f20000	f20000	10000	180
14.017703	a39dd	34e49	2f90	11	14c8607	5f8bf3d35730	261b	10000	7ffd87277390	2b85	5f8bf3d81ca0	5f8bf3d978d0	5f8beea41c90	14d0000	14d0000	10000	b6b
14.026889	a39b8	33025	2f90	11	23ba6c	5f8bf3d35730	24d6	10000	7ffd87277390	2b85	5f8bf3d81ca0	5f8bf3d978d0	5f8bf3481c90	240000	240000	10000	2d0
14.034643	a3a41	ffff	f23c	11	6476e7	5f8bf3d35730	2b85	10000	7ffd87277390	2b85	5f8bf3d81ca0	5f8bf3d978d0	5f8bf2541c90	610000	f238	10000	0
14.040473	a39dd	21eb9	2f90	11	8da4b6	5f8bf3d35730	19a9	10000	7ffd87277390	2b85	5f8bf3d81ca0	5f8bf3d978d0	5f8bf1a01c90	8e0000	8e0000	10000	2c5
14.046416	a3a16	d97c	d978	11	bc32da	5f8bf3d35730	2b85	10000	7ffd87277390	2b85	5f8bf3d81ca0	5f8bf3d978d0	5f8bf0e81c90	bc0000	d974	10000	0
14.054637	15fcac8d2b24	5f8bf3d4ed00	341c	1d60	d070	5f8bf3d4cfa0	5f8bf3d5a010	341c	7ffd87277388	5f8bf3d4ed00	d070	5f8bf3d978d0	5f8befe41c90	fe0000	fe0000	10000	3f4
14.061548	a39bc	12b23	2f90	10	130ce48	5f8bf3d35730	ec5	10000	7ffd87277390	2b85	5f8bf3d81ca0	5f8bf3d978d0	5f8bef141c90	1310000	1310000	10000	15a
14.070051	b4225	5c5db6a80a78aeac	2fd2b	0	16f5e	33e3ee	8e91d584643ec242	2b485	7ffd87277388	2fd2b	0	1e58a99	f2c54cd753561dd1	22c6	800000000033e3ee	8e91d584643ec242	2b85
14.084127	a39d9	962f	2f90	f	70aee3	5f8bf3d35730	809	10000	7ffd87277390	2b85	5f8bf3d81ca0	5f8bf3d978d0	5f8bf2141c90	710000	710000	10000	12f
14.096964	a397c	5f8bf4311ca0	2f90	11	d85830	5f8bf3d35730	23e9	10000	7ffd87277390	2b85	5f8bf3d81ca0	5f8bf3d978d0	5f8bf0801c90	d60000	d60000	10000	476
14.105210	a39bc	a457	2f90	f	116366e	5f8bf3d35730	8bd	10000	7ffd87277390	2b85	5f8bf3d81ca0	5f8bf3d978d0	5f8bef7c1c90	1170000	1170000	10000	61
14.111330	a39b8	1f98b	2f90	10	14549b4	5f8bf3d35730	180b	10000	7ffd87277390	2b85	5f8bf3d81ca0	5f8bf3d978d0	5f8beec01c90	1460000	1460000	10000	5a5
14.124807	a39dd	331b5	2f90	11	3ffeee	5f8bf3d35730	24e9	10000	7ffd87277390	2b85	5f8bf3d81ca0	5f8bf3d978d0	5f8bf2d81c90	400000	400000	10000	ce1
14.131325	a39dd	1127	2f90	c	7461b1	5f8bf3d35730	11f	10000	7ffd87277390	2b85	5f8bf3d81ca0	5f8bf3d978d0	5f8bf2041c90	750000	750000	10000	658
14.137539	a39bc	235f3	2f90	11	a43a88	5f8bf3d35730	1aa9	10000	7ffd87277390	2b85	5f8bf3d81ca0	5f8bf3d978d0	5f8bf1441c90	a50000	a50000	10000	321
14.148880	a3968	15adf	2f90	10	fd04d2	5f8bf3d35730	10ed	10000	7ffd87277390	2b85	5f8bf3d81ca0	5f8bf3d978d0	5f8befe81c90	fc0000	fc0000	10000	7e3
14.160975	a39dd	a67	2f90	b	15b04d4	5f8bf3d35730	b7	10000	7ffd87277390	2b85	5f8bf3d81ca0	5f8bf3d978d0	5f8bee681c90	15c0000	15c0000	10000	175
14.170356	a39a7	3073d	2f90	11	3494dd	5f8bf3d35730	2333	10000	7ffd87277390	2b85	5f8bf3d81ca0	5f8bf3d978d0	5f8bf30c1c90	330000	330000	10000	5e1
14.178206	a39dd	184f3	2f90	10	705cd9	5f8bf3d35730	12e2	10000	7ffd87277390	2b85	5f8bf3d81ca0	5f8bf3d978d0	5f8bf2141c90	710000	710000	10000	12f
14.189943	a39dd	2dbe7	2f90	11	cc42ca	5f8bf3d35730	2178	10000	7ffd87277390	2b85	5f8bf3d81ca0	5f8bf3d978d0	5f8bf0a41c90	cd0000	cd0000	10000	29f
14.197031	a39bc	1f	2f90	4	104c262	5f8bf3d35730	5	10000	7ffd87277390	2b85	341c0	5f8bf3d978d0	5f8befc41c90	1050000	1050000	10000	9ba
14.204487	a39bc	15b	2f90	8	13fc0a7	5f8bf3d35730	1b	10000	7ffd87277390	2b85	5f8bf3d81ca0	5f8bf3d978d0	5f8beed81c90	1400000	1400000	10000	46b
14.212972	a39dd	9b8d	2f90	f	f808c	5f8bf3d35730	849	10000	7ffd87277390	2b85	5f8bf3d81ca0	5f8bf3d978d0	5f8bf3981c90	100000	100000	10000	311
14.223770	a39bc	36e9	2f90	d	64cc55	5f8bf3d35730	352	10000	7ffd87277390	2b85	5f8bf3d81ca0	5f8bf3d978d0	5f8bf2441c90	650000	650000	10000	bc2
14.238171	a39bc	51b	2f90	a	d6ae28	5f8bf3d35730	68	10000	7ffd87277390	2b85	5f8bf3d81ca0	5f8bf3d978d0	5f8bf07c1c90	d70000	d70000	10000	902
14.251739	a39dd	25	2f90	5	13e3dc7	5f8bf3d35730	6	10000	7ffd87277390	2b85	5f8bf3d81ca0	5f8bf3d978d0	5f8beedc1c90	13f0000	13f0000	10000	ce6
14.258631	a39b8	24dc3	2f90	11	2c95a	5f8bf3d35730	1ba6	10000	7ffd87277390	2b85	5f8bf3d81ca0	5f8bf3d978d0	5f8bf3cc1c90	30000	30000	10000	918
14.273125	a39bc	61f	2f90	a	77094a	5f8bf3d35730	76	10000	7ffd87277390	2b85	5f8bf3d81ca0	5f8bf3d978d0	5f8bf1f81c90	780000	780000	10000	6f5
14.283721	a39dd	f0d	2f90	b	cacd12	5f8bf3d35730	fd	10000	7ffd87277390	2b85	5f8bf3d81ca0	5f8bf3d978d0	5f8bf0ac1c90	cb0000	cb0000	10000	68e
14.289087	a39bc	c9e3	2f90	f	f5cac2	5f8bf3d35730	a7b	10000	7ffd87277390	2b85	5f8bf3d81ca0	5f8bf3d978d0	5f8bf0001c90	f60000	f60000	10000	6a9
14.298631	a39bc	33779	2f90	11	141195a	5f8bf3d35730	2530	10000	7ffd87277390	2b85	5f8bf3d81ca0	5f8bf3d978d0	5f8beed01c90	1420000	1420000	10000	7c
14.307173	a39dd	2f29d	2f90	11	137b09	5f8bf3d35730	225e	10000	7ffd87277390	2b85	5f8bf3d81ca0	5f8bf3d978d0	5f8bf3881c90	140000	140000	10000	83a
14.322057	a39dd	151	2f90	8	89d0bf	5f8bf3d35730	1a	10000	7ffd87277390	2b85	5f8bf3d81ca0	5f8bf3d978d0	5f8bf1b01c90	8a0000	8a0000	10000	aa3
14.333493	a39bc	2dd3f	2f90	11	e3e31b	5f8bf3d35730	2184	10000	7ffd87277390	2b85	5f8bf3d81ca0	5f8bf3d978d0	5f8bf0481c90	e40000	e40000	10000	2fb
14.339515	a39bc	30005	2f90	11	11278fc	5f8bf3d35730	22e4	10000	7ffd87277390	2b85	5f8bf3d81ca0	5f8bf3d978d0	5f8bef8c1c90	1130000	1130000	10000	83f
14.352290	15fcac8d2b24	5f8bf3d4ed00	341c	9fe0	d070	5f8bf3d44d20	5f8bf3d51d90	341c	7ffd87277388	5f8bf3d4ed00	d070	5f8bf3d978d0	5f8bf3c01c90	70000	70000	10000	13a
14.358551	15fcac8d2b24	5f8bf3d5bd70	6838	78d0	1a0e0	5f8bf3d544a0	5f8bf3d6e580	6838	7ffd87277388	5f8bf3d5bd70	1a0e0	5f8bf3d978d0	5f8bf2f81c90	390000	390000	10000	71b
14.368443	a39dd	1f	2f90	4	85354a	5f8bf3d35730	5	10000	7ffd87277390	2b85	5f8bf3d81ca0	5f8bf3d978d0	5f8bf1c01c90	860000	860000	10000	57a
14.375321	a3998	2b85	2f90	11	bc19ef	5f8bf3d35730	20e6	10000	7ffd87277390	2b85	5f8bf3d81ca0	5f8bf3d978d0	5f8bf0ec1c90	bb0000	bb0000	10000	bf8
14.382733	a39bf	1f	2f90	4	f647a6	5f8bf3d35730	5	10000	7ffd87277390	2b85	341c0	5f8bf3d978d0	5f8beffc1c90	f70000	f70000	10000	b35
14.391276	a39bc	24b8d	2f90	11	138b367	5f8bf3d35730	1b89	10000	7ffd87277390	2b85	5f8bf3d81ca0	5f8bf3d978d0	5f8beef41c90	1390000	1390000	10000	bac
14.400708	a39bc	8fb3	2f90	f	ea543	5f8bf3d35730	7b9	10000	7ffd87277390	2b85	5f8bf3d81ca0	5f8bf3d978d0	5f8bf39c1c90	f0000	f0000	10000	b8c
14.410898	a39dd	455	2f90	a	5f6e64	5f8bf3d35730	5c	10000	7ffd87277390	2b85	5f8bf3d81ca0	5f8bf3d978d0	5f8bf2581c90	600000	600000	10000	20d
14.422293	a39dd	1cd	2f90	8	b9b2e7	5f8bf3d35730	23	10000	7ffd87277390	2b85	5f8bf3d81ca0	5f8bf3d978d0	5f8bf0f01c90	ba0000	ba0000	10000	76c
14.437094	a39bc	3a49b	2f90	11	12d3a34	5f8bf3d35730	29af	10000	7ffd87277390	2b85	5f8bf3d81ca0	5f8bf3d978d0	5f8bef201c90	12e0000	12e0000	10000	bd
14.449623	a39dd	175	2f90	8	1f852e	5f8bf3d35730	1d	10000	7ffd87277390	2b85	5f8bf3d81ca0	5f8bf3d978d0	5f8bf3581c90	200000	200000	10000	aae
14.463188	a39dd	2a0a7	2f90	11	86ae27	5f8bf3d35730	1f03	10000	7ffd87277390	2b85	5f8bf3d81ca0	5f8bf3d978d0	5f8bf1bc1c90	870000	870000	10000	a06
14.470286	a39a4	f937	2f90	f	bf9b3b	5f8bf3d35730	c96	10000	7ffd87277390	2b85	5f8bf3d81ca0	5f8bf3d978d0	5f8bf0dc1c90	bf0000	bf0000	10000	41a
14.485338	a39c4	342d1	2f90	11	1351c61	5f8bf3d35730	259c	10000	7ffd87277390	2b85	5f8bf3d81ca0	5f8bf3d978d0	5f8bef041c90	1350000	1350000	10000	683
14.494215	a39dd	f1	2f90	7	83412	5f8bf3d35730	12	10000	7ffd87277390	2b85	5f8bf3d81ca0	5f8bf3d978d0	5f8bf3b41c90	90000	90000	10000	a52
14.508520	a3a22	48cc	48c8	11	79dac0	5f8bf3d35730	2b85	10000	7ffd87277390	2b85	5f8bf3d81ca0	5f8bf3d978d0	5f8bf1f81c90	780000	48c8	10000	0
14.522189	a39bc	25f	2f90	9	e3af3d	5f8bf3d35730	31	10000	7ffd87277390	2b85	5f8bf3d81ca0	5f8bf3d978d0	5f8bf0481c90	e40000	e40000	10000	2fb
14.531806	a39bc	1f	2f90	4	12ab07d	5f8bf3d35730	5	10000	7ffd87277390	2b85	341c0	5f8bf3d978d0	5f8bef2c1c90	12b0000	12b0000	10000	20
14.537316	a3972	3ec9	2f90	d	1562b1f	5f8bf3d35730	3b6	10000	7ffd87277390	2b85	5f8bf3d81ca0	5f8bf3d978d0	5f8bee801c90	1560000	1560000	10000	3b
14.550466	a39a0	5f8bf3cf5710	2f90	11	4b7f5d	5f8bf3d35730	1c1d	10000	7ffd87277390	2b85	5f8bf3d81ca0	5f8bf3d978d0	5f8bf2ac1c90	4b0000	4b0000	10000	ac9
14.559438	a39b8	18abb	2f90	10	91b222	5f8bf3d35730	1319	10000	7ffd87277390	2b85	5f8bf3d81ca0	5f8bf3d978d0	5f8bf1901c90	920000	920000	10000	7ee
14.573929	a39bc	30dc3	2f90	11	103014f	5f8bf3d35730	2370	10000	7ffd87277390	2b85	5f8bf3d81ca0	5f8bf3d978d0	5f8befc81c90	1040000	1040000	10000	52e
14.579878	a39dd	97	2f90	7	13380b7	5f8bf3d35730	c	10000	7ffd87277390	2b85	5f8bf3d81ca0	5f8bf3d978d0	5f8bef081c90	1340000	1340000	10000	1f7
14.591155	a39bc	35b75	2f90	11	19b4f8	5f8bf3d35730	26b2	10000	7ffd87277390	2b85	5f8bf3d81ca0	5f8bf3d978d0	5f8bf3701c90	1a0000	1a0000	10000	974
14.601540	a39dd	181d5	2f90	10	6b17d8	5f8bf3d35730	12bc	10000	7ffd87277390	2b85	5f8bf3d81ca0	5f8bf3d978d0	5f8bf2281c90	6c0000	6c0000	10000	481
14.610617	a39dd	2479	2f90	d	b2e4be	5f8bf3d35730	246	10000	7ffd87277390	2b85	5f8bf3d81ca0	5f8bf3d978d0	5f8bf10c1c90	b30000	b30000	10000	1a6
14.623362	a3a41	ffff	6c54	11	117a42e	5f8bf3d35730	2b85	10000	7ffd87277390	2b85	5f8bf3d81ca0	5f8bf3d978d0	5f8bef801c90	1160000	6c50	10000	0
14.634068	a3968	1dda1	2f90	10	16c5688	5f8bf3d35730	16e2	10000	7ffd87277390	2b85	5f8bf3d81ca0	5f8bf3d978d0	5f8bee281c90	16c0000	16c0000	10000	912
14.640994	a39bc	1827b	2f90	10	2f53e7	5f8bf3d35730	12c7	10000	7ffd87277390	2b85	5f8bf3d81ca0	5f8bf3d978d0	5f8bf3181c90	300000	300000	10000	544
14.646411	a39dd	69d3	2f90	e	5951d5	5f8bf3d35730	5db	10000	7ffd87277390	2b85	5f8bf3d81ca0	5f8bf3d978d0	5f8bf2701c90	5a0000	5a0000	10000	d3
14.659036	a39bc	1f2df	2f90	10	bc5411	5f8bf3d35730	17c0	10000	7ffd87277390	2b85	5f8bf3d81ca0	5f8bf3d978d0	5f8bf0e41c90	bd0000	bd0000	10000	809
14.673998	a3968	17a3b	2f90	10	1334945	5f8bf3d35730	1267	10000	7ffd87277390	2b85	5f8bf3d81ca0	5f8bf3d978d0	5f8bef0c1c90	1330000	1330000	10000	a72
14.683969	a39bc	e6b7	2f90	f	d2979	5f8bf3d35730	bc2	10000	7ffd87277390	2b85	5f8bf3d81ca0	5f8bf3d978d0	5f8bf3a01c90	e0000	e0000	10000	700
14.695359	a39d0	36d01	2f90	11	69d633	5f8bf3d35730	2764	10000	7ffd87277390	2b85	5f8bf3d81ca0	5f8bf3d978d0	5f8bf2381c90	680000	680000	10000	c5f
14.710049	a3a12	1111	654c	11	de9569	5f8bf3d35730	2b85	10000	7ffd87277390	2b85	5f8bf3d81ca0	5f8bf3d978d0	5f8bf0681c90	dc0000	6548	10000	0
14.721481	a39dd	110b	2f90	c	13509e7	5f8bf3d35730	11d	10000	7ffd87277390	2b85	5f8bf3d81ca0	5f8bf3d978d0	5f8bef001c90	1360000	1360000	10000	b0f
14.727258	a39dd	1327	2f90	c	1633edb	5f8bf3d35730	140	10000	7ffd87277390	2b85	5f8bf3d81ca0	5f8bf3d978d0	5f8bee481c90	1640000	1640000	10000	bc7
14.740779	a39dd	2bee3	2f90	11	5a1ca3	5f8bf3d35730	2047	10000	7ffd87277390	2b85	5f8bf3d81ca0	5f8bf3d978d0	5f8bf26c1c90	5b0000	5b0000	10000	55f
14.746399	a39dd	1f	2f90	4	883daf	5f8bf3d35730	5	10000	7ffd87277390	2b85	5f8bf3d81ca0	5f8bf3d978d0	5f8bf1b41c90	890000	890000	10000	617
14.757927	a39bc	ebab	2f90	f	e3fb25	5f8bf3d35730	c02	10000	7ffd87277390	2b85	5f8bf3d81ca0	5f8bf3d978d0	5f8bf0481c90	e40000	e40000	10000	2fb
14.771166	a39bc	1d699	2f90	10	14cfdbe	5f8bf3d35730	168b	10000	7ffd87277390	2b85	5f8bf3d81ca0	5f8bf3d978d0	5f8beea41c90	14d0000	14d0000	10000	b6b
14.778280	a39d0	9c97	2f90	f	f14d0	5f8bf3d35730	857	10000	7ffd87277390	2b85	5f8bf3d81ca0	5f8bf3d978d0	5f8bf39c1c90	f0000	f0000	10000	b8c
14.786699	a39b8	5d5	2f90	a	51b1a6	5f8bf3d35730	72	10000	7ffd87277390	2b85	5f8bf3d81ca0	5f8bf3d978d0	5f8bf2901c90	520000	520000	10000	388
14.798009	a39bc	18f5	2f90	c	aa180f	5f8bf3d35730	19c	10000	7ffd87277390	2b85	5f8bf3d81ca0	5f8bf3d978d0	5f8bf12c1c90	ab0000	ab0000	10000	45b
14.808109	a39dd	1f7	2f90	8	fad778	5f8bf3d35730	28	10000	7ffd87277390	2b85	5f8bf3d81ca0	5f8bf3d978d0	5f8befec1c90	fb0000	fb0000	10000	357
14.820088	a39dd	20fcf	2f90	11	15ac29c	5f8bf3d35730	18fd	10000	7ffd87277390	2b85	5f8bf3d81ca0	5f8bf3d978d0	5f8bee6c1c90	15b0000	15b0000	10000	9f0
14.832479	a39dd	3f79	2f90	d	489ff7	5f8bf3d35730	3c1	10000	7ffd87277390	2b85	5f8bf3d81ca0	5f8bf3d978d0	5f8bf2b41c90	490000	490000	10000	1b1
14.841705	a3998	2b85	2f90	11	93113e	5f8bf3d35730	1a04	10000	7ffd87277390	2b85	5f8bf3d81ca0	5f8bf3d978d0	5f8bf1901c90	920000	920000	10000	7ee
14.847249	a39bc	14be7	2f90	10	bbae43	5f8bf3d35730	1049	10000	7ffd87277390	2b85	5f8bf3d81ca0	5f8bf3d978d0	5f8bf0e81c90	bc0000	bc0000	10000	37d
14.855831	a39dd	9d	2f90	7	ff0a06	5f8bf3d35730	d	10000	7ffd87277390	2b85	5f8bf3d81ca0	5f8bf3d978d0	5f8befd81c90	1000000	1000000	10000	5
14.870717	a39bc	a67	2f90	b	26475	5f8bf3d35730	b7	10000	7ffd87277390	2b85	5f8bf3d81ca0	5f8bf3d978d0	5f8bf3cc1c90	30000	30000	10000	918
14.878143	a3968	17321	2f90	10	3d08ca	5f8bf3d35730	1210	10000	7ffd87277390	2b85	5f8bf3d81ca0	5f8bf3d978d0	5f8bf2e41c90	3d0000	3d0000	10000	c44
14.887617	a39bc	2ab	2f90	9	85b103	5f8bf3d35730	3a	10000	7ffd87277390	2b85	5f8bf3d81ca0	5f8bf3d978d0	5f8bf1c01c90	860000	860000	10000	57a
14.901890	a39bc	151	2f90	8	f48716	5f8bf3d35730	1a	10000	7ffd87277390	2b85	5f8bf3d81ca0	5f8bf3d978d0	5f8bf0041c90	f50000	f50000	10000	21d
14.910471	15fcac8d2b8a	5f8bf3d426e0	d07	c2c	29cc	5f8bf49cfd90	5f8bf3d44480	294	7ffd87277388	5f8bf3d426e0	5f8bf3d81ca0	5f8bf3d978d0	5f8bef001c90	1370000	1370000	10000	294
14.918456	a2943	d6297da4	5f8bd8982260	0	0	0	ea26	ea26	7ffd87277390	115d9	5f8bf3db1930	75888521b490	75888521ace0	dcb	8	115d9	4125
14.924582	a3964	18f3b	2f90	10	1c40d6	5f8bf3d35730	1350	10000	7ffd87277390	2b85	5f8bf3d81ca0	5f8bf3d978d0	5f8bf3681c90	1c0000	1c0000	10000	585
14.935238	a39dd	455	2f90	a	6f3675	5f8bf3d35730	5c	10000	7ffd87277390	2b85	5f8bf3d81ca0	5f8bf3d978d0	5f8bf2181c90	700000	700000	10000	9aa
14.948961	a398f	2b85	2f90	f	db3e25	5f8bf3d35730	925	10000	7ffd87277390	2b85	5f8bf3d81ca0	5f8bf3d978d0	5f8bf06c1c90	db0000	db0000	10000	124
14.958238	a39bc	25bf5	2f90	11	1229b7c	5f8bf3d35730	1c34	10000	7ffd87277390	2b85	5f8bf3d81ca0	5f8bf3d978d0	5f8bef4c1c90	1230000	1230000	10000	2d5
14.969480	a3964	2a6d3	2f90	11	74315	5f8bf3d35730	1f48	10000	7ffd87277390	2b85	5f8bf3d81ca0	5f8bf3d978d0	5f8bf3bc1c90	70000	70000	10000	13a
14.980075	a39a4	1d4b9	2f90	10	5a83b2	5f8bf3d35730	1676	10000	7ffd87277390	2b85	5f8bf3d81ca0	5f8bf3d978d0	5f8bf2701c90	5a0000	5a0000	10000	d3
14.990580	a3972	bd19	2f90	f	ae3eb3	5f8bf3d35730	9e4	10000	7ffd87277390	2b85	5f8bf3d81ca0	5f8bf3d978d0	5f8bf1201c90	ae0000	ae0000	10000	4f8
14.996017	a39cc	1b3b	2f90	c	d8104a	5f8bf3d35730	1bc	10000	7ffd87277390	2b85	5f8bf3d81ca0	5f8bf3d978d0	5f8bf0781c90	d80000	d80000	10000	87
15.008953	a39bc	223	2f90	9	13d3e4b	5f8bf3d35730	2a	10000	7ffd87277390	2b85	5f8bf3d81ca0	5f8bf3d978d0	5f8beee01c90	13e0000	13e0000	10000	85a
15.023533	15fcac8d2b8a	5f8bf3d450ac	d07	1768	341c	5f8bf3d43944	5f8bf3d46d60	d07	7ffd87277388	5f8bf3d450ac	5f8bf3d81ca0	5f8bf3d978d0	5f8bf2e01c90	3f0000	3f0000	10000	855
15.038134	a39d9	305	2f90	9	b14d6a	5f8bf3d35730	3e	10000	7ffd87277390	2b85	5f8bf3d81ca0	5f8bf3d978d0	5f8bf1101c90	b20000	b20000	10000	a21
15.043373	a39bc	1ddb	2f90	c	d8dca8	5f8bf3d35730	1e3	10000	7ffd87277390	2b85	5f8bf3d81ca0	5f8bf3d978d0	5f8bf0741c90	d90000	d90000	10000	513
15.054768	a39bc	491f	2f90	e	1326702	5f8bf3d35730	433	10000	7ffd87277390	2b85	5f8bf3d81ca0	5f8bf3d978d0	5f8bef0c1c90	1330000	1330000	10000	a72
15.064943	a39bc	165b3	2f90	10	1079e8	5f8bf3d35730	1175	10000	7ffd87277390	2b85	5f8bf3d81ca0	5f8bf3d978d0	5f8bf3941c90	110000	110000	10000	79d
15.077263	15fcac8d2b24	5f8bf3d5bd70	6838	bd70	1a0e0	5f8bf3d50000	5f8bf3d6a0e0	6838	7ffd87277388	5f8bf3d5bd70	1a0e0	5f8bf3d978d0	5f8bf2081c90	750000	750000	10000	658
15.086722	a39bc	89	2f90	7	bf5677	5f8bf3d35730	b	10000	7ffd87277390	2b85	5f8bf3d81ca0	5f8bf3d978d0	5f8bf0d81c90	c00000	c00000	10000	8a6
15.094463	a39bc	1f	2f90	4	fd63a0	5f8bf3d35730	5	10000	7ffd87277390	2b85	341c0	5f8bf3d978d0	5f8befe01c90	fe0000	fe0000	10000	3f4
15.108033	a39bc	13d	2f90	8	16a7d51	5f8bf3d35730	18	10000	7ffd87277390	2b85	5f8bf3d81ca0	5f8bf3d978d0	5f8bee2c1c90	16b0000	16b0000	10000	486
15.117379	a39bc	16849	2f90	10	409a5e	5f8bf3d35730	118e	10000	7ffd87277390	2b85	5f8bf3d81ca0	5f8bf3d978d0	5f8bf2d41c90	410000	410000	10000	466
15.132049	a39bc	2ac9d	2f90	11	b16a27	5f8bf3d35730	1f82	10000	7ffd87277390	2b85	5f8bf3d81ca0	5f8bf3d978d0	5f8bf1101c90	b20000	b20000	10000	a21
15.145813	a39dd	1f	2f90	4	1132699	5f8bf3d35730	5	10000	7ffd87277390	2b85	5f8bf3d81ca0	5f8bf3d978d0	5f8bef881c90	1140000	1140000	10000	ccb
15.156261	a3a12	1111	37dc	11	164a560	5f8bf3d35730	2b85	10000	7ffd87277390	2b85	5f8bf3d81ca0	5f8bf3d978d0	5f8bee541c90	1610000	37d8	10000	0
15.169535	a39dd	6b89	2f90	e	55afb2	5f8bf3d35730	5ed	10000	7ffd87277390	2b85	5f8bf3d81ca0	5f8bf3d978d0	5f8bf2801c90	560000	560000	10000	8b1
15.180783	15fcac8d2b8a	5f8bf3d484c8	1a0e	5ce0	6838	5f8bf3d427e8	5f8bf3d49020	1a0e	7ffd87277388	5f8bf3d484c8	5f8bf3d81ca0	5f8bf3d978d0	5f8bf1201c90	af0000	af0000	10000	984
15.186406	a39dd	3c605	2f90	11	d9d701	5f8bf3d35730	2b03	10000	7ffd87277390	2b85	5f8bf3d81ca0	5f8bf3d978d0	5f8bf0701c90	da0000	da0000	10000	99f
15.193759	a39d9	24b1d	2f90	11	11220c9	5f8bf3d35730	1b82	10000	7ffd87277390	2b85	5f8bf3d81ca0	5f8bf3d978d0	5f8bef8c1c90	1130000	1130000	10000	83f
15.205272	a39d0	dff1	1e5	f	16eb9fd	5f8bf3d35730	b71	3601	7ffd87277390	2b85	5f8bf3d81ca0	5f8bf3d978d0	5f8bee1c1c90	16e3601	16e3601	3601	9af
15.217485	a39bc	8699	2f90	f	5dcf35	5f8bf3d35730	74e	10000	7ffd87277390	2b85	5f8bf3d81ca0	5f8bf3d978d0	5f8bf2601c90	5e0000	5e0000	10000	5fc
15.223356	a39bc	314a5	2f90	11	8a6bb0	5f8bf3d35730	23bb	10000	7ffd87277390	2b85	5f8bf3d81ca0	5f8bf3d978d0	5f8bf1ac1c90	8b0000	8b0000	10000	228
15.233872	a39dd	ca75	2f90	f	ded7e3	5f8bf3d35730	a84	10000	7ffd87277390	2b85	5f8bf3d81ca0	5f8bf3d978d0	5f8bf05c1c90	df0000	df0000	10000	64d
15.246151	a39dd	37c5b	2f90	11	13c7a76	5f8bf3d35730	280a	10000	7ffd87277390	2b85	5f8bf3d81ca0	5f8bf3d978d0	5f8beee41c90	13d0000	13d0000	10000	3ce
15.257404	a39dd	a10b	2f90	f	20ccda	5f8bf3d35730	892	10000	7ffd87277390	2b85	5f8bf3d81ca0	5f8bf3d978d0	5f8bf3541c90	210000	210000	10000	233
15.266358	a39dd	43	2f90	6	66e666	5f8bf3d35730	7	10000	7ffd87277390	2b85	5f8bf3d81ca0	5f8bf3d978d0	5f8bf23c1c90	670000	670000	10000	7d3
15.278707	a39dd	175	2f90	8	c72c95	5f8bf3d35730	1d	10000	7ffd87277390	2b85	5f8bf3d81ca0	5f8bf3d978d0	5f8bf0b81c90	c80000	c80000	10000	5f1
15.285754	a39bc	6ca9	2f90	e	fe60d8	5f8bf3d35730	600	10000	7ffd87277390	2b85	5f8bf3d81ca0	5f8bf3d978d0	5f8befdc1c90	ff0000	ff0000	10000	880
15.300141	b4225	e1ea566ccf4ed9ed	71fb	0	763	2dce97	f0e8c43110814fc2	6a2a	7ffd87277388	71fb	0	1e51934	f28c9a6c669af8b2	64c	80000000002dce97	f0e8c43110814fc2	2b85
15.309716	a39dd	959	2f90	b	49a0b7	5f8bf3d35730	ac	10000	7ffd87277390	2b85	5f8bf3d81ca0	5f8bf3d978d0	5f8bf2b01c90	4a0000	4a0000	10000	63d
15.317973	a3a39	5f8bf3d41c90	691c	11	8d0c9c	5f8bf3d35730	2b85	10000	7ffd87277390	2b85	5f8bf3d81ca0	5f8bf3d978d0	5f8bf1b01c90	8a0000	6918	10000	0
15.326035	a39dd	25c67	2f90	11	c85148	5f8bf3d35730	1c3a	10000	7ffd87277390	2b85	5f8bf3d81ca0	5f8bf3d978d0	5f8bf0b41c90	c90000	c90000	10000	a7d
15.339640	a39bf	ffd	2f90	b	13480f9	5f8bf3d35730	10a	10000	7ffd87277390	2b85	5f8bf3d81ca0	5f8bf3d978d0	5f8bef041c90	1350000	1350000	10000	683
15.352839	a3968	1b679	2f90	10	2c0092	5f8bf3d35730	1530	10000	7ffd87277390	2b85	5f8bf3d81ca0	5f8bf3d978d0	5f8bf3281c90	2c0000	2c0000	10000	1b
15.359463	a39b8	1790f	2f90	10	5e3c4c	5f8bf3d35730	125f	10000	7ffd87277390	2b85	5f8bf3d81ca0	5f8bf3d978d0	5f8bf25c1c90	5f0000	5f0000	10000	a88
15.370586	a39a4	98c9	2f90	f	b7232c	5f8bf3d35730	824	10000	7ffd87277390	2b85	5f8bf3d81ca0	5f8bf3d978d0	5f8bf0fc1c90	b70000	b70000	10000	6cf
15.382643	a39dd	25	2f90	5	115f838	5f8bf3d35730	6	10000	7ffd87277390	2b85	5f8bf3d81ca0	5f8bf3d978d0	5f8bef801c90	1160000	1160000	10000	8dc
15.393560	a39bc	9a9	2f90	b	16ba9b5	5f8bf3d35730	b0	10000	7ffd87277390	2b85	5f8bf3d81ca0	5f8bf3d978d0	5f8bee281c90	16c0000	16c0000	10000	912
15.405606	a39dd	23b	2f90	9	57cc8d	5f8bf3d35730	2c	10000	7ffd87277390	2b85	5f8bf3d81ca0	5f8bf3d978d0	5f8bf2781c90	580000	580000	10000	4c2
15.412928	a39dd	2629	2f90	d	91c661	5f8bf3d35730	262	10000	7ffd87277390	2b85	5f8bf3d81ca0	5f8bf3d978d0	5f8bf1901c90	920000	920000	10000	7ee
15.423577	a39a7	12605	2f90	10	e4701d	5f8bf3d35730	e8c	10000	7ffd87277390	2b85	5f8bf3d81ca0	5f8bf3d978d0	5f8bf0481c90	e40000	e40000	10000	2fb
15.438638	a39bc	2946b	2f90	11	15cba71	5f8bf3d35730	1e88	10000	7ffd87277390	2b85	5f8bf3d81ca0	5f8bf3d978d0	5f8bee641c90	15d0000	15d0000	10000	601
15.450189	a39bc	38f	2f90	9	459d65	5f8bf3d35730	48	10000	7ffd87277390	2b85	5f8bf3d81ca0	5f8bf3d978d0	5f8bf2c01c90	460000	460000	10000	114
15.456016	a39bc	12ed1	2f90	10	71e102	5f8bf3d35730	ee9	10000	7ffd87277390	2b85	5f8bf3d81ca0	5f8bf3d978d0	5f8bf2101c90	720000	720000	10000	5bb
15.466696	a39dd	1a5	2f90	8	c826d1	5f8bf3d35730	21	10000	7ffd87277390	2b85	5f8bf3d81ca0	5f8bf3d978d0	5f8bf0b41c90	c90000	c90000	10000	a7d
15.478369	6ecd7	3	56	7	5f8bf3e7f65c	5f8bd89865b8	7ffd87277218	3	7ffd87277210	16	4	18	dd9bd55327923952	5f8bf3e7f65c	7ffd872772c0	218	5f8bf3e7f740
15.491679	a39a7	27947	2f90	11	19e175	5f8bf3d35730	1d7e	10000	7ffd87277390	2b85	5f8bf3d81ca0	5f8bf3d978d0	5f8bf3781c90	180000	180000	10000	5c
15.497576	a39dd	35d5	2f90	d	475185	5f8bf3d35730	343	10000	7ffd87277390	2b85	5f8bf3d81ca0	5f8bf3d978d0	5f8bf2b81c90	480000	480000	10000	a2c
15.511811	a39dd	2c089	2f90	11	b84e8e	5f8bf3d35730	2057	10000	7ffd87277390	2b85	5f8bf3d81ca0	5f8bf3d978d0	5f8bf0f41c90	b90000	b90000	10000	2e0
15.517706	a39dd	200f9	2f90	11	e7fe0b	5f8bf3d35730	185c	10000	7ffd87277390	2b85	5f8bf3d81ca0	5f8bf3d978d0	5f8bf0381c90	e80000	e80000	10000	824
15.530471	a39bc	34817	2f90	11	14b2c34	5f8bf3d35730	25d4	10000	7ffd87277390	2b85	5f8bf3d81ca0	5f8bf3d978d0	5f8beea81c90	14c0000	14c0000	10000	6df
15.539144	a398f	2b85	2f90	10	1e21a8	5f8bf3d35730	1829	10000	7ffd87277390	2b85	5f8bf3d81ca0	5f8bf3d978d0	5f8bf3641c90	1d0000	1d0000	10000	a11
15.553469	a3a41	ffff	8b44	11	905436	5f8bf3d35730	2b85	10000	7ffd87277390	2b85	5f8bf3d81ca0	5f8bf3d978d0	5f8bf1a01c90	8e0000	8b40	10000	0
15.565476	a39c4	2abff	2f90	11	ec5300	5f8bf3d35730	1f7d	10000	7ffd87277390	2b85	5f8bf3d81ca0	5f8bf3d978d0	5f8bf0281c90	ec0000	ec0000	10000	46
15.576475	a39bc	170ff	2f90	10	1430d4c	5f8bf3d35730	11f6	10000	7ffd87277390	2b85	5f8bf3d81ca0	5f8bf3d978d0	5f8beec81c90	1440000	1440000	10000	994
15.582100	b423f	3640774699b4d33e	2f81	0	e88	ffffffffff31cd17	2c6210cba6e6e2c6	2aeb	7ffd87277388	2f81	ce32e8	1e51934	f28c9a6c669af8b2	2e7	7fffffffff31cd17	d39def3459191d3a	2b85
15.587590	a39a4	2126b	2f90	11	287dfe	5f8bf3d35730	191e	10000	7ffd87277390	2b85	5f8bf3d81ca0	5f8bf3d978d0	5f8bf3381c90	280000	280000	10000	7f9
15.598767	a39dd	27c49	2f90	11	80b5ee	5f8bf3d35730	1d9d	10000	7ffd87277390	2b85	5f8bf3d81ca0	5f8bf3d978d0	5f8bf1d41c90	810000	810000	10000	8cc
15.605381	a39bc	241	2f90	9	b4f9e4	5f8bf3d35730	2d	10000	7ffd87277390	2b85	5f8bf3d81ca0	5f8bf3d978d0	5f8bf1041c90	b50000	b50000	10000	abe
15.613635	a3a30	5f8bf3d41c90	80f8	11	f5f896	5f8bf3d35730	2b85	10000	7ffd87277390	2b85	5f8bf3d81ca0	5f8bf3d978d0	5f8bf0041c90	f50000	80f4	10000	0
15.620867	a39e5	60bb	2f90	e	12f02fb	5f8bf3d35730	560	10000	7ffd87277390	2b85	5f8bf3d81ca0	5f8bf3d978d0	5f8bef1c1c90	12f0000	12f0000	10000	549
15.626206	15fcac8d2b24	5f8bf3d5bd70	6838	2390	1a0e0	5f8bf3d599e0	5f8bf3d73ac0	6838	7ffd87277388	5f8bf3d5bd70	1a0e0	5f8bf3d978d0	5f8bee781c90	1590000	1590000	10000	d8
15.639538	a39bc	4fa9	2f90	e	4cdb28	5f8bf3d35730	485	10000	7ffd87277390	2b85	5f8bf3d81ca0	5f8bf3d978d0	5f8bf2a41c90	4d0000	4d0000	10000	6da
15.653254	a39dd	2479	2f90	d	a7ffe9	5f8bf3d35730	246	10000	7ffd87277390	2b85	5f8bf3d81ca0	5f8bf3d978d0	5f8bf1381c90	a80000	a80000	10000	3be
15.664943	a3968	2acc7	2f90	11	fbb882	5f8bf3d35730	1f85	10000	7ffd87277390	2b85	5f8bf3d81ca0	5f8bf3d978d0	5f8befec1c90	fb0000	fb0000	10000	357
15.678176	a39dd	3a51f	2f90	11	15e3b0b	5f8bf3d35730	29b6	10000	7ffd87277390	2b85	5f8bf3d81ca0	5f8bf3d978d0	5f8bee5c1c90	15f0000	15f0000	10000	212
15.693139	a39bc	16361	2f90	10	56357c	5f8bf3d35730	1159	10000	7ffd87277390	2b85	5f8bf3d81ca0	5f8bf3d978d0	5f8bf27c1c90	570000	570000	10000	36
15.699908	a39dd	353fb	2f90	11	8574a3	5f8bf3d35730	2659	10000	7ffd87277390	2b85	5f8bf3d81ca0	5f8bf3d978d0	5f8bf1c01c90	860000	860000	10000	57a
15.706627	a39dd	102b	2f90	c	b88f82	5f8bf3d35730	10d	10000	7ffd87277390	2b85	5f8bf3d81ca0	5f8bf3d978d0	5f8bf0f41c90	b90000	b90000	10000	2e0
15.711873	a39bc	16501	2f90	10	e08139	5f8bf3d35730	1170	10000	7ffd87277390	2b85	5f8bf3d81ca0	5f8bf3d978d0	5f8bf0541c90	e10000	e10000	10000	25e
15.726310	a39bc	1df	2f90	8	150efe2	5f8bf3d35730	25	10000	7ffd87277390	2b85	5f8bf3d81ca0	5f8bf3d978d0	5f8bee941c90	1510000	1510000	10000	38d
15.740428	a39d0	2481d	2f90	11	4bd1a0	5f8bf3d35730	1b62	10000	7ffd87277390	2b85	5f8bf3d81ca0	5f8bf3d978d0	5f8bf2b01c90	4a0000	4a0000	10000	63d
15.752222	a39bc	1f	2f90	4	a751ea	5f8bf3d35730	5	10000	7ffd87277390	2b85	341c0	5f8bf3d978d0	5f8bf1381c90	a80000	a80000	10000	3be
15.759893	a3998	2b85	2f90	11	e319c2	5f8bf3d35730	197a	10000	7ffd87277390	2b85	5f8bf3d81ca0	5f8bf3d978d0	5f8bf04c1c90	e30000	e30000	10000	b76
15.774784	a39dd	4223	2f90	e	1528561	5f8bf3d35730	3de	10000	7ffd87277390	2b85	5f8bf3d81ca0	5f8bf3d978d0	5f8bee8c1c90	1530000	1530000	10000	ca5
15.781314	a39b8	1cb49	2f90	10	dde61	5f8bf3d35730	160a	10000	7ffd87277390	2b85	5f8bf3d81ca0	5f8bf3d978d0	5f8bf3a01c90	e0000	e0000	10000	700
15.786573	a39bc	5491	2f90	e	31ef45	5f8bf3d35730	4cb	10000	7ffd87277390	2b85	5f8bf3d81ca0	5f8bf3d978d0	5f8bf3101c90	320000	320000	10000	155
15.800724	a39dd	49d3	2f90	e	951762	5f8bf3d35730	43a	10000	7ffd87277390	2b85	5f8bf3d81ca0	5f8bf3d978d0	5f8bf1801c90	960000	960000	10000	10
15.811723	a39bc	4b65	2f90	e	e29be2	5f8bf3d35730	44d	10000	7ffd87277390	2b85	5f8bf3d81ca0	5f8bf3d978d0	5f8bf04c1c90	e30000	e30000	10000	b76
15.824196	a39bc	99d7	2f90	f	1365d36	5f8bf3d35730	833	10000	7ffd87277390	2b85	5f8bf3d81ca0	5f8bf3d978d0	5f8beefc1c90	1370000	1370000	10000	294
15.834758	15fcac7d7066	80	1	5f8bf52b7c60	7e	5f8bf5acd740	10	5f8bf5ad1c90	7ffd87277240	b	5f8bf52b7c60	5f8bf3cd40c0	dd9bd55327923952	10	7ffd87277340	7e	5f8bf5acd740
15.846503	a39dd	71fb	2f90	e	745c38	5f8bf3d35730	64c	10000	7ffd87277390	2b85	5f8bf3d81ca0	5f8bf3d978d0	5f8bf2041c90	750000	750000	10000	658
15.860410	a39cc	21607	2f90	11	e31947	5f8bf3d35730	1949	10000	7ffd87277390	2b85	5f8bf3d81ca0	5f8bf3d978d0	5f8bf04c1c90	e30000	e30000	10000	b76
15.867491	a39bc	14ad3	2f90	10	119c4c4	5f8bf3d35730	103e	10000	7ffd87277390	2b85	5f8bf3d81ca0	5f8bf3d978d0	5f8bef701c90	11a0000	11a0000	10000	fe
15.875043	a39dd	1961f	2f90	10	15576c8	5f8bf3d35730	13a0	10000	7ffd87277390	2b85	5f8bf3d81ca0	5f8bf3d978d0	5f8bee801c90	1560000	1560000	10000	3b
15.883664	a39bc	1f	2f90	4	2708d0	5f8bf3d35730	5	10000	7ffd87277390	2b85	341c0	5f8bf3d978d0	5f8bf3381c90	280000	280000	10000	7f9
15.895972	a39dd	13c7f	2f90	10	879d15	5f8bf3d35730	f8f	10000	7ffd87277390	2b85	5f8bf3d81ca0	5f8bf3d978d0	5f8bf1b81c90	880000	880000	10000	18b
15.910468	a39dd	1c73	2f90	c	fa792c	5f8bf3d35730	1d2	10000	7ffd87277390	2b85	5f8bf3d81ca0	5f8bf3d978d0	5f8befec1c90	fb0000	fb0000	10000	357
15.921468	a39dd	1723d	2f90	10	151490c	5f8bf3d35730	1205	10000	7ffd87277390	2b85	5f8bf3d81ca0	5f8bf3d978d0	5f8bee901c90	1520000	1520000	10000	819
15.935975	a39bc	745	2f90	a	51b7ad	5f8bf3d35730	8b	10000	7ffd87277390	2b85	5f8bf3d81ca0	5f8bf3d978d0	5f8bf2901c90	520000	520000	10000	388
15.949810	a39bc	2c513	2f90	11	bbbf26	5f8bf3d35730	207b	10000	7ffd87277390	2b85	5f8bf3d81ca0	5f8bf3d978d0	5f8bf0e81c90	bc0000	bc0000	10000	37d
15.959523	a39b8	197cf	2f90	10	108a797	5f8bf3d35730	13ba	10000	7ffd87277390	2b85	5f8bf3d81ca0	5f8bf3d978d0	5f8befb41c90	1090000	1090000	10000	1dc
15.973107	a39bc	3680b	2f90	11	27adc	5f8bf3d35730	272e	10000	7ffd87277390	2b85	5f8bf3d81ca0	5f8bf3d978d0	5f8bf3cc1c90	30000	30000	10000	918
15.980922	a3986	2b85	2f90	11	43c0b1	5f8bf3d35730	27bd	10000	7ffd87277390	2b85	5f8bf3d81ca0	5f8bf3d978d0	5f8bf2d01c90	420000	420000	10000	8f2
15.990996	a39bc	2e59b	2f90	11	91cfd3	5f8bf3d35730	21de	10000	7ffd87277390	2b85	5f8bf3d81ca0	5f8bf3d978d0	5f8bf1901c90	920000	920000	10000	7ee
16.002055	a3a39	5f8bf3d41c90	523c	11	e95b54	5f8bf3d35730	2b85	10000	7ffd87277390	2b85	5f8bf3d81ca0	5f8bf3d978d0	5f8bf0341c90	e90000	5238	10000	0
16.012616	a3a30	5f8bf3d41c90	aca8	11	1411747	5f8bf3d35730	2b85	10000	7ffd87277390	2b85	5f8bf3d81ca0	5f8bf3d978d0	5f8beee01c90	13e0000	aca4	10000	0
16.025155	a39c4	28d09	2f90	11	30d91d	5f8bf3d35730	1e48	10000	7ffd87277390	2b85	5f8bf3d81ca0	5f8bf3d978d0	5f8bf3181c90	300000	300000	10000	544
16.038422	a39dd	1f	2f90	4	994850	5f8bf3d35730	5	10000	7ffd87277390	2b85	5f8bf3d81ca0	5f8bf3d978d0	5f8bf1701c90	9a0000	9a0000	10000	539
16.049408	15fcac8d2b24	5f8bf3d5bd70	6838	1d0	1a0e0	5f8bf3d5bba0	5f8bf3d75c80	6838	7ffd87277388	5f8bf3d5bd70	1a0e0	5f8bf3d978d0	5f8bf0181c90	f10000	f10000	10000	9fb
16.060913	a39e0	ad9	2f90	b	14ac292	5f8bf3d35730	c1	10000	7ffd87277390	2b85	5f8bf3d81ca0	5f8bf3d978d0	5f8beeac1c90	14b0000	14b0000	10000	253
16.074839	a39e0	1f	2f90	4	46cd28	5f8bf3d35730	5	10000	7ffd87277390	2b85	5f8bf3d81ca0	5f8bf3d978d0	5f8bf2bc1c90	470000	470000	10000	5a0
16.086023	a39dd	4e85	2f90	e	a056e8	5f8bf3d35730	475	10000	7ffd87277390	2b85	5f8bf3d81ca0	5f8bf3d978d0	5f8bf1541c90	a10000	a10000	10000	aff
16.093883	a39dd	463	2f90	a	d79a07	5f8bf3d35730	5e	10000	7ffd87277390	2b85	5f8bf3d81ca0	5f8bf3d978d0	5f8bf0781c90	d80000	d80000	10000	87
16.104417	a39dd	2f8d3	2f90	11	12adf6e	5f8bf3d35730	229d	10000	7ffd87277390	2b85	5f8bf3d81ca0	5f8bf3d978d0	5f8bef2c1c90	12b0000	12b0000	10000	20
16.117094	a39b8	31567	2f90	11	1cae84	5f8bf3d35730	23c6	10000	7ffd87277390	2b85	5f8bf3d81ca0	5f8bf3d978d0	5f8bf3641c90	1d0000	1d0000	10000	a11
16.131020	a39dd	20fcf	2f90	11	8c2a52	5f8bf3d35730	18fd	10000	7ffd87277390	2b85	5f8bf3d81ca0	5f8bf3d978d0	5f8bf1a41c90	8d0000	8d0000	10000	b40
16.145950	a39dd	43f	2f90	a	102cebc	5f8bf3d35730	59	10000	7ffd87277390	2b85	5f8bf3d81ca0	5f8bf3d978d0	5f8befcc1c90	1030000	1030000	10000	a2
16.157723	a3a39	5f8bf3d41c90	dc3c	11	162c9ef	5f8bf3d35730	2b85	10000	7ffd87277390	2b85	5f8bf3d81ca0	5f8bf3d978d0	5f8bee5c1c90	15f0000	dc38	10000	0
16.169394	a39bc	d0e7	2f90	f	49c853	5f8bf3d35730	acc	10000	7ffd87277390	2b85	5f8bf3d81ca0	5f8bf3d978d0	5f8bf2b01c90	4a0000	4a0000	10000	63d
16.182896	a39dd	971	2f90	b	b5661d	5f8bf3d35730	ae	10000	7ffd87277390	2b85	5f8bf3d81ca0	5f8bf3d978d0	5f8bf1001c90	b60000	b60000	10000	243
16.190345	a39bc	9eb3	2f90	f	f02892	5f8bf3d35730	874	10000	7ffd87277390	2b85	5f8bf3d81ca0	5f8bf3d978d0	5f8bf0141c90	f10000	f10000	10000	9fb
16.204749	a39bc	65	2f90	6	161a746	5f8bf3d35730	9	10000	7ffd87277390	2b85	5f8bf3d81ca0	5f8bf3d978d0	5f8bee501c90	1620000	1620000	10000	2af
16.210554	a39bc	1f	2f90	4	1b779a	5f8bf3d35730	5	10000	7ffd87277390	2b85	341c0	5f8bf3d978d0	5f8bf3681c90	1c0000	1c0000	10000	585
16.219509	a39bc	25	2f90	5	62c2a3	5f8bf3d35730	6	10000	7ffd87277390	2b85	5f8bf3d81ca0	5f8bf3d978d0	5f8bf24c1c90	630000	630000	10000	2aa
16.227656	a39bc	334fd	2f90	11	a218c2	5f8bf3d35730	2513	10000	7ffd87277390	2b85	5f8bf3d81ca0	5f8bf3d978d0	5f8bf14c1c90	a30000	a30000	10000	710
16.240801	a39b8	2830f	2f90	11	108c464	5f8bf3d35730	1dde	10000	7ffd87277390	2b85	5f8bf3d81ca0	5f8bf3d978d0	5f8befb41c90	1090000	1090000	10000	1dc
16.251919	a39bc	9b95	2f90	f	161d404	5f8bf3d35730	84a	10000	7ffd87277390	2b85	5f8bf3d81ca0	5f8bf3d978d0	5f8bee501c90	1620000	1620000	10000	2af
16.260563	a39bc	2e349	2f90	11	33ff02	5f8bf3d35730	21bf	10000	7ffd87277390	2b85	5f8bf3d81ca0	5f8bf3d978d0	5f8bf3081c90	340000	340000	10000	a6d
16.270913	a39bc	e791	2f90	f	8537fc	5f8bf3d35730	bcd	10000	7ffd87277390	2b85	5f8bf3d81ca0	5f8bf3d978d0	5f8bf1c01c90	860000	860000	10000	57a
16.284029	a39b3	89fb	2f90	f	ec33b7	5f8bf3d35730	778	10000	7ffd87277390	2b85	5f8bf3d81ca0	5f8bf3d978d0	5f8bf0241c90	ed0000	ed0000	10000	4d2
16.294342	a396b	860f	2f90	f	13f7727	5f8bf3d35730	746	10000	7ffd87277390	2b85	5f8bf3d81ca0	5f8bf3d978d0	5f8beedc1c90	13f0000	13f0000	10000	ce6
16.302533	a397e	5f8bf4311ca0	2f90	11	e1d78	5f8bf3d35730	1ebe	10000	7ffd87277390	2b85	5f8bf3d81ca0	5f8bf3d978d0	5f8bf3a01c90	e0000	e0000	10000	700
16.315590	a39d0	22145	2f90	11	77e1fc	5f8bf3d35730	19c3	10000	7ffd87277390	2b85	5f8bf3d81ca0	5f8bf3d978d0	5f8bf2001c90	760000	760000	10000	ae4
16.325596	a3a46	1111	b280	11	c5850c	5f8bf3d35730	2b85	10000	7ffd87277390	2b85	5f8bf3d81ca0	5f8bf3d978d0	5f8bf0cc1c90	c30000	b27c	10000	0
16.334517	a39bc	25357	2f90	11	10ab350	5f8bf3d35730	1be2	10000	7ffd87277390	2b85	5f8bf3d81ca0	5f8bf3d978d0	5f8befac1c90	10b0000	10b0000	10000	af4
16.341174	a39bc	763d	2f90	e	13fc74f	5f8bf3d35730	67a	10000	7ffd87277390	2b85	5f8bf3d81ca0	5f8bf3d978d0	5f8beed81c90	1400000	1400000	10000	46b
16.352050	a39d0	28927	2f90	11	231648	5f8bf3d35730	1e1a	10000	7ffd87277390	2b85	5f8bf3d81ca0	5f8bf3d978d0	5f8bf3501c90	220000	220000	10000	6bf
16.360084	a3968	35df7	2f90	11	620293	5f8bf3d35730	26c7	10000	7ffd87277390	2b85	5f8bf3d81ca0	5f8bf3d978d0	5f8bf2501c90	620000	620000	10000	b25
16.370278	a3998	2b85	2f90	11	b59122	5f8bf3d35730	18f6	10000	7ffd87277390	2b85	5f8bf3d81ca0	5f8bf3d978d0	5f8bf1041c90	b50000	b50000	10000	abe
16.383692	a39d9	e4f5	2f90	f	11f9ca7	5f8bf3d35730	bae	10000	7ffd87277390	2b85	5f8bf3d81ca0	5f8bf3d978d0	5f8bef581c90	1200000	1200000	10000	238
16.394226	a39d0	2df1d	2f90	11	15db4	5f8bf3d35730	2197	10000	7ffd87277390	2b85	5f8bf3d81ca0	5f8bf3d978d0	5f8bf3d41c90	10000	10000	10000	d07
16.405426	a39dd	20575	2f90	11	594bf4	5f8bf3d35730	188e	10000	7ffd87277390	2b85	5f8bf3d81ca0	5f8bf3d978d0	5f8bf2701c90	5a0000	5a0000	10000	d3
16.420175	a39bc	24b	2f90	9	bee496	5f8bf3d35730	2e	10000	7ffd87277390	2b85	5f8bf3d81ca0	5f8bf3d978d0	5f8bf0dc1c90	bf0000	bf0000	10000	41a
16.434532	a3a12	1111	ed7c	11	1332121	5f8bf3d35730	2b85	10000	7ffd87277390	2b85	5f8bf3d81ca0	5f8bf3d978d0	5f8bef141c90	1310000	ed78	10000	0
16.444756	a39dd	24e7b	2f90	11	e689c	5f8bf3d35730	1bb1	10000	7ffd87277390	2b85	5f8bf3d81ca0	5f8bf3d978d0	5f8bf39c1c90	f0000	f0000	10000	b8c
16.459408	a39d9	6d	2f90	6	842551	5f8bf3d35730	a	10000	7ffd87277390	2b85	5f8bf3d81ca0	5f8bf3d978d0	5f8bf1c41c90	850000	850000	10000	ee
16.473014	a39c4	372b9	2f90	11	f05b81	5f8bf3d35730	27a6	10000	7ffd87277390	2b85	5f8bf3d81ca0	5f8bf3d978d0	5f8bf0181c90	f00000	f00000	10000	56f
16.485699	a39dd	2735	2f90	d	1552f5e	5f8bf3d35730	269	10000	7ffd87277390	2b85	5f8bf3d81ca0	5f8bf3d978d0	5f8bee801c90	1560000	1560000	10000	3b
16.498252	a39bc	18271	2f90	10	45c2cb	5f8bf3d35730	12c6	10000	7ffd87277390	2b85	5f8bf3d81ca0	5f8bf3d978d0	5f8bf2c01c90	460000	460000	10000	114
16.509875	a39dd	1bd45	2f90	10	a02c70	5f8bf3d35730	1578	10000	7ffd87277390	2b85	5f8bf3d81ca0	5f8bf3d978d0	5f8bf1541c90	a10000	a10000	10000	aff
16.521270	a39bc	30e23	2f90	11	faee56	5f8bf3d35730	2374	10000	7ffd87277390	2b85	5f8bf3d81ca0	5f8bf3d978d0	5f8befec1c90	fb0000	fb0000	10000	357
16.535129	a39bc	66eb	2f90	e	16913b9	5f8bf3d35730	5b2	10000	7ffd87277390	2b85	5f8bf3d81ca0	5f8bf3d978d0	5f8bee301c90	16a0000	16a0000	10000	d01
16.544592	a39bc	2e921	2f90	11	426c0e	5f8bf3d35730	21ff	10000	7ffd87277390	2b85	5f8bf3d81ca0	5f8bf3d978d0	5f8bf2cc1c90	430000	430000	10000	77
16.557698	a39dd	919d	2f90	f	aa00ad	5f8bf3d35730	7d8	10000	7ffd87277390	2b85	5f8bf3d81ca0	5f8bf3d978d0	5f8bf12c1c90	ab0000	ab0000	10000	45b
16.564020	a39bc	3b9	2f90	9	dcf51a	5f8bf3d35730	4d	10000	7ffd87277390	2b85	5f8bf3d81ca0	5f8bf3d978d0	5f8bf0641c90	dd0000	dd0000	10000	a3c
16.570090	a39dd	29c53	2f90	11	10c4632	5f8bf3d35730	1edc	10000	7ffd87277390	2b85	5f8bf3d81ca0	5f8bf3d978d0	5f8befa41c90	10d0000	10d0000	10000	705
16.582386	a39bc	1f85	2f90	c	16dbc45	5f8bf3d35730	1fb	10000	7ffd87277390	2b85	5f8bf3d81ca0	5f8bf3d978d0	5f8bee201c90	16e0000	16e0000	10000	523
16.593303	a39bc	9c35	2f90	f	519ce1	5f8bf3d35730	852	10000	7ffd87277390	2b85	5f8bf3d81ca0	5f8bf3d978d0	5f8bf2901c90	520000	520000	10000	388
16.599196	a39bc	6a1	2f90	a	80c528	5f8bf3d35730	7f	10000	7ffd87277390	2b85	5f8bf3d81ca0	5f8bf3d978d0	5f8bf1d41c90	810000	810000	10000	8cc
16.606719	a39bc	b6db	2f90	f	bbd108	5f8bf3d35730	996	10000	7ffd87277390	2b85	5f8bf3d81ca0	5f8bf3d978d0	5f8bf0e81c90	bc0000	bc0000	10000	37d
16.612129	a39dd	161b	2f90	c	e5ba28	5f8bf3d35730	16d	10000	7ffd87277390	2b85	5f8bf3d81ca0	5f8bf3d978d0	5f8bf0401c90	e60000	e60000	10000	c13
16.620973	15fcac8d2b24	5f8bf3d4ed00	341c	8ee0	d070	5f8bf3d45e20	5f8bf3d52e90	341c	7ffd87277388	5f8bf3d4ed00	d070	5f8bf3d978d0	5f8bef301c90	12b0000	12b0000	10000	20
16.634044	a39d9	2f95f	2f90	11	1e9f2c	5f8bf3d35730	22a3	10000	7ffd87277390	2b85	5f8bf3d81ca0	5f8bf3d978d0	5f8bf35c1c90	1f0000	1f0000	10000	622
16.639478	a3977	5f8bf4311ca0	2f90	10	490ace	5f8bf3d35730	17fd	10000	7ffd87277390	2b85	5f8bf3d81ca0	5f8bf3d978d0	5f8bf2b41c90	490000	490000	10000	1b1
16.648936	a39dd	2e565	2f90	11	932f13	5f8bf3d35730	21db	10000	7ffd87277390	2b85	5f8bf3d81ca0	5f8bf3d978d0	5f8bf1881c90	940000	940000	10000	3ff
16.659750	a39dd	1f	2f90	4	e9c36f	5f8bf3d35730	5	10000	7ffd87277390	2b85	5f8bf3d81ca0	5f8bf3d978d0	5f8bf0301c90	ea0000	ea0000	10000	435
16.668976	a3a25	b85c	b85c	11	130c220	5f8bf3d35730	2b85	10000	7ffd87277390	2b85	5f8bf3d81ca0	5f8bf3d978d0	5f8bef181c90	1300000	b858	10000	0
16.676795	a39bf	419	2f90	a	16cd7d4	5f8bf3d35730	55	10000	7ffd87277390	2b85	5f8bf3d81ca0	5f8bf3d978d0	5f8bee241c90	16d0000	16d0000	10000	97
16.685836	15fcac8d2b24	5f8bf3d75e50	2f90	3c90	be40	5f8bf3d49e40	5f8bf3d7e000	d070	7ffd87277388	5f8bf3d75e50	341c0	5f8bf3d978d0	5f8bf2d41c90	420000	420000	10000	8f2
16.698495	a39dd	2a42b	2f90	11	a31617	5f8bf3d35730	1f2b	10000	7ffd87277390	2b85	5f8bf3d81ca0	5f8bf3d978d0	5f8bf1481c90	a40000	a40000	10000	b9c
16.711640	a3968	197cf	2f90	10	10c450d	5f8bf3d35730	13ba	10000	7ffd87277390	2b85	5f8bf3d81ca0	5f8bf3d978d0	5f8befa81c90	10c0000	10c0000	10000	279
16.724757	a39bc	27af	2f90	d	1d087	5f8bf3d35730	272	10000	7ffd87277390	2b85	5f8bf3d81ca0	5f8bf3d978d0	5f8bf3d01c90	20000	20000	10000	48c
16.731638	a39bc	427	2f90	a	38391e	5f8bf3d35730	58	10000	7ffd87277390	2b85	5f8bf3d81ca0	5f8bf3d978d0	5f8bf2f41c90	390000	390000	10000	71b
16.744498	a39bc	44f	2f90	a	9f4f25	5f8bf3d35730	5b	10000	7ffd87277390	2b85	5f8bf3d81ca0	5f8bf3d978d0	5f8bf1581c90	a00000	a00000	10000	673
16.751261	a39d0	1242d	2f90	10	d60a70	5f8bf3d35730	e73	10000	7ffd87277390	2b85	5f8bf3d81ca0	5f8bf3d978d0	5f8bf0801c90	d60000	d60000	10000	476
16.760571	a3998	2b85	2f90	11	1202506	5f8bf3d35730	2391	10000	7ffd87277390	2b85	5f8bf3d81ca0	5f8bf3d978d0	5f8bef5c1c90	11f0000	11f0000	10000	ab3
16.767803	a39dd	3be0d	2f90	11	15813df	5f8bf3d35730	2ab5	10000	7ffd87277390	2b85	5f8bf3d81ca0	5f8bf3d978d0	5f8bee741c90	1590000	1590000	10000	d8
16.781338	a39bc	76d	2f90	a	520e25	5f8bf3d35730	90	10000	7ffd87277390	2b85	5f8bf3d81ca0	5f8bf3d978d0	5f8bf28c1c90	530000	530000	10000	814
16.795773	a39dd	4c7	2f90	a	c40727	5f8bf3d35730	62	10000	7ffd87277390	2b85	5f8bf3d81ca0	5f8bf3d978d0	5f8bf0c41c90	c50000	c50000	10000	554
16.807319	a39dd	43	2f90	6	120b61d	5f8bf3d35730	7	10000	7ffd87277390	2b85	5f8bf3d81ca0	5f8bf3d978d0	5f8bef541c90	1210000	1210000	10000	6c4
16.819915	a39bc	2ab2d	2f90	11	104262	5f8bf3d35730	1f73	10000	7ffd87277390	2b85	5f8bf3d81ca0	5f8bf3d978d0	5f8bf3941c90	110000	110000	10000	79d
16.829142	a39bc	df01	2f90	f	5bc07f	5f8bf3d35730	b65	10000	7ffd87277390	2b85	5f8bf3d81ca0	5f8bf3d978d0	5f8bf2681c90	5c0000	5c0000	10000	9eb
16.841819	a39b8	1a42b	2f90	10	c17b5b	5f8bf3d35730	1454	10000	7ffd87277390	2b85	5f8bf3d81ca0	5f8bf3d978d0	5f8bf0d01c90	c20000	c20000	10000	4b7
16.853763	a39bc	1c9e7	2f90	10	120e3ce	5f8bf3d35730	15f9	10000	7ffd87277390	2b85	5f8bf3d81ca0	5f8bf3d978d0	5f8bef541c90	1210000	1210000	10000	6c4
16.868413	a39bc	1458b	2f90	10	2288f0	5f8bf3d35730	ff6	10000	7ffd87277390	2b85	5f8bf3d81ca0	5f8bf3d978d0	5f8bf34c1c90	230000	230000	10000	b4b
16.877450	a3a12	1111	6bbc	11	6c92a0	5f8bf3d35730	2b85	10000	7ffd87277390	2b85	5f8bf3d81ca0	5f8bf3d978d0	5f8bf22c1c90	6b0000	6bb8	10000	0
16.890674	a39bc	112b1	2f90	10	d3e3a3	5f8bf3d35730	da5	10000	7ffd87277390	2b85	5f8bf3d81ca0	5f8bf3d978d0	5f8bf0881c90	d40000	d40000	10000	865
16.900855	a39bc	110b	2f90	c	123491e	5f8bf3d35730	11d	10000	7ffd87277390	2b85	5f8bf3d81ca0	5f8bf3d978d0	5f8bef481c90	1240000	1240000	10000	761
16.911981	a39bc	427	2f90	a	a5898	5f8bf3d35730	58	10000	7ffd87277390	2b85	5f8bf3d81ca0	5f8bf3d978d0	5f8bf3ac1c90	b0000	b0000	10000	663
16.927126	a39b8	3d7	2f90	9	818055	5f8bf3d35730	51	10000	7ffd87277390	2b85	5f8bf3d81ca0	5f8bf3d978d0	5f8bf1d01c90	820000	820000	10000	51
16.936034	a3998	2b85	2f90	11	c75639	5f8bf3d35730	2290	10000	7ffd87277390	2b85	5f8bf3d81ca0	5f8bf3d978d0	5f8bf0bc1c90	c70000	c70000	10000	165
16.951213	a39bc	1489f	2f90	10	1400c47	5f8bf3d35730	1018	10000	7ffd87277390	2b85	5f8bf3d81ca0	5f8bf3d978d0	5f8beed41c90	1410000	1410000	10000	8f7
16.962380	a39dd	59	2f90	6	270613	5f8bf3d35730	8	10000	7ffd87277390	2b85	5f8bf3d81ca0	5f8bf3d978d0	5f8bf3381c90	280000	280000	10000	7f9
16.976487	a3a1f	2e88	2e84	11	9955e0	5f8bf3d35730	2b85	10000	7ffd87277390	2b85	5f8bf3d81ca0	5f8bf3d978d0	5f8bf17c1c90	970000	2e80	10000	0
16.983023	a39dd	22fbb	2f90	11	ca2623	5f8bf3d35730	1a6a	10000	7ffd87277390	2b85	5f8bf3d81ca0	5f8bf3d978d0	5f8bf0ac1c90	cb0000	cb0000	10000	68e
16.993616	a39bc	385cd	2f90	11	11d9cd1	5f8bf3d35730	2879	10000	7ffd87277390	2b85	5f8bf3d81ca0	5f8bf3d978d0	5f8bef601c90	11e0000	11e0000	10000	627
17.005049	a3a22	3160	315c	11	82edc	5f8bf3d35730	2b85	10000	7ffd87277390	2b85	5f8bf3d81ca0	5f8bf3d978d0	5f8bf3c01c90	60000	315c	10000	0
17.011580	a39bc	ceb	2f90	b	390c4f	5f8bf3d35730	dd	10000	7ffd87277390	2b85	5f8bf3d81ca0	5f8bf3d978d0	5f8bf2f01c90	3a0000	3a0000	10000	ba7
17.022760	a39bc	ed2f	2f90	f	935101	5f8bf3d35730	c11	10000	7ffd87277390	2b85	5f8bf3d81ca0	5f8bf3d978d0	5f8bf1881c90	940000	940000	10000	3ff
17.032884	a39d0	1bef3	2f90	10	e635b6	5f8bf3d35730	1588	10000	7ffd87277390	2b85	5f8bf3d81ca0	5f8bf3d978d0	5f8bf0441c90	e50000	e50000	10000	787
17.041823	15fcac8d2b8a	5f8bf3d484c8	1a0e	2300	6838	5f8bf3d461c8	5f8bf3d4ca00	1a0e	7ffd87277388	5f8bf3d484c8	5f8bf3d81ca0	5f8bf3d978d0	5f8bef3c1c90	1280000	1280000	10000	c8a
17.049408	a39cc	32693	2f90	11	1641eef	5f8bf3d35730	2474	10000	7ffd87277390	2b85	5f8bf3d81ca0	5f8bf3d978d0	5f8bee4c1c90	1630000	1630000	10000	73b
17.058470	a39bc	6d	2f90	6	36f99b	5f8bf3d35730	a	10000	7ffd87277390	2b85	5f8bf3d81ca0	5f8bf3d978d0	5f8bf2fc1c90	370000	370000	10000	b0a
17.070748	a39bc	17407	2f90	10	98487a	5f8bf3d35730	121b	10000	7ffd87277390	2b85	5f8bf3d81ca0	5f8bf3d978d0	5f8bf1741c90	990000	990000	10000	ad
17.085764	6f12f	5f8bf5dcc0c0	c81486b1860a70e9	5f8bf3db6ef0	2	0	2f	f	7ffd87277260	5f8bf488d0d0	5f8bf3db6ee0	5f8bf4967b60	dd9bd55327923952	7ffd87277278	f	22a5	5f8bd89867b0
17.092128	a39dd	1e779	2f90	10	13c5990	5f8bf3d35730	1750	10000	7ffd87277390	2b85	5f8bf3d81ca0	5f8bf3d978d0	5f8beee41c90	13d0000	13d0000	10000	3ce
17.100354	a39dd	ade7	2f90	f	bc340	5f8bf3d35730	930	10000	7ffd87277390	2b85	5f8bf3d81ca0	5f8bf3d978d0	5f8bf3a81c90	c0000	c0000	10000	aef
17.107580	15fcac8d2b24	5f8bf3d5bd70	6838	8890	1a0e0	5f8bf3d534e0	5f8bf3d6d5c0	6838	7ffd87277388	5f8bf3d5bd70	1a0e0	5f8bf3d978d0	5f8bf2c41c90	460000	460000	10000	114
17.118015	a39bc	3161	2f90	d	98fe66	5f8bf3d35730	2ff	10000	7ffd87277390	2b85	5f8bf3d81ca0	5f8bf3d978d0	5f8bf1741c90	990000	990000	10000	ad
17.127027	a39bc	59	2f90	6	df29bb	5f8bf3d35730	8	10000	7ffd87277390	2b85	5f8bf3d81ca0	5f8bf3d978d0	5f8bf0581c90	e00000	e00000	10000	ad9
17.139125	a39dd	21451	2f90	11	13f84d5	5f8bf3d35730	1937	10000	7ffd87277390	2b85	5f8bf3d81ca0	5f8bf3d978d0	5f8beed81c90	1400000	1400000	10000	46b
17.149193	a39dd	1482b	2f90	10	1b8265	5f8bf3d35730	1014	10000	7ffd87277390	2b85	5f8bf3d81ca0	5f8bf3d978d0	5f8bf3681c90	1c0000	1c0000	10000	585
17.161034	a39dd	12a87	2f90	10	79bae3	5f8bf3d35730	ebd	10000	7ffd87277390	2b85	5f8bf3d81ca0	5f8bf3d978d0	5f8bf1f01c90	7a0000	7a0000	10000	306
17.169681	a39dd	13d	2f90	8	bdf2f4	5f8bf3d35730	18	10000	7ffd87277390	2b85	5f8bf3d81ca0	5f8bf3d978d0	5f8bf0e01c90	be0000	be0000	10000	c95
17.178922	a39d0	f865	2f90	f	107de12	5f8bf3d35730	c8a	10000	7ffd87277390	2b85	5f8bf3d81ca0	5f8bf3d978d0	5f8befbc1c90	1070000	1070000	10000	5cb
17.184769	a39bc	284d7	2f90	11	1342f73	5f8bf3d35730	1df0	10000	7ffd87277390	2b85	5f8bf3d81ca0	5f8bf3d978d0	5f8bef041c90	1350000	1350000	10000	683
17.191235	15fcac8d310a	0	0	4a48	5f8bf5e94c30	0	5f8bf5e9b000	87	7ffd87277388	0	5f8bf5e94c30	5f8bf510c5c0	75888521ace0	8000000000000000	5f8bf3d41c90	87	ae14
17.201317	a39bc	97	2f90	7	445213	5f8bf3d35730	c	10000	7ffd87277390	2b85	5f8bf3d81ca0	5f8bf3d978d0	5f8bf2c41c90	450000	450000	10000	98f
17.212950	a39e0	25	2f90	5	9fa5d3	5f8bf3d35730	6	10000	7ffd87277390	2b85	5f8bf3d81ca0	5f8bf3d978d0	5f8bf1581c90	a00000	a00000	10000	673
17.228081	6ecc5	2	2e4d26e5	1e	5f8bf5e51838	5f8bd89865b8	7ffd87277258	2	7ffd87277250	e4d26e5	1c	74	dd9bd55327923952	5f8bf5e51838	7ffd87277340	174	5f8bf5e518c0
17.237333	a39dd	3bd5f	2f90	11	15c842e	5f8bf3d35730	2aaf	10000	7ffd87277390	2b85	5f8bf3d81ca0	5f8bf3d978d0	5f8bee641c90	15d0000	15d0000	10000	601
17.247474	a39d9	1145	2f90	c	3a02e9	5f8bf3d35730	120	10000	7ffd87277390	2b85	5f8bf3d81ca0	5f8bf3d978d0	5f8bf2ec1c90	3b0000	3b0000	10000	32c
17.254669	a3968	2cbf3	2f90	11	73d887	5f8bf3d35730	20c2	10000	7ffd87277390	2b85	5f8bf3d81ca0	5f8bf3d978d0	5f8bf20c1c90	730000	730000	10000	a47
17.264340	a3964	333c1	2f90	11	c2214b	5f8bf3d35730	2503	10000	7ffd87277390	2b85	5f8bf3d81ca0	5f8bf3d978d0	5f8bf0d81c90	c00000	c00000	10000	8a6
17.273454	a39bc	1105	2f90	c	1088f14	5f8bf3d35730	11c	10000	7ffd87277390	2b85	5f8bf3d81ca0	5f8bf3d978d0	5f8befb41c90	1090000	1090000	10000	1dc
17.281912	a39bc	ab19	2f90	f	14bfe81	5f8bf3d35730	90e	10000	7ffd87277390	2b85	5f8bf3d81ca0	5f8bf3d978d0	5f8beea81c90	14c0000	14c0000	10000	6df
17.296732	a39dd	1ed21	2f90	10	4daea3	5f8bf3d35730	178d	10000	7ffd87277390	2b85	5f8bf3d81ca0	5f8bf3d978d0	5f8bf2a01c90	4e0000	4e0000	10000	b66
17.305378	a39bc	1eb	2f90	8	92352f	5f8bf3d35730	27	10000	7ffd87277390	2b85	5f8bf3d81ca0	5f8bf3d978d0	5f8bf18c1c90	930000	930000	10000	c7a
17.310675	a39c4	23719	2f90	11	bc0efa	5f8bf3d35730	1ab5	10000	7ffd87277390	2b85	5f8bf3d81ca0	5f8bf3d978d0	5f8bf0e81c90	bc0000	bc0000	10000	37d
17.324240	a39bc	a175	2f90	f	11f18f3	5f8bf3d35730	896	10000	7ffd87277390	2b85	5f8bf3d81ca0	5f8bf3d978d0	5f8bef581c90	1200000	1200000	10000	238
17.334657	b423f	f7c60caa282a792d	37d7b	0	b67b	ffffffffff1d407b	e655a3dd751ae81a	23ba7	7ffd87277388	37d7b	e2bf84	0	f28c9a6c669af8b2	2817	7fffffffff1d407b	19aa5c228ae517e6	2b85
17.343129	a39bc	b9ef	2f90	f	42af8e	5f8bf3d35730	9bc	10000	7ffd87277390	2b85	5f8bf3d81ca0	5f8bf3d978d0	5f8bf2cc1c90	430000	430000	10000	77
17.356166	a39bc	4cd	2f90	a	a70f90	5f8bf3d35730	63	10000	7ffd87277390	2b85	5f8bf3d81ca0	5f8bf3d978d0	5f8bf1381c90	a80000	a80000	10000	3be
17.361593	a39dd	279b	2f90	d	d2cf97	5f8bf3d35730	271	10000	7ffd87277390	2b85	5f8bf3d81ca0	5f8bf3d978d0	5f8bf08c1c90	d30000	d30000	10000	3d9
17.374277	a39c4	1b551	2f90	10	138e478	5f8bf3d35730	1521	10000	7ffd87277390	2b85	5f8bf3d81ca0	5f8bf3d978d0	5f8beef81c90	1380000	1380000	10000	720
17.389036	a39bc	976f	2f90	f	39d736	5f8bf3d35730	818	10000	7ffd87277390	2b85	5f8bf3d81ca0	5f8bf3d978d0	5f8bf2f01c90	3a0000	3a0000	10000	ba7
17.402121	a39dd	b40d	2f90	f	a0e6c3	5f8bf3d35730	975	10000	7ffd87277390	2b85	5f8bf3d81ca0	5f8bf3d978d0	5f8bf1541c90	a10000	a10000	10000	aff
17.409481	a3a22	c6dc	c6d8	11	dca042	5f8bf3d35730	2b85	10000	7ffd87277390	2b85	5f8bf3d81ca0	5f8bf3d978d0	5f8bf06c1c90	db0000	c6d8	10000	0
17.414808	a39bc	2bec5	2f90	11	10459e1	5f8bf3d35730	2046	10000	7ffd87277390	2b85	5f8bf3d81ca0	5f8bf3d978d0	5f8befc41c90	1050000	1050000	10000	9ba
17.429131	a39dd	2326d	2f90	11	29361	5f8bf3d35730	1a87	10000	7ffd87277390	2b85	5f8bf3d81ca0	5f8bf3d978d0	5f8bf3cc1c90	30000	30000	10000	918
17.439995	a39b8	59	2f90	6	58f561	5f8bf3d35730	8	10000	7ffd87277390	2b85	5f8bf3d81ca0	5f8bf3d978d0	5f8bf2741c90	590000	590000	10000	94e
17.446280	a39bc	a0c9	2f90	f	882ef8	5f8bf3d35730	88d	10000	7ffd87277390	2b85	5f8bf3d81ca0	5f8bf3d978d0	5f8bf1b41c90	890000	890000	10000	617
17.458189	a39dd	1f	2f90	4	e86602	5f8bf3d35730	5	10000	7ffd87277390	2b85	5f8bf3d81ca0	5f8bf3d978d0	5f8bf0341c90	e90000	e90000	10000	cb0
17.463709	a39bc	392b7	2f90	11	10d412b	5f8bf3d35730	28f8	10000	7ffd87277390	2b85	5f8bf3d81ca0	5f8bf3d978d0	5f8befa01c90	10e0000	10e0000	10000	b91
17.477650	a39cc	23167	2f90	11	ae9e4	5f8bf3d35730	1a7d	10000	7ffd87277390	2b85	5f8bf3d81ca0	5f8bf3d978d0	5f8bf3b01c90	a0000	a0000	10000	1d7
17.491465	a3968	26a01	2f90	11	791f05	5f8bf3d35730	1cc5	10000	7ffd87277390	2b85	5f8bf3d81ca0	5f8bf3d978d0	5f8bf1f41c90	790000	790000	10000	b81
17.506427	15fcac8d2b24	5f8bf3d75e50	2f90	8a30	be40	5f8bf3d450a0	5f8bf3d79260	d070	7ffd87277388	5f8bf3d75e50	341c0	5f8bf3d978d0	5f8bf0181c90	f10000	f10000	10000	9fb
17.514664	15fcac8d2b24	5f8bf3d4ed00	341c	4020	d070	5f8bf3d4ace0	5f8bf3d57d50	341c	7ffd87277388	5f8bf3d4ed00	d070	5f8bf3d978d0	5f8bef1c1c90	1300000	1300000	10000	9d5
17.525586	a39dd	23bc1	2f90	11	119183	5f8bf3d35730	1ae8	10000	7ffd87277390	2b85	5f8bf3d81ca0	5f8bf3d978d0	5f8bf3901c90	120000	120000	10000	c29
17.538941	a39bc	eed5	2f90	f	7b0a56	5f8bf3d35730	c24	10000	7ffd87277390	2b85	5f8bf3d81ca0	5f8bf3d978d0	5f8bf1e81c90	7c0000	7c0000	10000	c1e
17.552726	a39bc	5fc5	2f90	e	ea7560	5f8bf3d35730	558	10000	7ffd87277390	2b85	5f8bf3d81ca0	5f8bf3d978d0	5f8bf02c1c90	eb0000	eb0000	10000	8c1
17.563193	a39dd	188f	2f90	c	13ec61f	5f8bf3d35730	196	10000	7ffd87277390	2b85	5f8bf3d81ca0	5f8bf3d978d0	5f8beedc1c90	13f0000	13f0000	10000	ce6
17.573065	a39bc	34f8d	2f90	11	14f437	5f8bf3d35730	2629	10000	7ffd87277390	2b85	5f8bf3d81ca0	5f8bf3d978d0	5f8bf3841c90	150000	150000	10000	cc6
17.587211	a39c4	21de7	2f90	11	86012a	5f8bf3d35730	199e	10000	7ffd87277390	2b85	5f8bf3d81ca0	5f8bf3d978d0	5f8bf1c01c90	860000	860000	10000	57a
17.594121	15fcac8d2b8a	5f8bf3d484c8	1a0e	4ce0	6838	5f8bf3d437e8	5f8bf3d4a020	1a0e	7ffd87277388	5f8bf3d484c8	5f8bf3d81ca0	5f8bf3d978d0	5f8bf0e41c90	be0000	be0000	10000	c95
17.608324	a39bc	137	2f90	8	12d402a	5f8bf3d35730	17	10000	7ffd87277390	2b85	5f8bf3d81ca0	5f8bf3d978d0	5f8bef201c90	12e0000	12e0000	10000	bd
17.619803	15fcac8d2b24	5f8bf3d75e50	2f90	3db0	be40	5f8bf3d49d20	5f8bf3d7dee0	d070	7ffd87277388	5f8bf3d75e50	341c0	5f8bf3d978d0	5f8bf3841c90	160000	160000	10000	44b
17.632774	15fcac7d71ec	5f8bf3cd9510	ffffffffffffffa0	6	5f8bf3cd0010	5f8bf5e53420	10	10	7ffd87277280	43cf	3f3	5f8bf3db6ee0	dd9bd55327923952	0	0	7ffd872772f0	4
17.641282	a3a3d	5f8bf3d41c90	cf70	11	c0479e	5f8bf3d35730	2b85	10000	7ffd87277390	2b85	5f8bf3d81ca0	5f8bf3d978d0	5f8bf0dc1c90	bf0000	cf6c	10000	0
17.650618	a39a7	5cd7	2f90	e	10821e3	5f8bf3d35730	535	10000	7ffd87277390	2b85	5f8bf3d81ca0	5f8bf3d978d0	5f8befb81c90	1080000	1080000	10000	a57
17.664091	a39bc	2a041	2f90	11	9bc6	5f8bf3d35730	1eff	10000	7ffd87277390	2b85	5f8bf3d81ca0	5f8bf3d978d0	5f8bf3d41c90	10000	10000	10000	d07
17.673531	a39bc	e9	2f90	7	4c53fa	5f8bf3d35730	11	10000	7ffd87277390	2b85	5f8bf3d81ca0	5f8bf3d978d0	5f8bf2a41c90	4d0000	4d0000	10000	6da
17.686850	a39a4	6b9	2f90	a	b601f3	5f8bf3d35730	81	10000	7ffd87277390	2b85	5f8bf3d81ca0	5f8bf3d978d0	5f8bf1001c90	b60000	b60000	10000	243
17.697684	a39d9	773	2f90	a	10cfa59	5f8bf3d35730	91	10000	7ffd87277390	2b85	5f8bf3d81ca0	5f8bf3d978d0	5f8befa41c90	10d0000	10d0000	10000	705
17.708064	a39bc	1d80f	2f90	10	15e262e	5f8bf3d35730	169c	10000	7ffd87277390	2b85	5f8bf3d81ca0	5f8bf3d978d0	5f8bee5c1c90	15f0000	15f0000	10000	212
17.714251	a39dd	43	2f90	6	1c3854	5f8bf3d35730	7	10000	7ffd87277390	2b85	5f8bf3d81ca0	5f8bf3d978d0	5f8bf3641c90	1d0000	1d0000	10000	a11
17.722743	a3a3d	5f8bf3d41c90	6800	11	5fe7a5	5f8bf3d35730	2b85	10000	7ffd87277390	2b85	5f8bf3d81ca0	5f8bf3d978d0	5f8bf25c1c90	5f0000	67fc	10000	0
17.737447	a39bc	b269	2f90	f	d11b9a	5f8bf3d35730	965	10000	7ffd87277390	2b85	5f8bf3d81ca0	5f8bf3d978d0	5f8bf0901c90	d20000	d20000	10000	c54
17.744035	a39dd	1d8e5	2f90	10	1059d5a	5f8bf3d35730	16a8	10000	7ffd87277390	2b85	5f8bf3d81ca0	5f8bf3d978d0	5f8befc01c90	1060000	1060000	10000	13f
17.757652	a39dd	4dc9	2f90	e	6a6c	5f8bf3d35730	46a	10000	7ffd87277390	2b85	5f8bf3d81ca0	5f8bf3d978d0	5f8bf3d41c90	10000	10000	10000	d07
17.767062	a39dd	3137f	2f90	11	4a5b96	5f8bf3d35730	23ad	10000	7ffd87277390	2b85	5f8bf3d81ca0	5f8bf3d978d0	5f8bf2ac1c90	4b0000	4b0000	10000	ac9
17.780373	a39c4	259e7	2f90	11	b4dd5c	5f8bf3d35730	1c20	10000	7ffd87277390	2b85	5f8bf3d81ca0	5f8bf3d978d0	5f8bf1081c90	b40000	b40000	10000	632
17.788020	a39dd	b8af	2f90	f	f03d0a	5f8bf3d35730	9a9	10000	7ffd87277390	2b85	5f8bf3d81ca0	5f8bf3d978d0	5f8bf0141c90	f10000	f10000	10000	9fb
17.796075	a39dd	59	2f90	6	1311297	5f8bf3d35730	8	10000	7ffd87277390	2b85	5f8bf3d81ca0	5f8bf3d978d0	5f8bef101c90	1320000	1320000	10000	5e6
17.807752	15fcac8d2b8a	5f8bf3d450ac	d07	1308	341c	5f8bf3d43da4	5f8bf3d471c0	d07	7ffd87277388	5f8bf3d450ac	ffffffffff3730c8	5f8bf3d978d0	5f8bf3681c90	1d0000	1d0000	10000	a11
17.816771	a39bc	3623	2f90	d	63850a	5f8bf3d35730	346	10000	7ffd87277390	2b85	5f8bf3d81ca0	5f8bf3d978d0	5f8bf2481c90	640000	640000	10000	736
17.827799	a39a4	240f7	2f90	11	bb6fd9	5f8bf3d35730	1b1e	10000	7ffd87277390	2b85	5f8bf3d81ca0	5f8bf3d978d0	5f8bf0f01c90	ba0000	ba0000	10000	76c
17.840472	a39dd	59	2f90	6	11e5364	5f8bf3d35730	8	10000	7ffd87277390	2b85	5f8bf3d81ca0	5f8bf3d978d0	5f8bef5c1c90	11f0000	11f0000	10000	ab3
17.852434	15fcac8d2b24	5f8bf3d75e50	2f90	7250	be40	5f8bf3d46880	5f8bf3d7aa40	d070	7ffd87277388	5f8bf3d75e50	341c0	5f8bf3d978d0	5f8bf3b81c90	90000	90000	10000	a52
17.865812	a39dd	37777	2f90	11	726518	5f8bf3d35730	27d5	10000	7ffd87277390	2b85	5f8bf3d81ca0	5f8bf3d978d0	5f8bf20c1c90	730000	730000	10000	a47
17.877676	a39d0	129d9	2f90	10	d1f2b0	5f8bf3d35730	eb4	10000	7ffd87277390	2b85	5f8bf3d81ca0	5f8bf3d978d0	5f8bf0941c90	d10000	d10000	10000	7c8
17.887560	a39dd	ab5	2f90	b	11d3349	5f8bf3d35730	c0	10000	7ffd87277390	2b85	5f8bf3d81ca0	5f8bf3d978d0	5f8bef601c90	11e0000	11e0000	10000	627
17.895342	a3964	1b60b	2f90	10	15c2f86	5f8bf3d35730	152c	10000	7ffd87277390	2b85	5f8bf3d81ca0	5f8bf3d978d0	5f8bee681c90	15c0000	15c0000	10000	175
17.902237	a3a3d	5f8bf3d41c90	1e44	11	1e2f39	5f8bf3d35730	2b85	10000	7ffd87277390	2b85	5f8bf3d81ca0	5f8bf3d978d0	5f8bf3601c90	1e0000	1e40	10000	0
17.907601	a3968	f2ed	2f90	f	4832a7	5f8bf3d35730	c50	10000	7ffd87277390	2b85	5f8bf3d81ca0	5f8bf3d978d0	5f8bf2b81c90	480000	480000	10000	a2c
17.917482	a39d9	ac7f	2f90	f	93cb42	5f8bf3d35730	91e	10000	7ffd87277390	2b85	5f8bf3d81ca0	5f8bf3d978d0	5f8bf1881c90	940000	940000	10000	3ff
17.923141	a39bc	1e0b3	2f90	10	bf60ef	5f8bf3d35730	1702	10000	7ffd87277390	2b85	5f8bf3d81ca0	5f8bf3d978d0	5f8bf0d81c90	c00000	c00000	10000	8a6
17.932270	a39bc	32b	2f90	9	106a8e6	5f8bf3d35730	40	10000	7ffd87277390	2b85	5f8bf3d81ca0	5f8bf3d978d0	5f8befbc1c90	1070000	1070000	10000	5cb
17.944766	a3a2a	5f8bf3d41c90	31bc	11	16a0c6c	5f8bf3d35730	2b85	10000	7ffd87277390	2b85	5f8bf3d81ca0	5f8bf3d978d0	5f8bee3c1c90	1670000	31b8	10000	0
17.952915	a3a16	a494	a490	11	1ec9d1	5f8bf3d35730	2b85	10000	7ffd87277390	2b85	5f8bf3d81ca0	5f8bf3d978d0	5f8bf3601c90	1e0000	a48c	10000	0
17.964418	a39bc	527	2f90	a	780b63	5f8bf3d35730	69	10000	7ffd87277390	2b85	5f8bf3d81ca0	5f8bf3d978d0	5f8bf1f41c90	790000	790000	10000	b81
17.976780	a39d9	3a187	2f90	11	d76b45	5f8bf3d35730	2987	10000	7ffd87277390	2b85	5f8bf3d81ca0	5f8bf3d978d0	5f8bf0781c90	d80000	d80000	10000	87
17.985856	a39bc	12725	2f90	10	11d3e90	5f8bf3d35730	e94	10000	7ffd87277390	2b85	5f8bf3d81ca0	5f8bf3d978d0	5f8bef601c90	11e0000	11e0000	10000	627
17.997024	a39bc	32353	2f90	11	57a	5f8bf3d35730	2457	10000	7ffd87277390	2b85	5f8bf3d81ca0	5f8bf3d978d0	5f8bf3d41c90	10000	10000	10000	d07
18.004586	a3998	2b85	2f90	11	338ddb	5f8bf3d35730	26ad	10000	7ffd87277390	2b85	5f8bf3d81ca0	5f8bf3d978d0	5f8bf30c1c90	330000	330000	10000	5e1
18.017120	a39dd	1cd	2f90	8	8a90e8	5f8bf3d35730	23	10000	7ffd87277390	2b85	5f8bf3d81ca0	5f8bf3d978d0	5f8bf1ac1c90	8b0000	8b0000	10000	228
18.029956	a39dd	af3	2f90	b	edd014	5f8bf3d35730	c4	10000	7ffd87277390	2b85	5f8bf3d81ca0	5f8bf3d978d0	5f8bf0201c90	ee0000	ee0000	10000	95e
18.036855	a39dd	281	2f90	9	11c68fb	5f8bf3d35730	35	10000	7ffd87277390	2b85	5f8bf3d81ca0	5f8bf3d978d0	5f8bef641c90	11d0000	11d0000	10000	19b
18.046046	a39bc	90df	2f90	f	15e56f1	5f8bf3d35730	7ce	10000	7ffd87277390	2b85	5f8bf3d81ca0	5f8bf3d978d0	5f8bee5c1c90	15f0000	15f0000	10000	212
18.053716	a39bc	1f537	2f90	10	26cf53	5f8bf3d35730	17db	10000	7ffd87277390	2b85	5f8bf3d81ca0	5f8bf3d978d0	5f8bf33c1c90	270000	270000	10000	36d
18.066377	a39bc	43	2f90	6	8bacd7	5f8bf3d35730	7	10000	7ffd87277390	2b85	5f8bf3d81ca0	5f8bf3d978d0	5f8bf1a81c90	8c0000	8c0000	10000	6b4
18.077462	a3a3d	5f8bf3d41c90	c680	11	e0c9c5	5f8bf3d35730	2b85	10000	7ffd87277390	2b85	5f8bf3d81ca0	5f8bf3d978d0	5f8bf05c1c90	df0000	c67c	10000	0
18.091427	a39dd	2e21d	2f90	11	148f1b9	5f8bf3d35730	21b3	10000	7ffd87277390	2b85	5f8bf3d81ca0	5f8bf3d978d0	5f8beeb41c90	1490000	1490000	10000	642
18.097629	a39dd	336b	2f90	d	56307	5f8bf3d35730	322	10000	7ffd87277390	2b85	5f8bf3d81ca0	5f8bf3d978d0	5f8bf3c01c90	60000	60000	10000	9b5
18.109352	a39bc	2f05	2f90	d	620caf	5f8bf3d35730	2df	10000	7ffd87277390	2b85	5f8bf3d81ca0	5f8bf3d978d0	5f8bf24c1c90	630000	630000	10000	2aa
18.122364	a39bc	2fa59	2f90	11	c09d04	5f8bf3d35730	22ad	10000	7ffd87277390	2b85	5f8bf3d81ca0	5f8bf3d978d0	5f8bf0d41c90	c10000	c10000	10000	2b
18.136907	a39a4	b2b7	2f90	f	1243252	5f8bf3d35730	969	10000	7ffd87277390	2b85	5f8bf3d81ca0	5f8bf3d978d0	5f8bef481c90	1240000	1240000	10000	761
18.149430	a3a39	5f8bf3d41c90	e06c	11	a9fe1	5f8bf3d35730	2b85	10000	7ffd87277390	2b85	5f8bf3d81ca0	5f8bf3d978d0	5f8bf3b01c90	a0000	e068	10000	0
18.163132	a39dd	1f	2f90	4	698e6e	5f8bf3d35730	5	10000	7ffd87277390	2b85	5f8bf3d81ca0	5f8bf3d978d0	5f8bf2301c90	6a0000	6a0000	10000	870
18.171478	a39e0	727	2f90	a	aa6221	5f8bf3d35730	89	10000	7ffd87277390	2b85	5f8bf3d81ca0	5f8bf3d978d0	5f8bf12c1c90	ab0000	ab0000	10000	45b
18.180498	a39dd	1a5af	2f90	10	eef0f7	5f8bf3d35730	1465	10000	7ffd87277390	2b85	5f8bf3d81ca0	5f8bf3d978d0	5f8bf01c1c90	ef0000	ef0000	10000	e3
18.191261	a39bc	64c1	2f90	e	14450ba	5f8bf3d35730	594	10000	7ffd87277390	2b85	5f8bf3d81ca0	5f8bf3d978d0	5f8beec41c90	1450000	1450000	10000	119
18.202702	a397c	5f8bf4311ca0	2f90	f	2e6e6d	5f8bf3d35730	98b	10000	7ffd87277390	2b85	5f8bf3d81ca0	5f8bf3d978d0	5f8bf3201c90	2e0000	2e0000	10000	933
18.209627	a39dd	9f2f	2f90	f	64aaac	5f8bf3d35730	879	10000	7ffd87277390	2b85	5f8bf3d81ca0	5f8bf3d978d0	5f8bf2441c90	650000	650000	10000	bc2
18.224568	a39dd	24985	2f90	11	da615f	5f8bf3d35730	1b6d	10000	7ffd87277390	2b85	5f8bf3d81ca0	5f8bf3d978d0	5f8bf06c1c90	db0000	db0000	10000	124
18.230910	a39cc	21437	2f90	11	10bbf93	5f8bf3d35730	1935	10000	7ffd87277390	2b85	5f8bf3d81ca0	5f8bf3d978d0	5f8befac1c90	10b0000	10b0000	10000	af4
18.243246	a39a0	5f8bf3cf5710	2f90	e	16b0acf	5f8bf3d35730	551	10000	7ffd87277390	2b85	5f8bf3d81ca0	5f8bf3d978d0	5f8bee2c1c90	16b0000	16b0000	10000	486
18.248941	a39d9	89	2f90	7	2499b2	5f8bf3d35730	b	10000	7ffd87277390	2b85	5f8bf3d81ca0	5f8bf3d978d0	5f8bf3441c90	250000	250000	10000	75c
18.260396	a39dd	f1	2f90	7	7db4c3	5f8bf3d35730	12	10000	7ffd87277390	2b85	5f8bf3d81ca0	5f8bf3d978d0	5f8bf1e01c90	7e0000	7e0000	10000	82f
18.268340	a39bc	9d	2f90	7	bb6a4a	5f8bf3d35730	d	10000	7ffd87277390	2b85	5f8bf3d81ca0	5f8bf3d978d0	5f8bf0e81c90	bc0000	bc0000	10000	37d
18.279178	a39bf	529	2f90	a	111270d	5f8bf3d35730	6a	10000	7ffd87277390	2b85	5f8bf3d81ca0	5f8bf3d978d0	5f8bef901c90	1120000	1120000	10000	3b3
18.291551	a39d9	79f	2f90	a	1ea1	5f8bf3d35730	95	10000	7ffd87277390	2b85	5f8bf3d81ca0	5f8bf3d978d0	5f8bf3d41c90	10000	10000	10000	d07
18.299772	a3968	addb	2f90	f	425636	5f8bf3d35730	92f	10000	7ffd87277390	2b85	5f8bf3d81ca0	5f8bf3d978d0	5f8bf2d01c90	420000	420000	10000	8f2
18.311364	a39bc	503	2f90	a	9d6320	5f8bf3d35730	66	10000	7ffd87277390	2b85	5f8bf3d81ca0	5f8bf3d978d0	5f8bf1601c90	9e0000	9e0000	10000	a62
18.319939	a39bc	1d575	2f90	10	e1882e	5f8bf3d35730	167e	10000	7ffd87277390	2b85	5f8bf3d81ca0	5f8bf3d978d0	5f8bf0501c90	e20000	e20000	10000	6ea
18.334739	a39bc	6d	2f90	6	153280a	5f8bf3d35730	a	10000	7ffd87277390	2b85	5f8bf3d81ca0	5f8bf3d978d0	5f8bee881c90	1540000	1540000	10000	42a
18.345521	a39a4	27235	2f90	11	375541	5f8bf3d35730	1d26	10000	7ffd87277390	2b85	5f8bf3d81ca0	5f8bf3d978d0	5f8bf3041c90	350000	350000	10000	1f2
18.356955	a39e0	2a9d	2f90	d	8dec9c	5f8bf3d35730	2a0	10000	7ffd87277390	2b85	5f8bf3d81ca0	5f8bf3d978d0	5f8bf1a01c90	8e0000	8e0000	10000	2c5
18.364943	a3a46	1111	8614	11	ce5333	5f8bf3d35730	2b85	10000	7ffd87277390	2b85	5f8bf3d81ca0	5f8bf3d978d0	5f8bf0a81c90	cc0000	8610	10000	0
18.371256	a39bc	15c0d	2f90	10	fdd31a	5f8bf3d35730	1100	10000	7ffd87277390	2b85	5f8bf3d81ca0	5f8bf3d978d0	5f8befe01c90	fe0000	fe0000	10000	3f4
18.378183	a39bc	1482b	2f90	10	134fe33	5f8bf3d35730	1014	10000	7ffd87277390	2b85	5f8bf3d81ca0	5f8bf3d978d0	5f8bef041c90	1350000	1350000	10000	683
18.389147	a39dd	281	2f90	9	19249c	5f8bf3d35730	35	10000	7ffd87277390	2b85	5f8bf3d81ca0	5f8bf3d978d0	5f8bf3701c90	1a0000	1a0000	10000	974
18.394743	a39d9	6d	2f90	6	451da8	5f8bf3d35730	a	10000	7ffd87277390	2b85	5f8bf3d81ca0	5f8bf3d978d0	5f8bf2c01c90	460000	460000	10000	114
18.407925	a39dd	25	2f90	5	af0072	5f8bf3d35730	6	10000	7ffd87277390	2b85	5f8bf3d81ca0	5f8bf3d978d0	5f8bf1181c90	b00000	b00000	10000	109
18.413898	a39bc	292b5	2f90	11	dcd1c0	5f8bf3d35730	1e7a	10000	7ffd87277390	2b85	5f8bf3d81ca0	5f8bf3d978d0	5f8bf0641c90	dd0000	dd0000	10000	a3c
18.420792	a39dd	455	2f90	a	1130f99	5f8bf3d35730	5c	10000	7ffd87277390	2b85	5f8bf3d81ca0	5f8bf3d978d0	5f8bef881c90	1140000	1140000	10000	ccb
18.434273	a39bc	5071	2f90	e	b6f25	5f8bf3d35730	48e	10000	7ffd87277390	2b85	5f8bf3d81ca0	5f8bf3d978d0	5f8bf3a81c90	c0000	c0000	10000	aef
18.440524	a3a3d	5f8bf3d41c90	48b0	11	3cd4ea	5f8bf3d35730	2b85	10000	7ffd87277390	2b85	5f8bf3d81ca0	5f8bf3d978d0	5f8bf2e81c90	3c0000	48ac	10000	0
18.450209	a39bf	15b5	2f90	c	83840d	5f8bf3d35730	163	10000	7ffd87277390	2b85	5f8bf3d81ca0	5f8bf3d978d0	5f8bf1c81c90	840000	840000	10000	969
18.459577	a39d0	1c217	2f90	10	cb8081	5f8bf3d35730	15a4	10000	7ffd87277390	2b85	5f8bf3d81ca0	5f8bf3d978d0	5f8bf0b01c90	ca0000	ca0000	10000	202
18.465802	a39b8	1f	2f90	4	faa8cc	5f8bf3d35730	5	10000	7ffd87277390	2b85	341c0	5f8bf3d978d0	5f8befec1c90	fb0000	fb0000	10000	357
18.480678	b423f	97be2e2ce166c05c	1181f	0	105d7	ffffffffffe0b691	6288adf7add6f0fb	630f	7ffd87277388	1181f	1f496e	0	f1e2832ba0698955	de7	7fffffffffe0b691	9d77520852290f05	2b85
18.487895	a39a0	5f8bf3cf5710	2f90	11	378694	5f8bf3d35730	2590	10000	7ffd87277390	2b85	5f8bf3d81ca0	5f8bf3d978d0	5f8bf3001c90	360000	360000	10000	67e
18.493167	a39bc	3d7	2f90	9	5fbd23	5f8bf3d35730	51	10000	7ffd87277390	2b85	5f8bf3d81ca0	5f8bf3d978d0	5f8bf2581c90	600000	600000	10000	20d
18.504470	a39dd	a9f	2f90	b	b8a8fe	5f8bf3d35730	bd	10000	7ffd87277390	2b85	5f8bf3d81ca0	5f8bf3d978d0	5f8bf0f41c90	b90000	b90000	10000	2e0
18.519161	a39dd	c7	2f90	7	12d0e70	5f8bf3d35730	f	10000	7ffd87277390	2b85	5f8bf3d81ca0	5f8bf3d978d0	5f8bef201c90	12e0000	12e0000	10000	bd
18.527316	15fcac8d2880	d07	3f5	0	2448	5f8bf6076f04	5f8bf3d41c90	912	7ffd87277388	5f8bf6075f30	5f8bf3d81ca0	5f8bf3d978d0	5f8bee2c1c90	16c0000	16c0000	10000	912
18.540628	a39dd	279b	2f90	d	619fa9	5f8bf3d35730	271	10000	7ffd87277390	2b85	5f8bf3d81ca0	5f8bf3d978d0	5f8bf2501c90	620000	620000	10000	b25
18.554673	a39bc	5bfd	2f90	e	ce72e8	5f8bf3d35730	529	10000	7ffd87277390	2b85	5f8bf3d81ca0	5f8bf3d978d0	5f8bf09c1c90	cf0000	cf0000	10000	bb7
18.565486	a39bc	17e1	2f90	c	122f4bd	5f8bf3d35730	189	10000	7ffd87277390	2b85	5f8bf3d81ca0	5f8bf3d978d0	5f8bef4c1c90	1230000	1230000	10000	2d5
18.571024	a39bc	18e7d	2f90	10	14ceb83	5f8bf3d35730	1345	10000	7ffd87277390	2b85	5f8bf3d81ca0	5f8bf3d978d0	5f8beea41c90	14d0000	14d0000	10000	b6b
18.582385	a39dd	6f7	2f90	a	344677	5f8bf3d35730	86	10000	7ffd87277390	2b85	5f8bf3d81ca0	5f8bf3d978d0	5f8bf3041c90	350000	350000	10000	1f2
18.594139	15fcac7d488a	1d1	90	7	20590	0	7	5f8bf6148a50	7ffd872772f0	5f8bf6148a60	5f8bf5e53420	5f8bf3cd9510	dd9bd55327923952	75888521ac80	0	5f8bf6148ae0	1d0
18.604358	a39dd	6a1	2f90	a	df4300	5f8bf3d35730	7f	10000	7ffd87277390	2b85	5f8bf3d81ca0	5f8bf3d978d0	5f8bf0581c90	e00000	e00000	10000	ad9
18.615150	a39dd	25	2f90	5	13455ea	5f8bf3d35730	6	10000	7ffd87277390	2b85	5f8bf3d81ca0	5f8bf3d978d0	5f8bef041c90	1350000	1350000	10000	683
18.627784	a39bc	f2ed	2f90	f	238fc0	5f8bf3d35730	c50	10000	7ffd87277390	2b85	5f8bf3d81ca0	5f8bf3d978d0	5f8bf3481c90	240000	240000	10000	2d0
18.640430	a39bc	22e91	2f90	11	86304d	5f8bf3d35730	1a5f	10000	7ffd87277390	2b85	5f8bf3d81ca0	5f8bf3d978d0	5f8bf1bc1c90	870000	870000	10000	a06
18.649253	a39dd	26245	2f90	11	cbc86d	5f8bf3d35730	1c7b	10000	7ffd87277390	2b85	5f8bf3d81ca0	5f8bf3d978d0	5f8bf0a81c90	cc0000	cc0000	10000	b1a
18.656229	a39c4	2763d	2f90	11	1046eea	5f8bf3d35730	1d5b	10000	7ffd87277390	2b85	5f8bf3d81ca0	5f8bf3d978d0	5f8befcc1c90	1030000	1030000	10000	a2
18.666672	a39bc	36d75	2f90	11	152ba4d	5f8bf3d35730	276a	10000	7ffd87277390	2b85	5f8bf3d81ca0	5f8bf3d978d0	5f8bee8c1c90	1530000	1530000	10000	ca5
18.678853	a39e0	25	2f90	5	417572	5f8bf3d35730	6	10000	7ffd87277390	2b85	5f8bf3d81ca0	5f8bf3d978d0	5f8bf2d01c90	420000	420000	10000	8f2
18.693428	a4400	2b85	5f8bf3cda7b0	f47	b378e3	215b	561	5f8bf61e99d0	7ffd87277390	215b	219	5f8bf3db9bf0	dd9bd55327923952	2b85	61	21a	6e
18.701397	a39b8	2b2a9	2f90	11	f21e34	5f8bf3d35730	1fcf	10000	7ffd87277390	2b85	5f8bf3d81ca0	5f8bf3d978d0	5f8bf00c1c90	f30000	f30000	10000	60c
18.715462	a39bc	c7d5	2f90	f	1617182	5f8bf3d35730	a61	10000	7ffd87277390	2b85	5f8bf3d81ca0	5f8bf3d978d0	5f8bee501c90	1620000	1620000	10000	2af
18.728693	a39d0	1e817	2f90	10	587348	5f8bf3d35730	1756	10000	7ffd87277390	2b85	5f8bf3d81ca0	5f8bf3d978d0	5f8bf2781c90	580000	580000	10000	4c2
18.738880	a39bc	10f	2f90	8	a710e9	5f8bf3d35730	14	10000	7ffd87277390	2b85	5f8bf3d81ca0	5f8bf3d978d0	5f8bf1381c90	a80000	a80000	10000	3be
18.745522	a39dd	4643	2f90	e	da10fd	5f8bf3d35730	40f	10000	7ffd87277390	2b85	5f8bf3d81ca0	5f8bf3d978d0	5f8bf06c1c90	db0000	db0000	10000	124
18.752680	a39dd	207d1	2f90	11	11381a3	5f8bf3d35730	18a9	10000	7ffd87277390	2b85	5f8bf3d81ca0	5f8bf3d978d0	5f8bef881c90	1140000	1140000	10000	ccb
18.763582	a39dd	2d593	2f90	11	169e22b	5f8bf3d35730	212f	10000	7ffd87277390	2b85	5f8bf3d81ca0	5f8bf3d978d0	5f8bee301c90	16a0000	16a0000	10000	d01
18.777090	a39bc	1ea97	2f90	10	624854	5f8bf3d35730	1772	10000	7ffd87277390	2b85	5f8bf3d81ca0	5f8bf3d978d0	5f8bf24c1c90	630000	630000	10000	2aa
18.791115	a39a4	54eb	2f90	e	d0213c	5f8bf3d35730	4d2	10000	7ffd87277390	2b85	5f8bf3d81ca0	5f8bf3d978d0	5f8bf0981c90	d00000	d00000	10000	33c
18.804026	15fcac8d2b8a	5f8bf3d484c8	1a0e	4b80	6838	5f8bf3d43948	5f8bf3d4a180	1a0e	7ffd87277388	5f8bf3d484c8	5f8bf3d81ca0	5f8bf3d978d0	5f8beefc1c90	1380000	1380000	10000	720
18.814012	a3a22	c180	c17c	11	15d7d8	5f8bf3d35730	2b85	10000	7ffd87277390	2b85	5f8bf3d81ca0	5f8bf3d978d0	5f8bf3881c90	140000	c17c	10000	0
18.821795	a39a7	1ef3d	2f90	10	52d403	5f8bf3d35730	179c	10000	7ffd87277390	2b85	5f8bf3d81ca0	5f8bf3d978d0	5f8bf2901c90	520000	520000	10000	388
18.827530	a3a46	1111	6ae8	11	80a664	5f8bf3d35730	2b85	10000	7ffd87277390	2b85	5f8bf3d81ca0	5f8bf3d978d0	5f8bf1dc1c90	7f0000	6ae4	10000	0
18.841314	a39d0	3a765	2f90	11	e8decc	5f8bf3d35730	29c9	10000	7ffd87277390	2b85	5f8bf3d81ca0	5f8bf3d978d0	5f8bf0381c90	e80000	e80000	10000	824
18.848549	a39dd	af99	2f90	f	121f486	5f8bf3d35730	948	10000	7ffd87277390	2b85	5f8bf3d81ca0	5f8bf3d978d0	5f8bef501c90	1220000	1220000	10000	b50
18.853917	a39d0	1dcc5	2f90	10	14cfb82	5f8bf3d35730	16d4	10000	7ffd87277390	2b85	5f8bf3d81ca0	5f8bf3d978d0	5f8beea81c90	14c0000	14c0000	10000	6df
18.863427	a39bc	23bcf	2f90	11	24a768	5f8bf3d35730	1aea	10000	7ffd87277390	2b85	5f8bf3d81ca0	5f8bf3d978d0	5f8bf3441c90	250000	250000	10000	75c
18.877809	a39c4	2578f	2f90	11	98423d	5f8bf3d35730	1c0e	10000	7ffd87277390	2b85	5f8bf3d81ca0	5f8bf3d978d0	5f8bf1781c90	980000	980000	10000	928
18.892524	a3a30	5f8bf3d41c90	6648	11	10dff23	5f8bf3d35730	2b85	10000	7ffd87277390	2b85	5f8bf3d81ca0	5f8bf3d978d0	5f8befa41c90	10d0000	6644	10000	0
18.900488	a39dd	59	2f90	6	14c4adc	5f8bf3d35730	8	10000	7ffd87277390	2b85	5f8bf3d81ca0	5f8bf3d978d0	5f8beea41c90	14d0000	14d0000	10000	b6b
18.915082	a39e5	277ed	2f90	11	4f6a5a	5f8bf3d35730	1d6c	10000	7ffd87277390	2b85	5f8bf3d81ca0	5f8bf3d978d0	5f8bf2a41c90	4d0000	4d0000	10000	6da
18.920426	a39bc	18d	2f90	8	772409	5f8bf3d35730	1f	10000	7ffd87277390	2b85	5f8bf3d81ca0	5f8bf3d978d0	5f8bf1f81c90	780000	780000	10000	6f5
18.930868	a39dd	821	2f90	b	ca819d	5f8bf3d35730	9b	10000	7ffd87277390	2b85	5f8bf3d81ca0	5f8bf3d978d0	5f8bf0ac1c90	cb0000	cb0000	10000	68e
18.939317	a39bc	89	2f90	7	10dcff7	5f8bf3d35730	b	10000	7ffd87277390	2b85	5f8bf3d81ca0	5f8bf3d978d0	5f8befa01c90	10e0000	10e0000	10000	b91
18.950103	a39bc	add1	2f90	f	161800d	5f8bf3d35730	92d	10000	7ffd87277390	2b85	5f8bf3d81ca0	5f8bf3d978d0	5f8bee501c90	1620000	1620000	10000	2af
18.963981	a39bc	46c7	2f90	e	5bfd5a	5f8bf3d35730	416	10000	7ffd87277390	2b85	5f8bf3d81ca0	5f8bf3d978d0	5f8bf2681c90	5c0000	5c0000	10000	9eb
18.969254	a3a25	2c70	2c70	11	87f029	5f8bf3d35730	2b85	10000	7ffd87277390	2b85	5f8bf3d81ca0	5f8bf3d978d0	5f8bf1c01c90	860000	2c6c	10000	0
18.974856	a39dd	1956b	2f90	10	b13825	5f8bf3d35730	1394	10000	7ffd87277390	2b85	5f8bf3d81ca0	5f8bf3d978d0	5f8bf1101c90	b20000	b20000	10000	a21
18.989987	a39bc	1267d	2f90	10	12af280	5f8bf3d35730	e90	10000	7ffd87277390	2b85	5f8bf3d81ca0	5f8bf3d978d0	5f8bef2c1c90	12b0000	12b0000	10000	20
19.003236	a39d0	14dbf	2f90	10	21af11	5f8bf3d35730	1061	10000	7ffd87277390	2b85	5f8bf3d81ca0	5f8bf3d978d0	5f8bf3541c90	210000	210000	10000	233
19.014446	a39b8	65	2f90	6	791382	5f8bf3d35730	9	10000	7ffd87277390	2b85	5f8bf3d81ca0	5f8bf3d978d0	5f8bf1f01c90	7a0000	7a0000	10000	306
19.021291	a39bc	3a9	2f90	9	af013c	5f8bf3d35730	4a	10000	7ffd87277390	2b85	5f8bf3d81ca0	5f8bf3d978d0	5f8bf1181c90	b00000	b00000	10000	109
19.033419	a397c	5f8bf4311ca0	2f90	11	10e9ccd	5f8bf3d35730	203d	10000	7ffd87277390	2b85	5f8bf3d81ca0	5f8bf3d978d0	5f8befa01c90	10e0000	10e0000	10000	b91
19.040242	a39dd	119b	2f90	c	1430205	5f8bf3d35730	126	10000	7ffd87277390	2b85	5f8bf3d81ca0	5f8bf3d978d0	5f8beec81c90	1440000	1440000	10000	994
19.052152	a3a39	5f8bf3d41c90	50d0	11	337a30	5f8bf3d35730	2b85	10000	7ffd87277390	2b85	5f8bf3d81ca0	5f8bf3d978d0	5f8bf3181c90	300000	50cc	10000	0
19.057715	a39dd	22577	2f90	11	5bd672	5f8bf3d35730	19f6	10000	7ffd87277390	2b85	5f8bf3d81ca0	5f8bf3d978d0	5f8bf2681c90	5c0000	5c0000	10000	9eb
19.070250	a39dd	13d	2f90	8	bf4bd9	5f8bf3d35730	18	10000	7ffd87277390	2b85	5f8bf3d81ca0	5f8bf3d978d0	5f8bf0d81c90	c00000	c00000	10000	8a6
19.083478	a39b8	65	2f90	6	129b8a4	5f8bf3d35730	9	10000	7ffd87277390	2b85	5f8bf3d81ca0	5f8bf3d978d0	5f8bef301c90	12a0000	12a0000	10000	89b
19.091858	a39dd	43	2f90	6	16c7f24	5f8bf3d35730	7	10000	7ffd87277390	2b85	5f8bf3d81ca0	5f8bf3d978d0	5f8bee241c90	16d0000	16d0000	10000	97
19.099024	a39e0	6d	2f90	6	32bd6d	5f8bf3d35730	a	10000	7ffd87277390	2b85	5f8bf3d81ca0	5f8bf3d978d0	5f8bf30c1c90	330000	330000	10000	5e1
19.113790	a39bc	277	2f90	9	a7009d	5f8bf3d35730	34	10000	7ffd87277390	2b85	5f8bf3d81ca0	5f8bf3d978d0	5f8bf1381c90	a80000	a80000	10000	3be
19.122903	a39bc	14b	2f90	8	efe845	5f8bf3d35730	19	10000	7ffd87277390	2b85	5f8bf3d81ca0	5f8bf3d978d0	5f8bf0181c90	f00000	f00000	10000	56f
19.132152	a39bc	1f	2f90	4	1390c45	5f8bf3d35730	5	10000	7ffd87277390	2b85	341c0	5f8bf3d978d0	5f8beef01c90	13a0000	13a0000	10000	331
19.145394	a39dd	3d7	2f90	9	308f4f	5f8bf3d35730	51	10000	7ffd87277390	2b85	5f8bf3d81ca0	5f8bf3d978d0	5f8bf3141c90	310000	310000	10000	9d0
19.158782	a39bc	43	2f90	6	99dbe3	5f8bf3d35730	7	10000	7ffd87277390	2b85	5f8bf3d81ca0	5f8bf3d978d0	5f8bf1701c90	9a0000	9a0000	10000	539
19.167349	a39bc	1f	2f90	4	db6445	5f8bf3d35730	5	10000	7ffd87277390	2b85	341c0	5f8bf3d978d0	5f8bf0681c90	dc0000	dc0000	10000	5b0
19.181158	a39bc	3ac5d	2f90	11	148c05d	5f8bf3d35730	29fe	10000	7ffd87277390	2b85	5f8bf3d81ca0	5f8bf3d978d0	5f8beeb41c90	1490000	1490000	10000	642
19.189249	a39dd	28c8b	2f90	11	162c05	5f8bf3d35730	1e40	10000	7ffd87277390	2b85	5f8bf3d81ca0	5f8bf3d978d0	5f8bf37c1c90	170000	170000	10000	8d7
19.200180	a39bc	af7f	2f90	f	6d29ef	5f8bf3d35730	947	10000	7ffd87277390	2b85	5f8bf3d81ca0	5f8bf3d978d0	5f8bf2201c90	6e0000	6e0000	10000	92
19.209884	a39dd	2cd55	2f90	11	b78a91	5f8bf3d35730	20d6	10000	7ffd87277390	2b85	5f8bf3d81ca0	5f8bf3d978d0	5f8bf0f81c90	b80000	b80000	10000	b5b
19.223375	a39bc	a7	2f90	7	1229df3	5f8bf3d35730	e	10000	7ffd87277390	2b85	5f8bf3d81ca0	5f8bf3d978d0	5f8bef4c1c90	1230000	1230000	10000	2d5
19.236700	a39bc	16d2f	2f90	10	174915	5f8bf3d35730	11c7	10000	7ffd87277390	2b85	5f8bf3d81ca0	5f8bf3d978d0	5f8bf3781c90	180000	180000	10000	5c
19.244045	a39bc	2326d	2f90	11	52a4b9	5f8bf3d35730	1a87	10000	7ffd87277390	2b85	5f8bf3d81ca0	5f8bf3d978d0	5f8bf28c1c90	530000	530000	10000	814
19.252602	a3a12	1111	f5ac	11	940000	5f8bf3d35730	2b85	10000	7ffd87277390	2b85	5f8bf3d81ca0	5f8bf3d978d0	5f8bf18c1c90	930000	f5a8	10000	0
19.259179	15fcac8d2b24	5f8bf3d5bd70	6838	6fd0	1a0e0	5f8bf3d54da0	5f8bf3d6ee80	6838	7ffd87277388	5f8bf3d5bd70	1a0e0	5f8bf3d978d0	5f8bf0bc1c90	c80000	c80000	10000	5f1
19.273685	a39bc	2a5bd	2f90	11	11d706a	5f8bf3d35730	1f3a	10000	7ffd87277390	2b85	5f8bf3d81ca0	5f8bf3d978d0	5f8bef601c90	11e0000	11e0000	10000	627
19.280258	a3a16	c5e4	c5e0	11	152b9fa	5f8bf3d35730	2b85	10000	7ffd87277390	2b85	5f8bf3d81ca0	5f8bf3d978d0	5f8bee941c90	1510000	c5dc	10000	0
19.287923	a3998	2b85	2f90	11	1c3b33	5f8bf3d35730	278c	10000	7ffd87277390	2b85	5f8bf3d81ca0	5f8bf3d978d0	5f8bf36c1c90	1b0000	1b0000	10000	f9
19.300656	a39a7	1b99b	2f90	10	80414a	5f8bf3d35730	1552	10000	7ffd87277390	2b85	5f8bf3d81ca0	5f8bf3d978d0	5f8bf1dc1c90	7f0000	7f0000	10000	cbb
19.307845	a39bc	1567	2f90	c	b7eb09	5f8bf3d35730	15d	10000	7ffd87277390	2b85	5f8bf3d81ca0	5f8bf3d978d0	5f8bf0f81c90	b80000	b80000	10000	b5b
19.321485	a39dd	264b	2f90	d	123ed47	5f8bf3d35730	264	10000	7ffd87277390	2b85	5f8bf3d81ca0	5f8bf3d978d0	5f8bef481c90	1240000	1240000	10000	761
19.332664	a39dd	26b	2f90	9	6a775	5f8bf3d35730	33	10000	7ffd87277390	2b85	5f8bf3d81ca0	5f8bf3d978d0	5f8bf3bc1c90	70000	70000	10000	13a
19.339437	a39b8	180bb	2f90	10	38e577	5f8bf3d35730	12b0	10000	7ffd87277390	2b85	5f8bf3d81ca0	5f8bf3d978d0	5f8bf2f41c90	390000	390000	10000	71b
19.349902	a39bc	a597	2f90	f	8bfa43	5f8bf3d35730	8d0	10000	7ffd87277390	2b85	5f8bf3d81ca0	5f8bf3d978d0	5f8bf1a81c90	8c0000	8c0000	10000	6b4
19.357274	a39dd	37261	2f90	11	bed24b	5f8bf3d35730	27a3	10000	7ffd87277390	2b85	5f8bf3d81ca0	5f8bf3d978d0	5f8bf0dc1c90	bf0000	bf0000	10000	41a
19.366108	a397c	5f8bf4311ca0	2f90	11	1083c8f	5f8bf3d35730	2254	10000	7ffd87277390	2b85	5f8bf3d81ca0	5f8bf3d978d0	5f8befc01c90	1060000	1060000	10000	13f
19.375039	a3a16	1f34	1f30	11	14e5ca9	5f8bf3d35730	2b85	10000	7ffd87277390	2b85	5f8bf3d81ca0	5f8bf3d978d0	5f8beea41c90	14d0000	1f2c	10000	0
19.387331	a39bc	241	2f90	9	3d169b	5f8bf3d35730	2d	10000	7ffd87277390	2b85	5f8bf3d81ca0	5f8bf3d978d0	5f8bf2e01c90	3e0000	3e0000	10000	3c9
19.401822	a39bf	14b	2f90	8	b16916	5f8bf3d35730	19	10000	7ffd87277390	2b85	5f8bf3d81ca0	5f8bf3d978d0	5f8bf1101c90	b20000	b20000	10000	a21
19.411095	a39bc	278e1	2f90	11	f9645a	5f8bf3d35730	1d79	10000	7ffd87277390	2b85	5f8bf3d81ca0	5f8bf3d978d0	5f8beff01c90	fa0000	fa0000	10000	bd2
19.417799	a4c85	0	7	5f8bf59550a0	8	5f8bf5955058	71	5f8bf63d17d0	7ffd87277390	5f8bf5246b70	70	0	22a4	5f8bf5954f90	b	70	5f8bf5954f98
19.424536	a39bc	28615	2f90	11	1620d61	5f8bf3d35730	1dfa	10000	7ffd87277390	2b85	5f8bf3d81ca0	5f8bf3d978d0	5f8bee4c1c90	1630000	1630000	10000	73b
19.434060	a39bf	1ebb	2f90	c	3b24c4	5f8bf3d35730	1ef	10000	7ffd87277390	2b85	5f8bf3d81ca0	5f8bf3d978d0	5f8bf2e81c90	3c0000	3c0000	10000	7b8
19.444230	a3a39	5f8bf3d41c90	19cc	11	8f1824	5f8bf3d35730	2b85	10000	7ffd87277390	2b85	5f8bf3d81ca0	5f8bf3d978d0	5f8bf1a41c90	8d0000	19c8	10000	0
19.456912	a39e0	a7	2f90	7	f0bcba	5f8bf3d35730	e	10000	7ffd87277390	2b85	5f8bf3d81ca0	5f8bf3d978d0	5f8bf0141c90	f10000	f10000	10000	9fb
19.467432	a39b8	97	2f90	7	14316ba	5f8bf3d35730	c	10000	7ffd87277390	2b85	5f8bf3d81ca0	5f8bf3d978d0	5f8beec81c90	1440000	1440000	10000	994
19.479177	a39bc	11b	2f90	8	2e6b41	5f8bf3d35730	15	10000	7ffd87277390	2b85	5f8bf3d81ca0	5f8bf3d978d0	5f8bf31c1c90	2f0000	2f0000	10000	b8
19.486210	a39dd	36d1	2f90	d	649cfa	5f8bf3d35730	350	10000	7ffd87277390	2b85	5f8bf3d81ca0	5f8bf3d978d0	5f8bf2441c90	650000	650000	10000	bc2
19.500640	a39dd	33e1b	2f90	11	d5ca8b	5f8bf3d35730	256c	10000	7ffd87277390	2b85	5f8bf3d81ca0	5f8bf3d978d0	5f8bf0801c90	d60000	d60000	10000	476
19.507429	a39dd	2b20b	2f90	11	10b1733	5f8bf3d35730	1fc6	10000	7ffd87277390	2b85	5f8bf3d81ca0	5f8bf3d978d0	5f8befa81c90	10c0000	10c0000	10000	279
19.516754	a39bc	1433	2f90	c	155128d	5f8bf3d35730	14f	10000	7ffd87277390	2b85	5f8bf3d81ca0	5f8bf3d978d0	5f8bee801c90	1560000	1560000	10000	3b
19.523844	a3a3d	5f8bf3d41c90	3cd0	11	1b61c9	5f8bf3d35730	2b85	10000	7ffd87277390	2b85	5f8bf3d81ca0	5f8bf3d978d0	5f8bf3741c90	190000	3ccc	10000	0
19.534965	15fcac8d2b24	5f8bf3d5bd70	6838	2410	1a0e0	5f8bf3d59960	5f8bf3d73a40	6838	7ffd87277388	5f8bf3d5bd70	1a0e0	5f8bf3d978d0	5f8bf2241c90	6e0000	6e0000	10000	92
19.549567	a39bc	abc1	2f90	f	de9e20	5f8bf3d35730	915	10000	7ffd87277390	2b85	5f8bf3d81ca0	5f8bf3d978d0	5f8bf05c1c90	df0000	df0000	10000	64d
19.559208	a39bc	3073f	2f90	11	1295df1	5f8bf3d35730	2334	10000	7ffd87277390	2b85	5f8bf3d81ca0	5f8bf3d978d0	5f8bef301c90	12a0000	12a0000	10000	89b
19.572344	a39dd	3c7	2f90	9	1b8afc	5f8bf3d35730	4e	10000	7ffd87277390	2b85	5f8bf3d81ca0	5f8bf3d978d0	5f8bf3681c90	1c0000	1c0000	10000	585
19.583710	a3a3d	5f8bf3d41c90	6030	11	762e2f	5f8bf3d35730	2b85	10000	7ffd87277390	2b85	5f8bf3d81ca0	5f8bf3d978d0	5f8bf2041c90	750000	602c	10000	0
19.594738	a39bc	1d7d	2f90	c	cd4e69	5f8bf3d35730	1de	10000	7ffd87277390	2b85	5f8bf3d81ca0	5f8bf3d978d0	5f8bf0a01c90	ce0000	ce0000	10000	72b
19.606838	a3a1f	f998	f994	11	12d471f	5f8bf3d35730	2b85	10000	7ffd87277390	2b85	5f8bf3d81ca0	5f8bf3d978d0	5f8bef241c90	12d0000	f990	10000	0
19.613459	a39bc	b33f	2f90	f	160e984	5f8bf3d35730	96e	10000	7ffd87277390	2b85	5f8bf3d81ca0	5f8bf3d978d0	5f8bee541c90	1610000	1610000	10000	b2a
19.619177	a39c4	1e4c1	2f90	10	1c4dce	5f8bf3d35730	172b	10000	7ffd87277390	2b85	5f8bf3d81ca0	5f8bf3d978d0	5f8bf3681c90	1c0000	1c0000	10000	585
19.626012	a39bc	25f7	2f90	d	4ecdc8	5f8bf3d35730	25e	10000	7ffd87277390	2b85	5f8bf3d81ca0	5f8bf3d978d0	5f8bf29c1c90	4f0000	4f0000	10000	2eb
19.636035	a397c	5f8bf4311ca0	2f90	f	9f5414	5f8bf3d35730	a6b	10000	7ffd87277390	2b85	5f8bf3d81ca0	5f8bf3d978d0	5f8bf15c1c90	9f0000	9f0000	10000	1e7
19.641547	a39bc	2b35d	2f90	11	c748fb	5f8bf3d35730	1fd6	10000	7ffd87277390	2b85	5f8bf3d81ca0	5f8bf3d978d0	5f8bf0b81c90	c80000	c80000	10000	5f1
19.656122	a39dd	8a6d	2f90	f	13a5d78	5f8bf3d35730	77d	10000	7ffd87277390	2b85	5f8bf3d81ca0	5f8bf3d978d0	5f8beeec1c90	13b0000	13b0000	10000	7bd
19.665556	a39dd	a9a3	2f90	f	1230b7	5f8bf3d35730	900	10000	7ffd87277390	2b85	5f8bf3d81ca0	5f8bf3d978d0	5f8bf38c1c90	130000	130000	10000	3ae
19.675065	a3972	24337	2f90	11	5e765c	5f8bf3d35730	1b35	10000	7ffd87277390	2b85	5f8bf3d81ca0	5f8bf3d978d0	5f8bf2601c90	5e0000	5e0000	10000	5fc
19.683599	a39dd	9aeb	2f90	f	a13357	5f8bf3d35730	841	10000	7ffd87277390	2b85	5f8bf3d81ca0	5f8bf3d978d0	5f8bf1501c90	a20000	a20000	10000	284
19.690894	a39bc	1df	2f90	8	dac1e2	5f8bf3d35730	25	10000	7ffd87277390	2b85	5f8bf3d81ca0	5f8bf3d978d0	5f8bf06c1c90	db0000	db0000	10000	124
19.698691	a3a22	17e0	17dc	11	119a7bb	5f8bf3d35730	2b85	10000	7ffd87277390	2b85	5f8bf3d81ca0	5f8bf3d978d0	5f8bef781c90	1180000	17dc	10000	0
19.711061	a39bc	1115	2f90	c	7129e	5f8bf3d35730	11e	10000	7ffd87277390	2b85	5f8bf3d81ca0	5f8bf3d978d0	5f8bf3b81c90	80000	80000	10000	5c6
19.724568	a39d0	9a7f	2f90	f	7097a5	5f8bf3d35730	83c	10000	7ffd87277390	2b85	5f8bf3d81ca0	5f8bf3d978d0	5f8bf2181c90	700000	700000	10000	9aa
19.738307	a39dd	24313	2f90	11	d854c6	5f8bf3d35730	1b33	10000	7ffd87277390	2b85	5f8bf3d81ca0	5f8bf3d978d0	5f8bf0741c90	d90000	d90000	10000	513
19.748619	a39bc	137	2f90	8	1294bbf	5f8bf3d35730	17	10000	7ffd87277390	2b85	5f8bf3d81ca0	5f8bf3d978d0	5f8bef301c90	12a0000	12a0000	10000	89b
19.758397	a39dd	11c1d	2f90	10	32909	5f8bf3d35730	e19	10000	7ffd87277390	2b85	5f8bf3d81ca0	5f8bf3d978d0	5f8bf3c81c90	40000	40000	10000	9d
19.764304	a39bc	12497	2f90	10	328f45	5f8bf3d35730	e79	10000	7ffd87277390	2b85	5f8bf3d81ca0	5f8bf3d978d0	5f8bf30c1c90	330000	330000	10000	5e1
19.776973	a39bc	ab5	2f90	b	97dadd	5f8bf3d35730	c0	10000	7ffd87277390	2b85	5f8bf3d81ca0	5f8bf3d978d0	5f8bf1781c90	980000	980000	10000	928
19.787775	a397c	5f8bf4311ca0	2f90	11	eec8b4	5f8bf3d35730	27ed	10000	7ffd87277390	2b85	5f8bf3d81ca0	5f8bf3d978d0	5f8bf0241c90	ed0000	ed0000	10000	4d2
19.802376	15fcac8d2b24	5f8bf3d4ed00	341c	7260	d070	5f8bf3d47aa0	5f8bf3d54b10	341c	7ffd87277388	5f8bf3d4ed00	d070	5f8bf3d978d0	5f8bee581c90	1610000	1610000	10000	b2a
19.813667	a3968	32dcd	2f90	11	47b808	5f8bf3d35730	24b8	10000	7ffd87277390	2b85	5f8bf3d81ca0	5f8bf3d978d0	5f8bf2c41c90	450000	450000	10000	98f
19.823105	a39a7	f2ed	2f90	f	8d9b54	5f8bf3d35730	c50	10000	7ffd87277390	2b85	5f8bf3d81ca0	5f8bf3d978d0	5f8bf1a41c90	8d0000	8d0000	10000	b40
19.835023	a3a30	5f8bf3d41c90	9a88	11	eb8c7a	5f8bf3d35730	2b85	10000	7ffd87277390	2b85	5f8bf3d81ca0	5f8bf3d978d0	5f8bf0301c90	ea0000	9a84	10000	0
19.848100	a39bc	245f	2f90	d	14f82a9	5f8bf3d35730	244	10000	7ffd87277390	2b85	5f8bf3d81ca0	5f8bf3d978d0	5f8bee981c90	1500000	1500000	10000	c08
19.859314	a39dd	24a87	2f90	11	3492f8	5f8bf3d35730	1b79	10000	7ffd87277390	2b85	5f8bf3d81ca0	5f8bf3d978d0	5f8bf3041c90	350000	350000	10000	1f2
19.871839	a39dd	9133	2f90	f	9740f2	5f8bf3d35730	7d2	10000	7ffd87277390	2b85	5f8bf3d81ca0	5f8bf3d978d0	5f8bf1781c90	980000	980000	10000	928
19.881435	a39bc	39bb7	2f90	11	e0eb62	5f8bf3d35730	2953	10000	7ffd87277390	2b85	5f8bf3d81ca0	5f8bf3d978d0	5f8bf0541c90	e10000	e10000	10000	25e
19.889404	a39dd	1cbdf	2f90	10	11fd430	5f8bf3d35730	1613	10000	7ffd87277390	2b85	5f8bf3d81ca0	5f8bf3d978d0	5f8bef581c90	1200000	1200000	10000	238
19.902471	a39bc	9bcb	2f90	f	149a38	5f8bf3d35730	84e	10000	7ffd87277390	2b85	5f8bf3d81ca0	5f8bf3d978d0	5f8bf3841c90	150000	150000	10000	cc6
19.909014	a39d9	35a71	2f90	11	464270	5f8bf3d35730	26a4	10000	7ffd87277390	2b85	5f8bf3d81ca0	5f8bf3d978d0	5f8bf2bc1c90	470000	470000	10000	5a0
19.920238	a3968	1a597	2f90	10	a04974	5f8bf3d35730	1464	10000	7ffd87277390	2b85	5f8bf3d81ca0	5f8bf3d978d0	5f8bf15c1c90	9f0000	9f0000	10000	1e7
19.928951	a39dd	c383	2f90	f	e18556	5f8bf3d35730	a2c	10000	7ffd87277390	2b85	5f8bf3d81ca0	5f8bf3d978d0	5f8bf0501c90	e20000	e20000	10000	6ea
19.938384	a39a7	26b67	2f90	11	12da2c3	5f8bf3d35730	1cd6	10000	7ffd87277390	2b85	5f8bf3d81ca0	5f8bf3d978d0	5f8bef281c90	12c0000	12c0000	10000	4ac
19.943820	a3a25	5bb4	5bb4	11	1580e65	5f8bf3d35730	2b85	10000	7ffd87277390	2b85	5f8bf3d81ca0	5f8bf3d978d0	5f8bee801c90	1560000	5bb0	10000	0
19.953651	a39bc	1cd	2f90	8	32ce38	5f8bf3d35730	23	10000	7ffd87277390	2b85	5f8bf3d81ca0	5f8bf3d978d0	5f8bf30c1c90	330000	330000	10000	5e1
19.959931	a39d0	39a4f	2f90	11	65afb5	5f8bf3d35730	2944	10000	7ffd87277390	2b85	5f8bf3d81ca0	5f8bf3d978d0	5f8bf24c1c90	630000	630000	10000	2aa
19.970718	a3a2a	5f8bf3d41c90	e720	11	b71881	5f8bf3d35730	2b85	10000	7ffd87277390	2b85	5f8bf3d81ca0	5f8bf3d978d0	5f8bf0fc1c90	b70000	e71c	10000	0
19.980490	a39dd	24139	2f90	11	1047a03	5f8bf3d35730	1b20	10000	7ffd87277390	2b85	5f8bf3d81ca0	5f8bf3d978d0	5f8befc41c90	1050000	1050000	10000	9ba
19.988722	a39dd	136d	2f90	c	1450cda	5f8bf3d35730	145	10000	7ffd87277390	2b85	5f8bf3d81ca0	5f8bf3d978d0	5f8beec01c90	1460000	1460000	10000	5a5
20.002308	a39bc	3d1	2f90	9	3b5778	5f8bf3d35730	50	10000	7ffd87277390	2b85	5f8bf3d81ca0	5f8bf3d978d0	5f8bf2e81c90	3c0000	3c0000	10000	7b8
20.010314	15fcac8d2b24	5f8bf3d5bd70	6838	2c70	1a0e0	5f8bf3d59100	5f8bf3d731e0	6838	7ffd87277388	5f8bf3d5bd70	1a0e0	5f8bf3d978d0	5f8bf1f01c90	7b0000	7b0000	10000	792
20.021111	15fcac8d2b24	5f8bf3d5bd70	6838	bb30	1a0e0	5f8bf3d50240	5f8bf3d6a320	6838	7ffd87277388	5f8bf3d5bd70	1a0e0	5f8bf3d978d0	5f8bf0a01c90	cf0000	cf0000	10000	bb7
20.036252	15fcac8d2b24	5f8bf3d5bd70	6838	13a50	1a0e0	5f8bf3d48320	5f8bf3d62400	6838	7ffd87277388	5f8bf3d5bd70	1a0e0	5f8bf3d978d0	5f8beec01c90	1470000	1470000	10000	a31
20.041975	a39dd	175	2f90	8	1c448	5f8bf3d35730	1d	10000	7ffd87277390	2b85	5f8bf3d81ca0	5f8bf3d978d0	5f8bf3d01c90	20000	20000	10000	48c
20.056696	15fcac7d46ff	ffffffffffffffa0	310	2f	3	5f8bf3cd0010	7	5f8bf3e7f120	7ffd872772f0	5f8bf3e7f130	4	10	dd9bd55327923952	75888521ac80	0	5f8bf42826d0	87
20.070683	a39dd	59	2f90	6	e3ce8f	5f8bf3d35730	8	10000	7ffd87277390	2b85	5f8bf3d81ca0	5f8bf3d978d0	5f8bf0481c90	e40000	e40000	10000	2fb
20.083789	a39dd	3a123	2f90	11	149279b	5f8bf3d35730	2984	10000	7ffd87277390	2b85	5f8bf3d81ca0	5f8bf3d978d0	5f8beeb01c90	14a0000	14a0000	10000	ace
20.093849	a39bc	25	2f90	5	284b60	5f8bf3d35730	6	10000	7ffd87277390	2b85	5f8bf3d81ca0	5f8bf3d978d0	5f8bf3341c90	290000	290000	10000	c85
20.103705	a39dd	3a9af	2f90	11	7624d8	5f8bf3d35730	29df	10000	7ffd87277390	2b85	5f8bf3d81ca0	5f8bf3d978d0	5f8bf1fc1c90	770000	770000	10000	269
20.115075	a39bc	cbb	2f90	b	d1d042	5f8bf3d35730	dc	10000	7ffd87277390	2b85	5f8bf3d81ca0	5f8bf3d978d0	5f8bf0901c90	d20000	d20000	10000	c54
20.125704	a39d0	adf5	2f90	f	1263af1	5f8bf3d35730	931	10000	7ffd87277390	2b85	5f8bf3d81ca0	5f8bf3d978d0	5f8bef401c90	1260000	1260000	10000	372
20.138981	a39dd	5a01	2f90	e	1b0979	5f8bf3d35730	517	10000	7ffd87277390	2b85	5f8bf3d81ca0	5f8bf3d978d0	5f8bf3681c90	1c0000	1c0000	10000	585
20.146914	a39dd	3c239	2f90	11	55f428	5f8bf3d35730	2add	10000	7ffd87277390	2b85	5f8bf3d81ca0	5f8bf3d978d0	5f8bf2801c90	560000	560000	10000	8b1
20.152559	a39dd	36589	2f90	11	822cbe	5f8bf3d35730	2712	10000	7ffd87277390	2b85	5f8bf3d81ca0	5f8bf3d978d0	5f8bf1cc1c90	830000	830000	10000	4dd
20.165205	15fcac8d2b8a	5f8bf3d41c90	f4	35c	304c	5f8bf6078ff0	5f8bf3d44980	c13	7ffd87277388	5f8bf3d41c90	5f8bf4fd2470	5f8bf4068f18	a	e60000	e60000	10000	c13
20.177474	a39dd	24193	2f90	11	1464529	5f8bf3d35730	1b26	10000	7ffd87277390	2b85	5f8bf3d81ca0	5f8bf3d978d0	5f8beebc1c90	1470000	1470000	10000	a31
20.189267	a39dd	1f	2f90	4	33a4ed	5f8bf3d35730	5	10000	7ffd87277390	2b85	5f8bf3d81ca0	5f8bf3d978d0	5f8bf3081c90	340000	340000	10000	a6d
20.202326	a3a30	5f8bf3d41c90	b148	11	9f5393	5f8bf3d35730	2b85	10000	7ffd87277390	2b85	5f8bf3d81ca0	5f8bf3d978d0	5f8bf1681c90	9c0000	b144	10000	0
20.216030	a39dd	1e7	2f90	8	1083fb8	5f8bf3d35730	26	10000	7ffd87277390	2b85	5f8bf3d81ca0	5f8bf3d978d0	5f8befb41c90	1090000	1090000	10000	1dc
20.229856	a3021	ffffffffffffdffa	37913	37913	fffffffffffddbe2	35546	27e9	3a3eb	7ffd87277390	37913	0	0	f1e2832ba0698955	27e9	7fffffffff9997da	87b7c28fd5883123	2b85
20.241532	a39bc	2ee7	2f90	d	5901bb	5f8bf3d35730	2de	10000	7ffd87277390	2b85	5f8bf3d81ca0	5f8bf3d978d0	5f8bf2701c90	5a0000	5a0000	10000	d3
20.256335	a39bc	43	2f90	6	cdb6cc	5f8bf3d35730	7	10000	7ffd87277390	2b85	5f8bf3d81ca0	5f8bf3d978d0	5f8bf0a01c90	ce0000	ce0000	10000	72b
20.269102	a39dd	2e505	2f90	11	12ccbd7	5f8bf3d35730	21d7	10000	7ffd87277390	2b85	5f8bf3d81ca0	5f8bf3d978d0	5f8bef241c90	12d0000	12d0000	10000	938
20.274749	a3a30	5f8bf3d41c90	c048	11	15ad183	5f8bf3d35730	2b85	10000	7ffd87277390	2b85	5f8bf3d81ca0	5f8bf3d978d0	5f8bee741c90	1590000	c044	10000	0
20.282353	a39dd	2a991	2f90	11	2026eb	5f8bf3d35730	1f62	10000	7ffd87277390	2b85	5f8bf3d81ca0	5f8bf3d978d0	5f8bf3541c90	210000	210000	10000	233
20.293111	a39bc	17803	2f90	10	7708c7	5f8bf3d35730	1255	10000	7ffd87277390	2b85	5f8bf3d81ca0	5f8bf3d978d0	5f8bf1f81c90	780000	780000	10000	6f5
20.306309	a39bc	445	2f90	a	dc8e37	5f8bf3d35730	5a	10000	7ffd87277390	2b85	5f8bf3d81ca0	5f8bf3d978d0	5f8bf0641c90	dd0000	dd0000	10000	a3c
20.317159	a39bc	1c5df	2f90	10	130d79b	5f8bf3d35730	15d4	10000	7ffd87277390	2b85	5f8bf3d81ca0	5f8bf3d978d0	5f8bef141c90	1310000	1310000	10000	15a
20.330757	a39dd	5945	2f90	e	29cbd7	5f8bf3d35730	50c	10000	7ffd87277390	2b85	5f8bf3d81ca0	5f8bf3d978d0	5f8bf3301c90	2a0000	2a0000	10000	40a
20.346142	a3a39	5f8bf3d41c90	545c	11	a32e08	5f8bf3d35730	2b85	10000	7ffd87277390	2b85	5f8bf3d81ca0	5f8bf3d978d0	5f8bf1501c90	a20000	5458	10000	0
20.356788	a39d9	2f6db	2f90	11	ee704c	5f8bf3d35730	228c	10000	7ffd87277390	2b85	5f8bf3d81ca0	5f8bf3d978d0	5f8bf01c1c90	ef0000	ef0000	10000	e3
20.364519	a39bc	2ef	2f90	9	1253d62	5f8bf3d35730	3c	10000	7ffd87277390	2b85	5f8bf3d81ca0	5f8bf3d978d0	5f8bef401c90	1260000	1260000	10000	372
20.376653	a39cc	14c6f	2f90	10	f4200	5f8bf3d35730	1050	10000	7ffd87277390	2b85	5f8bf3d81ca0	5f8bf3d978d0	5f8bf39c1c90	f0000	f0000	10000	b8c
20.387100	15fcac8d2b21	5f8bf3d75e50	2f90	be10	be40	5f8bf3d41cbf	5f8bf3d75e80	d070	7ffd87277388	5f8bf3d75e50	341c0	5f8bf3d978d0	5f8bf2601c90	5f0000	5f0000	10000	a88
20.399059	a39b8	2df65	2f90	11	b3c69e	5f8bf3d35730	2199	10000	7ffd87277390	2b85	5f8bf3d81ca0	5f8bf3d978d0	5f8bf1081c90	b40000	b40000	10000	632
20.411498	a3972	3a31b	2f90	11	113db2c	5f8bf3d35730	299d	10000	7ffd87277390	2b85	5f8bf3d81ca0	5f8bf3d978d0	5f8bef901c90	1120000	1120000	10000	3b3
20.426365	a3a25	33ec	33ec	11	157e03	5f8bf3d35730	2b85	10000	7ffd87277390	2b85	5f8bf3d81ca0	5f8bf3d978d0	5f8bf3901c90	120000	33e8	10000	0
20.440876	a39bc	3a85f	2f90	11	84f07b	5f8bf3d35730	29d1	10000	7ffd87277390	2b85	5f8bf3d81ca0	5f8bf3d978d0	5f8bf1c41c90	850000	850000	10000	ee
20.448255	a39bc	26d8f	2f90	11	bf51d5	5f8bf3d35730	1cee	10000	7ffd87277390	2b85	5f8bf3d81ca0	5f8bf3d978d0	5f8bf0d81c90	c00000	c00000	10000	8a6
20.455523	a39dd	25	2f90	5	fa9544	5f8bf3d35730	6	10000	7ffd87277390	2b85	5f8bf3d81ca0	5f8bf3d978d0	5f8befec1c90	fb0000	fb0000	10000	357
20.462102	a39bc	9221	2f90	f	12ea9eb	5f8bf3d35730	7df	10000	7ffd87277390	2b85	5f8bf3d81ca0	5f8bf3d978d0	5f8bef1c1c90	12f0000	12f0000	10000	549
20.472943	a39bc	13e01	2f90	10	125b70	5f8bf3d35730	fa5	10000	7ffd87277390	2b85	5f8bf3d81ca0	5f8bf3d978d0	5f8bf38c1c90	130000	130000	10000	3ae
20.482076	a39bc	16d17	2f90	10	4cd50d	5f8bf3d35730	11c6	10000	7ffd87277390	2b85	5f8bf3d81ca0	5f8bf3d978d0	5f8bf2a41c90	4d0000	4d0000	10000	6da
20.492901	a39dd	5b3	2f90	a	961447	5f8bf3d35730	71	10000	7ffd87277390	2b85	5f8bf3d81ca0	5f8bf3d978d0	5f8bf17c1c90	970000	970000	10000	49c
20.501761	a39bc	25	2f90	5	d4960a	5f8bf3d35730	6	10000	7ffd87277390	2b85	5f8bf3d81ca0	5f8bf3d978d0	5f8bf0841c90	d50000	d50000	10000	cf1
20.515238	a3a25	38a0	38a0	11	1379b06	5f8bf3d35730	2b85	10000	7ffd87277390	2b85	5f8bf3d81ca0	5f8bf3d978d0	5f8bef041c90	1350000	389c	10000	0
20.528270	a39dd	3c3b5	2f90	11	1dd689	5f8bf3d35730	2aec	10000	7ffd87277390	2b85	5f8bf3d81ca0	5f8bf3d978d0	5f8bf3601c90	1e0000	1e0000	10000	196
20.541513	a3a1f	dd28	dd24	11	87630e	5f8bf3d35730	2b85	10000	7ffd87277390	2b85	5f8bf3d81ca0	5f8bf3d978d0	5f8bf1c81c90	840000	dd20	10000	0
20.549040	a39dd	12f17	2f90	10	bed7e3	5f8bf3d35730	ef0	10000	7ffd87277390	2b85	5f8bf3d81ca0	5f8bf3d978d0	5f8bf0dc1c90	bf0000	bf0000	10000	41a
20.562737	a39bc	ed1	2f90	b	1295476	5f8bf3d35730	f9	10000	7ffd87277390	2b85	5f8bf3d81ca0	5f8bf3d978d0	5f8bef301c90	12a0000	12a0000	10000	89b
20.569278	a39c4	1c40f	2f90	10	15dba61	5f8bf3d35730	15b9	10000	7ffd87277390	2b85	5f8bf3d81ca0	5f8bf3d978d0	5f8bee641c90	15d0000	15d0000	10000	601
20.581715	a39dd	2b2f7	2f90	11	4cdccd	5f8bf3d35730	1fd2	10000	7ffd87277390	2b85	5f8bf3d81ca0	5f8bf3d978d0	5f8bf2a41c90	4d0000	4d0000	10000	6da
20.588137	a39bc	1eb	2f90	8	7d65f0	5f8bf3d35730	27	10000	7ffd87277390	2b85	5f8bf3d81ca0	5f8bf3d978d0	5f8bf1e01c90	7e0000	7e0000	10000	82f
20.595267	a3a1f	e3d8	e3d4	11	b55ed0	5f8bf3d35730	2b85	10000	7ffd87277390	2b85	5f8bf3d81ca0	5f8bf3d978d0	5f8bf1041c90	b50000	e3d0	10000	0
20.606111	a39bc	125e7	2f90	10	1084f2e	5f8bf3d35730	e8b	10000	7ffd87277390	2b85	5f8bf3d81ca0	5f8bf3d978d0	5f8befb41c90	1090000	1090000	10000	1dc
20.621291	a53cd	5f8bf5064fe8	22a5	0	5f8bf5065078	3	5f8bf5065030	0	7ffd87277390	16	5f8bf505fd70	15	f	6	5f8bf6635360	5f8bf5064dd0	2
20.633493	a397c	5f8bf4311ca0	2f90	b	6a0933	5f8bf3d35730	db	10000	7ffd87277390	2b85	5f8bf3d81ca0	5f8bf3d978d0	5f8bf2301c90	6a0000	6a0000	10000	870
20.645861	a39bc	137	2f90	8	cc4678	5f8bf3d35730	17	10000	7ffd87277390	2b85	5f8bf3d81ca0	5f8bf3d978d0	5f8bf0a41c90	cd0000	cd0000	10000	29f
20.654472	a3a46	1111	b99c	5f8bf3cd2fe0	1126921	5f8bf3d35730	2b85	0	7ffd87277390	2b85	5f8bf3d81ca0	5f8bf3d978d0	5f8bef9c1c90	10f0000	b998	10000	1
20.661015	a3977	5f8bf4311ca0	2f90	11	1416d2b	5f8bf3d35730	1eed	10000	7ffd87277390	2b85	5f8bf3d81ca0	5f8bf3d978d0	5f8beed41c90	1410000	1410000	10000	8f7
20.667767	a39bc	25	2f90	5	1b232	5f8bf3d35730	6	10000	7ffd87277390	2b85	5f8bf3d81ca0	5f8bf3d978d0	5f8bf3d01c90	20000	20000	10000	48c
20.673549	a3a3d	5f8bf3d41c90	eac0	11	2dbf7b	5f8bf3d35730	2b85	10000	7ffd87277390	2b85	5f8bf3d81ca0	5f8bf3d978d0	5f8bf3241c90	2d0000	eabc	10000	0
20.684272	a39a0	5f8bf3cf5710	2f90	10	8127d6	5f8bf3d35730	1262	10000	7ffd87277390	2b85	5f8bf3d81ca0	5f8bf3d978d0	5f8bf1d41c90	810000	810000	10000	8cc
20.692458	a39d9	6d	2f90	6	c1cd30	5f8bf3d35730	a	10000	7ffd87277390	2b85	5f8bf3d81ca0	5f8bf3d978d0	5f8bf0d01c90	c20000	c20000	10000	4b7
20.703092	a3a2a	5f8bf3d41c90	f65c	11	1166f2c	5f8bf3d35730	2b85	10000	7ffd87277390	2b85	5f8bf3d81ca0	5f8bf3d978d0	5f8bef881c90	1140000	f658	10000	0
20.708355	a39dd	b495	2f90	f	13d86ce	5f8bf3d35730	97e	10000	7ffd87277390	2b85	5f8bf3d81ca0	5f8bf3d978d0	5f8beee01c90	13e0000	13e0000	10000	85a
20.722899	a3a41	ffff	2c60	11	401202	5f8bf3d35730	2b85	10000	7ffd87277390	2b85	5f8bf3d81ca0	5f8bf3d978d0	5f8bf2e01c90	3e0000	2c5c	10000	0
20.731136	a39d0	22a6b	2f90	11	7c708c	5f8bf3d35730	1a31	10000	7ffd87277390	2b85	5f8bf3d81ca0	5f8bf3d978d0	5f8bf1e81c90	7c0000	7c0000	10000	c1e
20.738502	a39a4	2126b	2f90	11	b7def8	5f8bf3d35730	191e	10000	7ffd87277390	2b85	5f8bf3d81ca0	5f8bf3d978d0	5f8bf1001c90	b60000	b60000	10000	243
20.747683	a39dd	1f	2f90	4	ffa70a	5f8bf3d35730	5	10000	7ffd87277390	2b85	5f8bf3d81ca0	5f8bf3d978d0	5f8befd81c90	1000000	1000000	10000	5
20.761617	a39b8	9c7f	1e5	f	16e16a5	5f8bf3d35730	856	3601	7ffd87277390	2b85	5f8bf3d81ca0	5f8bf3d978d0	5f8bee1c1c90	16e3601	16e3601	3601	9af
20.773607	15fcac8d2b24	5f8bf3d5bd70	6838	83d0	1a0e0	5f8bf3d539a0	5f8bf3d6da80	6838	7ffd87277388	5f8bf3d5bd70	1a0e0	5f8bf3d978d0	5f8bf2681c90	5d0000	5d0000	10000	170
20.786635	a39dd	2813	2f90	d	c3dae7	5f8bf3d35730	27a	10000	7ffd87277390	2b85	5f8bf3d81ca0	5f8bf3d978d0	5f8bf0c81c90	c40000	c40000	10000	c8
20.801718	a39bc	2265b	2f90	11	1390667	5f8bf3d35730	1a04	10000	7ffd87277390	2b85	5f8bf3d81ca0	5f8bf3d978d0	5f8beef01c90	13a0000	13a0000	10000	331
20.807365	a3a1f	e368	e364	11	169d00f	5f8bf3d35730	2b85	10000	7ffd87277390	2b85	5f8bf3d81ca0	5f8bf3d978d0	5f8bee3c1c90	1670000	e360	10000	0
20.819975	a39dd	38d77	2f90	11	5804a0	5f8bf3d35730	28c6	10000	7ffd87277390	2b85	5f8bf3d81ca0	5f8bf3d978d0	5f8bf2741c90	590000	590000	10000	94e
20.833442	15fcac8d2b24	5f8bf3d4ed00	341c	54a0	d070	5f8bf3d49860	5f8bf3d568d0	341c	7ffd87277388	5f8bf3d4ed00	d070	5f8bf3d978d0	5f8bf0c81c90	c50000	c50000	10000	554
20.844564	a39b8	39f1f	2f90	11	11b71a7	5f8bf3d35730	2979	10000	7ffd87277390	2b85	5f8bf3d81ca0	5f8bf3d978d0	5f8bef681c90	11c0000	11c0000	10000	a16
20.852757	a39bc	1f	2f90	4	15e01b7	5f8bf3d35730	5	10000	7ffd87277390	2b85	341c0	5f8bf3d978d0	5f8bee5c1c90	15f0000	15f0000	10000	212
20.865530	a3968	1772b	2f90	10	512c16	5f8bf3d35730	124e	10000	7ffd87277390	2b85	5f8bf3d81ca0	5f8bf3d978d0	5f8bf2941c90	510000	510000	10000	c03
20.875780	a39bc	30fb	2f90	d	a001ff	5f8bf3d35730	2f8	10000	7ffd87277390	2b85	5f8bf3d81ca0	5f8bf3d978d0	5f8bf1541c90	a10000	a10000	10000	aff
20.886192	a3986	2b85	2f90	f	f324dc	5f8bf3d35730	b37	10000	7ffd87277390	2b85	5f8bf3d81ca0	5f8bf3d978d0	5f8bf00c1c90	f30000	f30000	10000	60c
20.894141	a39bc	6d0d	2f90	e	1319c3f	5f8bf3d35730	605	10000	7ffd87277390	2b85	5f8bf3d81ca0	5f8bf3d978d0	5f8bef101c90	1320000	1320000	10000	5e6
20.903443	a397c	5f8bf4311ca0	2f90	e	a4f84	5f8bf3d35730	614	10000	7ffd87277390	2b85	5f8bf3d81ca0	5f8bf3d978d0	5f8bf3b01c90	a0000	a0000	10000	1d7
20.912299	a39d9	37261	2f90	11	4f4e8f	5f8bf3d35730	27a3	10000	7ffd87277390	2b85	5f8bf3d81ca0	5f8bf3d978d0	5f8bf2981c90	500000	500000	10000	777
20.922196	a39b8	318b5	2f90	11	9db911	5f8bf3d35730	23e8	10000	7ffd87277390	2b85	5f8bf3d81ca0	5f8bf3d978d0	5f8bf1601c90	9e0000	9e0000	10000	a62
20.934123	a397c	5f8bf4311ca0	2f90	11	fdcd10	5f8bf3d35730	28a2	10000	7ffd87277390	2b85	5f8bf3d81ca0	5f8bf3d978d0	5f8befe41c90	fd0000	fd0000	10000	c6f
20.945237	a39b8	3b74d	2f90	11	1555c1e	5f8bf3d35730	2a6e	10000	7ffd87277390	2b85	5f8bf3d81ca0	5f8bf3d978d0	5f8bee801c90	1560000	1560000	10000	3b
20.956975	a39bc	1e38f	2f90	10	407c2d	5f8bf3d35730	171d	10000	7ffd87277390	2b85	5f8bf3d81ca0	5f8bf3d978d0	5f8bf2d41c90	410000	410000	10000	466
20.971393	a39dd	43	2f90	6	b3c4e5	5f8bf3d35730	7	10000	7ffd87277390	2b85	5f8bf3d81ca0	5f8bf3d978d0	5f8bf1081c90	b40000	b40000	10000	632
20.982329	a39bc	10b1	2f90	c	1070337	5f8bf3d35730	115	10000	7ffd87277390	2b85	5f8bf3d81ca0	5f8bf3d978d0	5f8befb81c90	1080000	1080000	10000	a57
20.996435	a294f	13c7c491	5f8bd8982260	0	19dff	0	13c7c491	4729	7ffd87277390	19dff	5f8bf3db1930	75888521b490	75888521ace0	1401	677	19dff	16fc8
21.002775	a39dd	28d8f	2f90	11	20d2cd	5f8bf3d35730	1e4b	10000	7ffd87277390	2b85	5f8bf3d81ca0	5f8bf3d978d0	5f8bf3541c90	210000	210000	10000	233
21.011050	a438d	166d	5f8bf3cda7b0	5f8bf43278d0	179c9	0	0	5f8bf672f8e0	7ffd87277390	1d405	166c	5f8bf3db6ee0	dd9bd55327923952	2b85	14	166c	25
21.017130	a39bc	188a5	2f90	10	8adfd0	5f8bf3d35730	1305	10000	7ffd87277390	2b85	5f8bf3d81ca0	5f8bf3d978d0	5f8bf1ac1c90	8b0000	8b0000	10000	228
21.023108	a39dd	137	2f90	8	b88c8e	5f8bf3d35730	17	10000	7ffd87277390	2b85	5f8bf3d81ca0	5f8bf3d978d0	5f8bf0f41c90	b90000	b90000	10000	2e0
21.036384	a39dd	60d	2f90	a	1213598	5f8bf3d35730	74	10000	7ffd87277390	2b85	5f8bf3d81ca0	5f8bf3d978d0	5f8bef501c90	1220000	1220000	10000	b50
21.045875	a39c4	5323	2f90	e	16b2ec0	5f8bf3d35730	4b1	10000	7ffd87277390	2b85	5f8bf3d81ca0	5f8bf3d978d0	5f8bee2c1c90	16b0000	16b0000	10000	486
21.055418	a39bf	e17f	2f90	f	448d54	5f8bf3d35730	b83	10000	7ffd87277390	2b85	5f8bf3d81ca0	5f8bf3d978d0	5f8bf2c81c90	440000	440000	10000	503
21.067005	a39dd	c7	2f90	7	9efc12	5f8bf3d35730	f	10000	7ffd87277390	2b85	5f8bf3d81ca0	5f8bf3d978d0	5f8bf15c1c90	9f0000	9f0000	10000	1e7
21.078049	a39dd	26df7	2f90	11	f3a4ba	5f8bf3d35730	1cf3	10000	7ffd87277390	2b85	5f8bf3d81ca0	5f8bf3d978d0	5f8bf0081c90	f40000	f40000	10000	a98
21.089295	a39bc	1032b	2f90	10	14aa9be	5f8bf3d35730	cfc	10000	7ffd87277390	2b85	5f8bf3d81ca0	5f8bf3d978d0	5f8beeac1c90	14b0000	14b0000	10000	253
21.099731	a3a30	5f8bf3d41c90	e4e0	11	2b1e04	5f8bf3d35730	2b85	10000	7ffd87277390	2b85	5f8bf3d81ca0	5f8bf3d978d0	5f8bf3341c90	290000	e4dc	10000	0
21.107618	a39dd	43	2f90	6	680373	5f8bf3d35730	7	10000	7ffd87277390	2b85	5f8bf3d81ca0	5f8bf3d978d0	5f8bf2341c90	690000	690000	10000	3e4
21.118801	a39bc	1f	2f90	4	bf5760	5f8bf3d35730	5	10000	7ffd87277390	2b85	341c0	5f8bf3d978d0	5f8bf0d81c90	c00000	c00000	10000	8a6
21.132003	a39cc	15967	2f90	10	1272cb1	5f8bf3d35730	10e0	10000	7ffd87277390	2b85	5f8bf3d81ca0	5f8bf3d978d0	5f8bef3c1c90	1270000	1270000	10000	7fe
21.145128	a39dd	913d	2f90	f	1d3a1a	5f8bf3d35730	7d3	10000	7ffd87277390	2b85	5f8bf3d81ca0	5f8bf3d978d0	5f8bf3601c90	1e0000	1e0000	10000	196
21.159820	a39cc	34255	2f90	11	9291c9	5f8bf3d35730	2597	10000	7ffd87277390	2b85	5f8bf3d81ca0	5f8bf3d978d0	5f8bf1941c90	910000	910000	10000	362
21.173131	a3a46	1111	d178	11	ff4fb8	5f8bf3d35730	2b85	10000	7ffd87277390	2b85	5f8bf3d81ca0	5f8bf3d978d0	5f8befe81c90	fc0000	d174	10000	0
21.183367	a39dd	3bfb3	2f90	11	1494436	5f8bf3d35730	2ac5	10000	7ffd87277390	2b85	5f8bf3d81ca0	5f8bf3d978d0	5f8beeb01c90	14a0000	14a0000	10000	ace
21.189390	a39b8	265	2f90	9	61da5	5f8bf3d35730	32	10000	7ffd87277390	2b85	5f8bf3d81ca0	5f8bf3d978d0	5f8bf3bc1c90	70000	70000	10000	13a
21.201156	a39bc	15c0d	2f90	10	63bb0b	5f8bf3d35730	1100	10000	7ffd87277390	2b85	5f8bf3d81ca0	5f8bf3d978d0	5f8bf2481c90	640000	640000	10000	736
21.213041	a39dd	3b8f1	2f90	11	c175b0	5f8bf3d35730	2a7f	10000	7ffd87277390	2b85	5f8bf3d81ca0	5f8bf3d978d0	5f8bf0d01c90	c20000	c20000	10000	4b7
21.228047	a39b8	38039	2f90	11	131c7d8	5f8bf3d35730	2839	10000	7ffd87277390	2b85	5f8bf3d81ca0	5f8bf3d978d0	5f8bef101c90	1320000	1320000	10000	5e6
21.239622	a3a16	1568	1564	11	1cc679	5f8bf3d35730	2b85	10000	7ffd87277390	2b85	5f8bf3d81ca0	5f8bf3d978d0	5f8bf3701c90	1a0000	1560	10000	0
21.246317	a39bc	a7	2f90	7	4f2767	5f8bf3d35730	e	10000	7ffd87277390	2b85	5f8bf3d81ca0	5f8bf3d978d0	5f8bf2981c90	500000	500000	10000	777
21.251806	a3968	24e65	2f90	11	7ba61c	5f8bf3d35730	1bae	10000	7ffd87277390	2b85	5f8bf3d81ca0	5f8bf3d978d0	5f8bf1f01c90	7a0000	7a0000	10000	306
21.263916	a39dd	de19	2f90	f	d9f449	5f8bf3d35730	b58	10000	7ffd87277390	2b85	5f8bf3d81ca0	5f8bf3d978d0	5f8bf0701c90	da0000	da0000	10000	99f
21.269647	a39dd	281	2f90	9	1052243	5f8bf3d35730	35	10000	7ffd87277390	2b85	5f8bf3d81ca0	5f8bf3d978d0	5f8befc01c90	1060000	1060000	10000	13f
21.277957	a396b	313e5	2f90	11	14a0982	5f8bf3d35730	23b3	10000	7ffd87277390	2b85	5f8bf3d81ca0	5f8bf3d978d0	5f8beeb81c90	1480000	1480000	10000	1b6
21.288746	a39dd	2762b	2f90	11	29246c	5f8bf3d35730	1d59	10000	7ffd87277390	2b85	5f8bf3d81ca0	5f8bf3d978d0	5f8bf3301c90	2a0000	2a0000	10000	40a
21.303902	a39bc	3c0e5	2f90	11	a08f50	5f8bf3d35730	2ad1	10000	7ffd87277390	2b85	5f8bf3d81ca0	5f8bf3d978d0	5f8bf1541c90	a10000	a10000	10000	aff
21.310657	a3a41	ffff	cff0	11	d94ac4	5f8bf3d35730	2b85	10000	7ffd87277390	2b85	5f8bf3d81ca0	5f8bf3d978d0	5f8bf0801c90	d60000	cfec	10000	0
21.322328	a39dd	1e95	2f90	c	13127a9	5f8bf3d35730	1ed	10000	7ffd87277390	2b85	5f8bf3d81ca0	5f8bf3d978d0	5f8bef101c90	1320000	1320000	10000	5e6
21.334336	a39dd	26b	2f90	9	1c224a	5f8bf3d35730	33	10000	7ffd87277390	2b85	5f8bf3d81ca0	5f8bf3d978d0	5f8bf3641c90	1d0000	1d0000	10000	a11
21.347774	a39bc	f779	2f90	f	85009a	5f8bf3d35730	c7c	10000	7ffd87277390	2b85	5f8bf3d81ca0	5f8bf3d978d0	5f8bf1c01c90	860000	860000	10000	57a
21.362946	a39b8	805	2f90	b	fb0030	5f8bf3d35730	99	10000	7ffd87277390	2b85	5f8bf3d81ca0	5f8bf3d978d0	5f8befe81c90	fc0000	fc0000	10000	7e3
21.368644	a39bc	25	2f90	5	128d07c	5f8bf3d35730	6	10000	7ffd87277390	2b85	5f8bf3d81ca0	5f8bf3d978d0	5f8bef341c90	1290000	1290000	10000	40f
21.381972	a39b8	2f12b	2f90	11	204320	5f8bf3d35730	224e	10000	7ffd87277390	2b85	5f8bf3d81ca0	5f8bf3d978d0	5f8bf3541c90	210000	210000	10000	233
21.392846	a39dd	36991	2f90	11	771ec5	5f8bf3d35730	273c	10000	7ffd87277390	2b85	5f8bf3d81ca0	5f8bf3d978d0	5f8bf1f81c90	780000	780000	10000	6f5
21.399771	a39bc	2a5	2f90	9	ae2844	5f8bf3d35730	39	10000	7ffd87277390	2b85	5f8bf3d81ca0	5f8bf3d978d0	5f8bf11c1c90	af0000	af0000	10000	984
21.410620	a39dd	76d	2f90	a	1065de3	5f8bf3d35730	90	10000	7ffd87277390	2b85	5f8bf3d81ca0	5f8bf3d978d0	5f8befbc1c90	1070000	1070000	10000	5cb
21.419782	a39dd	679	2f90	a	14f5b56	5f8bf3d35730	7d	10000	7ffd87277390	2b85	5f8bf3d81ca0	5f8bf3d978d0	5f8bee981c90	1500000	1500000	10000	c08
21.428526	a39dd	211b7	2f90	11	2000e1	5f8bf3d35730	1914	10000	7ffd87277390	2b85	5f8bf3d81ca0	5f8bf3d978d0	5f8bf3541c90	210000	210000	10000	233
21.440541	a39c4	4fbb	2f90	e	813af3	5f8bf3d35730	488	10000	7ffd87277390	2b85	5f8bf3d81ca0	5f8bf3d978d0	5f8bf1d41c90	810000	810000	10000	8cc
21.452235	a397c	5f8bf4311ca0	2f90	e	dd6391	5f8bf3d35730	6f3	10000	7ffd87277390	2b85	5f8bf3d81ca0	5f8bf3d978d0	5f8bf0641c90	dd0000	dd0000	10000	a3c
21.460257	a39b8	2d7	2f90	9	11a1f2b	5f8bf3d35730	3b	10000	7ffd87277390	2b85	5f8bf3d81ca0	5f8bf3d978d0	5f8bef6c1c90	11b0000	11b0000	10000	58a
21.466244	a3968	20fb1	2f90	11	14bd0d9	5f8bf3d35730	18fc	10000	7ffd87277390	2b85	5f8bf3d81ca0	5f8bf3d978d0	5f8beeb01c90	14a0000	14a0000	10000	ace
21.476389	a39dd	196e1	2f90	10	261084	5f8bf3d35730	13ae	10000	7ffd87277390	2b85	5f8bf3d81ca0	5f8bf3d978d0	5f8bf33c1c90	270000	270000	10000	36d
21.487872	a3968	19769	2f90	10	839429	5f8bf3d35730	13b6	10000	7ffd87277390	2b85	5f8bf3d81ca0	5f8bf3d978d0	5f8bf1cc1c90	830000	830000	10000	4dd
21.502380	a39bc	ac27	2f90	f	f5b0f9	5f8bf3d35730	919	10000	7ffd87277390	2b85	5f8bf3d81ca0	5f8bf3d978d0	5f8bf0001c90	f60000	f60000	10000	6a9
21.508621	a39bc	8fd5	2f90	f	1278435	5f8bf3d35730	7bd	10000	7ffd87277390	2b85	5f8bf3d81ca0	5f8bf3d978d0	5f8bef381c90	1280000	1280000	10000	c8a
21.520992	a39dd	529	2f90	a	1723c5	5f8bf3d35730	6a	10000	7ffd87277390	2b85	5f8bf3d81ca0	5f8bf3d978d0	5f8bf3781c90	180000	180000	10000	5c
21.531912	a39dd	34a8d	2f90	11	6d516e	5f8bf3d35730	25ed	10000	7ffd87277390	2b85	5f8bf3d81ca0	5f8bf3d978d0	5f8bf2201c90	6e0000	6e0000	10000	92
21.542932	a39bc	1c9f7	2f90	10	c475b2	5f8bf3d35730	15fa	10000	7ffd87277390	2b85	5f8bf3d81ca0	5f8bf3d978d0	5f8bf0c41c90	c50000	c50000	10000	554
21.549099	a39e0	15c1	2f90	c	f673a2	5f8bf3d35730	165	10000	7ffd87277390	2b85	5f8bf3d81ca0	5f8bf3d978d0	5f8beffc1c90	f70000	f70000	10000	b35
21.561455	a39dd	1f	2f90	4	14fc824	5f8bf3d35730	5	10000	7ffd87277390	2b85	5f8bf3d81ca0	5f8bf3d978d0	5f8bee981c90	1500000	1500000	10000	c08
21.570598	a39bc	31603	2f90	11	23d06a	5f8bf3d35730	23cd	10000	7ffd87277390	2b85	5f8bf3d81ca0	5f8bf3d978d0	5f8bf3481c90	240000	240000	10000	2d0
21.580303	a39dd	a7	2f90	7	72324a	5f8bf3d35730	e	10000	7ffd87277390	2b85	5f8bf3d81ca0	5f8bf3d978d0	5f8bf20c1c90	730000	730000	10000	a47
21.590830	a3a1f	5ab8	5ab4	11	c863e3	5f8bf3d35730	2b85	10000	7ffd87277390	2b85	5f8bf3d81ca0	5f8bf3d978d0	5f8bf0c41c90	c50000	5ab0	10000	0
21.598253	a39bc	a8a9	2f90	f	ff6252	5f8bf3d35730	8f8	10000	7ffd87277390	2b85	5f8bf3d81ca0	5f8bf3d978d0	5f8befd81c90	1000000	1000000	10000	5
21.612425	a39b8	223	2f90	9	15108c5	5f8bf3d35730	2a	10000	7ffd87277390	2b85	5f8bf3d81ca0	5f8bf3d978d0	5f8bee901c90	1520000	1520000	10000	819
21.622014	a39bc	5d3d	2f90	e	290a10	5f8bf3d35730	539	10000	7ffd87277390	2b85	5f8bf3d81ca0	5f8bf3d978d0	5f8bf3301c90	2a0000	2a0000	10000	40a
21.628747	a39bc	24ca9	2f90	11	5ccf16	5f8bf3d35730	1b97	10000	7ffd87277390	2b85	5f8bf3d81ca0	5f8bf3d978d0	5f8bf2641c90	5d0000	5d0000	10000	170
21.635545	a39bc	8675	2f90	f	910f85	5f8bf3d35730	74b	10000	7ffd87277390	2b85	5f8bf3d81ca0	5f8bf3d978d0	5f8bf1901c90	920000	920000	10000	7ee
21.642771	a39bc	3ec5	2f90	d	ca2476	5f8bf3d35730	3b4	10000	7ffd87277390	2b85	5f8bf3d81ca0	5f8bf3d978d0	5f8bf0ac1c90	cb0000	cb0000	10000	68e
21.650191	a39bc	51b9	2f90	e	1047722	5f8bf3d35730	49d	10000	7ffd87277390	2b85	5f8bf3d81ca0	5f8bf3d978d0	5f8befc41c90	1050000	1050000	10000	9ba
21.660588	a39bc	7121	2f90	e	15588b5	5f8bf3d35730	640	10000	7ffd87277390	2b85	5f8bf3d81ca0	5f8bf3d978d0	5f8bee801c90	1560000	1560000	10000	3b
21.673389	a39bc	14dcd	2f90	10	49e5d2	5f8bf3d35730	1063	10000	7ffd87277390	2b85	5f8bf3d81ca0	5f8bf3d978d0	5f8bf2b01c90	4a0000	4a0000	10000	63d
21.684069	a39dd	14bd3	2f90	10	9c7c77	5f8bf3d35730	1047	10000	7ffd87277390	2b85	5f8bf3d81ca0	5f8bf3d978d0	5f8bf1641c90	9d0000	9d0000	10000	5d6
21.695555	a39bc	107a1	2f90	10	f51eca	5f8bf3d35730	d2b	10000	7ffd87277390	2b85	5f8bf3d81ca0	5f8bf3d978d0	5f8bf0001c90	f60000	f60000	10000	6a9
21.701718	a438a	f39	5f8bf3cda7b0	5f8bf43278d0	a6df	0	0	5f8bf688fe30	7ffd87277390	134ff	f37	5f8bf4967b60	dd9bd55327923952	2b85	5	f38	15
21.716231	a39bc	26527	2f90	11	22afbd	5f8bf3d35730	1c90	10000	7ffd87277390	2b85	5f8bf3d81ca0	5f8bf3d978d0	5f8bf34c1c90	230000	230000	10000	b4b
21.721892	a39bc	137	2f90	8	4d9f45	5f8bf3d35730	17	10000	7ffd87277390	2b85	5f8bf3d81ca0	5f8bf3d978d0	5f8bf2a01c90	4e0000	4e0000	10000	b66
21.733294	a39dd	89f	2f90	b	a611cd	5f8bf3d35730	a1	10000	7ffd87277390	2b85	5f8bf3d81ca0	5f8bf3d978d0	5f8bf13c1c90	a70000	a70000	10000	c39
21.746949	a39dd	2c947	2f90	11	11169e6	5f8bf3d35730	20aa	10000	7ffd87277390	2b85	5f8bf3d81ca0	5f8bf3d978d0	5f8bef901c90	1120000	1120000	10000	3b3
21.753497	a39dd	2647f	2f90	11	1457105	5f8bf3d35730	1c8d	10000	7ffd87277390	2b85	5f8bf3d81ca0	5f8bf3d978d0	5f8beec01c90	1460000	1460000	10000	5a5
21.766912	a39dd	1e7	2f90	8	3c844b	5f8bf3d35730	26	10000	7ffd87277390	2b85	5f8bf3d81ca0	5f8bf3d978d0	5f8bf2e41c90	3d0000	3d0000	10000	c44
21.774129	a39bc	1f	2f90	4	75a406	5f8bf3d35730	5	10000	7ffd87277390	2b85	341c0	5f8bf3d978d0	5f8bf2001c90	760000	760000	10000	ae4
21.783663	a3a30	5f8bf3d41c90	68a8	11	c1a32b	5f8bf3d35730	2b85	10000	7ffd87277390	2b85	5f8bf3d81ca0	5f8bf3d978d0	5f8bf0d41c90	c10000	68a4	10000	0
21.791890	a39bc	1f	2f90	4	100b403	5f8bf3d35730	5	10000	7ffd87277390	2b85	341c0	5f8bf3d978d0	5f8befd41c90	1010000	1010000	10000	491
21.797178	a39dd	10e7	2f90	c	1281843	5f8bf3d35730	119	10000	7ffd87277390	2b85	5f8bf3d81ca0	5f8bf3d978d0	5f8bef341c90	1290000	1290000	10000	40f
21.810929	a39bc	187f	2f90	c	21ef1d	5f8bf3d35730	195	10000	7ffd87277390	2b85	5f8bf3d81ca0	5f8bf3d978d0	5f8bf3501c90	220000	220000	10000	6bf
21.817319	a39bc	322a5	2f90	11	516951	5f8bf3d35730	2451	10000	7ffd87277390	2b85	5f8bf3d81ca0	5f8bf3d978d0	5f8bf2901c90	520000	520000	10000	388
21.826123	a39bc	26b	2f90	9	9528d1	5f8bf3d35730	33	10000	7ffd87277390	2b85	5f8bf3d81ca0	5f8bf3d978d0	5f8bf1801c90	960000	960000	10000	10
21.836788	a39bc	10f	2f90	8	e8c197	5f8bf3d35730	14	10000	7ffd87277390	2b85	5f8bf3d81ca0	5f8bf3d978d0	5f8bf0341c90	e90000	e90000	10000	cb0
21.851614	a39dd	2f7cb	2f90	11	15c2e3d	5f8bf3d35730	2292	10000	7ffd87277390	2b85	5f8bf3d81ca0	5f8bf3d978d0	5f8bee641c90	15d0000	15d0000	10000	601
21.859305	a39dd	19f9d	2f90	10	25d69f	5f8bf3d35730	1419	10000	7ffd87277390	2b85	5f8bf3d81ca0	5f8bf3d978d0	5f8bf3401c90	260000	260000	10000	be8
21.869484	a39bc	355	2f90	9	75675a	5f8bf3d35730	44	10000	7ffd87277390	2b85	5f8bf3d81ca0	5f8bf3d978d0	5f8bf2001c90	760000	760000	10000	ae4
21.884093	a39dd	6f1	2f90	a	e6c1ce	5f8bf3d35730	85	10000	7ffd87277390	2b85	5f8bf3d81ca0	5f8bf3d978d0	5f8bf03c1c90	e70000	e70000	10000	398
21.893485	a39bc	9ef	2f90	b	12e4397	5f8bf3d35730	b2	10000	7ffd87277390	2b85	5f8bf3d81ca0	5f8bf3d978d0	5f8bef1c1c90	12f0000	12f0000	10000	549
21.908394	a39bc	a0ab	2f90	f	327f3f	5f8bf3d35730	88c	10000	7ffd87277390	2b85	5f8bf3d81ca0	5f8bf3d978d0	5f8bf30c1c90	330000	330000	10000	5e1
21.917957	a3a39	5f8bf3d41c90	d87c	11	7f8e65	5f8bf3d35730	2b85	10000	7ffd87277390	2b85	5f8bf3d81ca0	5f8bf3d978d0	5f8bf1e41c90	7d0000	d878	10000	0
21.930867	a39bc	6bb	2f90	a	e29e38	5f8bf3d35730	82	10000	7ffd87277390	2b85	5f8bf3d81ca0	5f8bf3d978d0	5f8bf04c1c90	e30000	e30000	10000	b76
21.942846	a39cc	16d71	2f90	10	1426d04	5f8bf3d35730	11ca	10000	7ffd87277390	2b85	5f8bf3d81ca0	5f8bf3d978d0	5f8beed01c90	1420000	1420000	10000	7c
21.949846	a3a3d	5f8bf3d41c90	79b8	11	93f15	5f8bf3d35730	2b85	10000	7ffd87277390	2b85	5f8bf3d81ca0	5f8bf3d978d0	5f8bf3c01c90	60000	79b4	10000	0
21.960437	a39dd	8159	2f90	f	5b21fe	5f8bf3d35730	708	10000	7ffd87277390	2b85	5f8bf3d81ca0	5f8bf3d978d0	5f8bf2681c90	5c0000	5c0000	10000	9eb
21.972270	a39bc	5f95	2f90	e	b80928	5f8bf3d35730	554	10000	7ffd87277390	2b85	5f8bf3d81ca0	5f8bf3d978d0	5f8bf0f41c90	b90000	b90000	10000	2e0
21.986636	a39bc	1fc7b	2f90	10	12a965c	5f8bf3d35730	182a	10000	7ffd87277390	2b85	5f8bf3d81ca0	5f8bf3d978d0	5f8bef2c1c90	12b0000	12b0000	10000	20
22.001734	a39dd	357d	2f90	d	30e098	5f8bf3d35730	33b	10000	7ffd87277390	2b85	5f8bf3d81ca0	5f8bf3d978d0	5f8bf3141c90	310000	310000	10000	9d0
22.011021	a39bc	30391	2f90	11	7991ee	5f8bf3d35730	2308	10000	7ffd87277390	2b85	5f8bf3d81ca0	5f8bf3d978d0	5f8bf1f01c90	7a0000	7a0000	10000	306
22.019894	a39bc	59	2f90	6	bf59b7	5f8bf3d35730	8	10000	7ffd87277390	2b85	5f8bf3d81ca0	5f8bf3d978d0	5f8bf0d81c90	c00000	c00000	10000	8a6
22.029268	a39bc	1b10f	2f90	10	108bbe5	5f8bf3d35730	14f9	10000	7ffd87277390	2b85	5f8bf3d81ca0	5f8bf3d978d0	5f8befb41c90	1090000	1090000	10000	1dc
22.043673	a39dd	1db79	2f90	10	78101	5f8bf3d35730	16c7	10000	7ffd87277390	2b85	5f8bf3d81ca0	5f8bf3d978d0	5f8bf3b81c90	80000	80000	10000	5c6
22.052097	a3a30	5f8bf3d41c90	db98	11	4a475c	5f8bf3d35730	2b85	10000	7ffd87277390	2b85	5f8bf3d81ca0	5f8bf3d978d0	5f8bf2b01c90	4a0000	db94	10000	0
22.060566	a39dd	370b5	2f90	11	8c927d	5f8bf3d35730	2790	10000	7ffd87277390	2b85	5f8bf3d81ca0	5f8bf3d978d0	5f8bf1a41c90	8d0000	8d0000	10000	b40
22.071527	a39b8	1f625	2f90	10	e2dd85	5f8bf3d35730	17eb	10000	7ffd87277390	2b85	5f8bf3d81ca0	5f8bf3d978d0	5f8bf04c1c90	e30000	e30000	10000	b76
22.084323	a39bc	2ca05	2f90	11	147a8a5	5f8bf3d35730	20b3	10000	7ffd87277390	2b85	5f8bf3d81ca0	5f8bf3d978d0	5f8beeb81c90	1480000	1480000	10000	1b6
22.090028	a39bc	1cc79	2f90	10	910	5f8bf3d35730	161c	10000	7ffd87277390	2b85	5f8bf3d81ca0	5f8bf3d978d0	5f8bf3d41c90	10000	10000	10000	d07
22.096172	a39bc	d979	2f90	f	31dcc3	5f8bf3d35730	b25	10000	7ffd87277390	2b85	5f8bf3d81ca0	5f8bf3d978d0	5f8bf3101c90	320000	320000	10000	155
22.106496	a3968	110c3	2f90	10	85ac33	5f8bf3d35730	d8f	10000	7ffd87277390	2b85	5f8bf3d81ca0	5f8bf3d978d0	5f8bf1c41c90	850000	850000	10000	ee
22.112405	a39bc	a301	2f90	f	b23e3f	5f8bf3d35730	8ad	10000	7ffd87277390	2b85	5f8bf3d81ca0	5f8bf3d978d0	5f8bf10c1c90	b30000	b30000	10000	1a6
22.119818	a3968	128bf	2f90	10	ee8542	5f8bf3d35730	ea7	10000	7ffd87277390	2b85	5f8bf3d81ca0	5f8bf3d978d0	5f8bf0201c90	ee0000	ee0000	10000	95e
22.126255	a39bc	1f	2f90	4	120f3d9	5f8bf3d35730	5	10000	7ffd87277390	2b85	341c0	5f8bf3d978d0	5f8bef541c90	1210000	1210000	10000	6c4
22.137552	15fcac8d2b8a	5f8bf3d41c90	2b5	1498	2948	5f8bf672c8c4	5f8bf3d43140	a52	7ffd87277388	5f8bf3d41c90	5f8bf3d81ca0	5f8bf3d978d0	5f8bf3b81c90	90000	90000	10000	a52
22.149100	a39bc	b141	2f90	f	6050a5	5f8bf3d35730	957	10000	7ffd87277390	2b85	5f8bf3d81ca0	5f8bf3d978d0	5f8bf2541c90	610000	610000	10000	699
22.154427	a39c4	23bf7	2f90	11	8a27cc	5f8bf3d35730	1aed	10000	7ffd87277390	2b85	5f8bf3d81ca0	5f8bf3d978d0	5f8bf1b01c90	8a0000	8a0000	10000	aa3
22.164247	15fcac8d2b24	5f8bf3d4ed00	341c	4d60	d070	5f8bf3d49fa0	5f8bf3d57010	341c	7ffd87277388	5f8bf3d4ed00	d070	5f8bf3d978d0	5f8bf0781c90	d90000	d90000	10000	513
22.173160	15fcac8d2b24	5f8bf3d4ed00	341c	4560	d070	5f8bf3d4a7a0	5f8bf3d57810	341c	7ffd87277388	5f8bf3d4ed00	d070	5f8bf3d978d0	5f8bef601c90	11f0000	11f0000	10000	ab3
22.185594	a39bc	c0f1	2f90	f	c589e	5f8bf3d35730	a0e	10000	7ffd87277390	2b85	5f8bf3d81ca0	5f8bf3d978d0	5f8bf3a41c90	d0000	d0000	10000	274
22.199970	a39bc	1bc5	2f90	c	7f0964	5f8bf3d35730	1c7	10000	7ffd87277390	2b85	5f8bf3d81ca0	5f8bf3d978d0	5f8bf1d81c90	800000	800000	10000	440
22.212794	a39b8	89	2f90	7	e5de57	5f8bf3d35730	b	10000	7ffd87277390	2b85	5f8bf3d81ca0	5f8bf3d978d0	5f8bf0401c90	e60000	e60000	10000	c13
22.225617	a39bc	623	2f90	a	14adb94	5f8bf3d35730	77	10000	7ffd87277390	2b85	5f8bf3d81ca0	5f8bf3d978d0	5f8beeac1c90	14b0000	14b0000	10000	253
22.239879	a39d0	15133	2f90	10	3a4b2d	5f8bf3d35730	108b	10000	7ffd87277390	2b85	5f8bf3d81ca0	5f8bf3d978d0	5f8bf2f01c90	3a0000	3a0000	10000	ba7
22.248178	a3964	2773f	2f90	11	7b75ed	5f8bf3d35730	1d65	10000	7ffd87277390	2b85	5f8bf3d81ca0	5f8bf3d978d0	5f8bf1ec1c90	7b0000	7b0000	10000	792
22.261147	a3a25	a940	a940	11	e68275	5f8bf3d35730	2b85	10000	7ffd87277390	2b85	5f8bf3d81ca0	5f8bf3d978d0	5f8bf04c1c90	e30000	a93c	10000	0
22.275915	a39cc	29611	2f90	11	1580979	5f8bf3d35730	1e9b	10000	7ffd87277390	2b85	5f8bf3d81ca0	5f8bf3d978d0	5f8bee7c1c90	1570000	1570000	10000	4c7
22.282730	a39bc	25	2f90	5	17dedd	5f8bf3d35730	6	10000	7ffd87277390	2b85	5f8bf3d81ca0	5f8bf3d978d0	5f8bf3781c90	180000	180000	10000	5c
22.297462	a3a1f	527c	5278	11	8d5b1e	5f8bf3d35730	2b85	10000	7ffd87277390	2b85	5f8bf3d81ca0	5f8bf3d978d0	5f8bf1a81c90	8c0000	5274	10000	0
22.302979	a39dd	1e079	2f90	10	b79fa3	5f8bf3d35730	1700	10000	7ffd87277390	2b85	5f8bf3d81ca0	5f8bf3d978d0	5f8bf0f81c90	b80000	b80000	10000	b5b
22.316002	a39dd	c509	2f90	f	11ee156	5f8bf3d35730	a3f	10000	7ffd87277390	2b85	5f8bf3d81ca0	5f8bf3d978d0	5f8bef5c1c90	11f0000	11f0000	10000	ab3
22.324284	a3a46	1111	384c	11	162f836	5f8bf3d35730	2b85	10000	7ffd87277390	2b85	5f8bf3d81ca0	5f8bf3d978d0	5f8bee541c90	1610000	3848	10000	0
22.334956	a39dd	f95	2f90	b	431357	5f8bf3d35730	104	10000	7ffd87277390	2b85	5f8bf3d81ca0	5f8bf3d978d0	5f8bf2c81c90	440000	440000	10000	503
22.340741	a39dd	18d	2f90	8	71b8fd	5f8bf3d35730	1f	10000	7ffd87277390	2b85	5f8bf3d81ca0	5f8bf3d978d0	5f8bf2101c90	720000	720000	10000	5bb
22.349636	a39b8	30c97	2f90	11	b57238	5f8bf3d35730	2364	10000	7ffd87277390	2b85	5f8bf3d81ca0	5f8bf3d978d0	5f8bf1001c90	b60000	b60000	10000	243
22.362174	a39bc	162a3	2f90	10	117e201	5f8bf3d35730	114d	10000	7ffd87277390	2b85	5f8bf3d81ca0	5f8bf3d978d0	5f8bef781c90	1180000	1180000	10000	4ed
22.372206	a39dd	1f7	2f90	8	168044a	5f8bf3d35730	28	10000	7ffd87277390	2b85	5f8bf3d81ca0	5f8bf3d978d0	5f8bee341c90	1690000	1690000	10000	875
22.378444	a39cc	33f29	2f90	11	26d591	5f8bf3d35730	2577	10000	7ffd87277390	2b85	5f8bf3d81ca0	5f8bf3d978d0	5f8bf3401c90	260000	260000	10000	be8
22.390862	a39d9	59	2f90	6	87eecf	5f8bf3d35730	8	10000	7ffd87277390	2b85	5f8bf3d81ca0	5f8bf3d978d0	5f8bf1b81c90	880000	880000	10000	18b
22.402001	a3a30	5f8bf3d41c90	8b98	11	e39c79	5f8bf3d35730	2b85	10000	7ffd87277390	2b85	5f8bf3d81ca0	5f8bf3d978d0	5f8bf0581c90	e00000	8b94	10000	0
22.413496	a397c	5f8bf4311ca0	2f90	6	13a0031	5f8bf3d35730	9	10000	7ffd87277390	2b85	5f8bf3d81ca0	5f8bf3d978d0	5f8beef01c90	13a0000	13a0000	10000	331
22.427412	a39dd	246a9	2f90	11	35a601	5f8bf3d35730	1b53	10000	7ffd87277390	2b85	5f8bf3d81ca0	5f8bf3d978d0	5f8bf3001c90	360000	360000	10000	67e
22.433451	a39dd	1cd	2f90	8	657d1e	5f8bf3d35730	23	10000	7ffd87277390	2b85	5f8bf3d81ca0	5f8bf3d978d0	5f8bf2401c90	660000	660000	10000	347
22.448276	a39dd	6d	2f90	6	db5cda	5f8bf3d35730	a	10000	7ffd87277390	2b85	5f8bf3d81ca0	5f8bf3d978d0	5f8bf0681c90	dc0000	dc0000	10000	5b0
22.456246	a39bc	13d	2f90	8	119e991	5f8bf3d35730	18	10000	7ffd87277390	2b85	5f8bf3d81ca0	5f8bf3d978d0	5f8bef701c90	11a0000	11a0000	10000	fe
22.462379	a3a2a	5f8bf3d41c90	4c04	11	14c3556	5f8bf3d35730	2b85	10000	7ffd87277390	2b85	5f8bf3d81ca0	5f8bf3d978d0	5f8beeb01c90	14a0000	4c00	10000	0
22.470429	a39dd	3b9	2f90	9	168e35	5f8bf3d35730	4d	10000	7ffd87277390	2b85	5f8bf3d81ca0	5f8bf3d978d0	5f8bf37c1c90	170000	170000	10000	8d7
22.479322	a39bc	35f8d	2f90	11	5b3b06	5f8bf3d35730	26d7	10000	7ffd87277390	2b85	5f8bf3d81ca0	5f8bf3d978d0	5f8bf2681c90	5c0000	5c0000	10000	9eb
22.489343	a39dd	1871	2f90	c	ab0b38	5f8bf3d35730	192	10000	7ffd87277390	2b85	5f8bf3d81ca0	5f8bf3d978d0	5f8bf1281c90	ac0000	ac0000	10000	8e7
22.496551	a39dd	25	2f90	5	e4f1a4	5f8bf3d35730	6	10000	7ffd87277390	2b85	5f8bf3d81ca0	5f8bf3d978d0	5f8bf0441c90	e50000	e50000	10000	787
22.506015	a39dd	821	2f90	b	12ecdf7	5f8bf3d35730	9b	10000	7ffd87277390	2b85	5f8bf3d81ca0	5f8bf3d978d0	5f8bef1c1c90	12f0000	12f0000	10000	549
22.515913	a39cc	3afeb	2f90	11	ce606	5f8bf3d35730	2a28	10000	7ffd87277390	2b85	5f8bf3d81ca0	5f8bf3d978d0	5f8bf3ac1c90	b0000	b0000	10000	663
22.522644	a39b8	2a497	2f90	11	403a7c	5f8bf3d35730	1f2f	10000	7ffd87277390	2b85	5f8bf3d81ca0	5f8bf3d978d0	5f8bf2d41c90	410000	410000	10000	466
22.534410	a39bc	115f9	2f90	10	9e271c	5f8bf3d35730	dcd	10000	7ffd87277390	2b85	5f8bf3d81ca0	5f8bf3d978d0	5f8bf15c1c90	9f0000	9f0000	10000	1e7
22.542717	a39d0	2a3c1	2f90	11	e12bb2	5f8bf3d35730	1f25	10000	7ffd87277390	2b85	5f8bf3d81ca0	5f8bf3d978d0	5f8bf0541c90	e10000	e10000	10000	25e
22.552310	a39d0	24767	2f90	11	12d45ca	5f8bf3d35730	1b5b	10000	7ffd87277390	2b85	5f8bf3d81ca0	5f8bf3d978d0	5f8bef241c90	12d0000	12d0000	10000	938
22.563797	a39bf	25	2f90	5	1483cb	5f8bf3d35730	6	10000	7ffd87277390	2b85	5f8bf3d81ca0	5f8bf3d978d0	5f8bf3841c90	150000	150000	10000	cc6
22.578272	a39bc	a7	2f90	7	83f462	5f8bf3d35730	e	10000	7ffd87277390	2b85	5f8bf3d81ca0	5f8bf3d978d0	5f8bf1c81c90	840000	840000	10000	969
22.589344	a39bc	21301	2f90	11	d5c2f6	5f8bf3d35730	1928	10000	7ffd87277390	2b85	5f8bf3d81ca0	5f8bf3d978d0	5f8bf0801c90	d60000	d60000	10000	476
22.596296	a39bc	65	2f90	6	109e7cc	5f8bf3d35730	9	10000	7ffd87277390	2b85	5f8bf3d81ca0	5f8bf3d978d0	5f8befb01c90	10a0000	10a0000	10000	668
22.606785	a39cc	1b515	2f90	10	15d40c0	5f8bf3d35730	1520	10000	7ffd87277390	2b85	5f8bf3d81ca0	5f8bf3d978d0	5f8bee641c90	15d0000	15d0000	10000	601
22.618837	a39dd	167	2f90	8	49ca19	5f8bf3d35730	1c	10000	7ffd87277390	2b85	5f8bf3d81ca0	5f8bf3d978d0	5f8bf2b01c90	4a0000	4a0000	10000	63d
22.630652	a397c	5f8bf4311ca0	2f90	f	a4a3d2	5f8bf3d35730	b9e	10000	7ffd87277390	2b85	5f8bf3d81ca0	5f8bf3d978d0	5f8bf1481c90	a40000	a40000	10000	b9c
22.640275	a39d4	25dcb	2f90	11	f0f6b3	5f8bf3d35730	1c49	10000	7ffd87277390	2b85	5f8bf3d81ca0	5f8bf3d978d0	5f8bf0181c90	f00000	f00000	10000	56f
22.650800	a3a25	c850	c850	11	142a1bf	5f8bf3d35730	2b85	10000	7ffd87277390	2b85	5f8bf3d81ca0	5f8bf3d978d0	5f8beed41c90	1410000	c84c	10000	0
22.665021	a39dd	89	2f90	7	3d0f86	5f8bf3d35730	b	10000	7ffd87277390	2b85	5f8bf3d81ca0	5f8bf3d978d0	5f8bf2e01c90	3e0000	3e0000	10000	3c9
22.676334	a39bc	2a0a7	2f90	11	937b95	5f8bf3d35730	1f03	10000	7ffd87277390	2b85	5f8bf3d81ca0	5f8bf3d978d0	5f8bf1881c90	940000	940000	10000	3ff
22.691071	a3964	19237	2f90	10	107291a	5f8bf3d35730	1373	10000	7ffd87277390	2b85	5f8bf3d81ca0	5f8bf3d978d0	5f8befbc1c90	1070000	1070000	10000	5cb
22.700637	a39bc	d8d	2f90	b	14e618b	5f8bf3d35730	e9	10000	7ffd87277390	2b85	5f8bf3d81ca0	5f8bf3d978d0	5f8bee9c1c90	14f0000	14f0000	10000	77c
22.709037	a39bc	17cb	2f90	c	15d953	5f8bf3d35730	187	10000	7ffd87277390	2b85	5f8bf3d81ca0	5f8bf3d978d0	5f8bf3801c90	160000	160000	10000	44b
22.723077	a39d0	14db3	2f90	10	81090e	5f8bf3d35730	105f	10000	7ffd87277390	2b85	5f8bf3d81ca0	5f8bf3d978d0	5f8bf1d41c90	810000	810000	10000	8cc
22.732396	a3a22	b8bc	b8b8	11	c34602	5f8bf3d35730	2b85	10000	7ffd87277390	2b85	5f8bf3d81ca0	5f8bf3d978d0	5f8bf0d41c90	c10000	b8b8	10000	0
22.747138	a39dd	25ec5	2f90	11	128ed67	5f8bf3d35730	1c53	10000	7ffd87277390	2b85	5f8bf3d81ca0	5f8bf3d978d0	5f8bef341c90	1290000	1290000	10000	40f
22.752870	a397e	5f8bf4311ca0	2f90	10	1541433	5f8bf3d35730	10fb	10000	7ffd87277390	2b85	5f8bf3d81ca0	5f8bf3d978d0	5f8bee881c90	1540000	1540000	10000	42a
22.767204	a39bc	788b	2f90	e	47dc05	5f8bf3d35730	69e	10000	7ffd87277390	2b85	5f8bf3d81ca0	5f8bf3d978d0	5f8bf2b81c90	480000	480000	10000	a2c
22.776924	a39bc	683f	2f90	e	8dcf63	5f8bf3d35730	5c2	10000	7ffd87277390	2b85	5f8bf3d81ca0	5f8bf3d978d0	5f8bf1a01c90	8e0000	8e0000	10000	2c5
22.788493	a39bc	2266d	2f90	11	e6a088	5f8bf3d35730	1a05	10000	7ffd87277390	2b85	5f8bf3d81ca0	5f8bf3d978d0	5f8bf03c1c90	e70000	e70000	10000	398
22.797451	a39d0	a7fb	2f90	f	12d493c	5f8bf3d35730	8f1	10000	7ffd87277390	2b85	5f8bf3d81ca0	5f8bf3d978d0	5f8bef241c90	12d0000	12d0000	10000	938
22.810812	a39d0	3c499	2f90	11	2450fc	5f8bf3d35730	2af5	10000	7ffd87277390	2b85	5f8bf3d81ca0	5f8bf3d978d0	5f8bf34c1c90	230000	230000	10000	b4b
22.825746	a39d0	1d2cf	2f90	10	956616	5f8bf3d35730	165c	10000	7ffd87277390	2b85	5f8bf3d81ca0	5f8bf3d978d0	5f8bf1841c90	950000	950000	10000	88b
22.834961	a39bc	26b	2f90	9	d432c7	5f8bf3d35730	33	10000	7ffd87277390	2b85	5f8bf3d81ca0	5f8bf3d978d0	5f8bf0841c90	d50000	d50000	10000	cf1
22.841854	a39bc	32e9	2f90	d	1043849	5f8bf3d35730	318	10000	7ffd87277390	2b85	5f8bf3d81ca0	5f8bf3d978d0	5f8befc41c90	1050000	1050000	10000	9ba
22.855142	a39bc	51b	2f90	a	1620b6d	5f8bf3d35730	68	10000	7ffd87277390	2b85	5f8bf3d81ca0	5f8bf3d978d0	5f8bee4c1c90	1630000	1630000	10000	73b
22.865505	a39b3	70ed	2f90	e	38452c	5f8bf3d35730	63d	10000	7ffd87277390	2b85	5f8bf3d81ca0	5f8bf3d978d0	5f8bf2f41c90	390000	390000	10000	71b
22.871032	a398f	2b85	2f90	11	63d1f3	5f8bf3d35730	199a	10000	7ffd87277390	2b85	5f8bf3d81ca0	5f8bf3d978d0	5f8bf2501c90	620000	620000	10000	b25
22.876352	a39b8	20e61	2f90	11	8a7cf6	5f8bf3d35730	18ef	10000	7ffd87277390	2b85	5f8bf3d81ca0	5f8bf3d978d0	5f8bf1ac1c90	8b0000	8b0000	10000	228
22.883191	a39bc	a49	2f90	b	c02535	5f8bf3d35730	b5	10000	7ffd87277390	2b85	5f8bf3d81ca0	5f8bf3d978d0	5f8bf0d41c90	c10000	c10000	10000	2b
22.897276	a39bc	110b	2f90	c	13060cb	5f8bf3d35730	11d	10000	7ffd87277390	2b85	5f8bf3d81ca0	5f8bf3d978d0	5f8bef141c90	1310000	1310000	10000	15a
22.902499	a39dd	33d0f	2f90	11	1595366	5f8bf3d35730	2564	10000	7ffd87277390	2b85	5f8bf3d81ca0	5f8bf3d978d0	5f8bee701c90	15a0000	15a0000	10000	564
22.916205	a39bc	3ad	2f90	9	549796	5f8bf3d35730	4b	10000	7ffd87277390	2b85	5f8bf3d81ca0	5f8bf3d978d0	5f8bf2841c90	550000	550000	10000	425
22.926207	a39bc	de61	2f90	f	a19976	5f8bf3d35730	b5e	10000	7ffd87277390	2b85	5f8bf3d81ca0	5f8bf3d978d0	5f8bf1501c90	a20000	a20000	10000	284
22.936528	a39bc	89	2f90	7	f47856	5f8bf3d35730	b	10000	7ffd87277390	2b85	5f8bf3d81ca0	5f8bf3d978d0	5f8bf0041c90	f50000	f50000	10000	21d
22.943655	a39cc	1a3cb	2f90	10	12c1c7d	5f8bf3d35730	1451	10000	7ffd87277390	2b85	5f8bf3d81ca0	5f8bf3d978d0	5f8bef281c90	12c0000	12c0000	10000	4ac
22.956351	a39dd	17d49	2f90	10	1c7145	5f8bf3d35730	128d	10000	7ffd87277390	2b85	5f8bf3d81ca0	5f8bf3d978d0	5f8bf3641c90	1d0000	1d0000	10000	a11
22.970561	a39bc	39bf	2f90	d	8be1e5	5f8bf3d35730	374	10000	7ffd87277390	2b85	5f8bf3d81ca0	5f8bf3d978d0	5f8bf1a81c90	8c0000	8c0000	10000	6b4
22.976235	a39e0	10fd	2f90	c	b73807	5f8bf3d35730	11b	10000	7ffd87277390	2b85	5f8bf3d81ca0	5f8bf3d978d0	5f8bf0f81c90	b80000	b80000	10000	b5b
22.983748	a39bc	89	2f90	7	f27ae1	5f8bf3d35730	b	10000	7ffd87277390	2b85	5f8bf3d81ca0	5f8bf3d978d0	5f8bf00c1c90	f30000	f30000	10000	60c
22.990251	a39bc	25	2f90	5	126cd10	5f8bf3d35730	6	10000	7ffd87277390	2b85	5f8bf3d81ca0	5f8bf3d978d0	5f8bef3c1c90	1270000	1270000	10000	7fe
22.996368	a3a22	e734	e730	11	15674ad	5f8bf3d35730	2b85	10000	7ffd87277390	2b85	5f8bf3d81ca0	5f8bf3d978d0	5f8bee881c90	1540000	e730	10000	0
23.009215	a39dd	4cd	2f90	a	4589af	5f8bf3d35730	63	10000	7ffd87277390	2b85	5f8bf3d81ca0	5f8bf3d978d0	5f8bf2c01c90	460000	460000	10000	114
23.020651	15fcac7d488a	211	90	7	20eb0	0	7	5f8bf608ef00	7ffd872772f0	5f8bf608ef10	5f8bf3cd1b00	5f8bf3cd40c0	dd9bd55327923952	75888521ac80	0	5f8bf608ef90	210
23.027752	a39dd	1c837	2f90	10	d5d30e	5f8bf3d35730	15e7	10000	7ffd87277390	2b85	5f8bf3d81ca0	5f8bf3d978d0	5f8bf0801c90	d60000	d60000	10000	476
23.036178	a39cc	331c9	2f90	11	1170d90	5f8bf3d35730	24ea	10000	7ffd87277390	2b85	5f8bf3d81ca0	5f8bf3d978d0	5f8bef7c1c90	1170000	1170000	10000	61
23.047170	a39dd	3ba5	2f90	d	16b87e7	5f8bf3d35730	38b	10000	7ffd87277390	2b85	5f8bf3d81ca0	5f8bf3d978d0	5f8bee281c90	16c0000	16c0000	10000	912
23.053655	a39d0	28fb5	2f90	11	2dc555	5f8bf3d35730	1e5e	10000	7ffd87277390	2b85	5f8bf3d81ca0	5f8bf3d978d0	5f8bf3241c90	2d0000	2d0000	10000	4a7
23.064005	a39bc	176d5	2f90	10	7e7e99	5f8bf3d35730	1247	10000	7ffd87277390	2b85	5f8bf3d81ca0	5f8bf3d978d0	5f8bf1dc1c90	7f0000	7f0000	10000	cbb
23.078351	a39bc	15d7	2f90	c	ee7b93	5f8bf3d35730	168	10000	7ffd87277390	2b85	5f8bf3d81ca0	5f8bf3d978d0	5f8bf01c1c90	ef0000	ef0000	10000	e3
23.092782	a39dd	1f	2f90	4	15e16f8	5f8bf3d35730	5	10000	7ffd87277390	2b85	5f8bf3d81ca0	5f8bf3d978d0	5f8bee5c1c90	15f0000	15f0000	10000	212
23.103361	a3a30	5f8bf3d41c90	a66c	11	401efd	5f8bf3d35730	2b85	10000	7ffd87277390	2b85	5f8bf3d81ca0	5f8bf3d978d0	5f8bf2d81c90	400000	a668	10000	0
23.109211	a39cc	2a845	2f90	11	6e283d	5f8bf3d35730	1f52	10000	7ffd87277390	2b85	5f8bf3d81ca0	5f8bf3d978d0	5f8bf2201c90	6e0000	6e0000	10000	92
23.117517	a39bc	1da6d	2f90	10	b0cb89	5f8bf3d35730	16bb	10000	7ffd87277390	2b85	5f8bf3d81ca0	5f8bf3d978d0	5f8bf1141c90	b10000	b10000	10000	595
23.125543	a39bc	25f	2f90	9	ee2911	5f8bf3d35730	31	10000	7ffd87277390	2b85	5f8bf3d81ca0	5f8bf3d978d0	5f8bf01c1c90	ef0000	ef0000	10000	e3
23.136616	a39bc	2f429	2f90	11	1434174	5f8bf3d35730	226f	10000	7ffd87277390	2b85	5f8bf3d81ca0	5f8bf3d978d0	5f8beec81c90	1440000	1440000	10000	994
23.147456	a39a0	5f8bf3cf5710	2f90	11	23eac1	5f8bf3d35730	1f61	10000	7ffd87277390	2b85	5f8bf3d81ca0	5f8bf3d978d0	5f8bf34c1c90	230000	230000	10000	b4b
23.153676	a39bc	8ab3	2f90	f	51cd63	5f8bf3d35730	780	10000	7ffd87277390	2b85	5f8bf3d81ca0	5f8bf3d978d0	5f8bf2901c90	520000	520000	10000	388
23.163120	a39bc	10f	2f90	8	9890d5	5f8bf3d35730	14	10000	7ffd87277390	2b85	5f8bf3d81ca0	5f8bf3d978d0	5f8bf1741c90	990000	990000	10000	ad
23.177543	a39b8	2bc2b	2f90	11	fdcfdc	5f8bf3d35730	2025	10000	7ffd87277390	2b85	5f8bf3d81ca0	5f8bf3d978d0	5f8befe01c90	fe0000	fe0000	10000	3f4
23.184427	a39dd	509	2f90	a	130a3a7	5f8bf3d35730	67	10000	7ffd87277390	2b85	5f8bf3d81ca0	5f8bf3d978d0	5f8bef141c90	1310000	1310000	10000	15a
23.191218	a39dd	3b9	2f90	9	1622491	5f8bf3d35730	4d	10000	7ffd87277390	2b85	5f8bf3d81ca0	5f8bf3d978d0	5f8bee4c1c90	1630000	1630000	10000	73b
23.201679	a39dd	2ce8d	2f90	11	3e58a2	5f8bf3d35730	20e5	10000	7ffd87277390	2b85	5f8bf3d81ca0	5f8bf3d978d0	5f8bf2dc1c90	3f0000	3f0000	10000	855
23.214533	a39d4	16723	2f90	10	a18143	5f8bf3d35730	1183	10000	7ffd87277390	2b85	5f8bf3d81ca0	5f8bf3d978d0	5f8bf1501c90	a20000	a20000	10000	284
23.226292	a3968	43eb	2f90	e	10008bc	5f8bf3d35730	3f5	10000	7ffd87277390	2b85	5f8bf3d81ca0	5f8bf3d978d0	5f8befd81c90	1000000	1000000	10000	5
23.239873	a39bc	1debd	2f90	10	15f4ea4	5f8bf3d35730	16ee	10000	7ffd87277390	2b85	5f8bf3d81ca0	5f8bf3d978d0	5f8bee581c90	1600000	1600000	10000	69e
23.250741	a39bc	11299	2f90	10	4127a6	5f8bf3d35730	da3	10000	7ffd87277390	2b85	5f8bf3d81ca0	5f8bf3d978d0	5f8bf2d01c90	420000	420000	10000	8f2
23.260512	a3a3d	5f8bf3d41c90	66f0	11	92ce7a	5f8bf3d35730	2b85	10000	7ffd87277390	2b85	5f8bf3d81ca0	5f8bf3d978d0	5f8bf1981c90	900000	66ec	10000	0
23.275140	a3968	a0d9	2f90	f	1041c4a	5f8bf3d35730	88e	10000	7ffd87277390	2b85	5f8bf3d81ca0	5f8bf3d978d0	5f8befc81c90	1040000	1040000	10000	52e
23.288024	a39dd	34bad	2f90	11	168a0fb	5f8bf3d35730	25fc	10000	7ffd87277390	2b85	5f8bf3d81ca0	5f8bf3d978d0	5f8bee341c90	1690000	1690000	10000	875
23.298316	a39bc	13d	2f90	8	47bb9d	5f8bf3d35730	18	10000	7ffd87277390	2b85	5f8bf3d81ca0	5f8bf3d978d0	5f8bf2b81c90	480000	480000	10000	a2c
23.305811	a39bc	101	2f90	8	811416	5f8bf3d35730	13	10000	7ffd87277390	2b85	5f8bf3d81ca0	5f8bf3d978d0	5f8bf1d01c90	820000	820000	10000	51
23.320393	a39bc	35599	2f90	11	f190f6	5f8bf3d35730	2667	10000	7ffd87277390	2b85	5f8bf3d81ca0	5f8bf3d978d0	5f8bf0101c90	f20000	f20000	10000	180
23.330206	a39dd	1f	2f90	4	13a394f	5f8bf3d35730	5	10000	7ffd87277390	2b85	5f8bf3d81ca0	5f8bf3d978d0	5f8beeec1c90	13b0000	13b0000	10000	7bd
23.343118	a39dd	709	2f90	a	2c099e	5f8bf3d35730	88	10000	7ffd87277390	2b85	5f8bf3d81ca0	5f8bf3d978d0	5f8bf3241c90	2d0000	2d0000	10000	4a7
23.357889	a39bc	30bf	2f90	d	a01d34	5f8bf3d35730	2f3	10000	7ffd87277390	2b85	5f8bf3d81ca0	5f8bf3d978d0	5f8bf1541c90	a10000	a10000	10000	aff
23.370490	a39dd	3456d	2f90	11	103c58e	5f8bf3d35730	25b6	10000	7ffd87277390	2b85	5f8bf3d81ca0	5f8bf3d978d0	5f8befc81c90	1040000	1040000	10000	52e
23.381819	a39dd	a7	2f90	7	15d5b02	5f8bf3d35730	e	10000	7ffd87277390	2b85	5f8bf3d81ca0	5f8bf3d978d0	5f8bee601c90	15e0000	15e0000	10000	a8d
23.391596	a39d0	1ed03	2f90	10	372d0c	5f8bf3d35730	1789	10000	7ffd87277390	2b85	5f8bf3d81ca0	5f8bf3d978d0	5f8bf2fc1c90	370000	370000	10000	b0a
23.403150	a39dd	27e69	2f90	11	92f76b	5f8bf3d35730	1db3	10000	7ffd87277390	2b85	5f8bf3d81ca0	5f8bf3d978d0	5f8bf18c1c90	930000	930000	10000	c7a
23.418342	a39a7	1c303	2f90	10	10dba2e	5f8bf3d35730	15af	10000	7ffd87277390	2b85	5f8bf3d81ca0	5f8bf3d978d0	5f8befa81c90	10c0000	10c0000	10000	279
23.431072	a398f	2b85	1e5	10	16f8982	5f8bf3d35730	12de	3601	7ffd87277390	2b85	5f8bf3d81ca0	5f8bf3d978d0	5f8bee1c1c90	16e3601	16e3601	3601	9af
23.438296	a39bc	2e271	2f90	11	35dc07	5f8bf3d35730	21b7	10000	7ffd87277390	2b85	5f8bf3d81ca0	5f8bf3d978d0	5f8bf3001c90	360000	360000	10000	67e
23.444651	a4378	2b85	5f8bf3cda7b0	5f8bf43278d0	4528	0	0	5f8bf6d0c790	7ffd87277390	5e0d	543	5f8bf3f799a0	dd9bd55327923952	2b85	3b	544	4a
23.453864	a39dd	2e19	2f90	d	af7839	5f8bf3d35730	2d0	10000	7ffd87277390	2b85	5f8bf3d81ca0	5f8bf3d978d0	5f8bf1181c90	b00000	b00000	10000	109
23.465082	15fcac8d310a	0	1	86d8	5f8bf6d2d8f0	0	5f8bf6d30030	87	7ffd87277388	0	5f8bf6d2d8f0	5f8bf4702950	75888521ace0	8000000000000000	5f8bf3d41c90	87	ae14
23.476929	a397c	5f8bf4311ca0	2f90	11	1660541	5f8bf3d35730	2519	10000	7ffd87277390	2b85	5f8bf3d81ca0	5f8bf3d978d0	5f8bee441c90	1650000	1650000	10000	34c
23.486643	a39bc	6bb	2f90	a	407e4a	5f8bf3d35730	82	10000	7ffd87277390	2b85	5f8bf3d81ca0	5f8bf3d978d0	5f8bf2d41c90	410000	410000	10000	466
23.499110	a3a2a	5f8bf3d41c90	9994	11	9b40a1	5f8bf3d35730	2b85	10000	7ffd87277390	2b85	5f8bf3d81ca0	5f8bf3d978d0	5f8bf1741c90	990000	9990	10000	0
23.511364	a39bc	9f77	2f90	f	f998fc	5f8bf3d35730	87e	10000	7ffd87277390	2b85	5f8bf3d81ca0	5f8bf3d978d0	5f8beff01c90	fa0000	fa0000	10000	bd2
23.523502	a39bc	25	2f90	5	1598d0c	5f8bf3d35730	6	10000	7ffd87277390	2b85	5f8bf3d81ca0	5f8bf3d978d0	5f8bee701c90	15a0000	15a0000	10000	564
23.536164	a3998	2b85	2f90	11	4c26fa	5f8bf3d35730	2898	10000	7ffd87277390	2b85	5f8bf3d81ca0	5f8bf3d978d0	5f8bf2a81c90	4c0000	4c0000	10000	24e
23.544914	a39dd	65	2f90	6	8e3445	5f8bf3d35730	9	10000	7ffd87277390	2b85	5f8bf3d81ca0	5f8bf3d978d0	5f8bf19c1c90	8f0000	8f0000	10000	751
23.559014	a39dd	d21	2f90	b	fe8d2c	5f8bf3d35730	e1	10000	7ffd87277390	2b85	5f8bf3d81ca0	5f8bf3d978d0	5f8befdc1c90	ff0000	ff0000	10000	880
23.565644	a39bc	bd59	2f90	f	130a23f	5f8bf3d35730	9e5	10000	7ffd87277390	2b85	5f8bf3d81ca0	5f8bf3d978d0	5f8bef141c90	1310000	1310000	10000	15a
23.579175	a39b8	beb7	2f90	f	251ba9	5f8bf3d35730	9f6	10000	7ffd87277390	2b85	5f8bf3d81ca0	5f8bf3d978d0	5f8bf3401c90	260000	260000	10000	be8
23.594201	a39e5	4fbb	2f90	e	962f35	5f8bf3d35730	488	10000	7ffd87277390	2b85	5f8bf3d81ca0	5f8bf3d978d0	5f8bf1801c90	960000	960000	10000	10
23.602109	a39dd	191	2f90	8	d2d98d	5f8bf3d35730	20	10000	7ffd87277390	2b85	5f8bf3d81ca0	5f8bf3d978d0	5f8bf08c1c90	d30000	d30000	10000	3d9
23.615874	a39d0	af33	2f90	f	13a52ad	5f8bf3d35730	945	10000	7ffd87277390	2b85	5f8bf3d81ca0	5f8bf3d978d0	5f8beef01c90	13a0000	13a0000	10000	331
23.627495	a398f	2b85	2f90	f	1d70e4	5f8bf3d35730	89f	10000	7ffd87277390	2b85	5f8bf3d81ca0	5f8bf3d978d0	5f8bf3641c90	1d0000	1d0000	10000	a11
23.639321	a396b	1a11f	2f90	10	748839	5f8bf3d35730	1433	10000	7ffd87277390	2b85	5f8bf3d81ca0	5f8bf3d978d0	5f8bf2081c90	740000	740000	10000	1cc
23.647846	a39bc	134f	2f90	c	b001be	5f8bf3d35730	143	10000	7ffd87277390	2b85	5f8bf3d81ca0	5f8bf3d978d0	5f8bf1141c90	b10000	b10000	10000	595
23.658400	a39b3	289f	2f90	d	fd196e	5f8bf3d35730	284	10000	7ffd87277390	2b85	5f8bf3d81ca0	5f8bf3d978d0	5f8befe01c90	fe0000	fe0000	10000	3f4
23.668052	a3a12	1111	52dc	11	145ac11	5f8bf3d35730	2b85	10000	7ffd87277390	2b85	5f8bf3d81ca0	5f8bf3d978d0	5f8beec81c90	1440000	52d8	10000	0
23.679224	a39a4	1000f	2f90	10	222283	5f8bf3d35730	cdf	10000	7ffd87277390	2b85	5f8bf3d81ca0	5f8bf3d978d0	5f8bf3501c90	220000	220000	10000	6bf
23.688164	a396b	31e29	2f90	11	63c9ca	5f8bf3d35730	241a	10000	7ffd87277390	2b85	5f8bf3d81ca0	5f8bf3d978d0	5f8bf24c1c90	630000	630000	10000	2aa
23.698999	a39d4	14543	2f90	10	b2d400	5f8bf3d35730	ff2	10000	7ffd87277390	2b85	5f8bf3d81ca0	5f8bf3d978d0	5f8bf10c1c90	b30000	b30000	10000	1a6
23.714074	a39b8	30db5	2f90	11	1215e42	5f8bf3d35730	236f	10000	7ffd87277390	2b85	5f8bf3d81ca0	5f8bf3d978d0	5f8bef501c90	1220000	1220000	10000	b50
23.729080	a39bc	ab73	2f90	f	1f78c6	5f8bf3d35730	911	10000	7ffd87277390	2b85	5f8bf3d81ca0	5f8bf3d978d0	5f8bf3581c90	200000	200000	10000	aae
23.741728	a39dd	35cbf	2f90	11	80e248	5f8bf3d35730	26ba	10000	7ffd87277390	2b85	5f8bf3d81ca0	5f8bf3d978d0	5f8bf1d41c90	810000	810000	10000	8cc
23.752928	a39dd	28d	2f90	9	d932a7	5f8bf3d35730	36	10000	7ffd87277390	2b85	5f8bf3d81ca0	5f8bf3d978d0	5f8bf0701c90	da0000	da0000	10000	99f
23.758933	a39dd	277	2f90	9	10748f8	5f8bf3d35730	34	10000	7ffd87277390	2b85	5f8bf3d81ca0	5f8bf3d978d0	5f8befb81c90	1080000	1080000	10000	a57
23.773564	b421f	3f	32e03	0	1c5d7	ca1894	a8eede214d017032	2b557	7ffd87277388	32e03	0	0	f1cf9d07fc2b27a0	24bb	8000000000ca1894	a8eede214d017032	2b85
23.782040	a39bc	59	2f90	6	41d32a	5f8bf3d35730	8	10000	7ffd87277390	2b85	5f8bf3d81ca0	5f8bf3d978d0	5f8bf2d01c90	420000	420000	10000	8f2
23.792470	a3a46	1111	9d94	11	883346	5f8bf3d35730	2b85	10000	7ffd87277390	2b85	5f8bf3d81ca0	5f8bf3d978d0	5f8bf1b81c90	880000	9d90	10000	0
23.800376	a39dd	23b	2f90	9	c403b1	5f8bf3d35730	2c	10000	7ffd87277390	2b85	5f8bf3d81ca0	5f8bf3d978d0	5f8bf0c41c90	c50000	c50000	10000	554
23.813619	a39dd	20db5	2f90	11	12cbf44	5f8bf3d35730	18e6	10000	7ffd87277390	2b85	5f8bf3d81ca0	5f8bf3d978d0	5f8bef241c90	12d0000	12d0000	10000	938
23.827468	a39dd	2c22b	2f90	11	25b6e6	5f8bf3d35730	2063	10000	7ffd87277390	2b85	5f8bf3d81ca0	5f8bf3d978d0	5f8bf3401c90	260000	260000	10000	be8
23.839875	a39b8	2e15f	2f90	11	8538f1	5f8bf3d35730	21ab	10000	7ffd87277390	2b85	5f8bf3d81ca0	5f8bf3d978d0	5f8bf1c01c90	860000	860000	10000	57a
23.847999	a39bc	1a083	2f90	10	c3b901	5f8bf3d35730	1425	10000	7ffd87277390	2b85	5f8bf3d81ca0	5f8bf3d978d0	5f8bf0c81c90	c40000	c40000	10000	c8
23.859727	a39bc	2b0af	2f90	11	11ae259	5f8bf3d35730	1fb0	10000	7ffd87277390	2b85	5f8bf3d81ca0	5f8bf3d978d0	5f8bef6c1c90	11b0000	11b0000	10000	58a
23.874588	a39af	2df83	2f90	11	5f8bf3d81ca0	5f8bf3d35730	219b	10000	7ffd87277390	2b85	5f8bf3d81ca0	5f8bf3d978d0	5f8bf3601c90	1e0000	1e0000	10000	196
23.888363	a39dd	37831	2f90	11	88a7f8	5f8bf3d35730	27da	10000	7ffd87277390	2b85	5f8bf3d81ca0	5f8bf3d978d0	5f8bf1b41c90	890000	890000	10000	617
23.899980	a39a4	2dd27	2f90	11	e35574	5f8bf3d35730	2183	10000	7ffd87277390	2b85	5f8bf3d81ca0	5f8bf3d978d0	5f8bf04c1c90	e30000	e30000	10000	b76
23.905185	a39dd	1284d	2f90	10	10a73c1	5f8bf3d35730	ea3	10000	7ffd87277390	2b85	5f8bf3d81ca0	5f8bf3d978d0	5f8befac1c90	10b0000	10b0000	10000	af4
23.919582	a39d0	3cda5	2f90	11	7ac83	5f8bf3d35730	2b5f	10000	7ffd87277390	2b85	5f8bf3d81ca0	5f8bf3d978d0	5f8bf3bc1c90	70000	70000	10000	13a
23.926181	a39dd	11b	2f90	8	383d38	5f8bf3d35730	15	10000	7ffd87277390	2b85	5f8bf3d81ca0	5f8bf3d978d0	5f8bf2f41c90	390000	390000	10000	71b
23.933056	a39dd	9cf1	2f90	f	6c1e4d	5f8bf3d35730	860	10000	7ffd87277390	2b85	5f8bf3d81ca0	5f8bf3d978d0	5f8bf2241c90	6d0000	6d0000	10000	90d
23.945727	a39dd	9283	2f90	f	ce7e5b	5f8bf3d35730	7e4	10000	7ffd87277390	2b85	5f8bf3d81ca0	5f8bf3d978d0	5f8bf09c1c90	cf0000	cf0000	10000	bb7
23.955404	a3a25	ce58	ce58	11	11de212	5f8bf3d35730	2b85	10000	7ffd87277390	2b85	5f8bf3d81ca0	5f8bf3d978d0	5f8bef6c1c90	11b0000	ce54	10000	0
23.961985	a3a39	5f8bf3d41c90	97ac	11	14ba84e	5f8bf3d35730	2b85	10000	7ffd87277390	2b85	5f8bf3d81ca0	5f8bf3d978d0	5f8beeb81c90	1480000	97a8	10000	0
23.971630	a39dd	13d	2f90	8	1b49f4	5f8bf3d35730	18	10000	7ffd87277390	2b85	5f8bf3d81ca0	5f8bf3d978d0	5f8bf3681c90	1c0000	1c0000	10000	585
23.978860	a39dd	33421	2f90	11	535534	5f8bf3d35730	2504	10000	7ffd87277390	2b85	5f8bf3d81ca0	5f8bf3d978d0	5f8bf2881c90	540000	540000	10000	ca0
23.993603	a39dd	33ceb	2f90	11	c7bfee	5f8bf3d35730	2561	10000	7ffd87277390	2b85	5f8bf3d81ca0	5f8bf3d978d0	5f8bf0b81c90	c80000	c80000	10000	5f1
24.001993	a39a7	3acd	2f90	d	10b0b5e	5f8bf3d35730	380	10000	7ffd87277390	2b85	5f8bf3d81ca0	5f8bf3d978d0	5f8befac1c90	10b0000	10b0000	10000	af4
24.008720	a39bc	278b1	2f90	11	13f2c51	5f8bf3d35730	1d75	10000	7ffd87277390	2b85	5f8bf3d81ca0	5f8bf3d978d0	5f8beed81c90	1400000	1400000	10000	46b
24.023716	a39bc	28aab	2f90	11	4366b3	5f8bf3d35730	1e2b	10000	7ffd87277390	2b85	5f8bf3d81ca0	5f8bf3d978d0	5f8bf2c81c90	440000	440000	10000	503
24.033768	a39bc	33b	2f90	9	920d4d	5f8bf3d35730	42	10000	7ffd87277390	2b85	5f8bf3d81ca0	5f8bf3d978d0	5f8bf18c1c90	930000	930000	10000	c7a
24.045835	a39dd	6f53	2f90	e	f1b160	5f8bf3d35730	620	10000	7ffd87277390	2b85	5f8bf3d81ca0	5f8bf3d978d0	5f8bf0101c90	f20000	f20000	10000	180
24.053860	a39bc	2579b	2f90	11	1314187	5f8bf3d35730	1c0f	10000	7ffd87277390	2b85	5f8bf3d81ca0	5f8bf3d978d0	5f8bef101c90	1320000	1320000	10000	5e6
24.069011	6eaa5	5f8bf3db9bf0	14c8896e319baaad	168	5f8bf672b06c	5f8bd89865b8	7ffd87277258	1	7ffd87277250	1a	3f	68	dd9bd55327923952	5f8bf672b0dc	0	168	5f8bf672b070
24.083936	a39dd	dd15	2f90	f	99ffbc	5f8bf3d35730	b4c	10000	7ffd87277390	2b85	5f8bf3d81ca0	5f8bf3d978d0	5f8bf1701c90	9a0000	9a0000	10000	539
24.093797	a39b8	355	2f90	9	e8572c	5f8bf3d35730	44	10000	7ffd87277390	2b85	5f8bf3d81ca0	5f8bf3d978d0	5f8bf0341c90	e90000	e90000	10000	cb0
24.104589	a39dd	26173	2f90	11	13dfa46	5f8bf3d35730	1c70	10000	7ffd87277390	2b85	5f8bf3d81ca0	5f8bf3d978d0	5f8beee01c90	13e0000	13e0000	10000	85a
24.115411	a39a4	1619b	2f90	10	23ed88	5f8bf3d35730	1144	10000	7ffd87277390	2b85	5f8bf3d81ca0	5f8bf3d978d0	5f8bf34c1c90	230000	230000	10000	b4b
24.126602	a39dd	1f7	2f90	8	7b3349	5f8bf3d35730	28	10000	7ffd87277390	2b85	5f8bf3d81ca0	5f8bf3d978d0	5f8bf1e81c90	7c0000	7c0000	10000	c1e
24.133159	a39bc	1f	2f90	4	b05e31	5f8bf3d35730	5	10000	7ffd87277390	2b85	341c0	5f8bf3d978d0	5f8bf1141c90	b10000	b10000	10000	595
24.142097	a39dd	2b3f	2f90	d	f72123	5f8bf3d35730	2a6	10000	7ffd87277390	2b85	5f8bf3d81ca0	5f8bf3d978d0	5f8beff81c90	f80000	f80000	10000	2ba
24.147576	a39bc	9a9	2f90	b	123bb2f	5f8bf3d35730	b0	10000	7ffd87277390	2b85	5f8bf3d81ca0	5f8bf3d978d0	5f8bef481c90	1240000	1240000	10000	761
24.162725	a39b8	1159	2f90	c	2936eb	5f8bf3d35730	121	10000	7ffd87277390	2b85	5f8bf3d81ca0	5f8bf3d978d0	5f8bf3301c90	2a0000	2a0000	10000	40a
24.171942	a39dd	25	2f90	5	719593	5f8bf3d35730	6	10000	7ffd87277390	2b85	5f8bf3d81ca0	5f8bf3d978d0	5f8bf2101c90	720000	720000	10000	5bb
24.184706	a39a7	1ce73	2f90	10	d8756d	5f8bf3d35730	1634	10000	7ffd87277390	2b85	5f8bf3d81ca0	5f8bf3d978d0	5f8bf0781c90	d80000	d80000	10000	87
24.198021	a39bc	2040d	2f90	11	141ad26	5f8bf3d35730	187d	10000	7ffd87277390	2b85	5f8bf3d81ca0	5f8bf3d978d0	5f8beed01c90	1420000	1420000	10000	7c
24.204634	a39bc	6d	2f90	6	2b3bd	5f8bf3d35730	a	10000	7ffd87277390	2b85	5f8bf3d81ca0	5f8bf3d978d0	5f8bf3cc1c90	30000	30000	10000	918
24.210122	a39bc	11b	2f90	8	2d8667	5f8bf3d35730	15	10000	7ffd87277390	2b85	5f8bf3d81ca0	5f8bf3d978d0	5f8bf3201c90	2e0000	2e0000	10000	933
24.222957	a3a30	5f8bf3d41c90	f278	11	961d43	5f8bf3d35730	2b85	10000	7ffd87277390	2b85	5f8bf3d81ca0	5f8bf3d978d0	5f8bf18c1c90	930000	f274	10000	0
24.237962	a39dd	1698d	2f90	10	107cc2d	5f8bf3d35730	119d	10000	7ffd87277390	2b85	5f8bf3d81ca0	5f8bf3d978d0	5f8befb81c90	1080000	1080000	10000	a57
24.246558	a39bc	151	2f90	8	14bcdd7	5f8bf3d35730	1a	10000	7ffd87277390	2b85	5f8bf3d81ca0	5f8bf3d978d0	5f8beea81c90	14c0000	14c0000	10000	6df
24.259307	a397c	5f8bf4311ca0	2f90	11	408f98	5f8bf3d35730	2466	10000	7ffd87277390	2b85	5f8bf3d81ca0	5f8bf3d978d0	5f8bf2dc1c90	3f0000	3f0000	10000	855
24.269173	a39bc	1544f	2f90	10	8cff19	5f8bf3d35730	10ad	10000	7ffd87277390	2b85	5f8bf3d81ca0	5f8bf3d978d0	5f8bf1a41c90	8d0000	8d0000	10000	b40
24.276556	a39bc	25	2f90	5	c5e30b	5f8bf3d35730	6	10000	7ffd87277390	2b85	5f8bf3d81ca0	5f8bf3d978d0	5f8bf0c01c90	c60000	c60000	10000	9e0
24.283824	a39dd	1ede1	2f90	10	ffe6b7	5f8bf3d35730	1791	10000	7ffd87277390	2b85	5f8bf3d81ca0	5f8bf3d978d0	5f8befd81c90	1000000	1000000	10000	5
24.289663	a3a1f	b648	b644	11	130ba18	5f8bf3d35730	2b85	10000	7ffd87277390	2b85	5f8bf3d81ca0	5f8bf3d978d0	5f8bef201c90	12e0000	b640	10000	0
24.303866	a39bc	1f2cb	2f90	10	2ade42	5f8bf3d35730	17be	10000	7ffd87277390	2b85	5f8bf3d81ca0	5f8bf3d978d0	5f8bf32c1c90	2b0000	2b0000	10000	896
24.312080	15fcac8d2b8a	5f8bf3d450ac	d07	1448	341c	5f8bf3d43c64	5f8bf3d47080	d07	7ffd87277388	5f8bf3d450ac	5f8bf3d81ca0	5f8bf3d978d0	5f8bf2281c90	6d0000	6d0000	10000	90d
24.322065	a39dd	d867	2f90	f	bbe51a	5f8bf3d35730	b16	10000	7ffd87277390	2b85	5f8bf3d81ca0	5f8bf3d978d0	5f8bf0e81c90	bc0000	bc0000	10000	37d
24.333804	a3998	2b85	2f90	10	119bff4	5f8bf3d35730	15cc	10000	7ffd87277390	2b85	5f8bf3d81ca0	5f8bf3d978d0	5f8bef741c90	1190000	1190000	10000	979
24.344502	a39bc	d3	2f90	7	16dff2e	5f8bf3d35730	10	10000	7ffd87277390	2b85	5f8bf3d81ca0	5f8bf3d978d0	5f8bee201c90	16e0000	16e0000	10000	523
24.350898	a39d9	a7	2f90	7	2e6e22	5f8bf3d35730	e	10000	7ffd87277390	2b85	5f8bf3d81ca0	5f8bf3d978d0	5f8bf31c1c90	2f0000	2f0000	10000	b8
24.356215	15fcac8d2b24	5f8bf3d5bd70	6838	1af0	1a0e0	5f8bf3d5a280	5f8bf3d74360	6838	7ffd87277388	5f8bf3d5bd70	1a0e0	5f8bf3d978d0	5f8bf2781c90	590000	590000	10000	94e
24.364183	a39bc	2eb1	2f90	d	972e8d	5f8bf3d35730	2da	10000	7ffd87277390	2b85	5f8bf3d81ca0	5f8bf3d978d0	5f8bf1781c90	980000	980000	10000	928
24.375370	a39bc	1f	2f90	4	f1024b	5f8bf3d35730	5	10000	7ffd87277390	2b85	341c0	5f8bf3d978d0	5f8bf0101c90	f20000	f20000	10000	180
24.388497	a39bc	2feeb	2f90	11	1580a64	5f8bf3d35730	22d9	10000	7ffd87277390	2b85	5f8bf3d81ca0	5f8bf3d978d0	5f8bee741c90	1590000	1590000	10000	d8
24.397908	a39af	2a79d	2f90	11	5f8bf3d81ca0	5f8bf3d35730	1f4c	10000	7ffd87277390	2b85	5f8bf3d81ca0	5f8bf3d978d0	5f8bf3181c90	300000	300000	10000	544
24.408678	a3968	9f73	2f90	f	879c9e	5f8bf3d35730	87d	10000	7ffd87277390	2b85	5f8bf3d81ca0	5f8bf3d978d0	5f8bf1bc1c90	870000	870000	10000	a06
24.416803	a39bc	d7a1	2f90	f	c7a2f7	5f8bf3d35730	b0a	10000	7ffd87277390	2b85	5f8bf3d81ca0	5f8bf3d978d0	5f8bf0b81c90	c80000	c80000	10000	5f1
24.425536	a39bc	97	2f90	7	10c9182	5f8bf3d35730	c	10000	7ffd87277390	2b85	5f8bf3d81ca0	5f8bf3d978d0	5f8befa41c90	10d0000	10d0000	10000	705
24.434000	a39dd	239	2f90	9	1501810	5f8bf3d35730	2b	10000	7ffd87277390	2b85	5f8bf3d81ca0	5f8bf3d978d0	5f8bee941c90	1510000	1510000	10000	38d
24.439230	a39a0	5f8bf3cf5710	2f90	11	a1b2b	5f8bf3d35730	245b	10000	7ffd87277390	2b85	5f8bf3d81ca0	5f8bf3d978d0	5f8bf3bc1c90	70000	70000	10000	13a
24.452163	a39bc	b11d	2f90	f	6d03d3	5f8bf3d35730	954	10000	7ffd87277390	2b85	5f8bf3d81ca0	5f8bf3d978d0	5f8bf2201c90	6e0000	6e0000	10000	92
24.464960	a39a4	3659	2f90	d	d21c0e	5f8bf3d35730	349	10000	7ffd87277390	2b85	5f8bf3d81ca0	5f8bf3d978d0	5f8bf0901c90	d20000	d20000	10000	c54
24.476667	a39bc	1eb	2f90	8	12e4b98	5f8bf3d35730	27	10000	7ffd87277390	2b85	5f8bf3d81ca0	5f8bf3d978d0	5f8bef1c1c90	12f0000	12f0000	10000	549
24.488062	a39dd	65b	2f90	a	133cee	5f8bf3d35730	7c	10000	7ffd87277390	2b85	5f8bf3d81ca0	5f8bf3d978d0	5f8bf3881c90	140000	140000	10000	83a
24.501780	a397c	5f8bf4311ca0	2f90	10	7fa988	5f8bf3d35730	16a8	10000	7ffd87277390	2b85	5f8bf3d81ca0	5f8bf3d978d0	5f8bf1dc1c90	7f0000	7f0000	10000	cbb
24.511439	a3a3d	5f8bf3d41c90	ab20	11	ccbabd	5f8bf3d35730	2b85	10000	7ffd87277390	2b85	5f8bf3d81ca0	5f8bf3d978d0	5f8bf0ac1c90	cb0000	ab1c	10000	0
24.520422	a39cc	296a1	2f90	11	1130c28	5f8bf3d35730	1ea3	10000	7ffd87277390	2b85	5f8bf3d81ca0	5f8bf3d978d0	5f8bef901c90	1120000	1120000	10000	3b3
24.530875	a39dd	2c89f	2f90	11	1649cf2	5f8bf3d35730	20a0	10000	7ffd87277390	2b85	5f8bf3d81ca0	5f8bf3d978d0	5f8bee441c90	1650000	1650000	10000	34c
24.540168	a39bc	33443	2f90	11	3a0d2f	5f8bf3d35730	2508	10000	7ffd87277390	2b85	5f8bf3d81ca0	5f8bf3d978d0	5f8bf2ec1c90	3b0000	3b0000	10000	32c
24.553953	15fcac7d71ec	5f8bf3cd1c30	ffffffffffffffa0	5	5f8bf3cd0010	5f8bf5b56350	10	8	7ffd87277220	28396097	1c	78	dd9bd55327923952	0	7ffd872772e0	a	5f8bf510c5d0
24.560567	a39bc	1caf9	2f90	10	dc6271	5f8bf3d35730	1604	10000	7ffd87277390	2b85	5f8bf3d81ca0	5f8bf3d978d0	5f8bf0641c90	dd0000	dd0000	10000	a3c
24.569333	a39dd	25f	2f90	9	122223d	5f8bf3d35730	31	10000	7ffd87277390	2b85	5f8bf3d81ca0	5f8bf3d978d0	5f8bef4c1c90	1230000	1230000	10000	2d5
24.578761	a39dd	25	2f90	5	16a69e6	5f8bf3d35730	6	10000	7ffd87277390	2b85	5f8bf3d81ca0	5f8bf3d978d0	5f8bee2c1c90	16b0000	16b0000	10000	486
24.589452	a39dd	ab73	2f90	f	4b9999	5f8bf3d35730	911	10000	7ffd87277390	2b85	5f8bf3d81ca0	5f8bf3d978d0	5f8bf2a81c90	4c0000	4c0000	10000	24e
24.596046	a39bc	1b551	2f90	10	7ed5e1	5f8bf3d35730	1521	10000	7ffd87277390	2b85	5f8bf3d81ca0	