seconds	bits	base_width	relation_target	polynomials	scanned_positions	candidates	relations	core_rows	core_columns	cofactor_le_base2	cofactor_le_base4	cofactor_larger	a_bits	target_a_bits	candidate_bits
0.011996	0	0	0	0	0	0	0	0	0	0	0	0	0	0	0
0.022837	0	0	0	0	0	0	0	0	0	0	0	0	0	0	0
0.033519	0	0	0	0	0	0	0	0	0	0	0	0	0	0	0
0.039783	0	0	0	0	0	0	0	0	0	0	0	0	0	0	0
0.049406	0	0	0	0	0	0	0	0	0	0	0	0	0	0	0
0.063648	0	0	0	0	0	0	0	0	0	0	0	0	0	0	0
0.072984	0	0	0	0	0	0	0	0	0	0	0	0	0	0	0
0.086190	0	0	0	0	0	0	0	0	0	0	0	0	0	0	0
0.096117	0	0	0	0	0	0	0	0	0	0	0	0	0	0	0
0.108854	0	0	0	0	0	0	0	0	0	0	0	0	0	0	0
0.116983	0	0	0	0	0	0	0	0	0	0	0	0	0	0	0
0.124081	0	0	0	0	0	0	0	0	0	0	0	0	0	0	0
0.135089	0	0	0	0	0	0	0	0	0	0	0	0	0	89	0
0.140698	0	0	0	0	0	0	0	0	0	0	0	0	0	89	0
0.154529	0	0	0	0	0	0	0	0	0	0	0	0	0	89	0
0.159986	0	0	0	0	0	0	0	0	0	0	0	0	0	89	0
0.165620	224	11141	11205	0	0	0	0	0	0	0	0	0	0	89	0
0.178792	224	11141	11205	0	0	0	0	0	0	0	0	0	0	89	0
0.186157	224	11141	11205	0	0	0	0	0	0	0	0	0	0	89	0
0.196130	224	11141	11205	0	0	0	0	0	0	0	0	0	0	89	0
0.204259	224	11141	11205	0	0	0	0	0	0	0	0	0	0	89	0
0.211685	224	11141	11205	0	0	0	0	0	0	0	0	0	0	89	0
0.219886	224	11141	11205	0	0	0	0	0	0	0	0	0	0	89	0
0.230384	224	11141	11205	0	0	0	0	0	0	0	0	0	0	89	0
0.236722	224	11141	11205	0	0	0	0	0	0	0	0	0	0	89	0
0.243130	224	11141	11205	0	0	0	0	0	0	0	0	0	0	89	0
0.253757	224	11141	11205	0	0	0	0	0	0	0	0	0	0	89	0
0.262015	224	11141	11205	0	0	0	0	0	0	0	0	0	0	89	0
0.267469	224	11141	11205	0	0	0	0	0	0	0	0	0	0	89	0
0.276292	224	11141	11205	0	0	0	0	0	0	0	0	0	0	89	0
0.284956	224	11141	11205	0	0	0	0	0	0	0	0	0	0	89	0
0.293095	224	11141	11205	0	0	0	0	0	0	0	0	0	0	89	0
0.308155	224	11141	11205	0	0	0	0	0	0	0	0	0	0	89	0
0.314879	224	11141	11205	0	0	0	0	0	0	0	0	0	0	89	0
0.329789	224	11141	11205	0	0	0	0	0	0	0	0	0	0	89	0
0.343825	224	11141	11205	0	0	0	0	0	0	0	0	0	0	89	0
0.352796	224	11141	11205	0	0	0	0	0	0	0	0	0	0	89	0
0.360461	224	11141	11205	0	0	0	0	0	0	0	0	0	0	89	0
0.374797	224	11141	11205	0	0	0	0	0	0	0	0	0	0	89	0
0.381064	224	11141	11205	0	0	0	0	0	0	0	0	0	0	89	0
0.392317	224	11141	11205	0	0	0	0	0	0	0	0	0	0	89	0
0.407264	224	11141	11205	0	0	0	0	0	0	0	0	0	0	89	0
0.417851	224	11141	11205	0	0	0	0	0	0	0	0	0	0	89	0
0.430469	224	11141	11205	0	0	0	0	0	0	0	0	0	0	89	0
0.439149	224	11141	11205	0	0	0	0	0	0	0	0	0	0	89	0
0.447046	224	11141	11205	0	0	0	0	0	0	0	0	0	0	89	0
0.452979	224	11141	11205	0	0	0	0	0	0	0	0	0	0	89	0
0.466389	224	11141	11205	0	0	0	0	0	0	0	0	0	0	89	0
0.476028	224	11141	11205	0	0	0	0	0	0	0	0	0	0	89	0
0.483922	224	11141	11205	0	0	0	0	0	0	0	0	0	0	89	0
0.497146	224	11141	11205	0	0	0	0	0	0	0	0	0	0	89	0
0.505242	224	11141	11205	0	0	0	0	0	0	0	0	0	0	89	0
0.513186	224	11141	11205	0	0	0	0	0	0	0	0	0	0	89	0
0.525310	224	11141	11205	0	0	0	0	0	0	0	0	0	0	89	0
0.537126	224	11141	11205	0	0	0	0	0	0	0	0	0	0	89	0
0.544194	224	11141	11205	0	0	0	0	0	0	0	0	0	0	89	0
0.550664	224	11141	11205	0	0	0	0	0	0	0	0	0	0	89	0
0.556956	224	11141	11205	0	0	0	0	0	0	0	0	0	0	89	0
0.569858	224	11141	11205	0	0	0	0	0	0	0	0	0	0	89	0
0.576675	224	11141	11205	0	0	0	0	0	0	0	0	0	0	89	0
0.587548	224	11141	11205	0	0	0	0	0	0	0	0	0	0	89	0
0.597968	224	11141	11205	0	0	0	0	0	0	0	0	0	0	89	0
0.608558	224	11141	11205	0	0	0	0	0	0	0	0	0	0	89	0
0.621142	224	11141	11205	0	0	0	0	0	0	0	0	0	0	89	0
0.626837	224	11141	11205	0	0	0	0	0	0	0	0	0	0	89	0
0.635067	224	11141	11205	0	0	0	0	0	0	0	0	0	0	89	0
0.640263	224	11141	11205	0	0	0	0	0	0	0	0	0	0	89	0
0.649799	224	11141	11205	0	0	0	0	0	0	0	0	0	0	89	0
0.657115	224	11141	11205	0	0	0	0	0	0	0	0	0	0	89	0
0.663442	224	11141	11205	0	0	0	0	0	0	0	0	0	0	89	0
0.671576	224	11141	11205	0	0	0	0	0	0	0	0	0	0	89	0
0.682908	224	11141	11205	0	0	0	0	0	0	0	0	0	0	89	0
0.689667	224	11141	11205	0	0	0	0	0	0	0	0	0	0	89	0
0.699512	224	11141	11205	0	0	0	0	0	0	0	0	0	0	89	0
0.707156	224	11141	11205	0	0	0	0	0	0	0	0	0	0	89	0
0.720908	224	11141	11205	0	0	0	0	0	0	0	0	0	0	89	0
0.730366	224	11141	11205	0	0	0	0	0	0	0	0	0	0	89	0
0.735702	224	11141	11205	0	0	0	0	0	0	0	0	0	0	89	0
0.749039	224	11141	11205	0	0	0	0	0	0	0	0	0	0	89	0
0.754918	224	11141	11205	0	0	0	0	0	0	0	0	0	0	89	0
0.767133	224	11141	11205	0	0	0	0	0	0	0	0	0	0	89	0
0.778120	224	11141	11205	0	0	0	0	0	0	0	0	0	0	89	0
0.793171	224	11141	11205	0	0	0	0	0	0	0	0	0	0	89	0
0.802491	224	11141	11205	0	0	0	0	0	0	0	0	0	0	89	0
0.815784	224	11141	11205	0	0	0	0	0	0	0	0	0	0	89	0
0.826850	224	11141	11205	0	0	0	0	0	0	0	0	0	0	89	0
0.834921	224	11141	11205	0	0	0	0	0	0	0	0	0	0	89	0
0.849003	224	11141	11205	0	0	0	0	0	0	0	0	0	0	89	0
0.857444	224	11141	11205	0	0	0	0	0	0	0	0	0	0	89	0
0.862848	224	11141	11205	0	0	0	0	0	0	0	0	0	0	89	0
0.868051	224	11141	11205	0	0	0	0	0	0	0	0	0	0	89	0
0.874841	224	11141	11205	0	0	0	0	0	0	0	0	0	0	89	0
0.880448	224	11141	11205	0	0	0	0	0	0	0	0	0	0	89	0
0.895459	224	11141	11205	0	0	0	0	0	0	0	0	0	0	89	0
0.906716	224	11141	11205	0	0	0	0	0	0	0	0	0	0	89	0
0.914952	224	11141	11205	0	0	0	0	0	0	0	0	0	0	89	0
0.925462	224	11141	11205	0	0	0	0	0	0	0	0	0	0	89	0
0.935946	224	11141	11205	0	0	0	0	0	0	0	0	0	0	89	0
0.944419	224	11141	11205	0	0	0	0	0	0	0	0	0	0	89	0
0.956392	224	11141	11205	0	0	0	0	0	0	0	0	0	0	89	0
0.968221	224	11141	11205	0	0	0	0	0	0	0	0	0	0	89	0
0.977989	224	11141	11205	0	0	0	0	0	0	0	0	0	0	89	0
0.984844	224	11141	11205	0	0	0	0	0	0	0	0	0	0	89	0
0.995984	224	11141	11205	0	0	0	0	0	0	0	0	0	0	89	0
1.002754	224	11141	11205	0	0	0	0	0	0	0	0	0	0	89	0
1.009799	224	11141	11205	0	0	0	0	0	0	0	0	0	0	89	0
1.015857	224	11141	11205	0	0	0	0	0	0	0	0	0	0	89	0
1.021514	224	11141	11205	0	0	0	0	0	0	0	0	0	0	89	0
1.034147	224	11141	11205	0	0	0	0	0	0	0	0	0	0	89	0
1.044227	224	11141	11205	0	0	0	0	0	0	0	0	0	0	89	0
1.051932	224	11141	11205	0	0	0	0	0	0	0	0	0	0	89	0
1.063751	224	11141	11205	0	0	0	0	0	0	0	0	0	0	89	0
1.076633	224	11141	11205	0	0	0	0	0	0	0	0	0	0	89	0
1.091406	224	11141	11205	0	0	0	0	0	0	0	0	0	0	89	0
1.106168	224	11141	11205	0	0	0	0	0	0	0	0	0	0	89	0
1.115870	224	11141	11205	0	0	0	0	0	0	0	0	0	0	89	0
1.126066	224	11141	11205	0	0	0	0	0	0	0	0	0	0	89	0
1.133966	224	11141	11205	0	0	0	0	0	0	0	0	0	0	89	0
1.143212	224	11141	11205	0	0	0	0	0	0	0	0	0	0	89	0
1.152367	224	11141	11205	0	0	0	0	0	0	0	0	0	0	89	0
1.165645	224	11141	11205	0	0	0	0	0	0	0	0	0	0	89	0
1.173042	224	11141	11205	0	0	0	0	0	0	0	0	0	0	89	0
1.180411	224	11141	11205	0	0	0	0	0	0	0	0	0	0	89	0
1.195511	224	11141	11205	0	0	0	0	0	0	0	0	0	0	89	0
1.203709	224	11141	11205	0	0	0	0	0	0	0	0	0	0	89	0
1.217186	224	11141	11205	0	0	0	0	0	0	0	0	0	0	89	0
1.229955	224	11141	11205	0	0	0	0	0	0	0	0	0	0	89	0
1.238439	224	11141	11205	0	0	0	0	0	0	0	0	0	0	89	0
1.246905	224	11141	11205	0	0	0	0	0	0	0	0	0	0	89	0
1.253209	224	11141	11205	0	0	0	0	0	0	0	0	0	0	89	0
1.266750	224	11141	11205	0	0	0	0	0	0	0	0	0	0	89	0
1.277787	224	11141	11205	0	0	0	0	0	0	0	0	0	0	89	0
1.286999	224	11141	11205	0	0	0	0	0	0	0	0	0	0	89	0
1.297591	224	11141	11205	0	0	0	0	0	0	0	0	0	0	89	0
1.306304	224	11141	11205	0	0	0	0	0	0	0	0	0	0	89	0
1.321137	224	11141	11205	0	0	0	0	0	0	0	0	0	0	89	0
1.331087	224	11141	11205	0	0	0	0	0	0	0	0	0	0	89	0
1.337110	224	11141	11205	0	0	0	0	0	0	0	0	0	0	89	0
1.351911	224	11141	11205	0	0	0	0	0	0	0	0	0	0	89	0
1.363261	224	11141	11205	0	0	0	0	0	0	0	0	0	0	89	0
1.369909	224	11141	11205	0	0	0	0	0	0	0	0	0	0	89	0
1.384668	224	11141	11205	0	0	0	0	0	0	0	0	0	0	89	0
1.398552	224	11141	11205	0	0	0	0	0	0	0	0	0	0	89	0
1.413678	224	11141	11205	0	0	0	0	0	0	0	0	0	0	89	0
1.420049	224	11141	11205	0	0	0	0	0	0	0	0	0	0	89	0
1.431849	224	11141	11205	0	0	0	0	0	0	0	0	0	0	89	0
1.444810	224	11141	11205	0	0	0	0	0	0	0	0	0	0	89	0
1.453120	224	11141	11205	0	0	0	0	0	0	0	0	0	0	89	0
1.467352	224	11141	11205	0	0	0	0	0	0	0	0	0	0	89	0
1.480695	224	11141	11205	0	0	0	0	0	0	0	0	0	0	89	0
1.488533	224	11141	11205	0	0	0	0	0	0	0	0	0	0	89	0
1.494929	224	11141	11205	0	0	0	0	0	0	0	0	0	0	89	0
1.506421	224	11141	11205	0	0	0	0	0	0	0	0	0	0	89	0
1.517322	224	11141	11205	0	0	0	0	0	0	0	0	0	0	89	0
1.525736	224	11141	11205	0	0	0	0	0	0	0	0	0	0	89	0
1.540122	224	11141	11205	0	0	0	0	0	0	0	0	0	0	89	0
1.550897	224	11141	11205	0	0	0	0	0	0	0	0	0	0	89	0
1.556355	224	11141	11205	0	0	0	0	0	0	0	0	0	0	89	0
1.562515	224	11141	11205	0	0	0	0	0	0	0	0	0	0	89	0
1.569936	224	11141	11205	0	0	0	0	0	0	0	0	0	0	89	0
1.577169	224	11141	11205	0	0	0	0	0	0	0	0	0	0	89	0
1.586162	224	11141	11205	0	0	0	0	0	0	0	0	0	0	89	0
1.600726	224	11141	11205	0	0	0	0	0	0	0	0	0	0	89	0
1.610586	224	11141	11205	0	0	0	0	0	0	0	0	0	0	89	0
1.623356	224	11141	11205	0	0	0	0	0	0	0	0	0	0	89	0
1.631418	224	11141	11205	0	0	0	0	0	0	0	0	0	0	89	0
1.641603	224	11141	11205	0	0	0	0	0	0	0	0	0	0	89	0
1.655593	224	11141	11205	0	0	0	0	0	0	0	0	0	0	89	0
1.669805	224	11141	11205	0	0	0	0	0	0	0	0	0	0	89	0
1.675756	224	11141	11205	0	0	0	0	0	0	0	0	0	0	89	0
1.690700	224	11141	11205	0	0	0	0	0	0	0	0	0	0	89	0
1.698864	224	11141	11205	0	0	0	0	0	0	0	0	0	0	89	0
1.713485	224	11141	11205	0	0	0	0	0	0	0	0	0	0	89	0
1.728368	224	11141	11205	0	0	0	0	0	0	0	0	0	0	89	0
1.737007	224	11141	11205	0	0	0	0	0	0	0	0	0	0	89	0
1.746343	224	11141	11205	0	0	0	0	0	0	0	0	0	0	89	0
1.753418	224	11141	11205	0	0	0	0	0	0	0	0	0	0	89	0
1.768409	224	11141	11205	0	0	0	0	0	0	0	0	0	0	89	0
1.779213	224	11141	11205	0	0	0	0	0	0	0	0	0	0	89	0
1.792694	224	11141	11205	0	0	0	0	0	0	0	0	0	0	89	0
1.798087	224	11141	11205	0	0	0	0	0	0	0	0	0	0	89	0
1.805801	224	11141	11205	0	0	0	0	0	0	0	0	0	0	89	0
1.820816	224	11141	11205	0	0	0	0	0	0	0	0	0	0	89	0
1.827795	224	11141	11205	0	0	0	0	0	0	0	0	0	0	89	0
1.839794	224	11141	11205	0	0	0	0	0	0	0	0	0	0	89	0
1.846693	224	11141	11205	0	0	0	0	0	0	0	0	0	0	89	0
1.859930	224	11141	11205	0	0	0	0	0	0	0	0	0	0	89	0
1.872320	224	11141	11205	0	0	0	0	0	0	0	0	0	0	89	0
1.881888	224	11141	11205	0	0	0	0	0	0	0	0	0	0	89	0
1.896162	224	11141	11205	0	0	0	0	0	0	0	0	0	0	89	0
1.908492	224	11141	11205	0	0	0	0	0	0	0	0	0	0	89	0
1.916371	224	11141	11205	0	0	0	0	0	0	0	0	0	0	89	0
1.929514	224	11141	11205	0	0	0	0	0	0	0	0	0	0	89	0
1.942589	224	11141	11205	0	0	0	0	0	0	0	0	0	0	89	0
1.953874	224	11141	11205	0	0	0	0	0	0	0	0	0	0	89	0
1.963400	224	11141	11205	0	0	0	0	0	0	0	0	0	0	89	0
1.975233	224	11141	11205	0	0	0	0	0	0	0	0	0	0	89	0
1.980935	224	11141	11205	0	0	0	0	0	0	0	0	0	0	89	0
1.987782	224	11141	11205	0	0	0	0	0	0	0	0	0	0	89	0
2.000374	224	11141	11205	0	0	0	0	0	0	0	0	0	0	89	0
2.009964	224	11141	11205	0	0	0	0	0	0	0	0	0	0	89	0
2.024613	224	11141	11205	0	0	0	0	0	0	0	0	0	0	89	0
2.030490	224	11141	11205	0	0	0	0	0	0	0	0	0	0	89	0
2.041130	224	11141	11205	0	0	0	0	0	0	0	0	0	0	89	0
2.052120	224	11141	11205	0	0	0	0	0	0	0	0	0	0	89	0
2.062290	224	11141	11205	0	0	0	0	0	0	0	0	0	0	89	0
2.073961	224	11141	11205	0	0	0	0	0	0	0	0	0	0	89	0
2.084609	224	11141	11205	0	0	0	0	0	0	0	0	0	0	89	0
2.096314	224	11141	11205	0	0	0	0	0	0	0	0	0	0	89	0
2.102933	224	11141	11205	0	0	0	0	0	0	0	0	0	0	89	0
2.108479	224	11141	11205	0	0	0	0	0	0	0	0	0	0	89	0
2.118884	224	11141	11205	0	0	0	0	0	0	0	0	0	0	89	0
2.131006	224	11141	11205	0	0	0	0	0	0	0	0	0	0	89	0
2.139518	224	11141	11205	0	0	0	0	0	0	0	0	0	0	89	0
2.152986	224	11141	11205	0	0	0	0	0	0	0	0	0	0	89	0
2.163460	224	11141	11205	0	0	0	0	0	0	0	0	0	0	89	0
2.178267	224	11141	11205	0	0	0	0	0	0	0	0	0	0	89	0
2.185809	224	11141	11205	0	0	0	0	0	0	0	0	0	0	89	0
2.200875	224	11141	11205	0	0	0	0	0	0	0	0	0	0	89	0
2.212653	224	11141	11205	0	0	0	0	0	0	0	0	0	0	89	0
2.219174	224	11141	11205	0	0	0	0	0	0	0	0	0	0	89	0
2.233697	224	11141	11205	0	0	0	0	0	0	0	0	0	0	89	0
2.242960	224	11141	11205	0	0	0	0	0	0	0	0	0	0	89	0
2.258105	224	11141	11205	0	0	0	0	0	0	0	0	0	0	89	0
2.268999	224	11141	11205	0	0	0	0	0	0	0	0	0	0	89	0
2.280039	224	11141	11205	0	0	0	0	0	0	0	0	0	0	89	0
2.293624	224	11141	11205	0	0	0	0	0	0	0	0	0	0	89	0
2.302678	224	11141	11205	0	0	0	0	0	0	0	0	0	0	89	0
2.315657	224	11141	11205	0	0	0	0	0	0	0	0	0	0	89	0
2.327103	224	11141	11205	0	0	0	0	0	0	0	0	0	0	89	0
2.335032	224	11141	11205	0	0	0	0	0	0	0	0	0	0	89	0
2.344763	224	11141	11205	0	0	0	0	0	0	0	0	0	0	89	0
2.353551	224	11141	11205	0	0	0	0	0	0	0	0	0	0	89	0
2.367236	224	11141	11205	0	0	0	0	0	0	0	0	0	0	89	0
2.377777	224	11141	11205	0	0	0	0	0	0	0	0	0	0	89	0
2.386563	224	11141	11205	0	0	0	0	0	0	0	0	0	0	89	0
2.394055	224	11141	11205	0	0	0	0	0	0	0	0	0	0	89	0
2.409156	224	11141	11205	0	0	0	0	0	0	0	0	0	0	89	0
2.418945	224	11141	11205	0	0	0	0	0	0	0	0	0	0	89	0
2.427840	224	11141	11205	0	0	0	0	0	0	0	0	0	0	89	0
2.441466	224	11141	11205	0	0	0	0	0	0	0	0	0	0	89	0
2.446900	224	11141	11205	0	0	0	0	0	0	0	0	0	0	89	0
2.461763	224	11141	11205	0	0	0	0	0	0	0	0	0	0	89	0
2.468399	224	11141	11205	0	0	0	0	0	0	0	0	0	0	89	0
2.474374	224	11141	11205	0	0	0	0	0	0	0	0	0	0	89	0
2.485845	224	11141	11205	0	0	0	0	0	0	0	0	0	0	89	0
2.492442	224	11141	11205	0	0	0	0	0	0	0	0	0	0	89	0
2.504272	224	11141	11205	0	0	0	0	0	0	0	0	0	0	89	0
2.515096	224	11141	11205	0	0	0	0	0	0	0	0	0	0	89	0
2.523209	224	11141	11205	0	0	0	0	0	0	0	0	0	0	89	0
2.532477	224	11141	11205	0	0	0	0	0	0	0	0	0	0	89	0
2.546407	224	11141	11205	0	0	0	0	0	0	0	0	0	0	89	0
2.558373	224	11141	11205	0	0	0	0	0	0	0	0	0	0	89	0
2.567578	224	11141	11205	0	0	0	0	0	0	0	0	0	0	89	0
2.577123	224	11141	11205	0	0	0	0	0	0	0	0	0	0	89	0
2.591745	224	11141	11205	0	0	0	0	0	0	0	0	0	0	89	0
2.605252	224	11141	11205	0	0	0	0	0	0	0	0	0	0	89	0
2.614325	224	11141	11205	0	0	0	0	0	0	0	0	0	0	89	0
2.627214	224	11141	11205	0	0	0	0	0	0	0	0	0	0	89	0
2.635646	224	11141	11205	0	0	0	0	0	0	0	0	0	0	89	0
2.641234	224	11141	11205	0	0	0	0	0	0	0	0	0	0	89	0
2.650889	224	11141	11205	0	0	0	0	0	0	0	0	0	0	89	0
2.658505	224	11141	11205	0	0	0	0	0	0	0	0	0	0	89	0
2.666662	224	11141	11205	1	1441792	1	0	0	0	1	0	0	89	89	135
2.673862	224	11141	11205	1	4390912	1	0	0	0	1	0	0	89	89	135
2.685734	224	11141	11205	1	10027008	1	0	0	0	1	0	0	89	89	135
2.692574	224	11141	11205	1	12713984	4	1	0	0	3	0	0	89	89	135
2.700179	224	11141	11205	1	16056320	6	1	0	0	5	0	0	89	89	135
2.710549	224	11141	11205	1	20381696	9	2	0	0	7	0	0	89	89	133
2.723522	224	11141	11205	2	26162689	13	2	0	0	11	0	0	89	89	134
2.733807	224	11141	11205	2	31077889	14	3	0	0	11	0	0	89	89	134
2.745223	224	11141	11205	2	36517377	18	4	0	0	14	0	0	89	89	135
2.760399	224	11141	11205	2	43726337	21	5	0	0	16	0	0	89	89	133
2.769690	224	11141	11205	3	48000002	21	5	0	0	16	0	0	89	89	133
2.781346	224	11141	11205	3	53701634	21	5	0	0	16	0	0	89	89	133
2.789501	224	11141	11205	3	57240578	22	5	0	0	17	0	0	89	89	135
2.796320	224	11141	11205	3	60189698	23	5	0	0	18	0	0	89	89	135
2.801518	224	11141	11205	3	61893634	24	5	0	0	19	0	0	89	89	135
2.809180	224	11141	11205	3	65301506	25	5	0	0	20	0	0	89	89	135
2.822046	224	11141	11205	3	69954562	27	5	0	0	22	0	0	89	89	133
2.836468	224	11141	11205	4	76128771	29	6	0	0	23	0	0	89	89	134
2.841881	224	11141	11205	4	78881283	29	6	0	0	23	0	0	89	89	134
2.851767	224	11141	11205	4	83403267	30	6	0	0	24	0	0	89	89	135
2.866445	224	11141	11205	4	90219011	34	6	0	0	28	0	0	89	89	135
2.877241	224	11141	11205	4	95396355	35	6	0	0	29	0	0	89	89	133
2.889792	224	11141	11205	5	101373956	37	6	0	0	31	0	0	89	89	135
2.898898	224	11141	11205	5	105109508	41	6	0	0	35	0	0	89	89	135
2.904782	224	11141	11205	5	108058628	41	6	0	0	35	0	0	89	89	135
2.914765	224	11141	11205	5	112908292	45	6	0	0	39	0	0	89	89	135
2.928400	224	11141	11205	5	119330820	46	6	0	0	40	0	0	89	89	134
2.939021	224	11141	11205	6	124128773	47	6	0	0	41	0	0	89	89	135
2.949346	224	11141	11205	6	128912901	51	6	0	0	45	0	0	89	89	135
2.961917	224	11141	11205	6	134614533	58	7	0	0	51	0	0	89	89	135
2.967166	224	11141	11205	6	137235973	59	7	0	0	52	0	0	89	89	135
2.977281	224	11141	11205	6	141823493	60	7	0	0	53	0	0	89	89	134
2.986805	224	11141	11205	7	146097158	60	7	0	0	53	0	0	89	89	134
2.993700	224	11141	11205	7	149505030	60	7	0	0	53	0	0	89	89	134
2.999537	224	11141	11205	7	152323078	62	7	0	0	55	0	0	89	89	135
3.009639	224	11141	11205	7	157238278	66	8	0	0	58	0	0	89	89	135
3.018604	224	11141	11205	7	161170438	67	8	0	0	59	0	0	89	89	135
3.032837	224	11141	11205	7	167920646	68	8	0	0	60	0	0	89	89	135
3.045979	224	11141	11205	8	174160391	69	8	0	0	61	0	0	89	89	135
3.059778	224	11141	11205	8	181107207	70	8	0	0	62	0	0	89	89	135
3.069178	224	11141	11205	8	185563655	71	9	0	0	62	0	0	89	89	135
3.079100	224	11141	11205	8	190282247	72	9	0	0	63	0	0	89	89	134
3.087503	224	11141	11205	9	193966088	73	9	0	0	64	0	0	89	89	135
3.101126	224	11141	11205	9	200585224	76	9	0	0	67	0	0	89	89	135
3.107415	224	11141	11205	9	203665416	76	9	0	0	67	0	0	89	89	135
3.117820	224	11141	11205	9	208449544	77	9	0	0	68	0	0	89	89	135
3.129195	224	11141	11205	9	213823496	78	9	0	0	69	0	0	89	89	134
3.140279	224	11141	11205	10	219014665	80	9	0	0	71	0	0	89	89	135
3.153786	224	11141	11205	10	225109513	84	10	0	0	74	0	0	89	89	135
3.163893	224	11141	11205	10	229893641	85	10	0	0	75	0	0	89	89	135
3.172882	224	11141	11205	10	234350089	88	10	0	0	78	0	0	89	89	135
3.186340	224	11141	11205	11	240720906	89	11	0	0	78	0	0	89	89	135
3.195932	224	11141	11205	11	244980746	92	12	0	0	80	0	0	89	89	132
3.204858	224	11141	11205	11	249240586	94	12	0	0	82	0	0	89	89	134
3.210806	224	11141	11205	11	251993098	94	12	0	0	82	0	0	89	89	134
3.218413	224	11141	11205	11	255663114	96	12	0	0	84	0	0	89	89	135
3.230173	224	11141	11205	11	260905994	100	13	0	0	87	0	0	89	89	132
3.242859	224	11141	11205	12	266883595	100	13	0	0	87	0	0	89	89	132
3.253574	224	11141	11205	12	271929867	100	13	0	0	87	0	0	89	89	132
3.262209	224	11141	11205	12	276058635	105	14	0	0	91	0	0	89	89	135
3.274867	224	11141	11205	12	281956875	108	15	0	0	93	0	0	89	89	135
3.285743	224	11141	11205	12	287199755	109	16	0	0	93	0	0	89	89	135
3.300368	224	11141	11205	13	294029324	111	16	0	0	95	0	0	89	89	132
3.309914	224	11141	11205	13	298747916	113	16	0	0	97	0	0	89	89	135
3.324959	224	11141	11205	13	305956876	116	17	0	0	99	0	0	89	89	135
3.339087	224	11141	11205	14	312589837	117	17	0	0	100	0	0	89	89	134
3.348032	224	11141	11205	14	316784141	120	17	0	0	103	0	0	89	89	135
3.356185	224	11141	11205	14	320847373	120	17	0	0	103	0	0	89	89	135
3.368401	224	11141	11205	14	325500429	122	17	0	0	105	0	0	89	89	135
3.381911	224	11141	11205	14	331857421	124	17	0	0	107	0	0	89	89	135
3.387746	224	11141	11205	14	334675469	125	17	0	0	108	0	0	89	89	133
3.398293	224	11141	11205	15	339473422	130	18	0	0	112	0	0	89	89	134
3.409896	224	11141	11205	15	345175054	133	18	0	0	115	0	0	89	89	135
3.415836	224	11141	11205	15	347993102	134	18	0	0	116	0	0	89	89	135
3.421046	224	11141	11205	15	350483470	136	19	0	0	117	0	0	89	89	135
3.427111	224	11141	11205	15	353432590	137	19	0	0	118	0	0	89	89	135
3.441149	224	11141	11205	16	360131087	138	19	0	0	119	0	0	89	89	134
3.452715	224	11141	11205	16	365832719	139	19	0	0	120	0	0	89	89	133
3.466781	224	11141	11205	16	372713999	140	19	0	0	121	0	0	89	89	135
3.479863	224	11141	11205	16	379267599	141	19	0	0	122	0	0	89	89	134
3.492360	224	11141	11205	17	384983056	148	21	0	0	126	0	0	89	89	135
3.504510	224	11141	11205	17	391012368	148	21	0	0	127	0	0	89	89	135
3.510693	224	11141	11205	17	393961488	149	21	0	0	128	0	0	89	89	135
3.517157	224	11141	11205	17	397107216	149	21	0	0	128	0	0	89	89	135
3.524856	224	11141	11205	17	400842768	153	21	0	0	132	0	0	89	89	135
3.532243	224	11141	11205	17	404512784	154	21	0	0	133	0	0	89	89	134
3.543376	224	11141	11205	18	409835025	156	21	0	0	135	0	0	89	89	135
3.558497	224	11141	11205	18	417502737	158	21	0	0	137	0	0	89	89	135
3.566102	224	11141	11205	18	421172753	159	21	0	0	138	0	0	89	89	135
3.581072	224	11141	11205	18	428578321	159	21	0	0	138	0	0	89	89	135
3.587773	224	11141	11205	18	431855121	162	21	0	0	141	0	0	89	89	134
3.595412	224	11141	11205	19	435211282	166	21	0	0	145	0	0	89	89	133
3.608719	224	11141	11205	19	441895954	169	22	0	0	147	0	0	89	89	135
3.616969	224	11141	11205	19	445762578	170	22	0	0	148	0	0	89	89	135
3.631361	224	11141	11205	19	452906002	170	22	0	0	148	0	0	89	89	135
3.644794	224	11141	11205	20	459080211	172	23	0	0	149	0	0	89	89	135
3.657380	224	11141	11205	20	465306131	172	23	0	0	149	0	0	89	89	135
3.672210	224	11141	11205	20	472515091	174	23	0	0	151	0	0	89	89	135
3.678039	224	11141	11205	20	475267603	178	23	0	0	155	0	0	89	89	134
3.685223	224	11141	11205	20	478872083	178	23	0	0	155	0	0	89	89	134
3.694302	224	11141	11205	21	482949140	180	24	0	0	156	0	0	89	89	134
3.701697	224	11141	11205	21	486619156	181	25	0	0	156	0	0	89	89	134
3.707518	224	11141	11205	21	489437204	183	25	0	0	158	0	0	89	89	135
3.713407	224	11141	11205	21	492189716	183	25	0	0	158	0	0	89	89	135
3.727168	224	11141	11205	21	498939924	185	25	0	0	160	0	0	89	89	135
3.733187	224	11141	11205	21	501889044	187	25	0	0	162	0	0	89	89	134
3.739143	224	11141	11205	22	504589845	187	25	0	0	162	0	0	89	89	134
3.749777	224	11141	11205	22	509701653	190	25	0	0	165	0	0	89	89	134
3.756690	224	11141	11205	22	513043989	190	25	0	0	165	0	0	89	89	134
3.770407	224	11141	11205	22	519728661	193	25	0	0	168	0	0	89	89	135
3.776504	224	11141	11205	22	522612245	196	26	0	0	170	0	0	89	89	134
3.790457	224	11141	11205	23	529048598	201	27	0	0	174	0	0	89	89	135
3.800521	224	11141	11205	23	533963798	201	27	0	0	174	0	0	89	89	135
3.805950	224	11141	11205	23	536650774	202	27	0	0	175	0	0	89	89	135
3.814870	224	11141	11205	23	541107222	204	27	0	0	177	0	0	89	89	135
3.826649	224	11141	11205	23	546874390	207	28	0	0	179	0	0	89	89	135
3.834241	224	11141	11205	23	550609942	207	28	0	0	179	0	0	89	89	135
3.848599	224	11141	11205	24	557308439	210	28	0	0	182	0	0	89	89	133
3.854751	224	11141	11205	24	560388631	211	28	0	0	183	0	0	89	89	135
3.859930	224	11141	11205	24	562878999	214	28	0	0	186	0	0	89	89	135
3.867488	224	11141	11205	24	565762583	214	28	0	0	186	0	0	89	89	135
3.875131	224	11141	11205	24	569432599	214	28	0	0	186	0	0	89	89	135
3.882645	224	11141	11205	24	572840471	214	28	0	0	186	0	0	89	89	135
3.894160	224	11141	11205	25	578293784	217	28	0	0	189	0	0	89	89	135
3.901336	224	11141	11205	25	581701656	219	29	0	0	190	0	0	89	89	134
3.907435	224	11141	11205	25	584585240	222	30	0	0	192	0	0	89	89	135
3.921883	224	11141	11205	25	591728664	227	30	0	0	197	0	0	89	89	135
3.934494	224	11141	11205	25	597823512	229	31	0	0	198	0	0	89	89	134
3.948372	224	11141	11205	26	604456473	233	33	0	0	200	0	0	89	89	133
3.959395	224	11141	11205	26	609830425	235	33	0	0	202	0	0	89	89	135
3.970039	224	11141	11205	26	614876697	239	34	0	0	205	0	0	89	89	135
3.980014	224	11141	11205	26	619726361	242	34	0	0	208	0	0	89	89	133
3.992396	224	11141	11205	27	625245210	244	34	0	0	210	0	0	89	89	135
3.997900	224	11141	11205	27	627932186	245	34	0	0	211	0	0	89	89	135
4.008077	224	11141	11205	27	632912922	247	34	0	0	213	0	0	89	89	134
4.022743	224	11141	11205	27	640318490	249	35	0	0	214	0	0	89	89	135
4.037743	224	11141	11205	27	647461914	251	35	0	0	216	0	0	89	89	135
4.043074	224	11141	11205	28	649900571	251	35	0	0	216	0	0	89	89	135
4.056260	224	11141	11205	28	656257563	254	35	0	0	219	0	0	89	89	134
4.062519	224	11141	11205	28	659141147	256	35	0	0	221	0	0	89	89	135
4.069751	224	11141	11205	28	662680091	257	36	0	0	221	0	0	89	89	135
4.078937	224	11141	11205	28	667071003	261	38	0	0	223	0	0	89	89	134
4.088667	224	11141	11205	28	671920667	261	38	0	0	223	0	0	89	89	134
4.101609	224	11141	11205	29	677767196	264	39	0	0	225	0	0	89	89	134
4.110494	224	11141	11205	29	682092572	265	40	0	0	225	0	0	89	89	134
4.117059	224	11141	11205	29	685303836	266	40	0	0	226	0	0	89	89	135
4.123361	224	11141	11205	29	688515100	267	40	0	0	227	0	0	89	89	135
4.131032	224	11141	11205	29	692250652	269	41	0	0	228	0	0	89	89	133
4.141541	224	11141	11205	30	697179677	271	41	0	0	230	0	0	89	89	135
4.148613	224	11141	11205	30	700522013	272	41	0	0	231	0	0	89	89	134
4.158203	224	11141	11205	30	705371677	274	41	0	0	233	0	0	89	89	135
4.168983	224	11141	11205	30	710614557	278	42	0	0	236	0	0	89	89	135
4.184087	224	11141	11205	30	718216733	281	42	0	0	239	0	0	89	89	134
4.193985	224	11141	11205	31	722752542	282	42	0	0	240	0	0	89	89	134
4.203316	224	11141	11205	31	727274526	284	42	0	0	242	0	0	89	89	134
4.215736	224	11141	11205	31	733434910	285	42	0	0	243	0	0	89	89	135
4.224478	224	11141	11205	31	737694750	286	42	0	0	244	0	0	89	89	135
4.231802	224	11141	11205	31	741364766	286	42	0	0	244	0	0	89	89	135
4.239618	224	11141	11205	32	744851999	287	42	0	0	245	0	0	89	89	135
4.245597	224	11141	11205	32	747670047	287	42	0	0	245	0	0	89	89	135
4.253179	224	11141	11205	32	751405599	287	42	0	0	245	0	0	89	89	135
4.266583	224	11141	11205	32	757893663	289	42	0	0	247	0	0	89	89	135
4.278800	224	11141	11205	32	764054047	289	42	0	0	247	0	0	89	89	135
4.289283	224	11141	11205	33	768917536	292	42	0	0	249	0	0	89	89	135
4.302474	224	11141	11205	33	775143456	294	42	0	0	252	0	0	89	89	134
4.317505	224	11141	11205	33	782549024	295	42	0	0	253	0	0	89	89	135
4.328448	224	11141	11205	33	787922976	296	42	0	0	254	0	0	89	89	135
4.336670	224	11141	11205	33	791855136	298	43	0	0	255	0	0	89	89	135
4.346143	224	11141	11205	34	796259873	298	43	0	0	255	0	0	89	89	135
4.352079	224	11141	11205	34	799143457	298	43	0	0	255	0	0	89	89	135
4.358563	224	11141	11205	34	802354721	300	43	0	0	257	0	0	89	89	135
4.365730	224	11141	11205	34	805631521	301	43	0	0	258	0	0	89	89	135
4.373451	224	11141	11205	34	809498145	301	43	0	0	258	0	0	89	89	135
4.381276	224	11141	11205	34	813168161	303	45	0	0	258	0	0	89	89	130
4.392391	224	11141	11205	35	818424866	306	45	0	0	261	0	0	89	89	135
4.402421	224	11141	11205	35	823143458	309	45	0	0	264	0	0	89	89	134
4.413120	224	11141	11205	35	828451874	310	45	0	0	265	0	0	89	89	135
4.421763	224	11141	11205	35	832711714	311	45	0	0	266	0	0	89	89	135
4.434599	224	11141	11205	35	839068706	314	46	0	0	268	0	0	89	89	135
4.442187	224	11141	11205	36	842490403	314	46	0	0	268	0	0	89	89	135
4.451178	224	11141	11205	36	846946851	315	46	0	0	269	0	0	89	89	134
4.466118	224	11141	11205	36	854221347	316	46	0	0	270	0	0	89	89	135
4.475763	224	11141	11205	36	859005475	316	46	0	0	270	0	0	89	89	135
4.485895	224	11141	11205	36	863855139	318	47	0	0	271	0	0	89	89	135
4.499344	224	11141	11205	37	869898276	321	47	0	0	274	0	0	89	89	134
4.510727	224	11141	11205	37	875403300	324	47	0	0	277	0	0	89	89	135
4.524731	224	11141	11205	37	882415652	327	47	0	0	280	0	0	89	89	135
4.530765	224	11141	11205	37	885168164	330	50	0	0	280	0	0	89	89	132
4.541396	224	11141	11205	38	890031653	331	50	0	0	281	0	0	89	89	135
4.550295	224	11141	11205	38	894488101	332	50	0	0	282	0	0	89	89	134
4.565022	224	11141	11205	38	901631525	335	50	0	0	285	0	0	89	89	135
4.577491	224	11141	11205	38	907660837	340	51	0	0	289	0	0	89	89	134
4.592633	224	11141	11205	39	914949158	343	52	0	0	291	0	0	89	89	134
4.604660	224	11141	11205	39	920912934	346	52	0	0	294	0	0	89	89	135
4.609832	224	11141	11205	39	923337766	349	52	0	0	297	0	0	89	89	135
4.624914	224	11141	11205	39	930808870	352	53	0	0	299	0	0	89	89	135
4.630958	224	11141	11205	39	933823526	352	53	0	0	299	0	0	89	89	135
4.640187	224	11141	11205	40	938097191	353	53	0	0	300	0	0	89	89	136
4.647702	224	11141	11205	40	941701671	353	53	0	0	300	0	0	89	89	136
4.654633	224	11141	11205	40	945109543	355	53	0	0	302	0	0	89	89	135
4.668472	224	11141	11205	40	951597607	362	54	0	0	308	0	0	89	89	135
4.673868	224	11141	11205	40	954153511	365	54	0	0	311	0	0	89	89	134
4.686544	224	11141	11205	41	960000040	367	55	0	0	312	0	0	89	89	135
4.691789	224	11141	11205	41	962555944	369	55	0	0	314	0	0	89	89	134
4.702153	224	11141	11205	41	967733288	369	55	0	0	314	0	0	89	89	134
4.708889	224	11141	11205	41	971075624	370	55	0	0	315	0	0	89	89	135
4.721808	224	11141	11205	41	977563688	370	55	0	0	315	0	0	89	89	135
4.730604	224	11141	11205	41	981692456	372	57	0	0	315	0	0	89	89	134
4.735820	224	11141	11205	42	984000041	372	57	0	0	315	0	0	89	89	134
4.742085	224	11141	11205	42	987014697	373	57	0	0	316	0	0	89	89	133
4.749274	224	11141	11205	42	990422569	376	58	0	0	318	0	0	89	89	134
4.764284	224	11141	11205	42	997828137	382	58	0	0	324	0	0	89	89	135
4.777710	224	11141	11205	42	1004578345	382	58	0	0	324	0	0	89	89	135
4.786423	224	11141	11205	43	1008655402	383	58	0	0	325	0	0	89	89	135
4.800786	224	11141	11205	43	1015798826	388	61	0	0	327	0	0	89	89	135
4.814628	224	11141	11205	43	1022286890	394	63	0	0	331	0	0	89	89	135
4.827124	224	11141	11205	43	1028447274	398	63	0	0	335	0	0	89	89	135
4.836436	224	11141	11205	44	1032458795	398	63	0	0	335	0	0	89	89	135
4.851082	224	11141	11205	44	1039274539	400	63	0	0	337	0	0	89	89	134
4.859686	224	11141	11205	44	1043272235	400	63	0	0	337	0	0	89	89	134
4.871654	224	11141	11205	44	1048580651	402	63	0	0	339	0	0	89	89	135
4.882009	224	11141	11205	44	1053037099	405	66	0	0	339	0	0	89	89	130
4.888692	224	11141	11205	45	1056000044	406	66	0	0	340	0	0	89	89	134
4.895302	224	11141	11205	45	1058621484	408	66	0	0	342	0	0	89	89	134
4.908111	224	11141	11205	45	1064519724	408	66	0	0	342	0	0	89	89	134
4.913987	224	11141	11205	45	1067075628	408	66	0	0	342	0	0	89	89	134
4.927300	224	11141	11205	45	1073432620	410	66	0	0	344	0	0	89	89	135
4.940026	224	11141	11205	45	1079593004	414	66	0	0	348	0	0	89	89	135
4.950428	224	11141	11205	46	1084390957	417	66	0	0	351	0	0	89	89	132
4.963409	224	11141	11205	46	1090616877	422	67	0	0	355	0	0	89	89	135
4.970255	224	11141	11205	46	1094024749	424	67	0	0	357	0	0	89	89	135
4.983344	224	11141	11205	46	1100381741	428	68	0	0	360	0	0	89	89	133
4.988686	224	11141	11205	46	1103003181	429	68	0	0	361	0	0	89	89	133
4.997331	224	11141	11205	47	1106883630	431	68	0	0	363	0	0	89	89	135
5.005878	224	11141	11205	47	1110946862	432	68	0	0	364	0	0	89	89	135
5.018649	224	11141	11205	47	1116845102	435	68	0	0	367	0	0	89	89	135
5.032345	224	11141	11205	47	1122743342	438	68	0	0	370	0	0	89	89	135
5.042602	224	11141	11205	47	1127199790	443	69	0	0	374	0	0	89	89	135
5.052365	224	11141	11205	48	1131538991	444	69	0	0	375	0	0	89	89	134
5.064221	224	11141	11205	48	1136912943	444	69	0	0	375	0	0	89	89	134
5.076409	224	11141	11205	48	1142876719	447	69	0	0	378	0	0	89	89	135
5.089317	224	11141	11205	48	1149168175	449	70	0	0	379	0	0	89	89	135
5.104137	224	11141	11205	49	1156063280	451	70	0	0	381	0	0	89	89	135
5.114311	224	11141	11205	49	1161109552	451	70	0	0	381	0	0	89	89	135
5.120616	224	11141	11205	49	1163993136	452	70	0	0	382	0	0	89	89	135
5.133592	224	11141	11205	49	1169498160	458	72	0	0	386	0	0	89	89	135
5.140492	224	11141	11205	49	1172447280	459	72	0	0	387	0	0	89	89	134
5.154343	224	11141	11205	50	1177966129	462	73	0	0	389	0	0	89	89	135
5.160860	224	11141	11205	50	1180653105	462	73	0	0	389	0	0	89	89	135
5.167071	224	11141	11205	50	1183274545	463	73	0	0	390	0	0	89	89	134
5.175907	224	11141	11205	50	1187534385	466	74	0	0	392	0	0	89	89	135
5.187439	224	11141	11205	50	1193170481	471	75	0	0	396	0	0	89	89	135
5.193314	224	11141	11205	50	1196119601	472	75	0	0	397	0	0	89	89	134
5.198852	224	11141	11205	50	1198609969	473	76	0	0	397	0	0	89	89	134
5.212090	224	11141	11205	51	1204784178	476	76	0	0	400	0	0	89	89	133
5.224645	224	11141	11205	51	1210747954	481	78	0	0	403	0	0	89	89	135
5.233456	224	11141	11205	51	1214745650	483	78	0	0	405	0	0	89	89	135
5.247394	224	11141	11205	51	1221495858	485	79	0	0	406	0	0	89	89	134
5.261297	224	11141	11205	52	1227932211	489	80	0	0	409	0	0	89	89	131
5.271700	224	11141	11205	52	1232978483	491	80	0	0	411	0	0	89	89	135
5.278457	224	11141	11205	52	1236255283	492	80	0	0	412	0	0	89	89	135
5.285919	224	11141	11205	52	1239990835	492	80	0	0	412	0	0	89	89	135
5.294671	224	11141	11205	52	1244316211	494	80	0	0	414	0	0	89	89	135
5.308488	224	11141	11205	53	1250883636	496	81	0	0	415	0	0	89	89	135
5.320463	224	11141	11205	53	1256716340	497	81	0	0	416	0	0	89	89	135
5.329791	224	11141	11205	53	1261303860	499	81	0	0	418	0	0	89	89	135
5.341822	224	11141	11205	53	1267267636	501	81	0	0	420	0	0	89	89	135
5.348665	224	11141	11205	53	1270085684	501	81	0	0	420	0	0	89	89	135
5.362277	224	11141	11205	54	1275670069	503	81	0	0	422	0	0	89	89	135
5.369153	224	11141	11205	54	1278619189	505	81	0	0	424	0	0	89	89	134
5.378128	224	11141	11205	54	1282616885	507	81	0	0	426	0	0	89	89	135
5.390589	224	11141	11205	54	1288121909	510	82	0	0	428	0	0	89	89	135
5.401207	224	11141	11205	54	1291988533	514	83	0	0	431	0	0	89	89	133
5.406649	224	11141	11205	54	1294347829	514	83	0	0	431	0	0	89	89	133
5.415500	224	11141	11205	55	1297245238	514	83	0	0	431	0	0	89	89	133
5.428368	224	11141	11205	55	1302422582	515	83	0	0	432	0	0	89	89	134
5.437309	224	11141	11205	55	1306485814	518	83	0	0	435	0	0	89	89	135
5.451277	224	11141	11205	55	1313104950	520	83	0	0	437	0	0	89	89	135
5.457362	224	11141	11205	55	1315922998	521	83	0	0	438	0	0	89	89	135
5.463903	224	11141	11205	55	1318544438	521	83	0	0	438	0	0	89	89	135
5.469733	224	11141	11205	56	1320786487	521	83	0	0	438	0	0	89	89	135
5.477346	224	11141	11205	56	1324128823	523	85	0	0	438	0	0	89	89	133
5.484133	224	11141	11205	56	1327209015	524	85	0	0	439	0	0	89	89	135
5.490266	224	11141	11205	56	1330092599	526	87	0	0	439	0	0	89	89	135
5.501427	224	11141	11205	56	1335335479	530	88	0	0	442	0	0	89	89	135
5.513217	224	11141	11205	56	1341168183	532	88	0	0	444	0	0	89	89	135
5.519614	224	11141	11205	57	1344000056	532	88	0	0	444	0	0	89	89	135
5.525062	224	11141	11205	57	1346555960	533	88	0	0	445	0	0	89	89	135
5.537186	224	11141	11205	57	1352257592	535	88	0	0	447	0	0	89	89	135
5.551950	224	11141	11205	57	1359138872	539	90	0	0	449	0	0	89	89	135
5.561656	224	11141	11205	57	1363857464	541	90	0	0	451	0	0	89	89	134
5.573502	224	11141	11205	58	1369441849	544	90	0	0	454	0	0	89	89	135
5.580439	224	11141	11205	58	1372587577	545	90	0	0	455	0	0	89	89	134
5.587320	224	11141	11205	58	1375733305	546	90	0	0	456	0	0	89	89	135
5.598857	224	11141	11205	58	1381172793	549	90	0	0	459	0	0	89	89	135
5.610749	224	11141	11205	58	1386743353	555	91	0	0	464	0	0	89	89	134
5.617475	224	11141	11205	58	1390020153	555	91	0	0	464	0	0	89	89	134
5.627364	224	11141	11205	59	1394424890	556	91	0	0	465	0	0	89	89	135
5.640604	224	11141	11205	59	1401109562	559	93	0	0	466	0	0	89	89	135
5.655789	224	11141	11205	59	1408187450	562	94	0	0	468	0	0	89	89	135
5.663703	224	11141	11205	59	1412054074	563	94	0	0	469	0	0	89	89	135
5.677963	224	11141	11205	60	1418818107	565	94	0	0	471	0	0	89	89	135
5.684977	224	11141	11205	60	1422160443	565	94	0	0	471	0	0	89	89	135
5.693286	224	11141	11205	60	1425895995	568	95	0	0	473	0	0	89	89	135
5.702316	224	11141	11205	60	1430286907	568	95	0	0	473	0	0	89	89	135
5.712377	224	11141	11205	60	1435267643	569	95	0	0	474	0	0	89	89	134
5.724384	224	11141	11205	61	1440852028	572	96	0	0	476	0	0	89	89	135
5.733548	224	11141	11205	61	1445111868	574	96	0	0	478	0	0	89	89	133
5.744712	224	11141	11205	61	1450420284	578	96	0	0	482	0	0	89	89	135
5.753340	224	11141	11205	61	1454549052	579	96	0	0	483	0	0	89	89	135
5.762864	224	11141	11205	61	1458939964	580	96	0	0	484	0	0	89	89	135
5.773696	224	11141	11205	62	1464000061	582	97	0	0	485	0	0	89	89	135
5.781410	224	11141	11205	62	1467407933	584	97	0	0	487	0	0	89	89	135
5.786856	224	11141	11205	62	1469898301	585	97	0	0	488	0	0	89	89	133
5.800493	224	11141	11205	62	1476779581	588	97	0	0	491	0	0	89	89	135
5.815282	224	11141	11205	62	1483791933	591	97	0	0	494	0	0	89	89	135
5.823502	224	11141	11205	62	1487593021	594	97	0	0	497	0	0	89	89	135
5.832453	224	11141	11205	63	1491801150	594	97	0	0	497	0	0	89	89	135
5.838156	224	11141	11205	63	1494619198	594	97	0	0	497	0	0	89	89	135
5.848845	224	11141	11205	63	1499927614	595	97	0	0	498	0	0	89	89	135
5.858706	224	11141	11205	63	1504121918	597	97	0	0	500	0	0	89	89	135
5.871582	224	11141	11205	63	1510151230	601	99	0	0	502	0	0	89	89	134
5.885513	224	11141	11205	64	1516784191	603	99	0	0	504	0	0	89	89	132
5.890756	224	11141	11205	64	1519274559	604	99	0	0	505	0	0	89	89	134
5.905072	224	11141	11205	64	1525959231	609	99	0	0	510	0	0	89	89	135
5.917384	224	11141	11205	64	1531660863	612	99	0	0	513	0	0	89	89	133
5.923568	224	11141	11205	64	1534675519	613	99	0	0	514	0	0	89	89	134
5.938185	224	11141	11205	65	1540128832	615	99	0	0	516	0	0	89	89	135
5.944068	224	11141	11205	65	1542619200	615	99	0	0	516	0	0	89	89	135
5.953217	224	11141	11205	65	1547075648	617	100	0	0	517	0	0	89	89	135
5.963977	224	11141	11205	65	1551859776	620	101	0	0	519	0	0	89	89	135
5.972825	224	11141	11205	65	1556054080	623	101	0	0	522	0	0	89	89	134
5.979006	224	11141	11205	65	1559003200	624	101	0	0	523	0	0	89	89	135
5.991534	224	11141	11205	66	1564587585	626	101	0	0	525	0	0	89	89	135
6.000791	224	11141	11205	66	1569044033	629	101	0	0	528	0	0	89	89	135
6.014657	224	11141	11205	66	1575401025	630	102	0	0	528	0	0	89	89	135
6.027343	224	11141	11205	66	1581430337	632	102	0	0	530	0	0	89	89	134
6.037317	224	11141	11205	67	1585900610	634	102	0	0	532	0	0	89	89	135
6.050524	224	11141	11205	67	1592060994	637	103	0	0	534	0	0	89	89	135
6.064291	224	11141	11205	67	1598811202	639	103	0	0	536	0	0	89	89	135
6.071638	224	11141	11205	67	1602088002	645	104	0	0	541	0	0	89	89	135
6.083630	224	11141	11205	67	1607658562	648	104	0	0	544	0	0	89	89	135
6.096615	224	11141	11205	68	1613439555	650	106	0	0	544	0	0	89	89	132
6.108562	224	11141	11205	68	1619075651	652	107	0	0	545	0	0	89	89	135
6.116907	224	11141	11205	68	1622745667	653	107	0	0	546	0	0	89	89	135
6.123540	224	11141	11205	68	1625563715	655	108	0	0	547	0	0	89	89	135
6.130823	224	11141	11205	68	1628643907	658	108	0	0	550	0	0	89	89	132
6.140868	224	11141	11205	69	1633179716	659	108	0	0	551	0	0	89	89	135
6.147635	224	11141	11205	69	1636063300	661	110	0	0	551	0	0	89	89	131
6.159551	224	11141	11205	69	1641502788	664	111	0	0	553	0	0	89	89	135
6.165371	224	11141	11205	69	1643927620	668	114	0	0	554	0	0	89	89	135
6.175892	224	11141	11205	69	1648973892	671	114	0	0	557	0	0	89	89	135
6.189326	224	11141	11205	69	1655593028	673	114	0	0	559	0	0	89	89	135
6.195375	224	11141	11205	70	1658031685	675	114	0	0	561	0	0	89	89	134
6.206681	224	11141	11205	70	1663602245	678	115	0	0	562	0	0	89	89	135
6.221183	224	11141	11205	70	1670221381	681	115	0	0	566	0	0	89	89	135
6.229662	224	11141	11205	70	1674219077	681	115	0	0	566	0	0	89	89	135
6.241042	224	11141	11205	70	1679396421	683	116	0	0	567	0	0	89	89	135
6.251635	224	11141	11205	71	1684063302	686	118	0	0	568	0	0	89	89	131
6.262154	224	11141	11205	71	1688912966	688	120	0	0	568	0	0	89	89	135
6.269677	224	11141	11205	71	1692517446	689	120	0	0	569	0	0	89	89	135
6.282487	224	11141	11205	71	1698481222	690	120	0	0	570	0	0	89	89	135
6.293036	224	11141	11205	71	1703461958	693	122	0	0	571	0	0	89	89	133
6.306132	224	11141	11205	72	1709505095	696	123	0	0	573	0	0	89	89	134
6.314599	224	11141	11205	72	1713306183	697	123	0	0	574	0	0	89	89	135
6.329237	224	11141	11205	72	1720318535	700	124	0	0	576	0	0	89	89	135
6.336049	224	11141	11205	72	1723529799	700	124	0	0	576	0	0	89	89	135
6.341357	224	11141	11205	72	1726151239	700	124	0	0	576	0	0	89	89	135
6.348997	224	11141	11205	73	1729310792	701	125	0	0	576	0	0	89	89	135
6.355839	224	11141	11205	73	1732325448	701	125	0	0	576	0	0	89	89	135
6.365619	224	11141	11205	73	1736912968	701	125	0	0	576	0	0	89	89	135
6.371337	224	11141	11205	73	1739534408	702	125	0	0	577	0	0	89	89	135
6.377730	224	11141	11205	73	1742417992	702	125	0	0	577	0	0	89	89	135
6.385434	224	11141	11205	73	1746088008	702	125	0	0	577	0	0	89	89	135
6.397622	224	11141	11205	73	1751855176	703	126	0	0	577	0	0	89	89	134
6.407098	224	11141	11205	74	1756325449	703	126	0	0	577	0	0	89	89	134
6.420890	224	11141	11205	74	1762551369	706	127	0	0	579	0	0	89	89	135
6.433427	224	11141	11205	74	1768646217	708	127	0	0	581	0	0	89	89	135
6.444059	224	11141	11205	74	1773299273	713	128	0	0	585	0	0	89	89	133
6.455355	224	11141	11205	75	1778293834	718	128	0	0	590	0	0	89	89	134
6.462268	224	11141	11205	75	1781374026	719	128	0	0	591	0	0	89	89	134
6.477387	224	11141	11205	75	1788386378	722	130	0	0	592	0	0	89	89	135
6.492095	224	11141	11205	75	1795136586	728	131	0	0	597	0	0	89	89	134
6.506243	224	11141	11205	76	1801835083	729	131	0	0	598	0	0	89	89	135
6.517274	224	11141	11205	76	1806553675	734	133	0	0	601	0	0	89	89	135
6.523873	224	11141	11205	76	1809764939	734	133	0	0	601	0	0	89	89	135
6.536258	224	11141	11205	76	1815663179	737	134	0	0	603	0	0	89	89	135
6.550679	224	11141	11205	76	1822151243	743	136	0	0	607	0	0	89	89	134
6.559147	224	11141	11205	77	1825900620	743	136	0	0	607	0	0	89	89	134
6.571350	224	11141	11205	77	1831667788	745	136	0	0	609	0	0	89	89	135
6.582656	224	11141	11205	77	1837107276	747	136	0	0	611	0	0	89	89	135
6.595806	224	11141	11205	77	1843398732	748	136	0	0	612	0	0	89	89	135
6.602761	224	11141	11205	77	1846741068	751	137	0	0	614	0	0	89	89	134
6.615260	224	11141	11205	78	1852194381	755	137	0	0	618	0	0	89	89	134
6.621307	224	11141	11205	78	1855077965	757	137	0	0	620	0	0	89	89	134
6.633962	224	11141	11205	78	1860845133	761	137	0	0	624	0	0	89	89	135
6.644142	224	11141	11205	78	1865694797	765	138	0	0	627	0	0	89	89	135
6.653701	224	11141	11205	78	1870282317	767	139	0	0	628	0	0	89	89	134
6.659631	224	11141	11205	79	1872655438	768	139	0	0	629	0	0	89	89	135
6.673871	224	11141	11205	79	1879405646	770	140	0	0	630	0	0	89	89	132
6.686935	224	11141	11205	79	1885434958	774	140	0	0	634	0	0	89	89	135
6.699824	224	11141	11205	79	1891464270	776	141	0	0	635	0	0	89	89	135
6.707638	224	11141	11205	79	1895199822	777	141	0	0	636	0	0	89	89	134
6.720140	224	11141	11205	80	1900784207	782	142	0	0	640	0	0	89	89	132
6.729514	224	11141	11205	80	1905044047	783	142	0	0	641	0	0	89	89	135
6.739051	224	11141	11205	80	1909566031	786	142	0	0	644	0	0	89	89	135
6.748784	224	11141	11205	80	1914088015	787	142	0	0	645	0	0	89	89	135
6.763216	224	11141	11205	81	1920589904	792	143	0	0	649	0	0	89	89	135
6.776824	224	11141	11205	81	1926946896	797	144	0	0	653	0	0	89	89	135
6.788487	224	11141	11205	81	1932582992	799	144	0	0	655	0	0	89	89	135
6.794250	224	11141	11205	81	1935335504	799	144	0	0	655	0	0	89	89	135
6.802441	224	11141	11205	81	1939267664	802	145	0	0	657	0	0	89	89	135
6.811995	224	11141	11205	81	1943724112	804	145	0	0	659	0	0	89	89	135
6.822406	224	11141	11205	82	1948063313	808	146	0	0	662	0	0	89	89	129
6.833089	224	11141	11205	82	1953109585	810	146	0	0	664	0	0	89	89	135
6.846468	224	11141	11205	82	1958549073	811	146	0	0	665	0	0	89	89	135
6.860273	224	11141	11205	82	1964840529	813	146	0	0	667	0	0	89	89	134
6.871218	224	11141	11205	83	1969441874	817	146	0	0	671	0	0	89	89	135
6.879813	224	11141	11205	83	1973308498	819	146	0	0	673	0	0	89	89	134
6.889612	224	11141	11205	83	1978027090	819	146	0	0	673	0	0	89	89	134
6.897638	224	11141	11205	83	1981697106	822	147	0	0	675	0	0	89	89	135
6.912788	224	11141	11205	83	1988840530	826	147	0	0	679	0	0	89	89	135
6.922943	224	11141	11205	84	1993507411	826	147	0	0	679	0	0	89	89	135
6.936819	224	11141	11205	84	1999864403	829	148	0	0	681	0	0	89	89	135
6.951738	224	11141	11205	84	2007007827	833	148	0	0	685	0	0	89	89	135
6.960744	224	11141	11205	84	2011005523	835	149	0	0	686	0	0	89	89	134
6.966808	224	11141	11205	84	2013758035	836	149	0	0	687	0	0	89	89	131
6.978243	224	11141	11205	85	2018818132	838	149	0	0	689	0	0	89	89	134
6.988905	224	11141	11205	85	2023209044	842	150	0	0	692	0	0	89	89	135
7.003593	224	11141	11205	85	2029697108	845	151	0	0	694	0	0	89	89	135
7.012972	224	11141	11205	85	2033956948	846	151	0	0	695	0	0	89	89	135
7.020208	224	11141	11205	85	2037430356	847	151	0	0	696	0	0	89	89	132
7.028798	224	11141	11205	86	2041310805	848	151	0	0	697	0	0	89	89	135
7.041737	224	11141	11205	86	2047602261	851	152	0	0	698	0	0	89	89	135
7.051301	224	11141	11205	86	2051993173	851	152	0	0	699	0	0	89	89	135
7.061943	224	11141	11205	86	2056973909	851	152	0	0	699	0	0	89	89	135
7.072220	224	11141	11205	86	2061954645	851	152	0	0	699	0	0	89	89	135
7.080151	224	11141	11205	87	2065179734	853	152	0	0	701	0	0	89	89	135
7.094039	224	11141	11205	87	2071929942	855	152	0	0	703	0	0	89	89	135
7.109017	224	11141	11205	87	2079073366	859	152	0	0	707	0	0	89	89	135
7.122105	224	11141	11205	87	2085364822	859	152	0	0	707	0	0	89	89	135
7.135081	224	11141	11205	88	2091145815	860	153	0	0	707	0	0	89	89	135
7.145720	224	11141	11205	88	2096061015	862	154	0	0	708	0	0	89	89	135
7.157580	224	11141	11205	88	2101631575	867	154	0	0	713	0	0	89	89	135
7.169381	224	11141	11205	88	2107005527	868	154	0	0	714	0	0	89	89	135
7.181064	224	11141	11205	89	2112393304	869	155	0	0	714	0	0	89	89	129
7.195387	224	11141	11205	89	2119143512	871	156	0	0	715	0	0	89	89	134
7.207476	224	11141	11205	89	2124779608	873	157	0	0	716	0	0	89	89	135
7.221306	224	11141	11205	89	2131071064	879	157	0	0	722	0	0	89	89	134
7.228202	224	11141	11205	89	2134216792	881	158	0	0	723	0	0	89	89	133
7.237115	224	11141	11205	90	2138359385	882	159	0	0	723	0	0	89	89	134
7.248108	224	11141	11205	90	2143536729	882	159	0	0	723	0	0	89	89	134
7.256291	224	11141	11205	90	2147206745	887	161	0	0	726	0	0	89	89	135
7.264371	224	11141	11205	90	2150614617	892	161	0	0	731	0	0	89	89	135
7.277463	224	11141	11205	90	2156840537	893	161	0	0	732	0	0	89	89	135
7.284518	224	11141	11205	91	2160000090	893	161	0	0	732	0	0	89	89	135
7.297276	224	11141	11205	91	2166029402	894	161	0	0	733	0	0	89	89	135
7.307018	224	11141	11205	91	2170616922	897	161	0	0	736	0	0	89	89	135
7.314352	224	11141	11205	91	2174090330	898	161	0	0	737	0	0	89	89	135
7.325621	224	11141	11205	91	2179333210	902	162	0	0	740	0	0	89	89	134
7.340014	224	11141	11205	92	2185376347	906	163	0	0	743	0	0	89	89	135
7.351009	224	11141	11205	92	2190488155	908	164	0	0	744	0	0	89	89	132
7.364998	224	11141	11205	92	2196451931	909	164	0	0	745	0	0	89	89	135
7.371348	224	11141	11205	92	2199138907	911	164	0	0	747	0	0	89	89	135
7.386303	224	11141	11205	92	2205954651	912	164	0	0	748	0	0	89	89	134
7.399278	224	11141	11205	93	2211407964	913	164	0	0	749	0	0	89	89	134
7.408065	224	11141	11205	93	2215274588	915	164	0	0	751	0	0	89	89	134
7.419995	224	11141	11205	93	2220648540	919	164	0	0	755	0	0	89	89	135
7.428605	224	11141	11205	93	2224711772	921	164	0	0	757	0	0	89	89	135
7.441795	224	11141	11205	93	2231134300	922	164	0	0	758	0	0	89	89	134
7.454425	224	11141	11205	94	2236784221	925	164	0	0	761	0	0	89	89	132
7.466525	224	11141	11205	94	2242551389	927	164	0	0	763	0	0	89	89	135
7.476880	224	11141	11205	94	2247466589	930	164	0	0	766	0	0	89	89	135
7.482094	224	11141	11205	94	2249694813	931	164	0	0	767	0	0	89	89	135
7.496993	224	11141	11205	94	2255724125	935	167	0	0	768	0	0	89	89	135
7.509060	224	11141	11205	95	2260456542	940	168	0	0	773	0	0	89	89	130
7.518415	224	11141	11205	95	2263602270	941	168	0	0	774	0	0	89	89	134
7.533087	224	11141	11205	95	2270024798	943	168	0	0	776	0	0	89	89	135
7.543778	224	11141	11205	95	2275005534	946	168	0	0	779	0	0	89	89	135
7.557195	224	11141	11205	96	2281310815	949	168	0	0	782	0	0	89	89	135
7.564027	224	11141	11205	96	2284587615	951	168	0	0	784	0	0	89	89	132
7.570869	224	11141	11205	96	2287733343	954	169	0	0	786	0	0	89	89	135
7.576089	224	11141	11205	96	2290092639	955	170	0	0	786	0	0	89	89	135
7.590930	224	11141	11205	96	2297104991	960	172	0	0	790	0	0	89	89	135
7.600343	224	11141	11205	96	2301495903	964	173	0	0	793	0	0	89	89	134
7.606179	224	11141	11205	97	2304000096	965	173	0	0	794	0	0	89	89	135
7.616061	224	11141	11205	97	2308522080	967	174	0	0	795	0	0	89	89	135
7.626505	224	11141	11205	97	2313633888	967	174	0	0	795	0	0	89	89	135
7.638560	224	11141	11205	97	2319204448	968	174	0	0	796	0	0	89	89	135
7.645292	224	11141	11205	97	2322415712	969	175	0	0	796	0	0	89	89	135
7.653795	224	11141	11205	97	2326282336	971	176	0	0	797	0	0	89	89	134
7.664569	224	11141	11205	98	2330949217	972	176	0	0	798	0	0	89	89	135
7.671892	224	11141	11205	98	2334422625	974	177	0	0	799	0	0	89	89	135
7.680593	224	11141	11205	98	2338551393	976	177	0	0	801	0	0	89	89	135
7.685785	224	11141	11205	98	2340976225	979	177	0	0	804	0	0	89	89	135
7.693186	224	11141	11205	98	2344580705	982	177	0	0	807	0	0	89	89	135
7.699703	224	11141	11205	98	2347660897	984	177	0	0	809	0	0	89	89	134
7.710554	224	11141	11205	99	2352458850	986	177	0	0	811	0	0	89	89	133
7.722070	224	11141	11205	99	2358029410	988	177	0	0	813	0	0	89	89	133
7.731897	224	11141	11205	99	2362551394	991	177	0	0	816	0	0	89	89	135
7.746787	224	11141	11205	99	2369629282	998	177	0	0	823	0	0	89	89	135
7.757602	224	11141	11205	99	2374872162	999	177	0	0	824	0	0	89	89	134
7.767887	224	11141	11205	100	2379080291	1004	177	0	0	829	0	0	89	89	134
7.781111	224	11141	11205	100	2385633891	1005	178	0	0	829	0	0	89	89	134
7.792986	224	11141	11205	100	2391466595	1006	178	0	0	830	0	0	89	89	135
7.804271	224	11141	11205	100	2396578403	1010	178	0	0	834	0	0	89	89	134
7.812220	224	11141	11205	101	2400000100	1012	179	0	0	835	0	0	89	89	135
7.827418	224	11141	11205	101	2407012452	1014	179	0	0	837	0	0	89	89	134
7.834169	224	11141	11205	101	2410289252	1016	180	0	0	838	0	0	89	89	135
7.847937	224	11141	11205	101	2416908388	1017	180	0	0	839	0	0	89	89	135
7.855468	224	11141	11205	101	2420578404	1019	181	0	0	840	0	0	89	89	134
7.868976	224	11141	11205	102	2426621541	1022	182	0	0	842	0	0	89	89	135
7.883807	224	11141	11205	102	2433502821	1027	183	0	0	846	0	0	89	89	135
7.892684	224	11141	11205	102	2437828197	1029	184	0	0	847	0	0	89	89	135
7.902606	224	11141	11205	102	2442415717	1031	185	0	0	848	0	0	89	89	135
7.911893	224	11141	11205	102	2446544485	1033	185	0	0	850	0	0	89	89	134
7.917076	224	11141	11205	103	2448720998	1036	186	0	0	852	0	0	89	89	135
7.930663	224	11141	11205	103	2455077990	1038	187	0	0	853	0	0	89	89	131
7.936882	224	11141	11205	103	2458027110	1041	187	0	0	856	0	0	89	89	135
7.949910	224	11141	11205	103	2464384102	1044	187	0	0	859	0	0	89	89	135
7.959257	224	11141	11205	103	2468906086	1047	187	0	0	862	0	0	89	89	135
7.973204	224	11141	11205	104	2475276903	1049	187	0	0	864	0	0	89	89	134
7.982467	224	11141	11205	104	2479602279	1052	187	0	0	867	0	0	89	89	135
7.997550	224	11141	11205	104	2486876775	1053	188	0	0	867	0	0	89	89	135
8.008613	224	11141	11205	104	2492185191	1054	188	0	0	868	0	0	89	89	135
8.014643	224	11141	11205	104	2494741095	1055	188	0	0	869	0	0	89	89	135
8.022086	224	11141	11205	105	2497966184	1056	188	0	0	870	0	0	89	89	135
8.027852	224	11141	11205	105	2500587624	1056	188	0	0	870	0	0	89	89	135
8.042706	224	11141	11205	105	2507862120	1058	190	0	0	870	0	0	89	89	134
8.052624	224	11141	11205	105	2512253032	1061	190	0	0	873	0	0	89	89	135
8.067659	224	11141	11205	105	2519330920	1064	190	0	0	876	0	0	89	89	135
8.074735	224	11141	11205	106	2522424937	1065	190	0	0	877	0	0	89	89	135
8.083529	224	11141	11205	106	2526357097	1067	190	0	0	879	0	0	89	89	134
8.091980	224	11141	11205	106	2530420329	1070	191	0	0	881	0	0	89	89	135
8.099127	224	11141	11205	106	2533631593	1071	191	0	0	882	0	0	89	89	135
8.106490	224	11141	11205	106	2537236073	1072	191	0	0	883	0	0	89	89	135
8.121010	224	11141	11205	107	2544131178	1074	191	0	0	885	0	0	89	89	135
8.130592	224	11141	11205	107	2548325482	1074	191	0	0	885	0	0	89	89	135
8.139031	224	11141	11205	107	2552388714	1074	191	0	0	885	0	0	89	89	135
8.146898	224	11141	11205	107	2555665514	1076	191	0	0	887	0	0	89	89	135
8.155425	224	11141	11205	107	2559794282	1077	192	0	0	887	0	0	89	89	135
8.168243	224	11141	11205	107	2566151274	1077	192	0	0	887	0	0	89	89	135
8.180932	224	11141	11205	108	2571801195	1080	192	0	0	890	0	0	89	89	133
8.194150	224	11141	11205	108	2578158187	1082	193	0	0	891	0	0	89	89	135
8.208721	224	11141	11205	108	2585170539	1085	193	0	0	894	0	0	89	89	135
8.216690	224	11141	11205	108	2588775019	1086	193	0	0	895	0	0	89	89	135
8.224386	224	11141	11205	109	2592000108	1088	194	0	0	896	0	0	89	89	135
8.239454	224	11141	11205	109	2599143532	1090	194	0	0	898	0	0	89	89	135
8.251901	224	11141	11205	109	2604714092	1093	194	0	0	901	0	0	89	89	135
8.258121	224	11141	11205	109	2607597676	1096	194	0	0	904	0	0	89	89	135
8.266077	224	11141	11205	109	2611267692	1097	194	0	0	905	0	0	89	89	134
8.274551	224	11141	11205	109	2615461996	1097	194	0	0	905	0	0	89	89	134
8.281580	224	11141	11205	110	2618359405	1098	194	0	0	906	0	0	89	89	135
8.288479	224	11141	11205	110	2621636205	1098	194	0	0	906	0	0	89	89	135
8.297373	224	11141	11205	110	2625830509	1100	195	0	0	907	0	0	89	89	135
8.308379	224	11141	11205	110	2631138925	1101	195	0	0	908	0	0	89	89	135
8.314774	224	11141	11205	110	2634153581	1102	196	0	0	908	0	0	89	89	134
8.321190	224	11141	11205	110	2637233773	1102	196	0	0	908	0	0	89	89	134
8.331506	224	11141	11205	111	2641835118	1106	196	0	0	912	0	0	89	89	135
8.346457	224	11141	11205	111	2648978542	1108	196	0	0	914	0	0	89	89	135
8.353529	224	11141	11205	111	2652255342	1112	196	0	0	918	0	0	89	89	135
8.362663	224	11141	11205	111	2656515182	1114	196	0	0	920	0	0	89	89	135
8.376115	224	11141	11205	111	2663003246	1115	197	0	0	920	0	0	89	89	135
8.382708	224	11141	11205	112	2665638511	1116	197	0	0	921	0	0	89	89	135
8.392648	224	11141	11205	112	2670226031	1118	198	0	0	922	0	0	89	89	133
8.400674	224	11141	11205	112	2673961583	1121	198	0	0	925	0	0	89	89	135
8.406569	224	11141	11205	112	2676779631	1122	198	0	0	926	0	0	89	89	135
8.421149	224	11141	11205	112	2683529839	1123	198	0	0	927	0	0	89	89	135
8.435150	224	11141	11205	113	2689966192	1123	198	0	0	927	0	0	89	89	135
8.444176	224	11141	11205	113	2694094960	1123	198	0	0	927	0	0	89	89	135
8.457189	224	11141	11205	113	2700451952	1125	198	0	0	929	0	0	89	89	135
8.469014	224	11141	11205	113	2706088048	1129	198	0	0	933	0	0	89	89	135
8.483932	224	11141	11205	114	2712721009	1132	200	0	0	934	0	0	89	89	135
8.489531	224	11141	11205	114	2715407985	1132	200	0	0	934	0	0	89	89	135
8.495957	224	11141	11205	114	2718422641	1132	200	0	0	934	0	0	89	89	135
8.507091	224	11141	11205	114	2723927665	1132	200	0	0	934	0	0	89	89	135
8.518244	224	11141	11205	114	2729105009	1133	200	0	0	935	0	0	89	89	135
8.525971	224	11141	11205	114	2732775025	1135	201	0	0	936	0	0	89	89	134
8.540911	224	11141	11205	115	2739407986	1139	202	0	0	939	0	0	89	89	134
8.553436	224	11141	11205	115	2745109618	1142	203	0	0	941	0	0	89	89	135
8.566754	224	11141	11205	115	2751138930	1146	204	0	0	944	0	0	89	89	135
8.580070	224	11141	11205	115	2757495922	1146	204	0	0	944	0	0	89	89	135
8.593893	224	11141	11205	116	2763604595	1153	206	0	0	949	0	0	89	89	133
8.605371	224	11141	11205	116	2769109619	1154	206	0	0	950	0	0	89	89	135
8.613548	224	11141	11205	116	2773041779	1157	206	0	0	953	0	0	89	89	135
8.620097	224	11141	11205	116	2776187507	1158	206	0	0	953	0	0	89	89	135
8.630643	224	11141	11205	116	2781299315	1159	206	0	0	955	0	0	89	89	135
8.637689	224	11141	11205	117	2784458868	1160	206	0	0	956	0	0	89	89	135
8.645035	224	11141	11205	117	2787997812	1162	207	0	0	957	0	0	89	89	135
8.653560	224	11141	11205	117	2791602292	1165	208	0	0	959	0	0	89	89	135
8.659066	224	11141	11205	117	2794027124	1166	208	0	0	960	0	0	89	89	135
8.667499	224	11141	11205	117	2798090356	1167	209	0	0	960	0	0	89	89	135
8.682443	224	11141	11205	117	2805037172	1173	209	0	0	966	0	0	89	89	134
8.691715	224	11141	11205	118	2808655477	1174	210	0	0	966	0	0	89	89	135
8.705182	224	11141	11205	118	2815143541	1175	210	0	0	966	0	0	89	89	135
8.719387	224	11141	11205	118	2821893749	1177	210	0	0	969	0	0	89	89	135
8.730413	224	11141	11205	118	2827136629	1181	210	0	0	973	0	0	89	89	135
8.742137	224	11141	11205	119	2832524406	1182	210	0	0	974	0	0	89	89	135
8.751267	224	11141	11205	119	2836784246	1184	212	0	0	974	0	0	89	89	127
8.763777	224	11141	11205	119	2842813558	1186	212	0	0	976	0	0	89	89	135
8.776567	224	11141	11205	119	2849039478	1189	212	0	0	979	0	0	89	89	135
8.788593	224	11141	11205	119	2854741110	1189	212	0	0	979	0	0	89	89	135
8.801990	224	11141	11205	120	2860915319	1191	213	0	0	980	0	0	89	89	135
8.813436	224	11141	11205	120	2866354807	1195	213	0	0	984	0	0	89	89	135
8.825292	224	11141	11205	120	2871401079	1201	214	0	0	989	0	0	89	89	135
8.831308	224	11141	11205	120	2874350199	1202	214	0	0	990	0	0	89	89	135
8.840808	224	11141	11205	120	2878872183	1205	216	0	0	991	0	0	89	89	135
8.853584	224	11141	11205	121	2884391032	1211	218	0	0	995	0	0	89	89	133
8.860755	224	11141	11205	121	2887471224	1213	218	0	0	997	0	0	89	89	134
8.871826	224	11141	11205	121	2892910712	1214	218	0	0	998	0	0	89	89	135
8.883702	224	11141	11205	121	2898481272	1216	218	0	0	1000	0	0	89	89	135
8.896189	224	11141	11205	122	2904000121	1220	219	0	0	1003	0	0	89	89	136
8.908560	224	11141	11205	122	2910029433	1220	219	0	0	1003	0	0	89	89	136
8.914107	224	11141	11205	122	2912388729	1222	219	0	0	1005	0	0	89	89	135
8.920778	224	11141	11205	122	2915534457	1223	220	0	0	1005	0	0	89	89	135
8.926685	224	11141	11205	122	2918155897	1224	220	0	0	1006	0	0	89	89	135
8.933855	224	11141	11205	122	2921498233	1226	220	0	0	1008	0	0	89	89	135
8.940033	224	11141	11205	122	2924381817	1227	221	0	0	1008	0	0	89	89	133
8.954461	224	11141	11205	123	2930752634	1230	221	0	0	1011	0	0	89	89	135
8.967145	224	11141	11205	123	2936716410	1233	221	0	0	1014	0	0	89	89	135
8.978300	224	11141	11205	123	2942024826	1234	221	0	0	1015	0	0	89	89	135
8.985633	224	11141	11205	123	2945629306	1235	221	0	0	1016	0	0	89	89	135
8.997235	224	11141	11205	123	2951068794	1237	221	0	0	1018	0	0	89	89	135
9.010706	224	11141	11205	124	2957308539	1238	222	0	0	1018	0	0	89	89	134
9.024023	224	11141	11205	124	2963599995	1242	222	0	0	1022	0	0	89	89	135
9.035258	224	11141	11205	124	2968973947	1243	222	0	0	1023	0	0	89	89	135
9.040671	224	11141	11205	124	2971595387	1244	222	0	0	1024	0	0	89	89	134
9.048727	224	11141	11205	124	2975199867	1246	223	0	0	1025	0	0	89	89	134
9.053996	224	11141	11205	125	2977376380	1247	223	0	0	1026	0	0	89	89	135
9.067931	224	11141	11205	125	2984126588	1250	223	0	0	1029	0	0	89	89	134
9.075141	224	11141	11205	125	2987665532	1250	223	0	0	1029	0	0	89	89	134
9.084807	224	11141	11205	125	2992318588	1253	223	0	0	1032	0	0	89	89	135
9.090009	224	11141	11205	125	2994743420	1254	223	0	0	1033	0	0	89	89	135
9.095937	224	11141	11205	125	2997561468	1254	223	0	0	1033	0	0	89	89	135
9.102491	224	11141	11205	126	3000524413	1255	223	0	0	1034	0	0	89	89	135
9.109699	224	11141	11205	126	3003932285	1257	223	0	0	1036	0	0	89	89	134
9.124690	224	11141	11205	126	3011141245	1257	223	0	0	1036	0	0	89	89	134
9.132289	224	11141	11205	126	3014549117	1258	223	0	0	1037	0	0	89	89	135
9.138003	224	11141	11205	126	3017301629	1258	223	0	0	1037	0	0	89	89	135
9.145816	224	11141	11205	126	3021037181	1258	223	0	0	1037	0	0	89	89	135
9.160898	224	11141	11205	127	3028128894	1260	224	0	0	1038	0	0	89	89	134
9.172794	224	11141	11205	127	3033568382	1264	225	0	0	1041	0	0	89	89	135
9.186170	224	11141	11205	127	3039990910	1264	225	0	0	1041	0	0	89	89	135
9.196622	224	11141	11205	127	3044840574	1266	225	0	0	1043	0	0	89	89	135
9.206461	224	11141	11205	128	3049179775	1266	225	0	0	1043	0	0	89	89	135
9.212691	224	11141	11205	128	3051932287	1269	226	0	0	1045	0	0	89	89	135
9.219205	224	11141	11205	128	3055078015	1269	226	0	0	1045	0	0	89	89	135
9.232071	224	11141	11205	128	3060517503	1276	227	0	0	1051	0	0	89	89	135
9.240070	224	11141	11205	128	3064384127	1278	227	0	0	1053	0	0	89	89	135
9.253460	224	11141	11205	128	3070610047	1281	229	0	0	1054	0	0	89	89	129
9.264189	224	11141	11205	129	3073966208	1281	229	0	0	1054	0	0	89	89	129
9.271292	224	11141	11205	129	3077308544	1281	229	0	0	1054	0	0	89	89	129
9.281296	224	11141	11205	129	3081896064	1283	229	0	0	1056	0	0	89	89	135
9.291532	224	11141	11205	129	3086745728	1286	229	0	0	1059	0	0	89	89	135
9.299179	224	11141	11205	129	3090219136	1289	230	0	0	1061	0	0	89	89	134
9.306176	224	11141	11205	129	3093495936	1289	230	0	0	1061	0	0	89	89	134
9.313566	224	11141	11205	130	3096393345	1291	230	0	0	1063	0	0	89	89	135
9.320242	224	11141	11205	130	3099408001	1294	231	0	0	1065	0	0	89	89	132
9.333452	224	11141	11205	130	3105240705	1296	232	0	0	1066	0	0	89	89	135
9.344127	224	11141	11205	130	3109959297	1296	232	0	0	1066	0	0	89	89	135
9.359000	224	11141	11205	130	3116971649	1302	232	0	0	1072	0	0	89	89	134
9.365351	224	11141	11205	130	3119658625	1303	232	0	0	1073	0	0	89	89	135
9.376885	224	11141	11205	131	3124653186	1306	232	0	0	1076	0	0	89	89	133
9.389501	224	11141	11205	131	3130485890	1307	232	0	0	1077	0	0	89	89	134
9.395352	224	11141	11205	131	3132976258	1308	232	0	0	1078	0	0	89	89	135
9.405476	224	11141	11205	131	3137498242	1311	233	0	0	1080	0	0	89	89	135
9.411325	224	11141	11205	131	3139857538	1314	234	0	0	1082	0	0	89	89	134
9.422476	224	11141	11205	132	3144655491	1317	234	0	0	1085	0	0	89	89	135
9.436252	224	11141	11205	132	3150946947	1318	234	0	0	1086	0	0	89	89	134
9.445042	224	11141	11205	132	3154616963	1322	234	0	0	1090	0	0	89	89	135
9.452289	224	11141	11205	132	3158090371	1323	234	0	0	1091	0	0	89	89	135
9.458109	224	11141	11205	132	3160777347	1323	234	0	0	1091	0	0	89	89	135
9.466003	224	11141	11205	132	3164185219	1323	234	0	0	1091	0	0	89	89	135
9.471742	224	11141	11205	132	3166675587	1324	235	0	0	1091	0	0	89	89	134
9.484585	224	11141	11205	133	3172128900	1327	236	0	0	1093	0	0	89	89	133
9.495547	224	11141	11205	133	3177044100	1330	237	0	0	1095	0	0	89	89	135
9.506327	224	11141	11205	133	3181893764	1333	237	0	0	1098	0	0	89	89	135
9.512890	224	11141	11205	133	3184580740	1338	238	0	0	1102	0	0	89	89	135
9.524616	224	11141	11205	133	3190085764	1340	238	0	0	1104	0	0	89	89	134
9.533754	224	11141	11205	134	3193900677	1341	238	0	0	1105	0	0	89	89	135
9.546445	224	11141	11205	134	3199667845	1341	238	0	0	1105	0	0	89	89	135
9.561550	224	11141	11205	134	3206483589	1343	239	0	0	1107	0	0	89	89	135
9.569034	224	11141	11205	134	3209760389	1346	239	0	0	1110	0	0	89	89	135
9.581732	224	11141	11205	134	3215658629	1347	239	0	0	1111	0	0	89	89	134
9.591639	224	11141	11205	135	3220063366	1348	239	0	0	1112	0	0	89	89	135
9.601218	224	11141	11205	135	3224257670	1349	240	0	0	1113	0	0	89	89	134
9.608568	224	11141	11205	135	3227468934	1351	241	0	0	1114	0	0	89	89	135
9.617385	224	11141	11205	135	3231270022	1353	242	0	0	1114	0	0	89	89	135
9.628897	224	11141	11205	135	3236250758	1354	242	0	0	1116	0	0	89	89	135
9.639244	224	11141	11205	136	3240655495	1357	242	0	0	1119	0	0	89	89	135
9.653707	224	11141	11205	136	3247078023	1364	242	0	0	1126	0	0	89	89	135
9.668324	224	11141	11205	136	3253500551	1368	242	0	0	1130	0	0	89	89	135
9.674578	224	11141	11205	136	3256253063	1370	242	0	0	1132	0	0	89	89	135
9.680695	224	11141	11205	136	3259071111	1370	242	0	0	1132	0	0	89	89	135
9.688984	224	11141	11205	136	3262937735	1370	242	0	0	1132	0	0	89	89	135
9.695215	224	11141	11205	137	3265310856	1371	242	0	0	1133	0	0	89	89	136
9.702896	224	11141	11205	137	3268718728	1371	242	0	0	1133	0	0	89	89	136
9.708667	224	11141	11205	137	3271405704	1371	242	0	0	1133	0	0	89	89	136
9.716038	224	11141	11205	137	3274551432	1374	242	0	0	1136	0	0	89	89	135
9.726388	224	11141	11205	137	3278942344	1375	242	0	0	1136	0	0	89	89	135
9.741123	224	11141	11205	137	3285364872	1376	242	0	0	1138	0	0	89	89	135
9.748321	224	11141	11205	138	3288327817	1377	242	0	0	1139	0	0	89	89	135
9.757118	224	11141	11205	138	3291932297	1380	242	0	0	1142	0	0	89	89	133
9.770861	224	11141	11205	138	3297896073	1383	244	0	0	1143	0	0	89	89	135
9.779137	224	11141	11205	138	3301435017	1386	244	0	0	1146	0	0	89	89	135
9.784784	224	11141	11205	138	3304056457	1386	244	0	0	1146	0	0	89	89	135
9.799819	224	11141	11205	138	3311003273	1387	245	0	0	1146	0	0	89	89	135
9.814170	224	11141	11205	139	3316980874	1391	247	0	0	1148	0	0	89	89	131
9.825713	224	11141	11205	139	3322027146	1395	249	0	0	1152	0	0	89	89	135
9.838401	224	11141	11205	139	3327728778	1397	250	0	0	1153	0	0	89	89	135
9.852639	224	11141	11205	139	3333627018	1399	250	0	0	1155	0	0	89	89	134
9.861861	224	11141	11205	140	3337048715	1401	250	0	0	1157	0	0	89	89	135
9.869527	224	11141	11205	140	3339997835	1404	250	0	0	1160	0	0	89	89	132
9.880376	224	11141	11205	140	3344388747	1406	250	0	0	1162	0	0	89	89	135
9.887392	224	11141	11205	140	3347272331	1409	250	0	0	1165	0	0	89	89	135
9.901830	224	11141	11205	140	3353432715	1413	250	0	0	1169	0	0	89	89	135
9.909125	224	11141	11205	140	3356709515	1414	250	0	0	1170	0	0	89	89	134
9.916977	224	11141	11205	141	3360065676	1415	250	0	0	1171	0	0	89	89	135
9.927884	224	11141	11205	141	3364849804	1417	250	0	0	1173	0	0	89	89	135
9.938140	224	11141	11205	141	3369633932	1421	250	0	0	1177	0	0	89	89	135
9.946132	224	11141	11205	141	3372714124	1423	250	0	0	1179	0	0	89	89	135
9.959446	224	11141	11205	141	3378481292	1424	250	0	0	1180	0	0	89	89	135
9.965769	224	11141	11205	141	3381299340	1424	250	0	0	1180	0	0	89	89	135
9.971504	224	11141	11205	141	3383855244	1424	250	0	0	1180	0	0	89	89	135
9.977724	224	11141	11205	142	3386424973	1425	250	0	0	1181	0	0	89	89	135
9.983978	224	11141	11205	142	3389439629	1425	250	0	0	1181	0	0	89	89	135
9.999089	224	11141	11205	142	3396189837	1429	251	0	0	1184	0	0	89	89	135
10.010083	224	11141	11205	142	3401301645	1431	252	0	0	1185	0	0	89	89	135
10.016058	224	11141	11205	142	3404054157	1431	252	0	0	1185	0	0	89	89	135
10.027734	224	11141	11205	143	3409048718	1433	252	0	0	1187	0	0	89	89	135
10.041337	224	11141	11205	143	3415143566	1437	254	0	0	1190	0	0	89	89	134
10.048724	224	11141	11205	143	3418485902	1439	254	0	0	1192	0	0	89	89	135
10.058331	224	11141	11205	143	3423007886	1439	254	0	0	1192	0	0	89	89	135
10.065391	224	11141	11205	143	3425957006	1441	254	0	0	1194	0	0	89	89	135
10.070773	224	11141	11205	143	3428578446	1441	254	0	0	1194	0	0	89	89	135
10.084401	224	11141	11205	144	3434556047	1442	254	0	0	1195	0	0	89	89	136
10.096157	224	11141	11205	144	3439733391	1446	255	0	0	1198	0	0	89	89	135
10.106064	224	11141	11205	144	3444386447	1448	255	0	0	1200	0	0	89	89	135
10.113064	224	11141	11205	144	3447532175	1449	255	0	0	1201	0	0	89	89	135
10.125066	224	11141	11205	144	3452840591	1454	258	0	0	1203	0	0	89	89	129
10.135157	224	11141	11205	145	3456917648	1457	259	0	0	1204	0	0	89	89	135
10.146889	224	11141	11205	145	3462029456	1458	259	0	0	1206	0	0	89	89	134
10.157941	224	11141	11205	145	3467010192	1461	260	0	0	1208	0	0	89	89	135
10.170439	224	11141	11205	145	3472580752	1463	261	0	0	1209	0	0	89	89	135
10.179102	224	11141	11205	145	3476447376	1464	262	0	0	1209	0	0	89	89	125
10.186964	224	11141	11205	146	3480000145	1467	262	0	0	1212	0	0	89	89	135
10.196990	224	11141	11205	146	3484456593	1468	262	0	0	1213	0	0	89	89	134
10.209607	224	11141	11205	146	3490354833	1470	262	0	0	1215	0	0	89	89	135
10.218761	224	11141	11205	146	3494483601	1473	264	0	0	1216	0	0	89	89	135
10.225567	224	11141	11205	146	3497498257	1474	264	0	0	1217	0	0	89	89	135
10.237864	224	11141	11205	146	3503199889	1476	264	0	0	1219	0	0	89	89	135
10.252059	224	11141	11205	147	3509570706	1478	264	0	0	1221	0	0	89	89	134
10.263476	224	11141	11205	147	3514682514	1480	264	0	0	1223	0	0	89	89	135
10.278120	224	11141	11205	147	3521629330	1481	264	0	0	1224	0	0	89	89	135
10.291596	224	11141	11205	147	3527986322	1482	265	0	0	1224	0	0	89	89	134
10.304013	224	11141	11205	148	3533046419	1484	267	0	0	1224	0	0	89	89	135
10.310644	224	11141	11205	148	3535930003	1485	267	0	0	1225	0	0	89	89	134
10.325708	224	11141	11205	148	3542811283	1490	267	0	0	1230	0	0	89	89	135
10.336994	224	11141	11205	148	3547857555	1496	269	0	0	1234	0	0	89	89	134
10.347637	224	11141	11205	149	3552196756	1499	270	0	0	1236	0	0	89	89	134
10.355559	224	11141	11205	149	3555735700	1501	270	0	0	1238	0	0	89	89	135
10.366486	224	11141	11205	149	3560913044	1502	271	0	0	1238	0	0	89	89	130
10.375613	224	11141	11205	149	3565041812	1504	272	0	0	1239	0	0	89	89	135
10.381458	224	11141	11205	149	3567597716	1506	272	0	0	1241	0	0	89	89	135
10.392986	224	11141	11205	149	3573037204	1508	273	0	0	1242	0	0	89	89	131
10.406452	224	11141	11205	150	3578621589	1510	275	0	0	1242	0	0	89	89	134
10.420373	224	11141	11205	150	3584519829	1516	275	0	0	1248	0	0	89	89	135
10.429934	224	11141	11205	150	3588517525	1517	275	0	0	1249	0	0	89	89	135
10.440909	224	11141	11205	150	3593236117	1518	275	0	0	1250	0	0	89	89	135
10.452188	224	11141	11205	150	3598085781	1521	275	0	0	1253	0	0	89	89	134
10.465808	224	11141	11205	151	3603801238	1524	275	0	0	1256	0	0	89	89	135
10.476932	224	11141	11205	151	3608585366	1524	275	0	0	1256	0	0	89	89	135
10.482740	224	11141	11205	151	3611010198	1525	275	0	0	1257	0	0	89	89	135
10.496157	224	11141	11205	151	3616777366	1527	275	0	0	1259	0	0	89	89	135
10.502140	224	11141	11205	151	3619398806	1527	275	0	0	1259	0	0	89	89	135
10.514510	224	11141	11205	152	3624393367	1530	276	0	0	1261	0	0	89	89	135
10.524597	224	11141	11205	152	3628980887	1532	277	0	0	1262	0	0	89	89	135
10.536573	224	11141	11205	152	3634354839	1533	277	0	0	1263	0	0	89	89	134
10.546543	224	11141	11205	152	3639007895	1534	277	0	0	1264	0	0	89	89	135
10.552887	224	11141	11205	152	3641957015	1534	277	0	0	1264	0	0	89	89	135
10.558416	224	11141	11205	152	3644512919	1537	277	0	0	1267	0	0	89	89	133
10.571319	224	11141	11205	153	3649704088	1543	278	0	0	1272	0	0	89	89	135
10.583235	224	11141	11205	153	3655340184	1543	278	0	0	1272	0	0	89	89	135
10.593375	224	11141	11205	153	3660124312	1546	279	0	0	1274	0	0	89	89	135
10.601505	224	11141	11205	153	3663401112	1549	280	0	0	1276	0	0	89	89	135
10.606814	224	11141	11205	153	3665891480	1551	280	0	0	1278	0	0	89	89	135
10.614102	224	11141	11205	153	3668971672	1556	281	0	0	1282	0	0	89	89	133
10.623744	224	11141	11205	154	3673114265	1557	281	0	0	1283	0	0	89	89	135
10.634069	224	11141	11205	154	3677439641	1563	284	0	0	1286	0	0	89	89	133
10.645694	224	11141	11205	154	3682420377	1566	286	0	0	1287	0	0	89	89	135
10.658221	224	11141	11205	154	3688056473	1570	286	0	0	1291	0	0	89	89	135
10.668790	224	11141	11205	154	3692840601	1574	286	0	0	1295	0	0	89	89	134
10.676244	224	11141	11205	155	3696000154	1577	286	0	0	1298	0	0	89	89	135
10.687728	224	11141	11205	155	3701111962	1580	287	0	0	1300	0	0	89	89	134
10.692890	224	11141	11205	155	3703536794	1580	287	0	0	1300	0	0	89	89	134
10.698403	224	11141	11205	155	3706092698	1581	288	0	0	1300	0	0	89	89	135
10.713289	224	11141	11205	155	3712908442	1584	288	0	0	1303	0	0	89	89	135
10.726856	224	11141	11205	155	3719199898	1586	288	0	0	1305	0	0	89	89	135
10.733521	224	11141	11205	156	3721966235	1588	288	0	0	1307	0	0	89	89	135
10.744179	224	11141	11205	156	3726684827	1592	290	0	0	1309	0	0	89	89	134
10.751096	224	11141	11205	156	3729961627	1592	290	0	0	1309	0	0	89	89	134
10.763604	224	11141	11205	156	3735466651	1597	290	0	0	1314	0	0	89	89	135
10.769582	224	11141	11205	156	3738219163	1598	290	0	0	1315	0	0	89	89	135
10.781873	224	11141	11205	157	3744000156	1599	290	0	0	1316	0	0	89	89	134
10.792846	224	11141	11205	157	3748849820	1604	290	0	0	1321	0	0	89	89	133
10.807743	224	11141	11205	157	3755665564	1606	290	0	0	1323	0	0	89	89	135
10.813050	224	11141	11205	157	3757828252	1609	290	0	0	1326	0	0	89	89	135
10.822558	224	11141	11205	157	3761301660	1610	290	0	0	1327	0	0	89	89	135
10.833341	224	11141	11205	157	3766020252	1613	291	0	0	1329	0	0	89	89	134
10.839219	224	11141	11205	158	3768196765	1615	292	0	0	1330	0	0	89	89	135
10.849982	224	11141	11205	158	3772784285	1618	293	0	0	1332	0	0	89	89	126
10.858669	224	11141	11205	158	3776781981	1619	293	0	0	1333	0	0	89	89	135
10.869254	224	11141	11205	158	3781435037	1621	294	0	0	1334	0	0	89	89	135
10.877300	224	11141	11205	158	3785170589	1623	294	0	0	1336	0	0	89	89	135
10.888921	224	11141	11205	158	3790675613	1625	294	0	0	1338	0	0	89	89	134
10.901927	224	11141	11205	159	3796259998	1626	294	0	0	1339	0	0	89	89	134
10.910339	224	11141	11205	159	3800257694	1628	294	0	0	1341	0	0	89	89	134
10.921134	224	11141	11205	159	3805041822	1629	294	0	0	1342	0	0	89	89	135
10.927520	224	11141	11205	159	3807794334	1630	294	0	0	1343	0	0	89	89	135
10.942650	224	11141	11205	159	3815003294	1631	294	0	0	1344	0	0	89	89	134
10.948707	224	11141	11205	160	3817441951	1632	294	0	0	1345	0	0	89	89	136
10.962080	224	11141	11205	160	3823733407	1632	294	0	0	1345	0	0	89	89	136
10.976176	224	11141	11205	160	3830221471	1636	294	0	0	1349	0	0	89	89	135
10.986576	224	11141	11205	160	3834940063	1638	294	0	0	1351	0	0	89	89	134
10.998566	224	11141	11205	161	3840065696	1639	295	0	0	1351	0	0	89	89	135
11.012497	224	11141	11205	161	3846488224	1641	295	0	0	1353	0	0	89	89	134
11.025972	224	11141	11205	161	3852779680	1642	295	0	0	1353	0	0	89	89	135
11.040007	224	11141	11205	161	3858874528	1648	296	0	0	1358	0	0	89	89	134
11.047884	224	11141	11205	161	3862347936	1650	297	0	0	1359	0	0	89	89	132
11.061864	224	11141	11205	162	3868325537	1651	297	0	0	1360	0	0	89	89	135
11.067514	224	11141	11205	162	3870815905	1652	297	0	0	1361	0	0	89	89	134
11.078569	224	11141	11205	162	3875862177	1653	297	0	0	1362	0	0	89	89	135
11.088591	224	11141	11205	162	3880515233	1654	297	0	0	1363	0	0	89	89	135
11.094467	224	11141	11205	162	3883071137	1654	297	0	0	1363	0	0	89	89	135
11.104604	224	11141	11205	162	3887789729	1655	297	0	0	1364	0	0	89	89	131
11.112733	224	11141	11205	163	3891014818	1658	297	0	0	1367	0	0	89	89	134
11.127556	224	11141	11205	163	3898027170	1661	297	0	0	1370	0	0	89	89	135
11.137906	224	11141	11205	163	3902549154	1667	298	0	0	1375	0	0	89	89	135
11.148757	224	11141	11205	163	3907333282	1667	298	0	0	1375	0	0	89	89	135
11.160070	224	11141	11205	164	3912000163	1669	300	0	0	1375	0	0	89	89	135
11.167905	224	11141	11205	164	3915473571	1670	300	0	0	1376	0	0	89	89	135
11.175414	224	11141	11205	164	3919012515	1670	300	0	0	1376	0	0	89	89	135
11.186613	224	11141	11205	164	3924124323	1671	301	0	0	1376	0	0	89	89	135
11.200553	224	11141	11205	164	3929825955	1675	303	0	0	1378	0	0	89	89	135
11.209080	224	11141	11205	164	3933758115	1676	303	0	0	1379	0	0	89	89	132
11.221108	224	11141	11205	165	3938818212	1680	303	0	0	1383	0	0	89	89	135
11.229460	224	11141	11205	165	3942750372	1681	303	0	0	1384	0	0	89	89	133
11.234665	224	11141	11205	165	3945175204	1684	303	0	0	1387	0	0	89	89	135
11.248588	224	11141	11205	165	3951794340	1689	303	0	0	1392	0	0	89	89	135
11.254833	224	11141	11205	165	3954481316	1692	304	0	0	1393	0	0	89	89	134
11.264708	224	11141	11205	165	3958675620	1693	305	0	0	1394	0	0	89	89	133
11.273798	224	11141	11205	166	3962031781	1695	305	0	0	1396	0	0	89	89	135
11.286209	224	11141	11205	166	3966357157	1697	307	0	0	1396	0	0	89	89	134
11.292420	224	11141	11205	166	3969109669	1697	307	0	0	1396	0	0	89	89	134
11.298072	224	11141	11205	166	3971731109	1697	307	0	0	1396	0	0	89	89	134
11.309213	224	11141	11205	166	3976908453	1697	307	0	0	1396	0	0	89	89	134
11.321392	224	11141	11205	166	3981495973	1698	307	0	0	1397	0	0	89	89	132
11.330137	224	11141	11205	167	3985376422	1701	307	0	0	1400	0	0	89	89	135
11.345163	224	11141	11205	167	3992388774	1705	307	0	0	1404	0	0	89	89	135
11.359946	224	11141	11205	167	3998483622	1706	307	0	0	1405	0	0	89	89	135
11.374439	224	11141	11205	167	4005037222	1708	308	0	0	1406	0	0	89	89	129
11.383871	224	11141	11205	168	4008917671	1709	308	0	0	1407	0	0	89	89	134
11.392358	224	11141	11205	168	4012653223	1712	308	0	0	1410	0	0	89	89	134
11.404068	224	11141	11205	168	4017961639	1715	309	0	0	1412	0	0	89	89	135
11.417463	224	11141	11205	168	4023990951	1717	309	0	0	1414	0	0	89	89	135
11.431292	224	11141	11205	168	4030413479	1719	309	0	0	1416	0	0	89	89	134
11.442042	224	11141	11205	169	4034949288	1721	310	0	0	1417	0	0	89	89	134
11.447382	224	11141	11205	169	4037374120	1722	311	0	0	1417	0	0	89	89	130
11.459523	224	11141	11205	169	4042748072	1724	311	0	0	1419	0	0	89	89	135
11.469586	224	11141	11205	169	4047270056	1726	311	0	0	1421	0	0	89	89	135
11.476950	224	11141	11205	169	4050677928	1728	311	0	0	1423	0	0	89	89	134
11.488111	224	11141	11205	169	4055855272	1730	312	0	0	1424	0	0	89	89	135
11.502691	224	11141	11205	170	4062160553	1734	313	0	0	1427	0	0	89	89	134
11.515186	224	11141	11205	170	4067337897	1742	314	0	0	1434	0	0	89	89	135
11.528195	224	11141	11205	170	4073367209	1747	314	0	0	1439	0	0	89	89	135
11.537507	224	11141	11205	170	4077758121	1748	314	0	0	1440	0	0	89	89	134
11.546192	224	11141	11205	171	4081376426	1750	314	0	0	1442	0	0	89	89	135
11.559407	224	11141	11205	171	4087471274	1752	314	0	0	1444	0	0	89	89	135
11.572601	224	11141	11205	171	4093369514	1755	317	0	0	1444	0	0	89	89	135
11.578617	224	11141	11205	171	4096056490	1756	317	0	0	1445	0	0	89	89	135
11.588709	224	11141	11205	171	4100709546	1759	317	0	0	1448	0	0	89	89	132
11.603189	224	11141	11205	172	4107014827	1760	317	0	0	1449	0	0	89	89	135
11.613950	224	11141	11205	172	4111667883	1766	318	0	0	1453	0	0	89	89	135
11.626486	224	11141	11205	172	4117238443	1771	319	0	0	1458	0	0	89	89	135
11.634981	224	11141	11205	172	4120908459	1772	319	0	0	1459	0	0	89	89	135
11.641457	224	11141	11205	172	4123857579	1773	319	0	0	1460	0	0	89	89	135
11.652689	224	11141	11205	173	4128786604	1777	321	0	0	1463	0	0	89	89	135
11.661527	224	11141	11205	173	4132653228	1782	322	0	0	1467	0	0	89	89	131
11.671464	224	11141	11205	173	4137175212	1783	322	0	0	1468	0	0	89	89	135
11.677654	224	11141	11205	173	4139993260	1784	322	0	0	1469	0	0	89	89	135
11.690840	224	11141	11205	173	4146219180	1786	322	0	0	1471	0	0	89	89	135
11.696639	224	11141	11205	173	4148840620	1787	322	0	0	1472	0	0	89	89	133
11.703352	224	11141	11205	173	4151986348	1790	322	0	0	1475	0	0	89	89	134
11.717561	224	11141	11205	174	4158226093	1791	322	0	0	1476	0	0	89	89	134
11.731936	224	11141	11205	174	4164976301	1794	322	0	0	1479	0	0	89	89	135
11.737153	224	11141	11205	174	4167138989	1795	322	0	0	1480	0	0	89	89	135
11.751079	224	11141	11205	174	4173102765	1799	325	0	0	1481	0	0	89	89	132
11.756766	224	11141	11205	174	4175593133	1801	325	0	0	1483	0	0	89	89	133
11.763788	224	11141	11205	175	4178556078	1802	325	0	0	1484	0	0	89	89	135
11.776324	224	11141	11205	175	4184257710	1805	327	0	0	1485	0	0	89	89	135
11.788252	224	11141	11205	175	4189631662	1808	328	0	0	1487	0	0	89	89	135
11.802022	224	11141	11205	175	4195857582	1811	328	0	0	1490	0	0	89	89	133
11.810261	224	11141	11205	175	4199724206	1813	328	0	0	1492	0	0	89	89	135
11.815494	224	11141	11205	176	4201638575	1814	328	0	0	1493	0	0	89	89	136
11.827060	224	11141	11205	176	4207012527	1815	328	0	0	1494	0	0	89	89	133
11.840271	224	11141	11205	176	4212976303	1817	329	0	0	1495	0	0	89	89	135
11.853001	224	11141	11205	176	4218743471	1818	330	0	0	1495	0	0	89	89	135
11.859706	224	11141	11205	176	4221627055	1823	331	0	0	1499	0	0	89	89	134
11.871856	224	11141	11205	177	4226752688	1825	331	0	0	1501	0	0	89	89	134
11.883432	224	11141	11205	177	4232126640	1827	331	0	0	1503	0	0	89	89	134
11.889931	224	11141	11205	177	4235075760	1829	332	0	0	1504	0	0	89	89	135
11.903730	224	11141	11205	177	4240974000	1833	333	0	0	1507	0	0	89	89	135
11.909222	224	11141	11205	177	4243595440	1834	333	0	0	1508	0	0	89	89	133
11.917979	224	11141	11205	177	4247593136	1836	333	0	0	1510	0	0	89	89	135
11.924241	224	11141	11205	178	4250293937	1836	333	0	0	1510	0	0	89	89	135
11.934604	224	11141	11205	178	4254881457	1839	334	0	0	1512	0	0	89	89	134
11.948902	224	11141	11205	178	4261238449	1842	334	0	0	1515	0	0	89	89	135
11.955830	224	11141	11205	178	4264449713	1843	335	0	0	1515	0	0	89	89	135
11.963091	224	11141	11205	178	4267529905	1844	335	0	0	1516	0	0	89	89	134
11.972989	224	11141	11205	179	4272000178	1847	336	0	0	1518	0	0	89	89	135
11.984277	224	11141	11205	179	4277046450	1850	336	0	0	1521	0	0	89	89	134
11.991046	224	11141	11205	179	4280192178	1850	336	0	0	1521	0	0	89	89	134
12.001835	224	11141	11205	179	4284845234	1855	337	0	0	1525	0	0	89	89	135
12.013709	224	11141	11205	179	4290219186	1855	337	0	0	1525	0	0	89	89	135
12.027249	224	11141	11205	180	4296131251	1858	339	0	0	1526	0	0	89	89	136
12.036354	224	11141	11205	180	4300260019	1861	340	0	0	1528	0	0	89	89	133
12.043687	224	11141	11205	180	4303340211	1865	341	0	0	1531	0	0	89	89	135
12.051961	224	11141	11205	180	4307337907	1866	341	0	0	1532	0	0	89	89	135
12.060892	224	11141	11205	180	4311204531	1867	341	0	0	1533	0	0	89	89	135
12.075375	224	11141	11205	180	4317823667	1871	341	0	0	1537	0	0	89	89	134
12.085905	224	11141	11205	181	4321704116	1872	342	0	0	1537	0	0	89	89	135
12.098789	224	11141	11205	181	4326815924	1873	343	0	0	1537	0	0	89	89	134
12.108367	224	11141	11205	181	4331141300	1876	343	0	0	1540	0	0	89	89	135
12.115277	224	11141	11205	181	4333828276	1878	344	0	0	1541	0	0	89	89	135
12.124621	224	11141	11205	181	4337760436	1880	345	0	0	1542	0	0	89	89	135
12.130373	224	11141	11205	181	4340381876	1881	345	0	0	1542	0	0	89	89	130
12.138148	224	11141	11205	181	4343920820	1882	346	0	0	1543	0	0	89	89	135
12.146062	224	11141	11205	182	4347276981	1883	346	0	0	1544	0	0	89	89	136
12.152668	224	11141	11205	182	4350291637	1885	346	0	0	1546	0	0	89	89	133
12.164585	224	11141	11205	182	4355665589	1890	346	0	0	1551	0	0	89	89	135
12.170236	224	11141	11205	182	4358221493	1891	346	0	0	1552	0	0	89	89	135
12.185285	224	11141	11205	182	4365168309	1894	346	0	0	1555	0	0	89	89	134
12.196547	224	11141	11205	183	4369704118	1897	347	0	0	1557	0	0	89	89	135
12.211317	224	11141	11205	183	4375536822	1898	347	0	0	1558	0	0	89	89	135
12.222649	224	11141	11205	183	4380320950	1899	347	0	0	1559	0	0	89	89	135
12.235188	224	11141	11205	183	4385367222	1901	347	0	0	1561	0	0	89	89	135
12.249260	224	11141	11205	183	4391789750	1902	348	0	0	1561	0	0	89	89	134
12.255433	224	11141	11205	184	4394425015	1902	348	0	0	1561	0	0	89	89	134
12.261026	224	11141	11205	184	4396784311	1903	349	0	0	1561	0	0	89	89	126
12.267824	224	11141	11205	184	4399864503	1905	349	0	0	1563	0	0	89	89	135
12.282853	224	11141	11205	184	4406745783	1908	350	0	0	1565	0	0	89	89	135
12.296183	224	11141	11205	184	4413037239	1910	352	0	0	1565	0	0	89	89	131
12.304040	224	11141	11205	185	4416327864	1911	352	0	0	1566	0	0	89	89	135
12.309979	224	11141	11205	185	4418752696	1912	352	0	0	1567	0	0	89	89	135
12.318814	224	11141	11205	185	4422881464	1913	352	0	0	1568	0	0	89	89	135
12.330267	224	11141	11205	185	4427993272	1916	353	0	0	1570	0	0	89	89	135
12.344794	224	11141	11205	185	4434743480	1919	354	0	0	1572	0	0	89	89	134
12.352128	224	11141	11205	185	4437233848	1920	354	0	0	1573	0	0	89	89	134
12.360376	224	11141	11205	186	4440524473	1924	354	0	0	1577	0	0	89	89	136
12.374026	224	11141	11205	186	4446488249	1928	355	0	0	1581	0	0	89	89	134
12.389020	224	11141	11205	186	4453369529	1931	355	0	0	1584	0	0	89	89	135
12.399810	224	11141	11205	186	4458088121	1933	355	0	0	1586	0	0	89	89	135
12.405060	224	11141	11205	186	4460381881	1935	355	0	0	1588	0	0	89	89	132
12.414749	224	11141	11205	187	4464590010	1937	355	0	0	1590	0	0	89	89	135
12.420010	224	11141	11205	187	4467080378	1937	355	0	0	1590	0	0	89	89	135
12.429588	224	11141	11205	187	4471405754	1937	355	0	0	1590	0	0	89	89	135
12.437799	224	11141	11205	187	4475206842	1938	355	0	0	1591	0	0	89	89	135
12.446536	224	11141	11205	187	4479204538	1940	355	0	0	1592	0	0	89	89	135
12.459562	224	11141	11205	187	4485233850	1942	355	0	0	1595	0	0	89	89	133
12.473202	224	11141	11205	188	4491342523	1944	355	0	0	1597	0	0	89	89	135
12.478763	224	11141	11205	188	4493832891	1945	355	0	0	1598	0	0	89	89	133
12.484366	224	11141	11205	188	4496454331	1945	355	0	0	1598	0	0	89	89	133
12.498560	224	11141	11205	188	4503139003	1948	355	0	0	1601	0	0	89	89	135
12.509910	224	11141	11205	188	4508512955	1949	355	0	0	1602	0	0	89	89	135
12.517109	224	11141	11205	188	4511789755	1951	355	0	0	1604	0	0	89	89	134
12.531714	224	11141	11205	189	4518226108	1951	355	0	0	1604	0	0	89	89	134
12.544371	224	11141	11205	189	4524058812	1952	356	0	0	1604	0	0	89	89	135
12.554712	224	11141	11205	189	4528908476	1953	356	0	0	1605	0	0	89	89	135
12.564905	224	11141	11205	189	4533495996	1954	356	0	0	1606	0	0	89	89	132
12.578409	224	11141	11205	190	4539604669	1958	357	0	0	1609	0	0	89	89	133
12.593532	224	11141	11205	190	4546748093	1960	358	0	0	1610	0	0	89	89	135
12.607705	224	11141	11205	190	4553170621	1962	359	0	0	1611	0	0	89	89	135
12.622275	224	11141	11205	190	4559920829	1962	359	0	0	1611	0	0	89	89	135
12.631809	224	11141	11205	191	4564063422	1964	360	0	0	1612	0	0	89	89	133
12.645703	224	11141	11205	191	4570354878	1965	360	0	0	1613	0	0	89	89	135
12.657563	224	11141	11205	191	4576056510	1967	360	0	0	1615	0	0	89	89	135
12.664068	224	11141	11205	191	4578940094	1968	360	0	0	1616	0	0	89	89	134
12.677718	224	11141	11205	192	4584786623	1973	362	0	0	1619	0	0	89	89	135
12.691940	224	11141	11205	192	4591602367	1978	362	0	0	1624	0	0	89	89	135
12.698825	224	11141	11205	192	4594617023	1979	362	0	0	1625	0	0	89	89	135
12.704944	224	11141	11205	192	4597500607	1980	362	0	0	1626	0	0	89	89	135
12.715366	224	11141	11205	192	4602022591	1981	362	0	0	1627	0	0	89	89	134
12.724411	224	11141	11205	192	4606347967	1981	362	0	0	1627	0	0	89	89	134
12.731273	224	11141	11205	193	4608000192	1981	362	0	0	1627	0	0	89	89	134
12.744704	224	11141	11205	193	4614029504	1982	363	0	0	1628	0	0	89	89	133
12.753156	224	11141	11205	193	4617961664	1982	363	0	0	1628	0	0	89	89	133
12.762079	224	11141	11205	193	4622090432	1984	363	0	0	1630	0	0	89	89	135
12.773064	224	11141	11205	193	4627333312	1984	363	0	0	1630	0	0	89	89	135
12.785111	224	11141	11205	194	4632721089	1986	363	0	0	1632	0	0	89	89	134
12.790576	224	11141	11205	194	4635211457	1987	364	0	0	1632	0	0	89	89	132
12.800056	224	11141	11205	194	4639471297	1990	364	0	0	1635	0	0	89	89	135
12.814583	224	11141	11205	194	4646024897	1997	364	0	0	1642	0	0	89	89	135
12.821109	224	11141	11205	194	4648908481	2000	365	0	0	1644	0	0	89	89	135
12.826905	224	11141	11205	194	4651005633	2000	365	0	0	1644	0	0	89	89	135
12.841172	224	11141	11205	195	4657245378	2002	366	0	0	1645	0	0	89	89	135
12.848067	224	11141	11205	195	4659866818	2003	366	0	0	1646	0	0	89	89	132
12.856140	224	11141	11205	195	4663667906	2004	366	0	0	1647	0	0	89	89	134
12.867095	224	11141	11205	195	4668648642	2005	366	0	0	1648	0	0	89	89	135
12.873238	224	11141	11205	195	4671532226	2005	366	0	0	1648	0	0	89	89	135
12.882136	224	11141	11205	195	4675529922	2009	367	0	0	1651	0	0	89	89	134
12.895270	224	11141	11205	196	4681310915	2009	367	0	0	1651	0	0	89	89	134
12.904370	224	11141	11205	196	4685570755	2009	367	0	0	1651	0	0	89	89	134
12.916386	224	11141	11205	196	4691075779	2010	367	0	0	1652	0	0	89	89	135
12.925021	224	11141	11205	196	4695073475	2012	368	0	0	1653	0	0	89	89	135
12.930635	224	11141	11205	196	4697629379	2014	368	0	0	1655	0	0	89	89	135
12.940826	224	11141	11205	196	4702347971	2017	369	0	0	1657	0	0	89	89	134
12.950470	224	11141	11205	197	4706228420	2020	369	0	0	1660	0	0	89	89	135
12.963602	224	11141	11205	197	4712192196	2022	369	0	0	1662	0	0	89	89	133
12.968957	224	11141	11205	197	4714617028	2024	370	0	0	1663	0	0	89	89	135
12.983349	224	11141	11205	197	4721236164	2027	370	0	0	1666	0	0	89	89	135
12.996447	224	11141	11205	197	4727134404	2031	371	0	0	1669	0	0	89	89	134
13.004782	224	11141	11205	198	4730752709	2033	372	0	0	1670	0	0	89	89	135
13.011052	224	11141	11205	198	4733505221	2036	372	0	0	1673	0	0	89	89	134
13.025737	224	11141	11205	198	4740255429	2038	373	0	0	1674	0	0	89	89	135
13.035495	224	11141	11205	198	4744515269	2044	373	0	0	1680	0	0	89	89	135
13.042631	224	11141	11205	198	4747792069	2044	373	0	0	1680	0	0	89	89	135
13.052618	224	11141	11205	199	4752000198	2046	373	0	0	1682	0	0	89	89	134
13.065324	224	11141	11205	199	4757570758	2048	374	0	0	1683	0	0	89	89	133
13.072040	224	11141	11205	199	4760782022	2049	374	0	0	1684	0	0	89	89	135
13.077962	224	11141	11205	199	4763534534	2051	375	0	0	1685	0	0	89	89	135
13.087754	224	11141	11205	199	4768056518	2053	375	0	0	1687	0	0	89	89	135
13.096484	224	11141	11205	199	4772185286	2056	375	0	0	1690	0	0	89	89	133
13.102605	224	11141	11205	199	4775068870	2057	376	0	0	1690	0	0	89	89	130
13.110923	224	11141	11205	200	4778687175	2060	378	0	0	1691	0	0	89	89	135
13.117406	224	11141	11205	200	4781570759	2064	380	0	0	1693	0	0	89	89	134
13.131631	224	11141	11205	200	4788058823	2066	381	0	0	1694	0	0	89	89	135
13.145812	224	11141	11205	200	4794546887	2067	382	0	0	1694	0	0	89	89	135
13.159773	224	11141	11205	201	4800721096	2070	383	0	0	1696	0	0	89	89	135
13.166604	224	11141	11205	201	4803801288	2072	383	0	0	1698	0	0	89	89	134
13.180743	224	11141	11205	201	4810158280	2075	383	0	0	1701	0	0	89	89	135
13.190846	224	11141	11205	201	4814680264	2079	383	0	0	1705	0	0	89	89	135
13.196804	224	11141	11205	201	4817367240	2080	383	0	0	1706	0	0	89	89	135
13.205134	224	11141	11205	201	4821233864	2081	384	0	0	1706	0	0	89	89	134
13.219876	224	11141	11205	202	4827604681	2085	386	0	0	1708	0	0	89	89	131
13.230850	224	11141	11205	202	4832716489	2086	387	0	0	1708	0	0	89	89	135
13.240418	224	11141	11205	202	4837107401	2091	389	0	0	1712	0	0	89	89	135
13.251772	224	11141	11205	202	4842153673	2093	390	0	0	1713	0	0	89	89	135
13.260132	224	11141	11205	202	4846085833	2096	390	0	0	1715	0	0	89	89	134
13.271136	224	11141	11205	203	4850621642	2102	390	0	0	1722	0	0	89	89	135
13.281961	224	11141	11205	203	4855602378	2105	390	0	0	1725	0	0	89	89	135
13.296211	224	11141	11205	203	4862352586	2106	390	0	0	1726	0	0	89	89	135
13.305730	224	11141	11205	203	4866874570	2108	390	0	0	1728	0	0	89	89	135
13.313450	224	11141	11205	203	4870151370	2110	392	0	0	1728	0	0	89	89	133
13.324788	224	11141	11205	204	4875145931	2110	392	0	0	1728	0	0	89	89	133
13.335824	224	11141	11205	204	4880257739	2111	392	0	0	1729	0	0	89	89	135
13.341081	224	11141	11205	204	4882617035	2113	392	0	0	1731	0	0	89	89	135
13.351333	224	11141	11205	204	4887139019	2115	392	0	0	1733	0	0	89	89	135
13.362669	224	11141	11205	204	4891923147	2118	392	0	0	1736	0	0	89	89	135
13.374557	224	11141	11205	205	4897114316	2119	392	0	0	1737	0	0	89	89	135
13.386855	224	11141	11205	205	4902422732	2123	392	0	0	1741	0	0	89	89	134
13.400337	224	11141	11205	205	4908648652	2125	392	0	0	1743	0	0	89	89	135
13.409786	224	11141	11205	205	4913170636	2125	392	0	0	1743	0	0	89	89	135
13.415933	224	11141	11205	205	4915792076	2126	392	0	0	1744	0	0	89	89	134
13.425682	224	11141	11205	206	4920065741	2129	393	0	0	1746	0	0	89	89	135
13.440584	224	11141	11205	206	4926815949	2132	393	0	0	1749	0	0	89	89	134
13.454846	224	11141	11205	206	4933107405	2136	393	0	0	1753	0	0	89	89	135
13.460002	224	11141	11205	206	4935532237	2137	393	0	0	1754	0	0	89	89	135
13.469247	224	11141	11205	206	4939595469	2140	393	0	0	1757	0	0	89	89	134
13.483900	224	11141	11205	207	4945376462	2145	393	0	0	1762	0	0	89	89	135
13.496666	224	11141	11205	207	4951274702	2146	393	0	0	1763	0	0	89	89	134
13.503442	224	11141	11205	207	4954354894	2150	395	0	0	1765	0	0	89	89	135
13.512364	224	11141	11205	207	4958352590	2151	395	0	0	1766	0	0	89	89	135
13.525711	224	11141	11205	207	4964578510	2153	397	0	0	1767	0	0	89	89	134
13.535010	224	11141	11205	208	4968590031	2154	398	0	0	1768	0	0	89	89	132
13.546033	224	11141	11205	208	4973701839	2156	399	0	0	1769	0	0	89	89	134
13.559364	224	11141	11205	208	4979862223	2159	400	0	0	1771	0	0	89	89	135
13.568774	224	11141	11205	208	4984056527	2163	400	0	0	1775	0	0	89	89	135
13.579655	224	11141	11205	208	4989102799	2165	400	0	0	1777	0	0	89	89	131
13.584906	224	11141	11205	208	4991462095	2166	400	0	0	1778	0	0	89	89	134
13.590774	224	11141	11205	209	4993835216	2168	400	0	0	1780	0	0	89	89	135
13.599180	224	11141	11205	209	4997701840	2168	400	0	0	1780	0	0	89	89	135
13.613437	224	11141	11205	209	5004452048	2171	402	0	0	1781	0	0	89	89	135
13.625027	224	11141	11205	209	5009629392	2176	404	0	0	1785	0	0	89	89	135
13.638226	224	11141	11205	209	5015593168	2180	404	0	0	1789	0	0	89	89	135
13.649419	224	11141	11205	210	5020325585	2183	404	0	0	1792	0	0	89	89	134
13.659495	224	11141	11205	210	5025109713	2184	405	0	0	1792	0	0	89	89	134
13.670097	224	11141	11205	210	5029762769	2186	405	0	0	1794	0	0	89	89	135
13.677538	224	11141	11205	210	5033236177	2187	406	0	0	1794	0	0	89	89	135
13.690002	224	11141	11205	210	5038806737	2191	406	0	0	1798	0	0	89	89	133
13.698791	224	11141	11205	211	5042556114	2191	406	0	0	1798	0	0	89	89	133
13.706238	224	11141	11205	211	5046160594	2193	408	0	0	1798	0	0	89	89	134
13.714735	224	11141	11205	211	5049830610	2195	408	0	0	1800	0	0	89	89	135
13.721752	224	11141	11205	211	5053041874	2196	408	0	0	1801	0	0	89	89	135
13.735240	224	11141	11205	211	5059267794	2197	409	0	0	1801	0	0	89	89	135
13.748873	224	11141	11205	212	5065048787	2200	410	0	0	1803	0	0	89	89	135
13.755620	224	11141	11205	212	5068063443	2203	411	0	0	1805	0	0	89	89	128
13.768005	224	11141	11205	212	5073765075	2204	411	0	0	1806	0	0	89	89	134
13.782775	224	11141	11205	212	5080318675	2211	413	0	0	1811	0	0	89	89	135
13.796451	224	11141	11205	212	5086675667	2211	413	0	0	1811	0	0	89	89	135
13.809926	224	11141	11205	213	5092653268	2215	415	0	0	1814	0	0	89	89	133
13.818335	224	11141	11205	213	5096257748	2217	416	0	0	1815	0	0	89	89	135
13.832186	224	11141	11205	213	5102418132	2222	417	0	0	1819	0	0	89	89	135
13.845212	224	11141	11205	213	5107923156	2224	418	0	0	1820	0	0	89	89	134
13.852226	224	11141	11205	213	5111265492	2226	418	0	0	1822	0	0	89	89	134
13.861067	224	11141	11205	214	5114883797	2227	418	0	0	1823	0	0	89	89	135
13.872891	224	11141	11205	214	5120388821	2231	418	0	0	1827	0	0	89	89	135
13.887298	224	11141	11205	214	5127007957	2233	418	0	0	1829	0	0	89	89	135
13.895968	224	11141	11205	214	5130874581	2236	418	0	0	1832	0	0	89	89	135
13.903846	224	11141	11205	214	5134216917	2238	420	0	0	1832	0	0	89	89	134
13.912779	224	11141	11205	215	5137966294	2239	420	0	0	1833	0	0	89	89	134
13.925834	224	11141	11205	215	5143930070	2242	421	0	0	1835	0	0	89	89	135
13.933554	224	11141	11205	215	5147403478	2244	421	0	0	1837	0	0	89	89	135
13.948397	224	11141	11205	215	5154153686	2247	421	0	0	1840	0	0	89	89	135
13.958913	224	11141	11205	215	5159003350	2247	421	0	0	1840	0	0	89	89	135
13.968826	224	11141	11205	216	5163277015	2249	421	0	0	1842	0	0	89	89	135
13.982021	224	11141	11205	216	5168847575	2254	423	0	0	1845	0	0	89	89	135
13.992890	224	11141	11205	216	5173893847	2256	423	0	0	1846	0	0	89	89	135
13.999850	224	11141	11205	216	5176974039	2256	423	0	0	1847	0	0	89	89	135
14.013830	224	11141	11205	216	5183331031	2258	424	0	0	1848	0	0	89	89	129
14.022335	224	11141	11205	217	5187145944	2258	424	0	0	1848	0	0	89	89	129
14.033710	224	11141	11205	217	5192454360	2258	424	0	0	1848	0	0	89	89	129
14.039141	224	11141	11205	217	5195010264	2258	424	0	0	1848	0	0	89	89	129
14.046770	224	11141	11205	217	5198155992	2259	425	0	0	1848	0	0	89	89	135
14.060639	224	11141	11205	217	5204119768	2266	426	0	0	1854	0	0	89	89	133
14.070967	224	11141	11205	218	5208524505	2269	427	0	0	1856	0	0	89	89	135
14.082067	224	11141	11205	218	5213374169	2271	427	0	0	1858	0	0	89	89	134
14.092696	224	11141	11205	218	5218158297	2272	428	0	0	1858	0	0	89	89	135
14.102363	224	11141	11205	218	5222483673	2274	428	0	0	1860	0	0	89	89	135
14.114732	224	11141	11205	218	5228119769	2276	428	0	0	1862	0	0	89	89	135
14.121182	224	11141	11205	218	5231068889	2278	428	0	0	1864	0	0	89	89	133
14.135138	224	11141	11205	219	5237374170	2280	428	0	0	1866	0	0	89	89	134
14.143291	224	11141	11205	219	5241240794	2280	428	0	0	1866	0	0	89	89	134
14.149740	224	11141	11205	219	5243927770	2280	428	0	0	1866	0	0	89	89	134
14.159861	224	11141	11205	219	5248449754	2283	429	0	0	1868	0	0	89	89	135
14.165929	224	11141	11205	219	5251136730	2284	429	0	0	1869	0	0	89	89	134
14.175499	224	11141	11205	219	5255462106	2287	431	0	0	1870	0	0	89	89	134
14.180735	224	11141	11205	220	5257507547	2287	431	0	0	1870	0	0	89	89	134
14.186933	224	11141	11205	220	5260325595	2287	431	0	0	1870	0	0	89	89	134
14.196037	224	11141	11205	220	5264388827	2291	432	0	0	1873	0	0	89	89	135
14.206972	224	11141	11205	220	5269500635	2292	433	0	0	1873	0	0	89	89	135
14.218490	224	11141	11205	220	5274743515	2294	433	0	0	1875	0	0	89	89	134
14.226541	224	11141	11205	220	5278347995	2295	434	0	0	1875	0	0	89	89	133
14.234687	224	11141	11205	221	5281638620	2298	435	0	0	1877	0	0	89	89	135
14.246831	224	11141	11205	221	5287012572	2299	435	0	0	1878	0	0	89	89	133
14.261713	224	11141	11205	221	5293828316	2300	435	0	0	1879	0	0	89	89	135
14.272273	224	11141	11205	221	5298677980	2306	435	0	0	1885	0	0	89	89	134
14.281058	224	11141	11205	221	5302479068	2307	435	0	0	1886	0	0	89	89	133
14.287160	224	11141	11205	222	5305048797	2309	435	0	0	1888	0	0	89	89	135
14.301238	224	11141	11205	222	5311405789	2313	436	0	0	1891	0	0	89	89	135
14.313272	224	11141	11205	222	5316779741	2316	436	0	0	1894	0	0	89	89	135
14.324823	224	11141	11205	222	5322088157	2318	436	0	0	1896	0	0	89	89	135
14.339705	224	11141	11205	223	5328458974	2321	436	0	0	1899	0	0	89	89	135
14.352281	224	11141	11205	223	5334226142	2325	437	0	0	1902	0	0	89	89	134
14.364581	224	11141	11205	223	5339731166	2329	437	0	0	1906	0	0	89	89	135
14.378335	224	11141	11205	223	5346219230	2330	437	0	0	1907	0	0	89	89	135
14.391854	224	11141	11205	224	5352327903	2331	438	0	0	1908	0	0	89	89	134
14.405924	224	11141	11205	224	5359012575	2331	438	0	0	1908	0	0	89	89	134
14.411426	224	11141	11205	224	5361437407	2334	438	0	0	1911	0	0	89	89	135
14.418940	224	11141	11205	224	5364517599	2338	438	0	0	1915	0	0	89	89	135
14.426232	224	11141	11205	224	5367007967	2338	438	0	0	1915	0	0	89	89	135
14.438482	224	11141	11205	224	5372512991	2341	439	0	0	1917	0	0	89	89	135
14.453638	224	11141	11205	225	5378097376	2346	442	0	0	1919	0	0	89	89	134
14.459009	224	11141	11205	225	5380194528	2347	443	0	0	1919	0	0	89	89	132
14.471420	224	11141	11205	225	5385568480	2349	443	0	0	1921	0	0	89	89	135
14.483036	224	11141	11205	225	5390549216	2349	443	0	0	1921	0	0	89	89	135
14.489073	224	11141	11205	225	5393367264	2350	443	0	0	1922	0	0	89	89	135
14.497379	224	11141	11205	225	5396775136	2351	443	0	0	1923	0	0	89	89	133
14.506849	224	11141	11205	226	5400983265	2351	443	0	0	1923	0	0	89	89	133
14.518677	224	11141	11205	226	5406357217	2351	443	0	0	1923	0	0	89	89	133
14.532156	224	11141	11205	226	5412517601	2352	443	0	0	1924	0	0	89	89	135
14.540650	224	11141	11205	226	5416580833	2352	443	0	0	1924	0	0	89	89	135
14.552666	224	11141	11205	226	5420709601	2356	443	0	0	1928	0	0	89	89	133
14.562823	224	11141	11205	227	5424327906	2358	445	0	0	1928	0	0	89	89	135
14.577601	224	11141	11205	227	5430619362	2360	445	0	0	1930	0	0	89	89	135
14.586481	224	11141	11205	227	5434354914	2360	445	0	0	1930	0	0	89	89	135
14.600658	224	11141	11205	227	5440580834	2363	446	0	0	1932	0	0	89	89	135
14.611436	224	11141	11205	227	5445496034	2366	447	0	0	1934	0	0	89	89	133
14.620406	224	11141	11205	228	5449442019	2368	447	0	0	1936	0	0	89	89	135
14.633257	224	11141	11205	228	5455274723	2369	447	0	0	1937	0	0	89	89	134
14.640284	224	11141	11205	228	5458551523	2369	447	0	0	1937	0	0	89	89	134
14.646835	224	11141	11205	228	5461631715	2369	447	0	0	1937	0	0	89	89	134
14.654024	224	11141	11205	228	5464908515	2370	447	0	0	1938	0	0	89	89	135
14.664783	224	11141	11205	228	5469889251	2372	448	0	0	1940	0	0	89	89	134
14.676759	224	11141	11205	229	5475342564	2374	448	0	0	1942	0	0	89	89	134
14.683209	224	11141	11205	229	5478226148	2377	448	0	0	1944	0	0	89	89	135
14.697042	224	11141	11205	229	5484583140	2384	450	0	0	1950	0	0	89	89	135
14.708919	224	11141	11205	229	5489957092	2387	450	0	0	1953	0	0	89	89	135
14.721065	224	11141	11205	229	5495658724	2388	450	0	0	1954	0	0	89	89	135
14.732911	224	11141	11205	230	5500980965	2391	450	0	0	1957	0	0	89	89	131
14.742731	224	11141	11205	230	5505634021	2393	450	0	0	1959	0	0	89	89	135
14.750773	224	11141	11205	230	5509435109	2394	451	0	0	1959	0	0	89	89	135
14.757870	224	11141	11205	230	5512711909	2396	452	0	0	1960	0	0	89	89	135
14.767052	224	11141	11205	230	5516644069	2398	452	0	0	1962	0	0	89	89	134
14.775752	224	11141	11205	231	5520393446	2399	452	0	0	1963	0	0	89	89	133
14.787366	224	11141	11205	231	5525570790	2402	453	0	0	1965	0	0	89	89	134
14.800221	224	11141	11205	231	5531272422	2405	453	0	0	1968	0	0	89	89	135
14.806420	224	11141	11205	231	5534090470	2406	453	0	0	1969	0	0	89	89	135
14.812834	224	11141	11205	231	5536842982	2407	453	0	0	1970	0	0	89	89	135
14.820391	224	11141	11205	231	5540316390	2409	454	0	0	1972	0	0	89	89	134
14.827339	224	11141	11205	231	5543396582	2412	455	0	0	1974	0	0	89	89	135
14.836412	224	11141	11205	232	5546359527	2414	456	0	0	1975	0	0	89	89	135
14.847589	224	11141	11205	232	5551405799	2414	456	0	0	1975	0	0	89	89	135
14.855506	224	11141	11205	232	5555010279	2419	457	0	0	1979	0	0	89	89	135
14.862798	224	11141	11205	232	5558090471	2420	457	0	0	1980	0	0	89	89	135
14.869560	224	11141	11205	232	5560908519	2422	457	0	0	1982	0	0	89	89	135
14.876185	224	11141	11205	232	5563792103	2424	457	0	0	1984	0	0	89	89	135
14.886232	224	11141	11205	233	5568065768	2427	459	0	0	1985	0	0	89	89	135
14.893417	224	11141	11205	233	5571473640	2427	459	0	0	1985	0	0	89	89	135
14.900848	224	11141	11205	233	5574684904	2430	459	0	0	1988	0	0	89	89	135
14.913878	224	11141	11205	233	5580648680	2433	459	0	0	1991	0	0	89	89	135
14.923982	224	11141	11205	233	5585301736	2437	459	0	0	1995	0	0	89	89	135
14.935334	224	11141	11205	233	5590216936	2441	462	0	0	1996	0	0	89	89	133
14.949839	224	11141	11205	234	5596718825	2441	462	0	0	1996	0	0	89	89	133
14.964740	224	11141	11205	234	5603141353	2445	463	0	0	1999	0	0	89	89	135
14.974570	224	11141	11205	234	5607597801	2445	463	0	0	1999	0	0	89	89	135
14.986405	224	11141	11205	234	5612971753	2448	463	0	0	2002	0	0	89	89	134
14.994680	224	11141	11205	235	5616393450	2449	463	0	0	2003	0	0	89	89	135
15.001244	224	11141	11205	235	5619473642	2449	463	0	0	2003	0	0	89	89	135
15.012277	224	11141	11205	235	5624388842	2452	464	0	0	2005	0	0	89	89	134
15.017679	224	11141	11205	235	5626879210	2452	464	0	0	2005	0	0	89	89	134
15.029413	224	11141	11205	235	5631991018	2459	465	0	0	2011	0	0	89	89	135
15.037190	224	11141	11205	235	5635661034	2461	466	0	0	2012	0	0	89	89	133
15.050026	224	11141	11205	236	5641114347	2463	466	0	0	2014	0	0	89	89	135
15.058544	224	11141	11205	236	5645112043	2465	467	0	0	2015	0	0	89	89	134
15.065088	224	11141	11205	236	5647864555	2467	467	0	0	2017	0	0	89	89	135
15.070844	224	11141	11205	236	5650551531	2467	467	0	0	2017	0	0	89	89	135
15.083590	224	11141	11205	236	5656318699	2470	468	0	0	2019	0	0	89	89	135
15.095169	224	11141	11205	236	5661430507	2472	468	0	0	2021	0	0	89	89	135
15.101654	224	11141	11205	237	5664262380	2473	468	0	0	2022	0	0	89	89	135
15.114290	224	11141	11205	237	5669832940	2476	468	0	0	2025	0	0	89	89	133
15.123194	224	11141	11205	237	5674092780	2478	468	0	0	2027	0	0	89	89	135
15.134401	224	11141	11205	237	5679270124	2481	468	0	0	2030	0	0	89	89	135
15.148313	224	11141	11205	237	5685627116	2484	468	0	0	2033	0	0	89	89	132
15.162511	224	11141	11205	238	5691801325	2487	469	0	0	2035	0	0	89	89	132
15.170499	224	11141	11205	238	5695471341	2489	470	0	0	2035	0	0	89	89	135
15.185388	224	11141	11205	238	5702221549	2493	470	0	0	2040	0	0	89	89	135
15.199010	224	11141	11205	238	5708775149	2496	471	0	0	2042	0	0	89	89	133
15.209122	224	11141	11205	239	5713114350	2501	474	0	0	2044	0	0	89	89	135
15.217095	224	11141	11205	239	5716718830	2501	474	0	0	2044	0	0	89	89	135
15.223540	224	11141	11205	239	5719602414	2502	474	0	0	2045	0	0	89	89	134
15.230320	224	11141	11205	239	5722748142	2504	475	0	0	2046	0	0	89	89	135
15.240977	224	11141	11205	239	5727401198	2508	475	0	0	2050	0	0	89	89	135
15.252308	224	11141	11205	239	5732381934	2513	475	0	0	2055	0	0	89	89	134
15.265498	224	11141	11205	240	5738097391	2515	476	0	0	2056	0	0	89	89	133
15.280599	224	11141	11205	240	5745175279	2517	476	0	0	2057	0	0	89	89	135
15.288612	224	11141	11205	240	5748845295	2518	476	0	0	2059	0	0	89	89	135
15.295985	224	11141	11205	240	5752056559	2521	476	0	0	2062	0	0	89	89	135
15.302904	224	11141	11205	240	5755333359	2522	476	0	0	2063	0	0	89	89	134
15.308459	224	11141	11205	240	5757889263	2522	476	0	0	2063	0	0	89	89	134
15.318284	224	11141	11205	241	5761573104	2523	476	0	0	2064	0	0	89	89	135
15.330515	224	11141	11205	241	5767209200	2526	479	0	0	2064	0	0	89	89	135
15.338952	224	11141	11205	241	5771141360	2528	479	0	0	2066	0	0	89	89	135
15.353077	224	11141	11205	241	5777760496	2529	479	0	0	2067	0	0	89	89	135
15.364080	224	11141	11205	241	5782806768	2532	481	0	0	2068	0	0	89	89	135
15.378149	224	11141	11205	242	5788784369	2533	481	0	0	2069	0	0	89	89	135
15.386903	224	11141	11205	242	5792847601	2534	481	0	0	2070	0	0	89	89	134
15.397728	224	11141	11205	242	5797631729	2535	481	0	0	2071	0	0	89	89	135
15.406440	224	11141	11205	242	5801760497	2537	481	0	0	2073	0	0	89	89	135
15.419931	224	11141	11205	242	5807855345	2540	481	0	0	2076	0	0	89	89	133
15.432063	224	11141	11205	243	5812980978	2541	481	0	0	2077	0	0	89	89	133
15.444686	224	11141	11205	243	5818813682	2542	481	0	0	2078	0	0	89	89	135
15.453432	224	11141	11205	243	5822942450	2544	481	0	0	2080	0	0	89	89	135
15.461924	224	11141	11205	243	5826612466	2544	481	0	0	2080	0	0	89	89	135
15.468269	224	11141	11205	243	5829627122	2544	481	0	0	2080	0	0	89	89	135
15.478133	224	11141	11205	244	5833966323	2545	482	0	0	2080	0	0	89	89	135
15.487006	224	11141	11205	244	5838029555	2547	483	0	0	2081	0	0	89	89	134
15.498838	224	11141	11205	244	5843337971	2550	483	0	0	2084	0	0	89	89	135
15.511771	224	11141	11205	244	5848187635	2553	484	0	0	2086	0	0	89	89	135
15.525478	224	11141	11205	244	5854610163	2555	485	0	0	2087	0	0	89	89	134
15.534021	224	11141	11205	245	5858294004	2556	485	0	0	2088	0	0	89	89	135
15.544745	224	11141	11205	245	5863012596	2560	487	0	0	2090	0	0	89	89	135
15.550086	224	11141	11205	245	5865437428	2560	487	0	0	2090	0	0	89	89	135
15.557087	224	11141	11205	245	5868583156	2561	487	0	0	2091	0	0	89	89	135
15.567115	224	11141	11205	245	5873105140	2562	488	0	0	2092	0	0	89	89	135
15.581653	224	11141	11205	245	5879658740	2567	488	0	0	2097	0	0	89	89	135
15.587503	224	11141	11205	246	5882097397	2568	488	0	0	2098	0	0	89	89	135
15.600729	224	11141	11205	246	5887995637	2571	489	0	0	2100	0	0	89	89	135
15.609061	224	11141	11205	246	5891862261	2573	490	0	0	2101	0	0	89	89	135
15.614478	224	11141	11205	246	5894024949	2574	491	0	0	2101	0	0	89	89	135
15.629551	224	11141	11205	246	5900840693	2578	491	0	0	2105	0	0	89	89	134
15.634885	224	11141	11205	246	5903396597	2579	491	0	0	2106	0	0	89	89	132
15.649512	224	11141	11205	247	5909898486	2583	491	0	0	2110	0	0	89	89	134
15.658359	224	11141	11205	247	5914092790	2583	491	0	0	2110	0	0	89	89	134
15.671123	224	11141	11205	247	5919859958	2585	491	0	0	2112	0	0	89	89	135
15.683324	224	11141	11205	247	5925496054	2589	492	0	0	2114	0	0	89	89	133
15.689307	224	11141	11205	248	5928000247	2590	493	0	0	2115	0	0	89	89	134
15.700622	224	11141	11205	248	5932980983	2595	494	0	0	2119	0	0	89	89	131
15.710347	224	11141	11205	248	5937437431	2598	495	0	0	2121	0	0	89	89	135
15.725170	224	11141	11205	248	5943794423	2602	497	0	0	2123	0	0	89	89	135
15.735532	224	11141	11205	248	5948513015	2607	497	0	0	2128	0	0	89	89	133
15.745925	224	11141	11205	249	5953114360	2608	498	0	0	2129	0	0	89	89	134
15.760400	224	11141	11205	249	5959405816	2609	498	0	0	2130	0	0	89	89	134
15.772168	224	11141	11205	249	5964910840	2612	498	0	0	2133	0	0	89	89	135
15.781963	224	11141	11205	249	5969301752	2615	498	0	0	2136	0	0	89	89	135
15.794509	224	11141	11205	249	5975068920	2616	498	0	0	2137	0	0	89	89	132
15.799825	224	11141	11205	250	5977245433	2619	498	0	0	2140	0	0	89	89	135
15.813971	224	11141	11205	250	5983471353	2624	500	0	0	2143	0	0	89	89	135
15.820656	224	11141	11205	250	5985830649	2625	500	0	0	2144	0	0	89	89	135
15.827374	224	11141	11205	250	5988910841	2626	500	0	0	2145	0	0	89	89	135
15.838844	224	11141	11205	250	5993498361	2629	500	0	0	2148	0	0	89	89	135
15.846027	224	11141	11205	250	5996840697	2629	500	0	0	2148	0	0	89	89	135
15.851279	224	11141	11205	250	5999134457	2629	500	0	0	2148	0	0	89	89	135
15.860369	224	11141	11205	251	6002949370	2632	500	0	0	2151	0	0	89	89	135
15.871416	224	11141	11205	251	6008126714	2633	500	0	0	2152	0	0	89	89	134
15.880655	224	11141	11205	251	6011993338	2638	501	0	0	2155	0	0	89	89	135
15.893548	224	11141	11205	251	6017629434	2642	501	0	0	2160	0	0	89	89	135
15.899077	224	11141	11205	251	6020054266	2644	503	0	0	2160	0	0	89	89	134
15.907403	224	11141	11205	251	6023724282	2646	503	0	0	2162	0	0	89	89	135
15.913566	224	11141	11205	252	6025376507	2649	504	0	0	2164	0	0	89	89	135
15.924479	224	11141	11205	252	6029898491	2651	506	0	0	2164	0	0	89	89	134
15.932698	224	11141	11205	252	6033568507	2652	507	0	0	2165	0	0	89	89	135
15.941033	224	11141	11205	252	6037107451	2654	507	0	0	2167	0	0	89	89	135
15.947055	224	11141	11205	252	6039728891	2657	509	0	0	2168	0	0	89	89	135
15.956544	224	11141	11205	252	6043726587	2660	510	0	0	2170	0	0	89	89	133
15.969298	224	11141	11205	253	6049114364	2662	510	0	0	2172	0	0	89	89	135
15.978573	224	11141	11205	253	6053308668	2663	510	0	0	2173	0	0	89	89	133
15.988373	224	11141	11205	253	6057634044	2664	511	0	0	2173	0	0	89	89	134
15.994039	224	11141	11205	253	6059796732	2666	511	0	0	2175	0	0	89	89	135
15.999302	224	11141	11205	253	6062221564	2666	511	0	0	2175	0	0	89	89	135
16.009396	224	11141	11205	253	6066809084	2671	512	0	0	2179	0	0	89	89	134
16.023980	224	11141	11205	254	6072852221	2675	514	0	0	2182	0	0	89	89	135
16.029572	224	11141	11205	254	6075342589	2677	514	0	0	2184	0	0	89	89	135
16.044046	224	11141	11205	254	6082158333	2680	514	0	0	2187	0	0	89	89	135
16.056286	224	11141	11205	254	6087466749	2684	515	0	0	2190	0	0	89	89	135
16.062721	224	11141	11205	254	6090415869	2684	515	0	0	2190	0	0	89	89	135
16.073296	224	11141	11205	254	6095396605	2684	515	0	0	2190	0	0	89	89	135
16.084683	224	11141	11205	255	6100129022	2689	517	0	0	2193	0	0	89	89	134
16.094319	224	11141	11205	255	6104323326	2692	518	0	0	2195	0	0	89	89	135
16.101313	224	11141	11205	255	6107534590	2693	519	0	0	2195	0	0	89	89	135
16.107533	224	11141	11205	255	6110352638	2695	520	0	0	2196	0	0	89	89	135
16.122321	224	11141	11205	255	6117102846	2696	520	0	0	2197	0	0	89	89	135
16.134809	224	11141	11205	256	6122687231	2697	520	0	0	2198	0	0	89	89	135
16.140573	224	11141	11205	256	6125374207	2697	520	0	0	2198	0	0	89	89	135
16.149674	224	11141	11205	256	6128782079	2699	520	0	0	2200	0	0	89	89	135
16.156411	224	11141	11205	256	6131731199	2701	520	0	0	2202	0	0	89	89	135
16.163045	224	11141	11205	256	6134680319	2702	520	0	0	2203	0	0	89	89	135
16.176571	224	11141	11205	256	6140709631	2707	523	0	0	2205	0	0	89	89	126
16.189338	224	11141	11205	257	6144983296	2708	523	0	0	2206	0	0	89	89	135
16.200359	224	11141	11205	257	6150095104	2709	523	0	0	2207	0	0	89	89	135
16.215186	224	11141	11205	257	6157107456	2710	523	0	0	2208	0	0	89	89	135
16.227452	224	11141	11205	257	6162678016	2712	524	0	0	2210	0	0	89	89	134
16.240455	224	11141	11205	258	6168393473	2714	524	0	0	2212	0	0	89	89	135
16.254901	224	11141	11205	258	6175209217	2715	525	0	0	2212	0	0	89	89	132
16.269001	224	11141	11205	258	6181631745	2716	525	0	0	2213	0	0	89	89	135
16.279222	224	11141	11205	258	6186415873	2717	525	0	0	2214	0	0	89	89	135
16.285887	224	11141	11205	258	6189430529	2719	526	0	0	2215	0	0	89	89	133
16.298679	224	11141	11205	259	6195014914	2722	526	0	0	2218	0	0	89	89	134
16.306316	224	11141	11205	259	6198619394	2722	526	0	0	2218	0	0	89	89	134
16.311517	224	11141	11205	259	6201044226	2722	526	0	0	2218	0	0	89	89	134
16.316894	224	11141	11205	259	6203469058	2724	526	0	0	2220	0	0	89	89	135
16.328019	224	11141	11205	259	6208580866	2729	528	0	0	2223	0	0	89	89	135
16.336170	224	11141	11205	259	6212250882	2730	529	0	0	2224	0	0	89	89	135
16.350622	224	11141	11205	260	6218818307	2732	531	0	0	2224	0	0	89	89	135
16.359786	224	11141	11205	260	6223078147	2733	532	0	0	2224	0	0	89	89	134
16.373946	224	11141	11205	260	6229172995	2735	532	0	0	2226	0	0	89	89	135
16.384535	224	11141	11205	260	6233498371	2737	533	0	0	2227	0	0	89	89	135
16.399620	224	11141	11205	261	6240000260	2737	533	0	0	2227	0	0	89	89	135
16.407957	224	11141	11205	261	6243473668	2741	534	0	0	2230	0	0	89	89	134
16.415356	224	11141	11205	261	6246160644	2744	534	0	0	2233	0	0	89	89	134
16.429513	224	11141	11205	261	6252583172	2748	536	0	0	2235	0	0	89	89	135
16.437815	224	11141	11205	261	6256318724	2750	536	0	0	2237	0	0	89	89	135
16.448648	224	11141	11205	261	6260381956	2752	536	0	0	2239	0	0	89	89	133
16.459012	224	11141	11205	262	6264786693	2753	536	0	0	2240	0	0	89	89	135
16.473634	224	11141	11205	262	6271471365	2755	536	0	0	2242	0	0	89	89	133
16.488387	224	11141	11205	262	6277762821	2757	536	0	0	2244	0	0	89	89	135
16.494474	224	11141	11205	262	6280515333	2759	536	0	0	2246	0	0	89	89	135
16.505573	224	11141	11205	262	6285561605	2759	536	0	0	2246	0	0	89	89	135
16.512185	224	11141	11205	263	6288000262	2761	536	0	0	2248	0	0	89	89	135
16.519480	224	11141	11205	263	6291080454	2762	536	0	0	2249	0	0	89	89	134
16.529246	224	11141	11205	263	6294816006	2762	536	0	0	2249	0	0	89	89	134
16.539400	224	11141	11205	263	6299141382	2765	536	0	0	2252	0	0	89	89	135
16.546625	224	11141	11205	263	6302352646	2767	536	0	0	2254	0	0	89	89	135
16.557036	224	11141	11205	263	6307005702	2770	537	0	0	2256	0	0	89	89	135
16.572184	224	11141	11205	264	6313769735	2774	537	0	0	2260	0	0	89	89	135
16.582870	224	11141	11205	264	6318553863	2778	538	0	0	2263	0	0	89	89	134
16.596226	224	11141	11205	264	6324910855	2779	538	0	0	2264	0	0	89	89	135
16.610846	224	11141	11205	264	6331726599	2781	538	0	0	2266	0	0	89	89	135
16.618977	224	11141	11205	264	6335396615	2784	539	0	0	2268	0	0	89	89	134
16.630778	224	11141	11205	265	6340587784	2785	539	0	0	2269	0	0	89	89	135
16.639080	224	11141	11205	265	6344519944	2787	539	0	0	2271	0	0	89	89	134
16.645646	224	11141	11205	265	6347534600	2788	539	0	0	2272	0	0	89	89	135
16.656602	224	11141	11205	265	6352646408	2792	539	0	0	2276	0	0	89	89	135
16.669555	224	11141	11205	265	6358479112	2793	539	0	0	2277	0	0	89	89	134
16.680983	224	11141	11205	266	6363539209	2793	539	0	0	2277	0	0	89	89	134
16.689072	224	11141	11205	266	6367143689	2797	540	0	0	2280	0	0	89	89	135
16.700720	224	11141	11205	266	6372648713	2798	540	0	0	2281	0	0	89	89	135
16.706370	224	11141	11205	266	6375270153	2800	540	0	0	2283	0	0	89	89	135
16.716655	224	11141	11205	266	6379988745	2802	542	0	0	2284	0	0	89	89	133
16.723145	224	11141	11205	266	6382937865	2804	542	0	0	2286	0	0	89	89	134
16.732673	224	11141	11205	267	6386294026	2804	542	0	0	2286	0	0	89	89	134
16.743873	224	11141	11205	267	6391536906	2805	542	0	0	2287	0	0	89	89	133
16.752432	224	11141	11205	267	6395469066	2809	542	0	0	2291	0	0	89	89	135
16.766165	224	11141	11205	267	6401957130	2812	543	0	0	2293	0	0	89	89	135
16.780179	224	11141	11205	268	6408000267	2816	545	0	0	2295	0	0	89	89	135
16.791984	224	11141	11205	268	6413308683	2820	548	0	0	2296	0	0	89	89	134
16.798499	224	11141	11205	268	6416192267	2823	549	0	0	2298	0	0	89	89	135
16.811486	224	11141	11205	268	6422156043	2823	549	0	0	2298	0	0	89	89	135
16.822606	224	11141	11205	268	6427267851	2828	549	0	0	2303	0	0	89	89	134
16.831088	224	11141	11205	268	6431068939	2832	551	0	0	2306	0	0	89	89	134
16.842342	224	11141	11205	269	6435801356	2833	551	0	0	2307	0	0	89	89	135
16.851548	224	11141	11205	269	6439995660	2834	551	0	0	2308	0	0	89	89	134
16.859753	224	11141	11205	269	6443862284	2836	552	0	0	2309	0	0	89	89	135
16.872069	224	11141	11205	269	6448449804	2839	552	0	0	2312	0	0	89	89	135
16.882495	224	11141	11205	269	6452513036	2840	552	0	0	2313	0	0	89	89	134
16.894818	224	11141	11205	270	6457573133	2842	552	0	0	2315	0	0	89	89	135
16.901863	224	11141	11205	270	6460522253	2842	552	0	0	2315	0	0	89	89	135
16.910695	224	11141	11205	270	6464126733	2843	552	0	0	2316	0	0	89	89	135
16.921826	224	11141	11205	270	6469107469	2847	552	0	0	2320	0	0	89	89	135
16.933895	224	11141	11205	270	6474678029	2851	552	0	0	2323	0	0	89	89	135
16.943950	224	11141	11205	270	6479134477	2851	552	0	0	2324	0	0	89	89	134
16.955693	224	11141	11205	271	6484260110	2853	552	0	0	2326	0	0	89	89	135
16.969002	224	11141	11205	271	6490289422	2856	552	0	0	2329	0	0	89	89	135
16.978459	224	11141	11205	271	6494483726	2860	552	0	0	2333	0	0	89	89	135
16.990113	224	11141	11205	271	6499529998	2862	552	0	0	2335	0	0	89	89	134
17.004309	224	11141	11205	272	6505769743	2866	554	0	0	2337	0	0	89	89	135
17.017271	224	11141	11205	272	6511405839	2873	555	0	0	2343	0	0	89	89	135
17.030332	224	11141	11205	272	6517041935	2875	555	0	0	2345	0	0	89	89	135
17.037472	224	11141	11205	272	6520318735	2876	555	0	0	2346	0	0	89	89	135
17.045502	224	11141	11205	272	6524054287	2877	555	0	0	2347	0	0	89	89	135
17.055745	224	11141	11205	273	6528590096	2877	555	0	0	2347	0	0	89	89	135
17.065772	224	11141	11205	273	6533112080	2880	558	0	0	2347	0	0	89	89	134
17.074445	224	11141	11205	273	6537109776	2882	559	0	0	2348	0	0	89	89	135
17.083713	224	11141	11205	273	6541369616	2887	560	0	0	2351	0	0	89	89	135
17.097442	224	11141	11205	273	6547595536	2892	560	0	0	2357	0	0	89	89	133
17.108229	224	11141	11205	274	6552131345	2896	561	0	0	2360	0	0	89	89	135
17.113820	224	11141	11205	274	6554752785	2896	561	0	0	2360	0	0	89	89	135
17.126593	224	11141	11205	274	6560388881	2899	562	0	0	2362	0	0	89	89	135
17.135718	224	11141	11205	274	6564583185	2902	562	0	0	2365	0	0	89	89	135
17.142865	224	11141	11205	274	6567925521	2904	562	0	0	2367	0	0	89	89	135
17.155166	224	11141	11205	274	6573692689	2906	562	0	0	2369	0	0	89	89	133
17.170105	224	11141	11205	275	6580391186	2908	564	0	0	2370	0	0	89	89	130
17.177168	224	11141	11205	275	6583602450	2910	564	0	0	2372	0	0	89	89	135
17.188298	224	11141	11205	275	6588845330	2911	564	0	0	2373	0	0	89	89	135
17.195408	224	11141	11205	275	6592056594	2912	564	0	0	2374	0	0	89	89	135
17.208032	224	11141	11205	275	6597823762	2916	566	0	0	2376	0	0	89	89	132
17.213250	224	11141	11205	276	6600000275	2916	566	0	0	2376	0	0	89	89	132
17.227472	224	11141	11205	276	6606357267	2922	568	0	0	2380	0	0	89	89	135
17.234758	224	11141	11205	276	6609765139	2924	568	0	0	2382	0	0	89	89	135
17.249022	224	11141	11205	276	6616449811	2926	569	0	0	2383	0	0	89	89	135
17.258474	224	11141	11205	276	6620906259	2926	569	0	0	2383	0	0	89	89	135
17.270900	224	11141	11205	277	6626425108	2930	569	0	0	2387	0	0	89	89	135
17.283750	224	11141	11205	277	6632454420	2933	569	0	0	2390	0	0	89	89	135
17.289998	224	11141	11205	277	6635206932	2934	569	0	0	2391	0	0	89	89	135
17.296519	224	11141	11205	277	6638287124	2935	570	0	0	2391	0	0	89	89	135
17.305299	224	11141	11205	277	6642350356	2937	570	0	0	2393	0	0	89	89	135
17.311252	224	11141	11205	277	6645168404	2938	570	0	0	2394	0	0	89	89	134
17.324706	224	11141	11205	278	6651211541	2939	570	0	0	2395	0	0	89	89	135
17.336538	224	11141	11205	278	6656716565	2943	571	0	0	2398	0	0	89	89	135
17.345782	224	11141	11205	278	6660779797	2950	572	0	0	2404	0	0	89	89	135
17.354494	224	11141	11205	278	6664777493	2952	573	0	0	2405	0	0	89	89	135
17.363816	224	11141	11205	278	6669102869	2953	573	0	0	2406	0	0	89	89	134
17.374214	224	11141	11205	279	6673704214	2955	574	0	0	2407	0	0	89	89	135
17.386416	224	11141	11205	279	6679405846	2956	575	0	0	2407	0	0	89	89	135
17.393054	224	11141	11205	279	6682486038	2958	575	0	0	2409	0	0	89	89	135
17.405731	224	11141	11205	279	6688449814	2960	576	0	0	2410	0	0	89	89	135
17.420402	224	11141	11205	279	6695396630	2960	576	0	0	2410	0	0	89	89	135
17.429423	224	11141	11205	280	6699342615	2961	577	0	0	2410	0	0	89	89	134
17.438477	224	11141	11205	280	6703602455	2961	577	0	0	2410	0	0	89	89	134
17.447817	224	11141	11205	280	6707862295	2966	578	0	0	2414	0	0	89	89	135
17.462878	224	11141	11205	280	6714940183	2968	578	0	0	2416	0	0	89	89	135
17.471733	224	11141	11205	280	6719003415	2971	579	0	0	2418	0	0	89	89	134
17.477854	224	11141	11205	281	6721573144	2971	579	0	0	2418	0	0	89	89	134
17.483104	224	11141	11205	281	6723932440	2972	580	0	0	2418	0	0	89	89	130
17.494592	224	11141	11205	281	6729240856	2973	580	0	0	2419	0	0	89	89	133
17.506844	224	11141	11205	281	6735008024	2976	580	0	0	2422	0	0	89	89	135
17.521188	224	11141	11205	281	6741758232	2978	580	0	0	2424	0	0	89	89	134
17.533864	224	11141	11205	282	6747342617	2981	582	0	0	2425	0	0	89	89	135
17.547628	224	11141	11205	282	6753765145	2983	582	0	0	2427	0	0	89	89	135
17.556304	224	11141	11205	282	6757762841	2988	583	0	0	2431	0	0	89	89	135
17.562850	224	11141	11205	282	6760908569	2988	583	0	0	2431	0	0	89	89	135
17.576411	224	11141	11205	282	6767134489	2992	584	0	0	2434	0	0	89	89	134
17.591424	224	11141	11205	283	6773964058	2992	584	0	0	2434	0	0	89	89	134
17.600910	224	11141	11205	283	6778420506	2993	584	0	0	2435	0	0	89	89	135
17.612896	224	11141	11205	283	6784056602	2995	584	0	0	2437	0	0	89	89	135
17.620405	224	11141	11205	283	6787530010	2995	584	0	0	2437	0	0	89	89	135
17.630626	224	11141	11205	284	6792131355	2996	584	0	0	2438	0	0	89	89	135
17.644097	224	11141	11205	284	6798553883	2997	585	0	0	2438	0	0	89	89	132
17.655640	224	11141	11205	284	6803927835	3001	586	0	0	2441	0	0	89	89	135
17.664156	224	11141	11205	284	6807663387	3006	587	0	0	2445	0	0	89	89	135
17.676820	224	11141	11205	284	6813692699	3007	587	0	0	2446	0	0	89	89	133
17.684787	224	11141	11205	285	6817114396	3008	587	0	0	2447	0	0	89	89	135
17.695025	224	11141	11205	285	6821832988	3010	588	0	0	2448	0	0	89	89	134
17.701707	224	11141	11205	285	6824978716	3011	588	0	0	2449	0	0	89	89	135
17.712080	224	11141	11205	285	6829762844	3013	588	0	0	2451	0	0	89	89	135
17.719094	224	11141	11205	285	6832974108	3015	589	0	0	2452	0	0	89	89	135
17.733998	224	11141	11205	285	6839855388	3017	590	0	0	2454	0	0	89	89	134
17.744598	224	11141	11205	286	6844587805	3018	590	0	0	2455	0	0	89	89	132
17.751867	224	11141	11205	286	6847995677	3019	590	0	0	2456	0	0	89	89	135
17.759697	224	11141	11205	286	6851665693	3022	590	0	0	2459	0	0	89	89	135
17.766082	224	11141	11205	286	6854483741	3023	591	0	0	2459	0	0	89	89	135
17.774186	224	11141	11205	286	6858284829	3024	591	0	0	2460	0	0	89	89	134
17.780888	224	11141	11205	286	6861365021	3024	591	0	0	2460	0	0	89	89	134
17.792939	224	11141	11205	287	6866556190	3029	592	0	0	2464	0	0	89	89	135
17.799687	224	11141	11205	287	6869832990	3029	592	0	0	2464	0	0	89	89	135
17.811298	224	11141	11205	287	6875272478	3030	592	0	0	2465	0	0	89	89	135
17.819897	224	11141	11205	287	6879401246	3030	592	0	0	2465	0	0	89	89	135
17.828057	224	11141	11205	287	6883136798	3032	593	0	0	2466	0	0	89	89	135
17.839639	224	11141	11205	288	6888327967	3033	593	0	0	2467	0	0	89	89	135
17.848050	224	11141	11205	288	6892325663	3033	593	0	0	2467	0	0	89	89	135
17.861119	224	11141	11205	288	6898223903	3037	595	0	0	2469	0	0	89	89	135
17.873859	224	11141	11205	288	6904056607	3042	596	0	0	2473	0	0	89	89	135
17.879486	224	11141	11205	288	6906743583	3042	596	0	0	2473	0	0	89	89	135
17.888878	224	11141	11205	288	6911134495	3043	596	0	0	2474	0	0	89	89	134
17.896347	224	11141	11205	289	6914031904	3046	598	0	0	2476	0	0	89	89	135
17.911232	224	11141	11205	289	6921109792	3047	599	0	0	2476	0	0	89	89	135
17.918482	224	11141	11205	289	6924255520	3050	600	0	0	2478	0	0	89	89	135
17.927451	224	11141	11205	289	6928515360	3050	600	0	0	2478	0	0	89	89	135
17.942167	224	11141	11205	289	6935200032	3053	602	0	0	2479	0	0	89	89	135
17.947594	224	11141	11205	290	6937311009	3055	602	0	0	2481	0	0	89	89	135
17.953257	224	11141	11205	290	6939866913	3055	602	0	0	2481	0	0	89	89	135
17.967717	224	11141	11205	290	6946354977	3059	603	0	0	2484	0	0	89	89	135
17.977196	224	11141	11205	290	6950614817	3061	603	0	0	2486	0	0	89	89	135
17.985941	224	11141	11205	290	6954678049	3062	604	0	0	2486	0	0	89	89	135
17.997953	224	11141	11205	291	6960000290	3063	604	0	0	2487	0	0	89	89	134
18.009804	224	11141	11205	291	6965374242	3066	604	0	0	2490	0	0	89	89	134
18.017490	224	11141	11205	291	6968782114	3069	604	0	0	2493	0	0	89	89	135
18.031696	224	11141	11205	291	6975270178	3073	604	0	0	2497	0	0	89	89	135
18.044588	224	11141	11205	291	6981299490	3075	604	0	0	2499	0	0	89	89	133
18.055836	224	11141	11205	292	6986228515	3078	604	0	0	2502	0	0	89	89	135
18.061436	224	11141	11205	292	6988849955	3079	604	0	0	2503	0	0	89	89	132
18.074035	224	11141	11205	292	6994486051	3081	604	0	0	2505	0	0	89	89	135
18.085145	224	11141	11205	292	6999597859	3086	605	0	0	2509	0	0	89	89	135
18.099560	224	11141	11205	292	7006348067	3089	606	0	0	2511	0	0	89	89	134
18.113994	224	11141	11205	293	7012849956	3093	606	0	0	2515	0	0	89	89	134
18.120682	224	11141	11205	293	7016061220	3093	606	0	0	2515	0	0	89	89	134
18.131366	224	11141	11205	293	7021107492	3094	606	0	0	2516	0	0	89	89	135
18.142288	224	11141	11205	293	7026088228	3098	606	0	0	2520	0	0	89	89	135
18.149603	224	11141	11205	293	7029496100	3099	606	0	0	2521	0	0	89	89	134
18.159864	224	11141	11205	294	7034031909	3101	607	0	0	2522	0	0	89	89	134
18.169010	224	11141	11205	294	7038291749	3103	608	0	0	2523	0	0	89	89	134
18.178571	224	11141	11205	294	7042748197	3105	608	0	0	2525	0	0	89	89	135
18.186002	224	11141	11205	294	7046221605	3107	608	0	0	2527	0	0	89	89	135
18.200644	224	11141	11205	294	7053299493	3109	609	0	0	2528	0	0	89	89	133
18.208729	224	11141	11205	295	7056786726	3110	609	0	0	2529	0	0	89	89	135
18.214643	224	11141	11205	295	7059604774	3110	609	0	0	2529	0	0	89	89	135
18.221651	224	11141	11205	295	7062816038	3111	609	0	0	2530	0	0	89	89	133
18.236874	224	11141	11205	295	7070156070	3113	610	0	0	2531	0	0	89	89	135
18.248821	224	11141	11205	295	7075792166	3114	610	0	0	2532	0	0	89	89	135
18.258410	224	11141	11205	296	7080065831	3114	610	0	0	2532	0	0	89	89	135
18.271537	224	11141	11205	296	7086291751	3116	610	0	0	2534	0	0	89	89	134
18.284873	224	11141	11205	296	7092452135	3121	611	0	0	2538	0	0	89	89	135
18.291028	224	11141	11205	296	7095270183	3122	612	0	0	2539	0	0	89	89	135
18.305369	224	11141	11205	296	7102020391	3123	613	0	0	2539	0	0	89	89	135
18.318288	224	11141	11205	297	7107866920	3124	613	0	0	2540	0	0	89	89	135
18.333153	224	11141	11205	297	7114944808	3125	614	0	0	2540	0	0	89	89	135
18.339258	224	11141	11205	297	7117828392	3125	614	0	0	2540	0	0	89	89	135
18.347354	224	11141	11205	297	7121498408	3128	614	0	0	2543	0	0	89	89	135
18.353544	224	11141	11205	297	7124513064	3128	614	0	0	2543	0	0	89	89	135
18.367010	224	11141	11205	298	7130490665	3132	615	0	0	2546	0	0	89	89	134
18.375395	224	11141	11205	298	7134488361	3133	616	0	0	2547	0	0	89	89	132
18.383802	224	11141	11205	298	7138420521	3134	616	0	0	2547	0	0	89	89	135
18.390563	224	11141	11205	298	7141697321	3134	616	0	0	2547	0	0	89	89	135
18.405026	224	11141	11205	298	7148316457	3137	616	0	0	2550	0	0	89	89	135
18.420021	224	11141	11205	299	7155211562	3140	617	0	0	2552	0	0	89	89	134
18.430795	224	11141	11205	299	7160388906	3141	617	0	0	2553	0	0	89	89	135
18.442020	224	11141	11205	299	7165762858	3142	617	0	0	2554	0	0	89	89	135
18.448863	224	11141	11205	299	7169039658	3143	617	0	0	2555	0	0	89	89	135
18.459504	224	11141	11205	299	7174151466	3143	617	0	0	2555	0	0	89	89	135
18.471425	224	11141	11205	300	7179604779	3144	618	0	0	2555	0	0	89	89	129
18.481703	224	11141	11205	300	7184585515	3145	619	0	0	2555	0	0	89	89	134
18.488933	224	11141	11205	300	7187927851	3145	619	0	0	2555	0	0	89	89	134
18.495171	224	11141	11205	300	7190680363	3147	619	0	0	2557	0	0	89	89	135
18.507703	224	11141	11205	300	7196381995	3151	620	0	0	2561	0	0	89	89	134
18.522754	224	11141	11205	301	7203080492	3155	621	0	0	2564	0	0	89	89	133
18.536367	224	11141	11205	301	7209503020	3156	621	0	0	2565	0	0	89	89	135
18.549437	224	11141	11205	301	7215532332	3158	621	0	0	2567	0	0	89	89	135
18.561329	224	11141	11205	301	7221233964	3160	621	0	0	2569	0	0	89	89	134
18.573825	224	11141	11205	302	7226556205	3166	624	0	0	2573	0	0	89	89	135
18.581989	224	11141	11205	302	7230291757	3168	626	0	0	2573	0	0	89	89	129
18.594131	224	11141	11205	302	7235993389	3172	628	0	0	2575	0	0	89	89	135
18.601312	224	11141	11205	302	7239335725	3173	629	0	0	2576	0	0	89	89	135
18.614267	224	11141	11205	302	7245233965	3176	630	0	0	2578	0	0	89	89	135
18.620910	224	11141	11205	303	7248131374	3177	630	0	0	2579	0	0	89	89	134
18.635840	224	11141	11205	303	7255143726	3178	630	0	0	2580	0	0	89	89	132
18.648133	224	11141	11205	303	7260714286	3183	632	0	0	2584	0	0	89	89	135
18.661535	224	11141	11205	303	7266874670	3187	632	0	0	2588	0	0	89	89	134
18.669857	224	11141	11205	303	7270806830	3187	632	0	0	2588	0	0	89	89	134
18.681435	224	11141	11205	304	7275866927	3191	635	0	0	2589	0	0	89	89	130
18.691285	224	11141	11205	304	7280519983	3192	636	0	0	2589	0	0	89	89	135
18.706251	224	11141	11205	304	7287532335	3195	637	0	0	2591	0	0	89	89	135
18.716177	224	11141	11205	304	7292250927	3197	637	0	0	2592	0	0	89	89	132
18.727786	224	11141	11205	305	7297376560	3199	638	0	0	2594	0	0	89	89	135
18.738260	224	11141	11205	305	7302291760	3201	639	0	0	2595	0	0	89	89	133
18.744886	224	11141	11205	305	7305371952	3202	639	0	0	2596	0	0	89	89	135
18.751817	224	11141	11205	305	7308583216	3207	640	0	0	2600	0	0	89	89	135
18.759986	224	11141	11205	305	7312384304	3208	640	0	0	2601	0	0	89	89	135
18.766519	224	11141	11205	305	7315398960	3211	642	0	0	2602	0	0	89	89	134
18.775506	224	11141	11205	305	7319462192	3213	643	0	0	2603	0	0	89	89	135
18.782874	224	11141	11205	306	7322687281	3214	644	0	0	2603	0	0	89	89	135
18.794618	224	11141	11205	306	7328192305	3216	644	0	0	2605	0	0	89	89	134
18.809069	224	11141	11205	306	7335008049	3218	644	0	0	2607	0	0	89	89	135
18.822581	224	11141	11205	306	7341299505	3221	644	0	0	2610	0	0	89	89	132
18.829351	224	11141	11205	307	7344131378	3224	644	0	0	2613	0	0	89	89	135
18.840210	224	11141	11205	307	7348981042	3225	644	0	0	2614	0	0	89	89	135
18.847636	224	11141	11205	307	7352388914	3226	644	0	0	2615	0	0	89	89	135
18.855385	224	11141	11205	307	7355993394	3228	644	0	0	2617	0	0	89	89	135
18.866586	224	11141	11205	307	7361170738	3232	644	0	0	2621	0	0	89	89	135
18.877911	224	11141	11205	307	7366479154	3233	644	0	0	2622	0	0	89	89	135
18.887443	224	11141	11205	308	7370556211	3236	645	0	0	2624	0	0	89	89	135
18.898474	224	11141	11205	308	7375536947	3240	646	0	0	2627	0	0	89	89	134
18.908892	224	11141	11205	308	7380255539	3245	646	0	0	2632	0	0	89	89	135
18.918298	224	11141	11205	308	7384711987	3245	646	0	0	2632	0	0	89	89	135
18.930775	224	11141	11205	308	7390610227	3245	646	0	0	2632	0	0	89	89	135
18.942975	224	11141	11205	309	7396063540	3248	647	0	0	2634	0	0	89	89	134
18.953251	224	11141	11205	309	7400913204	3249	647	0	0	2635	0	0	89	89	135
18.967269	224	11141	11205	309	7407532340	3251	648	0	0	2636	0	0	89	89	135
18.975930	224	11141	11205	309	7411398964	3253	649	0	0	2637	0	0	89	89	135
18.988689	224	11141	11205	310	7417048885	3255	650	0	0	2638	0	0	89	89	135
18.997413	224	11141	11205	310	7421046581	3256	650	0	0	2639	0	0	89	89	133
19.009290	224	11141	11205	310	7426420533	3261	651	0	0	2642	0	0	89	89	135
19.015532	224	11141	11205	310	7429238581	3262	652	0	0	2643	0	0	89	89	135
19.030042	224	11141	11205	310	7435923253	3264	653	0	0	2645	0	0	89	89	134
19.044736	224	11141	11205	311	7442425142	3266	654	0	0	2646	0	0	89	89	134
19.051981	224	11141	11205	311	7445833014	3267	655	0	0	2646	0	0	89	89	130
19.060500	224	11141	11205	311	7449830710	3267	655	0	0	2646	0	0	89	89	130
19.072409	224	11141	11205	311	7455270198	3271	655	0	0	2650	0	0	89	89	135
19.078394	224	11141	11205	311	7457957174	3272	655	0	0	2651	0	0	89	89	135
19.090270	224	11141	11205	311	7463200054	3275	655	0	0	2654	0	0	89	89	135
19.103616	224	11141	11205	312	7468718903	3280	655	0	0	2659	0	0	89	89	132
19.110722	224	11141	11205	312	7472061239	3280	655	0	0	2659	0	0	89	89	132
19.124903	224	11141	11205	312	7478483767	3281	655	0	0	2660	0	0	89	89	135
19.137797	224	11141	11205	312	7484316471	3282	656	0	0	2660	0	0	89	89	135
19.144419	224	11141	11205	312	7487265591	3282	656	0	0	2660	0	0	89	89	135
19.158455	224	11141	11205	313	7493308728	3286	656	0	0	2664	0	0	89	89	131
19.171570	224	11141	11205	313	7499469112	3288	657	0	0	2665	0	0	89	89	135
19.185447	224	11141	11205	313	7505891640	3292	658	0	0	2668	0	0	89	89	135
19.194359	224	11141	11205	313	7509954872	3294	660	0	0	2668	0	0	89	89	133
19.207692	224	11141	11205	314	7515932473	3297	660	0	0	2671	0	0	89	89	135
19.220838	224	11141	11205	314	7521830713	3300	661	0	0	2673	0	0	89	89	135
19.235055	224	11141	11205	314	7527532345	3306	662	0	0	2678	0	0	89	89	135
19.249172	224	11141	11205	314	7533365049	3311	665	0	0	2680	0	0	89	89	133
19.263035	224	11141	11205	315	7538621754	3313	665	0	0	2682	0	0	89	89	135
19.272591	224	11141	11205	315	7542947130	3314	665	0	0	2683	0	0	89	89	135
19.284867	224	11141	11205	315	7548648762	3318	666	0	0	2686	0	0	89	89	135
19.291179	224	11141	11205	315	7551663418	3318	666	0	0	2686	0	0	89	89	135
19.299044	224	11141	11205	315	7555136826	3318	666	0	0	2686	0	0	89	89	135
19.305531	224	11141	11205	315	7558085946	3320	666	0	0	2688	0	0	89	89	133
19.320466	224	11141	11205	316	7564849979	3322	668	0	0	2688	0	0	89	89	132
19.334969	224	11141	11205	316	7571469115	3327	669	0	0	2692	0	0	89	89	135
19.347722	224	11141	11205	316	7577498427	3329	669	0	0	2694	0	0	89	89	135
19.355246	224	11141	11205	316	7580971835	3330	669	0	0	2695	0	0	89	89	134
19.362312	224	11141	11205	317	7584000316	3330	669	0	0	2695	0	0	89	89	134
19.372369	224	11141	11205	317	7588587836	3333	669	0	0	2698	0	0	89	89	134
19.378316	224	11141	11205	317	7591143740	3338	670	0	0	2702	0	0	89	89	135
19.391974	224	11141	11205	317	7597435196	3340	670	0	0	2704	0	0	89	89	135
19.402903	224	11141	11205	317	7602678076	3340	670	0	0	2704	0	0	89	89	135
19.412679	224	11141	11205	317	7607331132	3340	670	0	0	2704	0	0	89	89	135
19.425655	224	11141	11205	318	7613046589	3341	670	0	0	2705	0	0	89	89	133
19.431038	224	11141	11205	318	7615602493	3342	670	0	0	2706	0	0	89	89	135
19.443264	224	11141	11205	318	7621369661	3342	670	0	0	2706	0	0	89	89	135
19.458364	224	11141	11205	318	7628382013	3343	670	0	0	2707	0	0	89	89	134
19.464870	224	11141	11205	318	7631396669	3346	671	0	0	2709	0	0	89	89	135
19.478446	224	11141	11205	319	7637570878	3349	672	0	0	2711	0	0	89	89	132
19.491988	224	11141	11205	319	7643862334	3353	672	0	0	2715	0	0	89	89	135
19.502803	224	11141	11205	319	7648974142	3354	672	0	0	2716	0	0	89	89	135
19.508411	224	11141	11205	319	7651595582	3354	672	0	0	2716	0	0	89	89	135
19.522760	224	11141	11205	320	7658031935	3355	672	0	0	2717	0	0	89	89	135
19.528215	224	11141	11205	320	7660522303	3355	672	0	0	2717	0	0	89	89	135
19.536556	224	11141	11205	320	7664454463	3357	673	0	0	2719	0	0	89	89	134
19.549036	224	11141	11205	320	7670287167	3360	673	0	0	2722	0	0	89	89	135
19.562219	224	11141	11205	320	7676382015	3364	675	0	0	2724	0	0	89	89	133
19.567600	224	11141	11205	320	7678872383	3365	675	0	0	2724	0	0	89	89	135
19.577129	224	11141	11205	321	7681769792	3367	676	0	0	2726	0	0	89	89	134
19.584859	224	11141	11205	321	7685112128	3369	676	0	0	2728	0	0	89	89	134
19.594893	224	11141	11205	321	7689765184	3371	677	0	0	2729	0	0	89	89	135
19.609954	224	11141	11205	321	7696843072	3375	677	0	0	2733	0	0	89	89	135
19.619747	224	11141	11205	321	7701299520	3376	677	0	0	2734	0	0	89	89	134
19.626330	224	11141	11205	322	7704000321	3379	677	0	0	2737	0	0	89	89	135
19.641338	224	11141	11205	322	7710881601	3385	678	0	0	2743	0	0	89	89	134
19.647152	224	11141	11205	322	7713503041	3386	678	0	0	2744	0	0	89	89	135
19.657407	224	11141	11205	322	7718287169	3388	678	0	0	2746	0	0	89	89	135
19.668534	224	11141	11205	322	7723464513	3389	678	0	0	2747	0	0	89	89	135
19.679137	224	11141	11205	323	7728065858	3389	678	0	0	2747	0	0	89	89	135
19.693775	224	11141	11205	323	7734816066	3392	679	0	0	2749	0	0	89	89	135
19.707308	224	11141	11205	323	7741041986	3394	679	0	0	2751	0	0	89	89	135
19.713349	224	11141	11205	323	7743925570	3395	680	0	0	2752	0	0	89	89	135
19.723962	224	11141	11205	323	7748775234	3398	681	0	0	2754	0	0	89	89	134
19.734006	224	11141	11205	324	7753179971	3402	681	0	0	2758	0	0	89	89	135
19.743571	224	11141	11205	324	7757636419	3403	682	0	0	2758	0	0	89	89	134
19.752123	224	11141	11205	324	7761503043	3406	682	0	0	2761	0	0	89	89	135
19.766971	224	11141	11205	324	7768122179	3413	683	0	0	2767	0	0	89	89	135
19.772839	224	11141	11205	324	7770809155	3415	683	0	0	2769	0	0	89	89	134
19.779640	224	11141	11205	324	7773823811	3416	683	0	0	2770	0	0	89	89	134
19.791701	224	11141	11205	325	7779211588	3418	683	0	0	2772	0	0	89	89	134
19.806826	224	11141	11205	325	7786092868	3422	683	0	0	2776	0	0	89	89	135
19.815693	224	11141	11205	325	7790090564	3424	683	0	0	2778	0	0	89	89	135
19.822685	224	11141	11205	325	7793236292	3428	683	0	0	2782	0	0	89	89	135
19.837314	224	11141	11205	326	7800000325	3429	684	0	0	2782	0	0	89	89	132
19.843009	224	11141	11205	326	7802490693	3430	685	0	0	2782	0	0	89	89	135
19.850342	224	11141	11205	326	7805964101	3430	685	0	0	2782	0	0	89	89	135
19.855692	224	11141	11205	326	7808388933	3432	685	0	0	2784	0	0	89	89	135
19.868307	224	11141	11205	326	7814090565	3433	686	0	0	2785	0	0	89	89	135
19.882139	224	11141	11205	326	7820447557	3435	686	0	0	2787	0	0	89	89	135
19.896202	224	11141	11205	327	7826752838	3437	687	0	0	2788	0	0	89	89	134
19.909067	224	11141	11205	327	7832782150	3440	688	0	0	2790	0	0	89	89	135
19.918354	224	11141	11205	327	7837041990	3444	688	0	0	2794	0	0	89	89	135
19.925848	224	11141	11205	327	7840449862	3445	688	0	0	2795	0	0	89	89	135
19.933400	224	11141	11205	327	7843988806	3446	688	0	0	2796	0	0	89	89	134
19.942395	224	11141	11205	328	7848000327	3447	688	0	0	2797	0	0	89	89	132
19.954913	224	11141	11205	328	7853767495	3449	689	0	0	2798	0	0	89	89	133
19.966117	224	11141	11205	328	7858879303	3451	690	0	0	2800	0	0	89	89	135
19.980057	224	11141	11205	328	7865105223	3455	691	0	0	2803	0	0	89	89	135
19.992882	224	11141	11205	328	7870544711	3457	691	0	0	2805	0	0	89	89	133
20.000902	224	11141	11205	329	7874031944	3458	691	0	0	2806	0	0	89	89	135
20.014012	224	11141	11205	329	7879930184	3462	691	0	0	2810	0	0	89	89	135
20.026556	224	11141	11205	329	7885697352	3464	691	0	0	2812	0	0	89	89	135
20.034213	224	11141	11205	329	7889105224	3467	691	0	0	2815	0	0	89	89	135
20.046339	224	11141	11205	329	7894741320	3469	691	0	0	2817	0	0	89	89	134
20.061380	224	11141	11205	330	7901243209	3474	691	0	0	2821	0	0	89	89	134
20.067649	224	11141	11205	330	7903995721	3474	692	0	0	2821	0	0	89	89	134
20.075703	224	11141	11205	330	7907731273	3474	692	0	0	2821	0	0	89	89	134
20.085334	224	11141	11205	330	7912122185	3478	693	0	0	2824	0	0	89	89	135
20.100532	224	11141	11205	330	7919331145	3480	694	0	0	2825	0	0	89	89	134
20.112885	224	11141	11205	331	7924456778	3482	694	0	0	2827	0	0	89	89	133
20.125289	224	11141	11205	331	7930027338	3488	695	0	0	2832	0	0	89	89	135
20.133279	224	11141	11205	331	7933500746	3493	696	0	0	2836	0	0	89	89	135
20.146332	224	11141	11205	331	7939530058	3496	698	0	0	2838	0	0	89	89	134
20.153347	224	11141	11205	331	7942872394	3496	698	0	0	2838	0	0	89	89	134
20.168305	224	11141	11205	332	7949177675	3499	699	0	0	2840	0	0	89	89	131
20.173923	224	11141	11205	332	7951733579	3502	699	0	0	2843	0	0	89	89	135
20.182599	224	11141	11205	332	7955665739	3505	700	0	0	2845	0	0	89	89	135
20.188327	224	11141	11205	332	7958287179	3506	700	0	0	2846	0	0	89	89	135
20.194257	224	11141	11205	332	7961039691	3506	700	0	0	2846	0	0	89	89	135
20.209243	224	11141	11205	332	7967265611	3507	701	0	0	2846	0	0	89	89	134
20.220014	224	11141	11205	333	7971801420	3511	701	0	0	2850	0	0	89	89	134
20.225572	224	11141	11205	333	7974422860	3511	701	0	0	2850	0	0	89	89	134
20.239922	224	11141	11205	333	7980910924	3513	701	0	0	2852	0	0	89	89	135
20.249868	224	11141	11205	333	7985498444	3517	702	0	0	2855	0	0	89	89	135
20.264411	224	11141	11205	334	7992000333	3518	702	0	0	2856	0	0	89	89	134
20.279290	224	11141	11205	334	7998881613	3520	702	0	0	2858	0	0	89	89	133
20.292489	224	11141	11205	334	8004714317	3524	703	0	0	2861	0	0	89	89	135
20.301737	224	11141	11205	334	8008712013	3525	703	0	0	2862	0	0	89	89	135
20.310702	224	11141	11205	334	8012971853	3526	703	0	0	2863	0	0	89	89	135
20.325696	224	11141	11205	335	8019604814	3528	703	0	0	2865	0	0	89	89	135
20.334319	224	11141	11205	335	8023405902	3530	703	0	0	2867	0	0	89	89	135
20.344843	224	11141	11205	335	8028190030	3534	704	0	0	2870	0	0	89	89	135
20.352223	224	11141	11205	335	8031532366	3537	704	0	0	2873	0	0	89	89	135
20.361682	224	11141	11205	335	8035923278	3540	704	0	0	2876	0	0	89	89	134
20.369513	224	11141	11205	335	8039527758	3540	704	0	0	2876	0	0	89	89	134
20.375111	224	11141	11205	336	8041769807	3541	704	0	0	2877	0	0	89	89	135
20.386698	224	11141	11205	336	8047143759	3545	705	0	0	2881	0	0	89	89	135
20.394742	224	11141	11205	336	8050879311	3546	705	0	0	2882	0	0	89	89	135
20.409000	224	11141	11205	336	8057498447	3549	705	0	0	2885	0	0	89	89	135
20.414508	224	11141	11205	336	8059988815	3550	706	0	0	2885	0	0	89	89	133
20.429321	224	11141	11205	337	8066556240	3552	706	0	0	2887	0	0	89	89	135
20.434960	224	11141	11205	337	8069177680	3553	707	0	0	2887	0	0	89	89	132
20.442206	224	11141	11205	337	8072388944	3555	707	0	0	2889	0	0	89	89	135
20.453371	224	11141	11205	337	8077566288	3557	707	0	0	2891	0	0	89	89	135
20.460045	224	11141	11205	337	8080515408	3559	708	0	0	2892	0	0	89	89	135
20.466116	224	11141	11205	337	8083398992	3559	708	0	0	2892	0	0	89	89	135
20.471639	224	11141	11205	337	8085758288	3562	709	0	0	2894	0	0	89	89	133
20.483205	224	11141	11205	338	8090949457	3563	709	0	0	2895	0	0	89	89	134
20.491886	224	11141	11205	338	8094947153	3565	710	0	0	2896	0	0	89	89	135
20.503116	224	11141	11205	338	8099993425	3572	710	0	0	2903	0	0	89	89	135
20.513168	224	11141	11205	338	8104777553	3572	710	0	0	2903	0	0	89	89	135
20.521495	224	11141	11205	338	8108644177	3573	710	0	0	2904	0	0	89	89	134
20.529409	224	11141	11205	339	8112000338	3573	710	0	0	2904	0	0	89	89	134
20.539578	224	11141	11205	339	8116653394	3575	710	0	0	2906	0	0	89	89	133
20.549321	224	11141	11205	339	8120978770	3577	710	0	0	2908	0	0	89	89	135
20.555448	224	11141	11205	339	8123796818	3579	710	0	0	2910	0	0	89	89	135
20.563412	224	11141	11205	339	8127270226	3583	712	0	0	2913	0	0	89	89	135
20.574275	224	11141	11205	339	8132382034	3584	712	0	0	2914	0	0	89	89	135
20.587830	224	11141	11205	340	8138359635	3587	712	0	0	2917	0	0	89	89	135
20.593758	224	11141	11205	340	8141177683	3587	712	0	0	2917	0	0	89	89	135
20.604179	224	11141	11205	340	8146027347	3590	712	0	0	2920	0	0	89	89	135
20.616423	224	11141	11205	340	8151860051	3593	712	0	0	2923	0	0	89	89	135
20.628659	224	11141	11205	340	8157430611	3596	713	0	0	2925	0	0	89	89	133
20.640706	224	11141	11205	341	8162818388	3598	714	0	0	2926	0	0	89	89	133
20.650102	224	11141	11205	341	8167078228	3602	717	0	0	2927	0	0	89	89	135
20.662147	224	11141	11205	341	8172714324	3604	718	0	0	2928	0	0	89	89	135
20.668850	224	11141	11205	341	8175860052	3605	718	0	0	2929	0	0	89	89	135
20.679151	224	11141	11205	341	8180578644	3606	718	0	0	2930	0	0	89	89	135
20.690967	224	11141	11205	342	8185769813	3612	719	0	0	2935	0	0	89	89	134
20.700525	224	11141	11205	342	8190291797	3613	719	0	0	2936	0	0	89	89	134
20.710835	224	11141	11205	342	8195075925	3615	720	0	0	2937	0	0	89	89	135
20.716288	224	11141	11205	342	8197566293	3618	720	0	0	2940	0	0	89	89	135
20.727878	224	11141	11205	342	8202809173	3620	722	0	0	2941	0	0	89	89	135
20.738679	224	11141	11205	342	8207789909	3625	724	0	0	2945	0	0	89	89	135
20.753388	224	11141	11205	343	8214422870	3628	726	0	0	2946	0	0	89	89	134
20.764190	224	11141	11205	343	8219338070	3631	726	0	0	2949	0	0	89	89	135
20.777021	224	11141	11205	343	8225367382	3634	726	0	0	2952	0	0	89	89	135
20.790900	224	11141	11205	343	8231789910	3637	727	0	0	2954	0	0	89	89	134
20.800639	224	11141	11205	344	8235998039	3639	727	0	0	2956	0	0	89	89	131
20.810674	224	11141	11205	344	8240651095	3641	727	0	0	2958	0	0	89	89	135
20.823360	224	11141	11205	344	8246745943	3641	727	0	0	2958	0	0	89	89	135
20.833169	224	11141	11205	344	8251005783	3644	727	0	0	2961	0	0	89	89	135
20.848245	224	11141	11205	345	8257704280	3647	729	0	0	2962	0	0	89	89	135
20.856129	224	11141	11205	345	8261374296	3648	730	0	0	2963	0	0	89	89	133
20.870609	224	11141	11205	345	8267731288	3651	730	0	0	2966	0	0	89	89	135
20.877555	224	11141	11205	345	8270942552	3653	730	0	0	2968	0	0	89	89	135
20.890336	224	11141	11205	345	8276906328	3655	730	0	0	2970	0	0	89	89	135
20.905339	224	11141	11205	346	8283801433	3655	730	0	0	2970	0	0	89	89	135
20.914398	224	11141	11205	346	8287864665	3658	731	0	0	2972	0	0	89	89	135
20.926973	224	11141	11205	346	8293566297	3663	731	0	0	2977	0	0	89	89	135
20.934359	224	11141	11205	346	8297039705	3665	733	0	0	2977	0	0	89	89	135
20.946613	224	11141	11205	346	8302675801	3668	734	0	0	2979	0	0	89	89	134
20.961527	224	11141	11205	347	8309374298	3668	734	0	0	2979	0	0	89	89	134
20.970762	224	11141	11205	347	8313699674	3671	735	0	0	2981	0	0	89	89	135
20.977901	224	11141	11205	347	8316845402	3675	735	0	0	2985	0	0	89	89	135
20.985230	224	11141	11205	347	8320253274	3677	735	0	0	2987	0	0	89	89	135
20.993949	224	11141	11205	347	8324250970	3678	735	0	0	2988	0	0	89	89	134
21.007051	224	11141	11205	348	8330228571	3678	735	0	0	2988	0	0	89	89	134
21.012830	224	11141	11205	348	8332915547	3678	735	0	0	2988	0	0	89	89	134
21.023251	224	11141	11205	348	8337634139	3682	735	0	0	2992	0	0	89	89	135
21.032655	224	11141	11205	348	8341893979	3684	735	0	0	2994	0	0	89	89	135
21.046966	224	11141	11205	348	8348513115	3685	735	0	0	2995	0	0	89	89	134
21.055381	224	11141	11205	349	8352131420	3687	735	0	0	2997	0	0	89	89	135
21.061146	224	11141	11205	349	8354752860	3687	735	0	0	2997	0	0	89	89	135
21.069730	224	11141	11205	349	8358685020	3690	736	0	0	2999	0	0	89	89	135
21.082794	224	11141	11205	349	8364714332	3691	736	0	0	3001	0	0	89	89	135
21.097749	224	11141	11205	349	8371595612	3692	736	0	0	3002	0	0	89	89	133
21.108695	224	11141	11205	350	8376524637	3693	736	0	0	3003	0	0	89	89	134
21.123487	224	11141	11205	350	8383274845	3701	739	0	0	3009	0	0	89	89	135
21.132192	224	11141	11205	350	8387207005	3705	740	0	0	3012	0	0	89	89	135
21.146237	224	11141	11205	350	8393760605	3708	740	0	0	3015	0	0	89	89	135
21.160242	224	11141	11205	351	8400000350	3709	741	0	0	3015	0	0	89	89	133
21.171607	224	11141	11205	351	8405308766	3709	741	0	0	3015	0	0	89	89	133
21.183551	224	11141	11205	351	8410748254	3712	742	0	0	3017	0	0	89	89	135
21.189870	224	11141	11205	351	8413631838	3714	744	0	0	3017	0	0	89	89	135
21.198128	224	11141	11205	351	8417498462	3716	745	0	0	3018	0	0	89	89	135
21.210839	224	11141	11205	351	8423134558	3720	746	0	0	3021	0	0	89	89	133
21.221859	224	11141	11205	352	8427932511	3723	747	0	0	3023	0	0	89	89	132
21.236104	224	11141	11205	352	8434420575	3724	747	0	0	3024	0	0	89	89	135
21.245974	224	11141	11205	352	8438877023	3727	748	0	0	3026	0	0	89	89	135
21.254463	224	11141	11205	352	8442809183	3731	748	0	0	3030	0	0	89	89	134
21.266973	224	11141	11205	353	8448262496	3733	749	0	0	3031	0	0	89	89	135
21.274008	224	11141	11205	353	8451539296	3734	750	0	0	3031	0	0	89	89	135
21.280542	224	11141	11205	353	8454488416	3736	750	0	0	3033	0	0	89	89	135
21.294633	224	11141	11205	353	8461107552	3739	750	0	0	3036	0	0	89	89	135
21.301046	224	11141	11205	353	8464122208	3740	750	0	0	3037	0	0	89	89	135
21.309547	224	11141	11205	353	8468119904	3742	751	0	0	3038	0	0	89	89	134
21.318312	224	11141	11205	354	8472000353	3744	751	0	0	3040	0	0	89	89	135
21.325920	224	11141	11205	354	8475539297	3745	752	0	0	3040	0	0	89	89	133
21.335128	224	11141	11205	354	8479668065	3747	753	0	0	3041	0	0	89	89	134
21.343221	224	11141	11205	354	8483338081	3748	753	0	0	3042	0	0	89	89	135
21.349112	224	11141	11205	354	8485762913	3750	753	0	0	3044	0	0	89	89	135
21.357953	224	11141	11205	354	8489891681	3753	753	0	0	3047	0	0	89	89	135
21.368767	224	11141	11205	354	8494937953	3754	753	0	0	3048	0	0	89	89	134
21.379763	224	11141	11205	355	8499866978	3755	753	0	0	3049	0	0	89	89	135
21.392340	224	11141	11205	355	8505699682	3757	753	0	0	3051	0	0	89	89	135
21.400710	224	11141	11205	355	8509631842	3757	753	0	0	3051	0	0	89	89	135
21.414955	224	11141	11205	355	8516054370	3761	754	0	0	3054	0	0	89	89	135
21.427780	224	11141	11205	356	8521835363	3762	754	0	0	3055	0	0	89	89	135
21.437732	224	11141	11205	356	8526488419	3765	756	0	0	3056	0	0	89	89	133
21.448173	224	11141	11205	356	8530879331	3767	757	0	0	3057	0	0	89	89	135
21.462316	224	11141	11205	356	8536777571	3771	758	0	0	3060	0	0	89	89	135
21.474503	224	11141	11205	356	8541954915	3773	759	0	0	3061	0	0	89	89	133
21.481480	224	11141	11205	357	8544524644	3775	759	0	0	3063	0	0	89	89	135
21.493707	224	11141	11205	357	8549767524	3779	759	0	0	3067	0	0	89	89	132
21.508495	224	11141	11205	357	8556517732	3780	760	0	0	3067	0	0	89	89	135
21.520840	224	11141	11205	357	8562219364	3782	760	0	0	3069	0	0	89	89	135
21.526244	224	11141	11205	357	8564775268	3782	760	0	0	3069	0	0	89	89	135
21.536560	224	11141	11205	358	8569114469	3783	760	0	0	3070	0	0	89	89	135
21.548888	224	11141	11205	358	8574750565	3788	760	0	0	3075	0	0	89	89	135
21.556930	224	11141	11205	358	8578486117	3791	760	0	0	3078	0	0	89	89	135
21.569749	224	11141	11205	358	8584056677	3791	760	0	0	3078	0	0	89	89	135
21.583025	224	11141	11205	358	8588906341	3792	760	0	0	3079	0	0	89	89	135
21.592768	224	11141	11205	359	8592721254	3794	760	0	0	3081	0	0	89	89	135
21.601033	224	11141	11205	359	8596260198	3796	761	0	0	3082	0	0	89	89	130
21.615527	224	11141	11205	359	8602289510	3798	761	0	0	3084	0	0	89	89	135
21.629484	224	11141	11205	359	8608712038	3801	761	0	0	3087	0	0	89	89	135
21.638469	224	11141	11205	359	8612971878	3802	761	0	0	3088	0	0	89	89	134
21.646427	224	11141	11205	360	8616196967	3802	761	0	0	3088	0	0	89	89	134
21.654324	224	11141	11205	360	8619735911	3806	763	0	0	3090	0	0	89	89	130
21.664944	224	11141	11205	360	8624257895	3811	764	0	0	3094	0	0	89	89	135
21.671122	224	11141	11205	360	8627010407	3813	765	0	0	3095	0	0	89	89	135
21.676397	224	11141	11205	360	8629369703	3813	765	0	0	3095	0	0	89	89	135
21.690139	224	11141	11205	360	8635595623	3817	765	0	0	3099	0	0	89	89	134
21.695362	224	11141	11205	360	8638085991	3817	765	0	0	3099	0	0	89	89	134
21.704819	224	11141	11205	361	8642228584	3818	765	0	0	3100	0	0	89	89	135
21.719222	224	11141	11205	361	8648913256	3818	765	0	0	3100	0	0	89	89	135
21.730875	224	11141	11205	361	8654090600	3825	765	0	0	3107	0	0	89	89	135
21.736963	224	11141	11205	361	8656974184	3825	765	0	0	3107	0	0	89	89	135
21.742523	224	11141	11205	361	8659595624	3826	765	0	0	3108	0	0	89	89	134
21.747764	224	11141	11205	361	8661823848	3827	765	0	0	3109	0	0	89	89	133
21.754900	224	11141	11205	362	8664917865	3827	765	0	0	3109	0	0	89	89	133
21.762970	224	11141	11205	362	8668587881	3828	765	0	0	3110	0	0	89	89	134
21.773725	224	11141	11205	362	8673765225	3830	765	0	0	3112	0	0	89	89	135
21.781246	224	11141	11205	362	8677042025	3831	765	0	0	3113	0	0	89	89	135
21.788263	224	11141	11205	362	8680253289	3836	765	0	0	3117	0	0	89	89	135
21.801185	224	11141	11205	362	8686282601	3838	766	0	0	3119	0	0	89	89	134
21.815283	224	11141	11205	363	8692456810	3839	766	0	0	3120	0	0	89	89	135
21.823052	224	11141	11205	363	8695995754	3841	767	0	0	3121	0	0	89	89	135
21.835249	224	11141	11205	363	8701566314	3845	768	0	0	3124	0	0	89	89	135
21.847955	224	11141	11205	363	8707399018	3845	768	0	0	3124	0	0	89	89	135
21.856462	224	11141	11205	363	8711396714	3845	768	0	0	3124	0	0	89	89	135
21.868347	224	11141	11205	364	8716718955	3845	768	0	0	3124	0	0	89	89	135
21.875451	224	11141	11205	364	8719995755	3847	768	0	0	3126	0	0	89	89	135
21.888586	224	11141	11205	364	8725959531	3850	769	0	0	3128	0	0	89	89	135
21.902652	224	11141	11205	364	8732578667	3853	769	0	0	3131	0	0	89	89	133
21.916014	224	11141	11205	365	8738687340	3853	769	0	0	3131	0	0	89	89	133
21.930663	224	11141	11205	365	8745240940	3860	771	0	0	3137	0	0	89	89	135
21.940580	224	11141	11205	365	8749828460	3864	771	0	0	3141	0	0	89	89	135
21.951897	224	11141	11205	365	8754940268	3868	771	0	0	3144	0	0	89	89	134
21.959721	224	11141	11205	365	8758610284	3868	771	0	0	3145	0	0	89	89	134
21.965455	224	11141	11205	366	8760917869	3868	771	0	0	3145	0	0	89	89	134
21.975895	224	11141	11205	366	8765767533	3870	772	0	0	3146	0	0	89	89	131
21.988571	224	11141	11205	366	8771469165	3871	773	0	0	3146	0	0	89	89	135
21.993991	224	11141	11205	366	8774025069	3872	773	0	0	3147	0	0	89	89	135
22.000697	224	11141	11205	366	8777039725	3875	773	0	0	3150	0	0	89	89	135
22.009531	224	11141	11205	366	8781102957	3876	773	0	0	3151	0	0	89	89	134
22.017847	224	11141	11205	367	8784459118	3877	774	0	0	3151	0	0	89	89	134
22.023384	224	11141	11205	367	8787080558	3877	774	0	0	3151	0	0	89	89	134
22.032767	224	11141	11205	367	8791209326	3878	775	0	0	3151	0	0	89	89	135
22.039736	224	11141	11205	367	8794420590	3880	775	0	0	3153	0	0	89	89	135
22.053430	224	11141	11205	367	8800580974	3885	776	0	0	3158	0	0	89	89	135
22.066457	224	11141	11205	367	8806413678	3888	777	0	0	3160	0	0	89	89	134
22.073753	224	11141	11205	368	8809638767	3888	777	0	0	3160	0	0	89	89	134
22.087130	224	11141	11205	368	8815602543	3889	778	0	0	3160	0	0	89	89	134
22.095005	224	11141	11205	368	8819207023	3889	778	0	0	3160	0	0	89	89	134
22.104337	224	11141	11205	368	8823532399	3891	779	0	0	3161	0	0	89	89	135
22.115872	224	11141	11205	368	8828775279	3893	779	0	0	3163	0	0	89	89	133
22.122995	224	11141	11205	369	8832000368	3894	779	0	0	3164	0	0	89	89	134
22.128894	224	11141	11205	369	8834359664	3894	779	0	0	3164	0	0	89	89	134
22.137819	224	11141	11205	369	8838488432	3898	780	0	0	3168	0	0	89	89	135
22.151198	224	11141	11205	369	8844779888	3900	780	0	0	3170	0	0	89	89	135
22.161676	224	11141	11205	369	8849564016	3901	780	0	0	3171	0	0	89	89	135
22.172223	224	11141	11205	369	8854479216	3903	780	0	0	3173	0	0	89	89	134
22.181138	224	11141	11205	370	8858294129	3905	781	0	0	3174	0	0	89	89	135
22.193342	224	11141	11205	370	8863930225	3906	781	0	0	3175	0	0	89	89	135
22.206268	224	11141	11205	370	8869697393	3910	781	0	0	3179	0	0	89	89	135
22.220458	224	11141	11205	370	8876250993	3912	781	0	0	3181	0	0	89	89	135
22.229802	224	11141	11205	371	8880262514	3914	781	0	0	3183	0	0	89	89	135
22.239989	224	11141	11205	371	8884981106	3914	781	0	0	3183	0	0	89	89	135
22.248059	224	11141	11205	371	8888651122	3915	782	0	0	3183	0	0	89	89	135
22.253894	224	11141	11205	371	8891403634	3915	782	0	0	3183	0	0	89	89	135
22.261434	224	11141	11205	371	8894942578	3915	782	0	0	3183	0	0	89	89	135
22.267435	224	11141	11205	371	8897629554	3915	782	0	0	3183	0	0	89	89	135
22.275444	224	11141	11205	371	8901299570	3917	782	0	0	3185	0	0	89	89	134
22.287512	224	11141	11205	372	8906556275	3918	782	0	0	3186	0	0	89	89	133
22.294119	224	11141	11205	372	8909702003	3919	782	0	0	3187	0	0	89	89	133
22.300995	224	11141	11205	372	8912978803	3919	782	0	0	3187	0	0	89	89	133
22.313144	224	11141	11205	372	8918483827	3921	783	0	0	3188	0	0	89	89	135
22.325981	224	11141	11205	372	8924513139	3921	783	0	0	3188	0	0	89	89	135
22.331175	224	11141	11205	372	8926806899	3921	783	0	0	3188	0	0	89	89	135
22.336414	224	11141	11205	373	8929048948	3921	783	0	0	3188	0	0	89	89	135
22.344547	224	11141	11205	373	8932587892	3922	784	0	0	3188	0	0	89	89	133
22.357660	224	11141	11205	373	8938617204	3924	784	0	0	3190	0	0	89	89	135
22.370455	224	11141	11205	373	8944646516	3925	784	0	0	3191	0	0	89	89	135
22.378748	224	11141	11205	373	8948382068	3925	784	0	0	3191	0	0	89	89	135
22.389398	224	11141	11205	374	8953245557	3925	784	0	0	3191	0	0	89	89	135
22.397349	224	11141	11205	374	8956850037	3926	784	0	0	3192	0	0	89	89	134
22.408050	224	11141	11205	374	8961896309	3928	785	0	0	3193	0	0	89	89	135
22.416281	224	11141	11205	374	8965762933	3929	785	0	0	3194	0	0	89	89	135
22.423912	224	11141	11205	374	8969301877	3930	785	0	0	3195	0	0	89	89	135
22.429669	224	11141	11205	374	8971857781	3931	785	0	0	3196	0	0	89	89	134
22.435309	224	11141	11205	374	8974479221	3933	785	0	0	3198	0	0	89	89	134
22.440536	224	11141	11205	375	8976655734	3933	785	0	0	3198	0	0	89	89	134
22.445778	224	11141	11205	375	8978949494	3933	785	0	0	3198	0	0	89	89	134
22.452635	224	11141	11205	375	8982160758	3935	786	0	0	3199	0	0	89	89	135
22.459634	224	11141	11205	375	8985372022	3936	786	0	0	3200	0	0	89	89	135
22.474346	224	11141	11205	375	8992253302	3938	787	0	0	3202	0	0	89	89	135
22.480855	224	11141	11205	375	8995071350	3941	787	0	0	3205	0	0	89	89	134
22.486816	224	11141	11205	375	8997889398	3941	787	0	0	3205	0	0	89	89	134
22.499144	224	11141	11205	376	9003342711	3944	788	0	0	3207	0	0	89	89	135
22.511879	224	11141	11205	376	9009109879	3947	788	0	0	3210	0	0	89	89	135
22.522449	224	11141	11205	376	9014090615	3948	788	0	0	3211	0	0	89	89	135
22.527779	224	11141	11205	376	9016449911	3950	788	0	0	3213	0	0	89	89	135
22.538212	224	11141	11205	376	9021234039	3951	788	0	0	3214	0	0	89	89	133
22.543951	224	11141	11205	376	9023921015	3952	788	0	0	3215	0	0	89	89	135
22.559102	224	11141	11205	377	9030488440	3958	792	0	0	3218	0	0	89	89	135
22.565654	224	11141	11205	377	9033437560	3959	792	0	0	3219	0	0	89	89	135
22.571376	224	11141	11205	377	9036124536	3959	792	0	0	3219	0	0	89	89	135
22.578215	224	11141	11205	377	9039204728	3960	792	0	0	3220	0	0	89	89	135
22.584383	224	11141	11205	377	9042022776	3963	792	0	0	3223	0	0	89	89	135
22.593240	224	11141	11205	377	9046151544	3965	792	0	0	3225	0	0	89	89	134
22.601979	224	11141	11205	378	9049900921	3968	792	0	0	3228	0	0	89	89	135
22.609863	224	11141	11205	378	9053636473	3969	793	0	0	3228	0	0	89	89	134
22.622196	224	11141	11205	378	9059469177	3971	794	0	0	3229	0	0	89	89	135
22.634065	224	11141	11205	378	9064908665	3973	794	0	0	3231	0	0	89	89	135
22.645169	224	11141	11205	378	9070020473	3974	794	0	0	3232	0	0	89	89	135
22.651280	224	11141	11205	379	9072590202	3977	794	0	0	3235	0	0	89	89	135
22.660974	224	11141	11205	379	9076981114	3980	795	0	0	3237	0	0	89	89	133
22.674394	224	11141	11205	379	9083207034	3981	795	0	0	3238	0	0	89	89	135
22.684779	224	11141	11205	379	9088056698	3982	796	0	0	3238	0	0	89	89	135
22.694526	224	11141	11205	379	9092185466	3984	797	0	0	3239	0	0	89	89	134
22.699777	224	11141	11205	379	9094675834	3984	797	0	0	3239	0	0	89	89	134
22.706200	224	11141	11205	380	9097442171	3985	797	0	0	3240	0	0	89	89	135
22.716274	224	11141	11205	380	9102029691	3987	798	0	0	3241	0	0	89	89	134
22.731392	224	11141	11205	380	9108845435	3989	798	0	0	3243	0	0	89	89	135
22.746186	224	11141	11205	380	9115661179	3993	799	0	0	3246	0	0	89	89	133
22.761228	224	11141	11205	381	9122163068	3997	800	0	0	3249	0	0	89	89	135
22.767979	224	11141	11205	381	9125177724	3997	800	0	0	3249	0	0	89	89	135
22.781898	224	11141	11205	381	9131338108	4001	800	0	0	3253	0	0	89	89	135
22.794461	224	11141	11205	381	9137301884	4003	801	0	0	3254	0	0	89	89	135
22.806990	224	11141	11205	381	9143200124	4005	801	0	0	3255	0	0	89	89	135
22.821603	224	11141	11205	382	9149636477	4009	802	0	0	3259	0	0	89	89	134
22.831565	224	11141	11205	382	9153961853	4014	803	0	0	3263	0	0	89	89	135
22.846301	224	11141	11205	382	9160908669	4016	804	0	0	3264	0	0	89	89	135
22.860147	224	11141	11205	382	9167527805	4016	804	0	0	3264	0	0	89	89	135
22.868399	224	11141	11205	383	9170949502	4017	804	0	0	3265	0	0	89	89	134
22.878191	224	11141	11205	383	9175274878	4021	806	0	0	3267	0	0	89	89	135
22.891543	224	11141	11205	383	9181566334	4024	807	0	0	3269	0	0	89	89	135
22.900359	224	11141	11205	383	9185301886	4025	807	0	0	3270	0	0	89	89	135
22.913237	224	11141	11205	383	9191200126	4026	807	0	0	3271	0	0	89	89	134
22.918653	224	11141	11205	384	9193507711	4026	807	0	0	3271	0	0	89	89	134
22.926752	224	11141	11205	384	9197177727	4029	808	0	0	3273	0	0	89	89	133
22.932683	224	11141	11205	384	9199864703	4029	808	0	0	3273	0	0	89	89	133
22.942473	224	11141	11205	384	9204386687	4030	808	0	0	3274	0	0	89	89	135
22.948577	224	11141	11205	384	9207139199	4031	808	0	0	3275	0	0	89	89	135
22.954462	224	11141	11205	384	9209891711	4033	808	0	0	3277	0	0	89	89	135
22.963906	224	11141	11205	384	9214282623	4035	808	0	0	3279	0	0	89	89	134
22.970172	224	11141	11205	384	9216000384	4036	809	0	0	3279	0	0	89	89	135
22.981851	224	11141	11205	385	9220784512	4039	809	0	0	3282	0	0	89	89	133
22.993161	224	11141	11205	385	9225896320	4048	811	0	0	3290	0	0	89	89	135
23.005121	224	11141	11205	385	9231204736	4052	811	0	0	3294	0	0	89	89	135
23.014350	224	11141	11205	385	9235464576	4052	811	0	0	3294	0	0	89	89	135
23.028803	224	11141	11205	386	9241900929	4055	811	0	0	3297	0	0	89	89	134
23.038349	224	11141	11205	386	9246291841	4058	811	0	0	3300	0	0	89	89	134
23.053182	224	11141	11205	386	9253042049	4059	811	0	0	3301	0	0	89	89	135
23.062758	224	11141	11205	386	9256843137	4063	812	0	0	3304	0	0	89	89	135
23.073017	224	11141	11205	386	9261430657	4064	812	0	0	3305	0	0	89	89	135
23.080428	224	11141	11205	387	9264328066	4066	813	0	0	3306	0	0	89	89	135
23.088784	224	11141	11205	387	9268063618	4070	813	0	0	3310	0	0	89	89	130
23.098067	224	11141	11205	387	9272388994	4071	814	0	0	3310	0	0	89	89	134
23.105647	224	11141	11205	387	9275862402	4074	815	0	0	3312	0	0	89	89	135
23.112943	224	11141	11205	387	9279204738	4076	815	0	0	3314	0	0	89	89	135
23.120023	224	11141	11205	387	9282547074	4078	815	0	0	3316	0	0	89	89	135
23.131809	224	11141	11205	388	9288000387	4079	816	0	0	3316	0	0	89	89	130
23.145821	224	11141	11205	388	9294488451	4082	817	0	0	3318	0	0	89	89	135
23.152942	224	11141	11205	388	9297765251	4083	817	0	0	3319	0	0	89	89	135
23.161175	224	11141	11205	388	9301435267	4084	817	0	0	3320	0	0	89	89	135
23.176104	224	11141	11205	388	9308513155	4087	818	0	0	3322	0	0	89	89	134
23.183237	224	11141	11205	388	9311724419	4088	818	0	0	3323	0	0	89	89	133
23.196511	224	11141	11205	389	9317505412	4093	819	0	0	3327	0	0	89	89	134
23.206655	224	11141	11205	389	9322224004	4093	819	0	0	3327	0	0	89	89	134
23.219503	224	11141	11205	389	9327991172	4101	819	0	0	3335	0	0	89	89	135
23.225595	224	11141	11205	389	9330874756	4103	819	0	0	3336	0	0	89	89	134
23.232446	224	11141	11205	389	9333692804	4103	820	0	0	3336	0	0	89	89	134
23.245779	224	11141	11205	390	9339604869	4104	820	0	0	3337	0	0	89	89	135
23.257821	224	11141	11205	390	9345044357	4106	820	0	0	3339	0	0	89	89	135
23.267782	224	11141	11205	390	9349631877	4108	821	0	0	3341	0	0	89	89	135
23.277995	224	11141	11205	390	9354284933	4110	821	0	0	3343	0	0	89	89	135
23.292357	224	11141	11205	391	9360655750	4111	821	0	0	3344	0	0	89	89	134
23.297706	224	11141	11205	391	9363080582	4114	821	0	0	3347	0	0	89	89	133
23.305943	224	11141	11205	391	9366881670	4116	821	0	0	3349	0	0	89	89	134
23.317100	224	11141	11205	391	9371796870	4120	821	0	0	3353	0	0	89	89	135
23.325820	224	11141	11205	391	9375729030	4125	821	0	0	3357	0	0	89	89	135
23.339255	224	11141	11205	391	9381823878	4127	821	0	0	3360	0	0	89	89	133
23.351949	224	11141	11205	392	9387342727	4130	821	0	0	3363	0	0	89	89	135
23.362639	224	11141	11205	392	9392388999	4132	821	0	0	3365	0	0	89	89	135
23.375063	224	11141	11205	392	9398156167	4135	821	0	0	3368	0	0	89	89	135
23.389565	224	11141	11205	392	9404906375	4138	821	0	0	3371	0	0	89	89	134
23.397664	224	11141	11205	393	9408459144	4139	821	0	0	3372	0	0	89	89	135
23.407642	224	11141	11205	393	9413177736	4140	821	0	0	3373	0	0	89	89	133
23.417234	224	11141	11205	393	9417634184	4142	821	0	0	3375	0	0	89	89	135
23.428188	224	11141	11205	393	9422680456	4143	821	0	0	3376	0	0	89	89	135
23.436158	224	11141	11205	393	9426284936	4143	821	0	0	3376	0	0	89	89	135
23.445569	224	11141	11205	393	9430675848	4144	821	0	0	3377	0	0	89	89	134
23.458525	224	11141	11205	394	9436391305	4148	823	0	0	3379	0	0	89	89	130
23.464184	224	11141	11205	394	9438881673	4148	823	0	0	3379	0	0	89	89	130
23.469790	224	11141	11205	394	9441437577	4150	823	0	0	3381	0	0	89	89	135
23.475740	224	11141	11205	394	9444255625	4152	823	0	0	3383	0	0	89	89	135
23.481379	224	11141	11205	394	9446745993	4153	823	0	0	3384	0	0	89	89	135
23.492684	224	11141	11205	394	9452054409	4158	824	0	0	3388	0	0	89	89	134
23.503632	224	11141	11205	395	9456590218	4159	824	0	0	3389	0	0	89	89	135
23.513886	224	11141	11205	395	9461308810	4160	824	0	0	3390	0	0	89	89	135
23.520395	224	11141	11205	395	9464389002	4161	824	0	0	3391	0	0	89	89	135
23.532447	224	11141	11205	395	9469894026	4164	824	0	0	3394	0	0	89	89	135
23.540765	224	11141	11205	395	9473891722	4164	824	0	0	3394	0	0	89	89	135
23.555949	224	11141	11205	396	9480655755	4165	824	0	0	3395	0	0	89	89	132
23.570782	224	11141	11205	396	9487274891	4168	826	0	0	3397	0	0	89	89	134
23.582021	224	11141	11205	396	9492517771	4169	826	0	0	3398	0	0	89	89	135
23.588880	224	11141	11205	396	9495729035	4169	826	0	0	3398	0	0	89	89	135
23.602571	224	11141	11205	396	9501954955	4172	827	0	0	3400	0	0	89	89	134
23.608795	224	11141	11205	397	9504524684	4172	827	0	0	3400	0	0	89	89	134
23.615045	224	11141	11205	397	9507277196	4174	827	0	0	3402	0	0	89	89	134
23.628190	224	11141	11205	397	9513306508	4176	828	0	0	3403	0	0	89	89	135
23.633847	224	11141	11205	397	9515927948	4177	828	0	0	3404	0	0	89	89	135
23.645179	224	11141	11205	397	9521039756	4179	828	0	0	3406	0	0	89	89	135
23.653085	224	11141	11205	397	9524578700	4183	828	0	0	3410	0	0	89	89	134
23.661255	224	11141	11205	398	9528000397	4185	828	0	0	3412	0	0	89	89	135
23.674467	224	11141	11205	398	9534029709	4188	829	0	0	3414	0	0	89	89	134
23.682984	224	11141	11205	398	9537896333	4190	829	0	0	3416	0	0	89	89	135
23.690291	224	11141	11205	398	9541304205	4192	829	0	0	3418	0	0	89	89	135
23.704603	224	11141	11205	398	9547923341	4197	830	0	0	3423	0	0	89	89	134
23.717427	224	11141	11205	399	9553442190	4199	831	0	0	3424	0	0	89	89	135
23.728794	224	11141	11205	399	9558619534	4201	833	0	0	3424	0	0	89	89	135
23.734455	224	11141	11205	399	9561175438	4202	833	0	0	3425	0	0	89	89	135
23.741421	224	11141	11205	399	9564255630	4204	833	0	0	3427	0	0	89	89	135
23.751436	224	11141	11205	399	9567925646	4206	834	0	0	3429	0	0	89	89	135
23.759089	224	11141	11205	399	9571399054	4212	834	0	0	3435	0	0	89	89	134
23.771569	224	11141	11205	400	9576983439	4215	835	0	0	3437	0	0	89	89	135
23.777426	224	11141	11205	400	9579604879	4217	835	0	0	3439	0	0	89	89	133
23.790755	224	11141	11205	400	9585634191	4220	836	0	0	3441	0	0	89	89	135
23.805455	224	11141	11205	400	9591663503	4224	836	0	0	3444	0	0	89	89	135
23.814044	224	11141	11205	400	9594874767	4226	836	0	0	3446	0	0	89	89	135
23.822825	224	11141	11205	400	9598937999	4228	836	0	0	3448	0	0	89	89	134
23.828367	224	11141	11205	401	9600983440	4230	836	0	0	3450	0	0	89	89	135
23.837530	224	11141	11205	401	9604784528	4233	836	0	0	3453	0	0	89	89	133
23.844530	224	11141	11205	401	9607864720	4235	836	0	0	3455	0	0	89	89	135
23.852667	224	11141	11205	401	9611665808	4236	836	0	0	3456	0	0	89	89	135
23.859128	224	11141	11205	401	9614549392	4239	837	0	0	3458	0	0	89	89	135
23.866996	224	11141	11205	401	9618219408	4240	837	0	0	3459	0	0	89	89	135
23.875203	224	11141	11205	401	9622020496	4242	837	0	0	3461	0	0	89	89	134
23.881569	224	11141	11205	402	9624524689	4242	837	0	0	3461	0	0	89	89	134
23.892246	224	11141	11205	402	9629308817	4247	838	0	0	3465	0	0	89	89	131
23.907138	224	11141	11205	402	9636059025	4252	839	0	0	3469	0	0	89	89	135
23.914187	224	11141	11205	402	9639139217	4253	839	0	0	3470	0	0	89	89	135
23.927220	224	11141	11205	402	9644578705	4255	840	0	0	3471	0	0	89	89	133
23.936997	224	11141	11205	403	9648065938	4257	841	0	0	3472	0	0	89	89	135
23.950892	224	11141	11205	403	9653964178	4259	841	0	0	3474	0	0	89	89	133
23.962990	224	11141	11205	403	9658617234	4263	842	0	0	3477	0	0	89	89	135
23.972556	224	11141	11205	403	9663008146	4266	844	0	0	3478	0	0	89	89	135
23.980544	224	11141	11205	403	9666416018	4268	844	0	0	3480	0	0	89	89	134
23.994721	224	11141	11205	404	9672655763	4271	844	0	0	3483	0	0	89	89	135
24.007477	224	11141	11205	404	9678881683	4271	844	0	0	3483	0	0	89	89	135
24.020719	224	11141	11205	404	9684779923	4275	844	0	0	3487	0	0	89	89	135
24.035469	224	11141	11205	404	9691333523	4277	844	0	0	3489	0	0	89	89	134
24.042594	224	11141	11205	404	9694741395	4277	844	0	0	3489	0	0	89	89	134
24.053140	224	11141	11205	405	9699277204	4280	845	0	0	3491	0	0	89	89	135
24.060351	224	11141	11205	405	9702619540	4280	845	0	0	3491	0	0	89	89	135
24.072802	224	11141	11205	405	9707927956	4283	845	0	0	3494	0	0	89	89	135
24.086406	224	11141	11205	405	9713695124	4285	846	0	0	3495	0	0	89	89	135
24.097209	224	11141	11205	405	9718675860	4286	846	0	0	3496	0	0	89	89	134
24.112238	224	11141	11205	406	9725439893	4291	847	0	0	3500	0	0	89	89	134
24.121082	224	11141	11205	406	9729568661	4293	847	0	0	3502	0	0	89	89	135
24.135765	224	11141	11205	406	9736449941	4297	848	0	0	3505	0	0	89	89	135
24.149750	224	11141	11205	406	9743069077	4300	851	0	0	3505	0	0	89	89	133
24.159803	224	11141	11205	407	9747277206	4304	851	0	0	3509	0	0	89	89	134
24.169770	224	11141	11205	407	9751405974	4306	852	0	0	3510	0	0	89	89	135
24.177040	224	11141	11205	407	9754420630	4306	852	0	0	3510	0	0	89	89	135
24.182240	224	11141	11205	407	9756517782	4306	852	0	0	3510	0	0	89	89	135
24.195003	224	11141	11205	407	9761760662	4310	853	0	0	3513	0	0	89	89	135
24.210101	224	11141	11205	407	9767658902	4316	854	0	0	3518	0	0	89	89	135
24.217554	224	11141	11205	408	9769900951	4317	854	0	0	3519	0	0	89	89	135
24.226881	224	11141	11205	408	9773702039	4318	854	0	0	3520	0	0	89	89	134
24.237388	224	11141	11205	408	9777830807	4320	854	0	0	3522	0	0	89	89	135
24.249628	224	11141	11205	408	9782549399	4323	854	0	0	3525	0	0	89	89	135
24.259730	224	11141	11205	408	9786547095	4325	854	0	0	3527	0	0	89	89	135
24.266496	224	11141	11205	408	9789299607	4325	854	0	0	3527	0	0	89	89	135
24.273602	224	11141	11205	409	9792000408	4326	854	0	0	3528	0	0	89	89	135
24.285846	224	11141	11205	409	9796653464	4329	855	0	0	3530	0	0	89	89	134
24.291434	224	11141	11205	409	9798750616	4331	856	0	0	3531	0	0	89	89	135
24.296984	224	11141	11205	409	9800913304	4332	856	0	0	3532	0	0	89	89	135
24.311223	224	11141	11205	409	9806549400	4335	856	0	0	3535	0	0	89	89	135
24.317153	224	11141	11205	409	9809170840	4336	857	0	0	3535	0	0	89	89	135
24.330182	224	11141	11205	409	9814675864	4339	859	0	0	3536	0	0	89	89	135
24.343388	224	11141	11205	410	9820391321	4343	860	0	0	3539	0	0	89	89	132
24.351533	224	11141	11205	410	9824192409	4344	860	0	0	3540	0	0	89	89	134
24.358418	224	11141	11205	410	9826682777	4347	862	0	0	3542	0	0	89	89	135
24.373269	224	11141	11205	410	9833629593	4348	863	0	0	3542	0	0	89	89	135
24.383717	224	11141	11205	410	9838348185	4351	863	0	0	3545	0	0	89	89	133
24.395463	224	11141	11205	411	9843604890	4351	863	0	0	3545	0	0	89	89	133
24.410136	224	11141	11205	411	9850551706	4352	863	0	0	3546	0	0	89	89	135
24.422890	224	11141	11205	411	9856384410	4352	863	0	0	3546	0	0	89	89	135
24.428854	224	11141	11205	411	9858940314	4356	864	0	0	3549	0	0	89	89	134
24.439188	224	11141	11205	411	9863658906	4357	865	0	0	3550	0	0	89	89	134
24.450366	224	11141	11205	412	9868391323	4359	866	0	0	3551	0	0	89	89	131
24.456479	224	11141	11205	412	9871274907	4359	866	0	0	3551	0	0	89	89	131
24.471607	224	11141	11205	412	9878287259	4362	867	0	0	3553	0	0	89	89	135
24.478957	224	11141	11205	412	9881564059	4363	867	0	0	3554	0	0	89	89	135
24.486937	224	11141	11205	412	9885234075	4363	867	0	0	3554	0	0	89	89	135
24.498191	224	11141	11205	413	9890163100	4364	867	0	0	3555	0	0	89	89	135
24.504932	224	11141	11205	413	9893243292	4365	868	0	0	3555	0	0	89	89	132
24.512128	224	11141	11205	413	9896389020	4367	869	0	0	3556	0	0	89	89	135
24.525179	224	11141	11205	413	9902352796	4372	870	0	0	3560	0	0	89	89	135
24.539805	224	11141	11205	413	9909168540	4375	870	0	0	3563	0	0	89	89	134
24.547208	224	11141	11205	414	9912131485	4376	871	0	0	3563	0	0	89	89	134
24.554018	224	11141	11205	414	9915342749	4377	871	0	0	3564	0	0	89	89	135
24.565336	224	11141	11205	414	9920389021	4379	871	0	0	3566	0	0	89	89	135
24.571969	224	11141	11205	414	9923469213	4379	871	0	0	3566	0	0	89	89	135
24.586614	224	11141	11205	414	9930088349	4385	872	0	0	3571	0	0	89	89	135
24.600720	224	11141	11205	415	9936197022	4389	874	0	0	3573	0	0	89	89	134
24.608404	224	11141	11205	415	9939801502	4390	874	0	0	3574	0	0	89	89	134
24.616164	224	11141	11205	415	9943340446	4393	874	0	0	3577	0	0	89	89	135
24.621546	224	11141	11205	415	9945765278	4394	874	0	0	3578	0	0	89	89	135
24.633182	224	11141	11205	415	9951073694	4397	874	0	0	3581	0	0	89	89	135
24.640455	224	11141	11205	415	9954350494	4399	874	0	0	3583	0	0	89	89	135
