seconds	address	rax	rbx	rcx	rdx	rsi	rdi	rbp	rsp	r8	r9	r10	r11	r12	r13	r14	r15
0.010080	8d258	5dc6196304d0	1	3c	5dc6196305e0	5dc60aa6ac50	7ffe4ac8ecd8	0	7ffe4ac8ecd0	3c	30	f4	f0ea5255c83e99f	5dc6196305e8	0	f4	5dc6196304f0
0.015763	135472bf0884	5dc619635db0	5dc619635db0	6	1f0	5dc619630c50	5dc619635db0	7ffe4ac8eed8	7ffe4ac8edd8	5dc6196309d0	1c	7c	f0ea5255c83e99f	7ffffffffffffffc	1f0	7c	5dc619630c50
0.022429	8d182	5dc619631fe0	3cb84be1b865221e	20	300	5dc60aa6ac50	7ffe4ac8ee28	3	7ffe4ac8ee20	1f	20	7c	f0ea5255c83e99f	5dc619630430	0	37c	5dc6196303b0
0.032957	135472af51ec	5dc6196309f0	ffffffffffffffa0	2	5dc61962f010	5dc6196334f0	1f	100	7ffe4ac8ec80	5dc6196309b0	5dc619630e60	5dc6196325b0	f0ea5255c83e99f	f	5dc619632ac0	100	1
0.047947	8d244	5dc6196304d0	2	3c	5dc619630d40	5dc60aa6ac50	7ffe4ac8eca8	0	7ffe4ac8eca0	3c	8	1f4	f0ea5255c83e99f	5dc619630e48	0	1f4	5dc619630c50
0.060222	135472bf08f6	5dc619630460	10	4	10	5dc6196309d0	5dc619630460	2	7ffe4ac8ec18	1	1	2	f0ea5255c83e99f	5dc619630480	5dc6196309d0	5dc619630460	10
0.065914	8d7e6	5dc6196367f0	44e1aebe91d7157e	5dc619630c40	2	5dc6196365e0	2f	5e	7ffe4ac8ece0	5dc619632ac8	1	84cab8735c03b990	0	7ffe4ac8ecf8	1e	22a4	5dc60aa6ae48
0.074128	8d7df	5dc6196367f0	4bf5a29dc05294eb	5dc619632ad0	2	5dc6196365e0	2f	78	7ffe4ac8edd0	5dc619633118	1	8b729666a294942f	0	7ffe4ac8ede8	38	0	5dc60aa6ae48
0.079773	135472af51fd	5dc619630c30	ffffffffffffffa0	2	5dc61962f010	5dc619630b00	10	8	7ffe4ac8ebf0	2	1	1	f0ea5255c83e99f	0	2	1fffffffffffffff	8
0.085371	8d7e6	5dc6196334f0	81505bbc3af79b6a	5dc6196304d8	1	5dc619630b20	1f	30	7ffe4ac8ecb0	5dc619633110	5dc6196320b0	5dc6196304d0	f0ea5255c83e99f	7ffe4ac8ecc8	30	22a4	5dc60aa6ae48
0.094642	8d7c7	5dc6196367f0	f635ca9f9708	5dc619631b10	2	5dc6196365e0	2f	58	7ffe4ac8ee30	1	3f	0	f0ea5255c83e99f	7ffe4ac8ee48	19	22a4	5dc60aa6ae48
0.109679	8d7a5	5dc619632f00	1	5dc619631b10	2	5dc6196365e0	2f	80	7ffe4ac8ece0	1	3f	fffffffffffffffc	f0ea5255c83e99f	7ffe4ac8ecf8	5dc619631b10	22a4	5dc60aa6ae48
0.121769	135472af51f0	5dc619630440	ffffffffffffffa0	6	5dc61962f010	5dc619633110	10	8	7ffe4ac8edb0	5dc619630440	3c	f8	f0ea5255c83e99f	0	711a7d4a53a0	7f	5dc6196367f0
0.135894	8d182	5dc6196325c0	776602ff99d3544f	40	100	5dc60aa6ac50	7ffe4ac8e5d8	1	7ffe4ac8e5d0	3f	40	27c	f0ea5255c83e99f	5dc619630430	0	37c	5dc6196301b0
0.149937	b58c1	1e35ba6d0	362c3	0	0	0	1e35ba6d0	6	7ffe4ac8e6a8	362c3	0	0	f0ea5255c83e99f	b4a8	6	2acf2	5dc60aa65830
0.155481	8359d	869f04027c28d45	0	cea1c	0	cea1d	0	3d000	7ffe4ac8e740	a6c8d10749	0	0	0	5dc6196300b0	2b85	2b85	15c28
0.164298	8352f	15c3195c	0	3e455e	3	3e455f	0	3d000	7ffe4ac8e740	f25acd05900	0	0	0	5dc6196300b0	2b85	2b85	15c28
0.171715	83568	29a5aa54de00	0	67415d	0	67415e	0	3d000	7ffe4ac8e740	29a5aa54de84	0	0	0	5dc6196300b0	2b85	2b85	15c28
0.186602	8357b	0	0	baa861	0	baa862	0	3d000	7ffe4ac8e740	88191d28c584	0	0	0	5dc6196300b0	2b85	2b85	15c28
0.192809	83594	0	0	dd0bb2	0	dd0bb3	0	3d000	7ffe4ac8e740	bedd3396df29	0	0	0	5dc6196300b0	2b85	2b85	15c28
0.206252	8359d	d9950023c6f31957	0	1278806	189	1278807	0	3d000	7ffe4ac8e740	1552ac8697031	0	0	0	5dc6196300b0	2b85	2b85	15c28
0.212201	8355d	1a5325f682840	0	1485e87	0	1485e88	0	3d000	7ffe4ac8e740	1a5325f682840	0	0	0	5dc6196300b0	2b85	2b85	15c28
0.220420	835ab	d04eaffa29f7af73	0	1759eca	31b	1759ecb	0	3d000	7ffe4ac8e740	221481e0d3400	0	0	0	5dc6196300b0	2b85	2b85	15c28
0.227954	83587	0	0	19f4523	0	19f4524	0	3d000	7ffe4ac8e740	2a1a13d646d10	0	0	0	5dc6196300b0	2b85	2b85	15c28
0.242733	8353d	0	0	1f0c43a	74e	1f0c43b	0	3d000	7ffe4ac8e740	3c3f8f728dd00	0	0	0	5dc6196300b0	2b85	2b85	15c28
0.257576	8353d	0	0	2428fd8	b8b	2428fd9	0	3d000	7ffe4ac8e740	51b8ddc330600	0	0	0	5dc6196300b0	2b85	2b85	15c28
0.265014	83546	0	0	26b984b	0	26b984c	0	3d000	7ffe4ac8e740	5db99d54b2500	0	0	0	5dc6196300b0	2b85	2b85	15c28
0.270436	8352f	15c30909	0	2899e42	1057	2899e43	0	3d000	7ffe4ac8e740	67073d18cc500	0	0	0	5dc6196300b0	2b85	2b85	15c28
0.279001	8352c	15c30538	0	2b8a89a	1427	2b8a89b	0	3d000	7ffe4ac8e740	767d539dbcd00	0	0	0	5dc6196300b0	2b85	2b85	15c28
0.286092	83554	2dfdfbb	0	2dfdfba	0	2dfdfbb	0	3d000	7ffe4ac8e740	8434671919300	0	0	0	5dc6196300b0	2b85	2b85	15c28
0.300255	8353d	0	0	32ea47f	2039	32ea480	0	3d000	7ffe4ac8e740	a205a8156f700	0	0	0	5dc6196300b0	2b85	2b85	15c28
0.313341	83575	c01597fed8100	0	3770139	0	377013a	0	3d000	7ffe4ac8e740	c01597fed8124	0	0	0	5dc6196300b0	2b85	2b85	15c28
0.321552	83568	d43a660f07800	0	3a45af3	0	3a45af4	0	3d000	7ffe4ac8e740	d43a660f07890	0	0	0	5dc6196300b0	2b85	2b85	15c28
0.329209	83554	3ceb3e6	0	3ceb3e5	0	3ceb3e6	0	3d000	7ffe4ac8e740	e7f1d60f60a00	0	0	0	5dc6196300b0	2b85	2b85	15c28
0.342494	83591	0	0	4180df7	0	4180df8	0	3d000	7ffe4ac8e740	10c2b25f432040	0	0	0	5dc6196300b0	2b85	2b85	15c28
0.351361	83551	0	0	4492c43	0	4492c44	0	3d000	7ffe4ac8e740	125e4c5ddd1900	0	0	0	5dc6196300b0	2b85	2b85	15c28
0.361923	8358b	0	0	483810d	0	483810e	0	3d000	7ffe4ac8e740	145f95c5631cc4	0	0	0	5dc6196300b0	2b85	2b85	15c28
0.372457	835ab	64da16b342b001b8	0	4bdeb4d	6a9f	4bdeb4e	0	3d000	7ffe4ac8e740	167c3fb9744b00	0	0	0	5dc6196300b0	2b85	2b85	15c28
0.382350	83565	1894fe19292100	0	4f5410f	0	4f54110	0	3d000	7ffe4ac8e740	1894fe19292100	0	0	0	5dc6196300b0	2b85	2b85	15c28
0.395087	8355d	1b69c070289a90	0	53c5a33	0	53c5a34	0	3d000	7ffe4ac8e740	1b69c070289a90	0	0	0	5dc6196300b0	2b85	2b85	15c28
0.408152	835a1	c654335cd02147a8	0	584fe59	a826	584fe5a	0	3d000	7ffe4ac8e740	1e7706cd86b700	0	0	0	5dc6196300b0	2b85	2b85	15c28
0.418274	8359a	54ee4cfea70d044f	0	5bd226e	bd00	5bd226f	0	3d000	7ffe4ac8e740	20ef143287ac21	0	0	0	5dc6196300b0	2b85	2b85	15c28
0.425249	83587	0	0	5e33563	0	5e33564	0	3d000	7ffe4ac8e740	22a9bda27a8f10	0	0	0	5dc6196300b0	2b85	2b85	15c28
0.438247	83568	2614b058f05800	0	62bc465	0	62bc466	0	3d000	7ffe4ac8e740	2614b058f058a4	0	0	0	5dc6196300b0	2b85	2b85	15c28
0.452185	8353a	15c20a2f	0	6790958	10f31	6790959	0	3d000	7ffe4ac8e740	29e5a9f5874e00	0	0	0	5dc6196300b0	2b85	2b85	15c28
0.462586	8359a	1805a3d245cf6c59	0	6b31088	12cb1	6b31089	0	3d000	7ffe4ac8e740	2ce2068ca76951	0	0	0	5dc6196300b0	2b85	2b85	15c28
0.477548	83575	315b32436a5300	0	7068091	0	7068092	0	3d000	7ffe4ac8e740	315b32436a5344	0	0	0	5dc6196300b0	2b85	2b85	15c28
0.484963	83568	339f7349a53600	0	72f55e6	0	72f55e7	0	3d000	7ffe4ac8e740	339f7349a53671	0	0	0	5dc6196300b0	2b85	2b85	15c28
0.497748	83543	0	0	77695b4	0	77695b5	0	3d000	7ffe4ac8e740	37b31e317b0600	0	0	0	5dc6196300b0	2b85	2b85	15c28
0.507103	83536	15c15997	0	7a68755	1bfc9	7a68756	0	3d000	7ffe4ac8e740	3a87ba6fc6c200	0	0	0	5dc6196300b0	2b85	2b85	15c28
0.512687	83587	0	0	7c5ad81	0	7c5ad82	0	3d000	7ffe4ac8e740	3c68219bacf604	0	0	0	5dc6196300b0	2b85	2b85	15c28
0.518469	8353d	0	0	7e4e7b2	1ebf2	7e4e7b3	0	3d000	7ffe4ac8e740	3e515942c2b700	0	0	0	5dc6196300b0	2b85	2b85	15c28
0.531089	8359a	4c1be2686afc3a5d	0	82b6da4	22144	82b6da5	0	3d000	7ffe4ac8e740	42be385463ec59	0	0	0	5dc6196300b0	2b85	2b85	15c28
0.540040	8359d	e3c12b1495e907f	0	85dc57e	24999	85dc57f	0	3d000	7ffe4ac8e740	45feb106a2b501	0	0	0	5dc6196300b0	2b85	2b85	15c28
0.546605	83587	0	0	881f67f	0	881f680	0	3d000	7ffe4ac8e740	4861625a5a4000	0	0	0	5dc6196300b0	2b85	2b85	15c28
0.552122	83554	8a0ab74	0	8a0ab73	0	8a0ab74	0	3d000	7ffe4ac8e740	4a6f8df292d500	0	0	0	5dc6196300b0	2b85	2b85	15c28
0.565450	83554	8ead4a0	0	8ead49f	0	8ead4a0	0	3d000	7ffe4ac8e740	4f84b35343ba00	0	0	0	5dc6196300b0	2b85	2b85	15c28
0.571201	83565	51c0920326bb00	0	90aac72	0	90aac73	0	3d000	7ffe4ac8e740	51c0920326bba9	0	0	0	5dc6196300b0	2b85	2b85	15c28
0.580793	83551	0	0	93f2cf1	0	93f2cf2	0	3d000	7ffe4ac8e740	5580c01881ba00	0	0	0	5dc6196300b0	2b85	2b85	15c28
0.587776	83565	5854af61845d00	0	966009a	0	966009b	0	3d000	7ffe4ac8e740	5854af61845dd9	0	0	0	5dc6196300b0	2b85	2b85	15c28
0.598876	8355d	5ce5d7bbd45810	0	9a36b03	0	9a36b04	0	3d000	7ffe4ac8e740	5ce5d7bbd45810	0	0	0	5dc6196300b0	2b85	2b85	15c28
0.613968	83587	0	0	9f71662	0	9f71663	0	3d000	7ffe4ac8e740	634e0f2aff2a49	0	0	0	5dc6196300b0	2b85	2b85	15c28
0.623158	83587	0	0	a2a2238	0	a2a2239	0	3d000	7ffe4ac8e740	67519bb34730b1	0	0	0	5dc6196300b0	2b85	2b85	15c28
0.636104	83536	15bea5c4	0	a71fba2	4739b	a71fba3	0	3d000	7ffe4ac8e740	6d1a68c45b1200	0	0	0	5dc6196300b0	2b85	2b85	15c28
0.651013	83594	0	0	ac420c5	0	ac420c6	0	3d000	7ffe4ac8e740	73e8d1ab621924	0	0	0	5dc6196300b0	2b85	2b85	15c28
0.657574	8355d	76eead2e0f14e1	0	ae7d60e	0	ae7d60f	0	3d000	7ffe4ac8e740	76eead2e0f14e1	0	0	0	5dc6196300b0	2b85	2b85	15c28
0.669458	83587	0	0	b28b462	0	b28b463	0	3d000	7ffe4ac8e740	7c85f9600b5e49	0	0	0	5dc6196300b0	2b85	2b85	15c28
0.684069	83587	0	0	b79a751	0	b79a752	0	3d000	7ffe4ac8e740	83ae30a4e01644	0	0	0	5dc6196300b0	2b85	2b85	15c28
0.690479	83587	0	0	b9d3002	0	b9d3003	0	3d000	7ffe4ac8e740	86e2a42eaf2009	0	0	0	5dc6196300b0	2b85	2b85	15c28
0.696046	8355d	89b47232a40000	0	bbc19ff	0	bbc1a00	0	3d000	7ffe4ac8e740	89b47232a40000	0	0	0	5dc6196300b0	2b85	2b85	15c28
0.707422	835a6	f9731963edbea75f	0	bfb511e	6b81b	bfb511f	0	3d000	7ffe4ac8e740	8f8fb0d67ea100	0	0	0	5dc6196300b0	2b85	2b85	15c28
0.714330	83594	0	0	c21bce4	0	c21bce5	0	3d000	7ffe4ac8e740	932e27b66b24d9	0	0	0	5dc6196300b0	2b85	2b85	15c28
0.721853	83581	0	0	c4b19cd	0	c4b19ce	0	3d000	7ffe4ac8e740	972073714de1c4	0	0	0	5dc6196300b0	2b85	2b85	15c28
0.733249	83563	9d35e88305c700	0	c89d23d	0	c89d23e	0	3d000	7ffe4ac8e740	9d35e88305c704	0	0	0	5dc6196300b0	2b85	2b85	15c28
0.747787	835ab	2b25d550b8a2be00	0	cdaf8f7	84c7b	cdaf8f8	0	3d000	7ffe4ac8e740	a542a438817000	0	0	0	5dc6196300b0	2b85	2b85	15c28
0.754891	835a6	4118e172a12dab03	0	d02127a	8991b	d02127b	0	3d000	7ffe4ac8e740	a935e4c9418700	0	0	0	5dc6196300b0	2b85	2b85	15c28
0.768750	83575	b07d7ebffc1000	0	d48f344	0	d48f345	0	3d000	7ffe4ac8e740	b07d7ebffc1099	0	0	0	5dc6196300b0	2b85	2b85	15c28
0.783713	83587	0	0	d9adc7b	0	d9adc7c	0	3d000	7ffe4ac8e740	b918129b155c10	0	0	0	5dc6196300b0	2b85	2b85	15c28
0.793349	835ab	ff092d4fd1bcb73b	0	dd08b62	a4c6f	dd08b63	0	3d000	7ffe4ac8e740	bed80adac4a800	0	0	0	5dc6196300b0	2b85	2b85	15c28
0.804603	83594	0	0	e0dba75	0	e0dba76	0	3d000	7ffe4ac8e740	c581215fcbae64	0	0	0	5dc6196300b0	2b85	2b85	15c28
0.815887	8355a	cc7dc6cc320900	0	e4ccfcf	0	e4ccfd0	0	3d000	7ffe4ac8e740	cc7dc6cc320900	0	0	0	5dc6196300b0	2b85	2b85	15c28
0.821604	8355d	d0063b07ee2d44	0	e6c4ced	0	e6c4cee	0	3d000	7ffe4ac8e740	d0063b07ee2d44	0	0	0	5dc6196300b0	2b85	2b85	15c28
0.832121	8357e	0	0	ea6afbb	0	ea6afbc	0	3d000	7ffe4ac8e740	d6a7c0f0729210	0	0	0	5dc6196300b0	2b85	2b85	15c28
0.842025	8359d	c28cc918b952bfa3	0	eddc05a	cd57f	eddc05b	0	3d000	7ffe4ac8e740	dd011fa1a6a059	0	0	0	5dc6196300b0	2b85	2b85	15c28
0.854352	83575	e4ec0509a83e00	0	f21529e	0	f21529f	0	3d000	7ffe4ac8e740	e4ec0509a83ec1	0	0	0	5dc6196300b0	2b85	2b85	15c28
0.866615	83551	0	0	f65773d	0	f65773e	0	3d000	7ffe4ac8e740	ed0c3073abc400	0	0	0	5dc6196300b0	2b85	2b85	15c28
0.875567	8352f	15b45064	0	f95963d	ec8fb	f95963e	0	3d000	7ffe4ac8e740	f2df038058b700	0	0	0	5dc6196300b0	2b85	2b85	15c28
0.882640	8357e	0	0	fbd2a88	0	fbd2a89	0	3d000	7ffe4ac8e740	f7b6c3e35b3d51	0	0	0	5dc6196300b0	2b85	2b85	15c28
0.895296	83568	100707937dc9300	0	10038366	0	10038367	0	3d000	7ffe4ac8e740	100707937dc9371	0	0	0	5dc6196300b0	2b85	2b85	15c28
0.907383	8355d	108e574b82aa0a9	0	1046900c	0	1046900d	0	3d000	7ffe4ac8e740	108e574b82aa0a9	0	0	0	5dc6196300b0	2b85	2b85	15c28
0.921560	83543	0	0	1095f914	0	1095f915	0	3d000	7ffe4ac8e740	11316fe639fe900	0	0	0	5dc6196300b0	2b85	2b85	15c28
0.931167	8359d	3fddfd3b7e6b5d78	0	10cb9f1d	1281bc	10cb9f1e	0	3d000	7ffe4ac8e740	11a15d97c7a4784	0	0	0	5dc6196300b0	2b85	2b85	15c28
0.936728	8355d	11e0ff402f70721	0	10e9d310	0	10e9d311	0	3d000	7ffe4ac8e740	11e0ff402f70721	0	0	0	5dc6196300b0	2b85	2b85	15c28
0.944972	8355d	1241a31f002a510	0	11174bdb	0	11174bdc	0	3d000	7ffe4ac8e740	1241a31f002a510	0	0	0	5dc6196300b0	2b85	2b85	15c28
0.958693	8352f	15ae8ff9	0	1163673f	148966	11636740	0	3d000	7ffe4ac8e740	12e5a4f85249000	0	0	0	5dc6196300b0	2b85	2b85	15c28
0.971358	8353d	0	0	11a993ed	1585fb	11a993ee	0	3d000	7ffe4ac8e740	137f5fa1e640900	0	0	0	5dc6196300b0	2b85	2b85	15c28
0.984888	8352c	15ac7ab3	0	11f51728	169ead	11f51729	0	3d000	7ffe4ac8e740	14277b8c8926400	0	0	0	5dc6196300b0	2b85	2b85	15c28
0.994976	83594	0	0	122d726d	0	122d726e	0	3d000	7ffe4ac8e740	14a6c28e5d22744	0	0	0	5dc6196300b0	2b85	2b85	15c28
1.004312	83568	151b2847ff24400	0	1260651f	0	12606520	0	3d000	7ffe4ac8e740	151b2847ff24400	0	0	0	5dc6196300b0	2b85	2b85	15c28
1.014253	8352f	15a9ffad	0	129756f4	1919b2	129756f5	0	3d000	7ffe4ac8e740	159a1b2268f8600	0	0	0	5dc6196300b0	2b85	2b85	15c28
1.020768	83575	15e7e7693bcf600	0	12b8b33b	0	12b8b33c	0	3d000	7ffe4ac8e740	15e7e7693bcf610	0	0	0	5dc6196300b0	2b85	2b85	15c28
1.035019	83575	1697f17e9ace100	0	130357e9	0	130357ea	0	3d000	7ffe4ac8e740	1697f17e9ace1e4	0	0	0	5dc6196300b0	2b85	2b85	15c28
1.046692	83546	0	0	134367c0	0	134367c1	0	3d000	7ffe4ac8e740	1731325f88c1000	0	0	0	5dc6196300b0	2b85	2b85	15c28
1.060149	83565	17e58e82248c900	0	138dbf76	0	138dbf77	0	3d000	7ffe4ac8e740	17e58e82248c951	0	0	0	5dc6196300b0	2b85	2b85	15c28
1.065578	83546	0	0	13abe59f	0	13abe5a0	0	3d000	7ffe4ac8e740	182f7822a5fd800	0	0	0	5dc6196300b0	2b85	2b85	15c28
1.075061	83546	0	0	13dec1b8	0	13dec1b9	0	3d000	7ffe4ac8e740	18ad295ddb6f400	0	0	0	5dc6196300b0	2b85	2b85	15c28
1.084775	8353d	0	0	141480c1	1fa07e	141480c2	0	3d000	7ffe4ac8e740	19335c286e99100	0	0	0	5dc6196300b0	2b85	2b85	15c28
1.096307	8352f	15a24945	0	1453f87d	20d01a	1453f87e	0	3d000	7ffe4ac8e740	19d3a5ec2e85e00	0	0	0	5dc6196300b0	2b85	2b85	15c28
1.110919	83554	14a429bc	0	14a429bb	0	14a429bc	0	3d000	7ffe4ac8e740	1aa0fcab6656e00	0	0	0	5dc6196300b0	2b85	2b85	15c28
1.123964	8352f	159f4ffb	0	14eca819	23c964	14eca81a	0	3d000	7ffe4ac8e740	1b5d50a6e522200	0	0	0	5dc6196300b0	2b85	2b85	15c28
1.133939	83554	1524672a	0	15246729	0	1524672a	0	3d000	7ffe4ac8e740	1befe19e71a0400	0	0	0	5dc6196300b0	2b85	2b85	15c28
1.148069	83594	0	0	1561bc10	0	1561bc11	0	3d000	7ffe4ac8e740	1c92e2ad90af921	0	0	0	5dc6196300b0	2b85	2b85	15c28
1.158367	83575	1d2aa0da25ead00	0	159a37c5	0	159a37c6	0	3d000	7ffe4ac8e740	1d2aa0da25ead24	0	0	0	5dc6196300b0	2b85	2b85	15c28
1.164629	83587	0	0	15bcfde2	0	15bcfde3	0	3d000	7ffe4ac8e740	1d88d2d1f327749	0	0	0	5dc6196300b0	2b85	2b85	15c28
1.172637	8359a	d00f0090565ee237	0	15e94ba6	2917bd	15e94ba7	0	3d000	7ffe4ac8e740	1e01b04325946f1	0	0	0	5dc6196300b0	2b85	2b85	15c28
1.185768	8357e	0	0	16323198	0	16323199	0	3d000	7ffe4ac8e740	1ecaa5db55fed71	0	0	0	5dc6196300b0	2b85	2b85	15c28
1.193499	83575	1f42561ef7ae400	0	165d2b7b	0	165d2b7c	0	3d000	7ffe4ac8e740	1f42561ef7ae410	0	0	0	5dc6196300b0	2b85	2b85	15c28
1.199647	8359d	91e664060f325540	0	167f5933	2c7ac2	167f5934	0	3d000	7ffe4ac8e740	1fa22ae90ad3290	0	0	0	5dc6196300b0	2b85	2b85	15c28
1.209381	8353a	15955ccb	0	16b51a86	2dbc94	16b51a87	0	3d000	7ffe4ac8e740	203a0ad8c3b7e00	0	0	0	5dc6196300b0	2b85	2b85	15c28
1.221376	83543	0	0	16f77fd0	0	16f77fd1	0	3d000	7ffe4ac8e740	20f793fa3300900	0	0	0	5dc6196300b0	2b85	2b85	15c28
1.229851	83572	2180f0993fd0700	0	1727273a	0	1727273b	0	3d000	7ffe4ac8e740	2180f0993fd0799	0	0	0	5dc6196300b0	2b85	2b85	15c28
1.243200	8352f	1590c6d5	0	17713b8e	32528a	17713b8f	0	3d000	7ffe4ac8e740	2258ac954193900	0	0	0	5dc6196300b0	2b85	2b85	15c28
1.254509	83554	17aff24b	0	17aff24a	0	17aff24b	0	3d000	7ffe4ac8e740	2311676727bfd00	0	0	0	5dc6196300b0	2b85	2b85	15c28
1.266536	8355a	23d799601f1d390	0	17f284ab	0	17f284ac	0	3d000	7ffe4ac8e740	23d799601f1d390	0	0	0	5dc6196300b0	2b85	2b85	15c28
1.279683	8352f	158b7dcc	0	183c60f7	379b93	183c60f8	0	3d000	7ffe4ac8e740	24b606c18faf000	0	0	0	5dc6196300b0	2b85	2b85	15c28
1.294271	835a1	80d3f34ac648fe08	0	188c4a81	39c8c0	188c4a82	0	3d000	7ffe4ac8e740	25a9ad9f3df6a00	0	0	0	5dc6196300b0	2b85	2b85	15c28
1.302535	8352c	15880b3b	0	18ba090a	3b0e25	18ba090b	0	3d000	7ffe4ac8e740	26368e3344dc600	0	0	0	5dc6196300b0	2b85	2b85	15c28
1.310968	8359a	723da76b9cc89378	0	18e9139d	3c61b4	18e9139e	0	3d000	7ffe4ac8e740	26c87e2571cd584	0	0	0	5dc6196300b0	2b85	2b85	15c28
1.319599	83587	0	0	1918cf13	0	1918cf14	0	3d000	7ffe4ac8e740	275dad963415990	0	0	0	5dc6196300b0	2b85	2b85	15c28
1.334261	8352c	1582fa6a	0	196a166d	401ef5	196a166e	0	3d000	7ffe4ac8e740	285e458110f1700	0	0	0	5dc6196300b0	2b85	2b85	15c28
1.341514	83587	0	0	19920a93	0	19920a94	0	3d000	7ffe4ac8e740	28dd960f93fe590	0	0	0	5dc6196300b0	2b85	2b85	15c28
1.356089	8352c	157f58d7	0	19e2a703	43c089	19e2a704	0	3d000	7ffe4ac8e740	29e0d4a18063800	0	0	0	5dc6196300b0	2b85	2b85	15c28
1.367194	83551	0	0	1a1f5fc6	0	1a1f5fc7	0	3d000	7ffe4ac8e740	2aa634c8dc88d00	0	0	0	5dc6196300b0	2b85	2b85	15c28
1.376939	8359d	ae48c18e819508f	0	1a53492e	474412	1a53492f	0	3d000	7ffe4ac8e740	2b505f61565d6a1	0	0	0	5dc6196300b0	2b85	2b85	15c28
1.390074	8355d	2c42210a7631a40	0	1a9c5b67	0	1a9c5b68	0	3d000	7ffe4ac8e740	2c42210a7631a40	0	0	0	5dc6196300b0	2b85	2b85	15c28
1.403549	8355d	2d3b2a3f8229e84	0	1ae6d15d	0	1ae6d15e	0	3d000	7ffe4ac8e740	2d3b2a3f8229e84	0	0	0	5dc6196300b0	2b85	2b85	15c28
1.413452	835a6	de170be52b2486a8	0	1b1d2999	4ddd2f	1b1d299a	0	3d000	7ffe4ac8e740	2df2a18efa6b000	0	0	0	5dc6196300b0	2b85	2b85	15c28
1.428108	8355d	2f07f768ed0cd90	0	1b6e8393	0	1b6e8394	0	3d000	7ffe4ac8e740	2f07f768ed0cd90	0	0	0	5dc6196300b0	2b85	2b85	15c28
1.442249	8359d	c51872ca238b4db8	0	1bbc6c4d	5358f8	1bbc6c4e	0	3d000	7ffe4ac8e740	3014987b461e7c4	0	0	0	5dc6196300b0	2b85	2b85	15c28
1.454440	8353a	156d5dd0	0	1bff8450	55bb8f	1bff8451	0	3d000	7ffe4ac8e740	30fe4f1bbc29900	0	0	0	5dc6196300b0	2b85	2b85	15c28
1.462203	835a4	8435d90025f047f1	0	1c2ae450	574c6e	1c2ae451	0	3d000	7ffe4ac8e740	31969216e346100	0	0	0	5dc6196300b0	2b85	2b85	15c28
1.469067	8353d	0	0	1c51010b	58b0aa	1c51010c	0	3d000	7ffe4ac8e740	321d1dc10f71600	0	0	0	5dc6196300b0	2b85	2b85	15c28
1.484271	83587	0	0	1ca53efe	0	1ca53eff	0	3d000	7ffe4ac8e740	33490720c368201	0	0	0	5dc6196300b0	2b85	2b85	15c28
1.498047	83594	0	0	1cf18d28	0	1cf18d29	0	3d000	7ffe4ac8e740	345bacc0d083091	0	0	0	5dc6196300b0	2b85	2b85	15c28
1.503339	8353a	156346db	0	1d0e54df	5fd284	1d0e54e0	0	3d000	7ffe4ac8e740	34c4007ea871a00	0	0	0	5dc6196300b0	2b85	2b85	15c28
1.508631	835ab	f3bbdca78c89e077	0	1d2b7c66	60f416	1d2b7c67	0	3d000	7ffe4ac8e740	352e1925d0df100	0	0	0	5dc6196300b0	2b85	2b85	15c28
1.520153	83587	0	0	1d6b572e	0	1d6b572f	0	3d000	7ffe4ac8e740	3617ec2a4fafaa1	0	0	0	5dc6196300b0	2b85	2b85	15c28
1.526103	8357e	0	0	1d8c7608	0	1d8c7609	0	3d000	7ffe4ac8e740	3691fcf5a444c51	0	0	0	5dc6196300b0	2b85	2b85	15c28
1.537356	83554	1dcae84a	0	1dcae849	0	1dcae84a	0	3d000	7ffe4ac8e740	3779973eff86400	0	0	0	5dc6196300b0	2b85	2b85	15c28
1.548852	83546	0	0	1e0a8430	0	1e0a8431	0	3d000	7ffe4ac8e740	3867769d8018900	0	0	0	5dc6196300b0	2b85	2b85	15c28
1.563316	8352f	1555cd44	0	1e5bd399	6d4c1b	1e5bd39a	0	3d000	7ffe4ac8e740	399a68836633800	0	0	0	5dc6196300b0	2b85	2b85	15c28
1.576546	83572	3ab303d41613d00	0	1ea56c24	0	1ea56c25	0	3d000	7ffe4ac8e740	3ab303d41613d59	0	0	0	5dc6196300b0	2b85	2b85	15c28
1.590718	83594	0	0	1ef408be	0	1ef408bf	0	3d000	7ffe4ac8e740	3be1aad70647e81	0	0	0	5dc6196300b0	2b85	2b85	15c28
1.599435	83543	0	0	1f23e75c	0	1f23e75d	0	3d000	7ffe4ac8e740	3c9b7115c3f2900	0	0	0	5dc6196300b0	2b85	2b85	15c28
1.611957	835a4	a9f19c8deed1e440	0	1f6950c3	7910d7	1f6950c4	0	3d000	7ffe4ac8e740	3daace2d2431600	0	0	0	5dc6196300b0	2b85	2b85	15c28
1.618753	83575	3e3fa988e8c0200	0	1f8f235a	0	1f8f235b	0	3d000	7ffe4ac8e740	3e3fa988e8c0259	0	0	0	5dc6196300b0	2b85	2b85	15c28
1.624748	83587	0	0	1fb079c0	0	1fb079c1	0	3d000	7ffe4ac8e740	3ec372461480381	0	0	0	5dc6196300b0	2b85	2b85	15c28
1.630652	83587	0	0	1fd0b76e	0	1fd0b76f	0	3d000	7ffe4ac8e740	3f4369779cfe221	0	0	0	5dc6196300b0	2b85	2b85	15c28
1.639326	8354d	0	0	20015775	0	20015776	0	3d000	7ffe4ac8e740	40055df0ccabb00	0	0	0	5dc6196300b0	2b85	2b85	15c28
1.644718	83546	0	0	201ee935	0	201ee936	0	3d000	7ffe4ac8e740	407be08bcdd8400	0	0	0	5dc6196300b0	2b85	2b85	15c28
1.650741	8359d	14b0d38365a29940	0	20401df3	830771	20401df4	0	3d000	7ffe4ac8e740	410178bfd813090	0	0	0	5dc6196300b0	2b85	2b85	15c28
1.659618	8355a	41c7fbcd149de44	0	207136ad	0	207136ae	0	3d000	7ffe4ac8e740	41c7fbcd149de44	0	0	0	5dc6196300b0	2b85	2b85	15c28
1.670680	8352f	153ab681	0	20af2290	8862de	20af2291	0	3d000	7ffe4ac8e740	42c407486e8d600	0	0	0	5dc6196300b0	2b85	2b85	15c28
1.680472	83587	0	0	20df1211	0	20df1212	0	3d000	7ffe4ac8e740	43886e4fca28944	0	0	0	5dc6196300b0	2b85	2b85	15c28
1.694938	83591	0	0	212f97ce	0	212f97cf	0	3d000	7ffe4ac8e740	44d4dfc7607d961	0	0	0	5dc6196300b0	2b85	2b85	15c28
1.706692	8356b	45e53edcd420900	0	21710030	0	21710031	0	3d000	7ffe4ac8e740	45e53edcd420961	0	0	0	5dc6196300b0	2b85	2b85	15c28
1.715935	83587	0	0	21a497a4	0	21a497a5	0	3d000	7ffe4ac8e740	46bd8eb2f3c1059	0	0	0	5dc6196300b0	2b85	2b85	15c28
1.726507	835ab	71e11793799c4c27	0	21df34f6	97cd6d	21df34f7	0	3d000	7ffe4ac8e740	47b4e44ff474600	0	0	0	5dc6196300b0	2b85	2b85	15c28
1.735025	8359d	4d8e1b8c0af003bd	0	220eb1c4	9a4f66	220eb1c5	0	3d000	7ffe4ac8e740	487e81040fe0199	0	0	0	5dc6196300b0	2b85	2b85	15c28
1.741094	8355d	49093dd2f1e5890	0	222f390b	0	222f390c	0	3d000	7ffe4ac8e740	49093dd2f1e5890	0	0	0	5dc6196300b0	2b85	2b85	15c28
1.754582	8355d	4a493a9d0491000	0	2279ca3f	0	2279ca40	0	3d000	7ffe4ac8e740	4a493a9d0491000	0	0	0	5dc6196300b0	2b85	2b85	15c28
1.763953	83594	0	0	22ae16cb	0	22ae16cc	0	3d000	7ffe4ac8e740	4b2b4712f57b290	0	0	0	5dc6196300b0	2b85	2b85	15c28
1.769788	835ab	c8a8e79192a83ec8	0	22ce4e11	a4b58d	22ce4e12	0	3d000	7ffe4ac8e740	4bb72fe84c6f900	0	0	0	5dc6196300b0	2b85	2b85	15c28
1.781455	83587	0	0	230f4f6e	0	230f4f6f	0	3d000	7ffe4ac8e740	4cd30a2c1a7b221	0	0	0	5dc6196300b0	2b85	2b85	15c28
1.791120	8359d	ec89ee0077def9a8	0	23449bd9	ab5b78	23449bda	0	3d000	7ffe4ac8e740	4dbd500c6b1b5a4	0	0	0	5dc6196300b0	2b85	2b85	15c28
1.798830	835ab	6b7fd04c0aa42561	0	236f7320	adcee5	236f7321	0	3d000	7ffe4ac8e740	4e7aa001064aa00	0	0	0	5dc6196300b0	2b85	2b85	15c28
1.813200	8355a	4fddca21a234190	0	23bf4813	0	23bf4814	0	3d000	7ffe4ac8e740	4fddca21a234190	0	0	0	5dc6196300b0	2b85	2b85	15c28
1.822868	8357e	0	0	23f4e1f1	0	23f4e1f2	0	3d000	7ffe4ac8e740	50ce007a8bb48c4	0	0	0	5dc6196300b0	2b85	2b85	15c28
1.837648	83554	24439eb1	0	24439eb0	0	24439eb1	0	3d000	7ffe4ac8e740	523167df27db900	0	0	0	5dc6196300b0	2b85	2b85	15c28
1.844315	83587	0	0	2468c703	0	2468c704	0	3d000	7ffe4ac8e740	52da2db6df73810	0	0	0	5dc6196300b0	2b85	2b85	15c28
1.855772	83546	0	0	24a8ee3f	0	24a8ee40	0	3d000	7ffe4ac8e740	53ff27b48693300	0	0	0	5dc6196300b0	2b85	2b85	15c28
1.869667	8357e	0	0	24f64cc3	0	24f64cc4	0	3d000	7ffe4ac8e740	556328ebfb4f610	0	0	0	5dc6196300b0	2b85	2b85	15c28
1.879448	8359d	6f47aec5d6cf6f5	0	252d092c	c8b2f3	252d092d	0	3d000	7ffe4ac8e740	5660c933c2631e9	0	0	0	5dc6196300b0	2b85	2b85	15c28
1.885474	8353a	14f84b24	0	254e37b1	cace3b	254e37b2	0	3d000	7ffe4ac8e740	56fb3ff25f98800	0	0	0	5dc6196300b0	2b85	2b85	15c28
1.899562	8357e	0	0	259cbf82	0	259cbf83	0	3d000	7ffe4ac8e740	586af55d4ecbd09	0	0	0	5dc6196300b0	2b85	2b85	15c28
1.911076	8359d	28b2be5ad74e77c7	0	25dce6d6	d40836	25dce6d7	0	3d000	7ffe4ac8e740	5999957b7af0891	0	0	0	5dc6196300b0	2b85	2b85	15c28
1.924542	83568	5afc77daa97a900	0	262798cf	0	262798d0	0	3d000	7ffe4ac8e740	5afc77daa97a900	0	0	0	5dc6196300b0	2b85	2b85	15c28
1.932953	83587	0	0	26561972	0	26561973	0	3d000	7ffe4ac8e740	5bdac833fcba9a9	0	0	0	5dc6196300b0	2b85	2b85	15c28
1.941579	83575	5cc270fa563f800	0	268652cc	0	268652cd	0	3d000	7ffe4ac8e740	5cc270fa563f829	0	0	0	5dc6196300b0	2b85	2b85	15c28
1.948884	8358b	0	0	26adf918	0	26adf919	0	3d000	7ffe4ac8e740	5d81c2e0a2ba471	0	0	0	5dc6196300b0	2b85	2b85	15c28
1.960116	8359d	ef38f9eb2afdea39	0	26ec2f28	e6567f	26ec2f29	0	3d000	7ffe4ac8e740	5eaf7e728481491	0	0	0	5dc6196300b0	2b85	2b85	15c28
1.971270	83575	5fe05209ab84000	0	272aa42e	0	272aa42f	0	3d000	7ffe4ac8e740	5fe05209ab840a1	0	0	0	5dc6196300b0	2b85	2b85	15c28
1.983555	83546	0	0	276ea995	0	276ea996	0	3d000	7ffe4ac8e740	612e78192621000	0	0	0	5dc6196300b0	2b85	2b85	15c28
1.995196	8353d	0	0	27ae7875	f41376	27ae7876	0	3d000	7ffe4ac8e740	6269f9b9db9e500	0	0	0	5dc6196300b0	2b85	2b85	15c28
2.001153	8359d	adf1bd98c8ae9867	0	27cf57b6	f67400	27cf57b7	0	3d000	7ffe4ac8e740	630d4a8b9ffe4d1	0	0	0	5dc6196300b0	2b85	2b85	15c28
2.016265	83575	64acaf0d81eb100	0	28227a8c	0	28227a8d	0	3d000	7ffe4ac8e740	64acaf0d81eb1a9	0	0	0	5dc6196300b0	2b85	2b85	15c28
2.026551	835ab	6fc5619c7e5f845d	0	285b8ba4	100c3de	285b8ba5	0	3d000	7ffe4ac8e740	65cbc60237a9800	0	0	0	5dc6196300b0	2b85	2b85	15c28
2.040648	83568	6759a29c713e900	0	28aa1d2f	0	28aa1d30	0	3d000	7ffe4ac8e740	6759a29c713e900	0	0	0	5dc6196300b0	2b85	2b85	15c28
2.046697	8352f	14b9e1eb	0	28cbadf3	1093774	28cbadf4	0	3d000	7ffe4ac8e740	6804869972bb000	0	0	0	5dc6196300b0	2b85	2b85	15c28
2.055331	8355d	68f4b5e0226f204	0	28faac81	0	28faac82	0	3d000	7ffe4ac8e740	68f4b5e0226f204	0	0	0	5dc6196300b0	2b85	2b85	15c28
2.063745	83587	0	0	2929bbd5	0	2929bbd6	0	3d000	7ffe4ac8e740	69e64f8405e56e4	0	0	0	5dc6196300b0	2b85	2b85	15c28
2.074196	83554	2963f050	0	2963f04f	0	2963f050	0	3d000	7ffe4ac8e740	6b129fd0cae3800	0	0	0	5dc6196300b0	2b85	2b85	15c28
2.079422	8355d	6ba70b9b0387440	0	29809647	0	29809648	0	3d000	7ffe4ac8e740	6ba70b9b0387440	0	0	0	5dc6196300b0	2b85	2b85	15c28
2.088778	83575	6cb63c5d60e1400	0	29b4bbdd	0	29b4bbde	0	3d000	7ffe4ac8e740	6cb63c5d60e1484	0	0	0	5dc6196300b0	2b85	2b85	15c28
2.095279	835a6	c235e06268f5259d	0	29d8e764	11e42be	29d8e765	0	3d000	7ffe4ac8e740	6d731e5a5976d00	0	0	0	5dc6196300b0	2b85	2b85	15c28
2.104385	8356b	6e3e94f9aad8100	0	29ffbad9	0	29ffbada	0	3d000	7ffe4ac8e740	6e3e94f9aad81a4	0	0	0	5dc6196300b0	2b85	2b85	15c28
2.113022	8359d	b930a59fdc6474d1	0	2a2f95f0	125440b	2a2f95f1	0	3d000	7ffe4ac8e740	6f3a60b7a506ce1	0	0	0	5dc6196300b0	2b85	2b85	15c28
2.122328	8352f	1499a038	0	2a62fccf	1297927	2a62fcd0	0	3d000	7ffe4ac8e740	704a13ac8ea2900	0	0	0	5dc6196300b0	2b85	2b85	15c28
2.131033	83594	0	0	2a938ee3	0	2a938ee4	0	3d000	7ffe4ac8e740	714bff03999bb10	0	0	0	5dc6196300b0	2b85	2b85	15c28
2.137197	83591	0	0	2ab23aa2	0	2ab23aa3	0	3d000	7ffe4ac8e740	71ef753141a43c9	0	0	0	5dc6196300b0	2b85	2b85	15c28
2.151366	83568	738a9bdd1909c00	0	2afeff37	0	2afeff38	0	3d000	7ffe4ac8e740	738a9bdd1909c40	0	0	0	5dc6196300b0	2b85	2b85	15c28
2.162080	8355d	74ccce33ef8fca4	0	2b3ac899	0	2b3ac89a	0	3d000	7ffe4ac8e740	74ccce33ef8fca4	0	0	0	5dc6196300b0	2b85	2b85	15c28
2.170685	83575	75ce3d28905c700	0	2b6a5259	0	2b6a525a	0	3d000	7ffe4ac8e740	75ce3d28905c7a4	0	0	0	5dc6196300b0	2b85	2b85	15c28
2.182458	8357b	0	0	2babe104	0	2babe105	0	3d000	7ffe4ac8e740	77330fe1077ca19	0	0	0	5dc6196300b0	2b85	2b85	15c28
2.193214	8359d	2d393b57062b5f11	0	2be756b0	14a91b8	2be756b1	0	3d000	7ffe4ac8e740	787882d06c96661	0	0	0	5dc6196300b0	2b85	2b85	15c28
2.198504	8352f	147600c3	0	2c03e787	14d189c	2c03e788	0	3d000	7ffe4ac8e740	79157a5fe96b800	0	0	0	5dc6196300b0	2b85	2b85	15c28
2.208165	83568	7a41c9665b72200	0	2c3a5b02	0	2c3a5b03	0	3d000	7ffe4ac8e740	7a41c9665b72209	0	0	0	5dc6196300b0	2b85	2b85	15c28
2.218937	8353a	146c9a46	0	2c6ceb96	1567f19	2c6ceb97	0	3d000	7ffe4ac8e740	7b59f532f5cbb00	0	0	0	5dc6196300b0	2b85	2b85	15c28
2.227700	8352f	1468445d	0	2c9cb54b	15ad502	2c9cb54c	0	3d000	7ffe4ac8e740	7c63e3f95048e00	0	0	0	5dc6196300b0	2b85	2b85	15c28
2.232979	83554	2cb9f878	0	2cb9f877	0	2cb9f878	0	3d000	7ffe4ac8e740	7d07481f524c700	0	0	0	5dc6196300b0	2b85	2b85	15c28
2.244419	835ab	5e9810e1036ce1dd	0	2cf9d424	16362a1	2cf9d425	0	3d000	7ffe4ac8e740	7e6d4bb17c74d00	0	0	0	5dc6196300b0	2b85	2b85	15c28
2.253302	8359d	2897754f1056d000	0	2d2b3d4f	167faf3	2d2b3d50	0	3d000	7ffe4ac8e740	7f83adbc78f3900	0	0	0	5dc6196300b0	2b85	2b85	15c28
2.259601	835ab	2f20a28b55d47015	0	2d4cde8c	16b2158	2d4cde8d	0	3d000	7ffe4ac8e740	8041d527730d900	0	0	0	5dc6196300b0	2b85	2b85	15c28
2.266304	8356b	8113cfebe815300	0	2d71e47a	0	2d71e47b	0	3d000	7ffe4ac8e740	8113cfebe815319	0	0	0	5dc6196300b0	2b85	2b85	15c28
2.279536	8359d	fe9eec7122e75253	0	2dbb636a	1759c89	2dbb636b	0	3d000	7ffe4ac8e740	82b6a1e02edeeb9	0	0	0	5dc6196300b0	2b85	2b85	15c28
2.285102	8355d	8364f48608291b9	0	2dd9d7ea	0	2dd9d7eb	0	3d000	7ffe4ac8e740	8364f48608291b9	0	0	0	5dc6196300b0	2b85	2b85	15c28
2.297176	8359d	fb099e9d66a4b40	0	2e1c3c53	17ef5d6	2e1c3c54	0	3d000	7ffe4ac8e740	84e28cb70977b90	0	0	0	5dc6196300b0	2b85	2b85	15c28
2.309211	83568	8667132a60e6400	0	2e5f73c6	0	2e5f73c7	0	3d000	7ffe4ac8e740	8667132a60e64b1	0	0	0	5dc6196300b0	2b85	2b85	15c28
2.319142	83563	87a6fee39b5f000	0	2e9683fd	0	2e9683fe	0	3d000	7ffe4ac8e740	87a6fee39b5f004	0	0	0	5dc6196300b0	2b85	2b85	15c28
2.324761	8357e	0	0	2eb58830	0	2eb58831	0	3d000	7ffe4ac8e740	885bdab79be1961	0	0	0	5dc6196300b0	2b85	2b85	15c28
2.339639	83594	0	0	2f07b33d	0	2f07b33e	0	3d000	7ffe4ac8e740	8a3d40c0ee3c304	0	0	0	5dc6196300b0	2b85	2b85	15c28
2.345583	8357e	0	0	2f2740f7	0	2f2740f8	0	3d000	7ffe4ac8e740	8af6fdfec0cf040	0	0	0	5dc6196300b0	2b85	2b85	15c28
2.352922	8355d	8be5510734c3eb1	0	2f4f9ec6	0	2f4f9ec7	0	3d000	7ffe4ac8e740	8be5510734c3eb1	0	0	0	5dc6196300b0	2b85	2b85	15c28
2.359324	83568	8cb73f40dbc3400	0	2f7310f9	0	2f7310fa	0	3d000	7ffe4ac8e740	8cb73f40dbc3424	0	0	0	5dc6196300b0	2b85	2b85	15c28
2.371983	83568	8e5982e7bb8c000	0	2fb961de	0	2fb961df	0	3d000	7ffe4ac8e740	8e5982e7bb8c041	0	0	0	5dc6196300b0	2b85	2b85	15c28
2.386392	83594	0	0	3009da02	0	3009da03	0	3d000	7ffe4ac8e740	903b2222ddf1c09	0	0	0	5dc6196300b0	2b85	2b85	15c28
2.401020	8355d	922442382cab451	0	305b0a08	0	305b0a09	0	3d000	7ffe4ac8e740	922442382cab451	0	0	0	5dc6196300b0	2b85	2b85	15c28
2.412684	8353d	0	0	309b6b56	1c0999e	309b6b57	0	3d000	7ffe4ac8e740	93aa69b67250000	0	0	0	5dc6196300b0	2b85	2b85	15c28
2.421132	83578	0	0	30ca8631	0	30ca8632	0	3d000	7ffe4ac8e740	94c928acd4061c4	0	0	0	5dc6196300b0	2b85	2b85	15c28
2.427167	83546	0	0	30ebcfe9	0	30ebcfea	0	3d000	7ffe4ac8e740	959472ebea0a200	0	0	0	5dc6196300b0	2b85	2b85	15c28
2.442370	83568	979b494904e5d00	0	31405f11	0	31405f12	0	3d000	7ffe4ac8e740	979b494904e5d44	0	0	0	5dc6196300b0	2b85	2b85	15c28
2.454793	8352c	13e8a90f	0	3185e181	1da7051	3185e182	0	3d000	7ffe4ac8e740	9948657dbb9c600	0	0	0	5dc6196300b0	2b85	2b85	15c28
2.461289	83546	0	0	31a982e1	0	31a982e2	0	3d000	7ffe4ac8e740	9a2545831fb4900	0	0	0	5dc6196300b0	2b85	2b85	15c28
2.472435	8352f	13dd92c4	0	31e7e08a	1e5869b	31e7e08b	0	3d000	7ffe4ac8e740	9ba95fc35cd8b00	0	0	0	5dc6196300b0	2b85	2b85	15c28
2.480906	8355d	9cd1082649b2241	0	32172f20	0	32172f21	0	3d000	7ffe4ac8e740	9cd1082649b2241	0	0	0	5dc6196300b0	2b85	2b85	15c28
2.490516	8355d	9df3e7374a70fd1	0	32458e36	0	32458e37	0	3d000	7ffe4ac8e740	9df3e7374a70fd1	0	0	0	5dc6196300b0	2b85	2b85	15c28
2.495893	83587	0	0	32638985	0	32638986	0	3d000	7ffe4ac8e740	9eb086bff84b224	0	0	0	5dc6196300b0	2b85	2b85	15c28
2.504587	83591	0	0	3293a440	0	3293a441	0	3d000	7ffe4ac8e740	9fe014f70095881	0	0	0	5dc6196300b0	2b85	2b85	15c28
2.515073	83568	a15689b11cb6500	0	32cebc8c	0	32cebc8d	0	3d000	7ffe4ac8e740	a15689b11cb65a9	0	0	0	5dc6196300b0	2b85	2b85	15c28
2.525023	8357e	0	0	330570e4	0	330570e5	0	3d000	7ffe4ac8e740	a2b2b18d8bb2cd9	0	0	0	5dc6196300b0	2b85	2b85	15c28
2.531684	83546	0	0	3329e246	0	3329e247	0	3d000	7ffe4ac8e740	a39b702266bab00	0	0	0	5dc6196300b0	2b85	2b85	15c28
2.543517	83587	0	0	336bc3ff	0	336bc400	0	3d000	7ffe4ac8e740	a541d756e100000	0	0	0	5dc6196300b0	2b85	2b85	15c28
2.556098	8353d	0	0	33b20330	21ba738	33b20331	0	3d000	7ffe4ac8e740	a70690d8eca2900	0	0	0	5dc6196300b0	2b85	2b85	15c28
2.563325	8353d	0	0	33da2acc	2209493	33da2acd	0	3d000	7ffe4ac8e740	a80a6fa32979200	0	0	0	5dc6196300b0	2b85	2b85	15c28
2.569541	83568	a8e777947d2e400	0	33fc39a4	0	33fc39a5	0	3d000	7ffe4ac8e740	a8e777947d2e459	0	0	0	5dc6196300b0	2b85	2b85	15c28
2.580945	8355a	aa8aab974205ba4	0	343c94a5	0	343c94a6	0	3d000	7ffe4ac8e740	aa8aab974205ba4	0	0	0	5dc6196300b0	2b85	2b85	15c28
2.586662	8358b	0	0	345b7236	0	345b7237	0	3d000	7ffe4ac8e740	ab54710be0f07d1	0	0	0	5dc6196300b0	2b85	2b85	15c28
2.599153	83575	ad1e6f134b35200	0	34a13e79	0	34a13e7a	0	3d000	7ffe4ac8e740	ad1e6f134b35224	0	0	0	5dc6196300b0	2b85	2b85	15c28
2.609862	835ab	b07f830b1a507207	0	34dd7396	2411ea0	34dd7397	0	3d000	7ffe4ac8e740	aeab6861ee70300	0	0	0	5dc6196300b0	2b85	2b85	15c28
2.620846	83575	b043fdbb2d0f800	0	351b242d	0	351b242e	0	3d000	7ffe4ac8e740	b043fdbb2d0f844	0	0	0	5dc6196300b0	2b85	2b85	15c28
2.635799	8355d	b2712112603a0e1	0	356ecff0	0	356ecff1	0	3d000	7ffe4ac8e740	b2712112603a0e1	0	0	0	5dc6196300b0	2b85	2b85	15c28
2.649998	8357e	0	0	35bdee8f	0	35bdee90	0	3d000	7ffe4ac8e740	b4831b1bef01100	0	0	0	5dc6196300b0	2b85	2b85	15c28
2.662987	83591	0	0	3606073a	0	3606073b	0	3d000	7ffe4ac8e740	b668b313af84799	0	0	0	5dc6196300b0	2b85	2b85	15c28
2.675348	8359d	6c5a36de6d6056c8	0	364bb011	2714094	364bb012	0	3d000	7ffe4ac8e740	b8404a83ba4c144	0	0	0	5dc6196300b0	2b85	2b85	15c28
2.687182	83546	0	0	368d8830	0	368d8831	0	3d000	7ffe4ac8e740	ba003b38d530900	0	0	0	5dc6196300b0	2b85	2b85	15c28
2.696157	83546	0	0	36bf4cf6	0	36bf4cf7	0	3d000	7ffe4ac8e740	bb5436bb636fc00	0	0	0	5dc6196300b0	2b85	2b85	15c28
2.703637	83551	0	0	36e90cac	0	36e90cad	0	3d000	7ffe4ac8e740	bc72580a1b89300	0	0	0	5dc6196300b0	2b85	2b85	15c28
2.713145	8359a	d444c2555eb603c0	0	371deebb	28e0e57	371deebc	0	3d000	7ffe4ac8e740	bdde014bd3a1a10	0	0	0	5dc6196300b0	2b85	2b85	15c28
2.723342	8357e	0	0	3756d5aa	0	3756d5ab	0	3d000	7ffe4ac8e740	bf66d43bb3a0039	0	0	0	5dc6196300b0	2b85	2b85	15c28
2.729383	8357e	0	0	3777bb00	0	3777bb01	0	3d000	7ffe4ac8e740	c04aa59d1887601	0	0	0	5dc6196300b0	2b85	2b85	15c28
2.741133	83575	c20e388ee745c00	0	37b8b621	0	37b8b622	0	3d000	7ffe4ac8e740	c20e388ee745c84	0	0	0	5dc6196300b0	2b85	2b85	15c28
2.751439	8352f	1317172c	0	37f21d51	2ac0234	37f21d52	0	3d000	7ffe4ac8e740	c39ed94ae63ae00	0	0	0	5dc6196300b0	2b85	2b85	15c28
2.763371	83551	0	0	3833a7e5	0	3833a7e6	0	3d000	7ffe4ac8e740	c56a3e0835a9200	0	0	0	5dc6196300b0	2b85	2b85	15c28
2.774795	83587	0	0	387329e2	0	387329e3	0	3d000	7ffe4ac8e740	c729621f8cc7f49	0	0	0	5dc6196300b0	2b85	2b85	15c28
2.783396	83587	0	0	38a32be0	0	38a32be1	0	3d000	7ffe4ac8e740	c87cb33580b5bc1	0	0	0	5dc6196300b0	2b85	2b85	15c28
2.798424	83591	0	0	38f6c479	0	38f6c47a	0	3d000	7ffe4ac8e740	cace3d391430a24	0	0	0	5dc6196300b0	2b85	2b85	15c28
2.807732	83551	0	0	392a2896	0	392a2897	0	3d000	7ffe4ac8e740	cc3cd0423a73700	0	0	0	5dc6196300b0	2b85	2b85	15c28
2.819010	83563	ce04275d0cd1a00	0	3969be62	0	3969be63	0	3d000	7ffe4ac8e740	ce04275d0cd1a49	0	0	0	5dc6196300b0	2b85	2b85	15c28
2.824205	83565	cecc5e07af17b00	0	39859d80	0	39859d81	0	3d000	7ffe4ac8e740	cecc5e07af17b01	0	0	0	5dc6196300b0	2b85	2b85	15c28
2.837116	8352f	12d0c55d	0	39ccfd92	2f25402	39ccfd93	0	3d000	7ffe4ac8e740	d0ced109373e200	0	0	0	5dc6196300b0	2b85	2b85	15c28
2.849986	83565	d2c4f49b08be100	0	3a1253ce	0	3a1253cf	0	3d000	7ffe4ac8e740	d2c4f49b08be161	0	0	0	5dc6196300b0	2b85	2b85	15c28
2.855214	83568	d394e57dce73700	0	3a2ef22b	0	3a2ef22c	0	3d000	7ffe4ac8e740	d394e57dce73790	0	0	0	5dc6196300b0	2b85	2b85	15c28
2.870187	8352f	12b4b053	0	3a826105	30e690c	3a826106	0	3d000	7ffe4ac8e740	d5f565d66dd8c00	0	0	0	5dc6196300b0	2b85	2b85	15c28
2.884998	8353d	0	0	3ad57660	31b80a5	3ad57661	0	3d000	7ffe4ac8e740	d856ba1b27ca400	0	0	0	5dc6196300b0	2b85	2b85	15c28
2.894875	83568	d9edf8a49e47300	0	3b0cbc8a	0	3b0cbc8b	0	3d000	7ffe4ac8e740	d9edf8a49e47379	0	0	0	5dc6196300b0	2b85	2b85	15c28
2.902067	83594	0	0	3b347ea6	0	3b347ea7	0	3d000	7ffe4ac8e740	db13d24ac80d0f1	0	0	0	5dc6196300b0	2b85	2b85	15c28
2.916461	835ab	ebd533a9994f649d	0	3b848464	3379055	3b848465	0	3d000	7ffe4ac8e740	dd6599f5aa04f00	0	0	0	5dc6196300b0	2b85	2b85	15c28
2.926460	83587	0	0	3bbc3583	0	3bbc3584	0	3d000	7ffe4ac8e740	df04b097d0fec10	0	0	0	5dc6196300b0	2b85	2b85	15c28
2.934191	83587	0	0	3be5e597	0	3be5e598	0	3d000	7ffe4ac8e740	e03c6489fd94a40	0	0	0	5dc6196300b0	2b85	2b85	15c28
2.944531	8352f	12722878	0	3c1f6f81	350f0e7	3c1f6f82	0	3d000	7ffe4ac8e740	e1ec021220dfe00	0	0	0	5dc6196300b0	2b85	2b85	15c28
2.957911	8357e	0	0	3c6a192c	0	3c6a192d	0	3d000	7ffe4ac8e740	e41e7c5f3bdd1e9	0	0	0	5dc6196300b0	2b85	2b85	15c28
2.965367	8355d	e557e511bdaea10	0	3c938b43	0	3c938b44	0	3d000	7ffe4ac8e740	e557e511bdaea10	0	0	0	5dc6196300b0	2b85	2b85	15c28
2.973239	8353d	0	0	3cbf65e4	36bafa3	3cbf65e5	0	3d000	7ffe4ac8e740	e6a46dc12c5b300	0	0	0	5dc6196300b0	2b85	2b85	15c28
2.981497	8355d	e7f9a8a8330f964	0	3cec4549	0	3cec454a	0	3d000	7ffe4ac8e740	e7f9a8a8330f964	0	0	0	5dc6196300b0	2b85	2b85	15c28
2.991783	8357b	0	0	3d263edc	0	3d263edd	0	3d000	7ffe4ac8e740	e9b3fac0b0bcac9	0	0	0	5dc6196300b0	2b85	2b85	15c28
3.003178	835ab	85d5dee28b66e545	0	3d65721c	3880963	3d65721d	0	3d000	7ffe4ac8e740	eb980950fbfd700	0	0	0	5dc6196300b0	2b85	2b85	15c28
3.014999	83554	3da67f58	0	3da67f57	0	3da67f58	0	3d000	7ffe4ac8e740	ed8c4f8da2b6f00	0	0	0	5dc6196300b0	2b85	2b85	15c28
3.023656	8352c	1227500d	0	3dd713db	39bc952	3dd713dc	0	3d000	7ffe4ac8e740	ef0342935126500	0	0	0	5dc6196300b0	2b85	2b85	15c28
3.032906	83572	f09039ce2945100	0	3e0a592c	0	3e0a592d	0	3d000	7ffe4ac8e740	f09039ce29451e9	0	0	0	5dc6196300b0	2b85	2b85	15c28
3.044628	83572	f28a6259a65f800	0	3e4b7ba4	0	3e4b7ba5	0	3d000	7ffe4ac8e740	f28a6259a65f859	0	0	0	5dc6196300b0	2b85	2b85	15c28
3.059733	8355a	f51a854215b6c51	0	3e9f8608	0	3e9f8609	0	3d000	7ffe4ac8e740	f51a854215b6c51	0	0	0	5dc6196300b0	2b85	2b85	15c28
3.067330	8352f	11fc379c	0	3ec98611	3c6e1c3	3ec98612	0	3d000	7ffe4ac8e740	f663b94867ad900	0	0	0	5dc6196300b0	2b85	2b85	15c28
3.076288	8357b	0	0	3efae4f3	0	3efae4f4	0	3d000	7ffe4ac8e740	f7e7cca29538890	0	0	0	5dc6196300b0	2b85	2b85	15c28
3.089995	8355d	fa42667ec113be9	0	3f47422c	0	3f47422d	0	3d000	7ffe4ac8e740	fa42667ec113be9	0	0	0	5dc6196300b0	2b85	2b85	15c28
3.096326	83591	0	0	3f6acdd3	0	3f6acdd4	0	3d000	7ffe4ac8e740	fb5bddd710d3790	0	0	0	5dc6196300b0	2b85	2b85	15c28
3.105595	83554	3f9ea34e	0	3f9ea34d	0	3f9ea34e	0	3d000	7ffe4ac8e740	fcf76ade1372500	0	0	0	5dc6196300b0	2b85	2b85	15c28
3.115685	8357b	0	0	3fd75abc	0	3fd75abd	0	3d000	7ffe4ac8e740	febb3d28f9f6f89	0	0	0	5dc6196300b0	2b85	2b85	15c28
3.128079	83587	0	0	401c4631	0	401c4632	0	3d000	7ffe4ac8e740	100e26386e2f61c4	0	0	0	5dc6196300b0	2b85	2b85	15c28
3.141674	8355d	10341439769c1d24	0	4067d439	0	4067d43a	0	3d000	7ffe4ac8e740	10341439769c1d24	0	0	0	5dc6196300b0	2b85	2b85	15c28
3.154896	8352f	11a1a699	0	40b07bbb	42172c6	40b07bbc	0	3d000	7ffe4ac8e740	1058b7885e4e3200	0	0	0	5dc6196300b0	2b85	2b85	15c28
3.169657	8355a	1082627042ac09e4	0	4102b9e9	0	4102b9ea	0	3d000	7ffe4ac8e740	1082627042ac09e4	0	0	0	5dc6196300b0	2b85	2b85	15c28
3.176556	8352f	118a62e7	0	41290cca	438b679	41290ccb	0	3d000	7ffe4ac8e740	1095df142fa9a800	0	0	0	5dc6196300b0	2b85	2b85	15c28
3.190533	83568	10bd7f9c993d0700	0	4176b646	0	4176b647	0	3d000	7ffe4ac8e740	10bd7f9c993d07b1	0	0	0	5dc6196300b0	2b85	2b85	15c28
3.203885	83554	41c0a9f1	0	41c0a9f0	0	41c0a9f1	0	3d000	7ffe4ac8e740	10e3674b38cec100	0	0	0	5dc6196300b0	2b85	2b85	15c28
3.218520	8355d	110d9a96347fc979	0	42129d8a	0	42129d8b	0	3d000	7ffe4ac8e740	110d9a96347fc979	0	0	0	5dc6196300b0	2b85	2b85	15c28
3.232539	83587	0	0	42609fd5	0	42609fd6	0	3d000	7ffe4ac8e740	1135f6e29c4b86e4	0	0	0	5dc6196300b0	2b85	2b85	15c28
3.247085	8355d	11600c32caf90e59	0	42b1955a	0	42b1955b	0	3d000	7ffe4ac8e740	11600c32caf90e59	0	0	0	5dc6196300b0	2b85	2b85	15c28
3.261903	8357e	0	0	43017c0a	0	43017c0b	0	3d000	7ffe4ac8e740	1189c6eff630a879	0	0	0	5dc6196300b0	2b85	2b85	15c28
3.272287	8357b	0	0	433b1c50	0	433b1c51	0	3d000	7ffe4ac8e740	11a7fe787677d1a1	0	0	0	5dc6196300b0	2b85	2b85	15c28
3.284344	8359d	25b5d2e6723f3355	0	437df44c	4b0eda9	437df44d	0	3d000	7ffe4ac8e740	11cb2bd8ca54df29	0	0	0	5dc6196300b0	2b85	2b85	15c28
3.298058	83560	11f37ed208736600	0	43ca42e5	0	43ca42e6	0	3d000	7ffe4ac8e740	11f37ed2087366a4	0	0	0	5dc6196300b0	2b85	2b85	15c28
3.308547	8352c	10f5e01d	0	44049946	4cd3942	44049947	0	3d000	7ffe4ac8e740	12127182ddfdf100	0	0	0	5dc6196300b0	2b85	2b85	15c28
3.315735	83536	10ed9806	0	442b9d9c	4d58159	442b9d9d	0	3d000	7ffe4ac8e740	122733293370b700	0	0	0	5dc6196300b0	2b85	2b85	15c28
3.330571	83554	447ef15e	0	447ef15d	0	447ef15e	0	3d000	7ffe4ac8e740	1253af2be31c3b00	0	0	0	5dc6196300b0	2b85	2b85	15c28
3.341651	83568	1274dcc43c69a000	0	44bcd599	0	44bcd59a	0	3d000	7ffe4ac8e740	1274dcc43c69a0a4	0	0	0	5dc6196300b0	2b85	2b85	15c28
3.354871	83568	129b937ca2e4c700	0	4504c73a	0	4504c73b	0	3d000	7ffe4ac8e740	129b937ca2e4c799	0	0	0	5dc6196300b0	2b85	2b85	15c28
3.366152	83594	0	0	4542d9a1	0	4542d9a2	0	3d000	7ffe4ac8e740	12bd1ac6448c0a84	0	0	0	5dc6196300b0	2b85	2b85	15c28
3.378212	83546	0	0	45858867	0	45858868	0	3d000	7ffe4ac8e740	12e1412e89b39900	0	0	0	5dc6196300b0	2b85	2b85	15c28
3.386315	8352f	109883f2	0	45b2b7c8	52a956d	45b2b7c9	0	3d000	7ffe4ac8e740	12f9d3d67174fb00	0	0	0	5dc6196300b0	2b85	2b85	15c28
3.392178	83575	130b4a2d38862a00	0	45d2c228	0	45d2c229	0	3d000	7ffe4ac8e740	130b4a2d38862a91	0	0	0	5dc6196300b0	2b85	2b85	15c28
3.406392	835b3	15c31960	0	461c0a38	54224a0	461c0a39	0	3d000	7ffe4ac8e740	133358a968e08000	0	0	0	5dc6196300b0	2b85	2b85	15c28
3.414454	8353d	0	0	464926e1	54c51b0	464926e2	0	3d000	7ffe4ac8e740	134c162a3e399100	0	0	0	5dc6196300b0	2b85	2b85	15c28
3.422309	83575	1363d78ff9c92e00	0	46745ca7	0	46745ca8	0	3d000	7ffe4ac8e740	1363d78ff9c92e40	0	0	0	5dc6196300b0	2b85	2b85	15c28
3.430419	83591	0	0	46a0fc16	0	46a0fc17	0	3d000	7ffe4ac8e740	137c6f18a8fd4a11	0	0	0	5dc6196300b0	2b85	2b85	15c28
3.444503	83546	0	0	46ed213d	0	46ed213e	0	3d000	7ffe4ac8e740	13a689d3eb42c800	0	0	0	5dc6196300b0	2b85	2b85	15c28
3.456675	83551	0	0	47310be2	0	47310be3	0	3d000	7ffe4ac8e740	13cc3dfce9113300	0	0	0	5dc6196300b0	2b85	2b85	15c28
3.468561	83568	13f112242a484200	0	477324b0	0	477324b1	0	3d000	7ffe4ac8e740	13f112242a484261	0	0	0	5dc6196300b0	2b85	2b85	15c28
3.477816	83594	0	0	47a67d35	0	47a67d36	0	3d000	7ffe4ac8e740	140dc5ba9345c764	0	0	0	5dc6196300b0	2b85	2b85	15c28
3.492815	8355d	143b5e2dc7e81371	0	47f7c366	0	47f7c367	0	3d000	7ffe4ac8e740	143b5e2dc7e81371	0	0	0	5dc6196300b0	2b85	2b85	15c28
3.500625	8359a	a39b82173d3f8000	0	48226fdf	5ba2ff5	48226fe0	0	3d000	7ffe4ac8e740	1453638fe8640400	0	0	0	5dc6196300b0	2b85	2b85	15c28
3.506761	8359d	e6541b59af7361d8	0	484474c5	5c24e2c	484474c6	0	3d000	7ffe4ac8e740	146693fd9e740924	0	0	0	5dc6196300b0	2b85	2b85	15c28
3.516314	83575	14849e5a97a13700	0	48799668	0	48799669	0	3d000	7ffe4ac8e740	14849e5a97a13711	0	0	0	5dc6196300b0	2b85	2b85	15c28
3.530904	8355d	14b277694ca48f09	0	48ca6282	0	48ca6283	0	3d000	7ffe4ac8e740	14b277694ca48f09	0	0	0	5dc6196300b0	2b85	2b85	15c28
3.541937	8355a	14d57df3bee48144	0	4907dfed	0	4907dfee	0	3d000	7ffe4ac8e740	14d57df3bee48144	0	0	0	5dc6196300b0	2b85	2b85	15c28
3.551456	8357e	0	0	493c6c21	0	493c6c22	0	3d000	7ffe4ac8e740	14f383ee419cb484	0	0	0	5dc6196300b0	2b85	2b85	15c28
3.561852	835a6	85a83eae97ce2755	0	4976904c	60cb448	4976904d	0	3d000	7ffe4ac8e740	1514d5354252b700	0	0	0	5dc6196300b0	2b85	2b85	15c28
3.573315	83594	0	0	49b666a0	0	49b666a1	0	3d000	7ffe4ac8e740	1539887de810b141	0	0	0	5dc6196300b0	2b85	2b85	15c28
3.583499	83543	0	0	49e8e58f	0	49e8e590	0	3d000	7ffe4ac8e740	1556a6cc6f092500	0	0	0	5dc6196300b0	2b85	2b85	15c28
3.594610	8352f	f8a6347	0	4a2708e1	638b618	4a2708e2	0	3d000	7ffe4ac8e740	157a97165d2ae700	0	0	0	5dc6196300b0	2b85	2b85	15c28
3.605494	8352c	f7b3e09	0	4a630433	647db56	4a630434	0	3d000	7ffe4ac8e740	159d64ba5049aa00	0	0	0	5dc6196300b0	2b85	2b85	15c28
3.617460	835a6	10f1db3e3348f098	0	4aa4ed55	6589c17	4aa4ed56	0	3d000	7ffe4ac8e740	15c3c376aa385800	0	0	0	5dc6196300b0	2b85	2b85	15c28
3.631138	8359d	474c3d32d42f083	0	4af132fa	66c241c	4af132fb	0	3d000	7ffe4ac8e740	15f054ba22bd0219	0	0	0	5dc6196300b0	2b85	2b85	15c28
3.639344	83594	0	0	4b1e3601	0	4b1e3602	0	3d000	7ffe4ac8e740	160ab735dfdcd804	0	0	0	5dc6196300b0	2b85	2b85	15c28
3.648420	8352f	f3e5910	0	4b50730a	684c04f	4b50730b	0	3d000	7ffe4ac8e740	16283cb08c92e200	0	0	0	5dc6196300b0	2b85	2b85	15c28
3.658597	8353a	f2f9d7b	0	4b8905e6	6937be4	4b8905e7	0	3d000	7ffe4ac8e740	164992cc144eca00	0	0	0	5dc6196300b0	2b85	2b85	15c28
3.666157	83587	0	0	4bb32057	0	4bb32058	0	3d000	7ffe4ac8e740	16627249cf261e40	0	0	0	5dc6196300b0	2b85	2b85	15c28
3.678382	8353d	0	0	4bf72669	6b0693d	4bf7266a	0	3d000	7ffe4ac8e740	168abf1caa615700	0	0	0	5dc6196300b0	2b85	2b85	15c28
3.684120	83575	169d9b305b305e00	0	4c16e6f8	0	4c16e6f9	0	3d000	7ffe4ac8e740	169d9b305b305e31	0	0	0	5dc6196300b0	2b85	2b85	15c28
3.698956	8359d	9aa885a66a575f53	0	4c690a6a	6ceac65	4c690a6b	0	3d000	7ffe4ac8e740	16ce8949143288b9	0	0	0	5dc6196300b0	2b85	2b85	15c28
3.705274	835ab	ded489959f88cf91	0	4c8b2c30	6d7cfca	4c8b2c31	0	3d000	7ffe4ac8e740	16e2ede61cd6e100	0	0	0	5dc6196300b0	2b85	2b85	15c28
3.714458	83584	0	0	4cbe7474	0	4cbe7475	0	3d000	7ffe4ac8e740	1701a2d68aa63d79	0	0	0	5dc6196300b0	2b85	2b85	15c28
3.719634	83546	0	0	4cdb3d15	0	4cdb3d16	0	3d000	7ffe4ac8e740	1712e80608810300	0	0	0	5dc6196300b0	2b85	2b85	15c28
3.725579	8355d	1726943f42e83e40	0	4cfbf9a7	0	4cfbf9a8	0	3d000	7ffe4ac8e740	1726943f42e83e40	0	0	0	5dc6196300b0	2b85	2b85	15c28
3.733652	83568	1741a33e49947a00	0	4d28e9e5	0	4d28e9e6	0	3d000	7ffe4ac8e740	1741a33e49947aa4	0	0	0	5dc6196300b0	2b85	2b85	15c28
3.739583	83594	0	0	4d499663	0	4d499664	0	3d000	7ffe4ac8e740	1755599f45615710	0	0	0	5dc6196300b0	2b85	2b85	15c28
3.753583	83568	17844f66e8ed8e00	0	4d973557	0	4d973558	0	3d000	7ffe4ac8e740	17844f66e8ed8e40	0	0	0	5dc6196300b0	2b85	2b85	15c28
3.759489	83554	4db6d55c	0	4db6d55b	0	4db6d55c	0	3d000	7ffe4ac8e740	17977eeccd348e00	0	0	0	5dc6196300b0	2b85	2b85	15c28
3.772366	83568	17c2a08da3729600	0	4dfdbf3b	0	4dfdbf3c	0	3d000	7ffe4ac8e740	17c2a08da3729610	0	0	0	5dc6196300b0	2b85	2b85	15c28
3.783735	83543	0	0	4e3d560a	0	4e3d560b	0	3d000	7ffe4ac8e740	17e96f2035aeb800	0	0	0	5dc6196300b0	2b85	2b85	15c28
3.795792	83565	18127ca86e367200	0	4e8062e7	0	4e8062e8	0	3d000	7ffe4ac8e740	18127ca86e367240	0	0	0	5dc6196300b0	2b85	2b85	15c28
3.806160	83546	0	0	4eba0591	0	4eba0592	0	3d000	7ffe4ac8e740	1835e29072d2fc00	0	0	0	5dc6196300b0	2b85	2b85	15c28
3.817423	835ab	7c9a7aa364c10740	0	4ef84b93	783bbb6	4ef84b94	0	3d000	7ffe4ac8e740	185c3ee0b5100d00	0	0	0	5dc6196300b0	2b85	2b85	15c28
3.826551	83554	4f2a9e77	0	4f2a9e76	0	4f2a9e77	0	3d000	7ffe4ac8e740	187b54e534cdde00	0	0	0	5dc6196300b0	2b85	2b85	15c28
3.839065	8357e	0	0	4f702182	0	4f702183	0	3d000	7ffe4ac8e740	18a665cc31030909	0	0	0	5dc6196300b0	2b85	2b85	15c28
3.845695	83546	0	0	4f94a0b6	0	4f94a0b7	0	3d000	7ffe4ac8e740	18bd117a8b540100	0	0	0	5dc6196300b0	2b85	2b85	15c28
3.851441	83587	0	0	4fb47612	0	4fb47613	0	3d000	7ffe4ac8e740	18d0e015fb2d8569	0	0	0	5dc6196300b0	2b85	2b85	15c28
3.861210	8357b	0	0	4feb1409	0	4feb140a	0	3d000	7ffe4ac8e740	18f2ee3bf7ed9064	0	0	0	5dc6196300b0	2b85	2b85	15c28
3.874567	8359d	8d0b3932e42002c0	0	5035af4b	7dfc4eb	5035af4c	0	3d000	7ffe4ac8e740	192198d18d80fe90	0	0	0	5dc6196300b0	2b85	2b85	15c28
3.885893	8352f	dd0c616	0	50747ff6	7f25349	50747ff7	0	3d000	7ffe4ac8e740	194904fe97cf0000	0	0	0	5dc6196300b0	2b85	2b85	15c28
3.892489	8352f	dc5ff97	0	5098cd06	7fd19c8	5098cd07	0	3d000	7ffe4ac8e740	195fdb587c843600	0	0	0	5dc6196300b0	2b85	2b85	15c28
3.902374	83587	0	0	50d0771d	0	50d0771e	0	3d000	7ffe4ac8e740	1982f434882ce784	0	0	0	5dc6196300b0	2b85	2b85	15c28
3.909095	83554	50f5e9b2	0	50f5e9b1	0	50f5e9b2	0	3d000	7ffe4ac8e740	199a9e47c21dac00	0	0	0	5dc6196300b0	2b85	2b85	15c28
3.917592	83546	0	0	51251d6a	0	51251d6b	0	3d000	7ffe4ac8e740	19b881fe98052f00	0	0	0	5dc6196300b0	2b85	2b85	15c28
3.928819	8357e	0	0	5163c794	0	5163c795	0	3d000	7ffe4ac8e740	19e04b3042d6fcb9	0	0	0	5dc6196300b0	2b85	2b85	15c28
3.940469	83546	0	0	51a387ac	0	51a387ad	0	3d000	7ffe4ac8e740	1a08e450e4eedb00	0	0	0	5dc6196300b0	2b85	2b85	15c28
3.952904	8353d	0	0	51e90aa2	862b8ec	51e90aa3	0	3d000	7ffe4ac8e740	1a354cdedf550e00	0	0	0	5dc6196300b0	2b85	2b85	15c28
3.963784	83575	1a5bea5a195ec100	0	52254c5b	0	52254c5c	0	3d000	7ffe4ac8e740	1a5bea5a195ec110	0	0	0	5dc6196300b0	2b85	2b85	15c28
3.974391	83587	0	0	526036ba	0	526036bb	0	3d000	7ffe4ac8e740	1a81c738e3f36c99	0	0	0	5dc6196300b0	2b85	2b85	15c28
3.986185	8353a	d26e677	0	52a289b9	89c32e8	52a289ba	0	3d000	7ffe4ac8e740	1aac876d1c3b8700	0	0	0	5dc6196300b0	2b85	2b85	15c28
3.998371	8355d	1ad84f188911db51	0	52e63e76	0	52e63e77	0	3d000	7ffe4ac8e740	1ad84f188911db51	0	0	0	5dc6196300b0	2b85	2b85	15c28
4.007805	8355d	1af9ea92a305c8c1	0	531a1260	0	531a1261	0	3d000	7ffe4ac8e740	1af9ea92a305c8c1	0	0	0	5dc6196300b0	2b85	2b85	15c28
4.015909	83594	0	0	53471a2e	0	53471a2f	0	3d000	7ffe4ac8e740	1b172eba02bf94a1	0	0	0	5dc6196300b0	2b85	2b85	15c28
4.026514	8357e	0	0	53819705	0	53819706	0	3d000	7ffe4ac8e740	1b3d498771241424	0	0	0	5dc6196300b0	2b85	2b85	15c28
4.041316	8357e	0	0	53d45ba2	0	53d45ba3	0	3d000	7ffe4ac8e740	1b73639398c549c9	0	0	0	5dc6196300b0	2b85	2b85	15c28
4.050661	83554	540808e7	0	540808e6	0	540808e7	0	3d000	7ffe4ac8e740	1b9546177eaf2e00	0	0	0	5dc6196300b0	2b85	2b85	15c28
4.062033	8358b	0	0	54473e21	0	54473e22	0	3d000	7ffe4ac8e740	1bbed499d5f07c84	0	0	0	5dc6196300b0	2b85	2b85	15c28
4.076421	8353a	c8686f7	0	5497a0ef	93c9268	5497a0f0	0	3d000	7ffe4ac8e740	1bf3db6c171d9f00	0	0	0	5dc6196300b0	2b85	2b85	15c28
4.090040	8353a	c6dadb3	0	54e338ec	9556bad	54e338ed	0	3d000	7ffe4ac8e740	1c25e708df301900	0	0	0	5dc6196300b0	2b85	2b85	15c28
4.099508	835a6	f5c44f61c07f9d8	0	5517c6c5	966cc4e	5517c6c6	0	3d000	7ffe4ac8e740	1c48cc34cdeae100	0	0	0	5dc6196300b0	2b85	2b85	15c28
4.105534	8357e	0	0	55394728	0	55394729	0	3d000	7ffe4ac8e740	1c5f1611fe09c491	0	0	0	5dc6196300b0	2b85	2b85	15c28
4.118152	8359d	1e28b9b3110adaff	0	557f48fe	9894523	557f48ff	0	3d000	7ffe4ac8e740	1c8dc5c2d7d26e01	0	0	0	5dc6196300b0	2b85	2b85	15c28
4.129355	8352c	c24c1c2	0	55be1449	99e579d	55be144a	0	3d000	7ffe4ac8e740	1cb7c69b4373a500	0	0	0	5dc6196300b0	2b85	2b85	15c28
4.142987	83594	0	0	5609e30c	0	5609e30d	0	3d000	7ffe4ac8e740	1ceaa4ee7c4a0ea9	0	0	0	5dc6196300b0	2b85	2b85	15c28
4.156527	83594	0	0	5654f8f5	0	5654f8f6	0	3d000	7ffe4ac8e740	1d1d33799b8d8c64	0	0	0	5dc6196300b0	2b85	2b85	15c28
4.162198	8359d	f931096f3a339d9d	0	56734f64	9dbd694	56734f65	0	3d000	7ffe4ac8e740	1d31ad48495d7dd9	0	0	0	5dc6196300b0	2b85	2b85	15c28
4.167763	8359a	d97005529437238	0	56922cad	9e66986	56922cae	0	3d000	7ffe4ac8e740	1d46897be6444644	0	0	0	5dc6196300b0	2b85	2b85	15c28
4.177919	835ab	22c8a707d1702a40	0	56c9d7e3	9f98f04	56c9d7e4	0	3d000	7ffe4ac8e740	1d6c3c31ea18c300	0	0	0	5dc6196300b0	2b85	2b85	15c28
4.189362	8353a	bb3732c	0	5709ba3f	a0fa633	5709ba40	0	3d000	7ffe4ac8e740	1d979cf571ed9b00	0	0	0	5dc6196300b0	2b85	2b85	15c28
4.202379	83568	1dc8deb52e192400	0	57520c5f	0	57520c60	0	3d000	7ffe4ac8e740	1dc8deb52e192400	0	0	0	5dc6196300b0	2b85	2b85	15c28
4.210157	8353a	b8b26ee	0	577d54c1	a37f271	577d54c2	0	3d000	7ffe4ac8e740	1de66cf70e893900	0	0	0	5dc6196300b0	2b85	2b85	15c28
4.218869	8355d	1e07ad738d51f3f9	0	57aded4a	0	57aded4b	0	3d000	7ffe4ac8e740	1e07ad738d51f3f9	0	0	0	5dc6196300b0	2b85	2b85	15c28
4.229901	83551	0	0	57eb5e00	0	57eb5e01	0	3d000	7ffe4ac8e740	1e31d249b6840000	0	0	0	5dc6196300b0	2b85	2b85	15c28
4.240537	83594	0	0	5825cf1a	0	5825cf1b	0	3d000	7ffe4ac8e740	1e5a03f8155aacd9	0	0	0	5dc6196300b0	2b85	2b85	15c28
4.254747	8359d	48395aa945d3b4b1	0	58751090	a8fb6ec	58751091	0	3d000	7ffe4ac8e740	1e90b0ebd59c7221	0	0	0	5dc6196300b0	2b85	2b85	15c28
4.267896	83575	1ec2495970d06700	0	58bcb79b	0	58bcb79c	0	3d000	7ffe4ac8e740	1ec2495970d06710	0	0	0	5dc6196300b0	2b85	2b85	15c28
4.276968	83536	b075ff2	0	58ef45c6	abbb96d	58ef45c7	0	3d000	7ffe4ac8e740	1ee55f9b7ab85500	0	0	0	5dc6196300b0	2b85	2b85	15c28
4.290479	83568	1f19a6c96e920a00	0	593a63e8	0	593a63e9	0	3d000	7ffe4ac8e740	1f19a6c96e920a11	0	0	0	5dc6196300b0	2b85	2b85	15c28
4.297984	835ab	1c1e55c06e50f07f	0	5963e57e	ae62a87	5963e57f	0	3d000	7ffe4ac8e740	1f369c8d9bf67500	0	0	0	5dc6196300b0	2b85	2b85	15c28
4.310172	8357e	0	0	59a73281	0	59a73282	0	3d000	7ffe4ac8e740	1f65ae5153930a04	0	0	0	5dc6196300b0	2b85	2b85	15c28
4.320716	83594	0	0	59e13ed5	0	59e13ed6	0	3d000	7ffe4ac8e740	1f8e63e04f985ae4	0	0	0	5dc6196300b0	2b85	2b85	15c28
4.330309	8357e	0	0	5a167f86	0	5a167f87	0	3d000	7ffe4ac8e740	1fb3d3a516bb3931	0	0	0	5dc6196300b0	2b85	2b85	15c28
4.339072	8353d	0	0	5a46fafe	b3a0e5f	5a46faff	0	3d000	7ffe4ac8e740	1fd5fc28d0fd1400	0	0	0	5dc6196300b0	2b85	2b85	15c28
4.346680	83594	0	0	5a70dcd1	0	5a70dcd2	0	3d000	7ffe4ac8e740	1ff38d059e399c44	0	0	0	5dc6196300b0	2b85	2b85	15c28
4.356624	8359d	97f4f4324dc84640	0	5aa7a323	b5e4480	5aa7a324	0	3d000	7ffe4ac8e740	201a4c7b90eedd10	0	0	0	5dc6196300b0	2b85	2b85	15c28
4.368064	8359a	f97fb623f85b77f9	0	5ae6fa68	b762969	5ae6fa69	0	3d000	7ffe4ac8e740	20473878bd9d3f11	0	0	0	5dc6196300b0	2b85	2b85	15c28
4.379495	83575	20745a2003ae4c00	0	5b267105	0	5b267106	0	3d000	7ffe4ac8e740	20745a2003ae4c24	0	0	0	5dc6196300b0	2b85	2b85	15c28
4.385482	83575	208bc8f18bb9ec00	0	5b475316	0	5b475317	0	3d000	7ffe4ac8e740	208bc8f18bb9ec11	0	0	0	5dc6196300b0	2b85	2b85	15c28
4.394351	8352c	a157faa	0	5b78a07b	bad99b5	5b78a07c	0	3d000	7ffe4ac8e740	20aefaef00db3c00	0	0	0	5dc6196300b0	2b85	2b85	15c28
4.409053	8353a	9f641cc	0	5bc9e9c9	bccd794	5bc9e9ca	0	3d000	7ffe4ac8e740	20e92b75d9217f00	0	0	0	5dc6196300b0	2b85	2b85	15c28
4.416626	83554	5bf2dc0a	0	5bf2dc09	0	5bf2dc0a	0	3d000	7ffe4ac8e740	21068ed324237800	0	0	0	5dc6196300b0	2b85	2b85	15c28
4.431791	8359a	a8101ec04a71d31b	0	5c45a902	bfcd1e0	5c45a903	0	3d000	7ffe4ac8e740	2142246eb332f609	0	0	0	5dc6196300b0	2b85	2b85	15c28
4.439193	8355a	215fe0284af1edc4	0	5c6edecd	0	5c6edece	0	3d000	7ffe4ac8e740	215fe0284af1edc4	0	0	0	5dc6196300b0	2b85	2b85	15c28
4.451566	83557	218fce38d8cc57a9	0	5cb12672	0	5cb12673	0	3d000	7ffe4ac8e740	218fce381f6a0a00	0	0	0	5dc6196300b0	2b85	2b85	15c28
4.461682	8357e	0	0	5ce9a243	0	5ce9a244	0	3d000	7ffe4ac8e740	21b8c1d9a6a22210	0	0	0	5dc6196300b0	2b85	2b85	15c28
4.467263	8359a	ed31abf1e51e19e8	0	5d088089	c49630a	5d08808a	0	3d000	7ffe4ac8e740	21cf2dac8d2a4a64	0	0	0	5dc6196300b0	2b85	2b85	15c28
4.482397	8357e	0	0	5d5cac78	0	5d5cac79	0	3d000	7ffe4ac8e740	220c76dc552ad131	0	0	0	5dc6196300b0	2b85	2b85	15c28
4.495853	835a6	e45cb52961787000	0	5da7816f	c88ce56	5da78170	0	3d000	7ffe4ac8e740	224321a581921100	0	0	0	5dc6196300b0	2b85	2b85	15c28
4.501271	8355d	22591f84aadbc400	0	5dc58b1f	0	5dc58b20	0	3d000	7ffe4ac8e740	22591f84aadbc400	0	0	0	5dc6196300b0	2b85	2b85	15c28
4.513034	83551	0	0	5e054b2d	0	5e054b2e	0	3d000	7ffe4ac8e740	2287e35111d56500	0	0	0	5dc6196300b0	2b85	2b85	15c28
4.524702	8352f	8fb256b	0	5e43c22b	cc7f3f4	5e43c22c	0	3d000	7ffe4ac8e740	22b5d487864eb700	0	0	0	5dc6196300b0	2b85	2b85	15c28
4.532994	8353d	0	0	5e7191e8	cda9f66	5e7191e9	0	3d000	7ffe4ac8e740	22d7998881f8a200	0	0	0	5dc6196300b0	2b85	2b85	15c28
4.544563	8355d	23050618fe1a49f1	0	5eaf0e26	0	5eaf0e27	0	3d000	7ffe4ac8e740	23050618fe1a49f1	0	0	0	5dc6196300b0	2b85	2b85	15c28
4.550080	835ab	7f947c2ebf04579	0	5ecdb6e8	d0063b5	5ecdb6e9	0	3d000	7ffe4ac8e740	231bb7a18fda2000	0	0	0	5dc6196300b0	2b85	2b85	15c28
4.564798	83551	0	0	5f202d1e	0	5f202d1f	0	3d000	7ffe4ac8e740	2358e58793738f00	0	0	0	5dc6196300b0	2b85	2b85	15c28
4.570670	8352c	893428e	0	5f408030	d2fd6d1	5f408031	0	3d000	7ffe4ac8e740	2370ef64b6b10900	0	0	0	5dc6196300b0	2b85	2b85	15c28
4.578634	8357e	0	0	5f6c7af5	0	5f6c7af6	0	3d000	7ffe4ac8e740	2391b13a8e9f6464	0	0	0	5dc6196300b0	2b85	2b85	15c28
4.593167	83575	23ca6764e5d9ca00	0	5fb86f2e	0	5fb86f2f	0	3d000	7ffe4ac8e740	23ca6764e5d9caa1	0	0	0	5dc6196300b0	2b85	2b85	15c28
4.606956	8352c	8423753	0	600217c5	d80e20c	600217c6	0	3d000	7ffe4ac8e740	240191d8e14d2d00	0	0	0	5dc6196300b0	2b85	2b85	15c28
4.619382	83587	0	0	6046540c	0	6046540d	0	3d000	7ffe4ac8e740	2434d25bd2b488a9	0	0	0	5dc6196300b0	2b85	2b85	15c28
4.631546	83546	0	0	60871665	0	60871666	0	3d000	7ffe4ac8e740	24659814607b8300	0	0	0	5dc6196300b0	2b85	2b85	15c28
4.637245	835a6	32a3aa45dc515cab	0	60a6bbb2	dc6d1a1	60a6bbb3	0	3d000	7ffe4ac8e740	247d795e35c2ff00	0	0	0	5dc6196300b0	2b85	2b85	15c28
4.649425	8357e	0	0	60ea2d42	0	60ea2d43	0	3d000	7ffe4ac8e740	24b07829067c9f89	0	0	0	5dc6196300b0	2b85	2b85	15c28
4.661211	83594	0	0	612bb133	0	612bb134	0	3d000	7ffe4ac8e740	24e223be6a20f290	0	0	0	5dc6196300b0	2b85	2b85	15c28
4.670036	83546	0	0	615cc18d	0	615cc18e	0	3d000	7ffe4ac8e740	25076c4889ade700	0	0	0	5dc6196300b0	2b85	2b85	15c28
4.681016	83557	2535ca4a5aa43989	0	6199a3bc	0	6199a3bd	0	3d000	7ffe4ac8e740	2535ca499770f200	0	0	0	5dc6196300b0	2b85	2b85	15c28
4.694214	8355d	256d0b794b4800c4	0	61e1fff1	0	61e1fff2	0	3d000	7ffe4ac8e740	256d0b794b4800c4	0	0	0	5dc6196300b0	2b85	2b85	15c28
4.704462	83568	2598b8e223bb7200	0	621b0d17	0	621b0d18	0	3d000	7ffe4ac8e740	2598b8e223bb7240	0	0	0	5dc6196300b0	2b85	2b85	15c28
4.718505	83575	25d18608752f9000	0	62650d3f	0	62650d40	0	3d000	7ffe4ac8e740	25d18608752f9000	0	0	0	5dc6196300b0	2b85	2b85	15c28
4.724804	8359d	217538ba0291f23f	0	6287e0be	e98979c	6287e0bf	0	3d000	7ffe4ac8e740	25ec50310ac0ce81	0	0	0	5dc6196300b0	2b85	2b85	15c28
4.738293	8355d	2626612030b5ecf9	0	62d332ca	0	62d332cb	0	3d000	7ffe4ac8e740	2626612030b5ecf9	0	0	0	5dc6196300b0	2b85	2b85	15c28
4.744989	83575	2642e931d1e0d100	0	62f82042	0	62f82043	0	3d000	7ffe4ac8e740	2642e931d1e0d189	0	0	0	5dc6196300b0	2b85	2b85	15c28
4.751418	8352f	6e8a58b	0	631b3653	eda73d4	631b3654	0	3d000	7ffe4ac8e740	265e0ee9793f8b00	0	0	0	5dc6196300b0	2b85	2b85	15c28
4.759557	835ab	5ae04c7c144cab91	0	6347a030	eee74e1	6347a031	0	3d000	7ffe4ac8e740	268079f0256b4900	0	0	0	5dc6196300b0	2b85	2b85	15c28
4.770911	8352f	6b80327	0	6386ec23	f0b1639	6386ec24	0	3d000	7ffe4ac8e740	26b1a1bfe7826500	0	0	0	5dc6196300b0	2b85	2b85	15c28
4.776352	83546	0	0	63a52513	0	63a52514	0	3d000	7ffe4ac8e740	26c9253581dc7f00	0	0	0	5dc6196300b0	2b85	2b85	15c28
4.787051	8357e	0	0	63dfb7ad	0	63dfb7ae	0	3d000	7ffe4ac8e740	26f6cb9218ee3a44	0	0	0	5dc6196300b0	2b85	2b85	15c28
4.796581	83572	2720458ea9b16c00	0	6414d1be	0	6414d1bf	0	3d000	7ffe4ac8e740	2720458ea9b16c81	0	0	0	5dc6196300b0	2b85	2b85	15c28
4.807442	8359d	194f5fb486843c40	0	64511d43	f677fbc	64511d44	0	3d000	7ffe4ac8e740	274f7890a8607a10	0	0	0	5dc6196300b0	2b85	2b85	15c28
4.820808	8355d	2789bb8ba83564e9	0	649b58ac	0	649b58ad	0	3d000	7ffe4ac8e740	2789bb8ba83564e9	0	0	0	5dc6196300b0	2b85	2b85	15c28
4.827453	8352f	6282953	0	64c04b0f	f9af00c	64c04b10	0	3d000	7ffe4ac8e740	27a6cb152e026100	0	0	0	5dc6196300b0	2b85	2b85	15c28
4.836689	83551	0	0	64f368f6	0	64f368f7	0	3d000	7ffe4ac8e740	27cf11709e0ccc00	0	0	0	5dc6196300b0	2b85	2b85	15c28
4.844729	8352f	5fbb5a1	0	651f9ad0	fc763be	651f9ad1	0	3d000	7ffe4ac8e740	27f1f40fc63e1e00	0	0	0	5dc6196300b0	2b85	2b85	15c28
4.856674	8353d	0	0	65618aa1	fe65572	65618aa2	0	3d000	7ffe4ac8e740	28261c8d6313f900	0	0	0	5dc6196300b0	2b85	2b85	15c28
4.869973	8352f	5bdfc6b	0	65a2cbe1	10051cf4	65a2cbe2	0	3d000	7ffe4ac8e740	2859dc6700683300	0	0	0	5dc6196300b0	2b85	2b85	15c28
4.883293	83546	0	0	65ed3cfc	0	65ed3cfd	0	3d000	7ffe4ac8e740	28950df8d11f1800	0	0	0	5dc6196300b0	2b85	2b85	15c28
4.891048	8353d	0	0	6618a5ba	103d17e4	6618a5bb	0	3d000	7ffe4ac8e740	28b7a66fb6294b00	0	0	0	5dc6196300b0	2b85	2b85	15c28
4.898716	8359a	a7f48bb0aa92d7e1	0	66438ea0	10519a05	66438ea1	0	3d000	7ffe4ac8e740	28d9e77c43bd0141	0	0	0	5dc6196300b0	2b85	2b85	15c28
4.904459	83546	0	0	66634175	0	66634176	0	3d000	7ffe4ac8e740	28f33ea4ed3a9f00	0	0	0	5dc6196300b0	2b85	2b85	15c28
4.918671	83572	2932f394a7213700	0	66b2c730	0	66b2c731	0	3d000	7ffe4ac8e740	2932f394a7213761	0	0	0	5dc6196300b0	2b85	2b85	15c28
4.925692	8352f	52908d7	0	66da0e8d	109a1088	66da0e8e	0	3d000	7ffe4ac8e740	29527d55f2abd600	0	0	0	5dc6196300b0	2b85	2b85	15c28
4.938642	8357b	0	0	67222928	0	67222929	0	3d000	7ffe4ac8e740	298c81adf3822891	0	0	0	5dc6196300b0	2b85	2b85	15c28
4.944135	8353d	0	0	67408ef0	10cbe4d5	67408ef1	0	3d000	7ffe4ac8e740	29a5034ce7cf2100	0	0	0	5dc6196300b0	2b85	2b85	15c28
4.956090	8359d	f35675e9f8f1f600	0	67836517	10ec981a	67836518	0	3d000	7ffe4ac8e740	29dafec9ee7bf240	0	0	0	5dc6196300b0	2b85	2b85	15c28
4.965855	83594	0	0	67b9581c	0	67b9581d	0	3d000	7ffe4ac8e740	2a06ab17ce3df349	0	0	0	5dc6196300b0	2b85	2b85	15c28
4.977439	83568	2a3af4db3a834e00	0	67f9cab6	0	67f9cab7	0	3d000	7ffe4ac8e740	2a3af4db3a834ed1	0	0	0	5dc6196300b0	2b85	2b85	15c28
4.986352	8357e	0	0	682b9791	0	682b9792	0	3d000	7ffe4ac8e740	2a637292e4c98f44	0	0	0	5dc6196300b0	2b85	2b85	15c28
4.996119	83587	0	0	6861bb61	0	6861bb62	0	3d000	7ffe4ac8e740	2a8f8d8f296c5184	0	0	0	5dc6196300b0	2b85	2b85	15c28
5.002503	8357e	0	0	688545a6	0	688545a7	0	3d000	7ffe4ac8e740	2aac8df9227972f1	0	0	0	5dc6196300b0	2b85	2b85	15c28
5.013721	83551	0	0	68c39c4c	0	68c39c4d	0	3d000	7ffe4ac8e740	2adf84753b34b600	0	0	0	5dc6196300b0	2b85	2b85	15c28
5.022290	83575	2b063988b489ea00	0	68f2dc79	0	68f2dc7a	0	3d000	7ffe4ac8e740	2b063988b489ea24	0	0	0	5dc6196300b0	2b85	2b85	15c28
5.029573	8359d	a5406bdf0866d729	0	691b5578	11b7c81b	691b5579	0	3d000	7ffe4ac8e740	2b276f08660f9331	0	0	0	5dc6196300b0	2b85	2b85	15c28
5.037286	8359d	69a10dc7f1b0df08	0	6945f541	11cd5f11	6945f542	0	3d000	7ffe4ac8e740	2b4a764e448b6504	0	0	0	5dc6196300b0	2b85	2b85	15c28
5.048768	83543	0	0	69868c12	0	69868c13	0	3d000	7ffe4ac8e740	2b7fa59db37bb100	0	0	0	5dc6196300b0	2b85	2b85	15c28
5.055316	83594	0	0	69aaff98	0	69aaff99	0	3d000	7ffe4ac8e740	2b9db7e3f8662971	0	0	0	5dc6196300b0	2b85	2b85	15c28
5.068841	8355d	2bdc3b5899ec8561	0	69f69e30	0	69f69e31	0	3d000	7ffe4ac8e740	2bdc3b5899ec8561	0	0	0	5dc6196300b0	2b85	2b85	15c28
5.081963	8359d	73e33acb155149c5	0	6a3fc79c	124d49c0	6a3fc79d	0	3d000	7ffe4ac8e740	2c18e131deeb7649	0	0	0	5dc6196300b0	2b85	2b85	15c28
5.094412	83551	0	0	6a844074	0	6a844075	0	3d000	7ffe4ac8e740	2c51c9b297da3400	0	0	0	5dc6196300b0	2b85	2b85	15c28
5.107471	83587	0	0	6accc37e	0	6accc37f	0	3d000	7ffe4ac8e740	2c8e35ad53b2b901	0	0	0	5dc6196300b0	2b85	2b85	15c28
5.117568	8359d	a8caaedfc1bdb440	0	6b04afc3	12b3c7e5	6b04afc4	0	3d000	7ffe4ac8e740	2cbceb03cecd8e10	0	0	0	5dc6196300b0	2b85	2b85	15c28
5.128288	83594	0	0	6b40ce35	0	6b40ce36	0	3d000	7ffe4ac8e740	2cef3cc8e51af364	0	0	0	5dc6196300b0	2b85	2b85	15c28
5.141749	83543	0	0	6b8b43ac	0	6b8b43ad	0	3d000	7ffe4ac8e740	2d2db65456ab7b00	0	0	0	5dc6196300b0	2b85	2b85	15c28
5.151209	83591	0	0	6bbfdad5	0	6bbfdad6	0	3d000	7ffe4ac8e740	2d59f0b72a652ae4	0	0	0	5dc6196300b0	2b85	2b85	15c28
5.157875	83551	0	0	6be4c717	0	6be4c718	0	3d000	7ffe4ac8e740	2d790ae075ccc400	0	0	0	5dc6196300b0	2b85	2b85	15c28
5.165088	8357e	0	0	6c0b9b22	0	6c0b9b23	0	3d000	7ffe4ac8e740	2d99cb6c3b0566c9	0	0	0	5dc6196300b0	2b85	2b85	15c28
5.174112	83581	0	0	6c3d9ee4	0	6c3d9ee5	0	3d000	7ffe4ac8e740	2dc40ce653c178d9	0	0	0	5dc6196300b0	2b85	2b85	15c28
5.188617	83546	0	0	6c8dd691	0	6c8dd692	0	3d000	7ffe4ac8e740	2e07fba06790be00	0	0	0	5dc6196300b0	2b85	2b85	15c28
5.203430	8354d	0	0	6ce06c88	0	6ce06c89	0	3d000	7ffe4ac8e740	2e4e2050dc030800	0	0	0	5dc6196300b0	2b85	2b85	15c28
5.217238	83565	2e8e938fffaddd00	0	6d2c1772	0	6d2c1773	0	3d000	7ffe4ac8e740	2e8e938fffaddda9	0	0	0	5dc6196300b0	2b85	2b85	15c28
5.224088	83587	0	0	6d513715	0	6d513716	0	3d000	7ffe4ac8e740	2eae42aca3c675e4	0	0	0	5dc6196300b0	2b85	2b85	15c28
5.237092	83591	0	0	6d98d002	0	6d98d003	0	3d000	7ffe4ac8e740	2eeb7c5a3a94e009	0	0	0	5dc6196300b0	2b85	2b85	15c28
5.247162	83546	0	0	6dd0310c	0	6dd0310d	0	3d000	7ffe4ac8e740	2f1af313f4e59800	0	0	0	5dc6196300b0	2b85	2b85	15c28
5.255824	83594	0	0	6e0093a8	0	6e0093a9	0	3d000	7ffe4ac8e740	2f447ee5912b8591	0	0	0	5dc6196300b0	2b85	2b85	15c28
5.263580	83565	2f68dc9b99e53f00	0	6e2adc6d	0	6e2adc6e	0	3d000	7ffe4ac8e740	2f68dc9b99e53f44	0	0	0	5dc6196300b0	2b85	2b85	15c28
5.276827	8359d	4e43798c11b452d3	0	6e74e4ea	14903c22	6e74e4eb	0	3d000	7ffe4ac8e740	2fa8aa1a35ab6fb9	0	0	0	5dc6196300b0	2b85	2b85	15c28
5.289982	835ab	c3964227f82cfee3	0	6ebe561a	14b95bee	6ebe561b	0	3d000	7ffe4ac8e740	2fe81f83210a2600	0	0	0	5dc6196300b0	2b85	2b85	15c28
5.302456	83554	6f03b94c	0	6f03b94b	0	6f03b94c	0	3d000	7ffe4ac8e740	30243abce7df7b00	0	0	0	5dc6196300b0	2b85	2b85	15c28
5.310323	8359d	8918ef1d35991eed	0	6f2f4054	14f900cf	6f2f4055	0	3d000	7ffe4ac8e740	304a028265609c39	0	0	0	5dc6196300b0	2b85	2b85	15c28
5.321407	83575	307f4685b7271e00	0	6f6c81c3	0	6f6c81c4	0	3d000	7ffe4ac8e740	307f4685b7271e10	0	0	0	5dc6196300b0	2b85	2b85	15c28
5.331661	83575	30b11a5bb1fd1300	0	6fa5b091	0	6fa5b092	0	3d000	7ffe4ac8e740	30b11a5bb1fd1344	0	0	0	5dc6196300b0	2b85	2b85	15c28
5.341968	83554	6fdf0105	0	6fdf0104	0	6fdf0105	0	3d000	7ffe4ac8e740	30e325243cf90800	0	0	0	5dc6196300b0	2b85	2b85	15c28
5.352359	83578	0	0	7018552e	0	7018552f	0	3d000	7ffe4ac8e740	31154cd935283ea1	0	0	0	5dc6196300b0	2b85	2b85	15c28
5.363219	83554	705573e6	0	705573e5	0	705573e6	0	3d000	7ffe4ac8e740	314ae1ee8a898a00	0	0	0	5dc6196300b0	2b85	2b85	15c28
5.376065	8361e	15c316cb	4	511d5	294	0	9011bb6e5636d2b1	0	7ffe4ac8e740	0	0	0	4	511d6	2b00	3	15c00
5.384197	83672	32048c8e16ebfc09	4	176518	0	0	223526abc00	2	7ffe4ac8e740	0	0	0	4	176519	2b00	3	15c00
5.394125	83643	0	4	2e1bb7	0	0	1	4	7ffe4ac8e740	2e1bb7	0	0	4	2e1bb8	2b00	3	15c00
5.400683	83646	b69c40	4	3cdebf	0	0	70fe33fe580c0000	1	7ffe4ac8e740	0	0	0	4	3cdec0	2b00	3	15c00
5.410710	8364d	29cb8b0	4	539715	0	0	e9872c7b2b7e9d98	1	7ffe4ac8e740	29cb8b0	0	0	4	539716	2b00	3	15c00
5.417579	83650	0	4	62e567	0	0	c24fc42d1c6aea00	1	7ffe4ac8e740	5688bb0	0	0	4	62e568	2b00	3	15c00
5.427115	83653	0	4	78bcdd	0	0	78bcde	3	7ffe4ac8e740	0	0	0	4	78bcde	2b00	3	15c00
5.432647	83666	2c5e7b9383822391	4	8506f2	7a6f63	0	eb9dd176acfdd46b	1	7ffe4ac8e740	122ff339	0	0	4	8506f3	2b00	3	15c00
5.438198	83660	0	6	5f05	0	0	5f06	5	7ffe4ac8e740	0	0	0	6	5f06	2b00	5	15c00
5.448480	8e6c3	5dc6196534c0	38	6	38	5dc619653430	5dc6196534c0	7	7ffe4ac8e560	7	4	4	0	5dc619631f70	5dc619653430	5dc6196534c0	20
5.459666	8d283	5dc619653640	6f6c5661214e6414	3f	5dc61963916c	5dc60aa6ac50	7ffe4ac8e5a8	2	7ffe4ac8e5a0	6f6c5661214e6414	3c	178	f0ea5255c83e99f	5dc6196391ec	0	378	5dc619639170
5.472426	8d23f	5dc6196304a0	4	3c	5dc619639370	5dc60aa6ac50	7ffe4ac8e638	0	7ffe4ac8e630	3c	2c	37c	f0ea5255c83e99f	5dc619639600	0	37c	5dc619639280
5.485527	135472af651c	0	0	94d6018ae5d30be9	0	1	20	7	7ffe4ac8e4e0	4	0	89ab8e54aac7d06b	eccb6cb83cb84be1	20	5dc619653568	20	b41fa36dced6853a
5.492725	8607f	3ad	2f90	9	6944a	5dc619694730	4b	13a	7ffe4ac8e740	2b85	5dc6196e6d50	5dc6196fc980	711a7d611010	70000	69	10000	70000
5.507595	8607f	30bb1	2f90	11	7b425	5dc619694730	2357	5c6	7ffe4ac8e740	2b85	5dc6196e6d50	5dc6196fc980	711a7d5d1010	80000	69	10000	80000
5.521384	8605e	43	2f90	6	1788	5dc619694730	7	d07	7ffe4ac8e740	2b85	5dc6196e6d50	5dc6196fc980	711a7d791010	10000	69	10000	10000
5.529632	8607b	1871	2f90	c	187d60	5dc619694730	192	4e8	7ffe4ac8e740	2b85	5dc6196e6d50	5dc6196fc980	711a7d191010	190000	69	10000	190000
5.538305	86072	2bca9	2f90	11	121a46	5dc619694730	202b	79d	7ffe4ac8e740	2b85	5dc6196e6d50	5dc6196fc980	711a7d391010	110000	69	10000	110000
5.547332	860cc	74e8	74e8	11	c0ffa	5dc619694730	2b85	663	7ffe4ac8e740	2b85	5dc6196e6d50	5dc6196fc980	711a7d511010	0	74e4	10000	b0000
5.560860	135472bf0b24	711a7d7ab0f0	6838	7ad0	1a0e0	711a7d7a3620	711a7d7bd700	d07	7ffe4ac8e738	711a7d7ab0f0	1a0e0	d14	0	10000	6838	10000	10000
5.572186	8607f	33ae1	2f90	11	ad000	5dc619694730	2550	663	7ffe4ac8e740	2b85	5dc6196e6d50	5dc6196fc980	711a7d511010	b0000	69	10000	b0000
5.585593	860e7	711a7d791010	2514	11	404c9	5dc619694730	2b85	48c	7ffe4ac8e740	2b85	5dc6196e6d50	5dc6196fc980	711a7d751010	0	2510	10000	20000
5.592074	8607f	101	2f90	8	d3b8a	5dc619694730	13	700	7ffe4ac8e740	2b85	5dc6196e6d50	5dc6196fc980	711a7d451010	e0000	69	10000	e0000
5.597565	8605e	2d7	2f90	9	118c93	5dc619694730	3b	c29	7ffe4ac8e740	2b85	5dc6196e6d50	5dc6196fc980	711a7d351010	120000	69	10000	120000
5.603377	8605e	1499	2f90	c	171c94	5dc619694730	153	5c	7ffe4ac8e740	2b85	5dc6196e6d50	5dc6196fc980	711a7d1d1010	180000	69	10000	180000
5.617255	8605e	1f4ed	2f90	10	1039e8	5dc619694730	17d7	79d	7ffe4ac8e740	2b85	5dc6196e6d50	5dc6196fc980	711a7d391010	110000	69	10000	110000
5.623320	8601e	5dc6196bb4f0	2f90	11	196ed2	5dc619694730	2398	5c	7ffe4ac8e740	2b85	5dc6196e6d50	5dc6196fc980	711a7d1d1010	180000	69	10000	180000
5.632565	135472bf0b24	711a7d7c51d0	2f90	bcd0	be40	711a7d791180	711a7d7c5340	cc6	7ffe4ac8e738	711a7d7c51d0	341c0	5dc6196fc980	711a7d2d1010	150000	d070	10000	150000
5.640689	86007	37187	2f90	11	91027	5dc619694730	279b	13a	7ffe4ac8e740	2b85	5dc6196e6d50	5dc6196fc980	711a7d611010	70000	69	10000	70000
5.651798	86ac9	2b85	5dc6196397b0	27ec	d295	0	0	5dc6197a20e0	7ffe4ac8e740	17d97	1291	5dc61979d5f0	f0ea5255c83e99f	5dc60aa6b088	5dc6196bb4f0	2b85	7ffe4ac8e7f0
5.660188	8607b	21125	2f90	11	37168	5dc619694730	190c	9d	7ffe4ac8e740	2b85	5dc6196e6d50	5dc6196fc980	711a7d6d1010	40000	69	10000	40000
5.670639	8605e	1bd93	2f90	10	6337a	5dc619694730	157c	13a	7ffe4ac8e740	2b85	5dc6196e6d50	5dc6196fc980	711a7d611010	70000	69	10000	70000
5.678934	8605a	1619	2f90	c	1d695b	5dc619694730	16c	196	7ffe4ac8e740	2b85	5dc6196e6d50	5dc6196fc980	711a7d051010	1e0000	69	10000	1e0000
5.687635	8605e	45d	2f90	a	1598e8	5dc619694730	5d	44b	7ffe4ac8e740	2b85	5dc6196e6d50	5dc6196fc980	711a7d251010	160000	69	10000	160000
5.693423	860cc	1e08	1e08	11	1cd2a0	5dc619694730	2b85	f9	7ffe4ac8e740	2b85	5dc6196e6d50	5dc6196fc980	711a7d111010	0	1e04	10000	1b0000
5.706722	8607f	1f7	2f90	8	f048b	5dc619694730	28	311	7ffe4ac8e740	2b85	5dc6196e6d50	5dc6196fc980	711a7d3d1010	100000	69	10000	100000
5.715128	85709	8	1e701	0	186d3	5dc6196bb4f0	174b	8000000009af78d4	7ffe4ac8e740	1e701	0	0	accf5537ba84dca5	174b	5dc6196386d0	746d1a98a4ddf6c8	2b85
5.728434	86076	149cf	2f90	10	a6862	5dc619694730	102b	663	7ffe4ac8e740	2b85	5dc6196e6d50	5dc6196fc980	711a7d511010	b0000	69	10000	b0000
5.742579	8605e	15b	2f90	8	1b0250	5dc619694730	1b	585	7ffe4ac8e740	2b85	5dc6196e6d50	5dc6196fc980	711a7d0d1010	1c0000	69	10000	1c0000
5.747824	8607f	37f5d	2f90	11	1c76e3	5dc619694730	282c	a11	7ffe4ac8e740	2b85	5dc6196e6d50	5dc6196fc980	711a7d091010	1d0000	69	10000	1d0000
5.756053	8607f	25	2f90	5	e541a	5dc619694730	6	b8c	7ffe4ac8e740	2b85	5dc6196e6d50	5dc6196fc980	711a7d411010	f0000	69	10000	f0000
5.764292	8605e	125d1	2f90	10	1ebff7	5dc619694730	e89	622	7ffe4ac8e740	2b85	5dc6196e6d50	5dc6196fc980	711a7d011010	1f0000	69	10000	1f0000
5.772824	8605e	25	2f90	5	139aea	5dc619694730	6	83a	7ffe4ac8e740	2b85	5dc6196e6d50	5dc6196fc980	711a7d2d1010	140000	69	10000	140000
5.785248	855f8	340	14cfb	14cfb	11ac4	16b2	1058	7ffffffffa5bcc35	7ffe4ac8e740	14cfb	0	0	accf5537ba84dca5	1058	21ae	7d1da923b0e7a391	2b85
5.793081	8605e	32039	2f90	11	10b997	5dc619694730	242f	79d	7ffe4ac8e740	2b85	5dc6196e6d50	5dc6196fc980	711a7d391010	110000	69	10000	110000
5.798870	8606e	9e53	2f90	f	169100	5dc619694730	871	44b	7ffe4ac8e740	2b85	5dc6196e6d50	5dc6196fc980	711a7d251010	160000	69	10000	160000
5.804727	8606e	2ce0f	2f90	11	1b0dbd	5dc619694730	20df	f9	7ffe4ac8e740	2b85	5dc6196e6d50	5dc6196fc980	711a7d111010	1b0000	69	10000	1b0000
5.818210	8565c	2cbe	23971	23971	2f5c	f4d3	1acf	8000000000ad0b42	7ffe4ac8e740	23971	0	15c4301f	ae2180f9a4843141	1acf	5dc6196386d0	4996199459d12aac	2b85
5.827649	8607f	32b	2f90	9	1e67d8	5dc619694730	40	622	7ffe4ac8e740	2b85	5dc6196e41c0	5dc6196f9df0	5dc6190bdba0	1f0000	69	10000	1f0000
5.834207	8607f	35d5	2f90	d	56270	5dc619694730	343	9b5	7ffe4ac8e740	2b85	5dc6196e41c0	5dc6196f9df0	5dc6196fdba0	60000	69	10000	60000
5.840513	86031	2b85	2f90	11	96360	5dc619694730	2b54	5c6	7ffe4ac8e740	2b85	5dc6196e41c0	5dc6196f9df0	5dc61967dba0	80000	69	10000	80000
5.846966	8607f	1badb	2f90	10	c4c0c	5dc619694730	1562	274	7ffe4ac8e740	2b85	5dc6196e41c0	5dc6196f9df0	5dc61953dba0	d0000	69	10000	d0000
5.853831	135472bf0b24	5dc61984ac10	341c	4c70	d070	5dc619845fa0	5dc619853010	3ae	7ffe4ac8e738	5dc61984ac10	d070	5dc6196f9df0	5dc6193fdba0	130000	341c	10000	130000
5.863513	8605e	18f5	2f90	c	9cd9e	5dc619694730	19c	1d7	7ffe4ac8e740	2b85	5dc6196e41c0	5dc6196f9df0	5dc6195fdba0	a0000	69	10000	a0000
5.872369	8607f	254b1	2f90	11	1c7613	5dc619694730	1bed	a11	7ffe4ac8e740	2b85	5dc6196e41c0	5dc6196f9df0	5dc61913dba0	1d0000	69	10000	1d0000
5.880733	8607f	1f	2f90	4	a02aa	5dc619694730	5	663	7ffe4ac8e740	2b85	5dc6196e41c0	5dc6196f9df0	5dc6195bdba0	b0000	69	10000	b0000
5.893384	8607f	1f	2f90	4	1b6fc5	5dc619694730	5	585	7ffe4ac8e740	2b85	5dc6196e41c0	5dc6196f9df0	5dc61917dba0	1c0000	69	10000	1c0000
5.900787	86066	23dcd	2f90	11	787b2	5dc619694730	1aff	13a	7ffe4ac8e740	2b85	5dc6196e41c0	5dc6196f9df0	5dc6196bdba0	70000	69	10000	70000
5.911086	86076	c55f	2f90	f	932ce	5dc619694730	a43	1d7	7ffe4ac8e740	2b85	5dc6196e41c0	5dc6196f9df0	5dc6195fdba0	a0000	69	10000	a0000
5.918879	86072	2df25	2f90	11	1e9dde	5dc619694730	2198	a11	7ffe4ac8e740	2b85	5dc6196e41c0	5dc6196f9df0	5dc61913dba0	1d0000	69	10000	1d0000
5.924092	8607f	4e1	2f90	a	1f157d	5dc619694730	64	aae	7ffe4ac8e740	2b85	5dc6196e41c0	5dc6196f9df0	5dc61907dba0	200000	69	10000	200000
5.938103	8605e	6343	2f90	e	187237	5dc619694730	581	4e8	7ffe4ac8e740	2b85	5dc6196e41c0	5dc6196f9df0	5dc61923dba0	190000	69	10000	190000
5.950296	135472bf0b24	5dc619857c80	6838	9ac0	1a0e0	5dc61984e1c0	5dc6198682a0	9b5	7ffe4ac8e738	5dc619857c80	1a0e0	5dc6196f9df0	5dc61973dba0	60000	6838	10000	60000
5.959906	86007	d891	2f90	f	3bdc8	5dc619694730	b18	918	7ffe4ac8e740	2b85	5dc6196e41c0	5dc6196f9df0	5dc6197bdba0	30000	69	10000	30000
5.967935	8605e	593	2f90	a	18d1f1	5dc619694730	6d	4e8	7ffe4ac8e740	2b85	5dc6196e41c0	5dc6196f9df0	5dc61923dba0	190000	69	10000	190000
5.974243	85656	ffffffffffff500a	1ab6f	1ab6f	ffffffffffffa1de	18b5c	14b3	80000000053045d7	7ffe4ac8e740	1ab6f	0	15c4301f	ae2180f9a4843141	14b3	5dc6196386d0	547a8a11605715b3	2b85
5.987281	860e7	5dc61983dba0	1fb0	11	13bc96	5dc619694730	2b85	c29	7ffe4ac8e740	2b85	5dc6196e41c0	5dc6196f9df0	5dc6193fdba0	0	1fac	10000	120000
5.998299	135472bf0b24	5dc61984ac10	341c	cc70	d070	5dc61983dfa0	5dc61984b010	974	7ffe4ac8e738	5dc61984ac10	d070	5dc6196f9df0	5dc61923dba0	1a0000	341c	10000	1a0000
6.012188	860e3	5dc61983dba0	716c	11	127e43	5dc619694730	2b85	c29	7ffe4ac8e740	2b85	5dc6196e41c0	5dc6196f9df0	5dc6193fdba0	0	7168	10000	120000
6.021654	8603a	2b85	2f90	11	f38c1	5dc619694730	2a7d	274	7ffe4ac8e740	2b85	5dc6196e41c0	5dc6196f9df0	5dc61953dba0	d0000	69	10000	d0000
6.036252	860bd	49ac	49a8	11	d1fb2	5dc619694730	2b85	aef	7ffe4ac8e740	2b85	5dc6196e41c0	5dc6196f9df0	5dc61957dba0	0	49a4	10000	c0000
6.047983	8600a	3a135	2f90	11	1a8cf4	5dc619694730	2986	4e8	7ffe4ac8e740	2b85	5dc6196e41c0	5dc6196f9df0	5dc61923dba0	190000	69	10000	190000
6.060704	8607f	14b	2f90	8	98f4f	5dc619694730	19	1d7	7ffe4ac8e740	2b85	5dc6196e41c0	5dc6196f9df0	5dc6195fdba0	a0000	69	10000	a0000
6.072961	8607f	2da4f	2f90	11	1a16fe	5dc619694730	2164	f9	7ffe4ac8e740	2b85	5dc6196e41c0	5dc6196f9df0	5dc6191bdba0	1b0000	69	10000	1b0000
6.079084	135472bf0b24	5dc619857c80	6838	21a0	1a0e0	5dc619855ae0	5dc61986fbc0	d07	7ffe4ac8e738	5dc619857c80	1a0e0	d07	0	10000	6838	10000	10000
6.087118	86042	5dc619654710	2f90	10	171cd6	5dc619694730	15bd	8d7	7ffe4ac8e740	2b85	5dc6196e41c0	5dc6196f9df0	5dc6192bdba0	170000	69	10000	170000
6.101900	8605e	1d75	2f90	c	14a5a4	5dc619694730	1dd	cc6	7ffe4ac8e740	2b85	5dc6196e41c0	5dc6196f9df0	5dc61933dba0	150000	69	10000	150000
6.112699	8607f	65	2f90	6	1b65ad	5dc619694730	9	585	7ffe4ac8e740	2b85	5dc6196e41c0	5dc6196f9df0	5dc61917dba0	1c0000	69	10000	1c0000
6.122262	86046	273f5	2f90	11	1a5db8	5dc619694730	1d3f	4e8	7ffe4ac8e740	2b85	5dc6196e41c0	5dc6196f9df0	5dc61923dba0	190000	69	10000	190000
6.131082	8605e	2d673	2f90	11	10bfd9	5dc619694730	2137	79d	7ffe4ac8e740	2b85	5dc6196e41c0	5dc6196f9df0	5dc61943dba0	110000	69	10000	110000
6.145670	85656	fffffffffffff758	202d	202d	fffffffffffff8d2	19b6	207	7ffffffffddae87c	7ffe4ac8e740	202d	0	0	ac6800bc7a2182cb	207	5dc6196386d0	333cdce6d4018852	2b85
6.152387	8605e	43	2f90	6	9af93	5dc619694730	7	1d7	7ffe4ac8e740	2b85	5dc6196f8970	5dc619984750	5dc619478960	a0000	69	10000	a0000
6.157629	8605e	20c93	2f90	11	b87a2	5dc619694730	18d9	aef	7ffe4ac8e740	2b85	5dc6196f8970	5dc619984750	5dc6193f8960	c0000	69	10000	c0000
6.166393	86072	1f98b	2f90	10	33d3d	5dc619694730	180b	918	7ffe4ac8e740	2b85	5dc6196f8970	5dc619984750	5dc619638960	30000	69	10000	30000
6.176922	86072	21d7	2f90	d	8180d	5dc619694730	21f	5c6	7ffe4ac8e740	2b85	5dc6196f8970	5dc619984750	5dc6194f8960	80000	69	10000	80000
6.190520	b571c	0	15001	0	15001	fffffffffce88c08	352c1f0b40d7bf15	7ffffffffce88c08	7ffe4ac8e738	15001	31773f7	0	ac6800bc7a2182cb	1077	11425	cad3e0f4bf2840eb	2b85
6.199583	86066	23f83	2f90	11	1a68a0	5dc619694730	1b15	974	7ffe4ac8e740	2b85	5dc6196f8970	5dc619984750	5dc619078960	1a0000	69	10000	1a0000
6.212435	8605a	1f	2f90	4	b72c2	5dc619694730	5	aef	7ffe4ac8e740	2b85	341c0	5dc619984750	5dc6193f8960	c0000	69	10000	c0000
6.225496	85656	ffffffffffffe941	19d27	19d27	ffffffffffffbcb9	15a76	13fa	8000000006ef8284	7ffe4ac8e740	19d27	0	0	ac6800bc7a2182cb	13fa	5dc6196386d0	ab2e54412f4879ec	2b85
6.233696	8605e	65	2f90	6	1416ba	5dc619694730	9	cc6	7ffe4ac8e740	2b85	5dc6196f8970	5dc619984750	5dc6191b8960	150000	69	10000	150000
6.242443	8607f	1f	2f90	4	b1920	5dc619694730	5	aef	7ffe4ac8e740	2b85	5dc6196f8970	5dc619984750	5dc6193f8960	c0000	69	10000	c0000
6.251520	86007	30acd	2f90	11	5271f	5dc619694730	234f	9d	7ffe4ac8e740	2b85	5dc6196f8970	5dc619984750	5dc6195f8960	40000	69	10000	40000
6.257506	8607f	3a29d	2f90	11	abb52	5dc619694730	2998	663	7ffe4ac8e740	2b85	5dc6196f8970	5dc619984750	5dc619438960	b0000	69	10000	b0000
6.265745	85656	ffffffffffffaf14	18829	18829	ffffffffffff3dd0	10562	12fe	7ffffffffd4138f2	7ffe4ac8e740	18829	0	0	ac6800bc7a2182cb	12fe	5dc6196386d0	232421e520afb754	2b85
6.280367	87a74	5dc6199d3b60	e	d0	711a7d61ac80	0	7	0	7ffe4ac8e740	5dc6199d3b60	5dc6199d3b60	5dc6199dbb50	f0ea5255c83e99f	5dc6199edb08	1b6d	5dc6199f1b64	1b6e
6.290635	b580f	32010832692fa969	1cb19	0	159f	fffffffffa632d1a	bbcc2f84ba66e3e0	7ffffffffa632d1a	7ffe4ac8e738	1cb19	59cd2e5	0	ac6800bc7a2182cb	1608	ee54	4433d07b45991c20	2b85
6.300872	85656	fffffffffffffa8e	29909	29909	ffffffffffffd9be	277bb	1ebf	8000000007e3886c	7ffe4ac8e740	29909	0	0	ac6800bc7a2182cb	1ebf	5dc6196386d0	b5f17a01f04fd117	2b85
6.308466	86087	90fd	2f90	f	1323cc	5dc619694730	7cf	3ae	7ffe4ac8e740	2b85	5dc6196f8970	5dc619984750	5dc619238960	130000	69	10000	130000
6.319610	8607f	3acbd	2f90	11	1b37fa	5dc619694730	2a04	585	7ffe4ac8e740	2b85	5dc6196f8970	5dc619984750	5dc618ff8960	1c0000	69	10000	1c0000
6.326330	8607f	1087	2f90	c	4f44f	5dc619694730	111	529	7ffe4ac8e740	2b85	5dc6196f8970	5dc619984750	5dc6195b8960	50000	69	10000	50000
6.340815	8607b	59	2f90	6	3587f	5dc619694730	8	9d	7ffe4ac8e740	2b85	5dc6196f8970	5dc619984750	5dc6195f8960	40000	69	10000	40000
6.354714	b580f	cc66f773c491a08b	543b	0	8a8	fffffffff8edc4f0	e4ed042e163da4b1	7ffffffff8edc4f0	7ffe4ac8e738	543b	7123b0f	158d0017	ac6800bc7a2182cb	4c4	359e	1b12fbd1e9c25b4f	2b85
6.364210	8607f	647	2f90	a	1e3667	5dc619694730	7b	622	7ffe4ac8e740	2b85	5dc6196f8970	5dc619984750	5dc618f38960	1f0000	69	10000	1f0000
6.375826	8605e	25	2f90	5	55842	5dc619694730	6	9b5	7ffe4ac8e740	2b85	5dc6196f8970	5dc619984750	5dc619578960	60000	69	10000	60000
6.389625	8607f	1f	2f90	4	1d8dae	5dc619694730	5	196	7ffe4ac8e740	2b85	5dc6196f8970	5dc619984750	5dc618f78960	1e0000	69	10000	1e0000
6.401414	135472af50a1	1f	ffffffffffffffa0	2	5dc61962f010	5dc619630460	8	8	7ffe4ac8e600	40d4da	18	64	f0ea5255c83e99f	0	7ffe4ac8e6f8	14	5dc619630460
6.409548	8605e	28487	2f90	11	1dee39	5dc619694730	1deb	196	7ffe4ac8e740	2b85	5dc6196f8970	5dc619984750	5dc618f78960	1e0000	69	10000	1e0000
6.415122	8565c	2063	260ef	260ef	58d8	1c47e	1c6d	800000000016af94	7ffe4ac8e740	260ef	0	158d0017	ac6800bc7a2182cb	1c6d	5dc6196386d0	1c7d1db47ecbf91c	2b85
6.422020	8607f	121d	2f90	c	b99cf	5dc619694730	12b	aef	7ffe4ac8e740	2b85	5dc6196f8970	5dc619984750	5dc6193f8960	c0000	69	10000	c0000
6.431851	8605e	445	2f90	a	a1277	5dc619694730	5a	663	7ffe4ac8e740	2b85	5dc6196f8970	5dc619984750	5dc619438960	b0000	69	10000	b0000
6.446838	86a61	1e3	5dc6196397b0	43	1e2	0	0	5dc619a1b6c0	7ffe4ac8e740	1da7	1e2	5dc6196330c0	f0ea5255c83e99f	5dc60aa6b088	5dc6198537d0	2b85	7ffe4ac8e7f0
6.460081	b580f	790145542a0e7d24	2e921	0	168a7	ffffffffff245320	4bebde3d960d4e4b	7fffffffff245320	7ffe4ac8e738	2e921	dbacdf	0	ac6800bc7a2182cb	21ff	1bd1b	b41421c269f2b1b5	2b85
6.465336	b58c4	1a6	5dc60aa65830	0	9bbb	0	16e69d1	661	7ffe4ac8e738	dde9	5dc6197129d0	77	711a7d61ace0	b57	3	dde9	3971
6.475437	8605e	1c415	2f90	10	11bd71	5dc619694730	15ba	c29	7ffe4ac8e740	2b85	5dc6196e2d40	5dc6196f8970	5dc619262d30	120000	69	10000	120000
6.486470	8607f	25	2f90	5	1a724f	5dc619694730	6	f9	7ffe4ac8e740	2b85	5dc6196e2d40	5dc6196f8970	5dc619022d30	1b0000	69	10000	1b0000
6.493555	8605e	1499	2f90	c	4778d	5dc619694730	153	529	7ffe4ac8e740	2b85	5dc6196e2d40	5dc6196f8970	5dc6195a2d30	50000	69	10000	50000
6.501838	86011	31403	2f90	11	1d05df	5dc619694730	23b4	f9	7ffe4ac8e740	2b85	5dc6196e2d40	5dc6196f8970	5dc619022d30	1b0000	69	10000	1b0000
6.514883	8607f	a0ab	2f90	f	d2814	5dc619694730	88c	700	7ffe4ac8e740	2b85	5dc6196e2d40	5dc6196f8970	5dc619362d30	e0000	69	10000	e0000
6.525903	8607f	263f3	2f90	11	1221b8	5dc619694730	1c87	3ae	7ffe4ac8e740	2b85	5dc6196e2d40	5dc6196f8970	5dc619222d30	130000	69	10000	130000
6.537106	8605e	d3	2f90	7	1b11cb	5dc619694730	10	585	7ffe4ac8e740	2b85	5dc6196e2d40	5dc6196f8970	5dc618fe2d30	1c0000	69	10000	1c0000
6.548276	b580f	af8dd980e07fad49	3328d	0	3b61	fffffffff9dbda3d	f21e99539e05ee96	7ffffffff9dbda3d	7ffe4ac8e738	3328d	62425c2	15897a4d	ac4bd26c514c3bbe	24f1	1283b	de166ac61fa116a	2b85
6.562538	8607f	3aba7	2f90	11	1f6a9d	5dc619694730	29f6	aae	7ffe4ac8e740	2b85	5dc6196e2d40	5dc6196f8970	5dc618ee2d30	200000	69	10000	200000
6.576292	8605e	5fe3	2f90	e	186da6	5dc619694730	55a	4e8	7ffe4ac8e740	2b85	5dc6196e2d40	5dc6196f8970	5dc6190a2d30	190000	69	10000	190000
6.586084	8605e	277	2f90	9	17be88	5dc619694730	34	5c	7ffe4ac8e740	2b85	5dc6196e2d40	5dc6196f8970	5dc6190e2d30	180000	69	10000	180000
6.601063	8605e	209	2f90	9	19085d	5dc619694730	29	974	7ffe4ac8e740	2b85	5dc6196e2d40	5dc6196f8970	5dc619062d30	1a0000	69	10000	1a0000
6.612909	8607f	2384f	2f90	11	30eb0	5dc619694730	1ac4	9d	7ffe4ac8e740	2b85	5dc6196e2d40	5dc6196f8970	5dc6195e2d30	40000	69	10000	40000
6.625558	8607f	779	2f90	a	178e68	5dc619694730	92	5c	7ffe4ac8e740	2b85	5dc6196e2d40	5dc6196f8970	5dc6190e2d30	180000	69	10000	180000
6.633412	8605e	1d80f	2f90	10	8569a	5dc619694730	169c	a52	7ffe4ac8e740	2b85	5dc6196e2d40	5dc6196f8970	5dc6194a2d30	90000	69	10000	90000
6.641928	85656	fffffffffffff389	ceed	ceed	ffffffffffffe54b	962e	ab2	80000000049950a7	7ffe4ac8e740	ceed	0	15897a4d	ac4bd26c514c3bbe	ab2	5dc6196386d0	a788089524004c79	2b85
6.652422	8605e	3aa83	2f90	11	17a10	5dc619694730	29e8	48c	7ffe4ac8e740	2b85	5dc6196e2d40	5dc6196f8970	5dc619662d30	20000	69	10000	20000
6.660961	8607f	1933	2f90	c	1baf83	5dc619694730	19f	585	7ffe4ac8e740	2b85	5dc6196e2d40	5dc6196f8970	5dc618fe2d30	1c0000	69	10000	1c0000
6.670705	8d6de	2	5dc6196534e0	7ffe4ac8e6c8	2	5dc619630e60	7ffe4ac8e8d0	4	7ffe4ac8e640	5dc6196534f0	2	8c21dba	0	5dc619630e60	5dc619630460	5dc619630c30	7ffe4ac8e8d0
6.675911	8605e	22421	2f90	11	1b486b	5dc619694730	19e4	585	7ffe4ac8e740	2b85	5dc6196e2d40	5dc6196f8970	5dc618fe2d30	1c0000	69	10000	1c0000
6.685672	8605e	32563	2f90	11	1a95ac	5dc619694730	2466	f9	7ffe4ac8e740	2b85	5dc6196e2d40	5dc6196f8970	5dc619022d30	1b0000	69	10000	1b0000
6.695923	86051	2c0d5	2f90	11	5dc6196e2d40	5dc619694730	205a	585	7ffe4ac8e740	2b85	5dc6196e2d40	5dc6196f8970	5dc618fe2d30	1c0000	69	10000	1c0000
6.702032	855f2	11bb3	3ccf7	3ccf7	15024	3a58	2b57	7ffffffffed97fc2	7ffe4ac8e740	3ccf7	0	0	ac4bd26c514c3bbe	2b57	210b3	4d4ffd4c76864ac3	2b85
6.716179	8605e	dc9	2f90	b	1e21d3	5dc619694730	eb	622	7ffe4ac8e740	2b85	5dc6196e2d40	5dc6196f8970	5dc618f22d30	1f0000	69	10000	1f0000
6.728315	8605e	61e1	2f90	e	a0723	5dc619694730	56f	663	7ffe4ac8e740	2b85	5dc6196e2d40	5dc6196f8970	5dc619422d30	b0000	69	10000	b0000
6.737131	8607f	265	2f90	9	2f6d5	5dc619694730	32	918	7ffe4ac8e740	2b85	5dc6196e2d40	5dc6196f8970	5dc619622d30	30000	69	10000	30000
6.749480	8607f	be1	2f90	b	163ea4	5dc619694730	d3	8d7	7ffe4ac8e740	2b85	5dc6196e2d40	5dc6196f8970	5dc619122d30	170000	69	10000	170000
6.764455	860cc	e008	e008	11	17b438	5dc619694730	2b85	44b	7ffe4ac8e740	2b85	5dc6196e2d40	5dc6196f8970	5dc619162d30	0	e004	10000	160000
6.770395	8607f	177b5	2f90	10	1cf267	5dc619694730	1253	a11	7ffe4ac8e740	2b85	5dc6196e2d40	5dc6196f8970	5dc618fa2d30	1d0000	69	10000	1d0000
6.778259	8607f	151	2f90	8	d8c34	5dc619694730	1a	700	7ffe4ac8e740	2b85	5dc6196e2d40	5dc6196f8970	5dc619362d30	e0000	69	10000	e0000
6.788866	85709	b	1843f	0	2b33	5dc61983dba0	12da	80000000054dd101	7ffe4ac8e740	1843f	0	15cfee15	ae7f70af81f5c8c2	12da	5dc6196386d0	a8f1fa02362fcfe2	2b85
6.802996	860cc	e964	e964	11	1e9906	5dc619694730	2b85	f9	7ffe4ac8e740	2b85	5dc6196e2d40	5dc6196f8970	5dc619022d30	0	e960	10000	1b0000
6.816169	8607f	18c89	2f90	10	fb555	5dc619694730	1332	311	7ffe4ac8e740	2b85	5dc6196e2d40	5dc6196f8970	5dc6192e2d30	100000	69	10000	100000
6.823556	85709	e	130d9	0	47ed	5dc61983dba0	f06	8000000001a54e2a	7ffe4ac8e740	130d9	0	15cfee15	ae7f70af81f5c8c2	f06	5dc6196386d0	30ea1eafd74d7fdd	2b85
6.838317	b580f	4fd9349350cd7a16	13919	0	1969	fffffffffb5d459d	5d7e402e1e55eb8f	7ffffffffb5d459d	7ffe4ac8e738	13919	4a2ba62	0	ae7f70af81f5c8c2	f62	7872	a281bfd1e1aa1471	2b85
6.844925	8605e	c9e3	2f90	f	7f1c1	5dc619694730	a7b	5c6	7ffe4ac8e740	2b85	5dc6196e2d40	5dc6196f8970	5dc6194e2d30	80000	69	10000	80000
6.858646	b5801	0	14bf3	0	14bf3	fffffffff5fe74d5	aa120ce68cf196f5	7ffffffff5fe74d5	7ffe4ac8e738	14bf3	a018b2a	15cfee15	ae7f70af81f5c8c2	104a	500f	55edf319730e690b	2b85
6.868896	8605e	2d07	2f90	d	1f49c9	5dc619694730	2bd	aae	7ffe4ac8e740	2b85	5dc6196e2d40	5dc6196f8970	5dc618ee2d30	200000	69	10000	200000
6.877809	8605e	4ded	2f90	e	1487c3	5dc619694730	46c	cc6	7ffe4ac8e740	2b85	5dc6196e2d40	5dc6196f8970	5dc6191a2d30	150000	69	10000	150000
6.883076	8607f	313	2f90	9	133a26	5dc619694730	3f	83a	7ffe4ac8e740	2b85	5dc6196e2d40	5dc6196f8970	5dc6191e2d30	140000	69	10000	140000
6.889924	86046	165f7	ad4	10	200e7c	5dc619694730	1177	233	7ffe4ac8e740	2b85	5dc6196e2d40	5dc6196f8970	5dc618ea2d30	200001	69	1	200001
6.900200	b57f5	20dd9befba370164	13429	0	e9a4	5748157	e31a656f007c72a8	8000000005748157	7ffe4ac8e738	13429	0	15cfee15	ae7f70af81f5c8c2	f2d	df68	e31a656f007c72a8	2b85
6.912930	8607f	217b7	2f90	11	11d172	5dc619694730	195d	c29	7ffe4ac8e740	2b85	5dc6196e2d40	5dc6196f8970	5dc619262d30	120000	69	10000	120000
6.926736	8607f	3b01b	2f90	11	88cdd	5dc619694730	2a2c	a52	7ffe4ac8e740	2b85	5dc6196e2d40	5dc6196f8970	5dc6194a2d30	90000	69	10000	90000
6.938975	8605e	b4e3	2f90	f	1799cb	5dc619694730	982	5c	7ffe4ac8e740	2b85	5dc6196e2d40	5dc6196f8970	5dc6190e2d30	180000	69	10000	180000
6.951593	860cc	ec3c	ec3c	11	b1543	5dc619694730	2b85	5c6	7ffe4ac8e740	2b85	5dc6196e2d40	5dc6196f8970	5dc6194e2d30	0	ec38	10000	80000
6.964761	860bd	45f4	45f0	11	1f0a46	5dc619694730	2b85	196	7ffe4ac8e740	2b85	5dc6196e2d40	5dc6196f8970	5dc618f62d30	0	45ec	10000	1e0000
6.977797	860e7	5dc6196a2d30	4108	11	b7160	5dc619694730	2b85	1d7	7ffe4ac8e740	2b85	5dc6196e2d40	5dc6196f8970	5dc619462d30	0	4104	10000	a0000
6.984596	8601e	5dc61983dba0	2f90	f	173610	5dc619694730	894	8d7	7ffe4ac8e740	2b85	5dc6196e2d40	5dc6196f8970	5dc619122d30	170000	69	10000	170000
6.992377	860e7	5dc6196a2d30	d3b0	11	86c27	5dc619694730	2b85	9b5	7ffe4ac8e740	2b85	5dc6196e2d40	5dc6196f8970	5dc619562d30	0	d3ac	10000	60000
6.999952	86061	d3	2f90	7	179ef6	5dc619694730	10	5c	7ffe4ac8e740	2b85	5dc6196e2d40	5dc6196f8970	5dc6190e2d30	180000	69	10000	180000
7.007474	8605e	24e0b	2f90	11	43747	5dc619694730	1baa	529	7ffe4ac8e740	2b85	5dc6196e2d40	5dc6196f8970	5dc6195a2d30	50000	69	10000	50000
7.015784	8605e	123d9	2f90	10	1bda9c	5dc619694730	e6d	585	7ffe4ac8e740	2b85	5dc6196e2d40	5dc6196f8970	5dc618fe2d30	1c0000	69	10000	1c0000
7.023580	86019	5dc61983dba0	2f90	10	c7da6	5dc619694730	ff8	aef	7ffe4ac8e740	2b85	5dc6196e2d40	5dc6196f8970	5dc6193e2d30	c0000	69	10000	c0000
7.030246	860cc	b800	b800	11	18ecc2	5dc619694730	2b85	5c	7ffe4ac8e740	2b85	5dc6196e2d40	5dc6196f8970	5dc6190e2d30	0	b7fc	10000	180000
7.037376	860bd	7794	7790	11	23860	5dc619694730	2b85	d07	7ffe4ac8e740	2b85	5dc6196e2d40	5dc6196f8970	5dc6196a2d30	0	778c	10000	10000
7.049826	8607f	89	2f90	7	118fb7	5dc619694730	b	c29	7ffe4ac8e740	2b85	5dc6196e2d40	5dc6196f8970	5dc619262d30	120000	69	10000	120000
7.058773	8605e	6dc1	2f90	e	901bb	5dc619694730	60e	1d7	7ffe4ac8e740	2b85	5dc6196e2d40	5dc6196f8970	5dc619462d30	a0000	69	10000	a0000
7.068487	8605e	293	2f90	9	742b6	5dc619694730	37	5c6	7ffe4ac8e740	2b85	5dc6196e2d40	5dc6196f8970	5dc6194e2d30	80000	69	10000	80000
7.076787	860e3	5dc6196a2d30	4c2c	11	230ae1	5dc619694730	2b85	aae	7ffe4ac8e740	2b85	5dc6196e2d40	5dc6196f8970	5dc618ee2d30	0	4c28	10000	200000
7.084326	8605a	33b	2f90	9	f3dc5	5dc619694730	42	311	7ffe4ac8e740	2b85	5dc6196e2d40	5dc6196f8970	5dc6192e2d30	100000	69	10000	100000
7.095445	8606e	2b05d	2f90	11	190235	5dc619694730	1fae	5c	7ffe4ac8e740	2b85	5dc6196e2d40	5dc6196f8970	5dc6190e2d30	180000	69	10000	180000
7.104331	86072	2a6cd	2f90	11	1257ee	5dc619694730	1f46	79d	7ffe4ac8e740	2b85	5dc6196e2d40	5dc6196f8970	5dc6192a2d30	110000	69	10000	110000
7.114198	85646	ffffffffe2e6f695	acf1	acf1	ffffffffe2e6fef5	87b3	925	80000000057f220d	7ffe4ac8e740	acf1	0	15d5cd11	aeae688a70ae9482	925	1154a	f0673658fd23c47e	2b85
7.123678	8605e	15c31	2f90	10	19ea65	5dc619694730	1103	974	7ffe4ac8e740	2b85	5dc6196e2d40	5dc6196f8970	5dc619062d30	1a0000	69	10000	1a0000
7.131758	8605a	1cbcd	2f90	10	96405	5dc619694730	1611	1d7	7ffe4ac8e740	2b85	5dc6196e2d40	5dc6196f8970	5dc619462d30	a0000	69	10000	a0000
7.138181	8607f	1e83b	2f90	10	12c4f3	5dc619694730	1757	3ae	7ffe4ac8e740	2b85	5dc6196e2d40	5dc6196f8970	5dc619222d30	130000	69	10000	130000
7.150864	860e7	5dc6196a2d30	22a0	11	47218	5dc619694730	2b85	48c	7ffe4ac8e740	2b85	5dc6196e2d40	5dc6196f8970	5dc619662d30	0	229c	10000	20000
7.162477	8607f	337eb	2f90	11	a8afa	5dc619694730	2537	663	7ffe4ac8e740	2b85	5dc6196e2d40	5dc6196f8970	5dc619422d30	b0000	69	10000	b0000
7.176823	8607f	2c4fd	2f90	11	44d89	5dc619694730	2079	529	7ffe4ac8e740	2b85	5dc6196e2d40	5dc6196f8970	5dc6195a2d30	50000	69	10000	50000
7.184026	8607f	1f	2f90	4	14ae6c	5dc619694730	5	cc6	7ffe4ac8e740	2b85	5dc6196e2d40	5dc6196f8970	5dc6191a2d30	150000	69	10000	150000
7.191822	8605e	24433	2f90	11	d45f	5dc619694730	1b3c	d07	7ffe4ac8e740	2b85	5dc6196e2d40	5dc6196f8970	5dc6196a2d30	10000	69	10000	10000
7.198884	8607f	b4e3	2f90	f	f8886	5dc619694730	982	311	7ffe4ac8e740	2b85	5dc6196e2d40	5dc6196f8970	5dc6192e2d30	100000	69	10000	100000
7.207434	8607b	65	2f90	6	568f8	5dc619694730	9	9b5	7ffe4ac8e740	2b85	5dc6196e2d40	5dc6196f8970	5dc619562d30	60000	69	10000	60000
7.217268	860b9	1111	401c	11	59124	5dc619694730	2b85	48c	7ffe4ac8e740	2b85	5dc6196e2d40	5dc6196f8970	5dc619662d30	0	4018	10000	20000
7.230802	8605e	fd9	2f90	b	1a211c	5dc619694730	107	f9	7ffe4ac8e740	2b85	5dc6196e2d40	5dc6196f8970	5dc619022d30	1b0000	69	10000	1b0000
7.241514	8605e	1223	2f90	c	1d88cf	5dc619694730	12d	196	7ffe4ac8e740	2b85	5dc6196e2d40	5dc6196f8970	5dc618f62d30	1e0000	69	10000	1e0000
7.247349	8559b	fffffffffffd85b1	2e1bd	0	ffffffffffffffff	ffffffffffffffff	fffffffffffd85b1	7ffffffffb5cf2d0	7ffe4ac8e740	2e1bd	0	0	aeae688a70ae9482	21b0	29852	f1b7d17a7528d5e3	2b85
7.253758	86066	26ffb	2f90	11	b139e	5dc619694730	1d09	1d7	7ffe4ac8e740	2b85	5dc6196e2d40	5dc6196f8970	5dc619462d30	a0000	69	10000	a0000
7.265981	135472bf0b24	5dc6196afda0	341c	4fc0	d070	5dc6196aade0	5dc6196b7e50	f9	7ffe4ac8e738	5dc6196afda0	d070	5dc61991eb20	8	1b0000	341c	10000	1b0000
7.280047	8605e	6493	2f90	e	14b9bb	5dc619694730	592	cc6	7ffe4ac8e740	2b85	5dc6196e2d40	5dc6196f8970	5dc6191a2d30	150000	69	10000	150000
7.292848	8607f	29935	2f90	11	521dd	5dc619694730	1ec2	9b5	7ffe4ac8e740	2b85	5dc6196e2d40	5dc6196f8970	5dc619562d30	60000	69	10000	60000
7.300187	860e7	5dc6196a2d30	546c	11	15225e	5dc619694730	2b85	cc6	7ffe4ac8e740	2b85	5dc6196e2d40	5dc6196f8970	5dc6191a2d30	0	5468	10000	150000
7.314704	8601e	5dc61983dba0	2f90	11	15612d	5dc619694730	29b7	c29	7ffe4ac8e740	2b85	5dc6196e2d40	5dc6196f8970	5dc619262d30	120000	69	10000	120000
7.329272	8605e	1855	2f90	c	f9f31	5dc619694730	191	311	7ffe4ac8e740	2b85	5dc6196e2d40	5dc6196f8970	5dc6192e2d30	100000	69	10000	100000
7.338383	8605e	800b	2f90	f	a3e57	5dc619694730	6f9	663	7ffe4ac8e740	2b85	5dc6196e2d40	5dc6196f8970	5dc619422d30	b0000	69	10000	b0000
7.350423	8607b	14b	2f90	8	19950a	5dc619694730	19	974	7ffe4ac8e740	2b85	5dc6196e2d40	5dc6196f8970	5dc619062d30	1a0000	69	10000	1a0000
7.360374	8601e	5dc61983dba0	2f90	11	1779e9	5dc619694730	2710	cc6	7ffe4ac8e740	2b85	5dc6196e2d40	5dc6196f8970	5dc6191a2d30	150000	69	10000	150000
7.371090	8607f	3f3b	2f90	d	190091	5dc619694730	3bb	974	7ffe4ac8e740	2b85	5dc6196e2d40	5dc6196f8970	5dc619062d30	1a0000	69	10000	1a0000
7.381649	8601e	5dc61983dba0	2f90	11	1ea92b	5dc619694730	2033	a11	7ffe4ac8e740	2b85	5dc6196e2d40	5dc6196f8970	5dc618fa2d30	1d0000	69	10000	1d0000
7.389999	860e3	5dc6196a2d30	386c	11	12af3c	5dc619694730	2b85	b8c	7ffe4ac8e740	2b85	5dc6196e2d40	5dc6196f8970	5dc619322d30	0	3868	10000	f0000
7.402940	855f2	fffffffffffffbd6	819d	819d	ffffffffffffbd36	5166	70c	7ffffffff8782e3c	7ffe4ac8e740	819d	0	0	aeae688a70ae9482	70c	2fe1	abf43260a27c7678	2b85
7.412303	8607f	2b1d5	2f90	11	1bf8d8	5dc619694730	1fc3	585	7ffe4ac8e740	2b85	5dc6196e2d40	5dc6196f8970	5dc618fe2d30	1c0000	69	10000	1c0000
7.425109	8605e	e4b	2f90	b	a8844	5dc619694730	f2	663	7ffe4ac8e740	2b85	5dc6196e2d40	5dc6196f8970	5dc619422d30	b0000	69	10000	b0000
7.431360	8607f	137	2f90	8	107f16	5dc619694730	17	79d	7ffe4ac8e740	2b85	5dc6196e2d40	5dc6196f8970	5dc6192a2d30	110000	69	10000	110000
7.440547	b58e3	72c	2b85	0	2a2eb	15e05e6f	5d65cd353ae83ba1	2b6db	7ffe4ac8e738	30c83	5dc6197129d0	77	711a7d61ace0	2362	2361	30c83	13bda
7.452780	8605e	2ba09	2f90	11	69cfa	5dc619694730	2011	13a	7ffe4ac8e740	2b85	5dc6196e2d40	5dc6196f8970	5dc619522d30	70000	69	10000	70000
7.464814	8607f	1f	2f90	4	16b13d	5dc619694730	5	8d7	7ffe4ac8e740	2b85	5dc6196e2d40	5dc6196f8970	5dc619122d30	170000	69	10000	170000
7.473198	8605e	2dbed	2f90	11	8b274	5dc619694730	2179	a52	7ffe4ac8e740	2b85	5dc6196e2d40	5dc6196f8970	5dc6194a2d30	90000	69	10000	90000
7.478690	8607f	3be1	2f90	d	9ef10	5dc619694730	38f	1d7	7ffe4ac8e740	2b85	5dc6196e2d40	5dc6196f8970	5dc619462d30	a0000	69	10000	a0000
7.492450	8607f	374f5	2f90	11	49f6	5dc619694730	27be	d07	7ffe4ac8e740	2b85	5dc6196e2d40	5dc6196f8970	5dc6196a2d30	10000	69	10000	10000
7.497996	8607f	16169	2f90	10	3054a	5dc619694730	1142	9d	7ffe4ac8e740	2b85	5dc6196e2d40	5dc6196f8970	5dc6195e2d30	40000	69	10000	40000
7.506101	860da	5dc6196a2d30	b8b8	11	1cc1de	5dc619694730	2b85	974	7ffe4ac8e740	2b85	5dc6196e2d40	5dc6196f8970	5dc619062d30	0	b8b4	10000	1a0000
7.511932	8605a	1907b	2f90	10	1f7c0d	5dc619694730	135e	aae	7ffe4ac8e740	2b85	5dc6196e2d40	5dc6196f8970	5dc618ee2d30	200000	69	10000	200000
7.525570	86051	2b14d	2f90	11	5dc6196e2d40	5dc619694730	1fbb	cc6	7ffe4ac8e740	2b85	5dc6196e2d40	5dc6196f8970	5dc6191a2d30	150000	69	10000	150000
7.539274	8607f	45ad	2f90	e	9b593	5dc619694730	409	1d7	7ffe4ac8e740	2b85	5dc6196e2d40	5dc6196f8970	5dc619462d30	a0000	69	10000	a0000
7.545403	8607f	aab	2f90	b	11d7c3	5dc619694730	bf	c29	7ffe4ac8e740	2b85	5dc6196e2d40	5dc6196f8970	5dc619262d30	120000	69	10000	120000
7.551841	8607f	1f	2f90	4	1cee38	5dc619694730	5	a11	7ffe4ac8e740	2b85	5dc6196e2d40	5dc6196f8970	5dc618fa2d30	1d0000	69	10000	1d0000
7.564092	8605e	1eb	2f90	8	9b41d	5dc619694730	27	1d7	7ffe4ac8e740	2b85	5dc6196e2d40	5dc6196f8970	5dc619462d30	a0000	69	10000	a0000
7.570066	8607f	679	2f90	a	10005e	5dc619694730	7d	79d	7ffe4ac8e740	2b85	5dc6196e2d40	5dc6196f8970	5dc6192a2d30	110000	69	10000	110000
7.578491	86046	182c5	2f90	10	4e27b	5dc619694730	12cb	9d	7ffe4ac8e740	2b85	5dc6196e2d40	5dc6196f8970	5dc6195e2d30	40000	69	10000	40000
7.591436	8607f	36161	2f90	11	17845e	5dc619694730	26e9	5c	7ffe4ac8e740	2b85	5dc6196e2d40	5dc6196f8970	5dc6190e2d30	180000	69	10000	180000
7.603376	8601e	5dc61983dba0	2f90	10	12bfd	5dc619694730	ed9	d07	7ffe4ac8e740	2b85	5dc6196e2d40	5dc6196f8970	5dc6196a2d30	10000	69	10000	10000
7.612013	8605e	3972d	2f90	11	187e68	5dc619694730	2925	4e8	7ffe4ac8e740	2b85	5dc6196e2d40	5dc6196f8970	5dc6190a2d30	190000	69	10000	190000
7.620343	8605e	1b23	2f90	c	c2aee	5dc619694730	1ba	274	7ffe4ac8e740	2b85	5dc6196e2d40	5dc6196f8970	5dc6193a2d30	d0000	69	10000	d0000
7.627762	8605e	5ad	2f90	a	1cc48f	5dc619694730	70	a11	7ffe4ac8e740	2b85	5dc6196e2d40	5dc6196f8970	5dc618fa2d30	1d0000	69	10000	1d0000
7.636328	86061	12b3	2f90	c	13f00e	5dc619694730	137	83a	7ffe4ac8e740	2b85	5dc6196e2d40	5dc6196f8970	5dc6191e2d30	140000	69	10000	140000
7.648910	85709	4	3bea9	0	1210b	5dc61983dba0	2aba	7ffffffff99798d9	7ffe4ac8e740	3bea9	0	15e05e6f	af02f37aeb2e69a9	2aba	5dc6196386d0	fcbae48ca7779749	2b85
7.660239	8605a	22085	2f90	11	a1854	5dc619694730	19bc	663	7ffe4ac8e740	2b85	5dc6196e2d40	5dc6196f8970	5dc619422d30	b0000	69	10000	b0000
7.674428	86042	5dc619654710	2f90	10	68309	5dc619694730	145a	529	7ffe4ac8e740	2b85	5dc6196e2d40	5dc6196f8970	5dc6195a2d30	50000	69	10000	50000
7.679939	8605e	2d871	2f90	11	69e22	5dc619694730	214e	13a	7ffe4ac8e740	2b85	5dc6196e2d40	5dc6196f8970	5dc619522d30	70000	69	10000	70000
7.692721	8605e	2d7	2f90	9	1a82f9	5dc619694730	3b	f9	7ffe4ac8e740	2b85	5dc6196e2d40	5dc6196f8970	5dc619022d30	1b0000	69	10000	1b0000
7.700759	8605e	1df	2f90	8	a8bb5	5dc619694730	25	663	7ffe4ac8e740	2b85	5dc6196e2d40	5dc6196f8970	5dc619422d30	b0000	69	10000	b0000
7.711278	8601e	5dc61983dba0	2f90	11	d063d	5dc619694730	2322	aef	7ffe4ac8e740	2b85	5dc6196e2d40	5dc6196f8970	5dc6193e2d30	c0000	69	10000	c0000
7.722335	8607b	2f3a7	2f90	11	122292	5dc619694730	2269	3ae	7ffe4ac8e740	2b85	5dc6196e2d40	5dc6196f8970	5dc619222d30	130000	69	10000	130000
7.732835	86046	1ef3d	2f90	10	160fff	5dc619694730	179c	44b	7ffe4ac8e740	2b85	5dc6196e2d40	5dc6196f8970	5dc619162d30	160000	69	10000	160000
7.740265	8607f	25	2f90	5	2fe1f	5dc619694730	6	918	7ffe4ac8e740	2b85	5dc6196e2d40	5dc6196f8970	5dc619622d30	30000	69	10000	30000
7.753423	8605e	7c9	2f90	a	195786	5dc619694730	96	974	7ffe4ac8e740	2b85	5dc6196e2d40	5dc6196f8970	5dc619062d30	1a0000	69	10000	1a0000
7.763763	860bd	ed30	ed2c	11	1ca0e7	5dc619694730	2b85	4e8	7ffe4ac8e740	2b85	5dc6196e2d40	5dc6196f8970	5dc6190a2d30	0	ed28	10000	190000
7.776622	8607b	13d	2f90	8	1952f4	5dc619694730	18	974	7ffe4ac8e740	2b85	5dc6196e2d40	5dc6196f8970	5dc619062d30	1a0000	69	10000	1a0000
7.786860	8605e	aa4d	2f90	f	188d9e	5dc619694730	905	4e8	7ffe4ac8e740	2b85	5dc6196e2d40	5dc6196f8970	5dc6190a2d30	190000	69	10000	190000
7.793707	86007	23377	2f90	11	310c7	5dc619694730	1a8f	918	7ffe4ac8e740	2b85	5dc6196e2d40	5dc6196f8970	5dc619622d30	30000	69	10000	30000
7.807579	85592	1d96	3edb	0	0	0	1d96	8000000008efa86d	7ffe4ac8e740	3edb	0	0	af28869076f57310	3b6	274d	6b29085c3816b0f9	2b85
7.817916	855f2	ffffffffffffb495	30ebd	30ebd	fffffffffffcfcad	120d3	237b	7ffffffffa326fd6	7ffe4ac8e740	30ebd	0	0	af28869076f57310	237b	5614	46d6c90d32331052	2b85
7.832961	8607f	1089d	2f90	10	106f4	5dc619694730	d39	48c	7ffe4ac8e740	2b85	5dc6196e2d40	5dc6196f8970	5dc619662d30	20000	69	10000	20000
7.848035	8607f	4511	2f90	e	14334	5dc619694730	402	48c	7ffe4ac8e740	2b85	5dc6196e2d40	5dc6196f8970	5dc619662d30	20000	69	10000	20000
7.854838	860b9	1111	eb4	11	fa1b2	5dc619694730	2b85	b8c	7ffe4ac8e740	2b85	5dc6196e2d40	5dc6196f8970	5dc619322d30	0	eb0	10000	f0000
7.863007	135472bf0b24	5dc6196bce10	6838	1f70	1a0e0	5dc6196baea0	5dc6196d4f80	48c	7ffe4ac8e738	5dc6196bce10	1a0e0	5dc6196f8970	5dc6196a2d30	20000	6838	10000	20000
7.869262	8607f	227d5	2f90	11	9cbc5	5dc619694730	1a17	1d7	7ffe4ac8e740	2b85	5dc6196e2d40	5dc6196f8970	5dc619462d30	a0000	69	10000	a0000
7.876742	8601e	5dc61983dba0	2f90	11	1954d8	5dc619694730	273e	4e8	7ffe4ac8e740	2b85	5dc6196e2d40	5dc6196f8970	5dc6190a2d30	190000	69	10000	190000
7.885030	86020	5dc61983dba0	2f90	10	d12b5	5dc619694730	1787	274	7ffe4ac8e740	2b85	5dc6196e2d40	5dc6196f8970	5dc6193a2d30	d0000	69	10000	d0000
7.895358	86049	11e99	2f90	10	10178f	5dc619694730	e34	311	7ffe4ac8e740	2b85	5dc6196e2d40	5dc6196f8970	5dc6192e2d30	100000	69	10000	100000
7.906762	8607f	2a763	2f90	11	16b8da	5dc619694730	1f4b	8d7	7ffe4ac8e740	2b85	5dc6196e2d40	5dc6196f8970	5dc619122d30	170000	69	10000	170000
7.914284	860bd	148c	1488	11	647cd	5dc619694730	2b85	9d	7ffe4ac8e740	2b85	5dc6196e2d40	5dc6196f8970	5dc6195e2d30	0	1484	10000	40000
7.920235	8600a	2a673	2f90	11	beebc	5dc619694730	1f42	663	7ffe4ac8e740	2b85	5dc6196e2d40	5dc6196f8970	5dc619422d30	b0000	69	10000	b0000
7.934769	8605e	14c9b	2f90	10	7063a	5dc619694730	1053	5c6	7ffe4ac8e740	2b85	5dc6196e2d40	5dc6196f8970	5dc6194e2d30	80000	69	10000	80000
7.940316	8607f	65	2f90	6	a2284	5dc619694730	9	663	7ffe4ac8e740	2b85	5dc6196e2d40	5dc6196f8970	5dc619422d30	b0000	69	10000	b0000
7.954561	86003	1a42b	2f90	10	33c14	5dc619694730	1454	918	7ffe4ac8e740	2b85	5dc6196e2d40	5dc6196f8970	5dc619622d30	30000	69	10000	30000
7.960987	8605e	3b941	2f90	11	ada55	5dc619694730	2a83	663	7ffe4ac8e740	2b85	5dc6196e2d40	5dc6196f8970	5dc619422d30	b0000	69	10000	b0000
7.967409	8600a	383b7	2f90	11	15a521	5dc619694730	2865	83a	7ffe4ac8e740	2b85	5dc6196e2d40	5dc6196f8970	5dc6191e2d30	140000	69	10000	140000
7.975114	8605e	9d	2f90	7	1d685	5dc619694730	d	48c	7ffe4ac8e740	2b85	5dc6196e2d40	5dc6196f8970	5dc619662d30	20000	69	10000	20000
7.985609	8607f	2d7e7	2f90	11	341f7	5dc619694730	214b	9d	7ffe4ac8e740	2b85	5dc6196e2d40	5dc6196f8970	5dc6195e2d30	40000	69	10000	40000
7.992467	8607f	1ebed	2f90	10	f6a50	5dc619694730	1781	311	7ffe4ac8e740	2b85	5dc6196e2d40	5dc6196f8970	5dc6192e2d30	100000	69	10000	100000
7.997695	860bd	a050	a04c	11	1154c7	5dc619694730	2b85	79d	7ffe4ac8e740	2b85	5dc6196e2d40	5dc6196f8970	5dc6192a2d30	0	a048	10000	110000
8.012412	8607f	a0f3	2f90	f	a4067	5dc619694730	890	663	7ffe4ac8e740	2b85	5dc6196e2d40	5dc6196f8970	5dc619422d30	b0000	69	10000	b0000
8.021392	85656	ffffffffffff9803	3942d	3942d	fffffffffffe4f81	23973	2906	7ffffffffa915a41	7ffe4ac8e740	3942d	0	15e510d2	af28869076f57310	2906	5dc6196386d0	a123c4d534509633	2b85
8.034933	8605e	10f	2f90	8	1804e6	5dc619694730	14	4e8	7ffe4ac8e740	2b85	5dc6196e2d40	5dc6196f8970	5dc6190a2d30	190000	69	10000	190000
8.040840	87a74	5dc619f53760	10	f0	711a7d61ac80	0	7	0	7ffe4ac8e740	5dc619f53760	5dc619f53760	5dc619f562c0	f0ea5255c83e99f	5dc619f81950	29cb	5dc619f82034	29cc
8.048044	135472bf0b8a	5dc6196a614c	d07	1728	341c	5dc6196a4a24	5dc6196a7e40	1d7	7ffe4ac8e738	5dc6196a614c	90000	5dc6196f8970	5dc6194a2d30	a0000	d07	10000	a0000
8.060477	8605e	d85	2f90	b	13e8ac	5dc619694730	e7	83a	7ffe4ac8e740	2b85	5dc6196e2d40	5dc6196f8970	5dc6191e2d30	140000	69	10000	140000
8.069584	8605e	18b35	2f90	10	49e06	5dc619694730	1321	529	7ffe4ac8e740	2b85	5dc6196e2d40	5dc6196f8970	5dc6195a2d30	50000	69	10000	50000
8.077340	8605e	9283	2f90	f	178e94	5dc619694730	7e4	5c	7ffe4ac8e740	2b85	5dc6196e2d40	5dc6196f8970	5dc6190e2d30	180000	69	10000	180000
8.088143	8605e	6227	2f90	e	1a38e2	5dc619694730	574	f9	7ffe4ac8e740	2b85	5dc6196e2d40	5dc6196f8970	5dc619022d30	1b0000	69	10000	1b0000
8.100639	8605e	1adef	2f90	10	17cd19	5dc619694730	14d2	5c	7ffe4ac8e740	2b85	5dc6196e2d40	5dc6196f8970	5dc6190e2d30	180000	69	10000	180000
8.112604	b57d2	0	392b7	0	392b7	fffffffffd9015ce	350d4a156f47ca5b	7ffffffffd9015ce	7ffe4ac8e738	392b7	26fea31	1570d1c7	ab868e3b33774a63	28f8	13f60	caf2b5ea90b835a5	2b85
8.125043	8605e	65	2f90	6	a6180	5dc619694730	9	663	7ffe4ac8e740	2b85	5dc6196e2d40	5dc6196f8970	5dc619422d30	b0000	69	10000	b0000
8.131315	8605e	13df	2f90	c	116117	5dc619694730	14a	c29	7ffe4ac8e740	2b85	5dc6196e2d40	5dc6196f8970	5dc619262d30	120000	69	10000	120000
8.142243	86007	21b5f	2f90	11	106e69	5dc619694730	1982	311	7ffe4ac8e740	2b85	5dc6196e2d40	5dc6196f8970	5dc6192e2d30	100000	69	10000	100000
8.148239	8607b	1debd	2f90	10	164ed8	5dc619694730	16ee	8d7	7ffe4ac8e740	2b85	5dc6196e2d40	5dc6196f8970	5dc619122d30	170000	69	10000	170000
8.158087	8605e	59	2f90	6	155b9a	5dc619694730	8	44b	7ffe4ac8e740	2b85	5dc6196e2d40	5dc6196f8970	5dc619162d30	160000	69	10000	160000
8.165431	8605e	cfa9	2f90	f	2ad42	5dc619694730	ab9	918	7ffe4ac8e740	2b85	5dc6196e2d40	5dc6196f8970	5dc619622d30	30000	69	10000	30000
8.178567	8607f	25	2f90	5	1978f5	5dc619694730	6	974	7ffe4ac8e740	2b85	5dc6196e2d40	5dc6196f8970	5dc619062d30	1a0000	69	10000	1a0000
8.185811	135472bf0b24	5dc6196bce10	6838	16cf0	1a0e0	5dc6196a6120	5dc6196c0200	9b5	7ffe4ac8e738	5dc6196bce10	1a0e0	5dc6196f8970	5dc6195a2d30	60000	6838	10000	60000
8.192503	8605e	233dd	2f90	11	12cae7	5dc619694730	1a95	3ae	7ffe4ac8e740	2b85	5dc6196e2d40	5dc6196f8970	5dc619222d30	130000	69	10000	130000
8.198625	8605e	1fccd	2f90	10	1b4b46	5dc619694730	182f	585	7ffe4ac8e740	2b85	5dc6196e2d40	5dc6196f8970	5dc618fe2d30	1c0000	69	10000	1c0000
8.206080	8605e	13d	2f90	8	365f3	5dc619694730	18	9d	7ffe4ac8e740	2b85	5dc6196e2d40	5dc6196f8970	5dc6195e2d30	40000	69	10000	40000
8.215140	8607f	82df	2f90	f	167c13	5dc619694730	71d	8d7	7ffe4ac8e740	2b85	5dc6196e2d40	5dc6196f8970	5dc619122d30	170000	69	10000	170000
8.221632	8607f	99e5	2f90	f	1a7593	5dc619694730	834	f9	7ffe4ac8e740	2b85	5dc6196e2d40	5dc6196f8970	5dc619022d30	1b0000	69	10000	1b0000
8.232833	860cc	9ef4	9ef4	11	1ab3cc	5dc619694730	2b85	974	7ffe4ac8e740	2b85	5dc6196e2d40	5dc6196f8970	5dc619062d30	0	9ef0	10000	1a0000
8.247605	8607f	13c39	2f90	10	4115a	5dc619694730	f8a	529	7ffe4ac8e740	2b85	5dc6196e2d40	5dc6196f8970	5dc6195a2d30	50000	69	10000	50000
8.257083	b5703	fffffffffff5fbfe	204bb	0	204bb	ffffffffff95fb5c	e0e8ef359b7560fa	7fffffffff95fb5c	7ffe4ac8e738	204bb	0	0	ab868e3b33774a63	1884	ffb2	e0e8ef359b7560fa	2b85
8.268643	8601e	5dc61983dba0	2f90	11	a30a5	5dc619694730	2935	a52	7ffe4ac8e740	2b85	5dc6196e2d40	5dc6196f8970	5dc6194a2d30	90000	69	10000	90000
8.274434	8607f	2861	2f90	d	f00ae	5dc619694730	282	311	7ffe4ac8e740	2b85	5dc6196e2d40	5dc6196f8970	5dc6192e2d30	100000	69	10000	100000
8.286689	8607f	28bd	2f90	d	1f8d46	5dc619694730	286	aae	7ffe4ac8e740	2b85	5dc6196e2d40	5dc6196f8970	5dc618ee2d30	200000	69	10000	200000
8.292801	8605e	37f3	2f90	d	2368e	5dc619694730	358	918	7ffe4ac8e740	2b85	5dc6196e2d40	5dc6196f8970	5dc619622d30	30000	69	10000	30000
8.304663	8606e	2605d	2f90	11	124bf7	5dc619694730	1c66	79d	7ffe4ac8e740	2b85	5dc6196e2d40	5dc6196f8970	5dc6192a2d30	110000	69	10000	110000
8.313449	8605e	c433	2f90	f	72bc0	5dc619694730	a35	5c6	7ffe4ac8e740	2b85	5dc6196e2d40	5dc6196f8970	5dc6194e2d30	80000	69	10000	80000
8.326288	8605e	33e93	2f90	11	1ded0e	5dc619694730	2572	196	7ffe4ac8e740	2b85	5dc6196e2d40	5dc6196f8970	5dc618f62d30	1e0000	69	10000	1e0000
8.341246	8605e	27f2b	2f90	11	1f60f2	5dc619694730	1dbb	aae	7ffe4ac8e740	2b85	5dc6196e2d40	5dc6196f8970	5dc618ee2d30	200000	69	10000	200000
8.352105	85656	f316	1a44f	1a44f	10aeb	5701	1455	8000000005530481	7ffe4ac8e740	1a44f	0	0	ab868e3b33774a63	1455	5dc6196386d0	22ae90094e4ec688	2b85
8.366793	8607f	3593b	2f90	11	1f5894	5dc619694730	2690	aae	7ffe4ac8e740	2b85	5dc6196e2d40	5dc6196f8970	5dc618ee2d30	200000	69	10000	200000
8.380048	8607f	1f	2f90	4	1235c4	5dc619694730	5	3ae	7ffe4ac8e740	2b85	5dc6196e2d40	5dc6196f8970	5dc619222d30	130000	69	10000	130000
8.388202	8605a	74f	2f90	a	2b88d	5dc619694730	8d	918	7ffe4ac8e740	2b85	5dc6196e2d40	5dc6196f8970	5dc619622d30	30000	69	10000	30000
8.398568	860cc	3f14	3f14	11	9a258	5dc619694730	2b85	9b5	7ffe4ac8e740	2b85	5dc6196e2d40	5dc6196f8970	5dc619562d30	0	3f10	10000	60000
8.413281	8607f	1127	2f90	c	48873	5dc619694730	11f	529	7ffe4ac8e740	2b85	5dc6196e2d40	5dc6196f8970	5dc6195a2d30	50000	69	10000	50000
8.419963	8607f	1f	2f90	4	eeb33	5dc619694730	5	b8c	7ffe4ac8e740	2b85	5dc6196e2d40	5dc6196f8970	5dc619322d30	f0000	69	10000	f0000
8.425174	86072	2a2c5	2f90	11	fb6d2	5dc619694730	1f1a	b8c	7ffe4ac8e740	2b85	5dc6196e2d40	5dc6196f8970	5dc619322d30	f0000	69	10000	f0000
8.434939	86072	2027b	2f90	11	1facb3	5dc619694730	186b	622	7ffe4ac8e740	2b85	5dc6196e2d40	5dc6196f8970	5dc618f22d30	1f0000	69	10000	1f0000
8.449373	8607f	d3	2f90	7	182b83	5dc619694730	10	4e8	7ffe4ac8e740	2b85	5dc6196e2d40	5dc6196f8970	5dc6190a2d30	190000	69	10000	190000
8.456934	86046	2da93	2f90	11	9c398	5dc619694730	2167	13a	7ffe4ac8e740	2b85	5dc6196e2d40	5dc6196f8970	5dc619522d30	70000	69	10000	70000
8.468376	8605e	65b	2f90	a	110073	5dc619694730	7c	c29	7ffe4ac8e740	2b85	5dc6196e2d40	5dc6196f8970	5dc619262d30	120000	69	10000	120000
8.480847	8554c	5dc619654710	2d2bd	5dc6197129d0	1a74e	5dc61983dba0	210f	7ffffffffca7cf7f	7ffe4ac8e740	2d2bd	0	0	ab6a5feb0aa20356	210e	5dc6196386d0	2c1ca68535995a62	2b85
8.490195	8607f	481d	2f90	e	1d743e	5dc619694730	42b	196	7ffe4ac8e740	2b85	5dc6196e2d40	5dc6196f8970	5dc618f62d30	1e0000	69	10000	1e0000
8.499813	8605e	36d75	2f90	11	1a3aae	5dc619694730	276a	f9	7ffe4ac8e740	2b85	5dc6196e2d40	5dc6196f8970	5dc619022d30	1b0000	69	10000	1b0000
8.510878	85646	2d006de60	32129	32129	2d007ff69	1ae78	243a	8000000000ede38e	7ffe4ac8e740	32129	0	156d4bfd	ab6a5feb0aa20356	243a	23876	f7395f8b068001a3	2b85
8.522421	8607f	1529	2f90	c	be546	5dc619694730	159	aef	7ffe4ac8e740	2b85	5dc6196e2d40	5dc6196f8970	5dc6193e2d30	c0000	69	10000	c0000
8.530055	8601e	5dc61983dba0	2f90	11	2050ce	5dc619694730	262a	196	7ffe4ac8e740	2b85	5dc6196e2d40	5dc6196f8970	5dc618f62d30	1e0000	69	10000	1e0000
8.537200	8605e	27c2b	2f90	11	91174	5dc619694730	1d9c	1d7	7ffe4ac8e740	2b85	5dc6196e2d40	5dc6196f8970	5dc619462d30	a0000	69	10000	a0000
8.544926	135472bf110a	0	80	3318	5dc61a0a9830	0	5dc61a0b1330	5dc61a06dea0	7ffe4ac8e738	0	5dc61a0a9830	711a7d61ad20	711a7d61ace0	8000000000000000	5dc6196386d0	ae14	80
8.556304	8607f	3b2ed	2f90	11	a4f5	5dc619694730	2a45	d07	7ffe4ac8e740	2b85	5dc6196e2d40	5dc6196f8970	5dc6196a2d30	10000	69	10000	10000
8.569317	8607f	45e3	2f90	e	171c1b	5dc619694730	40c	5c	7ffe4ac8e740	2b85	5dc6196e2d40	5dc6196f8970	5dc6190e2d30	180000	69	10000	180000
8.581240	856b9	13	d1e3	0	8115	5dc61983dba0	ad8	8000000007111c0f	7ffe4ac8e740	d1e3	0	0	ab6a5feb0aa20356	ad8	5dc6196386d0	d31965f7421a6a4	2b85
8.595834	8607f	25	2f90	5	1dd626	5dc619694730	6	196	7ffe4ac8e740	2b85	5dc6196e2d40	5dc6196f8970	5dc618f62d30	1e0000	69	10000	1e0000
8.602486	8605e	303df	2f90	11	3885d	5dc619694730	230d	9d	7ffe4ac8e740	2b85	5dc6196e2d40	5dc6196f8970	5dc6195e2d30	40000	69	10000	40000
8.616023	8605a	16033	2f90	10	1dcbfc	5dc619694730	1135	196	7ffe4ac8e740	2b85	5dc6196e2d40	5dc6196f8970	5dc618f62d30	1e0000	69	10000	1e0000
8.625543	860e7	5dc6196a2d30	fca4	11	1c4e6d	5dc619694730	2b85	974	7ffe4ac8e740	2b85	5dc6196e2d40	5dc6196f8970	5dc619062d30	0	fca0	10000	1a0000
8.639416	8605e	25	2f90	5	11f137	5dc619694730	6	c29	7ffe4ac8e740	2b85	5dc6196e2d40	5dc6196f8970	5dc619262d30	120000	69	10000	120000
8.648321	8607f	45d	2f90	a	8dc9e	5dc619694730	5d	a52	7ffe4ac8e740	2b85	5dc6196e2d40	5dc6196f8970	5dc6194a2d30	90000	69	10000	90000
8.656079	86031	2b85	2f90	11	1c4744	5dc619694730	1994	f9	7ffe4ac8e740	2b85	5dc6196e2d40	5dc6196f8970	5dc619022d30	1b0000	69	10000	1b0000
8.668210	8605e	529	2f90	a	43936	5dc619694730	6a	529	7ffe4ac8e740	2b85	5dc6196e2d40	5dc6196f8970	5dc6195a2d30	50000	69	10000	50000
8.683129	8607f	a7	2f90	7	14379	5dc619694730	e	48c	7ffe4ac8e740	2b85	5dc6196e2d40	5dc6196f8970	5dc619662d30	20000	69	10000	20000
8.694697	86051	22b6d	2f90	11	5dc6196e2d40	5dc619694730	1a3f	663	7ffe4ac8e740	2b85	5dc6196e2d40	5dc6196f8970	5dc619422d30	b0000	69	10000	b0000
8.707568	86072	33a8d	2f90	11	1f924a	5dc619694730	254c	196	7ffe4ac8e740	2b85	5dc6196e2d40	5dc6196f8970	5dc618f62d30	1e0000	69	10000	1e0000
8.716992	8605e	2a5	2f90	9	158600	5dc619694730	39	44b	7ffe4ac8e740	2b85	5dc6196e2d40	5dc6196f8970	5dc619162d30	160000	69	10000	160000
8.726303	8605e	65fb	2f90	e	111699	5dc619694730	5a3	c29	7ffe4ac8e740	2b85	5dc6196e2d40	5dc6196f8970	5dc619262d30	120000	69	10000	120000
8.735638	8607f	c7	2f90	7	68a78	5dc619694730	f	13a	7ffe4ac8e740	2b85	5dc6196e2d40	5dc6196f8970	5dc619522d30	70000	69	10000	70000
8.744127	860cc	9f4c	9f4c	11	1ff04e	5dc619694730	2b85	a11	7ffe4ac8e740	2b85	5dc6196e2d40	5dc6196f8970	5dc618fa2d30	0	9f48	10000	1d0000
8.756592	b58c4	7b36	5dc60aa65830	0	f36	0	90120090	7e7	7ffe4ac8e738	12b57	5dc6197129d0	77	711a7d61ace0	eca	95a	12b57	c00c
8.767702	86082	13c3	2f90	c	1bfa85	5dc619694730	147	585	7ffe4ac8e740	2b85	5dc6196e2d40	5dc6196f8970	5dc618fe2d30	1c0000	69	10000	1c0000
8.780374	8607f	2847b	2f90	11	b58d2	5dc619694730	1dea	aef	7ffe4ac8e740	2b85	5dc6196e2d40	5dc6196f8970	5dc6193e2d30	c0000	69	10000	c0000
8.791781	8605e	abc1	2f90	f	1439b7	5dc619694730	915	cc6	7ffe4ac8e740	2b85	5dc6196e2d40	5dc6196f8970	5dc6191a2d30	150000	69	10000	150000
8.802253	8606e	17591	2f90	10	97404	5dc619694730	1237	a52	7ffe4ac8e740	2b85	5dc6196e2d40	5dc6196f8970	5dc6194a2d30	90000	69	10000	90000
8.809467	8605e	2a5	2f90	9	1742a2	5dc619694730	39	5c	7ffe4ac8e740	2b85	5dc6196e2d40	5dc6196f8970	5dc6190e2d30	180000	69	10000	180000
8.822091	8607f	347	2f90	9	41f9b	5dc619694730	43	529	7ffe4ac8e740	2b85	5dc6196e2d40	5dc6196f8970	5dc6195a2d30	50000	69	10000	50000
8.830056	8605e	3ae1	2f90	d	186a89	5dc619694730	381	4e8	7ffe4ac8e740	2b85	5dc6196e2d40	5dc6196f8970	5dc6190a2d30	190000	69	10000	190000
8.839561	8607f	1f	2f90	4	14595b	5dc619694730	5	cc6	7ffe4ac8e740	2b85	5dc6196e2d40	5dc6196f8970	5dc6191a2d30	150000	69	10000	150000
8.846177	8607f	65	2f90	6	1f5ddd	5dc619694730	9	aae	7ffe4ac8e740	2b85	5dc6196e2d40	5dc6196f8970	5dc618ee2d30	200000	69	10000	200000
8.857942	8605e	26b2b	2f90	11	a6a92	5dc619694730	1cd4	663	7ffe4ac8e740	2b85	5dc6196e2d40	5dc6196f8970	5dc619422d30	b0000	69	10000	b0000
8.866084	b580f	785bbd529b007b8f	1e743	0	10782	fffffffffe714d36	52ab17c7c2e66ef	7ffffffffe714d36	7ffe4ac8e738	1e743	18eb2c9	0	ab4e319ae1ccbc48	174e	a904	fad54e8383d19911	2b85
8.880401	8607f	17b39	2f90	10	1c6b34	5dc619694730	1275	a11	7ffe4ac8e740	2b85	5dc6196e2d40	5dc6196f8970	5dc618fa2d30	1d0000	69	10000	1d0000
8.890741	8605e	1f	2f90	4	1d67aa	5dc619694730	5	196	7ffe4ac8e740	2b85	341c0	5dc6196f8970	5dc618f62d30	1e0000	69	10000	1e0000
8.898380	8605e	1f	2f90	4	dee9f	5dc619694730	5	700	7ffe4ac8e740	2b85	341c0	5dc6196f8970	5dc619362d30	e0000	69	10000	e0000
8.910014	8605e	2847b	2f90	11	1909b2	5dc619694730	1dea	974	7ffe4ac8e740	2b85	5dc6196e2d40	5dc6196f8970	5dc619062d30	1a0000	69	10000	1a0000
8.915366	8605e	238a9	2f90	11	1a4704	5dc619694730	1ac9	f9	7ffe4ac8e740	2b85	5dc6196e2d40	5dc6196f8970	5dc619022d30	1b0000	69	10000	1b0000
8.928933	8607f	2f7df	2f90	11	1041d5	5dc619694730	2293	79d	7ffe4ac8e740	2b85	5dc6196e2d40	5dc6196f8970	5dc6192a2d30	110000	69	10000	110000
8.941615	855f2	945b	3b429	3b429	19ad5	102a	2a4f	80000000047c6621	7ffe4ac8e740	3b429	0	1569c633	ab4e319ae1ccbc48	2a4f	36ebc	9fa76cdeb1378507	2b85
8.951835	8607f	e9	2f90	7	d829	5dc619694730	11	d07	7ffe4ac8e740	2b85	5dc6196e2d40	5dc6196f8970	5dc6196a2d30	10000	69	10000	10000
8.958241	8605e	10f	2f90	8	97cb7	5dc619694730	14	1d7	7ffe4ac8e740	2b85	5dc6196e2d40	5dc6196f8970	5dc619462d30	a0000	69	10000	a0000
8.965311	86003	28999	2f90	11	18c44d	5dc619694730	1e1c	5c	7ffe4ac8e740	2b85	5dc6196e2d40	5dc6196f8970	5dc6190e2d30	180000	69	10000	180000
8.971092	860c9	ef08	ef04	11	201218	5dc619694730	2b85	a11	7ffe4ac8e740	2b85	5dc6196e2d40	5dc6196f8970	5dc618fa2d30	0	ef04	10000	1d0000
8.976727	b580f	516c7e7091ef0064	21cd1	0	168b9	fffffffff63c2a2d	5448adbb48f3aa5d	7ffffffff63c2a2d	7ffe4ac8e738	21cd1	9c3d5d2	1569c633	ab4e319ae1ccbc48	1990	2a0d	abb75244b70c55a3	2b85
8.984159	8605e	a7	2f90	7	e7526	5dc619694730	e	b8c	7ffe4ac8e740	2b85	5dc6196e2d40	5dc6196f8970	5dc619322d30	f0000	69	10000	f0000
8.994485	8605e	c7	2f90	7	104aab	5dc619694730	f	79d	7ffe4ac8e740	2b85	5dc6196e2d40	5dc6196f8970	5dc6192a2d30	110000	69	10000	110000
9.002105	855be	4268ed9d	13dcf	5dc619984750	ffffffffffffffff	5cf	fa2	7ffffffffecc788a	7ffe4ac8e740	13dcf	0	0	ab4e319ae1ccbc48	fa2	40a0	36443b1474453678	2b85
9.009087	8607f	28d8f	2f90	11	cdf22	5dc619694730	1e4b	274	7ffe4ac8e740	2b85	5dc6196e2d40	5dc6196f8970	5dc6193a2d30	d0000	69	10000	d0000
9.018966	860b9	1111	c668	11	b9caa	5dc619694730	2b85	663	7ffe4ac8e740	2b85	5dc6196e2d40	5dc6196f8970	5dc619422d30	0	c664	10000	b0000
9.032828	8607f	61f	2f90	a	631a	5dc619694730	76	d07	7ffe4ac8e740	2b85	5dc6196e2d40	5dc6196f8970	5dc6196a2d30	10000	69	10000	10000
9.046245	8605e	679	2f90	a	195384	5dc619694730	7d	974	7ffe4ac8e740	2b85	5dc6196e2d40	5dc6196f8970	5dc619062d30	1a0000	69	10000	1a0000
9.061073	860bd	3c40	3c3c	11	1b44bd	5dc619694730	2b85	4e8	7ffe4ac8e740	2b85	5dc6196e2d40	5dc6196f8970	5dc6190a2d30	0	3c38	10000	190000
9.070224	8607f	14def	2f90	10	139d91	5dc619694730	1065	83a	7ffe4ac8e740	2b85	5dc6196e2d40	5dc6196f8970	5dc6191e2d30	140000	69	10000	140000
9.075616	8607b	265	2f90	9	175d69	5dc619694730	32	5c	7ffe4ac8e740	2b85	5dc6196e2d40	5dc6196f8970	5dc6190e2d30	180000	69	10000	180000
9.085595	860e7	5dc6196a2d30	dcb8	11	7169f	5dc619694730	2b85	9d	7ffe4ac8e740	2b85	5dc6196e2d40	5dc6196f8970	5dc6195e2d30	0	dcb4	10000	40000
9.093437	86042	5dc619654710	2f90	10	181ba9	5dc619694730	e74	5c	7ffe4ac8e740	2b85	5dc6196e2d40	5dc6196f8970	5dc6190e2d30	180000	69	10000	180000
9.103677	8605e	1e95	2f90	c	17d99a	5dc619694730	1ed	5c	7ffe4ac8e740	2b85	5dc6196e2d40	5dc6196f8970	5dc6190e2d30	180000	69	10000	180000
9.116528	8605e	119b	2f90	c	7919b	5dc619694730	126	5c6	7ffe4ac8e740	2b85	5dc6196e2d40	5dc6196f8970	5dc6194e2d30	80000	69	10000	80000
9.125616	860cc	1c68	1c68	11	16f83	5dc619694730	2b85	d07	7ffe4ac8e740	2b85	5dc6196e2d40	5dc6196f8970	5dc6196a2d30	0	1c64	10000	10000
9.140127	b57f5	a60f7ee4ccd2cdfd	3c7	0	247	8a03f2	44885241b04818f2	80000000008a03f2	7ffe4ac8e738	3c7	0	15618e06	ab0c70352d306bd5	4e	289	44885241b04818f2	2b85
9.150504	b57ef	234	2b2a9	0	4c27	5f1e87b	5e48c703b887d3f3	8000000005f1e87b	7ffe4ac8e738	2b2a9	0	15618e06	ab0c70352d306bd5	1fcf	13d60	5e48c703b887d3f3	2b85
9.160918	86046	f305	2f90	f	3cdc4	5dc619694730	c52	918	7ffe4ac8e740	2b85	5dc6196e2d40	5dc6196f8970	5dc619622d30	30000	69	10000	30000
9.169734	8607f	31567	2f90	11	1e9381	5dc619694730	23c6	622	7ffe4ac8e740	2b85	5dc6196e2d40	5dc6196f8970	5dc618f22d30	1f0000	69	10000	1f0000
9.177682	8605e	3673d	2f90	11	feb74	5dc619694730	2721	311	7ffe4ac8e740	2b85	5dc6196e2d40	5dc6196f8970	5dc6192e2d30	100000	69	10000	100000
9.192210	8607f	f1	2f90	7	c84c1	5dc619694730	12	274	7ffe4ac8e740	2b85	5dc6196e2d40	5dc6196f8970	5dc6193a2d30	d0000	69	10000	d0000
9.206848	860cc	ec54	ec54	5dc619631fe0	9c41d	5dc619694730	2b85	0	7ffe4ac8e740	2b85	5dc6196e2d40	5dc6196f8970	5dc6194a2d30	1	ec50	10000	90000
9.219991	86066	377b9	2f90	11	1d4741	5dc619694730	27d7	585	7ffe4ac8e740	2b85	5dc6196e2d40	5dc6196f8970	5dc618fe2d30	1c0000	69	10000	1c0000
9.232367	8607f	25	2f90	5	78175	5dc619694730	6	5c6	7ffe4ac8e740	2b85	5dc6196e2d40	5dc6196f8970	5dc6194e2d30	80000	69	10000	80000
9.241225	b57f5	71a04d7aef85cf6b	2f8d3	0	20fce	4c9c545	8d24d368ab11acff	8000000004c9c545	7ffe4ac8e738	2f8d3	0	15618e06	ab0c70352d306bd5	229d	2a435	8d24d368ab11acff	2b85
9.248216	8605e	25f	2f90	9	c1e5e	5dc619694730	31	274	7ffe4ac8e740	2b85	5dc6196e2d40	5dc6196f8970	5dc6193a2d30	d0000	69	10000	d0000
9.256443	8565c	226b	2c755	2c755	bd2d	1b496	208f	800000000449d0c9	7ffe4ac8e740	2c755	0	15618e06	ab0c70352d306bd5	208f	5dc6196386d0	11d1a9b474f2285b	2b85
9.262777	8607f	59	2f90	6	8dcea	5dc619694730	8	a52	7ffe4ac8e740	2b85	5dc6196e2d40	5dc6196f8970	5dc6194a2d30	90000	69	10000	90000
9.274359	86066	2d32b	2f90	11	157463	5dc619694730	2115	83a	7ffe4ac8e740	2b85	5dc6196e2d40	5dc6196f8970	5dc6191e2d30	140000	69	10000	140000
9.282976	8605e	278a5	2f90	11	8b4ae	5dc619694730	1d74	a52	7ffe4ac8e740	2b85	5dc6196e2d40	5dc6196f8970	5dc6194a2d30	90000	69	10000	90000
9.295310	86003	661d	2f90	e	1a485d	5dc619694730	5a5	974	7ffe4ac8e740	2b85	5dc6196e2d40	5dc6196f8970	5dc619062d30	1a0000	69	10000	1a0000
9.301842	8605e	2307b	2f90	11	72e8	5dc619694730	1a72	d07	7ffe4ac8e740	2b85	5dc6196e2d40	5dc6196f8970	5dc6196a2d30	10000	69	10000	10000
9.312273	86049	909b	2f90	f	41210	5dc619694730	7ca	9d	7ffe4ac8e740	2b85	5dc6196e2d40	5dc6196f8970	5dc6195e2d30	40000	69	10000	40000
9.318286	8605e	3357b	2f90	11	9e1d1	5dc619694730	251a	1d7	7ffe4ac8e740	2b85	5dc6196e2d40	5dc6196f8970	5dc619462d30	a0000	69	10000	a0000
9.328728	8605e	1d8af	2f90	10	d0b6f	5dc619694730	16a4	700	7ffe4ac8e740	2b85	5dc6196e2d40	5dc6196f8970	5dc619362d30	e0000	69	10000	e0000
9.337240	86046	16405	2f90	10	41554	5dc619694730	1161	9d	7ffe4ac8e740	2b85	5dc6196e2d40	5dc6196f8970	5dc6195e2d30	40000	69	10000	40000
9.348937	86007	148fd	2f90	10	100ead	5dc619694730	101f	311	7ffe4ac8e740	2b85	5dc6196e2d40	5dc6196f8970	5dc6192e2d30	100000	69	10000	100000
9.354657	8607f	177dd	2f90	10	15d677	5dc619694730	1254	44b	7ffe4ac8e740	2b85	5dc6196e2d40	5dc6196f8970	5dc619162d30	160000	69	10000	160000
9.368313	8605e	2aea5	2f90	11	b6f12	5dc619694730	1f96	aef	7ffe4ac8e740	2b85	5dc6196e2d40	5dc6196f8970	5dc6193e2d30	c0000	69	10000	c0000
9.383019	8605e	2654f	2f90	11	6b429	5dc619694730	1c92	13a	7ffe4ac8e740	2b85	5dc6196e2d40	5dc6196f8970	5dc619522d30	70000	69	10000	70000
9.391421	8607f	24ef9	2f90	11	13e58f	5dc619694730	1bb5	83a	7ffe4ac8e740	2b85	5dc6196e2d40	5dc6196f8970	5dc6191e2d30	140000	69	10000	140000
9.396897	8605e	2bb4d	2f90	11	14d33b	5dc619694730	201c	cc6	7ffe4ac8e740	2b85	5dc6196e2d40	5dc6196f8970	5dc6191a2d30	150000	69	10000	150000
9.411280	b58e9	8594a49981daf4ac	2b85	0	e8c9	155a8272	9b70bbb76808ecd5	9604	7ffe4ac8e738	3cf89	5dc6197129d0	77	711a7d61ace0	2b76	2b75	3cf89	3105b
9.424783	860bd	9dbc	9db8	11	189eca	5dc619694730	2b85	44b	7ffe4ac8e740	2b85	5dc6196e2d40	5dc6196f8970	5dc619162d30	0	9db4	10000	160000
9.430441	86ada	2b85	5dc6196397b0	45	8e6f	0	0	5dc61a150210	7ffe4ac8e740	12b57	ec9	1	f0ea5255c83e99f	5dc60aa6b088	5dc61983dba0	2b85	7ffe4ac8e7f0
9.442130	86072	60cd	2f90	e	45351	5dc619694730	562	9d	7ffe4ac8e740	2b85	5dc6196e2d40	5dc6196f8970	5dc6195e2d30	40000	69	10000	40000
9.456473	855f2	ffffffffffffe21e	2426f	2426f	fffffffffffe58fe	7703	1b2c	7ffffffffaef0d4a	7ffe4ac8e740	2426f	0	0	aad41394db85ddbb	1b2c	af8	ee62367b47e3b5ac	2b85
9.467975	8607f	c7	2f90	7	b6abf	5dc619694730	f	aef	7ffe4ac8e740	2b85	5dc6196e2d40	5dc6196f8970	5dc6193e2d30	c0000	69	10000	c0000
9.477380	8605e	43	2f90	6	8723d	5dc619694730	7	a52	7ffe4ac8e740	2b85	5dc6196e2d40	5dc6196f8970	5dc6194a2d30	90000	69	10000	90000
9.487347	8601e	5dc61983dba0	2f90	10	6718f	5dc619694730	10d8	9b5	7ffe4ac8e740	2b85	5dc6196e2d40	5dc6196f8970	5dc619562d30	60000	69	10000	60000
9.498095	86066	1aa5b	2f90	10	c2588	5dc619694730	14a7	aef	7ffe4ac8e740	2b85	5dc6196e2d40	5dc6196f8970	5dc6193e2d30	c0000	69	10000	c0000
9.512197	86a7c	2a47	5dc6196397b0	22958	2a46	0	0	5dc61a37ee20	7ffe4ac8e740	3b2ed	2a46	1	f0ea5255c83e99f	5dc60aa6b088	5dc61983dba0	2b85	7ffe4ac8e7f0
9.522061	8607f	65	2f90	6	3b1a9	5dc619694730	9	9d	7ffe4ac8e740	2b85	5dc6196e2d40	5dc6196f8970	5dc6195e2d30	40000	69	10000	40000
9.531157	85656	ffffffffffff51e3	1c391	1c391	fffffffffffee281	17295	15b4	8000000005c8119d	7ffe4ac8e740	1c391	0	155a8272	aad41394db85ddbb	15b4	5dc6196386d0	d356ec0a9f1a9a96	2b85
9.541385	8607f	f4d	2f90	b	185d5	5dc619694730	101	48c	7ffe4ac8e740	2b85	5dc6196e2d40	5dc6196f8970	5dc619662d30	20000	69	10000	20000
9.550315	8607f	27c1	2f90	d	1cb91e	5dc619694730	275	a11	7ffe4ac8e740	2b85	5dc6196e2d40	5dc6196f8970	5dc618fa2d30	1d0000	69	10000	1d0000
9.555977	856b9	b	178af	0	384a	5dc61983dba0	125c	800000000049ca58	7ffe4ac8e740	178af	0	155a8272	aad41394db85ddbb	125c	5dc6196386d0	7bb1b66f9fe82cef	2b85
9.569942	86011	1656b	2f90	10	17652c	5dc619694730	1174	8d7	7ffe4ac8e740	2b85	5dc6196e2d40	5dc6196f8970	5dc619122d30	170000	69	10000	170000
9.582998	8601e	5dc61983dba0	2f90	11	937ae	5dc619694730	2b68	13a	7ffe4ac8e740	2b85	5dc6196e2d40	5dc6196f8970	5dc619522d30	70000	69	10000	70000
9.597635	8605e	89	2f90	7	6c5b2	5dc619694730	b	13a	7ffe4ac8e740	2b85	5dc6196e2d40	5dc6196f8970	5dc619522d30	70000	69	10000	70000
9.608376	8605a	a97	2f90	b	dcece	5dc619694730	bb	700	7ffe4ac8e740	2b85	5dc6196e2d40	5dc6196f8970	5dc619362d30	e0000	69	10000	e0000
9.622219	8607f	101	2f90	8	5742b	5dc619694730	13	9b5	7ffe4ac8e740	2b85	5dc6196e2d40	5dc6196f8970	5dc619562d30	60000	69	10000	60000
9.631771	8601e	5dc61983dba0	2f90	11	325c0	5dc619694730	22b7	918	7ffe4ac8e740	2b85	5dc6196e2d40	5dc6196f8970	5dc619622d30	30000	69	10000	30000
9.639880	8605e	16bd	2f90	c	1a446d	5dc619694730	175	f9	7ffe4ac8e740	2b85	5dc6196e2d40	5dc6196f8970	5dc619022d30	1b0000	69	10000	1b0000
9.646782	8605e	5689	2f90	e	3ab5e	5dc619694730	4e4	9d	7ffe4ac8e740	2b85	5dc6196e2d40	5dc6196f8970	5dc6195e2d30	40000	69	10000	40000
9.659869	8605e	a7	2f90	7	1a39d2	5dc619694730	e	f9	7ffe4ac8e740	2b85	5dc6196e2d40	5dc6196f8970	5dc619022d30	1b0000	69	10000	1b0000
9.665490	8605e	95b9	2f90	f	1fcc38	5dc619694730	808	aae	7ffe4ac8e740	2b85	5dc6196e2d40	5dc6196f8970	5dc618ee2d30	200000	69	10000	200000
9.673659	8607f	509	2f90	a	1384ec	5dc619694730	67	83a	7ffe4ac8e740	2b85	5dc6196e2d40	5dc6196f8970	5dc6191e2d30	140000	69	10000	140000
9.687306	8605e	78d	2f90	a	a22fb	5dc619694730	94	663	7ffe4ac8e740	2b85	5dc6196e2d40	5dc6196f8970	5dc619422d30	b0000	69	10000	b0000
9.700914	85709	9	1cb71	0	f354	5dc61983dba0	160b	7fffffffffc4c5a3	7ffe4ac8e740	1cb71	0	0	aad41394db85ddbb	160b	5dc6196386d0	a93a07a8aed563ae	2b85
9.714559	8605a	ae7	2f90	b	14911c	5dc619694730	c3	cc6	7ffe4ac8e740	2b85	5dc6196e2d40	5dc6196f8970	5dc6191a2d30	150000	69	10000	150000
9.726795	135472bf0b24	5dc6196bce10	6838	b630	1a0e0	5dc6196b17e0	5dc6196cb8c0	918	7ffe4ac8e738	5dc6196bce10	1a0e0	5dc6196f8970	5dc619662d30	30000	6838	10000	30000
9.739461	85656	fffffffffffffe5a	3335	3335	ffffffffffffdeed	1b96	31d	8000000000b6ada4	7ffe4ac8e740	3335	0	1604c4ec	b0262761e674f285	31d	5dc6196386d0	cf6662fa19b05eed	2b85
9.753255	8607f	f017	2f90	f	14792f	5dc619694730	c34	cc6	7ffe4ac8e740	2b85	5dc6196e2d40	5dc6196f8970	5dc6191a2d30	150000	69	10000	150000
9.762207	8605e	1b077	2f90	10	cf79d	5dc619694730	14f1	274	7ffe4ac8e740	2b85	5dc6196e2d40	5dc6196f8970	5dc6193a2d30	d0000	69	10000	d0000
9.775702	8607f	25	2f90	5	2934f	5dc619694730	6	918	7ffe4ac8e740	2b85	5dc6196e2d40	5dc6196f8970	5dc619622d30	30000	69	10000	30000
9.789896	8607f	6ca9	2f90	e	1fafda	5dc619694730	600	aae	7ffe4ac8e740	2b85	5dc6196e2d40	5dc6196f8970	5dc618ee2d30	200000	69	10000	200000
9.797171	86066	27617	2f90	11	d10f0	5dc619694730	1d57	aef	7ffe4ac8e740	2b85	5dc6196e2d40	5dc6196f8970	5dc6193e2d30	c0000	69	10000	c0000
9.807090	8605e	2920f	2f90	11	b6be3	5dc619694730	1e72	aef	7ffe4ac8e740	2b85	5dc6196e2d40	5dc6196f8970	5dc6193e2d30	c0000	69	10000	c0000
9.815884	8605e	1529	2f90	c	207ab	5dc619694730	159	918	7ffe4ac8e740	2b85	5dc6196e2d40	5dc6196f8970	5dc619622d30	30000	69	10000	30000
9.827281	8605a	25417	2f90	11	bea51	5dc619694730	1be8	aef	7ffe4ac8e740	2b85	5dc6196e2d40	5dc6196f8970	5dc6193e2d30	c0000	69	10000	c0000
9.840891	86066	7075	2f90	e	183578	5dc619694730	635	5c	7ffe4ac8e740	2b85	5dc6196e2d40	5dc6196f8970	5dc6190e2d30	180000	69	10000	180000
9.855300	8607f	23b	2f90	9	136d7c	5dc619694730	2c	83a	7ffe4ac8e740	2b85	5dc6196e2d40	5dc6196f8970	5dc6191e2d30	140000	69	10000	140000
9.866513	8607f	38641	2f90	11	1ac64b	5dc619694730	287d	f9	7ffe4ac8e740	2b85	5dc6196e2d40	5dc6196f8970	5dc619022d30	1b0000	69	10000	1b0000
9.878750	8605e	1a21	2f90	c	75006	5dc619694730	1a9	5c6	7ffe4ac8e740	2b85	5dc6196e2d40	5dc6196f8970	5dc6194e2d30	80000	69	10000	80000
9.885222	8605e	1f585	2f90	10	f8b44	5dc619694730	17de	311	7ffe4ac8e740	2b85	5dc6196e2d40	5dc6196f8970	5dc6192e2d30	100000	69	10000	100000
9.899497	86049	3559f	2f90	11	1d6e44	5dc619694730	2668	f9	7ffe4ac8e740	2b85	5dc6196e2d40	5dc6196f8970	5dc619022d30	1b0000	69	10000	1b0000
9.911153	8605e	18d	2f90	8	2dd98	5dc619694730	1f	918	7ffe4ac8e740	2b85	5dc6196e2d40	5dc6196f8970	5dc619622d30	30000	69	10000	30000
9.922447	8605e	43	2f90	6	ad251	5dc619694730	7	663	7ffe4ac8e740	2b85	5dc6196e2d40	5dc6196f8970	5dc619422d30	b0000	69	10000	b0000
9.930335	860cc	7ab0	7ab0	11	203b01	5dc619694730	2b85	a11	7ffe4ac8e740	2b85	5dc6196e2d40	5dc6196f8970	5dc618fa2d30	0	7aac	10000	1d0000
9.942228	8605e	34df9	2f90	11	27f5d	5dc619694730	2617	918	7ffe4ac8e740	2b85	5dc6196e2d40	5dc6196f8970	5dc619622d30	30000	69	10000	30000
9.949153	135472bf0b24	5dc6196d6ef0	2f90	73f0	be40	5dc6196a7780	5dc6196db940	b8c	7ffe4ac8e738	5dc6196d6ef0	341c0	5dc6196f8970	5dc619362d30	f0000	d070	10000	f0000
9.960199	8607f	37f33	2f90	11	1238c5	5dc619694730	2829	3ae	7ffe4ac8e740	2b85	5dc6196e2d40	5dc6196f8970	5dc619222d30	130000	69	10000	130000
9.966186	8d21d	5dc619630b00	d4b94d4591037a1a	3c	5dc619ca4700	5dc60aa6ac50	7ffe4ac8e5c8	1	7ffe4ac8e5c0	3c	38	10c	f0ea5255c83e99f	5dc619ca4720	0	20c	5dc619ca4610
9.975348	8605e	7dcb	2f90	e	f7b2d	5dc619694730	6db	311	7ffe4ac8e740	2b85	5dc6196e2d40	5dc6196f8970	5dc6192e2d30	100000	69	10000	100000
9.981509	86072	c685	2f90	f	179d64	5dc619694730	a4f	8d7	7ffe4ac8e740	2b85	5dc6196e2d40	5dc6196f8970	5dc619122d30	170000	69	10000	170000
9.987228	8605e	1613	2f90	c	1604af	5dc619694730	16b	8d7	7ffe4ac8e740	2b85	5dc6196e2d40	5dc6196f8970	5dc619122d30	170000	69	10000	170000
9.998392	8600a	e84b	2f90	f	1dacf5	5dc619694730	bd6	a11	7ffe4ac8e740	2b85	5dc6196e2d40	5dc6196f8970	5dc618fa2d30	1d0000	69	10000	1d0000
10.012033	135472bf0b24	5dc6196afda0	341c	bf80	d070	5dc6196a3e20	5dc6196b0e90	1d7	7ffe4ac8e738	5dc6196afda0	d070	5dc6196f8970	5dc6194a2d30	a0000	341c	10000	a0000
10.026163	85656	ffffffffffffd2e7	3932f	3932f	fffffffffffdc41f	2234d	28fc	8000000001785104	7ffe4ac8e740	3932f	0	1604c4ec	b0262761e674f285	28fc	5dc6196386d0	e96037e22e282bce	2b85
10.039796	8d254	5dc619638510	c40f37080203ef5b	10	5dc61a56dc50	5dc60aa6ac50	7ffe4ac8e608	1	7ffe4ac8e600	10	c	4c	f0ea5255c83e99f	5dc61a56dc60	0	14c	5dc61a56dc10
10.051778	86061	45d	2f90	a	270f0	5dc619694730	5d	918	7ffe4ac8e740	2b85	5dc6196e2d40	5dc6196f8970	5dc619622d30	30000	69	10000	30000
10.066160	b58e9	9ee33c6b6723b0de	2b85	0	42f5	154ff114	8c20c112868b818f	337	7ffe4ac8e738	4a03	5dc6197129d0	77	711a7d61ace0	43f	43e	4a03	7a7
10.071667	8605e	1aebd	2f90	10	1169c1	5dc619694730	14db	c29	7ffe4ac8e740	2b85	5dc6196e2d40	5dc6196f8970	5dc619262d30	120000	69	10000	120000
10.085408	8607f	9d	2f90	7	1f6b45	5dc619694730	d	aae	7ffe4ac8e740	2b85	5dc6196e2d40	5dc6196f8970	5dc618ee2d30	200000	69	10000	200000
10.092347	8607f	249d3	2f90	11	95de2	5dc619694730	1b70	1d7	7ffe4ac8e740	2b85	5dc6196e2d40	5dc6196f8970	5dc619462d30	a0000	69	10000	a0000
10.098933	8605e	a207	2f90	f	142245	5dc619694730	89d	cc6	7ffe4ac8e740	2b85	5dc6196e2d40	5dc6196f8970	5dc6191a2d30	150000	69	10000	150000
10.110699	85656	ffffffffffffc83b	d577	d577	ffffffffffff358f	bbd5	af8	8000000004c900b4	7ffe4ac8e740	d577	0	154ff114	aa7f88a461060894	af8	5dc6196386d0	1214067c179a38b3	2b85
10.125116	8605e	137	2f90	8	1b022e	5dc619694730	17	585	7ffe4ac8e740	2b85	5dc6196e2d40	5dc6196f8970	5dc618fe2d30	1c0000	69	10000	1c0000
10.134429	8605e	257a5	2f90	11	1548f6	5dc619694730	1c10	44b	7ffe4ac8e740	2b85	5dc6196e2d40	5dc6196f8970	5dc619162d30	160000	69	10000	160000
10.146558	8605e	2ab	2f90	9	1c612	5dc619694730	3a	48c	7ffe4ac8e740	2b85	5dc6196e2d40	5dc6196f8970	5dc619662d30	20000	69	10000	20000
10.155806	8605e	29983	2f90	11	1f6816	5dc619694730	1ec6	aae	7ffe4ac8e740	2b85	5dc6196e2d40	5dc6196f8970	5dc618ee2d30	200000	69	10000	200000
10.163737	8601e	5dc61983dba0	2f90	11	128897	5dc619694730	1cca	c29	7ffe4ac8e740	2b85	5dc6196e2d40	5dc6196f8970	5dc619262d30	120000	69	10000	120000
10.169332	8605e	1cbf7	2f90	10	159477	5dc619694730	1615	44b	7ffe4ac8e740	2b85	5dc6196e2d40	5dc6196f8970	5dc619162d30	160000	69	10000	160000
10.181091	135472bf0b24	5dc6196e2d40	15c28	baa8	15c28	5dc619847d20	5dc6196ecec0	5dc61a506120	7ffe4ac8e738	5dc6196e2d40	ffffffffffea51a0	711a7d61b3e0	f0ea5255c83e99f	2b85	84	711a7d5a0880	84
10.194984	8605e	128dd	2f90	10	1b91ef	5dc619694730	eaa	585	7ffe4ac8e740	2b85	5dc6196e2d40	5dc6196f8970	5dc618fe2d30	1c0000	69	10000	1c0000
10.204896	8607f	25ec5	2f90	11	1a8aa3	5dc619694730	1c53	f9	7ffe4ac8e740	2b85	5dc6196e2d40	5dc6196f8970	5dc619022d30	1b0000	69	10000	1b0000
10.210494	8607b	20cd7	2f90	11	1fdd4c	5dc619694730	18df	aae	7ffe4ac8e740	2b85	5dc6196e2d40	5dc6196f8970	5dc618ee2d30	200000	69	10000	200000
10.218033	8607f	2d43	2f90	d	c5c18	5dc619694730	2c0	274	7ffe4ac8e740	2b85	5dc6196e2d40	5dc6196f8970	5dc6193a2d30	d0000	69	10000	d0000
10.228773	8607f	427	2f90	a	13ade7	5dc619694730	58	83a	7ffe4ac8e740	2b85	5dc6196e2d40	5dc6196f8970	5dc6191e2d30	140000	69	10000	140000
10.236997	8607f	9f5	2f90	b	57372	5dc619694730	b3	9b5	7ffe4ac8e740	2b85	5dc6196e2d40	5dc6196f8970	5dc619562d30	60000	69	10000	60000
10.250970	85653	ffffffff58d8c3f2	103db	103db	ffffffffffffffff	f013	cff	7ffffffffcbd2ad8	7ffe4ac8e740	103db	0	0	aa7f88a461060894	cff	5dc6196386d0	660604aab99be161	2b85
10.257397	8605e	a0f3	2f90	f	729f1	5dc619694730	890	5c6	7ffe4ac8e740	2b85	5dc6196e2d40	5dc6196f8970	5dc6194e2d30	80000	69	10000	80000
10.268555	8605e	9ef	2f90	b	d2bc6	5dc619694730	b2	700	7ffe4ac8e740	2b85	5dc6196e2d40	5dc6196f8970	5dc619362d30	e0000	69	10000	e0000
10.283472	135472bf0b24	5dc6196d6ef0	2f90	7f50	be40	5dc6196a6c20	5dc6196dade0	700	7ffe4ac8e738	5dc6196d6ef0	341c0	10	f0ea5255c83e99f	e0000	d070	10000	e0000
10.297483	86061	4e1	2f90	a	7faa4	5dc619694730	64	5c6	7ffe4ac8e740	2b85	5dc6196e2d40	5dc6196f8970	5dc6194e2d30	80000	69	10000	80000
10.309913	860e7	5dc6196a2d30	f758	11	1ba722	5dc619694730	2b85	974	7ffe4ac8e740	2b85	5dc6196e2d40	5dc6196f8970	5dc619062d30	0	f754	10000	1a0000
10.322084	8605e	257	2f90	9	6ec05	5dc619694730	2f	13a	7ffe4ac8e740	2b85	5dc6196e2d40	5dc6196f8970	5dc619522d30	70000	69	10000	70000
10.331281	b580f	d0c57abd71a2b0cd	1e6a1	0	158c0	fffffffffd07fe36	3335d6df52f7b7ad	7ffffffffd07fe36	7ffe4ac8e738	1e6a1	2f801c9	0	aa7f88a461060894	1747	369f	ccca2920ad084853	2b85
10.345020	8607f	25	2f90	5	19c32b	5dc619694730	6	974	7ffe4ac8e740	2b85	5dc6196e2d40	5dc6196f8970	5dc619062d30	1a0000	69	10000	1a0000
10.354450	8607b	2d5e7	2f90	11	13cc53	5dc619694730	2133	83a	7ffe4ac8e740	2b85	5dc6196e2d40	5dc6196f8970	5dc6191e2d30	140000	69	10000	140000
10.367175	8607f	12eed	2f90	10	1634e	5dc619694730	eeb	48c	7ffe4ac8e740	2b85	5dc6196e2d40	5dc6196f8970	5dc619662d30	20000	69	10000	20000
10.374409	86066	2ef7f	2f90	11	12c6df	5dc619694730	223d	c29	7ffe4ac8e740	2b85	5dc6196e2d40	5dc6196f8970	5dc619262d30	120000	69	10000	120000
10.381194	8607f	373	2f90	9	1e684d	5dc619694730	46	622	7ffe4ac8e740	2b85	5dc6196e2d40	5dc6196f8970	5dc618f22d30	1f0000	69	10000	1f0000
10.396036	860cc	e564	e564	11	a6e00	5dc619694730	2b85	1d7	7ffe4ac8e740	2b85	5dc6196e2d40	5dc6196f8970	5dc619462d30	0	e560	10000	a0000
10.410104	8607f	cb5	2f90	b	79f4	5dc619694730	db	d07	7ffe4ac8e740	2b85	5dc6196e2d40	5dc6196f8970	5dc6196a2d30	10000	69	10000	10000
10.421151	85653	fffffffa6a6a1873	38ce9	38ce9	ffffffffffffffff	26f15	28c0	7ffffffff90affc6	7ffe4ac8e740	38ce9	0	160bd080	b05e8402381f809f	28c0	5dc6196386d0	d83f4eec5d6484ae	2b85
10.436054	86a99	2b85	5dc6196397b0	2fa3	5dc619654710	5c4d	0	5dc61a574870	7ffe4ac8e740	5c4b	52e	1	f0ea5255c83e99f	5dc60aa6b088	5dc61983dba0	2b85	7ffe4ac8e7f0
10.441235	8d7d5	5dc61a574870	f087b4ea5c3b1d27	5dc61979d620	2	5dc61a6c0bc0	2f	2b	7ffe4ac8e610	5dc6196534c0	5dc61979d610	1	f0ea5255c83e99f	7ffe4ac8e628	2b	22a5	5dc60aa6ae48
10.452561	8605e	32119	2f90	11	14bd2f	5dc619694730	2439	cc6	7ffe4ac8e740	2b85	5dc6196e2d40	5dc6196f8970	5dc6191a2d30	150000	69	10000	150000
10.459869	8605e	33b	2f90	9	196b3	5dc619694730	42	48c	7ffe4ac8e740	2b85	5dc6196e2d40	5dc6196f8970	5dc619662d30	20000	69	10000	20000
10.474594	8607f	39827	2f90	11	1e129f	5dc619694730	292f	622	7ffe4ac8e740	2b85	5dc6196e2d40	5dc6196f8970	5dc618f22d30	1f0000	69	10000	1f0000
10.483182	860da	5dc6196a2d30	1d18	11	12189f	5dc619694730	2b85	311	7ffe4ac8e740	2b85	5dc6196e2d40	5dc6196f8970	5dc6192e2d30	0	1d14	10000	100000
10.492966	8605e	21e2d	2f90	11	d6974	5dc619694730	19a1	700	7ffe4ac8e740	2b85	5dc6196e2d40	5dc6196f8970	5dc619362d30	e0000	69	10000	e0000
10.506157	85656	6371	32015	32015	2dc1a	2b1	242e	800000000816a766	7ffe4ac8e740	32015	0	160bd080	b05e8402381f809f	242e	5dc6196386d0	f4d5c057fff6834b	2b85
10.518550	8605a	18f55	2f90	10	fdd88	5dc619694730	1351	311	7ffe4ac8e740	2b85	5dc6196e2d40	5dc6196f8970	5dc6192e2d30	100000	69	10000	100000
10.527512	86a2d	2175	5dc6196397b0	12	2174	0	0	5dc61a746de0	7ffe4ac8e740	2db53	2173	1	f0ea5255c83e99f	5dc60aa6b088	5dc61983dba0	2b85	7ffe4ac8e7f0
10.542235	8605e	149f	2f90	c	7dc71	5dc619694730	154	5c6	7ffe4ac8e740	2b85	5dc6196e2d40	5dc6196f8970	5dc6194e2d30	80000	69	10000	80000
10.549518	86ada	2b85	5dc6196397b0	14	853e	0	0	5dc61a748080	7ffe4ac8e740	24415	1b39	1	f0ea5255c83e99f	5dc60aa6b088	5dc61983dba0	2b85	7ffe4ac8e7f0
10.559265	8605e	913d	2f90	f	bb40e	5dc619694730	7d3	aef	7ffe4ac8e740	2b85	5dc6196e2d40	5dc6196f8970	5dc6193e2d30	c0000	69	10000	c0000
10.565867	8605e	1c037	2f90	10	10534f	5dc619694730	1591	79d	7ffe4ac8e740	2b85	5dc6196e2d40	5dc6196f8970	5dc6192a2d30	110000	69	10000	110000
10.571045	135472bf0b24	5dc6196bce10	6838	10ab0	1a0e0	5dc6196ac360	5dc6196c6440	700	7ffe4ac8e738	5dc6196bce10	1a0e0	5dc6196f8970	5dc6193a2d30	e0000	6838	10000	e0000
10.580224	860cc	11c	11c	11	3818b	5dc619694730	2b85	d07	7ffe4ac8e740	2b85	5dc6196e2d40	5dc6196f8970	5dc6196a2d30	0	118	10000	10000
10.587060	8607f	ce0b	2f90	f	60adf	5dc619694730	aa6	13a	7ffe4ac8e740	2b85	5dc6196e2d40	5dc6196f8970	5dc619522d30	70000	69	10000	70000
10.599159	8605e	25	2f90	5	aab2e	5dc619694730	6	663	7ffe4ac8e740	2b85	5dc6196e2d40	5dc6196f8970	5dc619422d30	b0000	69	10000	b0000
10.612071	8607f	1f	2f90	4	1f4788	5dc619694730	5	aae	7ffe4ac8e740	2b85	5dc6196e2d40	5dc6196f8970	5dc618ee2d30	200000	69	10000	200000
10.625263	8607f	2574d	2f90	11	11557b	5dc619694730	1c0b	c29	7ffe4ac8e740	2b85	5dc6196e2d40	5dc6196f8970	5dc619262d30	120000	69	10000	120000
10.638266	8607f	1cd	2f90	8	50a22	5dc619694730	23	9b5	7ffe4ac8e740	2b85	5dc6196e2d40	5dc6196f8970	5dc619562d30	60000	69	10000	60000
10.649505	8605e	2e663	2f90	11	f5cc3	5dc619694730	21e4	311	7ffe4ac8e740	2b85	5dc6196e2d40	5dc6196f8970	5dc6192e2d30	100000	69	10000	100000
10.660483	8605a	1ab09	2f90	10	162734	5dc619694730	14af	8d7	7ffe4ac8e740	2b85	5dc6196e2d40	5dc6196f8970	5dc619122d30	170000	69	10000	170000
10.670303	860cc	5c5c	5c5c	11	16d107	5dc619694730	2b85	83a	7ffe4ac8e740	2b85	5dc6196e2d40	5dc6196f8970	5dc6191e2d30	0	5c58	10000	140000
10.684825	860e7	5dc6196a2d30	71b0	11	1c4ef5	5dc619694730	2b85	974	7ffe4ac8e740	2b85	5dc6196e2d40	5dc6196f8970	5dc619062d30	0	71ac	10000	1a0000
10.694272	8605e	1f	2f90	4	15ba04	5dc619694730	5	44b	7ffe4ac8e740	2b85	341c0	5dc6196f8970	5dc619162d30	160000	69	10000	160000
10.701642	135472af50a1	20	ffffffffffffffa0	5dc619653460	5dc61962f010	5dc61a2c1f10	18	18	7ffe4ac8e5d0	2	1	711a7d61ad20	711a7d61ace0	0	7ffe4ac8e6f0	83	5dc61a2c1f10
10.714468	8605e	25	2f90	5	146cd2	5dc619694730	6	cc6	7ffe4ac8e740	2b85	5dc6196e2d40	5dc6196f8970	5dc6191a2d30	150000	69	10000	150000
10.723916	86046	19bfb	2f90	10	e7cc3	5dc619694730	13ea	700	7ffe4ac8e740	2b85	5dc6196e2d40	5dc6196f8970	5dc619362d30	e0000	69	10000	e0000
10.732129	84d1c	0	2b85	0	2d2f	0	2d2f	1	7ffe4ac8e740	e875	5dc6197129d0	77	711a7d61ace0	bd8	e873	e875	2d3
10.740092	8607f	59	2f90	6	31dd5	5dc619694730	8	9d	7ffe4ac8e740	2b85	5dc6196e2d40	5dc6196f8970	5dc6195e2d30	40000	69	10000	40000
10.750815	86049	8423	2f90	f	75bbc	5dc619694730	72f	13a	7ffe4ac8e740	2b85	5dc6196e2d40	5dc6196f8970	5dc619522d30	70000	69	10000	70000
10.765343	85656	ffffffffffffeaec	2afd9	2afd9	ffffffffffff7783	20009	1fa9	8000000002df2a15	7ffe4ac8e740	2afd9	0	1611af7b	b08d7bdd26d84c60	1fa9	5dc6196386d0	2a7f6a3a2a5f4a09	2b85
10.777282	860e7	5dc6196a2d30	ee20	5dc6197a44b0	e1b17	5dc619694730	2b85	0	7ffe4ac8e740	2b85	5dc6196e2d40	5dc6196f8970	5dc619362d30	2	ee1c	10000	e0000
10.783774	8607f	25	2f90	5	18bb17	5dc619694730	6	4e8	7ffe4ac8e740	2b85	5dc6196e2d40	5dc6196f8970	5dc6190a2d30	190000	69	10000	190000
10.793626	8607f	32ad	2f90	d	181714	5dc619694730	312	4e8	7ffe4ac8e740	2b85	5dc6196e2d40	5dc6196f8970	5dc6190a2d30	190000	69	10000	190000
10.805155	b580f	893cc698cd34caac	24055	0	149ea	fffffffffb87225d	5005be72ea8b9506	7ffffffffb87225d	7ffe4ac8e738	24055	478dda2	0	b08d7bdd26d84c60	1b1b	164db	affa418d15746afa	2b85
10.820090	86007	28907	2f90	11	1cecf7	5dc619694730	1e18	585	7ffe4ac8e740	2b85	5dc6196e2d40	5dc6196f8970	5dc618fe2d30	1c0000	69	10000	1c0000
10.825501	8605e	37f7f	2f90	11	1df7af	5dc619694730	2830	196	7ffe4ac8e740	2b85	5dc6196e2d40	5dc6196f8970	5dc618f62d30	1e0000	69	10000	1e0000
10.836418	8607f	15043	2f90	10	1375d	5dc619694730	107b	48c	7ffe4ac8e740	2b85	5dc6196e2d40	5dc6196f8970	5dc619662d30	20000	69	10000	20000
10.843834	8605e	32e19	2f90	11	13519a	5dc619694730	24bc	83a	7ffe4ac8e740	2b85	5dc6196e2d40	5dc6196f8970	5dc6191e2d30	140000	69	10000	140000
10.850132	8605e	25	2f90	5	1e0b3a	5dc619694730	6	622	7ffe4ac8e740	2b85	5dc6196e2d40	5dc6196f8970	5dc618f22d30	1f0000	69	10000	1f0000
10.859572	86082	1a5	2f90	8	173fe2	5dc619694730	21	5c	7ffe4ac8e740	2b85	5dc6196e2d40	5dc6196f8970	5dc6190e2d30	180000	69	10000	180000
10.872100	8605e	22b4f	2f90	11	5b12e	5dc619694730	1a3d	9b5	7ffe4ac8e740	2b85	5dc6196e2d40	5dc6196f8970	5dc619562d30	60000	69	10000	60000
10.880493	86019	5dc61983dba0	2f90	f	1f509e	5dc619694730	9d6	622	7ffe4ac8e740	2b85	5dc6196e2d40	5dc6196f8970	5dc618f22d30	1f0000	69	10000	1f0000
10.887087	8607f	7271	2f90	e	48756	5dc619694730	653	529	7ffe4ac8e740	2b85	5dc6196e2d40	5dc6196f8970	5dc6195a2d30	50000	69	10000	50000
10.892772	8601e	5dc61983dba0	2f90	11	57bd8	5dc619694730	19c3	529	7ffe4ac8e740	2b85	5dc6196e2d40	5dc6196f8970	5dc6195a2d30	50000	69	10000	50000
10.905907	8607f	1115	2f90	c	1adc8a	5dc619694730	11e	f9	7ffe4ac8e740	2b85	5dc6196e2d40	5dc6196f8970	5dc619022d30	1b0000	69	10000	1b0000
10.915571	8607f	137	2f90	8	163e7e	5dc619694730	17	8d7	7ffe4ac8e740	2b85	5dc6196e2d40	5dc6196f8970	5dc619122d30	170000	69	10000	170000
10.921727	86072	3c187	2f90	11	217a3f	5dc619694730	2ad4	622	7ffe4ac8e740	2b85	5dc6196e2d40	5dc6196f8970	5dc618f22d30	1f0000	69	10000	1f0000
10.936023	8605e	28b53	2f90	11	18bc1e	5dc619694730	1e2f	4e8	7ffe4ac8e740	2b85	5dc6196e2d40	5dc6196f8970	5dc6190a2d30	190000	69	10000	190000
10.946124	8605e	6f1f	2f90	e	19d712	5dc619694730	61e	974	7ffe4ac8e740	2b85	5dc6196e2d40	5dc6196f8970	5dc619062d30	1a0000	69	10000	1a0000
10.953413	8605e	19759	2f90	10	52a08	5dc619694730	13b4	9b5	7ffe4ac8e740	2b85	5dc6196e2d40	5dc6196f8970	5dc619562d30	60000	69	10000	60000
10.961181	8607f	34291	2f90	11	174e44	5dc619694730	259b	5c	7ffe4ac8e740	2b85	5dc6196e2d40	5dc6196f8970	5dc6190e2d30	180000	69	10000	180000
10.969207	8607f	32b	2f90	9	a64ad	5dc619694730	40	663	7ffe4ac8e740	2b85	5dc6196e2d40	5dc6196f8970	5dc619422d30	b0000	69	10000	b0000
10.982740	8607f	25	2f90	5	84dd	5dc619694730	6	d07	7ffe4ac8e740	2b85	5dc6196e2d40	5dc6196f8970	5dc6196a2d30	10000	69	10000	10000
10.989712	8605e	5e0d	2f90	e	eb05f	5dc619694730	543	b8c	7ffe4ac8e740	2b85	5dc6196e2d40	5dc6196f8970	5dc619322d30	f0000	69	10000	f0000
10.995801	8605a	3c605	2f90	11	163c15	5dc619694730	2b03	8d7	7ffe4ac8e740	2b85	5dc6196e2d40	5dc6196f8970	5dc619122d30	170000	69	10000	170000
11.009500	8605e	25	2f90	5	d04c3	5dc619694730	6	700	7ffe4ac8e740	2b85	5dc6196e2d40	5dc6196f8970	5dc619362d30	e0000	69	10000	e0000
11.017511	8552a	2b85	2022b	5dc6197129d0	1ab7a	5dc61983dba0	1868	80000000003c7497	7ffe4ac8e740	2022b	0	1611af7b	b08d7bdd26d84c60	1867	5dc6196386d0	ca5f10daf6f55030	2b85
11.025057	8607f	74f	2f90	a	119d21	5dc619694730	8d	c29	7ffe4ac8e740	2b85	5dc6196e2d40	5dc6196f8970	5dc619262d30	120000	69	10000	120000
11.039321	8605e	3d7	2f90	9	c4a14	5dc619694730	51	274	7ffe4ac8e740	2b85	5dc6196e2d40	5dc6196f8970	5dc6193a2d30	d0000	69	10000	d0000
11.048795	86042	5dc619654710	2f90	11	7dc2c	5dc619694730	2b7c	9b5	7ffe4ac8e740	2b85	5dc6196e2d40	5dc6196f8970	5dc619562d30	60000	69	10000	60000
11.059364	b58c4	20fe	5dc60aa65830	0	1fa4e	0	603f89c4	47ff	7ffe4ac8e738	2eac5	5dc6197129d0	77	711a7d61ace0	2212	175	2eac5	1563c
11.067430	8607f	aa81	2f90	f	dcea8	5dc619694730	907	700	7ffe4ac8e740	2b85	5dc6196e2d40	5dc6196f8970	5dc619362d30	e0000	69	10000	e0000
11.078739	86020	5dc61983dba0	2f90	f	1818e7	5dc619694730	72b	5c	7ffe4ac8e740	2b85	5dc6196e2d40	5dc6196f8970	5dc6190e2d30	180000	69	10000	180000
11.084891	b57f5	29b19f127ea055a2	805	0	e7	29aa0ee	5d70af517bcebd11	80000000029aa0ee	7ffe4ac8e738	805	0	16153545	b0a9aa2d4fad936d	99	4ee	5d70af517bcebd11	2b85
11.095234	8605e	1f	2f90	4	85be	5dc619694730	5	d07	7ffe4ac8e740	2b85	341c0	5dc6196f8970	5dc6196a2d30	10000	69	10000	10000
11.106047	8607f	1c98d	2f90	10	75a41	5dc619694730	15f5	5c6	7ffe4ac8e740	2b85	5dc6196e2d40	5dc6196f8970	5dc6194e2d30	80000	69	10000	80000
11.119112	8605e	2e4b3	2f90	11	1df3cc	5dc619694730	21d2	196	7ffe4ac8e740	2b85	5dc6196e2d40	5dc6196f8970	5dc618f62d30	1e0000	69	10000	1e0000
11.132625	86046	246a9	2f90	11	148033	5dc619694730	1b53	3ae	7ffe4ac8e740	2b85	5dc6196e2d40	5dc6196f8970	5dc619222d30	130000	69	10000	130000
11.147269	8607f	21c07	2f90	11	fa5aa	5dc619694730	1989	311	7ffe4ac8e740	2b85	5dc6196e2d40	5dc6196f8970	5dc6192e2d30	100000	69	10000	100000
11.157093	135472bf0b24	5dc6196bce10	6838	7cb0	1a0e0	5dc6196b5160	5dc6196cf240	311	7ffe4ac8e738	5dc6196bce10	1a0e0	5dc6196f8970	5dc619322d30	100000	6838	10000	100000
11.167331	8600a	35771	2f90	11	127fc9	5dc619694730	2680	c29	7ffe4ac8e740	2b85	5dc6196e2d40	5dc6196f8970	5dc619262d30	120000	69	10000	120000
11.181755	8607f	65	2f90	6	e9f77	5dc619694730	9	b8c	7ffe4ac8e740	2b85	5dc6196e2d40	5dc6196f8970	5dc619322d30	f0000	69	10000	f0000
11.195984	8607f	a7	2f90	7	9babf	5dc619694730	e	1d7	7ffe4ac8e740	2b85	5dc6196e2d40	5dc6196f8970	5dc619462d30	a0000	69	10000	a0000
11.208852	8605e	241	2f90	9	1e5acf	5dc619694730	2d	622	7ffe4ac8e740	2b85	5dc6196e2d40	5dc6196f8970	5dc618f22d30	1f0000	69	10000	1f0000
11.216928	8607f	12bd5	2f90	10	ed534	5dc619694730	ecf	b8c	7ffe4ac8e740	2b85	5dc6196e2d40	5dc6196f8970	5dc619322d30	f0000	69	10000	f0000
11.231087	86049	ea35	2f90	f	c795e	5dc619694730	bf0	aef	7ffe4ac8e740	2b85	5dc6196e2d40	5dc6196f8970	5dc6193e2d30	c0000	69	10000	c0000
11.239164	8607f	467f	2f90	e	1ea96d	5dc619694730	412	622	7ffe4ac8e740	2b85	5dc6196e2d40	5dc6196f8970	5dc618f22d30	1f0000	69	10000	1f0000
11.246100	8605e	2b43b	2f90	11	75346	5dc619694730	1fdd	5c6	7ffe4ac8e740	2b85	5dc6196e2d40	5dc6196f8970	5dc6194e2d30	80000	69	10000	80000
11.253846	8605e	43	2f90	6	1a5e8e	5dc619694730	7	f9	7ffe4ac8e740	2b85	5dc6196e2d40	5dc6196f8970	5dc619022d30	1b0000	69	10000	1b0000
11.267934	8d29e	5dc61979d5f0	1cc5b	10	5dc619c52a20	5dc60aa6ac50	7ffe4ac8e608	0	7ffe4ac8e600	cc5b	10	40	f0ea5255c83e99f	5dc619c52a24	0	40	5dc619c52ae0
11.282108	8605e	23987	2f90	11	c9a1d	5dc619694730	1ad0	274	7ffe4ac8e740	2b85	5dc6196e2d40	5dc6196f8970	5dc6193a2d30	d0000	69	10000	d0000
11.293153	8607f	1f	2f90	4	16ddb0	5dc619694730	5	8d7	7ffe4ac8e740	2b85	5dc6196e2d40	5dc6196f8970	5dc619122d30	170000	69	10000	170000
11.300308	8607f	480b	2f90	e	19e6b	5dc619694730	429	48c	7ffe4ac8e740	2b85	5dc6196e2d40	5dc6196f8970	5dc619662d30	20000	69	10000	20000
11.314113	8605e	3075b	2f90	11	1cbb75	5dc619694730	2336	a11	7ffe4ac8e740	2b85	5dc6196e2d40	5dc6196f8970	5dc618fa2d30	1d0000	69	10000	1d0000
11.325652	86042	5dc619654710	2f90	e	45350	5dc619694730	526	9d	7ffe4ac8e740	2b85	5dc6196e2d40	5dc6196f8970	5dc6195e2d30	40000	69	10000	40000
11.339309	8607f	143d7	2f90	10	195302	5dc619694730	fe0	974	7ffe4ac8e740	2b85	5dc6196e2d40	5dc6196f8970	5dc619062d30	1a0000	69	10000	1a0000
11.348791	860e7	5dc6196a2d30	4ed0	11	186f09	5dc619694730	2b85	44b	7ffe4ac8e740	2b85	5dc6196e2d40	5dc6196f8970	5dc619162d30	0	4ecc	10000	160000
11.359823	8607f	25	2f90	5	1f70f9	5dc619694730	6	aae	7ffe4ac8e740	2b85	5dc6196e2d40	5dc6196f8970	5dc618ee2d30	200000	69	10000	200000
11.371064	8605e	22c43	2f90	11	2649	5dc619694730	1a46	d07	7ffe4ac8e740	2b85	5dc6196e2d40	5dc6196f8970	5dc6196a2d30	10000	69	10000	10000
11.380301	8607f	2a1	2f90	9	1e786a	5dc619694730	38	622	7ffe4ac8e740	2b85	5dc6196e2d40	5dc6196f8970	5dc618f22d30	1f0000	69	10000	1f0000
11.390516	8607b	20bc1	2f90	11	dc0e0	5dc619694730	18d0	700	7ffe4ac8e740	2b85	5dc6196e2d40	5dc6196f8970	5dc619362d30	e0000	69	10000	e0000
11.403263	b57f5	5f22af248411d354	1c439	0	4938	a1909cd	6bf57850e118a6ec	800000000a1909cd	7ffe4ac8e738	1c439	0	0	b0eb6b930449e3e0	15bd	14b08	6bf57850e118a6ec	2b85
11.413510	85656	ffffffffffff608c	33cf1	33cf1	fffffffffffeb4d3	2e275	2563	7ffffffff94750c0	7ffe4ac8e740	33cf1	0	0	b0eb6b930449e3e0	2563	5dc6196386d0	eeba7fc69577138c	2b85
11.424828	8607f	313	2f90	9	83105	5dc619694730	3f	a52	7ffe4ac8e740	2b85	5dc6196e2d40	5dc6196f8970	5dc6194a2d30	90000	69	10000	90000
11.432654	8607f	425	2f90	a	1d78f2	5dc619694730	57	196	7ffe4ac8e740	2b85	5dc6196e2d40	5dc6196f8970	5dc618f62d30	1e0000	69	10000	1e0000
11.446087	8607f	355	2f90	9	12bdd3	5dc619694730	44	3ae	7ffe4ac8e740	2b85	5dc6196e2d40	5dc6196f8970	5dc619222d30	130000	69	10000	130000
11.460953	8605e	33551	2f90	11	12809a	5dc619694730	2517	3ae	7ffe4ac8e740	2b85	5dc6196e2d40	5dc6196f8970	5dc619222d30	130000	69	10000	130000
11.475836	8607f	829	2f90	b	122ca3	5dc619694730	9d	3ae	7ffe4ac8e740	2b85	5dc6196e2d40	5dc6196f8970	5dc619222d30	130000	69	10000	130000
11.489471	86049	1ba51	2f90	10	80324	5dc619694730	155c	13a	7ffe4ac8e740	2b85	5dc6196e2d40	5dc6196f8970	5dc619522d30	70000	69	10000	70000
11.501704	8601e	5dc61983dba0	2f90	10	18481f	5dc619694730	17d0	5c	7ffe4ac8e740	2b85	5dc6196e2d40	5dc6196f8970	5dc6190e2d30	180000	69	10000	180000
11.508195	85709	9	1d965	0	5b5c	5dc61983dba0	16ae	8000000005677007	7ffe4ac8e740	1d965	0	0	b0eb6b930449e3e0	16ae	5dc6196386d0	69d84ed9f553c2d0	2b85
11.518673	8607f	2527d	2f90	11	2f2b4	5dc619694730	1bd8	918	7ffe4ac8e740	2b85	5dc6196e2d40	5dc6196f8970	5dc619622d30	30000	69	10000	30000
11.533391	860bd	1f54	1f50	11	54498	5dc619694730	2b85	918	7ffe4ac8e740	2b85	5dc6196e2d40	5dc6196f8970	5dc619622d30	0	1f4c	10000	30000
11.546879	8607f	1f	2f90	4	1ef6c5	5dc619694730	5	622	7ffe4ac8e740	2b85	5dc6196e2d40	5dc6196f8970	5dc618f22d30	1f0000	69	10000	1f0000
11.556211	86066	122d5	2f90	10	1b2f4d	5dc619694730	e64	f9	7ffe4ac8e740	2b85	5dc6196e2d40	5dc6196f8970	5dc619022d30	1b0000	69	10000	1b0000
11.569691	b598c	7d	2507	0	1e9f	0	12330a	2	7ffe4ac8e578	2507	5dc6196545d0	1	0	5dc60aa65900	2	12330a	5dc619630b00
11.580123	8601e	5dc61983dba0	2f90	11	12a2cd	5dc619694730	206f	311	7ffe4ac8e740	2b85	5dc6196e2d40	5dc6196f8970	5dc6192e2d30	100000	69	10000	100000
11.588469	86049	1f421	2f90	10	5b932	5dc619694730	17cd	9d	7ffe4ac8e740	2b85	5dc6196e2d40	5dc6196f8970	5dc6195e2d30	40000	69	10000	40000
11.596502	8607f	7d8d	2f90	e	184b3b	5dc619694730	6d7	4e8	7ffe4ac8e740	2b85	5dc6196e2d40	5dc6196f8970	5dc6190a2d30	190000	69	10000	190000
11.604356	8607f	2e871	2f90	11	8fb10	5dc619694730	21f7	a52	7ffe4ac8e740	2b85	5dc6196e2d40	5dc6196f8970	5dc6194a2d30	90000	69	10000	90000
11.618645	8607f	8e15	2f90	f	2d781	5dc619694730	7aa	918	7ffe4ac8e740	2b85	5dc6196e2d40	5dc6196f8970	5dc619622d30	30000	69	10000	30000
11.625002	8605e	24c37	2f90	11	c1378	5dc619694730	1b92	274	7ffe4ac8e740	2b85	5dc6196e2d40	5dc6196f8970	5dc6193a2d30	d0000	69	10000	d0000
11.639685	8607f	25	2f90	5	ccb98	5dc619694730	6	274	7ffe4ac8e740	2b85	5dc6196e2d40	5dc6196f8970	5dc6193a2d30	d0000	69	10000	d0000
11.652586	855b1	fffffffffffff454	115f	0	0	d2e	122	800000000333f885	7ffe4ac8e740	115f	0	161d6d72	b0eb6b930449e3e0	122	182	4a646d2f648940f6	2b85
11.660819	8605e	593	2f90	a	144bca	5dc619694730	6d	cc6	7ffe4ac8e740	2b85	5dc6196e2d40	5dc6196f8970	5dc6191a2d30	150000	69	10000	150000
11.670499	860b9	1111	e1d8	11	1502ad	5dc619694730	2b85	3ae	7ffe4ac8e740	2b85	5dc6196e2d40	5dc6196f8970	5dc619222d30	0	e1d4	10000	130000
11.685168	8607f	ada1	2f90	f	1239a1	5dc619694730	92b	3ae	7ffe4ac8e740	2b85	5dc6196e2d40	5dc6196f8970	5dc619222d30	130000	69	10000	130000
11.692287	8552a	2b85	1437d	5dc6197129d0	581f	5dc61983dba0	fdc	8000000006aaf42c	7ffe4ac8e740	1437d	0	161d6d72	b0eb6b930449e3e0	fdb	5dc6196386d0	792c74d045ba99aa	2b85
11.698317	860e7	5dc6196a2d30	d9e0	11	64f60	5dc619694730	2b85	9b5	7ffe4ac8e740	2b85	5dc6196e2d40	5dc6196f8970	5dc619562d30	0	d9dc	10000	60000
11.706869	8605e	971	2f90	b	b6a36	5dc619694730	ae	aef	7ffe4ac8e740	2b85	5dc6196e2d40	5dc6196f8970	5dc6193e2d30	c0000	69	10000	c0000
11.720501	85709	5	37f67	0	b0bc	5dc61983dba0	282e	7ffffffffccad19d	7ffe4ac8e740	37f67	0	0	a98b4c9854784b78	282e	5dc6196386d0	ad1dc48f74e86335	2b85
11.727010	860cc	e8fc	e8fc	11	cd8a9	5dc619694730	2b85	1d7	7ffe4ac8e740	2b85	5dc6196e2d40	5dc6196f8970	5dc619462d30	0	e8f8	10000	a0000
11.735720	135472af66f8	0	5dc619638510	5dc619630b00	0	1	20	5dc61ab3f9d0	7ffe4ac8e610	7fffffffffffff00	18	68	f0ea5255c83e99f	20	5dc619630b00	2	4
11.743737	135472af51ec	5dc61a2c1f10	ffffffffffffffa0	3	5dc61962f010	5dc6197dd5b0	3f	300	7ffe4ac8e5a0	2	2c	b8	f0ea5255c83e99f	2f	5dc619631fe0	300	3
11.751894	8607f	17f	2f90	8	8b27c	5dc619694730	1e	a52	7ffe4ac8e740	2b85	5dc6196e2d40	5dc6196f8970	5dc6194a2d30	90000	69	10000	90000
11.766387	8607f	2c807	2f90	11	68869	5dc619694730	2098	13a	7ffe4ac8e740	2b85	5dc6196e2d40	5dc6196f8970	5dc619522d30	70000	69	10000	70000
11.781540	8605e	20825	2f90	11	7fca8	5dc619694730	18ab	5c6	7ffe4ac8e740	2b85	5dc6196e2d40	5dc6196f8970	5dc6194e2d30	80000	69	10000	80000
11.794386	8605e	43	2f90	6	1ba0be	5dc619694730	7	585	7ffe4ac8e740	2b85	5dc6196e2d40	5dc6196f8970	5dc618fe2d30	1c0000	69	10000	1c0000
11.805031	8607f	2b583	2f90	11	1d5224	5dc619694730	1fe9	196	7ffe4ac8e740	2b85	5dc6196e2d40	5dc6196f8970	5dc618f62d30	1e0000	69	10000	1e0000
11.813303	8606e	1be65	2f90	10	ea34c	5dc619694730	1582	700	7ffe4ac8e740	2b85	5dc6196e2d40	5dc6196f8970	5dc619362d30	e0000	69	10000	e0000
11.824198	8607f	25	2f90	5	15f573	5dc619694730	6	44b	7ffe4ac8e740	2b85	5dc6196e2d40	5dc6196f8970	5dc619162d30	160000	69	10000	160000
11.832921	8607f	383b7	2f90	11	c9fb4	5dc619694730	2864	274	7ffe4ac8e740	2b85	5dc6196e2d40	5dc6196f8970	5dc6193a2d30	d0000	69	10000	d0000
11.840433	8601e	5dc61983dba0	2f90	11	21ad28	5dc619694730	231b	aae	7ffe4ac8e740	2b85	5dc6196e2d40	5dc6196f8970	5dc618ee2d30	200000	69	10000	200000
11.853209	8605e	2e64f	2f90	11	104013	5dc619694730	21e3	79d	7ffe4ac8e740	2b85	5dc6196e2d40	5dc6196f8970	5dc6192a2d30	110000	69	10000	110000
11.859666	8605e	62d5	2f90	e	1818e6	5dc619694730	57b	4e8	7ffe4ac8e740	2b85	5dc6196e2d40	5dc6196f8970	5dc6190a2d30	190000	69	10000	190000
11.871444	8607f	35771	2f90	11	3dcf2	5dc619694730	267f	9d	7ffe4ac8e740	2b85	5dc6196e2d40	5dc6196f8970	5dc6195e2d30	40000	69	10000	40000
11.879154	860e7	5dc6196a2d30	ec38	11	1a49ba	5dc619694730	2b85	8d7	7ffe4ac8e740	2b85	5dc6196e2d40	5dc6196f8970	5dc619122d30	0	ec34	10000	170000
11.888182	8742a	2	2	5dc61aa984f0	3	5dc61aa984c0	6d	5dc61abb5070	7ffe4ac8e740	5dc61a18f980	6d	0	22a5	5dc61aa98470	5	5dc61aa98478	6e
11.902220	8607f	1ca71	2f90	10	8c95d	5dc619694730	15fd	a52	7ffe4ac8e740	2b85	5dc6196e2d40	5dc6196f8970	5dc6194a2d30	90000	69	10000	90000
11.909730	8605e	bc03	2f90	f	1bb9d1	5dc619694730	9d5	585	7ffe4ac8e740	2b85	5dc6196e2d40	5dc6196f8970	5dc618fe2d30	1c0000	69	10000	1c0000
11.922343	8605e	157d3	2f90	10	aaae4	5dc619694730	10d2	663	7ffe4ac8e740	2b85	5dc6196e2d40	5dc6196f8970	5dc619422d30	b0000	69	10000	b0000
11.933529	8607f	59	2f90	6	154d18	5dc619694730	8	44b	7ffe4ac8e740	2b85	5dc6196e2d40	5dc6196f8970	5dc619162d30	160000	69	10000	160000
11.940073	86055	222a7	2f90	11	207f23	5dc619694730	19d3	aae	7ffe4ac8e740	2b85	5dc6196e2d40	5dc6196f8970	5dc618ee2d30	200000	69	10000	200000
11.952472	8607b	17ec3	2f90	10	eec9d	5dc619694730	129e	b8c	7ffe4ac8e740	2b85	5dc6196e2d40	5dc6196f8970	5dc619322d30	f0000	69	10000	f0000
11.957653	860e7	5dc6196a2d30	25d8	11	10a684	5dc619694730	2b85	311	7ffe4ac8e740	2b85	5dc6196e2d40	5dc6196f8970	5dc6192e2d30	0	25d4	10000	100000
11.968573	8605e	a7	2f90	7	176e94	5dc619694730	e	5c	7ffe4ac8e740	2b85	5dc6196e2d40	5dc6196f8970	5dc6190e2d30	180000	69	10000	180000
11.978556	8605e	b29	2f90	b	179f37	5dc619694730	c9	5c	7ffe4ac8e740	2b85	5dc6196e2d40	5dc6196f8970	5dc6190e2d30	180000	69	10000	180000
11.991954	8607f	134f	2f90	c	dc493	5dc619694730	143	700	7ffe4ac8e740	2b85	5dc6196e2d40	5dc6196f8970	5dc619362d30	e0000	69	10000	e0000
12.002159	86051	3598d	2f90	11	5dc6196e2d40	5dc619694730	2696	b8c	7ffe4ac8e740	2b85	5dc6196e2d40	5dc6196f8970	5dc619322d30	f0000	69	10000	f0000
12.011203	8605e	1f5e9	2f90	10	8cf9e	5dc619694730	17e7	a52	7ffe4ac8e740	2b85	5dc6196e2d40	5dc6196f8970	5dc6194a2d30	90000	69	10000	90000
12.020794	8605e	38465	2f90	11	51177	5dc619694730	286a	9b5	7ffe4ac8e740	2b85	5dc6196e2d40	5dc6196f8970	5dc619562d30	60000	69	10000	60000
12.028392	8607f	260f5	2f90	11	59bca	5dc619694730	1c6e	9b5	7ffe4ac8e740	2b85	5dc6196e2d40	5dc6196f8970	5dc619562d30	60000	69	10000	60000
12.035945	860cc	bbe0	bbe0	11	18098a	5dc619694730	2b85	8d7	7ffe4ac8e740	2b85	5dc6196e2d40	5dc6196f8970	5dc619122d30	0	bbdc	10000	170000
12.041216	135472af1896	711a7d61ace0	5dc6197a21e0	1c1	21	0	711a7d61ac80	20	7ffe4ac8e630	5dc3c5029b82	5dc3c5029b82	5dc619fff860	f0ea5255c83e99f	711a7d61ac90	711a7d61ac80	5dc6197a2200	5dc6197a2
12.055504	8605e	2795f	2f90	11	142487	5dc619694730	1d7f	cc6	7ffe4ac8e740	2b85	5dc6196e2d40	5dc6196f8970	5dc6191a2d30	150000	69	10000	150000
12.062424	b5673	0	2acdf	0	2acdf	16bc4f1	32e1584a99db8d27	80000000016bc4f1	7ffe4ac8e738	2acdf	0	15303cfa	a981e7d2f186891f	1f87	9c15	32e1584a99db8d27	2b85
12.077466	8607f	654b	2f90	e	10768	5dc619694730	59b	48c	7ffe4ac8e740	2b85	5dc6196e2d40	5dc6196f8970	5dc619662d30	20000	69	10000	20000
12.086771	855f8	4001	fc9b	fc9b	4355	8b2	cbc	7ffffffffd095cb2	7ffe4ac8e740	fc9b	0	0	a981e7d2f186891f	cbc	58cc	a8ab356fcdd33e7e	2b85
12.092314	8607f	427	2f90	a	1c922	5dc619694730	58	48c	7ffe4ac8e740	2b85	5dc6196e2d40	5dc6196f8970	5dc619662d30	20000	69	10000	20000
12.102678	8607f	679	2f90	a	32c4e	5dc619694730	7d	9d	7ffe4ac8e740	2b85	5dc6196e2d40	5dc6196f8970	5dc6195e2d30	40000	69	10000	40000
12.113746	135472bf0b24	5dc6196afda0	341c	2c60	d070	5dc6196ad140	5dc6196ba1b0	aef	7ffe4ac8e738	5dc6196afda0	d070	5dc6196f8970	5dc619422d30	c0000	341c	10000	c0000
12.119643	86a2d	1bb0	5dc6196397b0	36	1baf	0	0	5dc61ac5ca80	7ffe4ac8e740	24e65	1bae	5dc619630b00	f0ea5255c83e99f	5dc60aa6b088	5dc61983dba0	2b85	7ffe4ac8e7f0
12.133045	860e7	5dc6196a2d30	c47c	11	681d3	5dc619694730	2b85	9b5	7ffe4ac8e740	2b85	5dc6196e2d40	5dc6196f8970	5dc619562d30	0	c478	10000	60000
12.142812	8605a	1affb	2f90	10	5e718	5dc619694730	14ec	9b5	7ffe4ac8e740	2b85	5dc6196e2d40	5dc6196f8970	5dc619562d30	60000	69	10000	60000
12.157649	135472bf0b24	5dc6196afda0	341c	5340	d070	5dc6196aaa60	5dc6196b7ad0	9b5	7ffe4ac8e738	5dc6196afda0	d070	5dc6196f8970	5dc6195a2d30	60000	341c	10000	60000
12.172216	8607f	1fb5	2f90	c	2f0de	5dc619694730	201	918	7ffe4ac8e740	2b85	5dc6196e2d40	5dc6196f8970	5dc619622d30	30000	69	10000	30000
12.183507	8607b	3ad	2f90	9	c4a47	5dc619694730	4b	274	7ffe4ac8e740	2b85	5dc6196e2d40	5dc6196f8970	5dc6193a2d30	d0000	69	10000	d0000
12.197446	8605e	137	2f90	8	40024	5dc619694730	17	529	7ffe4ac8e740	2b85	5dc6196e2d40	5dc6196f8970	5dc6195a2d30	50000	69	10000	50000
12.205836	8605e	5261	2f90	e	1dc5d9	5dc619694730	4a6	196	7ffe4ac8e740	2b85	5dc6196e2d40	5dc6196f8970	5dc618f62d30	1e0000	69	10000	1e0000
12.216324	8605e	d3	2f90	7	1f3c7c	5dc619694730	10	aae	7ffe4ac8e740	2b85	5dc6196e2d40	5dc6196f8970	5dc618ee2d30	200000	69	10000	200000
12.229740	8607f	25	2f90	5	14af15	5dc619694730	6	cc6	7ffe4ac8e740	2b85	5dc6196e2d40	5dc6196f8970	5dc6191a2d30	150000	69	10000	150000
12.240921	8605e	36679	2f90	11	1389de	5dc619694730	2719	83a	7ffe4ac8e740	2b85	5dc6196e2d40	5dc6196f8970	5dc6191e2d30	140000	69	10000	140000
12.252582	8607f	28411	2f90	11	1d5b47	5dc619694730	1de8	196	7ffe4ac8e740	2b85	5dc6196e2d40	5dc6196f8970	5dc618f62d30	1e0000	69	10000	1e0000
12.264051	8607f	3d7	2f90	9	1200e8	5dc619694730	51	3ae	7ffe4ac8e740	2b85	5dc6196e2d40	5dc6196f8970	5dc619222d30	130000	69	10000	130000
12.271152	8605e	9739	2f90	f	1eaf62	5dc619694730	815	622	7ffe4ac8e740	2b85	5dc6196e2d40	5dc6196f8970	5dc618f22d30	1f0000	69	10000	1f0000
12.280068	135472bf0b24	5dc6196bce10	6838	d990	1a0e0	5dc6196af480	5dc6196c9560	44b	7ffe4ac8e738	5dc6196bce10	1a0e0	5dc6196f8970	5dc6191a2d30	160000	6838	10000	160000
12.294458	8607f	2c6c5	2f90	11	ed0da	5dc619694730	2088	b8c	7ffe4ac8e740	2b85	5dc6196e2d40	5dc6196f8970	5dc619322d30	f0000	69	10000	f0000
12.304473	8607f	2173	2f90	d	fbfac	5dc619694730	21a	311	7ffe4ac8e740	2b85	5dc6196e2d40	5dc6196f8970	5dc6192e2d30	100000	69	10000	100000
12.314838	8607f	2126b	2f90	11	11e647	5dc619694730	191e	c29	7ffe4ac8e740	2b85	5dc6196e2d40	5dc6196f8970	5dc619262d30	120000	69	10000	120000
12.324300	8605e	755	2f90	a	a2681	5dc619694730	8f	663	7ffe4ac8e740	2b85	5dc6196e2d40	5dc6196f8970	5dc619422d30	b0000	69	10000	b0000
12.334146	8605e	a93	2f90	b	96909	5dc619694730	ba	1d7	7ffe4ac8e740	2b85	5dc6196e2d40	5dc6196f8970	5dc619462d30	a0000	69	10000	a0000
12.341737	86007	25e41	2f90	11	1d597e	5dc619694730	1c4d	a11	7ffe4ac8e740	2b85	5dc6196e2d40	5dc6196f8970	5dc618fa2d30	1d0000	69	10000	1d0000
12.346986	8607f	103f	2f90	c	1f87e3	5dc619694730	10e	aae	7ffe4ac8e740	2b85	5dc6196e2d40	5dc6196f8970	5dc618ee2d30	200000	69	10000	200000
12.353885	b58c4	107c0	5dc60aa65830	0	8750	0	272b5cc90	25acf	7ffe4ac8e738	2604b	5dc6197129d0	77	711a7d61ace0	1c66	13024	2604b	1908c
12.366416	8607f	156f5	2f90	10	9414d	5dc619694730	10c8	1d7	7ffe4ac8e740	2b85	5dc6196e2d40	5dc6196f8970	5dc619462d30	a0000	69	10000	a0000
12.372657	8605e	31735	2f90	11	120938	5dc619694730	23db	3ae	7ffe4ac8e740	2b85	5dc6196e2d40	5dc6196f8970	5dc619222d30	130000	69	10000	130000
12.382948	8607f	9d	2f90	7	1603ce	5dc619694730	d	8d7	7ffe4ac8e740	2b85	5dc6196e2d40	5dc6196f8970	5dc619122d30	170000	69	10000	170000
12.397906	86066	1cc5b	2f90	10	182ef8	5dc619694730	161a	8d7	7ffe4ac8e740	2b85	5dc6196e2d40	5dc6196f8970	5dc619122d30	170000	69	10000	170000
12.410276	8605e	1a099	2f90	10	52ac2	5dc619694730	1427	9b5	7ffe4ac8e740	2b85	5dc6196e2d40	5dc6196f8970	5dc619562d30	60000	69	10000	60000
12.424449	86082	737	2f90	a	7fcd	5dc619694730	8a	d07	7ffe4ac8e740	2b85	5dc6196e2d40	5dc6196f8970	5dc6196a2d30	10000	69	10000	10000
12.436320	8605e	2d1f	2f90	d	d70d8	5dc619694730	2be	700	7ffe4ac8e740	2b85	5dc6196e2d40	5dc6196f8970	5dc619362d30	e0000	69	10000	e0000
12.443534	8606e	31931	2f90	11	1ed94a	5dc619694730	23ee	196	7ffe4ac8e740	2b85	5dc6196e2d40	5dc6196f8970	5dc618f62d30	1e0000	69	10000	1e0000
12.449460	b57f5	3ae8a691791fd311	35303	0	15151	385a401	126f895936024d84	800000000385a401	7ffe4ac8e738	35303	0	1627fed0	b13ff6837ec9b907	264f	1c157	126f895936024d84	2b85
12.459048	85646	fffffffecb0b9e28	254bf	254bf	fffffffecb0bdebf	17d69	1bee	8000000004a310a0	7ffe4ac8e740	254bf	0	1627fed0	b13ff6837ec9b907	1bee	369e7	49e147453e0e4f60	2b85
12.468350	8605e	e9	2f90	7	1e73d2	5dc619694730	11	622	7ffe4ac8e740	2b85	5dc6196e2d40	5dc6196f8970	5dc618f22d30	1f0000	69	10000	1f0000
12.480274	8605e	cfb	2f90	b	72166	5dc619694730	de	5c6	7ffe4ac8e740	2b85	5dc6196e2d40	5dc6196f8970	5dc6194e2d30	80000	69	10000	80000
12.494790	860cc	12c	12c	11	5d664	5dc619694730	2b85	529	7ffe4ac8e740	2b85	5dc6196e2d40	5dc6196f8970	5dc6195a2d30	0	128	10000	50000
12.509359	8605e	d3	2f90	7	3c9d2	5dc619694730	10	9d	7ffe4ac8e740	2b85	5dc6196e2d40	5dc6196f8970	5dc6195e2d30	40000	69	10000	40000
12.523116	86055	2924b	ad4	11	222a75	5dc619694730	1e75	233	7ffe4ac8e740	2b85	5dc6196e2d40	5dc6196f8970	5dc618ea2d30	200001	69	1	200001
12.535900	8605e	11677	2f90	10	11dda0	5dc619694730	dd4	c29	7ffe4ac8e740	2b85	5dc6196e2d40	5dc6196f8970	5dc619262d30	120000	69	10000	120000
12.548146	b57f5	92ec2cde61b86da7	32ecd	0	137e1	89c55c4	9dcb08ccad5a089c	80000000089c55c4	7ffe4ac8e738	32ecd	0	1627fed0	b13ff6837ec9b907	24c8	2d84f	9dcb08ccad5a089c	2b85
12.560051	8607f	21b39	2f90	11	cab02	5dc619694730	197e	274	7ffe4ac8e740	2b85	5dc6196e2d40	5dc6196f8970	5dc6193a2d30	d0000	69	10000	d0000
12.567292	860bd	7abc	7ab8	11	1c95a5	5dc619694730	2b85	f9	7ffe4ac8e740	2b85	5dc6196e2d40	5dc6196f8970	5dc619022d30	0	7ab4	10000	1b0000
12.579572	8607f	16ef1	2f90	10	7b0c0	5dc619694730	11da	5c6	7ffe4ac8e740	2b85	5dc6196e2d40	5dc6196f8970	5dc6194e2d30	80000	69	10000	80000
12.591056	8d360	2	1036b01e726e	2d	5dc61adc5264	5dc60aa6ac50	7ffe4ac8e5c8	2	7ffe4ac8e5c0	36b01e726e	2c	b0	f0ea5255c83e99f	5dc61adc5264	7ffe4ac8e688	1b0	5dc61adc52b0
12.598831	8605e	25357	2f90	11	19d5e	5dc619694730	1be2	48c	7ffe4ac8e740	2b85	5dc6196e2d40	5dc6196f8970	5dc619662d30	20000	69	10000	20000
12.611968	8605e	16e5	2f90	c	17025d	5dc619694730	179	5c	7ffe4ac8e740	2b85	5dc6196e2d40	5dc6196f8970	5dc6190e2d30	180000	69	10000	180000
12.623079	856b9	e	11fb3	0	6da3	5dc61983dba0	e40	7ffffffff63a255c	7ffe4ac8e740	11fb3	0	1627fed0	b13ff6837ec9b907	e40	5dc6196386d0	7d30561130348958	2b85
12.629899	8605e	340e1	2f90	11	a324c	5dc619694730	2587	663	7ffe4ac8e740	2b85	5dc6196e2d40	5dc6196f8970	5dc619422d30	b0000	69	10000	b0000
12.644589	8607b	89	2f90	7	abe09	5dc619694730	b	663	7ffe4ac8e740	2b85	5dc6196e2d40	5dc6196f8970	5dc619422d30	b0000	69	10000	b0000
12.653697	8605e	2ef	2f90	9	3ab5f	5dc619694730	3c	9d	7ffe4ac8e740	2b85	5dc6196e2d40	5dc6196f8970	5dc6195e2d30	40000	69	10000	40000
12.663797	8605e	1159	2f90	c	505d3	5dc619694730	121	9b5	7ffe4ac8e740	2b85	5dc6196e2d40	5dc6196f8970	5dc619562d30	60000	69	10000	60000
12.677209	8605e	28d	2f90	9	babea	5dc619694730	36	aef	7ffe4ac8e740	2b85	5dc6196e2d40	5dc6196f8970	5dc6193e2d30	c0000	69	10000	c0000
12.691352	8607f	15e59	2f90	10	47c6a	5dc619694730	111d	529	7ffe4ac8e740	2b85	5dc6196e2d40	5dc6196f8970	5dc6195a2d30	50000	69	10000	50000
12.703588	8605e	59	2f90	6	1005e5	5dc619694730	8	79d	7ffe4ac8e740	2b85	5dc6196e2d40	5dc6196f8970	5dc6192a2d30	110000	69	10000	110000
12.712844	8605e	26617	2f90	11	a8d26	5dc619694730	1c9a	663	7ffe4ac8e740	2b85	5dc6196e2d40	5dc6196f8970	5dc619422d30	b0000	69	10000	b0000
12.725203	8605e	1c5a3	2f90	10	1c0b3c	5dc619694730	15d1	a11	7ffe4ac8e740	2b85	5dc6196e2d40	5dc6196f8970	5dc618fa2d30	1d0000	69	10000	1d0000
12.735217	86072	28a57	2f90	11	1daac9	5dc619694730	1e28	a11	7ffe4ac8e740	2b85	5dc6196e2d40	5dc6196f8970	5dc618fa2d30	1d0000	69	10000	1d0000
12.743402	860b9	1111	f590	11	e8ac4	5dc619694730	2b85	274	7ffe4ac8e740	2b85	5dc6196e2d40	5dc6196f8970	5dc6193a2d30	0	f58c	10000	d0000
12.750286	8605e	3a2b	2f90	d	1a555f	5dc619694730	37b	f9	7ffe4ac8e740	2b85	5dc6196e2d40	5dc6196f8970	5dc619022d30	1b0000	69	10000	1b0000
12.764449	8605e	f1	2f90	7	bdd84	5dc619694730	12	aef	7ffe4ac8e740	2b85	5dc6196e2d40	5dc6196f8970	5dc6193e2d30	c0000	69	10000	c0000
12.774450	135472af3d20	20	711a7d61ac80	5dc6196534e0	0	18	711a7d61ac80	18	7ffe4ac8e540	7fffffffffffff00	24	98	f0ea5255c83e99f	18	20	2	3
12.785156	8607f	aa81	2f90	f	444e1	5dc619694730	907	529	7ffe4ac8e740	2b85	5dc6196e2d40	5dc6196f8970	5dc6195a2d30	50000	69	10000	50000
12.797838	8607f	59	2f90	6	ec1b0	5dc619694730	8	b8c	7ffe4ac8e740	2b85	5dc6196e2d40	5dc6196f8970	5dc619322d30	f0000	69	10000	f0000
12.808819	86046	2c9f	2f90	d	12172b	5dc619694730	2b8	c29	7ffe4ac8e740	2b85	5dc6196e2d40	5dc6196f8970	5dc619262d30	120000	69	10000	120000
12.816936	b580f	da650fae36942043	332b	0	2f65	fffffffffabeabeb	d1195722ad4ef3a6	7ffffffffabeabeb	7ffe4ac8e738	332b	5415414	0	a92d5ce27706b3f8	31c	1cd7	2ee6a8dd52b10c5a	2b85
12.830834	8605e	28f4f	2f90	11	17822b	5dc619694730	1e5b	5c	7ffe4ac8e740	2b85	5dc6196e2d40	5dc6196f8970	5dc6190e2d30	180000	69	10000	180000
12.844048	8605e	6899	2f90	e	962c2	5dc619694730	5c9	1d7	7ffe4ac8e740	2b85	5dc6196e2d40	5dc6196f8970	5dc619462d30	a0000	69	10000	a0000
12.855108	8607f	24b	2f90	9	11a8af	5dc619694730	2e	c29	7ffe4ac8e740	2b85	5dc6196e2d40	5dc6196f8970	5dc619262d30	120000	69	10000	120000
12.860367	8607f	2f51	2f90	d	120a2e	5dc619694730	2e5	3ae	7ffe4ac8e740	2b85	5dc6196e2d40	5dc6196f8970	5dc619222d30	130000	69	10000	130000
12.870920	8606e	1a8e1	2f90	10	18a196	5dc619694730	148b	5c	7ffe4ac8e740	2b85	5dc6196e2d40	5dc6196f8970	5dc6190e2d30	180000	69	10000	180000
12.884597	8605a	6fb5	2f90	e	b18ed	5dc619694730	624	aef	7ffe4ac8e740	2b85	5dc6196e2d40	5dc6196f8970	5dc6193e2d30	c0000	69	10000	c0000
12.893890	b580f	fee9bc45141df371	8675	0	65cd	fffffffffb7d9004	d95f3419df1dce72	7ffffffffb7d9004	7ffe4ac8e738	8675	4826ffb	0	a92d5ce27706b3f8	74b	4a4f	26a0cbe620e2318e	2b85
12.908815	135472bf0b24	5dc6196d6ef0	2f90	1550	be40	5dc6196ad620	5dc6196e17e0	44b	7ffe4ac8e738	5dc6196d6ef0	341c0	5dc6196f8970	5dc6191a2d30	160000	d070	10000	160000
12.920433	8607f	36635	2f90	11	16f700	5dc619694730	2714	8d7	7ffe4ac8e740	2b85	5dc6196e2d40	5dc6196f8970	5dc619122d30	170000	69	10000	170000
12.926916	8607f	1f	2f90	4	19230c	5dc619694730	5	974	7ffe4ac8e740	2b85	5dc6196e2d40	5dc6196f8970	5dc619062d30	1a0000	69	10000	1a0000
12.935649	8605e	1842b	2f90	10	906d2	5dc619694730	12d9	1d7	7ffe4ac8e740	2b85	5dc6196e2d40	5dc6196f8970	5dc619462d30	a0000	69	10000	a0000
12.945512	86046	25d93	2f90	11	a0209	5dc619694730	1c46	5c6	7ffe4ac8e740	2b85	5dc6196e2d40	5dc6196f8970	5dc6194e2d30	80000	69	10000	80000
12.955438	8607f	2f731	2f90	11	67e8e	5dc619694730	228e	13a	7ffe4ac8e740	2b85	5dc6196e2d40	5dc6196f8970	5dc619522d30	70000	69	10000	70000
12.968116	8607f	ad9	2f90	b	e366a	5dc619694730	c1	b8c	7ffe4ac8e740	2b85	5dc6196e2d40	5dc6196f8970	5dc619322d30	f0000	69	10000	f0000
12.980379	135472bf0b24	5dc6196bce10	6838	9170	1a0e0	5dc6196b3ca0	5dc6196cdd80	a11	7ffe4ac8e738	5dc6196bce10	1a0e0	5dc6196f8970	5dc618fe2d30	1d0000	6838	10000	1d0000
12.989453	8605a	1ed3f	2f90	10	13be89	5dc619694730	178e	83a	7ffe4ac8e740	2b85	5dc6196e2d40	5dc6196f8970	5dc6191e2d30	140000	69	10000	140000
12.996555	855f2	fffffffffffffbba	5461	5461	ffffffffffffcac5	1be7	4c9	8000000000089f3f	7ffe4ac8e740	5461	0	1525ab9c	a92d5ce27706b3f8	4c9	84e	1d44822186b8176a	2b85
13.002105	b57f5	ad80f8ded8510ecc	363c7	0	101cb	1f7fb2e	aa1c2bd4ac20665f	8000000001f7fb2e	7ffe4ac8e738	363c7	0	1525ab9c	a92d5ce27706b3f8	2701	3143f	aa1c2bd4ac20665f	2b85
13.012755	b58c4	839f	5dc60aa65830	0	139dd	0	d0dec0c0	b920	7ffe4ac8e738	1963d	5dc6197129d0	77	711a7d61ace0	13a4	3	1963d	120d6
13.026681	86066	11b55	2f90	10	e1845	5dc619694730	e0d	274	7ffe4ac8e740	2b85	5dc6196e2d40	5dc6196f8970	5dc6193a2d30	d0000	69	10000	d0000
13.035494	8607f	2263	2f90	d	28742	5dc619694730	229	918	7ffe4ac8e740	2b85	5dc6196e2d40	5dc6196f8970	5dc619622d30	30000	69	10000	30000
13.043294	860b9	1111	ad50	11	18127b	5dc619694730	2b85	cc6	7ffe4ac8e740	2b85	5dc6196e2d40	5dc6196f8970	5dc6191a2d30	0	ad4c	10000	150000
13.058064	8605e	36887	2f90	11	14b292	5dc619694730	2732	cc6	7ffe4ac8e740	2b85	5dc6196e2d40	5dc6196f8970	5dc6191a2d30	150000	69	10000	150000
13.067131	8607f	133	2f90	8	e22bc	5dc619694730	16	b8c	7ffe4ac8e740	2b85	5dc6196e2d40	5dc6196f8970	5dc619322d30	f0000	69	10000	f0000
13.072776	86007	e593	2f90	f	1174d2	5dc619694730	bb8	79d	7ffe4ac8e740	2b85	5dc6196e2d40	5dc6196f8970	5dc6192a2d30	110000	69	10000	110000
13.084310	860e7	5dc6196a2d30	fdc0	11	1c1ca2	5dc619694730	2b85	585	7ffe4ac8e740	2b85	5dc6196e2d40	5dc6196f8970	5dc618fe2d30	0	fdbc	10000	1c0000
13.098486	135472bf0b24	5dc6196d6ef0	2f90	4130	be40	5dc6196aaa40	5dc6196dec00	8d7	7ffe4ac8e738	5dc6196d6ef0	341c0	5dc6196f8970	5dc619162d30	170000	d070	10000	170000
13.110349	135472af58cc	5dc61a0050f0	711a7d61ac80	5dc619653	0	5dc61962f010	7	5dc619653430	7ffe4ac8e5e0	5dc61a0050f0	5dc61a0050f0	7	f0ea5255c83e99f	80	5dc619653420	90	50
13.116165	8605e	1e2bf	2f90	10	52c4e	5dc619694730	1716	9b5	7ffe4ac8e740	2b85	5dc6196e2d40	5dc6196f8970	5dc619562d30	60000	69	10000	60000
13.122130	8607f	20699	2f90	11	dc696	5dc619694730	189b	700	7ffe4ac8e740	2b85	5dc6196e2d40	5dc6196f8970	5dc619362d30	e0000	69	10000	e0000
13.134632	b57f5	12685984b70c7234	9881	0	11ee	9f94ab5	3bbbe88fa1147e22	8000000009f94ab5	7ffe4ac8e738	9881	0	1632902e	b1948173f9498e2e	820	3418	3bbbe88fa1147e22	2b85
13.140380	86055	2c807	2f90	11	1c310	5dc619694730	2098	d07	7ffe4ac8e740	2b85	5dc6196e2d40	5dc6196f8970	5dc6196a2d30	10000	69	10000	10000
13.151563	8607f	4a3	2f90	a	98596	5dc619694730	61	1d7	7ffe4ac8e740	2b85	5dc6196e2d40	5dc6196f8970	5dc619462d30	a0000	69	10000	a0000
13.161620	8605e	15b69	2f90	10	b7fdb	5dc619694730	10f5	aef	7ffe4ac8e740	2b85	5dc6196e2d40	5dc6196f8970	5dc6193e2d30	c0000	69	10000	c0000
13.173092	8607f	3a991	2f90	11	15d46a	5dc619694730	29dd	44b	7ffe4ac8e740	2b85	5dc6196e2d40	5dc6196f8970	5dc619162d30	160000	69	10000	160000
13.187727	8607f	1f	2f90	4	14ad5a	5dc619694730	5	cc6	7ffe4ac8e740	2b85	5dc6196e2d40	5dc6196f8970	5dc6191a2d30	150000	69	10000	150000
13.194560	85656	ffffffffffffc759	11b21	11b21	ffffffffffffc9f8	cc5b	e0b	7fffffffffff7092	7ffe4ac8e740	11b21	0	0	b1948173f9498e2e	e0b	5dc6196386d0	c9854166b49020b0	2b85
13.204499	b580f	60963649697a2bcf	b9ef	0	91b8	fffffffff4ea0f4c	b977bbc2c2b80ef9	7ffffffff4ea0f4c	7ffe4ac8e738	b9ef	b15f0b3	1632902e	b1948173f9498e2e	9bc	1963	4688443d3d47f107	2b85
13.214478	855ff	0	28bd	28bd	1e7d	2e	286	8000000009264228	7ffe4ac8e740	28bd	0	1632902e	b1948173f9498e2e	286	6ac	ba4642056fc95b38	2b85
13.225690	8603a	2b85	2f90	10	5e1ee	5dc619694730	12be	529	7ffe4ac8e740	2b85	5dc6196e2d40	5dc6196f8970	5dc6195a2d30	50000	69	10000	50000
13.233144	8607f	25a63	2f90	11	16d60a	5dc619694730	1c26	8d7	7ffe4ac8e740	2b85	5dc6196e2d40	5dc6196f8970	5dc619122d30	170000	69	10000	170000
13.245396	860e7	5dc6196a2d30	a404	11	4577f	5dc619694730	2b85	48c	7ffe4ac8e740	2b85	5dc6196e2d40	5dc6196f8970	5dc619662d30	0	a400	10000	20000
13.260535	8607f	9d	2f90	7	39ba5	5dc619694730	d	9d	7ffe4ac8e740	2b85	5dc6196e2d40	5dc6196f8970	5dc6195e2d30	40000	69	10000	40000
13.266949	8605e	10e65	2f90	10	d7948	5dc619694730	d79	700	7ffe4ac8e740	2b85	5dc6196e2d40	5dc6196f8970	5dc619362d30	e0000	69	10000	e0000
13.275504	8607f	273d3	2f90	11	1ef017	5dc619694730	1d3c	622	7ffe4ac8e740	2b85	5dc6196e2d40	5dc6196f8970	5dc618f22d30	1f0000	69	10000	1f0000
13.290543	8605e	907	2f90	b	1d40dc	5dc619694730	a7	196	7ffe4ac8e740	2b85	5dc6196e2d40	5dc6196f8970	5dc618f62d30	1e0000	69	10000	1e0000
13.302154	86020	5dc61983dba0	2f90	d	81405	5dc619694730	370	5c6	7ffe4ac8e740	2b85	5dc6196e2d40	5dc6196f8970	5dc6194e2d30	80000	69	10000	80000
13.315431	860c9	abe8	abe4	11	2298c4	5dc619694730	2b85	622	7ffe4ac8e740	2b85	5dc6196e2d40	5dc6196f8970	5dc618f22d30	0	abe4	10000	1f0000
13.329919	8607f	59	2f90	6	1cda09	5dc619694730	8	a11	7ffe4ac8e740	2b85	5dc6196e2d40	5dc6196f8970	5dc618fa2d30	1d0000	69	10000	1d0000
13.339627	860bd	1d34	1d30	11	98db7	5dc619694730	2b85	13a	7ffe4ac8e740	2b85	5dc6196e2d40	5dc6196f8970	5dc619522d30	0	1d2c	10000	70000
13.351105	8605a	2f3e3	2f90	11	115a99	5dc619694730	226b	c29	7ffe4ac8e740	2b85	5dc6196e2d40	5dc6196f8970	5dc619262d30	120000	69	10000	120000
13.366034	8605e	20381	2f90	11	f5c4c	5dc619694730	1879	311	7ffe4ac8e740	2b85	5dc6196e2d40	5dc6196f8970	5dc6192e2d30	100000	69	10000	100000
13.371503	8605e	16325	2f90	10	11d8fd	5dc619694730	1157	c29	7ffe4ac8e740	2b85	5dc6196e2d40	5dc6196f8970	5dc619262d30	120000	69	10000	120000
13.378261	86046	1bd25	2f90	10	1f014c	5dc619694730	1577	196	7ffe4ac8e740	2b85	5dc6196e2d40	5dc6196f8970	5dc618f62d30	1e0000	69	10000	1e0000
13.388296	860b9	1111	59dc	11	1f2544	5dc619694730	2b85	622	7ffe4ac8e740	2b85	5dc6196e2d40	5dc6196f8970	5dc618f22d30	0	59d8	10000	1f0000
13.393806	855f2	ffffffffffffd741	19f21	19f21	fffffffffffe9eef	12b37	140d	7ffffffffd619356	7ffe4ac8e740	19f21	0	0	a88dabc6e4f8cc03	140d	ecc0	b121ebfc4e4d8a87	2b85
13.399262	135472bf0b24	5dc6196bce10	6838	72b0	1a0e0	5dc6196b5b60	5dc6196cfc40	48c	7ffe4ac8e738	5dc6196bce10	1a0e0	5dc6196f8970	5dc6196a2d30	20000	6838	10000	20000
13.405030	8607f	175	2f90	8	61cee	5dc619694730	1d	13a	7ffe4ac8e740	2b85	5dc6196e2d40	5dc6196f8970	5dc619522d30	70000	69	10000	70000
13.414854	8607f	2654f	2f90	11	2064e	5dc619694730	1c92	918	7ffe4ac8e740	2b85	5dc6196e2d40	5dc6196f8970	5dc619622d30	30000	69	10000	30000
13.423314	8605e	1f	2f90	4	1decea	5dc619694730	5	196	7ffe4ac8e740	2b85	341c0	5dc6196f8970	5dc618f62d30	1e0000	69	10000	1e0000
13.428581	860c9	a6cc	a6c8	11	21641c	5dc619694730	2b85	622	7ffe4ac8e740	2b85	5dc6196e2d40	5dc6196f8970	5dc618f22d30	0	a6c8	10000	1f0000
13.434126	85656	ffffffffffffceb0	212db	212db	fffffffffffe7270	1d4a9	1924	8000000005c7efb8	7ffe4ac8e740	212db	0	0	a88dabc6e4f8cc03	1924	5dc6196386d0	adb2d609a2351117	2b85
13.444459	135472bf0b24	5dc6196afda0	341c	cfe0	d070	5dc6196a2dc0	5dc6196afe30	48c	7ffe4ac8e738	5dc6196afda0	d070	5dc6196f8970	5dc6196a2d30	20000	341c	10000	20000
13.451890	8605e	2077d	2f90	11	10f4f0	5dc619694730	18a4	79d	7ffe4ac8e740	2b85	5dc6196e2d40	5dc6196f8970	5dc6192a2d30	110000	69	10000	110000
13.465033	8606e	3b8b1	2f90	11	6f455	5dc619694730	2a7d	529	7ffe4ac8e740	2b85	5dc6196e2d40	5dc6196f8970	5dc6195a2d30	50000	69	10000	50000
13.471406	86072	31117	2f90	11	f1907	5dc619694730	2394	b8c	7ffe4ac8e740	2b85	5dc6196e2d40	5dc6196f8970	5dc619322d30	f0000	69	10000	f0000
13.485781	8605e	6d	2f90	6	b65ad	5dc619694730	a	aef	7ffe4ac8e740	2b85	5dc6196e2d40	5dc6196f8970	5dc6193e2d30	c0000	69	10000	c0000
13.497508	8607f	727	2f90	a	190712	5dc619694730	89	974	7ffe4ac8e740	2b85	5dc6196e2d40	5dc6196f8970	5dc619062d30	1a0000	69	10000	1a0000
13.511575	86082	419	2f90	a	10fda8	5dc619694730	55	79d	7ffe4ac8e740	2b85	5dc6196e2d40	5dc6196f8970	5dc6192a2d30	110000	69	10000	110000
13.526437	8605e	2a1	2f90	9	f471c	5dc619694730	38	311	7ffe4ac8e740	2b85	5dc6196e2d40	5dc6196f8970	5dc6192e2d30	100000	69	10000	100000
13.531980	8605a	a7	2f90	7	13c8ce	5dc619694730	e	83a	7ffe4ac8e740	2b85	5dc6196e2d40	5dc6196f8970	5dc6191e2d30	140000	69	10000	140000
13.544934	8605e	738d	2f90	e	386a7	5dc619694730	663	9d	7ffe4ac8e740	2b85	5dc6196e2d40	5dc6196f8970	5dc6195e2d30	40000	69	10000	40000
13.556259	8605e	25	2f90	5	d4edc	5dc619694730	6	700	7ffe4ac8e740	2b85	5dc6196e2d40	5dc6196f8970	5dc619362d30	e0000	69	10000	e0000
13.564282	135472bf0b24	5dc6196e2d40	15c28	f468	15c28	5dc619844360	5dc6196e9500	5dc61af1ad80	7ffe4ac8e738	5dc6196e2d40	ffffffffffea51a0	5dc6197a3f10	f0ea5255c83e99f	2b85	84	711a7d5a0880	84
13.573580	8607f	6d	2f90	6	1f3aa9	5dc619694730	a	aae	7ffe4ac8e740	2b85	5dc6196e2d40	5dc6196f8970	5dc618ee2d30	200000	69	10000	200000
13.583155	8605e	563f	2f90	e	1c70bf	5dc619694730	4de	a11	7ffe4ac8e740	2b85	5dc6196e2d40	5dc6196f8970	5dc618fa2d30	1d0000	69	10000	1d0000
13.597325	86072	35cad	2f90	11	17ec14	5dc619694730	26b9	cc6	7ffe4ac8e740	2b85	5dc6196e2d40	5dc6196f8970	5dc6191a2d30	150000	69	10000	150000
13.608109	8605a	2dd27	2f90	11	18630c	5dc619694730	2183	4e8	7ffe4ac8e740	2b85	5dc6196e2d40	5dc6196f8970	5dc6190a2d30	190000	69	10000	190000
13.614980	8607b	685	2f90	a	2bb7c	5dc619694730	7e	918	7ffe4ac8e740	2b85	5dc6196e2d40	5dc6196f8970	5dc619622d30	30000	69	10000	30000
13.623330	8607f	f0d	2f90	b	1871f5	5dc619694730	fd	4e8	7ffe4ac8e740	2b85	5dc6196e2d40	5dc6196f8970	5dc6190a2d30	190000	69	10000	190000
13.631820	8607f	38cfb	2f90	11	b4990	5dc619694730	28c1	aef	7ffe4ac8e740	2b85	5dc6196e2d40	5dc6196f8970	5dc6193e2d30	c0000	69	10000	c0000
13.641328	860bd	1414	1410	11	beda2	5dc619694730	2b85	a52	7ffe4ac8e740	2b85	5dc6196e2d40	5dc6196f8970	5dc6194a2d30	0	140c	10000	90000
13.648823	8605e	4cd	2f90	a	1bf5ec	5dc619694730	63	585	7ffe4ac8e740	2b85	5dc6196e2d40	5dc6196f8970	5dc618fe2d30	1c0000	69	10000	1c0000
13.659983	b58c1	1b3c400	5dc60aa65830	0	0	0	1b3c400	870d	7ffe4ac8e738	c25d	5dc6197129d0	77	711a7d61ace0	a23	3	c25d	14e0
13.674010	8605e	9535	2f90	f	a05bf	5dc619694730	801	663	7ffe4ac8e740	2b85	5dc6196e2d40	5dc6196f8970	5dc619422d30	b0000	69	10000	b0000
13.681021	8605e	8f4b	2f90	f	169ec0	5dc619694730	7b7	8d7	7ffe4ac8e740	2b85	5dc6196e2d40	5dc6196f8970	5dc619122d30	170000	69	10000	170000
13.686629	86ac9	2b85	5dc6196397b0	4451	15e32	0	0	5dc61a4638f0	7ffe4ac8e740	26a23	1cc9	5dc6196545d0	f0ea5255c83e99f	5dc60aa6b088	5dc61983dba0	2b85	7ffe4ac8e7f0
13.695452	8605e	30941	2f90	11	11b589	5dc619694730	2347	c29	7ffe4ac8e740	2b85	5dc6196e2d40	5dc6196f8970	5dc619262d30	120000	69	10000	120000
13.703877	8607f	7669	2f90	e	6c8db	5dc619694730	67c	13a	7ffe4ac8e740	2b85	5dc6196e2d40	5dc6196f8970	5dc619522d30	70000	69	10000	70000
13.714934	8605e	59	2f90	6	9bebc	5dc619694730	8	1d7	7ffe4ac8e740	2b85	5dc6196e2d40	5dc6196f8970	5dc619462d30	a0000	69	10000	a0000
13.729151	8605e	4a3	2f90	a	2ffc1	5dc619694730	61	918	7ffe4ac8e740	2b85	5dc6196e2d40	5dc6196f8970	5dc619622d30	30000	69	10000	30000
13.739662	8605e	395e1	2f90	11	490f3	5dc619694730	2918	529	7ffe4ac8e740	2b85	5dc6196e2d40	5dc6196f8970	5dc6195a2d30	50000	69	10000	50000
13.749942	8605e	237c5	2f90	11	4a608	5dc619694730	1abe	529	7ffe4ac8e740	2b85	5dc6196e2d40	5dc6196f8970	5dc6195a2d30	50000	69	10000	50000
13.764815	8605e	28d09	2f90	11	254e7	5dc619694730	1e48	918	7ffe4ac8e740	2b85	5dc6196e2d40	5dc6196f8970	5dc619622d30	30000	69	10000	30000
13.779400	85709	7	248ff	0	fd79	5dc61983dba0	1b69	800000000226bb43	7ffe4ac8e740	248ff	0	164a0c1b	b25060dfb42cbd30	1b69	5dc6196386d0	e6cb7ccf026c910e	2b85
13.785776	8607f	347	2f90	9	724a7	5dc619694730	43	5c6	7ffe4ac8e740	2b85	5dc6196e2d40	5dc6196f8970	5dc6194e2d30	80000	69	10000	80000
13.796359	8607f	20dbb	2f90	11	a8543	5dc619694730	18e7	663	7ffe4ac8e740	2b85	5dc6196e2d40	5dc6196f8970	5dc619422d30	b0000	69	10000	b0000
13.811452	8601e	5dc61983dba0	2f90	11	ae272	5dc619694730	1e8c	1d7	7ffe4ac8e740	2b85	5dc6196e2d40	5dc6196f8970	5dc619462d30	a0000	69	10000	a0000
13.824316	8607f	12b9	2f90	c	1e8b99	5dc619694730	139	622	7ffe4ac8e740	2b85	5dc6196e2d40	5dc6196f8970	5dc618f22d30	1f0000	69	10000	1f0000
13.839099	8607f	580d	2f90	e	1b6104	5dc619694730	4f8	585	7ffe4ac8e740	2b85	5dc6196e2d40	5dc6196f8970	5dc618fe2d30	1c0000	69	10000	1c0000
13.844773	8607f	c25	2f90	b	1f402f	5dc619694730	d6	aae	7ffe4ac8e740	2b85	5dc6196e2d40	5dc6196f8970	5dc618ee2d30	200000	69	10000	200000
13.850338	b57ef	1cd	2a301	0	8f0	4bf91bd	23807ca9ae88abfe	8000000004bf91bd	7ffe4ac8e738	2a301	0	164a0c1b	b25060dfb42cbd30	1f1d	13b5b	23807ca9ae88abfe	2b85
13.862473	86046	1e39b	2f90	10	cd243	5dc619694730	171e	663	7ffe4ac8e740	2b85	5dc6196e2d40	5dc6196f8970	5dc619422d30	b0000	69	10000	b0000
13.876555	86072	9ba7	2f90	f	209c1	5dc619694730	84b	48c	7ffe4ac8e740	2b85	5dc6196e2d40	5dc6196f8970	5dc619662d30	20000	69	10000	20000
13.887638	8607f	259	2f90	9	6c83a	5dc619694730	30	13a	7ffe4ac8e740	2b85	5dc6196e2d40	5dc6196f8970	5dc619522d30	70000	69	10000	70000
13.900171	8607f	3af6d	2f90	11	1107e5	5dc619694730	2a1f	c29	7ffe4ac8e740	2b85	5dc6196e2d40	5dc6196f8970	5dc619262d30	120000	69	10000	120000
13.913857	860e7	5dc6196a2d30	858c	11	73d18	5dc619694730	2b85	529	7ffe4ac8e740	2b85	5dc6196e2d40	5dc6196f8970	5dc6195a2d30	0	8588	10000	50000
13.924613	860b9	1111	6aa4	11	8e822	5dc619694730	2b85	5c6	7ffe4ac8e740	2b85	5dc6196e2d40	5dc6196f8970	5dc6194e2d30	0	6aa0	10000	80000
13.939178	8607b	2d871	2f90	11	29051	5dc619694730	214e	918	7ffe4ac8e740	2b85	5dc6196e2d40	5dc6196f8970	5dc619622d30	30000	69	10000	30000
13.944613	8605e	14b	2f90	8	301b5	5dc619694730	19	9d	7ffe4ac8e740	2b85	5dc6196e2d40	5dc6196f8970	5dc6195e2d30	40000	69	10000	40000
13.959772	8565c	258	3ce5f	3ce5f	d332	27634	2b6b	800000000324fc93	7ffe4ac8e740	3ce5f	0	164a0c1b	b25060dfb42cbd30	2b6b	5dc6196386d0	381bdfe27e0252ee	2b85
13.971309	8605e	94d	2f90	b	c3d35	5dc619694730	ab	274	7ffe4ac8e740	2b85	5dc6196e2d40	5dc6196f8970	5dc6193a2d30	d0000	69	10000	d0000
13.983438	8607f	4bb5	2f90	e	174a40	5dc619694730	44e	5c	7ffe4ac8e740	2b85	5dc6196e2d40	5dc6196f8970	5dc6190e2d30	180000	69	10000	180000
13.995387	860e3	5dc6196a2d30	de74	11	14b2a3	5dc619694730	2b85	c29	7ffe4ac8e740	2b85	5dc6196e2d40	5dc6196f8970	5dc619262d30	0	de70	10000	120000
14.004942	8607b	1f	2f90	4	c6f27	5dc619694730	5	274	7ffe4ac8e740	2b85	5dc6196e2d40	5dc6196f8970	5dc6193a2d30	d0000	69	10000	d0000
14.014101	8605a	30ea5	2f90	11	105b3	5dc619694730	2379	48c	7ffe4ac8e740	2b85	5dc6196e2d40	5dc6196f8970	5dc619662d30	20000	69	10000	20000
14.025508	8605e	3aea9	2f90	11	ac467	5dc619694730	2a17	663	7ffe4ac8e740	2b85	5dc6196e2d40	5dc6196f8970	5dc619422d30	b0000	69	10000	b0000
14.037591	8605e	f107	2f90	f	19d9a2	5dc619694730	c3d	974	7ffe4ac8e740	2b85	5dc6196e2d40	5dc6196f8970	5dc619062d30	1a0000	69	10000	1a0000
14.045800	8605e	143d7	2f90	10	cf660	5dc619694730	fe0	274	7ffe4ac8e740	2b85	5dc6196e2d40	5dc6196f8970	5dc6193a2d30	d0000	69	10000	d0000
14.052024	8605e	2d941	2f90	11	13b70c	5dc619694730	215a	83a	7ffe4ac8e740	2b85	5dc6196e2d40	5dc6196f8970	5dc6191e2d30	140000	69	10000	140000
14.060150	8605e	1b5d7	2f90	10	556a3	5dc619694730	1529	9b5	7ffe4ac8e740	2b85	5dc6196e2d40	5dc6196f8970	5dc619562d30	60000	69	10000	60000
14.065849	8607f	32a95	2f90	11	8e5e6	5dc619694730	2498	a52	7ffe4ac8e740	2b85	5dc6196e2d40	5dc6196f8970	5dc6194a2d30	90000	69	10000	90000
14.075210	86020	5dc61983dba0	2f90	11	40420	5dc619694730	1921	9d	7ffe4ac8e740	2b85	5dc6196e2d40	5dc6196f8970	5dc6195e2d30	40000	69	10000	40000
14.084596	8605e	3119f	2f90	11	1f3419	5dc619694730	2399	aae	7ffe4ac8e740	2b85	5dc6196e2d40	5dc6196f8970	5dc618ee2d30	200000	69	10000	200000
14.099057	8607f	ecad	2f90	f	1aef19	5dc619694730	c09	f9	7ffe4ac8e740	2b85	5dc6196e2d40	5dc6196f8970	5dc619022d30	1b0000	69	10000	1b0000
14.106286	8607f	65	2f90	6	5071c	5dc619694730	9	9b5	7ffe4ac8e740	2b85	5dc6196e2d40	5dc6196f8970	5dc619562d30	60000	69	10000	60000
14.117798	8605e	1f9ed	2f90	10	e9092	5dc619694730	1811	b8c	7ffe4ac8e740	2b85	5dc6196e2d40	5dc6196f8970	5dc619322d30	f0000	69	10000	f0000
14.127024	8607f	25	2f90	5	b47c1	5dc619694730	6	aef	7ffe4ac8e740	2b85	5dc6196e2d40	5dc6196f8970	5dc6193e2d30	c0000	69	10000	c0000
14.140030	85656	fffffffffffff0aa	1a281	1a281	fffffffffffe9a86	15b36	1442	800000000a167a83	7ffe4ac8e740	1a281	0	150271b8	a8138dc0deb1ed75	1442	5dc6196386d0	406861b9c437bca	2b85
14.152775	8603a	2b85	2f90	11	147b26	5dc619694730	1cdf	3ae	7ffe4ac8e740	2b85	5dc6196e2d40	5dc6196f8970	5dc619222d30	130000	69	10000	130000
14.166909	8605e	1d21	2f90	c	df700	5dc619694730	1d9	700	7ffe4ac8e740	2b85	5dc6196e2d40	5dc6196f8970	5dc619362d30	e0000	69	10000	e0000
14.172474	86007	20ba5	2f90	11	125b2d	5dc619694730	18ce	c29	7ffe4ac8e740	2b85	5dc6196e2d40	5dc6196f8970	5dc619262d30	120000	69	10000	120000
14.181131	8605e	1ce01	2f90	10	9bb45	5dc619694730	162e	1d7	7ffe4ac8e740	2b85	5dc6196e2d40	5dc6196f8970	5dc619462d30	a0000	69	10000	a0000
14.188661	8605e	1f	2f90	4	1c7f0c	5dc619694730	5	a11	7ffe4ac8e740	2b85	341c0	5dc6196f8970	5dc618fa2d30	1d0000	69	10000	1d0000
14.197442	860bd	3894	3890	11	15185a	5dc619694730	2b85	c29	7ffe4ac8e740	2b85	5dc6196e2d40	5dc6196f8970	5dc619262d30	0	388c	10000	120000
14.202627	8607b	6d	2f90	6	13c0b6	5dc619694730	a	83a	7ffe4ac8e740	2b85	5dc6196e2d40	5dc6196f8970	5dc6191e2d30	140000	69	10000	140000
14.214961	8605e	6d	2f90	6	18a3e	5dc619694730	a	48c	7ffe4ac8e740	2b85	5dc6196e2d40	5dc6196f8970	5dc619662d30	20000	69	10000	20000
14.221680	8607f	14cb	2f90	c	e4683	5dc619694730	155	b8c	7ffe4ac8e740	2b85	5dc6196e2d40	5dc6196f8970	5dc619322d30	f0000	69	10000	f0000
14.233609	8607f	25	2f90	5	1e4c50	5dc619694730	6	622	7ffe4ac8e740	2b85	5dc6196e2d40	5dc6196f8970	5dc618f22d30	1f0000	69	10000	1f0000
14.242963	8607f	1f	2f90	4	1a85c8	5dc619694730	5	f9	7ffe4ac8e740	2b85	5dc6196e2d40	5dc6196f8970	5dc619022d30	1b0000	69	10000	1b0000
14.257040	8605e	1131d	2f90	10	15d543	5dc619694730	da9	44b	7ffe4ac8e740	2b85	5dc6196e2d40	5dc6196f8970	5dc619162d30	160000	69	10000	160000
14.262387	86046	7d8d	2f90	e	141d01	5dc619694730	6d7	83a	7ffe4ac8e740	2b85	5dc6196e2d40	5dc6196f8970	5dc6191e2d30	140000	69	10000	140000
14.273117	8605e	3a9	2f90	9	1a0845	5dc619694730	4a	f9	7ffe4ac8e740	2b85	5dc6196e2d40	5dc6196f8970	5dc619022d30	1b0000	69	10000	1b0000
14.287476	8606e	6553	2f90	e	170460	5dc619694730	59c	8d7	7ffe4ac8e740	2b85	5dc6196e2d40	5dc6196f8970	5dc619122d30	170000	69	10000	170000
14.296980	8605e	18721	2f90	10	117c1f	5dc619694730	12f5	c29	7ffe4ac8e740	2b85	5dc6196e2d40	5dc6196f8970	5dc619262d30	120000	69	10000	120000
14.306848	135472bf0b24	5dc6196bce10	6838	1030	1a0e0	5dc6196bbde0	5dc6196d5ec0	79d	7ffe4ac8e738	5dc6196bce10	1a0e0	5dc6196f8970	5dc6192e2d30	110000	6838	10000	110000
14.313253	86007	162a3	2f90	10	1cacaa	5dc619694730	114d	585	7ffe4ac8e740	2b85	5dc6196e2d40	5dc6196f8970	5dc618fe2d30	1c0000	69	10000	1c0000
14.320074	8605a	97	2f90	7	16dcfc	5dc619694730	c	8d7	7ffe4ac8e740	2b85	5dc6196e2d40	5dc6196f8970	5dc619122d30	170000	69	10000	170000
14.331693	85589	f551142744eee4ff	d081	0	acbc	c86077	7551142744eee4f9	8000000000c86077	7ffe4ac8e740	d06f	0	1655ca12	b2ae5095919e54b1	ac5	c505	7551142744eee4f9	2b85
14.341663	856b9	12	e5a5	0	9788	5dc61983dba0	bba	7ffffffffb7790f6	7ffe4ac8e740	e5a5	0	0	b2ae5095919e54b1	bba	5dc6196386d0	b0c286304f8cf559	2b85
14.350865	86082	1d9f	2f90	c	1d1c0c	5dc619694730	1e0	a11	7ffe4ac8e740	2b85	5dc6196e2d40	5dc6196f8970	5dc618fa2d30	1d0000	69	10000	1d0000
14.359177	86051	89f	2f90	b	5dc6196e2d40	5dc619694730	a1	79d	7ffe4ac8e740	2b85	5dc6196e2d40	5dc6196f8970	5dc6192a2d30	110000	69	10000	110000
14.368657	135472bf0b24	5dc6196bce10	6838	10470	1a0e0	5dc6196ac9a0	5dc6196c6a80	700	7ffe4ac8e738	5dc6196bce10	1a0e0	5dc6196f8970	5dc6193a2d30	e0000	6838	10000	e0000
14.379437	860bd	3d3c	3d38	11	14b78f	5dc619694730	2b85	83a	7ffe4ac8e740	2b85	5dc6196e2d40	5dc6196f8970	5dc6191e2d30	0	3d34	10000	140000
14.391671	8605e	a543	2f90	f	1ad56	5dc619694730	8cb	48c	7ffe4ac8e740	2b85	5dc6196e2d40	5dc6196f8970	5dc619662d30	20000	69	10000	20000
14.398235	8605e	43	2f90	6	de528	5dc619694730	7	700	7ffe4ac8e740	2b85	5dc6196e2d40	5dc6196f8970	5dc619362d30	e0000	69	10000	e0000
14.410108	8607f	6e29	2f90	e	1ae643	5dc619694730	614	f9	7ffe4ac8e740	2b85	5dc6196e2d40	5dc6196f8970	5dc619022d30	1b0000	69	10000	1b0000
14.420017	8605e	2027	2f90	d	1adf58	5dc619694730	205	f9	7ffe4ac8e740	2b85	5dc6196e2d40	5dc6196f8970	5dc619022d30	1b0000	69	10000	1b0000
14.435166	860bd	55b0	55ac	11	1e0002	5dc619694730	2b85	f9	7ffe4ac8e740	2b85	5dc6196e2d40	5dc6196f8970	5dc619022d30	0	55a8	10000	1b0000
14.442408	8607f	25	2f90	5	87a9b	5dc619694730	6	a52	7ffe4ac8e740	2b85	5dc6196e2d40	5dc6196f8970	5dc6194a2d30	90000	69	10000	90000
14.456865	8605e	173a7	2f90	10	70bb2	5dc619694730	1217	5c6	7ffe4ac8e740	2b85	5dc6196e2d40	5dc6196f8970	5dc6194e2d30	80000	69	10000	80000
14.469617	8605e	25	2f90	5	1cecf4	5dc619694730	6	a11	7ffe4ac8e740	2b85	5dc6196e2d40	5dc6196f8970	5dc618fa2d30	1d0000	69	10000	1d0000
14.480061	8605e	89	2f90	7	1f27ce	5dc619694730	b	aae	7ffe4ac8e740	2b85	5dc6196e2d40	5dc6196f8970	5dc618ee2d30	200000	69	10000	200000
14.492167	8605e	65	2f90	6	cc230	5dc619694730	9	274	7ffe4ac8e740	2b85	5dc6196e2d40	5dc6196f8970	5dc6193a2d30	d0000	69	10000	d0000
14.506071	860e7	5dc6196a2d30	4910	11	6bada	5dc619694730	2b85	9b5	7ffe4ac8e740	2b85	5dc6196e2d40	5dc6196f8970	5dc619562d30	0	490c	10000	60000
14.515229	8605e	101	2f90	8	eba5	5dc619694730	13	d07	7ffe4ac8e740	2b85	5dc6196e2d40	5dc6196f8970	5dc6196a2d30	10000	69	10000	10000
14.527767	8607f	6c29	2f90	e	11df31	5dc619694730	5f6	c29	7ffe4ac8e740	2b85	5dc6196e2d40	5dc6196f8970	5dc619262d30	120000	69	10000	120000
14.534627	8607f	2605d	2f90	11	1e4f97	5dc619694730	1c66	622	7ffe4ac8e740	2b85	5dc6196e2d40	5dc6196f8970	5dc618f22d30	1f0000	69	10000	1f0000
14.547582	86072	1aba9	2f90	10	b80dc	5dc619694730	14b5	1d7	7ffe4ac8e740	2b85	5dc6196e2d40	5dc6196f8970	5dc619462d30	a0000	69	10000	a0000
14.558438	8605e	1d473	2f90	10	d7081	5dc619694730	1672	700	7ffe4ac8e740	2b85	5dc6196e2d40	5dc6196f8970	5dc619362d30	e0000	69	10000	e0000
14.570279	8607f	25015	2f90	11	1bba5c	5dc619694730	1bbd	585	7ffe4ac8e740	2b85	5dc6196e2d40	5dc6196f8970	5dc618fe2d30	1c0000	69	10000	1c0000
14.575950	85709	86	1e95	0	291	5dc61983dba0	1ed	7ffffffffd4aec35	7ffe4ac8e740	1e95	0	0	b2ae5095919e54b1	1ed	5dc6196386d0	2dc4b1df9677efb9	2b85
14.588518	8605e	3ff1	2f90	d	eadad	5dc619694730	3c6	b8c	7ffe4ac8e740	2b85	5dc6196e2d40	5dc6196f8970	5dc619322d30	f0000	69	10000	f0000
14.601770	8605e	a7	2f90	7	1fff2	5dc619694730	e	48c	7ffe4ac8e740	2b85	5dc6196e2d40	5dc6196f8970	5dc619662d30	20000	69	10000	20000
14.613290	8605e	1032b	2f90	10	b88dc	5dc619694730	cfc	aef	7ffe4ac8e740	2b85	5dc6196e2d40	5dc6196f8970	5dc6193e2d30	c0000	69	10000	c0000
14.622900	8605e	18095	2f90	10	7d46a	5dc619694730	12af	5c6	7ffe4ac8e740	2b85	5dc6196e2d40	5dc6196f8970	5dc6194e2d30	80000	69	10000	80000
14.633451	8605e	2d4d5	2f90	11	99050	5dc619694730	2128	1d7	7ffe4ac8e740	2b85	5dc6196e2d40	5dc6196f8970	5dc619462d30	a0000	69	10000	a0000
14.647101	8605e	3ce9b	2f90	11	111637	5dc619694730	2b6d	c29	7ffe4ac8e740	2b85	5dc6196e2d40	5dc6196f8970	5dc619262d30	120000	69	10000	120000
14.661580	8605e	527	2f90	a	d6327	5dc619694730	69	700	7ffe4ac8e740	2b85	5dc6196e2d40	5dc6196f8970	5dc619362d30	e0000	69	10000	e0000
14.667142	8605e	51b	2f90	a	bed5c	5dc619694730	68	aef	7ffe4ac8e740	2b85	5dc6196e2d40	5dc6196f8970	5dc6193e2d30	c0000	69	10000	c0000
14.676646	86aad	2b85	5dc6196397b0	272a0	6e1af	35c83	2	5dc61b40a330	7ffe4ac8e740	35c09	26b6	5dc619638510	f0ea5255c83e99f	5dc60aa6b088	5dc61983dba0	2b85	7ffe4ac8e7f0
14.690019	8605e	38ec9	2f90	11	1b0c40	5dc619694730	28d0	585	7ffe4ac8e740	2b85	5dc6196e2d40	5dc6196f8970	5dc618fe2d30	1c0000	69	10000	1c0000
14.695912	855be	ffffffffec1199d2	abc5	5dc619984750	ffffffffffffffff	9b61	916	7ffffffff9fe6ce9	7ffe4ac8e740	abc5	0	0	a800c43618ce68c2	916	34c3	73548706796152d0	2b85
14.701557	8565c	719f	231af	231af	17e68	57a0	1a7f	7ffffffff7f1686a	7ffe4ac8e740	231af	0	15001886	a800c43618ce68c2	1a7f	5dc6196386d0	f1f403303b51b4cf	2b85
14.715292	8607f	75a7	2f90	e	146a09	5dc619694730	676	cc6	7ffe4ac8e740	2b85	5dc6196e2d40	5dc6196f8970	5dc6191a2d30	150000	69	10000	150000
14.722298	8605e	259	2f90	9	1f4a14	5dc619694730	30	aae	7ffe4ac8e740	2b85	5dc6196e2d40	5dc6196f8970	5dc618ee2d30	200000	69	10000	200000
14.733969	8605e	97	2f90	7	54f88	5dc619694730	c	9b5	7ffe4ac8e740	2b85	5dc6196e2d40	5dc6196f8970	5dc619562d30	60000	69	10000	60000
14.744142	86072	27037	2f90	11	60460	5dc619694730	1d0e	529	7ffe4ac8e740	2b85	5dc6196e2d40	5dc6196f8970	5dc6195a2d30	50000	69	10000	50000
14.753374	b57f5	613af7d7cafbd7c0	1cc1b	0	17545	3612d7b	368fe47ef03e3685	8000000003612d7b	7ffe4ac8e738	1cc1b	0	15001886	a800c43618ce68c2	1617	18c22	368fe47ef03e3685	2b85
14.764173	8607f	e3b	2f90	b	25bf7	5dc619694730	f1	918	7ffe4ac8e740	2b85	5dc6196e2d40	5dc6196f8970	5dc619622d30	30000	69	10000	30000
14.778610	85577	7fffffffffc73fdb	11507	5dc6197129d0	62e7	5dc61983dba0	dc0	7fffffffff821542	7ffe4ac8e740	114df	0	0	a800c43618ce68c2	dc0	f458	6b1e05f5d9473bd9	2b85
14.786613	8605e	61f1	2f90	e	117ff2	5dc619694730	570	c29	7ffe4ac8e740	2b85	5dc6196e2d40	5dc6196f8970	5dc619262d30	120000	69	10000	120000
14.797665	8605e	34aab	2f90	11	18ef74	5dc619694730	25ee	4e8	7ffe4ac8e740	2b85	5dc6196e2d40	5dc6196f8970	5dc6190a2d30	190000	69	10000	190000
14.803705	8607b	1fdd5	2f90	10	1e39f0	5dc619694730	1839	622	7ffe4ac8e740	2b85	5dc6196e2d40	5dc6196f8970	5dc618f22d30	1f0000	69	10000	1f0000
14.813424	8605e	133	2f90	8	1bafc3	5dc619694730	16	585	7ffe4ac8e740	2b85	5dc6196e2d40	5dc6196f8970	5dc618fe2d30	1c0000	69	10000	1c0000
14.824503	85656	fffffffffffffced	1a605	1a605	fffffffffffed689	13380	146a	7ffffffffd12e261	7ffe4ac8e740	1a605	0	0	a800c43618ce68c2	146a	5dc6196386d0	8ce4121cfb06f227	2b85
14.838868	8605e	10f	2f90	8	1d2ebb	5dc619694730	14	196	7ffe4ac8e740	2b85	5dc6196e2d40	5dc6196f8970	5dc618f62d30	1e0000	69	10000	1e0000
14.845220	8605e	11b	2f90	8	46895	5dc619694730	15	529	7ffe4ac8e740	2b85	5dc6196e2d40	5dc6196f8970	5dc6195a2d30	50000	69	10000	50000
14.857325	86042	5dc619654710	2f90	e	132134	5dc619694730	41a	3ae	7ffe4ac8e740	2b85	5dc6196e2d40	5dc6196f8970	5dc619222d30	130000	69	10000	130000
14.866462	86042	5dc619654710	2f90	11	f6cc2	5dc619694730	29cb	274	7ffe4ac8e740	2b85	5dc6196e2d40	5dc6196f8970	5dc6193a2d30	d0000	69	10000	d0000
14.879755	8607f	2a5	2f90	9	6926	5dc619694730	39	d07	7ffe4ac8e740	2b85	5dc6196e2d40	5dc6196f8970	5dc6196a2d30	10000	69	10000	10000
14.890791	8605e	9395	2f90	f	73603	5dc619694730	7f3	5c6	7ffe4ac8e740	2b85	5dc6196e2d40	5dc6196f8970	5dc6194e2d30	80000	69	10000	80000
14.899454	85656	ffffffffffffffb2	1dda7	1dda7	ffffffffffff53be	b2d0	16e3	8000000004a38f39	7ffe4ac8e740	1dda7	0	15001886	a800c43618ce68c2	16e3	5dc6196386d0	60e14e298fc7931	2b85
14.909248	85622	ffffffffffff83d5	13b11	13b11	5dc619984750	e3af	f76	7fffffffff2204f8	7ffe4ac8e740	13b11	0	0	a800c43618ce68c2	f76	1b73c	503966ba77667040	2b85
14.919422	855f8	556	289cf	289cf	b922	4a77	1e1f	7ffffffffaa6e82f	7ffe4ac8e740	289cf	0	0	a800c43618ce68c2	1e1f	dd2a	909f47853c1710c	2b85
14.932694	8605e	25	2f90	5	1645be	5dc619694730	6	8d7	7ffe4ac8e740	2b85	5dc6196e2d40	5dc6196f8970	5dc619122d30	170000	69	10000	170000
14.947321	8605e	25	2f90	5	139710	5dc619694730	6	83a	7ffe4ac8e740	2b85	5dc6196e2d40	5dc6196f8970	5dc6191e2d30	140000	69	10000	140000
14.961806	8607f	25	2f90	5	128cdc	5dc619694730	6	3ae	7ffe4ac8e740	2b85	5dc6196e2d40	5dc6196f8970	5dc619222d30	130000	69	10000	130000
14.970910	8605e	359	2f90	9	1caeb0	5dc619694730	45	a11	7ffe4ac8e740	2b85	5dc6196e2d40	5dc6196f8970	5dc618fa2d30	1d0000	69	10000	1d0000
14.981413	8605e	709	2f90	a	1f54bb	5dc619694730	88	aae	7ffe4ac8e740	2b85	5dc6196e2d40	5dc6196f8970	5dc618ee2d30	200000	69	10000	200000
14.993888	86019	5dc61983dba0	2f90	e	f459c	5dc619694730	45a	b8c	7ffe4ac8e740	2b85	5dc6196e2d40	5dc6196f8970	5dc619322d30	f0000	69	10000	f0000
14.999961	860e7	5dc6196a2d30	a934	11	1573fe	5dc619694730	2b85	cc6	7ffe4ac8e740	2b85	5dc6196e2d40	5dc6196f8970	5dc6191a2d30	0	a930	10000	150000
15.014734	8607f	683f	2f90	e	159e0e	5dc619694730	5c2	44b	7ffe4ac8e740	2b85	5dc6196e2d40	5dc6196f8970	5dc619162d30	160000	69	10000	160000
15.029616	860bd	c7b0	c7ac	11	197707	5dc619694730	2b85	44b	7ffe4ac8e740	2b85	5dc6196e2d40	5dc6196f8970	5dc619162d30	0	c7a8	10000	160000
15.037948	8605e	217df	2f90	11	97605	5dc619694730	195e	1d7	7ffe4ac8e740	2b85	5dc6196e2d40	5dc6196f8970	5dc619462d30	a0000	69	10000	a0000
15.052024	8607f	36fe9	2f90	11	2e0d5	5dc619694730	2787	918	7ffe4ac8e740	2b85	5dc6196e2d40	5dc6196f8970	5dc619622d30	30000	69	10000	30000
15.059922	8605e	329b7	2f90	11	122fcf	5dc619694730	248c	3ae	7ffe4ac8e740	2b85	5dc6196e2d40	5dc6196f8970	5dc619222d30	130000	69	10000	130000
15.065117	135472bf0b24	5dc6196bce10	6838	dc70	1a0e0	5dc6196af1a0	5dc6196c9280	cc6	7ffe4ac8e738	5dc6196bce10	1a0e0	5dc6196f8970	5dc6191e2d30	150000	6838	10000	150000
15.078044	85653	19fe8adcd	3b6e7	3b6e7	0	19b84	2a68	7ffffffff8f7bbb2	7ffe4ac8e740	3b6e7	0	0	b2c11a205781d964	2a68	5dc6196386d0	cb18b99a8dc93071	2b85
15.093355	b580f	fa230e83f06c1869	39b33	0	2e74e	fffffffff79e5d9b	3a51981ea18e5739	7ffffffff79e5d9b	7ffe4ac8e738	39b33	861a264	0	b2c11a205781d964	294e	2a28	c5ae67e15e71a8c7	2b85
15.102882	86082	59	2f90	6	188121	5dc619694730	8	4e8	7ffe4ac8e740	2b85	5dc6196e2d40	5dc6196f8970	5dc6190a2d30	190000	69	10000	190000
15.117931	8607b	89	2f90	7	11906c	5dc619694730	b	c29	7ffe4ac8e740	2b85	5dc6196e2d40	5dc6196f8970	5dc619262d30	120000	69	10000	120000
15.130158	8607f	257b1	2f90	11	b5b50	5dc619694730	1c11	aef	7ffe4ac8e740	2b85	5dc6196e2d40	5dc6196f8970	5dc6193e2d30	c0000	69	10000	c0000
15.143314	8605e	2033	2f90	d	180247	5dc619694730	208	4e8	7ffe4ac8e740	2b85	5dc6196e2d40	5dc6196f8970	5dc6190a2d30	190000	69	10000	190000
15.149852	b57f5	b21b10717b981980	335f	0	2b95	68d86b6	7c51b5bc2a862215	80000000068d86b6	7ffe4ac8e738	335f	0	16582344	b2c11a205781d964	320	1943	7c51b5bc2a862215	2b85
15.160835	8605e	1b7bb	2f90	10	1b2b66	5dc619694730	153b	585	7ffe4ac8e740	2b85	5dc6196e2d40	5dc6196f8970	5dc618fe2d30	1c0000	69	10000	1c0000
15.171800	135472bf0b24	5dc6196bce10	6838	14bb0	1a0e0	5dc6196a8260	5dc6196c2340	8d7	7ffe4ac8e738	5dc6196bce10	1a0e0	5dc619f4b770	e	170000	6838	10000	170000
15.183025	8607f	68ff	2f90	e	1984bf	5dc619694730	5cf	974	7ffe4ac8e740	2b85	5dc6196e2d40	5dc6196f8970	5dc619062d30	1a0000	69	10000	1a0000
15.189522	855f2	ffffffffffff9d83	1cab3	1cab3	fffffffffffe8878	d88f	1601	8000000001a39576	7ffe4ac8e740	1cab3	0	16582344	b2c11a205781d964	1601	44c2	b9fe91b7c421c601	2b85
15.203359	860c9	ac4c	ac48	11	15ffe9	5dc619694730	2b85	cc6	7ffe4ac8e740	2b85	5dc6196e2d40	5dc6196f8970	5dc6191a2d30	0	ac48	10000	150000
15.216534	8605a	1d5eb	2f90	10	81f33	5dc619694730	1685	a52	7ffe4ac8e740	2b85	5dc6196e2d40	5dc6196f8970	5dc6194a2d30	90000	69	10000	90000
15.226016	8605e	34de9	2f90	11	2702a	5dc619694730	2616	918	7ffe4ac8e740	2b85	5dc6196e2d40	5dc6196f8970	5dc619622d30	30000	69	10000	30000
15.236382	b57f5	9288dd4d0a61993b	2cdf5	0	1e9e1	962462d	90cc90ce4993ce58	800000000962462d	7ffe4ac8e738	2cdf5	0	16582344	b2c11a205781d964	20de	2c67	90cc90ce4993ce58	2b85
15.242978	135472bf0b8a	5dc6196a9568	1a0e	560	6838	5dc6196a9008	5dc6196af840	9b5	7ffe4ac8e738	5dc6196a9568	50000	5dc6196f8970	5dc6195a2d30	60000	1a0e	10000	60000
15.251177	86007	32c33	2f90	11	168171	5dc619694730	24ab	83a	7ffe4ac8e740	2b85	5dc6196e2d40	5dc6196f8970	5dc6191e2d30	140000	69	10000	140000
15.263542	86020	5dc61983dba0	2f90	e	1b206b	5dc619694730	409	f9	7ffe4ac8e740	2b85	5dc6196e2d40	5dc6196f8970	5dc619022d30	1b0000	69	10000	1b0000
15.273382	8605e	191	2f90	8	98a44	5dc619694730	20	1d7	7ffe4ac8e740	2b85	5dc6196e2d40	5dc6196f8970	5dc619462d30	a0000	69	10000	a0000
15.284279	8605e	1f	2f90	4	5020e	5dc619694730	5	9b5	7ffe4ac8e740	2b85	341c0	5dc6196f8970	5dc619562d30	60000	69	10000	60000
15.291298	86020	5dc61983dba0	2f90	11	139780	5dc619694730	1b2c	3ae	7ffe4ac8e740	2b85	5dc6196e2d40	5dc6196f8970	5dc619222d30	130000	69	10000	130000
15.298493	b57f5	2b82892354218743	cf65	0	45fc	8373f73	b763abf74d99d06b	8000000008373f73	7ffe4ac8e738	cf65	0	16582344	b2c11a205781d964	ab6	1c3a	b763abf74d99d06b	2b85
15.312184	8607f	2ab	2f90	9	36d40	5dc619694730	3a	9d	7ffe4ac8e740	2b85	5dc6196e2d40	5dc6196f8970	5dc6195e2d30	40000	69	10000	40000
15.326143	8605e	277	2f90	9	1f05eb	5dc619694730	34	aae	7ffe4ac8e740	2b85	5dc6196e2d40	5dc6196f8970	5dc618ee2d30	200000	69	10000	200000
15.339793	8605e	17735	2f90	10	1502d0	5dc619694730	124f	44b	7ffe4ac8e740	2b85	5dc6196e2d40	5dc6196f8970	5dc619162d30	160000	69	10000	160000
15.346713	855f2	17fe3	2f4e3	2f4e3	2ee6f	6598	2275	7ffffffff72912d6	7ffe4ac8e740	2f4e3	0	14fc92bc	a7e495e5eff921b5	2275	2653b	ff8f6f181cdd1069	2b85
15.354259	86082	37b55	2f90	11	11e73e	5dc619694730	27fe	b8c	7ffe4ac8e740	2b85	5dc6196e2d40	5dc6196f8970	5dc619322d30	f0000	69	10000	f0000
15.363439	8605e	89	2f90	7	71a7c	5dc619694730	b	5c6	7ffe4ac8e740	2b85	5dc6196e2d40	5dc6196f8970	5dc6194e2d30	80000	69	10000	80000
15.378262	8605e	1f	2f90	4	17ecd	5dc619694730	5	48c	7ffe4ac8e740	2b85	341c0	5dc6196f8970	5dc619662d30	20000	69	10000	20000
15.390116	8607b	6b9	2f90	a	dcfb2	5dc619694730	81	700	7ffe4ac8e740	2b85	5dc6196e2d40	5dc6196f8970	5dc619362d30	e0000	69	10000	e0000
15.401463	135472bf0b24	5dc6196afda0	341c	5c0	d070	5dc6196af7e0	5dc6196bc850	8d7	7ffe4ac8e738	5dc6196afda0	d070	5dc6196f8970	5dc619162d30	170000	341c	10000	170000
15.413569	8605e	305b	2f90	d	48fd	5dc619694730	2ed	d07	7ffe4ac8e740	2b85	5dc6196e2d40	5dc6196f8970	5dc6196a2d30	10000	69	10000	10000
15.419715	8605e	1cf	2f90	8	8a94f	5dc619694730	24	a52	7ffe4ac8e740	2b85	5dc6196e2d40	5dc6196f8970	5dc6194a2d30	90000	69	10000	90000
15.426040	8605e	2969b	2f90	11	116c94	5dc619694730	1ea2	c29	7ffe4ac8e740	2b85	5dc6196e2d40	5dc6196f8970	5dc619262d30	120000	69	10000	120000
15.434066	86019	5dc61983dba0	2f90	10	4d4d9	5dc619694730	1816	918	7ffe4ac8e740	2b85	5dc6196e2d40	5dc6196f8970	5dc619622d30	30000	69	10000	30000
15.448746	855a5	2a9d6	39ca3	0	0	0	2a9d6	800000000647cbd0	7ffe4ac8e740	39ca3	0	14fc92bc	a7e495e5eff921b5	295a	2d285	9089b3bbe85fcffc	2b85
15.456960	135472bf0b24	5dc6196bce10	6838	16e50	1a0e0	5dc6196a5fc0	5dc6196c00a0	5c	7ffe4ac8e738	5dc6196bce10	1a0e0	5dc6196f8970	5dc619122d30	180000	6838	10000	180000
15.464119	8605e	1ada3	2f90	10	1ee74	5dc619694730	14cf	48c	7ffe4ac8e740	2b85	5dc6196e2d40	5dc6196f8970	5dc619662d30	20000	69	10000	20000
15.475090	8605e	26657	2f90	11	82651	5dc619694730	1c9e	a52	7ffe4ac8e740	2b85	5dc6196e2d40	5dc6196f8970	5dc6194a2d30	90000	69	10000	90000
15.480948	86049	22a87	2f90	11	d936c	5dc619694730	1a34	274	7ffe4ac8e740	2b85	5dc6196e2d40	5dc6196f8970	5dc6193a2d30	d0000	69	10000	d0000
15.494510	8605e	2481d	2f90	11	163cd	5dc619694730	1b62	48c	7ffe4ac8e740	2b85	5dc6196e2d40	5dc6196f8970	5dc619662d30	20000	69	10000	20000
15.508240	86049	11225	2f90	10	1e555d	5dc619694730	d9d	196	7ffe4ac8e740	2b85	5dc6196e2d40	5dc6196f8970	5dc618f62d30	1e0000	69	10000	1e0000
15.520299	8605e	43	2f90	6	9424f	5dc619694730	7	1d7	7ffe4ac8e740	2b85	5dc6196e2d40	5dc6196f8970	5dc619462d30	a0000	69	10000	a0000
15.525853	8607f	245c5	2f90	11	c896b	5dc619694730	1b4b	274	7ffe4ac8e740	2b85	5dc6196e2d40	5dc6196f8970	5dc6193a2d30	d0000	69	10000	d0000
15.538240	855f4	ab81a54	b105	b105	0	2fa3	951	7ffffffffd1d9073	7ffe4ac8e740	b105	0	0	a7e495e5eff921b5	951	99a0	3dcb797a6f2fde05	2b85
15.549284	8607f	32e7f	2f90	11	41a23	5dc619694730	24c4	529	7ffe4ac8e740	2b85	5dc6196e2d40	5dc6196f8970	5dc6195a2d30	50000	69	10000	50000
15.562049	8607f	5395	2f90	e	16c7b8	5dc619694730	4b9	8d7	7ffe4ac8e740	2b85	5dc6196e2d40	5dc6196f8970	5dc619122d30	170000	69	10000	170000
15.568436	b57f5	a2b57a181c403a14	1e01	0	1187	66547a2	e7044d67a30ea39b	80000000066547a2	7ffe4ac8e738	1e01	0	0	a7e495e5eff921b5	1e4	1395	e7044d67a30ea39b	2b85
15.576866	8605a	1de1f	2f90	10	13c618	5dc619694730	16e7	83a	7ffe4ac8e740	2b85	5dc6196e2d40	5dc6196f8970	5dc6191e2d30	140000	69	10000	140000
15.587899	8607f	1f523	2f90	10	1ade07	5dc619694730	17da	f9	7ffe4ac8e740	2b85	5dc6196e2d40	5dc6196f8970	5dc619022d30	1b0000	69	10000	1b0000
15.593256	86051	1f547	2f90	10	5dc6196e2d40	5dc619694730	17dc	4e8	7ffe4ac8e740	2b85	5dc6196e2d40	5dc6196f8970	5dc6190a2d30	190000	69	10000	190000
15.607833	8606e	3cbed	2f90	11	1505fd	5dc619694730	2b4d	83a	7ffe4ac8e740	2b85	5dc6196e2d40	5dc6196f8970	5dc6191e2d30	140000	69	10000	140000
15.621852	8605e	78e5	2f90	e	9377e	5dc619694730	6a1	1d7	7ffe4ac8e740	2b85	5dc6196e2d40	5dc6196f8970	5dc619462d30	a0000	69	10000	a0000
15.632638	8605e	2d33d	2f90	11	10e5ce	5dc619694730	2116	79d	7ffe4ac8e740	2b85	5dc6196e2d40	5dc6196f8970	5dc6192a2d30	110000	69	10000	110000
15.640471	8605e	23b	2f90	9	110631	5dc619694730	2c	c29	7ffe4ac8e740	2b85	5dc6196e2d40	5dc6196f8970	5dc619262d30	120000	69	10000	120000
15.653023	8607f	25	2f90	5	6012	5dc619694730	6	d07	7ffe4ac8e740	2b85	5dc6196e2d40	5dc6196f8970	5dc6196a2d30	10000	69	10000	10000
15.658884	86072	1d7a1	2f90	10	77493	5dc619694730	1696	13a	7ffe4ac8e740	2b85	5dc6196e2d40	5dc6196f8970	5dc619522d30	70000	69	10000	70000
15.670076	8605e	151	2f90	8	f8846	5dc619694730	1a	311	7ffe4ac8e740	2b85	5dc6196e2d40	5dc6196f8970	5dc6192e2d30	100000	69	10000	100000
15.678167	8605e	62b	2f90	a	2add4	5dc619694730	78	918	7ffe4ac8e740	2b85	5dc6196e2d40	5dc6196f8970	5dc619622d30	30000	69	10000	30000
15.687110	860bd	880	87c	11	229ae4	5dc619694730	2b85	622	7ffe4ac8e740	2b85	5dc6196e2d40	5dc6196f8970	5dc618f22d30	0	878	10000	1f0000
15.697904	8605e	2dd8b	2f90	11	6b6c	5dc619694730	2185	d07	7ffe4ac8e740	2b85	5dc6196e2d40	5dc6196f8970	5dc6196a2d30	10000	69	10000	10000
15.712376	8565c	22a1	22283	22283	267f	8b6d	19d0	7ffffffff79b6e13	7ffe4ac8e740	22283	0	0	a7a2d4803b5cd141	19d0	5dc6196386d0	242ac5697bcb1b91	2b85
15.726377	135472bf0b24	5dc6196bce10	6838	1190	1a0e0	5dc6196bbc80	5dc6196d5d60	196	7ffe4ac8e738	5dc6196bce10	1a0e0	5dc6196f8970	5dc618fa2d30	1e0000	6838	10000	1e0000
15.733168	8607f	2880d	2f90	11	39ceb	5dc619694730	1e0f	9d	7ffe4ac8e740	2b85	5dc6196e2d40	5dc6196f8970	5dc6195e2d30	40000	69	10000	40000
15.742952	8605a	18d	2f90	8	42346	5dc619694730	1f	529	7ffe4ac8e740	2b85	5dc6196e2d40	5dc6196f8970	5dc6195a2d30	50000	69	10000	50000
15.757165	8605e	60bf	2f90	e	ad6e	5dc619694730	561	d07	7ffe4ac8e740	2b85	5dc6196e2d40	5dc6196f8970	5dc6196a2d30	10000	69	10000	10000
15.765255	86003	38aad	2f90	11	161701	5dc619694730	28ac	44b	7ffe4ac8e740	2b85	5dc6196e2d40	5dc6196f8970	5dc619162d30	160000	69	10000	160000
15.776261	8605e	eea3	2f90	f	1cedd6	5dc619694730	c21	a11	7ffe4ac8e740	2b85	5dc6196e2d40	5dc6196f8970	5dc618fa2d30	1d0000	69	10000	1d0000
15.782121	85709	b	174e5	0	31f1	5dc61983dba0	122b	8000000004960527	7ffe4ac8e740	174e5	0	0	a7a2d4803b5cd141	122b	5dc6196386d0	608dc1b6705b77f5	2b85
15.791802	135472bf0b24	5dc6196d6ef0	2f90	9310	be40	5dc6196a5860	5dc6196d9a20	196	7ffe4ac8e738	5dc6196d6ef0	341c0	5dc6196f8970	5dc618fa2d30	1e0000	d070	10000	1e0000
15.802974	8605e	c7	2f90	7	10fdb	5dc619694730	f	48c	7ffe4ac8e740	2b85	5dc6196e2d40	5dc6196f8970	5dc619662d30	20000	69	10000	20000
15.808663	860c9	6e48	6e44	11	8719b	5dc619694730	2b85	9b5	7ffe4ac8e740	2b85	5dc6196e2d40	5dc6196f8970	5dc619562d30	0	6e44	10000	60000
15.822384	85656	161d7	369df	369df	2e52	9e12	2740	7ffffffff77eb47f	7ffe4ac8e740	369df	0	14f45a90	a7a2d4803b5cd141	2740	5dc6196386d0	9a0817c555854ded	2b85
15.833469	8605e	2a6ad	2f90	11	7bc01	5dc619694730	1f45	5c6	7ffe4ac8e740	2b85	5dc6196e2d40	5dc6196f8970	5dc6194e2d30	80000	69	10000	80000
15.838710	8605e	7bf1	2f90	e	9327e	5dc619694730	6c3	1d7	7ffe4ac8e740	2b85	5dc6196e2d40	5dc6196f8970	5dc619462d30	a0000	69	10000	a0000
15.846804	86046	82fd	2f90	f	20285c	5dc619694730	71e	aae	7ffe4ac8e740	2b85	5dc6196e2d40	5dc6196f8970	5dc618ee2d30	200000	69	10000	200000
15.855280	860bd	89d4	89d0	11	14671f	5dc619694730	2b85	83a	7ffe4ac8e740	2b85	5dc6196e2d40	5dc6196f8970	5dc6191e2d30	0	89cc	10000	140000
15.869889	8605e	301	2f90	9	12900f	5dc619694730	3d	3ae	7ffe4ac8e740	2b85	5dc6196e2d40	5dc6196f8970	5dc619222d30	130000	69	10000	130000
15.880727	8607f	2b5b5	2f90	11	176b35	5dc619694730	1feb	5c	7ffe4ac8e740	2b85	5dc6196e2d40	5dc6196f8970	5dc6190e2d30	180000	69	10000	180000
15.893836	8607f	f53	2f90	b	acfae	5dc619694730	102	663	7ffe4ac8e740	2b85	5dc6196e2d40	5dc6196f8970	5dc619422d30	b0000	69	10000	b0000
15.901798	8605e	11705	2f90	10	1ee099	5dc619694730	ddb	622	7ffe4ac8e740	2b85	5dc6196e2d40	5dc6196f8970	5dc618f22d30	1f0000	69	10000	1f0000
15.913399	8605e	1c1	2f90	8	424ca	5dc619694730	22	529	7ffe4ac8e740	2b85	5dc6196e2d40	5dc6196f8970	5dc6195a2d30	50000	69	10000	50000
15.928156	85709	8	20af5	0	1421f	5dc61983dba0	18c7	7ffffffffbbca56b	7ffe4ac8e740	20af5	0	14f45a90	a7a2d4803b5cd141	18c7	5dc6196386d0	d1b6bd6bfd5176a4	2b85
15.935550	8607f	1d699	2f90	10	e7157	5dc619694730	168b	b8c	7ffe4ac8e740	2b85	5dc6196e2d40	5dc6196f8970	5dc619322d30	f0000	69	10000	f0000
15.941745	86011	25817	2f90	11	15cebb	5dc619694730	1c17	cc6	7ffe4ac8e740	2b85	5dc6196e2d40	5dc6196f8970	5dc6191a2d30	150000	69	10000	150000
15.951918	8605e	24781	2f90	11	125a58	5dc619694730	1b5c	3ae	7ffe4ac8e740	2b85	5dc6196e2d40	5dc6196f8970	5dc619222d30	130000	69	10000	130000
15.959833	84d7b	30	5dc60aa65830	0	0	0	d406	182b	7ffe4ac8e740	18629	5dc6197129d0	77	711a7d61ace0	12ef	30	18629	d406
15.973552	8607f	1df	2f90	8	c6483	5dc619694730	25	274	7ffe4ac8e740	2b85	5dc6196e2d40	5dc6196f8970	5dc6193a2d30	d0000	69	10000	d0000
15.980610	8605e	12dcd	2f90	10	1b51c6	5dc619694730	ede	585	7ffe4ac8e740	2b85	5dc6196e2d40	5dc6196f8970	5dc618fe2d30	1c0000	69	10000	1c0000
15.988857	8605e	22a3	2f90	d	10f1fb	5dc619694730	22e	79d	7ffe4ac8e740	2b85	5dc6196e2d40	5dc6196f8970	5dc6192a2d30	110000	69	10000	110000
15.999307	86a9d	2b85	5dc6196397b0	1a506	5dc619654710	1b2db	96b5	5dc61b906730	7ffe4ac8e740	1b2c5	150a	5dc619630b00	f0ea5255c83e99f	5dc60aa6b088	5dc61983dba0	2b85	7ffe4ac8e7f0
16.004625	8607b	2acd	2f90	d	1211c1	5dc619694730	2a2	3ae	7ffe4ac8e740	2b85	5dc6196e2d40	5dc6196f8970	5dc619222d30	130000	69	10000	130000
16.011979	b580f	d20727897678fd49	2f19b	0	142f5	fffffffffa176e1e	35a045b49c465728	7ffffffffa176e1e	7ffe4ac8e738	2f19b	5e891e1	0	b331d360fad6f598	2253	73e0	ca5fba4b63b9a8d8	2b85
16.021851	b580f	67c368f20cde6951	1d23f	0	1c2eb	fffffffff5f91645	3e1f6efe06731fda	7ffffffff5f91645	7ffe4ac8e738	1d23f	a06e9ba	0	b331d360fad6f598	165a	c774	c1e09101f98ce026	2b85
16.034291	8605e	23bcd	2f90	11	fdb03	5dc619694730	1ae9	311	7ffe4ac8e740	2b85	5dc6196e2d40	5dc6196f8970	5dc6192e2d30	100000	69	10000	100000
16.040375	8607f	239	2f90	9	1820b8	5dc619694730	2b	4e8	7ffe4ac8e740	2b85	5dc6196e2d40	5dc6196f8970	5dc6190a2d30	190000	69	10000	190000
16.051551	b580f	8d74d000d76c542f	eb6f	0	953d	fffffffffff474b4	9096f61dd9403a9e	7ffffffffff474b4	7ffe4ac8e738	eb6f	b8b4b	0	b331d360fad6f598	c00	79d5	6f6909e226bfc562	2b85
16.062051	8565c	302	155b9	155b9	5906	14904	10bc	7ffffffffbd61cdb	7ffe4ac8e740	155b9	0	0	b331d360fad6f598	10bc	5dc6196386d0	66e9e098bc92fcb0	2b85
16.073876	8607f	ab5	2f90	b	6fb0d	5dc619694730	c0	13a	7ffe4ac8e740	2b85	5dc6196e2d40	5dc6196f8970	5dc619522d30	70000	69	10000	70000
16.081606	86055	1d42b	2f90	10	1970c3	5dc619694730	1670	4e8	7ffe4ac8e740	2b85	5dc6196e2d40	5dc6196f8970	5dc6190a2d30	190000	69	10000	190000
16.089864	135472bf0b24	5dc6196bce10	6838	2270	1a0e0	5dc6196baba0	5dc6196d4c80	aef	7ffe4ac8e738	5dc6196bce10	1a0e0	5dc6196f8970	5dc619422d30	c0000	6838	10000	c0000
16.096613	860bd	f444	f440	11	16581a	5dc619694730	2b85	44b	7ffe4ac8e740	2b85	5dc6196e2d40	5dc6196f8970	5dc619162d30	0	f43c	10000	160000
16.104687	860bd	6120	611c	11	918ae	5dc619694730	2b85	a52	7ffe4ac8e740	2b85	5dc6196e2d40	5dc6196f8970	5dc6194a2d30	0	6118	10000	90000
16.114353	8605e	1089d	2f90	10	54671	5dc619694730	d39	9b5	7ffe4ac8e740	2b85	5dc6196e2d40	5dc6196f8970	5dc619562d30	60000	69	10000	60000
16.126909	135472bf0b24	5dc6196bce10	6838	db70	1a0e0	5dc6196af2a0	5dc6196c9380	974	7ffe4ac8e738	5dc6196bce10	1a0e0	5dc6196f8970	5dc6190a2d30	1a0000	6838	10000	1a0000
16.132764	8605e	59	2f90	6	1f06c8	5dc619694730	8	aae	7ffe4ac8e740	2b85	5dc6196e2d40	5dc6196f8970	5dc618ee2d30	200000	69	10000	200000
16.143891	8607f	690b	2f90	e	2bea1	5dc619694730	5d0	918	7ffe4ac8e740	2b85	5dc6196e2d40	5dc6196f8970	5dc619622d30	30000	69	10000	30000
16.154203	8605e	22f25	2f90	11	4df67	5dc619694730	1a65	529	7ffe4ac8e740	2b85	5dc6196e2d40	5dc6196f8970	5dc6195a2d30	50000	69	10000	50000
16.165900	135472bf0b24	5dc6196d6ef0	2f90	5e90	be40	5dc6196a8ce0	5dc6196dcea0	79d	7ffe4ac8e738	5dc6196d6ef0	341c0	5dc6196f8970	5dc6192e2d30	110000	d070	10000	110000
16.176033	8607b	cbb	2f90	b	1361b9	5dc619694730	dc	83a	7ffe4ac8e740	2b85	5dc6196e2d40	5dc6196f8970	5dc6191e2d30	140000	69	10000	140000
16.190601	8607f	2058b	2f90	11	d6e55	5dc619694730	188f	700	7ffe4ac8e740	2b85	5dc6196e2d40	5dc6196f8970	5dc619362d30	e0000	69	10000	e0000
16.199901	8607b	175	2f90	8	9543f	5dc619694730	1d	1d7	7ffe4ac8e740	2b85	5dc6196e2d40	5dc6196f8970	5dc619462d30	a0000	69	10000	a0000
16.208323	856c5	5dc61983dba0	2197d	0	2046c	5dc61983dba0	196e	8000000006d2fb85	7ffe4ac8e740	2197d	0	16663a6c	b331d360fad6f598	196e	5dc6196386d0	4f08781aa4710022	2b85
16.214356	86072	6929	2f90	e	405ce	5dc619694730	5d2	9d	7ffe4ac8e740	2b85	5dc6196e2d40	5dc6196f8970	5dc6195e2d30	40000	69	10000	40000
16.227155	86aba	2b85	5dc6196397b0	75e3	2e6c	14227	142270	5dc61b993f50	7ffe4ac8e740	14227	fce	5dc6197a21f0	f0ea5255c83e99f	5dc60aa6b088	5dc61983dba0	2b85	7ffe4ac8e7f0
16.234872	860e3	5dc6196a2d30	8168	11	6dafb	5dc619694730	2b85	9d	7ffe4ac8e740	2b85	5dc6196e2d40	5dc6196f8970	5dc6195e2d30	0	8164	10000	40000
16.246213	8607f	44f9	2f90	e	ea5d7	5dc619694730	401	b8c	7ffe4ac8e740	2b85	5dc6196e2d40	5dc6196f8970	5dc619322d30	f0000	69	10000	f0000
16.256996	8607f	1b7c1	2f90	10	142a6c	5dc619694730	153d	cc6	7ffe4ac8e740	2b85	5dc6196e2d40	5dc6196f8970	5dc6191a2d30	150000	69	10000	150000
16.270896	86082	43	2f90	6	cf493	5dc619694730	7	274	7ffe4ac8e740	2b85	5dc6196e2d40	5dc6196f8970	5dc6193a2d30	d0000	69	10000	d0000
16.283072	8605a	bb27	2f90	f	1926d9	5dc619694730	9ce	974	7ffe4ac8e740	2b85	5dc6196e2d40	5dc6196f8970	5dc619062d30	1a0000	69	10000	1a0000
16.290248	8605e	1833d	2f90	10	167007	5dc619694730	12d1	8d7	7ffe4ac8e740	2b85	5dc6196e2d40	5dc6196f8970	5dc619122d30	170000	69	10000	170000
16.296330	8605e	1a42b	2f90	10	1c76c2	5dc619694730	1454	a11	7ffe4ac8e740	2b85	5dc6196e2d40	5dc6196f8970	5dc618fa2d30	1d0000	69	10000	1d0000
16.302213	b580f	71b6b0c4823032c3	30937	0	114c6	fffffffffa13b08f	ecc4695c426dd7ab	7ffffffffa13b08f	7ffe4ac8e738	30937	5ec4f70	0	b33b38265dc8b7f2	2345	2d9ed	133b96a3bd922855	2b85
16.310306	860cc	a880	a880	11	180b98	5dc619694730	2b85	44b	7ffe4ac8e740	2b85	5dc6196e2d40	5dc6196f8970	5dc619162d30	0	a87c	10000	160000
16.316880	855f8	2a10	10111	10111	3370	5071	ce9	8000000005593c20	7ffe4ac8e740	10111	0	16676704	b33b38265dc8b7f2	ce9	c531	c13e28df03c46e71	2b85
16.323797	8605e	1645	2f90	c	cac11	5dc619694730	16f	274	7ffe4ac8e740	2b85	5dc6196e2d40	5dc6196f8970	5dc6193a2d30	d0000	69	10000	d0000
16.336065	86007	32ecf	2f90	11	1e73f1	5dc619694730	24c9	585	7ffe4ac8e740	2b85	5dc6196e2d40	5dc6196f8970	5dc618fe2d30	1c0000	69	10000	1c0000
16.349645	8607f	4a3	2f90	a	107d67	5dc619694730	61	79d	7ffe4ac8e740	2b85	5dc6196e2d40	5dc6196f8970	5dc6192a2d30	110000	69	10000	110000
16.360311	8607f	31d83	2f90	11	142b39	5dc619694730	2415	cc6	7ffe4ac8e740	2b85	5dc6196e2d40	5dc6196f8970	5dc6191a2d30	150000	69	10000	150000
16.370491	8605e	1aa5b	2f90	10	176af4	5dc619694730	14a7	5c	7ffe4ac8e740	2b85	5dc6196e2d40	5dc6196f8970	5dc6190e2d30	180000	69	10000	180000
16.377699	135472af275a	0	2	0	7	5dc61962f010	7	5dc61979d5e0	7ffe4ac8e6a0	5dc61979d5f0	5dc61979d5f0	5dc6197a21f0	f0ea5255c83e99f	711a7d61ac80	0	5dc61979d600	5dc61ba55820
16.391930	86ada	2b85	5dc6196397b0	78	3083	0	0	5dc61ba55610	7ffe4ac8e740	3ee1	3b7	5dc61b7d56b0	f0ea5255c83e99f	5dc60aa6b088	5dc61983dba0	2b85	7ffe4ac8e7f0
16.399068	8607f	65b	2f90	a	b4ef6	5dc619694730	7c	aef	7ffe4ac8e740	2b85	5dc6196e2d40	5dc6196f8970	5dc6193e2d30	c0000	69	10000	c0000
16.413565	8607f	31055	2f90	11	85838	5dc619694730	238a	a52	7ffe4ac8e740	2b85	5dc6196e2d40	5dc6196f8970	5dc6194a2d30	90000	69	10000	90000
16.425257	8605e	2fd83	2f90	11	13dc06	5dc619694730	22c8	83a	7ffe4ac8e740	2b85	5dc6196e2d40	5dc6196f8970	5dc6191e2d30	140000	69	10000	140000
16.437074	8607f	3f1	2f90	9	1a6bf4	5dc619694730	52	f9	7ffe4ac8e740	2b85	5dc6196e2d40	5dc6196f8970	5dc619022d30	1b0000	69	10000	1b0000
16.451331	8606e	23bf1	2f90	11	15e64d	5dc619694730	1aec	cc6	7ffe4ac8e740	2b85	5dc6196e2d40	5dc6196f8970	5dc6191a2d30	150000	69	10000	150000
16.460540	135472af276a	2	2	0	0	5dc61962f010	7	5dc61b7d56a0	7ffe4ac8e5f0	5dc61b7d56b0	5dc619630b00	5dc61b7d56b0	f0ea5255c83e99f	711a7d61ac80	0	5dc61b7d56c0	5dc619630b00
16.472135	8605e	43	2f90	6	1a7f4d	5dc619694730	7	f9	7ffe4ac8e740	2b85	5dc6196e2d40	5dc6196f8970	5dc619022d30	1b0000	69	10000	1b0000
16.478748	8601e	5dc61983dba0	2f90	f	2953f	5dc619694730	a3a	48c	7ffe4ac8e740	2b85	5dc6196e2d40	5dc6196f8970	5dc619662d30	20000	69	10000	20000
16.484374	8605e	13d	2f90	8	6f234	5dc619694730	18	13a	7ffe4ac8e740	2b85	5dc6196e2d40	5dc6196f8970	5dc619522d30	70000	69	10000	70000
16.498377	8607f	22bf7	2f90	11	950c	5dc619694730	1a45	d07	7ffe4ac8e740	2b85	5dc6196e2d40	5dc6196f8970	5dc6196a2d30	10000	69	10000	10000
16.510758	8605e	8fb7	2f90	f	12748b	5dc619694730	7ba	3ae	7ffe4ac8e740	2b85	5dc6196e2d40	5dc6196f8970	5dc619222d30	130000	69	10000	130000
16.523133	b57f5	1d7058b6e7167cb0	30a99	0	2030f	7a0ed3b	5c0df9a7361683f	8000000007a0ed3b	7ffe4ac8e738	30a99	0	16676704	b33b38265dc8b7f2	234e	24134	5c0df9a7361683f	2b85
16.535713	8607f	f25	2f90	b	11bba2	5dc619694730	fe	c29	7ffe4ac8e740	2b85	5dc6196e2d40	5dc6196f8970	5dc619262d30	120000	69	10000	120000
16.545895	8605e	43	2f90	6	136d81	5dc619694730	7	83a	7ffe4ac8e740	2b85	5dc6196e2d40	5dc6196f8970	5dc6191e2d30	140000	69	10000	140000
16.559268	8605e	101	2f90	8	9c151	5dc619694730	13	1d7	7ffe4ac8e740	2b85	5dc6196e2d40	5dc6196f8970	5dc619462d30	a0000	69	10000	a0000
16.565879	8607f	a855	2f90	f	14c1b0	5dc619694730	8f5	cc6	7ffe4ac8e740	2b85	5dc6196e2d40	5dc6196f8970	5dc6191a2d30	150000	69	10000	150000
16.576937	8605e	527	2f90	a	1a06f5	5dc619694730	69	f9	7ffe4ac8e740	2b85	5dc6196e2d40	5dc6196f8970	5dc619022d30	1b0000	69	10000	1b0000
16.591084	8607f	3899	2f90	d	1300db	5dc619694730	361	83a	7ffe4ac8e740	2b85	5dc6196e2d40	5dc6196f8970	5dc6191e2d30	140000	69	10000	140000
16.606109	8607f	419	2f90	a	14f0d2	5dc619694730	55	cc6	7ffe4ac8e740	2b85	5dc6196e2d40	5dc6196f8970	5dc6191a2d30	150000	69	10000	150000
16.619894	8605e	65	2f90	6	1d164b	5dc619694730	9	196	7ffe4ac8e740	2b85	5dc6196e2d40	5dc6196f8970	5dc618f62d30	1e0000	69	10000	1e0000
16.631742	86066	18aa3	2f90	10	5448e	5dc619694730	1318	529	7ffe4ac8e740	2b85	5dc6196e2d40	5dc6196f8970	5dc6195a2d30	50000	69	10000	50000
16.643614	8607f	151	2f90	8	12c4b2	5dc619694730	1a	3ae	7ffe4ac8e740	2b85	5dc6196e2d40	5dc6196f8970	5dc619222d30	130000	69	10000	130000
16.653933	8606e	2c3bf	2f90	11	1662b3	5dc619694730	206e	cc6	7ffe4ac8e740	2b85	5dc6196e2d40	5dc6196f8970	5dc6191a2d30	150000	69	10000	150000
16.665553	85611	e791	19895	19895	5dc61983dba0	180fd	13c1	8000000009a27691	7ffe4ac8e740	19895	0	0	a773dca54ca40581	13c1	f2be	725e60d5188f6cdc	2b85
16.677308	8607f	39379	2f90	11	9c0cf	5dc619694730	28ff	1d7	7ffe4ac8e740	2b85	5dc6196e2d40	5dc6196f8970	5dc619462d30	a0000	69	10000	a0000
16.690387	135472bf0b24	5dc6196bce10	6838	12570	1a0e0	5dc6196aa8a0	5dc6196c4980	aae	7ffe4ac8e738	5dc6196bce10	1a0e0	5dc6196f8970	5dc618f22d30	200000	6838	10000	200000
16.695919	8565c	561f	284d7	284d7	f2af	9109	1df0	7ffffffffb2dad4f	7ffe4ac8e740	284d7	0	0	a773dca54ca40581	1df0	5dc6196386d0	c490262f0ac91e70	2b85
16.708261	8607f	489b	2f90	e	fcebe	5dc619694730	42f	311	7ffe4ac8e740	2b85	5dc6196e2d40	5dc6196f8970	5dc6192e2d30	100000	69	10000	100000
16.722028	8605e	26e4f	2f90	11	7f212	5dc619694730	1cf7	5c6	7ffe4ac8e740	2b85	5dc6196e2d40	5dc6196f8970	5dc6194e2d30	80000	69	10000	80000
16.736268	8607f	9d	2f90	7	12747	5dc619694730	d	48c	7ffe4ac8e740	2b85	5dc6196e2d40	5dc6196f8970	5dc619662d30	20000	69	10000	20000
16.743088	8605e	3972d	2f90	11	e8439	5dc619694730	2925	b8c	7ffe4ac8e740	2b85	5dc6196e2d40	5dc6196f8970	5dc619322d30	f0000	69	10000	f0000
16.757327	8607f	89	2f90	7	bc03e	5dc619694730	b	aef	7ffe4ac8e740	2b85	5dc6196e2d40	5dc6196f8970	5dc6193e2d30	c0000	69	10000	c0000
16.762714	8605e	39bf	2f90	d	d6ac9	5dc619694730	374	700	7ffe4ac8e740	2b85	5dc6196e2d40	5dc6196f8970	5dc619362d30	e0000	69	10000	e0000
16.772862	8605e	1c93d	2f90	10	e295c	5dc619694730	15f2	b8c	7ffe4ac8e740	2b85	5dc6196e2d40	5dc6196f8970	5dc619322d30	f0000	69	10000	f0000
16.779714	86061	1cd	2f90	8	1ca50e	5dc619694730	23	a11	7ffe4ac8e740	2b85	5dc6196e2d40	5dc6196f8970	5dc618fa2d30	1d0000	69	10000	1d0000
16.788006	8607f	20e15	2f90	11	dd64a	5dc619694730	18ea	700	7ffe4ac8e740	2b85	5dc6196e2d40	5dc6196f8970	5dc619362d30	e0000	69	10000	e0000
16.795445	8605e	1bf7	2f90	c	1ea9fc	5dc619694730	1ca	622	7ffe4ac8e740	2b85	5dc6196e2d40	5dc6196f8970	5dc618f22d30	1f0000	69	10000	1f0000
16.804716	86007	2166b	2f90	11	1b5008	5dc619694730	194e	f9	7ffe4ac8e740	2b85	5dc6196e2d40	5dc6196f8970	5dc619022d30	1b0000	69	10000	1b0000
16.813137	86072	266e3	2f90	11	c7710	5dc619694730	1ca5	aef	7ffe4ac8e740	2b85	5dc6196e2d40	5dc6196f8970	5dc6193e2d30	c0000	69	10000	c0000
16.822556	8605e	6c59	2f90	e	7084b	5dc619694730	5f9	5c6	7ffe4ac8e740	2b85	5dc6196e2d40	5dc6196f8970	5dc6194e2d30	80000	69	10000	80000
16.830755	8605e	c7	2f90	7	1d3477	5dc619694730	f	196	7ffe4ac8e740	2b85	5dc6196e2d40	5dc6196f8970	5dc618f62d30	1e0000	69	10000	1e0000
16.841469	b57f5	7780a68dc6bab7bc	2883b	0	1ccd4	72564ff	303d41b56e1e0528	80000000072564ff	7ffe4ac8e738	2883b	0	14ee7b94	a773dca54ca40581	1e12	18859	303d41b56e1e0528	2b85
16.848419	860b9	1111	8	11	dd7b0	5dc619694730	2b85	274	7ffe4ac8e740	2b85	5dc6196e2d40	5dc6196f8970	5dc6193a2d30	0	4	10000	d0000
16.861058	8607f	92ab	2f90	f	1ead48	5dc619694730	7e8	622	7ffe4ac8e740	2b85	5dc6196e2d40	5dc6196f8970	5dc618f22d30	1f0000	69	10000	1f0000
16.872422	86007	c1e7	2f90	f	6b2b0	5dc619694730	a1c	9b5	7ffe4ac8e740	2b85	5dc6196e2d40	5dc6196f8970	5dc619562d30	60000	69	10000	60000
16.881209	8605e	e59	2f90	b	1f62f7	5dc619694730	f3	aae	7ffe4ac8e740	2b85	5dc6196e2d40	5dc6196f8970	5dc618ee2d30	200000	69	10000	200000
16.892064	8605e	2058b	2f90	11	d794	5dc619694730	188f	d07	7ffe4ac8e740	2b85	5dc6196e2d40	5dc6196f8970	5dc6196a2d30	10000	69	10000	10000
16.901948	86031	2b85	2f90	f	195ce	5dc619694730	c3f	d07	7ffe4ac8e740	2b85	5dc6196e2d40	5dc6196f8970	5dc6196a2d30	10000	69	10000	10000
16.907139	86066	5f5d	2f90	e	34a91	5dc619694730	552	918	7ffe4ac8e740	2b85	5dc6196e2d40	5dc6196f8970	5dc619622d30	30000	69	10000	30000
16.917491	8607f	2a63d	2f90	11	5326c	5dc619694730	1f3d	9b5	7ffe4ac8e740	2b85	5dc6196e2d40	5dc6196f8970	5dc619562d30	60000	69	10000	60000
16.923289	86076	4067	2f90	e	928fc	5dc619694730	3cd	1d7	7ffe4ac8e740	2b85	5dc6196e2d40	5dc6196f8970	5dc619462d30	a0000	69	10000	a0000
16.936001	8607f	4cd	2f90	a	7348b	5dc619694730	63	5c6	7ffe4ac8e740	2b85	5dc6196e2d40	5dc6196f8970	5dc6194e2d30	80000	69	10000	80000
16.943458	8605a	e4c7	2f90	f	175ccd	5dc619694730	baa	5c	7ffe4ac8e740	2b85	5dc6196e2d40	5dc6196f8970	5dc6190e2d30	180000	69	10000	180000
16.949727	855f8	12c1	6421	6421	44bd	243	58d	7ffffffff982ace7	7ffe4ac8e740	6421	0	0	b37394c6af73460c	58d	2f99	ebc76e5b6e7592f8	2b85
16.963179	135472bf0b8a	5dc6196a614c	d07	e48	341c	5dc6196a5304	5dc6196a8720	44b	7ffe4ac8e738	5dc6196a614c	150000	5dc6196f8970	5dc6191a2d30	160000	d07	10000	160000
16.973233	8607f	2b26b	2f90	11	f1e2f	5dc619694730	1fcb	311	7ffe4ac8e740	2b85	5dc6196e2d40	5dc6196f8970	5dc6192e2d30	100000	69	10000	100000
16.983389	8607f	78b	2f90	a	f0bee	5dc619694730	93	311	7ffe4ac8e740	2b85	5dc6196e2d40	5dc6196f8970	5dc6192e2d30	100000	69	10000	100000
16.991004	860b9	1111	f820	11	222a71	5dc619694730	2b85	aae	7ffe4ac8e740	2b85	5dc6196e2d40	5dc6196f8970	5dc618ee2d30	0	f81c	10000	200000
17.000269	135472bf0b24	5dc6196bce10	6838	106f0	1a0e0	5dc6196ac720	5dc6196c6800	585	7ffe4ac8e738	5dc6196bce10	1a0e0	5dc6196f8970	5dc619022d30	1c0000	6838	10000	1c0000
17.007177	8601e	5dc61983dba0	2f90	10	5d0ed	5dc619694730	11fc	529	7ffe4ac8e740	2b85	5dc6196e2d40	5dc6196f8970	5dc6195a2d30	50000	69	10000	50000
17.017758	8605e	25	2f90	5	1c80	5dc619694730	6	d07	7ffe4ac8e740	2b85	5dc6196e2d40	5dc6196f8970	5dc6196a2d30	10000	69	10000	10000
17.026728	8605e	151	2f90	8	1c05ee	5dc619694730	1a	a11	7ffe4ac8e740	2b85	5dc6196e2d40	5dc6196f8970	5dc618fa2d30	1d0000	69	10000	1d0000
17.039042	86003	23ccf	2f90	11	88d75	5dc619694730	1af7	5c6	7ffe4ac8e740	2b85	5dc6196e2d40	5dc6196f8970	5dc6194e2d30	80000	69	10000	80000
17.044414	860e7	5dc6196a2d30	a520	11	b931b	5dc619694730	2b85	1d7	7ffe4ac8e740	2b85	5dc6196e2d40	5dc6196f8970	5dc619462d30	0	a51c	10000	a0000
17.054140	8605e	10223	2f90	10	82831	5dc619694730	cf5	a52	7ffe4ac8e740	2b85	5dc6196e2d40	5dc6196f8970	5dc6194a2d30	90000	69	10000	90000
17.066157	860cc	f5b0	f5b0	11	169466	5dc619694730	2b85	83a	7ffe4ac8e740	2b85	5dc6196e2d40	5dc6196f8970	5dc6191e2d30	0	f5ac	10000	140000
17.077473	8607b	260d5	2f90	11	1d5732	5dc619694730	1c6c	196	7ffe4ac8e740	2b85	5dc6196e2d40	5dc6196f8970	5dc618f62d30	1e0000	69	10000	1e0000
17.090109	90c50	0	7ffe4ac8e8d0	5dc61bc8bfc0	7f	5dc61bc8d2c0	7ffe4ac8e6d8	7ffe4ac8e7f0	7ffe4ac8e6c8	6c	2	9202c20	f0ea5255c83e99f	5dc61bc8bfc0	7f	5dc61bc8d2c0	0
17.104144	8605e	65b	2f90	a	80746	5dc619694730	7c	a52	7ffe4ac8e740	2b85	5dc6196e2d40	5dc6196f8970	5dc6194a2d30	90000	69	10000	90000
17.112556	8601e	5dc61983dba0	ad4	10	21a6a9	5dc619694730	15b9	233	7ffe4ac8e740	2b85	5dc6196e2d40	5dc6196f8970	5dc618ea2d30	200001	69	1	200001
17.124051	8605e	30d1	2f90	d	60880	5dc619694730	2f5	13a	7ffe4ac8e740	2b85	5dc6196e2d40	5dc6196f8970	5dc619522d30	70000	69	10000	70000
17.136013	8607f	2a5e3	2f90	11	13f750	5dc619694730	1f3b	83a	7ffe4ac8e740	2b85	5dc6196e2d40	5dc6196f8970	5dc6191e2d30	140000	69	10000	140000
17.143604	8607f	17371	2f90	10	24ec3	5dc619694730	1213	918	7ffe4ac8e740	2b85	5dc6196e2d40	5dc6196f8970	5dc619622d30	30000	69	10000	30000
17.150612	8607f	2a1	2f90	9	11ba6b	5dc619694730	38	c29	7ffe4ac8e740	2b85	5dc6196e2d40	5dc6196f8970	5dc619262d30	120000	69	10000	120000
17.162459	86019	5dc61983dba0	ad4	11	221cc2	5dc619694730	1e10	233	7ffe4ac8e740	2b85	5dc6196e2d40	5dc6196f8970	5dc618ea2d30	200001	69	1	200001
17.177587	b580f	c96a62dcef2c01b2	dac3	0	86a4	fffffffffdb88863	43971f5a7f7653a	7ffffffffdb88863	7ffe4ac8e738	dac3	247779c	166e7298	b37394c6af73460c	b33	c091	fbc68e0a58089ac6	2b85
17.185154	8605e	1f	2f90	4	116b67	5dc619694730	5	c29	7ffe4ac8e740	2b85	341c0	5dc6196f8970	5dc619262d30	120000	69	10000	120000
17.191761	8607f	1adef	2f90	10	1a6536	5dc619694730	14d2	f9	7ffe4ac8e740	2b85	5dc6196e2d40	5dc6196f8970	5dc619022d30	1b0000	69	10000	1b0000
17.197776	b57f5	a0e0db2631313809	2d0c5	0	23c77	4dc9bb	35640ebe487bab64	80000000004dc9bb	7ffe4ac8e738	2d0c5	0	166e7298	b37394c6af73460c	20fb	1b055	35640ebe487bab64	2b85
17.206923	8605a	2b225	2f90	11	1c11d1	5dc619694730	1fc7	a11	7ffe4ac8e740	2b85	5dc6196e2d40	5dc6196f8970	5dc618fa2d30	1d0000	69	10000	1d0000
17.212481	8565c	747	4b65	4b65	25f5	2b12	44d	8000000003c376e4	7ffe4ac8e740	4b65	0	166e7298	b37394c6af73460c	44d	5dc6196386d0	9229c812f747c403	2b85
17.224775	8605e	263b1	2f90	11	adaf7	5dc619694730	1c84	663	7ffe4ac8e740	2b85	5dc6196e2d40	5dc6196f8970	5dc619422d30	b0000	69	10000	b0000
17.230385	8605e	1f	2f90	4	f3a68	5dc619694730	5	311	7ffe4ac8e740	2b85	341c0	5dc6196f8970	5dc6192e2d30	100000	69	10000	100000
17.237552	8603a	2b85	2f90	e	1f2141	5dc619694730	540	622	7ffe4ac8e740	2b85	5dc6196e2d40	5dc6196f8970	5dc618f22d30	1f0000	69	10000	1f0000
17.250683	8607f	61f	2f90	a	126671	5dc619694730	76	3ae	7ffe4ac8e740	2b85	5dc6196e2d40	5dc6196f8970	5dc619222d30	130000	69	10000	130000
17.258823	b58ee	1030d	5dc60aa65830	0	14489	0	14489	4f9b	7ffe4ac8e738	19007	5dc6197129d0	77	711a7d61ace0	1358	6401	19007	141ea
17.272919	8607f	b7b	2f90	b	dba3a	5dc619694730	cc	700	7ffe4ac8e740	2b85	5dc6196e2d40	5dc6196f8970	5dc619362d30	e0000	69	10000	e0000
17.278651	135472af3bf6	0	711a7d61ac80	711a7d61ac98	5dc61ad33020	5dc61ad33	711a7d61ac88	21	7ffe4ac8e540	243f7	5dc61ad33030	5dc61979d5f0	f0ea5255c83e99f	5dc61b644d40	30	3	20
17.292400	8605e	e59	2f90	b	7cce2	5dc619694730	f3	5c6	7ffe4ac8e740	2b85	5dc6196e2d40	5dc6196f8970	5dc6194e2d30	80000	69	10000	80000
17.301386	855f4	7bc9e688	281c3	281c3	0	115ec	1dd5	7ffffffffec182c3	7ffe4ac8e740	281c3	0	0	a71f51b4d224305a	1dd5	1a348	47f84de3532f7c	2b85
17.309022	860e7	5dc6196a2d30	5f0	11	128ecb	5dc619694730	2b85	79d	7ffe4ac8e740	2b85	5dc6196e2d40	5dc6196f8970	5dc6192a2d30	0	5ec	10000	110000
17.321503	b57f5	61196e9ca3dfce3e	33637	0	2f712	539513c	85a1b9d7d5535a64	800000000539513c	7ffe4ac8e738	33637	0	14e3ea36	a71f51b4d224305a	2521	112e	85a1b9d7d5535a64	2b85
17.328647	8607f	33337	2f90	11	e7681	5dc619694730	24fe	b8c	7ffe4ac8e740	2b85	5dc6196e2d40	5dc6196f8970	5dc619322d30	f0000	69	10000	f0000
17.335947	8607f	51b	2f90	a	1f8eb9	5dc619694730	68	aae	7ffe4ac8e740	2b85	5dc6196e2d40	5dc6196f8970	5dc618ee2d30	200000	69	10000	200000
17.347699	86007	9bc5	2f90	f	839c2	5dc619694730	84d	5c6	7ffe4ac8e740	2b85	5dc6196e2d40	5dc6196f8970	5dc6194e2d30	80000	69	10000	80000
17.358955	86042	5dc619654710	2f90	11	dc113	5dc619694730	243d	274	7ffe4ac8e740	2b85	5dc6196e2d40	5dc6196f8970	5dc6193a2d30	d0000	69	10000	d0000
17.371648	b5660	f16622d2c9fffd79	5671	0	5671	8996c29	716622d2c1f7dd51	8000000008996c29	7ffe4ac8e738	566b	0	14e3ea36	a71f51b4d224305a	4e2	55fc	716622d2c1f7dd51	2b85
17.378384	8605e	191	2f90	8	970dd	5dc619694730	20	1d7	7ffe4ac8e740	2b85	5dc6196e2d40	5dc6196f8970	5dc619462d30	a0000	69	10000	a0000
17.385206	8607f	491f	2f90	e	178b8a	5dc619694730	433	5c	7ffe4ac8e740	2b85	5dc6196e2d40	5dc6196f8970	5dc6190e2d30	180000	69	10000	180000
17.390629	8605a	18d	2f90	8	1a3ba4	5dc619694730	1f	f9	7ffe4ac8e740	2b85	5dc6196e2d40	5dc6196f8970	5dc619022d30	1b0000	69	10000	1b0000
17.404532	86007	29b15	2f90	11	1076e6	5dc619694730	1ed3	311	7ffe4ac8e740	2b85	5dc6196e2d40	5dc6196f8970	5dc6192e2d30	100000	69	10000	100000
17.417989	8605e	43	2f90	6	2bab8	5dc619694730	7	918	7ffe4ac8e740	2b85	5dc6196e2d40	5dc6196f8970	5dc619622d30	30000	69	10000	30000
17.425204	8603a	2b85	2f90	11	13b07b	5dc619694730	225f	c29	7ffe4ac8e740	2b85	5dc6196e2d40	5dc6196f8970	5dc619262d30	120000	69	10000	120000
17.433799	860e3	5dc6196a2d30	74fc	11	80007	5dc619694730	2b85	5c6	7ffe4ac8e740	2b85	5dc6196e2d40	5dc6196f8970	5dc6194e2d30	0	74f8	10000	80000
17.439705	860b9	1111	db18	11	11ac2a	5dc619694730	2b85	700	7ffe4ac8e740	2b85	5dc6196e2d40	5dc6196f8970	5dc619362d30	0	db14	10000	e0000
17.451067	8605e	301	2f90	9	1603a9	5dc619694730	3d	8d7	7ffe4ac8e740	2b85	5dc6196e2d40	5dc6196f8970	5dc619122d30	170000	69	10000	170000
17.460624	860cc	2a04	2a04	11	c5248	5dc619694730	2b85	aef	7ffe4ac8e740	2b85	5dc6196e2d40	5dc6196f8970	5dc6193e2d30	0	2a00	10000	c0000
17.469224	b580f	127af39c1ef708fd	2c97d	0	3c5	fffffffffb1f31be	7686c57926a80c4e	7ffffffffb1f31be	7ffe4ac8e738	2c97d	4e0ce41	0	a71f51b4d224305a	20ad	e6e6	89793a86d957f3b2	2b85
17.479621	86031	2b85	2f90	11	1d11f0	5dc619694730	1bc4	f9	7ffe4ac8e740	2b85	5dc6196e2d40	5dc6196f8970	5dc619022d30	1b0000	69	10000	1b0000
17.490050	8607f	27235	2f90	11	19ced7	5dc619694730	1d26	974	7ffe4ac8e740	2b85	5dc6196e2d40	5dc6196f8970	5dc619062d30	1a0000	69	10000	1a0000
17.501403	860e3	5dc6196a2d30	b018	11	1a8613	5dc619694730	2b85	4e8	7ffe4ac8e740	2b85	5dc6196e2d40	5dc6196f8970	5dc6190a2d30	0	b014	10000	190000
17.513843	8605e	217e7	2f90	11	232f8	5dc619694730	195f	918	7ffe4ac8e740	2b85	5dc6196e2d40	5dc6196f8970	5dc619622d30	30000	69	10000	30000
17.524055	860e7	5dc6196a2d30	666c	11	50f8a	5dc619694730	2b85	918	7ffe4ac8e740	2b85	5dc6196e2d40	5dc6196f8970	5dc619622d30	0	6668	10000	30000
17.533922	8605e	bd67	2f90	f	1b124	5dc619694730	9e6	48c	7ffe4ac8e740	2b85	5dc6196e2d40	5dc6196f8970	5dc619662d30	20000	69	10000	20000
17.546940	8605e	35c3	2f90	d	18112f	5dc619694730	342	4e8	7ffe4ac8e740	2b85	5dc6196e2d40	5dc6196f8970	5dc6190a2d30	190000	69	10000	190000
17.554240	86a9d	2b85	5dc6196397b0	5121	5dc619654710	5213	31e7f	5dc61be19d50	7ffe4ac8e740	5209	4a0	5dc61b7d56b0	f0ea5255c83e99f	5dc60aa6b088	5dc61983dba0	2b85	7ffe4ac8e7f0
17.567393	8605e	1e07	2f90	c	18f200	5dc619694730	1e5	4e8	7ffe4ac8e740	2b85	5dc6196e2d40	5dc6196f8970	5dc6190a2d30	190000	69	10000	190000
17.576040	8607f	1f	2f90	4	fb731	5dc619694730	5	311	7ffe4ac8e740	2b85	5dc6196e2d40	5dc6196f8970	5dc6192e2d30	100000	69	10000	100000
17.589904	b58c4	33d7	5dc60aa65830	0	be52	0	321a7281	7141	7ffe4ac8e738	f769	5dc6197129d0	5dc61b57b0e0	711a7d61ace0	c7b	f767	f769	7141
17.596690	8605e	1f	2f90	4	19c0b1	5dc619694730	5	974	7ffe4ac8e740	2b85	341c0	5dc6196f8970	5dc619062d30	1a0000	69	10000	1a0000
17.605060	860e7	5dc6196a2d30	d3b4	11	4e20f	5dc619694730	2b85	9d	7ffe4ac8e740	2b85	5dc6196e2d40	5dc6196f8970	5dc6195e2d30	0	d3b0	10000	40000
17.615042	8601e	5dc61983dba0	2f90	10	1e8a66	5dc619694730	14b9	196	7ffe4ac8e740	2b85	5dc6196e2d40	5dc6196f8970	5dc618f62d30	1e0000	69	10000	1e0000
17.623484	8605e	14b	2f90	8	baf81	5dc619694730	19	aef	7ffe4ac8e740	2b85	5dc6196e2d40	5dc6196f8970	5dc6193e2d30	c0000	69	10000	c0000
17.633079	86061	d3	2f90	7	1c41b	5dc619694730	10	48c	7ffe4ac8e740	2b85	5dc6196e2d40	5dc6196f8970	5dc619662d30	20000	69	10000	20000
17.643843	8605e	2a1	2f90	9	57255	5dc619694730	38	9b5	7ffe4ac8e740	2b85	5dc6196e2d40	5dc6196f8970	5dc619562d30	60000	69	10000	60000
17.650208	86007	6b2d	2f90	e	c2d9b	5dc619694730	5ea	aef	7ffe4ac8e740	2b85	5dc6196e2d40	5dc6196f8970	5dc6193e2d30	c0000	69	10000	c0000
17.657642	8601e	5dc61983dba0	2f90	f	1c7e49	5dc619694730	cd9	585	7ffe4ac8e740	2b85	5dc6196e2d40	5dc6196f8970	5dc618fe2d30	1c0000	69	10000	1c0000
17.672834	8605e	3c239	2f90	11	1ca958	5dc619694730	2add	a11	7ffe4ac8e740	2b85	5dc6196e2d40	5dc6196f8970	5dc618fa2d30	1d0000	69	10000	1d0000
17.687327	8605e	1499	2f90	c	18af29	5dc619694730	153	4e8	7ffe4ac8e740	2b85	5dc6196e2d40	5dc6196f8970	5dc6190a2d30	190000	69	10000	190000
17.693916	855f2	149bd	2e41b	2e41b	21ca5	17cf0	21c7	80000000034aee2f	7ffe4ac8e740	2e41b	0	0	a7032364a94ee94d	21c7	2cc2e	68088aa8c310a438	2b85
17.704849	8607f	31117	2f90	11	32107	5dc619694730	2394	9d	7ffe4ac8e740	2b85	5dc6196e2d40	5dc6196f8970	5dc6195e2d30	40000	69	10000	40000
17.710800	8607f	377	2f90	9	84679	5dc619694730	47	a52	7ffe4ac8e740	2b85	5dc6196e2d40	5dc6196f8970	5dc6194a2d30	90000	69	10000	90000
17.718145	8605a	327b	2f90	d	19c44a	5dc619694730	30f	974	7ffe4ac8e740	2b85	5dc6196e2d40	5dc6196f8970	5dc619062d30	1a0000	69	10000	1a0000
17.728817	8605e	349bb	2f90	11	1c2108	5dc619694730	25e6	a11	7ffe4ac8e740	2b85	5dc6196e2d40	5dc6196f8970	5dc618fa2d30	1d0000	69	10000	1d0000
17.737229	860b9	1111	51f8	11	12f343	5dc619694730	2b85	311	7ffe4ac8e740	2b85	5dc6196e2d40	5dc6196f8970	5dc6192e2d30	0	51f4	10000	100000
17.750396	860cc	a028	a028	11	4fc79	5dc619694730	2b85	918	7ffe4ac8e740	2b85	5dc6196e2d40	5dc6196f8970	5dc619622d30	0	a024	10000	30000
17.761443	86003	37a89	2f90	11	d7028	5dc619694730	27f5	663	7ffe4ac8e740	2b85	5dc6196e2d40	5dc6196f8970	5dc619422d30	b0000	69	10000	b0000
17.768495	8605e	12f17	2f90	10	173bb2	5dc619694730	ef0	5c	7ffe4ac8e740	2b85	5dc6196e2d40	5dc6196f8970	5dc6190e2d30	180000	69	10000	180000
17.780816	8605e	10f	2f90	8	4aca9	5dc619694730	14	529	7ffe4ac8e740	2b85	5dc6196e2d40	5dc6196f8970	5dc6195a2d30	50000	69	10000	50000
17.790373	855f2	ffffffffffff6730	16121	16121	ffffffffffffdfb6	146d0	113f	7ffffffff61b5a5b	7ffe4ac8e740	16121	0	14e0646c	a7032364a94ee94d	113f	8cde	5639709f92fd615f	2b85
17.801715	8607f	1f	2f90	4	42eb4	5dc619694730	5	529	7ffe4ac8e740	2b85	5dc6196e2d40	5dc6196f8970	5dc6195a2d30	50000	69	10000	50000
17.809500	8605e	1f	2f90	4	d14c1	5dc619694730	5	700	7ffe4ac8e740	2b85	341c0	5dc6196f8970	5dc619362d30	e0000	69	10000	e0000
17.819772	86019	5dc61983dba0	2f90	f	e01c2	5dc619694730	a8b	700	7ffe4ac8e740	2b85	5dc6196e2d40	5dc6196f8970	5dc619362d30	e0000	69	10000	e0000
17.831817	86a99	2b85	5dc6196397b0	19e7d	5dc619654710	2662f	0	5dc61bf64f70	7ffe4ac8e740	2662d	1c9c	5dc61b644d50	f0ea5255c83e99f	5dc60aa6b088	5dc61983dba0	2b85	7ffe4ac8e7f0
17.846139	860e7	5dc6196a2d30	d6a8	11	14cce4	5dc619694730	2b85	3ae	7ffe4ac8e740	2b85	5dc6196e2d40	5dc6196f8970	5dc619222d30	0	d6a4	10000	130000
17.860944	8605e	2d33d	2f90	11	104e7a	5dc619694730	2116	79d	7ffe4ac8e740	2b85	5dc6196e2d40	5dc6196f8970	5dc6192a2d30	110000	69	10000	110000
17.871980	860bd	286c	2868	11	182a37	5dc619694730	2b85	5c	7ffe4ac8e740	2b85	5dc6196e2d40	5dc6196f8970	5dc6190e2d30	0	2864	10000	180000
17.883110	8605e	31327	2f90	11	1f485d	5dc619694730	23ab	aae	7ffe4ac8e740	2b85	5dc6196e2d40	5dc6196f8970	5dc618ee2d30	200000	69	10000	200000
17.892331	8607f	257	2f90	9	edaf8	5dc619694730	2f	b8c	7ffe4ac8e740	2b85	5dc6196e2d40	5dc6196f8970	5dc619322d30	f0000	69	10000	f0000
17.901438	8605a	43	2f90	6	60ebb	5dc619694730	7	13a	7ffe4ac8e740	2b85	5dc6196e2d40	5dc6196f8970	5dc619522d30	70000	69	10000	70000
17.915919	8605e	20167	2f90	11	1b731	5dc619694730	185f	48c	7ffe4ac8e740	2b85	5dc6196e2d40	5dc6196f8970	5dc619662d30	20000	69	10000	20000
17.927205	b58c4	0	5dc60aa65830	0	14535	0	14535	1	7ffe4ac8e738	2cda1	5dc6197129d0	77	711a7d61ace0	20dc	2cd9f	2cda1	14535
17.935485	86066	2335f	2f90	11	e1f6c	5dc619694730	1a8e	700	7ffe4ac8e740	2b85	5dc6196e2d40	5dc6196f8970	5dc619362d30	e0000	69	10000	e0000
17.941430	860b9	1111	459c	11	17669d	5dc619694730	2b85	83a	7ffe4ac8e740	2b85	5dc6196e2d40	5dc6196f8970	5dc6191e2d30	0	4598	10000	140000
17.949976	135472bf0b24	5dc6196afda0	341c	6e00	d070	5dc6196a8fa0	5dc6196b6010	5c6	7ffe4ac8e738	5dc6196afda0	d070	5dc6196f8970	5dc619522d30	80000	341c	10000	80000
17.964836	8605e	1405d	2f90	10	562d2	5dc619694730	fc2	9b5	7ffe4ac8e740	2b85	5dc6196e2d40	5dc6196f8970	5dc619562d30	60000	69	10000	60000
17.970781	8605e	1cbe3	2f90	10	c85cf	5dc619694730	1614	274	7ffe4ac8e740	2b85	5dc6196e2d40	5dc6196f8970	5dc6193a2d30	d0000	69	10000	d0000
17.983278	86020	5dc61983dba0	2f90	11	1fa07b	5dc619694730	2a8b	622	7ffe4ac8e740	2b85	5dc6196e2d40	5dc6196f8970	5dc618f22d30	1f0000	69	10000	1f0000
17.995091	8605e	3d1	2f90	9	7c2ec	5dc619694730	50	5c6	7ffe4ac8e740	2b85	5dc6196e2d40	5dc6196f8970	5dc6194e2d30	80000	69	10000	80000
18.002646	135472bf0b8a	5dc6196a614c	d07	788	341c	5dc6196a59c4	5dc6196a8de0	974	7ffe4ac8e738	5dc6196a614c	190000	5dc6196f8970	5dc6190a2d30	1a0000	d07	10000	1a0000
18.016998	86007	20e15	2f90	11	13f50a	5dc619694730	18ea	3ae	7ffe4ac8e740	2b85	5dc6196e2d40	5dc6196f8970	5dc619222d30	130000	69	10000	130000
18.024542	b57f5	4b08bdab17897bb7	2b05d	0	157dd	9f89283	bfe8b669096f1958	8000000009f89283	7ffe4ac8e738	2b05d	0	0	b3dae941efd69fe6	1fae	2678e	bfe8b669096f1958	2b85
18.032049	8607f	43	2f90	6	e472b	5dc619694730	7	b8c	7ffe4ac8e740	2b85	5dc6196e2d40	5dc6196f8970	5dc619322d30	f0000	69	10000	f0000
18.044369	86042	5dc619654710	2f90	f	1e0388	5dc619694730	bfe	196	7ffe4ac8e740	2b85	5dc6196e2d40	5dc6196f8970	5dc618f62d30	1e0000	69	10000	1e0000
18.055074	860e7	5dc6196a2d30	8adc	11	217df2	5dc619694730	2b85	622	7ffe4ac8e740	2b85	5dc6196e2d40	5dc6196f8970	5dc618f22d30	0	8ad8	10000	1f0000
18.068145	86042	5dc619654710	2f90	c	110818	5dc619694730	124	79d	7ffe4ac8e740	2b85	5dc6196e2d40	5dc6196f8970	5dc6192a2d30	110000	69	10000	110000
18.075314	86046	12ea5	2f90	10	1c63a6	5dc619694730	ee6	585	7ffe4ac8e740	2b85	5dc6196e2d40	5dc6196f8970	5dc618fe2d30	1c0000	69	10000	1c0000
18.083232	8605e	869	2f90	b	ae07d	5dc619694730	a0	663	7ffe4ac8e740	2b85	5dc6196e2d40	5dc6196f8970	5dc619422d30	b0000	69	10000	b0000
18.098166	8605e	65	2f90	6	b8caa	5dc619694730	9	aef	7ffe4ac8e740	2b85	5dc6196e2d40	5dc6196f8970	5dc6193e2d30	c0000	69	10000	c0000
18.104911	8607f	1f	2f90	4	142bf2	5dc619694730	5	cc6	7ffe4ac8e740	2b85	5dc6196e2d40	5dc6196f8970	5dc6191a2d30	150000	69	10000	150000
18.110592	8606e	24425	2f90	11	1819b2	5dc619694730	1b3b	5c	7ffe4ac8e740	2b85	5dc6196e2d40	5dc6196f8970	5dc6190e2d30	180000	69	10000	180000
18.120200	8607f	25	2f90	5	134ff4	5dc619694730	6	83a	7ffe4ac8e740	2b85	5dc6196e2d40	5dc6196f8970	5dc6191e2d30	140000	69	10000	140000
18.134989	8607f	c577	2f90	f	11c6a6	5dc619694730	a45	c29	7ffe4ac8e740	2b85	5dc6196e2d40	5dc6196f8970	5dc619262d30	120000	69	10000	120000
18.142271	8607f	1f	2f90	4	1f0053	5dc619694730	5	aae	7ffe4ac8e740	2b85	5dc6196e2d40	5dc6196f8970	5dc618ee2d30	200000	69	10000	200000
18.152641	855be	ffffffff04bbf990	211ed	5dc619984750	0	1499d	1916	8000000001ac7ba3	7ffe4ac8e740	211ed	0	167b5d28	b3dae941efd69fe6	1916	61de	60c38674153150e0	2b85
18.166691	8605a	1de85	2f90	10	1bcb4c	5dc619694730	16eb	585	7ffe4ac8e740	2b85	5dc6196e2d40	5dc6196f8970	5dc618fe2d30	1c0000	69	10000	1c0000
18.172868	b5650	fffffffff79e7fed	102b	0	102b	fffffffff69867e9	fe03f1a531861b85	7ffffffff69867e9	7ffe4ac8e738	1025	0	167b5d28	b3dae941efd69fe6	10d	730	fe03f1a531861b85	2b85
18.180930	8607b	3c5db	2f90	11	f7ba9	5dc619694730	2b02	311	7ffe4ac8e740	2b85	5dc6196e2d40	5dc6196f8970	5dc6192e2d30	100000	69	10000	100000
18.186182	8606e	3141d	2f90	11	12adb7	5dc619694730	23b5	79d	7ffe4ac8e740	2b85	5dc6196e2d40	5dc6196f8970	5dc6192a2d30	110000	69	10000	110000
18.198272	86046	5ad3	2f90	e	2054ad	5dc619694730	51e	aae	7ffe4ac8e740	2b85	5dc6196e2d40	5dc6196f8970	5dc618ee2d30	200000	69	10000	200000
18.205372	8605e	2a1	2f90	9	ad769	5dc619694730	38	663	7ffe4ac8e740	2b85	5dc6196e2d40	5dc6196f8970	5dc619422d30	b0000	69	10000	b0000
18.213277	86066	31f7b	2f90	11	1ee4bd	5dc619694730	2429	196	7ffe4ac8e740	2b85	5dc6196e2d40	5dc6196f8970	5dc618f62d30	1e0000	69	10000	1e0000
18.218549	86020	5dc61983dba0	ad4	e	201055	5dc619694730	6ae	233	7ffe4ac8e740	2b85	5dc6196e2d40	5dc6196f8970	5dc618ea2d30	200001	69	1	200001
18.232054	8605e	22f21	2f90	11	15d86a	5dc619694730	1a64	44b	7ffe4ac8e740	2b85	5dc6196e2d40	5dc6196f8970	5dc619162d30	160000	69	10000	160000
18.239574	8607f	18049	2f90	10	14207	5dc619694730	12aa	48c	7ffe4ac8e740	2b85	5dc6196e2d40	5dc6196f8970	5dc619662d30	20000	69	10000	20000
18.254377	b58c4	631f	5dc60aa65830	0	655a	0	2b016b69	224f	7ffe4ac8e738	6f11	5dc6197129d0	77	711a7d61ace0	61e	6	6f11	68ed
18.262161	85709	7	26eed	0	14ef9	5dc61983dba0	1cfd	7ffffffff76f432a	7ffe4ac8e740	26eed	0	168cfa1a	b467d0d2bc010327	1cfd	5dc6196386d0	b2d788a655748393	2b85
18.270707	8607f	25	2f90	5	175f7e	5dc619694730	6	5c	7ffe4ac8e740	2b85	5dc6196e2d40	5dc6196f8970	5dc6190e2d30	180000	69	10000	180000
18.285232	8605e	43	2f90	6	13e74d	5dc619694730	7	83a	7ffe4ac8e740	2b85	5dc6196e2d40	5dc6196f8970	5dc6191e2d30	140000	69	10000	140000
18.297919	8605e	25f	2f90	9	26	5dc619694730	31	d07	7ffe4ac8e740	2b85	5dc6196e2d40	5dc6196f8970	5dc6196a2d30	10000	69	10000	10000
18.312579	86066	1d827	2f90	10	1f9a8a	5dc619694730	169d	622	7ffe4ac8e740	2b85	5dc6196e2d40	5dc6196f8970	5dc618f22d30	1f0000	69	10000	1f0000
18.324777	8605e	2dee9	2f90	11	aef5f	5dc619694730	2191	663	7ffe4ac8e740	2b85	5dc6196e2d40	5dc6196f8970	5dc619422d30	b0000	69	10000	b0000
18.330135	8607f	a7ab	2f90	f	cabf2	5dc619694730	8ec	274	7ffe4ac8e740	2b85	5dc6196e2d40	5dc6196f8970	5dc6193a2d30	d0000	69	10000	d0000
18.343269	8566e	0	31903	31903	99f9	5dc61983dba0	23eb	7ffffffff92ee5e2	7ffe4ac8e740	31903	0	168cfa1a	b467d0d2bc010327	23eb	5dc6196386d0	e0767e6322c5dd8e	2b85
18.353984	8607f	39d4f	2f90	11	49480	5dc619694730	2961	529	7ffe4ac8e740	2b85	5dc6196e2d40	5dc6196f8970	5dc6195a2d30	50000	69	10000	50000
18.367983	85709	6	288c1	0	19370	5dc61983dba0	1e16	8000000003e962a9	7ffe4ac8e740	288c1	0	168cfa1a	b467d0d2bc010327	1e16	5dc6196386d0	514166932e1cf27d	2b85
18.382577	86046	8675	2f90	f	2034a9	5dc619694730	74b	aae	7ffe4ac8e740	2b85	5dc6196e2d40	5dc6196f8970	5dc618ee2d30	200000	69	10000	200000
18.392777	b580f	1af6af2d03aaa713	bc03	0	a66f	fffffffffa4a6ce0	79891c385db28fa8	7ffffffffa4a6ce0	7ffe4ac8e738	bc03	5b5931f	168cfa1a	b467d0d2bc010327	9d5	b0b7	8676e3c7a24d7058	2b85
18.400436	8605e	19c25	2f90	10	f2c4a	5dc619694730	13ed	311	7ffe4ac8e740	2b85	5dc6196e2d40	5dc6196f8970	5dc6192e2d30	100000	69	10000	100000
18.413593	8605e	1e25	2f90	c	40953	5dc619694730	1e7	529	7ffe4ac8e740	2b85	5dc6196e2d40	5dc6196f8970	5dc6195a2d30	50000	69	10000	50000
18.427446	85715	5dc6198537d0	10b1	0	f06	5dc61983dba0	115	7ffffffff51d8bf5	7ffe4ac8e740	10b1	0	0	b467d0d2bc010327	115	5dc6196386d0	c0523ddd26a6ce13	2b85
18.433317	135472bf0b8a	5dc6196a9568	1a0e	560	6838	5dc6196a9008	5dc6196af840	48c	7ffe4ac8e738	5dc6196a9568	10000	5dc6196f8970	5dc6196a2d30	20000	1a0e	10000	20000
18.440964	86046	284b1	2f90	11	13b2e7	5dc619694730	1dee	3ae	7ffe4ac8e740	2b85	5dc6196e2d40	5dc6196f8970	5dc619222d30	130000	69	10000	130000
18.452363	8605e	3361d	2f90	11	1ab0c3	5dc619694730	251f	f9	7ffe4ac8e740	2b85	5dc6196e2d40	5dc6196f8970	5dc619022d30	1b0000	69	10000	1b0000
18.464837	8606e	2414b	2f90	11	c3678	5dc619694730	1b22	663	7ffe4ac8e740	2b85	5dc6196e2d40	5dc6196f8970	5dc619422d30	b0000	69	10000	b0000
18.471557	8605e	1d4b	2f90	c	1885e4	5dc619694730	1da	4e8	7ffe4ac8e740	2b85	5dc6196e2d40	5dc6196f8970	5dc6190a2d30	190000	69	10000	190000
18.486182	8607f	301	2f90	9	172831	5dc619694730	3d	5c	7ffe4ac8e740	2b85	5dc6196e2d40	5dc6196f8970	5dc6190e2d30	180000	69	10000	180000
18.496992	8607f	1f	2f90	4	1da8eb	5dc619694730	5	196	7ffe4ac8e740	2b85	5dc6196e2d40	5dc6196f8970	5dc618f62d30	1e0000	69	10000	1e0000
18.505806	8607f	212e7	2f90	11	131da3	5dc619694730	1925	83a	7ffe4ac8e740	2b85	5dc6196e2d40	5dc6196f8970	5dc6191e2d30	140000	69	10000	140000
18.514945	8605a	28c61	2f90	11	af7af	5dc619694730	1e3a	663	7ffe4ac8e740	2b85	5dc6196e2d40	5dc6196f8970	5dc619422d30	b0000	69	10000	b0000
18.521716	8605e	1c019	2f90	10	17c608	5dc619694730	1590	5c	7ffe4ac8e740	2b85	5dc6196e2d40	5dc6196f8970	5dc6190e2d30	180000	69	10000	180000
18.535644	8601e	5dc61983dba0	2f90	10	12eb2e	5dc619694730	1497	c29	7ffe4ac8e740	2b85	5dc6196e2d40	5dc6196f8970	5dc619262d30	120000	69	10000	120000
18.543011	855e1	da7b68	332b	332b	0	1858	31c	8000000001cc8346	7ffe4ac8e740	332b	0	168cfa1a	b467d0d2bc010327	31c	1cd7	308f77efb3352a44	2b85
18.552267	8605e	241	2f90	9	1b292e	5dc619694730	2d	585	7ffe4ac8e740	2b85	5dc6196e2d40	5dc6196f8970	5dc618fe2d30	1c0000	69	10000	1c0000
18.560123	8605e	32ee1	2f90	11	b0fa8	5dc619694730	24ca	aef	7ffe4ac8e740	2b85	5dc6196e2d40	5dc6196f8970	5dc6193e2d30	c0000	69	10000	c0000
18.570370	8607f	24cb3	2f90	11	c404b	5dc619694730	1b98	274	7ffe4ac8e740	2b85	5dc6196e2d40	5dc6196f8970	5dc6193a2d30	d0000	69	10000	d0000
18.585151	8607f	1fb5	2f90	c	1d7c26	5dc619694730	201	196	7ffe4ac8e740	2b85	5dc6196e2d40	5dc6196f8970	5dc618f62d30	1e0000	69	10000	1e0000
18.592552	8605e	36a0f	2f90	11	a46ef	5dc619694730	2744	663	7ffe4ac8e740	2b85	5dc6196e2d40	5dc6196f8970	5dc619422d30	b0000	69	10000	b0000
18.598268	8605e	3bd25	2f90	11	f10fe	5dc619694730	2aad	311	7ffe4ac8e740	2b85	5dc6196e2d40	5dc6196f8970	5dc6192e2d30	100000	69	10000	100000
18.609395	8605e	2f515	2f90	11	168c41	5dc619694730	2278	8d7	7ffe4ac8e740	2b85	5dc6196e2d40	5dc6196f8970	5dc619122d30	170000	69	10000	170000
18.616472	8605e	394a3	2f90	11	14f1f	5dc619694730	2909	48c	7ffe4ac8e740	2b85	5dc6196e2d40	5dc6196f8970	5dc619662d30	20000	69	10000	20000
18.624325	8605e	1c037	2f90	10	16819f	5dc619694730	1591	8d7	7ffe4ac8e740	2b85	5dc6196e2d40	5dc6196f8970	5dc619122d30	170000	69	10000	170000
18.630449	8607f	2682b	2f90	11	1eb8d8	5dc619694730	1cb2	622	7ffe4ac8e740	2b85	5dc6196e2d40	5dc6196f8970	5dc618f22d30	1f0000	69	10000	1f0000
18.642214	8607f	1509b	2f90	10	70b29	5dc619694730	1080	5c6	7ffe4ac8e740	2b85	5dc6196e2d40	5dc6196f8970	5dc6194e2d30	80000	69	10000	80000
18.655185	8607f	19639	2f90	10	1e5a94	5dc619694730	13a2	622	7ffe4ac8e740	2b85	5dc6196e2d40	5dc6196f8970	5dc618f22d30	1f0000	69	10000	1f0000
18.667364	86007	2266d	2f90	11	d08db	5dc619694730	1a05	aef	7ffe4ac8e740	2b85	5dc6196e2d40	5dc6196f8970	5dc6193e2d30	c0000	69	10000	c0000
18.679776	8600a	7ded	2f90	e	1d5deb	5dc619694730	6de	a11	7ffe4ac8e740	2b85	5dc6196e2d40	5dc6196f8970	5dc618fa2d30	1d0000	69	10000	1d0000
18.686377	860bd	7cc0	7cbc	11	155f2	5dc619694730	2b85	d07	7ffe4ac8e740	2b85	5dc6196e2d40	5dc6196f8970	5dc6196a2d30	0	7cb8	10000	10000
18.697674	8607f	c137	2f90	f	9242e	5dc619694730	a13	1d7	7ffe4ac8e740	2b85	5dc6196e2d40	5dc6196f8970	5dc619462d30	a0000	69	10000	a0000
18.703698	8607f	1f127	2f90	10	f9557	5dc619694730	17ad	311	7ffe4ac8e740	2b85	5dc6196e2d40	5dc6196f8970	5dc6192e2d30	100000	69	10000	100000
18.715797	8607f	16103	2f90	10	1d21c0	5dc619694730	113c	196	7ffe4ac8e740	2b85	5dc6196e2d40	5dc6196f8970	5dc618f62d30	1e0000	69	10000	1e0000
18.728187	8607f	3648d	2f90	11	b5a48	5dc619694730	2709	aef	7ffe4ac8e740	2b85	5dc6196e2d40	5dc6196f8970	5dc6193e2d30	c0000	69	10000	c0000
18.740338	135472bf0b24	5dc6196bce10	6838	3470	1a0e0	5dc6196b99a0	5dc6196d3a80	585	7ffe4ac8e738	5dc6196bce10	1a0e0	5dc6196f8970	5dc619022d30	1c0000	6838	10000	1c0000
18.749408	86082	265	2f90	9	13e101	5dc619694730	32	83a	7ffe4ac8e740	2b85	5dc6196e2d40	5dc6196f8970	5dc6191e2d30	140000	69	10000	140000
18.754813	8607f	24b	2f90	9	1505ff	5dc619694730	2e	44b	7ffe4ac8e740	2b85	5dc6196e2d40	5dc6196f8970	5dc619162d30	160000	69	10000	160000
18.764853	8742a	3	0	5dc61a037700	1	5dc61a0376a0	6f	5dc61c202930	7ffe4ac8e740	5dc6198f16e0	6f	0	22a4	5dc61a037680	5	5dc61a037688	6f
18.771943	8565c	8b9	190c1	190c1	880f	e147	1362	800000000552308c	7ffe4ac8e740	190c1	0	0	b483ff22e4d64a34	1362	5dc6196386d0	b708d71bc2c626ed	2b85
18.780304	8603a	2b85	2f90	11	166a1e	5dc619694730	1fc4	cc6	7ffe4ac8e740	2b85	5dc6196e2d40	5dc6196f8970	5dc6191a2d30	150000	69	10000	150000
18.789242	86049	107b7	2f90	10	d5898	5dc619694730	d2d	274	7ffe4ac8e740	2b85	5dc6196e2d40	5dc6196f8970	5dc6193a2d30	d0000	69	10000	d0000
18.801325	8605e	36de1	2f90	11	19fe52	5dc619694730	2770	974	7ffe4ac8e740	2b85	5dc6196e2d40	5dc6196f8970	5dc619062d30	1a0000	69	10000	1a0000
18.813213	8607b	1f	2f90	4	462a6	5dc619694730	5	529	7ffe4ac8e740	2b85	5dc6196e2d40	5dc6196f8970	5dc6195a2d30	50000	69	10000	50000
18.822168	8607f	2d289	2f90	11	1fc56b	5dc619694730	210c	aae	7ffe4ac8e740	2b85	5dc6196e2d40	5dc6196f8970	5dc618ee2d30	200000	69	10000	200000
18.833996	8607f	22b47	2f90	11	a2891	5dc619694730	1a3c	663	7ffe4ac8e740	2b85	5dc6196e2d40	5dc6196f8970	5dc619422d30	b0000	69	10000	b0000
18.842740	86046	3057d	2f90	11	3c81c	5dc619694730	231e	48c	7ffe4ac8e740	2b85	5dc6196e2d40	5dc6196f8970	5dc619662d30	20000	69	10000	20000
18.851759	8605e	33de5	2f90	11	1e5353	5dc619694730	256b	622	7ffe4ac8e740	2b85	5dc6196e2d40	5dc6196f8970	5dc618f22d30	1f0000	69	10000	1f0000
18.863466	8605e	f25	2f90	b	5704c	5dc619694730	fe	9b5	7ffe4ac8e740	2b85	5dc6196e2d40	5dc6196f8970	5dc619562d30	60000	69	10000	60000
18.872350	86061	dc9d	2f90	f	1d4c33	5dc619694730	b47	a11	7ffe4ac8e740	2b85	5dc6196e2d40	5dc6196f8970	5dc618fa2d30	1d0000	69	10000	1d0000
18.880288	8607f	36985	2f90	11	ceaf6	5dc619694730	273b	274	7ffe4ac8e740	2b85	5dc6196e2d40	5dc6196f8970	5dc6193a2d30	d0000	69	10000	d0000
18.889968	8605e	28d	2f90	9	957d9	5dc619694730	36	1d7	7ffe4ac8e740	2b85	5dc6196e2d40	5dc6196f8970	5dc619462d30	a0000	69	10000	a0000
18.902676	8607f	1e7	2f90	8	1d089c	5dc619694730	26	196	7ffe4ac8e740	2b85	5dc6196e2d40	5dc6196f8970	5dc618f62d30	1e0000	69	10000	1e0000
18.915206	8605a	2c22b	2f90	11	1aaaf0	5dc619694730	2063	f9	7ffe4ac8e740	2b85	5dc6196e2d40	5dc6196f8970	5dc619022d30	1b0000	69	10000	1b0000
18.929414	8605e	3a9	2f90	9	15e79d	5dc619694730	4a	44b	7ffe4ac8e740	2b85	5dc6196e2d40	5dc6196f8970	5dc619162d30	160000	69	10000	160000
18.944145	135472bf0b24	5dc6196bce10	6838	11830	1a0e0	5dc6196ab5e0	5dc6196c56c0	311	7ffe4ac8e738	5dc6196bce10	1a0e0	5dc6196f8970	5dc619322d30	100000	6838	10000	100000
18.950180	8607f	150b	2f90	c	141994	5dc619694730	157	cc6	7ffe4ac8e740	2b85	5dc6196e2d40	5dc6196f8970	5dc6191a2d30	150000	69	10000	150000
18.957445	855f2	ffffffffffff180d	22291	22291	ffffffffffffbee1	1807b	19d1	80000000088869d2	7ffe4ac8e740	22291	0	0	a55c6cb244cfbf8a	19d1	1aa1	b72b1346dcf2c0ab	2b85
18.964169	8607f	900d	2f90	f	98151	5dc619694730	7c0	1d7	7ffe4ac8e740	2b85	5dc6196e2d40	5dc6196f8970	5dc619462d30	a0000	69	10000	a0000
18.970185	8605e	c99d	2f90	f	fea22	5dc619694730	a78	311	7ffe4ac8e740	2b85	5dc6196e2d40	5dc6196f8970	5dc6192e2d30	100000	69	10000	100000
18.981359	860e7	5dc6196a2d30	2bdc	11	19860a	5dc619694730	2b85	8d7	7ffe4ac8e740	2b85	5dc6196e2d40	5dc6196f8970	5dc619122d30	0	2bd8	10000	170000
18.995483	8601e	5dc61983dba0	2f90	10	102a33	5dc619694730	10a9	311	7ffe4ac8e740	2b85	5dc6196e2d40	5dc6196f8970	5dc6192e2d30	100000	69	10000	100000
19.009517	8605a	2f3a1	2f90	11	51d05	5dc619694730	2268	9b5	7ffe4ac8e740	2b85	5dc6196e2d40	5dc6196f8970	5dc619562d30	60000	69	10000	60000
19.019368	8605e	12515	2f90	10	24859	5dc619694730	e7f	918	7ffe4ac8e740	2b85	5dc6196e2d40	5dc6196f8970	5dc619622d30	30000	69	10000	30000
19.025519	8605e	b9b	2f90	b	aaf6a	5dc619694730	ce	663	7ffe4ac8e740	2b85	5dc6196e2d40	5dc6196f8970	5dc619422d30	b0000	69	10000	b0000
19.033535	86072	36233	2f90	11	20d465	5dc619694730	26ef	622	7ffe4ac8e740	2b85	5dc6196e2d40	5dc6196f8970	5dc618f22d30	1f0000	69	10000	1f0000
19.039494	8605e	191	2f90	8	26f58	5dc619694730	20	918	7ffe4ac8e740	2b85	5dc6196e2d40	5dc6196f8970	5dc619622d30	30000	69	10000	30000
19.051156	8605e	21035	2f90	11	c29b9	5dc619694730	1900	274	7ffe4ac8e740	2b85	5dc6196e2d40	5dc6196f8970	5dc6193a2d30	d0000	69	10000	d0000
19.060204	8605e	1cd	2f90	8	1b13d	5dc619694730	23	48c	7ffe4ac8e740	2b85	5dc6196e2d40	5dc6196f8970	5dc619662d30	20000	69	10000	20000
19.073943	860b9	1111	b018	5dc61a574a80	1c3b8b	5dc619694730	2b85	0	7ffe4ac8e740	2b85	5dc6196e2d40	5dc6196f8970	5dc619062d30	1	b014	10000	1a0000
19.087556	8607f	2ef	2f90	9	baa5b	5dc619694730	3c	aef	7ffe4ac8e740	2b85	5dc6196e2d40	5dc6196f8970	5dc6193e2d30	c0000	69	10000	c0000
19.095815	b57f5	88aa61beeb6d8ecb	104a1	0	294a	21e29b6	fe6d602d54ed22f5	80000000021e29b6	7ffe4ac8e738	104a1	0	14ab8d96	a55c6cb244cfbf8a	d0b	318a	fe6d602d54ed22f5	2b85
19.107979	8605e	1675	2f90	c	c341e	5dc619694730	172	274	7ffe4ac8e740	2b85	5dc6196e2d40	5dc6196f8970	5dc6193a2d30	d0000	69	10000	d0000
19.117969	8607f	14e49	2f90	10	badcf	5dc619694730	1069	aef	7ffe4ac8e740	2b85	5dc6196e2d40	5dc6196f8970	5dc6193e2d30	c0000	69	10000	c0000
19.123856	8605e	2e7f	2f90	d	dfc26	5dc619694730	2d7	700	7ffe4ac8e740	2b85	5dc6196e2d40	5dc6196f8970	5dc619362d30	e0000	69	10000	e0000
19.136503	8605e	15b	2f90	8	1f3f1c	5dc619694730	1b	aae	7ffe4ac8e740	2b85	5dc6196e2d40	5dc6196f8970	5dc618ee2d30	200000	69	10000	200000
19.151637	135472bf110a	0	80	7468	5dc61c395650	0	5dc61c399000	5dc61c3552b0	7ffe4ac8e738	0	5dc61c395650	5dc6197a44a0	711a7d61ace0	8000000000000000	5dc6196386d0	ae14	80
19.162827	8607f	b51	2f90	b	160d7	5dc619694730	cb	48c	7ffe4ac8e740	2b85	5dc6196e2d40	5dc6196f8970	5dc619662d30	20000	69	10000	20000
19.176947	86007	20cd1	2f90	11	20fb0f	5dc619694730	18de	aae	7ffe4ac8e740	2b85	5dc6196e2d40	5dc6196f8970	5dc618ee2d30	200000	69	10000	200000
19.189054	8605e	377	2f90	9	82cac	5dc619694730	47	a52	7ffe4ac8e740	2b85	5dc6196e2d40	5dc6196f8970	5dc6194a2d30	90000	69	10000	90000
19.198530	8605e	a8a9	2f90	f	1c687	5dc619694730	8f8	48c	7ffe4ac8e740	2b85	5dc6196e2d40	5dc6196f8970	5dc619662d30	20000	69	10000	20000
19.210770	8605e	a7	2f90	7	1022cf	5dc619694730	e	79d	7ffe4ac8e740	2b85	5dc6196e2d40	5dc6196f8970	5dc6192a2d30	110000	69	10000	110000
19.220461	8605e	43	2f90	6	ced9a	5dc619694730	7	274	7ffe4ac8e740	2b85	5dc6196e2d40	5dc6196f8970	5dc6193a2d30	d0000	69	10000	d0000
19.227576	86031	2b85	2f90	f	1c78c2	5dc619694730	795	585	7ffe4ac8e740	2b85	5dc6196e2d40	5dc6196f8970	5dc618fe2d30	1c0000	69	10000	1c0000
19.234837	b58e9	6318277f9d3cc03b	2b85	0	b44c	14aa60fd	9c3bbfa60f33f0f1	19b69	7ffe4ac8e738	2089f	5dc6197129d0	77	711a7d61ace0	18b2	18b1	2089f	1764d
19.247523	8605e	1f4bd	2f90	10	59d4c	5dc619694730	17d3	9b5	7ffe4ac8e740	2b85	5dc6196e2d40	5dc6196f8970	5dc619562d30	60000	69	10000	60000
19.261971	8605e	c1e1	2f90	f	19f0f	5dc619694730	a1b	48c	7ffe4ac8e740	2b85	5dc6196e2d40	5dc6196f8970	5dc619662d30	20000	69	10000	20000
19.269076	86011	12aaf	2f90	10	816ed	5dc619694730	ec0	5c6	7ffe4ac8e740	2b85	5dc6196e2d40	5dc6196f8970	5dc6194e2d30	80000	69	10000	80000
19.284007	8601e	5dc61983dba0	2f90	8	80167	5dc619694730	23	5c6	7ffe4ac8e740	2b85	5dc6196e2d40	5dc6196f8970	5dc6194e2d30	80000	69	10000	80000
19.293503	86055	3648b	2f90	11	285e4	5dc619694730	2708	48c	7ffe4ac8e740	2b85	5dc6196e2d40	5dc6196f8970	5dc619662d30	20000	69	10000	20000
19.301835	8605e	129d9	2f90	10	177be1	5dc619694730	eb4	5c	7ffe4ac8e740	2b85	5dc6196e2d40	5dc6196f8970	5dc6190e2d30	180000	69	10000	180000
19.311933	8607f	167	2f90	8	158ea5	5dc619694730	1c	44b	7ffe4ac8e740	2b85	5dc6196e2d40	5dc6196f8970	5dc619162d30	160000	69	10000	160000
19.317808	8605e	6dcd	2f90	e	1ba96a	5dc619694730	60f	585	7ffe4ac8e740	2b85	5dc6196e2d40	5dc6196f8970	5dc618fe2d30	1c0000	69	10000	1c0000
19.327115	8607f	5ab	2f90	a	15ab77	5dc619694730	6f	44b	7ffe4ac8e740	2b85	5dc6196e2d40	5dc6196f8970	5dc619162d30	160000	69	10000	160000
19.334900	8607f	25	2f90	5	6400f	5dc619694730	6	13a	7ffe4ac8e740	2b85	5dc6196e2d40	5dc6196f8970	5dc619522d30	70000	69	10000	70000
19.341589	8607f	43f	2f90	a	10f3e8	5dc619694730	59	79d	7ffe4ac8e740	2b85	5dc6196e2d40	5dc6196f8970	5dc6192a2d30	110000	69	10000	110000
19.352771	8607f	1979	2f90	c	187109	5dc619694730	1a1	4e8	7ffe4ac8e740	2b85	5dc6196e2d40	5dc6196f8970	5dc6190a2d30	190000	69	10000	190000
19.367378	8605e	1f	2f90	4	170571	5dc619694730	5	5c	7ffe4ac8e740	2b85	341c0	5dc6196f8970	5dc6190e2d30	180000	69	10000	180000
19.374696	8601e	5dc61983dba0	2f90	11	44e6b	5dc619694730	1f98	9d	7ffe4ac8e740	2b85	5dc6196e2d40	5dc6196f8970	5dc6195e2d30	40000	69	10000	40000
19.388650	86019	5dc61983dba0	2f90	10	2149ff	5dc619694730	168f	aae	7ffe4ac8e740	2b85	5dc6196e2d40	5dc6196f8970	5dc618ee2d30	200000	69	10000	200000
19.395186	86007	1435d	2f90	10	62d1f	5dc619694730	fd9	9b5	7ffe4ac8e740	2b85	5dc6196e2d40	5dc6196f8970	5dc619562d30	60000	69	10000	60000
19.401174	8605e	101	2f90	8	cd654	5dc619694730	13	274	7ffe4ac8e740	2b85	5dc6196e2d40	5dc6196f8970	5dc6193a2d30	d0000	69	10000	d0000
19.410599	8607f	529	2f90	a	5b2e3	5dc619694730	6a	9b5	7ffe4ac8e740	2b85	5dc6196e2d40	5dc6196f8970	5dc619562d30	60000	69	10000	60000
19.420453	8605e	24613	2f90	11	36226	5dc619694730	1b4d	9d	7ffe4ac8e740	2b85	5dc6196e2d40	5dc6196f8970	5dc6195e2d30	40000	69	10000	40000
19.426557	8605e	d177	2f90	f	ae931	5dc619694730	ad5	663	7ffe4ac8e740	2b85	5dc6196e2d40	5dc6196f8970	5dc619422d30	b0000	69	10000	b0000
19.438234	8605e	2adb7	2f90	11	beb6c	5dc619694730	1f8d	aef	7ffe4ac8e740	2b85	5dc6196e2d40	5dc6196f8970	5dc6193e2d30	c0000	69	10000	c0000
19.445764	8605e	79f	2f90	a	1c7af4	5dc619694730	95	a11	7ffe4ac8e740	2b85	5dc6196e2d40	5dc6196f8970	5dc618fa2d30	1d0000	69	10000	1d0000
19.458522	8605a	829	2f90	b	a3a3c	5dc619694730	9d	663	7ffe4ac8e740	2b85	5dc6196e2d40	5dc6196f8970	5dc619422d30	b0000	69	10000	b0000
19.468320	8605e	24ae7	2f90	11	76c16	5dc619694730	1b80	5c6	7ffe4ac8e740	2b85	5dc6196e2d40	5dc6196f8970	5dc6194e2d30	80000	69	10000	80000
19.476407	135472bf0b24	5dc6196afda0	341c	6f80	d070	5dc6196a8e20	5dc6196b5e90	622	7ffe4ac8e738	5dc6196afda0	d070	5dc6196f8970	5dc618f62d30	1f0000	341c	10000	1f0000
19.487968	8605e	2f935	2f90	11	2775e	5dc619694730	22a1	918	7ffe4ac8e740	2b85	5dc6196e2d40	5dc6196f8970	5dc619622d30	30000	69	10000	30000
19.499773	8605e	184e7	2f90	10	d4e78	5dc619694730	12e0	700	7ffe4ac8e740	2b85	5dc6196e2d40	5dc6196f8970	5dc619362d30	e0000	69	10000	e0000
19.509562	8605e	e0b9	2f90	f	bd4cc	5dc619694730	b79	aef	7ffe4ac8e740	2b85	5dc6196e2d40	5dc6196f8970	5dc6193e2d30	c0000	69	10000	c0000
19.517686	b580f	91dd365d8b3b6478	2bc45	0	270c1	fffffffffba51f4c	31476fecedbca519	7ffffffffba51f4c	7ffe4ac8e738	2bc45	45ae0b3	0	a55307ece1ddfd30	2027	27a4e	ceb8901312435ae7	2b85
19.529808	8605e	18055	2f90	10	df304	5dc619694730	12ab	700	7ffe4ac8e740	2b85	5dc6196e2d40	5dc6196f8970	5dc619362d30	e0000	69	10000	e0000
19.539265	8605e	43	2f90	6	8a69b	5dc619694730	7	a52	7ffe4ac8e740	2b85	5dc6196e2d40	5dc6196f8970	5dc6194a2d30	90000	69	10000	90000
19.545184	8605e	a39f	2f90	f	d8d13	5dc619694730	8b4	700	7ffe4ac8e740	2b85	5dc6196e2d40	5dc6196f8970	5dc619362d30	e0000	69	10000	e0000
19.555290	8605e	21ecf	2f90	11	dc0ef	5dc619694730	19aa	700	7ffe4ac8e740	2b85	5dc6196e2d40	5dc6196f8970	5dc619362d30	e0000	69	10000	e0000
19.566277	86082	419	2f90	a	2bfbe	5dc619694730	55	918	7ffe4ac8e740	2b85	5dc6196e2d40	5dc6196f8970	5dc619622d30	30000	69	10000	30000
19.572131	8605e	25	2f90	5	7691f	5dc619694730	6	5c6	7ffe4ac8e740	2b85	5dc6196e2d40	5dc6196f8970	5dc6194e2d30	80000	69	10000	80000
19.580298	8605e	1885f	2f90	10	1d360f	5dc619694730	1301	196	7ffe4ac8e740	2b85	5dc6196e2d40	5dc6196f8970	5dc618f62d30	1e0000	69	10000	1e0000
19.588170	8603a	2b85	2f90	11	e84d4	5dc619694730	2994	700	7ffe4ac8e740	2b85	5dc6196e2d40	5dc6196f8970	5dc619362d30	e0000	69	10000	e0000
19.596503	8605e	32869	2f90	11	18bc3	5dc619694730	2482	48c	7ffe4ac8e740	2b85	5dc6196e2d40	5dc6196f8970	5dc619662d30	20000	69	10000	20000
19.604303	8607f	19e31	2f90	10	1473d7	5dc619694730	1403	cc6	7ffe4ac8e740	2b85	5dc6196e2d40	5dc6196f8970	5dc6191a2d30	150000	69	10000	150000
19.615182	8605e	21127	2f90	11	1add33	5dc619694730	190d	f9	7ffe4ac8e740	2b85	5dc6196e2d40	5dc6196f8970	5dc619022d30	1b0000	69	10000	1b0000
19.626113	b5650	e7bfd7cf1bfb7d4d	ab71	0	ab71	8f06c4d	e7bfd7cf1b6b1100	8000000008f06c4d	7ffe4ac8e738	ab4d	0	14a35569	a51aab4c90336f16	910	5460	e7bfd7cf1b6b1100	2b85
19.640948	85656	ffffffffffffc27e	91d9	91d9	fffffffffffff840	8008	7db	800000000006aebb	7ffe4ac8e740	91d9	0	14a35569	a51aab4c90336f16	7db	5dc6196386d0	1b764a790fcbc0e	2b85
19.651070	85709	6	2de6b	0	f967	5dc61983dba0	218e	7ffffffffd0777f3	7ffe4ac8e740	2de6b	0	0	a51aab4c90336f16	218e	5dc6196386d0	7311e0b9dd9567dd	2b85
19.662876	8605e	1223	2f90	c	a9093	5dc619694730	12d	663	7ffe4ac8e740	2b85	5dc6196e2d40	5dc6196f8970	5dc619422d30	b0000	69	10000	b0000
19.674965	8607f	10fd	2f90	c	1759d4	5dc619694730	11b	5c	7ffe4ac8e740	2b85	5dc6196e2d40	5dc6196f8970	5dc6190e2d30	180000	69	10000	180000
19.688905	8605e	1e7	2f90	8	c73d6	5dc619694730	26	274	7ffe4ac8e740	2b85	5dc6196e2d40	5dc6196f8970	5dc6193a2d30	d0000	69	10000	d0000
19.700308	8605e	29e13	2f90	11	13e5e1	5dc619694730	1eed	83a	7ffe4ac8e740	2b85	5dc6196e2d40	5dc6196f8970	5dc6191e2d30	140000	69	10000	140000
19.712825	860cc	340c	340c	11	4c74c	5dc619694730	2b85	d07	7ffe4ac8e740	2b85	5dc6196e2d40	5dc6196f8970	5dc6196a2d30	0	3408	10000	10000
19.724906	135472af51ec	5dc61c3f5400	ffffffffffffffa0	1	5dc61962f010	5dc61c2e02f0	2f	200	7ffe4ac8e610	5dc619630b10	2	fc00545	0	1f	5dc619638510	200	2
19.737511	85656	fffffffffffff3fb	366b	366b	fffffffffffff294	2ef4	34a	7ffffffff918c19e	7ffe4ac8e740	366b	0	0	a51aab4c90336f16	34a	5dc6196386d0	2fc91cde8bade2ab	2b85
19.750536	86082	136d	2f90	c	122325	5dc619694730	145	3ae	7ffe4ac8e740	2b85	5dc6196e2d40	5dc6196f8970	5dc619222d30	130000	69	10000	130000
19.764233	8607f	2f365	2f90	11	6170b	5dc619694730	2265	13a	7ffe4ac8e740	2b85	5dc6196e2d40	5dc6196f8970	5dc619522d30	70000	69	10000	70000
19.773719	8605e	b6b3	2f90	f	36868	5dc619694730	995	9d	7ffe4ac8e740	2b85	5dc6196e2d40	5dc6196f8970	5dc6195e2d30	40000	69	10000	40000
19.784800	8605e	3a69f	2f90	11	a6e3c	5dc619694730	29c1	663	7ffe4ac8e740	2b85	5dc6196e2d40	5dc6196f8970	5dc619422d30	b0000	69	10000	b0000
19.792513	135472bf0b24	5dc6196bce10	6838	162d0	1a0e0	5dc6196a6b40	5dc6196c0c20	196	7ffe4ac8e738	5dc6196bce10	1a0e0	5dc6196f8970	5dc618fa2d30	1e0000	6838	10000	1e0000
19.797820	8607f	13d	2f90	8	1e48fd	5dc619694730	18	622	7ffe4ac8e740	2b85	5dc6196e2d40	5dc6196f8970	5dc618f22d30	1f0000	69	10000	1f0000
19.805538	8605e	183b	2f90	c	d6b60	5dc619694730	18f	700	7ffe4ac8e740	2b85	5dc6196e2d40	5dc6196f8970	5dc619362d30	e0000	69	10000	e0000
19.819585	86019	5dc61983dba0	2f90	f	202b00	5dc619694730	9ef	aae	7ffe4ac8e740	2b85	5dc6196e2d40	5dc6196f8970	5dc618ee2d30	200000	69	10000	200000
19.833049	8607f	25	2f90	5	cd9b3	5dc619694730	6	274	7ffe4ac8e740	2b85	5dc6196e2d40	5dc6196f8970	5dc6193a2d30	d0000	69	10000	d0000
19.841935	b57f5	a4dbae8acf2730bb	368e7	0	19e0f	1e2f95c	cc350de6a5b8ecc	8000000001e2f95c	7ffe4ac8e738	368e7	0	14a35569	a51aab4c90336f16	2736	14177	cc350de6a5b8ecc	2b85
19.856069	8605a	265	2f90	9	1789c3	5dc619694730	32	5c	7ffe4ac8e740	2b85	5dc6196e2d40	5dc6196f8970	5dc6190e2d30	180000	69	10000	180000
19.866963	86a7c	23f4	5dc6196397b0	2bb36	23f3	0	0	5dc61c579140	7ffe4ac8e740	319f1	23f3	5dc61979d5f0	f0ea5255c83e99f	5dc60aa6b088	5dc61983dba0	2b85	7ffe4ac8e7f0
19.876271	8605e	184d	2f90	c	70426	5dc619694730	190	5c6	7ffe4ac8e740	2b85	5dc6196e2d40	5dc6196f8970	5dc6194e2d30	80000	69	10000	80000
19.884183	8605e	1f	2f90	4	1dc166	5dc619694730	5	196	7ffe4ac8e740	2b85	341c0	5dc6196f8970	5dc618f62d30	1e0000	69	10000	1e0000
19.897032	b58c4	3f8	5dc60aa65830	0	20989	0	e888601	1e47c	7ffe4ac8e738	3a8f1	5dc6197129d0	77	711a7d61ace0	29d7	1d	3a8f1	3cff
19.906732	8607f	1c1	2f90	8	1d7bf3	5dc619694730	22	196	7ffe4ac8e740	2b85	5dc6196e2d40	5dc6196f8970	5dc618f62d30	1e0000	69	10000	1e0000
19.921490	8605e	11c5	2f90	c	1c26f7	5dc619694730	129	a11	7ffe4ac8e740	2b85	5dc6196e2d40	5dc6196f8970	5dc618fa2d30	1d0000	69	10000	1d0000
19.928525	8605e	188c3	2f90	10	7e602	5dc619694730	1308	5c6	7ffe4ac8e740	2b85	5dc6196e2d40	5dc6196f8970	5dc6194e2d30	80000	69	10000	80000
19.940551	8607f	11eab	2f90	10	134ebb	5dc619694730	e36	83a	7ffe4ac8e740	2b85	5dc6196e2d40	5dc6196f8970	5dc6191e2d30	140000	69	10000	140000
19.946701	8607f	33cb	2f90	d	151a89	5dc619694730	325	44b	7ffe4ac8e740	2b85	5dc6196e2d40	5dc6196f8970	5dc619162d30	160000	69	10000	160000
19.957423	860da	5dc6196a2d30	94b8	11	1508f1	5dc619694730	2b85	c29	7ffe4ac8e740	2b85	5dc6196e2d40	5dc6196f8970	5dc619262d30	0	94b4	10000	120000
19.966067	86003	16223	2f90	10	3614c	5dc619694730	1148	918	7ffe4ac8e740	2b85	5dc6196e2d40	5dc6196f8970	5dc619622d30	30000	69	10000	30000
19.973016	8607f	187f	2f90	c	68923	5dc619694730	195	13a	7ffe4ac8e740	2b85	5dc6196e2d40	5dc6196f8970	5dc619522d30	70000	69	10000	70000
19.983707	86019	5dc61983dba0	2f90	e	22693	5dc619694730	61f	48c	7ffe4ac8e740	2b85	5dc6196e2d40	5dc6196f8970	5dc619662d30	20000	69	10000	20000
19.998804	8565c	1599	34be5	34be5	26b7b	172d	25ff	8000000000712988	7ffe4ac8e740	34be5	0	1492e510	a497288126face2f	25ff	5dc6196386d0	f14ae0126182df0f	2b85
20.010103	8606e	259d3	2f90	11	b47cb	5dc619694730	1c1e	1d7	7ffe4ac8e740	2b85	5dc6196e2d40	5dc6196f8970	5dc619462d30	a0000	69	10000	a0000
20.015391	860cc	9684	9684	11	c412b	5dc619694730	2b85	663	7ffe4ac8e740	2b85	5dc6196e2d40	5dc6196f8970	5dc619422d30	0	9680	10000	b0000
20.026720	8605e	25	2f90	5	12980b	5dc619694730	6	3ae	7ffe4ac8e740	2b85	5dc6196e2d40	5dc6196f8970	5dc619222d30	130000	69	10000	130000
20.036783	8605e	59	2f90	6	1239e2	5dc619694730	8	3ae	7ffe4ac8e740	2b85	5dc6196e2d40	5dc6196f8970	5dc619222d30	130000	69	10000	130000
20.046370	8605e	151	2f90	8	d2b66	5dc619694730	1a	700	7ffe4ac8e740	2b85	5dc6196e2d40	5dc6196f8970	5dc619362d30	e0000	69	10000	e0000
20.061282	8607f	b66f	2f90	f	cdfc8	5dc619694730	991	274	7ffe4ac8e740	2b85	5dc6196e2d40	5dc6196f8970	5dc6193a2d30	d0000	69	10000	d0000
20.071453	8605e	b11	2f90	b	c0a59	5dc619694730	c6	274	7ffe4ac8e740	2b85	5dc6196e2d40	5dc6196f8970	5dc6193a2d30	d0000	69	10000	d0000
20.081398	8605e	43	2f90	6	851d9	5dc619694730	7	a52	7ffe4ac8e740	2b85	5dc6196e2d40	5dc6196f8970	5dc6194a2d30	90000	69	10000	90000
20.093097	8605e	14b	2f90	8	132a58	5dc619694730	19	83a	7ffe4ac8e740	2b85	5dc6196e2d40	5dc6196f8970	5dc6191e2d30	140000	69	10000	140000
20.100179	86066	28885	ad4	11	2141a0	5dc619694730	1e14	233	7ffe4ac8e740	2b85	5dc6196e2d40	5dc6196f8970	5dc618ea2d30	200001	69	1	200001
20.111601	8601e	5dc61983dba0	2f90	c	50644	5dc619694730	15f	529	7ffe4ac8e740	2b85	5dc6196e2d40	5dc6196f8970	5dc6195a2d30	50000	69	10000	50000
20.123358	86072	2951b	2f90	11	10a5e9	5dc619694730	1e94	311	7ffe4ac8e740	2b85	5dc6196e2d40	5dc6196f8970	5dc6192e2d30	100000	69	10000	100000
20.136448	860e7	5dc6196a2d30	5dc8	11	1dbec	5dc619694730	2b85	d07	7ffe4ac8e740	2b85	5dc6196e2d40	5dc6196f8970	5dc6196a2d30	0	5dc4	10000	10000
20.149841	8605e	39e7b	2f90	11	15ae9b	5dc619694730	2972	44b	7ffe4ac8e740	2b85	5dc6196e2d40	5dc6196f8970	5dc619162d30	160000	69	10000	160000
20.159342	8605e	d3	2f90	7	113cd6	5dc619694730	10	c29	7ffe4ac8e740	2b85	5dc6196e2d40	5dc6196f8970	5dc619262d30	120000	69	10000	120000
20.173149	8607f	29fe1	2f90	11	670bd	5dc619694730	1efb	13a	7ffe4ac8e740	2b85	5dc6196e2d40	5dc6196f8970	5dc619522d30	70000	69	10000	70000
20.180737	8607f	43	2f90	6	194fce	5dc619694730	7	974	7ffe4ac8e740	2b85	5dc6196e2d40	5dc6196f8970	5dc619062d30	1a0000	69	10000	1a0000
20.191923	8601e	5dc61983dba0	ad4	10	204ede	5dc619694730	10c3	233	7ffe4ac8e740	2b85	5dc6196e2d40	5dc6196f8970	5dc618ea2d30	200001	69	1	200001
20.199403	8607b	60e9	2f90	e	ddb47	5dc619694730	564	700	7ffe4ac8e740	2b85	5dc6196e2d40	5dc6196f8970	5dc619362d30	e0000	69	10000	e0000
20.210202	8605e	43	2f90	6	13f712	5dc619694730	7	83a	7ffe4ac8e740	2b85	5dc6196e2d40	5dc6196f8970	5dc6191e2d30	140000	69	10000	140000
20.218358	8607f	1b1cd	2f90	10	3e771	5dc619694730	1502	9d	7ffe4ac8e740	2b85	5dc6196e2d40	5dc6196f8970	5dc6195e2d30	40000	69	10000	40000
20.231627	8605a	27113	2f90	11	7228e	5dc619694730	1d18	5c6	7ffe4ac8e740	2b85	5dc6196e2d40	5dc6196f8970	5dc6194e2d30	80000	69	10000	80000
20.240581	b580f	436df5cb8225b618	26ddf	0	6b22	fffffffff91957ea	7a07c6fbd992420a	7ffffffff91957ea	7ffe4ac8e738	26ddf	6e6a815	0	b66312759b000211	1cf1	218f4	85f83904266dbdf6	2b85
20.251784	860e7	5dc6196a2d30	6960	11	7ea42	5dc619694730	2b85	529	7ffe4ac8e740	2b85	5dc6196e2d40	5dc6196f8970	5dc6195a2d30	0	695c	10000	50000
20.261897	860e3	5dc6196a2d30	9d24	11	88321	5dc619694730	2b85	9b5	7ffe4ac8e740	2b85	5dc6196e2d40	5dc6196f8970	5dc619562d30	0	9d20	10000	60000
20.273437	8605e	37561	2f90	11	105a78	5dc619694730	27c3	79d	7ffe4ac8e740	2b85	5dc6196e2d40	5dc6196f8970	5dc6192a2d30	110000	69	10000	110000
20.280745	b580f	4ca69eb4ddc51315	17f9f	0	15864	fffffffff5b6a6e0	e2ed2a1f94f49d6f	7ffffffff5b6a6e0	7ffe4ac8e738	17f9f	a49591f	0	b66312759b000211	12a2	14d05	1d12d5e06b0b6291	2b85
20.293211	8607f	277	2f90	9	fac0e	5dc619694730	34	311	7ffe4ac8e740	2b85	5dc6196e2d40	5dc6196f8970	5dc6192e2d30	100000	69	10000	100000
20.301652	8605e	1f	2f90	4	3032c	5dc619694730	5	9d	7ffe4ac8e740	2b85	341c0	5dc6196f8970	5dc6195e2d30	40000	69	10000	40000
20.313952	8605e	e9	2f90	7	14438b	5dc619694730	11	cc6	7ffe4ac8e740	2b85	5dc6196e2d40	5dc6196f8970	5dc6191a2d30	150000	69	10000	150000
20.328891	8605e	6b23	2f90	e	123506	5dc619694730	5e8	3ae	7ffe4ac8e740	2b85	5dc6196e2d40	5dc6196f8970	5dc619222d30	130000	69	10000	130000
20.336240	855be	ffffffffffd40392	2571b	5dc619984750	0	1f69d	1c08	800000000983d4e0	7ffe4ac8e740	2571b	0	0	b66312759b000211	1c08	1f67a	5b4c23b5fe1d5385	2b85
20.343746	86007	26581	2f90	11	fa846	5dc619694730	1c95	b8c	7ffe4ac8e740	2b85	5dc6196e2d40	5dc6196f8970	5dc619322d30	f0000	69	10000	f0000
20.355911	8605e	25d81	2f90	11	1dc6a2	5dc619694730	1c45	196	7ffe4ac8e740	2b85	5dc6196e2d40	5dc6196f8970	5dc618f62d30	1e0000	69	10000	1e0000
20.369207	86051	24acf	2f90	11	5dc6196e2d40	5dc619694730	1b7e	79d	7ffe4ac8e740	2b85	5dc6196e2d40	5dc6196f8970	5dc6192a2d30	110000	69	10000	110000
20.382438	8607b	3ae4d	2f90	11	391d1	5dc619694730	2a13	9d	7ffe4ac8e740	2b85	5dc6196e2d40	5dc6196f8970	5dc6195e2d30	40000	69	10000	40000
20.391098	8605e	1997	2f90	c	1fe8c7	5dc619694730	1a3	aae	7ffe4ac8e740	2b85	5dc6196e2d40	5dc6196f8970	5dc618ee2d30	200000	69	10000	200000
20.405591	135472bf0b24	5dc6196bce10	6838	afb0	1a0e0	5dc6196b1e60	5dc6196cbf40	622	7ffe4ac8e738	5dc6196bce10	1a0e0	5dc6196f8970	5dc618f62d30	1f0000	6838	10000	1f0000
20.416916	86003	13241	2f90	10	31b4a	5dc619694730	f18	918	7ffe4ac8e740	2b85	5dc6196e2d40	5dc6196f8970	5dc619622d30	30000	69	10000	30000
20.428077	8605e	16127	2f90	10	ce71	5dc619694730	1140	d07	7ffe4ac8e740	2b85	5dc6196e2d40	5dc6196f8970	5dc6196a2d30	10000	69	10000	10000
20.435309	135472af3d34	0	711a7d61ac80	10	5dc619638500	18	711a7d61ac80	18	7ffe4ac8e470	3	1	1	f0ea5255c83e99f	18	20	2	8
20.445801	860cc	de64	de64	11	158ddf	5dc619694730	2b85	c29	7ffe4ac8e740	2b85	5dc6196e2d40	5dc6196f8970	5dc619262d30	0	de60	10000	120000
20.459014	8605e	277	2f90	9	5a4d0	5dc619694730	34	9b5	7ffe4ac8e740	2b85	5dc6196e2d40	5dc6196f8970	5dc619562d30	60000	69	10000	60000
20.471095	86a99	2b85	5dc6196397b0	d952	5dc619654710	f1fd	0	5dc61c7843f0	7ffe4ac8e740	f1e7	c45	5dc619630b00	f0ea5255c83e99f	5dc60aa6b088	5dc61983dba0	2b85	7ffe4ac8e7f0
20.484597	86061	1eb	2f90	8	41352	5dc619694730	27	529	7ffe4ac8e740	2b85	5dc6196e2d40	5dc6196f8970	5dc6195a2d30	50000	69	10000	50000
20.494029	86051	219bb	2f90	11	5dc6196e2d40	5dc619694730	1970	aae	7ffe4ac8e740	2b85	5dc6196e2d40	5dc6196f8970	5dc618ee2d30	200000	69	10000	200000
20.506477	8605e	3c4d9	2f90	11	a45a5	5dc619694730	2af9	663	7ffe4ac8e740	2b85	5dc6196e2d40	5dc6196f8970	5dc619422d30	b0000	69	10000	b0000
20.513718	8607f	89ff	2f90	f	1bb8a3	5dc619694730	779	585	7ffe4ac8e740	2b85	5dc6196e2d40	5dc6196f8970	5dc618fe2d30	1c0000	69	10000	1c0000
20.521050	860bd	5f6c	5f68	11	4f793	5dc619694730	2b85	9d	7ffe4ac8e740	2b85	5dc6196e2d40	5dc6196f8970	5dc6195e2d30	0	5f64	10000	40000
20.528402	8607f	2742d	2f90	11	144ccd	5dc619694730	1d41	cc6	7ffe4ac8e740	2b85	5dc6196e2d40	5dc6196f8970	5dc6191a2d30	150000	69	10000	150000
20.543063	8d1ef	5dc61b644d50	4dda1779263fe390	18	5dc61c78b490	5dc60aa6ac50	7ffe4ac8e638	1	7ffe4ac8e630	18	14	68	f0ea5255c83e99f	5dc61c78b49c	0	168	5dc61c78b430
20.555218	8607f	223	2f90	9	1f30ec	5dc619694730	2a	aae	7ffe4ac8e740	2b85	5dc6196e2d40	5dc6196f8970	5dc618ee2d30	200000	69	10000	200000
20.567887	8605e	14ced	2f90	10	1bbfa5	5dc619694730	1056	585	7ffe4ac8e740	2b85	5dc6196e2d40	5dc6196f8970	5dc618fe2d30	1c0000	69	10000	1c0000
20.582485	860cc	d940	d940	11	19409c	5dc619694730	2b85	5c	7ffe4ac8e740	2b85	5dc6196e2d40	5dc6196f8970	5dc6190e2d30	0	d93c	10000	180000
20.597443	8605e	23fc5	2f90	11	15e2cc	5dc619694730	1b17	44b	7ffe4ac8e740	2b85	5dc6196e2d40	5dc6196f8970	5dc619162d30	160000	69	10000	160000
20.612579	8607f	3bea3	2f90	11	1725ab	5dc619694730	2ab9	5c	7ffe4ac8e740	2b85	5dc6196e2d40	5dc6196f8970	5dc6190e2d30	180000	69	10000	180000
20.627757	8605e	be25	2f90	f	170494	5dc619694730	9f0	5c	7ffe4ac8e740	2b85	5dc6196e2d40	5dc6196f8970	5dc6190e2d30	180000	69	10000	180000
20.638783	8607f	1c73	2f90	c	1cc918	5dc619694730	1d2	a11	7ffe4ac8e740	2b85	5dc6196e2d40	5dc6196f8970	5dc618fa2d30	1d0000	69	10000	1d0000
20.653098	8601e	5dc61983dba0	2f90	11	1694e1	5dc619694730	237a	44b	7ffe4ac8e740	2b85	5dc6196e2d40	5dc6196f8970	5dc619162d30	160000	69	10000	160000
20.666015	8607f	2a845	2f90	11	5f364	5dc619694730	1f52	9b5	7ffe4ac8e740	2b85	5dc6196e2d40	5dc6196f8970	5dc619562d30	60000	69	10000	60000
20.676817	135472bf0b24	5dc6196bce10	6838	79b0	1a0e0	5dc6196b5460	5dc6196cf540	274	7ffe4ac8e738	5dc6196bce10	1a0e0	5dc6196f8970	5dc6193e2d30	d0000	6838	10000	d0000
20.682843	8605a	15b	2f90	8	11f442	5dc619694730	1b	c29	7ffe4ac8e740	2b85	5dc6196e2d40	5dc6196f8970	5dc619262d30	120000	69	10000	120000
20.688135	8605e	5cbf	2f90	e	11a579	5dc619694730	533	c29	7ffe4ac8e740	2b85	5dc6196e2d40	5dc6196f8970	5dc619262d30	120000	69	10000	120000
20.699530	8605e	29773	2f90	11	178d49	5dc619694730	1eac	5c	7ffe4ac8e740	2b85	5dc6196e2d40	5dc6196f8970	5dc6190e2d30	180000	69	10000	180000
20.712146	8605e	1a993	2f90	10	36102	5dc619694730	1496	9d	7ffe4ac8e740	2b85	5dc6196e2d40	5dc6196f8970	5dc6195e2d30	40000	69	10000	40000
20.720051	8607f	97	2f90	7	17e908	5dc619694730	c	5c	7ffe4ac8e740	2b85	5dc6196e2d40	5dc6196f8970	5dc6190e2d30	180000	69	10000	180000
20.731332	8605a	191ad	2f90	10	1ff833	5dc619694730	136b	aae	7ffe4ac8e740	2b85	5dc6196e2d40	5dc6196f8970	5dc618ee2d30	200000	69	10000	200000
20.738862	860bd	b828	b824	11	da228	5dc619694730	2b85	aef	7ffe4ac8e740	2b85	5dc6196e2d40	5dc6196f8970	5dc6193e2d30	0	b820	10000	c0000
20.744263	8605e	348d1	2f90	11	d01d3	5dc619694730	25dc	700	7ffe4ac8e740	2b85	5dc6196e2d40	5dc6196f8970	5dc619362d30	e0000	69	10000	e0000
20.753372	8607f	1381	2f90	c	62cd2	5dc619694730	146	13a	7ffe4ac8e740	2b85	5dc6196e2d40	5dc6196f8970	5dc619522d30	70000	69	10000	70000
20.758589	8601e	5dc61983dba0	2f90	11	91a4e	5dc619694730	27ac	9b5	7ffe4ac8e740	2b85	5dc6196e2d40	5dc6196f8970	5dc619562d30	60000	69	10000	60000
20.772860	8601e	5dc61983dba0	2f90	11	20183d	5dc619694730	2984	aae	7ffe4ac8e740	2b85	5dc6196e2d40	5dc6196f8970	5dc618ee2d30	200000	69	10000	200000
20.785020	135472bf0b24	5dc6196afda0	341c	3480	d070	5dc6196ac920	5dc6196b9990	a52	7ffe4ac8e738	5dc6196afda0	d070	5dc61acb8860	d	90000	341c	10000	90000
20.792775	8607b	5fb	2f90	a	1af64e	5dc619694730	73	f9	7ffe4ac8e740	2b85	5dc6196e2d40	5dc6196f8970	5dc619022d30	1b0000	69	10000	1b0000
20.803675	8605e	65	2f90	6	1fe4d8	5dc619694730	9	aae	7ffe4ac8e740	2b85	5dc6196e2d40	5dc6196f8970	5dc618ee2d30	200000	69	10000	200000
20.811747	860e7	5dc6196a2d30	cdf0	11	12304b	5dc619694730	2b85	311	7ffe4ac8e740	2b85	5dc6196e2d40	5dc6196f8970	5dc6192e2d30	0	cdec	10000	100000
20.826708	86087	1a2f3	2f90	10	f8f2d	5dc619694730	1449	700	7ffe4ac8e740	2b85	5dc6196e2d40	5dc6196f8970	5dc619362d30	e0000	69	10000	e0000
20.840097	855f2	ffffffffffff32fc	32c05	32c05	fffffffffffe267a	2796f	24aa	7ffffffffbac2ae0	7ffe4ac8e740	32c05	0	0	a40a40f05ad06aed	24aa	2add	d8ede1d65341a26b	2b85
20.845449	85715	5dc6198537d0	31f39	0	9b1f	5dc61983dba0	2426	8000000008bbab63	7ffe4ac8e740	31f39	0	1481481e	a40a40f05ad06aed	2426	5dc6196386d0	1a2d6d1799a210a3	2b85
20.852088	8601e	5dc61983dba0	2f90	d	710fe	5dc619694730	33c	13a	7ffe4ac8e740	2b85	5dc6196e2d40	5dc6196f8970	5dc619522d30	70000	69	10000	70000
20.860978	85709	16	b989	0	6e36	5dc61983dba0	9b6	7ffffffff7a03661	7ffe4ac8e740	b989	0	1481481e	a40a40f05ad06aed	9b6	5dc6196386d0	54a1211737740dea	2b85
20.874667	8605e	ae67	2f90	f	157577	5dc619694730	938	44b	7ffe4ac8e740	2b85	5dc6196e2d40	5dc6196f8970	5dc619162d30	160000	69	10000	160000
20.881612	85577	d5f28e106fa7f5d7	38f8d	5dc6197129d0	1254c	5dc61983dba0	28d7	800000000783d5d1	7ffe4ac8e740	38f71	0	1481481e	a40a40f05ad06aed	28d7	7719	d5f28e1068273056	2b85
20.895006	8605e	25	2f90	5	471b5	5dc619694730	6	529	7ffe4ac8e740	2b85	5dc6196e2d40	5dc6196f8970	5dc6195a2d30	50000	69	10000	50000
20.909493	855f2	fffffffffffff96e	3724f	3724f	fffffffffffcd1e7	b0a3	27a2	800000000823a725	7ffe4ac8e740	3724f	0	147c95bb	a3e4addacf096187	27a2	91ac	eacd92dea5131aba	2b85
20.922026	8605e	22705	2f90	11	10dfcb	5dc619694730	1a0a	79d	7ffe4ac8e740	2b85	5dc6196e2d40	5dc6196f8970	5dc6192a2d30	110000	69	10000	110000
20.933862	8605e	43	2f90	6	1d9913	5dc619694730	7	196	7ffe4ac8e740	2b85	5dc6196e2d40	5dc6196f8970	5dc618f62d30	1e0000	69	10000	1e0000
20.949046	8605e	2882b	2f90	11	1dfd7e	5dc619694730	1e10	196	7ffe4ac8e740	2b85	5dc6196e2d40	5dc6196f8970	5dc618f62d30	1e0000	69	10000	1e0000
20.954637	8607f	1f00d	2f90	10	1fe53d	5dc619694730	17a5	aae	7ffe4ac8e740	2b85	5dc6196e2d40	5dc6196f8970	5dc618ee2d30	200000	69	10000	200000
20.968273	86007	6c5b	2f90	e	156b0e	5dc619694730	5fa	cc6	7ffe4ac8e740	2b85	5dc6196e2d40	5dc6196f8970	5dc6191a2d30	150000	69	10000	150000
20.982033	8605a	1b97d	2f90	10	af2f2	5dc619694730	154e	663	7ffe4ac8e740	2b85	5dc6196e2d40	5dc6196f8970	5dc619422d30	b0000	69	10000	b0000
20.997020	86a35	27c1	5dc6196397b0	16	27c0	0	0	5dc61c8f23d0	7ffe4ac8e740	37529	27bf	5dc61aafb6e0	f0ea5255c83e99f	5dc60aa6b088	5dc61983dba0	2b85	7ffe4ac8e7f0
21.009633	8d28b	5dc61c8c2820	10000	10	5dc61aa8f9f0	5dc60aa6ac50	7ffe4ac8e608	0	7ffe4ac8e600	946d	10	44	f0ea5255c83e99f	5dc61aa8f9f8	0	44	5dc61aa8fab0
21.022428	8605e	65	2f90	6	6a32c	5dc619694730	9	13a	7ffe4ac8e740	2b85	5dc6196e2d40	5dc6196f8970	5dc619522d30	70000	69	10000	70000
21.031566	85709	5	32ec1	0	24918	5dc61983dba0	24c7	7ffffffffe3c17da	7ffe4ac8e740	32ec1	0	0	a3e4addacf096187	24c7	5dc6196386d0	a1fc7eb87470229	2b85
21.037093	8606e	21f19	2f90	11	24898	5dc619694730	19ad	48c	7ffe4ac8e740	2b85	5dc6196e2d40	5dc6196f8970	5dc619662d30	20000	69	10000	20000
21.047878	8607b	33c1d	2f90	11	57f21	5dc619694730	255d	9b5	7ffe4ac8e740	2b85	5dc6196e2d40	5dc6196f8970	5dc619562d30	60000	69	10000	60000
21.056939	b57f5	4fc785b50b334b98	37a6b	0	1b191	6980233	ff3c4b9c0340ba19	8000000006980233	7ffe4ac8e738	37a6b	0	147c95bb	a3e4addacf096187	27f3	244dc	ff3c4b9c0340ba19	2b85
21.071405	860e3	5dc6196a2d30	ed00	11	200b1a	5dc619694730	2b85	196	7ffe4ac8e740	2b85	5dc6196e2d40	5dc6196f8970	5dc618f62d30	0	ecfc	10000	1e0000
21.077998	135472af4870	0	711a7d61ac80	ae21	15921	5dc61c9716e0	3	ae14	7ffe4ac8e630	0	5dc61c9668d0	5dc61bd63140	711a7d61ace0	ffffffffffffffa0	ae20	5dc61962f010	ae0
21.084014	8605e	31805	2f90	11	75eb7	5dc619694730	23e3	5c6	7ffe4ac8e740	2b85	5dc6196e2d40	5dc6196f8970	5dc6194e2d30	80000	69	10000	80000
21.090890	86061	1f7ff	2f90	10	14d932	5dc619694730	1800	3ae	7ffe4ac8e740	2b85	5dc6196e2d40	5dc6196f8970	5dc619222d30	130000	69	10000	130000
21.096645	8607f	463	2f90	a	18c3fc	5dc619694730	5e	4e8	7ffe4ac8e740	2b85	5dc6196e2d40	5dc6196f8970	5dc6190a2d30	190000	69	10000	190000
21.105450	135472bf0a2e	5dc6196a4930	d07	5dc6196a4930	5dc6196a60cc	5dc61c8b9a10	5dc6196a4d40	700	7ffe4ac8e738	0	d0000	5dc61c4c0cf0	a	e0000	700	10000	e0000
21.113796	b580f	ecb940ab1cb6d175	33593	0	329f5	fffffffffd3e3388	ac4e557cab9a924	7ffffffffd3e3388	7ffe4ac8e738	33593	2c1cc77	0	a3e4addacf096187	251b	29c82	f53b1aa8354656dc	2b85
21.119384	8606e	330e3	2f90	11	390b3	5dc619694730	24dd	48c	7ffe4ac8e740	2b85	5dc6196e2d40	5dc6196f8970	5dc619662d30	20000	69	10000	20000
21.126741	86177	5dc60aa6d020	10000	11	11a3d1	5dc619694730	2b85	5dc6196386d0	7ffe4ac8e740	2b85	5dc6196e2d40	5dc6196f8970	5dc6192e2d30	0	69	10000	100000
21.141291	86066	28379	2f90	11	b440f	5dc619694730	1de2	663	7ffe4ac8e740	2b85	5dc6196e2d40	5dc6196f8970	5dc619422d30	b0000	69	10000	b0000
21.148573	8605e	61f	2f90	a	1bd32c	5dc619694730	76	585	7ffe4ac8e740	2b85	5dc6196e2d40	5dc6196f8970	5dc618fe2d30	1c0000	69	10000	1c0000
21.161909	8605e	1cd	2f90	8	b0108	5dc619694730	23	aef	7ffe4ac8e740	2b85	5dc6196e2d40	5dc6196f8970	5dc6193e2d30	c0000	69	10000	c0000
21.174156	860e7	5dc6196a2d30	8d80	11	1ba286	5dc619694730	2b85	4e8	7ffe4ac8e740	2b85	5dc6196e2d40	5dc6196f8970	5dc6190a2d30	0	8d7c	10000	190000
21.185451	8565c	2897	1ceb5	1ceb5	6797	443	1639	7fffffffffa05f26	7ffe4ac8e740	1ceb5	0	0	a3e4addacf096187	1639	5dc6196386d0	c9d1368d345e4784	2b85
21.195452	b580f	ab6c2ee47b474646	19639	0	15776	fffffffff77c4047	bd74cc627c53010c	7ffffffff77c4047	7ffe4ac8e738	19639	883bfb8	0	a3e4addacf096187	13a2	785b	428b339d83acfef4	2b85
21.209548	8605e	28835	2f90	11	1ac635	5dc619694730	1e11	f9	7ffe4ac8e740	2b85	5dc6196e2d40	5dc6196f8970	5dc619022d30	1b0000	69	10000	1b0000
21.217627	b58c4	816	5dc60aa65830	0	14182	0	18f10240	2ff86	7ffe4ac8e738	3157d	5dc6197129d0	77	711a7d61ace0	23c8	31	3157d	4fe8
21.229654	8605e	80f	2f90	b	5470d	5dc619694730	9a	9b5	7ffe4ac8e740	2b85	5dc6196e2d40	5dc6196f8970	5dc619562d30	60000	69	10000	60000
21.239721	8605e	e59	2f90	b	500f0	5dc619694730	f3	9b5	7ffe4ac8e740	2b85	5dc6196e2d40	5dc6196f8970	5dc619562d30	60000	69	10000	60000
21.246486	8607f	1f	2f90	4	115691	5dc619694730	5	c29	7ffe4ac8e740	2b85	5dc6196e2d40	5dc6196f8970	5dc619262d30	120000	69	10000	120000
21.257988	8607b	1a23f	2f90	10	1c9b30	5dc619694730	143f	a11	7ffe4ac8e740	2b85	5dc6196e2d40	5dc6196f8970	5dc618fa2d30	1d0000	69	10000	1d0000
21.270087	135472bf0b24	5dc6196d6ef0	2f90	2550	be40	5dc6196ac620	5dc6196e07e0	a52	7ffe4ac8e738	5dc6196d6ef0	341c0	5dc6196f8970	5dc6194e2d30	90000	d070	10000	90000
21.282985	8607f	1f	2f90	4	1b324f	5dc619694730	5	585	7ffe4ac8e740	2b85	5dc6196e2d40	5dc6196f8970	5dc618fe2d30	1c0000	69	10000	1c0000
21.295911	8742a	0	0	5dc61a42c928	1	5dc61a42c850	71	5dc61c9e39e0	7ffe4ac8e740	5dc61b572250	6f	0	22a4	5dc61a42c830	a	5dc61a42c838	6f
21.307757	8607f	59	2f90	6	1424bb	5dc619694730	8	cc6	7ffe4ac8e740	2b85	5dc6196e2d40	5dc6196f8970	5dc6191a2d30	150000	69	10000	150000
21.317233	8607f	1f	2f90	4	f23e6	5dc619694730	5	311	7ffe4ac8e740	2b85	5dc6196e2d40	5dc6196f8970	5dc6192e2d30	100000	69	10000	100000
21.331347	8605e	1610b	2f90	10	52881	5dc619694730	113e	9b5	7ffe4ac8e740	2b85	5dc6196e2d40	5dc6196f8970	5dc619562d30	60000	69	10000	60000
21.337096	8605e	6b9f	2f90	e	8dc0f	5dc619694730	5f0	a52	7ffe4ac8e740	2b85	5dc6196e2d40	5dc6196f8970	5dc6194a2d30	90000	69	10000	90000
21.345495	135472bf0b24	5dc6196afda0	341c	c5e0	d070	5dc6196a37c0	5dc6196b0830	aae	7ffe4ac8e738	5dc6196afda0	d070	5dc6196f8970	5dc618f22d30	200000	341c	10000	200000
21.352941	8605e	1eb	2f90	8	c7295	5dc619694730	27	274	7ffe4ac8e740	2b85	5dc6196e2d40	5dc6196f8970	5dc6193a2d30	d0000	69	10000	d0000
21.366487	86061	7c69	2f90	e	8523	5dc619694730	6c9	d07	7ffe4ac8e740	2b85	5dc6196e2d40	5dc6196f8970	5dc6196a2d30	10000	69	10000	10000
21.374106	8607f	25	2f90	5	10a8cd	5dc619694730	6	79d	7ffe4ac8e740	2b85	5dc6196e2d40	5dc6196f8970	5dc6192a2d30	110000	69	10000	110000
21.380150	8605e	c659	2f90	f	1603fe	5dc619694730	a4d	8d7	7ffe4ac8e740	2b85	5dc6196e2d40	5dc6196f8970	5dc619122d30	170000	69	10000	170000
21.389153	8607f	425	2f90	a	e4c79	5dc619694730	57	b8c	7ffe4ac8e740	2b85	5dc6196e2d40	5dc6196f8970	5dc619322d30	f0000	69	10000	f0000
21.394540	8605e	101	2f90	8	f01f2	5dc619694730	13	311	7ffe4ac8e740	2b85	5dc6196e2d40	5dc6196f8970	5dc6192e2d30	100000	69	10000	100000
21.406087	8607f	9d	2f90	7	1a97b1	5dc619694730	d	f9	7ffe4ac8e740	2b85	5dc6196e2d40	5dc6196f8970	5dc619022d30	1b0000	69	10000	1b0000
21.420852	8605a	2267	2f90	d	1711e0	5dc619694730	22a	5c	7ffe4ac8e740	2b85	5dc6196e2d40	5dc6196f8970	5dc6190e2d30	180000	69	10000	180000
21.433821	86072	112b1	2f90	10	711de	5dc619694730	da5	13a	7ffe4ac8e740	2b85	5dc6196e2d40	5dc6196f8970	5dc619522d30	70000	69	10000	70000
21.448737	86cbb	0	5dc61b146820	f	5dc3c0c2e0b6	5dc61962f010	7	40	7ffe4ac8e740	5dc61b146820	5dc6196330c0	5dc61979d5f0	f0ea5255c83e99f	38	40	f	5dc61b145bf0
21.458356	b580f	3aa5d44d96641716	1045d	0	bce8	fffffffff702323f	b9dceced49cf77e6	7ffffffff702323f	7ffe4ac8e738	1045d	8fdcdc0	0	a3d1e4500925dcd3	d08	ba21	46231312b630881a	2b85
21.464223	855f2	f85d	2e64f	2e64f	135c9	2499	21e3	8000000000bdbf1b	7ffe4ac8e740	2e64f	0	147a3c8a	a3d1e4500925dcd3	21e3	13d8a	5c225b7f750bc39d	2b85
21.475785	855be	ffffffffe254e700	270eb	5dc619984750	ffffffffffffffff	24e9e	1d16	7ffffffffc9ffbbb	7ffe4ac8e740	270eb	0	0	a3d1e4500925dcd3	1d16	2426e	9c3564986e8ff7fe	2b85
21.483694	8605e	1f	2f90	4	139e21	5dc619694730	5	83a	7ffe4ac8e740	2b85	341c0	5dc6196f8970	5dc6191e2d30	140000	69	10000	140000
21.497698	8607f	1e95	2f90	c	96d61	5dc619694730	1ed	1d7	7ffe4ac8e740	2b85	5dc6196e2d40	5dc6196f8970	5dc619462d30	a0000	69	10000	a0000
21.512637	8605e	205b5	2f90	11	8c59b	5dc619694730	1893	a52	7ffe4ac8e740	2b85	5dc6196e2d40	5dc6196f8970	5dc6194a2d30	90000	69	10000	90000
21.520774	8605e	1f6cd	2f90	10	1ed26f	5dc619694730	17f4	622	7ffe4ac8e740	2b85	5dc6196e2d40	5dc6196f8970	5dc618f22d30	1f0000	69	10000	1f0000
21.527346	8605e	25	2f90	5	66f71	5dc619694730	6	13a	7ffe4ac8e740	2b85	5dc6196e2d40	5dc6196f8970	5dc619522d30	70000	69	10000	70000
21.535448	8605e	2dd91	2f90	11	1bbc1e	5dc619694730	2186	585	7ffe4ac8e740	2b85	5dc6196e2d40	5dc6196f8970	5dc618fe2d30	1c0000	69	10000	1c0000
21.545262	8607f	4283	2f90	e	19599a	5dc619694730	3e4	974	7ffe4ac8e740	2b85	5dc6196e2d40	5dc6196f8970	5dc619062d30	1a0000	69	10000	1a0000
21.550946	860b9	1111	5f00	11	c1f7a	5dc619694730	2b85	663	7ffe4ac8e740	2b85	5dc6196e2d40	5dc6196f8970	5dc619422d30	0	5efc	10000	b0000
21.559664	86003	2c0d5	2f90	11	13bb8	5dc619694730	205a	d07	7ffe4ac8e740	2b85	5dc6196e2d40	5dc6196f8970	5dc6196a2d30	10000	69	10000	10000
21.565965	86042	5dc619654710	2f90	11	bde64	5dc619694730	22e6	663	7ffe4ac8e740	2b85	5dc6196e2d40	5dc6196f8970	5dc619422d30	b0000	69	10000	b0000
21.573362	86007	1db61	2f90	10	1c88db	5dc619694730	16c5	585	7ffe4ac8e740	2b85	5dc6196e2d40	5dc6196f8970	5dc618fe2d30	1c0000	69	10000	1c0000
21.587208	8605e	12c1	2f90	c	136d7c	5dc619694730	13a	83a	7ffe4ac8e740	2b85	5dc6196e2d40	5dc6196f8970	5dc6191e2d30	140000	69	10000	140000
21.597971	135472bf0b24	5dc6196bce10	6838	1f70	1a0e0	5dc6196baea0	5dc6196d4f80	4e8	7ffe4ac8e738	5dc6196bce10	1a0e0	5dc6196f8970	5dc6190e2d30	190000	6838	10000	190000
21.608681	135472bf0b24	5dc6196bce10	6838	4d70	1a0e0	5dc6196b80a0	5dc6196d2180	196	7ffe4ac8e738	5dc6196bce10	1a0e0	5dc6196f8970	5dc618fa2d30	1e0000	6838	10000	1e0000
21.616391	8607f	e2af	2f90	f	af12c	5dc619694730	b93	663	7ffe4ac8e740	2b85	5dc6196e2d40	5dc6196f8970	5dc619422d30	b0000	69	10000	b0000
21.622304	8607f	d7a1	2f90	f	fa550	5dc619694730	b0a	311	7ffe4ac8e740	2b85	5dc6196e2d40	5dc6196f8970	5dc6192e2d30	100000	69	10000	100000
21.632007	8607f	3a1f	2f90	d	b26fd	5dc619694730	37a	aef	7ffe4ac8e740	2b85	5dc6196e2d40	5dc6196f8970	5dc6193e2d30	c0000	69	10000	c0000
21.645954	8607f	35591	2f90	11	2905e	5dc619694730	2666	918	7ffe4ac8e740	2b85	5dc6196e2d40	5dc6196f8970	5dc619622d30	30000	69	10000	30000
21.657867	86051	3835f	2f90	11	5dc6196e2d40	5dc619694730	285e	79d	7ffe4ac8e740	2b85	5dc6196e2d40	5dc6196f8970	5dc6192a2d30	110000	69	10000	110000
21.665135	8607f	975b	2f90	f	1fdfcc	5dc619694730	817	aae	7ffe4ac8e740	2b85	5dc6196e2d40	5dc6196f8970	5dc618ee2d30	200000	69	10000	200000
21.679100	8605e	9917	2f90	f	1605c3	5dc619694730	828	8d7	7ffe4ac8e740	2b85	5dc6196e2d40	5dc6196f8970	5dc619122d30	170000	69	10000	170000
21.690329	8607f	15401	2f90	10	1f611c	5dc619694730	10aa	aae	7ffe4ac8e740	2b85	5dc6196e2d40	5dc6196f8970	5dc618ee2d30	200000	69	10000	200000
21.702132	8607f	a075	2f90	f	6c3bf	5dc619694730	889	13a	7ffe4ac8e740	2b85	5dc6196e2d40	5dc6196f8970	5dc619522d30	70000	69	10000	70000
21.712286	8607f	875b	2f90	f	5c9cc	5dc619694730	75b	9b5	7ffe4ac8e740	2b85	5dc6196e2d40	5dc6196f8970	5dc619562d30	60000	69	10000	60000
21.723532	8607f	15b	2f90	8	a68ff	5dc619694730	1b	663	7ffe4ac8e740	2b85	5dc6196e2d40	5dc6196f8970	5dc619422d30	b0000	69	10000	b0000
21.736252	8605e	1f	2f90	4	1e7304	5dc619694730	5	622	7ffe4ac8e740	2b85	341c0	5dc6196f8970	5dc618f22d30	1f0000	69	10000	1f0000
21.742262	b57f5	ec7cf82059fea56	3bc2d	0	320b1	171fc9b	c40906dc2c3879cf	800000000171fc9b	7ffe4ac8e738	3bc2d	0	146519cd	a328ce6f14263285	2aa5	21aa0	c40906dc2c3879cf	2b85
21.755264	8605e	36e3	2f90	d	13bb47	5dc619694730	351	83a	7ffe4ac8e740	2b85	5dc6196e2d40	5dc6196f8970	5dc6191e2d30	140000	69	10000	140000
21.761481	8601e	5dc61983dba0	2f90	11	1cdfc3	5dc619694730	1db5	585	7ffe4ac8e740	2b85	5dc6196e2d40	5dc6196f8970	5dc618fe2d30	1c0000	69	10000	1c0000
21.767587	b580f	ac9ffec179bf626e	36dc7	0	10a91	fffffffffc77e8a8	4c1bd67a47f96413	7ffffffffc77e8a8	7ffe4ac8e738	36dc7	3881757	0	a328ce6f14263285	276e	2250a	b3e42985b8069bed	2b85
21.775152	8605e	e9	2f90	7	126207	5dc619694730	11	3ae	7ffe4ac8e740	2b85	5dc6196e2d40	5dc6196f8970	5dc619222d30	130000	69	10000	130000
21.789038	135472bf0b24	5dc6196bce10	6838	14df0	1a0e0	5dc6196a8020	5dc6196c2100	663	7ffe4ac8e738	5dc6196bce10	1a0e0	5dc6196f8970	5dc619462d30	b0000	6838	10000	b0000
21.803633	8607f	21617	2f90	11	5378b	5dc619694730	194a	9b5	7ffe4ac8e740	2b85	5dc6196e2d40	5dc6196f8970	5dc619562d30	60000	69	10000	60000
21.809549	8600a	28529	2f90	11	d0571	5dc619694730	1df2	aef	7ffe4ac8e740	2b85	5dc6196e2d40	5dc6196f8970	5dc6193e2d30	c0000	69	10000	c0000
21.816946	8605e	211b7	2f90	11	1cd81b	5dc619694730	1914	a11	7ffe4ac8e740	2b85	5dc6196e2d40	5dc6196f8970	5dc618fa2d30	1d0000	69	10000	1d0000
21.825827	86019	5dc61983dba0	2f90	11	149753	5dc619694730	1aef	83a	7ffe4ac8e740	2b85	5dc6196e2d40	5dc6196f8970	5dc6191e2d30	140000	69	10000	140000
21.839417	86061	a67	2f90	b	82d88	5dc619694730	b7	a52	7ffe4ac8e740	2b85	5dc6196e2d40	5dc6196f8970	5dc6194a2d30	90000	69	10000	90000
21.844618	8607f	2b5c1	2f90	11	8b9b0	5dc619694730	1fec	a52	7ffe4ac8e740	2b85	5dc6196e2d40	5dc6196f8970	5dc6194a2d30	90000	69	10000	90000
21.851938	8605e	fdeb	2f90	f	f706c	5dc619694730	cc7	311	7ffe4ac8e740	2b85	5dc6196e2d40	5dc6196f8970	5dc6192e2d30	100000	69	10000	100000
21.866104	8607f	685	2f90	a	8f4c5	5dc619694730	7e	a52	7ffe4ac8e740	2b85	5dc6196e2d40	5dc6196f8970	5dc6194a2d30	90000	69	10000	90000
21.880380	8605e	1c06d	2f90	10	11a603	5dc619694730	1595	c29	7ffe4ac8e740	2b85	5dc6196e2d40	5dc6196f8970	5dc619262d30	120000	69	10000	120000
21.888860	8601e	5dc61983dba0	2f90	11	7950a	5dc619694730	2419	13a	7ffe4ac8e740	2b85	5dc6196e2d40	5dc6196f8970	5dc619522d30	70000	69	10000	70000
21.899051	86066	2277b	2f90	11	8c804	5dc619694730	1a10	5c6	7ffe4ac8e740	2b85	5dc6196e2d40	5dc6196f8970	5dc6194e2d30	80000	69	10000	80000
21.907388	8605e	16e73	2f90	10	1e4a68	5dc619694730	11d4	622	7ffe4ac8e740	2b85	5dc6196e2d40	5dc6196f8970	5dc618f22d30	1f0000	69	10000	1f0000
21.914472	8607f	1f	2f90	4	9270a	5dc619694730	5	1d7	7ffe4ac8e740	2b85	5dc6196e2d40	5dc6196f8970	5dc619462d30	a0000	69	10000	a0000
21.919784	8605a	1f	2f90	4	a358f	5dc619694730	5	663	7ffe4ac8e740	2b85	341c0	5dc6196f8970	5dc619422d30	b0000	69	10000	b0000
21.928769	8605e	151	2f90	8	bf1d	5dc619694730	1a	d07	7ffe4ac8e740	2b85	5dc6196e2d40	5dc6196f8970	5dc6196a2d30	10000	69	10000	10000
21.936966	8605e	25	2f90	5	142788	5dc619694730	6	cc6	7ffe4ac8e740	2b85	5dc6196e2d40	5dc6196f8970	5dc6191a2d30	150000	69	10000	150000
21.947265	8605a	343d5	2f90	11	159ced	5dc619694730	25a7	44b	7ffe4ac8e740	2b85	5dc6196e2d40	5dc6196f8970	5dc619162d30	160000	69	10000	160000
21.955064	8d6d0	0	1	5dc3c0ed9e54	1	5dc61979d5f0	7ffe4ac8e690	5dc61c8c2820	7ffe4ac8e688	5dc61b644d50	5dc61979d5f0	5dc619630c30	f0ea5255c83e99f	5dc619630c30	1	7ffe4ac8e7f0	5dc61979d5f0
21.962521	86007	ba2b	2f90	f	1522d9	5dc619694730	9c0	cc6	7ffe4ac8e740	2b85	5dc6196e2d40	5dc6196f8970	5dc6191a2d30	150000	69	10000	150000
21.973398	8605e	1bf13	2f90	10	1990dd	5dc619694730	1589	974	7ffe4ac8e740	2b85	5dc6196e2d40	5dc6196f8970	5dc619062d30	1a0000	69	10000	1a0000
21.979197	8607f	a247	2f90	f	1d3192	5dc619694730	8a2	196	7ffe4ac8e740	2b85	5dc6196e2d40	5dc6196f8970	5dc618f62d30	1e0000	69	10000	1e0000
21.988643	8605e	17371	2f90	10	18ca4e	5dc619694730	1213	4e8	7ffe4ac8e740	2b85	5dc6196e2d40	5dc6196f8970	5dc6190a2d30	190000	69	10000	190000
22.000596	860cc	434c	434c	11	1021d	5dc619694730	2b85	d07	7ffe4ac8e740	2b85	5dc6196e2d40	5dc6196f8970	5dc6196a2d30	0	4348	10000	10000
22.007724	860cc	9b94	9b94	11	104bc0	5dc619694730	2b85	311	7ffe4ac8e740	2b85	5dc6196e2d40	5dc6196f8970	5dc6192e2d30	0	9b90	10000	100000
22.020321	855f8	4ab	6c5b	6c5b	694f	3a10	5fa	7ffffffff7a01077	7ffe4ac8e740	6c5b	0	0	b7990fe75c2a0fa1	5fa	495a	cbc4e89363643fd3	2b85
22.029674	860e7	5dc6196a2d30	7454	11	1c95d1	5dc619694730	2b85	585	7ffe4ac8e740	2b85	5dc6196e2d40	5dc6196f8970	5dc618fe2d30	0	7450	10000	1c0000
22.043090	8605e	9f5	2f90	b	11f715	5dc619694730	b3	c29	7ffe4ac8e740	2b85	5dc6196e2d40	5dc6196f8970	5dc619262d30	120000	69	10000	120000
22.056891	8605e	fe9	2f90	b	92c83	5dc619694730	108	1d7	7ffe4ac8e740	2b85	5dc6196e2d40	5dc6196f8970	5dc619462d30	a0000	69	10000	a0000
22.070366	8605e	37973	2f90	11	19d42b	5dc619694730	27ec	974	7ffe4ac8e740	2b85	5dc6196e2d40	5dc6196f8970	5dc619062d30	1a0000	69	10000	1a0000
22.081559	b57f5	eb20e6335e24384d	9535	0	9511	937df1a	d3cb8e6d92450e02	800000000937df1a	7ffe4ac8e738	9535	0	16f321fc	b7990fe75c2a0fa1	801	3d28	d3cb8e6d92450e02	2b85
22.090207	8605e	d0ab	2f90	f	137cf4	5dc619694730	ac9	83a	7ffe4ac8e740	2b85	5dc6196e2d40	5dc6196f8970	5dc6191e2d30	140000	69	10000	140000
22.100542	8605e	2800d	2f90	11	11c326	5dc619694730	1dc3	c29	7ffe4ac8e740	2b85	5dc6196e2d40	5dc6196f8970	5dc619262d30	120000	69	10000	120000
22.109223	8605e	44d7	2f90	e	503b2	5dc619694730	400	9b5	7ffe4ac8e740	2b85	5dc6196e2d40	5dc6196f8970	5dc619562d30	60000	69	10000	60000
22.120720	8607f	6703	2f90	e	8d355	5dc619694730	5b4	a52	7ffe4ac8e740	2b85	5dc6196e2d40	5dc6196f8970	5dc6194a2d30	90000	69	10000	90000
22.125912	8605e	28085	2f90	11	92203	5dc619694730	1dc7	1d7	7ffe4ac8e740	2b85	5dc6196e2d40	5dc6196f8970	5dc619462d30	a0000	69	10000	a0000
22.134317	b580f	df994d682dfcd30d	1195f	0	f75c	fffffffffbcd36ae	3fdb1423947c8e2f	7ffffffffbcd36ae	7ffe4ac8e738	1195f	432c951	16f321fc	b7990fe75c2a0fa1	df4	5dd2	c024ebdc6b8371d1	2b85
22.139892	8605e	19b17	2f90	10	8876	5dc619694730	13df	d07	7ffe4ac8e740	2b85	5dc6196e2d40	5dc6196f8970	5dc6196a2d30	10000	69	10000	10000
22.149172	8605a	101	2f90	8	1cbacb	5dc619694730	13	a11	7ffe4ac8e740	2b85	5dc6196e2d40	5dc6196f8970	5dc618fa2d30	1d0000	69	10000	1d0000
22.162670	8605e	259	2f90	9	b8b44	5dc619694730	30	aef	7ffe4ac8e740	2b85	5dc6196e2d40	5dc6196f8970	5dc6193e2d30	c0000	69	10000	c0000
22.176770	86072	30503	2f90	11	1ebbfc	5dc619694730	2316	196	7ffe4ac8e740	2b85	5dc6196e2d40	5dc6196f8970	5dc618f62d30	1e0000	69	10000	1e0000
22.188890	135472bf0b8a	5dc6196a614c	d07	a48	341c	5dc6196a5704	5dc6196a8b20	5c6	7ffe4ac8e738	5dc6196a614c	70000	5dc6196f8970	5dc619522d30	80000	d07	10000	80000
22.196756	8605e	137	2f90	8	167117	5dc619694730	17	8d7	7ffe4ac8e740	2b85	5dc6196e2d40	5dc6196f8970	5dc619122d30	170000	69	10000	170000
22.209077	b58f1	b741	5dc60aa65830	0	b741	0	b741	2bb9	7ffe4ac8e738	c91f	5dc6197129d0	77	711a7d61ace0	a72	3	c91f	c6f2
22.219212	135472bf0b24	5dc6196afda0	341c	6e40	d070	5dc6196a8f60	5dc6196b5fd0	663	7ffe4ac8e738	5dc6196afda0	d070	5dc6196f8970	5dc619462d30	b0000	341c	10000	b0000
22.228126	b580f	d56661dc8d40b4d9	14f57	0	e835	fffffffffe0d2352	7fdadecbada654f4	7ffffffffe0d2352	7ffe4ac8e738	14f57	1f2dcad	0	a30ca01eeb50eb78	1074	10e6f	802521345259ab0c	2b85
22.237402	8607f	1a5	2f90	8	160d47	5dc619694730	21	8d7	7ffe4ac8e740	2b85	5dc6196e2d40	5dc6196f8970	5dc619122d30	170000	69	10000	170000
22.251200	8605e	3b7b	2f90	d	dcaca	5dc619694730	38a	700	7ffe4ac8e740	2b85	5dc6196e2d40	5dc6196f8970	5dc619362d30	e0000	69	10000	e0000
22.260972	8605a	2b225	2f90	11	78306	5dc619694730	1fc7	5c6	7ffe4ac8e740	2b85	5dc6196e2d40	5dc6196f8970	5dc6194e2d30	80000	69	10000	80000
22.271772	8607f	20267	2f90	11	dd719	5dc619694730	186a	700	7ffe4ac8e740	2b85	5dc6196e2d40	5dc6196f8970	5dc619362d30	e0000	69	10000	e0000
22.283473	8605e	3dc1	2f90	d	185097	5dc619694730	3a5	4e8	7ffe4ac8e740	2b85	5dc6196e2d40	5dc6196f8970	5dc6190a2d30	190000	69	10000	190000
22.296343	86007	277f3	2f90	11	a2dc6	5dc619694730	1d6d	5c6	7ffe4ac8e740	2b85	5dc6196e2d40	5dc6196f8970	5dc6194e2d30	80000	69	10000	80000
22.303575	8607f	3168d	2f90	11	fddd8	5dc619694730	23d4	311	7ffe4ac8e740	2b85	5dc6196e2d40	5dc6196f8970	5dc6192e2d30	100000	69	10000	100000
22.318739	8607f	212f9	2f90	11	1e7f60	5dc619694730	1927	622	7ffe4ac8e740	2b85	5dc6196e2d40	5dc6196f8970	5dc618f22d30	1f0000	69	10000	1f0000
22.331728	8605e	2ab	2f90	9	66714	5dc619694730	3a	13a	7ffe4ac8e740	2b85	5dc6196e2d40	5dc6196f8970	5dc619522d30	70000	69	10000	70000
22.345464	860e3	5dc6196a2d30	3314	11	1788d8	5dc619694730	2b85	cc6	7ffe4ac8e740	2b85	5dc6196e2d40	5dc6196f8970	5dc6191a2d30	0	3310	10000	150000
22.354435	8607b	1fac5	2f90	10	c7053	5dc619694730	181a	274	7ffe4ac8e740	2b85	5dc6196e2d40	5dc6196f8970	5dc6193a2d30	d0000	69	10000	d0000
22.365135	8601e	5dc61983dba0	2f90	10	d54de	5dc619694730	11b8	274	7ffe4ac8e740	2b85	5dc6196e2d40	5dc6196f8970	5dc6193a2d30	d0000	69	10000	d0000
22.374758	8605e	5827	2f90	e	3bfaa	5dc619694730	4fb	9d	7ffe4ac8e740	2b85	5dc6196e2d40	5dc6196f8970	5dc6195e2d30	40000	69	10000	40000
22.380243	86061	1f	2f90	4	6c79c	5dc619694730	5	13a	7ffe4ac8e740	2b85	341c0	5dc6196f8970	5dc619522d30	70000	69	10000	70000
22.389657	8607f	d0f	2f90	b	1ad53	5dc619694730	e0	48c	7ffe4ac8e740	2b85	5dc6196e2d40	5dc6196f8970	5dc619662d30	20000	69	10000	20000
22.402490	860e7	5dc6196a2d30	ce68	11	16a7d1	5dc619694730	2b85	3ae	7ffe4ac8e740	2b85	5dc6196e2d40	5dc6196f8970	5dc619222d30	0	ce64	10000	130000
22.413078	8605e	43	2f90	6	156dde	5dc619694730	7	44b	7ffe4ac8e740	2b85	5dc6196e2d40	5dc6196f8970	5dc619162d30	160000	69	10000	160000
22.425775	855f2	fffffffffffff543	38aeb	38aeb	ffffffffffffa974	2800b	28af	7ffffffff6eb61d8	7ffe4ac8e740	38aeb	0	0	a30ca01eeb50eb78	28af	b2c4	a579465f587d2369	2b85
22.440796	855f8	378a	1365b	1365b	b36c	1142	f43	80000000096d9fbb	7ffe4ac8e740	1365b	0	0	a30ca01eeb50eb78	f43	f0b1	25ce7b9cb11c547e	2b85
22.454038	8605e	2cf75	2f90	11	128cb0	5dc619694730	20ed	3ae	7ffe4ac8e740	2b85	5dc6196e2d40	5dc6196f8970	5dc619222d30	130000	69	10000	130000
22.460816	8607f	425	2f90	a	1eaf20	5dc619694730	57	622	7ffe4ac8e740	2b85	5dc6196e2d40	5dc6196f8970	5dc618f22d30	1f0000	69	10000	1f0000
22.468045	860e3	5dc6196a2d30	8524	11	a44ec	5dc619694730	2b85	13a	7ffe4ac8e740	2b85	5dc6196e2d40	5dc6196f8970	5dc619522d30	0	8520	10000	70000
22.473485	8605e	65	2f90	6	9b13d	5dc619694730	9	1d7	7ffe4ac8e740	2b85	5dc6196e2d40	5dc6196f8970	5dc619462d30	a0000	69	10000	a0000
22.487521	135472bf0b24	5dc6196bce10	6838	16370	1a0e0	5dc6196a6aa0	5dc6196c0b80	48c	7ffe4ac8e738	5dc6196bce10	1a0e0	5dc6196f8970	5dc6196a2d30	20000	6838	10000	20000
22.493386	860e3	5dc6196a2d30	7564	11	989cf	5dc619694730	2b85	13a	7ffe4ac8e740	2b85	5dc6196e2d40	5dc6196f8970	5dc619522d30	0	7560	10000	70000
22.507855	86019	5dc61983dba0	2f90	11	2dd34	5dc619694730	1c8a	d07	7ffe4ac8e740	2b85	5dc6196e2d40	5dc6196f8970	5dc6196a2d30	10000	69	10000	10000
22.514805	8605e	2758f	2f90	11	cf739	5dc619694730	1d52	274	7ffe4ac8e740	2b85	5dc6196e2d40	5dc6196f8970	5dc6193a2d30	d0000	69	10000	d0000
22.520081	8605a	3b9	2f90	9	e52f3	5dc619694730	4d	b8c	7ffe4ac8e740	2b85	5dc6196e2d40	5dc6196f8970	5dc619322d30	f0000	69	10000	f0000
22.531324	8605e	971	2f90	b	15aeca	5dc619694730	ae	44b	7ffe4ac8e740	2b85	5dc6196e2d40	5dc6196f8970	5dc619162d30	160000	69	10000	160000
22.540066	860cc	4a0	4a0	11	ebd77	5dc619694730	2b85	663	7ffe4ac8e740	2b85	5dc6196e2d40	5dc6196f8970	5dc619422d30	0	49c	10000	b0000
22.552598	8605e	39d5b	2f90	11	7da80	5dc619694730	2963	5c6	7ffe4ac8e740	2b85	5dc6196e2d40	5dc6196f8970	5dc6194e2d30	80000	69	10000	80000
22.559949	8607f	6fb	2f90	a	17c518	5dc619694730	87	5c	7ffe4ac8e740	2b85	5dc6196e2d40	5dc6196f8970	5dc6190e2d30	180000	69	10000	180000
22.568329	135472bf0b24	5dc6196bce10	6838	10e70	1a0e0	5dc6196abfa0	5dc6196c6080	13a	7ffe4ac8e738	5dc6196bce10	1a0e0	5dc6196f8970	5dc619562d30	70000	6838	10000	70000
22.576547	8605e	97	2f90	7	1a28f2	5dc619694730	c	f9	7ffe4ac8e740	2b85	5dc6196e2d40	5dc6196f8970	5dc619022d30	1b0000	69	10000	1b0000
22.590523	8607f	1032b	2f90	10	12c822	5dc619694730	cfc	3ae	7ffe4ac8e740	2b85	5dc6196e2d40	5dc6196f8970	5dc619222d30	130000	69	10000	130000
22.600041	86055	23a0b	2f90	11	d997d	5dc619694730	1ad5	700	7ffe4ac8e740	2b85	5dc6196e2d40	5dc6196f8970	5dc619362d30	e0000	69	10000	e0000
22.612047	8607b	17e1	2f90	c	1bee62	5dc619694730	189	585	7ffe4ac8e740	2b85	5dc6196e2d40	5dc6196f8970	5dc618fe2d30	1c0000	69	10000	1c0000
22.625465	8607f	43	2f90	6	f7e63	5dc619694730	7	311	7ffe4ac8e740	2b85	5dc6196e2d40	5dc6196f8970	5dc6192e2d30	100000	69	10000	100000
22.631035	8607b	137	2f90	8	12e78c	5dc619694730	17	3ae	7ffe4ac8e740	2b85	5dc6196e2d40	5dc6196f8970	5dc619222d30	130000	69	10000	130000
22.644193	8607f	89	2f90	7	5248d	5dc619694730	b	9b5	7ffe4ac8e740	2b85	5dc6196e2d40	5dc6196f8970	5dc619562d30	60000	69	10000	60000
22.653676	8605e	1b23	2f90	c	5ad8	5dc619694730	1ba	d07	7ffe4ac8e740	2b85	5dc6196e2d40	5dc6196f8970	5dc6196a2d30	10000	69	10000	10000
22.667652	86051	32d9b	2f90	11	5dc6196e2d40	5dc619694730	24b6	f9	7ffe4ac8e740	2b85	5dc6196e2d40	5dc6196f8970	5dc619022d30	1b0000	69	10000	1b0000
22.676325	8607f	19661	2f90	10	f289a	5dc619694730	13a5	311	7ffe4ac8e740	2b85	5dc6196e2d40	5dc6196f8970	5dc6192e2d30	100000	69	10000	100000
22.689055	855be	fffffffffe47bb63	4aef	5dc619984750	ffffffffffffffff	2d3e	449	7ffffffffa3eaee9	7ffe4ac8e740	4aef	0	0	a2aeb0690ddf53f8	449	1e67	cac8b0d78b504e7c	2b85
22.701181	8605e	1a1d3	2f90	10	70a97	5dc619694730	143b	5c6	7ffe4ac8e740	2b85	5dc6196e2d40	5dc6196f8970	5dc6194e2d30	80000	69	10000	80000
22.708891	8605e	1d50f	2f90	10	19d0fd	5dc619694730	1678	974	7ffe4ac8e740	2b85	5dc6196e2d40	5dc6196f8970	5dc619062d30	1a0000	69	10000	1a0000
22.715969	8607b	43	2f90	6	446c2	5dc619694730	7	529	7ffe4ac8e740	2b85	5dc6196e2d40	5dc6196f8970	5dc6195a2d30	50000	69	10000	50000
22.726618	86007	14549	2f90	10	840af	5dc619694730	ff3	5c6	7ffe4ac8e740	2b85	5dc6196e2d40	5dc6196f8970	5dc6194e2d30	80000	69	10000	80000
22.735823	8605e	3a13	2f90	d	1600f	5dc619694730	379	48c	7ffe4ac8e740	2b85	5dc6196e2d40	5dc6196f8970	5dc619662d30	20000	69	10000	20000
22.741464	860c9	2b64	2b60	11	89335	5dc619694730	2b85	9b5	7ffe4ac8e740	2b85	5dc6196e2d40	5dc6196f8970	5dc619562d30	0	2b60	10000	60000
22.749599	8607f	5d5	2f90	a	1bdac7	5dc619694730	72	585	7ffe4ac8e740	2b85	5dc6196e2d40	5dc6196f8970	5dc618fe2d30	1c0000	69	10000	1c0000
22.757193	8605e	6ddb	2f90	e	90585	5dc619694730	611	1d7	7ffe4ac8e740	2b85	5dc6196e2d40	5dc6196f8970	5dc619462d30	a0000	69	10000	a0000
22.762900	8601e	5dc61983dba0	2f90	11	eec2f	5dc619694730	24fc	274	7ffe4ac8e740	2b85	5dc6196e2d40	5dc6196f8970	5dc6193a2d30	d0000	69	10000	d0000
22.768795	8607f	f11b	2f90	f	1285c4	5dc619694730	c3f	3ae	7ffe4ac8e740	2b85	5dc6196e2d40	5dc6196f8970	5dc619222d30	130000	69	10000	130000
22.775596	8607f	2aa91	2f90	11	1ead2c	5dc619694730	1f6c	622	7ffe4ac8e740	2b85	5dc6196e2d40	5dc6196f8970	5dc618f22d30	1f0000	69	10000	1f0000
22.784268	8605e	2b475	2f90	11	126330	5dc619694730	1fdf	3ae	7ffe4ac8e740	2b85	5dc6196e2d40	5dc6196f8970	5dc619222d30	130000	69	10000	130000
22.789898	8605e	1a99f	2f90	10	1747b2	5dc619694730	1498	5c	7ffe4ac8e740	2b85	5dc6196e2d40	5dc6196f8970	5dc6190e2d30	180000	69	10000	180000
22.799450	8605e	191	2f90	8	12633e	5dc619694730	20	3ae	7ffe4ac8e740	2b85	5dc6196e2d40	5dc6196f8970	5dc619222d30	130000	69	10000	130000
22.806418	8607f	35591	2f90	11	19a396	5dc619694730	2666	974	7ffe4ac8e740	2b85	5dc6196e2d40	5dc6196f8970	5dc619062d30	1a0000	69	10000	1a0000
22.816328	8607f	1a69b	2f90	10	179283	5dc619694730	1472	5c	7ffe4ac8e740	2b85	5dc6196e2d40	5dc6196f8970	5dc6190e2d30	180000	69	10000	180000
22.830763	8605e	11b	2f90	8	f0ca2	5dc619694730	15	311	7ffe4ac8e740	2b85	5dc6196e2d40	5dc6196f8970	5dc6192e2d30	100000	69	10000	100000
22.836923	8607f	2a1	2f90	9	1356bb	5dc619694730	38	83a	7ffe4ac8e740	2b85	5dc6196e2d40	5dc6196f8970	5dc6191e2d30	140000	69	10000	140000
22.846420	8603a	2b85	2f90	10	cade1	5dc619694730	d27	aef	7ffe4ac8e740	2b85	5dc6196e2d40	5dc6196f8970	5dc6193e2d30	c0000	69	10000	c0000
22.861361	860c9	fd80	fd7c	11	8352b	5dc619694730	2b85	529	7ffe4ac8e740	2b85	5dc6196e2d40	5dc6196f8970	5dc6195a2d30	0	fd7c	10000	50000
22.867351	8607f	89	2f90	7	b460a	5dc619694730	b	aef	7ffe4ac8e740	2b85	5dc6196e2d40	5dc6196f8970	5dc6193e2d30	c0000	69	10000	c0000
22.877708	860cc	6754	6754	11	c741c	5dc619694730	2b85	aef	7ffe4ac8e740	2b85	5dc6196e2d40	5dc6196f8970	5dc6193e2d30	0	6750	10000	c0000
22.883094	84d60	1685e	5dc60aa65830	0	0	0	1d6c	1f96a	7ffe4ac8e740	2d0bf	5dc6197129d0	5dc61b710aa0	711a7d61ace0	20fb	1685e	2d0bf	1d6c
22.897818	8605e	24b	2f90	9	16f9a9	5dc619694730	2e	8d7	7ffe4ac8e740	2b85	5dc6196e2d40	5dc6196f8970	5dc619122d30	170000	69	10000	170000
22.905980	8605e	1e41b	2f90	10	52602	5dc619694730	1725	9b5	7ffe4ac8e740	2b85	5dc6196e2d40	5dc6196f8970	5dc619562d30	60000	69	10000	60000
22.915871	86066	1b2c5	2f90	10	6793a	5dc619694730	1509	9b5	7ffe4ac8e740	2b85	5dc6196e2d40	5dc6196f8970	5dc619562d30	60000	69	10000	60000
22.926538	8607f	15bb1	2f90	10	a2a7a	5dc619694730	10fa	663	7ffe4ac8e740	2b85	5dc6196e2d40	5dc6196f8970	5dc619422d30	b0000	69	10000	b0000
22.936488	8606e	1d98d	2f90	10	68039	5dc619694730	16af	9b5	7ffe4ac8e740	2b85	5dc6196e2d40	5dc6196f8970	5dc619562d30	60000	69	10000	60000
22.942964	8607f	dd5	2f90	b	b412f	5dc619694730	ed	aef	7ffe4ac8e740	2b85	5dc6196e2d40	5dc6196f8970	5dc6193e2d30	c0000	69	10000	c0000
22.956453	8600a	11baf	2f90	10	2015b1	5dc619694730	e11	622	7ffe4ac8e740	2b85	5dc6196e2d40	5dc6196f8970	5dc618f22d30	1f0000	69	10000	1f0000
22.968439	86049	9d5b	2f90	f	42d1e	5dc619694730	864	9d	7ffe4ac8e740	2b85	5dc6196e2d40	5dc6196f8970	5dc6195e2d30	40000	69	10000	40000
22.977360	8605e	3b7f5	2f90	11	1c2b8b	5dc619694730	2a76	a11	7ffe4ac8e740	2b85	5dc6196e2d40	5dc6196f8970	5dc618fa2d30	1d0000	69	10000	1d0000
22.991949	8605e	37009	2f90	11	18cc5a	5dc619694730	2789	4e8	7ffe4ac8e740	2b85	5dc6196e2d40	5dc6196f8970	5dc6190a2d30	190000	69	10000	190000
23.001233	8605e	22ac3	2f90	11	cfafe	5dc619694730	1a37	274	7ffe4ac8e740	2b85	5dc6196e2d40	5dc6196f8970	5dc6193a2d30	d0000	69	10000	d0000
23.015947	135472bf0b24	5dc6196afda0	341c	6700	d070	5dc6196a96a0	5dc6196b6710	aef	7ffe4ac8e738	5dc6196afda0	d070	5dc6196f8970	5dc619422d30	c0000	341c	10000	c0000
23.025934	86007	1af69	2f90	10	b0a7f	5dc619694730	14e2	663	7ffe4ac8e740	2b85	5dc6196e2d40	5dc6196f8970	5dc619422d30	b0000	69	10000	b0000
23.031149	8607f	1f	2f90	4	b210b	5dc619694730	5	aef	7ffe4ac8e740	2b85	5dc6196e2d40	5dc6196f8970	5dc6193e2d30	c0000	69	10000	c0000
23.036856	86007	27b7b	2f90	11	122546	5dc619694730	1d93	311	7ffe4ac8e740	2b85	5dc6196e2d40	5dc6196f8970	5dc6192e2d30	100000	69	10000	100000
23.044105	8605e	d7d1	2f90	f	1e3f93	5dc619694730	b0f	622	7ffe4ac8e740	2b85	5dc6196e2d40	5dc6196f8970	5dc618f22d30	1f0000	69	10000	1f0000
23.054763	85709	a	18af3	0	11199	5dc61983dba0	131b	8000000000d1190f	7ffe4ac8e740	18af3	0	14537cdb	a29be6de47fbcf44	131b	5dc6196386d0	f5ae55964d69eb1c	2b85
23.066659	86007	20e19	2f90	11	deb4a	5dc619694730	18eb	aef	7ffe4ac8e740	2b85	5dc6196e2d40	5dc6196f8970	5dc6193e2d30	c0000	69	10000	c0000
23.075336	85589	ee14d80d76bcbe37	2c13d	0	1768d	6acbc37	ee14d80d74103a16	8000000006acbc37	7ffe4ac8e740	2c13b	0	14537cdb	a29be6de47fbcf44	2060	27536	ee14d80d74103a16	2b85
23.087473	135472bf0b8a	5dc6196a9568	1a0e	1360	6838	5dc6196a8208	5dc6196aea40	b8c	7ffe4ac8e738	5dc6196a9568	e0000	5dc6196f8970	5dc619362d30	f0000	1a0e	10000	f0000
23.098286	8607f	17f	2f90	8	125a00	5dc619694730	1e	3ae	7ffe4ac8e740	2b85	5dc6196e2d40	5dc6196f8970	5dc619222d30	130000	69	10000	130000
23.109159	8605e	98fb	2f90	f	1550a7	5dc619694730	826	44b	7ffe4ac8e740	2b85	5dc6196e2d40	5dc6196f8970	5dc619162d30	160000	69	10000	160000
23.118121	135472bf08b0	5dc61b336da0	20	711a7d61ac98	18	5dc61aafb6e0	5dc61b336da0	30	7ffe4ac8e598	2b85	5dc61b336da0	5dc6196f8970	1	5dc61aafb6d0	711a7d61ac80	5dc61aafb6f0	5dc61b336da0
23.131013	86ac9	2b85	5dc6196397b0	12f8b	172e5	0	0	5dc61cfe32a0	7ffe4ac8e740	2efcf	2240	5dc61979d5f0	f0ea5255c83e99f	5dc60aa6b088	5dc61983dba0	2b85	7ffe4ac8e7f0
23.144783	8607f	25	2f90	5	e9e75	5dc619694730	6	b8c	7ffe4ac8e740	2b85	5dc6196e2d40	5dc6196f8970	5dc619322d30	f0000	69	10000	f0000
23.158873	8607f	33125	2f90	11	5a53f	5dc619694730	24e0	9b5	7ffe4ac8e740	2b85	5dc6196e2d40	5dc6196f8970	5dc619562d30	60000	69	10000	60000
23.168309	8565c	4606	1d827	1d827	547d	2c8e	169d	7ffffffff62250bf	7ffe4ac8e740	1d827	0	0	a29be6de47fbcf44	169d	5dc6196386d0	d2835b177b5be9e6	2b85
23.175992	8605e	455	2f90	a	1077a7	5dc619694730	5c	79d	7ffe4ac8e740	2b85	5dc6196e2d40	5dc6196f8970	5dc6192a2d30	110000	69	10000	110000
23.185347	860bd	6710	670c	11	b7dc3	5dc619694730	2b85	a52	7ffe4ac8e740	2b85	5dc6196e2d40	5dc6196f8970	5dc6194a2d30	0	6708	10000	90000
23.199377	b57f5	ed39d9fb8dcce673	1bec3	0	588c	3bdf76b	7cd54ba7fc903c25	8000000003bdf76b	7ffe4ac8e738	1bec3	0	14537cdb	a29be6de47fbcf44	1585	dc84	7cd54ba7fc903c25	2b85
23.206727	8605e	1df	2f90	8	8241c	5dc619694730	25	a52	7ffe4ac8e740	2b85	5dc6196e2d40	5dc6196f8970	5dc6194a2d30	90000	69	10000	90000
23.219693	8605a	15511	2f90	10	6fa7e	5dc619694730	10b2	13a	7ffe4ac8e740	2b85	5dc6196e2d40	5dc6196f8970	5dc619522d30	70000	69	10000	70000
23.227202	8607f	13d	2f90	8	160040	5dc619694730	18	8d7	7ffe4ac8e740	2b85	5dc6196e2d40	5dc6196f8970	5dc619122d30	170000	69	10000	170000
23.239045	855f8	1785	bcb7	bcb7	7cbf	5c94	9dd	8000000002466ead	7ffe4ac8e740	bcb7	0	0	b825f778285472e2	9dd	8662	16416f43f6c1be9b	2b85
23.253843	8606e	29221	2f90	11	2143a8	5dc619694730	1e73	aae	7ffe4ac8e740	2b85	5dc6196e2d40	5dc6196f8970	5dc618ee2d30	200000	69	10000	200000
23.266345	8605e	38f	2f90	9	e89ee	5dc619694730	48	b8c	7ffe4ac8e740	2b85	5dc6196e2d40	5dc6196f8970	5dc619322d30	f0000	69	10000	f0000
23.274908	135472bf110a	0	84	8468	5dc61d08b650	0	5dc61d08e000	5dc61a2c1f10	7ffe4ac8e738	0	5dc61d08b650	5dc619653420	711a7d61ace0	8000000000000000	5dc6196386d0	ae14	c0
23.282307	8605e	2ab	2f90	9	10c5db	5dc619694730	3a	79d	7ffe4ac8e740	2b85	5dc6196e2d40	5dc6196f8970	5dc6192a2d30	110000	69	10000	110000
23.291219	86003	33aeb	2f90	11	7d1f2	5dc619694730	2551	9b5	7ffe4ac8e740	2b85	5dc6196e2d40	5dc6196f8970	5dc619562d30	60000	69	10000	60000
23.304315	8607f	aa71	2f90	f	15d9b6	5dc619694730	906	44b	7ffe4ac8e740	2b85	5dc6196e2d40	5dc6196f8970	5dc619162d30	160000	69	10000	160000
23.317015	86020	5dc61983dba0	2f90	c	31553	5dc619694730	160	918	7ffe4ac8e740	2b85	5dc6196e2d40	5dc6196f8970	5dc619622d30	30000	69	10000	30000
23.327699	8607f	43	2f90	6	7d627	5dc619694730	7	5c6	7ffe4ac8e740	2b85	5dc6196e2d40	5dc6196f8970	5dc6194e2d30	80000	69	10000	80000
23.342635	b580f	fa9cb6cb8df78515	30521	0	23d81	fffffffffd0a08ea	822833e9b1c2ce36	7ffffffffd0a08ea	7ffe4ac8e738	30521	2f5f715	0	b825f778285472e2	2319	13a30	7dd7cc164e3d31ca	2b85
23.351791	8607f	3b9	2f90	9	1a6e97	5dc619694730	4d	f9	7ffe4ac8e740	2b85	5dc6196e2d40	5dc6196f8970	5dc619022d30	1b0000	69	10000	1b0000
23.357942	85656	fffffffffffe910d	23cd7	23cd7	fffffffffffdecff	1986f	1af8	7ffffffff6fb3c96	7ffe4ac8e740	23cd7	0	0	b825f778285472e2	1af8	5dc6196386d0	baeb3bd05adc5897	2b85
23.368601	86007	28b25	2f90	11	22f00	5dc619694730	1e2e	48c	7ffe4ac8e740	2b85	5dc6196e2d40	5dc6196f8970	5dc619662d30	20000	69	10000	20000
23.374090	8605e	129e3	2f90	10	35471	5dc619694730	eb6	9d	7ffe4ac8e740	2b85	5dc6196e2d40	5dc6196f8970	5dc6195e2d30	40000	69	10000	40000
23.386559	8605a	266d1	2f90	11	11dd38	5dc619694730	1ca4	c29	7ffe4ac8e740	2b85	5dc6196e2d40	5dc6196f8970	5dc619262d30	120000	69	10000	120000
23.391854	8605e	262c9	2f90	11	13d3cd	5dc619694730	1c80	83a	7ffe4ac8e740	2b85	5dc6196e2d40	5dc6196f8970	5dc6191e2d30	140000	69	10000	140000
23.406298	8605e	20c09	2f90	11	106829	5dc619694730	18d4	79d	7ffe4ac8e740	2b85	5dc6196e2d40	5dc6196f8970	5dc6192a2d30	110000	69	10000	110000
23.419687	8607f	1e7ed	2f90	10	29e2c	5dc619694730	1755	918	7ffe4ac8e740	2b85	5dc6196e2d40	5dc6196f8970	5dc619622d30	30000	69	10000	30000
23.425050	8605e	623	2f90	a	42be9	5dc619694730	77	529	7ffe4ac8e740	2b85	5dc6196e2d40	5dc6196f8970	5dc6195a2d30	50000	69	10000	50000
23.431045	8601e	5dc61983dba0	2f90	11	b646e	5dc619694730	1dc1	663	7ffe4ac8e740	2b85	5dc6196e2d40	5dc6196f8970	5dc619422d30	b0000	69	10000	b0000
23.442433	8607b	128f	2f90	c	143940	5dc619694730	135	cc6	7ffe4ac8e740	2b85	5dc6196e2d40	5dc6196f8970	5dc6191a2d30	150000	69	10000	150000
23.453656	8607f	303c5	2f90	11	1cc4b8	5dc619694730	230c	a11	7ffe4ac8e740	2b85	5dc6196e2d40	5dc6196f8970	5dc618fa2d30	1d0000	69	10000	1d0000
23.462311	8607f	59	2f90	6	125f30	5dc619694730	8	3ae	7ffe4ac8e740	2b85	5dc6196e2d40	5dc6196f8970	5dc619222d30	130000	69	10000	130000
23.468865	86042	5dc619654710	2f90	11	1bcc3f	5dc619694730	1b26	f9	7ffe4ac8e740	2b85	5dc6196e2d40	5dc6196f8970	5dc619022d30	1b0000	69	10000	1b0000
23.482963	860e3	5dc6196a2d30	f11c	11	15ccfd	5dc619694730	2b85	c29	7ffe4ac8e740	2b85	5dc6196e2d40	5dc6196f8970	5dc619262d30	0	f118	10000	120000
23.490691	855f2	115f4	28f63	28f63	27bb0	5c9	1e5d	80000000019c1703	7ffe4ac8e740	28f63	0	1704beef	b825f778285472e2	1e5d	11dbf	e6f8255f50cb94a8	2b85
23.501048	b57f5	34ea870b6972995d	1fc99	0	13bef	abe0449	4255b116dd37084	800000000abe0449	7ffe4ac8e738	1fc99	0	1704beef	b825f778285472e2	182c	466a	4255b116dd37084	2b85
23.513939	135472bf0b24	5dc6196d6ef0	2f90	6df0	be40	5dc6196a7d80	5dc6196dbf40	79d	7ffe4ac8e738	5dc6196d6ef0	341c0	5dc6196f8970	5dc6192e2d30	110000	d070	10000	110000
23.527966	86007	24055	2f90	11	828cd	5dc619694730	1b1b	5c6	7ffe4ac8e740	2b85	5dc6196e2d40	5dc6196f8970	5dc6194e2d30	80000	69	10000	80000
23.539890	860cc	dd18	dd18	11	1065a4	5dc619694730	2b85	311	7ffe4ac8e740	2b85	5dc6196e2d40	5dc6196f8970	5dc6192e2d30	0	dd14	10000	100000
23.547886	84d5d	159f	5dc60aa65830	0	0	0	159f	6f1c	7ffe4ac8e740	8245	5dc6197129d0	77	711a7d61ace0	714	412	8245	159f
23.558794	8607f	2f623	2f90	11	138cd2	5dc619694730	2283	83a	7ffe4ac8e740	2b85	5dc6196e2d40	5dc6196f8970	5dc6191e2d30	140000	69	10000	140000
23.566572	8605e	6c35	2f90	e	18671	5dc619694730	5f8	48c	7ffe4ac8e740	2b85	5dc6196e2d40	5dc6196f8970	5dc619662d30	20000	69	10000	20000
23.575275	8607f	43	2f90	6	1b618f	5dc619694730	7	585	7ffe4ac8e740	2b85	5dc6196e2d40	5dc6196f8970	5dc618fe2d30	1c0000	69	10000	1c0000
23.586585	855be	fbb3e7a4	19f39	5dc619984750	ffffffffffffffff	7d83	1411	7ffffffff7d89dff	7ffe4ac8e740	19f39	0	1705eb87	b82f5c3d8b46353b	1411	18cb9	a8954f03daf23102	2b85
23.598149	86066	1badb	2f90	10	81b34	5dc619694730	1562	5c6	7ffe4ac8e740	2b85	5dc6196e2d40	5dc6196f8970	5dc6194e2d30	80000	69	10000	80000
23.605778	8605e	d6c3	2f90	f	188f20	5dc619694730	b03	4e8	7ffe4ac8e740	2b85	5dc6196e2d40	5dc6196f8970	5dc6190a2d30	190000	69	10000	190000
23.611895	8607f	3b977	2f90	11	1e6a93	5dc619694730	2a84	622	7ffe4ac8e740	2b85	5dc6196e2d40	5dc6196f8970	5dc618f22d30	1f0000	69	10000	1f0000
23.626012	8605e	241a9	2f90	11	129c5d	5dc619694730	1b27	3ae	7ffe4ac8e740	2b85	5dc6196e2d40	5dc6196f8970	5dc619222d30	130000	69	10000	130000
23.637788	8607f	2b6db	2f90	11	1b62e3	5dc619694730	1ff6	585	7ffe4ac8e740	2b85	5dc6196e2d40	5dc6196f8970	5dc618fe2d30	1c0000	69	10000	1c0000
23.648891	b580f	bb7a6e9aea406f64	8365	0	2df	fffffffff5ef0f3a	9de6e8fd646c2153	7ffffffff5ef0f3a	7ffe4ac8e738	8365	a10f0c5	1705eb87	b82f5c3d8b46353b	727	279d	621917029b93dead	2b85
23.656866	135472bf0b24	5dc6196bce10	6838	125f0	1a0e0	5dc6196aa820	5dc6196c4900	c29	7ffe4ac8e738	5dc6196bce10	1a0e0	5dc6196f8970	5dc6192a2d30	120000	6838	10000	120000
23.664988	b57f5	6a1434abe1c37bd9	31b85	0	d7	2acefef	dc1123665c2a3b94	8000000002acefef	7ffe4ac8e738	31b85	0	1705eb87	b82f5c3d8b46353b	2402	1202e	dc1123665c2a3b94	2b85
23.676520	8605e	c1e7	2f90	f	8bd21	5dc619694730	a1c	a52	7ffe4ac8e740	2b85	5dc6196e2d40	5dc6196f8970	5dc6194a2d30	90000	69	10000	90000
23.686602	86003	15d7	2f90	c	9159f	5dc619694730	168	a52	7ffe4ac8e740	2b85	5dc6196e2d40	5dc6196f8970	5dc6194a2d30	90000	69	10000	90000
23.695738	8565c	15ed	3a1ad	3a1ad	26ece	10590	298c	80000000036d4af4	7ffe4ac8e740	3a1ad	0	1705eb87	b82f5c3d8b46353b	298c	5dc6196386d0	3ac0b47c18026171	2b85
23.702875	8607f	13d	2f90	8	d82da	5dc619694730	18	700	7ffe4ac8e740	2b85	5dc6196e2d40	5dc6196f8970	5dc619362d30	e0000	69	10000	e0000
23.717619	8605e	a585	2f90	f	90d57	5dc619694730	8ce	1d7	7ffe4ac8e740	2b85	5dc6196e2d40	5dc6196f8970	5dc619462d30	a0000	69	10000	a0000
23.722900	8605e	1e8b9	2f90	10	a7e84	5dc619694730	175e	663	7ffe4ac8e740	2b85	5dc6196e2d40	5dc6196f8970	5dc619422d30	b0000	69	10000	b0000
23.732691	8607f	1e87d	2f90	10	55714	5dc619694730	175b	9b5	7ffe4ac8e740	2b85	5dc6196e2d40	5dc6196f8970	5dc619562d30	60000	69	10000	60000
23.744940	8605e	2c327	2f90	11	13a23d	5dc619694730	2069	83a	7ffe4ac8e740	2b85	5dc6196e2d40	5dc6196f8970	5dc6191e2d30	140000	69	10000	140000
23.757198	b57f5	86ef762c231f206c	1d861	0	bb2f	cdcb0b	a29d277ab293241b	8000000000cdcb0b	7ffe4ac8e738	1d861	0	1705eb87	b82f5c3d8b46353b	16a0	1478e	a29d277ab293241b	2b85
23.768536	86042	5dc619654710	2f90	11	7fc0d	5dc619694730	24b8	9b5	7ffe4ac8e740	2b85	5dc6196e2d40	5dc6196f8970	5dc619562d30	60000	69	10000	60000
23.782277	8601e	5dc61983dba0	2f90	11	2171a4	5dc619694730	259c	aae	7ffe4ac8e740	2b85	5dc6196e2d40	5dc6196f8970	5dc618ee2d30	200000	69	10000	200000
23.794516	86072	2e15f	2f90	11	ce716	5dc619694730	21ab	aef	7ffe4ac8e740	2b85	5dc6196e2d40	5dc6196f8970	5dc6193e2d30	c0000	69	10000	c0000
23.803230	8605e	15203	2f90	10	e671	5dc619694730	1098	d07	7ffe4ac8e740	2b85	5dc6196e2d40	5dc6196f8970	5dc6196a2d30	10000	69	10000	10000
23.810719	8607f	277	2f90	9	f6db1	5dc619694730	34	311	7ffe4ac8e740	2b85	5dc6196e2d40	5dc6196f8970	5dc6192e2d30	100000	69	10000	100000
23.816766	8607f	9d	2f90	7	152c7d	5dc619694730	d	44b	7ffe4ac8e740	2b85	5dc6196e2d40	5dc6196f8970	5dc619162d30	160000	69	10000	160000
23.830068	8605e	15ef9	2f90	10	87505	5dc619694730	1124	a52	7ffe4ac8e740	2b85	5dc6196e2d40	5dc6196f8970	5dc6194a2d30	90000	69	10000	90000
23.842237	86007	e2af	2f90	f	163b49	5dc619694730	b93	44b	7ffe4ac8e740	2b85	5dc6196e2d40	5dc6196f8970	5dc619162d30	160000	69	10000	160000
23.849055	8605e	25105	2f90	11	1d1d7a	5dc619694730	1bcd	196	7ffe4ac8e740	2b85	5dc6196e2d40	5dc6196f8970	5dc618f62d30	1e0000	69	10000	1e0000
23.857830	8606e	2a845	2f90	11	146895	5dc619694730	1f52	83a	7ffe4ac8e740	2b85	5dc6196e2d40	5dc6196f8970	5dc6191e2d30	140000	69	10000	140000
23.864642	8605e	285c5	2f90	11	1f24bd	5dc619694730	1df7	aae	7ffe4ac8e740	2b85	5dc6196e2d40	5dc6196f8970	5dc618ee2d30	200000	69	10000	200000
23.873143	8605e	1d50f	2f90	10	135403	5dc619694730	1678	83a	7ffe4ac8e740	2b85	5dc6196e2d40	5dc6196f8970	5dc6191e2d30	140000	69	10000	140000
23.880678	b58e9	e9f	5dc60aa65830	0	2eb	0	83cd190	6b95	7ffe4ac8e738	903b	5dc6197129d0	77	711a7d61ace0	7c5	240	903b	2dec
23.893846	8601e	5dc61983dba0	2f90	11	161b3	5dc619694730	195c	d07	7ffe4ac8e740	2b85	5dc6196e2d40	5dc6196f8970	5dc6196a2d30	10000	69	10000	10000
23.908318	8607f	43	2f90	6	1ee44d	5dc619694730	7	622	7ffe4ac8e740	2b85	5dc6196e2d40	5dc6196f8970	5dc618f22d30	1f0000	69	10000	1f0000
23.920247	8607f	c7	2f90	7	70878	5dc619694730	f	5c6	7ffe4ac8e740	2b85	5dc6196e2d40	5dc6196f8970	5dc6194e2d30	80000	69	10000	80000
23.932411	8607f	65	2f90	6	175845	5dc619694730	9	5c	7ffe4ac8e740	2b85	5dc6196e2d40	5dc6196f8970	5dc6190e2d30	180000	69	10000	180000
23.944231	8605a	9d	2f90	7	1b03e	5dc619694730	d	48c	7ffe4ac8e740	2b85	5dc6196e2d40	5dc6196f8970	5dc619662d30	20000	69	10000	20000
23.950398	860e7	5dc6196a2d30	5bc8	11	a672c	5dc619694730	2b85	5c6	7ffe4ac8e740	2b85	5dc6196e2d40	5dc6196f8970	5dc6194e2d30	0	5bc4	10000	80000
23.957771	86066	2c921	2f90	11	1846c0	5dc619694730	20a8	5c	7ffe4ac8e740	2b85	5dc6196e2d40	5dc6196f8970	5dc6190e2d30	180000	69	10000	180000
23.967991	86061	4ff	2f90	a	184191	5dc619694730	65	4e8	7ffe4ac8e740	2b85	5dc6196e2d40	5dc6196f8970	5dc6190a2d30	190000	69	10000	190000
23.977705	8607f	6d	2f90	6	14a1b6	5dc619694730	a	cc6	7ffe4ac8e740	2b85	5dc6196e2d40	5dc6196f8970	5dc6191a2d30	150000	69	10000	150000
23.987978	8601e	5dc61983dba0	2f90	10	1730a6	5dc619694730	12b9	44b	7ffe4ac8e740	2b85	5dc6196e2d40	5dc6196f8970	5dc619162d30	160000	69	10000	160000
24.001646	8605e	36d9d	2f90	11	abc33	5dc619694730	276b	663	7ffe4ac8e740	2b85	5dc6196e2d40	5dc6196f8970	5dc619422d30	b0000	69	10000	b0000
24.009751	8605e	12eed	2f90	10	1f7dd8	5dc619694730	eeb	aae	7ffe4ac8e740	2b85	5dc6196e2d40	5dc6196f8970	5dc618ee2d30	200000	69	10000	200000
24.018592	860cc	9060	9060	11	1757aa	5dc619694730	2b85	8d7	7ffe4ac8e740	2b85	5dc6196e2d40	5dc6196f8970	5dc619122d30	0	905c	10000	170000
24.024807	135472bf0b24	5dc6196afda0	341c	1140	d070	5dc6196aec60	5dc6196bbcd0	622	7ffe4ac8e738	5dc6196afda0	d070	5dc6196f8970	5dc618f62d30	1f0000	341c	10000	1f0000
24.033186	860cc	6bcc	6bcc	11	15cd9b	5dc619694730	2b85	c29	7ffe4ac8e740	2b85	5dc6196e2d40	5dc6196f8970	5dc619262d30	0	6bc8	10000	120000
24.044179	8605e	4a1d	2f90	e	17860c	5dc619694730	43f	5c	7ffe4ac8e740	2b85	5dc6196e2d40	5dc6196f8970	5dc6190e2d30	180000	69	10000	180000
24.058823	860e7	5dc6196a2d30	5a0	11	104dd9	5dc619694730	2b85	b8c	7ffe4ac8e740	2b85	5dc6196e2d40	5dc6196f8970	5dc619322d30	0	59c	10000	f0000
24.069021	86020	5dc61983dba0	2f90	10	fc38c	5dc619694730	14cf	b8c	7ffe4ac8e740	2b85	5dc6196e2d40	5dc6196f8970	5dc619322d30	f0000	69	10000	f0000
24.074345	8605e	25	2f90	5	1082eb	5dc619694730	6	79d	7ffe4ac8e740	2b85	5dc6196e2d40	5dc6196f8970	5dc6192a2d30	110000	69	10000	110000
24.088950	8605e	3953b	2f90	11	bf214	5dc619694730	2910	aef	7ffe4ac8e740	2b85	5dc6196e2d40	5dc6196f8970	5dc6193e2d30	c0000	69	10000	c0000
24.101867	86007	23b8d	2f90	11	1b5988	5dc619694730	1ae6	f9	7ffe4ac8e740	2b85	5dc6196e2d40	5dc6196f8970	5dc619022d30	1b0000	69	10000	1b0000
24.109681	8607f	25	2f90	5	9c591	5dc619694730	6	1d7	7ffe4ac8e740	2b85	5dc6196e2d40	5dc6196f8970	5dc619462d30	a0000	69	10000	a0000
24.119964	8607f	1672f	2f90	10	9c3e9	5dc619694730	1184	1d7	7ffe4ac8e740	2b85	5dc6196e2d40	5dc6196f8970	5dc619462d30	a0000	69	10000	a0000
24.130838	86020	5dc61983dba0	2f90	e	103fe8	5dc619694730	406	311	7ffe4ac8e740	2b85	5dc6196e2d40	5dc6196f8970	5dc6192e2d30	100000	69	10000	100000
24.141461	8607f	43	2f90	6	1201a1	5dc619694730	7	3ae	7ffe4ac8e740	2b85	5dc6196e2d40	5dc6196f8970	5dc619222d30	130000	69	10000	130000
24.146863	8601e	5dc61983dba0	2f90	10	1514f8	5dc619694730	e69	cc6	7ffe4ac8e740	2b85	5dc6196e2d40	5dc6196f8970	5dc6191a2d30	150000	69	10000	150000
24.161980	8605e	202ff	2f90	11	12005b	5dc619694730	1871	3ae	7ffe4ac8e740	2b85	5dc6196e2d40	5dc6196f8970	5dc619222d30	130000	69	10000	130000
24.169702	8606e	1e793	2f90	10	3c9c3	5dc619694730	1751	918	7ffe4ac8e740	2b85	5dc6196e2d40	5dc6196f8970	5dc619622d30	30000	69	10000	30000
24.181116	8605e	89	2f90	7	a6fbb	5dc619694730	b	663	7ffe4ac8e740	2b85	5dc6196e2d40	5dc6196f8970	5dc619422d30	b0000	69	10000	b0000
24.193816	8607f	97	2f90	7	1bc43e	5dc619694730	c	585	7ffe4ac8e740	2b85	5dc6196e2d40	5dc6196f8970	5dc618fe2d30	1c0000	69	10000	1c0000
24.200837	8607f	e9	2f90	7	44d7c	5dc619694730	11	529	7ffe4ac8e740	2b85	5dc6196e2d40	5dc6196f8970	5dc6195a2d30	50000	69	10000	50000
24.208157	8607f	20e61	2f90	11	13fea1	5dc619694730	18ef	83a	7ffe4ac8e740	2b85	5dc6196e2d40	5dc6196f8970	5dc6191e2d30	140000	69	10000	140000
24.216562	86046	3c7	2f90	9	1a03b1	5dc619694730	4e	974	7ffe4ac8e740	2b85	5dc6196e2d40	5dc6196f8970	5dc619062d30	1a0000	69	10000	1a0000
24.226258	8607f	ffd	2f90	b	167bfa	5dc619694730	10a	8d7	7ffe4ac8e740	2b85	5dc6196e2d40	5dc6196f8970	5dc619122d30	170000	69	10000	170000
24.238198	8605e	43	2f90	6	1fb4c1	5dc619694730	7	aae	7ffe4ac8e740	2b85	5dc6196e2d40	5dc6196f8970	5dc618ee2d30	200000	69	10000	200000
24.244546	8605e	419	2f90	a	38be2	5dc619694730	55	9d	7ffe4ac8e740	2b85	5dc6196e2d40	5dc6196f8970	5dc6195e2d30	40000	69	10000	40000
24.255348	8605e	1f	2f90	4	97149	5dc619694730	5	1d7	7ffe4ac8e740	2b85	341c0	5dc6196f8970	5dc619462d30	a0000	69	10000	a0000
24.269631	8605e	15163	2f90	10	17974	5dc619694730	108f	48c	7ffe4ac8e740	2b85	5dc6196e2d40	5dc6196f8970	5dc619662d30	20000	69	10000	20000
24.274955	860da	5dc6196a2d30	cd8	11	3c830	5dc619694730	2b85	918	7ffe4ac8e740	2b85	5dc6196e2d40	5dc6196f8970	5dc619622d30	0	cd4	10000	30000
24.284946	8607f	a7	2f90	7	de22	5dc619694730	e	d07	7ffe4ac8e740	2b85	5dc6196e2d40	5dc6196f8970	5dc6196a2d30	10000	69	10000	10000
24.292888	8605e	16739	2f90	10	14be92	5dc619694730	1185	cc6	7ffe4ac8e740	2b85	5dc6196e2d40	5dc6196f8970	5dc6191a2d30	150000	69	10000	150000
24.306635	86019	5dc61983dba0	2f90	10	82121	5dc619694730	110e	5c6	7ffe4ac8e740	2b85	5dc6196e2d40	5dc6196f8970	5dc6194e2d30	80000	69	10000	80000
24.312169	8605e	a00d	2f90	f	a6345	5dc619694730	885	663	7ffe4ac8e740	2b85	5dc6196e2d40	5dc6196f8970	5dc619422d30	b0000	69	10000	b0000
24.320534	85577	fffffffffff777ef	c7c1	5dc6197129d0	9cc9	5dc61983dba0	a5f	7ffffffff7717723	7ffe4ac8e740	c7bd	0	17165be1	b8b2df08f47ed623	a5f	c1b7	8131be329c8736ed	2b85
24.332250	855f2	ffffffffffff97d2	3537b	3537b	ffffffffffff615a	1e6b2	2652	8000000009614729	7ffe4ac8e740	3537b	0	17165be1	b8b2df08f47ed623	2652	7f31	ad60bd05ca89c7e	2b85
24.341367	8605a	150b	2f90	c	1c8b1d	5dc619694730	157	a11	7ffe4ac8e740	2b85	5dc6196e2d40	5dc6196f8970	5dc618fa2d30	1d0000	69	10000	1d0000
24.349568	8605e	43f	2f90	a	8bd6d	5dc619694730	59	a52	7ffe4ac8e740	2b85	5dc6196e2d40	5dc6196f8970	5dc6194a2d30	90000	69	10000	90000
24.360351	8607f	9d	2f90	7	d131f	5dc619694730	d	700	7ffe4ac8e740	2b85	5dc6196e2d40	5dc6196f8970	5dc619362d30	e0000	69	10000	e0000
24.371993	8607f	11b	2f90	8	16d9d8	5dc619694730	15	8d7	7ffe4ac8e740	2b85	5dc6196e2d40	5dc6196f8970	5dc619122d30	170000	69	10000	170000
24.381394	8605e	393d	2f90	d	102df3	5dc619694730	36b	79d	7ffe4ac8e740	2b85	5dc6196e2d40	5dc6196f8970	5dc6192a2d30	110000	69	10000	110000
24.388525	8605e	99e5	2f90	f	1d4e80	5dc619694730	834	196	7ffe4ac8e740	2b85	5dc6196e2d40	5dc6196f8970	5dc618f62d30	1e0000	69	10000	1e0000
24.394519	b580f	a9ac0375d961f3a0	19f03	0	179f6	fffffffffdd140e8	d6a015c75617b4d6	7ffffffffdd140e8	7ffe4ac8e738	19f03	22ebf17	0	b8b2df08f47ed623	140c	17757	295fea38a9e84b2a	2b85
24.402267	135472bf110a	0	84	61f8	5dc61d46e3e0	0	5dc61d473000	5dc6197dd8c0	7ffe4ac8e738	0	5dc61d46e3e0	5dc61bd63140	711a7d61ace0	8000000000000000	5dc6196386d0	ae14	c0
24.414621	8605e	3c6df	2f90	11	174dda	5dc619694730	2b12	5c	7ffe4ac8e740	2b85	5dc6196e2d40	5dc6196f8970	5dc6190e2d30	180000	69	10000	180000
24.423409	86046	2aa81	2f90	11	e4ed5	5dc619694730	1f6b	aef	7ffe4ac8e740	2b85	5dc6196e2d40	5dc6196f8970	5dc6193e2d30	c0000	69	10000	c0000
24.433473	8605e	1231	2f90	c	a6fd0	5dc619694730	12f	663	7ffe4ac8e740	2b85	5dc6196e2d40	5dc6196f8970	5dc619422d30	b0000	69	10000	b0000
24.441798	b580f	2e2c2f3d38723603	149f3	0	1036e	fffffffffeb0a9b1	9ca684a75bd42347	7ffffffffeb0a9b1	7ffe4ac8e738	149f3	14f564e	0	b8b2df08f47ed623	102f	487f	63597b58a42bdcb9	2b85
24.451915	85709	6	2ce6f	0	fce3	5dc61983dba0	20e4	7ffffffff98a1dd5	7ffe4ac8e740	2ce6f	0	0	b8b2df08f47ed623	20e4	5dc6196386d0	ce6dee31fdb0bbf9	2b85
24.458046	8605e	16375	2f90	10	50b67	5dc619694730	115b	9b5	7ffe4ac8e740	2b85	5dc6196e2d40	5dc6196f8970	5dc619562d30	60000	69	10000	60000
24.469989	86051	25213	2f90	11	5dc6196e2d40	5dc619694730	1bd5	79d	7ffe4ac8e740	2b85	5dc6196e2d40	5dc6196f8970	5dc6192a2d30	110000	69	10000	110000
24.477701	b57f5	9f11122d2503c71e	12fb3	0	11d22	a705758	6d7324605a51d91c	800000000a705758	7ffe4ac8e738	12fb3	0	0	b8b2df08f47ed623	efb	d190	6d7324605a51d91c	2b85
24.487432	8607f	1f	2f90	4	1cb2e2	5dc619694730	5	a11	7ffe4ac8e740	2b85	5dc6196e2d40	5dc6196f8970	5dc618fa2d30	1d0000	69	10000	1d0000
24.493497	85656	561b	367af	367af	2128e	d3c9	2728	7ffffffff6e883ec	7ffe4ac8e740	367af	0	0	b8b2df08f47ed623	2728	5dc6196386d0	79d7fdb1b8c9f35b	2b85
24.506589	86042	5dc619654710	2f90	10	144038	5dc619694730	147e	83a	7ffe4ac8e740	2b85	5dc6196e2d40	5dc6196f8970	5dc6191e2d30	140000	69	10000	140000
24.514985	8607f	210b5	2f90	11	532f6	5dc619694730	1906	9b5	7ffe4ac8e740	2b85	5dc6196e2d40	5dc6196f8970	5dc619562d30	60000	69	10000	60000
24.526781	86003	1af69	2f90	10	e2381	5dc619694730	14e2	700	7ffe4ac8e740	2b85	5dc6196e2d40	5dc6196f8970	5dc619362d30	e0000	69	10000	e0000
24.541127	8607f	25	2f90	5	e556	5dc619694730	6	d07	7ffe4ac8e740	2b85	5dc6196e2d40	5dc6196f8970	5dc6196a2d30	10000	69	10000	10000
24.549261	b580f	d75cf652177e5e3	2a9e9	0	c6a4	ffffffffff92a5d4	a4edc91368a9dd3f	7fffffffff92a5d4	7ffe4ac8e738	2a9e9	6d5a2b	0	a1d6a2ad2a26dde9	1f65	3e82	5b1236ec975622c1	2b85
24.556010	860cc	bd38	bd38	11	98f41	5dc619694730	2b85	5c6	7ffe4ac8e740	2b85	5dc6196e2d40	5dc6196f8970	5dc6194e2d30	0	bd34	10000	80000
24.570042	8605e	22061	2f90	11	1c6b45	5dc619694730	19b9	a11	7ffe4ac8e740	2b85	5dc6196e2d40	5dc6196f8970	5dc618fa2d30	1d0000	69	10000	1d0000
24.584921	86003	2c819	2f90	11	12fc49	5dc619694730	2099	c29	7ffe4ac8e740	2b85	5dc6196e2d40	5dc6196f8970	5dc619262d30	120000	69	10000	120000
24.591051	860cc	4f68	4f68	11	17ad65	5dc619694730	2b85	8d7	7ffe4ac8e740	2b85	5dc6196e2d40	5dc6196f8970	5dc619122d30	0	4f64	10000	170000
24.596408	8607f	346d5	2f90	11	1615d8	5dc619694730	25c7	8d7	7ffe4ac8e740	2b85	5dc6196e2d40	5dc6196f8970	5dc619122d30	170000	69	10000	170000
24.602556	86a2d	698	5dc6196397b0	55	697	0	0	5dc61d3d9560	7ffe4ac8e740	77f9	696	5dc61b644d50	f0ea5255c83e99f	5dc60aa6b088	5dc61983dba0	2b85	7ffe4ac8e7f0
24.607814	8605e	59	2f90	6	1e6bde	5dc619694730	8	622	7ffe4ac8e740	2b85	5dc6196e2d40	5dc6196f8970	5dc618f22d30	1f0000	69	10000	1f0000
24.615185	8d827	40	0	5dc61d4f28b0	5dc61d4f28b0	5dc61d4f2220	1f	40	7ffe4ac8e610	5dc61b7d56b0	5dc61c3f8160	5dc61c8c2820	f0ea5255c83e99f	7ffe4ac8e628	5dc61c8c2828	22a4	5dc60aa6ae48
24.625538	86011	380e1	2f90	11	c835b	5dc619694730	2841	663	7ffe4ac8e740	2b85	5dc6196e2d40	5dc6196f8970	5dc619422d30	b0000	69	10000	b0000
24.637105	8601e	5dc61983dba0	2f90	f	14683d	5dc619694730	7ae	83a	7ffe4ac8e740	2b85	5dc6196e2d40	5dc6196f8970	5dc6191e2d30	140000	69	10000	140000
24.649370	b57f5	93acd02fe4be610f	1c5a3	0	bb1a	2a97a2e	d36d4e4386f812a7	8000000002a97a2e	7ffe4ac8e738	1c5a3	0	143ad455	a1d6a2ad2a26dde9	15d1	1abab	d36d4e4386f812a7	2b85
24.656814	86072	346c3	2f90	11	e1fae	5dc619694730	25c5	aef	7ffe4ac8e740	2b85	5dc6196e2d40	5dc6196f8970	5dc6193e2d30	c0000	69	10000	c0000
24.665686	8607f	1f7b7	2f90	10	1f241b	5dc619694730	17fb	aae	7ffe4ac8e740	2b85	5dc6196e2d40	5dc6196f8970	5dc618ee2d30	200000	69	10000	200000
24.675301	