seconds	address	rax	rbx	rcx	rdx	rsi	rdi	rbp	rsp	r8	r9	r10	r11	r12	r13	r14	r15
0.014237	9b2e7	0	5ba1b62e8710	5ba40c2b3cd8	5ba1b6305e30	5ba1b626f010	7	115	7ffc3ab91b00	5ba1b62e8740	1	8	4114341e0c03521b	5ba1b634bed8	5ba1b62dcc90	0	5ba1b62dea30
0.025962	945f3	0	109	1	0	7ffc3ab89040	7ffc3ab89048	81	7ffc3ab89030	8	0	dafbcb8ce60d544	8a3a037839e6f638	7ffc3ab95fb0	7ffc3ab91960	7ffc3ab89140	7ffc3ab89040
0.037268	93214	8000000000000001	7ffc3ab95fb0	ffffffffffffffeb	fffffffffffffff9	0	8000000000000001	38	7ffc3ab845a0	0	fffffffffffffff9	5ba1b631b900	7e432de1ace0	3a7	1de0	5	7ffc3ab846f8
0.051786	9458e	734e131e9a9e5222	456	92b9b5ecb8728208	8	7ffc3ab88320	7ffc3ab88328	0	7ffc3ab88310	8	0	dafbcb8f454c21d	8a3ab58cf14d883b	7ffc3ab95fb0	7ffc3ab91960	7ffc3ab88420	7ffc3ab88320
0.063087	22a18869991d	7e432da72f48	7e432dead8f0	18da	58	7e432de7bf48	7e432da72f48	fffffc00	7ffc3ab73cd8	7e432dafc010	0	75482123638c6269	47477a962a2a1794	64d	8e0	fffffffffffff715	fffff800
0.070465	22a18859d870	0	7e432de1ac80	51	11001	5ba1b668b000	0	48	7ffc3ab91f30	48	5ba1b668afc0	9	7e432de1ace0	ffffffffffffff88	50	5	3
0.076910	22a1886998ab	5ba1b637afd0	7ffc3ab88060	f1	38	5ba1b637af00	5ba1b637afd0	7	7ffc3ab87ff8	0	5ba1b637afd0	5ba1b637b0f0	7e432de1ace0	7	5ba1b637afd0	5ba1b637aed0	5ba1b637afa0
0.084059	22a18859e3c5	31	ffffffffffffff50	5ba40c7b2a34	5ba1b6604c30	5ba1b6604bd0	5ba1b6604be0	0	7ffc3ab91af0	5ba1b6604c10	0	1	4114341e0c03521b	7e432defd2e0	5ba1b62dcc90	645	5ba1b62dea30
0.092927	9a6bb	5ba1b63f0cc0	7e432df00bc8	777	21	2b9c	7e432df00bc8	27d	7ffc3ab91b10	3	1	2	108	7e432df00bc8	5ba1b62dcc90	1	5ba1b62dea30
0.101451	99356	7e432defd010	2c33	7e432defd010	2c01	2d79	5ba1b64c8170	1	7ffc3ab8d980	5ba1b64c81a0	0	7ffc3ab91ca0	8000000000000001	0	1	0	7ffc3ab95fb0
0.111608	9455a	80fd956200024b78	9a	92ba64cfb8728208	8	7ffc3ab8c8a0	7ffc3ab8c8a8	7ffc3ab95fb0	7ffc3ab8c890	0	0	dafbcb9634b133e	8a393107c344e0c0	8000000000000001	630	9a	7ffc3ab8c8a0
0.120318	93a3c	8000000000000002	b2	5ba1b66496e0	48ac0	379a	7e432daff010	7ffc3ab95fb0	7ffc3ab8f4e0	8	0	ffd054e0a57937b0	8d5f8605f074a84c	8000000000000001	122c	122b	7ffc3ab91dd0
0.132949	93a3c	8000000000000002	7ffc3ab95fb0	1	c3b40	379a	7e432daff010	8000000000000001	7ffc3ab84770	7ffc3ab919c0	78	7ffc3ab918b0	7e1e7ceb55aabc74	81	7ffc3ab919c0	30ed	78
0.139297	9baba	5ba1b62f6040	5ba1b63e50b8	5ba1b63e5310	0	7c9	3f	1030	7ffc3ab91b20	19	0	1	19	7ffc3ab95fb0	7e432df6e010	61f	7ffc3ab91d00
0.153918	9a6b4	7e432defd010	7e432defd910	120	8000000000000002	3c30	7e432defd910	60	7ffc3ab91980	0	5ba1b64b1ec0	7e432de1ad10	7e432de1ace0	7e432defd910	8000000000000001	5ba1b634a420	7ffc3ab91ae8
0.162061	986cd	f4474e8e049909d5	7ffc3ab90c68	1227488cfc2581d	36c2	654d06e9a1a63770	872823eb74ea6ca0	12	7ffc3ab90c60	eb51448e1a8f1ec1	1128628bd8d25203	0	5ba1b643e850	6b	7ffc3ab95fb0	36c2	6b
0.174841	22a18859a70f	5ba1b642f9c0	5ba1b632c6a0	31	5ba1b632c810	5ba1b642f9c0	5ba1b632c7a0	130	7ffc3ab8af00	5ba40c29a4fc	5ba1b632c7d0	30	7c	7e432de1aca0	7e432de1ac80	5ba1b632c7d0	5ba1b632c
0.181462	22a18859a75b	5ba1b636fa70	5ba1b660c720	1c1	7e432de1ace0	5ba1b636fa70	5ba1b660c720	200	7ffc3ab89c50	5ba40c7baf5c	5ba1b660c950	30	7c	7e432de1aca0	7e432de1ac80	5ba1b660c920	5ba1b660c
0.192702	987c1	24429d773a1417e	7ffc3ab89768	9fd2518cccd1e079	32d012bbb21df69a	b2d1784aaf290ebf	800000000000000	a2	7ffc3ab89760	8	0	dafbcb908195651	8a39c1093a3fd632	d5	7ffc3ab95fb0	0	d5
0.199004	22a18859b77f	3	3	5ba1b64039b0	5ba1b6403a10	5ba1b626f010	7	5ba1b64039a0	7ffc3ab91a70	5ba1b64039b0	0	1	4114341e0c03521b	7e432de1ac80	0	5ba1b64039d0	5ba1b62dea30
0.204426	9851a	2	7ffc3ab91d00	5ba1b643e860	3	5ba1b643e850	0	36	7ffc3ab8ef80	1	0	dafbcb90bc355df	8a39c02c1d9fd93f	f1	7ffc3ab95fb0	0	f1
0.210981	22a18859b754	0	30	1	7	5ba1b626f010	7	5ba1b637c7e0	7ffc3ab91a70	5ba1b637c7f0	7	2	4114341e0c03521b	7e432de1ac80	0	5ba1b637c810	5ba1b62dea30
0.217422	93a3c	8000000000000002	2c	5ba1b675ccb0	b8040	3c30	7e432daff010	7ffc3ab95fb0	7ffc3ab91260	8	0	81a3beba81919e90	f506ca5f99cf7bdd	8000000000000001	bc8	2e01	7ffc3ab91dd0
0.222753	929ff	2400	7ffc3ab95fb0	7e432defd010	0	3c30	0	8000000000000001	7ffc3ab8fb40	0	feff	7a	61ba78c40bdc348b	7e432defd010	7e432df0f340	1451	5ba1b640fa70
0.230575	9b89c	5ba1b62f4980	ffffffffffffff0a	5ba1b6507200	30e9	0	7f	3b74	7ffc3ab91b20	52	0	1	52	7ffc3ab95fb0	7e432df6e010	178	7ffc3ab91d00
0.239401	9a6bb	5ba1b62dcc90	7e432df40390	8670	8000000000000002	3c30	7e432df40390	2cd0	7ffc3ab8fbb0	0	5ba1b66b33a0	5ba1b66b3e40	7e432de1ace0	7e432df40390	8000000000000001	5ba1b66b32a0	7ffc3ab8fd08
0.251089	93a3c	8000000000000002	9c	5ba1b64e0590	f0900	3c30	7e432daff010	7ffc3ab95fb0	7ffc3ab8ca60	8	0	85abe919100f1254	d71eb9fddc4e6c9f	8000000000000001	3018	3c24	7ffc3ab91dd0
0.259414	9b86f	5ba1b62f57a0	94d049bb133111eb	5ba1b66c0bf0	0	33d0	7f	33d1	7ffc3ab91b20	5e	0	43	9e3779b97f4a7c15	7ffc3ab95fb0	7e432df6e010	e7e	7ffc3ab91d00
0.271040	9a6bb	5ba1b62dcc90	7e432df4c090	9e10	8000000000000002	3c30	7e432df4c090	34b0	7ffc3ab8ab00	0	5ba1b636a310	5ba1b636a4b0	7e432de1ace0	7e432df4c090	8000000000000001	5ba1b636a2e0	7ffc3ab8ac28
0.277201	9b784	7e432dba4dd0	1	654d06e9a1a63770	7ffc3ab91b88	8000000000000001	7e432dedc010	2977	7ffc3ab91b20	5ba1b63284f0	0	1	4114341e0c03521b	7ffc3ab95fb0	7e432df6e010	6c9	7ffc3ab91d00
0.284204	22a18859d394	980	7e432de1ac80	7e432de1ac80	5ba1b6558040	5ba1b6558070	0	28	7ffc3ab8eeb0	0	5ba1b6558050	5ba1b65589f0	7e432de1ace0	ffffffffffffff88	30	5ba1b626f010	1
0.289861	945a2	fa70175dc1c70950	0	ab342c4800225c15	8	7ffc3ab8be10	7ffc3ab8be18	7ffc3ab91b90	7ffc3ab8be00	8	0	af082e70b951a580	de1e7d3642b6976b	0	1	7ffc3ab8beb0	7ffc3ab8be10
0.301240	93a3c	8000000000000002	7ffc3ab95fb0	81	4fac0	3d7e	7e432daff010	8000000000000001	7ffc3ab860d0	7ffc3ab919c0	69	7ffc3ab918b0	7e1e7ceb55aabc74	81	7ffc3ab919c0	13eb	69
0.309559	99e49	41	d7	fffffe00	0	1f0	1ff	5ba1b6643c80	7ffc3ab8ed60	8	0	81b549d07764a75d	2ce201d68bc8cb18	ffffff00	0	8	5ba1b64e5ff0
0.323489	22a18859a887	5ba1b63ab510	5ba1b63ab640	7e432de1ac98	30	5ba1b63ab510	5ba1b63ab5e0	30	7ffc3ab8da90	5ba40c359acb	5ba1b63ab640	30	7c	7e432de1ac98	7e432de1ac80	5ba1b63ab640	5ba1b63ab650
0.338085	997f3	de904ea16ff836cc	7ffc3ab8fa98	d33ecca7c8ab2451	4482259af1ae4fad	ec4923e580096dcb	1800000000000000	5ba1b64e6040	7ffc3ab8fa90	8	0	166ae60634966b6e	c332fc99eccfb213	ffffdc00	50	5ba1b64e5490	7ffc3ab8fa90
0.346309	95e2b	0	7ffc3ab8d3e8	1	0	7ffc3ab8d3e0	7ffc3ab8d3e8	5ba1b6363ec0	7ffc3ab8d3e0	8	0	8d95a43c3fc7f6d0	c24d4f8be3348128	a	31	b4	7ffc3ab8d3e0
0.360047	9a6cd	5ba1b674ab30	7e432df06880	5ba40c2002d6	5ba1b63b6160	5ba1b626f010	7	65a	7ffc3ab91b10	5ba1b63b6100	1	1	4114341e0c03521b	7e432df06880	5ba1b62dcc90	1	5ba1b62dea30
0.367745	989fa	1	7ffc3ab91b80	7e432dedc010	5ba1b648b580	5ba1b626f010	8000000000000001	1386	7ffc3ab91b10	5ba1b648b560	3	4	4114341e0c03521b	7ffc3ab95fb0	7e432df6e010	f3e	7ffc3ab91d00
0.373678	95f1f	3b5d41e64f82bd0b	ee	d3efc0687ab0dfd0	239910bbfe19f3ee	7ffc3ab91df0	7ffc3ab91dd0	3b5d41e64f82bd0b	7ffc3ab8a348	8	0	8cc8fe6a7225c7d2	6bd3f81e2324045	0	3469	ad4	7ffc3ab91dd0
0.387614	9a6cd	5ba1b633dae0	7e432defeee8	3db	7b	3d7e	7e432defeee8	149	7ffc3ab91b10	1	0	1	3d8	7e432defeee8	5ba1b62dcc90	3	5ba1b62dea30
0.401573	9bb6f	5ba1b62f4840	5ba1b6449101	5ba1b6449cf0	7a	3d7e	fdff	595	7ffc3ab91b20	4	0	1	3d0	7ffc3ab95fb0	5ba1b62dcc90	3	5ba1b62dea30
0.411117	22a18859a709	5ba1b63bf710	5ba1b634b4c0	4d1	7e432de1ace0	5ba1b63bf710	5ba1b634b4c0	510	7ffc3ab8a060	5ba40c2fd94b	5ba1b634ba00	30	7c	7e432de1aca0	7e432de1ac80	5ba1b634b9d0	5ba1b634b
0.421849	9a6cd	5ba1b6404930	7e432df411d0	8838	6c	3d7e	7e432df411d0	2d68	7ffc3ab91b10	14	4	1	360	7e432df411d0	5ba1b62dcc90	0	5ba1b62dea30
0.430504	98677	16a	7ffc3ab91d00	5ba1b6558cd0	1ff	5ba1b6558cc0	0	6	7ffc3ab91680	1	ffffffffffffe960	16a0	5ba1b6557620	e5	0	0	e5
0.442015	98776	c8c7c204d1697ce4	7ffc3ab8afc8	6184e60b77b568b1	e733041025c0686a	96e259296539e6a0	800000000000000	84	7ffc3ab8afc0	8	0	dafbcb75ded3662	8a3c84769d11d5a5	fd	7ffc3ab95fb0	3379	fd
0.452185	9b2e7	0	5ba1b633cc70	5ba40c28aefc	5ba1b633cdc0	5ba1b626f010	7	2fc0	7ffc3ab91b00	5ba1b633cca0	0	1	4114341e0c03521b	7e432df44a10	5ba1b62dcc90	2f4	5ba1b62dea30
0.465153	995ea	e	33b2	0	1ff	7ffc3ab91088	1	0	7ffc3ab91040	33b2	0	5ba1b64edc10	0	0	1	3761	7ffc3ab95fb0
0.472773	95e26	0	7ffc3ab8d988	1	8	7ffc3ab8d980	7ffc3ab8d988	7ffc3ab95fb0	7ffc3ab8d980	8	0	dafbcb7564b39a9	8a3d79c334da9e1d	1dac	0	86	7ffc3ab8d980
0.487015	22a18859d69c	cc	7e432de1ac80	2	7e432de1b2d0	1eefd9f8	3	28	7ffc3ab85bf0	0	f79f	26	7e432de1ace0	ffffffffffffff88	30	3	1
0.499908	22a18859d040	5ba1b634b900	7e432de1ac80	2c1	5ba1b634b8f0	5ba1b634b930	0	38	7ffc3ab90598	0	5ba1b634b900	5ba1b634bbf0	7e432de1ace0	ffffffffffffff88	40	5ba1b626f010	2
0.508849	92c1f	7e432daff010	7ffc3ab95fb0	4fb40	8000000000000002	3d7e	7ffc3ab8cdd0	13ed	7ffc3ab8cdb0	0	5ba1b633dcc0	5ba1b633df80	7e432de1ace0	7e432db4eb50	8000000000000001	5ba1b637b4d0	7ffc3ab8cec8
0.515331	963b7	34	130	ffff65fc	331	321	3ff	5ba1b66ca4b0	7ffc3ab91110	8	0	5fefcff539f09a35	97dd207a1c0a6ea6	ab	131	ffff65fe	5ba1b66d3740
0.524881	9b86f	5ba1b62f5020	94d049bb133111eb	5ba1b6666310	0	2d65	7f	10a7	7ffc3ab91b20	29	0	29	9e3779b97f4a7c15	7ffc3ab95fb0	7e432df6e010	3db	7ffc3ab91d00
0.537466	95d97	5ba1b64ec160	8000000000000000	3e	6f65	654d06e9a1a63770	872823eb74ea939c	5ba1b6340b20	7ffc3ab8f0d8	0	5ba1b64ec160	5ba1b64ec3e0	7e432de1ace0	7ffc3ab93150	5ba1b64ec160	9	9
0.549239	22a18869991d	7e432d3aff80	5ba1b6dfd900	3965	58	5ba1b6cbdf00	7e432d3aff80	fffffde0	7ffc3ab78298	7e432d4ec010	0	8e5a3ff8c06d8fa4	12053c6da0a864b7	3d8e	3970	ffffffffffffc68a	fffffdc0
0.560290	22a18869991d	7e432c5ebe88	7e432d4f7440	1b422	58	7e432d10ce88	7e432c5ebe88	fffffffc	7ffc3ab8a538	7e432cf4b010	0	afc20dd1df116c7b	1343e5234e212119	41f7	b430	ffffffffffff4bcd	fffffff8
0.575178	22a18859b721	51	50	3	7	5ba1b626f010	7	5ba1b694ee30	7ffc3ab92370	5ba1b694ee40	9	0	4114341e0c03521b	7e432de1ac80	0	5ba1b694ee80	7e432ca38510
0.590245	986a8	f4474e8e0499f6d4	7ffc3ab923b0	646f72616e646f6d	0	654d06e9a1a63770	872823eb74ea93a1	12a0	7ffc3ab6bb70	7ffc3ab923b0	d408	0	fffffffffffe3940	0	7ffc3ab92610	7ffc3ab95fb0	7ffc3ab923b0
0.602307	9bb5b	5ba1b62f5780	5ba1b638f401	5ba1b638fa30	3e	2e	6ff	4a37	7ffc3ab91b20	a	5	10	1f0	7ffc3ab95fb0	5ba1b62dcc90	4d6	5ba1b62dea30
0.608011	9b86f	5ba1b62f4c60	94d049bb133111eb	5ba1b6726e70	3d47	0	ff	17be	7ffc3ab91b20	bf	0	14	9e3779b97f4a7c15	7ffc3ab95fb0	7e432de5b010	f86	7ffc3ab91d00
0.617801	22a18859a6e9	536e0	7e432de1ac80	536e1	7e432de1b4a0	62800100	5ba1b6fe9d50	10810	7ffc3ab8d820	0	0	7e432de1b350	7e432de1ace0	42ec0	10820	536e0	1080
0.632171	92ad1	5ba1b65e22e0	7ffc3ab95fb0	7e432d9be010	0	9c00	0	8000000000000001	7ffc3ab8d600	0	fe4e	13	0	7e432d9be010	7e432d9c5540	4e2	5ba1b65e2210
0.643150	99341	7e432d9be010	0	7e432d9c2030	0	a1ec	8a5d13020000000	201	7ffc3ab90760	5ba1b67918b0	4	7ffc3ab91b40	8000000000000001	0	1	2ac	7ffc3ab95fb0
0.650053	926d8	8000000000000001	7ffc3ab95fb0	7ffc3ab91ca0	0	7ffc3ab8ff48	5ba1b62f49a0	8000000000000001	7ffc3ab8fe00	1	0	5ba1b66ca2c0	0	0	8000000000000001	0	7ffc3ab8ff48
0.662903	92ad1	5ba1b637e230	7ffc3ab95fb0	7e432d9be010	3ada	b0aa	139e	8000000000000001	7ffc3ab90990	0	6efd	68	44be6189001674ee	7e432d9db6e0	7e432d9be010	2b0	5ba1b637e1c0
0.668532	9a6bb	5ba1b62dcc90	7e432d9e97e0	56fa	8000000000000002	b0aa	7e432d9e97e0	1cfe	7ffc3ab8c9b0	0	5ba1b7034af0	5ba1b7034bb0	7e432de1ace0	7e432d9e97e0	8000000000000001	5ba1b7034ac0	7ffc3ab8cb18
0.675922	9969e	f4474e8e0499fd95	5588	1227488cfc2581d	eb51448e1a8fea81	654d06e9a1a63770	872823eb74ea98e0	5588	7ffc3ab91640	0	ffffffffffffffe5	5ba1b631bb20	7e432de1ace0	0	1	7ffc3ab91730	7ffc3ab91b90
0.686801	9b744	7e432d4fd010	1	3e880	5ba1b6b4f5b0	8000000000000001	7e432dedc010	fa2	7ffc3ab91b20	5ba1b6b4f550	0	1	4114341e0c03521b	7ffc3ab95fb0	7e432de5b010	1ed3	7ffc3ab91d00
0.693675	92bb4	110	7ffc3ab95fb0	5ba1b7315a00	5ba1b6f83240	b28e	1593	8000000000000001	7ffc3ab8e600	0	5ba1b6f83270	5ba1b6f8a620	7e432de1ace0	1594	8000000000000001	5ba1b6f83170	7ffc3ab8e748
0.702176	22a18859b660	31	ffffffffffffff50	5ba40ce32a04	0	5ba1b6f84520	7e432de1ac80	0	7ffc3ab91ae8	5ba1b6f84560	1	1	4114341e0c03521b	7e432da11fb0	5ba1b62dcc90	2	5ba1b62dea30
0.708087	99327	7e432d9be010	0	7e432d9d95b0	100	b8d8	5ba1b632dd90	7ffc3ab91b01	7ffc3ab90ec0	8000000000000000	f40	7ffc3ab91ca0	8000000000000001	0	1	123c	7ffc3ab95fb0
0.721090	9b89c	5ba1b62f5ac0	fffffffffffffe74	5ba1b6453d90	0	344b	ff	2664	7ffc3ab91b20	82	0	4	84	7ffc3ab95fb0	7e432de5b010	26d5	7ffc3ab91d00
0.727701	9a6bb	5ba1b62dcc90	7e432da04c00	8d7e	8000000000000002	b8d8	7e432da04c00	2f2a	7ffc3ab8f450	0	5ba1b6f80ec0	5ba1b6f81530	7e432de1ace0	7e432da04c00	8000000000000001	5ba1b6f80e20	7ffc3ab8f5a8
0.735605	22a18859e1c0	30	ffffffffffffff88	5ba1b674dec0	5ba1b626f010	bab8	28	28	7ffc3ab8c920	0	bd00	b	0	1	7e432d9be010	5ba1b674dec0	7ffc3ab8cae8
0.742405	22a18859a6e9	60	5ba1b71e9f30	61	60	5ba1b71e9ec0	5ba1b71e9f30	90	7ffc3ab8df00	5ba40d05d1e9	5ba1b71ea000	40	7c	7e432de1ac98	7e432de1ac80	5ba1b71e9fc0	5ba1b71e9
0.750396	9b744	7e432d4fd010	1	57880	5ba1b64709d0	8000000000000001	7e432dedc010	15e2	7ffc3ab91b20	5ba1b64709b0	0	1	4114341e0c03521b	7ffc3ab95fb0	7e432de5b010	2fa0	7ffc3ab91d00
0.764788	927c4	333e	7ffc3ab95fb0	0	cd	5ba1b695b550	1ff	8000000000000001	7ffc3ab8e5e0	0	4	fffffffffffffd93	d3cdc614a8057548	0	8000000000000001	a3c1	7ffc3ab8e6f8
0.771716	9b817	5ba1b62f4d40	94d049bb133111eb	2b46a2101134189a	1e0	0	840	2c82	7ffc3ab91b20	2b46a21047b95cba	5ba1b62f4500	bf58476d1ce4e5b9	9e3779b97f4a7c15	7ffc3ab95fb0	7e432de5b010	9f2	7ffc3ab91d00
0.779815	9b89c	5ba1b62f4d80	fffffffffffffb29	5ba1b6c98ef0	0	a6eb	1ff	4d9e	7ffc3ab91b20	19d	0	1	19d	7ffc3ab95fb0	7e432de5b010	4bdf	7ffc3ab91d00
0.789572	9b720	7e432de5b010	1	1bc80	8000000000000002	c530	7e432dedc010	2cb7	7ffc3ab91b20	5ba1b66c2bf0	c	4	4114341e0c03521b	7ffc3ab95fb0	7e432de5b010	425e	7ffc3ab91d00
0.804212	93a3c	8000000000000002	0	c76c86dcea39a400	115140	c530	7e432d4fd010	7ffc3ab91a01	7ffc3ab8b1d0	8e	4	7ffc3ab91b40	8000000000000001	0	1	4545	7ffc3ab95fb0
0.810218	9b720	7e432de5b010	1	2bd780	8000000000000002	c530	7e432dedc010	af5d	7ffc3ab91b20	5ba1b7213560	5	10	4114341e0c03521b	7ffc3ab95fb0	7e432de5b010	357d	7ffc3ab91d00
0.820777	9a6cd	5ba1b6fd2680	7e432da31438	5ba40ce64892	5ba1b6fd2740	5ba1b626f010	7	4cd7	7ffc3ab91b10	5ba1b6fd26e0	0	4	4114341e0c03521b	7e432da31438	5ba1b62dcc90	2	5ba1b62dea30
0.827570	93a3c	8000000000000002	7ffc3ab95fb0	81	92fc0	cf50	7e432d4fd010	8000000000000001	7ffc3ab87b10	7ffc3ab919c0	5a	54d90d9d0b4a5327	2b635dbcf3f4625c	81	7ffc3ab919c0	24bf	5a
0.842484	92bb4	ec0	7ffc3ab95fb0	5ba1b7315a00	5ba1b6fbee60	cf50	c229	8000000000000001	7ffc3ab8dea0	0	5ba1b6fbee90	5ba1b6fc0830	7e432de1ace0	c22a	8000000000000001	5ba1b6fbecd0	7ffc3ab8dfe8
0.851839	993ad	7e432d9be010	0	5ba1b63025c0	8000000000000000	cf50	b6389cd22db64423	7ffc3ab91b01	7ffc3ab8cd80	9c	4	7ffc3ab91ca0	8000000000000001	0	1	333f	7ffc3ab95fb0
0.861141	22a18859cd30	1	7e432de1ac80	18	5ba1b626f010	20	7e432de1ac88	20	7ffc3ab8fbf0	0	5ba1b633fa40	7e432de1ad20	7e432de1ace0	1	30	3	5ba1b633fa40
0.867790	993ad	7e432d9be010	0	5ba1b71f6b80	8000000000000000	cf50	9213d92abf4ca380	7ffc3ab91a01	7ffc3ab8b5a0	a2	4	7ffc3ab91b40	8000000000000001	0	1	bd73	7ffc3ab95fb0
0.877516	99718	0	7ffc3ab8c838	1	8	7ffc3ab8c830	7ffc3ab8c838	5ba1b6570a70	7ffc3ab8c830	8	0	5254e85bba1f6ae9	494dc0bbf68c612	ffffff00	30	5ba1b6570320	7ffc3ab8c830
0.888870	22a18859d36e	5f0	7e432de1ac80	30	5ba1b6653a00	5ba1b6653a30	0	28	7ffc3ab8f400	0	0	5ba1b6654020	7e432de1ace0	ffffffffffffff88	30	5ba1b626f010	1
0.896596	22a18859a70f	5ba1b6781950	5ba1b6487ed0	f1	5ba1b64882c0	5ba1b6781950	5ba1b6488190	3b0	7ffc3ab8bf80	5ba40c53e608	5ba1b6488280	f0	7c	7e432de1aca0	7e432de1ac80	5ba1b6488280	5ba1b6488
0.906128	cf056	4	5ba1b6d0e840	4	1	71	5ba1b6d0e840	8000000000000001	7ffc3ab8c370	0	5ba1b6d0e860	5ba1b6d11490	7e432de1ace0	2000000000000	7e432d9f32d8	1	8000000000000000
0.917443	95eb3	3f86ffffd7d49600	7ffc3ab8f7a8	baaec2a3255d7446	7ab6d2dfa63c6b65	99be05b6faafba61	1000000000000000	5ba1b6ed2f30	7ffc3ab8f7a0	8	0	56e1948b7e723347	719288f901aafeb4	d76	95	b0	7ffc3ab8f7a0
0.924402	949a6	7e432d82c590	7ffc3ab95fb0	1	32f580	dca8	7e432d82c590	8000000000000001	7ffc3ab8a440	7ffc3ab919c0	42	7ffc3ab918b0	7e1e7ceb55aabc74	81	7ffc3ab919c0	cbd6	42
0.932440	9b89c	5ba1b62f5ba0	fffffffffffffd06	5ba1b642f130	1f72	0	ff	32e3	7ffc3ab91b20	fe	0	1	fe	7ffc3ab95fb0	7e432de5b010	ace	7ffc3ab91d00
0.941421	92bf2	7e432d4fd010	7ffc3ab95fb0	4bb00	8000000000000002	dca8	7ffc3ab907e0	12ec	7ffc3ab907c0	0	5ba1b693bfc0	5ba1b693c4d0	7e432de1ace0	7e432d548b10	8000000000000001	5ba1b693bf20	7ffc3ab90908
0.949724	22a18859a70f	5ba1b64bb220	5ba1b72153f0	91	5ba1b721d000	5ba1b64bb220	5ba1b721cf30	7bd0	7ffc3ab8b8c0	5ba40d3abddc	5ba1b721cfc0	90	7c	7e432de1aca0	7e432de1ac80	5ba1b721cfc0	5ba1b721c
0.959258	99327	7e432d9be010	0	7e432dad5388	300	dca8	5ba1b6662c30	7ffc3ab91a01	7ffc3ab8f4a0	8000000000000000	0	7ffc3ab91b40	8000000000000001	0	1	ba25	7ffc3ab95fb0
0.968803	95e26	0	7ffc3ab8e628	1	8	7ffc3ab8e620	7ffc3ab8e628	7ffc3ab95fb0	7ffc3ab8e620	8	0	dafbcb77673a03f	8a2fbb768b60693b	0	22c7	bc	7ffc3ab8e620
0.982065	9b89c	5ba1b62f47e0	ffffffffffffff19	5ba1b700a2b0	0	57b8	1ff	591f	7ffc3ab91b20	4c	0	2	4d	7ffc3ab95fb0	7e432de5b010	4fc5	7ffc3ab91d00
0.993955	22a18859e3a0	4000	8000000000000001	41ff	400f	5ba1b6652800	5ba1b664e800	7ffc3ab91dd0	7ffc3ab8d4d8	8	0	5670a74492e04b3d	cd7022319ed9eb50	0	ffffffffffffc000	ffff0000	5ba1b6d0e370
1.001838	9b89c	5ba1b62f5ca0	fffffffffffffe41	5ba1b6738150	0	9a8c	ff	9a8d	7ffc3ab91b20	95	0	81	95	7ffc3ab95fb0	7e432de5b010	411f	7ffc3ab91d00
1.008072	95b21	278	c4	5ba1b68bf3b0	7ff	0	0	7ffc3ab95fb0	7ffc3ab8d400	8	0	57722d1eaa5debe9	1b3fc2c95b0c1c18	8000000000000001	a0eb	a0ea	7ffc3ab91dd0
1.015169	93a3c	8000000000000002	1cdc	6e979e6c8a385282	73700	dca8	7e432d4fd010	8000000000000000	7ffc3ab90210	c6	4	7ffc3ab91b40	8000000000000001	0	1	0	7ffc3ab95fb0
1.026136	22a18859ce7d	7	7e432de1ac80	18	5ba1b6804200	7e432de1ad00	0	28	7ffc3ab8ee60	0	f3ef	61	7e432de1ace0	ffffffffffffff88	30	5ba1b626f010	1
1.037611	9bb5b	5ba1b62f4800	5ba1b686ca01	5ba1b686cba0	8	1f8	80	c82a	7ffc3ab91b20	20	10	4002	40	7ffc3ab95fb0	5ba1b62dcc90	47fe	5ba1b62dea30
1.051825	9abe3	bf58476d1ce4e5b9	5ba1b62f5d80	9e3779b97f4a7c15	94d049bb133111eb	5ba1b65b48d0	e0	1e9	7ffc3ab8aa20	5ba1b65b49b0	f	fffffe00	e9	805821f2fa68caf4	82e819a1c0ef8dd	1ff	5ba1b7227870
1.066538	95edf	977154de973702cf	7ffc3ab8d938	a5c3b96d5d72e5a5	8a48b4ba432afbea	e1b7dbb3aa9688f4	1000000000000000	7ffc3ab95fb0	7ffc3ab8d930	8	0	dac993d465053a18	3df736b90d50de62	cd19	0	d0	7ffc3ab8d930
1.080239	994ab	0	0	8000000000000000	57	57	7e432d4fd010	8000000000000001	7ffc3ab8d980	d4	4	7ffc3ab91ca0	8000000000000001	0	1	56cb	7ffc3ab95fb0
1.086333	9b89c	5ba1b62f5800	fffffffffffffe62	5ba1b6f7e2c0	0	e498	1ff	e499	7ffc3ab91b20	8a	0	1	8a	7ffc3ab95fb0	7e432de5b010	1	7ffc3ab91c68
1.100947	94593	2e1717acd9ad78e7	a187	24ce36a894653762	8	7ffc3ab87b00	7ffc3ab87b08	e7b5	7ffc3ab87af0	8	0	df2d90a67c74d879	169c025cd79844d1	0	1	7ffc3ab87bf0	7ffc3ab87b00
1.108790	92bf2	7e432d4fd010	7ffc3ab95fb0	a840	8000000000000002	ef28	7ffc3ab8ec40	2a1	7ffc3ab8ec20	0	5ba1b63aaf40	5ba1b63ab250	7e432de1ace0	7e432d507850	8000000000000001	5ba1b63aaf10	7ffc3ab8ed68
1.116746	995e5	ef87	0	0	fff	7ffc3ab8a548	1	0	7ffc3ab8a500	0	0	5ba1b7265030	0	0	1	ef87	7ffc3ab95fb0
1.126619	9444b	f4474e8e0499c401	7ffc3ab8ffc8	1227488cfc2581d	8	7ffc3ab8ffc0	7ffc3ab8ffc8	7ffc3ab95fb0	7ffc3ab8ffb0	eb51448e1a8fd315	1128628bd8d25203	dfb680c173ffe910	c178dc5018833cba	8000000000000001	b929	e2	7ffc3ab8ffc0
1.134723	9b2ba	5ba1b68c88b0	7e432d9f34e8	6a9b	1a7	f2b4	5ba1b68c88b0	2389	7ffc3ab91b00	1	0	1	d38	7e432d9f34e8	5ba1b62dcc90	0	5ba1b62dea30
1.143576	93d49	68	1c4	3b	1ff	78	1	0	7ffc3ab8de90	20	1	5ba1b65cc460	0	71	78	7ffc3ab8df20	7ffc3ab918b0
1.156423	22a18859a806	5ba1b6786460	5ba1b6786660	31	1	5ba1b6786460	5ba1b67864d0	30	7ffc3ab89dd0	5ba40c630116	5ba1b6786690	30	7c	7e432de1ac98	7e432de1ac80	5ba1b6786690	5ba1b6786
1.164297	22a18859e1c5	40	ffffffffffffff88	0	5ba1b626f010	8	38	38	7ffc3ab8cc20	0	5ba1b67a6b10	5ba1b67a9470	7e432de1ace0	2	7e432d9be010	5ba1b67a6aa0	5ba1b67a6b10
1.179355	95e10	f4474e8e0499c738	7ffc3ab8c8a8	1227488cfc2581d	8	654d06e9a1a63770	7ffc3ab8c8a8	5ba1b6ef2b60	7ffc3ab8c8a0	eb51448e1a8fd02c	1128628bd8d25203	d8f4df8b28ecf6a0	4d7ef9f5a829691b	d79	95	ec	7ffc3ab8c8a0
1.185936	9b835	5ba1b62f5940	94d049bb133111eb	f6453070042345b4	0	c0db	1440	a744	7ffc3ab91b20	805821f2fa690a9f	5ba1b62f4500	f645306ecc854bb4	9e3779b97f4a7c15	7ffc3ab95fb0	7e432de5b010	6e45	7ffc3ab91d00
1.195649	95e5a	657e55494786ff3c	7ffc3ab89ec8	a1eb8967919306a9	db84b39d3d5fe438	db96da051dd075fd	1000000000000000	5ba1b72b1c90	7ffc3ab89ec0	8	0	d825f7d736a3d6c8	16a9a1eb89679193	1a07	256	f2	7ffc3ab89ec0
1.210485	9b89c	5ba1b62f4b60	fffffffffffffc73	5ba1b6fca200	0	da42	1ff	da43	7ffc3ab91b20	12e	0	2	12f	7ffc3ab95fb0	7e432de5b010	2d51	7ffc3ab91d00
1.217472	945b9	0	f6	0	0	7ffc3ab8e750	7ffc3ab8e758	5ba1b72b2ae0	7ffc3ab8e740	8	0	d7ddccf20fb94bf2	5659f00ac02acb03	dad	10af	f6	7ffc3ab8e750
1.223937	95dba	f4474e8e0499c7a2	f6	646f72616e646f6d	a5f9	654d06e9a1a63770	872823eb74eaa2d7	7ffc3ab95fb0	7ffc3ab90b00	5ba1b72964e0	1b560	d79f9b15a81236ce	6b6451ec35e69671	0	0	f6	7ffc3ab91dd0
1.230759	9b891	5ba1b62f6300	ffffffffffffffe9	5ba1b67a11a0	0	17fb	ff	48a7	7ffc3ab91b20	13	0	10	17	7ffc3ab95fb0	7e432de5b010	29ba	7ffc3ab91d00
1.242151	9278c	0	7ffc3ab95fb0	edef	cc	5ba1b66afab0	1ff	8000000000000001	7ffc3ab8bf10	0	f07326bb5fbbdeb8	34	e804eaf84a76b720	0	8000000000000001	9fa	7ffc3ab8c028
1.247749	22a18859b68f	0	30	30	31	5ba1b65da9d0	7e432de1ac80	0	7ffc3ab91a70	1	0	1	818	7e432daf9b20	0	3035	5ba1b62dea30
1.261843	9b839	5ba1b62f6220	94d049bb133111eb	b37f8c262dd9cd77	0	19a0	1d20	19a1	7ffc3ab91b20	805821f2fa686364	5ba1b62f4500	419c22e5b8f27866	9e3779b97f4a7c15	7ffc3ab95fb0	7e432de5b010	1763	7ffc3ab91d00
1.273081	9b86f	5ba1b62f4620	94d049bb133111eb	5ba1b67bd340	0	c858	1ff	c859	7ffc3ab91b20	1a5	0	21	9e3779b97f4a7c15	7ffc3ab95fb0	7e432de5b010	e	7ffc3ab91d00
1.285231	9a56f	3	7ffc3ab8fd48	5ba1b633f950	0	fc3e	7ffc3ab8fd48	8000000000000001	7ffc3ab8fce0	30	bffe	69	fffffffffffffe00	7e432d9be010	7e432dadce58	1aef	7ffc3ab8fe78
1.300232	98a98	5ba1b720ef50	1cca	51	3f	3b7c82d861349520	800000000000000	3b	7ffc3ab8ec00	8	0	dafbcb7e56ad894	8a332d81b4087b81	a2c246dd6a6c0535	1cca	4cd3	7ffc3ab91d00
1.310289	9b86f	5ba1b62f5100	94d049bb133111eb	5ba1b6994c90	0	3652	1ff	4b62	7ffc3ab91b20	150	0	e	9e3779b97f4a7c15	7ffc3ab95fb0	7e432de5b010	11	7ffc3ab91d00
1.318353	9a6b7	5ba1b63bf960	7e432dab5c00	1ef7e	10a	fc3e	7e432dab5c00	a52a	7ffc3ab91b10	3	2	2	850	7e432dab5c00	5ba1b62dcc90	11	5ba1b62dea30
1.332303	98684	0	7ffc3ab91d00	45	3	0	0	7ffc3ab91698	7ffc3ab91728	0	ffff	0	0	7e	0	0	7e
1.343181	22a18859b6c5	ffffffffffffff88	40	ffffffffffffffc0	0	5ba1b694b8a0	7e432de1ac80	5ba1b694b8a0	7ffc3ab91a60	3	1	1	510	7e432de1ac80	0	45f	5ba1b62dea30
1.352323	9b85e	5ba1b62f5520	94d049bb133111eb	5ba1b65f0880	9fe1	0	1ff	21a9	7ffc3ab91b20	f46fd27ceccb332e	5ba1b62f4500	7a	9e3779b97f4a7c15	7ffc3ab95fb0	7e432de5b010	9	7ffc3ab91d00
1.365516	9bb49	5ba1b62f5740	5ba1b6d15d01	5ba1b6d182e0	18a	17a	7dff	c92c	7ffc3ab91b20	2	1	1	c50	7ffc3ab95fb0	5ba1b62dcc90	f	7ffc3ab91d00
1.373914	93a3c	8000000000000002	7ffc3ab91d00	5ba1b724b2e0	39ea00	fc3e	7e432d4fd010	a	7ffc3ab91330	4603	0	dafbcb79ba3624f	8a267d5038e09d73	8000000000000001	7ffc3ab95fb0	e7a8	a0
1.388986	93122	5ba1b696c9f0	7ffc3ab95fb0	1ff	bf58476d1ce4e5b9	0	0	4f	7ffc3ab89520	94941c1ac0b003f8	5ba1b638fa80	7e432de1ad20	7e432de1ace0	5ba1b62f59a0	14a0	1cc	7ffc3ab89678
1.403987	9a6c0	5ba1b63e2110	7e432db36ed0	2f1d8	77	fc3e	5ba1b63e2110	fb48	7ffc3ab91b10	20	10	1	3b8	7e432db36ed0	5ba1b62dcc90	676	5ba1b62dea30
1.417914	93a3c	8000000000000002	7ffc3ab91d00	5ba1b653cf10	348dc0	fc3e	7e432d4fd010	e	7ffc3ab90ff0	fffd	0	dafbcb79db097a6	8a20cda15e33d282	8000000000000001	7ffc3ab95fb0	d237	bf
1.428235	9278c	576f	7ffc3ab95fb0	0	11c	5ba1b68e0ba0	1ff	8000000000000001	7ffc3ab8a7d0	0	cac0d31e1798e1c7	57	5ba1b6355950	c5	8000000000000001	b190	7ffc3ab8a928
1.440293	22a18859cea3	12	7e432de1ac80	20	5ba1b653a550	7e432de1ad10	0	38	7ffc3ab8ad10	0	0	5ba1b653aa50	7e432de1ace0	ffffffffffffff88	40	5ba1b626f010	2
1.447236	93084	5ba1b62f4500	7ffc3ab95fb0	9e3779b97f4a7c15	9e3779b97f4a7c15	fc3e	7e432d9d0a18	0	7ffc3ab8e180	0	5ba1b659e840	5ba1b659ec00	7e432de1ace0	5ba1b62f4de0	8e0	5ba1b67acb80	7ffc3ab8e2d8
1.454638	92ad1	5ba1b6666080	7ffc3ab95fb0	7e432d9be010	0	fc3e	0	8000000000000001	7ffc3ab8aff0	0	fdf9	1	fffffffffffffa10	7e432d9be010	7e432da1d968	2da	5ba1b6666010
1.461340	9a6bb	5ba1b633ed00	7e432d9cb390	1a70	6	fc3e	7e432d9cb390	8d0	7ffc3ab91b10	18	8	1	30	7e432d9cb390	5ba1b62dcc90	c	5ba1b62dea30
1.474344	987cf	3a6f4326e67eafed	7ffc3ab8a608	e83adb7dc2df166a	70c30d34c850bb3c	4e50f33d51e10b0a	800000000000000	90	7ffc3ab8a600	8	0	dafbcb79e54c663	8a3a8a1ddad92339	dd	7ffc3ab95fb0	0	dd
1.484797	93a3c	8000000000000002	7ffc3ab91d00	5ba1b724b0b0	edc80	fc3e	7e432d4fd010	7	7ffc3ab915a0	188d	0	dafbcb79ef6bf33	8a3de461fe8ec8ea	8000000000000001	7ffc3ab95fb0	3b72	e2
1.499087	987c5	e67eb0c864656dd	7ffc3ab8a6d8	b446c52e16056f3d	9987febced9c6541	2ed86a092b7e1ced	800000000000000	8f	7ffc3ab8a6d0	8	0	dafbcb79c8b3d88	8a2de15640154bdc	eb	7ffc3ab95fb0	bb5d	eb
1.510400	93a3c	8000000000000002	7ffc3ab91d00	5ba1b720a790	9c040	fc3e	7e432d4fd010	8d	7ffc3ab8a8c0	8030	0	dafbcb79f2ea26a	8a3e6a948a59fced	8000000000000001	7ffc3ab95fb0	2701	ee
1.523065	94538	f4474e8e0499ce83	7ffc3ab8fcb8	1227488cfc2581d	8	7ffc3ab8fcb0	7ffc3ab8fcb8	5ba1b6357690	7ffc3ab8fca0	0	0	dafbcb79fcb25c1	8a2e8890a67243d5	ffffffe0	160	165	5ba1b726e200
1.533629	9bc13	1	1	7e432dedc010	5ba1b6881f10	5ba1b626f010	7	fb43	7ffc3ab91b20	5ba1b6881ef0	10	1	4114341e0c03521b	fc3e	7e432de5b010	f	7ffc3ab91d00
1.548061	931f1	5ba1b6487cc0	7ffc3ab95fb0	fffffffffffffd6f	ffffffffffffff25	0	fdff	28	7ffc3ab8a6c0	0	5ba1b65fcca0	5ba1b63ccf60	7e432de1ace0	5ba1b62f5540	1040	db	7ffc3ab8a818
1.558066	22a18859b762	3	3	1	5ba1b6758dd0	5ba1b626f010	7	5ba1b6758da0	7ffc3ab91a70	5ba1b6758db0	1	1	4114341e0c03521b	7e432de1ac80	0	5ba1b6758dd0	5ba1b62dea30
1.564418	9b89c	5ba1b62f51c0	fffffffffffffb2c	5ba1b71f35d0	22f2	0	1ff	ece8	7ffc3ab91b20	19b	0	2	19c	7ffc3ab95fb0	7e432de5b010	122c	7ffc3ab91d00
1.573619	9b89c	5ba1b62f51e0	fffffffffffffc6d	5ba1b6cac5c0	0	3160	1ff	acdb	7ffc3ab91b20	131	0	1	131	7ffc3ab95fb0	7e432de5b010	1d6	7ffc3ab91d00
1.579640	22a18859ce57	40	7e432de1ac80	20	5ba1b6851bf0	7e432de1ad10	5b	38	7ffc3ab8f520	0	5ba1b6851bd0	5ba1b6852c60	7e432de1ace0	ffffffffffffff88	40	4	2
1.594037	9bb83	7e432d9be010	5ba1b700ee01	d6fb	102	fc3e	80	47a9	7ffc3ab91b20	20	10	2	810	7e432da297e8	5ba1b62dcc90	1c1d	5ba1b62dea30
1.602907	92bb4	6630	7ffc3ab95fb0	5ba1b7315a00	5ba1b65701b0	fc3e	187f	8000000000000001	7ffc3ab8e320	0	5ba1b65701e0	5ba1b6570f90	7e432de1ace0	1880	8000000000000001	5ba1b65700e0	7ffc3ab8e478
1.614212	22a18859a70f	5ba1b6333110	5ba1b641f8b0	91	5ba1b641fe70	5ba1b6333110	5ba1b641fda0	580	7ffc3ab8f7c0	5ba40c5a9a2f	5ba1b641fe30	90	7c	7e432de1aca0	7e432de1ac80	5ba1b641fe30	5ba1b641f
1.624916	9b89c	5ba1b62f4d40	fffffffffffffe50	5ba1b6c7e500	0	2cf9	1ff	2cf8	7ffc3ab91b20	8f	0	2	90	7ffc3ab95fb0	7e432de5b010	0	7ffc3ab91c68
1.637718	22a18859a800	5ba1b69146a0	5ba1b6914970	31	1	5ba1b69146a0	5ba1b69147d0	30	7ffc3ab8eed0	5ba40c8a20b4	5ba1b69149a0	30	7c	7e432de1ac98	7e432de1ac80	5ba1b69149a0	5ba1b6914
1.646572	93b3c	ca99a602c0f1d889	7ffc3ab8bb38	cc0f809f93c4e6c0	f0251a5a27151402	eb81d6799468a004	1100000000000001	5ba1b67469c0	7ffc3ab8bb30	0	1	a0178128d2d138a8	dd0f809f93c4e6c1	fffffff0	2f0	5ba1b6740830	7ffc3ab8bb30
1.653426	22a18859c970	0	7e432de1ac80	0	5ba1b626f010	38	7e432de1ac80	38	7ffc3ab8e708	0	5ba1b6868540	5ba1b6869b90	7e432de1ace0	2	7e432d9be010	5ba1b68684d0	5ba1b6868540
1.662470	93a22	51	0	7e432d9be010	0	fc3e	7e432d4fd010	8000000000000001	7ffc3ab8ddf8	64	4	7ffc3ab91ca0	8000000000000001	0	1	dbe6	7ffc3ab95fb0
1.670853	9b89c	5ba1b62f56e0	fffffffffffffa5d	5ba1b6d2f9d0	dfe9	0	1ff	dfea	7ffc3ab91b20	1df	0	4	1e1	7ffc3ab95fb0	7e432de5b010	2a5d	7ffc3ab91d00
1.680829	95e3b	0	7ffc3ab8f568	1	a064e90287c6bac4	7ffc3ab8f560	1000000000000000	5ba1b72664c0	7ffc3ab8f560	8	0	a064e90287c6bac4	1e94daba1bb2943	4a2	2c2	70	7ffc3ab8f560
1.694920	9b2e7	0	5ba1b6470ec0	5ba40c5c6b20	5ba1b6470f50	5ba1b626f010	7	a9f	7ffc3ab91b00	5ba1b6470ef0	3	1	4114341e0c03521b	7e432d9cdef8	5ba1b62dcc90	3070	5ba1b62dea30
1.704627	9b89c	5ba1b62f5520	fffffffffffffb53	5ba1b65f0880	0	455b	1ff	d7ff	7ffc3ab91b20	18d	0	4	18f	7ffc3ab95fb0	7e432de5b010	2e33	7ffc3ab91d00
1.712510	99272	7e432d9be010	0	7e432da29188	700	fc3e	233f	7ffc3ab91b01	7ffc3ab90500	8	0	7ffc3ab91ca0	8000000000000001	0	1	4765	7ffc3ab95fb0
1.720343	92c72	e9a1a637	7ffc3ab95fb0	654d06e9	8000000000000002	fc3e	7e432dafedb8	d5e7	7ffc3ab8de00	0	5ba1b67011d0	5ba1b6701390	7e432de1ace0	7e432dafedb8	8000000000000001	5ba1b67011a0	7ffc3ab8df18
1.728028	22a18859e167	5ba1b638f490	7ffc3ab89f08	611	0	5ba1b638f4b0	0	28	7ffc3ab89e78	0	5ba1b638f490	5ba1b638fac0	7e432de1ace0	1	7e432dab3260	5ba1b638f430	7ffc3ab8a038
1.740961	9452e	0	7ffc3ab8b198	1	1	7ffc3ab8b190	7ffc3ab8b198	5ba1b6746920	7ffc3ab8b180	0	0	b898b71caca958e3	bb3853cf1114dc7b	fffff000	250	5ba1b6741b30	7ffc3ab8b190
1.746695	92790	0	7ffc3ab95fb0	e04a	1b	5ba1b7007090	1ff	8000000000000001	7ffc3ab90dd0	10	0	1a	78e9e459019b9f31	0	8000000000000001	1d74	7ffc3ab90ee8
1.759087	93a3c	8000000000000002	7ffc3ab95fb0	1	13800	fc3e	7e432d4fd010	8000000000000001	7ffc3ab87870	7ffc3ab91960	5c	7ffc3ab918b0	7e1e7ceb55aabc74	81	7ffc3ab91960	4e0	5c
1.764628	9bc13	1	1	7e432dedc010	5ba1b6f1f580	5ba1b626f010	7	fc0d	7ffc3ab91b20	5ba1b6f1f560	0	1	4114341e0c03521b	fc3e	7e432de5b010	35d6	7ffc3ab91d00
1.775179	9420e	33d681bbab30a408	63	8	b694c4bcebf72a9a	85d0cff92a22cb27	ff	5ba1b6c84fd0	7ffc3ab89d00	0	1	bd91e3aec983f423	ea0f1e6d3988516c	ffffe000	0	d	5ba1b6662870
1.785134	9a6b7	5ba1b62dcc90	7e432da0fd00	a39e	8000000000000002	fc3e	7e432da0fd00	368a	7ffc3ab8d770	0	5ba1b6365b50	5ba1b6366a30	7e432de1ace0	7e432da0fd00	8000000000000001	5ba1b6365ab0	7ffc3ab8d898
1.798919	945f3	0	0	1	0	7ffc3ab91650	7ffc3ab91658	5ba1b6746740	7ffc3ab91640	8	0	54e5bb89fae23c9c	c84cdacf426762cc	fffff000	70	5ba1b6745730	7ffc3ab91650
1.812294	95e2b	0	7ffc3ab90bd8	1	0	7ffc3ab90bd0	7ffc3ab90bd8	7ffc3ab95fb0	7ffc3ab90bd0	8	0	a5354e78fe0776cc	59e0bb263632f3a3	0	c3f9	9c	7ffc3ab90bd0
1.822665	92794	0	7ffc3ab95fb0	ab56	13f	5ba1b649f730	1ff	8000000000000001	7ffc3ab8e260	0	cd6a71c615f3ee09	7f	0	0	8000000000000001	ab56	7ffc3ab8e3a8
1.837336	92bf2	7e432d4fd010	7ffc3ab95fb0	124040	8000000000000002	fc3e	7ffc3ab8cee0	4901	7ffc3ab8cec0	0	5ba1b64b6e30	5ba1b64b6f30	7e432de1ace0	7e432d621050	8000000000000001	5ba1b64b6d30	7ffc3ab8d008
1.848651	22a18859a703	5ba1b6851820	5ba1b6fef500	1b1	5ba1b6ff09a0	5ba1b6851820	5ba1b6ff07b0	1460	7ffc3ab8c1c0	5ba40ce46690	5ba1b6ff0960	1b0	7c	7e432de1aca0	7e432de1ac80	5ba1b6ff0960	5ba1b6ff0
1.858992	9bc13	1	1	7e432dedc010	5ba1b6733300	5ba1b626f010	7	2d	7ffc3ab91b20	5ba1b67332e0	1	801	4114341e0c03521b	fc3e	7e432de5b010	18f8	7ffc3ab91d00
1.865875	93a3c	8000000000000002	ac	5ba1b6f67e00	da240	fc3e	7e432d4fd010	7ffc3ab95fb0	7ffc3ab90c30	8	0	bbbc3ac7395e1654	3100573a4888e72f	8000000000000001	368a	3689	7ffc3ab91dd0
1.874492	9a6b7	5ba1b634eb00	7e432daab6e8	1dadb	1f3	fc3e	7e432daab6e8	9e49	7ffc3ab91b10	20	10	1	f98	7e432daab6e8	5ba1b62dcc90	1143	5ba1b62dea30
1.884617	93a3c	8000000000000002	7ffc3ab95fb0	81	2c35c0	fc3e	7e432d4fd010	8000000000000001	7ffc3ab83c10	7ffc3ab919c0	7e	b8822d4f55cfb94e	3d10d5a33a6e5739	81	7ffc3ab919c0	b0d7	7e
1.899717	92bf2	7e432d4fd010	7ffc3ab95fb0	6c800	8000000000000002	fc3e	7ffc3ab8e8d0	1b20	7ffc3ab8e8b0	0	5ba1b66d4280	5ba1b66d4980	7e432de1ace0	7e432d569810	8000000000000001	5ba1b66d4180	7ffc3ab8e9c8
1.906699	9bb49	5ba1b62f47c0	5ba1b6f6db01	5ba1b6f6fa60	14e	13e	80	c911	7ffc3ab91b20	20	10	1	a70	7ffc3ab95fb0	5ba1b62dcc90	1eae	7ffc3ab91d00
1.916579	9426b	5ba1b67466d0	1f2	ffff9cfc	ffffffffffff4600	5bf	7ff	5ba1b67468a0	7ffc3ab8b120	0	1	bbc92b7acdcae920	f9bb1365341ac7c0	ffff9cfe	1d0	ffffffffffffc5c0	5ba1b7266200
1.922942	9b744	7e432d4fd010	1	27dd80	5ba1b674cd50	8000000000000001	7e432dedc010	9f76	7ffc3ab91b20	5ba1b674ccf0	0	1	4114341e0c03521b	7ffc3ab95fb0	7e432de5b010	1be8	7ffc3ab91d00
1.937887	95e18	0	7ffc3ab8dae8	1	0	7ffc3ab8dae0	7ffc3ab8dae8	7ffc3ab95fb0	7ffc3ab8dae0	8	0	dafbcb7b860c667	8a3a99613b190ecb	8000000000000001	d581	c0	7ffc3ab8dae0
1.952226	22a18859a862	5ba1b63ef040	5ba1b640a4b0	21	31	5ba1b63ef040	5ba1b675d740	e0	7ffc3ab8b210	5ba40c5bc3ed	5ba1b640a4b0	20	7c	7e432de1ac98	7e432de1ac80	5ba1b675d760	5ba1b675d
1.959831	92bf2	7e432d4fd010	7ffc3ab95fb0	2aa400	8000000000000002	fc3e	7ffc3ab8c3c0	aa90	7ffc3ab8c3a0	0	5ba1b66cb5a0	5ba1b66cf030	7e432de1ace0	7e432d7a7410	8000000000000001	5ba1b66cb570	7ffc3ab8c4f8
1.975009	9452e	1	7ffc3ab8c4c8	1	1	7ffc3ab8c4c0	7ffc3ab8c4c8	81	7ffc3ab8c4b0	0	0	9ea4fca9844dc747	fbe8ab68b3449dcb	7ffc3ab95fb0	7ffc3ab919c0	7ffc3ab8c5c0	7ffc3ab8c4c0
1.982362	9b86f	5ba1b62f5a80	94d049bb133111eb	5ba1b71c5c60	c0b	0	1ff	479	7ffc3ab91b20	b3	0	66	9e3779b97f4a7c15	7ffc3ab95fb0	7e432de5b010	1a9f	7ffc3ab91d00
1.991926	22a18859d35c	11b0	7e432de1ac80	30	5ba1b662ced0	5ba1b662cf00	0	28	7ffc3ab8d910	0	0	5ba1b662e0b0	7e432de1ace0	ffffffffffffff88	30	5ba1b626f010	1
2.006654	9bbfa	8000000000000001	0	5ba1b7315a00	5ba1b7266180	5ba1b626f010	7	d051	7ffc3ab91b20	5ba1b7266120	1	1	4114341e0c03521b	fc3e	7e432de5b010	2	7ffc3ab91c68
2.021865	22a18859d36e	10a0	7e432de1ac80	30	5ba1b71c9c90	5ba1b71c9cc0	0	28	7ffc3ab88030	0	0	5ba1b71cad60	7e432de1ace0	ffffffffffffff88	30	5ba1b626f010	1
2.028065	22a18859ce12	1	7e432de1ac80	18	7e432de1ad10	7e432de1ad00	5b	20	7ffc3ab8ac60	0	5ba1b63644f0	5ba1b6364b60	7e432de1ace0	ffffffffffffff88	30	3	5ba1b63644f0
2.042510	94477	0	7ffc3ab8bd68	1	8	7ffc3ab8bd60	7ffc3ab8bd68	5ba1b72663e0	7ffc3ab8bd50	8	0	dafbcb7bbe801cc	8a321c02ca9e6dd8	551	1ea	dc	7ffc3ab8bd60
2.050295	931f1	5ba1b6c6f5a0	7ffc3ab95fb0	fffffffffffffa5d	fffffffffffffe1f	0	aff7	5c	7ffc3ab8b860	0	5ba1b67b5690	5ba1b67b6580	7e432de1ace0	5ba1b62f5500	1000	1e1	7ffc3ab8b9a8
2.056433	22a18859b69e	0	30	ffffffffffffffd0	31	5ba1b64ceac0	7e432de1ac80	5ba1b64ceac0	7ffc3ab91a70	2	1	4	768	7e432dae3f38	0	4e7c	5ba1b62dea30
2.062452	95aec	3e0	e2	5ba1b72c99f0	1fff	0	1000000000000000	7ffc3ab95fb0	7ffc3ab8a1b0	8	0	9c82d5e63d998b3e	7227a67d5b3a7b15	0	0	dd70	7ffc3ab91dd0
2.071962	9b744	7e432d4fd010	1	348540	5ba1b6ce3d80	8000000000000001	7e432dedc010	d215	7ffc3ab91b20	5ba1b6ce3d60	b	2	4114341e0c03521b	7ffc3ab95fb0	7e432de5b010	68ec	7ffc3ab91d00
2.085578	9a56f	3	7ffc3ab911e0	5ba1b6652810	0	fc3e	7ffc3ab911e0	8000000000000001	7ffc3ab91180	40	bb7b	6a	ca28df6430096bcb	7e432d9eed60	7e432d9be010	c3f6	7ffc3ab912d8
2.091546	9b86f	5ba1b62f4a20	94d049bb133111eb	5ba1b70106f0	0	39a4	1ff	4623	7ffc3ab91b20	4b	0	e	9e3779b97f4a7c15	7ffc3ab95fb0	7e432de5b010	1b50	7ffc3ab91d00
2.101150	929c9	1	7ffc3ab95fb0	7e432d9be010	883b	fc3e	2d69	8000000000000001	7ffc3ab89d40	0	2ee	48	0	7e432da021e8	7e432d9be010	0	5ba1b66cd1f0
2.113085	95d28	5ba1b6f03460	ee	25	1fff	1cec	1	1ceb	7ffc3ab8c9a0	8aa	0	0	39e60	ca97	0	4911	7ffc3ab91dd0
2.120868	9b6f9	7e432d4fd010	1	3a9940	8000000000000002	8000000000000002	7e432dedc010	ea65	7ffc3ab91b20	5ba1b6894000	0	1	4114341e0c03521b	7ffc3ab95fb0	7e432de5b010	1050	7ffc3ab91d00
2.126233	9959d	7ffc3ab91b90	0	0	3ff	ffffffffffff9680	1	22cc	7ffc3ab8aa40	a095	0	5ba1b67466d0	0	0	1	0	7ffc3ab95fb0
2.135418	9b86f	5ba1b62f47a0	94d049bb133111eb	5ba1b7020f10	0	6a3	1ff	2946	7ffc3ab91b20	ee	0	15	9e3779b97f4a7c15	7ffc3ab95fb0	7e432daff010	3a1b	7ffc3ab91d00
2.150109	9baba	5ba1b62f6360	5ba1b640d1b0	5ba1b640df00	0	711c	ff	2c24	7ffc3ab91b20	8d	0	2	8e	7ffc3ab95fb0	7e432daff010	555e	7ffc3ab91d00
2.163002	92bf2	7e432ccfc010	7ffc3ab95fb0	2180	8000000000000002	100d2	7ffc3ab86c00	86	7ffc3ab86be0	0	5ba1b6567750	5ba1b6569280	7e432de1ace0	7e432ccfe190	8000000000000001	5ba1b6567650	7ffc3ab86d28
2.173627	9973d	154f08cbbf83c42a	7ffc3ab90a48	aee44d67e65562fb	ecb902bab406a755	7ffc3ab90a40	1800000000000000	4aa3	7ffc3ab90a40	8	0	ecb902bab406a755	b6e44d67e65562fb	0	1	7ffc3ab90b30	7ffc3ab90a40
2.182640	22a18859d35c	4f0	7e432de1ac80	60	5ba1b63a8eb0	5ba1b63a8ef0	0	38	7ffc3ab90080	0	0	5ba1b63a93e0	7e432de1ace0	ffffffffffffff88	40	5ba1b626f010	2
2.192008	9b89c	5ba1b62f5dc0	fffffffffffffe8f	5ba1b68d33d0	0	79a2	1ff	79a3	7ffc3ab91b20	7a	0	2	7b	7ffc3ab95fb0	7e432daff010	8a	7ffc3ab91d00
2.200110	9455a	80fe6cd947d1bcea	4b	92c1b2c4b8728208	8	7ffc3ab89580	7ffc3ab89588	81	7ffc3ab89570	0	0	dafbcb7b222c535	8a3ab887fadd2895	7ffc3ab95fb0	7ffc3ab91960	7ffc3ab89680	7ffc3ab89580
2.209241	9278c	bbb8	7ffc3ab95fb0	0	15e	5ba1b71e68d0	1ff	8000000000000001	7ffc3ab8c720	0	20f892f675d5878f	7d	0	7ffc3ab95fb0	8000000000000001	0	7ffc3ab8c878
2.218760	22a18859b6e6	ffffffffffffff88	30	1	0	5ba1b626f010	7	5ba1b6706480	7ffc3ab91a80	5ba1b67064c0	0	1	4114341e0c03521b	7e432de1ac80	0	17ef	5ba1b62dea30
2.228233	9a6bb	5ba1b657f050	7e432d717670	b4cc	25f	100d2	7e432d717670	3c44	7ffc3ab91b10	3	2	1	12f8	7e432d717670	5ba1b62dcc90	2	5ba1b62dea30
2.235580	95ce2	5ba1b7266200	3a	77	7ff	123	0	120	7ffc3ab91500	0	0	a42f775eea9c655a	933d749cb2f99297	8029	0	ae5c	7ffc3ab91dd0
2.244339	9b86f	5ba1b62f45e0	94d049bb133111eb	5ba1b6b450e0	0	a7df	1ff	a7e3	7ffc3ab91b20	13	0	20	9e3779b97f4a7c15	7ffc3ab95fb0	7e432daff010	14f1	7ffc3ab91d00
2.251357	22a18859e3ad	7ffc3ab91b00	5ba1b7021e30	8	8	5ba1b7021e60	5ba1b7021e60	1907	7ffc3ab91b08	20	10	1	d40	7e432d6e28b8	5ba1b62dcc90	3d4	5ba1b62dea30
2.264759	92755	56b7	7ffc3ab95fb0	0	45b5024b4a69ad72	bf58476d1ce4e5b9	5ba1b62f4dc0	8000000000000001	7ffc3ab8d980	94d049bb133111eb	ee37d90671b0c3a7	12fe9b79edcba63	0	7ffc3ab95fb0	8000000000000001	0	7ffc3ab8dad8
2.278861	98811	8000000000000001	7ffc3ab861c0	5ba1b7315a00	5ba1b6cbf9f0	7ffc3ab862f8	7ffc3ab861c0	8000000000000000	7ffc3ab86140	0	5ba1b6cbfa20	5ba1b6cbfbd0	7e432de1ace0	8005	8000000000000001	5ba1b6cbf920	7ffc3ab862f8
2.286524	993ad	7e432d6bd010	0	5ba1b665afe0	8000000000000000	100d2	8004088418e01601	be01	7ffc3ab91580	58	4	7ffc3ab91ca0	8000000000000001	0	1	be2f	7ffc3ab95fb0
2.296399	9453c	f4474e8e0499a409	7ffc3ab90cb8	1227488cfc2581d	8	7ffc3ab90cb0	7ffc3ab90cb8	7ffc3ab95fb0	7ffc3ab90ca0	0	0	efb1002329ebbbad	d707e2b52891be7c	8000000000000001	e3f0	62	7ffc3ab90cb0
2.302998	22a18859e40e	41	ffffffffffffff50	8	0	5ba1b632cf50	7e432de1ac80	0	7ffc3ab91ad0	1	0	1	9a0	7e432d7237d8	5ba1b62dcc90	5d2	5ba1b62dea30
2.312159	926dd	8000000000000001	7ffc3ab95fb0	0	5046	7ffc3ab915e8	5ba1b62f4640	8000000000000001	7ffc3ab914d0	b404	0	0	1e80	0	8000000000000001	ad1	7ffc3ab915e8
2.326719	996dc	0	7ffc3ab8c9d8	1227488cfc2581d	eb51448e1a8fb01e	654d06e9a1a63770	872823eb74eac27f	5ba1b68b69b0	7ffc3ab8c9d0	1128628bd8d25203	0	a0280825a9ab04ba	faa4300dcde0bedf	fffffc00	d0	5ba1b68b4d80	7ffc3ab8c9d0
2.339150	9b877	5ba1b62f4ba0	94d049bb133111eb	5ba1b6963220	0	48f7	1ff	bbde	7ffc3ab91b20	44	0	52	9e3779b97f4a7c15	7ffc3ab95fb0	7e432daff010	2	7ffc3ab91c68
2.353999	94572	d45bfe52f569c316	e156	b872820892bac2ec	8	7ffc3ab8e370	7ffc3ab8e378	5ba1b657ad40	7ffc3ab8e360	0	0	bbf8daee9f585e76	9ef27fcb4037755e	fffffff0	1d0	5ba1b65770d0	7ffc3ab8e370
2.361827	945a2	1f5e0ca2bd1c8adc	14	82cb96cf9457a3d5	8	7ffc3ab8b190	7ffc3ab8b198	5ba1b6746aa0	7ffc3ab8b180	8	0	eaad9ec8fb81781d	ed198f68bed99651	fffffe00	3d0	5ba1b673eb90	7ffc3ab8b190
2.373389	22a18859ce7d	7	7e432de1ac80	20	5ba1b672f590	7e432de1ad10	0	38	7ffc3ab8d800	0	5ba1b672f570	5ba1b6733890	7e432de1ace0	ffffffffffffff88	40	5ba1b626f010	2
2.380873	9278c	0	7ffc3ab95fb0	c438	13c	5ba1b6f77e80	1ff	8000000000000001	7ffc3ab911c0	0	406ed1bd0f8414bf	43	89b953e47d4281a7	0	8000000000000001	4cbf	7ffc3ab912d8
2.393612	93214	8000000000000001	7ffc3ab95fb0	fffffffffffffa12	fffffffffffffe06	0	8000000000000001	0	7ffc3ab85f00	0	fffffffffffffe06	5ba1b66c4ef0	7e432de1ace0	7238	1a80	1f8	7ffc3ab86058
2.399909	22a18859ce22	0	7e432de1ac80	18	7e432de1ad10	7e432de1ad00	5b	28	7ffc3ab8d050	30	effd	3e	3514a88eb290d440	ffffffffffffff88	30	3	1
2.406248	9bb5b	5ba1b62f4c20	5ba1b673c001	5ba1b673e4b0	180	170	abff	b5cd	7ffc3ab91b20	1	0	1	c00	7ffc3ab95fb0	5ba1b62dcc90	484f	5ba1b62dea30
2.420589	93a3c	8000000000000002	9a	5ba1b6ee3460	3eab80	100d2	7e432ccfc010	7ffc3ab95fb0	7ffc3ab8c630	8	0	f0ccfca57ff7027d	2b99b611144a82d9	8000000000000001	d056	faae	7ffc3ab91dd0
2.429957	22a18859a8c7	5ba1b6ca4590	5ba1b6ca4600	41	60	5ba1b6ca4590	5ba1b6ca4600	90	7ffc3ab8c890	5ba40cd12a74	5ba1b6ca46d0	40	7c	7e432de1ac98	7e432de1ac80	5ba1b6ca4690	5ba1b6ca4
2.443368	9a56a	1	7ffc3ab8e0f8	5ba1b6943c80	0	100d2	7ffc3ab8e0f8	8000000000000001	7ffc3ab8e090	40	9e7b	2d	e18360a583aed0b1	7e432d6bd010	7e432d7b7528	c9b3	7ffc3ab8e1e8
2.455177	22a18859d35c	14a0	7e432de1ac80	30	5ba1b66561f0	5ba1b6656230	0	38	7ffc3ab8d210	0	0	5ba1b66576d0	7e432de1ace0	ffffffffffffff88	40	5ba1b626f010	2
2.469813	22a18859a70f	5ba1b64b4530	5ba1b6520550	31	5ba1b68414d0	5ba1b64b4530	5ba1b65242c0	3da0	7ffc3ab8bf80	5ba40c9f7044	5ba1b6841560	30	7c	7e432de1aca0	7e432de1ac80	5ba1b65242f0	5ba1b6524
2.476891	927c4	fde3	7ffc3ab95fb0	0	14b	5ba1b6fe7490	1ff	8000000000000001	7ffc3ab8f740	0	1000	fffffffffffffbfb	0	0	8000000000000001	0	7ffc3ab8f888
2.487950	93b1f	0	7ffc3ab8b0f8	0	1	1	1100000000000000	7ffc3ab918b0	7ffc3ab8b0f0	0	1	f2f153daf22300bd	d11908f3093bbdf2	81	7ffc3ab91960	7ffc3ab8b1a0	7ffc3ab8b0f0
2.497164	9b744	7e432ccfc010	1	19fc00	8000000000000002	8000000000000002	7e432dedc010	67f0	7ffc3ab91b20	5ba1b637a020	10	2	4114341e0c03521b	7ffc3ab95fb0	7e432daff010	ed9	7ffc3ab91d00
2.510096	9b76c	7e432cd174d0	1	f955ed1264d36a0c	8000000000000002	8000000000000001	7e432dedc010	6d3	7ffc3ab91b20	5ba1b694bec0	0	1	4114341e0c03521b	7ffc3ab95fb0	7e432daff010	2041	7ffc3ab91d00
2.516825	94584	e2af7ecfb4e68fe9	b8	4c38a0459457312c	8	7ffc3ab90c20	7ffc3ab90c28	5ba1b7266210	7ffc3ab90c10	0	0	edb2f689c9584e97	79467d0af4db37eb	6e9	17	b8	7ffc3ab90c20
2.525819	92bd8	7e432ccfc010	7ffc3ab95fb0	d202	5ba1b6380660	100d2	7ffc3ab8c630	d202	7ffc3ab8c610	0	5ba1b6378f90	5ba1b66b02b0	7e432de1ace0	d202	8000000000000001	5ba1b63805f0	7ffc3ab8c728
2.533503	9b89c	5ba1b62f6220	ffffffffffffffe8	5ba1b6651480	c8af	0	1ff	c8b0	7ffc3ab91b20	8	0	1	8	7ffc3ab95fb0	7e432daff010	3db4	7ffc3ab91d00
2.546435	9a6cd	5ba1b6659b00	7e432d81c0d0	5ba40cf00446	5ba1b6eb6af0	5ba1b626f010	7	ea08	7ffc3ab91b10	5ba1b6eb6a90	4	2	4114341e0c03521b	7e432d81c0d0	5ba1b62dcc90	61d8	5ba1b62dea30
2.554065	9a6bb	5ba1b62dcc90	7e432d7424c8	10a97	8000000000000002	100d2	7e432d7424c8	58dd	7ffc3ab8b570	0	5ba1b64ff480	5ba1b65005a0	7e432de1ace0	7e432d7424c8	8000000000000001	5ba1b64ff450	7ffc3ab8b698
2.565054	92bf2	7e432ccfc010	7ffc3ab95fb0	af380	8000000000000002	100d2	7ffc3ab8d9e0	2bce	7ffc3ab8d9c0	0	5ba1b6375a30	5ba1b6375ea0	7e432de1ace0	7e432cdab390	8000000000000001	5ba1b6375a00	7ffc3ab8dad8
2.576854	99272	7e432d6bd010	0	7e432d7161d0	0	100d2	7ffc3ab95fb0	1	7ffc3ab8eae0	1	0	7ffc3ab91b40	8000000000000001	0	1	3b68	7ffc3ab95fb0
2.587104	93a3c	8000000000000002	cc	5ba1b6ee3460	133440	100d2	7e432ccfc010	7ffc3ab95fb0	7ffc3ab8b620	8	0	f3f1ed305dbd9a21	de4063448b889522	8000000000000001	aa91	4cd1	7ffc3ab91dd0
2.597182	9b86f	5ba1b62f60e0	94d049bb133111eb	5ba1b64e9990	a177	0	1ff	2dab	7ffc3ab91b20	1ca	0	5	9e3779b97f4a7c15	7ffc3ab95fb0	7e432daff010	421a	7ffc3ab91d00
2.604447	92bf2	7e432ccfc010	7ffc3ab95fb0	3ea840	8000000000000002	100d2	7ffc3ab8bbd0	faa1	7ffc3ab8bbb0	0	5ba1b65cd8e0	5ba1b65cdbd0	7e432de1ace0	7e432d0e6850	8000000000000001	5ba1b65cd840	7ffc3ab8bcc8
2.616775	9b89c	5ba1b62f4e20	fffffffffffffcdf	5ba1b7033490	7fbc	0	1ff	12a1	7ffc3ab91b20	10b	0	1	10b	7ffc3ab95fb0	7e432daff010	ccc	7ffc3ab91d00
2.625411	95e48	3e759b87773927bb	7ffc3ab8d7d8	75fdf8f0ea446a8f	e6e684145ebec4c6	7ffc3ab8d7d0	1000000000000000	7ffc3ab95fb0	7ffc3ab8d7d0	8	0	e6e684145ebec4c6	65fdf8f0ea446a8f	0	1a13	d6	7ffc3ab8d7d0
2.632670	9b89c	5ba1b62f49e0	fffffffffffffc3d	5ba1b66fc050	553f	0	1ff	a18c	7ffc3ab91b20	141	0	1	141	7ffc3ab95fb0	7e432daff010	2370	7ffc3ab91d00
2.639101	92bf2	7e432ccfc010	7ffc3ab95fb0	2b3dc0	8000000000000002	100d2	7ffc3ab8f300	acf7	7ffc3ab8f2e0	0	5ba1b64d9130	5ba1b64d9180	7e432de1ace0	7e432cfafdd0	8000000000000001	5ba1b64d9030	7ffc3ab8f428
2.645730	9bc13	1	1	5ba1b6741ab0	5ba1b63610f0	5ba1b626f010	7	6dad	7ffc3ab91b20	5ba1b63610d0	2	1	4114341e0c03521b	100d2	7e432daff010	2	7ffc3ab91c68
2.654894	92bf2	7e432ccfc010	7ffc3ab95fb0	35500	8000000000000002	100d2	7ffc3ab90410	d54	7ffc3ab903f0	0	5ba1b6554ad0	5ba1b6554b30	7e432de1ace0	7e432cd31510	8000000000000001	5ba1b6554aa0	7ffc3ab90508
2.662316	9278c	3d5a	7ffc3ab95fb0	0	1bb	5ba1b6487cc0	1ff	8000000000000001	7ffc3ab8a500	20	0	37	0	7ffc3ab95fb0	8000000000000001	0	7ffc3ab8a658
2.670314	9b89c	5ba1b62f4da0	fffffffffffffc46	5ba1b6c8f890	0	4e74	1ff	1cf0	7ffc3ab91b20	13d	0	2	13e	7ffc3ab95fb0	7e432daff010	1691	7ffc3ab91d00
2.683059	9bb27	5ba1b62f53a0	5ba1b71e9a38	5ba1b71e9b70	d	1fd	1f80	d8e5	7ffc3ab91b20	13	3	1	68	7ffc3ab95fb0	7e432daff010	5b25	7ffc3ab91d00
2.689093	9a56f	3	7ffc3ab90ad8	5ba1b642b610	0	100d2	7ffc3ab90ad8	8000000000000001	7ffc3ab90a70	0	affb	2c	25637f886773ea1b	7e432d6bd010	7e432d7f18f0	1996	7ffc3ab90bc8
2.703566	94240	27	6e	fffffffe	180	170	1ff	5ba1b6febde0	7ffc3ab8fd40	0	1	e17ee9eb975dc975	bb7813a02274763a	ffffffff	80	80	5ba1b6cd2d20
2.715263	9b744	7e432ccfc010	1	297640	8000000000000002	8000000000000002	7e432dedc010	a5d9	7ffc3ab91b20	5ba1b64c31d0	1	1	4114341e0c03521b	7ffc3ab95fb0	7e432daff010	360f	7ffc3ab91d00
2.729612	931f1	5ba1b66002c0	7ffc3ab95fb0	fffffffffffffda8	ffffffffffffff38	0	5c21	75	7ffc3ab83ce0	0	5ba1b66cab90	5ba1b66cd6f0	7e432de1ace0	5ba1b62f6460	1f60	c8	7ffc3ab83e38
2.739714	9966f	7ffc3ab91a30	f5c1	7ffc3ab91b40	7ffc3ab8d910	654d06e9a1a63770	872823eb74eaca22	7ffc3ab91a30	7ffc3ab8d8c8	1	0	7ffc3ab91b40	8000000000000001	0	1	0	7ffc3ab95fb0
2.750056	9b888	5ba1b62f4ae0	94d049bb133111eb	5ba1b6cef960	68e6	0	3ff	b9fb	7ffc3ab91b20	115	0	2	116	7ffc3ab95fb0	7e432daff010	710b	7ffc3ab91d00
2.765193	93a3c	8000000000000002	c428	fd8e61fc6134ce98	310a00	100d2	7e432ccfc010	8000000000000000	7ffc3ab88870	f4	4	7ffc3ab91ca0	8000000000000001	0	1	0	7ffc3ab95fb0
2.776372	98839	8000000000000001	7ffc3ab8b020	8000000000000001	5ba1b6312e20	7ffc3ab8b148	7ffc3ab8b020	8000000000000000	7ffc3ab8afa0	0	5ba1b6312eb0	5ba1b6313260	7e432de1ace0	cf9a	8000000000000001	5ba1b6312e80	7ffc3ab8b148
2.784048	9a6cd	5ba1b7049fb0	7e432d835d68	2f1ab	2d	100d2	7e432d835d68	fb39	7ffc3ab91b10	13	3	1	168	7e432d835d68	5ba1b62dcc90	50d4	5ba1b62dea30
2.796797	9b859	5ba1b62f54e0	94d049bb133111eb	5ba1b67e5e50	0	c89c	1ff	c897	7ffc3ab91b20	ea90b156d60dc80a	5ba1b62f4500	75	9e3779b97f4a7c15	7ffc3ab95fb0	7e432daff010	0	7ffc3ab91c68
2.809378	22a18859ced2	60	7e432de1ac80	20	5ba1b6491ac0	1204000	0	38	7ffc3ab90dc0	0	0	5ba1b6491b20	7e432de1ace0	ffffffffffffff88	40	5ba1b626f010	2
2.818276	9b877	5ba1b62f4940	94d049bb133111eb	5ba1b6fa4e30	5565	0	1ff	113b	7ffc3ab91b20	1	0	13	9e3779b97f4a7c15	7ffc3ab95fb0	7e432daff010	10	7ffc3ab91d00
2.823542	9b82b	5ba1b62f4780	94d049bb133111eb	727f4683c03b3425	9aa2	0	280	bf17	7ffc3ab91b20	62bcc4b8348ba52d	5ba1b62f4500	bf58476d1ce4e5b9	9e3779b97f4a7c15	7ffc3ab95fb0	7e432daff010	334	7ffc3ab91d00
2.838327	9a6bb	5ba1b62dcc90	7e432d770ea8	167d3	8000000000000002	100d2	7e432d770ea8	77f1	7ffc3ab8ec00	0	5ba1b638a710	5ba1b638a770	7e432de1ace0	7e432d770ea8	8000000000000001	5ba1b638a670	7ffc3ab8ed68
2.846218	22a18859b721	31	40	2	7	5ba1b626f010	7	5ba1b6337c50	7ffc3ab91a60	5ba1b6337c60	0	1	4114341e0c03521b	7e432de1ac80	0	5ba1b6337c90	5ba1b62dea30
2.857977	9b877	5ba1b62f47c0	94d049bb133111eb	5ba1b6f6fa60	0	802b	1ff	d993	7ffc3ab91b20	120	0	18	9e3779b97f4a7c15	7ffc3ab95fb0	7e432daff010	3c8	7ffc3ab91d00
2.873086	9a6bb	5ba1b62dcc90	7e432d72a0a8	da13	8000000000000002	100d2	7e432d72a0a8	48b1	7ffc3ab8ecd0	0	5ba1b6364890	5ba1b6364b60	7e432de1ace0	7e432d72a0a8	8000000000000001	5ba1b6364860	7ffc3ab8ee38
2.886547	8f60f	0	7ffc3ab8b5c0	0	38	8	38	7	7ffc3ab8b558	0	5ba1b64dc750	5ba1b64dca10	7e432de1ace0	38	7e432d6bd010	5ba1b64dc6e0	5ba1b64dc750
2.896408	22a18859b6e6	ffffffffffffff88	30	1	0	5ba1b626f010	7	5ba1b6958440	7ffc3ab91a70	5ba1b6958420	1	2	4114341e0c03521b	7e432de1ac80	0	470	5ba1b62dea30
2.909627	9bb5b	5ba1b62f4d40	5ba1b6c7d901	5ba1b6c7e500	76	66	80	7689	7ffc3ab91b20	1c	c	1	3b0	7ffc3ab95fb0	5ba1b62dcc90	17	5ba1b62dea30
2.922212	22a18859a800	5ba1b6491670	5ba1b6491950	41	1	5ba1b6491670	5ba1b64916e0	30	7ffc3ab91360	5ba40c527d51	5ba1b64919c0	40	7c	7e432de1ac98	7e432de1ac80	5ba1b6491980	5ba1b6491
2.933533	9278c	e777	7ffc3ab95fb0	0	b1	5ba1b6777780	1ff	8000000000000001	7ffc3ab8e9a0	0	90611e9bd2a47c86	7d	5ba1b726d710	a5	8000000000000001	34a8	7ffc3ab8eaf8
2.946188	93a3c	8000000000000002	7ffc3ab91d00	5ba1b6d09f60	33b680	100d2	7e432ccfc010	10	7ffc3ab90e50	2140	0	dafbcb7c9da9b0f	8a237a10ae172f20	8000000000000001	7ffc3ab95fb0	ceda	ad
2.955074	9b89c	5ba1b62f52a0	fffffffffffffc25	5ba1b66f7e20	1453	0	1ff	2b68	7ffc3ab91b20	149	0	1	149	7ffc3ab95fb0	7e432daff010	10	7ffc3ab91d00
2.963007	9b744	7e432ccfc010	1	2f0640	5ba1b6fa1680	8000000000000001	7e432dedc010	bc19	7ffc3ab91b20	5ba1b6fa1620	10	1	4114341e0c03521b	7ffc3ab95fb0	7e432daff010	b	7ffc3ab91d00
2.977044	92bce	8000000000000001	7ffc3ab95fb0	8000000000000001	5ba1b6957400	100d2	7ffc3ab90d80	8000000000000001	7ffc3ab90d60	0	5ba1b6957490	5ba1b6957530	7e432de1ace0	b534	8000000000000001	5ba1b6957460	7ffc3ab90eb8
2.992254	22a18859d041	5ba1b6664660	7e432de1ac80	431	5ba1b6664650	5ba1b6664680	0	20	7ffc3ab8f7a0	0	5ba1b6664660	5ba1b6664ab0	7e432de1ace0	ffffffffffffff88	30	5ba1b626f010	1
3.005497	9b89c	5ba1b62f4920	fffffffffffffd3c	5ba1b7263ce0	bb55	0	3ff	77f7	7ffc3ab91b20	ec	0	1	ec	7ffc3ab95fb0	7e432daff010	13	7ffc3ab91d00
3.014522	9b839	5ba1b62f4e40	94d049bb133111eb	65efcbec01175b4e	0	f1b1	940	325a	7ffc3ab91b20	805821f2fa693b75	5ba1b62f4500	be1b00c9f69f4d1a	9e3779b97f4a7c15	7ffc3ab95fb0	7e432daff010	b	7ffc3ab91d00
3.021439	9a6bb	5ba1b66b54c0	7e432d7f8ce8	2779b	c1	100d2	7e432d7f8ce8	d289	7ffc3ab91b10	20	10	1	608	7e432d7f8ce8	5ba1b62dcc90	c	5ba1b62dea30
3.034770	929c9	1	7ffc3ab95fb0	7e432d6bd010	15bd6	100d2	73f2	8000000000000001	7ffc3ab8dbd0	0	de3f	65	5ba1b67868d0	7e432d76aec0	7e432d6bd010	580d	5ba1b65cda60
3.046263	9a6cd	5ba1b639cfa0	7e432d733828	ed03	152	100d2	7e432d733828	4f01	7ffc3ab91b10	1	0	1	a90	7e432d733828	5ba1b62dcc90	11	5ba1b62dea30
3.058203	92c04	7e432ccfc010	7ffc3ab95fb0	298300	8000000000000002	100d2	7ffc3ab86550	a60c	7ffc3ab86530	0	5ba1b6330750	7e432de1ad20	7e432de1ace0	7e432cf94310	8000000000000001	5ba1b6330590	7ffc3ab86688
3.066298	92bf2	7e432ccfc010	7ffc3ab95fb0	364c0	8000000000000002	100d2	7ffc3ab908a0	d93	7ffc3ab90880	0	5ba1b631e860	7e432de1ad20	7e432de1ace0	7e432cd324d0	8000000000000001	5ba1b631ddb0	7ffc3ab909d8
3.080760	22a18859d5e6	10	7e432de1ac80	5ba1b67ffe90	7e432de1ad10	1c	5ba1b67ffe90	28	7ffc3ab89160	0	0	7e432de1ad10	7e432de1ace0	10	30	40	1
3.089575	9a6cd	5ba1b6344930	7e432d7b8ce0	5ba40c2b3774	5ba1b6305430	5ba1b626f010	7	a7de	7ffc3ab91b10	5ba1b6344a00	1	1	4114341e0c03521b	7e432d7b8ce0	5ba1b62dcc90	889	5ba1b62dea30
3.103952	987f9	8433	7ffc3ab95fb0	5ba1b7315a00	5ba1b65d8b50	7ffc3ab91468	7ffc3ab91330	8000000000000001	7ffc3ab912e0	0	5ba1b65d8cc0	5ba1b65d9070	7e432de1ace0	8022	8000000000000001	5ba1b65d8c90	7ffc3ab91468
3.109386	9278c	a1c2	7ffc3ab95fb0	0	1e9	5ba1b6ce1130	1ff	8000000000000001	7ffc3ab8a560	0	534107ed08a91cb	5b	5ba1b726a8d0	f9	8000000000000001	22e4	7ffc3ab8a6b8
3.118836	9a6bb	5ba1b62dcc90	7e432d7d7850	23508	8000000000000002	100d2	7e432d7d7850	bc58	7ffc3ab8ae40	0	5ba1b643dd70	5ba1b643e760	7e432de1ace0	7e432d7d7850	8000000000000001	5ba1b643dd40	7ffc3ab8afa8
3.124912	9882d	8000000000000001	7ffc3ab89f28	8000000000000001	2c3500	7e432cfbf510	7ffc3ab89f28	8000000000000000	7ffc3ab89eb0	7ede	0	dafbcb7cf03449b	8a2cb822b34c86f7	8000000000000001	7ffc3ab95fb0	b0d4	7e432cfbf510
3.136805	9b89c	5ba1b62f5400	fffffffffffffd96	5ba1b71c2a40	3fe1	0	1ff	f5ea	7ffc3ab91b20	ce	0	1	ce	7ffc3ab95fb0	7e432daff010	14	7ffc3ab91d00
3.148799	93a3c	8000000000000002	7ffc3ab95fb0	5	2764c0	100d2	7e432ccfc010	8000000000000001	7ffc3ab8ebf0	7ffc3ab91960	1a	7ffc3ab918b0	5ad489743eae4293	81	7ffc3ab91960	9d93	1a
3.154744	93ae6	0	7ffc3ab8e298	1	0	7ffc3ab8e290	7ffc3ab8e298	5ba1b72195b0	7ffc3ab8e290	8	0	dafbcb7c2b6fa12	8a373995534e69d9	ffffe000	1b0	5ba1b7215c40	7ffc3ab8e290
3.166322	9a6cd	5ba1b6755910	7e432d8121b8	5ba40c6e3e85	5ba1b67559d0	5ba1b626f010	7	e367	7ffc3ab91b10	5ba1b6755970	5	10	4114341e0c03521b	7e432d8121b8	5ba1b62dcc90	28ce	5ba1b62dea30
3.175987	92d84	7e432daff010	7ffc3ab95fb0	0	8000000000000002	100d2	7e432d7e43a8	8000000000000001	7ffc3ab8fa60	0	5ba1b6f96230	5ba1b6f977c0	7e432de1ace0	c4d1	28	5ba1b6f960d0	7ffc3ab8fba8
3.190627	9bb49	5ba1b62f5000	5ba1b6518a01	5ba1b651a2b0	102	f2	b7ff	a2ed	7ffc3ab91b20	1	0	1	810	7ffc3ab95fb0	5ba1b62dcc90	1c14	7ffc3ab91d00
3.198445	93d76	5ba1b6741f70	611c	1	3ff	ffffffffffffb8a0	1	0	7ffc3ab8d330	28	1	5ba1b67466d0	0	23b	ffffffffffffb8a0	7ffc3ab8d3c0	7ffc3ab918b0
3.206063	99221	235	0	5ba1b67466d0	3ff	0	0	7ffc3ab91b90	7ffc3ab91340	8	0	7ffc3ab91ca0	9078bc102f9ee700	0	1	7b7a	7ffc3ab95fb0
3.211587	9278c	2e6c	7ffc3ab95fb0	0	fc	5ba1b6fcec00	1ff	8000000000000001	7ffc3ab8f870	0	8085eee1e71005b8	d	9562debd523974b1	0	8000000000000001	9cb2	7ffc3ab8f988
3.216912	9b89c	5ba1b62f6200	ffffffffffffffc1	5ba1b6f40010	0	cb57	1ff	eb3c	7ffc3ab91b20	15	0	1	15	7ffc3ab95fb0	7e432daff010	1fe5	7ffc3ab91d00
3.225823	93a3c	8000000000000002	dbdc	9890a04d476ab429	36f700	100d2	7e432ccfc010	8000000000000000	7ffc3ab8ee90	52	4	7ffc3ab91b40	8000000000000001	0	1	0	7ffc3ab95fb0
3.237743	9b744	7e432ccfc010	1	41340	5ba1b64b7a20	8000000000000001	7e432dedc010	104d	7ffc3ab91b20	5ba1b64b79c0	0	1	4114341e0c03521b	7ffc3ab95fb0	7e432daff010	f5a	7ffc3ab91d00
3.247339	99720	0	7ffc3ab8f618	1	0	7ffc3ab8f610	7ffc3ab8f618	5ba1b6308350	7ffc3ab8f610	8	0	3fe486e49a542ba5	c36f919db65f7d25	fffffffc	80	5ba1b6307270	7ffc3ab8f610
3.260843	22a18859a88f	5ba1b6895d40	5ba1b67ad160	7e432de1ac98	31	5ba1b6895d40	5ba1b67acf90	30	7ffc3ab8e810	5ba40c61b67d	5ba1b67ad160	40	7c	7e432de1ac98	7e432de1ac80	5ba1b67ad190	5ba1b67ad
3.266112	9bb2b	5ba1b62f4820	5ba1b6fff140	5ba1b6fffc50	76	66	80	48ad	7ffc3ab91b20	19	10	2	3b0	7ffc3ab95fb0	7e432daff010	3181	7ffc3ab91d00
3.279183	22a18859d16f	8c0	7e432de1ac80	53	5ba1b65e2540	7e432de1b200	0	7e432de1b210	7ffc3ab91570	0	0	5ba1b65e2e00	7e432de1ace0	ffffffffffffff88	540	5ba1b626f010	52
3.291969	9b89c	5ba1b62f4920	fffffffffffffcd9	5ba1b7263ce0	0	b711	3ff	dbfb	7ffc3ab91b20	10d	0	1	10d	7ffc3ab95fb0	7e432daff010	413d	7ffc3ab91d00
3.297403	9278c	4fdd	7ffc3ab95fb0	0	1c2	5ba1b6f77e80	1ff	8000000000000001	7ffc3ab91320	20	0	37	f9b6f7b07e9e2c91	4fdd	8000000000000001	5560	7ffc3ab91438
3.303116	95e64	35846fa2e469199f	7ffc3ab90758	c3bfabcc1c46e9b5	c8f66299d3fdf7d3	c7b67d3719a21664	1000000000000000	7ffc3ab95fb0	7ffc3ab90750	8	0	c38964fbd83733cc	e7243d7fb15159e2	8000000000000001	b33f	78	7ffc3ab90750
3.310678	9b720	7e432daff010	1	377cc0	8000000000000002	100d2	7e432dedc010	67c0	7ffc3ab91b20	5ba1b63d9890	0	1	4114341e0c03521b	7ffc3ab95fb0	7e432daff010	1f1b	7ffc3ab91d00
3.317839	9a68d	5ba1b694f5c0	7ffc3ab83d00	35d1	38	5ba1b694f550	5ba1b694f5c0	7	7ffc3ab83ca0	0	5ba1b694f5c0	5ba1b6952bc0	7e432de1ace0	7	5ba1b694f5c0	5ba1b694f520	5ba1b694f590
3.330696	22a18859a910	5ba1b65c9b60	5ba1b67d2560	31	0	5ba1b65c9b60	5ba1b67d2560	cf0	7ffc3ab8d610	5ba40c665553	5ba1b67d3280	30	7c	7e432de1aca0	7e432de1ac80	5ba1b67d3250	5ba1b67d3
3.345934	92bf2	7e432ccfc010	7ffc3ab95fb0	353dc0	8000000000000002	100d2	7ffc3ab8b700	d4f7	7ffc3ab8b6e0	0	5ba1b6f25590	5ba1b6f256a0	7e432de1ace0	7e432d04fdd0	8000000000000001	5ba1b6f253d0	7ffc3ab8b828
3.356650	9b720	7e432daff010	1	316380	8000000000000002	100d2	7e432dedc010	c58d	7ffc3ab91b20	5ba1b6700b80	1	1	4114341e0c03521b	7ffc3ab95fb0	7e432daff010	3e88	7ffc3ab91d00
3.363997	94c7d	7e432ccfc010	7ffc3ab95fb0	7ffc3ab918b0	0	100d2	7e432ccfc010	8000000000000001	7ffc3ab891e0	7ffc3ab919c0	4d	7ffc3ab918b0	7e1e7ceb55aabc74	81	7ffc3ab919c0	0	4d
3.369189	92bf2	7e432ccfc010	7ffc3ab95fb0	162b40	8000000000000002	100d2	7ffc3ab90380	58ad	7ffc3ab90360	0	5ba1b62e1c10	5ba1b62e1f50	7e432de1ace0	7e432ce5eb50	8000000000000001	5ba1b62e1be0	7ffc3ab90478
3.378611	22a18859b7c1	0	ffffffffffffff50	5ba40c7be9d8	5ba1b6608fd0	5ba1b626f010	7	5ba1b6608fa0	7ffc3ab91ac0	5ba1b6608fb0	0	1	4114341e0c03521b	7e432de1ac80	0	5ba1b6608fd0	5ba1b62dea30
3.390766	9b888	5ba1b62f4ac0	94d049bb133111eb	5ba1b6fe7490	0	fac0	1ff	ef3a	7ffc3ab91b20	78	0	1	78	7ffc3ab95fb0	7e432daff010	953	7ffc3ab91d00
3.402767	93109	5ba1b6f8d630	7ffc3ab95fb0	1ff	bf58476d1ce4e5b9	94d049bb133111eb	58b39b11a09cfce9	69	7ffc3ab8cc60	58a805aa4078192a	5ba1b701de60	5ba1b701df00	7e432de1ace0	5ba1b62f4fa0	aa0	d2c304c30356885a	7ffc3ab8cdb8
3.414805	22a18859d35c	570	7e432de1ac80	40	5ba1b643b410	5ba1b643b440	0	28	7ffc3ab90570	0	0	5ba1b643b9b0	7e432de1ace0	ffffffffffffff88	30	5ba1b626f010	1
3.425519	22a18859a87f	5ba1b6371c80	5ba1b63e23e0	7e432de1aca0	40	5ba1b6371c80	5ba1b63e23b0	40	7ffc3ab8c1d0	5ba40c2547b2	5ba1b63e23e0	30	7c	7e432de1aca0	7e432de1ac80	5ba1b63e23e0	5ba1b63e2
3.436727	93a3c	8000000000000002	ac	5ba1b68c9d80	200700	100d2	7e432ccfc010	7ffc3ab95fb0	7ffc3ab8ed40	8	0	c94c5a594f346940	5f24b25374a13574	8000000000000001	9d36	801c	7ffc3ab91dd0
3.451312	92bf2	7e432ccfc010	7ffc3ab95fb0	12d6c0	8000000000000002	100d2	7ffc3ab8c170	4b5b	7ffc3ab8c150	0	5ba1b6888240	5ba1b68882e0	7e432de1ace0	7e432ce296d0	8000000000000001	5ba1b6888210	7ffc3ab8c268
3.463340	92bf2	7e432ccfc010	7ffc3ab95fb0	b2a80	8000000000000002	100d2	7ffc3ab8e450	2caa	7ffc3ab8e430	0	5ba1b6fc2b00	5ba1b6fc2bf0	7e432de1ace0	7e432cdaea90	8000000000000001	5ba1b6fc2a00	7ffc3ab8e548
3.477646	99720	0	7ffc3ab90eb8	1	0	7ffc3ab90eb0	7ffc3ab90eb8	5ba1b653afb0	7ffc3ab90eb0	8	0	c375352f83bdfe9	1b8b88ba4a75c9b4	ffffff00	2a0	5ba1b65357f0	7ffc3ab90eb0
3.486772	22a18859a814	5ba1b67f8bc0	5ba1b6544480	40	1	5ba1b67f8bc0	5ba1b67f8c30	30	7ffc3ab8b690	5ba40c4f21b4	5ba1b65444f0	40	7c	7e432de1ac98	7e432de1ac80	5ba1b65444b0	5ba1b6544
3.496561	9b7ca	5ba1b62f5dc0	1	0	0	8000000000000001	18c0	f4fb	7ffc3ab91b20	5ba1b64ba5a0	5ba1b62f4500	1	4114341e0c03521b	7ffc3ab95fb0	7e432daff010	4257	7ffc3ab91d00
3.511298	22a18859a8d1	5ba1b6613ae0	5ba1b6613bb0	31	60	5ba1b6613ae0	5ba1b6613bb0	90	7ffc3ab8b210	5ba40c7a5a53	5ba1b6613c40	30	7c	7e432de1ac98	7e432de1ac80	5ba1b6613c40	5ba1b6613
3.522124	9b2cd	fffffffffffffffc	5ba1b636e160	23df6	ba	5ba1b636e190	4	bf52	7ffc3ab91b10	3	2	2	5d0	7e432d7dbfc0	5ba1b62dcc90	420d	5ba1b62dea30
3.536436	9bb49	5ba1b62f5480	5ba1b6cb4c01	5ba1b6cb6460	102	f2	3cff	2614	7ffc3ab91b20	3	2	4	810	7ffc3ab95fb0	5ba1b62dcc90	c50	7ffc3ab91d00
3.549755	9a6bb	5ba1b7042fc0	7e432d734938	ef25	188	100d2	7e432d734938	4fb7	7ffc3ab91b10	2	1	2	c40	7e432d734938	5ba1b62dcc90	3f94	5ba1b62dea30
3.559480	22a18859d741	5ba1b68b9d70	7e432de1ac80	7e432de1b460	7e432de1b470	1000	1	7e432de1ad90	7ffc3ab8b1d0	0	0	7e432de1ad90	7e432de1ace0	ffffffffffffff88	10820	5ba1b626f010	1080
3.566393	92ad1	5ba1b6371210	7ffc3ab95fb0	7e432d6bd010	16c8	100d2	798	8000000000000001	7ffc3ab90d80	0	fdfb	22	3ffbef8f4ff6d33d	7e432d6c8650	7e432d6bd010	c572	5ba1b6371270
3.574030	9a6bb	5ba1b62dcc90	7e432d72f988	e52f	8000000000000002	100d2	7e432d72f988	4c65	7ffc3ab89990	0	5ba1b661b1b0	5ba1b661db70	7e432de1ace0	7e432d72f988	8000000000000001	5ba1b661b0b0	7ffc3ab89af8
3.582461	22a18859ce2f	40	7e432de1ac80	20	7e432de1ad20	7e432de1ad10	5b	38	7ffc3ab8f770	0	5ba1b63c9770	5ba1b63c9910	7e432de1ace0	ffffffffffffff88	40	4	2
3.593699	9bc13	1	1	7e432dedc010	5ba1b642ee20	5ba1b626f010	7	4444	7ffc3ab91b20	5ba1b642ee00	10	1	4114341e0c03521b	100d2	7e432daff010	57e0	7ffc3ab91d00
3.600862	93bc1	f4e73894b3f7039e	7ffc3ab8e378	381923b835307120	8025de98a0e83858	df017ac8ae154765	1100000000000000	5ba1b657ace0	7ffc3ab8e370	0	1	bf39f45b43dc1961	4d8f6bdb61feb0ff	ffff7f80	170	5ba1b6577c70	7ffc3ab8e370
3.609725	9bb49	5ba1b62f47e0	5ba1b7275901	5ba1b7277a40	159	149	7eff	1f1d	7ffc3ab91b20	3	1	1	ac8	7ffc3ab95fb0	5ba1b62dcc90	28ae	7ffc3ab91d00
3.616648	99e2d	64fe9b3006cb42d1	4b2	2d1	2d1	ea2d91c837747167	fff	5ba1b68ca050	7ffc3ab886a0	8	0	7977efe25f7b797f	7b274f957f3bf241	fffffefe	2d0	2d1	5ba1b6eebde0
3.622749	9a6cd	5ba1b66295c0	7e432d7af8d8	5ba40c79f0a9	5ba1b6629680	5ba1b626f010	7	a1b3	7ffc3ab91b10	5ba1b6629620	10	4004	4114341e0c03521b	7e432d7af8d8	5ba1b62dcc90	1	5ba1b62dea30
3.631136	93af5	35	7ffc3ab8fbf8	1	8	7ffc3ab8fbf0	7ffc3ab8fbf8	5ba1b6780fb0	7ffc3ab8fbf0	8	0	dafbcb868df51d6	8a3291d5e060a2bc	ffff9000	a0	5ba1b677f970	7ffc3ab8fbf0
3.642277	9b89c	5ba1b62f47e0	fffffffffffff643	5ba1b7277a40	e7a0	0	3ff	a440	7ffc3ab91b20	33f	0	1	33f	7ffc3ab95fb0	7e432daff010	4881	7ffc3ab91d00
3.651397	996ea	0	7ffc3ab8e4b8	1227488cfc2581d	8	7ffc3ab8e4b0	7ffc3ab8e4b8	5ba1b6eebf50	7ffc3ab8e4b0	1128628bd8d25203	0	e842f19fe82e1310	180345526a53d161	ffffffff	170	5ba1b6ee8fc0	7ffc3ab8e4b0
3.656813	99288	7e432d6bd010	cfaa	7e432d6bd010	f01	100d2	26efe	7ffc3ab91b01	7ffc3ab89480	8	0	7ffc3ab91ca0	8000000000000001	0	1	0	7ffc3ab95fb0
3.670362	93a3c	8000000000000002	7ffc3ab95fb0	81	2b6e40	100d2	7e432ccfc010	8000000000000001	7ffc3ab90c50	7ffc3ab91960	6	7ffc3ab918b0	7e1e7ceb55aabc74	81	7ffc3ab91960	adb9	6
3.682764	9993f	380	b6ad	49	fff	390	1	0	7ffc3ab90e70	e0db	0	5ba1b6efc600	0	390	1	7ffc3ab90ef0	7ffc3ab91b90
3.697414	928f3	0	7ffc3ab95fb0	a590	ae	5ba1b6879e90	1ff	8000000000000001	7ffc3ab8f510	0	ffff	11	8d1b48ee07b2c4a6	0	8000000000000001	b442	7ffc3ab8f628
3.708823	9b86f	5ba1b62f5500	94d049bb133111eb	5ba1b6c6f5a0	e71	0	1ff	fa92	7ffc3ab91b20	164	0	37	9e3779b97f4a7c15	7ffc3ab95fb0	7e432daff010	2c0d	7ffc3ab91d00
3.723811	92bb4	5e0	7ffc3ab95fb0	5ba1b7315a00	5ba1b6be3fb0	100d2	1045	8000000000000001	7ffc3ab8ea80	0	5ba1b6be3fe0	5ba1b6c04e10	7e432de1ace0	9d4c	8000000000000001	5ba1b6be3f40	7ffc3ab8ebc8
3.737255	93a3c	8000000000000002	fc	5ba1b6c25260	2d0640	100d2	7e432ccfc010	7ffc3ab95fb0	7ffc3ab914a0	8	0	b7416926bfc536cb	e3a0d4ac487d953f	8000000000000001	2095	b419	7ffc3ab91dd0
3.742720	9b89c	5ba1b62f4540	fffffffffffffe1a	5ba1b68303f0	cf3b	569e	ff	ab04	7ffc3ab91b20	a2	0	1	a2	7ffc3ab95fb0	7e432daff010	42a4	7ffc3ab91d00
3.757629	93a3c	8000000000000002	7ffc3ab916a0	5ba1b69044f0	353740	100d2	7e432ccfc010	7ffc3ab7cd20	7ffc3ab7cbd0	270b	0	dafbcb86fdbe100	8a20e9e146161230	8000000000000000	d4dd	7ffc3ab91dd8	7ffc3ab95fb0
3.768090	92ce2	7e432ccfc010	7ffc3ab95fb0	4adfc0	5ba1b6dbff30	7ffc3ab85d60	7ffc3ab85c20	8000000000000001	7ffc3ab85c00	0	5ba1b6dbff60	5ba1b6e9cbb0	7e432de1ace0	12b7f	8000000000000001	5ba1b6dbfec0	12b7f
3.776788	92908	0	7ffc3ab95fb0	0	c2	17f26	17f25	8000000000000001	7ffc3ab83fe0	20	8b00	6	5ba1b69a6e10	7ffc3ab920d8	8000000000000001	10e	7ffc3ab84140
3.788774	99049	5ba1b7548a70	856	fffffd80	ffffffffffff98a0	665	1fff	5ba1b75490e0	7ffc3ab80550	8	0	dafbcb86fe3627f	8a309e04123f94af	fffffdc0	670	ffffffffffff9890	5ba1b7591750
3.796888	99049	5ba1b78581d0	7f6	ffff9ec0	ffffffffffff8db0	714	1fff	5ba1b78588f0	7ffc3ab899d0	8	0	dafbcb86e29357f	8a365223187946cc	ffff9ed0	720	ffffffffffff8db0	5ba1b78791f0
3.803492	22a18859d870	0	7e432de1ac80	41	6fd1	5ba1b78ee030	0	38	7ffc3ab7e260	0	5ba1b78ee000	2	7e432de1ace0	ffffffffffffff88	40	4	2
3.816644	9b839	5ba1b62f5b20	94d049bb133111eb	467d1d1029f86b4c	9068	0	1620	9069	7ffc3ab914e0	8e3f38ff3ea4c850	5ba1b62f4500	9f671dfc80989f03	9e3779b97f4a7c15	7ffc3ab95fb0	7e432d7fd010	2	7ffc3ab91628
3.822979	9b89c	5ba1b62f6240	fffffffffffffdba	5ba1b6f3cdf0	0	15b6a	1ff	15b6b	7ffc3ab914e0	c2	0	1	c2	7ffc3ab95fb0	7e432d7fd010	f24f	7ffc3ab916c0
3.834885	afab8	ffffffffffffffbf	7fff	5ba40c4568c0	5ba1b65e0b50	5ba1b626f010	9	ffff6000	7ffc3ab92410	5ba1b6390d20	0	b9ca560b481ef693	4114341e0c03521b	5ba1b7be8290	5ba1b7c73d20	0	36e0
3.843690	22a18859a896	5ba1b6710400	5ba1b6c68240	41	50	5ba1b6710400	5ba1b67ebb70	50	7ffc3ab92300	5ba40c5a4d78	5ba40c5a4d78	50	4114341e0c03521b	7e432de1aca8	7e432de1ac80	5ba1b6c68290	5ba1b6c68
3.851810	93a3c	8000000000000002	8000000000000000	5ba1b7b43670	157600	25849	7e432bcfb010	7ffc3ab95fb0	7ffc3ab76090	8	0	a79d39ec22d99266	2b7523789f9b45df	7e432bcfb010	55d8	25849	55d8
3.857351	b8ef9	7ffc3ab72590	7ffc3ab72600	0	0	25849	7ffc3ab72600	7ffc3ab95fb0	7ffc3ab72490	108	7ffc3ab92e70	0	bb5d28b9e4a11569	107	7ffc3ab92e70	0	7ffc3ab92e70
3.867458	22a18869992c	5ba1b7bd96f0	7ffc3ab682d0	397f91	48	5ba1b6641730	5ba1b7bd96f0	9	7ffc3ab67fd8	0	5ba1b7bd96f0	5ba1b7f716c0	7e432de1ace0	9	5ba1b6641730	5ba1b7bd96f0	7ffc3ab92e70
3.880293	93a22	1594a	8000000000000000	5ba1b90016f0	d939	25849	7e432bcfb010	7ffc3ab95fb0	7ffc3ab8a238	8	0	c1c173b2091cab8d	c065c1089a3db227	7e432bcfb010	d939	25849	248ad
3.888657	94568	4f4d53359301e83	159	184b36854b13efa6	8	7ffc3ab68540	7ffc3ab68548	9	7ffc3ab68530	0	0	9084d1a15afae9c9	45ffb6edcd90f7d6	9	5ba1b9057340	7ffc3ab68698	7ffc3ab68540
3.899005	22a18869991d	7e432b564fa8	5ba1b9016c30	15536	58	5ba1b88ac688	7e432b564fa8	ffffffc0	7ffc3ab73328	7e432bcba010	0	8a91ddb8c75f46a9	beabb856538bb388	962f	15540	fffffffffffeaab9	ffffff80
3.908035	22a18869991d	7e432b28df80	5ba1b901f060	1d965	58	5ba1b85d5608	7e432b28df80	ffffffc0	7ffc3ab73328	7e432bcba010	0	e49e6c141e34c71b	2019ef8e1b235efc	2216	1d970	fffffffffffe2689	ffffff80
3.913570	22a18869991d	7e432a6faee0	5ba1b9020b20	3f421	58	5ba1b85425c0	7e432a6faee0	fffffffe	7ffc3ab73328	7e432bcba010	0	4ac21382b2b2fadd	deeb6e83cf9e9092	a2f	1f430	fffffffffffe0bce	fffffffc
3.926512	9444b	1a849	7ffc3ab696b8	1227488cfc2581d	8	7ffc3ab696b0	7ffc3ab696b8	7ffc3ab95fb0	7ffc3ab696a0	1128628bd8d25203	7ffc3ab92e70	c2bdd48fc9a3214f	9413104c226416c7	150	1a849	7ffc3ab69808	7ffc3ab696b0
3.939609	22a18859d870	0	7e432de1ac80	51	10fd1	5ba1b915a030	0	48	7ffc3ab8fe40	48	5ba1b9159ff0	9	7e432de1ace0	ffffffffffffff88	50	5	3
3.946175	b8c70	7e432d0bc010	7ffc3ab78e30	295ef	dca5	25849	7ffc3ab78e30	7ffc3ab95fb0	7ffc3ab78b40	d2	7ffc3ab92e70	dafb5f6a81be7c08	9055fd894ef8bde3	d1	dca5	0	bf16
3.951860	b97b5	9	7ffc3ab778e0	9	5ba1b93c5d10	b	5ba1b93c5d70	b	7ffc3ab775f0	48	7ffc3ab92e70	9	10141	9	8000000000000000	5ba1b93c5d10	7ffc3ab92e70
3.965265	22a18869991d	7e4329024e50	7e432bcba3b0	40397	58	7e432bca5e50	7e4329024e50	ffffb880	7ffc3ab7e378	7e432a639010	0	63faabf64c2a490a	7df5f443eda7348f	37cbd	3a0	fffffffffffffc58	ffffb800
3.973532	22a18869991d	7e4328f54fd8	7e432bcbc980	42964	58	7e432bbd5fd8	7e4328f54fd8	fffffff0	7ffc3ab7e378	7e432a639010	0	c47d63f7bdb0f949	b7a7ff453b4ba0ea	35c4b	2970	ffffffffffffd68b	ffffffe0
3.988697	22a18869991d	7e432a3f1e58	7e432bcc0a10	69f4	58	7e432ba72e00	7e432a3f1e58	ffffffe0	7ffc3ab7e378	7e432a639010	0	cc8ff5a822b4b456	d0959693a9e95a63	32435	6a00	ffffffffffff95fa	ffffffc0
3.997856	22a18869991d	7e4328d16f30	7e432bcc31e0	491c3	58	7e432b997f30	7e4328d16f30	ffffd6f8	7ffc3ab7e378	7e432a639010	0	ae8f3139a4f9a5be	ec5dcdb697988e3a	30168	91d0	ffffffffffff6e2c	ffffd6f0
4.011810	22a18869991d	7e4328bd4f68	7e432bcc6c60	4cc4e	58	7e432b855f68	7e4328bd4f68	ffffc000	7ffc3ab7e378	7e432a639010	0	6ec86ff845c38a9d	6a674190c863e53d	2cddb	cc50	ffffffffffff33a1	ffff8000
4.017460	22a18869991d	7e432a152fb8	7e432bcc8410	e3f0	58	7e432b7d3fb8	7e432a152fb8	ffff5fff	7ffc3ab7e378	7e432a639010	0	bfec29c1851da76d	878c83db5bb5c41b	2b931	e400	ffffffffffff1bff	ffff5ffe
4.030010	22a18869991d	7e4328a16fd8	7e432bccbd80	51d64	58	7e432b697fd8	7e4328a16fd8	fffffff0	7ffc3ab7e378	7e432a639010	0	7e9df703cf0e1883	4b7f2055e502ce13	287dc	11d70	fffffffffffee28b	ffffffe0
4.039068	22a18869991d	7e4329f45f80	7e432bcce380	14365	58	7e432b5c6f80	7e4329f45f80	ffffffe0	7ffc3ab7e378	7e432a639010	0	b1abde4c562c314	16a00ce2d610b09e	26619	14370	fffffffffffebc8a	ffffffc0
4.046001	22a18869991d	7e4329ea0fd8	7e432bcd0180	16164	58	7e432b521fd8	7e4329ea0fd8	fffffff0	7ffc3ab7e378	7e432a639010	0	d10f85f4aa8280	eb194bcca657fd2e	24c41	16170	fffffffffffe9e8b	ffffffe0
4.057591	996d9	1a86a	7ffc3ab7e318	1227488cfc2581d	eb51448e1a8f914e	654d06e9a1a63770	872823eb74eae32f	ffffcfc0	7ffc3ab7e310	1128628bd8d25203	0	9e7ef5196b132504	992437fd9920ef2a	21ae3	19940	7e432b3eefa8	ffffcfc0
4.070858	22a18869991d	7e4329c10fc8	7e432bcd78c0	1d8aa	58	7e432b291fc8	7e4329c10fc8	fffffc00	7ffc3ab7e378	7e432a639010	0	6451187be97428b5	ab934cce8f8ca701	1e303	1d8b0	fffffffffffe2745	fffff800
4.079265	22a18869991d	7e4328535f40	7e432bcda090	6007d	58	7e432b1b6ee8	7e4328535f40	ffff4000	7ffc3ab7e378	7e432a639010	0	52dd3d2cca2150bf	34848e64c590289a	1bf82	20080	fffffffffffdff71	ffff0000
4.087747	22a18869991d	7e4328454fd8	7e432bcdc980	62964	58	7e432b0d5fd8	7e4328454fd8	ffffffd0	7ffc3ab7e378	7e432a639010	0	ff8c1e384000707d	809ec2f7ca21400d	19b54	22970	fffffffffffdd68b	ffffffc0
4.097863	22a18869991d	7e432836cea8	7e432bcdf3b0	65396	58	7e432afedea8	7e432836cea8	fffff9c0	7ffc3ab7e378	7e432a639010	0	92e397b194fe55bc	ead15af802e2b014	176ee	253a0	fffffffffffdac59	fffff980
4.111641	22a18869991d	7e4329824ea0	7e432bce2f50	28f39	58	7e432aea5ea0	7e4329824ea0	ffffbe00	7ffc3ab7e378	7e432a639010	0	58433f956961dba0	b68e17f2c8189cd7	1425c	28f40	fffffffffffd70b6	ffffbc00
4.122223	22a18869991d	7e4328105bb8	7e432bce6390	6c370	58	7e432ad86b60	7e4328105bb8	ffffff1e	7ffc3ab7e378	7e432a639010	0	751ffcd242bea23b	6c0a2aa55df91ceb	1151b	2c380	fffffffffffd3c7e	ffffff1c
4.134871	22a18869991d	7e4327fbafb0	7e432bce9fb0	6ff93	58	7e432ac3bfb0	7e4327fbafb0	ffff3bf8	7ffc3ab7e378	7e432a639010	0	492269bd75cd2a1f	1192da9413f67d50	e16c	2ffa0	fffffffffffd005c	ffff3bf0
4.140493	22a18869991d	7e4329528f38	7e432bceba40	31a20	58	7e432aba9f38	7e4329528f38	ffff9fff	7ffc3ab7e378	7e432a639010	0	c7dac0bb0110ce29	a86736f20f23836	c9d1	31a30	fffffffffffce5cf	ffff9ffe
4.145895	22a18869991d	7e4327e97ff0	7e432bced490	7347b	58	7e432ab18ff0	7e4327e97ff0	fffff800	7ffc3ab7e378	7e432a639010	0	3dfaf06a20bc8e2e	7d7fc6f86b2862fb	b2a1	33480	fffffffffffccb74	fffff000
4.151176	22a18869991d	7e432940beb0	7e432bceee10	34df3	58	7e432aa8ceb0	7e432940beb0	ffffff98	7ffc3ab7e378	7e432a639010	0	8b63824164c3e4f7	7968c8e63a0ecda7	9c9d	34e00	fffffffffffcb1fc	ffffff90
4.157039	22a18869991d	7e4327d7ef58	7e432bcf07b0	76794	58	7e432a9fff58	7e4327d7ef58	ffffec30	7ffc3ab7e378	7e432a639010	0	8258254817ef83df	c97703017ed8922f	85c9	367a0	fffffffffffc985b	ffffec20
4.167274	22a18869991d	7e4327c7cc28	7e432bcf36a0	79686	58	7e432a8fdc28	7e4327c7cc28	ffffffc0	7ffc3ab7e378	7e432a639010	0	c8f1a85d0d5efa93	d1ae9ce9107e5607	5c7c	39690	fffffffffffc6969	ffffff80
4.181757	22a18869991d	7e4327b3cfc8	7e432bcf70c0	7d0aa	58	7e432a7bdfc8	7e4327b3cfc8	fffffc00	7ffc3ab7e378	7e432a639010	0	bb9427ef55f03fa7	f6878fcf72e7bbcb	2962	3d0b0	fffffffffffc2f45	fffff800
4.189018	22a18869991d	7e4327a8af20	7e432bcf9120	7f109	58	7e432a70bf20	7e4327a8af20	fffffe00	7ffc3ab7e378	7e432a639010	0	e86b9cf5cbbe3d10	fc6b9daf6c09040d	cf5	3f110	fffffffffffc0ee6	fffffc00
4.199281	b8ddc	1e	8000000000000001	8000000000000001	425c80	25849	7e432c120c90	7ffc3ab95fb0	7ffc3ab8e800	8	0	c016dd91e8f5ed42	32a162771ad2c357	7e432bcfb010	10972	25849	10972
4.209614	22a18859d870	0	7e432de1ac80	51	14ff1	5ba1b9ba6010	0	48	7ffc3ab8f0b0	9	5ba1b9ba5fd0	9	7e432de1ace0	ffffffffffffff88	50	5	3
4.220725	b99fb	7e432a639010	7ffc3ab8be60	fffffffffd76a280	35	fffffffffff89ef0	76100	9	7ffc3ab8bb70	6e41	9	9	90aca1c3189dc58f	9	76110	5ba1ba12c8a0	7ffc3ab92e70
4.226682	22a18859d870	0	7e432de1ac80	51	1fc1	5ba1ba43b040	0	48	7ffc3ab642d0	9	5ba1ba43b000	9	7e432de1ace0	ffffffffffffff88	50	5	3
4.237438	9455a	f569c316d45bde77	23a7e	eb51448e1a8f914e	8	7ffc3ab7c4f0	7ffc3ab7c4f8	9	7ffc3ab7c4e0	0	0	1227488cfc2581d	1128628bd8d0687d	0	8000000000000000	7ffc3ab7c648	7ffc3ab7c4f0
4.246756	22a18859e3c2	51	ffffffffffffff50	8	8	5ba1b9933a70	5ba1b9933a80	7e4329e87ca0	7ffc3ab923e0	5ba1b7da5910	9	0	4114341e0c03521b	7e432a64f620	fffffc00	4dd27	7e4329e88010
4.261815	22a18859e3c2	51	ffffffffffffff50	8	8	5ba1b811d350	5ba1b811d360	7e43290c15d8	7ffc3ab923e0	5ba1b93840e0	9	0	4114341e0c03521b	7e432a677750	ffffffe0	30535	7e43290c1790
4.273697	22a18859e3c2	51	ffffffffffffff50	8	8	5ba1b96b1020	5ba1b96b1030	7e432860b4b0	7ffc3ab923e0	5ba1b9bb0670	9	0	4114341e0c03521b	7e432a6969e0	ffff7f70	194cd	7e432860b610
4.280924	22a18859b721	51	50	3	7	5ba1b626f010	7	5ba1ba890d90	7ffc3ab92370	5ba1ba890da0	9	0	4114341e0c03521b	7e432de1ac80	0	5ba1ba890de0	7e4327fd7410
4.288212	22a18859e3c2	51	ffffffffffffff50	8	8	5ba1b64affb0	5ba1b64affc0	7e4327ae1b88	7ffc3ab923e0	5ba1b96621b0	9	0	4114341e0c03521b	7e432a6b7170	ffff7ff8	171a	7e4327ae1c90
4.302246	22a18859a709	5ba1b9cc4da0	5ba1b8699f50	51	5ba1ba8a84c0	5ba1b9cc4da0	5ba1b8699f50	a0	7ffc3ab6d650	5ba402fa4b89	5ba1b8e1cd10	50	7c	7e432de1aca8	7e432de1ac80	5ba1b8699ff0	5ba1b8699
4.314941	22a18859a806	5ba1b7ef70b0	5ba1ba587670	51	1	5ba1b7ef70b0	5ba1ba688e60	50	7ffc3ab6d660	5ba40043d3a7	5ba1ba587620	50	7c	7e432de1aca8	7e432de1ac80	5ba1ba5876c0	5ba1ba587
4.323399	22a18859a70f	5ba1b8246010	5ba1b7ba02f0	141	5ba1ba56f3e0	5ba1b8246010	5ba1b7ba02f0	190	7ffc3ab6d650	5ba4034a2050	5ba1b9515bf0	50	7c	7e432de1aca8	7e432de1ac80	5ba1b7ba0480	5ba1b7ba0
4.336794	22a18859a709	5ba1b8f28100	5ba1b8eefda0	1e1	5ba1b9eb0420	5ba1b8f28100	5ba1b8eefda0	230	7ffc3ab6d650	5ba4027422ff	5ba1b86fac10	f0	7c	7e432de1aca8	7e432de1ac80	5ba1b8eeffd0	5ba1b8eef
4.346538	22a18859a84a	5ba1b644d710	5ba1ba8be820	51	a1	5ba1b644d710	5ba1ba8be870	a0	7ffc3ab6d660	5ba4036de6be	5ba1b9764e00	50	7c	7e432de1aca8	7e432de1ac80	5ba1ba8be8c0	5ba1ba8be
4.352864	22a18859a806	5ba1b9db2dd0	5ba1ba02f430	a1	1	5ba1b9db2dd0	5ba1b8857090	50	7ffc3ab6d660	5ba4001953cf	5ba1ba02f3e0	a0	7c	7e432de1aca8	7e432de1ac80	5ba1ba02f480	5ba1ba02f
4.366339	22a18859a709	5ba1b63ab190	5ba1b7c0aab0	24e1	5ba1b86465d0	5ba1b63ab190	5ba1b7c0aab0	2530	7ffc3ab6d650	5ba40c8ba37c	5ba1b690df70	11710	7c	7e432de1aca8	7e432de1ac80	5ba1b7c0cfe0	5ba1b7c0c
4.381542	9b2e7	0	5ba1b6edd860	5ba40cf6b78d	5ba1b6edd950	5ba1b626f010	7	cae9	7ffc3ab921b0	5ba1b6edd890	0	2	4114341e0c03521b	7e432d1ec5e8	5ba1b62dcc90	3	5ba1b62dea30
4.392297	22a18859b754	0	40	2	7	5ba1b626f010	7	5ba1b66d8b50	7ffc3ab92110	5ba1b66d8b60	0	1	4114341e0c03521b	7e432de1ac80	0	5ba1b66d8b90	5ba1b62dea30
4.402781	a938d	1ba94	7ffc3ab916a0	5	7ffc3ab91ed8	0	7ffc3ab95fb0	1ba94	7ffc3ab81860	0	8d70	0	fffffffffffcc2b0	7ffc3ab91ed8	8000000000000001	10e	7ffc3ab95fb0
4.410379	22a18859c986	4f	7e432de1ac80	0	5ba1b626f010	38	7e432de1ac80	38	7ffc3ab8a000	0	5ba1b6573b40	5ba1b6576b60	7e432de1ace0	2	7e432d0bc010	5ba1b6573a70	5ba1b6573b40
4.423890	22a18859cdfa	31	7e432de1ac80	20	7e432de1ad20	7e432de1ad10	5b	38	7ffc3ab7e260	0	5ba1b6529c70	5ba1b652c310	7e432de1ace0	2	40	4	5ba1b6529c70
4.429155	9b784	7e432c0f8290	1	eb	7ffc3ab91548	8000000000000001	5ba1b6ba1d90	ff4a	7ffc3ab914e0	5ba1b632e330	10	80	4114341e0c03521b	7ffc3ab95fb0	7e432d7fd010	5	7ffc3ab91628
4.440714	9b89c	5ba1b62f5520	fffffffffffffdc3	5ba1b65f0880	4f45	0	1ff	4f46	7ffc3ab91b20	bd	0	4	bf	7ffc3ab95fb0	7e432d7fd010	38f8	7ffc3ab91d00
4.448716	92bf2	7e432bcfb010	7ffc3ab95fb0	389c0	8000000000000002	25849	7ffc3ab88e60	e27	7ffc3ab88e40	0	5ba1b691bde0	5ba1b691d950	7e432de1ace0	7e432bd339d0	8000000000000001	5ba1b691bc80	7ffc3ab88f98
4.456191	94219	b3b46b90e899ddad	207	dad	1	fc1096ce69ccd41b	fff	5ba1b71944f0	7ffc3ab89440	0	1	b94e1142b3283bcb	8ed5c0ad468fdabf	ffff8000	5a0	5af	5ba1b706c150
4.471414	93bba	d309985356396eb2	7ffc3ab8e298	94fdeabd52bbf0d1	8cba1ce5db267497	30d9d999e850acde	1100000000000000	5ba1b65f9d00	7ffc3ab8e290	0	1	a00664bd938d3a38	d70fb48a6844498f	fffffffe	30	5ba1b65f9690	7ffc3ab8e290
4.478342	9a6b7	5ba1b66a1c10	7e432d18a080	19c0e	b9	25849	7e432d18a080	895a	7ffc3ab91b10	2	0	2	5c8	7e432d18a080	5ba1b62dcc90	3b99	5ba1b62dea30
4.488355	93a3c	8000000000000002	7ffc3ab95fb0	3f	207a00	25849	7e432bcfb010	8000000000000001	7ffc3ab89c50	7ffc3ab919c0	47	a7301c822b778134	523f5cc47d3410f	81	7ffc3ab919c0	81e8	47
4.495757	9bc0e	1	1	7e432d9fe010	5ba1b68913c0	5ba1b626f010	7	e313	7ffc3ab91b20	5ba1b68913a0	1	1	4114341e0c03521b	25849	7e432d7fd010	2a7	7ffc3ab91d00
4.508684	22a18859b6e6	ffffffffffffff88	30	1	0	5ba1b626f010	7	5ba1b6d3f890	7ffc3ab91a70	5ba1b6d3f8d0	7	1	4114341e0c03521b	7e432de1ac80	0	42c6	5ba1b62dea30
4.515350	9458e	734e598ba073cb76	10a69	92bb6905b8728208	8	7ffc3ab8c5b0	7ffc3ab8c5b8	5ba1b94db8e0	7ffc3ab8c5a0	8	0	dafbcb861721ef4	8a1b389461411f50	fffffff0	d60	5ba1b94bfee0	7ffc3ab8c5b0
4.522002	9a68d	5ba1b6844b10	7ffc3ab87260	14d1	38	5ba1b6844aa0	5ba1b6844b10	7	7ffc3ab87200	0	5ba1b6844b10	5ba1b6846010	7e432de1ace0	7	5ba1b6844b10	5ba1b6844a70	5ba1b6844ae0
4.534670	9a68d	5ba1b64f8b50	7ffc3ab8ac20	5f1	38	5ba1b64f89c0	5ba1b64f8b50	7	7ffc3ab8abc0	0	5ba1b64f8b50	5ba1b64f9170	7e432de1ace0	7	5ba1b64f8b50	5ba1b64f8990	5ba1b64f8b20
4.545427	22a18859b7bc	0	3	5ba40d03e3f9	5ba1b7189270	5ba1b626f010	7	5ba1b7189240	7ffc3ab91a70	5ba1b7189250	0	1	4114341e0c03521b	7e432de1ac80	0	5ba1b7189270	5ba1b62dea30
4.550850	92bf2	7e432bcfb010	7ffc3ab95fb0	9a6c0	8000000000000002	25849	7ffc3ab8cd60	269b	7ffc3ab8cd40	0	5ba1b6fee010	5ba1b6fee180	7e432de1ace0	7e432bd956d0	8000000000000001	5ba1b6fedf10	7ffc3ab8ce98
4.556833	95e3b	0	7ffc3ab90b58	1	a751a7360b09f767	7ffc3ab90b50	1000000000000000	5ba1b857b680	7ffc3ab90b50	8	0	a751a7360b09f767	895f32892e141a52	4f2	a4a	20	7ffc3ab90b50
4.566806	22a18859a80c	5ba1b63fbac0	5ba1b63fbf10	41	1	5ba1b63fbac0	5ba1b63fbc20	30	7ffc3ab90c10	5ba40c24dc7b	5ba1b63fbf80	40	7c	7e432de1ac98	7e432de1ac80	5ba1b63fbf40	5ba1b63fb
4.575831	99759	d242a13280f285d5	7ffc3ab90098	70d012cad0134270	d358c840b3d377eb	1a8de9005fe9cfce	1800000000000000	5ba1b70b8dd0	7ffc3ab90090	8	0	b6ca9d526cab0c8e	d9337e532757c05	ffff3ef8	2c0	5ba1b70b3290	7ffc3ab90090
4.581803	9bc13	1	1	7e432d9fe010	5ba1b6dfaa20	5ba1b626f010	7	ab33	7ffc3ab91b20	5ba1b6dfaa00	10	1	4114341e0c03521b	25849	7e432d7fd010	51e1	7ffc3ab91d00
4.589257	22a18859a80c	5ba1b6f6ed80	5ba1b66a4620	41	1	5ba1b6f6ed80	5ba1b6f6ee50	30	7ffc3ab909d0	5ba40c712034	5ba1b66a4690	40	7c	7e432de1ac98	7e432de1ac80	5ba1b66a4650	5ba1b66a4
4.596122	95e9e	8525d4f154ffa9df	7ffc3ab91528	44f4009b87392b16	a98d56878b61fa54	f22fd798df1430f7	1000000000000000	5ba1b9ed9570	7ffc3ab91520	8	0	bd29bcc84fa8b525	94fb336b51f133a5	353	33	28	7ffc3ab91520
4.604907	9a6cd	5ba1b71edec0	7e432d1f4808	5ba40d05918e	5ba1b71ee060	5ba1b626f010	7	d055	7ffc3ab91b10	5ba1b71ee000	2	1	4114341e0c03521b	7e432d1f4808	5ba1b62dcc90	5367	5ba1b62dea30
4.611452	931f1	5ba1b94d33a0	7ffc3ab95fb0	fffffffffffffe9b	ffffffffffffff89	0	efff	73	7ffc3ab91050	0	5ba1b6f22a50	5ba1b6f22c50	7e432de1ace0	5ba1b62f4740	240	77	7ffc3ab91168
4.619457	9278c	71d6	7ffc3ab95fb0	0	423	5ba1b9bd0c50	7ff	8000000000000001	7ffc3ab8fee0	0	4cfade3eda39ee1f	70	0	0	8000000000000001	0	7ffc3ab90028
4.630128	9b895	5ba1b62f5080	fffffffffffff7a2	5ba1b6f66170	fb61	0	3ff	fb62	7ffc3ab91b20	2ca	0	1	2ca	7ffc3ab95fb0	7e432d7fd010	9b5	7ffc3ab91d00
4.636880	93d76	5ba1b9e811c0	45dc	1	7ff	fffffffffffface0	1	0	7ffc3ab86b10	63	1	5ba1b9e864e0	0	299	fffffffffffface0	7ffc3ab86ba0	7ffc3ab918b0
4.648331	9b744	7e432bcfb010	1	88000	5ba1b703b560	8000000000000001	7e432d9fe010	2200	7ffc3ab91b20	5ba1b703b500	4	2	4114341e0c03521b	7ffc3ab95fb0	7e432d7fd010	65a7	7ffc3ab91d00
4.655632	22a18859e3c2	31	ffffffffffffff50	8	8	5ba1b62dc0e0	5ba1b62dc0f0	11c9e	7ffc3ab91ae0	1	0	1	680	7e432d266ee0	5ba1b62dcc90	ab5	5ba1b62dea30
4.669180	22a18859c994	3f	7e432de1ac80	0	5ba1b626f010	28	7e432de1ac80	28	7ffc3ab871d0	0	cb86	39	0	1	7e432d0cd398	5ba1b648b050	7ffc3ab87478
4.678475	9a6cd	5ba1b6e33f00	7e432d0d8480	5ba40cf82e03	5ba1b6e34030	5ba1b626f010	7	12da	7ffc3ab91b10	5ba1b6e33fd0	0	1	4114341e0c03521b	7e432d0d8480	5ba1b62dcc90	bbf	5ba1b62dea30
4.690078	9a5a2	0	7ffc3ab85740	2	0	5ba1b6733920	0	8000000000000001	7ffc3ab856e0	0	5ba1b6733900	5ba1b6735000	7e432de1ace0	8000000000000000	7e432d0bc010	5ba1b6733890	5ba1b6733900
4.696406	9a6b7	5ba1b6630bd0	7e432d298488	3b88f	164	27c2e	7e432d298488	13d85	7ffc3ab91b10	6	2	4	b20	7e432d298488	5ba1b62dcc90	3	5ba1b62dea30
4.710386	926b9	8000000000000001	7ffc3ab95fb0	b	0	7ffc3ab913f8	7ffc3ab95fb0	8000000000000001	7ffc3ab912e0	5ba1ba46be70	c9a0	a0554ef0af37b9a5	e9ad340d91f02ec6	0	8000000000000001	11f9d	7ffc3ab91dd0
4.721628	94561	80fe1780fdd7cf53	4777	1cf4d93d0291a2cc	8	7ffc3ab900d0	7ffc3ab900d8	7ffc3ab91b90	7ffc3ab900c0	0	0	f7970ce162aae1b5	8a3a76964a1f20c4	0	1	7ffc3ab90170	7ffc3ab900d0
4.735783	9a6bb	5ba1b62dcc90	7e432d246d20	315a2	8000000000000002	27c2e	7e432d246d20	10736	7ffc3ab901a0	0	5ba1b6b6d410	5ba1b6b6d710	7e432de1ace0	7e432d246d20	8000000000000001	5ba1b6b6d370	7ffc3ab902c8
4.743385	92bb4	5286	7ffc3ab95fb0	5ba1b9399b50	5ba1b68b5200	27c2e	0	8000000000000001	7ffc3ab91290	0	5ba1b68b53e0	5ba1b68b5b40	7e432de1ace0	fb6	8000000000000001	5ba1b68b53b0	7ffc3ab913a8
4.757038	9b2e7	0	5ba1b7216dd0	5ba40d3a1c36	5ba1b7216e20	5ba1b626f010	7	cc4a	7ffc3ab91b10	5ba1b7216e00	0	1	4114341e0c03521b	7e432d1ee700	5ba1b62dcc90	2c6e	5ba1b62dea30
4.765559	92bf2	7e432bcfb010	7ffc3ab95fb0	36cec0	8000000000000002	28196	7ffc3ab91780	db3b	7ffc3ab91760	0	5ba1b6b79210	5ba1b6b79e20	7e432de1ace0	7e432c067ed0	8000000000000001	5ba1b6b790a0	7ffc3ab91878
4.778893	9b89c	5ba1b62f45c0	fffffffffffffa09	5ba1b66aef80	27a5c	0	3ff	27a5d	7ffc3ab91b20	1fb	0	4	1fd	7ffc3ab95fb0	7e432d7fd010	abd1	7ffc3ab91d00
4.786057	9b760	7e432bcfb010	1	4b5fc0	8000000000000002	8000000000000001	7e432d9fe010	12d7f	7ffc3ab91b20	5ba1b63aeda0	0	2	4114341e0c03521b	7ffc3ab95fb0	7e432d7fd010	fcb	7ffc3ab91d00
4.795997	99272	7e432d0bc010	0	7e432d1573e0	700	28196	321c	7ffc3ab91a01	7ffc3ab8e4e0	8	0	7ffc3ab91b40	8000000000000001	0	1	677e	7ffc3ab95fb0
4.803397	22a18859e067	3	7ffc3ab853c0	5ba1b7275210	0	28196	28	8000000000000001	7ffc3ab85338	0	16ab	7b	0	8000000000000000	7e432d0bc010	5ba1b7275210	7ffc3ab854f8
4.813644	9a6bb	5ba1b6756e40	7e432d460200	7483e	485	2a9ee	7e432d460200	26d6a	7ffc3ab91b10	1	0	1	2428	7e432d460200	5ba1b62dcc90	6673	5ba1b62dea30
4.825157	92ad1	5ba1b9b8b420	7ffc3ab95fb0	7e432d0bc010	0	2a9ee	0	8000000000000001	7ffc3ab90dd0	0	5fef	13	ac093db00c6ac0e1	7e432d0bc010	7e432d299580	9914	5ba1b9b8b350
4.833925	22a18859ce4f	30	7e432de1ac80	18	7e432de1ad10	7e432de1ad00	5b	28	7ffc3ab88270	0	e	48	7e432de1ace0	ffffffffffffff88	30	3	1
4.839210	993ad	7e432d0bc010	0	5ba1b79d5110	8000000000000000	2a9ee	377ebb4dc519cf75	7ffc3ab91b01	7ffc3ab8edc0	4c	4	7ffc3ab91ca0	8000000000000001	0	1	26f13	7ffc3ab95fb0
4.845571	22a18859e3b7	0	5ba1b798c401	5ba403a2fc36	5ba1b9b967a0	5ba1b9b96740	5ba1b9b96750	2606d	7ffc3ab91af0	5ba1b9b96780	1	1	4114341e0c03521b	7e432d44ca48	5ba1b62dcc90	8a81	5ba1b62dea30
4.856104	9a55b	5ba1b64a5df0	7ffc3ab95fb0	7e432d0bc010	1e174	2b19a	7ffc3ab8dee0	8000000000000001	7ffc3ab8de90	0	dfef	49	0	7e432d1acbb0	7e432d0bc010	0	7ffc3ab8e018
4.865395	93b84	8a68b654acce92d1	7ffc3ab8fcd8	d2c742875adedc2e	b2753582f8213950	11230bc4df786ad5	1100000000000001	5ba1b6b756a0	7ffc3ab8fcd0	0	1	d0ff001bcfb966e2	38ac946ea3532df9	fffff800	d0	5ba1b6b73a50	7ffc3ab8fcd0
4.871493	99272	7e432d0bc010	0	7e432d17a438	300	2b19a	6000	7ffc3ab91b01	7ffc3ab914c0	0	7aa0	7ffc3ab91ca0	8000000000000001	0	1	7ed7	7ffc3ab95fb0
4.883842	22a18859b721	6421	30	1	7	5ba1b626f010	7	5ba1b70c76d0	7ffc3ab91a80	5ba1b70c76e0	0	1	4114341e0c03521b	7e432de1ac80	0	5ba1b70c7700	5ba1b62dea30
4.892762	93bc8	171fe790ac108f6c	7ffc3ab86b98	a52f81c77213d46	2e68df79662226cd	d2af765d6ee8803e	1100000000000001	5ba1b8b8d8e0	7ffc3ab86b90	0	1	d35f24028d45d189	9b8130180d26c0f2	ffffffc0	400	5ba1b8b85400	7ffc3ab86b90
4.901186	93cc5	5ba1b66afe20	c571	2c	1ff	f5dbcaff0d40fdb3	4778	200	7ffc3ab8ced0	29	1	5ba1b66b00a0	0	b	14	7ffc3ab8cf60	7ffc3ab918b0
4.906900	22a18859b67e	ff07d5cddc79d100	ffffffffffffff50	8	41	5ba1b8bb7370	7e432de1ac80	0	7ffc3ab91a60	2	1	1	8	7e432d451f38	0	3	5ba1b62dea30
4.918370	9a6cd	5ba1b6b97660	7e432d2388c0	2f916	5f	2b19a	7e432d2388c0	fdb2	7ffc3ab91b10	3	2	1	2f8	7e432d2388c0	5ba1b62dcc90	13bb	5ba1b62dea30
4.928254	9a6b7	5ba1b62dcc90	7e432d2085d8	298b9	8000000000000002	2b19a	7e432d2085d8	dd93	7ffc3ab8e790	0	5ba1b729d620	5ba1b729e1c0	7e432de1ace0	7e432d2085d8	8000000000000001	5ba1b729d340	7ffc3ab8e8e8
4.936265	9a6c9	5ba1b62dea30	7e432d1f75c8	276b7	8000000000000002	2b19a	7e432d1f75c8	d23d	7ffc3ab87770	0	5ba1b6c932c0	5ba1b6c93520	7e432de1ace0	7e432d1f75c8	8000000000000001	5ba1b6c93290	7ffc3ab878d8
4.943062	9b708	9ea5	1	7e432d9fe010	5ba1b7190de0	5ba1b626f010	7e432d9fe010	b083	7ffc3ab91b20	5ba1b7190d80	10	1	4114341e0c03521b	7ffc3ab95fb0	7e432d7fd010	9ea4	7ffc3ab91d00
4.949271	22a18859b70b	7	40	2	7	5ba1b626f010	7	5ba1b6335a20	7ffc3ab91a60	5ba1b6335a30	0	1	4114341e0c03521b	7e432de1ac80	0	3623	5ba1b62dea30
4.961810	9278c	0	7ffc3ab95fb0	1168e	3fb	5ba1b6d9cf70	3ff	8000000000000001	7ffc3ab853a0	0	922ccd0146983a91	12	0	7ffc3ab95fb0	8000000000000001	1168e	7ffc3ab854f8
4.971067	93a3c	8000000000000002	5c	5ba1b719f9f0	2a6e00	2b19a	7e432bcfb010	7ffc3ab95fb0	7ffc3ab8fd00	8	0	d0dca5b20150e8fb	75f9609696e0c0e1	8000000000000001	d93a	a9b8	7ffc3ab91dd0
4.985174	9a6b7	5ba1b63442a0	7e432d489c60	79b8a	257	2c016	7e432d489c60	2892e	7ffc3ab91b10	20	10	1	12b8	7e432d489c60	5ba1b62dcc90	3	5ba1b62dea30
4.998510	9b6f9	7e432bcfb010	1	162e80	8000000000000002	8000000000000002	7e432d9fe010	58ba	7ffc3ab91b20	5ba1b6477440	0	1	4114341e0c03521b	7ffc3ab95fb0	7e432d7fd010	17d5	7ffc3ab91d00
5.011310	931f1	5ba1b89848b0	7ffc3ab95fb0	fffffffffffff8cb	fffffffffffffd99	0	fdf4	68	7ffc3ab8e9e0	0	5ba1b7251630	5ba1b7251770	7e432de1ace0	5ba1b62f4cc0	7c0	265	7ffc3ab8eb28
5.016935	93a3c	8000000000000002	0	3c67b8322276a6d5	4a7f40	2c016	7e432bcfb010	7ffc3ab91b01	7ffc3ab90c70	60	4	7ffc3ab91ca0	8000000000000001	0	1	129fd	7ffc3ab95fb0
5.026668	92bf2	7e432bcfb010	7ffc3ab95fb0	2cd340	8000000000000002	2c016	7ffc3ab8f060	b34d	7ffc3ab8f040	0	5ba1b6b938a0	5ba1b6b97520	7e432de1ace0	7e432bfc8350	8000000000000001	5ba1b6b937a0	7ffc3ab8f198
5.039605	9b89c	5ba1b62f46c0	fffffffffffffe9b	5ba1b88b62f0	0	281be	7ff	281bf	7ffc3ab91b20	74	0	8	77	7ffc3ab95fb0	7e432d7fd010	10302	7ffc3ab91d00
5.045238	9b744	7e432bcfb010	1	210540	5ba1b78eb3b0	8000000000000001	7e432d9fe010	8415	7ffc3ab91b20	5ba1b78eb350	0	1	4114341e0c03521b	7ffc3ab95fb0	7e432d7fd010	a20a	7ffc3ab91d00
5.052017	9b89c	5ba1b62f4b40	fffffffffffff31c	5ba1b733aa40	7974	0	7ff	421f	7ffc3ab91b20	44c	0	1	44c	7ffc3ab95fb0	7e432d7fd010	20ed	7ffc3ab91d00
5.064403	927b6	0	7ffc3ab95fb0	139d3	341	5ba1b9eb7ce0	7ff	8000000000000001	7ffc3ab90420	0	1	fffffffffffff63d	0	0	8000000000000001	139d3	7ffc3ab90568
5.073380	9a6bb	5ba1b62dcc90	7e432d476958	77529	8000000000000002	2d69e	7e432d476958	27c63	7ffc3ab90080	0	5ba1b704c220	5ba1b704ee70	7e432de1ace0	7e432d476958	8000000000000001	5ba1b704c1f0	7ffc3ab901a8
5.083915	9b89c	5ba1b62f4d40	fffffffffffffcaf	5ba1b89229b0	0	5b03	7ff	5807	7ffc3ab91b20	11b	0	1	11b	7ffc3ab95fb0	7e432d7fd010	3	7ffc3ab91c68
5.096004	9b744	7e432bcfb010	1	459f00	5ba1b7012710	8000000000000001	7e432d9fe010	1167c	7ffc3ab91b20	5ba1b70126b0	1	1	4114341e0c03521b	7ffc3ab95fb0	7e432d7fd010	17c5	7ffc3ab91d00
5.103751	9a6bb	5ba1b62dcc90	7e432d3da5c8	63cb7	8000000000000002	2d69e	7e432d3da5c8	2143d	7ffc3ab8c010	0	5ba1b62dd3f0	5ba1b62ddc50	7e432de1ace0	7e432d3da5c8	8000000000000001	5ba1b62dd2f0	7ffc3ab8c178
5.110898	99631	0	0	7ffc3ab91b40	0	0	7ffc3ab95fb0	48dc	7ffc3ab8ffb0	1	0	5ba1b9c7f140	0	0	1	0	7ffc3ab95fb0
5.123640	92bf2	7e432bcfb010	7ffc3ab95fb0	316a80	8000000000000002	2d69e	7ffc3ab8f2e0	c5aa	7ffc3ab8f2c0	0	5ba1b9b90c80	5ba1b9b93f30	7e432de1ace0	7e432c011a90	8000000000000001	5ba1b9b90b80	7ffc3ab8f408
5.131697	9bb5b	5ba1b62f4c00	5ba1b8960c01	5ba1b8967870	47b	46b	baff	dab3	7ffc3ab91b20	1	0	1	23d8	7ffc3ab95fb0	5ba1b62dcc90	b260	5ba1b62dea30
5.139673	9b792	7e432c1e9850	1	654d06e9a1a63770	7ffc3ab91b88	8000000000000001	7e432d9fe010	13ba1	7ffc3ab91b20	5ba1b631bf70	9	1	4114341e0c03521b	7ffc3ab95fb0	7e432d7fd010	18c4	7ffc3ab91d00
5.150985	22a188699891	5ba1b6315b50	7ffc3ab918a0	5ba1b6315b40	38	5ba1b666ccf0	5ba1b6315b50	7	7ffc3ab91818	0	5ba1b6315b50	7e432de1ad30	7e432de1ace0	5ba1b6315b50	7	5ba1b6315a90	38
5.159504	945f3	0	6e	1	0	7ffc3ab90ef0	7ffc3ab90ef8	7ffc3ab95fb0	7ffc3ab90ee0	8	0	d5bf71c35b1a8797	dd171bd627068cdf	8000000000000001	b4fc	6e	7ffc3ab90ef0
5.169222	9b89c	5ba1b62f4ac0	ffffffffffffebd5	5ba1b9aee960	273b1	0	7ff	273b2	7ffc3ab91b20	6b9	0	1	6b9	7ffc3ab95fb0	7e432d7fd010	3	7ffc3ab91c68
5.178231	9b89c	5ba1b62f4880	fffffffffffff997	5ba1b9ed0d20	0	2941d	7ff	2941e	7ffc3ab91b20	221	0	4	223	7ffc3ab95fb0	7e432d7fd010	7bf5	7ffc3ab91d00
5.189676	94593	734e663d1ba0c593	2875b	92b8b4f1b8728208	8	7ffc3ab90090	7ffc3ab90098	7ffc3ab95fb0	7ffc3ab90080	8	0	dafbcb81e17c300	8a6aa132edf19c87	0	13372	70	7ffc3ab90090
5.204012	95d97	27be0	72	72	274d1	654d06e9a1a63770	872823eb74eaeb4a	7ffc3ab95fb0	7ffc3ab90f58	0	fffffffffffff965	5ba1b6a47be0	7e432de1ace0	0	27be0	274d1	7ffc3ab91dd0
5.212598	92bf2	7e432bcfb010	7ffc3ab95fb0	224940	8000000000000002	2e2d4	7ffc3ab8cd60	8925	7ffc3ab8cd40	0	5ba1b781c7b0	5ba1b781d390	7e432de1ace0	7e432bf1f950	8000000000000001	5ba1b781c780	7ffc3ab8ce88
5.224890	9b89c	5ba1b62f4e20	ffffffffffffe938	5ba1b8ba16c0	0	11d31	7ff	11ea6	7ffc3ab91b20	798	0	1	798	7ffc3ab95fb0	7e432d7fd010	5090	7ffc3ab91d00
5.232714	22a18859a6d0	5ba1b664e470	5ba1b71f5090	31	0	5ba1b664e470	5ba1b71f7120	20c0	7ffc3ab8df08	5ba40d0400a7	5ba1b71f7150	30	7c	7e432de1aca0	7e432de1ac80	5ba1b71f7150	5ba1b71f7
5.242152	9a6bb	5ba1b62dcc90	7e432d2c63e8	4147b	8000000000000002	2e2d4	7e432d2c63e8	15c29	7ffc3ab8bf30	0	5ba1b8948d40	5ba1b894a5c0	7e432de1ace0	7e432d2c63e8	8000000000000001	5ba1b8948d10	7ffc3ab8c098
5.251324	945e8	0	7ffc3ab8e448	1	0	1	7ffc3ab8e448	81	7ffc3ab8e430	0	1	d572c6e6683f48aa	b6f7e5e5a390d6ce	7ffc3ab95fb0	7ffc3ab919c0	7ffc3ab8e540	7ffc3ab8e440
5.266111	9b89c	5ba1b62f50c0	ffffffffffffef35	5ba1b9c4b800	0	2e000	7ff	2e001	7ffc3ab91b20	599	0	1	599	7ffc3ab95fb0	7e432d7fd010	10e9c	7ffc3ab91d00
5.279601	9b744	7e432bcfb010	1	2b4540	5ba1b6386940	8000000000000001	7e432d9fe010	ad15	7ffc3ab91b20	5ba1b6386920	1	4	4114341e0c03521b	7ffc3ab95fb0	7e432d7fd010	1bc2	7ffc3ab91d00
5.285326	9455a	f569c316d45be6e7	c4cb	eb51448e1a8f99de	8	7ffc3ab8f310	7ffc3ab8f318	7ffc3ab95fb0	7ffc3ab8f300	0	0	1227488cfc2581d	1128628bd8d296c8	0	114df	78	7ffc3ab8f310
5.300432	92690	8000000000000001	0	e0	0	7ffc3ab855d8	7ffc3ab95fb0	81	7ffc3ab85548	70	0	5ba1b79388a0	0	7ffc3ab95fb0	7ffc3ab91960	26d64	70
5.307771	99767	255a91fbbabea39a	7ffc3ab8f918	9124cb61a14eff35	5f7392ff1633ec84	3fdaf0eccaa3f41e	1800000000000000	5ba1b7f0f440	7ffc3ab8f910	8	0	59d4c1753620e348	10dc44746c113fc1	ffffff00	5e0	5ba1b7f03140	7ffc3ab8f910
5.320432	9b89c	5ba1b62f51a0	fffffffffffff160	5ba1b9c13140	0	6a67	7ff	750d	7ffc3ab91b20	4df	0	2	4e0	7ffc3ab95fb0	7e432d7fd010	4898	7ffc3ab91d00
5.326213	22a18859a806	5ba1b6a17f70	5ba1b65a23d0	41	1	5ba1b6a17f70	5ba1b75b1af0	40	7ffc3ab8da90	5ba40c4daf62	5ba1b656cac0	40	7c	7e432de1aca0	7e432de1ac80	5ba1b65a2410	5ba1b65a2
5.333557	94477	0	7ffc3ab8f098	1	8	7ffc3ab8f090	7ffc3ab8f098	7ffc3ab95fb0	7ffc3ab8f080	8	0	dafbcb811d9cb01	8a2b974c67e8f362	e422	0	7e	7ffc3ab8f090
5.341057	993ad	7e432d0bc010	0	5ba1b666c810	8000000000000000	2fc46	ef4d7510b294637e	7ffc3ab91b01	7ffc3ab911c0	7c	4	7ffc3ab91ca0	8000000000000001	0	1	1094d	7ffc3ab95fb0
5.351984	22a18859c994	37	7e432de1ac80	0	5ba1b626f010	20	7e432de1ac80	20	7ffc3ab8f620	0	5ba1b6bc7790	5ba1b6bcd990	7e432de1ace0	1	7e432d4b81c0	5ba1b6bc7730	5ba1b6bc7790
5.358249	9b744	7e432bcfb010	1	24a8c0	5ba1b9c8f040	8000000000000001	7e432d9fe010	92a3	7ffc3ab91b20	5ba1b9c8ef10	2	1	4114341e0c03521b	7ffc3ab95fb0	7e432d7fd010	f111	7ffc3ab91d00
5.369849	9bc13	1	1	7e432d9fe010	5ba1b6f739f0	5ba1b626f010	7	7378	7ffc3ab91b20	5ba1b6f739d0	1	2	4114341e0c03521b	2fc46	7e432d7fd010	1dc8	7ffc3ab91d00
5.380159	92bf2	7e432bcfb010	7ffc3ab95fb0	33bf00	8000000000000002	2fc46	7ffc3ab8ede0	cefc	7ffc3ab8edc0	0	5ba1b68059b0	5ba1b6806410	7e432de1ace0	7e432c036f10	8000000000000001	5ba1b6805980	7ffc3ab8eed8
5.391713	9292f	1	7ffc3ab95fb0	7e432d0bc010	8d117	2fc46	2f05d	8000000000000001	7ffc3ab8d110	0	7cd9	2a	773ae995fdcbda6	7e432d5248c8	7e432d0bc010	2f05f	7ffc3ab8d228
5.406512	9b744	7e432bcfb010	1	b5c040	5ba1b6fb8190	8000000000000001	7e432d9fe010	2d701	7ffc3ab91b20	5ba1b6fb8130	2	1	4114341e0c03521b	7ffc3ab95fb0	7e432d7fd010	12753	7ffc3ab91d00
5.420287	9a6b7	5ba1b9ef3db0	7e432d1ee4f0	2649c	3a1	2ff82	7e432d1ee4f0	cc34	7ffc3ab91b10	8	1	1	1d08	7e432d1ee4f0	5ba1b62dcc90	1ed2	5ba1b62dea30
5.428645	93a3c	8000000000000002	7ffc3ab95fb0	81	501cc0	2ff82	7e432bcfb010	8000000000000001	7ffc3ab88830	7ffc3ab91960	53	7ffc3ab918b0	7e1e7ceb55aabc74	81	7ffc3ab91960	14073	53
5.435592	9a6b7	5ba1b62dcc90	7e432d0ccba0	2172	8000000000000002	2ff82	7e432d0ccba0	b26	7ffc3ab8d350	0	5ba1b6f97970	5ba1b6f999f0	7e432de1ace0	7e432d0ccba0	8000000000000001	5ba1b6f97940	7ffc3ab8d4b8
5.448257	93a3c	8000000000000002	86	5ba1b7db8750	9fd740	2ff82	7e432bcfb010	7ffc3ab95fb0	7ffc3ab8f450	8	0	ac705b01ca9b376f	b1541e8083ce3e3e	8000000000000001	0	27f5d	7ffc3ab91dd0
5.454729	9966b	471	471	ffffffffffffee09	7ffc3ab90cd0	654d06e9a1a63770	872823eb74eaeceb	471	7ffc3ab90c48	0	fffffffffffffa03	5ba1b956f690	7e432de1ace0	0	1	7ffc3ab90cd0	7ffc3ab91a30
5.462718	9b744	7e432bcfb010	1	27c340	5ba1ba456650	8000000000000001	7e432d9fe010	9f0d	7ffc3ab91b20	5ba1ba456630	3	8	4114341e0c03521b	7ffc3ab95fb0	7e432d7fd010	1090c	7ffc3ab91d00
5.468454	9b89c	5ba1b62f4680	ffffffffffffea16	5ba1b88a9ad0	2938f	0	7ff	29390	7ffc3ab91b20	74e	0	1	74e	7ffc3ab95fb0	7e432d7fd010	c0f6	7ffc3ab91d00
5.480063	22a18859a806	5ba1b9b69250	5ba1b9b692c0	31	7e432de1ace0	5ba1b9b69250	5ba1b9b692c0	60	7ffc3ab8d3d0	5ba403ad0849	5ba1b9b69320	30	7c	7e432de1ac98	7e432de1ac80	5ba1b9b69320	5ba1b9b69
5.488042	9278c	0	7ffc3ab95fb0	16120	3aa	5ba1b8900cd0	7ff	8000000000000001	7ffc3ab8e7a0	0	33b9f2d500e8b1f7	2b	0	0	8000000000000001	16120	7ffc3ab8e8e8
5.498004	9a68d	5ba1b957cf50	7ffc3ab91468	1ff1	20	5ba1b957ce10	5ba1b957cf50	4	7ffc3ab91400	0	5ba1b957cf50	5ba1b957ef60	7e432de1ace0	4	5ba1b957cf50	5ba1b957cde0	5ba1b957cf20
5.512977	9b89c	5ba1b62f4ec0	ffffffffffffeb15	5ba1ba486830	0	2b10a	7ff	2b10b	7ffc3ab91b20	6f7	0	4	6f9	7ffc3ab95fb0	7e432d7fd010	2	7ffc3ab91c68
5.521732	9baba	5ba1b62f4840	5ba1b856b6d0	5ba1b8577460	4d08	0	7ff	26811	7ffc3ab91b20	7e6	0	1	7e6	7ffc3ab95fb0	7e432d7fd010	6f40	7ffc3ab91d00
5.531819	22a18859d258	100	7e432de1ac80	0	7e432de1b150	fffff000	2	7e432de1acf0	7ffc3ab8d1b0	0	0	5ba1b66b4040	7e432de1ace0	ffffffffffffff88	30	5ba1b626f010	1
5.544369	9444b	0	7ffc3ab8f008	1	8	7ffc3ab8f000	7ffc3ab8f008	81e	7ffc3ab8eff0	8	0	dafbcb812911f25	8a21045a42b522e2	0	1	7ffc3ab8f0f0	7ffc3ab8f000
5.557974	9a68d	5ba1b9627890	7ffc3ab8f528	b8c1	20	5ba1b96277c0	5ba1b9627890	4	7ffc3ab8f4c0	0	5ba1b9627890	5ba1b9633170	7e432de1ace0	4	5ba1b9627890	5ba1b9627790	5ba1b9627860
5.570383	9b89c	5ba1b62f5980	fffffffffffffbb0	5ba1b75bc4f0	0	7e7a	3ff	45b0	7ffc3ab91b20	16f	0	2	170	7ffc3ab95fb0	7e432d7fd010	ca24	7ffc3ab91d00
5.585037	22a18859a70f	5ba1b6729530	5ba1b6a35ff0	91	5ba1b72671c0	5ba1b6729530	5ba1b6a38b70	2c10	7ffc3ab8cf40	5ba40cb8e638	5ba1b6a38c00	90	7c	7e432de1aca0	7e432de1ac80	5ba1b6a38c00	5ba1b6a38
5.594303	945a2	f7e1da4fbcf59241	92	55fc481b945d9f6f	8	7ffc3ab8eee0	7ffc3ab8eee8	7ffc3ab95fb0	7ffc3ab8eed0	8	0	ab53817bc7e6a6c9	c506a4a11a7f9b2d	8000000000000001	6d8	92	7ffc3ab8eee0
5.602565	93207	5ba1b7ef4a10	7ffc3ab95fb0	ffffffffffffe815	fffffffffffff807	2cdf2	bbdb	6c	7ffc3ab8d660	0	fffffffffffff807	5ba1b712c0d0	7e432de1ace0	2cdf3	f20	7f9	7ffc3ab8d778
5.610227	94a93	3e8	7ffc3ab95fb0	5ba1b95cd830	7ff	310b2	7e432bcfb010	8000000000000001	7ffc3ab85740	0	1	aa2ffba5bec788e8	7bbe58f81749ee71	81	7ffc3ab919c0	ab97	6f
5.623697	9a6cd	5ba1b70e67f0	7e432d5221c8	5ba40d151856	5ba1b70e68b0	5ba1b626f010	7	2eebd	7ffc3ab91b10	5ba1b70e6850	2	1	4114341e0c03521b	7e432d5221c8	5ba1b62dcc90	e32d	5ba1b62dea30
5.632344	9b86f	5ba1b62f46a0	94d049bb133111eb	5ba1b94c6b80	0	126b9	7ff	126ba	7ffc3ab91b20	f5	0	75	9e3779b97f4a7c15	7ffc3ab95fb0	7e432d7fd010	38bc	7ffc3ab91d00
5.641838	95a87	0	94	7ffc3ab91dd0	94	281d8	7ffc3ab95fb0	7ffc3ab95fb0	7ffc3ab901f0	5ba1b7d73050	26720	aa1e9b9e2ed626e3	83c3eca1694b9532	0	0	281da	7ffc3ab91dd0
5.651590	9278c	2882c	7ffc3ab95fb0	0	492	5ba1b7f59900	7ff	8000000000000001	7ffc3ab8c560	0	3e2545474f8d6e38	2c	0	7ffc3ab95fb0	8000000000000001	0	7ffc3ab8c6b8
5.661114	94c7d	5ba1b95af050	0	0	7ff	ffffffffffffd740	1	81	7ffc3ab85c80	6c	0	5ba1b95b1910	0	7ffc3ab95fb0	7ffc3ab91960	2bb04	6c
5.670650	99327	7e432d0bc010	0	7e432d10dfa0	1f00	314ce	5ba1b78803a0	7ffc3ab91b01	7ffc3ab8d680	8000000000000000	0	7ffc3ab91ca0	8000000000000001	0	1	36a6	7ffc3ab95fb0
5.685615	9b86f	5ba1b62f4f00	94d049bb133111eb	5ba1ba493050	0	35e8	7ff	3c02	7ffc3ab91b20	a9	0	6e	9e3779b97f4a7c15	7ffc3ab95fb0	7e432d7fd010	6541	7ffc3ab91d00
5.695197	22a18859a8b2	5ba1b750b6f0	5ba1b6fb5c60	31	770	5ba1b750b6f0	771	7c0	7ffc3ab8cad0	5ba40c54ef36	5ba1b64f8080	30	7c	7e432de1aca8	7e432de1ac80	5ba1b6fb6420	5ba1b6fb6
5.706999	22a188699891	5ba1b76622d0	7ffc3ab8d460	12	38	5ba1b76620e0	5ba1b76622d0	7	7ffc3ab8d3f8	0	5ba1b76622d0	12	7e432de1ace0	7	5ba1b76622d0	5ba1b76620b0	5ba1b76622a0
5.720385	22a18859cad6	40	7e432de1ac80	0	5ba1b626f010	38	7e432de1ac80	38	7ffc3ab8f320	0	5ba1b76ce7c0	5ba1b76cece0	7e432de1ace0	2	40	4	5ba1b76ce7c0
5.726983	9a56f	4	7ffc3ab8d420	5ba1b6fb1ac0	0	3170e	7ffc3ab8d420	8000000000000001	7ffc3ab8d3c0	0	7ffe	5b	0	7e432d451e78	7e432d0bc010	0	7ffc3ab8d548
5.735658	9b89c	5ba1b62f50a0	ffffffffffffe830	5ba1b7f59900	3092b	0	7ff	3092c	7ffc3ab91b20	7f0	0	1	7f0	7ffc3ab95fb0	7e432d7fd010	11753	7ffc3ab91d00
5.747554	9a6b7	5ba1b6336f40	7e432d24e670	324cc	708	321ee	7e432d24e670	10c44	7ffc3ab91b10	1	0	1	3840	7e432d24e670	5ba1b62dcc90	387d	5ba1b62dea30
5.757669	9a657	5ba1b7558260	7ffc3ab8f578	921	0	5ba1b7558280	8	4	7ffc3ab8f510	0	5ba1b7558260	5ba1b7558ba0	7e432de1ace0	20	7e432d138060	5ba1b75581d0	5ba1b7558230
5.770638	9a6cd	5ba1b62dea30	7e432d4a63a0	7d472	8000000000000002	321ee	7e432d4a63a0	29c26	7ffc3ab8bd70	0	5ba1b7560830	5ba1b7561d80	7e432de1ace0	7e432d4a63a0	8000000000000001	5ba1b7560800	7ffc3ab8bec8
5.784645	993ad	7e432d0bc010	0	5ba1b643e7b0	8000000000000000	321ee	d91381f80f74000	7ffc3ab91b01	7ffc3ab8b1c0	9c	4	7ffc3ab91ca0	8000000000000001	0	1	2e0e7	7ffc3ab95fb0
5.793305	9b76c	7e432bcfe990	1	654d06e9a1a63770	8000000000000002	8000000000000001	7e432d9fe010	e6	7ffc3ab91b20	5ba1b691d860	2	1	4114341e0c03521b	7ffc3ab95fb0	7e432d7fd010	fe31	7ffc3ab91d00
5.801869	9b89c	5ba1b62f5400	ffffffffffffe97a	5ba1b9bb1330	0	344b	7ff	efda	7ffc3ab91b20	782	0	1	782	7ffc3ab95fb0	7e432d7fd010	63cb	7ffc3ab91d00
5.810767	22a18859a8b2	5ba1b690a6f0	5ba1b7501660	31	f0	5ba1b690a6f0	f1	130	7ffc3ab8c650	5ba40d4b62c1	5ba1b75017c0	30	7c	7e432de1aca0	7e432de1ac80	5ba1b7501790	5ba1b7501
5.821666	9a6b7	5ba1b62dcc90	7e432d1cbe70	21fcc	8000000000000002	321ee	7e432d1cbe70	b544	7ffc3ab8f980	0	5ba1b6d9eac0	5ba1b6d9fb60	7e432de1ace0	7e432d1cbe70	8000000000000001	5ba1b6d9e900	7ffc3ab8faa8
5.835875	93a3c	8000000000000002	7ffc3ab95fb0	2	306080	321ee	7e432bcfb010	8000000000000001	7ffc3ab85730	7ffc3ab91960	6f	7ffc3ab918b0	9505eeb72726d7eb	81	7ffc3ab91960	c182	6f
5.849063	92ce2	7e432bcfb010	7ffc3ab95fb0	cdffc0	5ba1ba4e68b0	7ffc3ab8ec88	7ffc3ab8eb60	8000000000000001	7ffc3ab8eb40	0	5ba1ba4e68e0	5ba1ba678570	7e432de1ace0	337ff	8000000000000001	5ba1ba4e67e0	337ff
5.858984	9a6b7	5ba1b72889c0	7e432d23b7d0	2fef8	6d	340ce	7e432d23b7d0	ffa8	7ffc3ab91b10	1	0	1	368	7e432d23b7d0	5ba1b62dcc90	1069d	5ba1b62dea30
5.873355	22a18859a913	5ba1b68ae630	5ba1b68ae960	21	1	5ba1b68ae630	5ba1b68ae6a0	50	7ffc3ab8c410	5ba4028da3ae	5ba1b896cb00	20	7c	7e432de1ac98	7e432de1ac80	5ba1b68ae990	5ba1b68ae
5.881481	92bf2	7e432bcfb010	7ffc3ab95fb0	357a00	8000000000000002	340ce	7ffc3ab8d130	d5e8	7ffc3ab8d110	0	5ba1b6b7af00	5ba1b6b7b240	7e432de1ace0	7e432c052a10	8000000000000001	5ba1b6b7ae60	7ffc3ab8d228
5.887099	92bb4	114a6	7ffc3ab95fb0	5ba1b9399b50	5ba1b707bcd0	340ce	0	8000000000000001	7ffc3ab89380	0	5ba1b707bdd0	5ba1b707c5d0	7e432de1ace0	d911	8000000000000001	5ba1b707bda0	7ffc3ab894d8
5.898126	9a68d	5ba1b7221f80	7ffc3ab8cc28	28c1	20	5ba1b7221f20	5ba1b7221f80	4	7ffc3ab8cbc0	0	5ba1b7221f80	5ba1b7224860	7e432de1ace0	4	5ba1b7221f80	5ba1b7221ef0	5ba1b7221f50
5.907892	991d6	b05	40d6	5ba1ba55aab0	1fff	50	0	7ffc3ab91b90	7ffc3ab8a440	8	0	7ffc3ab91ca0	413c7ef5cfb49874	0	1	0	7ffc3ab95fb0
5.916360	9b89c	5ba1b62f4d40	fffffffffffffd69	5ba1b89229b0	30574	0	7ff	30575	7ffc3ab91b20	dd	0	1	dd	7ffc3ab95fb0	7e432d7fd010	ee15	7ffc3ab91d00
5.929437	98a02	7fffffffffffffff	7ffc3ab91b80	7e432d9fe010	5ba1b6c81dc0	5ba1b626f010	8000000000000001	0	7ffc3ab91b10	5ba1b6c81d60	0	1	4114341e0c03521b	7ffc3ab95fb0	7e432d7fd010	27c0	7ffc3ab91d00
5.937199	22a18859e06a	0	7ffc3ab8ce68	0	20	8	20	20	7ffc3ab8cde8	0	5ba1b66f2440	5ba1b66f34f0	7e432de1ace0	20	7e432d47a630	5ba1b66f23e0	5ba1b66f2440
5.950989	93a3c	8000000000000002	a8	5ba1b95f3090	1eb9c0	340ce	7e432bcfb010	7ffc3ab95fb0	7ffc3ab90a80	0	5720	ae452d7150238b6d	eb78ad2fa06fba81	8000000000000001	0	7ae7	7ffc3ab91dd0
5.962919	991ce	20b	33717	5ba1b9de38b0	3ff	0	1800000000000000	7ffc3ab91b90	7ffc3ab90500	8	0	7ffc3ab91ca0	4862cd7e1f3dc06d	0	1	0	7ffc3ab95fb0
5.971382	9b744	7e432bcfb010	1	965d40	5ba1b761f350	8000000000000001	7e432d9fe010	25975	7ffc3ab91b20	5ba1b761f330	1	1	4114341e0c03521b	7ffc3ab95fb0	7e432d7fd010	1203a	7ffc3ab91d00
5.982887	9b744	7e432bcfb010	1	200740	5ba1b72460f0	8000000000000001	7e432d9fe010	801d	7ffc3ab91b20	5ba1b7246090	1	1	4114341e0c03521b	7ffc3ab95fb0	7e432d7fd010	40a2	7ffc3ab91d00
5.997513	93a3c	8000000000000002	7ffc3ab95fb0	81	327080	340ce	7e432bcfb010	8000000000000001	7ffc3ab8e410	7ffc3ab919c0	1d	af57b85e4ca5aab8	bbae46c9067f06d6	81	7ffc3ab919c0	c9c2	1d
6.007061	99288	7e432d0bc010	3e6d	7e432d0bc010	f01	340ce	bb47	7ffc3ab91b01	7ffc3ab8d2c0	0	d640	7ffc3ab91ca0	8000000000000001	0	1	0	7ffc3ab95fb0
6.018668	926cd	8000000000000001	7ffc3ab95fb0	50	0	7ffc3ab8ed28	50	8000000000000001	7ffc3ab8ec10	82e1	0	afe010d46b1db187	d039b764ad1e6c60	0	8000000000000001	2d416	7ffc3ab8ed28
6.026213	92ce2	7e432bcfb010	7ffc3ab95fb0	d20fc0	5ba1ba54e5d0	7ffc3ab8a788	7ffc3ab8a660	8000000000000001	7ffc3ab8a640	0	5ba1ba54e600	5ba1ba56d280	7e432de1ace0	3483f	8000000000000001	5ba1ba54e560	3483f
6.033871	22a18859e416	0	ffffffffffffff50	5ba40345d284	5ba1b95e4760	5ba1b626f010	7	0	7ffc3ab91ad0	5ba1b95e4700	1	1	4114341e0c03521b	7e432d4abd40	5ba1b62dcc90	17489	5ba1b62dea30
6.043625	9b76c	7e432bcfd990	1	654d06e9a1a63770	8000000000000002	8000000000000001	7e432d9fe010	a6	7ffc3ab91b20	5ba1b74f0f70	1	2	4114341e0c03521b	7ffc3ab95fb0	7e432d7fd010	a938	7ffc3ab91d00
6.049754	9a6b7	5ba1b63eb280	7e432d235710	2f2e0	59d	356a8	7e432d235710	fba0	7ffc3ab91b10	1	0	1	2ce8	7e432d235710	5ba1b62dcc90	3d92	5ba1b62dea30
6.064926	927b6	0	7ffc3ab95fb0	2700e	6ab	5ba1b75cffa0	7ff	8000000000000001	7ffc3ab89fa0	0	1	ffffffffffffebff	0	0	8000000000000001	2700e	7ffc3ab8a0e8
6.072939	9a68d	5ba1b723a980	7ffc3ab8b648	2721	20	5ba1b723a8b0	5ba1b723a980	4	7ffc3ab8b5e0	0	5ba1b723a980	5ba1b723d0c0	7e432de1ace0	4	5ba1b723a980	5ba1b723a880	5ba1b723a950
6.079581	9a56f	7	7ffc3ab90a48	5ba1b8bba840	0	356a8	7ffc3ab90a48	8000000000000001	7ffc3ab909e0	0	e7de	3c	476a5446f11fbfd5	7e432d0bc010	7e432d18d980	1a685	7ffc3ab90b38
6.084932	22a18859d394	31b0	7e432de1ac80	7e432de1ac80	5ba1b785d060	5ba1b785d090	0	28	7ffc3ab8e880	0	5ba1b785d070	5ba1b7860240	7e432de1ace0	ffffffffffffff88	30	5ba1b626f010	1
6.094013	9b744	7e432bcfb010	1	26cd40	5ba1b6371dd0	8000000000000001	5ba1b9abdb30	9b35	7ffc3ab91b20	5ba1b6371d70	3	1	4114341e0c03521b	7ffc3ab95fb0	7e432d7fd010	4	7ffc3ab91c68
6.107534	9b89c	5ba1b62f4ba0	fffffffffffffa9f	5ba1b9b1c770	3047b	0	7ff	3047c	7ffc3ab91b20	1c9	0	4	1cb	7ffc3ab95fb0	7e432d7fd010	a937	7ffc3ab91d00
6.114630	9a6cd	5ba1b79fab00	7e432d11a708	5ba40d84d23a	5ba1b79fabc0	5ba1b626f010	7	3ef5	7ffc3ab91b10	5ba1b79fab60	0	1	4114341e0c03521b	7e432d11a708	5ba1b62dcc90	2ac2	5ba1b62dea30
6.126550	94c5b	8000000000000001	1	22	6113	7ffc3ab8fa58	7e432bcfb010	81	7ffc3ab8fa00	7ffc3ab919c0	11	5ba1b9cfb0f0	0	7ffc3ab95fb0	7ffc3ab919c0	0	11
6.134074	927c4	0	7ffc3ab95fb0	3044c	2ac	5ba1b9db46d0	7ff	8000000000000001	7ffc3ab8a960	0	2	fffffffffffff7f9	0	0	8000000000000001	3044c	7ffc3ab8aaa8
6.143338	930a3	5ba1b62f4500	7ffc3ab95fb0	9e3779b97f4a7c15	bf58476d1ce4e5b9	6f68261b57e7a770	ded04c36a	0	7ffc3ab8fb40	0	5ba1b8b90fe0	5ba1b8b91ec0	7e432de1ace0	5ba1b62f4ba0	6a0	5ba1b8b90ee0	7ffc3ab8fc58
6.156366	92ce2	7e432bcfb010	7ffc3ab95fb0	d71fc0	5ba1ba6137e0	7ffc3ab8e088	7ffc3ab8df60	8000000000000001	7ffc3ab8df40	0	5ba1ba613870	5ba1ba669c70	7e432de1ace0	35c7f	8000000000000001	5ba1ba613840	35c7f
6.167058	9bc13	0	0	7e432d9fe010	5ba1b9e0d550	5ba1b626f010	7	28bae	7ffc3ab91b20	5ba1b9e0d4f0	1	1	4114341e0c03521b	372b0	7e432d7fd010	1627a	7ffc3ab91d00
6.174717	9b744	7e432bcfb010	1	330880	5ba1b669e120	8000000000000001	7e432d9fe010	cc22	7ffc3ab91b20	5ba1b669e100	0	1	4114341e0c03521b	7ffc3ab95fb0	7e432d7fd010	10518	7ffc3ab91d00
6.186154	9a6bb	5ba1b6ef7e30	7e432d1c7d18	217a1	342	372b0	7e432d1c7d18	b28b	7ffc3ab91b10	1	0	1	1a10	7e432d1c7d18	5ba1b62dcc90	2bbe	5ba1b62dea30
6.196435	95c8f	5ba1b9aaf700	ba	43	7fff	d1928e28c8122a23	0	4b31	7ffc3ab90030	0	0	c2cd3a73f11838e1	ba3a3a1f68000505	0	c78c	b6ec	7ffc3ab91dd0
6.206391	93a3c	8000000000000002	0	68fa224cea69c740	4cee00	372b0	7e432bcfb010	7ffc3ab91a01	7ffc3ab90510	ba	4	7ffc3ab91b40	8000000000000001	0	1	133b8	7ffc3ab95fb0
6.212271	9278c	0	7ffc3ab95fb0	2f596	b	5ba1b7f01230	7ff	8000000000000001	7ffc3ab8d0c0	0	f127c31424b615c9	11	b5320e600c927308	0	8000000000000001	35c4a	7ffc3ab8d1d8
6.226634	92bf2	7e432bcfb010	7ffc3ab95fb0	71f00	8000000000000002	372b0	7ffc3ab8f820	1c7c	7ffc3ab8f800	0	5ba1b9e21680	5ba1b9e25b40	7e432de1ace0	7e432bd6cf10	8000000000000001	5ba1b9e21650	7ffc3ab8f948
6.233025	9b89c	5ba1b62f4680	fffffffffffffdcf	5ba1b88a9ad0	2689f	0	7ff	c7b7	7ffc3ab91b20	b9	0	4	bb	7ffc3ab95fb0	7e432d7fd010	2	7ffc3ab91c68
6.245250	9b744	7e432bcfb010	1	2561c0	5ba1b7156180	8000000000000001	7e432d9fe010	9587	7ffc3ab91b20	5ba1b7156160	0	1	4114341e0c03521b	7ffc3ab95fb0	7e432d7fd010	aff1	7ffc3ab91d00
6.258632	95e64	1623036c8df9740d	7ffc3ab8dd78	febd3b6f9c90feca	35a94e57c506fb20	3ca7be98a4b07e41	1000000000000000	5ba1b94baa10	7ffc3ab8dd70	8	0	c265c281d2d6992f	6debf8434b2f4339	c8	10a	bc	7ffc3ab8dd70
6.273789	99272	7e432d0bc010	0	7e432d252240	300	372b0	9	7ffc3ab91b01	7ffc3ab89000	8	0	7ffc3ab91ca0	8000000000000001	0	1	10ec2	7ffc3ab95fb0
6.282039	95bd0	0	be	5ba1b7e38750	0	0	1	7ffc3ab95fb0	7ffc3ab8bd40	5ba1b7d7c070	bc6e0	c2671a09550b76e9	6c1ce4cf7e97c7bf	0	82e4	a4eb	7ffc3ab91dd0
6.289275	9a68d	5ba1b781bed0	7ffc3ab8e500	16c1	38	5ba1b781bda0	5ba1b781bed0	7	7ffc3ab8e4a0	0	5ba1b781bed0	5ba1b781d5c0	7e432de1ace0	7	5ba1b781bed0	5ba1b781bd70	5ba1b781bea0
6.295420	9b89c	5ba1b62f5760	fffffffffffff1ed	5ba1b6dc72f0	0	c12b	7ff	c12c	7ffc3ab91b20	4b0	0	2	4b1	7ffc3ab95fb0	7e432d7fd010	5	7ffc3ab91c68
6.305629	9b744	7e432bcfb010	1	325480	5ba1b9e48050	8000000000000001	7e432d9fe010	c952	7ffc3ab91b20	5ba1b9e48030	2	2	4114341e0c03521b	7ffc3ab95fb0	7e432d7fd010	fe1d	7ffc3ab91d00
6.318016	9b76c	7e432bf0dcd0	1	0	8000000000000002	8000000000000001	7e432d9fe010	84b3	7ffc3ab91b20	5ba1b8bb5300	0	1	4114341e0c03521b	7ffc3ab95fb0	7e432d7fd010	2dbf	7ffc3ab91d00
6.331671	9324f	395e	7ffc3ab95fb0	ffffffffffffffa0	ffffffffffffffe0	47f	8000000000000001	73	7ffc3ab8fd28	0	ffffffffffffffe0	5ba1b6fb3940	7e432de1ace0	395e	660	66fc	7ffc3ab8fd78
6.337064	99691	f4474e8e04999433	91b	1227488cfc2581d	5ba1b9a3cb10	654d06e9a1a63770	872823eb74eaf146	5ba1b9a48340	7ffc3ab91110	8	0	b2be0a639038a2f7	cfc5188502f95498	ffff7710	590	5ba1b9a3cb10	5ba1b9a88dd0
6.348010	93a3c	8000000000000002	7ffc3ab95fb0	3f	9a7340	372b0	7e432bcfb010	8000000000000001	7ffc3ab8a350	7ffc3ab919c0	42	c74aea072723993f	2204efd10cfe3382	81	7ffc3ab919c0	269cd	42
6.361201	9b89c	5ba1b62f4fc0	ffffffffffffe8ba	5ba1ba451e80	0	31751	7ff	31752	7ffc3ab91b20	7c1	0	2	7c2	7ffc3ab95fb0	7e432d7fd010	6	7ffc3ab91c68
6.372627	9b89c	5ba1b62f47e0	fffffffffffff52f	5ba1b855a420	0	268fe	7ff	269d6	7ffc3ab91b20	39b	0	1	39b	7ffc3ab95fb0	7e432d7fd010	abe4	7ffc3ab91d00
6.381828	9a6cd	5ba1b6e10350	7e432d0c5d48	5ba40cfa6ae0	5ba1b6e104f0	5ba1b626f010	7	68d	7ffc3ab91b10	5ba1b6e10490	10	1	4114341e0c03521b	7e432d0c5d48	5ba1b62dcc90	2ec5	5ba1b62dea30
6.394254	945f0	0	7ffc3ab878b8	0	0	1	7ffc3ab878b8	5ba1b9a48620	7ffc3ab878a0	0	1	c7a0b8ad5a0d4009	9e1ca048ad56120	ffff8ffc	870	5ba1b9a36f50	7ffc3ab878b0
6.406933	9a68d	5ba1b6385d00	7ffc3ab8f0f8	40e1	20	5ba1b6385ca0	5ba1b6385d00	4	7ffc3ab8f090	0	5ba1b6385d00	5ba1b6389e00	7e432de1ace0	4	5ba1b6385d00	5ba1b6385c70	5ba1b6385cd0
6.414981	92794	36567	7ffc3ab95fb0	0	50	5ba1b9db46d0	7ff	8000000000000001	7ffc3ab8c5d0	0	b9c863e1d9fea23	7a	21d5de872a83f772	0	8000000000000001	2fcd9	7ffc3ab8c6e8
6.426745	9b744	7e432bcfb010	1	b10580	5ba1b9d50bb0	8000000000000001	5ba1b7dd9340	2c416	7ffc3ab91b20	5ba1b9d50b90	1	1	4114341e0c03521b	7ffc3ab95fb0	7e432d7fd010	3	7ffc3ab91c68
6.434474	9b89c	5ba1b62f5100	ffffffffffffea79	5ba1b6dbaad0	0	346fd	7ff	346fe	7ffc3ab91b20	72d	0	1	72d	7ffc3ab95fb0	7e432d7fd010	11c4f	7ffc3ab91d00
6.446985	9a6bb	5ba1b6fc4650	7e432d49fc08	7c77f	427	372b0	7e432d49fc08	297d5	7ffc3ab91b10	1	0	1	2138	7e432d49fc08	5ba1b62dcc90	2fcb	5ba1b62dea30
6.456450	9a56f	4	7ffc3ab8c000	5ba1b79f2090	0	372b0	7ffc3ab8c000	8000000000000001	7ffc3ab8bfa0	0	3efb	78	a64bd70f40bcf1c8	7e432d138f78	7e432d0bc010	2d6da	7ffc3ab8c0f8
6.465756	92c35	7e432bcfb010	7ffc3ab95fb0	2c1d40	8000000000000002	372b0	b075	b075	7ffc3ab8e0d0	0	5ba1b7523920	5ba1b7523f20	7e432de1ace0	7e432bfbcd50	8000000000000001	5ba1b75237c0	7ffc3ab8e1e8
6.472616	99691	f4474e8e049994a7	5d6	1227488cfc2581d	5ba1b7de6760	654d06e9a1a63770	872823eb74eaf1d2	5ba1b7df9c90	7ffc3ab8a450	8	0	aa90f41fddaafe66	dc1bf2b019b65262	ffffc000	950	5ba1b7de6760	5ba1b7e3a360
6.480848	92bf2	7e432bcfb010	7ffc3ab95fb0	386180	8000000000000002	372b0	7ffc3ab8f9f0	e186	7ffc3ab8f9d0	0	5ba1b79935d0	5ba1b7994640	7e432de1ace0	7e432c081190	8000000000000001	5ba1b79935a0	7ffc3ab8fae8
6.495944	930bb	5ba1b62f4500	7ffc3ab95fb0	9e3779b97f4a7c15	bf58476d1ce4e5b9	94d049bb133111eb	e220a838bf5c9dde	0	7ffc3ab8d4c0	1c4415071	5ba1b9e62440	5ba1b9e674c0	7e432de1ace0	5ba1b62f5080	b80	5ba1b9e622e0	7ffc3ab8d608
6.506051	9b744	7e432bcfb010	1	11c2c0	5ba1b770c8d0	8000000000000001	7e432d9fe010	470b	7ffc3ab91b20	5ba1b770c8b0	0	1	4114341e0c03521b	7ffc3ab95fb0	7e432d7fd010	155ac	7ffc3ab91d00
6.518261	22a18859b67e	ff07d5cddc79d100	ffffffffffffff50	8	31	5ba1b650d130	7e432de1ac80	0	7ffc3ab91a70	1	0	1	36d8	7e432d0e2698	0	8d0e	5ba1b62dea30
6.533145	9a6b7	5ba1b62dcc90	7e432d0c2490	c90	8000000000000002	372b0	7e432d0c2490	430	7ffc3ab8d1d0	0	5ba1ba58e680	5ba1ba58ede0	7e432de1ace0	7e432d0c2490	8000000000000001	5ba1ba58e580	7ffc3ab8d2f8
6.541516	99272	7e432d0bc010	0	7e432d12ac08	1f00	372b0	2da1	7ffc3ab91a01	7ffc3ab8f3e0	8	0	7ffc3ab91b40	8000000000000001	0	1	49d5	7ffc3ab95fb0
6.549346	993ad	7e432d0bc010	0	5ba1b74dda90	8000000000000000	372b0	1de550490c6f6763	7ffc3ab91b01	7ffc3ab8f840	cc	4	7ffc3ab91ca0	8000000000000001	0	1	11a2e	7ffc3ab95fb0
6.556756	95b63	7e432c666750	cc	25add	96b740	372b0	7e432c666750	7ffc3ab95fb0	7ffc3ab8e210	8	0	c07d701b363cd6a5	cc8fda0018a3fd7b	8000000000000001	25add	25add	7ffc3ab91dd0
6.571822	99327	7e432d0bc010	0	7e432d1fced8	1f00	372b0	5ba1b725dfd0	7ffc3ab91b01	7ffc3ab8d140	8000000000000000	0	7ffc3ab91ca0	8000000000000001	0	1	d5f3	7ffc3ab95fb0
6.582394	9bb5b	5ba1b62f4c80	5ba1b88ef801	5ba1b88f0070	5a	4a	b2ff	2799e	7ffc3ab91b20	1	0	4001	2d0	7ffc3ab95fb0	5ba1b62dcc90	12f31	5ba1b62dea30
6.595285	9b744	7e432bcfb010	1	2dc140	5ba1b67a6550	8000000000000001	7e432d9fe010	b705	7ffc3ab91b20	5ba1b67a6530	0	1	4114341e0c03521b	7ffc3ab95fb0	7e432d7fd010	5062	7ffc3ab91d00
6.607493	9a68d	5ba1b7f3b600	7ffc3ab8f570	10d1	38	5ba1b7f3b590	5ba1b7f3b600	7	7ffc3ab8f510	0	5ba1b7f3b600	5ba1b7f3c700	7e432de1ace0	7	5ba1b7f3b600	5ba1b7f3b560	5ba1b7f3b5d0
6.613304	92bf2	7e432bcfb010	7ffc3ab95fb0	55a700	8000000000000002	372b0	7ffc3ab8aca0	1569c	7ffc3ab8ac80	0	5ba1b9d77040	5ba1b9d77cd0	7e432de1ace0	7e432c255710	8000000000000001	5ba1b9d77010	7ffc3ab8ad98
6.621212	931f1	5ba1b9dcd710	7ffc3ab95fb0	ffffffffffffeec9	fffffffffffffa43	299be	f79f	6e	7ffc3ab88fc0	0	5ba1b9f1ac40	5ba1b9f1ad40	7e432de1ace0	5ba1b62f5c00	1700	5bd	7ffc3ab89108
6.632734	99288	7e432d0bc010	a0b4	7e432d0bc010	1f01	372b0	1e21c	7ffc3ab91a01	7ffc3ab8a0a0	8	0	7ffc3ab91b40	8000000000000001	0	1	0	7ffc3ab95fb0
6.647742	927b6	2b66f	7ffc3ab95fb0	0	207	5ba1b78949c0	3ff	8000000000000001	7ffc3ab87e80	0	1	fffffffffffff9eb	0	0	8000000000000001	0	7ffc3ab87fc8
6.656848	9b744	7e432bcfb010	1	c86740	5ba1b6c1de90	8000000000000001	7e432d9fe010	3219d	7ffc3ab91b20	5ba1b6c1de70	0	1	4114341e0c03521b	7ffc3ab95fb0	7e432d7fd010	1a23e	7ffc3ab91d00
6.666629	9b744	7e432bcfb010	1	1ea000	5ba1b6883d20	8000000000000001	7e432d9fe010	7a80	7ffc3ab91b20	5ba1b6883d00	2	1	4114341e0c03521b	7ffc3ab95fb0	7e432d7fd010	11765	7ffc3ab91d00
6.676106	9b89c	5ba1b62f50a0	fffffffffffff475	5ba1b7f59900	257d5	0	7ff	257d6	7ffc3ab91b20	3d9	0	1	3d9	7ffc3ab95fb0	7e432d7fd010	5b6f	7ffc3ab91d00
6.684504	22a18859a806	5ba1b7709180	5ba1b7709500	41	1	5ba1b7709180	5ba1b7709310	30	7ffc3ab8a910	5ba40d6be279	5ba1b7709570	40	7c	7e432de1ac98	7e432de1ac80	5ba1b7709530	5ba1b7709
6.697124	99420	5ba1b655dda0	12b51	5ba1b655ddd0	7	3895c	c107e574d2027832	7ffc3ab91a01	7ffc3ab8eea0	d6	4	7ffc3ab91b40	8000000000000001	0	1	0	7ffc3ab95fb0
6.709236	22a18859d382	4790	7e432de1ac80	30	5ba1b7761ff0	5ba1b7762030	0	38	7ffc3ab8fe30	0	0	5ba1b77667c0	7e432de1ace0	ffffffffffffff88	40	5ba1b626f010	2
6.720907	931f1	5ba1b7edf7b0	7ffc3ab95fb0	fffffffffffffd7b	ffffffffffffff29	fcaa	6cff	3	7ffc3ab8c2e0	0	5ba1b707ba80	5ba1b7080850	7e432de1ace0	5ba1b62f5340	e40	107	7ffc3ab8c428
6.732462	9a6b7	5ba1b79fd630	7e432d4a6418	7d481	1	38f42	7e432d4a6418	29c2b	7ffc3ab91b10	2	0	1	8	7e432d4a6418	5ba1b62dcc90	4	5ba1b62dea30
6.742788	9a6bb	5ba1b77b2ae0	7e432d1199b8	bb35	2b	38f42	7e432d1199b8	3e67	7ffc3ab91b10	3	2	2	158	7e432d1199b8	5ba1b62dcc90	14ec7	5ba1b62dea30
6.755521	9a6b7	5ba1b77bd240	7e432d16d7d8	162f9	2b	38f42	7e432d16d7d8	7653	7ffc3ab91b10	2	1	1	158	7e432d16d7d8	5ba1b62dcc90	672b	5ba1b62dea30
6.767015	9452e	0	7ffc3ab8a388	1	8	7ffc3ab8a380	7ffc3ab8a388	5ba1b7da88e0	7ffc3ab8a370	0	0	dafbcb80d567816	8a57ea491a8bafa1	b5d	321	d8	7ffc3ab8a380
6.776221	931f1	5ba1b95c9830	7ffc3ab95fb0	fffffffffffff532	fffffffffffffc66	0	33f	1	7ffc3ab8b1a0	0	5ba1ba5a2f00	5ba1ba5a3e90	7e432de1ace0	5ba1b62f5620	1120	39a	7ffc3ab8b2e8
6.789738	996ef	0	7ffc3ab913f8	1	0	7ffc3ab913f0	7ffc3ab913f8	5ba1b9a90200	7ffc3ab913f0	8	0	dafbcb80d7d5555	8a3a43cbebff58b0	fffff800	990	5ba1b9a7c4f0	7ffc3ab913f0
6.798548	9a56f	4	7ffc3ab8ca78	5ba1b9c22770	0	38f42	7ffc3ab8ca78	8000000000000001	7ffc3ab8ca10	0	c4ba	0	9414e2faf065d756	7e432d0bc010	7e432d254268	7d20	7ffc3ab8cb68
6.805872	93a3c	8000000000000002	7ffc3ab95fb0	81	cebc0	38f42	7e432bcfb010	8000000000000001	7ffc3ab8fbb0	7ffc3ab91960	10	7ffc3ab918b0	45c6fb37b440341f	81	7ffc3ab91960	33af	10
6.816600	22a18859a825	5ba1b6780ca0	5ba1b7dc5880	31	5ba1b65ba580	5ba1b6780ca0	5ba1b7dc98f0	40a0	7ffc3ab91910	5ba40dc7e4e9	5ba1b7dc9920	30	4114341e0c03521b	7e432de1aca0	7e432de1ac80	5ba1b7dc9920	5ba1b7dc9
6.831241	9a6bd	5ba1b6a2a9f0	7e432d0f7f08	77df	780	39338	7e432d0f7f08	27f5	7ffc3ab91b10	6	0	1	3c00	7e432d0f7f08	5ba1b62dcc90	c10f	5ba1b62dea30
6.842883	9b89c	5ba1b62f5180	fffffffffffff3d0	5ba1b9ef08a0	0	c904	7ff	1b03	7ffc3ab91b20	410	0	1	410	7ffc3ab95fb0	7e432d7fd010	34ce	7ffc3ab91d00
6.851108	94575	9522bd1c2072b45e	dc	9492952faf5c6f6d	8	7ffc3ab8e7e0	7ffc3ab8e7e8	5ba1b8a0bc40	7ffc3ab8e7d0	0	0	77692aef91156c32	90c10f949f74894a	513	3a4d	dc	7ffc3ab8e7e0
6.859453	93a3c	8000000000000002	de	5ba1b9a42590	a1d040	39338	7e432bcfb010	7ffc3ab95fb0	7ffc3ab8c000	8	0	c15ed839b6ec19b9	541dea407214e172	8000000000000001	0	28741	7ffc3ab91dd0
6.870656	927c4	5b5e	7ffc3ab95fb0	0	36c	5ba1b8bc6990	7ff	8000000000000001	7ffc3ab8b260	0	4000	fffffffffffff592	3167b266b35d5f9e	0	8000000000000001	355e9	7ffc3ab8b378
6.879245	93a3c	8000000000000002	de	5ba1b9a42590	b207c0	39338	7e432bcfb010	7ffc3ab95fb0	7ffc3ab8e0a0	8	0	c2fd48915ac416c7	521167ceae13d142	8000000000000001	0	2c81f	7ffc3ab91dd0
6.890232	9a6cd	5ba1b8905da0	7e432d502b78	5ba4028bd645	5ba1b8905f40	5ba1b626f010	7	2d9cf	7ffc3ab91b10	5ba1b8905ee0	0	2	4114341e0c03521b	7e432d502b78	5ba1b62dcc90	4	5ba1b62dea30
6.896550	9a6cd	5ba1b678dbe0	7e432d4f8f48	5ba40c63bb2d	5ba1b678dca0	5ba1b626f010	7	2d34d	7ffc3ab91b10	5ba1b678dc40	1	2	4114341e0c03521b	7e432d4f8f48	5ba1b62dcc90	19542	5ba1b62dea30
6.902966	9a6bb	5ba1b9cf1e60	7e432d24fa80	3274e	123	39bb2	7e432d24fa80	10d1a	7ffc3ab91b10	2	1	1	918	7e432d24fa80	5ba1b62dcc90	123a4	5ba1b62dea30
6.915146	9b89c	5ba1b62f4b00	ffffffffffffe86f	5ba1b732e220	0	5948	7ff	6488	7ffc3ab91b20	7db	0	1	7db	7ffc3ab95fb0	7e432d7fd010	35cf	7ffc3ab91d00
6.924521	92b70	7e432d7fd010	7ffc3ab95fb0	0	5ba1b7743d10	39bb2	28f64	8000000000000001	7ffc3ab89d00	0	5ba1b682b670	5ba1b682b8f0	7e432de1ace0	7e432d493170	8000000000000001	5ba1b682b640	7ffc3ab89e18
6.933770	95e98	98c2f76143b997f1	7ffc3ab90328	a35a71bf5b8df0b3	5845a7db901c4fe	5c0f89a4ac81b8a6	1000000000000000	7ffc3ab95fb0	7ffc3ab90320	8	0	c27d90f66a37b969	3843330ea0fa537d	1e5a6	0	e2	7ffc3ab90320
6.946940	9a56f	2	7ffc3ab8c480	5ba1b76593b0	0	39bb2	7ffc3ab8c480	8000000000000001	7ffc3ab8c420	0	faf9	7e	4b5ad04ea95f2a6f	7e432d4c9b30	7e432d0bc010	fef0	7ffc3ab8c578
6.955415	945f3	0	0	1	0	7ffc3ab8b950	7ffc3ab8b958	5ba1b8a85020	7ffc3ab8b940	8	0	c05c0b4c9b1b9d75	79beaf2168f2851	fffffffe	1c40	5ba1b8a4aba0	7ffc3ab8b950
6.969995	9b2e7	0	5ba1ba549310	5ba4004f3149	5ba1ba549400	5ba1b626f010	7	279b3	7ffc3ab91b00	5ba1ba549340	3	1	4114341e0c03521b	7e432d4728d8	5ba1b62dcc90	4	5ba1b62dea30
6.976194	9a6cd	5ba1b75f2330	7e432d541398	5ba40d445122	5ba1b75f24d0	5ba1b626f010	7	3037b	7ffc3ab91b10	5ba1b75f2470	0	1	4114341e0c03521b	7e432d541398	5ba1b62dcc90	158f1	5ba1b62dea30
6.988287	9b89c	5ba1b62f5180	fffffffffffff376	5ba1b9ef08a0	0	f387	7ff	af9a	7ffc3ab91b20	42e	0	1	42e	7ffc3ab95fb0	7e432d7fd010	8999	7ffc3ab91d00
6.996818	9a6bb	5ba1b6314080	7e432d4a0d90	7c9b0	682	39bb2	7e432d4a0d90	29890	7ffc3ab91b10	2	1	1	3410	7e432d4a0d90	5ba1b62dcc90	36bd	5ba1b62dea30
7.003479	95e72	911277c139bb881a	7ffc3ab8e748	e767768f062d5252	cbb3fa0a6c980772	a8350cc35dbbd4d2	1000000000000000	7ffc3ab95fb0	7ffc3ab8e740	8	0	c0a0beb9f152e8db	5470d4f64dc4d9e3	0	2f4bd	e4	7ffc3ab8e740
7.012441	99709	0	7ffc3ab87878	1	0	7ffc3ab87870	7ffc3ab87878	7ffc3ab91a30	7ffc3ab87870	8	0	c1669129e7561f8c	fb096083f1f76aff	0	1	7ffc3ab87910	7ffc3ab87870
7.019514	99418	5ba1b94eb070	25aad	8000000000000000	f01	39bb2	6e4dea818e50ced8	7ffc3ab91b01	7ffc3ab8ac80	e4	4	7ffc3ab91ca0	8000000000000001	0	1	0	7ffc3ab95fb0
7.030313	92b2f	5ba1b6b92000	7ffc3ab95fb0	7	1	7	5ba1b6b91fe0	8000000000000001	7ffc3ab8fcf0	0	5ba1b6b92000	5ba1b6b97520	7e432de1ace0	7e432d4ff698	7e432d0bc010	51ae	7ffc3ab8fe08
7.039883	993c7	7e432d0bc010	0	d25763042f1e1d42	5ba1b7d7bd40	39bb2	7	7ffc3ab91a01	7ffc3ab8ec60	e6	4	7ffc3ab91b40	8000000000000001	0	1	fd4e	7ffc3ab95fb0
7.046878	9bc13	1	1	5ba1b8a4af90	5ba1b7d7a680	5ba1b626f010	7	a9d	7ffc3ab91b20	5ba1b7d7a660	0	1	4114341e0c03521b	39bb2	7e432d7fd010	4	7ffc3ab91c68
7.061104	9a6b7	5ba1b68f21d0	7e432d100dd0	89b8	648	39bb2	7e432d100dd0	2de8	7ffc3ab91b10	6	5	8	3240	7e432d100dd0	5ba1b62dcc90	be54	5ba1b62dea30
7.072378	9a6c0	5ba1b79e6880	7e432d28c608	3a0bf	197	39bb2	5ba1b79e6880	13595	7ffc3ab91b10	15	5	1	cb8	7e432d28c608	5ba1b62dcc90	37bc	5ba1b62dea30
7.086457	93a3c	8000000000000002	0	cad6ba4daf843174	384140	39bb2	7e432bcfb010	7ffc3ab91a01	7ffc3ab8e650	ea	4	7ffc3ab91b40	8000000000000001	0	1	e105	7ffc3ab95fb0
7.097875	931c7	5ba1b9ccb5e0	7ffc3ab95fb0	7ff	113	1	ffcf	4d	7ffc3ab8be40	0	5ba1b70c4390	5ba1b70c6210	7e432de1ace0	5ba1b62f5440	f40	113	7ffc3ab8bf88
7.103591	9278c	3762e	7ffc3ab95fb0	0	1fa	5ba1b9d818a0	7ff	8000000000000001	7ffc3ab8a2a0	0	c9dd0dfcf9232db3	1b	ac3d2589796fbc3a	0	8000000000000001	34031	7ffc3ab8a3b8
7.112938	92b5b	654d06e9	7ffc3ab95fb0	0	5ba1ba54dec0	4	0	8000000000000001	7ffc3ab8b730	0	5ba1ba54def0	5ba1ba5534f0	7e432de1ace0	7e432d0bc010	8000000000000001	5ba1ba54ddf0	7ffc3ab8b848
7.119309	92bf2	7e432bcfb010	7ffc3ab95fb0	ea240	8000000000000002	39bb2	7ffc3ab90de0	3a89	7ffc3ab90dc0	0	5ba1b7d47da0	5ba1b7d59eb0	7e432de1ace0	7e432bde5250	8000000000000001	5ba1b7d47ca0	7ffc3ab90f08
7.132355	9b720	7e432d7fd010	1	288080	8000000000000002	3a778	7e432d9fe010	13bf9	7ffc3ab91b20	5ba1b896c010	5	1	4114341e0c03521b	7ffc3ab95fb0	7e432d7fd010	19ebe	7ffc3ab91d00
7.141294	9bc13	0	0	7e432d9fe010	5ba1b767a100	5ba1b626f010	7	c47f	7ffc3ab91b20	5ba1b767a0a0	0	1	4114341e0c03521b	3a778	7e432d7fd010	12c7f	7ffc3ab91d00
7.152518	9b89c	5ba1b62f58c0	fffffffffffff043	5ba1b9d8f240	0	2bbf0	7ff	2bbf1	7ffc3ab91b20	53f	0	401	53f	7ffc3ab95fb0	7e432d7fd010	38bd	7ffc3ab91d00
7.166145	95d30	5ba1b8b4aaf0	ee	39	7fff	418a	1	418a	7ffc3ab8fdf0	6e01	0	df9c6ed472cdf9e5	daffafbf4a24b499	13e47	0	103c	7ffc3ab91dd0
7.174360	22a18859d560	4241	7e432de1ac80	72	5ba1b9603490	5ba1b71c7ca0	0	5ba1b8899ac0	7ffc3ab8e550	0	0	4a51	7e432de1ace0	ffffffffffffff88	30	5ba1b626f010	1
7.184850	99e74	5ba1b99acb20	2bdd	ffffe000	fffffffffff64080	4deb	7fff	5ba1b99ad910	7ffc3ab873e0	8	0	c7a1f6b722ce2db2	43b28a579426a48b	fffff000	df0	fffffffffffe4060	5ba1b8b4aaf0
7.199609	948d0	397b6	1	81	5ba1b9eab8d0	0	7ffc3ab95fb0	81	7ffc3ab859e0	7ffc3ab919c0	6c	5ba1b6a2a160	0	7ffc3ab95fb0	7ffc3ab919c0	0	6c
7.212660	9a6bb	5ba1b89d39f0	7e432d4f0788	868ef	49b	3b83e	7e432d4f0788	2cda5	7ffc3ab91b10	2	0	1	24d8	7e432d4f0788	5ba1b62dcc90	2	5ba1b62dea30
7.226921	9baba	5ba1b62f5040	5ba1b9cb63d8	5ba1b9cbedc0	13ed8	0	7ff	15bf	7ffc3ab91b20	5bf	0	1	5bf	7ffc3ab95fb0	7e432d7fd010	135d3	7ffc3ab91d00
7.232938	9b89c	5ba1b62f5b80	fffffffffffff8d1	5ba1ba613f70	8bcb	0	7ff	8bcc	7ffc3ab91b20	265	0	1	265	7ffc3ab95fb0	7e432d7fd010	9f4b	7ffc3ab91d00
7.238958	9b744	7e432bcfb010	1	19e800	5ba1b7553180	8000000000000001	7e432d9fe010	67a0	7ffc3ab91b20	5ba1b7553160	b	1	4114341e0c03521b	7ffc3ab95fb0	7e432d7fd010	5430	7ffc3ab91d00
7.245847	22a18859a806	5ba1b65dd270	5ba1b6e64d90	91	7e432de1ace0	5ba1b65dd270	5ba1b6e64d90	110	7ffc3ab89950	5ba40cfd2154	5ba1b6e64f30	90	7c	7e432de1aca0	7e432de1ac80	5ba1b6e64ea0	5ba1b6e64
7.256057	99352	7e432d0bc010	b385	7e432d0bc010	f01	3b83e	5ba1b6946550	7ffc3ab91a01	7ffc3ab8da60	8000000000000000	0	7ffc3ab91b40	8000000000000001	0	1	0	7ffc3ab95fb0
7.266400	991d6	dc6	1290a	5ba1b99782f0	1fff	0	1800000000000000	7ffc3ab91a30	7ffc3ab86620	8	0	7ffc3ab91b40	f816d4430c910920	0	1	0	7ffc3ab95fb0
7.276750	92bf2	7e432bcfb010	7ffc3ab95fb0	3ea980	8000000000000002	3b83e	7ffc3ab8ae90	faa6	7ffc3ab8ae70	0	5ba1b708ee80	5ba1b70918e0	7e432de1ace0	7e432c0e5990	8000000000000001	5ba1b708ee50	7ffc3ab8af88
7.283446	927c4	0	7ffc3ab95fb0	331ac	56e	5ba1b7e4c770	7ff	8000000000000001	7ffc3ab8c780	0	2000	ffffffffffffef8f	70af158f3568556a	0	8000000000000001	d3d9	7ffc3ab8c898
7.297969	928f7	3ca23	7ffc3ab95fb0	0	1d1	5ba1b9cbedc0	3ca23	8000000000000001	7ffc3ab8d640	10	b38a	27	0	0	8000000000000001	0	7ffc3ab8d788
7.307918	9b744	7e432bcfb010	1	e65740	8000000000000002	8000000000000002	7e432d9fe010	3995d	7ffc3ab91b20	5ba1b9e5ce20	1	1	4114341e0c03521b	7ffc3ab95fb0	7e432d7fd010	1afd2	7ffc3ab91d00
7.322710	9a6c0	5ba1b9e863a0	7e432d29d828	3c303	697	3d1de	5ba1b9e863a0	14101	7ffc3ab91b10	1	0	1	34b8	7e432d29d828	5ba1b62dcc90	8d0c	5ba1b62dea30
7.337697	94593	734e69b4e93a0b1b	352ac	92b8d158b8728208	8	7ffc3ab8fc10	7ffc3ab8fc18	7ffc3ab95fb0	7ffc3ab8fc00	8	0	dafbcb80127a6a9	8a5010463d0a87f8	8000000000000001	352ad	f4	7ffc3ab8fc10
7.343795	93105	5ba1b9be9c90	7ffc3ab95fb0	7ff	bf58476d1ce4e5b9	94d049bb133111eb	3470f882a7083e71	43	7ffc3ab90320	e220a8397b1dcdaf	5ba1b639c8d0	5ba1b639db00	7e432de1ace0	5ba1b62f49e0	4e0	86b4bfeedb05af28	7ffc3ab90438
7.352321	93cc5	5ba1b66db0f0	13d8d	39	1ff	1649ba76fc984fe6	11e18	100	7ffc3ab84ab0	75	0	5ba1b66ddad0	0	147	14f	7ffc3ab84b40	7ffc3ab918b0
7.361433	22a18859cdcb	1	7e432de1ac80	20	7e432de1ad20	7e432de1ad10	0	38	7ffc3ab8ede0	0	5ba1b76cdf10	5ba1b76cece0	7e432de1ace0	2	40	4	5ba1b76cdf10
7.371473	927b6	0	7ffc3ab95fb0	2b00d	a0	5ba1b9ed0d20	7ff	8000000000000001	7ffc3ab90360	0	1	fffffffffffffe20	0	0	8000000000000001	2b00d	7ffc3ab904a8
7.380808	99475	7e432bcfb010	0	8000000000000000	0	3d1de	7e432bcfb010	8000000000000001	7ffc3ab87d40	f4	4	7ffc3ab91ca0	8000000000000001	0	1	29305	7ffc3ab95fb0
7.388882	9b720	7e432d7fd010	1	35e3c0	8000000000000002	3d1de	7e432d9fe010	15fa8	7ffc3ab91b20	5ba1b79e51a0	a	2	4114341e0c03521b	7ffc3ab95fb0	7e432d7fd010	1a9fd	7ffc3ab91d00
7.400318	9b86f	5ba1b62f4f00	94d049bb133111eb	5ba1ba493050	0	e9c6	7ff	d68f	7ffc3ab91b20	5f8	0	1f	9e3779b97f4a7c15	7ffc3ab95fb0	7e432d7fd010	c91d	7ffc3ab91d00
7.405567	9b744	7e432bcfb010	1	14fe40	5ba1b78d9570	8000000000000001	7e432d9fe010	53f9	7ffc3ab91b20	5ba1b78d9550	0	1	4114341e0c03521b	7ffc3ab95fb0	7e432d7fd010	72f9	7ffc3ab91d00
7.413058	9b744	7e432bcfb010	1	a07840	8000000000000002	8000000000000002	7e432d9fe010	281e1	7ffc3ab91b20	5ba1b7937fa0	2	2	4114341e0c03521b	7ffc3ab95fb0	7e432d7fd010	1f9e	7ffc3ab91d00
7.426939	92bf2	7e432bcfb010	7ffc3ab95fb0	ea200	8000000000000002	3d1de	7ffc3ab8b880	3a88	7ffc3ab8b860	0	5ba1b892af40	5ba1b892be90	7e432de1ace0	7e432bde5210	8000000000000001	5ba1b892af10	7ffc3ab8b9a8
7.436882	99254	0	2c678	fa	1fff	3d1de	139e	7ffc3ab91a30	7ffc3ab87ca0	8	0	7ffc3ab91b40	2933235693bf46e4	0	1	0	7ffc3ab95fb0
7.442158	93a3c	8000000000000002	30e8e	3ef09d7241cc519b	c3a380	3d1de	7e432bcfb010	8000000000000000	7ffc3ab8b030	f8	4	7ffc3ab91ca0	8000000000000001	0	1	0	7ffc3ab95fb0
7.452766	22a18859e238	5ba1b76e0cb0	7e432de1ac80	39d1	31	5ba1b76e0cd0	0	28	7ffc3ab8f6e0	0	5ba1b76e0cb0	5ba1b76e46a0	7e432de1ace0	1	7e432d0bc010	5ba1b76e0c40	7ffc3ab8f8a8
7.463255	9455a	daebdfe95d70e6ee	0	ba65b7e3947ebff8	8	7ffc3ab8f540	7ffc3ab8f548	2617	7ffc3ab8f530	0	0	dda2a15f10e75931	cff04fe753472410	0	1	7ffc3ab8f630	7ffc3ab8f540
7.469998	9b89c	5ba1b62f5f80	ffffffffffffe890	5ba1ba62eed0	0	374a0	7ff	374a1	7ffc3ab91b20	7d0	0	1	7d0	7ffc3ab95fb0	7e432d7fd010	2	7ffc3ab91c68
7.475550	9bc13	0	0	7e432d9fe010	5ba1b6ce6a10	5ba1b626f010	7	3c3b5	7ffc3ab91b20	5ba1b6ce69b0	1	2	4114341e0c03521b	3d1de	7e432d7fd010	1b0cc	7ffc3ab91d00
7.486685	9b89c	5ba1b62f5340	ffffffffffffedeb	5ba1b7edf7b0	0	2e0be	7ff	2e0bf	7ffc3ab91b20	607	0	1	607	7ffc3ab95fb0	7e432d7fd010	d739	7ffc3ab91d00
7.500796	22a18859a806	5ba1b707bbf0	5ba1b7893ee0	41	7e432de1ace0	5ba1b707bbf0	5ba1b7893ee0	90	7ffc3ab89290	5ba40d924723	5ba1b7893fb0	40	7c	7e432de1ac98	7e432de1ac80	5ba1b7893f70	5ba1b7893
7.509058	95bc0	0	fc	5ba1b8ac4bb0	0	2ebc6	7ffc3ab95fb0	7ffc3ab95fb0	7ffc3ab8fad0	5ba1b8aa2f30	21c80	dd79ed23000df6c7	d903cf8f2d2896b7	0	0	2ebc7	7ffc3ab91dd0
7.517241	9a6bb	5ba1b62dcc90	7e432d1aa2e8	1dc5b	8000000000000002	3d1de	7e432d1aa2e8	9ec9	7ffc3ab87bd0	0	5ba1b6ebae20	5ba1b6ebbb40	7e432de1ace0	7e432d1aa2e8	8000000000000001	5ba1b6ebad80	7ffc3ab87d38
7.527553	931f1	5ba1b6750030	7ffc3ab95fb0	ffffffffffffff97	ffffffffffffffdd	30b74	6e1	7c	7ffc3ab89010	0	5ba1b8973520	5ba1b8973a60	7e432de1ace0	5ba1b62f63c0	1ec0	23	7ffc3ab89128
7.541895	9a68d	5ba1b6b898e0	7ffc3ab8c3a8	4b71	20	5ba1b6b89880	5ba1b6b898e0	4	7ffc3ab8c340	0	5ba1b6b898e0	5ba1b6b8e470	7e432de1ace0	4	5ba1b6b898e0	5ba1b6b89850	5ba1b6b898b0
7.549761	9b89c	5ba1b62f6260	ffffffffffffecf8	5ba1ba5d0100	29f18	0	7ff	29f19	7ffc3ab91b20	657	0	2	658	7ffc3ab95fb0	7e432d7fd010	156f8	7ffc3ab91d00
7.564323	9b89c	5ba1b62f46c0	fffffffffffff7ea	5ba1b88b62f0	108d5	0	7ff	4ab9	7ffc3ab91b20	2af	0	8	2b2	7ffc3ab95fb0	7e432d7fd010	3da0	7ffc3ab91d00
7.572640	99288	7e432d0bc010	bc51	7e432d0bc010	1	3d1de	234f3	7ffc3ab91c01	7ffc3ab91620	8	0	5ba1b701c2a0	8000000000000001	0	1	0	7ffc3ab95fb0
7.578597	9454c	734e6b1e96cc8a22	7ffc3ab917f8	92ba219ab8728208	8	7ffc3ab917f0	7ffc3ab917f8	7ffc3ab91cf0	7ffc3ab917e0	0	0	dafbcb80457566b	8a3a4746775f546d	0	1	7ffc3ab91890	7ffc3ab917f0
7.584643	9a6cd	5ba1b62eb020	7e432d4e0df8	5ba40c35d2aa	5ba1b62eb040	5ba1b626f010	7	2c33f	7ffc3ab91b10	5ba1b62eafc0	2	1	4114341e0c03521b	7e432d4e0df8	5ba1b62dcc90	2	5ba1b62dea30
7.594792	22a18859b77f	4	4	5ba1b6466ba0	5ba1b6466c00	5ba1b626f010	7	5ba1b6466b90	7ffc3ab91a60	5ba1b6466ba0	0	2	4114341e0c03521b	7e432de1ac80	0	5ba1b6466bd0	5ba1b62dea30
7.606197	22a18859a87f	5ba1b662da90	5ba1b662dcb0	7e432de1ac98	30	5ba1b662da90	5ba1b662dbc0	30	7ffc3ab915a0	5ba40c79bacd	5ba1b662dcb0	30	7c	7e432de1ac98	7e432de1ac80	5ba1b662dcb0	5ba1b662d
7.612881	9850c	91	7ffc3ab91d00	5ba1b7700710	3ff	5ba1b7700700	20	7	7ffc3ab915b0	0	0	dafbcb807ff1838	8a23f354e3c2296a	2d	7ffc3ab95fb0	cda9	2d
7.627154	98575	d	7ffc3ab91d00	5ba1b6cfeda0	ff	5ba1b6cfed90	7e432bcfb010	2e	7ffc3ab8f600	3830	0	dafbcb8066650b9	8a5af5ed245a4f48	8000000000000001	7ffc3ab95fb0	3059c	33
7.633279	9a6bb	5ba1b6aa36b0	7e432d63e040	b0406	725	3d1de	7e432d63e040	3ac02	7ffc3ab91b10	20	10	1	3928	7e432d63e040	5ba1b62dcc90	75f	5ba1b62dea30
7.643655	22a18859d560	4421	7e432de1ac80	72	5ba1b76fc700	5ba1b6883740	0	5ba1b8567450	7ffc3ab900b0	0	0	4ba1	7e432de1ace0	ffffffffffffff88	30	5ba1b626f010	1
7.657815	94447	f4474e8e049992b2	7ffc3ab8fe58	1227488cfc2581d	8	7ffc3ab8fe50	7ffc3ab8fe58	24	7ffc3ab8fe40	eb51448e1a8f85a6	1128628bd8d25203	7e432de1ad20	7e432de1ace0	3f	2c046	36334	7ffc3ab91d00
7.667997	9278c	0	7ffc3ab95fb0	15d0b	6ff	5ba1b6f48ea0	7ff	8000000000000001	7ffc3ab913e0	0	ec8cd6266bb16fe4	75	ffffffffffff97d0	43	8000000000000001	32e8a	7ffc3ab91538
7.673377	22a18859a862	5ba1b62eed20	5ba1b6329710	30	31	5ba1b62eed20	5ba1b62eee50	120	7ffc3ab915a0	5ba40c29f5fe	5ba1b6329710	30	7c	7e432de1ac98	7e432de1ac80	5ba1b62eef70	5ba1b62ee
7.687480	94564	f569c316d45bf589	27aae	fc79a719f35fb325	8	7ffc3ab916d0	7ffc3ab916d8	5ba1b66059d0	7ffc3ab916c0	0	0	bbf8daee9f5855ad	1128628bd8d028ad	ffffb800	20	5ba1b6605430	7ffc3ab916d0
7.696125	9b720	7e432d7fd010	1	5ea040	8000000000000002	3d1de	7e432d9fe010	d051	7ffc3ab91b20	5ba1b64cf9f0	1	1	4114341e0c03521b	7ffc3ab95fb0	7e432d7fd010	658	7ffc3ab91d00
7.705591	984a3	23542	7ffc3ab91d00	7ffc3ab91d00	4d	0	7ffc3ab95fb0	4c	7ffc3ab8de50	dfca	0	dafbcb838462a41	8a1fd866a180027f	4d	12c0a	12c0a	7ffc3ab95fb0
7.718316	9a6bb	5ba1b6b86680	7e432d4d6178	8342d	327	3d1de	7e432d4d6178	2bc0f	7ffc3ab91b10	1	0	2	1938	7e432d4d6178	5ba1b62dcc90	989	5ba1b62dea30
7.729226	9b89c	5ba1b62f4f20	ffffffffffffee03	5ba1b8b894e0	3c183	0	7ff	28954	7ffc3ab91b20	5ff	0	1	5ff	7ffc3ab95fb0	7e432d7fd010	43	7ffc3ab91d00
7.738965	9b2e7	0	5ba1b62e9900	5ba40c35fbb9	5ba1b62e9950	5ba1b626f010	7	2b64a	7ffc3ab91b10	5ba1b62e9930	1	1	4114341e0c03521b	7e432d4cd700	5ba1b62dcc90	36	5ba1b62dea30
7.748076	931f1	5ba1b85413e0	7ffc3ab95fb0	ffffffffffffedee	fffffffffffff9fa	0	fdfe	6d	7ffc3ab91240	0	5ba1b672c050	5ba1b672c130	7e432de1ace0	5ba1b62f4660	160	606	7ffc3ab91398
7.759934	9b89c	5ba1b62f4620	ffffffffffffea1c	5ba1b6f48ea0	0	8d5e	7ff	25e3c	7ffc3ab91b20	74c	0	1	74c	7ffc3ab95fb0	7e432d7fd010	3d	7ffc3ab91d00
7.767541	9b86f	5ba1b62f4980	94d049bb133111eb	5ba1b9bdd470	0	8cf2	7ff	b	7ffc3ab91b20	189	0	c	9e3779b97f4a7c15	7ffc3ab95fb0	7e432d7fd010	b30	7ffc3ab91d00
7.782095	98a02	7fffffffffffffff	7ffc3ab91b80	7e432d9fe010	5ba1b695ed80	5ba1b626f010	8000000000000001	13825	7ffc3ab91b10	5ba1b695ed60	0	1	4114341e0c03521b	7ffc3ab95fb0	7e432d7fd010	3e	7ffc3ab91d00
7.795473	22a18859e3db	31	ffffffffffffff50	5ba40d0b8f6f	ffffffffffffff88	5ba1b710fd00	5ba1b710fd10	0	7ffc3ab91ae0	5ba1b710fd40	0	1	4114341e0c03521b	7e432d22c8d8	5ba1b62dcc90	42	5ba1b62dea30
7.803556	9278c	0	7ffc3ab95fb0	ad10	3ad	5ba1b888ca90	7ff	8000000000000001	7ffc3ab90d60	20	0	79	ffffffffffffdba0	62	8000000000000001	e777	7ffc3ab90eb8
7.818043	984b8	0	7ffc3ab91d00	7ffc3ab91d00	65	2495	7ffc3ab95fb0	57	7ffc3ab8d4b0	800	0	dafbcb83a1721da	8a3ecafc64ec0a5c	65	2497	2495	65
7.831174	9a68d	5ba1b67ed040	7ffc3ab915a0	431	38	5ba1b67eceb0	5ba1b67ed040	7	7ffc3ab91540	0	5ba1b67ed040	5ba1b67ed4a0	7e432de1ace0	7	5ba1b67ed040	5ba1b67ece80	5ba1b67ed010
7.839429	9b89c	5ba1b62f4de0	fffffffffffff23e	5ba1b8bfa110	0	e3e	7ff	1368c	7ffc3ab91b20	495	0	2	496	7ffc3ab95fb0	7e432d7fd010	41	7ffc3ab91d00
7.850964	93a3c	8000000000000002	7ffc3ab91d00	5ba1b8b563c0	179140	3d1de	7e432bcfb010	69	7ffc3ab8c600	400	0	dafbcb83a489c18	8a3190d83fa29720	8000000000000001	7ffc3ab95fb0	5e45	6b
7.859779	22a18859a806	5ba1b6f799e0	5ba1b6f79a50	31	7e432de1ace0	5ba1b6f799e0	5ba1b6f79a50	120	7ffc3ab915a0	5ba40cecf409	5ba1b6f79b70	30	7c	7e432de1ac98	7e432de1ac80	5ba1b6f79b70	5ba1b6f79
7.873674	9a6bb	5ba1b62dcc90	7e432d21dad0	2c358	8000000000000002	3d1de	7e432d21dad0	ebc8	7ffc3ab8d540	0	5ba1b67391e0	5ba1b6739d40	7e432de1ace0	7e432d21dad0	8000000000000001	5ba1b67391b0	7ffc3ab8d6a8
7.882767	9854b	1d7	7ffc3ab91d00	5ba1b7700710	3ff	5ba1b7700700	0	45	7ffc3ab8e350	0	0	dafbcb83ab83ac0	8a1ddd2d91f37561	71	7ffc3ab95fb0	13c17	71
7.897862	22a18859d560	4421	7e432de1ac80	72	5ba1b76fc700	5ba1b9d38590	0	5ba1b8567450	7ffc3ab8cf20	0	0	4b71	7e432de1ace0	ffffffffffffff88	30	5ba1b626f010	1
7.904789	9a6cd	5ba1b67df7d0	7e432d1fdef8	5ba40c9ebe92	5ba1b685c980	5ba1b626f010	7	d69f	7ffc3ab91b10	5ba1b7712280	0	1	4114341e0c03521b	7e432d1fdef8	5ba1b62dcc90	3f	5ba1b62dea30
7.915408	931f1	5ba1b6e0f480	7ffc3ab95fb0	fffffffffffff0e8	fffffffffffffaf8	0	3f	6d	7ffc3ab90130	0	5ba1b9e15570	5ba1b9e167c0	7e432de1ace0	5ba1b62f4900	400	508	7ffc3ab90288
7.927072	9a6b7	5ba1b62dcc90	7e432d28e438	3a485	8000000000000002	3d1de	7e432d28e438	136d7	7ffc3ab8e310	0	5ba1b662d0d0	5ba1b662d6d0	7e432de1ace0	7e432d28e438	8000000000000001	5ba1b662d030	7ffc3ab8e478
7.937760	9b86f	5ba1b62f51a0	94d049bb133111eb	5ba1b9c13140	1378c	0	7ff	1378d	7ffc3ab91b20	155	0	71	9e3779b97f4a7c15	7ffc3ab95fb0	7e432d7fd010	1020	7ffc3ab91d00
7.950817	9a6b7	5ba1b699e090	7e432d497f10	7b7e0	363	3d1de	7e432d497f10	292a0	7ffc3ab91b10	1	0	1	1b18	7e432d497f10	5ba1b62dcc90	fe8	5ba1b62dea30
7.960514	931f1	5ba1b9c58020	7ffc3ab95fb0	fffffffffffff66a	fffffffffffffcce	0	e97f	47	7ffc3ab8ce00	0	5ba1b67417c0	5ba1b6741890	7e432de1ace0	5ba1b62f50e0	be0	332	7ffc3ab8cf58
7.967883	986d9	f4474e8e04999c8e	7ffc3ab8be68	1227488cfc2581d	0	654d06e9a1a63770	872823eb74eaf9fb	72	7ffc3ab8be60	eb51448e1a8f8b9a	1128628bd8d25203	dafbcb83ba65a0f	8a59a2cdbcec5512	7f	7ffc3ab95fb0	0	7f
7.977000	9b89c	5ba1b62f5220	fffffffffffff8a4	5ba1b7ec6770	0	9184	7ff	49c0	7ffc3ab91b20	274	0	1	274	7ffc3ab95fb0	7e432d7fd010	37	7ffc3ab91d00
7.990429	930f5	5ba1b62f4500	7ffc3ab95fb0	805821f2fa6bf778	bf58476d1ce4e5b9	94d049bb133111eb	86ca8f719a80905b	f4b0993d149bf178	7ffc3ab91820	e220a8397b1dcdaf	5ba1b7573910	5ba1b7573990	7e432de1ace0	5ba1b62f4580	80	1e961327a	7ffc3ab91968
7.998487	9b2b9	5ba1b6742120	7e432d6408a8	b0913	671	3d1de	5ba1b6742120	3adb1	7ffc3ab91b08	4	2	8	3388	7e432d6408a8	5ba1b62dcc90	1	5ba1b62dea30
8.010702	9bc39	1	0	7e432d9fe010	5ba1b74d9740	5ba1b626f010	7	0	7ffc3ab91b20	5ba1b74d9720	10	1	4114341e0c03521b	3d1de	7e432d7fd010	f76	7ffc3ab91d00
8.018804	9a68d	5ba1b9ede290	7ffc3ab90ff8	841	20	5ba1b9ede230	5ba1b9ede290	4	7ffc3ab90f90	0	5ba1b9ede290	5ba1b9edeaf0	7e432de1ace0	4	5ba1b9ede290	5ba1b9ede200	5ba1b9ede260
8.031890	9a56f	3	7ffc3ab8ae78	5ba1b89c3fa0	0	3d1de	7ffc3ab8ae78	8000000000000001	7ffc3ab8ae10	0	ffff	6e	ffffffffffffb7b0	7e432d0bc010	7e432d186948	23e	7ffc3ab8afa8
8.039123	22a18859cad6	30	7e432de1ac80	0	5ba1b626f010	28	7e432de1ac80	28	7ffc3ab91500	0	ffdf	28	fffffffffffff9c0	1	30	3	7ffc3ab917a8
8.048953	93a3c	8000000000000002	7ffc3ab91d00	5ba1b8b55850	3aa00	3d1de	7e432bcfb010	44	7ffc3ab8e410	2f9f	0	dafbcb83c674ba3	8a3b8e481ca766ad	8000000000000001	7ffc3ab95fb0	ea8	89
8.058442	987c8	210db20e8b482de	7ffc3ab8d9c8	3e91ff945691ca1d	f00200a3bbc87d24	309a87d52158a610	800000000000000	5ba1b7dca050	7ffc3ab8d9c0	8	0	dafbcb83caf141c	8a208179d4563eae	ffffff7c	290	292	5ba1b796cc80
8.068832	9bb49	5ba1b62f4aa0	5ba1b9b06801	5ba1b9b0ff50	645	635	c080	923a	7ffc3ab91b20	10	0	2001	3228	7ffc3ab95fb0	5ba1b62dcc90	118e	7ffc3ab91d00
8.077360	931f1	5ba1b9ca5d80	7ffc3ab95fb0	fffffffffffff60d	fffffffffffffcaf	0	ff80	7	7ffc3ab8d2e0	0	5ba1b7770330	5ba1b7770b60	7e432de1ace0	5ba1b62f5020	b20	361	7ffc3ab8d438
8.088122	9b744	7e432bcfb010	1	24f780	5ba1b6e7ee00	8000000000000001	7e432d9fe010	93de	7ffc3ab91b20	5ba1b6e7ede0	0	1	4114341e0c03521b	7ffc3ab95fb0	7e432d7fd010	e3c	7ffc3ab91d00
8.096130	98a30	8000000000000001	7ffc3ab91ae8	fffffffffffffb77	fffffffffffffe7d	2fbfe	8000000000000001	a	7ffc3ab91990	0	fffffffffffffe7d	5ba1b64ecd90	7e432de1ace0	3acec	40	183	7ffc3ab91ae8
8.101764	92c35	7e432bcfb010	7ffc3ab95fb0	a30400	8000000000000002	3d1de	28c10	28c10	7ffc3ab8df10	0	5ba1b6b423c0	5ba1b6b42e00	7e432de1ace0	7e432c72b410	8000000000000001	5ba1b6b422c0	7ffc3ab8e068
8.110311	22a18859cea7	811	7e432de1ac80	4e	5ba1b65e0f70	4000	1b1	7e432de1b1b0	7ffc3ab91790	0	0	7e432de1b1b0	7e432de1ace0	ffffffffffffff88	440	5ba1b626f010	42
8.120139	9b89c	5ba1b62f4900	fffffffffffff8c2	5ba1b6e0f480	0	2d2fe	7ff	f44b	7ffc3ab91b20	26a	0	1	26a	7ffc3ab95fb0	7e432d7fd010	45	7ffc3ab91d00
8.132953	22a18859a70f	7e432de1b0e0	7e432de1ac80	451	5ba1b7164380	7e432de1b0e0	5ba1b75bd770	28	7ffc3ab8e0f0	0	0	5ba1b756d240	7e432de1ace0	420	30	450	1
8.147758	9bc13	0	0	7e432d9fe010	5ba1b6322aa0	5ba1b626f010	7	330d	7ffc3ab91b20	5ba1b6322a40	1	1	4114341e0c03521b	3d1de	7e432d7fd010	33	7ffc3ab91d00
8.155051	9a552	5ba1b73552c0	7ffc3ab95fb0	7e432d0bc010	0	3d1de	7ffc3ab8b698	8000000000000001	7ffc3ab8b668	20	e700	3	ffffffffffffd4e0	7e432d0bc010	7e432d28fa58	58b6	7ffc3ab8b7c8
8.162282	9b89c	5ba1b62f5300	ffffffffffffedb8	5ba1b9567e00	291d8	0	7ff	fa3e	7ffc3ab91b20	618	0	1	618	7ffc3ab95fb0	7e432d7fd010	f98	7ffc3ab91d00
8.171948	9872e	80fe343c37e39227	7ffc3ab8e7d8	826ee931dc8c8a03	7769338c83ea3392	1527c0ee94ff0c0b	800000000000000	3f	7ffc3ab8e7d0	8	0	dafbcb83d85a04d	8a6ee931dc8c8a03	99	7ffc3ab95fb0	2a596	99
8.183609	94564	f569c316d45bf79e	ae82	fc79a719f3628516	8	7ffc3ab8a4f0	7ffc3ab8a4f8	5ba1b796cd80	7ffc3ab8a4e0	0	0	bbf8daee9f5857ba	1128628bd8d2fc81	ffffe000	100	10d	5ba1b995acf0
8.190517	9b89c	5ba1b62f5740	fffffffffffff949	5ba1b6e46a60	2ef0	0	7ff	37d5	7ffc3ab91b20	23d	0	1	23d	7ffc3ab95fb0	7e432d7fd010	138f	7ffc3ab91d00
8.196747	9a6b7	5ba1b9e15cb0	7e432d0e2fe0	4dfa	64c	3d1de	7e432d0e2fe0	19fe	7ffc3ab91b10	1	0	1	3260	7e432d0e2fe0	5ba1b62dcc90	41	5ba1b62dea30
8.208676	93a3c	8000000000000002	7ffc3ab91d00	5ba1b796cc80	155700	3d1de	7e432bcfb010	7f	7ffc3ab8b420	d1ff	0	dafbcb83fde9071	8a30f1b3d51b9ab4	8000000000000001	7ffc3ab95fb0	555c	9c
8.215131	9b76c	7e432c02c490	1	8a25e7a279593214	8000000000000002	8000000000000001	7e432d9fe010	cc52	7ffc3ab91b20	5ba1b696c500	0	1	4114341e0c03521b	7ffc3ab95fb0	7e432d7fd010	3c	7ffc3ab91d00
8.229728	98768	7338690e12c66230	7ffc3ab8b1f8	a20a749cc791d7c2	aafe1f44adf99ef4	14878bca53dbb6c0	800000000000000	5ba1b796d3c0	7ffc3ab8b1f0	8	0	dafbcb83e2ff85b	8a26191f31f13511	fffffff0	740	744	5ba1b995aa20
8.238753	9b89c	5ba1b62f5160	fffffffffffffae7	5ba1b8badee0	0	52b1	7ff	df37	7ffc3ab91b20	1b3	0	1	1b3	7ffc3ab95fb0	7e432d7fd010	40	7ffc3ab91d00
8.248908	92bf2	7e432bcfb010	7ffc3ab95fb0	b13d00	8000000000000002	3d1de	7ffc3ab8d230	2c4f4	7ffc3ab8d210	0	5ba1b717db60	5ba1b717dbf0	7e432de1ace0	7e432c80ed10	8000000000000001	5ba1b717db30	7ffc3ab8d368
8.263101	22a18859e060	0	7ffc3ab8d4a8	0	20	8	20	4	7ffc3ab8d438	0	5ba1ba5a1f40	33	7e432de1ace0	20	7e432d590a78	5ba1b89ec460	5ba1ba5a1f40
8.270250	9882d	8000000000000001	7ffc3ab8af68	8000000000000001	c5aa00	7e432c955a10	7ffc3ab8af68	8000000000000000	7ffc3ab8aef0	ff03	0	dafbcb83e6a53c9	8a588f6d31c641b2	8000000000000001	7ffc3ab95fb0	316a8	7e432c955a10
8.279381	9a6b7	5ba1b62dcc90	7e432d2f3cd0	46f98	8000000000000002	3d1de	7e432d2f3cd0	17a88	7ffc3ab90a10	0	5ba1b6eafb60	5ba1b6eafbf0	7e432de1ace0	7e432d2f3cd0	8000000000000001	5ba1b6eafb30	7ffc3ab90b78
8.286163	92c57	5ba1b6707a20	7ffc3ab95fb0	1eb16	8000000000000002	3d1de	7e432d1b18c0	a3b2	7ffc3ab90a20	0	5ba1b6707a50	5ba1b6708270	7e432de1ace0	7e432d1b18c0	8000000000000001	5ba1b6707950	7ffc3ab90b78
8.291468	22a18859c9e8	5ba1b72f7b00	7e432de1ac80	5ba1b62fdde0	7e432de1ad00	7e432de1acf0	7e432de1ac80	18	7ffc3ab91900	0	5ba1b6c7e8a0	5ba1b6c7f2e0	7e432de1ace0	0	20	2	18
8.298623	9a68d	5ba1b6bf3510	7ffc3ab89d68	911	20	5ba1b6bf3440	5ba1b6bf3510	4	7ffc3ab89d00	0	5ba1b6bf3510	5ba1b6bf3e40	7e432de1ace0	4	5ba1b6bf3510	5ba1b6bf3410	5ba1b6bf34e0
8.311058	987c8	b3120dec9182e2b	7ffc3ab90858	da09d8a8f4106258	3fa58624437b46fa	933c79689abeb288	800000000000000	17	7ffc3ab90850	8	0	dafbcb83e9f46d3	8a3a5a5bd1df5301	a6	7ffc3ab95fb0	0	a6
8.323409	9278c	0	7ffc3ab95fb0	3c185	655	5ba1b9b45fd0	7ff	8000000000000001	7ffc3ab8ece0	0	d621ef9d0189d3f2	18	ffffffffffffd080	a9	8000000000000001	3ba0	7ffc3ab8ee38
8.330516	9b89c	5ba1b62f48c0	fffffffffffff09a	5ba1b8566c40	5b3c	0	7ff	2c65c	7ffc3ab91b20	522	0	1	522	7ffc3ab95fb0	7e432d7fd010	12c3	7ffc3ab91d00
8.342922	98510	6c1	7ffc3ab91d00	5ba1b7d560d0	fff	5ba1b7d560c0	0	56	7ffc3ab8d580	8	0	dafbcb83ccb44d7	8a3a5ab1ce1f5393	ab	7ffc3ab95fb0	0	ab
8.356884	92c8e	7e432d7fd010	7ffc3ab95fb0	0	8000000000000002	3d1de	7e432d162348	6ecd	7ffc3ab8ec10	0	5ba1b7142100	5ba1b71427a0	7e432de1ace0	6ecd	8000000000000001	5ba1b71420d0	7ffc3ab8ed68
8.362925	931ec	5ba1b7f2c140	7ffc3ab95fb0	fffffffffffffbe3	fffffffffffffea1	29da0	fc00	6b	7ffc3ab8d140	0	5ba1b79d0730	5ba1b79d0a60	7e432de1ace0	5ba1b62f5060	b60	16e	7ffc3ab8d298
8.369817	9278c	3093f	7ffc3ab95fb0	b855	112	5ba1b63103b0	1ff	8000000000000001	7ffc3ab91990	0	9045678682f372e9	7b	ffffffffffffa880	ac	8000000000000001	401f	7ffc3ab91ae8
8.377380	929ff	a5c00	7ffc3ab95fb0	7e432d0bc010	0	3d1de	0	8000000000000001	7ffc3ab8bb50	0	ffcd	7e	ffffffffffffeac0	7e432d0bc010	7e432d5ea250	4173	5ba1b696d6f0
8.388642	9bc13	1	1	7e432d9fe010	5ba1b9ede0c0	5ba1b626f010	7	2c714	7ffc3ab91b20	5ba1b9ede0a0	6	2	4114341e0c03521b	3d1de	7e432d7fd010	18d4	7ffc3ab91d00
8.403299	92bf2	7e432bcfb010	7ffc3ab95fb0	d48d80	8000000000000002	3d1de	7ffc3ab8fd40	35236	7ffc3ab8fd20	0	5ba1b6d4efb0	5ba1b6d4f0e0	7e432de1ace0	7e432ca43d90	8000000000000001	5ba1b6d4ef80	7ffc3ab8fe78
8.415910	9a6b7	5ba1b62feae0	7e432d4c8018	81801	5ca	3d1de	7e432d4c8018	2b2ab	7ffc3ab91b10	3	0	1	2e50	7e432d4c8018	5ba1b62dcc90	1ad6	5ba1b62dea30
8.425148	9b89c	5ba1b62f4920	fffffffffffff496	5ba1b9edd540	26954	0	7ff	26956	7ffc3ab91b20	3ce	0	1	3ce	7ffc3ab95fb0	7e432d7fd010	1726	7ffc3ab91d00
8.432550	22a18859a806	5ba1b6c69a20	5ba1b62e4940	21	1	5ba1b6c69a20	5ba1b6430cd0	30	7ffc3ab91360	5ba40c9449b4	5ba1b68f2b50	20	7c	7e432de1ac98	7e432de1ac80	5ba1b62e4970	5ba1b62e4
8.439445	22a18859a6df	30	5ba1b675b260	31	30	5ba1b675b050	5ba1b675b260	60	7ffc3ab91590	5ba40c6ed59b	5ba1b675b2c0	30	7c	7e432de1ac98	7e432de1ac80	5ba1b675b2c0	5ba1b675b
8.450031	22a18859e178	40	7ffc3ab8ef70	0	38	8	38	38	7ffc3ab8eee0	0	5ba1b7e7d210	5ba1b7e7e3c0	7e432de1ace0	2f	7e432d0bc010	5ba1b62f8940	5ba1b7e7d210
8.460729	9a6b7	5ba1b69190e0	7e432d1c2840	20d06	58	3d1de	7e432d1c2840	af02	7ffc3ab91b10	20	10	2	2c0	7e432d1c2840	5ba1b62dcc90	3a	5ba1b62dea30
8.469192	22a18859a70f	5ba1b662e7e0	5ba1b775bcd0	91	5ba1b775c010	5ba1b662e7e0	5ba1b775bf40	300	7ffc3ab91650	5ba40d6ec88b	5ba1b775bfd0	90	7c	7e432de1aca0	7e432de1ac80	5ba1b775bfd0	5ba1b775b
8.475882	9a6b7	5ba1b6eafa50	7e432d23e6e0	304da	4d5	3d1de	7e432d23e6e0	1019e	7ffc3ab91b10	1	0	1	26a8	7e432d23e6e0	5ba1b62dcc90	1ab6	5ba1b62dea30
8.485192	22a18859e3c2	31	ffffffffffffff50	5ba40cc2d50b	5ba1b6d9b890	5ba1b6d9b7f0	5ba1b6d9b800	bd0	7ffc3ab91ae0	5ba1b6d9b830	0	1	4114341e0c03521b	7e432d0cdb90	5ba1b62dcc90	46	5ba1b62dea30
8.498774	987bb	fcafe82c659f324d	7ffc3ab8dad8	c9fa8e6a199b05bf	1c8aa032b4f6d437	6716c567495de745	800000000000000	4f	7ffc3ab8dad0	8	0	dafbcb831c745db	8a3a5d38be5f6a15	b9	7ffc3ab95fb0	0	b9
8.513507	927b6	0	7ffc3ab95fb0	2b05a	4a1	5ba1b6dff660	7ff	8000000000000001	7ffc3ab89790	0	100	fffffffffffff205	ffffffffffff45f0	b9	8000000000000001	2b73f	7ffc3ab898e8
8.522846	926dd	8000000000000001	7ffc3ab95fb0	8000000000000001	eb1600	7ffc3ab88498	5ba1b62f5c60	8000000000000001	7ffc3ab88340	e420	0	dafbcb831e8a98f	8a4fd606bd77bf5b	8000000000000001	8000000000000001	3ac58	7ffc3ab88498
8.537377	98735	80fe2df44f208130	7ffc3ab8f978	5196e5313678e539	77692bf63695c085	14e5ffced3726712	800000000000000	5ba1b7dca0d0	7ffc3ab8f970	8	0	dafbcb83013cdaa	8a2b45731affe50a	fffffc00	310	31a	5ba1b99faf70
8.547865	9a6bb	5ba1b8c28950	7e432d20eb90	2a570	2b2	3d1de	7e432d20eb90	e1d0	7ffc3ab91b10	20	10	2	1590	7e432d20eb90	5ba1b62dcc90	1a8e	5ba1b62dea30
8.560736	98a46	8000000000000001	7ffc3ab91d00	fffffffffffff39d	31fd8	36c6e	7ffc3ab91d00	43	7ffc3ab8e5b8	0	fffffffffffffbdf	5ba1b6309760	7e432de1ace0	bd	31fd8	36c6e	7ffc3ab95fb0
8.566902	9b744	7e432bcfb010	1	c0e440	5ba1b766a1f0	8000000000000001	7e432d9fe010	30391	7ffc3ab91b20	5ba1b766a1d0	3	4	4114341e0c03521b	7ffc3ab95fb0	7e432d7fd010	13bd	7ffc3ab91d00
8.581580	9882d	8000000000000001	7ffc3ab89978	8000000000000001	a54c80	7e432c74fc90	7ffc3ab89978	8000000000000000	7ffc3ab89900	f000	0	dafbcb83049d125	8a68fb0ea728d9c5	8000000000000001	7ffc3ab95fb0	29532	7e432c74fc90
8.595543	9278c	0	7ffc3ab95fb0	1075c	2cb	5ba1b748b500	7ff	8000000000000001	7ffc3ab88820	0	ffb56f0954a886d3	6	ffffffffffffffe0	c0	8000000000000001	c608	7ffc3ab88978
8.605215	22a18859a887	5ba1b8c29e50	5ba1b8c2a0d0	7e432de1ac98	30	5ba1b8c29e50	5ba1b8c29f80	30	7ffc3ab915a0	5ba402d92d2a	5ba1b8c2a0d0	30	7c	7e432de1ac98	7e432de1ac80	5ba1b8c2a0d0	5ba1b8c2a0e0
8.614646	9b89c	5ba1b62f4b40	fffffffffffff289	5ba1b733aa40	0	30c37	7ff	30c38	7ffc3ab91b20	47d	0	1	47d	7ffc3ab95fb0	7e432d7fd010	41	7ffc3ab91d00
8.625699	93a3c	8000000000000002	7ffc3ab91d00	5ba1b9a3c920	f8e80	3d1de	7e432bcfb010	b9	7ffc3ab88500	7abf	0	dafbcb830873c91	8a3d9a1bf99170cf	8000000000000001	7ffc3ab95fb0	3e3a	c2
8.640128	92bf2	7e432bcfb010	7ffc3ab95fb0	3469c0	8000000000000002	3d1de	7ffc3ab8a720	d1a7	7ffc3ab8a700	0	5ba1b6891560	5ba1b6891790	7e432de1ace0	7e432c0419d0	8000000000000001	5ba1b6891460	7ffc3ab8a858
8.646825	22a18859ce12	1	7e432de1ac80	18	7e432de1ad10	7e432de1ad00	5b	20	7ffc3ab8b600	0	5ba1b78d7010	5ba1b78d71a0	7e432de1ace0	ffffffffffffff88	30	3	5ba1b78d7010
8.661742	9b89c	5ba1b62f5240	ffffffffffffea9d	5ba1b7eb9f50	ed7c	0	7ff	6d60	7ffc3ab91b20	721	0	1	721	7ffc3ab95fb0	7e432d7fd010	43	7ffc3ab91d00
8.670239	9bc13	0	0	7e432d9fe010	5ba1b682f2a0	5ba1b626f010	7	184c	7ffc3ab91b20	5ba1b682f240	10	1	4114341e0c03521b	3d1de	7e432d7fd010	191b	7ffc3ab91d00
8.680718	22a18859e3ad	0	7e432d4a61c0	5ba40d50e759	5ba1b74b93e0	5ba1b626f010	5ba1b74b92f0	29c12	7ffc3ab91b08	5ba1b74b9320	0	1	4114341e0c03521b	7e432d4a61c0	5ba1b62dcc90	3d	5ba1b62dea30
8.686833	9b89c	5ba1b62f4ce0	fffffffffffff9df	5ba1b88e3850	0	31d9d	7ff	12b5f	7ffc3ab91b20	20b	0	1	20b	7ffc3ab95fb0	7e432d7fd010	18fd	7ffc3ab91d00
8.692565	9a6cd	5ba1b62dea30	7e432d1fbb10	27f60	8000000000000002	3d1de	7e432d1fbb10	d520	7ffc3ab88c20	0	5ba1b6585d40	5ba1b6586950	7e432de1ace0	7e432d1fbb10	8000000000000001	5ba1b6585ca0	7ffc3ab88d88
8.707489	9b89c	5ba1b62f4960	ffffffffffffffdf	5ba1b9bfa070	0	6f40	7ff	9b5	7ffc3ab91b20	b	0	1	b	7ffc3ab95fb0	7e432d7fd010	4a	7ffc3ab91d00
8.714249	931f1	5ba1ba58da60	7ffc3ab95fb0	ffffffffffffeb60	fffffffffffff920	0	ffff	10	7ffc3ab88270	0	5ba1b6a61dd0	5ba1b6a62d10	7e432de1ace0	5ba1b62f5c80	1780	6e0	7ffc3ab883c8
8.728823	9a6b7	5ba1b62dcc90	7e432d11b848	bf07	8000000000000002	3d1de	7e432d11b848	3fad	7ffc3ab8c770	0	5ba1b6a63760	5ba1b6a63950	7e432de1ace0	7e432d11b848	8000000000000001	5ba1b6a63660	7ffc3ab8c8d8
8.734455	9b89c	5ba1b62f5740	fffffffffffffed7	5ba1b6e46a60	0	ba02	7ff	1803	7ffc3ab91b20	63	0	1	63	7ffc3ab95fb0	7e432d7fd010	1c73	7ffc3ab91d00
8.747752	9851a	2fc	7ffc3ab91d00	5ba1b99fa830	fff	5ba1b99fa820	0	9	7ffc3ab91410	8	0	dafbcb831239a81	8a5184c3a46693ee	cd	7ffc3ab95fb0	35ec8	cd
8.759309	9a6bb	5ba1b62dcc90	7e432d5d0378	a286d	8000000000000002	3d1de	7e432d5d0378	362cf	7ffc3ab88330	0	5ba1b8c2a4c0	5ba1b8c2af10	7e432de1ace0	7e432d5d0378	8000000000000001	5ba1b8c2a420	7ffc3ab88498
8.769009	9278c	0	7ffc3ab95fb0	8387	1b6	5ba1b6cd9e80	7ff	8000000000000001	7ffc3ab8bcf0	0	7752cbbc2da25680	59	ffffffffffffdbd0	cd	8000000000000001	294a8	7ffc3ab8be48
8.779499	9bb49	5ba1b62f4780	5ba1b88cde01	5ba1b88cf330	d8	c8	80	2c990	7ffc3ab91b20	20	10	1	6c0	7ffc3ab95fb0	5ba1b62dcc90	1ae6	7ffc3ab91d00
8.788252	9b744	7e432bcfb010	1	ca2340	5ba1b7e9a8f0	8000000000000001	7e432d9fe010	3288d	7ffc3ab91b20	5ba1b7e9a8d0	0	1	4114341e0c03521b	7ffc3ab95fb0	7e432d7fd010	1d12	7ffc3ab91d00
8.799253	22a18859e41c	0	5ba1b71879e0	5ba40d2e3fbb	5ba1b7354650	5ba1b626f010	7	c0c1	7ffc3ab91af8	5ba1b79eb5c0	0	2	4114341e0c03521b	7e432d1dd228	5ba1b62dcc90	35	5ba1b62dea30
8.810760	22a18859b721	31	40	2	7	5ba1b626f010	7	5ba1b71bc6a0	7ffc3ab91a60	5ba1b71bc6b0	0	1	4114341e0c03521b	7e432de1ac80	0	5ba1b71bc6e0	5ba1b62dea30
8.824680	9273c	a40a	7ffc3ab95fb0	0	b864d9f2aabd00a4	bf58476d1ce4e5b9	5ba1b62f4820	8000000000000001	7ffc3ab906e0	94d049bb133111eb	b864d9f2aabd00a4	1a2d60392b72848f	5ba1b9a35ee0	d1	8000000000000001	e926	7ffc3ab90838
8.838866	92bf2	7e432bcfb010	7ffc3ab95fb0	4554c0	8000000000000002	3d1de	7ffc3ab8b830	11553	7ffc3ab8b810	0	5ba1b9622040	7e432de1ad00	7e432de1ace0	7e432c1504d0	8000000000000001	5ba1b69289f0	7ffc3ab8b968
8.852790	9a68d	5ba1b6f05aa0	7ffc3ab8a248	e01	20	5ba1b6f059d0	5ba1b6f05aa0	4	7ffc3ab8a1e0	0	5ba1b6f05aa0	5ba1b6f068c0	7e432de1ace0	4	5ba1b6f05aa0	5ba1b6f059a0	5ba1b6f05a70
8.865708	99002	32906e74efe0ea5a	16b	25a	ffff	8a1de1fd7083779e	3ff	5ba1b65cfe80	7ffc3ab88740	8	0	dafbcb833edf455	8a246e7f3c6938a8	fffffc00	50	5a	5ba1b7700710
8.876263	22a18859a806	5ba1b7044270	5ba1b76998e0	41	7e432de1ace0	5ba1b7044270	5ba1b76998e0	90	7ffc3ab914e0	5ba40d72ef29	5ba1b76999b0	40	7c	7e432de1ac98	7e432de1ac80	5ba1b7699970	5ba1b7699
8.883322	9b89c	5ba1b62f4a80	fffffffffffff06a	5ba1b9b5e790	0	2b4b1	7ff	2ef97	7ffc3ab91b20	532	0	1	532	7ffc3ab95fb0	7e432d7fd010	1bcd	7ffc3ab91d00
8.891777	929c9	1	7ffc3ab95fb0	7e432d0bc010	9d18e	3d1de	345da	8000000000000001	7ffc3ab8c2a0	0	7200	5f	5ba1b7dc31f0	7e432d5a4c80	7e432d0bc010	6a6b	5ba1b776f590
8.903012	22a188699891	5ba1b645e4a0	7ffc3ab8e410	a61	38	5ba1b645e430	5ba1b645e4a0	7	7ffc3ab8e3a8	0	5ba1b645e4a0	5ba1b645ef30	7e432de1ace0	7	5ba1b645e4a0	5ba1b645e400	5ba1b645e470
8.912688	93a3c	8000000000000002	7ffc3ab91d00	5ba1b9a3c030	588540	3d1de	7e432bcfb010	f	7ffc3ab90f20	bc20	0	dafbcb833fc67c6	8a161ec76f4daf9d	8000000000000001	7ffc3ab95fb0	16215	d7
8.927833	9bc13	1	1	7e432d9fe010	5ba1b77a1c30	5ba1b626f010	7	48e9	7ffc3ab91b20	5ba1b77a1c10	0	1	4114341e0c03521b	3d1de	7e432d7fd010	1829	7ffc3ab91d00
8.933129	927e3	2612b	7ffc3ab95fb0	0	626	5ba1b732e220	7ff	8000000000000001	7ffc3ab8f430	0	0	45	5ba1b9a2cd40	d8	8000000000000001	e54f	7ffc3ab8f588
8.943295	9b89c	5ba1b62f5720	ffffffffffffec68	5ba1b7e4c770	0	ae15	7ff	10ed9	7ffc3ab91b20	687	0	2	688	7ffc3ab95fb0	7e432d7fd010	43	7ffc3ab91d00
8.956822	9278c	319a1	7ffc3ab95fb0	0	68f	5ba1b8967870	7ff	8000000000000001	7ffc3ab8edb0	0	3f52e331fa69435d	14	5ba1b76fea70	da	8000000000000001	3bebb	7ffc3ab8ef08
8.971171	93a3c	8000000000000002	7ffc3ab91d00	5ba1b9a3bea0	bf89c0	3d1de	7e432bcfb010	4e	7ffc3ab8dbf0	9572	0	dafbcb83257fc4c	8a659898197e33cb	8000000000000001	7ffc3ab95fb0	2fe27	db
8.984364	92bf2	7e432bcfb010	7ffc3ab95fb0	a71dc0	8000000000000002	3d1de	7ffc3ab8ab30	29c77	7ffc3ab8ab10	0	5ba1b67068f0	5ba1b6707930	7e432de1ace0	7e432c76cdd0	8000000000000001	5ba1b67068c0	7ffc3ab8ac68
8.991885	22a18859a8ef	5ba1b68559e0	5ba1b6855b80	41	1	5ba1b68559e0	5ba1b6855ab0	30	7ffc3ab91720	5ba40c9e33a5	5ba1b6855bf0	40	7c	7e432de1ac98	7e432de1ac80	5ba1b6855bb0	5ba1b6855
8.998742	9b86f	5ba1b62f4d00	94d049bb133111eb	5ba1b9f0a0c0	0	248e4	7ff	248e5	7ffc3ab91b20	3b4	0	7e	9e3779b97f4a7c15	7ffc3ab95fb0	7e432d7fd010	194a	7ffc3ab91d00
9.010177	94447	f4474e8e0499982d	7ffc3ab8da08	1227488cfc2581d	8	7ffc3ab8da00	7ffc3ab8da08	50	7ffc3ab8d9f0	eb51448e1a8f8f39	1128628bd8d25203	0	ffffffffffffd000	dd	7ffc3ab95fb0	0	dd
9.020251	93a3c	8000000000000002	7ffc3ab91d00	5ba1b7dc9dc0	1ab740	3d1de	7e432bcfb010	84	7ffc3ab8b010	800	0	dafbcb832636f78	8a3707efe79a4204	8000000000000001	7ffc3ab95fb0	6add	df
9.034197	9b89c	5ba1b62f5e40	fffffffffffff4ab	5ba1b7e0c160	0	2b5cb	7ff	2b5cc	7ffc3ab91b20	3c7	0	1	3c7	7ffc3ab95fb0	7e432d7fd010	3f	7ffc3ab91d00
9.043072	9b7e4	5ba1b62f5fa0	1	9e3779b97f4a7c15	0	27743	1aa0	27744	7ffc3ab91b20	278dde6e5	5ba1b62f4500	1	9e3779b97f4a7c15	7ffc3ab95fb0	7e432d7fd010	45	7ffc3ab91d00
9.055592	99288	7e432d0bc010	57ff	7e432d0bc010	1	3d1de	107fd	7ffc3ab91c01	7ffc3ab916e0	8	0	5ba1b6d4ad30	8000000000000001	0	1	0	7ffc3ab95fb0
9.066478	22a18859a806	5ba1b6c93e80	5ba1b6c93ef0	31	7e432de1ace0	5ba1b6c93e80	5ba1b6c93ef0	1b0	7ffc3ab91360	5ba40cd22c34	5ba1b6c940a0	30	7c	7e432de1ac98	7e432de1ac80	5ba1b6c940a0	5ba1b6c94
9.074887	9b2e7	0	5ba1b78ce250	5ba40d979cae	5ba1b78ce460	5ba1b626f010	7	3abbf	7ffc3ab91b00	5ba1b78ce280	0	2	4114341e0c03521b	7e432d63d9f8	5ba1b62dcc90	1eef	5ba1b62dea30
9.084246	92bf2	7e432bcfb010	7ffc3ab95fb0	10cac0	8000000000000002	3d1de	7ffc3ab87b40	432b	7ffc3ab87b20	0	5ba1b6b5ee70	5ba1b6b5fa90	7e432de1ace0	7e432be07ad0	8000000000000001	5ba1b6b5edd0	7ffc3ab87c78
9.095506	92bf2	7e432bcfb010	7ffc3ab95fb0	3b45c0	8000000000000002	3d1de	7ffc3ab8aa60	ed17	7ffc3ab8aa40	0	5ba1b74f2480	5ba1b74f3cf0	7e432de1ace0	7e432c0af5d0	8000000000000001	5ba1b74f23e0	7ffc3ab8ab98
9.104795	92bf2	7e432bcfb010	7ffc3ab95fb0	21d6c0	8000000000000002	3d1de	7ffc3ab881c0	875b	7ffc3ab881a0	0	5ba1b70ee800	5ba1b70ef970	7e432de1ace0	7e432bf186d0	8000000000000001	5ba1b70ee760	7ffc3ab882f8
9.116941	98b34	5ba1b9a3bc50	2787c	3b	1fff	bf7	5ba1b9a3bcff	b4	7ffc3ab889b0	0	ec0f	0	8a6c6a44560dfbd8	bf7	2787c	2b1b7	7ffc3ab91d00
9.131441	9a6b7	5ba1b90211d0	7e432d4600b0	74814	673	3d1de	7e432d4600b0	26d5c	7ffc3ab91b10	1	0	1	3398	7e432d4600b0	5ba1b62dcc90	44	5ba1b62dea30
9.144318	9b86f	5ba1b62f47e0	94d049bb133111eb	5ba1b855a420	0	3507b	7ff	326e	7ffc3ab91b20	4f0	0	27	9e3779b97f4a7c15	7ffc3ab95fb0	7e432d7fd010	2146	7ffc3ab91d00
9.157796	9a6c9	5ba1b6723b90	7e432d27fdf8	387bd	74f	3d1de	7e432d27fdf8	12d3f	7ffc3ab91b10	1	0	1	3a78	7e432d27fdf8	5ba1b62dcc90	41	5ba1b62dea30
9.168665	9b86f	5ba1b62f4a60	94d049bb133111eb	5ba1b9bc3d60	0	35988	7ff	35989	7ffc3ab91b20	6fb	0	9	9e3779b97f4a7c15	7ffc3ab95fb0	7e432d7fd010	43	7ffc3ab91d00
9.183857	92bf2	7e432bcfb010	7ffc3ab95fb0	5e500	8000000000000002	3d1de	7ffc3ab90ff0	1794	7ffc3ab90fd0	0	5ba1b7890500	7e432de1ad10	7e432de1ace0	7e432bd59510	8000000000000001	5ba1b7890400	7ffc3ab91128
9.189481	93a3c	8000000000000002	7ffc3ab91d00	5ba1b9a3b9d0	319680	3d1de	7e432bcfb010	68	7ffc3ab8c6d0	2120	0	1a210	5ba1b9a217b0	8000000000000001	7ffc3ab95fb0	c65a	e9
9.203985	22a18859a896	5ba1b6e73e20	5ba1b638e800	31	41	5ba1b6e73e20	5ba1b77dfb30	40	7ffc3ab915a0	5ba40caf23be	5ba40caf23be	40	7c	7e432de1aca0	7e432de1ac80	5ba1b638e840	5ba1b638e
9.214730	22a18859a806	5ba1b7309280	5ba1b683de80	91	7e432de1ace0	5ba1b7309280	5ba1b683de80	110	7ffc3ab914e0	5ba40c98881d	5ba1b683e020	90	7c	7e432de1aca0	7e432de1ac80	5ba1b683df90	5ba1b683d
9.221025	9278c	0	7ffc3ab95fb0	2bb66	140	5ba1b9ed0d20	7ff	8000000000000001	7ffc3ab90470	0	1dad1114e3c8d999	1b	fffffffffffff170	eb	8000000000000001	400f	7ffc3ab905c8
9.236250	93a3c	8000000000000002	7ffc3ab91d00	5ba1b9a3b840	4ac9c0	3d1de	7e432bcfb010	15	7ffc3ab90a40	7ae3	0	dafbcb833762e4a	8a1f386e4003035c	8000000000000001	7ffc3ab95fb0	12b27	ea
9.243291	9a6bb	5ba1b66b51a0	7e432d2c94f0	41a9c	222	3d1de	7e432d2c94f0	15e34	7ffc3ab91b10	1	0	1	1110	7e432d2c94f0	5ba1b62dcc90	33	5ba1b62dea30
9.252757	92bf2	7e432bcfb010	7ffc3ab95fb0	12a4c0	8000000000000002	3d1de	7ffc3ab8fd40	4a93	7ffc3ab8fd20	0	5ba1b787f3a0	5ba1b787fcc0	7e432de1ace0	7e432be254d0	8000000000000001	5ba1b787f370	7ffc3ab8fe78
9.263761	9a68d	5ba1b655ce30	7ffc3ab91330	1661	38	5ba1b655cd00	5ba1b655ce30	7	7ffc3ab912d0	0	5ba1b655ce30	5ba1b655e4c0	7e432de1ace0	7	5ba1b655ce30	5ba1b655ccd0	5ba1b655ce00
9.273655	99288	7e432d0bc010	c622	7e432d0bc010	1	3d1de	25266	7ffc3ab91c01	7ffc3ab91560	8	0	5ba1b7602b90	8000000000000001	0	1	0	7ffc3ab95fb0
9.282539	9b76c	7e432c940b10	1	8a6675397024cb0c	8000000000000002	8000000000000001	7e432d9fe010	3116c	7ffc3ab91b20	5ba1b7daf710	0	1	4114341e0c03521b	7ffc3ab95fb0	7e432d7fd010	40	7ffc3ab91d00
9.290956	92bf2	7e432bcfb010	7ffc3ab95fb0	1e7100	8000000000000002	3d1de	7ffc3ab8dbf0	79c4	7ffc3ab8dbd0	0	5ba1b6ffc9a0	5ba1b6ffcb90	7e432de1ace0	7e432bee2110	8000000000000001	5ba1b6ffc970	7ffc3ab8dd28
9.300274	93a3c	8000000000000002	7ffc3ab91d00	5ba1b9a3b840	2e940	3d1de	7e432bcfb010	8	7ffc3ab914d0	4c84	0	dafbcb833854e3e	8a3b2878a3226561	8000000000000001	7ffc3ab95fb0	ba5	ef
9.315202	9278c	0	7ffc3ab95fb0	3de4	569	5ba1b8bc6990	7ff	8000000000000001	7ffc3ab884e0	0	45ad2a05bd4cd68b	2c	ffffffffffff5360	ee	8000000000000001	12a32	7ffc3ab88638
9.329582	9a6c9	5ba1b62dea30	7e432d18b2f8	19e5d	8000000000000002	3d1de	7e432d18b2f8	8a1f	7ffc3ab8af10	0	5ba1b7770a70	5ba1b7770b60	7e432de1ace0	7e432d18b2f8	8000000000000001	5ba1b77709d0	7ffc3ab8b078
9.343787	98720	80fe3016cca3d84d	7ffc3ab8c0d8	823a5f077f5f4c2d	dafbcb835d745eb	7ffc3ab8c0d0	800000000000000	6f	7ffc3ab8c0d0	8	0	dafbcb835d745eb	8a3a5f077f5f4c2d	f1	7ffc3ab95fb0	0	f1
9.358976	929ff	a2700	7ffc3ab95fb0	7e432d0bc010	0	3d1de	0	8000000000000001	7ffc3ab861f0	0	fffb	15	fffffffffffeb9c0	7e432d0bc010	7e432d5cfa78	aca5	5ba1b65ba3a0
9.371504	22a18859a806	5ba1b6532230	5ba1b65322a0	41	7e432de1ace0	5ba1b6532230	5ba1b65322a0	1b0	7ffc3ab914e0	5ba40c4841a2	5ba1b6532490	40	7c	7e432de1ac98	7e432de1ac80	5ba1b6532450	5ba1b6532
9.384595	9bc13	1	1	7e432d9fe010	5ba1b62e5c90	5ba1b626f010	7	1d0b	7ffc3ab91b20	5ba1b62e5c70	0	2	4114341e0c03521b	3d1de	7e432d7fd010	4b	7ffc3ab91d00
9.397701	9b86f	5ba1b62f4f40	94d049bb133111eb	5ba1b8956a50	0	6a37	7ff	e167	7ffc3ab91b20	123	0	0	9e3779b97f4a7c15	7ffc3ab95fb0	7e432d7fd010	2155	7ffc3ab91d00
9.411071	9baba	5ba1b62f4ac0	5ba1b9ae8e70	5ba1b9aee960	802e	0	7ff	6c91	7ffc3ab91b20	3ca	0	1	3ca	7ffc3ab95fb0	7e432d7fd010	2046	7ffc3ab91d00
9.417162	92bf2	7e432bcfb010	7ffc3ab95fb0	4f1040	8000000000000002	3d1de	7ffc3ab8ffb0	13c41	7ffc3ab8ff90	0	5ba1b94ba280	5ba1b94ba540	7e432de1ace0	7e432c1ec050	8000000000000001	5ba1b94b9f40	7ffc3ab900e8
9.426174	9278c	0	7ffc3ab95fb0	3bd18	32a	5ba1ba444810	7ff	8000000000000001	7ffc3ab8d6f0	30	0	45	ffffffffffffac50	f5	8000000000000001	9c3c	7ffc3ab8d848
9.438054	92bf2	7e432bcfb010	7ffc3ab95fb0	393240	8000000000000002	3d1de	7ffc3ab88910	e4c9	7ffc3ab888f0	0	5ba1b683c830	5ba1b683f040	7e432de1ace0	7e432c08e250	8000000000000001	5ba1b6341a60	7ffc3ab88a48
9.448597	9b89c	5ba1b62f59a0	fffffffffffff61c	5ba1b9c64950	278	0	7ff	26775	7ffc3ab91b20	34c	0	1	34c	7ffc3ab95fb0	7e432d7fd010	1938	7ffc3ab91d00
9.459429	9a68d	5ba1b6371650	7ffc3ab8d980	2f41	38	5ba1b63715e0	5ba1b6371650	7	7ffc3ab8d920	0	5ba1b6371650	5ba1b63745c0	7e432de1ace0	7	5ba1b6371650	5ba1b63715b0	5ba1b6371620
9.472055	9b89c	5ba1b62f5d00	fffffffffffffac9	5ba1ba655eb0	0	2f601	7ff	5659	7ffc3ab91b20	1bd	0	1	1bd	7ffc3ab95fb0	7e432d7fd010	1499	7ffc3ab91d00
9.480330	22a18859d35c	60	7e432de1ac80	30	5ba1b74f3c60	5ba1b74f3c90	0	28	7ffc3ab887a0	0	0	5ba1b74f3cf0	7e432de1ace0	ffffffffffffff88	30	5ba1b626f010	1
9.488832	9278c	0	7ffc3ab95fb0	de30	395	5ba1ba62eed0	7ff	8000000000000001	7ffc3ab86ef0	0	d1546da1a2692887	56	ffffffffffff6a80	f9	8000000000000001	88c5	7ffc3ab87048
9.503342	929c9	1	7ffc3ab95fb0	7e432d0bc010	8b7dc	3d1de	2e7f4	8000000000000001	7ffc3ab8ec10	0	9fc3	1a	5ba1b7960f20	7e432d517ef0	7e432d0bc010	dbb	5ba1b633d2d0
9.516265	93a3c	8000000000000002	7ffc3ab91d00	5ba1b99e42d0	bd80c0	3d1de	7e432bcfb010	94	7ffc3ab8a310	7f06	0	dafbcb8348df4be	8a649f0c6f7a3a7c	8000000000000001	7ffc3ab95fb0	2f603	f9
9.522566	22a18859d560	c871	7e432de1ac80	78	5ba1b89d97c0	5ba1b7f6f090	73	5ba1b7271a30	7ffc3ab91790	0	0	eb61	7e432de1ace0	ffffffffffffff88	440	5ba1b626f010	42
9.535760	9a6b7	5ba1b62dcc90	7e432d138348	f867	8000000000000002	3d1de	7e432d138348	52cd	7ffc3ab88400	0	5ba1b78b3f70	5ba1b78b4280	7e432de1ace0	7e432d138348	8000000000000001	5ba1b78b3f40	7ffc3ab88568
9.547516	92bf2	7e432bcfb010	7ffc3ab95fb0	254d80	8000000000000002	3d1de	7ffc3ab8d230	9536	7ffc3ab8d210	0	5ba1b7262010	5ba1b72624a0	7e432de1ace0	7e432bf4fd90	8000000000000001	5ba1b7261fe0	7ffc3ab8d368
9.558230	927e3	0	7ffc3ab95fb0	2ad4f	782	5ba1ba437ff0	7ff	8000000000000001	7ffc3ab8f360	0	0	1	ffffffffffffc550	fd	8000000000000001	34d89	7ffc3ab8f4b8
9.568540	9b744	7e432bcfb010	1	9cf80	5ba1b955af90	8000000000000001	7e432d9fe010	273e	7ffc3ab91b20	5ba1b955af70	0	1	4114341e0c03521b	7ffc3ab95fb0	7e432d7fd010	39	7ffc3ab91d00
9.579465	9b89c	5ba1b62f4860	fffffffffffff640	5ba1b9eb7ce0	15ed3	0	7ff	5735	7ffc3ab91b20	340	0	1	340	7ffc3ab95fb0	7e432d7fd010	1db8	7ffc3ab91d00
9.584917	9a6b7	5ba1b62dcc90	7e432d128d18	d9a1	8000000000000002	3d1de	7e432d128d18	488b	7ffc3ab8e0a0	0	5ba1b648d2b0	5ba1b648d4e0	7e432de1ace0	7e432d128d18	8000000000000001	5ba1b648d280	7ffc3ab8e208
9.593269	9b89c	5ba1b62f4740	fffffffffffff31f	5ba1b94d33a0	4baf	0	7ff	2fd5e	7ffc3ab91b20	44b	0	1	44b	7ffc3ab95fb0	7e432d7fd010	1ddd	7ffc3ab91d00
9.607090	9b744	7e432bcfb010	1	ef55c0	5ba1b645e040	8000000000000001	7e432d9fe010	3bd57	7ffc3ab91b20	5ba1b645e020	0	1	4114341e0c03521b	7ffc3ab95fb0	7e432d7fd010	1261	7ffc3ab91d00
9.613739	93a3c	8000000000000002	7ffc3ab91d00	5ba1b70e9890	580340	3d1de	7e432bcfb010	af	7ffc3ab88d20	a3e	0	3a90	5ba1b70e5df0	8000000000000001	7ffc3ab95fb0	1600d	ff
9.625284	22a18859ce34	30	7e432de1ac80	18	7e432de1ad10	7e432de1ad00	5b	20	7ffc3ab8aba0	0	5ba1b65a0ff0	5ba1b65a11c0	7e432de1ace0	ffffffffffffff88	30	3	1
9.632106	93c4b	22fb749e73b52261	1a7d	11	3ff	df0b344900a88df8	1100000000000001	81	7ffc3ab91070	0	1	5ba1b6a2a6e0	1ec10a2f5518b98a	22fb749e73b52261	7ffc3ab91960	7ffc3ab91100	7ffc3ab918b0
9.645296	9a6bb	5ba1b6316830	7e432d511a10	8ab40	7a8	3d1de	7e432d511a10	2e3c0	7ffc3ab91b10	1	0	2	3d40	7e432d511a10	5ba1b62dcc90	1	5ba1b62dea30
9.660296	9b75b	7e432bcfb010	1	2d8580	8000000000000002	8000000000000001	7e432d9fe010	b616	7ffc3ab91b20	5ba1b68854f0	10	1	4114341e0c03521b	7ffc3ab95fb0	7e432d7fd010	3814	7ffc3ab91d00
9.674874	93a3c	8000000000000002	7ffc3ab95fb0	81	4a1040	3d1de	7e432bcfb010	8000000000000001	7ffc3ab876b0	7ffc3ab919c0	5d	7ffc3ab918b0	7e1e7ceb55aabc74	81	7ffc3ab919c0	12841	5d
9.689749	22a18859a806	5ba1b67e68f0	5ba1b67e6960	31	7e432de1ace0	5ba1b67e68f0	5ba1b67e6960	f0	7ffc3ab915a0	5ba40c650db6	5ba1b67e6a50	30	7c	7e432de1ac98	7e432de1ac80	5ba1b67e6a50	5ba1b67e6
9.703084	93a3c	8000000000000002	7ffc3ab95fb0	81	9c1e40	3d1de	7e432bcfb010	8000000000000001	7ffc3ab84850	7ffc3ab91960	77	c7775e5d307676b0	da0c6b951c80ff1a	81	7ffc3ab91960	27079	77
9.711176	9b744	7e432bcfb010	1	29ad00	5ba1b6f11b40	8000000000000001	7e432d9fe010	a6b4	7ffc3ab91b20	5ba1b6f11b20	10	1	4114341e0c03521b	7ffc3ab95fb0	7e432d7fd010	1cc	7ffc3ab91d00
9.723912	9453c	1	7ffc3ab86f18	1	0	7ffc3ab86f10	7ffc3ab86f18	5ba1b79cd590	7ffc3ab86f00	0	1	c713a5c69029ac3e	7fa751758c1599bf	ffff8000	180	5ba1b79ca210	7ffc3ab86f10
9.735599	9b76c	7e432c096bd0	1	654d06e9a1a63770	8000000000000002	8000000000000001	7e432d9fe010	e6ef	7ffc3ab91b20	5ba1b6c9ee10	0	1	4114341e0c03521b	7ffc3ab95fb0	7e432d7fd010	3979	7ffc3ab91d00
9.741499	22a18859a806	5ba1b6d923f0	5ba1b6d92530	31	1	5ba1b6d923f0	5ba1b6d92460	30	7ffc3ab91510	5ba40cc248f2	5ba1b6d92560	30	7c	7e432de1ac98	7e432de1ac80	5ba1b6d92560	5ba1b6d92
9.747384	93a3c	8000000000000002	7ffc3ab95fb0	3f	68ac0	3d1de	7e432bcfb010	8000000000000001	7ffc3ab890f0	7ffc3ab919c0	4e	7ffc3ab918b0	9cca42ab4ebfabf1	81	7ffc3ab919c0	1a2b	4e
9.757273	93a43	7e432caffa90	3812a	0	e04a80	3d1de	7e432caffa90	8000000000000000	7ffc3ab91038	14	4	7ffc3ab91ca0	8000000000000001	0	1	0	7ffc3ab95fb0
9.770821	92b70	7e432d7fd010	7ffc3ab95fb0	0	5ba1b65f5210	3d1de	1377b	8000000000000001	7ffc3ab90b90	0	5ba1b65cf250	5ba1b65cf2c0	7e432de1ace0	7e432d28f398	8000000000000001	5ba1b65cf220	7ffc3ab90ca8
9.778508	927c8	34b1f	7ffc3ab95fb0	0	4ab	5ba1b7363a20	7ff	8000000000000001	7ffc3ab8f3c0	0	100	ff	0	7ffc3ab95fb0	8000000000000001	0	7ffc3ab8f518
9.790527	9b86f	5ba1b62f45a0	94d049bb133111eb	5ba1b7decac0	ea50	1045a	7ff	1045d	7ffc3ab91b20	212	0	72	9e3779b97f4a7c15	7ffc3ab95fb0	7e432d7fd010	3dd0	7ffc3ab91d00
9.804403	93b1b	0	7ffc3ab8b508	0	1	1	11	81	7ffc3ab8b500	0	1	ca77d0dc552b8e59	15d5d8ea2559f720	7ffc3ab95fb0	7ffc3ab919c0	7ffc3ab8b600	7ffc3ab8b500
9.815339	9a6cd	5ba1b6372060	7e432d0db5d0	5ba40c435c53	5ba1b65839d0	5ba1b626f010	7	14e8	7ffc3ab91b10	5ba1b65838a0	1	1	4114341e0c03521b	7e432d0db5d0	5ba1b62dcc90	4d8d	5ba1b62dea30
9.825011	9a6bb	5ba1b6f076f0	7e432d15e070	1440c	91	3d1de	7e432d15e070	6c04	7ffc3ab91b10	1	0	1	488	7e432d15e070	5ba1b62dcc90	5b9	5ba1b62dea30
9.834907	92bf2	7e432bcfb010	7ffc3ab95fb0	232300	8000000000000002	3d1de	7ffc3ab909b0	8c8c	7ffc3ab90990	0	5ba1b6d22730	5ba1b6d233f0	7e432de1ace0	7e432bf2d310	8000000000000001	5ba1b6d22700	7ffc3ab90aa8
9.850052	9b89c	5ba1b62f5c40	fffffffffffff3dc	5ba1b9e247e0	c0c9	0	7ff	6d9c	7ffc3ab91b20	409	0	8	40c	7ffc3ab95fb0	7e432d7fd010	6c1	7ffc3ab91d00
9.855631	92bf2	7e432bcfb010	7ffc3ab95fb0	d82300	8000000000000002	3d1de	7ffc3ab91300	3608c	7ffc3ab912e0	0	5ba1b65dd2e0	5ba1b65dd740	7e432de1ace0	7e432ca7d310	8000000000000001	5ba1b6f79da0	7ffc3ab913f8
9.863705	927b6	276b4	7ffc3ab95fb0	0	5dc	5ba1b9bdd470	7ff	8000000000000001	7ffc3ab8fec0	0	10	ffffffffffffee60	8000000000000001	1	8000000000000001	0	7ffc3ab90008
9.870737	8f5d3	0	7ffc3ab87968	0	20	8	20	4	7ffc3ab878f8	0	5ba1b783d6c0	5ba1b783e080	7e432de1ace0	20	7e432d485028	5ba1b783d5f0	5ba1b783d6c0
9.882866	9b744	7e432bcfb010	1	311300	5ba1b78d6610	8000000000000001	7e432d9fe010	c44c	7ffc3ab91b20	5ba1b78d65f0	0	1	4114341e0c03521b	7ffc3ab95fb0	7e432d7fd010	7b4	7ffc3ab91d00
9.893306	92bf2	7e432bcfb010	7ffc3ab95fb0	cf8780	8000000000000002	3d1de	7ffc3ab844e0	33e1e	7ffc3ab844c0	0	5ba1b6932d10	5ba1b69334c0	7e432de1ace0	7e432c9f3790	8000000000000001	5ba1b6932c70	7ffc3ab84618
9.902359	92c60	5ba1b642ba00	7ffc3ab95fb0	31a43	8000000000000002	3d1de	7e432d249228	108c1	7ffc3ab844c0	0	5ba1b642bb00	5ba1b642ccd0	7e432de1ace0	7e432d249228	8000000000000001	5ba1b642b9a0	7ffc3ab84618
9.909933	9b2c1	5ba1b6933af0	5ba1b6933af0	927b7	241	3d1de	7	30d3d	7ffc3ab91b00	1	0	1	1208	7e432d54fdc8	5ba1b62dcc90	551e	5ba1b62dea30
9.920324	22a18859a70f	5ba1b7770d90	5ba1b6535510	31	5ba1b63bb910	5ba1b7770d90	5ba1b65358c0	3e0	7ffc3ab90780	5ba40c20dff5	5ba1b63bbac0	30	7c	7e432de1aca0	7e432de1ac80	5ba1b65358f0	5ba1b6535
9.933887	9276f	26b9b	7ffc3ab95fb0	0	888a242347d1a1cb	5ba1b85413e0	7ff	8000000000000001	7ffc3ab912e0	94d049bb133111eb	3f6448d182d823dd	44	2933d4cf80a5c65a	0	8000000000000001	c87c	7ffc3ab913f8
9.941089	9b89c	5ba1b62f49a0	fffffffffffff835	5ba1b9e92d00	0	342bf	7ff	2f715	7ffc3ab91b20	299	0	1	299	7ffc3ab95fb0	7e432d7fd010	6dfe	7ffc3ab91d00
9.946403	9b720	7e432d7fd010	1	4da800	8000000000000002	3d1de	7e432d9fe010	158f9	7ffc3ab91b20	5ba1b6b43d80	10	2	4114341e0c03521b	7ffc3ab95fb0	7e432d7fd010	3fc6	7ffc3ab91d00
9.954929	22a1886998a5	5ba1b6c0a7e0	7ffc3ab91410	4f1	38	5ba1b6c0a670	5ba1b6c0a7e0	7	7ffc3ab913a8	0	5ba1b6c0a7e0	5ba1b6c0ad00	7e432de1ace0	7	5ba1b6c0a7e0	5ba1b6c0a6b0	5ba1b6c0a7b0
9.965290	22a18859d55c	4221	7e432de1ac80	72	5ba1b66f8010	5ba1b88f0880	0	5ba1b6c88720	7ffc3ab8e710	0	0	4541	7e432de1ace0	ffffffffffffff88	30	5ba1b626f010	1
9.974654	9b744	7e432bcfb010	1	34c2c0	5ba1b7261200	8000000000000001	7e432d9fe010	d30b	7ffc3ab91b20	5ba1b72611e0	0	1	4114341e0c03521b	7ffc3ab95fb0	7e432d7fd010	850c	7ffc3ab91d00
9.987633	22a18859a806	5ba1b71b0540	5ba1b6da9210	c1	0	5ba1b71b0540	5ba1b6da9210	db0	7ffc3ab90310	5ba40d220d19	5ba1b73960b0	c0	7c	7e432de1aca0	7e432de1ac80	5ba1b6da9fc0	5ba1b6da9
10.001422	22a18859be14	5ba1ba977c90	10820	1080	e371	5ba1b626f010	7e432de1ac80	5ba1b8968080	7ffc3ab89480	0	1	f9d11a6c41ea0a1d	e4cc04a6a346e40	7e432de1ac80	0	5ba1b89788a0	5ba1b89a8200
10.010271	9b86f	5ba1b62f4920	94d049bb133111eb	5ba1b9edd540	3048c	0	7ff	3048d	7ffc3ab91b20	28a	0	56	9e3779b97f4a7c15	7ffc3ab95fb0	7e432d7fd010	3	7ffc3ab91c68
10.024556	22a18859a806	5ba1b9ade780	5ba1b9adfbf0	31	0	5ba1b9ade780	5ba1b9adfbf0	470	7ffc3ab900d0	5ba403b59a70	5ba1b9ae0090	30	7c	7e432de1aca0	7e432de1ac80	5ba1b9ae0060	5ba1b9ae0
10.031806	93a3c	8000000000000002	7ffc3ab95fb0	81	23dcc0	3d1de	7e432bcfb010	8000000000000001	7ffc3ab86370	7ffc3ab919c0	68	7ffc3ab918b0	7e1e7ceb55aabc74	81	7ffc3ab919c0	8f73	68
10.042989	92bf2	7e432bcfb010	7ffc3ab95fb0	29df00	8000000000000002	3d1de	7ffc3ab8dd20	a77c	7ffc3ab8dd00	0	5ba1b6c89620	5ba1b6c8c880	7e432de1ace0	7e432bf98f10	8000000000000001	5ba1b6c895f0	7ffc3ab8de58
10.054843	9a6b7	5ba1b64e7800	7e432d5bcc20	a0182	60e	3d1de	7e432d5bcc20	355d6	7ffc3ab91b10	2	1	1	3070	7e432d5bcc20	5ba1b62dcc90	30e1	5ba1b62dea30
10.066275	99272	7e432d0bc010	0	7e432d498c48	300	3d1de	4524	7ffc3ab91a01	7ffc3ab8fda0	0	5a20	7ffc3ab91b40	8000000000000001	0	1	2932d	7ffc3ab95fb0
10.080131	9a68d	5ba1b6a62e00	7ffc3ab8dfc0	3331	38	5ba1b6a62d30	5ba1b6a62e00	7	7ffc3ab8df60	0	5ba1b6a62e00	5ba1b6a66160	7e432de1ace0	7	5ba1b6a62e00	5ba1b6a62d00	5ba1b6a62dd0
10.085897	9b89c	5ba1b62f4a40	ffffffffffffe995	5ba1b7363a20	2b439	0	7ff	2b43a	7ffc3ab91b20	779	0	1	779	7ffc3ab95fb0	7e432d7fd010	1	7ffc3ab91c68
10.100935	9b744	7e432bcfb010	1	eef840	8000000000000002	8000000000000002	7e432d9fe010	3bbe1	7ffc3ab91b20	5ba1b6c02f70	1	2	4114341e0c03521b	7ffc3ab95fb0	7e432d7fd010	8d8	7ffc3ab91d00
10.115014	93a3c	8000000000000002	40	5ba1b6978c40	1ee940	3d1de	7e432bcfb010	7ffc3ab95fb0	7ffc3ab8f880	0	680	caa203954a997684	769182905802aa4a	8000000000000001	0	7ba5	7ffc3ab91dd0
10.127395	9b89c	5ba1b62f4c60	ffffffffffffeaa6	5ba1b7394f10	0	2eb17	7ff	2eb19	7ffc3ab91b20	71c	0	4	71e	7ffc3ab95fb0	7e432d7fd010	4	7ffc3ab91c68
10.134719	9bc13	1	1	7e432d9fe010	5ba1b9d675f0	5ba1b626f010	7	2216	7ffc3ab91b20	5ba1b9d675d0	0	1	4114341e0c03521b	3d1de	7e432d7fd010	76aa	7ffc3ab91d00
10.140702	9a6b7	5ba1b6bbd1c0	7e432d25afe8	33dfb	27e	3d1de	7e432d25afe8	114a9	7ffc3ab91b10	1	0	1	13f0	7e432d25afe8	5ba1b62dcc90	14cf	5ba1b62dea30
10.146992	22a18859a806	5ba1b6d7a3e0	5ba1b77bc490	31	0	5ba1b6d7a3e0	5ba1b77bc490	c40	7ffc3ab8fa10	5ba40d60a6bd	5ba1b77bd100	30	7c	7e432de1aca0	7e432de1ac80	5ba1b77bd0d0	5ba1b77bd
10.161151	92bf2	7e432bcfb010	7ffc3ab95fb0	5fd00	8000000000000002	3d1de	7ffc3ab90890	17f4	7ffc3ab90870	0	5ba1b66c7e30	5ba1b66c9250	7e432de1ace0	7e432bd5ad10	8000000000000001	5ba1b66c7d90	7ffc3ab90988
10.171923	9b86f	5ba1b62f4880	94d049bb133111eb	5ba1b9ed0d20	0	10e9a	7ff	13a46	7ffc3ab91b20	2ae	0	2d	9e3779b97f4a7c15	7ffc3ab95fb0	7e432d7fd010	4	7ffc3ab91c68
10.177630	9bc13	0	0	7e432d9fe010	5ba1b7708b10	5ba1b626f010	7	e223	7ffc3ab91b20	5ba1b7708ab0	10	8	4114341e0c03521b	3d1de	7e432d7fd010	76c9	7ffc3ab91d00
10.192827	9278c	74fe	7ffc3ab95fb0	0	2b	5ba1b9c4b800	7ff	8000000000000001	7ffc3ab8c640	0	6f7442bb4b29a8e4	58	0	7ffc3ab95fb0	8000000000000001	0	7ffc3ab8c798
10.201134	9459b	734d396596cd9c59	0	92b9e228b8728208	8	7ffc3ab90ec0	7ffc3ab90ec8	ff0e	7ffc3ab90eb0	8	0	dafbcbaa1c295d9	8a39151ebebe4216	0	1	7ffc3ab90fb0	7ffc3ab90ec0
10.211231	22a18859d560	8421	7e432de1ac80	76	5ba1b6a226d0	5ba1b7f5a110	0	5ba1b68cd540	7ffc3ab8b610	0	0	8761	7e432de1ace0	ffffffffffffff88	30	5ba1b626f010	1
10.220244	9b89c	5ba1b62f5780	ffffffffffffffbb	5ba1b9db46d0	0	36faf	7ff	36fb0	7ffc3ab91b20	17	0	1	17	7ffc3ab95fb0	7e432d7fd010	812a	7ffc3ab91d00
10.232988	22a18859a8a8	5ba1b9e265f0	5ba1b9e26a40	31	30	5ba1b9e265f0	5ba1b9e26720	30	7ffc3ab8f590	5ba403f9f456	5ba1b9e26a70	30	7c	7e432de1ac98	7e432de1ac80	5ba1b9e26a70	5ba1b9e26
10.243254	93a3c	8000000000000002	7ffc3ab95fb0	81	9fad80	3d1de	7e432bcfb010	8000000000000001	7ffc3ab85d50	7ffc3ab919c0	6b	d7d04dcc9f5a83ed	554650f93e5c8d37	81	7ffc3ab919c0	27eb6	6b
10.249131	95de3	f4474e8e0498612f	7ffc3ab8fca8	1227488cfc2581d	0	654d06e9a1a63770	872823eb74eb045a	7ffc3ab95fb0	7ffc3ab8fca0	eb51448e1a8e763b	1128628bd8d25203	0	1be00	15dcc	0	4c	7ffc3ab91dd0
10.261144	9bc13	0	0	5ba1b79f6020	5ba1b9531ec0	5ba1b626f010	7	1769d	7ffc3ab91b20	5ba1b63bf920	0	1	4114341e0c03521b	3d1de	7e432d7fd010	5	7ffc3ab91c68
10.274655	9a6bb	5ba1b6761ad0	7e432d5aa6f8	9dcdd	534	3d1de	7e432d5aa6f8	3499f	7ffc3ab91b10	1	0	1	29a0	7e432d5aa6f8	5ba1b62dcc90	11cb	5ba1b62dea30
10.284485	927b6	0	7ffc3ab95fb0	3126f	270	5ba1b8577460	7ff	8000000000000001	7ffc3ab904e0	0	1	fffffffffffff8b0	0	0	8000000000000001	3126f	7ffc3ab90628
10.298039	22a18859cd46	1	7e432de1ac80	18	90	20	7e432de1ac88	20	7ffc3ab89780	0	5ba1b708e750	5ba1b70918e0	7e432de1ace0	1	30	3	5ba1b708e750
10.312638	9b89c	5ba1b62f4680	fffffffffffff103	5ba1b88a9ad0	0	13898	7ff	13899	7ffc3ab91b20	4ff	0	1	4ff	7ffc3ab95fb0	7e432d7fd010	3e00	7ffc3ab91d00
10.327596	93a3c	8000000000000002	7ffc3ab95fb0	3f	57780	3d1de	7e432bcfb010	8000000000000001	7ffc3ab8a430	7ffc3ab919c0	43	7ffc3ab918b0	c1511656f4454f9c	81	7ffc3ab919c0	15de	43
10.341578	94b71	7ee1	0	81	5ba1b9eab8d0	0	7ffc3ab95fb0	81	7ffc3ab86378	7ffc3ab919c0	68	5ba1b89a8200	0	7ffc3ab95fb0	7ffc3ab919c0	0	68
10.354302	9b89c	5ba1b62f47e0	fffffffffffff66a	5ba1b855a420	0	2fa5c	7ff	2bfc7	7ffc3ab91b20	331	0	2	332	7ffc3ab95fb0	7e432d7fd010	3bab	7ffc3ab91d00
10.364999	92c57	5ba1b9cdd160	7ffc3ab95fb0	b496	8000000000000002	3d1de	7e432d1164c0	3c32	7ffc3ab89b60	0	5ba1b9cdd1f0	5ba1b9cdd330	7e432de1ace0	7e432d1164c0	8000000000000001	5ba1b9cdd1c0	7ffc3ab89cb8
10.377095	93a3c	8000000000000002	7ffc3ab95fb0	2	553340	3d1de	7e432bcfb010	8000000000000001	7ffc3ab84bd0	7ffc3ab91960	75	7ffc3ab918b0	7e1e7ceb55aabc74	81	7ffc3ab91960	154cd	75
10.388727	9a6b7	5ba1b6499560	7e432d577530	976a4	7b	3d1de	7e432d577530	3278c	7ffc3ab91b10	4	3	20	3d8	7e432d577530	5ba1b62dcc90	b5a1	5ba1b62dea30
10.402360	22a18859a70f	5ba1b728d1f0	5ba1b6c58740	211	5ba1b6c59bc0	5ba1b728d1f0	5ba1b6c59970	1440	7ffc3ab8ec80	5ba40cdef7d9	5ba1b6c59b80	210	7c	7e432de1aca0	7e432de1ac80	5ba1b6c59b80	5ba1b6c59
10.416419	93a3c	8000000000000002	5c	5ba1b6f6bbb0	a91e80	3d1de	7e432bcfb010	7ffc3ab95fb0	7ffc3ab8f250	8	0	d560ff27973c7d56	a755a60f70311d52	8000000000000001	2a47b	2a47a	7ffc3ab91dd0
10.427575	99510	7e432c1e4b10	13a6c	7e432bcfb010	4e9b00	3d1de	7e432c1e4b10	0	7ffc3ab8eac0	5c	4	7ffc3ab91ca0	8000000000000001	0	1	0	7ffc3ab95fb0
10.440549	9a6b7	5ba1b9b6f9b0	7e432d25fd58	347a9	310	3d1de	7e432d25fd58	117e3	7ffc3ab91b10	2	1	2	1880	7e432d25fd58	5ba1b62dcc90	9336	5ba1b62dea30
10.448580	9b89c	5ba1b62f4ea0	fffffffffffffa39	5ba1b8b7ccc0	0	6248	7ff	11013	7ffc3ab91b20	1ed	0	1	1ed	7ffc3ab95fb0	7e432d7fd010	15b8	7ffc3ab91d00
10.457266	22a18859cad6	30	7e432de1ac80	0	5ba1b626f010	28	7e432de1ac80	28	7ffc3ab90150	30	6fff	78	0	1	30	3	7ffc3ab903f8
10.471331	93a3c	8000000000000002	7ffc3ab95fb0	2	4b0540	3d1de	7e432bcfb010	8000000000000001	7ffc3ab8af90	7ffc3ab91960	3c	d63833ef6009429a	6062815e480d8401	81	7ffc3ab91960	12c15	3c
10.483101	9a6c5	5ba1b708ed70	7e432d2bdd18	403a1	32d	3d1de	7e432d2bdd18	1568b	7ffc3ab91b10	20	10	1	1968	7e432d2bdd18	5ba1b62dcc90	4	5ba1b62dea30
10.491777	9b86f	5ba1b62f6260	94d049bb133111eb	5ba1ba5d0100	0	27294	7ff	920b	7ffc3ab91b20	621	0	1c	9e3779b97f4a7c15	7ffc3ab95fb0	7e432d7fd010	97d1	7ffc3ab91d00
10.503641	22a18859a8db	5ba1b6f0ee20	5ba1b6f0ee90	31	7e432de1ace0	5ba1b6f0ee20	5ba1b6f0ee90	60	7ffc3ab8e810	5ba40ceb81fe	5ba1b6f0eef0	30	7c	7e432de1ac98	7e432de1ac80	5ba1b6f0eef0	5ba1b6f0e
10.516231	92bf2	7e432bcfb010	7ffc3ab95fb0	563c80	8000000000000002	3d1de	7ffc3ab8d8c0	158f2	7ffc3ab8d8a0	0	5ba1b755cb30	5ba1b755d150	7e432de1ace0	7e432c25ec90	8000000000000001	5ba1b755ca90	7ffc3ab8d9f8
10.530970	92bb4	1320e	7ffc3ab95fb0	5ba1b8e14490	5ba1b703bbb0	3d1de	0	8000000000000001	7ffc3ab8c8e0	0	5ba1b703bc40	5ba1b703d430	7e432de1ace0	16147	8000000000000001	5ba1b703bc10	7ffc3ab8ca38
10.540080	9b744	7e432bcfb010	1	1f2200	5ba1b678fa10	8000000000000001	7e432d9fe010	7c88	7ffc3ab91b20	5ba1b678f9b0	10	1	4114341e0c03521b	7ffc3ab95fb0	7e432d7fd010	10061	7ffc3ab91d00
10.548198	9b89c	5ba1b62f4b20	fffffffffffff68e	5ba1ba437ff0	37457	0	7ff	2719	7ffc3ab91b20	326	0	1	326	7ffc3ab95fb0	7e432d7fd010	a18e	7ffc3ab91d00
10.560075	22a18859a6d8	5ba1b78db750	5ba1b78db7c0	f1	f0	5ba1b78db750	5ba1b78db7c0	120	7ffc3ab8e5c0	5ba40d96c03b	5ba1b78db8e0	30	7c	7e432de1ac98	7e432de1ac80	5ba1b78db8e0	5ba1b78db
10.565855	9452e	0	7ffc3ab84dc8	1	1	7ffc3ab84dc0	7ffc3ab84dc8	81	7ffc3ab84db0	0	0	d2fbee48868b3d2e	2d4079b5da871d1c	7ffc3ab95fb0	7ffc3ab919c0	7ffc3ab84ec0	7ffc3ab84dc0
10.580244	93a3c	8000000000000002	6a	5ba1b9a8bfe0	a92240	3d1de	7e432bcfb010	7ffc3ab95fb0	7ffc3ab90ad0	8	0	d2d9ea297332010e	6a12f34631134e2e	8000000000000001	0	2a489	7ffc3ab91dd0
10.587879	927e3	0	7ffc3ab95fb0	1e88	3fe	5ba1b9ef08a0	7ff	8000000000000001	7ffc3ab8bf40	10	0	62	0	7ffc3ab95fb0	8000000000000001	1e88	7ffc3ab8c098
10.594960	9b89c	5ba1b62f4f60	fffffffffffffff1	5ba1b719b9f0	0	31b37	7ff	31b38	7ffc3ab91b20	4	0	2	5	7ffc3ab95fb0	7e432d7fd010	e4db	7ffc3ab91d00
10.603785	9a6cd	5ba1b6f56550	7e432d458d18	739a1	fc	3d1de	7e432d458d18	2688b	7ffc3ab91b10	20	10	1	7e0	7e432d458d18	5ba1b62dcc90	519c	5ba1b62dea30
10.615095	95d24	5ba1b89a8200	6c	17	fff	2f3	ff	2ee	7ffc3ab8deb0	20	0	0	5c00	0	2d615	e0b4	7ffc3ab91dd0
10.626285	93a3c	8000000000000002	7ffc3ab95fb0	3f	459c40	3d1de	7e432bcfb010	8000000000000001	7ffc3ab860d0	7ffc3ab919c0	69	cdf1c109c32237df	d5e414787378071d	81	7ffc3ab919c0	11671	69
10.636840	93bd5	9cdd4573962df243	7ffc3ab8f8b8	60eda9f2e6d4ec89	82aa0df082da61d7	7c3259c8c7bff411	1100000000000001	7ffc3ab918b0	7ffc3ab8f8b0	0	1	cdfeecb9f5e397e3	1353161c0efc3152	81	7ffc3ab91960	7ffc3ab8f960	7ffc3ab8f8b0
10.649003	9b89c	5ba1b62f4d80	ffffffffffffffb8	5ba1b8bd48b0	0	296f0	7ff	296f1	7ffc3ab91b20	15	0	408	18	7ffc3ab95fb0	7e432d7fd010	2	7ffc3ab91c68
10.661026	9a6cd	5ba1b6825a50	7e432d1fea68	2854b	5c7	3d1de	7e432d1fea68	d719	7ffc3ab91b10	20	10	2	2e38	7e432d1fea68	5ba1b62dcc90	3cc5	5ba1b62dea30
10.675224	93a3c	8000000000000002	72	5ba1b8ab1a80	2e3280	3d1de	7e432bcfb010	7ffc3ab95fb0	7ffc3ab90020	8	0	cd871ce1bd78479c	5ea65ac45a499e1a	8000000000000001	846f	b8ca	7ffc3ab91dd0
10.684523	93b1b	0	7ffc3ab86d48	0	1	1	11	81	7ffc3ab86d40	0	1	cd5d5b3104fdc6a8	776fff7ea87844a5	7ffc3ab95fb0	7ffc3ab919c0	7ffc3ab86e40	7ffc3ab86d40
10.693563	931b2	5ba1b6e23500	7ffc3ab95fb0	7ff	e	30	bbff	55	7ffc3ab8aa40	0	5ba1b68f1c30	5ba1b68f44e0	7e432de1ace0	5ba1b62f54c0	fc0	6d	7ffc3ab8ab98
10.702833	99272	7e432d0bc010	0	7e432d1fdf28	f00	3d1de	300	7ffc3ab91b01	7ffc3ab91640	8	0	7ffc3ab91ca0	8000000000000001	0	1	d6a1	7ffc3ab95fb0
10.712393	22a18859b69e	0	30	ffffffffffffffd0	31	5ba1b7119bf0	7e432de1ac80	5ba1b7119bf0	7ffc3ab91a80	5ba1b7119c30	0	1	4114341e0c03521b	7e432d629d18	0	a6e8	5ba1b62dea30
10.718333	9b89c	5ba1b62f4c80	fffffffffffff703	5ba1b88f0070	0	cc96	7ff	2c725	7ffc3ab91b20	2ff	0	1	2ff	7ffc3ab95fb0	7e432d7fd010	53be	7ffc3ab91d00
10.728428	22a18859a70f	5ba1b783b8f0	5ba1b8c13960	61	5ba1b758b0c0	5ba1b783b8f0	5ba1b8c16730	2e30	7ffc3ab8df00	5ba402daeb86	5ba1b8c16790	60	7c	7e432de1aca0	7e432de1ac80	5ba1b8c16790	5ba1b8c16
10.736195	94593	f6e2fb2f1977b27c	0	1f5e6f3dbcc048aa	8	7ffc3ab8f430	7ffc3ab8f438	7ffc3ab91a30	7ffc3ab8f420	8	0	d40e85ea3e1283e6	f85e04572b74fe8a	0	1	7ffc3ab8f4d0	7ffc3ab8f430
10.748138	9278c	0	7ffc3ab95fb0	19f22	201	5ba1b9b1c770	7ff	8000000000000001	7ffc3ab8fca0	20	0	3	3a28d798af238fc9	0	8000000000000001	394f5	7ffc3ab8fdb8
10.757198	9a68d	5ba1b9c381e0	7ffc3ab91508	20b1	20	5ba1b9c37ea0	5ba1b9c381e0	4	7ffc3ab914a0	0	5ba1b9c381e0	5ba1b9c3a2b0	7e432de1ace0	4	5ba1b9c381e0	5ba1b9c37e70	5ba1b9c381b0
10.763985	927d1	13bc7	7ffc3ab95fb0	0	3a8	5ba1b6dbaad0	7ff	8000000000000001	7ffc3ab8d1c0	20	0	0	0	0	8000000000000001	0	7ffc3ab8d308
10.777229	9b86f	5ba1b62f49c0	94d049bb133111eb	5ba1b9e75cc0	0	28597	7ff	e9ce	7ffc3ab91b20	5be	0	75	9e3779b97f4a7c15	7ffc3ab95fb0	7e432d7fd010	a99b	7ffc3ab91d00
10.786334	9b744	7e432bcfb010	1	dda4c0	5ba1b724e520	8000000000000001	7e432d9fe010	37693	7ffc3ab91b20	5ba1b724e4c0	0	1	4114341e0c03521b	7ffc3ab95fb0	7e432d7fd010	1bd1	7ffc3ab91d00
10.799113	945a2	c9a34c710b03c864	0	c7c15e7b92cdd4d7	8	7ffc3ab8dbe0	7ffc3ab8dbe8	26d59	7ffc3ab8dbd0	8	0	b968913e49c29278	225c92078ae98711	0	1	7ffc3ab8dcd0	7ffc3ab8dbe0
10.811582	9a68d	5ba1b9514230	7ffc3ab8fe78	21e1	20	5ba1b95141d0	5ba1b9514230	4	7ffc3ab8fe10	0	5ba1b9514230	5ba1b9516430	7e432de1ace0	4	5ba1b9514230	5ba1b95141a0	5ba1b9514200
10.816827	9278c	0	7ffc3ab95fb0	28060	9	5ba1b6df2e40	7ff	8000000000000001	7ffc3ab8df60	30	0	6	0	0	8000000000000001	28060	7ffc3ab8e0a8
10.824420	927b6	2c8c9	7ffc3ab95fb0	0	39b	5ba1b8566c40	7ff	8000000000000001	7ffc3ab90340	0	4	fffffffffffff529	0	0	8000000000000001	0	7ffc3ab90488
10.831898	9bb49	5ba1b62f5300	5ba1b9564601	5ba1b9567e00	255	245	80	267fc	7ffc3ab91b20	1f	f	4	12a8	7ffc3ab95fb0	5ba1b62dcc90	f4be	7ffc3ab91d00
10.839605	9b89c	5ba1b62f46e0	ffffffffffffef74	5ba1b6beb470	f11f	0	7ff	2b72	7ffc3ab91b20	584	0	1	584	7ffc3ab95fb0	7e432d7fd010	b1ab	7ffc3ab91d00
10.854784	9320c	5ba1b8947f30	7ffc3ab95fb0	ffffffffffffe9a7	fffffffffffff88d	0	ff7f	4e	7ffc3ab91710	0	fffffffffffff88d	5ba1b64de4e0	7e432de1ace0	34bdf	c0	773	7ffc3ab91828
10.861990	92bf2	7e432bcfb010	7ffc3ab95fb0	302f00	8000000000000002	3d1de	7ffc3ab8cc00	c0bc	7ffc3ab8cbe0	0	5ba1b7f10a50	5ba1b7f11fc0	7e432de1ace0	7e432bffdf10	8000000000000001	5ba1b64b32d0	7ffc3ab8cd28
10.875818	9278c	2ef06	7ffc3ab95fb0	0	f8	5ba1b733aa40	7ff	8000000000000001	7ffc3ab8fe50	0	142c9a009380a950	4c	214f6ec6451f642e	2ef06	8000000000000001	35062	7ffc3ab8ff68
10.883416	9a6b7	5ba1b62dcc90	7e432d28cd88	3a1af	8000000000000002	3d1de	7e432d28cd88	135e5	7ffc3ab909d0	0	5ba1b74662e0	5ba1b746b040	7e432de1ace0	7e432d28cd88	8000000000000001	5ba1b74662b0	7ffc3ab90af8
10.895117	9b89c	5ba1b62f5420	ffffffffffffeffb	5ba1b7ef4a10	3417b	0	7ff	12be0	7ffc3ab91b20	555	0	4	557	7ffc3ab95fb0	7e432d7fd010	104fd	7ffc3ab91d00
10.903098	9a6bb	5ba1b79e1480	7e432d477570	776ac	2f2	3d1de	7e432d477570	27ce4	7ffc3ab91b10	1d	d	1	1790	7e432d477570	5ba1b62dcc90	b814	5ba1b62dea30
10.908663	9a6b7	5ba1b6615a40	7e432d2c4318	41061	568	3d1de	7e432d2c4318	15acb	7ffc3ab91b10	20	10	1	2b40	7e432d2c4318	5ba1b62dcc90	2f3c	5ba1b62dea30
10.915609	9b744	7e432bcfb010	1	34a800	8000000000000002	8000000000000002	7e432d9fe010	d2a0	7ffc3ab91b20	5ba1b636f860	0	1	4114341e0c03521b	7ffc3ab95fb0	7e432d7fd010	128	7ffc3ab91d00
10.927081	929bd	1	7ffc3ab95fb0	7e432d0bc010	7f938	3d1de	2a868	8000000000000001	7ffc3ab91130	b0	ffbf	e	dfdfb176598636c4	7e432d4b89d0	7e432d0bc010	2f9b1	7ffc3ab91248
10.940500	99778	4d146db0d9737cce	7ffc3ab90db8	30e6298b02f7ac5b	b9f00057c89dc59	9fd89ba6c01a4c9f	1800000000000000	7ffc3ab91a30	7ffc3ab90db0	8	0	994f2573c18445e9	6f223a9ecdb26b84	0	1	7ffc3ab90e50	7ffc3ab90db0
10.951549	95a87	0	82	7ffc3ab91dd0	82	3bb9	7ffc3ab95fb0	7ffc3ab95fb0	7ffc3ab8fe50	5ba1b8a59760	58320	1a0e9da7698e96b	aec03f246c735ce	0	0	15ed6	7ffc3ab91dd0
10.963177	9b814	5ba1b62f4c40	94d049bb133111eb	94ce15ee7cd895c1	fc2e	0	740	2fe2f	7ffc3ab91b20	1299c2bdc	5ba1b62f4500	bf58476d1ce4e5b9	9e3779b97f4a7c15	7ffc3ab95fb0	7e432d7fd010	6	7ffc3ab91c68
10.977513	9bc13	0	0	7e432d9fe010	5ba1b63ee2b0	5ba1b626f010	7	30b10	7ffc3ab91b20	5ba1b63ee250	10	8	4114341e0c03521b	3d1de	7e432d7fd010	67bd	7ffc3ab91d00
10.989776	22a18859a806	5ba1b7011eb0	5ba1b7011f80	31	7e432de1ace0	5ba1b7011eb0	5ba1b7011f80	60	7ffc3ab8d610	5ba40d1a6ff1	5ba1b7011fe0	30	7c	7e432de1ac98	7e432de1ac80	5ba1b7011fe0	5ba1b7011
10.999184	93a3c	8000000000000002	7ffc3ab95fb0	3f	2e7d40	3d1de	7e432bcfb010	8000000000000001	7ffc3ab89b70	7ffc3ab919c0	48	7ffc3ab918b0	a04aaaa4e9de3389	81	7ffc3ab919c0	b9f5	48
11.004834	93b00	0	7ffc3ab876f8	1	0	7ffc3ab876f0	7ffc3ab876f8	5ba1b89a91f0	7ffc3ab876f0	8	0	1252d1d5d39a6df	9f0c84cf77f41f01	ffffe85c	ff0	5ba1b89883a0	7ffc3ab876f0
11.019915	95cd8	5ba1b8ab1a80	86	67	3fff	f	0	ad5	7ffc3ab8fc40	0	0	1f2f304ac24e8cb	c738b59ae712422d	3a402	0	2e50e	7ffc3ab91dd0
11.028193	93a3c	8000000000000002	0	2036614e930d4428	bdb3c0	3d1de	7e432bcfb010	7ffc3ab91a01	7ffc3ab8e410	86	4	7ffc3ab91b40	8000000000000001	0	1	2f6cf	7ffc3ab95fb0
11.042934	22a18859e3b7	7ffc3ab91b00	5ba1b66f9fe0	8	8	5ba1b66fa000	5ba1b66fa010	2aecd	7ffc3ab91ae0	1	0	1	32f0	7e432d4c2348	5ba1b62dcc90	bef8	5ba1b62dea30
11.057113	22a18859a70f	5ba1b6888200	5ba1b7658aa0	31	5ba1b7659ff0	5ba1b6888200	5ba1b7659f80	1510	7ffc3ab8d3c0	5ba40d7ee9e9	5ba1b7659fb0	30	7c	7e432de1aca0	7e432de1ac80	5ba1b7659fb0	5ba1b7659
11.071070	22a18859d042	5ba1b6dad120	7e432de1ac80	1921	5ba1b6dad110	5ba1b6dad150	0	38	7ffc3ab878a8	0	5ba1b6dad120	5ba1b6daea70	7e432de1ace0	ffffffffffffff88	40	5ba1b626f010	2
11.084188	92bf2	7e432bcfb010	7ffc3ab95fb0	bf4480	8000000000000002	3d1de	7ffc3ab8c3c0	2fd12	7ffc3ab8c3a0	0	5ba1ba497750	5ba1ba497860	7e432de1ace0	7e432c8ef490	8000000000000001	5ba1ba497720	7ffc3ab8c4f8
11.091654	94a70	f9	7ffc3ab95fb0	5ba1b8978090	7ff	0	0	8000000000000001	7ffc3ab86540	0	1	6b4401df809c7ee	b5ade1fc4d06c050	81	7ffc3ab919c0	3435b	67
11.106680	9bad0	5ba1b62f50a0	5ba1b7f50018	5ba1b7f59900	131d	aaaaaaaaaaaaaaab	7ff	372c4	7ffc3ab91b20	65e	0	2	32f8	7ffc3ab95fb0	7e432d7fd010	d715	7ffc3ab91d00
11.112548	9a6cd	5ba1b74d4ad0	7e432d24ddd0	5ba40d563f44	5ba1b74d4b90	5ba1b626f010	7	10be8	7ffc3ab91b10	5ba1b74d4b30	10	2	4114341e0c03521b	7e432d24ddd0	5ba1b62dcc90	7bc4	5ba1b62dea30
11.119459	9a6cd	5ba1b6a1c8d0	7e432d50ce08	8a1bf	3a3	3d1de	7e432d50ce08	2e095	7ffc3ab91b10	1	0	1	1d18	7e432d50ce08	5ba1b62dcc90	20cd	5ba1b62dea30
11.134702	931f1	5ba1b953f350	7ffc3ab95fb0	ffffffffffffeb42	fffffffffffff916	662f	f3ff	6c	7ffc3ab8bf20	0	5ba1b89247c0	5ba1b8924b60	7e432de1ace0	5ba1b62f53e0	ee0	6ea	7ffc3ab8c068
11.141197	92bf2	7e432bcfb010	7ffc3ab95fb0	578d40	8000000000000002	3d1de	7ffc3ab8f300	15e35	7ffc3ab8f2e0	0	5ba1b7020a90	5ba1b7022350	7e432de1ace0	7e432c273d50	8000000000000001	5ba1b7020a60	7ffc3ab8f438
11.152453	94b01	7e432cabd810	85	7e432cabd810	dc2800	3709f	7e432cabd810	8000000000000001	7ffc3ab8a440	1	1	31396186e58067b	ea2308ed33884dd2	84	7ffc3ab919c0	370a0	42
11.158303	93af5	54	7ffc3ab88618	1	8	7ffc3ab88610	7ffc3ab88618	7ffc3ab918b0	7ffc3ab88610	8	0	dafbcba5a4ccd1f	8a484bcff67ad43d	81	7ffc3ab91960	7ffc3ab886c0	7ffc3ab88610
11.169368	9b744	7e432bcfb010	1	a2ddc0	5ba1b72683f0	8000000000000001	7e432d9fe010	28b77	7ffc3ab91b20	5ba1b72683d0	2	2	4114341e0c03521b	7ffc3ab95fb0	7e432d7fd010	102bd	7ffc3ab91d00
11.175848	9bb49	5ba1b62f4980	5ba1b9bdd401	5ba1b9bdd470	3	7f3	d7ff	f08a	7ffc3ab91b20	1	0	1	18	7ffc3ab95fb0	5ba1b62dcc90	c223	7ffc3ab91d00
11.184356	9b744	7e432bcfb010	1	d1b00	5ba1b7830e80	8000000000000001	7e432d9fe010	346c	7ffc3ab91b20	5ba1b6640460	0	1	4114341e0c03521b	7ffc3ab95fb0	7e432d7fd010	21cd	7ffc3ab91d00
11.192841	945f3	0	90	1	0	7ffc3ab903f0	7ffc3ab903f8	7ffc3ab95fb0	7ffc3ab903e0	8	0	3095617ba33e95d	a79555ce2cc3ddee	0	3522f	90	7ffc3ab903f0
11.199451	93a3c	8000000000000002	92	5ba1b8ab1a80	2514c0	3d1de	7e432bcfb010	7ffc3ab95fb0	7ffc3ab8e490	0	de60	304ae8781a04917	cb9ef3496ca819b9	8000000000000001	2fd17	9453	7ffc3ab91dd0
11.206238	99272	7e432d0bc010	0	7e432d573b88	f00	3d1de	1000	7ffc3ab91a01	7ffc3ab8d220	8	0	7ffc3ab91b40	8000000000000001	0	1	32525	7ffc3ab95fb0
11.213773	95e83	ee3ded038f33adb8	7ffc3ab8f248	19d4a0e31bb68ce6	f6aa89846177c8b4	ca11f7db6d3abaaa	1000000000000000	5ba1b9a8cee0	7ffc3ab8f240	8	0	3badb9b26e666d1	368c64881bb2fa46	f15	f0d	90	7ffc3ab8f240
11.228750	94477	0	7ffc3ab8bf48	1	8	7ffc3ab8bf40	7ffc3ab8bf48	34886	7ffc3ab8bf30	8	0	10640b1959d2915	81784791277b54a3	0	1	7ffc3ab8c030	7ffc3ab8bf40
11.243616	9a6b7	5ba1b68355e0	7e432d12bc88	df8f	564	3d1de	7e432d12bc88	4a85	7ffc3ab91b10	2	1	1	2b20	7e432d12bc88	5ba1b62dcc90	c6a2	5ba1b62dea30
11.253921	9a6cd	5ba1b6928100	7e432d4e8d48	859a7	694	3d1de	7e432d4e8d48	2c88d	7ffc3ab91b10	2	1	1	34a0	7e432d4e8d48	5ba1b62dcc90	22c3	5ba1b62dea30
11.261817	92c82	e9a1a637	7ffc3ab95fb0	654d06e9	8000000000000002	3d1de	7e432d27ff60	12d4e	7ffc3ab905f0	0	5ba1b62dd240	5ba1b62ddee0	7e432de1ace0	12d4e	8000000000000001	5ba1b62dd210	7ffc3ab90708
11.271901	94575	662b77af2b7268fc	15f8	945de57ddc7a7275	8	7ffc3ab8bd70	7ffc3ab8bd78	7ffc3ab91a30	7ffc3ab8bd60	0	0	776a4a0e1aa984c8	74269231aa756794	0	1	7ffc3ab8be10	7ffc3ab8bd70
11.283050	945b7	0	3a481	92b9d721b8728208	0	7ffc3ab8fbf0	7ffc3ab8fbf8	5ba1b6590610	7ffc3ab8fbe0	8	0	dafbcba5b3ca0d0	8a4df8e295bff8c2	fffffe00	30	5ba1b658fea0	7ffc3ab8fbf0
11.292555	92bf2	7e432bcfb010	7ffc3ab95fb0	b31f40	8000000000000002	3d1de	7ffc3ab8ea00	2cc7d	7ffc3ab8e9e0	0	5ba1b772cc90	5ba1b772f8f0	7e432de1ace0	7e432c82cf50	8000000000000001	5ba1b772cc60	7ffc3ab8eb28
11.299010	9b89c	5ba1b62f5500	fffffffffffff244	5ba1b9602c80	1c73	0	7ff	4cba	7ffc3ab91b20	494	0	1	494	7ffc3ab95fb0	7e432d7fd010	3	7ffc3ab91c68
11.312668	9b89c	5ba1b62f49c0	fffffffffffff65b	5ba1b9e75cc0	0	ff15	7ff	82a9	7ffc3ab91b20	337	0	801	337	7ffc3ab95fb0	7e432d7fd010	890a	7ffc3ab91d00
11.319663	9b76c	7e432c1a4550	1	7b9d14cd75e7632a	8000000000000002	8000000000000001	7e432d9fe010	12a55	7ffc3ab91b20	5ba1b75ba680	0	1	4114341e0c03521b	7ffc3ab95fb0	7e432d7fd010	23c1	7ffc3ab91d00
11.328837	93a3c	8000000000000002	98	5ba1b9a8bfe0	d080c0	3d1de	7e432bcfb010	7ffc3ab95fb0	7ffc3ab8fd90	8	0	33e3804a8b42e9	37e75fdebba9dc90	8000000000000001	34204	34203	7ffc3ab91dd0
11.339916	95b14	1f87	9a	5ba1b9a2cb20	7fff	0	10	7ffc3ab95fb0	7ffc3ab8d720	5ba1b99ed9c0	3f160	d72647f60d06e3	150edaa539ffd59d	0	0	2a101	7ffc3ab91dd0
11.347401	99352	7e432d0bc010	31c7c	7e432d0bc010	f01	3d1de	5ba1b703c430	7ffc3ab91b01	7ffc3ab8c180	8000000000000000	0	7ffc3ab91ca0	8000000000000001	0	1	0	7ffc3ab95fb0
11.355059	95e42	0	7ffc3ab8ca58	5505380599285976	bd824d1c06f07f9	7ffc3ab8ca50	1000000000000000	7ffc3ab95fb0	7ffc3ab8ca50	8	0	bd824d1c06f07f9	4505380599285976	0	0	9a	7ffc3ab8ca50
11.365143	93252	2b5d9	0	fffffffffffff1cf	fffffffffffffb45	2b5d8	8000000000000001	69	7ffc3ab8f3b8	0	fffffffffffffb45	5ba1b9de6700	7e432de1ace0	0	640	1412e	7ffc3ab8f428
11.380097	bef97	7ffc3ab91af0	5ba1b6c9e950	8	8	5ba1b6c9e980	38	15895	7ffc3ab91af8	20	10	1	7a8	7e432d2c0e08	5ba1b62dcc90	d5fd	5ba1b62dea30
11.392683	9b76c	7e432cbe3010	1	654d06e9a1a63770	8000000000000002	8000000000000001	7e432d9fe010	3ba00	7ffc3ab91b20	5ba1b6bb51c0	1	2	4114341e0c03521b	7ffc3ab95fb0	7e432d7fd010	24c8	7ffc3ab91d00
11.405851	22a18859d036	0	7e432de1ac80	4f1	5ba1b9edfda0	5ba1b9edfdd0	0	28	7ffc3ab90d10	0	5ba1b9edfdb0	5ba1b9ee02c0	7e432de1ace0	ffffffffffffff88	30	5ba1b626f010	1
11.417467	9a56f	5	7ffc3ab8f570	5ba1ba4ca530	0	3d1de	7ffc3ab8f570	8000000000000001	7ffc3ab8f510	0	17	4a	6316eac57420bc55	7e432d194b50	7e432d0bc010	62bd	7ffc3ab8f668
11.425949	9278c	1599d	7ffc3ab95fb0	0	4dd	5ba1b9ccb5e0	7ff	8000000000000001	7ffc3ab8d470	0	7dd0197a65823f4	4f	6316ea85747ebc57	1599d	8000000000000001	3833	7ffc3ab8d588
11.439753	9b89c	5ba1b62f4580	fffffffffffffbb9	5ba1b79bcff0	0	9484	3ff	9485	7ffc3ab91b20	16c	0	2	16d	7ffc3ab95fb0	7e432d7fd010	11b0d	7ffc3ab91d00
11.453467	9bc13	0	0	7e432d9fe010	5ba1b6d1cc50	5ba1b626f010	7	33d5a	7ffc3ab91b20	5ba1b6d1cbf0	0	1	4114341e0c03521b	3d1de	7e432d7fd010	4c68	7ffc3ab91d00
11.461734	22a18859a806	5ba1b6592250	5ba1b6592390	41	1	5ba1b6592250	5ba1b65922c0	30	7ffc3ab8c650	5ba40c424192	5ba1b6592400	40	7c	7e432de1ac98	7e432de1ac80	5ba1b65923c0	5ba1b6592
11.470656	92c6d	a1b9eab8	7ffc3ab95fb0	5ba1	8000000000000002	3d1de	7e432d23dff0	10154	7ffc3ab88580	0	5ba1b67f7c10	5ba1b67f8eb0	7e432de1ace0	7e432d23dff0	8000000000000001	5ba1b67f7be0	7ffc3ab886d8
11.476890	93b0a	0	7ffc3ab83fc8	1	0	7ffc3ab83fc0	7ffc3ab83fc8	81	7ffc3ab83fc0	8	0	df1f9ef4c2e8b75	b87c59964ac85f7a	7ffc3ab95fb0	7ffc3ab919c0	7ffc3ab840c0	7ffc3ab83fc0
11.488939	92bf2	7e432bcfb010	7ffc3ab95fb0	9d6040	8000000000000002	3d1de	7ffc3ab8f960	27581	7ffc3ab8f940	0	5ba1b6e14f60	5ba1b6e174f0	7e432de1ace0	7e432c6d1050	8000000000000001	5ba1b6e14f30	7ffc3ab8fa58
11.495049	95ef0	40ecea8f7b57a48f	7ffc3ab8ea68	3de53a9a689b8775	93d4aa8b2f19bd26	ca60f2030fb9c9ee	1000000000000000	7ffc3ab95fb0	7ffc3ab8ea60	8	0	dc289de515e2aab	b95c4b16380a6cc	0	336a3	a2	7ffc3ab8ea60
11.506339	9b744	7e432bcfb010	1	37be00	5ba1b64b4020	8000000000000001	5ba1b7061ef0	def8	7ffc3ab91b20	5ba1b64b3fc0	10	1	4114341e0c03521b	7ffc3ab95fb0	7e432d7fd010	1	7ffc3ab91c68
11.513508	9b89c	5ba1b62f4fa0	fffffffffffff154	5ba1ba4a3870	fb06	0	7ff	2837d	7ffc3ab91b20	4e4	0	1	4e4	7ffc3ab95fb0	7e432d7fd010	10e2e	7ffc3ab91d00
11.521082	9b744	7e432bcfb010	1	2ff940	5ba1b6f00140	8000000000000001	7e432d9fe010	bfe5	7ffc3ab91b20	5ba1b6f000e0	3	4	4114341e0c03521b	7ffc3ab95fb0	7e432d7fd010	8d3a	7ffc3ab91d00
11.528030	9bc13	1	1	7e432d9fe010	5ba1b65be3f0	5ba1b626f010	7	26d53	7ffc3ab91b20	5ba1b65be3d0	0	1	4114341e0c03521b	3d1de	7e432d7fd010	26cf	7ffc3ab91d00
11.536339	92bf2	7e432bcfb010	7ffc3ab95fb0	48bfc0	8000000000000002	3d1de	7ffc3ab8d710	122ff	7ffc3ab8d6f0	0	5ba1b6537920	11	7e432de1ace0	7e432c186fd0	8000000000000001	5ba1b6c93170	7ffc3ab8d808
11.548497	9a56f	5	7ffc3ab908e0	5ba1b6332b90	0	3d1de	7ffc3ab908e0	8000000000000001	7ffc3ab90880	50	f9df	64	a1fc703d58ffa96e	7e432d5322c0	7e432d0bc010	34bd0	7ffc3ab909d8
11.553829	93c94	2e90e	2fe80	52	3ff	354f863aefb973d7	0	10	7ffc3ab8fb70	10	0	5ba1b9b039a0	0	213	7ffc3ab919c0	7ffc3ab8fc00	7ffc3ab918b0
11.568108	9a55d	5ba1b67d2e20	7ffc3ab95fb0	7e432d0bc010	0	3d1de	7ffc3ab8c748	8000000000000001	7ffc3ab8c6e0	20	33c0	15	0	7e432d0bc010	7e432d5e7928	37261	7ffc3ab8c878
11.582901	9bc13	1	1	5ba1ba4d9ff0	5ba1b774ef50	5ba1b626f010	7	47a9	7ffc3ab91b20	5ba1b774ef30	0	1	4114341e0c03521b	3d1de	7e432d7fd010	4	7ffc3ab91c68
11.589337	9baba	5ba1b62f4ac0	5ba1b9ae7fd0	5ba1b9aee960	0	2cfa9	7ff	2cfaa	7ffc3ab91b20	463	0	8	466	7ffc3ab95fb0	7e432d7fd010	13090	7ffc3ab91d00
11.602148	9b89c	5ba1b62f5560	fffffffffffff418	5ba1b7f01230	0	2bb34	7ff	2bb35	7ffc3ab91b20	3f8	0	1	3f8	7ffc3ab95fb0	7e432d7fd010	43d6	7ffc3ab91d00
11.614121	9278c	2833f	7ffc3ab95fb0	0	57b	5ba1b9d8f240	7ff	8000000000000001	7ffc3ab8c190	0	5beff2e09baae0ac	43	2b788cf9a9e78ef6	2833f	8000000000000001	32059	7ffc3ab8c2a8
11.628770	9278c	ce9c	7ffc3ab95fb0	0	5ea	5ba1b7e4c770	7ff	8000000000000001	7ffc3ab8ad00	0	eca4974ccce8565e	54	0	0	8000000000000001	0	7ffc3ab8ae48
11.637165	92bf2	7e432bcfb010	7ffc3ab95fb0	4168c0	8000000000000002	3d1de	7ffc3ab8cb90	105a3	7ffc3ab8cb70	0	5ba1b76df9b0	5ba1b76e2c80	7e432de1ace0	7e432c1118d0	8000000000000001	5ba1b76df980	7ffc3ab8cc88
11.647779	99215	e91	13c14	5ba1b89a8200	fff	0	0	7ffc3ab91a30	7ffc3ab8e420	8	0	7ffc3ab91b40	3f9a039e88114ed8	0	1	0	7ffc3ab95fb0
11.654882	9b86f	5ba1b62f52c0	94d049bb133111eb	5ba1b778aba0	2f017	0	7ff	2f018	7ffc3ab91b20	622	0	58	9e3779b97f4a7c15	7ffc3ab95fb0	7e432d7fd010	5	7ffc3ab91c68
11.665884	9b89c	5ba1b62f5860	ffffffffffffff5e	5ba1b7129ed0	378af	0	7ff	378b0	7ffc3ab91b20	36	0	1	36	7ffc3ab95fb0	7e432d7fd010	e502	7ffc3ab91d00
11.676309	9a6cd	5ba1b88d7670	7e432d1af628	5ba40296ffe7	5ba1b88d7730	5ba1b626f010	7	a241	7ffc3ab91b10	5ba1b88d76d0	1	2	4114341e0c03521b	7e432d1af628	5ba1b62dcc90	28af	5ba1b62dea30
11.688860	9278c	0	7ffc3ab95fb0	2fd48	347	5ba1b6fc2b70	7ff	8000000000000001	7ffc3ab89380	0	10023cff642c52cf	29	0	7ffc3ab95fb0	8000000000000001	2fd48	7ffc3ab894d8
11.694178	93a3c	8000000000000002	7ffc3ab95fb0	81	46e6c0	3d1de	7e432bcfb010	8000000000000001	7ffc3ab8da70	7ffc3ab919c0	23	7ffc3ab918b0	38d15bd8561311c6	81	7ffc3ab919c0	11b9b	23
11.709217	927b6	0	7ffc3ab95fb0	5ea3	60c	5ba1b9e83d40	7ff	8000000000000001	7ffc3ab8c6a0	0	1	ffffffffffffeddc	0	0	8000000000000001	5ea3	7ffc3ab8c7e8
11.720179	99288	7e432d0bc010	3254d	7e432d0bc010	3f01	3d1de	96fe7	7ffc3ab91b01	7ffc3ab8e1c0	8	0	7ffc3ab91ca0	8000000000000001	0	1	0	7ffc3ab95fb0
11.734370	9bbdd	8000000000000001	17d73	5ba1b8e14490	5ba1b7466c90	5ba1b626f010	7	8f5b	7ffc3ab91b20	5ba1b7466c30	0	1	4114341e0c03521b	7ffc3ab95fb0	5ba1b62dcc90	97ac	7ffc3ab91d00
11.740536	9bb5b	5ba1b62f5260	5ba1b7ead001	5ba1b7ead730	4a	3a	80	156ae	7ffc3ab91b20	20	10	1	250	7ffc3ab95fb0	5ba1b62dcc90	418c	5ba1b62dea30
11.753882	9278c	2d772	7ffc3ab95fb0	0	7db	5ba1ba451e80	7ff	8000000000000001	7ffc3ab8e8b0	0	bc0194fa06264fef	36	99563441a41994ca	2d772	8000000000000001	35021	7ffc3ab8e9c8
11.760500	92bf2	7e432bcfb010	7ffc3ab95fb0	a28480	8000000000000002	3d1de	7ffc3ab90100	28a12	7ffc3ab900e0	0	5ba1b782fce0	5ba1b782ff20	7e432de1ace0	7e432c723490	8000000000000001	5ba1b782fcb0	7ffc3ab901f8
11.773418	9a6b7	5ba1b62dcc90	7e432d20c070	2a00c	8000000000000002	3d1de	7e432d20c070	e004	7ffc3ab8c210	0	5ba1b63fb510	5ba1b63fd100	7e432de1ace0	7e432d20c070	8000000000000001	5ba1b63fb4e0	7ffc3ab8c338
11.782470	931f1	5ba1b9bdd470	7ffc3ab95fb0	fffffffffffff73f	fffffffffffffd15	0	fc00	11	7ffc3ab904d0	0	5ba1b9d91310	5ba1b9d96400	7e432de1ace0	5ba1b62f4980	480	31a	7ffc3ab905e8
11.789371	92bf2	7e432bcfb010	7ffc3ab95fb0	9c47c0	8000000000000002	3d1de	7ffc3ab8fe40	2711f	7ffc3ab8fe20	0	5ba1b9d091e0	5ba1b9d14060	7e432de1ace0	7e432c6bf7d0	8000000000000001	5ba1b9d09020	7ffc3ab8ff68
11.796483	9b744	7e432bcfb010	1	322940	5ba1ba4b19a0	8000000000000001	5ba1b89f5bd0	c8a5	7ffc3ab91b20	5ba1ba4b1940	2	1	4114341e0c03521b	7ffc3ab95fb0	7e432d7fd010	4	7ffc3ab91c68
11.803291	9bc13	1	1	7e432d9fe010	5ba1b7569550	5ba1b626f010	7	f882	7ffc3ab91b20	5ba1b7569530	10	1	4114341e0c03521b	3d1de	7e432d7fd010	14005	7ffc3ab91d00
11.809536	9b89c	5ba1b62f5b40	fffffffffffff6a3	5ba1ba6660d0	0	3ba5d	7ff	e8dc	7ffc3ab91b20	31f	0	1	31f	7ffc3ab95fb0	7e432d7fd010	f764	7ffc3ab91d00
11.820227	9bc13	0	0	7e432d9fe010	5ba1b9ba46b0	5ba1b626f010	7	0	7ffc3ab91b20	5ba1b9ba4690	10	1	4114341e0c03521b	3d1de	7e432d7fd010	3fce	7ffc3ab91d00
11.825557	9a6bb	5ba1b7288030	7e432d5edb98	a6371	772	3d1de	7e432d5edb98	3767b	7ffc3ab91b10	20	10	1	3b90	7e432d5edb98	5ba1b62dcc90	2ad9	5ba1b62dea30
11.834100	92bf2	7e432bcfb010	7ffc3ab95fb0	3c9380	8000000000000002	3d1de	7ffc3ab90ad0	f24e	7ffc3ab90ab0	0	5ba1b64ba9b0	5ba1b64baf50	7e432de1ace0	7e432c0c4390	8000000000000001	5ba1b64ba8b0	7ffc3ab90bc8
11.849247	945b7	0	0	92ba3218b8728208	0	7ffc3ab8cfb0	7ffc3ab8cfb8	5ba1b89a8e30	7ffc3ab8cfa0	8	0	dafbcba51f145e9	8a396d35bdbe5a3e	ffffff80	c30	5ba1b898fb00	7ffc3ab8cfb0
11.859324	9444f	80	7ffc3ab838c8	1	8	7ffc3ab838c0	7ffc3ab838c8	0	7ffc3ab838b0	8	0	dafbcba51fc833a	8a31b8c29d059b58	7ffc3ab95fb0	7ffc3ab919c0	7ffc3ab839c0	7ffc3ab838c0
11.870761	9993b	1	15e40	61	1fff	601	1	0	7ffc3ab8dff0	33970	0	5ba1b9a8bfe0	0	601	1	7ffc3ab8e070	7ffc3ab91b90
11.879338	9b744	7e432bcfb010	1	26c7c0	5ba1b707dac0	8000000000000001	7e432d9fe010	9b1f	7ffc3ab91b20	5ba1b707daa0	5	10	4114341e0c03521b	7ffc3ab95fb0	7e432d7fd010	1643e	7ffc3ab91d00
11.885411	9b89c	5ba1b62f5be0	fffffffffffff9df	5ba1b7477050	3396d	0	7ff	d0a7	7ffc3ab91b20	20b	0	1	20b	7ffc3ab95fb0	7e432d7fd010	fb83	7ffc3ab91d00
11.899073	9a6cd	5ba1b6a26c70	7e432d1b75d8	1f6b9	4c4	3d1de	7e432d1b75d8	a793	7ffc3ab91b10	20	10	2	2620	7e432d1b75d8	5ba1b62dcc90	2bc5	5ba1b62dea30
11.911012	9639e	d47559740bb2866e	670	66e	66f	f41b7fdc68edcdd6	7fff	5ba1b8ab20f0	7ffc3ab90a10	8	0	fb8b8acae00106c8	8a98352fad725dde	321c	674	ffff7ff0	5ba1b9a2cb20
11.925072	929e6	0	7ffc3ab95fb0	26a9b	2a1	5ba1b8b7ccc0	7ff	8000000000000001	7ffc3ab8e000	0	2	5ba1b8b78d90	0	0	8000000000000001	26a9b	7ffc3ab8e148
11.935260	99432	fa8fd4f6e1731d20	275f4	5ba1b9c67d80	7	3d1de	702b091e8ce2df	7ffc3ab91a01	7ffc3ab8cfe0	ba	4	7ffc3ab91b40	8000000000000001	0	1	0	7ffc3ab95fb0
11.949589	9b744	7e432bcfb010	1	a181c0	5ba1b94d6810	8000000000000001	5ba1ba553fc0	28607	7ffc3ab91b20	5ba1b94d67b0	10	1	4114341e0c03521b	7ffc3ab95fb0	7e432d7fd010	1	7ffc3ab91c68
11.955191	9b708	15326	1	ca2740	8000000000000002	8000000000000002	7e432d9fe010	27abb	7ffc3ab91b20	5ba1b6cebd40	1	2	4114341e0c03521b	7ffc3ab95fb0	7e432d7fd010	15325	7ffc3ab91d00
11.963571	9a6cd	5ba1b8c15af0	7e432d4bbd18	7ffa1	3d	3d1de	7e432d4bbd18	2aa8b	7ffc3ab91b10	1	0	1	1e8	7e432d4bbd18	5ba1b62dcc90	f992	5ba1b62dea30
11.974276	9b89c	5ba1b62f5720	fffffffffffff910	5ba1b7e4c770	43f6	0	7ff	1c8	7ffc3ab91b20	250	0	1	250	7ffc3ab95fb0	7e432d7fd010	2cc1	7ffc3ab91d00
11.983070	95c45	313e1	bc	0	0	654d06e9a1a63770	872823eb74eb0c89	7ffc3ab95fb0	7ffc3ab8bd80	0	fffffffffffffc37	5ba1b67328e0	7e432de1ace0	0	313e1	274d7	7ffc3ab91dd0
11.993043	92c8e	7e432d7fd010	7ffc3ab95fb0	0	8000000000000002	3d1de	7e432d0c6fa8	751	7ffc3ab8be60	0	5ba1b6a44930	5ba1b6a44ff0	7e432de1ace0	751	8000000000000001	5ba1b6a46600	7ffc3ab8bfa8
12.001102	99272	7e432d0bc010	0	7e432d5c9c40	f00	3d1de	3dc0	7ffc3ab91a01	7ffc3ab8eae0	8	0	7ffc3ab91b40	8000000000000001	0	1	35e82	7ffc3ab95fb0
12.006887	22a18859ced2	cf0	7e432de1ac80	18	5ba1b95943f0	4717000	0	28	7ffc3ab8dbd0	0	0	5ba1b95950e0	7e432de1ace0	ffffffffffffff88	30	5ba1b626f010	1
12.019793	95e72	4baa1beffd33d52c	7ffc3ab90b98	c0f4e8d5728b51eb	50d2b573d733976b	e99ce9f93d3e9ca	1000000000000000	7ffc3ab95fb0	7ffc3ab90b90	8	0	fcc355ec35ea6764	7cce95c6417e729b	8000000000000001	2a8fd	be	7ffc3ab90b90
12.025771	9278c	27629	7ffc3ab95fb0	0	54f	5ba1b9e83d40	7ff	8000000000000001	7ffc3ab8c800	0	a41f83b856845ac8	15	0	0	8000000000000001	0	7ffc3ab8c948
12.032791	9b89c	5ba1b62f5100	fffffffffffff124	5ba1b6dbaad0	0	d8e3	7ff	2e9e6	7ffc3ab91b20	4f4	0	1	4f4	7ffc3ab95fb0	7e432d7fd010	2	7ffc3ab91c68
12.045440	9b89c	5ba1b62f4be0	fffffffffffff2e0	5ba1b7353a80	0	bdad	7ff	151	7ffc3ab91b20	460	0	1	460	7ffc3ab95fb0	7e432d7fd010	a740	7ffc3ab91d00
12.059773	22a18859a6e9	90	5ba1b761d830	91	90	5ba1b761d760	5ba1b761d830	c0	7ffc3ab8b440	5ba40d7aaeed	5ba1b761d8f0	30	7c	7e432de1ac98	7e432de1ac80	5ba1b761d8f0	5ba1b761d
12.065022	96386	af87ae37ebd4657b	570	257b	c0b0810a54f57ab0	f6f163e9e16d63d	3fff	5ba1b9a8c550	7ffc3ab8c520	8	0	fc7275760d9983fa	e4d3c3d8f5bb17a8	170e	57b	fffff800	5ba1b8ab1a80
12.070840	9278c	8dd2	7ffc3ab95fb0	0	2aa	5ba1b7f47520	7ff	8000000000000001	7ffc3ab86600	0	dc100f220ba56c75	39	0	7ffc3ab95fb0	8000000000000001	0	7ffc3ab86758
12.078636	9a6b7	5ba1b62dcc90	7e432d1ec7f8	260fd	8000000000000002	3d1de	7e432d1ec7f8	caff	7ffc3ab85710	0	5ba1b67b3940	5ba1b67b4e40	7e432de1ace0	7e432d1ec7f8	8000000000000001	5ba1b67b37e0	7ffc3ab85878
12.093799	9a6b7	5ba1b62dcc90	7e432d164730	150e4	8000000000000002	3d1de	7e432d164730	704c	7ffc3ab8d3d0	0	5ba1b696f620	5ba1b6973000	7e432de1ace0	7e432d164730	8000000000000001	5ba1b696f4c0	7ffc3ab8d4f8
12.099048	93a3c	8000000000000002	c2	5ba1b9a2cb20	617640	3d1de	7e432bcfb010	7ffc3ab95fb0	7ffc3ab8f7b0	8	0	fc0326eb66b3da2e	e48b539962128ce7	8000000000000001	0	185d9	7ffc3ab91dd0
12.110134	9b89c	5ba1b62f45e0	fffffffffffff682	5ba1b9ba3850	26bdc	39a01	7ff	39a02	7ffc3ab91b20	329	0	2	32a	7ffc3ab95fb0	7e432d7fd010	5	7ffc3ab91c68
12.123170	9a6bb	5ba1b6865ec0	7e432d50f670	8a6cc	741	3d1de	7e432d50f670	2e244	7ffc3ab91b10	4	0	1	3a08	7e432d50f670	5ba1b62dcc90	121b4	5ba1b62dea30
12.131911	9b89c	5ba1b62f5c60	fffffffffffff637	5ba1b7935440	0	a7b2	7ff	123b2	7ffc3ab91b20	341	0	4	343	7ffc3ab95fb0	7e432d7fd010	7ec7	7ffc3ab91d00
12.143389	22a18859a806	5ba1b64047a0	5ba1ba5460c0	151	0	5ba1b64047a0	5ba1ba5460c0	16d0	7ffc3ab8b210	5ba4004fdda7	5ba1ba5478e0	150	7c	7e432de1aca0	7e432de1ac80	5ba1ba547790	5ba1ba547
12.155497	93a3c	8000000000000002	c6	5ba1b9a2cb20	26bdc0	3d1de	7e432bcfb010	7ffc3ab95fb0	7ffc3ab8dd40	8	0	f93de0444bce427c	8e410e5959480549	8000000000000001	3793c	9af7	7ffc3ab91dd0
12.165312	92bf2	7e432bcfb010	7ffc3ab95fb0	42a580	8000000000000002	3d1de	7ffc3ab8aa20	10a96	7ffc3ab8aa00	0	5ba1b649a1d0	5ba1b649ab10	7e432de1ace0	7e432c125590	8000000000000001	5ba1b649a1a0	7ffc3ab8ab48
12.172383	95de7	f4474e8e04986839	7ffc3ab8bfe8	1227488cfc2581d	55bf	654d06e9a1a63770	872823eb74eb0d4c	7ffc3ab95fb0	7ffc3ab8bfe0	eb51448e1a8e7f2d	1128628bd8d25203	f9715759005f6936	5db7af0e267c4751	0	0	c4	7ffc3ab91dd0
12.182208	945bc	0	7ffc3ab87448	1	0	7ffc3ab87440	7ffc3ab87448	81	7ffc3ab87430	0	1	f94ceaad83ba0563	eaa2da4d397bc12b	7ffc3ab95fb0	7ffc3ab919c0	7ffc3ab87540	7ffc3ab87440
12.188330	99e2d	b83aa33147c48b1b	c3	11b	11c	eae943155fc56c48	1ff	5ba1b8580800	7ffc3ab8a320	8	0	b9b94373f3b6f01	bdcb121ba236f592	ffffc000	10	1e	5ba1b6a4b5d0
12.197258	9bc15	0	0	5ba1b7e6fb90	5ba1ba558870	5ba1b626f010	7	da7b	7ffc3ab91b20	5ba1ba558810	10	1	4114341e0c03521b	3d1de	7e432d7fd010	4	7ffc3ab91c68
12.211692	9a6b7	5ba1b6ea2e10	7e432d46ad18	75da1	31b	3d1de	7e432d46ad18	2748b	7ffc3ab91b10	1	0	401	18d8	7e432d46ad18	5ba1b62dcc90	ba2f	5ba1b62dea30
12.217500	9a6bb	5ba1b72170e0	7e432d56e248	96447	515	3d1de	7e432d56e248	3216d	7ffc3ab91b10	20	10	1	28a8	7e432d56e248	5ba1b62dcc90	4600	5ba1b62dea30
12.231976	931ec	5ba1b732e220	7ffc3ab95fb0	fffffffffffff127	fffffffffffffb0d	34bb9	ddf6	53	7ffc3ab8ff70	0	5ba1b65d8d80	5ba1b65d9bc0	7e432de1ace0	5ba1b62f4b00	600	593	7ffc3ab90088
12.243319	931f1	5ba1b7a06300	7ffc3ab95fb0	fffffffffffff508	fffffffffffffc58	34f54	fff7	4b	7ffc3ab861a0	0	5ba1b72debb0	5ba1b72dfc90	7e432de1ace0	5ba1b62f5f20	1a20	3a8	7ffc3ab862f8
12.252158	95b08	3f6	c8	5ba1b9a8bfe0	1fff	0	1	7ffc3ab95fb0	7ffc3ab90460	5ba1b9a84120	7ec0	fb404912815fe63e	2328e3f633b658be	0	2d0d	0	7ffc3ab91dd0
12.259735	9a6bb	5ba1b62dcc90	7e432d2593c8	33a77	8000000000000002	3d1de	7e432d2593c8	1137d	7ffc3ab8c8d0	0	5ba1b6770560	5ba1b6772210	7e432de1ace0	7e432d2593c8	8000000000000001	5ba1b6770530	7ffc3ab8ca38
12.268979	9452e	0	7ffc3ab88a08	1	8	7ffc3ab88a00	7ffc3ab88a08	31243	7ffc3ab889f0	0	0	dafbcba5321e2dd	8a65bb7694543611	0	1	7ffc3ab88af0	7ffc3ab88a00
12.277135	9b89c	5ba1b62f5a00	ffffffffffffed3a	5ba1b955a560	b2d8	0	7ff	26e8c	7ffc3ab91b20	642	0	1	642	7ffc3ab95fb0	7e432d7fd010	3	7ffc3ab91c68
12.283725	9b744	7e432bcfb010	1	2f5fc0	8000000000000002	8000000000000002	7e432d9fe010	bd7f	7ffc3ab91b20	5ba1ba4d06d0	0	1	4114341e0c03521b	7ffc3ab95fb0	7e432d7fd010	129ed	7ffc3ab91d00
12.298350	9bb49	5ba1b62f58e0	5ba1b9d74f01	5ba1b9d75080	9	7f9	80	285eb	7ffc3ab91b20	20	10	1	48	7ffc3ab95fb0	5ba1b62dcc90	6403	7ffc3ab91d00
12.306138	22a18859e3c2	41	ffffffffffffff50	8	8	5ba1b63795f0	5ba1b6379600	265c6	7ffc3ab91ad0	1	0	1	22b8	7e432d454aa0	5ba1b62dcc90	30d2	5ba1b62dea30
12.311616	92c8e	7e432d7fd010	7ffc3ab95fb0	654d06e9	8000000000000002	3d1de	7e432d0e4018	1aab	7ffc3ab8be30	0	5ba1b62e7540	5ba1b62e7b60	7e432de1ace0	1aab	8000000000000001	5ba1b62e7440	7ffc3ab8bf48
12.324012	931f1	5ba1b94d33a0	7ffc3ab95fb0	fffffffffffff034	fffffffffffffabc	0	3fd7	14	7ffc3ab90700	0	5ba1b63edea0	5ba1b63ef3e0	7e432de1ace0	5ba1b62f4740	240	b4	7ffc3ab90858
12.330481	92686	8000000000000001	0	7ffc3ab91ca0	0	7ffc3ab8fc48	7ffc3ab95fb0	334f0	7ffc3ab8fbf8	1	0	5ba1b7d58750	0	0	1	0	7ffc3ab95fb0
12.341437	931f1	5ba1b8967870	7ffc3ab95fb0	fffffffffffff484	fffffffffffffc2c	0	de00	0	7ffc3ab8e5c0	0	5ba1b7817d30	5ba1b7819f30	7e432de1ace0	5ba1b62f4c00	700	613	7ffc3ab8e718
12.348009	9444b	b238	7ffc3ab89418	1227488cfc2581d	8	7ffc3ab89410	7ffc3ab89418	7ffc3ab918b0	7ffc3ab89400	1128628bd8d25203	4b	7ffc3ab918b0	e57af73b6d5085d2	81	7ffc3ab91960	7ffc3ab894c0	7ffc3ab89410
12.359060	22a18859e416	0	ffffffffffffff50	5ba40d7378d0	5ba1b7680e50	5ba1b626f010	7	0	7ffc3ab91ad0	5ba1b7680df0	0	1	4114341e0c03521b	7e432d52e000	5ba1b62dcc90	3	5ba1b62dea30
12.374032	9b744	7e432bcfb010	1	462cc0	5ba1b71f0660	8000000000000001	7e432d9fe010	118b3	7ffc3ab91b20	5ba1b71ef850	0	1	4114341e0c03521b	7ffc3ab95fb0	7e432d7fd010	b1f1	7ffc3ab91d00
12.385245	9b89c	5ba1b62f57e0	ffffffffffffec02	5ba1b9dc0ef0	0	2c2	7ff	277d	7ffc3ab91b20	6aa	0	1	6aa	7ffc3ab95fb0	7e432d7fd010	31b8	7ffc3ab91d00
12.399424	99462	cb	0	7e432d0bc010	68e580	3d1de	7e432c389590	8000000000000001	7ffc3ab88120	d2	4	7ffc3ab91b40	8000000000000001	0	1	1a396	7ffc3ab95fb0
12.409936	9973d	c100dc93b9ddacc0	7ffc3ab89608	434effb926dab6c4	dbc9e83e9c51b659	7ffc3ab89600	1800000000000000	3c77a	7ffc3ab89600	8	0	dbc9e83e9c51b659	5b4effb926dab6c4	0	1	7ffc3ab896f0	7ffc3ab89600
12.421263	945f3	0	bd85	1	0	7ffc3ab8b730	7ffc3ab8b738	7ffc3ab95fb0	7ffc3ab8b720	8	0	dafbcba5433b8d0	8a2edfc34ce2e044	0	0	d2	7ffc3ab8b730
12.428862	9453c	39202	7ffc3ab89f78	1227488cfc2581d	8	7ffc3ab89f70	7ffc3ab89f78	7ffc3ab918b0	7ffc3ab89f60	0	0	fedc4428b6f75524	60fa772dba1d7eb8	81	7ffc3ab919c0	7ffc3ab8a020	7ffc3ab89f70
12.441739	9bb5b	5ba1b62f5140	5ba1ba4aad01	5ba1ba4b0090	37a	36a	3fff	2eecd	7ffc3ab91b20	3	2	2	1bd0	7ffc3ab95fb0	5ba1b62dcc90	4	5ba1b62dea30
12.456432	9bb49	5ba1b62f4bc0	5ba1b9b27001	5ba1b9b2cf90	3fa	3ea	efff	2cc8c	7ffc3ab91b20	1	0	1	1fd0	7ffc3ab95fb0	5ba1b62dcc90	bbc5	7ffc3ab91d00
12.471592	22a18859a6e9	150	5ba1b7056440	151	150	5ba1b7056370	5ba1b7056440	180	7ffc3ab8a900	5ba40d1e1596	5ba1b70565c0	30	7c	7e432de1ac98	7e432de1ac80	5ba1b70565c0	5ba1b7056
12.486143	92bf2	7e432bcfb010	7ffc3ab95fb0	a7a6c0	8000000000000002	3d1de	7ffc3ab8b480	29e9b	7ffc3ab8b460	0	5ba1b7767360	5ba1b7767580	7e432de1ace0	7e432c7756d0	8000000000000001	5ba1b7767330	7ffc3ab8b578
12.494813	92d98	2b949	7ffc3ab95fb0	0	8000000000000002	3d1de	7e432d4d1f00	0	7ffc3ab8baa0	0	5ba1b957fce0	5ba1b9581eb0	7e432de1ace0	183	7d	5ba1b957fbe0	7ffc3ab8bbe8
12.509536	9a56f	4	7ffc3ab8cac8	5ba1b9ae1e50	0	3d1de	7ffc3ab8cac8	8000000000000001	7ffc3ab8ca60	20	bf78	4	0	7e432d0bc010	7e432d45abc0	269d2	7ffc3ab8cbf8
12.516136	9278c	2fc0b	7ffc3ab95fb0	0	6b0	5ba1b7dbd8e0	7ff	8000000000000001	7ffc3ab844c0	0	25dde68fa1c475bc	65	0	7ffc3ab95fb0	8000000000000001	0	7ffc3ab84618
12.523003	92bf2	7e432bcfb010	7ffc3ab95fb0	964580	8000000000000002	3d1de	7ffc3ab90d20	25916	7ffc3ab90d00	0	5ba1b7da78c0	5ba1b7db0710	7e432de1ace0	7e432c65f590	8000000000000001	5ba1b7da7890	7ffc3ab90e48
12.528595	22a18859b666	31	ffffffffffffff50	8	0	5ba1b89cf150	7e432de1ac80	0	7ffc3ab91ac0	2	0	8	fb8	7e432d42b910	5ba1b62dcc90	4	5ba1b62dea30
12.537629	9b744	7e432bcfb010	1	2a8380	5ba1b6dac520	8000000000000001	7e432d9fe010	aa0e	7ffc3ab91b20	5ba1b6dac500	0	1	4114341e0c03521b	7ffc3ab95fb0	7e432d7fd010	14bc5	7ffc3ab91d00
12.551476	9b86f	5ba1b62f5e40	94d049bb133111eb	5ba1b7e0c160	12d98	0	7ff	2a493	7ffc3ab91b20	68e	0	14	9e3779b97f4a7c15	7ffc3ab95fb0	7e432d7fd010	56fc	7ffc3ab91d00
12.562755	22a18859d410	20	7e432de1ac80	5	7e432de1ad20	c	0	7e432de1ad00	7ffc3ab8d760	0	0	7e432de1ad00	7e432de1ace0	ffffffffffffff88	40	5ba1b626f010	2
12.576013	93a3c	8000000000000002	da	5ba1b9a2cb20	145240	3d1de	7e432bcfb010	7ffc3ab95fb0	7ffc3ab90f50	8	0	12a499d3c40ba3	84cd961cae31c863	8000000000000001	0	5149	7ffc3ab91dd0
12.585812	92bf2	7e432bcfb010	7ffc3ab95fb0	189ec0	8000000000000002	3d1de	7ffc3ab904e0	627b	7ffc3ab904c0	0	5ba1b74dd710	5ba1b74defd0	7e432de1ace0	7e432be84ed0	8000000000000001	5ba1b74dd6e0	7ffc3ab90608
12.592674	9639c	6dd21d80c01b2d33	2d30	2d33	2d37	825184360116e6ce	7fff	5ba1b8ab47b0	7ffc3ab902c0	8	0	15614e3e43a0bb1	d5345ffcf8c3bb40	1074	2d3d	ffffe000	5ba1b9a2cb20
12.600982	9320c	5ba1b9b397b0	7ffc3ab95fb0	ffffffffffffe956	fffffffffffff872	0	d7e7	46	7ffc3ab8f870	0	fffffffffffff872	5ba1b70002c0	7e432de1ace0	5533	740	78e	7ffc3ab8f988
12.608453	92c8e	7e432d7fd010	7ffc3ab95fb0	0	8000000000000002	3d1de	7e432d154098	655b	7ffc3ab892c0	0	5ba1b89ffb10	5ba1b8a0c210	7e432de1ace0	655b	8000000000000001	5ba1b89ffa70	7ffc3ab89408
12.613859	9b89c	5ba1b62f4780	fffffffffffffdcf	5ba1b88cf330	0	125ae	7ff	12299	7ffc3ab91b20	bb	0	1	bb	7ffc3ab95fb0	7e432d7fd010	2	7ffc3ab91c68
12.626141	9b86f	5ba1b62f5420	94d049bb133111eb	5ba1b7ef4a10	0	2eb12	7ff	d23e	7ffc3ab91b20	5f4	0	29	9e3779b97f4a7c15	7ffc3ab95fb0	7e432d7fd010	12351	7ffc3ab91d00
12.632398	9b708	9e4e	1	c4ab40	8000000000000002	8000000000000002	7e432d9fe010	13b2d	7ffc3ab91b20	5ba1b9020560	0	1	4114341e0c03521b	7ffc3ab95fb0	7e432d7fd010	9e4d	7ffc3ab91d00
12.641125	9b89c	5ba1b62f4e80	fffffffffffff895	5ba1b6df2e40	0	2d820	7ff	2ddb8	7ffc3ab91b20	279	0	4001	279	7ffc3ab95fb0	7e432d7fd010	34c5	7ffc3ab91d00
12.651876	95e3b	0	7ffc3ab90f38	1	16a62794c2829ad	7ffc3ab90f30	1000000000000000	7ffc3ab95fb0	7ffc3ab90f30	8	0	16a62794c2829ad	514007656d090b32	8000000000000001	a22b	dc	7ffc3ab90f30
12.665204	93a3c	8000000000000002	7ffc3ab95fb0	81	9bad80	3d1de	7e432bcfb010	8000000000000001	7ffc3ab8d1b0	7ffc3ab91960	28	7ffc3ab918b0	5258d9ddb1fd8999	81	7ffc3ab91960	26eb6	28
12.678444	93a3c	8000000000000002	dc	5ba1b8ab1a80	1bc780	3d1de	7e432bcfb010	7ffc3ab95fb0	7ffc3ab8b080	8	0	fc2db751c0f9115e	45f9c35b54c79bac	8000000000000001	0	6f1e	7ffc3ab91dd0
12.691366	22a18859e076	0	7ffc3ab88340	0	38	8	38	38	7ffc3ab882b0	0	5ba1b9d11790	5ba1b9d14060	7e432de1ace0	38	7e432d0bc010	5ba1b9d11720	5ba1b9d11790
12.700061	9b89c	5ba1b62f58c0	fffffffffffff811	5ba1b9d8f240	0	28f3	7ff	28828	7ffc3ab91b20	2a5	0	1	2a5	7ffc3ab95fb0	7e432d7fd010	3	7ffc3ab91c68
12.715232	9b89c	5ba1b62f5fa0	fffffffffffffbc2	5ba1b9d818a0	0	30782	7ff	30784	7ffc3ab91b20	16a	0	1	16a	7ffc3ab95fb0	7e432d7fd010	11f79	7ffc3ab91d00
12.722421	9b86f	5ba1b62f4560	94d049bb133111eb	5ba1b9615400	d70b	10a36	3ff	13081	7ffc3ab91b20	3e	0	57	9e3779b97f4a7c15	7ffc3ab95fb0	7e432d7fd010	8216	7ffc3ab91d00
12.735929	92bdc	7e432bcfb010	7ffc3ab95fb0	3c9b40	5ba1b6e340f0	3d1de	7ffc3ab8aaa0	f26d	7ffc3ab8aa80	0	5ba1b6e341f0	7e432de1ad30	7e432de1ace0	f26d	8000000000000001	5ba1b6e341c0	7ffc3ab8ab98
12.746485	927b6	efe6	7ffc3ab95fb0	0	42f	5ba1b95ad910	7ff	8000000000000001	7ffc3ab8af60	0	1	fffffffffffff373	0	0	8000000000000001	0	7ffc3ab8b0a8
12.759204	945b9	0	0	0	0	7ffc3ab8e3f0	7ffc3ab8e3f8	5ba1b9abd020	7ffc3ab8e3e0	8	0	fc654ea9734c2926	db6e330f6f71a24a	ffffffeb	e80	5ba1b9a9f180	7ffc3ab8e3f0
12.766265	931f1	5ba1b7e8c380	7ffc3ab95fb0	fffffffffffffe5c	ffffffffffffff74	0	f5f1	5b	7ffc3ab8c970	0	5ba1b94dab20	5ba1b94db150	7e432de1ace0	5ba1b62f5700	1200	ec	7ffc3ab8ca88
12.780901	9278c	259c5	7ffc3ab95fb0	0	4bd	5ba1ba493050	7ff	8000000000000001	7ffc3ab8dc60	20	0	18	0	0	8000000000000001	0	7ffc3ab8dda8
12.793415	9bb5b	5ba1b62f4ca0	5ba1ba4c3b01	5ba1ba4c8830	333	323	e0ff	3b5f5	7ffc3ab91b20	1	0	1	1998	7ffc3ab95fb0	5ba1b62dcc90	1b1ec	5ba1b62dea30
12.807289	9b89c	5ba1b62f5f80	fffffffffffff58f	5ba1ba62eed0	31989	0	7ff	2f74f	7ffc3ab91b20	37b	0	1	37b	7ffc3ab95fb0	7e432d7fd010	c4cb	7ffc3ab91d00
12.814737	9bc13	1	1	7e432d9fe010	5ba1b9d57a00	5ba1b626f010	7	57d	7ffc3ab91b20	5ba1b9d579e0	2	4	4114341e0c03521b	3d1de	7e432d7fd010	5ba0	7ffc3ab91d00
12.828665	92bf2	7e432bcfb010	7ffc3ab95fb0	4c99c0	8000000000000002	3d1de	7ffc3ab8e130	13267	7ffc3ab8e110	0	5ba1b6313000	5ba1b63132e0	7e432de1ace0	7e432c1c49d0	8000000000000001	5ba1b6312f00	7ffc3ab8e228
12.841733	92c4d	5ba1b62dea30	7ffc3ab95fb0	41cca	8000000000000002	3d1de	7e432d2ca660	15eee	7ffc3ab87240	0	5ba1b6f1b340	5ba1b6f1b7b0	7e432de1ace0	7e432d2ca660	8000000000000001	5ba1b6f1b2a0	7ffc3ab87398
12.854633	92925	a4f7f	7ffc3ab95fb0	7e432d0bc010	0	3d1de	0	8000000000000001	7ffc3ab8ab10	20	7b00	1c	59dd3e98ae161b6c	7e432d0bc010	7e432d5e3c08	3648c	7ffc3ab8ac28
12.862501	93a3c	8000000000000002	7ffc3ab95fb0	3f	a9dc0	3d1de	7e432bcfb010	8000000000000001	7ffc3ab8ce30	7ffc3ab919c0	2a	7ffc3ab918b0	f9a4f89fbca5b48c	81	7ffc3ab919c0	2a77	2a
12.869036	9a6b7	5ba1b62dcc90	7e432d0cb220	1e42	8000000000000002	3d1de	7e432d0cb220	a16	7ffc3ab90990	0	5ba1ba5ac190	5ba1ba5b31e0	7e432de1ace0	7e432d0cb220	8000000000000001	5ba1ba5ac030	7ffc3ab90af8
12.880060	99272	7e432d0bc010	0	7e432d2571f0	3f00	3d1de	cf00	7ffc3ab91b01	7ffc3ab8df80	8	0	7ffc3ab91ca0	8000000000000001	0	1	11214	7ffc3ab95fb0
12.894160	9bc13	0	0	7e432d9fe010	5ba1b6b756a0	5ba1b626f010	7	13346	7ffc3ab91b20	5ba1b6b75640	10	10	4114341e0c03521b	3d1de	7e432d7fd010	18a5d	7ffc3ab91d00
12.905655	9a6b7	5ba1b6990750	7e432d62f2f8	ae65d	62f	3d1de	7e432d62f2f8	3a21f	7ffc3ab91b10	20	10	4	3178	7e432d62f2f8	5ba1b62dcc90	99bc	5ba1b62dea30
12.912841	22a18859e3ad	0	5ba1b9e1d901	5ba40d3af0b8	5ba1b72182a0	5ba1b626f010	5ba1b7218250	2c659	7ffc3ab91b18	5ba1b7218280	1	2	4114341e0c03521b	7e432d4e5868	5ba1b62dcc90	4f90	5ba1b62dea30
12.920235	22a18859a709	5ba1b6856290	5ba1ba6668e0	3f1	5ba1ba543df0	5ba1b6856290	5ba1ba667870	1380	7ffc3ab89dc0	5ba40c2ef217	5ba1b6355470	3f0	7c	7e432de1aca0	7e432de1ac80	5ba1ba667c60	5ba1ba667
12.933457	9278c	a31f	7ffc3ab95fb0	0	fa	5ba1b7394f10	7ff	8000000000000001	7ffc3ab8ec20	0	8ace94e6d6523e80	3c	0	0	8000000000000001	0	7ffc3ab8ed68
12.939766	93a3c	8000000000000002	7ffc3ab95fb0	3f	2941c0	3d1de	7e432bcfb010	8000000000000001	7ffc3ab90630	7ffc3ab919c0	a	7ffc3ab918b0	bbd5076555452dfd	81	7ffc3ab919c0	a507	a
12.950637	9278c	62b	7ffc3ab95fb0	0	186	5ba1b7908b00	7ff	8000000000000001	7ffc3ab8d810	0	1d8656cad4aaddf8	5a	f50076d9a62800ab	62b	8000000000000001	2ddae	7ffc3ab8d928
12.955962	9a68d	5ba1b9b01010	7ffc3ab8a310	2f01	38	5ba1b9b00f40	5ba1b9b01010	7	7ffc3ab8a2b0	0	5ba1b9b01010	5ba1b9b03f40	7e432de1ace0	7	5ba1b9b01010	5ba1b9b00f10	5ba1b9b00fe0
12.963991	9459b	734d4d51cdf31b5c	379da	92b8fc04b8728208	8	7ffc3ab884e0	7ffc3ab884e8	0	7ffc3ab884d0	8	0	dafbcba49e18bf5	8a565d8223e3bcc9	7ffc3ab95fb0	7ffc3ab919c0	7ffc3ab885e0	7ffc3ab884e0
12.978101	9b2e7	0	5ba1b8b3c1f0	5ba402a8497c	5ba1b8b3c240	5ba1b626f010	7	10806	7ffc3ab91b10	5ba1b8b3c220	10	2	4114341e0c03521b	7e432d2480a0	5ba1b62dcc90	4	5ba1b62dea30
12.993200	9bb5b	5ba1b62f4b40	5ba1b7333a01	5ba1b733aa40	4a6	496	80	29aa4	7ffc3ab91b20	20	10	2	2530	7ffc3ab95fb0	5ba1b62dcc90	bef3	5ba1b62dea30
13.003560	9bc13	1	1	7e432d9fe010	5ba1b71082a0	5ba1b626f010	7	db7a	7ffc3ab91b20	5ba1b7108280	0	1	4114341e0c03521b	3d1de	7e432d7fd010	38c9	7ffc3ab91d00
13.010021	9a6b7	5ba1b62dcc90	7e432d4e78f0	8571c	8000000000000002	3d1de	7e432d4e78f0	2c7b4	7ffc3ab8a680	0	5ba1b775db50	5ba1b775dbc0	7e432de1ace0	7e432d4e78f0	8000000000000001	5ba1b775db20	7ffc3ab8a7a8
13.022606	9980c	25c5ea739ada244e	34e	e3b7101d4fdc7b37	7dbac9f56ece6ce2	1877cba9a3bff832	1800000000000000	5ba1b9acf150	7ffc3ab8e5e8	8	0	5197cad48d58dd23	52a0cdce438aa5be	ffffc000	440	5ba1b9ac6330	7ffc3ab8e590
13.029032	93b0a	1	7ffc3ab8e1b8	1	0	7ffc3ab8e1b0	7ffc3ab8e1b8	5ba1b65f9cf0	7ffc3ab8e1b0	8	0	15e424f51cd0e996	9a9e9b345f2b5ce7	ffffe000	20	5ba1b65f9710	7ffc3ab8e1b0
13.039473	95e72	71ece8c9de35b390	7ffc3ab90a78	8f386a337a26bed3	34bf64bb1b330dc0	371ff65346ecd864	1000000000000000	5ba1b7db13a0	7ffc3ab90a70	8	0	15ff81b0b37b9413	22a479bb68fb3e29	22f	189	ec	7ffc3ab90a70
13.052185	945f7	0	ee	1	0	7ffc3ab8de90	7ffc3ab8de98	7ffc3ab95fb0	7ffc3ab8de80	8	0	15fec2c19b5bc953	2bb2bdecbd3354c6	0	0	ee	7ffc3ab8de90
13.060009	929e6	ce3d	7ffc3ab95fb0	0	5c6	5ba1b955a560	7ff	8000000000000001	7ffc3ab89bc0	0	1	5ba1b9551ad0	0	0	8000000000000001	0	7ffc3ab89d08
13.073715	9a6bd	5ba1b7d6ab90	7e432d212eb0	2add4	19d	3d1de	7e432d212eb0	e49c	7ffc3ab91b10	3	0	1	ce8	7e432d212eb0	5ba1b62dcc90	1888f	5ba1b62dea30
13.083589	9a6b7	5ba1b63a1ec0	7e432d673bc0	b6f76	29d	3d1de	7e432d673bc0	3cfd2	7ffc3ab91b10	2	1	2	14e8	7e432d673bc0	5ba1b62dcc90	c986	5ba1b62dea30
13.093991	9b89c	5ba1b62f54a0	fffffffffffff631	5ba1b9c1f960	0	15470	7ff	2190	7ffc3ab91b20	345	0	1	345	7ffc3ab95fb0	7e432d7fd010	39ba	7ffc3ab91d00
13.108160	95a7f	0	f2	7ffc3ab91dd0	f2	2d2cf	7ffc3ab95fb0	7ffc3ab95fb0	7ffc3ab906e0	5ba1b99cc160	609c0	152928c65b43b93f	9157af3f95bf32d6	0	0	2d2d0	7ffc3ab91dd0
13.120831	995e0	31d5c	25ad5	0	7ff	ffffffffffff89e0	1	0	7ffc3ab8f4a0	25ad5	0	5ba1b9ac2e70	0	0	1	31d5c	7ffc3ab95fb0
13.132710	95cc1	5ba1b9419b50	f0	3d	3fff	5a7b5d2bc8ed5038	0	3ea6	7ffc3ab8ce60	0	8	5ba1b939c630	7d520	0	2908b	7252	7ffc3ab91dd0
13.144976	22a18859d036	0	7e432de1ac80	5621	5ba1b66aac60	5ba1b66aac90	0	20	7ffc3ab88ec0	0	5ba1b66aac70	5ba1b66b02b0	7e432de1ace0	ffffffffffffff88	30	5ba1b626f010	1
13.156633	9b89c	5ba1b62f5e60	fffffffffffff619	5ba1ba604500	0	28d5	7ff	7038	7ffc3ab91b20	34d	0	1	34d	7ffc3ab95fb0	7e432d7fd010	4	7ffc3ab91c68
13.164733	9b744	7e432bcfb010	1	2b7280	5ba1b6c066c0	8000000000000001	7e432d9fe010	adca	7ffc3ab91b20	5ba1b6c066a0	0	1	4114341e0c03521b	7ffc3ab95fb0	7e432d7fd010	18873	7ffc3ab91d00
13.170922	9b744	7e432bcfb010	1	4dc0	5ba1b7258520	8000000000000001	7e432d9fe010	137	7ffc3ab91b20	5ba1b72584c0	10	1	4114341e0c03521b	7ffc3ab95fb0	7e432d7fd010	12a86	7ffc3ab91d00
13.184361	9b89c	5ba1b62f5a00	fffffffffffff7e4	5ba1b955a560	0	1245e	7ff	1245f	7ffc3ab91b20	2b3	0	2	2b4	7ffc3ab95fb0	7e432d7fd010	577d	7ffc3ab91d00
13.197899	92b8a	7e432d7fd010	7ffc3ab95fb0	0	5ba1b9dce950	3d1de	0	8000000000000001	7ffc3ab914d0	0	5ba1b9dce9e0	5ba1b9dcf080	7e432de1ace0	7e432d174990	8000000000000001	5ba1b9dce9b0	7ffc3ab915e8
13.211811	9453c	53	7ffc3ab885c8	1	8	7ffc3ab885c0	7ffc3ab885c8	81	7ffc3ab885b0	0	0	dafbcba497d99cd	8a5095ddca7f8ac7	7ffc3ab95fb0	7ffc3ab919c0	7ffc3ab886c0	7ffc3ab885c0
13.226671	95d3e	5ba1b9419b50	f4	7e	3fff	fda	fca	fda	7ffc3ab91780	61	0	125708da86b5a3d9	da5420588dee3212	0	99a9	feb0	7ffc3ab91dd0
13.233159	92bf2	7e432bcfb010	7ffc3ab95fb0	2ea640	8000000000000002	3d1de	7ffc3ab8e1c0	ba99	7ffc3ab8e1a0	0	5ba1b72035d0	5ba1b7205a40	7e432de1ace0	7e432bfe5650	8000000000000001	5ba1b7203410	7ffc3ab8e2e8
13.239401	94575	c69267e15080080	5a	9475f37fba46de97	8	7ffc3ab8b890	7ffc3ab8b898	5ba1b8990250	7ffc3ab8b880	0	0	776a40654b236166	ce4505aa940af763	fffffe00	50	5ba1b898f6c0	7ffc3ab8b890
13.248694	9b86f	5ba1b62f51e0	94d049bb133111eb	5ba1b70bcb10	0	e557	7ff	e558	7ffc3ab91b20	31e	0	3d	9e3779b97f4a7c15	7ffc3ab95fb0	7e432d7fd010	4	7ffc3ab91c68
13.259134	9b86f	5ba1b62f4de0	94d049bb133111eb	5ba1b8bfa110	13489	0	7ff	bddd	7ffc3ab91b20	6be	0	27	9e3779b97f4a7c15	7ffc3ab95fb0	7e432d7fd010	17629	7ffc3ab91d00
13.272699	bef78	fffffffffffffffc	5ba1b78b8a50	8	8	5ba1b78b8a80	4	750c	7ffc3ab91b08	1	0	1	1a18	7e432d16b930	5ba1b62dcc90	8162	5ba1b62dea30
13.281042	9b744	7e432bcfb010	1	fe840	5ba1b668dd90	8000000000000001	7e432d9fe010	3fa1	7ffc3ab91b20	5ba1b668dd30	0	1	4114341e0c03521b	7ffc3ab95fb0	7e432d7fd010	3bd0	7ffc3ab91d00
13.293699	9a6bb	5ba1b62dcc90	7e432d5bfb30	a0764	8000000000000002	3d1de	7e432d5bfb30	357cc	7ffc3ab8add0	0	5ba1b6999d10	5ba1b699ab80	7e432de1ace0	7e432d5bfb30	8000000000000001	5ba1b6999ce0	7ffc3ab8aef8
13.304796	92bf2	7e432bcfb010	7ffc3ab95fb0	33e500	8000000000000002	3d1de	7ffc3ab89080	cf94	7ffc3ab89060	0	5ba1b659bf90	5ba1b659e1e0	7e432de1ace0	7e432c039510	8000000000000001	5ba1b659bf60	7ffc3ab89178
13.310494	9953c	7e432bcfb010	0	8000000000000001	0	3d1de	7e432bcfb010	8eef	7ffc3ab87a60	fa	4	7ffc3ab91b40	8000000000000001	0	1	0	7ffc3ab95fb0
13.322445	94584	851312aa5e4ae859	f8	2b062b15947030e5	8	7ffc3ab8ae70	7ffc3ab8ae78	7ffc3ab95fb0	7ffc3ab8ae60	0	0	17080966870ec5c1	5f1ba9bbeba749d7	8000000000000001	3aa3c	f8	7ffc3ab8ae70
13.333293	96386	c64c93b7b9d3892	3890	3892	8c8071f48a57dfcb	b7edcb7fd144b514	ffff	5ba1b9a303b0	7ffc3ab89c60	8	0	17144dd2ed67a9a5	9d689b4b94b8ade0	3e98	3897	ffffff80	5ba1b983e3f0
13.339889	99272	7e432d0bc010	0	7e432d19b630	700	3d1de	c203	7ffc3ab91b01	7ffc3ab8a380	8	0	7ffc3ab91ca0	8000000000000001	0	1	94ec	7ffc3ab95fb0
13.349915	9b89c	5ba1b62f4cc0	fffffffffffff75a	5ba1b89848b0	3ce2e	0	7ff	3ce2f	7ffc3ab91b20	2e2	0	1	2e2	7ffc3ab95fb0	7e432d7fd010	4	7ffc3ab91c68
13.355935	9a6b7	5ba1b68ba080	7e432d0d21c8	2c37	471	3d1de	7e432d0d21c8	ebd	7ffc3ab91b10	1	0	1	2388	7e432d0d21c8	5ba1b62dcc90	196b1	5ba1b62dea30
13.363077	9b839	5ba1b62f5420	94d049bb133111eb	78e52b155787d5d7	4df0	0	f20	40cb	7ffc3ab91b20	5309309f1065a273	5ba1b62f4500	8815f2b2acfabcbf	9e3779b97f4a7c15	7ffc3ab95fb0	7e432d7fd010	137d5	7ffc3ab91d00
13.374697	9a6b7	5ba1b637bb90	7e432d484308	7905f	145	3d1de	7e432d484308	28575	7ffc3ab91b10	1e	10	2	a28	7e432d484308	5ba1b62dcc90	5e79	5ba1b62dea30
13.383105	22a18859cea3	74	7e432de1ac80	6	5ba1b62df1a0	40	74	7e432de1ad30	7ffc3ab89300	0	0	5ba1b7711de0	7e432de1ace0	ffffffffffffff88	440	5ba1b626f010	42
13.398074	92bf2	7e432bcfb010	7ffc3ab95fb0	96af40	8000000000000002	3d1de	7ffc3ab84780	25abd	7ffc3ab84760	0	5ba1b7a1f800	5ba1b7a20850	7e432de1ace0	7e432c665f50	8000000000000001	5ba1b7a1f7d0	7ffc3ab848b8
13.405825	93a3c	8000000000000002	647e	eeebbfbffffbbbee	191f80	3d1de	7e432bcfb010	8000000000000000	7ffc3ab8a370	fc	4	7ffc3ab91ca0	8000000000000001	0	1	0	7ffc3ab95fb0
13.413685	9a5f9	0	7ffc3ab89598	5	0	5ba1b6ee6f00	0	4	7ffc3ab89530	0	5ba1b6ee7080	5ba1b6eea7d0	7e432de1ace0	8000000000000000	7e432d5b1cd0	5ba1b6ee6ed0	5ba1b6ee7080
13.425907	92bf2	7e432bcfb010	7ffc3ab95fb0	1ce800	8000000000000002	3d1de	7ffc3ab8bda0	73a0	7ffc3ab8bd80	0	5ba1ba478320	5ba1ba47a820	7e432de1ace0	7e432bec9810	8000000000000001	5ba1ba4782f0	7ffc3ab8bec8
13.432712	9b89c	5ba1b62f52c0	fffffffffffff1ae	5ba1b778aba0	12188	0	7ff	39e94	7ffc3ab91b20	4c4	0	4	4c6	7ffc3ab95fb0	7e432d7fd010	1	7ffc3ab91c68
13.447707	9bc13	1	1	7e432d9fe010	5ba1b64dc210	5ba1b626f010	7	2c423	7ffc3ab91b20	5ba1b64dc1f0	10	1	4114341e0c03521b	3d1de	7e432d7fd010	6de9	7ffc3ab91d00
13.460433	931f1	5ba1ba4a3870	7ffc3ab95fb0	ffffffffffffe8e4	fffffffffffff84c	0	feff	48	7ffc3ab8ce20	0	5ba1b6505dc0	7e432de1ad20	7e432de1ace0	5ba1b62f4fa0	aa0	7b4	7ffc3ab8cf78
13.465665	93a88	f4474e8e049874f7	21b	1227488cfc2581d	5ba1b89f1900	654d06e9a1a63770	872823eb74eb1182	5ba1b89fd720	7ffc3ab884f0	0	1	1544604e251f1bab	7d203dc416da19c0	fffffff4	5c0	5ba1b89f1900	5ba1b89e30a0
13.475863	94bab	b0308ab4d00f9164	8b	3	5ba1b62d7730	0	1	8000000000000001	7ffc3ab89fe0	0	1	1490f3e216ee4738	4ca2c6fd74196826	8b	7ffc3ab919c0	2bace	45
13.489379	92bf2	7e432bcfb010	7ffc3ab95fb0	df7c0	8000000000000002	3d1de	7ffc3ab8cf20	37df	7ffc3ab8cf00	0	5ba1ba5d0fb0	5ba1ba5d1310	7e432de1ace0	7e432bdda7d0	8000000000000001	5ba1ba5d0e50	7ffc3ab8d058
13.503064	9b840	5ba1b62f4860	94d049bb133111eb	71ebbbb3cbabf44	0	1d2eb	360	1d2ec	7ffc3ab91b20	19fd7cb76	5ba1b62f4500	cfebe5bb4bc40b21	9e3779b97f4a7c15	7ffc3ab95fb0	7e432d7fd010	7a	7ffc3ab91d00
13.517459	9bc13	1	1	5ba1b6fe0280	5ba1ba5b0df0	5ba1b626f010	7	11b9d	7ffc3ab91b20	5ba1ba5b0dd0	1	1	4114341e0c03521b	3d1de	7e432d7fd010	4	7ffc3ab91c68
13.528464	22a18859a806	5ba1b6471630	5ba1b6471890	41	1	5ba1b6471630	5ba1b64717c0	30	7ffc3ab911b0	5ba40c5c7d71	5ba1b6471900	40	7c	7e432de1ac98	7e432de1ac80	5ba1b64718c0	5ba1b6471
13.534893	93b9f	103f2cfaa95cf8db	7ffc3ab8ff68	1346a9d3425ea7c3	325f843cdadcfe09	4ca8fb1209f0e4ea	1100000000000000	0	7ffc3ab8ff60	0	1	11aac5e50c0ba8a7	b0ba03be414db08d	7ffc3ab95fb0	7ffc3ab919c0	7ffc3ab90060	7ffc3ab8ff60
13.541889	930e5	5ba1b62f4500	7ffc3ab95fb0	78c72590ade2283c	bf58476d1ce4e5b9	94d049bb133111eb	8d2f670966b65f0e	9b9fe05456ecb36	7ffc3ab89ee0	da8fabd72e97ac27	5ba1b708d160	5ba1b708d940	7e432de1ace0	5ba1b62f5660	1160	9b9fe05456ecb36	7ffc3ab8a038
13.556527	22a18859b762	3	3	1	5ba1b715e130	5ba1b626f010	7	5ba1b715e100	7ffc3ab91a80	5ba1b715e110	4	1	4114341e0c03521b	7e432de1ac80	0	5ba1b715e130	5ba1b62dea30
13.568709	95e3b	0	7ffc3ab912e8	1	1f41d223a786d7ff	7ffc3ab912e0	1000000000000000	5ba1b651d560	7ffc3ab912e0	8	0	1f41d223a786d7ff	ee13f432d1b58787	2d4	c4	14	7ffc3ab912e0
13.577892	92bf2	7e432bcfb010	7ffc3ab95fb0	ef5f80	8000000000000002	3d1de	7ffc3ab90ba0	3bd7e	7ffc3ab90b80	0	5ba1b769f040	5ba1b76a06f0	7e432de1ace0	7e432cbf0f90	8000000000000001	5ba1b769efa0	7ffc3ab90cc8
13.590261	9b89c	5ba1b62f5fc0	fffffffffffff27a	5ba1b76acc40	1b642	0	7ff	1b643	7ffc3ab91b20	482	0	1	482	7ffc3ab95fb0	7e432d7fd010	3ad	7ffc3ab91d00
13.604632	99677	1ea0	e3	ffffffe0	5ba1b6631ba0	654d06e9a1a63770	872823eb74eb132c	5ba1b6633b50	7ffc3ab90510	8	0	343bbc82b722874c	1c0e682df2f57490	ffffffe0	f0	5ba1b6631ba0	5ba1b651d4a0
13.612825	9b89c	5ba1b62f5840	fffffffffffffc46	5ba1b9ddb090	0	359f4	7ff	359f5	7ffc3ab91b20	13e	0	1	13e	7ffc3ab95fb0	7e432d7fd010	4391	7ffc3ab91d00
13.621233	22a18859a896	5ba1b67ed580	5ba1b657b360	31	40	5ba1b67ed580	5ba1b657b330	40	7ffc3ab91090	5ba40c50340b	5ba40c50340b	30	7c	7e432de1aca0	7e432de1ac80	5ba1b657b3a0	5ba1b657b
13.627470	92ad1	5ba1b7e9af50	7ffc3ab95fb0	7e432d0bc010	0	3d1de	0	8000000000000001	7ffc3ab8b920	0	ffff	55	0	7e432d0bc010	7e432d575640	32642	5ba1b7e9ae80
13.636045	9a68d	5ba1b7923690	7ffc3ab86a80	2b51	38	5ba1b7923620	5ba1b7923690	7	7ffc3ab86a20	0	5ba1b7923690	5ba1b7926210	7e432de1ace0	7	5ba1b7923690	5ba1b79235f0	5ba1b7923660
13.651148	22a18859a862	5ba1b7873f10	5ba1b7874070	30	30	5ba1b7873f10	5ba1b7873fe0	90	7ffc3ab90e50	5ba40d9c3804	5ba1b7874070	30	7c	7e432de1ac98	7e432de1ac80	5ba1b7874070	5ba1b7874
13.657444	92bf2	7e432bcfb010	7ffc3ab95fb0	b08b00	8000000000000002	3d1de	7ffc3ab8ef80	2c22c	7ffc3ab8ef60	0	5ba1b71c8da0	5ba1b71c9590	7e432de1ace0	7e432c803b10	8000000000000001	5ba1b71c8d70	7ffc3ab8f0b8
13.668681	92bf2	7e432bcfb010	7ffc3ab95fb0	baefc0	8000000000000002	3d1de	7ffc3ab8db60	2ebbf	7ffc3ab8db40	0	5ba1b6498220	5ba1b649ab10	7e432de1ace0	7e432c8a9fd0	8000000000000001	5ba1b64981f0	7ffc3ab8dc98
13.682873	927c4	2ca4e	7ffc3ab95fb0	0	511	5ba1b94c6b80	7ff	8000000000000001	7ffc3ab91320	20	2	fffffffffffff0ca	aa18f570344d007b	0	8000000000000001	2ab85	7ffc3ab91438
13.696547	992d1	7e432d0bc010	0	7e432d4f28e8	700	3d1de	fe60	7ffc3ab91a01	7ffc3ab91420	8	0	7ffc3ab91b40	8000000000000001	0	1	2cf09	7ffc3ab95fb0
13.705145	9b744	7e432bcfb010	1	585d40	5ba1b9505220	8000000000000001	7e432d9fe010	16175	7ffc3ab91b20	5ba1b95051c0	0	1	4114341e0c03521b	7ffc3ab95fb0	7e432d7fd010	51cc	7ffc3ab91d00
13.712004	9b89c	5ba1b62f4760	ffffffffffffee54	5ba1b6bdec50	265ba	0	7ff	38543	7ffc3ab91b20	5e4	0	1	5e4	7ffc3ab95fb0	7e432d7fd010	7b9	7ffc3ab91d00
13.720794	93a3f	8000000000000002	0	7e432d0bc010	0	3d1de	7e432bcfb010	8000000000000001	7ffc3ab91350	2a	4	7ffc3ab91b40	8000000000000001	0	1	8da5	7ffc3ab95fb0
13.733763	927b6	10370	7ffc3ab95fb0	0	23f	5ba1b94c6b80	7ff	8000000000000001	7ffc3ab91000	0	1	fffffffffffff943	0	0	8000000000000001	0	7ffc3ab91148
13.745616	9b89c	5ba1b62f4aa0	fffffffffffff979	5ba1b9b0ff50	3351e	0	7ff	11df7	7ffc3ab91b20	22d	0	1	22d	7ffc3ab95fb0	7e432d7fd010	8c1	7ffc3ab91d00
13.755708	99630	0	0	7ffc3ab91b40	0	0	7ffc3ab95fb0	0	7ffc3ab90ea8	1	0	7ffc3ab91b40	8000000000000001	0	1	0	7ffc3ab95fb0
13.760930	92ad1	5ba1b6a9f3b0	7ffc3ab95fb0	7e432d0bc010	95e02	3d1de	31f56	8000000000000001	7ffc3ab8d0c0	0	4775	58	0	7e432d56b020	7e432d0bc010	0	5ba1b6a9f410
13.775827	9b86f	5ba1b62f4620	94d049bb133111eb	5ba1b6f48ea0	0	1c134	7ff	1c135	7ffc3ab91b20	296	0	42	9e3779b97f4a7c15	7ffc3ab95fb0	7e432d7fd010	9b4	7ffc3ab91d00
13.783248	99418	5ba1b6538500	2bb74	8000000000000000	701	3d1de	f850e00000000000	7ffc3ab91a01	7ffc3ab8f7a0	32	4	7ffc3ab91b40	8000000000000001	0	1	0	7ffc3ab95fb0
13.788670	99272	7e432d0bc010	0	7e432d35cf10	100	3d1de	1a	7ffc3ab91b01	7ffc3ab90140	8	0	7ffc3ab91ca0	8000000000000001	0	1	1c0a0	7ffc3ab95fb0
13.799932	927b6	2895d	7ffc3ab95fb0	0	7c6	5ba1b9e92d00	7ff	8000000000000001	7ffc3ab8fe00	0	1	ffffffffffffe8ae	0	0	8000000000000001	0	7ffc3ab8ff48
13.812389	22a18859e3c2	41	ffffffffffffff50	8	8	5ba1b9afd9b0	5ba1b9afd9c0	12cfb	7ffc3ab91ad0	1	0	1	1c30	7e432d27f798	5ba1b62dcc90	196c	5ba1b62dea30
13.823579	93a23	1	7ffc3ab95fb0	81	6812	3d1de	7e432bcfb010	8000000000000001	7ffc3ab87870	7ffc3ab919c0	5c	7ffc3ab918b0	7e1e7ceb55aabc74	81	7ffc3ab919c0	6812	5c
13.836351	948e6	1	7ffc3ab95fb0	81	5ba1b62d7730	0	7ffc3ab95fb0	0	7ffc3ab8ea40	7ffc3ab919c0	1a	5ba1b7d58750	0	81	7ffc3ab919c0	0	1a
13.850682	22a18859b6e6	ffffffffffffff88	30	1	0	5ba1b626f010	7	5ba1ba667be0	7ffc3ab91a70	5ba1ba667c20	10	1	4114341e0c03521b	7e432de1ac80	0	bbc	5ba1b62dea30
13.865573	92bf2	7e432bcfb010	7ffc3ab95fb0	338f80	8000000000000002	3d1de	7ffc3ab91260	ce3e	7ffc3ab91240	0	5ba1b723a8d0	5ba1b723b220	7e432de1ace0	7e432c033f90	8000000000000001	5ba1b723a830	7ffc3ab91388
13.875250	9a56f	3	7ffc3ab87420	5ba1b74d3e30	0	3d1de	7ffc3ab87420	8000000000000001	7ffc3ab873c0	0	fdff	7f	0	7e432d60c4b0	7e432d0bc010	0	7ffc3ab87558
13.888468	22a18859e3c2	31	ffffffffffffff50	5ba40d6a6741	5ba1b7711050	5ba1b7710ff0	5ba1b7711000	1a4e7	7ffc3ab91af0	5ba1b7711030	3	2	4114341e0c03521b	7e432d3335b8	5ba1b62dcc90	2681	5ba1b62dea30
13.896886	9453c	1	7ffc3ab8e378	1	0	7ffc3ab8e370	7ffc3ab8e378	5ba1b765f6e0	7ffc3ab8e360	0	1	e009d5b65e8c9da	da4d6c4079288824	ffff7fff	b0	5ba1b765e010	7ffc3ab8e370
13.907598	9447a	10763	7ffc3ab8e6f8	1227488cfc2581d	8	7ffc3ab8e6f0	7ffc3ab8e6f8	5ba1b765f740	7ffc3ab8e6e0	0	0	e5fc6a7bcf2f610	cf048b825f73424b	ffffbf80	110	5ba1b765d330	7ffc3ab8e6f0
13.919391	9a6b7	5ba1b9c02990	7e432d23ecb0	30594	43d	3d1de	7e432d23ecb0	101dc	7ffc3ab91b10	1	0	1	21e8	7e432d23ecb0	5ba1b62dcc90	9b94	5ba1b62dea30
13.930300	9bc13	1	1	7e432d9fe010	5ba1b64d6ff0	5ba1b626f010	7	38dfb	7ffc3ab91b20	5ba1b64d6fd0	0	1	4114341e0c03521b	3d1de	7e432d7fd010	dc6	7ffc3ab91d00
13.941326	22a18859e0b7	30	ffffffffffffff88	0	5ba1b626f010	3d1de	28	28	7ffc3ab8f7a0	0	ef7d	64	0	1	7e432d36f468	5ba1b6742540	7ffc3ab8f978
13.946589	927c4	0	7ffc3ab95fb0	d286	231	5ba1b9b1c770	7ff	8000000000000001	7ffc3ab8fb40	30	20	fffffffffffff95e	a98d7b4ae4973a44	0	8000000000000001	a790	7ffc3ab8fc58
13.960711	9b89c	5ba1b62f49a0	fffffffffffff949	5ba1b9e92d00	1b4f6	0	7ff	1b4f8	7ffc3ab91b20	23d	0	1	23d	7ffc3ab95fb0	7e432d7fd010	bd53	7ffc3ab91d00
13.971683	9b89c	5ba1b62f4b00	fffffffffffff1d5	5ba1b732e220	0	1a914	7ff	1a944	7ffc3ab91b20	4b9	0	1	4b9	7ffc3ab95fb0	7e432d7fd010	eb4	7ffc3ab91d00
13.983533	93a3c	8000000000000002	7ffc3ab95fb0	81	cf4c80	3d1de	7e432bcfb010	8000000000000001	7ffc3ab8ba10	7ffc3ab919c0	36	a3b825c94d41af9	bcc5000561f548ed	81	7ffc3ab919c0	33d32	36
13.994360	92bf2	7e432bcfb010	7ffc3ab95fb0	17ed40	8000000000000002	3d1de	7ffc3ab90220	5fb5	7ffc3ab90200	0	5ba1b7252e40	5ba1b7254da0	7e432de1ace0	7e432be79d50	8000000000000001	5ba1b7252e10	7ffc3ab90318
14.000656	92c8e	7e432d7fd010	7ffc3ab95fb0	0	8000000000000002	3d1de	7e432d295f80	13bfa	7ffc3ab8f500	0	5ba1b7ea0150	5ba1b7ea1720	7e432de1ace0	13bfa	8000000000000001	5ba1b7ea0120	7ffc3ab8f648
14.010006	9b89c	5ba1b62f45e0	ffffffffffffeef3	5ba1b9ba3850	0	c7cf	7ff	12b4e	7ffc3ab91b20	5af	0	1	5af	7ffc3ab95fb0	7e432d7fd010	6f6e	7ffc3ab91d00
14.020439	92bf2	7e432bcfb010	7ffc3ab95fb0	9d5dc0	8000000000000002	3d1de	7ffc3ab90e80	27577	7ffc3ab90e60	0	5ba1b77754a0	5ba1b7775800	7e432de1ace0	7e432c6d0dd0	8000000000000001	5ba1b7775470	7ffc3ab90f78
14.028865	9a6cd	5ba1b62dea30	7e432d5806f8	988dd	8000000000000002	3d1de	7e432d5806f8	32d9f	7ffc3ab8e790	0	5ba1b63b22c0	5ba1b63b3720	7e432de1ace0	7e432d5806f8	8000000000000001	5ba1b63b2220	7ffc3ab8e8e8
14.042614	931f1	5ba1b9cda8d0	7ffc3ab95fb0	fffffffffffff4db	fffffffffffffc49	0	f9cf	76	7ffc3ab882e0	0	5ba1b6b74660	5ba1b6b79e20	7e432de1ace0	5ba1b62f5a60	1560	3b7	7ffc3ab88438
14.049205	9b76c	7e432c7922d0	1	44e7d552acff7452	8000000000000002	8000000000000001	7e432d9fe010	2a5cb	7ffc3ab91b20	5ba1b9d23c70	2	2	4114341e0c03521b	7ffc3ab95fb0	7e432d7fd010	ae71	7ffc3ab91d00
14.062645	9a6b7	5ba1b75738c0	7e432d4d3d90	82fb0	4a3	3d1de	7e432d4d3d90	2ba90	7ffc3ab91b10	1	0	1	2518	7e432d4d3d90	5ba1b62dcc90	10b2	5ba1b62dea30
14.076890	22a18859d040	5ba1b6eff690	7e432de1ac80	2b1	5ba1b6eff680	5ba1b6eff6b0	0	20	7ffc3ab8e338	0	5ba1b6eff690	5ba1b6eff960	7e432de1ace0	ffffffffffffff88	30	5ba1b626f010	1
14.087003	92bf2	7e432bcfb010	7ffc3ab95fb0	efb00	8000000000000002	3d1de	7ffc3ab84f60	3bec	7ffc3ab84f40	0	5ba1b771e530	5ba1b771f1d0	7e432de1ace0	7e432bdeab10	8000000000000001	5ba1b771e490	7ffc3ab85098
14.097375	9b89c	5ba1b62f54c0	fffffffffffff36d	5ba1b6e23500	0	9835	7ff	1805	7ffc3ab91b20	431	0	1	431	7ffc3ab95fb0	7e432d7fd010	8aeb	7ffc3ab91d00
14.111011	9b86f	5ba1b62f5860	94d049bb133111eb	5ba1b7129ed0	2b064	0	7ff	1b7d8	7ffc3ab91b20	33f	0	78	9e3779b97f4a7c15	7ffc3ab95fb0	7e432d7fd010	11b9	7ffc3ab91d00
14.123770	927b6	0	7ffc3ab95fb0	1b02e	ae	5ba1b6beb470	7ff	8000000000000001	7ffc3ab909a0	40	8	fffffffffffffded	0	7ffc3ab95fb0	8000000000000001	1b02e	7ffc3ab90af8
14.134855	95ca5	5ba1b8ab1a80	52	31	3fff	1ef50a675c1a221	0	26f2	7ffc3ab8ed10	0	2	8c3d9cfac1459ab	1	3afcb	0	2c0b5	7ffc3ab91dd0
14.145279	9a6cd	5ba1b74e62a0	7e432d5f2470	5ba40d551736	5ba1b74e63d0	5ba1b626f010	7	37984	7ffc3ab91b10	5ba1b74e6370	1	2	4114341e0c03521b	7e432d5f2470	5ba1b62dcc90	b57f	5ba1b62dea30
14.156983	9b89c	5ba1b62f5a80	ffffffffffffed34	5ba1b7677140	0	13c3f	7ff	12746	7ffc3ab91b20	644	0	1	644	7ffc3ab95fb0	7e432d7fd010	12cc	7ffc3ab91d00
14.170640	931c3	5ba1b70bcb10	7ffc3ab95fb0	7ff	63	0	fad7	2b	7ffc3ab8be60	0	0	fffffffffffffd96	0	5ba1b62f51e0	ce0	1b3	7ffc3ab8bfb8
14.185337	92c8e	7e432d7fd010	7ffc3ab95fb0	0	8000000000000002	3d1de	7e432d58c170	33564	7ffc3ab914a0	0	5ba1b6b92e20	5ba1b6b97520	7e432de1ace0	33564	8000000000000001	5ba1b6b92d80	7ffc3ab915e8
14.198498	9b744	7e432bcfb010	1	7a2a00	5ba1b721c010	8000000000000001	7e432d9fe010	1e8a8	7ffc3ab91b20	5ba1b721bff0	1	1	4114341e0c03521b	7ffc3ab95fb0	7e432d7fd010	4c1b	7ffc3ab91d00
14.204621	9bc13	0	0	7e432d9fe010	5ba1b77700a0	5ba1b626f010	7	2bc9	7ffc3ab91b20	5ba1b7770040	0	2	4114341e0c03521b	3d1de	7e432d7fd010	13bd	7ffc3ab91d00
14.216138	92c18	7e432bcfb010	7ffc3ab95fb0	4e5100	8000000000000002	3d1de	7ffc3ab8b860	13944	7ffc3ab8b840	0	5ba1b64d7990	5ba1b64d8140	7e432de1ace0	7e432c1e0110	8000000000000001	5ba1b64d7960	7ffc3ab8b998
14.227062	9278c	6d96	7ffc3ab95fb0	0	5ee	5ba1b6e0f480	7ff	8000000000000001	7ffc3ab90710	0	7e1fb52a5e512034	15	b124a90fbf19ffdd	0	8000000000000001	d2d	7ffc3ab90828
14.241935	9b744	7e432bcfb010	1	260600	5ba1b76337e0	8000000000000001	7e432d9fe010	9818	7ffc3ab91b20	5ba1b7633780	0	1	4114341e0c03521b	7ffc3ab95fb0	7e432d7fd010	7d41	7ffc3ab91d00
14.248071	9b89c	5ba1b62f6160	fffffffffffff2bf	5ba1b8a24a40	1df49	0	7ff	1df4a	7ffc3ab91b20	46a	0	2	46b	7ffc3ab95fb0	7e432d7fd010	14c8	7ffc3ab91d00
14.253711	9278c	1cb99	7ffc3ab95fb0	0	199	5ba1b85413e0	7ff	8000000000000001	7ffc3ab91440	0	b260472a930e4e2a	66	74274b31b102e621	1cb99	8000000000000001	2aae7	7ffc3ab91558
14.267682	929ff	1bf00	7ffc3ab95fb0	7e432d0bc010	0	3d1de	0	8000000000000001	7ffc3ab8f040	0	5e00	29	15c60	7e432d0bc010	7e432d19bc30	8feb	5ba1b772c7f0
14.275576	92bf2	7e432bcfb010	7ffc3ab95fb0	a34180	8000000000000002	3d1de	7ffc3ab87dc0	28d06	7ffc3ab87da0	0	5ba1b6971ea0	5ba1b6973ed0	7e432de1ace0	7e432c72f190	8000000000000001	5ba1b6971e70	7ffc3ab87ef8
14.282091	9b2e7	0	5ba1b72a1000	5ba40d3162f1	5ba1b72a1050	5ba1b626f010	7	22d1	7ffc3ab91b10	5ba1b72a1030	10	1	4114341e0c03521b	7e432d0f03a8	5ba1b62dcc90	3	5ba1b62dea30
14.288897	9b89c	5ba1b62f6200	ffffffffffffe8e1	5ba1b89b5220	2b1fe	0	7ff	33c3f	7ffc3ab91b20	7b5	0	1	7b5	7ffc3ab95fb0	7e432d7fd010	95d3	7ffc3ab91d00
14.297765	9b744	7e432bcfb010	1	4e0740	5ba1b6695fb0	8000000000000001	7e432d9fe010	1381d	7ffc3ab91b20	5ba1b6695f90	b	1	4114341e0c03521b	7ffc3ab95fb0	7e432d7fd010	15cc	7ffc3ab91d00
14.305634	928f7	0	7ffc3ab95fb0	2d959	34e	5ba1b8b894e0	0	8000000000000001	7ffc3ab8ece0	0	dbb7	1d	2a4a3f666ab6bad6	0	8000000000000001	5e3f	7ffc3ab8edf8
14.318784	92794	2b6f7	7ffc3ab95fb0	0	6f5	5ba1b8b894e0	7ff	8000000000000001	7ffc3ab8dd00	0	f2fbe59391dcc3b9	5f	0	0	8000000000000001	0	7ffc3ab8de48
14.326518	92c57	5ba1b7048930	7ffc3ab95fb0	6bf70	8000000000000002	3d1de	7e432d41bb90	23fd0	7ffc3ab8dd00	0	5ba1b7048b80	5ba1b704aa30	7e432de1ace0	7e432d41bb90	8000000000000001	5ba1b7048b50	7ffc3ab8de58
14.339681	9b744	7e432bcfb010	1	b04e80	8000000000000002	8000000000000002	7e432d9fe010	2c13a	7ffc3ab91b20	5ba1b765d400	10	2	4114341e0c03521b	7ffc3ab95fb0	7e432d7fd010	fb82	7ffc3ab91d00
14.350064	9b89c	5ba1b62f4660	fffffffffffff5e6	5ba1b85413e0	0	366ac	7ff	2c91d	7ffc3ab91b20	35e	0	1	35e	7ffc3ab95fb0	7e432d7fd010	47a0	7ffc3ab91d00
14.357751	22a18859a896	5ba1b659d0f0	5ba1b659d350	41	31	5ba1b659d0f0	5ba1b659d220	30	7ffc3ab8e810	5ba40c42b65d	5ba40c42b65d	40	7c	7e432de1ac98	7e432de1ac80	5ba1b659d380	5ba1b659d
14.366836	92bf2	7e432bcfb010	7ffc3ab95fb0	407040	8000000000000002	3d1de	7ffc3ab84860	101c1	7ffc3ab84840	0	5ba1b645bbf0	5ba1b645c810	7e432de1ace0	7e432c102050	8000000000000001	5ba1b645bbc0	7ffc3ab84998
14.376082	93a3c	8000000000000002	66	5ba1b8ab1a80	d63440	3d1de	7e432bcfb010	7ffc3ab95fb0	7ffc3ab90770	8	0	2ef69bd368e6379f	e02e87887775254e	8000000000000001	15d98	358d1	7ffc3ab91dd0
14.382807	92c8e	7e432d7fd010	7ffc3ab95fb0	5ba1	8000000000000002	3d1de	7e432d265050	11b58	7ffc3ab8d8a0	0	5ba1b9d54700	5ba1b9d558d0	7e432de1ace0	11b58	8000000000000001	5ba1b9d546d0	7ffc3ab8d9f8
14.393890	9b744	7e432bcfb010	1	49680	8000000000000002	8000000000000002	7e432d9fe010	125a	7ffc3ab91b20	5ba1b643eed0	6	1000	4114341e0c03521b	7ffc3ab95fb0	7e432d7fd010	bbb3	7ffc3ab91d00
14.402942	9b89c	5ba1b62f48c0	ffffffffffffeff8	5ba1b8566c40	37222	0	7ff	37223	7ffc3ab91b20	558	0	1	558	7ffc3ab95fb0	7e432d7fd010	342e	7ffc3ab91d00
14.413365	92bf2	7e432bcfb010	7ffc3ab95fb0	c9800	8000000000000002	3d1de	7ffc3ab91150	3260	7ffc3ab91130	0	5ba1b6f6d440	5ba1b6f6d4f0	7e432de1ace0	7e432bdc4810	8000000000000001	5ba1b6f6d3a0	7ffc3ab91248
14.427776	9a6bb	5ba1b62dcc90	7e432d21cb70	2c16c	8000000000000002	3d1de	7e432d21cb70	eb24	7ffc3ab90bc0	0	5ba1b6a72640	5ba1b6a75130	7e432de1ace0	7e432d21cb70	8000000000000001	5ba1b6a72610	7ffc3ab90ce8
14.435156	22a18859ce2f	30	7e432de1ac80	18	7e432de1ad10	7e432de1ad00	5b	28	7ffc3ab90150	0	fe30	22	0	ffffffffffffff88	30	3	1
14.448560	9b86f	5ba1b62f5e80	94d049bb133111eb	5ba1b7f47520	2df27	0	7ff	2df29	7ffc3ab91b20	514	0	55	9e3779b97f4a7c15	7ffc3ab95fb0	7e432d7fd010	a7f9	7ffc3ab91d00
14.456223	9b744	7e432bcfb010	1	2f6800	5ba1b67e6be0	8000000000000001	7e432d9fe010	bda0	7ffc3ab91b20	5ba1b67e6bc0	0	1	4114341e0c03521b	7ffc3ab95fb0	7e432d7fd010	18c0	7ffc3ab91d00
14.466564	9278c	0	7ffc3ab95fb0	1ba9f	12e	5ba1ba5e9b40	7ff	8000000000000001	7ffc3ab86fa0	0	93df7a0173fe6c68	4b	0	7ffc3ab95fb0	8000000000000001	1ba9f	7ffc3ab870f8
14.476201	9444b	1cc05	7ffc3ab8d518	1227488cfc2581d	8	7ffc3ab8d510	7ffc3ab8d518	5ba1b7d58a10	7ffc3ab8d500	1128628bd8d25203	0	e8d18a99585b1413	5d33ac839692f9ec	ffffff60	2c0	5ba1b7d52e90	7ffc3ab8d510
14.488704	92bf2	7e432bcfb010	7ffc3ab95fb0	3c0280	8000000000000002	3d1de	7ffc3ab8cac0	f00a	7ffc3ab8caa0	0	5ba1b74e3380	5ba1b74e7390	7e432de1ace0	7e432c0bb290	8000000000000001	5ba1b74e3350	7ffc3ab8cbf8
14.500915	9b89c	5ba1b62f4a80	ffffffffffffec05	5ba1b9b5e790	0	2a9a6	7ff	2a9a7	7ffc3ab91b20	6a9	0	1	6a9	7ffc3ab95fb0	7e432d7fd010	bc88	7ffc3ab91d00
14.513808	9a6cd	5ba1b6b5dfe0	7e432d35fcd0	5ba40cae8ade	5ba1b6b5e180	5ba1b626f010	7	1c288	7ffc3ab91b10	5ba1b6b5e120	1	1	4114341e0c03521b	7e432d35fcd0	5ba1b62dcc90	19bf	5ba1b62dea30
14.527873	92718	1e073	7ffc3ab95fb0	0	9e3779b97f4a7c15	bf58476d1ce4e5b9	5ba1b62f5de0	8000000000000001	7ffc3ab86a60	e19a8f84c92739c5	1c3351f099	5ba1b7d58750	0	7ffc3ab95fb0	8000000000000001	0	7ffc3ab86bb8
14.541788	9278c	0	7ffc3ab95fb0	ce65	481	5ba1b8b704a0	7ff	8000000000000001	7ffc3ab8e620	0	4e427afe2341b452	24	0	0	8000000000000001	ce65	7ffc3ab8e768
14.549619	9bc13	0	0	5ba1b6ce70e0	5ba1b7f5d780	5ba1b626f010	7	15466	7ffc3ab91b20	5ba1b7f5d720	0	1	4114341e0c03521b	3d1de	7e432d7fd010	4	7ffc3ab91c68
14.559436	9b89c	5ba1b62f51e0	ffffffffffffee8d	5ba1b70bcb10	0	34621	7ff	33657	7ffc3ab91b20	5d0	0	2	5d1	7ffc3ab95fb0	7e432d7fd010	aca9	7ffc3ab91d00
14.572766	22a18859a6ee	f0	5ba1b62e16a0	f1	0	5ba1b7f8e610	5ba1b62e1b80	5d0	7ffc3ab8df00	5ba40c357e91	5ba1b62e1c70	f0	7c	7e432de1aca0	7e432de1ac80	5ba1b62e1c70	5ba1b62e1
14.584042	93b57	cf9df2b4dd7ec9ee	7ffc3ab8b018	9e5701a09d3bb6b1	5072328528208107	d6f75f55645ab059	1100000000000000	7ffc3ab918b0	7ffc3ab8b010	0	1	28200605d8214023	bbf80824b6bcd623	81	7ffc3ab919c0	7ffc3ab8b0c0	7ffc3ab8b010
14.596092	93d02	0	3091c	2f	7f	dab04877a31a5250	10	0	7ffc3ab88ef0	4f	0	5ba1b8989200	0	7d	7ffc3ab919c0	7ffc3ab88f80	7ffc3ab918b0
14.609568	92bf2	7e432bcfb010	7ffc3ab95fb0	f04bc0	8000000000000002	3d1de	7ffc3ab8dea0	3c12f	7ffc3ab8de80	0	5ba1b7ddb020	5ba1b7de0ab0	7e432de1ace0	7e432cbffbd0	8000000000000001	5ba1b7ddaec0	7ffc3ab8dfc8
14.617462	9bc13	0	0	7e432d9fe010	5ba1b67bcdb0	5ba1b626f010	7	c2ec	7ffc3ab91b20	5ba1b67bcd50	10	11	4114341e0c03521b	3d1de	7e432d7fd010	de0d	7ffc3ab91d00
14.625076	9b89c	5ba1b62f48e0	ffffffffffffedd9	5ba1b9ec4500	0	2e2a4	7ff	6d37	7ffc3ab91b20	60c	0	2	60d	7ffc3ab95fb0	7e432d7fd010	84ea	7ffc3ab91d00
14.637578	22a18859a70f	7e432de1ae60	7e432de1ac80	191	5ba1b72412e0	7e432de1ae60	5ba1b75a2ef0	38	7ffc3ab8f400	0	0	5ba1b6fcd280	7e432de1ace0	150	40	190	2
14.650947	92bf2	7e432bcfb010	7ffc3ab95fb0	2cdd80	8000000000000002	3d1de	7ffc3ab8ee80	b376	7ffc3ab8ee60	0	5ba1b660b740	5ba1b660d660	7e432de1ace0	7e432bfc8d90	8000000000000001	5ba1b660b6a0	7ffc3ab8efa8
14.656786	927b6	0	7ffc3ab95fb0	343b8	312	5ba1b732e220	7ff	8000000000000001	7ffc3ab8ff70	0	40	fffffffffffff6b8	a9d447d2a3eb8dea	0	8000000000000001	2f127	7ffc3ab90088
14.666352	94a9b	7e432c931650	7ffc3ab95fb0	1ca	c36640	3d1de	7e432c931650	8000000000000001	7ffc3ab89aa0	0	2f00	2cc4c428b98608a5	3458839b92b80073	81	7ffc3ab919c0	30d99	48
14.673324	9278c	0	7ffc3ab95fb0	25b38	5f2	5ba1b9b397b0	7ff	8000000000000001	7ffc3ab8ee40	0	31f0801dccfa5bf	2b	0	0	8000000000000001	25b38	7ffc3ab8ef88
14.686642	9b76c	7e432cbbc350	1	72f5a7cc5091a701	8000000000000002	8000000000000001	7e432d9fe010	3b04d	7ffc3ab91b20	5ba1b6c6dac0	0	1	4114341e0c03521b	7ffc3ab95fb0	7e432d7fd010	adc3	7ffc3ab91d00
14.693385	9b89c	5ba1b62f5100	ffffffffffffee36	5ba1b6dbaad0	358cf	0	7ff	342b3	7ffc3ab91b20	5ee	0	1	5ee	7ffc3ab95fb0	7e432d7fd010	2980	7ffc3ab91d00
14.706557	93a3c	8000000000000002	7ffc3ab95fb0	81	2cd1c0	3d1de	7e432bcfb010	8000000000000001	7ffc3ab84150	7ffc3ab91960	7b	2ccc558e574d48da	a986ef19838b9aba	81	7ffc3ab91960	b347	7b
14.713392	94bb2	e50ab8bc6ecbb3bb	0	3	5ba1b62d7730	0	0	8000000000000001	7ffc3ab8e0a0	1	1	2cf00d11276809ee	d4f35f8283b6b60c	3f	7ffc3ab919c0	cc38	1f
14.726433	9a6bb	5ba1b62dcc90	7e432d10aa30	9d44	8000000000000002	3d1de	7e432d10aa30	346c	7ffc3ab90450	0	5ba1b6a1f130	5ba1b6a1f590	7e432de1ace0	7e432d10aa30	8000000000000001	5ba1b6a1f100	7ffc3ab905b8
14.737899	9b744	7e432bcfb010	1	a37340	5ba1b70bde20	8000000000000001	5ba1b77591f0	28dcd	7ffc3ab91b20	5ba1b70bddc0	0	2	4114341e0c03521b	7ffc3ab95fb0	7e432d7fd010	2	7ffc3ab91c68
14.744117	9a6cd	5ba1b9c394f0	7e432d1fe480	2848e	5a	3d1de	7e432d1fe480	d6da	7ffc3ab91b10	3	0	1	2d0	7e432d1fe480	5ba1b62dcc90	e991	5ba1b62dea30
14.751387	9a6b7	5ba1b8902750	7e432d5ff1f0	a863c	6db	3d1de	7e432d5ff1f0	38214	7ffc3ab91b10	20	10	1	36d8	7e432d5ff1f0	5ba1b62dcc90	8315	5ba1b62dea30
14.762355	22a18859a800	5ba1b7dc1980	5ba1b7dc1ac0	41	1	5ba1b7dc1980	5ba1b7dc19f0	30	7ffc3ab8d850	5ba40dc766f1	5ba1b7dc1b30	40	7c	7e432de1ac98	7e432de1ac80	5ba1b7dc1af0	5ba1b7dc1
14.769896	931f1	5ba1b6e0f480	7ffc3ab95fb0	ffffffffffffede2	fffffffffffff9f6	0	ff7d	2b	7ffc3ab8fac0	0	5ba1b65e0870	5ba1b65e1780	7e432de1ace0	5ba1b62f4900	400	60a	7ffc3ab8fc18
14.776500	cf026	5ba1b6ddf7c0	5ba1b6ddf7c0	45	1	45	5ba1b6ddf7c0	8000000000000001	7ffc3ab8da30	0	5ba1b6ddf7e0	5ba1b6ddfc20	7e432de1ace0	20	7e432d2d03a8	1	8000000000000000
14.785426	9278c	0	7ffc3ab95fb0	2b71	536	5ba1b94a5b60	7ff	8000000000000001	7ffc3ab90c60	0	93a58e669d0ccf8e	4d	4bae9d30d61a6cad	0	8000000000000001	39664	7ffc3ab90d78
14.794998	9a6b7	5ba1b62dcc90	7e432d270420	36882	8000000000000002	3d1de	7e432d270420	122d6	7ffc3ab916a0	5ba1b6c96180	4	4	4114341e0c03521b	7e432d270420	8000000000000001	5ba1b6c96150	7ffc3ab917c8
14.806526	9b89c	5ba1b62f4840	ffffffffffffee63	5ba1b8577460	0	3d0f9	7ff	2db10	7ffc3ab91b20	5df	0	1	5df	7ffc3ab95fb0	7e432d7fd010	1	7ffc3ab91c68
14.818420	9b720	7e432d7fd010	1	c20740	8000000000000002	3d1de	7e432d9fe010	2527	7ffc3ab91b20	5ba1b63632f0	2	2	4114341e0c03521b	7ffc3ab95fb0	7e432d7fd010	9e32	7ffc3ab91d00
14.827370	9b89c	5ba1b62f47a0	fffffffffffffe2c	5ba1b88c2b10	0	2b7d6	7ff	2a4fa	7ffc3ab91b20	9c	0	801	9c	7ffc3ab95fb0	7e432d7fd010	1eca	7ffc3ab91d00
14.832826	22a18859a70f	5ba1b7655c20	5ba1b6fd9450	23b1	5ba1b66a6ae0	5ba1b7655c20	5ba1b6fd9450	2400	7ffc3ab8d600	5ba40d75298b	5ba1b76e4650	30	7c	7e432de1aca8	7e432de1ac80	5ba1b6fdb850	5ba1b6fdb
14.844212	94446	1	7ffc3ab88408	1	1	7ffc3ab88400	7ffc3ab88408	81	7ffc3ab883f8	8	0	23acf70c075606c2	715de629e174820c	7ffc3ab95fb0	7ffc3ab91960	7ffc3ab88500	7ffc3ab88400
14.855242	95a92	12b55	84	7ffc3ab91dd0	84	0	7ffc3ab95fb0	7ffc3ab95fb0	7ffc3ab8e600	0	199a0	2dad33b563aef9c9	1e1516a6d4ff43f	8000000000000001	12b56	12b56	7ffc3ab91dd0
14.863934	22a18859ced2	50	7e432de1ac80	18	5ba1b697f770	4717000	0	20	7ffc3ab8d300	0	0	5ba1b697f7c0	7e432de1ace0	ffffffffffffff88	30	5ba1b626f010	1
14.877506	9b89c	5ba1b62f4da0	fffffffffffffcd3	5ba1b8be10d0	0	ca4e	7ff	1ff5c	7ffc3ab91b20	10f	0	9	10f	7ffc3ab95fb0	7e432d7fd010	11273	7ffc3ab91d00
14.887878	9a6bb	5ba1b8c149c0	7e432d3295e0	4daba	137	3d1de	7e432d3295e0	19e3e	7ffc3ab91b10	2	0	1	9b8	7e432d3295e0	5ba1b62dcc90	88e8	5ba1b62dea30
14.901415	9310d	5ba1b888ca90	7ffc3ab95fb0	7ff	bf58476d1ce4e5b9	94d049bb133111eb	7967016488764d6c	44	7ffc3ab910e0	486657765234ee5e	5ba1b65350d0	5ba1b65354a0	7e432de1ace0	5ba1b62f4720	220	88d2d69a8b5f6d08	7ffc3ab911f8
14.912614	9278c	0	7ffc3ab95fb0	332c6	70f	5ba1b94f7cd0	7ff	8000000000000001	7ffc3ab8a260	0	4042ff8b054db6f9	3a	0	7ffc3ab95fb0	8000000000000001	332c6	7ffc3ab8a3b8
14.925063	22a18859a6e9	3820	7e432de1ac80	3821	7e432de1b3e0	7ffe0000	5ba1b6d1acf0	28	7ffc3ab8ec40	0	0	5ba1b723d0a0	7e432de1ace0	37f0	30	3820	1
14.936152	99327	7e432d0bc010	0	7e432d4a8c38	1f00	3d1de	5ba1b63814a0	7ffc3ab91b01	7ffc3ab8f0c0	8000000000000000	0	7ffc3ab91ca0	8000000000000001	0	1	29dd7	7ffc3ab95fb0
14.944864	9b86f	5ba1b62f5060	94d049bb133111eb	5ba1b7f2c140	cb73	0	7ff	23fec	7ffc3ab91b20	6bb	0	7f	9e3779b97f4a7c15	7ffc3ab95fb0	7e432d7fd010	dffc	7ffc3ab91d00
14.950354	9b86f	5ba1b62f5220	94d049bb133111eb	5ba1b7ec6770	0	4bed	7ff	d812	7ffc3ab91b20	c1	0	59	9e3779b97f4a7c15	7ffc3ab95fb0	7e432d7fd010	b3c0	7ffc3ab91d00
14.964833	22a18859a842	5ba1b6a9e4a0	5ba1b6a9e5d0	30	90	5ba1b6a9e4a0	5ba1b6a9e5d0	90	7ffc3ab8d190	5ba40cb28cfe	5ba1b6a9e660	30	7c	7e432de1ac98	7e432de1ac80	5ba1b6a9e660	5ba1b6a9e
14.974623	991d6	31f	3bd71	5ba1ba4626a0	7ff	0	1800000000000000	7ffc3ab91a30	7ffc3ab8c3e0	8	0	7ffc3ab91b40	b57fc2a1657b25e1	0	1	0	7ffc3ab95fb0
14.989574	931f1	5ba1b6f63390	7ffc3ab95fb0	ffffffffffffea07	fffffffffffff8ad	398ce	bfee	18	7ffc3ab8dc00	0	5ba1b6629dc0	5ba1b662bb80	7e432de1ace0	5ba1b62f52e0	de0	7f3	7ffc3ab8dd18
14.995103	93a3c	8000000000000002	d955	a89913f3fdab0686	365540	3d1de	7e432bcfb010	8000000000000000	7ffc3ab8d5d0	8e	4	7ffc3ab91b40	8000000000000001	0	1	0	7ffc3ab95fb0
15.004308	93a3c	8000000000000002	0	581004318f7ac2b	abaac0	3d1de	7e432bcfb010	7ffc3ab91b01	7ffc3ab908b0	8c	4	7ffc3ab91ca0	8000000000000001	0	1	2aeab	7ffc3ab95fb0
15.011361	9b76c	7e432c6e8f90	1	8d1146dc6f55bede	8000000000000002	8000000000000001	7e432d9fe010	27b7e	7ffc3ab91b20	5ba1b6aa0280	0	1	4114341e0c03521b	7ffc3ab95fb0	7e432d7fd010	110b8	7ffc3ab91d00
15.026518	9b744	7e432bcfb010	1	11bc40	5ba1b66cf310	8000000000000001	7e432d9fe010	46f1	7ffc3ab91b20	5ba1b66cf2b0	10	1	4114341e0c03521b	7ffc3ab95fb0	7e432d7fd010	21cc	7ffc3ab91d00
15.040727	929c9	1	7ffc3ab95fb0	7e432d0bc010	793ce	3d1de	2869a	8000000000000001	7ffc3ab8f820	0	ffe5	33	0	7e432d485e80	7e432d0bc010	0	5ba1b6ee8ea0
15.051699	927c4	0	7ffc3ab95fb0	f746	798	5ba1b8bd48b0	7ff	8000000000000001	7ffc3ab8e6c0	20	2	ffffffffffffe935	0	0	8000000000000001	f746	7ffc3ab8e808
15.059350	22a18859a6e9	3c30	7e432de1ac80	3c31	7e432de1b3e0	7f7e0000	5ba1b760b500	38	7ffc3ab8d750	0	0	7e432de1ad00	7e432de1ace0	3bf0	40	3c30	2
15.067213	9a56f	3	7ffc3ab84940	5ba1b6fedd10	0	3d1de	7ffc3ab84940	8000000000000001	7ffc3ab848e0	0	fdfe	7a	0	7e432d5b96b0	7e432d0bc010	0	7ffc3ab84a78
15.074459	9b89c	5ba1b62f5580	fffffffffffff6f1	5ba1b7f10200	0	2aafe	7ff	27aca	7ffc3ab91b20	305	0	1	305	7ffc3ab95fb0	7e432d7fd010	2	7ffc3ab91c68
15.087876	9a6b7	5ba1b6a240a0	7e432d0f0bb8	6975	24f	3d1de	7e432d0f0bb8	2327	7ffc3ab91b10	20	10	1	1278	7e432d0f0bb8	5ba1b62dcc90	cc7c	5ba1b62dea30
15.099052	9b76c	7e432c70ae90	1	61d9391248f38991	8000000000000002	8000000000000001	7e432d9fe010	283fa	7ffc3ab91b20	5ba1b72180c0	0	1	4114341e0c03521b	7ffc3ab95fb0	7e432d7fd010	22c3	7ffc3ab91d00
15.110683	94568	adef581cd310a0d0	0	10ac1b463349bacd	8	7ffc3ab910b0	7ffc3ab910b8	7ffc3ab91a30	7ffc3ab910a0	0	0	f5d482e647e682bc	d1e09ebbb6ba08c3	0	1	7ffc3ab91150	7ffc3ab910b0
15.122235	22a18859d5c2	10000	7e432de1ac80	5ba1b66cf930	7e432de1b3d0	7fff0000	3	7e432de1acf0	7ffc3ab8b3f0	0	0	5ba1b6ffc7f0	7e432de1ace0	ffffffffffffff88	30	2e51	1
15.128001	92b8a	7e432d7fd010	7ffc3ab95fb0	0	5ba1b8905b40	3d1de	0	8000000000000001	7ffc3ab8ed30	0	5ba1b8905bd0	5ba1b8909380	7e432de1ace0	7e432d5b0188	8000000000000001	5ba1b8905ba0	7ffc3ab8ee48
15.133816	9a6b7	5ba1b62dcc90	7e432d502470	88c8c	8000000000000002	3d1de	7e432d502470	2d984	7ffc3ab8dfa0	0	5ba1b72787b0	5ba1b727bff0	7e432de1ace0	7e432d502470	8000000000000001	5ba1b7278780	7ffc3ab8e0c8
15.140469	931f1	5ba1b94d33a0	7ffc3ab95fb0	ffffffffffffff1f	ffffffffffffffb5	26688	deee	4b	7ffc3ab90ae0	0	5ba1b788ecb0	5ba1b7894dd0	7e432de1ace0	5ba1b62f4740	240	5a	7ffc3ab90c28
15.153536	22a18859e3c2	31	ffffffffffffff50	5ba40d81df3a	5ba1b79aa690	5ba1b79aa5f0	5ba1b79aa600	29900	7ffc3ab91ae0	5ba1b79aa630	1	1	4114341e0c03521b	7e432d4a1810	5ba1b62dcc90	fff5	5ba1b62dea30
15.165687	9b76c	7e432cad1510	1	654d06e9a1a63770	8000000000000002	8000000000000001	7e432d9fe010	37594	7ffc3ab91b20	5ba1b65e5e90	10	2	4114341e0c03521b	7ffc3ab95fb0	7e432d7fd010	34df	7ffc3ab91d00
15.171832	22a18859a80c	5ba1b713b590	5ba1b713b6c0	31	7e432de1ace0	5ba1b713b590	5ba1b713b6c0	60	7ffc3ab8cad0	5ba40d08c61b	5ba1b713b720	30	7c	7e432de1ac98	7e432de1ac80	5ba1b713b720	5ba1b713b
15.180667	927da	2da55	7ffc3ab95fb0	0	7ec	5ba1b9efd0c0	7ff	8000000000000001	7ffc3ab85020	0	25ef	1e	0	7ffc3ab95fb0	8000000000000001	0	7ffc3ab85178
15.194571	9269a	8000000000000001	7ffc3ab95fb0	47	0	7ffc3ab8f398	7ffc3ab95fb0	7ffc3ab95fb0	7ffc3ab8f280	acef	0	140a23fef0ca435f	3961da984cffe1ae	0	0	2fde1	7ffc3ab91dd0
15.209579	931f1	5ba1b9c4b800	7ffc3ab95fb0	ffffffffffffee78	fffffffffffffa28	11d9	25c	59	7ffc3ab8d340	0	5ba1b7276dd0	5ba1b727a310	7e432de1ace0	5ba1b62f50c0	bc0	5d8	7ffc3ab8d488
15.220869	9b86f	5ba1b62f4cc0	94d049bb133111eb	5ba1b89848b0	0	7e6f	7ff	ed6b	7ffc3ab91b20	b8	0	2a	9e3779b97f4a7c15	7ffc3ab95fb0	7e432d7fd010	ea4c	7ffc3ab91d00
15.235467	9b877	5ba1b62f4ac0	94d049bb133111eb	5ba1b9aee960	0	8d7	7ff	1d49f	7ffc3ab91b20	120	0	6c	9e3779b97f4a7c15	7ffc3ab95fb0	7e432d7fd010	24bc	7ffc3ab91d00
15.240746	22a18859d3a9	620	7e432de1ac80	31	5ba1b6807210	5ba1b6807240	0	28	7ffc3ab90ba0	0	5ba1b6807220	5ba1b6807860	7e432de1ace0	ffffffffffffff88	30	5ba1b626f010	1
15.254020	92c8e	7e432d7fd010	7ffc3ab95fb0	0	8000000000000002	3d1de	7e432d1b7338	a777	7ffc3ab8bc20	0	5ba1b6f56930	5ba1b6f57380	7e432de1ace0	a777	8000000000000001	5ba1b6f56900	7ffc3ab8bd68
15.264220	9a6bb	5ba1b62dcc90	7e432d298710	3b8e0	8000000000000002	3d1de	7e432d298710	13da0	7ffc3ab8f500	0	5ba1b6aa6fd0	5ba1b6aa9e00	7e432de1ace0	7e432d298710	8000000000000001	5ba1b6aa6fa0	7ffc3ab8f628
15.278754	93a22	6b	0	9c	2fa21	3d1de	7e432bcfb010	8000000000000001	7ffc3ab8ca78	9c	4	7ffc3ab91ca0	8000000000000001	0	1	2fa21	7ffc3ab95fb0
15.289122	9b89c	5ba1b62f5a80	fffffffffffff81a	5ba1b7677140	2eb72	0	7ff	2eb73	7ffc3ab91b20	2a1	0	2	2a2	7ffc3ab95fb0	7e432d7fd010	d16b	7ffc3ab91d00
15.301365	9a6cd	5ba1b71da700	7e432d4c8990	5ba40d0998fe	5ba1b712e9d0	5ba1b626f010	7	2b310	7ffc3ab91b10	5ba1b712e970	0	1	4114341e0c03521b	7e432d4c8990	5ba1b62dcc90	25c6	5ba1b62dea30
15.315742	9a68d	5ba1b658a140	7ffc3ab8e720	a1	38	5ba1b658a0d0	5ba1b658a140	7	7ffc3ab8e6c0	0	5ba1b658a140	5ba1b658a210	7e432de1ace0	7	5ba1b658a140	5ba1b658a0a0	5ba1b658a110
15.327261	9278c	0	7ffc3ab95fb0	1587d	d	5ba1b70bcb10	7ff	8000000000000001	7ffc3ab8cc80	40	0	11	0	0	8000000000000001	1587d	7ffc3ab8cdc8
15.333318	9278c	f825	7ffc3ab95fb0	0	44c	5ba1b778aba0	7ff	8000000000000001	7ffc3ab8db30	0	58a781236039f5b2	79	ba1ac3443677448f	f825	8000000000000001	27d15	7ffc3ab8dc48
15.340008	95ae4	3ad0	a2	5ba1b9a2cb20	7fff	0	1000000000000000	7ffc3ab95fb0	7ffc3ab8fbb0	8	0	1131ea93d61fc5cf	2ad2e19c6afd68a5	0	0	13748	7ffc3ab91dd0
15.354124	9b744	7e432bcfb010	1	281680	5ba1b6519d30	8000000000000001	7e432d9fe010	a05a	7ffc3ab91b20	5ba1b6519cd0	0	1	4114341e0c03521b	7ffc3ab95fb0	7e432d7fd010	1620e	7ffc3ab91d00
15.364994	9b89c	5ba1b62f4920	fffffffffffff6a3	5ba1b9edd540	0	256d	7ff	e203	7ffc3ab91b20	31f	0	1	31f	7ffc3ab95fb0	7e432d7fd010	e75d	7ffc3ab91d00
15.378242	22a18859a6e9	30	5ba1b634ebf0	31	30	5ba1b634eab0	5ba1b634ebf0	60	7ffc3ab8c400	5ba40c2f8f1e	5ba1b634ec50	30	7c	7e432de1ac98	7e432de1ac80	5ba1b634ec50	5ba1b634e
15.384019	9a68d	5ba1b74fd510	7ffc3ab8f188	4f1	20	5ba1b74fd3d0	5ba1b74fd510	4	7ffc3ab8f120	0	5ba1b74fd510	5ba1b74fda20	7e432de1ace0	4	5ba1b74fd510	5ba1b74fd3a0	5ba1b74fd4e0
15.391215	92bf2	7e432bcfb010	7ffc3ab95fb0	c49480	8000000000000002	3d1de	7ffc3ab8ec30	31252	7ffc3ab8ec10	0	5ba1b6608ae0	5ba1b6609140	7e432de1ace0	7e432c944490	8000000000000001	5ba1b6608a40	7ffc3ab8ed28
15.398957	92b49	0	7ffc3ab95fb0	0	5ba1b7a22f20	4	5ba1b7a22f30	8000000000000001	7ffc3ab8de80	0	5ba1b7a22f50	5ba1b7a23d50	7e432de1ace0	7e432d0bc010	7e432d2c4300	5ba1b7a22df0	7ffc3ab8dfc8
15.405671	92bb4	13e4a	7ffc3ab95fb0	5ba1b8e14490	5ba1b8b8f4c0	3d1de	e151	8000000000000001	7ffc3ab90a20	0	5ba1b8b8f4f0	5ba1b8b925e0	7e432de1ace0	1ca11	8000000000000001	5ba1b8b8f450	7ffc3ab90b38
15.418662	9278c	2a1a6	7ffc3ab95fb0	0	16e	5ba1b8534bc0	7ff	8000000000000001	7ffc3ab910e0	0	a565765a86969eb3	77	0	0	8000000000000001	0	7ffc3ab91228
15.426996	9b89c	5ba1b62f5280	fffffffffffff688	5ba1ba46f790	0	275ac	7ff	23dc	7ffc3ab91b20	328	0	1	328	7ffc3ab95fb0	7e432d7fd010	15339	7ffc3ab91d00
15.439099	9b86f	5ba1b62f5440	94d049bb133111eb	5ba1b9ccb5e0	27f1a	0	7ff	2a01e	7ffc3ab91b20	4bf	0	56	9e3779b97f4a7c15	7ffc3ab95fb0	7e432d7fd010	95b7	7ffc3ab91d00
15.447413	9bc13	1	1	7e432d9fe010	5ba1b6f7e260	5ba1b626f010	7	130fa	7ffc3ab91b20	5ba1b6f7e240	10	1	4114341e0c03521b	3d1de	7e432d7fd010	27c9	7ffc3ab91d00
15.461159	9a6bb	5ba1b62dcc90	7e432d5b6b00	9f55e	8000000000000002	3d1de	7e432d5b6b00	351ca	7ffc3ab89d50	0	5ba1b666bd70	5ba1b666d140	7e432de1ace0	7e432d5b6b00	8000000000000001	5ba1b666bd40	7ffc3ab89ea8
15.469932	9a6b7	5ba1b62dcc90	7e432d11d828	c303	8000000000000002	3d1de	7e432d11d828	4101	7ffc3ab8d570	0	5ba1b9de0320	5ba1b9de07b0	7e432de1ace0	7e432d11d828	8000000000000001	5ba1b9de02f0	7ffc3ab8d6c8
15.484816	93a3c	8000000000000002	7ffc3ab95fb0	81	f27540	3d1de	7e432bcfb010	8000000000000001	7ffc3ab87b10	7ffc3ab91960	5a	7ffc3ab918b0	7e1e7ceb55aabc74	81	7ffc3ab91960	3c9d5	5a
15.493125	9b744	7e432bcfb010	1	b6d140	5ba1b6911460	8000000000000001	5ba1b6e52c40	2db45	7ffc3ab91b20	5ba1b6911400	4	1	4114341e0c03521b	7ffc3ab95fb0	7e432d7fd010	2	7ffc3ab91c68
15.499677	9b89c	5ba1b62f4e40	fffffffffffff280	5ba1b8c06930	2145	0	7ff	8cce	7ffc3ab91b20	480	0	1	480	7ffc3ab95fb0	7e432d7fd010	11f32	7ffc3ab91d00
15.513133	9b76c	7e432c9db850	1	654d06e9a1a63770	8000000000000002	8000000000000001	7e432d9fe010	33821	7ffc3ab91b20	5ba1b71b50a0	0	1	4114341e0c03521b	7ffc3ab95fb0	7e432d7fd010	4093	7ffc3ab91d00
15.522256	931f1	5ba1ba486830	7ffc3ab95fb0	fffffffffffff982	fffffffffffffdd6	1b84f	6ff	44	7ffc3ab8ee90	0	5ba1b65ca110	5ba1b65ca280	7e432de1ace0	5ba1b62f4ec0	9c0	469	7ffc3ab8efa8
15.536590	99161	7ffc3ab91a30	15db1	7ffc3ab91b40	15db1	0	7ffc3ab95fb0	0	7ffc3ab8d5e0	1	0	7ffc3ab91b40	8000000000000001	0	1	0	7ffc3ab95fb0
15.551716	99327	7e432d0bc010	0	7e432d626118	1f00	3d1de	5ba1b6b95460	7ffc3ab91a01	7ffc3ab90e20	8000000000000000	0	7ffc3ab91b40	8000000000000001	0	1	39c0b	7ffc3ab95fb0
15.566741	9a6cd	5ba1ba5c1160	7e432d38eb00	5a55e	128	3d1de	7e432d38eb00	1e1ca	7ffc3ab91b10	8	3	8	940	7e432d38eb00	5ba1b62dcc90	3	5ba1b62dea30
15.580816	9b86f	5ba1b62f4ac0	94d049bb133111eb	5ba1b9aee960	0	1dc04	7ff	1dc06	7ffc3ab91b20	616	0	3a	9e3779b97f4a7c15	7ffc3ab95fb0	7e432d7fd010	7ba0	7ffc3ab91d00
15.593011	9278c	0	7ffc3ab95fb0	12778	402	5ba1b8bed8f0	7ff	8000000000000001	7ffc3ab8f310	0	c66bc34c1a6b7f	45	d9fda760766c0f29	0	8000000000000001	a9fe	7ffc3ab8f428
15.601455	99272	7e432d0bc010	0	7e432d65e218	300	3d1de	1010	7ffc3ab91a01	7ffc3ab8c620	8	0	7ffc3ab91b40	8000000000000001	0	1	3c16b	7ffc3ab95fb0
15.611282	9444b	0	7ffc3ab8c4d8	1227488cfc2581d	8	7ffc3ab8c4d0	7ffc3ab8c4d8	7ffc3ab91b90	7ffc3ab8c4c0	1128628bd8d25203	0	7ffc3ab91ca0	8000000000000001	0	1	7ffc3ab8c570	7ffc3ab8c4d0
15.619070	95e50	babe055dd2487367	7ffc3ab8fe58	34277a9ca989aef5	f2c04913a560a2de	6dcfc5d1944dfe80	1000000000000000	7ffc3ab95fb0	7ffc3ab8fe50	8	0	16f79602489d2b05	24277a9ca989aef5	0	0	b0	7ffc3ab8fe50
15.626191	95e90	35e5206d805d6345	7ffc3ab8b858	bd02e264fb72484d	fb8c30d8ed0d9e8e	18baaad73ff3394c	1000000000000000	7ffc3ab95fb0	7ffc3ab8b850	8	0	16f44a696efbc2db	496aee8185c53869	8000000000000001	8282	b2	7ffc3ab8b850
15.632564	92bf2	7e432bcfb010	7ffc3ab95fb0	d57700	8000000000000002	3d1de	7ffc3ab8b880	355dc	7ffc3ab8b860	0	5ba1b72d9280	5ba1b72dfc90	7e432de1ace0	7e432ca52710	8000000000000001	5ba1b72d91e0	7ffc3ab8b9a8
15.640241	9b89c	5ba1b62f4600	fffffffffffffff7	5ba1b791feb0	0	1911	7ff	8723	7ffc3ab91b20	3	0	1	3	7ffc3ab95fb0	7e432d7fd010	5	7ffc3ab91c68
15.650772	9bb49	5ba1b62f6200	5ba1b89b1501	5ba1b89b5220	286	276	7bff	36e6f	7ffc3ab91b20	5	1	4	1430	7ffc3ab95fb0	5ba1b62dcc90	f700	7ffc3ab91d00
15.658800	9b89c	5ba1b62f4e40	fffffffffffffd51	5ba1b8c06930	0	32e8c	7ff	94b0	7ffc3ab91b20	e5	0	1	e5	7ffc3ab95fb0	7e432d7fd010	7233	7ffc3ab91d00
15.667792	22a18859a806	5ba1b718ef10	5ba1b718ef80	31	7e432de1ace0	5ba1b718ef10	5ba1b718ef80	1e0	7ffc3ab8bb10	5ba40d0380ef	5ba1b718f160	30	7c	7e432de1ac98	7e432de1ac80	5ba1b718f160	5ba1b718f
15.681714	95ae4	751b	b6	5ba1b9a2cb20	7fff	0	1000000000000000	7ffc3ab95fb0	7ffc3ab90030	8	0	2bfb112e6e4cf381	b9e6b7b062a81e1c	0	0	30779	7ffc3ab91dd0
15.690290	9278c	0	7ffc3ab95fb0	34298	30e	5ba1b8b7ccc0	7ff	8000000000000001	7ffc3ab8e000	0	c4f4b31c22d5731f	34	0	0	8000000000000001	34298	7ffc3ab8e148
15.703934	92bf2	7e432bcfb010	7ffc3ab95fb0	baeb40	8000000000000002	3d1de	7ffc3ab8fc80	2ebad	7ffc3ab8fc60	0	5ba1b7e4ff30	5ba1b7e52750	7e432de1ace0	7e432c8a9b50	8000000000000001	5ba1b7e4ff00	7ffc3ab8fd78
15.717185	9bc13	0	0	5ba1ba55b030	5ba1b76e0cb0	5ba1b626f010	7	de75	7ffc3ab91b20	5ba1b76e0c50	0	1	4114341e0c03521b	3d1de	7e432d7fd010	4	7ffc3ab91c68
15.732193	9b89c	5ba1b62f5080	fffffffffffffe44	5ba1b7f6e880	27f0c	0	7ff	f574	7ffc3ab91b20	94	0	1	94	7ffc3ab95fb0	7e432d7fd010	10566	7ffc3ab91d00
15.746122	22a18859a70f	5ba1b68f99f0	5ba1b62eebd0	21	5ba1b71e6b40	5ba1b68f99f0	5ba1b62eec60	b0	7ffc3ab8b8c0	5ba40c5c47fe	5ba1b6472510	20	7c	7e432de1ac98	7e432de1ac80	5ba1b62eec80	5ba1b62ee
15.758413	93250	fc88	0	79aa	4bf	5ba1b88e3850	8000000000000001	8000000000000001	7ffc3ab8e9f0	0	1	5ba1b88dc668	0	fc88	8000000000000001	79aa	7ffc3ab8ea68
15.770672	99767	a423c58a0b112bfa	7ffc3ab8a1f8	5d219bdb22efd06f	524a57737e1a4193	f34f394af1e786f7	1800000000000000	5ba1b9a8d6c0	7ffc3ab8a1f0	8	0	6af0ec00130c95e4	7fee711f92213614	fffffffe	16e0	5ba1b9a5e3a0	7ffc3ab8a1f0
15.782965	931f1	5ba1b7477050	7ffc3ab95fb0	fffffffffffff8aa	fffffffffffffd8e	0	f000	62	7ffc3ab8b220	0	5ba1b768ead0	5ba1b768ff80	7e432de1ace0	5ba1b62f5be0	16e0	282	7ffc3ab8b338
15.788453	9a68d	5ba1b6b8d0a0	7ffc3ab8a5c0	13a1	38	5ba1b6b8d030	5ba1b6b8d0a0	7	7ffc3ab8a560	0	5ba1b6b8d0a0	5ba1b6b8e470	7e432de1ace0	7	5ba1b6b8d0a0	5ba1b6b8d000	5ba1b6b8d070
15.802372	22a18859b762	3	3	1	5ba1b9e46be0	5ba1b626f010	7	5ba1b9e46bb0	7ffc3ab91a80	5ba1b9e46bc0	1	2	4114341e0c03521b	7e432de1ac80	0	5ba1b9e46be0	5ba1b62dea30
15.813653	9b89c	5ba1b62f4e40	ffffffffffffecda	5ba1b8c06930	3287d	0	7ff	11b3d	7ffc3ab91b20	662	0	1	662	7ffc3ab95fb0	7e432d7fd010	b06f	7ffc3ab91d00
15.828530	22a18859a87b	5ba1b6313d80	5ba1b67f8560	7e432de1aca0	40	5ba1b6313d80	5ba1b67f8350	40	7ffc3ab8b690	5ba40c64e298	5ba1b67f8560	210	7c	7e432de1aca0	7e432de1ac80	5ba1b67f8560	5ba1b67f8
15.833956	92c8e	7e432d7fd010	7ffc3ab95fb0	654d06e9	8000000000000002	3d1de	7e432d0e0b08	1875	7ffc3ab8f820	0	5ba1b65cd640	5ba1b65cdde0	7e432de1ace0	1875	8000000000000001	5ba1b65cd610	7ffc3ab8f938
15.843333	94446	f4474e8e04987a68	7ffc3ab8c0c8	1227488cfc2581d	8	7ffc3ab8c0c0	7ffc3ab8c0c8	7ffc3ab95fb0	7ffc3ab8c0b8	eb51448e1a8e6d7c	1128628bd8d25203	17bbbec1163b26fb	fee9c60d4f869054	0	0	be	7ffc3ab8c0c0
15.852248	99272	7e432d0bc010	0	7e432d3857e8	1f00	3d1de	c0e1	7ffc3ab91a01	7ffc3ab8e360	8	0	7ffc3ab91b40	8000000000000001	0	1	1dba9	7ffc3ab95fb0
15.865844	9278c	0	7ffc3ab95fb0	33077	27f	5ba1b9adbd00	7ff	8000000000000001	7ffc3ab86b40	0	be2aad5b8f923270	55	0	7ffc3ab95fb0	8000000000000001	33077	7ffc3ab86c98
15.880993	9a6b7	5ba1b68216f0	7e432d2962b0	3b454	1d3	3d1de	7e432d2962b0	13c1c	7ffc3ab91b10	1	0	1	e98	7e432d2962b0	5ba1b62dcc90	4	5ba1b62dea30
15.886847	22a18859e3db	31	ffffffffffffff50	5ba40c22967f	ffffffffffffff88	5ba1b639f4e0	5ba1b639f4f0	0	7ffc3ab91ae0	5ba1b639f520	f	1	4114341e0c03521b	7e432d658410	5ba1b62dcc90	1	5ba1b62dea30
15.899394	9a6b7	5ba1ba4b5a70	7e432d195d08	1b39f	30c	3d1de	7e432d195d08	9135	7ffc3ab91b10	1	0	1	1860	7e432d195d08	5ba1b62dcc90	fe21	5ba1b62dea30
15.904862	22a18859b712	7	40	2	7	5ba1b626f010	7	5ba1b69ad0a0	7ffc3ab91a60	5ba1b69ad0b0	0	1	4114341e0c03521b	7e432de1ac80	0	881e	5ba1b62dea30
15.916934	22a18859a86a	5ba1b6b6ed20	5ba1b6b6f080	1	30	5ba1b6b6ed20	5ba1b6b6edf0	30	7ffc3ab8b450	5ba40cad9bef	5ba1b6b6f080	30	7c	7e432de1ac98	7e432de1ac80	5ba1b6b6f080	5ba1b6b6f
15.924794	93a3c	8000000000000002	c0	5ba1b8ab1a80	269900	3d1de	7e432bcfb010	7ffc3ab95fb0	7ffc3ab8f880	8	0	1499233155f8c925	c8ed8c42f356fb6f	8000000000000001	bddf	9a64	7ffc3ab91dd0
15.934260	94b3b	7e432bf09fd0	1	81	5ba1b62d7730	f4dc	7ffc3ab95fb0	81	7ffc3ab87f80	7ffc3ab919c0	1	14b5944fbb6f8bfa	2cf7c21194aee675	7ffc3ab95fb0	7ffc3ab919c0	0	57
15.946588	95ee3	f676dc1113dabb0d	7ffc3ab8c158	e0976a3e540af9d9	6036e2ff54af1f0d	ebe86e1ebe1420ee	1000000000000000	5ba1b7d58820	7ffc3ab8c150	8	0	16febc07529e09b5	38cd831d8ebab289	d3c	d4	c0	7ffc3ab8c150
15.961272	931f1	5ba1b9c1f960	7ffc3ab95fb0	ffffffffffffef11	fffffffffffffa5b	0	ab6f	46	7ffc3ab8a960	0	5ba1b647f1a0	5ba1b6484c90	7e432de1ace0	5ba1b62f54a0	fa0	5a5	7ffc3ab8aab8
15.971138	9b7c1	7e432c975a50	1	654d06e9a1a63770	7ffc3ab91b88	8000000000000001	c80	31ea9	7ffc3ab91b20	5ba1b708c8b0	5ba1b62f4500	1	4114341e0c03521b	7ffc3ab95fb0	7e432d7fd010	3	7ffc3ab91c68
15.982181	9b89c	5ba1b62f4a40	fffffffffffff6ca	5ba1b7363a20	10d20	0	7ff	32aa8	7ffc3ab91b20	310	0	4	312	7ffc3ab95fb0	7e432d7fd010	1130f	7ffc3ab91d00
15.991820	9bb49	5ba1b62f5260	5ba1b7ea4d01	5ba1b7ead730	5b8	5a8	fcff	b9b4	7ffc3ab91b20	1	0	1	2dc0	7ffc3ab95fb0	5ba1b62dcc90	78e7	7ffc3ab91d00
15.999462	9b744	7e432bcfb010	1	1c40c0	5ba1ba470a00	8000000000000001	7e432d9fe010	7103	7ffc3ab91b20	5ba1ba4709e0	10	4	4114341e0c03521b	7ffc3ab95fb0	7e432d7fd010	2ed0	7ffc3ab91d00
16.006492	92c57	5ba1b7d59a30	7ffc3ab95fb0	7c569	8000000000000002	3d1de	7e432d49eb58	29723	7ffc3ab8e8f0	0	5ba1b7d59ac0	5ba1b7d59f80	7e432de1ace0	7e432d49eb58	8000000000000001	5ba1b7d59a90	7ffc3ab8ea08
16.018386	95ea5	9cc979d1dfa18b4f	7ffc3ab8d868	243f4fc76447c50	6e11371e57b026ad	b317a9699cb3fc58	1000000000000000	7ffc3ab95fb0	7ffc3ab8d860	8	0	17249f813b412299	305b4c1c1a08a336	8000000000000001	1cd80	c6	7ffc3ab8d860
16.023880	931f1	5ba1b6dc72f0	7ffc3ab95fb0	ffffffffffffe971	fffffffffffff87b	0	fffd	5b	7ffc3ab8aa20	0	5ba1b705df90	7e432de1ad10	7e432de1ace0	5ba1b62f5760	1260	7e5	7ffc3ab8ab68
16.031760	9a6bb	5ba1b62dcc90	7e432d25d730	342e4	8000000000000002	3d1de	7e432d25d730	1164c	7ffc3ab8f660	0	5ba1b9609580	5ba1b960a220	7e432de1ace0	7e432d25d730	8000000000000001	5ba1b9609550	7ffc3ab8f788
16.042360	99456	7e432c1e5c10	0	7e432d0bc010	4eac00	3d1de	7e432c1e5c10	7ffc3ab91a01	7ffc3ab8faa0	c6	4	7ffc3ab91b40	8000000000000001	0	1	13ab0	7ffc3ab95fb0
16.055414	93a3c	8000000000000002	37aef	efe27622350351a1	debbc0	3d1de	7e432bcfb010	8000000000000000	7ffc3ab8d1f0	c4	4	7ffc3ab91ca0	8000000000000001	0	1	0	7ffc3ab95fb0
16.063440	9b89c	5ba1b62f4840	fffffffffffff07c	5ba1b8577460	0	2bec4	7ff	2bec5	7ffc3ab91b20	52c	0	1	52c	7ffc3ab95fb0	7e432d7fd010	1	7ffc3ab91c68
16.069181	9b2cd	fffffffffffffff9	5ba1b6d35810	a81b9	242	5ba1b6d35840	7	38093	7ffc3ab91b00	2	1	2	1210	7e432d5fcdd8	5ba1b62dcc90	18ed6	5ba1b62dea30
16.075014	9b77a	7e432cb420d0	1	654d06e9a1a63770	7ffc3ab91b88	8000000000000001	7e432d9fe010	391c3	7ffc3ab91b20	5ba1b9d223b0	10	1	4114341e0c03521b	7ffc3ab95fb0	7e432d7fd010	14964	7ffc3ab91d00
16.086809	9b744	7e432bcfb010	1	9cca00	8000000000000002	8000000000000002	7e432d9fe010	27328	7ffc3ab91b20	5ba1b9b77620	10	2	4114341e0c03521b	7ffc3ab95fb0	7e432d7fd010	7cd0	7ffc3ab91d00
16.100975	9278c	0	7ffc3ab95fb0	1efd0	677	5ba1b8c27950	7ff	8000000000000001	7ffc3ab8f040	0	5c29418cf7aa8da7	5f	54d010a1649032fd	0	8000000000000001	2ef97	7ffc3ab8f158
16.107255	95aec	8d5	ca	5ba1b9a2cb20	7fff	0	1000000000000000	7ffc3ab95fb0	7ffc3ab8e0b0	8	0	17d13c7ef37f69b3	74dd5cc7b5d99545	8000000000000001	1b21e	0	7ffc3ab91dd0
16.121527	9a56f	2	7ffc3ab8ce28	5ba1b78d3680	0	3d1de	7ffc3ab8ce28	8000000000000001	7ffc3ab8cdc0	0	dff6	39	0	7e432d0bc010	7e432d46afe8	274a9	7ffc3ab8cf48
16.132305	9a68d	5ba1b6e4a380	7ffc3ab8b008	20c1	20	5ba1b6e4a320	5ba1b6e4a380	4	7ffc3ab8afa0	0	5ba1b6e4a380	5ba1b6e4c460	7e432de1ace0	4	5ba1b6e4a380	5ba1b6e4a2f0	5ba1b6e4a350
16.137534	92bf2	7e432bcfb010	7ffc3ab95fb0	412a00	8000000000000002	3d1de	7ffc3ab8d680	104a8	7ffc3ab8d660	0	5ba1b6fee1e0	5ba1b6fef090	7e432de1ace0	7e432c10da10	8000000000000001	5ba1b6fec020	7ffc3ab8d7a8
16.147879	927b6	385c7	7ffc3ab95fb0	0	3b6	5ba1b9bb1330	7ff	8000000000000001	7ffc3ab8bfc0	0	4	fffffffffffff4d8	0	0	8000000000000001	0	7ffc3ab8c108
16.154486	9b76c	7e432c8ef910	1	654d06e9a1a63770	8000000000000002	8000000000000001	5ba1ba55cc50	2fd24	7ffc3ab91b20	5ba1b7610cc0	3	2	4114341e0c03521b	7ffc3ab95fb0	7e432d7fd010	3	7ffc3ab91c68
16.162661	9b89c	5ba1b62f5c80	fffffffffffff1ab	5ba1ba58da60	0	319b8	7ff	319b9	7ffc3ab91b20	4c7	0	1	4c7	7ffc3ab95fb0	7e432d7fd010	14f19	7ffc3ab91d00
16.175470	9a6cd	5ba1b69d6700	7e432d394458	5b089	1a1	3d1de	7e432d394458	1e583	7ffc3ab91b10	20	10	1	d08	7e432d394458	5ba1b62dcc90	95b3	5ba1b62dea30
16.182379	9b89c	5ba1b62f4860	ffffffffffffe9ef	5ba1b9eb7ce0	15b50	0	7ff	38954	7ffc3ab91b20	75b	0	1	75b	7ffc3ab95fb0	7e432d7fd010	30b8	7ffc3ab91d00
16.193144	95e3b	0	7ffc3ab8c8e8	1	9d29cd535a8d1a76	7ffc3ab8c8e0	1000000000000000	7ffc3ab95fb0	7ffc3ab8c8e0	8	0	9d29cd535a8d1a76	5283357d87546db1	8000000000000001	156bf	cc	7ffc3ab8c8e0
16.201004	92bf2	7e432bcfb010	7ffc3ab95fb0	2854c0	8000000000000002	3d1de	7ffc3ab83de0	a153	7ffc3ab83dc0	0	5ba1b76aeaf0	5ba1b76aee40	7e432de1ace0	7e432bf804d0	8000000000000001	5ba1b67410d0	7ffc3ab83f18
16.212879	99327	7e432d0bc010	0	7e432d51eac0	1f00	3d1de	5ba1b679d440	7ffc3ab91b01	7ffc3ab8e880	8000000000000000	0	7ffc3ab91ca0	8000000000000001	0	1	2ec72	7ffc3ab95fb0
16.227894	9453c	0	7ffc3ab90098	1	8	7ffc3ab90090	7ffc3ab90098	5ba1b89e3e60	7ffc3ab90080	0	0	dafbcbae8a5992d	8a1886a2be8fbdb4	fffff7e0	dc0	5ba1b89c77e0	7ffc3ab90090
16.241253	92c8e	7e432d7fd010	7ffc3ab95fb0	0	8000000000000002	3d1de	7e432d185fb8	86a7	7ffc3ab8b600	0	5ba1b7964620	5ba1b796aa90	7e432de1ace0	86a7	8000000000000001	5ba1b7964460	7ffc3ab8b748
16.251047	9bb6f	5ba1b62f5640	5ba1b958dd01	5ba1b958ff40	16c	3d1de	cfff	1af11	7ffc3ab91b20	2	0	1	b60	7ffc3ab95fb0	5ba1b62dcc90	15002	5ba1b62dea30
16.262769	9a6bb	5ba1b771cf00	7e432d143e38	10fc5	2e6	3d1de	7e432d143e38	5a97	7ffc3ab91b10	2	1	1	1730	7e432d143e38	5ba1b62dcc90	92e7	5ba1b62dea30
16.277432	9278c	0	7ffc3ab95fb0	151c	475	5ba1b9e35c00	7ff	8000000000000001	7ffc3ab8bec0	0	3ee907a571f46713	76	22f99286d7168a4e	0	8000000000000001	16c4	7ffc3ab8bfd8
16.287122	9278c	0	7ffc3ab95fb0	35442	71d	5ba1b9ccb5e0	7ff	8000000000000001	7ffc3ab8bce0	0	f57bbbb4bfae0625	71	0	0	8000000000000001	35442	7ffc3ab8be28
16.294482	93a3c	8000000000000002	7ffc3ab95fb0	81	9acf80	3d1de	7e432bcfb010	8000000000000001	7ffc3ab83b30	7ffc3ab919c0	7f	7ffc3ab918b0	8d42ce9c69e20a18	81	7ffc3ab919c0	26b3e	7f
16.305645	95ad8	4729ac32b1c8844b	d0	5ba1b9a8bfe0	1fff	0	1000000000000000	7ffc3ab95fb0	7ffc3ab8ba20	8	0	9ac93ef7ec85b752	2614aec3bc45d888	0	4398	0	7ffc3ab91dd0
16.314713	99272	7e432d0bc010	0	7e432d48e118	1f00	3d1de	9c19	7ffc3ab91a01	7ffc3ab881e0	8	0	7ffc3ab91b40	8000000000000001	0	1	28c0b	7ffc3ab95fb0
16.328217	22a18859d36e	20ca0	7e432de1ac80	30	5ba1b89c7ae0	5ba1b89c7b10	0	28	7ffc3ab8e4b0	0	0	5ba1b89e87b0	7e432de1ace0	ffffffffffffff88	30	5ba1b626f010	1
16.342835	9b744	7e432bcfb010	1	1c7a00	5ba1b6f65300	8000000000000001	7e432d9fe010	71e8	7ffc3ab91b20	5ba1b6f652e0	0	1	4114341e0c03521b	7ffc3ab95fb0	7e432d7fd010	13d24	7ffc3ab91d00
16.356722	9b744	7e432bcfb010	1	768f80	5ba1b67569d0	8000000000000001	7e432d9fe010	1da3e	7ffc3ab91b20	5ba1b67569b0	0	1	4114341e0c03521b	7ffc3ab95fb0	7e432d7fd010	5b80	7ffc3ab91d00
16.368207	9278c	0	7ffc3ab95fb0	1eacd	7af	5ba1b9e9f520	7ff	8000000000000001	7ffc3ab90360	0	d45e2c2d91531e0a	2	2c8a3a9e2522875	0	8000000000000001	394d8	7ffc3ab90478
16.379131	931f1	5ba1ba437ff0	7ffc3ab95fb0	fffffffffffffbef	fffffffffffffea5	0	87bd	36	7ffc3ab8f3a0	0	5ba1b675afa0	5ba1b675c030	7e432de1ace0	5ba1b62f4b20	620	15b	7ffc3ab8f4e8
16.387855	99288	7e432d0bc010	de61	7e432d0bc010	f01	3d1de	29b23	7ffc3ab91a01	7ffc3ab8afa0	8	0	7ffc3ab91b40	8000000000000001	0	1	0	7ffc3ab95fb0
16.397827	95e50	4c2250a87e1db261	7ffc3ab8ece8	2875ce4fc21fe0c2	6d58fcc66d15391	2771d85d945e96ad	1000000000000000	7ffc3ab95fb0	7ffc3ab8ece0	8	0	9c8836ac7e63368a	3875ce4fc21fe0c2	8000000000000001	e872	d4	7ffc3ab8ece0
16.409527	95ae4	36da	d6	5ba1b9a2cb20	7fff	0	1000000000000000	7ffc3ab95fb0	7ffc3ab8f6a0	8	0	9c4836fd7c4db91c	518ec55445513d0f	8000000000000001	25c54	2782d	7ffc3ab91dd0
16.419492	9278c	2c038	7ffc3ab95fb0	0	75e	5ba1b963db60	7ff	8000000000000001	7ffc3ab88780	0	bd0a39cedbe59f13	42	0	0	8000000000000001	0	7ffc3ab888c8
16.430165	9b744	7e432bcfb010	1	d18b00	8000000000000002	8000000000000002	7e432d9fe010	3462c	7ffc3ab91b20	5ba1b8c17b10	0	1	4114341e0c03521b	7ffc3ab95fb0	7e432d7fd010	19265	7ffc3ab91d00
16.443824	9a6b7	5ba1b64cbe90	7e432d163908	14f1f	1b2	3d1de	7e432d163908	6fb5	7ffc3ab91b10	12	2	4	d90	7e432d163908	5ba1b62dcc90	c233	5ba1b62dea30
16.456651	9b75b	7e432bcfb010	1	4d1fc0	8000000000000002	8000000000000001	7e432d9fe010	1347f	7ffc3ab91b20	5ba1b68977e0	0	2	4114341e0c03521b	7ffc3ab95fb0	7e432d7fd010	33b8	7ffc3ab91d00
16.468604	95c8f	5ba1b9a2cb20	da	54	7fff	700d7d2c1aa7937c	0	5f21	7ffc3ab90e40	0	0	9f32f7eebcec30f8	90f65beb361e453	0	1d88c	fde6	7ffc3ab91dd0
16.475298	93a3c	8000000000000002	da	5ba1b9a2cb20	c11400	3d1de	7e432bcfb010	7ffc3ab95fb0	7ffc3ab8a110	8	0	9f0745fc195bf950	3b27ef45cb3e9ee5	8000000000000001	0	30450	7ffc3ab91dd0
16.484426	997f3	7be86cb27fab7c8b	7ffc3ab8e108	57ebc7f297e6b6cc	b024f79aac2fdf54	4a78ccc4d4f57855	1800000000000000	a0da	7ffc3ab8e100	8	0	e5b1e6eb07f936bb	bdc814306e4af727	0	1	7ffc3ab8e1f0	7ffc3ab8e100
16.494142	92bf2	7e432bcfb010	7ffc3ab95fb0	c9d8c0	8000000000000002	3d1de	7ffc3ab8d250	32763	7ffc3ab8d230	0	5ba1b6f52bc0	5ba1b6f52ef0	7e432de1ace0	7e432c9988d0	8000000000000001	5ba1b6f52b20	7ffc3ab8d348
16.506199	92bf2	7e432bcfb010	7ffc3ab95fb0	e568c0	8000000000000002	3d1de	7ffc3ab8e040	395a3	7ffc3ab8e020	0	5ba1b6bf1cb0	5ba1b6bf4c40	7e432de1ace0	7e432cb518d0	8000000000000001	5ba1b6bf1b50	7ffc3ab8e168
16.512598	99630	2994c	2947e	0	3fff	fffffffffffc67a0	1	2994c	7ffc3ab8b9c8	29480	0	5ba1b8ab1a80	0	0	1	2994c	7ffc3ab95fb0
16.522708	9b88b	5ba1b62f5d20	94d049bb133111eb	5ba1ba5e9b40	33242	0	7ff	4018	7ffc3ab91b20	567	0	4	569	7ffc3ab95fb0	7e432d7fd010	17cf6	7ffc3ab91d00
16.537486	9b789	7e432c7de750	1	654d06e9a1a63770	7ffc3ab91b88	8000000000000001	7e432d9fe010	2b8dd	7ffc3ab91b20	5ba1b6c056f0	c	1	4114341e0c03521b	7ffc3ab95fb0	7e432d7fd010	9053	7ffc3ab91d00
16.543015	9b89c	5ba1b62f53e0	ffffffffffffee66	5ba1b953f350	0	1bb0f	7ff	1bb10	7ffc3ab91b20	5de	0	1	5de	7ffc3ab95fb0	7e432d7fd010	52b0	7ffc3ab91d00
16.552347	22a18859a806	5ba1b9a36610	5ba1b9a37010	91	0	5ba1b9a36610	5ba1b9a37010	cd0	7ffc3ab8a490	5ba403b8e747	5ba1b9a37d70	90	7c	7e432de1aca0	7e432de1ac80	5ba1b9a37ce0	5ba1b9a37
16.564392	9936c	7e432d0bc010	1009	7e432d0bc010	1f01	3d1de	4a6714352adff43e	7ffc3ab91a01	7ffc3ab8b360	5ba1b9e76d80	4	7ffc3ab91b40	8000000000000001	0	1	0	7ffc3ab95fb0
16.579088	93a3c	8000000000000002	dc	5ba1b675ccb0	b8e540	3d1de	7e432bcfb010	7ffc3ab95fb0	7ffc3ab914a0	8	0	9dad824bfc815d2a	f072023fc733c764	8000000000000001	33a97	2e395	7ffc3ab91dd0
16.585797	927e6	0	7ffc3ab95fb0	387d3	90	5ba1b94f7cd0	7ff	8000000000000001	7ffc3ab8ce40	70	0	0	a42aca0f20ad7eab	0	8000000000000001	27de9	7ffc3ab8cf58
16.593036	9278c	29a21	7ffc3ab95fb0	0	34f	5ba1b94a5b60	7ff	8000000000000001	7ffc3ab90b00	0	672e0f3d2740a331	17	42ada503da63f14a	0	8000000000000001	49cf	7ffc3ab90c18
16.602874	9a657	5ba1ba5edac0	7ffc3ab8bce0	aa01	0	5ba1ba5edaf0	8	7	7ffc3ab8bc80	0	5ba1ba5edac0	5ba1ba5f84f0	7e432de1ace0	38	7e432d0bc010	5ba1ba5eda20	5ba1ba5eda90
16.612492	9a6c5	5ba1ba5abd50	7e432d22e6f0	2e4dc	26a	3d1de	7e432d22e6f0	f6f4	7ffc3ab91b10	20	10	1	1350	7e432d22e6f0	5ba1b62dcc90	1b0b6	5ba1b62dea30
16.621982	9b877	5ba1b62f4dc0	94d049bb133111eb	5ba1b8bed8f0	2e7a1	0	7ff	38fc5	7ffc3ab91b20	309	0	6d	9e3779b97f4a7c15	7ffc3ab95fb0	7e432d7fd010	1248a	7ffc3ab91d00
16.627666	9b744	7e432bcfb010	1	db2980	5ba1b6de48e0	8000000000000001	7e432d9fe010	36ca6	7ffc3ab91b20	5ba1b6de48c0	10	1	4114341e0c03521b	7ffc3ab95fb0	7e432d7fd010	c56d	7ffc3ab91d00
16.642407	22a18859a800	5ba1b7dc0050	5ba1b7dc01f0	41	1	5ba1b7dc0050	5ba1b7dc0120	30	7ffc3ab8a250	5ba40dc77fa0	5ba1b7dc0260	40	7c	7e432de1ac98	7e432de1ac80	5ba1b7dc0220	5ba1b7dc0
16.651106	93a3c	8000000000000002	e2	5ba1b9a2cb20	89e400	3d1de	7e432bcfb010	7ffc3ab95fb0	7ffc3ab8dc20	8	0	9cb8dddc660af9e8	bcfca0725d8920f6	8000000000000001	35b8	22790	7ffc3ab91dd0
16.661498	931f1	5ba1b7072a50	7ffc3ab95fb0	fffffffffffffb98	fffffffffffffe88	27e4f	3bc	59	7ffc3ab860c0	0	5ba1b7290b70	5ba1b7292c10	7e432de1ace0	5ba1b62f5f00	1a00	176	7ffc3ab86218
16.668315	93a3c	8000000000000002	0	f5fee8c29013df26	21dac0	3d1de	7e432bcfb010	7ffc3ab91b01	7ffc3ab88db0	e0	4	7ffc3ab91ca0	8000000000000001	0	1	876b	7ffc3ab95fb0
16.681519	92bf2	7e432bcfb010	7ffc3ab95fb0	a97780	8000000000000002	3d1de	7ffc3ab88760	2a5de	7ffc3ab88740	0	5ba1b6ec5d40	5ba1b6ec7890	7e432de1ace0	7e432c792790	8000000000000001	5ba1b6ec5c40	7ffc3ab88898
16.689903	93ad6	2ee2a	7ffc3ab89258	1227488cfc2581d	eb51448e1a8e539e	654d06e9a1a63770	872823eb74eb21ff	7ffc3ab918b0	7ffc3ab89250	1128628bd8d25203	4c	7ffc3ab918b0	4e8f42d1a3fc8f69	81	7ffc3ab91960	7ffc3ab89300	7ffc3ab89250
16.701069	9bc13	1	1	5ba1b7d49120	5ba1b6c4fbc0	5ba1b626f010	7	1e51c	7ffc3ab91b20	5ba1b6c4fba0	0	1	4114341e0c03521b	3d1de	7e432d7fd010	4	7ffc3ab91c68
16.715231	9b89c	5ba1b62f60e0	ffffffffffffed8e	5ba1b794de20	0	15a23	7ff	15a24	7ffc3ab91b20	626	0	1	626	7ffc3ab95fb0	7e432d7fd010	13a98	7ffc3ab91d00
16.723420	9bc13	0	0	7e432d9fe010	5ba1b9ccd9e0	5ba1b626f010	7	36a3d	7ffc3ab91b20	5ba1b9ccd980	10	1	4114341e0c03521b	3d1de	7e432d7fd010	a861	7ffc3ab91d00
16.732912	9a6cd	5ba1b63dbf40	7e432d368328	5ba40c26a3db	5ba1b63dc000	5ba1b626f010	7	1c821	7ffc3ab91b10	5ba1b63dbfa0	10	1	4114341e0c03521b	7e432d368328	5ba1b62dcc90	36d0	5ba1b62dea30
16.747818	92794	1e691	7ffc3ab95fb0	0	3f1	5ba1b954dd40	7ff	8000000000000001	7ffc3ab8d980	a0	0	3e	dfe03b1a87e4815a	1e691	8000000000000001	34f82	7ffc3ab8da98
16.755636	945b9	0	1e130	0	0	7ffc3ab8a5c0	7ffc3ab8a5c8	7ffc3ab95fb0	7ffc3ab8a5b0	8	0	dafbcbaedca34a7	8a05154563690b83	0	0	e6	7ffc3ab8a5c0
16.764379	92ae1	5ba1b76f3e40	7ffc3ab95fb0	7e432d0bc010	0	3d1de	0	8000000000000001	7ffc3ab8c080	20	fffa	57	0	7e432d0bc010	7e432d276390	126d0	5ba1b76f3f10
16.774875	9a6b7	5ba1b62dcc90	7e432d13caa0	10152	8000000000000002	3d1de	7e432d13caa0	55c6	7ffc3ab91360	0	5ba1b9cdc420	5ba1b9ce0150	7e432de1ace0	7e432d13caa0	8000000000000001	5ba1b9cdc380	7ffc3ab91488
16.782548	95ddc	f4474e8e04984759	7ffc3ab8a778	1227488cfc2581d	7fc	654d06e9a1a63770	872823eb74eb222c	7ffc3ab95fb0	7ffc3ab8a770	eb51448e1a8e504d	1128628bd8d25203	5ba1b6bb1c40	7e432de1ace0	3bbe	0	e6	7ffc3ab91dd0
16.793182	931f1	5ba1b719b9f0	7ffc3ab95fb0	ffffffffffffeb3f	fffffffffffff915	39929	657e	29	7ffc3ab8db80	0	5ba1b95b61b0	5ba1b95ba1a0	7e432de1ace0	5ba1b62f4f60	a60	6ea	7ffc3ab8dcc8
16.808126	9b86f	5ba1b62f45a0	94d049bb133111eb	5ba1b7decac0	13743	25c64	7ff	29102	7ffc3ab91b20	2fd	0	5c	9e3779b97f4a7c15	7ffc3ab95fb0	7e432d7fd010	16ee7	7ffc3ab91d00
16.815018	9bb5b	5ba1b62f61e0	5ba1ba630901	5ba1ba63b6f0	738	728	cbff	2d667	7ffc3ab91b20	1	0	1	39c0	7ffc3ab95fb0	5ba1b62dcc90	11a92	5ba1b62dea30
16.826353	9b89c	5ba1b62f4740	fffffffffffffda2	5ba1b94d33a0	1a5ed	0	7ff	19d74	7ffc3ab91b20	ca	0	1	ca	7ffc3ab95fb0	7e432d7fd010	65c7	7ffc3ab91d00
16.841135	92bf2	7e432bcfb010	7ffc3ab95fb0	bd2280	8000000000000002	3d1de	7ffc3ab90410	2f48a	7ffc3ab903f0	0	5ba1b637c890	5ba1b637ccd0	7e432de1ace0	7e432c8cd290	8000000000000001	5ba1b637c860	7ffc3ab90508
16.851064	9a6b7	5ba1b62dcc90	7e432d2210e8	2ca1b	8000000000000002	3d1de	7e432d2210e8	ee09	7ffc3ab88310	0	5ba1b9c69830	5ba1b9c69d50	7e432de1ace0	7e432d2210e8	8000000000000001	5ba1b9c696d0	7ffc3ab88468
16.864617	9278c	0	7ffc3ab95fb0	39541	e7	5ba1b8915650	7ff	8000000000000001	7ffc3ab8bd80	0	6e67dd3e311b72de	2	0	0	8000000000000001	39541	7ffc3ab8bec8
16.873780	9a6b7	5ba1b62dcc90	7e432d20f718	2a6e1	8000000000000002	3d1de	7e432d20f718	e24b	7ffc3ab8bde0	0	5ba1b7634cf0	5ba1b7636d90	7e432de1ace0	7e432d20f718	8000000000000001	5ba1b7634c50	7ffc3ab8bf08
16.886695	99720	0	7ffc3ab8d3f8	1	0	7ffc3ab8d3f0	7ffc3ab8d3f8	7ffc3ab91a30	7ffc3ab8d3f0	8	0	33b619325cd291b0	3e2ef2c362722ddb	0	1	7ffc3ab8d490	7ffc3ab8d3f0
16.894543	927b6	29820	7ffc3ab95fb0	0	6d4	5ba1b9ccb5e0	7ff	8000000000000001	7ffc3ab8be40	0	2	ffffffffffffeb81	0	0	8000000000000001	0	7ffc3ab8bf88
16.903067	9a6b7	5ba1b9d04620	7e432d615948	ab327	49c	3d1de	7e432d615948	3910d	7ffc3ab91b10	3	2	2	24e0	7e432d615948	5ba1b62dcc90	1b32e	5ba1b62dea30
16.910937	9b89c	5ba1b62f4ac0	ffffffffffffee9f	5ba1b9aee960	2ea86	0	7ff	3bca6	7ffc3ab91b20	5c9	0	4	5cb	7ffc3ab95fb0	7e432d7fd010	14a55	7ffc3ab91d00
16.920421	9b89c	5ba1b62f61c0	ffffffffffffe803	5ba1b785fa10	0	ac2c	7ff	c772	7ffc3ab91b20	7fe	0	2	7ff	7ffc3ab95fb0	7e432d7fd010	93f6	7ffc3ab91d00
16.933427	22a18859a862	5ba1b64cf980	5ba1b780b840	40	41	5ba1b64cf980	5ba1b64d07b0	380	7ffc3ab89b90	5ba40d9bdc90	5ba1b780b840	40	7c	7e432de1aca0	7e432de1ac80	5ba1b64d0b30	5ba1b64d0
16.939546	22a18859d042	5ba1b78b8bf0	7e432de1ac80	8e1	5ba1b78b8be0	5ba1b78b8c10	0	28	7ffc3ab8a3a8	0	5ba1b78b8bf0	5ba1b78b94f0	7e432de1ace0	ffffffffffffff88	30	5ba1b626f010	1
16.946253	9a6b7	5ba1b62dcc90	7e432d1290f0	da1c	8000000000000002	3d1de	7e432d1290f0	48b4	7ffc3ab8b790	0	5ba1b6823160	5ba1b68231d0	7e432de1ace0	7e432d1290f0	8000000000000001	5ba1b68230c0	7ffc3ab8b8e8
16.957378	993b1	7e432d0bc010	0	5ba1b66b3150	5ba1b66b3180	3d1de	16a5a80000000000	7ffc3ab91a01	7ffc3ab86920	ee	4	7ffc3ab91b40	8000000000000001	0	1	1a214	7ffc3ab95fb0
16.965767	931f1	5ba1ba604500	7ffc3ab95fb0	fffffffffffff1b1	fffffffffffffb3b	0	8bbd	19	7ffc3ab8a840	0	5ba1b67d4120	5ba1b67d5650	7e432de1ace0	5ba1b62f5e60	1960	4c5	7ffc3ab8a958
16.973004	92c60	5ba1ba5bee00	7ffc3ab95fb0	749f4	8000000000000002	3d1de	7e432d460fb0	26dfc	7ffc3ab8dd70	0	5ba1ba5beeb0	5ba1ba5c3080	7e432de1ace0	7e432d460fb0	8000000000000001	5ba1ba5bee10	7ffc3ab8de88
16.982139	9634e	6c	5f60	ffff0000	fffffffffff41420	5ba1b9a2cb20	ffff	5ba1b9a32a80	7ffc3ab8dda0	8	0	97d3a4b5551e574a	69811fd10a100235	1bf4	0	fffff3ff	5ba1b983e3f0
16.989936	9278c	0	7ffc3ab95fb0	26158	2d0	5ba1b7ec6770	7ff	8000000000000001	7ffc3ab8cb00	0	b4ce8237f7f2ba5f	6c	0	0	8000000000000001	26158	7ffc3ab8cc48
17.000179	22a18859b75a	2	4	2	7	5ba1b626f010	7	5ba1ba5f3d60	7ffc3ab91a60	5ba1ba5f3d70	10	101	4114341e0c03521b	7e432de1ac80	0	5ba1ba5f3da0	5ba1b62dea30
17.008151	9b86f	5ba1b62f6080	94d049bb133111eb	5ba1b6c1f360	0	26a36	7ff	269cf	7ffc3ab91b20	59c	0	4d	9e3779b97f4a7c15	7ffc3ab95fb0	7e432d7fd010	158a0	7ffc3ab91d00
17.018286	9b89c	5ba1b62f5820	ffffffffffffeaca	5ba1b79845a0	12b45	0	7ff	c655	7ffc3ab91b20	712	0	1	712	7ffc3ab95fb0	7e432d7fd010	aef3	7ffc3ab91d00
17.032087	22a18859a8e0	5ba1b77b9d00	5ba1b77b9d70	c1	7e432de1ace0	5ba1b77b9d00	5ba1b77b9d70	f0	7ffc3ab89950	5ba40d60e9d9	5ba1b77b9e60	30	7c	7e432de1ac98	7e432de1ac80	5ba1b77b9e60	5ba1b77b9
17.039488	93a3c	8000000000000002	f0	5ba1b98e8470	ae86c0	3d1de	7e432bcfb010	7ffc3ab95fb0	7ffc3ab8cee0	8	0	97824e75371af582	b7494c41a56652d1	8000000000000001	0	2ba1b	7ffc3ab91dd0
17.054520	99288	7e432d0bc010	1ce2d	7e432d0bc010	701	3d1de	56a87	7ffc3ab91a01	7ffc3ab8e420	8	0	7ffc3ab91b40	8000000000000001	0	1	0	7ffc3ab95fb0
17.061302	99583	7ffc3ab91b90	0	7ffc3ab91ca0	e30a	0	7ffc3ab95fb0	0	7ffc3ab8c240	f0	4	7ffc3ab91ca0	8000000000000001	0	1	0	7ffc3ab95fb0
17.072583	93a3c	8000000000000002	f2	5ba1b9a2cb20	e69280	3d1de	7e432bcfb010	7ffc3ab95fb0	7ffc3ab8c240	8	0	99811047bf9f5980	bfc09fd4facc35a3	8000000000000001	0	39a4a	7ffc3ab91dd0
17.082276	22a18859a6e9	7200	7e432de1ac80	7201	7e432de1b420	6fe00000	5ba1b67adc40	28	7ffc3ab90060	40	fb77	0	7e432de1ace0	71d0	30	7200	1
17.096364	9b720	7e432d7fd010	1	5ba1b8a472d0	5ba1b7561b50	3d1de	5ba1b8a472d0	2ad89	7ffc3ab91b20	5ba1b7561b30	1	4	4114341e0c03521b	7ffc3ab95fb0	7e432d7fd010	2	7ffc3ab91c68
17.111265	9b86f	5ba1b62f4e80	94d049bb133111eb	5ba1b6df2e40	0	2c6e7	7ff	2c6e8	7ffc3ab91b20	123	0	62	9e3779b97f4a7c15	7ffc3ab95fb0	7e432d7fd010	1439f	7ffc3ab91d00
17.121173	9b89c	5ba1b62f5800	ffffffffffffe8ed	5ba1b9df2710	0	2ad8d	7ff	2ad8e	7ffc3ab91b20	7b0	0	2	7b1	7ffc3ab95fb0	7e432d7fd010	8c5e	7ffc3ab91d00
17.132900	22a18859a806	5ba1b70ddf40	5ba1b70de0e0	41	1	5ba1b70ddf40	5ba1b70ddfb0	30	7ffc3ab89710	5ba40d16918e	5ba1b70de150	40	7c	7e432de1ac98	7e432de1ac80	5ba1b70de110	5ba1b70de
17.140628	9452e	f4474e8e0498464c	7ffc3ab90dd8	1227488cfc2581d	8	7ffc3ab90dd0	7ffc3ab90dd8	5ba1b941a370	7ffc3ab90dc0	0	0	9ad99c455e1586d6	c50bac12d9fa32e1	30c4	824	f4	7ffc3ab90dd0
17.147605	99288	7e432d0bc010	1a1f2	7e432d0bc010	101	3d1de	4e5d6	7ffc3ab91a01	7ffc3ab8ffe0	8	0	7ffc3ab91b40	8000000000000001	0	1	0	7ffc3ab95fb0
17.155954	93cc5	5ba1b7e1fee0	31702	0	fff	c8ae441553ae8640	265c5	40	7ffc3ab89a50	47	1	5ba1b7e3e9e0	0	f52	f58	7ffc3ab89ae0	7ffc3ab918b0
17.170469	94593	620dfa6336fd7bfd	f4	2a239ab9945f37f0	8	7ffc3ab90bd0	7ffc3ab90bd8	7ffc3ab95fb0	7ffc3ab90bc0	8	0	9a6507a4cb53746e	48bb3a7731e78974	8000000000000001	b480	f4	7ffc3ab90bd0
17.185562	93a3c	8000000000000002	2b38f	6780000000000000	ace3c0	3d1de	7e432bcfb010	8000000000000000	7ffc3ab86250	f6	4	7ffc3ab91b40	8000000000000001	0	1	0	7ffc3ab95fb0
17.193498	99801	f22e4a514fe47af3	7ffc3ab902b8	82382de1421ee188	af8e0ac3baadd286	f549a8755da04092	1800000000000000	5ba1b98cfff0	7ffc3ab902b0	8	0	f7209e4834b14b5	ea0148102ddbf8a6	fffffe00	1be0	5ba1b98966d0	7ffc3ab902b0
17.204385	9b744	7e432bcfb010	1	1ee040	5ba1b72be930	8000000000000001	7e432d9fe010	7b81	7ffc3ab91b20	5ba1b72be910	10	2	4114341e0c03521b	7ffc3ab95fb0	7e432d7fd010	18947	7ffc3ab91d00
17.218206	9a6bb	5ba1b9036fc0	7e432d1f6ce0	2759a	30	3d1de	7e432d1f6ce0	d1de	7ffc3ab91b10	1	0	1	180	7e432d1f6ce0	5ba1b62dcc90	b0fa	5ba1b62dea30
17.232535	22a18859a867	5ba1b6803020	5ba1b6803210	3	30	5ba1b6803020	5ba1b6803090	180	7ffc3ab894d0	5ba40c9b5a13	5ba1b6803210	30	7c	7e432de1ac98	7e432de1ac80	5ba1b6803210	5ba1b6803
17.243807	92bb4	1c31e	7ffc3ab95fb0	5ba1b8e14490	5ba1b6531060	3d1de	2655	8000000000000001	7ffc3ab8ca50	0	5ba1b6531090	5ba1b6531740	7e432de1ace0	7e95	8000000000000001	5ba1b6530ff0	7ffc3ab8cb68
17.252335	927c4	1a07b	7ffc3ab95fb0	0	657	5ba1b95ad910	7ff	8000000000000001	7ffc3ab8ca50	10	2	ffffffffffffecf8	e8e2af0c23e9d0a9	0	8000000000000001	3a944	7ffc3ab8cb68
17.265273	99e3e	33	afa	ffffd800	7383	7b6630d1982fa9b	7fff	5ba1b98d1790	7ffc3ab90ce0	8	0	b3cf2dc1973d75d7	b8102163deaef2c2	ffffd810	3380	3384	5ba1b9a2cb20
17.272120	93a3c	8000000000000002	f8	5ba1b9a2cb20	423c40	3d1de	7e432bcfb010	7ffc3ab95fb0	7ffc3ab8a9c0	8	0	981b6fef9da068c8	1da762174e1348e1	8000000000000001	2fd59	108f1	7ffc3ab91dd0
17.284607	928f3	1d2ca	7ffc3ab95fb0	0	773	5ba1ba46f790	7ff	8000000000000001	7ffc3ab8b840	0	1fef	56	0	7ffc3ab95fb0	8000000000000001	0	7ffc3ab8b998
17.292907	99272	7e432d0bc010	0	7e432d138870	3f00	3d1de	f2ab	7ffc3ab91b01	7ffc3ab8ab00	8	0	7ffc3ab91ca0	8000000000000001	0	1	5304	7ffc3ab95fb0
17.306505	9bae0	5ba1b62f4ae0	5ba1b9af90b0	5ba1b9afb180	15e	14e	7ff	1a160	7ffc3ab91b20	15c	0	4	af0	7ffc3ab95fb0	7e432d7fd010	1a0d8	7ffc3ab91d00
17.311937	9b89c	5ba1b62f5ce0	ffffffffffffefa4	5ba1ba5021f0	1c9d2	0	7ff	2ac12	7ffc3ab91b20	574	0	1	574	7ffc3ab95fb0	7e432d7fd010	16363	7ffc3ab91d00
17.325677	9b89c	5ba1b62f5d20	ffffffffffffed22	5ba1ba5e9b40	0	1bcc6	7ff	accc	7ffc3ab91b20	649	0	2	64a	7ffc3ab95fb0	7e432d7fd010	98de	7ffc3ab91d00
17.332450	9b744	7e432bcfb010	1	9d0340	5ba1b685c260	8000000000000001	7e432d9fe010	2740d	7ffc3ab91b20	5ba1b685c200	1	1	4114341e0c03521b	7ffc3ab95fb0	7e432d7fd010	3ccc	7ffc3ab91d00
17.338219	22a18859a878	5ba1ba4e2840	5ba1ba4e29a0	7e432de1ac98	30	5ba1ba4e2840	5ba1ba4e2910	90	7ffc3ab89290	5ba400558d42	5ba1ba4e29a0	30	7c	7e432de1ac98	7e432de1ac80	5ba1ba4e29a0	5ba1ba4e2
17.346073	928f7	324f2	7ffc3ab95fb0	0	31d	5ba1b6dbaad0	324f2	8000000000000001	7ffc3ab8e470	90	5fff	7a	1ef9e940b6e9baf0	0	8000000000000001	1a151	7ffc3ab8e588
17.356961	92bf2	7e432bcfb010	7ffc3ab95fb0	214980	8000000000000002	3d1de	7ffc3ab87ce0	8526	7ffc3ab87cc0	0	5ba1b6707050	5ba1b6708270	7e432de1ace0	7e432bf0f990	8000000000000001	5ba1b6706f50	7ffc3ab87e18
17.362915	99272	7e432d0bc010	0	7e432d0d4280	3f00	3d1de	714	7ffc3ab91b01	7ffc3ab8f3c0	8	0	7ffc3ab91ca0	8000000000000001	0	1	101a	7ffc3ab95fb0
17.377201	93a3c	8000000000000002	1c452	2ccfcf000e3725cd	711480	3d1de	7e432bcfb010	8000000000000000	7ffc3ab914d0	fe	4	7ffc3ab91b40	8000000000000001	0	1	0	7ffc3ab95fb0
17.384386	99288	7e432d0bc010	38ee8	7e432d0bc010	3f01	3d1de	aacb8	7ffc3ab91b01	7ffc3ab8a740	8	0	7ffc3ab91ca0	8000000000000001	0	1	0	7ffc3ab95fb0
17.392905	9b744	7e432bcfb010	1	5746c0	5ba1b7e68b90	8000000000000001	5ba1b8a8c980	15d1b	7ffc3ab91b20	5ba1b7e68b70	10	1	4114341e0c03521b	7ffc3ab95fb0	7e432d7fd010	3	7ffc3ab91c68
17.404393	9b744	7e432bcfb010	1	414080	5ba1b7daba20	8000000000000001	7e432d9fe010	10502	7ffc3ab91b20	5ba1b7daba00	3	4	4114341e0c03521b	7ffc3ab95fb0	7e432d7fd010	ff0f	7ffc3ab91d00
17.412500	9bb49	5ba1b62f4c60	5ba1b7390601	5ba1b7394f10	302	2f2	f5ff	2e154	7ffc3ab91b20	1	0	1	1810	7ffc3ab95fb0	5ba1b62dcc90	5cec	7ffc3ab91d00
17.420534	22a18859a806	5ba1b98e80e0	5ba1b98e84e0	41	1	5ba1b98e80e0	5ba1b98e8210	30	7ffc3ab91960	5ba403951db8	5ba1b98e8550	40	7c	7e432de1ac98	7e432de1ac80	5ba1b98e8510	5ba1b98e8
17.427079	93a3c	8000000000000002	7ffc3ab91d00	5ba1b9e86cd0	aff800	3d1de	7e432bcfb010	8	7ffc3ab914d0	30	0	dafbcbae0bb0af1	8a6ecf654ed5cba2	8000000000000001	7ffc3ab95fb0	2bfe0	f
17.435049	931f1	5ba1b6beb470	7ffc3ab95fb0	ffffffffffffeae8	fffffffffffff8f8	0	f7ff	3f	7ffc3ab90f00	0	5ba1b70d8110	5ba1b70d8160	7e432de1ace0	5ba1b62f46e0	1e0	708	7ffc3ab91058
17.441129	985e0	2b1	7ffc3ab91d00	5ba1b65194a0	3ff	5ba1b6519490	0	f	7ffc3ab90f30	1	2b1	2b10	5ba1b6516980	1c	7ffc3ab95fb0	0	1c
17.446959	9b89c	5ba1b62f46a0	ffffffffffffeb2a	5ba1b94c6b80	0	2f9f8	7ff	2e8	7ffc3ab91b20	6f2	0	1	6f2	7ffc3ab95fb0	7e432d7fd010	52f	7ffc3ab91d00
17.461140	9874a	ed798ebd9bec72b	7ffc3ab8fe58	efcb183e4ee79bc7	9d54d4f9b0dde60a	8c954c98816d08dd	800000000000000	5ba1b6cfee80	7ffc3ab8fe50	8	0	dafbcbae2a0ee4e	8a7229f7fcc9edfd	ffffff00	e0	e8	5ba1b65cfe30
17.467943	9881e	8000000000000001	7ffc3ab8fa28	8000000000000001	3cf480	7e432c0ca490	7ffc3ab8fa28	8000000000000000	7ffc3ab8f9b0	905	0	dafbcbae0c74509	8a274edb5a4875e7	8000000000000001	7ffc3ab95fb0	f3d2	7e432c0ca490
17.479136	92b5f	0	7ffc3ab95fb0	0	5ba1b763d7e0	3d1de	1d7f0	8000000000000001	7ffc3ab90060	0	5ba1b763d870	5ba1b763da30	7e432de1ace0	7e432d37fe90	8000000000000001	5ba1b763d840	7ffc3ab901b8
17.492519	9868a	39056	7ffc3ab91d00	51	3ff	ffffffffffffe2b0	1c5	25	7ffc3ab8fee0	0	8565	0	ffffffffffffe2b0	37	0	1abdf	7ffc3ab95fb0
17.501130	931fb	5ba1b709d8f0	7ffc3ab95fb0	ffffffffffffe839	fffffffffffff813	2bab1	f1b7	1f	7ffc3ab903a0	0	5ba1b6f0ba30	5ba1b6f0bd00	7e432de1ace0	5ba1b62f48a0	3a0	1d	7ffc3ab904f8
17.508296	22a18859a896	5ba1b6b87fd0	5ba1b6b88170	41	31	5ba1b6b87fd0	5ba1b6b880a0	30	7ffc3ab915a0	5ba40ca3ea68	5ba40ca3ea68	40	7c	7e432de1ac98	7e432de1ac80	5ba1b6b881a0	5ba1b6b88
17.514684	93a3c	8000000000000002	7ffc3ab91d00	5ba1b6cfa470	bff300	3d1de	7e432bcfb010	3e	7ffc3ab8e8f0	fffe	0	dafbcbae4354a97	8a66c92e32ea0851	8000000000000001	7ffc3ab95fb0	2ffcc	3f
17.528451	9b86f	5ba1b62f4a40	94d049bb133111eb	5ba1b7363a20	0	2a1b5	7ff	29df7	7ffc3ab91b20	364	0	4	9e3779b97f4a7c15	7ffc3ab95fb0	7e432d7fd010	92a	7ffc3ab91d00
17.533677	22a18859d560	5381	7e432de1ac80	73	5ba1b9d53ad0	5ba1b676c500	150	5ba1b6c6d7c0	7ffc3ab91850	0	0	5d11	7e432de1ace0	ffffffffffffff88	440	5ba1b626f010	42
17.546617	22a18859b7c2	0	ffffffffffffff50	5ba40c703b35	5ba1b66b5d80	5ba1b626f010	7	0	7ffc3ab91aa8	5ba1b66b5cc0	0	12	4114341e0c03521b	7e432de1ac80	0	5ba1b66b5cf0	5ba1b62dea30
17.552032	9b744	7e432bcfb010	1	299680	5ba1b6e74cd0	8000000000000001	7e432d9fe010	a65a	7ffc3ab91b20	5ba1b6e74cb0	1	8	4114341e0c03521b	7ffc3ab95fb0	7e432d7fd010	9c2	7ffc3ab91d00
17.561050	22a18859cd46	1	7e432de1ac80	18	90	28	7e432de1ac88	28	7ffc3ab91500	0	dfff	2e	5ba1b6cfeb90	1	30	3	7ffc3ab917a8
17.575629	9a6b7	5ba1b62dcc90	7e432d579528	97aa3	8000000000000002	3d1de	7e432d579528	328e1	7ffc3ab8ef40	0	5ba1b723f150	5ba1b723f700	7e432de1ace0	7e432d579528	8000000000000001	5ba1b723f120	7ffc3ab8f0a8
17.585856	9852b	3cf	7ffc3ab91d00	5ba1b718f130	7ff	5ba1b718f120	0	14	7ffc3ab90b20	1	3cf	3cf0	8a3937e1647ea4e4	52	7ffc3ab95fb0	0	52
17.600115	9bb49	5ba1b62f4960	5ba1b9bf1701	5ba1b9bfa070	5b2	5a2	80	3cc8f	7ffc3ab91b20	20	10	4	2d90	7ffc3ab95fb0	5ba1b62dcc90	40	7ffc3ab91d00
17.609748	92c8e	7e432d7fd010	7ffc3ab95fb0	0	8000000000000002	3d1de	7e432d456300	266ca	7ffc3ab8fdf0	0	5ba1b724b300	5ba1b724b4f0	7e432de1ace0	266ca	8000000000000001	5ba1b724b200	7ffc3ab8ff48
17.623619	9bc13	0	0	7e432d9fe010	5ba1b6600be0	5ba1b626f010	7	2bb11	7ffc3ab91b20	5ba1b6600b80	0	1	4114341e0c03521b	3d1de	7e432d7fd010	39	7ffc3ab91d00
17.629110	9a6b7	5ba1b748cd20	7e432d114720	b0e2	589	3d1de	7e432d114720	3af6	7ffc3ab91b10	1	0	1	2c48	7e432d114720	5ba1b62dcc90	b35	5ba1b62dea30
17.634497	22a18859d560	4421	7e432de1ac80	72	5ba1b6515490	5ba1b6487ed0	0	5ba1b9b93840	7ffc3ab8d740	0	0	4471	7e432de1ace0	ffffffffffffff88	30	5ba1b626f010	1
17.641522	9a6bb	5ba1b62dcc90	7e432d33dba8	50373	8000000000000002	3d1de	7e432d33dba8	1abd1	7ffc3ab8dd60	0	5ba1b64ded10	5ba1b64df180	7e432de1ace0	7e432d33dba8	8000000000000001	5ba1b64dece0	7ffc3ab8dec8
17.647521	9851e	398	7ffc3ab91d00	5ba1b718eba0	7ff	5ba1b718eb90	0	24	7ffc3ab8fe20	1	0	dafbcbae670966f	8a39367a549ea767	61	7ffc3ab95fb0	0	61
17.661717	98500	4357ec2e8ca9f182	7ffc3ab91d00	5ba1b7e7f2c0	fff	5ba1b7e7f2b0	0	a	7ffc3ab91340	8	0	dafbcbae684509b	8a007e19ecf96136	62	7ffc3ab95fb0	1ca42	62
17.669851	93a3c	8000000000000002	7ffc3ab91d00	5ba1b65cfe30	6ed740	3d1de	7e432bcfb010	1a	7ffc3ab90630	37e9	0	dafbcbae6aa0f70	8a0e5e72e5962c28	8000000000000001	7ffc3ab95fb0	1bb5d	65
17.684690	9447a	f4474e8e049842f9	7ffc3ab8da98	1227488cfc2581d	8	7ffc3ab8da90	7ffc3ab8da98	5ba1b7e7fb50	7ffc3ab8da80	0	0	dafbcbae4dd45db	8a67505cbdac74a9	fffffc00	960	96a	5ba1b9a73720
17.690924	9b89c	5ba1b62f51c0	ffffffffffffef2f	5ba1b9c35370	3bc50	0	7ff	1b871	7ffc3ab91b20	596	0	20	59b	7ffc3ab95fb0	7e432d7fd010	dc3	7ffc3ab91d00
17.702023	9a6b7	5ba1b62dcc90	7e432d64f680	b26ce	8000000000000002	3d1de	7e432d64f680	3b79a	7ffc3ab8f350	0	5ba1b6c66cd0	5ba1b6c66e40	7e432de1ace0	7e432d64f680	8000000000000001	5ba1b63b6c70	7ffc3ab8f4b8
17.714384	9b744	7e432bcfb010	1	781540	5ba1b6e58b80	8000000000000001	7e432d9fe010	1e055	7ffc3ab91b20	5ba1b6e58b60	0	1	4114341e0c03521b	7ffc3ab95fb0	7e432d7fd010	ec0	7ffc3ab91d00
17.720126	9b89c	5ba1b62f4fe0	fffffffffffff811	5ba1b9c8d1d0	28e57	0	7ff	30bb9	7ffc3ab91b20	2a5	0	1	2a5	7ffc3ab95fb0	7e432d7fd010	b87	7ffc3ab91d00
17.731740	22a18859b6e6	ffffffffffffff88	30	1	0	5ba1b626f010	7	5ba1b7826d70	7ffc3ab91a70	5ba1b7826db0	10	1	4114341e0c03521b	7e432de1ac80	0	f21	5ba1b62dea30
17.742653	9b720	7e432d7fd010	1	af7300	8000000000000002	3d1de	7e432d9fe010	6aff	7ffc3ab91b20	5ba1b74b3460	e	1	4114341e0c03521b	7ffc3ab95fb0	7e432d7fd010	11d2	7ffc3ab91d00
17.752207	927c4	1b0b	7ffc3ab95fb0	0	6bf	5ba1b8bfa110	7ff	8000000000000001	7ffc3ab8e180	0	1000	ffffffffffffeb9f	5ba1b8a74880	6e	8000000000000001	156aa	7ffc3ab8e2d8
17.758431	9a6bb	5ba1b9ae24d0	7e432d558660	938ca	e6	3d1de	7e432d558660	312ee	7ffc3ab91b10	2	1	1	730	7e432d558660	5ba1b62dcc90	100d	5ba1b62dea30
17.769783	98a78	5ffd4564d7fc2335	3311a	f071b7c05e8c235c	14a7ced6325b3c1b	56eadaf6edc1e684	800000000000000	31	7ffc3ab8f420	8	0	dafbcbae79f2784	8a6b7be1b12719af	5ffd4564d7fc2335	3311a	29257	7ffc3ab91d00
17.776685	92bf2	7e432bcfb010	7ffc3ab95fb0	1c80c0	8000000000000002	3d1de	7ffc3ab90630	7203	7ffc3ab90610	0	5ba1b777de40	5ba1b777e5a0	7e432de1ace0	7e432bec30d0	8000000000000001	5ba1b777de10	7ffc3ab90768
17.789200	92bf2	7e432bcfb010	7ffc3ab95fb0	a06dc0	8000000000000002	3d1de	7ffc3ab8fee0	281b7	7ffc3ab8fec0	0	5ba1b67460c0	5ba1b6746b80	7e432de1ace0	7e432c701dd0	8000000000000001	5ba1b6746090	7ffc3ab90018
17.801911	9b6f9	7e432d7fd010	1	1116c0	8000000000000002	3d1de	7e432d9fe010	d15	7ffc3ab91b20	5ba1b66f27a0	0	1	4114341e0c03521b	7ffc3ab95fb0	7e432d7fd010	161f	7ffc3ab91d00
17.810301	9a6b7	5ba1b62dcc90	7e432d0e2b60	4d6a	8000000000000002	3d1de	7e432d0e2b60	19ce	7ffc3ab8f1b0	0	5ba1b6513e00	5ba1b6514370	7e432de1ace0	7e432d0e2b60	8000000000000001	5ba1b6513d60	7ffc3ab8f318
17.817794	9baba	5ba1b62f4780	5ba1b88cc8a0	5ba1b88cf330	1c2a7	0	7ff	1edca	7ffc3ab91b20	1c5	0	2	1c6	7ffc3ab95fb0	7e432d7fd010	1187	7ffc3ab91d00
17.827063	92bf2	7e432bcfb010	7ffc3ab95fb0	4f4ac0	8000000000000002	3d1de	7ffc3ab8c460	13d2b	7ffc3ab8c440	0	5ba1b64494b0	7e432de1ad20	7e432de1ace0	7e432c1efad0	8000000000000001	5ba1b6449480	7ffc3ab8c598
17.839054	986ca	f4474e8e04984d42	7ffc3ab8da08	1227488cfc2581d	0	654d06e9a1a63770	872823eb74eb2837	50	7ffc3ab8da00	eb51448e1a8e5a56	1128628bd8d25203	dafbcba984eb726	8a3f69fec943b3c5	79	7ffc3ab95fb0	0	79
17.847694	9b744	7e432bcfb010	1	1cefc0	5ba1b685ed30	8000000000000001	7e432d9fe010	73bf	7ffc3ab91b20	5ba1b685ecd0	10	4	4114341e0c03521b	7ffc3ab95fb0	7e432d7fd010	e24	7ffc3ab91d00
17.854220	93135	5ba1b9ccb5e0	7ffc3ab95fb0	7ff	bf58476d1ce4e5b9	0	0	6f	7ffc3ab8b810	0	5ba1b6c10f30	5ba1b6c10f80	7e432de1ace0	5ba1b62f5440	f40	31d	7ffc3ab8b968
17.866754	92bf2	7e432bcfb010	7ffc3ab95fb0	4d1600	8000000000000002	3d1de	7ffc3ab91780	13458	7ffc3ab91760	0	5ba1b69e38b0	5ba1b69e3d40	7e432de1ace0	7e432c1cc610	8000000000000001	5ba1b69e3880	7ffc3ab918a8
17.873167	92c8e	7e432d7fd010	7ffc3ab95fb0	0	8000000000000002	3d1de	7e432d23a3f0	fed4	7ffc3ab8d3b0	0	5ba1b955b100	5ba1b955b6b0	7e432de1ace0	fed4	8000000000000001	5ba1b955af40	7ffc3ab8d508
17.881227	9bc13	0	0	7e432d9fe010	5ba1b68f5210	5ba1b626f010	7	350d5	7ffc3ab91b20	5ba1b68f51f0	10	8	4114341e0c03521b	3d1de	7e432d7fd010	36	7ffc3ab91d00
17.886673	9a6bb	5ba1b64c10c0	7e432d5eaa18	a5d41	4ab	3d1de	7e432d5eaa18	3746b	7ffc3ab91b10	2	1	1	2558	7e432d5eaa18	5ba1b62dcc90	40	5ba1b62dea30
17.896581	92bf2	7e432bcfb010	7ffc3ab95fb0	a80c00	8000000000000002	3d1de	7ffc3ab8fe10	2a030	7ffc3ab8fdf0	0	5ba1b6513eb0	5ba1b65143b0	7e432de1ace0	7e432c77bc10	8000000000000001	5ba1b6513e80	7ffc3ab8ff48
17.904087	9b744	7e432bcfb010	1	71cec0	5ba1b63dc850	8000000000000001	7e432d9fe010	1c73b	7ffc3ab91b20	5ba1b63dc830	2	204	4114341e0c03521b	7ffc3ab95fb0	7e432d7fd010	e41	7ffc3ab91d00
17.916520	92794	34259	7ffc3ab95fb0	0	6f8	5ba1b8badee0	7ff	8000000000000001	7ffc3ab8cac0	0	b4805c0e74ec33c4	34	5ba1b65ce440	82	8000000000000001	1a765	7ffc3ab8cc18
17.930219	9b89c	5ba1b62f5020	fffffffffffffa06	5ba1b9ca5d80	1e3d4	0	7ff	1a361	7ffc3ab91b20	1fe	0	1	1fe	7ffc3ab95fb0	7e432d7fd010	11e5	7ffc3ab91d00
17.944762	945a2	734d25c296cd810e	0	92b9b2a2b8728208	8	7ffc3ab8e8a0	7ffc3ab8e8a8	3e	7ffc3ab8e890	8	0	dafbcba991cc553	8a3909b529de5f41	87	7ffc3ab95fb0	0	87
17.958575	22a18859cdb3	30	7e432de1ac80	18	7e432de1ad10	7e432de1ad00	30	20	7ffc3ab8bc80	0	5ba1b9c99ab0	5ba1b9c99d70	7e432de1ace0	1	30	3	5ba1b9c99ab0
17.967195	9b2e7	0	5ba1b6302310	5ba40c2b4762	5ba1b6302460	5ba1b626f010	7	300be	7ffc3ab91b00	5ba1b6302340	0	1	4114341e0c03521b	7e432d53d1e0	5ba1b62dcc90	11ae	5ba1b62dea30
17.973729	9a6b7	5ba1b62dcc90	7e432d4ce228	82443	8000000000000002	3d1de	7e432d4ce228	2b6c1	7ffc3ab8e170	0	5ba1b6915c80	5ba1b6915d00	7e432de1ace0	7e432d4ce228	8000000000000001	5ba1b65d9d50	7ffc3ab8e2d8
17.983810	22a18859a806	5ba1b6f9b100	5ba1b6d2b9b0	31	0	5ba1b6f9b100	5ba1b6d2b9b0	7b0	7ffc3ab915a0	5ba40cc9acbc	5ba1b6d2c190	30	7c	7e432de1aca0	7e432de1ac80	5ba1b6d2c160	5ba1b6d2c
17.992316	93a3c	8000000000000002	7ffc3ab91d00	5ba1ba4626a0	f32a40	3d1de	7e432bcfb010	1d	7ffc3ab903c0	c1fb	0	dafbcba9999894c	8a409bc063ec7554	8000000000000001	7ffc3ab95fb0	3cca9	8d
18.002504	22a18859cddd	30	7e432de1ac80	18	7e432de1ad10	7e432de1ad00	5b	28	7ffc3ab8d9b0	20	fee7	27	ffffffffffffe940	1	30	3	7ffc3ab8dc58
18.009389	9447a	f4474e8e04984d81	7ffc3ab90a88	1227488cfc2581d	8	7ffc3ab90a80	7ffc3ab90a88	5ba1b7891bc0	7ffc3ab90a70	0	0	dafbcba99ccd63a	8a3b66fb00b58e00	fffff2b0	3f0	3f4	5ba1ba4626a0
18.014961	92bf2	7e432bcfb010	7ffc3ab95fb0	498c0	8000000000000002	3d1de	7ffc3ab91330	1263	7ffc3ab91310	0	5ba1b9b77c00	5ba1b9b780f0	7e432de1ace0	7e432bd448d0	8000000000000001	5ba1b9b77bd0	7ffc3ab91468
18.025646	98776	39c68f5301ea321	7ffc3ab8bcc8	9b05ef217ba46dfd	c70c62593f45b5e6	71479bb1a21d3bb3	800000000000000	74	7ffc3ab8bcc0	8	0	dafbcba9bd6c5ed	8a3908281f7ea12c	91	7ffc3ab95fb0	0	91
18.040630	22a18859a806	5ba1b650a9d0	5ba1b74ddd00	31	1	5ba1b650a9d0	5ba1b650ab60	30	7ffc3ab915a0	5ba40d56a9ed	5ba1b74ddd30	30	7c	7e432de1ac98	7e432de1ac80	5ba1b74ddd30	5ba1b74dd
18.055450	9a6c9	5ba1b62dea30	7e432d3988f8	5b91d	8000000000000002	3d1de	7e432d3988f8	1e85f	7ffc3ab8c1c0	0	5ba1b66b22c0	5ba1b66b2b80	7e432de1ace0	7e432d3988f8	8000000000000001	5ba1b66b2160	7ffc3ab8c328
18.067093	92bf2	7e432bcfb010	7ffc3ab95fb0	cdd000	8000000000000002	3d1de	7ffc3ab90f20	33740	7ffc3ab90f00	0	5ba1b66dd2a0	5ba1b66ddce0	7e432de1ace0	7e432c9d8010	8000000000000001	5ba1b66dd200	7ffc3ab91058
18.073878	94568	f569c316d45aa460	1c56c	fc79a719f361f2c6	8	7ffc3ab8ed40	7ffc3ab8ed48	5ba1ba463100	7ffc3ab8ed30	0	0	bbf8daee9f590444	628bd8d3976f1128	fffffc00	a60	a6a	5ba1b9a73720
18.087057	9b89c	5ba1b62f4880	fffffffffffff89b	5ba1b9ed0d20	26a90	0	7ff	36fb7	7ffc3ab91b20	277	0	1	277	7ffc3ab95fb0	7e432d7fd010	3d	7ffc3ab91d00
18.098275	9b76c	7e432c43b050	1	8a0333afa83a4fc9	8000000000000002	8000000000000001	7e432d9fe010	1d001	7ffc3ab91b20	5ba1b65361e0	10	1	4114341e0c03521b	7ffc3ab95fb0	7e432d7fd010	43	7ffc3ab91d00
18.112364	98b57	5ba1b65cfe30	3ad66	12	1ff	e2	d2	55	7ffc3ab8d6e0	0	1fb7	0	8a22ed6e5a46622a	e2	3ad66	aeab	7ffc3ab91d00
18.124019	9a6b7	5ba1b7233db0	7e432d0e8f80	59ee	383	3d1de	7e432d0e8f80	1dfa	7ffc3ab91b10	2	0	1	1c18	7e432d0e8f80	5ba1b62dcc90	18a4	5ba1b62dea30
18.131079	9a6b7	5ba1b634fde0	7e432d1a1ba0	1cb72	dc	3d1de	7e432d1a1ba0	9926	7ffc3ab91b10	20	10	1	6e0	7e432d1a1ba0	5ba1b62dcc90	3c	5ba1b62dea30
18.143544	9b89c	5ba1b62f49c0	fffffffffffffa27	5ba1b9e75cc0	2b3e8	0	7ff	3259a	7ffc3ab91b20	1f2	0	2	1f3	7ffc3ab95fb0	7e432d7fd010	43	7ffc3ab91d00
18.156118	931fb	5ba1b7ed2f90	7ffc3ab95fb0	fffffffffffff22c	fffffffffffffb64	9c3	5cfb	4e	7ffc3ab8bdc0	0	5ba1b68f9c10	5ba1b68fa950	7e432de1ace0	5ba1b62f5360	e60	49c	7ffc3ab8bf18
18.162665	98791	c25fb3b6b4296c16	7ffc3ab8b7a8	88c4525c513cb8e8	6e4ac75609c90e9a	c22ade6f9edf335f	800000000000000	5ba1ba463170	7ffc3ab8b7a0	8	0	dafbcba98ee2897	8a4c827160ecd066	ffffffe0	ad0	ad5	5ba1b9a73720
18.168248	22a18859a896	5ba1b6ce4e70	5ba1b6ce50d0	41	31	5ba1b6ce4e70	5ba1b6ce4ee0	30	7ffc3ab915a0	5ba40cd53da5	5ba40cd53da5	40	7c	7e432de1ac98	7e432de1ac80	5ba1b6ce5100	5ba1b6ce5
18.175104	9a6cd	5ba1b6d36240	7e432d3a2d38	5ba40cc80e36	5ba1b6d36300	5ba1b626f010	7	1ef37	7ffc3ab91b10	5ba1b6d362a0	10	1	4114341e0c03521b	7e432d3a2d38	5ba1b62dcc90	3a	5ba1b62dea30
18.184493	9a6b7	5ba1b78737b0	7e432d199368	1ba6b	25c	3d1de	7e432d199368	9379	7ffc3ab91b10	2	0	1	12e0	7e432d199368	5ba1b62dcc90	3e	5ba1b62dea30
18.198415	9bc13	0	0	5ba1b7f7fa20	5ba1b633f4d0	5ba1b626f010	7	23ffa	7ffc3ab91b20	5ba1b633f510	0	1	4114341e0c03521b	3d1de	7e432d7fd010	3	7ffc3ab91c68
18.205334	92bf2	7e432bcfb010	7ffc3ab95fb0	3f24c0	8000000000000002	3d1de	7ffc3ab8b420	fc93	7ffc3ab8b400	0	5ba1b66d9370	5ba1b66d9810	7e432de1ace0	7e432c0ed4d0	8000000000000001	5ba1b66d9270	7ffc3ab8b558
18.212848	9a6bb	5ba1b62dcc90	7e432d537d08	8f79f	8000000000000002	3d1de	7e432d537d08	2fd35	7ffc3ab8f420	0	5ba1b64bfe40	5ba1b64bffb0	7e432de1ace0	7e432d537d08	8000000000000001	5ba1b64bfd40	7ffc3ab8f588
18.223948	92c8e	7e432d7fd010	7ffc3ab95fb0	0	8000000000000002	3d1de	7e432d4aa8b8	29f07	7ffc3ab8ece0	0	5ba1b69915d0	5ba1b6991ab0	7e432de1ace0	29f07	8000000000000001	5ba1b6991530	7ffc3ab8ee38
18.236979	9bc13	1	1	7e432d9fe010	5ba1b6b6d370	5ba1b626f010	7	6218	7ffc3ab91b20	5ba1b6b6d350	1	2	4114341e0c03521b	3d1de	7e432d7fd010	39	7ffc3ab91d00
18.242455	931f1	5ba1b7908b00	7ffc3ab95fb0	ffffffffffffedb5	fffffffffffff9e7	34442	ffdb	a	7ffc3ab8bb50	0	5ba1b64ad750	5ba1b64af130	7e432de1ace0	5ba1b62f53c0	ec0	619	7ffc3ab8bca8
18.252456	9bc13	1	1	7e432d9fe010	5ba1b65be8f0	5ba1b626f010	7	13673	7ffc3ab91b20	5ba1b65be8d0	e	1	4114341e0c03521b	3d1de	7e432d7fd010	12f1	7ffc3ab91d00
18.264952	93a3c	8000000000000002	7ffc3ab91d00	5ba1b65194a0	3e2d80	3d1de	7e432bcfb010	8	7ffc3ab914d0	ef	0	dafbcba9b5d7ca7	8a261e21a64e042e	8000000000000001	7ffc3ab95fb0	f8b6	a6
18.274803	9a6cd	5ba1b62dea30	7e432d4dfa48	84747	8000000000000002	3d1de	7e432d4dfa48	2c26d	7ffc3ab8c840	0	5ba1b8907b10	5ba1b8907e40	7e432de1ace0	7e432d4dfa48	8000000000000001	5ba1b62f9b30	7ffc3ab8c9a8
18.289028	9882d	8000000000000001	7ffc3ab897d8	8000000000000001	f1a840	7e432cc15850	7ffc3ab897d8	8000000000000000	7ffc3ab89760	18c	0	dafbcba9b6182bc	8a41db2d74547a10	8000000000000001	7ffc3ab95fb0	3c6a1	7e432cc15850
18.294749	93a3c	8000000000000002	7ffc3ab91d00	5ba1b65cfe30	3a2740	3d1de	7e432bcfb010	91	7ffc3ab8a580	1b8e	0	dafbcba9baf6d5c	8a241b9ade1b146e	8000000000000001	7ffc3ab95fb0	e89d	a8
18.301041	22a188699891	5ba1b683dc00	7ffc3ab8ce20	461	38	5ba1b79ded80	5ba1b683dc00	7	7ffc3ab8cdb8	0	5ba1b683dc00	5ba1b683e090	7e432de1ace0	7	5ba1b683dc00	5ba1b79ded50	5ba1b683dbd0
18.310867	9455a	f569c316d45aa4b5	34e6b	eb51448e1a8e5b8c	8	7ffc3ab8b230	7ffc3ab8b238	81	7ffc3ab8b220	0	0	1227488cfc2581d	1128628bd8d11c68	ab	7ffc3ab95fb0	34e6b	ab
18.321053	92bf2	7e432bcfb010	7ffc3ab95fb0	d369c0	8000000000000002	3d1de	7ffc3ab8f110	34da7	7ffc3ab8f0f0	0	5ba1b9d66040	5ba1b9d662c0	7e432de1ace0	7e432ca319d0	8000000000000001	5ba1b9d65fa0	7ffc3ab8f248
18.329173	9307c	5ba1b62f4500	7ffc3ab95fb0	9e3779b97f4a7c15	8000000000000002	3d1de	7e432d501c78	0	7ffc3ab8f1c0	0	5ba1ba528570	5ba1ba5287b0	7e432de1ace0	5ba1b62f4b60	660	5ba1ba5284d0	7ffc3ab8f318
18.342160	9b771	7e432c8c9350	1	8a642cd0ce5d14fa	7ffc3ab91b88	8000000000000001	7e432d9fe010	2f38d	7ffc3ab91b20	5ba1b6821610	0	1	4114341e0c03521b	7ffc3ab95fb0	7e432d7fd010	1729	7ffc3ab91d00
18.356369	93a3c	8000000000000002	7ffc3ab91d00	5ba1b9a73720	3e4880	3d1de	7e432bcfb010	33	7ffc3ab8f1e0	e300	0	dafbcba9dc37cbd	8a262f661aba0b81	8000000000000001	7ffc3ab95fb0	f922	ad
18.363630	9871d	734d274a42512466	7ffc3ab8aaa8	8224ba4a988217a3	dafbcba9c0f68a9	7ffc3ab8aaa0	800000000000000	5ba1b89c71b0	7ffc3ab8aaa0	8	0	dafbcba9c0f68a9	8a24ba4a988217a3	ffff8ff0	110	114	5ba1b78917d0
18.373086	92bb4	1e9be	7ffc3ab95fb0	5ba1b8e14490	5ba1b9d67fe0	3d1de	0	8000000000000001	7ffc3ab8fec0	0	5ba1b9d680e0	5ba1b9d68cb0	7e432de1ace0	34dda	8000000000000001	5ba1b9d680b0	7ffc3ab90018
18.383143	9bc13	0	0	7e432d9fe010	5ba1b63c0170	5ba1b626f010	7	770a	7ffc3ab91b20	5ba1b6d0af10	0	1	4114341e0c03521b	3d1de	7e432d7fd010	18d8	7ffc3ab91d00
18.393388	9baba	5ba1b62f4900	5ba1b6e05a90	5ba1b6e0f480	0	2bdc1	7ff	7453	7ffc3ab91b20	66a	0	1	66a	7ffc3ab95fb0	7e432d7fd010	3c	7ffc3ab91d00
18.401828	9b89c	5ba1b62f5900	ffffffffffffed1f	5ba1b9512c20	0	33d71	7ff	2c1fc	7ffc3ab91b20	64b	0	1	64b	7ffc3ab95fb0	7e432d7fd010	3d	7ffc3ab91d00
18.412425	9b89c	5ba1b62f4de0	fffffffffffff1b4	5ba1b8bfa110	0	360d8	7ff	114bd	7ffc3ab91b20	4c4	0	1	4c4	7ffc3ab95fb0	7e432d7fd010	42	7ffc3ab91d00
18.420876	9b89c	5ba1b62f4ec0	fffffffffffffb68	5ba1ba486830	0	2d72	7ff	33a11	7ffc3ab91b20	188	0	1	188	7ffc3ab95fb0	7e432d7fd010	14b6	7ffc3ab91d00
18.432540	22a18859cf07	210	7e432de1ac80	40	5ba1b6f1a640	5ba1b75a1d80	11f	7e432de1aee0	7ffc3ab916d0	0	0	5ba1b6f1a850	7e432de1ace0	ffffffffffffff88	440	5ba1b626f010	42
18.440085	9b744	7e432bcfb010	1	2a2140	5ba1ba529530	8000000000000001	7e432d9fe010	a885	7ffc3ab91b20	5ba1ba5294d0	1	1	4114341e0c03521b	7ffc3ab95fb0	7e432d7fd010	31	7ffc3ab91d00
18.448110	9bc13	1	1	7e432d9fe010	5ba1b6a61710	5ba1b626f010	7	8b25	7ffc3ab91b20	5ba1b6a616f0	1	2	4114341e0c03521b	3d1de	7e432d7fd010	19a1	7ffc3ab91d00
18.454183	9a6b7	5ba1b62dcc90	7e432d632b50	aed68	8000000000000002	3d1de	7e432d632b50	3a478	7ffc3ab8ec00	0	5ba1b666d040	5ba1b666d140	7e432de1ace0	7e432d632b50	8000000000000001	5ba1b666d010	7ffc3ab8ed68
18.461833	9a63e	0	7ffc3ab8b0e8	0	20	5ba1b65de680	0	4	7ffc3ab8b080	0	5ba1b65de720	5ba1b65defa0	7e432de1ace0	7ffffffffffffff8	7e432d12d4d0	5ba1b65de650	5ba1b65de720
18.471796	9bc13	1	1	7e432d9fe010	5ba1b688c710	5ba1b626f010	7	1a77d	7ffc3ab91b20	5ba1b688c6f0	0	1	4114341e0c03521b	3d1de	7e432d7fd010	1a6f	7ffc3ab91d00
18.485154	9278c	0	7ffc3ab95fb0	39aaf	33c	5ba1b89229b0	7ff	8000000000000001	7ffc3ab8e590	0	c7e36a1b8b4ea7f8	25	fffffffffffff280	b7	8000000000000001	1b1ac	7ffc3ab8e6e8
18.491793	9b89c	5ba1b62f4ba0	fffffffffffff8d7	5ba1b9b1c770	0	38031	7ff	37e2a	7ffc3ab91b20	263	0	1	263	7ffc3ab95fb0	7e432d7fd010	1738	7ffc3ab91d00
18.502778	931f1	5ba1ba649690	7ffc3ab95fb0	ffffffffffffe9ce	fffffffffffff89a	114a5	ff7f	6d	7ffc3ab889c0	0	5ba1b69301d0	5ba1b6930420	7e432de1ace0	5ba1b62f5b60	1660	766	7ffc3ab88b18
18.517815	9a6bb	5ba1b65f4ab0	7e432d543d08	90f9f	785	3d1de	7e432d543d08	30535	7ffc3ab91b10	1	0	1	3c28	7e432d543d08	5ba1b62dcc90	44	5ba1b62dea30
18.524472	9b89c	5ba1b62f5ac0	ffffffffffffefd4	5ba1ba4f59d0	0	32241	7ff	32243	7ffc3ab91b20	564	0	1	564	7ffc3ab95fb0	7e432d7fd010	1855	7ffc3ab91d00
18.531490	93a3c	8000000000000002	7ffc3ab91d00	5ba1b9a73720	68ad80	3d1de	7e432bcfb010	33	7ffc3ab8f1e0	15f	0	dafbcba82d22621	8a0d5d31efd2c585	8000000000000001	7ffc3ab95fb0	1a2b6	ba
18.546228	9278c	bebb	7ffc3ab95fb0	0	70f	5ba1b71aab00	7ff	8000000000000001	7ffc3ab881a0	0	9864a826ccb2260c	5c	8a6d3bcb46d8fed5	8000000000000001	8000000000000001	2a1bd	7ffc3ab882f8
18.551638	9a6bb	5ba1b684a4e0	7e432d133308	ee5f	3b6	3d1de	7e432d133308	4f75	7ffc3ab91b10	2	0	1	1db0	7e432d133308	5ba1b62dcc90	1ab9	5ba1b62dea30
18.560612	9b89c	5ba1b62f4940	fffffffffffff84a	5ba1b9bd0c50	1a8fa	0	7ff	1abd2	7ffc3ab91b20	291	0	2	292	7ffc3ab95fb0	7e432d7fd010	193e	7ffc3ab91d00
18.568468	9bc13	0	0	7e432d9fe010	5ba1b893ab00	5ba1b626f010	7	13267	7ffc3ab91b20	5ba1b893aaa0	3	8	4114341e0c03521b	3d1de	7e432d7fd010	194a	7ffc3ab91d00
18.583328	9882d	8000000000000001	7ffc3ab8e918	8000000000000001	673b00	7e432c36eb10	7ffc3ab8e918	8000000000000000	7ffc3ab8e8a0	c006	0	dafbcba9d0a5863	8a0a9661e0a527e7	8000000000000001	7ffc3ab95fb0	19cec	7e432c36eb10
18.592621	9b89c	5ba1b62f5ce0	fffffffffffff1f9	5ba1ba5021f0	76df	0	7ff	12d60	7ffc3ab91b20	4ad	0	1	4ad	7ffc3ab95fb0	7e432d7fd010	1769	7ffc3ab91d00
18.605690	93a3c	8000000000000002	7ffc3ab91d00	5ba1b9a73720	15fac0	3d1de	7e432bcfb010	99	7ffc3ab89f00	ee0e	0	dafbcba9d22117c	8a33f6bc16e1ccb1	8000000000000001	7ffc3ab95fb0	57eb	c0
18.620272	9b744	7e432bcfb010	1	2c0280	5ba1b6340de0	8000000000000001	7e432d9fe010	b00a	7ffc3ab91b20	5ba1b6340d80	10	1	4114341e0c03521b	7ffc3ab95fb0	7e432d7fd010	19dd	7ffc3ab91d00
18.629542	9b86f	5ba1b62f5980	94d049bb133111eb	5ba1b9d64e60	0	381fc	7ff	15ba	7ffc3ab91b20	17e	0	45	9e3779b97f4a7c15	7ffc3ab95fb0	7e432d7fd010	3b	7ffc3ab91d00
18.639875	22a18859a709	5ba1b6370310	5ba1b6a01520	91	5ba1b6a01720	5ba1b6370310	5ba1b6a01650	1c0	7ffc3ab914d0	5ba40cbb7ce1	5ba1b6a016e0	90	7c	7e432de1aca0	7e432de1ac80	5ba1b6a016e0	5ba1b6a01
18.651405	98547	16c5	7ffc3ab91d00	5ba1b9a73720	1fff	5ba1b9a73710	0	9a	7ffc3ab89e40	0	0	dafbcba9d8dbb47	8a1ec710121d4906	c5	7ffc3ab95fb0	13e66	c5
18.666529	9a6cd	5ba1b64b7c10	7e432d44ca00	5ba40c501867	5ba1b64b7cd0	5ba1b626f010	7	2606a	7ffc3ab91b10	5ba1b64b7c70	0	1	4114341e0c03521b	7e432d44ca00	5ba1b62dcc90	36	5ba1b62dea30
18.673643	22a18859b66d	31	ffffffffffffff50	8	0	5ba1b68bccb0	7e432de1ac80	0	7ffc3ab91aa8	1	0	1	1aa0	7e432d17e9b0	0	15d8	5ba1b62dea30
18.683145	9b89c	5ba1b62f4c00	ffffffffffffefbc	5ba1b8967870	2f27b	0	7ff	1dd5c	7ffc3ab91b20	56b	0	2	56c	7ffc3ab95fb0	7e432d7fd010	1922	7ffc3ab91d00
18.692107	9b89c	5ba1b62f45a0	ffffffffffffeefc	5ba1b7decac0	2140	e8e8	7ff	30348	7ffc3ab91b20	5ac	0	1	5ac	7ffc3ab95fb0	7e432d7fd010	18da	7ffc3ab91d00
18.698467	93a3c	8000000000000002	7ffc3ab91d00	5ba1b77cc760	79a00	3d1de	7e432bcfb010	bc	7ffc3ab88290	1fde	0	dafbcba9da4db63	8a3ac60031e6a90d	8000000000000001	7ffc3ab95fb0	1e68	c7
18.711685	9b89c	5ba1b62f5860	ffffffffffffebd5	5ba1b7129ed0	605d	0	7ff	2c930	7ffc3ab91b20	6b8	0	2	6b9	7ffc3ab95fb0	7e432d7fd010	41	7ffc3ab91d00
18.719310	927ee	0	7ffc3ab95fb0	19bff	31d	5ba1b9b5e790	7ff	8000000000000001	7ffc3ab8f770	30	0	62	ffffffffffff5830	c8	8000000000000001	2ba56	7ffc3ab8f8c8
18.726421	9a6b7	5ba1b62dcc90	7e432d3a41d8	5d039	8000000000000002	3d1de	7e432d3a41d8	1f013	7ffc3ab8ab00	0	5ba1b69116a0	5ba1b6911860	7e432de1ace0	7e432d3a41d8	8000000000000001	5ba1b6911600	7ffc3ab8ac68
18.733143	9b89c	5ba1b62f5160	ffffffffffffeef9	5ba1b8badee0	0	4fce	7ff	2113	7ffc3ab91b20	5ad	0	1	5ad	7ffc3ab95fb0	7e432d7fd010	36	7ffc3ab91d00
18.738496	98677	708	7ffc3ab91d00	5ba1b77cc640	7ff	5ba1b77cc630	0	af	7ffc3ab88d30	1	ffffffffffff8f80	7080	5ba1b77c55b0	cb	0	0	cb
18.746058	9278c	28439	7ffc3ab95fb0	0	558	5ba1ba526ba0	7ff	8000000000000001	7ffc3ab880d0	0	26b10dd889c8f33c	43	5ba1ba45f930	ca	8000000000000001	27b7b	7ffc3ab88228
18.753353	9bc13	0	0	7e432d9fe010	5ba1b70c24b0	5ba1b626f010	7	2f765	7ffc3ab91b20	5ba1b70c2450	1	1	4114341e0c03521b	3d1de	7e432d7fd010	43	7ffc3ab91d00
18.761374	9b840	5ba1b62f5ca0	94d049bb133111eb	ebaada09cb1247da	1f102	0	17a0	262e9	7ffc3ab91b20	13a5057f7	5ba1b62f4500	9d282bfbb0f16561	9e3779b97f4a7c15	7ffc3ab95fb0	7e432d7fd010	1a5f	7ffc3ab91d00
18.770096	9bc13	0	0	7e432d9fe010	5ba1b66f4a90	5ba1b626f010	7	355e9	7ffc3ab91b20	5ba1b66f4a30	1	2	4114341e0c03521b	3d1de	7e432d7fd010	42	7ffc3ab91d00
18.778494	9b89c	5ba1b62f5700	fffffffffffff9f7	5ba1b7e8c380	2b21b	0	7ff	31146	7ffc3ab91b20	203	0	1	203	7ffc3ab95fb0	7e432d7fd010	3c	7ffc3ab91d00
18.792039	927b6	0	7ffc3ab95fb0	3b9a3	3b8	5ba1b8bed8f0	7ff	8000000000000001	7ffc3ab8e250	10	20	fffffffffffff4c9	ffffffffffff8740	cf	8000000000000001	b79f	7ffc3ab8e3a8
18.802516	9a557	5ba1b71b59f0	7ffc3ab95fb0	7e432d0bc010	0	3d1de	7ffc3ab8bd18	8000000000000001	7ffc3ab8bcd0	20	3e	0	ffffffffffff8c80	7e432d0bc010	7e432d4e81d8	2f02f	7ffc3ab8be48
18.814718	9b89c	5ba1b62f4c80	fffffffffffffb02	5ba1b88f0070	5fc2	0	7ff	5be8	7ffc3ab91b20	1aa	0	1	1aa	7ffc3ab95fb0	7e432d7fd010	3f	7ffc3ab91d00
18.821630	9a6bb	5ba1b62dcc90	7e432d227100	2d61e	8000000000000002	3d1de	7e432d227100	f20a	7ffc3ab8c840	0	5ba1b7925fc0	5ba1b7926210	7e432de1ace0	7e432d227100	8000000000000001	5ba1b7925f90	7ffc3ab8c9a8
18.828632	92bf2	7e432bcfb010	7ffc3ab95fb0	3d8200	8000000000000002	3d1de	7ffc3ab87b40	f608	7ffc3ab87b20	0	5ba1b64ad050	5ba1b64ad530	7e432de1ace0	7e432c0d3210	8000000000000001	5ba1b64ad020	7ffc3ab87c78
18.839212	93a3c	8000000000000002	7ffc3ab91d00	5ba1b9a73720	1a3280	3d1de	7e432bcfb010	4e	7ffc3ab8dbf0	dba7	0	dafbcba9e5eed9b	8a341313e4e09bba	8000000000000001	7ffc3ab95fb0	68ca	d1
18.848328	9baba	5ba1b62f51c0	5ba1b9c2abe8	5ba1b9c35370	38a9b	0	7ff	2912e	7ffc3ab91b20	6fa	0	2	6fb	7ffc3ab95fb0	7e432d7fd010	39	7ffc3ab91d00
18.854966	9b744	7e432bcfb010	1	972540	5ba1b756f850	8000000000000001	7e432d9fe010	25c95	7ffc3ab91b20	5ba1b756f830	10	1	4114341e0c03521b	7ffc3ab95fb0	7e432d7fd010	1761	7ffc3ab91d00
18.860440	989f4	5ba1b748b500	7ffc3ab95fb0	ffffffffffffebd2	fffffffffffff946	0	7ffc3ab88978	7a	7ffc3ab88810	0	fffffffffffff946	5ba1b70dfc80	7e432de1ace0	65cf	16a0	6ba	7ffc3ab88978
18.875071	9bc13	1	1	7e432d9fe010	5ba1b710ec30	5ba1b626f010	7	92f1	7ffc3ab91b20	5ba1b710ec10	10	1	4114341e0c03521b	3d1de	7e432d7fd010	1d05	7ffc3ab91d00
18.884873	9a56f	2	7ffc3ab879a0	5ba1b74fd130	0	3d1de	7ffc3ab879a0	8000000000000001	7ffc3ab87940	0	cfff	25	5ba1b9a65360	7e432d1db338	7e432d0bc010	377cb	7ffc3ab87ad8
18.891080	94575	734d25fec10a4639	36afc	b872820892b8981c	8	7ffc3ab8b160	7ffc3ab8b168	82	7ffc3ab8b150	0	0	bbf8daee9f590611	9ef27fc8cba08323	d4	7ffc3ab95fb0	36afc	d4
18.897198	22a18859b66c	41	ffffffffffffff50	8	0	5ba1b9d68ab0	7e432de1ac80	0	7ffc3ab91aa0	1	0	1	3880	7e432d4c8bb8	0	1b97	5ba1b62dea30
18.909968	9b89c	5ba1b62f4d00	ffffffffffffea40	5ba1b9f0a0c0	3fc0	0	7ff	1a019	7ffc3ab91b20	740	0	1	740	7ffc3ab95fb0	7e432d7fd010	38	7ffc3ab91d00
18.920168	9b752	7e432bcfb010	1	26a580	8000000000000002	8000000000000001	7e432d9fe010	9a96	7ffc3ab91b20	5ba1b6804480	10	1	4114341e0c03521b	7ffc3ab95fb0	7e432d7fd010	46	7ffc3ab91d00
18.931076	9b89c	5ba1b62f5ec0	ffffffffffffeb60	5ba1b6ee4510	1bb5	0	7ff	292a0	7ffc3ab91b20	6e0	0	1	6e0	7ffc3ab95fb0	7e432d7fd010	42	7ffc3ab91d00
18.937896	9a6bb	5ba1b62dcc90	7e432d0f14a0	6a92	8000000000000002	3d1de	7e432d0f14a0	2386	7ffc3ab8d880	0	5ba1b7f5be70	5ba1b7f5c5f0	7e432de1ace0	7e432d0f14a0	8000000000000001	5ba1b7f5be40	7ffc3ab8d9e8
18.948713	9baba	5ba1b62f5c00	5ba1b9dcce10	5ba1b9dcd710	0	dcd6	7ff	2acc7	7ffc3ab91b20	60	0	1	60	7ffc3ab95fb0	7e432d7fd010	1829	7ffc3ab91d00
18.954620	98776	a661de17e3efdf8	7ffc3ab87d68	80aa17d51135e933	c33f24350abc006b	b8a4820be153ba78	800000000000000	c2	7ffc3ab87d60	8	0	dafbcba9f0d3172	8a6ffbaddc672fd8	d8	7ffc3ab95fb0	2b7b7	d8
18.967582	9b744	7e432bcfb010	1	aec8c0	5ba1b67bb730	8000000000000001	7e432d9fe010	2bb23	7ffc3ab91b20	5ba1b67bb6d0	1	4	4114341e0c03521b	7ffc3ab95fb0	7e432d7fd010	1cf6	7ffc3ab91d00
18.980932	9b86f	5ba1b62f51c0	94d049bb133111eb	5ba1b9c35370	0	3c810	7ff	13aeb	7ffc3ab91b20	14c	0	3	9e3779b97f4a7c15	7ffc3ab95fb0	7e432d7fd010	39	7ffc3ab91d00
18.992109	9b89c	5ba1b62f5420	fffffffffffffa63	5ba1b7ef4a10	0	29245	7ff	ccb3	7ffc3ab91b20	1df	0	1	1df	7ffc3ab95fb0	7e432d7fd010	1d25	7ffc3ab91d00
19.003231	9a68d	5ba1b787d380	7ffc3ab8f450	a71	38	5ba1b787d310	5ba1b787d380	7	7ffc3ab8f3f0	0	5ba1b787d380	5ba1b787de20	7e432de1ace0	7	5ba1b787d380	5ba1b787d2e0	5ba1b787d350
19.008602	9a6cd	5ba1b62dea30	7e432d453888	72f0f	8000000000000002	3d1de	7e432d453888	26505	7ffc3ab86c70	0	5ba1b63bf180	5ba1b63bf360	7e432de1ace0	7e432d453888	8000000000000001	5ba1b63bf150	7ffc3ab86dd8
19.015830	9b89c	5ba1b62f5500	ffffffffffffefe6	5ba1b9602c80	0	3b192	7ff	3052d	7ffc3ab91b20	55e	0	1	55e	7ffc3ab95fb0	7e432d7fd010	1bf7	7ffc3ab91d00
19.029851	22a18859b6fb	ffffffffffffff88	30	1	0	5ba1b626f010	7	5ba1b662e3f0	7ffc3ab91a70	5ba1b662e400	1	1	4114341e0c03521b	7e432de1ac80	0	38	5ba1b62dea30
19.039289	22a18859b6ff	ffffffffffffff88	30	1	7	5ba1b626f010	7	5ba1b637c150	7ffc3ab91a70	5ba1b637c160	0	1	4114341e0c03521b	7e432de1ac80	0	1f4e	5ba1b62dea30
19.053437	9a6b7	5ba1b6461a90	7e432d109a70	9b4c	10b	3d1de	7e432d109a70	33c4	7ffc3ab91b10	11	1	1	858	7e432d109a70	5ba1b62dcc90	38	5ba1b62dea30
19.060751	9a6b7	5ba1b62dcc90	7e432d2c1888	40b0f	8000000000000002	3d1de	7e432d2c1888	15905	7ffc3ab8da20	0	5ba1b6346710	5ba1b6346fa0	7e432de1ace0	7e432d2c1888	8000000000000001	5ba1b63466e0	7ffc3ab8db88
19.074038	9a69d	5ba1b8bc7540	7ffc3ab870b0	1301	38	5ba1b8bc74a0	5ba1b8bc7570	7	7ffc3ab87050	0	5ba1b8bc7570	5ba1b8bc88a0	7e432de1ace0	7	5ba1b8bc7570	5ba1b8bc7470	5ba1b8bc7540
19.085369	94568	f569c316d45aa6c0	3a641	fc79a719f3604df9	8	7ffc3ab8f150	7ffc3ab8f158	34	7ffc3ab8f140	0	0	bbf8daee9f5906e4	628bd8d1f4421128	e1	118aa	3a641	7ffc3ab91d00
19.099375	98fa8	5ba1ba4626a0	8fe	ffff0000	ffffffffffffa6a0	585	1fff	5ba1ba462c30	7ffc3ab89440	8	0	dafbcba9f7d795b	8a668c128eae07b9	ffff0000	590	ffffffffffffa600	5ba1b9a73720
19.111388	987d6	ffc8de300d6563d6	7ffc3ab88e38	ff75afd999ae4c53	22bfe05f31beeff8	3eac0fb92936a04e	800000000000000	ae	7ffc3ab88e30	8	0	dafbcba9f7d4085	8a2990d72c283a80	e1	2f005	84d0	7ffc3ab91d00
19.122425	93a3c	8000000000000002	7ffc3ab91d00	5ba1b89c70a0	9c67c0	3d1de	7e432bcfb010	38	7ffc3ab8edd0	7	0	dafbcba9fa4f458	8a773e3a473ff151	8000000000000001	7ffc3ab95fb0	2719f	e3
19.129067	9bc13	0	0	7e432d9fe010	5ba1b74e83f0	5ba1b626f010	7	fd78	7ffc3ab91b20	5ba1b74e8390	0	1	4114341e0c03521b	3d1de	7e432d7fd010	174c	7ffc3ab91d00
19.134826	92b07	5ba1b76316d0	7ffc3ab95fb0	381	1	73	5ba1b76316d0	8000000000000001	7ffc3ab8bdc0	0	5ba1b76316f0	5ba1b7631aa0	7e432de1ace0	7e432d663528	7e432d0bc010	34c48	7ffc3ab8bf18
19.143453	9b2e7	0	5ba1b721b880	5ba40d3acacb	5ba1b721b8d0	5ba1b626f010	7	d297	7ffc3ab91b10	5ba1b721b8b0	1	1	4114341e0c03521b	7e432d1f7e38	5ba1b62dcc90	41	5ba1b62dea30
19.150382	92bf2	7e432bcfb010	7ffc3ab95fb0	de4740	8000000000000002	3d1de	7ffc3ab863b0	3791d	7ffc3ab86390	0	5ba1b638d910	5ba1b638e910	7e432de1ace0	7e432cadf750	8000000000000001	5ba1b89891c0	7ffc3ab864e8
19.158999	9278c	6546	7ffc3ab95fb0	0	7d2	5ba1b9e83d40	7ff	8000000000000001	7ffc3ab8c2a0	0	f4e5a7f6b914612d	1d	5ba1ba460fd0	e5	8000000000000001	959b	7ffc3ab8c3f8
19.166021	9b744	7e432bcfb010	1	ec7cc0	5ba1b697c590	8000000000000001	7e432d9fe010	3b1f3	7ffc3ab91b20	5ba1b697c530	10	1	4114341e0c03521b	7ffc3ab95fb0	7e432d7fd010	3b	7ffc3ab91d00
19.180137	987ef	628c5aec7d551853	7ffc3ab91d00	913198d81f27159e	8a5857551b9798ac	3cc82f68452dba09	800000000000000	4	7ffc3ab91818	8	0	dafbcba91d6ec5c	8a343fcea58d95bb	e5	7ffc3ab95fb0	6997	e5
19.193070	99010	e699058519d360ee	628	ee	ee	e36d35211a86a539	fff	5ba1b78918b0	7ffc3ab902c0	8	0	dafbcba91c196a9	8a036b3db1cf4f86	ffffc000	e0	ee	5ba1ba4626a0
19.199727	9b76c	7e432c3cf550	1	8a011de16efc7aac	8000000000000002	8000000000000001	7e432d9fe010	1b515	7ffc3ab91b20	5ba1b6462cb0	10	1	4114341e0c03521b	7ffc3ab95fb0	7e432d7fd010	1a72	7ffc3ab91d00
19.206181	928f7	486f	7ffc3ab95fb0	0	225	5ba1b7f8cc40	486f	8000000000000001	7ffc3ab891e0	40	bfdf	6f	5ba1b9a5de70	e6	8000000000000001	7e8f	7ffc3ab89338
19.220773	92bf2	7e432bcfb010	7ffc3ab95fb0	9f2b00	8000000000000002	3d1de	7ffc3ab8c460	27cac	7ffc3ab8c440	0	5ba1b645dd50	5ba1b645ef30	7e432de1ace0	7e432c6edb10	8000000000000001	5ba1b645dd20	7ffc3ab8c598
19.226439	9bc13	0	0	7e432d9fe010	5ba1b6cbceb0	5ba1b626f010	7	15738	7ffc3ab91b20	5ba1b6cbce50	10	1	4114341e0c03521b	3d1de	7e432d7fd010	3e	7ffc3ab91d00
19.241067	9875b	48b62f194a659c6d	7ffc3ab902a8	c74f020e8566abed	93bf32bea75f697a	318787ad8c5e4e2d	800000000000000	1e	7ffc3ab902a0	8	0	dafbcba902cc663	8a390d4ebadeba39	e8	7ffc3ab95fb0	0	e8
19.251873	945f3	0	2a800	1	0	7ffc3ab89a60	7ffc3ab89a68	5ba1b9a749b0	7ffc3ab89a50	8	0	dafbcba902f2e65	8a6c0ab1d2f5d238	ffffda64	1290	1292	5ba1b8ac0690
19.266933	9b720	7e432d7fd010	1	9d2cc0	8000000000000002	3d1de	7e432d9fe010	36e7	7ffc3ab91b20	5ba1b70dc260	0	1	4114341e0c03521b	7ffc3ab95fb0	7e432d7fd010	1e3b	7ffc3ab91d00
19.275720	9b89c	5ba1b62f47e0	fffffffffffff9f7	5ba1b855a420	18b5	0	7ff	36a7c	7ffc3ab91b20	203	0	1	203	7ffc3ab95fb0	7e432d7fd010	1831	7ffc3ab91d00
19.282407	93a3c	8000000000000002	7ffc3ab91d00	5ba1b89c70a0	bbda40	3d1de	7e432bcfb010	b6	7ffc3ab88770	bebd	0	dafbcba903d6af8	8a64e7911e6d104a	8000000000000001	7ffc3ab95fb0	2ef69	eb
19.289708	9b89c	5ba1b62f5140	ffffffffffffedc7	5ba1ba4b0090	de6e	0	7ff	39fac	7ffc3ab91b20	611	0	4	613	7ffc3ab95fb0	7e432d7fd010	42	7ffc3ab91d00
19.301208	9a6b7	5ba1b6f6d490	7e432d1e7068	2560b	40c	3d1de	7e432d1e7068	c759	7ffc3ab91b10	20	10	2	2060	7e432d1e7068	5ba1b62dcc90	4a	5ba1b62dea30
19.312947	9a68d	5ba1b6e7ff20	7ffc3ab915a8	161	20	5ba1b6e7fec0	5ba1b6e7ff20	4	7ffc3ab91540	0	5ba1b6e7ff20	5ba1b6e800a0	7e432de1ace0	4	5ba1b6e7ff20	5ba1b6e7fe90	5ba1b6e7fef0
19.322991	9b89c	5ba1b62f5d00	ffffffffffffe911	5ba1ba655eb0	30253	0	7ff	35a61	7ffc3ab91b20	7a5	0	1	7a5	7ffc3ab95fb0	7e432d7fd010	3c	7ffc3ab91d00
19.338037	9882d	8000000000000001	7ffc3ab8d258	8000000000000001	2f2140	7e432bfed150	7ffc3ab8d258	8000000000000000	7ffc3ab8d1e0	81	0	dafbcba908d3a26	8a2e9de0a1c2fee5	8000000000000001	7ffc3ab95fb0	bc85	7e432bfed150
19.347904	9bb5b	5ba1b62f6140	5ba1b7d5a501	5ba1b7d65f90	7bf	7af	1eff	375e1	7ffc3ab91b20	5	3	1	3df8	7ffc3ab95fb0	5ba1b62dcc90	46	5ba1b62dea30
19.354005	92acd	5ba1b64e0530	7ffc3ab95fb0	7e432d0bc010	1c2ed	3d1de	964f	8000000000000001	7ffc3ab885b0	10	8000	4	5ba1b8a91920	7e432d19d778	7e432d0bc010	2d2cb	5ba1b64e0590
19.366495	9882d	8000000000000001	7ffc3ab8bfa8	8000000000000001	f00c80	7e432cbfbc90	7ffc3ab8bfa8	8000000000000000	7ffc3ab8bf30	1e3e	0	dafbcba909186bd	8a410d2574cb7a69	8000000000000001	7ffc3ab95fb0	3c032	7e432cbfbc90
19.373335	9b76c	7e432c9f2550	1	8a0cd4594087d30d	8000000000000002	8000000000000001	7e432d9fe010	33dd5	7ffc3ab91b20	5ba1b63afd00	5	2	4114341e0c03521b	7ffc3ab95fb0	7e432d7fd010	3f	7ffc3ab91d00
19.382066	98713	0	7ffc3ab8dad8	1	dafbcba909cc6d3	7ffc3ab8dad0	800000000000000	4f	7ffc3ab8dad0	8	0	dafbcba909cc6d3	8a390d76b1deba01	f0	7ffc3ab95fb0	0	f0
19.388315	22a18859a70f	5ba1b65cbf10	5ba1b6b470e0	31	5ba1b6f35fb0	5ba1b65cbf10	5ba1b6b470e0	70	7ffc3ab91410	5ba40ce834a7	5ba1b6f35fe0	30	7c	7e432de1aca0	7e432de1ac80	5ba1b6b47150	5ba1b6b47
19.395493	9904f	5ba1b9a73720	1841	ffffffe0	fffffffffffdbcb0	2424	3fff	5ba1b9a73b50	7ffc3ab87ff0	8	0	dafbcba90bb813b	8a01ba33c61379b7	fffffff0	430	ffffffffffffbcb0	5ba1b8ac0340
19.403990	93a3c	8000000000000002	7ffc3ab91d00	5ba1b9a73720	9cba40	3d1de	7e432bcfb010	e8	7ffc3ab85ed0	1800	0	dafbcba90c4f7c6	8a77566a33cdeca3	8000000000000001	7ffc3ab95fb0	272e9	f3
19.414934	93a3c	8000000000000002	7ffc3ab91d00	5ba1b9a73720	e98ac0	3d1de	7e432bcfb010	64	7ffc3ab8ca10	4b	0	1e200	5ba1b9a55510	8000000000000001	7ffc3ab95fb0	3a62b	f2
19.424622	22a18859a87f	5ba1ba4bc600	5ba1b64d85f0	7e432de1ac98	31	5ba1ba4bc600	5ba1ba4bc670	31	7ffc3ab91720	5ba40c56e2f8	5ba1b64d85f0	40	7c	7e432de1ac98	7e432de1ac80	5ba1ba4bc7e0	5ba1ba4bc
19.436693	9b89c	5ba1b62f45a0	fffffffffffffd42	5ba1b7decac0	266af	1d453	7ff	36d96	7ffc3ab91b20	ea	0	1	ea	7ffc3ab95fb0	7e432d7fd010	38	7ffc3ab91d00
19.450512	93a3c	8000000000000002	7ffc3ab91d00	5ba1b9a73720	3c4240	3d1de	7e432bcfb010	9c	7ffc3ab89c90	d205	0	dafbcba96d973d6	8a272c835e070dbb	8000000000000001	7ffc3ab95fb0	f109	f4
19.456665	9b744	7e432bcfb010	1	48b0c0	5ba1b65f44b0	8000000000000001	7e432d9fe010	122c3	7ffc3ab91b20	5ba1b65f4450	10	2	4114341e0c03521b	7ffc3ab95fb0	7e432d7fd010	227c	7ffc3ab91d00
19.464538	931f1	5ba1b7371160	7ffc3ab95fb0	ffffffffffffeca4	fffffffffffff98c	8eb4	d7df	d	7ffc3ab86c80	0	5ba1b6d558c0	5ba1b6d559c0	7e432de1ace0	5ba1b62f5fe0	1ae0	674	7ffc3ab86dd8
19.475474	22a18859a862	5ba1b72e4660	5ba1b9b78150	30	31	5ba1b72e4660	5ba1b72e4790	c0	7ffc3ab912a0	5ba403acf3b4	5ba1b9b78150	30	7c	7e432de1ac98	7e432de1ac80	5ba1b72e4850	5ba1b72e4
19.485488	9a6b7	5ba1b757a3b0	7e432d5dc5d0	a40b8	5da	3d1de	7e432d5dc5d0	36ae8	7ffc3ab91b10	14	4	2	2ed0	7e432d5dc5d0	5ba1b62dcc90	3b	5ba1b62dea30
19.497706	9bc13	0	0	7e432d9fe010	5ba1b662b020	5ba1b626f010	7	27eef	7ffc3ab91b20	5ba1b662afc0	1	1	4114341e0c03521b	3d1de	7e432d7fd010	3a	7ffc3ab91d00
19.504507	22a18859ce45	30	7e432de1ac80	18	7e432de1ad10	7e432de1ad00	5b	28	7ffc3ab8f550	0	bef6	10	7e432de1ace0	ffffffffffffff88	30	3	1
19.513978	9278c	0	7ffc3ab95fb0	1c2ba	596	5ba1b95e2870	7ff	8000000000000001	7ffc3ab8aa40	0	d96837312cbdecd	5b	fffffffffffe43c0	f9	8000000000000001	2695d	7ffc3ab8ab98
19.521794	22a18859b666	31	ffffffffffffff50	8	0	5ba1ba594b70	7e432de1ac80	0	7ffc3ab91ac0	5	2	1	1ff0	7e432d1171e0	5ba1b62dcc90	3a	5ba1b62dea30
19.533324	9b89c	5ba1b62f4860	fffffffffffff565	5ba1b9eb7ce0	3b0c7	0	7ff	25de8	7ffc3ab91b20	389	0	1	389	7ffc3ab95fb0	7e432d7fd010	1c41	7ffc3ab91d00
19.540157	92bf2	7e432bcfb010	7ffc3ab95fb0	77b180	8000000000000002	3d1de	7ffc3ab8e680	1dec6	7ffc3ab8e660	0	5ba1b69d2770	5ba1b69d2d30	7e432de1ace0	7e432c476190	8000000000000001	5ba1b69d2610	7ffc3ab8e7b8
19.549460	22a18859ce2f	40	7e432de1ac80	20	7e432de1ad20	7e432de1ad10	5b	38	7ffc3ab8da90	0	5ba1b94d5530	5ba1b94d58b0	7e432de1ace0	ffffffffffffff88	40	4	2
19.556736	9bc13	1	1	7e432d9fe010	5ba1b6977d40	5ba1b626f010	7	30b71	7ffc3ab91b20	5ba1b6977d20	1	2	4114341e0c03521b	3d1de	7e432d7fd010	1cb5	7ffc3ab91d00
19.563705	931c7	5ba1ba451e80	7ffc3ab95fb0	7ff	78e	0	f000	6a	7ffc3ab8d550	0	5ba1b65e63e0	5ba1b65e6730	7e432de1ace0	5ba1b62f4fc0	ac0	14e	7ffc3ab8d6a8
19.577588	98ffe	2f38c94d4e2a47a0	54	a0	ffff	a1f8cad0c14915fb	ff	5ba1b6fe82b0	7ffc3ab8a960	8	0	dafbcba915e23a2	8a0d3b689f73d810	ffffffff	20	20	5ba1b7877ce0
19.588882	92bf2	7e432bcfb010	7ffc3ab95fb0	e64300	8000000000000002	3d1de	7ffc3ab8db20	3990c	7ffc3ab8db00	0	5ba1b70a9e00	5ba1b70aa1d0	7e432de1ace0	7e432cb5f310	8000000000000001	5ba1b70a9dd0	7ffc3ab8dc58
19.601182	93a3c	8000000000000002	7ffc3ab91d00	5ba1ba4626a0	a8ce00	3d1de	7e432bcfb010	1e	7ffc3ab902f0	2fc0	0	dafbcba918b2679	8a6d6d0d2f3dff92	8000000000000001	7ffc3ab95fb0	2a338	fc
19.616391	93a3c	8000000000000002	7ffc3ab91d00	5ba1ba4626a0	6e0b80	3d1de	7e432bcfb010	18	7ffc3ab907d0	8016	0	e180	5ba1ba454510	8000000000000001	7ffc3ab95fb0	1b82e	fd
19.622115	9b89c	5ba1b62f4ea0	fffffffffffffa5d	5ba1b8b7ccc0	0	1f6c0	7ff	1ac20	7ffc3ab91b20	1dc	0	20	1e1	7ffc3ab95fb0	7e432d7fd010	1a1f	7ffc3ab91d00
19.637294	9b89c	5ba1b62f4ce0	fffffffffffff3c1	5ba1b88e3850	19a51	0	7ff	19a52	7ffc3ab91b20	415	0	1	415	7ffc3ab95fb0	7e432d7fd010	134d	7ffc3ab91d00
19.642810	9a6b7	5ba1b6510b30	7e432d230be0	2e97a	278	3d1de	7e432d230be0	f87e	7ffc3ab91b10	1	0	1	13c0	7e432d230be0	5ba1b62dcc90	e60	5ba1b62dea30
19.650715	9278c	2f6b9	7ffc3ab95fb0	0	400	5ba1b6dc72f0	7ff	8000000000000001	7ffc3ab897e0	0	c3b8dc1fa21925ef	47	0	7ffc3ab95fb0	8000000000000001	0	7ffc3ab89938
19.663695	9a6cd	5ba1b725fe60	7e432d1a0e20	5ba40c354812	5ba1b62e2af0	5ba1b626f010	7	9896	7ffc3ab91b10	5ba1b62e2a90	0	1	4114341e0c03521b	7e432d1a0e20	5ba1b62dcc90	3	5ba1b62dea30
19.670443	93ce1	c001	9317	38	3ff	1453857bbab37644	0	0	7ffc3ab90a50	8	0	5ba1b6ced9d0	0	188	7ffc3ab919c0	7ffc3ab90ae0	7ffc3ab918b0
19.681579	22a18859b786	4	4	5ba40c5e82fe	5ba1b645e6a0	5ba1b626f010	7	5ba1b645e5d0	7ffc3ab91a60	5ba1b645e5e0	10	2	4114341e0c03521b	7e432de1ac80	0	5ba1b645e610	5ba1b62dea30
19.688977	93a3c	8000000000000002	7ffc3ab95fb0	3f	d6db80	3d1de	7e432bcfb010	8000000000000001	7ffc3ab87790	7ffc3ab919c0	5c	8a54ae42b15927e2	5bb198e6a6befdf	81	7ffc3ab919c0	35b6e	5c
19.701141	9b744	7e432bcfb010	1	13c880	5ba1b7750910	8000000000000001	7e432d9fe010	4f22	7ffc3ab91b20	5ba1b77508f0	10	4	4114341e0c03521b	7ffc3ab95fb0	7e432d7fd010	31ed	7ffc3ab91d00
19.715068	22a18859d560	8421	7e432de1ac80	76	5ba1b70a07f0	5ba1b74ed8d0	0	5ba1b6aa6180	7ffc3ab91220	0	0	8b91	7e432de1ace0	ffffffffffffff88	30	5ba1b626f010	1
19.728879	92bf2	7e432bcfb010	7ffc3ab95fb0	78d240	8000000000000002	3d1de	7ffc3ab912b0	1e349	7ffc3ab91290	0	5ba1b64b7380	5ba1b64b7420	7e432de1ace0	7e432c488250	8000000000000001	5ba1b6538560	7ffc3ab913a8
19.740631	92bf2	7e432bcfb010	7ffc3ab95fb0	9b5700	8000000000000002	3d1de	7ffc3ab8fca0	26d5c	7ffc3ab8fc80	0	5ba1b77eb940	5ba1b77ec4f0	7e432de1ace0	7e432c6b0710	8000000000000001	5ba1b77eb910	7ffc3ab8fdd8
19.752070	9a6b7	5ba1b62dcc90	7e432d455b68	7336b	8000000000000002	3d1de	7e432d455b68	26679	7ffc3ab90990	0	5ba1b6c8aad0	5ba1b6c8ac50	7e432de1ace0	7e432d455b68	8000000000000001	5ba1b6c8aaa0	7ffc3ab90af8
19.759343	22a18859cf07	4e0	7e432de1ac80	40	5ba1b6830020	7e432de1ace0	0	28	7ffc3ab8a3b0	0	0	5ba1b6830500	7e432de1ace0	ffffffffffffff88	30	5ba1b626f010	1
19.770696	22a18859b7bc	0	3	5ba40c6ea2ac	5ba1b675c5f0	5ba1b626f010	7	5ba1b675c5c0	7ffc3ab91a80	5ba1b675c5d0	0	a	4114341e0c03521b	7e432de1ac80	0	5ba1b675c5f0	5ba1b62dea30
19.777934	93b49	d1749695e2c802f0	7ffc3ab86728	5529f75518869c66	6a590f6f74887cd2	d6cee0bbac74506a	1100000000000001	1e40d	7ffc3ab86720	0	1	f115d96ccfd4b203	dd0c83e717eeb4f3	7ffc3ab95fb0	7ffc3ab919c0	7ffc3ab86820	7ffc3ab86720
19.785383	9278c	2cc1c	7ffc3ab95fb0	0	5e1	5ba1b88f0070	7ff	8000000000000001	7ffc3ab8e400	0	ea5b09ec8e46bcd7	67	0	7ffc3ab95fb0	8000000000000001	0	7ffc3ab8e558
19.797106	9a6b7	5ba1b71c8cf0	7e432d3a0ef0	5c9dc	353	3d1de	7e432d3a0ef0	1edf4	7ffc3ab91b10	2	0	1	1a98	7e432d3a0ef0	5ba1b62dcc90	4cb	5ba1b62dea30
19.805242	92ad1	5ba1b6efcc50	7ffc3ab95fb0	7e432d0bc010	a435e	3d1de	36bca	8000000000000001	7ffc3ab91400	0	fbef	58	e0c4ba0aa9b21368	7e432d5ddb00	7e432d0bc010	de48	5ba1b6efcbe0
19.816384	9a68d	5ba1b7543cc0	7ffc3ab90fe8	25e1	20	5ba1b7543c60	5ba1b7543cc0	4	7ffc3ab90f80	0	5ba1b7543cc0	5ba1b75462c0	7e432de1ace0	4	5ba1b7543cc0	5ba1b7543c30	5ba1b7543c90
19.828811	22a18859a70f	5ba1b72908b0	5ba1b7296340	31	5ba1b7311b90	5ba1b72908b0	5ba1b7296620	310	7ffc3ab90e40	5ba40d3214c6	5ba1b7296650	30	7c	7e432de1aca0	7e432de1ac80	5ba1b7296650	5ba1b7296
19.843621	94c50	8000000000000001	1	a8	0	7ffc3ab886d8	1	81	7ffc3ab88680	54	1	5ba1b7822700	0	7ffc3ab95fb0	7ffc3ab91960	b923	54
19.853897	9a6bb	5ba1b9b799d0	7e432d496f08	7b5df	461	3d1de	7e432d496f08	291f5	7ffc3ab91b10	20	10	1	2308	7e432d496f08	5ba1b62dcc90	6c2	5ba1b62dea30
19.866078	9a6c9	5ba1b62dea30	7e432d352038	52c05	8000000000000002	3d1de	7e432d352038	1b957	7ffc3ab91310	0	5ba1b67a5870	5ba1b67a6870	7e432de1ace0	7e432d352038	8000000000000001	5ba1b67a5840	7ffc3ab91468
19.877541	9a6bb	5ba1b63eed00	7e432d321558	4caa9	83	3d1de	7e432d321558	198e3	7ffc3ab91b10	20	10	1	418	7e432d321558	5ba1b62dcc90	6ee4	5ba1b62dea30
19.884318	9a6cd	5ba1b9c06d90	7e432d354150	53028	401	3d1de	7e432d354150	1bab8	7ffc3ab91b10	20	10	1	2008	7e432d354150	5ba1b62dcc90	7d1	5ba1b62dea30
19.891158	92bf2	7e432bcfb010	7ffc3ab95fb0	ca7b40	8000000000000002	3d1de	7ffc3ab91780	329ed	7ffc3ab91760	0	5ba1b6feb460	5ba1b6feb7e0	7e432de1ace0	7e432c9a2b50	8000000000000001	5ba1b6feb430	7ffc3ab91878
19.902659	99288	7e432d0bc010	34970	7e432d0bc010	301	3d1de	9dc50	7ffc3ab91a01	7ffc3ab91060	8	0	7ffc3ab91b40	8000000000000001	0	1	0	7ffc3ab95fb0
19.916166	9b744	7e432bcfb010	1	df2280	5ba1b724f310	8000000000000001	7e432d9fe010	37c8a	7ffc3ab91b20	5ba1b724f2f0	0	1	4114341e0c03521b	7ffc3ab95fb0	7e432d7fd010	d1d	7ffc3ab91d00
19.923085	92bf2	7e432bcfb010	7ffc3ab95fb0	d5fb80	8000000000000002	3d1de	7ffc3ab90f50	357ee	7ffc3ab90f30	0	5ba1b68e3f70	5ba1b68e3fd0	7e432de1ace0	7e432ca5ab90	8000000000000001	5ba1b68e3f40	7ffc3ab91048
19.935296	92729	0	7ffc3ab95fb0	1f0da	9e3779b97f4a7c15	bf58476d1ce4e5b9	5ba1b62f5b40	8000000000000001	7ffc3ab87cc0	94d049bb133111eb	e220a838bf5c9dde	5ba1b69249d0	0	7ffc3ab95fb0	8000000000000001	1f0da	7ffc3ab87e18
19.942750	9b744	7e432bcfb010	1	e48280	8000000000000002	8000000000000002	7e432d9fe010	3920a	7ffc3ab91b20	5ba1b708bba0	10	1	4114341e0c03521b	7ffc3ab95fb0	7e432d7fd010	6bc6	7ffc3ab91d00
19.955603	9a6bb	5ba1b62dcc90	7e432d4c1e50	80bc8	8000000000000002	3d1de	7e432d4c1e50	2ae98	7ffc3ab91670	0	5ba1b71084d0	5ba1b71086e0	7e432de1ace0	7e432d4c1e50	8000000000000001	5ba1b71083d0	7ffc3ab91798
19.961592	9278c	0	7ffc3ab95fb0	6284	171	5ba1b7decac0	7ff	8000000000000001	7ffc3ab91260	0	4b56b83cc7fa0ab	1d	0	7ffc3ab95fb0	8000000000000001	6284	7ffc3ab913b8
19.967073	92bf2	7e432bcfb010	7ffc3ab95fb0	c6b140	8000000000000002	3d1de	7ffc3ab861c0	31ac5	7ffc3ab861a0	0	5ba1b75430c0	5ba1b7543470	7e432de1ace0	7e432c966150	8000000000000001	5ba1b7543090	7ffc3ab862f8
19.976922	9b89c	5ba1b62f5780	fffffffffffff8c5	5ba1b9db46d0	33b53	0	7ff	2715c	7ffc3ab91b20	269	0	1	269	7ffc3ab95fb0	7e432d7fd010	6761	7ffc3ab91d00
19.984925	9b89c	5ba1b62f6060	ffffffffffffffee	5ba1b7e98ba0	39fe4	0	7ff	1b1b6	7ffc3ab91b20	5	0	2	6	7ffc3ab95fb0	7e432d7fd010	acc	7ffc3ab91d00
19.994956	93a3c	8000000000000002	7ffc3ab95fb0	3f	c51e80	3d1de	7e432bcfb010	8000000000000001	7ffc3ab83a50	7ffc3ab919c0	7f	7ffc3ab918b0	7e1e7ceb55aabc74	81	7ffc3ab919c0	3147a	7f
20.006259	99352	7e432d0bc010	298e0	7e432d0bc010	301	3d1de	5ba1b7577d60	7ffc3ab91a01	7ffc3ab91660	8000000000000000	18e0	7ffc3ab91b40	8000000000000001	0	1	0	7ffc3ab95fb0
20.015616	9a6b7	5ba1b701b220	7e432d65d6a8	b42d3	6a1	3d1de	7e432d65d6a8	3c0f1	7ffc3ab91b10	20	10	1	3508	7e432d65d6a8	5ba1b62dcc90	1264	5ba1b62dea30
20.028374	93a3c	8000000000000002	7ffc3ab95fb0	1	cb6c0	3d1de	7e432bcfb010	8000000000000001	7ffc3ab8f4b0	7ffc3ab91960	14	7ffc3ab918b0	b756d10784a44a56	81	7ffc3ab91960	32db	14
20.034491	92c8e	7e432d7fd010	7ffc3ab95fb0	5ba1	8000000000000002	3d1de	7e432d566418	31c2b	7ffc3ab8fac0	0	5ba1b65484d0	5ba1b6548950	7e432de1ace0	31c2b	8000000000000001	5ba1b65484a0	7ffc3ab8fc18
20.046090	9b89c	5ba1b62f5c20	ffffffffffffe9b0	5ba1b8bc6990	0	2a877	7ff	1ddbc	7ffc3ab91b20	770	0	1	770	7ffc3ab95fb0	7e432d7fd010	6990	7ffc3ab91d00
20.059495	94240	25	17d	ffff7ff8	e62	e52	fff	5ba1ba462d00	7ffc3ab88720	0	1	e7a6475e626aa556	353099ef6254f685	ffff7ffc	660	662	5ba1b89e30a0
20.072962	94bfe	19900	0	1	fff	fffffffffffe8a60	1	0	7ffc3ab8fae0	11	1	5ba1b8ad5aa0	0	7ffc3ab95fb0	7ffc3ab91960	81	11
20.078451	9b89c	5ba1b62f48a0	ffffffffffffead0	5ba1b709d8f0	0	27a1e	7ff	3f11	7ffc3ab91b20	710	0	1	710	7ffc3ab95fb0	7e432d7fd010	3	7ffc3ab91c68
20.086863	9a6bb	5ba1b65ecae0	7e432d131628	eac3	346	3d1de	7e432d131628	4e41	7ffc3ab91b10	1	0	4	1a30	7e432d131628	5ba1b62dcc90	1571	5ba1b62dea30
20.097832	94584	486da840dd858cf2	42	404f6cd9464975e	8	7ffc3ab8a4b0	7ffc3ab8a4b8	7ffc3ab918b0	7ffc3ab8a4a0	0	0	e45487279f0e181a	820b91146ee6f5d3	81	7ffc3ab91960	7ffc3ab8a560	7ffc3ab8a4b0
20.112174	22a18859c970	0	7e432de1ac80	0	5ba1b626f010	28	7e432de1ac80	28	7ffc3ab8f258	80	316e	22	0	1	7e432d5668e0	5ba1b7e50e60	7ffc3ab8f438
20.119561	9a6cd	5ba1b70cb4c0	7e432d1adba0	5ba40d17c53b	5ba1b70cb5f0	5ba1b626f010	7	a126	7ffc3ab91b10	5ba1b70cb590	3	8	4114341e0c03521b	7e432d1adba0	5ba1b62dcc90	97f0	5ba1b62dea30
20.126326	9b744	7e432bcfb010	1	362e40	5ba1b760e660	8000000000000001	7e432d9fe010	d8b9	7ffc3ab91b20	5ba1b760e600	0	1	4114341e0c03521b	7ffc3ab95fb0	7e432d7fd010	454c	7ffc3ab91d00
20.132104	9b89c	5ba1b62f4b60	ffffffffffffefb3	5ba1b7321a00	0	1c2a2	7ff	82ca	7ffc3ab91b20	56e	0	2	56f	7ffc3ab95fb0	7e432d7fd010	ecf	7ffc3ab91d00
20.139499	929ff	12100	7ffc3ab95fb0	7e432d0bc010	0	3d1de	0	8000000000000001	7ffc3ab84bc0	0	ffff	2	0	7e432d0bc010	7e432d14ca48	606d	5ba1b6301f00
20.146480	92c8e	7e432d7fd010	7ffc3ab95fb0	0	8000000000000002	3d1de	7e432d1ddb10	c120	7ffc3ab907c0	0	5ba1b6461ae0	5ba1b6463060	7e432de1ace0	c120	8000000000000001	5ba1b6461ab0	7ffc3ab90908
20.154064	92bf2	7e432bcfb010	7ffc3ab95fb0	2aa500	8000000000000002	3d1de	7ffc3ab84be0	aa94	7ffc3ab84bc0	0	5ba1b7551cc0	5ba1b7553780	7e432de1ace0	7e432bfa5510	8000000000000001	5ba1b7551c20	7ffc3ab84d18
20.164056	9b76c	7e432c00a090	1	94d845b98ef0a9f3	8000000000000002	8000000000000001	7e432d9fe010	c3c2	7ffc3ab91b20	5ba1b6a1d1f0	4	1	4114341e0c03521b	7ffc3ab95fb0	7e432d7fd010	8714	7ffc3ab91d00
20.177104	22a18859a806	5ba1b70cda60	5ba1b6316690	31	7e432de1ace0	5ba1b70cda60	5ba1b6316690	c0	7ffc3ab8f7d0	5ba40c2a0446	5ba1b6316750	30	7c	7e432de1ac98	7e432de1ac80	5ba1b6316750	5ba1b6316
20.187906	927c4	28655	7ffc3ab95fb0	0	1d2	5ba1b9ba3850	7ff	8000000000000001	7ffc3ab910a0	10	800	fffffffffffffa69	0	7ffc3ab95fb0	8000000000000001	0	7ffc3ab911f8
20.201455	99631	354c4	2ac26	0	7ff	ffffffffffffbbe0	1	354c4	7ffc3ab8f5f0	2ac26	0	5ba1ba4626a0	0	0	1	354c4	7ffc3ab95fb0
20.208834	9a6b7	5ba1b64cbe20	7e432d5c39d0	a0f38	2f0	3d1de	7e432d5c39d0	35a68	7ffc3ab91b10	1	0	4001	1780	7e432d5c39d0	5ba1b62dcc90	8afe	5ba1b62dea30
20.223052	93063	37c70	7ffc3ab95fb0	654d06e9	8000000000000002	3d1de	7e432d10ae38	0	7ffc3ab90fc0	0	5ba1b71e37a0	5ba1b71e3880	7e432de1ace0	183	13	5ba1b633f060	7ffc3ab910d8
20.234029	92bf2	7e432bcfb010	7ffc3ab95fb0	96ce80	8000000000000002	3d1de	7ffc3ab90360	25b3a	7ffc3ab90340	0	5ba1b70cc760	5ba1b70cd5b0	7e432de1ace0	7e432c667e90	8000000000000001	5ba1b70cc6c0	7ffc3ab90488
20.246109	98a30	8000000000000001	7ffc3ab8e0a8	ffffffffffffedca	fffffffffffff9ee	25fdd	8000000000000001	3d	7ffc3ab8df50	0	fffffffffffff9ee	5ba1b770c750	7e432de1ace0	8a43	9a0	612	7ffc3ab8e0a8
20.258413	9a6b7	5ba1b6604c60	7e432d150a68	1294b	716	3d1de	7e432d150a68	6319	7ffc3ab91b10	17	7	2	38b0	7e432d150a68	5ba1b62dcc90	3d93	5ba1b62dea30
20.268628	93a3c	8000000000000002	50	5ba1b9a8bfe0	a45180	3d1de	7e432bcfb010	7ffc3ab95fb0	7ffc3ab915c0	8	0	ef70c27a46407992	4b0056e24a07ccd1	8000000000000001	0	29146	7ffc3ab91dd0
20.275530	93a2c	7e432c7df450	99	5ba1b9eab8d0	ae4440	3d1de	7e432bcfb010	8000000000000001	7ffc3ab89470	0	1	ef567aee1dc2d850	d32bf8fd274d7a1c	98	7ffc3ab919c0	2b911	4c
20.288073	94927	8000000000000000	7ffc3ab95fb0	81	5ba1b9eab8d0	19ebb	7ffc3ab95fb0	19ebb	7ffc3ab8f300	7ffc3ab919c0	15	7ffc3ab918b0	8ccd3b6977c702d8	81	7ffc3ab919c0	19ebb	15
20.301757	9b86f	5ba1b62f4dc0	94d049bb133111eb	5ba1b8bed8f0	0	3c1f	7ff	e40e	7ffc3ab91b20	182	0	22	9e3779b97f4a7c15	7ffc3ab95fb0	7e432d7fd010	8652	7ffc3ab91d00
20.307812	9b744	7e432bcfb010	1	295180	5ba1b78de830	8000000000000001	7e432d9fe010	a546	7ffc3ab91b20	5ba1b78de7d0	10	8	4114341e0c03521b	7ffc3ab95fb0	7e432d7fd010	12be	7ffc3ab91d00
20.319737	92bf2	7e432bcfb010	7ffc3ab95fb0	65080	8000000000000002	3d1de	7ffc3ab8ec00	1942	7ffc3ab8ebe0	0	5ba1b77ddbc0	5ba1b77deb30	7e432de1ace0	7e432bd60090	8000000000000001	5ba1b77ddac0	7ffc3ab8ed38
20.329845	94c90	57ae	0	0	7ff	ffffffffffffba80	1	0	7ffc3ab88d60	50	0	5ba1ba4626a0	0	7ffc3ab95fb0	7ffc3ab91960	0	50
20.336313	92bf2	7e432bcfb010	7ffc3ab95fb0	f86c0	8000000000000002	3d1de	7ffc3ab8c660	3e1b	7ffc3ab8c640	0	5ba1b7656140	5ba1b7657be0	7e432de1ace0	7e432bdf36d0	8000000000000001	5ba1b76560a0	7ffc3ab8c798
20.341627	9b89c	5ba1b62f45a0	ffffffffffffeaca	5ba1b7decac0	6c72	2cd78	7ff	2cd79	7ffc3ab91b20	712	0	1	712	7ffc3ab95fb0	7e432d7fd010	3	7ffc3ab91c68
20.352313	9b744	7e432bcfb010	1	185bc0	5ba1b6325b60	8000000000000001	7e432d9fe010	616f	7ffc3ab91b20	5ba1b6325b00	0	1	4114341e0c03521b	7ffc3ab95fb0	7e432d7fd010	4e89	7ffc3ab91d00
20.359461	9b89c	5ba1b62f4b00	ffffffffffffedf1	5ba1b732e220	0	311e7	7ff	1b03d	7ffc3ab91b20	605	0	1	605	7ffc3ab95fb0	7e432d7fd010	13c7	7ffc3ab91d00
20.364894	92bf2	7e432bcfb010	7ffc3ab95fb0	7c3e00	8000000000000002	3d1de	7ffc3ab90530	1f0f8	7ffc3ab90510	0	5ba1b6878aa0	5ba1b6878e10	7e432de1ace0	7e432c4bee10	8000000000000001	5ba1b6878880	7ffc3ab90628
20.373115	9a56f	2	7ffc3ab8d988	5ba1b7821f80	0	3d1de	7ffc3ab8d988	8000000000000001	7ffc3ab8d920	0	dfbf	20	0	7e432d0bc010	7e432d10d7f0	3654	7ffc3ab8daa8
20.386804	92c8e	7e432d7fd010	7ffc3ab95fb0	0	8000000000000002	3d1de	7e432d65d498	3c0db	7ffc3ab8f160	0	5ba1b9de38c0	5ba1b9de4c40	7e432de1ace0	3c0db	8000000000000001	5ba1b9de3760	7ffc3ab8f2a8
20.399090	9b744	7e432bcfb010	1	c964c0	5ba1b6fd8c10	8000000000000001	7e432d9fe010	32593	7ffc3ab91b20	5ba1b6fd8bf0	10	2	4114341e0c03521b	7ffc3ab95fb0	7e432d7fd010	6406	7ffc3ab91d00
20.413013	93a3c	8000000000000002	7ffc3ab95fb0	3f	cc0540	3d1de	7e432bcfb010	8000000000000001	7ffc3ab8b310	7ffc3ab919c0	3a	e13c6c98d5d59a48	f9358a3b99fabfba	81	7ffc3ab919c0	33015	3a
20.418481	945bc	0	7ffc3ab886f8	1	0	7ffc3ab886f0	7ffc3ab886f8	7ffc3ab918b0	7ffc3ab886e0	0	1	e1e41af8a8dcb8cd	b7ec9afc0e8d3348	81	7ffc3ab919c0	7ffc3ab887a0	7ffc3ab886f0
20.426740	94584	35c8cb4bca9d628c	77	5bbaba4e944b2fb0	8	7ffc3ab847a0	7ffc3ab847a8	0	7ffc3ab84790	0	0	e1337da121d05499	d969340ee78dc2a1	7ffc3ab95fb0	7ffc3ab919c0	7ffc3ab848a0	7ffc3ab847a0
20.435139	94564	f569c316d45aae9e	0	fc79a719f3609398	8	7ffc3ab901f0	7ffc3ab901f8	5ba1ba462d60	7ffc3ab901e0	0	0	bbf8daee9f590eba	1128628bd8d25203	ffff9fc0	6c0	5ba1ba454dc0	7ffc3ab901f0
20.445219	9a6bb	5ba1b778d120	7e432d33c4f8	5009d	6c2	3d1de	7e432d33c4f8	1aadf	7ffc3ab91b10	7	6	40	3610	7e432d33c4f8	5ba1b62dcc90	917a	5ba1b62dea30
20.453499	9a6cd	5ba1b6ce5430	7e432d62a8e8	5ba40cd53935	5ba1b6ce55d0	5ba1b626f010	7	39f09	7ffc3ab91b10	5ba1b6ce5570	10	1	4114341e0c03521b	7e432d62a8e8	5ba1b62dcc90	15ba	5ba1b62dea30
20.459382	9320c	5ba1b8bfa110	7ffc3ab95fb0	fffffffffffffbb0	fffffffffffffe90	36e88	1fe0	18	7ffc3ab8f280	0	fffffffffffffe90	5ba1b6927c90	7e432de1ace0	36e8a	8e0	180	7ffc3ab8f398
20.468858	9a6b7	5ba1b62dcc90	7e432d5421a8	90c33	8000000000000002	3d1de	7e432d5421a8	30411	7ffc3ab8cf90	0	5ba1b6effe10	5ba1b6f006a0	7e432de1ace0	7e432d5421a8	8000000000000001	5ba1b7204ce0	7ffc3ab8d0e8
20.481617	92bf2	7e432bcfb010	7ffc3ab95fb0	c21740	8000000000000002	3d1de	7ffc3ab85120	3085d	7ffc3ab85100	0	5ba1b787feb0	5ba1b78827d0	7e432de1ace0	7e432c91c750	8000000000000001	5ba1b787fe80	7ffc3ab85258
20.495329	9b89c	5ba1b62f4920	ffffffffffffebf6	5ba1b9edd540	3396e	0	7ff	2c4db	7ffc3ab91b20	6ae	0	1	6ae	7ffc3ab95fb0	7e432d7fd010	9134	7ffc3ab91d00
20.509934	9a6bb	5ba1b62dcc90	7e432d365c10	55380	8000000000000002	3d1de	7e432d365c10	1c680	7ffc3ab8ed20	0	5ba1b6b47940	7e432de1ad20	7e432de1ace0	7e432d365c10	8000000000000001	5ba1b6b47910	7ffc3ab8ee48
20.519547	93a2c	29	3feb	66	0	3d1de	7e432bcfb010	8000000000000001	7ffc3ab8fa90	66	4	7ffc3ab91b40	8000000000000001	0	1	0	7ffc3ab95fb0
20.530424	92c8e	7e432d7fd010	7ffc3ab95fb0	5ba1	8000000000000002	3d1de	7e432d4df298	2c21b	7ffc3ab84bc0	0	5ba1b66ac650	5ba1b66affb0	7e432de1ace0	2c21b	8000000000000001	5ba1b66ac5b0	7ffc3ab84d18
20.543643	9b744	7e432bcfb010	1	71b280	5ba1b72a0250	8000000000000001	7e432d9fe010	1c6ca	7ffc3ab91b20	5ba1b72a01f0	10	4	4114341e0c03521b	7ffc3ab95fb0	7e432d7fd010	a784	7ffc3ab91d00
20.556916	9b744	7e432bcfb010	1	225d40	5ba1b646b550	8000000000000001	7e432d9fe010	8975	7ffc3ab91b20	5ba1b646b530	10	1	4114341e0c03521b	7ffc3ab95fb0	7e432d7fd010	17c4	7ffc3ab91d00
20.571602	92ba1	1adf0	7ffc3ab95fb0	1adef	5ba1b6d10ed0	3d1de	0	8000000000000001	7ffc3ab86520	0	5ba1b6d10fd0	5ba1b6d125b0	7e432de1ace0	7e432d2748d8	8000000000000001	5ba1b6d10fa0	7ffc3ab86678
20.585770	93a3c	8000000000000002	7ffc3ab95fb0	1	bf5c00	3d1de	7e432bcfb010	8000000000000001	7ffc3ab8a510	7ffc3ab91960	42	f8a0954ec4d95a3c	8fba1a6bfd70beac	81	7ffc3ab91960	2fd70	42
20.597432	9a6cd	5ba1b7911110	7e432d45dfe0	5ba40d8a6ba1	5ba1b79112b0	5ba1b626f010	7	26bfe	7ffc3ab91b10	5ba1b7911250	10	2	4114341e0c03521b	7e432d45dfe0	5ba1b62dcc90	d342	5ba1b62dea30
20.610557	22a18859b718	7	40	2	7	5ba1b626f010	7	5ba1b641ed00	7ffc3ab91a60	5ba1b641ed10	10	1	4114341e0c03521b	7e432de1ac80	0	18c6	5ba1b62dea30
20.624264	92bf2	7e432bcfb010	7ffc3ab95fb0	1c75c0	8000000000000002	3d1de	7ffc3ab85040	71d7	7ffc3ab85020	0	5ba1b657a970	5ba1b657ade0	7e432de1ace0	7e432bec25d0	8000000000000001	5ba1b657a8d0	7ffc3ab85178
20.629829	92bf2	7e432bcfb010	7ffc3ab95fb0	c08e80	8000000000000002	3d1de	7ffc3ab875e0	3023a	7ffc3ab875c0	0	5ba1b63f1220	5ba1b63f1560	7e432de1ace0	7e432c903e90	8000000000000001	5ba1b63f11f0	7ffc3ab87718
20.642646	991ce	66a	0	5ba1b8ad5aa0	fff	0	1800000000000000	7ffc3ab91a30	7ffc3ab8c9e0	8	0	7ffc3ab91b40	ce0a2aa220d88070	0	1	1f27b	7ffc3ab95fb0
20.650010	9a86c	0	5ba1b62f5260	3a30d	ffffffffffff68e0	64d	64c	0	7ffc3ab8c770	5ba1b7ea3ff8	5ba1b7ea4010	ffffffffffffed1c	5ba1b7ead730	0	7ff	5ba1b7ead730	800
20.658524	9b744	7e432bcfb010	1	178dc0	5ba1b6d5fff0	8000000000000001	7e432d9fe010	5e37	7ffc3ab91b20	5ba1b6d5ffd0	1	1	4114341e0c03521b	7ffc3ab95fb0	7e432d7fd010	faae	7ffc3ab91d00
20.664319	9bb49	5ba1b62f5540	5ba1b6bc5c01	5ba1b6bd10c0	77f	76f	e7ff	36b4f	7ffc3ab91b20	1	0	1	3bf8	7ffc3ab95fb0	5ba1b62dcc90	aae7	7ffc3ab91d00
20.676695	9bb5b	5ba1b62f5760	5ba1b6dc5401	5ba1b6dc72f0	143	133	80	30ac8	7ffc3ab91b20	20	10	1	a18	7ffc3ab95fb0	5ba1b62dcc90	19d3	5ba1b62dea30
20.690895	93a3c	8000000000000002	7ffc3ab95fb0	81	99eec0	3d1de	7e432bcfb010	8000000000000001	7ffc3ab88910	7ffc3ab919c0	52	fd6232c47f42d6f4	8f440f1aafb4ab3b	81	7ffc3ab919c0	267bb	52
20.705727	22a18859d340	1fc0	7e432de1ac80	30	5ba1b74c17e0	7e432de1ace0	0	20	7ffc3ab8fce0	0	0	5ba1b74c37a0	7e432de1ace0	ffffffffffffff88	30	5ba1b626f010	1
20.711850	92c6d	110	7ffc3ab95fb0	0	8000000000000002	3d1de	7e432d4adb88	2a125	7ffc3ab8ec20	0	5ba1b78d6ec0	5ba1b78d7b30	7e432de1ace0	7e432d4adb88	8000000000000001	5ba1b78d6e90	7ffc3ab8ed68
20.718858	9b744	7e432bcfb010	1	c0b240	5ba1b77a1bc0	8000000000000001	7e432d9fe010	302c9	7ffc3ab91b20	5ba1b77a1b60	10	1	4114341e0c03521b	7ffc3ab95fb0	7e432d7fd010	10210	7ffc3ab91d00
20.725059	9b76c	7e432be16a50	1	b6ccae17025aa3a9	8000000000000002	8000000000000001	7e432d9fe010	46e9	7ffc3ab91b20	5ba1b94ba980	0	1	4114341e0c03521b	7ffc3ab95fb0	7e432d7fd010	b01f	7ffc3ab91d00
20.737334	9a6cd	5ba1b675c280	7e432d5a66a8	5ba40c6ea37c	5ba1b675c420	5ba1b626f010	7	346f1	7ffc3ab91b10	5ba1b675c3c0	10	1	4114341e0c03521b	7e432d5a66a8	5ba1b62dcc90	1ad9	5ba1b62dea30
20.749957	93a3c	8000000000000002	76	5ba1b8ab1a80	c60000	3d1de	7e432bcfb010	7ffc3ab95fb0	7ffc3ab8d8c0	0	595e0	fd98c3ce79d26428	c63ebe73257f54ce	8000000000000001	0	31800	7ffc3ab91dd0
20.762333	93a3c	8000000000000002	74	5ba1b9a8bfe0	ddb700	3d1de	7e432bcfb010	7ffc3ab95fb0	7ffc3ab8eb00	8	0	ff74df57251d94aa	cbbebba964702ff3	8000000000000001	0	376dc	7ffc3ab91dd0
20.773153	9b313	5ba1b75bf260	7ffc3ab8bb00	5	0	5ba1b75bf280	0	8000000000000001	7ffc3ab8ba98	0	5ba1b75bf260	5ba1b75c1770	7e432de1ace0	8000000000000000	7e432d0bc010	5ba1b75bf0d0	7ffc3ab8bc38
20.783580	9a6b7	5ba1b66a03c0	7e432d2cf868	4270b	1e6	3d1de	7e432d2cf868	16259	7ffc3ab91b10	2	0	8	f30	7e432d2cf868	5ba1b62dcc90	4	5ba1b62dea30
20.791856	9a6b7	5ba1b68e27f0	7e432d0e1360	4a6a	763	3d1de	7e432d0e1360	18ce	7ffc3ab91b10	11	1	2	3b18	7e432d0e1360	5ba1b62dcc90	a2e7	5ba1b62dea30
20.804072	22a18859a862	5ba1b76de6f0	5ba1b76dde90	40	31	5ba1b76de6f0	5ba1b76de760	f0	7ffc3ab8dcd0	5ba40d76a84e	5ba1b76dde90	40	7c	7e432de1ac98	7e432de1ac80	5ba1b76de850	5ba1b76de
20.812921	991ad	3dee13938dee61f8	2f79e	5ba1b8ad5aa0	fff	1e	1800000000000000	7ffc3ab91a30	7ffc3ab912a0	8	0	fdffe9dbf21730d2	8a3140340b7d15f5	0	1	0	7ffc3ab95fb0
20.818459	9a6b7	5ba1b62dcc90	7e432d19ecd8	1c599	8000000000000002	3d1de	7e432d19ecd8	9733	7ffc3ab896f0	0	5ba1b74c6c10	5ba1b74c7d70	7e432de1ace0	7e432d19ecd8	8000000000000001	5ba1b74c6930	7ffc3ab89858
20.831257	95ae4	1017	7a	5ba1b8ab1a80	3fff	0	1000000000000000	7ffc3ab95fb0	7ffc3ab8ff10	8	0	fe3e5ab4f46f74c0	6ac7e6fa085cd648	0	0	372f0	7ffc3ab91dd0
20.840628	927b6	0	7ffc3ab95fb0	2817c	2c8	5ba1b8bfa110	7ff	8000000000000001	7ffc3ab8e480	0	4	fffffffffffff7a2	0	0	8000000000000001	2817c	7ffc3ab8e5c8
20.847668	9b744	7e432bcfb010	1	c21a40	5ba1b67bc1e0	8000000000000001	7e432d9fe010	30869	7ffc3ab91b20	5ba1b67bc1c0	0	1	4114341e0c03521b	7ffc3ab95fb0	7e432d7fd010	e8a0	7ffc3ab91d00
20.861545	9b89c	5ba1b62f5920	fffffffffffff9d3	5ba1b75cffa0	0	376ca	7ff	6a96	7ffc3ab91b20	20f	0	1	20f	7ffc3ab95fb0	7e432d7fd010	1ccc	7ffc3ab91d00
20.869023	9a6b7	5ba1b62dcc90	7e432d592d58	9ada9	8000000000000002	3d1de	7e432d592d58	339e3	7ffc3ab913a0	0	5ba1b62dcab0	7e432de1ad20	7e432de1ace0	7e432d592d58	8000000000000001	5ba1b719d010	7ffc3ab914c8
20.880382	92b4d	654d06e9	7ffc3ab95fb0	0	5ba1b6cc6380	7	5ba1b6cc63f0	8000000000000001	7ffc3ab90b90	0	5ba1b6cc6410	5ba1b6cc6960	7e432de1ace0	7e432d327bd0	7e432d0bc010	5ba1b6cc63e0	7ffc3ab90ca8
20.891442	92bf2	7e432bcfb010	7ffc3ab95fb0	b09c0	8000000000000002	3d1de	7ffc3ab900b0	2c27	7ffc3ab90090	0	5ba1b678af30	5ba1b678d4f0	7e432de1ace0	7e432bdab9d0	8000000000000001	5ba1b678ae90	7ffc3ab901a8
20.904473	94b7b	8000000000000000	e7	7e432be42690	5ba1b9eab8d0	0	7e432be42690	8000000000000001	7ffc3ab84f60	1	1	faf89b16fefcf981	f3a47e2bce56b71e	e7	7ffc3ab91960	394a8	73
20.918693	9b89c	5ba1b62f4aa0	fffffffffffff11b	5ba1b9b0ff50	432f	0	7ff	d5d9	7ffc3ab91b20	4f7	0	1	4f7	7ffc3ab95fb0	7e432d7fd010	cd94	7ffc3ab91d00
20.928224	9b89c	5ba1b62f45e0	fffffffffffffaae	5ba1b9ba3850	34ec9	0	7ff	13070	7ffc3ab91b20	1c6	0	1	1c6	7ffc3ab95fb0	7e432d7fd010	4e19	7ffc3ab91d00
20.939183	92c8e	7e432d7fd010	7ffc3ab95fb0	654d06e9	8000000000000002	3d1de	7e432d4fa628	2d441	7ffc3ab8fca0	0	5ba1b63f8c70	5ba1b63f8cf0	7e432de1ace0	2d441	8000000000000001	5ba1b63f8b10	7ffc3ab8fdb8
20.949977	92bf2	7e432bcfb010	7ffc3ab95fb0	28f700	8000000000000002	3d1de	7ffc3ab84780	a3dc	7ffc3ab84760	0	5ba1b76c0660	5ba1b76c1fc0	7e432de1ace0	7e432bf8a710	8000000000000001	5ba1b76c05c0	7ffc3ab848b8
20.958206	92794	0	7ffc3ab95fb0	19a9a	37f	5ba1b7908b00	7ff	8000000000000001	7ffc3ab8d810	0	ff76c66cc913fad	66	3e6106790deb1f92	0	8000000000000001	7e52	7ffc3ab8d928
20.971214	99288	7e432d0bc010	366d6	7e432d0bc010	1	3d1de	a3482	7ffc3ab91a01	7ffc3ab8c920	8	0	7ffc3ab91b40	8000000000000001	0	1	0	7ffc3ab95fb0
20.978711	9b89c	5ba1b62f53a0	ffffffffffffeb1b	5ba1b9b93030	0	5638	7ff	38a15	7ffc3ab91b20	6f7	0	1	6f7	7ffc3ab95fb0	7e432d7fd010	11fb8	7ffc3ab91d00
20.989324	9b77a	7e432c8d7c50	1	70958fd4b1d3f5f7	7ffc3ab91b88	8000000000000001	7e432d9fe010	2f731	7ffc3ab91b20	5ba1b723b400	1	2	4114341e0c03521b	7ffc3ab95fb0	7e432d7fd010	6e05	7ffc3ab91d00
20.995707	9b744	7e432bcfb010	1	acfc40	5ba1b6fc4630	8000000000000001	7e432d9fe010	2b3f1	7ffc3ab91b20	5ba1b6fc45d0	0	1	4114341e0c03521b	7ffc3ab95fb0	7e432d7fd010	1eb8	7ffc3ab91d00
21.003153	931f1	5ba1b719b9f0	7ffc3ab95fb0	fffffffffffff86b	fffffffffffffd79	0	dcfe	72	7ffc3ab8ebc0	0	5ba1b64d6f20	5ba1b64d7400	7e432de1ace0	5ba1b62f4f60	a60	286	7ffc3ab8ecd8
21.016774	22a18859cd30	1	7e432de1ac80	18	5ba1b626f010	28	7e432de1ac88	28	7ffc3ab8e630	0	b7f7	26	0	1	30	3	7ffc3ab8e8c8
21.028921	22a18859ce2f	30	7e432de1ac80	18	7e432de1ad10	7e432de1ad00	5b	28	7ffc3ab8e400	0	bdee	48	6b9a794e8bcee38f	ffffffffffffff88	30	3	1
21.034097	92bf2	7e432bcfb010	7ffc3ab95fb0	68900	8000000000000002	3d1de	7ffc3ab8d1e0	1a24	7ffc3ab8d1c0	0	5ba1b6a3b730	5ba1b6a3bac0	7e432de1ace0	7e432bd63910	8000000000000001	5ba1b6a3b700	7ffc3ab8d308
21.041055	9b89c	5ba1b62f4c40	fffffffffffffb83	5ba1b9b397b0	0	1a4e1	7ff	1a4e3	7ffc3ab91b20	17f	0	1	17f	7ffc3ab95fb0	7e432d7fd010	12020	7ffc3ab91d00
21.046371	9b89c	5ba1b62f49c0	fffffffffffff0e2	5ba1b9e75cc0	13317	0	7ff	13975	7ffc3ab91b20	50a	0	1	50a	7ffc3ab95fb0	7e432d7fd010	cab5	7ffc3ab91d00
21.059662	9b89c	5ba1b62f5b00	fffffffffffff979	5ba1ba5dd320	0	6ca7	7ff	1d94a	7ffc3ab91b20	22c	0	2	22d	7ffc3ab95fb0	7e432d7fd010	1fc9	7ffc3ab91d00
21.074741	991d6	fd4	1ea20	5ba1b8ad5aa0	fff	0	1800000000000000	7ffc3ab91a30	7ffc3ab8e7e0	8	0	7ffc3ab91b40	463d46c514303b62	0	1	0	7ffc3ab95fb0
21.086196	93a3c	8000000000000002	88	5ba1b89e30a0	400040	3d1de	7e432bcfb010	7ffc3ab95fb0	7ffc3ab8ee60	0	6aa0	e508add2bcb5d9ec	1bef7ec98cdbfe6e	8000000000000001	0	10001	7ffc3ab91dd0
21.098282	9320c	5ba1b7eb9f50	7ffc3ab95fb0	fffffffffffff9bb	fffffffffffffde9	102d1	17	58	7ffc3ab8ba00	0	fffffffffffffde9	5ba1b70aa6e0	7e432de1ace0	1c770	d40	244	7ffc3ab8bb58
21.112521	9bb49	5ba1b62f5320	5ba1b9544e01	5ba1b954dd40	5f1	5e1	7fff	348ea	7ffc3ab91b20	2	1	1	2f88	7ffc3ab95fb0	5ba1b62dcc90	eb6a	7ffc3ab91d00
21.120408	9b89c	5ba1b62f4680	fffffffffffff1c9	5ba1b88a9ad0	0	e77	7ff	38aeb	7ffc3ab91b20	4bd	0	1	4bd	7ffc3ab95fb0	7e432d7fd010	6db7	7ffc3ab91d00
21.127287	9b744	7e432bcfb010	1	45f000	5ba1b78db750	8000000000000001	7e432d9fe010	117c0	7ffc3ab91b20	5ba1b78db730	0	1	4114341e0c03521b	7ffc3ab95fb0	7e432d7fd010	20cc	7ffc3ab91d00
21.141092	9a6b7	5ba1b62dcc90	7e432d59b1a0	9be32	8000000000000002	3d1de	7e432d59b1a0	33f66	7ffc3ab8acd0	0	5ba1b644e950	5ba1b644f280	7e432de1ace0	7e432d59b1a0	8000000000000001	5ba1b644e920	7ffc3ab8ae38
21.155286	93a3c	8000000000000002	8c	5ba1b9a8bfe0	29fc00	3d1de	7e432bcfb010	7ffc3ab95fb0	7ffc3ab910b0	0	1c1c0	f86a3c096318bcc2	6fac4f5b3152b044	8000000000000001	81ca	a7f0	7ffc3ab91dd0
21.168862	99352	7e432d0bc010	28019	7e432d0bc010	1f01	3d1de	5ba1b7201690	7ffc3ab91a01	7ffc3ab8afa0	8000000000000000	0	7ffc3ab91b40	8000000000000001	0	1	0	7ffc3ab95fb0
21.183715	9bc13	0	0	7e432d9fe010	5ba1b7530ed0	5ba1b626f010	7	ab6d	7ffc3ab91b20	5ba1b7530e70	10	1	4114341e0c03521b	3d1de	7e432d7fd010	c009	7ffc3ab91d00
21.192543	9b720	7e432d7fd010	1	dd2440	8000000000000002	3d1de	7e432d9fe010	13a11	7ffc3ab91b20	5ba1b64b2520	2	1	4114341e0c03521b	7ffc3ab95fb0	7e432d7fd010	3d1d	7ffc3ab91d00
21.199537	22a18859a8db	5ba1b6ca4e90	5ba1b6e133e0	9a1	0	5ba1b6ca4e90	5ba1b6e133e0	9e0	7ffc3ab8cf50	5ba40cfa2e23	5ba1b6e14030	270	7c	7e432de1aca0	7e432de1ac80	5ba1b6e13dc0	5ba1b6e13
21.210403	993c7	7e432d0bc010	0	219815274c200000	5ba1b6fd1b00	3d1de	7	7ffc3ab91a01	7ffc3ab8ad60	92	4	7ffc3ab91b40	8000000000000001	0	1	3963c	7ffc3ab95fb0
21.219049	9a6b7	5ba1b62dcc90	7e432d238c68	2f98b	8000000000000002	3d1de	7e432d238c68	fdd9	7ffc3ab8c370	0	5ba1b6cdf0d0	5ba1b6ce0cf0	7e432de1ace0	7e432d238c68	8000000000000001	5ba1b6cdf0a0	7ffc3ab8c4c8
21.225325	92c8e	7e432d7fd010	7ffc3ab95fb0	654d06e9	8000000000000002	3d1de	7e432d545130	3060c	7ffc3ab8f2d0	0	5ba1b68ba790	5ba1b68bc610	7e432de1ace0	3060c	8000000000000001	5ba1b68ba760	7ffc3ab8f3e8
21.238476	92bf2	7e432bcfb010	7ffc3ab95fb0	1ab1c0	8000000000000002	3d1de	7ffc3ab8f6a0	6ac7	7ffc3ab8f680	0	5ba1b7dd84e0	5ba1b7de0ab0	7e432de1ace0	7e432bea61d0	8000000000000001	5ba1b7dd8440	7ffc3ab8f7c8
21.246004	9a6bb	5ba1b9b68760	7e432d1be9d0	20538	3b8	3d1de	7e432d1be9d0	ac68	7ffc3ab91b10	3	2	2	1dc0	7e432d1be9d0	5ba1b62dcc90	1109c	5ba1b62dea30
21.259902	9a6b7	5ba1b709ebd0	7e432d29b1d0	3be38	34e	3d1de	7e432d29b1d0	13f68	7ffc3ab91b10	1	0	9	1a70	7e432d29b1d0	5ba1b62dcc90	3614	5ba1b62dea30
21.274820	9a6b7	5ba1b62dcc90	7e432d4b47e8	7f0fb	8000000000000002	3d1de	7e432d4b47e8	2a5a9	7ffc3ab8d4f0	0	5ba1b6f2d0e0	5ba1b6f2dd50	7e432de1ace0	7e432d4b47e8	8000000000000001	5ba1b6f2d0b0	7ffc3ab8d618
21.281083	92bf2	7e432bcfb010	7ffc3ab95fb0	f02780	8000000000000002	3d1de	7ffc3ab8b4e0	3c09e	7ffc3ab8b4c0	0	5ba1b65de4c0	5ba1b65df6d0	7e432de1ace0	7e432cbfd790	8000000000000001	5ba1b65de420	7ffc3ab8b618
21.287921	996bb	f4474e8e049852ae	7ffc3ab8ed58	1227488cfc2581d	eb51448e1a8e45ba	654d06e9a1a63770	872823eb74eb37db	7ffc3ab91b90	7ffc3ab8ed50	1128628bd8d25203	0	7ffc3ab91ca0	8000000000000001	0	1	7ffc3ab8edf0	7ffc3ab95fb0
21.302889	9278c	0	7ffc3ab95fb0	2f68d	31f	5ba1b9c4b800	7ff	8000000000000001	7ffc3ab8c480	0	d771aa9b9238004a	7c	0	7ffc3ab95fb0	8000000000000001	2f68d	7ffc3ab8c5d8
21.310396	92bf2	7e432bcfb010	7ffc3ab95fb0	e07a80	8000000000000002	3d1de	7ffc3ab8c520	381ea	7ffc3ab8c500	0	5ba1b7f312e0	5ba1b7f3b510	7e432de1ace0	7e432cb02a90	8000000000000001	5ba1b7f31240	7ffc3ab8c648
21.317588	22a18859b72b	31	40	2	7	5ba1b626f010	7	5ba1b760ea60	7ffc3ab91a60	5ba1b760ea70	0	2	4114341e0c03521b	7e432de1ac80	0	5ba1b760eaa0	5ba1b62dea30
21.332491	9b89c	5ba1b62f4640	fffffffffffff5e3	5ba1b8534bc0	0	fa2f	7ff	13834	7ffc3ab91b20	35f	0	1	35f	7ffc3ab95fb0	7e432d7fd010	39ce	7ffc3ab91d00
21.347256	95d1f	5ba1b8ab1a80	9a	38	3fff	abd	ff	ab6	7ffc3ab8d180	2480	0	de080eb7dda15130	208238a314447430	3009a	0	fc6f	7ffc3ab91dd0
21.361359	99288	7e432d0bc010	1e95e	7e432d0bc010	1f01	3d1de	5bc1a	7ffc3ab91b01	7ffc3ab90140	8	0	7ffc3ab91ca0	8000000000000001	0	1	0	7ffc3ab95fb0
21.367506	93a3c	8000000000000002	98	5ba1b8ab1a80	b1b180	3d1de	7e432bcfb010	7ffc3ab95fb0	7ffc3ab8d630	0	25e80	d979eb6c63efa2c2	9fb64b78ecfb2915	8000000000000001	2c6c9	2c6c6	7ffc3ab91dd0
21.378724	93b79	910ba59203e074e0	7ffc3ab8eff8	566693db35582eab	7bd4c4173374cb2	b35accb1232d459b	1100000000000001	7ffc3ab918b0	7ffc3ab8eff0	0	1	d9cb1439950a39ec	6cf27ab1328c28a3	81	7ffc3ab91960	7ffc3ab8f0a0	7ffc3ab8eff0
21.392026	9a6bb	5ba1b769b8a0	7e432d46ebe8	7657b	7ff	3d1de	7e432d46ebe8	27729	7ffc3ab91b10	1	0	1	3ff8	7e432d46ebe8	5ba1b62dcc90	11b38	5ba1b62dea30
21.399078	9b7dd	5ba1b62f5220	1	9e3779b97f4dee07	371f2	0	d20	371f3	7ffc3ab91b20	5ba1b7926360	5ba1b62f4500	2	9e3779b97f4a7c15	7ffc3ab95fb0	7e432d7fd010	cf5b	7ffc3ab91d00
21.405937	9bc13	1	1	7e432d9fe010	5ba1b75b2100	5ba1b626f010	7	562c	7ffc3ab91b20	5ba1b75b20e0	0	1	4114341e0c03521b	3d1de	7e432d7fd010	4f18	7ffc3ab91d00
21.413910	22a18859b78e	3	3	5ba40c70c06a	5ba1b66ba490	5ba1b626f010	7	5ba1b64fa560	7ffc3ab91a70	5ba1b64fa570	0	1	4114341e0c03521b	7e432de1ac80	0	5ba1b64fa590	5ba1b62dea30
21.421435	931f1	5ba1b85413e0	7ffc3ab95fb0	fffffffffffff45d	fffffffffffffc1f	0	f800	76	7ffc3ab91440	0	5ba1b6ff1c90	5ba1b6ff2080	7e432de1ace0	5ba1b62f4660	160	3f1	7ffc3ab91558
21.431268	93bba	43eae3343cd14a2e	7ffc3ab8e8b8	4f26b9924d6aca6e	242cc766487502aa	71c4e6ee17432f5a	1100000000000001	5ba1b772d610	7ffc3ab8e8b0	0	1	d9f2cbca38cceb8e	fb41d7277aaee262	fffffff0	110	5ba1b772b260	7ffc3ab8e8b0
21.444971	93a3c	8000000000000002	9e	5ba1b8ab1a80	df1880	3d1de	7e432bcfb010	7ffc3ab95fb0	7ffc3ab8ca20	0	4b820	d91faf4db373b134	1ac1519419a735f6	8000000000000001	2df43	37c62	7ffc3ab91dd0
21.458466	993ad	7e432d0bc010	0	5ba1b6694250	8000000000000000	3d1de	19c45e020e95d5db	7ffc3ab91b01	7ffc3ab8dc80	9c	4	7ffc3ab91ca0	8000000000000001	0	1	2ebb2	7ffc3ab95fb0
21.469551	9b744	7e432bcfb010	1	122540	5ba1b7176520	8000000000000001	7e432d9fe010	4895	7ffc3ab91b20	5ba1b71764c0	10	1	4114341e0c03521b	7ffc3ab95fb0	7e432d7fd010	d366	7ffc3ab91d00
21.481864	9b744	7e432bcfb010	1	e54a40	8000000000000002	8000000000000002	7e432d9fe010	39529	7ffc3ab91b20	5ba1b66e5640	10	1	4114341e0c03521b	7ffc3ab95fb0	7e432d7fd010	2939	7ffc3ab91d00
21.490166	9a6bb	5ba1b62dcc90	7e432d20bc50	29f88	8000000000000002	3d1de	7e432d20bc50	dfd8	7ffc3ab8c7b0	0	5ba1b775d810	5ba1b775d9c0	7e432de1ace0	7e432d20bc50	8000000000000001	5ba1b775d770	7ffc3ab8c8d8
21.502201	9320c	5ba1b9ec4500	7ffc3ab95fb0	fffffffffffffde1	ffffffffffffff4b	ed0b	ffe7	23	7ffc3ab8fba0	0	ffffffffffffff4b	5ba1b6858820	7e432de1ace0	36e7b	3e0	b5	7ffc3ab8fcf8
21.514216	95b9f	0	a0	2a30c	9d	283db	7e432c787310	7ffc3ab95fb0	7ffc3ab8c320	0	1fd80	de695d74586fa442	ae26214f0bd66614	8000000000000001	2a30c	2a30c	7ffc3ab91dd0
21.528891	99272	7e432d0bc010	0	7e432d486108	700	3d1de	f7be	7ffc3ab91b01	7ffc3ab8ee80	8	0	7ffc3ab91ca0	8000000000000001	0	1	286b5	7ffc3ab95fb0
21.536767	9b744	7e432bcfb010	1	6b1600	5ba1b683a2e0	8000000000000001	7e432d9fe010	1ac58	7ffc3ab91b20	5ba1b683a2c0	9	1	4114341e0c03521b	7ffc3ab95fb0	7e432d7fd010	15188	7ffc3ab91d00
21.543787	9b744	7e432bcfb010	1	98ffc0	5ba1b6ffd3d0	8000000000000001	7e432d9fe010	263ff	7ffc3ab91b20	5ba1b6ffd410	4	2	4114341e0c03521b	7ffc3ab95fb0	7e432d7fd010	e576	7ffc3ab91d00
21.550066	9b89c	5ba1b62f5320	fffffffffffffdc9	5ba1b954dd40	0	2737c	7ff	27ab1	7ffc3ab91b20	bd	0	1	bd	7ffc3ab95fb0	7e432d7fd010	9fad	7ffc3ab91d00
21.563312	22a18859a896	5ba1b7663b90	5ba1b68d91d0	151	40	5ba1b7663b90	5ba1b63f8dd0	40	7ffc3ab8c410	5ba40c96fbb9	5ba40c96fbb9	30	7c	7e432de1aca0	7e432de1ac80	5ba1b68d9210	5ba1b68d9
21.573504	927b6	0	7ffc3ab95fb0	8af8	2ca	5ba1b9e9f520	7ff	8000000000000001	7ffc3ab8f9a0	0	1	fffffffffffff7a2	0	0	8000000000000001	8af8	7ffc3ab8fae8
21.587272	93a3c	8000000000000002	a4	5ba1b77ffd60	6e6880	3d1de	7e432bcfb010	7ffc3ab95fb0	7ffc3ab8c4c0	8	0	d8fe02ea4921089e	27c88e9343773d17	8000000000000001	0	1b9a2	7ffc3ab91dd0
21.594479	92bb4	1175e	7ffc3ab95fb0	5ba1b8e14490	5ba1b6f50a30	3d1de	0	8000000000000001	7ffc3ab86de0	0	5ba1b6f50ac0	5ba1b6f51f60	7e432de1ace0	4da2	8000000000000001	5ba1b6f50a90	7ffc3ab86f38
21.602918	92bf2	7e432bcfb010	7ffc3ab95fb0	304e80	8000000000000002	3d1de	7ffc3ab8c600	c13a	7ffc3ab8c5e0	0	5ba1b755c7b0	5ba1b7561d80	7e432de1ace0	7e432bfffe90	8000000000000001	5ba1b755c780	7ffc3ab8c728
21.608901	9a6d3	5ba1b79a7f30	7e432d44fe80	5ba40c47aab7	5ba1b65cd310	5ba1b626f010	5ba1b79a7f30	2629a	7ffc3ab91b10	5ba1b79a7ed0	0	1	4114341e0c03521b	7e432d44fe80	5ba1b62dcc90	2	5ba1b62dea30
21.620623	9b89c	5ba1b62f5a00	fffffffffffff5c8	5ba1b955a560	0	3b434	7ff	3b435	7ffc3ab91b20	368	0	1	368	7ffc3ab95fb0	7e432d7fd010	dc88	7ffc3ab91d00
21.633240	9bc13	1	1	7e432d9fe010	5ba1b6f2be70	5ba1b626f010	7	25ee6	7ffc3ab91b20	5ba1b6f2be50	10	1	4114341e0c03521b	3d1de	7e432d7fd010	27d3	7ffc3ab91d00
21.639366	95a83	0	a8	7ffc3ab91dd0	a8	0	7ffc3ab95fb0	7ffc3ab95fb0	7ffc3ab8ca50	301	0	db0ec403d8715576	90655b90ec170990	644c	0	19c00	7ffc3ab91dd0
21.647598	22a188699880	5ba1b6a14150	7ffc3ab8c958	a31	20	5ba1b6a140f0	5ba1b6a14150	4	7ffc3ab8c8e8	0	5ba1b6a14150	5ba1b6a14ba0	7e432de1ace0	4	5ba1b6a14150	5ba1b6a140c0	5ba1b6a14120
21.656230	92bb4	193ee	7ffc3ab95fb0	5ba1b8e14490	5ba1b8580210	3d1de	30fac	8000000000000001	7ffc3ab8a7a0	0	5ba1b8580240	5ba1b8581810	7e432de1ace0	2e0b7	8000000000000001	5ba1b85801a0	7ffc3ab8a8f8
21.670617	92c57	5ba1b72421c0	7ffc3ab95fb0	2bd94	8000000000000002	3d1de	7e432d21acb0	e9dc	7ffc3ab8e5c0	0	5ba1b9b46a50	5ba1b9b4aac0	7e432de1ace0	7e432d21acb0	8000000000000001	5ba1b9b46a20	7ffc3ab8e718
21.675879	92bf2	7e432bcfb010	7ffc3ab95fb0	1399c0	8000000000000002	3d1de	7ffc3ab914b0	4e67	7ffc3ab91490	0	5ba1b8b201f0	5ba1b8b222e0	7e432de1ace0	7e432be349d0	8000000000000001	5ba1b8b201c0	7ffc3ab915a8
21.682148	9a6b7	5ba1b62dcc90	7e432d272928	36d23	8000000000000002	3d1de	7e432d272928	12461	7ffc3ab8c150	0	5ba1b9b65140	5ba1b9b69580	7e432de1ace0	7e432d272928	8000000000000001	5ba1b9b65110	7ffc3ab8c2a8
21.688253	22a18859b7bc	0	3	5ba40d786001	5ba1b7631630	5ba1b626f010	7	5ba1b7631600	7ffc3ab91a70	5ba1b7631610	f	1	4114341e0c03521b	7e432de1ac80	0	5ba1b7631630	5ba1b62dea30
21.693532	9b744	7e432bcfb010	1	21abc0	5ba1b957dcd0	8000000000000001	7e432d9fe010	86af	7ffc3ab91b20	5ba1b957dc70	1	2	4114341e0c03521b	7ffc3ab95fb0	7e432d7fd010	145b6	7ffc3ab91d00
21.706537	9b89c	5ba1b62f4e20	fffffffffffffb02	5ba1b8ba16c0	0	2e3eb	7ff	391db	7ffc3ab91b20	1a9	0	2	1aa	7ffc3ab95fb0	7e432d7fd010	7474	7ffc3ab91d00
21.718291	22a18859a896	5ba1ba50dee0	5ba1ba50e1b0	31	31	5ba1ba50dee0	5ba1ba50e070	30	7ffc3ab8bf90	5ba4004b44ee	5ba4004b44ee	40	7c	7e432de1ac98	7e432de1ac80	5ba1ba50e1e0	5ba1ba50e
21.729030	92bf2	7e432bcfb010	7ffc3ab95fb0	b1cb40	8000000000000002	3d1de	7ffc3ab8b4e0	2c72d	7ffc3ab8b4c0	0	5ba1b6bc4b00	5ba1b6bc50b0	7e432de1ace0	7e432c817b50	8000000000000001	5ba1b6bc49a0	7ffc3ab8b618
21.740316	9a68d	5ba1b6ce6ec0	7ffc3ab8a720	16e1	38	5ba1b6ce6df0	5ba1b6ce6ec0	7	7ffc3ab8a6c0	0	5ba1b6ce6ec0	5ba1b6ce85d0	7e432de1ace0	7	5ba1b6ce6ec0	5ba1b6ce6dc0	5ba1b6ce6e90
21.749231	9278c	d1ad	7ffc3ab95fb0	0	e9	5ba1b7321a00	7ff	8000000000000001	7ffc3ab8fc60	0	bfa99d4fe25b1e67	4d	7e0ba707f70903e7	0	8000000000000001	2fda6	7ffc3ab8fd78
21.755567	95d66	0	ae	5ba1b99ab100	37067	fffffffffff7e5e0	40c1	40d0	7ffc3ab8d600	8be	0	0	81ac0	37067	0	1b4d7	7ffc3ab91dd0
21.761817	99e2d	654404034c068784	77c	784	784	3f8775bc22315286	1fff	5ba1b89e3820	7ffc3ab8ad00	8	0	a261f2c18797ed7c	39fe3ef625dcd19a	ffffff70	780	784	5ba1b9a8bfe0
21.767791	9b89c	5ba1b62f59a0	fffffffffffffd0c	5ba1b9c64950	0	1107b	7ff	2afd1	7ffc3ab91b20	fc	0	1	fc	7ffc3ab95fb0	7e432d7fd010	2	7ffc3ab91c68
21.780838	9b86f	5ba1b62f5f80	94d049bb133111eb	5ba1ba62eed0	0	c58e	7ff	27a00	7ffc3ab91b20	1f1	0	4d	9e3779b97f4a7c15	7ffc3ab95fb0	7e432d7fd010	ec72	7ffc3ab91d00
21.788038	9bc13	0	0	7e432d9fe010	5ba1b68b5390	5ba1b626f010	7	2ba55	7ffc3ab91b20	5ba1b68b5330	10	1	4114341e0c03521b	3d1de	7e432d7fd010	78f7	7ffc3ab91d00
21.797348	9b89c	5ba1b62f5240	fffffffffffffb8f	5ba1b7eb9f50	2c3ae	0	7ff	9975	7ffc3ab91b20	17a	0	2	17b	7ffc3ab95fb0	7e432d7fd010	29c6	7ffc3ab91d00
21.805344	945f3	0	382f8	1	0	7ffc3ab90cb0	7ffc3ab90cb8	5ba1b9a8c510	7ffc3ab90ca0	8	0	dafbcbabb724661	8a4947eba9770ed6	1776	531	b0	7ffc3ab90cb0
21.812307	927b6	2935f	7ffc3ab95fb0	0	26e	5ba1b7363a20	7ff	8000000000000001	7ffc3ab8f8e0	0	1	fffffffffffff8b6	0	0	8000000000000001	0	7ffc3ab8fa28
21.819673	93b49	ddfff8978103f36f	7ffc3ab8c898	ef11645dbf736475	40cbfb0f8f480870	893402adfb32148a	1100000000000001	7ffc3ab918b0	7ffc3ab8c890	0	1	d8fce9a01cc0725f	61ff662566f04440	81	7ffc3ab919c0	7ffc3ab8c940	7ffc3ab8c890
21.830407	95f0c	eef2ecb831cc8fff	7ffc3ab8e1a8	ba476ed065dde3e5	d62e44988cac760e	bd60f9f138dca820	1000000000000000	7ffc3ab95fb0	7ffc3ab8e1a0	8	0	d83c8ea1f348782a	4a99b3b323121700	3014e	0	b0	7ffc3ab8e1a0
21.844063	22a18859c9d1	7e432de1ad10	7e432de1ac80	20	7e432de1ad20	7e432de1ad10	7e432de1ac90	38	7ffc3ab8ba20	0	5ba1b6d30530	5ba1b6d36ee0	7e432de1ace0	2	40	4	5ba1b6d30530
21.850451	9985c	a2fde8425dc94095	321ec	51	3fff	788eb04b5dfd99e3	1800000000000000	321ec	7ffc3ab8f070	8	0	5ba1b8ab1a80	750ae0ff0046210c	a2fde8425dc94095	1	7ffc3ab8f0f0	7ffc3ab91b90
21.863437	9b89c	5ba1b62f5980	fffffffffffff4cf	5ba1b9d64e60	7d7e	0	7ff	6dd0	7ffc3ab91b20	3bb	0	1	3bb	7ffc3ab95fb0	7e432d7fd010	1198d	7ffc3ab91d00
21.877243	9b89c	5ba1b62f4b80	fffffffffffff2f2	5ba1b7347260	0	2a6b6	7ff	2c40c	7ffc3ab91b20	458	0	4	45a	7ffc3ab95fb0	7e432d7fd010	5d74	7ffc3ab91d00
21.890414	9a6cd	5ba1b62dea30	7e432d24bf40	31fe6	8000000000000002	3d1de	7e432d24bf40	10aa2	7ffc3ab8c060	0	5ba1b6f7c430	5ba1b6f7c820	7e432de1ace0	7e432d24bf40	8000000000000001	5ba1b6f7c400	7ffc3ab8c188
21.900575	99272	7e432d0bc010	0	7e432d573be8	f00	3d1de	4a6	7ffc3ab91a01	7ffc3ab8e1e0	8	0	7ffc3ab91b40	8000000000000001	0	1	32529	7ffc3ab95fb0
21.910611	92ad1	5ba1b6850e20	7ffc3ab95fb0	7e432d0bc010	0	3d1de	0	8000000000000001	7ffc3ab90d00	0	5fbf	28	0	7e432d0bc010	7e432d591e70	33944	5ba1b6850d50
21.920956	92bf2	7e432bcfb010	7ffc3ab95fb0	b16a80	8000000000000002	3d1de	7ffc3ab859e0	2c5aa	7ffc3ab859c0	0	5ba1b79df650	5ba1b79e0ce0	7e432de1ace0	7e432c811a90	8000000000000001	5ba1b79df5b0	7ffc3ab85b18
21.928529	22a18859ce22	0	7e432de1ac80	18	7e432de1ad10	7e432de1ad00	5b	20	7ffc3ab8ffa0	0	5ba1b857b7f0	5ba1b8581810	7e432de1ace0	ffffffffffffff88	30	3	1
21.942211	9bc13	0	0	5ba1b9042a00	5ba1b79e5be0	5ba1b626f010	7	3351b	7ffc3ab91b20	5ba1b79e5c20	2	1	4114341e0c03521b	3d1de	7e432d7fd010	0	7ffc3ab91c68
21.948978	9b86f	5ba1b62f51e0	94d049bb133111eb	5ba1b70bcb10	2a2bb	0	7ff	33d20	7ffc3ab91b20	205	0	4c	9e3779b97f4a7c15	7ffc3ab95fb0	7e432d7fd010	14025	7ffc3ab91d00
21.960886	9b89c	5ba1b62f5b00	ffffffffffffed67	5ba1ba5dd320	3d14c	0	7ff	368bc	7ffc3ab91b20	633	0	1	633	7ffc3ab95fb0	7e432d7fd010	85ec	7ffc3ab91d00
21.971516	9bc13	0	0	7e432d9fe010	5ba1b763db60	5ba1b626f010	7	aff9	7ffc3ab91b20	5ba1b763db00	10	1	4114341e0c03521b	3d1de	7e432d7fd010	2bbd	7ffc3ab91d00
21.981672	93a3c	8000000000000002	ba	5ba1b9a2cb20	b36780	3d1de	7e432bcfb010	7ffc3ab95fb0	7ffc3ab90f50	8	0	dcd54eb1c3b9689c	361ca23aefb925e7	8000000000000001	0	2cd9e	7ffc3ab91dd0
21.995055	927e6	0	7ffc3ab95fb0	13acc	7ac	5ba1b9bfa070	7ff	8000000000000001	7ffc3ab8fe20	0	0	56	0	0	8000000000000001	13acc	7ffc3ab8ff68
22.006092	93a3c	8000000000000002	b8	5ba1b8ab1a80	6162c0	3d1de	7e432bcfb010	7ffc3ab95fb0	7ffc3ab8b620	8	0	d274bb2107804200	cd74ea49917dd24a	8000000000000001	bdc2	1858b	7ffc3ab91dd0
22.020077	94c6d	6266	1	fffffffffffff577	fffffffffffffc7d	7ffc3ab8b980	8000000000000001	81	7ffc3ab8b940	0	fffffffffffffc7d	5ba1b76e46a0	7e432de1ace0	7ffc3ab95fb0	7ffc3ab919c0	6266	36
22.025958	99352	7e432d0bc010	36068	7e432d0bc010	1f01	3d1de	5ba1b67b35d0	7ffc3ab91b01	7ffc3ab8df80	8000000000000000	0	7ffc3ab91ca0	8000000000000001	0	1	0	7ffc3ab95fb0
22.034846	9b744	7e432bcfb010	1	d51580	5ba1b960b230	8000000000000001	5ba1b8b0cc10	35456	7ffc3ab91b20	5ba1b960b210	2	1	4114341e0c03521b	7ffc3ab95fb0	7e432d7fd010	1	7ffc3ab91c68
22.041491	9b89c	5ba1b62f4b80	fffffffffffffb9b	5ba1b7347260	2991d	0	7ff	316b6	7ffc3ab91b20	177	0	1	177	7ffc3ab95fb0	7e432d7fd010	13c76	7ffc3ab91d00
22.048444	9b877	5ba1b62f4c40	94d049bb133111eb	5ba1b9b397b0	0	2c6f1	7ff	1deb0	7ffc3ab91b20	371	0	68	9e3779b97f4a7c15	7ffc3ab95fb0	7e432d7fd010	f961	7ffc3ab91d00
22.058048	9b744	7e432bcfb010	1	796a00	5ba1b78c86d0	8000000000000001	7e432d9fe010	1e5a8	7ffc3ab91b20	5ba1b78c8670	0	1	4114341e0c03521b	7ffc3ab95fb0	7e432d7fd010	44dc	7ffc3ab91d00
22.070958	92bf2	7e432bcfb010	7ffc3ab95fb0	424bc0	8000000000000002	3d1de	7ffc3ab8f0f0	1092f	7ffc3ab8f0d0	0	5ba1b661ba50	5ba1b661bf60	7e432de1ace0	7e432c11fbd0	8000000000000001	5ba1b661ba20	7ffc3ab8f1e8
22.078459	93a3c	8000000000000002	be	5ba1b9a2cb20	6e07c0	3d1de	7e432bcfb010	7ffc3ab95fb0	7ffc3ab8f2a0	8	0	d3af900b42cb3910	ddb761597c4b089	8000000000000001	2d3bc	1b81f	7ffc3ab91dd0
22.088212	9268d	8000000000000001	0	7ffc3ab91ca0	0	7ffc3ab894c8	7ffc3ab95fb0	2c327	7ffc3ab89458	1	0	5ba1b89e30a0	0	0	1	0	7ffc3ab95fb0
22.099391	9a677	5ba1b773b840	7ffc3ab8c838	2e51	20	5ba1b773b7e0	5ba1b773b840	4	7ffc3ab8c7d0	0	5ba1b773b840	5ba1b773e6b0	7e432de1ace0	4	5ba1b773b840	5ba1b773b7b0	5ba1b773b810
22.112991	9a6b7	5ba1b62dcc90	7e432d4c17a8	80af3	8000000000000002	3d1de	7e432d4c17a8	2ae51	7ffc3ab8bef0	0	5ba1b7dddf10	5ba1b7ddf220	7e432de1ace0	7e432d4c17a8	8000000000000001	5ba1b7dddee0	7ffc3ab8c048
22.126574	9b76c	7e432bed7c10	1	654d06e9a1a63770	8000000000000002	8000000000000001	7e432d9fe010	7730	7ffc3ab91b20	5ba1b6d1d040	10	1	4114341e0c03521b	7ffc3ab95fb0	7e432d7fd010	1501e	7ffc3ab91d00
22.140488	9bc13	1	1	7e432d9fe010	5ba1b78497e0	5ba1b626f010	7	2718c	7ffc3ab91b20	5ba1b78497c0	10	2	4114341e0c03521b	3d1de	7e432d7fd010	725b	7ffc3ab91d00
22.151791	22a18859a800	5ba1b75afa00	5ba1b75afc90	41	1	5ba1b75afa00	5ba1b75afa70	30	7ffc3ab8b450	5ba40d4188af	5ba1b75afd00	40	7c	7e432de1ac98	7e432de1ac80	5ba1b75afcc0	5ba1b75af
22.164067	927b6	1b93d	7ffc3ab95fb0	0	7f0	5ba1b7ef4a10	7ff	8000000000000001	7ffc3ab8bda0	0	1	ffffffffffffe830	0	0	8000000000000001	0	7ffc3ab8bee8
22.176758	927b6	8aa4	7ffc3ab95fb0	0	3fa	5ba1b8900cd0	7ff	8000000000000001	7ffc3ab8e900	0	1	fffffffffffff412	0	0	8000000000000001	0	7ffc3ab8ea48
22.188835	94a1c	26	7ffc3ab95fb0	5ba1ba4626a0	7ff	0	1100000000000000	8000000000000001	7ffc3ab86460	0	1	def2d196d2b5863d	2de7f1c629dacaac	81	7ffc3ab91960	2c9a3	67
22.199103	92b7d	7e432d7fd010	7ffc3ab95fb0	0	5ba1b89eef40	3d1de	3a5ef	8000000000000001	7ffc3ab8b3e0	0	5ba1b89eef70	5ba1b89f4c70	7e432de1ace0	7e432d0bc010	8000000000000001	5ba1b89eeed0	7ffc3ab8b528
22.212951	9b744	7e432bcfb010	1	ecb540	5ba1b74c7070	8000000000000001	7e432d9fe010	3b2d5	7ffc3ab91b20	5ba1b74c7050	0	1	4114341e0c03521b	7ffc3ab95fb0	7e432d7fd010	16b38	7ffc3ab91d00
22.218251	9b744	7e432bcfb010	1	769b80	5ba1b779eb50	8000000000000001	7e432d9fe010	1da6e	7ffc3ab91b20	5ba1b779eaf0	0	1	4114341e0c03521b	7ffc3ab95fb0	7e432d7fd010	12027	7ffc3ab91d00
22.228266	9b744	7e432bcfb010	1	18e980	5ba1b7815ce0	8000000000000001	7e432d9fe010	63a6	7ffc3ab91b20	5ba1b7815cc0	10	2	4114341e0c03521b	7ffc3ab95fb0	7e432d7fd010	8aa2	7ffc3ab91d00
22.236033	9b89c	5ba1b62f5ea0	fffffffffffffab1	5ba1b7df92e0	0	3265e	7ff	2f627	7ffc3ab91b20	1c5	0	1	1c5	7ffc3ab95fb0	7e432d7fd010	2ec6	7ffc3ab91d00
22.242221	22a18859a806	5ba1b7a14400	5ba1b7a14960	151	0	5ba1b7a14400	5ba1b7a14960	27b0	7ffc3ab8b210	5ba40dba0877	5ba1b7a17260	150	7c	7e432de1aca0	7e432de1ac80	5ba1b7a17110	5ba1b7a17
22.253869	927b6	0	7ffc3ab95fb0	89db	494	5ba1b95ad910	7ff	8000000000000001	7ffc3ab8af60	0	1	fffffffffffff244	0	0	8000000000000001	89db	7ffc3ab8b0a8
22.260680	929ff	a5300	7ffc3ab95fb0	7e432d0bc010	0	3d1de	0	8000000000000001	7ffc3ab8bbc0	0	fc3b	18	0	7e432d0bc010	7e432d5e5b88	37125	5ba1b9e85820
22.266952	927b6	0	7ffc3ab95fb0	13b26	5e8	5ba1b9524310	7ff	8000000000000001	7ffc3ab8b480	0	1	ffffffffffffee48	0	0	8000000000000001	13b26	7ffc3ab8b5c8
22.274230	93a3c	8000000000000002	c4	5ba1b8ab1a80	331c00	3d1de	7e432bcfb010	7ffc3ab95fb0	7ffc3ab8ffd0	8	0	de9854ef6200242a	f7f383ae7994236	8000000000000001	0	cc70	7ffc3ab91dd0
22.279836	929e6	0	7ffc3ab95fb0	34686	3b0	5ba1b88e3850	7ff	8000000000000001	7ffc3ab8e920	0	1	5ba1b88ddfd0	0	0	8000000000000001	34686	7ffc3ab8ea68
22.285540	9278c	0	7ffc3ab95fb0	33611	5b7	5ba1b7a06300	7ff	8000000000000001	7ffc3ab861a0	10	0	25	0	7ffc3ab95fb0	8000000000000001	33611	7ffc3ab862f8
22.297615	9b744	7e432bcfb010	1	b90700	5ba1b9e69840	8000000000000001	5ba1b8abab70	2e41c	7ffc3ab91b20	5ba1b9e697e0	10	10	4114341e0c03521b	7ffc3ab95fb0	7e432d7fd010	3	7ffc3ab91c68
22.306279	9a6b7	5ba1b76964f0	7e432d398ee0	5b9da	a0	3d1de	7e432d398ee0	1e89e	7ffc3ab91b10	1a	10	1	500	7e432d398ee0	5ba1b62dcc90	15830	5ba1b62dea30
22.319689	9b89c	5ba1b62f5aa0	fffffffffffffeb6	5ba1b95ef090	0	cbcc	7ff	b592	7ffc3ab91b20	6e	0	1	6e	7ffc3ab95fb0	7e432d7fd010	8656	7ffc3ab91d00
22.328600	9b744	7e432bcfb010	1	c4c240	5ba1b650c010	8000000000000001	7e432d9fe010	31309	7ffc3ab91b20	5ba1b650bff0	10	1	4114341e0c03521b	7ffc3ab95fb0	7e432d7fd010	2fbf	7ffc3ab91d00
22.336336	926b9	8000000000000001	7ffc3ab95fb0	0	c205	7ffc3ab8dec8	7ffc3ab95fb0	8000000000000001	7ffc3ab8ddb0	fe00	0	dc5e47790f7fcb42	6187d9861d73df03	0	8000000000000001	272c4	7ffc3ab91dd0
22.349051	927b6	1b306	7ffc3ab95fb0	0	1d3	5ba1b66f1940	1ff	8000000000000001	7ffc3ab83880	0	1	fffffffffffffa87	33ba3a2392b4c288	7ffc3ab95fb0	8000000000000001	0	7ffc3ab839d8
22.355582	99272	7e432d0bc010	0	7e432d0e5d88	1f00	3d1de	3020	7ffc3ab91a01	7ffc3ab8ba20	8	0	7ffc3ab91b40	8000000000000001	0	1	1be5	7ffc3ab95fb0
22.367547	92bf2	7e432bcfb010	7ffc3ab95fb0	4254c0	8000000000000002	3d1de	7ffc3ab90e30	10953	7ffc3ab90e10	0	5ba1b77a55f0	5ba1b77a6270	7e432de1ace0	7e432c1204d0	8000000000000001	5ba1b77a55c0	7ffc3ab90f28
22.374345	9454c	734d36a696cd4d9a	7ffc3ab8f8b8	92b9b2aab8728208	8	7ffc3ab8f8b0	7ffc3ab8f8b8	7ffc3ab91a30	7ffc3ab8f8a0	0	0	dafbcbabf44c55b	8a391ad7c65e93d5	0	1	7ffc3ab8f950	7ffc3ab8f8b0
22.379870	9a6b7	5ba1b62dcc90	7e432d44e7e8	724fb	8000000000000002	3d1de	7e432d44e7e8	261a9	7ffc3ab873f0	0	5ba1b6bf1870	5ba1b6bf1c10	7e432de1ace0	7e432d44e7e8	8000000000000001	5ba1b6bf1840	7ffc3ab87558
22.394499	9a6b7	5ba1b9e62230	7e432d18af38	19de5	578	3d1de	7e432d18af38	89f7	7ffc3ab91b10	2	0	80	2bc0	7e432d18af38	5ba1b62dcc90	4	5ba1b62dea30
22.404310	9b86f	5ba1b62f4a80	94d049bb133111eb	5ba1b9b5e790	340e3	0	7ff	2d79f	7ffc3ab91b20	13d	0	46	9e3779b97f4a7c15	7ffc3ab95fb0	7e432d7fd010	131fd	7ffc3ab91d00
22.415186	9b89c	5ba1b62f4d80	fffffffffffffd1b	5ba1b8bd48b0	0	1d5e6	7ff	a4f2	7ffc3ab91b20	f7	0	1	f7	7ffc3ab95fb0	7e432d7fd010	9fad	7ffc3ab91d00
22.425318	9a6b7	5ba1b7145dd0	7e432d1fb3c0	27e76	3e8	3d1de	7e432d1fb3c0	d4d2	7ffc3ab91b10	3	2	1	1f40	7e432d1fb3c0	5ba1b62dcc90	30b9	5ba1b62dea30
22.432119	22a18859a70f	5ba1b78af5e0	5ba1b7e9b600	61	5ba1b631d3d0	5ba1b78af5e0	5ba1b7e9ba70	4d0	7ffc3ab8ad80	5ba40df2c44b	5ba1b7e9bad0	60	7c	7e432de1aca0	7e432de1ac80	5ba1b7e9bad0	5ba1b7e9b
22.440183	93a3c	8000000000000002	cc	5ba1b8ab1a80	340400	3d1de	7e432bcfb010	7ffc3ab95fb0	7ffc3ab8bf20	8	0	ddd977695a83e9ba	4099f8f6c4cdd9ac	8000000000000001	b5b	d010	7ffc3ab91dd0
22.451437	92ad1	5ba1b68d4fc0	7ffc3ab95fb0	7e432d0bc010	0	3d1de	0	8000000000000001	7ffc3ab8d1a0	20	bf8f	0	0	7e432d0bc010	7e432d34bdb0	1b53c	5ba1b68d5090
22.461908	22a18859e067	3	7ffc3ab896a8	5ba1b688c200	0	3d1de	28	8000000000000001	7ffc3ab89618	0	ffbe	6c	0	8000000000000000	7e432d11e248	5ba1b688c200	7ffc3ab897c8
22.473833	95ae4	2011	ce	5ba1b9a2cb20	7fff	0	1000000000000000	7ffc3ab95fb0	7ffc3ab8e380	8	0	e44df486b83bb7d4	7dc23c0598cd45fb	8000000000000001	10bdb	31fcc	7ffc3ab91dd0
22.486158	99418	5ba1b75bb290	9fb9	8000000000000000	f01	3d1de	6be6014068c82a65	7ffc3ab91a01	7ffc3ab8e420	ce	4	7ffc3ab91b40	8000000000000001	0	1	0	7ffc3ab95fb0
22.499126	9b86f	5ba1b62f4ae0	94d049bb133111eb	5ba1b9afb180	0	36d5e	7ff	3ae81	7ffc3ab91b20	352	0	27	9e3779b97f4a7c15	7ffc3ab95fb0	7e432d7fd010	1	7ffc3ab91c68
22.513644	9bc13	0	0	7e432d9fe010	5ba1b70a27b0	5ba1b626f010	7	d6e1	7ffc3ab91b20	5ba1b70a2750	0	1	4114341e0c03521b	3d1de	7e432d7fd010	10a7f	7ffc3ab91d00
22.526915	9baba	5ba1b62f5d60	5ba1b9635010	5ba1b963db60	8ff	0	7ff	cb21	7ffc3ab91b20	5ce	0	1	5ce	7ffc3ab95fb0	7e432d7fd010	31c2	7ffc3ab91d00
22.538186	9a6c9	5ba1b62dea30	7e432d383208	58e3f	8000000000000002	3d1de	7e432d383208	1da15	7ffc3ab8c0f0	0	5ba1b76d8ab0	5ba1b76d8f00	7e432de1ace0	7e432d383208	8000000000000001	5ba1b76d8a80	7ffc3ab8c218
22.549163	95ea5	84df379d2c06c4b5	7ffc3ab8e438	b8a1196941fde9b2	91c06e0deda27d90	65aa613c5b82dc12	1000000000000000	7ffc3ab95fb0	7ffc3ab8e430	8	0	e3be713a8919aa14	c7c0085818eba01b	0	0	d2	7ffc3ab8e430
22.557089	22a18859ce7d	7	7e432de1ac80	18	5ba1b6972b50	7e432de1ad00	0	28	7ffc3ab908d0	0	8f5	79	7e432de1ace0	ffffffffffffff88	30	5ba1b626f010	1
22.570270	95d54	5ba1b8ab1a80	d0	5ba1b8aaea00	3fff	ffffffffffffcf80	174	184	7ffc3ab91420	1	0	e31fb816c18d4658	3253388f8a942b13	8335	0	209d3	7ffc3ab91dd0
22.576176	99120	7ffc3ab91a30	58ff	7ffc3ab91b40	0	0	7ffc3ab95fb0	0	7ffc3ab8e4d8	1	0	7ffc3ab91b40	8000000000000001	0	1	0	7ffc3ab95fb0
22.586604	928f3	0	7ffc3ab95fb0	31564	7db	5ba1b95e2870	7ff	8000000000000001	7ffc3ab8b180	0	30fa	b	0	0	8000000000000001	31564	7ffc3ab8b2c8
22.595540	9a6b7	5ba1b74f11e0	7e432d10e300	a45e	606	3d1de	7e432d10e300	36ca	7ffc3ab91b10	1	0	1	3030	7e432d10e300	5ba1b62dcc90	3	5ba1b62dea30
22.601348	9b89c	5ba1b62f5100	fffffffffffff03d	5ba1b6dbaad0	0	32e48	7ff	eb81	7ffc3ab91b20	53f	0	4	541	7ffc3ab95fb0	7e432d7fd010	181c4	7ffc3ab91d00
22.607015	9bc13	1	1	7e432d9fe010	5ba1b72129e0	5ba1b626f010	7	38045	7ffc3ab91b20	5ba1b72129c0	1	1	4114341e0c03521b	3d1de	7e432d7fd010	13d8c	7ffc3ab91d00
22.616712	9b744	7e432bcfb010	1	a74640	5ba1b76a0350	8000000000000001	7e432d9fe010	29d19	7ffc3ab91b20	5ba1b76a02f0	0	3	4114341e0c03521b	7ffc3ab95fb0	7e432d7fd010	a491	7ffc3ab91d00
22.626914	9a6cd	5ba1b6662990	7e432d4e32e8	5ba40c7d4a72	5ba1b6662c10	5ba1b626f010	7	2c4c9	7ffc3ab91b10	5ba1b6662bb0	10	1	4114341e0c03521b	7e432d4e32e8	5ba1b62dcc90	32a3	5ba1b62dea30
22.632550	22a18859a806	5ba1b7952d70	5ba1b7952f00	41	7e432de1ace0	5ba1b7952d70	5ba1b7952f00	f0	7ffc3ab8a910	5ba40d8e4962	5ba1b7953030	40	7c	7e432de1ac98	7e432de1ac80	5ba1b7952ff0	5ba1b7952
22.642774	95d54	5ba1b9a2cb20	d6	5ba1b99acb20	7fff	fffffffffff80000	3ff0	4000	7ffc3ab8c6d0	8c3	0	e3e8bbd127bb46d8	52dc0c3b0e4d2b7d	0	1a7	2a817	7ffc3ab91dd0
22.656411	93a3c	8000000000000002	36f15	d7a44d5e3d220ea2	dbc540	3d1de	7e432bcfb010	8000000000000000	7ffc3ab88b90	d6	4	7ffc3ab91b40	8000000000000001	0	1	0	7ffc3ab95fb0
22.662299	cf0d5	5ba1b70e1620	5ba1b70e1600	7	1	7	5ba1b70e1600	8000000000000001	7ffc3ab8d0d0	0	5ba1b70e1620	5ba1b70e4f90	7e432de1ace0	200000000	7e432d0bc010	1	8000000000000000
22.669944	931f1	5ba1b7dd65f0	7ffc3ab95fb0	fffffffffffff6c4	fffffffffffffcec	33e84	ffaf	25	7ffc3ab8aa40	0	5ba1b6921520	5ba1b6925cf0	7e432de1ace0	5ba1b62f5da0	18a0	314	7ffc3ab8ab58
22.676380	927b6	0	7ffc3ab95fb0	39656	28b	5ba1b9c35370	7ff	8000000000000001	7ffc3ab8cbe0	0	1	fffffffffffff85f	0	0	8000000000000001	39656	7ffc3ab8cd28
22.682058	9279e	0	7ffc3ab95fb0	185d4	2d1	5ba1b958ff40	7ff	8000000000000001	7ffc3ab89e00	10	2000	27	0	7ffc3ab95fb0	8000000000000001	185d4	7ffc3ab89f58
22.690464	99272	7e432d0bc010	0	7e432d236118	3f00	3d1de	7	7ffc3ab91b01	7ffc3ab8b7c0	8	0	7ffc3ab91ca0	8000000000000001	0	1	fc0b	7ffc3ab95fb0
22.698475	9b89c	5ba1b62f57c0	fffffffffffffd2a	5ba1b6fc2b70	1c4c	0	7ff	c858	7ffc3ab91b20	f2	0	1	f2	7ffc3ab95fb0	7e432d7fd010	19e90	7ffc3ab91d00
22.712336	9a6cd	5ba1b901d510	7e432d5114e8	8aa9b	751	3d1de	7e432d5114e8	2e389	7ffc3ab91b10	1	0	1	3a88	7e432d5114e8	5ba1b62dcc90	beff	5ba1b62dea30
22.722587	9b86f	5ba1b62f4e60	94d049bb133111eb	5ba1b8c27950	0	148a	7ff	3d171	7ffc3ab91b20	5aa	0	6c	9e3779b97f4a7c15	7ffc3ab95fb0	7e432d7fd010	4df1	7ffc3ab91d00
22.731241	22a18859a8ae	5ba1b6fdb790	5ba1b77d86f0	f1	140	5ba1b6fdb790	5ba1b77d87a0	180	7ffc3ab8a6d0	5ba40d66feb8	5ba1b77d8960	f0	7c	7e432de1aca0	7e432de1ac80	5ba1b77d8870	5ba1b77d8
22.743352	92c8e	7e432d7fd010	7ffc3ab95fb0	0	8000000000000002	3d1de	7e432d196f80	91fa	7ffc3ab8d1e0	0	5ba1b6ccae80	5ba1b6ccbab0	7e432de1ace0	91fa	8000000000000001	5ba1b6ccade0	7ffc3ab8d328
22.752040	931f1	5ba1b958ff40	7ffc3ab95fb0	ffffffffffffeb6c	fffffffffffff924	0	877c	74	7ffc3ab89e00	0	5ba1b69427e0	5ba1b6944b90	7e432de1ace0	5ba1b62f5640	1140	118	7ffc3ab89f58
22.766505	92794	0	7ffc3ab95fb0	7d7e	7e6	5ba1b7321a00	7ff	8000000000000001	7ffc3ab8fdc0	0	bea30b7140b53001	d	2c289b8121658370	0	8000000000000001	b202	7ffc3ab8fed8
22.776162	93a3c	8000000000000002	da	5ba1b9a2cb20	57a2c0	3d1de	7e432bcfb010	7ffc3ab95fb0	7ffc3ab8be50	0	e0e80	e43a7832f387ea8e	5689c7a4ce60de69	8000000000000001	df4	15e8b	7ffc3ab91dd0
22.786059	99327	7e432d0bc010	0	7e432d292290	3f00	3d1de	5ba1b66ab360	7ffc3ab91b01	7ffc3ab8c900	8000000000000000	0	7ffc3ab91ca0	8000000000000001	0	1	13970	7ffc3ab95fb0
22.796732	9b89c	5ba1b62f4e20	fffffffffffff76c	5ba1b8ba16c0	0	2bfef	7ff	3697a	7ffc3ab91b20	2dc	0	1	2dc	7ffc3ab95fb0	7e432d7fd010	18c9c	7ffc3ab91d00
22.805307	9b89c	5ba1b62f5ac0	fffffffffffff8d7	5ba1ba4f59d0	cbc2	0	7ff	d5ca	7ffc3ab91b20	263	0	1	263	7ffc3ab95fb0	7e432d7fd010	1203a	7ffc3ab91d00
22.811069	9b744	7e432bcfb010	1	b7a7c0	5ba1b9e5c2b0	8000000000000001	7e432d9fe010	2de9f	7ffc3ab91b20	5ba1b9e5c290	3	4	4114341e0c03521b	7ffc3ab95fb0	7e432d7fd010	c2e5	7ffc3ab91d00
22.821754	9bc13	1	1	7e432d9fe010	5ba1b6d55a30	5ba1b626f010	7	1dc02	7ffc3ab91b20	5ba1b6d55a10	1	2	4114341e0c03521b	3d1de	7e432d7fd010	34bf	7ffc3ab91d00
22.828726	22a18859a6ff	5ba1ba5b8cf0	5ba1b66274d0	f1	5ba1b66277f0	5ba1ba5b8cf0	5ba1b66276c0	2e0	7ffc3ab8a480	5ba40c791197	5ba1b66277b0	f0	7c	7e432de1aca0	7e432de1ac80	5ba1b66277b0	5ba1b6627
22.834104	92bb4	1e90e	7ffc3ab95fb0	5ba1b8e14490	5ba1b6fdf480	3d1de	0	8000000000000001	7ffc3ab8c070	0	5ba1b6fdf5f0	5ba1b6fe00b0	7e432de1ace0	37c34	8000000000000001	5ba1b6fdf5c0	7ffc3ab8c188
22.843506	9a68d	5ba1ba5c3000	7ffc3ab8c7a0	10c1	38	5ba1ba5c2ed0	5ba1ba5c3000	7	7ffc3ab8c740	0	5ba1ba5c3000	5ba1ba5c40f0	7e432de1ace0	7	5ba1ba5c3000	5ba1ba5c2ea0	5ba1ba5c2fd0
22.852172	99983	5ba1b9a5aa60	2de94	0	fff	fffffffffffeea80	1	0	7ffc3ab8cb28	39aa5	0	5ba1b9a6bfe0	0	8ab	fffffffffffeea80	7ffc3ab8cb90	7ffc3ab91a30
22.858764	92bf2	7e432bcfb010	7ffc3ab95fb0	44180	8000000000000002	3d1de	7ffc3ab8d720	1106	7ffc3ab8d700	0	5ba1b787e4e0	5ba1b78827d0	7e432de1ace0	7e432bd3f190	8000000000000001	5ba1b787e440	7ffc3ab8d848
22.870155	9a62b	0	7ffc3ab90f18	0	20	5ba1b6c290e0	0	4	7ffc3ab90eb0	0	5ba1b6c293b0	5ba1b6c2d340	7e432de1ace0	7ffffffffffffff8	7e432d165db0	5ba1b6c290b0	5ba1b6c293b0
22.881038	94bfe	29ad4	0	0	fff	ffffffffffffc220	1	0	7ffc3ab8c120	32	0	5ba1b9a6bfe0	0	7ffc3ab95fb0	7ffc3ab919c0	81	32
22.888985	9453c	0	7ffc3ab91408	1	8	7ffc3ab91400	7ffc3ab91408	455d	7ffc3ab913f0	0	0	e15f7131e9c6a6f8	e1cc12b1b3fea674	0	1	7ffc3ab914f0	7ffc3ab91400
22.902173	9b752	7e432bcfb010	1	e56540	8000000000000002	8000000000000001	7e432d9fe010	39595	7ffc3ab91b20	5ba1b7913b10	10	1	4114341e0c03521b	7ffc3ab95fb0	7e432d7fd010	18961	7ffc3ab91d00
22.914396	9a6b7	5ba1b718b000	7e432d4526e8	72cdb	6f5	3d1de	7e432d4526e8	26449	7ffc3ab91b10	1	0	1	37a8	7e432d4526e8	5ba1b62dcc90	d045	5ba1b62dea30
22.926340	9bb49	5ba1b62f4620	5ba1b6f3ed01	5ba1b6f48ea0	6b7	6a7	80	b91c	7ffc3ab91b20	19	9	1	35b8	7ffc3ab95fb0	5ba1b62dcc90	35cf	7ffc3ab91d00
22.934664	9278c	1dcf4	7ffc3ab95fb0	0	46e	5ba1b9afb180	7ff	8000000000000001	7ffc3ab90000	0	d056e9431abb5e63	2f	543997b1d24883f4	0	8000000000000001	3a6ed	7ffc3ab90118
22.947453	93a3c	8000000000000002	e2	5ba1b9a2cb20	a1c7c0	3d1de	7e432bcfb010	7ffc3ab95fb0	7ffc3ab8aaa0	8	0	e1acabc996448410	bdf439d98453a770	8000000000000001	1ddd3	2871f	7ffc3ab91dd0
22.960808	927b6	2781a	7ffc3ab95fb0	0	36	5ba1b9edd540	7ff	8000000000000001	7ffc3ab90100	0	8	ffffffffffffff55	0	0	8000000000000001	0	7ffc3ab90248
22.974037	95e23	0	7ffc3ab91138	1	8	7ffc3ab91130	7ffc3ab91138	7ffc3ab95fb0	7ffc3ab91130	8	0	dafbcbab2bd356a	8a6f2b9473bf3888	29eb4	0	e2	7ffc3ab91130
22.983938	9278c	0	7ffc3ab95fb0	dce9	74d	5ba1b8bd48b0	7ff	8000000000000001	7ffc3ab8f2d0	10	0	a	c63a9afb559f5fdb	0	8000000000000001	2f8a8	7ffc3ab8f3e8
22.993107	927c4	0	7ffc3ab95fb0	5cd6	7c7	5ba1b8566c40	7ff	8000000000000001	7ffc3ab90340	0	80	ffffffffffffe896	0	0	8000000000000001	5cd6	7ffc3ab90488
23.008233	9bc13	1	1	7e432d9fe010	5ba1b9dff250	5ba1b626f010	7	10c71	7ffc3ab91b20	5ba1b9dff230	10	2	4114341e0c03521b	3d1de	7e432d7fd010	1a2d4	7ffc3ab91d00
23.014538	9b744	7e432bcfb010	1	2a25c0	5ba1b7568da0	8000000000000001	7e432d9fe010	a897	7ffc3ab91b20	5ba1b7568d80	0	1	4114341e0c03521b	7ffc3ab95fb0	7e432d7fd010	15013	7ffc3ab91d00
23.028302	9b744	7e432bcfb010	1	a209c0	5ba1b76c2ff0	8000000000000001	7e432d9fe010	28827	7ffc3ab91b20	5ba1b76c2f90	0	1	4114341e0c03521b	7ffc3ab95fb0	7e432d7fd010	8b74	7ffc3ab91d00
23.042065	22a18859a709	5ba1b667da90	5ba1b76c9890	31	5ba1b76cd540	5ba1b667da90	5ba1b76cd4d0	3c70	7ffc3ab8a000	5ba40d77a3cd	5ba1b76cd500	30	7c	7e432de1aca0	7e432de1ac80	5ba1b76cd500	5ba1b76cd
23.051204	93a3c	8000000000000002	e6	5ba1b9a2cb20	1c9480	3d1de	7e432bcfb010	7ffc3ab95fb0	7ffc3ab8b820	8	0	e37fda901e2b4734	40e549323a65a59e	8000000000000001	0	7252	7ffc3ab91dd0
23.060386	92ad1	5ba1b673be90	7ffc3ab95fb0	7e432d0bc010	328ef	3d1de	10da5	8000000000000001	7ffc3ab88740	0	ef7b	1d	0	7e432d250788	7e432d0bc010	0	5ba1b673bef0
23.067444	9a6b7	5ba1b62dcc90	7e432d1b46c8	1f0d7	8000000000000002	3d1de	7e432d1b46c8	a59d	7ffc3ab91190	0	5ba1b70db260	5ba1b70dd9b0	7e432de1ace0	7e432d1b46c8	8000000000000001	5ba1b70db160	7ffc3ab912e8
23.078015	9312c	5ba1b9aee960	7ffc3ab95fb0	7ff	5cd	50	1	2a	7ffc3ab90090	0	5ba1b72d3750	5ba1b72d7060	7e432de1ace0	5ba1b62f4ac0	5c0	6bd	7ffc3ab901a8
23.083408	95cc1	5ba1b9a2cb20	e6	48	7fff	eb2ec63e931d7fb9	0	2d71	7ffc3ab8bd40	0	404	5ba1b99d1cc0	5ae60	0	3171e	2c9f3	7ffc3ab91dd0
23.090856	99272	7e432d0bc010	0	7e432d1be3e8	1f00	3d1de	10	7ffc3ab91a01	7ffc3ab912a0	8	0	7ffc3ab91b40	8000000000000001	0	1	ac29	7ffc3ab95fb0
23.103852	9273c	1cb51	7ffc3ab95fb0	0	df819c88f878a262	bf58476d1ce4e5b9	5ba1b62f4de0	8000000000000001	7ffc3ab8e480	94d049bb133111eb	df819c88f878a262	414a22cf792e264d	0	0	8000000000000001	0	7ffc3ab8e5c8
23.114025	9a6bb	5ba1b64e5c30	7e432d1fb7e0	27efa	fa	3d1de	7e432d1fb7e0	d4fe	7ffc3ab91b10	20	10	4	7d0	7e432d1fb7e0	5ba1b62dcc90	4	5ba1b62dea30
23.122274	9b744	7e432bcfb010	1	794180	5ba1b79e2880	8000000000000001	7e432d9fe010	1e506	7ffc3ab91b20	5ba1b79e2820	1	1	4114341e0c03521b	7ffc3ab95fb0	7e432d7fd010	1a1e6	7ffc3ab91d00
23.135059	9b89c	5ba1b62f51a0	fffffffffffff040	5ba1b9c13140	0	add1	7ff	fe57	7ffc3ab91b20	53f	0	2	540	7ffc3ab95fb0	7e432d7fd010	d849	7ffc3ab91d00
23.147883	9b89c	5ba1b62f47a0	ffffffffffffeecf	5ba1b88c2b10	0	e05a	7ff	3982	7ffc3ab91b20	5bb	0	1	5bb	7ffc3ab95fb0	7e432d7fd010	4ddc	7ffc3ab91d00
23.159857	9a6b7	5ba1b62dcc90	7e432d16e3c0	16476	8000000000000002	3d1de	7e432d16e3c0	76d2	7ffc3ab8cf00	0	5ba1b632ebf0	5ba1b632f1f0	7e432de1ace0	7e432d16e3c0	8000000000000001	5ba1b632ebc0	7ffc3ab8d028
23.169786	92bf2	7e432bcfb010	7ffc3ab95fb0	9bee80	8000000000000002	3d1de	7ffc3ab8cf00	26fba	7ffc3ab8cee0	0	5ba1b634f300	5ba1b63503c0	7e432de1ace0	7e432c6b9e90	8000000000000001	5ba1b634f260	7ffc3ab8d028
23.183735	92ad1	5ba1b7daf4f0	7ffc3ab95fb0	7e432d0bc010	9c00f	3d1de	34005	8000000000000001	7ffc3ab87720	0	f0bf	29	0	7e432d59c088	7e432d0bc010	0	5ba1b7daf710
23.189766	92c8e	7e432d7fd010	7ffc3ab95fb0	0	8000000000000002	3d1de	7e432d138dc8	533d	7ffc3ab87c40	0	5ba1b6feb250	5ba1b6feea10	7e432de1ace0	533d	8000000000000001	5ba1b6feb220	7ffc3ab87d88
23.204173	22a18859c994	3f	7e432de1ac80	0	5ba1b626f010	28	7e432de1ac80	28	7ffc3ab8c9d0	0	ddc0	47	0	1	7e432d56dcf0	5ba1b75bdd00	7ffc3ab8cc68
23.218201	93a3c	8000000000000002	0	6c7e42a808c14abf	bdbb40	3d1de	7e432bcfb010	7ffc3ab91b01	7ffc3ab8e7b0	e8	4	7ffc3ab91ca0	8000000000000001	0	1	2f6ed	7ffc3ab95fb0
23.226412	9b895	5ba1b62f4c80	fffffffffffff706	5ba1b88f0070	26235	0	7ff	26efd	7ffc3ab91b20	2fd	0	2	2fe	7ffc3ab95fb0	7e432d7fd010	3	7ffc3ab91c68
23.237341	9b86f	5ba1b62f47c0	94d049bb133111eb	5ba1b854dc00	1dddf	0	7ff	1ee01	7ffc3ab91b20	61c	0	37	9e3779b97f4a7c15	7ffc3ab95fb0	7e432d7fd010	15c96	7ffc3ab91d00
23.245626	9b89c	5ba1b62f5b20	fffffffffffff025	5ba1ba5a1720	95f2	0	7ff	1160e	7ffc3ab91b20	548	0	2	549	7ffc3ab95fb0	7e432d7fd010	d561	7ffc3ab91d00
23.258702	9b2e7	0	5ba1b65ccf50	5ba40c47aa2c	5ba1b65ccfe0	5ba1b626f010	7	29d47	7ffc3ab91b00	5ba1b65ccf80	10	1	4114341e0c03521b	7e432d4a7eb8	5ba1b62dcc90	38c7	5ba1b62dea30
23.268090	22a18859cdb3	30	7e432de1ac80	18	7e432de1ad10	7e432de1ad00	30	20	7ffc3ab8b7e0	0	5ba1b633bc00	5ba1b633bfe0	7e432de1ace0	1	30	3	5ba1b633bc00
23.276643	93ab2	f4474e8e04985b36	7ffc3ab87b58	1227488cfc2581d	eb51448e1a8e4c22	654d06e9a1a63770	872823eb74eb3e43	5ba1b99054d0	7ffc3ab87b50	1128628bd8d25203	1	e63905a75d8ec88b	f36edc5d546b4b9e	ffffff40	b50	5ba1b98edea0	5ba1b8a9d210
23.289563	9942e	3	2be9	5ba1b89eedd0	7	3d1de	a84ad301bc93fab	7ffc3ab91a01	7ffc3ab88c60	ee	4	7ffc3ab91b40	8000000000000001	0	1	0	7ffc3ab95fb0
23.302260	93a3c	8000000000000002	ec	5ba1b94349e0	ee22c0	3d1de	7e432bcfb010	7ffc3ab95fb0	7ffc3ab8fe20	8	0	e63a9af5d5ee699c	8019c293850973f7	8000000000000001	0	3b88b	7ffc3ab91dd0
23.308595	92c6d	a1b9eab8	7ffc3ab95fb0	5ba1	8000000000000002	3d1de	7e432d4791c0	27e12	7ffc3ab8e860	0	5ba1b8c17280	5ba1b8c1b940	7e432de1ace0	7e432d4791c0	8000000000000001	5ba1b8c17250	7ffc3ab8e9b8
23.317357	22a18859ce34	30	7e432de1ac80	18	7e432de1ad10	7e432de1ad00	5b	28	7ffc3ab863d0	0	4fc5	3b	0	ffffffffffffff88	30	3	1
23.324483	99272	7e432d0bc010	0	7e432d4e6b58	1f00	3d1de	60f8	7ffc3ab91b01	7ffc3ab8cb40	8	0	7ffc3ab91ca0	8000000000000001	0	1	2c723	7ffc3ab95fb0
23.337039	9a6bb	5ba1b63a36b0	7e432d5b4298	9f051	420	3d1de	7e432d5b4298	3501b	7ffc3ab91b10	20	10	1	2100	7e432d5b4298	5ba1b62dcc90	1cd9c	5ba1b62dea30
23.342583	9b89c	5ba1b62f56a0	fffffffffffff83b	5ba1b6dd81e0	9779	0	7ff	977a	7ffc3ab91b20	294	0	8	297	7ffc3ab95fb0	7e432d7fd010	18d1d	7ffc3ab91d00
23.352821	9b720	7e432d7fd010	1	10b480	8000000000000002	3d1de	7e432d9fe010	ba51	7ffc3ab91b20	5ba1b6631fa0	0	1	4114341e0c03521b	7ffc3ab95fb0	7e432d7fd010	1291e	7ffc3ab91d00
23.367544	9b86f	5ba1b62f62a0	94d049bb133111eb	5ba1b72d19e0	0	8a7e	7ff	2c730	7ffc3ab91b20	694	0	5b	9e3779b97f4a7c15	7ffc3ab95fb0	7e432d7fd010	39cc	7ffc3ab91d00
23.379625	9278c	0	7ffc3ab95fb0	32474	652	5ba1ba649690	7ff	8000000000000001	7ffc3ab8b5c0	0	169efd61044e6f9b	34	e3ee061936529a6c	0	8000000000000001	2f929	7ffc3ab8b6d8
23.393590	9639c	f017bf6633e6eea1	6ea0	eea1	eea1	ba87a7148de1d35b	ffff	5ba1b9a339c0	7ffc3ab8cf00	8	0	db14797b927728da	33fd5fa6d924bcd7	f48	6ea1	fffff9ae	5ba1b983e3f0
23.405870	92bf2	7e432bcfb010	7ffc3ab95fb0	554b00	8000000000000002	3d1de	7ffc3ab8be60	1552c	7ffc3ab8be40	0	5ba1b89e48a0	5ba1b89e5070	7e432de1ace0	7e432c24fb10	8000000000000001	5ba1b89e4870	7ffc3ab8bf88
23.415642	95e0d	f4474e8e04985bc5	7ffc3ab8b4a8	1227488cfc2581d	8	654d06e9a1a63770	872823eb74eb3eb0	7ffc3ab95fb0	7ffc3ab8b4a0	eb51448e1a8e4cd1	1128628bd8d25203	d9f585e291bc86d2	bc55674a9801fd6c	8000000000000001	3b822	f0	7ffc3ab8b4a0
23.428672	22a18859e178	40	7ffc3ab8cc80	0	38	8	38	38	7ffc3ab8cbf0	0	5ba1b7758090	5ba1b7759130	7e432de1ace0	2f	7e432d0bc010	5ba1b7757fc0	5ba1b7758090
23.437373	99221	f63	739b	5ba1b8a952f0	1fff	10	0	7ffc3ab91b90	7ffc3ab8e280	8	0	7ffc3ab91ca0	c02b8713019c8866	0	1	0	7ffc3ab95fb0
23.449250	9a6b7	5ba1b72da690	7e432d19ee10	1c5c0	16a	3d1de	7e432d19ee10	9740	7ffc3ab91b10	1	0	1	b50	7e432d19ee10	5ba1b62dcc90	1dd24	5ba1b62dea30
23.455085	9a6b7	5ba1b69abb60	7e432d593d60	9afaa	409	3d1de	7e432d593d60	33a8e	7ffc3ab91b10	2	1	2	2048	7e432d593d60	5ba1b62dcc90	19e42	5ba1b62dea30
23.460531	9baba	5ba1b62f46a0	5ba1b94c57d0	5ba1b94c6b80	0	13420	7ff	d53	7ffc3ab91b20	d2	0	1	d2	7ffc3ab95fb0	7e432d7fd010	15b42	7ffc3ab91d00
23.472538	9bc13	1	1	7e432d9fe010	5ba1ba4583a0	5ba1b626f010	7	2b12	7ffc3ab91b20	5ba1ba458380	3	2	4114341e0c03521b	3d1de	7e432d7fd010	92d5	7ffc3ab91d00
23.485114	22a18859a6d8	5ba1b6ec5e30	5ba1b6ec5f60	121	120	5ba1b6ec5e30	5ba1b6ec5f60	150	7ffc3ab89700	5ba40cf70e36	5ba1b6ec60f0	40	7c	7e432de1ac98	7e432de1ac80	5ba1b6ec60b0	5ba1b6ec6
23.497494	9444b	69	7ffc3ab85e68	1	8	7ffc3ab85e60	7ffc3ab85e68	6303	7ffc3ab85e50	8	0	dafbcbab57d58f5	8a2a93d273581350	7ffc3ab95fb0	7ffc3ab919c0	7ffc3ab85f60	7ffc3ab85e60
23.508108	989e9	8000000000000001	7ffc3ab95fb0	8000000000000001	5ba1b9c8f760	7ffc3ab90568	7ffc3ab90440	8000000000000000	7ffc3ab903f0	0	5ba1b9c8f860	5ba1b9c90820	7e432de1ace0	fed5	8000000000000001	5ba1b9c8f830	7ffc3ab90568
23.513522	99418	5ba1b673b830	6263	8000000000000000	f01	3d1de	ca9e9bc46312f89	7ffc3ab91b01	7ffc3ab8e1c0	f4	4	7ffc3ab91ca0	8000000000000001	0	1	0	7ffc3ab95fb0
23.526871	9a6b7	5ba1b62dcc90	7e432d0c2400	c7e	8000000000000002	3d1de	7e432d0c2400	42a	7ffc3ab8fc50	0	5ba1b769cb40	5ba1b76a0c30	7e432de1ace0	7e432d0c2400	8000000000000001	5ba1b769caa0	7ffc3ab8fd78
23.537422	22a18859ce57	40	7e432de1ac80	20	5ba1ba5eaa20	7e432de1ad10	5b	38	7ffc3ab89ca0	0	5ba1ba5eaa00	5ba1ba5f0a70	7e432de1ace0	ffffffffffffff88	40	4	2
23.549051	94568	f569c316d45ab288	0	fc79a719f3609f82	8	7ffc3ab8bbd0	7ffc3ab8bbd8	7ffc3ab91b90	7ffc3ab8bbc0	0	0	bbf8daee9f5912ac	628bd8d252031128	0	1	7ffc3ab8bc70	7ffc3ab8bbd0
23.560104	9bb30	5ba1b62f5c60	5ba1b7933fb8	5ba1b7935440	db	cb	ff	128cc	7ffc3ab91b20	a	8	2	6d8	7ffc3ab95fb0	7e432d7fd010	4	7ffc3ab91c68
23.565392	9bb5b	5ba1b62f56e0	5ba1b9526f01	5ba1b9530b30	67f	66f	ffff	34fc3	7ffc3ab91b20	1	0	1	33f8	7ffc3ab95fb0	5ba1b62dcc90	1a8d0	5ba1b62dea30
23.579254	9b89c	5ba1b62f4de0	fffffffffffff451	5ba1b8bfa110	0	29ba9	7ff	2bd6	7ffc3ab91b20	3e5	0	1	3e5	7ffc3ab95fb0	7e432d7fd010	d793	7ffc3ab91d00
23.589251	9b86f	5ba1b62f5d00	94d049bb133111eb	5ba1ba655eb0	0	78c8	7ff	8181	7ffc3ab91b20	7a	0	5f	9e3779b97f4a7c15	7ffc3ab95fb0	7e432d7fd010	5617	7ffc3ab91d00
23.598149	22a18859a806	5ba1b7518160	5ba1b7e71160	31	0	5ba1b7518160	5ba1b7e71160	d00	7ffc3ab894d0	5ba40dfc60e1	5ba1b7e71e90	30	7c	7e432de1aca0	7e432de1ac80	5ba1b7e71e60	5ba1b7e71
23.609041	cf0d9	5ba1b6317140	5ba1b6317120	7	1	7	5ba1b6317120	8000000000000001	7ffc3ab8afb8	0	5ba1b6317140	5ba1b6317e80	7e432de1ace0	800000000000000	7e432d0bc010	2	8000000000000000
23.622091	9278c	0	7ffc3ab95fb0	36449	1fe	5ba1b8577460	7ff	8000000000000001	7ffc3ab904e0	0	3e88998743c74e16	22	0	0	8000000000000001	36449	7ffc3ab90628
23.635606	9a6b7	5ba1b62dcc90	7e432d13e918	10521	8000000000000002	3d1de	7e432d13e918	570b	7ffc3ab89510	0	5ba1b7399a90	5ba1b739acc0	7e432de1ace0	7e432d13e918	8000000000000001	5ba1b7399a60	7ffc3ab89638
23.644222	99888	0	318cc	58	1fff	c7c3187bbbe17af9	0	318cc	7ffc3ab8ef10	37d99	0	5ba1b93ed9b0	0	a37	1	7ffc3ab8ef90	7ffc3ab91a30
23.655491	92c8e	7e432d7fd010	7ffc3ab95fb0	0	8000000000000002	3d1de	7e432d257448	1122d	7ffc3ab8cfa0	0	5ba1b669c5e0	5ba1b66a51e0	7e432de1ace0	1122d	8000000000000001	5ba1b669c4e0	7ffc3ab8d0e8
23.669247	9b810	5ba1b62f61a0	94d049bb133111eb	e220a838bf5c9dde	0	2de59	1ca0	29c98	7ffc3ab91b20	e220a838bf5c9dde	5ba1b62f4500	bf58476d1ce4e5b9	9e3779b97f4a7c15	7ffc3ab95fb0	7e432d7fd010	3	7ffc3ab91c68
23.676175	9b89c	5ba1b62f4c80	fffffffffffff607	5ba1b88f0070	2f9d8	0	7ff	fe9b	7ffc3ab91b20	347	0	1000	353	7ffc3ab95fb0	7e432d7fd010	19627	7ffc3ab91d00
23.683352	9b76c	7e432c8304d0	1	654d06e9a1a63770	8000000000000002	8000000000000001	7e432d9fe010	2cd53	7ffc3ab91b20	5ba1b7387f60	e	1	4114341e0c03521b	7ffc3ab95fb0	7e432d7fd010	1345b	7ffc3ab91d00
23.694591	9a6b7	5ba1b9c36a50	7e432d522960	8cd2a	189	3d1de	7e432d522960	2ef0e	7ffc3ab91b10	1	0	1	c48	7e432d522960	5ba1b62dcc90	8bc9	5ba1b62dea30
23.706017	22a18859a896	5ba1b68cb4d0	5ba1b7665390	41	31	5ba1b68cb4d0	5ba1b68cb540	30	7ffc3ab89290	5ba40d7d2215	5ba40d7d2215	40	7c	7e432de1ac98	7e432de1ac80	5ba1b76653c0	5ba1b7665
23.715441	95dad	736f6d6570736575	fc	fc	1585b	654d06e9a1a63770	872823eb74eb3f65	7ffc3ab95fb0	7ffc3ab91200	0	fffffffffffff974	ffffffffffffec17	11250	27f97	0	fc	7ffc3ab91dd0
23.721683	9a6b7	5ba1b62dcc90	7e432d55a358	93c69	8000000000000002	3d1de	7e432d55a358	31423	7ffc3ab88110	0	5ba1b682efe0	5ba1b6830500	7e432de1ace0	7e432d55a358	8000000000000001	5ba1b682efb0	7ffc3ab88278
23.736470	93a3c	8000000000000002	fc	5ba1b76bff30	114640	3d1de	7e432bcfb010	7ffc3ab95fb0	7ffc3ab91020	8	0	e4aecc8cbc5f0908	b1c52e2a08d598c5	8000000000000001	128d0	4519	7ffc3ab91dd0
23.751397	927b6	5230	7ffc3ab95fb0	0	1c6	5ba1b9e42420	7ff	8000000000000001	7ffc3ab87d20	0	1	fffffffffffffaae	0	0	8000000000000001	0	7ffc3ab87e68
23.766149	9b89c	5ba1b62f4ea0	fffffffffffff6b8	5ba1b8b7ccc0	112f9	0	7ff	2d81c	7ffc3ab91b20	315	0	8	318	7ffc3ab95fb0	7e432d7fd010	4	7ffc3ab91c68
23.773665	9b744	7e432bcfb010	1	1b6900	5ba1b67e1dd0	8000000000000001	7e432d9fe010	6da4	7ffc3ab91b20	5ba1b67e1d70	6	1	4114341e0c03521b	7ffc3ab95fb0	7e432d7fd010	11d00	7ffc3ab91d00
23.784764	9a6cd	5ba1b6fd2a70	7e432d369588	5ba40ce644e2	5ba1b6fd2b30	5ba1b626f010	7	1c8e5	7ffc3ab91b10	5ba1b6fd2ad0	2	8	4114341e0c03521b	7e432d369588	5ba1b62dcc90	6187	5ba1b62dea30
23.795389	927b6	244d9	7ffc3ab95fb0	0	149	5ba1b742b0c0	1ff	8000000000000001	7ffc3ab7e560	0	1	fffffffffffffc25	5ba1b98f9550	7ffc3ab93150	8000000000000001	10e	7ffc3ab7e6c0
23.800840	92bb4	2037e	7ffc3ab95fb0	5ba1b8e14490	5ba1b675c5c0	3d1de	6270	8000000000000001	7ffc3ab80f00	0	5ba1b675c5f0	5ba1b675c900	7e432de1ace0	b6d5	8000000000000001	5ba1b675c550	7ffc3ab81060
23.814299	9a56f	3	7ffc3ab86ec0	5ba1b651c2e0	0	3d1de	7ffc3ab86ec0	8000000000000001	7ffc3ab86e60	0	bfbe	64	5ba1b93d8410	7e432d596f88	7e432d0bc010	10e	7ffc3ab87000
23.822709	987fa	7e432be38e90	7ffc3ab923a0	c72	13de80	7e432be38e90	7ffc3ab8f5a0	7ffc3ab8f5a0	7ffc3ab8f548	16	0	dafbcbab4ea0977	8a30f1f6ad30e3c4	8000000000000000	4f7a	7ffc3ab93150	7ffc3ab95fb0
23.829903	93a3c	8000000000000002	7ffc3ab923a0	5ba1b945db70	8b140	3d1de	7e432bcfb010	7ffc3ab90b00	7ffc3ab909b0	c5a4	0	dafbcbab4eaa622	8a3d460c8943acd7	8000000000000000	22c5	7ffc3ab93150	7ffc3ab95fb0
23.842904	9b2e7	0	5ba1b9622f50	5ba40379b9c2	5ba1b9622fe0	5ba1b626f010	7	4aab	7ffc3ab921c0	5ba1b9622f80	10	1	4114341e0c03521b	7e432d12c018	5ba1b62dcc90	3	5ba1b62dea30
23.857589	93a3c	8000000000000002	7ffc3ab916a0	5ba1b9ab3070	921fc0	3d1de	7e432bcfb010	7ffc3ab898c0	7ffc3ab89770	807c	0	dafbcbab4de0c66	8a701695f7ffe22e	8000000000000000	2487f	7ffc3ab91d98	7ffc3ab95fb0
23.872051	92bf2	7e432bcfb010	7ffc3ab95fb0	a77480	8000000000000002	3d1de	7ffc3ab8a780	29dd2	7ffc3ab8a760	0	5ba1b6e4a750	5ba1b6e4e000	7e432de1ace0	7e432c772490	8000000000000001	5ba1b6e4a720	7ffc3ab8a8c0
23.886346	9278c	19c16	7ffc3ab95fb0	0	6a2	5ba1b6beb470	7ff	8000000000000001	7ffc3ab903a0	0	a2af5405646d007d	54	5ba1b789daa0	7ffc3ab91e98	8000000000000001	10e	7ffc3ab90500
23.901149	92c57	5ba1b941d100	7ffc3ab95fb0	1c884	8000000000000002	3d1de	7e432d1a0430	982c	7ffc3ab84e80	0	5ba1b941d200	5ba1b9499b50	7e432de1ace0	7e432d1a0430	8000000000000001	5ba1b941d1d0	7ffc3ab84fe0
23.913911	93237	7e432d9fe010	7ffc3ab95fb0	fffffffffffffde1	ffffffffffffff4b	0	8000000000000001	64	7ffc3ab77680	0	ffffffffffffff4b	5ba1b98f0bd0	7e432de1ace0	3ef92	2e00	231fe	7ffc3ab777e0
23.919890	987ef	ce447af5722f4895	7ffc3ab916a0	fcd5eb57508cf11d	ff74d27cef46fa56	cf99d6c5027c951b	800000000000000	41e9f	7ffc3ab7f9f8	8	0	dafbcbab4f8c4e7	8a391ea14d1e8fbb	10e	0	7ffc3ab91f98	7ffc3ab95fb0
23.927544	92ce2	7e4329cfa010	7ffc3ab95fb0	11e2fc0	5ba1b86b3cc0	7ffc3ab81c20	7ffc3ab81ae0	8000000000000001	7ffc3ab81ac0	0	5ba1b86b3cf0	5ba1b88809e0	7e432de1ace0	478bf	8000000000000001	5ba1b86b3c50	478bf
23.939050	9278c	4fbdb	7ffc3ab95fb0	0	11	5ba1b9ed0d20	7ff	8000000000000001	7ffc3ab8f500	0	d4859553bc8a81d7	1d	5ba1ba7e4750	7ffc3ab92018	8000000000000001	10e	7ffc3ab8f660
23.952583	928f3	0	7ffc3ab95fb0	58ff1	79	5ba1b8a18220	7ff	8000000000000001	7ffc3ab89a70	20	f060	2d	36be2b8cca47eadc	7ffc3ab95fb0	8000000000000001	4cb26	7ffc3ab89b88
23.961579	93a3c	8000000000000002	7ffc3ab916a0	5ba1b929b0b0	7d6080	5e8ca	7e4329cfa010	7ffc3ab8b840	7ffc3ab8b6f0	e89c	0	dafbcbab4e47f5b	8a07aecac0397926	8000000000000000	1f582	7ffc3ab920d8	7ffc3ab95fb0
23.967541	9278c	6145b	7ffc3ab95fb0	0	3da	5ba1b8ba16c0	7ff	8000000000000001	7ffc3ab8c260	10	0	34	5ba1b9fb2790	7ffc3ab92118	8000000000000001	10e	7ffc3ab8c3c0
23.979236	9abe3	bf58476d1ce4e5b9	5ba1b62f6920	9e3779b97f4a7c15	94d049bb133111eb	5ba1b7414f80	200	602	7ffc3ab7ceb0	5ba1b7415180	1bc	fffffe90	204	38179ce94ca37de7	ee1fd1759b59bce9	7ff	5ba1b82bb760
23.988287	9874a	8fa4ed5df9cb00cc	7ffc3ab78398	5f4f19c22ab4e32a	ff1bdd99fda3a1e2	8c319d728a0f4f35	800000000000000	5ba1b84d6810	7ffc3ab78390	8	0	dafbcbab71647f1	8a0ab3dcb1271157	ffffffc0	2c90	2c96	5ba1ba9f7ca0
23.997889	cf0d5	5ba1bab68900	5ba1bab688e0	7	1	7	5ba1bab688e0	8000000000000001	7ffc3ab85750	0	5ba1bab68900	1a	7e432de1ace0	10000000000	7e432c4bb010	2	8000000000000000
24.008827	92ce2	7e4329cfa010	7ffc3ab95fb0	1e87fc0	5ba1baeb59d0	7ffc3ab8ca80	7ffc3ab8c940	8000000000000001	7ffc3ab8c920	0	5ba1baeb5a60	3	7e432de1ace0	7a1ff	8000000000000001	5ba1baeb5a30	7a1ff
24.018212	92ce2	7e4329cfa010	7ffc3ab95fb0	1efffc0	5ba1b62dea30	7ffc3ab7d1e0	7ffc3ab7d0a0	8000000000000001	7ffc3ab7d080	0	5ba1b6be2170	5ba1b6bebc80	7e432de1ace0	7bfff	8000000000000001	5ba1b6be2140	7bfff
24.032658	22a18859d870	0	7e432de1ac80	41	1cff1	5ba1bb12f010	0	38	7ffc3ab82ee0	30	5ba1bb12efe0	4e	7e432de1ace0	ffffffffffffff88	40	4	2
24.038423	931f1	5ba1b803d900	7ffc3ab95fb0	ffffffffffffedf1	fffffffffffff9fb	7f914	d194	73	7ffc3ab78880	0	5ba1b9d4a7a0	5ba1b9d51690	7e432de1ace0	5ba1b62f7100	2c00	603	7ffc3ab789e0
24.051754	9ac30	bf58476d1ce4e5b9	5ba1b62f49a0	9e3779b97f4a7c15	94d049bb133111eb	5ba1b9e92d00	520	ffffe7be	7ffc3ab8ea30	5ba1b9e93220	236	fffffffffffff09d	fffffffffffff09d	7c6d4	64	fff	5ba1bb339a20
24.063001	9278c	83750	7ffc3ab95fb0	0	128	5ba1b827cec0	7ff	8000000000000001	7ffc3ab7c8a0	0	d824367e5ab80ff5	43	5ba1bb3f7320	7ffc3ab922d8	8000000000000001	10e	7ffc3ab7ca00
24.068576	99049	5ba1bb416120	1750	fffffe20	ffffffffffffa7c0	573	3fff	5ba1bb4166a0	7ffc3ab76350	8	0	dafbcbab70ae8ad	8a748fb76986be23	fffffe28	580	ffffffffffffa7c0	5ba1bb4c3830
24.083549	92ce2	7e4325cf9010	7ffc3ab95fb0	219bfc0	5ba1b8c1f340	7ffc3ab88040	7ffc3ab87f00	8000000000000001	7ffc3ab87ee0	0	5ba1b8c1f4b0	5ba1b8c28160	7e432de1ace0	866ff	8000000000000001	5ba1b8c1f480	866ff
24.091723	9ac30	bf58476d1ce4e5b9	5ba1b62f5f60	9e3779b97f4a7c15	94d049bb133111eb	5ba1ba56bbc0	1e0	ffffe000	7ffc3ab82670	5ba1ba56bda0	49b	fffffffffffffa3f	fffffffffffffa3f	52c08	1c	fff	5ba1bb6addd0
24.098811	99049	5ba1bb73b460	35ff	fffff800	fffffffffffbdb50	423a	7fff	5ba1bb73b6a0	7ffc3ab8d450	8	0	dafbcbab70b0030	8a11bd2961dae698	fffffc00	240	ffffffffffffdb50	5ba1bb7bf480
24.108362	99049	5ba1bb734480	b03	ffff9800	fffffffffffec650	138a	3fff	5ba1bb735810	7ffc3ab904b0	8	0	dafbcbab706338c	8a4f244010ce3d83	ffff9c00	1390	fffffffffffec650	5ba1bb7dc960
24.114297	92ce2	7e4325cf9010	7ffc3ab95fb0	22cbfc0	5ba1bb85d370	7ffc3ab89360	7ffc3ab89220	8000000000000001	7ffc3ab89200	0	5ba1bb85d550	40	7e432de1ace0	8b2ff	8000000000000001	5ba1bb85d520	8b2ff
24.122048	99000	c4f3039d0cc09f95	1be8	1f95	ec89	633c30149ea4b829	7fff	5ba1bb7de920	7ffc3ab8f850	8	0	dafbcbab7062541	8a4d1e2629e32c40	ffff9800	1fc0	1fcb	5ba1bb97f250
24.129065	22a18859d870	0	7e432de1ac80	41	a001	5ba1bb9d1000	0	38	7ffc3ab90260	0	5ba1bb9d0fd0	45	7e432de1ace0	ffffffffffffff88	40	4	2
24.136003	92ce2	7e4325cf9010	7ffc3ab95fb0	2386fc0	5ba1b9b05580	7ffc3ab810e0	7ffc3ab80fa0	8000000000000001	7ffc3ab80f80	0	5ba1b9b05840	5ba1b9b10760	7e432de1ace0	8e1bf	8000000000000001	5ba1b9b05810	8e1bf
24.148053	22a18869a10a	ff	3800	3850	5ba1bbba7840	ff	5ba1bbba8000	7ffc3ab916a0	7ffc3ab8f4e8	0	5ba1bbb67840	5ba1bbb88000	206	10	0	7ffc3ab916c0	5ba1bbba7840
24.156263	22a18859d870	0	7e432de1ac80	41	dff1	5ba1bbc43010	0	38	7ffc3ab86180	0	5ba1bbc42fe0	45	7e432de1ace0	ffffffffffffff88	40	4	2
24.171336	93a3c	8000000000000002	7ffc3ab916a0	5ba1bbd266d0	367140	92f48	7e4325cf9010	0	7ffc3ab81f10	bd9f	0	dafbcbab71a9b92	8a2226187943559f	8000000000000000	d9c5	7ffc3ab92398	7ffc3ab95fb0
24.179566	9278c	94694	7ffc3ab95fb0	0	761	5ba1b7decac0	7ff	8000000000000001	7ffc3ab91240	0	788049c7634a7c1a	61	d45d6644d95f41bb	7ffc3ab95fb0	8000000000000001	8e6cf	7ffc3ab91358
24.191575	9b744	7e4325cf9010	1	795ec0	5ba1b6d84c10	8000000000000001	5ba1bbca6740	1e57b	7ffc3ab914e0	5ba1b6d84bb0	0	1	4114341e0c03521b	7ffc3ab95fb0	7e432d3fc010	3	7ffc3ab91628
24.200091	9b89c	5ba1b62f6860	ffffffffffffebf3	5ba1ba3073e0	1957	0	7ff	37ef9	7ffc3ab914e0	6af	0	1	6af	7ffc3ab95fb0	7e432d3fc010	3	7ffc3ab91628
24.211816	9b76c	7e4325d97550	1	7e432de1ac80	8000000000000002	8000000000000001	5ba1bbca6740	2795	7ffc3ab914e0	5ba1b788c120	2	1	4114341e0c03521b	7ffc3ab95fb0	7e432d3fc010	3	7ffc3ab91628
24.219157	9baba	5ba1b62f5320	5ba1b954d6f8	5ba1b954dd40	4e22a	0	7ff	4e22b	7ffc3ab914e0	43	0	1	43	7ffc3ab95fb0	7e432d3fc010	33e67	7ffc3ab916c0
24.224803	22a18859a8ab	5ba1b65d8fe0	5ba1b65d9120	31	30	5ba1b65d8fe0	5ba1b65d9050	30	7ffc3ab8e720	5ba40c46f459	5ba1b65d9180	30	7c	7e432de1ac98	7e432de1ac80	5ba1b65d9180	5ba1b65d9
24.233890	9db2c	ffffffffffff66ae	5ba1bbf7e8f0	fffffc00	fffffffffffe26ae	9	5ba1bbf7ca50	ffffffffffffe156	7ffc3ab83460	8	0	e7bd185e001a05d1	b12054d4740cd33b	1cee	1ea0	fffffe00	5ba1bc0c0a70
24.245023	9db1c	fffffffffffeee9a	5ba1bc0c4110	ffffc000	fffffffffffc6e9a	9	5ba1bc0c0a70	ffffffffffffc952	7ffc3ab8aa30	8	0	e770659eebf42866	686416b1229200ca	3fd9	36a0	ffffe000	5ba1bc348a90
24.251205	9db33	fffffffffffdaaa8	5ba1bc0c81e0	ffffff00	fffffffffffdaaad	9	5ba1bc0c0a70	ffffffffffff8888	7ffc3ab8aa30	8	0	e75a474e39a1c646	90106095dd16bc3b	768	7770	ffffff80	5ba1bc348a90
24.262179	9db1c	ffffffffffff209f	5ba1bc34b730	ffffe000	ffffffffffff20a4	9	5ba1bc348a90	ffffffffffffd353	7ffc3ab87630	8	0	e71573c83ce44b14	ebf2c80c16e71239	b8f3	2ca0	fffff000	5ba1bc858ab0
24.270789	9db33	fffffffffffd22a9	5ba1bc351d30	fffff800	fffffffffffd22a9	9	5ba1bc348a90	ffffffffffff6d55	7ffc3ab87630	8	0	e7737a0a0ff553f8	1c71a7c13cece722	5f28	92a0	fffffc00	5ba1bc858ab0
24.280691	a9add	f0fa	8000000000000000	5ba1bc858ab0	1ffff	0	1	7ffc3ab8f768	7ffc3ab8f690	fffffffffffb4b1e	0	e765a079fa152b87	451d70de87c33bd7	7ffc3ab93150	7ffc3ab95fb0	37	0
24.288422	22a18859b671	51	ffffffffffffff50	8	0	5ba1b688a170	7e432de1ac80	0	7ffc3ab92370	5ba1b6562a50	0	e754f518583ca572	4114341e0c03521b	5ba1bc3d6c30	0	0	24ba
24.297618	94548	f4474e8e04985ac5	7ffc3ab8a9c8	eb51448e1a8e4dd1	8	7ffc3ab8a9c0	7ffc3ab8a9c8	3943	7ffc3ab8a9b0	0	0	e619aa1944db6d7c	50438e2a55699b67	3e70	3940	13e	7ffc3ab8a9c0
24.306409	95e13	f4474e8e04985ac5	7ffc3ab833f8	1227488cfc2581d	8	7ffc3ab833f0	7ffc3ab833f8	7ffc3ab83538	7ffc3ab833f0	eb51448e1a8e4dd1	1128628bd8d25203	e7e842fbab28b198	b83f82fe5d895ef4	7ffc3ab93150	7ffc3ab95fb0	126	7ffc3ab833f0
24.313563	22a18859a896	5ba1b68c1920	5ba1b95ba200	51	51	5ba1b68c1920	5ba1b9038b30	50	7ffc3ab92300	5ba40d4e6c7a	5ba40d4e6c7a	50	4114341e0c03521b	7e432de1aca8	7e432de1ac80	5ba1b95ba250	5ba1b95ba
24.327134	93a3c	8000000000000002	8000000000000000	5ba1bc348a90	497a40	946e7	7e4325cf9010	7ffc3ab85e08	7ffc3ab85cf0	8	0	e7463c78e8048542	e2958a84edfd1bf	7ffc3ab93150	7ffc3ab95fb0	f4	125e9
24.339440	afab8	fffffffffffffff1	1ffff	5ba40cfa495e	5ba1b6e13190	5ba1b626f010	9	ffff4b88	7ffc3ab92410	5ba1b78ce2e0	0	0	4114341e0c03521b	5ba1bc405030	5ba1bc8745d0	2	324b
24.348100	94477	0	7ffc3ab827c8	1	8	7ffc3ab827c0	7ffc3ab827c8	5ba1b729dbf0	7ffc3ab827b0	8	0	dafbcbab7400552	8b311da10f91cfae	7ffc3ab93150	5ba1b9ba4430	135	7ffc3ab827c0
24.358661	22a18859e3c2	51	ffffffffffffff50	8	8	5ba1b70f8920	5ba1b70f8930	ffffb000	7ffc3ab923e0	5ba1b7f80580	0	e62a1a0bfd9350ba	4114341e0c03521b	5ba1bc7b58b0	5ba1bc85cc00	3	146bc
24.367646	22a18859a709	5ba1b92c0970	5ba1b6d83dc0	51	5ba1b7873d50	5ba1b92c0970	5ba1b6d83dc0	a0	7ffc3ab922f0	5ba40ca4a833	5ba1b6bfc5b0	50	4114341e0c03521b	7e432de1aca8	7e432de1ac80	5ba1b6d83e60	5ba1b6d83
24.373362	22a18859a709	5ba1b6bd18d0	5ba1b6aa1980	1e01	5ba1b66b5e80	5ba1b6bd18d0	5ba1b6aa1980	1e50	7ffc3ab922f0	5ba402afae93	5ba1b8b4c430	2b20	4114341e0c03521b	7e432de1aca8	7e432de1ac80	5ba1b6aa37d0	5ba1b6aa3
24.382810	9e08c	114770dd8f9504a5	5ba1b6a8ee50	4a5	ffff	3a916880e2b94b9a	7ff	ffff77c0	7ffc3ab75610	5ba1b7b482c0	0	92996a88daecfd72	b6a96fabce243993	2ef	a0	a6	ffff77c0
24.393126	93a3c	8000000000000002	8000000000000000	5ba1bc93aab0	133240	946e7	7e4325cf9010	7ffc3ab95fb0	7ffc3ab892b0	8	0	cfb21032e6c5a206	1657d373c696c986	7e4325cf9010	4cc9	946e7	4cc9
24.398379	93a3c	8000000000000002	8000000000000000	5ba1bc93aab0	690a80	946e7	7e4325cf9010	7ffc3ab95fb0	7ffc3ab8cae0	8	0	18ef5701adea2e68	333e2b55a1687eac	7e4325cf9010	1a42a	946e7	1a42a
24.403901	996d9	135a1	7ffc3ab791b8	1227488cfc2581d	eb51448e1a8e4dd5	654d06e9a1a63770	872823eb74eb3fb4	fffff000	7ffc3ab791b0	1128628bd8d25203	0	5e795a5dbefda8c4	43b5da84f39812f1	38f2	be70	5ba1bc522fb8	fffff000
24.410708	93a3c	8000000000000002	8000000000000000	5ba1bd44aad0	1b600	946e7	7e4325cf9010	7ffc3ab95fb0	7ffc3ab8e7f0	8	0	91702d8bea33836d	27146dafb3164e7d	7e4325cf9010	6d8	946e7	6d8
24.423475	22a18869991d	5ba1be994fa8	5ba1bd44d1a0	26ca	58	5ba1bd374e80	5ba1be994fa8	ffffe000	7ffc3ab6af68	5ba1bea6aaf0	0	1e6d730234be74ac	336e66367e487591	19e44	26d0	ffffffffffffd922	ffffc000
24.429321	22a18869991d	5ba1be630fd0	5ba1bd456f70	c49b	58	5ba1bd010fb0	5ba1be630fd0	fffff800	7ffc3ab6af68	5ba1bea6aaf0	0	dda983b1e97091de	f27cf56276656099	1131f	c4a0	ffffffffffff3b54	fffff000
24.438478	996d9	35a36	7ffc3ab6af08	1227488cfc2581d	eb51448e1a8e4dd5	654d06e9a1a63770	872823eb74eb3fb4	fffffc80	7ffc3ab6af00	1128628bd8d25203	0	6572e29854686a33	9c9ef127690bb7a2	4093	1b590	5ba1bcae3e90	fffffc80
24.447965	997ae	9f503b19e3df6a61	7ffc3ab6d0d8	157e549de22dffaf	389ef0873318760f	733c7947cac6c3c3	1800000000000000	9	7ffc3ab6d0d0	8	0	1a33bb24f8d8a795	866d5de102942614	9	5ba1b9d6bbf0	7ffc3ab6d228	7ffc3ab6d0d0
24.462540	93a3c	8000000000000002	8000000000000000	5ba1bea6aaf0	cfb8c0	946e7	7e4325cf9010	7ffc3ab95fb0	7ffc3ab7d0f0	8	0	f9dddd237cb66ab2	7efb1e029e236e60	7e4325cf9010	33ee3	946e7	70451
24.469199	93a3c	8000000000000002	8000000000000001	8000000000000001	9dcb80	946e7	7e4325cf9010	7ffc3ab95fb0	7ffc3ab6ee40	0	41d3	41d3	29f3a6c425454d60	7e4325cf9010	41d3	946e7	2772e
24.479248	22a18869991d	7e4325afbe70	5ba1bea6f000	450b	58	5ba1be8ee950	7e4325afbe70	fffff800	7ffc3ab78868	7e4325c78010	0	b25bf3e950665a73	8eba0327d37654f0	34381	4510	ffffffffffffbae4	fffff000
24.486826	22a18869991d	7e432567bf40	5ba1bea7c170	1167d	58	5ba1be46ea20	7e432567bf40	ffffe000	7ffc3ab78868	7e4325c78010	0	7fe754449cad1de	2b3fb4e5e6b4dfb8	28b24	11680	fffffffffffee972	ffffc000
24.498248	22a18869991d	7e4324f92f90	5ba1bea90310	2581f	58	5ba1bdd85a70	7e4324f92f90	ffff8000	7ffc3ab78868	7e4325c78010	0	b287635bd4d4fb93	1bda5dbcfe3fafa1	17341	25820	fffffffffffda7d0	ffff0000
24.503488	22a18869991d	7e4324cb6fa8	5ba1bea98830	2dd36	58	5ba1bdaa9a88	7e4324cb6fa8	ffffffc0	7ffc3ab78868	7e4325c78010	0	a0de25c8147fc3a4	284bff862c6a4c72	fec6	2dd40	fffffffffffd22b9	ffffff80
24.514532	22a188699884	5ba1bc9c79f0	7ffc3ab8b6a0	51	48	5ba1bc99de30	5ba1bc9c79f0	b	7ffc3ab8b3a8	48	5ba1bc9c79f0	9	7e432de1ace0	9	8000000000000000	48	7ffc3ab92e70
24.523702	b8c70	7e432a8b9010	7ffc3ab8d9f0	4ce4e	19a1a	946e7	7ffc3ab8d9f0	7ffc3ab95fb0	7ffc3ab8d690	27	7ffc3ab92e70	e6b1fa62fabad3d5	cee503227b00168d	26	19a1a	499dc	499dc
24.531058	b99fb	7e4325c78010	7ffc3ab89d70	fffffffffdda2e68	46	fffffffffff9c087	63f69	9	7ffc3ab89a80	19a	9	9	af32b10cdc076188	9	63f78	5ba1bd2239b0	7ffc3ab92e70
24.545004	b8c70	7e432a8b9010	7ffc3ab757f0	41970	15dd0	946e7	7ffc3ab757f0	7ffc3ab95fb0	7ffc3ab75500	ee	7ffc3ab92e70	d44fab03f690000e	3937764bda3b5359	ed	15dd0	0	8b285
24.554301	b984f	7e4325c78010	7ffc3ab8fa70	70	7ffff	13f13b61c004b931	0	8	7ffc3ab8f780	0	0	e905e555f89d8608	f46db54b76b80b89	9	6b4af	5ba1bde47bb0	7ffc3ab92e70
24.564372	b99fb	7e4325c78010	7ffc3ab7d5e0	ffffffffff676aa8	ad	fffffffffffe441f	1bbd1	9	7ffc3ab7d2f0	595b	9	9	f19d4cd02e762c0e	9	1bbe1	5ba1be3c96d0	7ffc3ab92e70
24.572563	b8d27	6cb46	7ffc3ab665c0	7e4325c78010	7ffff	0	1800000000000000	7ffc3ab95fb0	7ffc3ab662d0	8	0	36a83a8f5f4809b1	952571855fe647d2	16b	73227	7ffc3ab92e70	25f3
24.583556	9454c	f4474e8e04985ac1	7ffc3ab694c8	eb51448e1a8e4dd5	8	7ffc3ab694c0	7ffc3ab694c8	7ffc3ab95fb0	7ffc3ab694b0	0	0	2a196af6a695dad0	1128628bd8d25203	151	7b289	7ffc3ab69618	7ffc3ab694c0
24.589483	22a18869991d	7e43200b9f80	7e4325c7ff80	87f65	58	7e43259baf80	7e43200b9f80	ffffffe0	7ffc3ab6bcf8	7e4322f77010	0	c30113d2f1d3ba05	17c86f157353c099	69074	7f70	ffffffffffff808a	ffffffc0
24.603321	22a18869991d	7e43224d3f78	7e4325c96f20	1ef08	58	7e43251d4f78	7e43224d3f78	ffffd700	7ffc3ab6bcf8	7e4322f77010	0	d033f90fd2cfcfa3	c950f09f0f1bbf81	54e80	1ef10	fffffffffffe10e7	ffffd600
24.615268	22a18869991d	7e431f1c9f70	7e4325cab6c0	b36ab	58	7e4324acaec0	7e431f1c9f70	ffffe000	7ffc3ab6bcf8	7e4322f77010	0	c4daec35ad4099d8	ebfd1afa560fa284	42ffe	336b0	fffffffffffcc942	ffffc000
24.621648	22a18869991d	7e431ee21f48	7e4325cb60f0	be0da	58	7e4324722f48	7e431ee21f48	fffffc00	7ffc3ab6bcf8	7e4322f77010	0	24b34abb685b0e9b	fd5c113143de1296	39998	3e0e0	fffffffffffc1f15	fffff800
24.635297	22a18869991d	7e43211f1e00	7e4325ccde10	55df5	58	7e4323ef2da8	7e43211f1e00	ffff9fc0	7ffc3ab6bcf8	7e4322f77010	0	17e761f7d7364b32	4faba4f994171d03	24cdb	55e00	fffffffffffaa1f9	ffff9f80
24.643806	22a18869991d	7e4320cf1fc8	7e4325cdc6c0	646aa	58	7e43239f2f18	7e4320cf1fc8	fffff000	7ffc3ab6bcf8	7e4322f77010	0	aa888edbcb4731e7	8b6f0d6bdf93fc5b	181d8	646b0	fffffffffff9b943	ffffe000
24.650308	22a18869991d	7e431dd1af80	7e4325ce7980	ef965	58	7e432361bf80	7e431dd1af80	ffffffe0	7ffc3ab6bcf8	7e4322f77010	0	15883f3926fc453f	fce9146d54212470	e632	6f970	fffffffffff9068a	ffffffc0
24.661690	b8c84	7e432a8b9010	7ffc3ab8d980	3fd44	6f4a7	946e7	7ffc3ab8d980	7ffc3ab95fb0	7ffc3ab8d690	27	7ffc3ab92e70	f52a5e2680f015f	f77a907c6a8dfb04	26	6f4a7	0	1546c
24.676123	b8ef9	7ffc3ab6e3b0	7ffc3ab6e420	0	0	946e7	7ffc3ab6e420	7ffc3ab95fb0	7ffc3ab6e2b0	12a	7ffc3ab92e70	0	647d4eba2f1b0791	129	7ffc3ab92e70	0	7ffc3ab92e70
24.684419	22a18859cdb3	50	7e432de1ac80	28	7e432de1ad30	7e432de1ad20	50	48	7ffc3ab68e60	48	7ffc3ab92e70	0	8222d33d61633b7c	3	50	5	8
24.690273	99767	4c1786778e9bb51a	7ffc3ab8f908	4348c28c12d52bb3	186ae140d9359302	cc7ff23e0f020b23	1800000000000000	9	7ffc3ab8f900	8	0	3a3424bdf4715834	d89ea9329229c356	9	5ba1bf7746f0	7ffc3ab8fa58	7ffc3ab8f900
24.705318	93a3c	8000000000000002	8000000000000001	8000000000000001	2024c0	946e7	7e4325cf9010	7ffc3ab95fb0	7ffc3ab8de40	8	0	41762e498eb60cc5	4defa1b56d287aac	7e4325cf9010	68f19	946e7	8093
24.711948	22a18859d870	0	7e432de1ac80	51	13ff1	5ba1c0125010	0	48	7ffc3ab63730	9	5ba1c0124fd0	9	7e432de1ace0	ffffffffffffff88	50	5	3
24.721313	945f3	0	f2	1	0	7ffc3ab74cd0	7ffc3ab74cd8	9	7ffc3ab74cc0	8	0	a33bd54723390fec	5fd88efffaf34fd3	9	5ba1c04b95a0	7ffc3ab74e28	7ffc3ab74cd0
24.732019	22a18859e178	50	7ffc3ab79bc0	7fffffffffffff00	48	8	48	48	7ffc3ab798a0	9	8000000000000000	9	7e432de1ace0	3f	5ba1c09cdc40	48	8
24.744351	22a18859c97f	5f	7e432de1ac80	0	5ba1b626f010	48	7e432de1ac80	48	7ffc3ab74350	9	8000000000000000	9	7e432de1ace0	3	5ba1c0cb58a0	48	8
24.753911	22a18859d870	0	7e432de1ac80	51	7ff1	5ba1c133d010	0	48	7ffc3ab88050	9	5ba1c133cfd0	9	7e432de1ace0	ffffffffffffff88	50	5	3
24.764202	b8c70	7e432a8b9010	7ffc3ab8d790	8ee30	2fa10	946e7	7ffc3ab8d790	7ffc3ab95fb0	7ffc3ab8d4a0	28	7ffc3ab92e70	11b1c7c25461d2bb	77eeab0ba74e7f6d	27	2fa10	0	c4e8
24.779206	b8d27	5f35a	7ffc3ab75dc0	7e4322f77010	fffff	0	1800000000000000	7ffc3ab95fb0	7ffc3ab75ad0	8	0	3e63b87fe1e1ef4a	b343f01fb3a2c40e	eb	12e8b	7ffc3ab92e70	83b
24.784440	22a18859d870	0	7e432de1ac80	51	13fc1	5ba1c1c37040	0	48	7ffc3ab6ca70	48	5ba1c1c37000	9	7e432de1ace0	ffffffffffffff88	50	5	3
24.795341	b8d27	a7104	7ffc3ab73130	7e4322f77010	fffff	0	1800000000000000	7ffc3ab95fb0	7ffc3ab72e40	8	0	a69cac6bb8fbbf4e	2e459ab4ee66b2fa	102	49bf7	7ffc3ab92e70	4ec4
24.808345	22a18859d870	0	7e432de1ac80	51	1d001	5ba1c223d000	0	48	7ffc3ab6c0c0	9	5ba1c223cfc0	9	7e432de1ace0	ffffffffffffff88	50	5	3
24.815547	b9a99	9	7ffc3ab7b110	77	0	5ba1c2442b00	67d8d	b	7ffc3ab7ae20	1	9	9	1829554b18c51356	9	67d9d	5ba1c2442b80	7ffc3ab92e70
24.823034	b8d27	42319	7ffc3ab63f00	7e4322f77010	fffff	0	1800000000000000	7ffc3ab95fb0	7ffc3ab63c10	8	0	97f054b00023a2e2	3da8bffeff360884	17f	46ae3	7ffc3ab92e70	77d63
24.831450	22a18859d870	0	7e432de1ac80	51	16fd1	5ba1c29bd030	0	48	7ffc3ab80ff0	9	5ba1c29bcff0	9	7e432de1ace0	ffffffffffffff88	50	5	3
24.842169	22a18869991d	