seconds	address	rax	rbx	rcx	rdx	rsi	rdi	rbp	rsp	r8	r9	r10	r11	r12	r13	r14	r15
0.006050	93bd8	55f719c59a40	17d	400	ff	ffffffffffffeb80	1	0	7ffdbfcb6f10	3f	0	55f719c5aec0	0	a3	ffffffffffffeb80	7ffdbfcb6fa0	7ffdbfcbdf70
0.021030	26325b07adb3	30	7c296e21ac80	18	7c296e21ad10	7c296e21ad00	30	28	7ffdbfcb8dd0	8	0	a56b552944b7f377	80de104df5681388	1	30	3	8000000000000001
0.031719	9a4f3	55f719bd72f0	55f719c406e8	12f	ffff	995	55f719bd72f0	65	7ffdbfcbe230	0	55f719c1c500	a5b32b48669f315b	d01a6ea473f5d622	55f719c406e8	55f719bd0c90	1801	0
0.046262	9a3a2	6	7ffdbfcbabd8	55f719c31830	0	995	7ffdbfcbabd8	43	7ffdbfcbab50	8	0	a3e0d5bd9033a885	c0483909af6b34fe	55f719c3fd70	55f719c46970	7ffdbfcbacd8	8000000000000001
0.061374	9a500	55f719bd2a30	55f719c45ae8	baf	8000000000000002	995	55f719c45ae8	55f719c3c500	7ffdbfcb0560	0	55f719c3c530	55f719c3c640	7c296e21ace0	55f719c45ae8	3e5	7ffdbfcb06b8	8000000000000001
0.073695	af539	ffffffdf	7fff	55f246968b71	55f719e71500	55f719b63010	7	7c296dba35d8	7ffdbfcbead0	55f719e71560	9	0	19ec46639276e4a3	7c296dce1950	ffffffe0	352d	7c296dba3790
0.083319	942a8	1c4f8c6af3446825	7ffdbfcbe1d8	f184571cc2ff7475	8	7ffdbfcbe1d0	7ffdbfcbe1d8	645	7ffdbfcbe1c8	359866aed527f31	e18e411fd5ef7e6b	a406e71a662b7af7	19ec46639276e4a3	0	644	0	7ffdbfcbe1d0
0.093476	26325b07ae12	1	7c296e21ac80	18	7c296e21ad10	7c296e21ad00	5b	20	7ffdbfcbce50	0	55f719c95d80	11	7c296e21ace0	ffffffffffffff88	30	3	55f719c95d80
0.099435	94455	0	0	1	0	7ffdbfcbc680	7ffdbfcbc688	1058	7ffdbfcbc670	8	0	2cdcced0b85e1e19	f61d4055fb127bd0	0	1	7ffdbfcbc770	7ffdbfcbc680
0.105302	9389e	8000000000000002	82	55f719e0c520	dfc0	2ede	7c296deff010	7ffdbfcc2670	7ffdbfcbbf90	8	0	e0e9870ff5bb39cd	5fd8e3b5e9248266	8000000000000001	0	37f	7ffdbfcbe490
0.114316	92b80	7c296deff010	7ffdbfcc2670	1740	8000000000000002	305e	7ffdbfcb9530	55f719e15590	7ffdbfcb94f0	0	55f719e15630	55f719e15830	7c296e21ace0	7c296df00750	5d	7ffdbfcb9628	8000000000000001
0.119907	94937	7c296df50fd0	5b	55f719bf0dc0	51fc0	32fa	7c296deff010	8000000000000001	7ffdbfcb8fc0	7ffdbfcbe080	2d	7ffdbfcbdf70	29482e1b14a94e2e	5a	7ffdbfcbe080	147f	2d
0.132000	9b041	58	55f719be8500	55f719dc9d90	7f	0	1	2a8	7ffdbfcbe240	58	fffffffffffffef8	a566d54284ffb1d6	831f547e40f03433	2a7	0	1350	0
0.138020	ce880	55f719c96890	7ffdbfcc2670	7	1	7	55f719c96870	81	7ffdbfcb6848	0	55f719c96890	55f719c96f70	7c296e21ace0	7c296e2e8240	7c296e2db010	7ffdbfcb6998	8000000000000001
0.144380	92ca1	7c296e2db010	7ffdbfcc2670	a9fe	1	7ffdbfcbbea8	7ffdbfcbbdb0	3800	7ffdbfcbbd70	0	55f719f637c0	55f719f63b00	7c296e21ace0	38aa	55f719f63790	38aa	8000000000000001
0.159319	943f5	c155cb1bbe5bb27	360b	db6cb69d16578475	8	7ffdbfcb3790	7ffdbfcb3798	55f719d31dc0	7ffdbfcb3780	8	0	a407d56023df65ea	bc8ddca4e2e95b71	55f719bea870	bd	360b	7ffdbfcb3790
0.167708	26325b0786e9	70	7c296e21ac80	71	7c296e21ad40	4093cf8c	55f719c242d0	28	7ffdbfcbaca0	8	0	a3e655aed04c56bd	7c296e21ace0	40	30	70	1
0.182302	26325b0786e9	410	7c296e21ac80	411	7c296e21b0d0	fffff7ef	55f719c97690	28	7ffdbfcb9850	0	0	55f719c1af30	7c296e21ace0	3e0	30	410	1
0.194133	9a4c0	55f719c71a20	7ffdbfcb84d0	131	38	55f719c719b0	55f719c71a20	7	7ffdbfcb8450	0	55f719c71a20	55f719c71b80	7c296e21ace0	7	55f719c71a20	55f719c71980	55f719c719f0
0.207081	9b2c1	8	55f719be8500	55f719d9a370	e1ff	78	7ffdbfcc2670	2e36	7ffdbfcbe240	0	55f719d9a2b0	a3c25574a8ba856c	f3aa6070cedd46e9	2e35	0	d01	2
0.218744	9b041	69	55f719be8500	55f719cf7a70	7f	0	5	65a	7ffdbfcbe240	69	fffffffffffffec5	a413562d6c1914b3	22d755fcf0f9a42a	658	0	420	1
0.225548	9ae39	7c296e34c010	7ffdbfcc2670	0	55f246a03d4d	37b9	7	595	7ffdbfcbe380	55f719c5db00	55f719c4c120	abfcd3af3f5f2a91	19ec46639276e4a3	1040	dd8	400	55f719c67f70
0.231887	991e0	7c296e2db010	0	55f719e6d820	8000000000000000	3c30	8f6496b825993400	1701	7ffdbfcbdb80	1c	4	7ffdbfcbe360	8000000000000001	0	1	1785	7ffdbfcc2670
0.238225	94445	0	7ffdbfcbc398	1	0	7ffdbfcbc390	7ffdbfcbc398	55f719f4bff0	7ffdbfcbc380	0	1	f087b3586078b721	34e48d069abac853	fffffff0	20	55f719f4bb30	7ffdbfcbc390
0.251740	26325b07ae7d	7	7c296e21ac80	18	55f719cecfd0	7c296e21ad00	0	28	7ffdbfcb9a60	0	0	a560ef9fe63573fb	7c296e21ace0	ffffffffffffff88	30	55f719b63010	1
0.261618	26325b07c0b7	30	ffffffffffffff88	0	55f719b63010	3c30	28	28	7ffdbfcbaf00	8	0	a3b3559d5d093db2	3a91051bc5146524	1	7c296e31d898	55f719eebf50	8000000000000001
0.272814	930d7	2d62	7ffdbfcc2670	ffffffffffffff0a	7f	ffffffffffffffae	8000000000000001	55f719e3ac50	7ffdbfcb8448	c7eb	0	ffffffffffffffae	38d30828b0e568d8	2d62	7c	112c	0
0.278965	9439a	0	7ffdbfcb9e08	1	8	7ffdbfcb9e00	7ffdbfcb9e08	55f719c36930	7ffdbfcb9df0	0	0	9ba8f2f9dad26fb6	108c4a80362abc6f	55f719be9ac0	74	2d8b	7ffdbfcb9e00
0.294061	9441b	0	0	0	0	7ffdbfcbd210	7ffdbfcbd218	7ffdbfcbe250	7ffdbfcbd200	8	0	f1aa41493b6ebd4c	e41f1e48046d2e73	0	1	7ffdbfcbd2b0	7ffdbfcbd210
0.307740	9b041	3	55f719be8500	55f719d2aa90	7f	0	1	dc5	7ffdbfcbe240	3	fffffffffffffff7	a419d55d227f4076	af2d7b591f11be45	13b7	0	22b0	1
0.319317	943bc	e6fd8e5511cf54ca	0	836c46661657a7a9	8	7ffdbfcba7b0	7ffdbfcba7b8	55f719dbc640	7ffdbfcba7a0	0	0	cc303c3b19b39511	652d54c4f7716253	ffff4be0	20	55f719dbc160	7ffdbfcba7b0
0.331195	9441b	0	3d7a	0	0	7ffdbfcbe1d0	7ffdbfcbe1d8	3d7b	7ffdbfcbe1c0	8	0	abcad2c031dad1ab	4e8f9115883be831	3d7a	0	3d7a	7ffdbfcbe1d0
0.346209	9af40	7c296deff010	55f719f6c870	f1340	55f719c55b30	8000000000000001	8000000000000001	3c4d	7ffdbfcbe240	55f719c55ad0	55f719eecd10	a3c79aa419420653	19ec46639276e4a3	3d7e	0	7ffdbfcc2670	1
0.353509	95be7	1c4f8c6af3446838	7ffdbfcbc468	f184571cc2ff7475	2d5c	95eb257dac9b1b18	6f20e10f83370d4d	2d5c	7ffdbfcbc460	359866aed527f2c	e18e411fd5ef7e6b	55f719d89350	0	0	1	0	2d5c
0.364078	92869	19	7ffdbfcc2670	55f719d9b010	7f	0	1ff	7ffdbfcc2670	7ffdbfcbbb90	0	0	a3e0d5bd9033ba12	c04a576b0afa3953	17f3	0	7ffdbfcbbc98	0
0.371770	9b016	26	55f719be8500	55f719d581d0	7f	0	1000000000000000	3d5b	7ffdbfcbe240	8	0	a3d4aea9af1011ff	d60baba639e138ed	0	22c1	cc0	0
0.385040	943ae	5c3befabcafe0345	7ffdbfcbe1d8	1c0f61a66c184363	8	7ffdbfcbe1d0	7ffdbfcbe1d8	1863	7ffdbfcbe1c0	0	0	9ba8f2f9dae26fc6	108c4ae83d2abc47	3775	0	3775	7ffdbfcbe1d0
0.396702	9a492	55f719c6b790	7ffdbfcbbf38	1e1	20	55f719c6b7b0	8	4	7ffdbfcbbeb0	0	55f719c6b790	55f719c6b990	7c296e21ace0	20	7c296e30f7c8	55f719fbdf80	55f719c6b760
0.405624	26325b07988a	8011	10820	1080	4fa0	0	7c296e21ac80	55f719da5620	7ffdbfcbe380	55f719c2d9e0	0	55f71a03a850	19ec46639276e4a3	7c296e21ac80	0	55f719db5e40	8010
0.416833	926cc	7ffdbfcbe1a8	7ffdbfcc2670	8000000000000001	7f	7ffdbfcbe1a8	7ffdbfcc2670	2	7ffdbfcbe060	0	6071	0	fffffffffffffd60	23	0	55f719be8560	0
0.424074	98617	7825114243f3312d	7ffdbfcbbd38	c0ef0372f5731167	1f35e826b6bb69c3	f54858ee6710f964	800000000000000	2d	7ffdbfcbbd30	8	0	9ba8f2f92405ab0c	108a0ed78692f372	58	7ffdbfcc2670	30f8	58
0.437944	98e02	70	d9	fffff780	ffffffffffffef90	f6	1ff	55f719d47390	7ffdbfcba900	8	0	9ba8f2f928e1bd0a	108fdb239ef4e206	fffff780	0	7	55f719f72650
0.448118	26325b07b5c2	400000	7c296e21ac80	55f719c8a570	7c296e21b030	be400000	1	20	7ffdbfcb9c80	0	55f719c71b50	7c296e21ad10	7c296e21ace0	ffffffffffffff88	30	361	1
0.457392	26325b078864	55f719cdb200	55f719c23660	31	31	55f719cdb200	55f719c71cd0	30	7ffdbfcb52e0	55f246b3aa71	55f719c23660	40	7c	7c296e21ac98	7c296e21ac80	55f719c11c70	55f719c11
0.465604	9389e	8000000000000002	7ffdbfcbe3c0	55f719d47390	417c0	3d7e	7c296deff010	c2	7ffdbfcb4470	10	0	9ba8f2f959a7dee3	108e01e03f7d90aa	8000000000000001	7ffdbfcc2670	105f	dd
0.477016	26325b177a24	55f719cb1e60	1010	55f719cb1e60	55f719cb2de8	55f719dcc580	55f719cb2a00	2010	7ffdbfcb3078	0	55f719cb1e60	7c296e21af20	7c296e21ace0	55f719dcb9d0	7c296e21ac80	55f719dcc9e0	55f719cb1e60
0.491511	93a50	d845f457908cdf03	7ffdbfcb7308	d28cd22e7f87faf5	dd14971f28e71f73	2cf1f4600ba71334	1100000000000001	3cb7	7ffdbfcb7300	0	1	92e08e44684c0fc	ef2e34522b37a3a3	7ffdbfcc2670	7ffdbfcbe080	7ffdbfcb7400	7ffdbfcb7300
0.500335	9b2e1	7ffdbfcc2670	55f719bd2a30	55f719d63940	ffff	75	7ffdbfcc2670	f99	7ffdbfcbe240	0	55f719d638c8	a577554345762438	a193d258ca976bf1	2ff5	55f719bd0c90	1101	0
0.512179	95cad	61b70e3f8105cc29	7ffdbfcb9eb8	1f5a1928684b8471	86e6a5b522895627	79d5185c55846ef5	1000000000000000	55f719c877e0	7ffdbfcb9eb0	8	0	a3ced53edbbd2617	24100fc9a5fc62e3	55f719be9550	57	2f46	7ffdbfcb9eb0
0.520022	994c4	1c4f8c6af344367c	2f	f184571cc2ff7475	55f719f71150	95eb257dac9b1b18	6f20e10f83375309	55f719f71290	7ffdbfcb9df0	8	0	bea6017a0f65f551	c412ff66180ab2f7	ffffde00	0	55f719f71150	55f719f722f0
0.529047	92955	1	7ffdbfcc2670	7c296e2db010	5e6b	3d7e	1f79	7ffdbfcc2670	7ffdbfcb9090	8	0	a5f2c48e784d0ad3	8905e907b17d5efd	7c296e30a368	7c296e2db010	7ffdbfcb9198	55f719d19140
0.536387	961a0	69	0	fffffffc	1	7865f8b7f4bec531	7f	55f719f76c00	7ffdbfcb9b10	8	0	970f1c509502271	b9712cc627c95514	36	1	fffffffe	55f719ca7a60
0.546111	95921	6fb	ca	55f719d797e0	7ff	0	0	7ffdbfcc2670	7ffdbfcbc780	8	0	ba3ff23d4f6b01f	3ccd9e522d8549b2	0	0	20aa	7ffdbfcbe490
0.553388	99258	d8	2faa	55f719bd3d60	7	3d7e	12edac4a3c09eaef	1	7ffdbfcb5840	d8	4	7ffdbfcbe360	8000000000000001	0	1	0	7ffdbfcc2670
0.562362	99673	b16534b55fd0225f	38de	353181fa12e1762c	49033af78066dbcb	81c793814c901c39	1800000000000000	38de	7ffdbfcb60f0	8	0	8783c8cffeeebeb4	970231c87bc51786	b16534b55fd0225f	1	7ffdbfcb6170	7ffdbfcbe250
0.571109	9a4ee	55f719cb3540	7c296e2e6f20	17e2	1bff	3d7e	7c296e2e6f20	7f6	7ffdbfcbe230	3	55f719f565d8	a413d5b622381832	d9fa1a7fc7041749	7c296e2e6f20	55f719bd0c90	2401	1
0.581861	9a3a2	2	7ffdbfcb04b0	55f71a0ae9c0	0	7063	7ffdbfcb04b0	7062	7ffdbfcb0430	8	0	a41805078a27f2a5	a18853c4425d5bd8	7c296dfe7940	7c296df3f010	7ffdbfcb05c0	8000000000000001
0.594529	943bc	dd3e387b643a812	325c	359866aed522489	8	7ffdbfc98fd0	7ffdbfc98fd8	9	7ffdbfc98fc0	0	0	f184571cc2ff7475	e18e411fd5ef4c37	9	55f719e77180	7ffdbfc99128	7ffdbfc98fd0
0.600581	26325b17791d	7c296d6c0ff8	55f71a7507d0	64d8	58	55f71a51f2d8	7c296d6c0ff8	fffffd00	7ffdbfca4958	7c296d8ec010	0	df5d2347246016e6	580519b904f3238a	1740	64e0	ffffffffffff9b17	fffffc00
0.608922	26325b17791d	7c296d155fd0	7c296d8f1b20	5b07	58	7c296d6f6fd0	7c296d155fd0	ffffff80	7ffdbfcb6bf8	7c296d34b010	0	de9204e191c53052	e022dc26fb535cb3	906a	5b10	ffffffffffffa4e8	ffffff00
0.623459	26325b07c3c2	51	ffffffffffffff50	8	8	55f71a1ff2c0	55f71a1ff2d0	7c296d18a480	7ffdbfcbeaa0	55f71aadc220	9	0	19ec46639276e4a3	7c296d3501b0	ffffffc0	13ee3	7c296d18a690
0.631802	26325b0f5bcb	0	ffffffffffffff50	7c296e11ebcb	0	b21000	7c296c84b000	0	7ffdbfcbea98	7c296c84b000	9	0	202	7c296d36b010	8000000000000000	7c296e1a0880	7ffdbfcc2670
0.645445	98e72	5b	4e	fffff000	fffffffffffffd40	1b	ff	55f719cd59d0	7ffdbfca2740	8	0	9ba8f2f9304d4a84	1082952f3efa0dd6	fffff800	20	fffffffffffffd40	55f719c96db0
0.655342	926ed	c491e7584ea6b95d	7ffdbfcc2670	55f71a1a5a30	da1f8e806db053bf	62	1000000000000000	0	7ffdbfcb2bd0	8	0	a5d45421cc360ce7	53ffccb589fddbf1	4728	8000000000000001	55f719bea240	0
0.661437	9b2e1	7ffdbfcc2670	55f719bd2a30	55f71a108f50	16ff	ab	7ffdbfcc2670	3faf	7ffdbfcbe240	3	55f71a107dc8	a5a456b9d1a6b4bd	38d151cada9c7417	3fae	55f719bd0c90	1701	0
0.672852	9a4ea	55f719bd0c90	7c296de05d40	8fa6	8000000000000002	98bf	7c296de05d40	55f719e92e70	7ffdbfcb9be0	0	55f719e92f70	55f719e945d0	7c296e21ace0	7c296de05d40	2fe2	7ffdbfcb9d38	8000000000000001
0.686627	9a4c0	55f719d8a8a0	7ffdbfcb1730	331	38	55f719d8a830	55f719d8a8a0	7	7ffdbfcb16b0	0	55f719d8a8a0	55f719d8ac00	7c296e21ace0	7	55f719d8a8a0	55f719d8a800	55f719d8a870
0.698345	9b2cd	43	55f719be8500	55f71a5adc50	ffff	33	7ffdbfcc2670	1d71	7ffdbfcbe240	0	55f71a5ad608	a3efd5d423fb7361	6df87187d8dc77e9	1d70	55f719bd0c90	801	2
0.712804	26325b07a9d1	7c296e21ad00	7c296e21ac80	18	7c296e21ad10	7c296e21ad00	7c296e21ac88	20	7ffdbfcbc700	0	55f71a0f5e00	55f71a0f6d30	7c296e21ace0	1	30	3	55f71a0f5e00
0.719835	95b13	55f71a5c1090	46	55	7ff	578	ff	56c	7ffdbfcbbbb0	3000	0	26892aba53966025	d2e0e6a53cfe19d2	a540	0	20c3	7ffdbfcbe490
0.726758	26325b07ae22	0	7c296e21ac80	18	7c296e21ad10	7c296e21ad00	5b	28	7ffdbfcbb890	8	0	a3db55915107ee18	fc35ef6d9f9f34ed	ffffffffffffff88	30	3	1
0.738887	942ad	1c4f8c6af3443e9f	7ffdbfcbb518	f184571cc2ff7475	8	7ffdbfcbb510	7ffdbfcbb518	7ffdbfcc2670	7ffdbfcbb500	359866aed52298b	e18e411fd5ef7e6b	2722e250f4344369	9d363a28f5b1652	0	0	52	7ffdbfcbb510
0.749559	994a2	2420	c0	fffff3fe	55f719f0a190	95eb257dac9b1b18	6f20e10f83375c52	55f719f0c6f0	7ffdbfcba528	8	0	223e61c6b90684c1	d5e9159acf643438	fffff3fe	120	121	55f71a5bf4d0
0.762990	9a500	55f719bd2a30	7c296deabf28	1dbe3	8000000000000002	b2d2	7c296deabf28	55f719f7fba0	7ffdbfcbc2d0	0	55f719f7fc40	55f719f80e10	7c296e21ace0	7c296deabf28	9ea1	7ffdbfcbc3e8	8000000000000001
0.776837	92711	f2	7ffdbfcc2670	55f719d88250	1ff	0	1000000000000000	7ffdbfcc2670	7ffdbfcbdcc0	8	0	a422f8ae2123e19f	f799e081356fc757	0	0	55f719be8680	3f74
0.787069	94455	0	a8c3	1	0	7ffdbfcbe1d0	7ffdbfcbe1d8	a8c4	7ffdbfcbe1c0	8	0	a424d0439f5a7902	cf454f2222f2c270	a8c3	0	a8c3	7ffdbfcbe1d0
0.795961	26325b07967e	eaa55f562ffe2400	ffffffffffffff50	8	31	55f71a2055c0	7c296e21ac80	0	7ffdbfcbe190	1	55f71a085030	a3c1d57168ba24f0	efc704c8fd5de849	7c296de328c0	0	d01	3
0.808591	92b80	7c296d8fd010	7ffdbfcc2670	63ac0	8000000000000002	c1fa	7ffdbfcbb560	55f719fafac0	7ffdbfcbb520	0	55f719fafaf0	55f719fafeb0	7c296e21ace0	7c296d960ad0	18eb	7ffdbfcbb628	8000000000000001
0.823514	9a4ea	55f71a054930	7c296dea5c28	1cf83	efff	c1fa	7c296dea5c28	9a81	7ffdbfcbe230	0	55f71a03f988	a595566c45cdcb72	9f2b2a34c2bd0aeb	7c296dea5c28	55f719bd0c90	1301	1
0.838383	94404	5c3bef1710f97fa9	be0c	1c0fa2126c184363	8	7ffdbfcbc690	7ffdbfcbc698	55f719d8f360	7ffdbfcbc680	8	0	9ba8f2f9d90aac72	109b8bacd32d7ea7	55f719be8b00	20	0	7ffdbfcbc690
0.848103	939a8	d943eafe060deef9	7ffdbfcbaa38	cd5b173d8a8fb330	dba2245874d148dd	81512ed2da04bfa	1100000000000001	55f71a293f80	7ffdbfcbaa30	0	1	3120170e753396e5	a230cd5b173d8a8e	ffff0fc0	90	55f71a292c10	7ffdbfcbaa30
0.856195	9a4ee	55f719bd0c90	7c296ddd9e98	37d1	8000000000000002	c530	7c296ddd9e98	55f71a143120	7ffdbfcbb7e0	0	55f71a143150	55f71a143290	7c296e21ace0	7c296ddd9e98	129b	7ffdbfcbb8f8	8000000000000001
0.867481	994de	1c4f8c6af3443aa5	6	f184571cc2ff7475	359866aed522db1	95eb257dac9b1b18	6f20e10f83375fd0	55f719bd1c00	7ffdbfcb7710	e18e411fd5ef7e6b	0	b8a176a0edc3101f	d192cb8bd263b44	ffff00be	0	55f719bd1bc0	55f719ceab50
0.878138	994b7	1c4f8c6af344056b	17	ffff0000	55f719df4520	95eb257dac9b1b18	6f20e10f8337601e	55f719df6220	7ffdbfcbac50	8	0	b3be2c9f0f3619d1	80172395c4bf283f	fffff2df	e0	55f719df4520	55f71ab47600
0.888896	92747	f1	7ffdbfcc2670	55f71a257ff0	1ff	0	40	b8a8	7ffdbfcbd030	fffffffffffffd1b	0	a41b9079196a53cf	48c86e7fbebd3e81	0	1	55f719be88c0	b8a8
0.903362	92711	13b	7ffdbfcc2670	55f719f04240	1ff	0	1000000000000000	7ffdbfcc2670	7ffdbfcbd650	8	0	a46dd65723297985	1f18c8e0d944064	2964	0	55f719be8830	0
0.915191	92afd	7c296e28a010	7ffdbfcc2670	55f71a604470	1	d19a	0	7ffdbfcc2600	7ffdbfcb95a0	0	55f71a6044a0	55f71a604890	7c296e21ace0	7c296ddbe010	55f71a6043a0	7ffdbfcb96a8	8000000000000001
0.920549	943ae	5c3beeefb385f099	7ffdbfcbe1d8	1c0f48ae6c184363	8	7ffdbfcbe1d0	7ffdbfcbe1d8	1899	7ffdbfcbe1c0	0	0	9ba8f2f9d97a46ce	108f58af3cd15703	0	1898	0	7ffdbfcbe1d0
0.933035	9ae47	7c296e28a010	7ffdbfcc2670	55f24530dab6	55f71a417330	4da8	7	2666	7ffdbfcbe380	55f71a986100	55f719d52b28	a435545c4fdab6ab	19ec46639276e4a3	302f0	1d508	8000	55f71ad02bf0
0.941843	98fa8	7ffdbfcbe250	0	7ffdbfcbe360	0	9e75	7ffdbfcc2670	0	7ffdbfcb7580	1	0	7ffdbfcbe360	8000000000000001	0	1	9e75	7ffdbfcc2670
0.956351	9b2e1	7ffdbfcc2670	55f719bd2a30	55f71a47cdc0	f7ff	27	7ffdbfcc2670	21f2	7ffdbfcbe240	0	55f71a47c898	a57302aedad96e33	a5374ee78dfa30fa	0	55f719bd0c90	1501	0
0.967040	9a4ee	55f719ddfff0	7c296de43858	10b09	1bff	dca8	7c296de43858	5903	7ffdbfcbe230	3	55f71a250718	a47e5b681fcdf29b	8d3a334f3d8c72ab	7c296de43858	55f719bd0c90	101	3
0.973757	8f5ef	0	7ffdbfcb19d8	0	20	8	20	4	7ffdbfcb1948	0	55f719dab910	55f719dabba0	7c296e21ace0	20	7c296dea7fc8	55f719dab8b0	55f719dab910
0.987005	26325b07b3b7	310	7c296e21ac80	311	55f71a8249f0	55f71a824a20	0	20	7ffdbfcb8030	0	55f71a824a00	55f71a824d30	7c296e21ace0	ffffffffffffff88	30	55f719b63010	1
0.995307	9b041	a9	55f719be8500	55f719eeee40	ff	0	1	139b	7ffdbfcbe240	a9	fffffffffffffe05	ab08c4511623fead	2c140ae034c69c10	0	b66a	2970	0
1.004818	9ab17	55f719e15700	7c296de02470	888c	2fff	dca8	55f719e15700	2d84	7ffdbfcbe220	2	55f71a980f60	a486a5dd44451133	daa56159e4f80890	7c296de02470	55f719bd0c90	2501	1
1.018796	95c66	44a5985e08bd6f7	7ffdbfcbe1d8	556606a529287029	c2afc5f870c4ea0d	21262255846a1f34	1000000000000000	a81	7ffdbfcbe1d0	8	0	a46e5652e35198ff	1d94e5087a3ba0a6	a80	0	a80	7ffdbfcbe1d0
1.025366	95cd3	8f661a408d2cc9ba	7ffdbfcb7ed8	6f0b8f2db4414a73	5041350a4ccef3db	9b1ca30b861ec195	1000000000000000	55f71ace0c40	7ffdbfcb7ed0	8	0	333ffcb0c4ea1d03	81c1789e527222d9	d97	7e	c8	7ffdbfcb7ed0
1.038139	26325b078806	55f71a1af740	55f71a1af940	31	1	55f71a1af740	55f71a1af7b0	30	7ffdbfcbe300	55f2456b58df	55f71a1af970	30	19ec46639276e4a3	7c296e21ac98	7c296e21ac80	55f71a1af970	55f71a1af
1.046484	9a4ee	55f719bd0c90	7c296df0a938	29925	8000000000000002	e240	7c296df0a938	55f71ad5a130	7ffdbfcb0aa0	0	55f71ad5a160	55f71ad5a3e0	7c296e21ace0	7c296df0a938	ddb7	7ffdbfcb0bf8	8000000000000001
1.055460	9389e	8000000000000002	7ffdbfcc2670	1	1187c0	e240	7c296d8fd010	8000000000000001	7ffdbfcb0b90	7ffdbfcbe020	79	333f9b27a7ebc0aa	2d4652cdcefb6e14	81	7ffdbfcbe020	461f	79
1.069508	943ca	1a257598ef453b23	0	3cc5b0893f740df2	8	7ffdbfcb8e50	7ffdbfcb8e58	55f71a8a4e30	7ffdbfcb8e40	0	0	62091d981f06c361	5f20291d161ed367	ffffffe0	a0	55f71a8a38d0	7ffdbfcb8e50
1.078380	9a4ea	55f71a07eb30	7c296dec6df0	211bc	d9ff	ef28	7c296dec6df0	b094	7ffdbfcbe230	0	55f71a263b30	a5e4d7e393ba6252	1fbb822c8ba2ec0e	7c296dec6df0	55f719bd0c90	1a01	2
1.083646	9389e	8000000000000002	d8	55f71a8a1d80	279740	ef28	7c296d8fd010	7ffdbfcc2670	7ffdbfcb95a0	8	0	c2b5d9bf9291dca2	ec33fda2842e590d	8000000000000001	0	9e5d	7ffdbfcbe490
1.091999	9b041	44	55f719be8500	55f71ab433e0	1ff	0	4	c722	7ffdbfcbe240	46	ffffffffffffff2e	a404f1565f091053	bca0c853f26cda2e	0	c36e	4e0	3
1.098267	26325b0786d0	55f71a8390f0	55f719d7a080	31	f50	55f71a8390f0	55f719d7a080	f90	7ffdbfcbe2f8	55f246a62d3a	55f719d7b040	30	19ec46639276e4a3	7c296e21aca0	7c296e21ac80	55f719d7b010	55f719d7a
1.110630	9b041	96	55f719be8500	55f719fd46f0	1ff	0	1	66e	7ffdbfcbe240	96	fffffffffffffe3e	a41dd05f1fb95d1d	ad178e49e2fcb9bd	d3c	0	930	3
1.117598	9a4ee	55f719bd0c90	7c296ddd09b8	2535	8000000000000002	f2b4	7c296ddd09b8	55f71a245b10	7ffdbfcbc700	0	55f71a245b40	55f71a246bf0	7c296e21ace0	7c296ddd09b8	c67	7ffdbfcbc848	8000000000000001
1.127594	26325b0788ea	55f71a8f4f10	55f71a8f4f80	31	7c296e21ace0	55f71a8f4f10	55f71a8f4f80	60	7ffdbfcbe300	55f245fee714	55f71a8f4fe0	30	19ec46639276e4a3	7c296e21ac98	7c296e21ac80	55f71a8f4fe0	55f71a8f4
1.138459	9af40	7c296d8fd010	55f71aa5f220	40d80	55f71a92b200	8000000000000001	8000000000000001	1036	7ffdbfcbe240	55f71a92b1e0	55f719d70590	a407d56023df43ef	19ec46639276e4a3	f2b4	1036	7ffdbfcc2670	0
1.145729	26325b078718	55f71a0fed30	55f719dcd790	2921	7c296e21ace0	55f71a0fed30	55f719dcd790	2960	7ffdbfcbe2f0	55f246ac9c50	55f719dd0180	90	19ec46639276e4a3	7c296e21aca0	7c296e21ac80	55f719dd00f0	55f719dd0
1.160678	9af40	7c296d8fd010	55f71a87b460	103ac0	55f71a0d7f20	8000000000000001	8000000000000001	40eb	7ffdbfcbe240	55f71a0d7f00	55f71a7e7338	a5745571c526333a	19ec46639276e4a3	f80c	40eb	7ffdbfcc2670	2
1.175158	9a4ee	55f719fce1f0	7c296de153d0	ae78	29ff	f9f0	7c296de153d0	3a28	7ffdbfcbe230	2	55f71a603778	a5ee3d62959f2f15	3584137f9cd1f98a	7c296de153d0	55f719bd0c90	1c01	1
1.186462	9389e	8000000000000002	f2	55f71a9ceda0	2e0080	f9f0	7c296d8fd010	7ffdbfcc2670	7ffdbfcb94d0	8	0	c1ed2414fec3a156	3a939b85d008af99	8000000000000001	0	b802	7ffdbfcbe490
1.195109	9ae27	7c296e28a010	7ffdbfcc2670	55f245a525ec	55f71ad485d0	4d0e	7	fc3d	7ffdbfcbe380	55f71a03cf50	55f719c3a778	abe2d3fc3c5f2943	19ec46639276e4a3	45ae0	2e260	10000	55f71a98eda0
1.201629	92afd	7c296e28a010	7ffdbfcc2670	55f71a89b300	1	fc3e	0	7ffdbfcc2600	7ffdbfcb7030	0	55f71a89b330	55f71a89c320	7c296e21ace0	7c296ddbe010	55f71a89b1d0	7ffdbfcb7138	8000000000000001
1.209028	9af6c	7c296dc55f90	55f71a974a40	95eb257dac9b1b18	7ffdbfcbe2a8	8000000000000001	8000000000000001	d63e	7ffdbfcbe240	55f719bf5500	55f71a446e58	a5c876d5dcc6fbcd	19ec46639276e4a3	fc3e	0	7ffdbfcc2670	2
1.219151	92711	1a7	7ffdbfcc2670	55f719d728a0	1ff	0	1000000000000000	7ffdbfcc2670	7ffdbfcb7590	8	0	a408721a7ac5716d	5c451ca4e6ac069f	0	0	55f719bea870	52a
1.224471	26325b07c413	0	ffffffffffffff50	55f246a16aaf	55f719d0f7a0	55f719b63010	7	0	7ffdbfcbe1f0	55f719d0f740	55f71a8875a0	a491a8c6c80ce333	19ec46639276e4a3	7c296ddd11b0	55f719bd0c90	2601	1
1.230931	991a8	7c296ddbe010	d26a	7c296ddbe010	f01	fc3e	dbcfb19921283f2	7ffdbfcbe201	7ffdbfcbc740	fc	4	7ffdbfcbe360	8000000000000001	0	1	0	7ffdbfcc2670
1.244835	92b0e	7c296e28a010	7ffdbfcc2670	55f719bdbf70	1	fc3e	48ac	0	7ffdbfcbc4c0	0	55f719bdbfa0	55f719bdc000	7c296e21ace0	7c296ddbe010	55f71a90d250	7ffdbfcbc608	8000000000000001
1.250810	95bc8	1c4f8c6af3446830	7ffdbfcc2670	f184571cc2ff7475	0	95eb257dac9b1b18	6f20e10f83370d45	1d	7ffdbfcbca00	359866aed527f24	7465646279746573	0	fffffffffffffd10	d5fa	0	d5fa	0
1.258493	26325b07870f	55f719c24220	55f719c0ef80	21	55f719c93620	55f719c24220	55f719c0f040	e0	7ffdbfcbdf50	55f246b21c1f	55f719c38010	20	7c	7c296e21ac98	7c296e21ac80	55f719c0f060	55f719c0f
1.272105	92b80	7c296d8fd010	7ffdbfcc2670	2a6c00	8000000000000002	fc3e	7ffdbfcbdbc0	55f719c81810	7ffdbfcbdb80	0	55f719c81840	55f719c81990	7c296e21ace0	7c296dba3c10	a9b0	7ffdbfcbdcc8	8000000000000001
1.281984	98660	8000000000000001	7ffdbfcbdbb8	8000000000000001	158040	7c296da55050	7ffdbfcbdbb8	8000000000000000	7ffdbfcbdb40	9efe	0	9ba8f2f967df70a9	1086f349d50b3bf4	8000000000000001	7ffdbfcc2670	5601	7c296da55050
1.288034	94390	0	7ffdbfcbdfd8	1	8	7ffdbfcbdfd0	7ffdbfcbdfd8	55f719f9e0c0	7ffdbfcbdfc0	0	0	9ba8f2f9d9c6781e	10910e8726756a99	55f719be8560	2	2f6f	7ffdbfcbdfd0
1.295640	26325b07c1c5	30	ffffffffffffff88	0	55f719b63010	8	20	20	7ffdbfcb8aa0	0	55f719fb4ba0	55f719fb4c50	7c296e21ace0	1	7c296df1b8e8	55f719fb4a60	55f719fb4ba0
1.308129	9286d	83	7ffdbfcc2670	55f719f04240	1ff	10	0	11	7ffdbfcbd430	8	0	a46dd65723293f7f	1e9e3c729623f1a	ea1e	0	7ffdbfcbd578	0
1.316362	984bf	36b2	7ffdbfcbe3c0	7ffdbfcbe3c0	0	95eb257dac9b1b18	6f20e10f83376b33	58	7ffdbfcb9a98	0	4800	0	fffffffffffffd60	81	7ffdbfcc2670	0	81
1.322169	9b041	143	55f719be8500	55f71a978570	1ff	0	10	220e	7ffdbfcbe240	147	fffffffffffffc2b	a3c6225fe2bed7d7	bce790b67d5505bb	0	220d	bd0	0
1.327956	9a4fc	55f719ce35b0	7c296dded428	5e83	5fff	fc3e	7c296dded428	1f81	7ffdbfcbe230	1	55f71a80ec18	a473d66618c8e86d	d65553048eb5d2bd	7c296dded428	55f719bd0c90	1	1
1.334192	9b041	122	55f719be8500	55f71a817330	1ff	0	1	2674	7ffdbfcbe240	122	fffffffffffffc9a	a3dd55d85749c41f	ad54c39168244e2c	2924	0	ae0	2
1.343491	9389e	8000000000000002	7ffdbfcbe3c0	55f719e86630	3b7dc0	fc3e	7c296d8fd010	7b	7ffdbfcb7e20	1f62	0	9ba8f2f96661e439	10918ec5cb258f31	8000000000000001	7ffdbfcc2670	edf7	95
1.351245	9b265	1b5	55f719be8500	55f71a1944b0	1ff	1a5	1	d906	7ffdbfcbe240	da8	55f71a191bb8	a591d6f9047a49dc	9d3c59b9b5da41a1	ca8d	0	13b0	2
1.365890	92711	73	7ffdbfcc2670	55f719f7d1f0	1ff	0	1000000000000000	42	7ffdbfcbac60	8	0	a3e155a65097ec22	cca9e19a5ce51707	11b	0	55f719be9160	0
1.377662	9b2cd	c2	55f719be8500	55f71a21ea00	f7ff	b2	7ffdbfcc2670	4c95	7ffdbfcbe240	0	55f71a21d7d0	a5b6d68a90ff4719	18f012d8c09ccaa7	4c94	55f719bd0c90	1901	2
1.391991	9b2cd	d3	55f719be8500	55f71a817330	ffff	c3	7ffdbfcc2670	e864	7ffdbfcbe240	0	55f71a815f68	a3dd55d857360b5a	ad4ceb79d74589ef	e863	55f719bd0c90	a01	2
1.403742	92b1a	802c	7ffdbfcc2670	55f719d95e40	1	fc3e	4ea0	0	7ffdbfcb7ee0	0	55f719d95e70	55f719d96a20	7c296e21ace0	7c296ddbe010	55f719d95dd0	7ffdbfcb8028	8000000000000001
1.417637	9b2a3	eb	55f719be8500	55f71a09fff0	ff80	db	55f719be8d10	46c7	7ffdbfcbe240	0	55f71a09e9e8	a3f4d67ba35a65da	4b6749e1d75ad268	b40b	0	810	3
1.426413	26325b07a970	0	7c296e21ac80	0	55f719b63010	38	7c296e21ac80	38	7ffdbfcba708	0	55f719bd8380	55f719bd88a0	7c296e21ace0	2	7c296ddbe010	55f719bdd0a0	55f719bd8380
1.432331	26325b07c06a	0	7ffdbfcbda20	0	38	8	38	38	7ffdbfcbd988	8	55f71a070dd0	a42b8d3fd8821adb	7c296e21ace0	38	7c296ddbe010	55f719dc5fc0	55f71a070dd0
1.445524	26325b079660	31	ffffffffffffff50	55f2455a586f	0	55f71a2bfa30	7c296e21ac80	0	7ffdbfcbe1f8	55f71a2bfa70	55f71a10dbf8	a41a69b4c68d3a83	19ec46639276e4a3	7c296de1a6f8	55f719bd0c90	2401	0
1.455619	9b041	4c	55f719be8500	55f71a287040	1ff	0	1	ea23	7ffdbfcbe240	4c	ffffffffffffff1c	a4060cd25cbdbaf3	9afdd6479042d65	0	2a3	750	1
1.469501	be733	7ffdbfcbe210	55f719f535c0	8	8	55f719f535f0	38	c7dc	7ffdbfcbe218	1	55f71a284730	a40e6e89a4f010fd	8f6002ffbac3445b	7c296dee9cb0	55f719bd0c90	701	1
1.475703	9b23f	72	55f719be8500	55f71a14ae40	1ff	0	1	1ba1	7ffdbfcbe240	72	55f71a14a390	a5c05467cf10accf	8efbe719f13e79b9	2750	0	1ec0	1
1.482472	98500	1c4f8c6af3440bf1	7ffdbfcbe028	f184571cc2ff7475	0	95eb257dac9b1b18	6f20e10f83376e84	2	7ffdbfcbe020	359866aed521ce5	e18e411fd5ef7e6b	0	ffffffffffffe020	e1	7ffdbfcc2670	0	e1
1.493212	9b016	169	55f719be8500	55f71a4682b0	1ff	0	1000000000000000	a2a8	7ffdbfcbe240	8	0	a5a8d699877f483e	e97a16d12cc5c31b	4bd7	0	1b90	2
1.504768	9b016	13e	55f719be8500	55f71a43a2e0	1ff	0	1000000000000000	e904	7ffdbfcbe240	8	0	abd2521ce95b6f29	bbe0200fa9176cf3	b72a	0	2b80	1
1.510636	95bf9	1c4f8c6af3446859	7ffdbfcbe1d8	f184571cc2ff7475	0	95eb257dac9b1b18	6f20e10f83370d2c	586a	7ffdbfcbe1d0	359866aed527f4d	e18e411fd5ef7e6b	a440d62d99250aab	19ec46639276e4a3	f4f9	0	f4f9	7ffdbfcbe1d0
1.525389	94440	0	e8d8	1	0	7ffdbfcbe1d0	7ffdbfcbe1d8	e8d9	7ffdbfcbe1c0	8	0	9ba8f2f9da2677e2	109151b79fd16465	0	e8d8	0	7ffdbfcbe1d0
1.533112	9275c	bf	7ffdbfcc2670	55f71a600420	1ff	10	0	68	7ffdbfcb8d80	8	0	a595414fbeacc5df	bf845511e0894194	0	4ed0	55f719be9880	4ed0
1.547480	9a4ee	55f719c964c0	7c296dde2940	4926	ffff	fc3e	7c296dde2940	1862	7ffdbfcbe230	0	55f71a7f53d0	a5660db2200d211d	a590369b5624de6c	7c296dde2940	55f719bd0c90	1301	2
1.554206	98598	8829b750c9d5acde	7ffdbfcb4b78	bb8a18cdf6da73c7	b0023c0e31fe67da	13de755215350af0	800000000000000	b9	7ffdbfcb4b70	8	0	9ba8f2f89d4e31c8	108fc7e660583d0f	fb	7ffdbfcc2670	1f92	fb
1.563794	9a4ee	55f719bd0c90	7c296ddeb670	5acc	8000000000000002	fc3e	7c296ddeb670	55f719f6d710	7ffdbfcbdc40	0	55f719f6d740	55f719f6e820	7c296e21ace0	7c296ddeb670	1e44	7ffdbfcbdd98	8000000000000001
1.575692	9af63	7c296d9bc350	55f71a005d00	300009800	8000000000000002	8000000000000001	8000000000000001	2fcd	7ffdbfcbe240	55f71a1d7cf0	55f719d876c8	a420bc67ada6ea37	19ec46639276e4a3	fc3e	0	7ffdbfcc2670	0
1.590166	26325b07aed6	910	7c296e21ac80	40	55f719e0ead0	1240000	0	28	7ffdbfcb2c60	0	0	55f719e0f3e0	7c296e21ace0	ffffffffffffff88	30	55f719b63010	1
1.598797	93bc7	55f71ad4d6c0	3785	74	3ff	ffffffffffffd0e0	1	0	7ffdbfcb0ed0	77	0	55f71ad505e0	0	179	fffffffffffffe87	7ffdbfcb0f60	7ffdbfcbdf70
1.608594	9b041	157	55f719be8500	55f71a7d02f0	1ff	0	1	2910	7ffdbfcbe240	157	fffffffffffffbfb	a5e557e453ddccb8	134c4875ccd31fe0	76d	0	19e0	1
1.617374	93a42	f6e9081b65f2f864	7ffdbfcb5d78	ba22e68bfac21ec0	e36f01c5ea570cd7	f532514270894485	1100000000000000	7ffdbfcbdf70	7ffdbfcb5d70	0	1	6a4b95cfc13a2c09	c797eeebdda0273c	81	7ffdbfcbe080	7ffdbfcb5e20	7ffdbfcb5d70
1.627651	be72d	7ffdbfcbe210	55f719d2ca20	8	8	55f719d2ca50	38	b7bb	7ffdbfcbe218	0	55f719f5c568	a42b5176152b9a03	4c196717fdf13bfe	7c296ded1998	55f719bd0c90	101	0
1.636836	26325b07a97f	3f	7c296e21ac80	0	55f719b63010	28	7c296e21ac80	28	7ffdbfcbcc70	8	0	a4376f34839e813b	b5cb365f32f0562c	1	7c296ddbe010	55f71a2618e0	8000000000000001
1.648100	9b016	10b	55f719be8500	55f719e1c440	1ff	0	1000000000000000	459b	7ffdbfcbe240	8	0	a5b75fd993176fa3	fd8b9ce7e728d14	0	1389	16b0	0
1.658135	92b80	7c296d8fd010	7ffdbfcc2670	2cc9c0	8000000000000002	fc3e	7ffdbfcbc2e0	55f719e6d120	7ffdbfcbc2a0	0	55f719e6d150	55f719e6d5d0	7c296e21ace0	7c296dbc99d0	b327	7ffdbfcbc3a8	8000000000000001
1.670206	9af93	7c296d9dc410	55f719e685f0	30000b300	7ffdbfcbe2a8	8000000000000001	8000000000000001	37d0	7ffdbfcbe240	55f719ee7a80	55f71ad06678	a48759f5f8339765	19ec46639276e4a3	fc3e	0	7ffdbfcc2670	0
1.684018	9439a	1c4f8c6af34468cf	7ffdbfcbe1d8	f184571cc2ff7475	8	7ffdbfcbe1d0	7ffdbfcbe1d8	c137	7ffdbfcbe1c0	0	0	a5add6b707c87256	19ec46639276e4a3	de4	0	de4	7ffdbfcbe1d0
1.692020	95c4a	d126f2a97f55b2a9	7ffdbfcbd5a8	3b3a233957b077e3	254a6128e308c62e	302754d56e075fc3	1000000000000000	3d18	7ffdbfcbd5a0	8	0	a43fa3649c0ce2eb	2b3a233957b077e3	0	1	0	7ffdbfcbd5a0
1.698128	94050	0	7	6f20e10f83377549	55f719bd1be0	ff	55f719ceab50	55f719bd1c00	7ffdbfcb09a0	0	1	583b8b3beb845ac9	be7e09c1416cbaf3	ffff00f7	0	0	55f719ceab50
1.706792	92711	5d	7ffdbfcc2670	55f71a28c240	1ff	60	0	e911	7ffdbfcbc890	8	0	a43c51a35af111cf	ad12dd56bf430eb5	0	1	55f719be8b00	e911
1.719507	94951	7c296dcb1bd0	55	7c296dcb1bd0	3b4bc0	ed2f	7c296dcb1bd0	8000000000000001	7ffdbfcb9420	0	1	583c72f2204fcfe5	74300fe91445cc5f	55	7ffdbfcbe080	ed2f	2a
1.730569	26325b0786f2	90	55f719d9fee0	91	90	55f719fccf20	55f719d9fee0	c0	7ffdbfcbe2f0	55f246a8627f	55f719d9ffe0	40	19ec46639276e4a3	7c296e21ac98	7c296e21ac80	55f719d9ffa0	55f719d9f
1.743473	943fd	e0cf1b71ebaf1b31	68	7a387c416632471	8	7ffdbfcbb9d0	7ffdbfcbb9d8	7ffdbfcc2670	7ffdbfcbb9c0	8	0	578799a8d66854b3	1cd162202347908e	1e3	0	68	7ffdbfcbb9d0
1.758241	9b041	170	55f719be8500	55f71a5b72b0	1ff	0	1	aab3	7ffdbfcbe240	170	fffffffffffffbb0	a3ce55e2dc419c39	5d71d4bf47185ed	dca	0	f00	2
1.765596	92739	1e6	7ffdbfcc2670	55f71a838200	1ff	0	20	0	7ffdbfcbc8b0	fffffffffffffa3f	0	a41750736246ba3f	693809180d38c6ff	a7ec	1	55f719be8aa0	0
1.772982	9a4fc	55f719bd2a30	7c296de23ff8	cbfd	8000000000000002	fc3e	7c296de23ff8	55f719ee5290	7ffdbfcbc880	0	55f719f1b240	55f719f1c1c0	7c296e21ace0	7c296de23ff8	43ff	7ffdbfcbc9d8	8000000000000001
1.779340	9b041	61	55f719be8500	55f719e9c140	1ff	0	2	36a6	7ffdbfcbe240	62	fffffffffffffeda	a5a4500d04df77e3	926c4d8271b46ca6	0	e34e	1b60	2
1.787180	9946a	9beb	0	0	7ff	ffffffffffff9e80	1	9beb	7ffdbfcbb6c8	0	0	55f71a8e0e80	0	0	1	0	7ffdbfcc2670
1.801537	9b391	0	55f71a23dc70	55f71ac3b500	55f719dc2ce0	55f719b63010	7	7c296e28a010	7ffdbfcbe240	55f719dc2c80	55f71a5be188	a565c0ca2bd3fafd	19ec46639276e4a3	fc3e	565e	0	2
1.808732	92c07	0	7ffdbfcc2670	0	8000000000000002	fc3e	7c296de1b610	55f719f3ce30	7ffdbfcba6f0	0	55f719f3ce60	55f719f413e0	7c296e21ace0	3e40	3e40	7ffdbfcba828	8000000000000001
1.816250	9a4ee	55f719bd0c90	7c296dee0c80	2458e	8000000000000002	fc3e	7c296dee0c80	55f719bfd080	7ffdbfcb7e60	0	55f71a7d4390	55f71a7d4740	7c296e21ace0	7c296dee0c80	c1da	7ffdbfcb7fa8	8000000000000001
1.826846	9b2cd	15c	55f719be8500	55f719e26550	beff	14c	7ffdbfcc2670	f277	7ffdbfcbe240	0	55f719e244b0	a56d554047867ffa	d164e97b5b05be43	f483	55f719bd0c90	1001	1
1.837895	9a500	55f719c52c40	7c296dedd4a0	55f246b4b122	55f719c52d70	55f719b63010	7	bf86	7ffdbfcbe230	55f719c52d10	55f71a24e0b0	a3eac15591d3cbdf	19ec46639276e4a3	7c296dedd4a0	55f719bd0c90	b01	0
1.851240	9b041	150	55f719be8500	55f71a413020	1ff	0	1	be6d	7ffdbfcbe240	150	fffffffffffffc10	a5e1d401134a60ea	605ea345fa06c4e	331b	0	19b0	1
1.863654	9afbe	2b	55f719be8500	95eb257dac9b1b18	7ffdbfcbe2a8	8000000000000001	7ffdbfcc2670	b05e	7ffdbfcbe240	55f71a056210	55f71a26fe30	a3c58a078c8313d3	19ec46639276e4a3	fc3e	0	81	0
1.872921	9b041	21	55f719be8500	55f71a7f92b0	1ff	0	1002	29a4	7ffdbfcbe240	22	ffffffffffffff9a	a56b552944b7f067	80de6e72557e34f8	3d4	0	1320	1
1.886332	94404	c5974f2246477e57	0	5d26347416583cb5	8	7ffdbfcbe1d0	7ffdbfcbe1d8	4e7b	7ffdbfcbe1c0	8	0	a3d4963e1239e703	817e8371cb439728	0	a03	0	7ffdbfcbe1d0
1.895772	948f0	7ffdbfcbdf70	7ffdbfcc2670	0	3ddec0	fc3e	7c296d8fd010	8000000000000001	7ffdbfcbd320	7ffdbfcbe020	6	7ffdbfcbdf70	29482e1b14a94e2e	81	7ffdbfcbe020	f77b	6
1.908974	9af40	7c296d8fd010	55f719dc12d0	35b3c0	55f71a0e2f50	8000000000000001	8000000000000001	d6cf	7ffdbfcbe240	55f719bd82c0	55f71a0fcce8	a5ebd7fa0b345c86	19ec46639276e4a3	fc3e	d6cf	7ffdbfcc2670	0
1.917038	92711	113	7ffdbfcc2670	55f71a45bc10	1ff	0	1000000000000000	e877	7ffdbfcb68b0	8	0	a5dd71bfc011a213	5343c71fa3208145	0	1	55f719bea2a0	e877
1.926014	26325b07870f	55f719c88930	55f719d9e950	61	55f71a05f270	55f719c88930	55f719d9f160	870	7ffdbfcbe2f0	55f245746c6f	55f71a05f1f0	60	19ec46639276e4a3	7c296e21aca0	7c296e21ac80	55f719d9f1c0	55f719d9f
1.939962	26325b07ae45	30	7c296e21ac80	18	7c296e21ad10	7c296e21ad00	5b	28	7ffdbfcba600	8	0	a5506d0aadc8f265	7c296e21ace0	ffffffffffffff88	30	3	1
1.947566	92cf5	7c296e28a010	7ffdbfcc2670	0	8000000000000002	fc3e	7c296ddceae0	55f719e8f1d0	7ffdbfcbc350	0	55f719e8f270	55f719e904e0	7c296e21ace0	b1e	b1e	7ffdbfcbc488	8000000000000001
1.953782	958bc	bc6211ef065143a5	b0	55f719e86630	3ff	5e	1000000000000000	7ffdbfcc2670	7ffdbfcba8d0	8	0	7648a8dd4a05c0af	e82bc9765ea547b8	2f36	0	0	7ffdbfcbe490
1.965749	9b041	102	55f719be8500	55f71a7daf80	1ff	0	1	aeae	7ffdbfcbe240	102	fffffffffffffcfa	a580d60d9143e0bd	2f00330c4f736abb	2c58	0	1890	0
1.974303	95b8d	7c296e28a010	c3d1	0	f21f	95eb257dac9b1b18	6f20e10f83370dc1	55f719e98980	7ffdbfcb8af0	0	55f719e989b0	55f719e98d00	7c296e21ace0	55f719bea1b0	99	0	f21f
1.989338	943f5	5c3ba545be608def	da6	1c0eaa1c6c184363	8	7ffdbfcbd7f0	7ffdbfcbd7f8	7ffdbfcc2670	7ffdbfcbd7e0	8	0	9ba8f2f945afa47c	108db4d626343f4b	8000000000000001	f234	ba	7ffdbfcbd7f0
2.000239	95cd7	10d799fa7871347d	7ffdbfcb7888	e923258bf6c664c9	eb7399fbb4a6b1b4	901395eacfd81c62	1000000000000000	7ffdbfcc2670	7ffdbfcb7880	8	0	a40cbaa9849277c5	c5b134d345c3dbb	0	0	0	7ffdbfcb7880
2.005563	92b80	7c296d8fd010	7ffdbfcc2670	298480	8000000000000002	fc3e	7ffdbfcb8f10	55f719d91590	7ffdbfcb8ed0	0	55f719d915c0	55f719d916a0	7c296e21ace0	7c296db95490	a612	7ffdbfcb9018	8000000000000001
2.017487	95b5e	ea52	c0	55f71a94e0a0	0	ffffffffffffbf20	1f7	204	7ffdbfcbcf68	6b68	0	76988e3ef9d4aaff	92267861c5352c5	0	ea52	ca8c	7ffdbfcbe490
2.025597	9b041	1aa	55f719be8500	55f71a0a6430	1ff	0	1	a189	7ffdbfcbe240	1aa	fffffffffffffb02	a4722e00414b1093	76e079cb68a28a96	0	a183	90	1
2.032012	9a4ee	55f719bd0c90	7c296ded7290	23250	8000000000000002	fc3e	7c296ded7290	55f719d3c910	7ffdbfcb5ca0	0	55f719d3ca10	55f719d3cc60	7c296e21ace0	7c296ded7290	bb70	7ffdbfcb5de8	8000000000000001
2.038621	9b041	173	55f719be8500	55f71a0e5f90	1ff	0	1	fa14	7ffdbfcbe240	173	fffffffffffffba7	a42fd5f40f1ab7b5	7d199b66a275a23b	fc0c	0	2070	0
2.047431	26325b07b2b1	1	7c296e21ac80	19ec46639276e4a3	55f719d032e0	7c296e21ace0	0	20	7ffdbfcb50f0	0	55f719d032f0	11	7c296e21ace0	ffffffffffffff88	30	55f719b63010	1
2.061778	92b80	7c296d8fd010	7ffdbfcc2670	c22c0	8000000000000002	fc3e	7ffdbfcb77f0	55f719e372b0	7ffdbfcb77b0	0	55f719e37350	55f719e37d90	7c296e21ace0	7c296d9bf2d0	308b	7ffdbfcb78e8	8000000000000001
2.073154	943f5	5c3b9fe1a7c5480f	24db	1c0e9c0f6c184363	8	7ffdbfcb9420	7ffdbfcb9428	7ffdbfcc2670	7ffdbfcb9410	8	0	9ba8f2f97a97926f	1088a1d08e71d3d6	0	1e5c	d0	7ffdbfcb9420
2.082583	9919f	7c296ddbe010	eb7	7c296ddbe010	301	fc3e	142093059c6e0384	7ffdbfcbe201	7ffdbfcba280	55f71a8f3f80	4	7ffdbfcbe360	8000000000000001	0	1	0	7ffdbfcc2670
2.097739	92747	187	7ffdbfcc2670	55f71a2a3b00	1ff	20	40	7ffdbfcc2670	7ffdbfcb7230	fffffffffffffb59	0	a4165fbcc3a403c5	85f77921f3ea13e9	0	0	55f719bea990	c83c
2.104833	9389e	8000000000000002	d8	55f71ad01e70	37c940	fc3e	7c296d8fd010	7ffdbfcc2670	7ffdbfcba7a0	0	f160	6e32acdafb599213	5c9a43ba54f1f1be	8000000000000001	0	df25	7ffdbfcbe490
2.115932	9b041	66	55f719be8500	55f71a7daf80	1ff	0	1	e2f4	7ffdbfcbe240	66	fffffffffffffece	a580d60d9143d112	2f19e662bdba595e	e2f3	0	1890	1
2.125557	99433	8000000000000001	0	7ffdbfcbe360	0	7ffdbfcb7e08	7ffdbfcc2670	3c98	7ffdbfcb7dc0	1	0	55f71a9aeda0	0	0	1	0	7ffdbfcc2670
2.132392	26325b079754	0	30	1	7	55f719b63010	7	55f71ad4e9f0	7ffdbfcbe190	55f71ad4ea00	55f71a08afc8	a42f55b7566a5774	19ec46639276e4a3	7c296e21ac80	0	55f71ad4ea20	3
2.141686	9389e	8000000000000002	e2	55f71a9ceda0	14ef00	fc3e	7c296d8fd010	7ffdbfcc2670	7ffdbfcbd970	8	0	6bce4bfa9965b199	dd32eadee1d07102	8000000000000001	24c	53bc	7ffdbfcbe490
2.152417	9af40	7c296d8fd010	55f71a065960	9aa40	55f719f73690	8000000000000001	8000000000000001	26a9	7ffdbfcbe240	55f719f73670	55f71a45e248	a5a7d6b011ce6c08	19ec46639276e4a3	fc3e	26a9	7ffdbfcc2670	1
2.165651	99626	823545c06c45c597	7ffdbfcbd0f8	7a753e1d47142e57	efb75d8da03d4ee0	bdbc1a28de8f2346	1800000000000000	55f71a941e90	7ffdbfcbd0f0	8	0	3275c08c2d9f807	96abaec2663be2aa	ffffe000	920	55f71a92efb0	7ffdbfcbd0f0
2.180879	9a500	55f719e1d6b0	7c296de3d168	55f24690496d	55f719e1d770	55f719b63010	7	54b9	7ffdbfcbe230	55f719e1d710	55f71a42bd00	ab323c62418a155b	19ec46639276e4a3	7c296de3d168	55f719bd0c90	2901	0
2.193120	92739	1c	7ffdbfcc2670	55f719f89d30	1ff	0	1	1bd	7ffdbfcb8e10	ffffffffffffffac	0	a58f6bb86a683393	a6954e5b9c3ecde2	0	1	55f719be99a0	1bd
2.206915	9439e	1c4f8c6af3441b02	7ffdbfcbab88	f184571cc2ff7475	8	7ffdbfcbab80	7ffdbfcbab88	7ffdbfcc2670	7ffdbfcbab70	0	0	606d199eea9ed121	f715ff5c8356bc5b	2e1f	0	f2	7ffdbfcbab80
2.213587	9b041	b5	55f719be8500	55f71a42ef50	1ff	0	1	a873	7ffdbfcbe240	b5	fffffffffffffde1	ab345391eb84077f	76f374f9cca45489	4c20	0	2940	1
2.223807	96e2f	7c296deff010	d136	d136	0	4de5	55f719be89b0	55f71a088e60	7ffdbfcbcc40	0	55f71a088e90	55f71a089380	7c296e21ace0	d136	19	7ffdbfcbcda8	4de5
2.238924	26325b07b754	55f71a28f670	7c296e21ac80	4011	7c296e21b400	100	1	4210	7ffdbfcbc2d0	0	0	7c296e21af50	7c296e21ace0	ffffffffffffff88	4220	55f71a8982e0	420
2.251255	9b041	1a0	55f719be8500	55f719df8b10	1ff	0	1	9f82	7ffdbfcbe240	1a0	fffffffffffffb20	a4b414489d10dbc7	8bad40d9139e84cd	0	9aec	27c0	1
2.261243	92cfa	7c296deff010	7ffdbfcc2670	7ffd	8000000000000002	100d2	7c296dc04460	55f71acc24f0	7ffdbfcb5730	0	55f71acc2520	55f71acc4280	7c296e21ace0	da2e	da2e	7ffdbfcb5838	8000000000000001
2.273251	96f49	55f71a266080	a8c3	fffffffffffffe59	1ff	ffffffffffffff73	7d	55f719f0f7b0	7ffdbfcb6580	1fff	0	a5e4d7e393b9fee1	1fab34df87cf709f	55f719be9f10	8d	3524	0
2.286799	9a500	55f719bd2a30	7c296dbccaf8	21f5d	8000000000000002	100d2	7c296dbccaf8	55f719e01c70	7ffdbfcba040	0	55f719e01dd0	55f719e02850	7c296e21ace0	7c296dbccaf8	b51f	7ffdbfcba198	8000000000000001
2.292340	99c4a	ce12c3349206fd59	8c	159	3ca0824b82f0e47	365507d023124071	1ff	55f719f85bf0	7ffdbfcbdbe0	8	0	55b970cd6d4b5438	43176a8c4404b784	ffff7c00	50	5a	55f71a465090
2.301500	9b041	197	55f719be8500	55f71a213200	1ff	0	1	bfb6	7ffdbfcbe240	197	fffffffffffffb3b	a3db55915104777f	fc261a5e1b00b24c	9c5c	0	d20	2
2.310069	930b8	8000000000000001	7ffdbfcc2670	fffffffffffffca0	1ff	fffffffffffffee0	8000000000000001	55f719d5fc00	7ffdbfcbd330	be6	0	fffffffffffffee0	28ca0c4f921afa88	4306	19	15b3	4305
2.317027	9a4f0	55f719f4c5e0	7c296dc1b968	2bd2b	80	100d2	7c296dc1b968	e9b9	7ffdbfcbe230	10	55f71a2c2540	a3e5f720f3bec0f5	fe838a008073736f	7c296dc1b968	55f719bd0c90	801	0
2.330087	9a4ea	55f71a127ff0	7c296dbf1f68	269eb	dfff	100d2	7c296dbf1f68	cdf9	7ffdbfcbe230	0	55f719eff008	a4382fc35ed499eb	54dad82826b6fdcc	7c296dbf1f68	55f719bd0c90	201	0
2.342685	9b391	1	55f719c89310	55f71ac3b500	55f71a2abe00	55f719b63010	7	7c296deff010	7ffdbfcbe240	55f71a2abde0	55f71a89c750	ab23d351ab49c63e	19ec46639276e4a3	100d2	4ec7	1	1
2.348238	92b80	7c296d0fc010	7ffdbfcc2670	96d80	8000000000000002	100d2	7ffdbfcbb3d0	55f71a8e5280	7ffdbfcbb390	0	55f71a8e52b0	55f71a8e5500	7c296e21ace0	7c296d192d90	25b6	7ffdbfcbb4c8	8000000000000001
2.354824	9a4f3	55f719c5c260	7c296db7a970	17b2c	3fff	100d2	55f719c5c260	7e64	7ffdbfcbe230	2	55f71a0a4450	a45b36370544724d	ec6a2f2abe5cbf02	7c296db7a970	55f719bd0c90	1	1
2.365552	9ae39	7c296deff010	7ffdbfcc2670	0	55f246b3d075	da9a	7	a1cf	7ffdbfcbe380	55f71a005d00	55f71a1732a8	a45b313dbed33fdb	19ec46639276e4a3	1e4e8	17340	4000	55f71aa19050
2.377542	943bc	dd3e387b643dca3	0	359866aed527f3a	8	7ffdbfcbb880	7ffdbfcbb888	0	7ffdbfcbb870	0	0	f184571cc2ff7475	e18e411fd5ef7e6b	ac00	1	ac00	7ffdbfcbb880
2.384050	92955	1	7ffdbfcc2670	7c296dabd010	15e82	100d2	74d6	0	7ffdbfcbc970	8	0	a4348fe605fb5215	ab061aa1b9378222	7c296db6c420	7c296dabd010	7ffdbfcbcab8	55f71a0bc710
2.390459	990bb	7c296dabd010	3f13	7c296dabd010	101	100d2	bd39	7ffdbfcbe001	7ffdbfcba5a0	8	0	7ffdbfcbe200	8000000000000001	0	1	0	7ffdbfcc2670
2.397588	96f0b	55f71a0eb990	574c	49	1ff	114	0	55f71a26e320	7ffdbfcb3c60	1	0	a41d55b863174424	baaac94eecfef8d3	55f719bea7e0	124	5749	0
2.412504	9441b	0	df2e	0	0	7ffdbfcbdc20	7ffdbfcbdc28	55f719c5bcd0	7ffdbfcbdc10	8	0	9ba8f2f9d91a8d40	1097afe74ccf1b9d	55f719be8680	8	0	7ffdbfcbdc20
2.421333	99295	0	e34d	d3b62cba80000000	0	100d2	7c296d0fc010	8000000000000000	7ffdbfcb99a0	6e	4	7ffdbfcbe200	8000000000000001	0	1	0	7ffdbfcc2670
2.427406	9a4ee	55f719f378c0	7c296dc04d30	28fa4	f7ff	100d2	7c296dc04d30	da8c	7ffdbfcbe230	0	55f71a1edc40	a3e655aed04cbdfa	c76de00c94a36687	7c296dc04d30	55f719bd0c90	c01	3
2.434879	9907a	0	ef25	55f71a8e1a00	7ff	100d2	21c0	7ffdbfcbe250	7ffdbfcbb6c0	8	0	7ffdbfcbe360	b68714ffcd77cc18	0	1	0	7ffdbfcc2670
2.440489	92988	2dd00	7ffdbfcc2670	7c296dabd010	0	100d2	0	81	7ffdbfcb79d0	8	0	a57955624c1878b8	7e6b88ab87fbbfd1	7c296dabd010	7c296dc2b8c8	7ffdbfcb7b18	55f719de6440
2.452785	9596d	76	78	55f71ad505e0	3ff	0	1	7ffdbfcc2670	7ffdbfcbc610	55f71ad4f720	ec0	1f9b10e3524f3bad	301cd49e627f0e47	8000000000000001	27a4	0	7ffdbfcbe490
2.462446	943e6	44facf01fcedcb81	6d	ecbbe22f1656a91e	8	7ffdbfcba950	7ffdbfcba958	55f71a0f4980	7ffdbfcba940	0	0	1c5bf31424a63158	f0c0a10dd59b723e	fffffff0	140	55f71a0f1fa0	7ffdbfcba950
2.470566	9b041	26	55f719be8500	55f719e1c440	1ff	0	2	c41b	7ffdbfcbe240	27	ffffffffffffff8b	a5baf29f26a69a69	c74f2d5e105d3d85	0	320c	16b0	4
2.478096	9389e	8000000000000002	7ffdbfcc2670	3f	122300	100d2	7c296d0fc010	8000000000000001	7ffdbfcbaad0	7ffdbfcbe080	1d	194f1a5ef9a4563c	b307c8c13594326b	81	7ffdbfcbe080	488c	1d
2.492980	9af40	7c296d0fc010	55f719e69a00	37edc0	55f71a2ac030	8000000000000001	8000000000000001	dfb7	7ffdbfcbe240	55f71a2abfd0	55f71a478790	a548ae36a86bc643	19ec46639276e4a3	100d2	0	7ffdbfcc2670	1
2.505025	9a500	55f719c32cc0	7c296dbba228	55f246b2b1b2	55f719c32d80	55f719b63010	7	a8c1	7ffdbfcbe230	55f719c32d20	55f71a88c690	a4ae5dc4dcedda35	19ec46639276e4a3	7c296dbba228	55f719bd0c90	2601	1
2.514336	92b80	7c296d0fc010	7ffdbfcc2670	2b1440	8000000000000002	100d2	7ffdbfcb34f0	55f71a7f0f00	7ffdbfcb34b0	0	55f71a7f0fa0	55f71a7f1610	7c296e21ace0	7c296d3ad450	ac51	7ffdbfcb35f8	8000000000000001
2.521663	96f49	55f71a473760	fd45	fffffffffffffc97	1ff	fffffffffffffedd	113	55f71a2a82c0	7ffdbfcb9f00	9ffa	0	a578d5618b8037a1	728b5dc65917b4ce	55f719be9a90	122	fd44	0
2.536225	9389e	8000000000000002	0	f0f6ad5418ac181e	128980	100d2	7c296d0fc010	7ffdbfcbe001	7ffdbfcb9c90	96	4	7ffdbfcbe200	8000000000000001	0	1	4a26	7ffdbfcc2670
2.543304	26325b079721	61	40	2	7	55f719b63010	7	55f719c78950	7ffdbfcbe1a0	55f719c78960	55f71a5d43e0	a3f85643def5088e	19ec46639276e4a3	7c296e21ac80	0	55f719c78990	2
2.549178	92b80	7c296d0fc010	7ffdbfcc2670	62440	8000000000000002	100d2	7ffdbfcb6f90	55f719d137b0	7ffdbfcb6f50	0	55f719d137e0	55f719d149b0	7c296e21ace0	7c296d15e450	1891	7ffdbfcb7088	8000000000000001
2.561656	9a500	55f719bd2a30	7c296dba4f28	1cfe3	8000000000000002	100d2	7c296dba4f28	55f719cb4a50	7ffdbfcb7d40	0	55f719cb4a80	55f719cb4e90	7c296e21ace0	7c296dba4f28	9aa1	7ffdbfcb7e98	8000000000000001
2.575029	9a480	0	7ffdbfcb9210	0	38	8	38	7	7ffdbfcb9190	0	55f719f6a3e0	55f719f6a750	7c296e21ace0	38	7c296dabd010	55f719f6a310	55f719f6a3e0
2.586044	92b80	7c296d0fc010	7ffdbfcc2670	8ab80	8000000000000002	100d2	7ffdbfcb8910	55f71ad54230	7ffdbfcb88d0	0	55f71ad54260	55f71ad55400	7c296e21ace0	7c296d186b90	22ae	7ffdbfcb8a08	8000000000000001
2.596011	93884	41f	a8	55f71aa39050	fd27	100d2	7c296d0fc010	7ffdbfcc2670	7ffdbfcb9248	8	0	72a1c959fcc13203	299c05833ff53339	8000000000000001	4307	fd27	7ffdbfcbe490
2.611053	96eda	55f71a21b780	ff48	7d	1ff	8a69a19d9c9573f7	0	55f719cde7e0	7ffdbfcb85e0	0	0	a5574502e50a3fff	a18967e605fef357	55f719be97c0	63	0	cd41
2.624621	95bee	1c4f8c6af3446839	7ffdbfcbc3c8	f184571cc2ff7475	0	95eb257dac9b1b18	6f20e10f83370d4c	0	7ffdbfcbc3c0	359866aed527f2d	e18e411fd5ef7e6b	55f71ad01e70	0	256	1	256	0
2.631961	9af5f	7c296d145190	55f71a896e20	49180	8000000000000002	8000000000000001	8000000000000001	1246	7ffdbfcbe240	55f71a5b9060	55f71a1f2e28	a5ac0b9032d6d1d5	19ec46639276e4a3	100d2	0	7ffdbfcc2670	2
2.642299	ce880	55f719dd0410	7ffdbfcc2670	7	1	7	55f719dd03f0	a42d	7ffdbfcb9b88	0	55f719dd0410	55f719dd0860	7c296e21ace0	7c296dbb3448	7c296dabd010	7ffdbfcb9cc8	8000000000000001
2.651604	9af63	7c296d1ec810	55f719f31350	95eb257dac9b1b18	8000000000000002	8000000000000001	8000000000000001	3c20	7ffdbfcbe240	55f71a1b3d50	55f71a29eaf8	a58397e16777fccb	19ec46639276e4a3	100d2	0	7ffdbfcc2670	1
2.664691	9b041	119	55f719be8500	55f71a092c80	1ff	0	1	9b95	7ffdbfcbe240	119	fffffffffffffcb5	a4385423d0d5219a	4c388268b777e8aa	b25b	0	21c0	1
2.677621	9b041	c1	55f719be8500	55f71a1079f0	1ff	0	1	9fc5	7ffdbfcbe240	c1	fffffffffffffdbd	a5d9c4a1963c5a43	e64ec55b2312a72f	0	aa4f	1bc0	0
2.692457	9a4ea	55f719cad0a0	7c296dbcaa40	21b46	80	100d2	7c296dbcaa40	b3c2	7ffdbfcbe230	10	55f71a479978	a56467789f4f1261	ce925b503a606e6d	7c296dbcaa40	55f719bd0c90	1501	2
2.705296	9b391	1	55f71a942d50	55f71ac3b500	55f719ea3d90	55f719b63010	7	7c296deff010	7ffdbfcbe240	55f719ea3d70	55f719f01be8	a46dd6572329155b	19ec46639276e4a3	100d2	c43a	1	3
2.718799	9a4c0	55f71a1a72a0	7ffdbfcb9838	c21	20	55f71a1a7240	55f71a1a72a0	4	7ffdbfcb97b0	0	55f71a1a72a0	55f71a1a7ee0	7c296e21ace0	4	55f71a1a72a0	55f71a1a7210	55f71a1a7270
2.730267	930e1	d09b	9e54	fffffffffffffdf0	1ff	ffffffffffffff50	8000000000000001	0	7ffdbfcb7e78	2ff0	0	ffffffffffffff50	1dc49f54ac404e43	0	1	d09a	7ffdbfcc2670
2.742228	26325b07c0a1	30	ffffffffffffff88	0	55f719b63010	8	20	20	7ffdbfcb6cf0	0	55f719c77e00	55f719c78010	7c296e21ace0	1	7c296db71238	55f719c00320	55f719c77e00
2.752443	9b01e	14a	55f719be8500	55f71a26d690	1ff	0	1000000000000000	79d1	7ffdbfcbe240	8	0	a58820a06a54775b	48c240198414e7df	0	1513	1830	1
2.766430	9a4ee	55f719bd0c90	7c296daeb9f0	5d3c	8000000000000002	100d2	7c296daeb9f0	55f719fe4010	7ffdbfcb9660	0	55f719fe4110	55f719fe5710	7c296e21ace0	7c296daeb9f0	1f14	7ffdbfcb97a8	8000000000000001
2.779161	9a4c0	55f719f31250	7ffdbfcbc9e8	9c1	20	55f719f311f0	55f719f31250	4	7ffdbfcbc960	0	55f719f31250	55f719f31c30	7c296e21ace0	4	55f719f31250	55f719f311c0	55f719f31220
2.792599	95b48	55f71a879100	de	55f71a839840	1fff	fffffffffffc0740	1fb6	1fc6	7ffdbfcb9e70	349f	0	66ecda99590a6167	4e7321e377e134c7	0	67ed	da4a	7ffdbfcbe490
2.806720	9af40	7c296d0fc010	55f71a46ce20	92540	55f71a46cb10	8000000000000001	8000000000000001	2495	7ffdbfcbe240	55f71a46cab0	55f71a2504f0	a47f61072bbb1373	19ec46639276e4a3	100d2	0	7ffdbfcc2670	2
2.812020	92b80	7c296d0fc010	7ffdbfcc2670	2cd380	8000000000000002	100d2	7ffdbfcb9fb0	55f71acc5d40	7ffdbfcb9f70	0	55f71acc5de0	55f71acc6b40	7c296e21ace0	7c296d3c9390	b34e	7ffdbfcba0b8	8000000000000001
2.820999	95c3c	b0325b3519ac4e3f	7ffdbfcbe1d8	790a3ecd486ede74	a43255cccfea0abc	7ffdbfcbe1d0	1000000000000000	9bc9	7ffdbfcbe1d0	8	0	a43255cccfea0abc	690a3ecd486ede74	4905	0	4905	7ffdbfcbe1d0
2.836032	9ab44	0	55f71a985c20	55f245e9f495	55f71a985d10	55f719b63010	7	b7ee	7ffdbfcbe220	55f71a985c50	55f71a7c1360	a434ebee7fb27ee3	19ec46639276e4a3	7c296dbd0e60	55f719bd0c90	2201	1
2.841302	91bf7	392e	7ffdbfcc2670	0	392e	0	7ffdbfcc2670	392e	7ffdbfcbe420	0	0	668587367407dcff	29482e1b14a94e2e	2	8000000000000000	8	55f719cfbc70
2.853471	9b2e1	7ffdbfcc2670	55f719bd2a30	55f719f083b0	1f80	183	7ffdbfcc2670	a307	7ffdbfcbe240	3	55f719f05de8	a3f4fd7e16af1173	796a3be12bc9fdc4	0	55f719bd0c90	d01	2
2.865853	95902	52f	ee	55f71a879100	1fff	0	1	7ffdbfcc2670	7ffdbfcbc0c0	55f71a86eb20	a5e0	6416b194ac15122d	9c5483fd06b6a4f0	0	1496	0	7ffdbfcbe490
2.872732	9a4ea	55f71a175c00	7c296db148f8	af1d	9eff	100d2	7c296db148f8	3a5f	7ffdbfcbe230	0	55f719da2ae0	a5ca5460cde6a442	209688f082d362f2	7c296db148f8	55f719bd0c90	1c01	2
2.881821	9a500	55f719bd2a30	7c296dbbd558	200a9	8000000000000002	100d2	7c296dbbd558	55f719f3cfb0	7ffdbfcbce80	0	55f719f3cfe0	55f719f3fd90	7c296e21ace0	7c296dbbd558	aae3	7ffdbfcbcfc8	8000000000000001
2.889717	9af40	7c296d0fc010	55f71a8f97d0	2cad00	55f719c76520	8000000000000001	8000000000000001	b2b4	7ffdbfcbe240	55f719c76500	55f71a88ed28	a49c56edd50b27a3	19ec46639276e4a3	100d2	b2b4	7ffdbfcc2670	2
2.896102	26325b0786e9	1e0	55f719f8a350	1e1	1e0	55f719f8a220	55f719f8a350	210	7ffdbfcbe2f0	55f246893a2a	55f719f8a5a0	40	19ec46639276e4a3	7c296e21ac98	7c296e21ac80	55f719f8a560	55f719f8a
2.908862	9b041	14f	55f719be8500	55f719dfc470	1ff	0	1	40fc	7ffdbfcbe240	14f	fffffffffffffc13	a3dc0e59284f7183	e5322272fcc1bcf3	0	40fb	b40	1
2.919506	9615a	a2e0	510	f8	a101	55f71a9674e0	fff	55f71a9679f0	7ffdbfcb8250	8	0	64931c01291897f3	fcbcc0f6845f573a	27e	517	ffffff80	55f71aa39050
2.928519	94404	bab047ce3cb85c1	fde8	52cbe63a16578554	8	7ffdbfcbe1d0	7ffdbfcbe1d8	fde9	7ffdbfcbe1c0	8	0	a43ed40690ec354d	491678ae56a7b3bb	fde8	0	fde8	7ffdbfcbe1d0
2.935058	939fd	a33ded84db1da347	7ffdbfcbae98	dd23d5ee717071e8	a4f03e37793de5ea	f55728ff64a0a9e0	1100000000000000	55f71ad20a70	7ffdbfcbae90	0	1	6bc81e9d637784d4	e8cb4783e6af8a9c	fffffff0	40	55f71ad20190	7ffdbfcbae90
2.946491	9b016	17d	55f719be8500	55f71a1caeb0	1ff	0	1000000000000000	a4d8	7ffdbfcbe240	8	0	a5d8d45197906fee	7a4094bdf6b6e68a	ab07	0	2190	1
2.953280	95cf6	a6073c6a4e829a12	7ffdbfcbdf48	db9866ddbf0eacb8	acdfa6c09d34fb0b	c797b3496c54d47b	1000000000000000	0	7ffdbfcbdf40	8	0	a440d62d9924a19f	d8e657a84d501bdb	f176	1	f176	7ffdbfcbdf40
2.966662	92767	1d3	7ffdbfcc2670	55f71ab433e0	1ff	40	0	1a	7ffdbfcbcce0	8	0	a40d50505db71640	1840c8552ffaa116	3b5	0	55f719be89e0	0
2.974899	92a56	55f71a943eb0	7ffdbfcc2670	7c296dabd010	5cac	100d2	1ee4	3b	7ffdbfcbb210	8	0	a3d1b177513a2955	3c6c2e1a69b8a147	7c296daeb570	7c296dabd010	7ffdbfcbb358	55f719c24ce0
2.981393	99185	7c296dabd010	b725	7c296dabd010	1	100d2	55f719cfe0e0	7ffdbfcbe301	7ffdbfcbe0a0	8000000000000000	0	55f71a24a2a0	8000000000000001	0	1	0	7ffdbfcc2670
2.996261	26325b07b26c	10	7c296e21ac80	7c296e21ad10	7c296e21ad10	ffffc01c	0	28	7ffdbfcb9fb0	8	0	a3ce55e2dc415083	7c296e21ace0	ffffffffffffff88	30	3	1
3.011530	9389e	8000000000000002	7ffdbfcbe3c0	55f719daef10	3fad40	100d2	7c296d0fc010	49	7ffdbfcba6c0	4000	0	9ba8f2f6b7ca396b	10940da845a4db2f	8000000000000001	7ffdbfcc2670	feb5	70
3.018270	26325b078806	55f719cf77d0	55f71a0e2f50	3221	1	55f719cf77d0	55f719cf7840	30	7ffdbfcbdf60	55f246cf9522	55f719be35c0	3220	7c	7c296e21ac98	7c296e21ac80	55f71a0e2f80	55f71a0e2
3.025586	26325b07ad30	2	7c296e21ac80	20	55f719b63010	38	7c296e21ac90	38	7ffdbfcbc860	0	55f719c23e00	11	7c296e21ace0	2	40	4	55f719c23e00
3.037551	9af40	7c296d0fc010	55f719d7c860	58580	55f719dfe250	8000000000000001	8000000000000001	1616	7ffdbfcbe240	55f719dfe1f0	55f71a09aa10	a3ed18dbe772b9bb	19ec46639276e4a3	100d2	0	7ffdbfcc2670	1
3.045543	92b80	7c296d0fc010	7ffdbfcc2670	317300	8000000000000002	100d2	7ffdbfcb9100	55f71a1b0c60	7ffdbfcb90c0	0	55f71a1b0c90	55f71a1b0e90	7c296e21ace0	7c296d413310	c5cc	7ffdbfcb9208	8000000000000001
3.057819	9a495	55f71a5f7a00	7ffdbfcb6ee8	331	20	55f71a5f7a20	8	4	7ffdbfcb6e60	0	55f71a5f7a00	55f71a5f7d50	7c296e21ace0	20	55f71a5f7a00	55f71a5f7890	55f71a5f79d0
3.065979	92b47	8baa	7ffdbfcc2670	55f71ac3b500	1	100d2	7ffdbfcbd6e0	55f719f44e90	7ffdbfcbd6a0	0	55f71a96d4c0	55f71a96d920	7c296e21ace0	a123	55f719f44e90	7ffdbfcbd7e8	8000000000000001
3.073175	26325b0786d0	55f719e84fe0	55f719e85170	41	240	55f719e84fe0	55f719e85170	270	7ffdbfcbde98	55f24699caa5	55f719e85420	40	7c	7c296e21ac98	7c296e21ac80	55f719e853e0	55f719e85
3.081137	9ab44	0	55f71a810360	55f245f0ac40	55f71a810450	55f719b63010	7	eda	7ffdbfcbe220	55f71a810390	55f71a20a220	a5b85b10c8830c7f	19ec46639276e4a3	7c296dad3480	55f719bd0c90	1801	2
3.086452	9b391	1	55f719f1cc90	55f71ac3b500	55f71a1d6fc0	55f719b63010	7	7c296deff010	7ffdbfcbe240	55f71a1d6fa0	55f719f97050	a5bcd68f91bda259	19ec46639276e4a3	100d2	706c	1	3
3.094152	92b80	7c296d0fc010	7ffdbfcc2670	acb40	8000000000000002	100d2	7ffdbfcb9510	55f719f64640	7ffdbfcb94d0	0	55f719f64670	55f719f64840	7c296e21ace0	7c296d1a8b50	2b2d	7ffdbfcb9618	8000000000000001
3.109261	9857d	b1e6bc147866329c	7ffdbfcb5f88	3d701018f78fd82d	6145fca61a0813fb	1e5c866bd8b3c08c	800000000000000	55f719daef70	7ffdbfcb5f80	8	0	9ba8f2f6ab64721d	10934a61af349bcc	ffffffc0	60	66	55f71ad505e0
3.123108	9a500	55f719eb4ed0	7c296db5cf28	55f2469aceb4	55f719eb5000	55f719b63010	7	6aa1	7ffdbfcbe230	55f719eb4fa0	55f71a1c5890	a40eaefd4a435aeb	19ec46639276e4a3	7c296db5cf28	55f719bd0c90	201	3
3.131789	92687	8000000000000001	7ffdbfcc2670	8000000000000001	3ff	7ffdbfcb6a38	7ffdbfcc2670	95	7ffdbfcb68f0	0	7971	0	ffffffffffffd190	bd	0	d325	7ffdbfcc2670
3.138155	9b041	77	55f719be8500	55f71a7f92b0	1ff	0	1	d02e	7ffdbfcbe240	77	fffffffffffffe9b	a56b552944b40152	80c44ba4bb2944eb	d2fb	0	1320	1
3.144117	9b016	db	55f719be8500	55f71a813590	1ff	0	1000000000000000	2457	7ffdbfcbe240	8	0	a469563a62f8aeef	127fdc12a24ccf6e	bc94	0	360	2
3.155875	26325b07af07	60	7c296e21ac80	40	55f719feba40	55f719f10de0	18	7c296e21ad30	7ffdbfcbdd90	0	0	55f719febaa0	7c296e21ace0	ffffffffffffff88	440	55f719b63010	42
3.164295	96e27	7c296deff010	7ffdbfcc2670	4274	588f	0	55f719be8830	55f719bff000	7ffdbfcbd418	588f	55f719bff0a0	55f719bff5c0	7c296e21ace0	4274	11	7ffdbfcbd578	0
3.170858	92b80	7c296d0fc010	7ffdbfcc2670	b7700	8000000000000002	100d2	7ffdbfcb4710	55f719cc2ae0	7ffdbfcb46d0	0	55f719cc2b10	55f719cc2d00	7c296e21ace0	7c296d1b3710	2ddc	7ffdbfcb4818	8000000000000001
3.176836	26325b07b04a	55f71ad0e8e0	7c296e21ac80	55f71ad0e8d0	55f71ad0e910	7c296e21b270	55f71ad0e8d0	38	7ffdbfcbdf18	0	55f71ad0e8e0	55f71a957010	7c296e21ace0	2	7	55f71a1cba10	38
3.190471	9a4ea	55f719c7bf60	7c296dc3e0c0	30216	afff	100d2	7c296dc3e0c0	100b2	7ffdbfcbe230	0	55f719e1c0c8	a5b9d68d116ee75a	5705a124d980ea1e	7c296dc3e0c0	55f719bd0c90	1601	0
3.199043	98e21	2a3aa6b9a97894dc	2c4	f472e176d0c6a28a	2ac34da08d353c39	f6f279c6027973a9	7ff	55f719daefe0	7ffdbfcb52e0	8	0	9ba8f2f6aa585da1	109603ec424cc3a2	fffff000	d0	dc	55f71ad505e0
3.212349	9a4c0	55f71a069d10	7ffdbfcbbc10	161	38	55f71a069be0	55f71a069d10	7	7ffdbfcbbb90	0	55f71a069d10	55f71a069ea0	7c296e21ace0	7	55f71a069d10	55f71a069bb0	55f71a069ce0
3.218112	26325b07a986	3f	7c296e21ac80	0	55f719b63010	28	7c296e21ac80	28	7ffdbfcb6430	8	0	a5f861ffdaf09ef3	8f3c4c903b0a8320	1	7c296dabd010	55f719c56f70	8000000000000001
3.224076	9859b	fb4082af746e2ddb	7ffdbfcbc788	45890c6ea6f1bf8	22e7fcc416c58025	dc1d56f108b88d12	800000000000000	21	7ffdbfcbc780	8	0	9ba8f2f6afe3ea14	1080d4918d3d7078	e3	d504	585c	7ffdbfcbe3c0
3.234593	98978	55f719daef10	9f63	52	3ff	389	1	8d	7ffdbfcb7020	0	4da5	0	108a7f2d7afe26ac	389	9f63	d1f	7ffdbfcbe3c0
3.245797	984bf	3718	7ffdbfcbe3c0	7ffdbfcbe3c0	0	95eb257dac9b1b18	6f20e10f8337967b	b4	7ffdbfcb4fd8	800a	0	1fc0	55f71a90c650	eb	7ffdbfcc2670	0	eb
3.255143	943bc	dd3e387b6446861	f3cb	359866aed52e4f8	8	7ffdbfcb9380	7ffdbfcb9388	55f71ad50960	7ffdbfcb9370	0	0	f184571cc2ff7475	e18e411fd5ef8da0	fffff000	380	38c	55f71a931570
3.269267	943e2	5c3c7a9064db7cf0	ea2e	6c1843631c0d4f02	8	7ffdbfcb3cd0	7ffdbfcb3cd8	cb	7ffdbfcb3cc0	0	0	9ba8f2f6b03a4162	4caae0f32d34bf02	f3	7ffdbfcc2670	ea2e	f3
3.282511	94390	0	7ffdbfcba7b8	1	8	7ffdbfcba7b0	7ffdbfcba7b8	55f719c856b0	7ffdbfcba7a0	0	0	9ba8f2f9d9706e58	108c4bb7540abf7c	55f719be9250	47	2889	7ffdbfcba7b0
3.295506	95b8b	55f719beb080	55f719be8500	0	2ebb	95eb257dac9b1b18	6f20e10f83370e10	14ce	7ffdbfcbe238	55f719cc0a60	55f71a8c88c8	ab26d3622891084f	19ec46639276e4a3	0	2ebb	2b80	0
3.301388	9441b	0	58	0	0	7ffdbfcb44a0	7ffdbfcb44a8	9aa8	7ffdbfcb4490	8	0	6ad4fdbf1083b8b9	8e398aeaae4e8d5b	7ffdbfcc2670	7ffdbfcbe080	7ffdbfcb45a0	7ffdbfcb44a0
3.312480	96f4e	55f719f63950	fd0c	fffffffffffffdb4	1ff	ffffffffffffff3c	b4	55f719ccc790	7ffdbfcb9220	63df	0	a55a1237083c47af	94576d42a43da97c	55f719be9580	c4	0	af88
3.325958	9396c	0	7ffdbfcbab18	1	0	7ffdbfcbab10	7ffdbfcbab18	55f71a4650c0	7ffdbfcbab10	8	0	5983f20888df5b6d	95ecd8a61e8be55f	ffffc000	30	55f71a4648b0	7ffdbfcbab10
3.334817	94735	1	1	81	55f719d2ab30	0	7ffdbfcc2670	ed71	7ffdbfcb0c80	7ffdbfcbe080	79	7ffdbfcbdf70	29482e1b14a94e2e	7ffdbfcc2670	7ffdbfcbe080	81	79
3.346786	9b041	153	55f719be8500	55f71a21ea00	1ff	0	1	7a13	7ffdbfcbe240	153	fffffffffffffc07	a5aceffaf427da25	5ce2794a032c8ed7	0	7a12	1950	0
3.360018	26325b1778ab	55f71a2a86b0	7ffdbfcbc910	161	38	55f71a2a85e0	55f71a2a86b0	7	7ffdbfcbc888	0	55f71a2a86b0	55f71a2a8840	7c296e21ace0	7	55f71a2a86b0	55f71a2a85b0	55f71a2a8680
3.373219	92b80	7c296d0fc010	7ffdbfcc2670	1bb040	8000000000000002	100d2	7ffdbfcbb670	55f719e37470	7ffdbfcbb630	0	55f719e37510	55f719e37d90	7c296e21ace0	7c296d2b7050	6ec1	7ffdbfcbb778	8000000000000001
3.379188	943bc	dd3e387b643dd67	7b00	359866aed527fe6	8	7ffdbfcb8b90	7ffdbfcb8b98	55f719d8ec10	7ffdbfcb8b80	0	0	f184571cc2ff7475	e18e411fd5ef056b	55f719be96d0	5f	0	7ffdbfcb8b90
3.394089	996c3	0	eb70	60	7ff	0	0	eb70	7ffdbfcbba30	a640	0	55f71a931570	0	6e9	1	7ffdbfcbbab0	7ffdbfcbe250
3.400051	95c77	2585d517192e1916	7ffdbfcbcf88	d14621a6b6d87349	248fef243b12a291	414fb0a7885d6dcd	1000000000000000	55f71ad509d0	7ffdbfcbcf80	8	0	46f3849eeff619cf	ee064c10e9ef1fe1	3	3fd	50	7ffdbfcbcf80
3.410384	9389e	8000000000000002	0	4cc979db55c23b2c	13ce00	100d2	7c296d0fc010	7ffdbfcbe201	7ffdbfcbc730	54	4	7ffdbfcbe360	8000000000000001	0	1	4f38	7ffdbfcc2670
3.415961	9b321	0	55f719bd2a30	55f2457b475e	55f71a0ae7f0	55f719b63010	7	c90f	7ffdbfcbe240	55f71a0ae7d0	55f719ef7d38	a43fd05c1ffb4ab4	19ec46639276e4a3	7c296dbea978	55f719bd0c90	7ffdbfcc2670	2
3.430623	26325b0796ff	ffffffffffffff88	40	2	7	55f719b63010	7	55f719e6ca00	7ffdbfcbe180	55f719e6ca10	55f719e40398	a5d2dbe0deecfbc3	19ec46639276e4a3	7c296e21ac80	0	1901	1
3.441910	9b2cd	13	55f719be8500	55f71a275260	fdff	3	7ffdbfcc2670	abbe	7ffdbfcbe240	0	55f71a275098	a3f41b069a22ba09	986df8edaffe43cc	0	55f719bd0c90	a01	1
3.449511	9b041	191	55f719be8500	55f71a8f0ce0	1ff	0	1	a7c9	7ffdbfcbe240	191	fffffffffffffb4d	ab3285cd980d9755	2af485343222bcc6	0	3980	29d0	0
3.457795	96f49	55f71a117a10	1002	fffffffffffffbb0	1ff	fffffffffffffe90	160	55f71a7aa980	7ffdbfcb9da0	4	0	a56a3f27025bf0ad	5f39a286b137b46c	55f719be95b0	16e	0	2aaa
3.472756	9a4ea	55f719bd0c90	7c296dbe3e80	24dce	8000000000000002	100d2	7c296dbe3e80	55f719f1a7e0	7ffdbfcb3040	0	55f719f1a9a0	55f719f1aa50	7c296e21ace0	7c296dbe3e80	c49a	7ffdbfcb3198	8000000000000001
3.482528	95940	24b	76	55f71a8743b0	fff	100d2	7c296d0fc010	7ffdbfcc2670	7ffdbfcbc1e0	8	0	5c12b98b482fe2d5	5f82d97e302538a5	8000000000000001	cc68	bc2d	7ffdbfcbe490
3.496369	92711	107	7ffdbfcc2670	55f71a978570	1ff	10	0	7ffdbfcc2670	7ffdbfcbbdd0	8	0	a3c2d58c91cdcd82	d020f31aa2167503	e253	0	55f719be90d0	0
3.508220	94455	0	f3bf	1	0	7ffdbfcbd4d0	7ffdbfcbd4d8	7ffdbfcc2670	7ffdbfcbd4c0	8	0	9ba8f2f680a0476f	109550183a9ec1bc	8000000000000001	c714	7c	7ffdbfcbd4d0
3.521198	99265	6e20b1e93b294af8	d6c2	55f71a7d0510	7	100d2	91df4e16c4d6b506	7ffdbfcbe201	7ffdbfcbb600	80	4	7ffdbfcbe360	8000000000000001	0	1	0	7ffdbfcc2670
3.533556	92711	15b	7ffdbfcc2670	55f71a139c60	1ff	0	1000000000000000	81	7ffdbfcbcf90	8	0	a46e5652e3517f9b	1d88d9850e973e4a	eb64	7ffdbfcbe020	55f719be8800	0
3.547568	942b1	0	7ffdbfcbbb48	1	8	7ffdbfcbbb40	7ffdbfcbbb48	dd9d	7ffdbfcbbb30	8	0	5ecfd070bf72cc6b	b8dad1757448e772	0	1	7ffdbfcbbc30	7ffdbfcbbb40
3.558989	9958c	46f08a6ebd68c19	7ffdbfcbae78	b2233b6bf1af873a	59ada10ab85cb688	4102f4aab8392ad7	1800000000000000	55f71ad505f0	7ffdbfcbae70	8	0	f17593d9689de19d	eb75557668f40e73	ffffe75c	10	55f71ad50380	7ffdbfcbae70
3.564340	92711	143	7ffdbfcc2670	55f71a5f0df0	1ff	0	1000000000000000	7ffdbfcc2670	7ffdbfcb9dc0	8	0	a58a58de10eeb353	71d857c839c5e37b	0	0	55f719be9b80	a99e
3.578284	92b80	7c296d0fc010	7ffdbfcc2670	28ce40	8000000000000002	100d2	7ffdbfcb8a90	55f719e32fc0	7ffdbfcb8a50	0	55f719e32ff0	55f719e33f50	7c296e21ace0	7c296d388e50	a339	7ffdbfcb8b88	8000000000000001
3.584237	9b3be	1	55f719fda430	55f71ac3b500	55f719cedd60	55f719b63010	7	7c296deff010	7ffdbfcbe240	55f719cfe2e0	55f719dfbd80	a3f8084a83f2226b	19ec46639276e4a3	100d2	9a66	0	1
3.590175	940a2	1a	87	ffffff80	75	65	1ff	55f71a8fedc0	7ffdbfcbc940	0	1	ec8b1ffab052f94a	514e1718d9481488	ffffffc0	70	76	55f71a243740
3.602443	943f5	4d104ab438f49660	0	9acc54a35620bb0c	8	7ffdbfcb8480	7ffdbfcb8488	b9a5	7ffdbfcb8470	8	0	2184b074336749df	7d256a0a492f8b40	0	1	7ffdbfcb8570	7ffdbfcb8480
3.608308	9af40	7c296d0fc010	55f719d48430	1b15c0	55f719f1bb60	8000000000000001	8000000000000001	6c57	7ffdbfcbe240	55f719f1bb40	55f71a803638	a57755434579e086	19ec46639276e4a3	100d2	6c57	7ffdbfcc2670	2
3.614666	9a4ea	55f719bd0c90	7c296db0a1a0	9a32	8000000000000002	100d2	7c296db0a1a0	55f719cb4200	7ffdbfcbc830	0	55f719cb42a0	55f719cb4e90	7c296e21ace0	7c296db0a1a0	3366	7ffdbfcbc948	8000000000000001
3.621919	95cf2	d96efa1f40f4c427	7ffdbfcbc958	1724cec6d87bcecd	5172d7ef7c1f0e8a	2818d69e71063124	1000000000000000	7ffdbfcc2670	7ffdbfcbc950	8	0	ec52f34b92fcb843	36d06a4a952a1b04	f262	0	a2	7ffdbfcbc950
3.628891	9b391	1	55f719c687a0	55f71ac3b500	55f719d23930	55f719b63010	7	7c296deff010	7ffdbfcbe240	55f719d23910	55f71a079500	a417d0581dbf0da1	19ec46639276e4a3	100d2	dc30	1	3
3.642201	9a4ee	55f71a9086a0	7c296dc339b0	2ed34	6fff	100d2	7c296dc339b0	f9bc	7ffdbfcbe230	1	55f71a2babb8	a3c68a585c35b843	4726c5d4b33e257d	7c296dc339b0	55f719bd0c90	d01	3
3.655765	990a5	7c296dabd010	0	7c296dbb5d58	0	100d2	7ffdbfcc2670	1	7ffdbfcbc8c0	1	0	7ffdbfcbe360	8000000000000001	0	1	a5e3	7ffdbfcc2670
3.667961	9590c	404	ac	55f71a931570	7ff	0	4000	7ffdbfcc2670	7ffdbfcba180	3fff	8240	ef447cd2c21ffdf3	652b271a0c101ee	8000000000000001	b48a	b489	7ffdbfcbe490
3.675788	9a4ee	55f71a2a4bb0	7c296dbd5780	230ee	e0ff	100d2	7c296dbd5780	bafa	7ffdbfcbe230	0	55f71a445c88	a5ffd43c139a6cca	11a3794de8b478fe	7c296dbd5780	55f719bd0c90	1a01	1
3.684710	92711	2e	7ffdbfcc2670	55f71a25b210	1ff	0	1000000000000000	7ffdbfcc2670	7ffdbfcbd2f0	8	0	a4347cd18faf3b9d	74e9ac0f023a083a	0	0	55f719be8950	76b4
3.696891	9a4ea	55f71a91bfb0	7c296dbf8160	2762a	d1ff	100d2	7c296dbf8160	d20e	7ffdbfcbe230	0	55f71a2b2d90	a3f7f364b1669ab3	f6bba1d7f59ef502	7c296dbf8160	55f719bd0c90	801	0
3.710254	9af40	7c296d0fc010	55f719e84330	141140	55f719e8c690	8000000000000001	8000000000000001	5045	7ffdbfcbe240	55f719e8c670	55f71a06ca00	a42bd05a2355821c	19ec46639276e4a3	100d2	5045	7ffdbfcc2670	1
3.723000	94452	0	7ffdbfcbc718	0	0	1	7ffdbfcbc718	55f719e2f3b0	7ffdbfcbc700	0	1	126333539d613dc6	18ca6793a1213645	fffffff0	90	55f719e2e080	7ffdbfcbc710
3.729841	9b041	125	55f719be8500	55f71a921350	1ff	0	1	ab3f	7ffdbfcbe240	125	fffffffffffffc91	a42155c662b51a2c	dc5923844bbe540b	911	0	2460	0
3.740068	92add	0	7ffdbfcc2670	55f71ad4ff00	1	4	55f71ad4ff10	0	7ffdbfcb9d10	0	55f71ad4ff30	55f71ad509f0	7c296e21ace0	7c296dabd010	55f71ad4fe90	7ffdbfcb9e48	8000000000000001
3.747909	26325b07b741	55f71a893f70	7c296e21ac80	7c296e21b430	7c296e21b440	1000	1	7c296e21ad90	7ffdbfcbd2e0	0	0	7c296e21ad90	7c296e21ace0	ffffffffffffff88	8010	55f719b63010	7ff
3.758416	9b016	1f9	55f719be8500	55f71a970930	1ff	0	1000000000000000	9d96	7ffdbfcbe240	8	0	a5bdd2a9b8e746e3	8a16a932579d70bb	0	7fab	1740	2
3.769478	942a8	0	7ffdbfcb9ee8	f184571cc2ff7475	8	7ffdbfcb9ee0	7ffdbfcb9ee8	b8f6	7ffdbfcb9ed8	e18e411fd5ef7e6b	0	ffffffffffffff27	3a8390aa2c8fea8e	0	1	7ffdbfcb9fd0	7ffdbfcb9ee0
3.780225	9389e	8000000000000002	7ffdbfcc2670	81	5ce80	100d2	7c296d0fc010	8000000000000001	7ffdbfcb0490	7ffdbfcbe020	7d	1364ff174194fa20	a69cf3dbc4b6c42b	81	7ffdbfcbe020	173a	7d
3.787917	9a500	55f719f2f6c0	7c296dc07f58	295e9	f3ff	100d2	7c296dc07f58	dca3	7ffdbfcbe230	0	55f71ad1c750	a473557d4d280e0d	2d71f3c54ba658f7	7c296dc07f58	55f719bd0c90	2801	2
3.800358	95cf2	d9caa7ed83db7858	7ffdbfcbc408	842d0de302a17154	da22c9394c16d05c	65a3662c032dbd0a	1000000000000000	55f71aa39f20	7ffdbfcbc400	8	0	ecd8309d9779bd27	9a4b7faada97e2ca	106	edb	cc	7ffdbfcbc400
3.814260	95c1f	0	7ffdbfcb3de8	1	0	7ffdbfcb3de0	7ffdbfcb3de8	81	7ffdbfcb3de0	8	0	a42354b550a86b8a	46d521e00121a1b2	ef83	7ffdbfcbe020	ef83	7ffdbfcb3de0
3.820556	92739	40	7ffdbfcc2670	55f71a7f6090	1ff	0	2	caf2	7ffdbfcb9350	ffffffffffffff3d	0	a550608cb53ff0e5	999877d3c3013c7f	0	1	55f719be9850	caf2
3.828524	92711	113	7ffdbfcc2670	55f71a092c80	1ff	0	1000000000000000	7ffdbfcc2670	7ffdbfcb7aa0	8	0	a4385423d0d478be	4c21a6c3231b37ce	7b7f	0	55f719bea6c0	0
3.834716	9a4c0	55f719dae280	7ffdbfcb7a50	1161	38	55f719dae1b0	55f719dae280	7	7ffdbfcb79d0	0	55f719dae280	55f719daf410	7c296e21ace0	7	55f719dae280	55f719dae180	55f719dae250
3.841998	9a4f0	55f71aa55730	7c296dc04b80	28f6e	780	100d2	7c296dc04b80	da7a	7ffdbfcbe230	5	55f71a0be5e8	a5c856d562eda215	b3f0e744d4b90714	7c296dc04b80	55f719bd0c90	1d01	2
3.852152	95b90	7c296deff010	b690	a164	0	95eb257dac9b1b18	6f20e10f83370dfc	55f71aa56250	7ffdbfcb23c0	a164	55f71aa563b0	55f71aa56ac0	7c296e21ace0	55f719beacc0	d4	a164	0
3.857994	9b3a9	0	55f719bd1080	55f71ac3b500	55f719bd0f70	55f719b63010	7	7c296deff010	7ffdbfcbe240	55f719bd0fb0	55f71a949eb0	a44b9b4e9e36a12f	19ec46639276e4a3	100d2	119d	0	1
3.864612	9389e	8000000000000002	de	55f71a9ceda0	156440	100d2	7c296d0fc010	7ffdbfcc2670	7ffdbfcbbc30	8	0	e173b97755eeb22d	ee46a6e614ca6a03	8000000000000001	0	5591	7ffdbfcbe490
3.875378	9b016	de	55f719be8500	55f71a946f60	1ff	0	1000000000000000	3145	7ffdbfcbe240	8	0	a408f0b79c2bdaef	da9aad60e1bf0eb1	0	4458	24c0	0
3.884407	9a4ee	55f719bd0c90	7c296db5a5b8	13ab5	8000000000000002	100d2	7c296db5a5b8	55f71a7e5aa0	7ffdbfcbbe50	0	55f71a7e5cc0	55f71a7e67d0	7c296e21ace0	7c296db5a5b8	68e7	7ffdbfcbbf68	8000000000000001
3.893927	9b2cd	1b2	55f719be8500	55f719df8b10	80	1a2	7ffdbfcc2670	a304	7ffdbfcbe240	8	55f719df6260	a48598a6622193df	a3df3b14aec83d37	0	55f719bd0c90	2701	2
3.899376	943d1	d7036b99f7e53b8f	1403	2c98cac9c6017681	8	7ffdbfcbcd50	7ffdbfcbcd58	55f71a931730	7ffdbfcbcd40	0	0	e9bbfa0f6d6c38ec	c1379320f51f660a	ffff5eff	1c0	55f71a92dd50	7ffdbfcbcd50
3.906077	26325b07b3a1	1ae0	7c296e21ac80	30	55f71a0113e0	55f71a011410	0	28	7ffdbfcb1e60	0	55f71a0113f0	55f71a012ef0	7c296e21ace0	ffffffffffffff88	30	55f719b63010	1
3.916370	26325b07aeec	460	7c296e21ac80	30	55f719dc55b0	460	0	20	7ffdbfcbadb0	0	0	55f719dc5a10	7c296e21ace0	ffffffffffffff88	30	55f719b63010	1
3.926950	9a4fc	55f71a939aa0	7c296dbe4378	24e6d	80	100d2	7c296dbe4378	c4cf	7ffdbfcbe230	c	55f71ad06300	a484d6d3a24a99fd	c708633eb63a6984	7c296dbe4378	55f719bd0c90	2601	3
3.938509	92b80	7c296d0fc010	7ffdbfcc2670	1243c0	8000000000000002	100d2	7ffdbfcbd6d0	55f719e668b0	7ffdbfcbd690	0	55f719e668e0	55f719e68440	7c296e21ace0	7c296d2203d0	490f	7ffdbfcbd798	8000000000000001
3.945003	990a5	7c296dabd010	0	7c296dbf0018	f00	100d2	1	7ffdbfcbe201	7ffdbfcbca40	0	3f60	7ffdbfcbe360	8000000000000001	0	1	ccab	7ffdbfcc2670
3.953275	92955	1	7ffdbfcc2670	7c296dabd010	1e105	100d2	a057	7ffdbfcc2670	7ffdbfcbc330	8	0	a42de17fc5dfb3b3	e515672f7805da8c	7c296dbad838	7c296dabd010	7ffdbfcbc438	55f719c88a20
3.961101	995cd	33f5ef8be906ce89	7ffdbfcbb188	66c4ff644100e92e	fe25dbe0ae450442	d6521bb6d2062ff2	1800000000000000	ff8e	7ffdbfcbb180	8	0	11c293244b562295	fdbbca016d216437	0	1	7ffdbfcbb270	7ffdbfcbb180
3.968315	9a47d	0	7ffdbfcb7340	0	38	8	38	7	7ffdbfcb72c0	8	55f719e26770	a42458928d14aa3b	7c296e21ace0	7ffffffffffffff8	7c296dabd010	55f719e06bd0	55f719e26770
3.983022	26325b07c3c5	31	ffffffffffffff50	8	8	55f719f048f0	55f719f04900	0	7ffdbfcbe200	1	55f71a145a30	a468d639a360864b	1e90dc2dce6c77ee	7c296dc330f8	55f719bd0c90	301	2
3.996311	96f49	55f71a8bf050	3007	fffffffffffffb08	1ff	fffffffffffffe58	198	55f719f267a0	7ffdbfcb6360	ddbc	0	ab37d3abaa2f2447	acba43061747bbd	55f719beae70	1a6	b11e	0
4.005174	9a500	55f71a8e67d0	7c296dc046d0	55f24561dc57	55f71a107d50	55f719b63010	7	da48	7ffdbfcbe230	55f71a107cf0	55f71a919698	a400900087d05a0f	19ec46639276e4a3	7c296dc046d0	55f719bd0c90	1f01	2
4.013385	9a4ea	55f719bd0c90	7c296db73e78	16dcd	8000000000000002	100d2	7c296db73e78	55f71a8c01f0	7ffdbfcb2e80	0	55f71a8c0220	55f71a8c0750	7c296e21ace0	7c296db73e78	79ef	7ffdbfcb2fd8	8000000000000001
4.027614	926c8	7ffdbfca83e0	7ffdbfcc2670	8000000000000001	fff	7ffdbfca83e0	7ffdbfcc2670	8237	7ffdbfca8290	1	ffffffffffffd000	3000	55f71a9634a0	7ffdbfcbf810	8000000000000001	55f719bec0a0	7ffdbfcc2670
4.038781	a8a5d	378	7ffdbfcbdd60	55f719d64230	3ff	55f719d64220	0	0	7ffdbfcb7820	4	2	9ba8f2f60f0e59c5	109b1dd3bdc6ac33	10e	8797	7ffdbfcbe458	7ffdbfcc2670
4.045768	9a4ee	55f719bd0c90	7c296db59670	138cc	8000000000000002	100d2	7c296db59670	55f719ef27a0	7ffdbfcbc940	0	55f719ef27d0	55f719ef53d0	7c296e21ace0	7c296db59670	6844	7ffdbfcbcaa0	8000000000000001
4.054023	92711	1cb	7ffdbfcc2670	55f71a984530	1ff	0	1000000000000000	114d0	7ffdbfcb2ab0	8	0	a5f68b0b287992d1	faa65b540052ef2c	0	8000000000000001	55f719bea270	114d0
4.066268	a8b29	19dcd	7ffdbfcbdd60	10e	7ffdbfcbe818	0	7ffdbfcc2670	19dcd	7ffdbfca5280	7ffdbfcbdd60	1f73	0	ffffffffffffee10	7ffdbfcbe818	8000000000000001	10e	7ffdbfcc2670
4.080541	9851b	1c4f8c6af344c318	7ffdbfca4ec8	f184571cc2ff7475	0	95eb257dac9b1b18	6f20e10f8337a66d	0	7ffdbfca4ec0	359866aed52d40c	e18e411fd5ef7e6b	0	fffffffffffff7a0	10e	0	7ffdbfcbe9d8	7ffdbfcc2670
4.088628	95b8d	55f719bebd70	55f719be8500	0	5749	95eb257dac9b1b18	6f20e10f83370e55	c9dd	7ffdbfcbdbf0	55f719d337f0	55f71a170228	a85a86fa3aa6aadf	19ec46639276e4a3	0	5749	3870	2
4.099743	95c55	f8b031cd8640ed58	7ffdbfcadf18	6a491c8f2b437617	463d924937804c46	84ab99d69bae7694	1000000000000000	7ffdbfcae058	7ffdbfcadf10	8	0	ec5e03ebf88e7983	1083eee28559b0ed	7ffdbfcbf810	7ffdbfcc2670	148	7ffdbfcadf10
4.114246	942d9	0	7ffdbfcb8b58	1	8	7ffdbfcb8b50	7ffdbfcb8b58	7ffdbfcb8cc8	7ffdbfcb8b40	8	0	9ba8f2f60e81ce4e	10c87b66439d05ec	7ffdbfcbf810	7ffdbfcc2670	74	7ffdbfcb8b50
4.120228	b8406	7c296d4bc010	7ffdbfc93250	26c10	ceb0	25849	7ffdbfc93250	7ffdbfcc2670	7ffdbfc92f60	168	7ffdbfcbf530	53840fceb30d6040	dac8ebf2bf803595	167	ceb0	0	ceb0
4.129869	26325b17791d	55f71bc02e58	55f71b938160	7dfe	58	55f71b67ae38	55f71bc02e58	ffffc000	7ffdbfc93258	55f71beb8380	0	d9a9ecb2e0063db7	57f9fbc809d75a32	1b7	7e00	ffffffffffff81f1	ffff8000
4.140384	26325b17791d	55f71c2b3ef0	55f71bebcd00	14971	58	55f71bd23ed0	55f71c2b3ef0	ffffcd32	7ffdbfc97a08	55f71c9c83a0	0	e0b8824406ab5e67	b38805358257293e	a02a	4980	ffffffffffffb67e	ffffcd30
4.148052	9389e	8000000000000002	8000000000000001	8000000000000001	b8840	25849	7c296c0fb010	7ffdbfcc2670	7ffdbfc96d50	8	0	e9be7eebcdd819c5	5cfef6a615c51ca8	7c296c0fb010	44c6	25849	2e21
4.157500	b8fe5	55f71c9c83a0	7ffdbfcb9880	1	1ffff	2e3543ec1d149af9	0	9	7ffdbfcb9590	0	0	d1763df8c97b83c7	20f31dbc667a837d	9	fd50	55f71bce1d00	7ffdbfcbf530
4.164698	26325b17791d	7c296bea7fc0	55f71c9ce3f0	604d	58	55f71c7b6350	7c296bea7fc0	ffffe000	7ffdbfc9f9e8	7c296c0ba010	0	e924a50583605e6e	54af999500fa946a	16c1b	6050	ffffffffffff9fa2	ffffc000
4.170744	26325b17791d	7c296bb52cc0	55f71c9d7f10	fb6d	58	55f71c461050	7c296bb52cc0	ffffe000	7ffdbfc9f9e8	7c296c0ba010	0	a663dbe34938fafd	538d77bb5e62b090	e3e6	fb70	ffffffffffff0482	ffffc000
4.177555	26325b17791d	7c296b7caed8	55f71c9e2370	19fc4	58	55f71c0d9268	7c296b7caed8	fffffff0	7ffdbfc9f9e8	7c296c0ba010	0	dc6e2413e787599f	7ad02be5435216b3	5427	19fd0	fffffffffffe602b	ffffffe0
4.186236	84004	0	7ffdbfc954b0	0	7ffdbfc95490	1	7ffdbfc954b0	1	7ffdbfc953e0	156	7ffdbfcbf530	0	346bfa6a5cf37fb0	8000000000000001	8000000000000000	7ffdbfc95490	8000000000000000
4.198076	840ab	55f719dcd050	7ffdbfca9840	9	7ffdbfca9820	0	7ffdbfca9840	0	7ffdbfca9770	af	7ffdbfcbf530	9	68ab37c788703a46	8000000000000001	8000000000000000	7ffdbfca9820	8000000000000000
4.208803	b9191	7c296c0ba010	7ffdbfc9d130	fffffffffefd26f8	116	fffffffffffd0efd	2f0f3	9	7ffdbfc9ce40	12b	9	9	e1e9c08c455ce157	9	2f103	55f71cc42930	7ffdbfcbf530
4.219923	26325b17791d	7c296a780ff0	7c296c0c1e90	7e7b	58	7c296be01ff0	7c296a780ff0	fffff800	7ffdbfcaaa38	7c296aa39010	0	a3f8c1ed5b5e1032	1a09dc097e411ce0	31105	7e80	ffffffffffff8174	fffff000
4.231315	26325b17791d	7c296a0b0da0	7c296c0d5bb0	1bb99	58	7c296b731da0	7c296a0b0da0	fffffa00	7ffdbfcaaa38	7c296aa39010	0	6b99150c629932a6	796024e5ffe64626	1faf8	1bba0	fffffffffffe4456	fffff800
4.241772	26325b17791d	7c2969a68fb8	7c296c0e8010	2dff0	58	7c296b0e9fb8	7c2969a68fb8	ffffffff	7ffdbfcaaa38	7c296aa39010	0	f56e8d64c7876f9c	f645063aa5370202	fb7b	2e000	fffffffffffd1fff	fffffffe
4.251636	26325b17791d	7c2967e76fc8	7c296c0f94c0	7f4aa	58	7c296aaf7fc8	7c2967e76fc8	fffffc00	7ffdbfcaaa38	7c296aa39010	0	29fdc547887a1a40	cb65f4ba0abc1246	9df	3f4b0	fffffffffffc0b45	fffff800
4.264038	9389e	8000000000000002	8000000000000000	7c296aa39010	b040	25849	7c296c0fb010	7ffdbfcc2670	7ffdbfcb0a00	8	0	354cd0e379599b03	dc425f23aac27618	7c296c0fb010	2c1	25849	2125c
4.277587	26325b07b870	0	7c296e21ac80	51	14ff1	55f71d8c7010	0	48	7ffdbfcb7f40	48	55f71d8c6fd0	9	7c296e21ace0	ffffffffffffff88	50	5	3
4.291141	9389e	8000000000000002	8000000000000001	8000000000000001	3a41c0	25849	7c296c0fb010	7ffdbfcc2670	7ffdbfca2940	8	0	4539ab465d939ec2	92af84e772633613	7c296c0fb010	223b4	25849	e907
4.304764	26325b07c3c2	51	ffffffffffffff50	8	8	55f71c8c1950	55f71c8c1960	7c296a4b1870	7ffdbfcbeaa0	55f71c2561f0	9	0	19ec46639276e4a3	7c296aa49170	ffff9000	5266c	7c296a4b1c90
4.314227	af4ed	fffffffffffffdf0	7ffff	55f242ed5518	55f71d9c8cd0	55f719b63010	9	7c2969c91f80	7ffdbfcbead0	55f71d9c8d30	9	0	19ec46639276e4a3	7c296aa60b90	fffff2c0	40f64	7c2969c92190
4.327782	be71c	8000000000000000	7ffff	8	8	55f71be13680	48	7c2969270ef0	7ffdbfcbeac8	55f71d4acfd0	9	0	19ec46639276e4a3	7c296aa7e300	fffff000	2b41a	7c2969271310
4.338475	26325b07c3c2	51	ffffffffffffff50	8	8	55f71c215ff0	55f71c216000	7c29688c7808	7ffdbfcbeaa0	55f719d47460	9	0	19ec46639276e4a3	7c296aa9a4c0	ffff9178	169d2	7c29688c7910
4.352947	26325b078862	55f71ba80330	55f71d77d7e0	51	51	55f71ba80330	55f71b8ecf80	a0	7ffdbfc99d20	55f242066f0c	55f71d77d7e0	50	7c	7c296e21aca8	7c296e21ac80	55f71b8ecfd0	55f71b8ec
4.366627	26325b078862	55f71d6559c0	55f71c10b880	51	51	55f71d6559c0	55f71c8f4080	a0	7ffdbfc99d20	55f243617074	55f71c10b880	50	7c	7c296e21aca8	7c296e21ac80	55f71c8f40d0	55f71c8f4
4.377840	26325b07870f	55f71c337650	55f71c261680	141	55f71b8e6a90	55f71c337650	55f71c2616d0	190	7ffdbfc99d10	55f24357d451	55f71c261630	140	7c	7c296e21aca8	7c296e21ac80	55f71c261810	55f71c261
4.387054	26325b07870f	55f71b9a0030	55f71d7296d0	a1	55f71c05e7c0	55f71b9a0030	55f71d7296d0	f0	7ffdbfc99d10	55f244b76409	55f71bc6b320	50	7c	7c296e21aca8	7c296e21ac80	55f71d7297c0	55f71d729
4.400223	26325b078709	55f71bb17af0	55f71bda64b0	141	55f71d2d1410	55f71bb17af0	55f71bda64b0	190	7ffdbfc99d10	55f24260dbd6	55f71d116670	f0	7c	7c296e21aca8	7c296e21ac80	55f71bda6640	55f71bda6
4.405604	26325b078713	55f71c1cbd10	55f71b74dd50	a1	55f71c0d5550	55f71c1cbd10	55f71b74dd50	f0	7ffdbfc99d10	55f246bbf98d	55f719ca4ec0	190	7c	7c296e21aca8	7c296e21ac80	55f71b74de40	55f71b74d
4.416041	26325b078862	55f719ce1d70	55f71d6ae140	f1	51	55f719ce1d70	55f71c409280	1e0	7ffdbfc99d20	55f2421b2549	55f71d6ae140	f0	7c	7c296e21aca8	7c296e21ac80	55f71c409370	55f71c409
4.422984	26325b078862	55f71d3305b0	55f71ba91590	1181	50	55f71d3305b0	55f71ba91630	11d0	7ffdbfc99d20	55f244d8af01	55f71ba91590	1180	7c	7c296e21aca8	7c296e21ac80	55f71ba927b0	55f71ba91
4.433313	92b80	7c296c0fb010	7ffdbfcc2670	96f80	8000000000000002	25849	7ffdbfcac880	55f719f125c0	7ffdbfcac840	0	55f719f125f0	55f719f13870	7c296e21ace0	7c296c191f90	25be	7ffdbfcac9c0	8000000000000001
4.444953	9b041	8c	55f719be8500	55f71a479ba0	1ff	0	2	eb4b	7ffdbfcbe8f0	8d	fffffffffffffe59	a57a6c0da17fe763	66129006128f49c9	0	4d0d	1530	3
4.455418	9af40	7c296c0fb010	55f71b3ede40	8aefc0	55f71b21ef50	8000000000000001	8000000000000001	22bbf	7ffdbfcbe8f0	55f71b21ef30	55f71a426d58	a5d3564d463628de	19ec46639276e4a3	25849	22bbf	7ffdbfcc2670	1
4.465200	26325b07c210	0	ffffffffffffff88	0	55f719b63010	25849	28	28	7ffdbfca5350	8	0	b52acf23c2574293	b558af7113f1bb17	1	7c296d4bc010	55f71ab55600	8000000000000001
4.478827	9a4ee	55f719bd0c90	7c296d644f38	311e5	8000000000000002	25849	7c296d644f38	55f71b04f860	7ffdbfcb2ce0	0	55f71b04f890	55f71b055760	7c296e21ace0	7c296d644f38	105f7	7ffdbfcb2e40	8000000000000001
4.489994	943ae	5c3beefa22793390	7ffdbfcba818	1c0fb9c06c184363	8	7ffdbfcba810	7ffdbfcba818	55f71a51d8d0	7ffdbfcba800	0	0	9ba8f2f9d944b7a0	10997a4cf0cd251e	55f719be8d70	2d	0	7ffdbfcba810
4.497379	9b321	55f71a432b80	55f719bd2a30	55f245328882	55f71a432cb0	55f719b63010	7	15c12	7ffdbfcbdc00	55f71a432c50	55f71aff5f90	a3e1e469fde74d7b	19ec46639276e4a3	7c296d6c61c0	55f719bd0c90	7ffdbfcc2670	3
4.511942	938cd	e4ac	e4ac	fffffffffffffa8d	7ffdbfcb9c40	95eb257dac9b1b18	6f20e10f8337a6c1	81	7ffdbfcb9b40	bffd	0	fffffffffffffe2f	ea617b99aec3deea	7ffdbfcc2670	7ffdbfcbe020	7ffdbfcb9c40	7ffdbfcbdf70
4.520662	9a4ee	55f71b02be10	7c296d5ff578	286ad	90ff	25849	7c296d5ff578	d78f	7ffdbfcbe230	0	55f71b35f520	a421bf3702b1f7dd	ad015e393522a307	7c296d5ff578	55f719bd0c90	2401	2
4.532481	9441b	0	0	0	0	7ffdbfcbdb10	7ffdbfcbdb18	7ffdbfcbe250	7ffdbfcbdb00	8	0	ed394aa7d23f5a5f	346984bdfd671f54	0	1	7ffdbfcbdbb0	7ffdbfcbdb10
4.542030	9389e	8000000000000002	7ffdbfcc2670	1	75540	25849	7c296c0fb010	8000000000000001	7ffdbfcb1530	7ffdbfcbe020	74	7ffdbfcbdf70	9d7dcc3496c7cd80	81	7ffdbfcbe020	1d55	74
4.555259	26325b078806	55f71ab595a0	55f71ab59670	41	7c296e21ace0	55f71ab595a0	55f71ab59670	f0	7ffdbfcbe300	55f245c43cf9	55f71ab597a0	40	19ec46639276e4a3	7c296e21ac98	7c296e21ac80	55f71ab59760	55f71ab59
4.563505	943bc	f7e53c9db28b5543	107cf	1c0cb5da6c184363	8	7ffdbfcbd9b0	7ffdbfcbd9b8	7ffdbfcbe0f0	7ffdbfcbd9a0	0	0	9ba8f2f60ee9bbba	108ef01e1f7409a0	0	1	7ffdbfcbda50	7ffdbfcbd9b0
4.578118	942b1	1	7ffdbfcb1858	1	1	7ffdbfcb1850	7ffdbfcb1858	7ffdbfcbdf70	7ffdbfcb1840	8	0	ed10ad71e7e05975	be7fd6158ef99347	81	7ffdbfcbe080	7ffdbfcb1900	7ffdbfcb1850
4.583606	9a4ea	55f719bd0c90	7c296d639fa0	2fbf2	8000000000000002	25849	7c296d639fa0	55f71ac0e570	7ffdbfcb1440	0	55f71ac0e5a0	55f71ac122e0	7c296e21ace0	7c296d639fa0	fea6	7ffdbfcb1598	8000000000000001
4.593986	9a4c0	55f71a0ca040	7ffdbfcb9530	101	38	55f71a0c9fd0	55f71a0ca040	7	7ffdbfcb94b0	0	55f71a0ca040	55f71a0ca170	7c296e21ace0	7	55f71a0ca040	55f71a0c9fa0	55f71a0ca010
4.609021	9b041	f9	55f719be8500	55f71b3b8c90	3ff	0	1	32e7	7ffdbfcbe240	f9	fffffffffffffd15	a4128ba1828119d5	e8210bc2e2fae3dc	0	710	5d0	3
4.619854	93a26	3cd12c7b438a00d	7ffdbfcb88f8	80c88fecfe538958	306414549e1b8d7f	1d4aa68f4c80d9bf	1100000000000000	55f71c25c070	7ffdbfcb88f0	0	1	20d52e248ab27d60	aaa5b4eac1bb69e5	ffffdc00	1b0	55f71c258760	7ffdbfcb88f0
4.628003	9b2cd	138	55f719be8500	55f71a4ed2c0	43ff	128	7ffdbfcc2670	229a	7ffdbfcbe240	1	55f71a4eb580	ab3dd38eb12982a0	b8237c6fa274f714	a41	55f719bd0c90	2d01	2
4.642107	92719	3c7	7ffdbfcc2670	55f71c3364a0	7ff	0	1000000000000000	7ffdbfcc2670	7ffdbfcbd6e0	8	0	a46b1b4296b19133	3037ca7c35c7aca4	0	0	55f719be8800	5b76
4.651496	9b041	27f	55f719be8500	55f71c329c80	7ff	0	1	110e8	7ffdbfcbe240	27f	fffffffffffff883	a4447c017c5b118b	2a65a932757925af	0	110e7	360	3
4.663802	92b80	7c296c0fb010	7ffdbfcc2670	1e6080	8000000000000002	25849	7ffdbfcbd720	55f719ce75a0	7ffdbfcbd6e0	0	55f71a29a7e0	55f71a29c530	7c296e21ace0	7c296c2e1090	7982	7ffdbfcbd7e8	8000000000000001
4.673804	9af40	7c296c0fb010	55f71ab6a8b0	2a4500	55f71abe60f0	8000000000000001	8000000000000001	a914	7ffdbfcbe240	55f71abe6090	55f71b32ae48	a551a8666211f757	19ec46639276e4a3	25849	0	7ffdbfcc2670	3
4.685037	92b80	7c296c0fb010	7ffdbfcc2670	389cc0	8000000000000002	25849	7ffdbfcb2370	55f71b1c1b90	7ffdbfcb2330	0	55f71b1c1bc0	55f71b1c1d60	7c296e21ace0	7c296c484cd0	e273	7ffdbfcb2478	8000000000000001
4.697679	9ae39	7c296dcfe010	7ffdbfcc2670	55f2454149e8	55f71a30d700	23ef	7	9292	7ffdbfcbe380	55f719ee8bf0	55f71a52b450	a3ede302ab38dbc9	19ec46639276e4a3	4a990	1e5d0	10000	55f71ac3b500
4.704528	9a4ea	55f719bd0c90	7c296d608e18	299c1	8000000000000002	25849	7c296d608e18	55f71a294100	7ffdbfcbd1c0	0	55f71a294130	55f71a294310	7c296e21ace0	7c296d608e18	ddeb	7ffdbfcbd2d8	8000000000000001
4.715083	9398d	0	7ffdbfcb12c8	4ac8a365d6ca8bca	23efca7be47d27a8	1	1100000000000001	81	7ffdbfcb12c0	0	1	23efca7be47d27a8	4ac8a365d6ca8bca	7ffdbfcc2670	7ffdbfcbe020	7ffdbfcb13c0	7ffdbfcb12c0
4.725626	9b041	371	55f719be8500	55f71b312b30	3ff	0	1	c52c	7ffdbfcbe240	371	fffffffffffff5ad	a5ebb0bce02373dd	d1b12b0034d25efb	0	c4aa	2130	1
4.736305	92b80	7c296c0fb010	7ffdbfcc2670	39e1c0	8000000000000002	25849	7ffdbfcbdad0	55f71a5571a0	7ffdbfcbda90	0	55f71a5572a0	55f71a558c20	7c296e21ace0	7c296c4991d0	e787	7ffdbfcbdbc8	8000000000000001
4.743799	26325b178040	3f	38	3f	50	ff	55f719cf78a0	7ffdbfcbe0f0	7ffdbfcbcf38	0	55f719cf70a0	7c296e21b220	7c296e21ace0	0	1c	7ffdbfcbe110	55f719cf78a0
4.753284	9a4ee	55f719fcc580	7c296d694438	3b085	3dff	275d4	7c296d694438	13ad7	7ffdbfcbe230	2	55f71a4d94e0	a428505be2faa985	18d6dd9772324f70	7c296d694438	55f719bd0c90	301	2
4.767934	92b80	7c296c0fb010	7ffdbfcc2670	353d00	8000000000000002	275d4	7ffdbfcbd350	55f71a0d9130	7ffdbfcbd310	0	55f71a0d9160	55f71a0d9300	7c296e21ace0	7c296c44ed10	d4f4	7ffdbfcbd458	8000000000000001
4.773139	26325b0786e9	2090	7c296e21ac80	2091	7c296e21b380	6b5ff800	55f71a461980	28	7ffdbfcbd6a0	0	0	55f71a510690	7c296e21ace0	2060	30	2090	1
4.783153	9b3c1	1	55f71c24a830	55f71ba1ec20	55f71a250980	55f719b63010	7	7c296dcfe010	7ffdbfcbe240	55f71a250920	55f71aed77c0	a48364428f089ab1	19ec46639276e4a3	275d4	0	1	2
4.795721	92b80	7c296c0fb010	7ffdbfcc2670	47f00	8000000000000002	275d4	7ffdbfcbd9f0	55f71aa2da30	7ffdbfcbd9b0	0	55f71aa2da60	55f71aa2dd00	7c296e21ace0	7c296c142f10	11fc	7ffdbfcbdab8	8000000000000001
4.810813	9b016	243	55f719be8500	55f71b0ed030	3ff	0	1000000000000000	8e66	7ffdbfcbe240	8	0	a5d754134c6645c8	59c0fdcc2ac78d00	8e65	0	1da0	2
4.826025	92721	1a6	7ffdbfcc2670	55f71a610900	7ff	0	10	7a4f	7ffdbfcbcc70	8	0	a413e4ae22db0213	7feab6487f1fe851	0	1	55f719be89b0	7a4f
4.840990	9b041	397	55f719be8500	55f71a22adc0	3ff	0	24	10b8e	7ffdbfcbe240	399	fffffffffffff535	a5e98516e7dfbf23	2aa958b866a88286	0	10b8d	1f20	2
4.853492	943ae	5c3bef1acafdffb8	7ffdbfcbd4d8	1c0f60446c184363	8	7ffdbfcbd4d0	7ffdbfcbd4d8	55f71d4e4f20	7ffdbfcbd4c0	0	0	9ba8f2f9d9046e24	108c4a594cc940ba	55f719be8770	d	e4c6	7ffdbfcbd4d0
4.860424	95a83	55f71c0244f0	40	6c	fff	9ca34a0fdd6f4268	0	5fb	7ffdbfcbda50	0	0	3f80d4e819b3a297	964a8fc0c376bd4f	0	12175	27144	7ffdbfcbe490
4.874333	9af63	7c296c238fd0	55f71a4134f0	afb1e9a267e6f444	8000000000000002	8000000000000001	8000000000000001	4f7f	7ffdbfcbe240	55f71a974410	55f71b2ef9b8	a595566c45cd8476	19ec46639276e4a3	28196	4f7f	7ffdbfcc2670	1
4.888736	92b80	7c296c0fb010	7ffdbfcc2670	110b00	8000000000000002	28196	7ffdbfcb1730	55f71a82b820	7ffdbfcb16f0	0	55f71a82b8c0	55f71a82c840	7c296e21ace0	7c296c20bb10	442c	7ffdbfcb1838	8000000000000001
4.901123	9a500	55f71bb3f950	7c296d59e9c0	55f24443ab51	55f71b321870	55f719b63010	7	9712	7ffdbfcbe230	55f71b321810	55f71bf08120	a3e05d83e235b1df	19ec46639276e4a3	7c296d59e9c0	55f719bd0c90	b01	3
4.915612	92b80	7c296c0fb010	7ffdbfcc2670	51a00	8000000000000002	28196	7ffdbfcb5710	55f71aec6690	7ffdbfcb56d0	0	55f71aec66c0	55f71aec6c90	7c296e21ace0	7c296c14ca10	1468	7ffdbfcb5818	8000000000000001
4.924234	9a4c0	55f71afb07b0	7ffdbfcbc298	3b1	20	55f71afb0750	55f71afb07b0	4	7ffdbfcbc210	0	55f71afb07b0	55f71afb0b80	7c296e21ace0	4	55f71afb07b0	55f71afb0720	55f71afb0780
4.932642	92c68	7c296c0fb010	7ffdbfcc2670	a69fc0	1	7ffdbfcbbc68	7ffdbfcbbb70	0	7ffdbfcbbb30	0	55f71dd891d0	55f71ddd5700	7c296e21ace0	29a7f	55f71dd890d0	29a7f	8000000000000001
4.938816	9a4ee	55f71af4ab80	7c296d522f28	cde3	8fff	2a9ee	7c296d522f28	44a1	7ffdbfcbe230	0	55f71b3d8038	a5f5d4730d93cea1	5f32b9993966c427	7c296d522f28	55f719bd0c90	1e01	3
4.948410	9b276	548	55f719be8500	55f71bf1a950	7ff6	538	2	28224	7ffdbfcbe240	2a40	55f71bf12a90	a3fbd642185ad7f2	a0e27de1de552c28	28223	0	9f0	1
4.957187	9a4ea	55f719bd0c90	7c296d5185d8	b8b9	8000000000000002	2a9ee	7c296d5185d8	55f719fb2a50	7ffdbfcb3900	0	55f719fb2a80	55f719fb2c50	7c296e21ace0	7c296d5185d8	3d93	7ffdbfcb3a58	8000000000000001
4.968217	94821	7ffdbfcbdf70	7ffdbfcc2670	0	a3c640	2a9ee	7c296cb37650	8000000000000001	7ffdbfcb1e00	7ffdbfcbe020	6f	7ffdbfcbdf70	59df3e8f6895750f	81	7ffdbfcbe020	28f19	6f
4.980652	9b041	381	55f719be8500	55f71a4c1e20	7ff	0	1	13507	7ffdbfcbe240	381	fffffffffffff57d	a40fd723005e300f	a11996d90efe3fde	0	bb69	240	2
4.993977	26325b07c060	2	7ffdbfcb36b0	55f71c2b2a50	0	2b19a	28	0	7ffdbfcb3618	8	0	a412e98913141481	ee5b6616177b9eea	8000000000000000	7c296d4bc010	55f71c2b2a50	8000000000000001
5.007260	94404	5c3c4ff6e98c9c4c	266ef	1c0a7a516c184363	8	7ffdbfcbc160	7ffdbfcbc168	2a166	7ffdbfcbc150	8	0	9ba8f2f61b757431	10c738940a1a45a1	0	1	7ffdbfcbc250	7ffdbfcbc160
5.020692	95c2f	0	7ffdbfcbe1d8	1	a590af37275f1583	7ffdbfcbe1d0	1000000000000000	86b4	7ffdbfcbe1d0	8	0	a590af37275f1583	2512caa4e62df15e	0	86b3	0	7ffdbfcbe1d0
5.030160	94452	0	7ffdbfcbbd68	0	0	0	7ffdbfcbbd68	8d2e	7ffdbfcbbd50	0	1	16cf01204c666259	af89491475ccab7b	7ffdbfcc2670	7ffdbfcbe080	7ffdbfcbbe60	7ffdbfcbbd60
5.045343	9af40	7c296c0fb010	55f71a5c7830	fcf80	55f71a2f40e0	8000000000000001	8000000000000001	3f3e	7ffdbfcbe240	55f71a2f4080	55f71d8286e8	a3da7235e5c4e155	19ec46639276e4a3	2b19a	0	7ffdbfcc2670	5
5.055464	9882a	1	7ffdbfcbe2a0	55f71ba1ec20	55f719f0d7c0	55f719b63010	7ffdbfcbe2a0	7c296dcfe010	7ffdbfcbe230	55f719f0d7a0	55f71c057718	a3efd5d423f468b4	19ec46639276e4a3	2b19a	1390d	7ffdbfcc2670	4
5.066977	9399a	ff0434ae9fc0e7fc	7ffdbfcb2528	a23d1074f3a94790	17601e37dfab9289	5ee241fe168dcc01	1100000000000001	261b1	7ffdbfcb2520	0	1	17601e37dfab9289	b33d1074f3a94791	7ffdbfcc2670	7ffdbfcbe020	7ffdbfcb2620	7ffdbfcb2520
5.076995	92b80	7c296c0fb010	7ffdbfcc2670	c2300	8000000000000002	2b19a	7ffdbfcb59b0	55f71a280c00	7ffdbfcb5970	0	55f71a280c30	55f71a280e10	7c296e21ace0	7c296c1bd310	308c	7ffdbfcb5ab8	8000000000000001
5.084373	9a4ee	55f71ac935b0	7c296d617908	2b71f	c3ff	2b19a	7c296d617908	e7b5	7ffdbfcbe230	0	55f71c2db278	a412d034a3ce4809	653ec52ce96a34e9	7c296d617908	55f719bd0c90	501	2
5.092088	9b041	6aa	55f719be8500	55f71bf0a130	7ff	0	1	26c15	7ffdbfcbe240	6aa	ffffffffffffec02	a30d1a4e478509d5	19f0521f788f676e	0	26c14	b10	2
5.098747	96f49	55f719edbae0	ba0f	fffffffffffff670	3ff	fffffffffffffcd0	320	55f719fba2a0	7ffdbfcb47c0	7787	0	a42fd5f40f19048d	7d27f04fc83e1ce3	55f719bea570	330	10f54	0
5.110708	ce879	55f71a097fd0	55f71a097fb0	4	1	4	55f71a097fb0	989a	7ffdbfcbb288	0	55f71a097fd0	55f71a0987e0	7c296e21ace0	2000000000000	7c296d8b5148	0	8000000000000000
5.118675	9a4ee	55f71b16df40	7c296d5e7038	25605	feff	2c016	7c296d5e7038	c757	7ffdbfcbe230	0	55f71c306878	a4145041e2176dd2	62156df110a628ec	7c296d5e7038	55f719bd0c90	501	3
5.125192	9b041	45e	55f719be8500	55f71c31d460	7ff	0	1	de03	7ffdbfcbe240	45e	fffffffffffff2e6	a43fd05c1ffb7f24	c05f00e66e474766	2afd	0	270	2
5.131040	943e6	ad5f4e15dd7629cd	0	cfb9218c1662b01a	8	7ffdbfcbe1d0	7ffdbfcbe1d8	884	7ffdbfcbe1c0	0	0	a5df0bd75c74f2fb	703cb228e62c0b8a	0	d833	0	7ffdbfcbe1d0
5.145660	93ae1	26f97	2a6ac	c	1fff	614ff66274a981ae	0	26f96	7ffdbfcb6490	46	0	55f71bba6400	0	57	7ffdbfcbe020	7ffdbfcb6520	7ffdbfcbdf70
5.157274	96f5b	55f71d509190	7ffdbfcc2670	fffffffffffffc7f	7ff	fffffffffffffed5	11b	55f71ad4ec30	7ffdbfcbb7c8	a8e9	0	fffffffffffffed5	4b6bde3d7fd87e0b	55f719be8d10	12b	d0b6	0
5.169511	9af63	7c296c4fdf90	55f71ab2bc80	49d25e8af75210b7	8000000000000002	8000000000000001	8000000000000001	100be	7ffdbfcbe240	55f71d50d030	55f71a7f1ad0	a3f08b26bc0c904d	19ec46639276e4a3	2d69e	0	7ffdbfcc2670	4
5.183165	92b80	7c296c0fb010	7ffdbfcc2670	6fa40	8000000000000002	2d69e	7ffdbfcb2610	55f71abf0290	7ffdbfcb25d0	0	55f71abf0390	55f71abf06a0	7c296e21ace0	7c296c16aa50	1be9	7ffdbfcb2718	8000000000000001
5.193103	95b94	54a3	64	64	0	95eb257dac9b1b18	6f20e10f8337adc4	7ffdbfcc2670	7ffdbfcbc7e0	794c	0	15195050592dba37	2b7a62fa0dd184e1	0	54a3	0	7ffdbfcbe490
5.202669	92739	16e	7ffdbfcc2670	55f71a63a160	7ff	0	2	0	7ffdbfcbce90	fffffffffffffbb3	0	a40a5040ddc14586	10340c500e907038	2d45f	1	55f719be8980	0
5.214646	9b016	e5	55f719be8500	55f71bff74b0	7ff	0	1000000000000000	ec36	7ffdbfcbe240	8	0	a3ef55d758482482	679b9c6bfe636f04	1355b	0	8a0	2
5.228793	92711	15a	7ffdbfcc2670	55f71aed9fe0	3ff	0	1000000000000000	5eb2	7ffdbfcb2bf0	8	0	a49fd6ec21eb2769	c9851acc2d341950	f228	7ffdbfcbe020	55f719beab70	0
5.237972	92711	d	7ffdbfcc2670	55f71b1816a0	3ff	0	1000000000000000	81	7ffdbfcb2950	8	0	a40e5582d266d0a1	127f1774f98a835b	2a372	7ffdbfcbe020	55f719beac00	0
5.247972	26325b07974b	0	30	1	7	55f719b63010	7	55f71ac7f5b0	7ffdbfcbe190	55f71ac7f5c0	55f71c296d80	a58f340b15032f85	19ec46639276e4a3	7c296e21ac80	0	55f71ac7f5e0	3
5.256348	942a8	0	7ffdbfcbe1d8	1	8	7ffdbfcbe1d0	7ffdbfcbe1d8	270d1	7ffdbfcbe1c8	8	0	9ba8f2f9dabdff9a	10c25f423eccedb1	0	270d0	0	7ffdbfcbe1d0
5.266122	26325b07aed6	280	7c296e21ac80	30	55f71aeaf620	4745000	487	7c296e21af50	7ffdbfcba970	0	1	55f71aeaf8a0	7c296e21ace0	ffffffffffffff88	30	55f719b63010	1
5.279669	943bc	dd3e387b6443fae	31e7	359866aed52dc2d	8	7ffdbfcbb3a0	7ffdbfcbb3a8	7ffdbfcc2670	7ffdbfcbb390	0	0	f184571cc2ff7475	e18e411fd5ef4f8c	0	2ec4	6c	7ffdbfcbb3a0
5.290754	26325b07ae71	7	7c296e21ac80	18	55f71aa65b80	7c296e21ad00	5b	28	7ffdbfcbbe60	0	0	a30f84c55cef3bb3	7c296e21ace0	ffffffffffffff88	30	3	1
5.297601	26325b07c41a	0	ffffffffffffff50	55f24482ee34	55f71bf35100	55f719b63010	7	0	7ffdbfcbe208	55f71bf34fa0	55f71c2b71f8	a47b3ec40eb9d165	19ec46639276e4a3	7c296d5bdf20	55f719bd0c90	101	3
5.302907	9af40	7c296c0fb010	55f71b41f600	484080	55f71aa02ae0	8000000000000001	8000000000000001	12102	7ffdbfcbe240	55f71aa02a80	55f71cde3fc0	a427511f22ce71f3	19ec46639276e4a3	2e2d4	0	7ffdbfcc2670	2
5.313814	26325b0788a8	55f71a5792a0	55f71ab67f00	31	470	55f71a5792a0	55f71ab67ed0	40	7ffdbfcbe300	55f245c7d417	55f71ab67f70	30	19ec46639276e4a3	7c296e21aca0	7c296e21ac80	55f71ab67f40	55f71ab67
5.328207	9a500	55f719bd2a30	7c296d687718	396e1	8000000000000002	2e2d4	7c296d687718	55f71abf39a0	7ffdbfcbd7a0	0	55f71abf39d0	55f71abf5410	7c296e21ace0	7c296d687718	1324b	7ffdbfcbd8b8	8000000000000001
5.341079	9924b	55f71b1e4910	2a751	8000000000000000	1f01	2e2d4	ed30c5f6e5305ce2	7ffdbfcbe201	7ffdbfcbb540	70	4	7ffdbfcbe360	8000000000000001	0	1	0	7ffdbfcc2670
5.350490	9b041	2ba	55f719be8500	55f71a3b2d40	3ff	0	2	b090	7ffdbfcbe240	2bb	fffffffffffff7cf	a402d5eca1ae1ecc	c7a4ba4496a8f5ef	b119	0	23d0	4
5.363508	943e2	ccf8227c4db91c20	74	16a7401ef1852df8	8	7ffdbfcbc2d0	7ffdbfcbc2d8	7ffdbfcc2670	7ffdbfcbc2c0	0	0	25a374a63eb0fe8f	b18aba7ad0380919	117c2	0	74	7ffdbfcbc2d0
5.374210	92c1c	7c296dcfe010	7ffdbfcc2670	0	8000000000000002	2e2d4	7c296d89f2d8	55f71a333180	7ffdbfcb3210	0	55f71a3331b0	55f71a333ef0	7c296e21ace0	29773	29773	7ffdbfcb3358	8000000000000001
5.387062	92b80	7c296c0fb010	7ffdbfcc2670	2df600	8000000000000002	2e2d4	7ffdbfcbb3d0	55f71afe87e0	7ffdbfcbb390	0	55f71afe8810	55f71afed1b0	7c296e21ace0	7c296c3da610	b7d8	7ffdbfcbb4d8	8000000000000001
5.400951	9a4ea	55f71a993390	7c296d5f4550	270a8	e0ff	2fc46	7c296d5f4550	d038	7ffdbfcbe230	0	55f71a6b6418	a5701a3c841c0d5f	ae488be71f07d3e6	7c296d5f4550	55f719bd0c90	1101	3
5.406477	9af40	7c296c0fb010	55f719f2b530	ad7400	55f71aa505a0	8000000000000001	8000000000000001	2b5d0	7ffdbfcbe240	55f71aa50540	55f71b35fe50	a4e23d167f5110b1	19ec46639276e4a3	2fc46	0	7ffdbfcc2670	2
5.413092	9af63	7c296c44fc90	55f71d5267e0	95eb257dac9b1b18	8000000000000002	8000000000000001	8000000000000001	d532	7ffdbfcbe240	55f71a72a590	55f71d833648	a3f9ebe80860d11d	19ec46639276e4a3	2fc46	0	7ffdbfcc2670	2
5.419742	26325b078896	55f719e3ece0	55f719e3eee0	41	31	55f719e3ece0	55f719e3ed50	30	7ffdbfcbe300	55f24692716e	55f24692716e	40	19ec46639276e4a3	7c296e21ac98	7c296e21ac80	55f719e3ef10	55f719e3e
5.426670	26325b07af07	bb0	7c296e21ac80	40	55f71a47f640	7c296e21ace0	0	28	7ffdbfcb9020	0	0	55f71a4801f0	7c296e21ace0	ffffffffffffff88	30	55f719b63010	1
5.438477	92711	95	7ffdbfcc2670	55f71a94a060	ff	0	1000000000000000	7ffdbfcc2670	7ffdbfcbe0b0	8	0	a44d97d7c3028022	a799447a66718bfe	ced3	7546	55f719be8530	fea5
5.448588	99c60	b4d691878ae4de16	1a8	e16	e16	bd80fe08a376ec38	fff	55f71ac8e180	7ffdbfcbbba0	8	0	fa8a5f90c0a853a3	add9682b4fcc5ff4	ffffffc0	610	616	55f71d7bfc70
5.457236	9b041	5d0	55f719be8500	55f71a4b5600	7ff	0	8	fd56	7ffdbfcbe240	5d3	ffffffffffffee87	a41ad5ce9429e2cb	b8262b0154d409c7	0	fd54	420	1
5.464242	9b2cd	340	55f719be8500	55f71ceca650	f7ff	330	7ffdbfcc2670	51d1	7ffdbfcbe240	0	55f71cec5850	a58fd6c4060a6a7d	82c410ece14d6592	2844	55f719bd0c90	1401	1
5.470123	942a8	1c4f8c6af344ca20	7ffdbfcbb9d8	f184571cc2ff7475	8	7ffdbfcbb9d0	7ffdbfcbb9d8	7ffdbfcc2670	7ffdbfcbb9c8	359866aed52dd34	e18e411fd5ef7e6b	fffffffffffffb79	f73e215b8408fabe	31df	0	7c	7ffdbfcbb9d0
5.477577	95d03	fe725be638c4465e	7ffdbfcbadc8	1ea78d6fba6ad1c5	f9e45917fcd8376	fd6314edef4b9318	1000000000000000	7ffdbfcc2670	7ffdbfcbadc0	8	0	16e47669ff70b067	9a800a3b14719017	ac1c	0	7e	7ffdbfcbadc0
5.489402	92711	1f7	7ffdbfcc2670	55f71ae62590	3ff	0	1000000000000000	0	7ffdbfcb5eb0	8	0	a5860d19c69c2935	16ec36e2d49aa4a0	0	7ffdbfcbe020	55f719bea090	1fc74
5.503527	9a4ea	55f71a762d60	7c296d679b40	37b66	dbff	2fc46	7c296d679b40	12922	7ffdbfcbe230	0	55f71a60db88	a4323b8f92e2d1d3	fe94c2cc885886f3	7c296d679b40	55f719bd0c90	401	1
5.517517	9b041	20e	55f719be8500	55f71c2aca50	7ff	0	1	2f0b2	7ffdbfcbe240	20e	fffffffffffff9d6	a3f255ece3f56120	9ea0cf549ce22006	2f0b1	0	780	3
5.532503	92b80	7c296c0fb010	7ffdbfcc2670	2b6500	8000000000000002	2fc46	7ffdbfcb8810	55f71c2b0bc0	7ffdbfcb87d0	0	55f71c2b0bf0	55f71c2b2590	7c296e21ace0	7c296c3b1510	ad94	7ffdbfcb8918	8000000000000001
5.541383	92b80	7c296c0fb010	7ffdbfcc2670	2e9940	8000000000000002	2fc46	7ffdbfcbb360	55f719ebf210	7ffdbfcbb320	0	55f719ebf240	55f719ec08c0	7c296e21ace0	7c296c3e4950	ba65	7ffdbfcbb428	8000000000000001
5.551830	99466	29cfd	0	0	fff	fffffffffffec960	1	29cfd	7ffdbfcbb458	be18	0	55f71d7bfc70	0	0	1	29cfd	7ffdbfcc2670
5.559342	9b391	1	55f719df9e60	55f71ba1ec20	55f71a0b83c0	55f719b63010	7	7c296dcfe010	7ffdbfcbe240	55f71a0b83a0	55f71d818df0	a3dc554da4682774	19ec46639276e4a3	2ff82	6ec5	1	2
5.573395	26325b078806	55f71b043510	55f71a7591c0	41	7c296e21ace0	55f71b043510	55f71a7591c0	120	7ffdbfcbe300	55f245043479	55f71a759320	40	19ec46639276e4a3	7c296e21ac98	7c296e21ac80	55f71a7592e0	55f71a759
5.580697	26325b07ae91	19ec46639276e4a3	7c296e21ac80	18	55f71aa684a0	7c296e21ad00	0	28	7ffdbfcb2fe0	0	0	a416d59aa0ee631f	7c296e21ace0	ffffffffffffff88	30	55f719b63010	1
5.588553	9a3a2	2	7ffdbfcbca58	55f71d78e2c0	0	2ff82	7ffdbfcbca58	0	7ffdbfcbc9d0	8	0	a41750736247609d	6922dd33c79f9d59	7c296d4bc010	7c296d565f60	7ffdbfcbcb48	8000000000000001
5.601261	9a4ea	55f719bd0c90	7c296d5cf140	22626	8000000000000002	2ff82	7c296d5cf140	55f71b2ee5b0	7ffdbfcb9cc0	0	55f71b2ee650	55f71b2f0fb0	7c296e21ace0	7c296d5cf140	b762	7ffdbfcb9e18	8000000000000001
5.608800	26325b07c3b7	0	55f719bd2a30	55f242066ceb	55f71d77bb90	55f71d77bb30	55f71d77bb40	2ff6e	7ffdbfcbe210	55f71d77bb70	55f71a4982a8	a468d639a35e5388	19ec46639276e4a3	7c296d93b260	55f719bd0c90	301	6
5.617585	26325b0796fb	ffffffffffffff88	30	1	0	55f719b63010	7	55f71ab9d8f0	7ffdbfcbe190	55f71ab9d900	55f71bfa68f0	a550d54586460278	19ec46639276e4a3	7c296e21ac80	0	1201	0
5.629604	26325b078814	55f719fbb6f0	55f71aaa9800	6420	0	55f719fbb6f0	55f71aaa9800	2ec0	7ffdbfcbe300	55f24693de1c	55f719e274b0	6420	19ec46639276e4a3	7c296e21aca0	7c296e21ac80	55f71aaac6c0	55f71aaac
5.642826	94390	0	7ffdbfcbd658	1	8	7ffdbfcbd650	7ffdbfcbd658	55f71d8161b0	7ffdbfcbd640	0	0	9ba8f2f9d9186e28	108c4a634c8940b8	55f719be8710	b	8566	7ffdbfcbd650
5.657773	92747	7ca	7ffdbfcc2670	55f71c3364a0	7ff	20	1000	ceb6	7ffdbfcbd330	ffffffffffffe87e	0	a45918cc3c3f8a33	c7f3977886913046	0	1	55f719be8800	ceb6
5.668715	9b016	9b	55f719be8500	55f71a6da880	7ff	0	1000000000000000	1597b	7ffdbfcbe240	8	0	a56af0bc691320db	17f1514cf78f4adb	0	4ccd	10e0	2
5.675094	9a4ee	55f71af785b0	7c296d543dd8	10fb9	ffff	3027c	7c296d543dd8	5a93	7ffdbfcbe230	0	55f71a20a6d8	a450284198cfb0bf	f9961126f7b08f69	7c296d543dd8	55f719bd0c90	1	1
5.688604	93097	55f71bf756b0	7ffdbfcc2670	fffffffffffff922	7ff	fffffffffffffdb6	7ffdbfcba198	55f719e6aac0	7ffdbfcba050	de2f	0	fffffffffffffdb6	fc19c7572178f62e	162b3	46	7ffdbfcba198	0
5.696505	938a5	7c296cbea7d0	0	49	aef7c0	3027c	7c296cbea7d0	8000000000000001	7ffdbfcba958	8e	4	7ffdbfcbe200	8000000000000001	0	1	2bbdf	7ffdbfcc2670
5.709309	9a4ee	55f719bd0c90	7c296d4ea498	5c91	8000000000000002	3027c	7c296d4ea498	55f719ec76f0	7ffdbfcb4ee0	0	55f719ec7720	55f719eca9f0	7c296e21ace0	7c296d4ea498	1edb	7ffdbfcb5038	8000000000000001
5.718924	9a4ee	55f71aee9190	7c296d69f1f0	3c63c	dcff	310b2	7c296d69f1f0	14214	7ffdbfcbe230	0	55f71d7e99b8	a578d5618c7e9134	72b0af4d65eb1759	7c296d69f1f0	55f719bd0c90	1501	1
5.731127	26325b079762	3	3	1	55f71af0b5e0	55f719b63010	7	55f71af0b400	7ffdbfcbe190	55f71af0b410	55f71ac1f438	a4bc8ff68e6d925b	19ec46639276e4a3	7c296e21ac80	0	55f71af0b430	2
5.745140	9389e	8000000000000002	92	55f71cd43300	32cac0	310b2	7c296c0fb010	7ffdbfcc2670	7ffdbfcbc770	8	0	35a3f216ad787ab1	bd0ce150793b6993	8000000000000001	0	cb2b	7ffdbfcbe490
5.751848	92955	1	7ffdbfcc2670	7c296d4bc010	82f98	310b2	2ba88	7ffdbfcc2670	7ffdbfcb8ee0	8	0	a55cd751d36e1461	dedd5ce65f0ca815	7c296d8d3cd0	7c296d4bc010	7ffdbfcb8fe8	55f719d1f650
5.762629	92a5a	55f719ddc090	7ffdbfcc2670	7c296d4bc010	8e4b2	310b2	2f6e6	7ffdbfcc2670	7ffdbfcb93f0	8	0	a5472b91a35374b5	b196aa11172fdaaf	7c296d92e5a0	7c296d4bc010	7ffdbfcb94f8	55f719ddc020
5.774469	92739	3fe	7ffdbfcc2670	55f71dd81630	7ff	0	2	0	7ffdbfcba490	fffffffffffff403	0	a3ce55e2dc409b4e	5b67e8bcc079cf0	306d7	1	55f719be9400	0
5.780633	9b23f	328	55f719be8500	55f71ceca650	7ff	0	1	15d35	7ffdbfcbe240	328	55f71cec5a90	a58fd6c40608d52d	82eabe35fec3db42	15d34	0	1470	5
5.793194	9b041	3e2	55f719be8500	55f71aa8e9a0	3ff	0	2	c375	7ffdbfcbe240	3e3	fffffffffffff457	a41cd5bfa3ce9032	b6597a5fe7536dc1	c373	0	2310	2
5.800304	26325b0788a8	55f71ad13d10	55f71ad13ea0	31	c0	55f71ad13d10	55f71ad13de0	30	7ffdbfcbe300	55f245a093c3	55f71ad13ed0	30	19ec46639276e4a3	7c296e21ac98	7c296e21ac80	55f71ad13ed0	55f71ad13
5.814724	92711	4	7ffdbfcc2670	55f71af6faf0	3ff	0	1000000000000000	81	7ffdbfcb3210	8	0	a42793d578019203	bdc82e114bac3577	0	7ffdbfcbe080	55f719beaa20	9143
5.828191	9389e	8000000000000002	7ffdbfcc2670	81	235d00	314ce	7c296c0fb010	8000000000000001	7ffdbfcbc350	7ffdbfcbe080	f	31d9102aa84be9bc	3d49a2e1b98933f4	81	7ffdbfcbe080	8d74	f
5.840745	9b041	2dd	55f719be8500	55f71ae62590	3ff	0	81	80fb	7ffdbfcbe240	2dd	fffffffffffff769	a5a32f4bc40ce3c3	c2b6261477631af5	0	eddf	1b90	3
5.846079	9af63	7c296c1756d0	55f71afd3690	95eb257dac9b1b18	8000000000000002	8000000000000001	8000000000000001	1e9b	7ffdbfcbe240	55f719bf0ab0	55f71d4e0590	a58dbda467fa4473	19ec46639276e4a3	3170e	0	7ffdbfcc2670	3
5.855837	9b041	a5	55f719be8500	55f71b3e5c70	7ff	0	1	40b9	7ffdbfcbe240	a5	fffffffffffffe11	a55e53f727cb33db	ea243d9bab715b52	0	a028	1320	3
5.869880	9389e	8000000000000002	98	55f71cd7a9c0	27080	3170e	7c296c0fb010	7ffdbfcc2670	7ffdbfcb9750	8	0	31d86b6a4fadb95d	ee84d8c8e23c129	8000000000000001	0	9c2	7ffdbfcbe490
5.881599	92a5a	55f71aef4770	7ffdbfcc2670	7c296d4bc010	84384	3170e	2c12c	0	7ffdbfcbd230	8	0	a4f08451cdb4b1f1	e8f06e639b56d344	7c296d8ddc30	7c296d4bc010	7ffdbfcbd378	55f71aef46a0
5.889514	95c23	0	7ffdbfcba628	1	0	7ffdbfcba620	10	7ffdbfcc2670	7ffdbfcba620	8	0	37bfecf38bc30b5b	2d4dfba08afa764	0	14091	98	7ffdbfcba620
5.896944	92739	14e	7ffdbfcc2670	55f71b318f50	3ff	0	10	0	7ffdbfcb71b0	fffffffffffffc0a	0	a5a9569a48a66586	e5c87426283ba68f	2ef7f	1	55f719bea060	0
5.912016	9b041	725	55f719be8500	55f71ce20dd0	7ff	0	8	157dc	7ffdbfcbe240	728	ffffffffffffea88	a5aaff21848db7b3	161a1449e0ec0b41	0	157db	14a0	1
5.924632	9ab44	0	55f71aa151f0	55f245d0f9b5	55f71aa153a0	55f719b63010	7	156a2	7ffdbfcbe220	55f71aa15220	55f71cec1200	a5a395a5a1e7d473	19ec46639276e4a3	7c296d6bdf40	55f719bd0c90	1401	2
5.937938	92c1c	7c296dcfe010	7ffdbfcc2670	7ffd	8000000000000002	321ee	7c296d5fac10	55f719f1b5d0	7ffdbfcb9700	0	55f719f1b6d0	55f719f1bb60	7c296e21ace0	d480	d480	7ffdbfcb9808	8000000000000001
5.949495	92747	3ce	7ffdbfcc2670	55f71ddcbd30	7ff	0	20	0	7ffdbfcb7270	fffffffffffff487	0	a5add6b707c88e8b	f61db9313f2f8060	866a	1	55f719bea030	0
5.958105	942d9	0	7ffdbfcbb448	1	8	7ffdbfcbb440	7ffdbfcbb448	55f71de6a310	7ffdbfcbb430	8	0	9ba8f2f6f2672ee5	10e885d5acfd134a	24e2	15e7	9c	7ffdbfcbb440
5.966102	943d7	4f9100e2a5aaf3a3	0	a036ffcf6f2d1427	8	7ffdbfcbba90	7ffdbfcbba98	55f71d587f80	7ffdbfcbba80	0	0	d5429af5a5d88b9b	4bcbd62601e13085	ffffffc0	400	55f71d57faa0	7ffdbfcbba90
5.975785	9b2cd	311	55f719be8500	55f71d7680b0	f8ff	301	7ffdbfcc2670	2a313	7ffdbfcbe240	0	55f71d763718	a5767d1503f1375d	922f867c78cad86a	0	55f719bd0c90	1801	3
5.988201	9a4ea	55f71a453590	7c296d4dd700	42de	f9ff	321ee	7c296d4dd700	164a	7ffdbfcbe230	0	55f71d782618	a5b17bfe2012d953	8308229db0d3195c	7c296d4dd700	55f719bd0c90	1601	3
6.001515	94808	7c296c5242d0	7ffdbfcc2670	7ffdbfcbdf70	4292c0	321ee	7c296c5242d0	8000000000000001	7ffdbfcb8ee0	7ffdbfcbe020	2d	9ef5e2464031cac	a7de4b7bc6a66a3	81	7ffdbfcbe020	10a4b	2d
6.015966	26325b07ae12	1	7c296e21ac80	18	7c296e21ad10	7c296e21ad00	5b	28	7ffdbfcbaa80	0	0	a584028dcfa4c255	fe230139f8c2df2	ffffffffffffff88	30	3	8000000000000001
6.025187	943ca	dd3e387b643dd67	0	e4e7c78ac341fe51	8	7ffdbfcb8a00	7ffdbfcb8a08	8b2b	7ffdbfcb89f0	0	0	87307bd858cd6357	411fd5ef7e6be18e	2cd89	7ffdbfcbe020	2cd89	7ffdbfcb8a00
6.034723	9b041	585	55f719be8500	55f71a7f5a00	7ff	0	1	c4a1	7ffdbfcbe240	585	ffffffffffffef71	a3dfd54c684a21fb	f860f5d010e4e3dc	52ba	0	e70	1
6.044809	26325b07c41c	0	55f71c2bfcb0	55f2435a3fbf	55f71c2bfd00	55f719b63010	7	1f14	7ffdbfcbe228	55f71c2bfce0	55f71a644de0	a3c8d5e99c7087e9	19ec46639276e4a3	7c296d4ea9f0	55f719bd0c90	f01	2
6.050990	9af40	7c296c0fb010	55f71ce927a0	1b4cc0	55f71b20e620	8000000000000001	8000000000000001	6d33	7ffdbfcbe240	55f71b20e5c0	55f71dd5c4b0	a3fd2d1f593ca1c3	19ec46639276e4a3	340ce	0	7ffdbfcc2670	1
6.059306	26325b078806	55f719dc7440	55f71bbba2a0	f1	7c296e21ace0	55f719dc7440	55f71bbba2a0	350	7ffdbfcbe300	55f244ca1d5a	55f71bbba6e0	f0	19ec46639276e4a3	7c296e21aca0	7c296e21ac80	55f71bbba5f0	55f71bbba
6.073142	26325b07ae7d	7	7c296e21ac80	18	55f71a171a50	7c296e21ad00	0	20	7ffdbfcb7b30	0	55f71a171a30	55f71a174030	7c296e21ace0	ffffffffffffff88	30	55f719b63010	1
6.081640	92b80	7c296c0fb010	7ffdbfcc2670	28300	8000000000000002	340ce	7ffdbfcb9350	55f71d5bd230	7ffdbfcb9310	0	55f71d5bd260	55f71d5be240	7c296e21ace0	7c296c123310	a0c	7ffdbfcb9418	8000000000000001
6.087059	26325b07c085	3	7ffdbfcb9670	55f71b38e510	0	340ce	28	28	7ffdbfcb95b0	8	0	a5403391ebaa8c85	b460fdfbce776a6	8000000000000000	7c296d4bc010	55f71b38e510	8000000000000001
6.092280	96f49	55f71d775070	28085	fffffffffffffd78	7ff	ffffffffffffff28	c8	55f71b0662a0	7ffdbfcb7fc0	7015	0	a54ee1aa6f362c7d	92bfe6e2235aa255	55f719be9cd0	d8	0	28084
6.097569	9ab1e	55f71df43bb0	55f71df43bb0	15ace	eeff	340ce	7	739a	7ffdbfcbe220	0	55f71a20ea70	a48221fbdb06d527	be4dbda226c92a44	7c296d569680	55f719bd0c90	1	2
6.104226	26325b079660	31	ffffffffffffff50	55f246abba62	0	55f719da2600	7c296e21ac80	0	7ffdbfcbe1f8	55f719da2640	55f71c262d90	a4f590add93801b5	19ec46639276e4a3	7c296d858148	55f719bd0c90	201	1
6.118839	9b04f	1a7	55f719be8500	55f71ab1af50	3ff	0	2	96b1	7ffdbfcbe240	1a8	fffffffffffffb08	a5c471fc34055205	33fc3c203f83248e	0	d972	1e90	2
6.130312	9a4ea	55f719bd0c90	7c296d6281b0	2d834	8000000000000002	340ce	7c296d6281b0	55f71a40a9b0	7ffdbfcba820	0	55f71a40ae70	55f71a40b420	7c296e21ace0	7c296d6281b0	f2bc	7ffdbfcba978	8000000000000001
6.143618	9389e	8000000000000002	a8	55f71d6d9050	581f40	340ce	7c296c0fb010	7ffdbfcc2670	7ffdbfcbacb0	8	0	b7a2266031aa18b	54c88945e56f5e1f	8000000000000001	26349	1607d	7ffdbfcbe490
6.156141	92739	6d5	7ffdbfcc2670	55f71d823470	7ff	0	2	0	7ffdbfcba790	ffffffffffffeb7e	0	a3dc554da46afb42	41e896660c7773c	32213	1	55f719be9340	0
6.163248	9b041	694	55f719be8500	55f71ce45460	7ff	0	1	3288b	7ffdbfcbe240	694	ffffffffffffec44	a5bd568850072ae1	42f9f0be245f667b	3288a	0	16e0	2
6.172144	9b391	1	55f71d7a83c0	55f71ba1ec20	55f719ccfa10	55f719b63010	7	7c296dcfe010	7ffdbfcbe240	55f719ccf9f0	55f71d7ece80	a578d5618c7e825b	19ec46639276e4a3	340ce	111fa	1	3
6.184170	26325b078825	55f71c215110	55f71ce662b0	f1	55f71ab09860	55f71c215110	55f71ce66ab0	8f0	7ffdbfcbe300	55f24397a5c6	55f71ce66ba0	f0	19ec46639276e4a3	7c296e21aca0	7c296e21ac80	55f71ce66ba0	55f71ce66
6.190381	92711	3a9	7ffdbfcc2670	55f71d82fc90	7ff	0	1000000000000000	7ffdbfcc2670	7ffdbfcbb370	8	0	a3187ad665fe7b97	dad95afb5d1dd4f0	0	0	55f719be93d0	263b5
6.204934	9275c	790	7ffdbfcc2670	55f71ce8a300	7ff	0	7fd7	2e1da	7ffdbfcb8990	8	0	a553668c523813e3	da766056673a317c	0	1	55f719be9ac0	2e1da
6.214029	95d00	6ee8db0f012c7e83	7ffdbfcbb498	37c8131c5059b11e	a8d0c2f2a86d8c10	a941f293c63819fd	1000000000000000	55f71a922f20	7ffdbfcbb490	8	0	a3d1c41f6a1a8a13	b2403664be1194ba	55f719be8f80	38	0	7ffdbfcbb490
6.219715	9439a	32871	7ffdbfcbacd8	f184571cc2ff7475	8	7ffdbfcbacd0	7ffdbfcbacd8	55f71a5969d0	7ffdbfcbacc0	0	0	b8ee205ad74bc83	27e9aaba8ad69d49	fffffff0	1e0	55f71a592b50	7ffdbfcbacd0
6.228442	9b391	0	55f71ab12b70	55f71ba1ec20	55f71a9e0050	55f719b63010	7	7c296dcfe010	7ffdbfcbe240	55f71a9dfff0	55f71d747700	a5f4a6fd99bb9ed3	19ec46639276e4a3	356a8	db97	0	1
6.235166	9af40	7c296c0fb010	55f719c04630	16b940	55f71df46860	8000000000000001	8000000000000001	5ae5	7ffdbfcbe240	55f71df46800	55f71b03df60	a5a1db2350077b73	19ec46639276e4a3	356a8	0	7ffdbfcc2670	2
6.241592	26325b0796fb	ffffffffffffff88	30	1	0	55f719b63010	7	55f71a2eb430	7ffdbfcbe1a0	55f71a2eb440	55f71c2b34d8	a476d62a9a911948	19ec46639276e4a3	7c296e21ac80	0	101	3
6.251944	26325b079718	7	40	2	7	55f719b63010	7	55f71df2bb40	7ffdbfcbe180	55f71df2bb50	55f71acb0e38	a31d932e57bffad3	19ec46639276e4a3	7c296e21ac80	0	a01	2
6.265687	9a4ea	55f719bd0c90	7c296d8e2fd0	84df8	8000000000000002	356a8	7c296d8e2fd0	55f719c04310	7ffdbfcbba60	0	55f719c04340	55f719c053e0	7c296e21ace0	7c296d8e2fd0	2c4a8	7ffdbfcbbba8	8000000000000001
6.278961	95c92	b2f18a724480ed0e	7ffdbfcbc248	f9ea65eda1021b11	15b83c63fc70e334	1d50284507e706a8	1000000000000000	7ffdbfcc2670	7ffdbfcbc240	8	0	34d8314b95b3a38b	f67aed55c0c08bfc	0	d34b	b0	7ffdbfcbc240
6.289416	9a4ee	55f719bd0c90	7c296d59fa58	1c749	8000000000000002	356a8	7c296d59fa58	55f71b2eb2c0	7ffdbfcb72c0	0	55f71b2eb2f0	55f71b2f0fb0	7c296e21ace0	7c296d59fa58	97c3	7ffdbfcb7418	8000000000000001
6.302082	9b391	1	55f71afd3690	55f71ba1ec20	55f71a476020	55f719b63010	7	7c296dcfe010	7ffdbfcbe240	55f71a476000	55f71a4a60f8	a46dd657232a8adc	19ec46639276e4a3	356ee	158bd	1	2
6.308075	943aa	1c4f8c6af34468c8	7ffdbfcbe1d8	359866aed527fdc	8	7ffdbfcbe1d0	7ffdbfcbe1d8	a6dc	7ffdbfcbe1c0	0	0	a5e857fbc4d52c9b	19ec46639276e4a3	0	a6db	0	7ffdbfcbe1d0
6.315150	9a4ea	55f71a4de190	7c296d5a37d8	1cef9	9bff	356ee	7c296d5a37d8	9a53	7ffdbfcbe230	0	55f71a6ba520	a5e94c7e017fba1b	cb4d5e67f16d38d8	7c296d5a37d8	55f719bd0c90	1e01	3
6.323345	9a4ee	55f71a437370	7c296d8d2f20	82de2	77ff	356ee	7c296d8d2f20	2b9f6	7ffdbfcbe230	1	55f71a65f5f0	a548af6b5e0754bb	98453fc90408efe3	7c296d8d2f20	55f719bd0c90	1201	3
6.338171	943d7	5c3c5dd06a5863b1	2e1af	6c1843631c0b56fd	8	7ffdbfcb86f0	7ffdbfcb86f8	7ffdbfcc2670	7ffdbfcb86e0	0	0	87307bd858caf559	a5f812675c84802a	0	2fb84	b6	7ffdbfcb86f0
6.352010	9a4ee	55f719bd0c90	7c296d659a70	33b4c	8000000000000002	356ee	7c296d659a70	55f71ddcfd00	7ffdbfcb8e80	0	55f71ddcfd30	55f71ddd0840	7c296e21ace0	7c296d659a70	113c4	7ffdbfcb8f98	8000000000000001
6.363112	930da	12764	b6	fffffffffffffed4	7ff	ffffffffffffff9c	8000000000000001	55f71aec3de0	7ffdbfcbb318	bfeb	0	ffffffffffffff9c	19935c8db2b07a6a	0	51	14d50	0
6.374246	9b041	407	55f719be8500	55f71a7f5a00	7ff	0	1	48f7	7ffdbfcbe240	407	fffffffffffff3eb	a3e0c0697d48bbf1	10229cbff9b51172	0	b66c	e70	3
6.388065	9b041	2bf	55f719be8500	55f71a1a9540	3ff	0	1	ac63	7ffdbfcbe240	2bf	fffffffffffff7c3	ab1bdf23e00ab083	5b02a0473fe1c20a	0	f18f	2a90	1
6.403204	9b041	45b	55f719be8500	55f71ced6e70	7ff	0	1	10bfc	7ffdbfcbe240	45b	fffffffffffff2ef	a58c56c5cba5482a	7e86974c40d8016b	10bfb	0	1440	1
6.411154	9a4ee	55f719bd0c90	7c296d573178	16e2d	8000000000000002	372b0	7c296d573178	55f71b092f80	7ffdbfcb9db0	0	55f71b092fb0	55f71b0931c0	7c296e21ace0	7c296d573178	7a0f	7ffdbfcb9ec8	8000000000000001
6.423635	990a5	7c296d4bc010	0	7c296d5dfd00	0	372b0	7ffdbfcc2670	1	7ffdbfcb9ee0	1	0	7ffdbfcbe200	8000000000000001	0	1	c28a	7ffdbfcc2670
6.429561	95bfc	1c4f8c6af3446831	7ffdbfcbcaf8	f184571cc2ff7475	0	95eb257dac9b1b18	6f20e10f83370d44	55f71bfea9f0	7ffdbfcbcaf0	359866aed527f25	e18e411fd5ef7e6b	55f71bfeb450	7c296e21ace0	55f719be8a40	1c	b645	7ffdbfcbcaf0
6.444591	95b8f	7ffdbfcb4938	7ffdbfcc2670	ddc3	0	95eb257dac9b1b18	6f20e10f83370dd3	33dfd	7ffdbfcb47d8	56	0	55f71aa88580	0	ddc3	7ffdbfcbe080	55f719bea510	0
6.454550	9b041	4ae	55f719be8500	55f71cde5c10	7ff	0	242	36dba	7ffdbfcbe240	4af	fffffffffffff1f3	a4f9106b8d0562df	8fef0eec5b47d121	0	36db9	6c0	4
6.467071	9b041	27	55f719be8500	55f71b12de70	3ff	0	4	c190	7ffdbfcbe240	29	ffffffffffffff85	ab378387a50ef6af	35b8bbb3bca75fbf	0	6f09	2910	2
6.473662	9b041	bd	55f719be8500	55f71a9cdcf0	7ff	0	2	e852	7ffdbfcbe240	be	fffffffffffffdc6	a41950725f088842	a75a99f6f8943504	9afb	0	960	2
6.481552	26325b07972b	31	40	2	7	55f719b63010	7	55f71d7244a0	7ffdbfcbe180	55f71d7244b0	55f71d825e68	a3e6c80b3817774b	19ec46639276e4a3	7c296e21ac80	0	55f71d7244e0	2
6.488491	95c17	0	7ffdbfcb8c48	1	8	7ffdbfcb8c40	7ffdbfcb8c48	7ffdbfcc2670	7ffdbfcb8c40	8	0	9ba8f2f6ebd6622c	10910c704241ca5a	8000000000000001	b2	bc	7ffdbfcb8c40
6.500087	990a5	7c296d4bc010	0	7c296d5f96e0	f00	372b0	b000	7ffdbfcbe001	7ffdbfcbcfa0	8	0	7ffdbfcbe200	8000000000000001	0	1	d39e	7ffdbfcc2670
6.505895	92711	247	7ffdbfcc2670	55f71d7d4db0	7ff	0	1000000000000000	0	7ffdbfcb7850	8	0	a5e4d7e393b9c536	1fb42fb065864752	cdff	1	55f719be9f10	0
6.520070	92865	310	7ffdbfcc2670	55f71bf33110	7ff	10	ecf8	2f3ab	7ffdbfcbc0b0	8	0	a435d01325fc5c18	6ea62e8ca22ebd42	30e39	7ffdbfcbe080	55f719be8b30	0
6.534043	9b041	2b2	55f719be8500	55f71c2aca50	7ff	0	1	3b2c	7ffdbfcbe240	2b2	fffffffffffff7ea	a3d6191dbe18a2b3	68f8b3d4f093f2dc	0	158ae	780	2
6.548031	9a4ea	55f71bf95120	7c296d613d80	2afae	cfff	372b0	7c296d613d80	e53a	7ffdbfcbe230	0	55f71ce19870	a5b9d5438c436f53	faf21b92b93a2c0	7c296d613d80	55f719bd0c90	1401	3
6.557509	9a4ea	55f71d78d3a0	7c296d9550c0	93216	ffff	372b0	7c296d9550c0	310b2	7ffdbfcbe230	0	55f71cd52e70	a4045dd96f493aff	d3003137e3de033b	7c296d9550c0	55f719bd0c90	1f01	1
6.563472	26325b078806	55f71a3ebc40	55f71a3ebd10	31	7c296e21ace0	55f71a3ebc40	55f71a3ebd10	c0	7ffdbfcbe300	55f2454f1e3b	55f71a3ebdd0	30	19ec46639276e4a3	7c296e21ac98	7c296e21ac80	55f71a3ebdd0	55f71a3eb
6.571099	943f5	6756a1301318bb07	c2	267d6e6416602f92	8	7ffdbfcbdd90	7ffdbfcbdd98	7ffdbfcc2670	7ffdbfcbdd80	8	0	396c12b23a3abd13	1c75c75e09dae6a5	0	0	c2	7ffdbfcbdd90
6.585051	9a500	55f719bd2a30	7c296d881398	78a71	8000000000000002	372b0	7c296d881398	55f71ab06840	7ffdbfcbbe20	0	55f71ab06940	55f71ab07a30	7c296e21ace0	7c296d881398	2837b	7ffdbfcbbf68	8000000000000001
6.595468	96f49	55f71cde5c10	11cfe	fffffffffffff490	7ff	fffffffffffffc30	3c0	55f71aaafa70	7ffdbfcbcb70	6cee	0	0	fffffffffffff466	55f719be8bc0	3cf	11cfd	0
6.609089	92a5a	55f71bf96be0	7ffdbfcc2670	7c296d4bc010	668d	372b0	222f	222f	7ffdbfcbdb50	8	0	a472269b5a2cfa7b	84d12978202db82e	7c296d4ef478	7c296d4bc010	7ffdbfcbdc88	55f71bf96b70
6.618921	94404	bed0ec2642395c1	273ae	cc05f3901657863b	8	7ffdbfcbe1d0	7ffdbfcbe1d8	273af	7ffdbfcbe1c0	8	0	a59bd6720ca620e7	78408962124d253c	273ae	0	273ae	7ffdbfcbe1d0
6.629486	be71c	fffffffffffffff9	55f719fb1690	8	8	55f719fb16c0	38	a68a	7ffdbfcbe218	0	55f71d5857b0	a5e5efc2cabd2a53	5ee1396ea05f2437	7c296d5b5d00	55f719bd0c90	1c01	2
6.638434	9b041	22f	55f719be8500	55f71d7b65b0	7ff	0	1	2b136	7ffdbfcbe240	22f	fffffffffffff973	a5423e08c5f78e5f	7ceb3c23053d53e3	0	2b135	18c0	1
6.647878	26325b07870f	55f719e81380	55f719c17db0	b1	55f71aa5d150	55f719e81380	55f719c18280	580	7ffdbfcbe2f0	55f245d44da8	55f71aa5d1b0	b0	19ec46639276e4a3	7c296e21aca0	7c296e21ac80	55f719c18330	55f719c18
6.660308	9389e	8000000000000002	282dd	e43f34cc023a502a	a0b740	372b0	7c296c0fb010	8000000000000000	7ffdbfcb9690	c6	4	7ffdbfcbe200	8000000000000001	0	1	0	7ffdbfcc2670
6.668973	96e7d	55f71cde5c10	cb16	16	7ff	b97b27f049fa9ac4	1000000000000000	55f71c1a4bc0	7ffdbfcbc400	8	0	a4099f5e822453b3	69add6ca9ed2f9c	55f719be8bc0	2d3a449bc4cbfe5b	0	c193
6.682533	92b80	7c296c0fb010	7ffdbfcc2670	76840	8000000000000002	372b0	7ffdbfcb8590	55f71ab2a9f0	7ffdbfcb8550	0	55f71ab2aa20	55f71ab2c200	7c296e21ace0	7c296c171850	1da1	7ffdbfcb8658	8000000000000001
6.693366	995f0	f67792bbe6a7cd5e	7ffdbfcb9b18	ffeb070a475bff7b	1439ae1e8fe03a61	a7a8efb14223587d	1800000000000000	55f71c0e12b0	7ffdbfcb9b10	8	0	baeebb05993178b7	546efd013295a426	ffffffc0	750	55f71c0d2080	7ffdbfcb9b10
6.702822	9b01e	38	55f719be8500	55f71c0489d0	7ff	0	1000000000000000	134b3	7ffdbfcbe240	8	0	a58b303f917dfd9b	d6cc586274dfa169	0	ac81	1920	2
6.712199	9b041	b1	55f719be8500	55f71cd75660	7ff	0	1	f27a	7ffdbfcbe240	b1	fffffffffffffded	a402d5eca1ada19d	c7b310773e3f1e14	c48	0	23d0	2
6.725955	9a500	55f71b20ef60	7c296d8f8000	55f24451429f	55f71b20f090	55f719b63010	7	2d2aa	7ffdbfcbe230	55f71b20f030	55f71bf07c10	a3198a77bf22b06f	19ec46639276e4a3	7c296d8f8000	55f719bd0c90	b01	4
6.738855	92b80	7c296c0fb010	7ffdbfcc2670	2b3ec0	8000000000000002	372b0	7ffdbfcba1f0	55f719cc3ea0	7ffdbfcba1b0	0	55f719cc3ed0	55f719cc4580	7c296e21ace0	7c296c3aeed0	acfb	7ffdbfcba2b8	8000000000000001
6.744470	9389e	8000000000000002	7ffdbfcc2670	1	436080	372b0	7c296c0fb010	8000000000000001	7ffdbfcb3c90	7ffdbfcbe020	5c	3a24f9891fea721f	e269f75c164aba15	81	7ffdbfcbe020	10d82	5c
6.751125	96f49	55f71c287160	2833a	ffffffffffffe995	7ff	fffffffffffff887	769	55f71a484550	7ffdbfcb7000	fea7	0	a5a7d6b011c8b778	44e7bb40d294bbcc	55f719be9c70	779	28339	0
6.757606	95cc2	8832eabe799e39de	7ffdbfcba4e8	38bbf18ce36ebfe5	c6cb65588f2d97a6	33877b74ef893fac	1000000000000000	8d40	7ffdbfcba4e0	8	0	a3e588fb4ed20035	11eda27d16c3157f	0	1	0	7ffdbfcba4e0
6.764132	9389e	8000000000000002	c8	55f71de68d30	174c40	372b0	7c296c0fb010	7ffdbfcc2670	7ffdbfcb8dc0	8	0	385a051c07839233	8ab21a4004e4da04	8000000000000001	2d234	5d31	7ffdbfcbe490
6.773520	9389e	8000000000000002	ca	55f71b54fdc0	c20fc0	372b0	7c296c0fb010	7ffdbfcc2670	7ffdbfcbd100	8	0	38a15d964535320d	cec6f8e0c0ce44ad	8000000000000001	30840	3083f	7ffdbfcbe490
6.782019	9441b	0	ddf6	0	0	7ffdbfcb8c50	7ffdbfcb8c58	7ffdbfcbe250	7ffdbfcb8c40	8	0	9ba8f2f6e9346b3c	10904ce00767d1d7	0	1	7ffdbfcb8cf0	7ffdbfcb8c50
6.789877	9b041	6e1	55f719be8500	55f71a6ac9d0	7ff	0	1	84a7	7ffdbfcbe240	6e1	ffffffffffffeb5d	a572d504853e0ff7	ac07ac6108e98dfc	84a6	0	11d0	3
6.795700	9b391	1	55f71c05bcb0	55f71ba1ec20	55f719c7fe90	55f719b63010	7	7c296dcfe010	7ffdbfcbe240	55f719c7fe70	55f71def7500	a5e557e453dc9bc5	19ec46639276e4a3	372b0	1580e	1	0
6.803940	9b041	5af	55f719be8500	55f71cd3efe0	7ff	0	1	2cbe8	7ffdbfcbe240	5af	ffffffffffffeef3	a50ab033e1e3562b	2dc23cccc9c96323	0	2cbe7	2250	2
6.813018	9b041	164	55f719be8500	55f71c308c60	7ff	0	1	307d5	7ffdbfcbe240	164	fffffffffffffbd4	a4f1e478da6759d7	c0121298fd82031f	0	307d4	540	1
6.826515	95b13	55f71d678020	ce	e	3fff	3b8b	ff	3b88	7ffdbfcb6f30	dfe8	0	0	76500	0	35d55	4ff2	7ffdbfcbe490
6.838125	9a4ea	55f719bd0c90	7c296d865150	75228	8000000000000002	372b0	7c296d865150	55f71cd61310	7ffdbfcb7fe0	0	55f71cd61340	55f71cd63630	7c296e21ace0	7c296d865150	270b8	7ffdbfcb8128	8000000000000001
6.844571	94404	8ad8b5c57a73da91	cc	3bd72cb8165c42cc	8	7ffdbfcbddd0	7ffdbfcbddd8	7ffdbfcc2670	7ffdbfcbddc0	8	0	3fd2bbb36caeffcf	15a8e4177790cec2	0	2b803	cc	7ffdbfcbddd0
6.849903	95b48	55f71b54fdc0	ce	55f71b4fa4a0	7fff	fffffffffffaa6e0	2ab9	2ac8	7ffdbfcbbc40	ffde	0	3fc4e4f0121e1b1d	d797c1d9cdf5c535	0	e1ee	4a7f	7ffdbfcbe490
6.855965	9389e	8000000000000002	ce	55f71b54fdc0	cd4080	372b0	7c296c0fb010	7ffdbfcc2670	7ffdbfcb7e50	8	0	3f3fc02d19ecf145	e0edd54c5e911f7e	8000000000000001	2ae5c	33502	7ffdbfcbe490
6.869168	9b041	626	55f719be8500	55f71bfa2ef0	7ff	0	4	13b8e	7ffdbfcbe240	628	ffffffffffffed88	a3e42c5ff106383b	ff4d93dd77bd1e65	0	13b8d	de0	3
6.880240	95cbc	abf1b05b534d2114	7ffdbfcbe1d8	15685e2d6120d674	f8042e3e8b023546	6a961c022994860e	1000000000000000	7de6	7ffdbfcbe1d0	8	0	a555d543058ce447	a7e8c8f4774beb8c	afc6	0	afc6	7ffdbfcbe1d0
6.887368	9a4ea	55f71a470cf0	7c296d5fda60	2834a	80	372b0	7c296d5fda60	d66e	7ffdbfcbe230	10	55f71a4bf330	a40bef4c73205aff	a463e535188a4eda	7c296d5fda60	55f719bd0c90	201	4
6.898622	26325b07aee0	2d0	7c296e21ac80	30	55f71a9821e0	4745000	1e6	7c296e21afa0	7ffdbfcb71c0	0	0	55f71a9824b0	7c296e21ace0	ffffffffffffff88	40	55f719b63010	2
6.910537	96f49	55f71cd75660	105a5	ffffffffffffec7d	7ff	fffffffffffff97f	671	55f719da9cf0	7ffdbfcb7440	ef0	0	a43d44bbc9434495	aecd1c17b2bc6631	55f719bea8d0	67d	0	8eee
6.918374	9a4ee	55f719bd0c90	7c296d600388	2886f	8000000000000002	372b0	7c296d600388	55f71aa913e0	7ffdbfcb49c0	0	55f71aa91410	55f71aa91700	7c296e21ace0	7c296d600388	d825	7ffdbfcb4b08	8000000000000001
6.926677	9a4ee	55f719bd0c90	7c296d6883c0	39876	8000000000000002	372b0	7c296d6883c0	55f71a455d20	7ffdbfcbd950	0	55f71a455e20	55f71a456c70	7c296e21ace0	7c296d6883c0	132d2	7ffdbfcbda68	8000000000000001
6.935527	939f0	e9f95fec3f53bbf3	7ffdbfcb8e78	250f18ad498730dc	9c88426c16ad259f	3df86fa81b12d09c	1100000000000001	7ffdbfcbdf70	7ffdbfcb8e70	0	1	39c9e4917d4b3a74	2a0bb823e2c9df1a	81	7ffdbfcbe020	7ffdbfcb8f20	7ffdbfcb8e70
6.943439	9a4c0	55f71b64ed40	7ffdbfcbcb10	131f1	38	55f71b64ecd0	55f71b64ed40	7	7ffdbfcbca90	0	55f71b64ed40	55f71b661f60	7c296e21ace0	7	55f71b64ed40	55f71b64eca0	55f71b64ed10
6.951882	9b041	48c	55f719be8500	55f71a7f5a00	7ff	0	1	132cd	7ffdbfcbe240	48c	fffffffffffff25c	a3f3bf67801091b1	d29d483f3c1918cd	0	132cc	e70	2
6.960172	9b02a	568	55f719be8500	55f71bb58740	7ff	0	1	1185e	7ffdbfcbe240	0	0	a3c755cb5048fb80	dddea67e28283b25	1185d	0	ba0	1
6.968271	9af40	7c296c0fb010	55f71a4801b0	48c840	55f71d7a7000	8000000000000001	8000000000000001	12321	7ffdbfcbe240	55f71d7a6fe0	55f71a405338	a5fad7c88a289094	19ec46639276e4a3	3895c	12321	7ffdbfcc2670	4
6.974077	9af40	7c296c0fb010	55f71abc2e10	30ca80	55f71a42b4c0	8000000000000001	8000000000000001	c32a	7ffdbfcbe240	55f71a42b460	55f71bbab830	a57ecf547b40b653	19ec46639276e4a3	3895c	0	7ffdbfcc2670	2
6.986119	958d8	24ae	d6	55f71b54fdc0	7fff	0	1000000000000000	7ffdbfcc2670	7ffdbfcbb220	8	0	38c49186cb376f25	d81d349663c3c420	0	0	33b85	7ffdbfcbe490
7.001097	9389e	8000000000000002	18fa1	66c688538d88f740	63e840	3895c	7c296c0fb010	8000000000000000	7ffdbfcb4db0	d4	4	7ffdbfcbe360	8000000000000001	0	1	0	7ffdbfcc2670
7.014709	9910c	7c296d4bc010	0	7c296d5b9e88	1f00	3895c	55f71ad56fa0	7ffdbfcbe001	7ffdbfcb9160	8	0	7ffdbfcbe200	8000000000000001	0	1	a945	7ffdbfcc2670
7.022290	92739	74d	7ffdbfcc2670	55f71bb31f40	7ff	0	1	0	7ffdbfcbd550	ffffffffffffea19	0	a43adfa8a049cada	3f7c441d854eb559	3176b	1	55f719be87d0	0
7.027832	9a500	55f71acebe00	7c296d9b0878	55f245bf122b	55f71acebec0	55f719b63010	7	34daf	7ffdbfcbe230	55f71acebe60	55f71bb55c80	a32317ba7595021b	19ec46639276e4a3	7c296d9b0878	55f719bd0c90	b01	3
7.033161	9439e	0	7ffdbfcbe1d8	1	8	7ffdbfcbe1d0	7ffdbfcbe1d8	b589	7ffdbfcbe1c0	0	0	9ba8f2f9da20cdf4	109f9d3c0f1dda78	0	9ebc	0	7ffdbfcbe1d0
7.041945	9b041	3b9	55f719be8500	55f71c147a30	7ff	0	1	34b1b	7ffdbfcbe240	3b9	fffffffffffff4d5	a5d9545257288fe1	76dd60d211d6c6ab	34b1a	0	2160	1
7.047898	9af40	7c296c0fb010	55f71c0e5cc0	345c0	55f71a879570	8000000000000001	8000000000000001	d17	7ffdbfcbe240	55f71a879510	55f71ce93f10	a42fbefeeed57feb	19ec46639276e4a3	38f42	0	7ffdbfcc2670	3
7.056989	26325b078806	55f71b141030	55f71b1410a0	41	7c296e21ace0	55f71b141030	55f71b1410a0	90	7ffdbfcbe300	55f24465a031	55f71b141170	40	19ec46639276e4a3	7c296e21ac98	7c296e21ac80	55f71b141130	55f71b141
7.063804	95cdd	93fb6d580c3d3cd5	7ffdbfcb7028	89f65f89b5dc9158	b1980f5eec4ef3dc	3a4ee91e9a0cdab2	1000000000000000	7ffdbfcc2670	7ffdbfcb7020	8	0	37d8cf1898d55c5d	4281e0811dbbe6bf	8000000000000001	2ce3d	d8	7ffdbfcb7020
7.076518	92b80	7c296c0fb010	7ffdbfcc2670	266180	8000000000000002	38f42	7ffdbfcb9ed0	55f71c12df90	7ffdbfcb9e90	0	55f71c12e150	55f71c12e450	7c296e21ace0	7c296c361190	9986	7ffdbfcb9fd8	8000000000000001
7.083522	9389e	8000000000000002	d8	55f71b5f8b40	b42840	38f42	7c296c0fb010	7ffdbfcc2670	7ffdbfcbc450	8	0	370ca7b4cf5c94b3	3bd8ce06e4f89c32	8000000000000001	2d0b5	2d0a1	7ffdbfcbe490
7.090196	95900	4e22	da	55f71d349500	7fff	0	4000	7ffdbfcc2670	7ffdbfcb8d90	55f71d2acf00	9c600	372035ca6be4596d	5bfb782cff9de11b	0	0	32ddb	7ffdbfcbe490
7.099350	938ea	1c4f8c6af344d34b	131	f184571cc2ff7475	55f71b5eb5e0	95eb257dac9b1b18	6f20e10f8337b63e	55f71b5f91e0	7ffdbfcb5b70	0	1	379ee7fb8a815564	e8c83ef3f2e6f7d5	fffffc00	6a0	55f71b5eb5e0	55f71dec2530
7.104947	92955	1	7ffdbfcc2670	7c296d4bc010	a41c9	38f42	36b43	36b43	7ffdbfcbce90	8	0	a4f2399f9aa450e3	45bf851730a03d37	7c296d9dce58	7c296d4bc010	7ffdbfcbcfc8	55f71b61ac90
7.110210	9a4ea	55f71b568100	7c296d659938	33b25	e0ff	39338	7c296d659938	113b7	7ffdbfcbe230	0	55f71a5c25f8	a5ccd4778dcc873f	257e207f74ae0f25	7c296d659938	55f719bd0c90	1d01	2
7.117529	9a500	55f71ad17f20	7c296d89c4b8	55f245a02d47	55f71ad18050	55f719b63010	7	29587	7ffdbfcbe230	55f71ad17ff0	55f71b1ae090	abff664f0810bc53	19ec46639276e4a3	7c296d89c4b8	55f719bd0c90	2901	1
7.130424	9b041	3bc	55f719be8500	55f71bb31f40	7ff	0	1	902e	7ffdbfcbe240	3bc	fffffffffffff4cc	a43adfa8a04a4190	3f0caccdedb33e7b	902d	0	2d0	0
7.144847	942b1	1c4f8c6af344d33c	7ffdbfcbb998	f184571cc2ff7475	8	7ffdbfcbb990	7ffdbfcbb998	55f71de17710	7ffdbfcbb980	359866aed52c428	0	37b1f624d1657a19	fe89aed706f53183	a4d	428	dc	7ffdbfcbb990
7.154424	92711	2f1	7ffdbfcc2670	55f71a4b5600	7ff	0	1000000000000000	0	7ffdbfcbceb0	8	0	a413562d6c1ac9e4	228cab88a62471d3	2d9a9	1	55f719be8920	0
7.164917	990a5	7c296d4bc010	0	7c296d4fc990	1f00	39338	7eb8	7ffdbfcbe201	7ffdbfcb4f40	8	0	7ffdbfcbe360	8000000000000001	0	1	2b10	7ffdbfcc2670
7.172303	92c1c	7c296dcfe010	7ffdbfcc2670	7ffd	8000000000000002	39338	7c296d5ec8a0	55f71b1e4180	7ffdbfcb86b0	0	55f71b1e4220	55f71b1e6220	7c296e21ace0	cb06	cb06	7ffdbfcb87b8	8000000000000001
7.185094	92b80	7c296c0fb010	7ffdbfcc2670	cf840	8000000000000002	39338	7ffdbfcb9370	55f71c2059c0	7ffdbfcb9330	0	55f71c2059f0	55f71c206510	7c296e21ace0	7c296c1ca850	33e1	7ffdbfcb9478	8000000000000001
7.193302	92c68	7c296c0fb010	7ffdbfcc2670	e4cfc0	1	7ffdbfcbdec8	7ffdbfcbddd0	0	7ffdbfcbdd90	0	55f71b4eed90	55f71b550880	7c296e21ace0	3933f	55f71b4eecf0	3933f	8000000000000001
7.206594	9af40	7c296c0fb010	55f71ac9e4f0	2e3bc0	55f719f34740	8000000000000001	8000000000000001	b8ef	7ffdbfcbe240	55f719f34720	55f71cd55b08	a435545c4fdabae6	19ec46639276e4a3	39bb2	b8ef	7ffdbfcc2670	3
7.213524	9af63	7c296caf52d0	55f71c1571c0	95eb257dac9b1b18	8000000000000002	8000000000000001	8000000000000001	27e8b	7ffdbfcbe240	55f71bbdf4d0	55f71b420100	a527fddb1a7100f3	19ec46639276e4a3	39bb2	0	7ffdbfcc2670	2
7.219151	9b041	3ea	55f719be8500	55f71b36abc0	7ff	0	1	2faf9	7ffdbfcbe240	3ea	fffffffffffff442	a4ed102d70105a5b	e67a763e1ab8b6cb	0	2faf8	2520	3
7.233295	98835	7fffffffffffffff	7ffdbfcbc088	ffffffffffffeeea	7ff	fffffffffffffa4e	8000000000000001	55f719c8aa60	7ffdbfcbbf70	7fff	0	fffffffffffffa4e	fd9ede66b39bf2a0	3394c	3c	7ffdbfcbc088	3394b
7.248252	94455	0	0	1	0	7ffdbfcb3c30	7ffdbfcb3c38	7ffdbfcbe0f0	7ffdbfcb3c20	8	0	312601f2e3a80b33	2c15978856757671	0	1	7ffdbfcb3cd0	7ffdbfcb3c30
7.257115	92955	1	7ffdbfcc2670	7c296d4bc010	3622e	39bb2	120ba	7ffdbfcc2670	7ffdbfcb63d0	8	0	ab1106fc57e956b5	d286d6ed40bd4202	7c296d66d180	7c296d4bc010	7ffdbfcb64d8	55f71d552f70
7.265005	96f49	55f71cebde30	2f92e	fffffffffffff6ca	7ff	fffffffffffffcee	302	55f71a72f760	7ffdbfcb7fc0	f6c7	0	a594d66b84289d46	93e9d15c88151ce3	55f719be9910	312	1160f	0
7.277321	9439e	0	7ffdbfcbd128	1	8	7ffdbfcbd120	7ffdbfcbd128	0	7ffdbfcbd110	0	0	9ba8f2f9d9126e36	108c4a60422940cf	2df61	1	2df61	7ffdbfcbd120
7.289274	9b041	6f2	55f719be8500	55f71a9deba0	7ff	0	1	3541f	7ffdbfcbe240	6f2	ffffffffffffeb2a	a5cd54704d969fe8	29d7e0203813d7b0	3541d	0	1ce0	1
7.297807	9b041	743	55f719be8500	55f71a6ac9d0	7ff	0	1	fc8a	7ffdbfcbe240	743	ffffffffffffea37	a54651b6e6f30b57	f9d00c623220ae6f	0	de15	11d0	3
7.312197	26325b078825	55f71a9df630	55f71c16f070	30	55f71c16f000	55f71a9df630	55f71a9df760	30	7ffdbfcbe300	55f2436731cf	55f71c16f0a0	30	19ec46639276e4a3	7c296e21ac98	7c296e21ac80	55f71c16f0a0	55f71c16f
7.324245	9389e	8000000000000002	7ffdbfcc2670	3f	7c600	39bb2	7c296c0fb010	8000000000000001	7ffdbfcb4d30	7ffdbfcbe080	53	7ffdbfcbdf70	44978c79f2e9cda	81	7ffdbfcbe080	1f18	53
7.330844	9389e	8000000000000002	7ffdbfcc2670	1	9fa940	39bb2	7c296c0fb010	8000000000000001	7ffdbfcb6850	7ffdbfcbe020	43	37c11d7e1959669e	309424a44d612d18	81	7ffdbfcbe020	27ea5	43
7.338932	990bb	7c296d4bc010	34385	7c296d4bc010	3f01	39bb2	9ca8f	7ffdbfcbe201	7ffdbfcbb9c0	8	0	7ffdbfcbe360	8000000000000001	0	1	0	7ffdbfcc2670
7.353589	9389e	8000000000000002	e6	55f71d449510	4c54c0	39bb2	7c296c0fb010	7ffdbfcc2670	7ffdbfcb7c10	8	0	358a3aec6fb09a1d	180a4a6c81725ce6	8000000000000001	0	13153	7ffdbfcbe490
7.367843	26325b07c3c2	41	ffffffffffffff50	8	8	55f71c0e5830	55f71c0e5840	2e74b	7ffdbfcbe1f0	10	55f71ac23e48	a4732835546e8463	4162dc1fab85d161	7c296d916f18	55f719bd0c90	1	1
7.375154	9af40	7c296c0fb010	55f719d4a260	65d640	55f71ab646f0	8000000000000001	8000000000000001	19759	7ffdbfcbe240	55f71ab64690	55f71bf10318	a32a153a800631e3	19ec46639276e4a3	39bb2	0	7ffdbfcc2670	4
7.381552	9b041	e1	55f719be8500	55f71bef10f0	7ff	0	2	214f	7ffdbfcbe240	e2	fffffffffffffd5a	a4248d6c987382df	c7ec115f70f3f88f	0	9a71	990	2
7.389861	9af40	7c296c0fb010	55f71c153aa0	d703c0	55f719d794d0	8000000000000001	8000000000000001	35c0f	7ffdbfcbe240	55f719d79470	55f71ce24350	a552f254d84c4363	19ec46639276e4a3	39bb2	0	7ffdbfcc2670	3
7.404002	95900	2ea	e8	55f71de76600	3fff	0	2	7ffdbfcc2670	7ffdbfcb9a30	55f71de708a0	5d60	35f82d859a6b951b	771d549c62bb283	8000000000000001	15e16	26b07	7ffdbfcbe490
7.418321	94401	5c3c5901cafd8597	0	1c0d3c4a6c184363	8	7ffdbfcbc390	7ffdbfcbc398	55f71b62b9f0	7ffdbfcbc380	8	0	9ba8f2f6ed54322a	108bfc3588e93a95	fffffff8	480	55f71b6224f0	7ffdbfcbc390
7.426461	92b9f	7c296c0fb010	7ffdbfcc2670	4c0fc0	8000000000000002	39bb2	7ffdbfcbb360	55f71b187ac0	7ffdbfcbb320	0	55f71b187b60	55f71b188610	7c296e21ace0	7c296c5bbfd0	1303f	7ffdbfcbb428	8000000000000001
7.437931	26325b07a97f	4f	7c296e21ac80	0	55f719b63010	38	7c296e21ac80	38	7ffdbfcb9910	0	55f71ce7b9e0	55f71ce7e2f0	7c296e21ace0	2	7c296d4bc010	55f71ce7b970	55f71ce7b9e0
7.448597	92b80	7c296c0fb010	7ffdbfcc2670	a87c00	8000000000000002	39bb2	7ffdbfcb4a10	55f71b4c19c0	7ffdbfcb49d0	0	55f71b4c1a60	55f71b4d8ec0	7c296e21ace0	7c296cb82c10	2a1f0	7ffdbfcb4b08	8000000000000001
7.463473	9b041	159	55f719be8500	55f71c2fc440	7ff	0	1	308c	7ffdbfcbe240	159	fffffffffffffbf5	a40d50505db76a02	184e438a33f89554	77eb	0	4e0	2
7.471093	9b23f	21c	55f719be8500	55f71c05a4f0	7ff	0	1	2f954	7ffdbfcbe240	21c	55f71c057250	a3216b245416b1db	e5d935e285e9291f	0	2f953	870	4
7.484350	9b23f	743	55f719be8500	55f71d583b80	7ff	0	1	ac9b	7ffdbfcbe240	743	55f71d578d38	a5d3564d463a804c	d5043075241dcab5	153c1	0	1c20	4
7.492768	92aec	7ffd	7ffdbfcc2670	55f71b2d14e0	1	3a778	0	7ffdbfcc2600	7ffdbfcb94c0	0	55f71b2d1510	55f71b2d1be0	7c296e21ace0	7c296d4bc010	55f71b2d12f0	7ffdbfcb95c8	8000000000000001
7.504264	92988	a8500	7ffdbfcc2670	7c296d4bc010	0	3a778	0	7ffdbfcc2670	7ffdbfcb6c00	8	0	a49f56df555b776f	3b114eada9dda481	7c296d4bc010	7c296d9fefb0	7ffdbfcb6d08	55f71d7b93b0
7.518177	92b80	7c296c0fb010	7ffdbfcc2670	cb5800	8000000000000002	3a778	7ffdbfcb9a10	55f71b4085a0	7ffdbfcb99d0	0	55f71b4085d0	55f71b40d400	7c296e21ace0	7c296cdb0810	32d60	7ffdbfcb9ad8	8000000000000001
7.528310	92b0e	7c296dcfe010	7ffdbfcc2670	55f719f2ad90	1	3a778	0	27e00	7ffdbfcb92b0	0	55f719f2af00	55f719f2d250	7c296e21ace0	7c296d879958	55f719f2aed0	7ffdbfcb93e8	8000000000000001
7.538210	973cb	fffffffffffffdde	b0	ffffdfc0	3212e	a974	55f71ab25350	55f71ab25400	7ffdbfcb31b0	8	0	abc9ab4173d99a2b	db620296277865a6	288	b6	ffffdfc0	55f71c0c8d50
7.552543	9b02a	3d7	55f719be8500	55f71acb6d60	7ff	0	1	298c	7ffdbfcbe240	0	0	a3fed6669e8d0379	99fdd55592f2f869	4eb4	0	a50	2
7.565569	9b2cd	2e5	55f719be8500	55f71ce96b20	a7ff	2d5	7ffdbfcc2670	32094	7ffdbfcbe240	0	55f71ce925a8	a4c82aeda71a50c3	686d5f07219abbbf	0	55f719bd0c90	2401	2
7.574701	9b016	317	55f719be8500	55f71ce51c80	7ff	0	1000000000000000	27195	7ffdbfcbe240	8	0	a58e2a7e3c74508f	6e44f4a1309b72f1	0	a1f9	1710	3
7.581648	26325b078806	55f71ce30e10	55f71ce30fc0	41	1	55f71ce30e10	55f71ce30e80	30	7ffdbfcbe300	55f24392de00	55f71ce31030	40	19ec46639276e4a3	7c296e21ac98	7c296e21ac80	55f71ce30ff0	55f71ce30
7.590157	9389e	8000000000000002	f0	55f71de75550	211380	3b83e	7c296c0fb010	7ffdbfcc2670	7ffdbfcb9b40	8	0	34c2786905b9bca5	71dc51c13ec0a5a9	8000000000000001	0	844e	7ffdbfcbe490
7.597396	9a3a2	6	7ffdbfcb8590	55f71a431af0	0	3b83e	7ffdbfcb8590	7ffdbfcc2670	7ffdbfcb8510	8	0	a5171faf5d10ea05	aee286795f021241	7c296d966460	7c296d4bc010	7ffdbfcb8658	8000000000000001
7.612225	96f49	55f71bfe6180	6038	fffffffffffffb8c	7ff	fffffffffffffe84	16c	55f71ad1e2a0	7ffdbfcb8360	fff7	0	a58947ed51f6b493	63e5e159046e8109	55f719be9c40	17c	0	1160a
7.622545	95c51	406bfafa900c18b8	7ffdbfcb6f58	58447f4759263154	cfe28374d8657e00	507b987bfde21e8a	1000000000000000	7ffdbfcc2670	7ffdbfcb6f50	8	0	35c47c4bcc72434b	3fde083fe73ca4c4	8000000000000001	35fa4	f2	7ffdbfcb6f50
7.630509	26325b07ae71	7	7c296e21ac80	18	55f71b183270	7c296e21ad00	5b	20	7ffdbfcb7c10	0	55f71b183250	55f71b183670	7c296e21ace0	ffffffffffffff88	30	3	1
7.642026	92c68	7c296c0fb010	7ffdbfcc2670	f33fc0	1	7ffdbfcbb048	7ffdbfcbaf50	3cc00	7ffdbfcbaf10	0	55f71be20150	55f71be75a90	7c296e21ace0	3ccff	55f71be20120	3ccff	8000000000000001
7.654263	9b016	755	55f719be8500	55f71d5b0000	7ff	0	1000000000000000	342d5	7ffdbfcbe240	8	0	a55382682e0175bf	1a2d406aa72c58da	0	342d4	1b00	3
7.668971	9af40	7c296c0fb010	55f71a5fd960	1e58c0	55f71dda2990	8000000000000001	8000000000000001	7963	7ffdbfcbe240	55f71dda2930	55f71b56fe40	ab33a61f75344563	19ec46639276e4a3	3d1de	0	7ffdbfcc2670	2
7.679425	26325b078806	55f71d77daf0	55f71d77dde0	41	1	55f71d77daf0	55f71d77db60	30	7ffdbfcbdfd0	55f24206092d	55f71d77de50	40	7e	7c296e21ac98	7c296e21ac80	55f71d77de10	55f71d77d
7.686085	9a4ea	55f719bd0c90	7c296d5d5668	232cb	8000000000000002	3d1de	7c296d5d5668	55f71a5682f0	7ffdbfcbac50	0	55f71a568390	55f71a568650	7c296e21ace0	7c296d5d5668	bb99	7ffdbfcbad68	8000000000000001
7.691359	95b48	55f71bce5640	f6	55f71bc3d5a0	7fff	fffffffffff57f60	53f5	5404	7ffdbfcbab60	687e	0	8cb04b520740a5b	24e20502ed9ac85e	0	acd0	3294a	7ffdbfcbe490
7.697577	9439e	1c4f8c6af3446818	7ffdbfcbab08	f184571cc2ff7475	8	7ffdbfcbab00	7ffdbfcbab08	0	7ffdbfcbaaf0	0	0	55f71de35550	0	d2d3	1	d2d3	7ffdbfcbab00
7.707156	26325b07c06f	4	7ffdbfcb8c10	55f71df721e0	0	3d1de	28	28	7ffdbfcb8b50	8	0	a582db3ec372a399	172a7332d996d104	8000000000000000	7c296d4bc010	55f71df721e0	8000000000000001
7.713655	99015	465f	29666	55f71bce5640	7fff	0	4	7ffdbfcbe250	7ffdbfcb2e40	8	2	7ffdbfcbe360	3f976bba5ca1a3ca	0	1	0	7ffdbfcc2670
7.720541	9389e	8000000000000002	f6	55f71bce5640	2774c0	3d1de	7c296c0fb010	7ffdbfcc2670	7ffdbfcba1c0	8	0	8cf6968ce015209	8e32e629a432e2d2	8000000000000001	43c7	9dd3	7ffdbfcbe490
7.733446	92711	50f	7ffdbfcc2670	55f71a7000e0	7ff	0	1000000000000000	0	7ffdbfcb9af0	8	0	a56cd547863ff0b4	ddc33afca3327789	2c3b1	1	55f719be9610	0
7.741035	9a4ee	55f71a1b6180	7c296d6baa60	3fd4a	fdff	3d1de	7c296d6baa60	1546e	7ffdbfcbe230	0	55f71dd8da48	a4061da586aab4a3	e54c282822a40182	7c296d6baa60	55f719bd0c90	2201	4
7.748779	9ae30	3d1de	7ffdbfcc2670	55f246932770	55f719e29930	286ee	7	3b743	7ffdbfcbe380	55f71be40010	55f71aa3ed10	abf12bf06d11ecfb	19ec46639276e4a3	f0800	27990	20000	55f71d5f8020
7.755417	26325b0796c2	ffffffffffffff88	40	ffffffffffffffc0	0	55f71bb6f1a0	7c296e21ac80	55f71bb6f1a0	7ffdbfcbe180	0	55f71ce8df88	a42c6cbcff3babc3	533e8b6b511dbf9e	7c296d5421d0	0	2401	1
7.768829	9b041	4c7	55f719be8500	55f71ac4a890	7ff	0	1	39343	7ffdbfcbe240	4c7	fffffffffffff1ab	a5cf8db967a23603	ad2a69f69cd8e566	0	39342	1260	3
7.783311	26325b07b04a	55f71bfa50c0	7c296e21ac80	bd1	55f71bfa50b0	55f71bfa50e0	0	20	7ffdbfcb2e18	0	55f71bfa50c0	55f71bfa5cb0	7c296e21ace0	1	7c296d58a2c0	55f71bfa4f50	55f71bfa5090
7.794482	9389e	8000000000000002	0	92547bb971ad026d	22dc00	3d1de	7c296c0fb010	7ffdbfcbe001	7ffdbfcbaa10	fa	4	7ffdbfcbe200	8000000000000001	0	1	8b70	7ffdbfcc2670
7.805050	958d8	3538	f8	55f71ba9ec20	3fff	0	1000000000000000	7ffdbfcc2670	7ffdbfcbb1d0	8	0	b339ce2c3555b17	eca342c49432f461	0	2f417	0	7ffdbfcbe490
7.811095	26325b0786e9	6440	7c296e21ac80	6441	7c296e21b410	7ff00000	55f71b190e10	38	7ffdbfcbbbe0	0	55f71b1d4ee0	7c296e21ad10	7c296e21ace0	6400	40	6440	2
7.816599	95bf6	1c4f8c6af344dd0d	7ffdbfcba248	f184571cc2ff7475	2e1d	95eb257dac9b1b18	6f20e10f8337b878	55f71bce5850	7ffdbfcba240	359866aed52ca19	e18e411fd5ef7e6b	ba4adfbd6ee6be3	75b37154aaa6a531	6dfa	219	fa	55f71e175c90
7.831665	9b2e1	7ffdbfcc2670	55f719bd2a30	55f71aa41590	80	300	7ffdbfcc2670	4144	7ffdbfcbe240	9	55f71aa3cc10	abc353657618860f	932adb995d435421	34e8c	55f719bd0c90	2e01	2
7.838662	9a500	55f71a9648f0	7c296d895840	55f245e7e214	55f71a964b70	55f719b63010	7	29102	7ffdbfcbe230	55f71a964b10	55f71c306290	a4ee054fadaf51df	19ec46639276e4a3	7c296d895840	55f719bd0c90	501	4
7.848487	943e6	5c3befcd40f07552	8e35	1c0fd39d6c184363	8	7ffdbfcbe1d0	7ffdbfcbe1d8	8e36	7ffdbfcbe1c0	0	0	9ba8f2f9dabeddfd	4ca663923974bf02	0	8e35	0	7ffdbfcbe1d0
7.859756	9a4fc	55f71d83e720	7c296d4d0278	284d	ffff	3d1de	7c296d4d0278	d6f	7ffdbfcbe230	0	55f71cdbc5b8	a4225064dfcbbb5e	cb9b885ce8ae44f0	7c296d4d0278	55f719bd0c90	101	3
7.870465	96f49	55f71c039d50	11b60	fffffffffffffc7f	7ff	fffffffffffffed5	11b	55f71a1fd2f0	7ffdbfcbddb0	feff	0	a47b56015a176e1e	e4cace9c98068ce8	55f719be8620	12b	27cff	0
7.879486	98fe9	bca4a4ffe632dc35	8e9f	55f71c1816f0	fff	5e	1800000000000000	7ffdbfcbe0f0	7ffdbfcb9820	8	0	de6e99df711ac6e3	4799897cc677439e	0	1	0	7ffdbfcc2670
7.885282	92739	2fc	7ffdbfcc2670	55f71cce7fe0	7ff	0	1	381a0	7ffdbfcb5ed0	fffffffffffff70c	0	a4be9cde1e4d37b1	8fd33cdc3078eeae	0	1	55f719bea570	381a0
7.892340	9389e	8000000000000002	fc	55f71be5c420	57c700	3d1de	7c296c0fb010	7ffdbfcc2670	7ffdbfcbbfd0	8	0	860566709513b27	d1ee10c7a5110669	8000000000000001	206c4	15f1c	7ffdbfcbe490
7.899199	94404	ad0fca7dd8c14fba	0	cb9a92ac16a56994	8	7ffdbfcb9720	7ffdbfcb9728	81	7ffdbfcb9710	8	0	a33a8da8e0c941db	d913d1f063d9fd26	0	7ffdbfcbe020	0	7ffdbfcb9720
7.912425	9b041	1dc	55f719be8500	55f71c2ee5c0	7ff	0	1	36961	7ffdbfcbe240	1dc	fffffffffffffa6c	a417d0581dbebf71	1e06af7b2ec18599	36960	0	570	4
7.927083	9af40	7c296c0fb010	55f71b1c4460	207340	55f71a9b0380	8000000000000001	8000000000000001	81cd	7ffdbfcbe240	55f71a9b0360	55f71b589b80	ab15d3e2ab6d154c	19ec46639276e4a3	3d1de	81cd	7ffdbfcc2670	2
7.936967	26325b07c3db	31	ffffffffffffff50	55f2420a2dff	ffffffffffffff88	55f71d7bf9e0	55f71d7bf9f0	0	7ffdbfcbe210	55f71d7bfa20	55f71d7ebc50	a578d5618c7f56ae	19ec46639276e4a3	7c296d4eb608	55f719bd0c90	1501	3
7.944783	988cb	55f71abb1b10	2ea19	38	1ff	185961b0be0ff1a1	800000000000000	d	7ffdbfcbd820	8	0	9ba8f2f6c15680bd	10de954d11b29a2a	7099f75a453dc2c8	2ea19	2aa99	7ffdbfcbe3c0
7.954460	26325b078896	55f719bdd9b0	55f71ad25190	41	31	55f719bdd9b0	55f71ad250c0	30	7ffdbfcbdd20	55f245a3fc45	55f245a3fc45	60	7c	7c296e21ac98	7c296e21ac80	55f71ad251c0	55f71ad25
7.963855	9b2e1	7ffdbfcc2670	55f719bd2a30	55f71c2bee90	bdff	20	7ffdbfcc2670	307	7ffdbfcbe240	0	55f71c2bea10	a4878eca7ca83526	5cbb6f2d1abc892c	162d7	55f719bd0c90	101	1
7.969700	9a4c0	55f71a234220	7ffdbfcbdd68	5e1	20	55f71a7c3f40	55f71a234220	4	7ffdbfcbdce0	0	55f71a234220	55f71a234820	7c296e21ace0	4	55f71a234220	55f71a7c3f10	55f71a2341f0
7.977228	26325b07ba70	0	7c296e21ac80	30	20	55f71ae95850	7c296e21ac80	55f71ae95860	7ffdbfcbe148	55f71ae95860	8	a4bad6f1aacea170	19ec46639276e4a3	20	55f71ae95850	30	20
7.992151	943e6	5c3c66cacafd8a48	0	1c0d31a46c184363	8	7ffdbfcbdb40	7ffdbfcbdb48	8	7ffdbfcbdb30	0	0	9ba8f2f6c8a63fc4	4cb7a534d834bf02	31	7ffdbfcc2670	0	31
8.000564	9b391	1	55f71a071790	55f71d249500	55f71a507980	55f719b63010	7	7c296dcfe010	7ffdbfcbe240	55f71a5079c0	55f71b625e08	a46e124e17a1980e	19ec46639276e4a3	3d1de	a6ef	1	2
8.009221	26325b07978e	3	3	55f246cca453	55f719bd3f80	55f719b63010	7	55f719bd3f10	7ffdbfcbe190	55f719bd3f20	55f71d5425e0	a3d47b2d922fd1d5	19ec46639276e4a3	7c296e21ac80	0	55f719bd3f40	2
8.014464	9b041	bf	55f719be8500	55f71af47e10	7ff	0	1	2fa87	7ffdbfcbe240	bf	fffffffffffffdc3	a4365016e54f699b	72f9ad44a70516eb	2fa84	0	600	4
8.021017	98343	1	7ffdbfcbe3c0	55f71b209080	3	55f71b209070	0	2f	7ffdbfcbbbf0	8	0	9ba8f2f6c84a1616	10c8b68e4f4f0c5d	3b	7ffdbfcc2670	21bac	3b
8.028756	98df4	55f71a921e20	61	fffffff8	ffffffffffffe6d0	182	1ff	55f71a921eb0	7ffdbfcbd340	8	0	9ba8f2f6c5bc76db	10dc429f42c6f2f7	fffffff8	90	fffffffffffff6d0	55f71abb1b10
8.038642	985c4	acd3f4dd03663b74	7ffdbfcbda38	4b0c4c09f41bee6c	9f0aa6c131e83ffd	5cd4b001496be485	800000000000000	a	7ffdbfcbda30	8	0	9ba8f2f6c5f84f45	10d550a6e3d4262b	41	30c98	2f487	7ffdbfcbe3c0
8.048395	992e1	6	13ec1	8000000000000001	6	6	7c296c5f6050	8000000000000001	7ffdbfcbde60	44	4	55f71af54df0	8000000000000001	0	1	12a1	7ffdbfcc2670
8.059475	98609	169cde88b45097ce	7ffdbfcbc558	51a564a2f601c4f0	866f90075098bbf9	d2bc66b7ed9d060	800000000000000	23	7ffdbfcbc550	8	0	9ba8f2f6c520db01	10e7f08bc20b53c8	47	7ffdbfcc2670	361f9	47
8.070230	9389e	8000000000000002	7ffdbfcbe3c0	55f71deec5b0	2fcfc0	3d1de	7c296c0fb010	3e	7ffdbfcbafb0	8018	0	9ba8f2f6c48678cd	109c2617733ef06f	8000000000000001	7ffdbfcc2670	bf3f	4a
8.084842	26325b07b258	400	7c296e21ac80	0	7c296e21ad70	ffc0000c	0	7c296e21acf0	7ffdbfcbc6b0	0	0	55f719d1c460	7c296e21ace0	ffffffffffffff88	30	55f719b63010	1
8.098486	98497	15808	7ffdbfcbe3c0	ffffffffffffef5f	7ff	fffffffffffffa75	7ffdbfcbd7a8	e	7ffdbfcbd790	f5ef	0	fffffffffffffa75	328188fd9cf21ed5	53	15808	360e6	7ffdbfcc2670
8.111350	9a500	55f719bd2a30	7c296d4bf160	62a	8000000000000002	3d1de	7c296d4bf160	55f71a815870	7ffdbfcbce70	0	55f71a8158a0	55f71a815910	7c296e21ace0	7c296d4bf160	20e	7ffdbfcbcfc8	8000000000000001
8.125558	985d3	3578d36ad41936a3	7ffdbfcba338	fe7682a01aadcffa	9dc0ca5617de9577	a89237cc9902fd37	800000000000000	4d	7ffdbfcba330	8	0	9ba8f2f6c59a3aa8	108bc054048936f8	58	7ffdbfcc2670	0	58
8.140400	9a4ea	55f719c330e0	7c296d681a18	38b41	feff	3d1de	7c296d681a18	12e6b	7ffdbfcbe230	0	55f71bf6a2b0	a3db55915104ff5f	fc571630a72505ac	7c296d681a18	55f719bd0c90	d01	3
8.146365	92b80	7c296c0fb010	7ffdbfcc2670	9b3cc0	8000000000000002	3d1de	7ffdbfcbc770	55f71aa22920	7ffdbfcbc730	0	55f71aa22950	55f71aa22fb0	7c296e21ace0	7c296caaecd0	26cf3	7ffdbfcbc878	8000000000000001
8.154042	9445e	0	7ffdbfcbb4d8	1	0	7ffdbfcbb4d0	7ffdbfcbb4d8	55f71a52e0d0	7ffdbfcbb4c8	8	0	9ba8f2f6fbfa735c	10d357829ec5f353	fffffff0	e0	e4	55f71abb1b10
8.168320	9b2e1	7ffdbfcc2670	55f719bd2a30	55f71a63a160	80	63b	7ffdbfcc2670	31dae	7ffdbfcbe240	10	55f71a630a58	a4e34c433901c2d7	a942011dd691f25a	0	55f719bd0c90	401	3
8.180045	9389e	8000000000000002	7ffdbfcbe3c0	55f71b64b590	55b180	3d1de	7c296c0fb010	5f	7ffdbfcb94e0	4	0	9ba8f2f6fb30e416	10a11db3133445dc	8000000000000001	7ffdbfcc2670	156c6	62
8.194913	9ab44	0	55f719f63e00	55f24687a193	55f719f63ef0	55f719b63010	7	32669	7ffdbfcbe220	55f719f63e30	55f71cdd6fd8	a4ec5e18ce09c943	19ec46639276e4a3	7c296d9759e8	55f719bd0c90	701	1
8.209028	96e84	55f71d537e30	f1af	19	7ff	33393f5f3e556171	1000000000000000	55f71ab4d0c0	7ffdbfcbb110	0	0	a3c455c9d1917632	d738c14fbc203e8f	55f719be9040	3240685f23d7ec95	11ba3	0
8.224089	9b041	586	55f719be8500	55f71bb3e760	7ff	0	1	28e37	7ffdbfcbe240	586	ffffffffffffef6e	a403d71e2a199a63	fd7ad74c808c74c4	0	9753	2a0	3
8.230086	26325b07c3c2	31	ffffffffffffff50	55f2450e47ed	55f71a7fe010	55f71a7fdf70	55f71a7fdf80	2799f	7ffdbfcbe200	55f71a7fdfb0	55f71bf4dc30	a32004bd0f2b17eb	19ec46639276e4a3	7c296d8726f8	55f719bd0c90	c01	3
8.242372	9389e	8000000000000002	7ffdbfcbe3c0	55f71deec5b0	e53a80	3d1de	7c296c0fb010	5c	7ffdbfcb9750	ab80	0	9ba8f2f6fcf1a7aa	10f957782fe68348	8000000000000001	7ffdbfcc2670	394ea	6d
8.257260	9af63	7c296c2bcb50	55f71b2ce880	10c48624bf7ca9d8	8000000000000002	8000000000000001	8000000000000001	706d	7ffdbfcbe240	55f719f63d30	55f71a4d5ce8	a428505be2f5e20c	19ec46639276e4a3	3d1de	706d	7ffdbfcc2670	0
8.269347	9a4f0	55f719bcfad0	7c296d8f47d8	870f9	fbff	3d1de	7c296d8f47d8	2d053	7ffdbfcbe230	0	55f71bf9e090	a335405990391953	1e32147f313155eb	7c296d8f47d8	55f719bd0c90	d01	0
8.279764	26325b078806	55f71a7fdd00	55f71a7fde40	31	1	55f71a7fdd00	55f71a7fdd70	30	7ffdbfcbe300	55f2450e798d	55f71a7fde70	30	19ec46639276e4a3	7c296e21ac98	7c296e21ac80	55f71a7fde70	55f71a7fd
8.292074	9af40	7c296c0fb010	55f71a02a2c0	be2fc0	7c296e21ac80	8000000000000001	8000000000000001	2f8bf	7ffdbfcbe240	55f71a02a2c0	55f71a02a2c0	a4bd7f1b49b38f2c	19ec46639276e4a3	3d1de	2f8bf	7ffdbfcc2670	1
8.304735	26325b07c41b	0	55f719bd2a30	55f245188a62	55f71a692cf0	55f719b63010	7	0	7ffdbfcbe230	55f71a692cd0	55f71ce1a590	a58f56e74b7b3082	19ec46639276e4a3	7c296d997ea0	55f719bd0c90	1401	4
8.310113	9b041	17c	55f719be8500	55f71a4dae60	7ff	0	1	2759d	7ffdbfcbe240	17c	fffffffffffffb8c	a42003588281ca63	3c2cb1cc0ec02483	0	fedf	3c0	1
8.324443	9b391	1	55f719d804a0	55f71d249500	55f719fc4fe0	55f719b63010	7	7c296dcfe010	7ffdbfcbe240	55f719fc4fc0	55f71d82a5f0	a3dad4b8e4fb4f46	19ec46639276e4a3	3d1de	5617	1	2
8.338572	95cfd	16ca0b031c37deda	7ffdbfcbbc38	99c7d5928cdd51d9	81dc6bfa753e1845	1c37deda16ca0b03	1000000000000000	2e	7ffdbfcbbc30	8	0	a3ef55d7584d64bc	67f3992cb3c4af1a	27571	0	27571	7ffdbfcbbc30
8.349822	9a4ee	55f719bd0c90	7c296d9324b8	8ec95	8000000000000002	3d1de	7c296d9324b8	55f71a9abfa0	7ffdbfcb9ce0	0	55f71a9ac040	55f71a9ac1f0	7c296e21ace0	7c296d9324b8	2f987	7ffdbfcb9e38	8000000000000001
8.364766	9b391	1	55f719e1ffd0	55f71d249500	55f719d7eff0	55f719b63010	7	7c296dcfe010	7ffdbfcbe240	55f719d7efd0	55f71c32def0	a46e5652e351cd7f	19ec46639276e4a3	3d1de	5c00	1	2
8.372087	26325b07aea3	12	7c296e21ac80	20	55f719cb4dd0	7c296e21ad10	0	38	7ffdbfcbc930	0	0	55f719cb51c0	7c296e21ace0	ffffffffffffff88	40	55f719b63010	2
8.386247	95c1f	0	7ffdbfcbe1d8	1	0	7ffdbfcbe1d0	7ffdbfcbe1d8	6772	7ffdbfcbe1d0	8	0	a40b501964845e2f	498d52db4170983f	34c0c	0	34c0c	7ffdbfcbe1d0
8.395267	92c1c	7c296dcfe010	7ffdbfcc2670	0	8000000000000002	3d1de	7c296d6986e0	55f71a964810	7ffdbfcbdb80	0	55f71a964840	55f71a964c50	7c296e21ace0	13d9e	13d9e	7ffdbfcbdcc8	8000000000000001
8.403704	943b9	1c4f8c6af3446839	0	359866aed527f2d	8	7ffdbfcbe1d0	7ffdbfcbe1d8	d86b	7ffdbfcbe1c0	0	0	f184571cc2ff7475	e18e411fd5ef7e6b	c890	0	c890	7ffdbfcbe1d0
8.409813	26325b07b340	450	7c296e21ac80	30	55f71a1a8f40	7c296e21ace0	0	28	7ffdbfcbd210	0	0	55f71a1a9390	7c296e21ace0	ffffffffffffff88	30	55f719b63010	1
8.424643	9b041	2d0	55f719be8500	55f71c2ee5c0	7ff	0	1	61e0	7ffdbfcbe240	2d0	fffffffffffff790	a4db3482acb4f30d	ac9beb702cf0df70	0	2c48e	570	4
8.432652	26325b07ae12	1	7c296e21ac80	18	7c296e21ad10	7c296e21ad00	5b	20	7ffdbfcbacc0	0	55f71a1229e0	55f71a123010	7c296e21ace0	ffffffffffffff88	30	3	55f71a1229e0
8.445362	26325b07970b	7	40	2	7	55f719b63010	7	55f71a955f90	7ffdbfcbe180	55f71a955fa0	55f71a0a6388	a469d1be2aacd6b1	19ec46639276e4a3	7c296e21ac80	0	1	2
8.459515	9389e	8000000000000002	7ffdbfcbe3c0	55f71deec5b0	a82940	3d1de	7c296c0fb010	3d	7ffdbfcbb080	8464	0	9ba8f2f6faecac7b	10dfee63cfb68daf	8000000000000001	7ffdbfcc2670	2a0a5	8b
8.467249	26325b07972f	30	30	1	7	55f719b63010	7	55f719fa7fe0	7ffdbfcbe190	55f719fa7ff0	55f71bffb3d8	a3ec55d5d99aef9b	19ec46639276e4a3	7c296e21ac80	0	55f719fa8010	3
8.475210	96f49	55f71d83c4b0	e27b	ffffffffffffec1a	7ff	fffffffffffff95e	692	55f719ce79e0	7ffdbfcba000	fbff	0	a3cdd5e71c39300c	19ab8d2787b331ee	55f719be9430	6a2	e1ed	0
8.489333	9af40	7c296c0fb010	55f71ce98d80	2f0340	55f71a246a30	8000000000000001	8000000000000001	bc0d	7ffdbfcbe240	55f71a246a10	55f71a20adf8	a470566fdaa12e8c	19ec46639276e4a3	3d1de	bc0d	7ffdbfcc2670	2
8.501050	95c2f	0	7ffdbfcbe1d8	1	a546a988fb5293d3	7ffdbfcbe1d0	1000000000000000	2bf0f	7ffdbfcbe1d0	8	0	a546a988fb5293d3	4d0431f03fb45587	0	265df	0	7ffdbfcbe1d0
8.510821	92bfb	0	7ffdbfcc2670	0	8000000000000002	3d1de	7c296d6069d0	55f719d2eee0	7ffdbfcb8b10	0	55f719d2ef80	55f719d2f1d0	7c296e21ace0	7c296d6069d0	dc68	7ffdbfcb8c58	8000000000000001
8.516602	92711	665	7ffdbfcc2670	55f71acb6d60	7ff	0	1000000000000000	37	7ffdbfcbb550	8	0	a3db796d627aa3c5	68dab7d7710e3586	0	13d88	55f719be8f50	13d88
8.523674	9389e	8000000000000002	7ffdbfcbe3c0	55f71deec5b0	1d1b00	3d1de	7c296c0fb010	33	7ffdbfcbb8a0	3fe0	0	9ba8f2f6f997c210	108577a5d2aea4b6	8000000000000001	7ffdbfcc2670	746c	92
8.534822	9b016	752	55f719be8500	55f71d7b65b0	7ff	0	1000000000000000	ae6a	7ffdbfcbe240	8	0	a5913fbde31bf693	70047c036794efd2	0	13b7b	18c0	1
8.541689	9b041	10c	55f719be8500	55f71ce76730	7ff	0	2	7e5d	7ffdbfcbe240	10d	fffffffffffffcd9	a5ebd7fa0b3456cf	f472e2529e075ab4	dc36	0	1bf0	5
8.553428	92bc3	7c296c0fb010	7ffdbfcc2670	b1aec0	8000000000000002	3d1de	2c6bb	55f71a7dd0e0	7ffdbfcb6f70	0	55f71a7dd110	55f71a7ddb40	7c296e21ace0	7c296cc15ed0	2c6bb	7ffdbfcb70b8	8000000000000001
8.558893	9a4ea	55f719f4daa0	7c296d50d8e0	a31a	f4ff	3d1de	7c296d50d8e0	365e	7ffdbfcbe230	0	55f71c273420	a3c7d5c0173875b6	ab21870593c67c17	7c296d50d8e0	55f719bd0c90	b01	1
8.567249	26325b078878	55f71a0eaf20	55f71a0eb1a0	7c296e21ac98	30	55f71a0eaf20	55f71a0eaf90	210	7ffdbfcbe300	55f2457f114b	55f71a0eb1a0	30	19ec46639276e4a3	7c296e21ac98	7c296e21ac80	55f71a0eb1a0	55f71a0eb
8.580905	9a48a	55f719f03420	7ffdbfcbc028	4a1	0	55f719f03440	8	4	7ffdbfcbbfa0	0	55f719f03420	55f719f038e0	7c296e21ace0	20	7c296d565b88	55f719f03390	55f719f033f0
8.586170	26325b07af5b	7c296e21ad40	7c296e21ac80	6	55f71aa06080	7c296e21ace0	0	38	7ffdbfcb7170	0	0	7c296e21ad30	7c296e21ace0	ffffffffffffff88	40	55f719b63010	2
8.591681	95d03	25aaea137e83cb67	7ffdbfcbe1d8	41612e30a8859d2b	c966dcf03ceea9c6	eae8ff8aadad18d3	1000000000000000	29b20	7ffdbfcbe1d0	8	0	a41e505adf412a86	b160081ea4afd508	b9af	0	b9af	7ffdbfcbe1d0
8.596911	9a4ee	55f71c0f3980	7c296d4f7098	7611	fff	3d1de	7c296d4f7098	275b	7ffdbfcbe230	4	55f71cdce3b0	a42b80ee29ce116b	5945f8f3009aa635	7c296d4f7098	55f719bd0c90	701	2
8.610034	26325b07c09d	30	ffffffffffffff88	55f71b32aaa0	0	3d1de	28	28	7ffdbfcb8dd0	8	0	a566d54284f1ae50	8353bb7fb0882ea5	1	7c296d854cc8	55f71b32aaa0	8000000000000001
8.617246	95c58	f0e1a711af24a8e4	7ffdbfcbb758	22b6c11c840b1f31	a5ecd33a1ec8736e	d6568852a924072c	1000000000000000	34	7ffdbfcbb750	8	0	a3f85643def7714e	9c8f12df74040e50	2e0ef	0	2e0ef	7ffdbfcbb750
8.624733	9a4ea	55f719bd0c90	7c296d5634d0	14e98	8000000000000002	3d1de	7c296d5634d0	55f71ccf9c20	7ffdbfcb7850	0	55f71ccf9c50	55f71ccfa300	7c296e21ace0	7c296d5634d0	6f88	7ffdbfcb79a8	8000000000000001
8.637911	96f49	55f71c3364a0	b4f7	fffffffffffffc52	7ff	fffffffffffffec6	12a	55f71ccf92a0	7ffdbfcbd4d0	bfff	0	a4556c9752c15063	6f2b10b39ae1c7d5	55f719be8800	13a	0	141cb
8.644276	9b041	4ca	55f719be8500	55f71a4b5600	7ff	0	1	2108	7ffdbfcbe240	4ca	fffffffffffff1a2	a413562d6c1ad6f8	228f0c0bc4a866ef	2c495	0	420	2
8.657805	9a4ea	55f719d77930	7c296d5001a0	8832	80	3d1de	7c296d5001a0	2d66	7ffdbfcbe230	10	55f71c2ff930	a4eb8d12788299d3	ccdb307b74069a31	7c296d5001a0	55f719bd0c90	501	3
8.665403	9af40	7c296c0fb010	55f71a05c9a0	d68d00	55f719c8a130	8000000000000001	8000000000000001	35a34	7ffdbfcbe240	55f719c8a0d0	55f71dd96df0	a3383ad0345beb4b	19ec46639276e4a3	3d1de	0	7ffdbfcc2670	3
8.676405	92711	a4	7ffdbfcc2670	55f71c2e1da0	7ff	0	1000000000000000	1f	7ffdbfcbc8d0	8	0	a412d034a3cc96af	65758e51d8f2632b	2c37e	0	55f719be8ad0	0
8.687216	9a4ea	55f71a0ee4b0	7c296d6188c8	2b917	80	3d1de	7c296d6188c8	e85d	7ffdbfcbe230	10	55f71c2ccd48	a4ccec438e1ef13b	1aba0ce332a14171	7c296d6188c8	55f719bd0c90	701	2
8.692699	9389e	8000000000000002	7ffdbfcbe3c0	55f71bed8510	c86340	3d1de	7c296c0fb010	10	7ffdbfcbd510	280	0	cd30	55f71becb7d0	8000000000000001	7ffdbfcc2670	3218d	a3
8.699213	98660	8000000000000001	7ffdbfcbc358	8000000000000001	bae200	7c296cca9210	7ffdbfcbc358	8000000000000000	7ffdbfcbc2e0	e	0	4ec0	55f71dee76e0	8000000000000001	7ffdbfcc2670	2eb88	7c296cca9210
8.712718	9443d	0	0	1	0	7ffdbfcbe1d0	7ffdbfcbe1d8	62b2	7ffdbfcbe1c0	8	0	9ba8f2f9d9726e56	108c4bb0542abf7f	20a5	0	20a5	7ffdbfcbe1d0
8.725439	9af63	7c296ced7610	55f719cae0c0	108e91e9a7da1c9e	8000000000000002	8000000000000001	8000000000000001	37718	7ffdbfcbe240	55f719f6e7d0	55f71bf5d7c0	a3d6d5fa92805a1d	19ec46639276e4a3	3d1de	37718	7ffdbfcc2670	1
8.731189	9b391	1	55f71a7f8ba0	55f71d249500	55f719f599f0	55f719b63010	7	7c296dcfe010	7ffdbfcbe240	55f719f599d0	55f71d780590	a5b9d68d1168e820	19ec46639276e4a3	3d1de	2aa41	1	3
8.742888	9a4fc	55f71a64c250	7c296d897d78	55f2451565cc	55f71a64c380	55f719b63010	7	2928f	7ffdbfcbe230	55f71a64c320	55f71c2e5188	a4f27ca5b796192b	19ec46639276e4a3	7c296d897d78	55f719bd0c90	501	1
8.749195	96f49	55f71ad3a190	26700	fffffffffffff268	7ff	fffffffffffffb78	478	55f71a4424d0	7ffdbfcbba00	efbf	0	a4de64848a9bea05	27ebe0f10998fdc5	55f719be8e30	4b8	0	25e9e
8.756368	9b041	7b5	55f719be8500	55f71c29fd80	7ff	0	2	2ac95	7ffdbfcbe240	7b6	ffffffffffffe8de	a555d543058ca910	a7e0660d9556ac55	eab1	0	1230	2
8.763196	9af40	7c296c0fb010	55f71a94a720	b6bd80	55f71a288710	8000000000000001	8000000000000001	2daf6	7ffdbfcbe240	55f71a2886b0	55f71d57fe00	a559f55425761b3b	19ec46639276e4a3	3d1de	0	7ffdbfcc2670	3
8.775526	9a500	55f71afaa4a0	7c296d9089f8	55f2458b09ea	55f71afaa640	55f719b63010	7	2ddbf	7ffdbfcbe230	55f71afaa5e0	55f71bf312e0	a4f69b4462b92001	19ec46639276e4a3	7c296d9089f8	55f719bd0c90	601	1
8.781143	9b391	1	55f71a52c6f0	55f71d249500	55f71abaf790	55f719b63010	7	7c296dcfe010	7ffdbfcbe240	55f71abaf770	55f71bb28f88	a43adfa8a04873cd	19ec46639276e4a3	3d1de	29e18	1	4
8.787862	988e2	55f71bed8320	29b4c	c	1fff	846d88b3125bd06d	55f71bed8310	58	7ffdbfcb9b30	0	0	9ba8f2f6c05329b3	10e99bf9b8ab04b2	1cfd	29b4c	3129f	7ffdbfcbe3c0
8.794751	26325b07ae71	7	7c296e21ac80	18	55f719cacf50	7c296e21ad00	5b	20	7ffdbfcb6af0	0	55f719cacf30	55f719cae100	7c296e21ace0	ffffffffffffff88	30	3	1
8.800325	26325b078862	55f719f21320	55f71b2f9760	40	31	55f719f21320	55f719c3ca20	90	7ffdbfcbe300	55f2445e0b5c	55f71b2f9760	40	19ec46639276e4a3	7c296e21ac98	7c296e21ac80	55f719c3cab0	55f719c3c
8.815300	9b041	69a	55f719be8500	55f71d4fb3c0	7ff	0	1	33a9e	7ffdbfcbe240	69a	ffffffffffffec32	a3160e4a46a57bd3	624d2b191d15aaf7	0	33a9d	7b0	1
8.824584	98631	7c296cd81a90	7ffdbfcbe3c0	409	c86a80	7c296cd81a90	7ffdbfcbdc88	7ffdbfcbdc88	7ffdbfcbdc10	74	0	9ba8f2f6c07114ea	10effdaa12a60e48	8000000000000001	7ffdbfcc2670	321aa	ad
8.836418	9b016	45a	55f719be8500	55f71c0f1d10	7ff	0	1000000000000000	b2af	7ffdbfcbe240	8	0	a40cd8e88ec9d3cd	590d8915b8ae75b1	0	1381a	1fb0	4
8.846356	26325b07a970	0	7c296e21ac80	0	55f719b63010	38	7c296e21ac80	38	7ffdbfcbab18	0	55f71a818310	55f71a8184b0	7c296e21ace0	2	7c296d4bc010	55f71a818240	55f71a818310
8.853994	9389e	8000000000000002	7ffdbfcbe3c0	55f71deec5b0	5b40	3d1de	7c296c0fb010	91	7ffdbfcb6c40	6	0	9ba8f2f6fda6335f	108be9df768c2e69	8000000000000001	7ffdbfcc2670	16d	b1
8.859708	9af40	7c296c0fb010	55f719efd2d0	e4a040	55f71a845af0	8000000000000001	8000000000000001	39281	7ffdbfcbe240	55f71a845ad0	55f71c0a7c58	a5ddd43f17da8330	19ec46639276e4a3	3d1de	296d1	7ffdbfcc2670	5
8.871437	9b016	5ce	55f719be8500	55f71d7fa4b0	7ff	0	1000000000000000	168f	7ffdbfcbe240	8	0	a584493074c3575f	e3256e3dbfc963ed	0	29790	1500	1
8.882000	92c1c	7c296dcfe010	7ffdbfcc2670	0	8000000000000002	3d1de	7c296d60b368	55f71bb4b870	7ffdbfcbbb00	0	55f71bb4b970	55f71bb4bc40	7c296e21ace0	df79	df79	7ffdbfcbbc48	8000000000000001
8.892728	92b80	7c296c0fb010	7ffdbfcc2670	c6c3c0	8000000000000002	3d1de	7ffdbfcbba70	55f719ff6ac0	7ffdbfcbba30	0	55f719ff6af0	55f719ff6ce0	7c296e21ace0	7c296cd673d0	31b0f	7ffdbfcbbb78	8000000000000001
8.902701	9b041	43c	55f719be8500	55f71c01cd10	7ff	0	1	2d2e0	7ffdbfcbe240	43c	fffffffffffff34c	a3c2d58c91ce80b8	d0591fb598794ee1	32d35	0	bd0	2
8.916640	9a4ee	55f719bd0c90	7c296d680038	38805	8000000000000002	3d1de	7c296d680038	55f719f5f100	7ffdbfcbcb30	0	55f719f5f1a0	55f719f5f5d0	7c296e21ace0	7c296d680038	12d57	7ffdbfcbcc88	8000000000000001
8.927910	9b041	39f	55f719be8500	55f71bf756b0	7ff	0	1	352d6	7ffdbfcbe240	39f	fffffffffffff523	a3397174ea46192b	8976151d34e6b7da	0	267ae	d20	5
8.938763	9a500	55f71b2d31c0	7c296d572728	55f245bfeeb3	55f71ace5c60	55f719b63010	7	79a1	7ffdbfcbe230	55f71b2d3220	55f71cee2160	a579039611d23b2b	19ec46639276e4a3	7c296d572728	55f719bd0c90	1801	2
8.949955	92711	11d	7ffdbfcc2670	55f71bf0a130	7ff	0	1000000000000000	3b	7ffdbfcbb210	8	0	a3dcd5df97edf91c	a1aa107326c47b0d	d629	0	55f719be9010	0
8.956919	92be5	55f719c617d0	7ffdbfcc2670	86e20	8000000000000002	3d1de	7c296d8f3110	55f719c615e0	7ffdbfcb94d0	0	55f719c61800	55f719c61d30	7c296e21ace0	7c296d8f3110	2cf60	7ffdbfcb9618	8000000000000001
8.970363	9389e	8000000000000002	7ffdbfcbe3c0	55f719d4ce60	4c2ec0	3d1de	7c296c0fb010	18	7ffdbfcbce90	1816	0	9ba8f2f6fd2f02f9	10add33a2bb15e0f	8000000000000001	7ffdbfcc2670	130bb	b9
8.982159	9a4c0	55f719c6bf00	7ffdbfcbcb88	2a1	20	55f719c6bea0	55f719c6bf00	4	7ffdbfcbcb00	0	55f719c6bf00	55f719c6c1c0	7c296e21ace0	4	55f719c6bf00	55f719c6be70	55f719c6bed0
8.991661	98648	8000000000000001	7ffdbfcbc430	8000000000000001	1	7ffdbfcbc538	7ffdbfcbc430	8000000000000000	7ffdbfcbc390	0	55f71a462ca0	55f71a462f30	7c296e21ace0	a493	55f71a462a80	7ffdbfcbc538	7ffdbfcbc538
9.005549	92711	5d3	7ffdbfcc2670	55f71ce2d5f0	7ff	0	1000000000000000	93	7ffdbfcb6a90	8	0	a55573fd660acfa5	e3c5c57069aa8976	0	293aa	55f719bea090	293aa
9.020501	9b041	1d2	55f719be8500	55f71bf33110	7ff	0	1	c3bd	7ffdbfcbe240	1d2	fffffffffffffa8a	a43c0db227f2705d	f367e31e6845c86c	0	c162	630	4
9.034127	9a4ee	55f719c66020	7c296d992020	9ac02	fbff	3d1de	7c296d992020	33956	7ffdbfcbe230	0	55f71ddd9d90	a3e356955e88f4ef	9629da7040a5071f	7c296d992020	55f719bd0c90	a01	2
9.043836	9af63	7c296c212010	55f71c1dcc00	10d1fea2f89bc09b	8000000000000002	8000000000000001	8000000000000001	45c0	7ffdbfcbe240	55f71a938320	55f71c2d66e8	a412d034a3cf1415	19ec46639276e4a3	3d1de	45c0	7ffdbfcc2670	1
9.050488	9b391	0	55f71a566cf0	55f71d249500	55f71aac6ec0	55f719b63010	7	7c296dcfe010	7ffdbfcbe240	55f71aac6e60	55f71bf17e78	a31b6df1eaf333d1	19ec46639276e4a3	3d1de	30844	0	2
9.061309	9b016	7f4	55f719be8500	55f71bbdd080	7ff	0	1000000000000000	35564	7ffdbfcbe240	8	0	a5648857de01d323	8c8074c34244e7e6	0	369f3	13e0	2
9.071742	943ae	5c3bef6ccafe0006	7ffdbfcb4668	1c0f61286c184363	8	7ffdbfcb4660	7ffdbfcb4668	bf	7ffdbfcb4650	0	0	9ba8f2f9da606f48	108c4a2f450abf04	260c1	0	260c1	7ffdbfcb4660
9.084470	9389e	8000000000000002	7ffdbfcbe3c0	55f71a2a2a70	ef37c0	3d1de	7c296c0fb010	1c	7ffdbfcbcb50	1ebe	0	9ba8f2f6fef18f9d	10fc50dd2e8beb97	8000000000000001	7ffdbfcc2670	3bcdf	c2
9.094425	26325b07c1ec	55f71a987560	ffffffffffffff88	6	55f719b63010	55f719c8af50	31	220	7ffdbfcbdce0	8	0	86e932b5a2143bae	360a63cb87fbe5c1	21	7	10	200
9.101433	943f5	5c3c61a6cafd9154	0	1c0d3db46c184363	8	7ffdbfcb6d90	7ffdbfcb6d98	8f	7ffdbfcb6d80	8	0	9ba8f2f6feee33d4	108bc49373492e56	c5	7ffdbfcc2670	0	c5
9.116147	26325b07966b	31	ffffffffffffff50	55f246bced37	0	55f719cd7140	7c296e21ac80	0	7ffdbfcbe1d8	55f719cd7180	55f71cdff058	a420af99f2013bd3	19ec46639276e4a3	7c296d99a558	0	501	2
9.123459	9b041	4ca	55f719be8500	55f71d54d1d0	7ff	0	1	393cc	7ffdbfcbe240	4ca	fffffffffffff1a2	a3ead510984946fb	6ace5b4caded0cff	393ca	0	8d0	3
9.131905	9a475	0	7ffdbfcbabd0	0	38	55f71af243c0	0	7	7ffdbfcbab50	0	55f71af24400	55f71af24c80	7c296e21ace0	7ffffffffffffff8	7c296d4bc010	55f71af24390	55f71af24400
9.139124	92988	84a00	7ffdbfcc2670	7c296d4bc010	0	3d1de	0	a4	7ffdbfcb5cc0	8	0	a5c05467cf16b77f	8ea77d58a2087f69	7c296d4bc010	7c296d8e1410	7ffdbfcb5e08	55f71a19dca0
9.146519	26325b07a994	4f	7c296e21ac80	0	55f719b63010	38	7c296e21ac80	38	7ffdbfcb9460	0	55f719d10250	55f719d10c80	7c296e21ace0	2	7c296d4bc010	55f719d100c0	55f719d10250
9.155592	92b80	7c296c0fb010	7ffdbfcc2670	b74d80	8000000000000002	3d1de	7ffdbfcb96b0	55f71aa67720	7ffdbfcb9670	0	55f71aa677c0	55f71aa68600	7c296e21ace0	7c296cc6fd90	2dd36	7ffdbfcb97b8	8000000000000001
9.168808	9a4ee	55f71b148550	7c296d5b9cc0	1fb96	78ff	3d1de	7c296d5b9cc0	a932	7ffdbfcbe230	1	55f71a6b9f08	a5f1541e4d34b70d	48ed219d1142fca7	7c296d5b9cc0	55f719bd0c90	1e01	2
9.178269	943f0	5c3beeec11567f7a	2beab	1c0da2796c184363	8	7ffdbfcbe1d0	7ffdbfcbe1d8	2e6a	7ffdbfcbe1c0	8	0	9ba8f2f9d966ac19	10db9ef7d8007ed3	0	2beab	0	7ffdbfcbe1d0
9.189294	928ab	a7f00	7ffdbfcc2670	7c296d4bc010	0	3d1de	0	88	7ffdbfcb7380	8	0	a5e25404d3eb7b11	1a0d618994f332bb	7c296d4bc010	7c296d9fbd40	7ffdbfcb74c8	0
9.195238	9b360	8000000000000001	1ec52	55f71d249500	55f719bd3da0	55f719b63010	7	2cc2a	7ffdbfcbe240	55f719bd3d80	55f71c08eec8	a41055bfe091aa47	19ec46639276e4a3	7c296d8ee400	55f719bd0c90	7ffdbfcc2670	2
9.204622	9af40	7c296c0fb010	55f71a842670	25ec0	55f71a9028b0	8000000000000001	8000000000000001	97b	7ffdbfcbe240	55f71a902850	55f71c075908	a4293561121712c3	19ec46639276e4a3	3d1de	0	7ffdbfcc2670	4
9.212680	9b347	1fc35	1fc34	55f71d249500	55f71b1c6750	55f719b63010	7	a85e	7ffdbfcbe240	55f71b1c6730	55f71cdffbf8	a4175073624719f1	19ec46639276e4a3	7c296d5b88e0	55f719bd0c90	7ffdbfcc2670	1
9.226320	9389e	8000000000000002	7ffdbfcbe3c0	55f71deec5b0	2dbac0	3d1de	7c296c0fb010	41	7ffdbfcbad40	e239	0	9ba8f2f653d82cbb	109d546c7662c004	8000000000000001	7ffdbfcc2670	b6eb	cd
9.241116	92747	542	7ffdbfcc2670	55f71d52b430	7ff	0	80	a1	7ffdbfcb5f30	fffffffffffff025	0	a50e3c49cff59e13	6235e7fb7b2cba67	0	29da5	55f719bea330	29da5
9.254982	9a500	55f71a7dcca0	7c296d78b2f0	59e5c	fbff	3d1de	7c296d78b2f0	1df74	7ffdbfcbe230	0	55f71a631b08	a40a5040ddc75bee	1076591002ce61a0	7c296d78b2f0	55f719bd0c90	401	2
9.268136	26325b0788a8	55f71a942c40	55f71a942e70	31	30	55f71a942c40	55f71a942d10	30	7ffdbfcbe300	55f245e587e2	55f71a942ea0	30	19ec46639276e4a3	7c296e21ac98	7c296e21ac80	55f71a942ea0	55f71a942
9.278863	92b80	7c296c0fb010	7ffdbfcc2670	34e580	8000000000000002	3d1de	7ffdbfcb8400	55f719c199d0	7ffdbfcb83c0	0	55f71a475c40	55f71a4763b0	7c296e21ace0	7c296c449590	d396	7ffdbfcb8508	8000000000000001
9.291270	9b016	53d	55f719be8500	55f71bb4af80	7ff	0	1000000000000000	2d248	7ffdbfcbe240	8	0	a55fb3737e652c53	435cb32b9fa93562	0	c092	1200	4
9.301437	9ab2a	fffffffffffffffc	55f71a70d660	939ff	9eff	55f71a70d690	4	31355	7ffdbfcbe230	0	55f71d566800	a5ca5460cde7c1a2	20e11c87a2328952	7c296d959008	55f719bd0c90	1c01	2
9.308826	92711	797	7ffdbfcc2670	55f71ddb2f70	7ff	0	1000000000000000	49	7ffdbfcba6b0	8	0	a3c1d57168bbe3fc	efbc270614db814d	394ad	0	55f719be92b0	0
9.320726	26325b07c089	37	7ffdbfcb4e68	0	20	8	20	20	7ffdbfcb4db0	0	55f71ab59490	55f71ab59890	7c296e21ace0	20	7c296d66bff8	55f71ab59430	55f71ab59490
9.334740	92b80	7c296c0fb010	7ffdbfcc2670	c506c0	8000000000000002	3d1de	7ffdbfcb8b50	55f71b2d53e0	7ffdbfcb8b10	0	55f71b2d5480	55f71b2d5f20	7c296e21ace0	7c296cd4b6d0	3141b	7ffdbfcb8c58	8000000000000001
9.342814	26325b0786e9	c20	7c296e21ac80	c21	7c296e21b2d0	7fffffff	55f71a9bb680	28	7ffdbfcb6860	0	0	55f719c651a0	7c296e21ace0	bf0	30	c20	1
9.348239	9af63	7c296c36eb90	55f71a349180	10838df734b64a7b	8000000000000002	8000000000000001	8000000000000001	9cee	7ffdbfcbe240	55f71af186e0	55f71a6dbad8	a569d555066e971f	19ec46639276e4a3	3d1de	9cee	7ffdbfcc2670	5
9.357237	9389e	8000000000000002	7ffdbfcbe3c0	55f71bed7180	29e740	3d1de	7c296c0fb010	cd	7ffdbfcb3b80	d	0	9ba8f2f653603dd1	109f7d66663cf2fe	8000000000000001	7ffdbfcc2670	a79d	d6
9.363433	9852e	1c4f8c6af344a512	7ffdbfcb7dd8	f184571cc2ff7475	8	7ffdbfcb7dd0	6f20e10f8337c067	7b	7ffdbfcb7dd0	359866aed52b206	e18e411fd5ef7e6b	530	55f71a9015d0	d7	7ffdbfcc2670	1e09	d7
9.370059	9b041	6af	55f719be8500	55f71d78bab0	7ff	0	1	2d06e	7ffdbfcbe240	6af	ffffffffffffebf3	a5b9d68d116e9afa	5700dd23962095fe	988b	0	16b0	3
9.381607	9b016	cd	55f719be8500	55f71bf5c670	7ff	0	1000000000000000	1276e	7ffdbfcbe240	8	0	a3d055dfd2b6188d	f25d38a1d999e5ba	2758e	0	cc0	4
9.390869	92b80	7c296c0fb010	7ffdbfcc2670	26b040	8000000000000002	3d1de	7ffdbfcb3a10	55f719f1b6c0	7ffdbfcb39d0	0	55f719f1b7c0	55f719f1bb60	7c296e21ace0	7c296c366050	9ac1	7ffdbfcb3b18	8000000000000001
9.402104	943c6	dd3e387b644197f	0	e4e7c78ac3423089	8	7ffdbfcb4f80	7ffdbfcb4f88	b4	7ffdbfcb4f70	0	0	87307bd858caa74f	e18e411fd5ef7e6b	db	7ffdbfcc2670	0	db
9.409610	9af40	7c296c0fb010	55f71b33f160	232ac0	55f719d2a170	8000000000000001	8000000000000001	8cab	7ffdbfcbe240	55f719d2a110	55f71c00a550	a3e68adcf3ee286b	19ec46639276e4a3	3d1de	0	7ffdbfcc2670	5
9.417333	92b80	7c296c0fb010	7ffdbfcc2670	262f40	8000000000000002	3d1de	7ffdbfcbb0b0	55f71aab5640	7ffdbfcbb070	0	55f71aab5670	55f71aab6380	7c296e21ace0	7c296c35df50	98bd	7ffdbfcbb1b8	8000000000000001
9.424948	985dd	5ec1ee5a4e508384	7ffdbfcbaa48	8c2e432dd028cd46	c5a7dd44ccec00c2	5ab6b504c32ba731	800000000000000	55f71deec9b0	7ffdbfcbaa40	8	0	9ba8f2f6548ccd07	10a9c3a8681b5d33	ffffff00	400	408	55f71bed6e40
9.430787	9b041	100	55f719be8500	55f71a62d940	7ff	0	1	36e4d	7ffdbfcbe240	100	fffffffffffffd00	a42bd05a2354bc05	24fd780828cd9bf4	36e4c	0	3f0	2
9.441780	9af63	7c296caf1d90	55f71af9d6e0	109367e63979ce13	8000000000000002	8000000000000001	8000000000000001	27db6	7ffdbfcbe240	55f71ccf9020	55f71acab1f8	a4d918c535db63d5	19ec46639276e4a3	3d1de	0	7ffdbfcc2670	2
9.456404	98e38	e42612b5e5c51e5c	14d	1e5c	1	3eba6adebe297013	3fff	55f71bed8bc0	7ffdbfcb34d0	8	0	9ba8f2f654fccb2a	10e98aa890d01be7	ffffc000	1e50	1e5e	55f71be5c420
9.470864	95bee	1c4f8c6af34468dd	7ffdbfcb7968	f184571cc2ff7475	1610c	95eb257dac9b1b18	6f20e10f83370da8	55f71abe6190	7ffdbfcb7960	359866aed527fc9	e18e411fd5ef7e6b	7c296e21ad00	7c296e21ace0	55f719be9d00	80	0	1610c
9.481460	92bdb	55f719bd2a30	7ffdbfcc2670	9759c	8000000000000002	3d1de	7c296d976cf0	55f719d15dd0	7ffdbfcbdc50	0	55f719d15ed0	55f719d16100	7c296e21ace0	7c296d976cf0	32734	7ffdbfcbdd98	8000000000000001
9.495367	9af7b	7c296cbd3590	55f719da9450	10f92184c0cadc3c	7ffdbfcbe2a8	8000000000000001	8000000000000001	2b616	7ffdbfcbe240	55f71a8a4430	55f71ddc5be0	a55c4cb5cbed7b45	19ec46639276e4a3	3d1de	0	7ffdbfcc2670	2
9.500607	92687	8000000000000001	7ffdbfcc2670	8000000000000001	fff	7ffdbfcb5108	7ffdbfcc2670	b4	7ffdbfcb4fc0	0	e574	0	ffffffffffffc190	e0	0	315db	7ffdbfcc2670
9.506132	926d4	7ffdbfcb7328	7ffdbfcc2670	8000000000000001	3fff	7ffdbfcb7328	6f20e10f83370db2	8a	7ffdbfcb71e0	0	fffa	0	ffffffffffffc2d0	55fa	0	55f719be9ee0	0
9.514533	26325b07b3a9	2c0	7c296e21ac80	31	55f719c8a5f0	55f719c8a620	0	20	7ffdbfcbbdd0	0	55f719c8a600	55f719c8a8e0	7c296e21ace0	ffffffffffffff88	30	55f719b63010	1
9.523194	9a4ea	55f719c1d1c0	7c296d9b4bb0	9f174	edff	3d1de	7c296d9b4bb0	3507c	7ffdbfcbe230	0	55f71c001e10	a3ec55d5d99a84da	91f98961e8af8e14	7c296d9b4bb0	55f719bd0c90	801	2
9.532159	9b041	79e	55f719be8500	55f71b42a120	7ff	0	1	6100	7ffdbfcbe240	79e	ffffffffffffe926	a5f0d4158d54e7ac	4402400d6e016ce0	333a9	0	1e90	2
9.541914	9a4ee	55f71ce97dc0	7c296d94fd20	927a2	ffff	3d1de	7c296d94fd20	30d36	7ffdbfcbe230	0	55f71cd2f1e0	a419d55d227d3129	af7346f5da160e20	7c296d94fd20	55f719bd0c90	2201	3
9.553352	9a4ee	55f71c2596f0	7c296d69b218	3be41	ffff	3d1de	7c296d69b218	13f6b	7ffdbfcbe230	0	55f71d5c99c8	a481d6d1220413bb	de18a3d088b5640e	7c296d69b218	55f719bd0c90	2501	1
9.564437	26325b0786e9	400	7c296e21ac80	401	7c296e21b0d0	ff7fffff	55f719e35dd0	20	7ffdbfcb80d0	0	55f71acf6aa0	7c296e21ad10	7c296e21ace0	3d0	30	400	1
9.570640	9b391	1	55f71ace4980	55f71d249500	55f719f4aa80	55f719b63010	7	7c296dcfe010	7ffdbfcbe240	55f719f4aa60	55f71acb6520	a3fed6669e8cbbbe	19ec46639276e4a3	3d1de	e67f	1	3
9.584086	9a4ea	55f719f9f390	7c296d525370	d26c	ffff	3d1de	7c296d525370	4624	7ffdbfcbe230	0	55f71dd85138	a41a5558e3e74cac	b35206d56b68038b	7c296d525370	55f719bd0c90	2201	5
9.593295	26325b07adb3	30	7c296e21ac80	18	7c296e21ad10	7c296e21ad00	30	28	7ffdbfcb3540	8	0	a408d58992111891	11471bfa31c68abf	1	30	3	8000000000000001
9.603334	9a4ea	55f719bd0c90	7c296d570688	168cf	8000000000000002	3d1de	7c296d570688	55f71a15fe10	7ffdbfcb5d80	0	55f71a15feb0	55f71a160820	7c296e21ace0	7c296d570688	7845	7ffdbfcb5ed8	8000000000000001
9.617489	9ab44	0	55f71b1c2a80	55f2446d9b12	55f71b1c2ad0	55f719b63010	7	1f01f	7ffdbfcbe230	55f71b1c2ab0	55f71b367140	a41b5531612547fb	19ec46639276e4a3	7c296d7a42f8	55f719bd0c90	2501	3
9.629211	26325b0788db	55f71a1cf080	55f71a1cf0f0	61	7c296e21ace0	55f71a1cf080	55f71a1cf0f0	90	7ffdbfcbe300	55f2456d500f	55f71a1cf1c0	40	19ec46639276e4a3	7c296e21ac98	7c296e21ac80	55f71a1cf180	55f71a1cf
9.635881	9a4ea	55f719fcca90	7c296d853cf0	72f9c	6dff	3d1de	7c296d853cf0	26534	7ffdbfcbe230	1	55f71cd998f8	a44c1cda1382d05f	31c1eaea49fb1329	7c296d853cf0	55f719bd0c90	2501	2
9.646461	9a4f8	55f71a8408d0	7c296d4ce880	250e	80	3d1de	7c296d4ce880	c5a	7ffdbfcbe230	10	55f71bb86830	a58356854ab6acea	4edddc274a43f113	7c296d4ce880	55f719bd0c90	1601	4
9.655618	9b23f	4be	55f719be8500	55f71a4c1e20	7ff	0	1	2b0c0	7ffdbfcbe240	4be	55f71a4bac50	a43c505de415212e	3c6fb2353ffddd21	2b0bf	0	240	2
9.670421	9b041	bf	55f719be8500	55f71ac64540	7ff	0	1	2ce00	7ffdbfcbe240	bf	fffffffffffffdc3	a3e155a65097a893	cca173fdea57f4f8	4588	0	c60	0
9.685285	9389e	8000000000000002	7ffdbfcbe3c0	55f71deec5b0	9969c0	3d1de	7c296c0fb010	18	7ffdbfcbce90	e0f8	0	9ba8f2f651e77867	10c735483533ad24	8000000000000001	7ffdbfcc2670	265a7	ed
9.696388	98561	f7e51e301cc38ab9	7ffdbfcb3b38	188b8e03cde90cbd	e9bbd408a61cd9cc	3498669e3a015020	800000000000000	cd	7ffdbfcb3b30	8	0	9ba8f2f651c5d6fa	108b8e03cde90cbd	ec	7ffdbfcc2670	0	ec
9.702690	26325b0788b6	55f71a225d80	55f71a0ff8c0	31	30	55f71a225d80	30	60	7ffdbfcbe300	55f2457e59df	55f71a0ff920	30	19ec46639276e4a3	7c296e21ac98	7c296e21ac80	55f71a0ff920	55f71a0ff
9.711134	9a500	55f71a0ec8d0	7c296d4c6c48	1587	f7ff	3d1de	7c296d4c6c48	72d	7ffdbfcbe230	0	55f71d79c330	a57dd56f0bc89534	65b93692a8ea9a99	7c296d4c6c48	55f719bd0c90	1501	2
9.717878	92b80	7c296c0fb010	7ffdbfcc2670	c4d3c0	8000000000000002	3d1de	7ffdbfcb25c0	55f719f81560	7ffdbfcb2580	0	55f719f81600	11	7c296e21ace0	7c296cd483d0	3134f	7ffdbfcb26c8	8000000000000001
9.727427	9a4ea	55f719bd0c90	7c296da149b8	ab135	8000000000000002	3d1de	7c296da149b8	55f719ee3bc0	7ffdbfcb9c10	0	55f719ee3bf0	55f719ee4590	7c296e21ace0	7c296da149b8	39067	7ffdbfcb9d68	8000000000000001
9.737663	93884	e7f	7ffdbfcbe3c0	55f71bed65f0	2b1d1	3d1de	7c296c0fb010	9b	7ffdbfcb6428	befe	0	9ba8f2f651322719	10ddb45f70baf9d8	8000000000000001	7ffdbfcc2670	2b1d1	ef
9.748799	9389e	8000000000000002	7ffdbfcbe3c0	55f71be5c420	58b580	3d1de	7c296c0fb010	c7	7ffdbfcb4060	7870	0	9ba8f2f651207816	10a7d4ac2025aef4	8000000000000001	7ffdbfcc2670	162d6	f1
9.753966	9a4ee	55f719d9e860	7c296d6c0640	408c6	80	3d1de	7c296d6c0640	15842	7ffdbfcbe230	10	55f71af44e88	a4365016e542b1a3	7282a82c707841f3	7c296d6c0640	55f719bd0c90	601	3
9.763572	26325b07b03d	0	7c296e21ac80	5f1	55f71bb66c00	55f71bb66c30	0	20	7ffdbfcbd848	0	55f71bb66c10	55f71bb67220	7c296e21ace0	ffffffffffffff88	30	55f719b63010	1
9.768770	26325b07c3c2	31	ffffffffffffff50	55f2457b3619	55f71a0a96b0	55f71a0a94f0	55f71a0a9500	1e5a6	7ffdbfcbe200	55f71a0a9530	55f71b411d78	a4d9b5d87b5733d5	19ec46639276e4a3	7c296d7947a0	55f719bd0c90	2301	3
9.781874	9af40	7c296c0fb010	55f71a56a2b0	e05fc0	55f719bdbd20	8000000000000001	8000000000000001	3817f	7ffdbfcbe240	55f719bdbcc0	55f71a609c10	a49899a58e8c1033	19ec46639276e4a3	3d1de	0	7ffdbfcc2670	2
9.796303	9b041	24d	55f719be8500	55f71c003cd0	7ff	0	1	10487	7ffdbfcbe240	24d	fffffffffffff919	a3189b2d97e242f3	2e850cf85d871f62	0	2bdaf	840	3
9.805530	9a500	55f71a3c2b60	7c296d698908	55f245246f9c	55f71a55cac0	55f719b63010	7	13db5	7ffdbfcbe230	55f71a55ca60	55f71b2e11a0	a4f333779cb8ec3b	19ec46639276e4a3	7c296d698908	55f719bd0c90	2101	1
9.811823	26325b07ae22	0	7c296e21ac80	18	7c296e21ad10	7c296e21ad00	5b	28	7ffdbfcbcb90	8	0	a4e45c6d826931d3	5e428df2dd4e8db	ffffffffffffff88	30	3	1
9.817992	988fb	55f71afaaae0	117cb	30	ff	fe997f38f33b65e	55f71afaaad0	2e	7ffdbfcbbd50	0	0	800	e3	d8	117cb	e91b	7ffdbfcbe3c0
9.830373	92b80	7c296c0fb010	7ffdbfcc2670	fd200	8000000000000002	3d1de	7ffdbfcb6a00	55f719fcde60	7ffdbfcb69c0	0	55f719fcde90	55f719fcf610	7c296e21ace0	7c296c1f8210	3f48	7ffdbfcb6b08	8000000000000001
9.837308	26325b07c0a1	30	ffffffffffffff88	0	55f719b63010	8	20	20	7ffdbfcbb000	0	55f71a970bd0	55f71a9715d0	7c296e21ace0	1	7c296d4d0e78	55f71a970b70	55f71a970bd0
9.850734	92711	449	7ffdbfcc2670	55f71c2bee90	7ff	0	1000000000000000	7	7ffdbfcbdc50	8	0	a476d62a9a90de10	ef05d5ae0ae95caa	c9d	0	55f719be8650	0
9.862797	9a500	55f71a10cf60	7c296d7c1b78	55f245078a62	55f71a762d00	55f719b63010	7	203cf	7ffdbfcbe230	55f71a762ca0	55f71cd4ac80	a43769dbf51caa13	19ec46639276e4a3	7c296d7c1b78	55f719bd0c90	1f01	1
9.876678	95d06	fb1f08e84168a18b	7ffdbfcbc868	532be2b73f39961d	91ad1d3247c8c0fb	80181affb981ed92	1000000000000000	1f	7ffdbfcbc860	8	0	a412d034a3cc731d	657e386d4b41c9d5	29ec8	0	29ec8	7ffdbfcbc860
9.885621	9b041	373	55f719be8500	55f71c0104f0	7ff	0	1	7d6c	7ffdbfcbe240	373	fffffffffffff5a7	a33ca3b53acad061	9db117acab8e8124	0	320d0	ab0	2
9.896786	26325b078862	55f71b43efc0	55f719e36f30	40	31	55f71b43efc0	55f71b43f0f0	60	7ffdbfcbe300	55f24692db0f	55f719e36f30	40	19ec46639276e4a3	7c296e21ac98	7c296e21ac80	55f71b43f150	55f71b43f
9.909937	98660	8000000000000001	7ffdbfcb8808	8000000000000001	5785c0	7c296c6735d0	7ffdbfcb8808	8000000000000000	7ffdbfcb8790	af37	0	9ba8f2f652f275db	10a04c364724a63a	8000000000000001	7ffdbfcc2670	15e17	7c296c6735d0
9.920146	96f49	55f71c01cd10	3c1d	fffffffffffff5e6	7ff	fffffffffffffca2	34e	55f71c26aa60	7ffdbfcbaea0	fce5	0	a3c2d58c91cfd96d	d062563d1bad9826	55f719be90d0	35e	2f778	0
9.931412	9b016	8	55f719be8500	55f71d83c4b0	7ff	0	1000000000000000	1079c	7ffdbfcbe240	8	0	a3c849f82125417b	e4da1cb0f5b2a7fb	0	5d7b	f30	3
9.941040	9b041	582	55f719be8500	55f71cdf5bb0	7ff	0	1	29ced	7ffdbfcbe240	582	ffffffffffffef7a	a4c8bbd09cf939d5	5264b4e9faf3bcd2	0	2cbd4	510	3
9.953299	9b391	0	55f71c24c3e0	55f71d249500	55f719d66370	55f719b63010	7	7c296dcfe010	7ffdbfcbe240	55f719d66310	55f71a63f2d8	a328386daad261cf	19ec46639276e4a3	3d1de	30f5d	0	2
9.967423	94390	1c4f8c6af344a4b3	7ffdbfcbb518	f184571cc2ff7475	8	7ffdbfcbb510	7ffdbfcbb518	37	7ffdbfcbb500	0	0	9ba8f2f6523aca3f	10a977b321815f52	ff	7ffdbfcc2670	0	ff
9.976476	9389e	8000000000000002	7ffdbfcbe3c0	55f71a901b10	48c5c0	3d1de	7c296c0fb010	49	7ffdbfcba6c0	9000	0	9ba8f2f65234b629	10afec2db8856b29	8000000000000001	7ffdbfcc2670	12317	ff
9.991061	9389e	8000000000000002	7ffdbfcc2670	81	2e2880	3d1de	7c296c0fb010	8000000000000001	7ffdbfcbc970	7ffdbfcbe020	d	7ffdbfcbdf70	88163b766fcf741c	81	7ffdbfcbe020	b8a2	d
10.003189	94078	2f24387dcf0a61e3	1c	1e3	ffdf	e49361b49ced34ca	1ff	55f71a2af5f0	7ffdbfcbc320	0	1	c1442a4b533c03d4	a28e59bbf018f456	fffffff0	e0	e4	55f71a1a8a60
10.011787	95b8b	7ffdbfcb1c98	7ffdbfcc2670	0	11392	95eb257dac9b1b18	6f20e10f83370e08	81	7ffdbfcb1b48	7ffdbfcbe080	70	55f71a1a8a60	0	0	7ffdbfcbe080	55f719beaf00	11392
10.025050	9389e	8000000000000002	7ffdbfcc2670	81	b92ec0	3d1de	7c296c0fb010	8000000000000001	7ffdbfcb8450	7ffdbfcbe080	34	c242b509db8f2305	cd525c1ef6e1b352	81	7ffdbfcbe080	2e4bb	34
10.031466	92719	3fe	7ffdbfcc2670	55f71c342cc0	7ff	0	1000000000000000	7ffdbfcc2670	7ffdbfcbdb60	8	0	a4c78234a77c79c5	289cf5096f89fb87	0	0	55f719be86b0	33706
10.045763	26325b07ae71	7	7c296e21ac80	18	55f719c30870	7c296e21ad00	5b	20	7ffdbfcbd010	0	55f719c30850	55f719c30bb0	7c296e21ace0	ffffffffffffff88	30	3	1
10.060201	9b041	6f0	55f719be8500	55f71a9cdcf0	7ff	0	1	2a71c	7ffdbfcbe240	6f0	ffffffffffffeb30	a41950725f0924db	a74f0ae2953d5683	3660	0	960	2
10.066203	9b041	3da	55f719be8500	55f71ce5e4a0	7ff	0	2	11f3	7ffdbfcbe240	3db	fffffffffffff46f	a586561ed173269f	286f74321624ea29	2ae00	0	1800	3
10.074405	96f49	55f71a6c5a10	269f7	fffffffffffff628	7ff	fffffffffffffcb8	338	55f71a2898d0	7ffdbfcb5160	aeff	0	a53aa5049719d23b	8379b023344052e1	55f719bea360	348	0	258f0
10.086319	9b041	5e7	55f719be8500	55f71c31d460	7ff	0	1	cd1c	7ffdbfcbe240	5e7	ffffffffffffee4b	a43fd05c1ffadc63	c04be97171223aa7	8db2	0	270	3
10.093946	9b041	256	55f719be8500	55f71cebde30	7ff	0	1	413f	7ffdbfcbe240	256	fffffffffffff8fe	a594d66b842aa42e	93a6f4658a0d2a3b	36f27	0	1410	1
10.103078	92b80	7c296c0fb010	7ffdbfcc2670	396f40	8000000000000002	3d1de	7ffdbfcb8570	55f719f14bd0	7ffdbfcb8530	0	55f719f14cd0	55f719f154b0	7c296e21ace0	7c296c491f50	e5bd	7ffdbfcb8678	8000000000000001
10.114557	9b016	1b	55f719be8500	55f71c214900	7ff	0	1000000000000000	185ab	7ffdbfcbe240	8	0	a5d2d4548c2d4ad4	54d905a94767c018	4901	0	1dd0	2
10.122000	9af40	7c296c0fb010	55f71a2a22a0	203b40	55f719e9c9f0	8000000000000001	8000000000000001	80ed	7ffdbfcbe240	55f719e9c990	55f71d5b3d50	a41462e06158d237	19ec46639276e4a3	3d1de	0	7ffdbfcc2670	3
10.130932	92b80	7c296c0fb010	7ffdbfcc2670	3029c0	8000000000000002	3d1de	7ffdbfcb34f0	55f71a270620	7ffdbfcb34b0	0	55f71a2706c0	55f71a270d30	7c296e21ace0	7c296c3fd9d0	c0a7	7ffdbfcb35f8	8000000000000001
10.142853	9a4ea	55f719cf14c0	7c296d6c6880	4150e	fbff	3d1de	7c296d6c6880	15c5a	7ffdbfcbe230	0	55f71b4f7da8	abcd7c919887f5a3	19b707cbb663edf9	7c296d6c6880	55f719bd0c90	2801	3
10.150788	95c01	1c4f8c6af3446844	7ffdbfcbdb98	f184571cc2ff7475	8	95eb257dac9b1b18	6f20e10f83370d31	55f71b3e6f90	7ffdbfcbdb90	359866aed527f50	e18e411fd5ef7e6b	55f71b3e7080	7c296e21ace0	55f719be86b0	9	0	7ffdbfcbdb90
10.163598	96eb9	55f71bbdd080	10066	3d	7ff	1c0	40	55f71c0495e0	7ffdbfcb8260	1	20	fffffffffffffd9b	fffffffffffff8d1	55f719be98e0	260	2f8c4	0
10.169552	9a4ea	55f71dd68cb0	7c296da0dc50	aa388	faff	3d1de	7c296da0dc50	38bd8	7ffdbfcbe230	0	55f71b086888	a463913f1496707e	f636c401508dd793	7c296da0dc50	55f719bd0c90	1	0
10.181716	92711	574	7ffdbfcc2670	55f71dde1710	7ff	20	0	81	7ffdbfcbb010	8	0	a3e356955e88eea7	962a9d0ce3ef2957	fc54	7ffdbfcbe020	55f719be8f20	0
10.188512	943ae	5c3c27f13687b19b	7ffdbfcbd188	1c0d4db06c184363	8	7ffdbfcbd180	7ffdbfcbd188	55f71d7c7480	7ffdbfcbd170	0	0	9ba8f2f64b7443d0	1099319939d39b03	12b	6b1	20	7ffdbfcbd180
10.201148	9a4ea	55f71afd0d10	7c296d85ea18	74541	7fff	3d1de	7c296d85ea18	26c6b	7ffdbfcbe230	1	55f71bfa06e8	a3f3d2ce8751c053	a08e8e91f7cf214b	7c296d85ea18	55f719bd0c90	d01	4
10.212095	9389e	8000000000000002	7ffdbfcc2670	81	3dcdc0	3d1de	7c296c0fb010	8000000000000001	7ffdbfcb1530	7ffdbfcbe020	74	7ffdbfcbdf70	28ffe7d701ca82ed	81	7ffdbfcbe020	f737	74
10.219293	92b80	7c296c0fb010	7ffdbfcc2670	dec980	8000000000000002	3d1de	7ffdbfcb9610	55f71a5cb920	7ffdbfcb95d0	0	55f71a5cb950	55f71a5ce500	7c296e21ace0	7c296cee7990	37b26	7ffdbfcb9718	8000000000000001
10.230742	9b041	2d3	55f719be8500	55f71c2e1da0	7ff	0	1	3400	7ffdbfcbe240	2d3	fffffffffffff787	a4f7dd9d80e211d3	765464e653bdf0d2	0	32203	5d0	4
10.245895	939ab	b583632c886f898a	7ffdbfcbaa38	7bc591cf39fc00f9	9b0f64be9215dfce	ea3a92a419d612b2	1100000000000000	55f71aa97b60	7ffdbfcbaa30	0	1	b22174603c90d3d2	34b91ff036b202a	fffffff8	e0	55f71aa95e00	7ffdbfcbaa30
10.257506	95c51	affdae1dc58cee16	7ffdbfcbcfa8	2c50b08e27f38c4f	c538039eb5ea1a94	4a60b6701d55bee9	1000000000000000	0	7ffdbfcbcfa0	8	0	a413562d6c1b8337	22a6663006fe3aa6	38fc4	1	38fc4	7ffdbfcbcfa0
10.263245	9b2cd	726	55f719be8500	55f71cdd93f0	80	716	7ffdbfcc2670	fc0a	7ffdbfcbe240	10	55f71cdce860	a40b50196486b00c	49b097b79ccdc11a	2a221	55f719bd0c90	701	1
10.278085	92b80	7c296c0fb010	7ffdbfcc2670	4bf700	8000000000000002	3d1de	7ffdbfcbc770	55f71a5ff400	7ffdbfcbc730	0	55f71a5ff430	55f71a5ffc10	7c296e21ace0	7c296c5ba710	12fdc	7ffdbfcbc868	8000000000000001
10.292134	9b041	26	55f719be8500	55f71c308c60	7ff	0	2	8dbf	7ffdbfcbe240	27	ffffffffffffff8b	a4145041e217501d	6212d429a4016c39	c1ce	0	540	3
10.304700	92b98	7c296c0fb010	7ffdbfcc2670	baa040	8000000000000002	3d1de	7ffdbfcbc470	55f71c279bb0	7ffdbfcbc430	0	55f71c279be0	55f71c27a5c0	7c296e21ace0	7c296cca5050	2ea81	7ffdbfcbc568	8000000000000001
10.316526	94887	b5	7ffdbfcc2670	55f71a9c1730	3ff	20	0	8000000000000001	7ffdbfcb49c0	0	1	b12cea87e57c8df1	c1aec444ba6ce88c	81	7ffdbfcbe080	3bcb7	56
10.327086	9b041	5a1	55f719be8500	55f71bb3e760	7ff	0	1	32936	7ffdbfcbe240	5a1	ffffffffffffef1d	a43f506f644db58d	32ab06475dbdc3a8	3a5de	0	2a0	0
10.333921	26325b0786fa	1060	55f71a1d82c0	1061	7c296e21ace0	55f71a63b430	55f71a1d82c0	10a0	7ffdbfcbe2f0	55f2456c3249	55f71a1d9390	30	19ec46639276e4a3	7c296e21aca0	7c296e21ac80	55f71a1d9360	55f71a1d9
10.346142	92b80	7c296c0fb010	7ffdbfcc2670	97d500	8000000000000002	3d1de	7ffdbfcb97d0	55f71b192cf0	7ffdbfcb9790	0	55f71b192d20	55f71b193130	7c296e21ace0	7c296ca78510	25f54	7ffdbfcb98d8	8000000000000001
10.353885	92739	53f	7ffdbfcc2670	55f71c2bee90	7ff	0	1	73c0	7ffdbfcbdb50	fffffffffffff043	0	a46dee8447a19875	d2fe66f65227db01	0	1	55f719be8650	73c0
10.364889	9b041	66	55f719be8500	55f71d707400	7ff	0	1	70f	7ffdbfcbe240	66	fffffffffffffece	a42b7a76f5509353	932bb6ae08d13185	0	48d7	2040	0
10.375571	92b80	7c296c0fb010	7ffdbfcc2670	1dd500	8000000000000002	3d1de	7ffdbfcb3db0	55f71df29e40	7ffdbfcb3d70	0	55f71df29e70	55f71df2adc0	7c296e21ace0	7c296c2d8510	7754	7ffdbfcb3eb8	8000000000000001
10.383344	95c58	22fc5910e52a7ebe	7ffdbfcbc0c8	b35b43a7b5c67879	fb44ae59c8cbad6d	3e5d21650fc609b9	1000000000000000	7744	7ffdbfcbc0c0	8	0	a3e8f376873f51bf	3435f04330acf33c	0	1	0	7ffdbfcbc0c0
10.397935	9b2cd	308	55f719be8500	55f71cdb3b90	d5ff	2f8	7ffdbfcc2670	2e1bc	7ffdbfcbe240	0	55f71cdaf2d0	a431503e651400bd	791ace880692b0d9	31266	55f719bd0c90	601	1
10.405846	9a3a2	3	7ffdbfcbd888	55f71a146a20	0	3d1de	7ffdbfcbd888	7ffdbfcc2670	7ffdbfcbd800	8	0	a46e5652e350875d	1df7f1a82f90b708	7c296d4bc010	7c296d9573a0	7ffdbfcbd948	8000000000000001
10.411879	94440	0	2cb7a	1	0	7ffdbfcb6890	7ffdbfcb6898	55f71b38c010	7ffdbfcb6880	8	0	9ba8f2f64f641cae	10d2e3df9711d322	ffffc000	50	55f71b38b3e0	7ffdbfcb6890
10.425233	99001	56b	36074	55f71c1a3cb0	7ff	10	0	7ffdbfcbe250	7ffdbfcbc680	8	0	7ffdbfcbe360	4f8c0d6556f35262	0	1	0	7ffdbfcc2670
10.431370	9a4ea	55f71a9b2ac0	7c296d9fe740	a84e6	3fff	3d1de	7c296d9fe740	381a2	7ffdbfcbe230	2	55f71c0a8e58	a5e3195a447476fd	8bcecc28317753e8	7c296d9fe740	55f719bd0c90	2101	1
10.445258	92711	6da	7ffdbfcc2670	55f71a6e70a0	7ff	0	1000000000000000	0	7ffdbfcb9170	8	0	a56282e935c4b75b	2e5464fa72e1cf24	0	7ffdbfcbe080	55f719be95b0	f7e3
10.454804	9389e	8000000000000002	42	55f71b5e8060	221b80	3d1de	7c296c0fb010	7ffdbfcc2670	7ffdbfcbd610	8	0	b9549b2a1f143819	f4bb607bb36c3e9a	8000000000000001	33850	886e	7ffdbfcbe490
10.460533	943e2	5c3c2a7ce3500f00	36829	6c1843631c09711d	8	7ffdbfcb6d30	7ffdbfcb6d38	7ffdbfcbdf70	7ffdbfcb6d20	0	0	9ba8f2f650447f7d	4cdaaf856f34bf02	81	7ffdbfcbe020	7ffdbfcb6de0	7ffdbfcb6d30
10.467515	9af40	7c296c0fb010	55f71a81d2d0	133280	55f71a1ea430	8000000000000001	8000000000000001	4cca	7ffdbfcbe240	55f71a1ea410	55f71d541e78	a3ead510984b1dfb	19ec46639276e4a3	3d1de	4cca	7ffdbfcc2670	3
10.475073	9b041	e3	55f719be8500	55f71b121630	3ff	0	1	8f96	7ffdbfcbe240	e3	fffffffffffffd57	ab0acf41d8f2756b	30a4bef13bef1cff	0	29260	2fa0	2
10.486363	9389e	8000000000000002	7ffdbfcc2670	3f	c88240	3d1de	7c296c0fb010	8000000000000001	7ffdbfcb9a30	7ffdbfcbe080	28	7ffdbfcbdf70	1a18f89a92e03b02	81	7ffdbfcbe080	32209	28
10.495947	9a4ea	55f719bd0c90	7c296d5b6fc0	1f5f6	8000000000000002	3d1de	7c296d5b6fc0	55f719fdab10	7ffdbfcbbe10	0	55f719fdac10	55f719fdad90	7c296e21ace0	7c296d5b6fc0	a752	7ffdbfcbbf28	8000000000000001
10.503974	9affe	601e957c39063cc8	55f719be8500	55f71ce0ebf0	7ff	30	1000000000000000	2fbbd	7ffdbfcbe240	8	0	a430d035a5b2a899	75c685eed8c80919	2fbbc	0	690	3
10.518119	26325b078709	55f71a1a6b20	55f71a0398a0	21	55f71a0395c0	55f71a1a6b20	55f71a0398a0	40	7ffdbfcbe2f0	55f2444d1cd9	55f71b3cbce0	40	19ec46639276e4a3	7c296e21ac90	7c296e21ac80	55f71a0398e0	55f71a039
10.524182	95606	0	2f9b2	1	55f71a068	30de0	7ffdbfcc2670	7ffdbfcbe0e0	7ffdbfcbe000	55f71a068930	0	55f71b5531e0	19ec46639276e4a3	30bcb	8000000000000000	7ffdbfcc2670	7ffdbfcbe080
10.537920	92711	5ea	7ffdbfcc2670	55f71c0104f0	7ff	0	1000000000000000	29db8	7ffdbfcbb470	8	0	a32221e038fea2f1	23bf4e69ed34e230	0	1	55f719be8fb0	29db8
10.543650	92b80	7c296c0fb010	7ffdbfcc2670	b785c0	8000000000000002	3d1de	7ffdbfcbb030	55f71a90d530	7ffdbfcbaff0	0	55f71a90d560	55f71a90e820	7c296e21ace0	7c296cc735d0	2de17	7ffdbfcbb128	8000000000000001
10.557798	9b391	1	55f71c04e4a0	55f71d249500	55f71c2b0c20	55f719b63010	7	7c296dcfe010	7ffdbfcbe240	55f71c2b0c00	55f71bf76398	a3c4d573e8ebd1a6	19ec46639276e4a3	3d1de	2c16f	1	1
10.570204	92be5	55f71c2adef0	7ffdbfcc2670	8de55	8000000000000002	3d1de	7c296d92b2b8	55f71c2adf50	7ffdbfcbc3c0	0	55f71c2adf80	55f71c2ae480	7c296e21ace0	7c296d92b2b8	2f4c7	7ffdbfcbc4c8	8000000000000001
10.578667	92b80	7c296c0fb010	7ffdbfcc2670	234640	8000000000000002	3d1de	7ffdbfcbd5f0	55f71b1c53a0	7ffdbfcbd5b0	0	55f71b1c53d0	55f71b1c7190	7c296e21ace0	7c296c32f650	8d19	7ffdbfcbd6f8	8000000000000001
10.583917	26325b07c167	55f71b1df820	7ffdbfcba418	a61	0	55f71b1df840	0	28	7ffdbfcba368	0	55f71b1df820	55f71b1e02a0	7c296e21ace0	1	7c296d9afbd0	55f71b1df7c0	8000000000000001
10.597659	9b2e1	7ffdbfcc2670	55f719bd2a30	55f71c2ee5c0	80	13	7ffdbfcc2670	af47	7ffdbfcbe240	10	55f71c2ee278	a42bf3223cb980d1	4d4f099530419dfa	0	55f719bd0c90	501	4
10.612288	9389e	8000000000000002	7ffdbfcc2670	81	24de80	3d1de	7c296c0fb010	8000000000000001	7ffdbfcb3750	7ffdbfcbe080	60	7ffdbfcbdf70	29482e1b14a94e2e	81	7ffdbfcbe080	937a	60
10.618306	9a4ea	55f719bd0c90	7c296d8b4f98	7f1f1	8000000000000002	3d1de	7c296d8b4f98	55f719ddb320	7ffdbfcbd050	0	55f719ddb3c0	55f719ddcf50	7c296e21ace0	7c296d8b4f98	2a5fb	7ffdbfcbd168	8000000000000001
10.627554	992ca	0	2e5a4	8000000000000001	8000000000000001	0	7c296cc91910	8000000000000001	7ffdbfcbe020	8000000000000000	0	7ffdbfcbe200	8000000000000001	0	1	36a68	7ffdbfcc2670
10.634323	9b041	174	55f719be8500	55f71b5329c0	7ff	0	1	83ce	7ffdbfcbe240	174	fffffffffffffba4	ab1653e6ebdcea03	6638b66dbd5dfa4d	3328c	0	2a00	4
10.642153	9b041	5ee	55f719be8500	55f71cebde30	7ff	0	1	7ea1	7ffdbfcbe240	5ee	ffffffffffffee36	a594d66b8429c45b	93d2f1d020f94be0	cf0a	0	1410	2
10.648668	26325b0788d1	55f719bd2150	55f71a1229a0	31	570	55f719bd2150	55f71a1229a0	5b0	7ffdbfcbe300	55f245638ea2	55f71a122f80	30	19ec46639276e4a3	7c296e21aca0	7c296e21ac80	55f71a122f50	55f71a122
10.656508	9389e	8000000000000002	7ffdbfcc2670	81	d0fc40	3d1de	7c296c0fb010	8000000000000001	7ffdbfcb7c70	7ffdbfcbe080	39	7ffdbfcbdf70	79900737f820b172	81	7ffdbfcbe080	343f1	39
10.663570	92747	564	7ffdbfcc2670	55f71af47e10	7ff	10	2000	7ffdbfcc2670	7ffdbfcbcde0	ffffffffffffefad	0	a43426c294f8775f	a713e23a4bea85b7	0	0	55f719be8b00	2820
10.671786	990bb	7c296d4bc010	27b3d	7c296d4bc010	701	3d1de	771b7	7ffdbfcbe201	7ffdbfcbcf80	8	0	7ffdbfcbe360	8000000000000001	0	1	0	7ffdbfcc2670
10.685810	9a500	55f71a7e4b50	7c296d9fb6f8	55f2450febf4	55f71a7e4c10	55f719b63010	7	37f9f	7ffdbfcbe230	55f71a7e4bb0	55f71c2a0c48	a33eb515e861b3d3	19ec46639276e4a3	7c296d9fb6f8	55f719bd0c90	701	2
10.692824	943bc	f7e526fa1d9041f6	58	1c09893e6c184363	8	7ffdbfcbde60	7ffdbfcbde68	7ffdbfcc2670	7ffdbfcbde50	0	0	9ba8f2f62352875e	10e1b962f9ca54fc	8000000000000001	38f88	58	7ffdbfcbde60
10.707796	94455	0	14006	1	0	7ffdbfcbb440	7ffdbfcbb448	55f71b5e8870	7ffdbfcbb430	8	0	9ba8f2f624be9bc8	10a3916c13144345	151a	81a	5a	7ffdbfcbb440
10.713887	95c4a	af72a85668fb2634	7ffdbfcbb9f8	8eb1f6243c0bab3d	e5cf3428d514124a	2d12323252633212	1000000000000000	55f71b151110	7ffdbfcbb9f0	8	0	a3f255ece3f5ef79	9eb1f6243c0bab3d	55f719be8c80	28	2797a	7ffdbfcbb9f0
10.722119	9b391	0	55f71aa36010	55f71d249500	55f71ab77680	55f719b63010	7	7c296dcfe010	7ffdbfcbe240	55f71ab77620	55f71b56b148	ab149625e949e57b	19ec46639276e4a3	3d1de	8777	0	0
10.732606	9a4ee	55f71a89b250	7c296d54f988	1272f	d7ff	3d1de	7c296d54f988	6265	7ffdbfcbe230	0	55f71b391810	abe7d393bfaf2ed2	7e283551babf6e67	7c296d54f988	55f719bd0c90	2f01	4
10.738473	92b80	7c296c0fb010	7ffdbfcc2670	2ffd40	8000000000000002	3d1de	7ffdbfcbd6d0	55f71a96d870	7ffdbfcbd690	0	55f719bdd4d0	11	7c296e21ace0	7c296c3fad50	bff5	7ffdbfcbd798	8000000000000001
10.750320	9964b	aa77	0	55f71bf0a130	aa77	7ffdbfcbb570	7ffdbfcbe250	aa77	7ffdbfcbb518	55f71bf07790	0	a3dcd5df97ee267e	a1a143a810aeaca7	0	1	8cb7	7ffdbfcc2670
10.756339	9957e	e840d716c4e54c43	7ffdbfcbab38	7d79a485632b1619	a4bdce1a9d718bc2	ab492cbcf049aa8b	1800000000000000	7ffdbfcbe0f0	7ffdbfcbab30	8	0	3c0a67e8c862cca6	6579a485632b1619	0	1	7ffdbfcbabd0	7ffdbfcbab30
10.764805	9a4ea	55f71a898ad0	7c296d981d30	98ba4	80	3d1de	7c296d981d30	32e8c	7ffdbfcbe230	10	55f71a6d6e00	a584179dc01fa593	33ec4c0badbafeb4	7c296d981d30	55f719bd0c90	1001	2
10.771064	95c12	0	7ffdbfcbe1d8	1	0	7ffdbfcbe1d0	7ffdbfcbe1d8	287e1	7ffdbfcbe1d0	8	0	9ba8f2f9da0a6f76	108c4ad439aabc23	287e0	0	287e0	7ffdbfcbe1d0
10.782644	26325b0788a8	55f71a90e290	55f71a90e390	31	90	55f71a90e290	55f71a90e300	30	7ffdbfcbe300	55f245e14ace	55f71a90e3c0	30	19ec46639276e4a3	7c296e21ac98	7c296e21ac80	55f71a90e3c0	55f71a90e
10.793948	95bd3	1c4f8c6af34468f8	7ffdbfcb8658	f184571cc2ff7475	0	95eb257dac9b1b18	6f20e10f83370d8d	55f71ab0eed0	7ffdbfcb8650	359866aed527fec	e18e411fd5ef7e6b	55f71ab106b0	7c296e21ace0	55f719be97f0	65	271a8	0
10.799535	26325b0786e9	2780	7c296e21ac80	2781	7c296e21b3b0	7fffc000	55f71b42b600	28	7ffdbfcbd530	0	0	55f71a468b40	7c296e21ace0	2750	30	2780	1
10.814110	be733	7ffdbfcbe210	55f71d53b830	8	8	55f71d53b860	38	35283	7ffdbfcbe218	10	55f71d8373e0	a335939681a2dbfd	c3f51f7e1c6fbcff	7c296d9b7c58	55f719bd0c90	f01	4
10.822476	9affe	eb6deda1d85e89f6	55f719be8500	55f71a4c1e20	7ff	75	1000000000000000	58e5	7ffdbfcbe240	8	0	a43f18b3e6d33033	61d27f53b06391a1	0	316a	240	4
10.828465	9af40	7c296c0fb010	55f71a589e70	1e22c0	55f71aec6e20	8000000000000001	8000000000000001	788b	7ffdbfcbe240	55f71aec6e00	55f71b087620	a441561658856a12	19ec46639276e4a3	3d1de	788b	7ffdbfcc2670	2
10.840374	26325b07b036	0	7c296e21ac80	e01	55f71acf2530	55f71acf2560	0	28	7ffdbfcbc5d0	0	55f71acf2540	55f71acf3360	7c296e21ace0	ffffffffffffff88	30	55f719b63010	1
10.846042	92b80	7c296c0fb010	7ffdbfcc2670	a9cc80	8000000000000002	3d1de	7ffdbfcbb790	55f71b265da0	7ffdbfcbb750	0	55f71b265e40	55f71b267350	7c296e21ace0	7c296cb97c90	2a732	7ffdbfcbb888	8000000000000001
10.857775	9389e	8000000000000002	7ffdbfcc2670	1	3f1ac0	3d1de	7c296c0fb010	8000000000000001	7ffdbfcbd310	7ffdbfcbe020	6	7ffdbfcbdf70	29482e1b14a94e2e	81	7ffdbfcbe020	fc6b	6
10.864770	9b391	0	55f71bb90660	55f71d249500	55f71d7907f0	55f719b63010	7	7c296dcfe010	7ffdbfcbe240	55f71d790790	55f71bbac5e0	a549b5a86c6630d3	19ec46639276e4a3	3d1de	86c2	0	4
10.873425	9b041	306	55f719be8500	55f71a4a8de0	7ff	0	1	271e6	7ffdbfcbe240	306	fffffffffffff6ee	a46dd657232f3ed9	1a93745115e3ea0	2ecb8	0	330	3
10.887796	93885	5fa	6a	55f71b5e8060	110b4	3d1de	7c296c0fb010	7ffdbfcc2670	7ffdbfcbc650	8	0	d3a6a022262235bb	975ff7809192f8c6	8000000000000001	3973b	110b4	7ffdbfcbe490
10.900682	9a500	55f719bd2a30	7c296d58f420	1a682	8000000000000002	3d1de	7c296d58f420	55f71a5f1cc0	7ffdbfcbc480	0	55f71a5f1dc0	55f71a5f4260	7c296e21ace0	7c296d58f420	8cd6	7ffdbfcbc598	8000000000000001
10.915624	943bc	f7e4e218d3038339	0	1c0c110e6c184363	8	7ffdbfcbe1d0	7ffdbfcbe1d8	35146	7ffdbfcbe1c0	0	0	9ba8f2f9d91d1f6e	10e66d3718f18d8d	0	35144	0	7ffdbfcbe1d0
10.922651	9a4ea	55f71b3f35f0	7c296d886000	793fe	79ff	3d1de	7c296d886000	286aa	7ffdbfcbe230	1	55f71c2d8848	a412d034a3cfeafe	650b041bf6dc56f4	7c296d886000	55f719bd0c90	501	4
10.927855	9b041	16f	55f719be8500	55f71d707400	7ff	0	1	3d62	7ffdbfcbe240	16f	fffffffffffffbb3	a42c55f5d1b8d43c	813539fc53f38d74	29e8d	0	2040	4
10.938776	9a4ee	55f719bd0c90	7c296d4e52f0	525c	8000000000000002	3d1de	7c296d4e52f0	55f71a44bb00	7ffdbfcb2240	0	55f71a44bc00	55f71a44bf80	7c296e21ace0	7c296d4e52f0	1b74	7ffdbfcb2398	8000000000000001
10.946387	92711	6d0	7ffdbfcc2670	55f71b631580	7ff	0	1000000000000000	0	7ffdbfcbdb70	8	0	a473d66618c98ab4	d6496648f44ff0c6	58bd	1	55f719be85f0	0
10.954404	92711	616	7ffdbfcc2670	55f71cd23180	7ff	0	1000000000000000	0	7ffdbfcb2330	8	0	a41e70e648fc1a15	5f38aa2b7019a6ff	0	7ffdbfcbe020	55f719bead50	38250
10.968835	9b041	55b	55f719be8500	55f71c308c60	7ff	0	1	275da	7ffdbfcbe240	55b	ffffffffffffefef	a4145041e211e408	6244569c758e900e	275d9	0	540	5
10.976180	9b041	67c	55f719be8500	55f71c02d530	7ff	0	1	adc9	7ffdbfcbe240	67c	ffffffffffffec8c	a338b7f96dccb493	f2587c9312676afb	0	3326e	a80	1
10.984489	9b041	397	55f719be8500	55f71b2e4830	7ff	0	4	a79	7ffdbfcbe240	399	fffffffffffff535	a408c8fd82ec3a23	18e7b3d73d3662d2	0	b27a	21c0	1
10.991260	942ad	1c4f8c6af344af6c	7ffdbfcbd328	f184571cc2ff7475	8	7ffdbfcbd320	7ffdbfcbd328	7ffdbfcc2670	7ffdbfcbd310	359866aed52b878	e18e411fd5ef7e6b	0	24d00	0	2cb38	70	7ffdbfcbd320
11.000053	92b80	7c296c0fb010	7ffdbfcc2670	b3ec40	8000000000000002	3d1de	7ffdbfcb90d0	55f71ab8bfa0	7ffdbfcb9090	0	55f71ab8c040	55f71ab8cfa0	7c296e21ace0	7c296cc39c50	2cfb1	7ffdbfcb91d8	8000000000000001
11.012778	943e2	5c3c3618cafdbaa2	0	6c1843631c0cd418	8	7ffdbfcbd350	7ffdbfcbd358	55f71b553620	7ffdbfcbd340	0	0	9ba8f2f6270bda78	4cb7a53ae374bf02	ffffff00	440	55f71b54a8c0	7ffdbfcbd350
11.018062	9439e	1c4f8c6af3446811	7ffdbfcbb2f8	f184571cc2ff7475	8	7ffdbfcbb2f0	7ffdbfcbb2f8	55f71d840ea0	7ffdbfcbb2e0	0	0	55f71d844660	7c296e21ace0	55f719be9040	3c	345f2	7ffdbfcbb2f0
11.029402	942a8	0	7ffdbfcbe1d8	1	8	7ffdbfcbe1d0	7ffdbfcbe1d8	a680	7ffdbfcbe1c8	8	0	9ba8f2f9d9501029	10840cae4e658299	0	4237	0	7ffdbfcbe1d0
11.040459	9af40	7c296c0fb010	55f719cc2af0	2e1700	55f71abf5750	8000000000000001	8000000000000001	b85c	7ffdbfcbe240	55f71abf56f0	55f71d5472f0	a3dd33b4782313dd	19ec46639276e4a3	3d1de	0	7ffdbfcc2670	4
11.053571	9399a	fb88e2a745793952	7ffdbfcbb4a8	b94fd782d90619be	ceb15d428afcdd5a	5e690e2d16bf25e1	1100000000000000	dc99	7ffdbfcbb4a0	0	1	ceb15d428afcdd5a	a84fd782d90619be	7ffdbfcc2670	7ffdbfcbe020	7ffdbfcbb5a0	7ffdbfcbb4a0
11.062853	9a4ea	55f719bd0c90	7c296d59bd80	1bfae	8000000000000002	3d1de	7c296d59bd80	55f71aafa7f0	7ffdbfcbd010	0	55f71aafa950	55f71aafd780	7c296e21ace0	7c296d59bd80	953a	7ffdbfcbd128	8000000000000001
11.069409	9389e	8000000000000002	7ffdbfcc2670	81	dff040	3d1de	7c296c0fb010	8000000000000001	7ffdbfcb5eb0	7ffdbfcbe020	4a	7ffdbfcbdf70	23a8c3818be4407b	81	7ffdbfcbe020	37fc1	4a
11.076701	9af40	7c296c0fb010	55f71a0a3610	221400	55f71afb3810	8000000000000001	8000000000000001	8850	7ffdbfcbe240	55f71afb37f0	55f71cddc628	a4005047e33119cf	19ec46639276e4a3	3d1de	8850	7ffdbfcc2670	4
11.088397	9af40	7c296c0fb010	55f71b161630	4c2940	55f71c26a530	8000000000000001	8000000000000001	130a5	7ffdbfcbe240	55f71c26a4d0	55f71ac57090	a3f9cc8b4dc85053	19ec46639276e4a3	3d1de	0	7ffdbfcc2670	2
11.095978	9b391	1	55f71b3f5570	55f71d249500	55f71b43eff0	55f719b63010	7	7c296dcfe010	7ffdbfcbe240	55f71b43efd0	55f71bfb49f8	a3cbd50a65e49928	19ec46639276e4a3	3d1de	30459	1	1
11.109366	9a4ee	55f719bd0c90	7c296d4ff7c8	86f7	8000000000000002	3d1de	7c296d4ff7c8	55f719d9a4f0	7ffdbfcb7aa0	0	55f719d9a5f0	55f719d9a9b0	7c296e21ace0	7c296d4ff7c8	2cfd	7ffdbfcb7bf8	8000000000000001
11.123428	95cbc	81d1f7330ddf743	7ffdbfcbb948	7a37c5bfef472e96	fca5cab9267431ae	793b687cbcaeb515	1000000000000000	7ffdbfcc2670	7ffdbfcbb940	8	0	cf932a1f3779dfa3	91ca3e83fb9b306c	297a2	0	78	7ffdbfcbb940
11.132040	943ae	1c4f8c6af344afaf	7ffdbfcbce68	359866aed52b8bb	8	7ffdbfcbce60	7ffdbfcbce68	7ffdbfcc2670	7ffdbfcbce50	0	0	fffffffffffff992	e18e411fd5ef7e6b	0	1b9ee	7a	7ffdbfcbce60
11.141649	9a4ee	55f71af23250	7c296d9f2080	a6c0e	80	3d1de	7c296d9f2080	3795a	7ffdbfcbe230	10	55f71a6a9838	a569b9a8e7801d5d	61704f33560d52dd	7c296d9f2080	55f719bd0c90	1101	3
11.151262	9b041	340	55f719be8500	55f71b3b8870	7ff	0	2	74f0	7ffdbfcbe240	341	fffffffffffff63d	a58ad6208bbbd4df	75db11b84ef356f4	2dfae	0	14d0	2
11.163306	9af40	7c296c0fb010	55f71aeffcf0	9b5f80	55f719ec5760	8000000000000001	8000000000000001	26d7e	7ffdbfcbe240	55f719ec5700	55f71c334400	a4b7a9eada508143	19ec46639276e4a3	3d1de	0	7ffdbfcc2670	4
11.176122	95ba4	1c4f8c6af344ae74	1850	7e	360f4	95eb257dac9b1b18	6f20e10f8337cb01	55f71b4d1610	7ffdbfcbbcb0	8	0	cf8478c05a35fc67	de244c28ed6c622c	2287	1858	7e	55f71bce5640
11.187849	9308e	7c296dcfe010	7ffdbfcc2670	2e84d	0	2e84c	55f719be9100	55f71af9ebc0	7ffdbfcbbbe0	0	55f71af9ebf0	55f71afa0b50	7c296e21ace0	2e84d	40	7ffdbfcbbce8	2e84c
11.198852	942b1	0	7ffdbfcba518	1	8	7ffdbfcba510	7ffdbfcba518	7ffdbfcbe250	7ffdbfcba500	8	0	cfea390d6f6dedf3	eb1246f75254de2	0	1	7ffdbfcba5b0	7ffdbfcba510
11.208319	9afaa	f7	55f71aec8ed0	c918a3dfcf4bc180	7ffdbfcbe2a8	8000000000000001	8000000000000001	9d20	7ffdbfcbe240	55f719f13730	55f71aa3de88	abc353657618f1ab	19ec46639276e4a3	3d1de	9d20	7ffdbfcc2670	4
11.214015	9a500	55f71bbdf190	7c296d612c70	55f244cd4c8f	55f71bbcf740	55f719b63010	7	e484	7ffdbfcbe230	55f71bbcf6e0	55f71a6d28d0	a592d02415d6d033	19ec46639276e4a3	7c296d612c70	55f719bd0c90	1001	2
11.227241	9a4ea	55f71a3ca7d0	7c296d8f07a0	868f2	1fff	3d1de	7c296d8f07a0	2cda6	7ffdbfcbe230	3	55f71bf7f830	a3c4d573e8ea1ae9	f6ffdad765479dba	7c296d8f07a0	55f719bd0c90	e01	3
11.235248	26325b07c238	55f71a19d500	7c296e21ac80	6a1	31	55f71a19d520	0	28	7ffdbfcbaa80	0	55f71a19d500	55f71a19dbc0	7c296e21ace0	1	7c296d4bc010	55f71a19d490	8000000000000001
11.247253	92711	42e	7ffdbfcc2670	55f71b3e5c70	7ff	0	1000000000000000	81	7ffdbfcb8450	8	0	a5689dfcf32250ab	df3238bf0718f653	0	7ffdbfcbe080	55f719be9820	353c
11.261346	9908c	0	0	82	3ff	3d1de	479	7ffdbfcbe001	7ffdbfcb8ce0	8	0	7ffdbfcbe200	8b448b55704076e9	0	1	7af	7ffdbfcc2670
11.266639	9a212	7	7ffdbfcbdce0	7	55f71dd9de00	55f71a42c0d0	7ffdbfcbdce0	8000000000000000	7ffdbfcbdc40	8	0	a441758862e2e419	62a68ce8599bf2b8	7c296d4ed2e8	7c296d53c980	55f71dd9de00	55f71a42c0d0
11.277698	9b041	14b	55f719be8500	55f71d51ec10	7ff	0	1	9332	7ffdbfcbe240	14b	fffffffffffffc1f	a3240873c01139d3	7826221c2523ede7	0	26bf6	7e0	3
11.292235	9b041	4de	55f719be8500	55f71ac70d60	7ff	0	1	c608	7ffdbfcbe240	4de	fffffffffffff166	a3c5e0dbb4a0caff	4c0b8c4f438082b7	0	13e55	c90	1
11.303633	26325b078709	55f71afa56d0	55f71b3103c0	31	55f71b3140d0	55f71afa56d0	55f71b314060	3cd0	7ffdbfcbe2f0	55f24440f384	55f71b314090	30	19ec46639276e4a3	7c296e21aca0	7c296e21ac80	55f71b314090	55f71b314
11.317371	92703	471fd8b1733dfce	7ffdbfcc2670	55f71c342cc0	7ff	2	1000000000000000	0	7ffdbfcbd870	8	0	a421d0611f6ba4df	d7f0eee4b65a936b	750e	1	55f719be86b0	0
11.331245	92747	2de	7ffdbfcc2670	55f71d806cd0	7ff	0	8000	7ffdbfcc2670	7ffdbfcb9fc0	fffffffffffff739	0	a58b4ad19b1a522b	83d24a05aa4cd76c	0	0	55f719be9a60	37478
11.336763	98660	8000000000000001	7ffdbfcb9830	8000000000000001	1	7ffdbfcb9928	7ffdbfcb9830	8000000000000000	7ffdbfcb9790	0	55f71ab29550	55f71ab2ba40	7c296e21ace0	2e055	55f71ab29520	7ffdbfcb9928	7ffdbfcb9928
11.347760	9b041	554	55f719be8500	55f71ad3a190	7ff	0	1	33a3e	7ffdbfcbe240	554	fffffffffffff004	a41dd05f1fbff6a8	ad62a0bb4a4dc132	3a449	0	930	3
11.356282	9b016	89	55f719be8500	55f71b5a7840	7ff	0	1000000000000000	2b255	7ffdbfcbe240	8	0	a409558a52a8b365	1dbc70d2843ac6ef	3479e	0	2760	0
11.365293	9b391	0	55f71a8ed810	55f71d249500	55f71b0e8df0	55f719b63010	7	7c296dcfe010	7ffdbfcbe240	55f71b0e8d90	55f71b57db18	ab16be0421459773	19ec46639276e4a3	3d1de	c987	0	1
11.371612	26325b078806	55f71b160e70	55f71b160f40	41	7c296e21ace0	55f71b160e70	55f71b160f40	90	7ffdbfcbe300	55f24467a170	55f71b161010	40	19ec46639276e4a3	7c296e21ac98	7c296e21ac80	55f71b160fd0	55f71b160
11.379861	947b9	2	7ffdbfcc2670	3d	55f719c67130	0	55f71aaf19d8	0	7ffdbfcb1700	7ffdbfcbe020	73	55f71b5531e0	0	81	7ffdbfcbe020	0	73
11.388862	95ce4	fba3e3c876569e14	7ffdbfcb9e48	8d82fa663ce988a7	1bf60e9c7bd4eb25	f30a17d6da9f9dc2	1000000000000000	2f2e1	7ffdbfcb9e40	8	0	a30216ff1969b07b	9d50dad634b4e40d	0	1	0	7ffdbfcb9e40
11.399372	9389e	8000000000000002	7ffdbfcc2670	81	b856c0	3d1de	7c296c0fb010	8000000000000001	7ffdbfcb4a90	7ffdbfcbe020	55	c602d22f9508acd8	f81e9b077462c7e3	81	7ffdbfcbe020	2e15b	55
11.413334	990bb	7c296d4bc010	198	7c296d4bc010	1f01	3d1de	4c8	7ffdbfcbe201	7ffdbfcb9ec0	8	0	7ffdbfcbe360	8000000000000001	0	1	0	7ffdbfcc2670
11.419831	9ae39	7c296dcfe010	7ffdbfcc2670	55f2468207df	55f719f3b4a0	304f8	7	2b3c3	7ffdbfcbe380	55f71b37fd70	55f71def4a58	a518101f847a71f3	19ec46639276e4a3	a5260	12650	20000	55f71d5f8020
11.425126	9b041	49e	55f719be8500	55f71c0c8d50	7ff	0	1	2bcd6	7ffdbfcbe240	49e	fffffffffffff226	abe7b802ffb88cf3	6b45b1b338679916	0	2bcd5	2b20	0
11.433059	9b041	118	55f719be8500	55f71a4a8de0	7ff	0	2	d440	7ffdbfcbe240	119	fffffffffffffcb5	a46dd657232910b3	1ecea4388a66856	c252	0	330	1
11.443969	26325b07af5b	7c296e21af80	7c296e21ac80	2a	55f71a0d5e50	55f71a45dde0	7	7c296e21ad90	7ffdbfcb9800	0	0	7c296e21af70	7c296e21ace0	ffffffffffffff88	40	55f719b63010	2
11.453723	92739	652	7ffdbfcc2670	55f71a69ee50	7ff	0	2	0	7ffdbfcb9130	ffffffffffffed07	0	a59256fcc7f92ce9	8110c143ad5afda2	2a6ea	1	55f719be9880	0
11.462267	926cc	7ffdbfcbc6c8	7ffdbfcc2670	8000000000000001	0	7ffdbfcbc6c8	7ffdbfcc2670	10639	7ffdbfcbc590	1	0	55f71b5e8060	0	0	1	55f719be8bc0	10639
11.474671	92711	486	7ffdbfcc2670	55f71a4985c0	7ff	0	1000000000000000	7ffdbfcc2670	7ffdbfcbd530	8	0	a46bf3a7bbaf208f	18fc96100ff4ba	0	0	55f719be8890	2dbd
11.489421	9b02a	226	55f719be8500	55f71ac0f3f0	7ff	0	4	2a159	7ffdbfcbe240	2	0	a59bd6720ca693a9	785ad78cb68391ee	2a158	0	15f0	3
11.501387	9b041	10a	55f719be8500	55f71cd31790	7ff	0	81	27bea	7ffdbfcbe240	10a	fffffffffffffce2	a4c15d8dd6b770e3	4157bf8d6b168cad	0	27be9	22b0	1
11.510115	26325b078709	55f71b08dc50	55f71b08dcc0	31	7c296e21ace0	55f71b08dc50	55f71b08dcc0	60	7ffdbfcbe2f0	55f244796dad	55f71b08dd20	30	19ec46639276e4a3	7c296e21ac98	7c296e21ac80	55f71b08dd20	55f71b08d
11.522251	92b80	7c296c0fb010	7ffdbfcc2670	69f80	8000000000000002	3d1de	7ffdbfcbb3b0	55f71a02d440	7ffdbfcbb370	0	55f71a02d4e0	55f71a02e0c0	7c296e21ace0	7c296c164f90	1a7e	7ffdbfcbb478	8000000000000001
11.529786	92711	25c	7ffdbfcc2670	55f71bbcada0	7ff	0	1000000000000000	3a2d0	7ffdbfcb7610	8	0	a577daf0621d996b	347aac73a2ac173e	0	1	55f719be9fa0	3a2d0
11.544154	92711	3d4	7ffdbfcc2670	55f71d5e57e0	7ff	0	1000000000000000	81	7ffdbfcbaad0	8	0	a32f78ce086d99bb	ddc982de4e9cdb27	0	7ffdbfcbe020	55f719be8fe0	374f1
11.558041	9af40	7c296c0fb010	55f71aba6a00	e62180	55f71b4457b0	8000000000000001	8000000000000001	39886	7ffdbfcbe240	55f71b445790	55f71c035778	a47b56015a178a15	19ec46639276e4a3	3d1de	39886	7ffdbfcc2670	2
11.566752	9a500	55f71ab229e0	7c296d87a588	55f245fd756d	55f71a8cdda0	55f719b63010	7	27ee5	7ffdbfcbe230	55f71a8cdd40	55f71a3fdc28	a52b0007737e3633	19ec46639276e4a3	7c296d87a588	55f719bd0c90	1a01	4
11.574028	9ae39	7c296dcfe010	7ffdbfcc2670	55f245d7e2ee	55f71aa65250	680e	7	37a60	7ffdbfcbe380	55f71b0be7a0	55f71a949730	a44822a906a6929b	19ec46639276e4a3	a3e10	8cf88	20000	55f71d5f8020
11.584169	9a4ea	55f719bd0c90	7c296d5a94f0	1da9c	8000000000000002	3d1de	7c296d5a94f0	55f719e2b830	7ffdbfcb9c50	0	55f719e2b930	55f719e2c420	7c296e21ace0	7c296d5a94f0	9e34	7ffdbfcb9d68	8000000000000001
11.594536	990a5	7c296d4bc010	0	7c296d8ddd98	f00	3d1de	3289	7ffdbfcbe001	7ffdbfcbb0e0	8	0	7ffdbfcbe200	8000000000000001	0	1	2c13b	7ffdbfcc2670
11.603490	95c77	907c666d7eeba047	7ffdbfcb94b8	29a77486edfdd8fc	fc7edeaad7904b6f	342c1dfe7d9ce3c8	1000000000000000	7ffdbfcc2670	7ffdbfcb94b0	8	0	c60468e41af693c3	60b8e191ff08cdca	0	360cb	94	7ffdbfcb94b0
11.614014	93969	1	7ffdbfcb1e38	1	0	7ffdbfcb1e30	7ffdbfcb1e38	55f71d7c7410	7ffdbfcb1e30	8	0	c4ab6769b2b9f995	2ef2e23ff5d75a7a	fffffe00	640	55f71d7ba490	7ffdbfcb1e30
11.626691	9b041	460	55f719be8500	55f71bbcada0	7ff	0	8001	114e	7ffdbfcbe240	460	fffffffffffff2e0	a52af887556efbdb	e561799b1acf0758	0	2d239	1aa0	0
11.635135	9a4ea	55f71b2d1130	7c296d5781e8	1783b	bfff	3d1de	7c296d5781e8	7d69	7ffdbfcbe230	0	55f71bfde980	a5a456b9d1a6b574	38d168aa826979dc	7c296d5781e8	55f719bd0c90	1701	2
11.642455	9b041	6b3	55f719be8500	55f71df265b0	7ff	0	1	3418f	7ffdbfcbe240	6b3	ffffffffffffebe7	a5ffd43c139af137	11cfa9fb7e57fc7d	3418e	0	1a70	4
11.654669	926c8	7ffdbfcb7fa8	7ffdbfcc2670	8000000000000001	0	7ffdbfcb7fa8	7ffdbfcc2670	16241	7ffdbfcb7e70	1	0	55f71d7c6dd0	0	0	1	55f719be9d30	7ffdbfcc2670
11.668859	92b80	7c296c0fb010	7ffdbfcc2670	8d5100	8000000000000002	3d1de	7ffdbfcbbe10	55f71b43d9c0	7ffdbfcbbdd0	0	55f71b43db80	55f71b43fae0	7c296e21ace0	7c296c9d0110	23544	7ffdbfcbbed8	8000000000000001
11.679023	92711	608	7ffdbfcc2670	55f71b4fb0c0	7ff	0	1000000000000000	0	7ffdbfcb2170	8	0	abe4f177c1a69a93	2cf5cce05b7b6196	0	7ffdbfcbe080	55f719beadb0	2d10d
11.686164	92711	698	7ffdbfcc2670	55f71a64ab70	7ff	0	1000000000000000	35e70	7ffdbfcba250	8	0	a33231d58ea5aa05	5732b984e5fc492	0	1	55f719be9490	35e70
11.695927	9b2e1	7ffdbfcc2670	55f719bd2a30	55f71bf0a130	80	267	7ffdbfcc2670	dbf4	7ffdbfcbe240	10	55f71bf06608	a33eddd7cbaf5065	657e9d8e1ac57815	0	55f719bd0c90	b01	3
11.707175	9b338	0	1aafc	55f243ab85a4	55f71cda4800	55f719b63010	7	cae3	7ffdbfcbe240	55f71cda47e0	55f71a6767a0	a5e857fbc4da8996	19ec46639276e4a3	7c296d5ec558	55f719bd0c90	7ffdbfcc2670	3
11.720423	92b80	7c296c0fb010	7ffdbfcc2670	bc4300	8000000000000002	3d1de	7ffdbfcbbab0	55f719c34170	7ffdbfcbba70	0	55f719c34270	55f719c34950	7c296e21ace0	7c296ccbf310	2f10c	7ffdbfcbbb78	8000000000000001
11.734258	26325b07ae12	1	7c296e21ac80	18	7c296e21ad10	7c296e21ad00	5b	28	7ffdbfcb7700	8	0	a5e4d7e393bc3599	1ff2599449d5b8e7	ffffffffffffff88	30	3	8000000000000001
11.743498	95b5e	0	9e	55f71de543f0	6770	fffffffffffdeea0	107b	108a	7ffdbfcbb038	59a	0	c5adc36151092a7d	119ca62cc8b3679f	6770	0	25e7e	7ffdbfcbe490
11.753516	92b80	7c296c0fb010	7ffdbfcc2670	19880	8000000000000002	3d1de	7ffdbfcbd4f0	55f71aeae3c0	7ffdbfcbd4b0	0	55f71aeae460	55f71aeae730	7c296e21ace0	7c296c114890	662	7ffdbfcbd5e8	8000000000000001
11.762713	9a4ee	55f719d163f0	7c296d6c1198	40a31	80	3d1de	7c296d6c1198	158bb	7ffdbfcbe230	10	55f71ac04158	a563f7e31b4f6923	68bae2cd3fb8173b	7c296d6c1198	55f719bd0c90	1501	2
11.776507	9a4ee	55f71a1db0d0	7c296d8a64d8	7d499	80	3d1de	7c296d8a64d8	29c33	7ffdbfcbe230	10	55f71bb2c060	a42309a765f630d3	905cbd228f751d2d	7c296d8a64d8	55f719bd0c90	201	2
11.790554	26325b07b3b0	4c0	7c296e21ac80	4c1	55f719be1f30	55f719be1f60	0	20	7ffdbfcb8a80	0	55f719be1f40	55f719be2420	7c296e21ace0	ffffffffffffff88	30	55f719b63010	1
11.798030	930da	37743	0	ffffffffffffeb42	7ff	fffffffffffff916	8000000000000001	55f719c86040	7ffdbfcb8d78	f000	0	fffffffffffff916	b119062c7b6ff082	0	6e	58ff	2d707
11.805650	92b80	7c296c0fb010	7ffdbfcc2670	2f1600	8000000000000002	3d1de	7ffdbfcba4f0	55f71a8c9860	7ffdbfcba4b0	0	55f71a8c9960	55f71a8ca850	7c296e21ace0	7c296c3ec610	bc58	7ffdbfcba5e8	8000000000000001
11.811374	9389e	8000000000000002	a0	55f71b5531e0	e22240	3d1de	7c296c0fb010	7ffdbfcc2670	7ffdbfcb9630	8	0	c48d3e1d6e2fd38b	4ff79dc7bcc5c0bb	8000000000000001	e575	38889	7ffdbfcbe490
11.818340	938c4	37997	37997	fffffffffffffb14	7ffdbfcb4140	95eb257dac9b1b18	6f20e10f8337cde7	81	7ffdbfcb40a8	ffd9	0	fffffffffffffe5c	e330284f5bedf31d	7ffdbfcc2670	7ffdbfcbe080	7ffdbfcb4140	7ffdbfcbdf70
11.829938	92c1c	7c296dcfe010	7ffdbfcc2670	0	8000000000000002	3d1de	7c296d957508	55f71ccd2960	7ffdbfcbacf0	0	55f71ccd2be0	55f71ccdbfd0	7c296e21ace0	31235	31235	7ffdbfcbae28	8000000000000001
11.840722	26325b0797bc	0	3	55f246b7ba32	55f719c62650	55f719b63010	7	55f719c625e0	7ffdbfcbe190	55f719c625f0	55f71bb298d0	a41200b9aca7badf	19ec46639276e4a3	7c296e21ac80	0	55f719c62610	1
11.847428	9b041	2e1	55f719be8500	55f71df718b0	7ff	0	1	371b8	7ffdbfcbe240	2e1	fffffffffffff75d	a4ef66a845d5f6eb	bcc8deb9b8f5876d	0	2a780	23a0	0
11.858878	9af40	7c296c0fb010	55f71aba80e0	31940	55f71b17bad0	8000000000000001	8000000000000001	c65	7ffdbfcbe240	55f71b17bab0	55f71c0b3cf8	a40dd5870dd80784	19ec46639276e4a3	3d1de	c65	7ffdbfcc2670	2
11.865613	26325b078709	55f719dd32a0	55f719dd3310	91	7c296e21ace0	55f719dd32a0	55f719dd3310	c0	7ffdbfcbe2f0	55f246acae03	55f719dd33d0	30	19ec46639276e4a3	7c296e21ac98	7c296e21ac80	55f719dd33d0	55f719dd3
11.879154	95a47	23d39a7d27246aad	a6	b7dad71d6a7441b5	5557a4ba8c0ec2c2	78dd50cdb983b917	1000000000000000	23d39a7d27246aad	7ffdbfcbd740	8	0	cbf34ac65410fd01	36a69d324f6f7bed	0	35ccb	2e2a7	7ffdbfcbe490
11.886055	9439e	0	7ffdbfcbb478	1	8	7ffdbfcbb470	7ffdbfcbb478	55f71a4572e0	7ffdbfcbb460	0	0	cbfdc350ec6ee783	3b1d8460ba1c3562	ffff2f80	150	55f71a454690	7ffdbfcbb470
11.899152	92b80	7c296c0fb010	7ffdbfcc2670	b1100	8000000000000002	3d1de	7ffdbfcb6830	55f71b23e250	7ffdbfcb67f0	0	55f71b23e280	55f71b242680	7c296e21ace0	7c296c1ac110	2c44	7ffdbfcb6928	8000000000000001
11.913406	9a500	55f71a228d10	7c296d618a60	55f2459eb161	55f71aef1f90	55f719b63010	7	e86e	7ffdbfcbe230	55f71aef1f30	55f71a6bb3f0	a503cc8a160e2203	19ec46639276e4a3	7c296d618a60	55f719bd0c90	1e01	6
11.920512	9af40	7c296c0fb010	55f719e2c3e0	289440	55f71a8bbd10	8000000000000001	8000000000000001	a251	7ffdbfcbe240	55f71a8bbcf0	55f71d82a908	a3dad4b8e4fabb04	19ec46639276e4a3	3d1de	a251	7ffdbfcc2670	4
11.927773	9af40	7c296c0fb010	55f71b221d00	36b380	55f719fcf110	8000000000000001	8000000000000001	dace	7ffdbfcbe240	55f719fcf0b0	55f71bf28e80	a401ccf5213ae105	19ec46639276e4a3	3d1de	0	7ffdbfcc2670	1
11.940044	26325b07887f	55f71a1dc8b0	55f71a1dcab0	7c296e21ac98	31	55f71a1dc8b0	55f71a1dc980	31	7ffdbfcbe300	55f2456c6afc	55f71a1dcab0	40	19ec46639276e4a3	7c296e21ac98	7c296e21ac80	55f71a1dca70	55f71a1dc
11.947265	92711	1cd	7ffdbfcc2670	55f71c342cc0	7ff	0	1000000000000000	7ffdbfcc2670	7ffdbfcbdad0	8	0	a4d80709abacdbb5	1f4d7ce6fdde6400	0	0	55f719be86b0	3429e
11.954476	92c1c	7c296dcfe010	7ffdbfcc2670	7ffd	8000000000000002	3d1de	7c296d5ee2b0	55f719c123b0	7ffdbfcbd920	0	55f719c124b0	55f719c13070	7c296e21ace0	cc1c	cc1c	7ffdbfcbda28	8000000000000001
11.962468	990a5	7c296d4bc010	0	7c296d661090	1f00	3d1de	20c8	7ffdbfcbe201	7ffdbfcbb0c0	8	0	7ffdbfcbe360	8000000000000001	0	1	118b0	7ffdbfcc2670
11.973814	92711	453	7ffdbfcc2670	55f71bf8e6f0	7ff	0	1000000000000000	7ffdbfcc2670	7ffdbfcbb760	8	0	a30a948aff0470ff	b2089455378ec1a2	0	0	55f719be9280	2e7ec
11.983947	92711	a8	7ffdbfcc2670	55f71bf1a950	7ff	10	0	35690	7ffdbfcbb8d0	8	0	a30019a44b653bb1	a1cfc8f081bcc4d	0	1	55f719be8ef0	35690
11.996869	9b041	382	55f719be8500	55f71a4b5600	7ff	0	1	33282	7ffdbfcbe240	382	fffffffffffff57a	a4fde134cdf61b73	5ab2fe791e3bfcc0	0	39282	420	3
12.008261	9b041	fe	55f719be8500	55f71c249010	7ff	0	101	27fbc	7ffdbfcbe240	fe	fffffffffffffd06	abeb39388bc6eb73	ad8f74fcf22552ff	0	8a0b	2be0	4
12.021715	92b80	7c296c0fb010	7ffdbfcc2670	a150c0	8000000000000002	3d1de	7ffdbfcb43d0	55f71aa22580	7ffdbfcb4390	0	55f71aa225b0	55f71aa22fb0	7c296e21ace0	7c296cb100d0	28543	7ffdbfcb44d8	8000000000000001
12.032335	95cf6	b8b0e889dd20bb6	7ffdbfcb8aa8	f3d4873dee20587d	ed961091af3e0ca0	28b3b982a3804e72	1000000000000000	3715b	7ffdbfcb8aa0	8	0	a58bec18bdb0ce03	4d7f0543824e5e1a	0	1	0	7ffdbfcb8aa0
12.043473	9a390	55f71a2e7a70	7ffdbfcc2670	7c296d4bc010	0	3d1de	7ffdbfcb7f78	0	7ffdbfcb7ef0	8	0	a586561ed17c01e9	2830e31c6513c873	7c296d4bc010	7c296d538180	7ffdbfcb8068	8000000000000001
12.054409	990a5	7c296d4bc010	0	7c296d517960	3f00	3d1de	55b8	7ffdbfcbe201	7ffdbfcb9d40	8	0	7ffdbfcbe360	8000000000000001	0	1	3d0e	7ffdbfcc2670
12.067473	9af40	7c296c0fb010	55f71a818810	24a680	55f71a126fb0	8000000000000001	8000000000000001	929a	7ffdbfcbe240	55f71a126f90	55f71d81f528	a3dc554da46b44c9	19ec46639276e4a3	3d1de	929a	7ffdbfcc2670	3
12.075175	9ab4a	0	55f719bd2a30	55f245f63a69	55f71a879210	55f719b63010	55f71a8791c0	10a1b	7ffdbfcbe238	55f71a8791f0	55f71dd7cdb8	a3ce55e2dc43feb5	19ec46639276e4a3	7c296d64b298	55f719bd0c90	f01	1
12.085087	942a9	1c4f8c6af344683a	7ffdbfcbcae8	f184571cc2ff7475	8	7ffdbfcbcae0	7ffdbfcbcae8	7ffdbfcc2670	7ffdbfcbcad0	359866aed527f2e	e18e411fd5ef7e6b	d485add97ec21025	dac2fc7e49ba0dac	343cf	0	343cf	7ffdbfcbcae0
12.098961	9959a	72c21e92f47dafc1	7ffdbfcba428	eb12f6622d7a7ee8	d992cff08875249b	d4be8fc06f1967c2	1800000000000000	87d1	7ffdbfcba420	8	0	2463eb30c605f695	fd6760e54e72d8b3	0	1	7ffdbfcba510	7ffdbfcba420
12.109538	95b48	55f71de75550	b0	55f71de26a50	3fff	fffffffffffb1500	2748	2757	7ffdbfcbb9b0	6076	0	c9985337ba90d963	64776cf2e94306f7	0	ea96	299fc	7ffdbfcbe490
12.122865	95c1f	0	7ffdbfcbb6d8	1	0	7ffdbfcbb6d0	7ffdbfcbb6d8	55f71aeeb2c0	7ffdbfcbb6d0	8	0	a3fbd64218549822	a0db032f2364e518	55f719be8ef0	35	349d3	7ffdbfcbb6d0
12.132888	9b041	651	55f719be8500	55f71c29fd80	7ff	0	1	34251	7ffdbfcbe240	651	ffffffffffffed0d	a555d543058cf2b1	a7957a337995f236	34250	0	1230	0
12.141980	9b041	27	55f719be8500	55f71c221120	7ff	0	2	12fc1	7ffdbfcbe240	28	ffffffffffffff88	a5e57ba8c8ca46e5	8c5e4a21493b20b2	0	12fc2	1f50	2
12.147285	95d00	43f82d3a22397589	7ffdbfcbe1d8	c7ebfab71ac92216	d02bfdadb2535253	906a27da93d3d097	1000000000000000	2b15d	7ffdbfcbe1d0	8	0	a5fd083a4fcbce2b	a34b0ba8c6e607fa	0	c5fc	0	7ffdbfcbe1d0
12.153269	9af40	7c296c0fb010	55f71b16fcf0	d0ebc0	55f71b35b8e0	8000000000000001	8000000000000001	343af	7ffdbfcbe240	55f71b35b880	55f71d4f8ab0	a308229c5c7b3a33	19ec46639276e4a3	3d1de	0	7ffdbfcc2670	1
12.158802	26325b07886f	55f71b233200	55f71b233450	7c296e21ac98	30	55f71b233200	55f71b233270	1e0	7ffdbfcbe300	55f244528663	55f71b233450	30	19ec46639276e4a3	7c296e21ac98	7c296e21ac80	55f71b233450	55f71b233
12.169498	92711	206	7ffdbfcc2670	55f71a4a8de0	7ff	0	1000000000000000	0	7ffdbfcbceb0	8	0	a488533aecda6c83	f1b5d49eb5712beb	0	7ffdbfcbe080	55f719be8830	328b7
12.178773	92b80	7c296c0fb010	7ffdbfcc2670	b04f80	8000000000000002	3d1de	7ffdbfcb86f0	55f71bb7add0	7ffdbfcb86b0	0	55f71bb7ae00	55f71bb7d5e0	7c296e21ace0	7c296cbfff90	2c13e	7ffdbfcb87e8	8000000000000001
12.193289	991fa	7c296d4bc010	0	8e011f509f5dfae0	55f71ae8ec40	3d1de	7	7ffdbfcbe001	7ffdbfcbdba0	b6	4	7ffdbfcbe200	8000000000000001	0	1	37200	7ffdbfcc2670
12.201222	990a5	7c296d4bc010	0	7c296d51dac8	300	3d1de	9700	7ffdbfcbe001	7ffdbfcb75a0	8	0	7ffdbfcbe200	8000000000000001	0	1	411d	7ffdbfcc2670
12.214669	9b041	45	55f719be8500	55f71b043ea0	7ff	0	1	6030	7ffdbfcbe240	45	ffffffffffffff31	a5a78c2ea79a835b	371494ecb783278a	0	3cc9	17a0	2
12.228979	9b041	393	55f719be8500	55f71a4c1e20	7ff	0	1	2e10f	7ffdbfcbe240	393	fffffffffffff547	a43c505de415026b	3c685a51181f3c6a	28ffc	0	240	1
12.234311	9b041	16	55f719be8500	55f71d4e2ae0	7ff	0	1	3152c	7ffdbfcbe240	16	ffffffffffffffbe	a580d60d91440e41	2f1500990567830f	85c4	0	1890	4
12.247200	95c66	e9635b2108fce21	7ffdbfcbd068	e4d96b0db8b41022	2d76dd180001a91d	d6f173f44f301a46	1000000000000000	55f71b4d1330	7ffdbfcbd060	8	0	c89ce4d4ecfdcb19	8f6b5dc26116bce1	25d5	1574	ba	7ffdbfcbd060
12.259667	92b80	7c296c0fb010	7ffdbfcc2670	127b80	8000000000000002	3d1de	7ffdbfcb8db0	55f71d5b19d0	7ffdbfcb8d70	0	55f71d5b1a70	55f71d5b3650	7c296e21ace0	7c296c222b90	49ee	7ffdbfcb8ea8	8000000000000001
12.273078	96f49	55f71cde5c10	23fd0	ffffffffffffed40	7ff	fffffffffffff9c0	630	55f71a5e53d0	7ffdbfcbbde0	7f55	0	a4fa09d56eff71e7	a33283c88427c32b	55f719be8bc0	66e	0	2913c
12.282719	943ca	dd3e387b6441f2d	15e3e	e4e7c78ac340de01	8	7ffdbfcbce10	7ffdbfcbce18	55f71d7c76e0	7ffdbfcbce00	0	0	87307bd858caa11d	411fd5ee2055e18e	ffff2980	4d0	55f71d7bd710	7ffdbfcbce10
12.289082	9a4ea	55f71b0c05b0	7c296d8b5208	7f23f	6f80	3d1de	7c296d8b5208	2a615	7ffdbfcbe230	1	55f71bfbe5f8	a3cbd50a65e5557f	1d4bc0bb4416526b	7c296d8b5208	55f719bd0c90	f01	4
12.301511	9af40	7c296c0fb010	55f71a29bce0	2943c0	55f71a473290	8000000000000001	8000000000000001	a50f	7ffdbfcbe240	55f71a473230	55f71bef4340	a42fd0bf67d051fb	19ec46639276e4a3	3d1de	0	7ffdbfcc2670	2
12.311025	9a500	55f71a0694f0	7c296d5293c0	55f245773649	55f71a069620	55f719b63010	7	48d2	7ffdbfcbe230	55f71a0695c0	55f71cd4e280	a40ff64d8a3006f3	19ec46639276e4a3	7c296d5293c0	55f719bd0c90	1f01	1
12.321859	92b80	7c296c0fb010	7ffdbfcc2670	cf9200	8000000000000002	3d1de	7ffdbfcbb3f0	55f719c60630	7ffdbfcbb3b0	0	55f71a26a410	7c296e21ad00	7c296e21ace0	7c296cdf4210	33e48	7ffdbfcbb4b8	8000000000000001
12.328107	92711	cc	7ffdbfcc2670	55f71defcd50	7ff	0	1000000000000000	7ffdbfcc2670	7ffdbfcb9240	8	0	a5e557e453daf8a7	1323c844203333f9	37b6c	0	55f719be9ee0	0
12.337748	92b80	7c296c0fb010	7ffdbfcc2670	bfbbc0	8000000000000002	3d1de	7ffdbfcb6f90	55f71d5f05a0	7ffdbfcb6f50	0	55f71d5f05d0	55f71d5f0c10	7c296e21ace0	7c296ccf6bd0	2feef	7ffdbfcb7098	8000000000000001
12.347488	926be	3f	7ffdbfcc2670	8000000000000001	2a50c	7ffdbfcbbed8	7ffdbfcc2670	7ffdbfcc2670	7ffdbfcbbdd0	2261	0	c9815f5afe7e77af	6f819c7480ff7dd6	0	0	55f719be90d0	7ffdbfcbe490
12.358486	997bb	55f71b5dd3e0	216a	0	1fff	ffffffffffff5380	1	0	7ffdbfcb7640	f87e	0	55f71b5e8060	0	0	1	7ffdbfcb7690	7ffdbfcbe0f0
12.371108	9b041	7c6	55f719be8500	55f71cdccbd0	7ff	0	1	faa	7ffdbfcbe240	7c6	ffffffffffffe8ae	a403d05e22da133d	63442198ebc76a0d	13ec4	0	6f0	6
12.382133	9a500	55f71a740460	7c296d4be440	486	dbff	3d1de	7c296d4be440	182	7ffdbfcbe230	0	55f71df216f0	a5ffd43c139a6a16	11a285cd2290631a	7c296d4be440	55f719bd0c90	1a01	1
12.387950	9a4ea	55f71a8574c0	7c296da17490	ab690	9eff	3d1de	7c296da17490	39230	7ffdbfcbe230	0	55f71c0a61a0	a5018063bcc19759	88eb6ff7cadc2e0	7c296da17490	55f719bd0c90	2101	1
12.394533	9b391	1	55f71b38bf30	55f71d249500	55f71df0b930	55f719b63010	7	7c296dcfe010	7ffdbfcbe240	55f71df0b910	55f71ac29380	a5f65476cd6d52a2	19ec46639276e4a3	3d1de	320b3	1	3
12.407845	9389e	8000000000000002	c2	55f71b4cfdc0	12fa00	3d1de	7c296c0fb010	7ffdbfcc2670	7ffdbfcbd610	8	0	c4c99584a2214143	d2f76a802ceb345a	8000000000000001	364d	4be8	7ffdbfcbe490
12.422467	96f49	55f71dedbd90	2bdbd	ffffffffffffe818	7ff	fffffffffffff808	7e8	55f71a46a780	7ffdbfcb2ae0	e5fe	0	a49b6176c6b4905b	493a7fb6051262e4	55f719beaba0	7f8	0	2499
12.435003	92711	12a	7ffdbfcc2670	55f71bf81ed0	7ff	0	1000000000000000	7ffdbfcc2670	7ffdbfcbb710	8	0	a3c4d573e8e8d674	f6c74f595cc353e5	13f31	0	55f719be9310	0
12.444077	92711	81	7ffdbfcc2670	55f71ddb2f70	7ff	0	1000000000000000	7ffdbfcc2670	7ffdbfcbb6d0	8	0	a35451d625474765	48ccedfffa4a91e4	0	0	55f719be92b0	3ac36
12.455683	9b041	61a	55f719be8500	55f71cdb3b90	7ff	0	1	12e4c	7ffdbfcbe240	61a	ffffffffffffedb2	a4c21454058c8983	45f3457d2eac28d6	0	29eeb	660	3
12.464245	9ab44	0	55f71b0bd790	55f2447a689d	55f71b0bd820	55f719b63010	7	f8a4	7ffdbfcbe220	55f71b0bd7c0	55f71a6073a8	a402e421df6071dd	19ec46639276e4a3	7c296d630f70	55f719bd0c90	401	1
12.475691	9b2c1	3c9	55f719be8500	55f71a2dc6b0	a6ff	3b9	7ffdbfcc2670	1f91	7ffdbfcbe240	0	55f71a2d6bd8	a5ba5688d1f15400	4b511217aab21908	11e51	0	1601	4
12.484631	9a4ee	55f71c1c4410	7c296d58e688	1a4cf	ffff	3d1de	7c296d58e688	8c45	7ffdbfcbe230	0	55f71a411e28	a440d62d9923dd0c	d899c824e8dcbe4e	7c296d58e688	55f719bd0c90	1	0
12.497197	943e6	5c3c3bf2cafda580	0	1c0cb8346c184363	8	7ffdbfcbbd80	7ffdbfcbbd88	7ffdbfcc2670	7ffdbfcbbd70	0	0	9ba8f2f63377b654	4cb7a5383f34bf02	8000000000000001	3cf20	c6	7ffdbfcbbd80
12.504426	9389e	8000000000000002	7ffdbfcc2670	3f	2f9d40	3d1de	7c296c0fb010	8000000000000001	7ffdbfcb3210	7ffdbfcbe080	63	7ffdbfcbdf70	dfc452422cc087ca	81	7ffdbfcbe080	be75	63
12.517205	958e0	1182	c4	55f71b5e8060	1fff	0	1000000000000000	7ffdbfcc2670	7ffdbfcb7e10	8	0	c4feca955ef8034f	f7eb38943cce474d	8000000000000001	379bc	379bb	7ffdbfcbe490
12.531734	943ca	f7e52f9701969dad	57	2cf57bf37e06a0a1	8	7ffdbfcb67b0	7ffdbfcb67b8	55f71bed31e0	7ffdbfcb67a0	0	0	e9bbe91496340ed8	c87f11ee5d3e10eb	fffffff8	460	55f71beca100	7ffdbfcb67b0
12.540412	9a4ea	55f71aad3660	7c296d6e18e0	44b1a	ff	3d1de	7c296d6e18e0	16e5e	7ffdbfcbe230	c	55f71a490aa8	a4918fb8b0c699a5	817b202cfafc330c	7c296d6e18e0	55f719bd0c90	301	4
12.548469	9b2cd	229	55f719be8500	55f71a62d940	40ff	219	7ffdbfcc2670	4f8b	7ffdbfcbe240	1	55f71a62a568	a41ea7f39985aad1	172abfa1023af7e8	0	55f719bd0c90	301	3
12.563586	9af40	7c296c0fb010	55f71aec4360	4f3240	55f71df3c760	8000000000000001	8000000000000001	13cc9	7ffdbfcbe240	55f71df3c700	55f71d8057e8	a558cd4c442480fb	19ec46639276e4a3	3d1de	0	7ffdbfcc2670	2
12.574427	26325b078806	55f71af57d00	55f71df2aaf0	91	0	55f71af57d00	55f71df2aaf0	20b0	7ffdbfcbe300	55f24283131c	55f71df2cc30	90	19ec46639276e4a3	7c296e21aca0	7c296e21ac80	55f71df2cba0	55f71df2c
12.583347	92711	2b3	7ffdbfcc2670	55f71bfb1cc0	7ff	0	1000000000000000	7ffdbfcc2670	7ffdbfcba830	8	0	a5ad6a959d192c83	bb11c96835e9f6b1	0	0	55f719be9790	2900f
12.590766	9389e	8000000000000002	ca	55f71bce5640	d3900	3d1de	7c296c0fb010	7ffdbfcc2670	7ffdbfcb74c0	8	0	c4520abcba8f894b	747af92740358d33	8000000000000001	93a	34e4	7ffdbfcbe490
12.597740	993c4	4269	0	0	1fff	fffffffffffe4480	1	4269	7ffdbfcb5600	0	0	55f71b5e8060	0	0	1	0	7ffdbfcc2670
12.606376	9a4c0	55f71ab0d960	7ffdbfcbd068	2d31	20	55f71ab0d890	55f71ab0d960	4	7ffdbfcbcfe0	0	55f71ab0d960	55f71ab106b0	7c296e21ace0	4	55f71ab0d960	55f71ab0d860	55f71ab0d930
12.619001	96f49	55f71bf33110	25b89	fffffffffffff580	7ff	fffffffffffffc80	370	55f719db77c0	7ffdbfcbc080	ce7e	0	a4f60cb401111b01	e50c37d06834a443	55f719be8b30	37f	0	25b88
12.624942	92c1c	7c296dcfe010	7ffdbfcc2670	0	8000000000000002	3d1de	7c296d53e030	55f71b54f6f0	7ffdbfcb7250	0	55f71b54f7f0	55f71b5541f0	7c296e21ace0	56ac	56ac	7ffdbfcb7388	8000000000000001
12.635531	9a500	55f71a154990	7c296d9046f0	55f2422a2aef	55f71d5bff50	55f719b63010	7	2daf4	7ffdbfcbe230	55f71d5bfe80	55f71cdb96d8	a4d61606039c5a1f	19ec46639276e4a3	7c296d9046f0	55f719bd0c90	101	2
12.649833	9af40	7c296c0fb010	55f71a1fd590	bad980	55f71ce657d0	8000000000000001	8000000000000001	2eb66	7ffdbfcbe240	55f71ce65770	55f71b3e2dc0	a59b18ee93ec369b	19ec46639276e4a3	3d1de	0	7ffdbfcc2670	1
12.659230	9ab44	0	55f71af36270	55f24582cdf6	55f71af362c0	55f719b63010	7	34114	7ffdbfcbe230	55f71af362a0	55f71cea3650	a566d54284fe8351	19ec46639276e4a3	7c296d99d9f0	55f719bd0c90	1301	3
12.665696	9389e	8000000000000002	cc	55f71b5e8060	f7640	3d1de	7c296c0fb010	7ffdbfcc2670	7ffdbfcbb520	8	0	c6aed7cc869a0237	2276fd30a3258ddf	8000000000000001	0	3dd9	7ffdbfcbe490
12.672224	94415	0	7ffdbfcb91a8	1	0	7ffdbfcb91a0	7ffdbfcb91a8	2c7b5	7ffdbfcb9190	0	1	c6a7135f02bca288	b3551457d7ae4db7	7ffdbfcc2670	7ffdbfcbe020	7ffdbfcb92a0	7ffdbfcb91a0
12.680695	99265	db19f245d7e600ea	91c	55f719d28430	7	3d1de	24e60dba2819af15	7ffdbfcbe001	7ffdbfcb6d60	ce	4	7ffdbfcbe200	8000000000000001	0	1	0	7ffdbfcc2670
12.691095	26325b07c210	0	ffffffffffffff88	0	55f719b63010	8	38	38	7ffdbfcb7d40	0	55f71a6cd350	55f71a6ce870	7c296e21ace0	2	7c296d4bc010	55f71a6cd280	55f71a6cd350
12.699242	92739	e5	7ffdbfcc2670	55f71bf8e6f0	7ff	30	1000	7ffdbfcc2670	7ffdbfcbb760	fffffffffffffd2d	0	a3c25574a8ba6375	f3a52f2fe157ff12	544e	0	55f719be9280	0
12.709210	92739	48	7ffdbfcc2670	55f71dd8de50	7ff	0	2	0	7ffdbfcb5690	ffffffffffffff25	0	a41a5558e3e6d90c	b32752a365cd97eb	34a55	1	55f719bea780	0
12.720378	9a4ea	55f71ce10430	7c296d5857a8	192f3	17ff	3d1de	7c296d5857a8	8651	7ffdbfcbe230	3	55f71b09f170	a41dc75fe10243cb	4c9e104d74fa7e44	7c296d5857a8	55f719bd0c90	2201	4
12.734371	9b041	44c	55f719be8500	55f71cd31790	7ff	0	2	29b45	7ffdbfcbe240	44d	fffffffffffff319	a419d55d227db813	af6267a463a8b726	26b52	0	22b0	2
12.743090	9b041	6b5	55f719be8500	55f71df3a810	7ff	0	2	3b45a	7ffdbfcbe240	6b6	ffffffffffffebde	a5fc543dca383f08	edb6f858f098f6e1	3b459	0	1a40	5
12.755238	95b67	0	d2	55f71bce5640	0	0	1	7ffdbfcc2670	7ffdbfcb8a20	55f71bc67a60	7dbe0	c1e156ef50f27903	4f19180af77a16a6	0	382ae	3b77a	7ffdbfcbe490
12.768016	99185	7c296d4bc010	138f9	7c296d4bc010	1f01	3d1de	55f719c4fb00	7ffdbfcbe001	7ffdbfcb92e0	8000000000000000	0	7ffdbfcbe200	8000000000000001	0	1	0	7ffdbfcc2670
12.777611	9866c	8000000000000001	7ffdbfcb8660	8000000000000001	1	7ffdbfcb8728	7ffdbfcb8660	8000000000000000	7ffdbfcb85c0	0	55f71a2f0710	55f71a2f5420	7c296e21ace0	36f22	55f71a2f0670	7ffdbfcb8728	7ffdbfcb8728
12.783403	98f94	7ffdbfcbe0f0	0	7ffdbfcbe200	0	29de9	7ffdbfcc2670	0	7ffdbfcb7c60	1	0	7ffdbfcbe200	8000000000000001	0	1	29de9	7ffdbfcc2670
12.797581	9389e	8000000000000002	e65b	e6500db47b1edcc0	3996c0	3d1de	7c296c0fb010	8000000000000000	7ffdbfcb68b0	d0	4	7ffdbfcbe360	8000000000000001	0	1	0	7ffdbfcc2670
12.803498	9af40	7c296c0fb010	55f71c170970	3f38c0	55f71b266900	8000000000000001	8000000000000001	fce3	7ffdbfcbe240	55f71b2668a0	55f71ceece08	a495dcb1a46043f3	19ec46639276e4a3	3d1de	0	7ffdbfcc2670	1
12.813449	26325b079762	3	3	1	55f71b432820	55f719b63010	7	55f71b4327f0	7ffdbfcbe1a0	55f71b432800	55f71ddd86f8	a3e356955e890073	19ec46639276e4a3	7c296e21ac80	0	55f71b432820	1
12.828471	9b041	4f	55f719be8500	55f71ccf8490	7ff	0	20	63e5	7ffdbfcbe240	54	ffffffffffffff04	ab26cd165d6c49dd	7d1ad9e80fe0bcb8	0	6d72	2d30	1
12.836043	95cf2	6ff005a8bd2c6434	7ffdbfcb7928	f88b9721044d1d9e	94c87609ead3711e	80512e8996e3a68c	1000000000000000	7ffdbfcc2670	7ffdbfcb7920	8	0	c7548276fc6ba307	ee6a0323edefa769	8000000000000001	321d9	d4	7ffdbfcb7920
12.843552	92a5a	55f71bb6cd20	7ffdbfcc2670	7c296d4bc010	a18ad	3d1de	35d8f	81	7ffdbfcb6690	8	0	a51c063b1b63830b	eeb035c65f8cb234	7c296d9c8578	7c296d4bc010	7ffdbfcb67d8	55f71bb6cbf0
12.858631	92b80	7c296c0fb010	7ffdbfcc2670	8a940	8000000000000002	3d1de	7ffdbfcbc150	55f71b36b970	7ffdbfcbc110	0	55f71b36b9a0	55f71b36f7e0	7c296e21ace0	7c296c185950	22a5	7ffdbfcbc248	8000000000000001
12.873795	95c99	8a3ba87fad1991e0	7ffdbfcbc208	ca8d5d791ede3bdb	4f471a2439db43d	f6486daff2ba1b33	1000000000000000	7ffdbfcc2670	7ffdbfcbc200	8	0	c73bf95adb9a5a4d	1a299ea6c8caec78	0	0	d6	7ffdbfcbc200
12.881286	92a5a	55f71c2221b0	7ffdbfcc2670	7c296d4bc010	7d1a8	3d1de	29b38	29b38	7ffdbfcbd570	8	0	a4c5664587f299c1	4737b4deb402ddec	7c296d8a4d50	7c296d4bc010	7ffdbfcbd6a8	55f71c222140
12.892005	9af63	7c296cad0190	55f71b5da1d0	95eb257dac9b1b18	8000000000000002	8000000000000001	8000000000000001	27546	7ffdbfcbe240	55f71b4d4100	55f71d5c7eb0	a481d6d12219a587	19ec46639276e4a3	3d1de	27546	7ffdbfcc2670	3
12.904788	9af40	7c296c0fb010	55f719c444b0	cbbec0	55f71a32d1d0	8000000000000001	8000000000000001	32efb	7ffdbfcbe240	55f71a32d170	55f71bee6d28	a4fd9c18626b6933	19ec46639276e4a3	3d1de	0	7ffdbfcc2670	3
12.918730	9a500	55f71b02d890	7c296da4a6e8	b1cdb	80	3d1de	7c296da4a6e8	3b449	7ffdbfcbe230	10	55f71d566fe0	a5ca5460cde43f97	20e5d3e0c32bf741	7c296da4a6e8	55f719bd0c90	1c01	2
12.927785	9439e	1c4f8c6af344b486	7ffdbfcbda38	f184571cc2ff7475	8	7ffdbfcbda30	7ffdbfcbda38	55f71d469b20	7ffdbfcbda20	0	0	c67b3d97a449179b	90b0310d2584caf8	b31	351	d8	7ffdbfcbda30
12.939483	26325b07ae7d	7	7c296e21ac80	18	55f71ab1f0e0	7c296e21ad00	0	28	7ffdbfcbdd30	0	7	7	7c296e21ace0	ffffffffffffff88	30	55f719b63010	1
12.949707	92b80	7c296c0fb010	7ffdbfcc2670	c4e380	8000000000000002	3d1de	7ffdbfcba1d0	55f71a09c9a0	7ffdbfcba190	0	55f71a09c9d0	55f71a0a0200	7c296e21ace0	7c296cd49390	3138e	7ffdbfcba2c8	8000000000000001
12.962656	92677	8000000000000001	0	0	1ff	7ffdbfcbc628	7ffdbfcc2670	0	7ffdbfcbc4f0	0	0	55f71a710fa0	0	0	1	3a23e	7ffdbfcc2670
12.971779	9a4ee	55f719bd0c90	7c296d578440	17886	8000000000000002	3d1de	7c296d578440	55f71a47cc90	7ffdbfcbb5e0	0	55f71a47cf70	55f71a4801f0	7c296e21ace0	7c296d578440	7d82	7ffdbfcbb728	8000000000000001
12.978486	26325b07c060	0	7ffdbfcb8798	0	20	8	20	4	7ffdbfcb8708	0	55f71de7c8d0	55f71decfd80	7c296e21ace0	20	7c296da24528	55f71de7c870	55f71de7c8d0
12.985224	9b041	520	55f719be8500	55f71a669100	7ff	0	1	e9b3	7ffdbfcbe240	520	fffffffffffff0a0	a5b915808e877251	e4e4c761a63620e0	0	26038	12f0	4
12.996597	9af40	7c296c0fb010	55f71a9972a0	c8d140	55f71a95ce20	8000000000000001	8000000000000001	32345	7ffdbfcbe240	55f71a95ce00	55f71bf642e8	a3d6d5fa92808e48	19ec46639276e4a3	3d1de	32345	7ffdbfcc2670	5
13.008557	9b041	718	55f719be8500	55f71d51ec10	7ff	0	1	2561	7ffdbfcbe240	718	ffffffffffffeab8	a3f5567c63fca13b	47c6f60d5f9ade33	2b0a0	0	7e0	3
13.014407	26325b078806	55f71ae9d0d0	55f71ae9e2b0	211	0	55f71ae9d0d0	55f71ae9e2b0	ea0	7ffdbfcbe300	55f245985dff	55f71ae9f360	210	19ec46639276e4a3	7c296e21aca0	7c296e21ac80	55f71ae9f150	55f71ae9f
13.028238	95b63	0	de	55f71bce5640	0	0	1	7ffdbfcc2670	7ffdbfcb8c50	55f71bc87120	5e520	f991add2949d632f	1a7e67dbc4001411	9d1d	0	0	7ffdbfcbe490
13.040553	92b80	7c296c0fb010	7ffdbfcc2670	b50900	8000000000000002	3d1de	7ffdbfcb9f90	55f71a7075e0	7ffdbfcb9f50	0	55f71a707610	55f71a70b300	7c296e21ace0	7c296cc4b910	2d424	7ffdbfcba088	8000000000000001
13.047029	9a4ee	55f719bd0c90	7c296d4e6568	54ab	8000000000000002	3d1de	7c296d4e6568	55f71afd13f0	7ffdbfcbb700	0	55f71afd14f0	55f71afd2480	7c296e21ace0	7c296d4e6568	1c39	7ffdbfcbb818	8000000000000001
13.059861	92b80	7c296c0fb010	7ffdbfcc2670	24dfc0	8000000000000002	3d1de	7ffdbfcb5010	55f71d4c3b00	7ffdbfcb4fd0	0	55f71d4c3ba0	55f71d4ca2b0	7c296e21ace0	7c296c348fd0	937f	7ffdbfcb5118	8000000000000001
13.065691	9a4c0	55f71cd798f0	7ffdbfcb7d18	a921	20	55f71cd79890	55f71cd798f0	4	7ffdbfcb7c90	0	55f71cd798f0	55f71cd84230	7c296e21ace0	4	55f71cd798f0	55f71cd79860	55f71cd798c0
13.078226	9b2cd	28	55f719be8500	55f71d78bab0	c0ff	18	7ffdbfcc2670	b720	7ffdbfcbe240	0	55f71d78b6f0	a5a348a13e03bb79	4e6b04b31bdd9a4	0	55f719bd0c90	1601	1
13.090765	9af40	7c296c0fb010	55f71af5b880	cfde80	55f71b26eac0	8000000000000001	8000000000000001	33f7a	7ffdbfcbe240	55f71b26ea60	55f71d59a600	a54237ed15d8a543	19ec46639276e4a3	3d1de	0	7ffdbfcc2670	2
13.098018	9a500	55f71af0b710	7c296d65af40	33de6	feff	3d1de	7c296d65af40	114a2	7ffdbfcbe230	0	55f71aedd590	ab10d3e52b23b27b	61dc8f3815128421	7c296d65af40	55f719bd0c90	2a01	2
13.108504	92988	b1400	7ffdbfcc2670	7c296d4bc010	0	3d1de	0	7ffdbfcc2670	7ffdbfcbabd0	8	0	a572d504853f63af	ac611705960ce124	7c296d4bc010	7c296da463e0	7ffdbfcbacd8	55f71a0ec0b0
13.122461	94883	ff2	7ffdbfcc2670	55f71de9f750	fff	0	1100000000000001	8000000000000001	7ffdbfcb5980	0	1	fb36facad4a398c7	a2bb251f58b83f73	81	7ffdbfcbe080	13cb	4c
13.132136	9a3a2	2	7ffdbfcb38d8	55f71b29fd50	0	3d1de	7ffdbfcb38d8	0	7ffdbfcb3850	8	0	ab1653e6ebdf990f	660655c26adacd49	7c296d4bc010	7c296d8e4590	7ffdbfcb39c8	8000000000000001
13.144649	95a95	55f71bce5640	e2	1e	7fff	5373b4d19bed7d3e	0	2b93	7ffdbfcbdaa0	0	200	fb44de8c2b921b75	d462f44b30cdc22	0	10688	be9f	7ffdbfcbe490
13.153314	92869	494	7ffdbfcc2670	55f71a4b5600	7ff	0	feff	37cf8	7ffdbfcbceb0	8	0	a49070f1c07a7d1b	70c847131feadc08	0	1	7ffdbfcbcfe8	37cf8
13.165244	26325b07c3d5	31	ffffffffffffff50	8	ffffffffffffff88	55f71dee5990	55f71dee59a0	0	7ffdbfcbe200	1	55f71ce8e228	a42155c662b6db1f	dc010162a8d36b7e	7c296d8e8088	55f719bd0c90	2401	2
13.174820	9af63	7c296c5f4350	55f71a7017a0	95eb257dac9b1b18	8000000000000002	8000000000000001	8000000000000001	13e4d	7ffdbfcbe240	55f719c23e70	55f71bfef698	a3ce6136706e88b3	19ec46639276e4a3	3d1de	0	7ffdbfcc2670	0
13.186785	9b391	1	55f71b3f8190	55f71d249500	55f71aa205d0	55f719b63010	7	7c296dcfe010	7ffdbfcbe240	55f71aa205b0	55f71a9d4bb0	a5cd54704da89025	19ec46639276e4a3	3d1de	162ce	1	5
13.195828	26325b078825	55f71bb69b10	55f71bb69da0	40	55f71bb69d30	55f71bb69b10	55f71bb69b80	30	7ffdbfcbe300	55f244c72579	55f71bb69e10	40	19ec46639276e4a3	7c296e21ac98	7c296e21ac80	55f71bb69dd0	55f71bb69
13.208998	939b9	f15d1e6ac59004da	7ffdbfcb23b8	8dbf9726c56cd916	c5d1f76970165b4b	a5e8eb23b185b5c6	1100000000000001	7ffdbfcbdf70	7ffdbfcb23b0	0	1	fa796c364964c149	35adf5fc9f1c70bd	81	7ffdbfcbe020	7ffdbfcb2460	7ffdbfcb23b0
13.217026	96f3d	55f71bff74b0	3c9cd	4c	7ff	16b	15b	55f71ae6fe40	7ffdbfcbb520	1fdf	0	a3ef55d7584dd8f2	67c40e5ba0f15af4	55f719be8da0	25b	3c9cb	0
13.231462	9389e	8000000000000002	e4	55f71bec1e60	98b00	3d1de	7c296c0fb010	7ffdbfcc2670	7ffdbfcbdc80	8	0	fbbc3fcf1d2947b3	5f4503bcb361e516	8000000000000001	0	262c	7ffdbfcbe490
13.237106	9a4ee	55f719bd0c90	7c296da2a348	adc67	8000000000000002	3d1de	7c296da2a348	55f71a7266e0	7ffdbfcb9ae0	0	55f71a7267e0	55f71a7268e0	7c296e21ace0	7c296da2a348	39ecd	7ffdbfcb9bf8	8000000000000001
13.244038	9389e	8000000000000002	e6	55f71bce5640	47a480	3d1de	7c296c0fb010	7ffdbfcc2670	7ffdbfcb9a70	8	0	fb87b042ab164ff5	c707d58d124005b	8000000000000001	fa0	11e92	7ffdbfcbe490
13.255225	94455	0	0	1	0	7ffdbfcb8f50	7ffdbfcb8f58	7ffdbfcbe250	7ffdbfcb8f40	8	0	fb9efe2d9f23038f	483795e899e93ff5	0	1	7ffdbfcb8ff0	7ffdbfcb8f50
13.267090	9b041	753	55f719be8500	55f71c2ee5c0	7ff	0	1	29adc	7ffdbfcbe240	753	ffffffffffffea07	a4ed1f712afbc10b	6e787918fb094e8a	0	29adb	570	2
13.280232	9b041	4d2	55f719be8500	55f71d5bf660	7ff	0	1	d71	7ffdbfcbe240	4d2	fffffffffffff18a	a42ad57091a94a70	9a48eda8bd33dd54	484d	0	20d0	3
13.292134	be733	7ffdbfcbe210	55f71b3ed040	8	8	55f71b3ed070	38	26290	7ffdbfcbe218	0	55f71b573b48	abf3c78c7087d77b	91f4394d35c18095	7c296d84fd90	55f719bd0c90	2801	3
13.302330	9a4d0	55f71a0ffb60	7ffdbfcbd378	41	20	55f71a0ff9e0	55f71a0ffb90	4	7ffdbfcbd2f0	0	55f71a0ffb90	55f71a0ffbf0	7c296e21ace0	4	55f71a0ffb90	55f71a0ff9b0	55f71a0ffb60
13.310116	92b80	7c296c0fb010	7ffdbfcc2670	492380	8000000000000002	3d1de	7ffdbfcb7420	55f719e6dd40	7ffdbfcb73e0	0	55f719e6de40	55f719e6e080	7c296e21ace0	7c296c58d390	1248e	7ffdbfcb74e8	8000000000000001
13.324191	92b80	7c296c0fb010	7ffdbfcc2670	2b9dc0	8000000000000002	3d1de	7ffdbfcbb850	55f71a0fbd20	7ffdbfcbb810	0	55f71a0fbd50	55f71a0fde90	7c296e21ace0	7c296c3b4dd0	ae77	7ffdbfcbb948	8000000000000001
13.337779	9a4ee	55f719bd0c90	7c296d8f9890	87b10	8000000000000002	3d1de	7c296d8f9890	55f71a227640	7ffdbfcb8a50	0	55f71a227670	55f71a22a650	7c296e21ace0	7c296d8f9890	2d3b0	7ffdbfcb8b68	8000000000000001
13.351919	99c60	d67d31a8da2c0db7	1f3	db7	db7	2d993615a211b491	1fff	55f71b51fde0	7ffdbfcba480	8	0	fdf5b1345f4672e4	9ac3dd8d484d3ef4	ffffff80	db0	db7	55f71b494d30
13.361423	9b041	5c0	55f719be8500	55f71b3246e0	7ff	0	1	151c7	7ffdbfcbe240	5c0	ffffffffffffeec0	a40f8ca8b4786fb5	d0fe209469f1f492	0	1610c	2010	1
13.375562	9af40	7c296c0fb010	55f719ed9c20	cdbd40	55f719cea6c0	8000000000000001	8000000000000001	336f5	7ffdbfcbe240	55f719cea660	55f71ac531a8	a3038c967f525873	19ec46639276e4a3	3d1de	0	7ffdbfcc2670	3
13.382246	9b041	55c	55f719be8500	55f71bf1a950	7ff	0	1	34e61	7ffdbfcbe240	55c	ffffffffffffefec	a3fbd642185b3aae	a0eed39c6b67069c	2e757	0	9f0	4
13.392331	26325b0797c4	0	ffffffffffffff50	55f2422eeac3	55f71d5f3f30	55f719b63010	7	0	7ffdbfcbe1e0	55f71d5f3f10	55f71c2e8920	a417d0581dbee022	19ec46639276e4a3	7c296d621f40	0	55f71d5f3f30	2
13.400538	92711	217	7ffdbfcc2670	55f71ceca650	7ff	0	1000000000000000	7ffdbfcc2670	7ffdbfcba3f0	8	0	a51e21c85f621773	584e89d13b655cab	0	0	55f719be9970	38be9
13.407006	92711	5bf	7ffdbfcc2670	55f71d7d4db0	7ff	0	1000000000000000	2d7fd	7ffdbfcb63f0	8	0	a5e4d7e393ba1f2e	1fbeecabfeae917a	9be7	7ffdbfcbe020	55f719be9f10	0
13.415441	943f5	bb60ef84a8b478f	4ac8	c625a44165785dc	8	7ffdbfcb7960	7ffdbfcb7968	81	7ffdbfcb7950	8	0	a57955624c1b8933	7e7c5a3d1a07cf74	4ac8	7ffdbfcbe020	4ac8	7ffdbfcb7960
13.423990	92719	490	7ffdbfcc2670	55f71a6e70a0	7ff	30	0	2f924	7ffdbfcb9dd0	8	0	a5a77257d8f1ee79	c31b6ded7762d2a3	0	1	55f719be95b0	2f924
13.435497	92b80	7c296c0fb010	7ffdbfcc2670	a1ea00	8000000000000002	3d1de	7ffdbfcb6c40	55f71b35aad0	7ffdbfcb6c00	0	55f71b35ab00	55f71b35bde0	7c296e21ace0	7c296cb19a10	287a8	7ffdbfcb6d08	8000000000000001
13.450119	92b80	7c296c0fb010	7ffdbfcc2670	9fc8c0	8000000000000002	3d1de	7ffdbfcb9cb0	55f71c0e4d40	7ffdbfcb9c70	0	55f71c0e4d70	55f71c0e5d00	7c296e21ace0	7c296caf78d0	27f23	7ffdbfcb9da8	8000000000000001
13.457787	996a1	9b41	4a19	68	3fff	42cb0f6c8e5c8e6e	1800000000000000	4a19	7ffdbfcb5130	8	0	55f71b4cfdc0	5bd935d2c7d70db7	d05eaf3768b79a1c	1	7ffdbfcb51b0	7ffdbfcbe250
13.469558	9af71	7c296ccb23d0	55f719fb0210	95eb257dac9b1b18	7ffdbfcbe2a8	8000000000000001	8000000000000001	2edcf	7ffdbfcbe240	55f719fcee30	55f71b03d918	a5a7569b5174661e	19ec46639276e4a3	3d1de	2edcf	7ffdbfcc2670	2
13.480276	9af40	7c296c0fb010	55f71a579320	446200	55f719d70650	8000000000000001	8000000000000001	11188	7ffdbfcbe240	55f719d70630	55f71c0279b0	a3da55f8d7c16357	19ec46639276e4a3	3d1de	11188	7ffdbfcc2670	4
13.493498	9a4ea	55f71d44e210	7c296d697258	3b649	fbff	3d1de	7c296d697258	13cc3	7ffdbfcbe230	0	55f71b0a9028	a42354b550ab3549	46ef49ebba017cf3	7c296d697258	55f719bd0c90	2201	4
13.500899	92988	17000	7ffdbfcc2670	7c296d4bc010	0	3d1de	0	7ffdbfcc2670	7ffdbfcb67c0	8	0	ab2a53b0ea57d2e2	509dd87ef312182	7c296d4bc010	7c296d5746d8	7ffdbfcb68c8	55f719c15b70
13.507876	9441b	0	0	0	0	7ffdbfcb8ba0	7ffdbfcb8ba8	7ffdbfcc2670	7ffdbfcb8b90	8	0	a51d74764649660b	5d48ec0c6619fa54	0	0	0	7ffdbfcb8ba0
13.521388	99694	d3ce8a77a9081a35	2c0e2	69	1fff	4fbcbde9371d73b0	1800000000000000	2c0e2	7ffdbfcb49d0	8	0	55f71b48fdc0	5d33489d967e854d	d3ce8a77a9081a35	1	7ffdbfcb4a50	7ffdbfcbe0f0
13.528641	9389e	8000000000000002	f0	55f71b5def30	9eff40	3d1de	7c296c0fb010	7ffdbfcc2670	7ffdbfcbbd90	0	7ea0	fbc5c257b8b3dad3	7ae5b59bcc3e6851	8000000000000001	0	27bfd	7ffdbfcbe490
13.542177	9a4ea	55f719bd0c90	7c296d5d16d8	22ad9	8000000000000002	3d1de	7c296d5d16d8	55f71b351650	7ffdbfcb8f60	0	55f71b351680	55f71b353470	7c296e21ace0	7c296d5d16d8	b8f3	7ffdbfcb9078	8000000000000001
13.550173	9a39d	1	7ffdbfcb7678	55f71a3eef70	0	3d1de	7ffdbfcb7678	0	7ffdbfcb75f0	8	0	a5fc543dca3ba512	eda5c70bbdf66003	7c296d4bc010	7c296d980758	7ffdbfcb7768	8000000000000001
13.559027	92b80	7c296c0fb010	7ffdbfcc2670	ab9000	8000000000000002	3d1de	7ffdbfcb89d0	55f71b5d0740	7ffdbfcb8990	0	55f71b5d0840	55f71b5df740	7c296e21ace0	7c296cbb4010	2ae40	7ffdbfcb8ac8	8000000000000001
13.567157	9a4ea	55f719c9b140	7c296d947f80	917ee	f80	3d1de	7c296d947f80	307fa	7ffdbfcbe230	4	55f71ad2feb8	a41bac8d23bdba03	2a16b79312b10c42	7c296d947f80	55f719bd0c90	901	3
13.581312	26325b07966d	31	ffffffffffffff50	8	0	55f71a130d10	7c296e21ac80	0	7ffdbfcbe1c8	7	55f71ceafd68	a591d6f90464839b	9d772106b6358f60	7c296d887728	0	1301	1
13.591425	9a4ea	55f71abec6f0	7c296d4c3ab0	f54	80	3d1de	7c296d4c3ab0	51c	7ffdbfcbe230	10	55f71ce1aa58	a58f56e74b7c9802	782a8b064c3fd28b	7c296d4c3ab0	55f719bd0c90	1401	2
13.603691	26325b07b59f	421	7c296e21ac80	40	55f719bf54b0	55f719c1ab30	63c	55f719c1ab30	7ffdbfcb5d70	0	0	55f71a2717f0	7c296e21ace0	ffffffffffffff88	30	55f719b63010	1
13.609774	942d9	0	7ffdbfcb7d18	1	8	7ffdbfcb7d10	7ffdbfcb7d18	7ffdbfcc2670	7ffdbfcb7d00	8	0	9ba8f2f62bc7c312	10953340565b0c88	3b979	0	f4	7ffdbfcb7d10
13.621710	9389e	8000000000000002	f6	55f71e175c90	3d9f40	3d1de	7c296c0fb010	7ffdbfcc2670	7ffdbfcb9f80	8	0	cacef3b856a79825	9714b8dd2e7fab93	8000000000000001	9d60	f67d	7ffdbfcbe490
13.628783	92c1c	7c296dcfe010	7ffdbfcc2670	0	8000000000000002	3d1de	7c296da23d18	55f71c1ed7a0	7ffdbfcb8c90	0	55f71c1ed8a0	55f71c1eeaa0	7c296e21ace0	39a8b	39a8b	7ffdbfcb8dc8	8000000000000001
13.638348	9389e	8000000000000002	f4	55f71b4cfdc0	ac5380	3d1de	7c296c0fb010	7ffdbfcc2670	7ffdbfcbd380	8	0	ca4d3984c0ba15b9	f9e2cc3b69024dcc	8000000000000001	0	2b14e	7ffdbfcbe490
13.649920	994ea	1c4f8c6af344b14b	7ffdbfcba128	f184571cc2ff7475	359866aed52a65f	95eb257dac9b1b18	6f20e10f8337d43e	2e1d4	7ffdbfcba120	e18e411fd5ef7e6b	0	fffffffffffffcc7	3018c426ec5ca46a	0	1	7ffdbfcba210	7ffdbfcbe0f0
13.659221	26325b07c1c0	30	ffffffffffffff88	55f71b6521f0	55f719b63010	3d1de	28	28	7ffdbfcbadd0	8	0	a3395b7b4713f3c5	9cbcebe10ac2a4c4	1	7c296d4bc010	55f71b6521f0	8000000000000001
13.672775	9af40	7c296c0fb010	55f71be33bf0	285600	55f71a760fc0	8000000000000001	8000000000000001	a158	7ffdbfcbe240	55f71a760fa0	55f71c32d320	a46e5652e35131b7	19ec46639276e4a3	3d1de	a158	7ffdbfcc2670	1
13.683150	9af40	7c296c0fb010	55f71be33bf0	c7fc40	55f71ab36250	8000000000000001	8000000000000001	31ff1	7ffdbfcbe240	55f71ab36230	55f71b39bec0	a48556d461ea334c	19ec46639276e4a3	3d1de	31ff1	7ffdbfcc2670	1
13.691220	9a4ea	55f71a8d5420	7c296da5bff8	b3ffd	fcff	3d1de	7c296da5bff8	3bfff	7ffdbfcbe230	0	55f71c071ac8	a4b588a0a4fca083	121f0fd9d0eb47f	7c296da5bff8	55f719bd0c90	2401	2
13.696593	9af40	7c296c0fb010	55f71a437340	3dde00	55f71a98b250	8000000000000001	8000000000000001	f778	7ffdbfcbe240	55f71a98b230	55f71b55b7d8	ab1153ee6b852fc3	19ec46639276e4a3	3d1de	f778	7ffdbfcc2670	5
13.705666	26325b0786ee	90	55f71c1607f0	91	0	55f71ae78ed0	55f71c162c40	24e0	7ffdbfcbe2f0	55f24367edb2	55f71c162cd0	90	19ec46639276e4a3	7c296e21aca0	7c296e21ac80	55f71c162cd0	55f71c162
13.717018	958d8	4a5e	fa	55f71bce5640	7fff	0	1000000000000000	7ffdbfcc2670	7ffdbfcba020	8	0	c9ac8aba096cd91d	5af7bb442be8642c	0	0	2f537	7ffdbfcbe490
13.723202	926c8	7ffdbfcb7b18	7ffdbfcc2670	8000000000000001	0	7ffdbfcb7b18	7ffdbfcc2670	7ffdbfcc2670	7ffdbfcb7a10	55f71bcd3100	12540	c96652c423b2ec5b	e0aa2ced808441e6	2a97d	0	55f719bea6f0	7ffdbfcbe490
13.737487	92711	2e4	7ffdbfcc2670	55f71d806cd0	7ff	0	1000000000000000	0	7ffdbfcb8b10	8	0	a57955624c1999b0	7e3e6bd17be2def9	25b45	1	55f719be9a60	0
13.750881	943f5	5c3bef77455ef3ea	38add	1c0cd75f6c184363	8	7ffdbfcb4dd0	7ffdbfcb4dd8	55f71aa64690	7ffdbfcb4dc0	8	0	9ba8f2f9da4fd93f	10fd1e45f349c635	55f719bea930	c1	0	7ffdbfcb4dd0
13.762019	9915a	7c296d4bc010	0	7c296da0d410	700	3d1de	55f71b2651d0	7ffdbfcbe201	7ffdbfcb4040	8000000000000000	0	7ffdbfcbe360	8000000000000001	0	1	38b80	7ffdbfcc2670
13.768040	9b030	55b	55f719be8500	55f71d775070	7ff	0	2	6635	7ffdbfcbe240	55c	0	a5a2d6dc91bdad39	3ffd6ecdc0db3e97	6634	0	17d0	5
13.776746	26325b07968c	0	30	8	31	55f71a37a1c0	7c296e21ac80	0	7ffdbfcbe190	0	55f71bf5bd88	a3d055dfd2b6160a	f25ce80317751c37	7c296d502120	0	c01	4
13.783006	9b2dd	7ffdbfcc2670	55f719bd2a30	55f71ce96b20	faff	424	7ffdbfcc2670	e8a7	7ffdbfcbe240	0	55f71ce90640	a42155c662b6e11a	dc064184254e1d5d	2f203	55f719bd0c90	2401	3
13.793271	9b016	6cd	55f719be8500	55f71bf1a950	7ff	0	1000000000000000	33aec	7ffdbfcbe240	8	0	a3fbd64218545fc9	a0d376573d215bc1	30a78	0	9f0	2
13.800123	9af40	7c296c0fb010	55f71d5f1ce0	56a800	55f71abf8220	8000000000000001	8000000000000001	15aa0	7ffdbfcbe240	55f71abf81c0	55f71bfc28b0	a3ec59797b32e05f	19ec46639276e4a3	3d1de	0	7ffdbfcc2670	2
13.810352	9389e	8000000000000002	fc	55f71de15550	4eea00	3d1de	7c296c0fb010	7ffdbfcc2670	7ffdbfcb6c00	8	0	cac1f898e3678aed	2cb6c7c388b52c6f	8000000000000001	2836b	13ba8	7ffdbfcbe490
13.817480	92b80	7c296c0fb010	7ffdbfcc2670	9f700	8000000000000002	3d1de	7ffdbfcbc640	55f71a464900	7ffdbfcbc600	0	55f71a464930	55f71a465280	7c296e21ace0	7c296c19a710	27dc	7ffdbfcbc708	8000000000000001
13.825302	9389e	8000000000000002	7ffdbfcc2670	81	ba3a40	3d1de	7c296c0fb010	8000000000000001	7ffdbfcbcb30	7ffdbfcbe080	b	7ffdbfcbdf70	b49989ef37ec8015	81	7ffdbfcbe080	2e8e9	b
13.835904	92bee	55f71b140c00	7ffdbfcc2670	91938	8000000000000002	3d1de	7c296d9489d0	55f71b140c40	7ffdbfcbd690	0	55f71b140ce0	55f71b141fc0	7c296e21ace0	7c296d9489d0	30868	7ffdbfcbd798	8000000000000001
13.846541	92b80	7c296c0fb010	7ffdbfcc2670	9be440	8000000000000002	3d1de	7ffdbfcbbb70	55f71b551250	7ffdbfcbbb30	0	55f71b5512f0	55f71b553710	7c296e21ace0	7c296cab9450	26f91	7ffdbfcbbc68	8000000000000001
13.851712	9389e	8000000000000002	0	ebfaeabeafabffea	d13b00	3d1de	7c296c0fb010	7ffdbfcbe201	7ffdbfcbd030	fc	4	7ffdbfcbe360	8000000000000001	0	1	344ec	7ffdbfcc2670
13.863234	26325b07968c	0	40	8	41	55f71c19d1a0	7c296e21ac80	0	7ffdbfcbe180	0	55f71b594440	abed754620023681	b930c854c8ac07a5	7c296d9b1ce8	0	2a01	3
13.868486	9b2cd	772	55f719be8500	55f71bba02d0	aeff	762	7ffdbfcc2670	3aafe	7ffdbfcbe240	0	55f71bb95020	a5e2427ec3905b6b	1c9bf95502fba4e3	0	55f719bd0c90	1101	2
13.879915	9af40	7c296c0fb010	55f71de9a950	c081c0	55f71a4578d0	8000000000000001	8000000000000001	30207	7ffdbfcbe240	55f71a457870	55f71bfcd438	a32fa2d709f7356b	19ec46639276e4a3	3d1de	0	7ffdbfcc2670	1
13.889394	26325b078709	55f71abbeca0	55f71c173760	31	55f71c174b90	55f71abbeca0	55f71c174b20	13f0	7ffdbfcbe2f0	55f243668a24	55f71c174b50	30	19ec46639276e4a3	7c296e21aca0	7c296e21ac80	55f71c174b50	55f71c174
13.895117	9389e	8000000000000002	7ffdbfcc2670	1	4ccc0	3d1de	7c296c0fb010	8000000000000001	7ffdbfcb55f0	7ffdbfcbe020	4f	7ffdbfcbdf70	29482e1b14a94e2e	81	7ffdbfcbe020	1333	4f
13.903503	9b391	0	55f719d3b220	55f71d249500	55f71a10e530	55f719b63010	7	7c296dcfe010	7ffdbfcbe240	55f71a10e4d0	55f71ac71760	a5c797364070b7cf	19ec46639276e4a3	3d1de	11789	0	2
13.916436	9a4ee	55f71c13b310	7c296d682360	38c6a	ffff	3d1de	7c296d682360	12ece	7ffdbfcbe230	0	55f71d7aa5c8	a5b0568fd081f122	1daeda11a2deb962	7c296d682360	55f719bd0c90	1801	3
13.930826	942b1	1d190	7ffdbfcb8aa8	f184571cc2ff7475	8	7ffdbfcb8aa0	7ffdbfcb8aa8	1d18f	7ffdbfcb8a90	e18e411fd5ef7e6b	0	ffffffffffffff2a	a7c4382f01e54805	7ffdbfcc2670	7ffdbfcbe080	7ffdbfcb8ba0	7ffdbfcb8aa0
13.943047	947ed	81	7ffdbfcc2670	3f	55f71c1dc470	3d1de	7c296c0fb010	8000000000000001	7ffdbfcb3840	7ffdbfcbe080	60	7ffdbfcbdf70	29482e1b14a94e2e	81	7ffdbfcbe080	0	60
13.957180	95d0f	8fc5016b945c5743	55f719be8500	9e0554467638b027	653423349690917d	2b002d3d5ff45b24	1000000000000000	2fb3c	7ffdbfcbe238	8	0	a31dae246761b11b	9b216bfb36d88a54	0	2fb3b	cf0	3
13.962471	96f49	55f71d707400	30828	ffffffffffffefce	7ff	fffffffffffffa9a	556	55f71d4fc890	7ffdbfcb48a0	cef7	0	a40b57a169d4921f	48597028e951fb36	55f719bea540	566	0	1283d
13.972286	9a4ee	55f71a1be770	7c296d7a9788	5daef	80	3d1de	7c296d7a9788	1f3a5	7ffdbfcbe230	10	55f71bfb02c8	a55aa9656a5a1273	4fb5c033f7239b4	7c296d7a9788	55f719bd0c90	1201	0
13.984119	92b80	7c296c0fb010	7ffdbfcc2670	30e480	8000000000000002	3d1de	7ffdbfcba870	55f71a2f6090	7ffdbfcba830	0	55f71a2f60c0	55f71a2f7240	7c296e21ace0	7c296c409490	c392	7ffdbfcba978	8000000000000001
13.991312	9b041	466	55f719be8500	55f71ccf8490	7ff	0	1	35a80	7ffdbfcbe240	466	fffffffffffff2ce	abc692770563c443	a85231c21209ccd3	0	35a7f	2d30	2
13.998078	9b2e1	7ffdbfcc2670	55f719bd2a30	55f71c0489d0	80	479	7ffdbfcc2670	3703	7ffdbfcbe240	10	55f71c041cf8	a5b824fa66e74fab	ad3f2fb6bc421a6f	0	55f719bd0c90	1901	3
14.007642	92b80	7c296c0fb010	7ffdbfcc2670	c2100	8000000000000002	3d1de	7ffdbfcbd690	55f71a29acf0	7ffdbfcbd650	0	55f71a29ad90	55f71a29ca40	7c296e21ace0	7c296c1bd110	3084	7ffdbfcbd758	8000000000000001
14.014184	9af40	7c296c0fb010	55f71a0ed120	d177c0	55f719dc0870	8000000000000001	8000000000000001	345df	7ffdbfcbe240	55f719dc0850	55f71c2dad68	a412d034a3ce140e	19ec46639276e4a3	3d1de	345df	7ffdbfcc2670	4
14.022666	9389e	8000000000000002	7ffdbfcc2670	2	e70e00	3d1de	7c296c0fb010	8000000000000001	7ffdbfcbd930	7ffdbfcbe020	3	7ffdbfcbdf70	4d5f27850086e794	81	7ffdbfcbe020	39c38	3
14.031571	95c01	1c4f8c6af34468fa	7ffdbfcb84c8	f184571cc2ff7475	8	95eb257dac9b1b18	6f20e10f83370d8f	0	7ffdbfcb84c0	359866aed527fee	e18e411fd5ef7e6b	55f71a87e210	0	0	7ffdbfcbe080	0	7ffdbfcb84c0
14.037513	9af40	7c296c0fb010	55f71b204630	3e2a80	55f71a0ca1c0	8000000000000001	8000000000000001	f8aa	7ffdbfcbe240	55f71ccfa6e0	55f71a20a8b8	a478622760266ca3	19ec46639276e4a3	3d1de	0	7ffdbfcc2670	1
14.046357	94390	0	7ffdbfcb5e58	1	1	7ffdbfcb5e50	7ffdbfcb5e58	7ffdbfcbdf70	7ffdbfcb5e40	0	0	c046ed0909607f69	89c318cf1251657a	81	7ffdbfcbe080	7ffdbfcb5f00	7ffdbfcb5e50
14.057551	9b2e1	7ffdbfcc2670	55f719bd2a30	55f71ce96b20	5fff	1e2	7ffdbfcc2670	259ee	7ffdbfcbe240	1	55f71ce93c70	a4db16dd2032431b	e3ee7c45f9dbd7f4	0	55f719bd0c90	2401	1
14.069452	92687	8000000000000001	7ffdbfcc2670	8000000000000001	291ba	7ffdbfcb3b38	7ffdbfcc2670	0	7ffdbfcb39f0	7ffdbfcbe020	5f	55f71a87e210	0	7ffdbfcc2670	7ffdbfcbe020	0	5f
14.079212	99253	55f71b382fa0	13570	55f71b382fd0	7	3d1de	945942042e372000	7ffdbfcbe001	7ffdbfcbdba0	26	4	7ffdbfcbe200	8000000000000001	0	1	0	7ffdbfcc2670
14.093840	9389e	8000000000000002	7ffdbfcc2670	3f	983f00	3d1de	7c296c0fb010	8000000000000001	7ffdbfcb2bf0	7ffdbfcbe080	67	7ffdbfcbdf70	908a1efffa2ffe48	81	7ffdbfcbe080	260fc	67
14.099822	93a67	8ed575f818327d10	3	b47647b1a117728d	995482261ad2bff2	2a60e23e89975251	1100000000000001	55f71a060be0	7ffdbfcb0290	0	1	c48690fa57e6dbde	d40b664a30fa63bf	ffff000d	0	0	7ffdbfcb0230
14.111632	95ca0	aca1d0bb6e407af	7ffdbfcbe1d8	add997c4cc81286	ee28cb5c9e8ad32	6d8eb25bf25c0084	1000000000000000	1d8fa	7ffdbfcbe1d0	8	0	a58b36d2da2d5f9f	75e442595e320fd0	0	bba1	0	7ffdbfcbe1d0
14.123526	92711	6ce	7ffdbfcc2670	55f71c193490	7ff	0	1000000000000000	6805	7ffdbfcb3130	8	0	a416d59aa0eff662	e0a1eb0bc25e4f71	32573	7ffdbfcbe080	55f719beaa50	0
14.133451	94440	0	2828a	1	0	7ffdbfcbd630	7ffdbfcbd638	55f71af62b10	7ffdbfcbd620	8	0	9ba8f2f603b23940	10dbb07b94219553	fffffff8	50	55f71af62040	7ffdbfcbd630
14.141008	9a500	55f71b2fb470	7c296d8d25c0	82cb6	5fff	3d1de	7c296d8d25c0	2b992	7ffdbfcbe230	1	55f71c08e010	a41055bfe0932b80	e5b57be4caa3dbb7	7c296d8d25c0	55f719bd0c90	2401	0
14.147842	92711	5c5	7ffdbfcc2670	55f71ce2d5f0	7ff	0	1000000000000000	0	7ffdbfcb5eb0	8	0	a5a2df9b47d5d77f	c2dd662044d0340a	0	7ffdbfcbe020	55f719bea090	e519
14.153268	26325b07a9d1	7c296e21ad00	7c296e21ac80	18	7c296e21ad10	7c296e21ad00	7c296e21ac88	20	7ffdbfcb4a30	0	55f71a980f50	55f71a981180	7c296e21ace0	1	30	3	55f71a980f50
14.162133	26325b079e14	55f71e2a1400	21020	2100	6c01	55f719b63010	7c296e21ac80	55f71b631d90	7ffdbfcbdec0	0	0	55f71b651da0	0	7c296e21ac80	0	55f71b652db0	2cad3
14.169005	9b016	60d	55f719be8500	55f71c2ee5c0	7ff	0	1000000000000000	37542	7ffdbfcbe240	8	0	a4cecd4c025479dd	80a2668d03bdf2cc	0	1d702	570	4
14.175827	9a500	55f71b0643f0	7c296d63c898	55f24477f5f4	55f71b064590	55f719b63010	7	1005b	7ffdbfcbe230	55f71b064530	55f71a625eb8	a400c1f9c84892db	19ec46639276e4a3	7c296d63c898	55f719bd0c90	301	5
14.182770	95cc9	a4766bfc7d08747c	7ffdbfcbdb58	909474f89c8dbf9d	bd857b0b1864ea20	ad4ac6fdf88871f9	1000000000000000	7ffdbfcc2670	7ffdbfcbdb50	8	0	f8b9cb804641583b	beca9d119b8de33a	0	0	36	7ffdbfcbdb50
14.192829	9388a	7c296cf4ad10	d	55f71abe6270	393f4	3d1de	7c296c0fb010	8000000000000001	7ffdbfcbd3f0	0	1	f81e65cdbf2b4317	f85fe33fa067d666	c	7ffdbfcbe020	393f4	6
14.199546	9affe	ffb9b12f8e03d718	55f719be8500	55f71ce023d0	7ff	7f	1000000000000000	365c0	7ffdbfcbe240	8	0	a41750736246ea51	693205a3bac316b5	f78a	0	5a0	1
14.206620	9af63	7c296cb4f5d0	55f71a8a52a0	95eb257dac9b1b18	8000000000000002	8000000000000001	8000000000000001	29517	7ffdbfcbe240	55f71ae9f6b0	55f71c3032d8	a4eea0444c4db1d3	19ec46639276e4a3	3d1de	0	7ffdbfcc2670	1
14.221242	92bee	55f71a45cd00	7ffdbfcc2670	38277	8000000000000002	3d1de	7c296d67d3c8	55f71a45cd70	7ffdbfcbd610	0	55f71a45ce10	55f71a45de40	7c296e21ace0	7c296d67d3c8	12b7d	7ffdbfcbd748	8000000000000001
14.235414	9b041	51e	55f719be8500	55f71bf8e6f0	7ff	0	1	11cd6	7ffdbfcbe240	51e	fffffffffffff0a6	a3c25574a8b8ce7e	f3f34e7bf28d8c13	2e747	0	d80	1
14.250279	92988	b100	7ffdbfcc2670	7c296d4bc010	0	3d1de	0	7ffdbfcc2670	7ffdbfcbbe20	0	0	a3c7d5c0173e1617	ab7db36edfc75eb0	7c296d4bc010	7c296d514f60	7ffdbfcbbf28	55f719fda810
14.259755	92b80	7c296c0fb010	7ffdbfcc2670	b37980	8000000000000002	3d1de	7ffdbfcbd180	55f71ce97980	7ffdbfcbd140	0	55f71ce97a20	55f71ce98de0	7c296e21ace0	7c296cc32990	2cde6	7ffdbfcbd248	8000000000000001
14.270182	26325b07972f	40	30	1	7	55f719b63010	7	55f71b068500	7ffdbfcbe190	55f71b068510	55f71c26f730	a3e8841e81577213	19ec46639276e4a3	7c296e21ac80	0	55f71b068530	4
14.277980	9af40	7c296c0fb010	55f719fc18d0	c64540	55f71c101430	8000000000000001	8000000000000001	31915	7ffdbfcbe240	55f71c1013d0	55f71c333e00	a488cc0f79997147	19ec46639276e4a3	3d1de	0	7ffdbfcc2670	4
14.283468	26325b078806	55f71a1dc8c0	55f71a95d4d0	91	0	55f71a1dc8c0	55f71a95d4d0	460	7ffdbfcbe300	55f245e4709d	55f71a95d9c0	90	19ec46639276e4a3	7c296e21aca0	7c296e21ac80	55f71a95d930	55f71a95d
14.294224	96e97	55f71c02d530	361e4	31	7ff	17b	30	55f71a5d6650	7ffdbfcbb660	1	0	0	fffffffffffffb59	55f719be8f80	1db	0	b76d
14.303636	99185	7c296d4bc010	3586c	7c296d4bc010	1	3d1de	55f71aa00720	7ffdbfcbe001	7ffdbfcbbb60	8000000000000000	0	7ffdbfcbe200	8000000000000001	0	1	0	7ffdbfcc2670
14.314386	9a4ea	55f719ea0410	7c296d885298	79251	80	3d1de	7c296d885298	2861b	7ffdbfcbe230	10	55f71d536d50	a3c455c9d191a1af	d72273251a156104	7c296d885298	55f719bd0c90	b01	5
14.328415	92c1c	7c296dcfe010	7ffdbfcc2670	7ffd	8000000000000002	3d1de	7c296d4ed630	55f71aaf8dc0	7ffdbfcbc8d0	0	55f71aaf8df0	55f71aaf9100	7c296e21ace0	20ec	20ec	7ffdbfcbc9d8	8000000000000001
14.335865	92711	675	7ffdbfcc2670	55f71a3245c0	7ff	0	1000000000000000	0	7ffdbfcb2db0	8	0	a4ab483d032899cf	db57edb4f67c012f	0	7ffdbfcbe080	55f719beab10	1cb79
14.348833	92b80	7c296c0fb010	7ffdbfcc2670	a0b80	8000000000000002	3d1de	7ffdbfcbc3b0	55f71a023350	7ffdbfcbc370	0	55f71a023380	55f71a024980	7c296e21ace0	7c296c19bb90	282e	7ffdbfcbc4a8	8000000000000001
14.354581	9b041	6a4	55f719be8500	55f71b2e4830	7ff	0	1	34d63	7ffdbfcbe240	6a4	ffffffffffffec14	a4385423d0da8db5	4c76059763e244ef	2c666	0	21c0	3
14.369367	26325b078806	55f71a91e180	55f719c59280	91	1	55f71a91e180	55f719ce82f0	40	7ffdbfcbe300	55f246b40f09	55f719c59350	90	19ec46639276e4a3	7c296e21aca0	7c296e21ac80	55f719c592c0	55f719c59
14.378317	92b80	7c296c0fb010	7ffdbfcc2670	c4be80	8000000000000002	3d1de	7ffdbfcb2fb0	55f71c0d8880	7ffdbfcb2f70	0	55f71c0d8a40	55f71c0d9970	7c296e21ace0	7c296cd46e90	312fa	7ffdbfcb30b8	8000000000000001
14.383563	93097	55f71bf1a950	7ffdbfcc2670	fffffffffffff601	7ff	fffffffffffffcab	7ffdbfcbba08	55f71a4e9d30	7ffdbfcbb8d0	5f1f	0	fffffffffffffcab	a0fc14cf3bed9c96	2716f	35	7ffdbfcbba08	0
14.396160	9973e	0	2da83	10	7ff	5e5ca6a92da0b7c7	0	0	7ffdbfcbc650	d937	0	55f71c158250	0	5ac	1	7ffdbfcbc6d0	7ffdbfcbe0f0
14.407803	9af40	7c296c0fb010	55f71b136040	235ec0	55f71b208e80	8000000000000001	8000000000000001	8d7b	7ffdbfcbe240	55f71b208e20	55f71d7e8bc0	a547921e1f22be33	19ec46639276e4a3	3d1de	0	7ffdbfcc2670	1
14.421546	26325b078806	55f71b20c060	55f71d5b25f0	31	7c296e21ace0	55f71b20c060	55f71d5b25f0	60	7ffdbfcbe300	55f2422af3e2	55f71d5b2650	30	19ec46639276e4a3	7c296e21ac98	7c296e21ac80	55f71d5b2650	55f71d5b2
14.428201	92869	6ec	7ffdbfcc2670	55f71c31d460	7ff	30	bc00	61d9	7ffdbfcbd570	8	0	a423c8582b4b5253	3baa00b36ccdac4d	0	1	7ffdbfcbd6a8	61d9
14.435850	92abe	55f719e8af10	7ffdbfcc2670	7	1	7	55f719e8aef0	391ae	7ffdbfcba910	0	55f719e8af10	55f719e8b0b0	7c296e21ace0	7c296da16860	7c296d4bc010	7ffdbfcbaa48	8000000000000001
14.446236	26325b07c1ec	55f719c99f20	ffffffffffffff88	6	55f719b63010	55f719c9a430	29	1a0	7ffdbfcbdb60	8	0	e55af6a648eafc56	2b2d1365747ec8c8	19	8	10	180
14.453444	26325b07c3c2	41	ffffffffffffff50	8	8	55f719bf4ff0	55f719bf5000	c8a9	7ffdbfcbe1f0	3	55f71a630620	a42d4221d17933df	3f9a637668e7391a	7c296d5e8fe8	55f719bd0c90	401	1
14.462424	9b391	1	55f71c1b3ea0	55f71d249500	55f71bb7d3e0	55f719b63010	7	7c296dcfe010	7ffdbfcbe240	55f71bb7d3c0	55f71bf16bb8	a3fbd6421854872e	19ec46639276e4a3	3d1de	352d7	1	3
14.476478	92b80	7c296c0fb010	7ffdbfcc2670	b9ba40	8000000000000002	3d1de	7ffdbfcb4d70	55f71d843a10	7ffdbfcb4d30	0	55f71d843a40	55f71d844660	7c296e21ace0	7c296cc96a50	2e6e9	7ffdbfcb4e78	8000000000000001
14.487100	9389e	8000000000000002	7ffdbfcc2670	81	f59c0	3d1de	7c296c0fb010	8000000000000001	7ffdbfcbaf30	7ffdbfcbe020	1b	7ffdbfcbdf70	5ca232c43ed04ad	81	7ffdbfcbe020	3d67	1b
14.500765	9b016	7c6	55f719be8500	55f71aab31e0	7ff	0	1000000000000000	33164	7ffdbfcbe240	8	0	ab2d53a06a2768f8	cb22bd376c1fc50	348d	0	28e0	2
14.512081	26325b0788ea	55f71b278970	55f71b2789e0	41	7c296e21ace0	55f71b278970	55f71b2789e0	1b0	7ffdbfcbe300	55f2445639a8	55f71b278bd0	40	19ec46639276e4a3	7c296e21ac98	7c296e21ac80	55f71b278b90	55f71b278
14.522811	9389e	8000000000000002	7ffdbfcc2670	81	ba6a00	3d1de	7c296c0fb010	8000000000000001	7ffdbfcb2330	7ffdbfcbe020	6c	7ffdbfcbdf70	5d9abd7c5f6b15c8	81	7ffdbfcbe020	2e9a8	6c
14.536236	9441b	0	1314	0	0	7ffdbfcbd9b0	7ffdbfcbd9b8	7ffdbfcbe0f0	7ffdbfcbd9a0	8	0	e69a459a84b4502f	954f8127d4346f00	0	1	7ffdbfcbda50	7ffdbfcbd9b0
14.549960	9afaa	2f	55f719c7d9d0	95eb257dac9b1b18	7ffdbfcbe2a8	8000000000000001	8000000000000001	ad3	7ffdbfcbe240	55f71ad4d3e0	55f71bff7288	a3e0eb381cc9eae3	19ec46639276e4a3	3d1de	0	7ffdbfcc2670	3
14.564965	96f49	55f71dedbd90	3a61f	fffffffffffff103	7ff	fffffffffffffb01	4ef	55f719d1fb40	7ffdbfcb2ae0	be7f	0	a49f56df5558a651	3b372c56fb2cf59b	55f719beaba0	4ff	2b2ea	0
14.579683	98fd0	19147de9f856235	35e43	40c6f1e37ea78cbb	26b8590886cd01bb	19147de9f856235	1800000000000000	7ffdbfcbe250	7ffdbfcbc200	8	0	9485dc5aade301b6	80f158363094ce88	0	1	0	7ffdbfcc2670
14.586327	9b265	a	55f719be8500	55f71bb58740	7ff	7fa	1	13546	7ffdbfcbe240	50	55f71bb58650	a3f7a12a5b5dd3d3	10ec833e8e63d395	0	b097	ba0	1
14.600754	96f3d	55f71dde1710	387a4	2d	7ff	47e	46e	55f719e3ce20	7ffdbfcbc150	7fc6	0	a3e356955e8b94aa	9645e3d32941275c	55f719be8f20	47d	387a3	0
14.606083	94404	7faf837f785a8064	33	5caeae7916732df9	8	7ffdbfcb8640	7ffdbfcb8648	81	7ffdbfcb8630	8	0	e726a083f78b7d0e	ed5f8dd671cf5314	7ffdbfcc2670	7ffdbfcbe020	7ffdbfcb8740	7ffdbfcb8640
14.619579	9a4ea	55f719bd0c90	7c296da62ef8	b4ddd	8000000000000002	3d1de	7c296da62ef8	55f71aa2d7b0	7ffdbfcbc050	0	55f71a70cfa0	7c296e21ad00	7c296e21ace0	7c296da62ef8	3c49f	7ffdbfcbc168	8000000000000001
14.631092	9a500	55f71a5d5f60	7c296d796870	55f2452cc5f5	55f71a5d6020	55f719b63010	7	1e704	7ffdbfcbe230	55f71a5d5fc0	55f71d751908	a4868cc1c7e7da5d	19ec46639276e4a3	7c296d796870	55f719bd0c90	2401	3
14.645899	26325b07884a	55f719ce75c0	55f71bf3dda0	31	e61	55f719ce75c0	55f71bf3ebd0	e60	7ffdbfcbe300	55f24482533e	55f71bf3ec00	30	19ec46639276e4a3	7c296e21aca0	7c296e21ac80	55f71bf3ec00	55f71bf3e
14.654040	95a44	7795f772ddd25c94	62	1a8bd899da346e02	eb19770781e16a7a	59945be9df930305	1000000000000000	7ffdbfcc2670	7ffdbfcbb2b0	8	0	e683f558c9c1b589	ad2602ea29f67ce6	336a2	0	34c88	7ffdbfcbe490
14.667436	9389e	8000000000000002	7ffdbfcc2670	3f	d54200	3d1de	7c296c0fb010	8000000000000001	7ffdbfcbb710	7ffdbfcbe080	16	e6295e92aa3a1347	1a729a123f99a39f	81	7ffdbfcbe080	35508	16
14.680921	9b041	4c2	55f719be8500	55f71d509190	7ff	0	1	5ce0	7ffdbfcbe240	4c2	fffffffffffff1ba	a3f4d67ba35a5cfb	4b6075c57a98394f	8dea	0	810	3
14.691339	9af40	7c296c0fb010	55f71ab77000	9fff40	55f71abeb120	8000000000000001	8000000000000001	27ffd	7ffdbfcbe240	55f71abeb0c0	55f71a6baf40	a52657516028062b	19ec46639276e4a3	3d1de	0	7ffdbfcc2670	2
14.705763	92711	70c	7ffdbfcc2670	55f71a9cdcf0	7ff	0	1000000000000000	81	7ffdbfcbb1d0	8	0	a43e2344740be2fb	ad3995904bb20144	0	7ffdbfcbe020	55f719be8e60	12a41
14.712784	95bd0	1c4f8c6af3446845	7ffdbfcbd9f8	f184571cc2ff7475	0	95eb257dac9b1b18	6f20e10f83370d30	55f71c2c4060	7ffdbfcbd9f0	359866aed527f51	e18e411fd5ef7e6b	55f71c2c55b0	7c296e21ace0	55f719be8680	8	2dc1f	0
14.718076	92711	793	7ffdbfcc2670	55f71bff74b0	7ff	0	1000000000000000	7ffdbfcc2670	7ffdbfcbc600	8	0	a3ef55d7584cf8b3	67e0161eb8133b3b	2e908	0	55f719be8da0	0
14.727054	92b80	7c296c0fb010	7ffdbfcc2670	5f000	8000000000000002	3d1de	7ffdbfcb65f0	55f71a587510	7ffdbfcb65b0	0	55f71a587540	55f71a589470	7c296e21ace0	7c296c15a010	17c0	7ffdbfcb66f8	8000000000000001
14.741961	9b01e	4e2	55f719be8500	55f71ce5e4a0	7ff	0	1000000000000000	1cd0f	7ffdbfcbe240	8	0	a586561ed17f8785	2803158d57ff4b1f	1cd0e	0	1800	2
14.749900	9af71	7c296c2feb50	55f71b595800	95eb257dac9b1b18	7ffdbfcbe2a8	8000000000000001	8000000000000001	80ed	7ffdbfcbe240	55f71aac29f0	55f71a6d6218	a56d554047867318	19ec46639276e4a3	3d1de	80ed	7ffdbfcc2670	2
14.756687	92b80	7c296c0fb010	7ffdbfcc2670	93c0	8000000000000002	3d1de	7ffdbfcbbea0	55f71a1a9ef0	7ffdbfcbbe60	0	55f719c8ad80	55f719c8af40	7c296e21ace0	7c296c1043d0	24f	7ffdbfcbbf68	8000000000000001
14.771295	26325b07a970	0	7c296e21ac80	0	55f719b63010	38	7c296e21ac80	38	7ffdbfcbb6d8	0	55f71b40d3b0	55f71b40d790	7c296e21ace0	2	7c296d4bc010	55f71b40d280	55f71b40d3b0
14.778644	930a3	8000000000000001	7ffdbfcc2670	ffffffffffffedc1	7ff	fffffffffffff9eb	8000000000000001	55f71d7a33a0	7ffdbfcbb250	fc9c	0	fffffffffffff9eb	ffffffffffffec86	359f1	51	cef2	0
14.785245	990a5	7c296d4bc010	0	7c296d9a5b98	1f00	3d1de	c040	7ffdbfcbe201	7ffdbfcbc740	8	0	7ffdbfcbe360	8000000000000001	0	1	3467b	7ffdbfcc2670
14.800119	9a500	55f719c70bc0	7c296d67b1a8	55f246b69080	55f719c70cf0	55f719b63010	7	12a11	7ffdbfcbe230	55f719c70c90	55f71b31abe8	a417ac8062f29bb3	19ec46639276e4a3	7c296d67b1a8	55f719bd0c90	2001	1
14.814220	92b80	7c296c0fb010	7ffdbfcc2670	df1240	8000000000000002	3d1de	7ffdbfcbb170	55f719e886d0	7ffdbfcbb130	0	55f719e88700	55f719e89210	7c296e21ace0	7c296ceec250	37c49	7ffdbfcbb238	8000000000000001
14.819480	26325b07aeec	8d0	7c296e21ac80	30	55f71a417640	8d0	0	28	7ffdbfcb98e0	0	0	55f71a417f10	7c296e21ace0	ffffffffffffff88	30	55f719b63010	1
14.832163	98826	55f71b2e4830	7ffdbfcc2670	fffffffffffffa6c	7ff	fffffffffffffe24	7ffdbfcb4318	55f71ad4e640	7ffdbfcb41c8	fffe	0	fffffffffffffe24	4c1acc085286f910	198f4	b4	7ffdbfcb4318	0
14.837679	9977e	1f73	352b	0	1fff	1f83	1	0	7ffdbfcbb1f0	0	0	55f71b5e8060	0	1f83	1	7ffdbfcbb270	7ffdbfcbe250
14.844638	9b041	5ae	55f719be8500	55f71bb65be0	7ff	0	2	10ded	7ffdbfcbe240	5af	ffffffffffffeef3	a3b3559d5d081e51	3af5f94336da9845	30bba	0	1020	3
14.852036	9b01e	3f4	55f719be8500	55f71c2779e0	7ff	0	1000000000000000	37d10	7ffdbfcbe240	8	0	a31e88ac0933798d	669ed7fa33d6e026	0	26bfa	b70	1
14.861145	26325b07875b	55f71aaf1140	55f71b1ff010	541	0	55f71aaf1140	55f71b1ff010	580	7ffdbfcbe2f0	55f245d4601f	55f71aa5d1e0	30	19ec46639276e4a3	7c296e21aca0	7c296e21ac80	55f71b1ff590	55f71b1ff
14.866983	940a7	6e	da	fffffff8	101	f1	3ff	55f71a110ff0	7ffdbfcbab80	0	1	fe5f2fdc6cd1d052	d54e8d468a98bfd4	fffffffc	100	102	55f71a55e560
14.879670	95ba4	1c4f8c6af344b990	980	70	2ee0b	95eb257dac9b1b18	6f20e10f8337dce5	55f71c1830d0	7ffdbfcbbf30	8	0	ff8fd3102dea1951	e448b9834d290054	580	98f	70	55f71b5e8060
14.889936	92b80	7c296c0fb010	7ffdbfcc2670	971600	8000000000000002	3d1de	7ffdbfcb26f0	55f71a918f50	7ffdbfcb26b0	0	55f71a918f80	55f71a91a6f0	7c296e21ace0	7c296ca6c610	25c58	7ffdbfcb27f8	8000000000000001
14.902588	9af40	7c296c0fb010	55f719be6c00	4c4500	55f719bff890	8000000000000001	8000000000000001	13114	7ffdbfcbe240	55f719bff870	55f71dd90f10	a3df557f25b86447	19ec46639276e4a3	3d1de	13114	7ffdbfcc2670	2
14.909044	9b041	458	55f719be8500	55f71dd74e10	7ff	0	1	e866	7ffdbfcbe240	458	fffffffffffff2f8	a3e4e60f22c60123	d2dca24c11d03225	0	10d2a	f60	3
14.916417	26325b078878	55f71b222800	55f71b222940	7c296e21ac98	31	55f71b222800	55f71b222870	90	7ffdbfcbe300	55f244539b62	55f71b222940	40	19ec46639276e4a3	7c296e21ac98	7c296e21ac80	55f71b222900	55f71b222
14.928807	9a500	55f719bd2a30	7c296d541d98	10bb1	8000000000000002	3d1de	7c296d541d98	55f71b34d5b0	7ffdbfcbae40	0	55f71b34d5e0	55f71b34e220	7c296e21ace0	7c296d541d98	593b	7ffdbfcbaf98	8000000000000001
14.939480	96f49	55f71d7edc90	1ba97	ffffffffffffe9fb	7ff	fffffffffffff8a9	747	55f71ad41020	7ffdbfcba060	8000	0	a557bf042ec55733	af19ec5e32d5aeef	55f719be9a90	766	0	1c717
14.945016	92b80	7c296c0fb010	7ffdbfcc2670	3031c0	8000000000000002	3d1de	7ffdbfcbb4d0	55f719f392e0	7ffdbfcbb490	0	55f719f39310	55f719f3a5a0	7c296e21ace0	7c296c3fe1d0	c0c7	7ffdbfcbb598	8000000000000001
14.955264	9af40	7c296c0fb010	55f71b015110	d00b40	55f71b0718a0	8000000000000001	8000000000000001	3402d	7ffdbfcbe240	55f71b071880	55f71a618e40	a42ed06ead0c12c0	19ec46639276e4a3	3d1de	3402d	7ffdbfcc2670	3
14.961250	9b016	55f	55f719be8500	55f71c07a510	7ff	0	1000000000000000	1e3af	7ffdbfcbe240	8	0	a408f75e92d2f643	db3c22267404fe6e	0	1e3ae	2400	2
14.973368	9b041	271	55f719be8500	55f71acaa540	7ff	0	1	64dc	7ffdbfcbe240	271	fffffffffffff8ad	a3f85643def5f51a	9cdf940d7d768224	64db	0	9c0	2
14.979342	943bc	f7e531f804537dc1	7a	1c0cc04a6c184363	8	7ffdbfcbae50	7ffdbfcbae58	7ffdbfcc2670	7ffdbfcbae40	0	0	9ba8f2f63955ce2a	108b9a3848e910ef	1c9a8	0	7a	7ffdbfcbae50
14.987182	9389e	8000000000000002	7ffdbfcc2670	81	70e300	3d1de	7c296c0fb010	8000000000000001	7ffdbfcb3210	7ffdbfcbe080	63	fb4fe9a734f312e2	13141a8a62c2c807	81	7ffdbfcbe080	1c38c	63
14.995165	9389e	8000000000000002	78	55f71b651da0	2b9b40	3d1de	7c296c0fb010	7ffdbfcc2670	7ffdbfcbdd10	0	1c5a0	fb846dd18621935b	bc48ae4153e199f9	8000000000000001	26d0a	ae6d	7ffdbfcbe490
15.002201	9a3d5	0	7ffdbfcb9ca8	4	0	55f71b095210	0	7ffdbfcc2670	7ffdbfcb9c20	0	55f71b0951f0	55f71b095e70	7c296e21ace0	8000000000000000	7c296d67bd60	55f71a9783b0	55f71b0951f0
15.010212	9915a	7c296d4bc010	0	7c296d608980	1f00	3d1de	55f71ad22280	7ffdbfcbe201	7ffdbfcb89c0	8000000000000000	0	7ffdbfcbe360	8000000000000001	0	1	ddba	7ffdbfcc2670
15.024778	9b041	364	55f719be8500	55f71c31d460	7ff	0	40	2836a	7ffdbfcbe240	36a	fffffffffffff5c2	a4c821792121f033	15eb6ce976ad078c	0	28369	270	3
15.033309	26325b0786e9	30	55f71a8000f0	31	30	55f71a7fff50	55f71a8000f0	60	7ffdbfcbe2f0	55f245f1a950	55f71a800150	30	19ec46639276e4a3	7c296e21ac98	7c296e21ac80	55f71a800150	55f71a800
15.048280	26325b07ae22	0	7c296e21ac80	20	7c296e21ad20	7c296e21ad10	5b	38	7ffdbfcbb030	0	55f71b3e8550	55f71b3e91b0	7c296e21ace0	ffffffffffffff88	40	4	2
15.058166	95c0c	0	7ffdbfcb0e78	1	0	7ffdbfcb0e70	7ffdbfcb0e78	55f71a2e3b10	7ffdbfcb0e70	8	0	9ba8f2f9dfde52aa	108c577ea76941f1	55f719beb1a0	ee	1ad93	7ffdbfcb0e70
15.069657	96f49	55f71bfe6180	3cb84	fffffffffffff331	7ff	fffffffffffffbbb	435	55f71d778500	7ffdbfcb8360	fc00	0	a5890b7aaccf33e3	fd807ee5012b071c	55f719be9c40	445	0	114eb
15.082659	9b041	73f	55f719be8500	55f71d51ec10	7ff	0	2	1dd9f	7ffdbfcbe240	740	ffffffffffffea40	a3233712752e23d3	bb28a7f133fa85d7	0	1dd9e	7e0	4
15.096964	92711	5bc	7ffdbfcc2670	55f71d78bab0	7ff	0	1000000000000000	7ffdbfcc2670	7ffdbfcb9d30	8	0	a5a0bc7c11fa1ca3	24840704b6351fe4	0	0	55f719be9bb0	7cf7
15.104756	95cf2	1cfe575bdec2e021	7ffdbfcbcef8	60843b947e5c6b8e	4cfe7094e026d1b3	a01e4622d272c873	1000000000000000	7ffdbfcc2670	7ffdbfcbcef0	8	0	fc29c21a3e3cd725	8e50817c873760ea	8000000000000001	10bf4	82	7ffdbfcbcef0
15.119334	959ea	8000000000000001	82	3	33cbf	7ffdbfcbdf38	7ffdbfcc2670	7ffdbfcc2670	7ffdbfcbdf20	3880	0	f3f093fa3cfccebb	1df028b546492879	3203e	0	a973	7ffdbfcbe490
15.129102	92c1c	7c296dcfe010	7ffdbfcc2670	0	8000000000000002	3d1de	7c296d66d5a0	55f71a72f230	7ffdbfcb9410	0	55f71a72f2d0	55f71a730ab0	7c296e21ace0	120e6	120e6	7ffdbfcb9558	8000000000000001
15.138982	9a4ee	55f71b0858d0	7c296d8d52a8	83253	33ff	3d1de	7c296d8d52a8	2bb71	7ffdbfcbe230	2	55f71bba6fa0	a57755434578923f	a1ba11a73862d1f0	7c296d8d52a8	55f719bd0c90	1101	3
15.150438	9a4ee	55f719e19f40	7c296da3bca0	aff92	fbff	3d1de	7c296da3bca0	3aa86	7ffdbfcbe230	0	55f71bfb07d8	a5c54a9485223595	6f86bd1dac5e47d1	7c296da3bca0	55f719bd0c90	1201	3
15.163260	95c58	d7a632b64ac7551d	7ffdbfcbae98	bc0e0c92ffd6e393	c49df9efa20c4cdf	208a5ff6234c29c5	1000000000000000	7ffdbfcc2670	7ffdbfcbae90	8	0	f34c72d56793ad53	2f75e7e26a947ee9	8000000000000001	36f9d	84	7ffdbfcbae90
15.171989	96190	17deae1dbac31053	1050	1053	1053	ba2d028af22daae9	7fff	55f71b4d0e10	7ffdbfcbaa00	8	0	f39dc5ae3e8bb655	2ae8b6395c158414	29dd	1054	fffffff0	55f71bce5640
15.186771	92711	68f	7ffdbfcc2670	55f71ce2d5f0	7ff	0	1000000000000000	0	7ffdbfcb5eb0	8	0	a5393865d9714dad	7e6724bdcb5248d5	0	7ffdbfcbe080	55f719bea090	384ae
15.193189	92739	729	7ffdbfcc2670	55f71ce2d5f0	7ff	10	8000	35bcf	7ffdbfcb5eb0	ffffffffffffea58	0	a5a8d69987011ee4	e901dc5a1959ae49	39581	7ffdbfcbe020	55f719bea090	0
15.201008	9b391	0	55f71d5d3420	55f71d249500	55f71a1a97e0	55f719b63010	7	7c296dcfe010	7ffdbfcbe240	55f71a1a9780	55f71bfa12a0	a3e5b2d3bf74bf33	19ec46639276e4a3	3d1de	1368a	0	3
15.214715	9a4ea	55f71aeab8d0	7c296d8a71c8	7d637	edff	3d1de	7c296d8a71c8	29cbd	7ffdbfcbe230	0	55f71bf87e98	a3c137ffc6f1f773	234a8a41f3ee8849	7c296d8a71c8	55f719bd0c90	d01	3
15.221530	9a500	55f71b0fa290	7c296d906940	55f2447e14ca	55f71b0fa430	55f719b63010	7	2dc62	7ffdbfcbe230	55f71b0fa3d0	55f71bbc5598	a514955bd5c14adb	19ec46639276e4a3	7c296d906940	55f719bd0c90	1a01	2
15.227016	9598b	7c296cd2d810	88	30ca0	41	3d1de	7c296cd2d810	7ffdbfcc2670	7ffdbfcbbda0	8	0	f0d3f29254014d83	3b3e5223dc3094a6	8000000000000001	30ca0	30ca0	7ffdbfcbe490
15.232858	947db	7ffdbfcbdf70	7ffdbfcc2670	81	55f719d130a0	0	7ffdbfcc2670	81	7ffdbfcb7120	7ffdbfcbe080	3e	fd2e07dd56b23785	417992fe6a06c746	81	7ffdbfcbe080	0	3e
15.239902	9a4ea	55f719bd0c90	7c296d503338	8e65	8000000000000002	3d1de	7c296d503338	55f71cef1310	7ffdbfcb9a20	0	55f71cef1340	55f71cef20a0	7c296e21ace0	7c296d503338	2f77	7ffdbfcb9b78	8000000000000001
15.249598	92c1c	7c296dcfe010	7ffdbfcc2670	7ffd	8000000000000002	3d1de	7c296d5f5900	55f71df3e410	7ffdbfcb9ee0	0	55f71df3e440	55f71df406b0	7c296e21ace0	d10a	d10a	7ffdbfcb9fe8	8000000000000001
15.260590	9a4c0	55f71aed69d0	7ffdbfcbdb38	2341	20	55f71aed6890	55f71aed69d0	4	7ffdbfcbdab0	0	55f71aed69d0	55f71aed8d30	7c296e21ace0	4	55f71aed69d0	55f71aed6860	55f71aed69a0
15.267062	9b041	64d	55f719be8500	55f71a2dc6b0	7ff	0	1	b216	7ffdbfcbe240	64d	ffffffffffffed19	a55dc3e631df2153	87af77b5fac00835	0	31656	1680	3
15.275868	9b288	333	55f719be8500	55f71a4a8de0	0	323	0	a9e	7ffdbfcbe240	1f	55f71a4a4118	a4927cf91272b3fb	921926ce818b2936	0	378c3	330	1
15.281960	9b041	25c	55f719be8500	55f71ac4a890	7ff	0	2	12285	7ffdbfcbe240	25d	fffffffffffff8e9	a5a6de174292b283	fed8ba60fe953f59	0	3506a	1260	1
15.287194	9a4f3	55f71b280430	7c296d722ed8	4cdd9	80	3d1de	55f71b280430	199f3	7ffdbfcbe230	10	55f71ac505c8	a3077fd124b6d15d	6b357a76bba2ceea	7c296d722ed8	55f719bd0c90	c01	3
15.299415	92711	471	7ffdbfcc2670	55f71cea4df0	7ff	0	1000000000000000	0	7ffdbfcb8370	8	0	a57da6fee4c41d8d	f9feb33759211cc	0	7ffdbfcbe020	55f719be9850	6cbc
15.311765	92b0e	7c296dcfe010	7ffdbfcc2670	55f71aea32c0	1	3d1de	0	32a00	7ffdbfcbc110	0	55f71aea3350	55f71aea55f0	7c296e21ace0	7c296d97b2f8	55f71aea3320	7ffdbfcbc248	8000000000000001
15.325650	94883	1fb	7ffdbfcc2670	55f71a87c740	1ff	0	1100000000000001	8000000000000001	7ffdbfcb9420	0	1	f1649b1ff876d255	4b55d09df52059f2	81	7ffdbfcbe080	133a3	2a
15.332149	9b041	d4	55f719be8500	55f71d79f450	7ff	0	2	5f03	7ffdbfcbe240	d5	fffffffffffffd81	a57dd56f0bc83019	65aa9b1e633d35ae	3b8	0	1530	3
15.347190	26325b07c3c2	31	ffffffffffffff50	55f245699433	55f71a1835b0	55f71a183550	55f71a183560	36710	7ffdbfcbe210	55f71a183590	55f71c054508	a3efd5d423fabab6	19ec46639276e4a3	7c296d9d6990	55f719bd0c90	801	1
15.357160	9a500	55f71b596110	7c296d76fdc8	55f24428d446	55f71b5961d0	55f719b63010	7	1cd3d	7ffdbfcbe230	55f71b596170	55f71d4fa3e8	a33f2d4c37a17bd3	19ec46639276e4a3	7c296d76fdc8	55f719bd0c90	701	2
15.370693	994a2	c2a0	1b9	ffffffe0	55f71d7bab10	95eb257dac9b1b18	6f20e10f8337df25	55f71d7c73e0	7ffdbfcbc1a8	8	0	3f5d8dff703b8fbe	b00aef17cd79112d	ffffffe0	610	615	55f71c182750
15.383757	95c92	34714471db68b51d	7ffdbfcb9d28	40a8ae70ab913eb0	68589e1becb34fb5	c5426d23eec77f27	1000000000000000	7ffdbfcc2670	7ffdbfcb9d20	8	0	f1fb4c86b942c653	ecd4f08f265734e0	8000000000000001	25bbb	90	7ffdbfcb9d20
15.395714	9a4ea	55f719bd0c90	7c296d6910d8	3aa19	8000000000000002	3d1de	7c296d6910d8	55f71b0ce790	7ffdbfcbae40	0	55f71b0ce7c0	55f71b0cf5d0	7c296e21ace0	7c296d6910d8	138b3	7ffdbfcbaf98	8000000000000001
15.408726	9af40	7c296c0fb010	55f71a2a4760	37fac0	55f71a7bdc50	8000000000000001	8000000000000001	dfeb	7ffdbfcbe240	55f71a7bdbf0	55f71ac47758	a564213d98388083	19ec46639276e4a3	3d1de	0	7ffdbfcc2670	2
15.415022	9a4ee	55f71a9fd820	7c296d5c0bc0	20976	feff	3d1de	7c296d5c0bc0	add2	7ffdbfcbe230	0	55f71a4c8658	a42550445ffba524	c387ff82a32ed672	7c296d5c0bc0	55f719bd0c90	101	1
15.425161	9b016	7f1	55f719be8500	55f71b3cb4d0	7ff	0	1000000000000000	1dbe9	7ffdbfcbe240	8	0	abdbd395b1c66564	a5bbe23fcdebba48	1ee2d	0	2df0	3
15.435719	92b80	7c296c0fb010	7ffdbfcc2670	115ac0	8000000000000002	3d1de	7ffdbfcba6c0	55f71cd969e0	7ffdbfcba680	0	55f71cd96a10	55f71cd97020	7c296e21ace0	7c296c210ad0	456b	7ffdbfcba788	8000000000000001
15.450600	995ab	36738b2a9f1c01cb	7ffdbfcb7ff8	3dbd62f36a01c4b3	a304d2b16a36424c	9ace17f212eb3a55	1800000000000000	55f71b5e9fd0	7ffdbfcb7ff0	8	0	9780689356a5a251	c8de0620212cd18e	ffff8000	1f70	55f71b5a9060	7ffdbfcb7ff0
15.455943	943ae	5c3c41da39ebf15f	7ffdbfcbc5f8	1c0a2e5a6c184363	8	7ffdbfcbc5f0	7ffdbfcbc5f8	7ffdbfcc2670	7ffdbfcbc5e0	0	0	9ba8f2f63e83203a	10f9c355aafcdf1d	0	1c4f3	96	7ffdbfcbc5f0
15.466167	92711	664	7ffdbfcc2670	55f71ac92960	7ff	0	1000000000000000	0	7ffdbfcb7b70	8	0	a5b3d68611296a08	21da8fd80673616c	329f9	1	55f719be9df0	0
15.474342	9af40	7c296c0fb010	55f71bb8fe20	2c2d00	55f71d5398c0	8000000000000001	8000000000000001	b0b4	7ffdbfcbe240	55f71d539860	55f71a617238	a41a2036deee339d	19ec46639276e4a3	3d1de	0	7ffdbfcc2670	2
15.483903	9a4ea	55f71a0741c0	7c296d8dc2e0	8405a	80	3d1de	7c296d8dc2e0	2c01e	7ffdbfcbe230	10	55f71ac039c0	a59bd6720ca5395d	7861bc4277d43f42	7c296d8dc2e0	55f719bd0c90	1501	4
15.495209	9b016	1de	55f719be8500	55f71af47e10	7ff	0	1000000000000000	35af4	7ffdbfcbe240	8	0	a4365016e54f5b14	72fe1a625bee6462	2c73d	0	600	3
15.505852	92b80	7c296c0fb010	7ffdbfcc2670	dee640	8000000000000002	3d1de	7ffdbfcb5ef0	55f719f6efe0	7ffdbfcb5eb0	0	55f719f6f010	55f719f6f4a0	7c296e21ace0	7c296cee9650	37b99	7ffdbfcb5ff8	8000000000000001
15.516990	943bc	dd3e387b6442f19	0	359866aed52adb0	8	7ffdbfcbc440	7ffdbfcbc448	1ec9	7ffdbfcbc430	0	0	f184571cc2ff7475	e18e411fd5ef7e6b	0	1	7ffdbfcbc530	7ffdbfcbc440
15.522931	92b80	7c296c0fb010	7ffdbfcc2670	74b9c0	8000000000000002	3d1de	7ffdbfcb9820	55f71b266210	7ffdbfcb97e0	0	55f71b266310	55f71b267420	7c296e21ace0	7c296c8469d0	1d2e7	7ffdbfcb98e8	8000000000000001
15.537899	92b80	7c296c0fb010	7ffdbfcc2670	b83840	8000000000000002	3d1de	7ffdbfcb74d0	55f71c0da7d0	7ffdbfcb7490	0	55f71c0da870	55f71c0e5d00	7c296e21ace0	7c296cc7e850	2e0e1	7ffdbfcb75c8	8000000000000001
15.546397	9b041	38e	55f719be8500	55f71d75a3b0	7ff	0	1	29b4b	7ffdbfcbe240	38e	fffffffffffff556	a413d5b6223a4182	d9a10c32117abd99	2ec73	0	24f0	1
15.552406	9af40	7c296c0fb010	55f719f4c000	309b00	55f71a7ff250	8000000000000001	8000000000000001	c26c	7ffdbfcbe240	55f71a7ff1f0	55f71a66d910	a569eb82d99a7027	19ec46639276e4a3	3d1de	0	7ffdbfcc2670	2
15.562191	9af63	7c296cf01b90	55f71b38bbe0	c67965c6307d1fe0	8000000000000002	8000000000000001	8000000000000001	381ae	7ffdbfcbe240	55f71a1473e0	55f71be17d30	ab590b53ffb8964b	19ec46639276e4a3	3d1de	0	7ffdbfcc2670	3
15.570697	96f49	55f71ac64540	291e8	fffffffffffff57a	7ff	fffffffffffffc7e	372	55f71a00fb80	7ffdbfcbbbf0	ffff	0	a3de029e3b48e9c3	ade8990cb205418d	55f719be9160	382	0	8ceb
15.580733	92b80	7c296c0fb010	7ffdbfcc2670	2bc240	8000000000000002	3d1de	7ffdbfcb97d0	55f71a7a6830	7ffdbfcb9790	0	55f71a7a6860	55f71a7a8350	7c296e21ace0	7c296c3b7250	af09	7ffdbfcb98d8	8000000000000001
15.595075	9441e	0	7ffdbfcb1ab8	1	0	7ffdbfcb1ab0	7ffdbfcb1ab8	55f71d7c7320	7ffdbfcb1aa0	0	1	8c36735c1de6fe26	52b2e0255ba2aac1	fffff800	550	55f71d7bc250	7ffdbfcb1ab0
15.606669	92b80	7c296c0fb010	7ffdbfcc2670	229200	8000000000000002	3d1de	7ffdbfcb7050	55f71a8f7b90	7ffdbfcb7010	0	55f71a8f7bc0	55f71a8ff400	7c296e21ace0	7c296c324210	8a48	7ffdbfcb7148	8000000000000001
15.620153	26325b07978e	3	3	55f24460eb45	55f71b115a50	55f719b63010	7	55f71b1159e0	7ffdbfcbe190	55f71b1159f0	55f71b3dd3f0	a59c54499445c083	19ec46639276e4a3	7c296e21ac80	0	55f71b115a10	3
15.631758	9b041	6a4	55f719be8500	55f71d509190	7ff	0	1	2e892	7ffdbfcbe240	6a4	ffffffffffffec14	a3f4d67ba35c0ef1	4b5ab64f6fddeb21	15bf4	0	810	2
15.639306	9389e	8000000000000002	a0	55f71b5e8060	d58c40	3d1de	7c296c0fb010	7ffdbfcc2670	7ffdbfcb9240	8	0	8c6c745a2d60587f	6ac92495f06a5ebe	8000000000000001	0	35631	7ffdbfcbe490
15.649841	9a480	0	7ffdbfcb5b70	0	38	8	38	7	7ffdbfcb5af0	0	55f71a1cfa70	55f71a1cfd00	7c296e21ace0	38	7c296d4bc010	55f71a1cf8e0	55f71a1cfa70
15.662823	928a5	1	7ffdbfcc2670	7c296d4bc010	b49ba	3d1de	3c33e	7ffdbfcc2670	7ffdbfcb87d0	8	0	a53abbf660d277d5	7a69b90d9be04cc0	7c296da60de0	7c296d4bc010	7ffdbfcb88d8	3c33e
15.670279	95ba1	736f6d6570736575	a2	a2	36381	95eb257dac9b1b18	6f20e10f8337e06b	7ffdbfcc2670	7ffdbfcba8b0	4eef	0	fffffffffffffc93	31fb79f5d9a006eb	2aa0f	0	a2	7ffdbfcbe490
15.680740	943f5	b501913584753da7	0	7292df08300d9389	8	7ffdbfcb7e70	7ffdbfcb7e78	55f71b5e8240	7ffdbfcb7e60	8	0	65f2da8e73655643	4d0491f927aeb5ac	fffff800	1e0	55f71b5e42e0	7ffdbfcb7e70
15.688711	9a4ea	55f719d30730	7c296d62aef8	2dddd	ffff	3d1de	7c296d62aef8	f49f	7ffdbfcbe230	0	55f71ac4a230	a551554e4627d6aa	b04198a6939d1823	7c296d62aef8	55f719bd0c90	1201	1
15.694632	9b2cd	161	55f719be8500	55f71cea4df0	ffff	151	7ffdbfcc2670	1b0ad	7ffdbfcbe240	0	55f71cea2cd8	a5b169b2b2e76dcd	cf747cd40e453d98	0	55f719bd0c90	1301	1
15.706167	9b041	131	55f719be8500	55f71a7000e0	7ff	0	1	3c989	7ffdbfcbe240	131	fffffffffffffc6d	a55be3d1d5bc75cf	591f65a066e6676b	0	b6b9	1110	2
15.718568	92711	245	7ffdbfcc2670	55f71bb31f40	7ff	0	1000000000000000	7ffdbfcc2670	7ffdbfcbd8d0	8	0	a43adfa8a04a3cbe	3f7308804c929b55	36d0f	0	55f719be87d0	0
15.730661	994b7	1c4f8c6af34485eb	0	7ffdbfcbe200	7ffdbfcbc490	95eb257dac9b1b18	6f20e10f8337e09e	7ffdbfcbe0f0	7ffdbfcbc3f0	1	0	7ffdbfcbe200	8000000000000001	0	1	7ffdbfcbc490	7ffdbfcc2670
15.745057	92b80	7c296c0fb010	7ffdbfcc2670	e0d900	8000000000000002	3d1de	7ffdbfcb7ad0	55f71d55a570	7ffdbfcb7a90	0	55f71d55a5a0	55f71d55b600	7c296e21ace0	7c296cf08910	38364	7ffdbfcb7bc8	8000000000000001
15.760069	92711	186	7ffdbfcc2670	55f71ce51c80	7ff	0	1000000000000000	7ffdbfcc2670	7ffdbfcb9ab0	8	0	a5bb7445c4aa9c95	bef257e81450d02d	0	0	55f719be9c10	4ce8
15.771921	26325b07c089	37	7ffdbfcb7718	0	20	8	20	20	7ffdbfcb7660	0	55f71ce672c0	55f71ce68d40	7c296e21ace0	20	7c296da479a0	55f71ce67180	55f71ce672c0
15.784308	9b391	1	55f71a069e50	55f71d249500	55f719bfc870	55f719b63010	7	7c296dcfe010	7ffdbfcbe240	55f719bfc850	55f71d81e298	a3dc554da46a9439	19ec46639276e4a3	3d1de	3c10a	1	1
15.794997	9a4ee	55f719ef4830	7c296d632f08	2eddf	b7ff	3d1de	7c296d632f08	f9f5	7ffdbfcbe230	0	55f71c2bbf20	a48c36faf716af65	6e879b08476b9f7b	7c296d632f08	55f719bd0c90	101	1
15.800867	9a4f8	55f71a922460	7c296d6cc9d0	42138	80	3d1de	7c296d6cc9d0	16068	7ffdbfcbe230	10	55f71ce89df0	a5985673cac584fb	44163ff73e3b4904	7c296d6cc9d0	55f719bd0c90	1501	3
15.812118	26325b07870f	55f719f82050	55f71d55bb20	31	55f71d55bbd0	55f719f82050	55f71d55bb60	70	7ffdbfcbe2f0	55f242246ecb	55f71d55bb90	30	19ec46639276e4a3	7c296e21aca0	7c296e21ac80	55f71d55bb90	55f71d55b
15.826671	92739	62f	7ffdbfcc2670	55f71dd81630	7ff	0	1	0	7ffdbfcba330	ffffffffffffed73	0	a3ce55e2dc41e64b	5d8de97b8a7affb	73d4	1	55f719be9400	0
15.832654	93a99	501f4f0257c00ccf	817	3efe76846fe86470	ef08065ab9c15763	9ff289da1e1bb606	1100000000000001	81	7ffdbfcb8bf0	0	1	8c9738fa0b605b6c	e32fc8c448c5dc55	501f4f0257c00ccf	7ffdbfcbe020	7ffdbfcb8c80	7ffdbfcbdf70
15.846429	96f49	55f71bf8e6f0	12002	fffffffffffff0c1	7ff	fffffffffffffaeb	505	55f71a4550f0	7ffdbfcbb890	ed1f	0	a338436827159153	ee718c4b3f8fc163	55f719be9280	515	0	29732
15.859628	940a2	4a	358	fffff000	29	19	7ff	55f71af0e550	7ffdbfcb78c0	0	1	8e4e09559c7924bb	9ef212e4ba92cb66	fffff800	20	2b	55f71cd85e80
15.866170	92988	28a00	7ffdbfcc2670	7c296d4bc010	0	3d1de	0	0	7ffdbfcb6290	8	0	a43255cccfea9aee	691800bfa07f4fce	7c296d4bc010	7c296d601738	7ffdbfcb63c8	55f71a4356b0
15.872418	9b041	270	55f719be8500	55f71d823470	7ff	0	4	32920	7ffdbfcbe240	272	fffffffffffff8aa	a33dc3a739255153	966f1d1b02bab420	0	3291f	e40	2
15.881037	9b041	3a7	55f719be8500	55f71ab1c6c0	7ff	0	8001	2a89e	7ffdbfcbe240	3a7	fffffffffffff50b	a4f90a9d576016fb	ab8565cdbab1bd47	0	3c385	22e0	0
15.894165	9b041	33a	55f719be8500	55f71ac317e0	7ff	0	1	1aa67	7ffdbfcbe240	33a	fffffffffffff652	a51e86e8810d8a93	f86849110ff339d3	0	1aa66	1e00	5
15.902780	26325b07888b	55f71b2cd980	55f71af2eb50	7c296e21aca0	40	55f71b2cd980	55f71af2eb20	40	7ffdbfcbe300	55f24583426e	55f71af2eb50	30	19ec46639276e4a3	7c296e21aca0	7c296e21ac80	55f71af2eb50	55f71af2e
15.910044	95d00	773bcc87affde902	7ffdbfcb9b68	c68fd92f59e05aee	16bcb7917e1bcea	b81c55e8765007fe	1000000000000000	7ffdbfcc2670	7ffdbfcb9b60	8	0	a549b366e14e9909	e8e63e9a78cfef7c	0	0	0	7ffdbfcb9b60
15.922199	9389e	8000000000000002	7ffdbfcc2670	81	24f540	3d1de	7c296c0fb010	8000000000000001	7ffdbfcb3f30	7ffdbfcbe080	5c	7ffdbfcbdf70	35e66fec203e213f	81	7ffdbfcbe080	93d5	5c
15.930381	99174	7c296d4bc010	0	7c296d5c9ad0	3f00	3d1de	51738834096e1c7f	7ffdbfcbe201	7ffdbfcbb300	55f71afbdd50	4	7ffdbfcbe360	8000000000000001	0	1	b3c8	7ffdbfcc2670
15.936054	92b80	7c296c0fb010	7ffdbfcc2670	1564c0	8000000000000002	3d1de	7ffdbfcb7ff0	55f71b403990	7ffdbfcb7fb0	0	55f71b4039c0	55f71b4056b0	7c296e21ace0	7c296c2514d0	5593	7ffdbfcb80b8	8000000000000001
15.942949	92b80	7c296c0fb010	7ffdbfcc2670	c5d7c0	8000000000000002	3d1de	7ffdbfcba3f0	55f71a979860	7ffdbfcba3b0	0	55f71a979960	55f71a97d500	7c296e21ace0	7c296cd587d0	3175f	7ffdbfcba4b8	8000000000000001
15.956645	9b041	339	55f719be8500	55f71bf756b0	7ff	0	1	2b415	7ffdbfcbe240	339	fffffffffffff655	a3db559151048f82	fc59fcaeeb581457	3636b	0	d20	1
15.969079	9a4ea	55f71a021f40	7c296d9b24b0	9ec94	7fff	3d1de	7c296d9b24b0	34edc	7ffdbfcbe230	1	55f71d54ac20	a30a15d2ccd4aa13	af40df29bd7879a1	7c296d9b24b0	55f719bd0c90	801	3
15.978851	9b041	556	55f719be8500	55f71cd06780	7ff	0	1	36ff7	7ffdbfcbe240	556	ffffffffffffeffe	abf4ae2db63fec2d	9aea889b6bbf81	0	25c4a	2970	1
15.990186	92b80	7c296c0fb010	7ffdbfcc2670	cd5e00	8000000000000002	3d1de	7ffdbfcb9ee0	55f71a381300	7ffdbfcb9ea0	0	55f71a381580	55f71a381ef0	7c296e21ace0	7c296cdd0e10	33578	7ffdbfcb9fa8	8000000000000001
15.996982	9389e	8000000000000002	b2	55f71bce5640	d83b00	3d1de	7c296c0fb010	7ffdbfcc2670	7ffdbfcb8cf0	8	0	8936c3a3c13d3d89	6e7876133ea7faca	8000000000000001	0	360ec	7ffdbfcbe490
16.006459	26325b07aabf	30	7c296e21ac80	0	55f719b63010	28	7c296e21ac80	28	7ffdbfcb9440	8	0	a59f2d5f95ed775f	3862b3c60a42b2f2	1	30	55f71a1a58f0	8000000000000001
16.012599	95900	e5a	b0	55f71b4cfdc0	3fff	0	1	7ffdbfcc2670	7ffdbfcb99a0	55f71b4b3280	1cb40	8fbc7b32fabf3af5	37c3a286540ef8ac	8000000000000001	1993d	0	7ffdbfcbe490
16.024574	92b80	7c296c0fb010	7ffdbfcc2670	c19a40	8000000000000002	3d1de	7ffdbfcb65f0	55f719f2b640	7ffdbfcb65b0	0	55f719f2b670	55f719f2c540	7c296e21ace0	7c296cd14a50	30669	7ffdbfcb66f8	8000000000000001
16.038344	9af40	7c296c0fb010	55f71a55f660	39e540	55f719bde460	8000000000000001	8000000000000001	e795	7ffdbfcbe240	55f719bde440	55f71a5c1260	a5ccd4778dcdd350	19ec46639276e4a3	3d1de	e795	7ffdbfcc2670	2
16.046338	9b041	731	55f719be8500	55f71a4b5600	7ff	0	10	a0d7	7ffdbfcbe240	735	ffffffffffffea61	a413562d6c193a70	22d37d58b6564267	271d	0	420	1
16.059689	9a4ea	55f71a2c99b0	7c296d64c3f0	3207c	bfff	3d1de	7c296d64c3f0	10ad4	7ffdbfcbe230	0	55f71bbb44e0	a5cb54794ea4146a	7802ad260b1151f2	7c296d64c3f0	55f719bd0c90	1f01	3
16.072458	943ae	1c4f8c6af34484bf	7ffdbfcbbf88	359866aed5293ab	8	7ffdbfcbbf80	7ffdbfcbbf88	55f71b4d2ec0	7ffdbfcbbf70	0	0	8f0510e055bb3b17	e18e411fd5ef7e6b	d32	310b	b4	7ffdbfcbbf80
16.087762	9389e	8000000000000002	e247	c126c3c9e900cb04	3891c0	3d1de	7c296c0fb010	8000000000000000	7ffdbfcbadb0	b4	4	7ffdbfcbe360	8000000000000001	0	1	0	7ffdbfcc2670
16.102723	92988	9f000	7ffdbfcc2670	7c296d4bc010	0	3d1de	0	7ffdbfcc2670	7ffdbfcb8790	8	0	a5d7d4380ddec395	2ffc57f6a625ebfb	7c296d4bc010	7c296d9b4730	7ffdbfcb8898	55f71a1f3700
16.113678	9389e	8000000000000002	0	204c94c9b2d64c2	f1bd40	3d1de	7c296c0fb010	7ffdbfcbe201	7ffdbfcbd930	b4	4	7ffdbfcbe360	8000000000000001	0	1	3c6f5	7ffdbfcc2670
16.123003	26325b07968f	0	40	40	41	55f71b28bf60	7c296e21ac80	0	7ffdbfcbe180	10	55f71ceb0218	a55d62b04d8cdb33	aad5e67cb9888cae	7c296d68f680	0	1301	0
16.132022	95bf9	1c4f8c6af34468d7	7ffdbfcbe1d8	f184571cc2ff7475	1de9f	95eb257dac9b1b18	6f20e10f83370da2	122f8	7ffdbfcbe1d0	359866aed527fc3	e18e411fd5ef7e6b	a58272a3fcb95b71	19ec46639276e4a3	0	1de9f	0	7ffdbfcbe1d0
16.141568	9a4ea	55f71a72ac70	7c296d64df38	323e5	b9ff	3d1de	7c296d64df38	10bf7	7ffdbfcbe230	0	55f71cdb49c8	a4225064dfc89e2d	cbbe22592cfe58a9	7c296d64df38	55f719bd0c90	101	0
16.153616	26325b07c0b7	30	ffffffffffffff88	0	55f719b63010	3d1de	28	28	7ffdbfcba640	8	0	a59256fcc7f88c0b	811cc69f71f85cc4	1	7c296d8e63f0	55f71c03bdc0	8000000000000001
16.168369	9439e	5415	7ffdbfcb9978	1	8	7ffdbfcb9970	7ffdbfcb9978	55f71b315030	7ffdbfcb9960	0	0	9ba8f2f997e85ad8	108bab1523896dd0	ffff57fc	1f0	55f71b310fe0	7ffdbfcb9970
16.174514	943f5	b0d5784730b7ed7	39415	d9b8159b165783f3	8	7ffdbfcbd4d0	7ffdbfcbd4d8	55f71b23e390	7ffdbfcbd4c0	8	0	a42bd05a235bc6ec	24e2330567c4359f	55f719be88f0	15	39415	7ffdbfcbd4d0
16.182656	959b4	0	ba	55f71bc95d20	3b1eb	0	7ffdbfcc2670	7ffdbfcc2670	7ffdbfcb7d40	b9c5	0	7113a1c457b21e66	93ace1ddd031d3ad	3b1eb	0	347cf	7ffdbfcbe490
16.192969	9441b	0	0	0	0	7ffdbfcb7f40	7ffdbfcb7f48	3a8d1	7ffdbfcb7f30	8	0	cce61250a0dc3323	f252a5bddb952177	0	1	7ffdbfcb8030	7ffdbfcb7f40
16.205079	9439e	0	7ffdbfcbe1d8	1	8	7ffdbfcbe1d0	7ffdbfcbe1d8	315e5	7ffdbfcbe1c0	0	0	9ba8f2f9da22c5f9	109e9c1a18c4d396	0	96b5	0	7ffdbfcbe1d0
16.219454	9af40	7c296c0fb010	55f71a3d1810	d5bec0	55f719d23d90	8000000000000001	8000000000000001	356fb	7ffdbfcbe240	55f719d23d30	55f71af45050	a4c99a3c7c3b1983	19ec46639276e4a3	3d1de	0	7ffdbfcc2670	5
16.228333	26325b078806	55f71b1359d0	55f71a127410	31	1	55f71b1359d0	55f71b135bc0	30	7ffdbfcbe300	55f24563d567	55f71a127440	30	19ec46639276e4a3	7c296e21ac98	7c296e21ac80	55f71a127440	55f71a127
16.235935	94459	0	0	1	0	7ffdbfcbb630	7ffdbfcbb638	55f71a56a5b0	7ffdbfcbb620	8	0	9ba8f2f9d89c51a4	108c4b9d544abf7e	55f719be92b0	49	1346d	7ffdbfcbb630
16.250178	9a4ee	55f719bd0c90	7c296d4eec08	657f	8000000000000002	3d1de	7c296d4eec08	55f71a6cdf00	7ffdbfcb5fa0	0	55f71a6cdf30	55f71a6ce870	7c296e21ace0	7c296d4eec08	21d5	7ffdbfcb60e8	8000000000000001
16.260172	92d18	7c296dcfe010	7ffdbfcc2670	7ffd	8000000000000002	3d1de	7c296da72a98	55f71c309770	7ffdbfcb93a0	0	55f71c3097a0	55f71c30d9f0	7c296e21ace0	183	8a	7ffdbfcb94a8	d104
16.267439	92711	63	7ffdbfcc2670	55f71c3364a0	7ff	0	1000000000000000	81	7ffdbfcbcf90	8	0	a48fa25eb25faa9b	a55ea98603ea327f	0	7ffdbfcbe080	55f719be8800	32a3f
16.280953	9a4ee	55f71af11fa0	7c296d85a1b8	73c35	77ff	3d1de	7c296d85a1b8	26967	7ffdbfcbe230	1	55f71bb2a710	a43adfa8a04bb740	3f22fa90a1420fab	7c296d85a1b8	55f719bd0c90	201	3
16.291976	9b041	480	55f719be8500	55f71aee93e0	7ff	0	1	1cd6b	7ffdbfcbe240	480	fffffffffffff280	ab10d3e52b25c1eb	6196414c9520b4b1	1cd6a	0	2a90	0
16.297817	9af40	7c296c0fb010	55f71b4402a0	c70c80	55f71af19870	8000000000000001	8000000000000001	31c32	7ffdbfcbe240	55f71af19810	55f71a66e930	a586a3564ab3bc93	19ec46639276e4a3	3d1de	0	7ffdbfcc2670	1
16.308324	9b041	7cb	55f719be8500	55f71c003cd0	7ff	0	40	30b0f	7ffdbfcbe240	7d1	ffffffffffffe88d	a338aa78c16292f3	cfe339b73834730e	0	1d1af	840	3
16.315203	9441b	0	0	0	0	7ffdbfcb8730	7ffdbfcb8738	55f71a294070	7ffdbfcb8720	8	0	a5f27eaf0ca302d7	21e6104130ed333e	55f719bea2d0	9f	0	7ffdbfcb8730
16.328955	9a471	0	7ffdbfcb52b0	0	38	55f71c1ddc10	0	7	7ffdbfcb5230	0	55f71c1ddc50	55f71c1de0a0	7c296e21ace0	7ffffffffffffff8	7c296d4bc010	55f71c1ddbe0	55f71c1ddc50
16.340931	26325b07ade9	31	7c296e21ac80	20	7c296e21ad20	7c296e21ad10	5b	38	7ffdbfcbabb0	0	55f71ac96900	55f71ac986a0	7c296e21ace0	2	40	4	55f71ac96900
16.349040	92c1c	7c296dcfe010	7ffdbfcc2670	0	8000000000000002	3d1de	7c296d5935f0	55f71b385650	7ffdbfcbdb70	0	55f71b3856f0	55f71b386770	7c296e21ace0	8f94	8f94	7ffdbfcbdca8	8000000000000001
16.355982	9396c	1	7ffdbfcb7a58	1	0	7ffdbfcb7a50	7ffdbfcb7a58	7ffdbfcbdf70	7ffdbfcb7a50	8	0	71061f4eae7ee2f5	a3a98974065dc309	81	7ffdbfcbe080	7ffdbfcb7b00	7ffdbfcb7a50
16.364544	9b041	6bd	55f719be8500	55f71dd74e10	7ff	0	1	2dd29	7ffdbfcbe240	6bd	ffffffffffffebc9	a3c955ea5c8accd3	a72f9272d07355b	2dd28	0	f60	5
16.369992	9b016	550	55f719be8500	55f71ce76730	7ff	0	1000000000000000	398d1	7ffdbfcbe240	8	0	a577e9ae60939131	692e9608de45ab68	0	398d0	1bf0	1
16.383986	9a4ea	55f71a561990	7c296da230b8	ace15	bfff	3d1de	7c296da230b8	39a07	7ffdbfcbe230	0	55f71cdcc780	a4d33dee1db6ea3b	56fc9688b7d224a7	7c296da230b8	55f719bd0c90	601	2
16.397634	26325b0786df	60	55f71ab9d470	61	60	55f71a3ec0a0	55f71ab9d470	90	7ffdbfcbe2f0	55f245c87edd	55f71ab9d540	40	19ec46639276e4a3	7c296e21ac98	7c296e21ac80	55f71ab9d500	55f71ab9d
16.405485	9389e	8000000000000002	c4	55f71b4cfdc0	a29440	3d1de	7c296c0fb010	7ffdbfcc2670	7ffdbfcbd920	0	58ae0	727d53a96173aa80	71b754c9efef9269	8000000000000001	0	28a51	7ffdbfcbe490
16.417048	26325b1778a5	55f71ae9e020	7ffdbfcb91b0	1f71	38	55f71ae9def0	55f71ae9e020	7	7ffdbfcb9128	0	55f71ae9e020	55f71ae9ffc0	7c296e21ace0	7	55f71ae9e020	55f71ae9dec0	55f71ae9dff0
16.427339	26325b07c085	3	7ffdbfcb7fa0	55f71a1dce40	0	3d1de	28	28	7ffdbfcb7ee0	8	0	a425328a120893bb	4abaf12f357dfd70	8000000000000000	7c296d4bc010	55f71a1dce40	8000000000000001
16.435761	990a5	7c296d4bc010	0	7c296d689b18	f00	3d1de	4d	7ffdbfcbe001	7ffdbfcbbaa0	8	0	7ffdbfcbe200	8000000000000001	0	1	133cb	7ffdbfcc2670
16.446190	990bb	7c296d4bc010	2a338	7c296d4bc010	1f01	3d1de	7e9a8	7ffdbfcbe001	7ffdbfcb93a0	8	0	7ffdbfcbe200	8000000000000001	0	1	0	7ffdbfcc2670
16.454405	9b016	f7	55f719be8500	55f71d806cd0	7ff	0	1000000000000000	1ef41	7ffdbfcbe240	8	0	a576f8d829029343	21f408c20730569a	0	5fb	1560	4
16.464180	9af63	7c296c3715d0	55f719f12070	de8b598c928efc96	8000000000000002	8000000000000001	8000000000000001	9d97	7ffdbfcbe240	55f71ddd4cf0	55f71a6075a0	a434aaa96fb943e3	19ec46639276e4a3	3d1de	0	7ffdbfcc2670	1
16.475874	9b391	1	55f71d50b810	55f71d249500	55f71a3acfc0	55f719b63010	7	7c296dcfe010	7ffdbfcbe240	55f71a3acfa0	55f71af43a60	a4365016e54d7ebc	19ec46639276e4a3	3d1de	eda5	1	2
16.482278	9a4ea	55f71ad16300	7c296d920158	8c829	feff	3d1de	7c296d920158	2ed63	7ffdbfcbe230	0	55f71bffb090	a325477fc319603f	9686a6969dc4f2cd	7c296d920158	55f719bd0c90	801	4
16.491923	92b80	7c296c0fb010	7ffdbfcc2670	11ea40	8000000000000002	3d1de	7ffdbfcbc710	55f719cd6810	7ffdbfcbc6d0	0	55f719cd6840	55f719cd6b60	7c296e21ace0	7c296c219a50	47a9	7ffdbfcbc7d8	8000000000000001
16.499489	99265	91d050608c2a6a6b	1be59	55f71a5a2b80	7	3d1de	6e2faf9f73d59094	7ffdbfcbe001	7ffdbfcbad20	ca	4	7ffdbfcbe200	8000000000000001	0	1	0	7ffdbfcc2670
16.507878	92739	7fa	7ffdbfcc2670	55f71bfa2ef0	7ff	40	20	0	7ffdbfcba7b0	ffffffffffffe803	0	a3c55574280bf03d	fa4da3e0383bf46a	261e6	1	55f719be92e0	0
16.516903	92747	4ef	7ffdbfcc2670	55f71a6b91f0	7ff	60	8000	7ffdbfcc2670	7ffdbfcbad80	fffffffffffff106	0	a5745571c526eb9c	ab2d1d21c061a8b5	e94d	0	55f719be9640	0
16.522528	96156	6cc00	3660	55f71b4631c0	27b7a	55f71b4cfdc0	7fff	55f71b4d3420	7ffdbfcb9920	8	0	8ce4d9e90a6b3ac5	96c40541409650b1	88a	3660	fffffe7f	55f71bce5640
16.528488	99330	7c296c0fb010	13a98	15	0	3d1de	7c296c0fb010	8000000000000001	7ffdbfcbd060	ca	4	7ffdbfcbe200	8000000000000001	0	1	0	7ffdbfcc2670
16.540254	926d8	7ffdbfcbcb48	7ffdbfcc2670	8000000000000001	0	95eb257dac9b1b18	6f20e10f83370d46	7b38	7ffdbfcbca10	1	0	55f71b5e8060	0	0	1	55f719be8aa0	7b38
16.548655	9af40	7c296c0fb010	55f71b4ea5d0	176ec0	55f719d1c600	8000000000000001	8000000000000001	5dbb	7ffdbfcbe240	55f719d1c5a0	55f71b412648	a4194e8b84abc703	19ec46639276e4a3	3d1de	0	7ffdbfcc2670	2
16.558761	9b391	1	55f71b2b6060	55f71d249500	55f71b2413e0	55f719b63010	7	7c296dcfe010	7ffdbfcbe240	55f71b2413c0	55f71d4d0368	a59ed6368afcec49	19ec46639276e4a3	3d1de	327e4	1	2
16.567894	9af63	7c296c7ec0d0	55f71a893ed0	300000000	8000000000000002	8000000000000001	8000000000000001	1bc43	7ffdbfcbe240	55f71c04c530	55f71c0e6ce8	a4fcf96c7de28abb	19ec46639276e4a3	3d1de	0	7ffdbfcc2670	4
16.577895	26325b07870f	55f71c05ffc0	55f71b182540	31	55f71b184040	55f71c05ffc0	55f71b183fd0	1ac0	7ffdbfcbe2f0	55f24469f183	55f71b184000	30	19ec46639276e4a3	7c296e21aca0	7c296e21ac80	55f71b184000	55f71b183
16.590524	9924b	55f71a2b0f30	55d	8000000000000000	f01	3d1de	89094d228b44a15f	7ffdbfcbe001	7ffdbfcb7660	ce	4	7ffdbfcbe200	8000000000000001	0	1	0	7ffdbfcc2670
16.598313	96f49	55f71ce5e4a0	29e6a	ffffffffffffeb84	7ff	fffffffffffff92c	6c4	55f71a850670	7ffdbfcb7f00	f7ff	0	a586561ed1733937	286def31890cf1d1	55f719be9d00	774	2bad8	0
16.606718	92711	182	7ffdbfcc2670	55f71ac92960	7ff	0	1000000000000000	7ffdbfcc2670	7ffdbfcb9670	8	0	a5b3d686112a242f	21f24a22bd352475	26fd6	0	55f719be9df0	0
16.615210	92b80	7c296c0fb010	7ffdbfcc2670	1b5900	8000000000000002	3d1de	7ffdbfcb8630	55f71b3e9a30	7ffdbfcb85f0	0	55f71b3e9ad0	55f71b3ee470	7c296e21ace0	7c296c2b0910	6d64	7ffdbfcb8728	8000000000000001
16.627153	96f49	55f71c090c80	32f8f	fffffffffffff805	7ff	fffffffffffffd57	299	55f71a52bbf0	7ffdbfcb4d60	eefc	0	a41055bfe0968a4b	e5c160d35294a57a	55f719bea9c0	2a7	1194c	0
16.638512	9a500	55f71df279b0	7c296d4de1b0	55f24283a5c7	55f71df27ae0	55f719b63010	7	16bc	7ffdbfcbe230	55f71df27a80	55f71bf9ab38	a32bce64708cb133	19ec46639276e4a3	7c296d4de1b0	55f719bd0c90	d01	2
16.651062	9b041	3da	55f719be8500	55f71b043ea0	7ff	0	1	4d74	7ffdbfcbe240	3da	fffffffffffff472	a594693940f1b7fb	ee75f966e318cbdb	0	b751	17a0	2
16.658682	9a4f3	55f71a5975e0	7c296d590cf8	1a99d	80	3d1de	55f71a5975e0	8ddf	7ffdbfcbe230	10	55f71ac50fd0	a31f9f20e5d8d01b	48ed72c800a2e1d9	7c296d590cf8	55f719bd0c90	c01	3
16.668126	95d00	511cc7f166fd3d28	7ffdbfcbd208	353d4ab3cf7ed632	edf099de377aec12	5187d13abcec5e2f	1000000000000000	7ffdbfcc2670	7ffdbfcbd200	8	0	7320643fd328c138	96ad3b3322ad3b76	0	2f965	d0	7ffdbfcbd200
16.679451	930b8	8000000000000001	7ffdbfcc2670	ffffffffffffe998	7ff	fffffffffffff888	8000000000000001	55f71a34b010	7ffdbfcb5eb0	3c77	0	fffffffffffff888	88f3765e2bb44938	2a9da	91	8334	27a5e
16.691936	95c4a	afe458c48e8cdec8	7ffdbfcb7b98	5c34bed4f2b44f87	a56022de1e636a4f	ef2e12df090bd4d5	1000000000000000	7ffdbfcc2670	7ffdbfcb7b90	8	0	a4385423d0d4877d	4c34bed4f2b44f87	d3be	0	d3be	7ffdbfcb7b90
16.706002	92b80	7c296c0fb010	7ffdbfcc2670	cfd480	8000000000000002	3d1de	7ffdbfcb7070	55f71ad02b60	7ffdbfcb7030	0	55f71ad02d20	55f71ad03220	7c296e21ace0	7c296cdf8490	33f52	7ffdbfcb7178	8000000000000001
16.719411	26325b079666	31	ffffffffffffff50	55f245bdcfd6	0	55f71acc6210	7c296e21ac80	0	7ffdbfcbe1e0	55f71acc6250	55f71c133bf0	a5f632ef6fcaf63f	19ec46639276e4a3	7c296d9ca8e8	55f719bd0c90	2101	2
16.730429	9af40	7c296c0fb010	55f71aac16a0	c46340	55f719bed510	8000000000000001	8000000000000001	3118d	7ffdbfcbe240	55f719bed4b0	55f71dd8db50	a4fddd4c75e5d7d7	19ec46639276e4a3	3d1de	0	7ffdbfcc2670	0
16.735744	9b041	5a1	55f719be8500	55f71ac64540	7ff	0	1	1102c	7ffdbfcbe240	5a1	ffffffffffffef1d	a3e155a65094f42e	cccae048747c3f0b	31917	0	c60	2
16.749815	9a4ea	55f71aeac690	7c296d5458f0	1131c	ffff	3d1de	7c296d5458f0	5bb4	7ffdbfcbe230	0	55f71a2d87e0	a54f97376569336f	88bd237abe4e8428	7c296d5458f0	55f719bd0c90	1601	2
16.755213	26325b078862	55f71a993410	55f719be01a0	40	31	55f71a993410	55f71a993660	f0	7ffdbfcbe300	55f246cfa833	55f719be01a0	40	19ec46639276e4a3	7c296e21ac98	7c296e21ac80	55f71a993750	55f71a993
16.765519	92b80	7c296c0fb010	7ffdbfcc2670	991340	8000000000000002	3d1de	7ffdbfcb6bb0	55f71a959ec0	7ffdbfcb6b70	0	55f71a959fc0	55f71a95a540	7c296e21ace0	7c296ca8c350	2644d	7ffdbfcb6c78	8000000000000001
16.770841	92747	186	7ffdbfcc2670	55f71bb3e760	7ff	0	10	0	7ffdbfcbd4b0	fffffffffffffb62	0	a43f506f644ca538	32892bc5baa9d1df	2b4b5	1	55f719be87a0	0
16.784032	990a5	7c296d4bc010	0	7c296d8459c8	3f00	3d1de	f8	7ffdbfcbe201	7ffdbfcba700	8	0	7ffdbfcbe360	8000000000000001	0	1	25bbd	7ffdbfcc2670
16.793787	92c1c	7c296dcfe010	7ffdbfcc2670	0	8000000000000002	3d1de	7c296d978a00	55f71acca670	7ffdbfcb1d10	0	55f71acca6a0	55f71accc750	7c296e21ace0	3286a	3286a	7ffdbfcb1e58	8000000000000001
16.803740	943c6	dd3e387b643f590	b138	e4e7c78ac3426562	8	7ffdbfcb1810	7ffdbfcb1818	55f71c158a30	7ffdbfcb1800	0	0	87307bd858cd4ba0	e18e411fd5efcf53	ffffb000	7e0	55f71c1484b0	7ffdbfcb1810
16.816699	9b33c	7361	7360	55f244213708	55f71b508200	55f719b63010	7	290e2	7ffdbfcbe240	55f71b5081a0	55f71ddd64a8	a4eeef9b9d5b7a2b	19ec46639276e4a3	7c296d895540	55f719bd0c90	7ffdbfcc2670	2
16.829656	9af40	7c296c0fb010	55f71ae70270	e8a4c0	55f719ee3980	8000000000000001	8000000000000001	3a293	7ffdbfcbe240	55f719ee3960	55f71dd78678	a3ce55e2dc403082	19ec46639276e4a3	3d1de	3a293	7ffdbfcc2670	0
16.837765	9a4ea	55f71ce0fe60	7c296d8b97e0	7fafa	ffff	3d1de	7c296d8b97e0	2a8fe	7ffdbfcbe230	0	55f71b58c760	ab08d721bd790683	fe7eddfaf65e1cbe	7c296d8b97e0	55f719bd0c90	2a01	3
16.847815	9b2cd	438	55f719be8500	55f71c039d50	ffff	428	7ffdbfcc2670	32189	7ffdbfcbe240	0	55f71c033810	a44dae73f2b781f3	af85169f33cca0ed	0	55f719bd0c90	101	2
16.861734	9a4c0	55f71aab4000	7ffdbfcba410	1121	38	55f71aab3f90	55f71aab4000	7	7ffdbfcba390	0	55f71aab4000	55f71aab5150	7c296e21ace0	7	55f71aab4000	55f71aab3f60	55f71aab3fd0
16.876090	92b80	7c296c0fb010	7ffdbfcc2670	442e00	8000000000000002	3d1de	7ffdbfcbc450	55f71aae4810	7ffdbfcbc410	0	55f71aae4840	55f71aae6aa0	7c296e21ace0	7c296c53de10	110b8	7ffdbfcbc548	8000000000000001
16.883490	92b80	7c296c0fb010	7ffdbfcc2670	4122c0	8000000000000002	3d1de	7ffdbfcbd400	55f71a104ae0	7ffdbfcbd3c0	0	55f71a104be0	55f71a105d20	7c296e21ace0	7c296c50d2d0	1048b	7ffdbfcbd4c8	8000000000000001
16.891480	92711	3a3	7ffdbfcc2670	55f71dedbd90	7ff	0	1000000000000000	532a	7ffdbfcb44b0	8	0	a49932cc3fe69973	27b58d54522cde36	0	1	55f719beaba0	532a
16.900691	9919f	7c296d4bc010	295bd	7c296d4bc010	f01	3d1de	c812416052f9ad10	7ffdbfcbe001	7ffdbfcb69a0	55f71b1805e0	4	7ffdbfcbe200	8000000000000001	0	1	0	7ffdbfcc2670
16.911024	9a4ee	55f71ab4a520	7c296d9e8798	a58f1	80	3d1de	7c296d9e8798	372fb	7ffdbfcbe230	10	55f71cdf2b80	a40cd0579dee270b	14cfd4c8d7999e7f	7c296d9e8798	55f719bd0c90	501	2
16.921229	9a4ee	55f71a593d60	7c296d611c50	2ab88	80	3d1de	7c296d611c50	e3d8	7ffdbfcbe230	10	55f71a9490a0	a4a6530a40e90ab0	63a2f06d58493f85	7c296d611c50	55f719bd0c90	1	0
16.933317	9a500	55f71bfe6e00	7c296d963148	55f2448fd126	55f71bfe6ec0	55f719b63010	7	31a0d	7ffdbfcbe230	55f71bfe6e60	55f71c1fa378	a535e97286441bd1	19ec46639276e4a3	7c296d963148	55f719bd0c90	1d01	5
16.946072	9b2e1	7ffdbfcc2670	55f719bd2a30	55f71c05a4f0	80	703	7ffdbfcc2670	a43f	7ffdbfcbe240	10	55f71c04fb28	a3c7ccda6f515acd	16bb9a38369d3156	0	55f719bd0c90	801	1
16.959098	94404	5c3bef7976957ba8	1d5ea	1c0e8e5a6c184363	8	7ffdbfcb7df0	7ffdbfcb7df8	55f71a65cc30	7ffdbfcb7de0	8	0	9ba8f2f9da45803a	10b6f76021e01140	55f719bea570	ad	0	7ffdbfcb7df0
16.972538	95d06	4c4b32e3c9cf5d6c	7ffdbfcb4748	ca7df4a22a1dde93	51f6879e3412c220	b5886a8a62482b55	1000000000000000	1eddb	7ffdbfcb4740	8	0	a4adee7acbc83e33	16794fec93df2dae	0	1	0	7ffdbfcb4740
16.978408	95cd7	904e2263581bfad7	7ffdbfcbc378	95ea602de5b74ef9	68a84a7aeeb16e77	52dcdab1a12f6b74	1000000000000000	55f71c07af10	7ffdbfcbc370	8	0	a40b501964869c36	49b50f715f723ac0	55f719be8c20	26	28ee7	7ffdbfcbc370
16.988322	96f49	55f71c1c31d0	29b33	ffffffffffffeabb	7ff	fffffffffffff8e9	707	55f71b546ca0	7ffdbfcb67e0	7cec	0	a4afb29ae4c1975b	f37e6b877485b75a	55f719beacf0	715	0	1f3bb
16.995415	92711	7ad	7ffdbfcc2670	55f71b5329c0	7ff	0	1000000000000000	81	7ffdbfcb1b50	8	0	abcff6988a251373	f3799201b63be3a7	0	7ffdbfcbe020	55f719beaf00	2739a
17.001138	9963f	6ea3580911506d6d	0	e49f5f1efdb7c884	fe32e2a998e94057	f83842c88c36a776	1800000000000000	7ffdbfcbe0f0	7ffdbfcb7f48	8	0	f96ae60a591bee0d	981ff617d8c51fd3	0	1	7ffdbfcb7f90	7ffdbfcb7ef0
17.012841	9b041	11f	55f719be8500	55f71cd75660	7ff	0	2	33369	7ffdbfcbe240	120	fffffffffffffca0	a4e416a65239ba6b	90262dac86307d99	0	33367	23d0	3
17.020641	9b041	362	55f719be8500	55f71d707400	7ff	0	1	30ac8	7ffdbfcbe240	362	fffffffffffff5da	a40e9d274fdab2f3	2f16c79a0d5589b1	0	104ca	2040	3
17.027503	9a4ea	55f71ad2bf90	7c296d7212b8	4ca55	70ff	3d1de	7c296d7212b8	198c7	7ffdbfcbe230	1	55f71cde1ad0	a4005047e3360935	5f31d3a305f03441	7c296d7212b8	55f719bd0c90	601	3
17.041201	9b265	6cb	55f719be8500	55f71c2d15c0	7ff	6bb	1	26382	7ffdbfcbe240	3658	55f71c2c72b8	a4312428f6ba56e5	cfd81bd87f5bdd4f	0	d04a	750	4
17.052616	92c1c	7c296dcfe010	7ffdbfcc2670	7ffd	8000000000000002	3d1de	7c296d504c70	55f719caaf30	7ffdbfcb9550	0	55f719cab030	55f719cab5c0	7c296e21ace0	3084	3084	7ffdbfcb9658	8000000000000001
17.060662	9a4fc	55f719bd2a30	7c296d4d4178	302d	8000000000000002	3d1de	7c296d4d4178	55f719c48370	7ffdbfcbba60	0	55f719c48470	55f719c48890	7c296e21ace0	7c296d4d4178	100f	7ffdbfcbbba8	8000000000000001
17.074118	9976e	1	1c43f	1a	1fff	14a8	1	0	7ffdbfcb4ef0	0	0	55f71deb9570	0	149b	1	7ffdbfcb4f70	7ffdbfcbe250
17.085119	92955	1	7ffdbfcc2670	7c296d4bc010	84e3d	3d1de	2c4bf	7ffdbfcc2670	7ffdbfcb61e0	8	0	abd950363dd33d83	436e104cb909b99d	7c296d8e31f8	7c296d4bc010	7ffdbfcb62e8	55f71a2cddd0
17.093611	92865	3ac	7ffdbfcc2670	55f71d7fa4b0	7ff	0	ec00	81	7ffdbfcb7b90	8	0	a57e556acc70c995	79da9f35cbf88f0e	8b3e	7ffdbfcbe020	55f719be9a00	0
17.102037	9a3a2	4	7ffdbfcbc690	55f71a09c6c0	0	3d1de	7ffdbfcbc690	37d0b	7ffdbfcbc610	8	0	a4cfd7b27e2301f3	87c4e8f65ae2096e	7c296d9f7918	7c296d4bc010	7ffdbfcbc788	8000000000000001
17.115281	9b041	fa	55f719be8500	55f71cd95ad0	7ff	0	1	8a08	7ffdbfcbe240	fa	fffffffffffffd12	a49ad718955ab1b6	36c075f0fcdb0142	30087	0	26d0	2
17.124683	26325b07c3c2	31	ffffffffffffff50	55f24557543f	55f71a26f650	55f71a26f5f0	55f71a26f600	2fc64	7ffdbfcbe210	55f71a26f630	55f71cd959e0	a49ad718955c35d2	19ec46639276e4a3	7c296d936970	55f719bd0c90	2601	1
17.130256	9b041	40b	55f719be8500	55f71a621120	7ff	0	4	3a689	7ffdbfcbe240	40d	fffffffffffff3d9	a42ed06ead0b746d	1da25a5b6520c4d4	3a688	0	450	4
17.145079	26325b078933	55f71c0e5ce0	55f71d539690	91	55f71d53b040	55f71c0e5ce0	55f71d53af70	1970	7ffdbfcbe300	55f24222653a	55f71d53b000	90	19ec46639276e4a3	7c296e21aca0	7c296e21ac80	55f71d53b000	55f71d53a
17.159289	92c1c	7c296dcfe010	7ffdbfcc2670	0	8000000000000002	3d1de	7c296d899ba8	55f719c38fe0	7ffdbfcb3c70	0	55f719c39010	55f719c3aaf0	7c296e21ace0	293d1	293d1	7ffdbfcb3da8	8000000000000001
17.172281	92739	29a	7ffdbfcc2670	55f71a4dae60	7ff	0	1	0	7ffdbfcbd190	fffffffffffff832	0	a428505be2f5133f	18ee730142dd2b06	ffa0	1	55f719be88c0	0
17.179262	9389e	8000000000000002	e4	55f71b4cfdc0	732c0	3d1de	7c296c0fb010	7ffdbfcc2670	7ffdbfcbacb0	8	0	87d9a4b109ff1c2f	882d154ba9035d1e	8000000000000001	37f4	1ccb	7ffdbfcbe490
17.189262	9389e	8000000000000002	e6	55f71bce5640	27a780	3d1de	7c296c0fb010	7ffdbfcc2670	7ffdbfcb9320	8	0	87ea3c2c29a11075	7a7b19cf7ef78098	8000000000000001	0	9e9e	7ffdbfcbe490
17.197698	26325b1778ab	55f71b5bbfe0	7ffdbfcbbe70	6551	38	55f71b5bbf70	55f71b5bbfe0	7	7ffdbfcbbde8	0	55f71b5bbfe0	55f71b5c2560	7c296e21ace0	7	55f71b5bbfe0	55f71b5bbf40	55f71b5bbfb0
17.206059	9af40	7c296c0fb010	55f71de82580	e4a600	55f71b16af00	8000000000000001	8000000000000001	39298	7ffdbfcbe240	55f71b16aee0	55f71a6dc210	a569d555066f81e9	19ec46639276e4a3	3d1de	39298	7ffdbfcc2670	3
17.217468	9b041	764	55f719be8500	55f71bb895f0	7ff	0	1	32d51	7ffdbfcbe240	764	ffffffffffffe9d4	a58680a4a521f0c3	b77e103fa18cc933	0	342f3	1620	3
17.229674	9b041	3dc	55f719be8500	55f71df19d90	7ff	0	1	36ac4	7ffdbfcbe240	3dc	fffffffffffff46c	a5e25404d3ead2b1	1a76bd86afec9a5b	a102	0	1980	1
17.235053	9b041	19c	55f719be8500	55f71c1ea0b0	7ff	0	1	3c22a	7ffdbfcbe240	19c	fffffffffffffb2c	a4cd539601a17a33	dac80861f1fc80c2	0	3c229	2430	4
17.250052	95c84	7028c5eeedf5600d	7ffdbfcbcab8	a6304a5f6d038321	34bf0d1c15ed1e8e	515b753a8a3e6679	1000000000000000	55f719e2b9a0	7ffdbfcbcab0	8	0	a406d072a300c53d	5a2758cd3146b0c5	55f719be8c50	27	14f8	7ffdbfcbcab0
17.259168	990bb	7c296d4bc010	25c1e	7c296d4bc010	1f01	3d1de	7145a	7ffdbfcbe001	7ffdbfcb5f20	8	0	7ffdbfcbe200	8000000000000001	0	1	0	7ffdbfcc2670
17.265588	9a4ea	55f719bd0c90	7c296d887008	795ff	8000000000000002	3d1de	7c296d887008	55f71a7d7af0	7ffdbfcb42a0	0	55f71a7d7b20	55f71a7d7f50	7c296e21ace0	7c296d887008	28755	7ffdbfcb43f8	8000000000000001
17.279750	96f49	55f71b4fb0c0	a002	fffffffffffff77b	7ff	fffffffffffffd29	2c7	55f71b24d060	7ffdbfcb6700	efb8	0	ab29d3b4aa8d0d72	196b58aba4328236	55f719beadb0	2d4	29673	0
17.285511	990a5	7c296d4bc010	2bb13	7c296d8853e8	2bb00	3d1de	7ffdbfcc2670	28601	7ffdbfcbdde0	1	0	7ffdbfcbe200	8000000000000001	0	1	28629	7ffdbfcc2670
17.296727	9a4ea	55f719bd0c90	7c296d8ed158	86229	8000000000000002	3d1de	7c296d8ed158	55f71bb67b30	7ffdbfcb4c20	0	55f71bb67b60	55f71bb6e010	7c296e21ace0	7c296d8ed158	2cb63	7ffdbfcb4d68	8000000000000001
17.302385	9389e	8000000000000002	34685	93359a6610676da1	d1a140	3d1de	7c296c0fb010	8000000000000000	7ffdbfcb6130	e8	4	7ffdbfcbe360	8000000000000001	0	1	0	7ffdbfcc2670
17.315446	9b391	0	55f71a778c30	55f71d249500	55f719c11590	55f719b63010	7	7c296dcfe010	7ffdbfcbe240	55f719c11530	55f71cdc3270	a40b6dace14e2c3d	19ec46639276e4a3	3d1de	f42e	0	2
17.326151	9b041	2e8	55f719be8500	55f71b3246e0	7ff	0	1	b1af	7ffdbfcbe240	2e8	fffffffffffff748	a434d45b8f388220	9bae051f158f0834	110a5	0	2010	5
17.333046	9af40	7c296c0fb010	55f71b017090	e63640	55f71b2229d0	8000000000000001	8000000000000001	398d9	7ffdbfcbe240	55f71b222970	55f71cce04f8	a4b3eb3abe4c33d3	19ec46639276e4a3	3d1de	0	7ffdbfcc2670	2
17.339816	9af40	7c296c0fb010	55f71e29c110	b4c640	55f71b162ee0	8000000000000001	8000000000000001	2d319	7ffdbfcbe240	55f71b162ec0	55f71a4aeb20	a413562d6c1ac674	19ec46639276e4a3	3d1de	2d319	7ffdbfcc2670	0
17.352041	26325b07ae45	30	7c296e21ac80	18	7c296e21ad10	7c296e21ad00	5b	28	7ffdbfcb6cf0	8	0	a48556d461eda054	7c296e21ace0	ffffffffffffff88	30	3	1
17.360573	95b5a	31f15	ee	55f71e114470	0	fffffffffff9e7e0	30b1	30c1	7ffdbfcb9e70	1fe7	0	80ec2b9d0a62f3e5	f194a32cdcd00109	0	31f15	2cce1	7ffdbfcbe490
17.374356	99724	8200	3c4af	5c	7fff	9	0	0	7ffdbfcbccf0	284ba	0	55f71e285cb0	0	3534	3535	7ffdbfcbcd70	7ffdbfcbe250
17.384393	96f49	55f71bfa2ef0	3acf	ffffffffffffea6d	7ff	fffffffffffff8cf	721	55f719ecc440	7ffdbfcbb610	f7ff	0	a3c55574280813d5	fa590cd34a9c76a2	55f719be92e0	350	2c49e	0
17.390929	9389e	8000000000000002	ee	55f71bce5640	6e78c0	3d1de	7c296c0fb010	7ffdbfcc2670	7ffdbfcbd8e0	8	0	8f1eabb6e622f13d	f28766485b4f8b4c	8000000000000001	1b9e4	1b9e3	7ffdbfcbe490
17.405879	9b041	f5	55f719be8500	55f71a6da880	7ff	0	2	2c20d	7ffdbfcbe240	f6	fffffffffffffd1e	a5bdd7415ecededb	a9a72e6aa47ff7ab	0	1abd8	10e0	3
17.416547	9b041	87	55f719be8500	55f71dd8de50	7ff	0	1	2ca9b	7ffdbfcbe240	87	fffffffffffffe6b	a41a5558e3e6f690	b322c027ace18d97	366c1	0	2280	3
17.422109	9af63	7c296c375ad0	55f71d5d2b20	5c7256c4058453bb	8000000000000002	8000000000000001	8000000000000001	9eab	7ffdbfcbe240	55f71a95adf0	55f71d8259d0	a3e71bde07bac9b3	19ec46639276e4a3	3d1de	0	7ffdbfcc2670	2
17.431739	9af40	7c296c0fb010	55f71a9685a0	56f3c0	55f71b27db80	8000000000000001	8000000000000001	15bcf	7ffdbfcbe240	55f71b27db20	55f71ad326c0	a3c5cc5aa96179e3	19ec46639276e4a3	3d1de	0	7ffdbfcc2670	4
17.443470	9ae39	7c296dcfe010	7ffdbfcc2670	55f2415877ed	55f71e29df10	346bf	7	1179e	7ffdbfcbe380	55f71a8fd290	55f71c096470	abd4d38b28cb3b6c	19ec46639276e4a3	f7a78	f0838	20000	55f71d5f8020
17.451788	92711	642	7ffdbfcc2670	55f71a4ce640	7ff	0	1000000000000000	7ffdbfcc2670	7ffdbfcbdba0	8	0	a43cb2edcf611253	88337991308ec7	0	0	55f719be86e0	78d6
17.463674	92b80	7c296c0fb010	7ffdbfcc2670	19eac0	8000000000000002	3d1de	7ffdbfcb6e80	55f71d7d8830	7ffdbfcb6e40	0	55f71d7d8860	55f71d7d91e0	7c296e21ace0	7c296c299ad0	67ab	7ffdbfcb6f48	8000000000000001
17.475777	942a9	0	7ffdbfcb3f18	1	8	7ffdbfcb3f10	7ffdbfcb3f18	7ffdbfcbe250	7ffdbfcb3f00	8	0	8c733df59b40e3d5	14cf5e00e81fa3dc	0	1	7ffdbfcb3fb0	7ffdbfcb3f10
17.486167	942ad	0	7ffdbfcbc518	1	8	7ffdbfcbc510	7ffdbfcbc518	7ffdbfcc2670	7ffdbfcbc500	8	0	9ba8f2f98f26525a	108baf37afe969ad	8000000000000001	2faec	f0	7ffdbfcbc510
17.500786	99732	6c18	d67e	10	7ff	123	0	0	7ffdbfcb9110	0	0	55f71bed7120	0	120	1	7ffdbfcb9190	7ffdbfcbe0f0
17.506377	92739	1f3	7ffdbfcc2670	55f71dde1710	7ff	0	2	7419	7ffdbfcbb810	fffffffffffffa24	0	a3f90862ab949aeb	3d09be5fd511b588	0	1	55f719be8f20	7419
17.520934	9b041	30e	55f719be8500	55f71ce20dd0	7ff	0	1	bb94	7ffdbfcbe240	30e	fffffffffffff6d6	a582c7540d16570b	e23b4d49e1c431df	0	1b64	14a0	1
17.527270	9b041	ce	55f719be8500	55f71df265b0	7ff	0	4001	34fde	7ffdbfcbe240	ce	fffffffffffffd96	a5dcba3126b253b3	bb575dccb83752b6	0	1e801	1a70	1
17.542026	9a4ea	55f71a435490	7c296d8aa468	7dc8b	feff	3d1de	7c296d8aa468	29ed9	7ffdbfcbe230	0	55f71c2ff8d0	a430763b8d0e8c13	5d9267bf0e81eaa3	7c296d8aa468	55f719bd0c90	501	3
17.549483	26325b078806	55f71a478e40	55f71a478eb0	31	7c296e21ace0	55f71a478e40	55f71a478eb0	120	7ffdbfcbe300	55f245362ba8	55f71a478fd0	30	19ec46639276e4a3	7c296e21ac98	7c296e21ac80	55f71a478fd0	55f71a478
17.556566	9389e	8000000000000002	f4	55f71b4cfdc0	a31640	3d1de	7c296c0fb010	7ffdbfcc2670	7ffdbfcbb880	8	0	891fd12394afe75f	32b0fa5996228c8	8000000000000001	45dc	28c59	7ffdbfcbe490
17.565844	95d00	42c1ef68c5e8c1fb	7ffdbfcb5618	72e7eea263341b61	f277d3b5df56002e	1abec1d5b0b63cdd	1000000000000000	55f71cd60ea0	7ffdbfcb5610	8	0	a42354b550a92d77	46ac4176b99d64a9	55f719bea720	b6	32484	7ffdbfcb5610
17.575339	95bae	1c4f8c6af344683a	7ffdbfcc2670	646f72616e646f6d	0	95eb257dac9b1b18	6f20e10f83370d4f	0	7ffdbfcbc2e0	1319c	0	55f71a06a770	0	28fba	1	28fba	0
17.584064	96f49	55f71b36abc0	f8b4	fffffffffffffd72	7ff	ffffffffffffff26	ca	55f719fdb520	7ffdbfcb71b0	43b9	0	a41b55316124d7a5	ecdce374261f6f70	55f719beaa20	da	c596	0
17.591249	92c1c	7c296dcfe010	7ffdbfcc2670	7ffd	8000000000000002	3d1de	7c296d62fae8	55f71af5fad0	7ffdbfcb8430	0	55f71af5fb00	55f71af60da0	7c296e21ace0	f7c9	f7c9	7ffdbfcb8538	8000000000000001
17.604631	92b80	7c296c0fb010	7ffdbfcc2670	6f1f80	8000000000000002	3d1de	7ffdbfcbd430	55f71acd7860	7ffdbfcbd3f0	0	55f71acd7a20	55f71acdc490	7c296e21ace0	7c296c7ecf90	1bc7e	7ffdbfcbd538	8000000000000001
17.610879	92b80	7c296c0fb010	7ffdbfcc2670	ae7880	8000000000000002	3d1de	7ffdbfcb9f90	55f71a4e2120	7ffdbfcb9f50	0	55f71a4e2150	55f71a4e3690	7c296e21ace0	7c296cbe2890	2b9e2	7ffdbfcba088	8000000000000001
17.619811	9b016	3ca	55f719be8500	55f71befd910	7ff	0	1000000000000000	38ec7	7ffdbfcbe240	8	0	a4880ae089fe09f3	be8572257bfceed3	0	38ec6	900	6
17.630917	9b041	5cf	55f719be8500	55f71a5c96f0	7ff	0	1	39258	7ffdbfcbe240	5cf	ffffffffffffee93	a5ccd4778dce702b	25340dcf0779fc51	342da	0	1d10	3
17.645232	9b041	60e	55f719be8500	55f71d707400	7ff	0	1	3b598	7ffdbfcbe240	60e	ffffffffffffedd6	a42c55f5d1b83d46	81105a982b2a9476	3b597	0	2040	2
17.656807	26325b078855	55f71aba8a30	55f71aba8b00	30	61	55f71aba8a30	55f71aba8aa0	60	7ffdbfcbe300	55f245cb20a8	55f71aba8b00	30	19ec46639276e4a3	7c296e21ac98	7c296e21ac80	55f71aba8b00	55f71aba8
17.665274	9a4c0	55f71a0ec010	7ffdbfcb6380	9b1	38	55f71a0ebd60	55f71a0ec010	7	7ffdbfcb6300	0	55f71a0ec010	55f71a0ec9f0	7c296e21ace0	7	55f71a0ec010	55f71a0ebd30	55f71a0ebfe0
17.676530	95900	3b5d	fa	55f71bce5640	7fff	0	4	7ffdbfcc2670	7ffdbfcbce40	55f71bc6ea60	76be0	894bc0b21a5f8b4f	f843debc144f3f79	8000000000000001	27529	69ba	7ffdbfcbe490
17.688942	92739	6b2	7ffdbfcc2670	55f71dedbd90	7ff	0	1	34beb	7ffdbfcb4610	ffffffffffffebea	0	a47bd3d27d279af3	8e3c6c530833020	0	1	55f719beaba0	34beb
17.695371	9389e	8000000000000002	f8	55f71de35550	150680	3d1de	7c296c0fb010	7ffdbfcc2670	7ffdbfcbab00	8	0	889c8d2eae54a2db	80b757b46db35097	8000000000000001	0	541a	7ffdbfcbe490
17.704342	92711	479	7ffdbfcc2670	55f71d7b65b0	7ff	0	1000000000000000	81	7ffdbfcb6a10	8	0	a5b0568fd08097fc	1dc513b655495a24	dcfd	7ffdbfcbe080	55f719be9dc0	0
17.709634	961a0	24	4360	ffffc000	c36d	51428fc09a0fb354	ffff	55f71bce99a0	7ffdbfcb8840	8	0	88a767532ed15cd3	3186774f9964a645	34af	436d	ffffe000	55f71e175c90
17.723819	990a5	7c296d4bc010	0	7c296d98cec0	7f00	3d1de	cc10	7ffdbfcbe201	7ffdbfcb9140	8	0	7ffdbfcbe360	8000000000000001	0	1	335f2	7ffdbfcc2670
17.731786	9b041	630	55f719be8500	55f71a406850	7ff	0	1	a6e9	7ffdbfcbe240	630	ffffffffffffed70	a5ffbc86beaa0d97	171a47812b4cb131	0	5875	1ad0	2
17.744130	9b041	7e8	55f719be8500	55f71df265b0	7ff	0	1	2ae17	7ffdbfcbe240	7e8	ffffffffffffe848	a5ffd43c139b842a	11d6453d4519811e	38eeb	0	1a70	4
17.750076	9a4ea	55f71aed9de0	7c296d952af8	92d5d	e5ff	3d1de	7c296d952af8	30f1f	7ffdbfcbe230	0	55f71b360d08	a4ec495029982a9b	c1e32bb4d8c67673	7c296d952af8	55f719bd0c90	2501	7
17.756101	9b041	63	55f719be8500	55f71bf81ed0	7ff	0	1	2e7f6	7ffdbfcbe240	63	fffffffffffffed7	a3c9775e8a31d10f	5e581f5092abdf7f	0	e1e9	e10	2
17.763095	9a500	55f71a9fe0d0	7c296d5fcd40	55f245ee4bfe	55f71a9fe200	55f719b63010	7	d5e2	7ffdbfcbe230	55f71a9fe1a0	55f71bf13df8	a3e154ead954dfdb	19ec46639276e4a3	7c296d5fcd40	55f719bd0c90	901	1
17.770695	92747	3c6	7ffdbfcc2670	55f71d732940	7ff	20	8	7ffdbfcc2670	7ffdbfcb9550	fffffffffffff4a5	0	a5b6d68a90f155a4	18b266389c9dd438	25f31	0	55f719be9e50	0
17.782595	99509	1c4f8c6af3448264	7ffdbfcb42a8	f184571cc2ff7475	359866aed529570	95eb257dac9b1b18	6f20e10f8337e711	2e692	7ffdbfcb42a0	e18e411fd5ef7e6b	0	a40dd5870dd8e1c8	e5c29d4848ef45c	0	1	7ffdbfcb4390	7ffdbfcbe0f0
17.790634	990a5	7c296d4bc010	0	7c296d7f50e8	1f00	3d1de	800	7ffdbfcbe201	7ffdbfcb3440	8	0	7ffdbfcbe360	8000000000000001	0	1	22609	7ffdbfcc2670
17.800849	943ae	1c4f8c6af3446b68	7ffdbfcb5708	359866aed527c7c	8	7ffdbfcb5700	7ffdbfcb5708	7ffdbfcc2670	7ffdbfcb56f0	0	0	8db64c230ca39ceb	e18e411fd5ef7e6b	3d3	0	3d3	7ffdbfcb5700
17.813981	92b80	7c296c0fb010	7ffdbfcc2670	d15080	8000000000000002	3d1de	7ffdbfcb1c70	55f71a92dd20	7ffdbfcb1c30	0	55f71a92ddc0	55f71a92f110	7c296e21ace0	7c296ce10090	34542	7ffdbfcb1d78	8000000000000001
17.819549	92739	359	7ffdbfcc2670	55f71b3b8870	7ff	0	2	2b707	7ffdbfcb8d50	fffffffffffff5f2	0	a57b7dc7c2efb74b	15806ad2fb1290af	0	1	55f719be99d0	2b707
17.830234	9af40	7c296c0fb010	55f71bdf5660	d59a00	55f71afef560	8000000000000001	8000000000000001	35668	7ffdbfcbe240	55f71afef540	55f71be2d990	abded396371c4ecd	19ec46639276e4a3	3d1de	35668	7ffdbfcc2670	2
17.840946	9a4ee	55f71b090ff0	7c296da0b838	a9f05	7fff	3d1de	7c296da0b838	38a57	7ffdbfcbe230	1	55f71bee7490	a418d0719f70f0d0	abac7f8305c542ba	7c296da0b838	55f719bd0c90	901	2
17.853218	26325b078862	55f719c009b0	55f71cd82560	30	31	55f719c009b0	55f71b0ef3e0	c0	7ffdbfcbe300	55f243a9958f	55f71cd82560	30	19ec46639276e4a3	7c296e21ac98	7c296e21ac80	55f71b0ef4a0	55f71b0ef
17.867153	26325b07b560	4421	7c296e21ac80	72	55f719d5b970	55f71a101300	1	55f71df09d80	7ffdbfcbde50	0	0	4a21	7c296e21ace0	ffffffffffffff88	40	55f719b63010	2
17.879242	26325b07b560	4421	7c296e21ac80	72	55f719d5b970	55f71aa33650	1	55f71df09d80	7ffdbfcbdc10	0	0	4961	7c296e21ace0	ffffffffffffff88	40	55f719b63010	2
17.891543	9389e	8000000000000002	7ffdbfcbe3c0	55f719c57700	bd0d80	3d1de	7c296c0fb010	1e	7ffdbfcbc9b0	2807	0	9ba8f2f664c7efd8	10d53705cd651761	8000000000000001	7ffdbfcc2670	2f436	27
17.904508	9af40	7c296c0fb010	55f719fc7680	9b9480	55f71bb7b140	8000000000000001	8000000000000001	26e52	7ffdbfcbe240	55f71bb7b120	55f71cdd5b50	a4ea56dcff5b8af3	19ec46639276e4a3	3d1de	0	7ffdbfcc2670	2
17.910937	92988	71e00	7ffdbfcc2670	7c296d4bc010	0	3d1de	0	2f	7ffdbfcbbbd0	8	0	a3ead510984932a5	6af7cc05e9a0b13d	7c296d4bc010	7c296d84b290	7ffdbfcbbd18	55f71cd87870
17.923033	9a4ea	55f719bd0c90	7c296d611680	2aace	8000000000000002	3d1de	7c296d611680	55f71dde6fc0	7ffdbfcbc7f0	0	55f719ec42e0	55f71a34f590	7c296e21ace0	7c296d611680	e39a	7ffdbfcbc948	8000000000000001
17.930296	990bb	7c296d4bc010	b136	7c296d4bc010	1	3d1de	213a2	7ffdbfcbe301	7ffdbfcbdda0	8	0	55f71a0a6d00	8000000000000001	0	1	0	7ffdbfcc2670
17.940302	26325b07b38d	330	7c296e21ac80	7c296e21ac80	55f719d15020	55f719d15050	0	28	7ffdbfcbdbb0	0	0	55f719d15380	7c296e21ace0	ffffffffffffff88	30	55f719b63010	1
17.950560	9830c	ce329105fd018b5f	7ffdbfcbe3c0	5009f8093533f36b	12695b5144604a69	ce329105fd018b5f	800000000000000	28	7ffdbfcbc1a0	8	0	9ba8f2f6614f6ada	108518fe24d0941c	3f	7ffdbfcc2670	757a	3f
17.960563	9b391	1	55f71abaf6e0	55f71d249500	55f719ce7f30	55f719b63010	7	7c296dcfe010	7ffdbfcbe240	55f719ce7f10	55f71bf31b68	a435d01325fcc625	19ec46639276e4a3	3d1de	9424	1	1
17.974027	9a4fc	55f71a82e1e0	7c296d932b78	8ed6d	f7ff	3d1de	7c296d932b78	2f9cf	7ffdbfcbe230	0	55f71c2dca18	a412d034a3ce78fa	6538c4cadb5ec418	7c296d932b78	55f719bd0c90	501	0
17.981423	26325b0796ed	ffffffffffffff88	40	2	0	55f719b63010	7	55f719c51b10	7ffdbfcbe180	0	55f71c2cea40	a4f086900c9af3ff	19ec46639276e4a3	7c296e21ac80	0	701	3
17.992285	942ad	1c4f8c6af3448ca0	7ffdbfcbad88	f184571cc2ff7475	8	7ffdbfcbad80	7ffdbfcbad88	55f71b145b50	7ffdbfcbad70	359866aed529bb4	e18e411fd5ef7e6b	9ba8f2f662464821	10991636e7aaf51b	fffffffc	160	162	55f71c158250
18.005139	9b041	12c	55f719be8500	55f71c02d530	7ff	0	1	30025	7ffdbfcbe240	12c	fffffffffffffc7c	a3da55f8d7c6418d	a4ba03d0fee8416a	2ed6	0	a80	2
18.014580	9a3a2	2	7ffdbfcbc5d8	55f71b1b2d20	0	3d1de	7ffdbfcbc5d8	23	7ffdbfcbc550	8	0	a430d035a5b5151f	759154fea6b0e29b	7c296d4bc010	7c296d523d20	7ffdbfcbc6d8	8000000000000001
18.020423	982db	0	7ffdbfcbe3c0	7ffdbfcbe3c0	50	108cc	7ffdbfcc2670	24	7ffdbfcbc578	1	ffffffffffff0990	f670	55f71c148bd0	50	0	3522	7ffdbfcc2670
18.026699	92711	1e	7ffdbfcc2670	55f71befd910	7ff	0	1000000000000000	30	7ffdbfcbbb00	8	0	a4e64a33d1963a3b	e2a55dfc0cb1ad7f	0	36727	55f719be8e00	36727
18.038404	9389e	8000000000000002	7ffdbfcbe3c0	55f719d5f980	6c9800	3d1de	7c296c0fb010	44	7ffdbfcbaad0	5c64	0	9ba8f2f667072f84	10bdff49a72ad65a	8000000000000001	7ffdbfcc2670	1b260	54
18.047354	92b2f	20142	7ffdbfcc2670	20141	1	3d1de	29a9f	55f719eb03b0	7ffdbfcbafa0	0	55f71ddd3000	55f71ddd3970	7c296e21ace0	7c296d4bc010	55f719eb03b0	7ffdbfcbb0e8	8000000000000001
18.055360	9389e	8000000000000002	7ffdbfcbe3c0	55f71b095550	ca9f80	3d1de	7c296c0fb010	58	7ffdbfcb9a90	d715	0	9ba8f2f6675ea792	10eef3601dca4e52	8000000000000001	7ffdbfcc2670	32a7e	59
18.063195	92b80	7c296c0fb010	7ffdbfcc2670	32cb80	8000000000000002	3d1de	7ffdbfcba480	55f71a3a6c70	7ffdbfcba440	0	55f71a3a6ca0	55f71a3a70d0	7c296e21ace0	7c296c427b90	cb2e	7ffdbfcba588	8000000000000001
18.069724	9b391	0	55f71a3813d0	55f71d249500	55f719dc71d0	55f719b63010	7	7c296dcfe010	7ffdbfcbe240	55f719dc7170	55f71aca0eb0	a3193b8113bd51c3	19ec46639276e4a3	3d1de	3294f	0	3
18.080747	943fd	5c3c15e9cafdda8f	0	1c0cd43a6c184363	8	7ffdbfcbb2a0	7ffdbfcbb2a8	3a	7ffdbfcbb290	8	0	9ba8f2f66765da5a	108bb0d72be9658d	5d	7ffdbfcc2670	0	5d
18.094648	9ae39	7c296dcfe010	7ffdbfcc2670	55f245f7d3ff	55f71a864ca0	1b27b	7	30f25	7ffdbfcbe380	55f719f5ff60	55f71a6a8ed8	a54d195b3df9cc65	19ec46639276e4a3	be30	1790	2000	55f71dedc5b0
18.102829	9b391	1	55f719dd2f80	55f71d249500	55f719d03470	55f719b63010	7	7c296dcfe010	7ffdbfcbe240	55f719d03450	55f71bb55188	a3c755cb5049dadb	19ec46639276e4a3	3d1de	3710	1	2
18.115292	92c00	0	7ffdbfcc2670	0	8000000000000002	3d1de	7c296d5a4258	55f719d866a0	7ffdbfcbb7c0	0	55f719d866d0	55f719d86f30	7c296e21ace0	7c296d5a4258	9ac3	7ffdbfcbb908	8000000000000001
18.129029	92711	527	7ffdbfcc2670	55f71ac70d60	7ff	0	1000000000000000	43	7ffdbfcbab90	8	0	a3cb4094b502813f	977afed7d34d6eb2	0	11db9	55f719be9190	11db9
18.140286	9ab44	0	55f71a169cc0	55f245673c79	55f71a169d10	55f719b63010	7	13c46	7ffdbfcbe230	55f71a169cf0	55f71cdf6628	a417507362442da8	19ec46639276e4a3	7c296d6966a0	55f719bd0c90	501	2
18.154206	9b041	49	55f719be8500	55f71d83c4b0	7ff	0	1	3b30c	7ffdbfcbe240	49	ffffffffffffff25	a3cdd5e71c3fe6ea	19c1d1b8cd6feeb0	3b30b	0	f30	1
18.165722	94455	0	5412	1	0	7ffdbfcbdd90	7ffdbfcbdd98	55f719bd1c00	7ffdbfcbdd80	8	0	9e4ae124f4117be9	e76c9e0cba4bec8f	ffff00e0	0	55f719bd1b40	7ffdbfcbdd90
18.175441	9b041	325	55f719be8500	55f71ac70d60	7ff	0	1	377f9	7ffdbfcbe240	325	fffffffffffff691	a3d563eb9b257045	bf654813f36b7e38	0	ab72	c90	3
18.187628	9b2e1	7ffdbfcc2670	55f719bd2a30	55f71bbacaf0	fcff	3d6	7ffdbfcc2670	2fd7a	7ffdbfcbe240	0	55f71bba6d60	a54e82ac401b3473	7d92087568d2d889	0	55f719bd0c90	1101	4
18.194436	9a4ea	55f719bd0c90	7c296d9c12e8	a0a5b	8000000000000002	3d1de	7c296d9c12e8	55f71ad41480	7ffdbfcb90b0	0	55f71ad41580	55f71ad41730	7c296e21ace0	7c296d9c12e8	358c9	7ffdbfcb9208	8000000000000001
18.202380	9b041	6aa	55f719be8500	55f71ac4a890	7ff	0	1	6f2f	7ffdbfcbe240	6aa	ffffffffffffec02	a551554e4625f9e8	b00d33150f193de1	27b4d	0	1260	4
18.208815	26325b078806	55f719e02ba0	55f719d30b50	31	7c296e21ace0	55f719e02ba0	55f719d30b50	60	7ffdbfcbe300	55f244105f20	55f71b61c210	30	19ec46639276e4a3	7c296e21ac98	7c296e21ac80	55f719d30bb0	55f719d30
18.219793	9a4ee	55f719dd46f0	7c296d856948	73527	3bff	3d1de	7c296d856948	2670d	7ffdbfcbe230	2	55f71a634160	a4ef4115e6db99d3	a5d58ca01fec8563	7c296d856948	55f719bd0c90	401	3
18.231981	92c1c	7c296dcfe010	7ffdbfcc2670	0	8000000000000002	3d1de	7c296d8d21d0	55f719ea5300	7ffdbfcbd6a0	0	55f719ea5460	55f719ea56a0	7c296e21ace0	2b968	2b968	7ffdbfcbd7e8	8000000000000001
18.243543	9389e	8000000000000002	7ffdbfcbe3c0	55f71a5121f0	22f380	3d1de	7c296c0fb010	36	7ffdbfcbb630	eedd	0	9ba8f2f665304510	109ac9feaf2fede1	8000000000000001	7ffdbfcc2670	8bce	73
18.251611	92b80	7c296c0fb010	7ffdbfcc2670	aacfc0	8000000000000002	3d1de	7ffdbfcbdc90	55f71c13b160	7ffdbfcbdc50	0	55f71c13b2c0	55f71c13ba20	7c296e21ace0	7c296cba7fd0	2ab3f	7ffdbfcbdd98	8000000000000001
18.266284	9a500	55f719f76640	7c296d856558	55f246b6aa7d	55f719c737b0	55f719b63010	7	266e3	7ffdbfcbe230	55f719dcd570	55f71ac0ea18	a55338da68f0453d	19ec46639276e4a3	7c296d856558	55f719bd0c90	1501	3
18.274689	9b041	2d5	55f719be8500	55f71a669100	7ff	0	1	b28d	7ffdbfcbe240	2d5	fffffffffffff781	a54cfb0bfbc9b6f1	c4d173317fd6ba4c	0	107c0	12f0	3
18.285779	9b041	4c0	55f719be8500	55f71ce20dd0	7ff	0	1	f7e4	7ffdbfcbe240	4c0	fffffffffffff1c0	a5749c92fddf9b53	24066f503860be19	0	33a12	14a0	4
18.300602	9389e	8000000000000002	7ffdbfcbe3c0	55f71b095550	b55440	3d1de	7c296c0fb010	21	7ffdbfcbc740	5e85	0	9ba8f2f666b20c19	10d11a87e43a3718	8000000000000001	7ffdbfcc2670	2d551	79
18.307766	9b2cd	522	55f719be8500	55f71b631580	feff	512	7ffdbfcc2670	1b1cf	7ffdbfcbe240	0	55f71b629a50	a487630066c0dcd1	7376c11f1a239f93	30fce	55f719bd0c90	1	3
18.318877	26325b07adfa	30	7c296e21ac80	18	7c296e21ad10	7c296e21ad00	5b	28	7ffdbfcb9110	8	0	a59500e456753693	e439802bfe366efe	1	30	3	8000000000000001
18.327051	9b016	7a7	55f719be8500	55f71d7fa4b0	7ff	0	1000000000000000	27cc8	7ffdbfcbe240	8	0	a58c95a589a02663	c7608947ad3b2482	0	2afab	1500	3
18.333784	26325b078709	55f71b2927e0	55f71debc1d0	13b51	55f71b50dd30	55f71b2927e0	55f71debc230	13bb0	7ffdbfcbe2f0	55f246b706ac	55f719c6d810	13b50	19ec46639276e4a3	7c296e21ac98	7c296e21ac80	55f71decfd80	55f71debc
18.343322	9a500	55f71a10b130	7c296da0b898	55f2456113db	55f71a10b2d0	55f719b63010	7	38a5b	7ffdbfcbe230	55f71a10b270	55f71bf0f130	a30dff4cef959991	19ec46639276e4a3	7c296da0b898	55f719bd0c90	901	3
18.354920	92b80	7c296c0fb010	7ffdbfcc2670	2a4980	8000000000000002	3d1de	7ffdbfcbdc90	55f71b32acb0	7ffdbfcbdc50	0	55f71b32ad50	55f71b32b750	7c296e21ace0	7c296c39f990	a926	7ffdbfcbdd98	8000000000000001
18.368341	9a4ea	55f719e21a80	7c296da54840	b3106	ffff	3d1de	7c296da54840	3bb02	7ffdbfcbe230	0	55f71bf61420	a335c8928ffd52e5	8deb27fd77fd7bec	7c296da54840	55f719bd0c90	d01	2
18.374815	9a4ee	55f71cd31fb0	7c296d642880	30d0e	80	3d1de	7c296d642880	1045a	7ffdbfcbe230	10	55f71dd60428	a3e655aed04fcace	c7434fb04790cb53	7c296d642880	55f719bd0c90	c01	0
18.384143	988d6	55f71a5121f0	581e	7f	1fff	9ea9d913d9017909	55f71a5121e0	39	7ffdbfcbb460	8	0	9ba8f2f666295f67	10fb35a909c1eafd	fecda776f54ba0ff	581e	38455	7ffdbfcbe3c0
18.390880	9a4c0	55f719f89730	7ffdbfcbbb48	55f719f89720	20	55f71a32e1c0	55f719f89730	4	7ffdbfcbbac0	0	55f719f89730	11	7c296e21ace0	4	55f719f89730	55f71a32e190	55f71a32e1f0
18.398135	9b391	1	55f719fc2de0	55f71d249500	55f71a81d210	55f719b63010	7	7c296dcfe010	7ffdbfcbe240	55f71a81d1f0	55f71bba1348	a577554345741107	19ec46639276e4a3	3d1de	2e2d4	1	4
18.406934	26325b0796c2	ffffffffffffff88	40	ffffffffffffffc0	0	55f71df47610	7c296e21ac80	55f71df47610	7ffdbfcbe180	0	55f71d81b868	a323b389c6c87137	42696ebd13c6e1e0	7c296d66bab8	0	e01	4
18.417947	9389e	8000000000000002	7ffdbfcbe3c0	55f71c158250	7b34c0	3d1de	7c296c0fb010	53	7ffdbfcb9ea0	70d3	0	9ba8f2f66586e773	10b62a63e7b90e48	8000000000000001	7ffdbfcc2670	1ecd3	87
18.429494	9b016	e6	55f719be8500	55f71c29fd80	7ff	0	1000000000000000	1e9cd	7ffdbfcbe240	8	0	a5ba31ec51b27085	844f8699591f5c4	0	1b31e	1230	2
18.437578	9a4ee	55f71acc1af0	7c296da20f88	ac9ef	ffff	3d1de	7c296da20f88	398a5	7ffdbfcbe230	0	55f71b0874a0	a4bc8fd43306946d	edb50d37f3be80ff	7c296da20f88	55f719bd0c90	1	0
18.444555	26325b07af2c	60	7c296e21ac80	30	55f71a043200	7c296e21ace0	0	38	7ffdbfcb8d10	0	0	55f71a043260	7c296e21ace0	ffffffffffffff88	40	55f719b63010	2
18.450731	92d09	7c296dcfe010	7ffdbfcc2670	0	8000000000000002	3d1de	7c296d611128	55f71a82dc40	7ffdbfcb98e0	0	55f71a82dc70	55f71a82e390	7c296e21ace0	e361	5a	7ffdbfcb9a28	8000000000000001
18.461811	96e29	7c296dcfe010	7ffdbfcc2670	6f8	2672d	0	55f719be85f0	55f71aefc2e0	7ffdbfcbde10	2672d	55f719bd13f0	55f719bd1af0	7c296e21ace0	6f8	5	7ffdbfcbdf68	0
18.470918	9a500	55f719c38d20	7c296d6150e8	2b21b	80	3d1de	7c296d6150e8	e609	7ffdbfcbe230	10	55f71af45db8	a4365016e54dcfb1	72ad69d25ca9e805	7c296d6150e8	55f719bd0c90	601	0
18.480648	26325b07c22b	55f719f00590	7c296e21ac80	3a1	55f719f00580	55f719f005b0	0	28	7ffdbfcb92b0	0	55f719f00590	55f719f00950	7c296e21ace0	1	7c296d97aea8	55f719f004c0	8000000000000001
18.494391	96f49	55f71c31d460	13f19	ffffffffffffff0d	7ff	ffffffffffffffaf	41	55f71afd3160	7ffdbfcbd740	bfaf	0	a43fd05c1ffae50c	c04cc595afbed12e	55f719be8770	51	b4d5	0
18.502726	9b391	0	55f71c07f840	55f71d249500	55f71d4e5540	55f719b63010	7	7c296dcfe010	7ffdbfcbe240	55f71d4e54e0	55f71cdd89e8	a4dd7fa9c9ecf20b	19ec46639276e4a3	3d1de	3d014	0	3
18.515536	98660	8000000000000001	7ffdbfcbaa28	8000000000000001	92200	7c296c18d210	7ffdbfcbaa28	8000000000000000	7ffdbfcba9b0	fa80	0	1b10	55f71a5106d0	8000000000000001	7ffdbfcc2670	2488	7c296c18d210
18.521928	9a3a2	2	7ffdbfcbd068	55f719d15090	0	3d1de	7ffdbfcbd068	16	7ffdbfcbcfe0	8	0	a413562d6c1aa87b	2280bc54f94ed072	7c296d4bc010	7c296d8d1990	7ffdbfcbd168	8000000000000001
18.532991	96f49	55f71a4ce640	24a60	ffffffffffffeffb	7ff	fffffffffffffaa9	547	55f719f646e0	7ffdbfcbd9b0	c000	0	a42550445ffaa070	c3a75663a01bd826	55f719be86e0	587	b1a5	0
18.542147	9389e	8000000000000002	7ffdbfcbe3c0	55f71c158250	baeb00	3d1de	7c296c0fb010	2b	7ffdbfcbbf20	d035	0	9ba8f2f99a947946	10d6df192ecf0ad9	8000000000000001	7ffdbfcc2670	2ebac	95
18.556832	92bdb	55f719bd2a30	7ffdbfcc2670	87099	8000000000000002	3d1de	7c296d8f44d8	55f71aa1ff50	7ffdbfcb90c0	0	55f71aa20050	55f71aa20b20	7c296e21ace0	7c296d8f44d8	2d033	7ffdbfcb9208	8000000000000001
18.565887	92c1c	7c296dcfe010	7ffdbfcc2670	0	8000000000000002	3d1de	7c296d795808	55f719ee8790	7ffdbfcbbb00	0	55f719ee87c0	12	7c296e21ace0	1e655	1e655	7ffdbfcbbc48	8000000000000001
18.573575	9276b	3af	7ffdbfcc2670	55f71a621120	7ff	0	0	17	7ffdbfcbcf50	8	0	a40628d7ee65dbc5	7b92c21797d50b87	0	11bae	55f719be8950	11bae
18.587318	92869	1dc	7ffdbfcc2670	55f71d583b80	7ff	30	7dfe	96	7ffdbfcb6820	8	0	a5f25e10cc059233	a0184355b4bf4d24	0	13812	7ffdbfcb6968	13812
18.597814	96f49	55f71a6f38c0	29935	fffffffffffffa87	7ff	fffffffffffffe2d	1c3	55f719d56610	7ffdbfcb9a50	7bff	0	a5a6738bed571093	4ae97d4c5ba5fc4	55f719be9580	1d3	0	2c9eb
18.604784	9b016	8	55f719be8500	55f71d509190	7ff	0	1000000000000000	19b92	7ffdbfcbe240	8	0	a365fc4286f8bbc3	6ff291fc8f528802	0	3869b	810	2
18.610126	92b80	7c296c0fb010	7ffdbfcc2670	702f40	8000000000000002	3d1de	7ffdbfcb73c0	55f71b220660	7ffdbfcb7380	0	55f71b220690	55f71b2221b0	7c296e21ace0	7c296c7fdf50	1c0bd	7ffdbfcb74c8	8000000000000001
18.625076	26325b07c3ae	0	55f719bd2a30	55f245bf8eca	55f71ace1110	55f719b63010	55f719fdad20	1bc35	7ffdbfcbe230	55f719fdad50	55f71bb7ea60	a58356854abbb087	19ec46639276e4a3	7c296d756508	55f719bd0c90	1601	4
18.634810	96f18	55f71cdd93f0	364e0	70	7ff	3e6	80	55f719da5770	7ffdbfcbc2f0	ea97	0	a40b5019648794b3	49942073366a254b	55f719be8c20	486	38798	0
18.641971	9439e	0	7ffdbfcbbe78	1	8	7ffdbfcbbe70	7ffdbfcbbe78	55f719bfbbb0	7ffdbfcbbe60	0	0	9ba8f2f9d95860e6	1092127d170b72de	55f719be8d10	2b	0	7ffdbfcbbe70
18.648700	92b80	7c296c0fb010	7ffdbfcc2670	97fa40	8000000000000002	3d1de	7ffdbfcbd880	55f71aef6a60	7ffdbfcbd840	0	55f71aef6c20	55f71aef71b0	7c296e21ace0	7c296ca7aa50	25fe9	7ffdbfcbd988	8000000000000001
18.663415	9b041	3e6	55f719be8500	55f71d7edc90	7ff	0	1	361c6	7ffdbfcbe240	3e6	fffffffffffff44e	a578d5618b8200dc	72c57a3af78284b1	28c79	0	1590	4
18.676273	98651	8000000000000001	7ffdbfcbcb78	8000000000000001	f39c40	7c296d034c50	7ffdbfcbcb78	8000000000000000	7ffdbfcbcb00	e8f8	0	9ba8f2f99c4580a9	10f274cf658d2db0	8000000000000001	7ffdbfcc2670	3ce71	7c296d034c50
18.686310	9b2cd	7f9	55f719be8500	55f71c2fc440	80	7e9	7ffdbfcc2670	2e0bd	7ffdbfcbe240	10	55f71c2f04e8	a40d50505db7d810	1879827dbfa96766	1c9e5	55f719bd0c90	401	2
18.698605	98609	6fa592ea378322bd	7ffdbfcba568	550d4d29e1ac88d5	512488c49f4f8aa1	b6a31dbb28ee83f8	800000000000000	4b	7ffdbfcba560	8	0	9ba8f2f99c6fa7fc	10fd2df60b74d36e	a3	39c75	3b4b8	7ffdbfcbe3c0
18.706289	984e8	1c4f8c6af344898a	1b825	f184571cc2ff7475	332c6	95eb257dac9b1b18	6f20e10f8337ecff	50	7ffdbfcba150	6c7967656e657261	0	fffffffffffffa0a	5d8d037bff4a006	a5	1b825	332c6	7ffdbfcbe3c0
18.717805	9af63	7c296cb61110	55f71ab21d50	10f24e31bdb22a70	8000000000000002	8000000000000001	8000000000000001	29984	7ffdbfcbe240	55f719c3dee0	55f71aca7300	a3f85643def70853	19ec46639276e4a3	3d1de	29984	7ffdbfcc2670	1
18.732853	9b041	2d3	55f719be8500	55f71d4fb3c0	7ff	0	1	100a3	7ffdbfcbe240	2d3	fffffffffffff787	a3f1d5e9236ac40d	828d720851c80e9d	95fc	0	7b0	2
18.740872	9a4ee	55f719e0ac50	7c296d932d70	8edac	80	3d1de	7c296d932d70	2f9e4	7ffdbfcbe230	10	55f71d7cf818	a5cc2607847753c5	faa681623d8fa9fd	7c296d932d70	55f719bd0c90	1a01	5
18.753092	9b391	1	55f719d865a0	55f71d249500	55f719c93ba0	55f719b63010	7	7c296dcfe010	7ffdbfcbe240	55f719c93b80	55f71a6a71e0	a572d504853fb51e	19ec46639276e4a3	3d1de	27ecf	1	3
18.760545	9a4ea	55f719d1f760	7c296da43f80	b0fee	80	3d1de	7c296da43f80	3affa	7ffdbfcbe230	10	55f71c20c2c0	a5023d5ad809325d	c06fe362c41f0c9	7c296da43f80	55f719bd0c90	1d01	3
18.771105	9b041	6d9	55f719be8500	55f71ac92960	7ff	0	1	95a7	7ffdbfcbe240	6d9	ffffffffffffeb75	a5b3d686112a486b	21e6d397907141b1	2cb1a	0	18f0	3
18.776908	9389e	8000000000000002	7ffdbfcbe3c0	55f71a5121f0	bfd400	3d1de	7c296c0fb010	64	7ffdbfcb90d0	783	0	9ba8f2f999146d7a	10d4405b705b1b85	8000000000000001	7ffdbfcc2670	2ff50	a9
18.787710	9b041	5f2	55f719be8500	55f71bb58740	7ff	0	1	12586	7ffdbfcbe240	5f2	ffffffffffffee2a	a3c755cb50447922	ddaf7a3162b3bb47	296bb	0	ba0	2
18.801694	92711	7ae	7ffdbfcc2670	55f71bfe6180	7ff	0	1000000000000000	7c	7ffdbfcb7d40	8	0	a56ae9bd0e8b8d5f	523809cd7b64de6c	0	2f965	55f719be9c40	2f965
18.811794	92b80	7c296c0fb010	7ffdbfcc2670	ccc780	8000000000000002	3d1de	7ffdbfcba480	55f719ec43e0	7ffdbfcba440	0	55f719ec4410	55f719ec4630	7c296e21ace0	7c296cdc7790	3331e	7ffdbfcba588	8000000000000001
18.823485	92b80	7c296c0fb010	7ffdbfcc2670	3dca00	8000000000000002	3d1de	7ffdbfcb7080	55f71ab59cd0	7ffdbfcb7040	0	55f71ab59d70	55f71ab5a410	7c296e21ace0	7c296c4d7a10	f728	7ffdbfcb7188	8000000000000001
18.830626	26325b07b558	8821	7c296e21ac80	76	55f71b08d540	55f71af14ca0	1	55f71a4db670	7ffdbfcba490	0	0	89e1	7c296e21ace0	ffffffffffffff88	30	55f719b63010	1
18.841942	92b80	7c296c0fb010	7ffdbfcc2670	dc3d80	8000000000000002	3d1de	7ffdbfcbaa30	55f71a04a370	7ffdbfcba9f0	0	55f71a04a3a0	55f71a04a450	7c296e21ace0	7c296cebed90	370f6	7ffdbfcbab38	8000000000000001
18.856813	9a4ee	55f71a84e180	7c296d9d5d48	a33a7	ffff	3d1de	7c296d9d5d48	3668d	7ffdbfcbe230	0	55f71d736980	a42f55b7566a67db	905d73309284b1cd	7c296d9d5d48	55f719bd0c90	2001	1
18.871143	9389e	8000000000000002	7ffdbfcbe3c0	55f71b095550	af34c0	3d1de	7c296c0fb010	6b	7ffdbfcb8b20	10a	0	9ba8f2f9994aaa05	10dc31ea0658dcd1	8000000000000001	7ffdbfcc2670	2bcd3	b1
18.877839	9b041	20b	55f719be8500	55f71cdc03b0	7ff	0	1	6e26	7ffdbfcbe240	20b	fffffffffffff9df	a4fa7ddc93d039f3	c77735094a82ac37	0	27722	180	1
18.885118	9836d	cd6	7ffdbfcbe3c0	55f71a5121f0	1fff	55f71a5121e0	0	18	7ffdbfcbcea0	4000	ce4	ce40	55f71a5053a0	b0	7ffdbfcc2670	3eff	b0
18.890464	9b041	e	55f719be8500	55f71c2bee90	7ff	0	1	29b13	7ffdbfcbe240	e	ffffffffffffffd6	a45c38790b1fa257	9899a2d1222d92be	0	1e635	150	2
18.898193	9b041	5f5	55f719be8500	55f71dd61700	7ff	0	1	831d	7ffdbfcbe240	5f5	ffffffffffffee21	a32fb7e35d26bcc3	3ee0f276f50d9e1	0	2f66e	c00	3
18.904540	9a4ea	55f719bd0c90	7c296d9bc2d8	a0059	8000000000000002	3d1de	7c296d9bc2d8	55f719e33840	7ffdbfcb9320	0	55f719e33940	55f719e33f50	7c296e21ace0	7c296d9bc2d8	35573	7ffdbfcb9478	8000000000000001
18.912259	943c6	dd3e387b643fd68	1c43a	e4e7c78ac3415a38	8	7ffdbfcb78b0	7ffdbfcb78b8	55f71a569290	7ffdbfcb78a0	0	0	87307bd858cd4358	e18e411fd5eeba51	fffffffe	20	21	55f719c57700
18.917913	9af63	7c296c3ab4d0	55f719fc7200	10e4cd4265e59635	8000000000000002	8000000000000001	8000000000000001	ac13	7ffdbfcbe240	55f719c8d800	55f71bf87be0	a3f21815307b2d63	19ec46639276e4a3	3d1de	0	7ffdbfcc2670	3
18.926297	9a4ea	55f71a053790	7c296d5c78b0	21714	3dff	3d1de	7c296d5c78b0	b25c	7ffdbfcbe230	2	55f71a6999f0	a59256fcc7fa6f84	814897c94005226d	7c296d5c78b0	55f719bd0c90	1301	3
18.934177	9b041	1fd	55f719be8500	55f71a4ce640	7ff	0	1	2808a	7ffdbfcbe240	1fd	fffffffffffffa09	a42550445ffc9265	c3ee97caa04f2a31	2ffae	0	1e0	3
18.946267	9af40	7c296c0fb010	55f719eb4e80	168880	55f719f94940	8000000000000001	8000000000000001	5a22	7ffdbfcbe240	55f719f948e0	55f71a4ca9e0	a423f47c1971aa03	19ec46639276e4a3	3d1de	0	7ffdbfcc2670	2
18.957482	96f49	55f71a2dc6b0	3ce5	ffffffffffffe986	7ff	fffffffffffff882	76e	55f71a908480	7ffdbfcb8050	cbff	0	a5ba5688d1f43c24	4b0417c03ed0f12c	55f719be9b80	13e	3b67d	0
18.968203	9286d	258	7ffdbfcc2670	55f71c13a460	7ff	0	0	b0	7ffdbfcb5300	8	0	a5de543ad7672c98	81de2d930713e400	2a6a9	0	7ffdbfcb5448	0
18.973592	26325b07b27b	20	7c296e21ac80	20	7c296e21ad30	fffc002c	0	7c296e21acf0	7ffdbfcb6fd0	0	0	55f71a2e20d0	7c296e21ace0	ffffffffffffff88	40	55f719b63010	2
18.980674	9af40	7c296c0fb010	55f71b41dbd0	708e40	55f719c4a300	8000000000000001	8000000000000001	1c239	7ffdbfcbe240	55f719c4a2e0	55f71cec8ce8	a58fd6c406097038	19ec46639276e4a3	3d1de	1c239	7ffdbfcc2670	0
18.989298	9a4ea	55f71aa5bc30	7c296d97ff00	987de	80	3d1de	7c296d97ff00	32d4a	7ffdbfcbe230	10	55f71a9d3c80	a5cd54704da8e941	299056085943251b	7c296d97ff00	55f719bd0c90	1c01	2
19.000587	943e6	ef415d33132be7b7	0	a21a42a4166a9a72	8	7ffdbfcbcc70	7ffdbfcbcc78	1a	7ffdbfcbcc60	0	0	a4313556f8ff91d3	e56368e0b59be9d3	0	95ce	0	7ffdbfcbcc70
19.007428	26325b078852	55f71aae78b0	55f719d4f1b0	91	161	55f71aae78b0	55f719d4f280	160	7ffdbfcbe300	55f246a56e5f	55f719d4f310	90	19ec46639276e4a3	7c296e21aca0	7c296e21ac80	55f719d4f310	55f719d4f
19.015309	943aa	1c4f8c6af34468a5	7ffdbfcbe1d8	359866aed527fb1	8	7ffdbfcbe1d0	7ffdbfcbe1d8	290ec	7ffdbfcbe1c0	0	0	a5c6d4528ee20221	19ec46639276e4a3	2aabb	0	2aabb	7ffdbfcbe1d0
19.020795	9389e	8000000000000002	7ffdbfcbe3c0	55f71a5121f0	a09e80	3d1de	7c296c0fb010	1a	7ffdbfcbccf0	ec4f	0	9ba8f2f99a0cd0a0	10dbe5b804f1e2d7	8000000000000001	7ffdbfcc2670	2827a	ba
19.028460	26325b07ae22	0	7c296e21ac80	20	7c296e21ad20	7c296e21ad10	5b	38	7ffdbfcb5430	0	55f719c4fbd0	55f719c4fd40	7c296e21ace0	ffffffffffffff88	40	4	2
19.042640	96eff	55f71bf756b0	39f6b	3d	7ff	7c6	0	55f719d10910	7ffdbfcba8f0	1	0	a3fcdb297e001223	fde8ced23e6e054e	55f719be9220	7c6	0	1224d
19.055789	98967	55f71a5121f0	2ec20	27	1fff	986	55f71a5121ff	34	7ffdbfcbb870	0	9f0	0	10dd807efc78cdba	982	2ec20	2b153	7ffdbfcbe3c0
19.065925	9b2cd	63b	55f719be8500	55f71a6c5a10	80	62b	7ffdbfcc2670	366f2	7ffdbfcbe240	10	55f71a6bc488	a5f1541e4d37b860	48b27dd2af5cf408	1b9d5	55f719bd0c90	1e01	5
19.072476	985c4	c071f1c6a41b7c59	7ffdbfcb5e28	3055ce1b8ca6cf4d	9f5af0b605c3174e	ec4551262c6f32b6	800000000000000	a2	7ffdbfcb5e20	8	0	9ba8f2f999966eaa	108baa5e44e960f5	be	7ffdbfcc2670	0	be
19.085369	9af40	7c296c0fb010	55f71aa22130	369fc0	55f71c0d9770	8000000000000001	8000000000000001	da7f	7ffdbfcbe240	55f71c0d9750	55f71dd85468	a41a5558e3e74926	19ec46639276e4a3	3d1de	da7f	7ffdbfcc2670	0
19.096727	92711	a2	7ffdbfcc2670	55f71dd61700	7ff	0	1000000000000000	40	7ffdbfcbae00	8	0	a3ebcfc6612b1173	37e4c7d71082563d	0	1b76	55f719be9100	1b76
19.108791	943d7	5c3bef34282d9d72	2a772	6c1843631c0dbb62	8	7ffdbfcbdd80	7ffdbfcbdd88	5	7ffdbfcbdd70	0	0	87307bd858cd62fd	a5f812671a59b9eb	0	2a772	0	7ffdbfcbdd80
19.116033	9389e	8000000000000002	7ffdbfcbe3c0	55f71c158250	242540	3d1de	7c296c0fb010	7b	7ffdbfcb7e20	203e	0	9ba8f2f99fb4c327	1099a5df6704f169	8000000000000001	7ffdbfcc2670	9095	c3
19.123546	9ab44	0	55f719ee03c0	55f2469f9af0	55f719ee0410	55f719b63010	7	1c739	7ffdbfcbe230	55f719ee03f0	55f71df11ba0	a5e25404d3eb68c8	19ec46639276e4a3	7c296d766d68	55f719bd0c90	1901	4
19.138306	92711	d7	7ffdbfcc2670	55f71a6f38c0	7ff	0	1000000000000000	58	7ffdbfcb9a80	8	0	a593dcb588d2ee5f	2e6cfdaabee15507	0	3639c	55f719be9580	3639c
19.151131	9b041	78e	55f719be8500	55f71b42a120	7ff	0	1	3bbd3	7ffdbfcbe240	78e	ffffffffffffe956	a5e99e8cb73f0773	f9aac98476a32a79	0	7dfb	1e90	2
19.163371	9b2cd	53e	55f719be8500	55f71c02d530	80	52e	7ffdbfcc2670	1136d	7ffdbfcbe240	10	55f71c025760	a3da55f8d7c14c33	a49bf4b768653530	1216c	55f719bd0c90	a01	2
19.175340	98820	8000000000000001	7ffdbfcbe3c0	8000000000000001	b57400	7c296cc52410	7ffdbfcbceb8	8000000000000000	7ffdbfcbce80	3f0d	0	9ba8f2f99f1e87f4	10d10d55467b320e	8000000000000001	7ffdbfcc2670	2d5d0	7c296cc52410
19.186752	988e2	55f71bed4470	a4e5	2b	1fff	9413ac427d4b67d0	55f71bed4460	1c	7ffdbfcbcbf0	0	0	9ba8f2f99fe4c48a	10d9e94612bbf3fd	1788	a4e5	292f0	7ffdbfcbe3c0
19.191999	96f49	55f71cd534d0	1d5f6	ffffffffffffeb4e	7ff	fffffffffffff91a	6d6	55f71a82daa0	7ffdbfcb5950	dffe	0	a4d13ec2d1fba613	fe4a4a149f523294	55f719bea480	6e5	0	33f36
19.205058	9a4db	55f71d75ace0	7ffdbfcc2670	d01	20	55f71d75aca0	55f71d75ad00	4	7ffdbfcb4778	0	55f71d75ad00	55f71d75ba20	7c296e21ace0	7c296d4bc010	55f71d75ad00	55f71d75ac70	55f71d75acd0
19.218028	9b391	0	55f71b302d70	55f71d249500	55f719bef760	55f719b63010	7	7c296dcfe010	7ffdbfcbe240	55f719bef700	55f71a607a98	a4c170bfac160111	19ec46639276e4a3	3d1de	1a8c8	0	2
19.227531	92711	602	7ffdbfcc2670	55f71c237c80	7ff	0	1000000000000000	a5	7ffdbfcb5bf0	8	0	a5c3d47e0cb85bae	b2853ab253f050b2	d857	0	55f719bea3f0	0
19.235607	92b80	7c296c0fb010	7ffdbfcc2670	a3b500	8000000000000002	3d1de	7ffdbfcb9780	55f71a0f56d0	7ffdbfcb9740	0	55f71a0f5700	55f71a0f57d0	7c296e21ace0	7c296cb36510	28ed4	7ffdbfcb9888	8000000000000001
19.243180	985be	ee2788a3af9febd9	7ffdbfcb9cb8	ca4d4e8dc6978c2f	a85343a35a514bd7	69b71ba8174c5355	800000000000000	55	7ffdbfcb9cb0	8	0	9ba8f2f99f285258	108bb737af8961b0	ca	7ffdbfcc2670	0	ca
19.256311	9a4ea	55f719bd0c90	7c296da63b88	b4f6f	8000000000000002	3d1de	7c296da63b88	55f71aec36d0	7ffdbfcb9800	0	55f71aec3700	55f71aec3a50	7c296e21ace0	7c296da63b88	3c525	7ffdbfcb9958	8000000000000001
19.265669	96f49	55f71a64ab70	3616d	ffffffffffffeeb7	7ff	fffffffffffffa3d	5b3	55f71beb1ac0	7ffdbfcb9e60	1	0	a3c8d5e99c718c49	6f21dc820ed37e9	55f719be9490	5c3	1ddac	0
19.272511	26325b07b754	55f719d42430	7c296e21ac80	4291	7c296e21b400	200	1	4410	7ffdbfcb6050	0	0	7c296e21ad60	7c296e21ace0	ffffffffffffff88	4420	55f71a4e94a0	4280
19.285098	98825	8000000000000001	7ffdbfcc2670	8000000000000001	1	7ffdbfcb9618	7ffdbfcb9510	55f719cdafc0	7ffdbfcb94c8	0	55f719cdaff0	55f719cdb110	7c296e21ace0	14b22	55f719cdafc0	7ffdbfcb9618	8000000000000001
19.298232	9b041	23a	55f719be8500	55f71ddcbd30	7ff	0	1	1216c	7ffdbfcbe240	23a	fffffffffffff952	a5add6b707c9991d	f67e2b96e19c92f2	39afc	0	1b30	4
19.313301	942d9	0	7ffdbfcb5748	1	8	7ffdbfcb5740	7ffdbfcb5748	55f71a19da20	7ffdbfcb5730	8	0	9ba8f2f9da566f2a	108c4ac238eabc15	55f719bea4e0	aa	39d86	7ffdbfcb5740
19.326943	9a4ee	55f71d5b1d50	7c296d876b20	77562	fdff	3d1de	7c296d876b20	27c76	7ffdbfcbe230	0	55f71a637748	a4d5a32a359d661f	b4ea92717f6fe92b	7c296d876b20	55f719bd0c90	401	2
19.341037	26325b07b25c	20	7c296e21ac80	4	7c296e21ad30	ffe0004c	0	7c296e21acf0	7ffdbfcb6460	0	0	55f719bf50e0	7c296e21ace0	ffffffffffffff88	30	55f719b63010	1
19.353962	92767	203	7ffdbfcc2670	55f71cea4df0	7ff	80	0	67	7ffdbfcb8e50	8	0	a5985756221ecee5	ebdcb176512d1f10	0	373ca	55f719be9850	373ca
19.363745	9a4ee	55f719bd0c90	7c296d977500	9769e	8000000000000002	3d1de	7c296d977500	55f71aec39d0	7ffdbfcb65a0	0	55f71d5eddc0	55f71d5eecc0	7c296e21ace0	7c296d977500	3278a	7ffdbfcb66f8	8000000000000001
19.377405	9a4d0	55f71b311f50	7ffdbfcb9d30	281	38	55f71b311f10	55f71b311f80	7	7ffdbfcb9cb0	0	55f71b311f80	55f71b312230	7c296e21ace0	7	55f71b311f80	55f71b311ee0	55f71b311f50
19.385897	96f49	55f71a64ab70	28206	fffffffffffff7d2	7ff	fffffffffffffd46	2aa	55f71a7cb5c0	7ffdbfcb9e60	ffbf	0	a309ed4f312f6873	1d0f74f02ac5c4c4	55f719be9490	2ba	0	2efe3
19.398003	9a4ea	55f719bd0c90	7c296d72ded0	4e3d8	8000000000000002	3d1de	7c296d72ded0	55f71b312080	7ffdbfcb8e40	0	55f71b312120	55f71b312230	7c296e21ace0	7c296d72ded0	1a148	7ffdbfcb8f98	8000000000000001
19.408315	26325b07ae22	0	7c296e21ac80	18	7c296e21ad10	7c296e21ad00	5b	28	7ffdbfcbc100	8	0	a4fd18d9bfe31877	1dad8a396a2e10f4	ffffffffffffff88	30	3	1
19.422464	9a4ee	55f719bd0c90	7c296d5f4bc8	27177	8000000000000002	3d1de	7c296d5f4bc8	55f71a954340	7ffdbfcbd4f0	0	55f71a954370	55f71a955620	7c296e21ace0	7c296d5f4bc8	d07d	7ffdbfcbd648	8000000000000001
19.433115	9a4ea	55f719bd0c90	7c296d68a610	39cc0	8000000000000002	3d1de	7c296d68a610	55f71a2b57e0	7ffdbfcb65a0	0	55f71a2b5810	55f71a2b5aa0	7c296e21ace0	7c296d68a610	13440	7ffdbfcb66f8	8000000000000001
19.444020	9389e	8000000000000002	7ffdbfcbe3c0	55f71b095550	ab1b40	3d1de	7c296c0fb010	b2	7ffdbfcb5170	8e0	0	9ba8f2f6603022af	10de3a45f88ecdc1	8000000000000001	7ffdbfcc2670	2ac6d	d7
19.452456	9a4ea	55f71a08be90	7c296d9b2828	9ed03	f8ff	3d1de	7c296d9b2828	34f01	7ffdbfcbe230	0	55f71ad391d0	a41dd05f1fbfb084	ad5a5d354f198326	7c296d9b2828	55f719bd0c90	901	1
19.466094	92a5a	55f719f14370	7ffdbfcc2670	7c296d4bc010	2895	3d1de	d87	52	7ffdbfcb9f60	8	0	a3c792eef067630b	b9dc4df595d9840c	7c296d4d04b8	7c296d4bc010	7ffdbfcba0a8	55f719f143d0
19.476600	9389e	8000000000000002	7ffdbfcbe3c0	55f71bed3d00	c8100	3d1de	7c296c0fb010	9	7ffdbfcbdac0	f005	0	9ba8f2f66053a93c	108df74589755328	8000000000000001	7ffdbfcc2670	3204	d9
19.485769	9389e	8000000000000002	7ffdbfcbe3c0	55f71b095550	d10180	3d1de	7c296c0fb010	66	7ffdbfcb8f30	8202	0	9ba8f2f660629b46	10e3380ae8d3a404	8000000000000001	7ffdbfcc2670	34406	db
19.498521	92711	2c1	7ffdbfcc2670	55f71a9cdcf0	7ff	0	1000000000000000	32	7ffdbfcbb960	8	0	a4cb967a0ab4f91b	e77cf0ef3dddd1e6	0	266f9	55f719be8e60	266f9
19.510540	9389e	8000000000000002	7ffdbfcbe3c0	55f71b095550	364400	3d1de	7c296c0fb010	53	7ffdbfcb9ea0	8000	0	7430	55f71b08e110	8000000000000001	7ffdbfcc2670	d910	db
19.517290	9af40	7c296c0fb010	55f719fba830	aede40	55f719fc68f0	8000000000000001	8000000000000001	2bb79	7ffdbfcbe240	55f719fc68d0	55f71d7cdc28	a5e4d7e393bc78cc	19ec46639276e4a3	3d1de	2bb79	7ffdbfcc2670	0
19.523100	942a9	0	7ffdbfcbae68	1	8	7ffdbfcbae60	7ffdbfcbae68	3f	7ffdbfcbae50	8	0	9ba8f2f9d9606e48	108c4baf550abf84	1bb0	0	1bb0	7ffdbfcbae60
19.532383	92b80	7c296c0fb010	7ffdbfcc2670	3b3d00	8000000000000002	3d1de	7ffdbfcbd060	55f719d941b0	7ffdbfcbd020	0	55f71aed6db0	11	7c296e21ace0	7c296c4aed10	ecf4	7ffdbfcbd168	8000000000000001
19.538544	9b041	61b	55f719be8500	55f71a610900	7ff	0	1	31f35	7ffdbfcbe240	61b	ffffffffffffedaf	a4f3da1dc3d9600d	f388a5f57620eda5	0	35f5a	4b0	1
19.544363	92add	0	7ffdbfcc2670	55f71b1b85f0	1	7	55f71b1b8660	0	7ffdbfcb46d0	0	55f719dfdfb0	11	7c296e21ace0	7c296da75630	55f71b1b8650	7ffdbfcb4818	8000000000000001
19.557773	92b80	7c296c0fb010	7ffdbfcc2670	e7880	8000000000000002	3d1de	7ffdbfcb88e0	55f719cb4800	7ffdbfcb88a0	0	55f719cb48a0	55f719cb51c0	7c296e21ace0	7c296c1e2890	39e2	7ffdbfcb89e8	8000000000000001
19.571134	9b041	50a	55f719be8500	55f71c2fc440	7ff	0	1	2f679	7ffdbfcbe240	50a	fffffffffffff0e2	a40d50505db74336	1849690f930cfa20	4ebf	0	4e0	2
19.579720	9a4ea	55f719bd0c90	7c296d7a9968	5db2b	8000000000000002	3d1de	7c296d7a9968	55f71a0650f0	7ffdbfcb6c20	0	55f71a065120	55f71a065510	7c296e21ace0	7c296d7a9968	1f3b9	7ffdbfcb6d78	8000000000000001
19.593496	96f49	55f71c2bee90	cc03	fffffffffffffa8a	7ff	fffffffffffffe2e	1c2	55f71dd640c0	7ffdbfcbdc80	fedf	0	a476d62a9a90ccd3	ef079a4bf7c84ee7	55f719be8650	1d2	1ee2	0
19.599444	92c1c	7c296dcfe010	7ffdbfcc2670	0	8000000000000002	3d1de	7c296d9cabb8	55f71a800810	7ffdbfcbc590	0	55f719ceee80	55f719cad750	7c296e21ace0	35f27	35f27	7ffdbfcbc6d8	8000000000000001
19.611142	943e6	76e9094da523c2bd	0	1a3fa941654df1b	8	7ffdbfcbc350	7ffdbfcbc358	55f71a0dd4c0	7ffdbfcbc340	0	0	a401206b151a29e3	475a7dc163fbdb2	55f719be8bf0	25	0	7ffdbfcbc350
19.619958	9a4ee	55f71aa31910	7c296da27af8	ad75d	5fff	3d1de	7c296da27af8	39d1f	7ffdbfcbe230	1	55f71bf13d80	a3fbd6421854705e	a0d609b250304d4c	7c296da27af8	55f719bd0c90	901	2
19.629995	9a4ee	55f71ae8aab0	7c296d587278	1964d	4fff	3d1de	7c296d587278	876f	7ffdbfcbe230	1	55f71b3e2bc8	a56b552944b6998f	80f57196395adc90	7c296d587278	55f719bd0c90	1301	2
19.641551	942a8	0	7ffdbfcbe1d8	1	8	7ffdbfcbe1d0	7ffdbfcbe1d8	9411	7ffdbfcbe1c8	8	0	9ba8f2f9da5a235a	108accbae526b027	0	3434	0	7ffdbfcbe1d0
19.648368	943f5	5c3c112281c85df9	1cedf	1c0e8e9f6c184363	8	7ffdbfcb5eb0	7ffdbfcb5eb8	a2	7ffdbfcb5ea0	8	0	9ba8f2f99d1380ff	10b26f97723d2c24	e3	4e87	1cedf	7ffdbfcbe3c0
19.657604	92b80	7c296c0fb010	7ffdbfcc2670	cef40	8000000000000002	3d1de	7ffdbfcb9100	55f719f5f350	7ffdbfcb90c0	0	55f719f5f380	55f719f5f5d0	7c296e21ace0	7c296c1c9f50	33bd	7ffdbfcb9208	8000000000000001
19.670545	94404	62be4e4e67859231	0	e1e510404adaaf36	8	7ffdbfcbdd90	7ffdbfcbdd98	55f719bd1c00	7ffdbfcbdd80	8	0	bfb075b4b95d3a96	3b47c9079000423c	ffff00f8	0	55f719bd1b80	7ffdbfcbdd90
19.677138	9b016	56f	55f719be8500	55f71bb3e760	7ff	0	1000000000000000	337e7	7ffdbfcbe240	8	0	a40a5ef88cbb723b	4f2a9123a6354282	0	a031	2a0	3
19.691462	9b016	4c1	55f719be8500	55f71bef10f0	7ff	0	1000000000000000	350d0	7ffdbfcbe240	8	0	a418d0719f701633	abc0ab1e5e89e357	344d2	0	990	0
19.702695	9a4ea	55f719cceb90	7c296d876268	7744b	fcff	3d1de	7c296d876268	27c19	7ffdbfcbe230	0	55f71d513990	a3fdead818b459db	adf9a731bfd5655f	7c296d876268	55f719bd0c90	701	2
19.709498	26325b07adf1	30	7c296e21ac80	18	7c296e21ad10	7c296e21ad00	5b	28	7ffdbfcb9790	8	0	a581c122b64c9733	c97b8b6ac43aa7e9	1	30	3	8000000000000001
19.718313	98504	1c4f8c6af3448a28	7ffdbfcb2e38	f184571cc2ff7475	0	95eb257dac9b1b18	6f20e10f8337ef5d	dd	7ffdbfcb2e30	359866aed529d3c	e18e411fd5ef7e6b	9ba8f2f99d5576fa	10b72f1babb006e8	e7	7ffdbfcc2670	0	e7
19.733357	9a4ee	55f719bd0c90	7c296d9d2250	a2c48	8000000000000002	3d1de	7c296d9d2250	55f71c03bdc0	7ffdbfcb4a00	0	55f71c03bdf0	55f71c03c620	7c296e21ace0	7c296d9d2250	36418	7ffdbfcb4b58	8000000000000001
19.738578	9b041	103	55f719be8500	55f71b41bc90	7ff	0	1	35e6d	7ffdbfcbe240	103	fffffffffffffcf7	a41cd5bfa3cc9651	b619a6f825a86fa0	2c594	0	2310	3
19.749894	9af40	7c296c0fb010	55f719e8b2d0	7a6540	55f71a300b70	8000000000000001	8000000000000001	1e995	7ffdbfcbe240	55f71a300b50	55f71bf97790	a3c55574280d48e0	19ec46639276e4a3	3d1de	1e995	7ffdbfcc2670	3
19.764459	9af40	7c296c0fb010	55f71b1ec740	b47e00	55f719c13ca0	8000000000000001	8000000000000001	2d1f8	7ffdbfcbe240	55f719c13c40	55f71b418480	a4d9ed333a6eb775	19ec46639276e4a3	3d1de	0	7ffdbfcc2670	1
19.777220	98354	138	7ffdbfcbe3c0	55f71d4ace30	fff	55f71d4ace20	0	c	7ffdbfcbd860	1	138	9ba8f2f99d685258	108bb5d78b896290	ea	7ffdbfcc2670	0	ea
19.784501	9af40	7c296c0fb010	55f71b203be0	b72440	55f71a9eb9f0	8000000000000001	8000000000000001	2dc91	7ffdbfcbe240	55f71a9eb990	55f71c20db50	a53909f2625580df	19ec46639276e4a3	3d1de	0	7ffdbfcc2670	4
19.795487	9b391	1	55f71aed7790	55f71d249500	55f71aecf670	55f719b63010	7	7c296dcfe010	7ffdbfcbe240	55f71aecf650	55f71a495170	a468d639a361cbe2	19ec46639276e4a3	3d1de	11783	1	5
19.806043	9a4ee	55f719c2b5f0	7c296d4d2060	2c0a	ffff	3d1de	7c296d4d2060	eae	7ffdbfcbe230	0	55f71c034980	a4d2e4ee64848e43	9e8c6cc979a5aa0a	7c296d4d2060	55f719bd0c90	101	2
19.817203	9a4ea	55f719cf91b0	7c296d66ae28	35dc3	80	3d1de	7c296d66ae28	11f41	7ffdbfcbe230	a	55f71d7897a0	a5bd2201478b968b	d442ce359b92f5a6	7c296d66ae28	55f719bd0c90	1601	4
19.830197	9b041	5e2	55f719be8500	55f71d7d4db0	7ff	0	1	5770	7ffdbfcbe240	5e2	ffffffffffffee5a	a517503620eb1ab5	fdd8276f3107b507	0	36264	1a10	2
19.842675	9b041	94	55f719be8500	55f71c2bee90	7ff	0	1	36f67	7ffdbfcbe240	94	fffffffffffffe44	a48eb73c74ba6e7a	925f8a2703ee4352	19d7b	34d51	150	4
19.856147	9a4ee	55f71a073560	7c296d9a57c0	9d2f6	ffff	3d1de	7c296d9a57c0	34652	7ffdbfcbe230	0	55f71a6a18b8	a579f90a6cc393eb	d13da7ec927977df	7c296d9a57c0	55f719bd0c90	1101	0
19.867536	9a500	55f71aa21690	7c296d97b700	55f245d3bde1	55f71aa217c0	55f719b63010	7	32a4a	7ffdbfcbe230	55f71aa21760	55f71c1c1d48	a469a07d841eb17b	19ec46639276e4a3	7c296d97b700	55f719bd0c90	2701	2
19.873666	92b80	7c296c0fb010	7ffdbfcc2670	d2a240	8000000000000002	3d1de	7ffdbfcba480	55f71a8c3ae0	7ffdbfcba440	0	55f71a8c3b10	55f71a8c3c20	7c296e21ace0	7c296ce25250	34a89	7ffdbfcba588	8000000000000001
19.883053	9a4ee	55f719bd0c90	7c296da2b950	adf28	8000000000000002	3d1de	7c296da2b950	55f719d9a800	7ffdbfcb9590	0	55f719d9a830	55f719d9a9b0	7c296e21ace0	7c296da2b950	39fb8	7ffdbfcb96e8	8000000000000001
19.889248	9b2cd	45b	55f719be8500	55f71ced6e70	80	44b	7ffdbfcc2670	65ef	7ffdbfcbe240	e	55f71ced05e8	a58c56c5cba82519	7ed2353b784de532	3aeea	55f719bd0c90	1401	4
19.901681	94401	5c3c11aaa26ade57	329c3	1c0c36f76c184363	8	7ffdbfcb4650	7ffdbfcb4658	55f71bed4390	7ffdbfcb4640	8	0	9ba8f2f99ee53897	10ee836823dd4896	fffffc00	1330	133a	55f71de3a6d0
19.907096	9b041	5d1	55f719be8500	55f71cd06780	7ff	0	1	89cb	7ffdbfcbe240	5d1	ffffffffffffee8d	ab37d3abaa2d0d5d	a8f47b3a6a18343	29604	0	2970	4
19.914103	92b80	7c296c0fb010	7ffdbfcc2670	9fd2c0	8000000000000002	3d1de	7ffdbfcb7cb0	55f71b0ae570	7ffdbfcb7c70	0	55f71b0ae5a0	55f71b0ae8e0	7c296e21ace0	7c296caf82d0	27f4b	7ffdbfcb7db8	8000000000000001
19.921720	92711	11b	7ffdbfcc2670	55f71c1ea0b0	7ff	0	1000000000000000	c1	7ffdbfcb4530	8	0	a4d9aaee23c7ba59	ab7822ca7ccbed6d	0	36af4	55f719bea930	36af4
19.927405	92c1c	7c296dcfe010	7ffdbfcc2670	0	8000000000000002	3d1de	7c296d845f98	55f719c92280	7ffdbfcb7040	0	55f719c922b0	55f719c940a0	7c296e21ace0	25bfb	25bfb	7ffdbfcb7188	8000000000000001
19.933853	9a4fc	55f719bd2a30	7c296d5e0e88	249cf	8000000000000002	3d1de	7c296d5e0e88	55f719f1a1d0	7ffdbfcb3340	0	55f719f1a200	55f719f1a3a0	7c296e21ace0	7c296d5e0e88	c345	7ffdbfcb3498	8000000000000001
19.941617	9b2dd	7ffdbfcc2670	55f719bd2a30	55f71defcd50	80	2a2	7ffdbfcc2670	60d4	7ffdbfcbe240	10	55f71def8ca0	a5e557e453dab29b	13248dcd46d0fddd	34140	55f719bd0c90	1901	4
19.947620	990bb	7c296d4bc010	3222e	7c296d4bc010	32201	3d1de	9668a	1	7ffdbfcbe220	1	0	55f71ab21eb0	8000000000000001	0	1	0	7ffdbfcc2670
19.953711	9b391	0	55f71a160820	55f71d249500	55f71a65b7d0	55f719b63010	7	7c296dcfe010	7ffdbfcbe240	55f71a65b770	55f71c2643e0	a418289350207aed	19ec46639276e4a3	3d1de	9696	0	3
19.959915	9389e	8000000000000002	7ffdbfcbe3c0	55f71a5121f0	288940	3d1de	7c296c0fb010	65	7ffdbfcb9000	7eb	0	9ba8f2f99e44b547	109ff0e95d74c011	8000000000000001	7ffdbfcc2670	a225	f4
19.972177	26325b07af30	20	7c296e21ac80	40	55f719c541e0	7c296e21ace0	0	38	7ffdbfcb8420	0	0	55f719c54200	7c296e21ace0	ffffffffffffff88	40	55f719b63010	2
19.980436	9a4ee	55f71a2eca00	7c296d75d6d8	542d9	80	3d1de	7c296d75d6d8	1c0f3	7ffdbfcbe230	10	55f71cd0c120	a473557d4d288081	2d03234b0daad37b	7c296d75d6d8	55f719bd0c90	2801	3
19.989209	92a5a	55f71ddd3dd0	7ffdbfcc2670	7c296d4bc010	b985	3d1de	3dd7	dd	7ffdbfcb2e70	8	0	ab37399aa4a00beb	b3d8b8043737fce3	7c296d518c38	7c296d4bc010	7ffdbfcb2fb8	55f71ddd3e30
20.001304	9389e	8000000000000002	7ffdbfcbe3c0	55f71d4aca30	def380	3d1de	7c296c0fb010	8e	7ffdbfcb6eb0	7a0d	0	9ba8f2f99e42ea34	10e4c21283bb9947	8000000000000001	7ffdbfcc2670	37bce	f6
20.013523	989a9	55f71a5121f0	d3c0	2c	1fff	fffffffffffed940	125c	21	7ffdbfcbc7e8	0	9000	0	fffffffffffed940	1260	d3c0	aae4	7ffdbfcbe3c0
20.022863	9a4ea	55f719bd0c90	7c296d751990	52b30	8000000000000002	3d1de	7c296d751990	55f71a871c90	7ffdbfcbd4f0	0	55f71a871cc0	55f71a872790	7c296e21ace0	7c296d751990	1b910	7ffdbfcbd648	8000000000000001
20.035805	9389e	8000000000000002	7ffdbfcbe3c0	55f71d4ac960	4e5bc0	3d1de	7c296c0fb010	11	7ffdbfcbd440	66c	0	d40	55f71d4abc10	8000000000000001	7ffdbfcc2670	1396f	f8
20.047520	9389e	8000000000000002	7ffdbfcbe3c0	55f71c158250	46b2c0	3d1de	7c296c0fb010	84	7ffdbfcb76d0	1af8	0	7850	55f71c1509f0	8000000000000001	7ffdbfcc2670	11acb	f9
20.053499	9a500	55f71a33d4c0	7c296d8601d0	74838	80	3d1de	7c296d8601d0	26d68	7ffdbfcbe230	10	55f71d72ba40	a5b6d68a90f16555	188c4c15140eea73	7c296d8601d0	55f719bd0c90	1901	3
20.062487	9af40	7c296c0fb010	55f71aff4690	a4f6c0	55f71a5ac3f0	8000000000000001	8000000000000001	293db	7ffdbfcbe240	55f71a5ac3d0	55f71b336aa0	abf9d3acbf0d04aa	19ec46639276e4a3	3d1de	293db	7ffdbfcc2670	4
20.076119	9af40	7c296c0fb010	55f71aae5d50	ad8b80	55f71a476c70	8000000000000001	8000000000000001	2b62e	7ffdbfcbe240	55f71d4c2be0	55f71b414b98	a4ed5c1e89d4e33d	19ec46639276e4a3	3d1de	0	7ffdbfcc2670	2
20.085565	988e2	55f71a5121f0	da45	3	1fff	9916971bd022bfdb	55f71a5121e0	40	7ffdbfcbaeb0	0	0	9ba8f2f673c1f307	109c15ef8fd63894	11d7	da45	bd67	7ffdbfcbe3c0
20.096055	9389e	8000000000000002	7ffdbfcbe3c0	55f71be78480	af000	3d1de	7c296c0fb010	78	7ffdbfcb8090	7c4	0	9ba8f2f673c39e68	108ec17b914aa234	8000000000000001	7ffdbfcc2670	2bc0	fd
20.104372	9b041	5cc	55f719be8500	55f71d537e30	7ff	0	1	fef6	7ffdbfcbe240	5cc	ffffffffffffee9c	a31bd06e1a2e70d3	e169a11894431657	0	1b06f	b40	1
20.117421	9b041	113	55f719be8500	55f71ce023d0	7ff	0	1	25f07	7ffdbfcbe240	113	fffffffffffffcc7	a4175073624752d1	691b15b43243ef35	1bf0a	0	5a0	4
20.132240	9837a	88	7ffdbfcbe3c0	55f719c57700	1ff	55f719c576f0	0	b0	7ffdbfcb5320	0	0	9ba8f2f673f753e6	10c01cbd6d0c988f	ff	7ffdbfcc2670	25d50	ff
20.144683	26325b078718	55f719cfaf50	55f719cfb020	31	7c296e21ace0	55f719cfaf50	55f719cfb020	60	7ffdbfcbe2f0	55f246be2c7b	55f719cfb080	30	19ec46639276e4a3	7c296e21ac98	7c296e21ac80	55f719cfb080	55f719cfb
20.156261	9289f	9bc00	7ffdbfcc2670	7c296d4bc010	0	3d1de	0	2ad91	7ffdbfcb8c30	8	0	a572d504853ef502	ac70e2b7c5b77bcf	7c296d4bc010	7c296d99a3d8	7ffdbfcb8d78	0
20.168336	9af93	7c296cd46c10	55f71a9e1820	10c7138664e5e09e	7ffdbfcbe2a8	8000000000000001	8000000000000001	312f0	7ffdbfcbe240	55f71af54b20	55f71d7ce960	a5e4d7e393ba8035	19ec46639276e4a3	3d1de	312f0	7ffdbfcc2670	1
20.174096	93b83	58c	17aa	6d	fff	893	ff	0	7ffdbfcb77d0	3b	0	55f71b651da0	0	891	7ffdbfcbe020	7ffdbfcb7860	7ffdbfcbdf70
20.184308	9af40	7c296c0fb010	55f71a5b5700	e1c2c0	55f71a063d10	8000000000000001	8000000000000001	3870b	7ffdbfcbe240	55f71a063cb0	55f71ce23858	a539e98cd9145653	19ec46639276e4a3	3d1de	0	7ffdbfcc2670	4
20.190315	9b041	4fb	55f719be8500	55f71c0ffbf0	7ff	0	1	1de7d	7ffdbfcbe240	4fb	fffffffffffff10f	ab345391eb8164f1	76ace41477697b0b	2b0a2	0	2940	0
20.195823	26325b177891	55f71ad419a0	7ffdbfcbdd30	211	38	55f719d9c4f0	55f71ad419a0	7	7ffdbfcbdc88	0	55f71ad419a0	55f71ad41be0	7c296e21ace0	55f71ad419a0	7	55f71a00fc50	38
20.210826	26325b0796a8	0	30	ffffffffffffffd0	31	55f719d2e780	7c296e21ac80	55f719d2e780	7ffdbfcbe190	0	55f71a9c3850	a41950725f0b6cc4	a706098b2dd0ae82	7c296d879b80	0	901	0
20.217726	92b80	7c296c0fb010	7ffdbfcc2670	a3b980	8000000000000002	3d1de	7ffdbfcb26f0	55f71b088e70	7ffdbfcb26b0	0	55f71b088f10	55f71b089050	7c296e21ace0	7c296cb36990	28ee6	7ffdbfcb27f8	8000000000000001
20.229720	9a500	55f719c2c930	7c296d8619b8	55f2456404fc	55f71a1598d0	55f719b63010	7	26e67	7ffdbfcbe230	55f719c2c9c0	55f71cdf44d0	a4c84971b38f5bed	19ec46639276e4a3	7c296d8619b8	55f719bd0c90	501	0
20.235659	26325b07b560	6731	7c296e21ac80	74	55f71a154160	55f71ab26f50	344	55f71b5957f0	7ffdbfcbd820	0	1	6a51	7c296e21ace0	ffffffffffffff88	40	55f719b63010	2
20.242635	9389e	8000000000000002	7ffdbfcc2670	0	d23380	3d1de	7c296c0fb010	8000000000000001	7ffdbfcb4550	7ffdbfcbe020	58	9782a1f7529bde7d	1be91b541e57b58a	81	7ffdbfcbe020	348ce	58
20.250927	9a4ee	55f71b375210	7c296d8f4658	870c9	80	3d1de	7c296d8f4658	2d043	7ffdbfcbe230	10	55f71b088238	a4618f7e97bc11bb	5047ab2918543160	7c296d8f4658	55f719bd0c90	1	2
20.265443	96f49	55f71d54d1d0	9a89	ffffffffffffeffe	7ff	fffffffffffffaaa	546	55f71a813ef0	7ffdbfcbb600	7c00	0	a3ce85bf81b75135	42a570793d878457	55f719be8dd0	5b6	0	132ea
20.276522	9b016	181	55f719be8500	55f71dedbd90	7ff	0	1000000000000000	2ef2d	7ffdbfcbe240	8	0	a49f56df555b9a4f	3b2a92b8e3fdc9e1	25f1c	0	26a0	2
20.286646	9a4c0	55f719c85c10	7ffdbfcb44b0	161	38	55f719c85b40	55f719c85c10	7	7ffdbfcb4430	0	55f719c85c10	55f719c85da0	7c296e21ace0	7	55f719c85c10	55f719c85b10	55f719c85be0
20.297930	92711	1d7	7ffdbfcc2670	55f71d5691d0	7ff	0	1000000000000000	81	7ffdbfcb5a50	8	0	a5eb41420c8cb2f7	a3554388b4967794	0	7ffdbfcbe020	55f719bea180	138dd
20.310880	26325b07886a	55f71a96a5f0	55f71a96a960	1	30	55f71a96a5f0	55f71a96a6c0	2a0	7ffdbfcbe300	55f245e7000a	55f71a96a960	30	19ec46639276e4a3	7c296e21ac98	7c296e21ac80	55f71a96a960	55f71a96a
20.318626	92b80	7c296c0fb010	7ffdbfcc2670	bcb2c0	8000000000000002	3d1de	7ffdbfcbd4f0	55f71b1c1120	7ffdbfcbd4b0	0	55f71b1c1150	55f71b1c15b0	7c296e21ace0	7c296ccc62d0	2f2cb	7ffdbfcbd5e8	8000000000000001
20.330515	9b391	1	55f71a215580	55f71d249500	55f71b1b7dd0	55f719b63010	7	7c296dcfe010	7ffdbfcbe240	55f71b1b7db0	55f71d728b90	a5b6d68a90f265eb	19ec46639276e4a3	3d1de	2aeea	1	2
20.341237	939a8	f50df7d5eb05d046	7ffdbfcb9988	7fe07f67bff65f2a	264fae941f742531	6714f0d896286a58	1100000000000000	81	7ffdbfcb9980	0	1	abbe9a12ca0fa38f	4e2a7fe07f67bff6	7ffdbfcc2670	7ffdbfcbe080	7ffdbfcb9a80	7ffdbfcb9980
20.355574	9b391	1	55f71a472700	55f71d249500	55f71a8f05c0	55f719b63010	7	7c296dcfe010	7ffdbfcbe240	55f71a8f05a0	55f71c2bddf8	a476d62a9a90b9f9	19ec46639276e4a3	3d1de	e9f4	1	4
20.366812	26325b078862	55f719c16de0	55f719d4f710	61	31	55f719c16de0	55f71a5b4980	90	7ffdbfcbe300	55f246a552a4	55f719d4f710	60	19ec46639276e4a3	7c296e21ac98	7c296e21ac80	55f71a5b49e0	55f71a5b4
20.377725	9441e	0	24	1	0	7ffdbfcbd050	7ffdbfcbd058	7ffdbfcc2670	7ffdbfcbd040	8	0	ab8e39b649247cb7	b9ab7983c1e41f57	0	38bb9	24	7ffdbfcbd050
20.384625	92b80	7c296c0fb010	7ffdbfcc2670	a26e00	8000000000000002	3d1de	7ffdbfcbd970	55f719ea1840	7ffdbfcbd930	0	55f719ea1870	55f719ea1c70	7c296e21ace0	7c296cb21e10	289b8	7ffdbfcbda68	8000000000000001
20.390285	9b041	526	55f719be8500	55f71b42a120	7ff	0	2	2918d	7ffdbfcbe240	527	fffffffffffff08b	a5161d160c006f13	c9b98b19ae1ff2ce	0	33383	1e90	4
20.401399	9a4ee	55f719bd0c90	7c296d54de40	123c6	8000000000000002	3d1de	7c296d54de40	55f719d95660	7ffdbfcbdd90	0	55f719d95890	55f719d95ad0	7c296e21ace0	7c296d54de40	6142	7ffdbfcbdea8	8000000000000001
20.412383	94088	aa4a55cbad0f5b09	455	1b09	1b09	af8258f5ee1f65a3	1fff	55f71c183250	7ffdbfcb3aa0	0	1	94da1defc0683de8	ef1405fad028519b	ffffb600	b00	b09	55f71b5e8060
20.417855	26325b07ae91	19ec46639276e4a3	7c296e21ac80	18	55f71a0e5010	7c296e21ad00	0	28	7ffdbfcbb160	0	0	a418d0719f71fd9a	7c296e21ace0	ffffffffffffff88	30	55f719b63010	1
20.432530	9b041	6fc	55f719be8500	55f71a621120	7ff	0	2	278d9	7ffdbfcbe240	6fd	ffffffffffffeb09	a421bce716db7195	8e41f4d3fb3a7c96	0	936	450	6
20.446163	26325b07b04a	55f71bbdeec0	7c296e21ac80	821	55f71bbdeeb0	55f71bbdeef0	0	38	7ffdbfcbd858	0	55f71bbdeec0	55f71bbdf710	7c296e21ace0	2	7c296d4bc010	55f71bbdee20	55f71bbdee90
20.453273	92a5a	55f71a4e9540	7ffdbfcc2670	7c296d4bc010	53211	3d1de	1bb5b	0	7ffdbfcb1fb0	8	0	abfa3210e0a40603	387472da0cf605e	7c296d755098	7c296d4bc010	7ffdbfcb20f8	55f71a4e94d0
20.459573	9b391	1	55f719eea220	55f71d249500	55f71ae9a0e0	55f719b63010	7	7c296dcfe010	7ffdbfcbe240	55f71ae9a0c0	55f71b392b90	abe7d393bfad5c51	19ec46639276e4a3	3d1de	2c800	1	4
20.474661	9389e	8000000000000002	30	55f71c158250	c0a1c0	3d1de	7c296c0fb010	7ffdbfcc2670	7ffdbfcbd920	8	0	aa2fd11273481cbb	d33ef6eb252f46e9	8000000000000001	1a49c	30287	7ffdbfcbe490
20.488766	92bc7	7c296d4bc010	7ffdbfcc2670	ef0f00	8000000000000002	3d1de	3bc3c	55f719d1b680	7ffdbfcb5350	0	55f719d1b6b0	55f719d1bf90	7c296e21ace0	7c296cfebf10	3bc3c	7ffdbfcb5498	8000000000000001
20.497234	9ab44	0	55f719f1cc90	55f24680523c	55f719f1cd20	55f719b63010	7	3ae68	7ffdbfcbe220	55f719f1ccc0	55f71d4f7568	a3cd42d02e517add	19ec46639276e4a3	7c296da419d0	55f719bd0c90	701	5
20.508328	9a4ea	55f71a470b60	7c296d5e25b0	24cb4	5eff	3d1de	7c296d5e25b0	c43c	7ffdbfcbe230	1	55f71d548958	a3ead510984a37d5	6ad066223ef7b3ed	7c296d5e25b0	55f719bd0c90	801	0
20.519540	92949	1	7ffdbfcc2670	7c296d4bc010	7b399	3d1de	29133	0	7ffdbfcb5cf0	8	0	a51187d7339f4efb	5dad7da3807ee82c	7c296d895cd8	7c296d4bc010	7ffdbfcb5e38	29133
20.524762	26325b07ae12	1	7c296e21ac80	18	7c296e21ad10	7c296e21ad00	5b	28	7ffdbfcbd880	8	0	a421d0611f68c1a5	d7ac430bf68e3e15	ffffffffffffff88	30	3	8000000000000001
20.532383	9a498	55f71ae612c0	7ffdbfcb6198	16c1	20	55f71ae612e0	8	4	7ffdbfcb6110	0	55f71ae612c0	55f71ae629a0	7c296e21ace0	4	55f71ae612c0	55f71ae610e0	55f71ae61290
20.543920	9b041	2af	55f719be8500	55f71bbcada0	7ff	0	2	35ced	7ffdbfcbe240	2b0	fffffffffffff7f0	a5ff540f4a6b3141	e35e58e5ee637c8a	3c19a	0	1aa0	3
20.551433	958bc	a87a398517f5f6fc	38	55f71c182750	fff	54	1000000000000000	7ffdbfcc2670	7ffdbfcbddb0	8	0	99a84295ff81e3e3	685ebdb9f2212df	8000000000000001	dd12	2c8fe	7ffdbfcbe490
20.560666	926f9	9ff28d9e06335977	7ffdbfcc2670	55f71cdccbd0	7ff	4f	1000000000000000	0	7ffdbfcbc4d0	8	0	a403d05e22d8bae2	630f1b2bf93484f8	36713	1	55f719be8bf0	0
20.570071	9a4ea	55f719bd0c90	7c296da03990	a8f30	8000000000000002	3d1de	7c296da03990	55f71b0bd210	7ffdbfcbb520	0	55f71b0bd240	55f71b0c2720	7c296e21ace0	7c296da03990	38510	7ffdbfcbb668	8000000000000001
20.582689	9a4ea	55f71a24c390	7c296d85af08	73ddf	80	3d1de	7c296d85af08	269f5	7ffdbfcbe230	10	55f71ce3b740	a578110b16c594a3	e1babda618886909	7c296d85af08	55f719bd0c90	1601	2
20.588261	26325b0788a8	55f71b30b3c0	55f71b30b730	31	30	55f71b30b3c0	55f71b30b4f0	30	7ffdbfcbe300	55f24441046b	55f71b30b760	30	19ec46639276e4a3	7c296e21ac98	7c296e21ac80	55f71b30b760	55f71b30b
20.601862	92b80	7c296c0fb010	7ffdbfcc2670	b2b500	8000000000000002	3d1de	7ffdbfcbc2d0	55f719c13a90	7ffdbfcbc290	0	55f719c13ac0	55f719c147c0	7c296e21ace0	7c296cc26510	2cad4	7ffdbfcbc3c8	8000000000000001
20.614401	92739	778	7ffdbfcc2670	55f71ce0ebf0	7ff	0	1	0	7ffdbfcbc650	ffffffffffffe998	0	a430d035a5b47949	758ccbd2dcdfc649	a9cc	1	55f719be8b90	0
20.627786	9b041	496	55f719be8500	55f71c003cd0	7ff	0	1	301e0	7ffdbfcbe240	496	fffffffffffff23e	a302cc2c3325abff	54123d723f17f818	0	3cfa5	840	1
20.637642	94455	0	398b5	1	0	7ffdbfcbd360	7ffdbfcbd368	1e0b	7ffdbfcbd350	8	0	9ba8f2f66b992757	10f8a46eafa1cf65	0	1	7ffdbfcbd450	7ffdbfcbd360
20.651545	95cd0	d2df2f79917de804	7ffdbfcba6e8	b4e35098488cbc3f	4935182604d31fe6	547e3b3d37aa0021	1000000000000000	81	7ffdbfcba6e0	8	0	a3c755cb50478e5a	ddb1df1fea5b175f	26393	7ffdbfcbe020	26393	7ffdbfcba6e0
20.661227	9b2cd	2fb	55f719be8500	55f71df65090	80	2eb	7ffdbfcc2670	2615	7ffdbfcbe240	10	55f71df60908	a4045569e1b1b480	c0af7f06b6564be7	1d751	55f719bd0c90	2301	4
20.674926	959ac	0	46	55f71b5e8060	0	0	1	7ffdbfcc2670	7ffdbfcbcdb0	55f71b5bd080	2afe0	983ca2200b51918f	f25df2525176786	0	0	19cee	7ffdbfcbe490
20.680287	92b80	7c296c0fb010	7ffdbfcc2670	38ce40	8000000000000002	3d1de	7ffdbfcb3f70	55f719cb4f40	7ffdbfcb3f30	0	55f719cb4f70	55f719cb51c0	7c296e21ace0	7c296c487e50	e339	7ffdbfcb4078	8000000000000001
20.694738	9389e	8000000000000002	7ffdbfcc2670	81	f472c0	3d1de	7c296c0fb010	8000000000000001	7ffdbfcb6930	7ffdbfcbe080	44	7ffdbfcbdf70	3a3e954a8e9a34ce	81	7ffdbfcbe080	3d1cb	44
20.700858	9b041	6d6	55f719be8500	55f71bf33110	7ff	0	1	3b851	7ffdbfcbe240	6d6	ffffffffffffeb7e	a435d01325fcec43	6ed031f36b87ea87	bec2	0	630	3
20.713622	9b041	2ca	55f719be8500	55f71beafe00	7ff	0	1	8c6c	7ffdbfcbe240	2ca	fffffffffffff7a2	abd1d218a91910cd	a7f64548a1c58943	2fcbc	0	2bb0	1
20.727456	9389e	8000000000000002	7ffdbfcc2670	81	53be00	3d1de	7c296c0fb010	8000000000000001	7ffdbfcb78f0	7ffdbfcbe080	3b	7ffdbfcbdf70	29482e1b14a94e2e	81	7ffdbfcbe080	14ef8	3b
20.742665	96ef9	55f71a6e70a0	2fe71	40	7ff	212	80	55f71c226cb0	7ffdbfcb9140	0	0	a56445d78db0fb5b	2af7c69e71a651c0	55f719be95b0	452	0	e603
20.753440	9b041	34b	55f719be8500	55f71cdc03b0	7ff	0	1	1a8d1	7ffdbfcbe240	34b	fffffffffffff61f	a4ee46a9873cf28f	8c5a35a803b4ce7e	0	2c948	180	0
20.763322	26325b07c413	0	ffffffffffffff50	55f2446fda66	55f71b1e6b80	55f719b63010	7	0	7ffdbfcbe210	55f71b1e6b60	55f71ce80b98	a5985673cac5471e	19ec46639276e4a3	7c296d9d7548	55f719bd0c90	1501	1
20.771340	943e6	5c3c178eabc5eb84	320a7	1c09a18b6c184363	8	7ffdbfcbd570	7ffdbfcbd578	55f71b5e92b0	7ffdbfcbd560	0	0	9ba8f2f66a38afeb	4cd3be40ffb4bf02	bd7	125c	4c	7ffdbfcbd570
20.782969	26325b07c0a1	40	ffffffffffffff88	0	55f719b63010	8	38	38	7ffdbfcbcd70	0	55f71a1726e0	55f71a174030	7c296e21ace0	2	7c296d4bc010	55f71a172670	55f71a1726e0
20.788637	26325b07c210	0	ffffffffffffff88	0	55f719b63010	3d1de	28	28	7ffdbfcbcfa0	8	0	a41492c150e9e9d7	1b91551d2d0c383e	1	7c296d4bc010	55f71a484760	8000000000000001
20.798632	9af5f	7c296c5a2c90	55f71a122fd0	4a7c80	8000000000000002	8000000000000001	8000000000000001	129f2	7ffdbfcbe240	55f719bd5260	55f71c313440	a4143c43eafaf1dd	19ec46639276e4a3	3d1de	0	7ffdbfcc2670	3
20.809411	95cbc	6a027607e2b8b599	7ffdbfcbe1d8	d99c96b2e1c6801b	81db1722ffce800e	a134a6ace8fd1a5f	1000000000000000	d16c	7ffdbfcbe1d0	8	0	a406d072a30044b9	5a37693c61423249	9574	0	9574	7ffdbfcbe1d0
20.816976	9389e	8000000000000002	50	55f71b5e8060	e5bd00	3d1de	7c296c0fb010	7ffdbfcc2670	7ffdbfcbdc80	8	0	97c7cd90d892bcc7	6e6e07d89aaf6756	8000000000000001	301ec	396f4	7ffdbfcbe490
20.823123	926be	31	7ffdbfcc2670	8000000000000001	0	7ffdbfcbb3f8	7ffdbfcc2670	d7cb	7ffdbfcbb2b0	19	0	55f71b651da0	0	7ffdbfcc2670	7ffdbfcbe020	55f719be8e30	19
20.837129	9389e	8000000000000002	7ffdbfcc2670	3f	a5cd00	3d1de	7c296c0fb010	8000000000000001	7ffdbfcb6a10	7ffdbfcbe080	43	97a30cb4c64d5baa	bcd503a76907d02a	81	7ffdbfcbe080	29734	43
20.848901	9a4ea	55f71a3402f0	7c296d52bdc0	dfb6	37ff	3d1de	7c296d52bdc0	4a92	7ffdbfcbe230	2	55f71cdc5778	a403d05e22d96885	6364acb478784955	7c296d52bdc0	55f719bd0c90	601	1
20.858111	9b2cd	483	55f719be8500	55f71cd75660	abff	473	7ffdbfcc2670	3849b	7ffdbfcbe240	0	55f71cd6ea18	a40a292014615ad5	1fd1212c17e94df3	0	55f719bd0c90	2301	3
20.872924	9389e	8000000000000002	7ffdbfcc2670	81	af940	3d1de	7c296c0fb010	8000000000000001	7ffdbfcbb8d0	7ffdbfcbe080	15	9477782461e4356e	8bb3ead6fda73021	81	7ffdbfcbe080	2be5	15
20.882017	94404	326c9f51f61cd665	23	d660e53d16a604e8	8	7ffdbfcba080	7ffdbfcba088	81	7ffdbfcba070	8	0	9102d3c6cfd9364a	c69359a8e62557f1	7ffdbfcc2670	7ffdbfcbe020	7ffdbfcba180	7ffdbfcba080
20.895299	9a500	55f71a964d50	7c296d9e7c88	55f2437675ab	55f71c07b5d0	55f719b63010	7	37285	7ffdbfcbe230	55f71c07b570	55f71cee5d70	a46f76b85a3f9bbf	19ec46639276e4a3	7c296d9e7c88	55f719bd0c90	2601	4
20.905912	9af40	7c296c0fb010	55f71b1ed120	bcaf40	55f71a44bb00	8000000000000001	8000000000000001	2f2bd	7ffdbfcbe240	55f71a44baa0	55f71a6b3598	a5bd0938b9b2955f	19ec46639276e4a3	3d1de	0	7ffdbfcc2670	4
20.912860	9389e	8000000000000002	58	55f71a87e210	2c6880	3d1de	7c296c0fb010	7ffdbfcc2670	7ffdbfcbc4e0	8	0	910f4d01cc58f94b	dd321e5d81cb640b	8000000000000001	0	b1a2	7ffdbfcbe490
20.926502	92a5a	55f719e46ad0	7ffdbfcc2670	7c296d4bc010	997a1	3d1de	3328b	7ffdbfcc2670	7ffdbfcbbdd0	8	0	a3243886e9e31a13	dce339be517ff373	7c296d987d18	7c296d4bc010	7ffdbfcbbed8	55f719e46a60
20.940482	26325b07b190	40011	7c296e21ac80	7d	55f71b5a8050	55f71be34620	1	55f71d481400	7ffdbfcbe040	0	0	7c296e21b4a0	7c296e21ace0	ffffffffffffff88	30	55f719b63010	1
20.955458	9a4ea	55f71afa8580	7c296da185b8	ab8b5	80	3d1de	7c296da185b8	392e7	7ffdbfcbe230	10	55f71a20e380	a470566fdaa0ee20	ea4cdc2d839d8f56	7c296da185b8	55f719bd0c90	1	2
20.962220	93884	892	5c	55f71b5e8060	2acf1	3d1de	7c296c0fb010	7ffdbfcc2670	7ffdbfcbc2a8	0	11280	97e1eb5c88e95d8f	d5921ac10ad1392b	8000000000000001	0	2acf1	7ffdbfcbe490
20.969273	92711	74f	7ffdbfcc2670	55f71aab31e0	7ff	0	1000000000000000	81	7ffdbfcb2090	8	0	abfba8b1e5bb6453	3427e9d0ae74ff8a	0	7ffdbfcbe080	55f719beade0	1bbfc
20.983277	96f2a	55f71c2779e0	8573	76	7ff	639	0	55f719c79ef0	7ffdbfcba800	f930	0	a3c7d5c0173e7bef	ab61dc63dbcf7a48	55f719be9070	649	d836	0
20.988805	9a500	55f71af55340	7c296d943240	55f24584fa05	55f71af55550	55f719b63010	7	304c2	7ffdbfcbe230	55f71af554f0	55f71c027920	a33e0634bdcfd95f	19ec46639276e4a3	7c296d943240	55f719bd0c90	a01	3
20.998689	9b041	291	55f719be8500	55f71c039d50	7ff	0	1	1e3bb	7ffdbfcbe240	291	fffffffffffff84d	a47b56015a14d5df	e49df6b43865672f	c53c	0	120	1
21.007877	26325b078916	55f71b1d6640	55f71b20d630	31	7c296e21ace0	55f71b1d6640	55f71b20d740	140	7ffdbfcbe300	55f24451657d	55f71b20d770	30	19ec46639276e4a3	7c296e21aca0	7c296e21ac80	55f71b20d740	55f71b20d
21.013111	92739	8b	7ffdbfcc2670	55f71b121630	3ff	0	1	81	7ffdbfcb0110	fffffffffffffe5f	0	ab059c4a6ac066ab	e5016b326b886241	0	7ffdbfcbe080	55f719beb4a0	376b8
21.020967	92711	46b	7ffdbfcc2670	55f71bf756b0	7ff	0	1000000000000000	0	7ffdbfcbac10	8	0	a3db55915104d9af	fc534034fbd55a7c	3368c	1	55f719be9220	0
21.028219	26325b07ae91	19ec46639276e4a3	7c296e21ac80	18	55f71a1b9fe0	7c296e21ad00	0	28	7ffdbfcb13e0	0	0	abc00343f263137d	7c296e21ace0	ffffffffffffff88	30	55f719b63010	1
21.036316	9a3a2	2	7ffdbfcbcc90	55f71b1f88f0	0	3d1de	7ffdbfcbcc90	2880	7ffdbfcbcc10	8	0	a40e98f2cbddb3e5	cd064919ef410034	7c296d4f8c10	7c296d4bc010	7ffdbfcbcd88	8000000000000001
21.041890	95c1f	0	7ffdbfcbe1d8	1	0	7ffdbfcbe1d0	7ffdbfcbe1d8	1d5e0	7ffdbfcbe1d0	8	0	a37ae24762afed1f	f16f5a38c3a68f3c	0	2ce11	0	7ffdbfcbe1d0
21.057080	9af40	7c296c0fb010	55f71b06a2f0	ed89c0	55f71ab93ca0	8000000000000001	8000000000000001	3b627	7ffdbfcbe240	55f71ab93c40	55f71bba5440	a5e387afffbfd493	19ec46639276e4a3	3d1de	0	7ffdbfcc2670	3
21.064931	26325b07ad30	2	7c296e21ac80	20	55f719b63010	38	7c296e21ac90	38	7ffdbfcb06d0	0	55f71b00b2d0	55f71b00b920	7c296e21ace0	2	40	4	55f71b00b2d0
21.078338	ce7f6	4	55f719fdf590	4	1	3f	55f719fdf590	7ffdbfcc2670	7ffdbfcbbc40	0	55f719fdf5b0	55f719fdf970	7c296e21ace0	8000000000000000	7c296d6608f8	0	8000000000000000
21.093157	9a4ea	55f71a81bf10	7c296d5f8b10	27960	f1ff	3d1de	7c296d5f8b10	d320	7ffdbfcbe230	0	55f71cdbbe98	a4225064dfcbd738	cb9703811744efbe	7c296d5f8b10	55f719bd0c90	101	4
21.102617	9a4ea	55f71a382a70	7c296d758cb0	53994	f0ff	3d1de	7c296d758cb0	1bddc	7ffdbfcbe230	0	55f71c013638	a3c2d58c91cf0b1b	d049a04489f8cabc	7c296d758cb0	55f719bd0c90	b01	3
21.107882	9a4ea	55f719da6820	7c296d5cd550	222a8	80	3d1de	7c296d5cd550	b638	7ffdbfcbe230	10	55f71d774350	a5734386303670d3	f986951b075f4622	7c296d5cd550	55f719bd0c90	1701	1
21.119856	92b80	7c296c0fb010	7ffdbfcc2670	c23ec0	8000000000000002	3d1de	7ffdbfcbccb0	55f719f515c0	7ffdbfcbcc70	0	55f719f51780	55f719f52170	7c296e21ace0	7c296cd1eed0	308fb	7ffdbfcbcda8	8000000000000001
21.133777	96f49	55f71bfb1cc0	1ee76	fffffffffffff937	7ff	fffffffffffffdbd	233	55f71ab88cb0	7ffdbfcba800	dfb8	0	a550d5458643f6fd	bca49a4eaed378ba	55f719be9790	243	3d98	0
21.140872	9389e	8000000000000002	7ffdbfcc2670	81	c4d940	3d1de	7c296c0fb010	8000000000000001	7ffdbfcb0ab0	7ffdbfcbe020	7a	7ffdbfcbdf70	c57c2f13598f810	81	7ffdbfcbe020	31365	7a
21.147547	9a4ea	55f71b010e10	7c296da6d878	b630d	80	3d1de	7c296da6d878	3cbaf	7ffdbfcbe230	10	55f71a69c5a0	a59256fcc7e5462f	81659a754cc10908	7c296da6d878	55f719bd0c90	1301	3
21.156813	9b041	39e	55f719be8500	55f71a4985c0	7ff	0	1	7bf4	7ffdbfcbe240	39e	fffffffffffff526	a467bb64b5c75113	fe5660ff081f6b5b	0	973	390	5
21.164052	9af40	7c296c0fb010	55f71a58d330	4ede80	55f71a8ba5b0	8000000000000001	8000000000000001	13b7a	7ffdbfcbe240	55f71a8ba5f0	55f71b085fd0	a4441e635571ebe1	19ec46639276e4a3	3d1de	13b7a	7ffdbfcc2670	2
21.175230	926fe	bc3250cfdffe05b7	7ffdbfcc2670	55f71c07a510	7ff	5e	1000000000000000	81	7ffdbfcb3750	8	0	a4124e495bde92c3	7dbc16a3045e43e3	0	7ffdbfcbe080	55f719bea900	d56e
21.183303	930e1	28223	0	fffffffffffff607	7ff	fffffffffffffcad	8000000000000001	3cee5	7ffdbfcbb618	8000	0	fffffffffffffcad	44bfee52b83e9a6f	0	1	0	7ffdbfcc2670
21.188591	96f49	55f71c3364a0	399e8	fffffffffffffdb7	7ff	ffffffffffffff3d	b3	55f71b3506d0	7ffdbfcbd810	cb71	0	a45d43908c02e16f	777cbe5a5763abfc	55f719be8800	c3	0	b60c
21.201266	98637	fdd2	7ffdbfcbb850	55f71d249500	1	7ffdbfcbb948	7ffdbfcbb850	55f71a3ef4e0	7ffdbfcbb7b0	0	55f71a3ef510	55f71a3f3640	7c296e21ace0	1d9f6	55f71a3ef4e0	7ffdbfcbb948	7ffdbfcbb948
21.209032	26325b07968c	0	30	55f2447f37c8	31	55f71b0e86c0	7c296e21ac80	0	7ffdbfcbe1a0	55f71b0e8700	55f71cd18668	a48ed6de8a1ad1bf	19ec46639276e4a3	7c296d9c06e8	0	2801	2
21.222172	9ab44	0	55f719dcc240	55f246ad5f1c	55f719dcc2d0	55f719b63010	7	2bfd1	7ffdbfcbe220	55f719dcc270	55f71cd4a2c0	a4c6cc645b46460b	19ec46639276e4a3	7c296d8dbba8	55f719bd0c90	1f01	2
21.233728	93a19	1b55786f5d9a4e61	7ffdbfcb3538	e8b57442fdd6f11f	b4eab39ec8e23d44	2cc2ab215f9687e7	1100000000000001	7ffdbfcbdf70	7ffdbfcb3530	0	1	abb45fbce4b52174	9041416f1f7993b9	81	7ffdbfcbe080	7ffdbfcb35e0	7ffdbfcb3530
21.244691	92b80	7c296c0fb010	7ffdbfcc2670	ae7940	8000000000000002	3d1de	7ffdbfcb9bd0	55f71aac10b0	7ffdbfcb9b90	0	55f71aac1150	55f71aac16e0	7c296e21ace0	7c296cbe2950	2b9e5	7ffdbfcb9cc8	8000000000000001
21.254792	9a500	55f719bd2a30	7c296d608cf8	2999d	8000000000000002	3d1de	7c296d608cf8	55f719f39950	7ffdbfcbd7f0	0	55f719f39980	55f719f3a5a0	7c296e21ace0	7c296d608cf8	dddf	7ffdbfcbd908	8000000000000001
21.261673	92b80	7c296c0fb010	7ffdbfcc2670	a7f500	8000000000000002	3d1de	7ffdbfcbad10	55f71c30e7a0	7ffdbfcbacd0	0	55f71c30e7d0	55f71c311450	7c296e21ace0	7c296cb7a510	29fd4	7ffdbfcbae08	8000000000000001
21.273244	9b041	220	55f719be8500	55f71a9cdcf0	7ff	0	2	27613	7ffdbfcbe240	221	fffffffffffff99d	a41950725f0ad06e	a711944394326d28	2c297	0	960	1
21.278727	9a4ea	55f71a043010	7c296d625288	2d24f	80	3d1de	7c296d625288	f0c5	7ffdbfcbe230	10	55f71a61c140	a42ed06ead0bd84f	1db7deaf7509a0fa	7c296d625288	55f719bd0c90	401	1
21.285528	26325b0796ff	ffffffffffffff88	30	1	7	55f719b63010	7	55f71a3e3550	7ffdbfcbe190	55f71a3e3560	55f71d513480	a3d1081f6dba13d3	19ec46639276e4a3	7c296e21ac80	0	701	2
21.291948	9389e	8000000000000002	74	55f71b5e8060	e56cc0	3d1de	7c296c0fb010	7ffdbfcc2670	7ffdbfcbbbe0	8	0	a8bf8663c417ebaf	d3e7a1b3cdc29b5d	8000000000000001	300fe	395b3	7ffdbfcbe490
21.299997	9389e	8000000000000002	7ffdbfcc2670	3	1a7040	3d1de	7c296c0fb010	8000000000000001	7ffdbfcbba90	7ffdbfcbe020	14	a85549235410b887	25579b2050b1eae7	81	7ffdbfcbe020	69c1	14
21.308756	95c23	0	7ffdbfcba268	1	0	7ffdbfcba260	10	7ffdbfcc2670	7ffdbfcba260	8	0	a58ad6208bbaf444	75e70677d0a57469	33f11	0	33f11	7ffdbfcba260
21.323423	9b041	c7	55f719be8500	55f71b631580	7ff	0	1	2fe79	7ffdbfcbe240	c7	fffffffffffffdab	a4781fd8a6da720e	1901cb9b88d35e7a	1e3df	f34a	f0	3
21.332189	9af63	7c296c4b8f90	55f71aea4710	300000000	8000000000000002	8000000000000001	8000000000000001	ef7e	7ffdbfcbe240	55f71a6843d0	55f71c13ca38	a5d9545257286bc5	19ec46639276e4a3	3d1de	ef7e	7ffdbfcc2670	1
21.345084	9b016	79e	55f719be8500	55f71ad3a190	7ff	0	1000000000000000	bec7	7ffdbfcbe240	8	0	a41dd05f1fb8deb9	ad07a2b974dc3901	8c58	0	930	2
21.350274	9a4ea	55f719bd0c90	7c296d92ac40	8dd86	8000000000000002	3d1de	7c296d92ac40	55f719fabc30	7ffdbfcbb280	0	55f719fabc60	55f719fabe80	7c296e21ace0	7c296d92ac40	2f482	7ffdbfcbb398	8000000000000001
21.356241	26325b07ae71	7	7c296e21ac80	18	55f71a35cd50	7c296e21ad00	5b	28	7ffdbfcb92e0	0	0	a5605577c400a72c	7c296e21ace0	ffffffffffffff88	30	3	1
21.364127	92b80	7c296c0fb010	7ffdbfcc2670	99b900	8000000000000002	3d1de	7ffdbfcbb9d0	55f71a73c690	7ffdbfcbb990	0	55f71a73c6c0	55f71a73d970	7c296e21ace0	7c296ca96910	266e4	7ffdbfcbbac8	8000000000000001
21.376181	9389e	8000000000000002	7ffdbfcc2670	3	e9a240	3d1de	7c296c0fb010	8000000000000001	7ffdbfcb8fb0	7ffdbfcbe020	2d	7ffdbfcbdf70	590a6492f292a797	81	7ffdbfcbe020	3a689	2d
21.388350	9a4ea	55f71a5efdc0	7c296d66d318	36261	57ff	3d1de	7c296d66d318	120cb	7ffdbfcbe230	1	55f71bb2ee98	a41f37e50c624a3f	992c6cf594490c2c	7c296d66d318	55f719bd0c90	201	2
21.397031	9b016	609	55f719be8500	55f71cea4df0	7ff	0	1000000000000000	1f459	7ffdbfcbe240	8	0	a57dec6c00018ef5	6e1fe7365d47c744	0	73c0	1350	3
21.404735	9afaa	6c	55f71ce7ab90	2392cf63087bb285	7ffdbfcbe2a8	8000000000000001	8000000000000001	1a605	7ffdbfcbe240	55f71a253550	55f71ceba380	a5477528b2803b3f	19ec46639276e4a3	3d1de	0	7ffdbfcc2670	2
21.417975	943d4	b64410ae0dd3e387	3ab2b	6c1843631c0a0f0b	8	7ffdbfcb49f0	7ffdbfcb49f8	55f71b652980	7ffdbfcb49e0	0	0	87307bd858caae9e	a5f81266167f81e3	ffffff00	be0	55f71b63a080	7ffdbfcb49f0
21.430136	92b80	7c296c0fb010	7ffdbfcc2670	d4bc40	8000000000000002	3d1de	7ffdbfcb8e50	55f71a1b6420	7ffdbfcb8e10	0	55f71a1b64c0	55f71a1b8ac0	7c296e21ace0	7c296ce46c50	352f1	7ffdbfcb8f48	8000000000000001
21.438648	26325b07c067	3	7ffdbfcbb830	55f71a5af930	0	3d1de	28	7ffdbfcc2670	7ffdbfcbb788	8	0	a33c5549cb358955	394a65b7e9bbc924	8000000000000000	7c296d4bc010	55f71a5af930	8000000000000001
21.444569	9275c	6f0	7ffdbfcc2670	55f71acaa540	7ff	0	0	1a8b2	7ffdbfcbb830	8	0	a320fb8234ed33d3	f9bebf5df75c42ac	0	1	55f719be8ec0	1a8b2
21.454784	9b041	728	55f719be8500	55f71df3a810	7ff	0	2	b01f	7ffdbfcbe240	729	ffffffffffffea85	a5fc543dca3b075a	edaa0e771a8fce5b	353eb	0	1a40	3
21.467564	9a4ea	55f719ea3970	7c296da5e2c0	b4456	feff	3d1de	7c296da5e2c0	3c172	7ffdbfcbe230	0	55f71ad36908	a337a36d27d7f9d3	73054492aa47a2cf	7c296da5e2c0	55f719bd0c90	901	3
21.479845	95a8b	55f71b4cfdc0	82	18	3fff	8de02a3781d6cb73	0	23bb	7ffdbfcbd860	0	0	ab62fd4bb685c533	dbe610837ea4ae34	a48e	0	338c0	7ffdbfcbe490
21.485121	95ccc	808aaa294f029bb0	7ffdbfcbd188	36901d05658e2f11	15bd9b0660238f68	9167fcef72092eff	1000000000000000	55f71b4d1420	7ffdbfcbd180	8	0	ab7ebba9e495b74b	9e62cd25824b8cfb	2470	1664	82	7ffdbfcbd180
21.492630	992d1	0	0	8000000000000000	8000000000000001	29	7c296c0fb010	8000000000000001	7ffdbfcbc2c0	80	4	7ffdbfcbe360	8000000000000001	0	1	38446	7ffdbfcc2670
21.501955	94808	7c296cd47f50	7ffdbfcc2670	7ffdbfcbdf70	c4cf40	3d1de	7c296cd47f50	8000000000000001	7ffdbfcbb720	7ffdbfcbe080	16	abe6cac6d686c2e5	bf561d28b2682b35	81	7ffdbfcbe080	3133d	16
21.510604	9963f	5706466bef57cdc7	37831	e3920a294e037635	9d4b1ac0888bed70	7f64bbea56bbed68	1800000000000000	37831	7ffdbfcbd098	8	0	e00f83f4aeb52805	a0e9125db8d7d52b	0	1	7ffdbfcbd130	7ffdbfcbd040
21.518854	9a500	55f71a2b5730	7c296d657850	33708	f80	3d1de	7c296d657850	11258	7ffdbfcbe230	4	55f71a619b30	a42ed06ead0cf223	1dd29d4babe84a16	7c296d657850	55f719bd0c90	401	4
21.527835	9b041	6e4	55f719be8500	55f71d775070	7ff	0	1	1b34e	7ffdbfcbe240	6e4	ffffffffffffeb54	a59ed6521d9b6c95	ce36c3433d158fab	0	98e8	17d0	2
21.533746	9ae39	7c296dcfe010	7ffdbfcc2670	55f245c5ef5f	55f71ab47080	60b6	7	328eb	7ffdbfcbe380	55f719fdf000	55f71d765e78	a5766d9114382341	19ec46639276e4a3	9a7d0	73860	20000	55f71d5f8020
21.542540	9389e	8000000000000002	84	55f71b651da0	eafd80	3d1de	7c296c0fb010	7ffdbfcc2670	7ffdbfcbc960	8	0	aab16cb90d150d69	a15d33039e597c30	8000000000000001	0	3abf6	7ffdbfcbe490
21.555613	92b80	7c296c0fb010	7ffdbfcc2670	4e16c0	8000000000000002	3d1de	7ffdbfcba130	55f71b115c10	7ffdbfcba0f0	0	55f71b115d10	55f71b1178e0	7c296e21ace0	7c296c5dc6d0	1385b	7ffdbfcba228	8000000000000001
21.567460	995fd	513919f186083a4	7ffdbfcb8b68	cd8ba78a770cc071	6476d9530544eeca	9aaa29fde4085262	1800000000000000	348ab	7ffdbfcb8b60	8	0	139cf98d55872a8c	66c9e02e4b1b36bd	0	1	7ffdbfcb8c50	7ffdbfcb8b60
21.581302	9a4ea	55f71d5f3c20	7c296d8e7320	85662	c7ff	3d1de	7c296d8e7320	2c776	7ffdbfcbe230	0	55f71bf02d50	a3dcd5df97ed3514	a1839f4cdd73bce5	7c296d8e7320	55f719bd0c90	b01	4
21.596318	9a4f3	55f71b5970b0	7c296d556228	13443	dfff	3d1de	55f71b5970b0	66c1	7ffdbfcbe230	0	55f71a66cad0	a5be9fa4b6c850ef	8d5b52be7be5a79d	7c296d556228	55f719bd0c90	1201	2
21.609674	9a3a2	4	7ffdbfcbb3b0	55f71acee250	0	3d1de	7ffdbfcbb3b0	7ffdbfcc2670	7ffdbfcbb330	8	0	a3d9fa9cdb13f495	85ee674138d8f06a	7c296d508720	7c296d4bc010	7ffdbfcbb478	8000000000000001
21.624326	98f8c	7ffdbfcbe250	260a	7ffdbfcbe360	260a	0	7ffdbfcc2670	0	7ffdbfcbd700	1	0	7ffdbfcbe360	8000000000000001	0	1	0	7ffdbfcc2670
21.632099	92711	71f	7ffdbfcc2670	55f71d52b430	7ff	0	1000000000000000	2f957	7ffdbfcb5270	8	0	a5f5d4730d9ebcfe	5f64ee094532b672	2f61f	7ffdbfcbe020	55f719bea330	0
21.646051	26325b07c3c2	31	ffffffffffffff50	55f245c88442	55f71ab92fd0	55f71ab92f30	55f71ab92f40	16159	7ffdbfcbe200	55f71ab92f70	55f71ac0bbf8	a5a8f58d8bcc308d	19ec46639276e4a3	7c296d6ce068	55f719bd0c90	1501	1
21.660832	9b041	256	55f719be8500	55f71a6e70a0	7ff	0	1	33e26	7ffdbfcbe240	256	fffffffffffff8fe	a569d555066ec46a	c4dcb76da390ca2f	34f1b	0	10b0	5
21.667475	943ca	f7e4e1d7a39c513d	2f8ca	2c9bab68b783fbbe	8	7ffdbfcbe1d0	7ffdbfcbe1d8	2787a	7ffdbfcbe1c0	0	0	e9bbdac469a90248	4b9e4b6bb85b108c	2f8ca	0	2f8ca	7ffdbfcbe1d0
21.680007	9a4ee	55f719bd0c90	7c296d8dd588	842af	8000000000000002	3d1de	7c296d8dd588	55f71b5334d0	7ffdbfcb1fa0	0	55f71b5335d0	55f71b534350	7c296e21ace0	7c296d8dd588	2c0e5	7ffdbfcb20f8	8000000000000001
21.692873	990a5	7c296d4bc010	0	7c296d989440	3f00	3d1de	6a07	7ffdbfcbe201	7ffdbfcb8fc0	8	0	7ffdbfcbe360	8000000000000001	0	1	33382	7ffdbfcc2670
21.706233	9389e	8000000000000002	7ffdbfcc2670	81	bd00c0	3d1de	7c296c0fb010	8000000000000001	7ffdbfcb5eb0	7ffdbfcbe020	4a	7ffdbfcbdf70	e574200e370418e8	81	7ffdbfcbe020	2f403	4a
21.718451	9b2cd	610	55f719be8500	55f71c31d460	80	600	7ffdbfcc2670	84dc	7ffdbfcbe240	c	55f71c3142e0	a417020ae6e0c26b	c78cd4722d9b2ac9	0	55f719bd0c90	201	3
21.732879	9b2e1	7ffdbfcc2670	55f719bd2a30	55f71d707400	80	52	7ffdbfcc2670	540d	7ffdbfcbe240	10	55f71d706ad0	a4cf22262116675f	81a2d672f835b59a	0	55f719bd0c90	2001	2
21.743347	26325b078806	55f71b0de810	55f71d5d1b90	571	55f71b5ef600	55f71b0de810	55f71d5d1b90	2a0	7ffdbfcbe300	55f245a06e51	55f71ad1bb80	570	19ec46639276e4a3	7c296e21aca0	7c296e21ac80	55f71d5d1e30	55f71d5d1
21.757307	92711	3df	7ffdbfcc2670	55f71bf4fe50	7ff	0	1000000000000000	1e136	7ffdbfcba130	8	0	a3d3d5d610df2fdc	ce52259e82e5342d	10425	7ffdbfcbe020	55f719be91f0	0
21.763591	96f49	55f71d806cd0	27b81	fffffffffffff823	7ff	fffffffffffffd61	28f	55f71a1d99a0	7ffdbfcb8ae0	fe5f	0	a57955624c195625	7e06b8b9cedb9a6e	55f719be9a60	29f	39dde	0
21.774194	93952	5b	7ffdbfcb1b98	1	0	7ffdbfcb1b90	7ffdbfcb1b98	55f71c158330	7ffdbfcb1b90	8	0	9ba8f2f6486734bd	10c545c3fdc5ebb2	ffffc000	e0	55f71c156470	7ffdbfcb1b90
21.786059	99c60	4d9f8b6a657490	a09	1490	1490	67a9f1f5867195fa	1fff	55f71c182be0	7ffdbfcbbba0	8	0	50362e5b86449b84	b9b5a9410f03d7e1	ffffe8df	490	490	55f71b5e8060
21.798552	9b041	2d3	55f719be8500	55f71d7edc90	7ff	0	1	32c85	7ffdbfcbe240	2d3	fffffffffffff787	a55d750a7bf2a765	9966e1e77070adc8	0	13d28	1590	3
21.806441	26325b0796d2	ffffffffffffff88	30	1f	0	55f719b63010	7c296e21ac80	55f71b286150	7ffdbfcbe190	55f71b286190	55f71a69b898	a596fedb487e134f	19ec46639276e4a3	7c296e21ac80	0	1301	3
21.815600	26325b078878	55f71a54db40	55f71a54dc80	7c296e21ac98	31	55f71a54db40	55f71a54dbb0	90	7ffdbfcbe300	55f2452579cd	55f71a54dc80	40	19ec46639276e4a3	7c296e21ac98	7c296e21ac80	55f71a54dc40	55f71a54d
21.826607	9a3a2	2	7ffdbfcb90d0	55f71a683380	0	3d1de	7ffdbfcb90d0	81	7ffdbfcb9050	8	0	a590aa4c627eb4ab	b1857bc83ade9e7d	7c296d8a4678	7c296d4bc010	7ffdbfcb91d8	8000000000000001
21.837152	991fa	7c296d4bc010	29a67	918100760000d0	55f719c412b0	3d1de	7	7ffdbfcbe201	7ffdbfcbde80	94	4	7ffdbfcbe360	8000000000000001	0	1	d01a	7ffdbfcc2670
21.851816	95c77	c85aa183d1275bb3	7ffdbfcb8498	db397e23d11ff9fb	6401552c51dcc0c1	fa633137e71935b2	1000000000000000	55f71a919780	7ffdbfcb8490	8	0	a5ba5688d1f11bc5	4b592b0fb3dad4cf	55f719be9b80	78	15f9e	7ffdbfcb8490
21.861532	92739	428	7ffdbfcc2670	55f71c2e1da0	7ff	0	2	3938a	7ffdbfcbc950	fffffffffffff385	0	a480064a6a525a15	10179e369f12de67	0	1	55f719be8ad0	3938a
21.871073	9af40	7c296c0fb010	55f71c1ccca0	9e9480	55f71a9fbec0	8000000000000001	8000000000000001	27a52	7ffdbfcbe240	55f71a9fbea0	55f71b3b8060	a58ad6208bbbba83	19ec46639276e4a3	3d1de	27a52	7ffdbfcc2670	1
21.880276	9b016	52e	55f719be8500	55f71bf68e90	7ff	0	1000000000000000	333cc	7ffdbfcbe240	8	0	a3d6d5fa9280195a	f7224e174026d86b	b65b	0	d50	3
21.890138	9af40	7c296c0fb010	55f71b1ee3c0	6ff140	55f71aeff790	8000000000000001	8000000000000001	1bfc5	7ffdbfcbe240	55f71aeff730	55f71c065ba8	a50d8fe57ab5c6ff	19ec46639276e4a3	3d1de	0	7ffdbfcc2670	1
21.900668	943ca	f7e4e21d0d4cbd4f	0	2ccdeae701881af6	8	7ffdbfcbd280	7ffdbfcbd288	7ffdbfcc2670	7ffdbfcbd270	0	0	e9bbd93f3462ce3a	23d3956fd79310bf	0	0	0	7ffdbfcbd280
21.909135	9389e	8000000000000002	7ffdbfcc2670	81	1dabc0	3d1de	7c296c0fb010	8000000000000001	7ffdbfcbd070	7ffdbfcbe020	8	7ffdbfcbdf70	bc478c5ea7c3281	81	7ffdbfcbe020	76af	8
21.914518	98f5a	7ffdbfcbe250	0	7ffdbfcbe360	0	28339	7ffdbfcc2670	28339	7ffdbfcba318	1	0	7ffdbfcbe360	8000000000000001	0	1	0	7ffdbfcc2670
21.925775	9389e	8000000000000002	7ffdbfcc2670	81	757240	3d1de	7c296c0fb010	8000000000000001	7ffdbfcb4550	7ffdbfcbe080	58	a8a9e1321e8ec3bb	991633112b2d114f	81	7ffdbfcbe080	1d5c9	58
21.932902	940d3	55f71c158250	2e3	ffffff00	fffffffffffe6d00	c87	fff	55f71c1586e0	7ffdbfcb3e20	0	1	b699a212914cd779	94eefd8f602fb625	ffffff80	490	ffffffffffff6d00	55f71c182750
21.947612	9b041	4fe	55f719be8500	55f71d78bab0	7ff	0	1	5121	7ffdbfcbe240	4fe	fffffffffffff106	a5b9d68d116f67cb	5775b3716af668b1	333fa	0	16b0	1
21.954301	9b041	49a	55f719be8500	55f71a4ce640	7ff	0	1	38c5b	7ffdbfcbe240	49a	fffffffffffff232	a42550445ffd9d93	c3c0e9e8765e3dcb	38c58	0	1e0	2
21.964716	9af63	7c296c2e3550	55f719d3b260	5791cb6f72fb4aef	8000000000000002	8000000000000001	8000000000000001	7a15	7ffdbfcbe240	55f71a366f30	55f71b4f6668	ab33c58ec5b5cb53	19ec46639276e4a3	3d1de	0	7ffdbfcc2670	2
21.974968	9389e	8000000000000002	9c	55f71b5e8060	680840	3d1de	7c296c0fb010	7ffdbfcc2670	7ffdbfcbcf00	8	0	b6554f68a560e30b	36f6cf5677e11f73	8000000000000001	4524	1a021	7ffdbfcbe490
21.984708	92711	644	7ffdbfcc2670	55f71c1faab0	7ff	0	1000000000000000	0	7ffdbfcb5510	8	0	a5d9fd8e33c87add	e4234add5325a8e6	0	7ffdbfcbe020	55f719bea270	1742
21.994059	96f49	55f71d7fa4b0	b58	fffffffffffff4d8	7ff	fffffffffffffc48	3a8	55f71a385c10	7ffdbfcba210	8000	0	a57e556acc773e80	799d3a9108ab83f9	55f719be9a00	3b8	2b611	0
22.002915	994e6	1c4f8c6af3449eb3	7ffdbfcbcd68	f184571cc2ff7475	359866aed5289a7	95eb257dac9b1b18	6f20e10f8337fbc6	56ee	7ffdbfcbcd60	e18e411fd5ef7e6b	0	a40d5ab75e2af15f	1bdc1ae0fe45e259	0	1	7ffdbfcbce50	7ffdbfcbe0f0
22.016830	9a4ee	55f719c0af60	7c296d6533f8	32e7d	3fff	3d1de	7c296d6533f8	10f7f	7ffdbfcbe230	2	55f71ddc2bf8	a5add6b707c82a94	f6003afd60682479	7c296d6533f8	55f719bd0c90	1b01	4
22.024372	9af40	7c296c0fb010	55f71b25cf20	eecec0	55f71a90e1b0	8000000000000001	8000000000000001	3bb3b	7ffdbfcbe240	55f71a90e190	55f71deff3a0	a5e1d401134bf80a	19ec46639276e4a3	3d1de	3bb3b	7ffdbfcc2670	2
22.037982	9ab44	0	55f71c226590	55f24353a4a6	55f71c226680	55f719b63010	7	1a175	7ffdbfcbe220	55f71c2265c0	55f71ac59830	a31dcc962ea6c9cb	19ec46639276e4a3	7c296d72e308	55f719bd0c90	c01	1
22.049730	95ca7	ad7e1c1ebc241037	7ffdbfcbb3f8	145e0b31e2810ad5	40ab8eabedbe47d2	e6e467305cf03d12	1000000000000000	7ffdbfcc2670	7ffdbfcbb3f0	8	0	b730f4ae573678a1	e993c05554adf1d3	8000000000000001	554b	a2	7ffdbfcbb3f0
22.057010	92a5a	55f719bfba10	7ffdbfcc2670	7c296d4bc010	523b	3d1de	1b69	81	7ffdbfcb6a10	0	0	a5bdc58d4570f69f	1a0d5bc0a39407e2	7c296d4e51e8	7c296d4bc010	7ffdbfcb6b58	55f719bfbb50
22.070653	9a4c0	55f71c2c5170	7ffdbfcba558	421	20	55f71c2c5110	55f71c2c5170	4	7ffdbfcba4d0	0	55f71c2c5170	55f71c2c55b0	7c296e21ace0	4	55f71c2c5170	55f71c2c50e0	55f71c2c5140
22.076457	991e0	7c296d4bc010	0	55f71df0d260	8000000000000000	3d1de	6feeef0a2d88d7a4	7ffdbfcbe001	7ffdbfcbd2a0	a2	4	7ffdbfcbe200	8000000000000001	0	1	19f3	7ffdbfcc2670
22.081992	992fa	8d	46f4	a2	a2	3d1de	7c296c216d10	8000000000000001	7ffdbfcb7660	a2	4	7ffdbfcbe200	8000000000000001	0	1	0	7ffdbfcc2670
22.088421	26325b07ae71	7	7c296e21ac80	18	55f71aef1db0	7c296e21ad00	5b	28	7ffdbfcb95c0	0	0	a56ea82b1989b303	7c296e21ace0	ffffffffffffff88	30	3	1
22.098901	9a4ea	55f71c105450	7c296d59ab38	1bd65	80	3d1de	7c296d59ab38	9477	7ffdbfcbe230	10	55f71cdd3e58	a4c05cd8f18f92fb	264040d27d59c2bf	7c296d59ab38	55f719bd0c90	701	3
22.108889	9b041	42e	55f719be8500	55f71ac70d60	7ff	0	4	37a89	7ffdbfcbe240	430	fffffffffffff370	a31eb1024ff0aa05	acc56cb3221c27f7	0	37a88	c90	1
22.117524	26325b078713	55f71d539c80	55f71d539cf0	31	7c296e21ace0	55f71d539c80	55f71d539cf0	60	7ffdbfcbe2f0	55f242224869	55f71d539d50	30	19ec46639276e4a3	7c296e21ac98	7c296e21ac80	55f71d539d50	55f71d539
22.123242	92b80	7c296c0fb010	7ffdbfcc2670	bb3240	8000000000000002	3d1de	7ffdbfcbd7f0	55f71a32d4b0	7ffdbfcbd7b0	0	55f71a32d4e0	55f71a32dbe0	7c296e21ace0	7c296ccae250	2ecc9	7ffdbfcbd8b8	8000000000000001
22.137304	92711	77f	7ffdbfcc2670	55f71df536e0	7ff	10	0	29ffb	7ffdbfcb68b0	8	0	a53474f14a708633	6b9f39088f9cdf48	0	1	55f719bea2a0	29ffb
22.152403	9a4ea	55f719bd0c90	7c296d4f6360	746a	8000000000000002	3d1de	7c296d4f6360	55f71a3f7380	7ffdbfcbbd20	0	55f71a3f73b0	55f71a3fa840	7c296e21ace0	7c296d4f6360	26ce	7ffdbfcbbe78	8000000000000001
22.163697	92b80	7c296c0fb010	7ffdbfcc2670	5ccc40	8000000000000002	3d1de	7ffdbfcbda10	55f71b565980	7ffdbfcbd9d0	0	55f71b5659b0	55f71b568000	7c296e21ace0	7c296c6c7c50	17331	7ffdbfcbdb08	8000000000000001
22.175439	9a4ea	55f71c221f90	7c296da07f08	a97df	80ff	3d1de	7c296da07f08	387f5	7ffdbfcbe230	0	55f71bb46c48	a5565546c67d8db4	bbe4cf2e1b48510d	7c296da07f08	55f719bd0c90	1201	3
22.181332	9b391	1	55f71a45de00	55f71d249500	55f719ce7220	55f719b63010	7	7c296dcfe010	7ffdbfcbe240	55f719ce7200	55f71a6aeb88	a5745571c5268d7b	19ec46639276e4a3	3d1de	c62c	1	1
22.188019	9b041	3be	55f719be8500	55f71d5691d0	7ff	0	4	3bb01	7ffdbfcbe240	3c0	fffffffffffff4c0	a5045690837cb257	3f80db365e20fdde	0	2f56d	1c80	3
22.202705	958e0	10b5	aa	55f71b4cfdc0	3fff	0	1000000000000000	7ffdbfcc2670	7ffdbfcb9b10	8	0	ad433f79a9e710bb	f48b888bf2ac7c0b	0	2a575	0	7ffdbfcbe490
22.214506	92c1c	7c296dcfe010	7ffdbfcc2670	0	8000000000000002	3d1de	7c296d626560	55f719cad6f0	7ffdbfcb6f70	0	55f71b300ca0	55f71b3030a0	7c296e21ace0	f18e	f18e	7ffdbfcb70a8	8000000000000001
22.225094	92c1c	7c296dcfe010	7ffdbfcc2670	7ffd	8000000000000002	3d1de	7c296d8bab90	55f71a9b51a0	7ffdbfcbc370	0	55f71a9b51d0	55f71a9b5330	7c296e21ace0	2a9d0	2a9d0	7ffdbfcbc478	8000000000000001
22.235110	96f49	55f71bb58740	33795	fffffffffffffebc	7ff	ffffffffffffff94	5c	55f71b06a0e0	7ffdbfcba720	fb0c	0	a3c755cb5046cbc9	dd98a9263f4b4bce	55f719be90a0	6a	32822	0
22.249648	9439a	1c4f8c6af344683a	7ffdbfcbe1d8	f184571cc2ff7475	8	7ffdbfcbe1d0	7ffdbfcbe1d8	34ff8	7ffdbfcbe1c0	0	0	a4cf53669928491b	19ec46639276e4a3	0	2ce86	0	7ffdbfcbe1d0
22.258574	9b391	1	55f71b20d920	55f71d249500	55f71a916470	55f719b63010	7	7c296dcfe010	7ffdbfcbe240	55f71a916450	55f71a48c890	a468d639a35e9add	19ec46639276e4a3	3d1de	2c8b8	1	3
22.273445	9a4ea	55f71a55b730	7c296d762238	54c45	80	3d1de	7c296d762238	1c417	7ffdbfcbe230	10	55f71b3e3330	a56b552944b5e803	809361af38582f14	7c296d762238	55f719bd0c90	1301	3
22.279780	9389e	8000000000000002	ac	55f71b651da0	e8ac80	3d1de	7c296c0fb010	7ffdbfcc2670	7ffdbfcbb1c0	8	0	aed9c5288f529f61	e309c36dae5c30c2	8000000000000001	15fd0	3a2b2	7ffdbfcbe490
22.292584	92b80	7c296c0fb010	7ffdbfcc2670	a02e00	8000000000000002	3d1de	7ffdbfcba950	55f71acebab0	7ffdbfcba910	0	55f71acebae0	55f71acec050	7c296e21ace0	7c296cafde10	280b8	7ffdbfcbaa58	8000000000000001
22.305621	26325b177880	55f71a8488c0	7ffdbfcbbbd8	3a51	20	55f71a848860	55f71a8488c0	4	7ffdbfcbbb48	0	55f71a8488c0	55f71a84c330	7c296e21ace0	4	55f71a8488c0	55f71a848830	55f71a848890
22.319087	942a9	0	7ffdbfcb5ba8	1	8	7ffdbfcb5ba0	7ffdbfcb5ba8	81	7ffdbfcb5b90	8	0	9ba8f2f9da126f36	108c4ae0322abc4f	345af	7ffdbfcbe080	345af	7ffdbfcb5ba0
22.326307	92b80	7c296c0fb010	7ffdbfcc2670	449a40	8000000000000002	3d1de	7ffdbfcbbfd0	55f71af7a550	7ffdbfcbbf90	0	55f71af7a580	55f71af7c740	7c296e21ace0	7c296c544a50	11269	7ffdbfcbc0c8	8000000000000001
22.331978	9af40	7c296c0fb010	55f71cd81cb0	c00e80	55f719bdf8d0	8000000000000001	8000000000000001	3003a	7ffdbfcbe240	55f719bdf870	55f71a626860	a4caef1e79df11dd	19ec46639276e4a3	3d1de	0	7ffdbfcc2670	1
22.338494	9b391	1	55f719c75c30	55f71d249500	55f719f4bd80	55f719b63010	7	7c296dcfe010	7ffdbfcbe240	55f719f4bd60	55f71ce2c048	a5a8d699877f97b0	19ec46639276e4a3	3d1de	1d55	1	4
22.352357	9af40	7c296c0fb010	55f71a3c8fb0	36b680	55f71c2af8c0	8000000000000001	8000000000000001	dada	7ffdbfcbe240	55f71c2af8a0	55f71a5c0de0	a5ccd4778dcdd82b	19ec46639276e4a3	3d1de	dada	7ffdbfcc2670	3
22.364457	92a5a	55f719d1c710	7ffdbfcc2670	7c296d4bc010	0	3d1de	0	7ffdbfcc2670	7ffdbfcbce20	8	0	a431503e65154d54	79733b19a4568a72	7c296d4bc010	7c296d548ae8	7ffdbfcbcf28	55f719d1c770
22.374059	92711	52c	7ffdbfcc2670	55f71a7f5a00	7ff	0	1000000000000000	7ffdbfcc2670	7ffdbfcbb490	8	0	a3e09e5817e071eb	f7cd11c4943b5857	0	0	55f719be9370	b57d
22.388948	95c92	1d586c5212873d97	7ffdbfcb9818	53fe49510af792f8	4e60bdef6ce7bc6e	a489eef642429ebc	1000000000000000	7ffdbfcc2670	7ffdbfcb9810	8	0	ac16ac84a9b4d12f	c4d91195dc6d605d	8000000000000001	ca3f	b0	7ffdbfcb9810
22.394690	9a3a2	2	7ffdbfcbc178	55f719d452b0	0	3d1de	7ffdbfcbc178	0	7ffdbfcbc0f0	8	0	a3f255ece3f50b21	9eac0fc87add0e05	7c296d4bc010	7c296d89e0c0	7ffdbfcbc268	8000000000000001
22.409448	990bb	7c296d4bc010	37766	7c296d4bc010	3f01	3d1de	a6632	7ffdbfcbe201	7ffdbfcb9680	8	0	7ffdbfcbe360	8000000000000001	0	1	0	7ffdbfcc2670
22.415830	9af40	7c296c0fb010	55f71a886f60	2edc40	55f71a8139d0	8000000000000001	8000000000000001	bb71	7ffdbfcbe240	55f71a8139b0	55f71c21fd58	a5c6d4528ee078a4	19ec46639276e4a3	3d1de	bb71	7ffdbfcc2670	3
22.426290	9af40	7c296c0fb010	55f71c23cfc0	b9ac00	55f71a8eac90	8000000000000001	8000000000000001	2e6b0	7ffdbfcbe240	55f71a8eac30	55f71a608cf8	a4c2e85aee4302e1	19ec46639276e4a3	3d1de	0	7ffdbfcc2670	3
22.441144	9af40	7c296c0fb010	55f719ca5a90	d1ca80	55f71cd89270	8000000000000001	8000000000000001	3472a	7ffdbfcbe240	55f71cd89250	55f71bb9cfa0	a577d50807cecc4b	19ec46639276e4a3	3d1de	3472a	7ffdbfcc2670	4
22.453087	92739	347	7ffdbfcc2670	55f71bbcada0	7ff	20	4	7ffdbfcc2670	7ffdbfcb9000	fffffffffffff625	0	a5ff540f4a6bb4a8	e3518f155fb6f041	3bf25	0	55f719be9fa0	0
22.463436	92a5a	55f719cfaab0	7ffdbfcc2670	7c296d4bc010	25884	3d1de	c82c	0	7ffdbfcb94f0	8	0	a3fe5c2cf2a633e5	96488631cc5a62fb	7c296d5e8430	7c296d4bc010	7ffdbfcb9638	55f719cfab80
22.470698	92711	110	7ffdbfcc2670	55f71df09570	7ff	0	1000000000000000	0	7ffdbfcb79d0	8	0	a5e1d401134b0684	66221959ab30e38	30d45	1	55f719be9eb0	0
22.476135	95c99	30803e5354276fdb	7ffdbfcb96f8	dea630835db3a1bc	fb21caa7b77add3	956ee6465c741727	1000000000000000	7ffdbfcc2670	7ffdbfcb96f0	8	0	adff7a1d9d27d39f	9bec960f4e2771a0	332d3	0	b4	7ffdbfcb96f0
22.487141	9a4ea	55f719bd0c90	7c296d88bda8	79fb3	8000000000000002	3d1de	7c296d88bda8	55f71a1a3a10	7ffdbfcb4460	0	55f71a1a3ab0	55f71a1a90a0	7c296e21ace0	7c296d88bda8	28a91	7ffdbfcb45b8	8000000000000001
22.492581	995ab	c6eee76221572dae	7ffdbfcb7ff8	419c4c158a3640f	ed24bece53d317b	f3e39f7594b5d646	1800000000000000	55f71a87a9c0	7ffdbfcb7ff0	8	0	9f29f9eae767905a	17c99fe387519c24	ffff10fe	10	55f71a87a770	7ffdbfcb7ff0
22.498496	95c58	6336902937451c7c	7ffdbfcbe1d8	419d1d5ff7064579	76d8d9fd2318e4ae	1dbf937cddb6bf03	1000000000000000	19dc	7ffdbfcbe1d0	8	0	a43a0cee2c0a0173	8f2ce77ba4204d9b	0	1f805	0	7ffdbfcbe1d0
22.513534	9b016	158	55f719be8500	55f71c1126e0	7ff	0	1000000000000000	36467	7ffdbfcbe240	8	0	ab361b9c05c743f5	fe5a144c8c000aa9	0	36466	2cd0	0
22.521486	9b391	0	55f719e1b3c0	55f71d249500	55f71cd440d0	55f719b63010	7	7c296dcfe010	7ffdbfcbe240	55f71cd44070	55f71b591680	ab0817c74e8c6c83	19ec46639276e4a3	3d1de	63b7	0	3
22.534835	26325b0786ee	90	55f71ce0f400	91	0	55f71a1029c0	55f71ce12560	31f0	7ffdbfcbe2f0	55f24390ebe2	55f71ce125f0	90	19ec46639276e4a3	7c296e21aca0	7c296e21ac80	55f71ce125f0	55f71ce12
22.543971	9389e	8000000000000002	7ffdbfcc2670	4	cd6cc0	3d1de	7c296c0fb010	8000000000000001	7ffdbfcbda10	7ffdbfcbe020	2	55f71c182750	0	81	7ffdbfcbe020	335b3	2
22.553942	9289f	1	7ffdbfcc2670	7c296d4bc010	ad3bb	3d1de	39be9	39be9	7ffdbfcbb0b0	8	0	a348b50ea849799b	bad9af0f8dd461aa	7c296da25de8	7c296d4bc010	7ffdbfcbb1e8	39be9
22.566984	9439e	1c4f8c6af34498a9	7ffdbfcbcbe8	f184571cc2ff7475	8	7ffdbfcbcbe0	7ffdbfcbcbe8	55f71b4d3350	7ffdbfcbcbd0	0	0	ace13868ad3ac17b	6be4154f17f80c99	92d	359d	b8	7ffdbfcbcbe0
22.578586	95d0f	efc125114ba0c5a9	7ffdbfcc2670	298918f24cccc1ba	aef3a9bcbcb036b	1b3edf18d799d860	1000000000000000	13d55	7ffdbfcb8be8	8	0	a5af791ebfdfc757	f665c99075fb5679	0	1	55f719be99d0	13d55
22.592703	9af40	7c296c0fb010	55f71c116810	13be40	55f719dc1490	8000000000000001	8000000000000001	4ef9	7ffdbfcbe240	55f719dc1430	55f71cdf9b68	a410b21e1cd4a95b	19ec46639276e4a3	3d1de	0	7ffdbfcc2670	3
22.603211	9a4ee	55f71b0f6db0	7c296d90ac78	89d8d	cfff	3d1de	7c296d90ac78	2df2f	7ffdbfcbe230	0	55f71ceaebe0	a591d6f9047bb34a	9d550f047f659d2f	7c296d90ac78	55f719bd0c90	1301	2
22.610497	9af63	7c296c5c9190	55f71a3a44d0	95eb257dac9b1b18	8000000000000002	8000000000000001	8000000000000001	13386	7ffdbfcbe240	55f71ab45bf0	55f71bfaaa78	a550d5458642e00f	19ec46639276e4a3	3d1de	13386	7ffdbfcc2670	2
22.621110	9389e	8000000000000002	bc	55f719f6df90	b1dac0	3d1de	7c296c0fb010	7ffdbfcc2670	7ffdbfcbd800	8	0	ac454e4b31dfba7f	617e9fc7d6f90d03	8000000000000001	38b6a	2c76b	7ffdbfcbe490
22.630586	92c1c	7c296dcfe010	7ffdbfcc2670	0	8000000000000002	3d1de	7c296d5398a8	55f71aed2920	7ffdbfcb1450	0	55f71aed2950	55f71aed3e00	7c296e21ace0	53b1	53b1	7ffdbfcb1598	8000000000000001
22.643019	ce879	55f71d53aaf0	55f71d53aad0	7	1	7	55f71d53aad0	692b	7ffdbfcb7228	0	55f71d53aaf0	55f71d53d180	7c296e21ace0	80000	7c296d4bc010	2	8000000000000000
22.649405	96f49	55f71a7f5a00	3374e	fffffffffffffd84	7ff	ffffffffffffff2c	c4	55f71aa340a0	7ffdbfcbb5c0	fd3d	0	a3dfd54c684b61c2	f808f0ad5ce123cb	55f719be9370	d4	31293	0
22.658686	92705	90a32bc48cf74206	7ffdbfcc2670	55f71bf8e6f0	7ff	0	1000000000000000	36f75	7ffdbfcba930	8	0	a33bb61bb4e9e1e7	eb8e13781848df28	0	1	55f719be9280	36f75
22.669577	92b80	7c296c0fb010	7ffdbfcc2670	3285c0	8000000000000002	3d1de	7ffdbfcb9990	55f71b438bc0	7ffdbfcb9950	0	55f71b438ea0	55f71b4390e0	7c296e21ace0	7c296c4235d0	ca17	7ffdbfcb9a88	8000000000000001
22.676165	9b391	1	55f71c166690	55f71d249500	55f71b1d1620	55f719b63010	7	7c296dcfe010	7ffdbfcbe240	55f71b1d1600	55f71c2e6568	a417d0581dbe81dd	19ec46639276e4a3	3d1de	35004	1	1
22.689555	9ab24	fffffffffffffffc	55f71c0db780	e640	f1ff	3d1de	4	4cc0	7ffdbfcbe230	0	55f71bb5efe0	a3b3559d5d0bd1ec	3aec8a2abee351da	7c296d52f210	55f719bd0c90	1001	1
22.695144	9439e	0	7ffdbfcbe1d8	1	8	7ffdbfcbe1d0	7ffdbfcbe1d8	39152	7ffdbfcbe1c0	0	0	9ba8f2f9da1a6f26	108c4adc3caabc3b	6269	0	6269	7ffdbfcbe1d0
22.709907	26325b078806	55f71bf955e0	55f71d7bca60	31	55f71ab73f80	55f71bf955e0	55f71d7bca60	300	7ffdbfcbe300	55f2420a1a2c	55f71d7bcd90	30	19ec46639276e4a3	7c296e21aca0	7c296e21ac80	55f71d7bcd60	55f71d7bc
22.718598	92711	32	7ffdbfcc2670	55f71a3134e0	7ff	0	1000000000000000	81	7ffdbfcb1d10	8	0	ab3753a36bd7e7a5	7c6d06bbf434741f	1af76	7ffdbfcbe020	55f719beaea0	0
22.730966	99265	9d90f0f991643328	2b329	55f71a2f7a40	7	3d1de	626f0f066e9bccd2	7ffdbfcbe001	7ffdbfcbcee0	c2	4	7ffdbfcbe200	8000000000000001	0	1	0	7ffdbfcc2670
22.741406	95d0b	27a1ca087c714c21	6f93	6b8eafb0b98cfc53	bf1e885e36cc5d94	e0a116f3d14cf0	1000000000000000	55f71d5d3270	7ffdbfcbc7a8	8	0	a37c2577d7c6490b	ec581ff5765bada8	55f719be8d70	2d	0	7ffdbfcbc750
22.754184	942a8	1c4f8c6af34468b3	7ffdbfcb52b8	f184571cc2ff7475	8	7ffdbfcb52b0	7ffdbfcb52b8	55f71a254ac0	7ffdbfcb52a8	359866aed527fa7	e18e411fd5ef7e6b	55f71a254c70	7c296e21ace0	55f719bea2a0	9e	0	7ffdbfcb52b0
22.764077	92b80	7c296c0fb010	7ffdbfcc2670	e80b80	8000000000000002	3d1de	7ffdbfcbd4d0	55f71b4db5d0	7ffdbfcbd490	0	55f71b4db790	55f71b4e57e0	7c296e21ace0	7c296cf7bb90	3a02e	7ffdbfcbd5c8	8000000000000001
22.776659	9b016	385	55f719be8500	55f71aaa32b0	3ff	0	1000000000000000	3a634	7ffdbfcbe240	8	0	abee54f314759e2b	9f4f5ac6273bde92	0	c7e6	2dc0	1
22.782991	9af40	7c296c0fb010	55f71b1e1230	783780	55f71a456bf0	8000000000000001	8000000000000001	1e0de	7ffdbfcbe240	55f71a456bd0	55f71bfc5628	a3c8550b9b8ab69d	19ec46639276e4a3	3d1de	1e0de	7ffdbfcc2670	2
22.792604	9a4ee	55f71b2d25e0	7c296d634360	2f06a	ffff	3d1de	7c296d634360	face	7ffdbfcbe230	0	55f71d79d440	a57dd56f0bcae572	65ff2e120066ebd7	7c296d634360	55f719bd0c90	1501	4
22.801090	9af40	7c296c0fb010	55f71c1b7180	d1cf00	55f71ac7f4a0	8000000000000001	8000000000000001	3473c	7ffdbfcbe240	55f71ac7f480	55f71c2353e8	a5c3d47e0cb8ccf5	19ec46639276e4a3	3d1de	3473c	7ffdbfcc2670	1
22.806383	26325b078862	55f71dda5dd0	55f719d14dd0	30	31	55f71dda5dd0	55f719cdab50	60	7ffdbfcbe300	55f246a0d10a	55f719d14dd0	30	19ec46639276e4a3	7c296e21ac98	7c296e21ac80	55f719cdabb0	55f719cda
22.815269	95b8b	64a1	c4	c4	3ac0f	95eb257dac9b1b18	6f20e10f8337fe8f	7ffdbfcc2670	7ffdbfcb8558	bff7	0	fffffffffffffcf5	8874a5af2d8068c0	64a1	0	3ac0f	7ffdbfcbe490
22.829916	947ff	7c296cc15b90	7ffdbfcc2670	7e	b1ab80	3d1de	7c296cc15b90	8000000000000001	7ffdbfcb09e0	7ffdbfcbe020	7a	adcc39bd85f8c969	cf991f2d7a40f7ec	81	7ffdbfcbe020	2c6ae	7a
22.842800	9389e	8000000000000002	c4	55f71b5e8060	9af0c0	3d1de	7c296c0fb010	7ffdbfcc2670	7ffdbfcb7c50	8	0	ada78024e47fe78f	55385f7a0a5576a6	8000000000000001	0	26bc3	7ffdbfcbe490
22.856908	92711	2eb	7ffdbfcc2670	55f71ce20dd0	7ff	10	0	81	7ffdbfcb7d50	8	0	a56215b92a748d3b	90b9dee574a5acc3	0	7ffdbfcbe080	55f719be99a0	2b889
22.870163	9b041	695	55f719be8500	55f71ac57d20	7ff	0	2	13931	7ffdbfcbe240	696	ffffffffffffec3e	a3e1cc13b7f211c3	5d577b403763ef80	0	2737	c30	3
22.879045	9b041	47b	55f719be8500	55f71bbb9310	7ff	0	1	3a444	7ffdbfcbe240	47b	fffffffffffff28f	a5cb54794ea5e7a3	7857642e2df82cb5	27388	0	1f20	1
22.885122	9b041	6e0	55f719be8500	55f71c1ea0b0	7ff	0	4	29382	7ffdbfcbe240	6e2	ffffffffffffeb5a	a425d5cb221d896d	cbec2410739ce52c	3a5ac	0	2430	1
22.893064	26325b079721	31	40	2	7	55f719b63010	7	55f71b155ad0	7ffdbfcbe180	55f71b155ae0	55f71cdb4d40	a4b5772f884fd2c7	19ec46639276e4a3	7c296e21ac80	0	55f71b155b10	1
22.901013	9b391	1	55f71a69fd70	55f71d249500	55f71a891fb0	55f719b63010	7	7c296dcfe010	7ffdbfcbe240	55f71a891f90	55f71ce435b8	a5bd56885006ed1f	19ec46639276e4a3	3d1de	365a4	1	4
22.914385	9439e	0	7ffdbfcbbc18	1	8	7ffdbfcbbc10	7ffdbfcbbc18	7ffdbfcc2670	7ffdbfcbbc00	0	0	9ba8f2f6405751c8	1080dd48eb668b7e	8000000000000001	10e9f	c8	7ffdbfcbbc10
22.927532	92b80	7c296c0fb010	7ffdbfcc2670	229d80	8000000000000002	3d1de	7ffdbfcb50f0	55f71a29ba50	7ffdbfcb50b0	0	55f71a29bbb0	55f71a29c850	7c296e21ace0	7c296c324d90	8a76	7ffdbfcb51f8	8000000000000001
22.941948	92711	4d3	7ffdbfcc2670	55f71b0aaab0	7ff	0	1000000000000000	0	7ffdbfcb5810	8	0	a42354b550a6714d	4698c81c9680b8f7	280ce	1	55f719bea720	0
22.949082	92c1c	7c296dcfe010	7ffdbfcc2670	7ffd	8000000000000002	3d1de	7c296d656518	55f71b0efca0	7ffdbfcba830	0	55f71b0efda0	55f71b0f3a60	7c296e21ace0	1118b	1118b	7ffdbfcba938	8000000000000001
22.963275	9389e	8000000000000002	7ffdbfcc2670	81	dea240	3d1de	7c296c0fb010	8000000000000001	7ffdbfcbcc10	7ffdbfcbe080	a	a18f39b235b462e9	c19b4afffc0756f6	81	7ffdbfcbe080	37a89	a
22.974132	95be7	1c4f8c6af34468a3	7ffdbfcb5da8	f184571cc2ff7475	884c	95eb257dac9b1b18	6f20e10f83370dd6	884c	7ffdbfcb5da0	359866aed527fb7	e18e411fd5ef7e6b	55f71b4cfdc0	0	0	1	0	884c
22.984785	9b016	40e	55f719be8500	55f71d73f8c0	7ff	0	1000000000000000	1cd4d	7ffdbfcbe240	8	0	a4fb05c5a537c7db	97acb3ef30c1ac4e	0	1cd4c	20a0	2
22.998718	9a500	55f71beb0d70	7c296d65b108	55f245d29083	55f71aa33ab0	55f719b63010	7	114b5	7ffdbfcbe230	55f71aa33a50	55f71c18f860	a43f6839b889e7df	19ec46639276e4a3	7c296d65b108	55f719bd0c90	2501	2
23.004753	9b041	301	55f719be8500	55f71bb7a020	7ff	0	1	3a157	7ffdbfcbe240	301	fffffffffffff6fd	abf88914aea4353b	a14b2649a054bf2b	0	2f715	2d60	0
23.015970	26325b078896	55f71a9a8eb0	55f71a9a9050	31	31	55f71a9a8eb0	55f71a9a8f20	30	7ffdbfcbe300	55f245eb3929	55f245eb3929	40	19ec46639276e4a3	7c296e21ac98	7c296e21ac80	55f71a9a9080	55f71a9a9
23.026923	92747	689	7ffdbfcc2670	55f71c2e1da0	7ff	30	20	7ffdbfcc2670	7ffdbfcbce70	ffffffffffffec56	0	a412d034a3cd4e20	655e9e2da0522aaa	39bfd	0	55f719be8ad0	0
23.033627	9389e	8000000000000002	ce	55f71bce5640	b4b000	3d1de	7c296c0fb010	7ffdbfcc2670	7ffdbfcbb9f0	8	0	a18a2c9ba5e05437	5672ace7290c7fa6	8000000000000001	e142	2d2c0	7ffdbfcbe490
23.045562	99c34	1b3c0	20c	ffffc000	55f71beb71d0	95eb257dac9b1b18	6f20e10f8337ff4f	55f71bed3340	7ffdbfcb5120	8	0	26d53d13cb31bab9	e9b0f922946c16f2	ffffc000	d90	d9e	55f71b5e8060
23.057079	92955	1	7ffdbfcc2670	7c296d4bc010	2a3db	3d1de	e149	7ffdbfcc2670	7ffdbfcb6d20	8	0	a4921a920b5d52f3	af866c44aa636f49	7c296d60dee8	7c296d4bc010	7ffdbfcb6e28	55f71b17f8e0
23.070929	942b1	1c4f8c6af3446801	7ffdbfcba5c8	f184571cc2ff7475	8	7ffdbfcba5c0	7ffdbfcba5c8	987a	7ffdbfcba5b0	359866aed527f15	0	55f71bed25b0	0	0	1	0	7ffdbfcba5c0
23.084072	9b016	441	55f719be8500	55f71c237c80	7ff	0	1000000000000000	2dd15	7ffdbfcbe240	8	0	a5c3d47e0cba4601	b2c7961653fb4ed7	2cd30	0	1ef0	4
23.098879	9b041	169	55f719be8500	55f71a669100	7ff	0	2	30bdc	7ffdbfcbe240	16a	fffffffffffffbc2	a563d54e06aef292	ba7164697e86f2a7	14223	0	12f0	3
23.113629	9b041	7ee	55f719be8500	55f71df19d90	7ff	0	2	2d074	7ffdbfcbe240	7ef	ffffffffffffe833	a5e25404d3eb4c52	1a0249d6a4d218e2	306a3	0	1980	3
23.122912	9389e	8000000000000002	d0	55f71b651da0	c1700	3d1de	7c296c0fb010	7ffdbfcc2670	7ffdbfcb7a10	8	0	aeb427785e8f5489	90e4484f0be65f36	8000000000000001	2b051	305c	7ffdbfcbe490
23.131944	99289	7c296ce376d0	0	7c296d4bc010	d3c6c0	3d1de	7c296ce376d0	7ffdbfcbe001	7ffdbfcbd8a0	d2	4	7ffdbfcbe200	8000000000000001	0	1	34f1b	7ffdbfcc2670
23.146509	92b80	7c296c0fb010	7ffdbfcc2670	575fc0	8000000000000002	3d1de	7ffdbfcbba90	55f71cde90e0	7ffdbfcbba50	0	55f71cde9110	55f71cde9ba0	7c296e21ace0	7c296c670fd0	15d7f	7ffdbfcbbb88	8000000000000001
23.154577	92bdb	55f719bd2a30	7ffdbfcc2670	a6173	8000000000000002	3d1de	7c296d9ecba8	55f71a71def0	7ffdbfcbaab0	0	55f71a71dff0	55f71a71f6b0	7c296e21ace0	7c296d9ecba8	375d1	7ffdbfcbabb8	8000000000000001
23.165682	9389e	8000000000000002	d2	55f71bce5640	d45fc0	3d1de	7c296c0fb010	7ffdbfcc2670	7ffdbfcb8120	8	0	a057073ab6ec1639	390181a777e76513	8000000000000001	1f167	3517f	7ffdbfcbe490
23.174426	9a4c0	55f71b54db20	7ffdbfcba7d0	5d11	38	55f71b54d990	55f71b54db20	7	7ffdbfcba750	0	55f71b54db20	55f71b553860	7c296e21ace0	7	55f71b54db20	55f71b54d960	55f71b54daf0
23.186380	9b041	4f9	55f719be8500	55f71a5c96f0	7ff	0	1	30b03	7ffdbfcbe240	4f9	fffffffffffff115	a52cbe3d8127f7e5	871f854f2c1c4c62	0	30b02	1d10	5
23.194007	26325b079675	41	ffffffffffffff50	8	41	55f71a8608e0	7c296e21ac80	0	7ffdbfcbe180	f	55f71c2f3da0	a42a5226bd43f9fb	19893c85429b4748	7c296d646ff0	0	401	1
23.202976	9a4ee	55f71a5ecbb0	7c296da3f540	b06a6	80	3d1de	7c296da3f540	3ace2	7ffdbfcbe230	10	55f71d58e450	a5c9d4650d7e8403	3ce395c0541f8399	7c296da3f540	55f719bd0c90	1c01	0
23.217569	26325b078896	55f719f36d70	55f719f36fe0	41	31	55f719f36d70	55f719f36ea0	30	7ffdbfcbe300	55f24682ef66	55f24682ef66	40	19ec46639276e4a3	7c296e21ac98	7c296e21ac80	55f719f37010	55f719f36
23.228311	95c4a	cd190e7323d917af	7ffdbfcb8c08	b688c43b9f3298eb	eac628001dc9a3ab	29c0e82db5d3e44a	1000000000000000	7ffdbfcc2670	7ffdbfcb8c00	8	0	a0213ef93399f085	a688c43b9f3298eb	2aab5	0	d6	7ffdbfcb8c00
23.242383	96e8f	55f71acb6d60	aea8	a	7ff	270	20	55f719fb1bc0	7ffdbfcbb5c0	1	0	a31f28b8d74a1393	7b8da41525f59593	55f719be8f50	29f	0	30193
23.249709	92add	7ffd	7ffdbfcc2670	55f71ab21d80	1	7	55f71ab21df0	7ffdbfcc2600	7ffdbfcb7d20	0	55f71ab21e10	55f71ab21ea0	7c296e21ace0	7c296d5d38e0	55f71ab21de0	7ffdbfcb7e28	8000000000000001
23.263577	92739	776	7ffdbfcc2670	55f71d7b65b0	7ff	0	1	3ae71	7ffdbfcb7c30	ffffffffffffe99e	0	a52580cdb9d7113f	d4bd32dd3b6885a3	0	1	55f719be9dc0	3ae71
23.272447	92711	23b	7ffdbfcc2670	55f71bba02d0	7ff	0	1000000000000000	0	7ffdbfcb9ad0	8	0	a577d50807cef870	d74628dfd1e2fe95	bb61	1	55f719be9670	0
23.286856	9af63	7c296c254fd0	55f71d4a4de0	95eb257dac9b1b18	8000000000000002	8000000000000001	8000000000000001	567f	7ffdbfcbe240	55f71ac33e30	55f71af414c8	a4365016e54dc4d6	19ec46639276e4a3	3d1de	567f	7ffdbfcc2670	2
23.301979	9a4ee	55f71d6f9820	7c296d76f6d8	566d9	5dff	3d1de	7c296d76f6d8	1ccf3	7ffdbfcbe230	1	55f71b3de170	a56b552944b7ee7d	80d2af31b0242e86	7c296d76f6d8	55f719bd0c90	1301	1
23.309968	9ab44	0	55f71a51c050	55f24520677c	55f71a51c260	55f719b63010	7	5374	7ffdbfcbe220	55f71a51c080	55f71ccc8350	a408aa4946dcd20b	19ec46639276e4a3	7c296d5392f0	55f719bd0c90	2301	1
23.324397	926be	d6	7ffdbfcc2670	8000000000000001	0	7ffdbfcb6888	7ffdbfcc2670	7ffdbfcc2670	7ffdbfcb6780	55f71b456020	79da0	5c3eee5492a7b401	740331dc2d2ec874	0	0	55f719bead20	7ffdbfcbe490
23.330264	9a4ee	55f719bd0c90	7c296d5a07d8	1c8f9	8000000000000002	3d1de	7c296d5a07d8	55f71a9e2230	7ffdbfcbace0	0	55f71a9e2260	55f71a9e2300	7c296e21ace0	7c296d5a07d8	9853	7ffdbfcbae28	8000000000000001
23.344970	9924f	55f71b3e9790	2880	55f71b3e97c0	3f01	3d1de	85883c1c82dd7a5d	7ffdbfcbe201	7ffdbfcb8c00	d8	4	7ffdbfcbe360	8000000000000001	0	1	0	7ffdbfcc2670
23.350291	92be5	55f71a538320	7ffdbfcc2670	87f1e	8000000000000002	3d1de	7c296d8fb900	55f71a5382b0	7ffdbfcb9c10	0	55f71a538350	55f71a538740	7c296e21ace0	7c296d8fb900	2d50a	7ffdbfcb9d18	8000000000000001
23.356162	92b80	7c296c0fb010	7ffdbfcc2670	bf9e40	8000000000000002	3d1de	7ffdbfcb8730	55f71b025960	7ffdbfcb86f0	0	55f71b025990	55f71b026b20	7c296e21ace0	7c296ccf4e50	2fe79	7ffdbfcb8838	8000000000000001
23.362594	92b80	7c296c0fb010	7ffdbfcc2670	3903c0	8000000000000002	3d1de	7ffdbfcbdc30	55f71aba0560	7ffdbfcbdbf0	0	55f71aba0590	55f71aba2bb0	7c296e21ace0	7c296c48b3d0	e40f	7ffdbfcbdcf8	8000000000000001
23.371577	943bc	dd3e387b64ad99a	0	359866aed5d7231	8	7ffdbfcb9e50	7ffdbfcb9e58	7ffdbfcbe250	7ffdbfcb9e40	0	0	f184571cc2ff7475	e18e411fd5ef7e6b	0	1	7ffdbfcb9ef0	7ffdbfcb9e50
23.377871	9b041	b3	55f719be8500	55f71c214900	7ff	0	1001	1b4a4	7ffdbfcbe240	b3	fffffffffffffde7	a5d2d4548c2fc802	54897f9b917047ce	2cad3	0	1dd0	2
23.385719	942ad	1c4f8c6af344688a	7ffdbfcbe1d8	f184571cc2ff7475	8	7ffdbfcbe1d0	7ffdbfcbe1d8	32e46	7ffdbfcbe1c0	359866aed527f9e	e18e411fd5ef7e6b	a4ea20a86f3332fb	19ec46639276e4a3	0	2bfbe	0	7ffdbfcbe1d0
23.396167	9a500	55f71a300bb0	7c296d53e2b8	10455	7fff	3d1de	7c296d53e2b8	56c7	7ffdbfcbe230	1	55f71a60ef80	a409d0451d1cfce4	c5a33ef5f98d8b6	7c296d53e2b8	55f719bd0c90	401	3
23.409115	9a4ea	55f71abeaf80	7c296d62ebe8	2e57b	80	3d1de	7c296d62ebe8	f729	7ffdbfcbe230	10	55f71a9d7e50	a5cd54704da96344	2983969a14f84b3c	7c296d62ebe8	55f719bd0c90	1c01	2
23.422988	92b80	7c296c0fb010	7ffdbfcc2670	42ac40	8000000000000002	3d1de	7ffdbfcb7190	55f719cb6f50	7ffdbfcb7150	0	55f719cb6f80	55f719cb7c90	7c296e21ace0	7c296c525c50	10ab1	7ffdbfcb7258	8000000000000001
23.434324	93ae9	1184a	8d40	66	1ff	1e01e787a1be05ee	0	0	7ffdbfcb1e90	6d	1	55f71a291200	0	d	7ffdbfcbe020	7ffdbfcb1f20	7ffdbfcbdf70
23.439918	26325b07ae7d	7	7c296e21ac80	18	55f71b2b9e80	7c296e21ad00	0	28	7ffdbfcb39a0	0	0	ab379d9c28d3d365	7c296e21ace0	ffffffffffffff88	30	55f719b63010	1
23.449650	92747	323	7ffdbfcc2670	55f71c2fc440	7ff	30	2000	7ffdbfcc2670	7ffdbfcbd2a0	fffffffffffff670	0	a4ebc574af4ea9eb	32f276c03e637540	0	0	55f719be89e0	3cf09
23.455963	958c0	df49ca96b13dc772	de	55f71bce5640	7fff	6f	1000000000000000	7ffdbfcc2670	7ffdbfcb6510	8	0	5fda38e52ba06a5b	f5ab4d88fad38472	0	0	8787	7ffdbfcbe490
23.464744	9389e	8000000000000002	de	55f71bce5640	ef22c0	3d1de	7c296c0fb010	7ffdbfcc2670	7ffdbfcb9e60	8	0	5f3a0163d6f87ddb	804729ba42907ced	8000000000000001	0	3bc8b	7ffdbfcbe490
23.478567	9289f	1800	7ffdbfcc2670	7c296d4bc010	c2e8	3d1de	40f8	40f8	7ffdbfcbdcd0	8	0	a46b8ffd30abd985	a74a0c38c49e8387	7c296d51d750	7c296d4c85b0	7ffdbfcbde08	40f8
23.488434	9b041	80	55f719be8500	55f71a6b91f0	7ff	0	1	11fc8	7ffdbfcbe240	80	fffffffffffffe80	a5b749c089a2c75f	cc0cc13cfefe18c7	0	25de1	1140	6
23.494187	9b016	6af	55f719be8500	55f71c2682e0	7ff	0	1000000000000000	39b1e	7ffdbfcbe240	8	0	a42d4fb6c7a7f9cf	d1e855a892e006a1	0	c319	210	1
23.499647	9af7b	7c296c3cddd0	55f71a82cae0	95eb257dac9b1b18	7ffdbfcbe2a8	8000000000000001	8000000000000001	b4b7	7ffdbfcbe240	55f71a1c4a70	55f71c001b88	a3df2d1e2fb773d3	19ec46639276e4a3	3d1de	0	7ffdbfcc2670	3
23.505704	9ae39	7c296dcfe010	7ffdbfcc2670	55f246b8e520	55f719c94050	7bfe	7	37efe	7ffdbfcbe380	55f71a5708b0	55f71c0d4b10	ab2cd3a72a5e56e8	19ec46639276e4a3	f6bc0	7b5c0	20000	55f71d5f8020
23.512202	9af40	7c296c0fb010	55f71b091480	f44d40	55f71b2b35e0	8000000000000001	8000000000000001	3d135	7ffdbfcbe240	55f71b2b35c0	55f71c21b078	a5c6d4528ee0c2f8	19ec46639276e4a3	3d1de	3d135	7ffdbfcc2670	1
23.522899	9a4ea	55f71afee130	7c296d668f08	359df	80	3d1de	7c296d668f08	11df5	7ffdbfcbe230	10	55f71d73c4b8	a406b022cbbaba13	af12171ca0b1befb	7c296d668f08	55f719bd0c90	2001	3
23.531093	96f49	55f71d4e2ae0	eca3	fffffffffffff51a	7ff	fffffffffffffc5e	392	55f71bf39400	7ffdbfcb9760	7dab	0	a580d60d9142cdc2	2f3d504617c95d8e	55f719be9d90	3a2	1c743	0
23.536351	92b80	7c296c0fb010	7ffdbfcc2670	dab780	8000000000000002	3d1de	7ffdbfcbb440	55f719fa8330	7ffdbfcbb400	0	55f719fa83d0	55f719fa8580	7c296e21ace0	7c296cea6790	36ade	7ffdbfcbb508	8000000000000001
23.542522	9389e	8000000000000002	e2	55f71bce5640	a34d40	3d1de	7c296c0fb010	7ffdbfcc2670	7ffdbfcbd4f0	8	0	5c3e4ace0d2ba313	1dbdccf6c840b065	8000000000000001	3220	28d35	7ffdbfcbe490
23.552069	92951	1	7ffdbfcc2670	7c296d4bc010	155c4	3d1de	71ec	71ec	7ffdbfcb5ef0	8	0	a42e540a1abc6e35	ab2232d28e0b791b	7c296d566e30	7c296d4bc010	7ffdbfcb6028	55f71ce7d150
23.559855	990a5	7c296d4bc010	0	7c296d50f0c8	3f00	3d1de	1e0	7ffdbfcbe201	7ffdbfcb8240	8	0	7ffdbfcbe360	8000000000000001	0	1	375d	7ffdbfcc2670
23.567306	9a4fc	55f719bd2a30	7c296d885178	7922d	8000000000000002	3d1de	7c296d885178	55f71b103d40	7ffdbfcbc7a0	0	55f71b103d70	55f71b108a90	7c296e21ace0	7c296d885178	2860f	7ffdbfcbc8b8	8000000000000001
23.574390	9a39d	1	7ffdbfcb8038	55f71c19fae0	0	3d1de	7ffdbfcb8038	0	7ffdbfcb7fb0	8	0	a5a2d6dc91bfc0c5	3fabda3ac9b548f3	7c296d4bc010	7c296d8f9590	7ffdbfcb8128	8000000000000001
23.587628	9915a	7c296d4bc010	0	7c296d9ab370	1f00	3d1de	55f71d8415a0	7ffdbfcbe201	7ffdbfcb4f40	8000000000000000	0	7ffdbfcbe360	8000000000000001	0	1	34a24	7ffdbfcc2670
23.599904	9b041	466	55f719be8500	55f71ac7d580	7ff	0	1	27438	7ffdbfcbe240	466	fffffffffffff2ce	a5ed4f4a7b9330c3	2f4ec18462e7293f	0	368b	1c50	1
23.612471	9b041	633	55f719be8500	55f71ab1c6c0	7ff	0	4	365b4	7ffdbfcbe240	635	ffffffffffffed61	a4cf6c2c5d71d763	95177c44c2972e6	0	267d3	22e0	2
23.625013	9b041	143	55f719be8500	55f71a7000e0	7ff	0	1	10af7	7ffdbfcbe240	143	fffffffffffffc37	a56cd547863e13e9	dd8f5f0a6d379296	a09c	0	1110	1
23.634317	92b80	7c296c0fb010	7ffdbfcc2670	3f1b00	8000000000000002	3d1de	7ffdbfcb8810	55f71a991dc0	7ffdbfcb87d0	0	55f719f11120	55f719f11220	7c296e21ace0	7c296c4ecb10	fc6c	7ffdbfcb88d8	8000000000000001
23.641798	95b48	55f71bce5640	e6	55f71bc51080	7fff	fffffffffff6ba40	4a1e	4a29	7ffdbfcba260	fee0	0	5dfb9d0e05a3bdaf	db22f251c6437a2f	0	37adb	3cab1	7ffdbfcbe490
23.654189	9a4ee	55f719bd0c90	7c296d5d7d98	237b1	8000000000000002	3d1de	7c296d5d7d98	55f719f536e0	7ffdbfcb3900	0	55f719f537e0	55f719f54c10	7c296e21ace0	7c296d5d7d98	bd3b	7ffdbfcb3a58	8000000000000001
23.661160	990a5	7c296d4bc010	0	7c296d8be400	1f00	3d1de	631e	7ffdbfcbe201	7ffdbfcbc980	8	0	7ffdbfcbe360	8000000000000001	0	1	2ac2a	7ffdbfcc2670
23.670867	9389e	8000000000000002	e4	55f71b4cfdc0	ad14c0	3d1de	7c296c0fb010	7ffdbfcc2670	7ffdbfcbbe20	8	0	5e8c7521b1215935	ae6c6a61959402a3	8000000000000001	0	2b453	7ffdbfcbe490
23.683795	9615a	f7c40	7be0	e4	34a66	55f71bce5640	ffff	55f71bced220	7ffdbfcbd700	8	0	5e260a8a3d925a63	ce02c84186c4f342	360	7be2	fffffbfc	55f71e175c90
23.698009	95c4a	b189e3b1c3949c08	7ffdbfcbe1d8	51631bbd97b7dba4	6b4f32ee893368bb	9bc0a205ae0f61e8	1000000000000000	ac13	7ffdbfcbe1d0	8	0	a59ed6368afa553f	41631bbd97b7dba4	15efe	0	15efe	7ffdbfcbe1d0
23.712799	9b2cd	50c	55f719be8500	55f71c06dcf0	17ff	4fc	7ffdbfcc2670	a429	7ffdbfcbe240	3	55f71c0663d0	a5d8d451979038bc	7a4abf67cdbcb1d0	fa59	55f719bd0c90	2101	1
23.719773	9a500	55f71ab3a460	7c296da0b1c0	55f245c20e1a	55f71ab3a520	55f719b63010	7	38a12	7ffdbfcbe230	55f71ab3a4c0	55f71ad38498	a41f4e3589db6163	19ec46639276e4a3	7c296da0b1c0	55f719bd0c90	901	4
23.726811	9af40	7c296c0fb010	55f71d4b1de0	2ed500	55f71ae79210	8000000000000001	8000000000000001	bb54	7ffdbfcbe240	55f71ae791b0	55f71ac90008	a58c55b5fefd90d1	19ec46639276e4a3	3d1de	0	7ffdbfcc2670	1
23.734681	26325b07c413	0	ffffffffffffff50	55f2423a789a	55f71d4bac20	55f719b63010	7	0	7ffdbfcbe200	55f71d4bac00	55f71dd78318	a3ce55e2dc43fe49	19ec46639276e4a3	7c296d91fee8	55f719bd0c90	f01	2
23.746519	92c1c	7c296dcfe010	7ffdbfcc2670	7ffd	8000000000000002	3d1de	7c296d8e8700	55f71a98bba0	7ffdbfcb9dc0	0	55f71a98bc40	55f71a98bdb0	7c296e21ace0	2c84a	2c84a	7ffdbfcb9ec8	8000000000000001
23.752373	92711	171	7ffdbfcc2670	55f71c039d50	7ff	0	1000000000000000	81	7ffdbfcbd850	8	0	a4d66a9badec397b	d4146c2efcdfab9f	0	7ffdbfcbe020	55f719be8620	38711
23.767421	96f49	55f71cd06780	3016d	ffffffffffffebc0	7ff	fffffffffffff940	6b0	55f71aec6760	7ffdbfcb3940	fffe	0	ab02960dd6e0d551	d296312abf43d3b0	55f719beae70	6bf	0	df0c
23.779877	92711	1f	7ffdbfcc2670	55f71c2d15c0	7ff	20	0	7ffdbfcc2670	7ffdbfcbcb50	8	0	a4f0dc46bd3b31f3	efcb75ae3b45943b	0	0	55f719be8c50	2b2c3
23.788615	995c6	9fb31ed94f3333f2	7ffdbfcb9ed8	dfd320f8f9fde877	31f95b60c0923bfe	7447e3056a81c073	1800000000000000	55f71de33e10	7ffdbfcb9ed0	8	0	13193d38c1c9d977	2f789aa20c47d9e4	ffffff40	890	55f71de222a0	7ffdbfcb9ed0
23.793913	95d00	a85f93e1c13246	7ffdbfcbbf88	1034f0a90260fa35	f4157d0f0bd6d833	ea17ea75f4bd229c	1000000000000000	55f71bcec160	7ffdbfcbbf80	8	0	59ff3274fad19a53	83c75a0d1f22325d	11fb	6b2d	ea	7ffdbfcbbf80
23.799485	99522	0	7ffdbfcb7ea8	1	0	7ffdbfcb7ea0	7ffdbfcb7ea8	3bb87	7ffdbfcb7ea0	8	0	9ba8f2ebd091ac67	108390fe5f7002bf	0	1	7ffdbfcb7f90	7ffdbfcb7ea0
23.811729	9b041	79b	55f719be8500	55f71df265b0	7ff	0	1	17da	7ffdbfcbe240	79b	ffffffffffffe92f	a56e30f5568a710d	379174a5f6fc50a5	0	384aa	1a70	2
23.826461	9af40	7c296c0fb010	55f71a89db60	d74880	55f71c03c5f0	8000000000000001	8000000000000001	35d22	7ffdbfcbe240	55f71c03c5d0	55f71ce5aa50	a586561ed17d1671	19ec46639276e4a3	3d1de	35d22	7ffdbfcc2670	2
23.835460	9a4ea	55f71a9f7150	7c296d8a5908	7d31f	bfff	3d1de	7c296d8a5908	29bb5	7ffdbfcbe230	0	55f71d7057e0	a4d59df8b04deadf	eb68fb1009f16c4b	7c296d8a5908	55f719bd0c90	2001	2
23.845518	9af40	7c296c0fb010	55f71a57c2e0	e6f880	55f71b27f270	8000000000000001	8000000000000001	39be2	7ffdbfcbe240	55f71b27f250	55f71c31e4c0	a469563a62fb8f19	19ec46639276e4a3	3d1de	39be2	7ffdbfcc2670	1
23.859159	92b80	7c296c0fb010	7ffdbfcc2670	43b780	8000000000000002	3d1de	7ffdbfcb9860	55f71a839040	7ffdbfcb9820	0	55f71bbdf910	55f71bbe0360	7c296e21ace0	7c296c536790	10ede	7ffdbfcb9928	8000000000000001
23.873050	92b80	7c296c0fb010	7ffdbfcc2670	b7e5c0	8000000000000002	3d1de	7ffdbfcba3f0	55f71a686040	7ffdbfcba3b0	0	55f71a686070	55f71a686120	7c296e21ace0	7c296cc795d0	2df97	7ffdbfcba4b8	8000000000000001
23.887518	9388a	e24480640a84ca9e	31aca	ec	0	3d1de	7c296c0fb010	7ffdbfcbe201	7ffdbfcbcaf0	ec	4	7ffdbfcbe360	8000000000000001	0	1	0	7ffdbfcc2670
23.892752	92b80	7c296c0fb010	7ffdbfcc2670	cc2700	8000000000000002	3d1de	7ffdbfcb9ce0	55f71c083b20	7ffdbfcb9ca0	0	55f71c083c20	55f71c084c70	7c296e21ace0	7c296cdbd710	3309c	7ffdbfcb9da8	8000000000000001
23.901516	99762	b41f	360bd	70	1fff	11fc	ff	0	7ffdbfcb4c10	0	0	55f71de47b00	0	11fc	1	7ffdbfcb4c90	7ffdbfcbe0f0
23.910165	92b80	7c296c0fb010	7ffdbfcc2670	3e0a00	8000000000000002	3d1de	7ffdbfcbb210	55f71bb8fea0	7ffdbfcbb1d0	0	55f71bb8fed0	55f71bb911a0	7c296e21ace0	7c296c4dba10	f828	7ffdbfcbb318	8000000000000001
23.922341	9a4ea	55f71b129240	7c296d907240	89646	fbff	3d1de	7c296d907240	2dcc2	7ffdbfcbe230	0	55f71d57add8	a5d3564d46385068	d53a2c3e31bf9b51	7c296d907240	55f719bd0c90	1c01	4
23.931299	9af40	7c296c0fb010	55f71c16d980	285a00	55f719ce34f0	8000000000000001	8000000000000001	a168	7ffdbfcbe240	55f71a10b460	55f71bb35f58	a40db48510fd300b	19ec46639276e4a3	3d1de	0	7ffdbfcc2670	3
23.946005	9b041	648	55f719be8500	55f71c05a4f0	7ff	0	1	3f9c	7ffdbfcbe240	648	ffffffffffffed28	a31a27b74bd422cb	48fda7b8df457f33	0	28ddb	870	1
23.959544	9a4ea	55f71d77c810	7c296d95edb0	945b4	80	3d1de	7c296d95edb0	3173c	7ffdbfcbe230	10	55f71a6e4178	a569d555066eb934	c4aa12bfe5b2bec9	7c296d95edb0	55f719bd0c90	1001	7
23.973618	26325b07a994	3f	7c296e21ac80	0	55f719b63010	28	7c296e21ac80	28	7ffdbfcbd6b0	8	0	a43f506f644cf634	3283ccbfc22c00f3	1	7c296d9114e8	55f719e332b0	8000000000000001
23.983468	96190	8ecce45e7e42787f	7870	787f	787f	fcbe02fe537a461e	ffff	55f71bceceb0	7ffdbfcb95c0	8	0	5e21218b7d2d803b	2f2bdc324d786096	663	787f	ffff8000	55f71e175c90
23.991111	26325b07adcb	0	7c296e21ac80	18	7c296e21ad10	7c296e21ad00	0	20	7ffdbfcb8330	0	55f71ce67f80	55f71ce6a720	7c296e21ace0	1	30	3	55f71ce67f80
23.997586	942ad	1742a	7ffdbfcba698	f184571cc2ff7475	8	7ffdbfcba690	7ffdbfcba698	7ffdbfcbe250	7ffdbfcba680	e18e411fd5ef7e6b	0	7ffdbfcbe360	8000000000000001	0	1	7ffdbfcba730	7ffdbfcba690
24.009639	96f5b	55f71dd9af30	7ffdbfcc2670	fffffffffffff62b	7ff	fffffffffffffcb9	337	55f71d7bbfc0	7ffdbfcb9928	ee9d	0	fffffffffffffcb9	ebb77d714568a5e2	55f719be93a0	347	0	ae43
24.022283	96f49	55f71cdccbd0	8dde	fffffffffffff1f3	7ff	fffffffffffffb51	49f	55f71c1c9770	7ffdbfcbbd00	faef	0	a436b9d4129ce9fd	edb724f7329b9861	55f719be8bf0	4df	0	dfde
24.035613	9b041	40c	55f719be8500	55f71c0104f0	7ff	0	42	32764	7ffdbfcbe240	40d	fffffffffffff3d9	a3e8db3e202cf3f5	68261ce27c531fa7	0	1119e	ab0	4
24.041755	9ae27	7c296dcfe010	7ffdbfcc2670	30	10821	379c7	55f71be4a2a0	15d04	7ffdbfcbe380	55f71be5a	0	30	19ec46639276e4a3	106860	b9c0	40000	55f71bbe5640
24.049313	9af40	7c296c0fb010	55f71b3024c0	6eaac0	55f719f4d340	8000000000000001	8000000000000001	1baab	7ffdbfcbe240	55f719f4d320	55f71af95d60	a5d45421cc36387a	19ec46639276e4a3	3d1de	1baab	7ffdbfcc2670	3
24.060343	9b041	6b5	55f719be8500	55f71dde1710	7ff	0	1	3009a	7ffdbfcbe240	6b5	ffffffffffffebe1	a3ea8371cabc31fb	9ff9cda39c627897	0	c1c6	a20	2
24.071418	9b2cd	99	55f719be8500	55f71d52b430	80	89	7ffdbfcc2670	2678	7ffdbfcbe240	10	55f71d52a5d8	a5f2db9b8a350e01	bc0bd48ab1a273f6	0	55f719bd0c90	1e01	3
24.076856	9b041	378	55f719be8500	55f71c287160	7ff	0	2	2e3b5	7ffdbfcbe240	379	fffffffffffff595	a5a7d6b011cd8665	44865b9fec7688cb	18c3c	0	1770	2
24.090214	92b80	7c296c0fb010	7ffdbfcc2670	1fa740	8000000000000002	3d1de	7ffdbfcbaa20	55f71a08b910	7ffdbfcba9e0	0	55f71a08b940	55f71a08c5a0	7c296e21ace0	7c296c2f5750	7e9d	7ffdbfcbaae8	8000000000000001
24.104413	26325b07aef9	2480	7c296e21ac80	30	55f71a528250	2480	0	20	7ffdbfcb5cf0	0	0	55f71a52a6d0	7c296e21ace0	ffffffffffffff88	30	55f719b63010	1
24.116687	95908	1335	f4	55f71b48fdc0	1fff	0	4000	7ffdbfcc2670	7ffdbfcbb650	55f71b469560	26860	228c61968b78b375	582f851b7dda4083	8000000000000001	13a5d	dd49	7ffdbfcbe490
24.130942	943ae	1c4f8c6af34b6733	7ffdbfcbd378	359866aed5d7027	8	7ffdbfcbd370	7ffdbfcbd378	7ffdbfcc2670	7ffdbfcbd360	0	0	22848e0f292ce0c3	e18e411fd5ef7e6b	8000000000000001	147f	f6	7ffdbfcbd370
24.140717	26325b07b382	2ad0	7c296e21ac80	c820	55f71d77cfa0	55f71d77cfd0	0	20	7ffdbfcbb030	0	0	55f71d77faa0	7c296e21ace0	ffffffffffffff88	30	55f719b63010	1
24.155421	9b391	0	55f71de49000	55f71d249500	55f71c182230	55f719b63010	7	7c296dcfe010	7ffdbfcbe240	55f71c1821d0	55f71b3e1de8	a589d723b0e5b493	19ec46639276e4a3	3d1de	26a02	0	3
24.161588	9b041	692	55f719be8500	55f71a4c1e20	7ff	0	1	39278	7ffdbfcbe240	692	ffffffffffffec4a	a4218000f57e3adf	c651b2533d2d9c36	0	6295	240	0
24.176080	9b016	2ba	55f719be8500	55f71ac57d20	7ff	0	1000000000000000	30f35	7ffdbfcbe240	8	0	a30534e252f101d9	3c770dd8bc5ebaa8	0	30f34	c30	1
24.186031	943aa	1c4f8c6af3446b76	7ffdbfcbe1d8	359866aed527c62	8	7ffdbfcbe1d0	7ffdbfcbe1d8	3823c	7ffdbfcbe1c0	0	0	abb1f4446e3dd453	19ec46639276e4a3	0	2cef9	0	7ffdbfcbe1d0
24.200295	9389e	8000000000000002	f8	55f71ba9ec20	b9cb40	3d1de	7c296c0fb010	7ffdbfcc2670	7ffdbfcbd6e0	0	6bcc0	2274d33e6e55fcc1	581806af66ac97e1	8000000000000001	0	2e72d	7ffdbfcbe490
24.206787	9a500	55f719bd2a30	7c296da02700	a8cde	8000000000000002	3d1de	7c296da02700	55f71a81c5c0	7ffdbfcbb1c0	0	55f71a81c660	55f71a81e260	7c296e21ace0	7c296da02700	3844a	7ffdbfcbb318	8000000000000001
24.212430	26325b17810a	ff	7ffdbfcbe4b0	3f90	55f71e175c90	ff	55f71e181d10	7ffdbfcbe490	7ffdbfcbd818	0	55f71df75c90	55f719f40bb0	7c296e21ace0	7ffdbfcbe4b0	e000	0	55f71e175c90
24.225378	92b80	7c296c0fb010	7ffdbfcc2670	da43c0	8000000000000002	3d1de	7ffdbfcb83d0	55f71b127b40	7ffdbfcb8390	0	55f71b127b70	55f71b12bd60	7c296e21ace0	7c296ce9f3d0	3690f	7ffdbfcb84c8	8000000000000001
24.230603	9a4ea	55f719bd0c90	7c296d9b01b8	9e835	8000000000000002	3d1de	7c296d9b01b8	55f71a9bda50	7ffdbfcb67b0	0	55f71a9bdbb0	55f71a9c1ce0	7c296e21ace0	7c296d9b01b8	34d67	7ffdbfcb68c8	8000000000000001
24.242043	9389e	8000000000000002	fa	55f71bce5640	39d140	3d1de	7c296c0fb010	7ffdbfcc2670	7ffdbfcbbde0	8	0	231cb0c2e04b7d43	735563a37a3b4da7	8000000000000001	0	e745	7ffdbfcbe490
24.252983	99785	10b4	1bfb0	4a	3fff	10c4	1	0	7ffdbfcb37d0	0	0	55f71d678020	0	10c3	10c4	7ffdbfcb3850	7ffdbfcbe0f0
24.268011	9b041	758	55f719be8500	55f71a6923f0	7ff	0	1	2c7e7	7ffdbfcbe240	758	ffffffffffffe9f8	a49fd6ec21e93102	c9c765ed89a30609	2e1d3	0	2670	3
24.279513	9b041	676	55f719be8500	55f71a4b5600	7ff	0	1	8d1a	7ffdbfcbe240	676	ffffffffffffec9e	a43bfacdd4abd74b	577fc5279b7581a6	0	1f274	420	1
24.290384	9af40	7c296c0fb010	55f71b1a50e0	b559c0	55f71a33b350	8000000000000001	8000000000000001	2d567	7ffdbfcbe240	55f71a33b330	55f71ac41698	a551554e46221fbe	19ec46639276e4a3	3d1de	2d567	7ffdbfcc2670	2
24.305028	9389e	8000000000000002	fc	55f71a060be0	4e3780	3d1de	7c296c0fb010	7ffdbfcc2670	7ffdbfcbd890	8	0	239919625bab4633	c1b0589d136d0991	8000000000000001	0	138de	7ffdbfcbe490
24.317167	9389e	8000000000000002	7ffdbfcc2670	81	6a8680	3d1de	7c296c0fb010	8000000000000001	7ffdbfcb0030	7ffdbfcbe080	80	7ffdbfcbdf70	29482e1b14a94e2e	81	7ffdbfcbe080	1aa1a	80
24.327879	96f49	55f71dde1710	c8f1	ffffffffffffedf1	7ff	fffffffffffff9fb	5f5	55f71a158600	7ffdbfcbb7e0	ffd3	0	a3e356955e88ab1d	9623f04a0a36d7c9	55f719be8f20	755	b73e	0
24.342968	92b80	7c296c0fb010	7ffdbfcc2670	17cfc0	8000000000000002	3d1de	7ffdbfcb3870	55f71b04dd00	7ffdbfcb3830	0	55f71b04dd30	55f71b052280	7c296e21ace0	7c296c277fd0	5f3f	7ffdbfcb3978	8000000000000001
24.353716	92739	700	7ffdbfcc2670	55f71b33ef00	7ff	0	1	1a012	7ffdbfcb25d0	ffffffffffffeb00	0	ab338a643376d45d	79b381d277e6565	0	1	55f719beb3b0	1a012
24.364043	9b23f	64e	55f719be8500	55f71df3a810	7ff	0	2	1c1f5	7ffdbfcbe240	64f	55f71df310a8	a5fc543dca35b163	edf84dabeb897c6c	1c1f4	0	1a40	3
24.369732	9af40	7c296c0fb010	55f71b5c4150	cebc40	55f71a2ec780	8000000000000001	8000000000000001	33af1	7ffdbfcbe240	55f71a2ec720	55f71bfd3fc0	a3290d33634a419f	19ec46639276e4a3	3d1de	0	7ffdbfcc2670	4
24.377150	9ae30	3d1de	7ffdbfcc2670	55f245872af4	55f71af69f30	34a4c	7	ef01	7ffdbfcbe380	55f71b5c4150	55f71b3938b0	abe7d393bfae1440	19ec46639276e4a3	ba1c0	8b138	20000	55f71ba1ec20
24.385894	9b041	72e	55f719be8500	55f71c1ea0b0	7ff	0	1	153c	7ffdbfcbe240	72e	ffffffffffffea76	a4cb1e114fc85485	70a9818215b6ae9d	0	1bace	2430	0
24.392566	95c3c	afad59a38c8dd1eb	7ffdbfcb1b28	568284ca160ac85c	a42354b550a980a4	7ffdbfcb1b20	1000000000000000	0	7ffdbfcb1b20	8	0	a42354b550a980a4	468284ca160ac85c	252a9	8000000000000001	252a9	7ffdbfcb1b20
24.404899	92bc3	7c296c0fb010	7ffdbfcc2670	a84d40	8000000000000002	3d1de	2a135	55f71ddbf1b0	7ffdbfcbbc70	0	55f71ddbf1e0	55f71ddbfd20	7c296e21ace0	7c296cb7fd50	2a135	7ffdbfcbbdc0	8000000000000001
24.418849	985ee	a396b341440b4b40	7ffdbfcbae68	890c67ec15be0aca	cc36fc2248481a27	39df3b9f3edcf179	800000000000000	7ffdbfcbb000	7ffdbfcbae60	8	0	9ba8f2ebd82ab6e5	10e630a4c811246f	10e	9bd7	7ffdbfcbf810	7ffdbfcc2670
24.424103	92c1c	7c296dcfe010	7ffdbfcc2670	0	8000000000000002	3d1de	7c296d96a1b0	55f71a00b310	7ffdbfcb5a90	0	55f71a00b340	55f71a00ce30	7c296e21ace0	31ebc	31ebc	7ffdbfcb5be0	8000000000000001
24.431501	9a4ee	55f71bb682a0	7c296d9046c0	890d6	5dff	3d1de	7c296d9046c0	2daf2	7ffdbfcbe8f0	1	55f71d81f798	a3dc554da46810eb	44d64f87ac3d3eb	7c296d9046c0	55f719bd0c90	e01	2
24.441799	943e6	e9b918489490574	0	2ae3c0a616aa41c2	8	7ffdbfcbe890	7ffdbfcbe898	12450	7ffdbfcbe880	0	0	a5151799360013d1	8ff22c845aeb3c0e	0	37180	0	7ffdbfcbe890
24.452237	9a4c0	55f719f75840	7ffdbfcb6e70	1611	38	55f719f75770	55f719f75840	7	7ffdbfcb6df0	0	55f719f75840	55f719f76e80	7c296e21ace0	7	55f719f75840	55f719f75740	55f719f75810
24.464081	92711	189	7ffdbfcc2670	55f71b0263b0	3ff	0	1000000000000000	37cdc	7ffdbfca30f0	8	0	b5c2a779e56d1155	442194a43f3f9851	0	8000000000000001	55f719becc10	37cdc
24.472439	92b80	7c296c0fb010	7ffdbfcc2670	a32f40	8000000000000002	3d1de	7ffdbfcaae10	55f719c90150	7ffdbfcaadd0	0	55f719c90180	55f719c940a0	7c296e21ace0	7c296cb2df50	28cbd	7ffdbfcaaf20	8000000000000001
24.478972	92b80	7c296c0fb010	7ffdbfcc2670	686280	8000000000000002	3d1de	7ffdbfcbc870	55f71aa34150	7ffdbfcbc830	0	55f71aa34180	55f71aa36de0	7c296e21ace0	7c296c781290	1a18a	7ffdbfcbc980	8000000000000001
24.493562	92b80	7c296c0fb010	7ffdbfcc2670	379d00	8000000000000002	3d1de	7ffdbfcae410	55f71de223e0	7ffdbfcae3d0	0	55f71de22480	55f71dec9500	7c296e21ace0	7c296c474d10	de74	7ffdbfcae520	8000000000000001
24.500258	98550	5c42ee7cad2232d4	7ffdbfcaf678	18f107b90bf6afbf	9ba8f2ebd85e20bf	7ffdbfcaf670	800000000000000	55f71d6417b0	7ffdbfcaf670	8	0	9ba8f2ebd85e20bf	10f107b90bf6afbf	ffff3f80	c90	c97	55f71bc1c270
24.510197	98e31	d32a849119bdcebf	2afb	4ebf	ffff	703a25424863fe11	7fff	55f71e1b6b50	7ffdbfcb9b10	8	0	9ba8f2ebd82ce994	10d822896980f8f6	ffff8000	eb0	ebf	55f71bd35b50
24.518481	92711	623	7ffdbfcc2670	55f71c308c60	7ff	20	0	0	7ffdbfcbbbd0	8	0	a4145041e213d405	628257a4a315e021	445d6	8000000000000001	55f719be8a40	0
24.531821	98553	f7ebe173a20050a8	7ffdbfca6f28	18b56e85f9274a0c	9ba8f2ebd82e5c79	7ffdbfca6f20	800000000000000	4b92e	7ffdbfca6f20	8	0	9ba8f2ebd82e5c79	10b56e85f9274a0c	7ffdbfcbe6d8	8000000000000001	20121	7ffdbfcbdd60
24.542511	9389e	8000000000000002	7ffdbfcbdd60	55f71c93ba60	9beec0	53351	7c296a0fa010	7ffdbfca6c80	7ffdbfca6b30	ced	0	9ba8f2ebd851eadd	10b8bdca807af985	8000000000000000	26fbb	7ffdbfcbe718	7ffdbfcc2670
24.550150	92711	65a	7ffdbfcc2670	55f71a9cdcf0	7ff	0	1000000000000000	0	7ffdbfcbbfc0	8	0	a41950725f0d9652	a7f95b10948b2314	584eb	546ae	55f719be8e60	0
24.562778	92739	1d1	7ffdbfcc2670	55f71ddfb550	3ff	0	1	5c54c	7ffdbfca3d50	fffffffffffffa8d	0	b6a8f28776165aef	2828468a3918fad	0	8000000000000001	55f719beca00	5c54c
24.574828	92c68	7c296a0fa010	7ffdbfcc2670	1992fc0	1	7ffdbfca63c0	7ffdbfca62b0	66400	7ffdbfca6270	0	55f71c56e280	55f71c8bb9b0	7c296e21ace0	664bf	55f71c56e250	664bf	8000000000000001
24.581015	26325b17810a	ff	55f719beb880	810	55f71e569a90	ff	55f71e569a90	700	7ffdbfcaa608	0	55f71e55da90	7c296e21b3f0	7c296e21ace0	55f719beb880	55f719beb860	0	55f71e569a90
24.589775	c3afb	851e9cd440994e8d	0	657d64744184f3d3	151af62f9a476297	55f71a8ba650	1	55f71a8ba580	7ffdbfca2430	b	50	55f71a8ba658	a	1	55f71ce14d28	0	5
24.595768	9a4c0	55f71bb516c0	7ffdbfca9310	7861	38	55f71bb51650	55f71bb516c0	7	7ffdbfca9290	0	55f71bb516c0	55f71bb58f50	7c296e21ace0	7	55f71bb516c0	55f71bb51620	55f71bb51690
24.603996	9389e	8000000000000002	7ffdbfcbdd60	55f71e8f5f50	d91fc0	72ab2	7c296a0fa010	7ffdbfcaea80	7ffdbfcae930	b7f0	0	9ba8f2ebd84ae2a1	1099c5d48525f195	8000000000000000	3647f	7ffdbfcbe8d8	7ffdbfcc2670
24.618562	9389e	8000000000000002	7ffdbfcbdd60	55f71ec22ca0	ee9440	794f5	7c296a0fa010	7ffdbfca3c20	7ffdbfca3ad0	d080	0	9ba8f2ebd8759963	10820069bc5007cd	8000000000000000	3ba51	7ffdbfcbe918	7ffdbfcc2670
24.625579	9389e	8000000000000002	7ffdbfcbdd60	55f71ed52400	9defc0	7c3ff	7c296a0fa010	7ffdbfcb3040	7ffdbfcb2ef0	1980	0	9ba8f2ebd875d2fd	10bbbda7a5a6c077	8000000000000000	277bf	7ffdbfcbe918	7ffdbfcc2670
24.631366	98664	8000000000000001	