seconds	address	rax	rbx	rcx	rdx	rsi	rdi	rbp	rsp	r8	r9	r10	r11	r12	r13	r14	r15
0.008855	9a1f6	584aa9c036b0	584aa9c404f8	18f3	584aa9b85010	995	584aa9c404f8	584aa9c404f8	7ffc5b097380	7778d838c010	0	d7c219efad0c6df3	2097f4d9559a1228	851	7778d838bfc8	7ffc5b097410	0
0.016039	1f2e31f4f258	10	7778d821ac80	4	7778d821ad10	a4bfffcc	0	28	7ffc5b097260	7778d838c010	0	4f5622644a7d3f30	7778d821ace0	ffffffffffffff88	30	3	1
0.023227	99ccd	91bff9f49ff7f077	7ffc5b09b7c0	16613b50fd8c9911	831002a266b5a960	5942fc9015aefcf	2000000000000000	7ffc5b091e68	7ffc5b091ce8	8	0	54721c40a362aec9	9245cc86efc5fdb5	584aa9c40ee8	8000000000000000	7ffc5b091c90	7ffc5b091c98
0.028623	99cfc	8000000000000001	7778d82b8400	8000000000000001	8000000000000001	7778d82b8401	7ffc5b097458	1	7ffc5b097370	8	0	4a4c61d8348644c8	871042335333d58	15b	7778d82fffc8	7ffc5b097458	8000000000000000
0.038063	1f2e31f503c2	41	ffffffffffffff50	8	8	584aa9c291f0	584aa9c29200	584aa9c3ddc8	7ffc5b097340	7778d8300010	0	e0414ff1150b4e2b	74b3c8827d53e14	6af	7778d82fffc8	7ffc5b097410	0
0.052092	9ad23	1	7ffc5b09b7c0	1	584f2d12c608	584aa9b85010	7	584aa9c3e9c8	7ffc5b097390	584aa9c183f0	0	5a36353bb33f2176	189a5776364914b7	72f	7778d82fffc8	7ffc5b097410	0
0.063230	1f2e31f501d7	584aa9c59820	ffffffffffffff88	7	584aa9b85010	995	11	28	7ffc5b095570	8	0	6e029464e65c0267	d0149110f2e812e8	1	8000000000000001	584aa9c030f0	584aa9c1d4b0
0.072017	94083	1c85be0470edbe55	0	ed32aaf64396016d	8	7ffc5b097310	7ffc5b097318	89c	7ffc5b097300	0	0	f77197fb7e2765fd	2a6ff90d7f54e2bc	89c	8000000000000000	7ffc5b097310	7ffc5b097318
0.085221	b898d	0	7ffc5b07c160	9	584aa9f28580	a	584aa9faf050	b	7ffc5b07be70	48	7ffc5b098680	9	88d2b435a64f0fc4	9	8000000000000000	584aa9f28580	7ffc5b098680
0.095603	99cfc	8000000000000001	7778d7f0c468	8000000000000001	8000000000000001	7778d7f0c401	7ffc5b097458	2	7ffc5b097370	8	0	e1ed5ddeec30f514	4ffd48682b54d315	7ba	7778d7ffafc8	7ffc5b097458	8000000000000000
0.103739	93f95	892	7ffc5b095318	61420ad513d3226e	8	7ffc5b095310	7ffc5b095318	584aa9fc42e0	7ffc5b095300	0	0	fbc033f561767be4	12bed72ab4265bf3	ffffec00	40	584aa9fc3940	7ffc5b095310
0.113727	95849	2a0e	5c	5c	0	52d78b47db74d03	c8440e7572da0774	7ffc5b09b7c0	7ffc5b0945c0	8	0	e4aebf684b1484ae	2277692af4f82d0f	8000000000000001	2afd	0	7ffc5b0975d0
0.125062	940ce	0	7ffc5b094518	1	0	7ffc5b094510	7ffc5b094518	584aa9ddb880	7ffc5b094500	0	1	a9d794ef96197df	619c91d7ba52b1a2	ffffff80	b0	584aa9dda0d0	7ffc5b094510
0.131044	9a208	584aa9cc9a80	584aa9d49660	2d48	584aa9b85010	2f36	584aa9d49660	584aa9d49660	7ffc5b097380	584aaa2fc6a0	0	cd2207b5e0fa51af	191d75b37b16250e	f18	584aaa2fc658	7ffc5b097410	1
0.145998	1f2e31f503c2	41	ffffffffffffff50	8	8	584aa9daa9f0	584aa9daaa00	584aa9d39a48	7ffc5b097340	584aaa2fc6a0	0	eb1e05b5c97a5354	7086312a394afb29	497	584aaa2fc658	7ffc5b097410	0
0.157526	93f6a	13a7	7ffc5b08be78	1	8	7ffc5b08bca0	7ffc5b08bca8	7ffc5b08be78	7ffc5b08bc90	8	0	dd475fa14ff877ea	e2bc30ef80b17ea8	584aa9d503e0	8000000000000000	7ffc5b08bca0	7ffc5b08bca8
0.165018	9a84c	0	584aa9c8a9d0	584f2d516e2b	584aa9fbf3c0	584aa9b85010	7	584aa9d51520	7ffc5b097370	584aa9deb500	0	60057fbc28ff9dde	189a5776364914b7	1460	584aaa2fc658	7ffc5b097410	0
0.172203	9a0aa	2	7ffc5b094060	584aa9c68a80	0	379a	7ffc5b094060	7ffc5b094188	7ffc5b094000	8	0	d55b215a1f3c1e58	ca173342898146cb	584aa9d32c20	8000000000000001	584aa9d4d6e0	584aa9cd2630
0.185049	9407c	1c85be047104be7e	0	ed32a90943dd0182	8	7ffc5b096120	7ffc5b096128	7ffc5b0962f8	7ffc5b096110	0	0	ebf429ff0ed53ba8	e2bc288ff9547f69	7ffc5b09b7c0	8000000000000000	7ffc5b096120	7ffc5b096128
0.192055	92762	56	7ffc5b09b7c0	cbb3bbeca09ee00a	584aaa2fc6a0	584aaa2fc658	0	7ffc5b08fe48	7ffc5b08fd30	8	0	cfb47ba47189f694	81abe2b986a82cd8	7ffc5b08fe48	0	7fff	6eea
0.201371	93557	8000000000000002	7ffc5b09b7c0	584aa9fd9ab0	ab040	3c30	7778d7dda010	8000000000000001	7ffc5b08f7d0	0	1	81e656cc441225c	6666d825f4370bf3	81	7ffc5b097160	2ac1	44
0.207647	ce220	584aa9db8e90	7ffc5b09b7c0	4	1	4	584aa9bf4070	7ffc5b0950f8	7ffc5b094fd8	8	0	6261c2b8ba3435c7	f6688da4b8fbdefc	584aa9d32c20	8000000000000001	584aa9d73750	584aa9de5b50
0.222443	9ac68	358b	7ffc5b09b7c0	357b	cdf7	584aaa20b701	7ffc5b097400	1	7ffc5b097390	584aaa2fc6a0	0	38974e15c74fbdb5	840ad5d237576661	383e	584aaa2fc658	1ac58	1
0.232726	9accd	fffffffffffc30fa	7ffc5b09b7c0	0	feff	584aaa114e70	7ffc5b097458	1	7ffc5b097390	584aaa2fc6a0	0	d001c75f6ff59e48	8bfac20b111521b4	2cca	584aaa2fc658	7ffc5b097410	1
0.241344	99c43	3798acae8f16cc	7ffc5b097458	f3dd96a6cb1e30d0	3fd64980353ef57f	9557e5603e2be7d6	2000000000000000	0	7ffc5b097310	8	0	d8348daf5f9fefc4	92b0e58667407cae	2a75	8000000000000000	7ffc5b097310	7ffc5b097318
0.248811	9a208	584aa9ee4f70	584aa9d4b148	1	584f2d6c12cf	584aa9b85010	7	7ffc5b0972e8	7ffc5b097180	584aa9c1f380	0	f31da94a8c2b12c4	189a5776364914b7	584aa9d4b148	8000000000000002	584aa9d43de0	1037
0.255500	92762	3e	7ffc5b09b7c0	a859f486fdd990aa	584aaa2fc6a0	584aaa2fc658	0	7ffc5b092b68	7ffc5b092a10	8	0	caf42edc4774b7ee	d940bc8982524c81	7ffc5b092b68	30c1	7fff	65ae
0.263955	92c28	0	7ffc5b09b7c0	33	d960444fa057131c	584aaa2fc6a0	2000000000000000	7ffc5b096928	7ffc5b0967d0	584aaa2fc658	0	772671a0deaab0e6	bc18704539b0e1d9	0	7fff	5d2d	3858
0.270541	1f2e31f501f0	584aa9daae20	ffffffffffffff88	5	584aa9b85010	584aa9c05a30	11	20	7ffc5b091070	8	0	862ea17c36956c79	c5f18fc89b8cdc6a	1	8000000000000001	584aa9dcac10	584aa9dcafd0
0.275939	940bd	3f3e5e63212547bf	68	a7680964a888219	8	7ffc5b091e30	7ffc5b091e38	7ffc5b092008	7ffc5b091e20	8	0	dd475fa14ff87646	e2bc246ff6dd7f64	e0	8000000000000000	7ffc5b091e30	7ffc5b091e38
0.285665	9accd	fffffffffffc711a	7ffc5b09b7c0	0	7eff	584aaa134f70	7ffc5b097458	1	7ffc5b097390	584aaa2fc6a0	0	4a4c61d834864d61	876394206b64563	3939	584aaa2fc658	7ffc5b097410	2
0.299225	93f66	9e	7ffc5b08e6b8	1	8	7ffc5b08e4e0	7ffc5b08e4e8	7ffc5b08e6b8	7ffc5b08e4d0	8	0	ed83b1e557fc9d24	3b700ee5a8dd0822	584aa9d7c750	8000000000000000	7ffc5b08e4e0	7ffc5b08e4e8
0.309729	98e19	584aa9d32c20	13ad	584aa9d32c20	1	3c30	fe4d1ca9d01a6682	7ffc5b097301	7ffc5b094e00	584aa9dad2b0	4	7ffc5b0974a0	8000000000000001	0	1	0	7ffc5b09b7c0
0.319450	1f2e31f4d721	31	40	2	7	584aa9b85010	7	584aa9c41360	7ffc5b0972d0	584aa9c41370	0	cfb76b7548ef796e	189a5776364914b7	7778d821ac80	0	584aa9c413a0	0
0.325138	99c17	188cd244c03bc13a	7ffc5b097458	399661a091389dee	9f0edf339aae3c92	2424daad4af25042	2000000000000000	2b0d	7ffc5b097310	8	0	76b2f9a8f04c1117	edac1db2bb0ddbca	2b0d	8000000000000000	7ffc5b097310	7ffc5b097318
0.335624	95670	d61	7c	584aa9f6a1d0	7c	0	7ffc5b09b7c0	7ffc5b09b7c0	7ffc5b095a20	445	0	24910c69a8e0da16	1ac691a6f9426bd5	0	d61	3615	7ffc5b0975d0
0.350899	9a1f6	584aa9bf90d0	584aa9d36730	762	1	3c30	584aa9d36730	7ffc5b093dc8	7ffc5b093c70	8	0	8f8b420ceb3d0dae	5515267b84f710ee	584aa9d36730	8000000000000002	584aa9d85b58	276
0.356563	9591f	dcbe5ceb524b2bd	7ffc5b092718	8f680ef58c286cee	e1c3f14636198231	44d422b658ddbea4	1000000000000000	7ffc5b09b7c0	7ffc5b092710	8	0	318b573ea6b91ce2	3b2365ee24512e92	3b75	0	a0	7ffc5b092710
0.369004	9acca	fffffffffffe60a1	7ffc5b09b7c0	1	caff	584aaa22cba0	7ffc5b097450	2	7ffc5b097390	584aaa2fc6a0	0	caf7c4813bd3368e	ee9c3dd59960fc16	12a6	584aaa2fc658	7ffc5b097410	1
0.380050	1f2e31f4c6e9	90	7778d821ac80	91	7778d821ad60	97ffe1c	584aa9bf9530	38	7ffc5b08eb10	8	0	a894daac48f0768e	7778d821ace0	50	40	90	2
0.389907	92ae8	584aa9c9bf40	7ffc5b09b7c0	1	584f2d5cd7dd	3c30	7	7ffc5b08fd68	7ffc5b08fc20	584aa9eedec0	0	83ac4cb6d6433675	189a5776364914b7	584aa9d49078	8000000000000002	584aa9d7bc10	ed9
0.395701	9a208	584aa9c1a700	584aa9d7bbc8	1	584f2d409e40	584aa9b85010	7	7ffc5b094028	7ffc5b093ed0	584aa9d100f0	584aa9c8e890	d55f48300d336e08	189a5776364914b7	584aa9d7bbc8	8000000000000002	584aa9d32c20	30a7
0.406984	98ec5	584aa9ea2960	84a	8000000000000000	1	3c30	40c51c3f687d8414	7ffc5b097201	7ffc5b094be0	ce	4	7ffc5b097340	8000000000000001	0	1	0	7ffc5b09b7c0
0.415875	9aaca	584aaa0b83b0	7ffc5b09b7c0	cb140	7778d7dda010	3c30	8000000000000001	0	7ffc5b097390	584aa9de5d00	0	d01dc0bdfa080392	189a5776364914b7	32c5	584aa9c9bf40	7ffc5b097410	1
0.426301	1f2e31f503c2	41	ffffffffffffff50	8	8	584aa9c30dd0	584aa9c30de0	584aa9d3e9b0	7ffc5b097340	584aaa2fc6a0	0	83b573e8a14876b5	111bba7bdcba501e	7e6	584aaa2fc658	7ffc5b097410	0
0.434309	1f2e3204b891	584aa9c38ec0	7ffc5b08f6d0	5	20	584aaa008260	584aa9c38ec0	4	7ffc5b08f668	8	0	d89ba8c36586d1d0	20a1a66b14573195	4	584aa9c38ec0	584aa9cdb000	584aa9cee070
0.448556	9a208	584aa9c7ec00	584aa9d85960	1	584f2d621d72	584aa9b85010	7	7ffc5b08f9f8	7ffc5b08f890	584aa9c724f0	0	6a60a07bcd0796d3	189a5776364914b7	584aa9d85960	8000000000000002	584aa9d32c20	3738
0.461278	92772	65	7ffc5b09b7c0	6c153d25d504ba4f	584aaa2fc6a0	584aaa2fc658	0	8000	7ffc5b094960	8	0	fba6923a6d6d98ce	7cf321aa508eb0f1	7ffc5b094aa8	1	7fff	4425
0.474244	9a208	584aa9dc5cc0	584aa9d87820	1	584f2d49d376	584aa9b85010	7	7ffc5b096348	7ffc5b0961f0	584aa9ea6290	0	80594a3d89736f08	189a5776364914b7	584aa9d87820	8000000000000002	584aa9d77e78	3880
0.487462	9a1f2	584aa9d214d0	584aa9d84130	a2a2	584aa9b85010	3d7e	584aa9d84130	584aa9d84130	7ffc5b097380	584aaa2fc6a0	0	70f4d88a1cfaf901	fc100c47532969bc	3636	584aaa2fc658	7ffc5b097410	0
0.498182	9aaca	584aa9fa1b00	7ffc5b09b7c0	afb40	7778d7dda010	3d7e	8000000000000001	0	7ffc5b097390	584aaa008710	0	9b42cb86ca590154	189a5776364914b7	2bed	584aa9c9bf40	7ffc5b097410	0
0.510980	9a1f6	584aaa0ae5a0	584aa9d5fd40	5a24	584aa9b85010	3d7e	584aa9d5fd40	584aa9d5fd40	7ffc5b097380	584aaa2fc6a0	0	fba927e1007f8146	b8e9d668a921c58d	1e0c	584aaa2fc658	7ffc5b097410	1
0.523785	9273d	63	7ffc5b09b7c0	7fdffea85b6c06cd	584aaa2fc6a0	c4ee2dbbbe5b53f2	2000000000000000	7ffc5b093408	7ffc5b0932c0	8	0	e89d5cbf2a1b9c25	e13cda702261d387	0	1	7fff	c6be5a953e5b5a78
0.534416	92a5c	7778d7dda010	7ffc5b09b7c0	117c0	1	3d7e	7ffc5b08a5f0	7ffc5b08a6d8	7ffc5b08a580	0	584aa9e2e1d0	584aa9d226d0	7778d821ace0	7778d7deb7d0	8000000000000002	584aa9d32c20	45f
0.545077	1f2e31f4e994	4f	7778d821ac80	0	584aa9b85010	38	7778d821ac80	38	7ffc5b091e00	8	0	506962f4ecbb66aa	81159bf0dbaed8ab	2	8000000000000001	584aa9bf7050	584aa9e9f9c0
0.559762	99c5e	5189a8125f513986	7ffc5b094018	4b23cf8d7af111be	bcbad50c982767b9	f30cc07bc0a9f742	2000000000000000	7ffc5b094018	7ffc5b093e80	8	0	9adb248eb4a4ad4f	299c33344c9cf85a	584aa9d76330	8000000000000000	7ffc5b093e80	7ffc5b093e88
0.567849	99cfc	8000000000000001	584aaa2a5aa8	8000000000000001	8000000000000001	584aaa2a5a01	7ffc5b097458	2	7ffc5b097370	8	0	4f1fb8d60e383948	3bf2da18369c71b4	38f2	584aaa2fc658	7ffc5b097458	8000000000000000
0.578139	9a1f6	584aa9d0dfc0	584aa9d563e0	46f8	0	3d7e	584aa9d563e0	584aa9d563e0	7ffc5b097380	0	584aa9eaf8a0	584aa9eaf8f0	7778d821ace0	17a8	584aaa2fc658	7ffc5b097410	0
0.585870	9a1f6	584aa9dc51b0	584aa9d44cb0	2412	1	3d7e	584aa9d44cb0	7ffc5b090c98	7ffc5b090b70	584aa9b85010	584aa9d0f330	7	7	584aa9d44cb0	8000000000000002	584aa9d32c20	c06
0.599180	940a9	3f3e5e6320e14837	34	a7680624a888219	8	7ffc5b097310	7ffc5b097318	2da0	7ffc5b097300	8	0	dd475fa14ff876b2	e2bc2feffd9970b0	2da0	8000000000000000	7ffc5b097310	7ffc5b097318
0.609186	1f2e3204c044	7f	70	7f	90	ff	584aa9f72800	7ffc5b097230	7ffc5b08f478	0	584aa9f71800	7778d821b0e0	7778d821ace0	0	38	7ffc5b097250	584aa9f72800
0.618519	95889	bb2b631002a94056	7ffc5b092b08	61420ad513d3226e	386d	52d78b47db74d03	c8440e7572da2523	7ffc5b09b7c0	7ffc5b092b00	a43d69101cbf5742	71481cd604c32870	84d25f0f810f8aac	3dd77607c90f17ff	279	0	e4	7ffc5b0975d0
0.624659	9408a	70f4be2e1c85be04	0	ed32ab19412d0192	8	7ffc5b097310	7ffc5b097318	0	7ffc5b097300	0	0	f77197fb7e3f8586	c7bd5dbd3e54e32e	1e85	8000000000000000	7ffc5b097310	7ffc5b097318
0.632732	9aaca	584aa9ce6870	7ffc5b09b7c0	dbc0	7778d7dda010	3d7e	8000000000000001	36f	7ffc5b097390	584aa9e2c310	584aa9cef8e0	11	189a5776364914b7	36f	584aa9c9bf40	7ffc5b097410	1
0.642795	9a1f6	584aa9c92050	584aa9d84d30	a422	1	3d7e	584aa9d84d30	7ffc5b093b88	7ffc5b093a30	8	0	5932cff27ea53948	ad13ebb6f2ae6dca	584aa9d84d30	8000000000000002	584aa9d4b058	36b6
0.648527	926e8	8000000000000001	fc	2f	0	7ffc5b095918	7ffc5b09b7c0	7ffc5b09b7c0	7ffc5b0958e8	6606	0	d5de2b3c3b5f95ea	99cc7c097823a721	0	0	31c1	7ffc5b0975d0
0.660362	984de	8000000000000001	7ffc5b09b7c0	0	ffff	584aaa21ebc8	8000000000000001	1	7ffc5b097388	584aaa2fc6a0	0	34e9d4588e65ffc	f07653afb7aab415	51a	584aaa2fc658	7ffc5b097410	1
0.665786	99c09	6353106baeee398d	7ffc5b0966b8	c796faf36f97f3f0	df2eaa98e7f16712	eea090d8f9b54a0f	2000000000000000	7ffc5b0966b8	7ffc5b0964e0	8	0	3896f97554c73f8b	e796faf36f97f3f0	5e	8000000000000000	7ffc5b0964e0	7ffc5b0964e8
0.676286	92762	7	7ffc5b09b7c0	f367792bac1acde2	584aaa2fc6a0	584aaa2fc658	0	7ffc5b0961d8	7ffc5b096080	8	0	3461cf79084381a2	7179f4de6d11b56f	7ffc5b0961d8	0	7fff	76d8
0.689213	9a208	584aa9cbf5f0	584aa9d61c00	5dfc	584aa9b85010	3d7e	584aa9d61c00	584aa9d61c00	7ffc5b097380	584aaa2fc6a0	0	64213dbd214c0fd2	4713d02933f202b0	1f54	584aaa2fc658	7ffc5b097410	0
0.704160	9accd	ffffffffffff1366	7ffc5b09b7c0	0	380	584aaa2861d0	7ffc5b097458	2	7ffc5b097390	584aaa2fc6a0	0	6389530ad966f8aa	642b9c708e1d7444	f2c	584aaa2fc658	7ffc5b097410	0
0.714783	1f2e31f4d66d	41	ffffffffffffff50	8	0	584aa9d06dc0	7778d821ac80	0	7ffc5b097308	584aaa2fc6a0	0	a1adff24095cf446	a442f655e553081f	16f4	0	7ffc5b097410	0
0.726305	9ac7a	3adf	7ffc5b09b7c0	3acf	3ef6	fb3a	7ffc5b09001f	2	7ffc5b097390	584aaa2fc6a0	0	600113f05ce7875e	1152d0ca63b11a33	2f5f	584aaa2fc658	1d6f8	0
0.734043	1f2e31f4ea65	584aa9c3db60	7778d821ac80	584aa9ce34f0	7778d821ad20	7778d821ad10	2	38	7ffc5b08c000	584aa9b85010	7778d821ac80	5	7	584aa9c41360	40	584aa9c8b300	12
0.747281	9a208	584aa9db5380	584aa9d39268	cc9	584aa9b85010	3d7e	584aa9d39268	584aa9d39268	7ffc5b097380	584aaa2fc6a0	0	4c80db36719b7fd	3820c8b9ba8553be	443	584aaa2fc658	7ffc5b097410	0
0.755361	927f3	0	7ffc5b09b7c0	f289c8a750091fce	584aaa2fc6a0	584aaa2fc658	0	7ffc5b0915f8	7ffc5b0914a0	8	0	347e050e58eebbc7	721b8d715dc8ff1a	7ffc5b0915f8	7ffc5b097160	7fff	3a07
0.768455	940bd	7decad5605d632fd	30	b4721d0c4a8f1ef4	8	7ffc5b094350	7ffc5b094358	584aa9fb3210	7ffc5b094340	8	0	bed111a4520aebd2	a4d3bd0452bb941e	ffffc000	160	584aa9fb02d0	7ffc5b094350
0.776815	92762	46	7ffc5b09b7c0	db40c67886c91f6c	584aaa2fc6a0	584aaa2fc658	0	7ffc5b096128	7ffc5b095fe0	8	0	7a2c06a0cc3ea979	ffd861df1c060c01	7ffc5b096128	1	7fff	614a
0.783824	9276a	18	7ffc5b09b7c0	e8d79fdd5a168c35	584aaa2fc6a0	584aaa2fc658	0	7ffc5b096108	7ffc5b095fc0	8	0	3dbb1ab198fe5916	cb464eb73ba612d1	7ffc5b096108	1	7fff	7a57
0.797116	92810	bbff	7ffc5b09b7c0	997f186f84c918ec	584aaa2fc6a0	584aaa2fc658	0	7ffc5b08c038	7ffc5b08bee0	8	0	a62a6da6b77c004d	71db3e80a1fd2c6a	7ffc5b08c038	8000000000000001	7fff	23d
0.803058	9a1f6	584aa9c45b60	584aa9d49b28	2de1	584aa9b85010	3d7e	584aa9d49b28	584aa9d49b28	7ffc5b097380	584aaa2fc6a0	0	a4f782e85094a8e2	1faa77e35534c73b	f4b	584aaa2fc658	7ffc5b097410	1
0.811020	99cfc	8000000000000001	584aaa1f5a80	8000000000000001	8000000000000001	584aaa1f5a01	7ffc5b097458	10	7ffc5b097370	8	0	eb9d0e346b5acc9c	6a80c79a085e4cc6	3c1f	584aaa2fc658	7ffc5b097458	8000000000000000
0.816944	93557	8000000000000002	7ffc5b09b7c0	81	83000	3d7e	7778d7dda010	8000000000000001	7ffc5b08f8b0	7ffc5b0971c0	44	7ffc5b0970b0	dc1a6b0ad7fdd80	81	7ffc5b0971c0	20c0	44
0.822416	1f2e31f4c806	584aa9ef5440	584aa9ce5290	31	1	584aa9ef5440	584aa9ea9350	40	7ffc5b097450	584f2d7b4b15	584aa9d1d7f0	30	189a5776364914b7	7778d821aca0	7778d821ac80	584aa9ce52d0	584aa9ce5
0.828359	1f2e31f4c6e9	60	7778d821ac80	61	7778d821ad30	ffe1ffdc	584aa9c8ecd0	38	7ffc5b08f590	0	0	584aa9cd62f0	7778d821ace0	20	40	60	2
0.841506	99cfc	8000000000000001	584aaa2d6e70	8000000000000001	8000000000000001	584aaa2d6e01	7ffc5b097458	2	7ffc5b097370	8	0	3bf2fdee5312a3cb	b1d894e9f95aeb20	317d	584aaa2fc658	7ffc5b097458	8000000000000000
0.851277	1f2e31f4c6e9	90	7778d821ac80	91	7778d821ad60	c13ffe0c	584aa9ce7140	28	7ffc5b097250	584aaa2fc6a0	0	6e029464e65c31af	7778d821ace0	60	30	90	1
0.857086	93d8c	584aa9fcf6b0	d9	ffffef00	ffffffffffffdf40	f5	1ff	584aa9fcf6b0	7ffc5b095380	0	1	bc8aab6c4f7ce4f8	6187c897cf82569e	ffffef80	0	ffffffffffffff00	584aa9fd37d0
0.864234	1f2e31f4ea86	584aa9f684f0	7778d821ac80	584aa9cff0a0	7778d821ad10	7778d821ad00	1	28	7ffc5b097260	584aa9b85010	7778d821ac80	6	7	584aa9dd5a50	30	189a5776364914b7	11
0.874193	99cfc	8000000000000001	584aaa24b4c0	8000000000000001	8000000000000001	584aaa24b401	7ffc5b097458	1	7ffc5b097370	8	0	3598768c4156446f	58ed9599d863ca3c	2bb	584aaa2fc658	7ffc5b097458	8000000000000000
0.884066	9aca1	56de	7ffc5b09b7c0	56ce	10ff	5b090004	5b090003	1	7ffc5b097390	584aaa2fc6a0	0	dc4b4856ff8467f2	80f9e751013335b4	120a	584aaa2fc658	2b6f0	1
0.893292	99cbf	dcaa4bb8d7cd52f5	7ffc5b089638	32d932bef406a21b	b6394a1774db0b1a	d7cd52f5dcaa4bb8	2000000000000000	7ffc5b089638	7ffc5b089460	8	0	cfd693cf0acd81ee	79a1f11a31770a49	7ffc5b09b7c0	8000000000000000	7ffc5b089460	7ffc5b089468
0.901710	99cfc	8000000000000001	584aaa137b08	8000000000000001	8000000000000001	584aaa137b01	7ffc5b097458	1	7ffc5b097370	8	0	7aae98ffecb9cd30	6f9959ee83d4709d	3f1	584aaa2fc658	7ffc5b097458	8000000000000000
0.907366	9a208	584aa9c053d0	584aa9d7c3f0	92fa	584aa9b85010	3d7e	584aa9d7c3f0	584aa9d7c3f0	7ffc5b097380	584aaa2fc6a0	0	edbf7ea1bcccc02a	7bc60bcf8035c473	30fe	584aaa2fc658	7ffc5b097410	0
0.914805	9a1f6	584aa9f6dc30	584aa9d81cd0	9e16	1	3d7e	584aa9d81cd0	7ffc5b094fb8	7ffc5b094e50	0	584aa9ce7990	7778d821ad20	7778d821ace0	584aa9d81cd0	8000000000000002	584aa9d32c20	34b2
0.923149	98dd4	584aa9d32c20	0	584aa9d7b118	300	3d7e	584aa9dbc740	7ffc5b097301	7ffc5b0915c0	8000000000000000	0	7ffc5b0974a0	8000000000000001	0	1	3035	7ffc5b09b7c0
0.935181	1f2e31f501fd	584aa9ef2df0	ffffffffffffff88	2	584aa9b85010	584aa9c1b040	11	28	7ffc5b097330	584aaa2fc6a0	0	d001c75f6ff5bb4e	8bfda24ed85744b6	1	584aaa2fc658	7ffc5b097410	2
0.941290	1f2e31f50060	2	7ffc5b084db8	584aa9c74a60	0	3d7e	28	7ffc5b084f00	7ffc5b084d48	8	0	ee44d1c7ab382a12	d25c9bc26053e96b	8000000000000000	8000000000000001	584aa9c74a60	584aa9c74a60
0.953892	1f2e31f4e970	0	7778d821ac80	0	584aa9b85010	28	7778d821ac80	28	7ffc5b096cd8	7778d7dc9010	0	2e7151ea88df205b	c559c3cdb0a17118	1	7778d7dc8fc8	584aa9fc02f0	1
0.969042	b7e55	584aaa0bc6a0	7ffc5b07f5b0	973b	6ed9	98bf	7ffc5b07f5b0	7ffc5b09b7c0	7ffc5b07f2c0	ca	7ffc5b098680	831239897b9be753	ec2d9b259b51e8aa	c9	6ed9	0	3269
0.984070	1f2e3204b91d	7778d6de0ed0	7778d753bf80	4f67	58	7778d7381ed0	7778d6de0ed0	ffffff80	7ffc5b08fd38	7778d6f96010	0	638289193c5f33ce	7ad3dd5663b8ad39	9a92	4f70	ffffffffffffb088	ffffff00
0.993638	1f2e31f4f870	0	7778d821ac80	51	16fe1	584aaac52020	0	48	7ffc5b0848f0	9	584aaac51fe0	9	7778d821ace0	ffffffffffffff88	50	5	3
1.003666	1f2e31f503c2	51	ffffffffffffff50	8	8	584aaa62c2e0	584aaa62c2f0	7778d6c78810	7ffc5b097be0	584aa9e48b50	9	0	189a5776364914b7	7778d6f9f120	ffff347d	10fab	7778d6c78810
1.014460	1f2e31f4c862	584aaab45280	584aaa9ff890	51	51	584aaab45280	584aaa6a8f70	a0	7ffc5b072e60	584f2e355e38	584aaa9ff890	50	7c	7778d821aca8	7778d821ac80	584aaa6a8fc0	584aaa6a8
1.027661	1f2e31f4c70f	7778d821ad10	7778d821ac80	41	584aa9d97ec0	7778d821ad10	584aa9d97f30	28	7ffc5b097900	7778d7dc9010	0	88b58dfeadf7e213	7778d821ace0	10	30	40	1
1.033104	99cfc	8000000000000001	7778d7cd9a90	8000000000000001	8000000000000001	7778d7cd9a01	7ffc5b097b08	1	7ffc5b097a20	8	0	7692de12d8c313f5	94e8379180948d37	6316	7778d7dc8fc8	7ffc5b097b08	8000000000000000
1.044085	92a5c	7778d7548010	7ffc5b09b7c0	ef840	1	98bf	7ffc5b082d70	7ffc5b082e60	7ffc5b082d00	8	0	c396cd9a335208f	b1bdea9bc338235f	7778d7637850	8000000000000002	584aaa0bc6a0	3be1
1.057638	9acca	fffffffffff88aaa	7ffc5b09b7c0	1	c5ff	7778d7a0e558	7ffc5b097450	2	7ffc5b097390	7778d7dc9010	0	507d0a4f1f73bbdb	df0320eee6030cc8	2d7b	7778d7dc8fc8	7ffc5b097410	1
1.064462	9a1f6	584aa9ccac30	584aaa11d978	c25b	1	98bf	584aaa11d978	7ffc5b08bd98	7ffc5b08bc30	8	0	cfb7a6c05b4eeea6	500b67d7cf86e17b	584aaa11d978	8000000000000002	584aaa11d960	40c9
1.078680	9aafa	584aa9cd8320	7ffc5b09b7c0	7ffc5b09b7c0	7778d7623dd0	8000000000000002	8000000000000001	36f7	7ffc5b097390	584aa9eed500	0	5a36353bb33ff75e	189a5776364914b7	36f7	584aaa23c6b0	7ffc5b097410	0
1.092271	958d3	0	7ffc5b096d28	1	8	7ffc5b096d20	7ffc5b096d28	7ffc5b09b7c0	7ffc5b096d20	8	0	ed83b1e6f64ab2dc	3b6a8958d7a3b891	0	1a6b	22	7ffc5b096d20
1.101018	99cfc	8000000000000001	7778d799d100	8000000000000001	8000000000000001	7778d799d101	7ffc5b097458	4	7ffc5b097370	8	0	f80a951a79d4b8ed	a74019aad1a8e278	d00	7778d7dc8fc8	7ffc5b097458	8000000000000000
1.114454	9a1f6	584aa9d764f0	584aaa12ee20	e4f0	1	9c00	584aaa12ee20	7ffc5b08da78	7ffc5b08d910	0	584aa9f69290	584aa9ee5390	7778d821ace0	584aaa12ee20	8000000000000002	584aaa0bc6a0	4c50
1.120318	93680	b87413d085f3e24c	7ffc5b091be8	666229b4315b22d5	5b8d2adf2e34fa38	34c515641815bf1	1100000000000001	241	7ffc5b091be0	0	1	931c0cbd8d0a57c2	e3fadce801a7b67	7ffc5b09b7c0	7ffc5b0971c0	7ffc5b091ce0	7ffc5b091be0
1.135116	99cfc	8000000000000001	7778d7cc3dd0	8000000000000001	8000000000000001	7778d7cc3d01	7ffc5b097458	2	7ffc5b097370	8	0	7a287b0b1407ab9f	5d7cc5b29bfe8970	9b41	7778d7dc8fc8	7ffc5b097458	8000000000000000
1.143859	9a1f6	584aa9d8d1d0	584aaa1b0ae0	1e888	1	a5d0	584aaa1b0ae0	7ffc5b095fd8	7ffc5b095eb0	8	0	f41ddaf518cd1a34	153b98dbacb00552	584aaa1b0ae0	8000000000000002	584aaa1b0ac8	a2d8
1.149627	1f2e31f503c2	31	ffffffffffffff50	1	584aa9ea9	584aa9c1b4f0	584aa9c1b500	584aaa0f0288	7ffc5b097360	584aa9ea9ce0	584aaa2bdce0	11	189a5776364914b7	227f	7778d7dc8fc8	7ffc5b097410	2
1.161610	9a1f6	584aaa3067e0	584aaa1ac178	1df5b	1	a5d0	584aaa1ac178	7ffc5b0932d8	7ffc5b093170	8	0	304cffb575817dc7	503f5f34c72a7503	584aaa1ac178	8000000000000002	584aaa1ac160	9fc9
1.168738	1f2e31f5009d	30	ffffffffffffff88	584aa9dd6c60	0	a5d0	28	28	7ffc5b08c2c0	8	0	4bfd0ef86867a00f	84e7f6798768619b	1	8000000000000001	584aa9dd6c60	584aa9c1b780
1.183937	94401	2040	7ffc5b09b7c0	81	584aaa2db620	0	7ffc5b09b7c0	81	7ffc5b08e2e0	7ffc5b097160	51	584aaa310110	0	81	7ffc5b097160	0	51
1.191183	99cfc	8000000000000001	7778d7cc3368	8000000000000001	8000000000000001	7778d7cc3301	7ffc5b097458	2	7ffc5b097370	8	0	6e029464e65c4265	d01c9168b2ae52d6	4794	7778d7dc8fc8	7ffc5b097458	8000000000000000
1.201458	9ad90	0	7ffc5b09b7c0	1	584aaaa97	584aa9b85010	7	584aaa0f71d0	7ffc5b097390	584aaaa97bd0	0	80a200a58bfffe49	189a5776364914b7	b0aa	584aaa23c6b0	0	1
1.209296	93f62	0	7ffc5b095bc8	1	1	7ffc5b095bc0	7ffc5b095bc8	81	7ffc5b095bb0	8	0	a8dd734607d8926b	e774a51146495e52	7ffc5b09b7c0	7ffc5b097160	7ffc5b095cc0	7ffc5b095bc0
1.217234	99cfc	8000000000000001	7778d796f7b8	8000000000000001	8000000000000001	7778d796f701	7ffc5b097458	21	7ffc5b097370	8	0	7a2c94eb16b33165	277c6fd05b9e18a9	4b66	7778d7dc8fc8	7ffc5b097458	8000000000000000
1.227733	9a0aa	7	7ffc5b08b638	584aa9d66570	0	b28e	7ffc5b08b638	7ffc5b08b778	7ffc5b08b5e0	8	0	e6c2729f5aceb189	eb1731de1a146d26	584aaa0e9508	8000000000000001	584aaa0bc6a0	584aa9d66570
1.241076	9a1f6	584aa9d26a50	584aaa1275d8	d5e7	584aa9b85010	b2d2	584aaa1275d8	584aaa1275d8	7ffc5b097380	584aab899480	0	eb87a87bd18c24a8	32a9ab101f073aa	474d	584aab899438	7ffc5b097410	1
1.247116	93f95	0	7ffc5b096398	1	8	7ffc5b096390	7ffc5b096398	584aaa8cd5f0	7ffc5b096380	0	0	ed83b1e6f3d40a79	3b7de86c78d6d6e3	62	388	60	7ffc5b096390
1.254714	998da	981124590320e275	15c	275	276	fb4d53c0aabca172	7ff	584aaa8cc7b0	7ffc5b095520	8	0	88e02972dd0999	2ad891298814b31f	ffffffc0	270	276	584aa9ff34e0
1.267551	940b2	1fd12f33257c2253	1	93b0274b72bd5585	8	7ffc5b097310	7ffc5b097318	4c0d	7ffc5b097300	8	0	ed83b1e557fc9d24	3b700ee5a8dd0822	4c0d	8000000000000000	8000000000000001	8000000000000001
1.273046	99c69	8f9773139406137d	7ffc5b0931f8	1c7d1ac93d414c3d	89ad33e946f523e0	7867aadf71039627	2000000000000000	7ffc5b0931f8	7ffc5b093020	8	0	8ffb8ad89964f69b	15023ddded0baa9d	584aaa1ab4a0	8000000000000000	7ffc5b093020	7ffc5b093028
1.279327	99cfc	8000000000000001	584aab72c410	8000000000000001	8000000000000001	584aab72c401	7ffc5b097458	1	7ffc5b097370	8	0	bcf5bb5b04654ea	aa60997b04a3cb24	288c	584aab899438	7ffc5b097458	8000000000000000
1.287026	991dd	0	7ffc5b0966e8	1	3afa52bf01ee1c41	7ffc5b0966e0	1800000000000000	4ead	7ffc5b0966e0	8	0	3afa52bf01ee1c41	fde3ef9c8815b0f5	0	1	7ffc5b0967d0	7ffc5b0966e0
1.292924	99cfc	8000000000000001	584aab5af3b0	8000000000000001	8000000000000001	584aab5af301	7ffc5b097458	1	7ffc5b097370	8	0	908b3cb18c63189e	26346deb7f3206e6	a4e2	584aab899438	7ffc5b097458	8000000000000000
1.302127	98e74	584aaa0bc6a0	0	7a683ea99f603c6c	584aa9d76fe0	bab8	7	7ffc5b097201	7ffc5b094b20	72	4	7ffc5b097340	8000000000000001	0	1	12aa	7ffc5b09b7c0
1.310112	9a208	584aa9c2e220	584aaa0cdf50	2316	584aa9b85010	bab8	584aaa0cdf50	584aaa0cdf50	7ffc5b097380	584aab899480	0	c9d9ead4ed6e0abc	44b058805b7a5a54	bb2	584aab899438	7ffc5b097410	3
1.317234	9a1f6	584aa9eea880	584aaa1bd9c8	20265	1	bab8	584aaa1bd9c8	7ffc5b095338	7ffc5b0951d0	8	0	765138bbb74c0474	2671d97bc0aba379	584aaa1bd9c8	8000000000000002	584aaa0bc6a0	ab77
1.325544	99cfc	8000000000000001	584aab268550	8000000000000001	8000000000000001	584aab268501	7ffc5b097458	1	7ffc5b097370	8	0	665976ce0d8bffec	abce70333535f9c9	7a4e	584aab899438	7ffc5b097458	8000000000000000
1.338541	9acca	fffffffffff8f6f2	7ffc5b09b7c0	1	17ff	584aab514c08	7ffc5b097450	8	7ffc5b097390	584aab899480	0	d46d5b42079ca122	35af6d37325f4a2a	ab46	584aab899438	7ffc5b097410	1
1.347267	940b6	2aca6f943d423924	0	af538258785039f9	8	7ffc5b095040	7ffc5b095048	7ffc5b095208	7ffc5b095030	8	0	e927275197dad032	666d8999c5d2a89d	0	8000000000000000	7ffc5b095040	7ffc5b095048
1.355001	9aaca	584aaa308970	7ffc5b09b7c0	bc200	7778d7548010	c1fa	8000000000000001	2f08	7ffc5b097390	584aaa2eb940	0	2da67325ea9a7132	189a5776364914b7	2f08	584aaa23c6b0	7ffc5b097410	1
1.369512	99cfc	8000000000000001	584aab1723d0	8000000000000001	8000000000000001	584aab172301	7ffc5b097458	2	7ffc5b097370	8	0	4841a6f32260c7	dfb26d6b01ba11fc	b83f	584aab899438	7ffc5b097458	8000000000000000
1.381815	92790	0	7ffc5b09b7c0	bc95835db6cec95c	584aab899480	584aab899438	0	1	7ffc5b090ec0	8	0	603e21d8f604059c	89312c6499880b05	7ffc5b091008	1	1ffff	b5c1
1.391455	9ab55	ddeeea100caed9ee	7ffc5b09b7c0	1ffff	584aab899480	6e	2000000000000000	0	7ffc5b097390	8	0	208788f8733eb8ee	a01b4b4de464a833	58f8	584aaa23c6b0	7ffc5b097410	1
1.403760	92d31	f2ff	7ffc5b09b7c0	75	8000000000000001	584aab899480	1d243	7ffc5b092d48	7ffc5b092c00	584aab899438	0	5a769878cd249fe8	54596772c1d0cc9b	0	1ffff	1d243	3aec
1.415167	940bd	3f3e5e63209146f7	84	a7680f24a888219	8	7ffc5b090ce0	7ffc5b090ce8	7ffc5b090ea8	7ffc5b090cd0	8	0	dd475fa14ff87622	e2bc39ef8be97ec0	584aaa0d47d8	8000000000000000	7ffc5b090ce0	7ffc5b090ce8
1.426056	1f2e31f4d721	31	40	2	7	584aa9b85010	7	584aaa053350	7ffc5b0972d0	584aaa053360	0	885435d18155f0c6	189a5776364914b7	7778d821ac80	0	584aaa053390	0
1.437720	93f61	7ffc5b096ce8	7ffc5b096ea8	1	8	7ffc5b096ce0	7ffc5b096ce8	7ffc5b096ea8	7ffc5b096cd8	a43d69101cbc9cb4	71481cd604c32870	584aa9e47960	0	0	8000000000000000	8000000000000001	8000000000000001
1.452581	99158	bb2b631002a92557	afcd	61420ad513d3226e	a43d69101cbf3243	52d78b47db74d03	c8440e7572da4022	afcd	7ffc5b096aa0	71481cd604c32870	0	d79f75cb839104cb	18329d6d3db97943	0	1	7ffc5b096b90	7ffc5b097230
1.464331	9acca	fffffffffff38eea	7ffc5b09b7c0	1	d7ff	584aab260bc8	7ffc5b097450	1	7ffc5b097390	584aab899480	0	5d67575904ad8c4c	8def04a9ea3a8ba0	5617	584aab899438	7ffc5b097410	2
1.478087	1f2e3204b880	1	20	7778d821ac98	18	584aaa0b7970	584aa9fe0d20	30	7ffc5b097258	584aaa0b7970	584aa9fe0d20	5063ddd2d6ea8549	1	584aaa0b7960	7778d821ac80	584aaa0b7980	584aa9fe0d20
1.486376	99cfc	8000000000000001	584aab021d88	8000000000000001	8000000000000001	584aab021d01	7ffc5b097458	2	7ffc5b097370	8	0	cd1f0d850c309162	c186117cd91e1507	c6b9	584aab899438	7ffc5b097458	8000000000000000
1.494997	1f2e31f503c2	31	ffffffffffffff50	7626	1	584aa9f26cf0	584aa9f26d00	7ffc5b092128	7ffc5b091fd0	0	584aaaaa15e0	584aa9f241c0	7778d821ace0	584aaa0f77d0	8000000000000002	584aaa0bc6a0	2762
1.509460	99c88	644b3cf2c0432ff	7ffc5b091c28	33cf636c9be772d4	e701aa755d0c0882	f8266a4e833a178	2000000000000000	7ffc5b091c28	7ffc5b091a60	8	0	d43002f34aefebd2	7970c56ed9c86622	584aaa0f32a0	8000000000000000	7ffc5b091a60	7ffc5b091a68
1.521571	9a1f2	584aaa318e20	584aaa0e2a10	4c6e	584aa9b85010	d19a	584aaa0e2a10	584aaa0e2a10	7ffc5b097380	584aab899480	0	f9d8430e1abd77fb	f7ec33197d6cdb2d	197a	584aab899438	7ffc5b097410	1
1.533448	1f2e31f503c2	31	ffffffffffffff50	1	584f2ea3001f	584aa9fa59f0	584aa9fa5a00	7ffc5b096848	7ffc5b096700	584aa9c2f980	584aa9dda530	584aa9ef3d80	189a5776364914b7	584aaa0e87b8	8000000000000002	584aaa0bc6a0	1d61
1.543268	99a89	7ffc5b093a48	7ffc5b093bd8	1	61420ad513d3226e	7ffc5b093a40	c8440e7572d9eed5	7ffc5b093bd8	7ffc5b093a40	a43d69101cbc9cb4	71481cd604c32870	80f0fa27a5c9d7b0	189a5776364914b7	584aaa1a1ba0	8000000000000000	8000000000000001	8000000000000001
1.558362	99cfc	8000000000000001	584aab8303c0	8000000000000001	8000000000000001	584aab830301	7ffc5b097458	1	7ffc5b097370	8	0	f80b0f8c531dd1bc	1755f0218a0b2fb7	9e98	584aab899438	7ffc5b097458	8000000000000000
1.566556	95e69	46	420	fffffa00	427	417	fff	584aaa71d8d0	7ffc5b094a20	8	0	19b4a87ca1decb49	955ce2d6b252b61b	36c	428	fffffb00	584aaa73dcd0
1.581392	9a208	584aa9fb6370	584aaa1eb5e0	1	584aa9ccc	584aa9b85010	7	584aaa1eb5e0	7ffc5b097380	584aa9cccce0	0	b98515e77b61a56b	189a5776364914b7	c9f8	584aab899438	7ffc5b097410	1
1.592104	98d1f	584aaa0bc6a0	0	584aaa0dc188	0	dca8	e340	7ffc5b097301	7ffc5b094080	8	0	7ffc5b0974a0	8000000000000001	0	1	151f	7ffc5b09b7c0
1.602629	1f2e31f501c5	30	ffffffffffffff88	6	584aa9b85010	584aa9fe7a40	28	28	7ffc5b097330	584aab899480	0	3460e9869080c13d	3732baadd8719118	1	584aab899438	584aa9d8c6a0	1
1.613166	1f2e31f4c6e9	60	7778d821ac80	61	7778d821ad30	6fffffdc	584aaa6f8f20	38	7ffc5b090550	0	0	584aaa9c8d60	7778d821ace0	20	40	60	2
1.624621	1f2e31f4ea65	584aaabcfac0	7778d821ac80	584aaabe0980	7778d821ad10	7778d821ad00	1	28	7ffc5b097260	584aa9b85010	7778d821ac80	5	7	584aaa8c7740	30	584aaad61a10	11
1.634608	94090	1fcfcac1534ca4c4	3f2d	72bd558593b3cd4b	8	7ffc5b091db0	7ffc5b091db8	7ffc5b097230	7ffc5b091da0	0	0	5d37cf9f723185b4	953812536df36df	0	1	7ffc5b091e50	7ffc5b091db0
1.649122	9aaca	584aa9f95120	7ffc5b09b7c0	10b5c0	7778d7548010	dca8	8000000000000001	42d7	7ffc5b097390	584aa9ff7880	0	f07baa8129cc5d55	189a5776364914b7	42d7	584aaa23c6b0	7ffc5b097410	2
1.658170	92d74	ffffffffffef9500	7ffc5b09b7c0	3b	9c208cca7169bb4d	584aab899480	fffffffffffe2d00	7ffc5b08a5f8	7ffc5b08a4a0	584aab899438	0	f7da8c5411151a32	5c6b6d4f6abdd795	0	1d2f0	1d300	37d8
1.665680	1f2e31f4c70f	7778d821ad60	7778d821ac80	91	584aa9ddf690	7778d821ad60	584aaa9bac80	38	7ffc5b0942d0	8	0	627ee6da71891ed5	7778d821ace0	50	40	90	2
1.677671	940ae	1fd12f33257c2253	1	93b0274b72bd5585	8	7ffc5b093fe0	7ffc5b093fe8	7ffc5b094178	7ffc5b093fd0	8	0	ed83b1e557fc9d24	3b700ee5a8dd0822	0	8000000000000000	8000000000000001	8000000000000001
1.689308	99292	54417e6404e6dfe8	7ffc5b08fe78	3905851f17e46f39	99ebb4ff7005c294	2e9b32f661f220ff	1800000000000000	584aaad40e60	7ffc5b08fe70	8	0	da32df4c7052e2cf	8be40674e2d99077	ffffffe0	30	584aaad40770	7ffc5b08fe70
1.702382	940a9	d660fd850282e85f	c4	63d0b0564a9ca494	8	7ffc5b090f70	7ffc5b090f78	7ffc5b09b7c0	7ffc5b090f60	8	0	1b987df6d2924689	d81e58689b2e6714	0	0	c4	7ffc5b090f70
1.716168	99cfc	8000000000000001	584aab4af1e0	8000000000000001	8000000000000001	584aab4af101	7ffc5b092448	8000	7ffc5b0922e0	8	0	3594b0601a24c52d	aafabceb24b87c8	7ffc5b092448	fffffffffff82bb5	7ffc5b092448	8000000000000000
1.725289	99bda	0	7ffc5b097458	1	0	7ffc5b097310	7ffc5b097318	0	7ffc5b097310	8	0	edbf7ea1bccc9926	7bdf2b446c89af5f	c22e	8000000000000000	7ffc5b097310	7ffc5b097318
1.737778	ce215	584aa9d0a5e0	584aa9fc9330	7	1	7	584aa9fc9330	7ffc5b090c58	7ffc5b090b10	0	584aa9d0a5e0	12	7778d821ace0	20000000000000	8000000000000001	2	8000000000000000
1.748065	9aaca	584aaa9b37d0	7ffc5b09b7c0	2afac0	7778d7548010	e240	8000000000000001	0	7ffc5b097390	584aa9f25330	584aaa736dd0	11	189a5776364914b7	abeb	584aaa23c6b0	7ffc5b097410	1
1.759922	9271c	8000000000000001	7ffc5b09b7c0	65	0	52d78b47db74d03	c8440e7572d9eed5	7ffc5b093958	7ffc5b093840	584aaad16470	24c60	14995b77aae3fa1d	39171ce644f2caae	0	0	bb24	7ffc5b0975d0
1.774958	1f2e31f4c862	584aaaa9d700	584aa9d7a250	30	31	584aaaa9d700	584aa9e42550	30	7ffc5b092b00	584f2d7d0a9b	584aa9d7a250	30	7d	7778d821ac98	7778d821ac80	584aaa8cb910	584aaa8cb
1.789419	99cfc	8000000000000001	584aab2c2628	8000000000000001	8000000000000001	584aab2c2601	7ffc5b097458	1	7ffc5b097370	8	0	b3b07915193721b8	a1397ac5a1e60711	4ca4	584aab899438	7ffc5b097458	8000000000000000
1.802975	99a25	584aaa23c6b0	7ffc5b093ea8	bb2b631002aa8ba0	646f72616e646f6d	52d78b47db74d03	c8440e7572d9eed5	7ffc5b093ea8	7ffc5b093ce0	584aaa39f010	584aa9d9a920	852bd366154155c	189a5776364914b7	584aaa1c2e40	8000000000000002	584aaa0bc6a0	aefc
1.816848	9a1f2	584aaa3136f0	584aaa0e8ff8	592b	584aa9b85010	ef28	584aaa0e8ff8	584aaa0e8ff8	7ffc5b097380	584aab899480	0	48ee3c8acbf1b74	39918e61b78202f2	1db9	584aab899438	7ffc5b097410	1
1.822095	1f2e31f4c6e9	c0	7778d821ac80	c1	7778d821ad90	4bfff00c	584aaa3c4aa0	28	7ffc5b097250	584aab899480	0	11e31611723557c3	7778d821ace0	90	30	c0	1
1.832500	93895	584aaae9f100	a8d5	39b48236b29db901	3ff	fffffffffffff800	1	0	7ffc5b095468	f	1	584aaae9f900	0	3e	fffffffffffff800	7ffc5b0954e0	7ffc5b0970b0
1.838906	9a0aa	6	7ffc5b0925d0	584aaa70f350	0	ef28	7ffc5b0925d0	7ffc5b0926c8	7ffc5b092570	8	0	c31c1b0d659eb956	1ec2e03834b184bc	584aaa0bc6a0	8000000000000001	584aaa118410	584aaab972d0
1.849783	99cfc	8000000000000001	584aab0e4980	8000000000000001	8000000000000001	584aab0e4901	7ffc5b097458	2	7ffc5b097370	8	0	9d14ec6ef1b6cfc3	ed4b0526fdf9a16c	a716	584aab899438	7ffc5b097458	8000000000000000
1.862184	1f2e31f4c6e9	60	7778d821ac80	61	7778d821ad30	ffffffdc	584aaa71bca0	38	7ffc5b096e10	0	0	584aaa463de0	7778d821ace0	20	40	60	2
1.870011	9a1f6	584aa9de9620	584aaa1a7ca8	1d6c1	1	ef28	584aaa1a7ca8	7ffc5b0953a8	7ffc5b095250	0	584aaa396cb0	7778d821ad20	7778d821ace0	584aaa1a7ca8	8000000000000002	584aaa0bc6a0	9ceb
1.878683	9a1f2	584aa9ef2420	584aaa0e0c28	48b1	0	f2b4	584aaa0e0c28	584aaa0e0c28	7ffc5b097380	0	584aaaaa0530	584aaaaa0580	7778d821ace0	183b	584aab899438	7ffc5b097410	3
1.893817	1f2e31f501e9	584aaa8ef480	ffffffffffffff88	6	584aa9b85010	584aaa8ef	11	28	7ffc5b091b20	8	0	cacec655218238db	c0a77c843cdd002d	1	8000000000000001	584aaaaa8360	584aaaaa8360
1.907392	1f2e31f503c2	41	ffffffffffffff50	8	8	584aaa3b84d0	584aaa3b84e0	584aaa1b3180	7ffc5b097340	584aab899480	0	7cfea71e0b09a9af	8f1d81f90cfbde2a	a474	584aab899438	7ffc5b097410	1
1.921173	93557	8000000000000002	7ffc5b09b7c0	0	29d80	f2b4	7778d7548010	8000000000000001	7ffc5b08a590	7ffc5b097160	74	2a3e694f3fc0f5f	8a3dacea7cd83433	81	7ffc5b097160	a76	74
1.928356	9a1c8	584aaaf96960	7ffc5b0908c8	584aaaf96950	38	584aaa59df40	584aaaf96960	7	7ffc5b090870	0	584aaaf96960	584aaa8bff50	7778d821ace0	7	584aaaf96960	584aa9e5b9a0	584aa9d64950
1.937533	9a208	584aaa8caa80	584aaa201840	28a34	584aa9b85010	f2b4	584aaa201840	584aaa201840	7ffc5b097380	584aab899480	0	5a36353bb33f21eb	8211a8a09ddef1fc	d8bc	584aab899438	7ffc5b097410	4
1.945175	9aaca	584aaa3b0d40	7ffc5b09b7c0	27b000	7778d7548010	f2b4	8000000000000001	9ec0	7ffc5b097390	584aa9d99280	0	5932cff27ea68417	189a5776364914b7	9ec0	584aaa23c6b0	7ffc5b097410	2
1.951249	98d35	584aaa0bc6a0	11ca	584aaa0bc6a0	1101	f2b4	355e	1	7ffc5b08efa0	1	0	7ffc5b097340	8000000000000001	0	1	0	7ffc5b09b7c0
1.958670	95889	bb2b631002a9200a	7ffc5b093918	61420ad513d3226e	d637	52d78b47db74d03	c8440e7572da457f	7ffc5b09b7c0	7ffc5b093910	a43d69101cbf371e	71481cd604c32870	254abfe3646271b	6b64e2ec2d0ff158	8000000000000001	d638	e8	7ffc5b0975d0
1.969704	9a1f6	584aaa739b90	584aaa11c688	bffd	584aa9b85010	f80c	584aaa11c688	584aaa11c688	7ffc5b097380	584aab899480	0	cd43f7b05329f225	31ad6f97cbe52388	3fff	584aab899438	7ffc5b097410	2
1.982727	1f2e31f501c5	230	ffffffffffffff88	2	584aa9b85010	10	220	220	7ffc5b08c360	8	0	aa80b7fc02dd31ef	71edc572b5586ad1	21	7	10	200
1.990182	1f2e31f4c6e9	60	7778d821ac80	61	7778d821ad30	1fffffdc	584aaa9e9fb0	38	7ffc5b08fdd0	0	0	584aaa9e9c30	7778d821ace0	20	40	60	2
2.005175	1f2e31f503c2	31	ffffffffffffff50	8	8	584aa9d5d8f0	584aa9d5d900	584aaa1d7de0	7ffc5b097350	0	584aa9dc1610	584aa9dc1670	7778d821ace0	bcf8	584aab899438	7ffc5b097410	1
2.012456	93557	8000000000000002	f0	584aaad512a0	8b40	f9f0	7778d7548010	7ffc5b09b7c0	7ffc5b095860	8	0	5a1e6323374a219	47fe2b2766c8afc8	8000000000000001	f51	22d	7ffc5b0975d0
2.017741	9a1f6	584aaa5a8ce0	584aaa1e7ab8	25683	1	f9f0	584aaa1e7ab8	7ffc5b0950a8	7ffc5b094f50	8	0	e92ecf57730c67ba	e59de3631efbdc4d	584aaa1e7ab8	8000000000000002	584aaa1e7aa0	c781
2.029592	98edf	de5480ad439a0b0e	f7a7	584aaa2d41f0	7	f9f0	21aa7f52bc65f4f1	7ffc5b097301	7ffc5b090000	f0	4	7ffc5b0974a0	8000000000000001	0	1	0	7ffc5b09b7c0
2.038033	9a1f6	584aa9d461c0	584aaa1e3d08	24ecd	584aa9b85010	fc3e	584aaa1e3d08	584aaa1e3d08	7ffc5b097380	584aab899480	0	51db87e597707b4e	43a80548bbc04bcd	c4ef	584aab899438	7ffc5b097410	0
2.051827	9360b	a	7ffc5b090df8	1	0	7ffc5b090df0	7ffc5b090df8	584aaad40990	7ffc5b090df0	8	0	ed83b1e680896918	3b69467d42338c07	ffffe000	1e0	584aaad3c9f0	7ffc5b090df0
2.062440	92d74	fffffffffff8096e	7ffc5b09b7c0	59	5039983ca5cce8d7	584aab899480	ffffffffffff1d7e	7ffc5b091c28	7ffc5b091ae0	584aab899438	10	d403b0856a11e145	e34379975cfe4e43	0	e272	e292	1c84
2.068481	9accd	fffffffffff80f95	7ffc5b09b7c0	0	7cff	584aab4a1128	7ffc5b097458	40	7ffc5b097390	584aab899480	0	992bb7736f48b9f	94a0fb71c49a1777	a27b	584aab899438	7ffc5b097410	2
2.083128	1f2e31f4f26c	10000	7778d821ac80	7778d821b3d0	7778d821b3d0	7b110000	3	7778d821ad00	7ffc5b089e10	0	0	584aaa3c08d0	7778d821ace0	ffffffffffffff88	440	584aa9b85010	42
2.088552	9599d	8dc978efba0bb26a	7ffc5b091248	993d3a9240422c19	6c4832abce78dac9	f27adfaad3962b83	1000000000000000	7ffc5b09b7c0	7ffc5b091240	8	0	198f88c62f4f21e3	a14fec8c7056db7	8000000000000001	1259	f8	7ffc5b091240
2.102037	1f2e31f4e97f	3f	7778d821ac80	0	584aa9b85010	28	7778d821ac80	28	7ffc5b097320	584aab899480	0	d834740b7528ece0	915e095f3236122	1	584aab899438	584aaabe5ee0	1
2.110837	9a166	0	7ffc5b092658	0	38	584aa9d93c00	11	7	7ffc5b092600	8	0	dbd1f46f2d2dda86	42ea08ff0604b88e	7ffffffffffffff8	8000000000000001	584aaaa90970	584aaaf931e0
2.117185	9a1f6	584aaa6fe540	584aaa1338f0	ee4a	1	fc3e	584aaa1338f0	7ffc5b090038	7ffc5b08ff10	0	584aa9f8bfb0	584aaabe3d20	7778d821ace0	584aaa1338f0	8000000000000002	584aaa0bc6a0	4f6e
2.126714	9a208	584aa9dffa70	584aaa1cbf90	1	584aa9f65	584aa9b85010	7	584aaa1cbf90	7ffc5b097380	584aa9f65680	0	1e7fa82e81e0a796	189a5776364914b7	b50a	584aab899438	7ffc5b097410	1
2.135243	99cfc	8000000000000001	584aab24c2c0	8000000000000001	8000000000000001	584aab24c201	7ffc5b097458	2	7ffc5b097370	8	0	556942811c584f00	27384641fdf96bd5	3b7	584aab899438	7ffc5b097458	8000000000000000
2.145008	940b2	3f3e5e6320f44835	27	a7680514a888219	8	7ffc5b095300	7ffc5b095308	7ffc5b0954d8	7ffc5b0952f0	8	0	dd475fa14ff87681	e2bc2d8fffac70a1	584aaa111d08	8000000000000000	7ffc5b095300	7ffc5b095308
2.157497	9ab6d	8b35	7ffc5b09b7c0	1ffff	584aab899480	7b	0	c265	7ffc5b097390	8	0	5956e027030f16e4	435680a7159ad0c2	c265	584aab899438	7ffc5b097410	1
2.165820	940ae	1fcfcfe5f889627d	d5ef	93b4bbcd72bd5585	8	7ffc5b096530	7ffc5b096538	11	7ffc5b096520	8	0	ed83b1e6966401a2	3b744c6ccd289de2	42	7ffc5b09b7c0	d5ef	42
2.180441	1f2e31f4d666	31	ffffffffffffff50	24561	0	584aaaa8e0b0	7778d821ac80	0	7ffc5b094140	8	0	7aae98ffecb9bf81	6f96a63356961f4a	584aaa1df1a8	8000000000000002	584aaa129990	c1cb
2.188114	9276a	f	7ffc5b09b7c0	585d96438a833a28	584aab899480	584aab899438	0	7ffc5b096928	7ffc5b0967d0	8	0	772997f9df931218	d98289a2aa104e67	7ffc5b096928	2ca3	1ffff	5767
2.203054	1f2e31f4d721	31	40	2	7	584aa9b85010	7	584aa9f82da0	7ffc5b0972e0	584aa9f82db0	0	f312a30d12270161	189a5776364914b7	7778d821ac80	0	584aa9f82de0	0
2.213390	1f2e31f4c70f	7778d821ad10	7778d821ac80	41	584aa9c36fa0	7778d821ad10	584aaa067310	28	7ffc5b097250	584aab899480	0	cf2046f7e604ba2e	7778d821ace0	10	30	40	1
2.226465	98029	1e2	7ffc5b097500	584aaad24950	10a	fc3e	7778d7548010	55	7ffc5b092e50	9eb	0	ed83b1e6af68badb	3b6ecc6944a4aa83	8000000000000001	7ffc5b09b7c0	10a	6f
2.239667	1f2e31f503c2	41	ffffffffffffff50	8	8	584aaa6fa600	584aaa6fa610	584aaa0e7798	7ffc5b097340	584aab899480	584aa9c74230	f826e82418a52d9d	7778d821ace0	1cb5	584aab899438	7ffc5b097410	0
2.249144	98dee	584aaa0bc6a0	588b	584aaa20f8e0	0	fc3e	210010032010800	7ffc5b097401	7ffc5b0972a0	584aa9cfee60	4	584aa9c6b370	8000000000000001	0	1	e218	7ffc5b09b7c0
2.257465	92d74	fffffffffff747e5	7ffc5b09b7c0	15	476ba82762a3c2b1	584aab899480	ffffffffffff07fd	7ffc5b096788	7ffc5b096630	584aab899438	0	86df0926bf8082bf	7353f6fc31da4e9	0	f7f3	f803	5708
2.264791	97fc7	1dd	7ffc5b097500	584aaad24950	1ff	584aaad24940	0	63	7ffc5b0922f0	8000	0	ed83b1e6aaac1f45	3b720e2531adcdcb	7e	7ffc5b09b7c0	e70c	7e
2.277663	9a1f6	584aaa8d3060	584aaa210c48	2a8b5	0	fc3e	584aaa210c48	584aaa210c48	7ffc5b097380	584aab899480	584aa9d1a0d0	bfd4bd788560d7b3	7778d821ace0	e2e7	584aab899438	7ffc5b097410	1
2.283594	9824d	e117722d51f68a00	7ffc5b091598	c5194e331899309b	e9a53caa2648e7b5	38cfa66aace82fe9	800000000000000	73	7ffc5b091590	8	0	ed83b1e6a92945cf	3b6eecc8453eab70	85	7ffc5b09b7c0	0	85
2.296051	94057	85	7ffc5b090878	1	8	7ffc5b0906a0	7ffc5b0906a8	7ffc5b090878	7ffc5b090690	0	0	ed83b1e557fc9d24	3b700ee5a8dd0822	584aaa0ec4a8	8000000000000000	7ffc5b0906a0	7ffc5b0906a8
2.307780	98abd	3b9b17d94172e87	142	287	287	8da4a82478c549dc	3ff	584aaad249d0	7ffc5b0915b0	8	0	ed83b1e6aa1884a1	3b66ecf9706514e5	ffffc000	80	8e	584aaad28b70
2.314623	99d31	0	584aab7f63e8	8000000000000001	8000000000000001	584aab7f6301	7ffc5b097400	1	7ffc5b097370	8	0	7cf8ccfa755d6679	300e8ad394f201d2	fb28	584aab899438	7ffc5b097458	8000000000000000
2.326001	9a1f6	584aa9c6b1c0	584aaa0f29b8	6c63	0	fc3e	584aaa0f29b8	584aaa0f29b8	7ffc5b097380	584aab899480	584aa9e8ff80	84d26bf0a8e68975	7778d821ace0	2421	584aab899438	7ffc5b097410	2
2.341048	97fbd	cf	7ffc5b097500	584aaad28550	1ff	584aaad28540	0	1d	7ffc5b095bd0	8	0	ed83b1e69c8d5403	3b6ef29ed6feaf1a	9b	7ffc5b09b7c0	0	9b
2.355375	9a85a	2	7ffc5b092fd8	584aa9e8f050	0	fc3e	7ffc5b092fd8	7ffc5b093118	7ffc5b092f78	8	0	80955157d5765660	5cc9effd86d2799d	8000000000000000	8000000000000001	584aa9e8f050	584aa9e8f050
2.369601	9409f	55681a40a6ece394	bb1e	26b5ccf0dbd4a7b5	8	7ffc5b097310	7ffc5b097318	bb1f	7ffc5b097300	0	0	2e49e1539bf17170	4f1362a96bcf37f6	bb1f	8000000000000000	7ffc5b097310	7ffc5b097318
2.377451	927f3	0	7ffc5b09b7c0	d5d8dc72765da0fc	584aab899480	584aab899438	0	7ffc5b096858	7ffc5b096700	8	0	3fd2cc3188bef166	92c19584c2b18dc9	7ffc5b096858	0	1ffff	dd40
2.382734	928d3	584aa9e43d30	7ffc5b09b7c0	584aaa0bc6a0	2deeb	fc3e	f4f9	7ffc5b092a98	7ffc5b092940	8	0	936a1d1064fcec7d	910dd218587a0f92	584aaa22bdf8	8000000000000001	584aaa0bc6a0	584aa9d62850
2.390665	92d74	fffffffffffa34f8	7ffc5b09b7c0	2e	783bdda8853c3fdd	584aab899480	ffffffffffff5b38	7ffc5b08f908	7ffc5b08f7b0	584aab899438	0	142c7e3823cc3700	707f595a3e5713c4	0	a4b8	a4c8	1b58
2.398776	99cfc	8000000000000001	584aab181838	8000000000000001	8000000000000001	584aab181801	7ffc5b097458	1	7ffc5b097370	8	0	84e8a14c568dc3cc	f4a30c8857a9f0f9	d731	584aab899438	7ffc5b097458	8000000000000000
2.410082	98533	584aaad2e990	31b0	70	3ff	ef08635beea2df40	800000000000000	9c	7ffc5b08f530	8	0	ed83b1e69e2e1d80	3b77cb80d1e8943f	e17e76287b3c59a3	31b0	c9cf	7ffc5b097500
2.418307	92ce9	1	7ffc5b09b7c0	14	8000000000000001	584aab899480	8106	7ffc5b093e18	7ffc5b093cc0	584aab899438	10	8bff64f621a5c658	7b90f021e69fdea6	0	1ffff	8116	3c1a
2.429967	9a1f2	584aa9cfb770	584aaa1f5ee8	27309	0	fc3e	584aaa1f5ee8	584aaa1f5ee8	7ffc5b097380	0	584aaa8c4180	11	7778d821ace0	d103	584aab899438	7ffc5b097410	1
2.442917	9a208	584aaa3011d0	584aaa0d1ad8	2a87	584aa9b85010	fc3e	584aaa0d1ad8	584aaa0d1ad8	7ffc5b097380	584aab899480	0	caf0340a5e03703a	f6b7b7a083d50f0a	e2d	584aab899438	7ffc5b097410	2
2.454875	99cfc	8000000000000001	584aab641498	8000000000000001	8000000000000001	584aab641401	7ffc5b097458	8008	7ffc5b097370	8	0	bfc83c8cad49a73e	f076845e5ab3f885	1d05	584aab899438	7ffc5b097458	8000000000000000
2.462422	92a5c	7778d7548010	7ffc5b09b7c0	3075c0	1	fc3e	7ffc5b097090	7ffc5b097168	7ffc5b097020	8	0	5554607d42c4ed3a	ff3214495630de4f	7778d784f5d0	8000000000000002	584aaa0bc6a0	c1d7
2.476161	1f2e31f4d675	31	ffffffffffffff50	1	31	584aa9cac670	7778d821ac80	0	7ffc5b095890	584aa9c8bbd0	0	6d2115c856396e6a	189a5776364914b7	584aaa21ce28	0	584aaa0bc6a0	eafb
2.487328	9a208	584aaa3dd190	584aaa0d17a8	1	584f2d76a312	584aa9b85010	7	7ffc5b094b18	7ffc5b0949b0	584aa9c42980	0	ee1d0cb00f831a75	189a5776364914b7	584aaa0d17a8	8000000000000002	584aaa2190a8	e0b
2.498404	1f2e31f4c6e9	60	7778d821ac80	61	7778d821ad30	ffffffdc	584aa9db93c0	38	7ffc5b0920a0	0	0	584aa9fd02a0	7778d821ace0	20	40	60	2
2.505531	9a208	584aa9ea2240	584aaa1eb2b0	1	584f2d58afbf	584aa9b85010	7	584aaa1eb2b0	7ffc5b097380	584aa9fef820	0	b48fa20bf27ca2f1	189a5776364914b7	c9d6	584aab899438	7ffc5b097410	0
2.518728	1f2e31f4d6e6	ffffffffffffff88	30	1	0	584aa9b85010	7	584aaabbdc90	7ffc5b091ba0	584aaa31e220	0	53ce91c26f0bf56	189a5776364914b7	7778d821ac80	0	584aaa0bc6a0	2bae
2.525451	9aaca	584aaa2da9c0	7ffc5b09b7c0	2e4780	7778d7548010	fc3e	8000000000000001	b91e	7ffc5b097390	584aaaa157f0	0	caf0340a5e0c20ae	189a5776364914b7	b91e	584aaa23c6b0	7ffc5b097410	1
2.538600	1f2e31f4ea65	584aaa8e8450	7778d821ac80	584aa9e25c00	7778d821ad10	7778d821ad00	1	28	7ffc5b097260	584aa9b85010	7778d821ac80	1	7	584aaabcb0b0	30	584aaaba4d10	11
2.553786	93557	8000000000000002	7ffc5b097500	584aaad22c30	3b6d40	fc3e	7778d7548010	14	7ffc5b096310	200	0	ed83b1e6908839d0	3b7346126d92cb3e	8000000000000001	7ffc5b09b7c0	edb5	d3
2.560307	1f2e31f50076	8000000000000001	7ffc5b097410	0	1dff	1	28	28	7ffc5b097330	584aab899480	0	51d75af3d195f358	e23af3cb407a1ea0	bae6	584aab899438	7ffc5b097410	1
2.574092	1f2e31f4c806	584aaabfe0c0	584aaa3cb1c0	31	1	584aaabfe0c0	584aa9d19cc0	30	7ffc5b08e690	584f2edb5a5b	584aaa71f990	30	7c	7778d821ac98	7778d821ac80	584aaa3cb1f0	584aaa3cb
2.583527	94072	bb2b631002a92b0c	c27a	a43d69101cbf3c18	8	7ffc5b08c680	7ffc5b08c688	584aaad22ca0	7ffc5b08c670	0	0	61420ad513d3226e	71481cd604c3ea0a	ffff7000	70	7c	584aaad24d50
2.594100	1f2e31f5006a	8000000000000001	7ffc5b097410	0	ffff	1	28	28	7ffc5b097348	584aab899480	0	884f2b4faaa0cec8	16b8851b16dcb5ce	a354	584aab899438	7ffc5b097410	1
2.602775	9a1f2	584aaa8c3940	584aaa109a28	9a71	1	fc3e	584aaa109a28	7ffc5b097218	7ffc5b0970b0	8	0	9210796b484c67d5	424a10c9302edf9a	584aaa109a28	8000000000000002	584aaa1c8870	337b
2.610195	1f2e31f4ea65	584aaa301580	7778d821ac80	584aaad0d4e0	7778d821ad10	7778d821ad00	1	28	7ffc5b097260	584aa9b85010	7778d821ac80	1	7	584aaa3c5a60	30	584aaa596580	11
2.622386	1f2e31f4d7c0	0	5	584f2e9883cd	584aaa321c40	584aa9b85010	7	584aa9f8d750	7ffc5b097308	584aa9f8d760	0	3181d5000fa390f4	189a5776364914b7	7778d821ac80	0	584aa9f8d7a0	1
2.636374	1f2e31f503c2	31	ffffffffffffff50	8	8	584aa9c20690	584aa9c206a0	584aaa0de060	7ffc5b097350	584aab899480	584aa9c67980	6261c2b8ba34c5b6	7778d821ace0	1668	584aab899438	7ffc5b097410	1
2.642506	1f2e31f503c2	31	ffffffffffffff50	1	584f2e1456a8	584aa9cdbeb0	584aa9cdbec0	7ffc5b08c778	7ffc5b08c5f0	584aaa5c8870	0	e6c3d086285a0d3d	189a5776364914b7	584aaa1a2788	8000000000000002	584aaa157e90	995f
2.649514	92d74	fffffffffff8ea1d	7ffc5b09b7c0	4b	22eef7c4c6cd2eb5	584aab899480	ffffffffffff3675	7ffc5b0924e8	7ffc5b092390	584aab899438	0	dc1032a71f882bf8	9ff12488511aaef6	0	c97b	c98b	2047
2.661417	9410e	0	0	1	0	7ffc5b08f510	7ffc5b08f518	9b	7ffc5b08f500	8	0	ed83b1e6922d5cc3	3b6ef04eb4fea80a	eb	7ffc5b09b7c0	0	eb
2.672226	93f62	bb2b631002a92a6b	7ffc5b092598	61420ad513d3226e	8	7ffc5b092590	7ffc5b092598	60	7ffc5b092580	a43d69101cbf3d7f	71481cd604c32870	7d39a80a90187c9c	fcfdf8daf93c8b7	ed	1963	6311	7ffc5b097500
2.678104	99cfc	8000000000000001	584aab3093e0	8000000000000001	8000000000000001	584aab309301	7ffc5b097458	1	7ffc5b097370	8	0	547f5c26add9f265	d373fdc3af28b8	e8fc	584aab899438	7ffc5b097458	8000000000000000
2.688114	9ac44	b0c01	7ffc5b09b7c0	8e38e38e38e38e39	8000000000000001	584aab313401	7ffc5b097400	1	7ffc5b097390	8	0	cfcd2c092eaf335c	63f4f693f84958f5	acf2	584aab899438	9d1c8	1
2.698450	9a1f6	584aaa748670	584aaa127b30	d692	584aa9b85010	fc3e	584aaa127b30	584aaa127b30	7ffc5b097380	584aab899480	0	51c0ca8913c29480	ce2a42f67d2f4cfa	4786	584aab899438	7ffc5b097410	1
2.711488	9a1f6	584aaa2d6170	584aaa0e9d00	5acc	1	fc3e	584aaa0e9d00	7ffc5b08c298	7ffc5b08c130	8	0	e0713baa22006801	b7c03940d773d9f2	584aaa0e9d00	8000000000000002	584aaa0bc6a0	1e44
2.725396	93f66	0	7ffc5b092828	1	8	7ffc5b092650	7ffc5b092658	7ffc5b092828	7ffc5b092640	8	0	dd475fa14ff87618	e2bc22af8f037e3a	584aaa1ab380	8000000000000000	7ffc5b092650	7ffc5b092658
2.732365	9a84c	0	584aa9e471e0	1	584aa9cbc	584aa9b85010	7	584aaa0e4ae0	7ffc5b097380	584aa9cbc080	0	2746c962d9aa91e9	189a5776364914b7	1ad8	584aab899438	7ffc5b097410	2
2.746330	92503	584aaa23c6b0	7ffc5b09b7c0	1	584f2d7bd7c2	2d6c	7	8000000000000000	7ffc5b0974d0	584aa9cc2090	584aaad0f650	fe78c4f873153ee	189a5776364914b7	8c50	61d0	2000	584aaad20720
2.761304	92a5c	7778d7548010	7ffc5b09b7c0	22d80	1	fc3e	7ffc5b093920	7ffc5b093a08	7ffc5b0938b0	8	0	304bf3c0da020471	f4ec2c4fae55abf5	7778d756ad90	8000000000000002	584aaa0bc6a0	8b6
2.769490	1f2e31f4c806	584aaa326c70	584aa9cdf8a0	31	1	584aaa326c70	584aa9f74cb0	40	7ffc5b097450	584f2d7857df	584aa9d2cb00	30	189a5776364914b7	7778d821aca0	7778d821ac80	584aa9cdf8e0	584aa9cdf
2.781016	1f2e31f503c2	31	ffffffffffffff50	8	8	584aaa3cc840	584aaa3cc850	584aaa0e6358	7ffc5b097350	584aab899480	0	8e88bf971739560b	67730f18d0a538f9	1bdd	584aab899438	7ffc5b097410	0
2.793400	99cfc	8000000000000001	584aab47b088	8000000000000001	8000000000000001	584aab47b001	7ffc5b097458	1	7ffc5b097370	8	0	148988ae56786142	9dbf8b6e99375b5e	7425	584aab899438	7ffc5b097458	8000000000000000
2.808248	9a208	584aa9fd44b0	584aaa0f8568	77d9	584aa9b85010	fc3e	584aaa0f8568	584aaa0f8568	7ffc5b097380	584aab899480	0	d4e336e94378f428	2bbfcdc780a15872	27f3	584aab899438	7ffc5b097410	1
2.823047	92a5c	7778d7548010	7ffc5b09b7c0	77bc0	1	fc3e	7ffc5b096a10	7ffc5b096ae8	7ffc5b0969a0	0	584aaabbc620	584aaa3ce440	7778d821ace0	7778d75bfbd0	8000000000000002	584aaa0bc6a0	1def
2.829976	940d4	0	1	0	0	7ffc5b0901c0	7ffc5b0901c8	7ffc5b090398	7ffc5b0901b0	8	0	ed83b1e557fc9d24	3b700ee5a8dd0822	584aaa0f8328	8000000000000000	8000000000000001	8000000000000001
2.840965	93557	8000000000000002	7ffc5b09b7c0	81	159040	fc3e	7778d7548010	8000000000000001	7ffc5b08b8d0	7ffc5b097160	69	fd59434ef7260587	9c0ef1ede48b325a	81	7ffc5b097160	5641	69
2.849243	1f2e31f4d6fb	ffffffffffffff88	30	1	0	584aa9b85010	7	584aaa319230	7ffc5b0972e0	584aaa319240	0	2edbbb20bed6929f	189a5776364914b7	7778d821ac80	0	7ffc5b097410	2
2.858542	1f2e31f4ea65	584aa9d6fe00	7778d821ac80	584aaa70be90	7778d821ad10	7778d821ad00	1	28	7ffc5b097260	584aa9b85010	7778d821ac80	5	7	584aaa31a160	30	584aaa586fb0	11
2.866992	1f2e31f503c2	31	ffffffffffffff50	8	8	584aaa0ba9e0	584aaa0ba9f0	584aaa1a8128	7ffc5b097350	584aab899480	0	6229fe1642fb8afd	e2cefda6d83facec	9d1b	584aab899438	7ffc5b097410	1
2.876126	9ac8a	c7ae	7ffc5b09b7c0	c79e	bcff	1	5b090000	1	7ffc5b097390	584aab899480	0	be262fcbd3553281	5f135addea4c7126	dc61	584aab899438	63d70	2
2.882774	9464b	7778d75af8d0	1	7778d75af8d0	584aaa2db620	337b	7ffc5b09b7c0	8000000000000001	7ffc5b0922c0	1	1	f34c39052e8fbb9d	afc86b45c3872e6b	7ffc5b09b7c0	7ffc5b0971c0	0	2d
2.889796	9a1f6	584aaa5bc870	584aaa0dffc8	4725	584aa9b85010	fc3e	584aaa0dffc8	584aaa0dffc8	7ffc5b097380	584aab899480	0	3461cf790842522c	717fc3986fca62e9	17b7	584aab899438	7ffc5b097410	2
2.897939	98e19	584aaa0bc6a0	aac0	584aaa0bc6a0	101	fc3e	a2ec26ad38000000	7ffc5b097301	7ffc5b095e80	584aaa8c1360	4	7ffc5b0974a0	8000000000000001	0	1	0	7ffc5b09b7c0
2.911543	9284e	3f00	7ffc5b09b7c0	584aaa0bc6a0	0	fc3e	0	7ffc5b08a7b8	7ffc5b08a660	8	0	e1ed5ddeec30e6a5	4fff1a09eab9a086	584aaa0bc6a0	8000000000000001	584aaa0dc290	186b7
2.917101	1f2e31f503ad	0	584aaa1fc590	584f2d52b73f	584aa9f82840	584aa9b85010	584aaabc1a50	584aaa1fc590	7ffc5b097378	584aa9f7f310	0	598f8cdae301c5f2	189a5776364914b7	d54a	584aab899438	7ffc5b097410	1
2.928554	93f66	e26d	7ffc5b094768	61420ad513d3226e	8	7ffc5b094760	7ffc5b094768	e161	7ffc5b094750	71481cd604c32870	0	36ba9b13380537c	224d14dd67287386	0	1	7ffc5b094850	7ffc5b094760
2.940946	94057	0	7ffc5b093118	1	8	7ffc5b092f40	7ffc5b092f48	7ffc5b093118	7ffc5b092f30	0	0	dd475fa14ff87667	e2bc204ff15e7f2b	584aaa1e2778	8000000000000000	7ffc5b092f40	7ffc5b092f48
2.949388	1f2e31f4ea6b	584aa9de6e60	7778d821ac80	584aa9d56290	7778d821ad20	7778d821ad10	2	38	7ffc5b096560	584aa9b85010	7778d821ac80	5	7	584aa9ca9d50	40	584aa9cc2250	12
2.955216	1f2e31f503c2	31	ffffffffffffff50	1	584f2d49bdfc	584aa9cba130	584aa9cba140	7ffc5b090478	7ffc5b0902f0	584aa9e5c150	584aa9e62c10	7778d821ad20	189a5776364914b7	584aaa217ce0	8000000000000002	584aaa0bc6a0	e798
2.965642	1f2e31f503c2	41	ffffffffffffff50	8	8	584aa9f1f6b0	584aa9f1f6c0	584aaa1e3ab0	7ffc5b097340	584aab899480	0	69b1de3d9e859804	f649812b5715705	c4d6	584aab899438	7ffc5b097410	1
2.973956	1f2e31f4c70f	7778d821ad30	7778d821ac80	61	584aa9c044e0	7778d821ad30	584aaa3b5a70	38	7ffc5b096000	0	0	584aaabc0f70	7778d821ace0	20	40	60	2
2.988645	9a208	584aaa701b40	584aaa0e1978	1	584f2e909e07	584aa9b85010	7	7ffc5b0948b8	7ffc5b094750	584aa9d47e70	0	4a4c61d83487aced	189a5776364914b7	584aaa0e1978	8000000000000002	584aaa0e1948	18c9
2.998718	99cfc	8000000000000001	584aab450d40	8000000000000001	8000000000000001	584aab450d01	7ffc5b097458	1	7ffc5b097370	8	0	86878d9b4b18e5cc	9007392db1087ae9	cbfa	584aab899438	7ffc5b097458	8000000000000000
3.011266	99cfc	8000000000000001	584aab252ba8	8000000000000001	8000000000000001	584aab252b01	7ffc5b097458	2	7ffc5b097370	8	0	d032ed915bb83be8	ea38f44d4a0ad268	bf3b	584aab899438	7ffc5b097458	8000000000000000
3.016499	9a208	584aaab9c310	584aaa12ea00	1	584f2ea88c2d	584aa9b85010	7	7ffc5b0945f8	7ffc5b0944d0	584aa9d6d350	0	69fc744c6030e6f1	189a5776364914b7	584aaa12ea00	8000000000000002	584aaa0bc6a0	4c24
3.024812	1f2e31f503b3	7ffc5b097360	584aa9f7aca0	8	8	584aaabf4ea0	584aaabf4eb0	584aaa20bdb8	7ffc5b097358	584aa9b85010	584aa9d243c0	7	7	dfa1	584aab899438	7ffc5b097410	2
3.030044	1f2e31f4c862	584aaa716f90	584aa9d5fbd0	30	31	584aaa716f90	584aa9e508f0	30	7ffc5b091200	584f2d7f5cc7	584aa9d5fbd0	30	79	7778d821ac98	7778d821ac80	584aaa717950	584aaa717
3.043266	92a5c	7778d7548010	7ffc5b09b7c0	33e9c0	1	fc3e	7ffc5b0940d0	7ffc5b094178	7ffc5b094060	8	0	9ad5cb562dd9908a	fe52f315d1e4c9b1	7778d78869d0	8000000000000002	584aaa0c77e8	cfa7
3.049091	990c0	239a	0	8000000000000001	8000000000000001	7ffc5b0955d0	8000000000000001	239a	7ffc5b0955a0	8	0	cf2b36c115e80720	e83963a34559f064	0	1	0	7ffc5b09b7c0
3.059608	93557	8000000000000002	64	584aaad30330	708c0	fc3e	7778d7548010	7ffc5b09b7c0	7ffc5b096ee0	0	28e0	f339cc622e77ebd4	45f8b5d44802cc7f	8000000000000001	0	1c23	7ffc5b0975d0
3.072013	9a832	fffffffffffffffc	584aa9f66a30	38d6	0	584aaabbf5f0	4	584aaa0d8d50	7ffc5b097380	0	584aa9db0880	584aa9db08d0	7778d821ace0	12f2	584aab899438	7ffc5b097410	1
3.083512	9a1f2	584aa9c5e470	584aaa0c3120	d50	584aa9b85010	fc3e	584aaa0c3120	584aaa0c3120	7ffc5b097380	584aab899480	0	6c6ca1c6ed54d8aa	d47d04b16b9b3f8a	470	584aab899438	7ffc5b097410	1
3.096339	9a208	584aaa714090	584aaa20e248	1	584f2d49478d	584aa9b85010	7	7ffc5b08d998	7ffc5b08d830	584aa9c1d4b0	0	8e48792381e9164a	189a5776364914b7	584aaa20e248	8000000000000002	584aaa20e230	e127
3.111777	92ae8	584aaa23c6b0	7ffc5b09b7c0	1	584f2d7bfce5	fc3e	7	7ffc5b092f88	7ffc5b092e40	584aaa735ab0	0	caf0340a5e033790	189a5776364914b7	584aaa202b78	8000000000000002	584aaa122880	d989
3.117269	1f2e31f4d7ad	4aa54df7521c2300	3	584f2d532db4	584aa9f9b220	584aa9b85010	7	584aa9f94720	7ffc5b092f20	584aa9f94730	584aaa3029b0	7778d821ad20	189a5776364914b7	7778d821ac80	0	584aa9f94750	c4d3
3.130565	94067	3143127854a6ce6d	7ffc5b0959a8	c6d4583ae4a445b9	8	7ffc5b0957e0	7ffc5b0957e8	7ffc5b0959a8	7ffc5b0957d0	0	0	cb52b9d50c1fb6d9	4424165a599ec5c7	584aaa0f2cd0	8000000000000000	7ffc5b0957e0	7ffc5b0957e8
3.140857	1f2e31f4ebd0	1	7778d821ac80	7778d821ac98	584aa9e3a870	28	7778d821ac88	28	7ffc5b097260	584aab899480	0	3da0479c11b32cf8	40d6b50cfe002663	1	30	3	1
3.149290	92a5c	7778d7548010	7ffc5b09b7c0	3d3600	1	fc3e	7ffc5b096cb0	7ffc5b096d58	7ffc5b096c40	8	0	bb2520eae5ffd6b	5d4ab2fb4b89a6b2	7778d791b610	8000000000000002	584aaa0e5e78	f4d8
3.155299	1f2e31f503c2	31	ffffffffffffff50	8	8	584aa9cf3810	584aa9cf3820	584aaa224310	7ffc5b097350	584aab899480	0	3461cf790843f8b5	716492f3ea27485c	efda	584aab899438	7ffc5b097410	2
3.162147	99cfc	8000000000000001	584aab1d8820	8000000000000001	8000000000000001	584aab1d8801	7ffc5b097458	1	7ffc5b097370	8	0	9374725c25a61826	dc20a9206b5a2103	d574	584aab899438	7ffc5b097458	8000000000000000
3.175633	940b6	38f01b6548add9d6	13bd	bf24b45fe4a44356	8	7ffc5b097310	7ffc5b097318	ce68	7ffc5b097300	8	0	cb52bf25342d5abc	9fd59e64c45535c0	ce68	8000000000000000	7ffc5b097310	7ffc5b097318
3.188926	92a5c	7778d7548010	7ffc5b09b7c0	12c0	584aa9b85010	fc3e	7ffc5b0970f0	7ffc5b097198	7ffc5b097080	584aaa311f20	4	20711c2bbee13160	7778d821ace0	7778d75492d0	8000000000000002	584aaa0f2f70	4b
3.198889	9acca	fffffffffff6448c	7ffc5b09b7c0	1	7fff	584aab3bb8d8	7ffc5b097450	1	7ffc5b097390	584aab899480	0	da0e4fa48fd0033c	f5c76b0010fa8558	ae6c	584aab899438	7ffc5b097410	1
3.204425	9a208	584aaabf1910	584aaa1c67e8	1	584f2d4ccb39	584aa9b85010	7	7ffc5b0937a8	7ffc5b093680	584aa9fb9d20	0	347e050e58eea910	189a5776364914b7	584aaa1c67e8	8000000000000002	584aaa128e68	b163
3.213591	9a208	584aaaf964e0	584aaa130a88	1	584f2d72c641	584aa9b85010	7	7ffc5b08b938	7ffc5b08b7d0	584aaaaa19a0	584aa9f8ee20	584aaa737a00	189a5776364914b7	584aaa130a88	8000000000000002	584aaa0bc6a0	4d7f
3.221280	9aaca	584aa9e61610	7ffc5b09b7c0	dac0	7778d7548010	fc3e	8000000000000001	36b	7ffc5b097390	584aaa8e3a80	0	437bf25f7942a1bf	189a5776364914b7	36b	584aaa23c6b0	7ffc5b097410	1
3.236435	94072	1fd12f33257c2253	4a	93b0274b72bd5585	8	7ffc5b0939c0	7ffc5b0939c8	7ffc5b093b88	7ffc5b0939b0	0	0	ed83b1e557fc9d24	3b700ee5a8dd0868	0	8000000000000000	7ffc5b0939c0	7ffc5b0939c8
3.245600	99c5e	2dd1abd103b25d78	7ffc5b0956d8	d7bf9510b1c0b8fb	636670d03b7b3d7d	48eafe753af3009e	2000000000000000	7ffc5b0956d8	7ffc5b095540	8	0	ee1d0cb00f830cd1	3b4c3bc678923685	0	8000000000000000	7ffc5b095540	7ffc5b095548
3.258535	9a1f6	584aaa8cafc0	584aaa0caec0	1d04	584aa9b85010	fc3e	584aaa0caec0	584aaa0caec0	7ffc5b097380	584aab899480	0	598bb02358fcabfa	7145000e89e69ba	9ac	584aab899438	7ffc5b097410	2
3.268685	1f2e31f503c2	31	ffffffffffffff50	1	584f2d154b7f	584aaabb34f0	584aaabb3500	7ffc5b0933b8	7ffc5b093270	584aa9fff500	0	7ba79938365881	189a5776364914b7	584aaa215988	8000000000000002	584aaa0bc6a0	e61f
3.281788	1f2e31f503c2	41	ffffffffffffff50	8	8	584aa9db46c0	584aa9db46d0	584aaa22d898	7ffc5b097340	584aa9b85010	584aaac02e00	7	7	f615	584aab899438	7ffc5b097410	2
3.296741	998d2	4ab89bdad6698db	e9	db	db	a2b2e081379cb11e	3ff	584aaad4ef60	7ffc5b090980	8	0	3893218c1309a84c	2c4a8e29e2355d37	fffff000	d0	dc	584aaad284b0
3.307819	1f2e31f4ea65	584aa9e432a0	7778d821ac80	584aaa9df660	7778d821ad10	7778d821ad00	1	28	7ffc5b097260	584aa9b85010	7778d821ac80	2	7	584aaa8ed730	30	584aaa703aa0	11
3.314412	99cfc	8000000000000001	584aab2f47b8	8000000000000001	8000000000000001	584aab2f4701	7ffc5b097458	2	7ffc5b097370	8	0	400cb30f4c01a96e	f9e36e64e9a8ecc5	b9fe	584aab899438	7ffc5b097458	8000000000000000
3.324703	93557	8000000000000002	98	584aaad2c6d0	3eb8c0	fc3e	7778d7548010	7ffc5b09b7c0	7ffc5b094e40	8	0	c45d937169de2bf2	e933666e3ce7eb09	8000000000000001	0	fae3	7ffc5b0975d0
3.338959	99cfc	8000000000000001	584aab52f430	8000000000000001	8000000000000001	584aab52f401	7ffc5b097458	4	7ffc5b097370	8	0	8a50050d29e9d63e	714f0f16de7eade5	e24f	584aab899438	7ffc5b097458	8000000000000000
3.345239	9a208	584aa9efa880	584aaa1a3d60	1	584f2e26cead	584aa9b85010	7	7ffc5b095a38	7ffc5b0958d0	584aaa58de50	0	ef82b42403f9cd11	189a5776364914b7	584aaa1a3d60	8000000000000002	584aaa0bc6a0	9a48
3.350833	92762	2d	7ffc5b09b7c0	d74a194c314d3743	584aab899480	584aab899438	0	7ffc5b0960f8	7ffc5b095fe0	8	0	7659cc161d1ba438	a898c475c4195ddb	7ffc5b0960f8	0	1ffff	e75e
3.356435	940b6	1fcfe07c265f930a	0	93b3e7ec72bd5585	8	7ffc5b094f70	7ffc5b094f78	584aaa37b7f0	7ffc5b094f60	8	0	ed83b1e6b54d5d83	3b6ede3882feb97a	ffff3fc0	590	584aaa36ff80	7ffc5b094f70
3.366458	99d29	0	584aab284cf0	8000000000000001	8000000000000001	584aab284c01	7ffc5b097400	1	7ffc5b097370	8	0	cd43f7b0532948df	31b2aa5b8cc08dd2	e3e	584aab899438	7ffc5b097458	8000000000000000
3.381492	9a84c	8000000000000000	584aaa58c6b0	1	584f2e172f3c	584aa9b85010	8000000000000000	7ffc5b090ac8	7ffc5b090970	584aa9c6c140	0	885b57044f01de9f	189a5776364914b7	584aaa130a58	8000000000000002	584aaa0d6ab8	4d7d
3.389695	9a1f6	584aa9ed0140	584aaa1201b0	c762	0	fc3e	584aaa1201b0	584aaa1201b0	7ffc5b097380	0	584aaaa218a0	584aaaa218f0	7778d821ace0	4276	584aab899438	7ffc5b097410	2
3.403083	98e74	584aaa0bc6a0	0	7cb6dd2c944d5780	584aa9c086d0	fc3e	7	7ffc5b097201	7ffc5b0954e0	a6	4	7ffc5b097340	8000000000000001	0	1	e257	7ffc5b09b7c0
3.414857	1f2e31f4ea65	584aa9d012f0	7778d821ac80	584aaa0b9450	7778d821ad10	7778d821ad00	1	28	7ffc5b097260	584aa9b85010	7778d821ac80	3	7	584aa9d31af0	30	584aa9f5a920	11
3.424346	94049	bb2b631002a93f54	7ffc5b096fa8	61420ad513d3226e	8	7ffc5b096fa0	7ffc5b096fa8	7ffc5b09b7c0	7ffc5b096f90	0	0	d10f2532d971ffec	d13d3a979556660e	0	9c40	a8	7ffc5b096fa0
3.434994	92d74	fffffffffff5d96d	7ffc5b09b7c0	d	41419acd2b8787e8	584aab899480	fffffffffffedf45	7ffc5b093ba8	7ffc5b093a60	584aab899438	0	304cffb57581ff5f	502f8e2416adf49b	0	120ab	120bb	3655
3.443123	1f2e31f503c2	41	ffffffffffffff50	8	8	584aa9d2b610	584aa9d2b620	584aaa1d8a70	7ffc5b097340	584aab899480	0	4f511ec548b98266	20188d184e42c68c	bd7e	584aab899438	7ffc5b097410	0
3.458082	9a208	584aa9c86e90	584aaa1199a0	1	584f2e9b8fcf	584aa9b85010	7	7ffc5b0941c8	7ffc5b0940a0	584aa9dbf5d0	0	5a36353bb33f6885	189a5776364914b7	584aaa1199a0	8000000000000002	584aaa1c9410	3e20
3.467741	9aaca	584aaa2eb430	7ffc5b09b7c0	18c2c0	7778d7548010	fc3e	8000000000000001	0	7ffc5b097390	584aa9d10ee0	0	1ff154e7ccc729d3	189a5776364914b7	630b	584aaa23c6b0	7ffc5b097410	2
3.480349	9a208	584aaabe35d0	584aaa225288	1	584f2e91e943	584aa9b85010	7	7ffc5b0937e8	7ffc5b093690	584aaa713160	584aa9c2e9c0	a4f60b601942ca42	189a5776364914b7	584aaa225288	8000000000000002	584aaa0bc6a0	f07f
3.488447	9a1f6	584aaa6f8600	584aaa0c3018	d2f	1	fc3e	584aaa0c3018	7ffc5b08fc98	7ffc5b08fb30	8	0	6002932f6d2f6dcf	912ea49a3ebfe7a3	584aaa0c3018	8000000000000002	584aaa110ec8	465
3.499034	9aaca	584aaabcb510	7ffc5b09b7c0	9a480	7778d7548010	fc3e	8000000000000001	2692	7ffc5b097390	584aaa5b8670	0	8e48792381e959c6	189a5776364914b7	2692	584aaa23c6b0	7ffc5b097410	1
3.505442	1f2e31f4d9e1	7	30	1	584f2e17558d	584aa9b85010	7	584aaa59daf0	7ffc5b093630	584aaa59db00	0	54721c40a362d9d2	189a5776364914b7	7778d821ac80	0	584aaa134c58	c65e
3.519360	9a208	584aaabd4f90	584aaa109260	1	584f2e97126c	584aa9b85010	7	7ffc5b08bd98	7ffc5b08bc30	584aaa58cc20	0	cfb7a6c05b4ea313	189a5776364914b7	584aaa109260	8000000000000002	584aaa109a88	3328
3.530589	9a1f2	584aaa74a650	584aaa1e2658	24bf7	584aa9b85010	fc3e	584aaa1e2658	584aaa1e2658	7ffc5b097380	584aab899480	0	b48b00c02c13118a	950f4a294dff685d	c3fd	584aab899438	7ffc5b097410	1
3.536349	99cfc	8000000000000001	584aab27b0d8	8000000000000001	8000000000000001	584aab27b001	7ffc5b097458	1	7ffc5b097370	8	0	9fa44f211d381b5f	4924b1f761dff97e	9e9a	584aab899438	7ffc5b097458	8000000000000000
3.551255	9409f	2ffe24187c6aa6c1	25	d752f1e74a958f0e	8	7ffc5b0954d0	7ffc5b0954d8	584aaac52420	7ffc5b0954c0	0	0	df6bbda945a60739	e9cde2e2638a9d01	ffff8000	80	584aaac511a0	7ffc5b0954d0
3.561550	924f1	584aaa23c6b0	7ffc5b09b7c0	1	584f2e7b4088	d1bc	7	8000000000000000	7ffc5b0974d0	584aaa9d8db0	0	1458212e849e408b	189a5776364914b7	38780	14d30	8000	584aaa32b250
3.572818	93557	8000000000000002	be	584aaa36b250	2d0c00	fc3e	7778d7548010	7ffc5b09b7c0	7ffc5b094230	8	0	df4f6e1632aaca14	3bfa5bdfa5363474	8000000000000001	0	b430	7ffc5b0975d0
3.585003	99cfc	8000000000000001	584aab16c868	8000000000000001	8000000000000001	584aab16c801	7ffc5b097458	1	7ffc5b097370	8	0	4bb59c8341e61ad8	1e27ba4f9fec81bf	b24e	584aab899438	7ffc5b097458	8000000000000000
3.596959	92d74	fffffffffffac56d	7ffc5b09b7c0	40	3172e190c56185bb	584aab899480	ffffffffffff6b45	7ffc5b097148	7ffc5b097030	584aab899438	0	556aa594955f829c	8d309859279e8400	0	94ab	94bb	f483
3.603145	99cfc	8000000000000001	584aab26d1d0	8000000000000001	8000000000000001	584aab26d101	7ffc5b090a08	80	7ffc5b0908a0	8	0	eb11c0554cb3e08b	98116c4a54c72761	7ffc5b090a08	fffffffffff3a7b3	7ffc5b090a08	8000000000000000
3.611509	98edf	6b44f77f91885676	ae4a	584aaaaa32c0	7	fc3e	94bb08806e77a988	7ffc5b097301	7ffc5b0912c0	c0	4	7ffc5b0974a0	8000000000000001	0	1	0	7ffc5b09b7c0
3.619894	1f2e31f503c2	31	ffffffffffffff50	8	8	584aa9c53d20	584aa9c53d30	584aaa1da2d0	7ffc5b097350	584aa9b85010	584aa9c0f0b0	584aa9eabc60	1	be82	584aab899438	7ffc5b097410	1
3.628030	9a1f2	584aa9cd0de0	584aaa120888	c83d	1	fc3e	584aaa120888	7ffc5b095e78	7ffc5b095d50	8	0	f41ddaf518cd819d	15284f0a589a91f9	584aaa120888	8000000000000002	584aaa117060	42bf
3.635513	9a1f6	584aa9d58d70	584aaa208560	297d8	584aa9b85010	fc3e	584aaa208560	7ffc5b0972f8	7ffc5b0971d0	584aa9e2cfa0	4	1800324400200	7778d821ace0	584aaa208560	8000000000000002	584aaa0f9f78	dd48
3.650161	1f2e31f4ea65	584aaa3e0ae0	7778d821ac80	584aaa744e30	7778d821ad10	7778d821ad00	1	28	7ffc5b097260	584aa9b85010	7778d821ac80	2	7	584aa9e8cdd0	30	584aaac00970	11
3.655570	1f2e31f4ef07	60	7778d821ac80	30	584aaa9c7c70	584aaad19450	1027	7778d821ad30	7ffc5b097680	0	0	584aaa9c7cd0	7778d821ace0	ffffffffffffff88	30	584aa9b85010	1
3.668718	92a5c	7778d7548010	7ffc5b09b7c0	39dd40	1	fc3e	7ffc5b090b90	7ffc5b090c68	7ffc5b090b20	8	0	6a639cab63270228	f68a68722470a296	7778d78e5d50	8000000000000002	584aaa227e68	e775
3.678402	99cfc	8000000000000001	584aab70f8c8	8000000000000001	8000000000000001	584aab70f801	7ffc5b097458	2	7ffc5b097370	8	0	2e487e25f0674084	19c287d39ca392ec	42dc	584aab899438	7ffc5b097458	8000000000000000
3.689199	92a5c	7778d7548010	7ffc5b09b7c0	d2d00	1	fc3e	7ffc5b0930f0	7ffc5b0931c8	7ffc5b093080	0	584aaa306180	584aaa735f30	7778d821ace0	7778d761ad10	8000000000000002	584aaa0bc6a0	34b4
3.701713	99eaf	584aa9c9c0d0	7ffc5b097410	0	584aa9b85010	0	11	1	7ffc5b097360	584aab899480	0	1494fb87e530bcb0	822091adcf876168	3dbe	584aab899438	584aaa2f13a0	1
3.712473	1f2e31f4c896	584aa9d64280	584aaa2c3f20	41	51	584aa9d64280	584aaa9fe980	50	7ffc5b097450	584f2d742ed3	584f2d742ed3	30	189a5776364914b7	7778d821aca8	7778d821ac80	584aaa2c3f70	584aaa2c3
3.725626	92c36	0	7ffc5b09b7c0	5e	f632f391f1b329e	584aab899480	2000000000000000	7ffc5b0902a8	7ffc5b090160	584aab899438	0	1df676e56f25855d	cd01a3bb48a66186	800	1ffff	1d61c	b13d
3.736687	9aaca	584aaa9c0700	7ffc5b09b7c0	137a00	7778d7548010	fc3e	8000000000000001	4de8	7ffc5b097390	584aa9d7c9e0	0	6002932f6d10d35e	189a5776364914b7	4de8	584aaa23c6b0	7ffc5b097410	0
3.746322	92762	0	7ffc5b09b7c0	fa396f7a06b43a07	584aab899480	584aab899438	20	7ffc5b094868	7ffc5b094720	8	0	34e9d4588e73766	f0634f787cb51cf7	7ffc5b094868	1	1ffff	100fd
3.755736	98e74	584aaa0bc6a0	0	e7ea2d3bdf0cb508	584aaabd48b0	fc3e	7	7ffc5b097201	7ffc5b096020	d6	4	7ffc5b097340	8000000000000001	0	1	e20b	7ffc5b09b7c0
3.762878	9a208	584aaad0fdd0	584aaa1300f8	1	584f2d69ea2b	584aa9b85010	7	584aaa1300f8	7ffc5b097380	584aa9e4bbf0	0	57e6e39de8dc51f	189a5776364914b7	4d19	584aab899438	7ffc5b097410	0
3.773074	92846	1	7ffc5b09b7c0	584aaa0bc6a0	3d3e	fc3e	146a	7ffc5b08c818	7ffc5b08c6c0	8	0	dccce67291de9df8	75550faf6444d456	584aaa0db090	8000000000000001	584aaa0bc6a0	1f129
3.780714	92762	63	7ffc5b09b7c0	cd6b50f596a63568	584aab899480	584aab899438	0	7ffc5b093448	7ffc5b093330	8	0	506825082fe07f8e	931b0418d353242d	7ffc5b093448	0	1ffff	1ab97
3.793993	9aaca	584aa9c662d0	7ffc5b09b7c0	3cffc0	7778d7548010	fc3e	8000000000000001	f3ff	7ffc5b097390	584aaab88cc0	584aaa9cc220	6f8ca28371ae45e7	189a5776364914b7	f3ff	584aaa23c6b0	7ffc5b097410	1
3.803886	92762	6e	7ffc5b09b7c0	acbb8fb044c0b2b3	584aab899480	584aab899438	0	7ffc5b090068	7ffc5b08ff20	8	0	e4717bb6a4153f5d	a2749d868d150c49	7ffc5b090068	1	1ffff	10875
3.814740	9a1f6	584aa9d70590	584aaa1ed7d0	26226	1	fc3e	584aaa1ed7d0	7ffc5b0965c8	7ffc5b0964a0	8	0	7a287b0b1406c67e	5d6b31e4de7f1991	584aaa1ed7d0	8000000000000002	584aaa0f3be8	cb62
3.820643	9a1f6	584aaa9e6c90	584aaa10b330	9d92	584aa9b85010	fc3e	584aaa10b330	584aaa10b330	7ffc5b097380	584aab899480	0	a265dc6795662149	c74fb2047ffb26be	3486	584aab899438	7ffc5b097410	1
3.825973	9a1f2	584aa9c8bb60	584aaa235878	2f23b	584aa9b85010	fc3e	584aaa235878	584aaa235878	7ffc5b097380	584aab899480	0	307ae1d4d9e08a4f	ac1b1a6da22067e6	fb69	584aab899438	7ffc5b097410	0
3.831746	99cfc	8000000000000001	584aab334730	8000000000000001	8000000000000001	584aab334701	7ffc5b097458	1	7ffc5b097370	8	0	426a274657a3bcb1	b1b9e0f9a54cc0cf	b8a2	584aab899438	7ffc5b097458	8000000000000000
3.839924	9a208	584aa9c39710	584aaa0e1e10	1	584f2d7347d4	584aa9b85010	7	7ffc5b0950a8	7ffc5b094f50	584aa9e44390	0	e92ecf57730d8a13	189a5776364914b7	584aaa0e1e10	8000000000000002	584aaa1a3c88	18fa
3.845402	9a1f6	584aaabd4360	584aaa1183b0	b7a2	1	fc3e	584aaa1183b0	7ffc5b091e58	7ffc5b091d30	8	0	52fe4a772c22c17e	ac3ee500b50a2c79	584aaa1183b0	8000000000000002	584aaa1ce468	3d36
3.860246	99cfc	8000000000000001	584aab0ef1b0	8000000000000001	8000000000000001	584aab0ef101	7ffc5b097458	1	7ffc5b097370	8	0	d7ed8954a11decb8	6d7601144a0e6d22	e4e5	584aab899438	7ffc5b097458	8000000000000000
3.874324	99cfc	8000000000000001	584aab1c0718	8000000000000001	8000000000000001	584aab1c0701	7ffc5b093128	1	7ffc5b092fc0	8	0	5a3d57caac47deeb	fd8ceabfe4d556c7	7ffc5b093128	fffffffffff24e5c	7ffc5b093128	8000000000000000
3.884262	99cfc	8000000000000001	584aab4392b0	8000000000000001	8000000000000001	584aab439201	7ffc5b097458	1	7ffc5b097370	8	0	edbf7ea1bccf6c91	7bd4857a01db3c8e	990b	584aab899438	7ffc5b097458	8000000000000000
3.898145	99be8	0	7ffc5b08d6f8	1	0	7ffc5b08d520	2000000000000000	7ffc5b08d6f8	7ffc5b08d520	8	0	edbf7ea1bccf48a3	7bd11abe6add50d4	584aaa18f438	8000000000000000	7ffc5b08d520	7ffc5b08d528
3.909461	1f2e31f4e9e8	584aa9c52f30	7778d821ac80	584aa9c63a50	7778d821ad10	7778d821ad00	7778d821ac88	28	7ffc5b097260	584aab899480	0	5a67d93e94d017b3	88dd6ed2e2f9c220	1	30	3	1
3.920243	9acca	fffffffffffdc1cb	7ffc5b09b7c0	1	80	584aab77a2d0	7ffc5b097450	1	7ffc5b097390	584aab899480	0	f9505ba8358a07b5	ba4d557c3f7a1d4e	9b7	584aab899438	7ffc5b097410	0
3.930923	94057	0	7ffc5b08d508	1	0	7ffc5b08d500	7ffc5b08d508	81	7ffc5b08d4f0	0	1	c7bd049bdc170e36	fbcad63b3619ba67	7ffc5b09b7c0	7ffc5b097160	7ffc5b08d600	7ffc5b08d500
3.937243	92a5c	7778d7548010	7ffc5b09b7c0	26e540	1	fc3e	7ffc5b094bd0	7ffc5b094c78	7ffc5b094b60	8	0	8bff64f621a51ee6	7b8506f62ec8b4cc	7778d77b6550	8000000000000002	584aaa1c7f28	9b95
3.944081	94117	0	7ffc5b08c2c8	1	0	7ffc5b08c100	7ffc5b08c108	7ffc5b08c2c8	7ffc5b08c0f8	8	0	cb52b1905a04e8cb	348134a83f987e0	0	8000000000000000	7ffc5b08c100	7ffc5b08c108
3.951208	9a84c	0	584aa9c8dc20	1	584f2d484886	584aa9b85010	7	584aaa1f0ae8	7ffc5b097380	584aa9d26fd0	0	eb87a87bd18ce8a5	189a5776364914b7	cd83	584aab899438	7ffc5b097410	3
3.961803	9a1f6	584aa9d60a20	584aaa1e6798	2541f	1	fc3e	584aaa1e6798	7ffc5b096f08	7ffc5b096de0	8	0	d78abaf3bbb14711	662a9658dd421582	584aaa1e6798	8000000000000002	584aaa0bc6a0	c6b5
3.974936	99cc5	7deeeecf1eba2659	7ffc5b091928	724d5c6a7efe9344	f5604cb7118b8f4c	71cf3a51fac3fe12	2000000000000000	7ffc5b091928	7ffc5b091760	8	0	4bbdb9331cfb571d	4838cad3c8a54c07	0	8000000000000000	7ffc5b091760	7ffc5b091768
3.988479	9a1f6	584aaaa22c20	584aab9d1be0	230e8	584aa9b85010	100d2	584aab9d1be0	584aab9d1be0	7ffc5b097380	584aab899480	0	3feb9dcb03a2a0b7	d4a523ebe6809cf9	baf8	584aab899438	7ffc5b097410	2
4.000767	92d74	fffffffffff827d7	7ffc5b09b7c0	55	be1c3c7b4a93a334	584aab899480	ffffffffffff20df	7ffc5b0945f8	7ffc5b0944e0	584aab899438	50	69e1ce55f25ecbe7	deb4bc7deead7ce4	0	df11	e011	ec27
4.008551	92727	1dbbca91d14599f3	7ffc5b09b7c0	4258b93574f8184c	aab3782b50ed8a30	a9b07de35ce0766c	2000000000000000	7ffc5b0925c8	7ffc5b092480	8	0	9d196d74099342c1	6c459ed9949a6d00	0	1	0	1dbbca91d14599f3
4.017305	1f2e31f503c2	31	ffffffffffffff50	1	584f2d59919b	584aa9f29a10	584aa9f29a20	7ffc5b08eaa8	7ffc5b08e930	584aa9f2b970	584aaa58c240	7778d821ad20	189a5776364914b7	584aab9503d0	8000000000000002	584aab8b94a0	64a2
4.032292	99cfc	8000000000000001	584aab2710d0	8000000000000001	8000000000000001	584aab271001	7ffc5b097458	1	7ffc5b097370	8	0	1401a12c12179cd4	630f487c695f8aab	b111	584aab899438	7ffc5b097458	8000000000000000
4.041105	92d74	ffffffffffef9953	7ffc5b09b7c0	36	fe692e2ee522ebdc	584aab899480	fffffffffffe2d7b	7ffc5b0904e8	7ffc5b0903a0	584aab899438	0	7cf00e0ebeed0c6f	2fa0622089fe8527	0	1d275	1d285	b997
4.053344	9a1f6	584aaa3d2e70	584aab8f03d0	6de6	1	100d2	584aab8f03d0	7ffc5b0967c8	7ffc5b096670	0	584aaa6d6740	584aaa6d67b0	7778d821ace0	584aab8f03d0	8000000000000002	584aab8b94a0	24a2
4.058697	9a1f6	584aaabd2f50	584aab9d3110	2338e	584aa9b85010	100d2	584aab9d3110	584aab9d3110	7ffc5b097380	584aab899480	0	d130b106dd34d9ad	3f5411fbb9445fc4	bbda	584aab899438	7ffc5b097410	2
4.069289	1f2e31f4c862	584aa9fe3e70	584aa9d69930	30	51	584aa9fe3e70	584aa9f940d0	50	7ffc5b097450	584f2d7c0519	584aa9d69930	30	189a5776364914b7	7778d821aca8	7778d821ac80	584aa9c29900	584aa9c29
4.076900	940bd	4a30fbcad98c747a	0	9d09d0a727008fa2	8	7ffc5b094e80	7ffc5b094e88	7ffc5b095018	7ffc5b094e70	8	0	4ea995bbfbba81d2	78ebcf3e16e93624	584aaba043b8	8000000000000000	7ffc5b094e80	7ffc5b094e88
4.090526	1f2e31f4c70f	584aa9fbc300	584aa9fbb870	21	584aaa8e5a00	584aa9fbc300	584aa9fbb8b0	60	7ffc5b097440	584f2d5d186b	584aa9f787d0	20	189a5776364914b7	7778d821aca0	7778d821ac80	584aa9fbb8d0	584aa9fbb
4.096570	94063	1fd12f33257c2253	7ffc5b092bd8	93b0274b72bd5585	8	7ffc5b092a00	7ffc5b092a08	7ffc5b092bd8	7ffc5b0929f0	0	0	ed83b1e557fc9d24	3b700ee5a8dd0822	7ffc5b09b7c0	8000000000000000	7ffc5b092a00	7ffc5b092a08
4.107289	92762	3	7ffc5b09b7c0	1211be4a0640be8d	584aab899480	584aab899438	0	7ffc5b08cab8	7ffc5b08c960	8	0	76f3260c1d4222c7	be0c012503cfbd23	7ffc5b08cab8	7ffc5b0971c0	1ffff	c4b0
4.118010	9588c	bb2b631002a90509	7ffc5b096508	61420ad513d3226e	c1de	52d78b47db74d03	c8440e7572da607c	584aaad4ab30	7ffc5b096500	a43d69101cbf121d	71481cd604c32870	6edbfd638dd3c63f	b95fa64d0f2317e2	b7	12d	14	584aaad52c30
4.127422	9a1f6	584aaab97e40	584aab962e98	1533f	1	100d2	584aab962e98	7ffc5b096418	7ffc5b0962f0	8	0	ef9fe05f9158eec1	5236b8926dda9f08	584aab962e98	8000000000000002	584aab8b94a0	7115
4.137005	9a0aa	3	7ffc5b096cb0	584aaabce480	0	100d2	7ffc5b096cb0	7ffc5b096da8	7ffc5b096c50	8	0	d7acb8952408c87c	5f94a8a186b1ff5e	584aab8b94a0	8000000000000001	584aab8e0e78	584aaa59fcb0
4.148228	9a0aa	2	7ffc5b0956e0	584aa9dbeac0	0	100d2	7ffc5b0956e0	7ffc5b095808	7ffc5b095680	8	0	6e029464e65c35c5	d0154d57a84e3f36	584aab8b94a0	8000000000000001	584aab8c7768	584aaaa93010
4.160757	1f2e31f4c806	584aa9f54970	584aa9d7acf0	31	1	584aa9f54970	584aa9e9dfd0	40	7ffc5b097450	584f2e93f48a	584aaa3969f0	30	189a5776364914b7	7778d821aca0	7778d821ac80	584aa9d7ad30	584aa9d7a
4.175728	1f2e31f4c70f	7778d821ad20	7778d821ac80	51	584aaa464680	7778d821ad20	584aaa2e9a20	38	7ffc5b08f3d0	8	0	5d7e36a1e63bc71c	7778d821ace0	10	40	50	2
4.181272	1f2e31f4d666	31	ffffffffffffff50	584f2d7510b9	0	584aaa7131b0	7778d821ac80	0	7ffc5b097330	584aa9c59940	0	e9352a4b98091eea	189a5776364914b7	c7e7	584aab899438	7ffc5b097410	1
4.194352	9a1f6	584aaaa94060	584aab9e39b8	254a3	584aa9b85010	100d2	584aab9e39b8	584aab9e39b8	7ffc5b097380	584aab899480	0	31e0d013277f8520	c7476f5941b03dbe	c6e1	584aab899438	7ffc5b097410	1
4.205733	1f2e31f4ea07	584aaabf46f0	7778d821ac80	584aa9cf58f0	7778d821ad10	7778d821ad00	7778d821ac88	28	7ffc5b097260	584aab899480	7778d821ac80	9b45818b94a5f238	ff905b58d59c03bc	1	30	3	1
4.210963	92a5c	7778d7548010	7ffc5b09b7c0	d9d80	1	100d2	7ffc5b08b5b0	7ffc5b08b698	7ffc5b08b540	8	0	cd43f7b05329c4da	31a32ab5b97c31d5	7778d7621d90	8000000000000002	584aab92e0c8	3676
4.225058	99a32	7ffc5b097460	7ffc5b097458	bb2b631002aa8ba0	61420ad513d3226e	52d78b47db74d03	c8440e7572d9eed5	ffd9	7ffc5b097310	6c7967656e657261	0	332c459f9f692383	189a5776364914b7	ffd9	584aaa5cbf20	7ffc5b097410	1
4.233084	1f2e31f4ef07	30	7778d821ac80	30	584aa9c6b780	584aaaa08c50	21	7778d821ad00	7ffc5b089b70	0	0	584aa9c6b7b0	7778d821ace0	ffffffffffffff88	440	584aa9b85010	42
4.239498	94067	377410c957c2a1d4	7ffc5b097458	c2924674e4a443ca	8	7ffc5b097310	7ffc5b097318	e528	7ffc5b097300	0	0	cb52bf8c4883a897	725377552dda6e7e	e528	8000000000000000	7ffc5b097310	7ffc5b097318
4.251467	99cfc	8000000000000001	584aab6be520	8000000000000001	8000000000000001	584aab6be501	7ffc5b097458	2	7ffc5b097370	8	0	e8ee2740675c2fac	7ddb2a4b32ceb48a	4c07	584aab899438	7ffc5b097458	8000000000000000
4.257811	93557	8000000000000002	7ffc5b09b7c0	3f	2a23c0	100d2	7778d7548010	8000000000000001	7ffc5b08be10	7ffc5b0971c0	66	64c4aefddb3b80e7	48e6b3e16b6d1f2e	81	7ffc5b0971c0	a88f	66
4.263035	9a826	584aa9ec1430	584aa9ec1430	31e3	1	100d2	8000000000000000	7ffc5b093de8	7ffc5b093c80	0	584aa9d73a00	12	7778d821ace0	584aab8d23b8	8000000000000002	584aab8b94a0	10a1
4.277578	99397	8669	238d	63	1ff	dd00866ed0bea05f	10	0	7ffc5b0958f0	0	0	584aaae9a110	0	19d	1	7ffc5b095970	7ffc5b097390
4.291861	93557	8000000000000002	56	584aaae8a300	109e80	100d2	7778d7548010	7ffc5b09b7c0	7ffc5b097050	8	0	7481b8a8748aacb1	4a31de4ce45a1e6c	8000000000000001	db28	427a	7ffc5b0975d0
4.300671	1f2e31f4e970	0	7778d821ac80	0	584aa9b85010	28	7778d821ac80	28	7ffc5b097328	584aab899480	0	698d5fac59bebdb4	bc30701b49dff1b0	1	584aab899438	584aa9c81700	1
4.311776	99cfc	8000000000000001	584aab72bd08	8000000000000001	8000000000000001	584aab72bd01	7ffc5b097458	1	7ffc5b097370	8	0	627a8b9816903ecf	a8c559052d62050d	b51d	584aab899438	7ffc5b097458	8000000000000000
4.320915	1f2e3204bb8a	584aaa32b250	20010	1f858	20008	584aaad26e10	584aaa32ba00	40010	7ffc5b094988	584aaa32b250	584aaa32b250	584aaa39a2f0	7778d821ace0	584aaad26650	7778d821ac80	584aaad46660	584aaa32b250
4.332057	99cfc	8000000000000001	584aab028ee0	8000000000000001	8000000000000001	584aab028e01	7ffc5b095088	1	7ffc5b094f20	8	0	4a59c4b106478e96	e8288c6508ba7c7a	7ffc5b095088	ffffffffffef1f55	7ffc5b095088	8000000000000000
4.341190	1f2e31f503c2	31	ffffffffffffff50	8	8	584aaac027c0	584aaac027d0	584aab9d8570	7ffc5b097350	584aab899480	0	444b99e2fb8d00d	80f5d9af35480ed7	bf5e	584aab899438	7ffc5b097410	3
4.353933	92762	0	7ffc5b09b7c0	179a9940ebb48f1c	584aab899480	584aab899438	10	7ffc5b0964c8	7ffc5b096380	8	0	869cb92095de533e	5ed026b0a11e65f2	7ffc5b0964c8	1	1ffff	1a3e0
4.364460	92c41	0	7ffc5b09b7c0	7b	5eefea8229e07ebc	584aab899480	2000000000000000	7ffc5b093408	7ffc5b0932c0	584aab899438	0	e8e201c32b89163b	172ea4ccfffd3a64	800	1ffff	c9e0	272e
4.375890	9aa82	584aaa7387b0	7ffc5b09b7c0	584aaa7387b0	584f2d529c32	584aa9b85010	8000000000000001	119b	7ffc5b097390	584aaabb27c0	0	76f3260c1d423ad7	189a5776364914b7	100d2	584aaa5cbf20	7ffc5b097410	2
4.381560	92d74	fffffffffff9eee7	7ffc5b09b7c0	7c	da40488e20c3eea9	584aab899480	ffffffffffff536f	7ffc5b092748	7ffc5b092600	584aab899438	0	32b51ea929a3a508	1f3a78c5646e9f77	0	ac81	ac90	11e9
4.389926	9acca	fffffffffff77bdb	7ffc5b09b7c0	1	480	584aab457350	7ffc5b097450	1	7ffc5b097390	584aab899480	0	437bf25f7942057a	219506e8eeafe89f	bf2d	584aab899438	7ffc5b097410	0
4.405120	92a5c	7778d7548010	7ffc5b09b7c0	345140	1	100d2	7ffc5b0943b0	7ffc5b094488	7ffc5b094340	8	0	ca21fa9dec903649	a6726e140697282	7778d788d150	8000000000000002	584aab9a75b0	d145
4.420049	92762	0	7ffc5b09b7c0	7f71af5e6e314167	584aab899480	584aab899438	30	7ffc5b093a78	7ffc5b093960	8	0	80dacbb53d60c32f	eb80349c5d7eb121	7ffc5b093a78	0	1ffff	e019
4.430943	1f2e31f4d660	31	ffffffffffffff50	8	0	584aaa6f0d60	7778d821ac80	0	7ffc5b097348	584aab899480	0	7c381a994d7fa1f2	ed5a2e3aca2dad36	9c3f	584aab899438	7ffc5b097410	0
4.442425	93557	8000000000000002	7a	584aaae916d0	331a40	100d2	7778d7548010	7ffc5b09b7c0	7ffc5b0943e0	8	0	6bda58c2bcdd8ba1	c24551839eac3a47	8000000000000001	0	cc69	7ffc5b0975d0
4.457263	92a22	7542	7ffc5b09b7c0	584aaac759f0	1	100d2	fb64	7ffc5b096838	7ffc5b0966e0	8	0	2edbbb20bed646f5	7bfd9fca504d4eb	584aab8b94a0	8000000000000001	584aaba32600	ad74
4.472155	9a208	584aa9e53e40	584aab9e6eb0	1	584aaad01	584aa9b85010	7	584aab9e6eb0	7ffc5b097380	584aaad01280	0	f78c3a154d875521	189a5776364914b7	c916	584aab899438	7ffc5b097410	3
4.487134	99cfc	8000000000000001	584aab1d19e0	8000000000000001	8000000000000001	584aab1d1901	7ffc5b097458	4	7ffc5b097370	8	0	60b0578689f51bfb	c7333272a95f3a18	248f	584aab899438	7ffc5b097458	8000000000000000
4.494970	93557	8000000000000002	86	584aaae716c0	357900	100d2	7778d7548010	7ffc5b09b7c0	7ffc5b093a50	8	0	75f42554e28ffc49	4ec0ff08933ba2e	8000000000000001	0	d5e4	7ffc5b0975d0
4.501263	92a5c	7778d7548010	7ffc5b09b7c0	2f5fc0	1	100d2	7ffc5b095870	7ffc5b095958	7ffc5b095800	8	0	9d0e7f33662b9027	5c217be5a0692f01	7778d783dfd0	8000000000000002	584aaba12698	bd7f
4.514438	93557	8000000000000002	8a	584aaae716c0	ad600	100d2	7778d7548010	7ffc5b09b7c0	7ffc5b093ff0	8	0	7545bc0cb36728fd	7162e9397d674c35	8000000000000001	c895	2b58	7ffc5b0975d0
4.528869	9aaca	584aa9cc0020	7ffc5b09b7c0	341640	7778d7548010	100d2	8000000000000001	d059	7ffc5b097390	584aaa399d60	584aaaf8e7e0	11	189a5776364914b7	d059	584aaa5cbf20	7ffc5b097410	0
4.538221	9a1f2	584aaa8edb00	584aaba00680	28e3c	1	100d2	584aaba00680	7ffc5b0955b8	7ffc5b095490	0	584aaa321490	584aa9ea6200	7778d821ace0	584aaba00680	8000000000000002	584aab8b94a0	da14
4.553292	92a5c	7778d7548010	7ffc5b09b7c0	34e580	1	100d2	7ffc5b097130	7ffc5b0971d8	7ffc5b0970c0	8	0	9210796b484c256d	425265c027d69172	7778d7896590	8000000000000002	584aab962eb0	d396
4.559296	1f2e31f4d721	41	30	1	7	584aa9b85010	7	584aa9e2e9d0	7ffc5b095de0	584aa9e2e9e0	584aaa3e7630	584aa9d83990	189a5776364914b7	7778d821ac80	0	584aa9e2ea00	a504
4.572774	99cfc	8000000000000001	584aab3e32d0	8000000000000001	8000000000000001	584aab3e3201	7ffc5b097458	1	7ffc5b097370	8	0	3dbd651ed7565130	5f1ee55d029eb5f8	11d1	584aab899438	7ffc5b097458	8000000000000000
4.583891	9a208	584aaa3e8870	584aaba228c8	1	584f2d57e347	584aa9b85010	7	7ffc5b093688	7ffc5b093560	584aa9ce71b0	0	54721c40a362b9af	189a5776364914b7	584aaba228c8	8000000000000002	584aaba228b0	f0d7
4.596304	99cfc	8000000000000001	584aab5a4f70	8000000000000001	8000000000000001	584aab5a4f01	7ffc5b097458	1	7ffc5b097370	8	0	cf2046f7e6042119	b25f538f90f8ee26	802a	584aab899438	7ffc5b097458	8000000000000000
4.606450	9a208	584aa9ca9210	584aab901d58	1	584f2d7a8646	584aa9b85010	7	7ffc5b08d1b8	7ffc5b08d050	584aa9ef6320	584aaa5c38f0	584aa9e3ee10	189a5776364914b7	584aab901d58	8000000000000002	584aab8b94a0	305d
4.620952	95810	1c3	9c	584aaad2d7f0	0	0	1	7ffc5b09b7c0	7ffc5b094ca0	584aaad29f90	3860	1a8c0ca15da4d4b7	143afe070905b9	3086	0	0	7ffc5b0975d0
4.630183	9369f	a545fd2733d61702	7ffc5b095438	69983f850294e5fc	57baaa23838458db	815f5907b748c66b	1100000000000000	7ffc5b0970b0	7ffc5b095430	0	1	168d5eec7769a706	327453ee0a05fec	81	7ffc5b097160	7ffc5b0954e0	7ffc5b095430
4.635689	94072	1fd12f33257c2253	2a	93b0274b72bd5585	8	7ffc5b097310	7ffc5b097318	dd9	7ffc5b097300	0	0	ed83b1e557fc9d24	3b700ee5a8dd0808	dd9	8000000000000000	7ffc5b097310	7ffc5b097318
4.646972	93f6a	0	7ffc5b0909d8	1	1	7ffc5b0909d0	7ffc5b0909d8	7ffc5b0970b0	7ffc5b0909c0	8	0	162566f09afa3969	a373113d4092e8cc	81	7ffc5b097160	7ffc5b090a80	7ffc5b0909d0
4.655271	9941b	584aaad3aa10	1152	24	fff	ffffffffffff43e0	1	0	7ffc5b094330	0	0	584aaad46630	0	5e1	fffffffffffffa1f	7ffc5b0943b0	7ffc5b097390
4.665787	9aaca	584aa9e68390	7ffc5b09b7c0	2b2740	7778d7548010	100d2	8000000000000001	ac9d	7ffc5b097390	584aa9e69da0	584aaa3d3020	9d06a4fd4a617184	189a5776364914b7	ac9d	584aaa5cbf20	7ffc5b097410	3
4.677814	92d74	fffffffffffb52b8	7ffc5b09b7c0	29	bd15ad8741018608	584aab899480	ffffffffffff7af8	7ffc5b090068	7ffc5b08ff20	584aab899438	0	e47382164ea70158	80273abe2884213f	0	84f8	8506	419a
4.686515	99cfc	8000000000000001	584aab30c0e0	8000000000000001	8000000000000001	584aab30c001	7ffc5b097458	8	7ffc5b097370	8	0	80e82dc397948e2a	b3523c695e790b9a	815	584aab899438	7ffc5b097458	8000000000000000
4.701327	940bd	1fcfafab4bd3e009	2694	93b40c9e72bd5585	8	7ffc5b095f90	7ffc5b095f98	7ffc5b097390	7ffc5b095f80	8	0	ed83b1e656e8b6f1	3b6a43605cd2eced	0	1	7ffc5b096030	7ffc5b095f90
4.711927	9aca1	211a	7ffc5b09b7c0	210a	80	5b090020	5b090010	1	7ffc5b097390	584aab899480	0	347fae06ba4fbf2b	5d9559f9af97ff18	e813	584aab899438	108d0	1
4.720480	92a5c	7778d7548010	7ffc5b09b7c0	1e67c0	1	100d2	7ffc5b096890	7ffc5b096968	7ffc5b096820	8	0	bb2520eae5c889a	5d571489b9384841	7778d772e7d0	8000000000000002	584aaba2b310	799f
4.725982	93557	8000000000000002	ac	584aaa34b250	fe400	100d2	7778d7548010	7ffc5b09b7c0	7ffc5b091c30	8	0	1b2747f8b3ab07f7	606100a0916656da	8000000000000001	e8d5	3f90	7ffc5b0975d0
4.733494	92a5c	7778d7548010	7ffc5b09b7c0	116840	1	100d2	7ffc5b094fb0	7ffc5b095088	7ffc5b094f40	8	584aa9d6f030	4ab7a772a9d11fdc	7778d821ace0	7778d765e850	8000000000000002	584aab8b94a0	45a1
4.745930	93557	8000000000000002	b0	584aaad34cc0	12ad00	100d2	7778d7548010	7ffc5b09b7c0	7ffc5b0949c0	8	0	1b7bbf1c166bad23	76f5181fa8750c7d	8000000000000001	1fdf	4ab4	7ffc5b0975d0
4.758598	94049	0	7ffc5b08ea38	1	8	7ffc5b08e860	7ffc5b08e868	7ffc5b08ea38	7ffc5b08e850	0	0	cb52ae7ac58aca9c	e0fa49e7126f1460	584aab9221b8	8000000000000000	7ffc5b08e860	7ffc5b08e868
4.764838	9a1f6	584aa9c6c530	584aab939a38	100b3	584aa9b85010	100d2	584aab939a38	584aab939a38	7ffc5b097380	584aab899480	0	9b45818b94a5a5a9	ff86092e300b946d	5591	584aab899438	7ffc5b097410	2
4.775091	1f2e31f4c806	584aaa5c8e30	584aa9e3d290	31	1	584aaa5c8e30	584aaa2e8f70	40	7ffc5b097450	584f2e98c35d	584aaa325d60	30	189a5776364914b7	7778d821aca0	7778d821ac80	584aa9e3d2d0	584aa9e3d
4.780913	9a208	584aa9d41a90	584aab923bf8	1	584f2e6ace09	584aa9b85010	7	7ffc5b095db8	7ffc5b095c50	584aa9ca9440	0	80a3da8c23fb2f89	189a5776364914b7	584aab923bf8	8000000000000002	584aab8b94a0	46f9
4.787244	940bd	edbac23c2b356653	2db8	3555aee3aaabc907	8	7ffc5b08fba0	7ffc5b08fba8	7ffc5b08fd68	7ffc5b08fb90	8	0	83ac4cb6d6432363	c6d9c4a9a72cf5cc	0	8000000000000000	7ffc5b08fba0	7ffc5b08fba8
4.796266	9accd	ffffffffffffa1fe	7ffc5b09b7c0	0	1c80	584aab86a470	7ffc5b097458	4	7ffc5b097390	584aab899480	0	59b8658ba0a0af90	ec7e3b5927ba9132	bd0b	584aab899438	7ffc5b097410	2
4.807401	99cfc	8000000000000001	584aab0f9758	8000000000000001	8000000000000001	584aab0f9701	7ffc5b0913e8	1	7ffc5b091280	8	0	553106c4adf108b3	5b1129c6c0a29448	7ffc5b0913e8	fffffffffff0c064	7ffc5b0913e8	8000000000000000
4.820521	9a208	584aa9ff58d0	584aab8f79f0	7caa	584aa9b85010	100d2	584aab8f79f0	584aab8f79f0	7ffc5b097380	584aab899480	0	34e9d4588e64366	f076cf6f28b4b8f7	298e	584aab899438	7ffc5b097410	2
4.832582	1f2e31f4ef07	50	7778d821ac80	30	584aaa3b42b0	584aa9f75630	42f	7778d821ad20	7ffc5b090890	0	0	584aaa3b4300	7778d821ace0	ffffffffffffff88	30	584aa9b85010	1
4.845162	92d74	ffffffffffee594c	7ffc5b09b7c0	6	13e0ad516fe789df	584aab899480	fffffffffffe09ec	7ffc5b092be8	7ffc5b092aa0	584aab899438	30	5a4e28f6ffdbb1e8	2b1d33ed6c917a7e	0	1f604	1f674	d51b
4.856388	99cfc	8000000000000001	584aab6c0338	8000000000000001	8000000000000001	584aab6c0301	7ffc5b097458	1	7ffc5b097370	8	0	82dde4a516bf258c	d76595f58e3bf30f	c09a	584aab899438	7ffc5b097458	8000000000000000
4.867760	955a1	df	c0	584aaad29880	1ff	0	1	7ffc5b09b7c0	7ffc5b096170	8	0	1b13f98bd9ca9efb	d1c274b315a5d007	8000000000000001	de	0	7ffc5b0975d0
4.877235	9a1f6	584aaa59f0b0	584aab8c0760	e58	584aa9b85010	100d2	584aab8c0760	584aab8c0760	7ffc5b097380	584aab899480	0	b4811d540d4de373	e7bf3ae8c9fd551a	4c8	584aab899438	7ffc5b097410	1
4.886934	99cfc	8000000000000001	584aab64f2c8	8000000000000001	8000000000000001	584aab64f201	7ffc5b097458	8	7ffc5b097370	8	0	1964b6ba8620b3c7	840fba13ee9d86c5	736c	584aab899438	7ffc5b097458	8000000000000000
4.898515	9a826	584aa9c45ff0	584aa9c45ff0	2058	1	100d2	8000000000000000	7ffc5b0933b8	7ffc5b093240	8	0	20879f98c74674fa	8d9ae90e1db46e6a	584aab8c9760	8000000000000002	584aab93c090	ac8
4.908997	1f2e31f50060	8000000000000001	7ffc5b097410	0	80	1	28	1	7ffc5b097358	584aab899480	0	9210796b484d809a	4247b854f74a735f	dffc	584aab899438	7ffc5b097410	0
4.921720	9a208	584aa9db7250	584aaba16ec8	1	584f2e7a3d1d	584aa9b85010	7	7ffc5b090398	7ffc5b090230	584aaa3dd2b0	0	af278fbe3901bc4	189a5776364914b7	584aaba16ec8	8000000000000002	584aab906d68	e917
4.929911	99cfc	8000000000000001	584aab8434a0	8000000000000001	8000000000000001	584aab843401	7ffc5b0938c8	10	7ffc5b093790	8	0	cd1e5758bcdc06e2	e277fb0191a71b5c	7ffc5b0938c8	ffffffffffff540d	7ffc5b0938c8	8000000000000000
4.942855	924f1	584aaa5cbf20	7ffc5b09b7c0	0	584f2e86c10a	aa6e	7	8000000000000000	7ffc5b0974d0	584aaa71a6a0	0	f31da94a8c34fb05	189a5776364914b7	38740	11db0	8000	584aaa32b250
4.954262	928c5	27c00	7ffc5b09b7c0	584aab8b94a0	0	100d2	0	7ffc5b08c8f8	7ffc5b08c7a0	8	0	76f3260c1d457fac	be15b42a66079bda	584aab8b94a0	8000000000000001	584aab9f77d0	584aaa31c150
4.962013	99a89	7ffc5b08d6e8	7ffc5b08d8b8	1	61420ad513d3226e	7ffc5b08d6e0	c8440e7572d9eed5	7ffc5b08d8b8	7ffc5b08d6e0	a43d69101cbc9cb4	71481cd604c32870	584aaac564c0	0	7ffc5b09b7c0	8000000000000000	8000000000000001	8000000000000001
4.971374	9a1f6	584aa9e69f20	584aab9c4920	21690	584aa9b85010	100d2	584aab9c4920	584aab9c4920	7ffc5b097380	584aab899480	0	92aef97b0ea38edc	783988899a490744	b230	584aab899438	7ffc5b097410	2
4.982060	9284e	ee00	7ffc5b09b7c0	584aab8b94a0	0	100d2	0	7ffc5b094c28	7ffc5b094b10	8	0	d001c75f6ff529e7	8bf379b0e320574d	584aab8b94a0	8000000000000001	584aab930b58	d401
4.991562	1f2e31f4c709	584aa9c7a2d0	584aa9c7a330	31	584aaa39b760	584aa9c7a2d0	584aa9c7a330	60	7ffc5b0929d0	584f2d4ed78a	584aa9e44bf0	30	7d	7778d821ac98	7778d821ac80	584aa9c7a390	584aa9c7a
4.996839	1f2e31f503c2	31	ffffffffffffff50	1	584f2ef1ce28	584aa9e57df0	584aa9e57e00	7ffc5b08fe58	7ffc5b08fcd0	584aaabf86f0	584aaa8d2d70	1e0c4cba668afe88	189a5776364914b7	584aab9f95a0	8000000000000002	584aab8b94a0	d560
5.011766	99c3c	79efd02b935113c1	7ffc5b097458	3852196d0a300f51	fa6e00ef4b297fdb	e2df40c61aa09d4	2000000000000000	d124	7ffc5b097310	8	0	8bff64f621a533f1	7b9aa75b807797f9	d124	8000000000000000	7ffc5b097310	7ffc5b097318
5.019977	1f2e3204b8a1	584aa9e88c70	7ffc5b093588	5	38	584aa9f13fd0	584aa9e88c70	7	7ffc5b093528	8	0	54725bdad88c6a1d	ae409f3fa18c13fd	7	584aa9e88c70	584aa9fdc1c0	584aa9c5a850
5.032160	92a5c	7778d7548010	7ffc5b09b7c0	15e380	1	100d2	7ffc5b092470	7ffc5b092518	7ffc5b092400	8	0	94489a1a3d007d82	6c3c601be358277a	7778d76a6390	8000000000000002	584aaba38cd8	578e
5.042207	9409f	1fd12f33257c2252	1	93b0274b72bd5585	8	7ffc5b097310	7ffc5b097318	bc06	7ffc5b097300	0	0	ed83b1e557fc9d24	24a121d68da12a70	bc06	8000000000000000	8000000000000001	8000000000000001
5.049127	9acca	fffffffffff13f72	7ffc5b09b7c0	1	80	584aab139008	7ffc5b097450	2	7ffc5b097390	584aab899480	0	764200d5e4f3f85b	1d5386a38fd63499	ca52	584aab899438	7ffc5b097410	1
5.058621	992c3	6f8f	0	4f	6f8f	7ffc5b093290	7ffc5b097230	6f8f	7ffc5b093240	584aab899438	20	e8e201c32b884517	17304e258906c7b0	0	1	6f8e	7ffc5b09b7c0
5.072729	92503	584aaa5cbf20	7ffc5b09b7c0	1	584f2d66629e	fa23	7	8000000000000000	7ffc5b0974d0	584aa9f6eb60	0	162be9892c8fa9d8	189a5776364914b7	3c010	cc0	8000	584aaae6a300
5.080385	9acca	fffffffffffa10dd	7ffc5b09b7c0	1	b7ff	584aab5a1b60	7ffc5b097450	1	7ffc5b097390	584aab899480	0	ef85755d9ad03769	a756b091d62c885e	faff	584aab899438	7ffc5b097410	0
5.095300	9a208	584aaa9bc350	584aab9e88f0	1	584f2e0b212f	584aa9b85010	7	7ffc5b08fd68	7ffc5b08fc40	584aa9c6ff40	584aa9e10aa0	584aa9e9f210	189a5776364914b7	584aab9e88f0	8000000000000002	584aab8b94a0	ca2e
5.104861	1f2e31f503c2	31	ffffffffffffff50	1	584f2e24a377	584aaad5a2f0	584aaad5a300	7ffc5b093f48	7ffc5b093dd0	584aaaa17ef0	0	20879f98c7461459	189a5776364914b7	584aab96b5e0	8000000000000002	584aab96b5c8	76b8
5.117794	99cfc	8000000000000001	584aab44a218	8000000000000001	8000000000000001	584aab44a201	7ffc5b097458	2	7ffc5b097370	8	0	4a10cc4f8c716adc	dd623443e930a73	e522	584aab899438	7ffc5b097458	8000000000000000
5.126111	992a0	adeafbe97eddba64	7ffc5b08cc58	8aecda2bd91d9a72	47fb0936d7ee4944	16f03fd0caf9e7c0	1800000000000000	584aaad44d00	7ffc5b08cc50	8	0	7456d6da9c213480	d150a28cfd680769	ffff8000	c0	584aaad43240	7ffc5b08cc50
5.133233	9a826	584aaa3cf8e0	584aaa3cf8e0	148f8	1	100d2	8000000000000000	7ffc5b0959f8	7ffc5b0958c0	0	584aa9d327c0	584aaa9c4e30	7778d821ace0	584aab95dc60	8000000000000002	584aab8b94a0	6da8
5.147282	1f2e31f4e9e8	584aaabdf6c0	7778d821ac80	584aa9f3d590	7778d821ad10	7778d821ad00	7778d821ac88	28	7ffc5b097260	584aab899480	0	f954ef5b33c8f513	bd3a3991488b194e	1	30	3	1
5.160080	92a5c	7778d7548010	7ffc5b09b7c0	3e96c0	1	100d2	7ffc5b08c510	7ffc5b08c5e8	7ffc5b08c4a0	8	584aaa8f7380	467a051f2603b600	7778d821ace0	7778d79316d0	8000000000000002	584aab8b94a0	fa5b
5.168993	1f2e31f5009d	30	ffffffffffffff88	584aa9ffd760	0	100d2	28	28	7ffc5b08cea0	8	0	6668b1761f98adcc	70acd8cfac096c0f	1	8000000000000001	584aa9ffd760	584aa9ffd760
5.180754	9a1f2	584aa9e2ed20	584aab93e160	10998	584aa9b85010	100d2	584aab93e160	584aab93e160	7ffc5b097380	584aab899480	0	caf46fa98d6f098e	f0976835bf2b5784	5888	584aab899438	7ffc5b097410	3
5.186969	1f2e31f4c6db	31	584aaa5c5830	31	30	584aaa8f1a20	584aaa5c5830	60	7ffc5b095cb0	584f2ef6fd55	584aaa5c5890	30	7b	7778d821ac98	7778d821ac80	584aaa5c5890	584aaa5c5
5.200121	9a84c	8000000000000000	584aaa9f2ff0	2f16	1	100d2	8000000000000000	7ffc5b091168	7ffc5b091030	8	0	2e7151ea88dffb38	c540afe675e03a67	584aab8d0d50	8000000000000002	584aab9ee350	fb2
5.209178	99cfc	8000000000000001	584aab14be20	8000000000000001	8000000000000001	584aab14be01	7ffc5b097458	41	7ffc5b097370	8	0	5b4cbe98fb7f794b	b433a29259cb76eb	9ec1	584aab899438	7ffc5b097458	8000000000000000
5.222993	99cfc	8000000000000001	584aab02acf8	8000000000000001	8000000000000001	584aab02ac01	7ffc5b0892b8	1	7ffc5b089140	8	0	ee4af62a52a90452	dc3b802279f7ab9d	7ffc5b0892b8	ffffffffffef2318	7ffc5b0892b8	8000000000000000
5.232621	93f95	0	7ffc5b093778	1	8	7ffc5b093770	7ffc5b093778	584aaae92340	7ffc5b093760	0	0	ed83b1e65ef09d82	3b6fd389204fb798	1122	c84	ee	7ffc5b093770
5.244899	9a1f2	584aaa328fb0	584aab8cd4e0	2808	584aa9b85010	100d2	584aab8cd4e0	584aab8cd4e0	7ffc5b097380	584aab899480	0	cbf21ab3a01c32d4	57e223b37dfc55e3	d58	584aab899438	7ffc5b097410	1
5.254693	98bd0	7ffc5b097230	0	7ffc5b097340	0	0	7ffc5b09b7c0	7075	7ffc5b094748	1	0	584aaad3c9f0	0	0	1	0	7ffc5b09b7c0
5.259906	1f2e31f4c6e9	60	7778d821ac80	61	7778d821ad30	ffffffdc	584aaa5b3f50	38	7ffc5b0908f0	0	0	584aa9c8e550	7778d821ace0	20	40	60	2
5.267433	9a1f6	584aa9e434c0	584aab9a5c78	1d8fb	1	100d2	584aab9a5c78	7ffc5b096f58	7ffc5b096e30	0	584aa9fd2480	12	7778d821ace0	584aab9a5c78	8000000000000002	584aab8b94a0	9da9
5.280319	99cfc	8000000000000001	584aab3b3f60	8000000000000001	8000000000000001	584aab3b3f01	7ffc5b097458	1	7ffc5b097370	8	0	b48b00c02c13f9fd	95107f04be748ff2	3a27	584aab899438	7ffc5b097458	8000000000000000
5.291147	9a1c8	584aa9d16220	7ffc5b093348	584aa9d190a0	38	584aa9f7f670	584aa9d16220	7	7ffc5b0932f0	584aa9b85010	584aa9d16220	7	7	7	584aa9d16220	584aaa9b9bc0	584aa9e87cf0
5.305677	943e8	0	0	81	584aa9f3b410	1969	7ffc5b09b7c0	1969	7ffc5b08f000	7ffc5b097160	49	7ffc5b0970b0	dc1a6b0ad7fdd80	7ffc5b09b7c0	7ffc5b097160	81	49
5.314503	940bd	1fd12f33257c2253	1	93b0274b72bd5585	8	7ffc5b097310	7ffc5b097318	0	7ffc5b097300	8	0	ed83b1e557fc9d24	3b700ee5a8dd0822	f2c9	8000000000000000	8000000000000001	8000000000000001
5.321532	9a1f6	584aa9d48920	584aab9dd820	24870	0	100d2	584aab9dd820	584aab9dd820	7ffc5b097380	0	584aaabf5140	11	7778d821ace0	c2d0	584aab899438	7ffc5b097410	1
5.334860	9a208	584aaa9be7d0	584aab9d3c50	1	584f2d6b3b0a	584aa9b85010	7	7ffc5b092e58	7ffc5b092d30	584aa9c1a6e0	584aa9e033b0	584aaa743a90	189a5776364914b7	584aab9d3c50	8000000000000002	584aab8b94a0	bc52
5.340193	1f2e31f4c709	584aa9bfde80	584aaabf41b0	31	584aaa9e6e60	584aa9bfde80	584aaabf41b0	60	7ffc5b091f10	584f2d79b324	584aa9d318d0	30	79	7778d821ac98	7778d821ac80	584aaabf4210	584aaabf4
5.355116	1f2e31f503c2	31	ffffffffffffff50	8	8	584aa9f234d0	584aa9f234e0	584aab9c14b8	7ffc5b097350	584aab899480	0	4c80db36719f10a	382b3f0726b99525	b001	584aab899438	7ffc5b097410	0
5.366852	99cfc	8000000000000001	584aaafafa88	8000000000000001	8000000000000001	584aaafafa01	7ffc5b08f468	4000	7ffc5b08f330	8	0	5d30e00efd3bc465	fe00cb5447c6542	7ffc5b08f468	ffffffffffee2cca	7ffc5b08f468	8000000000000000
5.379333	9aba8	11094	7ffc5b09b7c0	1ffff	584aab899480	5a	0	1	7ffc5b097390	8	0	82d4c5730f5b524a	a0efb5141001609	d10	584aab899438	11094	1
5.386216	940d4	0	1	0	0	7ffc5b096270	7ffc5b096278	7ffc5b096448	7ffc5b096260	8	0	ed83b1e557fc9d24	3b700ee5a8dd0822	584aab8d0198	8000000000000000	8000000000000001	8000000000000001
5.399606	99cfc	8000000000000001	584aaafc85b0	8000000000000001	8000000000000001	584aaafc8501	7ffc5b097458	1	7ffc5b097370	8	0	556aa331d77d44ac	88ee83f943bf1a77	dd7a	584aab899438	7ffc5b097458	8000000000000000
5.409264	9a1f6	584aaa700370	584aab9bcb98	206df	1	100d2	584aab9bcb98	7ffc5b0947d8	7ffc5b094670	8	0	365d6938c532c64	d5dec305515c0588	584aab9bcb98	8000000000000002	584aab8b94a0	acf5
5.417636	97fb9	eb	7ffc5b097500	584aaad30d20	1ff	584aaad30d10	20	26	7ffc5b095480	0	0	ed83b1e67b9c48e5	3b74fab0114ad753	43	7ffc5b09b7c0	d3ec	43
5.426278	928d3	584aaa9c2a90	7ffc5b09b7c0	584aab8b94a0	0	100d2	0	7ffc5b094708	7ffc5b0945b0	8	0	e1341f660e22484b	aed44c40491fa76d	584aab8b94a0	8000000000000001	584aab9c3228	584aa9d2d710
5.439734	93557	8000000000000002	7ffc5b097500	584aaad30d20	3beb40	100d2	7778d7548010	33	7ffc5b0949e0	fa1e	0	ed83b1e666947fa4	3b737c294cac0228	8000000000000001	7ffc5b09b7c0	efad	53
5.446647	9814b	bb2b631002a91413	28	584aaad2ce10	1bc0	52d78b47db74d03	c8440e7572da7166	584aaad2d3a0	7ffc5b0942d0	8	0	ed83b1e666e6a232	3b68d24bc81df091	ffffff98	50	53	584aaad30400
5.453157	9a1f6	584aaa9dc5f0	584aab933f18	f54f	1	100d2	584aab933f18	7ffc5b096788	7ffc5b096620	8	0	86d7a1b2d1756492	11afb88b4e745851	584aab933f18	8000000000000002	584aab8e39f8	51c5
5.459503	92a5c	7778d7548010	7ffc5b09b7c0	376040	1	100d2	7ffc5b094b00	7ffc5b094be8	7ffc5b094a90	8	0	c5d8b1ea4ba4fcd3	2f4879c0882ac063	7778d78be050	8000000000000002	584aaba2a920	dd81
5.470306	9a1f2	584aa9f516b0	584aab8efd28	6d11	584aa9b85010	100d2	584aab8efd28	584aab8efd28	7ffc5b097380	584aab899480	0	86cb6761f7d589bd	5481c4beded9fa59	245b	584aab899438	7ffc5b097410	1
5.481874	9a1f6	584aaa5c9b00	584aab921498	cfff	1	100d2	584aab921498	7ffc5b0943c8	7ffc5b094260	8	0	3bfc122233f7c08e	b315161fa416a42a	584aab921498	8000000000000002	584aab9282d8	4555
5.494028	1f2e31f503c2	31	ffffffffffffff50	8	8	584aaab8b080	584aaab8b090	584aab9b4810	7ffc5b097350	584aab899480	0	304cffb575829bd6	50301ca84b761310	a77a	584aab899438	7ffc5b097410	1
5.506229	9849c	8000000000000001	7ffc5b09b7c0	8000000000000001	1	7ffc5b0924e8	7ffc5b092400	8000000000000000	7ffc5b092378	8	0	dc1032a71f899327	9fe22db43da3ce23	584aab8b94a0	8000000000000001	584aab90ec88	7ffc5b0924e8
5.520166	1f2e31f4d702	7	40	2	7	584aa9b85010	7	584aaabecb90	7ffc5b0972d0	584aaabecba0	584aaa0a6fc0	da0d2b6cfcf5a919	189a5776364914b7	7778d821ac80	0	7ffc5b097410	2
5.527283	9a208	584aa9e2a250	584aab8cdae0	1	584aa9d05	584aa9b85010	7	7ffc5b091cc8	7ffc5b091b60	584aa9d050d0	0	80e0bd5727a613b7	189a5776364914b7	584aab8cdae0	8000000000000002	584aab9727c8	d98
5.536012	93557	8000000000000002	7ffc5b097500	584aaad38740	326800	100d2	7778d7548010	3b	7ffc5b094360	85c1	0	ed83b1e67a4c6251	3b77b3ab9dfed59f	8000000000000001	7ffc5b09b7c0	c9a0	87
5.542923	92c15	1	7ffc5b09b7c0	4e	4e473ef16af29887	584aab899480	1ed5a	7ffc5b093048	7ffc5b092ef0	584aab899438	20	e8e201c32b8849eb	1736aaa425a2fa94	0	1ffff	1ed8a	e5f4
5.548620	9a1f6	584aaa315b80	584aab9554a0	13800	0	100d2	584aab9554a0	584aab9554a0	7ffc5b097380	584aab899480	584aa9f52900	3dbb44c29ebbe566	7778d821ace0	6800	584aab899438	7ffc5b097410	2
5.554849	9a1f2	584aa9df5ea0	584aab8d2d18	330f	0	100d2	584aab8d2d18	584aab8d2d18	7ffc5b097380	584aab899480	584aa9d65b80	cc8b1a89efd5401a	7778d821ace0	1105	584aab899438	7ffc5b097410	2
5.568314	9a208	584aa9e6c090	584aab970020	1	584f2d424e71	584aa9b85010	7	7ffc5b090948	7ffc5b0907e0	584aaa3c1420	0	603839d6113947c0	189a5776364914b7	584aab970020	8000000000000002	584aab8b94a0	79d0
5.578440	97fce	d7	7ffc5b097500	584aaad34520	1ff	584aaad34510	0	8e	7ffc5b090000	1	d7	ed83b1e67966a5cf	3b6e842d49bee314	97	7ffc5b09b7c0	0	97
5.589034	9a84c	8000000000000000	584aa9f10320	1	584f2d7d1fe0	584aa9b85010	8000000000000000	7ffc5b090128	7ffc5b08ffc0	584aaa310930	0	4bb600ec56a5e562	189a5776364914b7	584aab93f450	8000000000000002	584aab8b94a0	5952
5.594257	9a1f6	584aa9e16d30	584aab8e73b8	5be3	1	100d2	584aab8e73b8	7ffc5b0925b8	7ffc5b092450	8	0	d4e336e9437818f4	2ba25b49fbb59486	584aab8e73b8	8000000000000002	584aab8e73a0	1ea1
5.601572	9a1f6	584aaa5bae40	584aab910e30	af32	0	100d2	584aab910e30	584aab910e30	7ffc5b097380	584aab899480	584aa9cb5bb0	304cffb575829891	7778d821ace0	3a66	584aab899438	7ffc5b097410	1
5.613235	1f2e31f503c2	31	ffffffffffffff50	8	8	584aa9d64fd0	584aa9d64fe0	584aab8ca498	7ffc5b097350	584aab899480	0	9d06a4fd4a1eefd2	39022d1ad5301c2f	b55	584aab899438	7ffc5b097410	2
5.620969	9819d	bb2b631002a91149	7ffc5b092738	61420ad513d3226e	fbd	52d78b47db74d03	c8440e7572da743c	584aaad38ef0	7ffc5b092730	a43d69101cbf065d	71481cd604c32870	ed83b1e66c8aedf9	3b61b7d85b64bed4	fffffff0	180	184	584aaad41190
5.633823	9a1f6	584aa9e594b0	584aab8ba040	174	1	100d2	584aab8ba040	7ffc5b0924e8	7ffc5b092380	8	0	dc1032a71f89a1d1	9fe06b77e995345d	584aab8ba040	8000000000000002	584aab8f9778	7c
5.645571	9aaca	584aaabbdf00	7ffc5b09b7c0	bbdc0	7778d7548010	100d2	8000000000000001	0	7ffc5b097390	584aa9e6ed80	584aa9ec54b0	1ca53ef0eba63817	189a5776364914b7	2ef7	584aaa5cbf20	7ffc5b097410	0
5.651712	99d03	8000000000000001	584aab4a44a0	8000000000000001	8000000000000001	584aab4a4401	7ffc5b097401	1	7ffc5b097370	8	0	eee75757ba232010	7bb029568d4f2a73	d2a6	584aab899438	7ffc5b097458	8000000000000000
5.666301	99a91	7ffc5b090028	7ffc5b0901f8	1	8	7ffc5b090020	c8440e7572d9eed5	7ffc5b0901f8	7ffc5b090020	a43d69101cbc9cb4	71481cd604c32870	5d6cf08b0f4aa70a	189a5776364914b7	584aab978a68	8000000000000000	8000000000000001	8000000000000001
5.676313	1f2e31f4d6d2	ffffffffffffff88	30	1f	0	584aa9b85010	7778d821ac80	584aaa3c52e0	7ffc5b091fa0	8	0	cd051ae74d5175a0	756b6ad901b2a905	7778d821ac80	0	584aab8cd570	e303
5.685773	1f2e31f4d721	31	40	2	7	584aa9b85010	7	584aa9c79aa0	7ffc5b0972d0	584aa9c79ab0	584aa9c717d0	584aaa71b230	189a5776364914b7	7778d821ac80	0	584aa9c79ae0	1
5.693614	99c81	47fc82b95221396d	7ffc5b08fd18	4f18cc966ece64bf	b54f638ce482c47e	60886c6215d797df	2000000000000000	7ffc5b08fd18	7ffc5b08fb40	8	0	c6a9fc621da03b38	4941c99dee730e9b	be	8000000000000000	7ffc5b08fb40	7ffc5b08fb48
5.706921	92d74	ffffffffffff413e	7ffc5b09b7c0	20	8000000000000001	584aab899480	ffffffffffffeace	7ffc5b0924e8	7ffc5b092390	584aab899438	80	dc057c84effe156a	ec448146dadf4606	0	1522	1772	415e
5.717734	1f2e31f4c862	584aaa06a3c0	584aaa5c7d60	30	31	584aaa06a3c0	584aa9fbb840	30	7ffc5b08f2c0	584f2ef6e037	584aaa5c7d60	30	79	7778d821ac98	7778d821ac80	584aa9d57860	584aa9d57
5.724626	94075	841d374b81dbfff	0	bdc880c7e4a43f95	8	7ffc5b090df0	7ffc5b090df8	7ffc5b090fc8	7ffc5b090de0	0	0	cb52c028763b6e24	a38bb8c34fbb4ddc	584aab9b6100	8000000000000000	7ffc5b090df0	7ffc5b090df8
5.730120	9a1f2	584aa9f9b3e0	584aab904ce0	9708	0	100d2	584aab904ce0	584aab904ce0	7ffc5b097380	584aa9b85010	584aa9d585c0	7	7	3258	584aab899438	7ffc5b097410	1
5.743911	1f2e31f4c862	584aaa6e24c0	584aa9fda9b0	30	41	584aaa6e24c0	584aaa9dead0	40	7ffc5b097450	584f2d5736be	584aa9fda9b0	30	189a5776364914b7	7778d821aca0	7778d821ac80	584aa9f0e6c0	584aa9f0e
5.751329	9a1f2	584aa9e3f710	584aaba18a10	2beae	1	100d2	584aaba18a10	7ffc5b08d208	7ffc5b08d0a0	8	0	14385b771313c294	d979968772dcf83e	584aaba18a10	8000000000000002	584aab8c93b8	ea3a
5.766261	1f2e31f503c2	41	ffffffffffffff50	8	8	584aa9c20120	584aa9c20130	584aab9ca320	7ffc5b097340	584aab899480	0	20647fecfd917e86	2818d6dd6622394e	b5f0	584aab899438	7ffc5b097410	2
5.778948	1f2e31f4c806	584aa9d00690	584aaa2e8de0	31	1	584aa9d00690	584aa9e37960	30	7ffc5b08d720	584f2e96fb08	584aaa3c59e0	30	7c	7778d821ac98	7778d821ac80	584aaa2e8e10	584aaa2e8
5.789659	1f2e31f503c2	31	ffffffffffffff50	8	8	584aaab9c970	584aaab9c980	584aab96ffd8	7ffc5b097350	584aab899480	0	eb87a87bd18cce2d	32d4a566eefa637	79cd	584aab899438	7ffc5b097410	1
5.800594	99e40	8000000000000001	7ffc5b09b7c0	0	80	1	7ffc5b097410	1	7ffc5b097380	584aab899480	0	79158198eb653b9	c4f414236ee97da7	695c	584aab899438	7ffc5b097410	0
5.808565	92d26	3	7ffc5b09b7c0	4e	a248e0adc18de1a1	584aab899480	c7e3	7ffc5b096518	7ffc5b0963c0	584aab899438	40	869cb92095de4883	5edd17eda8e84a6d	0	1ffff	c883	bd05
5.819865	9aaca	584aaaa0ea40	7ffc5b09b7c0	39b740	7778d7548010	100d2	8000000000000001	e6dd	7ffc5b097390	584aaab9f3a0	0	e1c245366dac1052	189a5776364914b7	e6dd	584aaa5cbf20	7ffc5b097410	2
5.827454	99cfc	8000000000000001	584aab330d88	8000000000000001	8000000000000001	584aab330d01	7ffc5b097458	1	7ffc5b097370	8	0	4a46d77341854d46	dd02267afdd36daa	b09e	584aab899438	7ffc5b097458	8000000000000000
5.838386	9a84c	8000000000000000	584aaabb4ad0	1d03d	1	100d2	8000000000000000	7ffc5b094e58	7ffc5b094ce0	8	0	d46d5b42079cb8e5	35ae66084338c09d	584aab9a1688	8000000000000002	584aab9adf40	9abf
5.845216	99cfc	8000000000000001	584aab3a16a8	8000000000000001	8000000000000001	584aab3a1601	7ffc5b097458	1	7ffc5b097370	8	0	76cdc4feff71ebb4	33dde8b2fbae660d	e268	584aab899438	7ffc5b097458	8000000000000000
5.856442	99cfc	8000000000000001	584aab88c808	8000000000000001	8000000000000001	584aab88c801	7ffc5b097458	1	7ffc5b097370	8	0	77d96e4a6a40a41c	942486c32a1018a5	d931	584aab899438	7ffc5b097458	8000000000000000
5.865731	1f2e31f4c896	584aa9f0f510	584aa9c05710	61	51	584aa9f0f510	584aa9c529a0	50	7ffc5b097450	584f2e268db5	584f2e268db5	40	189a5776364914b7	7778d821aca8	7778d821ac80	584aa9c05760	584aa9c05
5.877367	1f2e31f4f1db	5	7778d821ac80	3	584aaa3e4620	8	5	7778d821ad00	7ffc5b08d6d0	0	0	584aaabdc0c0	7778d821ace0	ffffffffffffff88	410	584aa9b85010	3f
5.883962	9ab0e	7ffc5b097460	7ffc5b09b7c0	3b60135a9ad1578f	7778d7922150	8000000000000002	8000000000000001	0	7ffc5b097390	584aaa3a74a0	0	82d255a06a70d522	189a5776364914b7	f685	584aaa5cbf20	7ffc5b097410	1
5.895746	1f2e31f503c2	51	ffffffffffffff50	8	8	584aa9cd6930	584aa9cd6940	584aab979968	7ffc5b097340	584aab899480	0	6986574d94496a6a	ee6a1ccb52db7f80	8033	584aab899438	7ffc5b097410	2
5.903031	9a1f6	584aa9e4ecb0	584aab9f2370	271da	1	100d2	584aab9f2370	7ffc5b08feb8	7ffc5b08fd50	8	0	7cec254425c34aff	dee88a02e296e050	584aab9f2370	8000000000000002	584aab9f2340	d09e
5.912199	99cfc	8000000000000001	584aab7ab580	8000000000000001	8000000000000001	584aab7ab501	7ffc5b097458	1	7ffc5b097370	8	0	556aa331d77e8b70	88e61d61a2ab4143	d723	584aab899438	7ffc5b097458	8000000000000000
5.917914	1f2e31f4c862	584aaa8e2e40	584aaabd81f0	30	31	584aaa8e2e40	584aa9c06f10	30	7ffc5b08d3e0	584f2e1722fe	584aaabd81f0	30	79	7778d821ac98	7778d821ac80	584aaa30e0f0	584aaa30e
5.927539	9a1f2	584aaa2d29b0	584aab9caad0	222c6	1	100d2	584aab9caad0	7ffc5b096ed8	7ffc5b096d70	8	0	be262fcbd3546afe	5f0c57d2194399dd	584aab9caad0	8000000000000002	584aab8ef578	b642
5.940927	92ae8	584aaa5cbf20	7ffc5b09b7c0	1	584f2d6878af	100d2	7	7ffc5b093038	7ffc5b092ee0	584aa9fcf530	0	1e4b392ff9c4de36	189a5776364914b7	584aab9387c0	8000000000000002	584aab938790	54cc
5.954487	92a16	74ca	7ffc5b09b7c0	74c9	1	100d2	0	7ffc5b095418	7ffc5b0952c0	8	584aa9cf0410	b3a6a057845687b6	7778d821ace0	584aab9aa3d0	8000000000000001	584aab8b94a0	584aa9c26260
5.968044	982d5	8000000000000001	7ffc5b091190	8000000000000001	1	7ffc5b091278	7ffc5b091190	8000000000000000	7ffc5b0910c0	584aa9b85010	584aa9f20ed0	7	7	584aab9ee020	8000000000000001	584aab8b94a0	7ffc5b091278
5.980002	9a1f6	584aa9ea63e0	584aab918fa8	bf61	1	100d2	584aab918fa8	7ffc5b096a08	7ffc5b0968b0	8	0	d7d848bfc6c07337	7e99db9a9ff4e3d0	584aab918fa8	8000000000000002	584aab8e3b78	3fcb
5.987609	92cd2	1	7ffc5b09b7c0	43	33dcefd98b8b9bdb	584aab899480	e591	7ffc5b08a198	7ffc5b08a040	584aab899438	60	31146c6bdbea9602	5af579ac861c512d	0	1ffff	e6e1	9c56
6.002522	944f5	7ffc5b0970b0	7ffc5b09b7c0	1	46540	100d2	c8440e7572da798f	7ffc5b0970b0	7ffc5b0930c0	7ffc5b097160	25	7ffc5b0970b0	d951ba826a602275	81	7ffc5b097160	1195	25
6.012156	940d4	0	0	0	0	7ffc5b097310	7ffc5b097318	b26f	7ffc5b097300	8	0	f432d25c01f80df5	a8fe4eae4c946f77	b26f	8000000000000000	7ffc5b097310	7ffc5b097318
6.025305	92d74	fffffffffff1340e	7ffc5b09b7c0	18	550918b54822929	584aab899480	fffffffffffe5b1e	7ffc5b095a68	7ffc5b095920	584aab899438	40	f9da426da124fe06	5d6189329892bd5e	0	1a4d2	1a57f	ea42
6.031042	9adef	8000000000000001	7ffc5b09b7c0	584aaa9b9800	584f2ec45e5f	584aa9b85010	8000000000000001	0	7ffc5b097390	584aaaa0f440	0	359f18366a11348b	189a5776364914b7	100d2	584aaa5cbf20	1	2
6.042613	94067	bb2b631002aa8ba0	7ffc5b08d378	a43d69101cbc9cb4	8	7ffc5b08d1a0	7ffc5b08d1a8	7ffc5b08d378	7ffc5b08d190	0	0	332c459f9f6ee48b	71481cd604c32870	584aaba14b88	8000000000000000	8000000000000001	8000000000000001
6.050524	94049	ab1b	7ffc5b097458	1	8	7ffc5b097310	7ffc5b097318	fb2	7ffc5b097300	0	0	dd475fa14ff876ab	e2bc28cff9927f6f	fb2	8000000000000000	7ffc5b097310	7ffc5b097318
6.055962	92a5c	7778d7548010	7ffc5b09b7c0	e980	1	100d2	7ffc5b096ad0	7ffc5b096ba8	7ffc5b096a60	8	0	d79f775bc12aa655	36aff13424792ce4	7778d7556990	8000000000000002	584aab8b94a0	3a6
6.063824	9accd	fffffffffffc1ee8	7ffc5b09b7c0	0	ffff	584aab6a8bc0	7ffc5b097458	1	7ffc5b097390	584aab899480	0	595746af2a93db60	8296dd8497b52a82	9905	584aab899438	7ffc5b097410	0
6.069463	93557	8000000000000002	7ffc5b09b7c0	3f	f4440	100d2	7778d7548010	8000000000000001	7ffc5b092a90	7ffc5b0971c0	28	7ffc5b0970b0	dc1a6b0ad7fdd80	81	7ffc5b0971c0	3d11	28
6.077831	1f2e31f503c2	31	ffffffffffffff50	8	8	584aa9d08f30	584aa9d08f40	584aab9dce18	7ffc5b097350	584aab899480	0	c4d4b3e6c1ab96bf	372c53bfbe59dfad	c265	584aab899438	7ffc5b097410	1
6.091529	1f2e31f503c2	31	ffffffffffffff50	1401	1	584aaa2d76b0	584aaa2d76c0	7ffc5b0966e8	7ffc5b096590	8	0	da0e4fa48fd0d34f	f5c9911e772ad52f	584aab8c34a8	8000000000000002	584aab9ffe10	6ab
6.106169	928d3	584aa9e3e6f0	7ffc5b09b7c0	584aab8b94a0	0	100d2	0	7ffc5b095ec8	7ffc5b095d80	8	0	f79523e2e331261f	1a5b0c6517401df7	584aab8b94a0	8000000000000001	584aab8e3f20	584aa9cee250
6.113665	9acca	fffffffffff6e500	7ffc5b09b7c0	1	80	584aab40bc78	7ffc5b097450	2	7ffc5b097390	584aab899480	0	e8d5ca09c7fcc71c	855df642e33b4e63	31fb	584aab899438	7ffc5b097410	2
6.128595	9aaca	584aa9e4a790	7ffc5b09b7c0	34e040	7778d7548010	100d2	8000000000000001	0	7ffc5b097390	584aa9d60390	584aa9e2c7a0	584aa9e2c7f0	189a5776364914b7	d381	584aaa5cbf20	7ffc5b097410	2
6.139331	9a208	584aaa3c93a0	584aab8cb5d8	1	584f2e105734	584aa9b85010	7	584aab8cb5d8	7ffc5b097380	584aaabf4f60	0	c9d83547e019ae36	189a5776364914b7	c0d	584aab899438	7ffc5b097410	1
6.145050	9a208	584aa9c79680	584aaba1ef98	1	584f2d44b2a5	584aa9b85010	7	7ffc5b095378	7ffc5b095250	584aa9fc58c0	0	2eec6dca886c99cc	189a5776364914b7	584aaba1ef98	8000000000000002	584aab8b94a0	ee75
6.153925	9aaca	584aa9cc5dc0	7ffc5b09b7c0	ea100	7778d7548010	100d2	8000000000000001	3a84	7ffc5b097390	584aaa9fb960	0	304cffb57581d81b	189a5776364914b7	3a84	584aaa5cbf20	7ffc5b097410	2
6.161577	92a5c	7778d7548010	7ffc5b09b7c0	35ea00	1	100d2	7ffc5b08acf0	7ffc5b08add8	7ffc5b08ac80	8	0	fecbe08c62aa7c39	d73c680841c97ede	7778d78a6a10	8000000000000002	584aab918d98	d7a8
6.172221	9acca	fffffffffff58084	7ffc5b09b7c0	1	23ff	584aab359898	7ffc5b097450	10	7ffc5b097390	584aab899480	0	5a6889f222c413dc	cdf8f3164210af52	10a8	584aab899438	7ffc5b097410	1
6.180946	1f2e31f4c6e9	80	7778d821ac80	81	7778d821ad50	ffffff1c	584aa9ddf280	38	7ffc5b095cd0	8	0	8697c3654d92966c	7778d821ace0	40	40	80	2
6.196091	93f6a	bb2b631002a9186b	7ffc5b094928	61420ad513d3226e	8	7ffc5b094920	7ffc5b094928	7ffc5b09b7c0	7ffc5b094910	a43d69101cbf0f7f	0	efff2502305f549	79a10193b3d5781	8000000000000001	aa97	66	7ffc5b094920
6.209445	99cfc	8000000000000001	584aab76ef68	8000000000000001	8000000000000001	584aab76ef01	7ffc5b093348	1	7ffc5b0931e0	8	0	bfc83c8cad484be3	f06b22b3c6ff5fce	7ffc5b093348	fffffffffffdab66	7ffc5b093348	8000000000000000
6.222643	93557	8000000000000002	6c	584aaad3c2a0	2d5180	100d2	7778d7548010	7ffc5b09b7c0	7ffc5b095f20	8	0	937db505af3e0a3	913903e269c05a95	8000000000000001	0	b546	7ffc5b0975d0
6.233267	1f2e31f4c709	584aa9fbd4f0	584aaaa912f0	181	584aa9ff1d20	584aa9fbd4f0	584aaaa91350	1e0	7ffc5b097260	584f2d7343f1	584aa9d9e960	180	0	7778d821ac98	7778d821ac80	584aaaa914d0	584aaaa91
6.241318	93557	8000000000000002	70	584aaad4c6c0	203c0	100d2	7778d7548010	7ffc5b09b7c0	7ffc5b0949c0	8	0	9715ded8b690e19	1df0b5fc1acfd581	8000000000000001	765b	80f	7ffc5b0975d0
6.253608	99cfc	8000000000000001	584aab554f78	8000000000000001	8000000000000001	584aab554f01	7ffc5b097458	1	7ffc5b097370	8	0	a89698bcffc33c0d	764f5a4ad9f57a49	a33b	584aab899438	7ffc5b097458	8000000000000000
6.264387	92a5c	7778d7548010	7ffc5b09b7c0	31a400	1	100d2	7ffc5b08d610	7ffc5b08d6f8	7ffc5b08d5a0	8	0	cb9b1dc5af5f7646	ce7406e1b2679869	7778d7862410	8000000000000002	584aab91dfd0	c690
6.276546	99c5e	bdfc3b8d44bb2f26	7ffc5b095648	3b9bb3db1d7cd7d9	cac3c8ca9ce3a24	ca222ff9bc44ccab	2000000000000000	7ffc5b095648	7ffc5b0954b0	8	0	fbaa2852ddd2b15e	1be2426884af9f08	584aab958e78	8000000000000000	7ffc5b0954b0	7ffc5b0954b8
6.289099	99cfc	8000000000000001	584aab444c98	8000000000000001	8000000000000001	584aab444c01	7ffc5b097458	2	7ffc5b097370	8	0	d46c35714e8f0eb7	3511a3036548d413	a7de	584aab899438	7ffc5b097458	8000000000000000
6.299565	940ae	1fcfbf6c265fb25a	0	93b427ac72bd5585	8	7ffc5b0922d0	7ffc5b0922d8	7ffc5b097390	7ffc5b0922c0	8	0	ed83b1e6776a9dc3	3b6e8124a8fe982a	0	1	7ffc5b092370	7ffc5b0922d0
6.305700	92a5c	7778d7548010	7ffc5b09b7c0	19800	1	100d2	7ffc5b096870	7ffc5b096948	7ffc5b096800	8	0	8bc19a9fbc520573	3aad12d1ecf01f45	7778d7561810	8000000000000002	584aab8f3f28	660
6.313556	1f2e31f4d721	21	40	2	7	584aa9b85010	7	584aaa3a9bc0	7ffc5b0972d0	584aaa3a9bd0	584aaa9c1150	584aaa9c1230	189a5776364914b7	7778d821ac80	0	584aaa3a9c00	1
6.320567	94053	0	7ffc5b094928	1	8	7ffc5b094920	7ffc5b094928	584aaad4ce70	7ffc5b094910	0	0	ed83b1e677e869ea	3b71161e1257d474	29	f	80	7ffc5b094920
6.334135	1f2e31f50178	30	7ffc5b097410	0	584aa9b85010	0	28	28	7ffc5b097330	584aab899480	0	76f3260c1d420490	be08d889de2c9ef6	1f	584aab899438	584aaa9d1b60	1
6.343784	99cfc	8000000000000001	584aab65cd50	8000000000000001	8000000000000001	584aab65cd01	7ffc5b096ec8	2	7ffc5b096d90	8	0	eb87a87bd18cf268	32cc2b6eb30aaea	7ffc5b096ec8	fffffffffffb8723	7ffc5b096ec8	8000000000000000
6.355435	9ab6d	5b9d	7ffc5b09b7c0	1ffff	584aab899480	b	0	0	7ffc5b097390	8	0	62e5ffca362c36f1	42f65b566f38c53a	a1de	584aab899438	7ffc5b097410	1
6.365605	9287e	584aab899480	584aab899438	8000000000000001	8000000000000001	584aab858701	7ffc5b090e00	2	7ffc5b090d40	8	0	c31c1b0d659e10fa	1ecc32ad0eac5f50	7ffc5b090e88	ffffffffffff7e61	1ffff	b46c
6.371665	99cfc	8000000000000001	584aab49a0f0	8000000000000001	8000000000000001	584aab49a001	7ffc5b097458	1	7ffc5b097370	8	0	ef31be8e6e525cef	3da174b0048f2069	a49b	584aab899438	7ffc5b097458	8000000000000000
6.384824	99c32	2583e7d720c670ae	7ffc5b0931e8	801b8d74a0a9122d	8d77013623107293	5bb5c02a16edd3c0	2000000000000000	7ffc5b0931e8	7ffc5b093020	8	0	bfc4216ccb3718a7	bfdb468519de316f	584aab8f61a8	8000000000000000	7ffc5b093020	7ffc5b093028
6.395263	99cfc	8000000000000001	584aab4713e0	8000000000000001	8000000000000001	584aab471301	7ffc5b097458	1	7ffc5b097370	8	0	e9305e24e18bac62	1a7d3630c78aa863	c9c1	584aab899438	7ffc5b097458	8000000000000000
6.401631	1f2e31f4ea86	584aa9bf87d0	7778d821ac80	584aa9c0d860	7778d821ad20	7778d821ad10	2	38	7ffc5b094bc0	584aa9b85010	7778d821ac80	1	7	584aaa02eed0	40	189a5776364914b7	12
6.414021	99cfc	8000000000000001	584aab0bc768	8000000000000001	8000000000000001	584aab0bc701	7ffc5b097458	1	7ffc5b097370	8	0	9d0e7f33662a16d6	5c30941473f7a56e	c7eb	584aab899438	7ffc5b097458	8000000000000000
6.426317	9a826	584aaa00ac70	584aaa00ac70	1d52c	1	100d2	8000000000000000	7ffc5b08da78	7ffc5b08d900	8	0	4008bac191d1bc56	b253c128efd3c6ff	584aab9a3e00	8000000000000002	584aaba13eb0	9c64
6.438179	9a1f2	584aaa398c90	584aab9d59f0	238aa	584aa9b85010	100d2	584aab9d59f0	584aab9d59f0	7ffc5b097380	584aab899480	0	77db21c45e60f13c	555a79c4d0fc7eca	bd8e	584aab899438	7ffc5b097410	3
6.447627	92a5c	7778d7548010	7ffc5b09b7c0	cde80	1	100d2	7ffc5b093b90	7ffc5b093c78	7ffc5b093b20	8	0	6261c2b8ba34f0a5	f66f1e5d34da950a	7778d7615e90	8000000000000002	584aab8dce40	337a
6.458207	94067	47ebfbe0ca92a1ac	7ffc5b097458	4f8b4614e4a45352	8	7ffc5b097310	7ffc5b097318	a37a	7ffc5b097300	0	0	cb52ae7ac58aa8f7	e0fe3a7cbf884e0b	a37a	8000000000000000	7ffc5b097310	7ffc5b097318
6.468768	9a208	584aa9c19340	584aab8d6918	1	584f2d67c4cd	584aa9b85010	7	7ffc5b093ab8	7ffc5b093990	584aaa2dd660	0	32b51ea929a235ab	189a5776364914b7	584aab8d6918	8000000000000002	584aab9ae108	1385
6.481405	99cfc	8000000000000001	584aab1156d0	8000000000000001	8000000000000001	584aab115601	7ffc5b097458	1	7ffc5b097370	8	0	9f3f63a8e3f0adde	9e9f4bd256a697b8	bead	584aab899438	7ffc5b097458	8000000000000000
6.494389	9a208	584aa9ebf450	584aab922aa0	1	584f2d630636	584aa9b85010	7	7ffc5b092e28	7ffc5b092cd0	584aaa586e70	584aaa3e8c00	caff79e41ed44dba	189a5776364914b7	584aab922aa0	8000000000000002	584aab8b94a0	4640
6.504951	9a208	584aaaa06e80	584aab9f2ca0	27300	584aa9b85010	100d2	584aab9f2ca0	584aab9f2ca0	7ffc5b097380	584aab899480	0	cf2046f7e604c55d	b258e40b0dccc00a	d100	584aab899438	7ffc5b097410	1
6.513281	1f2e31f4c70f	7778d821ad20	7778d821ac80	51	584aaa31a470	7778d821ad20	584aaa9dafa0	38	7ffc5b096790	8	0	3884fbf8b476ad27	7778d821ace0	10	40	50	2
6.523945	99cfc	8000000000000001	584aab407f30	8000000000000001	8000000000000001	584aab407f01	7ffc5b097458	1	7ffc5b097370	8	0	92afc2db279988bd	f74d18b22283995	6785	584aab899438	7ffc5b097458	8000000000000000
6.529149	9aafa	584aaa395ae0	7ffc5b09b7c0	52d78b47db74d03	7778d764aed0	8000000000000002	8000000000000001	0	7ffc5b097390	584aaa8d86a0	0	eb9c43c7e3e4a09a	189a5776364914b7	40bb	584aaa5cbf20	7ffc5b097410	1
6.544015	99ad7	0	7ffc5b097458	1	0	7ffc5b097310	7ffc5b097318	0	7ffc5b097310	8	0	cb52abcbd624293f	687367e09f40bea6	12b9	8000000000000000	7ffc5b097310	7ffc5b097318
6.554581	92dc7	1570	ae	1a	2aed1e360c438768	584aab899480	fffffffffffff234	7ffc5b0946d8	7ffc5b094690	584aab899438	0	a4f8f1689d788943	d1af0ae5101fa879	0	dbc	b9d	1570
6.563113	93557	8000000000000002	7ffc5b09b7c0	81	6ea80	100d2	7778d7548010	8000000000000001	7ffc5b08d3f0	7ffc5b097160	5a	7ffc5b0970b0	728f7fc46e468b7c	81	7ffc5b097160	1baa	5a
6.577702	1f2e31f4d6c5	ffffffffffffff88	30	ffffffffffffffd0	0	584aa9dbfe20	7778d821ac80	584aa9dbfe20	7ffc5b0972e0	0	584aa9dbce30	584aa9dbcf00	7778d821ace0	7778d821ac80	0	7ffc5b097410	2
6.592005	9a1f6	584aa9c82460	584aab9b1d80	1f11c	1	100d2	584aab9b1d80	7ffc5b0941b8	7ffc5b094050	0	584aa9d442a0	584aa9c0d320	7778d821ace0	584aab9b1d80	8000000000000002	584aab8b94a0	a5b4
6.598987	99cfc	8000000000000001	584aab66d010	8000000000000001	8000000000000001	584aab66d001	7ffc5b097458	1	7ffc5b097370	8	0	a4f8f1689d78b257	d1a22f66597ba70d	508	584aab899438	7ffc5b097458	8000000000000000
6.609829	95e37	bc51a5b6f3ea294	290	294	ffff	97bcf77685a13d94	1fff	584aaae71950	7ffc5b0923a0	8	0	354e472248088f5b	2b688d973e9eb92d	bb7	294	fffffff0	584aaa36b250
6.615235	98e40	584aab8b94a0	0	584aaa70caa0	8000000000000000	100d2	2422130db182c277	7ffc5b097201	7ffc5b096020	b6	4	7ffc5b097340	8000000000000001	0	1	8e6	7ffc5b09b7c0
6.625222	99cfc	8000000000000001	584aab42df88	8000000000000001	8000000000000001	584aab42df01	7ffc5b097458	1	7ffc5b097370	8	0	7a273dbb276583c5	9b39834e2776e0c0	758d	584aab899438	7ffc5b097458	8000000000000000
6.634695	94090	321e121755a2ce06	0	e4a44460c7e8f828	8	7ffc5b097310	7ffc5b097318	ac91	7ffc5b097300	0	0	f77197fb7e30056a	c13d5355391d1002	ac91	8000000000000000	7ffc5b097310	7ffc5b097318
6.646367	92ae0	584aaa5cbf20	7ffc5b09b7c0	1	584f2ed883f3	100d2	7	7ffc5b096458	7ffc5b096340	584aa9cf3450	0	f79523e2e33e89b3	189a5776364914b7	584aab9d0ba8	8000000000000002	584aab9b85c0	ba4b
6.661201	9a208	584aa9fd2aa0	584aaba307a0	2ee60	584aa9b85010	100d2	584aaba307a0	584aaba307a0	7ffc5b097380	584aab899480	0	76b2f9a8f04dd92e	edb514fb6a6613b1	fa20	584aab899438	7ffc5b097410	0
6.674621	99050	7ffc5b097230	0	0	1ff	0	7ffc5b09b7c0	4167	7ffc5b091be0	f5b	0	584aaac564c0	0	0	1	0	7ffc5b09b7c0
6.688055	9a1f6	584aa9e990e0	584aab9751e0	177a8	0	100d2	584aab9751e0	584aab9751e0	7ffc5b097380	0	584aaa71f5e0	584aaa71f630	7778d821ace0	7d38	584aab899438	7ffc5b097410	2
6.699507	9a208	584aaa746420	584aab9ba870	1	584f2e978dbf	584aa9b85010	7	7ffc5b0940e8	7ffc5b093fc0	584aaa9bf3e0	584aa9e568a0	584aaa30e380	189a5776364914b7	584aab9ba870	8000000000000002	584aab8b94a0	ab7e
6.713133	9aaca	584aaa9b7950	7ffc5b09b7c0	1f640	7778d7548010	100d2	8000000000000001	7d9	7ffc5b097390	584aa9e209f0	0	1dd72d4a3242ee52	189a5776364914b7	7d9	584aaa5cbf20	7ffc5b097410	0
6.720585	99cfc	8000000000000001	584aab3e90c0	8000000000000001	8000000000000001	584aab3e9001	7ffc5b097458	1	7ffc5b097370	8	0	92ae5b59bd75c861	8568d4682cb6a122	b14a	584aab899438	7ffc5b097458	8000000000000000
6.733734	9a826	584aa9f7a270	584aa9f7a270	1	584f2e340729	584aa9b85010	8000000000000000	7ffc5b090558	7ffc5b0903f0	584aaa8c9720	0	4f1fb8d60e38370a	189a5776364914b7	584aab9a3b18	8000000000000002	584aab911b20	9c45
6.742244	9aaca	584aa9ca7000	7ffc5b09b7c0	2b89c0	7778d7548010	100d2	8000000000000001	0	7ffc5b097390	584aa9c42a10	0	3be06468c59684d7	189a5776364914b7	ae27	584aaa5cbf20	7ffc5b097410	1
6.750990	93557	8000000000000002	ca	584aaa36b250	b55c0	100d2	7778d7548010	7ffc5b09b7c0	7ffc5b095d30	8	0	3b61660580cd8d13	5eee20cc8f80fd3	8000000000000001	0	2d57	7ffc5b0975d0
6.764687	1f2e31f503c2	41	ffffffffffffff50	8	8	584aa9d301e0	584aa9d301f0	584aab9ec4f0	7ffc5b097340	584aab899480	0	9f34c052b93ddd9c	c0dfc5ce5fd98e41	ccae	584aab899438	7ffc5b097410	0
6.778537	9a85a	5	7ffc5b0919b0	584aaac02b90	0	100d2	7ffc5b0919b0	7ffc5b091aa8	7ffc5b091948	8	0	5b4cbe98fb7f37b3	b4385baa71834813	8000000000000000	8000000000000001	584aaac02b90	584aaa8e10d0
6.788794	99cfc	8000000000000001	584aab7c1360	8000000000000001	8000000000000001	584aab7c1301	7ffc5b097458	1	7ffc5b097370	8	0	2ee5884738ade914	1b1c50cb6b450378	d963	584aab899438	7ffc5b097458	8000000000000000
6.802747	98edf	9b707a6026aa6343	d94c	584aa9e898f0	7	100d2	648f859fd9549cbc	7ffc5b097301	7ffc5b093840	d0	4	7ffc5b0974a0	8000000000000001	0	1	0	7ffc5b09b7c0
6.814138	99cfc	8000000000000001	584aab296b88	8000000000000001	8000000000000001	584aab296b01	7ffc5b097458	1	7ffc5b097370	8	0	885b57044f01da12	e5368cd1c1e6ff7e	ad2c	584aab899438	7ffc5b097458	8000000000000000
6.822884	940ae	1fd08a2305a2d838	e0c7	93b47f2772bd5585	8	7ffc5b093a30	7ffc5b093a38	7ffc5b09b7c0	7ffc5b093a20	8	0	ed83b1e41a1ec548	3b6dacba66e3128f	0	a0f4	d4	7ffc5b093a30
6.834607	955a1	bf1	d6	584aaa36b250	1fff	0	80	7ffc5b09b7c0	7ffc5b095320	8	0	24456f9fbef3cc09	874294d786c27855	8000000000000001	6944	6943	7ffc5b0975d0
6.848577	1f2e31f503c2	41	ffffffffffffff50	8	8	584aa9c67ac0	584aa9c67ad0	584aab9de3a8	7ffc5b097340	0	584aaaf94030	11	7778d821ace0	c34b	584aab899438	7ffc5b097410	1
6.855584	92d74	ffffffffffee0f30	7ffc5b09b7c0	53	71643fbde918f6e	584aab899480	fffffffffffe01b0	7ffc5b094be8	7ffc5b094ad0	584aab899438	0	852c82077a71ece	3292a7585acbe40	0	1fe40	1fe50	b102
6.870404	9aafa	584aaa9e58b0	7ffc5b09b7c0	52d78b47db74d03	7778d791e090	8000000000000002	8000000000000001	0	7ffc5b097390	584aa9c71f20	584aa9c19ab0	7	189a5776364914b7	f582	584aaa5cbf20	7ffc5b097410	0
6.875798	9ab16	7ffc5b097460	7ffc5b09b7c0	dbe6d163b12edb48	7778d77480d0	8000000000000002	8000000000000001	0	7ffc5b097390	584aa9e4bf20	0	3471ac16bac3a574	189a5776364914b7	8003	584aaa5cbf20	7ffc5b097410	2
6.883208	92a27	7315	7ffc5b09b7c0	584aaac759f0	1	100d2	7ffc5b091f60	7ffc5b092008	7ffc5b091ef0	8	0	80afdb2fa204a207	2727cb800949fbab	584aab8b94a0	8000000000000001	584aaba0fb30	aec5
6.897912	1f2e31f503c2	31	ffffffffffffff50	8	8	584aaa3ce520	584aaa3ce530	584aab8ec908	7ffc5b097350	584aab899480	0	d55b215a1f3d26b8	ca0e37294da58eeb	222f	584aab899438	7ffc5b097410	1
6.906247	92a5c	7778d7548010	7ffc5b09b7c0	2775c0	1	100d2	7ffc5b092300	7ffc5b0923a8	7ffc5b092290	8	0	4bb6039b9e0c1fb8	bdd66097ff216af7	7778d77bf5d0	8000000000000002	584aab8b94a0	9dd7
6.913969	9a826	584aa9d8e330	584aa9d8e330	1	584f2e9607d6	584aa9b85010	8000000000000000	7ffc5b093008	7ffc5b092ee0	584aaa7166a0	0	1964b6ba862f78c5	189a5776364914b7	584aab8f33d0	8000000000000002	584aab9d6e78	26a2
6.927481	99cfc	8000000000000001	584aab4afb28	8000000000000001	8000000000000001	584aab4afb01	7ffc5b097458	4	7ffc5b097370	8	0	8f8d569aa5d93103	7a133068573c1eb1	cf5c	584aab899438	7ffc5b097458	8000000000000000
6.934709	928b9	1	7ffc5b09b7c0	584aab8b94a0	a9fb	100d2	38a9	7ffc5b092ea8	7ffc5b092d90	8	0	197cd12f264df36c	59952184359af4a0	584aab90e478	8000000000000001	584aab8b94a0	584aaad5bc80
6.948759	9a1f6	584aa9da1e50	584aab8dbfe8	4569	1	100d2	584aab8dbfe8	7ffc5b08cbc8	7ffc5b08ca70	8	0	3f459fa62ece640d	c2e53674db9a2a02	584aab8dbfe8	8000000000000002	584aab8dbfa0	1723
6.959224	1f2e31f503c2	41	ffffffffffffff50	8	8	584aa9dc58a0	584aa9dc58b0	584aab975468	7ffc5b097340	584aab899480	0	e19e3d7e3737e47f	febd4d417693d1ac	7d53	584aab899438	7ffc5b097410	1
6.967084	92d74	fffffffffff1c7b6	7ffc5b09b7c0	1	5cc94c8ca0ae4ba0	584aab899480	fffffffffffe6b86	7ffc5b094b58	7ffc5b094a40	584aab899438	0	20879f98c747e5ac	8d8c86b8a342f0a4	0	1946a	1947a	73c7
6.978880	9a1f6	584aa9db1f70	584aab8ef5a8	6c21	1	100d2	584aab8ef5a8	7ffc5b0944a8	7ffc5b094350	8	0	3bfc122233f79064	b30b1951612b7540	584aab8ef5a8	8000000000000002	584aab9cfac8	240b
6.990474	1f2e31f503c2	41	ffffffffffffff50	8	8	584aaa8be740	584aaa8be750	584aaba36488	7ffc5b097340	0	584aaa8c81d0	584aaa8c8220	7778d821ace0	fdff	584aab899438	7ffc5b097410	2
6.997688	94067	bb2b631002a9e012	7ffc5b0926d8	a43d69101cbff706	8	7ffc5b0926d0	7ffc5b0926d8	7ffc5b09b7c0	7ffc5b0926c0	0	0	2224dfa8ae61afb7	71481cd604c32870	0	0	ee	7ffc5b0926d0
7.012237	9a1f2	584aaa6d63a0	584aab95b9f8	144ab	0	100d2	584aab95b9f8	584aab95b9f8	7ffc5b097380	584aa9b85010	584aaa2bfcc0	584aa9cd62c0	1	6c39	584aab899438	7ffc5b097410	3
7.027369	1f2e31f4ea65	584aa9f138f0	7778d821ac80	584aa9c042f0	7778d821ad20	7778d821ad10	2	38	7ffc5b094630	584aa9b85010	7778d821ac80	1	7	584aa9cce1f0	40	584aaa067390	12
7.036545	92d74	fffffffffffd65e5	7ffc5b09b7c0	45	9b5c2c85232418d3	584aab899480	ffffffffffffb5fd	7ffc5b0935a8	7ffc5b093460	584aab899438	0	7c381a994d7f83d0	ed566a06f04c8fd4	0	49f3	4a01	58e9
7.043432	1f2e31f4ea65	584aa9d265b0	7778d821ac80	584aaa9cbae0	7778d821ad10	7778d821ad00	1	28	7ffc5b097260	584aa9b85010	7778d821ac80	2	7	584aa9fe0590	30	584aaa9be8f0	11
7.053900	93557	8000000000000002	f4	584aaae716c0	2f2100	100d2	7778d7548010	7ffc5b09b7c0	7ffc5b091180	8	0	25bfb9d9290c6a91	b5f471b51a5e574a	8000000000000001	ae1b	bc84	7ffc5b0975d0
7.061259	1f2e31f4c70f	7778d821ad30	7778d821ac80	61	584aa9c76010	7778d821ad30	584aa9dfce00	38	7ffc5b090760	0	0	584aaa3cfcd0	7778d821ace0	20	40	60	2
7.074553	9a208	584aaad0efc0	584aab8ca5d0	2226	584aa9b85010	100d2	584aab8ca5d0	584aab8ca5d0	7ffc5b097380	584aab899480	0	965e3ea2c77349ed	a142155ec93f477a	b62	584aab899438	7ffc5b097410	1
7.085495	1f2e31f4ea65	584aaa9c2570	7778d821ac80	584aa9d13110	7778d821ad20	7778d821ad10	2	38	7ffc5b0932c0	584aa9b85010	7778d821ac80	6	7	584aa9f2d7d0	40	584aa9cf5360	12
7.094801	9409b	9ea540630686b4c8	fa	4a8e57c15659519a	8	7ffc5b092fd0	7ffc5b092fd8	7ffc5b09b7c0	7ffc5b092fc0	0	0	3b22cd354209a74b	195f264f806ef521	8000000000000001	a0a0	fa	7ffc5b092fd0
7.102238	9aaca	584aaa6cc3b0	7ffc5b09b7c0	35c040	7778d7548010	100d2	8000000000000001	d701	7ffc5b097390	584aaa7234f0	0	cfb7a6c05b4e7edd	189a5776364914b7	d701	584aaa5cbf20	7ffc5b097410	2
7.115316	1f2e31f503c2	31	ffffffffffffff50	8	8	584aa9c78890	584aa9c788a0	584aaba004e8	7ffc5b097350	584aab899480	0	7a287b0b1406fca2	5d69e4671a5b127d	da03	584aab899438	7ffc5b097410	2
7.126512	99c24	839fbb61d958b86e	7ffc5b090868	e92b81d0ce30a9d1	5cd2f1728d9f516e	146ba3015209898e	2000000000000000	7ffc5b090868	7ffc5b0906d0	8	0	b2d33ac156099a6e	10124ed0ff7466ff	584aab96d4a0	8000000000000000	7ffc5b0906d0	7ffc5b0906d8
7.132566	9a208	584aa9e9f3c0	584aab989aa8	1	584aaabbf	584aa9b85010	7	584aab989aa8	7ffc5b097380	584aaabbf950	0	1a963a5af671f452	189a5776364914b7	8aeb	584aab899438	7ffc5b097410	1
7.145422	92a5c	7778d7548010	7ffc5b09b7c0	11db80	1	100d2	7ffc5b092a10	7ffc5b092b00	7ffc5b0929a0	8	0	8f87c657536321a9	7072988f16c7b6c9	7778d7665b90	8000000000000002	584aab8b94a0	476e
7.156055	9a1f6	584aaa9bb6b0	584aab904bf0	96ea	0	100d2	584aab904bf0	584aab904bf0	7ffc5b097a30	584aab899480	584aaad00260	1de948010adf056d	1	324e	584aab899438	7ffc5b097ac0	1
7.163788	92d74	fffffffffff26d9d	7ffc5b09b7c0	b	10985e02e014e4c	584aab899480	fffffffffffe7df5	7ffc5b07e0c0	7ffc5b07df60	584aab899438	0	17ee7fcd322f82cc	a0d3f40cb4725fbf	0	181fb	1820b	41b9
7.178134	93557	8000000000000002	7ffc5b096ea0	584aaad4d010	1c19c0	100d2	7778d7548010	0	7ffc5b08a650	5a3	0	ed83b1e40108affe	3b7fb41c39608110	8000000000000000	7067	7ffc5b097718	7ffc5b09b7c0
7.183788	1f2e31f4ea65	584aaabc4a70	7778d821ac80	584aaac03810	7778d821ad10	7778d821ad00	1	28	7ffc5b093890	584aa9b85010	7778d821ac80	3	7	584aa9fd5d40	30	584aaa5b6cf0	11
7.191231	92b76	584aab8b94a0	7ffc5b09b7c0	45b6a	c8440e7572da8600	7ffc5b093a68	7ffc5b0939c0	7ffc5b093a68	7ffc5b093950	0	584aaa45e690	584aaa462860	7778d821ace0	584aabae6fd8	8000000000000001	173ce	173ce
7.200366	1f2e3204b91d	7778d71ebff8	fffffc00	584aab899480	48	584aab57e468	7778d71ebff8	fffff800	7ffc5b092ca8	7778d7507010	0	c9940be8138ed43f	25d9dc6ca0212669	584aab8a4520	b0a0	12015	ffffffffffff4f55
7.205720	1f2e3204b91d	7778d6520fb8	fffffff8	584aab899480	48	584aab1b33e0	7778d6520fb8	fffffff0	7ffc5b092ca8	7778d7507010	0	c4ef4ebba633c30e	31564be01533c16a	584aab8b1cf0	18870	671b	fffffffffffe778c
7.215498	9855c	584aaab4cd90	1f28c	5c	1fff	1fc22c63bcc21e77	584aaab4cd80	1f28c	7ffc5b08c5a0	0	0	ed83b1e4074b5c46	3b7060747f04f2ba	9ea	8000000000000001	ecb	7ffc5b096ea0
7.228897	1f2e31f4c862	584aa9f75bf0	584aaa020bc0	30	41	584aa9f75bf0	584aa9fd90b0	40	7ffc5b096b30	584f2ea8abe0	584aaa020bc0	30	189a5776364914b7	7778d821aca0	7778d821ac80	584aaa020830	584aaa020
7.242252	1f2e3204b932	584aaa281ff0	48	3aa81	48	584aaa27ebc0	584aaa281ff0	584aaa27ebc0	7ffc5b08c7a8	0	584aaa281ff0	584aaa2bcab0	7778d821ace0	7ffc5b08c7c0	584aaa281ff0	9	9
7.253240	1f2e31f4c713	584aaa0f7650	584aaa1b9f00	f1	584aaa18a730	584aaa0f7650	584aaa1b9fa0	190	7ffc5b097af0	584f2fd1faf9	584aab7b5b40	f0	189a5776364914b7	7778d821aca8	7778d821ac80	584aaa1ba090	584aaa1b9
7.261462	93f61	7d	7ffc5b088788	1	8	7ffc5b088780	7ffc5b088788	9	7ffc5b088778	8	0	39dd0e1dd8d18e73	202d1fe146ffb800	0	8000000000000000	7ffc5b0888d8	7ffc5b088780
7.268162	1f2e3204b91d	584aabf2aee0	584aabcb7720	8f21	58	584aabc62ec0	584aabf2aee0	fffffffe	7ffc5b06c398	584aac23e810	0	c7c545ccab272684	545cddf1567b8924	622a	f30	fffffffffffff0ce	fffffffc
7.275348	b891c	9	7ffc5b08d670	9	584aaa0d6ba0	a	584aa9e42aa0	b	7ffc5b08d380	8000000000000000	7ffc5b098680	9	e1c4108c10db5e85	9	8000000000000000	584aaa0d6ba0	7ffc5b098680
7.282734	1f2e3204b91d	584aac59bfc8	584aac244e50	16636	58	584aac00bfa8	584aac59bfc8	ffffcfc0	7ffc5b070b48	584aacd4e830	0	d9e6b18d0cdb51d3	8318f81361884289	8676	6640	ffffffffffff99b9	ffffcf80
7.291099	b8bdb	584aacd4e830	7ffc5b08f570	ffffffffff5993f8	46	fffffffffffe1bdd	1e413	9	7ffc5b08f280	fd97	9	9	e92f283fca363977	9	1e423	584aabe3e040	7ffc5b098680
7.297198	b7e41	584aaaf99480	7ffc5b080340	2214	b5c	25849	7ffc5b080340	7ffc5b09b7c0	7ffc5b080050	c3	7ffc5b098680	b03cf8ad6668b239	7fda3cac98d3ce46	c2	b5c	0	25718
7.305390	1f2e3204b91d	7778d4743e78	584aacd4ffa0	21768	58	584aacccd640	7778d4743e78	ffffda00	7ffc5b078b28	7778d52c5010	0	7628b2e3cf94d698	eb08d68ec310805	1ab11	1770	ffffffffffffe886	ffffd800
7.311605	1f2e3204b91d	7778d4378fb8	584aacd5b030	2c7f0	58	584aac9027d8	7778d4378fb8	fffffa77	7ffc5b078b28	7778d52c5010	0	7f9dc1cfe62b3298	2cd6161cd6d92c47	11055	c800	ffffffffffff37ff	fffffa76
7.326502	b7e86	584aaaf99480	0	0	0	25849	7ffc5b093560	7ffc5b09b7c0	7ffc5b093440	25	7ffc5b098680	cbd0a295547f2f09	7502305d2eeee6b8	24	7ffc5b098680	1c2ca	0
7.338425	b8bcc	7778d52c5010	7ffc5b07efe0	ffffffffff8963e0	cd	fffffffffffea6f4	158fc	9	7ffc5b07ecf0	12	9	9	43a9b76cad079eb0	9	1590b	584aaccca070	7ffc5b098680
7.350693	1f2e31f4f870	0	7778d821ac80	51	fff1	584aad4b7010	0	48	7ffc5b07f980	9	584aad4b6fd0	9	7778d821ace0	ffffffffffffff88	50	5	3
7.356101	9d256	b4d6d8a393208658	7778d52cd660	8658	8658	84793dde89113623	7ffff	fffffc00	7ffc5b083b80	7778d3c44010	0	902aaa3f4bd0fe37	fa4a573216c98351	309b9	8650	865a	fffffc00
7.367723	1f2e3204b91d	7778d1c82f60	7778d52e1610	5c5f1	58	7778d4903f60	7778d1c82f60	fffffffe	7ffc5b083b78	7778d3c44010	0	d1fe23f2e9938e29	5612d4d214cc9bb9	1f268	1c600	fffffffffffe39fe	fffffffc
7.378190	1f2e3204b91d	7778d1620fd0	7778d52f3f20	6ef07	58	7778d42a1f78	7778d1620fd0	ffffff00	7ffc5b083b78	7778d3c44010	0	db390d7afb76e3f1	51e80ca2329fe0d0	ee40	2ef10	fffffffffffd10e7	fffffe00
7.389594	b7ef8	386fd	7ffc5b08a030	7778d3c44010	7ffff	0	1800000000000000	7ffc5b09b7c0	7ffc5b089d40	8	0	5c5074c85098d670	e31a302763389df4	72	f70f	7ffc5b098680	1c100
7.395252	93557	8000000000000002	8000000000000000	7778d3c44010	1cd340	25849	7778d5306010	7ffc5b09b7c0	7ffc5b091740	8	0	aadfc62046918c36	6d60b9153683730	7778d5306010	734d	25849	734d
7.402055	b8c3f	77000000	7ffc5b07a070	ffffffffff7bd400	0	584aad9f1b00	18070	b	7ffc5b079d80	7bba	9	9	478434ee7b238c7f	9	1807f	584aad9f1ae0	7ffc5b098680
7.411039	1f2e31f4f870	0	7778d821ac80	51	1d001	584aade13000	0	48	7ffc5b071100	9	584aade12fc0	9	7778d821ace0	ffffffffffffff88	50	5	3
7.424622	b80ca	7ffc5b075e90	7ffc5b075f00	0	0	25849	7ffc5b075f00	7ffc5b09b7c0	7ffc5b075d90	118	7ffc5b098680	9	3c8e552b6eeeed5c	117	7ffc5b098680	0	7ffc5b098680
7.438463	1f2e31f4d6fb	ffffffffffffff88	50	3	0	584aa9b85010	7	584aabc7fc30	7ffc5b097b70	584aabc7fc40	9	0	189a5776364914b7	7778d821ac80	0	52765	7778d36cb910
7.448685	aee66	0	7ffff	584f28bf2cf7	584aac15fb80	584aa9b85010	9	7778d2d03010	7ffc5b097c10	584aad777fd0	9	0	189a5776364914b7	7778d3c70620	ffff5fff	3d937	7778d2d03010
7.459538	aee66	fffffffffffffd98	7ffff	584f2818f1c3	584aacb23ae0	584aa9b85010	9	7778d22c3028	7ffc5b097c10	584aacb23b40	9	0	189a5776364914b7	7778d3c8e330	ffffef80	278d2	7778d22c3290
7.467257	1f2e31f503c2	51	ffffffffffffff50	8	8	584aadde53a0	584aadde53b0	7778d1bcc3c8	7ffc5b097be0	584aaa584a40	9	0	189a5776364914b7	7778d3ca2750	fffff800	18a93	7778d1bcc790
7.478893	1f2e31f503c2	51	ffffffffffffff50	8	8	584aab805410	584aab805420	7778d1193290	7ffc5b097be0	584aad660d70	9	0	189a5776364914b7	7778d3cc0330	ffff1eff	2c7e	7778d1193290
7.488173	1f2e31f4c709	584aadcb1690	584aae8946f0	51	584aae74b080	584aadcb1690	584aae894740	a0	7ffc5b072e50	584f2a2be374	584aae810be0	50	7c	7778d821aca8	7778d821ac80	584aae894790	584aae894
7.500831	1f2e31f4c862	584aadc1f9c0	584aad6a3010	51	51	584aadc1f9c0	584aad67cd60	a0	7ffc5b072e60	584f29c0e66c	584aad6a3010	50	7c	7778d821aca8	7778d821ac80	584aad67cdb0	584aad67c
7.511495	1f2e31f4c709	584aae8dd660	584aae011bf0	a1	584aacb971c0	584aae8dd660	584aae011bf0	f0	7ffc5b072e50	584f2aa42bd1	584aae0ecbc0	50	7c	7778d821aca8	7778d821ac80	584aae011ce0	584aae011
7.525967	1f2e31f4c70f	584aad8320b0	584aac4e2490	f1	584aacf64040	584aad8320b0	584aac4e2530	190	7ffc5b072e50	584f284d2602	584aace7e2e0	f0	7c	7778d821aca8	7778d821ac80	584aac4e2620	584aac4e2
7.535268	1f2e31f4c709	584aac36ff40	584aacc6a0c0	321	584aacbb7ec0	584aac36ff40	584aacc6a0c0	370	7ffc5b072e50	584f298141ba	584aad2b8dd0	f0	7c	7778d821aca8	7778d821ac80	584aacc6a430	584aacc6a
7.543037	1f2e31f4c806	584aade5b180	584aad9f32e0	501	1	584aade5b180	584aabd42820	50	7ffc5b072e60	584f2935eb63	584aad9f3290	500	7c	7778d821aca8	7778d821ac80	584aad9f3330	584aad9f3
7.552892	99a06	8000000000000001	7ffc5b09b7c0	a8	7ffc5b0869a0	52d78b47db74d03	c8440e7572d9eed5	7ffc5b0869a0	7ffc5b0867e8	1	ffffffffffffc850	37b0	584aae3cc340	c314	7ffc5b097e10	7ffc5b09b7c0	7ffc5b097bb0
7.564618	9ab6d	3667	7ffc5b09b7c0	3ffff	7778d7507010	7f	0	0	7ffc5b097a40	8	0	9447a0936f9094b8	53581ec4c1f63422	7c34	7778d7506fc8	7ffc5b097ac0	4
7.576376	9aafa	584aa9e4bc30	7ffc5b09b7c0	7778d821ac80	7778d5622350	8000000000000002	8000000000000001	0	7ffc5b097a40	584aaad57d80	584aaa0c63f0	584aaa0d6b90	189a5776364914b7	c70d	584aab599490	7ffc5b097ac0	3
7.590241	1f2e31f4c70f	7778d821ad60	7778d821ac80	91	584aa9c0f430	7778d821ad60	584aa9dbde30	28	7ffc5b097900	7778d7507010	0	c9fcc82114b577c6	7778d821ace0	60	30	90	1
7.595614	99cfc	8000000000000001	7778d70168a0	8000000000000001	8000000000000001	7778d7016801	7ffc5b097b08	4	7ffc5b097a20	8	0	d4d2975e53fc4717	6d7a013e1d039146	23677	7778d7506fc8	7ffc5b097b08	8000000000000000
7.603609	92a22	1ce7e	7ffc5b09b7c0	584aadfbd710	1	25849	0	7ffc5b08c880	7ffc5b08c720	8	0	c7608d822a5345b0	119f98df9a41cc71	584aab2a0758	8000000000000001	584aaaf99480	204ca
7.614872	93557	8000000000000002	7ffc5b096ea0	584aace4eca0	2f6680	25849	7778d5306010	0	7ffc5b08a1d0	62e0	0	ed83b1e40770ef7b	3b660a50af9643af	8000000000000000	bd9a	7ffc5b0976d8	7ffc5b09b7c0
7.621154	99d23	18c5b	7778d705aef8	8000000000000001	8000000000000001	7778d705ae01	7ffc5b07d500	4	7ffc5b07d400	8	0	94f3c3736f824b84	2f7fb6d6ab92a46d	7ffc5b07d580	fffffffffff6a7e6	7ffc5b07d580	8000000000000000
7.628096	99cfc	8000000000000001	7778d6cb19e0	8000000000000001	8000000000000001	7778d6cb1901	7ffc5b094e60	20	7ffc5b094ce0	8	0	3181a4b2527bbcd4	cf984cd938c03119	7ffc5b094e60	ffffffffffef5543	7ffc5b094e60	8000000000000000
7.633803	93557	8000000000000002	7ffc5b096ea0	584aace4eca0	2f6cc0	25849	7778d5306010	7ffc5b082520	7ffc5b0823d0	8011	0	ed83b1e4078ceede	3b660f46ab0f43b2	8000000000000000	bdb3	7ffc5b097958	7ffc5b09b7c0
7.648762	9a847	8000000000000000	584aaac0b8b0	c1fb	1	25849	8000000000000000	7ffc5b086fa0	7ffc5b086e20	8	0	5d30e00efd3b0036	fef826eebca3a11	584aaaffa458	8000000000000002	584aaaffa440	40a9
7.662767	99cfc	8000000000000001	7778d6b1cd88	8000000000000001	8000000000000001	7778d6b1cd01	7ffc5b096e08	1	7ffc5b096d20	8	0	32b81231e7f2dbdc	9d66a5ebf2edb454	632a	7778d7506fc8	7ffc5b096e08	8000000000000000
7.673018	9a878	584aaaebbdd0	7ffc5b094078	3	584aa9b85010	584aaa8c34d0	11	7ffc5b0941b8	7ffc5b094018	8	0	364ae7ceb297ee2	90f1d5d0031d3622	8000000000000000	8000000000000001	584aaa721410	584aaa721410
7.685709	93f66	7ffc5b090fc8	7ffc5b091198	1	8	7ffc5b090fc0	7ffc5b090fc8	7ffc5b091198	7ffc5b090fb0	a43d69101cbc9cb4	71481cd604c32870	584aaae69ea0	0	7ffc5b09b7c0	8000000000000000	8000000000000001	8000000000000001
7.696004	93680	169d3a30b2bfd3ed	7ffc5b0948d8	572fb8295f4f16bd	c6183a89e7748b6d	9e4765d39588b9dc	1100000000000000	7ffc5b0970b0	7ffc5b0948d0	0	1	25d74f816db68ec0	775518031219c88c	81	7ffc5b097160	7ffc5b094980	7ffc5b0948d0
7.707874	92d36	1	7ffc5b09b7c0	2d	57cac35ed8935816	7778d7507010	6406	7ffc5b091eb8	7ffc5b091d60	7778d7506fc8	0	f80b0f8c531d971f	175ec2786038e55a	0	3ffff	6406	c70b
7.722037	1f2e31f4ea86	584aaa789cb0	7778d821ac80	584aaa78cd60	7778d821ad10	7778d821ad00	1	28	7ffc5b097260	584aa9b85010	7778d821ac80	7	7	584aaaa672e0	30	189a5776364914b7	11
7.730356	92d31	67ff	7ffc5b09b7c0	3	c40af4062887b341	7778d7507010	2fab4	7ffc5b08d618	7ffc5b08d4c0	7778d7506fc8	0	1494fb87e530ec60	823f6b9b1df6f178	0	3ffff	2fab4	ca1
7.745401	1f2e31f503c2	41	ffffffffffffff50	8	8	584aa9c972e0	584aa9c972f0	584aab00d2f8	7ffc5b097340	7778d7507010	0	ef5a628827a2e45f	d1c8f9bb37fa6b5b	4d45	7778d7506fc8	7ffc5b097410	1
7.754306	1f2e31f4c862	584aa9e8f8e0	584aaa01a0f0	30	41	584aa9e8f8e0	584aaa79c840	40	7ffc5b097450	584f2eab00ea	584aaa01a0f0	30	189a5776364914b7	7778d821aca0	7778d821ac80	584aaa01a720	584aaa01a
7.762237	9a208	584aaa5a8680	584aab12da00	1	584f2e87d344	584aa9b85010	7	7ffc5b08cff8	7ffc5b08ce90	584aa9e14070	0	1458212e849f7ef5	189a5776364914b7	584aab12da00	8000000000000002	584aab12d9e8	10d90
7.769142	93557	8000000000000002	7ffc5b09b7c0	3	62780	25849	7778d5306010	8000000000000001	7ffc5b08a4b0	7ffc5b097160	75	7ffc5b0970b0	b90d92da7e03bb0b	81	7ffc5b097160	189e	75
7.778721	9a84c	0	584aaacf8e50	1	584f2efa2c26	584aa9b85010	7	584aab003c50	7ffc5b097380	584aaa6e65a0	0	76f54888178ac73f	189a5776364914b7	46fe	7778d7506fc8	7ffc5b097410	1
7.789305	93557	8000000000000002	7ffc5b09b7c0	81	1414c0	25849	7778d5306010	8000000000000001	7ffc5b08d850	7ffc5b097160	57	ca48ab2db971327c	88dca2c3aa179595	81	7ffc5b097160	5053	57
7.803174	9a0aa	5	7ffc5b092640	584aaa5a51d0	0	25849	7ffc5b092640	7ffc5b092778	7ffc5b0925e0	8	0	bfc83c8cad48303c	f061a408206c93a3	584aaaf99480	8000000000000001	584aab018bd8	584aaa601170
7.813460	9aaca	584aaaba24a0	7ffc5b09b7c0	1cb40	7778d5306010	25849	8000000000000001	72d	7ffc5b097390	584aa9bf7ac0	584aa9c49470	584aaaa294d0	189a5776364914b7	72d	584aab599490	7ffc5b097410	5
7.820303	1f2e31f4c709	584aa9daedb0	584aa9e31680	21	584aa9ea64d0	584aa9daedb0	584aa9e31680	50	7ffc5b096c70	584aa9e31	0	30	7c	7778d821ac98	7778d821ac80	584aa9e316d0	584aa9e31
7.827921	9a208	584aaaa14e90	584aab133e38	1	584f2d507791	584aa9b85010	7	7ffc5b097028	7ffc5b096ed0	584aaac711a0	4	200000002	189a5776364914b7	584aab133e38	8000000000000002	584aab133e20	111bd
7.840791	9ac56	c29a	7ffc5b09b7c0	c28a	8000000000000001	7778d719b401	7ffc5b097400	2	7ffc5b097390	7778d7507010	0	7a2dda678ef24b7f	193685de028c1a2c	2652	7778d7506fc8	614d0	3
7.848693	1f2e31f503c2	31	ffffffffffffff50	8	8	584aa9c87a60	584aa9c87a70	584aaafd65c0	7ffc5b097350	7778d7507010	0	a47007da11f52df7	a5ec2b2b56b905cf	28b8	7778d7506fc8	7ffc5b097410	2
7.858882	1f2e31f4c70f	584aa9c2cec0	584aaa71ae60	91	584aaad10610	584aa9c2cec0	584aaa71ae60	c0	7ffc5b090af0	584f2d5728aa	584aa9fd8fb0	30	79	7778d821ac98	7778d821ac80	584aaa71af20	584aaa71a
7.866180	92762	10	7ffc5b09b7c0	8597558df678e633	7778d7507010	7778d7506fc8	0	7ffc5b08baf8	7ffc5b08b9a0	8	0	f9572f2120078735	a277d2902ff2eed5	7ffc5b08baf8	7ffc5b097160	3ffff	1ba38
7.875950	9ad38	2401	7ffc5b09b7c0	1	584aa9e5c	584aa9b85010	7	584aab01b038	7ffc5b097390	584aa9e5c690	0	9d0bbfdbd8f50908	189a5776364914b7	567d	7778d7506fc8	473d	3
7.890292	9a1f6	584aaaa49fd0	584aab141ab8	350c7	1	25849	584aab141ab8	7ffc5b095258	7ffc5b0950f0	584aa9b85010	584aa9cb9bb0	7	7	584aab141ab8	8000000000000002	584aaaf99480	11aed
7.905131	9a1f6	584aa9c79940	584aaafca020	6174	1	25849	584aaafca020	7ffc5b089c58	7ffc5b089af0	8	0	97c5151a96d7b36e	49d02d07d081ccc	584aaafca020	8000000000000002	584aab099410	207c
7.919319	9aafa	584aaa8d15d0	7ffc5b09b7c0	7ffc5b09b7c0	7778d56e04d0	8000000000000002	8000000000000001	0	7ffc5b097390	584aaa5b4110	0	908124aa08512b7a	189a5776364914b7	f693	584aab599490	7ffc5b097410	1
7.928047	93f61	53	7ffc5b08aa38	1	8	7ffc5b08aa30	7ffc5b08aa38	584aae0ddcb0	7ffc5b08aa28	8	0	ed83b1e41666bf20	3b7c5c60e6c88b63	ffff8000	580	584aae0d2530	7ffc5b08aa30
7.935008	9409f	bb9007d065c177d4	5d62	642ee164a8e5b3c	8	7ffc5b095dc0	7ffc5b095dc8	43c6	7ffc5b095db0	0	0	cc78763bc73c18c7	582b0da6c4cfd0bd	0	1	7ffc5b095eb0	7ffc5b095dc0
7.949568	1f2e31f503c2	41	ffffffffffffff50	8	8	584aaad61fd0	584aaad61fe0	584aab0d3370	7ffc5b097340	7778d7507010	0	86b369b4faea75ca	969c7127156a7c63	d14a	7778d7506fc8	7ffc5b097410	3
7.959942	1f2e31f4d9dd	2	30	1	584f2edafcb7	584aa9b85010	7	584aa9dc7a30	7ffc5b0972f0	584aa9dc7a40	0	4abd47d536046745	189a5776364914b7	7778d821ac80	0	7ffc5b097410	0
7.967656	1f2e31f4ea86	584aaaeb5560	7778d821ac80	584aa9d096f0	7778d821ad20	7778d821ad10	2	38	7ffc5b0911a0	584aa9b85010	7778d821ac80	4	7	584aaac109b0	40	189a5776364914b7	12
7.973284	1f2e3204b891	584aaad1ec90	7ffc5b08e820	5	20	584aa9db4d70	584aaad1ec90	4	7ffc5b08e7b8	8	0	fab0b64272cdf73c	8e3b45fb74b5bc2	4	584aaad1ec90	584aaab8b1b0	584aaa1c8490
7.988287	93557	8000000000000002	7ffc5b09b7c0	81	b4dc0	25849	7778d5306010	8000000000000001	7ffc5b08da10	7ffc5b0971c0	56	cb7bffbb9627cc09	2c7e0837107d219d	81	7ffc5b0971c0	2d37	56
8.002805	99cfc	8000000000000001	7778d6f9bc60	8000000000000001	8000000000000001	7778d6f9bc01	7ffc5b097458	1	7ffc5b097370	8	0	80afdb2fa204d745	2720347af30716e9	dbb9	7778d7506fc8	7ffc5b097458	8000000000000000
8.008459	1f2e31f500bf	0	ffffffffffffff88	0	584aa9b85010	0	28	28	7ffc5b097330	7778d7507010	0	bbfb0e08324b0ea	d6472f0f5896142d	1	7778d7506fc8	584aaa69b520	1
8.023404	1f2e31f503c2	31	ffffffffffffff50	1	584f2d593172	584aaa99e370	584aaa99e380	7ffc5b0970b8	7ffc5b096f70	584aa9ff20f0	0	168f155d4396448	189a5776364914b7	584aab0b5340	8000000000000002	584aab038d80	bd48
8.035366	1f2e31f503c2	41	ffffffffffffff50	8	8	584aa9debb40	584aa9debb50	584aaaf9dea8	7ffc5b097340	584aa9b85010	584aa9e60ef0	584aa9cf6050	1	317	7778d7506fc8	7ffc5b097410	4
8.042644	9aaca	584aa9efe3c0	7ffc5b09b7c0	1140	7778d5306010	25849	8000000000000001	0	7ffc5b097390	584aa9f73e90	584aa9dd8980	584aa9c679d0	189a5776364914b7	45	584aab599490	7ffc5b097410	2
8.056667	93880	584aae0d7e50	13fb3	23	7ff	ffffffffffffa720	1	0	7ffc5b094030	1c	0	584aae0dd730	0	2c5	fffffffffffffd39	7ffc5b0940c0	7ffc5b0970b0
8.061843	9a1f6	584aaa1c0030	584aab05e3b8	189e7	1	25849	584aab05e3b8	7ffc5b096058	7ffc5b095ef0	8	0	26b08c43c404d191	56bb40ca7e3584f3	584aab05e3b8	8000000000000002	584aaaf99480	834d
8.069411	9a826	584aa9f765e0	584aa9f765e0	3206d	1	25849	8000000000000000	7ffc5b0959a8	7ffc5b095870	8	584aa9f2c580	4af32d270a988f44	7778d821ace0	584aab1297e8	8000000000000002	584aaaf99480	10acf
8.080369	1f2e31f4f046	584aaa30a3c0	7778d821ac80	71	584aaa30a3b0	584aaa30a3f0	0	38	7ffc5b096d78	0	584aaa30a3c0	584aaa30a460	7778d821ace0	2	8000000000000001	584aa9b85010	2
8.091741	92503	584aab599490	7ffc5b09b7c0	584f2d675d4c	584aa9cdfe20	11475	7	8000000000000000	7ffc5b0974d0	584aaa36c7f0	584aaae7e1b0	584aaae7e8f0	189a5776364914b7	5aed0	310c0	10000	584aaac759f0
8.098432	9a1f6	584aaa08c5e0	584aab067dd8	19d2b	0	275d4	584aab067dd8	584aab067dd8	7ffc5b097380	0	584aaa0c41a0	584aaa0c4be0	7778d821ace0	89b9	7778d7506fc8	7ffc5b097410	0
8.113280	98e74	584aaaf99480	0	f62b97c00000000	584aaaaa4f40	275d4	7	7ffc5b097301	7ffc5b095b80	34	4	7ffc5b0974a0	8000000000000001	0	1	e3bd	7ffc5b09b7c0
8.127025	98d1f	584aaaf99480	0	584aab162a70	f00	275d4	13b5	7ffc5b097301	7ffc5b096c00	8	0	7ffc5b0974a0	8000000000000001	0	1	130ea	7ffc5b09b7c0
8.138584	99a65	7ffc5b097318	7ffc5b097458	bb2b631002aa8ba0	61420ad513d3226e	52d78b47db74d03	c8440e7572d9eed5	62d1	7ffc5b097310	a43d69101cbc9cb4	71481cd604c32870	da0e4fa48c2f47a6	189a5776364914b7	62d1	584aab599490	7ffc5b097410	4
8.153414	958c5	0	7ffc5b0965d8	1	0	7ffc5b0965d0	7ffc5b0965d8	7ffc5b09b7c0	7ffc5b0965d0	8	0	ed83b1e42f2d45c3	3b71ade624c1978a	8000000000000001	e763	3a	7ffc5b0965d0
8.161581	1f2e31f503c2	31	ffffffffffffff50	1	584f2ec99bea	584aaa832a70	584aaa832a80	7ffc5b0963c8	7ffc5b096280	584aaa7aa850	0	31ebd390751a5ca9	189a5776364914b7	584aaafb5110	8000000000000002	584aab057668	1286
8.169848	9a1f6	584aaac64e00	584aab335000	73770	1	275d4	584aab335000	7ffc5b08c3b8	7ffc5b08c250	0	584aa9d17470	584aa9df3460	7778d821ace0	584aab335000	8000000000000002	584aaaf99480	267d0
8.177419	9a1f6	584aaa729090	584aab11afe0	3036c	584aa9b85010	27c2e	584aab11afe0	584aab11afe0	7ffc5b097380	7778d7507010	0	c9d9ead4ed691249	449351c04a106239	10124	7778d7506fc8	7ffc5b097410	3
8.192210	9a208	584aa9f3e240	584aab04bde8	1	584aaaa27	584aa9b85010	7	584aab04bde8	7ffc5b097380	584aaaa27dc0	0	ef81275a29e67e89	189a5776364914b7	770f	7778d7506fc8	7ffc5b097410	3
8.203677	92a5c	7778d5306010	7ffc5b09b7c0	2fff00	1	27c2e	7ffc5b095790	7ffc5b095878	7ffc5b095720	8	0	f79523e2e3313db0	1a5c4042e5070396	7778d5605f10	8000000000000002	584aaafd2618	bffc
8.209674	93d50	41	1aa	ffffffc0	215	d6161d94bf22fa2d	3ff	584aad033250	7ffc5b094ac0	0	1	cbbafd25fa5bc3eb	483ae72c29890261	ffffffe0	10	15	584aad03b460
8.216147	1f2e31f4c6e9	50	7778d821ac80	51	7778d821ad20	ddfffffc	584aa9fbb9d0	38	7ffc5b096480	8	0	ddf490adcde5ebb1	7778d821ace0	10	40	50	2
8.222474	92d74	ffffffffffdc3756	7ffc5b09b7c0	1f	71d1d34fb6b8aeed	7778d7507010	fffffffffffc0626	7ffc5b089c58	7ffc5b089b00	7778d7506fc8	0	97c5151a96d714c0	482bc18a2d3d57a	0	3f9ca	3f9d7	5751
8.228036	1f2e31f503c2	51	ffffffffffffff50	8	8	584aab7a4c90	584aab7a4ca0	584aaaff5568	7ffc5b097340	7778d7507010	0	8689a88be94e8456	3e33509eafbbca52	3d5f	7778d7506fc8	7ffc5b097410	5
8.234119	9a208	584aaaaa1e50	584aab0f0c38	2aef7	584aa9b85010	27c2e	584aab0f0c38	584aab0f0c38	7ffc5b097380	7778d7507010	0	62c02cbb43103aab	a5370c351e03445e	e4fd	7778d7506fc8	7ffc5b097410	4
8.245394	99cfc	8000000000000001	7778d708e1b0	8000000000000001	8000000000000001	7778d708e101	7ffc5b097458	2	7ffc5b097370	8	0	2edbbb20bed663b3	7ba31b93f053f2d	9965	7778d7506fc8	7ffc5b097458	8000000000000000
8.259655	93557	8000000000000002	7ffc5b09b7c0	81	2957c0	27c2e	7778d5306010	8000000000000001	7ffc5b08ba90	7ffc5b0971c0	68	c7be84302361ac97	a15a2718760ee0e1	81	7ffc5b0971c0	a55f	68
8.272569	1f2e31f503ad	8000000000000000	584aab050858	16e7b	1	27c2e	584aa9ebecc0	7ffc5b08dc38	7ffc5b08dac8	8	0	fa0a1ee7fd62e3aa	9ee97eb3c9bbe904	584aab050858	8000000000000002	584aab050840	7a29
8.284139	9aaca	584aa9d892d0	7ffc5b09b7c0	326040	7778d5306010	28196	8000000000000001	0	7ffc5b097390	584aaa0ad720	0	35912b8ce5d854ad	189a5776364914b7	c981	584aab599490	7ffc5b097410	1
8.298739	99cfc	8000000000000001	7778d64e3dd0	8000000000000001	8000000000000001	7778d64e3d01	7ffc5b097458	4	7ffc5b097370	8	0	86a4e9f02f7572ff	f96d38846f92fa78	2745c	7778d7506fc8	7ffc5b097458	8000000000000000
8.308595	92d74	fffffffffff6f277	7ffc5b09b7c0	54	c270a2c420fc9a2e	7778d7507010	fffffffffffefe7f	7ffc5b096d18	7ffc5b096c00	7778d7506fc8	0	2edbbb20bed6159d	7b9fefafd1b0983	0	10171	10180	ca5d
8.322313	99cfc	8000000000000001	7778d69ed530	8000000000000001	8000000000000001	7778d69ed501	7ffc5b0956b8	100	7ffc5b095540	8	0	4ab68c8e6a4e43e2	180ac6d7cc7db687	7ffc5b0956b8	ffffffffffe9ccad	7ffc5b0956b8	8000000000000000
8.330565	9a84c	8000000000000000	584aaa1d5150	7695f	584aa9b85010	28196	8000000000000000	7ffc5b096d28	7ffc5b096bc0	584aaa2ad770	4	41621ed1cacce574	7778d821ace0	584aab34df78	8000000000000002	584aab34df60	27875
8.340137	1f2e31f4ea65	584aaaa07740	7778d821ac80	584aaabc8c30	7778d821ad10	7778d821ad00	1	28	7ffc5b097260	584aa9b85010	7778d821ac80	2	7	584aa9e99320	30	584aaa6b6190	11
8.346848	99cfc	8000000000000001	7778d6e9da58	8000000000000001	8000000000000001	7778d6e9da01	7ffc5b097458	2	7ffc5b097370	8	0	86c9da6b8b94b185	6be43a45c55bb6a5	9af5	7778d7506fc8	7ffc5b097458	8000000000000000
8.356345	929e2	584aaa3b1950	7ffc5b09b7c0	4	1	28196	0	7ffc5b095138	7ffc5b095020	8	0	7aae98ffecbe912c	6fbcda8e31496cf1	584aaaf99480	8000000000000001	584aab141f98	584aaa250b70
8.371479	9a208	584aa9d2a060	584aaafea0f0	1	584f2ed607df	584aa9b85010	7	7ffc5b0950a8	7ffc5b094f50	584aaa92f980	0	e92ecf57730c2727	189a5776364914b7	584aaafea0f0	8000000000000002	584aaafa3cc8	35da
8.386668	99cfc	8000000000000001	7778d74f8970	8000000000000001	8000000000000001	7778d74f8901	7ffc5b095bf8	4400	7ffc5b095a80	8	0	34344a863effc71a	7b5ee92540fa3d8e	7ffc5b095bf8	ffffffffffffe335	7ffc5b095bf8	8000000000000000
8.396333	1f2e31f503c2	41	ffffffffffffff50	8	8	584aaae8de80	584aaae8de90	584aab14b1d8	7ffc5b097340	7778d7507010	0	86be7453d4e6b6e	39688e8b370b072c	12139	7778d7506fc8	7ffc5b097410	4
8.404685	9aafa	584aace6bfb0	7ffc5b09b7c0	52d78b47db74d03	7778d5599a50	8000000000000002	8000000000000001	0	7ffc5b097390	584aa9db7750	0	908b3d9b8d22188e	189a5776364914b7	a4e9	584aab599490	7ffc5b097410	2
8.418522	9aafa	584aae3ced70	7ffc5b09b7c0	3475e68056adda3a	7778d5481390	8000000000000002	8000000000000001	5ece	7ffc5b097390	584aaad035a0	584aace8f160	584aacea4180	189a5776364914b7	5ece	584aab599490	7ffc5b097410	2
8.426651	98dee	584aaaf99480	0	584aab06dee0	700	2a9ee	a7910f351aa58ee8	7ffc5b097201	7ffc5b096b60	584aaad62ad0	4	7ffc5b097340	8000000000000001	0	1	8dc4	7ffc5b09b7c0
8.431949	9410e	0	8	1	0	7ffc5b096740	7ffc5b096748	7ffc5b096918	7ffc5b096730	8	0	dd475fa14ff876a6	e2bc286ffafd7f44	7ffc5b09b7c0	8000000000000000	7ffc5b096740	7ffc5b096748
8.443894	98dee	584aaaf99480	0	584aab33d220	700	2a9ee	a7910f351aa58e80	7ffc5b097201	7ffc5b093c20	584aaa6d37f0	4	7ffc5b097340	8000000000000001	0	1	26d3c	7ffc5b09b7c0
8.451229	998c8	8743a8e69f4bda60	169	260	ffff	70f190e9b3f6c143	3ff	584aace5ab80	7ffc5b094400	8	0	8a08929ff53fe238	6d2fab61ae20901c	ffffd7bf	60	60	584aace99020
8.456668	1f2e31f503c2	51	ffffffffffffff50	8	8	584aa9ee8d80	584aa9ee8d90	584aaafc9c48	7ffc5b097340	7778d7507010	0	b3b5c450f6b7314c	1a75aeab0098ae10	2053	7778d7506fc8	7ffc5b097410	2
8.468717	940d4	0	0	0	0	7ffc5b097310	7ffc5b097318	f723	7ffc5b097300	8	0	4aa10995f19091e4	a840cd1df9047134	f723	8000000000000000	7ffc5b097310	7ffc5b097318
8.481355	1f2e31f4eed6	60	7778d821ac80	30	584aaae7cc70	4da0000	c39	7778d821ad30	7ffc5b097260	0	0	584aaae7ccd0	7778d821ace0	ffffffffffffff88	30	584aa9b85010	1
8.486864	9a1f2	584aaa3b81b0	584aaaf9e0d0	98a	584aa9b85010	2b19a	584aaaf9e0d0	584aaaf9e0d0	7ffc5b097380	7778d7507010	0	3896bda681d12baa	e1e5ca8c0946faf7	32e	7778d7506fc8	7ffc5b097410	2
8.496402	9a208	584aa9e7c570	584aab103b08	1	584f2e4d31d9	584aa9b85010	7	7ffc5b092698	7ffc5b092530	584aaae99a00	0	5a36353bb33ff818	189a5776364914b7	584aab103b08	8000000000000002	584aaafced18	f19b
8.509819	9409f	1fd08c952660c5b3	0	93b3edde72bd5585	8	7ffc5b095a40	7ffc5b095a48	7ffc5b09b7c0	7ffc5b095a30	0	0	ed83b1e41d0357b1	24a13e6af9c12a70	8000000000000001	bf61	50	7ffc5b095a40
8.520128	928c9	11100	7ffc5b09b7c0	584aaaf99480	0	2b19a	0	7ffc5b08eb18	7ffc5b08e9c0	8	0	cb890f295b4433b0	c849eb1efe1e7158	584aaaf99480	8000000000000001	584aab021fe0	584aace94fe0
8.526737	92762	d	7ffc5b09b7c0	77b4e2b70c26666b	7778d7507010	7778d7506fc8	0	7ffc5b094e48	7ffc5b094d00	8	0	64213dbd214c0625	4712f3b612461ba3	7ffc5b094e48	1	3ffff	2c756
8.536877	9a208	584aa9dc1a90	584aaafdc7b8	8667	584aa9b85010	2b19a	584aaafdc7b8	584aaafdc7b8	7ffc5b097380	7778d7507010	0	e13352f295bcd17b	33051a39794f6407	2ccd	7778d7506fc8	7ffc5b097410	3
8.548454	1f2e31f503c2	41	ffffffffffffff50	8	8	584aa9dcc7b0	584aa9dcc7c0	584aab341a50	7ffc5b097340	7778d7507010	584aa9d76750	d40845927665bdd9	7778d821ace0	2703e	7778d7506fc8	7ffc5b097410	0
8.557126	9a84c	0	584aa9d8bd20	1	584aaa0a5	584aa9b85010	7	584aab38a230	7ffc5b097380	584aaa0a59c0	0	6d3af058ac073065	189a5776364914b7	2a092	7778d7506fc8	7ffc5b097410	4
8.572089	94083	1c6d6de5167d0c22	f063	158585e62183d6b3	8	7ffc5b093850	7ffc5b093858	584aac2c5e50	7ffc5b093840	0	0	5d37cf9f7230c00a	1cd604c3d8137148	fffffffc	c0	584aac2c4530	7ffc5b093850
8.580380	9a208	584aaac71b30	584aab0766d0	1	584f2d69079b	584aa9b85010	7	7ffc5b08c038	7ffc5b08bed0	584aaa0abe90	0	ffb65ddf9a964f67	189a5776364914b7	584aab0766d0	8000000000000002	584aab0766b8	936e
8.593180	98e74	584aaaf99480	0	5404c14cba6bb412	584aaa08a7c0	2b19a	7	7ffc5b097301	7ffc5b095040	54	4	7ffc5b0974a0	8000000000000001	0	1	27603	7ffc5b09b7c0
8.604280	9a208	584aa9d6ee50	584aab327bf0	1	584aaac19	584aa9b85010	7	584aab327bf0	7ffc5b097380	584aaac19dd0	0	3bb5909b0fda738b	189a5776364914b7	25efa	7778d7506fc8	7ffc5b097410	2
8.610388	1f2e31f4c70f	584aaa0bba70	584aa9dc67f0	21	584aaad54530	584aaa0bba70	584aa9dc6830	60	7ffc5b097170	584f2e7fd936	584aaad544f0	20	189a5776364914b7	7778d821aca0	7778d821ac80	584aa9dc6850	584aa9dc6
8.623061	94049	7ffc5b097318	7ffc5b097458	1	8	7ffc5b097310	7ffc5b097318	0	7ffc5b097300	0	0	e916939daf75c8bc	189a5776364914b7	2a6c9	8000000000000000	8000000000000001	8000000000000001
8.632155	99cfc	8000000000000001	7778d669b5a0	8000000000000001	8000000000000001	7778d669b501	7ffc5b096a28	1	7ffc5b0968c0	8	0	76b2f9a8f04f9226	edfcb7809d9d56b9	7ffc5b096a28	ffffffffffe328bb	7ffc5b096a28	8000000000000000
8.646876	955a5	cf7	58	584aadc94fc0	fff	0	1	7ffc5b09b7c0	7ffc5b094430	8	0	36e6832e1cbdde05	714243a083b01eb0	8000000000000001	6f40	0	7ffc5b0975d0
8.653837	1f2e31f4c70f	7778d821ad30	7778d821ac80	61	584aaa9b4370	7778d821ad30	584aaa327b40	38	7ffc5b096900	0	0	584aaa6f6140	7778d821ace0	20	40	60	2
8.666780	9aaca	584aaa266720	7ffc5b09b7c0	10af80	7778d5306010	2b19a	8000000000000001	42be	7ffc5b097390	584aaae6ab20	0	3fd2cc3188bea371	189a5776364914b7	42be	584aab599490	7ffc5b097410	2
8.675954	1f2e31f4ea86	584aa9f55fb0	7778d821ac80	584aaabde0a0	7778d821ad10	7778d821ad00	1	28	7ffc5b097260	584aa9b85010	7778d821ac80	2	7	584aa9dfead0	30	189a5776364914b7	11
8.690314	1f2e31f4c862	584aaa7361f0	584aaa2e6ed0	30	51	584aaa7361f0	584aaaf94a90	50	7ffc5b097180	584f2e84ced3	584aaa2e6ed0	30	189a5776364914b7	7778d821aca8	7778d821ac80	584aaa003a50	584aaa003
8.696993	92a5c	7778d5306010	7ffc5b09b7c0	396740	1	2b19a	7ffc5b0954d0	7ffc5b095578	7ffc5b095460	8	0	ee1d0cb00f8305af	3b4b0307a893c347	7778d569c750	8000000000000002	584aab112118	e59d
8.703464	95610	7778d53d7490	5e	3452	d1480	2b19a	7778d53d7490	7ffc5b09b7c0	7ffc5b096760	8	0	364a474091033627	84fec050f3e9a167	8000000000000001	3452	3452	7ffc5b0975d0
8.718591	92d74	ffffffffffebca8c	7ffc5b09b7c0	78	687fa2006edb54a8	7778d7507010	fffffffffffdc12c	7ffc5b094b08	7ffc5b0949f0	7778d7506fc8	0	303999d5ba419d8d	a05f3e56be01a140	0	23ec4	23ed4	2aee0
8.727082	9a208	584aaa9b5000	584aaafc1908	1	584f2ed8f558	584aa9b85010	7	7ffc5b096928	7ffc5b096800	584aa9f78000	0	86d7a1b2d175d980	189a5776364914b7	584aaafc1908	8000000000000002	584aab042d88	1adb
8.733592	940bd	a4538314cb74c872	0	88fa7e22b67ca279	8	7ffc5b092de0	7ffc5b092de8	bead	7ffc5b092dd0	8	0	9358c694bb68bc3c	26091a06e47cc362	0	1	7ffc5b092ed0	7ffc5b092de0
8.745462	99cfc	8000000000000001	7778d6b096c0	8000000000000001	8000000000000001	7778d6b09601	7ffc5b097458	4	7ffc5b097370	8	0	be262fcbd355224d	5f15455bc2784162	13d56	7778d7506fc8	7ffc5b097458	8000000000000000
8.759583	99cfc	8000000000000001	7778d6c2dda0	8000000000000001	8000000000000001	7778d6c2dd01	7ffc5b097458	4	7ffc5b097370	8	0	a62c18311c172b27	4388315c70a16067	1bd5	7778d7506fc8	7ffc5b097458	8000000000000000
8.774210	99cfc	8000000000000001	7778d6335fd8	8000000000000001	8000000000000001	7778d6335f01	7ffc5b094ed8	800	7ffc5b094d60	8	0	c9ecb6d592235e74	3bfffb9513693dd3	7ffc5b094ed8	ffffffffffdc5e02	7ffc5b094ed8	8000000000000000
8.785530	1f2e31f501df	584aaa0541d0	ffffffffffffff88	4	584aa9b85010	8	12	38	7ffc5b093c30	8	0	209f59bbe060a9ee	bd450e9c06e14a06	2	8000000000000001	584aace72250	584aaa1cdcb0
8.800005	9a208	584aa9e9eeb0	584aab268ad8	1	584f2ecd771a	584aa9b85010	7	7ffc5b0942e8	7ffc5b0941c0	584aaa45a380	584aaaa17630	7778d821ad20	189a5776364914b7	584aab268ad8	8000000000000002	584aaaf99480	1df99
8.810008	1f2e3204b91d	7778d507af80	ffffff22	7778d7507010	48	7778d72fcf80	7778d507af80	ffffff20	7ffc5b093a48	7778d5285010	0	cf1a01ab53461e28	35519c2d914c6d40	7778d750e410	7400	26779	ffffffffffff8bfe
8.818904	1f2e3204b91d	7778d4b30ff0	fffffff8	7778d7507010	48	7778d6db2ff0	7778d4b30ff0	fffffff0	7ffc5b093a48	7778d5285010	0	3599b563e9228b8b	45987168f3202051	7778d75210f0	1a0e0	19b83	fffffffffffe5f1c
8.827173	1f2e3204b91d	7778d3430f08	ffff0700	7778d7507010	48	7778d68b2f08	7778d3430f08	ffff0600	7ffc5b093a48	7778d5285010	0	bf16e4bf9e48fab5	1cd2ad35ae304354	7778d7532d60	2bd50	da4f	fffffffffffd42a7
8.841252	94075	f29ecdb343e46d20	0	2dd5b04f4a8e5ec4	8	7ffc5b094010	7ffc5b094018	7ffc5b097390	7ffc5b094000	0	0	318503a96fe1469e	6ae11fef5c8cd242	0	1	7ffc5b0940b0	7ffc5b094010
8.850049	1f2e31f4d7c1	0	ffffffffffffff50	1	584aaa8e3	584aa9b85010	7	584aaa8e3630	7ffc5b097320	584aaa8e3640	584aaa22dcb0	765ec71dc763e3fa	189a5776364914b7	7778d821ac80	0	7ffc5b097410	3
8.862555	1f2e31f4c862	584aaa080940	584aaa8e1280	40	41	584aaa080940	584aaaa7b110	40	7ffc5b097180	584f2e248ca9	584aaa8e1280	40	189a5776364914b7	7778d821aca0	7778d821ac80	584aa9e29670	584aa9e29
8.870733	9a1f6	584aa9c6f5b0	584aab0004d0	ce0a	0	2d69e	584aab0004d0	584aab0004d0	7ffc5b097380	7778d5285010	584aaac34250	f954ef5b33c8c8f0	7778d821ace0	44ae	7778d5284fc8	7ffc5b097410	0
8.876495	1f2e31f4c70f	584aaa06bf80	584aa9f02be0	21	584aaacf6360	584aaa06bf80	584aa9f02c20	60	7ffc5b097440	584f2e65fc22	584aaacf6320	20	189a5776364914b7	7778d821aca0	7778d821ac80	584aa9f02c40	584aa9f02
8.883725	9a208	584aa9fcf220	584aab38e238	1	584f2d7f10d3	584aa9b85010	7	7ffc5b08f598	7ffc5b08f430	584aaa263080	0	4a75bc390bac1fa2	189a5776364914b7	584aab38e238	8000000000000002	584aaaf99480	2a33d
8.889788	9a208	584aaa03ceb0	584aaafa37b8	1	584f2d408683	584aa9b85010	7	7ffc5b08f9f8	7ffc5b08f890	584aa9f93030	0	947ff35d62be0831	189a5776364914b7	584aaafa37b8	8000000000000002	584aaaf99480	6cd
8.900745	99cfc	8000000000000001	7778d4816ba8	8000000000000001	8000000000000001	7778d4816b01	7ffc5b095a88	4	7ffc5b095950	8	0	4a62b63ecdd714e2	e02c45cbc7bbd690	7ffc5b095a88	ffffffffffeb237c	7ffc5b095a88	8000000000000000
8.914968	98dee	584aaaf99480	0	584aab36b978	700	2d69e	1a49bfab9d7206a9	7ffc5b097301	7ffc5b0954c0	584aa9e8ca90	4	7ffc5b0974a0	8000000000000001	0	1	28c35	7ffc5b09b7c0
8.927482	99cfc	8000000000000001	7778d3cdaaf0	8000000000000001	8000000000000001	7778d3cdaa01	7ffc5b097458	2	7ffc5b097370	8	0	3f993a22d674a8fb	4a8a851d0d2db5c1	886c	7778d5284fc8	7ffc5b097458	8000000000000000
8.940331	9a1f2	584aa9e3e5b0	584aab100910	2ce92	584aa9b85010	2d69e	584aab100910	584aab100910	7ffc5b097380	7778d5285010	0	6083cfd70d11f095	ed841a211373604d	ef86	7778d5284fc8	7ffc5b097410	1
8.954482	1f2e31f4c862	584aaa3d6100	584aaa5951f0	30	31	584aaa3d6100	584aaad2b090	30	7ffc5b094de0	584f2ef3f29d	584aaa5951f0	30	7e	7778d821ac98	7778d821ac80	584aaa36d170	584aaa36d
8.967379	9a84c	8000000000000000	584aaa0a92e0	1	584f29ae933a	584aa9b85010	8000000000000000	7ffc5b095ee8	7ffc5b095d90	584aaa25a950	0	ef85755d9ad07ac1	189a5776364914b7	584aab074fd8	8000000000000002	584aab074fc0	9279
8.974500	1f2e31f4eed6	30	7778d821ac80	30	584aa9e996d0	4da0000	a1	7778d821ad00	7ffc5b094c50	0	0	584aa9e99700	7778d821ace0	ffffffffffffff88	42020	584aa9b85010	4200
8.986669	9a1f2	584aa9ca5c30	584aab0c4ca0	25704	1	2d69e	584aab0c4ca0	7ffc5b08b938	7ffc5b08b7d0	0	584aaa74a9c0	584aaa74aa30	7778d821ace0	584aab0c4ca0	8000000000000002	584aaaf99480	c7ac
8.993531	9274b	22	7ffc5b09b7c0	306cb7abe1abad11	7778d5285010	16fd6274f6b349a0	2000000000000000	7ffc5b093348	7ffc5b093200	8	0	bfc83c8cad49f6c8	f078846008f1a8b7	0	1	7ffff	45088a06db76afc5
9.008372	1f2e31f503c2	41	ffffffffffffff50	8	8	584aaac1be70	584aaac1be80	584aab34cfe8	7ffc5b097340	7778d5285010	0	e955fb0e52fd772d	5b3746a3a97f987f	277cf	7778d5284fc8	7ffc5b097410	2
9.018887	9a1f6	584aaa32f750	584aab0e0bb8	28ee7	0	2ddc2	584aab0e0bb8	584aab0e0bb8	7ffc5b097380	7778d5285010	584aaa571610	765e126e45f902b8	7778d821ace0	da4d	7778d5284fc8	7ffc5b097410	2
9.026594	9a1f6	584aaae94ea0	584aab0f9a58	2c0bb	0	2ddc2	584aab0f9a58	584aab0f9a58	7ffc5b097380	0	584aa9da9f30	584aaa30b640	7778d821ace0	eae9	7778d5284fc8	7ffc5b097410	0
9.038619	9a1f2	584aaac0ea50	584aab0002a8	cdc5	1	2ddc2	584aab0002a8	7ffc5b091dd8	7ffc5b091c70	8	0	a265dc6795668433	c7435ed9ed254de8	584aab0002a8	8000000000000002	584aab00d898	4497
9.046083	1f2e31f4ea86	584aaa34f040	7778d821ac80	584aaa298e80	7778d821ad10	7778d821ad00	1	20	7ffc5b08b080	584aa9b85010	7778d821ac80	2	7	584aaa18e690	30	189a5776364914b7	11
9.058818	9a1f2	584aaa835180	584aab0c9ba8	260e5	1	2ddc2	584aab0c9ba8	7ffc5b08cc78	7ffc5b08cb10	0	584aaa48b9a0	7778d821ad20	7778d821ace0	584aab0c9ba8	8000000000000002	584aaaf99480	caf7
9.065793	93657	8b40f33e7df8e06a	7ffc5b089d58	63f2874375584d34	dbfbb580702ed9b2	eaf77a74a912b59	1100000000000001	7ffc5b0970b0	7ffc5b089d50	0	1	cd96dfddac038176	72f2874375584d35	81	7ffc5b097160	7ffc5b089e00	7ffc5b089d50
9.075284	992ae	1530624f52ed0293	7ffc5b0949d8	566c8dea2570509a	2d221ced066204b4	548f062738127ea2	1800000000000000	7ffc5b097390	7ffc5b0949d0	8	0	9623f01af5958d54	1a98dd6b4c8ed7ae	0	1	7ffc5b094a70	7ffc5b0949d0
9.088381	99cfc	8000000000000001	7778d47f1018	8000000000000001	8000000000000001	7778d47f1001	7ffc5b097458	4	7ffc5b097370	8	0	311f1c30cab2da4b	953e0c3420e9e7d7	d0ff	7778d5284fc8	7ffc5b097458	8000000000000000
9.098365	99cfc	8000000000000001	7778d4b455a0	8000000000000001	8000000000000001	7778d4b45501	7ffc5b097458	1	7ffc5b097370	8	0	d4e336e94378a26a	2bb10519baa7ea2c	8453	7778d5284fc8	7ffc5b097458	8000000000000000
9.110066	9a1f2	584aadcdde00	584aab0f4cb8	2b707	584aa9b85010	2e2d4	584aab0f4cb8	584aab0f4cb8	7ffc5b097380	7778d5285010	0	80f5211e6eafed77	39fc819067c36122	e7ad	7778d5284fc8	7ffc5b097410	3
9.120714	9a1f2	584aaa3cccb0	584aab004a18	d6b3	1	2e2d4	584aab004a18	7ffc5b08fbb8	7ffc5b08fa50	8	0	6a639cab63275a22	f6b3693aed2b1a9c	584aab004a18	8000000000000002	584aab170cd8	4791
9.126731	9a84c	8000000000000000	584aaa399620	72b34	1	2e2d4	8000000000000000	7ffc5b0931f8	7ffc5b093080	8	0	8ffeea56e4c1615d	71d27c01f47dda10	584aab32ee20	8000000000000002	584aaaf99480	263bc
9.141605	9a1f6	584aaaba69f0	584aaafd0a10	6eb2	1	2e2d4	584aaafd0a10	7ffc5b0954e8	7ffc5b0953c0	8	584aaa271210	fba2a0897da2b956	7778d821ace0	584aaafd0a10	8000000000000002	584aaaf99480	24e6
9.148901	9a208	584aaae70880	584aab3be280	1	584f2881368d	584aa9b85010	7	7ffc5b095218	7ffc5b0950f0	584aae0cd800	584aace81fe0	7778d821ad20	189a5776364914b7	584aab3be280	8000000000000002	584aaaf99480	2c340
9.162787	9a1f2	584aa9fa2250	584aaafb0b08	2ed1	584aa9b85010	2e2d4	584aaafb0b08	584aaafb0b08	7ffc5b097380	7778d5285010	0	cd09b0bb5115909a	404aa5806bda6332	f9b	7778d5284fc8	7ffc5b097410	4
9.175502	1f2e31f503c2	51	ffffffffffffff50	8	8	584aaa9cf1e0	584aaa9cf1f0	584aab005c18	7ffc5b097340	7778d5285010	0	2ef36dfb83ca0adc	bdc2ba7871295dd9	4851	7778d5284fc8	7ffc5b097410	1
9.185292	1f2e31f503c2	41	ffffffffffffff50	8	8	584aacdfd250	584aacdfd260	584aaafdab38	7ffc5b097340	7778d5285010	0	4a956b4f50a6536a	c1364a7316f23400	2b9d	7778d5284fc8	7ffc5b097410	2
9.194634	9a1f6	584aa9f8fe90	584aab1058c0	2d888	0	2e2d4	584aab1058c0	584aab1058c0	7ffc5b097380	7778d5285010	584aaa478cf0	9374725c25a6787a	7778d821ace0	f2d8	7778d5284fc8	7ffc5b097410	3
9.202374	92762	6a	7ffc5b09b7c0	13e835f5843d4e8	7778d5285010	7778d5284fc8	0	7ffc5b096068	7ffc5b095f50	8	0	b3b5487d22e044fb	1b60f3f2d8f1d8e5	7ffc5b096068	0	7ffff	6ea0c
9.217036	8f4af	0	7ffc5b090958	0	38	8	38	7	7ffc5b0908f8	8	0	cd619f42ae3c905a	795656f05e79367d	38	8000000000000001	584aace24740	584aace24710
9.223681	9913e	bb2b631002a9ea7d	2ad2d	61420ad513d3226e	7ffc5b0952b0	52d78b47db74d03	c8440e7572da8f08	2ad2d	7ffc5b0951c0	7778d5284fc8	0	6c6dfd9081d473da	b73897625a0fb9be	0	1	7ffc5b0952b0	7ffc5b097390
9.229368	928d3	584aaa6e1f50	7ffc5b09b7c0	584aaaf99480	0	2e2d4	0	7ffc5b096d58	7ffc5b096c40	8	0	bb2520eae5f7f43	5d5d0fec33a6399a	584aaaf99480	8000000000000001	584aab092a98	584aaad52600
9.237321	95990	18297847a412f006	7ffc5b0940b8	62fd304c112ab1b	637cfcab490efc6a	cd8f2e72fc23e5b8	1000000000000000	7ffc5b09b7c0	7ffc5b0940b0	8	0	3119026e28f0566f	d501b51c48aeed50	27cf	0	76	7ffc5b0940b0
9.247153	98e40	584aaaf99480	0	584aa9f366a0	8000000000000000	2e7c3	1f0631ffeb4a3c56	7ffc5b097301	7ffc5b095040	74	4	7ffc5b0974a0	8000000000000001	0	1	2a6fc	7ffc5b09b7c0
9.253028	1f2e31f4ea86	584aaa2ae6f0	7778d821ac80	584aa9d0b880	7778d821ad10	7778d821ad00	1	28	7ffc5b097260	584aa9b85010	7778d821ac80	2	7	584aaa1fb6c0	30	189a5776364914b7	11
9.265968	1f2e31f503c2	31	ffffffffffffff50	8	8	584aa9cd6670	584aa9cd6680	584aab378dd0	7ffc5b097350	0	584aaac9c9c0	584aaacf5a20	7778d821ace0	2950e	7778d5284fc8	7ffc5b097410	1
9.277925	9aaca	584aac2e05d0	7ffc5b09b7c0	af38c0	7778d5306010	2fc46	8000000000000001	2bce3	7ffc5b097390	584aaa04ebe0	584aa9f09df0	ffb65ddf9a946911	189a5776364914b7	2bce3	584aab599490	7ffc5b097410	1
9.284799	1f2e31f4c6e9	60	7778d821ac80	61	7778d821ad30	437fffcc	584aaa6ae0e0	28	7ffc5b097250	7778d5285010	0	52d9b88a1b91b935	7778d821ace0	30	30	60	1
9.292144	928d3	584aaabaeee0	7ffc5b09b7c0	584aaaf99480	8a8c7	2fc46	2e2ed	7ffc5b095d98	7ffc5b095c80	8	0	949d99a256ee9dd	2ec752058eec8c5e	584aab3edab8	8000000000000001	584aaaf99480	584aa9e32b80
9.298454	9a1f6	584aaa6bae40	584aaaff66f0	ba4e	1	2fc46	584aaaff66f0	7ffc5b095b28	7ffc5b0959d0	8	0	907649e7bbc3c0a6	78060cb27350d503	584aaaff66f0	8000000000000002	584aaaf99480	3e1a
9.305916	93557	8000000000000002	7ffc5b09b7c0	81	31ce00	2fc46	7778d5306010	8000000000000001	7ffc5b0896b0	7ffc5b0971c0	7d	7ffc5b0970b0	3f2e92fa309064b9	81	7ffc5b0971c0	c738	7d
9.319042	92d74	ffffffffffe2176d	7ffc5b09b7c0	5d	a7a9b5b22c525691	7778d5285010	fffffffffffcad45	7ffc5b0956b8	7ffc5b095560	7778d5284fc8	0	4abd47d536054d80	75e055789947e283	0	352ab	352bb	15f51
9.329084	92c1b	0	7ffc5b09b7c0	3f	846ef06e69278f85	7778d5285010	2000000000000000	7ffc5b095ee8	7ffc5b095da0	7778d5284fc8	0	ef85755d9ad2b1b3	a7076b860eb4120c	584aab339788	7ffff	1a239	26acb
9.339284	99cfc	8000000000000001	7778d36023b8	8000000000000001	8000000000000001	7778d3602301	7ffc5b097458	1	7ffc5b097370	8	0	6c6dfd9081d1ebb3	b74b9218c0ca61a9	10128	7778d5284fc8	7ffc5b097458	8000000000000000
9.351749	9a208	584aaac0ffe0	584aab054ce0	1	584aaa26e	584aa9b85010	7	584aab054ce0	7ffc5b097380	584aaa26e1b0	0	d72ded7000707984	189a5776364914b7	7d04	7778d5284fc8	7ffc5b097410	3
9.360716	99cfc	8000000000000001	7778d4a9cd90	8000000000000001	8000000000000001	7778d4a9cd01	7ffc5b097458	2	7ffc5b097370	8	0	638b916c97982e6c	1d7685bd726156df	1612f	7778d5284fc8	7ffc5b097458	8000000000000000
9.367604	9a1f6	584aaa336110	584aab34e5c0	76a28	0	2fc46	584aab34e5c0	584aab34e5c0	7ffc5b097380	7778d5285010	584aa9f1e8b0	be740b9a6d4d7477	7778d821ace0	278b8	7778d5284fc8	7ffc5b097410	3
9.375351	93557	8000000000000002	7c	584aae3f26a0	3a7500	2fc46	7778d5306010	7ffc5b09b7c0	7ffc5b094d20	8	0	ce1b585539cbaf09	9db817706b4b3d99	8000000000000001	0	e9d4	7ffc5b0975d0
9.380806	93557	8000000000000002	7ffc5b09b7c0	81	112900	2fc46	7778d5306010	8000000000000001	7ffc5b08a670	7ffc5b0971c0	74	7ffc5b0970b0	dc1a6b0ad7fdd80	81	7ffc5b0971c0	44a4	74
9.387696	92ae0	584aab599490	7ffc5b09b7c0	1	584f2d5f6228	2fc46	7	7ffc5b094a78	7ffc5b094920	584aa9f68b50	0	6c47ba39d9830d36	189a5776364914b7	584aab3c5258	8000000000000002	584aaaf99480	2c7e9
9.401649	9a1f6	584aad022480	584aab1285d0	31e2a	1	2fc46	584aab1285d0	7ffc5b094b08	7ffc5b0949e0	8	0	304cffb57580048f	5006781e27339a4b	584aab1285d0	8000000000000002	584aab19bb00	10a0e
9.412463	1f2e31f4f5c2	1000	7778d821ac80	584aadc67670	7778d821ad90	fffff01c	0	38	7ffc5b08d540	8	0	a8f42f46ad7b9f1a	7778d821ace0	ffffffffffffff88	40	c1	2
9.418385	92a5c	7778d5306010	7ffc5b09b7c0	3fd400	1	2fc46	7ffc5b091f10	7ffc5b091fe8	7ffc5b091ea0	8	0	cfcd2c092eaffb57	63cbf7bd176e00fc	7778d5703410	8000000000000002	584aab183758	ff50
9.425305	9a1f6	584aaa729c60	584aaafe9670	a03e	584aa9b85010	2fc46	584aaafe9670	584aaafe9670	7ffc5b097380	7778d5285010	0	3462fdff0d00878e	36c30dd4499a2ef9	356a	7778d5284fc8	7ffc5b097410	3
9.434138	99cfc	8000000000000001	7778d3ea6d38	8000000000000001	8000000000000001	7778d3ea6d01	7ffc5b097458	4	7ffc5b097370	8	0	2ef63cc3d189ef1b	d24bbec030c96d3d	12609	7778d5284fc8	7ffc5b097458	8000000000000000
9.446862	9a200	584aaa351a00	584aab106010	2d972	584aa9b85010	2fc46	584aab106010	584aab106010	7ffc5b097380	7778d5285010	0	852c82077a7352d	32df6d0a8e866ef	f326	7778d5284fc8	7ffc5b097410	2
9.461265	1f2e31f503c2	41	ffffffffffffff50	8	8	584aacea3900	584aacea3910	584aab40fef8	7ffc5b097340	0	584aa9e64290	11	7778d821ace0	2f9c5	7778d5284fc8	7ffc5b097410	3
9.475880	93557	8000000000000002	82	584aaa157ea0	3e4a80	2fc46	7778d5306010	7ffc5b09b7c0	7ffc5b0966c0	8	0	ce8050eb965669cb	65fe3ebaaaa0ec16	8000000000000001	bc70	f92a	7ffc5b0975d0
9.483185	92bf7	57d8b0dda2f3d839	7ffc5b09b7c0	2b	9ae3efc7be64e2fe	7778d5285010	2000000000000000	7ffc5b092778	7ffc5b092620	8	0	80e82dc397976e2f	b35e3ff4fe156b85	584aab116000	7ffff	57d8b0dda2f3d839	fdd0
9.493317	9a826	584aaa6bf670	584aaa6bf670	15ed3	1	2fc46	8000000000000000	7ffc5b0964e8	7ffc5b0963b0	0	584aa9bf6bd0	12	7778d821ace0	584aab048b18	8000000000000002	584aaaf99480	74f1
9.504415	92d74	ffffffffffd4582e	7ffc5b09b7c0	52	275474b4929f6b02	7778d5285010	fffffffffffb263e	7ffc5b094498	7ffc5b094380	7778d5284fc8	0	6985f055baf9ce0d	e9a35cbec78ad358	0	4d9b2	4d9c2	1120b
9.511984	9a1f6	584aacdf11d0	584aaafa7508	1c11	1	2fc46	584aaafa7508	7ffc5b08fad8	7ffc5b08f970	8	0	70f4d88a1cfbefe7	fc31592764847196	584aaafa7508	8000000000000002	584aab12fe00	95b
9.521859	9adab	1	7ffc5b09b7c0	584aaaf665d0	584f2eafee35	584aa9b85010	7	5e43	7ffc5b097390	584aaa6a5fc0	0	54721c40a362d03c	189a5776364914b7	2ff82	584aab599490	1	2
9.527112	9aa92	584aa9cad590	7ffc5b09b7c0	4	584f294ac719	584aa9b85010	8000000000000001	13b32	7ffc5b097390	584aaa2f9730	0	c9d9ead4ed69fd68	189a5776364914b7	13b32	584aab599490	7ffc5b097410	3
9.541099	99cfc	8000000000000001	7778d4a94180	8000000000000001	8000000000000001	7778d4a94101	7ffc5b097458	1	7ffc5b097370	8	0	5a742a5dd6bf52ce	b91eb7b2751d399	2d37f	7778d5284fc8	7ffc5b097458	8000000000000000
9.550907	99cfc	8000000000000001	7778d47434c8	8000000000000001	8000000000000001	7778d4743401	7ffc5b097458	1	7ffc5b097370	8	0	63b978be59a475c3	722c1b1f330471ab	2640c	7778d5284fc8	7ffc5b097458	8000000000000000
9.562320	92d74	fffffffffff3d0a8	7ffc5b09b7c0	11	2b3735e6ea074dad	7778d5285010	fffffffffffea568	7ffc5b093ab8	7ffc5b0939a0	7778d5284fc8	0	3272cdbadf9125dc	860c939897d25481	0	15a88	15a98	2fac0
9.569973	99c24	d9d8043aaa546f24	7ffc5b0907f8	98ab5feceb4b19dc	2ac071fe5f3b552e	41615dacd08e01c4	2000000000000000	7ffc5b0907f8	7ffc5b090620	8	0	1cb8abe304c6b82f	80360e477830d12f	7ffc5b09b7c0	8000000000000000	7ffc5b090620	7ffc5b090628
9.577405	1f2e31f503ad	8000000000000000	7ffc5b09b7c0	1	584f2e62d995	584aa9b85010	584aaa069510	7ffc5b08f4b8	7ffc5b08f358	584aaa235580	0	e2afdad10a6e13d3	189a5776364914b7	584aab3d02f8	8000000000000002	584aab3d02e0	2cf45
9.591222	9a208	584aaa3285d0	584aab3b4068	1	584f2ec31a90	584aa9b85010	7	7ffc5b093c68	7ffc5b093b40	584aaac30620	0	dc1032a71f8a16a0	189a5776364914b7	584aab3b4068	8000000000000002	584aab3b4050	2bc7f
9.606267	9a1f6	584aa9ed9780	584aab0fd2e0	2c7cc	1	2ff82	584aab0fd2e0	7ffc5b08baf8	7ffc5b08b990	8	584aaa9ef730	f9706824614e2775	7778d821ace0	584aab0fd2e0	8000000000000002	584aaaf99480	ed44
9.613905	98cdb	96c	0	584aaa117ea0	1fff	0	4714	7ffc5b097390	7ffc5b095f40	8	0	7ffc5b0974a0	f4ddee0933a9741b	0	1	12b66	7ffc5b09b7c0
9.626411	9a1f2	584aaa62aa60	584aab028c40	11ef8	0	3027c	584aab028c40	584aab028c40	7ffc5b097380	584aa9b85010	584aac27d0e0	7	7	5fa8	7778d5284fc8	7ffc5b097410	2
9.636988	9a84c	0	584aa9c1f800	1	584aad014	584aa9b85010	7	584aab11a5c0	7ffc5b097380	584aad0144a0	0	437bf25f794d10c7	189a5776364914b7	100b8	7778d5284fc8	7ffc5b097410	1
9.651046	9a1f2	584aa9f47e00	584aab1a06c0	40e48	584aa9b85010	3027c	584aab1a06c0	584aab1a06c0	7ffc5b097380	7778d5285010	0	cf74b99e4bced292	e8eafed6890d4c2a	15a18	7778d5284fc8	7ffc5b097410	2
9.657593	94075	1c6d6de5167d1785	0	a43d69101cbfe203	8	7ffc5b096220	7ffc5b096228	7ffc5b09b7c0	7ffc5b096210	0	0	61420ad513d3226e	71481cd604c32870	0	c36e	88	7ffc5b096220
9.667312	92d80	ffffffffffe08e34	7ffc5b09b7c0	40	412426873a473a17	7778d5285010	fffffffffffc8194	7ffc5b0960b8	7ffc5b095fa0	7778d5284fc8	0	f9d55d14cc9899c7	86ac9360def71a9e	0	37e5c	37e6c	2994
9.673554	93f6a	7ffc5b08fba8	7ffc5b08fd78	1	8	7ffc5b08fba0	7ffc5b08fba8	7ffc5b08fd78	7ffc5b08fb90	a43d69101cbc9cb4	0	60263d2aecfe6fa5	189a5776364914b7	584aab356900	8000000000000000	8000000000000001	8000000000000001
9.678882	94049	0	7ffc5b0964d8	1	8	7ffc5b0964d0	7ffc5b0964d8	7ffc5b097390	7ffc5b0964c0	0	0	d292c9ef45bc5aa1	8b40f90363860b7a	0	1	7ffc5b096570	7ffc5b0964d0
9.692311	1f2e31f4c709	584aacdf9ec0	584aacdfa3a0	91	584aacdfb300	584aacdf9ec0	584aacdfa3a0	c0	7ffc5b096d10	584f2d757eda	584aa9dfb320	30	7d	7778d821ac98	7778d821ac80	584aacdfa460	584aacdfa
9.699071	1f2e31f4f5c2	200	7778d821ac80	584aae3f6570	7778d821ad60	fffffe1c	0	38	7ffc5b08d540	8	0	a8945b6eddb14776	7778d821ace0	ffffffffffffff88	40	91	2
9.705966	9a1f6	584aaa8ee8b0	584aab0aa300	221d0	1	3027c	584aab0aa300	7ffc5b091d88	7ffc5b091c30	8	0	d43002f34aee6819	79609dbe10eee463	584aab0aa300	8000000000000002	584aab0935f0	b5f0
9.712285	9a84c	0	584aaad427c0	1	584f2e8dc45b	584aa9b85010	7	584aab38b178	7ffc5b097380	584aa9cabe30	0	cfcd2c092ea91160	189a5776364914b7	2a135	7778d5284fc8	7ffc5b097410	3
9.723990	9aaca	584aa9f75630	7ffc5b09b7c0	343f00	7778d5306010	3027c	8000000000000001	d0fc	7ffc5b097390	584aac2a0f90	0	cb9b1dc5af5fe360	189a5776364914b7	d0fc	584aab599490	7ffc5b097410	2
9.735635	1f2e31f503c2	51	ffffffffffffff50	8	8	584aaa27d0b0	584aaa27d0c0	584aab408e90	7ffc5b097340	7778d5285010	0	4a88ad468fb6b700	44d520e483456472	2f516	7778d5284fc8	7ffc5b097410	1
9.744837	94067	bb2b631002aa8ba0	7ffc5b097458	a43d69101cbc9cb4	8	7ffc5b097310	7ffc5b097318	1306c	7ffc5b097300	0	0	8a50050d29e83806	71481cd604c32870	1306c	8000000000000000	8000000000000001	8000000000000001
9.756485	1f2e31f503c2	41	ffffffffffffff50	1	584f2e08fbba	584aaa436bf0	584aaa436c00	7ffc5b08f918	7ffc5b08f790	584aaa76a170	0	70f4d88a1cfbab0b	189a5776364914b7	584aab169b68	8000000000000002	584aab0caca0	1359f
9.770938	1f2e31f4f5c2	40	7778d821ac80	584aadc7e970	7778d821ad30	6fffffdc	0	7778d821acf0	7ffc5b093540	0	0	584aaa6d2fb0	7778d821ace0	ffffffffffffff88	40	61	2
9.785125	9a1f6	584aaa3b9d40	584aab08b5e0	1e42c	1	3027c	584aab08b5e0	7ffc5b08d458	7ffc5b08d2f0	8	584aa9c79590	6c9c79d0246da826	7778d821ace0	584aab08b5e0	8000000000000002	584aaaf99480	a164
9.790974	93758	c45d779ad44c4ca9	289d3	a99f6dd15d565c6b	af0cbcd94bd4b650	86fe71c24430d750	1100000000000000	81	7ffc5b08a630	0	1	d2aab6592540a68d	8a4d1260aadc47f4	c45d779ad44c4ca9	7ffc5b097160	7ffc5b08a6c0	7ffc5b0970b0
9.804804	99cfc	8000000000000001	7778d4991268	8000000000000001	8000000000000001	7778d4991201	7ffc5b097458	1	7ffc5b097370	8	0	768646bfe0e08d73	e0e5f408c584b669	e5f	7778d5284fc8	7ffc5b097458	8000000000000000
9.810397	94083	d54e1187d78bf77	12	cf2036311b9a5db5	8	7ffc5b097310	7ffc5b097318	27f67	7ffc5b097300	0	0	7b684be7eedc22c7	ee5a8dd08303b70	27f67	8000000000000000	7ffc5b097310	7ffc5b097318
9.817935	9a1f6	584aace1d090	584aab3ad390	827e2	584aa9b85010	310b2	584aab3ad390	584aab3ad390	7ffc5b097380	7778d5285010	0	5bbcd934637099cc	218737298efedf7d	2b7f6	7778d5284fc8	7ffc5b097410	3
9.830741	99cfc	8000000000000001	7778d46b0fa8	8000000000000001	8000000000000001	7778d46b0f01	7ffc5b097458	1	7ffc5b097370	8	0	cd051ae74d534ac5	752771070dc3c9f8	a623	7778d5284fc8	7ffc5b097458	8000000000000000
9.840773	99cfc	8000000000000001	7778d42202c8	8000000000000001	8000000000000001	7778d4220201	7ffc5b097458	2	7ffc5b097370	8	0	80594a3d8972cad9	20fab32dc7e1f8b1	2956f	7778d5284fc8	7ffc5b097458	8000000000000000
9.848583	92a5c	7778d5306010	7ffc5b09b7c0	a7cc0	1	310b2	7ffc5b0970a0	7ffc5b097148	7ffc5b097030	0	584aacea35b0	584aaa3ddee0	7778d821ace0	7778d53adcd0	8000000000000002	584aaaf99480	29f3
9.862850	9a1f6	584aac28eb10	584aab1796c0	3c048	1	310b2	584aab1796c0	7ffc5b08c578	7ffc5b08c410	8	0	5a790ea664536495	57877e4de3529f76	584aab1796c0	8000000000000002	584aab1796a8	14018
9.870687	1f2e31f4c70f	7778d821ad30	7778d821ac80	61	584aa9f9ffb0	7778d821ad30	584aaa6dd170	38	7ffc5b095270	0	0	584aaaddc4a0	7778d821ace0	20	40	60	2
9.878145	9a1f6	584aa9ea54b0	584aab3f0d88	8af21	1	310b2	584aab3f0d88	7ffc5b092fc8	7ffc5b092ea0	8	0	4bbdb9331cf58bac	4866b09eb7578318	584aab3f0d88	8000000000000002	584aab3f0d70	2e50b
9.885955	94049	58	7ffc5b092fa8	1	8	7ffc5b092de0	7ffc5b092de8	7ffc5b092fa8	7ffc5b092dd0	0	0	ed83b1e557fc9d24	3b700ee5a8dd0822	0	8000000000000000	7ffc5b092de0	7ffc5b092de8
9.893785	93f6a	0	7ffc5b090e18	1	8	7ffc5b090c40	7ffc5b090c48	7ffc5b090e18	7ffc5b090c30	8	0	cb52bfb10b21d21c	8611b78e8f38b851	584aab0ba188	8000000000000000	7ffc5b090c40	7ffc5b090c48
9.901227	98dff	584aaaf99480	28200	584aaaf99480	3f01	31326	584aaaf8ba30	7ffc5b097301	7ffc5b095ac0	8000000000000000	0	7ffc5b0974a0	8000000000000001	0	1	0	7ffc5b09b7c0
9.914996	9aaca	584aaaa638d0	7ffc5b09b7c0	21bc0	7778d5306010	314ce	8000000000000001	0	7ffc5b097390	584aadcb7ee0	0	4a533b6f6f167412	189a5776364914b7	86f	584aab599490	7ffc5b097410	0
9.924417	92503	584aab599490	7ffc5b09b7c0	1	584f2ea2b3be	f3a2	7	8000000000000000	7ffc5b0974d0	584aace9ec70	584aaa103010	584aaa17aa10	189a5776364914b7	aa710	41dc0	20000	584aadb3e490
9.931145	99cfc	8000000000000001	7778d3c921f0	8000000000000001	8000000000000001	7778d3c92101	7ffc5b097458	2	7ffc5b097370	8	0	af334deb983348b	a636b819f4dbfb93	15b5d	7778d5284fc8	7ffc5b097458	8000000000000000
9.945921	1f2e31f4c806	584aa9fecb10	584aaace5580	51	1	584aa9fecb10	584aa9ebc4f0	40	7ffc5b097450	584f2e64f455	584aaace58b0	50	189a5776364914b7	7778d821aca0	7778d821ac80	584aaace55c0	584aaace5
9.958892	93557	8000000000000002	96	584aade903f0	30700	314ce	7778d5306010	7ffc5b09b7c0	7ffc5b096360	0	41700	d0471db437bf17c7	a8c59844a603c28b	8000000000000001	da9b	c1c	7ffc5b0975d0
9.968421	92800	fffc	7ffc5b09b7c0	e731c5d9152dd13e	7778d5285010	7778d5284fc8	0	7ffc5b090ea8	7ffc5b090d60	8	0	6002932f6d2e483d	91753eb008a0db71	7ffc5b090ea8	1	7ffff	50950
9.981286	9a1f6	584aaa03b290	584aab0a79f0	21cae	1	314ce	584aab0a79f0	7ffc5b096728	7ffc5b096600	0	584aaa28d870	7778d821ad20	7778d821ace0	584aab0a79f0	8000000000000002	584aaaf99480	b43a
9.988692	9a0aa	2	7ffc5b08d858	584aaad47260	0	314ce	7ffc5b08d858	7ffc5b08d998	7ffc5b08d800	8	0	8e9f5bbb29e5d7a8	feed11fe2c2c0dc8	584aab365a80	8000000000000001	584aaaf99480	584aaad47260
9.995930	9a1f6	584aaa65f350	584aab366020	79974	1	314ce	584aab366020	7ffc5b096898	7ffc5b096770	8	0	3896bda681d376be	e1a8557684b75de3	584aab366020	8000000000000002	584aab366008	2887c
10.003112	9a1c8	584aac2bf230	7ffc5b0918b8	584aac2bf220	38	584aace4a530	584aac2bf230	7	7ffc5b091860	8	584aac2bf230	cc911d31f88f424a	7778d821ace0	7	584aac2bf230	584aadc72270	584aaa227ae0
10.018238	9ab6d	76dcc	7ffc5b09b7c0	7ffff	7778d5285010	27	0	a982	7ffc5b097390	8	0	b4d7d8ab821ad2f9	4c59fb2ef48ce2fc	a982	7778d5284fc8	7ffc5b097410	3
10.027974	99cfc	8000000000000001	7778d3e98de8	8000000000000001	8000000000000001	7778d3e98d01	7ffc5b097458	1	7ffc5b097370	8	0	2ef7a65ec8d85b1c	2a097f6460134e22	10f33	7778d5284fc8	7ffc5b097458	8000000000000000
10.040826	99cfc	8000000000000001	7778d349da00	8000000000000001	8000000000000001	7778d349da01	7ffc5b097458	1	7ffc5b097370	8	0	4bbdb9331cfa4002	481dab1672d3ab2e	13dd5	7778d5284fc8	7ffc5b097458	8000000000000000
10.054328	1f2e31f4c70f	7778d821ad20	7778d821ac80	51	584aaa6fa890	7778d821ad20	584aaabc0c70	28	7ffc5b097250	0	0	584aaa0402b0	7778d821ace0	20	30	50	1
10.061554	9563f	7778d55cab90	98	b12e	37	3170e	7778d55cab90	7ffc5b09b7c0	7ffc5b095480	8	0	d71ee745dcb4c9bd	d5b11ec1de03593b	8000000000000001	b12e	b12e	7ffc5b0975d0
10.067308	9a826	584aaae55a30	584aaae55a30	1	584f2d7ee839	584aa9b85010	8000000000000000	7ffc5b095178	7ffc5b095010	584aaa239e00	0	f7d7a1d32a2a2c03	189a5776364914b7	584aab27cf20	8000000000000002	584aaaf99480	1ed1c
10.075233	9a84c	8000000000000000	584aaa69c0f0	78411	1	3170e	8000000000000000	7ffc5b08bd98	7ffc5b08bc20	8	0	cf631199987999ce	5f4061a4ef9d59cb	584aab35b508	8000000000000002	584aaaf99480	2815b
10.088104	99a35	584aab599490	7ffc5b0921f8	bb2b631002aa8ba0	61420ad513d3226e	52d78b47db74d03	c8440e7572d9eed5	7ffc5b0921f8	7ffc5b092060	a43d69101cbc9cb4	0	7cec254425c38b43	189a5776364914b7	584aab2e0328	8000000000000002	584aab040340	22f47
10.099666	93d86	584aac6aaac0	1b3	ffffe000	ffffffffffffbe60	1fc	3ff	584aac6aaac0	7ffc5b093be0	0	1	d790e3d440faaa1e	f8141abab888eec4	fffff000	0	fffffffffffffe60	584aac6b2ce0
10.113622	1f2e31f4d9ce	7	30	1	189a5776364914b7	584aa9b85010	7	584aaa95e140	7ffc5b092b80	584aaa95e150	0	9374725c25a7ac90	189a5776364914b7	7778d821ac80	0	584aab07ec38	98ff
10.119753	99cfc	8000000000000001	7778d3959688	8000000000000001	8000000000000001	7778d3959601	7ffc5b094008	44	7ffc5b093ea0	8	0	81dd6c22f43cc3c	f5616dc777a96e3d	7ffc5b094008	ffffffffffcda8d8	7ffc5b094008	8000000000000000
10.133868	9a208	584aaa0ed620	584aab380528	7ce15	584aa9b85010	321ee	584aab380528	584aab380528	7ffc5b097380	7778d5285010	0	e4717bb6a4131062	a232bce2bd383f10	29a07	7778d5284fc8	7ffc5b097410	2
10.143083	9adab	1	7ffc5b09b7c0	584aaae8e1f0	584f2d5dd3f4	584aa9b85010	7	10594	7ffc5b097390	584aaad34850	584aae3d06e0	a89698bcffc5d076	189a5776364914b7	321ee	584aab599490	1	2
10.155403	9aaca	584aa9f68300	7ffc5b09b7c0	a89e40	7778d5306010	321ee	8000000000000001	2a279	7ffc5b097390	584aac2af810	584aaa0a42f0	1caf34b89a7ea6c8	189a5776364914b7	2a279	584aab599490	7ffc5b097410	2
10.163842	9a208	584aaa33da50	584aab0d1768	2705d	584aa9b85010	321ee	584aab0d1768	584aab0d1768	7ffc5b097380	7778d5285010	0	62eeffd1ec8f085d	8d9463e52b0c68b3	d01f	7778d5284fc8	7ffc5b097410	2
10.169833	1f2e31f4fab8	21	20	4da0000	20	31	7778d821ac80	30	7ffc5b097750	584aa9dc9db0	8	4d2786bbff2d42ee	189a5776364914b7	584aa9dc9da0	7778d821ac80	584aa9dc9dc0	20
10.176193	94097	38cf1c2cd27853b1	8b80	e4a44375bf455caa	8	7ffc5b0960d0	7ffc5b0960d8	7ffc5b096268	7ffc5b0960c0	0	0	cb52bf007476b249	c7dd5dfbb5f295ad	0	8000000000000000	7ffc5b0960d0	7ffc5b0960d8
10.190756	9a84c	8000000000000000	584aaae6d3a0	1	584f28862778	584aa9b85010	8000000000000000	7ffc5b092b28	7ffc5b0929d0	584aae438d60	0	a265dc679561a8bc	189a5776364914b7	584aab389918	8000000000000002	584aab389900	2a031
10.204443	1f2e31f4c70f	7778d821ad60	7778d821ac80	91	584aa9e2c790	7778d821ad60	584aaa71c300	38	7ffc5b091920	8	0	cba37cf33d97609a	7778d821ace0	50	40	90	2
10.210250	99cfc	8000000000000001	7778d36d3e30	8000000000000001	8000000000000001	7778d36d3e01	7ffc5b096ae8	1	7ffc5b096980	8	0	2e2dce7b22155e99	4a1ceb582f02909b	7ffc5b096ae8	ffffffffffc89dcd	7ffc5b096ae8	8000000000000000
10.219882	93f61	0	7ffc5b0898d8	1	8	7ffc5b089700	7ffc5b089708	7ffc5b0898d8	7ffc5b0896f8	8	0	cb52b3778453e048	14d7e186635c6290	7ffc5b09b7c0	8000000000000000	7ffc5b089700	7ffc5b089708
10.235006	1f2e31f4d9ca	3	30	1	189a5776364914b7	584aa9b85010	7	584aaa332050	7ffc5b0972e0	584aaa332060	0	f9da426da126516c	189a5776364914b7	7778d821ac80	0	7ffc5b097410	3
10.240288	9a208	584aaabed950	584aab350c48	1	584f2ea5dc71	584aa9b85010	7	584aab350c48	7ffc5b097380	584aaac31fe0	0	5bb78083fb9e4304	189a5776364914b7	27a53	7778d5284fc8	7ffc5b097410	1
10.247564	1f2e31f503c2	31	ffffffffffffff50	8	8	584aaac96ad0	584aaac96ae0	584aab432a10	7ffc5b097350	7778d5285010	0	e8d5ca09c7f98a21	8535135ad023933e	310e6	7778d5284fc8	7ffc5b097410	1
10.256274	1f2e31f4c862	584aaa629e90	584aa9ca5780	30	41	584aaa629e90	584aa9cfd550	40	7ffc5b097180	584f2d60f3af	584aa9ca5780	30	189a5776364914b7	7778d821aca0	7778d821ac80	584aaa42f6d0	584aaa42f
10.261693	940bd	3a5e1059682d59e2	275b6	c1629296e4a43ca0	8	7ffc5b097310	7ffc5b097318	0	7ffc5b097300	8	0	cb52c370ca377c75	70b76574a2360bfe	26a82	8000000000000000	7ffc5b097310	7ffc5b097318
10.269467	9aaca	584aaa03dce0	7ffc5b09b7c0	b307c0	7778d5306010	321ee	8000000000000001	2cc1f	7ffc5b097390	584aaa183960	0	549a017fc1d2328	189a5776364914b7	2cc1f	584aab599490	7ffc5b097410	1
10.277683	1f2e31f4c6e9	60	7778d821ac80	61	7778d821ad30	d7fffdc	584aaa20b350	38	7ffc5b093220	0	0	584aaa9fe2a0	7778d821ace0	20	40	60	2
10.291408	1f2e31f503c2	31	ffffffffffffff50	1	584f2ec277c2	584aa9e351f0	584aa9e35200	7ffc5b094d98	7ffc5b094c50	584aaaea20d0	0	e908c3936c993fc4	189a5776364914b7	584aab01c238	8000000000000002	584aaaf99480	573d
10.298034	98dd4	584aaaf99480	0	584aab358e50	700	321ee	584aa9e26ef0	7ffc5b097201	7ffc5b0927e0	8000000000000000	0	7ffc5b097340	8000000000000001	0	1	27fbe	7ffc5b09b7c0
10.308359	9a84c	8000000000000000	584aaaa17530	1	584f2d6c3a73	584aa9b85010	8000000000000000	7ffc5b092678	7ffc5b092550	584aa9d23b00	584aac2b4d70	7778d821ad20	189a5776364914b7	584aab40d8a0	8000000000000002	584aaaf99480	2f82c
10.322644	93557	8000000000000002	a2	584aadde7820	af5300	321ee	7778d5306010	7ffc5b09b7c0	7ffc5b0930c0	8	0	dd368bb65bc15d9f	22aef5d833db9aad	8000000000000001	29605	2bd4c	7ffc5b0975d0
10.329165	9a0aa	2	7ffc5b08a918	584aaae6b600	0	321ee	7ffc5b08a918	7ffc5b08aa58	7ffc5b08a8c0	8	0	193832b03442fb8	3f55cc3ac4813ddb	584aab32e130	8000000000000001	584aaaf99480	584aaae6b600
10.339569	1f2e31f4ea86	584aaa2c1e10	7778d821ac80	584aaa2915f0	7778d821ad10	7778d821ad00	1	20	7ffc5b0909c0	584aa9b85010	7778d821ac80	4	7	584aac295820	30	189a5776364914b7	11
10.348848	9a208	584aa9db66a0	584aab0ff800	2cc70	584aa9b85010	340ce	584aab0ff800	584aab0ff800	7ffc5b097380	7778d5285010	0	4bbdb9331cfb3448	48341c4e95c97774	eed0	7778d5284fc8	7ffc5b097410	4
10.355200	984a0	1	7ffc5b09b7c0	584aaaa6c2e0	584f2eaeaa01	584aa9b85010	7ffc5b097458	3119	7ffc5b097388	584aaaa11540	0	52fe4a772c2d5bc4	189a5776364914b7	340ce	584aab599490	1	4
10.360608	99cfc	8000000000000001	7778d49b23b8	8000000000000001	8000000000000001	7778d49b2301	7ffc5b097458	1	7ffc5b097370	8	0	553106c4adf1551a	5b07e4b0827b0be3	4ac1	7778d5284fc8	7ffc5b097458	8000000000000000
10.367617	1f2e31f4c6e9	60	7778d821ac80	61	7778d821ad30	137ffcc	584aaa9f1750	28	7ffc5b097250	7778d5285010	0	83ac4cb6d64eaa2d	7778d821ace0	30	30	60	1
10.373278	99cfc	8000000000000001	7778d50eee58	8000000000000001	8000000000000001	7778d50eee01	7ffc5b097458	1	7ffc5b097370	8	0	594a6bbc4fa79574	fed4998213cad8c7	5e29	7778d5284fc8	7ffc5b097458	8000000000000000
10.380449	9a1f2	584aaa2f9bf0	584aab106868	2da7d	584aa9b85010	340ce	584aab106868	584aab106868	7ffc5b097380	7778d5285010	0	4841a6f323af87	dfbb0572067a5f3c	f37f	7778d5284fc8	7ffc5b097410	0
10.390696	982a4	17ba7	7ffc5b09b7c0	584aadfbd710	1	7ffc5b092d38	7ffc5b092c90	7ffc5b092d38	7ffc5b092bf8	8	0	553106c4adf12580	5b15f7e21d3dfbf9	584aaaf99480	8000000000000001	584aab0cd118	9fcd
10.400590	93557	8000000000000002	7ffc5b09b7c0	3f	290000	340ce	7778d5306010	8000000000000001	7ffc5b08c890	7ffc5b0971c0	60	7ffc5b0970b0	dc1a6b0ad7fdd80	81	7ffc5b0971c0	a400	60
10.411570	928b1	1	7ffc5b09b7c0	584aaaf99480	8a942	340ce	2e316	7ffc5b092e28	7ffc5b092ce0	8	0	ca2ee29fa24735fc	cded3150ff0d7781	584aab3ede90	8000000000000001	584aaaf99480	2626d
10.418127	92762	57	7ffc5b09b7c0	b3325283e776176f	7778d5285010	7778d5284fc8	0	7ffc5b090348	7ffc5b090200	8	0	52d0f0fbc45b38c5	b5490b2e25c9585e	7ffc5b090348	1	7ffff	52a0f
10.426815	9a1f6	584aaad142a0	584aab320600	70e30	1	340ce	584aab320600	7ffc5b095338	7ffc5b095210	8	0	336dababae5deda	17ddc870f4bd7990	584aab320600	8000000000000002	584aaaf99480	25a10
10.436859	1f2e31f4c70f	7778d821ad30	7778d821ac80	61	584aaa6f6870	7778d821ad30	584aadcbef40	38	7ffc5b08e870	0	0	584aaa2cf1a0	7778d821ace0	20	40	60	2
10.448496	9a208	584aaa5ae230	584aab345d40	1	584f2ea254e0	584aa9b85010	7	7ffc5b094848	7ffc5b0946f0	584aa9e70130	0	2ee5884738add88c	189a5776364914b7	584aab345d40	8000000000000002	584aaaffb400	27308
10.460488	93f61	2afae	7ffc5b097458	1	8	7ffc5b097310	7ffc5b097318	2afaf	7ffc5b097308	8	0	cb52aeb8d951a997	7016f54489782fc2	2afaf	8000000000000000	7ffc5b097310	7ffc5b097318
10.470023	99cfc	8000000000000001	7778d2fc7c18	8000000000000001	8000000000000001	7778d2fc7c01	7ffc5b097458	1	7ffc5b097370	8	0	5b5338c143dd2aa2	b1eeda91469f134b	ef06	7778d5284fc8	7ffc5b097458	8000000000000000
10.480562	9a208	584aaa1e9680	584aab0127b8	f267	584aa9b85010	340ce	584aab0127b8	584aab0127b8	7ffc5b097380	7778d5285010	0	35987c717b4b779b	8b23d9f9ce20a29	50cd	7778d5284fc8	7ffc5b097410	2
10.489038	9ab6d	79680	7ffc5b09b7c0	7ffff	7778d5285010	39	0	28adb	7ffc5b097390	8	0	40dde734947a455d	d3d6e1c7ff285b34	28adb	7778d5284fc8	7ffc5b097410	2
10.500104	93557	8000000000000002	a8	584aae11e8f0	5840c0	340ce	7778d5306010	7ffc5b09b7c0	7ffc5b0952c0	8	0	dfb0b48ab21ece2d	b21cca858f830f27	8000000000000001	0	16103	7ffc5b0975d0
10.507121	9a208	584aaa544690	584aab13af90	1	584f2975bcff	584aa9b85010	7	7ffc5b08d8b8	7ffc5b08d750	584aae3ff7f0	0	edbf7ea1bcca7e4a	189a5776364914b7	584aab13af90	8000000000000002	584aab33cd58	11676
10.521363	9a208	584aaa8dd700	584aab3bd680	1	584f2eacae62	584aa9b85010	7	7ffc5b08f508	7ffc5b08f3b0	584aaa8c2c20	0	180321680861385	189a5776364914b7	584aab3bd680	8000000000000002	584aab0b21c0	2c2c0
10.532412	9a84c	8000000000000000	584aaddfd670	1	584f2d7b4292	584aa9b85010	8000000000000000	7ffc5b094b08	7ffc5b0949e0	584aaac12e70	0	304cffb57581262b	189a5776364914b7	584aaafdf068	8000000000000002	584aaafe1c60	2e7f
10.539678	9a1f6	584aac6b1170	584aab03e318	149d3	1	340ce	584aab03e318	7ffc5b090018	7ffc5b08feb0	0	584aa9e36210	7778d821ad20	7778d821ace0	584aab03e318	8000000000000002	584aaaf99480	6df1
10.548153	9a1f6	584aaaa6a040	584aab352250	771ba	1	340ce	584aab352250	7ffc5b08e958	7ffc5b08e7f0	8	0	cb890f295b5a53bb	c80de86021e5511f	584aab352250	8000000000000002	584aab352238	27b3e
10.556409	92ae8	584aab599490	7ffc5b09b7c0	584f2d409420	584aa9ea3cd0	340ce	7	7ffc5b090f48	7ffc5b090e00	584aaa8f0680	584aae423980	d8213d9b86c15a88	189a5776364914b7	584aaaff8b98	8000000000000002	584aaaf99480	3fa1
10.567360	9aaca	584aa9ee96c0	7ffc5b09b7c0	bc54c0	7778d5306010	340ce	8000000000000001	2f153	7ffc5b097390	584aaa003ce0	0	dc1032a71f8a5a5b	189a5776364914b7	2f153	584aab599490	7ffc5b097410	2
10.575843	99cfc	8000000000000001	7778d4549b30	8000000000000001	8000000000000001	7778d4549b01	7ffc5b097458	4	7ffc5b097370	8	0	e930110cc407dd24	2546ba8e7eba3f3d	29b7e	7778d5284fc8	7ffc5b097458	8000000000000000
10.584241	92503	584aab599490	7ffc5b09b7c0	584f2ed3b291	584aaa791320	1839a	7	8000000000000000	7ffc5b0974d0	584aaa1b14c0	0	7ef9b489e078ac89	189a5776364914b7	b3e60	68cc0	20000	584aadb3e490
10.591056	9a1f6	584aace72d90	584aab146528	35a15	0	340ce	584aab146528	584aab146528	7ffc5b097380	0	584aade78c40	584aadec1600	7778d821ace0	11e07	7778d5284fc8	7ffc5b097410	1
10.598013	9aaca	584aade82240	7ffc5b09b7c0	c48fc0	7778d5306010	340ce	8000000000000001	3123f	7ffc5b097390	584aadc97af0	0	d43002f34ae83d92	189a5776364914b7	3123f	584aab599490	7ffc5b097410	0
10.611253	92a5c	7778d5306010	7ffc5b09b7c0	39f580	1	340ce	7ffc5b091ae0	7ffc5b091b88	7ffc5b091a70	8	0	cb863919de13a6f4	fac66f30c29f1aa5	7778d56a5590	8000000000000002	584aaaf99480	e7d6
10.622325	9a1c8	584aaabfefd0	7ffc5b08a138	584aaabfefc0	38	584aa9f41aa0	584aaabfefd0	7	7ffc5b08a0e0	8	584aaabfefd0	309bd11f14d6ea2c	7778d821ace0	7	584aaabfefd0	584aac636950	584aaa173d20
10.633711	93f62	2ffe5	7ffc5b094a88	1	8	7ffc5b0948c0	7ffc5b0948c8	7ffc5b094a88	7ffc5b0948b0	8	0	dd475fa14ff876b0	e2bc2faffddb70b2	0	8000000000000000	7ffc5b0948c0	7ffc5b0948c8
10.642189	9a208	584aaa0e7950	584aab37da80	1	584f2d766e56	584aa9b85010	7	7ffc5b095528	7ffc5b095400	584aace26510	584aaddff4d0	5a7655686fec9864	189a5776364914b7	584aab37da80	8000000000000002	584aaaf99480	29840
10.657014	9410e	0	0	1	0	7ffc5b093220	7ffc5b093228	7ffc5b0933b8	7ffc5b093210	8	0	cb52c2ffb487683b	314a10e72ea39608	0	8000000000000000	7ffc5b093220	7ffc5b093228
10.669430	98e19	584aaaf99480	279e7	584aaaf99480	f01	340ce	b4ec6803c8b40000	7ffc5b097301	7ffc5b090780	584aaa0c0980	4	7ffc5b0974a0	8000000000000001	0	1	0	7ffc5b09b7c0
10.676505	9a208	584aadca3e20	584aab165620	1	584aad040	584aa9b85010	7	584aab165620	7ffc5b097380	584aad0406e0	0	6a00f89ae54217e3	189a5776364914b7	132bc	7778d5284fc8	7ffc5b097410	5
10.689357	9adab	0	7ffc5b09b7c0	584aaaa8fe30	584aaa0f1	584aa9b85010	7	2e8e6	7ffc5b097390	584aaa0f1640	0	3fa5754378566127	189a5776364914b7	356a8	584aab599490	0	1
10.700543	9aaca	584aadeb6b60	7ffc5b09b7c0	16e80	7778d5306010	356a8	8000000000000001	0	7ffc5b097390	584aaacbdc00	584aae0e39c0	584aae1ae9f0	189a5776364914b7	5ba	584aab599490	7ffc5b097410	0
10.712421	1f2e31f503c2	31	ffffffffffffff50	8	8	584aa9f20f30	584aa9f20f40	584aab0298b8	7ffc5b097350	7778d5285010	0	8bc19a9fbc538886	3abff523c071a87a	602d	7778d5284fc8	7ffc5b097410	2
10.721250	1f2e31f4c70f	7778d821ad20	7778d821ac80	51	584aaa37e510	7778d821ad20	584aace8b4a0	28	7ffc5b097250	0	0	584aaaa79380	7778d821ace0	20	30	50	1
10.731285	92a5c	7778d5306010	7ffc5b09b7c0	19280	1	356a8	7ffc5b091340	7ffc5b0913e8	7ffc5b0912d0	8	0	b992d7d1f8bbdf7c	24c804b24efa0812	7778d531f290	8000000000000002	584aaaff1008	64a
10.742577	94090	35b354e02c709d7e	71	4a8c8d6c9d57ae2d	8	7ffc5b08b4b0	7ffc5b08b4b8	584aae114420	7ffc5b08b4a0	0	0	7b68cc1b905c44c1	e08d5b6f1f1c5203	ffffb700	720	584aae1057e0	7ffc5b08b4b0
10.748298	9a1f6	584aaa9d6dd0	584aab440918	94e93	1	356a8	584aab440918	7ffc5b093718	7ffc5b0935f0	8	0	35987c717b443aaf	8db6187a7434315	584aab440918	8000000000000002	584aab440900	31a31
10.753635	9a84c	8000000000000000	584aaae75e90	10335	1	356a8	8000000000000000	7ffc5b090638	7ffc5b0904c0	8	0	8632a8db243b4e1a	8ba13e689ab2aaa9	584aab01ae28	8000000000000002	584aaaf99480	5667
10.761514	98edf	fdc40157f680d700	c748	584aa9cc9a10	7	356a8	23afea8097f2800	7ffc5b097301	7ffc5b090cc0	b0	4	7ffc5b0974a0	8000000000000001	0	1	0	7ffc5b09b7c0
10.766698	92a5c	7778d5306010	7ffc5b09b7c0	1f8cc0	1	356a8	7ffc5b093bc0	7ffc5b093c68	7ffc5b093b50	8	0	dc1032a71f882c7b	9ff1d427c07fa96f	7778d54fecd0	8000000000000002	584aab094148	7e33
10.776550	9a1f6	584aaa1f3760	584aab3e32d0	893ca	1	356a8	584aab3e32d0	7ffc5b08ded8	7ffc5b08dd70	8	584aac2cbde0	2d608f50c44b7890	7778d821ace0	584aab3e32d0	8000000000000002	584aaaf99480	2dbee
10.785308	99c54	e732840396d7242f	7ffc5b0931f8	ac272447e2140c60	97aa70421929666b	b9724c99f43c3b81	2000000000000000	7ffc5b0931f8	7ffc5b093020	8	0	8f8b420ceb3a2e27	550916fcb71af063	584aab0f9a40	8000000000000000	7ffc5b093020	7ffc5b093028
10.797780	98dff	584aaaf99480	f159	584aaaf99480	3f01	356a8	584aaa200e30	7ffc5b097301	7ffc5b096600	8000000000000000	0	7ffc5b0974a0	8000000000000001	0	1	0	7ffc5b09b7c0
10.812080	99cfc	8000000000000001	7778d50cf388	8000000000000001	8000000000000001	7778d50cf301	7ffc5b097458	1	7ffc5b097370	8	0	d72c591e6dd535de	acb1d84a023e171b	7d4f	7778d5284fc8	7ffc5b097458	8000000000000000
10.823218	9acca	ffffffffffd93402	7ffc5b09b7c0	1	bfff	7778d3f1f018	7ffc5b097450	1	7ffc5b097390	7778d5285010	0	5a87c456cb10afe8	100f44293e8a6df6	27921	7778d5284fc8	7ffc5b097410	4
10.836640	99cfc	8000000000000001	7778d3a01118	8000000000000001	8000000000000001	7778d3a01101	7ffc5b097458	2	7ffc5b097370	8	0	4bfd0ef868656c99	84b960955286d569	2e698	7778d5284fc8	7ffc5b097458	8000000000000000
10.845556	99cfc	8000000000000001	7778d33aa460	8000000000000001	8000000000000001	7778d33aa401	7ffc5b097458	1	7ffc5b097370	8	0	fb77347866a5595a	a10b588bb5513d89	25985	7778d5284fc8	7ffc5b097458	8000000000000000
10.853075	957cc	584aae162420	b4	42	fff	fdf	ff	fda	7ffc5b095870	60	0	dcabfbc310e3874d	66cad3f559c14b6c	336e5	0	259da	7ffc5b0975d0
10.859025	93557	8000000000000002	b6	584aad872410	f1f00	356ee	7778d5306010	7ffc5b09b7c0	7ffc5b096ab0	8	0	dc688819dee70667	f403b1125300f335	8000000000000001	0	3c7c	7ffc5b0975d0
10.867352	9a208	584aaaa7e850	584aab4316c0	1	584f2edd9ad6	584aa9b85010	7	7ffc5b0921b8	7ffc5b092090	584aae0c68a0	0	e2afdad10a6e4166	189a5776364914b7	584aab4316c0	8000000000000002	584aab4316a8	31018
10.874064	9a208	584aa9fd2710	584aab08b808	1	584f2aef0793	584aa9b85010	7	7ffc5b0902b8	7ffc5b090150	584aac2836e0	0	5531e8f1eceae259	189a5776364914b7	584aab08b808	8000000000000002	584aaaf99480	a17b
10.879255	9a1f6	584aade4d9e0	584aab0bec10	24af2	1	356ee	584aab0bec10	7ffc5b090348	7ffc5b0901f0	8	0	52fe4a772c2279d7	ac09d67c5d0488de	584aab0bec10	8000000000000002	584aab12fd40	c3a6
10.891097	9a208	584aaa280020	584aab1a52c8	1	584f2d6d4a5b	584aa9b85010	7	7ffc5b095888	7ffc5b095760	584aaa03b9d0	0	62c02cbb43124200	189a5776364914b7	584aab1a52c8	8000000000000002	584aab1a5298	15d43
10.897327	94090	9d7adcab47642370	0	df248ba4e6e4d7a8	8	7ffc5b0924c0	7ffc5b0924c8	7ffc5b092698	7ffc5b0924b0	0	0	53029bd08b153ac6	672a98ff3bfa4d81	584aab00a5f8	8000000000000000	7ffc5b0924c0	7ffc5b0924c8
10.907408	1f2e31f4f046	584aac679990	7778d821ac80	12	0	7778d821ace0	0	38	7ffc5b093018	0	584aac679990	12	7778d821ace0	2	8000000000000001	584aa9b85010	2
10.915405	92762	23	7ffc5b09b7c0	f9fd02119c5ce43b	7778d5285010	7778d5284fc8	0	7ffc5b093de8	7ffc5b093ca0	8	0	20879f98c746617d	8d9d7928a2177ceb	7ffc5b093de8	1	7ffff	4e841
10.928304	99cfc	8000000000000001	7778d2ebc2a0	8000000000000001	8000000000000001	7778d2ebc201	7ffc5b097458	10	7ffc5b097370	8	0	1fe23fd7555b07c5	620b25ce5de89a62	783	7778d5284fc8	7ffc5b097458	8000000000000000
10.939234	99d29	32d3e	7778d40eed30	8000000000000001	8000000000000001	7778d40eed01	7ffc5b097400	1	7ffc5b097370	8	0	badabe89e4c7b712	7de6da16d466e6fe	32d3f	7778d5284fc8	7ffc5b097458	8000000000000000
10.945996	99cfc	8000000000000001	7778d50a7368	8000000000000001	8000000000000001	7778d50a7301	7ffc5b097458	1	7ffc5b097370	8	0	cd2207b5e0faaec9	19062718855a93a0	19f4	7778d5284fc8	7ffc5b097458	8000000000000000
10.959681	1f2e31f503c2	31	ffffffffffffff50	8	8	584aa9f99590	584aa9f995a0	584aab432098	7ffc5b097350	7778d5285010	0	80594a3d89724eb3	20ca0efddeb45c9b	31081	7778d5284fc8	7ffc5b097410	1
10.969114	9ab6d	2aff8	7ffc5b09b7c0	7ffff	7778d5285010	40	0	0	7ffc5b097390	8	0	400cb30f4c01cffb	f9e7dd8f42eba62a	e513	7778d5284fc8	7ffc5b097410	2
10.974403	9a208	584aaa3600d0	584aab498d70	9ff1e	584aa9b85010	372b0	584aab498d70	584aab498d70	7ffc5b097380	7778d5285010	0	7a287b0b14019564	5d050cd98e6548bb	3550a	7778d5284fc8	7ffc5b097410	2
10.985243	93557	8000000000000002	b8	584aad511d70	384ac0	372b0	7778d5306010	7ffc5b09b7c0	7ffc5b090d00	0	2f8c0	dc0303eb2a2e5a5d	fdef2440e02a0cea	8000000000000001	0	e12b	7ffc5b0975d0
10.993310	92a5c	7778d5306010	7ffc5b09b7c0	3a6980	1	372b0	7ffc5b093b90	7ffc5b093c78	7ffc5b093b20	8	0	6274237b1766bccf	182998b3d2221ed8	7778d56ac990	8000000000000002	584aaaf99480	e9a6
11.005432	940b2	4181cf298e70ba5e	0	f3999236c2aabb6c	8	7ffc5b090490	7ffc5b090498	584aad515b90	7ffc5b090480	8	0	3a3ab848ed919d0d	5313dc0e5c42c4dd	ffffff80	d0	584aad513fc0	7ffc5b090490
11.015375	1f2e31f4e994	4f	7778d821ac80	0	584aa9b85010	38	7778d821ac80	38	7ffc5b08f040	8	0	fa742be3a1a59fee	1d7f172ed9a8055e	2	8000000000000001	584aad8042c0	584aaa1cd140
11.023289	1f2e31f4c6e9	90	7778d821ac80	91	7778d821ad60	5ffffe1c	584aacea2dc0	38	7ffc5b0946b0	8	0	62eea595009d4907	7778d821ace0	50	40	90	2
11.037713	9a1f6	584aaaeafcc0	584aab465f50	9995a	1	372b0	584aab465f50	7ffc5b08a518	7ffc5b08a3b0	8	0	965e3ea2c771c8d6	a132300d6ff5f995	584aab465f50	8000000000000002	584aab465f38	3331e
11.044478	98dff	584aaaf99480	12b5b	584aaaf99480	1	372b0	584aaaadd090	7ffc5b097301	7ffc5b094200	8000000000000000	0	7ffc5b0974a0	8000000000000001	0	1	0	7ffc5b09b7c0
11.055952	9a1f6	584aaa763390	584aab3b2328	831d5	0	372b0	584aab3b2328	584aab3b2328	7ffc5b097380	584aa9b85010	584aaa9deb70	7	7	2bb47	7778d5284fc8	7ffc5b097410	0
11.067066	99cfc	8000000000000001	7778d4ef06d8	8000000000000001	8000000000000001	7778d4ef0601	7ffc5b097458	1	7ffc5b097370	8	0	83d0def3b4785717	b528e0b8977b48a2	2da53	7778d5284fc8	7ffc5b097458	8000000000000000
11.081577	1f2e31f4ef1a	90	7778d821ac80	30	584aaa6a8050	7778d821ace0	0	28	7ffc5b097260	0	0	584aaa6a80e0	7778d821ace0	ffffffffffffff88	30	584aa9b85010	1
11.087664	99cfc	8000000000000001	7778d420fb40	8000000000000001	8000000000000001	7778d420fb01	7ffc5b097458	2	7ffc5b097370	8	0	7553b99e041132bb	e03807481df5d791	10672	7778d5284fc8	7ffc5b097458	8000000000000000
11.101127	1f2e31f4c70f	584aaa9e2360	584aa9ff6eb0	41	584aaaa9ca40	584aaa9e2360	584aa9ff6eb0	90	7ffc5b097170	584f2e035576	584aaaa9ca80	30	189a5776364914b7	7778d821aca8	7778d821ac80	584aa9ff6f40	584aa9ff6
11.113083	92762	14	7ffc5b09b7c0	7a1aa9ba67569f88	7778d5285010	7778d5284fc8	0	7ffc5b090b38	7ffc5b090a20	8	0	93de9abf17178694	6b590511f1adf5fb	7ffc5b090b38	0	7ffff	43be5
11.128189	92a5c	7778d5306010	7ffc5b09b7c0	398700	1	372b0	7ffc5b093590	7ffc5b093668	7ffc5b093520	8	0	78bb9509966678d	897eb86f61e8aa23	7778d569e710	8000000000000002	584aaaf9ee50	e61c
11.137301	98edf	c4b582184f76ba57	1160f	584aaa3c92e0	7	372b0	2b4a7de7b08945a8	7ffc5b097301	7ffc5b094ec0	bc	4	7ffc5b0974a0	8000000000000001	0	1	0	7ffc5b09b7c0
11.150189	9a208	584aaa762500	584aab071ac8	1	584f2a94178c	584aa9b85010	7	7ffc5b0965c8	7ffc5b0964a0	584aaa17cac0	0	7a287b0b14065299	189a5776364914b7	584aab071ac8	8000000000000002	584aab071ab0	9043
11.161091	9a208	584aa9c70120	584aab488768	1	584f2ec0fe93	584aa9b85010	7	7ffc5b08c118	7ffc5b08bfb0	584aac663a10	0	a62c18311c147a71	189a5776364914b7	584aab488768	8000000000000002	584aab488750	34a1f
11.174869	9a826	584aaa2ae1f0	584aaa2ae1f0	1	584f2eb6311d	584aa9b85010	8000000000000000	7ffc5b090648	7ffc5b0904f0	584aae0cd830	584aaaeab430	7cc2f452b11eea01	189a5776364914b7	584aab3e10b0	8000000000000002	584aaaf99480	2da82
11.185824	1f2e31f503c2	30	ffffffffffffff50	8	8	584aac689560	584aac689570	584aab391e68	7ffc5b097350	7778d5285010	0	4a4c61d83481e1da	825a6ad0e0799ce	2a5bf	7778d5284fc8	7ffc5b097410	4
11.192322	9a208	584aac6a8dd0	584aab068b10	19ed2	584aa9b85010	372b0	584aab068b10	584aab068b10	7ffc5b097380	7778d5285010	0	2746c962d9aa2b3e	91407d0d0b2ce390	8a46	7778d5284fc8	7ffc5b097410	1
11.201229	99cfc	8000000000000001	7778d4b3b868	8000000000000001	8000000000000001	7778d4b3b801	7ffc5b097458	2	7ffc5b097370	8	0	f333f6f61d6202b2	ed5bfc4729e65f5b	2c7c4	7778d5284fc8	7ffc5b097458	8000000000000000
11.207258	9a1f6	584aaa31a660	584aab4158e0	8f88c	0	372b0	584aab4158e0	584aab4158e0	7ffc5b097380	0	584aad4ab3f0	584aad4ab440	7778d821ace0	2fd84	7778d5284fc8	7ffc5b097410	3
11.216000	99cfc	8000000000000001	7778d45c3888	8000000000000001	8000000000000001	7778d45c3801	7ffc5b097458	1	7ffc5b097370	8	0	e1341f660e25f207	aee534f40b5d0531	2508	7778d5284fc8	7ffc5b097458	8000000000000000
11.231112	1f2e31f4ef07	90	7778d821ac80	30	584aaa264a80	584aaa21a560	a07	7778d821ade0	7ffc5b090cc0	0	0	584aaa264b10	7778d821ace0	ffffffffffffff88	440	584aa9b85010	42
11.243684	1f2e31f4c806	584aa9fab0d0	584aade387c0	31	1	584aa9fab0d0	584aa9f82b60	30	7ffc5b0931e0	584f2d52f5f8	584aa9f82bc0	30	7c	7778d821ac98	7778d821ac80	584aade387f0	584aade38
11.254341	93557	8000000000000002	7ffc5b09b7c0	81	249280	372b0	7778d5306010	8000000000000001	7ffc5b090db0	7ffc5b097160	38	7ffc5b0970b0	4334599c3f497e5b	81	7ffc5b097160	924a	38
11.264444	9a208	584aa9f3cb50	584aab0e5478	1	584f2aea281d	584aa9b85010	7	7ffc5b096d08	7ffc5b096bb0	584aade8d2b0	0	d7acb89524098777	189a5776364914b7	584aab0e5478	8000000000000002	584aab0e5460	dd55
11.277874	9a208	584aa9d1feb0	584aab11bd60	1	584f28cd700e	584aa9b85010	7	7ffc5b0907d8	7ffc5b0906b0	584aaaa8ec10	584aad83df80	d7a0e6971bb36161	189a5776364914b7	584aab11bd60	8000000000000002	584aaaf99480	101b4
11.289504	92762	43	7ffc5b09b7c0	58bf6c727c4f37bd	7778d5285010	7778d5284fc8	0	7ffc5b0941c8	7ffc5b0940b0	8	0	5a36353bb339ab71	825efc3474b5757a	7ffc5b0941c8	0	7ffff	de6e
11.299693	9a826	584aaa7477b0	584aaa7477b0	1	584f2d78c66a	584aa9b85010	8000000000000000	7ffc5b095b28	7ffc5b0959d0	584aaa9cad40	584aaa1b0c40	908cab2d6253c026	189a5776364914b7	584aab347db0	8000000000000002	584aaaf99480	27462
11.309568	1f2e31f4e9e8	584aade315c0	7778d821ac80	584aade31a10	7778d821ad10	7778d821ad00	7778d821ac88	28	7ffc5b097260	7778d5285010	0	e13352f295bc2a2e	330633da19b41c60	1	30	3	1
11.315202	99d31	36e54	7778d42f1830	8000000000000001	8000000000000001	7778d42f1801	7ffc5b097400	1	7ffc5b097370	8	0	92aef97b0ea1aa99	784207affe4e630d	36e55	7778d5284fc8	7ffc5b097458	8000000000000000
11.326982	9a208	584aad8b4960	584aab490d78	1	584f2d79b87e	584aa9b85010	7	584aab490d78	7ffc5b097380	584aaa69e4c0	0	3fedbfecca26bf3d	189a5776364914b7	34fb5	7778d5284fc8	7ffc5b097410	4
11.332210	9a208	584aaa9b80c0	584aab1582d0	1	584aaabab	584aa9b85010	7	584aab1582d0	7ffc5b097380	584aaababaf0	0	8e6d2f6a75773cdc	189a5776364914b7	129ee	7778d5284fc8	7ffc5b097410	1
11.339945	99cfc	8000000000000001	7778d3163500	8000000000000001	8000000000000001	7778d3163501	7ffc5b097458	1002	7ffc5b097370	8	0	426a274657a363ab	b19d42252a7d8fc5	12eb8	7778d5284fc8	7ffc5b097458	8000000000000000
11.350496	1f2e31f4c6e9	f0	7778d821ac80	f1	7778d821adc0	7fff800c	584aaab96f90	28	7ffc5b097250	7778d5285010	0	1a0055764776543c	7778d821ace0	c0	30	f0	1
11.357148	1f2e31f503c2	31	ffffffffffffff50	8	8	584aaa0c0970	584aaa0c0980	584aab08a7a0	7ffc5b097350	7778d5285010	0	bb2520eae5ead6b	5d10b2939b8b16b2	a0cc	7778d5284fc8	7ffc5b097410	2
11.368736	9a1f6	584aac66e960	584aab458a50	97eba	1	372b0	584aab458a50	7ffc5b094f88	7ffc5b094e60	8	0	e13352f295bdea57	3361c4d5453c52eb	584aab458a50	8000000000000002	584aab458a38	32a3e
11.381490	9a208	584aacff5640	584aab443c00	1	584f2ee1db9e	584aa9b85010	7	7ffc5b0918b8	7ffc5b091790	584aaadfeb50	0	1196057907359d1e	189a5776364914b7	584aab443c00	8000000000000002	584aab443be8	31c50
11.393782	928d3	584aade165d0	7ffc5b09b7c0	584aaaf99480	0	372b0	0	7ffc5b096948	7ffc5b096800	8	0	8bc19a9fbc5c59d8	3ae59f2f0f815b28	584aaaf99480	8000000000000001	584aab32e790	584aaa538750
11.404013	1f2e31f4ef07	30	7778d821ac80	30	584aaa8d3110	584aae450cc0	5db	7778d821ad00	7ffc5b093c00	0	0	584aaa8d3140	7778d821ace0	ffffffffffffff88	84020	584aa9b85010	8400
11.417570	94090	1fd0940a2560cf82	30103	72bd558593b0efa1	8	7ffc5b092d90	7ffc5b092d98	7ffc5b09b7c0	7ffc5b092d80	0	0	5d37cf9f7230decc	953812608f3619d	0	35a00	c6	7ffc5b092d90
11.423234	928d3	584aaa1b0880	7ffc5b09b7c0	584aaaf99480	0	372b0	0	7ffc5b08fbb8	7ffc5b08fa60	8	0	d834740b752952a2	943282559affee0	584aaaf99480	8000000000000001	584aab339a70	584aaad28df0
11.437845	9a1f6	584aacde3bb0	584aab01da38	108b7	0	372b0	584aab01da38	584aab01da38	7ffc5b097380	584aa9b85010	584aae3efb90	7	7	583d	7778d5284fc8	7ffc5b097410	3
11.450382	9a1f2	584aa9d37060	584aab032c48	132f9	584aa9b85010	372b0	584aab032c48	584aab032c48	7ffc5b097380	7778d5285010	0	4841a6f32322e3	dfa9a1036fdad7d8	6653	7778d5284fc8	7ffc5b097410	3
11.462786	9a1f2	584aaa6c6e10	584aaafd0a40	6eb8	584aa9b85010	372b0	584aaafd0a40	584aaafd0a40	7ffc5b097380	7778d5285010	0	62c02cbb4310e7fb	a53dfa2bad521f0e	24e8	7778d5284fc8	7ffc5b097410	2
11.468051	9a1f2	584aaa8b8800	584aab13d768	3485d	584aa9b85010	372b0	584aab13d768	584aab13d768	7ffc5b097380	7778d5285010	0	3461cf790845f570	71236b572b1479a5	1181f	7778d5284fc8	7ffc5b097410	2
11.473251	1f2e31f503c2	31	ffffffffffffff50	8	8	584aa9c6f7a0	584aa9c6f7b0	584aab47b520	7ffc5b097350	7778d5285010	0	83ac4cb6d64ec6c6	c6b458b097ad5629	3415c	7778d5284fc8	7ffc5b097410	3
11.486392	1f2e31f4c70f	584aae0d2870	584aae4500c0	21	584aa9ee6b30	584aae0d2870	584aae450100	60	7ffc5b097170	584f2d448ea0	584aa9ee6af0	20	189a5776364914b7	7778d821aca0	7778d821ac80	584aae450120	584aae450
11.491910	99cfc	8000000000000001	7778d3f54eb8	8000000000000001	8000000000000001	7778d3f54e01	7ffc5b097458	2	7ffc5b097370	8	0	6a657daea2401d83	441baa2c668cec88	96d3	7778d5284fc8	7ffc5b097458	8000000000000000
11.497638	95959	25155d5c538276b2	7ffc5b091f38	41ca984f8da30a74	ed0d7cd59c07e238	f661dcecc0e95a35	1000000000000000	7ffc5b09b7c0	7ffc5b091f30	8	0	ca88a08e922c212d	139f1a32aeb73276	8000000000000001	2fccb	c8	7ffc5b091f30
11.507579	99cfc	8000000000000001	7778d33ffc18	8000000000000001	8000000000000001	7778d33ffc01	7ffc5b093ba8	4	7ffc5b093a40	8	0	3073df86179f1c57	24df71b7f0d781c4	7ffc5b093ba8	ffffffffffc2f58a	7ffc5b093ba8	8000000000000000
11.518884	92762	38	7ffc5b09b7c0	526f3ad51f875133	7778d5285010	7778d5284fc8	0	7ffc5b08a0b8	7ffc5b089f60	8	0	60b0578689f21664	c75280f56452c965	7ffc5b08a0b8	7ffc5b097160	7ffff	2191
11.527612	92762	61	7ffc5b09b7c0	e1d01cb953d23157	7778d5285010	7778d5284fc8	0	7ffc5b08f748	7ffc5b08f600	8	0	dc4d34fbf1150a97	2285e44300a24926	7ffc5b08f748	1	7ffff	2546b
11.539295	9a1f6	584aaac36890	584aaaff9210	bfb2	1	372b0	584aaaff9210	7ffc5b091358	7ffc5b091230	0	584aa9c94aa0	12	7778d821ace0	584aaaff9210	8000000000000002	584aaaf99480	3fe6
11.554029	93557	8000000000000002	ca	584aadde7820	2780c0	372b0	7778d5306010	7ffc5b09b7c0	7ffc5b095310	8	0	cab45dd631846af5	7fce4d2202e71c00	8000000000000001	ec6e	9e03	7ffc5b0975d0
11.563083	9a208	584aace739c0	584aab112fe8	1	584f2eda6b48	584aa9b85010	7	7ffc5b096a28	7ffc5b0968d0	584aaaba8550	0	76b2f9a8f04c30ae	189a5776364914b7	584aab112fe8	8000000000000002	584aaafaaf28	fbcf
11.571597	99cfc	8000000000000001	7778d4fe70c8	8000000000000001	8000000000000001	7778d4fe7001	7ffc5b08ec08	8	7ffc5b08eaa0	8	0	6ca43d9ba15f6e74	dc979165983570e2	7ffc5b08ec08	fffffffffffac420	7ffc5b08ec08	8000000000000000
11.585936	1f2e31f503c2	31	ffffffffffffff50	8	8	584aaad30d00	584aaad30d10	584aab341270	7ffc5b097350	7778d5285010	0	5a36353bb339bd57	825f397ab7dfe760	26fea	7778d5284fc8	7ffc5b097410	3
11.591394	1f2e31f4ea65	584aaae63270	7778d821ac80	584aae148330	7778d821ad10	7778d821ad00	1	28	7ffc5b097260	584aa9b85010	7778d821ac80	1	7	584aad0298b0	30	584aad8035a0	11
11.605142	99cdb	31aaa	7ffc5b09b7c0	ffffffffffe41006	7778d5285010	7778d448cff8	7ffc5b097458	1	7ffc5b097370	8	0	7d29bf4548bc9d0c	c05a9a1441efe9c3	8e18	7778d5284fc8	31aaa	1
11.615720	9a208	584aae4431a0	584aaafc00a8	4d85	584aa9b85010	372b0	584aaafc00a8	584aaafc00a8	7ffc5b097380	7778d5285010	0	62c02cbb43102087	a535cbb3dd4f5e8a	19d7	7778d5284fc8	7ffc5b097410	3
11.621643	1f2e31f503c2	31	ffffffffffffff50	8	8	584aadec14c0	584aadec14d0	584aab466478	7ffc5b097350	7778d5285010	0	cb9b1dc5af5f270f	ce6eee3b8044e92c	33355	7778d5284fc8	7ffc5b097410	2
11.626942	1f2e31f4c806	584aaa16ffc0	584aac2d9a50	41	1	584aaa16ffc0	584aae0cf230	40	7ffc5b097180	584f28875849	584aac2d9a90	40	189a5776364914b7	7778d821aca0	7778d821ac80	584aac2d9a90	584aac2d9
11.636729	9a1f6	584aae407920	584aab38df20	7e954	1	372b0	584aab38df20	7ffc5b096f98	7ffc5b096e70	8	0	be6df37eaf39404f	5e608a2b9786171a	584aab38df20	8000000000000002	584aaaf99480	2a31c
11.649642	9a1f6	584aae3daaa0	584aab455018	97773	1	372b0	584aab455018	7ffc5b096ba8	7ffc5b096a50	8	0	d7ceec2d6d579563	ec7cd1a5008bc731	584aab455018	8000000000000002	584aaaf99480	327d1
11.664022	9a1f6	584aaa3e3b30	584aab0f2d08	2b311	1	372b0	584aab0f2d08	7ffc5b095748	7ffc5b0955f0	8	0	cf2046f7e604bcc8	b24d155cc8b56875	584aab0f2d08	8000000000000002	584aaafb4750	e65b
11.670468	9a208	584aa9c82e00	584aab167ca8	1	584f2ec94792	584aa9b85010	7	7ffc5b093588	7ffc5b093430	584aadca22f0	0	d4d2975e53f14177	189a5776364914b7	584aab167ca8	8000000000000002	584aab167c90	13457
11.677130	1f2e31f4ee2f	40	7778d821ac80	20	7778d821ad20	7778d821ad10	5b	38	7ffc5b092f60	8	0	cd62335d5720417a	f9e5bbb7e7680a5	ffffffffffffff88	40	4	2
11.687991	9410e	0	be	1	0	7ffc5b08c800	7ffc5b08c808	7ffc5b08c9d8	7ffc5b08c7f0	8	0	dd475fa14ff87638	e2bc3eaf8a637eda	584aab3e5e50	8000000000000000	7ffc5b08c800	7ffc5b08c808
11.698978	92d74	ffffffffffb9e09f	7ffc5b09b7c0	57	b6fcafb10959466a	7778d5285010	fffffffffff83567	7ffc5b0946f8	7ffc5b0945a0	7778d5284fc8	0	d46d5b42079d7667	35e5b6ef40749aeb	0	7ca89	7ca99	2fd9b
11.710580	1f2e31f4d66d	31	ffffffffffffff50	11aff	0	584aadc9da50	7778d821ac80	0	7ffc5b096b48	8	0	d7acb895240a05a3	5fdc11df3a29bfaf	584aab026c78	0	584aab328b80	5e55
11.716558	be0d8	7ffc5b097360	584aae196940	8	8	584aaa20ce60	38	584aab428558	7ffc5b097368	7778d5285010	0	92c45149bd3488c5	bd6eba4e81f84739	30a09	7778d5284fc8	7ffc5b097410	3
11.724703	99cfc	8000000000000001	7778d40fd6e8	8000000000000001	8000000000000001	7778d40fd601	7ffc5b097458	2	7ffc5b097370	8	0	4a9ca74d70c30ef9	59c8213bfb9f3fbb	11375	7778d5284fc8	7ffc5b097458	8000000000000000
11.732642	1f2e31f503c2	41	ffffffffffffff50	8	8	584aaa4cbd70	584aaa4cbd80	584aab027728	7ffc5b097340	7778d5285010	0	4a94a8a5c1fdc4d2	c7856ddbea9c8128	5ec7	7778d5284fc8	7ffc5b097410	2
11.747775	9aaca	584aaabd01e0	7ffc5b09b7c0	22140	7778d5306010	372b0	8000000000000001	885	7ffc5b097390	584aaa11e340	0	8a50050d29e930b1	189a5776364914b7	885	584aab599490	7ffc5b097410	1
11.758067	99cfc	8000000000000001	7778d4827e70	8000000000000001	8000000000000001	7778d4827e01	7ffc5b097458	8	7ffc5b097370	8	0	5414455a7eade265	d9241dd4d3e9d929	334b5	7778d5284fc8	7ffc5b097458	8000000000000000
11.768266	1f2e31f4c70f	584aaa79db30	584aade59d30	21	584aa9c57d70	584aaa79db30	584aade59d70	60	7ffc5b097440	584f2ee94909	584aaa439750	20	189a5776364914b7	7778d821aca0	7778d821ac80	584aade59d90	584aade59
11.775426	94063	bb2b631002a9f0c3	7ffc5b091a28	a43d69101cbfe7d7	8	7ffc5b091a20	7ffc5b091a28	7ffc5b09b7c0	7ffc5b091a10	0	0	5b4cbe98fb7fdabe	b42c3cc6f6d9e918	a686	0	d0	7ffc5b091a20
11.782842	92762	2e	7ffc5b09b7c0	fcded24bf34f1a31	7778d5285010	7778d5284fc8	0	7ffc5b0938c8	7ffc5b0937b0	8	0	cd051ae74d5007de	754910bada219cd3	7ffc5b0938c8	0	7ffff	d836
11.789532	98e74	584aaaf99480	0	ea41a4c64740d68f	584aaa78ad30	372b0	7	7ffc5b097201	7ffc5b0969e0	d2	4	7ffc5b097340	8000000000000001	0	1	169a8	7ffc5b09b7c0
11.795405	92762	3f	7ffc5b09b7c0	2531ddcc0382b97f	7778d5285010	7778d5284fc8	0	7ffc5b08dfb8	7ffc5b08de60	8	0	dde4ef465664a7ec	c5c9aee2e5665857	7ffc5b08dfb8	7ffc5b097160	7ffff	4a183
11.806660	92762	71	7ffc5b09b7c0	90d414a44f13cddd	7778d5285010	7778d5284fc8	0	7ffc5b090108	7ffc5b08ffc0	8	0	142c7e3823cd54fe	705b6c36f1603cfe	7ffc5b090108	1	7ffff	433ab
11.817479	9a1f6	584aaacf3440	584aab1247f0	3166e	1	372b0	584aab1247f0	7ffc5b0925e8	7ffc5b0924c0	8	0	eedb9ed8499ffb33	18cb2545b274f1a	584aab1247f0	8000000000000002	584aab0d7420	1077a
11.828242	92d74	fffffffffff7085e	7ffc5b09b7c0	5	53547192f38d1a4a	7778d5285010	ffffffffffff00ee	7ffc5b0955d8	7ffc5b095480	7778d5284fc8	0	907f44fceeed009e	4663b78b826f9c95	0	ff02	ff12	29cf4
11.834351	9a208	584aa9dd5a60	584aab3bb598	1	584f29e5ca33	584aa9b85010	7	7ffc5b0937a8	7ffc5b093680	584aa9d53230	584aad004f10	b9689cf7d3c8777	189a5776364914b7	584aab3bb598	8000000000000002	584aaaf99480	2c161
11.841023	92ae8	584aab599490	7ffc5b09b7c0	584f2e88b593	584aaa226860	372b0	7	7ffc5b090fd8	7ffc5b090e80	584aaddf3bd0	584aaa011780	50763ad22d6265a8	189a5776364914b7	584aab1713c8	8000000000000002	584aaaf99480	13aa3
11.848390	9276a	15	7ffc5b09b7c0	6e4f355940dede3c	7778d5285010	7778d5284fc8	0	7ffc5b0934c8	7ffc5b093380	8	0	80e82dc39797231b	b346407c59f9aa49	7ffc5b0934c8	1	7ffff	359c5
11.860282	9ac2e	28301	7ffc5b09b7c0	8000000000000001	8000000000000001	7778d3709901	7ffc5b097400	2	7ffc5b097390	8	0	1b21f0126037084d	7adb22d004880299	2cd9	7778d5284fc8	61b6b	4
11.871065	9a1f2	584aaa781bc0	584aab3b3708	83451	584aa9b85010	3895c	584aab3b3708	584aab3b3708	7ffc5b097380	7778d5285010	0	506825082fe7017a	933859ba5ff61cc1	2bc1b	7778d5284fc8	7ffc5b097410	3
11.878782	99cfc	8000000000000001	7778d48d4538	8000000000000001	8000000000000001	7778d48d4501	7ffc5b097458	1	7ffc5b097370	8	0	eb446e937b255e17	14dd0448ff69737	33bc0	7778d5284fc8	7ffc5b097458	8000000000000000
11.889125	99cfc	8000000000000001	7778d401fe50	8000000000000001	8000000000000001	7778d401fe01	7ffc5b097458	1	7ffc5b097370	8	0	a265dc679565233a	c76ff805334b28e7	ec72	7778d5284fc8	7ffc5b097458	8000000000000000
11.901109	1f2e31f4d793	4	4	584f2d4b90c0	584aa9e10ed0	584aa9b85010	7	584aa9e10e90	7ffc5b0972d0	584aa9e10ea0	0	cfd6d75cbfe76bdf	189a5776364914b7	7778d821ac80	0	584aa9e10ed0	1
11.914159	1f2e31f4c896	584aaa0687f0	584aaae7a750	31	50	584aaa0687f0	584aac29c2a0	50	7ffc5b097450	584f2d4b706a	584f2d4b706a	30	189a5776364914b7	7778d821aca8	7778d821ac80	584aaae7a7a0	584aaae7a
11.923772	95648	7778d53d3150	d4	3345	a4	0	7778d53d3150	7ffc5b09b7c0	7ffc5b091730	8	0	d353df9100a1ef09	5a3a8cd0fe658215	8000000000000001	3345	3345	7ffc5b0975d0
11.934637	9a826	584aaacaaf70	584aaacaaf70	1	584f28c6138d	584aa9b85010	8000000000000000	7ffc5b0934e8	7ffc5b093390	584aa9fbd120	0	6985f055bafb494a	189a5776364914b7	584aab0fec00	8000000000000002	584aab33c848	ee50
11.944348	991dd	0	7ffc5b0940a8	1	533e787e3f586711	7ffc5b0940a0	1800000000000000	3af7	7ffc5b0940a0	8	0	533e787e3f586711	df00ec8e27d2e505	0	1	7ffc5b094190	7ffc5b0940a0
11.952335	94083	ff7dcdd60361e4c7	0	10e57494dd480cc5	8	7ffc5b094740	7ffc5b094748	7ffc5b094908	7ffc5b094730	0	0	a8212c3b11b5fdad	fc50f8a3c5f44b11	584aab3e9ff0	8000000000000000	7ffc5b094740	7ffc5b094748
11.964153	92762	47	7ffc5b09b7c0	db349ecb46dfee8f	7778d5285010	7778d5284fc8	0	7ffc5b094208	7ffc5b0940f0	8	0	3fe26b01d48bd946	ab251480b503e9cf	7ffc5b094208	0	7ffff	7f52d
11.971636	928d3	584aae198c50	7ffc5b09b7c0	584aaaf99480	a12ce	3895c	35b9a	7ffc5b093498	7ffc5b093340	8	0	83e329bdfc8b486	361de1f667e0d94c	584aab4a2af0	8000000000000001	584aaaf99480	584aadc5b500
11.984207	937fc	1	2dd9f	79	1ff	101c37d7b73584ac	0	0	7ffc5b093f50	1b	1	584aad96f070	0	72	7ffc5b097160	7ffc5b093fe0	7ffc5b0970b0
11.997141	98d35	584aaaf99480	ab33	584aaaf99480	1f01	3895c	20199	7ffc5b097301	7ffc5b093900	8	0	7ffc5b0974a0	8000000000000001	0	1	0	7ffc5b09b7c0
12.008845	1f2e31f4ea86	584aad4ddf30	7778d821ac80	584aad558870	7778d821ad10	7778d821ad00	1	28	7ffc5b097260	584aa9b85010	7778d821ac80	3	7	584aaa6bf270	30	189a5776364914b7	11
12.023949	1f2e31f4ea86	584aaa227cb0	7778d821ac80	584aadca4290	7778d821ad10	7778d821ad00	1	28	7ffc5b097260	584aa9b85010	7778d821ac80	5	7	584aaa5dc2b0	30	189a5776364914b7	11
12.037069	1f2e31f503c2	41	ffffffffffffff50	8	8	584aa9d5d470	584aa9d5d480	584aab488a98	7ffc5b097340	0	584aacdf4ce0	584aacdf4d30	7778d821ace0	34a41	7778d5284fc8	7ffc5b097410	4
12.051660	1f2e31f503c2	51	ffffffffffffff50	8	8	584aaa7327f0	584aaa732800	584aab13d258	7ffc5b097340	0	584aad9108d0	584aad910980	7778d821ace0	117e9	7778d5284fc8	7ffc5b097410	4
12.065934	1f2e31f4eed6	60	7778d821ac80	30	584aadc7fd50	4da0000	2492	7778d821ad30	7ffc5b097260	0	0	584aadc7fdb0	7778d821ace0	ffffffffffffff88	30	584aa9b85010	1
12.077361	92d74	ffffffffffc9d927	7ffc5b09b7c0	4c	74a5a1d2be1d2a1e	7778d5285010	fffffffffff9fbaf	7ffc5b0949a8	7ffc5b094890	7778d5284fc8	0	304cffb5758005c2	50065f7e3ef49d04	0	60441	60451	157cc
12.087117	98e19	584aaaf99480	227bf	584aaaf99480	1f01	38f42	8f9342938e1b16a	7ffc5b097201	7ffc5b08f060	584aaab8a250	4	7ffc5b097340	8000000000000001	0	1	0	7ffc5b09b7c0
12.101841	93557	8000000000000002	a0a	3b507ae80c2ac9e9	28280	38f42	7778d5306010	8000000000000000	7ffc5b08ebb0	d8	4	7ffc5b0974a0	8000000000000001	0	1	0	7ffc5b09b7c0
12.110323	9a1f2	584aaa784c40	584aaafc5418	57f3	1	38f42	584aaafc5418	7ffc5b091e98	7ffc5b091d70	8	0	e4717bb6a4152ee1	a2726f0736291f9d	584aaafc5418	8000000000000002	584aab09a718	1d51
12.118865	1f2e31f4ef07	30	7778d821ac80	40	584aaa09a8e0	584aae3e8590	79	7778d821ad00	7ffc5b0957e0	0	0	584aaa09a910	7778d821ace0	ffffffffffffff88	108020	584aa9b85010	10800
12.132952	9a1f6	584aaac71fc0	584aab0ea2c0	2a1c8	1	38f42	584aab0ea2c0	7ffc5b092b48	7ffc5b092a20	8	584aaa7446f0	db7ad454d448fdb1	7778d821ace0	584aab0ea2c0	8000000000000002	584aaaf99480	e098
12.147149	98dff	584aaaf99480	38505	584aaaf99480	1f01	38f42	584aaa76e590	7ffc5b097301	7ffc5b096cc0	8000000000000000	0	7ffc5b0974a0	8000000000000001	0	1	0	7ffc5b09b7c0
12.160894	9a1f2	584aaace9640	584aaafa50f0	178e	584aa9b85010	39338	584aaafa50f0	584aaafa50f0	7ffc5b097380	7778d5285010	0	7a33faeb0b064b79	1477d29e32bac9ac	7da	7778d5284fc8	7ffc5b097410	1
12.174651	1f2e31f503c2	31	ffffffffffffff50	8	8	584aaa638c40	584aaa638c50	584aab485870	7ffc5b097350	584aa9b85010	584aaa9917a0	7	7	3482a	7778d5284fc8	7ffc5b097410	2
12.182147	9adab	0	7ffc5b09b7c0	584aaa1a8290	584f2ecd36ca	584aa9b85010	7	29f14	7ffc5b097390	584aaaa2a1e0	0	d0a4ae128b539031	189a5776364914b7	39338	584aab599490	0	1
12.191583	9ab6d	575eb	7ffc5b09b7c0	7ffff	7778d5285010	15	0	8ec4	7ffc5b097390	8	0	8bcc458cb971a435	b544d87e5e57664c	8ec4	7778d5284fc8	7ffc5b097410	0
12.197667	99cfc	8000000000000001	7778d484f158	8000000000000001	8000000000000001	7778d484f101	7ffc5b097458	2	7ffc5b097370	8	0	c5d8b1ea4ba009cc	2f32d4eb28b23742	3235e	7778d5284fc8	7ffc5b097458	8000000000000000
12.207369	1f2e31f4ef07	40	7778d821ac80	30	584aaa785160	584aa9e2ec70	fd7	7778d821ad10	7ffc5b097260	0	0	584aaa7851a0	7778d821ace0	ffffffffffffff88	30	584aa9b85010	1
12.212873	9adab	1	7ffc5b09b7c0	584aaa2664e0	584f2aea58cd	584aa9b85010	7	ea7	7ffc5b097390	584aac68d680	0	1caf34b89a7c0b7a	189a5776364914b7	39338	584aab599490	1	1
12.227254	1f2e31f4c709	584aa9f84a90	584aaa074f90	81	584aa9f99f90	584aa9f84a90	584aaa074f90	b0	7ffc5b093a30	584f2ef349c5	584aaa59e9b0	30	7d	7778d821ac98	7778d821ac80	584aaa075040	584aaa075
12.240325	92762	5	7ffc5b09b7c0	1dd66cb287aecce0	7778d5285010	7778d5284fc8	0	7ffc5b094e68	7ffc5b094d20	8	0	d46d5b42079b5ccb	35a2e855a12abc4f	7ffc5b094e68	1	7ffff	5c06d
12.252899	9a1f2	584aad4a0320	584aab09d598	20823	1	39338	584aab09d598	7ffc5b090288	7ffc5b090130	0	584aad9495a0	584aad948e80	7778d821ace0	584aab09d598	8000000000000002	584aaaf99480	ad61
12.259476	92a5c	7778d5306010	7ffc5b09b7c0	348700	1	39338	7ffc5b093fb0	7ffc5b094058	7ffc5b093f40	0	584aaa2cfe80	584aad5383f0	7778d821ace0	7778d564e710	8000000000000002	584aaaf99480	d21c
12.273806	1f2e31f4c896	584aa9f3d280	584aaaa65a20	31	31	584aa9f3d280	584aaa2415d0	30	7ffc5b097110	584f28cd7d25	584f28cd7d25	30	0	7778d821ac98	7778d821ac80	584aaaa65a50	584aaaa65
12.284693	92a22	38ce	7ffc5b09b7c0	584aadfbd710	1	39338	943b	7ffc5b093a28	7ffc5b0938e0	8	0	5932cff27ea6bd7e	ad036966cbd8eb90	584aaaf99480	8000000000000001	584aab077a08	943c
12.298858	9a208	584aaac71680	584aab31de10	1	584f2e9cb54d	584aa9b85010	7	584aab31de10	7ffc5b097380	584aaa2dd910	0	8fc3552bd99f410b	189a5776364914b7	25866	7778d5284fc8	7ffc5b097410	5
12.306077	99cfc	8000000000000001	7778d44bb900	8000000000000001	8000000000000001	7778d44bb901	7ffc5b097458	2	7ffc5b097370	8	0	51c0ca8913c39cbe	ce0b5d560f2454c8	11229	7778d5284fc8	7ffc5b097458	8000000000000000
12.313742	99cfc	8000000000000001	7778d4bc7218	8000000000000001	8000000000000001	7778d4bc7201	7ffc5b097458	1	7ffc5b097370	8	0	3461cf7908438a8b	717ac83d40deba4a	1d10	7778d5284fc8	7ffc5b097458	8000000000000000
12.321797	99cfc	8000000000000001	7778d3853368	8000000000000001	8000000000000001	7778d3853301	7ffc5b097458	2	7ffc5b097370	8	0	dc4d34fbf16ae0ea	229928975a232f85	277de	7778d5284fc8	7ffc5b097458	8000000000000000
12.334643	1f2e31f4c6e9	b0	7778d821ac80	b1	7778d821ad80	dffff80c	584aaa29a810	28	7ffc5b097250	0	0	584aaac71a80	7778d821ace0	80	30	b0	1
12.347160	92503	584aab599490	7ffc5b09b7c0	0	584f2d67d963	643	7	8000000000000000	7ffc5b0974d0	584aa9cc3ff0	584aa9e996b0	584aaa714e70	189a5776364914b7	edd40	a2f50	20000	584aadb3e490
12.353046	1f2e31f4c862	584aa9cdcdd0	584aa9e77df0	30	41	584aa9cdcdd0	584aa9d3d0f0	80	7ffc5b097180	584f2d4de0cd	584aa9e77df0	30	189a5776364914b7	7778d821aca0	7778d821ac80	584aa9d3d170	584aa9d3d
12.368172	9a1fb	584aad044b30	584aab4ea850	aa27a	0	39bb2	584aad044b30	584aab4ea850	7ffc5b097380	7778d5285010	584aaaa5bfa0	83cb9ab1b1f7f175	7778d821ace0	38b7e	7778d5284fc8	7ffc5b097410	1
12.378166	959bf	cee07af50386b5a1	7ffc5b0944e8	5f90c874add49d24	2812f5fa17306ffe	ae143cdd17767ba6	1000000000000000	7ffc5b09b7c0	7ffc5b0944e0	8	0	d1389566f11c2645	1cf16933484fb655	8000000000000001	3a29	e0	7ffc5b0944e0
12.384098	1f2e31f4ea65	584aaa760010	7778d821ac80	584aa9edb6f0	7778d821ad20	7778d821ad10	2	38	7ffc5b08d9a0	584aa9b85010	7778d821ac80	2	7	584aaa0aeb00	40	584aaa0a6130	12
12.392960	9a208	584aa9c20750	584aab047a38	1	584f2e0cb8be	584aa9b85010	7	7ffc5b096928	7ffc5b096800	584aa9f3ee80	584aaa9b7fe0	86bebd5fbf669bbf	189a5776364914b7	584aab047a38	8000000000000002	584aaaf99480	743d
12.401383	1f2e31f501ec	584aaa5a1100	ffffffffffffff88	4	584aa9b85010	584aae0f1040	11	28	7ffc5b096d30	584aade7d560	4	314061b2d5edaf65	7778d821ace0	1	8000000000000001	584aab4be540	584aaa9d09b0
12.415668	95975	69bd6da8a63829f0	7ffc5b095228	5976b85001a08a67	d047fb42a4507075	e8d76853b55a88c9	1000000000000000	584aadfb36f0	7ffc5b095220	8	0	d1500deb03f98f95	464a2dbe00495a83	14d6	831	e0	7ffc5b095220
12.430351	99cfc	8000000000000001	7778d334fc38	8000000000000001	8000000000000001	7778d334fc01	7ffc5b08f3a8	1	7ffc5b08f240	8	0	18032168087ebf7	8802d46846e438f1	7ffc5b08f3a8	ffffffffffc1958e	7ffc5b08f3a8	8000000000000000
12.439883	9a208	584aa9fbc4e0	584aab3c6140	1	584f28815774	584aa9b85010	7	7ffc5b093038	7ffc5b092ed0	584aae3f4060	0	62eeffd1ec891688	189a5776364914b7	584aab3c6140	8000000000000002	584aab3c6128	2c888
12.453895	98e19	584aaaf99480	9614	584aaaf99480	3f01	39bb2	364d7b6a76124906	7ffc5b097301	7ffc5b092580	584aac642cf0	4	7ffc5b0974a0	8000000000000001	0	1	0	7ffc5b09b7c0
12.462258	99cfc	8000000000000001	7778d37bb058	8000000000000001	8000000000000001	7778d37bb001	7ffc5b097458	1	7ffc5b097370	8	0	2e7151ea88de5ef4	c535177e8e2defb3	36037	7778d5284fc8	7ffc5b097458	8000000000000000
12.470946	9accd	fffffffffffc8ee1	7ffc5b09b7c0	0	eeff	7778d50cc718	7ffc5b097458	1	7ffc5b097390	7778d5285010	0	6261c2b8ba369e8f	f62554d5acb68aa4	2475c	7778d5284fc8	7ffc5b097410	2
12.476457	9a208	584aaaa10450	584aab3a58d8	1	584f2e89a18a	584aa9b85010	7	584aab3a58d8	7ffc5b097380	584aaa70a880	0	635ef046e00e8084	189a5776364914b7	2b2d9	7778d5284fc8	7ffc5b097410	0
12.485848	99cfc	8000000000000001	7778d30b79c0	8000000000000001	8000000000000001	7778d30b7901	7ffc5b097458	1	7ffc5b097370	8	0	cbcdfabdf12c9e9a	6bb9365301308f52	34410	7778d5284fc8	7ffc5b097458	8000000000000000
12.499775	9a1f2	584aaad29280	584aab15ab50	382da	584aa9b85010	39bb2	584aab15ab50	584aab15ab50	7ffc5b097380	7778d5285010	0	ee1d0cb00f836db2	3b4807e2bd932ba4	12b9e	7778d5284fc8	7ffc5b097410	2
12.514522	9a208	584aaabb3ec0	584aab3480b0	75d86	584aa9b85010	39bb2	584aab3480b0	584aab3480b0	7ffc5b097380	7778d5285010	0	142c7e3823cd9b19	7063db8f6d7cfd9b	27482	7778d5284fc8	7ffc5b097410	3
12.524980	1f2e31f4eea7	61	7778d821ac80	6	584aa9e98e30	40	9a7	7778d821ad30	7ffc5b092fa0	0	0	584aaa183200	7778d821ace0	ffffffffffffff88	2120	584aa9b85010	210
12.537509	99c81	e307522d60f5cacd	7ffc5b092fc8	d516582f95f3adcd	b555a89aed0cc4d9	a3afab0aa71ceb7c	2000000000000000	7ffc5b092fc8	7ffc5b092e30	8	0	4bc9d3d241fefe76	aff33e7b2d384383	bdf8	8000000000000000	7ffc5b092e30	7ffc5b092e38
12.546819	1f2e31f4d9e1	7	30	1	584f29a971d7	584aa9b85010	7	584aaa8f7620	7ffc5b092900	584aaa8f7630	0	8a50050d29e89ed5	189a5776364914b7	7778d821ac80	0	584aab1a12d8	15a9b
12.553621	1f2e31f503c2	31	ffffffffffffff50	1	584f29fb8630	584aa9e64b70	584aa9e64b80	7ffc5b08f598	7ffc5b08f410	584aaac70550	0	eb11c0554cb31b8a	189a5776364914b7	584aab116588	8000000000000002	584aab0a8d70	fe0b
12.559416	98d35	584aaaf99480	473	584aaaf99480	f01	39bb2	d59	7ffc5b097301	7ffc5b094140	8	0	7ffc5b0974a0	8000000000000001	0	1	0	7ffc5b09b7c0
12.571381	1f2e31f4c70f	584aae45c650	584aad834700	f1	584aadc6b540	584aae45c650	584aad834730	120	7ffc5b0907c0	584f296e56e4	584aadc48ed0	f0	7e	7778d821ac98	7778d821ac80	584aad834820	584aad834
12.576823	1f2e31f4c84d	584aac689450	584aac6ad710	30	31	584aac689450	584aaa35f440	30	7ffc5b0913f0	584f2e10418d	584aaaba8720	30	7e	7778d821ac98	7778d821ac80	584aac6ad740	584aac6ad
12.587750	9a208	584aaaf571a0	584aab0614c0	1	584f2ebc5a14	584aa9b85010	7	7ffc5b0907e8	7ffc5b090690	584aad874190	0	5d67575904adedc5	189a5776364914b7	584aab0614c0	8000000000000002	584aab113c18	8558
12.596849	1f2e31f4c70f	7778d821ad60	7778d821ac80	91	584aaa68e070	7778d821ad60	584aaac8b730	38	7ffc5b08f4b0	8	0	d17da88ce911e75f	7778d821ace0	50	40	90	2
12.604258	9a208	584aaa2bcc70	584aab01dff0	1	584f28828ed8	584aa9b85010	7	7ffc5b094628	7ffc5b0944d0	584aaa0a8320	584aa9cac840	7778d821ad20	189a5776364914b7	584aab01dff0	8000000000000002	584aaaf99480	587a
12.614103	9a1f6	584aade4a7a0	584aab3d38f8	8748f	0	39bb2	584aab3d38f8	584aab3d38f8	7ffc5b097380	584aa9b85010	584aade81310	7	7	2d185	7778d5284fc8	7ffc5b097410	4
12.622950	1f2e31f4e9e8	584aadc7e340	7778d821ac80	584aaa24ef10	7778d821ad10	7778d821ad00	7778d821ac88	28	7ffc5b097260	7778d5285010	0	cb9b1dc5af5db082	ce5c510e87aa55a5	1	30	3	1
12.637270	1f2e31f503c2	41	ffffffffffffff50	8	8	584aac288e90	584aac288ea0	584aaafee188	7ffc5b097340	7778d5285010	0	92f612321ae3ee8d	8fb6eb049db89591	388b	7778d5284fc8	7ffc5b097410	3
12.651167	1f2e31f4f258	100	7778d821ac80	4	7778d821ad50	6ffffe0c	0	28	7ffc5b097260	7778d5285010	0	cd2207b5e0faa8bb	7778d821ace0	ffffffffffffff88	30	3	1
12.661249	9aaca	584aac27f540	7ffc5b09b7c0	68e80	7778d5306010	39bb2	8000000000000001	0	7ffc5b097390	584aa9c78a00	584aaad520c0	76f052340137c476	189a5776364914b7	1a3a	584aab599490	7ffc5b097410	3
12.669511	9a208	584aa9f49c70	584aab3570c8	77b89	584aa9b85010	39bb2	584aab3570c8	584aab3570c8	7ffc5b097380	7778d5285010	0	7c381a994d7d6e44	ed63f9d2d5aef458	27e83	7778d5284fc8	7ffc5b097410	1
12.676096	1f2e31f4eed6	60	7778d821ac80	30	584aaa68db30	4da0000	16e6	7778d821ad30	7ffc5b097680	0	0	584aaa68db90	7778d821ace0	ffffffffffffff88	30	584aa9b85010	1
12.689969	93557	8000000000000002	ea	584aadde7820	2b3600	39bb2	7778d5306010	7ffc5b09b7c0	7ffc5b095550	8	0	cd71418d3f4e1657	5c9ad75a6727a2d	8000000000000001	0	acd8	7ffc5b0975d0
12.704992	9a208	584aae124610	584aab12aef8	1	584f2d4358a7	584aa9b85010	7	7ffc5b089a98	7ffc5b089930	584aa9d271c0	584aaaa6df50	3d938e73bc41c242	189a5776364914b7	584aab12aef8	8000000000000002	584aaaf99480	10bc5
12.711345	1f2e31f4c6e9	60	7778d821ac80	61	7778d821ad30	ffffffdc	584aac2d0930	38	7ffc5b090250	0	0	584aace5d530	7778d821ace0	20	40	60	2
12.723928	94075	1c6d6de5167dae0e	1	a43d69101cbc9cb4	8	7ffc5b092e80	7ffc5b092e88	7ffc5b093048	7ffc5b092e70	0	0	61420ad513d3226e	71481cd604c32871	0	8000000000000000	8000000000000001	8000000000000001
12.730432	9a1f2	584aaa30bee0	584aab0c34a0	25404	1	39bb2	584aab0c34a0	7ffc5b08fdf8	7ffc5b08fcd0	0	584aad8b6910	584aaa3cd130	7778d821ace0	584aab0c34a0	8000000000000002	584aaaf99480	c6ac
12.741411	9a208	584aace0afa0	584aab060f50	1	584f2e345572	584aa9b85010	7	7ffc5b08c038	7ffc5b08bed0	584aadc62640	0	4c80db36719197d	189a5776364914b7	584aab060f50	8000000000000002	584aab060f20	851e
12.750447	99bfa	698bbcde1c3299e3	7ffc5b093718	28e974f61b6af4f7	35987c717b444949	7ffc5b093580	2000000000000000	7ffc5b093718	7ffc5b093580	8	0	35987c717b444949	8e974f61b6af4f7	584aab369308	8000000000000000	7ffc5b093580	7ffc5b093588
12.758593	92a5c	7778d5306010	7ffc5b09b7c0	2ae00	1	39bb2	7ffc5b093810	7ffc5b0938f8	7ffc5b0937a0	8	0	4ea98f6a46928f53	ae4c2c3a0ed66590	7778d5330e10	8000000000000002	584aab104f48	ab8
12.764131	92a5c	7778d5306010	7ffc5b09b7c0	399c80	1	39bb2	7ffc5b0943d0	7ffc5b0944a8	7ffc5b094360	8	0	3bfc122233f65466	b30499089d6e3942	7778d569fc90	8000000000000002	584aab0c1a78	e672
12.774680	94049	0	7ffc5b090f08	61420ad513d3226e	8	7ffc5b090f00	7ffc5b090f08	3a359	7ffc5b090ef0	0	0	6002932f6d2ff6ce	915dc50de78402a2	0	1	7ffc5b090ff0	7ffc5b090f00
12.781298	99cfc	8000000000000001	7778d4ba0488	8000000000000001	8000000000000001	7778d4ba0401	7ffc5b097458	2	7ffc5b097370	8	0	4841a6f323ce0a	dfaf0a66b1823e9d	5ec0	7778d5284fc8	7ffc5b097458	8000000000000000
12.788339	99cfc	8000000000000001	7778d46629d8	8000000000000001	8000000000000001	7778d4662901	7ffc5b097458	1	7ffc5b097370	8	0	168f155d43e8c7c	74d55163945db23f	927d	7778d5284fc8	7ffc5b097458	8000000000000000
12.799743	1f2e31f4d9c0	3	30	1	3	584aa9b85010	7	584aaa3cfd50	7ffc5b0972e0	584aaa3cfd60	0	bfc83c8caab541fb	189a5776364914b7	7778d821ac80	0	7ffc5b097410	3
12.814865	9aaca	584aaa2745d0	7ffc5b09b7c0	3edc80	7778d5306010	3a778	8000000000000001	fb72	7ffc5b097390	584aa9db04d0	0	304cffb575829909	189a5776364914b7	fb72	584aab599490	7ffc5b097410	2
12.828816	99cfc	8000000000000001	7778d3a6a3d0	8000000000000001	8000000000000001	7778d3a6a301	7ffc5b097458	4	7ffc5b097370	8	0	a4f8f1689d057bf0	d1f9430d70fa66ec	26cc3	7778d5284fc8	7ffc5b097458	8000000000000000
12.838123	1f2e31f4c862	584aa9e59fe0	584aacffa2b0	21	41	584aa9e59fe0	584aaa1a10e0	60	7ffc5b097450	584f28550311	584aacffa2b0	20	189a5776364914b7	7778d821aca0	7778d821ac80	584aaa1a1100	584aaa1a1
12.852394	957d9	584aaddca860	ec	60	3fff	afc	1	afb	7ffc5b090d10	42	0	d26e2dc96c9f61f5	29f56dce3dde4f44	95a6	0	6ada	7ffc5b0975d0
12.861290	1f2e31f4ea65	584aaa53ef30	7778d821ac80	584aa9d836c0	7778d821ad20	7778d821ad10	2	38	7ffc5b0916a0	584aa9b85010	7778d821ac80	3	7	584aaa025e00	40	584aaa5277f0	12
12.869991	92d74	ffffffffffddb5fa	7ffc5b09b7c0	3	700d47734612be62	7778d5285010	fffffffffffc30aa	7ffc5b0938f8	7ffc5b0937a0	7778d5284fc8	0	4ea98f6a469240bd	ae22587bf16809ca	0	3cf46	3cf55	381d6
12.875308	94075	1c6d6de5167d1538	0	a43d69101cbfe5de	8	7ffc5b095bf0	7ffc5b095bf8	7ffc5b097230	7ffc5b095be0	0	0	61420ad513d3226e	71481cd604c32870	0	1	7ffc5b095c90	7ffc5b095bf0
12.885980	9a1f6	584aaa1ee7e0	584aab4af7c8	a2c69	1	3a778	584aab4af7c8	7ffc5b091248	7ffc5b0910f0	8	0	48f94787884c5a8	77a34040f7d0adeb	584aab4af7c8	8000000000000002	584aab4af7b0	36423
12.892591	9a1f6	584aa9d77a30	584aab0276f8	11c4f	1	3a778	584aab0276f8	7ffc5b0960f8	7ffc5b095fd0	0	584aa9cb94b0	584aad4c8a90	7778d821ace0	584aab0276f8	8000000000000002	584aaaf99480	5ec5
12.904250	9a208	584aacdedde0	584aab4c7318	1	584f29660569	584aa9b85010	7	7ffc5b090868	7ffc5b090740	584aadca93d0	0	b2d33ac156082571	189a5776364914b7	584aab4c7318	8000000000000002	584aab4c7300	373f1
12.912890	9a208	584aae0c2bb0	584aab072fe0	1	584f293a3332	584aa9b85010	7	7ffc5b094ce8	7ffc5b094b90	584aaa2a27f0	584aa9f14790	6437ed6f9d193407	189a5776364914b7	584aab072fe0	8000000000000002	584aaaf99480	9124
12.922847	9a1f6	584aaa076c90	584aab458e40	97f38	1	3a778	584aab458e40	7ffc5b096758	7ffc5b0965f0	0	584aaae8b280	584aaabb0050	7778d821ace0	584aab458e40	8000000000000002	584aaaf99480	32a68
12.932341	9a208	584aad526930	584aab464d80	1	584f2e658fd8	584aa9b85010	7	7ffc5b0958e8	7ffc5b095790	584aad8686a0	0	764200d5e4f3c02d	189a5776364914b7	584aab464d80	8000000000000002	584aab464d68	33260
12.946122	92762	79	7ffc5b09b7c0	3975b83458c62f23	7778d5285010	7778d5284fc8	0	7ffc5b08c508	7ffc5b08c3c0	8	0	59e3a6375d9156f	9a8f71e069b799a6	7ffc5b08c508	1	7ffff	20857
12.961304	1f2e31f503c2	31	ffffffffffffff50	8	8	584aaa681e90	584aaa681ea0	584aab020db0	7ffc5b097350	584aa9b85010	584aa9e47d90	584aad542ce0	1	5a62	7778d5284fc8	7ffc5b097410	1
12.972601	9a1f2	584aaa2bbdf0	584aaafff8b8	cc87	584aa9b85010	3b83e	584aaafff8b8	584aaafff8b8	7ffc5b097380	7778d5285010	0	3ded8d1528f41136	a75209f63e83347c	442d	7778d5284fc8	7ffc5b097410	0
12.978031	1f2e31f4ea86	584aadeb7500	7778d821ac80	584aaa39a350	7778d821ad10	7778d821ad00	1	28	7ffc5b097260	584aa9b85010	7778d821ac80	6	7	584aad987ee0	30	189a5776364914b7	11
12.989812	9a1f6	584aaa5fbf60	584aab47a680	9c240	0	3b83e	584aab47a680	584aab47a680	7ffc5b097380	0	584aaac87db0	11	7778d821ace0	340c0	7778d5284fc8	7ffc5b097410	2
12.997149	940bd	367c10515952a13c	0	c1d14754e4a440c2	8	7ffc5b097310	7ffc5b097318	2984	7ffc5b097300	8	0	cb52bc964a70a9b7	d5b89cd3e4a0e96	2984	8000000000000000	7ffc5b097310	7ffc5b097318
13.005545	1f2e31f503c2	31	ffffffffffffff50	8	8	584aa9fc10c0	584aa9fc10d0	584aab136a78	7ffc5b097350	7778d5285010	0	437bf25f794c51d2	21a09120f1101fd7	11395	7778d5284fc8	7ffc5b097410	3
13.016430	1f2e31f4c70f	584aaa682da0	584aae13a260	21	584aae0d07d0	584aaa682da0	584aae13a2a0	60	7ffc5b097170	584f2aa7e6aa	584aae0d0790	20	189a5776364914b7	7778d821aca0	7778d821ac80	584aae13a2c0	584aae13a
13.027999	9a208	584aace15d10	584aab4fe398	1	584aa9d5c	584aa9b85010	7	584aab4fe398	7ffc5b097380	584aa9d5c770	0	659de7e9b6a30f4a	189a5776364914b7	398a1	7778d5284fc8	7ffc5b097410	1
13.039953	9410e	0	0	1	0	7ffc5b090dd0	7ffc5b090dd8	7ffc5b090f68	7ffc5b090dc0	8	0	15275a9cd9f1d966	d616555afcc4d9c6	0	8000000000000000	7ffc5b090dd0	7ffc5b090dd8
13.049288	9a1f6	584aad53ccb0	584aab381ce0	7d10c	1	3b83e	584aab381ce0	7ffc5b096368	7ffc5b096210	8	0	869cb92095d19e54	5e97cc3a7a6224b8	584aab381ce0	8000000000000002	584aab381cb0	29b04
13.063610	940d4	0	1	0	0	7ffc5b0936e0	7ffc5b0936e8	7ffc5b0938a8	7ffc5b0936d0	8	0	ed83b1e557fc9d24	3b700ee5a8dd0822	0	8000000000000000	8000000000000001	8000000000000001
13.071322	9a1c4	584aad963c40	7ffc5b0968d8	584aad963c30	38	584aae186bc0	584aad963c40	7	7ffc5b096880	0	584aad963c40	584aae122690	7778d821ace0	7	584aad963c40	584aaa39f170	584aad884330
13.084714	9410e	0	2ae22	1	0	7ffc5b092f80	7ffc5b092f88	7ffc5b09b7c0	7ffc5b092f70	8	0	ed83b1e43434fe11	3b245b72fa2145a8	0	383d3	f0	7ffc5b092f80
13.091776	9a1f6	584aa9d897c0	584aab138848	33e79	1	3b83e	584aab138848	7ffc5b093e18	7ffc5b093cf0	8	0	f80b0f8c531f5847	1764b94d7e6e3842	584aab138848	8000000000000002	584aab138830	114d3
13.099868	1f2e31f4eeb4	40	7778d821ac80	20	584aa9d3a500	7778d821ad10	0	38	7ffc5b0931f0	0	0	504e6fa94f115ea8	7778d821ace0	ffffffffffffff88	40	584aa9b85010	2
13.113003	9a208	584aad01c120	584aab01ca00	1	584f2926716f	584aa9b85010	7	7ffc5b090088	7ffc5b08ff60	584aadf3f640	0	a62c18311c1016e5	189a5776364914b7	584aab01ca00	8000000000000002	584aab0fda30	5790
13.118681	93f62	7ffc5b093108	7ffc5b0932d8	1	8	7ffc5b093100	7ffc5b093108	7ffc5b0932d8	7ffc5b0930f0	a43d69101cbc9cb4	71481cd604c32870	d062fb8c3d9162ae	189a5776364914b7	584aab3eee80	8000000000000000	8000000000000001	8000000000000001
13.131755	98ec5	584aad4e1750	12116	8000000000000000	3f01	3b83e	41a84dd6f8600000	7ffc5b097201	7ffc5b08d1a0	f2	4	7ffc5b097340	8000000000000001	0	1	0	7ffc5b09b7c0
13.139623	99cfc	8000000000000001	7778d3ebe810	8000000000000001	8000000000000001	7778d3ebe801	7ffc5b08e008	2	7ffc5b08dea0	8	0	1b21f0126037a9dd	7ac770a4741fa409	7ffc5b08e008	ffffffffffd87309	7ffc5b08e008	8000000000000000
13.148489	9a1f6	584aad8ba7e0	584aab0d2800	27270	0	3d1de	584aab0d2800	584aab0d2800	7ffc5b097380	584aa9b85010	584aace137f0	7	7	d0d0	7778d5284fc8	7ffc5b097410	3
13.159099	99cfc	8000000000000001	7778d4747848	8000000000000001	8000000000000001	7778d4747801	7ffc5b097458	1	7ffc5b097370	8	0	fa0a1ee7fd63369f	9eb0e0afeb0bba15	2b6dd	7778d5284fc8	7ffc5b097458	8000000000000000
13.173065	99cfc	8000000000000001	7778d3ddf988	8000000000000001	8000000000000001	7778d3ddf901	7ffc5b097458	2	7ffc5b097370	8	0	a62c18311c142158	43ef6c9e2e6f7f84	3213a	7778d5284fc8	7ffc5b097458	8000000000000000
13.182158	1f2e31f503c2	41	ffffffffffffff50	8	8	584aade46fe0	584aade46ff0	584aab1664d8	7ffc5b097340	0	584aacdea660	11	7778d821ace0	13359	7778d5284fc8	7ffc5b097410	3
13.188693	1f2e31f503c2	30	ffffffffffffff50	1	584aadf43	584aaa9e4d30	584aaa9e4d40	584aab05d7b8	7ffc5b097360	584aadf43e70	0	4008bac191d13528	189a5776364914b7	82cd	7778d5284fc8	7ffc5b097410	0
13.199689	9aaca	584aadb74400	7ffc5b09b7c0	dd3d80	7778d5306010	3d1de	8000000000000001	374f6	7ffc5b097390	584aaace7180	584aae135e90	d43002f34ae89a2d	189a5776364914b7	374f6	584aab599490	7ffc5b097410	3
13.207824	9a1f2	584aaa0c5fd0	584aab3f5ea0	8b944	584aa9b85010	3d1de	584aab3f5ea0	584aab3f5ea0	7ffc5b097380	7778d5285010	0	7047d389ed564dad	fdde12f49b301ae0	2e86c	7778d5284fc8	7ffc5b097410	3
13.220028	9a1f6	584aade05b90	584aab46d5e8	9a82d	1	3d1de	584aab46d5e8	7ffc5b092318	7ffc5b0921f0	8	0	e2afdad10a6e796d	8eb3f8dbd9dd5b17	584aab46d5e8	8000000000000002	584aab46d5d0	3380f
13.233610	99cfc	8000000000000001	7778d3c6ddb8	8000000000000001	8000000000000001	7778d3c6dd01	7ffc5b0926a8	1	7ffc5b092540	8	0	63545b9ec51edeaa	49ed0bdd913c5304	7ffc5b0926a8	ffffffffffd3d1be	7ffc5b0926a8	8000000000000000
13.243939	92a5c	7778d5306010	7ffc5b09b7c0	285240	1	3d1de	7ffc5b096ad0	7ffc5b096bb8	7ffc5b096a60	8	0	168f155d43912cb	74c9e2cfc17e4da2	7778d558b250	8000000000000002	584aab04d198	a149
13.255988	9a208	584aa9fe72f0	584aab0689d8	1	584f284ee032	584aa9b85010	7	7ffc5b093948	7ffc5b0937f0	584aace42e40	584aaa137840	584aae0ec690	189a5776364914b7	584aab0689d8	8000000000000002	584aaaf99480	8a39
13.271082	9593d	f8f4bb8f284c5852	7ffc5b090d88	f41e7c7f51dcc991	30646971e2ddfa5c	b63901c69ea38f63	1000000000000000	7ffc5b09b7c0	7ffc5b090d80	8	0	e29f38fb5f0f17f3	745db5b336b6811f	2f684	0	f6	7ffc5b090d80
13.282467	98e74	584aaaf99480	0	da0933773b1e112f	584aa9fe1c60	3d1de	7	7ffc5b097201	7ffc5b0921e0	f6	4	7ffc5b097340	8000000000000001	0	1	27c0c	7ffc5b09b7c0
13.290349	9a1f6	584aaa24cca0	584aab4f8b18	abed3	1	3d1de	584aab4f8b18	7ffc5b08f218	7ffc5b08f0b0	0	584aade5b5a0	584aae13d8a0	7778d821ace0	584aab4f8b18	8000000000000002	584aaaf99480	394f1
13.297168	1f2e31f4f5c2	200	7778d821ac80	584aaab81670	7778d821ad60	5ffffe1c	0	38	7ffc5b08bf80	8	0	cb11fc774ecb81fa	7778d821ace0	ffffffffffffff88	40	91	2
13.305496	1f2e31f503c2	51	ffffffffffffff50	8	8	584aa9d36680	584aa9d36690	584aab4e7190	7ffc5b097340	7778d5285010	0	faeed34bbfeb9c20	66012410fbeeeabb	38936	7778d5284fc8	7ffc5b097410	4
13.311653	99c6c	2d11fd1cbea9953f	7ffc5b097458	b32d3dc740a42388	a95b54519f2daa6c	98f8b2e6ded922a3	2000000000000000	0	7ffc5b097310	8	0	54721c40a3627633	9232a2324991a427	3bc43	8000000000000000	7ffc5b097310	7ffc5b097318
13.319927	9adab	1	7ffc5b09b7c0	584aaa118650	584f2e145d9a	584aa9b85010	7	b69d	7ffc5b097390	584aad86a140	0	ef85755d9ad045ee	189a5776364914b7	3d1de	584aab599490	1	3
13.326258	92503	584aab599490	7ffc5b09b7c0	584f2966702a	584aadccdea0	55ac	7	8000000000000000	7ffc5b0974d0	584aaae8af00	584aaa6f24a0	243158ee9626a8f9	189a5776364914b7	f0800	3ff38	20000	584aadce7820
13.338983	9a208	584aaad02760	584aaafe79c0	9ca8	584aa9b85010	3d1de	584aaafe79c0	584aaafe79c0	7ffc5b097380	7778d5285010	0	6ca43d9ba15ea164	dca87eadfb573df2	3438	7778d5284fc8	7ffc5b097410	4
13.346994	1f2e31f503c2	41	ffffffffffffff50	8	8	584aaa0c9e70	584aaa0c9e80	584aab3f42e0	7ffc5b097340	0	584aae173420	584aae1734a0	7778d821ace0	2e744	7778d5284fc8	7ffc5b097410	3
13.359187	99cfc	8000000000000001	7778d4bbd5b8	8000000000000001	8000000000000001	7778d4bbd501	7ffc5b097458	1	7ffc5b097370	8	0	c98ec46fd874ada6	79ea3dee61ab1bf5	28ef7	7778d5284fc8	7ffc5b097458	8000000000000000
13.366775	1f2e31f4eed6	60	7778d821ac80	30	584aace4bd10	4da0000	1018	7778d821ad30	7ffc5b097260	0	0	584aace4bd70	7778d821ace0	ffffffffffffff88	30	584aa9b85010	1
13.372878	9552b	0	f8	7ffc5b0975d0	f8	0	7ffc5b09b7c0	7ffc5b09b7c0	7ffc5b094548	6301	0	e206810e90c48515	dca9af13092fece9	3091c	0	2a5c1	7ffc5b0975d0
13.380088	982c2	8000000000000001	7ffc5b092ce0	8000000000000001	1	7ffc5b092d88	7ffc5b092ce0	8000000000000000	7ffc5b092c10	8	0	4f25c6de368c6d62	b1e4c2ea99a2f3e7	584aab0d48a0	8000000000000001	584aaaf99480	7ffc5b092d88
13.391481	9a1f6	584aa9dc9120	584aab3a11f8	80faf	1	3d1de	584aab3a11f8	7ffc5b096418	7ffc5b0962f0	8	0	ef85755d9ad27ea5	a71fce6ea6d9d73a	584aab3a11f8	8000000000000002	584aab3a11e0	2afe5
13.406080	98e19	584aaaf99480	104a2	584aaaf99480	101	3d1de	14c55843a4cf4de9	7ffc5b097301	7ffc5b08e2c0	584aa9dc08f0	4	7ffc5b0974a0	8000000000000001	0	1	0	7ffc5b09b7c0
13.420507	95884	bb2b631002a9fdd6	f8	61420ad513d3226e	36e1c	52d78b47db74d03	c8440e7572da98a3	7ffc5b09b7c0	7ffc5b08ed20	a43d69101cbfeac2	71481cd604c32870	32a36cb23052e7c6	c8612b99901f26a6	0	2bbe2	f8	7ffc5b0975d0
13.432923	92d74	ffffffffffcb8078	7ffc5b09b7c0	4b	db1db2733d27e7b0	7778d5285010	fffffffffffa2ab8	7ffc5b094ed8	7ffc5b094d80	7778d5284fc8	0	c9d9ead4ed6f9dc5	44a3c2725705f6ad	0	5d538	5d548	d84a
13.444968	92762	7a	7ffc5b09b7c0	95114b8b30ee4425	7778d5285010	7778d5284fc8	0	7ffc5b090b78	7ffc5b090a20	8	0	82cf86936e1727ca	f2f6359d41d3bb6	7ffc5b090b78	7ffc5b097160	7ffff	6dd6d
13.450510	98dd4	584aaaf99480	0	584aab3d4a50	f00	3d1de	584aad808eb0	7ffc5b097201	7ffc5b0924e0	8000000000000000	0	7ffc5b097340	8000000000000001	0	1	2d23e	7ffc5b09b7c0
13.459782	98dd4	584aaaf99480	0	584aab479c78	3f00	3d1de	584aaacb6040	7ffc5b097301	7ffc5b091680	8000000000000000	0	7ffc5b0974a0	8000000000000001	0	1	34055	7ffc5b09b7c0
13.468246	9ab6d	2ca01	7ffc5b09b7c0	7ffff	7778d5285010	7	0	0	7ffc5b097390	8	0	f80b0f8c531c72ee	1749540cbbe802ed	2723a	7778d5284fc8	7ffc5b097410	2
13.480629	1f2e31f4ea65	584aaa162730	7778d821ac80	584aaaa9b240	7778d821ad10	7778d821ad00	1	28	7ffc5b097260	584aa9b85010	7778d821ac80	1	7	584aaab6aab0	30	584aaa4d9940	11
13.486801	1f2e31f4ea65	584aae150340	7778d821ac80	584aaa3a28b0	7778d821ad10	7778d821ad00	1	28	7ffc5b097260	584aa9b85010	7778d821ac80	5	7	584aaa2d0370	30	584aaa18b1c0	11
13.499218	99d34	c01	7778d3a1f910	8000000000000001	8000000000000001	7778d3a1f901	7ffc5b097400	1	7ffc5b097370	8	0	fab0b64272cdb187	8fbe2f6afdd9875	3b4b	7778d5284fc8	7ffc5b097458	8000000000000000
13.513836	9aaca	584aa9bfd1d0	7ffc5b09b7c0	71300	7778d5306010	3d1de	8000000000000001	0	7ffc5b097390	584aaa58d3a0	0	4bfc9e882201b41c	189a5776364914b7	1c4c	584aab599490	7ffc5b097410	1
13.522107	9a1f6	584aaa6e0cc0	584aab0b31b0	233a6	584aa9b85010	3d1de	584aab0b31b0	584aab0b31b0	7ffc5b097380	7778d5285010	0	926e9b30edb2e7aa	e75102e73df5d613	bbe2	7778d5284fc8	7ffc5b097410	2
13.537167	1f2e31f503c2	51	ffffffffffffff50	8	8	584aaa125a80	584aaa125a90	584aab3a9c70	7ffc5b097340	7778d5285010	0	7cb6024064eacf11	6c3d140c849e6d32	2b5aa	7778d5284fc8	7ffc5b097410	3
13.550543	9a1f6	584aaa799160	584aab10e980	2eaa0	1	3d1de	584aab10e980	7ffc5b0902c8	7ffc5b0901a0	8	0	4a110f6091634c4a	63bc0fe286e52312	584aab10e980	8000000000000002	584aaaf99480	f8e0
13.564337	92a5c	7778d5306010	7ffc5b09b7c0	39b640	1	3d1de	7ffc5b08c070	7ffc5b08c148	7ffc5b08c000	8	0	302bb752805ee6e4	801380b07bce0951	7778d56a1650	8000000000000002	584aab0571a0	e6d9
13.573940	1f2e31f4c70f	7778d821ad30	7778d821ac80	61	584aaa2c33e0	7778d821ad30	584aade92220	38	7ffc5b08d830	0	0	584aaa1c8640	7778d821ace0	20	40	60	2
13.584470	94057	13d73	7ffc5b092708	1	8	7ffc5b092570	7ffc5b092578	7ffc5b092708	7ffc5b092560	0	0	dd475fa14ff87626	e2bc386f8b7d7ec4	13d73	8000000000000000	7ffc5b092570	7ffc5b092578
13.598090	943e1	0	0	81	584aad967aa0	2a5f3	7ffc5b09b7c0	2a5f3	7ffc5b090058	7ffc5b097160	40	7ffc5b0970b0	1c4160d52dc63104	7ffc5b09b7c0	7ffc5b097160	81	40
13.605973	9410e	0	0	1	0	7ffc5b08eec0	7ffc5b08eec8	7ffc5b08f088	7ffc5b08eeb0	8	0	8e87f3cb15926962	b24366179469f115	0	8000000000000000	7ffc5b08eec0	7ffc5b08eec8
13.613391	92762	e	7ffc5b09b7c0	cb6e48e4ebe7587b	7778d5285010	7778d5284fc8	0	7ffc5b090648	7ffc5b090500	8	0	7cec254425c31e82	deee08db71e7bc19	7ffc5b090648	1	7ffff	791e6
13.621418	99cfc	8000000000000001	7778d49fc0f8	8000000000000001	8000000000000001	7778d49fc001	7ffc5b097458	1	7ffc5b097370	8	0	332dac5676ffe594	57b2c8183ac77ea5	5723	7778d5284fc8	7ffc5b097458	8000000000000000
13.627238	99cfc	8000000000000001	7778d3c06180	8000000000000001	8000000000000001	7778d3c06101	7ffc5b097458	2	7ffc5b097370	8	0	ef85755d9ad27545	a71ef26f53b9ce5a	d796	7778d5284fc8	7ffc5b097458	8000000000000000
13.636320	9a1f6	584aaa62a6a0	584aab11a518	30213	584aa9b85010	3d1de	584aab11a518	584aab11a518	7ffc5b097380	7778d5285010	0	8be3787574f09fb8	6616e75a37e8e3d7	100b1	7778d5284fc8	7ffc5b097410	2
13.649794	99cfc	8000000000000001	7778d3a787e8	8000000000000001	8000000000000001	7778d3a78701	7ffc5b097458	4	7ffc5b097370	8	0	5843a310dd4914b	8d363dc1618723fa	25f14	7778d5284fc8	7ffc5b097458	8000000000000000
13.655038	9a208	584aa9c23860	584aaafa4340	1	584aace14	584aa9b85010	7	584aaafa4340	7ffc5b097380	584aace14510	0	d5ab7fdb669b2ee0	189a5776364914b7	748	7778d5284fc8	7ffc5b097410	1
13.669858	1f2e31f4eed6	40	7778d821ac80	30	584aaac19fc0	4da0000	256c	7778d821ad10	7ffc5b097160	0	0	584aaac1a000	7778d821ace0	ffffffffffffff88	30	584aa9b85010	1
13.675528	92832	2951f	7ffc5b09b7c0	584aaaf99480	7778d5285010	3d1de	16071	7ffc5b097078	7ffc5b096f20	8	0	fd3fff40a693d1	28eb6270b7e52f55	7ffc5b097078	8000000000000001	7ffff	224a4
13.681772	98e74	584aaaf99480	0	2000200040200a0	584aa9ccca90	3d1de	7	7ffc5b097401	7ffc5b097120	11	4	584aa9e6e9c0	8000000000000001	0	1	27f0d	7ffc5b09b7c0
13.694723	1f2e31f4c81c	7778d821ace0	584aaa4812b0	30	584aaa573c50	7778d821b4b0	7778d821ac80	40	7ffc5b097450	584f2eee8631	584aaa4422b0	30	189a5776364914b7	7778d821aca0	7778d821ac80	584aaa4812f0	584aaa481
13.699947	98dff	584aaaf99480	2ddbd	584aaaf99480	1	3d1de	584aaac2b260	7ffc5b097401	7ffc5b097120	8000000000000000	0	584aa9c73800	8000000000000001	0	1	0	7ffc5b09b7c0
13.706260	9adab	0	7ffc5b09b7c0	584aac62c6a0	584f295eda60	584aa9b85010	7	10446	7ffc5b097390	584aace10fd0	584aa9d436f0	554d756d68a957c4	189a5776364914b7	3d1de	584aab599490	0	1
13.720016	92762	40	7ffc5b09b7c0	f9514a43d5c36ce2	7778d5285010	7778d5284fc8	0	7ffc5b095f68	7ffc5b095e10	8	0	9d182915c8c3b0a8	4a5f2508658380de	7ffc5b095f68	c3c4	7ffff	31c36
13.729564	92762	26	7ffc5b09b7c0	830927838516344b	7778d5285010	7778d5284fc8	0	7ffc5b097168	7ffc5b097020	8	0	554af1e84556522a	2b0814bae01ca440	7ffc5b097168	1	7ffff	5ca79
13.742033	1f2e31f4ef07	40	7778d821ac80	30	584aad8ab050	584aa9f43db0	204	7778d821ad10	7ffc5b096aa0	0	0	584aad8ab090	7778d821ace0	ffffffffffffff88	30	584aa9b85010	1
13.747321	92a5c	7778d5306010	7ffc5b09b7c0	bc5640	1	3d1de	7ffc5b096df0	7ffc5b096ed8	7ffc5b096d80	8	0	be0486c007287475	92b5c9b96aabd7f0	7778d5ecb650	8000000000000002	584aaaf99480	2f159
13.757931	1f2e31f4c70f	7778d821ad10	7778d821ac80	41	584aade4a1c0	7778d821ad10	584aaa528a00	28	7ffc5b097250	7778d5285010	0	76468746d299a26a	7778d821ace0	10	30	40	1
13.768156	1f2e31f4c70f	7778d821ad10	7778d821ac80	41	584aaae08060	7778d821ad10	584aaa322290	28	7ffc5b097250	7778d5285010	0	2746c962d9aab112	7778d821ace0	10	30	40	1
13.775962	9a208	584aa9ee13e0	584aab4390d0	1	584f2943c457	584aa9b85010	7	7ffc5b094be8	7ffc5b094a80	584aadee7320	0	c5d8b1ea4ba0d754	189a5776364914b7	584aab4390d0	8000000000000002	584aab426578	3152e
13.787400	9a1f8	584aae0f8300	584aab47e4c0	9ca08	0	3d1de	584aab47e4c0	584aab47e4c0	7ffc5b097380	7778d5285010	584aaa3c0ba0	6e6bca29e65c14ba	7778d821ace0	34358	7778d5284fc8	7ffc5b097410	3
13.795828	1f2e31f4c709	584aa9bfd9f0	584aad9434e0	61	584aaa1f1610	584aa9bfd9f0	584aad943510	90	7ffc5b0973e0	584f2ea6d613	584aaa0c0f50	60	ffffffffffffc210	7778d821ac98	7778d821ac80	584aad943570	584aad943
13.807074	92d74	ffffffffffe57281	7ffc5b09b7c0	26	8d46f502ed2922f6	7778d5285010	fffffffffffd0cb9	7ffc5b097078	7ffc5b096f20	7778d5284fc8	10	14481d30ee13afa	14b7647ff8d6a115	0	2f337	2f356	26d2b
13.816187	9a1f6	584aace2c300	584aab42d070	9277e	1	3d1de	584aab42d070	7ffc5b096378	7ffc5b096210	8	0	80594a3d89724218	20c9bbdd577d50f2	584aab42d070	8000000000000002	584aab42d058	30d2a
13.822374	9aaca	584aade4bf80	7ffc5b09b7c0	118a00	7778d5306010	3d1de	8000000000000001	1c1d	7ffc5b097390	584aae438ad0	0	6261c2b8ba34c802	189a5776364914b7	4628	584aab599490	7ffc5b097410	3
13.833247	99cfc	8000000000000001	7778d48d5d20	8000000000000001	8000000000000001	7778d48d5d01	7ffc5b097458	1	7ffc5b097370	8	0	c9d9ead4ed6fdb4f	44da713b21682b27	30841	7778d5284fc8	7ffc5b097458	8000000000000000
13.839244	9a1c8	584aaaa870a0	7ffc5b094c48	3	38	584aade00640	584aaaa870a0	7	7ffc5b094bf0	8	0	636b360b63a7d991	5da9ff30ff040c66	7	584aaaa870a0	584aae0f4010	584aaaefff80
13.851893	9a208	584aadf8fa40	584aab4793d8	1	584f2ef6de7e	584aa9b85010	7	584aab4793d8	7ffc5b097380	584aadf7edf0	0	d485a475e27579a9	189a5776364914b7	33ff9	7778d5284fc8	7ffc5b097410	4
13.857882	99a99	0	7ffc5b097458	1	0	7ffc5b097310	7ffc5b097318	2b08	7ffc5b097310	8	0	ed83b1e557fc9d24	3b700ee5a8dd0822	312e4	8000000000000000	8000000000000001	8000000000000001
13.872314	1f2e31f4c6e9	40	7778d821ac80	41	7778d821ad10	7ffffffc	584aaac3e460	28	7ffc5b097250	7778d5285010	0	8bc88d21469ed40f	7778d821ace0	10	30	40	1
13.879941	1f2e31f501ec	584aaa1eb080	ffffffffffffff88	0	584aa9b85010	0	11	28	7ffc5b097330	7778d5285010	0	da0e4fa48fd20c41	f5847f273dfb8c3d	1	7778d5284fc8	7ffc5b097410	4
13.892189	9a208	584aac687590	584aab032f30	1	584f293cef41	584aa9b85010	7	7ffc5b096038	7ffc5b095ed0	584aaa681c60	0	ef85755d9ad38811	189a5776364914b7	584aab032f30	8000000000000002	584aab4b1040	6672
13.902249	927f0	0	7ffc5b09b7c0	b4f41c4ebeb92b0	7778d5285010	7778d5284fc8	0	7ffc5b095408	7ffc5b0952b0	8	0	ee0addeed5d3bed4	64271ded305a433f	7ffc5b095408	0	7ffff	4abba
13.915329	9a1f6	584aaa5473c0	584aab35f390	78be2	1	3d1de	584aab35f390	7ffc5b096f28	7ffc5b096dd0	8	0	be262fcbd355660c	5f2ccdccbe569eaf	584aab35f390	8000000000000002	584aab14a908	283f6
13.922609	99cfc	8000000000000001	7778d4356690	8000000000000001	8000000000000001	7778d4356601	7ffc5b097458	1	7ffc5b097370	8	0	9d6468d25d22c628	4018593bb672afc8	2de0c	7778d5284fc8	7ffc5b097458	8000000000000000
13.934455	1f2e31f4ef07	40	7778d821ac80	30	584aaac912b0	584aaa0ae950	774	7778d821ad10	7ffc5b096ed0	0	0	584aaac912f0	7778d821ace0	ffffffffffffff88	440	584aa9b85010	42
13.942527	99cfc	8000000000000001	7778d3697788	8000000000000001	8000000000000001	7778d3697701	7ffc5b097458	1	7ffc5b097370	8	0	907f44fceeedcaa2	46787203818442b1	325b6	7778d5284fc8	7ffc5b097458	8000000000000000
13.954096	1f2e31f4d675	41	ffffffffffffff50	1	41	584aaae9ace0	7778d821ac80	0	7ffc5b096a70	584aae153290	0	7692c8a47ccae831	189a5776364914b7	584aab43a0a8	0	584aaaf99480	315d7
13.969266	97ff8	68	7ffc5b097500	584aadbc9760	7ff	584aadbc9750	0	40	7ffc5b093f60	0	0	ed83b1e449d12c45	3b0375a58d6b6de7	51	7ffc5b09b7c0	3974c	51
13.975335	1f2e31f503c2	41	ffffffffffffff50	1	584aaac78	584aaad8d7f0	584aaad8d800	7ffc5b094a48	7ffc5b0948c0	584aaac78870	0	fba539191f7796fc	189a5776364914b7	584aab35bfd0	8000000000000002	584aab0d7f90	281ce
13.982460	1f2e3204b891	584aa9d436f0	7ffc5b093248	3	38	584aa9d30250	584aa9d436f0	7	7ffc5b0931e8	8	0	63599445dabb5923	62d6aa81fd741130	7	584aa9d436f0	584aaa173430	584aa9d7cf30
13.994473	92a5c	7778d5306010	7ffc5b09b7c0	cd6680	1	3d1de	7ffc5b095320	7ffc5b095408	7ffc5b0952b0	8	0	eef4ffa6d52ae229	10460e002dcdc325	7778d5fdc690	8000000000000002	584aaaf99480	3359a
14.005448	9adab	0	7ffc5b09b7c0	584aa9d730f0	584aa9ed0	584aa9b85010	7	d230	7ffc5b097390	584aa9ed0d10	584aadef2870	4a783e955d28d5a0	189a5776364914b7	3d1de	584aab599490	0	3
14.011917	92d74	fffffffffffca06c	7ffc5b09b7c0	32	dfb65424ea32bcae	7778d5285010	ffffffffffffa00c	7ffc5b0943c8	7ffc5b094270	7778d5284fc8	0	3bfc122233f6493b	b306c1eee80d2ab7	0	5fe4	5ff3	2fdff
14.018076	99cfc	8000000000000001	7778d2fa9c00	8000000000000001	8000000000000001	7778d2fa9c01	7ffc5b097458	1	7ffc5b097370	8	0	4945d58b08a153f8	54016804eab329cd	38f6c	7778d5284fc8	7ffc5b097458	8000000000000000
14.032735	93f6a	3398a	7ffc5b097458	1	8	7ffc5b097310	7ffc5b097318	0	7ffc5b097300	8	0	dd475fa14ff876ac	e2bc2b2ff8477f6e	f7cd	8000000000000000	7ffc5b097310	7ffc5b097318
14.042226	9855c	584aadbb5110	315ea	4d	1ff	0	584aadbb5100	4a	7ffc5b0937d0	30	0	0	3b261ec2791e4940	178	315ea	2bde0	7ffc5b097500
14.055758	9adab	1	7ffc5b09b7c0	584aaaa81a10	584f292c3807	584aa9b85010	7	1d42	7ffc5b097390	584aaa707250	584aaa448070	80e82dc397970ea8	189a5776364914b7	3d1de	584aab599490	1	1
14.069504	9ab6d	68a0d	7ffc5b09b7c0	7ffff	7778d5285010	6f	0	8ced	7ffc5b097390	8	0	9fe0ca4a97faa3	4eb0bcd11d35a9d8	8ced	7778d5284fc8	7ffc5b097410	2
14.084584	97f4b	0	7ffc5b097500	7ffc5b097500	5a	37ca0	7ffc5b09b7c0	b	7ffc5b096b38	f998	0	ed83b1e43c8b5542	3b718b55fe08fece	5a	14f	14f	7ffc5b09b7c0
14.096562	93557	8000000000000002	7ffc5b097500	584aadbb9330	3734c0	3d1de	7778d5306010	28	7ffc5b0952d0	14f	0	ed83b1e43c8a00f0	3b6a38ceb88f2a5d	8000000000000001	7ffc5b09b7c0	dcd3	5d
14.103653	1f2e31f4c862	584aa9e00dc0	584aaa4cb0a0	50	41	584aa9e00dc0	584aace98d30	40	7ffc5b097450	584f2ee61918	584aaa4cb0a0	50	189a5776364914b7	7778d821aca0	7778d821ac80	584aaa9b8d50	584aaa9b8
14.111555	98564	584aadbc1750	13b9b	69	7ff	f1e79ed9af2efb2	584aadbc1740	46	7ffc5b093b10	0	0	ed83b1e43cb643a2	3b1228fb524fea97	4a2	13b9b	31c51	7ffc5b097500
14.123444	9a208	584aade978a0	584aab437768	1	584aaad5c	584aa9b85010	7	7ffc5b096928	7ffc5b0967c0	584aaad5c650	0	7725c68dccdb1e78	189a5776364914b7	584aab437768	8000000000000002	584aab070670	3141f
14.134232	9aafa	584aad4e18b0	7ffc5b09b7c0	3b7fa7966f068fdf	7778d5e47bd0	8000000000000002	8000000000000001	2d06f	7ffc5b097390	584aad51f550	0	598bb02358fe6b87	189a5776364914b7	2d06f	584aab599490	7ffc5b097410	2
14.148845	9aafa	584aaad18720	7ffc5b09b7c0	3b16ff3b7ca8f50e	7778d56dcc10	8000000000000002	8000000000000001	0	7ffc5b097390	584aa9e7d870	0	3078a45e4939b23f	189a5776364914b7	f5b0	584aab599490	7ffc5b097410	1
14.160204	93557	8000000000000002	7ffc5b097500	584aadbc2870	a00900	3d1de	7778d5306010	49	7ffc5b093800	7cd	0	ed83b1e43cecd47f	3b21a61243627f7e	8000000000000001	7ffc5b09b7c0	28024	61
14.173376	1f2e31f4d6fb	ffffffffffffff88	30	1	0	584aa9b85010	7	584aad86e3f0	7ffc5b0972e0	584aad86e400	584aaac6fbc0	76b2f9a8f04d3d19	189a5776364914b7	7778d821ac80	0	7ffc5b097410	2
14.182626	1f2e31f4c70f	7778d821ad10	7778d821ac80	41	584aaa702770	7778d821ad10	584aaa169c30	28	7ffc5b097250	7778d5285010	0	62eeffd1ec88ff34	7778d821ace0	10	30	40	1
14.195584	982da	8000000000000001	7ffc5b093d08	8000000000000001	d3ec0	7778d53d9ed0	7ffc5b093d08	8000000000000000	7ffc5b093c90	7fff	0	ed83b1e4332361d6	3b773c8a1e54c26e	8000000000000001	7ffc5b09b7c0	34fb	7778d53d9ed0
14.210157	94075	1c6d6de5167dae0e	1	a43d69101cbc9cb4	8	7ffc5b095cc0	7ffc5b095cc8	7ffc5b095e98	7ffc5b095cb0	0	0	61420ad513d3226e	71481cd604c32871	584aab3c5a38	8000000000000000	8000000000000001	8000000000000001
14.215331	92dc6	96bf	7ffc5b09b7c0	35	2a661b6b6aebc6f	7778d5285010	fffffffffff8a310	7ffc5b0929c8	7ffc5b092938	7778d5284fc8	0	f575c9611fb240d2	afe79c4b05223585	0	75ce0	361	96bf
14.223618	92a5c	7778d5306010	7ffc5b09b7c0	a515c0	584aa9b85010	3d1de	7ffc5b096ec0	7ffc5b096fa8	7ffc5b096e50	584aa9cbe580	4	3491a0a8e65d0929	e2529358e3e24add	7778d5d575d0	8000000000000002	584aaafb5a58	29457
14.230254	9829c	d5ff4f0360636f6d	7ffc5b097500	cb8f1f0dae2bf0cd	b4874be564bf844b	f8648320529398cb	800000000000000	33	7ffc5b0949e8	8	0	ed83b1e433695dcf	3b71a306e901fe10	67	7ffc5b09b7c0	0	67
14.236049	9a1f2	584aaab9a9d0	584aab411398	8efe3	584aa9b85010	3d1de	584aab411398	584aab411398	7ffc5b097380	7778d5285010	0	26fce86ba928d1f7	a0f8f1f166666610	2faa1	7778d5284fc8	7ffc5b097410	5
14.248057	1f2e31f4c842	584aa9f957d0	584aa9f9ebb0	30	40	584aa9f957d0	584aaa1f3cf0	40	7ffc5b097450	584f2aeeb9be	584aae442620	30	189a5776364914b7	7778d821aca0	7778d821ac80	584aa9f9ebf0	584aa9f9e
14.259028	92d74	ffffffffffbdf391	7ffc5b09b7c0	7f	272c156b57f30474	7778d5285010	fffffffffff8a949	7ffc5b092688	7ffc5b092530	7778d5284fc8	0	7d39a80a9019a6d8	fd8867ade282963	0	756a7	756b7	2bb9f
14.268523	981db	d544f4038c3089d	7ffc5b094478	336d84c5295b1d38	7b68c9313e87d52d	c7220d0e9c1872bd	800000000000000	584aadbd5420	7ffc5b094470	8	0	ed83b1e433883226	3b6d84c5295b1d38	ffff8000	d0	df	584aadbe5b70
14.277450	9a1f6	584aaa3050a0	584aab357800	77c70	1	3d1de	584aab357800	7ffc5b0954d8	7ffc5b095370	8	0	9863adafaf800ff	8a5eb396e5a0700b	584aab357800	8000000000000002	584aaafd96e0	27ed0
14.291194	9a1f6	584aace3bb40	584aab13b470	343fe	1	3d1de	584aab13b470	7ffc5b093868	7ffc5b093700	8	0	59261204f8db876f	8184228fde9ff78a	584aab13b470	8000000000000002	584aaaf99480	116aa
14.305208	9aaca	584aaa74e290	7ffc5b09b7c0	227f80	7778d5306010	3d1de	8000000000000001	89fe	7ffc5b097390	584aade5a9d0	584aaacfd620	c9d9ead4ed6e4f5c	189a5776364914b7	89fe	584aab599490	7ffc5b097410	2
14.316533	9408a	7137be3b1c85be04	0	ed32a3ec3c100147	8	7ffc5b093010	7ffc5b093018	7ffc5b0931e8	7ffc5b093000	0	0	f77197fb7ffa2593	ce1d526b433ee3fb	6f	8000000000000000	7ffc5b093010	7ffc5b093018
14.323584	1f2e31f4c896	584aac2b8230	584aaa3be920	41	41	584aac2b8230	584aac658d10	40	7ffc5b097450	584f2a94bbae	584f2a94bbae	50	189a5776364914b7	7778d821aca0	7778d821ac80	584aaa3be960	584aaa3be
14.333829	9a826	584aaab04270	584aaab04270	1	584f2d7b2f82	584aa9b85010	8000000000000000	7ffc5b091cc8	7ffc5b091b60	584aae1725b0	0	80ed8dd711986af6	189a5776364914b7	584aab4259a8	8000000000000002	584aaaf99480	30837
14.341417	94072	bb2b631002aa8ba0	1	a43d69101cbc9cb4	8	7ffc5b0946d0	7ffc5b0946d8	7ffc5b0948a8	7ffc5b0946c0	0	0	61420ad513d3226e	71481cd604c32871	584aab460100	8000000000000000	8000000000000001	8000000000000001
14.356144	9a1f2	584aaa67a460	584aab174ff8	3b76f	584aa9b85010	3d1de	584aab174ff8	584aab174ff8	7ffc5b097380	7778d5285010	0	9d0e7f33662bdd6e	5c2e033d7d8f68d6	13d25	7778d5284fc8	7ffc5b097410	3
14.370312	1f2e31f503c2	41	ffffffffffffff50	8	8	584aa9e936e0	584aa9e936f0	584aab0f4f58	7ffc5b097340	7778d5285010	584aaa4778c0	43621512f9088860	7778d821ace0	e7c9	7778d5284fc8	7ffc5b097410	4
14.380380	9aaca	584aaa01f7b0	7ffc5b09b7c0	22c2c0	7778d5306010	3d1de	8000000000000001	0	7ffc5b097390	584aad872090	584aac2d4010	9d16ff6b6846a056	189a5776364914b7	8b0b	584aab599490	7ffc5b097410	1
14.389776	9a208	584aaaa066a0	584aab0ab278	1	584aad8fe	584aa9b85010	7	584aab0ab278	7ffc5b097380	584aad8fe4b0	0	d06656d31ec71406	189a5776364914b7	b695	7778d5284fc8	7ffc5b097410	2
14.402421	1f2e31f4c70f	7778d821ad10	7778d821ac80	41	584aa9ca2e80	7778d821ad10	584aaa9c8540	28	7ffc5b097250	7778d5285010	0	764200d5e4ec3dd6	7778d821ace0	10	30	40	1
14.409056	1f2e31f501f0	584aaa339d40	ffffffffffffff88	1	584aa9b85010	584aaac6a770	11	28	7ffc5b097330	7778d5285010	0	b7f5ad1dcc3a43	81ba8151e0d79eae	1	7778d5284fc8	7ffc5b097410	5
14.418865	1f2e31f4c862	584aaa8d4700	584aa9c02890	30	41	584aaa8d4700	584aa9e89f80	40	7ffc5b097450	584f2d6a8ce6	584aa9c02890	30	189a5776364914b7	7778d821aca0	7778d821ac80	584aaa476530	584aaa476
14.431898	93557	8000000000000002	7ffc5b097500	584aadbc1340	b43040	3d1de	7778d5306010	47	7ffc5b0939a0	e9	0	ed83b1e43e7204b0	3b2bbdfd237f2eec	8000000000000001	7ffc5b09b7c0	2d0c1	76
14.437993	1f2e31f4d879	861	440	42	6c60	0	7778d821ac80	584aadbb06c0	7ffc5b097020	8	0	b7c78b63b5ee98e3	8244aea60f830adf	7778d821ac80	0	584aadbb0b00	860
14.451569	92a5c	7778d5306010	7ffc5b09b7c0	503bc0	1	3d1de	7ffc5b0928e0	7ffc5b0929c8	7ffc5b092870	8	0	f5773a5ddc29f22a	3e99a7795bed899e	7778d5809bd0	8000000000000002	584aaaf99480	140ef
14.465362	9ac7a	39d45	7ffc5b09b7c0	39d35	f7e7	bfde	7ffc5b09001f	1	7ffc5b097390	7778d5285010	0	598bb02358fc0ab7	7002bfc621e090d	9325	7778d5284fc8	1cea28	3
14.477783	98a8c	a0	2e	584aadbb0a20	312ae	39	c8440e7572da9d4d	584aadbb0ad0	7ffc5b093be0	8	0	ed83b1e43eadcb20	3b01d971d7a2731e	fffffc00	0	a	584aadbb1330
14.488967	9a1f6	584aa9c13cb0	584aab3b2070	8317e	1	3d1de	584aab3b2070	7ffc5b095338	7ffc5b0951d0	8	0	b40f3ff5004f1057	49bdc5bf26bfe4e5	584aab3b2070	8000000000000002	584aaaf99480	2bb2a
14.495463	99a8c	7ffc5b096278	7ffc5b096448	1	61420ad513d3226e	7ffc5b096270	c8440e7572d9eed5	7ffc5b096448	7ffc5b096270	a43d69101cbc9cb4	71481cd604c32870	da3fe1c32f1193eb	189a5776364914b7	584aab3b1bc0	8000000000000000	8000000000000001	8000000000000001
14.505826	92a5c	7778d5306010	7ffc5b09b7c0	3ce00	1	3d1de	7ffc5b093e00	7ffc5b093ee8	7ffc5b093d90	8	0	d55b215a1f3c067c	ca12cfc5ad62aea7	7778d5342e10	8000000000000002	584aaaff68a0	f38
14.513236	9a208	584aaa078ab0	584aab01bf08	1	584f292c9be1	584aa9b85010	7	7ffc5b093a08	7ffc5b0938a0	584aadfa1d40	0	304cffb575829950	189a5776364914b7	584aab01bf08	8000000000000002	584aab1124d8	571b
14.526604	1f2e31f503c2	31	ffffffffffffff50	8	8	584aa9c7f100	584aa9c7f110	584aab4a1e48	7ffc5b097350	7778d5285010	0	9d06a4fd4a63050a	395748b1971af3e7	35b13	7778d5284fc8	7ffc5b097410	2
14.533802	1f2e31f4d721	31	40	2	7	584aa9b85010	7	584aa9da3ed0	7ffc5b0972d0	584aa9da3ee0	0	eb9d4126783c89ce	189a5776364914b7	7778d821ac80	0	584aa9da3f10	0
14.541408	92762	50	7ffc5b09b7c0	fcb0c521f1b7f63	7778d5285010	7778d5284fc8	0	7ffc5b091718	7ffc5b0915c0	8	0	82d4c5730f5dd738	a5e6eff399faedb	7ffc5b091718	0	7ffff	6628b
14.547216	9a1f2	584aa9d4d190	584aab1a9f30	42156	584aa9b85010	3d1de	584aab1a9f30	584aab1a9f30	7ffc5b097380	7778d5285010	0	3fd2cc3188a1a3fb	92bf208b42495d60	16072	7778d5284fc8	7ffc5b097410	5
14.555304	981b0	0	7ffc5b094f48	1	0	7ffc5b094f40	7ffc5b094f48	2c	7ffc5b094f40	8	0	ed83b1e43f0f5785	3b71a5f7fee1fed9	7f	7ffc5b09b7c0	0	7f
14.567759	9ab6d	38386	7ffc5b09b7c0	7ffff	7778d5285010	57	0	160af	7ffc5b097390	8	0	b1d6b8627221484d	afef5573ef097df3	160af	7778d5284fc8	7ffc5b097410	2
14.582672	1f2e31f503db	31	ffffffffffffff50	584f2d4e1dd2	ffffffffffffff88	584aacde4660	584aacde4670	0	7ffc5b097350	584aaa522c70	584aa9f6abe0	3273abbbbca8b594	189a5776364914b7	9244	7778d5284fc8	7ffc5b097410	0
14.595758	9a1c8	584aaa483990	7ffc5b092d68	0	38	584aaac3c610	584aaa483990	7	7ffc5b092d10	8	0	5a2d39ffa9282565	892abc5a7ad0524d	7	584aaa483990	584aaa853fa0	584aa9d539b0
14.604602	9a208	584aaa634db0	584aab445c40	958f8	584aa9b85010	3d1de	584aab445c40	584aab445c40	7ffc5b097380	7778d5285010	0	3dbb44c29ebd2672	a6f2c7a546a45017	31da8	7778d5284fc8	7ffc5b097410	4
14.619084	928c9	36b00	7ffc5b09b7c0	584aaaf99480	0	3d1de	0	7ffc5b0947d8	7ffc5b094680	8	0	34e9d4588e54d57	f05404d0f493a622	584aaaf99480	8000000000000001	584aab14ed78	584aaa07cba0
14.626427	99cfc	8000000000000001	7778d2f29218	8000000000000001	8000000000000001	7778d2f29201	7ffc5b097458	1	7ffc5b097370	8	0	f64d3d3d49af1993	4b96294b3544b754	37ec	7778d5284fc8	7ffc5b097458	8000000000000000
14.635683	1f2e31f4ee12	1	7778d821ac80	18	7778d821ad10	7778d821ad00	5b	28	7ffc5b097260	7778d5285010	0	ef85755d9ad391c0	a72b621950d8b1d7	ffffffffffffff88	30	3	1
14.643025	928d3	584aaaca7a70	7ffc5b09b7c0	584aaaf99480	0	3d1de	0	7ffc5b096b98	7ffc5b096a40	8	0	bb2520eae5f6ec3	5d58dfe9f026d61a	584aaaf99480	8000000000000001	584aab066698	584aad040e00
14.655506	92a5c	7778d5306010	7ffc5b09b7c0	df01c0	1	3d1de	7ffc5b090ba0	7ffc5b090c88	7ffc5b090b30	8	0	84cc98ed5334cccc	6003ae6ab39f8dea	7778d60f61d0	8000000000000002	584aaaf99480	37c07
14.662735	9a1f6	584aade79960	584aaafe42b8	95c7	0	3d1de	584aaafe42b8	584aaafe42b8	7ffc5b097380	0	584aa9c4b6a0	584aaaca6b60	7778d821ace0	31ed	7778d5284fc8	7ffc5b097410	3
14.675793	9a1f2	584aaa1322c0	584aab141cb0	35106	584aa9b85010	3d1de	584aab141cb0	584aab141cb0	7ffc5b097380	7778d5285010	0	34611f1b8f4ff6a4	472dc80c1a54d8ad	11b02	7778d5284fc8	7ffc5b097410	0
14.684599	99cfc	8000000000000001	7778d4494c90	8000000000000001	8000000000000001	7778d4494c01	7ffc5b097458	1	7ffc5b097370	8	0	cd6461a446c0c27e	a38a80283a35f6a4	289cf	7778d5284fc8	7ffc5b097458	8000000000000000
14.690260	1f2e31f4c862	584aad51ed70	584aaa437540	30	41	584aad51ed70	584aaac1d430	40	7ffc5b097450	584f2ee9d55d	584aaa437540	30	189a5776364914b7	7778d821aca0	7778d821ac80	584aaa01d440	584aaa01d
14.702702	92a5c	7778d5306010	7ffc5b09b7c0	aae980	1	3d1de	7ffc5b096b80	7ffc5b096c68	7ffc5b096b10	8	0	762dd2b566b4dd53	ece88f0dc055d817	7778d5db4990	8000000000000002	584aaaf99480	2aba6
14.715895	92cf5	0	7ffc5b09b7c0	10	88b8f0cf3bc19097	7778d5285010	5b105	7ffc5b096788	7ffc5b096630	7778d5284fc8	10	86d7a1b2d1757966	11aee50423a8c6d5	0	7ffff	5b114	23537
14.728810	9a84c	8000000000000000	584aa9d290c0	30531	1	3d1de	8000000000000000	7ffc5b090e28	7ffc5b090cb0	8	0	db6517ab06176651	7dc7aa95c552f62e	584aab11be08	8000000000000002	584aaaf99480	101bb
14.739466	98002	27b	7ffc5b097500	584aadbd1f70	fff	584aadbd1f60	0	7a	7ffc5b091040	0	0	ed83b1e43dd83017	3b2cdd7cbf160580	8b	7ffc5b09b7c0	2ebf8	8b
14.744935	9adab	0	7ffc5b09b7c0	584aaa39e3c0	584aadb46	584aa9b85010	7	861	7ffc5b097390	584aadb460b0	584aaa024740	6d35bac1386fce74	189a5776364914b7	3d1de	584aab599490	0	4
14.758424	1f2e31f4c896	584aaa74cdd0	584aaa8cf090	31	41	584aaa74cdd0	584aaac6bd30	40	7ffc5b097450	584f2e97835f	584f2e97835f	30	189a5776364914b7	7778d821aca0	7778d821ac80	584aaa8cf0d0	584aaa8cf
14.773513	92d74	fffffffffffdb724	7ffc5b09b7c0	5	b89e3ddeba900625	7778d5285010	ffffffffffffbf04	7ffc5b090c88	7ffc5b090b30	7778d5284fc8	20	84e64cb0cfb92d04	fd37894665d291e1	0	40ec	412c	2f21d
14.782894	93557	8000000000000002	7ffc5b097500	584aadbd1760	9b1ac0	3d1de	7778d5306010	d	7ffc5b0968c0	1140	0	ed83b1e43e3eb01a	3b3c2f5ddee69abc	8000000000000001	7ffc5b09b7c0	26c6b	8c
14.790629	1f2e31f503c2	31	ffffffffffffff50	41463	1	584aadc8a8b0	584aadc8a8c0	7ffc5b093458	7ffc5b0932c0	8	0	78bb950996b539a	89153bcbaf4a7618	584aab1a3798	8000000000000002	584aab4a8bc8	15c21
14.802715	9802e	7778d5f27810	7ffc5b097500	47	c21800	3d1de	7778d5f27810	44	7ffc5b093c20	453f	0	560	584aadbd11f0	8000000000000001	7ffc5b09b7c0	30860	8f
14.817083	9ab6d	7e4d8	7ffc5b09b7c0	7ffff	7778d5285010	18	0	2ef81	7ffc5b097390	8	0	5d480ae8d5b7978a	da195907519d9cbe	2ef81	7778d5284fc8	7ffc5b097410	3
14.825908	93f95	bb2b631002a9fb78	7ffc5b0929e8	61420ad513d3226e	8	7ffc5b0929e0	7ffc5b0929e8	5a	7ffc5b0929d0	0	0	a80	584aadbc88b0	8f	7ffc5b09b7c0	7fb3	8f
14.831426	9a1f6	584aadf4ba30	584aab3ec5a0	8a624	0	3d1de	584aab3ec5a0	584aab3ec5a0	7ffc5b097380	7778d5285010	584aa9d4f130	764200d5e4ed91e1	7778d821ace0	2e20c	7778d5284fc8	7ffc5b097410	2
14.845236	9825a	73c88d8e1789588e	7ffc5b096058	5a1caf032d83f09d	4402e2dad7d146aa	755ae69421ab9561	800000000000000	17	7ffc5b096050	8	0	ed83b1e43046ad50	3b7fb77014788b83	90	7ffc5b09b7c0	70bf	90
14.852751	9a208	584aaaa8fa80	584aab008720	de54	584aa9b85010	3d1de	584aab008720	584aab008720	7ffc5b097380	7778d5285010	0	4bbdb9331cf4c4b4	484e15a75289c6e0	4a1c	7778d5284fc8	7ffc5b097410	1
14.858249	98553	584aadbd3090	39ea2	b	fff	c597d2579e8bc4e	584aadbd3080	67	7ffc5b092040	0	0	ed83b1e4304fd840	3b00d881b1a0652d	16af1d376df8d559	39ea2	38bc3	7ffc5b097500
14.868671	981b0	0	7ffc5b093778	1	0	7ffc5b093770	7ffc5b093778	584aadbc2e10	7ffc5b093770	8	0	ed83b1e43068d41f	3b22a6d1174e71c0	ffffffff	5a0	5a0	584aadbd3090
14.881697	93557	8000000000000002	1151	1a50a2070837220	45440	3d1de	7778d5306010	8000000000000000	7ffc5b096ed0	93	4	584aad97e450	8000000000000001	0	1	0	7ffc5b09b7c0
14.888225	9a1f6	584aadb64110	584aab381e18	7d133	584aa9b85010	3d1de	584aab381e18	584aab381e18	7ffc5b097380	7778d5285010	0	eadee357fff9fa86	6e6abc0521c6cdab	29b11	7778d5284fc8	7ffc5b097410	5
14.898423	982da	8000000000000001	7ffc5b093d08	8000000000000001	9cb900	7778d5cd1910	7ffc5b093d08	8000000000000000	7ffc5b093c90	1ea8	0	ed83b1e43086a211	3b3ffc7f62038fe1	8000000000000001	7ffc5b09b7c0	272e4	7778d5cd1910
14.906415	9a188	0	7ffc5b093c10	0	20	8	20	4	7ffc5b093bb0	8	0	852c82077a6a737	31233df0b705489	20	8000000000000001	584aade526f0	584aac661260
14.912009	1f2e31f503ad	0	584aab1e20a8	584f2ea9f3f1	584aaa036e00	584aa9b85010	584aaabac290	584aab1e20a8	7ffc5b097378	584aa9df1400	0	26f2f669f0315931	189a5776364914b7	185d7	7778d5284fc8	7ffc5b097410	3
14.920155	9a208	584aaa3e2580	584aab19adf8	1	584f294ed1de	584aa9b85010	7	7ffc5b091098	7ffc5b090f30	584aace6e8a0	0	1fe2fe4389fcd161	189a5776364914b7	584aab19adf8	8000000000000002	584aab413060	15665
14.933850	9a1f6	584aad888860	584aab05f4e0	18c0c	1	3d1de	584aab05f4e0	7ffc5b0907a8	7ffc5b090640	8	0	c0fd5ff2d9113d06	7fbdebe59d4e03fd	584aab05f4e0	8000000000000002	584aaaf99480	8404
14.946586	1f2e31f4c862	584aae11ba60	584aac6c1a60	30	31	584aae11ba60	584aac6a6310	30	7ffc5b090e60	584f28c684e7	584aac6c1a60	30	79	7778d821ac98	7778d821ac80	584aa9e876b0	584aa9e87
14.959271	9a208	584aaa146fc0	584aab1f0b98	1	584f2e98b473	584aa9b85010	7	7ffc5b0925b8	7ffc5b092450	584aace43970	0	d702a7765580bf7e	189a5776364914b7	584aab1f0b98	8000000000000002	584aaaf99480	18fa1
14.971815	9a208	584aaabd4ea0	584aab0f1370	1	584f2d432c16	584aa9b85010	7	7ffc5b093528	7ffc5b0933c0	584aae426770	0	59db4c5af7d32fa2	189a5776364914b7	584aab0f1370	8000000000000002	584aaaf99480	e54a
14.980536	98abd	953954a9e5b3de65	146	1e65	1e65	27547ede8b0fd280	1fff	584aadbd2dd0	7ffc5b08fbb0	8	0	ed83b1e430d79fe3	3b185ac530acba06	ffff9fe0	e60	e65	584aadbf2f90
14.993537	9a1f6	584aaa2ac6a0	584aab39d268	807bd	1	3d1de	584aab39d268	7ffc5b094b18	7ffc5b0949b0	8	0	ee1d0cb00f8530d9	3b0da4b8f247ca7d	584aab39d268	8000000000000002	584aab3ce5e8	2ad3f
15.002462	99cfc	8000000000000001	7778d47bf0c8	8000000000000001	8000000000000001	7778d47bf001	7ffc5b097458	1	7ffc5b097370	8	0	e2afdad10a6e06d3	8e8fb1948e20fd59	2680f	7778d5284fc8	7ffc5b097458	8000000000000000
15.015171	9408d	7d78bf770d54e118	48	4a8882190a7680b6	8	7ffc5b097310	7ffc5b097318	2f9b9	7ffc5b097300	0	0	7b684be7eedc22c7	c1c59eec13f0669f	2f9b9	8000000000000000	7ffc5b097310	7ffc5b097318
15.021350	93557	8000000000000002	7ffc5b097500	584aadbd1760	c4fa80	3d1de	7778d5306010	1a	7ffc5b095e30	128d	0	ed83b1e430ec433b	3b13dde6eb46eea3	8000000000000001	7ffc5b09b7c0	313ea	9b
15.032737	92ae8	584aab599490	7ffc5b09b7c0	1	584f292d2a4f	3d1de	7	7ffc5b08fb78	7ffc5b08fa20	584aad8bfdc0	0	52fe4a772c22f0d9	189a5776364914b7	584aab45de50	8000000000000002	584aab0623f0	32dbe
15.047366	9a1f2	584aad896120	584aab19a288	401c1	584aa9b85010	3d1de	584aab19a288	584aab19a288	7ffc5b097380	7778d5285010	0	7a287b0b1407a39a	5d7fc5518451a175	155eb	7778d5284fc8	7ffc5b097410	3
15.060446	1f2e31f503c2	41	ffffffffffffff50	8	8	584aaa0a9b70	584aaa0a9b80	584aab064aa8	7ffc5b097340	7778d5285010	584aad521d40	4bde5fd75e28459a	7778d821ace0	8797	7778d5284fc8	7ffc5b097410	0
15.070682	1f2e31f4ea65	584aaa74eea0	7778d821ac80	584aaa8fc700	7778d821ad20	7778d821ad10	2	38	7ffc5b08f670	584aa9b85010	7778d821ac80	1	7	584aaa441650	40	584aaaa08260	12
15.085268	9a1f6	584aad560620	584aab4bfe00	a4d30	1	3d1de	584aab4bfe00	7ffc5b092dd8	7ffc5b092c70	8	0	46f77b76c67b0a8	cee3f1cf3dce3379	584aab4bfe00	8000000000000002	584aaaf99480	36f10
15.092625	928d3	584aadb73e00	7ffc5b09b7c0	584aaaf99480	7bfae	3d1de	2953a	7ffc5b092758	7ffc5b092600	8	0	fbe7fb3cf171166d	751c44ac6a00542b	584aab3791f0	8000000000000001	584aaaf99480	584aae1a2fd0
15.106930	92bd4	937a4246cbd0f3bb	7ffc5b09b7c0	aa739f3822e2457e	762a1350a61178eb	4571e1290a522f07	2000000000000000	7ffc5b091308	7ffc5b0911b0	8	0	1aceb32f6a4bf572	405e6396bff2d38c	584aab165a10	8000000000000002	937a4246cbd0f3bb	132e6
15.113214	be0e6	7ffc5b097370	584aae163e30	8	8	584aad7f3c50	20	584aaafd0140	7ffc5b097378	7778d5285010	0	80e0bd5727a72c3c	7d194fe8146b1057	2488	7778d5284fc8	7ffc5b097410	3
15.126099	9ac44	fc0a2	7ffc5b09b7c0	8e38e38e38e38e39	8000000000000001	7778d4aa4a01	7ffc5b097400	1	7ffc5b097390	8	0	d001c75f6ff7ee9c	8bb4d8cb0ccb1248	f163	7778d5284fc8	e0090	3
15.136003	9a1fb	584aac2c74e0	584aab4e1af0	a90ce	1	3d1de	584aac2c74e0	7ffc5b094e58	7ffc5b094cf0	8	0	d46d5b42079a084c	359c79dbc53e50c0	584aab4e1af0	8000000000000002	584aab1671c8	3859a
15.142806	1f2e31f4d721	31	40	2	7	584aa9b85010	7	584aa9d543f0	7ffc5b0972d0	584aa9d54400	0	d55947e10d929c68	189a5776364914b7	7778d821ac80	0	584aa9d54430	5
15.149860	92a5c	7778d5306010	7ffc5b09b7c0	23480	1	3d1de	7ffc5b091b10	7ffc5b091bf8	7ffc5b091aa0	8	0	cfcd2c092eacbe36	63e2634298afcb9b	7778d5329490	8000000000000002	584aaafa8ed0	8d2
15.157067	9a1f6	584aaa2ee430	584aab079190	1bfa2	0	3d1de	584aab079190	584aab079190	7ffc5b097380	7778d5285010	584aaabe10b0	48f947878812830	7778d821ace0	9536	7778d5284fc8	7ffc5b097410	3
15.167927	9a826	584aadb61a70	584aadb61a70	1bced	584aa9b85010	3d1de	4	584aab077be8	7ffc5b097380	7778d5285010	0	869cb92095de3449	5ec48ca5a48e8ea3	944f	7778d5284fc8	7ffc5b097410	3
15.183127	9a84c	0	584aa9ddf8d0	584f2e022438	584aaaa8ba10	584aa9b85010	7	584aaafd6c38	7ffc5b097370	584aa9e28350	0	3b41609caf91840d	189a5776364914b7	28fd	7778d5284fc8	7ffc5b097410	1
15.194197	9a1f6	584aaa2bf940	584aab365600	79830	1	3d1de	584aab365600	7ffc5b092d08	7ffc5b092ba0	8	0	3f993a22d67413da	4affe911da2d5e26	584aab365600	8000000000000002	584aab44dd70	28810
15.203839	92a22	20b1c	7ffc5b09b7c0	584aae1aeaa0	1	3d1de	0	7ffc5b093388	7ffc5b093230	8	0	6355682d6d923403	a0efe076828c64cd	584aab4f8a88	8000000000000001	584aaaf99480	394ec
15.210570	99cfc	8000000000000001	7778d44f49f0	8000000000000001	8000000000000001	7778d44f4901	7ffc5b097458	1	7ffc5b097370	8	0	6e029464e65dd691	d07164e6d1fadf02	2a951	7778d5284fc8	7ffc5b097458	8000000000000000
15.222583	1f2e31f4d721	31	40	2	7	584aa9b85010	7	584aaae98760	7ffc5b0972d0	584aaae98770	0	84ee5be5d669f64c	189a5776364914b7	7778d821ac80	0	584aaae987a0	3
15.237523	9a1f2	584aace4d9d0	584aab323b40	714d8	584aa9b85010	3d1de	584aab323b40	584aab323b40	7ffc5b097380	7778d5285010	0	8b6c95f232e91b40	d05c876a7e9b8b06	25c48	7778d5284fc8	7ffc5b097410	2
15.248692	1f2e31f4c896	584aadf3b0d0	584aaaecc960	31	31	584aadf3b0d0	584aaac3c500	30	7ffc5b0973f0	584f2d51167c	584f2d51167c	30	ffffffffffffc9f0	7778d821ac98	7778d821ac80	584aaaecc990	584aaaecc
15.262618	940d4	0	0	0	0	7ffc5b097310	7ffc5b097318	2d578	7ffc5b097300	8	0	cb52c69930c3283f	3468600921631e52	2d578	8000000000000000	7ffc5b097310	7ffc5b097318
15.275191	98495	8000000000000001	7ffc5b091ff0	8000000000000001	1	7ffc5b0920d8	7ffc5b091ff0	8000000000000000	7ffc5b091f48	8	0	9d06a4fd4a1ef197	3905e57dbb95066e	584aaaf99480	8000000000000001	584aaafdd700	7ffc5b0920d8
15.281157	9a1f6	584aadfb5d20	584aab45d778	9885f	0	3d1de	584aab45d778	584aab45d778	7ffc5b097380	7778d5285010	584aa9c49cd0	8a36c29b343f2812	7778d821ace0	32d75	7778d5284fc8	7ffc5b097410	1
15.288031	92d74	ffffffffffd47205	7ffc5b09b7c0	45	f531b5c98b863981	7778d5285010	fffffffffffb291d	7ffc5b093fb8	7ffc5b093e60	7778d5284fc8	0	e8d5ca09c7fe7ccd	850c5f97da05a552	0	4d6d3	4d6e3	2abf5
15.298606	92a5c	7778d5306010	7ffc5b09b7c0	c7aac0	1	3d1de	7ffc5b090fb0	7ffc5b091098	7ffc5b090f40	8	0	1fe2fe4389fcf87a	a9aa83faec645f5b	7778d5f80ad0	8000000000000002	584aab3d2698	31eab
15.308098	99cfc	8000000000000001	7778d3730278	8000000000000001	8000000000000001	7778d3730201	7ffc5b097458	1	7ffc5b097370	8	0	c0ce83d76b58bbe2	5a1fb5d00039d9ab	cd3	7778d5284fc8	7ffc5b097458	8000000000000000
15.319835	9a1f6	584aa9e0aa60	584aab358898	77e83	0	3d1de	584aab358898	584aab358898	7ffc5b097380	584aa9b85010	584aacdd4cd0	584aa9c4edf0	1	27f81	7778d5284fc8	7ffc5b097410	2
15.329346	92d74	ffffffffffc17a07	7ffc5b09b7c0	16	afbc93045c20c71f	7778d5285010	fffffffffff90d8f	7ffc5b096448	7ffc5b0962f0	7778d5284fc8	0	dde8fc12ea2ce2b1	7386c32dc454ed02	0	6f261	6f271	35548
15.340289	93557	8000000000000002	7ffc5b097500	584aaa214310	1da700	3d1de	7778d5306010	68	7ffc5b091ed0	fffe	0	ed83b1e43008a709	3b7f72fcc3dd82d5	8000000000000001	7ffc5b09b7c0	769c	ab
15.349911	92d74	fffffffffff8a9fd	7ffc5b09b7c0	1c	a7cd49ef7df8949e	7778d5285010	ffffffffffff2f55	7ffc5b090608	7ffc5b0904b0	7778d5284fc8	0	70f4d88a1cfb31ff	fc3b143893afd7fe	0	d09b	d0aa	7881
15.363227	1f2e31f503c2	41	ffffffffffffff50	8	8	584aaa0237e0	584aaa0237f0	584aaafd8ab0	7ffc5b097340	7778d5285010	0	eb1836df4caf5402	5f597d5fce1cd3a5	2a42	7778d5284fc8	7ffc5b097410	4
15.378173	9a82e	fffffffffffffff9	584aadc92a00	8d954	584aa9b85010	3d1de	7	584aab405f20	7ffc5b097370	7778d5285010	0	60206040e1d94156	6c4d411c732085e0	2f31c	7778d5284fc8	7ffc5b097410	2
15.389890	93557	8000000000000002	7ffc5b097500	584aadc22fb0	c2afc0	3d1de	7778d5306010	16	7ffc5b096170	f003	0	ed83b1e432305a92	3b10f7e2311de52a	8000000000000001	7ffc5b09b7c0	30abf	ad
15.401800	98616	584aadbf40b0	2bc99	6c	1fff	fffffffffffeb450	14ab	17	7ffc5b096140	0	7c5e	0	ffffffffffffeb45	14ba	2bc99	d5ba	7ffc5b097500
15.414983	92d7a	ffffffffffef11cc	7ffc5b09b7c0	61	c7383816618cd35f	7778d5285010	fffffffffffe1e6c	7ffc5b093ba8	7ffc5b093a50	7778d5284fc8	20	d001c75f6ff7f7b5	8bb427b46e90989f	0	1e184	1e1c4	27570
15.427950	9409f	34d01405581aa1c8	0	c2d0c69ce4a44736	8	7ffc5b094120	7ffc5b094128	7ffc5b0942f8	7ffc5b094110	0	0	cb52bb3d4899287f	af27729c78987faa	584aab40d498	8000000000000000	7ffc5b094120	7ffc5b094128
15.442396	99aa8	b	7ffc5b097458	1	0	7ffc5b097310	7ffc5b097318	0	7ffc5b097310	8	0	ed83b1e557fc9d24	3b700ee5a8dd0822	32f58	8000000000000000	7ffc5b097310	8000000000000001
15.452929	9a1f6	584aa9ef9a20	584aab3d0748	86e59	584aa9b85010	3d1de	584aab3d0748	584aab3d0748	7ffc5b097380	7778d5285010	0	6d8cacc4c69e2d1a	fca69f230d7557bc	2cf73	7778d5284fc8	7ffc5b097410	3
15.459832	1f2e31f4ef07	50	7778d821ac80	30	584aaa9fc050	584aa9f4fa40	155c	7778d821ad20	7ffc5b096ed0	0	0	584aaa9fc0a0	7778d821ace0	ffffffffffffff88	440	584aa9b85010	42
15.467696	9410e	0	7	1	0	7ffc5b097310	7ffc5b097318	30657	7ffc5b097300	8	0	dd475fa14ff876a1	e2bc298ffa4c7f41	30657	8000000000000000	7ffc5b097310	7ffc5b097318
15.480829	99cfc	8000000000000001	7778d3d96278	8000000000000001	8000000000000001	7778d3d96201	7ffc5b097458	1	7ffc5b097370	8	0	90c227aee6f4edee	167467a8f0cd3ff6	2f25a	7778d5284fc8	7ffc5b097458	8000000000000000
15.487844	9a1f6	584aad492220	584aab336f20	73b54	0	3d1de	584aab336f20	584aab336f20	7ffc5b097380	7778d5285010	584aaa0d1bc0	edf5632611661beb	7778d821ace0	2691c	7778d5284fc8	7ffc5b097410	2
15.500808	9a1f2	584aaa2a6ea0	584aab0856b8	1d847	584aa9b85010	3d1de	584aab0856b8	584aab0856b8	7ffc5b097380	7778d5285010	0	50748d32cc187f7e	96313a807a5ab15e	9d6d	7778d5284fc8	7ffc5b097410	1
15.515071	9a208	584aa9cc5680	584aab4379d8	1	584f2aea17ce	584aa9b85010	7	7ffc5b096ed8	7ffc5b096d70	584aadeae730	0	be262fcbd3577a29	189a5776364914b7	584aab4379d8	8000000000000002	584aab4379c0	31439
15.529621	9a208	584aa9e6bf70	584aab437480	1	584f2926364a	584aa9b85010	7	7ffc5b08f0e8	7ffc5b08ef80	584aaa32aac0	0	2e4b35a4d2e404ec	189a5776364914b7	584aab437480	8000000000000002	584aaaf99480	31400
15.537513	1f2e31f503c2	31	ffffffffffffff50	2e18e	1	584aaa1820f0	584aaa182100	7ffc5b08feb8	7ffc5b08fd20	8	0	7cec254425c3ea07	def49936bd1c9898	584aab10a0f0	8000000000000002	584aaafe14e0	f5da
15.544012	1f2e31f4d9e1	7	30	1	584f2e101b58	584aa9b85010	7	584aac2b8620	7ffc5b090410	584aac2b8630	0	70f4d88a1cfa5e19	189a5776364914b7	7778d821ac80	0	584aab0573b0	25e0c
15.557663	97f4b	0	7ffc5b097500	7ffc5b097500	b3	4b43	7ffc5b09b7c0	a2	7ffc5b08f088	fe3	0	ed83b1e432c6598f	3b50133a6d20fa23	b3	10d86	10d86	7ffc5b09b7c0
15.566769	984f3	8000000000000001	7ffc5b097500	7d	5cb0	26375	7ffc5b097500	2c	7ffc5b095068	7778d5284fc8	10	e92ecf57730ebf5c	e5f4fc588a92b56b	b5	5cb0	26375	7ffc5b09b7c0
15.572852	1f2e31f503c2	31	ffffffffffffff50	1	584f2949447c	584aaa2afd70	584aaa2afd80	7ffc5b092c38	7ffc5b092ab0	584aae44c860	0	9ad5cb562dd93ac3	189a5776364914b7	584aab162608	8000000000000002	584aab0ed5c0	130bb
15.579548	9a204	584aa9eb4e30	584aab0356c0	13848	584aa9b85010	3d1de	584aab0356c0	584aab0356c0	7ffc5b097380	7778d5285010	0	3896bda681d0a122	e19605fb4aca8c7f	6818	7778d5284fc8	7ffc5b097410	1
15.590914	92d74	fffffffffff66397	7ffc5b09b7c0	7	abd74a673e104fb7	7778d5285010	fffffffffffeee9f	7ffc5b092f78	7ffc5b092e20	7778d5284fc8	0	bfc83c8cad481c4f	f06d3635bde30e12	0	11151	11161	3923b
15.598190	1f2e31f4c806	584aadc78560	584aa9d3d6a0	31	1	584aadc78560	584aace36110	40	7ffc5b097450	584f2d570acd	584aa9fd97f0	30	189a5776364914b7	7778d821aca0	7778d821ac80	584aa9d3d6e0	584aa9d3d
15.606193	92d74	ffffffffffd504b1	7ffc5b09b7c0	52	bbc2b00eaa032e18	7778d5285010	fffffffffffb3969	7ffc5b093938	7ffc5b0937e0	7778d5284fc8	0	62eeffd1ec89d981	8ddda9213c3a1ed7	0	4c687	4c697	2819d
15.620713	1f2e31f4ea6b	584aa9e8e320	7778d821ac80	584aa9f66720	7778d821ad20	7778d821ad10	2	38	7ffc5b0923f0	584aa9b85010	7778d821ac80	3	7	584aaacfd100	40	584aa9d06300	12
15.635392	1f2e31f4d6ff	ffffffffffffff88	30	1	7	584aa9b85010	7	584aad49cb70	7ffc5b08ed50	584aad49cb80	0	bcbd6ef6ad3b83b4	189a5776364914b7	7778d821ac80	0	584aaaf99480	15b4a
15.641416	9a208	584aac632610	584aab44da10	1	584f29473331	584aa9b85010	7	7ffc5b092828	7ffc5b0926c0	584aabcb1410	0	a265dc67956755cb	189a5776364914b7	584aab44da10	8000000000000002	584aab5357d8	322e6
15.647125	99cfc	8000000000000001	7778d31de770	8000000000000001	8000000000000001	7778d31de701	7ffc5b097458	1	7ffc5b097370	8	0	83968caf98de60f5	4625e5bc7ee3df39	4ddb	7778d5284fc8	7ffc5b097458	8000000000000000
15.654655	1f2e31f4d6c2	ffffffffffffff88	30	ffffffffffffffd0	0	584aa9cd5fa0	7778d821ac80	584aa9cd5fa0	7ffc5b0967f0	8	0	8ba12acd8382e95e	30ac7e83206f54fc	584aab4276d0	0	584aaaf99480	3096e
15.666678	9a1f8	584aaa0686c0	584aab44dbc0	968e8	584aa9b85010	3d1de	584aab44dbc0	584aab44dbc0	7ffc5b097380	7778d5285010	0	34710cac8bcbc494	7ef33b67804d32a3	322f8	7778d5284fc8	7ffc5b097410	0
15.673339	9a208	584aa9f905c0	584aab3bf5b8	1	584f2ec524a1	584aa9b85010	7	7ffc5b092f78	7ffc5b092e10	584aa9f01ee0	0	bfd30228a15598a7	189a5776364914b7	584aab3bf5b8	8000000000000002	584aaaf99480	2c40d
15.686509	9a1f6	584aaa329ef0	584aab3cec30	86af6	1	3d1de	584aab3cec30	7ffc5b093938	7ffc5b0937d0	8	0	62eeffd1ec896d76	8dd7defaf50b3a7c	584aab3cec30	8000000000000002	584aab3d4798	2ce52
15.697470	982da	8000000000000001	7ffc5b096338	8000000000000001	b7b940	7778d5e81950	7ffc5b096338	8000000000000000	7ffc5b0962c0	1d30	0	ed83b1e4315c0f9e	3b2a7c1455c32967	8000000000000001	7ffc5b09b7c0	2dee5	7778d5e81950
15.704491	1f2e31f501ec	584aadbabc00	ffffffffffffff88	2	584aa9b85010	584aaa2658a0	11	28	7ffc5b097330	7778d5285010	0	966c9ce860cbc2f	46490fc62179b40e	1	7778d5284fc8	584aaaeeaca0	1
15.713083	92762	6a	7ffc5b09b7c0	917f77bae301ead9	7778d5285010	7778d5284fc8	0	7ffc5b0906d8	7ffc5b090580	8	0	6abefe7bdf15add3	d325ed93fe26a452	7ffc5b0906d8	2c1b5	7ffff	4d3c9
15.722484	9a208	584aad548860	584aab4aea00	1	584f2ed94176	584aa9b85010	7	584aab4aea00	7ffc5b097380	584aad8e6360	0	5b78b81583af5aca	189a5776364914b7	36390	7778d5284fc8	7ffc5b097410	4
15.732961	9919c	0	7ffc5b0970b8	1	0	7ffc5b0970b0	7ffc5b0970b8	7ffc5b0974f0	7ffc5b0970b0	8	0	ed83b1e43146249b	3b2f5f0d9c380067	0	1	7ffc5b097150	7ffc5b0970b0
15.739630	9ab3f	d569f45ffe84ce54	7ffc5b09b7c0	a99ff68011a730f1	cffdfe5f5c280225	6a	2000000000000000	0	7ffc5b097390	8	0	eefff26b4fcfbb99	753a9bcacef33b8	35997	584aab599490	7ffc5b097410	2
15.745022	1f2e31f4d7c2	0	ffffffffffffff50	584f2e17837a	584aaabd26d0	584aa9b85010	7	0	7ffc5b095188	584aaa5aa0c0	0	b41cefc38caa20df	189a5776364914b7	7778d821ac80	0	584aaa5aa0e0	5c22
15.758490	9accd	fffffffffff30025	7ffc5b09b7c0	0	fdff	7778d4c05138	7ffc5b097458	1	7ffc5b097390	7778d5285010	0	3fbb9265a163b744	f4b226eee7ac4c0b	eaa6	7778d5284fc8	7ffc5b097410	2
15.765160	92d74	ffffffffffd888de	7ffc5b09b7c0	34	ba07c98eb4e6ad0d	7778d5285010	fffffffffffb9d6e	7ffc5b094978	7ffc5b094820	7778d5284fc8	0	59562abf10582feb	5cde17fb2ec18a84	0	46282	46292	12bd0
15.772663	9a1f2	584aad7f8530	584aab382958	7d29b	584aa9b85010	3d1de	584aab382958	584aab382958	7ffc5b097380	7778d5285010	0	cf2046f7e6045e5f	b229c45bba0d490c	29b89	7778d5284fc8	7ffc5b097410	3
15.782724	92aa9	584aaaf99480	7ffc5b09b7c0	973ec0	1	3d1de	7ffc5b08f9c0	7ffc5b08faa8	7ffc5b08f950	8	0	42b0c9a0a8510b2d	2829ee1336a4c4bb	7778d5c79ed0	8000000000000002	584aab136af0	25cfb
15.789235	9a208	584aaa83d690	584aab131510	33012	584aa9b85010	3d1de	584aab131510	584aab131510	7ffc5b097380	7778d5285010	0	3bfc122233fa6259	b3795da4b8b30795	11006	7778d5284fc8	7ffc5b097410	2
15.796730	99a32	7ffc5b097460	7ffc5b097458	bb2b631002aa8ba0	61420ad513d3226e	52d78b47db74d03	c8440e7572d9eed5	0	7ffc5b097310	6c7967656e657261	0	3fe2239be05feed6	189a5776364914b7	3683f	584aab599490	7ffc5b097410	3
15.809530	9a208	584aad009160	584aab339938	1	584aaa072	584aa9b85010	7	584aab339938	7ffc5b097380	584aaa0728e0	0	884cb90678bd0084	189a5776364914b7	26add	7778d5284fc8	7ffc5b097410	1
15.822973	9acca	ffffffffffdb07e7	7ffc5b09b7c0	1	1bff	7778d4008f40	7ffc5b097450	4	7ffc5b097390	7778d5285010	0	33ce4068b569490c	205e4874127e2560	2bb56	7778d5284fc8	7ffc5b097410	3
15.837455	1f2e31f503c2	31	ffffffffffffff50	1	584f2933f80f	584aaacbfb70	584aaacbfb80	7ffc5b096858	7ffc5b0966d0	584aaae6f5f0	0	3fd2cc3188bef445	189a5776364914b7	584aab32ad10	8000000000000002	584aab0b5eb0	26106
15.845312	9a1f2	584aaa59a5a0	584aaafc29e8	52ad	584aa9b85010	3d1de	584aaafc29e8	584aaafc29e8	7ffc5b097380	7778d5285010	0	fe9fcfe03525daaf	4082ebf2db55a7ef	1b8f	7778d5284fc8	7ffc5b097410	2
15.857390	99cfc	8000000000000001	7778d3eeabb0	8000000000000001	8000000000000001	7778d3eeab01	7ffc5b097458	1	7ffc5b097370	8	0	d44d6591e58175dd	fd549a682ab84a81	2ba80	7778d5284fc8	7ffc5b097458	8000000000000000
15.869680	9a84c	0	584aae433210	1	584f29241107	584aa9b85010	7	584aaaff11b8	7ffc5b097380	584aaac67730	0	bb2520eae5f1e89	189a5776364914b7	3a8d	7778d5284fc8	7ffc5b097410	1
15.881306	92d74	ffffffffffcd3696	7ffc5b09b7c0	26	de1ebe7eb5a9fb0b	7778d5285010	fffffffffffa5b66	7ffc5b08f908	7ffc5b08f7b0	7778d5284fc8	0	141d5d6c2464cab6	4ff5f6e06eea616a	0	5a48a	5a49a	95f0
15.887960	99cfc	8000000000000001	7778d379e240	8000000000000001	8000000000000001	7778d379e201	7ffc5b097458	2	7ffc5b097370	8	0	cf29632733880208	e2bc9a2e08967773	312ab	7778d5284fc8	7ffc5b097458	8000000000000000
15.897003	9a208	584aad8c11a0	584aab3a0aa8	1	584f2ed80f18	584aa9b85010	7	7ffc5b08f908	7ffc5b08f7a0	584aae438550	0	142c7e3823cd6d0b	189a5776364914b7	584aab3a0aa8	8000000000000002	584aab161f18	2af97
15.905829	1f2e31f4c896	584aa9c8edd0	584aadf6ada0	31	31	584aa9c8edd0	584aaa59c7f0	30	7ffc5b095ed0	584f2e3c486a	584f2e3c486a	30	7b	7778d821ac98	7778d821ac80	584aadf6add0	584aadf6a
15.915198	9a1f2	584aa9e26220	584aab0c49d0	256aa	584aa9b85010	3d1de	584aab0c49d0	584aab0c49d0	7ffc5b097380	7778d5285010	0	c5d8b1ea4ba60650	2f7dc9a87d483ee6	c78e	7778d5284fc8	7ffc5b097410	4
15.921892	9a208	584aad92ef00	584aab110708	1	584f29d57cc2	584aa9b85010	7	7ffc5b090d58	7ffc5b090bf0	584aac2c2b00	0	8a39edb3cf0b199c	189a5776364914b7	584aab110708	8000000000000002	584aaaf99480	fa1b
15.933137	9a208	584aad851480	584aab019d48	1	584f2abfe739	584aa9b85010	7	584aab019d48	7ffc5b097380	584aaa339b30	0	fa05c54f908cfa62	189a5776364914b7	55b3	7778d5284fc8	7ffc5b097410	4
15.946670	9adab	0	7ffc5b09b7c0	584aad4f3e50	584f293f9917	584aa9b85010	7	c78d	7ffc5b097390	584aaa2e7c20	0	86cee3aa862202c3	189a5776364914b7	3d1de	584aab599490	0	2
15.959605	92762	50	7ffc5b09b7c0	65f6e9285f01cf4e	7778d5285010	7778d5284fc8	0	7ffc5b08e7f8	7ffc5b08e6a0	8	0	4008bac191d1e752	b244e1936550edcb	7ffc5b08e7f8	0	7ffff	4657d
15.971063	99cfc	8000000000000001	7778d3c5d708	8000000000000001	8000000000000001	7778d3c5d701	7ffc5b091098	4000	7ffc5b090f20	8	0	1f3bec6c13abb6ad	6e262a992a656a50	7ffc5b091098	ffffffffffd3b0e8	7ffc5b091098	8000000000000000
15.981219	9a1f6	584aadb4bc90	584aab067d60	19d1c	584aa9b85010	3d1de	584aab067d60	584aab067d60	7ffc5b097380	7778d5285010	0	5942c8b0a5b5755c	f982eb278f090f2b	89b4	7778d5284fc8	7ffc5b097410	4
15.988438	9ab6d	2f570	7ffc5b09b7c0	7ffff	7778d5285010	42	0	0	7ffc5b097390	8	0	dc4d34fbf1156379	2288e6806afc4114	161c3	7778d5284fc8	7ffc5b097410	4
16.001033	9a208	584aad7f9640	584aaafc1800	1	584f29127f15	584aa9b85010	7	7ffc5b0970a8	7ffc5b096f50	584aad975f20	4	94ed51e35cba691c	189a5776364914b7	584aaafc1800	8000000000000002	584aab4a8658	1ad0
16.008276	9aaca	584aade2d940	7ffc5b09b7c0	997a80	7778d5306010	3d1de	8000000000000001	0	7ffc5b097390	584aaacb3c40	0	3de2ae95065c7f18	189a5776364914b7	265ea	584aab599490	7ffc5b097410	1
16.019114	9a208	584aad566670	584aab3978c8	1	584f2e4cd9b5	584aa9b85010	7	7ffc5b094e58	7ffc5b094cf0	584aae3d5a60	0	d46d5b42079c9a69	189a5776364914b7	584aab3978c8	8000000000000002	584aab05b880	2a983
16.029837	1f2e31f503c2	31	ffffffffffffff50	1	584f2ea65545	584aadc5ccf0	584aadc5cd00	7ffc5b08e3e8	7ffc5b08e260	584aaac85f80	0	148c3a93cd17c6e2	189a5776364914b7	584aab07e8f0	8000000000000002	584aaaf99480	98da
16.039758	1f2e31f503c2	51	ffffffffffffff50	8	8	584aaa163610	584aaa163620	584aab1081a0	7ffc5b097340	584aa9b85010	584aa9cb1d00	7	7	f48c	7778d5284fc8	7ffc5b097410	2
16.053597	1f2e31f4d69e	0	30	ffffffffffffffd0	31	584aad03a790	7778d821ac80	584aad03a790	7ffc5b0972f0	584aaa69d8f0	0	cd051ae74d53b61e	189a5776364914b7	322e7	0	7ffc5b097410	2
16.063423	9a1f6	584aaa12b5d0	584aab37c9d0	7c6aa	1	3d1de	584aab37c9d0	7ffc5b095e98	7ffc5b095d30	8	0	f65ee7766cfa2351	e451c217613058d6	584aab37c9d0	8000000000000002	584aaaf99480	2978e
16.075509	9a208	584aace79750	584aab389cf0	1	584f2d58c6be	584aa9b85010	7	7ffc5b095818	7ffc5b0956b0	584aaa65e4c0	0	f41ddaf518cd3dfe	189a5776364914b7	584aab389cf0	8000000000000002	584aaaff95b8	2a05a
16.083296	1f2e31f503c2	41	ffffffffffffff50	8	8	584aaaa863d0	584aaaa863e0	584aab3c2018	7ffc5b097340	7778d5285010	0	14b8a88f35f4a0c2	6d72f5a09b6da4f5	2c5d1	7778d5284fc8	7ffc5b097410	1
16.092433	9a208	584aac6c2e40	584aab439ac0	1	584f2aef899b	584aa9b85010	7	7ffc5b090ae8	7ffc5b090980	584aaa01bf20	584aa9d278c0	1e0bcaf62119b8d8	189a5776364914b7	584aab439ac0	8000000000000002	584aaaf99480	31598
16.102181	ce220	584aaa698080	7ffc5b09b7c0	4	1	4	584aac674640	7ffc5b0935f8	7ffc5b093498	8	0	a4f8f1689d78ad08	d1a48440ed90bc34	584aaaf99480	8000000000000001	584aab05dbf0	584aaa1b79e0
16.110164	9a208	584aa9f03db0	584aab063878	1	584f2e0a34d7	584aa9b85010	7	7ffc5b093388	7ffc5b093220	584aa9dd7050	584aade15d30	584aaa62ca10	189a5776364914b7	584aab063878	8000000000000002	584aaaf99480	86d5
16.123933	1f2e31f4d675	31	ffffffffffffff50	1	31	584aaa13ae00	7778d821ac80	0	7ffc5b08f160	584aaa01a200	0	119b5e68326692e3	189a5776364914b7	584aab102ba8	0	584aaaf99480	f0f7
16.133437	99cfc	8000000000000001	7778d4a06190	8000000000000001	8000000000000001	7778d4a06101	7ffc5b097458	1	7ffc5b097370	8	0	62e5b5b8df214f0f	bfbfebabd5408264	cab6	7778d5284fc8	7ffc5b097458	8000000000000000
16.142763	1f2e31f4d6ff	ffffffffffffff88	30	1	6	584aa9b85010	7	584aadccb9a0	7ffc5b08e2b0	584aadccb9b0	0	cb88c8b128ff334c	189a5776364914b7	7778d821ac80	0	584aaaf99480	122cc
16.151512	1f2e31f4eec2	60	7778d821ac80	6	584aaa19dd40	40	627	7778d821ad30	7ffc5b096ed0	0	0	584aaa19dda0	7778d821ace0	ffffffffffffff88	440	584aa9b85010	42
16.157721	9a1f2	584aade93ac0	584aab347fd8	75d6b	1	3d1de	584aab347fd8	7ffc5b095408	7ffc5b0952a0	8	584aadcc4880	eefc846d8f117be1	7778d821ace0	584aab347fd8	8000000000000002	584aaaf99480	27479
16.171701	92a5c	7778d5306010	7ffc5b09b7c0	42c200	1	3d1de	7ffc5b0958d0	7ffc5b0959b8	7ffc5b095860	584aa9b85010	584aaa68b5f0	7	7	7778d5732210	8000000000000002	584aaaf99480	10b08
16.176936	9a1f6	584aade70270	584aab4d9ca8	a8105	1	3d1de	584aab4d9ca8	7ffc5b096038	7ffc5b095ed0	8	0	ef85755d9ad0a6fa	a740c2a7d2931ecd	584aab4d9ca8	8000000000000002	584aab01c898	38057
16.187632	93551	8000000000000002	7ffc5b097500	584aaa214310	a584c0	3d1de	7778d5306010	5c	7ffc5b092890	fffb	0	ed83b1e7c490063c	3b2394bc8d11651f	8000000000000001	7ffc5b09b7c0	29613	cf
16.198535	9ab6d	23874	7ffc5b09b7c0	7ffff	7778d5285010	76	0	37565	7ffc5b097390	8	0	76b7e0f68705e321	d94292acbeeecef7	37565	7778d5284fc8	7ffc5b097410	4
16.211032	1f2e31f4c896	584aad01c9b0	584aac65d590	31	31	584aad01c9b0	584aac62c770	30	7ffc5b094400	584f2aa7d84d	584f2aa7d84d	30	7b	7778d821ac98	7778d821ac80	584aac65d5c0	584aac65d
16.222096	924fe	584aab599490	7ffc5b09b7c0	584f2d547a43	584aa9fea4d0	2dead	7	8000000000000000	7ffc5b0974d0	584aade93a40	584aaa1a6a80	7778d821ad10	189a5776364914b7	1cd60	fc30	4000	584aadbc9760
16.232384	9a208	584aa9c87b90	584aab054ab8	1	584f29245d70	584aa9b85010	7	584aab054ab8	7ffc5b097380	584aaa180030	0	e8f44af062022922	189a5776364914b7	7ced	7778d5284fc8	7ffc5b097410	1
16.239714	92762	6d	7ffc5b09b7c0	90a664565c857bf3	7778d5285010	7778d5284fc8	0	7ffc5b08e318	7ffc5b08e1c0	8	0	76785afcec713c1a	699690bdf8c65130	7ffc5b08e318	c51b	7ffff	5320e
16.248147	9a1f2	584aa9e21180	584aab11c5d0	3062a	584aa9b85010	3d1de	584aab11c5d0	584aab11c5d0	7ffc5b097380	7778d5285010	0	e8d5ca09c7fee900	851937818aa5301f	1020e	7778d5284fc8	7ffc5b097410	2
16.263256	9824d	873252b8e18efda	7ffc5b08ee98	a661c29dd80baa68	e913a3a4d0cc5d38	652f800934d6eb13	800000000000000	a3	7ffc5b08ee90	8	0	ed83b1e7c4d09c35	3b7156ee5a5ed3b5	d0	7ffc5b09b7c0	0	d0
16.270797	9a208	584aa9dc1ac0	584aab45e630	1	584aadcd0	584aa9b85010	7	584aab45e630	7ffc5b097380	584aadcd09f0	0	d4de84d9945cda8d	189a5776364914b7	32e12	7778d5284fc8	7ffc5b097410	2
16.283253	99cfc	8000000000000001	7778d47c6a00	8000000000000001	8000000000000001	7778d47c6a01	7ffc5b097458	1	7ffc5b097370	8	0	d9c10b9d65c6e14a	19869d58cd5dd375	138f9	7778d5284fc8	7ffc5b097458	8000000000000000
16.294907	9a1f6	584aaa744100	584aab1160a8	2f985	1	3d1de	584aab1160a8	7ffc5b08cf98	7ffc5b08ce30	8	0	fe475cb4c1f99d00	899af5348462c155	584aab1160a8	8000000000000002	584aaaf99480	fdd7
16.304443	9adab	0	7ffc5b09b7c0	584aaa8ee410	584f2e10cbad	584aa9b85010	7	36add	7ffc5b097390	584aaa26dfd0	0	5b37f0b0f223462a	189a5776364914b7	3d1de	584aab599490	0	3
16.310000	9a208	584aaa12ddf0	584aab064118	1	584f2951c2c2	584aa9b85010	7	7ffc5b08cdf8	7ffc5b08cc90	584aae102530	0	a4540b00415f15f6	189a5776364914b7	584aab064118	8000000000000002	584aaaf99480	8731
16.319658	9a208	584aaa6e3090	584aaafa5498	1	584f2e4211a0	584aa9b85010	7	7ffc5b094638	7ffc5b0944d0	584aac6a0ee0	584aad4efa60	584aaa011080	189a5776364914b7	584aaafa5498	8000000000000002	584aaaf99480	801
16.329544	1f2e31f503c2	41	ffffffffffffff50	8	8	584aad00dd70	584aad00dd80	584aab1750e8	7ffc5b097340	584aa9b85010	584aac2c2ad0	584aad8ad8e0	1	13d2f	7778d5284fc8	7ffc5b097410	2
16.337016	92d74	ffffffffffcd0795	7ffc5b09b7c0	43	56ff92f52a369f5d	7778d5285010	fffffffffffa562d	7ffc5b0931e8	7ffc5b093090	7778d5284fc8	0	d4d2975e53f3a392	6d3f91185f22bcc3	0	5a9c3	5a9d2	5512
16.349963	93557	8000000000000002	7ffc5b097500	584aadbf3fa0	d8fac0	3d1de	7778d5306010	95	7ffc5b08fa40	f2fc	0	ed83b1e7c53ff298	3b1d2bf81989f0ad	8000000000000001	7ffc5b09b7c0	363eb	d5
16.361461	1f2e31f503c2	31	ffffffffffffff50	8	8	584aacde78f0	584aacde7900	584aaafca9b0	7ffc5b097350	7778d5285010	0	5a790ea66450110b	57aae8b8225e6bdc	20e2	7778d5284fc8	7ffc5b097410	0
16.374085	9a208	584aaa0dc8c0	584aab398300	7fdd0	584aa9b85010	3d1de	584aab398300	584aab398300	7ffc5b097380	7778d5285010	0	437bf25f7940163b	21d7decc8cccd9dc	2a9f0	7778d5284fc8	7ffc5b097410	3
16.380232	924ed	584aab599490	7ffc5b09b7c0	584f2eb53d80	584aaa1f9b40	37742	7	8000000000000000	7ffc5b0974d0	584aaa6c0ac0	584aad4b6670	11	189a5776364914b7	1c0d0	15b40	4000	584aadbd1f80
16.391108	92a5c	7778d5306010	7ffc5b09b7c0	3af80	1	3d1de	7ffc5b094480	7ffc5b094568	7ffc5b094410	0	584aaa1130f0	584aaa190ad0	7778d821ace0	7778d5340f90	8000000000000002	584aaaf99480	ebe
16.397655	1f2e31f503c2	31	ffffffffffffff50	8	8	584aadf5d210	584aadf5d220	584aab0c6d88	7ffc5b097350	7778d5285010	0	426a274657aeb344	b1db3d3d7d32bffe	c90b	7778d5284fc8	7ffc5b097410	1
16.412449	9a1f2	584aaa0ab7e0	584aaaff7d58	bd1b	1	3d1de	584aaaff7d58	7ffc5b090bb8	7ffc5b090a50	0	584aa9c8b590	584aaae9c840	7778d821ace0	584aaaff7d58	8000000000000002	584aaaf99480	3f09
16.418789	99cfc	8000000000000001	7778d3484ae8	8000000000000001	8000000000000001	7778d3484a01	7ffc5b097458	2	7ffc5b097370	8	0	1f5a4af983830bab	23d4e64ffa210952	35223	7778d5284fc8	7ffc5b097458	8000000000000000
16.427386	9a208	584aadcbe260	584aab4c6088	1	584f2eba21a0	584aa9b85010	7	7ffc5b08d208	7ffc5b08d0a0	584aaa350980	0	15cee17fda0f6b33	189a5776364914b7	584aab4c6088	8000000000000002	584aaaf99480	3732b
16.439795	1f2e31f4e9e8	584aaad17510	7778d821ac80	584aaa59c640	7778d821ad10	7778d821ad00	7778d821ac88	28	7ffc5b097260	7778d5285010	0	2e463622481c57a2	c84e88bf869d8484	1	30	3	1
16.446950	9a208	584aad504b80	584aab3c4598	1	584f28c6d83d	584aa9b85010	7	7ffc5b08f9d8	7ffc5b08f870	584aacffd7a0	0	e4717bb6a410a812	189a5776364914b7	584aab3c4598	8000000000000002	584aab439b20	2c761
16.456834	9ab6d	59600	7ffc5b09b7c0	7ffff	7778d5285010	21	0	282b1	7ffc5b097390	8	0	4ae75c6b69d4700c	dbb76ebb58ee17ba	282b1	7778d5284fc8	7ffc5b097410	3
16.469473	93557	8000000000000002	7ffc5b097500	584aadbd2f80	34acc0	3d1de	7778d5306010	49	7ffc5b093800	5bbc	0	ed83b1e7db524840	3b6b0197692f00a9	8000000000000001	7ffc5b09b7c0	d2b3	d9
16.483819	9ab6d	21ae1	7ffc5b09b7c0	7ffff	7778d5285010	7f	0	384d	7ffc5b097390	8	0	4a62b63ecdeab4fa	e06048b9aa5176f8	384d	7778d5284fc8	7ffc5b097410	1
16.489920	9a1f6	584aaa2635c0	584aab0ae590	22a22	1	3d1de	584aab0ae590	7ffc5b090c88	7ffc5b090b20	8	0	84d26bf0a8e6c4c6	43f6c8b3471f9d9f	584aab0ae590	8000000000000002	584aab0c5150	b8b6
16.504851	1f2e31f4c883	584aa9e0cdb0	584aadfb0280	7778d821ac98	31	584aa9e0cdb0	584aaa7409c0	31	7ffc5b0973f0	584f2e104c40	584aadfb0280	30	fffffffffffeaeb0	7778d821ac98	7778d821ac80	584aa9f36290	584aadfb0290
16.510386	94057	7ffc5b0900f8	7ffc5b0902c8	1	8	7ffc5b0900f0	7ffc5b0900f8	7ffc5b0902c8	7ffc5b0900e0	0	0	eb11c0554cb10d5e	189a5776364914b7	584aab4e1568	8000000000000000	8000000000000001	8000000000000001
16.520922	99cfc	8000000000000001	7778d3b30b20	8000000000000001	8000000000000001	7778d3b30b01	7ffc5b097458	1	7ffc5b097370	8	0	1e0b750a3326a272	2466207087f2773e	2b84f	7778d5284fc8	7ffc5b097458	8000000000000000
16.527954	98edf	4000282c02000020	37ce5	584aaa6ee500	7	3d1de	100000028030002	7ffc5b097401	7ffc5b097060	da	4	584aaacd1110	8000000000000001	0	1	0	7ffc5b09b7c0
16.540979	9a208	584aa9d50370	584aaafd8588	1	584aa9eea	584aa9b85010	7	584aaafd8588	7ffc5b097380	584aa9eeafa0	0	eee6e07b55a81b2b	189a5776364914b7	2a0b	7778d5284fc8	7ffc5b097410	3
16.555932	1f2e31f4c6e9	60	7778d821ac80	61	7778d821ad30	ffffffdc	584aad4a5830	38	7ffc5b08fb40	0	0	584aad041610	7778d821ace0	20	40	60	2
16.563592	9a208	584aaa25c490	584aab0b39d8	1	584aa9d5f	584aa9b85010	7	584aab0b39d8	7ffc5b097380	584aa9d5f860	0	80f2a97984dd716f	189a5776364914b7	bc39	7778d5284fc8	7ffc5b097410	1
16.577815	92a5c	7778d5306010	7ffc5b09b7c0	23fd40	1	3d1de	7ffc5b092810	7ffc5b0928f8	7ffc5b0927a0	8	0	5a80a51528d4dff0	9290954a4b22a0a	7778d5545d50	8000000000000002	584aaaf99480	8ff5
16.591497	9a1f6	584aac68c8a0	584aab0aa828	22275	1	3d1de	584aab0aa828	7ffc5b092a98	7ffc5b092930	8	0	9374725c25a69773	dc3204513bd7a4f8	584aab0aa828	8000000000000002	584aaaff96c0	b627
16.603371	99cfc	8000000000000001	7778d42bfc88	8000000000000001	8000000000000001	7778d42bfc01	7ffc5b097458	1	7ffc5b097370	8	0	87c42134a96260d0	d3725a05b49dfd18	10ba2	7778d5284fc8	7ffc5b097458	8000000000000000
16.610127	1f2e31f4c862	584aa9c51270	584aa9f08ab0	30	41	584aa9c51270	584aadf66880	40	7ffc5b097450	584f2d5a20d3	584aa9f08ab0	30	189a5776364914b7	7778d821aca0	7778d821ac80	584aaaa63d50	584aaaa63
16.619533	93557	8000000000000002	7ffc5b097500	584aadc11f90	cf9bc0	3d1de	7778d5306010	c8	7ffc5b08d0d0	380	0	ed83b1e7dbddb696	3b16855762af2d00	8000000000000001	7ffc5b09b7c0	33e6f	dc
16.628641	9812f	38276	7ffc5b097500	4	7ff	ffffffffffffbc20	42e	84	7ffc5b090990	0	1670	0	ffffffffffffbc20	dd	38276	280b3	7ffc5b09b7c0
16.643441	9a1f6	584aadc8cf90	584aab0a9400	21ff0	584aa9b85010	3d1de	584aab0a9400	584aab0a9400	7ffc5b097380	7778d5285010	0	eb47a78ae8c36e9e	29cac86a68da4e19	b550	7778d5284fc8	7ffc5b097410	4
16.658190	981c0	0	7ffc5b093bc8	1	ed83b1e7dbc0a535	7ffc5b093bc0	800000000000000	44	7ffc5b093bc0	8	0	ed83b1e7dbc0a535	3b7157666b5ed23d	df	7ffc5b09b7c0	0	df
16.671600	9a1f6	584aad496000	584aab01bf08	10551	1	3d1de	584aab01bf08	7ffc5b0947d8	7ffc5b094670	8	0	34e9d4588e795b3	f06f188428b57ece	584aab01bf08	8000000000000002	584aab1124d8	571b
16.681847	9a204	584aaab23c70	584aab468278	99dbf	584aa9b85010	3d1de	584aab468278	584aab468278	7ffc5b097380	7778d5285010	0	4bbdb9331cf5b186	485bfbd27cdd5bb2	33495	7778d5284fc8	7ffc5b097410	3
16.687444	92503	584aab599490	7ffc5b09b7c0	584f2932f4c8	584aad985f40	9e2c	7	8000000000000000	7ffc5b0974d0	584aaab88b50	584aab79b750	70612c01293d16c0	189a5776364914b7	1a0a0	14a60	4000	584aadbd1f80
16.694816	982c7	8000000000000001	7ffc5b08ce88	8000000000000001	e0fd00	7778d6115d10	7ffc5b08ce88	8000000000000000	7ffc5b08ce10	c717	0	ed83b1e7dbcd1811	3b0129bd4770569d	8000000000000001	7ffc5b09b7c0	383f4	7778d6115d10
16.706235	1f2e31f503c2	31	ffffffffffffff50	8	8	584aadf670e0	584aadf670f0	584aab335b28	7ffc5b097350	7778d5285010	0	83ac4cb6d640edfb	c6f7f1948587a174	26847	7778d5284fc8	7ffc5b097410	1
16.713155	92cfa	1	7ffc5b09b7c0	37	32f6c06113cefe05	7778d5285010	27cc0	7ffc5b096448	7ffc5b0962f0	7778d5284fc8	0	da0e4fa48fd3bf03	f5ba17f4677e00f3	0	7ffff	27cbf	31ea3
16.723654	92d74	ffffffffffd221d9	7ffc5b09b7c0	78	5ed08f3139d6fb14	7778d5285010	fffffffffffae751	7ffc5b08faa8	7ffc5b08f950	7778d5284fc8	0	42ae2c39beff048d	a33be0a32190a443	0	5189f	518af	15b94
16.732725	1f2e31f503c2	31	ffffffffffffff50	8	8	584aaa31af20	584aaa31af30	584aaaffed30	7ffc5b097350	584aaddeb100	0	924604255b026168	189a5776364914b7	43b2	7778d5284fc8	7ffc5b097410	1
16.745177	93f95	bb	7ffc5b08dc98	1	8	7ffc5b08dac0	7ffc5b08dac8	7ffc5b08dc98	7ffc5b08dab0	0	0	ed83b1e557fc9d24	3b700ee5a8dd0822	e0	8000000000000000	7ffc5b08dac0	7ffc5b08dac8
16.751197	9ab6d	197b2	7ffc5b09b7c0	7ffff	7778d5285010	13	0	2b84f	7ffc5b097390	8	0	e172457a35700eda	2ef8cf1a6596bd9a	2b84f	7778d5284fc8	7ffc5b097410	3
16.757049	1f2e31f500a1	30	ffffffffffffff88	0	584aa9b85010	1	28	28	7ffc5b097330	7778d5285010	0	29a20e5bb23a2272	486d250c5bb8afa3	1	7778d5284fc8	7ffc5b097410	2
16.771843	99cfc	8000000000000001	7778d47814c0	8000000000000001	8000000000000001	7778d4781401	7ffc5b097458	1	7ffc5b097370	8	0	be262fcbd355300b	5f130c1d3ce248b4	795f	7778d5284fc8	7ffc5b097458	8000000000000000
16.786580	92762	61	7ffc5b09b7c0	a4c2891eef79316a	7778d5285010	7778d5284fc8	0	7ffc5b08ef48	7ffc5b08edf0	8	0	bc54ffd0f22b3aa6	b11f21cbfd0f00c6	7ffc5b08ef48	0	7ffff	7b77a
16.795539	9a1f6	584aad8cb5d0	584aab0636f8	1944f	584aa9b85010	3d1de	584aab0636f8	584aab0636f8	7ffc5b097380	7778d5285010	0	7aae98ffecb803b5	6f8228a704babb06	86c5	7778d5284fc8	7ffc5b097410	3
16.808683	99c95	502c9c5d6ebbcb55	7ffc5b0958e8	5a84051200f429bc	6518308f7154ca29	6c18c0be4d9917bc	2000000000000000	7ffc5b0958e8	7ffc5b095710	8	0	b3b5487d22e16ad3	1b05a8d94e570bdd	e2	8000000000000000	7ffc5b095710	7ffc5b095718
16.820359	92762	30	7ffc5b09b7c0	b9f31b10619bc5ec	7778d5285010	7778d5284fc8	0	7ffc5b0950c8	7ffc5b094f70	8	0	e972c2a257c508f8	120a3e03ef2fba17	7ffc5b0950c8	11e67	7ffff	d961
16.827339	9a1f6	584aac282130	584aab16fdf0	3ad2e	1	3d1de	584aab16fdf0	7ffc5b095748	7ffc5b0955e0	8	0	6e029464e65bfe3c	d04a17dc8bc3e6ff	584aab16fdf0	8000000000000002	584aab406be0	139ba
16.840397	1f2e31f4ea86	584aa9cb4e20	7778d821ac80	584aaa063440	7778d821ad20	7778d821ad10	2	38	7ffc5b095720	584aa9b85010	7778d821ac80	4	7	584aaa0919f0	40	189a5776364914b7	12
16.851978	9a84c	0	584aad93e560	1	584aa9f96	584aa9b85010	7	584aab3b2eb0	7ffc5b097380	584aa9f96300	0	bb2520eae5ea1f1	189a5776364914b7	2bbc2	7778d5284fc8	7ffc5b097410	2
16.863522	92d74	ffffffffffeb3438	7ffc5b09b7c0	78	ffe9d0c7936911c0	7778d5285010	fffffffffffdb078	7ffc5b08ff88	7ffc5b08fe30	7778d5284fc8	0	264ab59f641cf061	943c993886cb7b9f	0	24f78	24f87	d9f3
16.873195	9a1f2	584aaa2e4590	584aab402bd8	8d2eb	584aa9b85010	3d1de	584aab402bd8	584aab402bd8	7ffc5b097380	7778d5285010	0	6241a734014fc994	411323238ae5a2dc	2f0f9	7778d5284fc8	7ffc5b097410	3
16.882240	99cb0	38534bd155f353ff	7ffc5b08e998	f9754b0495bb8fba	6c2afd4507fda2e5	73a30025730bf3cb	2000000000000000	7ffc5b08e998	7ffc5b08e7c0	8	0	fa0a1ee7fd656b1b	9ee67162d6017789	e5	8000000000000000	7ffc5b08e7c0	7ffc5b08e7c8
16.894814	9aafa	584aadb759f0	7ffc5b09b7c0	3b61ec5ba1717444	7778d56d3690	8000000000000002	8000000000000001	0	7ffc5b097390	584aadc9c800	584aaacd5d20	40e1b69f2250765d	189a5776364914b7	f35a	584aab599490	7ffc5b097410	3
16.905696	940d4	0	0	0	0	7ffc5b08f730	7ffc5b08f738	7ffc5b08f908	7ffc5b08f720	8	0	cb52ae5f98568889	18dfa9918d724bf3	584aaafc65b8	8000000000000000	7ffc5b08f730	7ffc5b08f738
16.920375	9a1f6	584aaa2a63f0	584aab426e30	91b36	1	3d1de	584aab426e30	7ffc5b095338	7ffc5b0951d0	8	0	b423a1edc48aa263	40bb074bb2da5dca	584aab426e30	8000000000000002	584aaaf99480	30912
16.931441	9a1f6	584aa9c77110	584aab320de0	70f2c	584aa9b85010	3d1de	584aab320de0	584aab320de0	7ffc5b097380	7778d5285010	0	9fee0a9b92d2cac1	56aa806f81fe1614	25a64	7778d5284fc8	7ffc5b097410	4
16.937342	99cfc	8000000000000001	7778d38a6768	8000000000000001	8000000000000001	7778d38a6701	7ffc5b097458	1	7ffc5b097370	8	0	9491370c00c4e93f	140f3ceb676672ca	f29f	7778d5284fc8	7ffc5b097458	8000000000000000
16.950205	9a208	584aaa0526e0	584aab05f5b8	1	584f2ab238e9	584aa9b85010	7	7ffc5b092d08	7ffc5b092ba0	584aae199160	0	3f993a22d67586eb	189a5776364914b7	584aab05f5b8	8000000000000002	584aab506fd8	840d
16.961366	1f2e31f503c2	51	ffffffffffffff50	8	8	584aad833ae0	584aad833af0	584aab425de0	7ffc5b097340	7778d5285010	0	820962958d9e5567	1bea55a3a2c55c9e	30864	7778d5284fc8	7ffc5b097410	4
16.975229	1f2e31f4c709	584aaa6e5360	584aae3cf830	c1	584aae0ea1c0	584aaa6e5360	584aae3cf860	f0	7ffc5b0973e0	584f2947413f	584aadeda2f0	c0	fffffffffffeb0c0	7778d821ac98	7778d821ac80	584aae3cf920	584aae3cf
16.981408	9adab	1	7ffc5b09b7c0	584aa9dcfaa0	584f2d6d677f	584aa9b85010	7	6f6f	7ffc5b097390	584aaacfffa0	584aa9cbd370	584aae3da440	189a5776364914b7	3d1de	584aab599490	1	2
16.986958	9a1f6	584aaa3c74b0	584aaafc9ca8	6105	1	3d1de	584aaafc9ca8	7ffc5b08e728	7ffc5b08e5c0	8	0	8e44242fe50fa078	9f337845b563a1e3	584aaafc9ca8	8000000000000002	584aaaf99480	2057
17.000477	1f2e31f503c2	41	ffffffffffffff50	8	8	584aaa479ae0	584aaa479af0	584aab451700	7ffc5b097340	0	584aaacbc490	11	7778d821ace0	32570	7778d5284fc8	7ffc5b097410	0
17.015510	99cfc	8000000000000001	7778d3b39970	8000000000000001	8000000000000001	7778d3b39901	7ffc5b097458	1	7ffc5b097370	8	0	426a274657a38a9a	b1b0245ebf09ab10	9449	7778d5284fc8	7ffc5b097458	8000000000000000
17.027480	1f2e31f4eaa4	584aaa0a9500	7778d821ac80	584aaa2ce620	7778d821ad20	7778d821ad10	2	38	7ffc5b090370	584aa9b85010	7778d821ac80	2	7	584aaa476a70	40	584aaa2ce630	12
17.040605	1f2e31f4ea86	584aa9d27270	7778d821ac80	584aaa192920	7778d821ad10	7778d821ad00	1	28	7ffc5b097260	584aa9b85010	7778d821ac80	5	7	584aae3f8160	30	189a5776364914b7	11
17.054777	93557	8000000000000002	7ffc5b097500	584aadbf3fa0	4bbe40	3d1de	7778d5306010	1d	7ffc5b095bc0	9090	0	ed83b1e7c6a5be5a	3b5486d25f373cb7	8000000000000001	7ffc5b09b7c0	12ef9	ea
17.069199	1f2e31f4d6fb	ffffffffffffff88	30	1	0	584aa9b85010	7	584aa9c54f70	7ffc5b0972e0	584aa9c54f80	0	5b4cbe98fb7f6fe7	189a5776364914b7	7778d821ac80	0	7ffc5b097410	2
17.078172	92d74	ffffffffffbd2b90	7ffc5b09b7c0	11	4008d523ce610d5e	7778d5285010	fffffffffff89310	7ffc5b08da28	7ffc5b08d8d0	7778d5284fc8	0	16976298cf3afc87	a1edb2a0ae3e153d	0	76ce0	76cf0	31f50
17.084937	1f2e31f501c5	30	ffffffffffffff88	3	584aa9b85010	1	28	28	7ffc5b097330	7778d5285010	0	e90d98466eac6eda	2ea7da5824e58951	1	7778d5284fc8	7ffc5b097410	2
17.099968	99cfc	8000000000000001	7778d42e8c68	8000000000000001	8000000000000001	7778d42e8c01	7ffc5b092278	200	7ffc5b092100	8	0	3267b2a9079ee4ce	152fcafe09562740	7ffc5b092278	ffffffffffe0c794	7ffc5b092278	8000000000000000
17.106604	1f2e31f503c2	41	ffffffffffffff50	8	8	584aa9caff00	584aa9caff10	584aab0d12e8	7ffc5b097340	584aa9b85010	584aae155900	7	7	cfef	7778d5284fc8	7ffc5b097410	3
17.115253	1f2e31f4c862	584aaa9bb9a0	584aaad59120	40	41	584aaa9bb9a0	584aaa08f5f0	40	7ffc5b097450	584f2e7f0cb4	584aaad59120	40	189a5776364914b7	7778d821aca0	7778d821ac80	584aa9d94580	584aa9d94
17.129638	9aaca	584aa9f45e50	7ffc5b09b7c0	4ebac0	7778d5306010	3d1de	8000000000000001	13aeb	7ffc5b097390	584aaa70b150	0	3f459fa62eceb2c8	189a5776364914b7	13aeb	584aab599490	7ffc5b097410	2
17.144754	99cfc	8000000000000001	7778d3f52440	8000000000000001	8000000000000001	7778d3f52401	7ffc5b097458	1	7ffc5b097370	8	0	496e6e16d0a8dcb0	b4336de4780a7b8a	2ce38	7778d5284fc8	7ffc5b097458	8000000000000000
17.156369	93557	8000000000000002	7ffc5b097500	584aadbd2f80	de32c0	3d1de	7778d5306010	2d	7ffc5b094ec0	1ff	0	ed83b1e7c6d3f4c4	3b1e40d5dbe9eae7	8000000000000001	7ffc5b09b7c0	378cb	ef
17.165812	98553	584aadc1a790	38698	2a	1fff	3f06c5748ba92813	584aadc1a780	b	7ffc5b096b00	0	0	ed83b1e7c6e61552	3b2265f717e149b0	55915f0e4894f126	38698	299e3	7ffc5b097500
17.173395	9a208	584aa9d37e20	584aaafd20f0	1	584f2e53e4ad	584aa9b85010	7	584aaafd20f0	7ffc5b097380	584aae11d3e0	0	a40e15c763733eba	189a5776364914b7	25da	7778d5284fc8	7ffc5b097410	5
17.184648	92762	a	7ffc5b09b7c0	fc99309eacf6c6f0	7778d5285010	7778d5284fc8	0	7ffc5b0924e8	7ffc5b092390	8	0	dc0b88dd88ede860	441ecb2587dd5f32	7ffc5b0924e8	6105	7ffff	5387b
17.191869	99cfc	8000000000000001	7778d326d690	8000000000000001	8000000000000001	7778d326d601	7ffc5b097458	1	7ffc5b097370	8	0	5a36353bb33e4fd4	82256914f4bc57e5	2b366	7778d5284fc8	7ffc5b097458	8000000000000000
17.198418	99cfc	8000000000000001	7778d38f24b8	8000000000000001	8000000000000001	7778d38f2401	7ffc5b097458	1	7ffc5b097370	8	0	d7d848bfc6c163fc	7e87b315865f78ab	47c1	7778d5284fc8	7ffc5b097458	8000000000000000
17.205196	982da	8000000000000001	7ffc5b08c8d8	8000000000000001	3d6480	7778d56dc490	7ffc5b08c8d8	8000000000000000	7ffc5b08c860	7970	0	ed83b1e7c6fe61fd	3b6feb8b2c6e05fa	8000000000000001	7ffc5b09b7c0	f592	7778d56dc490
17.213450	99cfc	8000000000000001	7778d4e62b20	8000000000000001	8000000000000001	7778d4e62b01	7ffc5b097458	1	7ffc5b097370	8	0	cd0faf621b71022f	22d62554c3e1f563	29956	7778d5284fc8	7ffc5b097458	8000000000000000
17.219116	9a208	584aaaa7e750	584aab0bfc18	1	584f2ea18b5e	584aa9b85010	7	584aab0bfc18	7ffc5b097380	584aaa20e630	0	9ba18e70967ea13	189a5776364914b7	c451	7778d5284fc8	7ffc5b097410	3
17.227313	97f4b	0	7ffc5b097500	7ffc5b097500	f1	9325	7ffc5b09b7c0	e	7ffc5b0968c8	1	ffffffffffff8460	7ba0	584aadbec3f0	f1	0	29245	7ffc5b09b7c0
17.237216	97fe7	2daa	7ffc5b097500	584aae03d720	3fff	584aae03d710	0	1b	7ffc5b095d70	40	2db0	2db00	584aae00fc10	f1	7ffc5b09b7c0	282d7	f1
17.252188	92762	15	7ffc5b09b7c0	82c02f77b52e6025	7778d5285010	7778d5284fc8	0	7ffc5b090fc8	7ffc5b090e70	8	0	af278fbe3922e7e	5ee60cf95e92bab7	7ffc5b090fc8	0	7ffff	67a4c
17.259163	9a1f6	584aa9e6b340	584aab1089f8	2deaf	1	3d1de	584aab1089f8	7ffc5b091d98	7ffc5b091c30	8	0	524d65f247dee61	7edb83f6491d7df	584aab1089f8	8000000000000002	584aab5098b8	f4e5
17.272601	1f2e31f4eed6	40	7778d821ac80	40	584aaa07c720	4da0000	172	7778d821ad10	7ffc5b096d50	0	0	584aaa07c760	7778d821ace0	ffffffffffffff88	440	584aa9b85010	42
17.285912	1f2e31f503c2	41	ffffffffffffff50	8	8	584aaa34f4d0	584aaa34f4e0	584aab111a28	7ffc5b097340	7778d5285010	0	3d023f59222ac9fe	c89ba497169645d	fae7	7778d5284fc8	7ffc5b097410	3
17.296978	9858b	584aadbc2760	315c9	2c	7ff	c56ad0b40b9c2c34	584aadbc2750	584aadbbf190	7ffc5b092ee0	0	0	8000	35c	34d	35c0	35865	7ffc5b097500
17.309382	99cfc	8000000000000001	7778d513e160	8000000000000001	8000000000000001	7778d513e101	7ffc5b097458	1	7ffc5b097370	8	0	9c46a16927986e65	8f44eeece2e0579c	3737f	7778d5284fc8	7ffc5b097458	8000000000000000
17.320796	9a1f6	584aaa3667f0	584aab37eb78	7cadf	1	3d1de	584aab37eb78	7ffc5b08d068	7ffc5b08cf00	584aa9b85010	584aaa04ed10	7	7	584aab37eb78	8000000000000002	584aaaf99480	298f5
17.334624	9adab	1	7ffc5b09b7c0	584aaa6c43f0	584f2e80cbe9	584aa9b85010	7	3064c	7ffc5b097390	584aad019cc0	0	5b4cbe98fb7ef6be	189a5776364914b7	3d1de	584aab599490	1	1
17.341674	1f2e31f4c896	584aaa779fc0	584aa9df1b40	31	41	584aaa779fc0	584aacdde030	40	7ffc5b097450	584f2d65a331	584f2d65a331	30	189a5776364914b7	7778d821aca0	7778d821ac80	584aa9df1b80	584aa9df1
17.348292	92a5c	7778d5306010	7ffc5b09b7c0	443400	1	3d1de	7ffc5b091700	7ffc5b0917e8	7ffc5b091690	8	0	d43002f34aefccd1	797424ca19350f3b	7778d5749410	8000000000000002	584aaaf9e730	110d0
17.354611	99e95	584aa9db4b20	7ffc5b097410	5	584aa9b85010	584aa9fe4950	11	1	7ffc5b097360	7778d5285010	0	cd4822aed35de412	1eb19e7fcebc2da5	7f83	7778d5284fc8	584aae3ef080	1
17.364122	98aff	584aadbc9340	44	ffff8000	ffffffffffff8510	79e	7ff	584aadbc96e0	7ffc5b093f20	8	0	ed83b1e7c541f279	3b1d4d7b3f54f1cb	ffff8000	3a0	ffffffffffffc510	584aadbd1760
17.376837	9a826	584aaa73a7c0	584aaa73a7c0	1	584f291ed278	584aa9b85010	8000000000000000	7ffc5b08bce8	7ffc5b08bb80	584aad4f83a0	0	5d30e00efd381b28	189a5776364914b7	584aab4c3598	8000000000000002	584aab4a88b0	37161
17.384359	9adab	1	7ffc5b09b7c0	584aa9dd2230	584aac27c560	584aa9b85010	7	35233	7ffc5b097390	584aaa09c740	0	be64eb0eb228402c	189a5776364914b7	3d1de	584aab599490	1	3
17.390486	1f2e31f503c2	51	ffffffffffffff50	8	8	584aaa1c8070	584aaa1c8080	584aab42f3b0	7ffc5b097340	7778d5285010	0	d85aad03877ea588	960348ce5edca71c	30ea2	7778d5284fc8	7ffc5b097410	3
17.403979	9aaca	584aaa7297f0	7ffc5b09b7c0	c16540	7778d5306010	3d1de	8000000000000001	30595	7ffc5b097390	584aaa9f1520	0	3fd2cc3188a06398	189a5776364914b7	30595	584aab599490	7ffc5b097410	3
17.410701	92d74	ffffffffffc70d44	7ffc5b09b7c0	74	ff57ce335f873cac	7778d5285010	fffffffffff9ac24	7ffc5b096038	7ffc5b095ee0	7778d5284fc8	0	ef85755d9ad2a404	a7011aa18c131d9b	0	653cc	653dc	2944b
17.424371	9a1f2	584aaacd5600	584aab04e350	169da	584aa9b85010	3d1de	584aab04e350	584aab04e350	7ffc5b097380	7778d5285010	0	ccb0b42d1734e0c0	5d65fb0e8f8e83b8	789e	7778d5284fc8	7ffc5b097410	1
17.436657	92a5c	7778d5306010	7ffc5b09b7c0	1fbb00	1	3d1de	7ffc5b08b8c0	7ffc5b08b9a8	7ffc5b08b850	8	0	4664e3a8f1a3af8a	ac2a751f7663ff0b	7778d5501b10	8000000000000002	584aab0b1020	7eec
17.445228	9a1f6	584aa9eb0930	584aab197ba0	3fce4	1	3d1de	584aab197ba0	7ffc5b090398	7ffc5b090230	8	0	885b57044f014cb3	e52430a64a67829f	584aab197ba0	8000000000000002	584aab05ea78	1544c
17.452061	93557	8000000000000002	7ffc5b097500	584aadbf9770	b12940	3d1de	7778d5306010	f6	7ffc5b08ab70	38	0	ed83b1e7c5be51c0	3b29c2c3d5e335b6	8000000000000001	7ffc5b09b7c0	2c4a5	f7
17.462906	1f2e31f4d9dd	1	30	1	584aad4e0	584aa9b85010	7	584aad4e00f0	7ffc5b0972e0	584aad4e0100	0	7a6f4cb095ac711	189a5776364914b7	7778d821ac80	0	7ffc5b097410	1
17.468658	928b9	1	7ffc5b09b7c0	584aaaf99480	b3718	3d1de	3bd08	7ffc5b092008	7ffc5b091eb0	8	0	bc8526030740f35	55753b03c6c7e253	584aab534d40	8000000000000001	584aaaf99480	584aadf8d9a0
17.476995	9a1f2	584aac2db1d0	584aab179540	3c018	584aa9b85010	3d1de	584aab179540	584aab179540	7ffc5b097380	7778d5285010	0	5b4cbe98fb78b4e3	b408759bad33ca43	14008	7778d5284fc8	7ffc5b097410	3
17.487954	9a84c	8000000000000000	584aaa9d5d20	1	584f2e87bae6	584aa9b85010	8000000000000000	7ffc5b08f9d8	7ffc5b08f870	584aae426d60	584aaa447770	7	189a5776364914b7	584aab4c5fe0	8000000000000002	584aaaf99480	37324
17.500977	9aaca	584aad533e10	7ffc5b09b7c0	258500	7778d5306010	3d1de	8000000000000001	8000000000000000	7ffc5b097390	584aad7f4c30	0	eb4d5783e060e72c	189a5776364914b7	9614	eb90	7ffc5b097410	0
17.513810	92d29	83ff	7ffc5b09b7c0	48	8000000000000001	7778d5285010	79edd	7ffc5b094d88	7ffc5b094c30	7778d5284fc8	0	630900c80721cfb1	d4b8b21711f9a0de	0	7ffff	79edd	2be72
17.528590	981b4	0	7ffc5b096ae8	1	0	7ffc5b096ae0	8	a	7ffc5b096ae0	8	0	ed83b1e7c5be9d4f	3b7156038c3ed148	fb	7ffc5b09b7c0	0	fb
17.541720	99cfc	8000000000000001	7778d468ad10	8000000000000001	8000000000000001	7778d468ad01	7ffc5b097458	1	7ffc5b097370	8	0	14817acd718ffba	62f53516f59547c8	6201	7778d5284fc8	7ffc5b097458	8000000000000000
17.556238	9a1f6	584aa9c96960	584aab4609b8	98ea7	1	3d1de	584aab4609b8	7ffc5b093d48	7ffc5b093be0	8	584aaa700bc0	82888e49829f256	7778d821ace0	584aab4609b8	8000000000000002	584aaaf99480	32f8d
17.566154	9a1f6	584aa9f72950	584aab145028	35775	1	3d1de	584aab145028	7ffc5b094638	7ffc5b0944d0	8	0	2ece224638862960	60a1809c473b1c47	584aab145028	8000000000000002	584aaaf99480	11d27
17.571313	98182	bb2b631002a9c4ac	7ffc5b08ef68	61420ad513d3226e	0	52d78b47db74d03	c8440e7572daa1d9	a2	7ffc5b08ef60	a43d69101cbfd3b8	71481cd604c32870	0	ffffffffffffe1c0	fb	7ffc5b09b7c0	0	fb
17.579027	1f2e31f503c2	41	ffffffffffffff50	8	8	584aaa43b8b0	584aaa43b8c0	584aab46ab58	7ffc5b097340	7778d5285010	0	ead90ccc2a53509c	8c6d8c2cac1e8254	33649	7778d5284fc8	7ffc5b097410	2
17.593437	9a208	584aaa2a2700	584aab0c64b8	1	584f293dd571	584aa9b85010	7	7ffc5b08b8d8	7ffc5b08b770	584aaa1c12c0	0	e1ed5ddeec30972a	189a5776364914b7	584aab0c64b8	8000000000000002	584aab0f1e68	c8ad
17.600184	9a1f2	584aa9d0f860	584aab0f75b0	2bc26	584aa9b85010	3d1de	584aab0f75b0	584aab0f75b0	7ffc5b097380	7778d5285010	0	2ee5884738adba06	1b15bd0c86abd86a	e962	7778d5284fc8	7ffc5b097410	1
17.613496	93557	8000000000000002	7ffc5b097500	584aadbf9770	2a6a80	3d1de	7778d5306010	3c	7ffc5b094290	1dc5	0	ed83b1e7c6183a5b	3b6463073e07bb8b	8000000000000001	7ffc5b09b7c0	a9aa	fc
17.626102	1f2e31f4c806	584aaa039630	584aae3dde20	31	1	584aaa039630	584aae450260	40	7ffc5b097450	584f2e8d255d	584aaa27c680	30	189a5776364914b7	7778d821aca0	7778d821ac80	584aae3dde60	584aae3dd
17.631779	9a208	584aaaa187c0	584aab07a7f8	1	584f2edd4b96	584aa9b85010	7	7ffc5b08e178	7ffc5b08e010	584aaa016000	0	33d38c88918ff25c	189a5776364914b7	584aab07a7f8	8000000000000002	584aaaf99480	9625
17.639880	9ab55	c2cf07da49bc943b	7ffc5b09b7c0	7ffff	7778d5285010	61	2000000000000000	0	7ffc5b097390	8	0	4743742550beb900	331c0126eee98c81	2f57e	584aab599490	7ffc5b097410	5
17.646673	98dff	584aaaf99480	359b0	584aaaf99480	1	3d1de	584aade66250	7ffc5b097401	7ffc5b096a60	8000000000000000	0	584aad99e180	8000000000000001	0	1	0	7ffc5b09b7c0
17.659989	93557	8000000000000002	7ffc5b097500	584aadbe1f80	177ec0	3d1de	7778d5306010	cf	7ffc5b08cb20	f200	0	ed83b1e7c604c996	3b7ae9127d548c3e	8000000000000001	7ffc5b09b7c0	5dfb	fe
17.673050	92762	5f	7ffc5b09b7c0	c43663fe8e4507fb	7778d5285010	7778d5284fc8	0	7ffc5b096d38	7ffc5b096be0	8	0	2edbbb20bed7a188	7827d16a581fd8e	7ffc5b096d38	0	7ffff	15df3
17.678404	1f2e31f4c806	584aaa625890	584aaa7853f0	31	1	584aaa625890	584aa9f46de0	40	7ffc5b097450	584f2eee9b55	584aaa443cd0	30	189a5776364914b7	7778d821aca0	7778d821ac80	584aaa785430	584aaa785
17.690292	92a5c	7778d5306010	7ffc5b09b7c0	d2c240	1	3d1de	7ffc5b095250	7ffc5b095338	7ffc5b0951e0	8	0	f41ddaf518cd9365	152a76081122ffa1	7778d6032250	8000000000000002	584aaafddb80	34b09
17.704043	9a1f2	584aacdf0d50	584aab3b0ae0	82ecc	0	3d1de	584aab3b0ae0	584aab3b0ae0	7ffc5b097380	584aa9b85010	584aac287a60	7	7	2ba44	7778d5284fc8	7ffc5b097410	3
17.710459	1f2e31f503c2	51	ffffffffffffff50	8	8	584aade3c220	584aade3c230	584aab027200	7ffc5b097340	7778d5285010	0	d9ba08912c50db5e	f7f77738305815fa	5e90	7778d5284fc8	7ffc5b097410	1
17.716025	9a208	584aadf8dd90	584aab1a6510	1	584f2e86134a	584aa9b85010	7	7ffc5b095178	7ffc5b095010	584aad85aab0	0	cf2046f7e604ee88	189a5776364914b7	584aab1a6510	8000000000000002	584aaafffd50	15e06
17.727850	93557	8000000000000002	7ffc5b09b7c0	3f	1f2900	3d1de	7778d5306010	8000000000000001	7ffc5b094d90	7ffc5b0971c0	14	85cde25dbfec2741	902f4bd6a203fd7	81	7ffc5b0971c0	7ca4	14
17.742265	99cfc	8000000000000001	7778d30a1370	8000000000000001	8000000000000001	7778d30a1301	7ffc5b097458	4	7ffc5b097370	8	0	f346f675f2afe90	696abf552ec1c93c	e6f4	7778d5284fc8	7ffc5b097458	8000000000000000
17.752043	9a1f6	584aa9e472b0	584aab0861f8	1d9af	584aa9b85010	3d1de	584aab0861f8	584aab0861f8	7ffc5b097380	7778d5285010	0	808feb97cced37b7	7ac8f4b19baa6166	9de5	7778d5284fc8	7ffc5b097410	1
17.764967	92d74	ffffffffffeb118e	7ffc5b09b7c0	23	6a36a335fce6efeb	7778d5285010	fffffffffffdac9e	7ffc5b08e258	7ffc5b08e100	7778d5284fc8	0	bc538e62cba43c5e	41bb36c6c54b9ac9	0	25352	25362	161af
17.776811	1f2e31f500a1	30	ffffffffffffff88	0	584aa9b85010	1	28	28	7ffc5b097330	7778d5285010	0	4a4328aab108506a	3437447b7d0f8942	1	7778d5284fc8	7ffc5b097410	2
17.787887	9a1f6	584aa9c6c820	584aab071240	1afb8	584aa9b85010	3d1de	584aab071240	584aab071240	7ffc5b097380	7778d5285010	0	20ae6f9134bc6fee	82ec1814e3aa5c3b	8fe8	7778d5284fc8	7ffc5b097410	1
17.798864	98dee	584aaaf99480	0	584aab42cce0	0	3d1de	9bec83620be78000	7ffc5b097201	7ffc5b0967a0	584aac6a1780	4	7ffc5b097340	8000000000000001	0	1	30d04	7ffc5b09b7c0
17.813824	92a5c	7778d5306010	7ffc5b09b7c0	ebdc0	1	3d1de	7ffc5b096210	7ffc5b0962f8	7ffc5b0961a0	8	0	3896bda681d0e565	e19f9dc3862cc8bc	7778d53f1dd0	8000000000000002	584aab46aa50	3af7
17.824143	9a1f2	584aae0eebb0	584aab371a20	7b0b4	584aa9b85010	3d1de	584aab371a20	584aab371a20	7ffc5b097380	7778d5285010	0	ef30115b03a09932	5b91743f15284ca5	2903c	7778d5284fc8	7ffc5b097410	0
17.832443	1f2e31f503c2	41	ffffffffffffff50	8	8	584aadb9c4d0	584aadb9c4e0	584aab4f2da0	7ffc5b097340	7778d5285010	0	3fb901935a5e1909	3ba7956b4df0cbaf	3910c	7778d5284fc8	7ffc5b097410	3
17.843348	93557	8000000000000002	7ffc5b09b7c0	3f	ca0640	3d1de	7778d5306010	8000000000000001	7ffc5b08f530	7ffc5b0971c0	47	7ffc5b0970b0	d8e94de4243726cc	81	7ffc5b0971c0	32819	47
17.857181	9a1f6	584aaa17e200	584aab02f1b0	12ba6	1	3d1de	584aab02f1b0	7ffc5b0965a8	7ffc5b096450	8	0	3896bda681d1495f	e1e919544c8864aa	584aab02f1b0	8000000000000002	584aab05c6c0	63e2
17.868997	1f2e31f4ea65	584aaa083cb0	7778d821ac80	584aaa06ba70	7778d821ad10	7778d821ad00	1	28	7ffc5b097260	584aa9b85010	7778d821ac80	6	7	584aaa5860f0	30	584aaae465f0	11
17.877386	928c9	76a00	7ffc5b09b7c0	584aaaf99480	0	3d1de	0	7ffc5b0966e8	7ffc5b0965d0	8	0	80594a3d897dd696	20e70b21bb810570	584aaaf99480	8000000000000001	584aab34e4e8	584aaa6aaf70
17.888656	92d74	ffffffffffbf1b56	7ffc5b09b7c0	3e	5b9e4da7fc960da0	7778d5285010	fffffffffff8ca26	7ffc5b08e338	7ffc5b08e1e0	7778d5284fc8	0	426a274657aef502	b1d2f4f5008cf998	0	735ca	735da	510e
17.897741	94075	c36306f7329dcc3b	0	5159b4574a583be6	8	7ffc5b096df0	7ffc5b096df8	7ffc5b097230	7ffc5b096de0	0	0	8441c6a280514286	5b35df7aaf962b39	0	1	7ffc5b096e90	7ffc5b096df0
17.912899	94090	4ab4fb0721c96ab4	b57d	e4a450474d1e733f	8	7ffc5b097310	7ffc5b097318	b57e	7ffc5b097300	0	0	f77197fb7e6e2533	da1d3c6c0543acb0	b57e	8000000000000000	7ffc5b097310	7ffc5b097318
17.922199	93557	8000000000000002	7ffc5b09b7c0	81	b78640	3d1de	7778d5306010	8000000000000001	7ffc5b0968b0	7ffc5b0971c0	4	7ffc5b0970b0	60e1013c71dc9f7b	81	7ffc5b0971c0	2de19	4
17.933173	92762	2f	7ffc5b09b7c0	32713fd2b53b736	7778d5285010	7778d5284fc8	0	7ffc5b093ff8	7ffc5b093ea0	8	0	2ee5884738af0bd3	1b478b1dfa386127	7ffc5b093ff8	7ffc5b0971c0	7ffff	1176f
17.945605	9a1f6	584aae13f2c0	584aab0c0ae8	24ecd	584aa9b85010	3d1de	584aab0c0ae8	584aab0c0ae8	7ffc5b097380	7778d5285010	0	771f395900319a20	f7c32ed67ec6615d	c4ef	7778d5284fc8	7ffc5b097410	1
17.953996	9ab75	86d	7ffc5b09b7c0	7ffff	7778d5285010	1e	0	f091	7ffc5b097390	8	0	2e691f76bba44304	f8bce0d9cf743186	f091	7778d5284fc8	7ffc5b097410	1
17.964963	99cbf	888c979acb67ed29	7ffc5b0916d8	a1593576298c8911	fdd546cffbe79e6f	cb67ed29888c979a	2000000000000000	7ffc5b0916d8	7ffc5b091500	8	0	347e050e58ed221a	7204879cb89be765	584aab174ff8	8000000000000000	7ffc5b091500	7ffc5b091508
17.973918	98dee	584aaaf99480	0	584aab10f478	700	3d1de	e9a8810f6e000000	7ffc5b097301	7ffc5b096480	584aaa216ac0	4	7ffc5b0974a0	8000000000000001	0	1	f955	7ffc5b09b7c0
17.983470	92d74	ffffffffffc0393a	7ffc5b09b7c0	34	e363ef2792217d43	7778d5285010	fffffffffff8e9ea	7ffc5b08eb18	7ffc5b08e9c0	7778d5284fc8	0	cb890f295b44f567	c83025b58d48b303	0	71606	71616	8623
17.989949	9aaca	584aad807c90	7ffc5b09b7c0	562880	7778d5306010	3d1de	8000000000000001	158a2	7ffc5b097390	584aaa0435a0	0	7725c68dccd4f340	189a5776364914b7	158a2	584aab599490	7ffc5b097410	2
18.004266	9a208	584aaac8ce50	584aab164f90	39762	584aa9b85010	3d1de	584aab164f90	584aab164f90	7ffc5b097380	7778d5285010	0	51c0ca8913c1c5d6	ce3c379d39760070	13276	7778d5284fc8	7ffc5b097410	1
18.019482	9a208	584aaa0da8a0	584aab41a1b8	1	584f2ec74cb7	584aa9b85010	7	7ffc5b090e18	7ffc5b090cb0	584aaded72a0	0	d406e60cb7a14b75	189a5776364914b7	584aab41a1b8	8000000000000002	584aaaf99480	3008d
18.033372	9a1f6	584aaa205db0	584aab4a8e80	a1f40	1	3d1de	584aab4a8e80	7ffc5b0946f8	7ffc5b094590	0	584aadb74c40	584aaa7a1810	7778d821ace0	584aab4a8e80	8000000000000002	584aaaf99480	35fc0
18.038535	9a208	584aaa24faf0	584aaafbab88	42e1	584aa9b85010	3d1de	584aaafbab88	584aaafbab88	7ffc5b097380	7778d5285010	0	2746c962d9aadb8b	9146576b11dff27f	164b	7778d5284fc8	7ffc5b097410	5
18.046721	1f2e31f4ecbd	584aaa4fb	11	7778d821ac98	584aaa4fba30	0	7778d821ac88	28	7ffc5b097260	7778d5285010	584aabcc5000	3e211f6b1a53dc07	1	ffffffffffffff88	30	3	1
18.058150	1f2e31f4c806	584aad8c9220	584aa9fc7ba0	31	1	584aad8c9220	584aaa782ce0	50	7ffc5b097450	584f2d684cc7	584aa9c2d300	30	189a5776364914b7	7778d821aca8	7778d821ac80	584aa9fc7bf0	584aa9fc7
18.071291	982be	8000000000000001	7ffc5b095730	584aae1aeaa0	1	7ffc5b095808	7ffc5b095730	8000000000000000	7ffc5b095660	8	584aaaf94010	6e72a86d771ca6d0	7778d821ace0	584aab062db0	8000000000000001	584aaaf99480	7ffc5b095808
18.077682	9a1f2	584aaa31ee80	584aab427a48	91cb9	1	3d1de	584aab427a48	7ffc5b091eb8	7ffc5b091d50	0	584aac62bb20	584aac642450	7778d821ace0	584aab427a48	8000000000000002	584aaaf99480	30993
18.085566	98e19	584aaaf99480	31c24	584aaaf99480	101	3d1de	38ac23a400000000	7ffc5b097301	7ffc5b095ac0	584aad8a6530	4	7ffc5b0974a0	8000000000000001	0	1	0	7ffc5b09b7c0
18.099494	99cfc	8000000000000001	7778d3dfea80	8000000000000001	8000000000000001	7778d3dfea01	7ffc5b097458	4	7ffc5b097370	8	0	7725c68dccd6a667	ee423423b1797393	2d319	7778d5284fc8	7ffc5b097458	8000000000000000
18.106048	9a208	584aadcba2b0	584aab14df50	1	584aa9c90	584aa9b85010	7	584aab14df50	7ffc5b097380	584aa9c90800	0	32e31778b275ee14	189a5776364914b7	1231e	7778d5284fc8	7ffc5b097410	1
18.120306	9a1f6	584aac664160	584aab3da7c8	88269	1	3d1de	584aab3da7c8	7ffc5b08f838	7ffc5b08f6d0	8	0	88620d002d442c96	73aab930ef7e49ae	584aab3da7c8	8000000000000002	584aaaf99480	2d623
18.129848	99cfc	8000000000000001	7778d3163938	8000000000000001	8000000000000001	7778d3163901	7ffc5b095ca8	1	7ffc5b095b40	8	0	31ebd390751bfb2a	bf79f9dc7c50ba6d	7ffc5b095ca8	ffffffffffbdbd2e	7ffc5b095ca8	8000000000000000
18.143532	9a1f2	584aad89b910	584aab14edc0	36b28	0	3d1de	584aab14edc0	584aab14edc0	7ffc5b097380	584aa9b85010	584aac699d70	7	7	123b8	7778d5284fc8	7ffc5b097410	0
18.149563	9a1f2	584aaabc2ec0	584aab435860	9387c	584aa9b85010	3d1de	584aab435860	584aab435860	7ffc5b097380	7778d5285010	0	967b911466a8802b	c51ceb2f67b0cca3	312d4	7778d5284fc8	7ffc5b097410	0
18.156594	9a1f6	584aaa36ad10	584aab3666e0	79a4c	584aa9b85010	3d1de	584aab3666e0	584aab3666e0	7ffc5b097380	7778d5285010	0	6e029464e65d7cb3	d07ab8d3bf1b62a4	288c4	7778d5284fc8	7ffc5b097410	2
18.171314	9a17d	0	7ffc5b096318	0	38	584aace8ff40	11	7	7ffc5b0962c0	8	0	eff5f5ecaa5afc89	f7ecf699e93a0ddd	7ffffffffffffff8	8000000000000001	584aaa77df00	584aaa63ad60
18.182898	9566d	0	2e	584aadbcfef0	ae74	0	7ffc5b09b7c0	7ffc5b09b7c0	7ffc5b096ac0	4014	0	930c92944f81f4f1	ac93a863de88751b	ae74	0	30df	7ffc5b0975d0
18.194074	99cfc	8000000000000001	7778d3924690	8000000000000001	8000000000000001	7778d3924601	7ffc5b0952c8	1	7ffc5b095160	8	0	6c52bfbd2199fef6	f15be834f4c8c3f1	7ffc5b0952c8	ffffffffffcd3ed9	7ffc5b0952c8	8000000000000000
18.199307	9a1f2	584aaa1ac870	584aab37a660	7c23c	584aa9b85010	3d1de	584aab37a660	584aab37a660	7ffc5b097380	7778d5285010	0	2eec575b69ccdb40	d4502f13753d57c9	29614	7778d5284fc8	7ffc5b097410	5
18.207247	1f2e31f500a1	1f	ffffffffffffff88	584f28497325	584aa9b85010	32ce7	8	8	7ffc5b097360	584aad8d5420	0	4a4c61d8348753a7	189a5776364914b7	0	23408	10000	32ce7
18.220128	92762	69	7ffc5b09b7c0	95c1120ec71d5eee	7778d5285010	7778d5284fc8	0	7ffc5b0967b8	7ffc5b0966a0	8	0	80594a3d897d2315	20e55a83da9a75fd	7ffc5b0967b8	0	7ffff	11e39
18.232387	92a5c	7778d5306010	7ffc5b09b7c0	9be6c0	1	3d1de	7ffc5b08cd50	7ffc5b08ce38	7ffc5b08cce0	8	0	fe9fcfe035275647	40d16ea5e23e13f7	7778d5cc46d0	8000000000000002	584aab00c110	26f9b
18.237919	1f2e31f4c70f	7778d821ad30	7778d821ac80	61	584aaa1292b0	7778d821ad30	584aac654f50	38	7ffc5b0964c0	0	0	584aad83d770	7778d821ace0	20	40	60	2
18.249653	929ea	584aab599490	7ffc5b09b7c0	0	584aa9b85010	3d1de	270a5	7ffc5b0970e8	7ffc5b096fa0	584aaa621be0	3	804080000220010	189a5776364914b7	584aab3423f8	8000000000000001	584aab3de8d8	584aacea9d30
18.258186	1f2e31f4e9e8	584aae3c9a40	7778d821ac80	584aae3d2720	7778d821ad10	7778d821ad00	7778d821ac88	28	7ffc5b097260	7778d5285010	0	e1424da87731b8a6	d0aceb70d5d9c64c	1	30	3	1
18.265318	1f2e31f503c2	31	ffffffffffffff50	8	8	584aaa57f370	584aaa57f380	584aab4c7b70	7ffc5b097350	7778d5285010	0	82d4c5730f5c7f8b	a6b6369f2a00256	3744a	7778d5284fc8	7ffc5b097410	1
18.274363	99cfc	8000000000000001	7778d2fb26f0	8000000000000001	8000000000000001	7778d2fb2601	7ffc5b097458	1	7ffc5b097370	8	0	cd3bf3cf15e78c83	c44d8b9b01772055	ae3e	7778d5284fc8	7ffc5b097458	8000000000000000
18.284053	93557	8000000000000002	7ffc5b09b7c0	81	c45040	3d1de	7778d5306010	8000000000000001	7ffc5b093350	7ffc5b097160	23	95cf5a223ab0cb44	f6ddae6d08e509d9	81	7ffc5b097160	31141	23
18.289674	94083	1c85be0470f0be52	0	ed32aa9543a9016e	8	7ffc5b0956a0	7ffc5b0956a8	7ffc5b095878	7ffc5b095690	0	0	f77197fb7e3a05fa	2a0ff9207f55e2bc	7ffc5b09b7c0	8000000000000000	7ffc5b0956a0	7ffc5b0956a8
18.296581	9a1f6	584aaad62df0	584aab4fb1d0	ac3aa	1	3d1de	584aab4fb1d0	7ffc5b0961c8	7ffc5b096070	8	584aadc72490	34c0970ed5fe9464	7778d821ace0	584aab4fb1d0	8000000000000002	584aaaf99480	3968e
18.307271	99c0c	a6645d63ada0c286	7ffc5b08dd18	4e48054a6df64f2	fc9e627729cb55b4	49b5110874c6ae1b	2000000000000000	7ffc5b08dd18	7ffc5b08db40	8	0	b992d7d1f8a4235c	24e48054a6df64f2	7ffc5b09b7c0	8000000000000000	7ffc5b08db40	7ffc5b08db48
18.316851	99c24	4ed9cb4e5ec2147d	7ffc5b097458	208646e15cdbd7f2	3eea49c15055b997	96fb7641a6fa38b5	2000000000000000	b12f	7ffc5b097310	8	0	f9d60bbb441d8c9f	4aacf6ec64d85be2	b12f	8000000000000000	7ffc5b097310	7ffc5b097318
18.322601	9a1f6	584aaabfaaf0	584aab032570	1321e	0	3d1de	584aab032570	584aab032570	7ffc5b097380	584aa9b85010	584aaa742ba0	584aa9eae800	1	660a	7778d5284fc8	7ffc5b097410	6
18.335701	99cfc	8000000000000001	7778d3c6a698	8000000000000001	8000000000000001	7778d3c6a601	7ffc5b097458	4	7ffc5b097370	8	0	d7d848bfc6c16076	7e8623d433997411	2636a	7778d5284fc8	7ffc5b097458	8000000000000000
18.348910	9a208	584aaa0feff0	584aab492ad0	1	584f2ede18bd	584aa9b85010	7	7ffc5b0963c8	7ffc5b0962a0	584aac68d8f0	0	31ebd390751d46ff	189a5776364914b7	584aab492ad0	8000000000000002	584aab492ab8	350ee
18.357668	92a5c	7778d5306010	7ffc5b09b7c0	395f40	1	3d1de	7ffc5b08db50	7ffc5b08dc38	7ffc5b08dae0	8	0	fa0a1ee7fd629e74	9eed83fc2512631e	7778d569bf50	8000000000000002	584aab025eb0	e57d
18.367494	92762	5	7ffc5b09b7c0	4e0d9b3eb1690132	7778d5285010	7778d5284fc8	0	7ffc5b096708	7ffc5b0965c0	8	0	86d7a1b2d168b662	11f9cafb851b8fc1	7ffc5b096708	1	7ffff	63c77
18.375985	92d74	ffffffffffc59bcf	7ffc5b09b7c0	3b	d9335888a578fa35	7778d5285010	fffffffffff98317	7ffc5b0956a8	7ffc5b095560	7778d5284fc8	0	6e029464e65c605e	d018da4d49a70191	0	67cd9	67ce9	2f118
18.385400	98d35	584aaaf99480	2b2d9	584aaaf99480	f01	3d1de	8188b	7ffc5b097301	7ffc5b096d80	0	1e320	7ffc5b0974a0	8000000000000001	0	1	0	7ffc5b09b7c0
18.390682	9a826	584aace2c9f0	584aace2c9f0	a7394	0	3d1de	7	584aab4d3120	7ffc5b097370	584aa9b85010	584aaae87dd0	7	7	37bdc	7778d5284fc8	7ffc5b097410	4
18.397516	9a1f6	584aaa6e83a0	584aab0de8d8	28a8b	584aa9b85010	3d1de	584aab0de8d8	584aab0de8d8	7ffc5b097380	7778d5285010	0	6c6dfd9081d24777	b7761c53a517d595	d8d9	7778d5284fc8	7ffc5b097410	1
18.409112	99cfc	8000000000000001	7778d3fc4aa0	8000000000000001	8000000000000001	7778d3fc4a01	7ffc5b097458	1	7ffc5b097370	8	0	4aaa45387a395ec1	642c6924d0d9491d	6110	7778d5284fc8	7ffc5b097458	8000000000000000
18.420962	99ca3	13b19f89173ed80d	7ffc5b095b18	c16e85fb0f1ed018	9a56e27065e58a0a	93ae843efd8de283	2000000000000000	7ffc5b095b18	7ffc5b095980	8	0	b426133310f416d7	e526568315d08e63	584aab4db5e0	8000000000000000	7ffc5b095980	7ffc5b095988
18.426748	95591	1f88	3e	584aadc330b0	1fff	0	1000000000000000	7ffc5b09b7c0	7ffc5b096eb0	8	0	8ac3696cae7f861f	8f14486baa1fa236	8000000000000001	16174	16173	7ffc5b0975d0
18.440713	1f2e31f4ef07	30	7778d821ac80	30	584aaa72aa30	584aaa208e00	308	7778d821ad00	7ffc5b0960e0	0	0	584aaa72aa60	7778d821ace0	ffffffffffffff88	42020	584aa9b85010	4200
18.451861	9a208	584aad498520	584aaafead98	1	584f2edcfb4a	584aa9b85010	7	7ffc5b08e798	7ffc5b08e630	584aabcbace0	0	5b4cbe98fb7f55e5	189a5776364914b7	584aaafead98	8000000000000002	584aab0edcf8	3661
18.466954	1f2e31f503c2	41	ffffffffffffff50	8	8	584aaa9dbe90	584aaa9dbea0	584aab06a280	7ffc5b097340	7778d5285010	584aadeb8050	38c8727479943fa7	1	8b40	7778d5284fc8	7ffc5b097410	3
18.477969	9aaca	584aae1a9960	7ffc5b09b7c0	47080	7778d5306010	3d1de	8000000000000001	0	7ffc5b097390	584aad03b250	584aaad02830	7	189a5776364914b7	11c2	584aab599490	7ffc5b097410	2
18.490176	1f2e31f4c896	584aaa1be820	584aaa00f110	31	41	584aaa1be820	584aaac2e020	40	7ffc5b097450	584f2d7e2fbf	584f2d7e2fbf	30	189a5776364914b7	7778d821aca0	7778d821ac80	584aaa00f150	584aaa00f
18.501230	94057	0	7ffc5b095a08	1	0	7ffc5b095a00	7ffc5b095a08	81	7ffc5b0959f0	0	1	89e5fcbd7e616a69	f91a6f5cb8590477	7ffc5b09b7c0	7ffc5b097160	7ffc5b095b00	7ffc5b095a00
18.508380	98dff	584aaaf99480	2bc2c	584aaaf99480	701	3d1de	584aaa1bfe60	7ffc5b097201	7ffc5b094ca0	8000000000000000	0	7ffc5b097340	8000000000000001	0	1	0	7ffc5b09b7c0
18.523014	92762	a	7ffc5b09b7c0	4eaf53362a10610	7778d5285010	7778d5284fc8	0	7ffc5b089d38	7ffc5b089be0	8	0	8f1e214b80990d77	fc7d08416c83b4e0	7ffc5b089d38	7ffc5b097160	7ffff	411c3
18.531799	9a208	584aaa397e70	584aab395540	1	584f2edebb1c	584aa9b85010	7	7ffc5b096ac8	7ffc5b096970	584aaad0c650	0	bb2520eae5ccb50	189a5776364914b7	584aab395540	8000000000000002	584aab164ea0	2a808
18.539488	9a1f2	584aac68ba90	584aaafb93e8	3fed	584aa9b85010	3d1de	584aaafb93e8	584aaafb93e8	7ffc5b097380	7778d5285010	0	90d64a96cb3d20ba	65b9deb67eb5ba08	154f	7778d5284fc8	7ffc5b097410	5
18.547490	9aaca	584aaa712b70	7ffc5b09b7c0	ee6c0	7778d5306010	3d1de	8000000000000001	3b9b	7ffc5b097390	584aad88b200	0	4a4c61d834864c39	189a5776364914b7	3b9b	584aab599490	7ffc5b097410	4
18.556482	9a1f2	584aad541bd0	584aab155a50	378ba	0	3d1de	584aab155a50	584aab155a50	7ffc5b097380	584aa9b85010	584aadb4f050	584aa9c21290	1	1283e	7778d5284fc8	7ffc5b097410	2
18.568494	1f2e31f4c862	584aa9d3ebe0	584aaad1fba0	30	41	584aa9d3ebe0	584aaa00d0d0	40	7ffc5b097450	584f2e7b56ba	584aaad1fba0	30	189a5776364914b7	7778d821aca0	7778d821ac80	584aaad1a6c0	584aaad1a
18.582761	1f2e31f4ea65	584aac2b0cd0	7778d821ac80	584aaac94490	7778d821ad20	7778d821ad10	2	38	7ffc5b095880	584aa9b85010	7778d821ac80	4	7	584aa9f07a90	40	584aa9d81fc0	12
18.593096	9353e	448	44	584aadbebd50	33ac5	3d1de	7778d5306010	7ffc5b09b7c0	7ffc5b095080	8	0	95115386795b8133	7375178dfd1e98d7	8000000000000001	0	33ac5	7ffc5b0975d0
18.601091	95e64	73	1fc0	fffffff8	3fc2	3fb2	3fff	584aadfff6d0	7ffc5b095490	8	0	951f70b0145c3811	8eb39920068563ff	3d	1fc2	fffffffc	584aadc33110
18.613068	1f2e31f503c2	51	ffffffffffffff50	8	8	584aaaaa1d60	584aaaaa1d70	584aaafe2a70	7ffc5b097340	7778d5285010	0	6e6f8a8bab372bb8	cea1a307ae08e92c	30ea	7778d5284fc8	7ffc5b097410	4
18.618660	9a208	584aadee0fc0	584aab2b0ef8	62f4f	584aa9b85010	3d1de	584aab2b0ef8	584aab2b0ef8	7ffc5b097380	7778d5285010	0	ca21fa9dec9269ef	a2d71f9dea02458	20fc5	7778d5284fc8	7ffc5b097410	4
18.632292	9a1f2	584aae4405c0	584aab4846d0	9d64a	584aa9b85010	3d1de	584aab4846d0	584aab4846d0	7ffc5b097380	7778d5285010	0	304cffb57582cd5a	50494e21470dc2bc	3476e	7778d5284fc8	7ffc5b097410	2
18.642947	1f2e31f4c862	584aaa2f2130	584aaa49a020	30	41	584aaa2f2130	584aaa17df00	40	7ffc5b097450	584f2ee3003f	584aaa49a020	30	189a5776364914b7	7778d821aca0	7778d821ac80	584aaa01f3b0	584aaa01f
18.648865	92ae8	584aab599490	7ffc5b09b7c0	584f2e349c62	584aaa9e3f50	3d1de	7	7ffc5b08bd98	7ffc5b08bc40	584aaa332570	0	cf5f476e31b7961e	189a5776364914b7	584aab2d25b8	8000000000000002	584aaaf99480	2260d
18.654151	92762	37	7ffc5b09b7c0	9eccafd8a43665f6	7778d5285010	7778d5284fc8	0	7ffc5b0925b8	7ffc5b092460	8	0	444b99e2fbc6dfa	808f2501661745a0	7ffc5b0925b8	7ffc5b0971c0	7ffff	2ac3b
18.668558	9a1f6	584aa9d71220	584aab0c4e20	25734	1	3d1de	584aab0c4e20	7ffc5b095458	7ffc5b095330	0	584aae1a8ac0	584aa9d9e540	7778d821ace0	584aab0c4e20	8000000000000002	584aaaf99480	c7bc
18.681345	94608	7778d5ea8b90	23	7778d5ea8b90	ba2b80	2e8ae	7778d5ea8b90	8000000000000001	7ffc5b095200	0	1	8ac28ec526072834	161c9cc1fb177394	22	7ffc5b0971c0	2e8ae	11
18.688652	9a1f2	584aa9fe2930	584aaafa65f0	1a2e	0	3d1de	584aaafa65f0	584aaafa65f0	7ffc5b097380	584aa9b85010	584aaa3df780	7	7	8ba	7778d5284fc8	7ffc5b097410	4
18.696043	99cfc	8000000000000001	7778d344e7d0	8000000000000001	8000000000000001	7778d344e701	7ffc5b097458	1	7ffc5b097370	8	0	7c381a994d7048dc	ed1f4cb9a9d9d6c0	215e	7778d5284fc8	7ffc5b097458	8000000000000000
18.703678	9a1f6	584aad4b9a90	584aaaff4ff8	b76f	0	3d1de	584aaaff4ff8	584aaaff4ff8	7ffc5b097380	584aa9b85010	584aaaced0c0	7	7	3d25	7778d5284fc8	7ffc5b097410	1
18.716931	99cfc	8000000000000001	7778d42318f0	8000000000000001	8000000000000001	7778d4231801	7ffc5b097458	4	7ffc5b097370	8	0	6002932f6d10ead5	912143c942b66eb9	c539	7778d5284fc8	7ffc5b097458	8000000000000000
18.727723	955a1	1f4	4c	584aadbd1870	7ff	10	1000	7ffc5b09b7c0	7ffc5b096cb0	8	0	8af57e91dec97211	16a06e6c68b0b4c3	8000000000000001	30dd9	346e7	7ffc5b0975d0
18.739128	955a5	31c4	4e	584aae03d710	3fff	0	2000	7ffc5b09b7c0	7ffc5b095050	8	d	8ab885143f6f0bbf	3c9ba2aef417ed71	8000000000000001	2353f	2bb1b	7ffc5b0975d0
18.749254	1f2e31f4d9e1	7	30	1	584f2aa71c17	584aa9b85010	7	584aaad37270	7ffc5b096760	584aaad37280	0	8bc19a9fbc5da752	189a5776364914b7	7778d821ac80	0	584aab3683c0	5dfe
18.758657	1f2e31f4c70f	7778d821ad30	7778d821ac80	61	584aa9c413d0	7778d821ad30	584aadc92530	38	7ffc5b08cab0	0	0	584aade37e70	7778d821ace0	20	40	60	2
18.771074	99cfc	8000000000000001	7778d35cb950	8000000000000001	8000000000000001	7778d35cb901	7ffc5b093e88	2	7ffc5b093d20	8	0	d07ef872aa5f72a0	b3ed21d7cc197db1	7ffc5b093e88	ffffffffffc68d31	7ffc5b093e88	8000000000000000
18.785672	9a1f2	584aaaebb700	584aab422b70	912de	584aa9b85010	3d1de	584aab422b70	584aab422b70	7ffc5b097380	7778d5285010	0	4b84c6ff32c16119	fb2c0f41041e92a6	3064a	7778d5284fc8	7ffc5b097410	3
18.799703	9a1f2	584aaa6e9150	584aab4daf38	a8357	0	3d1de	584aab4daf38	584aab4daf38	7ffc5b097380	0	584aade97b10	11	7778d821ace0	3811d	7778d5284fc8	7ffc5b097410	2
18.813185	940d2	0	2d748	93b2fd9472bd5585	0	7ffc5b096f60	7ffc5b096f68	7ffc5b09b7c0	7ffc5b096f50	8	0	ed83b1e7c23c47fb	3b2bb1224b86391a	15c6f	2ef81	52	7ffc5b096f60
18.823358	937e0	584aadc22250	3859c	11	fff	ccb7cb4df2110165	11552	20	7ffc5b091fd0	2e	1	584aadc39c90	0	bcd	bd2	7ffc5b092060	7ffc5b0970b0
18.832391	92a5c	7778d5306010	7ffc5b09b7c0	35d340	1	3d1de	7ffc5b093c30	7ffc5b093d08	7ffc5b093bc0	8	0	304cffb575828575	5036408fa9b71ab1	7778d5663350	8000000000000002	584aab0dc190	d74d
18.841491	1f2e31f4d6df	ffffffffffffff88	30	1	0	584aa9b85010	7778d821ac80	584aaa399a50	7ffc5b08f800	584aad89a3e0	584aad5182c0	584aadcab620	189a5776364914b7	7778d821ac80	0	584aaaf99480	302e9
18.846894	93557	8000000000000002	7ffc5b09b7c0	3f	4b6640	3d1de	7778d5306010	8000000000000001	7ffc5b08fb50	7ffc5b0971c0	43	fadce33e8b2edeb8	a2d1a051bcdba41f	81	7ffc5b0971c0	12d99	43
18.861917	9a1f2	584aaac07f00	584aab42b6a8	92445	0	3d1de	584aab42b6a8	584aab42b6a8	7ffc5b097380	584aa9b85010	584aa9d1b880	584aaa782e40	1	30c17	7778d5284fc8	7ffc5b097410	4
18.872396	1f2e31f4ea65	584aadf8a840	7778d821ac80	584aac676cf0	7778d821ad10	7778d821ad00	1	28	7ffc5b097260	584aa9b85010	7778d821ac80	2	7	584aaae56680	30	584aac2bf4d0	11
18.880239	99cfc	8000000000000001	7778d44abb08	8000000000000001	8000000000000001	7778d44abb01	7ffc5b097458	2	7ffc5b097370	8	0	6d1df7466ac30eea	d89503d90bb3f7b6	140ac	7778d5284fc8	7ffc5b097458	8000000000000000
18.893407	1f2e31f4c806	584aaaced810	584aa9d987a0	31	1	584aaaced810	584aaa0275b0	40	7ffc5b097450	584f2eddade8	584aaa773070	30	189a5776364914b7	7778d821aca0	7778d821ac80	584aa9d987e0	584aa9d98
18.903180	1f2e31f503c5	31	ffffffffffffff50	7f89f	1	584aade217b0	584aade217c0	0	7ffc5b08a620	8	0	e1bbff08c697d065	265ce21209f01a1	584aab395978	8000000000000002	584aaaf99480	2a835
18.917956	982c2	8000000000000001	7ffc5b093db0	8000000000000001	1	7ffc5b093e88	7ffc5b093db0	8000000000000000	7ffc5b093ce0	8	584aad541d30	d076203e26058bfe	7778d821ace0	584aab4f8728	8000000000000001	584aaaf99480	7ffc5b093e88
18.928562	99183	bb2b631002a9cd18	7ffc5b095368	61420ad513d3226e	a43d69101cbfda0c	52d78b47db74d03	c8440e7572daa86d	2f983	7ffc5b095360	71481cd604c32870	0	94aaab589f38c4f	5b694820aa0332de	0	1	7ffc5b095450	7ffc5b097230
18.939447	940b2	1fd07184694ce3e1	34512	93b184bc72bd5585	8	7ffc5b094740	7ffc5b094748	2808a	7ffc5b094730	8	0	ed83b1e7eb5d3ed3	3b19edc3488e8c83	0	1	7ffc5b094830	7ffc5b094740
18.946723	99cfc	8000000000000001	7778d43130d0	8000000000000001	8000000000000001	7778d4313001	7ffc5b097458	2	7ffc5b097370	8	0	1e4b392ff9c4cf1c	65ca7f414133ab38	e06	7778d5284fc8	7ffc5b097458	8000000000000000
18.956850	99cfc	8000000000000001	7778d3e768e8	8000000000000001	8000000000000001	7778d3e76801	7ffc5b097458	1	7ffc5b097370	8	0	11804cc156990123	ff1bc701acf484ed	113d8	7778d5284fc8	7ffc5b097458	8000000000000000
18.963007	9aaa8	584aae1062c0	7ffc5b09b7c0	584aab599490	584f2975fc2e	3d1de	8000000000000001	94c	7ffc5b097390	584aa9cce140	0	5a36353bb33f2e17	189a5776364914b7	2955f	584aab599490	7ffc5b097410	0
18.974689	9aaca	584aaac9b1f0	7ffc5b09b7c0	58c80	7778d5306010	3d1de	8000000000000001	1632	7ffc5b097390	584aadf2aa60	0	9374725c25a6dd65	189a5776364914b7	1632	584aab599490	7ffc5b097410	0
18.988902	98dee	584aaaf99480	0	584aab4eb330	0	3d1de	1e3da9fb1a800671	7ffc5b097201	7ffc5b095f60	584aae12c320	4	7ffc5b097340	8000000000000001	0	1	38bf2	7ffc5b09b7c0
18.995337	92a5c	7778d5306010	7ffc5b09b7c0	9af000	1	3d1de	7ffc5b08edb0	7ffc5b08ee98	7ffc5b08ed40	8	0	42b0c9a0a8566518	285d2d251232b6b4	7778d5cb5010	8000000000000002	584aab3a9898	26bc0
19.004393	9a1f6	584aa9e47cc0	584aab4db058	a837b	1	3d1de	584aab4db058	7ffc5b0934c8	7ffc5b093370	8	0	80e82dc39789b20e	b331a3773f9237a6	584aab4db058	8000000000000002	584aab4db040	38129
19.011839	9a208	584aaac7d8e0	584aab35cd68	1	584f2d4c57a8	584aa9b85010	7	7ffc5b0949a8	7ffc5b094880	584aad808dc0	0	304cffb575813562	189a5776364914b7	584aab35cd68	8000000000000002	584aab004088	2825f
19.020118	92ae8	584aab599490	7ffc5b09b7c0	1	584f294223b7	3d1de	7	7ffc5b08d8b8	7ffc5b08d760	584aa9ed7b20	0	edbf7ea1bccb20f6	189a5776364914b7	584aab05eb08	8000000000000002	584aab45b438	839b
19.032076	992a0	e8961d077149cd25	7ffc5b093fb8	db1f5d2ac548b5ed	78453c8939e08f79	92ee60790c817fe0	1800000000000000	584aaddaaac0	7ffc5b093fb0	8	0	410e8d98f099c822	1dd1a67f473fdce8	ffffe000	300	584aadda4600	7ffc5b093fb0
19.041594	9a1f2	584aadf91ed0	584aab028820	11e74	584aa9b85010	3d1de	584aab028820	584aab028820	7ffc5b097380	7778d5285010	0	304cffb575813d32	5027495c0805b2f4	5f7c	7778d5284fc8	7ffc5b097410	2
19.054074	9a208	584aac287e50	584aab0e2da8	29325	584aa9b85010	3d1de	584aab0e2da8	584aab0e2da8	7ffc5b097380	7778d5285010	0	3bfc122233f67247	b3075d6d4f6917e3	dbb7	7778d5284fc8	7ffc5b097410	4
19.067964	99e3f	8000000000000001	7ffc5b09b7c0	0	80	1	7ffc5b097410	4	7ffc5b097388	7778d5285010	0	f7e7bc21ae6b64e3	5d214e8228fd173d	3bd33	7778d5284fc8	7ffc5b097410	3
19.075891	92762	70	7ffc5b09b7c0	e32853c6e3e11f89	7778d5285010	7778d5284fc8	0	7ffc5b0959a8	7ffc5b095890	8	0	4a84eda7eeeb29bc	954ece81d4290c35	7ffc5b0959a8	0	7ffff	4135b
19.088185	9a1f6	584aaa043790	584aab3a0178	80d9f	1	3d1de	584aab3a0178	7ffc5b08b318	7ffc5b08b1b0	8	0	86c03fc3f307fdb0	e2978d1b495d3473	584aab3a0178	8000000000000002	584aaaf99480	2af35
19.100943	9a208	584aae3b1ed0	584aab0e0e28	1	584f2880a9ad	584aa9b85010	7	7ffc5b094548	7ffc5b0943f0	584aac69dca0	584aa9c68e10	584aac642960	189a5776364914b7	584aab0e0e28	8000000000000002	584aaaf99480	da67
19.113735	9a84c	8000000000000000	584aaae7dee0	1	584f296f4593	584aa9b85010	8000000000000000	7ffc5b093e68	7ffc5b093d40	584aadf53b30	0	5a742a5dd6bce162	189a5776364914b7	584aab42dd78	8000000000000002	584aab361af0	30db5
19.121295	92762	14	7ffc5b09b7c0	4f271d2f77804451	7778d5285010	7778d5284fc8	0	7ffc5b08bbd8	7ffc5b08ba80	8	0	400cb30f4c0044c4	f9f6a4dd765c236f	7ffc5b08bbd8	7ffc5b0971c0	7ffff	7ba7a
19.128213	98e40	584aaaf99480	0	584aac2d5590	8000000000000000	3d1de	6befdfeeae384d2a	7ffc5b097301	7ffc5b096240	5c	4	7ffc5b0974a0	8000000000000001	0	1	2be1b	7ffc5b09b7c0
19.142687	9a1f2	584aaa3d21d0	584aab4dbbe0	a84ec	0	3d1de	584aab4dbbe0	584aab4dbbe0	7ffc5b097380	584aa9b85010	584aade81220	7	7	381a4	7778d5284fc8	7ffc5b097410	2
19.149937	1f2e31f503c2	31	ffffffffffffff50	8	8	584aaacba080	584aaacba090	584aab0df340	7ffc5b097350	7778d5285010	0	6985f055bafba832	e9e8e4c00c6ab797	d948	7778d5284fc8	7ffc5b097410	3
19.158651	94057	7ffc5b097318	7ffc5b097458	1	8	7ffc5b097310	7ffc5b097318	d43f	7ffc5b097300	0	0	b992d7d1f8bbb9b8	189a5776364914b7	d43f	8000000000000000	8000000000000001	8000000000000001
19.171416	1f2e31f4ef7e	0	7778d821ac80	9	584aaa2399a0	200	12fa	7778d821ad60	7ffc5b094400	0	0	584aad5115f0	7778d821ace0	ffffffffffffff88	110	584aa9b85010	f
19.178611	1f2e31f4ef07	30	7778d821ac80	30	584aadeee840	584aade02910	ab	7778d821ad00	7ffc5b08cab0	0	0	584aadeee870	7778d821ace0	ffffffffffffff88	21020	584aa9b85010	2100
19.184633	1f2e31f4ef07	30	7778d821ac80	30	584aa9dc31c0	584aaa05e550	4b8	7778d821ad60	7ffc5b0969b0	0	0	584aa9dc31f0	7778d821ace0	ffffffffffffff88	540	584aa9b85010	52
19.193303	98e40	584aaaf99480	0	584aaa0e3240	8000000000000000	3d1de	e089ca98f0000000	7ffc5b097201	7ffc5b092d20	62	4	7ffc5b097340	8000000000000001	0	1	2b3b4	7ffc5b09b7c0
19.200883	982ae	18611	7ffc5b09b7c0	584aae1aeaa0	1	7ffc5b094b98	7ffc5b094af0	7ffc5b094b98	7ffc5b094a20	0	584aadc8c090	584aaaa92e40	7778d821ace0	584aab3a15e8	8000000000000001	584aaaf99480	7ffc5b094b98
19.206509	9a84c	8000000000000000	584aab79e780	1	584f2923a69f	584aa9b85010	8000000000000000	7ffc5b090638	7ffc5b0904d0	584aac2afbd0	0	1fe2fe4389fcb3b9	189a5776364914b7	584aab38e310	8000000000000002	584aab445220	2a346
19.214727	9a1f6	584aa9f8f940	584aab0e3948	29499	1	3d1de	584aab0e3948	7ffc5b08edb8	7ffc5b08ec50	0	584aaa59d970	584aad873ed0	7778d821ace0	584aab0e3948	8000000000000002	584aaaf99480	dc33
19.224071	98e74	584aaaf99480	0	b657ba806c97b7aa	584aa9c5bc40	3d1de	7	7ffc5b097301	7ffc5b096840	60	4	7ffc5b0974a0	8000000000000001	0	1	283bf	7ffc5b09b7c0
19.231571	9ab6d	56946	7ffc5b09b7c0	7ffff	7778d5285010	62	0	0	7ffc5b097390	8	0	497be3a3473053f8	613d633077c01570	2f162	7778d5284fc8	7ffc5b097410	1
19.238574	be0de	7ffc5b097360	584aad4e3340	8	8	584aaaf5c260	38	584aab498278	7ffc5b097368	7778d5285010	0	cf1f3ce930c55112	ca19a67599cfaac4	35495	7778d5284fc8	7ffc5b097410	7
19.244279	1f2e31f4ea65	584aad890170	7778d821ac80	584aaa32fe00	7778d821ad10	7778d821ad00	1	28	7ffc5b097260	584aa9b85010	7778d821ac80	3	7	584aaa1c0a70	30	584aabcbe4f0	11
19.258847	1f2e31f503c2	41	ffffffffffffff50	8	8	584aad8e3740	584aad8e3750	584aaafc5160	7ffc5b097340	7778d5285010	0	c66f66f2067ac673	b3196103601bea4	1d34	7778d5284fc8	7ffc5b097410	2
19.270161	9a1f6	584aacffb190	584aab553e98	b7543	1	3d1de	584aab553e98	7ffc5b095648	7ffc5b095520	8	0	fba539191f749b62	10e03a4fd2e33566	584aab553e98	8000000000000002	584aab553e80	3d1c1
19.284929	92a5c	7778d5306010	7ffc5b09b7c0	9d3c0	1	3d1de	7ffc5b08dc30	7ffc5b08dd18	7ffc5b08dbc0	8	584aad9677b0	b9d00dad1d4ac51f	7778d821ace0	7778d53a33d0	8000000000000002	584aaaf99480	274f
19.298568	928d3	584aaab88d30	7ffc5b09b7c0	584aaaf99480	229fb	3d1de	b8a9	7ffc5b0950a8	7ffc5b094f90	8	0	ca17458bbb4f73f9	c0bd80869ec28762	584aab0ae458	8000000000000001	584aaaf99480	584aad885da0
19.307217	98d35	584aaaf99480	d40d	584aaaf99480	f01	3d1de	27c27	7ffc5b097201	7ffc5b0939e0	8	0	7ffc5b097340	8000000000000001	0	1	0	7ffc5b09b7c0
19.316057	9a1f6	584aae196c70	584aab108cb0	2df06	1	3d1de	584aab108cb0	7ffc5b08be78	7ffc5b08bd10	8	0	a47007da11ea1cac	a58bc0f45722d6ba	584aab108cb0	8000000000000002	584aab43d270	f502
19.325303	94067	3f3e5e6320ef482f	7ffc5b097458	a76804c4a888219	8	7ffc5b097310	7ffc5b097318	0	7ffc5b097300	0	0	dd475fa14ff8769c	e2bc2d2ffe5770be	13a73	8000000000000000	7ffc5b097310	7ffc5b097318
19.335619	99cfc	8000000000000001	7778d4cce150	8000000000000001	8000000000000001	7778d4cce101	7ffc5b097458	2	7ffc5b097370	8	0	f50266a43e86e5c2	eb6f2030d7441bd8	9734	7778d5284fc8	7ffc5b097458	8000000000000000
19.348170	1f2e31f503c2	41	ffffffffffffff50	8	8	584aaa17e4f0	584aaa17e500	584aab3ac4a8	7ffc5b097340	7778d5285010	0	6c30a632d98f1b7a	b95f05566feadd59	2b757	7778d5284fc8	7ffc5b097410	1
19.359841	9a1f2	584aace19260	584aab3cbd68	8651d	584aa9b85010	3d1de	584aab3cbd68	584aab3cbd68	7ffc5b097380	7778d5285010	0	1b439360e6968a52	344d27c0edcf6ba7	2cc5f	7778d5284fc8	7ffc5b097410	1
19.373300	9578c	584aadc330b0	68	71	1fff	0	0	1eb6	7ffc5b095f30	0	0	fba6489a8e05e121	a05831531f1b041d	39f52	0	2bf6f	7ffc5b0975d0
19.378799	943d8	0	0	81	584aad967aa0	38359	7ffc5b09b7c0	81	7ffc5b0894e0	7ffc5b0971c0	7e	fb758fbdb3480f1f	f35b360a5371d2ab	7ffc5b09b7c0	7ffc5b0971c0	38359	7e
19.386224	943dc	0	0	81	584aad967aa0	0	7ffc5b09b7c0	0	7ffc5b0918f0	7ffc5b0971c0	32	584aadc320a0	0	7ffc5b09b7c0	7ffc5b0971c0	81	32
19.394457	98dee	584aaaf99480	0	584aab3a77c8	f00	3d1de	31a52c5559a6c800	7ffc5b097301	7ffc5b093a80	584aaa061610	4	7ffc5b0974a0	8000000000000001	0	1	2b423	7ffc5b09b7c0
19.400551	9a1f6	584aae3ed2b0	584aab46efc8	9ab69	1	3d1de	584aab46efc8	7ffc5b095528	7ffc5b095400	8	0	5a67d93e94d0c5f3	88d716e8fbb897e0	584aab46efc8	8000000000000002	584aab00c9f8	33923
19.410757	98dd4	584aaaf99480	0	584aab088b98	f00	3d1de	584aa9e2aab0	7ffc5b097201	7ffc5b095420	8000000000000000	0	7ffc5b097340	8000000000000001	0	1	9fa1	7ffc5b09b7c0
19.420662	92a5c	7778d5306010	7ffc5b09b7c0	987600	1	3d1de	7ffc5b096110	7ffc5b0961e8	7ffc5b0960a0	8	0	80594a3d8973498a	20aaedfb6d2c7864	7778d5c8d610	8000000000000002	584aaafbcb08	261d8
19.429033	9a1f6	584aa9e5e720	584aab51bc60	b04fc	0	3d1de	584aab51bc60	584aab51bc60	7ffc5b097380	584aa9b85010	584aaa0160d0	584aaaa922a0	1	3ac54	7778d5284fc8	7ffc5b097410	5
19.437871	1f2e31f503c2	41	ffffffffffffff50	8	8	584aac6b1850	584aac6b1860	584aab005d38	7ffc5b097340	7778d5285010	0	633c67a7846b46c7	15f9804e78a540ee	485d	7778d5284fc8	7ffc5b097410	3
19.452545	9a1f6	584aad5353c0	584aab10ab70	2e2de	0	3d1de	584aab10ab70	584aab10ab70	7ffc5b097380	0	584aad4c2700	11	7778d821ace0	f64a	7778d5284fc8	7ffc5b097410	3
19.466405	940b2	6c961bcd8a6941c6	0	93980dc074c6f052	8	7ffc5b093fe0	7ffc5b093fe8	7ffc5b094178	7ffc5b093fd0	8	0	9ad8a8b5e158ab0f	14f9d69ff1179ee9	0	8000000000000000	7ffc5b093fe0	7ffc5b093fe8
19.475387	1f2e31f4ea65	584aa9de1850	7778d821ac80	584aaa57adf0	7778d821ad20	7778d821ad10	2	38	7ffc5b093900	584aa9b85010	7778d821ac80	3	7	584aaa4848e0	40	584aaa76dcb0	12
19.490059	9410e	0	0	1	0	7ffc5b0951c0	7ffc5b0951c8	7ffc5b095388	7ffc5b0951b0	8	0	4b907d8042a4631f	6b228e72b14108e9	0	8000000000000000	7ffc5b0951c0	7ffc5b0951c8
19.498087	9a208	584aaa25e760	584aab065390	1	584f2eadeac5	584aa9b85010	7	7ffc5b093758	7ffc5b093630	584aace85200	584aaa6b2b30	584aac628910	189a5776364914b7	584aab065390	8000000000000002	584aaaf99480	87f6
19.510121	1f2e31f4c896	584aa9c116c0	584aad00e820	31	31	584aa9c116c0	584aaded73b0	30	7ffc5b093060	584f2e9b235e	584f2e9b235e	40	7d	7778d821ac98	7778d821ac80	584aad00e850	584aad00e
19.521083	927e0	3d	7ffc5b09b7c0	c1a043470d03fac	7778d5285010	7778d5284fc8	0	0	7ffc5b092240	8	0	543ba85cdf0b07e3	6b21bad02f42f2fd	7ffc5b092388	1	7ffff	1692b
19.530190	1f2e31f503c2	31	ffffffffffffff50	8	8	584aaa798240	584aaa798250	584aab31f328	7ffc5b097350	7778d5285010	0	3461cf7908444e40	713241448644fe95	25947	7778d5284fc8	7ffc5b097410	3
19.540017	9a1f2	584aa9ff6c80	584aab17ca20	3c6b4	584aa9b85010	3d1de	584aab17ca20	584aab17ca20	7ffc5b097380	7778d5285010	0	768e40867802111	e0d1094d329878b4	1423c	7778d5284fc8	7ffc5b097410	3
19.551379	9a1f6	584aaa743440	584aab4f2e00	ab330	0	3d1de	584aab4f2e00	584aab4f2e00	7ffc5b097380	584aa9b85010	584aae12fbf0	7	7	39110	7778d5284fc8	7ffc5b097410	2
19.564869	9a1f6	584aade0bd40	584aab3e27d8	8926b	0	3d1de	584aab3e27d8	584aab3e27d8	7ffc5b097380	0	584aaae63d90	11	7778d821ace0	2db79	7778d5284fc8	7ffc5b097410	1
19.574517	9a1f6	584aaa0279e0	584aab491108	9ef91	584aa9b85010	3d1de	584aab491108	7ffc5b0971d8	7ffc5b0970b0	584aac6a28f0	4	21fd34770ed0a40a	2f07709003a7b60e	584aab491108	8000000000000002	584aab4910d8	34fdb
19.584277	92762	61	7ffc5b09b7c0	51d5f6ea48b52f0d	7778d5285010	7778d5284fc8	0	7ffc5b08aa58	7ffc5b08a900	8	0	64918d3e952e39b	f17f970a53f3238f	7ffc5b08aa58	7ffc5b0971c0	7ffff	5cc97
19.590755	9a1f6	584aaa13eec0	584aab401378	8cfdf	1	3d1de	584aab401378	7ffc5b08a898	7ffc5b08a730	8	0	4664e3a8f1a19f14	ac54781e591bef61	584aab401378	8000000000000002	584aab488690	2eff5
19.602198	9912e	736f6d6570736575	0	7ffc5b0974a0	7ffc5b094b30	52d78b47db74d03	c8440e7572daaa67	7ffc5b097390	7ffc5b094a90	1	0	7ffc5b0974a0	8000000000000001	0	1	7ffc5b094b30	7ffc5b09b7c0
19.611058	92d74	ffffffffffee1c56	7ffc5b09b7c0	68	abb441cb7e8d0caa	7778d5285010	fffffffffffe0326	7ffc5b093ef8	7ffc5b093de0	7778d5284fc8	0	936cc5a2c612b72b	e4e7631f0ac80b51	0	1fcca	1fcd8	2417
19.620631	9a1f6	584aad030b20	584aab16b350	3a3da	584aa9b85010	3d1de	584aab16b350	7ffc5b097198	7ffc5b097070	584aaa8c72b0	3	4000000000000	189a5776364914b7	584aab16b350	8000000000000002	584aab06c6f8	1369e
19.634829	1f2e31f4c862	584aaa133690	584aaa5bd040	30	31	584aaa133690	584aaa2d4900	30	7ffc5b097270	584f2ef17de1	584aaa5bd040	30	0	7778d821ac98	7778d821ac80	584aaada1c10	584aaada1
19.648941	9a1f6	584aab79f050	584aab456740	97a58	584aa9b85010	3d1de	584aab456740	584aab456740	7ffc5b097380	7778d5285010	0	a265dc6795672993	c72ecaa46d861e48	328c8	7778d5284fc8	7ffc5b097410	5
19.658617	9a1f2	584aadcb3c80	584aab3e6468	899fd	584aa9b85010	3d1de	584aab3e6468	584aab3e6468	7ffc5b097380	7778d5285010	0	62c02cbb4313498b	a521281f88e3b57e	2ddff	7778d5284fc8	7ffc5b097410	3
19.670868	9ab6d	4c7f	7ffc5b09b7c0	7ffff	7778d5285010	22	0	0	7ffc5b097390	8	0	3d838539a0ac9ae6	b999ef46d8965a3	f8ec	7778d5284fc8	7ffc5b097410	3
19.684309	92ae8	584aab599490	7ffc5b09b7c0	584f292f39d3	584aad85e1f0	3d1de	7	7ffc5b093718	7ffc5b093600	584aad823a90	584aaa480ab0	7	189a5776364914b7	584aab121bb0	8000000000000002	584aaaf99480	105a2
19.697385	945e7	7778d588d610	ed	584aad967aa0	587600	3d1de	7778d588d610	8000000000000001	7ffc5b08a220	0	4900	fb0db10de979707f	98371770b472878d	ed	7ffc5b0971c0	161d8	76
19.709833	9a208	584aad90b260	584aab486de8	1	584f2946fa18	584aa9b85010	7	7ffc5b0947a8	7ffc5b094680	584aad918970	584aaa740b50	584aae14ead0	189a5776364914b7	584aab486de8	8000000000000002	584aaaf99480	3490f
19.721478	929ee	584aab599490	7ffc5b09b7c0	7	1	3d1de	0	7ffc5b096e38	7ffc5b096d20	0	584aaa0cd680	584aad99d070	7778d821ace0	584aab042a88	8000000000000001	584aaaf99480	584aad4b9f20
19.736251	1f2e31f503c2	41	ffffffffffffff50	8	8	584aadc9b5a0	584aadc9b5b0	584aab0cf920	7ffc5b097340	7778d5285010	0	795e3d91392405bf	bb90d9041b82ead9	cedc	7778d5284fc8	7ffc5b097410	4
19.747422	9a1f6	584aaa8db320	584aab461198	98fa3	584aa9b85010	3d1de	584aab461198	584aab461198	7ffc5b097380	7778d5285010	0	59562abf105fb134	5ce2c08e11a52ccd	32fe1	7778d5284fc8	7ffc5b097410	2
19.752592	99cfc	8000000000000001	7778d3248ef8	8000000000000001	8000000000000001	7778d3248e01	7ffc5b097458	2	7ffc5b097370	8	0	62cbc65b93da7f8c	ab0241566a541c12	43eb	7778d5284fc8	7ffc5b097458	8000000000000000
19.759558	9a1f2	584aa9da1c90	584aab163268	393bd	584aa9b85010	3d1de	584aab163268	584aab163268	7ffc5b097380	7778d5285010	0	78bb9509967858d	8972f873bfe89423	1313f	7778d5284fc8	7ffc5b097410	4
19.771590	99cfc	8000000000000001	7778d308b230	8000000000000001	8000000000000001	7778d308b201	7ffc5b097458	1	7ffc5b097370	8	0	54e4521ed23e4c1	31e986198eb56ae5	28fb8	7778d5284fc8	7ffc5b097458	8000000000000000
19.779375	1f2e31f4ef07	60	7778d821ac80	30	584aaa6a9ac0	584aac690af0	87e	7778d821ad30	7ffc5b093540	0	0	584aaa6a9b20	7778d821ace0	ffffffffffffff88	440	584aa9b85010	42
19.790483	98e40	584aaaf99480	0	584aadcd7b30	8000000000000000	3d1de	8800000000000000	7ffc5b097201	7ffc5b0916a0	7a	4	7ffc5b097340	8000000000000001	0	1	2c094	7ffc5b09b7c0
19.797810	93f66	0	7ffc5b092f28	1	1	7ffc5b092f20	7ffc5b092f28	39010	7ffc5b092f10	8	0	fbfa9826b6ef9c31	8d5e47d403a96046	7ffc5b09b7c0	7ffc5b097160	7ffc5b093020	7ffc5b092f20
19.811590	93557	8000000000000002	78	584aae07c6a0	e0a580	3d1de	7778d5306010	7ffc5b09b7c0	7ffc5b0968b0	8	0	f755c460fb83b255	9378149beeabc47d	8000000000000001	2cde1	38296	7ffc5b0975d0
19.819957	9a1f6	584aaad0f490	584aab3ce0d8	8698b	1	3d1de	584aab3ce0d8	7ffc5b08e098	7ffc5b08df30	0	584aaacf06c0	584aade763c0	7778d821ace0	584aab3ce0d8	8000000000000002	584aaaf99480	2cdd9
19.832248	92d74	fffffffffff271f0	7ffc5b09b7c0	5d	b2c500fd46527de1	7778d5285010	fffffffffffe7e70	7ffc5b0964e8	7ffc5b0963a0	7778d5284fc8	10	3896bda681d10699	e1e2502ad3b12de8	0	18180	181a0	2f528
19.846113	9a208	584aaa788860	584aab442bf8	952ef	584aa9b85010	3d1de	584aab442bf8	584aab442bf8	7ffc5b097380	7778d5285010	0	8bc19a9fbc53cc97	3ab477781f66d469	31ba5	7778d5284fc8	7ffc5b097410	6
19.857424	9addb	1	7ffc5b09b7c0	584aaaa7c9f0	584f2ab866c8	584aa9b85010	7	35ee3	7ffc5b097390	584aae1287b0	0	fa0a1ee7fd619f57	189a5776364914b7	3d1de	584aab599490	1	2
19.866773	9a1f2	584aadc60300	584aaaff4170	b59e	584aa9b85010	3d1de	584aaaff4170	584aaaff4170	7ffc5b097380	7778d5285010	0	5932454173afd671	f743ce9a602e58cf	3c8a	7778d5284fc8	7ffc5b097410	4
19.876433	9a208	584aaac838e0	584aab485378	9d7df	584aa9b85010	3d1de	584aab485378	584aab485378	7ffc5b097380	7778d5285010	0	d4d2975e53f1702f	6d18205f2f18e05e	347f5	7778d5284fc8	7ffc5b097410	1
19.885780	1f2e31f4c8b2	584aae4315c0	584aad023bf0	21	20	584aae4315c0	21	60	7ffc5b097450	584f2ec1fae3	584aaa6b2ac0	20	189a5776364914b7	7778d821aca0	7778d821ac80	584aad023c50	584aad023
19.896262	1f2e31f4c88f	584aaa2d3480	584aace79410	7778d821ac98	31	584aaa2d3480	584aaded8610	30	7ffc5b089be0	584f2e88e9b9	584aace79410	30	7c	7778d821ac98	7778d821ac80	584aace79440	584aace79
19.905238	92d74	ffffffffffcd150c	7ffc5b09b7c0	68	27b5a62d96cad6cf	7778d5285010	fffffffffffa57ac	7ffc5b095cc8	7ffc5b095bb0	7778d5284fc8	0	c9ff17d7aec49024	89b40f2d06f7faa	0	5a844	5a854	2b658
19.911291	9a1f6	584aaad55000	584aab19a570	4021e	1	3d1de	584aab19a570	7ffc5b0914a8	7ffc5b091350	8	584aaa236550	5567ee26d7462271	7778d821ace0	584aab19a570	8000000000000002	584aaaf99480	1560a
19.924885	1f2e31f4c70f	7778d821ad30	7778d821ac80	61	584aade042c0	7778d821ad30	584aaa6351c0	38	7ffc5b092c80	0	0	584aad9048d0	7778d821ace0	20	40	60	2
19.931199	92762	7a	7ffc5b09b7c0	f3ad3e9fcaf65b7e	7778d5285010	7778d5284fc8	0	7ffc5b08cab8	7ffc5b08c960	8	0	76f3260c1d42fc2c	be05c43a8a860f5a	7ffc5b08cab8	7ffc5b0971c0	7ffff	ec48
19.943934	9a208	584aad98eb20	584aab4c10f0	1	584f294c103a	584aa9b85010	7	7ffc5b095828	7ffc5b0956d0	584aaac8a810	584aa9cea1b0	b3c7261bc0718ebc	189a5776364914b7	584aab4c10f0	8000000000000002	584aaaf99480	36fda
19.958686	99cfc	8000000000000001	7778d49923d8	8000000000000001	8000000000000001	7778d4992301	7ffc5b097458	1	7ffc5b097370	8	0	e1341f660e205a6f	ae9631809679adc9	29de7	7778d5284fc8	7ffc5b097458	8000000000000000
19.969439	1f2e31f503c2	41	ffffffffffffff50	8	8	584aaa0769a0	584aaa0769b0	584aab3d43f0	7ffc5b097340	7778d5285010	0	3d82440a64d201e8	76e70c0efc100844	2d1fa	7778d5284fc8	7ffc5b097410	5
19.981362	9ab6d	2d2e7	7ffc5b09b7c0	7ffff	7778d5285010	c	0	63db	7ffc5b097390	8	0	6985f055baf95c5d	e98d66806a78c388	63db	7778d5284fc8	7ffc5b097410	2
19.995592	9a208	584aa9defbe0	584aab43a948	94299	0	3d1de	584aab43a948	584aab43a948	7ffc5b097380	0	584aaa019530	584aaa019580	7778d821ace0	31633	7778d5284fc8	7ffc5b097410	4
20.004960	1f2e31f4de14	584aae91e3a0	21020	2100	6c61	584aa9b85010	7778d821ac80	584aadbd2080	7ffc5b093420	8	0	f7a42c7ce5845f65	b6421fc229ccee40	7778d821ac80	0	584aadbf30a0	584aadc330b0
20.013791	98edf	75531c76c153b6f2	2fb72	584aaa481b50	7	3d1de	8aace3893eac4908	7ffc5b097201	7ffc5b092660	82	4	7ffc5b097340	8000000000000001	0	1	0	7ffc5b09b7c0
20.025923	98edf	17ca3d68a717c25a	26e54	584aa9e2b650	7	3d1de	e835c29758e83da0	7ffc5b097201	7ffc5b094220	82	4	7ffc5b097340	8000000000000001	0	1	0	7ffc5b09b7c0
20.034611	92a5c	7778d5306010	7ffc5b09b7c0	d0e100	1	3d1de	7ffc5b095d30	7ffc5b095e08	7ffc5b095cc0	0	584aa9e33c10	584aaa7085d0	7778d821ace0	7778d6014110	8000000000000002	584aaaf99480	34384
20.046743	935bd	bb2b631002a9cedc	1b6	61420ad513d3226e	a43d69101cbfd9c8	52d78b47db74d03	c8440e7572daaba9	584aae047850	7ffc5b0939b0	71481cd604c32870	1	f8684d06305bf73d	ea3f0a4b70324e66	fffffc00	0	584aae0476f0	584aae04fa70
20.056354	8f4af	0	5732	7fffffffffffff00	10	8	10	10	7ffc5b097138	0	0	639	0	5732	2	7ffc5b09b7c0	8
20.067322	98edf	1720d130be4683d4	eb74	584aad987330	7	3d1de	e8df2ecf41b97c2a	7ffc5b097301	7ffc5b093780	80	4	7ffc5b0974a0	8000000000000001	0	1	0	7ffc5b09b7c0
20.079540	99cfc	8000000000000001	7778d37109e8	8000000000000001	8000000000000001	7778d3710901	7ffc5b097458	2001	7ffc5b097370	8	0	e13352f295bd85db	331a96575933ab67	7c84	7778d5284fc8	7ffc5b097458	8000000000000000
20.092161	99cfc	8000000000000001	7778d475c3e0	8000000000000001	8000000000000001	7778d475c301	7ffc5b097458	1	7ffc5b097370	8	0	7c0d6f864ccd059f	3761357742c19de3	29e1e	7778d5284fc8	7ffc5b097458	8000000000000000
20.101526	9a208	584aaab92d70	584aaafe57a0	9864	584aa9b85010	3d1de	584aaafe57a0	584aaafe57a0	7ffc5b097380	7778d5285010	0	304cffb575820095	5046c49899579651	32cc	7778d5284fc8	7ffc5b097410	3
20.108938	9a1f6	584aaa823e80	584aab5039f0	ad4ae	584aa9b85010	3d1de	584aab5039f0	584aab5039f0	7ffc5b097380	7778d5285010	0	18032168086dfbb	88604ec2f09f64c5	39c3a	7778d5284fc8	7ffc5b097410	2
20.114652	99cfc	8000000000000001	7778d44c6448	8000000000000001	8000000000000001	7778d44c6401	7ffc5b097458	1	7ffc5b097370	8	0	bb2520eae5cb3a9	5d547a95f20b7570	107fb	7778d5284fc8	7ffc5b097458	8000000000000000
20.120089	1f2e31f4c862	584aa9f50f30	584aa9c06090	30	41	584aa9f50f30	584aa9ca1760	40	7ffc5b097450	584f2d6ac45c	584aa9c06090	30	189a5776364914b7	7778d821aca0	7778d821ac80	584aaa4cc480	584aaa4cc
20.125402	93557	8000000000000002	84	584aadc330b0	e3f340	3d1de	7778d5306010	7ffc5b09b7c0	7ffc5b095350	8	0	f80594d697ae2411	61d07109519a7e1f	8000000000000001	26bfa	38fcd	7ffc5b0975d0
20.139678	940ba	3546115f5592a1ce	0	c6300678e4a44178	8	7ffc5b096b70	7ffc5b096b78	7ffc5b096d48	7ffc5b096b60	8	0	cb52bec6cc35e89b	63e130c32cca2664	2	8000000000000000	7ffc5b096b70	7ffc5b096b78
20.145916	1f2e31f4ea65	584aa9f61290	7778d821ac80	584aaa568830	7778d821ad20	7778d821ad10	2	38	7ffc5b089720	584aa9b85010	7778d821ac80	6	7	584aaa437d10	40	584aa9ec4f00	12
20.160166	9a1f6	584aaa46ec10	584aab4a0a08	a0eb1	1	3d1de	584aab4a0a08	7ffc5b093cf8	7ffc5b093bd0	8	0	d4e336e943752464	2bc1c52879646836	584aab4a0a08	8000000000000002	584aab41cc00	35a3b
20.171462	94083	d5424151055640c	86	cf258b61a35f49f2	8	7ffc5b094260	7ffc5b094268	7ffc5b09b7c0	7ffc5b094250	0	0	7b68d92b80fb59bc	4c4330a1f46d3b71	8000000000000001	cdc9	86	7ffc5b094260
20.178625	936c0	4c1fef03fd4fec5c	7ffc5b094398	b6ba7014e908f150	6a96723a36cbe106	e077b941311a1960	1100000000000001	7ffc5b0970b0	7ffc5b094390	0	1	80d4eaee24fead84	1894be5217a907f3	81	7ffc5b0971c0	7ffc5b094440	7ffc5b094390
20.192102	9a1f2	584aaae80b90	584aab088b98	1dee3	584aa9b85010	3d1de	584aab088b98	584aab088b98	7ffc5b097380	7778d5285010	0	6e029464e65c048d	d017a451da762d0e	9fa1	7778d5284fc8	7ffc5b097410	3
20.201455	94067	408b121060c8a195	7ffc5b097458	bb4566eae4a43b31	8	7ffc5b097310	7ffc5b097318	32755	7ffc5b097300	0	0	cb52c4ef703e8809	3fe39a4c12f14a3f	32755	8000000000000000	7ffc5b097310	7ffc5b097318
20.216642	9a1f6	584aaa3357b0	584aab0fffc8	2cd69	584aa9b85010	3d1de	584aab0fffc8	584aab0fffc8	7ffc5b097380	7778d5285010	0	9863adafafa4b88	8a17d9303de62b70	ef23	7778d5284fc8	7ffc5b097410	3
20.226222	1f2e31f503c2	31	ffffffffffffff50	8	8	584aade7a160	584aade7a170	584aab4c4ac8	7ffc5b097350	7778d5285010	0	598bb02358fdd5b7	7780b97451dc40d	37243	7778d5284fc8	7ffc5b097410	1
20.239899	1f2e31f4c70f	584aaa716640	584aaacb2820	21	584aaa6a5960	584aaa716640	584aaacb2860	60	7ffc5b097440	584f2ec0f592	584aaa6a5920	20	189a5776364914b7	7778d821aca0	7778d821ac80	584aaacb2880	584aaacb2
20.247859	9a1f6	584aae0c6760	584aab5474d8	b5c0b	1	3d1de	584aab5474d8	7ffc5b0935a8	7ffc5b093480	8	0	506825082fe1d5c8	9366cc366952cb73	584aab5474d8	8000000000000002	584aab5474c0	3c959
20.261721	1f2e31f4ea86	584aaa48bd80	7778d821ac80	584aaa1ad840	7778d821ad20	7778d821ad10	2	38	7ffc5b08eb20	584aa9b85010	7778d821ac80	7	7	584aae3e1420	40	189a5776364914b7	12
20.275393	1f2e31f4c70f	584aadf332a0	584aad8cca30	31	584aaa244260	584aadf332a0	584aad8cca30	60	7ffc5b097260	584f2e81ba0c	584aaa2b62c0	60	0	7778d821ac98	7778d821ac80	584aad8cca90	584aad8cc
20.285114	9a208	584aa9f75760	584aab549188	1	584f2eb9c4ca	584aa9b85010	7	7ffc5b092318	7ffc5b0921b0	584aae10a840	0	3f993a22d6746a5a	189a5776364914b7	584aab549188	8000000000000002	584aab549170	3ca8b
20.290649	9a1f6	584aace67ed0	584aaafbd678	483f	1	3d1de	584aaafbd678	7ffc5b092bd8	7ffc5b092ab0	0	584aace72790	584aad800cc0	7778d821ace0	584aaafbd678	8000000000000002	584aaaf99480	1815
20.299314	99cfc	8000000000000001	7778d3af04e8	8000000000000001	8000000000000001	7778d3af0401	7ffc5b0958e8	1	7ffc5b095780	8	0	76b44f933504a25a	f5b023115c564988	7ffc5b0958e8	ffffffffffd0d6a4	7ffc5b0958e8	8000000000000000
20.307283	9407c	d54e1187d78bf77	48	cf2036311b9a5def	8	7ffc5b093b40	7ffc5b093b48	7ffc5b093d08	7ffc5b093b30	0	0	763caaff93a49db0	3b700ee5a8dd086a	0	8000000000000000	7ffc5b093b40	7ffc5b093b48
20.315681	9a208	584aad559a20	584aab537b60	1	584f2abd6876	584aa9b85010	7	584aab537b60	7ffc5b097380	584aaa176210	0	6247911620c1c588	189a5776364914b7	3bef4	7778d5284fc8	7ffc5b097410	1
20.329515	9a1f6	584aa9d57960	584aab0fbd98	2c523	584aa9b85010	3d1de	584aab0fbd98	584aab0fbd98	7ffc5b097380	7778d5285010	0	507b698cd7cb2800	be1b11e523dde769	ec61	7778d5284fc8	7ffc5b097410	1
20.342855	99cfc	8000000000000001	7778d422c910	8000000000000001	8000000000000001	7778d422c901	7ffc5b097458	2	7ffc5b097370	8	0	427260c56c2ed69d	8f4aa16824b0827	5556	7778d5284fc8	7ffc5b097458	8000000000000000
20.356487	9ac5c	5e771	7ffc5b09b7c0	5e761	8000000000000001	7778d37f3801	7ffc5b097400	1	7ffc5b097390	7778d5285010	0	3f9d06320f024ed2	fe16c06877bc8da6	3bb7	7778d5284fc8	2f3b88	2
20.363642	1f2e31f4ef07	50	7778d821ac80	30	584aae0e96f0	584aaac6e0d0	1ee9	7778d821ad60	7ffc5b092a00	0	0	584aae0e9740	7778d821ace0	ffffffffffffff88	440	584aa9b85010	42
20.372775	9a208	584aacde4ae0	584aab0d2518	1	584f2ee40425	584aa9b85010	7	7ffc5b095968	7ffc5b095840	584aade458e0	0	e92c6584c749f65a	189a5776364914b7	584aab0d2518	8000000000000002	584aaaf99480	d0b1
20.387465	9a1f6	584aaa2474b0	584aab4539b0	974a6	1	3d1de	584aab4539b0	7ffc5b093d28	7ffc5b093bd0	0	584aaac33340	7778d821b430	7778d821ace0	584aab4539b0	8000000000000002	584aaaf99480	326e2
20.397269	95614	7778d5f3b9d0	8c	30d67	1a	3d1de	7778d5f3b9d0	7ffc5b09b7c0	7ffc5b0964d0	8	0	801687e961e107cb	5a865e73c8637415	8000000000000001	30d67	30d67	7ffc5b0975d0
20.412426	991f8	86310df71fc99457	7ffc5b091698	8aaf17ce15b7d49b	3bcc08e1080aadb0	ac00565c55011468	1800000000000000	584aaddaabb0	7ffc5b091690	8	0	cf3defe828b0be19	92af17ce15b7d49b	fffffc00	3f0	584aadda2860	7ffc5b091690
20.423068	9a1f2	584aaa39eea0	584aab397760	7fc5c	1	3d1de	584aab397760	7ffc5b095be8	7ffc5b095a90	8	0	4abd47d5360413f1	75c9133892881880	584aab397760	8000000000000002	584aab02bad8	2a974
20.431437	9a1f6	584aa9e46dd0	584aab0a1060	20f7c	584aa9b85010	3d1de	584aab0a1060	584aab0a1060	7ffc5b097380	7778d5285010	0	86d7a1b2d176b668	11b9c5fd84638fcf	afd4	7778d5284fc8	7ffc5b097410	3
20.438371	1f2e31f4e9e8	584aaac98510	7778d821ac80	584aaa956b10	7778d821ad10	7778d821ad00	7778d821ac88	28	7ffc5b097260	7778d5285010	0	708b1bc06bfac339	378003e258d4f42a	1	30	3	1
20.447880	99cfc	8000000000000001	7778d4c25b38	8000000000000001	8000000000000001	7778d4c25b01	7ffc5b097458	1	7ffc5b097370	8	0	35987c717b447cb8	8d2a21f27de0d06	27bf0	7778d5284fc8	7ffc5b097458	8000000000000000
20.453563	9ab6d	7fd3f	7ffc5b09b7c0	7ffff	7778d5285010	37	0	2bc09	7ffc5b097390	8	0	3bfc122233f9efed	b34baaf7b59470c9	2bc09	7778d5284fc8	7ffc5b097410	3
20.460692	9a1f6	584aadb79110	584aab4af4f8	a2c0f	0	3d1de	584aab4af4f8	584aab4af4f8	7ffc5b097380	0	584aaacbeb00	584aaacbeb50	7778d821ace0	36405	7778d5284fc8	7ffc5b097410	1
20.469856	9a1f6	584aa9d3aea0	584aab3cb120	86394	0	3d1de	584aab3cb120	584aab3cb120	7ffc5b097380	0	584aaa3e1070	584aa9ccdcf0	7778d821ace0	2cbdc	7778d5284fc8	7ffc5b097410	0
20.479442	93557	8000000000000002	90	584aadbb5110	1e8200	3d1de	7778d5306010	7ffc5b09b7c0	7ffc5b0964c0	8	0	80fc35e0bff0ed35	32a80fa56d58a72b	8000000000000001	a06d	7a08	7ffc5b0975d0
20.492916	99335	0	26c39	3a	fff	9c1e3e23b38d9e	0	26c39	7ffc5b0938d0	4b58	0	584aae061730	0	287	1	7ffc5b093950	7ffc5b097230
20.507984	92762	0	7ffc5b09b7c0	f4a408108c4e1166	7778d5285010	7778d5284fc8	10	7ffc5b091008	7ffc5b090ec0	8	0	6002932f6d10530f	91301cb901f0e063	7ffc5b091008	1	7ffff	4cbef
20.522362	1f2e31f501c0	30	ffffffffffffff88	584aaa1396d0	584aa9b85010	3d1de	28	28	7ffc5b08ecc0	8	0	42b0c9a0a85024ec	281547de81def378	1	8000000000000001	584aaa1396d0	584aaa76ded0
20.531856	940ae	45fbeed0ca52a1bc	0	51e14854e4a45142	8	7ffc5b08f660	7ffc5b08f668	7ffc5b08f838	7ffc5b08f650	8	0	cb52ac36df40a6b7	7eee574cbd480e1a	7ffc5b09b7c0	8000000000000000	7ffc5b08f660	7ffc5b08f668
20.543856	92762	34	7ffc5b09b7c0	962e011b4e682536	7778d5285010	7778d5284fc8	0	7ffc5b092a48	7ffc5b092900	8	0	d4fd15545ddc8840	314b02479e713c17	7ffc5b092a48	1	7ffff	5f6a2
20.558603	1f2e31f503c2	41	ffffffffffffff50	8	8	584aaacfbce0	584aaacfbcf0	584aab171a58	7ffc5b097340	7778d5285010	0	80730bd2b22f04f0	cb266b72d279e76d	13ae9	7778d5284fc8	7ffc5b097410	0
20.564301	9aaca	584aa9ddf8d0	7ffc5b09b7c0	298c40	7778d5306010	3d1de	8000000000000001	0	7ffc5b097390	584aa9ca2400	0	5791d1d02f7176f	189a5776364914b7	a631	584aab599490	7ffc5b097410	4
20.571074	99cfc	8000000000000001	7778d40f79d0	8000000000000001	8000000000000001	7778d40f7901	7ffc5b097458	4	7ffc5b097370	8	0	9f8cafcb365271d	7a4d1f109eefd47a	2ad61	7778d5284fc8	7ffc5b097458	8000000000000000
20.584386	9410e	0	1	1	0	7ffc5b097310	7ffc5b097318	0	7ffc5b097300	8	0	ed83b1e557fc9d24	3b700ee5a8dd0822	30978	8000000000000000	8000000000000001	8000000000000001
20.594663	1f2e31f4c86f	584aadf35580	584aaa526740	7778d821aca0	41	584aadf35580	584aaa2a7b90	40	7ffc5b097450	584f2ef8fa2d	584aaa526740	50	189a5776364914b7	7778d821aca0	7778d821ac80	584aa9d6d4e0	584aa9d6d
20.608677	94057	b	7ffc5b090998	1	8	7ffc5b090990	7ffc5b090998	584aadbe1850	7ffc5b090980	0	0	ed83b1e7de32883a	3b71d95f7156c2cf	fffffffe	3f0	584aadbd9620	7ffc5b090990
20.617555	9a208	584aaa744e40	584aab09a8e0	1	584f2842ecb2	584aa9b85010	7	7ffc5b094a78	7ffc5b094910	584aaa7a2a80	0	6c6dfd9081d270a8	189a5776364914b7	584aab09a8e0	8000000000000002	584aab09a8b0	ab84
20.632780	95930	c78024411e4b327c	7ffc5b094b68	3da77e2599052bc0	c9821540f1f28b8c	e9a4cb91a9464333	1000000000000000	584aae03f720	7ffc5b094b60	8	0	86261bb5f1026fa1	8b5cf9fa743b848d	d4	c	94	7ffc5b094b60
20.642812	92a5c	7778d5306010	7ffc5b09b7c0	e42000	1	3d1de	7ffc5b0933a0	7ffc5b093448	7ffc5b093330	8	0	506825082fe72be2	933c8abf417e7929	7778d6148010	8000000000000002	584aab1426d0	39080
20.657313	92a5c	7778d5306010	7ffc5b09b7c0	b4b7c0	1	3d1de	7ffc5b08e330	7ffc5b08e418	7ffc5b08e2c0	0	584aae4154b0	584aaad4ca80	7778d821ace0	7778d5e517d0	8000000000000002	584aaaf99480	2d2df
20.669594	99cfc	8000000000000001	7778d3c7d100	8000000000000001	8000000000000001	7778d3c7d101	7ffc5b0958c8	1	7ffc5b095760	8	0	f41ddaf518cd1e68	153a105830740096	7ffc5b0958c8	ffffffffffd3f027	7ffc5b0958c8	8000000000000000
20.676353	9ab6d	6c83	7ffc5b09b7c0	7ffff	7778d5285010	6a	0	84a1	7ffc5b097390	8	0	eb87a87bd18f5974	35863a0eeb9ffde	84a1	7778d5284fc8	7ffc5b097410	3
20.688223	9a208	584aace2edc0	584aaaff6738	ba57	584aa9b85010	3d1de	584aaaff6738	584aaaff6738	7ffc5b097380	7778d5285010	0	76b2f9a8f04c50f9	eda41eeaf8369bec	3e1d	7778d5284fc8	7ffc5b097410	4
20.698382	9ab06	7ffc5b097460	7ffc5b09b7c0	52d78b47db74d03	7778d532ad90	8000000000000002	8000000000000001	936	7ffc5b097390	584aa9c81c50	584aad81f870	7	189a5776364914b7	936	584aab599490	7ffc5b097410	3
20.713462	9a208	584aa9f58870	584aab54b9d8	b64ab	584aa9b85010	3d1de	584aab54b9d8	584aab54b9d8	7ffc5b097380	7778d5285010	0	4ea98f6a4693852e	ae2be5c449ee5259	3cc39	7778d5284fc8	7ffc5b097410	0
20.720355	99cfc	8000000000000001	7778d48a2bd0	8000000000000001	8000000000000001	7778d48a2b01	7ffc5b097458	1	7ffc5b097370	8	0	6aab9ac1424f27b3	f3634f7144dd73f1	7234	7778d5284fc8	7ffc5b097458	8000000000000000
20.729581	940d4	0	98	0	0	7ffc5b093a80	7ffc5b093a88	584aadbf2f10	7ffc5b093a70	8	0	86be4d491822973d	dcfedb8367c58dd5	13a	e8a	98	7ffc5b093a80
20.743232	92a5c	7778d5306010	7ffc5b09b7c0	a7e540	1	3d1de	7ffc5b0959e0	7ffc5b095a88	7ffc5b095970	8	0	4a5de441d830ec9f	5dc4a327c9fe6861	7778d5d84550	8000000000000002	584aaaf99480	29f95
20.756156	92d74	ffffffffffe5d93b	7ffc5b09b7c0	68	1566d07a9fac40fd	7778d5285010	fffffffffffd1823	7ffc5b091c28	7ffc5b091ae0	7778d5284fc8	0	d43002f34ae8c02b	79159428b3720cbd	0	2e7cd	2e7dd	371eb
20.767459	92762	11	7ffc5b09b7c0	944482d994ad03d9	7778d5285010	7778d5284fc8	0	7ffc5b093e18	7ffc5b093d00	8	0	f80b0f8c531db913	174082f271c5574e	7ffc5b093e18	0	7ffff	17474
20.776288	9a208	584aa9ff6270	584aab0c8e70	1	584f2ec022f1	584aa9b85010	7	7ffc5b089c58	7ffc5b089af0	584aace41690	0	97c5151a96d6621e	189a5776364914b7	584aab0c8e70	8000000000000002	584aab110990	ca6a
20.786924	93557	8000000000000002	7ffc5b09b7c0	81	eb780	3d1de	7778d5306010	8000000000000001	7ffc5b093b30	7ffc5b0971c0	1e	7ffc5b0970b0	a189a5670de380e2	81	7ffc5b0971c0	3ade	1e
20.796919	998fb	48	fa	fffffffe	1ed0	1ec0	1fff	584aadbd3fe0	7ffc5b0922e0	8	0	9d8c1167c59ce70a	5ee40296f3d0ced5	ffffffff	ed0	ed0	584aadc14130
20.808158	99cfc	8000000000000001	7778d3deb490	8000000000000001	8000000000000001	7778d3deb401	7ffc5b097458	2	7ffc5b097370	8	0	62890016c5396ed1	dba99bc65c33c8ab	30d15	7778d5284fc8	7ffc5b097458	8000000000000000
20.822562	9a208	584aaa392440	584aab173888	3b481	584aa9b85010	3d1de	584aab173888	584aab173888	7ffc5b097380	7778d5285010	0	cfd693cf0acabccc	79c69d73889451ef	13c2b	7778d5284fc8	7ffc5b097410	2
20.837400	1f2e31f503c2	31	ffffffffffffff50	8	8	584aad8269f0	584aad826a00	584aab1300e8	7ffc5b097350	7778d5285010	0	e8d5ca09c7f9cbb3	853d65037ab142f4	10f2f	7778d5284fc8	7ffc5b097410	1
20.850365	9a208	584aad8e86a0	584aab427688	1	584aad80c	584aa9b85010	7	584aab427688	7ffc5b097380	584aad80c2a0	0	6858489063b41c09	189a5776364914b7	3096b	7778d5284fc8	7ffc5b097410	3
20.856659	1f2e31f4ef54	18	7778d821ac80	6	584aaacf0a10	584aae11b570	1211	7778d821ad30	7ffc5b097680	0	0	584aaacf0a70	7778d821ace0	ffffffffffffff88	30	584aa9b85010	1
20.866072	92762	38	7ffc5b09b7c0	435c2ae55d17c51b	7778d5285010	7778d5284fc8	0	7ffc5b092488	7ffc5b092370	8	0	d10ec8e86d10e41f	4c567dad60a5bb95	7ffc5b092488	0	7ffff	71338
20.872737	1f2e31f4ea86	584aaa53ec90	7778d821ac80	584aaa49aa40	7778d821ad20	7778d821ad10	2	38	7ffc5b092120	584aa9b85010	7778d821ac80	2	7	584aaa480a30	40	189a5776364914b7	12
20.881714	92762	b	7ffc5b09b7c0	e47ec13d78ad6a6b	7778d5285010	7778d5284fc8	0	7ffc5b095e98	7ffc5b095d40	8	0	da4174c58ebd6089	d25093f5abe8962f	7ffc5b095e98	7ffc5b097160	7ffff	5e8d2
20.887685	9a208	584aadcda460	584aab490400	1	584f295afacf	584aa9b85010	7	7ffc5b092688	7ffc5b092530	584aab79f9e0	0	cd051ae74d51705c	189a5776364914b7	584aab490400	8000000000000002	584aaafa9d70	34f50
20.902037	1f2e31f4c6e9	60	7778d821ac80	61	7778d821ad30	9ffffdc	584aa9d0aae0	38	7ffc5b095c10	0	0	584aace3d880	7778d821ace0	20	40	60	2
20.912044	9597b	c6967410f94114c7	7ffc5b095348	bc0a5b9b2ddc6616	a95bc7eb6b3d00bc	62dba74349b2242	1000000000000000	7ffc5b09b7c0	7ffc5b095340	8	0	817fce23342d18f7	ad75ca54da7368c6	fe31	0	9e	7ffc5b095340
20.925235	9a208	584aaa503b20	584aaafc0a20	1	584f29aa20e4	584aa9b85010	7	7ffc5b092988	7ffc5b092830	584aad4e4090	584aaacc2370	584aaa197cc0	189a5776364914b7	584aaafc0a20	8000000000000002	584aaaf99480	1a3c
20.937412	9a208	584aace070d0	584aab3ea428	1	584f2e860b97	584aa9b85010	7	584aab3ea428	7ffc5b097380	584aa9ee7ac0	0	3437883b0819c4ba	189a5776364914b7	2e0a7	7778d5284fc8	7ffc5b097410	4
20.949700	9aae1	584aadef78c0	7ffc5b09b7c0	b0ea80	7778d5306010	8000000000000002	8000000000000001	2c3aa	7ffc5b097390	584aaa9c32e0	0	d46d5b42079d5877	189a5776364914b7	2c3aa	584aab599490	7ffc5b097410	4
20.964722	99cfc	8000000000000001	7778d4d12298	8000000000000001	8000000000000001	7778d4d12201	7ffc5b097458	1	7ffc5b097370	8	0	e25f6a39e5ca3ebb	143237e7eb210e45	27fc7	7778d5284fc8	7ffc5b097458	8000000000000000
20.976124	9a1f2	584aaac62ab0	584aab19dff0	4096e	0	3d1de	584aab19dff0	584aab19dff0	7ffc5b097380	7778d5285010	584aa9f216d0	751fc037a30a804	7778d821ace0	1587a	7778d5284fc8	7ffc5b097410	3
20.990959	9a1f6	584aae3cf2a0	584aab38ace0	7e30c	1	3d1de	584aab38ace0	7ffc5b091b38	7ffc5b091a10	584aa9b85010	584aaa8bf0e0	7	7	584aab38ace0	8000000000000002	584aaaf99480	2a104
21.004772	92762	5c	7ffc5b09b7c0	1392ecad3be029cb	7778d5285010	7778d5284fc8	0	7ffc5b0946e8	7ffc5b0945a0	8	0	2ef445ce433c0bcc	f5607522f85fb7da	7ffc5b0946e8	1	7ffff	62292
21.017651	92762	52	7ffc5b09b7c0	dd22d38fafa468d7	7778d5285010	7778d5284fc8	0	7ffc5b095e28	7ffc5b095ce0	8	0	9d63428dc1a40840	5e304d63cccd592d	7ffc5b095e28	1	7ffff	36cfc
21.027251	98c5a	49fa17eca9fd24f6	0	584aae09e740	1fff	24	1800000000000000	7ffc5b097390	7ffc5b08fe80	8	0	d852784704ebf846	173e41a8f8b16e65	0	1	3996d	7ffc5b09b7c0
21.034483	92a5c	7778d5306010	7ffc5b09b7c0	73bf40	1	3d1de	7ffc5b094af0	7ffc5b094b98	7ffc5b094a80	8	0	8f8b420ceb3c1f0b	5534f1b54e60a18f	7778d5a41f50	8000000000000002	584aab170330	1cefd
21.040652	9410e	0	a852	1	0	7ffc5b095c90	7ffc5b095c98	7ffc5b095e28	7ffc5b095c80	8	0	c9d9ead4ed6e6dc8	44adc10c268e86b8	0	8000000000000000	7ffc5b095c90	7ffc5b095c98
21.049098	9a9e6	0	7ffc5b096d90	1	584f2d6e67a5	584aa9b85010	7	4	7ffc5b096d60	584aa9f45e10	4	202128000c000818	189a5776364914b7	584aa9f45e10	4	8000000000000000	7ffc5b096d90
21.062215	1f2e31f4d8d8	25b1	25b0	584aadbb1700	7778d821ace0	7778d821b320	584aadbb1700	584aadbb0660	7ffc5b08f1c0	0	1	ffe8cf1476aee266	9be1476adf22420f	7778d821ac80	0	584aadbb1700	1510
21.072839	92d74	ffffffffffeea4f4	7ffc5b09b7c0	75	2d1e58e16f3b00d0	7778d5285010	fffffffffffe1254	7ffc5b093348	7ffc5b093200	7778d5284fc8	0	bf20a7506b523c57	57cffc4f80af15e1	0	1ed9c	1eda9	353ed
21.080362	1f2e31f503c2	41	ffffffffffffff50	8	8	584aa9e5d850	584aa9e5d860	584aab40c2c8	7ffc5b097340	7778d5285010	584aac6411c0	8d2952e928c2d384	1	2f743	7778d5284fc8	7ffc5b097410	1
21.087910	9a208	584aa9c1add0	584aaafcbca0	6504	584aa9b85010	3d1de	584aaafcbca0	584aaafcbca0	7ffc5b097380	7778d5285010	0	76b2f9a8f04c5e86	eda2c3cbf4ff9359	21ac	7778d5284fc8	7ffc5b097410	6
21.100050	9a1f2	584aadedffa0	584aab055688	17841	584aa9b85010	3d1de	584aab055688	584aab055688	7ffc5b097380	7778d5285010	0	59861829c1d4521a	1176d835f84ad67b	7d6b	7778d5284fc8	7ffc5b097410	0
21.105327	9a1f6	584aaa3e60a0	584aaafb5f20	3954	584aa9b85010	3d1de	584aaafb5f20	584aaafb5f20	7ffc5b097380	7778d5285010	0	4008bac191d14dd8	b271d041ce96967d	131c	7778d5284fc8	7ffc5b097410	3
21.116552	1f2e31f503c2	41	ffffffffffffff50	8	8	584aaae7d750	584aaae7d760	584aab418eb0	7ffc5b097340	7778d5285010	0	5efadaadc27917bd	506039aec07b71f	2ffc2	7778d5284fc8	7ffc5b097410	3
21.124915	1f2e31f503c2	41	ffffffffffffff50	8	8	584aaaa25c60	584aaaa25c70	584aab394a30	7ffc5b097340	7778d5285010	584aaa2bfe00	93bcb3bdf7f59767	7778d821ace0	2a792	7778d5284fc8	7ffc5b097410	1
21.135294	9a1f2	584aaa739f50	584aab165728	39855	584aa9b85010	3d1de	584aab165728	584aab165728	7ffc5b097380	7778d5285010	0	c31c1b0d659faf42	1ee31f9f7cf2d6a8	132c7	7778d5284fc8	7ffc5b097410	0
21.141282	1f2e31f4eed6	40	7778d821ac80	30	584aaaa701e0	4da0000	1c5a	7778d821ad10	7ffc5b097180	0	0	584aaaa70220	7778d821ace0	ffffffffffffff88	30	584aa9b85010	1
21.152412	94075	d5420c272bdebdd	a6	93b2a23872bd5585	8	7ffc5b095540	7ffc5b095548	584aae03e250	7ffc5b095530	0	0	ed83b1e7d0841857	3b20d764989a756c	2e40	b4e	a6	7ffc5b095540
21.158744	9409f	39a411f95c62a1c4	0	c0ac4734e4a43dda	8	7ffc5b092720	7ffc5b092728	7ffc5b0928e8	7ffc5b092710	0	0	cb52c2004bdda9d7	7d27fb9c78190faa	0	8000000000000000	7ffc5b092720	7ffc5b092728
21.170857	9a208	584aad4a9230	584aab4202a8	1	584f2e1183fa	584aa9b85010	7	7ffc5b092b28	7ffc5b0929d0	584aace9a680	0	a265dc6795606429	189a5776364914b7	584aab4202a8	8000000000000002	584aab3fd928	30497
21.178882	982e2	8000000000000001	7ffc5b0937b0	8000000000000001	1	7ffc5b093888	7ffc5b0937b0	8000000000000000	7ffc5b0936e0	8	0	598bb02358fd40fb	76f702661b8b2b9	584aaaf99480	8000000000000001	584aab5481c8	7ffc5b093888
21.187523	93f61	0	7ffc5b094e78	1	8	7ffc5b094e70	7ffc5b094e78	7ffc5b09b7c0	7ffc5b094e68	8	0	ed83b1e7d0c1d1c0	3b19e6917f4f8cd4	3a295	0	a4	7ffc5b094e70
21.200663	92762	4c	7ffc5b09b7c0	fe53c634df650bf9	7778d5285010	7778d5284fc8	0	7ffc5b090de8	7ffc5b090ca0	8	0	d84184b5e03ebefe	d48e2a9f0be7d11f	7ffc5b090de8	1	7ffff	58058
21.210448	92762	3b	7ffc5b09b7c0	ee4e8c553132ef08	7778d5285010	7778d5284fc8	0	7ffc5b08c9d8	7ffc5b08c880	8	0	dcc4ffc27c366b98	854ebbd19eeb7037	7ffc5b08c9d8	7ffc5b0971c0	7ffff	70de2
21.223399	99277	b28c104dea00e746	7ffc5b08fcf8	7e85c0683e01661b	1e74bd6fab96eed9	15da6de7054912d	1800000000000000	584aadc14530	7ffc5b08fcf0	8	0	206c145694ca791f	c9a7260e5921d449	ffffeb2e	400	584aadc0c0f0	7ffc5b08fcf0
21.237834	1f2e31f503c2	41	ffffffffffffff50	8	8	584aaaa65ee0	584aaaa65ef0	584aab4d3438	7ffc5b097340	7778d5285010	0	84493856c0974f64	56e018a5196283ce	37bfd	7778d5284fc8	7ffc5b097410	1
21.246877	1f2e31f503c2	30	ffffffffffffff50	584f2d42008d	584aa9e8a590	584aa9d0c3f0	584aa9d0c400	584aab493790	7ffc5b097350	584aaa51d670	0	70ca47ea730a32b9	189a5776364914b7	35176	7778d5284fc8	7ffc5b097410	4
21.257775	99cfc	8000000000000001	7778d3388740	8000000000000001	8000000000000001	7778d3388701	7ffc5b097458	1	7ffc5b097370	8	0	eff582af6bd75c49	99bad26ce08321fb	34b70	7778d5284fc8	7ffc5b097458	8000000000000000
21.271550	9adab	1	7ffc5b09b7c0	584aa9bef2e0	584f2abc3b08	584aa9b85010	7	e889	7ffc5b097390	584aad038a60	0	4841a6f323908a	189a5776364914b7	3d1de	584aab599490	1	2
21.282427	1f2e31f4c862	584aadeb8190	584aa9dcdf20	30	41	584aadeb8190	584aaa234170	40	7ffc5b097450	584f2d764062	584aa9dcdf20	30	189a5776364914b7	7778d821aca0	7778d821ac80	584aa9f42bf0	584aa9f42
21.287808	93557	8000000000000002	a8	584aadbb5110	3f27c0	3d1de	7778d5306010	7ffc5b09b7c0	7ffc5b096280	8	0	ffc42fe4f567771d	60a4220dbebe050d	8000000000000001	b688	fc9f	7ffc5b0975d0
21.296513	9a1f6	584aaac70360	584aab150380	36de0	1	3d1de	584aab150380	7ffc5b095d58	7ffc5b095c30	8	0	cf1c714f88c4b118	4ef38b071913ab21	584aab150380	8000000000000002	584aaaf99480	124a0
21.304544	99cfc	8000000000000001	7778d4d19ca8	8000000000000001	8000000000000001	7778d4d19c01	7ffc5b0911a8	1	7ffc5b091040	8	0	85382b5166039704	8d1a4f62c88f56d6	7ffc5b0911a8	fffffffffff5299c	7ffc5b0911a8	8000000000000000
21.319360	99ab5	79	7ffc5b091848	1	8	7ffc5b091680	7ffc5b091688	7ffc5b091848	7ffc5b091680	8	0	ed83b1e557fc9d24	3b700ee5a8dd0822	584aab42e468	8000000000000000	7ffc5b091680	7ffc5b091688
21.325545	9a208	584aaa621d70	584aab0dbd58	1	584f29aaf435	584aa9b85010	7	7ffc5b08f8c8	7ffc5b08f770	584aad805070	0	426a274657a0fb4f	189a5776364914b7	584aab0dbd58	8000000000000002	584aab199670	d709
21.336352	9a208	584aadcc1490	584aab4e23f0	1	584f292d05a5	584aa9b85010	7	7ffc5b096c88	7ffc5b096b60	584aa9e65120	584aadba5750	584aa9ed9b90	189a5776364914b7	584aab4e23f0	8000000000000002	584aaaf99480	385fa
21.344066	92d74	ffffffffffc51f88	7ffc5b09b7c0	59	36f56f36d4223d3d	7778d5285010	fffffffffff97548	7ffc5b08f6a8	7ffc5b08f560	7778d5284fc8	20	bc54ffd0f22aa283	b12e2c0559158863	0	68aa8	68ae6	2929a
21.351374	9a1f6	584aae1a2340	584aab3f2d80	8b320	1	3d1de	584aab3f2d80	7ffc5b093038	7ffc5b092ed0	8	0	62eeffd1ec8971c0	8dd1513c6719260e	584aab3f2d80	8000000000000002	584aab3f2d68	2e660
21.365597	99cfc	8000000000000001	7778d49d6d90	8000000000000001	8000000000000001	7778d49d6d01	7ffc5b094fc8	2	7ffc5b094e60	8	0	d46d5b42079a2cda	3590ebe6336dcc72	7ffc5b094fc8	ffffffffffeea3b9	7ffc5b094fc8	8000000000000000
21.374568	9a1f2	584aa9ee2ed0	584aaafd7610	7c32	584aa9b85010	3d1de	584aaafd7610	584aaafd7610	7ffc5b097380	7778d5285010	0	32b51ea929a2029f	1f276ee893fd78c6	2966	7778d5284fc8	7ffc5b097410	1
21.384389	9a1f6	584aa9e3b160	584aab0fb270	2c3be	584aa9b85010	3d1de	584aab0fb270	584aab0fb270	7ffc5b097380	7778d5285010	0	eb87a87bd18cc591	32e87d4c43b5a93	ebea	7778d5284fc8	7ffc5b097410	2
21.395441	99c24	a97ed8aa9d6aabd5	7ffc5b097458	b515f2fbd67bef34	6cae868dcdb07179	6ec9f780b4658203	2000000000000000	0	7ffc5b097310	8	0	ca21fa9dec926772	a2dc01904b72da5	2f4a6	8000000000000000	7ffc5b097310	7ffc5b097318
21.408084	1f2e31f503c2	41	ffffffffffffff50	8	8	584aad562be0	584aad562bf0	584aab35a620	7ffc5b097340	7778d5285010	584aad898f70	cf2b0852e70352b2	7778d821ace0	280bc	7778d5284fc8	7ffc5b097410	1
21.415712	9a208	584aaa05ff60	584aab1a1bd8	1	584aaa3bf	584aa9b85010	7	584aab1a1bd8	7ffc5b097380	584aaa3bf470	0	7665f3bcf0c7a24a	189a5776364914b7	15af9	7778d5284fc8	7ffc5b097410	4
21.421581	9aafa	584aad8bb500	7ffc5b09b7c0	5e2b3d4655268a87	7778d5748190	8000000000000002	8000000000000001	0	7ffc5b097390	584aaa1d00e0	584aae3d5370	11	189a5776364914b7	11086	584aab599490	7ffc5b097410	1
21.427873	1f2e31f4c862	584aa9d7d2e0	584aaa2e7450	30	41	584aa9d7d2e0	584aaa130fa0	40	7ffc5b097450	584f2e84b6fc	584aaa2e7450	30	189a5776364914b7	7778d821aca0	7778d821ac80	584aac2ac450	584aac2ac
21.434650	9a1f6	584aaab92e90	584aab025400	117f0	1	3d1de	584aab025400	7ffc5b092048	7ffc5b091f20	8	0	1dd72d4a32423a46	96369f04db577982	584aab025400	8000000000000002	584aab09b1f8	5d50
21.449122	98ec5	584aa9d61350	3437d	8000000000000000	f01	3d1de	8f10840000000000	7ffc5b097201	7ffc5b08f1e0	ae	4	7ffc5b097340	8000000000000001	0	1	0	7ffc5b09b7c0
21.456932	9a208	584aacdd2f90	584aab4905b0	1	584f2e0419fa	584aa9b85010	7	7ffc5b08b238	7ffc5b08b0d0	584aa9fca4d0	0	e0656d159d31e8e1	189a5776364914b7	584aab4905b0	8000000000000002	584aaaf99480	34f62
21.467020	1f2e31f4ed30	2	7778d821ac80	20	584aa9b85010	38	7778d821ac90	38	7ffc5b08f040	8	0	fa32cedea97ce892	2d0b3400befb7188	2	40	4	584aae15caa0
21.472746	9a208	584aaa0ef270	584aab491e40	1	584f2d457c45	584aa9b85010	7	7ffc5b091b48	7ffc5b0919f0	584aadf35180	584aa9c6ebc0	584aaae07de0	189a5776364914b7	584aab491e40	8000000000000002	584aaaf99480	35068
21.487015	94798	7778d5306010	7ffc5b09b7c0	7ffc5b0970b0	0	3d1de	7778d5306010	8000000000000001	7ffc5b092020	7ffc5b0971c0	2d	fc3cd02354d6e5aa	867d7711c729bc60	81	7ffc5b0971c0	0	2d
21.493654	1f2e31f503c2	30	ffffffffffffff50	1	584f29608be9	584aae12f4f0	584aae12f500	7ffc5b096418	7ffc5b0962d0	584aae419620	0	ef85755d9ad36d45	189a5776364914b7	584aab1702b8	8000000000000002	584aab5064e0	139ed
21.503975	1f2e31f4c896	7778d821ace0	584aadb65c60	31	30	450	7778d821ac80	30	7ffc5b091d80	584f2abd3fd5	584f2abd3fd5	79	79	7778d821ac98	7778d821ac80	584aadb65c90	584aadb65
21.513943	1f2e31f503c2	30	ffffffffffffff50	8	8	584aaa63b110	584aaa63b120	584aab101000	7ffc5b097350	584aaa1615a0	0	55532522ec1a4877	189a5776364914b7	efd0	7778d5284fc8	7ffc5b097410	4
21.528764	99cfc	8000000000000001	7778d34dfa18	8000000000000001	8000000000000001	7778d34dfa01	7ffc5b097458	1	7ffc5b097370	8	0	fa0a1ee7fd656f8c	9ee7c2c3d21a72e6	37a7c	7778d5284fc8	7ffc5b097458	8000000000000000
21.543362	9a1f2	584aae0f4610	584aab01a930	10296	584aa9b85010	3d1de	584aab01a930	584aab01a930	7ffc5b097380	7778d5285010	0	9d06a4fd4a603148	394dd09bca1a47a5	5632	7778d5284fc8	7ffc5b097410	1
21.549614	1f2e31f503c2	41	ffffffffffffff50	8	8	584aad4b9a80	584aad4b9a90	584aaafa3fb0	7ffc5b097340	7778d5285010	0	4ae322f645150e36	68f83c86322d2089	722	7778d5284fc8	7ffc5b097410	2
21.555529	9adab	1	7ffc5b09b7c0	584aad908800	584f292962a7	584aa9b85010	7	2a3d5	7ffc5b097390	584aac6b7a10	584aadef0470	11	189a5776364914b7	3d1de	584aab599490	1	3
21.560988	9aaca	584aaa6b33d0	7ffc5b09b7c0	334cc0	7778d5306010	3d1de	8000000000000001	cd33	7ffc5b097390	584aae1a9ae0	584aaa07afb0	584aaa07b000	189a5776364914b7	cd33	584aab599490	7ffc5b097410	3
21.576070	93557	8000000000000002	b0	584aadc330b0	274680	3d1de	7778d5306010	7ffc5b09b7c0	7ffc5b0917b0	8	0	81c209bcad2dcab5	c236a6112c918eb3	8000000000000001	0	9d1a	7ffc5b0975d0
21.581552	9a208	584aaaea1160	584aab409070	1	584f29f99f1d	584aa9b85010	7	7ffc5b0910d8	7ffc5b090fb0	584aae1ad3f0	0	4008bac191d4c7a7	189a5776364914b7	584aab409070	8000000000000002	584aab4d5058	2f52a
21.594577	929a9	584aaa9b50a0	7ffc5b09b7c0	6	1	b1	584aaa9b50a0	7ffc5b090f28	7ffc5b090e10	8	0	cbb650d34cb41314	855cdca37ad2af5e	584aab3d1c90	8000000000000001	584aaaf99480	584aad4e8d10
21.605878	92d74	ffffffffffea9c34	7ffc5b09b7c0	6d	f1e4ebaf99094306	7778d5285010	fffffffffffd9f94	7ffc5b093668	7ffc5b093520	7778d5284fc8	0	78bb950996b1dfa	891dffd322aabc78	0	2605c	2606c	9dec
21.611303	92a5c	7778d5306010	7ffc5b09b7c0	28ffc0	1	3d1de	7ffc5b0901b0	7ffc5b090288	7ffc5b090140	0	584aaab6d030	584aad8015c0	7778d821ace0	7778d5595fd0	8000000000000002	584aaaf99480	a3ff
21.619763	92800	c000	7ffc5b09b7c0	5167c65367f3c141	7778d5285010	7778d5284fc8	0	7ffc5b095528	7ffc5b095410	8	0	5a67d93e94d32e82	88fa0de885208f51	7ffc5b095528	0	7ffff	24ac5
21.634185	943ee	7ffc5b0970b0	1	81	584aa9c28590	2d83d	7ffc5b09b7c0	81	7ffc5b091920	7ffc5b0971c0	31	8185bc2f4df13f34	3f75041b3109d247	7ffc5b09b7c0	7ffc5b0971c0	0	31
21.649163	935fc	ed16	7ffc5b08b678	61420ad513d3226e	8	7ffc5b08b670	7ffc5b08b678	584aacfd2710	7ffc5b08b670	71481cd604c32870	1	81d50d4470c5d853	4c61e284f6904a67	ffff7fa0	1a0	584aacfcf0b0	7ffc5b08b670
21.655129	99be8	0	7ffc5b091fe8	1	0	7ffc5b091e20	2000000000000000	7ffc5b091fe8	7ffc5b091e20	8	0	cfcd2c092eaf78d9	63fa256a189c8d8a	0	8000000000000000	7ffc5b091e20	7ffc5b091e28
21.662517	98e19	584aaaf99480	e4b8	584aaaf99480	3f01	3d1de	e150f9c903a80000	7ffc5b097301	7ffc5b090540	584aae3e8de0	4	7ffc5b0974a0	8000000000000001	0	1	0	7ffc5b09b7c0
21.667709	1f2e31f4d7c8	0	ffffffffffffff50	1	584f29109b98	584aa9b85010	7	0	7ffc5b097350	584aaa218020	0	4a96bdc037984212	189a5776364914b7	36fdb	7778d5284fc8	7ffc5b097410	3
21.677277	99cfc	8000000000000001	7778d4db2c60	8000000000000001	8000000000000001	7778d4db2c01	7ffc5b097458	1	7ffc5b097370	8	0	2e6a32a740d86aa2	d3e09a83e0ee2424	38117	7778d5284fc8	7ffc5b097458	8000000000000000
21.692148	99cfc	8000000000000001	7778d2fe1c10	8000000000000001	8000000000000001	7778d2fe1c01	7ffc5b097458	1	7ffc5b097370	8	0	9d0e7f33662be816	5c207c04aa36272e	cbfa	7778d5284fc8	7ffc5b097458	8000000000000000
21.699652	9a1f6	584aa9eda470	584aab334b68	736dd	584aa9b85010	3d1de	584aab334b68	584aab334b68	7ffc5b097380	7778d5285010	0	94489a1a3d062f4b	6c76c68f732dd657	2679f	7778d5284fc8	7ffc5b097410	3
21.713309	9a84c	0	584aa9d142d0	1	584aaabb0	584aa9b85010	7	584aab07e548	7ffc5b097380	584aaabb0570	584aad957ee0	584aad957f30	189a5776364914b7	98b3	7778d5284fc8	7ffc5b097410	4
21.727600	9a208	584aaa6abfd0	584aab3dbba8	1	584aaa161	584aa9b85010	7	584aab3dbba8	7ffc5b097380	584aaa161e10	584aad4ffa80	6264a49c06ad6cd5	189a5776364914b7	2d6f7	7778d5284fc8	7ffc5b097410	0
21.740730	1f2e31f4c806	584aa9cfde70	584aabcb0590	31	1	584aa9cfde70	584aaa8ecb10	40	7ffc5b097450	584f2d7f4130	584aa9d5fd80	30	189a5776364914b7	7778d821aca0	7778d821ac80	584aabcb05d0	584aabcb0
21.749679	9a1f6	584aaa29ef00	584aab3d7fd8	87d6b	1	3d1de	584aab3d7fd8	7ffc5b093e18	7ffc5b093cf0	584aa9b85010	584aad932020	7	7	584aab3d7fd8	8000000000000002	584aaaf99480	2d479
21.760962	9a208	584aad9302b0	584aab32d878	1	584f29ab8695	584aa9b85010	7	7ffc5b094c38	7ffc5b094ad0	584aad935350	584aaa43bb60	7	189a5776364914b7	584aab32d878	8000000000000002	584aaaf99480	262d5
21.768341	1f2e31f4ea65	584aa9cca310	7778d821ac80	584aaa2b9520	7778d821ad20	7778d821ad10	2	38	7ffc5b090560	584aa9b85010	7778d821ac80	2	7	584aaaa575e0	40	584aaac3dbf0	12
21.782231	98dd4	584aaaf99480	0	584aab120110	f00	3d1de	584aac296790	7ffc5b097201	7ffc5b08fae0	8000000000000000	0	7ffc5b097340	8000000000000001	0	1	10486	7ffc5b09b7c0
21.793020	1f2e31f4c70f	7778d821ad30	7778d821ac80	61	584aadee6a40	7778d821ad30	584aac635890	38	7ffc5b094bb0	0	0	584aaa58bf90	7778d821ace0	20	40	60	2
21.808187	9a1f2	584aaa0911c0	584aab0abae8	224cd	1	3d1de	584aab0abae8	7ffc5b094fd8	7ffc5b094eb0	0	584aac285fc0	584aae10b350	7778d821ace0	584aab0abae8	8000000000000002	584aaaf99480	b6ef
21.820503	92762	78	7ffc5b09b7c0	6a7cb79ae0b9e149	7778d5285010	7778d5284fc8	0	7ffc5b095068	7ffc5b094f50	8	0	3bc5900767698875	255d3a6e50ec0862	7ffc5b095068	0	7ffff	630e4
21.829058	9a208	584aaa8f0b60	584aaafad640	1	584f2952ff10	584aa9b85010	7	7ffc5b0961e8	7ffc5b096090	584aaaea0bd0	0	80594a3d8970ec8e	189a5776364914b7	584aaafad640	8000000000000002	584aab0a5428	d68
21.839921	92a5c	7778d5306010	7ffc5b09b7c0	45b880	1	3d1de	7ffc5b093870	7ffc5b093948	7ffc5b093800	8	584aaacb1780	a417346436c6bee4	7778d821ace0	7778d5761890	8000000000000002	584aaaf99480	116e2
21.854590	9a84c	0	584aaa0e2640	584f2e7eabd1	584aaad46d80	584aa9b85010	7	584aab06efc0	7ffc5b097370	584aac6515d0	0	1e75803b655103ee	189a5776364914b7	8e78	7778d5284fc8	7ffc5b097410	3
21.867587	99cfc	8000000000000001	7778d4269990	8000000000000001	8000000000000001	7778d4269901	7ffc5b097458	1	7ffc5b097370	8	0	e0411bd5a7690a92	bc7a9688e7f7a0e5	296ca	7778d5284fc8	7ffc5b097458	8000000000000000
21.873777	9a1f2	584aa9dafa70	584aab03de68	1493d	0	3d1de	584aab03de68	584aab03de68	7ffc5b097380	7778d5285010	584aaa278370	30d18149aff529d2	1	6dbf	7778d5284fc8	7ffc5b097410	2
21.887817	1f2e31f503c2	31	ffffffffffffff50	8	8	584aaa5df300	584aaa5df310	584aab376688	7ffc5b097350	0	584aadcb2630	584aadcb2650	7778d821ace0	2936b	7778d5284fc8	7ffc5b097410	4
21.896082	9aaca	584aac672cf0	7ffc5b09b7c0	557700	7778d5306010	3d1de	8000000000000001	0	7ffc5b097390	584aaa338d20	584aade2e4f0	584aade2e560	189a5776364914b7	155dc	584aab599490	7ffc5b097410	5
21.904618	9a1f2	584aad0266b0	584aab41fb28	90cd5	584aa9b85010	3d1de	584aab41fb28	584aab41fb28	7ffc5b097380	7778d5285010	0	62c02cbb4315b778	a547eae06ca8cf8b	30447	7778d5284fc8	7ffc5b097410	4
21.915027	1f2e31f4ef07	60	7778d821ac80	30	584aa9f70110	584aa9fbfd10	15bd	7778d821ad30	7ffc5b097180	0	0	584aa9f70170	7778d821ace0	ffffffffffffff88	30	584aa9b85010	1
21.921595	9a1f6	584aadf4ee80	584aab3ca8f8	8628f	1	3d1de	584aab3ca8f8	7ffc5b090d28	7ffc5b090c00	8	0	f07baa8129d2e951	694e30aaab1af703	584aab3ca8f8	8000000000000002	584aab3db848	2cb85
21.931446	92ae8	584aab599490	7ffc5b09b7c0	584f294395b4	584aade90900	3d1de	7	7ffc5b093c78	7ffc5b093b20	584aa9cb46f0	0	624450abd9fb2c59	189a5776364914b7	584aab3d9d30	8000000000000002	584aaaf99480	2d5b2
21.945830	99cbf	3d2960fd6a73b632	7ffc5b08e798	d842cb0d7b627e3a	290b47e1cab67365	6a73b6323d2960fd	2000000000000000	7ffc5b08e798	7ffc5b08e5c0	8	0	fa844334734fec60	d33f53d6dbd491df	7ffc5b09b7c0	8000000000000000	7ffc5b08e5c0	7ffc5b08e5c8
21.953720	1f2e31f4c70f	7778d821ad30	7778d821ac80	61	584aabcb1ca0	7778d821ad30	584aaa0fece0	38	7ffc5b0966b0	0	0	584aaa0ab5d0	7778d821ace0	20	40	60	2
21.963669	99c3f	5ad3c66234135a35	7ffc5b0969f8	31cf05bc386ed5f1	e4ef81e5bd77bf9c	a3b32faaad4e4d7d	2000000000000000	7ffc5b0969f8	7ffc5b096860	8	0	3896bda681d68113	e1d203dd6c7bac96	584aab497798	8000000000000000	7ffc5b096860	7ffc5b096868
21.971842	1f2e31f4eed6	50	7778d821ac80	30	584aad8b8ad0	4da0000	6cf	7778d821ad00	7ffc5b091630	0	0	584aad8b8b20	7778d821ace0	ffffffffffffff88	100010	584aa9b85010	ffff
21.978387	9a1f6	584aace13220	584aab039818	14073	1	3d1de	584aab039818	7ffc5b094868	7ffc5b094710	8	0	34e9d4588e7343e	f06328785add1e4f	584aab039818	8000000000000002	584aab081950	6ad1
21.990343	93589	7ffc5b0970b0	7ffc5b09b7c0	1	7ffc5b095cc0	52d78b47db74d03	c8440e7572daaff4	7ffc5b0970b0	7ffc5b095c10	7ffc5b0971c0	b	7ffc5b0970b0	f84d6528f4b93070	81	7ffc5b0971c0	7ffc5b095cc0	b
22.003858	9409f	edbac23c13a97467	3524	3555b76faaabc907	8	7ffc5b08fd00	7ffc5b08fd08	7ffc5b08fec8	7ffc5b08fcf0	0	0	83ac4cb6d6433aef	2b60151a9b99be27	0	8000000000000000	7ffc5b08fd00	7ffc5b08fd08
22.014000	9ab6d	168e8	7ffc5b09b7c0	7ffff	7778d5285010	68	0	0	7ffc5b097390	8	0	cb890f295b5b393a	c828b8bcdf437f9e	8aee	7778d5284fc8	7ffc5b097410	5
22.027281	1f2e31f503c2	41	ffffffffffffff50	8	8	584aad4de3b0	584aad4de3c0	584aab3b0ee8	7ffc5b097340	7778d5285010	0	cfd9f95c0c053ee2	81c49acf13736685	2ba6f	7778d5284fc8	7ffc5b097410	4
22.036793	1f2e31f503c2	30	ffffffffffffff50	8	8	584aa9d97db0	584aa9d97dc0	584aab155a80	7ffc5b097350	7778d5285010	0	fa0a1ee7fd63d2bb	9eb71d33b7a41e29	12840	7778d5284fc8	7ffc5b097410	1
22.042192	99cfc	8000000000000001	7778d3f5c910	8000000000000001	8000000000000001	7778d3f5c901	7ffc5b097458	1	7ffc5b097370	8	0	cc9510c5889880ca	ed478eb79f16ebbb	f396	7778d5284fc8	7ffc5b097458	8000000000000000
22.054579	9a208	584aad9176b0	584aab1a6378	1	584aaa12c	584aa9b85010	7	584aab1a6378	7ffc5b097380	584aaa12ca70	0	5049cd45924cbcaa	189a5776364914b7	15df5	7778d5284fc8	7ffc5b097410	1
22.069801	1f2e31f4ef07	60	7778d821ac80	30	584aae148690	584aaa094d80	ecf	7778d821ad30	7ffc5b090980	0	0	584aae1486f0	7778d821ace0	ffffffffffffff88	50	584aa9b85010	3
22.080743	9a1f6	584aadccb8f0	584aab0b1b18	230d3	1	3d1de	584aab0b1b18	7ffc5b093f88	7ffc5b093e60	8	0	caf0340a5e0cc58a	f6a5e1d2ba279eda	584aab0b1b18	8000000000000002	584aab0804b0	baf1
22.086463	9a84c	8000000000000000	584aacdd0c80	a1efe	1	3d1de	8000000000000000	7ffc5b093658	7ffc5b0934e0	8	0	d55b215a1f3d94a1	ca047233b09dd8e2	584aab4a8c70	8000000000000002	584aab06aec8	35faa
22.092810	1f2e31f4d7a8	7	30	1	584f294b5ecd	584aa9b85010	7	584aace0dae0	7ffc5b091df0	584aace0daf0	0	cff762b3cd2e5c36	189a5776364914b7	7778d821ac80	0	584aaaf99480	13336
22.104681	92762	58	7ffc5b09b7c0	63589f472393ba5f	7778d5285010	7778d5284fc8	0	7ffc5b092a68	7ffc5b092920	8	0	f80b0f8c531c7bad	1748bc2a650b19ac	7ffc5b092a68	1	7ffff	3a78
22.114115	92a5c	7778d5306010	7ffc5b09b7c0	5679c0	1	3d1de	7ffc5b08f2b0	7ffc5b08f388	7ffc5b08f240	8	0	b992d7d1f8ba5cc5	24d851e11871877b	7778d586d9d0	8000000000000002	584aab0ae800	159e7
22.128186	92ae8	584aab599490	7ffc5b09b7c0	1	584f28c2affc	3d1de	7	7ffc5b093f88	7ffc5b093e70	584aae19c260	0	caf0340a5e035796	189a5776364914b7	584aab0ad270	8000000000000002	584aaafcf690	b7ea
22.134312	1f2e31f4d9e1	7	30	1	584f2d70b2ce	584aa9b85010	7	584aaaa9e8d0	7ffc5b0932a0	584aaaa9e8e0	0	852c82077a8613e	189a5776364914b7	7778d821ac80	0	584aab54fe00	3cf11
22.147115	93557	8000000000000002	7ffc5b09b7c0	4	129b40	3d1de	7778d5306010	8000000000000001	7ffc5b08e110	7ffc5b097160	51	e620e67447caf5ca	55723a1b8a371609	81	7ffc5b097160	4a6d	51
22.154952	9a84c	8000000000000000	584aaa8ee670	1	584f2d5d9780	584aa9b85010	8000000000000000	7ffc5b0952c8	7ffc5b095170	584aaa710a40	584aaa1a95b0	7778d821ad20	189a5776364914b7	584aab3a9760	8000000000000002	584aaaf99480	2b574
22.165177	1f2e31f4ea86	584aadf4f650	7778d821ac80	584aaacf2710	7778d821ad10	7778d821ad00	1	28	7ffc5b097260	584aa9b85010	7778d821ac80	7	7	584aaa102af0	30	189a5776364914b7	11
22.175355	9a1f6	584aa9cf47c0	584aaafcc4b0	6606	0	3d1de	584aaafcc4b0	584aaafcc4b0	7ffc5b097380	584aa9b85010	584aa9f81270	7	7	2202	7778d5284fc8	7ffc5b097410	2
22.185062	99cfc	8000000000000001	7778d3e19060	8000000000000001	8000000000000001	7778d3e19001	7ffc5b097458	1	7ffc5b097370	8	0	8bc19a9fbc5c48f6	3ae7c36ef62750ca	26df7	7778d5284fc8	7ffc5b097458	8000000000000000
22.194674	1f2e31f4d721	21	40	2	7	584aa9b85010	7	584aad4b6480	7ffc5b0972d0	584aad4b6490	0	93a13deb901b12c7	189a5776364914b7	7778d821ac80	0	584aad4b64c0	1
22.207545	99cfc	8000000000000001	7778d4abf998	8000000000000001	8000000000000001	7778d4abf901	7ffc5b097458	1	7ffc5b097370	8	0	d001c75f6ff48092	8bde1aed749a487a	2d319	7778d5284fc8	7ffc5b097458	8000000000000000
22.221546	1f2e31f4ef07	60	7778d821ac80	30	584aa9eddb10	584aaa679df0	10ed	7778d821ad30	7ffc5b090740	0	0	584aa9eddb70	7778d821ace0	ffffffffffffff88	50	584aa9b85010	3
22.236576	9a0aa	4	7ffc5b0952e0	584aae406000	0	3d1de	7ffc5b0952e0	7ffc5b095418	7ffc5b095280	8	0	6d3af058ac0715b8	9c47546828141aad	584aaaf99480	8000000000000001	584aab360710	584aa9c5dc40
22.245198	9a1f6	584aaa698650	584aab0364a0	13a04	1	3d1de	584aab0364a0	7ffc5b096ec8	7ffc5b096da0	8	0	eb87a87bd18ec7e4	36eb1770a264d6e	584aab0364a0	8000000000000002	584aab332600	68ac
22.258694	92762	3b	7ffc5b09b7c0	526b02fa07c62a04	7778d5285010	7778d5284fc8	0	7ffc5b096b88	7ffc5b096a40	8	0	76b466726b8e0dbb	a878fa84b8c4fd0d	7ffc5b096b88	1	7ffff	e095
22.272197	955c1	1039	c0	584aadd61480	1fff	0	4	7ffc5b09b7c0	7ffc5b096a70	584aadd40d20	20760	e7dcfa80523d4ae7	371b91619e284f06	0	0	1ab11	7ffc5b0975d0
22.286241	92a5c	7778d5306010	7ffc5b09b7c0	4c5640	1	3d1de	7ffc5b08e010	7ffc5b08e0e8	7ffc5b08dfa0	8	0	698c56c13a0fabd2	a9784dd757d14394	7778d57cb650	8000000000000002	584aab0b0930	13159
22.296325	93557	8000000000000002	7ffc5b09b7c0	2	d75740	3d1de	7778d5306010	8000000000000001	7ffc5b093a50	7ffc5b097160	1e	e21681b3df1ec64f	f025adbe5826a418	81	7ffc5b097160	35d5d	1e
22.307912	9a1f2	584aa9d034e0	584aab096c20	1faf4	1	3d1de	584aab096c20	7ffc5b08e9c8	7ffc5b08e870	8	0	93de9abf1717f08f	6b5f39bf82d123fe	584aab096c20	8000000000000002	584aab381410	a8fc
22.321936	9aaca	584aaa14ab20	7ffc5b09b7c0	c9a800	7778d5306010	3d1de	8000000000000001	326a0	7ffc5b097390	584aad948550	584aaa176ae0	1e0b750a332413a8	189a5776364914b7	326a0	584aab599490	7ffc5b097410	2
22.334516	1f2e31f4d721	31	40	2	7	584aa9b85010	7	584aacddbbc0	7ffc5b0972d0	584aacddbbd0	0	935156539f416727	189a5776364914b7	7778d821ac80	0	584aacddbc00	3
22.348861	1f2e31f4ea65	584aaa2942c0	7778d821ac80	584aae183640	7778d821ad10	7778d821ad00	1	28	7ffc5b097260	584aa9b85010	7778d821ac80	4	7	584aaad5ea30	30	584aadb815d0	11
22.363954	9a208	584aadec9410	584aab00eb40	1	584aad4ab	584aa9b85010	7	584aab00eb40	7ffc5b097380	584aad4abc00	0	cbd5eefea33f6966	189a5776364914b7	4e48	7778d5284fc8	7ffc5b097410	3
22.376997	1f2e31f4c70f	584aa9cda0d0	584aadb64610	21	584aad87b420	584aa9cda0d0	584aadb64650	60	7ffc5b097440	584f292d6884	584aad87b3e0	20	189a5776364914b7	7778d821aca0	7778d821ac80	584aadb64670	584aadb64
22.391005	9a1f6	584aaaa900e0	584aab4ac0a8	a2585	1	3d1de	584aab4ac0a8	7ffc5b091c58	7ffc5b091b30	8	0	83ac4cb6d64ee741	c6b049146683b9be	584aab4ac0a8	8000000000000002	584aab4ac090	361d7
22.400052	9a1f6	584aaad4ea90	584aab09fd88	20d21	1	3d1de	584aab09fd88	7ffc5b092488	7ffc5b092360	8	0	eec82f205ea3311f	3f59b9b4ac118afe	584aab09fd88	8000000000000002	584aaaf99480	af0b
22.407032	9a1f6	584aac2d6d00	584aab45f890	98c82	1	3d1de	584aab45f890	7ffc5b090558	7ffc5b0903f0	8	0	4fdba4f5202af770	d74f291a1733da50	584aab45f890	8000000000000002	584aaaf99480	32ed6
22.420040	98edf	d1b17847d54e8a62	1107e	584aaa023a40	7	3d1de	2e4e87b82ab1758d	7ffc5b097301	7ffc5b095a00	c4	4	7ffc5b0974a0	8000000000000001	0	1	0	7ffc5b09b7c0
22.428099	98ddc	584aaaf99480	0	584aab444878	3f00	3d1de	584aaa6f04a0	7ffc5b097301	7ffc5b090000	584aaa69c720	4	7ffc5b0974a0	8000000000000001	0	1	31cd5	7ffc5b09b7c0
22.435681	92d74	fffffffffffe0971	7ffc5b09b7c0	69	205ec5b2f4d89170	7778d5285010	ffffffffffffc829	7ffc5b090818	7ffc5b090700	7778d5284fc8	0	76f3260c1d413b5e	be6d12677fb544c0	0	37c7	37d7	3111d
22.444662	9410e	0	1	1	0	7ffc5b090da0	7ffc5b090da8	7ffc5b090f68	7ffc5b090d90	8	0	ed83b1e557fc9d24	3b700ee5a8dd0822	584aab42fe78	8000000000000000	8000000000000001	8000000000000001
22.451527	9a208	584aadb50ac0	584aab427430	1	584f2e64c86a	584aa9b85010	7	7ffc5b093ef8	7ffc5b093dd0	584aaa59a820	584aaace6260	939cf42a8403a5b7	189a5776364914b7	584aab427430	8000000000000002	584aaaf99480	30952
22.464034	92d74	ffffffffffd7c7ee	7ffc5b09b7c0	27	793630a9a1de2bb1	7778d5285010	fffffffffffb87fe	7ffc5b08dea8	7ffc5b08dd60	7778d5284fc8	20	5a7499e04e36b5a4	dacde4105c413bbb	0	477f2	47831	2c0d
22.471383	9a0aa	2	7ffc5b08e360	584aac279a50	0	3d1de	7ffc5b08e360	7ffc5b08e488	7ffc5b08e300	8	0	1633229721c16cf5	8d1dd55478f2342a	584aaaf99480	8000000000000001	584aab32e490	584aaa6aaf40
22.477332	940ba	6c78117ccb4363d6	6933	a87fda5c1ff7e23c	8	7ffc5b08f880	7ffc5b08f888	7ffc5b08fa48	7ffc5b08f870	8	0	1831bcf9d41d68e5	284ff0f2f0d91d1c	0	8000000000000000	7ffc5b08f880	7ffc5b08f888
22.488964	92503	584aab599490	7ffc5b09b7c0	584f2e8d3ed7	584aaa279840	2c851	7	8000000000000000	7ffc5b0974d0	584aaa697ab0	584aaa18e1c0	584aaa2b1d30	189a5776364914b7	e11d0	14d70	20000	584aadce7820
22.503254	1f2e31f503c2	31	ffffffffffffff50	8	8	584aa9e7eeb0	584aa9e7eec0	584aab1132d0	7ffc5b097350	7778d5285010	0	2edbbb20bed1e39e	7ca3e8ca33dbf80	fbee	7778d5284fc8	7ffc5b097410	3
22.515553	94049	0	7ffc5b097458	1	8	7ffc5b097310	7ffc5b097318	0	7ffc5b097300	0	0	dd475fa14ff87664	e2bc202ff2ff7f06	2fdeb	8000000000000000	7ffc5b097310	7ffc5b097318
22.525804	1f2e31f503c2	41	ffffffffffffff50	8	8	584aaa113840	584aaa113850	584aab06be70	7ffc5b097340	7778d5285010	0	909fb369fe3692ae	66b705a1fd1bb93a	8c6a	7778d5284fc8	7ffc5b097410	3
22.535432	9a1f2	584aac674e40	584aab0fb9d8	2c4ab	0	3d1de	584aab0fb9d8	584aab0fb9d8	7ffc5b097380	0	584aa9f45cf0	11	7778d821ace0	ec39	7778d5284fc8	7ffc5b097410	1
22.543563	1f2e31f4c86f	584aae1178c0	584aaa23e4d0	7778d821aca0	41	584aae1178c0	584aaa0e4710	60	7ffc5b097450	584f2e894434	584aaa23e4d0	20	189a5776364914b7	7778d821aca0	7778d821ac80	584aaa0e4730	584aaa0e4
22.550166	1f2e31f4eed6	60	7778d821ac80	30	584aaa8e6ec0	4da0000	18b4	7778d821ad30	7ffc5b091020	0	0	584aaa8e6f20	7778d821ace0	ffffffffffffff88	860	584aa9b85010	84
22.562241	92a5c	7778d5306010	7ffc5b09b7c0	340bc0	1	3d1de	7ffc5b091810	7ffc5b0918b8	7ffc5b0917a0	8	0	1196057907376739	c992fe8b96f931a5	7778d5646bd0	8000000000000002	584aab3447b0	d02f
22.576150	9a852	8000000000000000	584aab4ea7d8	aa26b	1	3d1de	584aade93df0	7ffc5b093dd8	7ffc5b093ca8	8	584aaa198600	5a8e8c87371db408	7778d821ace0	584aab4ea7d8	8000000000000002	584aaaf99480	38b79
22.588283	940d0	0	0	301394e3d18454f	8	7ffc5b093e40	7ffc5b093e48	7ffc5b094008	7ffc5b093e30	8	0	81c54d2b88b9ad8	ed64d83f7701bb14	0	8000000000000000	7ffc5b093e40	7ffc5b093e48
22.595658	95966	d32886e33ddfec22	7ffc5b091f38	e8d18a6e4a29e529	8a62a31aac7d1605	92666b6e6183c397	1000000000000000	7ffc5b09b7c0	7ffc5b091f30	8	0	e0e951551bb685c5	40de50accc64436e	0	0	c8	7ffc5b091f30
22.606529	9409b	94bfdcc5374d5871	ca	4a207696a6c11c9c	8	7ffc5b094020	7ffc5b094028	7ffc5b09b7c0	7ffc5b094010	0	0	e04257f2a883ea4d	46853f25cfbbdbf0	0	0	ca	7ffc5b094020
22.612744	93557	8000000000000002	7ffc5b09b7c0	81	de5d00	3d1de	7778d5306010	8000000000000001	7ffc5b094cb0	7ffc5b097160	14	7ffc5b0970b0	9690f10474b6063a	81	7ffc5b097160	37974	14
22.627469	9410e	0	0	1	0	7ffc5b08f740	7ffc5b08f748	7ffc5b08f918	7ffc5b08f730	8	0	cb52ac1399a48989	6cff76189720bc3	7ffc5b09b7c0	8000000000000000	7ffc5b08f740	7ffc5b08f748
22.636762	9a1f2	584aaa3182c0	584aab12f908	32c91	1	3d1de	584aab12f908	7ffc5b095088	7ffc5b094f30	0	584aadc78540	7778d821ad20	7778d821ace0	584aab12f908	8000000000000002	584aaaf99480	10edb
22.644536	9aaca	584aade080c0	7ffc5b09b7c0	a5d5c0	7778d5306010	3d1de	8000000000000001	29757	7ffc5b097390	584aaaa0f6b0	584aaa5b78e0	7	189a5776364914b7	29757	584aab599490	7ffc5b097410	3
22.652010	9a1f2	584aaa71e590	584aaafad3e8	27ed	584aa9b85010	3d1de	584aaafad3e8	584aaafad3e8	7ffc5b097380	7778d5285010	0	9ad5cb562ddb0835	fe03edfc40b7d1e6	d4f	7778d5284fc8	7ffc5b097410	3
22.659267	99cfc	8000000000000001	7778d3fec2e0	8000000000000001	8000000000000001	7778d3fec201	7ffc5b097458	1	7ffc5b097370	8	0	181712a285a937f6	bf5f692431ddaf9	2dfbe	7778d5284fc8	7ffc5b097458	8000000000000000
22.667391	99cfc	8000000000000001	7778d47b5270	8000000000000001	8000000000000001	7778d47b5201	7ffc5b097458	4	7ffc5b097370	8	0	52fe4a772c22c183	ac3eefe0b3432c6a	411d	7778d5284fc8	7ffc5b097458	8000000000000000
22.673268	9a1f2	584aae44c5a0	584aaafa6980	1aa0	0	3d1de	584aaafa6980	584aaafa6980	7ffc5b097380	7778d5285010	584aacdedab0	524d65f24783b45	1	8e0	7778d5284fc8	7ffc5b097410	3
22.681446	9a208	584aadca0100	584aab077c78	1	584aa9c59	584aa9b85010	7	584aab077c78	7ffc5b097380	584aa9c59710	0	6c7bf5882ccb18be	189a5776364914b7	9455	7778d5284fc8	7ffc5b097410	2
22.690639	99cfc	8000000000000001	7778d3faa598	8000000000000001	8000000000000001	7778d3faa501	7ffc5b097458	2	7ffc5b097370	8	0	f41ddaf518cd7c65	153fd63c542522a1	64c5	7778d5284fc8	7ffc5b097458	8000000000000000
22.697664	9a1f6	584aaa744330	584aab48aa78	9e2bf	0	3d1de	584aab48aa78	584aab48aa78	7ffc5b097380	0	584aa9c9c810	584aa9c9c860	7778d821ace0	34b95	7778d5284fc8	7ffc5b097410	0
22.702857	99cfc	8000000000000001	7778d4f72a58	8000000000000001	8000000000000001	7778d4f72a01	7ffc5b097458	80	7ffc5b097370	8	0	8bc19a9fbc5315a6	3a83190885564f1a	279f	7778d5284fc8	7ffc5b097458	8000000000000000
22.715909	95633	7778d5706510	cc	10014	a	3d1de	7778d5706510	7ffc5b09b7c0	7ffc5b096dd0	8	0	e0b43a191b3b27e1	ab2a866a4149faf8	8000000000000001	10014	10014	7ffc5b0975d0
22.729017	9a208	584aaacb2e90	584aab36a718	1	584f2aeadc73	584aa9b85010	7	7ffc5b08e1a8	7ffc5b08e050	584aad4a3be0	0	dccf54af962b59cf	189a5776364914b7	584aab36a718	8000000000000002	584aab48b618	28b71
22.743849	99a89	7ffc5b0955a8	7ffc5b095768	1	61420ad513d3226e	7ffc5b0955a0	c8440e7572d9eed5	7ffc5b095768	7ffc5b0955a0	a43d69101cbc9cb4	71481cd604c32870	f79549bf647bac03	189a5776364914b7	584aab3c2498	8000000000000000	8000000000000001	8000000000000001
22.755042	1f2e31f4c6e9	60	7778d821ac80	61	7778d821ad30	ffffffdc	584aa9f56950	38	7ffc5b0930b0	0	0	584aace57680	7778d821ace0	20	40	60	2
22.762839	92762	0	7ffc5b09b7c0	ec20d163ab1af18f	7778d5285010	7778d5284fc8	20	7ffc5b095408	7ffc5b0952f0	8	0	e1341f660e25d317	aee6d6f0484d2381	7ffc5b095408	0	7ffff	29564
22.768905	95591	306b	ce	584aacfabdf0	7fff	0	1000000000000000	7ffc5b09b7c0	7ffc5b096910	8	0	e0d66cbf3353462f	b661f6496d04871d	8000000000000001	958e	35926	7ffc5b0975d0
22.782822	9a1f6	584aaadd9d00	584aab4eaaa8	aa2c5	1	3d1de	584aab4eaaa8	7ffc5b0938c8	7ffc5b0937a0	8	0	cd051ae74d52f0e8	751bb3aa26792fcd	584aab4eaaa8	8000000000000002	584aab4eaa90	38b97
22.796852	9a208	584aad846f20	584aab52e698	1	584f2e43104e	584aa9b85010	7	7ffc5b0964c8	7ffc5b096370	584aac6ae4a0	584aaab984e0	7778d821ad20	189a5776364914b7	584aab52e698	8000000000000002	584aaaf99480	3b8c1
22.811329	1f2e31f4ea86	584aaa167590	7778d821ac80	584aaaa25ee0	7778d821ad10	7778d821ad00	1	28	7ffc5b097260	584aa9b85010	7778d821ac80	3	7	584aaacec3f0	30	189a5776364914b7	11
22.825742	9a82e	fffffffffffffff9	584aaacd6680	a4d03	584aa9b85010	3d1de	7	584aab4bfc98	7ffc5b097370	7778d5285010	0	790a92ce0865a43b	9b6bbd7d6060c0f6	36f01	7778d5284fc8	7ffc5b097410	2
22.836754	9ab6d	54917	7ffc5b09b7c0	7ffff	7778d5285010	63	0	0	7ffc5b097390	8	0	e1c245366dad61da	442b7fe476c1cbe6	2e4c9	7778d5284fc8	7ffc5b097410	2
22.847477	1f2e31f4f2c0	1	7778d821ac80	584aaddf6	584aaddf6a60	7778d821ace0	0	28	7ffc5b097260	0	584aaddf6a70	11	7778d821ace0	ffffffffffffff88	30	584aa9b85010	1
22.857837	9a1f2	584aaa293aa0	584aab176378	3b9df	584aa9b85010	3d1de	584aab176378	584aab176378	7ffc5b097380	7778d5285010	0	42b0c9a0a8570977	2869b6917aa0dadd	13df5	7778d5284fc8	7ffc5b097410	1
22.863169	99cfc	8000000000000001	7778d46a6268	8000000000000001	8000000000000001	7778d46a6201	7ffc5b097458	1	7ffc5b097370	8	0	bf183ecc77cf469b	1a2a4767ff694239	15c2d	7778d5284fc8	7ffc5b097458	8000000000000000
22.868649	1f2e31f4c862	584aaa398070	584aaa3b8d20	30	51	584aaa398070	584aaa09f9e0	50	7ffc5b097450	584f2e914b72	584aaa3b8d20	30	189a5776364914b7	7778d821aca8	7778d821ac80	584aac652280	584aac652
22.883549	93557	8000000000000002	d2	584aacfabdf0	14a900	3d1de	7778d5306010	7ffc5b09b7c0	7ffc5b096360	8	0	e7376ac2dbd74837	b27207778ce2aba2	8000000000000001	0	52a4	7ffc5b0975d0
22.894917	95978	3e00dfca8cd31614	7ffc5b090908	7cf6b81bcb1d2332	c039ff20349fb6d1	12693af95e823b08	1000000000000000	7ffc5b09b7c0	7ffc5b090900	8	0	e7865553a17e87b7	4b3f1a7762780eaa	0	3bc5d	d2	7ffc5b090900
22.905468	92d74	ffffffffffc78043	7ffc5b09b7c0	66	947a350346fe9189	7778d5285010	fffffffffff9b8eb	7ffc5b08f468	7ffc5b08f320	7778d5284fc8	10	7efdf5fbeee993b2	bfd358c1234db0e8	0	64705	64725	15abc
22.919103	1f2e31f4c6e9	60	7778d821ac80	61	7778d821ad30	ffffffdc	584aacdf9200	38	7ffc5b0941e0	0	0	584aad514cc0	7778d821ace0	20	40	60	2
22.928196	93557	8000000000000002	d2	584aacfabdf0	210bc0	3d1de	7778d5306010	7ffc5b09b7c0	7ffc5b090180	8	0	e78c5d78c6484a9d	86a41445cfa6554c	8000000000000001	6be0	842f	7ffc5b0975d0
22.938638	9a1f6	584aa9de1050	584aab028bc8	11ee9	1	3d1de	584aab028bc8	7ffc5b095e78	7ffc5b095d50	0	584aaa6a4380	584aadf21be0	7778d821ace0	584aab028bc8	8000000000000002	584aaaf99480	5fa3
22.948710	93f66	10970	7ffc5b08e148	61420ad513d3226e	8	7ffc5b08e140	7ffc5b08e148	81	7ffc5b08e130	71481cd604c32870	0	2e6582e8127f8c70	870760c750177ce1	7ffc5b09b7c0	7ffc5b097160	7ffc5b08e240	7ffc5b08e140
22.959719	991b6	0	7ffc5b093b38	1	0	7ffc5b093b30	7ffc5b093b38	584aadbd36e0	7ffc5b093b30	8	0	e7827c8934a34b33	a153280cd6d59a24	fffff000	5d0	584aadbc7570	7ffc5b093b30
22.972945	1f2e31f503c2	31	ffffffffffffff50	8	8	584aad527c70	584aad527c80	584aab0d7648	7ffc5b097350	7778d5285010	0	82ef07abdbdd018f	10720ea8cf44d4f4	d413	7778d5284fc8	7ffc5b097410	5
22.982966	9a84c	0	584aaa2b6fb0	584f2d6d7b19	584aa9c7d780	584aa9b85010	7	584aab32e9a0	7ffc5b097370	584aaac996f0	0	82b1f6ab179d232f	189a5776364914b7	2638c	7778d5284fc8	7ffc5b097410	2
22.994570	9a208	584aaa09be50	584aab4d7f20	a7d54	584aa9b85010	3d1de	584aab4d7f20	584aab4d7f20	7ffc5b097380	7778d5285010	0	20879f98c7430ced	8dffef54c766279b	37f1c	7778d5284fc8	7ffc5b097410	3
23.005172	9ab6d	21a07	7ffc5b09b7c0	7ffff	7778d5285010	48	0	1a29	7ffc5b097390	8	0	1de8e87d2287e76b	fcb729b4a844b630	1a29	7778d5284fc8	7ffc5b097410	2
23.018296	1f2e31f503c2	41	ffffffffffffff50	8	8	584aace96b30	584aace96b40	584aab346688	7ffc5b097340	7778d5285010	0	7efa01eac9b5be79	24feaf0be3684f06	2736b	7778d5284fc8	7ffc5b097410	4
23.030488	9a1f2	584aaa102560	584aab32b148	72399	584aa9b85010	3d1de	584aab32b148	584aab32b148	7ffc5b097380	7778d5285010	0	e101af9968180fbc	b740d358c2db119d	26133	7778d5284fc8	7ffc5b097410	4
23.039366	1f2e31f4eed6	60	7778d821ac80	30	584aad93dce0	4da0000	124f	7778d821ad30	7ffc5b08fc00	0	0	584aad93dd40	7778d821ace0	ffffffffffffff88	50	584aa9b85010	3
23.049797	95542	0	d4	7ffc5b0975d0	d4	3531b	7ffc5b09b7c0	7ffc5b09b7c0	7ffc5b0909b0	8	0	e708572df83c8b81	563a934b3545f36	8000000000000001	28c09	3531b	7ffc5b0975d0
23.058470	940bd	a6502af449045ae5	5b	87131eb94a8496f5	8	7ffc5b0908b0	7ffc5b0908b8	584aacfc23e0	7ffc5b0908a0	8	0	e7a1649ba283e868	c9d75cf25bd97965	fffffe00	290	584aacfbce10	7ffc5b0908b0
23.073629	99335	490c	bc45	5b	ff	f13448aa807fad93	0	bc45	7ffc5b0941d0	0	0	584aadc35120	0	55	1	7ffc5b094250	7ffc5b097230
23.080296	99030	7ffc5b097390	0	7ffc5b0974a0	0	0	7ffc5b09b7c0	0	7ffc5b093f00	d4	4	7ffc5b0974a0	8000000000000001	0	1	2d900	7ffc5b09b7c0
23.087807	9a826	584aad944da0	584aad944da0	1	584f2aef1947	584aa9b85010	8000000000000000	7ffc5b090dc8	7ffc5b090c70	584aaa137450	0	6a639cab63251f0e	189a5776364914b7	584aab3f1400	8000000000000002	584aab3f13b8	2e550
23.096063	99cc5	9dd1c2c34774a2ec	7ffc5b091a18	bd96e494ece9e28a	d5584a98f61a4e19	5d870e7ff51f6ccf	2000000000000000	7ffc5b091a18	7ffc5b091880	8	0	119605790737747d	c9905715f30d2761	0	8000000000000000	7ffc5b091880	7ffc5b091888
23.101707	928d3	584aad9109c0	7ffc5b09b7c0	584aaaf99480	0	3d1de	0	7ffc5b0961d8	7ffc5b0960c0	8	0	4abd47d53604711f	75c2e67cfbeff6ea	584aaaf99480	8000000000000001	584aaaff6948	584aaa9cad80
23.113314	9a0aa	2	7ffc5b096540	584aace2c180	0	3d1de	7ffc5b096540	7ffc5b096668	7ffc5b0964e0	8	0	3fd2cc3188a1a5a5	92be6dca81575f0a	584aaaf99480	8000000000000001	584aab4905b0	584aaaced2a0
23.122446	9a1f2	584aaab70f90	584aab0bf3a8	24be5	1	3d1de	584aab0bf3a8	7ffc5b0940d8	7ffc5b093f70	0	584aaaba5360	12	7778d821ace0	584aab0bf3a8	8000000000000002	584aaaf99480	c3f7
23.133838	98d1f	584aaaf99480	0	584aab39ddc0	700	3d1de	8169	7ffc5b097301	7ffc5b096780	8	0	7ffc5b0974a0	8000000000000001	0	1	2adb8	7ffc5b09b7c0
23.147662	9a1f2	584aaa0cdf20	584aab0608d8	18e8b	0	3d1de	584aab0608d8	584aab0608d8	7ffc5b097380	584aa9b85010	584aaa5a8530	7	7	84d9	7778d5284fc8	7ffc5b097410	4
23.159087	9a208	584aadeb7220	584aab3f92a8	8bfc5	584aa9b85010	3d1de	584aab3f92a8	584aab3f92a8	7ffc5b097380	7778d5285010	0	ee0addeed5d3db1e	642b5652955f14f5	2ea97	7778d5284fc8	7ffc5b097410	3
23.164926	1f2e31f503c2	31	ffffffffffffff50	8	8	584aad4e9750	584aad4e9760	584aab0d57e8	7ffc5b097350	7778d5285010	0	f07baa8129d221ba	6941239397743cf2	d2cf	7778d5284fc8	7ffc5b097410	3
23.176309	9a1f2	584aaa111720	584aab0da6f0	2824e	0	3d1de	584aab0da6f0	584aab0da6f0	7ffc5b097380	584aa9b85010	584aad84ff80	584aadc68b20	1	d61a	7778d5284fc8	7ffc5b097410	2
23.181773	9ab6d	4fd63	7ffc5b09b7c0	7ffff	7778d5285010	44	0	0	7ffc5b097390	8	0	ddec5e902877953c	e44641348335af56	b546	7778d5284fc8	7ffc5b097410	3
23.194363	9acca	ffffffffffd6ee6b	7ffc5b09b7c0	1	ffff	7778d3dfc360	7ffc5b097450	1	7ffc5b097390	7778d5285010	0	698c56c13a0cac91	a919e51033f737af	3b778	7778d5284fc8	7ffc5b097410	2
23.200534	9acca	fffffffffff304c9	7ffc5b09b7c0	1	80	7778d4c07650	7ffc5b097450	1	7ffc5b097390	7778d5285010	0	d7af2a369114aa15	f587a10db96c18a9	5325	7778d5284fc8	7ffc5b097410	3
23.213868	1f2e31f503c2	31	ffffffffffffff50	8	8	584aaa34fcb0	584aaa34fcc0	584aab338198	7ffc5b097350	7778d5285010	0	f9da426da124b2aa	5d7905bac34ef9d2	269e1	7778d5284fc8	7ffc5b097410	2
23.223300	1f2e31f4eed6	50	7778d821ac80	30	584aaa018fe0	4da0000	111b	7778d821ad20	7ffc5b093660	0	0	584aaa019030	7778d821ace0	ffffffffffffff88	2120	584aa9b85010	210
23.232289	93557	8000000000000002	d8	584aae03d710	134c0	3d1de	7778d5306010	7ffc5b09b7c0	7ffc5b096a60	8	0	ed57305a61055ac5	9637a0cee7624777	8000000000000001	28d2f	4d3	7ffc5b0975d0
23.238219	93719	f56b5d556ebaeac7	7ffc5b08b5d8	75de27f85248803b	3245823a8e02926b	1fdd256bad2dddfc	1100000000000001	7ffc5b0970b0	7ffc5b08b5d0	0	1	ed900db790e6a703	e840e168c4cbc712	81	7ffc5b097160	7ffc5b08b680	7ffc5b08b5d0
23.252489	929ea	584aab599490	7ffc5b09b7c0	7	1	3d1de	12ca4	7ffc5b0892b8	7ffc5b089160	0	584aaa6ce520	584aa9e56690	7778d821ace0	584aab15c3e0	8000000000000001	584aaaf99480	584aaa3144a0
23.264488	92d74	ffffffffffe6661a	7ffc5b09b7c0	2b	9ab0ea83906e23cd	7778d5285010	fffffffffffd27ca	7ffc5b08d1c8	7ffc5b08d080	7778d5284fc8	0	666a3355d0eb73bd	7b1d864b57bdb0f6	0	2d826	2d836	375ed
23.274977	9a1f6	584aad4e7a20	584aab4700f0	9ad8e	1	3d1de	584aab4700f0	7ffc5b092e58	7ffc5b092d30	0	584aade56a70	584aaacfcf90	7778d821ace0	584aab4700f0	8000000000000002	584aaaf99480	339da
23.286671	9a826	584aa9e2b5f0	584aa9e2b5f0	1	584f2eb9c0df	584aa9b85010	8000000000000000	7ffc5b0930e8	7ffc5b092fc0	584aa9d6fd50	584aaa63c7f0	584aad562da0	189a5776364914b7	584aab0e93d8	8000000000000002	584aaaf99480	dff9
23.292849	1f2e31f4c6e9	60	7778d821ac80	61	7778d821ad30	7fffffdc	584aa9dfd050	38	7ffc5b096850	0	0	584aa9e0d090	7778d821ace0	20	40	60	2
23.303454	9a1f6	584aaae70a90	584aab473630	9b436	1	3d1de	584aab473630	7ffc5b089c58	7ffc5b089af0	8	0	97c5151a96d7ce8f	49b6731007b0fed	584aab473630	8000000000000002	584aab07f958	33c12
23.316390	93f66	7ffc5b091388	7ffc5b091548	1	8	7ffc5b091380	7ffc5b091388	7ffc5b091548	7ffc5b091370	a43d69101cbc9cb4	71481cd604c32870	5574938dc481df33	189a5776364914b7	584aab33b618	8000000000000000	8000000000000001	8000000000000001
23.322010	98dee	584aaaf99480	0	584aab531668	3f00	3d1de	3708d973a298d2fa	7ffc5b097301	7ffc5b08e980	584aadf340f0	4	7ffc5b0974a0	8000000000000001	0	1	3babf	7ffc5b09b7c0
23.331706	1f2e31f503c2	41	ffffffffffffff50	8	8	584aa9f07a40	584aa9f07a50	584aab4940c0	7ffc5b097340	7778d5285010	584aa9dbc9a0	37de97a55d27858f	1	351d8	7778d5284fc8	7ffc5b097410	4
23.346734	9a1f6	584aaa2b6d40	584aab059618	18033	584aa9b85010	3d1de	584aab059618	584aab059618	7ffc5b097380	7778d5285010	0	cd2207b5e0f48879	194a5546dad7f3d0	8011	7778d5284fc8	7ffc5b097410	2
23.358606	9a208	584aae1a39c0	584aab36b318	1	584f29671330	584aa9b85010	7	584aab36b318	7ffc5b097380	584aad980ba0	0	9b12743ba4a6eacc	189a5776364914b7	28bf1	7778d5284fc8	7ffc5b097410	4
23.370326	1f2e31f4c70f	7778d821ad30	7778d821ac80	61	584aad526bf0	7778d821ad30	584aa9e88d40	28	7ffc5b097250	7778d5285010	0	34c070e0c78aea4	7778d821ace0	30	30	60	1
23.383205	9a208	584aaa9f8190	584aab167cd8	1	584aaa6f3	584aa9b85010	7	584aab167cd8	7ffc5b097380	584aaa6f37d0	0	9077726ed9beafee	189a5776364914b7	13459	7778d5284fc8	7ffc5b097410	3
23.398114	1f2e31f4c862	584aad9360d0	584aac676c00	21	41	584aad9360d0	584aaa7328e0	60	7ffc5b097450	584f28cdcb32	584aac676c00	20	189a5776364914b7	7778d821aca0	7778d821ac80	584aaa732900	584aaa732
23.412943	93557	8000000000000002	dc	584aadda9840	ba7440	3d1de	7778d5306010	7ffc5b09b7c0	7ffc5b094150	8	0	ed5ee024f4139539	6dcc77f36cd612ac	8000000000000001	0	2e9d1	7ffc5b0975d0
23.427106	9409f	e16e395138735436	0	71354284a58aa28	8	7ffc5b091b10	7ffc5b091b18	584aacfd42f0	7ffc5b091b00	0	0	ed089c28683da2f9	e54563e4f58b9455	ffffffc0	4e0	584aacfca130	7ffc5b091b10
23.435239	927e4	0	7ffc5b09b7c0	1be90f59e0ffff79	7778d5285010	7778d5284fc8	10	0	7ffc5b08b620	8	0	8e6d845f99ac9192	6d4e32896553dfd0	7ffc5b08b778	7ffc5b097160	7ffff	56ab5
23.449461	98ec5	584aaa1c5e30	340e2	8000000000000000	1f01	3d1de	328863340b75ff7b	7ffc5b097201	7ffc5b091760	de	4	7ffc5b097340	8000000000000001	0	1	0	7ffc5b09b7c0
23.456474	94075	9f4fc7c0620b6635	0	71469324a8e3790	8	7ffc5b090170	7ffc5b090178	584aadc26d40	7ffc5b090160	0	0	ef9ed5b9abf69fe3	6705ea73800696d8	fffffffe	14d0	584aadbfbe30	7ffc5b090170
23.467472	92762	3a	7ffc5b09b7c0	7596a69adeaf357a	7778d5285010	7778d5284fc8	0	7ffc5b093c68	7ffc5b093b50	8	0	dc357a98bcb1231c	77bba834641b09ae	7ffc5b093c68	0	7ffff	63d2a
23.476500	92d74	ffffffffffdf4671	7ffc5b09b7c0	38	d6c016ac0d8e94bf	7778d5285010	fffffffffffc5d29	7ffc5b0913a8	7ffc5b091290	7778d5284fc8	0	18032168086d43e	8861df2005ae725a	0	3a2c7	3a2d7	ffd2
23.488913	93557	8000000000000002	7ffc5b09b7c0	4	a49540	3d1de	7778d5306010	8000000000000001	7ffc5b08c350	7ffc5b097160	62	ef2cb9aa71bed52b	dbe16f5d1dacf667	81	7ffc5b097160	29255	62
23.495360	99cfc	8000000000000001	7778d3ecd210	8000000000000001	8000000000000001	7778d3ecd201	7ffc5b08e268	800	7ffc5b08e100	8	0	76f3260c1d40b568	be52edf53b71c19e	7ffc5b08e268	ffffffffffd89049	7ffc5b08e268	8000000000000000
23.500548	9a208	584aae117680	584aab5186c0	1	584f2ec617c5	584aa9b85010	7	7ffc5b08ec28	7ffc5b08ead0	584aad025ff0	584aaa5b8c00	7778d821ad20	189a5776364914b7	584aab5186c0	8000000000000002	584aaaf99480	3aa18
23.507008	98dee	584aaaf99480	0	584aaafb62f8	3f00	3d1de	c06b6cd509f0dd97	7ffc5b097301	7ffc5b091200	584aacdf2f40	4	7ffc5b0974a0	8000000000000001	0	1	1345	7ffc5b09b7c0
23.519629	9a208	584aadc65760	584aab4d7578	a7c1f	584aa9b85010	3d1de	584aab4d7578	584aab4d7578	7ffc5b097380	7778d5285010	0	b48b00c02c2cbd2f	9578f9de5c27d420	37eb5	7778d5284fc8	7ffc5b097410	5
23.532947	9ab6d	1032e	7ffc5b09b7c0	7ffff	7778d5285010	2f	0	38849	7ffc5b097390	8	0	5a7503a38c1045f8	e26a292fe7e8cf0a	38849	7778d5284fc8	7ffc5b097410	1
23.540842	99cfc	8000000000000001	7778d31ca688	8000000000000001	8000000000000001	7778d31ca601	7ffc5b097458	1	7ffc5b097370	8	0	d0dd18d24f5e18c1	a59569413946810c	83bf	7778d5284fc8	7ffc5b097458	8000000000000000
23.553958	99cfc	8000000000000001	7778d4e3f4b0	8000000000000001	8000000000000001	7778d4e3f401	7ffc5b097458	1	7ffc5b097370	8	0	32b51ea929a3f34c	1f34b1ba465b068b	29230	7778d5284fc8	7ffc5b097458	8000000000000000
23.562771	99d0d	27d01	7ffc5b09b7c0	8000000000000001	8000000000000001	7778d4b31201	7ffc5b097400	1	7ffc5b097380	8	0	6261c2b8ba36e767	f62241d0a2deb0dc	27d43	7778d5284fc8	1a0d9	8000000000000000
23.575098	9a208	584aaa724800	584aab517c58	afcfb	584aa9b85010	3d1de	584aab517c58	584aab517c58	7ffc5b097380	7778d5285010	0	d4d2975e53fcff7d	6d49faed626d6d24	3a9a9	7778d5284fc8	7ffc5b097410	5
23.580669	1f2e31f4c862	584aadb49a90	584aa9c10670	30	41	584aadb49a90	584aa9f5bbc0	40	7ffc5b097450	584f2d6ba0b1	584aa9c10670	30	189a5776364914b7	7778d821aca0	7778d821ac80	584aaa6c1ad0	584aaa6c1
23.592854	1f2e31f4c709	584aaacbf4c0	584aaa089660	51	584aac6bc840	584aaacbf4c0	584aaa089660	80	7ffc5b092580	584f2e6b7f19	584aaac1df90	40	59543a7e662bcb0b	7778d821ac98	7778d821ac80	584aaa0896e0	584aaa089
23.600918	92a5c	7778d5306010	7ffc5b09b7c0	588400	1	3d1de	7ffc5b091e40	7ffc5b091ee8	7ffc5b091dd0	8	0	1dbd4f1332c03f9d	17a243238cbb7c5b	7778d588e410	8000000000000002	584aaaf99480	16210
23.608460	92a5c	7778d5306010	7ffc5b09b7c0	780	1	3d1de	7ffc5b096520	7ffc5b0965c8	7ffc5b0964b0	8	0	7a287b0b140790b7	5d456abbf5f64668	7778d5306790	8000000000000002	584aab19a9c0	1e
23.621364	98d1f	584aaaf99480	0	584aab0947f0	1f00	3d1de	dab5	7ffc5b097201	7ffc5b08d1a0	8	0	7ffc5b097340	8000000000000001	0	1	a77a	7ffc5b09b7c0
23.631750	9a1f6	584aad03c720	584aaafe5110	9792	1	3d1de	584aaafe5110	7ffc5b096408	7ffc5b0962b0	0	584aa9fbb2f0	584aadf407b0	7778d821ace0	584aaafe5110	8000000000000002	584aaaf99480	3286
23.643056	92a5c	7778d5306010	7ffc5b09b7c0	3d380	1	3d1de	7ffc5b0964d0	7ffc5b096578	7ffc5b096460	8	0	ef85755d9ad01b74	a75430cc5bce346b	7778d5343390	8000000000000002	584aab101648	f4e
23.654522	99cfc	8000000000000001	7778d4a74aa0	8000000000000001	8000000000000001	7778d4a74a01	7ffc5b08e4a8	1	7ffc5b08e340	8	0	b2e5c09b88984679	11c450217f4c8e36	7ffc5b08e4a8	ffffffffffefdf5b	7ffc5b08e4a8	8000000000000000
23.663170	9a1f6	584aac2c5b00	584aab12afd0	3236a	1	3d1de	584aab12afd0	7ffc5b095848	7ffc5b095720	8	0	4aaa45387a3e6009	6431be0f5b3186d5	584aab12afd0	8000000000000002	584aab070da8	10bce
23.670151	9a208	584aadc898a0	584aab44b4f0	1	584f2e9c657f	584aa9b85010	7	7ffc5b08cd58	7ffc5b08cbf0	584aaa2bfb20	0	bac18fdc39f2e7b4	189a5776364914b7	584aab44b4f0	8000000000000002	584aab19feb0	3215a
23.684495	98dee	584aaaf99480	e73f	584aab0c6bc0	3f00	3d1de	10004a200800ec00	7ffc5b097301	7ffc5b096fc0	584aaa1b7810	4	7ffc5b0974a0	8000000000000001	0	1	c8f8	7ffc5b09b7c0
23.695993	1f2e31f503c2	41	ffffffffffffff50	8	8	584aa9eaf740	584aa9eaf750	584aab374708	7ffc5b097340	7778d5285010	0	504fb36c3c2561f3	c4a65c7b3c1e5a09	2921b	7778d5284fc8	7ffc5b097410	4
23.703638	99cfc	8000000000000001	7778d30dcae8	8000000000000001	8000000000000001	7778d30dca01	7ffc5b097458	1	7ffc5b097370	8	0	fa9f47ba311ac6e8	c13cf696dde515bd	33dde	7778d5284fc8	7ffc5b097458	8000000000000000
23.717480	99cfc	8000000000000001	7778d51ead38	8000000000000001	8000000000000001	7778d51ead01	7ffc5b097458	1	7ffc5b097370	8	0	d0fb11e1be50f8c1	fd95b83471a39394	4c3c	7778d5284fc8	7ffc5b097458	8000000000000000
23.729692	1f2e31f503a4	7ffc5b097370	584aadcde070	8	8	584aaa3df710	584aaa3df710	584aab021080	7ffc5b097378	7778d5285010	584aaa072a70	80afdb2fa23a0927	7778d821ace0	5a80	7778d5284fc8	7ffc5b097410	3
23.738514	1f2e31f503c2	31	ffffffffffffff50	8	8	584aace3ded0	584aace3dee0	584aab3e6a98	7ffc5b097350	7778d5285010	0	8bc19a9fbc5d9eaa	3af239d81edbc61e	2de41	7778d5284fc8	7ffc5b097410	2
23.752512	1f2e31f503c2	51	ffffffffffffff50	8	8	584aadf920b0	584aadf920c0	584aab39a9d0	7ffc5b097340	7778d5285010	0	86b4a7f16732c444	b066ff69927b17b8	2ab8e	7778d5284fc8	7ffc5b097410	3
23.760345	1f2e31f4c87f	584aadc96e80	584aacdda370	7778d821aca8	50	584aadc96e80	584aade85e30	50	7ffc5b097450	584f284dc57a	584aacdda370	30	189a5776364914b7	7778d821aca8	7778d821ac80	584aade85ec0	584aade85
23.766379	92bc4	584aab599490	7ffc5b09b7c0	584f288708e6	7ffc5b093758	52d78b47db74d03	c8440e7572d9eed5	7ffc5b093758	7ffc5b093640	584aaa386d40	0	1ac29d7cc78f88c2	189a5776364914b7	584aab45ed80	8000000000000002	584aaaf99480	32e60
23.779528	99a80	7ffc5b093aa8	7ffc5b093c78	0	61420ad513d3226e	52d78b47db74d03	c8440e7572d9eed5	7ffc5b093c78	7ffc5b093aa0	a43d69101cbc9cb4	71481cd604c32870	6261c2b8ba347fa7	189a5776364914b7	584aab392d20	8000000000000000	8000000000000001	8000000000000001
23.790713	9a208	584aa9cb7780	584aab4989c8	1	584f2e11a41e	584aa9b85010	7	7ffc5b095e78	7ffc5b095d50	584aaa6de290	0	f41ddaf518cfbba3	189a5776364914b7	584aab4989c8	8000000000000002	584aab53ccf0	354e3
23.804589	9a208	584aaaf3dd40	584aab3a9af0	1	584f2940fadc	584aa9b85010	7	7ffc5b08c9a8	7ffc5b08c850	584aad97cfa0	0	fecbe08c62a9dd24	189a5776364914b7	584aab3a9af0	8000000000000002	584aab324830	2b59a
23.814321	9a1f6	584aadb95d60	584aab336338	739d7	1	3d1de	584aab336338	7ffc5b093e88	7ffc5b093d30	0	584aaab87be0	584aad8e1110	7778d821ace0	584aab336338	8000000000000002	584aaaf99480	2689d
23.826163	92d74	ffffffffffea4378	7ffc5b09b7c0	66	c34fe9367f6841d	7778d5285010	fffffffffffd95b8	7ffc5b093518	7ffc5b093400	7778d5284fc8	0	4f70b7bf56d8c3	27374f4a6d6e2b98	0	26a38	26a48	3c026
23.832392	92a92	7778d5306010	7ffc5b09b7c0	2939c0	1	3d1de	7ffc5b092d70	7ffc5b092e18	7ffc5b092d00	0	584aa9f0aaa0	584aad03d890	7778d821ace0	7778d55999d0	8000000000000002	584aaaf99480	a4e7
23.844900	1f2e31f4d9e1	7	30	1	584f2abdd0a1	584aa9b85010	7	584aadba1630	7ffc5b0934d0	584aadba1640	0	54721c40a36cc7de	189a5776364914b7	7778d821ac80	0	584aab33e798	26e22
23.857999	9a1f6	584aae15ef00	584aab431360	92fdc	1	3d1de	584aab431360	7ffc5b08cee8	7ffc5b08cd90	0	584aac2dbca0	7778d821ad20	7778d821ace0	584aab431360	8000000000000002	584aaaf99480	30ff4
23.863248	94090	34711488f337b54c	2ec81	e4a44713c36ebb1b	8	7ffc5b0942c0	7ffc5b0942c8	7ffc5b094488	7ffc5b0942b0	0	0	f77197fb7e04a527	c39d55f9d6b1f748	0	8000000000000000	7ffc5b0942c0	7ffc5b0942c8
23.871661	1f2e31f4d721	21	40	2	7	584aa9b85010	7	584aace28b10	7ffc5b0972d0	584aace28b20	584aaa3399b0	584aa9ed5510	189a5776364914b7	7778d821ac80	0	584aace28b50	6
23.877128	9a1f2	584aaac77a00	584aab0a9ce8	2210d	584aa9b85010	3d1de	584aab0a9ce8	584aab0a9ce8	7ffc5b097380	7778d5285010	0	d7d848bfc6c4b65f	7ef066e548d32e88	b5af	7778d5284fc8	7ffc5b097410	2
23.890458	99cfc	8000000000000001	7778d4d9e6b0	8000000000000001	8000000000000001	7778d4d9e601	7ffc5b097458	1	7ffc5b097370	8	0	3bfc122233f9ff3e	b3498055d2a080ba	38625	7778d5284fc8	7ffc5b097458	8000000000000000
23.905148	99cfc	8000000000000001	7778d2ef7a18	8000000000000001	8000000000000001	7778d2ef7a01	7ffc5b097458	8	7ffc5b097370	8	0	7047d389ed57be7c	fda8489db2c3c8df	2808d	7778d5284fc8	7ffc5b097458	8000000000000000
23.918602	9a208	584aae0d7520	584aab05a890	1	584aade7a	584aa9b85010	7	584aab05a890	7ffc5b097380	584aade7af80	0	e15e042b75a800f4	189a5776364914b7	80d6	7778d5284fc8	7ffc5b097410	2
23.927032	99cfc	8000000000000001	7778d35f0640	8000000000000001	8000000000000001	7778d35f0601	7ffc5b097458	4	7ffc5b097370	8	0	86cb9e851de0198b	25fcdb5e6615f659	13801	7778d5284fc8	7ffc5b097458	8000000000000000
23.935981	9aaca	584aad9931e0	7ffc5b09b7c0	f39600	7778d5306010	3d1de	8000000000000001	3ce58	7ffc5b097390	584aad540a30	0	31ebd390751ecc44	189a5776364914b7	3ce58	584aab599490	7ffc5b097410	2
23.947576	9a1f2	584aaa2d1280	584aab3bf570	84c1e	584aa9b85010	3d1de	584aab3bf570	584aab3bf570	7ffc5b097380	7778d5285010	0	7c381a994d70f545	ed0c9945ec827157	2c40a	7778d5284fc8	7ffc5b097410	3
23.958316	9a1f6	584aaa17a6b0	584aab4c5bd8	a58eb	1	3d1de	584aab4c5bd8	7ffc5b08fe88	7ffc5b08fd60	8	0	40e6380b1dbacf47	802e900009b72427	584aab4c5bd8	8000000000000002	584aaaf99480	372f9
23.964186	9586a	bb2b631002a9d623	ea	61420ad513d3226e	31298	52d78b47db74d03	c8440e7572dab356	7ffc5b09b7c0	7ffc5b095a90	7778d5284fc8	0	b42797e9b9973e8f	7621a8734867d48e	0	3b4a7	ea	7ffc5b0975d0
23.973585	92a5c	7778d5306010	7ffc5b09b7c0	2d9d00	1	3d1de	7ffc5b090a00	7ffc5b090aa8	7ffc5b090990	8	0	1a011842b398bc6c	c5f3853535390380	7778d55dfd10	8000000000000002	584aab4a8d30	b674
23.982870	9a1f6	584aad914290	584aab3f9d70	8c11e	1	3d1de	584aab3f9d70	7ffc5b0928e8	7ffc5b092790	8	0	d4e336e9437a0e2e	2bec8db6ce60fe68	584aab3f9d70	8000000000000002	584aab335690	2eb0a
23.989076	9a1f6	584aaaca0b90	584aab00fc20	ecf4	1	3d1de	584aab00fc20	7ffc5b091b48	7ffc5b0919f0	8	0	ccb0b42d1735fa3d	5d41100d41966e43	584aab00fc20	8000000000000002	584aaafbbc38	4efc
23.997019	9a1f2	584aae166370	584aab4dcb88	a86e1	1	3d1de	584aab4dcb88	7ffc5b08efc8	7ffc5b08ee70	8	0	edbf7ea1bcccba2d	7bd348e0ef2e8a6a	584aab4dcb88	8000000000000002	584aab08b100	3824b
24.006182	9a208	584aad03b220	584aab4cad80	1	584f2e937b19	584aa9b85010	7	7ffc5b090938	7ffc5b090810	584aadb890a0	584aaa099950	584aa9e2d5d0	189a5776364914b7	584aab4cad80	8000000000000002	584aaaf99480	37660
24.015584	9a1f2	584aadecc800	584aaafe3e68	953d	1	3d1de	584aaafe3e68	7ffc5b08f428	7ffc5b08f300	8	0	fecbe08c62abbba7	d735753175603e04	584aaafe3e68	8000000000000002	584aab04c448	31bf
24.021921	99cfc	8000000000000001	7778d39a2d98	8000000000000001	8000000000000001	7778d39a2d01	7ffc5b095528	1	7ffc5b0953c0	8	0	c9d9ead4ed6ff2c5	44df627e180603ad	7ffc5b095528	ffffffffffce3bba	7ffc5b095528	8000000000000000
24.036319	991c0	0	7ffc5b08c428	1	0	7ffc5b08c420	7ffc5b08c428	9304	7ffc5b08c420	8	0	ec76a1ada2b8ae09	f811a81f48328913	0	1	7ffc5b08c510	7ffc5b08c420
24.047720	98dd4	584aaaf99480	0	584aab367cb8	3f00	3d1de	584aaa1a8490	7ffc5b097301	7ffc5b094b00	8000000000000000	0	7ffc5b0974a0	8000000000000001	0	1	289ad	7ffc5b09b7c0
24.062446	1f2e31f501fd	584aaaceb530	ffffffffffffff88	3	584aa9b85010	584aaad22ed0	11	28	7ffc5b097330	7778d5285010	0	506825082fe1086b	9379781908d31796	1	7778d5284fc8	7ffc5b097410	2
24.068397	1f2e31f503c2	30	ffffffffffffff50	8	8	584aa9fedc40	584aa9fedc50	584aab4c70a8	7ffc5b097350	584aa9b85010	584aaaad8b30	7	7	373d7	7778d5284fc8	7ffc5b097410	3
24.080406	9aafa	584aae413560	7ffc5b09b7c0	52d78b47db74d03	7778d5550d50	8000000000000002	8000000000000001	0	7ffc5b097390	584aac29e3b0	0	e127b318596d8ae8	189a5776364914b7	92b5	584aab599490	7ffc5b097410	3
24.092538	9ac56	2124e	7ffc5b09b7c0	2123e	8000000000000001	7778d4932901	7ffc5b097400	4	7ffc5b097390	7778d5285010	0	852c82077a7b01e	33c6c003da2e3b0	c4c5	7778d5284fc8	109270	4
24.104033	1f2e31f4d7a8	2	30	1	584f2e896827	584aa9b85010	7	584aadec77e0	7ffc5b0972f0	584aadec77f0	584aadbd6040	b0f3fe6ea2525e60	189a5776364914b7	7778d821ac80	0	7ffc5b097410	3
24.113054	9aafa	584aad8b9bc0	7ffc5b09b7c0	52d78b47db74d03	7778d541e250	8000000000000002	8000000000000001	4609	7ffc5b097390	584aade8bed0	0	60263d2aecfe2f34	189a5776364914b7	4609	584aab599490	7ffc5b097410	2
24.119478	9a1f2	584aade70270	584aab437138	93b97	0	3d1de	584aab437138	584aab437138	7ffc5b097380	7778d5285010	584aaa1994d0	9374725c25bbe6ee	7778d821ace0	313dd	7778d5284fc8	7ffc5b097410	5
24.132339	1f2e31f4ef07	50	7778d821ac80	30	584aad901bd0	584aac6a2830	1127	7778d821ad20	7ffc5b08fbe0	0	0	584aad901c20	7778d821ace0	ffffffffffffff88	860	584aa9b85010	84
24.145261	92c31	1	7ffc5b09b7c0	c	99b27d9297dbda9d	7778d5285010	7e8c2	7ffc5b095d58	7ffc5b095c40	7778d5284fc8	30	cf66ece32e381100	71ad9a0a5c101e3	4000	7ffff	7e922	2fc88
24.153409	98e40	584aaaf99480	0	584aaacd2030	8000000000000000	3d1de	48d682f90cdd163c	7ffc5b097201	7ffc5b095f60	ee	4	7ffc5b097340	8000000000000001	0	1	93d9	7ffc5b09b7c0
24.164234	93f66	0	7ffc5b0942b8	1	8	7ffc5b0942b0	7ffc5b0942b8	584aacfb02f0	7ffc5b0942a0	8	0	ed83b1e7f99a4a47	3b6b639dbe1c124e	3412	4501	ec	7ffc5b0942b0
24.174545	9a1f6	584aac6d5070	584aab4df150	a8b9a	1	3d1de	584aab4df150	7ffc5b0934e8	7ffc5b093390	8	584aad4a4230	69ecae8e0171c8c9	7778d821ace0	584aab4df150	8000000000000002	584aaaf99480	383de
24.183593	98e19	584aaaf99480	578	584aaaf99480	3f01	3d1de	1533428fd5e08faf	7ffc5b097301	7ffc5b096d80	584aaa31e5e0	4	7ffc5b0974a0	8000000000000001	0	1	0	7ffc5b09b7c0
24.192832	93557	8000000000000002	ec	584aadc1c2e0	2c1100	3d1de	7778d5306010	7ffc5b09b7c0	7ffc5b091de0	8	0	ec983c464fec0f39	bdde12bbb9e820a7	8000000000000001	0	b044	7ffc5b0975d0
24.200302	958c5	0	7ffc5b08f2c8	1	0	7ffc5b08f2c0	7ffc5b08f2c8	7ffc5b09b7c0	7ffc5b08f2c0	8	0	ed83b1e7f9bc5446	3b6aa548fec71c22	0	0	ec	7ffc5b08f2c0
24.213566	9a208	584aad8c1aa0	584aab4ebb88	1	584f2a91c65a	584aa9b85010	7	7ffc5b08d6f8	7ffc5b08d590	584aaad0ae80	0	edbf7ea1bcca5f8b	189a5776364914b7	584aab4ebb88	8000000000000002	584aab4ebb70	38c4b
24.227208	93557	8000000000000002	7ffc5b09b7c0	81	a9b340	3d1de	7778d5306010	8000000000000001	7ffc5b090b10	7ffc5b0971c0	39	ec7e0756f1a82762	adf94470305075a1	81	7ffc5b0971c0	2a6cd	39
24.240469	99cbf	8c691084940cd485	7ffc5b092688	6b8362d082db92af	97b188fd5c1de273	940cd4858c691084	2000000000000000	7ffc5b092688	7ffc5b0924c0	8	0	cd051ae74d527c7c	750a3c3bacbda4b1	584aab08b1c0	8000000000000000	7ffc5b0924c0	7ffc5b0924c8
24.247886	1f2e31f4ea65	584aad80f7a0	7778d821ac80	584aaacf8b40	7778d821ad10	7778d821ad00	1	28	7ffc5b097260	584aa9b85010	7778d821ac80	6	7	584aad855d00	30	584aac68ac50	11
24.261624	9a1f2	584aaa0ed320	584aab0bbce8	2450d	584aa9b85010	3d1de	584aab0bbce8	584aab0bbce8	7ffc5b097380	7778d5285010	0	6c9caaa10597df56	81297504c910a6fe	c1af	7778d5284fc8	7ffc5b097410	3
24.270346	9accd	ffffffffffc1b5f8	7ffc5b09b7c0	0	fdff	7778d335ffd0	7ffc5b097458	1	7ffc5b097390	7778d5285010	0	bc6a2372a40d5094	f1808729e2c1f9b9	3c1af	7778d5284fc8	7ffc5b097410	4
24.276242	9aaca	584aae107490	7ffc5b09b7c0	3eb6c0	7778d5306010	3d1de	8000000000000001	0	7ffc5b097390	584aa9fdeec0	0	7686ce61da112e0d	189a5776364914b7	fadb	584aab599490	7ffc5b097410	3
24.284104	1f2e31f503c2	31	ffffffffffffff50	8	8	584aad50cb50	584aad50cb60	584aab46df48	7ffc5b097350	7778d5285010	0	4ea98f6a46920e71	ae3c30f5aa35e4be	33873	7778d5284fc8	7ffc5b097410	2
24.290238	1f2e31f4d6fb	ffffffffffffff88	30	1	0	584aa9b85010	7	584aa9de86f0	7ffc5b0972e0	584aa9de8700	584aad8b6af0	d001c75f6ff716f7	189a5776364914b7	7778d821ac80	0	7ffc5b097410	2
24.301529	1f2e31f4d6fb	ffffffffffffff88	30	1	0	584aa9b85010	7	584aae0f3170	7ffc5b0972e0	584aae0f3180	0	2e49e1539bf19dec	189a5776364914b7	7778d821ac80	0	7ffc5b097410	3
24.308281	9a1f2	584aace5dc50	584aab3cc188	865a1	584aa9b85010	3d1de	584aab3cc188	584aab3cc188	7ffc5b097380	7778d5285010	0	db8b56f773a744af	34b602e3e2cd8b2	2cc8b	7778d5284fc8	7ffc5b097410	0
24.316263	9a208	584aadf9dc90	584aab33c440	745f8	584aa9b85010	3d1de	584aab33c440	584aab33c440	7ffc5b097380	7778d5285010	0	a4f8f1689d05784e	d1faec4dd7907906	26ca8	7778d5284fc8	7ffc5b097410	2
24.322927	1f2e31f4c862	584aace86b10	584aaa59ac60	30	51	584aace86b10	584aace9cab0	50	7ffc5b097450	584f2ef370af	584aaa59ac60	30	189a5776364914b7	7778d821aca8	7778d821ac80	584aadccf5a0	584aadccf
24.336463	92d74	ffffffffffd4d946	7ffc5b09b7c0	6e	d72e87e99733b23	7778d5285010	fffffffffffb3496	7ffc5b090788	7ffc5b090670	7778d5284fc8	10	df0d0cc6998f2dce	469da4bc96bc6be2	0	4cb5a	4cb79	26afe
24.351488	9a1f6	584aadea7350	584aab071180	1afa0	1	3d1de	584aab071180	7ffc5b096928	7ffc5b096800	8	0	86c84cdbfcd399bf	b66d30bc4cb5fe00	584aab071180	8000000000000002	584aaaf99480	8fe0
24.358110	9a1f6	584aaac723b0	584aab1047f8	2d66f	1	3d1de	584aab1047f8	7ffc5b08cd58	7ffc5b08cbf0	8	584aa9de1ae0	bad91a2fdb5f04d8	7778d821ace0	584aab1047f8	8000000000000002	584aaaf99480	f225
24.370555	92a5c	7778d5306010	7ffc5b09b7c0	4a7440	1	3d1de	7ffc5b08e2f0	7ffc5b08e3c8	7ffc5b08e280	8	0	76f3260c1d431784	be2eb960a1ada3e2	7778d57ad450	8000000000000002	584aab12bb70	129d1
24.382500	92a5c	7778d5306010	7ffc5b09b7c0	138640	1	3d1de	7ffc5b096dd0	7ffc5b096e78	7ffc5b096d60	0	584aadf2aa60	584aae187fa0	7778d821ace0	7778d543e650	8000000000000002	584aaaf99480	4e19
24.392017	940bd	40abe920c412a0ec	0	59a34794e4a43b12	8	7ffc5b093e80	7ffc5b093e88	7ffc5b094018	7ffc5b093e70	8	0	cb52c4cad722a977	c7bf18bc990b4f49	0	8000000000000000	7ffc5b093e80	7ffc5b093e88
24.405247	93557	8000000000000002	f2	584aad4402a0	1fdd80	3d1de	7778d5306010	7ffc5b09b7c0	7ffc5b093ae0	8	0	fc411a6f08e9418b	548a6f722fb1c865	8000000000000001	e3ae	7f76	7ffc5b0975d0
24.414725	98e74	584aaaf99480	0	f85a326a4c7ca0ed	584aa9eb12c0	3d1de	7	7ffc5b097201	7ffc5b091d60	f2	4	7ffc5b097340	8000000000000001	0	1	2b090	7ffc5b09b7c0
24.420201	9a1f6	584aad99de50	584aab357908	77c91	1	3d1de	584aab357908	7ffc5b092d68	7ffc5b092c10	8	0	9374725c25bb3cd6	dc5f0f49546f3a53	584aab357908	8000000000000002	584aab455ac8	27edb
24.431580	9925b	eb7e09eaf910da1f	7ffc5b096538	57098619c294cb63	3e116924985e41c1	2598a85dab3b51c8	1800000000000000	584aadd682e0	7ffc5b096530	8	0	97e78cdf1c55eee0	d0c3065086dfa10d	ffffc000	ac0	584aadd51e40	7ffc5b096530
24.445505	9a208	584aaa2fef60	584aab35dc08	788f1	584aa9b85010	3d1de	584aab35dc08	584aab35dc08	7ffc5b097380	7778d5285010	0	e1341f660e23e40a	aea0f42865fcf332	282fb	7778d5284fc8	7ffc5b097410	3
24.456133	1f2e31f503c2	41	ffffffffffffff50	8	8	584aad4bf7b0	584aad4bf7c0	584aab04b6f8	7ffc5b097340	7778d5285010	0	96534942033d5f77	8a107d67301b605c	76c5	7778d5284fc8	7ffc5b097410	3
24.462430	1f2e31f4ebc4	1	7778d821ac80	18	584aade29c50	28	7778d821ac88	28	7ffc5b097260	7778d5285010	0	cb97f7893287c94a	c2589695ad1c7a0c	1	30	3	1
24.468262	9ab6d	2d7b0	7ffc5b09b7c0	7ffff	7778d5285010	27	0	30a38	7ffc5b097390	8	0	b48b00c02c2c2eae	957669c1a746bea9	30a38	7778d5284fc8	7ffc5b097410	1
24.483116	9a1f6	584aad53cdd0	584aab02d800	12870	0	3d1de	584aab02d800	584aab02d800	7ffc5b097380	0	584aac632400	584aac632450	7778d821ace0	62d0	7778d5284fc8	7ffc5b097410	3
24.493717	940d4	0	26988	0	0	7ffc5b097310	7ffc5b097318	0	7ffc5b097300	8	0	2ee5884738aff054	1b5f78b40a04abb8	2e761	8000000000000000	7ffc5b097310	7ffc5b097318
24.508639	1f2e31f4eed6	60	7778d821ac80	30	584aadc764e0	4da0000	18d8	7778d821ad30	7ffc5b08f760	0	0	584aadc76540	7778d821ace0	ffffffffffffff88	860	584aa9b85010	84
24.522343	9409b	98c1482a761a6e7c	f6	4a8e53dc918b5c3e	8	7ffc5b08ebc0	7ffc5b08ebc8	7ffc5b09b7c0	7ffc5b08ebb0	0	0	fcc6d0c52e89aaef	bf2d18c8f990b7d4	8000000000000001	2a030	f6	7ffc5b08ebc0
24.531133	98dd4	584aaaf99480	0	584aab40f5f8	700	3d1de	584aaa2df070	7ffc5b097201	7ffc5b095960	8000000000000000	0	7ffc5b097340	8000000000000001	0	1	2f965	7ffc5b09b7c0
24.539487	9410e	0	286f3	1	0	7ffc5b091e20	7ffc5b091e28	584aacfb1930	7ffc5b091e10	8	0	ed83b1e7eca40e40	3b21948a16ee59a1	203c	5b49	f6	7ffc5b091e20
24.548812	9a1f6	584aaa27cc40	584aab156c98	37b03	1	3d1de	584aab156c98	7ffc5b090668	7ffc5b090510	8	0	e2afdad10a13419c	8ed6deda164d26e0	584aab156c98	8000000000000002	584aaafb3238	12901
24.559403	9a1f6	584aa9ce48a0	584aab551798	b7063	1	3d1de	584aab551798	7ffc5b0910c8	7ffc5b090f70	8	0	60263d2aecffa66e	b6991d9d74982b5e	584aab551798	8000000000000002	584aab0cd5c8	3d021
24.570698	1f2e31f4c70f	7778d821ad30	7778d821ac80	61	584aa9cf11c0	7778d821ad30	584aaaf94400	38	7ffc5b0938e0	0	0	584aad01ad40	7778d821ace0	20	40	60	2
24.581361	99cfc	8000000000000001	7778d51b7330	8000000000000001	8000000000000001	7778d51b7301	7ffc5b0897f8	1	7ffc5b089680	8	0	9f273363d9276531	243e70315d5113e	7ffc5b0897f8	fffffffffffe646d	7ffc5b0897f8	8000000000000000
24.594255	93557	8000000000000002	7ffc5b09b7c0	1	286680	3d1de	7778d5306010	8000000000000001	7ffc5b0927f0	7ffc5b097160	29	7ffc5b0970b0	dc1a6b0ad7fdd80	81	7ffc5b097160	a19a	29
24.602324	94067	3fb412896242a194	7ffc5b0934e8	baaa46f4e4a43c0a	8	7ffc5b093320	7ffc5b093328	7ffc5b0934e8	7ffc5b093310	0	0	cb52c3fc313ba817	ba9ca515105b6e3e	584aab4d69f0	8000000000000000	7ffc5b093320	7ffc5b093328
24.608953	9410e	0	0	1	0	7ffc5b08c570	7ffc5b08c578	584aad7bfd20	7ffc5b08c560	8	0	2ffc26d3de190dea	b620f7a17269bc18	ffff8000	c50	584aad7a64d0	7ffc5b08c570
24.615252	1f2e31f4c70f	7778d821ad30	7778d821ac80	61	584aac6b29c0	7778d821ad30	584aaa6274c0	38	7ffc5b094370	0	0	584aaa12a880	7778d821ace0	20	40	60	2
24.626299	1f2e31f4d9ca	4	30	1	189a5776364914b7	584aa9b85010	7	584aaa04faa0	7ffc5b0972e0	584aaa04fab0	0	5a5fa06c14054522	189a5776364914b7	7778d821ac80	0	7ffc5b097410	3
24.633860	9a208	584aad8764a0	584aab010b08	1	584aaa330	584aa9b85010	7	584aab010b08	7ffc5b097380	584aaa330aa0	0	d0a0f65cff14b0cf	189a5776364914b7	4f9b	7778d5284fc8	7ffc5b097410	3
24.648968	9a1f2	584aade9ebf0	584aab0c39c8	254a9	584aa9b85010	3d1de	584aab0c39c8	584aab0c39c8	7ffc5b097380	7778d5285010	0	62ed6a85b42e0517	a903652ec643eea8	c6e3	7778d5284fc8	7ffc5b097410	3
24.657100	1f2e31f503c2	31	ffffffffffffff50	8	8	584aaaca3eb0	584aaaca3ec0	584aab3a30d0	7ffc5b097350	7778d5285010	0	347e050e58ef3016	724ac7456a197169	2b12e	7778d5284fc8	7ffc5b097410	1
24.671321	9adab	1	7ffc5b09b7c0	584aadf0cbc0	584f2e31c751	584aa9b85010	7	6f8	7ffc5b097390	584aaa221030	0	93de9abf17197d39	189a5776364914b7	3d1de	584aab599490	1	2
24.679948	9ab6d	2ba64	7ffc5b09b7c0	7ffff	7778d5285010	58	0	0	7ffc5b097390	8	0	2e49e1539bf00f3a	1a27b64ca8373ec8	25d69	7778d5284fc8	7ffc5b097410	1
24.689088	1f2e31f4c862	584aacdf0390	584aa9e70330	21	41	584aacdf0390	584aac678050	60	7ffc5b097450	584f2d4dc548	584aa9e70330	20	189a5776364914b7	7778d821aca0	7778d821ac80	584aac678070	584aac678
24.697834	9594b	748dc229d1db4f5b	7ffc5b08ec98	2e9c1ea065ff558c	1d367c39f8489f25	c923ecb2ff5de29e	1000000000000000	7ffc5b09b7c0	7ffc5b08ec90	8	0	fc20479f7361a105	76abd06d873dda7f	0	0	f8	7ffc5b08ec90
24.706707	9a1f6	584aae3e5ff0	584aab323d68	7151d	1	3d1de	584aab323d68	7ffc5b0913e8	7ffc5b0912c0	8	0	b9f81a43d197eadf	93b8627437b482ba	584aab323d68	8000000000000002	584aaaf99480	25c5f
24.711996	93557	8000000000000002	fa	584aacfabdf0	c3c100	3d1de	7778d5306010	7ffc5b09b7c0	7ffc5b0936f0	8	0	fc275a5293612fd3	f3f21178c092289d	8000000000000001	0	30f04	7ffc5b0975d0
24.720641	99cfc	8000000000000001	7778d4327f38	8000000000000001	8000000000000001	7778d4327f01	7ffc5b093968	1	7ffc5b093800	8	0	1e4b3c9c3eba739e	6dc26d3c58f6fccb	7ffc5b093968	ffffffffffe145ee	7ffc5b093968	8000000000000000
24.730255	92a5c	7778d5306010	7ffc5b09b7c0	86480	1	3d1de	7ffc5b08f770	7ffc5b08f818	7ffc5b08f700	8	0	509e22a2a9a4c073	611a69d616d5b1a3	7778d538c490	8000000000000002	584aaaf99480	2192
24.736681	94049	25c31	7ffc5b08fd78	61420ad513d3226e	8	7ffc5b08fd70	7ffc5b08fd78	7ffc5b097230	7ffc5b08fd60	0	0	7ffc5b097340	8000000000000001	0	1	7ffc5b08fe10	7ffc5b08fd70
24.743247	92cd8	0	7ffc5b09b7c0	28	38a489ee88bb8bc9	7778d5285010	2000000000000000	7ffc5b092d48	7ffc5b092c00	7778d5284fc8	0	5a94c1aedc01a148	4d47da887ddc3890	0	7ffff	51e72	237e
24.755008	9a1f2	584aad99aee0	584aab1a8e68	41f3d	1	3d1de	584aab1a8e68	7ffc5b093b48	7ffc5b093a20	0	584aaac20140	584aade5fc20	7778d821ace0	584aab1a8e68	8000000000000002	584aaaf99480	15fbf
24.766049	1f2e31f4c70f	7778d821ad30	7778d821ac80	61	584aadc862c0	7778d821ad30	584aaac62460	38	7ffc5b0905b0	0	0	584aaa62bba0	7778d821ace0	20	40	60	2
24.780646	9a208	584aaaf98e90	584aab341e28	1	584f2e91e991	584aa9b85010	7	7ffc5b08bda8	7ffc5b08bc50	584aade315d0	584aadf23650	584aadea4170	189a5776364914b7	584aab341e28	8000000000000002	584aaaf99480	27067
24.791483	9a1f6	584aacdffc60	584aab46a6c0	9a248	1	3d1de	584aab46a6c0	7ffc5b08fd78	7ffc5b08fc10	0	584aa9c51d00	7778d821ad20	7778d821ace0	584aab46a6c0	8000000000000002	584aaaf99480	33618
24.797783	1f2e31f4d9dd	7	30	1	584f2ebe7d69	584aa9b85010	7	584aa9dc9f70	7ffc5b08c4b0	584aa9dc9f80	584aae104b80	7778d821ad20	189a5776364914b7	7778d821ac80	0	584aaaf99480	36e2a
24.805233	94049	40	7ffc5b094308	1	8	7ffc5b094140	7ffc5b094148	7ffc5b094308	7ffc5b094130	0	0	ed83b1e557fc9d24	3b700ee5a8dd0822	0	8000000000000000	7ffc5b094140	7ffc5b094148
24.818139	99cfc	