INPUT	248634134622378624265272678886859666411	128	62	644
FRAME	1	0	1	1	41
FOLD	1	1	1	384	384	0	67
RAIL	2	126	0	0
CORRELATION	0	0	0	0
SQUARE	0	0
FOLD	2	1	1	387	387	0	106
RAIL	2	127	1	0
CORRELATION	0	0	0	0
SQUARE	0	0
FOLD	4	3	3	1155	1155	0	731
RAIL	64	65	2	1
CORRELATION	0	0	0	0
SQUARE	0	0
FOLD	5	5	5	1926	1926	0	1408
RAIL	3	125	2	2
CORRELATION	0	0	0	0
SQUARE	0	0
FOLD	8	7	7	2697	2697	0	2202
RAIL	63	66	4	3
CORRELATION	0	0	0	0
SQUARE	0	0
FOLD	9	9	9	3468	3468	0	2781
RAIL	4	124	4	4
CORRELATION	0	0	0	0
SQUARE	0	0
FOLD	12	11	11	4239	4239	0	3621
RAIL	62	67	6	5
CORRELATION	0	0	0	0
SQUARE	0	0
FOLD	13	13	13	5010	5010	0	4210
RAIL	5	123	6	6
CORRELATION	0	0	0	0
SQUARE	0	0
FOLD	14	15	15	5781	5781	0	4770
RAIL	5	124	6	7
CORRELATION	0	0	0	0
SQUARE	0	0
FOLD	15	17	17	6552	6552	0	5331
RAIL	61	67	6	8
CORRELATION	0	0	0	0
SQUARE	0	0
FOLD	16	19	19	7323	7323	0	5922
RAIL	61	68	6	9
CORRELATION	0	0	0	0
SQUARE	0	0
FOLD	17	21	21	8094	8094	0	6526
RAIL	6	122	6	10
CORRELATION	0	0	0	0
SQUARE	0	0
FOLD	18	23	23	8865	8865	0	7073
RAIL	6	123	6	11
CORRELATION	0	0	0	0
SQUARE	0	0
FOLD	19	25	25	9636	9636	0	7586
RAIL	60	68	6	12
CORRELATION	0	0	0	0
SQUARE	0	0
FOLD	20	27	27	10407	10407	0	8161
RAIL	60	69	6	13
CORRELATION	0	0	0	0
SQUARE	0	0
FOLD	21	29	29	11178	11178	0	8759
RAIL	7	121	6	14
CORRELATION	0	0	0	0
SQUARE	0	0
FOLD	22	31	31	11949	11949	0	9260
RAIL	7	122	6	15
CORRELATION	0	0	0	0
SQUARE	0	0
FOLD	23	33	33	12720	12720	0	9753
RAIL	59	69	6	16
CORRELATION	0	0	0	0
SQUARE	0	0
FOLD	24	35	35	13491	13491	0	10366
RAIL	59	70	6	17
CORRELATION	0	0	0	0
SQUARE	0	0
FOLD	25	37	37	14262	14262	0	10984
RAIL	8	120	6	18
CORRELATION	0	0	0	0
SQUARE	0	0
FOLD	26	39	39	15033	15033	0	11477
RAIL	8	121	6	19
CORRELATION	0	0	0	0
SQUARE	0	0
FOLD	27	41	41	15804	15804	0	12029
RAIL	58	70	6	20
CORRELATION	0	0	0	0
SQUARE	0	0
FOLD	28	43	43	16575	16575	0	12940
RAIL	58	71	6	21
CORRELATION	0	0	0	0
SQUARE	0	0
FOLD	29	45	45	17346	17346	0	13710
RAIL	9	119	6	22
CORRELATION	0	0	0	0
SQUARE	0	0
FOLD	30	47	47	18117	18117	0	14238
RAIL	9	120	6	23
CORRELATION	0	0	0	0
SQUARE	0	0
FOLD	31	49	49	18888	18888	0	14759
RAIL	57	71	6	24
CORRELATION	0	0	0	0
SQUARE	0	0
FOLD	32	51	51	19659	19659	0	15272
RAIL	57	72	6	25
CORRELATION	0	0	0	0
SQUARE	0	0
FOLD	33	53	53	20430	20430	0	15915
RAIL	10	118	6	26
CORRELATION	0	0	0	0
SQUARE	0	0
FOLD	34	55	55	21201	21201	0	16436
RAIL	10	119	6	27
CORRELATION	0	0	0	0
SQUARE	0	0
FOLD	35	57	57	21972	21972	0	16981
RAIL	56	72	6	28
CORRELATION	0	0	0	0
SQUARE	0	0
FOLD	36	59	59	22743	22743	0	17963
RAIL	56	73	6	29
CORRELATION	0	0	0	0
SQUARE	0	0
FOLD	37	61	61	23514	23514	0	18584
RAIL	11	117	6	30
CORRELATION	0	0	0	0
SQUARE	0	0
FOLD	38	63	63	24285	24285	0	19056
RAIL	11	118	6	31
CORRELATION	0	0	0	0
SQUARE	0	0
FOLD	39	65	65	25056	25056	0	19639
RAIL	55	73	6	32
CORRELATION	0	0	0	0
SQUARE	0	0
FOLD	40	67	67	25827	25827	0	20416
RAIL	55	74	6	33
CORRELATION	0	0	0	0
SQUARE	0	0
FOLD	41	69	69	26598	26598	0	21076
RAIL	12	116	6	34
CORRELATION	0	0	0	0
SQUARE	0	0
FOLD	42	71	71	27369	27369	0	21647
RAIL	12	117	6	35
CORRELATION	0	0	0	0
SQUARE	0	0
FOLD	43	73	73	28140	28140	0	22258
RAIL	54	74	6	36
CORRELATION	0	0	0	0
SQUARE	0	0
FOLD	44	75	75	28911	28911	0	22883
RAIL	54	75	6	37
CORRELATION	0	0	0	0
SQUARE	0	0
FOLD	45	77	77	29682	29682	0	23500
RAIL	13	115	6	38
CORRELATION	0	0	0	0
SQUARE	0	0
FOLD	46	79	79	30453	30453	0	23967
RAIL	13	116	6	39
CORRELATION	0	0	0	0
SQUARE	0	0
FOLD	47	81	81	31224	31224	0	24605
RAIL	53	75	6	40
CORRELATION	0	0	0	0
SQUARE	0	0
FOLD	48	83	83	31995	31995	0	26398
RAIL	53	76	6	41
CORRELATION	0	0	0	0
SQUARE	0	0
FOLD	49	85	85	32766	32766	0	27080
RAIL	14	114	6	42
CORRELATION	0	0	0	0
SQUARE	0	0
FOLD	50	87	87	33537	33537	0	27707
RAIL	14	115	6	43
CORRELATION	0	0	0	0
SQUARE	0	0
FOLD	51	89	89	34308	34308	0	28269
RAIL	52	76	6	44
CORRELATION	0	0	0	0
SQUARE	0	0
FOLD	52	91	91	35079	35079	0	28837
RAIL	52	77	6	45
CORRELATION	0	0	0	0
SQUARE	0	0
FOLD	53	93	93	35850	35850	0	29420
RAIL	15	113	6	46
CORRELATION	0	0	0	0
SQUARE	0	0
FOLD	54	95	95	36621	36621	0	29935
RAIL	15	114	6	47
CORRELATION	0	0	0	0
SQUARE	0	0
FOLD	55	97	97	37392	37392	0	30531
RAIL	51	77	6	48
CORRELATION	0	0	0	0
SQUARE	0	0
FOLD	56	99	99	38163	38163	0	31096
RAIL	51	78	6	49
CORRELATION	0	0	0	0
SQUARE	0	0
FOLD	57	101	101	38934	38934	0	31621
RAIL	16	112	6	50
CORRELATION	0	0	0	0
SQUARE	0	0
FOLD	58	103	103	39705	39705	0	32092
RAIL	16	113	6	51
CORRELATION	0	0	0	0
SQUARE	0	0
FOLD	59	105	105	40476	40476	0	32600
RAIL	50	78	6	52
CORRELATION	0	0	0	0
SQUARE	0	0
FOLD	60	107	107	41247	41247	0	33156
RAIL	50	79	6	53
CORRELATION	0	0	0	0
SQUARE	0	0
FOLD	61	109	109	42018	42018	0	33706
RAIL	17	111	6	54
CORRELATION	0	0	0	0
SQUARE	0	0
FOLD	62	111	111	42789	42789	0	34472
RAIL	17	112	6	55
CORRELATION	0	0	0	0
SQUARE	0	0
FOLD	63	113	113	43560	43560	0	35023
RAIL	49	79	6	56
CORRELATION	0	0	0	0
SQUARE	0	0
FOLD	64	115	115	44331	44331	0	35572
RAIL	49	80	6	57
CORRELATION	0	0	0	0
SQUARE	0	0
FOLD	65	117	117	45102	45102	0	36186
RAIL	18	110	6	58
CORRELATION	0	0	0	0
SQUARE	0	0
FOLD	66	119	119	45873	45873	0	36691
RAIL	18	111	6	59
CORRELATION	0	0	0	0
SQUARE	0	0
FOLD	67	121	121	46644	46644	0	37218
RAIL	48	80	6	60
CORRELATION	0	0	0	0
SQUARE	0	0
FOLD	68	123	123	47415	47415	0	37708
RAIL	48	81	6	61
CORRELATION	0	0	0	0
SQUARE	0	0
FOLD	69	125	125	48186	48186	0	38351
RAIL	19	109	6	62
CORRELATION	0	0	0	0
SQUARE	0	0
FOLD	70	127	127	48957	48957	0	38852
RAIL	19	110	6	63
CORRELATION	0	0	0	0
SQUARE	0	0
FOLD	71	129	129	49728	49728	0	39434
RAIL	47	81	6	64
CORRELATION	0	0	0	0
SQUARE	0	0
FOLD	72	131	131	50499	50499	0	39997
RAIL	47	82	6	65
CORRELATION	0	0	0	0
SQUARE	0	0
FOLD	73	133	133	51270	51270	0	40601
RAIL	20	108	6	66
CORRELATION	0	0	0	0
SQUARE	0	0
FOLD	74	135	135	52041	52041	0	41084
RAIL	20	109	6	67
CORRELATION	0	0	0	0
SQUARE	0	0
FOLD	75	137	137	52812	52812	0	41591
RAIL	46	82	6	68
CORRELATION	0	0	0	0
SQUARE	0	0
FOLD	76	139	139	53583	53583	0	43293
RAIL	46	83	6	69
CORRELATION	0	0	0	0
SQUARE	0	0
FOLD	77	141	141	54354	54354	0	43840
RAIL	21	107	6	70
CORRELATION	0	0	0	0
SQUARE	0	0
FOLD	78	143	143	55125	55125	0	44345
RAIL	21	108	6	71
CORRELATION	0	0	0	0
SQUARE	0	0
FOLD	79	145	145	55896	55896	0	44869
RAIL	45	83	6	72
CORRELATION	0	0	0	0
SQUARE	0	0
FOLD	80	147	147	56667	56667	0	45371
RAIL	45	84	6	73
CORRELATION	0	0	0	0
SQUARE	0	0
FOLD	81	149	149	57438	57438	0	45918
RAIL	22	106	6	74
CORRELATION	0	0	0	0
SQUARE	0	0
FOLD	82	151	151	58209	58209	0	46501
RAIL	22	107	6	75
CORRELATION	0	0	0	0
SQUARE	0	0
FOLD	83	153	153	58980	58980	0	47093
RAIL	44	84	6	76
CORRELATION	0	0	0	0
SQUARE	0	0
FOLD	84	155	155	59751	59751	0	47609
RAIL	44	85	6	77
CORRELATION	0	0	0	0
SQUARE	0	0
FOLD	85	157	157	60522	60522	0	48179
RAIL	23	105	6	78
CORRELATION	0	0	0	0
SQUARE	0	0
FOLD	86	159	159	61293	61293	0	48711
RAIL	23	106	6	79
CORRELATION	0	0	0	0
SQUARE	0	0
FOLD	87	161	161	62064	62064	0	49237
RAIL	43	85	6	80
CORRELATION	0	0	0	0
SQUARE	0	0
FOLD	88	163	163	62835	62835	0	49772
RAIL	43	86	6	81
CORRELATION	0	0	0	0
SQUARE	0	0
FOLD	89	165	165	63606	63606	0	50365
RAIL	24	104	6	82
CORRELATION	0	0	0	0
SQUARE	0	0
FOLD	90	167	167	64377	64377	0	50887
RAIL	24	105	6	83
CORRELATION	0	0	0	0
SQUARE	0	0
FOLD	91	169	169	65148	65148	0	51413
RAIL	42	86	6	84
CORRELATION	0	0	0	0
SQUARE	0	0
FOLD	92	171	171	65919	65919	0	52031
RAIL	42	87	6	85
CORRELATION	0	0	0	0
SQUARE	0	0
FOLD	93	173	173	66690	66690	0	52643
RAIL	25	103	6	86
CORRELATION	0	0	0	0
SQUARE	0	0
FOLD	94	175	175	67461	67461	0	53147
RAIL	25	104	6	87
CORRELATION	0	0	0	0
SQUARE	0	0
FOLD	95	177	177	68232	68232	0	53779
RAIL	41	87	6	88
CORRELATION	0	0	0	0
SQUARE	0	0
FOLD	96	179	179	69003	69003	0	54380
RAIL	41	88	6	89
CORRELATION	0	0	0	0
SQUARE	0	0
FOLD	97	181	181	69774	69774	0	54947
RAIL	26	102	6	90
CORRELATION	0	0	0	0
SQUARE	0	0
FOLD	98	183	183	70545	70545	0	55458
RAIL	26	103	6	91
CORRELATION	0	0	0	0
SQUARE	0	0
FOLD	99	185	185	71316	71316	0	56024
RAIL	40	88	6	92
CORRELATION	0	0	0	0
SQUARE	0	0
FOLD	100	187	187	72087	72087	0	56519
RAIL	40	89	6	93
CORRELATION	0	0	0	0
SQUARE	0	0
FOLD	101	189	189	72858	72858	0	57053
RAIL	27	101	6	94
CORRELATION	0	0	0	0
SQUARE	0	0
FOLD	102	191	191	73629	73629	0	57543
RAIL	27	102	6	95
CORRELATION	0	0	0	0
SQUARE	0	0
FOLD	103	193	193	74400	74400	0	58161
RAIL	39	89	6	96
CORRELATION	0	0	0	0
SQUARE	0	0
FOLD	104	195	195	75171	75171	0	59725
RAIL	39	90	6	97
CORRELATION	0	0	0	0
SQUARE	0	0
FOLD	105	197	197	75942	75942	0	60272
RAIL	28	100	6	98
CORRELATION	0	0	0	0
SQUARE	0	0
FOLD	106	199	199	76713	76713	0	60819
RAIL	28	101	6	99
CORRELATION	0	0	0	0
SQUARE	0	0
FOLD	107	201	201	77484	77484	0	61409
RAIL	38	90	6	100
CORRELATION	0	0	0	0
SQUARE	0	0
FOLD	108	203	203	78255	78255	0	61961
RAIL	38	91	6	101
CORRELATION	0	0	0	0
SQUARE	0	0
FOLD	109	205	205	79026	79026	0	62540
RAIL	29	99	6	102
CORRELATION	0	0	0	0
SQUARE	0	0
FOLD	110	207	207	79797	79797	0	63049
RAIL	29	100	6	103
CORRELATION	0	0	0	0
SQUARE	0	0
FOLD	111	209	209	80568	80568	0	63561
RAIL	37	91	6	104
CORRELATION	0	0	0	0
SQUARE	0	0
FOLD	112	211	211	81339	81339	0	64044
RAIL	37	92	6	105
CORRELATION	0	0	0	0
SQUARE	0	0
FOLD	113	213	213	82110	82110	0	64577
RAIL	30	98	6	106
CORRELATION	0	0	0	0
SQUARE	0	0
FOLD	114	215	215	82881	82881	0	65055
RAIL	30	99	6	107
CORRELATION	0	0	0	0
SQUARE	0	0
FOLD	115	217	217	83652	83652	0	65615
RAIL	36	92	6	108
CORRELATION	0	0	0	0
SQUARE	0	0
FOLD	116	219	219	84423	84423	0	66201
RAIL	36	93	6	109
CORRELATION	0	0	0	0
SQUARE	0	0
FOLD	117	221	221	85194	85194	0	66782
RAIL	31	97	6	110
CORRELATION	0	0	0	0
SQUARE	0	0
FOLD	118	223	223	85965	85965	0	67314
RAIL	31	98	6	111
CORRELATION	0	0	0	0
SQUARE	0	0
FOLD	119	225	225	86736	86736	0	67974
RAIL	35	93	6	112
CORRELATION	0	0	0	0
SQUARE	0	0
FOLD	120	227	227	87507	87507	0	68464
RAIL	35	94	6	113
CORRELATION	0	0	0	0
SQUARE	0	0
FOLD	121	229	229	88278	88278	0	68971
RAIL	32	96	6	114
CORRELATION	0	0	0	0
SQUARE	0	0
FOLD	122	231	231	89049	89049	0	69424
RAIL	32	97	6	115
CORRELATION	0	0	0	0
SQUARE	0	0
FOLD	123	233	233	89820	89820	0	69974
RAIL	34	94	6	116
CORRELATION	0	0	0	0
SQUARE	0	0
FOLD	124	235	235	90591	90591	0	70500
RAIL	34	95	6	117
CORRELATION	0	0	0	0
SQUARE	0	0
FOLD	125	237	237	91362	91362	0	71030
RAIL	33	95	6	118
CORRELATION	0	0	0	0
SQUARE	0	0
FOLD	126	239	239	92133	92133	0	71557
RAIL	33	96	6	119
CORRELATION	0	0	0	0
SQUARE	0	0
FOLD	126	239	239	92133	92133	0	74210
RAIL	33	96	6	120
CORRELATION	0	0	8176	12334
SQUARE	1	133
FOLD	126	239	239	92133	92133	0	74295
RAIL	33	96	6	120
CORRELATION	0	0	8176	12334
SQUARE	2	233
FOLD	126	239	239	92133	92133	0	74316
RAIL	33	96	6	120
CORRELATION	0	0	8176	12334
SQUARE	4	235
FOLD	126	239	239	92133	92133	0	74348
RAIL	33	96	6	120
CORRELATION	0	0	8176	12334
SQUARE	8	237
FOLD	126	239	239	92133	92133	0	74410
RAIL	33	96	6	120
CORRELATION	0	0	8176	12334
SQUARE	16	239
FOLD	126	239	239	92133	92133	0	74499
RAIL	33	96	6	120
CORRELATION	0	0	8176	12334
SQUARE	32	242
FOLD	126	239	239	92133	92133	0	74675
RAIL	33	96	6	120
CORRELATION	0	0	8176	12334
SQUARE	64	244
FOLD	126	239	239	92133	92133	0	75022
RAIL	33	96	6	120
CORRELATION	0	0	8176	12334
SQUARE	128	247
FOLD	126	239	239	92133	92133	0	75157
RAIL	33	96	6	120
CORRELATION	1	0	8176	12334
SQUARE	128	247
FOLD	126	239	239	92133	92133	0	75865
RAIL	33	96	6	120
CORRELATION	1	0	8176	12334
SQUARE	256	249
FOLD	126	239	239	92133	92133	0	75943
RAIL	33	96	6	120
CORRELATION	2	0	8176	12334
SQUARE	256	249
FOLD	127	240	240	92520	92520	0	76671
RAIL	64	64	6	120
CORRELATION	3	0	8176	12334
SQUARE	384	252
FOLD	127	240	240	92520	92520	0	77591
RAIL	64	64	6	121
CORRELATION	3	0	8176	12334
SQUARE	512	252
FOLD	127	240	240	92520	92520	0	77633
RAIL	64	64	6	121
CORRELATION	4	0	8176	12334
SQUARE	512	252
FOLD	128	241	241	92904	92904	0	77637
RAIL	64	65	6	121
CORRELATION	4	0	8176	12334
SQUARE	512	252
FOLD	129	242	242	93291	93291	0	79498
RAIL	63	65	6	122
CORRELATION	7	0	8176	12334
SQUARE	896	254
FOLD	129	242	242	93291	93291	0	80346
RAIL	63	65	6	123
CORRELATION	7	0	8176	12334
SQUARE	1024	254
FOLD	129	242	242	93291	93291	0	80407
RAIL	63	65	6	123
CORRELATION	8	0	8176	12334
SQUARE	1024	254
FOLD	130	243	243	93675	93675	0	80412
RAIL	63	66	6	123
CORRELATION	8	0	8176	12334
SQUARE	1024	254
FOLD	131	244	244	94062	94062	0	82253
RAIL	62	66	6	124
CORRELATION	11	0	8176	12334
SQUARE	1408	257
FOLD	132	245	245	94446	94446	0	83176
RAIL	62	67	6	125
CORRELATION	12	0	8176	12334
SQUARE	1536	257
FOLD	133	246	246	94833	94833	0	84268
RAIL	5	123	6	126
CORRELATION	13	0	8176	12334
SQUARE	1664	257
FOLD	135	244	246	94062	94833	0	86029
RAIL	61	67	8	127
CORRELATION	15	0	8176	12334
SQUARE	2048	257
FOLD	135	244	246	94062	94833	0	86196
RAIL	61	67	8	127
CORRELATION	16	0	8176	12334
SQUARE	2048	257
FOLD	142	247	247	95217	95217	0	91129
RAIL	7	122	10	131
CORRELATION	22	0	8176	12334
SQUARE	2816	259
FOLD	143	248	248	95604	95604	0	92061
RAIL	59	69	10	132
CORRELATION	23	0	8176	12334
SQUARE	2944	259
FOLD	144	249	249	95988	95988	0	93676
RAIL	59	70	10	133
CORRELATION	24	0	8176	12334
SQUARE	3072	259
FOLD	145	250	250	96375	96375	0	94692
RAIL	8	120	10	134
CORRELATION	25	0	8176	12334
SQUARE	3200	259
FOLD	146	251	251	96759	96759	0	95648
RAIL	8	121	10	135
CORRELATION	26	0	8176	12334
SQUARE	3328	259
FOLD	147	252	252	97146	97146	0	96583
RAIL	58	70	10	136
CORRELATION	27	0	8176	12334
SQUARE	3456	259
FOLD	148	253	253	97530	97530	0	97545
RAIL	58	71	10	137
CORRELATION	28	0	8176	12334
SQUARE	3584	259
FOLD	149	254	254	97917	97917	0	98857
RAIL	9	119	10	138
CORRELATION	29	0	8176	12334
SQUARE	3712	259
FOLD	150	255	255	98301	98301	0	99889
RAIL	9	120	10	139
CORRELATION	30	0	8176	12334
SQUARE	3840	259
FOLD	151	256	256	98688	98688	0	100906
RAIL	57	71	10	140
CORRELATION	31	0	8176	12334
SQUARE	3968	259
FOLD	151	256	256	98688	98688	0	101772
RAIL	57	71	10	141
CORRELATION	31	0	8176	12334
SQUARE	4096	259
FOLD	151	256	256	98688	98688	0	101861
RAIL	57	71	10	141
CORRELATION	32	0	8176	12334
SQUARE	4096	259
FOLD	152	257	257	99072	99072	0	101866
RAIL	57	72	10	141
CORRELATION	32	0	8176	12334
SQUARE	4096	259
FOLD	153	258	258	99459	99459	0	102966
RAIL	10	118	10	142
CORRELATION	33	0	8176	12334
SQUARE	4224	259
FOLD	154	259	259	99843	99843	0	103861
RAIL	10	119	10	143
CORRELATION	34	0	8176	12334
SQUARE	4352	259
FOLD	155	260	260	100230	100230	0	104873
RAIL	56	72	10	144
CORRELATION	35	0	8176	12334
SQUARE	4480	259
FOLD	156	261	261	100614	100614	0	105753
RAIL	56	73	10	145
CORRELATION	36	0	8176	12334
SQUARE	4608	259
FOLD	157	262	262	101001	101001	0	106757
RAIL	11	117	10	146
CORRELATION	37	0	8176	12334
SQUARE	4736	259
FOLD	158	263	263	101385	101385	0	107694
RAIL	11	118	10	147
CORRELATION	38	0	8176	12334
SQUARE	4864	262
FOLD	159	264	264	101772	101772	0	108677
RAIL	55	73	10	148
CORRELATION	39	0	8176	12334
SQUARE	4992	262
FOLD	160	265	265	102156	102156	0	109591
RAIL	55	74	10	149
CORRELATION	40	0	8176	12334
SQUARE	5120	262
FOLD	161	266	266	102543	102543	0	110681
RAIL	12	116	10	150
CORRELATION	41	0	8176	12334
SQUARE	5248	262
FOLD	162	267	267	102927	102927	0	111580
RAIL	12	117	10	151
CORRELATION	42	0	8176	12334
SQUARE	5376	262
FOLD	163	268	268	103314	103314	0	112570
RAIL	54	74	10	152
CORRELATION	43	0	8176	12334
SQUARE	5504	262
FOLD	164	269	269	103698	103698	0	113505
RAIL	54	75	10	153
CORRELATION	44	0	8176	12334
SQUARE	5632	262
FOLD	165	270	270	104085	104085	0	114996
RAIL	13	115	10	154
CORRELATION	45	0	8176	12334
SQUARE	5760	262
FOLD	166	271	271	104469	104469	0	116262
RAIL	13	116	10	155
CORRELATION	46	0	8176	12334
SQUARE	5888	262
FOLD	167	272	272	104856	104856	0	117320
RAIL	53	75	10	156
CORRELATION	47	0	8176	12334
SQUARE	6016	262
FOLD	168	273	273	105240	105240	0	118526
RAIL	53	76	10	157
CORRELATION	48	0	8176	12334
SQUARE	6144	262
FOLD	169	274	274	105627	105627	0	119819
RAIL	14	114	10	158
CORRELATION	49	0	8176	12334
SQUARE	6272	262
FOLD	170	275	275	106011	106011	0	120868
RAIL	14	115	10	159
CORRELATION	50	0	8176	12334
SQUARE	6400	262
FOLD	171	276	276	106398	106398	0	121939
RAIL	52	76	10	160
CORRELATION	51	0	8176	12334
SQUARE	6528	262
FOLD	172	277	277	106782	106782	0	122922
RAIL	52	77	10	161
CORRELATION	52	0	8176	12334
SQUARE	6656	262
FOLD	173	278	278	107169	107169	0	124041
RAIL	15	113	10	162
CORRELATION	53	0	8176	12334
SQUARE	6784	262
FOLD	174	279	279	107553	107553	0	125664
RAIL	15	114	10	163
CORRELATION	54	0	8176	12334
SQUARE	6912	262
FOLD	175	280	280	107940	107940	0	126606
RAIL	51	77	10	164
CORRELATION	55	0	8176	12334
SQUARE	7040	262
FOLD	176	281	281	108324	108324	0	127644
RAIL	51	78	10	165
CORRELATION	56	0	8176	12334
SQUARE	7168	262
FOLD	177	282	282	108711	108711	0	128598
RAIL	16	112	10	166
CORRELATION	57	0	8176	12334
SQUARE	7296	262
FOLD	178	283	283	109095	109095	0	129674
RAIL	16	113	10	167
CORRELATION	58	0	8176	12334
SQUARE	7424	262
FOLD	179	284	284	109482	109482	0	131272
RAIL	50	78	10	168
CORRELATION	59	0	8176	12334
SQUARE	7552	262
FOLD	180	285	285	109866	109866	0	132503
RAIL	50	79	10	169
CORRELATION	60	0	8176	12334
SQUARE	7680	262
FOLD	181	286	286	110253	110253	0	136148
RAIL	17	111	10	170
CORRELATION	61	2	8176	12334
SQUARE	7808	262
FOLD	182	287	287	110637	110637	0	137143
RAIL	17	112	10	171
CORRELATION	62	2	8176	12334
SQUARE	7936	262
FOLD	183	288	288	111024	111024	0	140248
RAIL	49	79	10	172
CORRELATION	63	5	8176	12334
SQUARE	8064	262
FOLD	183	288	288	111024	111024	0	141233
RAIL	49	79	10	173
CORRELATION	63	5	8176	12334
SQUARE	8192	262
FOLD	183	288	288	111024	111024	0	141255
RAIL	49	79	10	173
CORRELATION	64	5	8176	12334
SQUARE	8192	262
FOLD	184	289	289	111408	111408	0	141260
RAIL	49	80	10	173
CORRELATION	64	5	8176	12334
SQUARE	8192	262
FOLD	185	290	290	111795	111795	0	142341
RAIL	18	110	10	174
CORRELATION	65	5	8176	12334
SQUARE	8320	262
FOLD	186	291	291	112179	112179	0	143607
RAIL	18	111	10	175
CORRELATION	66	7	8176	12334
SQUARE	8448	262
FOLD	187	292	292	112566	112566	0	144935
RAIL	48	80	10	176
CORRELATION	67	9	8176	12334
SQUARE	8576	262
FOLD	188	293	293	112950	112950	0	147734
RAIL	48	81	10	177
CORRELATION	68	11	8176	12334
SQUARE	8704	262
FOLD	189	294	294	113337	113337	0	148748
RAIL	19	109	10	178
CORRELATION	69	11	8176	12334
SQUARE	8832	262
FOLD	190	295	295	113721	113721	0	149744
RAIL	19	110	10	179
CORRELATION	70	11	8176	12334
SQUARE	8960	262
FOLD	191	296	296	114108	114108	0	150698
RAIL	47	81	10	180
CORRELATION	71	11	8176	12334
SQUARE	9088	262
FOLD	192	297	297	114492	114492	0	152541
RAIL	47	82	10	181
CORRELATION	72	13	8176	12334
SQUARE	9216	262
FOLD	193	298	298	114879	114879	0	156236
RAIL	20	108	10	182
CORRELATION	73	15	8176	12334
SQUARE	9344	262
FOLD	194	299	299	115263	115263	0	158335
RAIL	20	109	10	183
CORRELATION	74	15	8176	12334
SQUARE	9472	262
FOLD	195	300	300	115650	115650	0	161015
RAIL	46	82	10	184
CORRELATION	75	17	8176	12334
SQUARE	9600	264
FOLD	196	301	301	116034	116034	0	164914
RAIL	46	83	10	185
CORRELATION	76	19	8176	12334
SQUARE	9728	264
FOLD	197	302	302	116421	116421	0	167278
RAIL	21	107	10	186
CORRELATION	77	19	8176	12334
SQUARE	9856	264
FOLD	198	303	303	116805	116805	0	172246
RAIL	21	108	10	187
CORRELATION	78	21	8176	12334
SQUARE	9984	264
FOLD	199	304	304	117192	117192	0	177647
RAIL	45	83	10	188
CORRELATION	79	23	8176	12334
SQUARE	10112	264
FOLD	200	305	305	117576	117576	0	180342
RAIL	45	84	10	189
CORRELATION	80	23	8176	12334
SQUARE	10240	264
FOLD	201	306	306	117963	117963	0	184724
RAIL	22	106	10	190
CORRELATION	81	23	8176	12334
SQUARE	10368	264
FOLD	202	307	307	118347	118347	0	188135
RAIL	22	107	10	191
CORRELATION	82	23	8176	12334
SQUARE	10496	264
FOLD	203	308	308	118734	118734	0	192410
RAIL	44	84	10	192
CORRELATION	83	23	8176	12334
SQUARE	10624	264
FOLD	204	309	309	119118	119118	0	195358
RAIL	44	85	10	193
CORRELATION	84	23	8176	12334
SQUARE	10752	264
FOLD	205	310	310	119505	119505	0	196289
RAIL	23	105	10	194
CORRELATION	85	23	8176	12334
SQUARE	10880	264
FOLD	206	311	311	119889	119889	0	197331
RAIL	23	106	10	195
CORRELATION	86	23	8176	12334
SQUARE	11008	264
FOLD	207	312	312	120276	120276	0	200822
RAIL	43	85	10	196
CORRELATION	87	26	8176	12334
SQUARE	11136	264
FOLD	208	313	313	120660	120660	0	201789
RAIL	43	86	10	197
CORRELATION	88	27	8176	12334
SQUARE	11264	264
FOLD	209	314	314	121047	121047	0	205207
RAIL	24	104	10	198
CORRELATION	89	29	8176	12334
SQUARE	11392	264
FOLD	210	315	315	121431	121431	0	206424
RAIL	24	105	10	199
CORRELATION	90	31	8176	12334
SQUARE	11520	264
FOLD	211	316	316	121818	121818	0	207386
RAIL	42	86	10	200
CORRELATION	91	31	8176	12334
SQUARE	11648	264
FOLD	212	317	317	122202	122202	0	208340
RAIL	42	87	10	201
CORRELATION	92	31	8176	12334
SQUARE	11776	264
FOLD	213	318	318	122589	122589	0	209267
RAIL	25	103	10	202
CORRELATION	93	31	8176	12334
SQUARE	11904	264
FOLD	214	319	319	122973	122973	0	211424
RAIL	25	104	10	203
CORRELATION	94	33	8176	12334
SQUARE	12032	264
FOLD	215	320	320	123360	123360	0	213482
RAIL	41	87	10	204
CORRELATION	95	35	8176	12334
SQUARE	12160	264
FOLD	216	321	321	123744	123744	0	215162
RAIL	41	88	10	205
CORRELATION	96	37	8176	12334
SQUARE	12288	264
FOLD	217	322	322	124131	124131	0	216085
RAIL	26	102	10	206
CORRELATION	97	37	8176	12334
SQUARE	12416	264
FOLD	218	323	323	124515	124515	0	218460
RAIL	26	103	10	207
CORRELATION	98	39	8176	12334
SQUARE	12544	264
FOLD	219	324	324	124902	124902	0	220948
RAIL	40	88	10	208
CORRELATION	99	41	8176	12334
SQUARE	12672	264
FOLD	220	325	325	125286	125286	0	221880
RAIL	40	89	10	209
CORRELATION	100	41	8176	12334
SQUARE	12800	264
FOLD	221	326	326	125673	125673	0	224715
RAIL	27	101	10	210
CORRELATION	101	43	8176	12334
SQUARE	12928	264
FOLD	222	327	327	126057	126057	0	227057
RAIL	27	102	10	211
CORRELATION	102	44	8176	12334
SQUARE	13056	264
FOLD	223	328	328	126444	126444	0	229529
RAIL	39	89	10	212
CORRELATION	103	46	8176	12334
SQUARE	13184	264
FOLD	224	329	329	126828	126828	0	230491
RAIL	39	90	10	213
CORRELATION	104	46	8176	12334
SQUARE	13312	264
FOLD	225	330	330	127215	127215	0	231525
RAIL	28	100	10	214
CORRELATION	105	46	8176	12334
SQUARE	13440	264
FOLD	226	331	331	127599	127599	0	234950
RAIL	28	101	10	215
CORRELATION	106	48	8176	12334
SQUARE	13568	264
FOLD	227	332	332	127986	127986	0	237516
RAIL	38	90	10	216
CORRELATION	107	50	8176	12334
SQUARE	13696	264
FOLD	228	333	333	128370	128370	0	238599
RAIL	38	91	10	217
CORRELATION	108	50	8176	12334
SQUARE	13824	264
FOLD	229	334	334	128757	128757	0	240795
RAIL	29	99	10	218
CORRELATION	109	52	8176	12334
SQUARE	13952	264
FOLD	230	335	335	129141	129141	0	242056
RAIL	29	100	10	219
CORRELATION	110	52	8176	12334
SQUARE	14080	264
FOLD	231	336	336	129528	129528	0	245400
RAIL	37	91	10	220
CORRELATION	111	55	8176	12334
SQUARE	14208	264
FOLD	232	337	337	129912	129912	0	246331
RAIL	37	92	10	221
CORRELATION	112	55	8176	12334
SQUARE	14336	264
FOLD	233	338	338	130299	130299	0	247185
RAIL	30	98	10	222
CORRELATION	113	55	8176	12334
SQUARE	14464	264
FOLD	234	339	339	130683	130683	0	248060
RAIL	30	99	10	223
CORRELATION	114	55	8176	12334
SQUARE	14592	264
FOLD	235	340	340	131070	131070	0	248906
RAIL	36	92	10	224
CORRELATION	115	55	8176	12334
SQUARE	14720	264
FOLD	236	341	341	131454	131454	0	249766
RAIL	36	93	10	225
CORRELATION	116	55	8176	12334
SQUARE	14848	264
FOLD	237	342	342	131841	131841	0	250778
RAIL	31	97	10	226
CORRELATION	117	55	8176	12334
SQUARE	14976	264
FOLD	238	343	343	132225	132225	0	251629
RAIL	31	98	10	227
CORRELATION	118	55	8176	12334
SQUARE	15104	264
FOLD	239	344	344	132612	132612	0	252572
RAIL	35	93	10	228
CORRELATION	119	55	8176	12334
SQUARE	15232	264
FOLD	240	345	345	132996	132996	0	253565
RAIL	35	94	10	229
CORRELATION	120	56	8176	12334
SQUARE	15360	264
FOLD	241	346	346	133383	133383	0	256848
RAIL	32	96	10	230
CORRELATION	121	59	8176	12334
SQUARE	15488	264
FOLD	242	347	347	133767	133767	0	257740
RAIL	32	97	10	231
CORRELATION	122	59	8176	12334
SQUARE	15616	264
FOLD	243	348	348	134154	134154	0	258851
RAIL	34	94	10	232
CORRELATION	123	59	8176	12334
SQUARE	15744	264
FOLD	244	349	349	134538	134538	0	259958
RAIL	34	95	10	233
CORRELATION	124	62	8176	12334
SQUARE	15872	264
FOLD	245	350	350	134925	134925	0	260854
RAIL	33	95	10	234
CORRELATION	125	62	8176	12334
SQUARE	16000	264
FOLD	246	351	351	135309	135309	0	261762
RAIL	33	96	10	235
CORRELATION	126	63	8176	12334
SQUARE	16128	264
FOLD	246	351	351	135309	135309	0	263308
RAIL	33	96	10	236
CORRELATION	127	65	8176	12334
SQUARE	16384	264
FOLD	246	351	351	135309	135309	0	263360
RAIL	33	96	10	236
CORRELATION	128	65	8176	12334
SQUARE	16384	264
FOLD	247	352	352	135696	135696	0	263814
RAIL	64	64	10	236
CORRELATION	129	65	8176	12334
SQUARE	16512	264
FOLD	248	353	353	136080	136080	0	266792
RAIL	64	65	10	237
CORRELATION	130	67	8176	12334
SQUARE	16640	264
FOLD	249	354	354	136467	136467	0	270657
RAIL	63	65	10	238
CORRELATION	133	72	8176	12334
SQUARE	17024	264
FOLD	250	355	355	136851	136851	0	272528
RAIL	63	66	10	239
CORRELATION	134	72	8176	12334
SQUARE	17152	264
FOLD	251	356	356	137238	137238	0	274516
RAIL	62	66	10	240
CORRELATION	137	77	8176	12334
SQUARE	17536	264
FOLD	252	357	357	137622	137622	0	275578
RAIL	62	67	10	241
CORRELATION	138	77	8176	12334
SQUARE	17664	264
FOLD	253	358	358	138009	138009	0	276423
RAIL	5	123	10	242
CORRELATION	139	77	8176	12334
SQUARE	17792	264
FOLD	256	357	358	137622	138009	0	279672
RAIL	61	68	12	243
CORRELATION	142	80	8176	12334
SQUARE	18176	264
FOLD	258	359	359	138393	138393	0	281759
RAIL	6	123	12	245
CORRELATION	144	84	8176	12334
SQUARE	18432	264
FOLD	261	360	360	138777	138777	0	285325
RAIL	7	121	13	247
CORRELATION	147	86	8176	12334
SQUARE	18816	264
FOLD	266	361	361	139161	139161	0	290416
RAIL	8	121	15	250
CORRELATION	152	91	8176	12334
SQUARE	19456	267
FOLD	267	362	362	139548	139548	0	291393
RAIL	58	70	15	251
CORRELATION	153	91	8176	12334
SQUARE	19584	267
FOLD	268	363	363	139932	139932	0	292226
RAIL	58	71	15	252
CORRELATION	154	91	8176	12334
SQUARE	19712	267
FOLD	269	364	364	140319	140319	0	293234
RAIL	9	119	15	253
CORRELATION	155	91	8176	12334
SQUARE	19840	267
FOLD	270	365	365	140703	140703	0	294184
RAIL	9	120	15	254
CORRELATION	156	91	8176	12334
SQUARE	19968	267
FOLD	271	366	366	141090	141090	0	296735
RAIL	57	71	15	255
CORRELATION	157	93	8176	12334
SQUARE	20096	267
FOLD	272	367	367	141474	141474	0	299781
RAIL	57	72	15	256
CORRELATION	158	96	8176	12334
SQUARE	20224	267
FOLD	273	368	368	141861	141861	0	300753
RAIL	10	118	15	257
CORRELATION	159	96	8176	12334
SQUARE	20352	267
FOLD	274	369	369	142245	142245	0	301983
RAIL	10	119	15	258
CORRELATION	160	99	8176	12334
SQUARE	20480	267
FOLD	275	370	370	142632	142632	0	302920
RAIL	56	72	15	259
CORRELATION	161	99	8176	12334
SQUARE	20608	267
FOLD	276	371	371	143016	143016	0	303880
RAIL	56	73	15	260
CORRELATION	162	99	8176	12334
SQUARE	20736	267
FOLD	277	372	372	143403	143403	0	304904
RAIL	11	117	15	261
CORRELATION	163	102	8176	12334
SQUARE	20864	267
FOLD	278	373	373	143787	143787	0	305859
RAIL	11	118	15	262
CORRELATION	164	102	8176	12334
SQUARE	20992	267
FOLD	279	374	374	144174	144174	0	307269
RAIL	55	73	15	263
CORRELATION	165	104	8176	12334
SQUARE	21120	267
FOLD	280	375	375	144558	144558	0	309884
RAIL	55	74	15	264
CORRELATION	166	106	8176	12334
SQUARE	21248	267
FOLD	281	376	376	144945	144945	0	310777
RAIL	12	116	15	265
CORRELATION	167	106	8176	12334
SQUARE	21376	267
FOLD	282	377	377	145329	145329	0	312935
RAIL	12	117	15	266
CORRELATION	168	108	8176	12334
SQUARE	21504	267
FOLD	283	378	378	145716	145716	0	315717
RAIL	54	74	15	267
CORRELATION	169	109	8176	12334
SQUARE	21632	267
FOLD	284	379	379	146100	146100	0	318498
RAIL	54	75	15	268
CORRELATION	170	109	8176	12334
SQUARE	21760	267
FOLD	285	380	380	146487	146487	0	320914
RAIL	13	115	15	269
CORRELATION	171	109	8176	12334
SQUARE	21888	267
FOLD	286	381	381	146871	146871	0	324067
RAIL	13	116	15	270
CORRELATION	172	113	8176	12334
SQUARE	22016	267
FOLD	287	382	382	147258	147258	0	324995
RAIL	53	75	15	271
CORRELATION	173	113	8176	12334
SQUARE	22144	267
FOLD	288	383	383	147642	147642	0	325909
RAIL	53	76	15	272
CORRELATION	174	113	8176	12334
SQUARE	22272	267
FOLD	289	384	384	148029	148029	0	327008
RAIL	14	114	15	273
CORRELATION	175	115	8176	12334
SQUARE	22400	267
FOLD	290	385	385	148413	148413	0	328088
RAIL	14	115	15	274
CORRELATION	176	117	8176	12334
SQUARE	22528	267
FOLD	291	386	386	148800	148800	0	329034
RAIL	52	76	15	275
CORRELATION	177	117	8176	12334
SQUARE	22656	267
FOLD	292	387	387	149184	149184	0	330135
RAIL	52	77	15	276
CORRELATION	178	120	8176	12334
SQUARE	22784	267
FOLD	293	388	388	149571	149571	0	331084
RAIL	15	113	15	277
CORRELATION	179	120	8176	12334
SQUARE	22912	267
FOLD	294	389	389	149955	149955	0	331917
RAIL	15	114	15	278
CORRELATION	180	120	8176	12334
SQUARE	23040	267
FOLD	295	390	390	150342	150342	0	332712
RAIL	51	77	15	279
CORRELATION	181	120	8176	12334
SQUARE	23168	267
FOLD	296	391	391	150726	150726	0	333712
RAIL	51	78	15	280
CORRELATION	182	120	8176	12334
SQUARE	23296	267
FOLD	297	392	392	151113	151113	0	334713
RAIL	16	112	15	281
CORRELATION	183	121	8176	12334
SQUARE	23424	267
FOLD	298	393	393	151497	151497	0	335651
RAIL	16	113	15	282
CORRELATION	184	121	8176	12334
SQUARE	23552	267
FOLD	299	394	394	151884	151884	0	336493
RAIL	50	78	15	283
CORRELATION	185	121	8176	12334
SQUARE	23680	267
FOLD	300	395	395	152268	152268	0	337443
RAIL	50	79	15	284
CORRELATION	186	121	8176	12334
SQUARE	23808	267
FOLD	301	396	396	152655	152655	0	341026
RAIL	17	111	15	285
CORRELATION	187	124	8176	12334
SQUARE	23936	267
FOLD	302	397	397	153039	153039	0	341830
RAIL	17	112	15	286
CORRELATION	188	124	8176	12334
SQUARE	24064	267
FOLD	303	398	398	153426	153426	0	344420
RAIL	49	79	15	287
CORRELATION	189	128	8176	12334
SQUARE	24192	267
FOLD	304	399	399	153810	153810	0	345423
RAIL	49	80	15	288
CORRELATION	190	128	8176	12334
SQUARE	24320	267
FOLD	305	400	400	154197	154197	0	346562
RAIL	18	110	15	289
CORRELATION	191	130	8176	12334
SQUARE	24448	267
FOLD	306	401	401	154581	154581	0	347549
RAIL	18	111	15	290
CORRELATION	192	131	8176	12334
SQUARE	24576	267
FOLD	307	402	402	154968	154968	0	349800
RAIL	48	80	15	291
CORRELATION	193	133	8176	12334
SQUARE	24704	267
FOLD	308	403	403	155352	155352	0	350844
RAIL	48	81	15	292
CORRELATION	194	133	8176	12334
SQUARE	24832	267
FOLD	309	404	404	155739	155739	0	351748
RAIL	19	109	15	293
CORRELATION	195	133	8176	12334
SQUARE	24960	267
FOLD	310	405	405	156123	156123	0	352818
RAIL	19	110	15	294
CORRELATION	196	135	8176	12334
SQUARE	25088	267
FOLD	311	406	406	156510	156510	0	353693
RAIL	47	81	15	295
CORRELATION	197	135	8176	12334
SQUARE	25216	267
FOLD	312	407	407	156894	156894	0	354873
RAIL	47	82	15	296
CORRELATION	198	137	8176	12334
SQUARE	25344	267
FOLD	313	408	408	157281	157281	0	355983
RAIL	20	108	15	297
CORRELATION	199	139	8176	12334
SQUARE	25472	267
FOLD	314	409	409	157665	157665	0	356911
RAIL	20	109	15	298
CORRELATION	200	139	8176	12334
SQUARE	25600	267
FOLD	315	410	410	158052	158052	0	357822
RAIL	46	82	15	299
CORRELATION	201	139	8176	12334
SQUARE	25728	267
FOLD	316	411	411	158436	158436	0	358901
RAIL	46	83	15	300
CORRELATION	202	140	8176	12334
SQUARE	25856	267
FOLD	317	412	412	158823	158823	0	360535
RAIL	21	107	15	301
CORRELATION	203	140	8176	12334
SQUARE	25984	267
FOLD	318	413	413	159207	159207	0	362040
RAIL	21	108	15	302
CORRELATION	204	140	8176	12334
SQUARE	26112	267
FOLD	319	414	414	159594	159594	0	363608
RAIL	45	83	15	303
CORRELATION	205	140	8176	12334
SQUARE	26240	267
FOLD	320	415	415	159978	159978	0	364758
RAIL	45	84	15	304
CORRELATION	206	143	8176	12334
SQUARE	26368	267
FOLD	321	416	416	160365	160365	0	365603
RAIL	22	106	15	305
CORRELATION	207	143	8176	12334
SQUARE	26496	267
FOLD	322	417	417	160749	160749	0	366784
RAIL	22	107	15	306
CORRELATION	208	145	8176	12334
SQUARE	26624	267
FOLD	323	418	418	161136	161136	0	367718
RAIL	44	84	15	307
CORRELATION	209	145	8176	12334
SQUARE	26752	267
FOLD	324	419	419	161520	161520	0	368605
RAIL	44	85	15	308
CORRELATION	210	146	8176	12334
SQUARE	26880	267
FOLD	325	420	420	161907	161907	0	369584
RAIL	23	105	15	309
CORRELATION	211	147	8176	12334
SQUARE	27008	267
FOLD	326	421	421	162291	162291	0	371740
RAIL	23	106	15	310
CORRELATION	212	149	8176	12334
SQUARE	27136	267
FOLD	327	422	422	162678	162678	0	372562
RAIL	43	85	15	311
CORRELATION	213	149	8176	12334
SQUARE	27264	267
FOLD	328	423	423	163062	163062	0	373423
RAIL	43	86	15	312
CORRELATION	214	150	8176	12334
SQUARE	27392	267
FOLD	329	424	424	163449	163449	0	374460
RAIL	24	104	15	313
CORRELATION	215	150	8176	12334
SQUARE	27520	267
FOLD	330	425	425	163833	163833	0	375796
RAIL	24	105	15	314
CORRELATION	216	152	8176	12334
SQUARE	27648	267
FOLD	331	426	426	164220	164220	0	376882
RAIL	42	86	15	315
CORRELATION	217	153	8176	12334
SQUARE	27776	267
FOLD	332	427	427	164604	164604	0	378818
RAIL	42	87	15	316
CORRELATION	218	156	8176	12334
SQUARE	27904	267
FOLD	333	428	428	164991	164991	0	380466
RAIL	25	103	15	317
CORRELATION	219	156	8176	12334
SQUARE	28032	267
FOLD	334	429	429	165375	165375	0	382017
RAIL	25	104	15	318
CORRELATION	220	156	8176	12334
SQUARE	28160	267
FOLD	335	430	430	165762	165762	0	383623
RAIL	41	87	15	319
CORRELATION	221	156	8176	12334
SQUARE	28288	267
FOLD	336	431	431	166146	166146	0	384502
RAIL	41	88	15	320
CORRELATION	222	156	8176	12334
SQUARE	28416	267
FOLD	337	432	432	166533	166533	0	385666
RAIL	26	102	15	321
CORRELATION	223	156	8176	12334
SQUARE	28544	267
FOLD	338	433	433	166917	166917	0	387314
RAIL	26	103	15	322
CORRELATION	224	156	8176	12334
SQUARE	28672	267
FOLD	339	434	434	167304	167304	0	388269
RAIL	40	88	15	323
CORRELATION	225	156	8176	12334
SQUARE	28800	267
FOLD	340	435	435	167688	167688	0	389223
RAIL	40	89	15	324
CORRELATION	226	156	8176	12334
SQUARE	28928	267
FOLD	341	436	436	168075	168075	0	391889
RAIL	27	101	15	325
CORRELATION	227	158	8176	12334
SQUARE	29056	267
FOLD	342	437	437	168459	168459	0	394625
RAIL	27	102	15	326
CORRELATION	228	160	8176	12334
SQUARE	29184	267
FOLD	343	438	438	168846	168846	0	395534
RAIL	39	89	15	327
CORRELATION	229	160	8176	12334
SQUARE	29312	267
FOLD	344	439	439	169230	169230	0	397689
RAIL	39	90	15	328
CORRELATION	230	163	8176	12334
SQUARE	29440	267
FOLD	345	440	440	169617	169617	0	398736
RAIL	28	100	15	329
CORRELATION	231	165	8176	12334
SQUARE	29568	267
FOLD	346	441	441	170001	170001	0	399537
RAIL	28	101	15	330
CORRELATION	232	165	8176	12334
SQUARE	29696	267
FOLD	347	442	442	170388	170388	0	400712
RAIL	38	90	15	331
CORRELATION	233	169	8176	12334
SQUARE	29824	267
FOLD	348	443	443	170772	170772	0	401564
RAIL	38	91	15	332
CORRELATION	234	169	8176	12334
SQUARE	29952	267
FOLD	349	444	444	171159	171159	0	402620
RAIL	29	99	15	333
CORRELATION	235	169	8176	12334
SQUARE	30080	267
FOLD	350	445	445	171543	171543	0	403445
RAIL	29	100	15	334
CORRELATION	236	169	8176	12334
SQUARE	30208	267
FOLD	351	446	446	171930	171930	0	404580
RAIL	37	91	15	335
CORRELATION	237	171	8176	12334
SQUARE	30336	267
FOLD	352	447	447	172314	172314	0	405552
RAIL	37	92	15	336
CORRELATION	238	173	8176	12334
SQUARE	30464	267
FOLD	353	448	448	172701	172701	0	406839
RAIL	30	98	15	337
CORRELATION	239	176	8176	12334
SQUARE	30592	267
FOLD	354	449	449	173085	173085	0	407776
RAIL	30	99	15	338
CORRELATION	240	176	8176	12334
SQUARE	30720	267
FOLD	355	450	450	173472	173472	0	408771
RAIL	36	92	15	339
CORRELATION	241	177	8176	12334
SQUARE	30848	267
FOLD	356	451	451	173856	173856	0	409623
RAIL	36	93	15	340
CORRELATION	242	178	8176	12334
SQUARE	30976	267
FOLD	357	452	452	174243	174243	0	410743
RAIL	31	97	15	341
CORRELATION	243	178	8176	12334
SQUARE	31104	267
FOLD	358	453	453	174627	174627	0	411667
RAIL	31	98	15	342
CORRELATION	244	180	8176	12334
SQUARE	31232	267
FOLD	359	454	454	175014	175014	0	412728
RAIL	35	93	15	343
CORRELATION	245	182	8176	12334
SQUARE	31360	267
FOLD	360	455	455	175398	175398	0	413573
RAIL	35	94	15	344
CORRELATION	246	183	8176	12334
SQUARE	31488	267
FOLD	361	456	456	175785	175785	0	414554
RAIL	32	96	15	345
CORRELATION	247	183	8176	12334
SQUARE	31616	267
FOLD	362	457	457	176169	176169	0	415422
RAIL	32	97	15	346
CORRELATION	248	184	8176	12334
SQUARE	31744	267
FOLD	363	458	458	176556	176556	0	417863
RAIL	34	94	15	347
CORRELATION	249	185	8176	12334
SQUARE	31872	267
FOLD	364	459	459	176940	176940	0	421589
RAIL	34	95	15	348
CORRELATION	250	187	8176	12334
SQUARE	32000	267
FOLD	365	460	460	177327	177327	0	424391
RAIL	33	95	15	349
CORRELATION	251	187	8176	12334
SQUARE	32128	267
FOLD	366	461	461	177711	177711	0	425305
RAIL	33	96	15	350
CORRELATION	252	187	8176	12334
SQUARE	32256	267
FOLD	367	462	462	178098	178098	0	430982
RAIL	64	64	15	351
CORRELATION	255	194	8176	12334
SQUARE	32640	267
FOLD	367	462	462	178098	178098	0	431841
RAIL	64	64	15	352
CORRELATION	255	194	8176	12334
SQUARE	32768	267
FOLD	367	462	462	178098	178098	0	431895
RAIL	64	64	15	352
CORRELATION	256	194	8176	12334
SQUARE	32768	267
FOLD	368	463	463	178482	178482	0	431900
RAIL	64	65	15	352
CORRELATION	256	194	8176	12334
SQUARE	32768	267
FOLD	369	464	464	178869	178869	0	433922
RAIL	63	65	15	353
CORRELATION	259	194	8176	12334
SQUARE	33152	267
FOLD	370	465	465	179253	179253	0	435341
RAIL	63	66	15	354
CORRELATION	260	194	8176	12334
SQUARE	33280	267
FOLD	371	466	466	179640	179640	0	448265
RAIL	62	66	15	355
CORRELATION	263	198	8176	12334
SQUARE	33664	267
FOLD	372	467	467	180024	180024	0	449295
RAIL	62	67	15	356
CORRELATION	264	199	8176	12334
SQUARE	33792	267
FOLD	373	468	468	180411	180411	0	451273
RAIL	61	67	15	357
CORRELATION	267	200	8176	12334
SQUARE	34176	267
FOLD	374	469	469	180795	180795	0	452698
RAIL	61	68	15	358
CORRELATION	268	202	8176	12334
SQUARE	34304	267
FOLD	375	470	470	181182	181182	0	453640
RAIL	6	122	15	359
CORRELATION	269	203	8176	12334
SQUARE	34432	267
FOLD	378	471	471	181569	181569	0	457928
RAIL	7	121	16	361
CORRELATION	273	208	8176	12334
SQUARE	34944	267
FOLD	387	472	472	181953	181953	0	466404
RAIL	9	120	20	366
CORRELATION	282	217	8176	12334
SQUARE	36096	267
FOLD	388	473	473	182340	182340	0	467360
RAIL	57	71	20	367
CORRELATION	283	217	8176	12334
SQUARE	36224	267
FOLD	389	474	474	182724	182724	0	468665
RAIL	57	72	20	368
CORRELATION	284	217	8176	12334
SQUARE	36352	267
FOLD	390	475	475	183111	183111	0	469581
RAIL	10	118	20	369
CORRELATION	285	217	8176	12334
SQUARE	36480	267
FOLD	391	476	476	183495	183495	0	470679
RAIL	10	119	20	370
CORRELATION	286	217	8176	12334
SQUARE	36608	267
FOLD	392	477	477	183882	183882	0	471713
RAIL	56	72	20	371
CORRELATION	287	217	8176	12334
SQUARE	36736	267
FOLD	393	478	478	184266	184266	0	472676
RAIL	56	73	20	372
CORRELATION	288	219	8176	12334
SQUARE	36864	267
FOLD	394	479	479	184653	184653	0	473588
RAIL	11	117	20	373
CORRELATION	289	219	8176	12334
SQUARE	36992	267
FOLD	395	480	480	185037	185037	0	474879
RAIL	11	118	20	374
CORRELATION	290	221	8176	12334
SQUARE	37120	267
FOLD	396	481	481	185424	185424	0	475903
RAIL	55	73	20	375
CORRELATION	291	223	8176	12334
SQUARE	37248	267
FOLD	397	482	482	185808	185808	0	476727
RAIL	55	74	20	376
CORRELATION	292	223	8176	12334
SQUARE	37376	267
FOLD	398	483	483	186195	186195	0	477626
RAIL	12	116	20	377
CORRELATION	293	223	8176	12334
SQUARE	37504	267
FOLD	399	484	484	186579	186579	0	478857
RAIL	12	117	20	378
CORRELATION	294	225	8176	12334
SQUARE	37632	267
FOLD	400	485	485	186966	186966	0	480832
RAIL	54	74	20	379
CORRELATION	295	228	8176	12334
SQUARE	37760	267
FOLD	401	486	486	187350	187350	0	481855
RAIL	54	75	20	380
CORRELATION	296	228	8176	12334
SQUARE	37888	267
FOLD	402	487	487	187737	187737	0	482940
RAIL	13	115	20	381
CORRELATION	297	228	8176	12334
SQUARE	38016	267
FOLD	403	488	488	188121	188121	0	484372
RAIL	13	116	20	382
CORRELATION	298	228	8176	12334
SQUARE	38144	267
FOLD	404	489	489	188508	188508	0	486452
RAIL	53	75	20	383
CORRELATION	299	230	8176	12334
SQUARE	38272	267
FOLD	405	490	490	188892	188892	0	487634
RAIL	53	76	20	384
CORRELATION	300	232	8176	12334
SQUARE	38400	269
FOLD	406	491	491	189279	189279	0	489031
RAIL	14	114	20	385
CORRELATION	301	236	8176	12334
SQUARE	38528	269
FOLD	407	492	492	189663	189663	0	490005
RAIL	14	115	20	386
CORRELATION	302	237	8176	12334
SQUARE	38656	269
FOLD	408	493	493	190050	190050	0	491042
RAIL	52	76	20	387
CORRELATION	303	237	8176	12334
SQUARE	38784	269
FOLD	409	494	494	190434	190434	0	492012
RAIL	52	77	20	388
CORRELATION	304	237	8176	12334
SQUARE	38912	269
FOLD	410	495	495	190821	190821	0	493046
RAIL	15	113	20	389
CORRELATION	305	237	8176	12334
SQUARE	39040	269
FOLD	411	496	496	191205	191205	0	494021
RAIL	15	114	20	390
CORRELATION	306	237	8176	12334
SQUARE	39168	269
FOLD	412	497	497	191592	191592	0	495705
RAIL	51	77	20	391
CORRELATION	307	239	8176	12334
SQUARE	39296	269
FOLD	413	498	498	191976	191976	0	497474
RAIL	51	78	20	392
CORRELATION	308	241	8176	12334
SQUARE	39424	269
FOLD	414	499	499	192363	192363	0	498629
RAIL	16	112	20	393
CORRELATION	309	243	8176	12334
SQUARE	39552	269
FOLD	415	500	500	192747	192747	0	499447
RAIL	16	113	20	394
CORRELATION	310	243	8176	12334
SQUARE	39680	269
FOLD	416	501	501	193134	193134	0	500436
RAIL	50	78	20	395
CORRELATION	311	243	8176	12334
SQUARE	39808	269
FOLD	417	502	502	193518	193518	0	502842
RAIL	50	79	20	396
CORRELATION	312	247	8176	12334
SQUARE	39936	269
FOLD	418	503	503	193905	193905	0	503811
RAIL	17	111	20	397
CORRELATION	313	247	8176	12334
SQUARE	40064	269
FOLD	419	504	504	194289	194289	0	504735
RAIL	17	112	20	398
CORRELATION	314	247	8176	12334
SQUARE	40192	269
FOLD	420	505	505	194676	194676	0	505932
RAIL	49	79	20	399
CORRELATION	315	250	8176	12334
SQUARE	40320	269
FOLD	421	506	506	195060	195060	0	506801
RAIL	49	80	20	400
CORRELATION	316	250	8176	12334
SQUARE	40448	269
FOLD	422	507	507	195447	195447	0	508018
RAIL	18	110	20	401
CORRELATION	317	253	8176	12334
SQUARE	40576	269
FOLD	423	508	508	195831	195831	0	508997
RAIL	18	111	20	402
CORRELATION	318	253	8176	12334
SQUARE	40704	269
FOLD	424	509	509	196218	196218	0	509823
RAIL	48	80	20	403
CORRELATION	319	253	8176	12334
SQUARE	40832	269
FOLD	425	510	510	196602	196602	0	510780
RAIL	48	81	20	404
CORRELATION	320	253	8176	12334
SQUARE	40960	269
FOLD	426	511	511	196989	196989	0	511790
RAIL	19	109	20	405
CORRELATION	321	253	8176	12334
SQUARE	41088	269
FOLD	427	512	512	197373	197373	0	512807
RAIL	19	110	20	406
CORRELATION	322	255	8176	12334
SQUARE	41216	269
FOLD	428	513	513	197760	197760	0	513751
RAIL	47	81	20	407
CORRELATION	323	255	8176	12334
SQUARE	41344	269
FOLD	429	514	514	198144	198144	0	514755
RAIL	47	82	20	408
CORRELATION	324	255	8176	12334
SQUARE	41472	269
FOLD	430	515	515	198531	198531	0	515659
RAIL	20	108	20	409
CORRELATION	325	255	8176	12334
SQUARE	41600	269
FOLD	431	516	516	198915	198915	0	517011
RAIL	20	109	20	410
CORRELATION	326	259	8176	12334
SQUARE	41728	269
FOLD	432	517	517	199302	199302	0	519985
RAIL	46	82	20	411
CORRELATION	327	259	8176	12334
SQUARE	41856	269
FOLD	433	518	518	199686	199686	0	522853
RAIL	46	83	20	412
CORRELATION	328	259	8176	12334
SQUARE	41984	269
FOLD	434	519	519	200073	200073	0	523865
RAIL	21	107	20	413
CORRELATION	329	259	8176	12334
SQUARE	42112	269
FOLD	435	520	520	200457	200457	0	524748
RAIL	21	108	20	414
CORRELATION	330	259	8176	12334
SQUARE	42240	269
FOLD	436	521	521	200844	200844	0	525723
RAIL	45	83	20	415
CORRELATION	331	259	8176	12334
SQUARE	42368	269
FOLD	437	522	522	201228	201228	0	526736
RAIL	45	84	20	416
CORRELATION	332	259	8176	12334
SQUARE	42496	269
FOLD	438	523	523	201615	201615	0	527764
RAIL	22	106	20	417
CORRELATION	333	259	8176	12334
SQUARE	42624	269
FOLD	439	524	524	201999	201999	0	529124
RAIL	22	107	20	418
CORRELATION	334	260	8176	12334
SQUARE	42752	269
FOLD	440	525	525	202386	202386	0	530181
RAIL	44	84	20	419
CORRELATION	335	260	8176	12334
SQUARE	42880	269
FOLD	441	526	526	202770	202770	0	531273
RAIL	44	85	20	420
CORRELATION	336	260	8176	12334
SQUARE	43008	269
FOLD	442	527	527	203157	203157	0	533062
RAIL	23	105	20	421
CORRELATION	337	264	8176	12334
SQUARE	43136	269
FOLD	443	528	528	203541	203541	0	533985
RAIL	23	106	20	422
CORRELATION	338	265	8176	12334
SQUARE	43264	269
FOLD	444	529	529	203928	203928	0	535038
RAIL	43	85	20	423
CORRELATION	339	267	8176	12334
SQUARE	43392	269
FOLD	445	530	530	204312	204312	0	535991
RAIL	43	86	20	424
CORRELATION	340	267	8176	12334
SQUARE	43520	269
FOLD	446	531	531	204699	204699	0	537029
RAIL	24	104	20	425
CORRELATION	341	267	8176	12334
SQUARE	43648	269
FOLD	447	532	532	205083	205083	0	538029
RAIL	24	105	20	426
CORRELATION	342	267	8176	12334
SQUARE	43776	269
FOLD	448	533	533	205470	205470	0	539755
RAIL	42	86	20	427
CORRELATION	343	269	8176	12334
SQUARE	43904	269
FOLD	449	534	534	205854	205854	0	541498
RAIL	42	87	20	428
CORRELATION	344	272	8176	12334
SQUARE	44032	269
FOLD	450	535	535	206241	206241	0	542721
RAIL	25	103	20	429
CORRELATION	345	274	8176	12334
SQUARE	44160	269
FOLD	451	536	536	206625	206625	0	543633
RAIL	25	104	20	430
CORRELATION	346	274	8176	12334
SQUARE	44288	269
FOLD	452	537	537	207012	207012	0	544567
RAIL	41	87	20	431
CORRELATION	347	274	8176	12334
SQUARE	44416	269
FOLD	453	538	538	207396	207396	0	545823
RAIL	41	88	20	432
CORRELATION	348	277	8176	12334
SQUARE	44544	269
FOLD	454	539	539	207783	207783	0	547121
RAIL	26	102	20	433
CORRELATION	349	278	8176	12334
SQUARE	44672	269
FOLD	455	540	540	208167	208167	0	548059
RAIL	26	103	20	434
CORRELATION	350	278	8176	12334
SQUARE	44800	269
FOLD	456	541	541	208554	208554	0	549002
RAIL	40	88	20	435
CORRELATION	351	278	8176	12334
SQUARE	44928	269
FOLD	457	542	542	208938	208938	0	550023
RAIL	40	89	20	436
CORRELATION	352	278	8176	12334
SQUARE	45056	269
FOLD	458	543	543	209325	209325	0	553257
RAIL	27	101	20	437
CORRELATION	353	280	8176	12334
SQUARE	45184	269
FOLD	459	544	544	209709	209709	0	556712
RAIL	27	102	20	438
CORRELATION	354	283	8176	12334
SQUARE	45312	269
FOLD	460	545	545	210096	210096	0	557693
RAIL	39	89	20	439
CORRELATION	355	283	8176	12334
SQUARE	45440	269
FOLD	461	546	546	210480	210480	0	559241
RAIL	39	90	20	440
CORRELATION	356	286	8176	12334
SQUARE	45568	269
FOLD	462	547	547	210867	210867	0	560551
RAIL	28	100	20	441
CORRELATION	357	286	8176	12334
SQUARE	45696	269
FOLD	463	548	548	211251	211251	0	561607
RAIL	28	101	20	442
CORRELATION	358	286	8176	12334
SQUARE	45824	269
FOLD	464	549	549	211638	211638	0	562752
RAIL	38	90	20	443
CORRELATION	359	286	8176	12334
SQUARE	45952	269
FOLD	465	550	550	212022	212022	0	563881
RAIL	38	91	20	444
CORRELATION	360	286	8176	12334
SQUARE	46080	269
FOLD	466	551	551	212409	212409	0	565499
RAIL	29	99	20	445
CORRELATION	361	289	8176	12334
SQUARE	46208	269
FOLD	467	552	552	212793	212793	0	566439
RAIL	29	100	20	446
CORRELATION	362	289	8176	12334
SQUARE	46336	269
FOLD	468	553	553	213180	213180	0	567366
RAIL	37	91	20	447
CORRELATION	363	289	8176	12334
SQUARE	46464	269
FOLD	469	554	554	213564	213564	0	570682
RAIL	37	92	20	448
CORRELATION	364	291	8176	12334
SQUARE	46592	269
FOLD	470	555	555	213951	213951	0	575507
RAIL	30	98	20	449
CORRELATION	365	293	8176	12334
SQUARE	46720	269
FOLD	471	556	556	214335	214335	0	578796
RAIL	30	99	20	450
CORRELATION	366	295	8176	12334
SQUARE	46848	269
FOLD	472	557	557	214722	214722	0	580558
RAIL	36	92	20	451
CORRELATION	367	295	8176	12334
SQUARE	46976	269
FOLD	473	558	558	215106	215106	0	582375
RAIL	36	93	20	452
CORRELATION	368	295	8176	12334
SQUARE	47104	269
FOLD	474	559	559	215493	215493	0	584232
RAIL	31	97	20	453
CORRELATION	369	295	8176	12334
SQUARE	47232	269
FOLD	475	560	560	215877	215877	0	586284
RAIL	31	98	20	454
CORRELATION	370	295	8176	12334
SQUARE	47360	269
FOLD	476	561	561	216264	216264	0	589908
RAIL	35	93	20	455
CORRELATION	371	296	8176	12334
SQUARE	47488	269
FOLD	477	562	562	216648	216648	0	592865
RAIL	35	94	20	456
CORRELATION	372	298	8176	12334
SQUARE	47616	269
FOLD	478	563	563	217035	217035	0	594919
RAIL	32	96	20	457
CORRELATION	373	298	8176	12334
SQUARE	47744	269
FOLD	479	564	564	217419	217419	0	596877
RAIL	32	97	20	458
CORRELATION	374	298	8176	12334
SQUARE	47872	269
FOLD	480	565	565	217806	217806	0	600331
RAIL	34	94	20	459
CORRELATION	375	299	8176	12334
SQUARE	48000	269
FOLD	481	566	566	218190	218190	0	605446
RAIL	34	95	20	460
CORRELATION	376	301	8176	12334
SQUARE	48128	269
FOLD	482	567	567	218577	218577	0	610120
RAIL	33	95	20	461
CORRELATION	377	303	8176	12334
SQUARE	48256	269
FOLD	483	568	568	218961	218961	0	611801
RAIL	33	96	20	462
CORRELATION	378	303	8176	12334
SQUARE	48384	269
FOLD	484	569	569	219348	219348	0	623605
RAIL	64	64	20	463
CORRELATION	381	307	8176	12334
SQUARE	48768	269
FOLD	485	570	570	219732	219732	0	625215
RAIL	64	65	20	464
CORRELATION	382	307	8176	12334
SQUARE	48896	269
FOLD	486	571	571	220119	220119	0	631755
RAIL	63	65	20	465
CORRELATION	385	311	8176	12334
SQUARE	49280	269
FOLD	487	572	572	220503	220503	0	633642
RAIL	63	66	20	466
CORRELATION	386	313	8176	12334
SQUARE	49408	269
FOLD	488	573	573	220890	220890	0	636371
RAIL	62	66	20	467
CORRELATION	389	315	8176	12334
SQUARE	49792	269
FOLD	489	574	574	221274	221274	0	639006
RAIL	62	67	20	468
CORRELATION	390	318	8176	12334
SQUARE	49920	269
FOLD	490	575	575	221661	221661	0	643226
RAIL	61	67	20	469
CORRELATION	393	320	8176	12334
SQUARE	50304	269
FOLD	491	576	576	222045	222045	0	647509
RAIL	61	68	20	470
CORRELATION	394	322	8176	12334
SQUARE	50432	269
FOLD	492	577	577	222432	222432	0	649108
RAIL	6	122	20	471
CORRELATION	395	322	8176	12334
SQUARE	50560	269
FOLD	495	578	578	222819	222819	0	658828
RAIL	7	121	21	473
CORRELATION	399	328	8176	12334
SQUARE	51072	269
FOLD	496	579	579	223203	223203	0	659611
RAIL	7	122	21	474
CORRELATION	400	328	8176	12334
SQUARE	51200	269
FOLD	497	580	580	223590	223590	0	660504
RAIL	59	69	21	475
CORRELATION	401	328	8176	12334
SQUARE	51328	269
FOLD	498	581	581	223974	223974	0	661769
RAIL	59	70	21	476
CORRELATION	402	328	8176	12334
SQUARE	51456	269
FOLD	499	582	582	224361	224361	0	662868
RAIL	8	120	21	477
CORRELATION	403	328	8176	12334
SQUARE	51584	269
FOLD	508	583	583	224745	224745	0	684612
RAIL	10	119	25	482
CORRELATION	412	337	8176	12334
SQUARE	52736	269
FOLD	509	584	584	225132	225132	0	690798
RAIL	56	72	25	483
CORRELATION	413	339	8176	12334
SQUARE	52864	269
FOLD	510	585	585	225516	225516	0	694669
RAIL	56	73	25	484
CORRELATION	414	341	8176	12334
SQUARE	52992	269
FOLD	511	586	586	225903	225903	0	697429
RAIL	11	117	25	485
CORRELATION	415	341	8176	12334
SQUARE	53120	269
FOLD	512	587	587	226287	226287	0	700453
RAIL	11	118	25	486
CORRELATION	416	341	8176	12334
SQUARE	53248	269
FOLD	513	588	588	226674	226674	0	704658
RAIL	55	73	25	487
CORRELATION	417	343	8176	12334
SQUARE	53376	269
FOLD	514	589	589	227058	227058	0	707771
RAIL	55	74	25	488
CORRELATION	418	345	8176	12334
SQUARE	53504	269
FOLD	515	590	590	227445	227445	0	708936
RAIL	12	116	25	489
CORRELATION	419	345	8176	12334
SQUARE	53632	269
FOLD	516	591	591	227829	227829	0	712337
RAIL	12	117	25	490
CORRELATION	420	347	8176	12334
SQUARE	53760	269
FOLD	517	592	592	228216	228216	0	715485
RAIL	54	74	25	491
CORRELATION	421	349	8176	12334
SQUARE	53888	269
FOLD	518	593	593	228600	228600	0	716329
RAIL	54	75	25	492
CORRELATION	422	349	8176	12334
SQUARE	54016	269
FOLD	519	594	594	228987	228987	0	717289
RAIL	13	115	25	493
CORRELATION	423	349	8176	12334
SQUARE	54144	269
FOLD	520	595	595	229371	229371	0	718107
RAIL	13	116	25	494
CORRELATION	424	349	8176	12334
SQUARE	54272	269
FOLD	521	596	596	229758	229758	0	718977
RAIL	53	75	25	495
CORRELATION	425	349	8176	12334
SQUARE	54400	269
FOLD	522	597	597	230142	230142	0	721153
RAIL	53	76	25	496
CORRELATION	426	349	8176	12334
SQUARE	54528	269
FOLD	523	598	598	230529	230529	0	724899
RAIL	14	114	25	497
CORRELATION	427	351	8176	12334
SQUARE	54656	269
FOLD	524	599	599	230913	230913	0	728473
RAIL	14	115	25	498
CORRELATION	428	353	8176	12334
SQUARE	54784	269
FOLD	525	600	600	231300	231300	0	729480
RAIL	52	76	25	499
CORRELATION	429	353	8176	12334
SQUARE	54912	269
FOLD	526	601	601	231684	231684	0	732582
RAIL	52	77	25	500
CORRELATION	430	355	8176	12334
SQUARE	55040	269
FOLD	527	602	602	232071	232071	0	736177
RAIL	15	113	25	501
CORRELATION	431	357	8176	12334
SQUARE	55168	269
FOLD	528	603	603	232455	232455	0	737187
RAIL	15	114	25	502
CORRELATION	432	357	8176	12334
SQUARE	55296	269
FOLD	529	604	604	232842	232842	0	738273
RAIL	51	77	25	503
CORRELATION	433	357	8176	12334
SQUARE	55424	269
FOLD	530	605	605	233226	233226	0	741824
RAIL	51	78	25	504
CORRELATION	434	359	8176	12334
SQUARE	55552	269
FOLD	531	606	606	233613	233613	0	745203
RAIL	16	112	25	505
CORRELATION	435	361	8176	12334
SQUARE	55680	269
FOLD	532	607	607	233997	233997	0	746092
RAIL	16	113	25	506
CORRELATION	436	361	8176	12334
SQUARE	55808	269
FOLD	533	608	608	234384	234384	0	749408
RAIL	50	78	25	507
CORRELATION	437	363	8176	12334
SQUARE	55936	269
FOLD	534	609	609	234768	234768	0	753863
RAIL	50	79	25	508
CORRELATION	438	365	8176	12334
SQUARE	56064	269
FOLD	535	610	610	235155	235155	0	754988
RAIL	17	111	25	509
CORRELATION	439	365	8176	12334
SQUARE	56192	269
FOLD	536	611	611	235539	235539	0	756038
RAIL	17	112	25	510
CORRELATION	440	365	8176	12334
SQUARE	56320	269
FOLD	537	612	612	235926	235926	0	756948
RAIL	49	79	25	511
CORRELATION	441	365	8176	12334
SQUARE	56448	269
FOLD	538	613	613	236310	236310	0	760700
RAIL	49	80	25	512
CORRELATION	442	368	8176	12334
SQUARE	56576	269
FOLD	539	614	614	236697	236697	0	762612
RAIL	18	110	25	513
CORRELATION	443	368	8176	12334
SQUARE	56704	269
FOLD	540	615	615	237081	237081	0	766650
RAIL	18	111	25	514
CORRELATION	444	371	8176	12334
SQUARE	56832	269
FOLD	541	616	616	237468	237468	0	767626
RAIL	48	80	25	515
CORRELATION	445	371	8176	12334
SQUARE	56960	269
FOLD	542	617	617	237852	237852	0	768966
RAIL	48	81	25	516
CORRELATION	446	371	8176	12334
SQUARE	57088	269
FOLD	543	618	618	238239	238239	0	773294
RAIL	19	109	25	517
CORRELATION	447	373	8176	12334
SQUARE	57216	269
FOLD	544	619	619	238623	238623	0	778266
RAIL	19	110	25	518
CORRELATION	448	376	8176	12334
SQUARE	57344	269
FOLD	545	620	620	239010	239010	0	779249
RAIL	47	81	25	519
CORRELATION	449	376	8176	12334
SQUARE	57472	269
FOLD	546	621	621	239394	239394	0	780484
RAIL	47	82	25	520
CORRELATION	450	376	8176	12334
SQUARE	57600	269
FOLD	547	622	622	239781	239781	0	781450
RAIL	20	108	25	521
CORRELATION	451	376	8176	12334
SQUARE	57728	269
FOLD	548	623	623	240165	240165	0	782569
RAIL	20	109	25	522
CORRELATION	452	376	8176	12334
SQUARE	57856	269
FOLD	549	624	624	240552	240552	0	785893
RAIL	46	82	25	523
CORRELATION	453	378	8176	12334
SQUARE	57984	269
FOLD	550	625	625	240936	240936	0	789285
RAIL	46	83	25	524
CORRELATION	454	380	8176	12334
SQUARE	58112	269
FOLD	551	626	626	241323	241323	0	790362
RAIL	21	107	25	525
CORRELATION	455	380	8176	12334
SQUARE	58240	269
FOLD	552	627	627	241707	241707	0	793887
RAIL	21	108	25	526
CORRELATION	456	382	8176	12334
SQUARE	58368	269
FOLD	553	628	628	242094	242094	0	797304
RAIL	45	83	25	527
CORRELATION	457	384	8176	12334
SQUARE	58496	269
FOLD	554	629	629	242478	242478	0	798261
RAIL	45	84	25	528
CORRELATION	458	384	8176	12334
SQUARE	58624	269
FOLD	555	630	630	242865	242865	0	800324
RAIL	22	106	25	529
CORRELATION	459	385	8176	12334
SQUARE	58752	269
FOLD	556	631	631	243249	243249	0	803828
RAIL	22	107	25	530
CORRELATION	460	387	8176	12334
SQUARE	58880	269
FOLD	557	632	632	243636	243636	0	804880
RAIL	44	84	25	531
CORRELATION	461	387	8176	12334
SQUARE	59008	269
FOLD	558	633	633	244020	244020	0	808939
RAIL	44	85	25	532
CORRELATION	462	390	8176	12334
SQUARE	59136	269
FOLD	559	634	634	244407	244407	0	809987
RAIL	23	105	25	533
CORRELATION	463	390	8176	12334
SQUARE	59264	269
FOLD	560	635	635	244791	244791	0	810956
RAIL	23	106	25	534
CORRELATION	464	390	8176	12334
SQUARE	59392	269
FOLD	561	636	636	245178	245178	0	812212
RAIL	43	85	25	535
CORRELATION	465	390	8176	12334
SQUARE	59520	269
FOLD	562	637	637	245562	245562	0	815476
RAIL	43	86	25	536
CORRELATION	466	393	8176	12334
SQUARE	59648	269
FOLD	563	638	638	245949	245949	0	817050
RAIL	24	104	25	537
CORRELATION	467	395	8176	12334
SQUARE	59776	269
FOLD	564	639	639	246333	246333	0	818145
RAIL	24	105	25	538
CORRELATION	468	395	8176	12334
SQUARE	59904	269
FOLD	565	640	640	246720	246720	0	819741
RAIL	42	86	25	539
CORRELATION	469	397	8176	12334
SQUARE	60032	269
FOLD	566	641	641	247104	247104	0	820956
RAIL	42	87	25	540
CORRELATION	470	397	8176	12334
SQUARE	60160	269
FOLD	567	642	642	247491	247491	0	824077
RAIL	25	103	25	541
CORRELATION	471	399	8176	12334
SQUARE	60288	269
FOLD	568	643	643	247875	247875	0	827438
RAIL	25	104	25	542
CORRELATION	472	401	8176	12334
SQUARE	60416	269
FOLD	569	644	644	248262	248262	0	828354
RAIL	41	87	25	543
CORRELATION	473	401	8176	12334
SQUARE	60544	269
FOLD	570	645	645	248646	248646	0	830629
RAIL	41	88	25	544
CORRELATION	474	401	8176	12334
SQUARE	60672	269
FOLD	571	646	646	249033	249033	0	832643
RAIL	26	102	25	545
CORRELATION	475	401	8176	12334
SQUARE	60800	269
FOLD	572	647	647	249417	249417	0	834575
RAIL	26	103	25	546
CORRELATION	476	401	8176	12334
SQUARE	60928	269
FOLD	573	648	648	249804	249804	0	836444
RAIL	40	88	25	547
CORRELATION	477	401	8176	12334
SQUARE	61056	269
FOLD	574	649	649	250188	250188	0	837401
RAIL	40	89	25	548
CORRELATION	478	401	8176	12334
SQUARE	61184	269
FOLD	575	650	650	250575	250575	0	838357
RAIL	27	101	25	549
CORRELATION	479	401	8176	12334
SQUARE	61312	269
FOLD	576	651	651	250959	250959	0	839258
RAIL	27	102	25	550
CORRELATION	480	401	8176	12334
SQUARE	61440	269
FOLD	577	652	652	251346	251346	0	840194
RAIL	39	89	25	551
CORRELATION	481	401	8176	12334
SQUARE	61568	269
FOLD	578	653	653	251730	251730	0	841274
RAIL	39	90	25	552
CORRELATION	482	401	8176	12334
SQUARE	61696	269
FOLD	579	654	654	252117	252117	0	842513
RAIL	28	100	25	553
CORRELATION	483	401	8176	12334
SQUARE	61824	269
FOLD	580	655	655	252501	252501	0	843420
RAIL	28	101	25	554
CORRELATION	484	401	8176	12334
SQUARE	61952	269
FOLD	581	656	656	252888	252888	0	844541
RAIL	38	90	25	555
CORRELATION	485	403	8176	12334
SQUARE	62080	269
FOLD	582	657	657	253272	253272	0	845612
RAIL	38	91	25	556
CORRELATION	486	405	8176	12334
SQUARE	62208	269
FOLD	583	658	658	253659	253659	0	846812
RAIL	29	99	25	557
CORRELATION	487	406	8176	12334
SQUARE	62336	269
FOLD	584	659	659	254043	254043	0	850439
RAIL	29	100	25	558
CORRELATION	488	409	8176	12334
SQUARE	62464	269
FOLD	585	660	660	254430	254430	0	851466
RAIL	37	91	25	559
CORRELATION	489	409	8176	12334
SQUARE	62592	269
FOLD	586	661	661	254814	254814	0	852770
RAIL	37	92	25	560
CORRELATION	490	409	8176	12334
SQUARE	62720	269
FOLD	587	662	662	255201	255201	0	854091
RAIL	30	98	25	561
CORRELATION	491	411	8176	12334
SQUARE	62848	269
FOLD	588	663	663	255585	255585	0	855137
RAIL	30	99	25	562
CORRELATION	492	411	8176	12334
SQUARE	62976	269
FOLD	589	664	664	255972	255972	0	857578
RAIL	36	92	25	563
CORRELATION	493	413	8176	12334
SQUARE	63104	269
FOLD	590	665	665	256356	256356	0	858688
RAIL	36	93	25	564
CORRELATION	494	413	8176	12334
SQUARE	63232	269
FOLD	591	666	666	256743	256743	0	859609
RAIL	31	97	25	565
CORRELATION	495	413	8176	12334
SQUARE	63360	269
FOLD	592	667	667	257127	257127	0	860785
RAIL	31	98	25	566
CORRELATION	496	413	8176	12334
SQUARE	63488	269
FOLD	593	668	668	257514	257514	0	864031
RAIL	35	93	25	567
CORRELATION	497	415	8176	12334
SQUARE	63616	269
FOLD	594	669	669	257898	257898	0	865067
RAIL	35	94	25	568
CORRELATION	498	415	8176	12334
SQUARE	63744	269
FOLD	595	670	670	258285	258285	0	866203
RAIL	32	96	25	569
CORRELATION	499	415	8176	12334
SQUARE	63872	269
FOLD	596	671	671	258669	258669	0	868071
RAIL	32	97	25	570
CORRELATION	500	417	8176	12334
SQUARE	64000	269
FOLD	597	672	672	259056	259056	0	872228
RAIL	34	94	25	571
CORRELATION	501	420	8176	12334
SQUARE	64128	269
FOLD	598	673	673	259440	259440	0	873270
RAIL	34	95	25	572
CORRELATION	502	420	8176	12334
SQUARE	64256	269
FOLD	599	674	674	259827	259827	0	874188
RAIL	33	95	25	573
CORRELATION	503	420	8176	12334
SQUARE	64384	269
FOLD	600	675	675	260211	260211	0	875230
RAIL	33	96	25	574
CORRELATION	504	420	8176	12334
SQUARE	64512	269
FOLD	601	676	676	260598	260598	0	877526
RAIL	64	64	25	575
CORRELATION	507	422	8176	12334
SQUARE	64896	269
FOLD	602	677	677	260982	260982	0	878593
RAIL	64	65	25	576
CORRELATION	508	422	8176	12334
SQUARE	65024	269
FOLD	603	678	678	261369	261369	0	881939
RAIL	63	65	25	577
CORRELATION	511	424	8176	12334
SQUARE	65408	269
FOLD	603	678	678	261369	261369	0	885518
RAIL	63	65	25	578
CORRELATION	511	424	8176	12334
SQUARE	65536	269
FOLD	603	678	678	261369	261369	0	885962
RAIL	63	65	25	578
CORRELATION	512	424	8176	12334
SQUARE	65536	269
FOLD	604	679	679	261753	261753	0	885971
RAIL	63	66	25	578
CORRELATION	512	424	8176	12334
SQUARE	65536	269
FOLD	605	680	680	262140	262140	0	890833
RAIL	62	66	25	579
CORRELATION	515	429	8176	12334
SQUARE	65920	269
FOLD	606	681	681	262524	262524	0	892415
RAIL	62	67	25	580
CORRELATION	516	431	8176	12334
SQUARE	66048	269
FOLD	607	682	682	262911	262911	0	894646
RAIL	61	67	25	581
CORRELATION	519	432	8176	12334
SQUARE	66432	269
FOLD	608	683	683	263295	263295	0	895697
RAIL	61	68	25	582
CORRELATION	520	432	8176	12334
SQUARE	66560	269
FOLD	609	684	684	263682	263682	0	906495
RAIL	60	68	25	583
CORRELATION	523	437	8176	12334
SQUARE	66944	269
FOLD	610	685	685	264066	264066	0	907544
RAIL	60	69	25	584
CORRELATION	524	437	8176	12334
SQUARE	67072	269
FOLD	611	686	686	264453	264453	0	908508
RAIL	7	121	25	585
CORRELATION	525	437	8176	12334
SQUARE	67200	269
FOLD	616	687	687	264837	264837	0	916811
RAIL	8	121	27	588
CORRELATION	530	443	8176	12334
SQUARE	67840	269
FOLD	617	688	688	265224	265224	0	917693
RAIL	58	70	27	589
CORRELATION	531	443	8176	12334
SQUARE	67968	269
FOLD	618	689	689	265608	265608	0	919606
RAIL	58	71	27	590
CORRELATION	532	444	8176	12334
SQUARE	68096	269
FOLD	619	690	690	265995	265995	0	923522
RAIL	9	119	27	591
CORRELATION	533	447	8176	12334
SQUARE	68224	269
FOLD	628	691	691	266379	266379	0	936848
RAIL	11	118	31	596
CORRELATION	542	452	8176	12334
SQUARE	69376	269
FOLD	629	692	692	266766	266766	0	940007
RAIL	55	73	31	597
CORRELATION	543	456	8176	12334
SQUARE	69504	269
FOLD	630	693	693	267150	267150	0	941005
RAIL	55	74	31	598
CORRELATION	544	456	8176	12334
SQUARE	69632	269
FOLD	631	694	694	267537	267537	0	944536
RAIL	12	116	31	599
CORRELATION	545	459	8176	12334
SQUARE	69760	269
FOLD	632	695	695	267921	267921	0	945700
RAIL	12	117	31	600
CORRELATION	546	460	8176	12334
SQUARE	69888	269
FOLD	633	696	696	268308	268308	0	948878
RAIL	54	74	31	601
CORRELATION	547	462	8176	12334
SQUARE	70016	269
FOLD	634	697	697	268692	268692	0	949902
RAIL	54	75	31	602
CORRELATION	548	462	8176	12334
SQUARE	70144	269
FOLD	635	698	698	269079	269079	0	951401
RAIL	13	115	31	603
CORRELATION	549	464	8176	12334
SQUARE	70272	269
FOLD	636	699	699	269463	269463	0	953157
RAIL	13	116	31	604
CORRELATION	550	465	8176	12334
SQUARE	70400	269
FOLD	637	700	700	269850	269850	0	954128
RAIL	53	75	31	605
CORRELATION	551	465	8176	12334
SQUARE	70528	269
FOLD	638	701	701	270234	270234	0	957259
RAIL	53	76	31	606
CORRELATION	552	468	8176	12334
SQUARE	70656	269
FOLD	639	702	702	270621	270621	0	958458
RAIL	14	114	31	607
CORRELATION	553	468	8176	12334
SQUARE	70784	269
FOLD	640	703	703	271005	271005	0	959496
RAIL	14	115	31	608
CORRELATION	554	468	8176	12334
SQUARE	70912	269
FOLD	641	704	704	271392	271392	0	960347
RAIL	52	76	31	609
CORRELATION	555	468	8176	12334
SQUARE	71040	269
FOLD	642	705	705	271776	271776	0	961414
RAIL	52	77	31	610
CORRELATION	556	468	8176	12334
SQUARE	71168	269
FOLD	643	706	706	272163	272163	0	962600
RAIL	15	113	31	611
CORRELATION	557	468	8176	12334
SQUARE	71296	269
FOLD	644	707	707	272547	272547	0	963656
RAIL	15	114	31	612
CORRELATION	558	468	8176	12334
SQUARE	71424	269
FOLD	645	708	708	272934	272934	0	964689
RAIL	51	77	31	613
CORRELATION	559	468	8176	12334
SQUARE	71552	269
FOLD	646	709	709	273318	273318	0	965750
RAIL	51	78	31	614
CORRELATION	560	468	8176	12334
SQUARE	71680	269
FOLD	647	710	710	273705	273705	0	968524
RAIL	16	112	31	615
CORRELATION	561	470	8176	12334
SQUARE	71808	269
FOLD	648	711	711	274089	274089	0	971249
RAIL	16	113	31	616
CORRELATION	562	472	8176	12334
SQUARE	71936	269
FOLD	649	712	712	274476	274476	0	972258
RAIL	50	78	31	617
CORRELATION	563	472	8176	12334
SQUARE	72064	269
FOLD	650	713	713	274860	274860	0	975359
RAIL	50	79	31	618
CORRELATION	564	474	8176	12334
SQUARE	72192	269
FOLD	651	714	714	275247	275247	0	978250
RAIL	17	111	31	619
CORRELATION	565	477	8176	12334
SQUARE	72320	269
FOLD	652	715	715	275631	275631	0	979174
RAIL	17	112	31	620
CORRELATION	566	477	8176	12334
SQUARE	72448	269
FOLD	653	716	716	276018	276018	0	980267
RAIL	49	79	31	621
CORRELATION	567	479	8176	12334
SQUARE	72576	269
FOLD	654	717	717	276402	276402	0	981427
RAIL	49	80	31	622
CORRELATION	568	480	8176	12334
SQUARE	72704	269
FOLD	655	718	718	276789	276789	0	982478
RAIL	18	110	31	623
CORRELATION	569	480	8176	12334
SQUARE	72832	269
FOLD	656	719	719	277173	277173	0	983617
RAIL	18	111	31	624
CORRELATION	570	480	8176	12334
SQUARE	72960	269
FOLD	657	720	720	277560	277560	0	986904
RAIL	48	80	31	625
CORRELATION	571	482	8176	12334
SQUARE	73088	269
FOLD	658	721	721	277944	277944	0	988732
RAIL	48	81	31	626
CORRELATION	572	484	8176	12334
SQUARE	73216	269
FOLD	659	722	722	278331	278331	0	989668
RAIL	19	109	31	627
CORRELATION	573	484	8176	12334
SQUARE	73344	269
FOLD	660	723	723	278715	278715	0	990976
RAIL	19	110	31	628
CORRELATION	574	484	8176	12334
SQUARE	73472	269
FOLD	661	724	724	279102	279102	0	995065
RAIL	47	81	31	629
CORRELATION	575	486	8176	12334
SQUARE	73600	269
FOLD	662	725	725	279486	279486	0	997963
RAIL	47	82	31	630
CORRELATION	576	488	8176	12334
SQUARE	73728	269
FOLD	663	726	726	279873	279873	0	1000408
RAIL	20	108	31	631
CORRELATION	577	490	8176	12334
SQUARE	73856	269
FOLD	664	727	727	280257	280257	0	1001386
RAIL	20	109	31	632
CORRELATION	578	490	8176	12334
SQUARE	73984	269
FOLD	665	728	728	280644	280644	0	1002521
RAIL	46	82	31	633
CORRELATION	579	490	8176	12334
SQUARE	74112	269
FOLD	666	729	729	281028	281028	0	1003484
RAIL	46	83	31	634
CORRELATION	580	490	8176	12334
SQUARE	74240	269
FOLD	667	730	730	281415	281415	0	1004632
RAIL	21	107	31	635
CORRELATION	581	490	8176	12334
SQUARE	74368	269
FOLD	668	731	731	281799	281799	0	1007786
RAIL	21	108	31	636
CORRELATION	582	492	8176	12334
SQUARE	74496	269
FOLD	669	732	732	282186	282186	0	1009516
RAIL	45	83	31	637
CORRELATION	583	494	8176	12334
SQUARE	74624	269
FOLD	670	733	733	282570	282570	0	1011885
RAIL	45	84	31	638
CORRELATION	584	496	8176	12334
SQUARE	74752	269
FOLD	671	734	734	282957	282957	0	1013609
RAIL	22	106	31	639
CORRELATION	585	497	8176	12334
SQUARE	74880	269
FOLD	672	735	735	283341	283341	0	1015655
RAIL	22	107	31	640
CORRELATION	586	499	8176	12334
SQUARE	75008	269
FOLD	673	736	736	283728	283728	0	1016565
RAIL	44	84	31	641
CORRELATION	587	499	8176	12334
SQUARE	75136	269
FOLD	674	737	737	284112	284112	0	1017595
RAIL	44	85	31	642
CORRELATION	588	499	8176	12334
SQUARE	75264	269
FOLD	675	738	738	284499	284499	0	1018787
RAIL	23	105	31	643
CORRELATION	589	499	8176	12334
SQUARE	75392	269
FOLD	676	739	739	284883	284883	0	1022609
RAIL	23	106	31	644
CORRELATION	590	501	8176	12334
SQUARE	75520	269
FOLD	677	740	740	285270	285270	0	1024770
RAIL	43	85	31	645
CORRELATION	591	503	8176	12334
SQUARE	75648	269
FOLD	678	741	741	285654	285654	0	1027103
RAIL	43	86	31	646
CORRELATION	592	505	8176	12334
SQUARE	75776	269
FOLD	679	742	742	286041	286041	0	1028301
RAIL	24	104	31	647
CORRELATION	593	505	8176	12334
SQUARE	75904	269
FOLD	680	743	743	286425	286425	0	1030339
RAIL	24	105	31	648
CORRELATION	594	507	8176	12334
SQUARE	76032	269
FOLD	681	744	744	286812	286812	0	1032467
RAIL	42	86	31	649
CORRELATION	595	509	8176	12334
SQUARE	76160	269
FOLD	682	745	745	287196	287196	0	1033507
RAIL	42	87	31	650
CORRELATION	596	509	8176	12334
SQUARE	76288	269
FOLD	683	746	746	287583	287583	0	1034584
RAIL	25	103	31	651
CORRELATION	597	509	8176	12334
SQUARE	76416	269
FOLD	684	747	747	287967	287967	0	1036530
RAIL	25	104	31	652
CORRELATION	598	509	8176	12334
SQUARE	76544	269
FOLD	685	748	748	288354	288354	0	1043884
RAIL	41	87	31	653
CORRELATION	599	512	8176	12334
SQUARE	76672	272
FOLD	686	749	749	288738	288738	0	1045605
RAIL	41	88	31	654
CORRELATION	600	512	8176	12334
SQUARE	76800	272
FOLD	687	750	750	289125	289125	0	1048152
RAIL	26	102	31	655
CORRELATION	601	514	8176	12334
SQUARE	76928	272
FOLD	688	751	751	289509	289509	0	1051327
RAIL	26	103	31	656
CORRELATION	602	516	8176	12334
SQUARE	77056	272
FOLD	689	752	752	289896	289896	0	1052358
RAIL	40	88	31	657
CORRELATION	603	516	8176	12334
SQUARE	77184	272
FOLD	690	753	753	290280	290280	0	1053259
RAIL	40	89	31	658
CORRELATION	604	516	8176	12334
SQUARE	77312	272
FOLD	691	754	754	290667	290667	0	1054309
RAIL	27	101	31	659
CORRELATION	605	516	8176	12334
SQUARE	77440	272
FOLD	692	755	755	291051	291051	0	1057818
RAIL	27	102	31	660
CORRELATION	606	519	8176	12334
SQUARE	77568	272
FOLD	693	756	756	291438	291438	0	1060203
RAIL	39	89	31	661
CORRELATION	607	521	8176	12334
SQUARE	77696	272
FOLD	694	757	757	291822	291822	0	1061101
RAIL	39	90	31	662
CORRELATION	608	521	8176	12334
SQUARE	77824	272
FOLD	695	758	758	292209	292209	0	1064514
RAIL	28	100	31	663
CORRELATION	609	523	8176	12334
SQUARE	77952	272
FOLD	696	759	759	292593	292593	0	1067617
RAIL	28	101	31	664
CORRELATION	610	525	8176	12334
SQUARE	78080	272
FOLD	697	760	760	292980	292980	0	1068545
RAIL	38	90	31	665
CORRELATION	611	525	8176	12334
SQUARE	78208	272
FOLD	698	761	761	293364	293364	0	1069582
RAIL	38	91	31	666
CORRELATION	612	525	8176	12334
SQUARE	78336	272
FOLD	699	762	762	293751	293751	0	1070686
RAIL	29	99	31	667
CORRELATION	613	525	8176	12334
SQUARE	78464	272
FOLD	700	763	763	294135	294135	0	1072010
RAIL	29	100	31	668
CORRELATION	614	525	8176	12334
SQUARE	78592	272
FOLD	701	764	764	294522	294522	0	1074904
RAIL	37	91	31	669
CORRELATION	615	528	8176	12334
SQUARE	78720	272
FOLD	702	765	765	294906	294906	0	1076609
RAIL	37	92	31	670
CORRELATION	616	529	8176	12334
SQUARE	78848	272
FOLD	703	766	766	295293	295293	0	1079434
RAIL	30	98	31	671
CORRELATION	617	531	8176	12334
SQUARE	78976	272
FOLD	704	767	767	295677	295677	0	1080505
RAIL	30	99	31	672
CORRELATION	618	531	8176	12334
SQUARE	79104	272
FOLD	705	768	768	296064	296064	0	1081819
RAIL	36	92	31	673
CORRELATION	619	531	8176	12334
SQUARE	79232	272
FOLD	706	769	769	296448	296448	0	1084714
RAIL	36	93	31	674
CORRELATION	620	533	8176	12334
SQUARE	79360	272
FOLD	707	770	770	296835	296835	0	1087069
RAIL	31	97	31	675
CORRELATION	621	535	8176	12334
SQUARE	79488	272
FOLD	708	771	771	297219	297219	0	1088386
RAIL	31	98	31	676
CORRELATION	622	535	8176	12334
SQUARE	79616	272
FOLD	709	772	772	297606	297606	0	1091878
RAIL	35	93	31	677
CORRELATION	623	537	8176	12334
SQUARE	79744	272
FOLD	710	773	773	297990	297990	0	1095018
RAIL	35	94	31	678
CORRELATION	624	539	8176	12334
SQUARE	79872	272
FOLD	711	774	774	298377	298377	0	1096107
RAIL	32	96	31	679
CORRELATION	625	539	8176	12334
SQUARE	80000	272
FOLD	712	775	775	298761	298761	0	1097256
RAIL	32	97	31	680
CORRELATION	626	539	8176	12334
SQUARE	80128	272
FOLD	713	776	776	299148	299148	0	1098375
RAIL	34	94	31	681
CORRELATION	627	539	8176	12334
SQUARE	80256	272
FOLD	714	777	777	299532	299532	0	1099540
RAIL	34	95	31	682
CORRELATION	628	539	8176	12334
SQUARE	80384	272
FOLD	715	778	778	299919	299919	0	1101740
RAIL	33	95	31	683
CORRELATION	629	540	8176	12334
SQUARE	80512	272
FOLD	716	779	779	300303	300303	0	1104663
RAIL	33	96	31	684
CORRELATION	630	542	8176	12334
SQUARE	80640	272
FOLD	717	780	780	300690	300690	0	1108345
RAIL	64	64	31	685
CORRELATION	633	544	8176	12334
SQUARE	81024	272
FOLD	718	781	781	301074	301074	0	1113443
RAIL	64	65	31	686
CORRELATION	634	546	8176	12334
SQUARE	81152	272
FOLD	719	782	782	301461	301461	0	1118432
RAIL	63	65	31	687
CORRELATION	637	550	8176	12334
SQUARE	81536	272
FOLD	720	783	783	301845	301845	0	1119370
RAIL	63	66	31	688
CORRELATION	638	550	8176	12334
SQUARE	81664	272
FOLD	721	784	784	302232	302232	0	1121356
RAIL	62	66	31	689
CORRELATION	641	550	8176	12334
SQUARE	82048	272
FOLD	722	785	785	302616	302616	0	1122492
RAIL	62	67	31	690
CORRELATION	642	550	8176	12334
SQUARE	82176	272
FOLD	723	786	786	303003	303003	0	1129289
RAIL	61	67	31	691
CORRELATION	645	554	8176	12334
SQUARE	82560	272
FOLD	724	787	787	303387	303387	0	1132641
RAIL	61	68	31	692
CORRELATION	646	556	8176	12334
SQUARE	82688	272
FOLD	725	788	788	303774	303774	0	1135060
RAIL	60	68	31	693
CORRELATION	649	557	8176	12334
SQUARE	83072	272
FOLD	726	789	789	304158	304158	0	1137297
RAIL	60	69	31	694
CORRELATION	650	559	8176	12334
SQUARE	83200	272
FOLD	727	790	790	304545	304545	0	1140784
RAIL	7	121	31	695
CORRELATION	651	561	8176	12334
SQUARE	83328	272
FOLD	736	791	791	304929	304929	0	1161903
RAIL	9	120	35	700
CORRELATION	660	570	8176	12334
SQUARE	84480	272
FOLD	737	792	792	305316	305316	0	1162883
RAIL	57	71	35	701
CORRELATION	661	570	8176	12334
SQUARE	84608	272
FOLD	738	793	793	305700	305700	0	1165405
RAIL	57	72	35	702
CORRELATION	662	572	8176	12334
SQUARE	84736	272
FOLD	739	794	794	306087	306087	0	1169729
RAIL	10	118	35	703
CORRELATION	663	575	8176	12334
SQUARE	84864	272
FOLD	748	795	795	306471	306471	0	1181194
RAIL	12	117	39	708
CORRELATION	672	581	8176	12334
SQUARE	86016	272
FOLD	749	796	796	306858	306858	0	1184606
RAIL	54	74	39	709
CORRELATION	673	583	8176	12334
SQUARE	86144	272
FOLD	750	797	797	307242	307242	0	1185567
RAIL	54	75	39	710
CORRELATION	674	583	8176	12334
SQUARE	86272	272
FOLD	751	798	798	307629	307629	0	1186661
RAIL	13	115	39	711
CORRELATION	675	584	8176	12334
SQUARE	86400	272
FOLD	752	799	799	308013	308013	0	1187655
RAIL	13	116	39	712
CORRELATION	676	584	8176	12334
SQUARE	86528	272
FOLD	753	800	800	308400	308400	0	1190967
RAIL	53	75	39	713
CORRELATION	677	586	8176	12334
SQUARE	86656	272
FOLD	754	801	801	308784	308784	0	1194258
RAIL	53	76	39	714
CORRELATION	678	588	8176	12334
SQUARE	86784	272
FOLD	755	802	802	309171	309171	0	1195317
RAIL	14	114	39	715
CORRELATION	679	588	8176	12334
SQUARE	86912	272
FOLD	756	803	803	309555	309555	0	1196573
RAIL	14	115	39	716
CORRELATION	680	588	8176	12334
SQUARE	87040	272
FOLD	757	804	804	309942	309942	0	1198857
RAIL	52	76	39	717
CORRELATION	681	590	8176	12334
SQUARE	87168	272
FOLD	758	805	805	310326	310326	0	1201864
RAIL	52	77	39	718
CORRELATION	682	592	8176	12334
SQUARE	87296	272
FOLD	759	806	806	310713	310713	0	1203092
RAIL	15	113	39	719
CORRELATION	683	592	8176	12334
SQUARE	87424	272
FOLD	760	807	807	311097	311097	0	1204131
RAIL	15	114	39	720
CORRELATION	684	592	8176	12334
SQUARE	87552	272
FOLD	761	808	808	311484	311484	0	1207230
RAIL	51	77	39	721
CORRELATION	685	595	8176	12334
SQUARE	87680	272
FOLD	762	809	809	311868	311868	0	1208238
RAIL	51	78	39	722
CORRELATION	686	595	8176	12334
SQUARE	87808	272
FOLD	763	810	810	312255	312255	0	1209121
RAIL	16	112	39	723
CORRELATION	687	595	8176	12334
SQUARE	87936	272
FOLD	764	811	811	312639	312639	0	1212229
RAIL	16	113	39	724
CORRELATION	688	597	8176	12334
SQUARE	88064	272
FOLD	765	812	812	313026	313026	0	1214776
RAIL	50	78	39	725
CORRELATION	689	599	8176	12334
SQUARE	88192	272
FOLD	766	813	813	313410	313410	0	1218789
RAIL	50	79	39	726
CORRELATION	690	601	8176	12334
SQUARE	88320	272
FOLD	767	814	814	313797	313797	0	1219667
RAIL	17	111	39	727
CORRELATION	691	601	8176	12334
SQUARE	88448	272
FOLD	768	815	815	314181	314181	0	1220605
RAIL	17	112	39	728
CORRELATION	692	601	8176	12334
SQUARE	88576	272
FOLD	769	816	816	314568	314568	0	1221488
RAIL	49	79	39	729
CORRELATION	693	601	8176	12334
SQUARE	88704	272
FOLD	770	817	817	314952	314952	0	1222825
RAIL	49	80	39	730
CORRELATION	694	601	8176	12334
SQUARE	88832	272
FOLD	771	818	818	315339	315339	0	1223735
RAIL	18	110	39	731
CORRELATION	695	601	8176	12334
SQUARE	88960	272
FOLD	772	819	819	315723	315723	0	1225734
RAIL	18	111	39	732
CORRELATION	696	603	8176	12334
SQUARE	89088	272
FOLD	773	820	820	316110	316110	0	1227884
RAIL	48	80	39	733
CORRELATION	697	604	8176	12334
SQUARE	89216	272
FOLD	774	821	821	316494	316494	0	1229868
RAIL	48	81	39	734
CORRELATION	698	606	8176	12334
SQUARE	89344	272
FOLD	775	822	822	316881	316881	0	1231890
RAIL	19	109	39	735
CORRELATION	699	607	8176	12334
SQUARE	89472	272
FOLD	776	823	823	317265	317265	0	1233845
RAIL	19	110	39	736
CORRELATION	700	609	8176	12334
SQUARE	89600	272
FOLD	777	824	824	317652	317652	0	1234921
RAIL	47	81	39	737
CORRELATION	701	609	8176	12334
SQUARE	89728	272
FOLD	778	825	825	318036	318036	0	1236920
RAIL	47	82	39	738
CORRELATION	702	609	8176	12334
SQUARE	89856	272
FOLD	779	826	826	318423	318423	0	1237906
RAIL	20	108	39	739
CORRELATION	703	609	8176	12334
SQUARE	89984	272
FOLD	780	827	827	318807	318807	0	1239363
RAIL	20	109	39	740
CORRELATION	704	610	8176	12334
SQUARE	90112	272
FOLD	781	828	828	319194	319194	0	1242375
RAIL	46	82	39	741
CORRELATION	705	612	8176	12334
SQUARE	90240	272
FOLD	782	829	829	319578	319578	0	1243963
RAIL	46	83	39	742
CORRELATION	706	613	8176	12334
SQUARE	90368	272
FOLD	783	830	830	319965	319965	0	1246786
RAIL	21	107	39	743
CORRELATION	707	615	8176	12334
SQUARE	90496	272
FOLD	784	831	831	320349	320349	0	1247702
RAIL	21	108	39	744
CORRELATION	708	615	8176	12334
SQUARE	90624	272
FOLD	785	832	832	320736	320736	0	1250890
RAIL	45	83	39	745
CORRELATION	709	618	8176	12334
SQUARE	90752	272
FOLD	786	833	833	321120	321120	0	1252046
RAIL	45	84	39	746
CORRELATION	710	618	8176	12334
SQUARE	90880	272
FOLD	787	834	834	321507	321507	0	1253306
RAIL	22	106	39	747
CORRELATION	711	619	8176	12334
SQUARE	91008	272
FOLD	788	835	835	321891	321891	0	1254267
RAIL	22	107	39	748
CORRELATION	712	619	8176	12334
SQUARE	91136	272
FOLD	789	836	836	322278	322278	0	1255984
RAIL	44	84	39	749
CORRELATION	713	622	8176	12334
SQUARE	91264	272
FOLD	790	837	837	322662	322662	0	1257285
RAIL	44	85	39	750
CORRELATION	714	623	8176	12334
SQUARE	91392	272
FOLD	791	838	838	323049	323049	0	1258409
RAIL	23	105	39	751
CORRELATION	715	623	8176	12334
SQUARE	91520	272
FOLD	792	839	839	323433	323433	0	1260598
RAIL	23	106	39	752
CORRELATION	716	626	8176	12334
SQUARE	91648	272
FOLD	793	840	840	323820	323820	0	1261641
RAIL	43	85	39	753
CORRELATION	717	626	8176	12334
SQUARE	91776	272
FOLD	794	841	841	324204	324204	0	1262606
RAIL	43	86	39	754
CORRELATION	718	626	8176	12334
SQUARE	91904	272
FOLD	795	842	842	324591	324591	0	1266047
RAIL	24	104	39	755
CORRELATION	719	629	8176	12334
SQUARE	92032	272
FOLD	796	843	843	324975	324975	0	1267064
RAIL	24	105	39	756
CORRELATION	720	630	8176	12334
SQUARE	92160	272
FOLD	797	844	844	325362	325362	0	1269903
RAIL	42	86	39	757
CORRELATION	721	632	8176	12334
SQUARE	92288	272
FOLD	798	845	845	325746	325746	0	1270940
RAIL	42	87	39	758
CORRELATION	722	632	8176	12334
SQUARE	92416	272
FOLD	799	846	846	326133	326133	0	1271991
RAIL	25	103	39	759
CORRELATION	723	632	8176	12334
SQUARE	92544	272
FOLD	800	847	847	326517	326517	0	1273038
RAIL	25	104	39	760
CORRELATION	724	632	8176	12334
SQUARE	92672	272
FOLD	801	848	848	326904	326904	0	1274157
RAIL	41	87	39	761
CORRELATION	725	632	8176	12334
SQUARE	92800	272
FOLD	802	849	849	327288	327288	0	1275173
RAIL	41	88	39	762
CORRELATION	726	632	8176	12334
SQUARE	92928	272
FOLD	803	850	850	327675	327675	0	1276382
RAIL	26	102	39	763
CORRELATION	727	632	8176	12334
SQUARE	93056	272
FOLD	804	851	851	328059	328059	0	1277590
RAIL	26	103	39	764
CORRELATION	728	633	8176	12334
SQUARE	93184	272
FOLD	805	852	852	328446	328446	0	1279951
RAIL	40	88	39	765
CORRELATION	729	635	8176	12334
SQUARE	93312	272
FOLD	806	853	853	328830	328830	0	1280998
RAIL	40	89	39	766
CORRELATION	730	635	8176	12334
SQUARE	93440	272
FOLD	807	854	854	329217	329217	0	1281901
RAIL	27	101	39	767
CORRELATION	731	635	8176	12334
SQUARE	93568	272
FOLD	808	855	855	329601	329601	0	1282904
RAIL	27	102	39	768
CORRELATION	732	635	8176	12334
SQUARE	93696	272
FOLD	809	856	856	329988	329988	0	1284065
RAIL	39	89	39	769
CORRELATION	733	635	8176	12334
SQUARE	93824	272
FOLD	810	857	857	330372	330372	0	1285624
RAIL	39	90	39	770
CORRELATION	734	637	8176	12334
SQUARE	93952	272
FOLD	811	858	858	330759	330759	0	1287035
RAIL	28	100	39	771
CORRELATION	735	639	8176	12334
SQUARE	94080	272
FOLD	812	859	859	331143	331143	0	1287888
RAIL	28	101	39	772
CORRELATION	736	639	8176	12334
SQUARE	94208	272
FOLD	813	860	860	331530	331530	0	1288909
RAIL	38	90	39	773
CORRELATION	737	639	8176	12334
SQUARE	94336	272
FOLD	814	861	861	331914	331914	0	1290146
RAIL	38	91	39	774
CORRELATION	738	639	8176	12334
SQUARE	94464	272
FOLD	815	862	862	332301	332301	0	1291189
RAIL	29	99	39	775
CORRELATION	739	639	8176	12334
SQUARE	94592	272
FOLD	816	863	863	332685	332685	0	1293006
RAIL	29	100	39	776
CORRELATION	740	641	8176	12334
SQUARE	94720	272
FOLD	817	864	864	333072	333072	0	1295037
RAIL	37	91	39	777
CORRELATION	741	643	8176	12334
SQUARE	94848	272
FOLD	818	865	865	333456	333456	0	1296713
RAIL	37	92	39	778
CORRELATION	742	644	8176	12334
SQUARE	94976	272
FOLD	819	866	866	333843	333843	0	1298609
RAIL	30	98	39	779
CORRELATION	743	647	8176	12334
SQUARE	95104	272
FOLD	820	867	867	334227	334227	0	1299629
RAIL	30	99	39	780
CORRELATION	744	647	8176	12334
SQUARE	95232	272
FOLD	821	868	868	334614	334614	0	1300613
RAIL	36	92	39	781
CORRELATION	745	647	8176	12334
SQUARE	95360	272
FOLD	822	869	869	334998	334998	0	1301790
RAIL	36	93	39	782
CORRELATION	746	647	8176	12334
SQUARE	95488	272
FOLD	823	870	870	335385	335385	0	1305122
RAIL	31	97	39	783
CORRELATION	747	649	8176	12334
SQUARE	95616	272
FOLD	824	871	871	335769	335769	0	1308183
RAIL	31	98	39	784
CORRELATION	748	651	8176	12334
SQUARE	95744	272
FOLD	825	872	872	336156	336156	0	1309570
RAIL	35	93	39	785
CORRELATION	749	652	8176	12334
SQUARE	95872	272
FOLD	826	873	873	336540	336540	0	1313459
RAIL	35	94	39	786
CORRELATION	750	655	8176	12334
SQUARE	96000	272
FOLD	827	874	874	336927	336927	0	1314473
RAIL	32	96	39	787
CORRELATION	751	655	8176	12334
SQUARE	96128	272
FOLD	828	875	875	337311	337311	0	1315417
RAIL	32	97	39	788
CORRELATION	752	655	8176	12334
SQUARE	96256	272
FOLD	829	876	876	337698	337698	0	1316352
RAIL	34	94	39	789
CORRELATION	753	655	8176	12334
SQUARE	96384	272
FOLD	830	877	877	338082	338082	0	1317323
RAIL	34	95	39	790
CORRELATION	754	655	8176	12334
SQUARE	96512	272
FOLD	831	878	878	338469	338469	0	1318299
RAIL	33	95	39	791
CORRELATION	755	655	8176	12334
SQUARE	96640	272
FOLD	832	879	879	338853	338853	0	1319414
RAIL	33	96	39	792
CORRELATION	756	655	8176	12334
SQUARE	96768	272
FOLD	833	880	880	339240	339240	0	1321439
RAIL	64	64	39	793
CORRELATION	759	655	8176	12334
SQUARE	97152	272
FOLD	834	881	881	339624	339624	0	1322607
RAIL	64	65	39	794
CORRELATION	760	655	8176	12334
SQUARE	97280	272
FOLD	835	882	882	340011	340011	0	1326841
RAIL	63	65	39	795
CORRELATION	763	657	8176	12334
SQUARE	97664	272
FOLD	836	883	883	340395	340395	0	1327840
RAIL	63	66	39	796
CORRELATION	764	657	8176	12334
SQUARE	97792	272
FOLD	837	884	884	340782	340782	0	1330189
RAIL	62	66	39	797
CORRELATION	767	660	8176	12334
SQUARE	98176	272
FOLD	838	885	885	341166	341166	0	1331096
RAIL	62	67	39	798
CORRELATION	768	660	8176	12334
SQUARE	98304	272
FOLD	839	886	886	341553	341553	0	1342510
RAIL	61	67	39	799
CORRELATION	771	662	8176	12334
SQUARE	98688	272
FOLD	840	887	887	341937	341937	0	1345536
RAIL	61	68	39	800
CORRELATION	772	664	8176	12334
SQUARE	98816	272
FOLD	841	888	888	342324	342324	0	1348791
RAIL	60	68	39	801
CORRELATION	775	666	8176	12334
SQUARE	99200	272
FOLD	842	889	889	342708	342708	0	1351490
RAIL	60	69	39	802
CORRELATION	776	668	8176	12334
SQUARE	99328	272
FOLD	843	890	890	343095	343095	0	1354985
RAIL	59	69	39	803
CORRELATION	779	670	8176	12334
SQUARE	99712	272
FOLD	844	891	891	343479	343479	0	1360481
RAIL	59	70	39	804
CORRELATION	780	673	8176	12334
SQUARE	99840	272
FOLD	845	892	892	343866	343866	0	1364836
RAIL	8	120	39	805
CORRELATION	781	675	8176	12334
SQUARE	99968	272
FOLD	854	893	893	344250	344250	0	1392354
RAIL	10	119	43	810
CORRELATION	790	682	8176	12334
SQUARE	101120	272
FOLD	855	894	894	344637	344637	0	1394954
RAIL	56	72	43	811
CORRELATION	791	684	8176	12334
SQUARE	101248	272
FOLD	856	895	895	345021	345021	0	1396041
RAIL	56	73	43	812
CORRELATION	792	684	8176	12334
SQUARE	101376	272
FOLD	857	896	896	345408	345408	0	1398888
RAIL	11	117	43	813
CORRELATION	793	686	8176	12334
SQUARE	101504	272
FOLD	866	897	897	345792	345792	0	1410162
RAIL	13	116	47	818
CORRELATION	802	694	8176	12334
SQUARE	102656	272
FOLD	867	898	898	346179	346179	0	1411201
RAIL	53	75	47	819
CORRELATION	803	694	8176	12334
SQUARE	102784	272
FOLD	868	899	899	346563	346563	0	1413928
RAIL	53	76	47	820
CORRELATION	804	697	8176	12334
SQUARE	102912	272
FOLD	869	900	900	346950	346950	0	1416714
RAIL	14	114	47	821
CORRELATION	805	699	8176	12334
SQUARE	103040	272
FOLD	870	901	901	347334	347334	0	1417818
RAIL	14	115	47	822
CORRELATION	806	699	8176	12334
SQUARE	103168	272
FOLD	871	902	902	347721	347721	0	1419653
RAIL	52	76	47	823
CORRELATION	807	700	8176	12334
SQUARE	103296	272
FOLD	872	903	903	348105	348105	0	1421639
RAIL	52	77	47	824
CORRELATION	808	702	8176	12334
SQUARE	103424	272
FOLD	873	904	904	348492	348492	0	1422650
RAIL	15	113	47	825
CORRELATION	809	702	8176	12334
SQUARE	103552	272
FOLD	874	905	905	348876	348876	0	1425613
RAIL	15	114	47	826
CORRELATION	810	703	8176	12334
SQUARE	103680	272
FOLD	875	906	906	349263	349263	0	1427724
RAIL	51	77	47	827
CORRELATION	811	705	8176	12334
SQUARE	103808	272
FOLD	876	907	907	349647	349647	0	1428922
RAIL	51	78	47	828
CORRELATION	812	705	8176	12334
SQUARE	103936	272
FOLD	877	908	908	350034	350034	0	1431437
RAIL	16	112	47	829
CORRELATION	813	707	8176	12334
SQUARE	104064	272
FOLD	878	909	909	350418	350418	0	1432527
RAIL	16	113	47	830
CORRELATION	814	707	8176	12334
SQUARE	104192	272
FOLD	879	910	910	350805	350805	0	1433492
RAIL	50	78	47	831
CORRELATION	815	707	8176	12334
SQUARE	104320	272
FOLD	880	911	911	351189	351189	0	1434629
RAIL	50	79	47	832
CORRELATION	816	707	8176	12334
SQUARE	104448	272
FOLD	881	912	912	351576	351576	0	1435645
RAIL	17	111	47	833
CORRELATION	817	707	8176	12334
SQUARE	104576	272
FOLD	882	913	913	351960	351960	0	1436832
RAIL	17	112	47	834
CORRELATION	818	707	8176	12334
SQUARE	104704	272
FOLD	883	914	914	352347	352347	0	1442778
RAIL	49	79	47	835
CORRELATION	819	709	8176	12334
SQUARE	104832	272
FOLD	884	915	915	352731	352731	0	1449141
RAIL	49	80	47	836
CORRELATION	820	711	8176	12334
SQUARE	104960	272
FOLD	885	916	916	353118	353118	0	1450924
RAIL	18	110	47	837
CORRELATION	821	711	8176	12334
SQUARE	105088	272
FOLD	886	917	917	353502	353502	0	1455378
RAIL	18	111	47	838
CORRELATION	822	713	8176	12334
SQUARE	105216	272
FOLD	887	918	918	353889	353889	0	1456613
RAIL	48	80	47	839
CORRELATION	823	713	8176	12334
SQUARE	105344	272
FOLD	888	919	919	354273	354273	0	1458981
RAIL	48	81	47	840
CORRELATION	824	715	8176	12334
SQUARE	105472	272
FOLD	889	920	920	354660	354660	0	1460886
RAIL	19	109	47	841
CORRELATION	825	717	8176	12334
SQUARE	105600	272
FOLD	890	921	921	355044	355044	0	1461791
RAIL	19	110	47	842
CORRELATION	826	717	8176	12334
SQUARE	105728	272
FOLD	891	922	922	355431	355431	0	1462794
RAIL	47	81	47	843
CORRELATION	827	717	8176	12334
SQUARE	105856	272
FOLD	892	923	923	355815	355815	0	1464072
RAIL	47	82	47	844
CORRELATION	828	718	8176	12334
SQUARE	105984	272
FOLD	893	924	924	356202	356202	0	1465361
RAIL	20	108	47	845
CORRELATION	829	718	8176	12334
SQUARE	106112	272
FOLD	894	925	925	356586	356586	0	1468675
RAIL	20	109	47	846
CORRELATION	830	720	8176	12334
SQUARE	106240	272
FOLD	895	926	926	356973	356973	0	1472000
RAIL	46	82	47	847
CORRELATION	831	722	8176	12334
SQUARE	106368	272
FOLD	896	927	927	357357	357357	0	1473363
RAIL	46	83	47	848
CORRELATION	832	723	8176	12334
SQUARE	106496	272
FOLD	897	928	928	357744	357744	0	1475020
RAIL	21	107	47	849
CORRELATION	833	725	8176	12334
SQUARE	106624	272
FOLD	898	929	929	358128	358128	0	1476041
RAIL	21	108	47	850
CORRELATION	834	725	8176	12334
SQUARE	106752	272
FOLD	899	930	930	358515	358515	0	1478767
RAIL	45	83	47	851
CORRELATION	835	727	8176	12334
SQUARE	106880	272
FOLD	900	931	931	358899	358899	0	1482324
RAIL	45	84	47	852
CORRELATION	836	729	8176	12334
SQUARE	107008	272
FOLD	901	932	932	359286	359286	0	1483474
RAIL	22	106	47	853
CORRELATION	837	729	8176	12334
SQUARE	107136	272
FOLD	902	933	933	359670	359670	0	1484725
RAIL	22	107	47	854
CORRELATION	838	729	8176	12334
SQUARE	107264	272
FOLD	903	934	934	360057	360057	0	1486227
RAIL	44	84	47	855
CORRELATION	839	729	8176	12334
SQUARE	107392	272
FOLD	904	935	935	360441	360441	0	1488748
RAIL	44	85	47	856
CORRELATION	840	731	8176	12334
SQUARE	107520	272
FOLD	905	936	936	360828	360828	0	1490472
RAIL	23	105	47	857
CORRELATION	841	733	8176	12334
SQUARE	107648	272
FOLD	906	937	937	361212	361212	0	1491620
RAIL	23	106	47	858
CORRELATION	842	733	8176	12334
SQUARE	107776	272
FOLD	907	938	938	361599	361599	0	1492668
RAIL	43	85	47	859
CORRELATION	843	733	8176	12334
SQUARE	107904	272
FOLD	908	939	939	361983	361983	0	1494797
RAIL	43	86	47	860
CORRELATION	844	736	8176	12334
SQUARE	108032	272
FOLD	909	940	940	362370	362370	0	1496667
RAIL	24	104	47	861
CORRELATION	845	738	8176	12334
SQUARE	108160	272
FOLD	910	941	941	362754	362754	0	1497616
RAIL	24	105	47	862
CORRELATION	846	738	8176	12334
SQUARE	108288	272
FOLD	911	942	942	363141	363141	0	1498890
RAIL	42	86	47	863
CORRELATION	847	738	8176	12334
SQUARE	108416	272
FOLD	912	943	943	363525	363525	0	1500411
RAIL	42	87	47	864
CORRELATION	848	739	8176	12334
SQUARE	108544	272
FOLD	913	944	944	363912	363912	0	1502870
RAIL	25	103	47	865
CORRELATION	849	741	8176	12334
SQUARE	108672	272
FOLD	914	945	945	364296	364296	0	1505628
RAIL	25	104	47	866
CORRELATION	850	743	8176	12334
SQUARE	108800	272
FOLD	915	946	946	364683	364683	0	1506761
RAIL	41	87	47	867
CORRELATION	851	743	8176	12334
SQUARE	108928	272
FOLD	916	947	947	365067	365067	0	1508609
RAIL	41	88	47	868
CORRELATION	852	745	8176	12334
SQUARE	109056	272
FOLD	917	948	948	365454	365454	0	1510614
RAIL	26	102	47	869
CORRELATION	853	747	8176	12334
SQUARE	109184	272
FOLD	918	949	949	365838	365838	0	1511486
RAIL	26	103	47	870
CORRELATION	854	747	8176	12334
SQUARE	109312	272
FOLD	919	950	950	366225	366225	0	1512467
RAIL	40	88	47	871
CORRELATION	855	747	8176	12334
SQUARE	109440	272
FOLD	920	951	951	366609	366609	0	1513427
RAIL	40	89	47	872
CORRELATION	856	747	8176	12334
SQUARE	109568	272
FOLD	921	952	952	366996	366996	0	1515432
RAIL	27	101	47	873
CORRELATION	857	747	8176	12334
SQUARE	109696	272
FOLD	922	953	953	367380	367380	0	1516534
RAIL	27	102	47	874
CORRELATION	858	747	8176	12334
SQUARE	109824	272
FOLD	923	954	954	367767	367767	0	1518620
RAIL	39	89	47	875
CORRELATION	859	749	8176	12334
SQUARE	109952	272
FOLD	924	955	955	368151	368151	0	1520950
RAIL	39	90	47	876
CORRELATION	860	751	8176	12334
SQUARE	110080	272
FOLD	925	956	956	368538	368538	0	1522784
RAIL	28	100	47	877
CORRELATION	861	752	8176	12334
SQUARE	110208	272
FOLD	926	957	957	368922	368922	0	1524300
RAIL	28	101	47	878
CORRELATION	862	754	8176	12334
SQUARE	110336	272
FOLD	927	958	958	369309	369309	0	1525274
RAIL	38	90	47	879
CORRELATION	863	754	8176	12334
SQUARE	110464	272
FOLD	928	959	959	369693	369693	0	1526170
RAIL	38	91	47	880
CORRELATION	864	754	8176	12334
SQUARE	110592	272
FOLD	929	960	960	370080	370080	0	1527060
RAIL	29	99	47	881
CORRELATION	865	754	8176	12334
SQUARE	110720	272
FOLD	930	961	961	370464	370464	0	1527902
RAIL	29	100	47	882
CORRELATION	866	754	8176	12334
SQUARE	110848	272
FOLD	931	962	962	370851	370851	0	1528854
RAIL	37	91	47	883
CORRELATION	867	754	8176	12334
SQUARE	110976	272
FOLD	932	963	963	371235	371235	0	1531377
RAIL	37	92	47	884
CORRELATION	868	757	8176	12334
SQUARE	111104	272
FOLD	933	964	964	371622	371622	0	1533139
RAIL	30	98	47	885
CORRELATION	869	760	8176	12334
SQUARE	111232	272
FOLD	934	965	965	372006	372006	0	1534181
RAIL	30	99	47	886
CORRELATION	870	760	8176	12334
SQUARE	111360	272
FOLD	935	966	966	372393	372393	0	1535271
RAIL	36	92	47	887
CORRELATION	871	760	8176	12334
SQUARE	111488	272
FOLD	936	967	967	372777	372777	0	1536494
RAIL	36	93	47	888
CORRELATION	872	761	8176	12334
SQUARE	111616	272
FOLD	937	968	968	373164	373164	0	1538755
RAIL	31	97	47	889
CORRELATION	873	763	8176	12334
SQUARE	111744	272
FOLD	938	969	969	373548	373548	0	1539597
RAIL	31	98	47	890
CORRELATION	874	763	8176	12334
SQUARE	111872	272
FOLD	939	970	970	373935	373935	0	1540567
RAIL	35	93	47	891
CORRELATION	875	763	8176	12334
SQUARE	112000	272
FOLD	940	971	971	374319	374319	0	1541652
RAIL	35	94	47	892
CORRELATION	876	764	8176	12334
SQUARE	112128	272
FOLD	941	972	972	374706	374706	0	1543531
RAIL	32	96	47	893
CORRELATION	877	766	8176	12334
SQUARE	112256	272
FOLD	942	973	973	375090	375090	0	1545519
RAIL	32	97	47	894
CORRELATION	878	768	8176	12334
SQUARE	112384	272
FOLD	943	974	974	375477	375477	0	1547076
RAIL	34	94	47	895
CORRELATION	879	770	8176	12334
SQUARE	112512	272
FOLD	944	975	975	375861	375861	0	1548017
RAIL	34	95	47	896
CORRELATION	880	770	8176	12334
SQUARE	112640	272
FOLD	945	976	976	376248	376248	0	1549358
RAIL	33	95	47	897
CORRELATION	881	771	8176	12334
SQUARE	112768	272
FOLD	946	977	977	376632	376632	0	1550498
RAIL	33	96	47	898
CORRELATION	882	771	8176	12334
SQUARE	112896	272
FOLD	947	978	978	377019	377019	0	1554038
RAIL	64	64	47	899
CORRELATION	885	775	8176	12334
SQUARE	113280	272
FOLD	948	979	979	377403	377403	0	1556150
RAIL	64	65	47	900
CORRELATION	886	777	8176	12334
SQUARE	113408	272
FOLD	949	980	980	377790	377790	0	1558510
RAIL	63	65	47	901
CORRELATION	889	778	8176	12334
SQUARE	113792	272
FOLD	950	981	981	378174	378174	0	1562935
RAIL	63	66	47	902
CORRELATION	890	781	8176	12334
SQUARE	113920	272
FOLD	951	982	982	378561	378561	0	1564731
RAIL	62	66	47	903
CORRELATION	893	781	8176	12334
SQUARE	114304	272
FOLD	952	983	983	378945	378945	0	1565567
RAIL	62	67	47	904
CORRELATION	894	781	8176	12334
SQUARE	114432	272
FOLD	953	984	984	379332	379332	0	1567981
RAIL	61	67	47	905
CORRELATION	897	782	8176	12334
SQUARE	114816	272
FOLD	954	985	985	379716	379716	0	1571073
RAIL	61	68	47	906
CORRELATION	898	785	8176	12334
SQUARE	114944	272
FOLD	955	986	986	380103	380103	0	1573220
RAIL	60	68	47	907
CORRELATION	901	785	8176	12334
SQUARE	115328	272
FOLD	956	987	987	380487	380487	0	1576845
RAIL	60	69	47	908
CORRELATION	902	788	8176	12334
SQUARE	115456	272
FOLD	957	988	988	380874	380874	0	1582031
RAIL	59	69	47	909
CORRELATION	905	792	8176	12334
SQUARE	115840	272
FOLD	958	989	989	381258	381258	0	1583342
RAIL	59	70	47	910
CORRELATION	906	793	8176	12334
SQUARE	115968	272
FOLD	959	990	990	381645	381645	0	1584311
RAIL	8	120	47	911
CORRELATION	907	793	8176	12334
SQUARE	116096	272
FOLD	960	991	991	382029	382029	0	1587486
RAIL	8	121	47	912
CORRELATION	908	795	8176	12334
SQUARE	116224	272
FOLD	961	992	992	382416	382416	0	1591948
RAIL	58	70	47	913
CORRELATION	909	797	8176	12334
SQUARE	116352	272
FOLD	962	993	993	382800	382800	0	1594600
RAIL	58	71	47	914
CORRELATION	910	798	8176	12334
SQUARE	116480	272
FOLD	963	994	994	383187	383187	0	1595892
RAIL	9	119	47	915
CORRELATION	911	799	8176	12334
SQUARE	116608	272
FOLD	972	995	995	383571	383571	0	1611518
RAIL	11	118	51	920
CORRELATION	920	807	8176	12334
SQUARE	117760	272
FOLD	973	996	996	383958	383958	0	1612403
RAIL	55	73	51	921
CORRELATION	921	807	8176	12334
SQUARE	117888	272
FOLD	974	997	997	384342	384342	0	1613272
RAIL	55	74	51	922
CORRELATION	922	807	8176	12334
SQUARE	118016	272
FOLD	975	998	998	384729	384729	0	1615521
RAIL	12	116	51	923
CORRELATION	923	809	8176	12334
SQUARE	118144	272
FOLD	984	999	999	385113	385113	0	1628293
RAIL	14	115	55	928
CORRELATION	932	818	8176	12334
SQUARE	119296	272
FOLD	985	1000	1000	385500	385500	0	1630491
RAIL	52	76	55	929
CORRELATION	933	820	8176	12334
SQUARE	119424	272
FOLD	986	1001	1001	385884	385884	0	1632038
RAIL	52	77	55	930
CORRELATION	934	821	8176	12334
SQUARE	119552	272
FOLD	987	1002	1002	386271	386271	0	1633121
RAIL	15	113	55	931
CORRELATION	935	821	8176	12334
SQUARE	119680	272
FOLD	988	1003	1003	386655	386655	0	1634790
RAIL	15	114	55	932
CORRELATION	936	824	8176	12334
SQUARE	119808	272
FOLD	989	1004	1004	387042	387042	0	1636001
RAIL	51	77	55	933
CORRELATION	937	824	8176	12334
SQUARE	119936	272
FOLD	990	1005	1005	387426	387426	0	1637169
RAIL	51	78	55	934
CORRELATION	938	824	8176	12334
SQUARE	120064	272
FOLD	991	1006	1006	387813	387813	0	1638289
RAIL	16	112	55	935
CORRELATION	939	824	8176	12334
SQUARE	120192	272
FOLD	992	1007	1007	388197	388197	0	1640502
RAIL	16	113	55	936
CORRELATION	940	826	8176	12334
SQUARE	120320	272
FOLD	993	1008	1008	388584	388584	0	1642698
RAIL	50	78	55	937
CORRELATION	941	828	8176	12334
SQUARE	120448	272
FOLD	994	1009	1009	388968	388968	0	1644944
RAIL	50	79	55	938
CORRELATION	942	830	8176	12334
SQUARE	120576	272
FOLD	995	1010	1010	389355	389355	0	1645983
RAIL	17	111	55	939
CORRELATION	943	830	8176	12334
SQUARE	120704	272
FOLD	996	1011	1011	389739	389739	0	1647956
RAIL	17	112	55	940
CORRELATION	944	831	8176	12334
SQUARE	120832	272
FOLD	997	1012	1012	390126	390126	0	1651464
RAIL	49	79	55	941
CORRELATION	945	834	8176	12334
SQUARE	120960	272
FOLD	998	1013	1013	390510	390510	0	1652532
RAIL	49	80	55	942
CORRELATION	946	834	8176	12334
SQUARE	121088	272
FOLD	999	1014	1014	390897	390897	0	1653508
RAIL	18	110	55	943
CORRELATION	947	834	8176	12334
SQUARE	121216	272
FOLD	1000	1015	1015	391281	391281	0	1654555
RAIL	18	111	55	944
CORRELATION	948	834	8176	12334
SQUARE	121344	272
FOLD	1001	1016	1016	391668	391668	0	1655531
RAIL	48	80	55	945
CORRELATION	949	834	8176	12334
SQUARE	121472	272
FOLD	1002	1017	1017	392052	392052	0	1656893
RAIL	48	81	55	946
CORRELATION	950	834	8176	12334
SQUARE	121600	272
FOLD	1003	1018	1018	392439	392439	0	1657934
RAIL	19	109	55	947
CORRELATION	951	834	8176	12334
SQUARE	121728	272
FOLD	1004	1019	1019	392823	392823	0	1659065
RAIL	19	110	55	948
CORRELATION	952	834	8176	12334
SQUARE	121856	272
FOLD	1005	1020	1020	393210	393210	0	1659995
RAIL	47	81	55	949
CORRELATION	953	834	8176	12334
SQUARE	121984	272
FOLD	1006	1021	1021	393594	393594	0	1661022
RAIL	47	82	55	950
CORRELATION	954	834	8176	12334
SQUARE	122112	272
FOLD	1007	1022	1022	393981	393981	0	1663995
RAIL	20	108	55	951
CORRELATION	955	836	8176	12334
SQUARE	122240	272
FOLD	1008	1023	1023	394365	394365	0	1665067
RAIL	20	109	55	952
CORRELATION	956	836	8176	12334
SQUARE	122368	272
FOLD	1009	1024	1024	394752	394752	0	1667054
RAIL	46	82	55	953
CORRELATION	957	838	8176	12334
SQUARE	122496	272
FOLD	1010	1025	1025	395136	395136	0	1667981
RAIL	46	83	55	954
CORRELATION	958	838	8176	12334
SQUARE	122624	272
FOLD	1011	1026	1026	395523	395523	0	1669061
RAIL	21	107	55	955
CORRELATION	959	838	8176	12334
SQUARE	122752	272
FOLD	1012	1027	1027	395907	395907	0	1669993
RAIL	21	108	55	956
CORRELATION	960	838	8176	12334
SQUARE	122880	272
FOLD	1013	1028	1028	396294	396294	0	1672731
RAIL	45	83	55	957
CORRELATION	961	840	8176	12334
SQUARE	123008	272
FOLD	1014	1029	1029	396678	396678	0	1675748
RAIL	45	84	55	958
CORRELATION	962	843	8176	12334
SQUARE	123136	272
FOLD	1015	1030	1030	397065	397065	0	1676636
RAIL	22	106	55	959
CORRELATION	963	843	8176	12334
SQUARE	123264	272
FOLD	1016	1031	1031	397449	397449	0	1677558
RAIL	22	107	55	960
CORRELATION	964	843	8176	12334
SQUARE	123392	272
FOLD	1017	1032	1032	397836	397836	0	1679003
RAIL	44	84	55	961
CORRELATION	965	844	8176	12334
SQUARE	123520	272
FOLD	1018	1033	1033	398220	398220	0	1680109
RAIL	44	85	55	962
CORRELATION	966	844	8176	12334
SQUARE	123648	272
FOLD	1019	1034	1034	398607	398607	0	1683155
RAIL	23	105	55	963
CORRELATION	967	846	8176	12334
SQUARE	123776	272
FOLD	1020	1035	1035	398991	398991	0	1686210
RAIL	23	106	55	964
CORRELATION	968	848	8176	12334
SQUARE	123904	272
FOLD	1021	1036	1036	399378	399378	0	1687205
RAIL	43	85	55	965
CORRELATION	969	848	8176	12334
SQUARE	124032	272
FOLD	1022	1037	1037	399762	399762	0	1689231
RAIL	43	86	55	966
CORRELATION	970	848	8176	12334
SQUARE	124160	272
FOLD	1023	1038	1038	400149	400149	0	1690288
RAIL	24	104	55	967
CORRELATION	971	848	8176	12334
SQUARE	124288	272
FOLD	1024	1039	1039	400533	400533	0	1691768
RAIL	24	105	55	968
CORRELATION	972	850	8176	12334
SQUARE	124416	272
FOLD	1025	1040	1040	400920	400920	0	1692749
RAIL	42	86	55	969
CORRELATION	973	850	8176	12334
SQUARE	124544	272
FOLD	1026	1041	1041	401304	401304	0	1693698
RAIL	42	87	55	970
CORRELATION	974	850	8176	12334
SQUARE	124672	272
FOLD	1027	1042	1042	401691	401691	0	1696100
RAIL	25	103	55	971
CORRELATION	975	851	8176	12334
SQUARE	124800	272
FOLD	1028	1043	1043	402075	402075	0	1699090
RAIL	25	104	55	972
CORRELATION	976	853	8176	12334
SQUARE	124928	272
FOLD	1029	1044	1044	402462	402462	0	1699967
RAIL	41	87	55	973
CORRELATION	977	853	8176	12334
SQUARE	125056	272
FOLD	1030	1045	1045	402846	402846	0	1703197
RAIL	41	88	55	974
CORRELATION	978	857	8176	12334
SQUARE	125184	272
FOLD	1031	1046	1046	403233	403233	0	1704064
RAIL	26	102	55	975
CORRELATION	979	857	8176	12334
SQUARE	125312	272
FOLD	1032	1047	1047	403617	403617	0	1705204
RAIL	26	103	55	976
CORRELATION	980	857	8176	12334
SQUARE	125440	272
FOLD	1033	1048	1048	404004	404004	0	1708081
RAIL	40	88	55	977
CORRELATION	981	859	8176	12334
SQUARE	125568	272
FOLD	1034	1049	1049	404388	404388	0	1710674
RAIL	40	89	55	978
CORRELATION	982	862	8176	12334
SQUARE	125696	272
FOLD	1035	1050	1050	404775	404775	0	1711863
RAIL	27	101	55	979
CORRELATION	983	862	8176	12334
SQUARE	125824	272
FOLD	1036	1051	1051	405159	405159	0	1713211
RAIL	27	102	55	980
CORRELATION	984	862	8176	12334
SQUARE	125952	272
FOLD	1037	1052	1052	405546	405546	0	1714260
RAIL	39	89	55	981
CORRELATION	985	862	8176	12334
SQUARE	126080	272
FOLD	1038	1053	1053	405930	405930	0	1715673
RAIL	39	90	55	982
CORRELATION	986	863	8176	12334
SQUARE	126208	272
FOLD	1039	1054	1054	406317	406317	0	1717368
RAIL	28	100	55	983
CORRELATION	987	865	8176	12334
SQUARE	126336	272
FOLD	1040	1055	1055	406701	406701	0	1718458
RAIL	28	101	55	984
CORRELATION	988	865	8176	12334
SQUARE	126464	272
FOLD	1041	1056	1056	407088	407088	0	1720219
RAIL	38	90	55	985
CORRELATION	989	868	8176	12334
SQUARE	126592	272
FOLD	1042	1057	1057	407472	407472	0	1721248
RAIL	38	91	55	986
CORRELATION	990	868	8176	12334
SQUARE	126720	272
FOLD	1043	1058	1058	407859	407859	0	1723824
RAIL	29	99	55	987
CORRELATION	991	870	8176	12334
SQUARE	126848	272
FOLD	1044	1059	1059	408243	408243	0	1725600
RAIL	29	100	55	988
CORRELATION	992	872	8176	12334
SQUARE	126976	272
FOLD	1045	1060	1060	408630	408630	0	1726687
RAIL	37	91	55	989
CORRELATION	993	872	8176	12334
SQUARE	127104	272
FOLD	1046	1061	1061	409014	409014	0	1727889
RAIL	37	92	55	990
CORRELATION	994	872	8176	12334
SQUARE	127232	272
FOLD	1047	1062	1062	409401	409401	0	1729522
RAIL	30	98	55	991
CORRELATION	995	874	8176	12334
SQUARE	127360	272
FOLD	1048	1063	1063	409785	409785	0	1730783
RAIL	30	99	55	992
CORRELATION	996	874	8176	12334
SQUARE	127488	272
FOLD	1049	1064	1064	410172	410172	0	1732307
RAIL	36	92	55	993
CORRELATION	997	875	8176	12334
SQUARE	127616	272
FOLD	1050	1065	1065	410556	410556	0	1734286
RAIL	36	93	55	994
CORRELATION	998	877	8176	12334
SQUARE	127744	272
FOLD	1051	1066	1066	410943	410943	0	1735810
RAIL	31	97	55	995
CORRELATION	999	878	8176	12334
SQUARE	127872	272
FOLD	1052	1067	1067	411327	411327	0	1738056
RAIL	31	98	55	996
CORRELATION	1000	880	8176	12334
SQUARE	128000	272
FOLD	1053	1068	1068	411714	411714	0	1739184
RAIL	35	93	55	997
CORRELATION	1001	880	8176	12334
SQUARE	128128	272
FOLD	1054	1069	1069	412098	412098	0	1740247
RAIL	35	94	55	998
CORRELATION	1002	880	8176	12334
SQUARE	128256	272
FOLD	1055	1070	1070	412485	412485	0	1741307
RAIL	32	96	55	999
CORRELATION	1003	880	8176	12334
SQUARE	128384	272
FOLD	1056	1071	1071	412869	412869	0	1742707
RAIL	32	97	55	1000
CORRELATION	1004	880	8176	12334
SQUARE	128512	272
FOLD	1057	1072	1072	413256	413256	0	1743928
RAIL	34	94	55	1001
CORRELATION	1005	880	8176	12334
SQUARE	128640	272
FOLD	1058	1073	1073	413640	413640	0	1747317
RAIL	34	95	55	1002
CORRELATION	1006	882	8176	12334
SQUARE	128768	272
FOLD	1059	1074	1074	414027	414027	0	1750534
RAIL	33	95	55	1003
CORRELATION	1007	884	8176	12334
SQUARE	128896	272
FOLD	1060	1075	1075	414411	414411	0	1751766
RAIL	33	96	55	1004
CORRELATION	1008	884	8176	12334
SQUARE	129024	272
FOLD	1061	1076	1076	414798	414798	0	1755486
RAIL	64	64	55	1005
CORRELATION	1011	888	8176	12334
SQUARE	129408	272
FOLD	1062	1077	1077	415182	415182	0	1756865
RAIL	64	65	55	1006
CORRELATION	1012	889	8176	12334
SQUARE	129536	272
FOLD	1063	1078	1078	415569	415569	0	1763954
RAIL	63	65	55	1007
CORRELATION	1015	893	8176	12334
SQUARE	129920	272
FOLD	1064	1079	1079	415953	415953	0	1765327
RAIL	63	66	55	1008
CORRELATION	1016	893	8176	12334
SQUARE	130048	272
FOLD	1065	1080	1080	416340	416340	0	1769984
RAIL	62	66	55	1009
CORRELATION	1019	896	8176	12334
SQUARE	130432	272
FOLD	1066	1081	1081	416724	416724	0	1772485
RAIL	62	67	55	1010
CORRELATION	1020	899	8176	12334
SQUARE	130560	272
FOLD	1067	1082	1082	417111	417111	0	1777784
RAIL	61	67	55	1011
CORRELATION	1023	903	8176	12334
SQUARE	130944	272
FOLD	1067	1082	1082	417111	417111	0	1778848
RAIL	61	67	55	1012
CORRELATION	1023	903	8176	12334
SQUARE	131072	272
FOLD	1067	1082	1082	417111	417111	0	1778897
RAIL	61	67	55	1012
CORRELATION	1024	903	8176	12334
SQUARE	131072	272
FOLD	1068	1083	1083	417495	417495	0	1778902
RAIL	61	68	55	1012
CORRELATION	1024	903	8176	12334
SQUARE	131072	272
FOLD	1069	1084	1084	417882	417882	0	1781302
RAIL	60	68	55	1013
CORRELATION	1027	903	8176	12334
SQUARE	131456	272
FOLD	1070	1085	1085	418266	418266	0	1784984
RAIL	60	69	55	1014
CORRELATION	1028	905	8176	12334
SQUARE	131584	272
FOLD	1071	1086	1086	418653	418653	0	1790235
RAIL	59	69	55	1015
CORRELATION	1031	910	8176	12334
SQUARE	131968	272
FOLD	1072	1087	1087	419037	419037	0	1791483
RAIL	59	70	55	1016
CORRELATION	1032	910	8176	12334
SQUARE	132096	272
FOLD	1073	1088	1088	419424	419424	0	1792702
RAIL	8	120	55	1017
CORRELATION	1033	910	8176	12334
SQUARE	132224	272
FOLD	1074	1089	1089	419808	419808	0	1794825
RAIL	8	121	55	1018
CORRELATION	1034	913	8176	12334
SQUARE	132352	272
FOLD	1075	1090	1090	420195	420195	0	1795937
RAIL	58	70	55	1019
CORRELATION	1035	913	8176	12334
SQUARE	132480	272
FOLD	1076	1091	1091	420579	420579	0	1797875
RAIL	58	71	55	1020
CORRELATION	1036	915	8176	12334
SQUARE	132608	272
FOLD	1077	1092	1092	420966	420966	0	1799493
RAIL	9	119	55	1021
CORRELATION	1037	917	8176	12334
SQUARE	132736	272
FOLD	1078	1093	1093	421350	421350	0	1800451
RAIL	9	120	55	1022
CORRELATION	1038	917	8176	12334
SQUARE	132864	272
FOLD	1079	1094	1094	421737	421737	0	1801653
RAIL	57	71	55	1023
CORRELATION	1039	917	8176	12334
SQUARE	132992	272
FOLD	1080	1095	1095	422121	422121	0	1806814
RAIL	57	72	55	1024
CORRELATION	1040	919	8176	12334
SQUARE	133120	272
FOLD	1081	1096	1096	422508	422508	0	1809514
RAIL	10	118	55	1025
CORRELATION	1041	921	8176	12334
SQUARE	133248	272
FOLD	1090	1097	1097	422892	422892	0	1821050
RAIL	12	117	59	1030
CORRELATION	1050	926	8176	12334
SQUARE	134400	272
FOLD	1091	1098	1098	423279	423279	0	1822410
RAIL	54	74	59	1031
CORRELATION	1051	926	8176	12334
SQUARE	134528	272
FOLD	1092	1099	1099	423663	423663	0	1823397
RAIL	54	75	59	1032
CORRELATION	1052	926	8176	12334
SQUARE	134656	272
FOLD	1093	1100	1100	424050	424050	0	1824458
RAIL	13	115	59	1033
CORRELATION	1053	926	8176	12334
SQUARE	134784	272
FOLD	1102	1101	1101	424434	424434	0	1840689
RAIL	15	114	63	1038
CORRELATION	1062	937	8176	12334
SQUARE	135936	272
FOLD	1103	1102	1102	424821	424821	0	1841951
RAIL	51	77	63	1039
CORRELATION	1063	940	8176	12334
SQUARE	136064	272
FOLD	1104	1103	1103	425205	425205	0	1842920
RAIL	51	78	63	1040
CORRELATION	1064	940	8176	12334
SQUARE	136192	272
FOLD	1105	1104	1104	425592	425592	0	1844307
RAIL	16	112	63	1041
CORRELATION	1065	941	8176	12334
SQUARE	136320	272
FOLD	1106	1105	1105	425976	425976	0	1845261
RAIL	16	113	63	1042
CORRELATION	1066	941	8176	12334
SQUARE	136448	272
FOLD	1107	1106	1106	426363	426363	0	1846533
RAIL	50	78	63	1043
CORRELATION	1067	943	8176	12334
SQUARE	136576	272
FOLD	1108	1107	1107	426747	426747	0	1847509
RAIL	50	79	63	1044
CORRELATION	1068	943	8176	12334
SQUARE	136704	272
FOLD	1109	1108	1108	427134	427134	0	1850756
RAIL	17	111	63	1045
CORRELATION	1069	945	8176	12334
SQUARE	136832	272
FOLD	1110	1109	1109	427518	427518	0	1853822
RAIL	17	112	63	1046
CORRELATION	1070	947	8176	12334
SQUARE	136960	272
FOLD	1111	1110	1110	427905	427905	0	1854859
RAIL	49	79	63	1047
CORRELATION	1071	947	8176	12334
SQUARE	137088	272
FOLD	1112	1111	1111	428289	428289	0	1855882
RAIL	49	80	63	1048
CORRELATION	1072	947	8176	12334
SQUARE	137216	272
FOLD	1113	1112	1112	428676	428676	0	1857395
RAIL	18	110	63	1049
CORRELATION	1073	948	8176	12334
SQUARE	137344	272
FOLD	1114	1113	1113	429060	429060	0	1858669
RAIL	18	111	63	1050
CORRELATION	1074	948	8176	12334
SQUARE	137472	272
FOLD	1115	1114	1114	429447	429447	0	1859703
RAIL	48	80	63	1051
CORRELATION	1075	948	8176	12334
SQUARE	137600	272
FOLD	1116	1115	1115	429831	429831	0	1862807
RAIL	48	81	63	1052
CORRELATION	1076	950	8176	12334
SQUARE	137728	272
FOLD	1117	1116	1116	430218	430218	0	1866025
RAIL	19	109	63	1053
CORRELATION	1077	953	8176	12334
SQUARE	137856	272
FOLD	1118	1117	1117	430602	430602	0	1868368
RAIL	19	110	63	1054
CORRELATION	1078	955	8176	12334
SQUARE	137984	272
FOLD	1119	1118	1118	430989	430989	0	1869290
RAIL	47	81	63	1055
CORRELATION	1079	955	8176	12334
SQUARE	138112	272
FOLD	1120	1119	1119	431373	431373	0	1871585
RAIL	47	82	63	1056
CORRELATION	1080	957	8176	12334
SQUARE	138240	272
FOLD	1121	1120	1120	431760	431760	0	1873983
RAIL	20	108	63	1057
CORRELATION	1081	959	8176	12334
SQUARE	138368	272
FOLD	1122	1121	1121	432144	432144	0	1875072
RAIL	20	109	63	1058
CORRELATION	1082	959	8176	12334
SQUARE	138496	272
FOLD	1123	1122	1122	432531	432531	0	1876443
RAIL	46	82	63	1059
CORRELATION	1083	960	8176	12334
SQUARE	138624	272
FOLD	1124	1123	1123	432915	432915	0	1877408
RAIL	46	83	63	1060
CORRELATION	1084	960	8176	12334
SQUARE	138752	272
FOLD	1125	1124	1124	433302	433302	0	1878446
RAIL	21	107	63	1061
CORRELATION	1085	960	8176	12334
SQUARE	138880	272
FOLD	1126	1125	1125	433686	433686	0	1879496
RAIL	21	108	63	1062
CORRELATION	1086	960	8176	12334
SQUARE	139008	272
FOLD	1127	1126	1126	434073	434073	0	1880337
RAIL	45	83	63	1063
CORRELATION	1087	960	8176	12334
SQUARE	139136	272
FOLD	1128	1127	1127	434457	434457	0	1882286
RAIL	45	84	63	1064
CORRELATION	1088	963	8176	12334
SQUARE	139264	272
FOLD	1129	1128	1128	434844	434844	0	1883895
RAIL	22	106	63	1065
CORRELATION	1089	963	8176	12334
SQUARE	139392	272
FOLD	1130	1129	1129	435228	435228	0	1887106
RAIL	22	107	63	1066
CORRELATION	1090	965	8176	12334
SQUARE	139520	272
FOLD	1131	1130	1130	435615	435615	0	1889117
RAIL	44	84	63	1067
CORRELATION	1091	965	8176	12334
SQUARE	139648	272
FOLD	1132	1131	1131	435999	435999	0	1891600
RAIL	44	85	63	1068
CORRELATION	1092	967	8176	12334
SQUARE	139776	272
FOLD	1133	1132	1132	436386	436386	0	1893774
RAIL	23	105	63	1069
CORRELATION	1093	969	8176	12334
SQUARE	139904	272
FOLD	1134	1133	1133	436770	436770	0	1894833
RAIL	23	106	63	1070
CORRELATION	1094	969	8176	12334
SQUARE	140032	272
FOLD	1135	1134	1134	437157	437157	0	1895668
RAIL	43	85	63	1071
CORRELATION	1095	969	8176	12334
SQUARE	140160	272
FOLD	1136	1135	1135	437541	437541	0	1896892
RAIL	43	86	63	1072
CORRELATION	1096	969	8176	12334
SQUARE	140288	272
FOLD	1137	1136	1136	437928	437928	0	1898947
RAIL	24	104	63	1073
CORRELATION	1097	971	8176	12334
SQUARE	140416	272
FOLD	1138	1137	1137	438312	438312	0	1900653
RAIL	24	105	63	1074
CORRELATION	1098	973	8176	12334
SQUARE	140544	272
FOLD	1139	1138	1138	438699	438699	0	1901483
RAIL	42	86	63	1075
CORRELATION	1099	973	8176	12334
SQUARE	140672	272
FOLD	1140	1139	1139	439083	439083	0	1902572
RAIL	42	87	63	1076
CORRELATION	1100	973	8176	12334
SQUARE	140800	272
FOLD	1141	1140	1140	439470	439470	0	1903963
RAIL	25	103	63	1077
CORRELATION	1101	973	8176	12334
SQUARE	140928	272
FOLD	1142	1141	1141	439854	439854	0	1905532
RAIL	25	104	63	1078
CORRELATION	1102	974	8176	12334
SQUARE	141056	272
FOLD	1143	1142	1142	440241	440241	0	1906639
RAIL	41	87	63	1079
CORRELATION	1103	974	8176	12334
SQUARE	141184	272
FOLD	1144	1143	1143	440625	440625	0	1910036
RAIL	41	88	63	1080
CORRELATION	1104	977	8176	12334
SQUARE	141312	272
FOLD	1145	1144	1144	441012	441012	0	1911003
RAIL	26	102	63	1081
CORRELATION	1105	977	8176	12334
SQUARE	141440	272
FOLD	1146	1145	1145	441396	441396	0	1912531
RAIL	26	103	63	1082
CORRELATION	1106	979	8176	12334
SQUARE	141568	272
FOLD	1147	1146	1146	441783	441783	0	1915699
RAIL	40	88	63	1083
CORRELATION	1107	981	8176	12334
SQUARE	141696	272
FOLD	1148	1147	1147	442167	442167	0	1916902
RAIL	40	89	63	1084
CORRELATION	1108	981	8176	12334
SQUARE	141824	272
FOLD	1149	1148	1148	442554	442554	0	1917963
RAIL	27	101	63	1085
CORRELATION	1109	983	8176	12334
SQUARE	141952	272
FOLD	1150	1149	1149	442938	442938	0	1918961
RAIL	27	102	63	1086
CORRELATION	1110	983	8176	12334
SQUARE	142080	272
FOLD	1151	1150	1150	443325	443325	0	1920452
RAIL	39	89	63	1087
CORRELATION	1111	986	8176	12334
SQUARE	142208	272
FOLD	1152	1151	1151	443709	443709	0	1921547
RAIL	39	90	63	1088
CORRELATION	1112	986	8176	12334
SQUARE	142336	272
FOLD	1153	1152	1152	444096	444096	0	1922509
RAIL	28	100	63	1089
CORRELATION	1113	986	8176	12334
SQUARE	142464	272
FOLD	1154	1153	1153	444480	444480	0	1923568
RAIL	28	101	63	1090
CORRELATION	1114	986	8176	12334
SQUARE	142592	272
FOLD	1155	1154	1154	444867	444867	0	1926588
RAIL	38	90	63	1091
CORRELATION	1115	989	8176	12334
SQUARE	142720	272
FOLD	1156	1155	1155	445251	445251	0	1927461
RAIL	38	91	63	1092
CORRELATION	1116	989	8176	12334
SQUARE	142848	272
FOLD	1157	1156	1156	445638	445638	0	1928454
RAIL	29	99	63	1093
CORRELATION	1117	989	8176	12334
SQUARE	142976	272
FOLD	1158	1157	1157	446022	446022	0	1929285
RAIL	29	100	63	1094
CORRELATION	1118	989	8176	12334
SQUARE	143104	272
FOLD	1159	1158	1158	446409	446409	0	1930361
RAIL	37	91	63	1095
CORRELATION	1119	989	8176	12334
SQUARE	143232	272
FOLD	1160	1159	1159	446793	446793	0	1933600
RAIL	37	92	63	1096
CORRELATION	1120	992	8176	12334
SQUARE	143360	272
FOLD	1161	1160	1160	447180	447180	0	1934852
RAIL	30	98	63	1097
CORRELATION	1121	992	8176	12334
SQUARE	143488	272
FOLD	1162	1161	1161	447564	447564	0	1937691
RAIL	30	99	63	1098
CORRELATION	1122	994	8176	12334
SQUARE	143616	272
FOLD	1163	1162	1162	447951	447951	0	1940092
RAIL	36	92	63	1099
CORRELATION	1123	996	8176	12334
SQUARE	143744	272
FOLD	1164	1163	1163	448335	448335	0	1940968
RAIL	36	93	63	1100
CORRELATION	1124	996	8176	12334
SQUARE	143872	272
FOLD	1165	1164	1164	448722	448722	0	1941849
RAIL	31	97	63	1101
CORRELATION	1125	996	8176	12334
SQUARE	144000	272
FOLD	1166	1165	1165	449106	449106	0	1942956
RAIL	31	98	63	1102
CORRELATION	1126	996	8176	12334
SQUARE	144128	272
FOLD	1167	1166	1166	449493	449493	0	1946623
RAIL	35	93	63	1103
CORRELATION	1127	999	8176	12334
SQUARE	144256	272
FOLD	1168	1167	1167	449877	449877	0	1947753
RAIL	35	94	63	1104
CORRELATION	1128	999	8176	12334
SQUARE	144384	272
FOLD	1169	1168	1168	450264	450264	0	1949590
RAIL	32	96	63	1105
CORRELATION	1129	1001	8176	12334
SQUARE	144512	272
FOLD	1170	1169	1169	450648	450648	0	1951536
RAIL	32	97	63	1106
CORRELATION	1130	1003	8176	12334
SQUARE	144640	272
FOLD	1171	1170	1170	451035	451035	0	1952370
RAIL	34	94	63	1107
CORRELATION	1131	1003	8176	12334
SQUARE	144768	272
FOLD	1172	1171	1171	451419	451419	0	1953197
RAIL	34	95	63	1108
CORRELATION	1132	1003	8176	12334
SQUARE	144896	272
FOLD	1173	1172	1172	451806	451806	0	1954092
RAIL	33	95	63	1109
CORRELATION	1133	1003	8176	12334
SQUARE	145024	272
FOLD	1174	1173	1173	452190	452190	0	1954947
RAIL	33	96	63	1110
CORRELATION	1134	1003	8176	12334
SQUARE	145152	272
FOLD	1175	1174	1174	452577	452577	0	1959276
RAIL	64	64	63	1111
CORRELATION	1137	1008	8176	12334
SQUARE	145536	272
FOLD	1176	1175	1175	452961	452961	0	1960167
RAIL	64	65	63	1112
CORRELATION	1138	1008	8176	12334
SQUARE	145664	272
FOLD	1177	1176	1176	453348	453348	0	1967261
RAIL	63	65	63	1113
CORRELATION	1141	1011	8176	12334
SQUARE	146048	272
FOLD	1178	1177	1177	453732	453732	0	1968602
RAIL	63	66	63	1114
CORRELATION	1142	1013	8176	12334
SQUARE	146176	272
FOLD	1179	1178	1178	454119	454119	0	1970900
RAIL	62	66	63	1115
CORRELATION	1145	1013	8176	12334
SQUARE	146560	272
FOLD	1180	1179	1179	454503	454503	0	1973025
RAIL	62	67	63	1116
CORRELATION	1146	1016	8176	12334
SQUARE	146688	272
FOLD	1181	1180	1180	454890	454890	0	1979245
RAIL	61	67	63	1117
CORRELATION	1149	1017	8176	12334
SQUARE	147072	272
FOLD	1182	1181	1181	455274	455274	0	1983002
RAIL	61	68	63	1118
CORRELATION	1150	1020	8176	12334
SQUARE	147200	272
FOLD	1183	1182	1182	455661	455661	0	1986529
RAIL	60	68	63	1119
CORRELATION	1153	1023	8176	12334
SQUARE	147584	272
FOLD	1184	1183	1183	456045	456045	0	1987511
RAIL	60	69	63	1120
CORRELATION	1154	1023	8176	12334
SQUARE	147712	272
FOLD	1185	1184	1184	456432	456432	0	1989859
RAIL	59	69	63	1121
CORRELATION	1157	1025	8176	12334
SQUARE	148096	272
FOLD	1186	1185	1185	456816	456816	0	1992264
RAIL	59	70	63	1122
CORRELATION	1158	1025	8176	12334
SQUARE	148224	272
FOLD	1187	1186	1186	457203	457203	0	1994171
RAIL	8	120	63	1123
CORRELATION	1159	1026	8176	12334
SQUARE	148352	272
FOLD	1192	1187	1187	457587	457587	0	2003371
RAIL	9	120	65	1126
CORRELATION	1164	1031	8176	12334
SQUARE	148992	272
FOLD	1193	1188	1188	457974	457974	0	2006532
RAIL	57	71	65	1127
CORRELATION	1165	1033	8176	12334
SQUARE	149120	272
FOLD	1194	1189	1189	458358	458358	0	2007446
RAIL	57	72	65	1128
CORRELATION	1166	1033	8176	12334
SQUARE	149248	272
FOLD	1195	1190	1190	458745	458745	0	2008775
RAIL	10	118	65	1129
CORRELATION	1167	1033	8176	12334
SQUARE	149376	272
FOLD	1196	1191	1191	459129	459129	0	2010795
RAIL	10	119	65	1130
CORRELATION	1168	1036	8176	12334
SQUARE	149504	272
FOLD	1197	1192	1192	459516	459516	0	2013030
RAIL	56	72	65	1131
CORRELATION	1169	1038	8176	12334
SQUARE	149632	272
FOLD	1198	1193	1193	459900	459900	0	2014002
RAIL	56	73	65	1132
CORRELATION	1170	1038	8176	12334
SQUARE	149760	272
FOLD	1199	1194	1194	460287	460287	0	2016123
RAIL	11	117	65	1133
CORRELATION	1171	1040	8176	12334
SQUARE	149888	272
FOLD	1208	1195	1195	460671	460671	0	2028575
RAIL	13	116	69	1138
CORRELATION	1180	1049	8176	12334
SQUARE	151040	272
FOLD	1209	1196	1196	461058	461058	0	2029568
RAIL	53	75	69	1139
CORRELATION	1181	1049	8176	12334
SQUARE	151168	272
FOLD	1210	1197	1197	461442	461442	0	2030624
RAIL	53	76	69	1140
CORRELATION	1182	1049	8176	12334
SQUARE	151296	272
FOLD	1211	1198	1198	461829	461829	0	2031751
RAIL	14	114	69	1141
CORRELATION	1183	1049	8176	12334
SQUARE	151424	272
FOLD	1220	1199	1199	462213	462213	0	2047919
RAIL	16	113	73	1146
CORRELATION	1192	1058	8176	12334
SQUARE	152576	272
FOLD	1221	1200	1200	462600	462600	0	2048959
RAIL	50	78	73	1147
CORRELATION	1193	1058	8176	12334
SQUARE	152704	272
FOLD	1222	1201	1201	462984	462984	0	2052603
RAIL	50	79	73	1148
CORRELATION	1194	1060	8176	12334
SQUARE	152832	272
FOLD	1223	1202	1202	463371	463371	0	2055850
RAIL	17	111	73	1149
CORRELATION	1195	1062	8176	12334
SQUARE	152960	272
FOLD	1224	1203	1203	463755	463755	0	2058131
RAIL	17	112	73	1150
CORRELATION	1196	1064	8176	12334
SQUARE	153088	272
FOLD	1225	1204	1204	464142	464142	0	2059106
RAIL	49	79	73	1151
CORRELATION	1197	1064	8176	12334
SQUARE	153216	272
FOLD	1226	1205	1205	464526	464526	0	2060008
RAIL	49	80	73	1152
CORRELATION	1198	1064	8176	12334
SQUARE	153344	274
FOLD	1227	1206	1206	464913	464913	0	2063196
RAIL	18	110	73	1153
CORRELATION	1199	1066	8176	12334
SQUARE	153472	274
FOLD	1228	1207	1207	465297	465297	0	2066576
RAIL	18	111	73	1154
CORRELATION	1200	1068	8176	12334
SQUARE	153600	274
FOLD	1229	1208	1208	465684	465684	0	2069867
RAIL	48	80	73	1155
CORRELATION	1201	1070	8176	12334
SQUARE	153728	274
FOLD	1230	1209	1209	466068	466068	0	2070837
RAIL	48	81	73	1156
CORRELATION	1202	1070	8176	12334
SQUARE	153856	274
FOLD	1231	1210	1210	466455	466455	0	2071857
RAIL	19	109	73	1157
CORRELATION	1203	1070	8176	12334
SQUARE	153984	274
FOLD	1232	1211	1211	466839	466839	0	2073202
RAIL	19	110	73	1158
CORRELATION	1204	1072	8176	12334
SQUARE	154112	274
FOLD	1233	1212	1212	467226	467226	0	2074212
RAIL	47	81	73	1159
CORRELATION	1205	1072	8176	12334
SQUARE	154240	274
FOLD	1234	1213	1213	467610	467610	0	2075153
RAIL	47	82	73	1160
CORRELATION	1206	1072	8176	12334
SQUARE	154368	274
FOLD	1235	1214	1214	467997	467997	0	2076054
RAIL	20	108	73	1161
CORRELATION	1207	1072	8176	12334
SQUARE	154496	274
FOLD	1236	1215	1215	468381	468381	0	2077017
RAIL	20	109	73	1162
CORRELATION	1208	1072	8176	12334
SQUARE	154624	274
FOLD	1237	1216	1216	468768	468768	0	2078040
RAIL	46	82	73	1163
CORRELATION	1209	1072	8176	12334
SQUARE	154752	274
FOLD	1238	1217	1217	469152	469152	0	2080172
RAIL	46	83	73	1164
CORRELATION	1210	1073	8176	12334
SQUARE	154880	274
FOLD	1239	1218	1218	469539	469539	0	2081222
RAIL	21	107	73	1165
CORRELATION	1211	1073	8176	12334
SQUARE	155008	274
FOLD	1240	1219	1219	469923	469923	0	2084592
RAIL	21	108	73	1166
CORRELATION	1212	1075	8176	12334
SQUARE	155136	274
FOLD	1241	1220	1220	470310	470310	0	2087875
RAIL	45	83	73	1167
CORRELATION	1213	1077	8176	12334
SQUARE	155264	274
FOLD	1242	1221	1221	470694	470694	0	2088824
RAIL	45	84	73	1168
CORRELATION	1214	1077	8176	12334
SQUARE	155392	274
FOLD	1243	1222	1222	471081	471081	0	2089716
RAIL	22	106	73	1169
CORRELATION	1215	1077	8176	12334
SQUARE	155520	274
FOLD	1244	1223	1223	471465	471465	0	2090799
RAIL	22	107	73	1170
CORRELATION	1216	1077	8176	12334
SQUARE	155648	274
FOLD	1245	1224	1224	471852	471852	0	2091643
RAIL	44	84	73	1171
CORRELATION	1217	1077	8176	12334
SQUARE	155776	274
FOLD	1246	1225	1225	472236	472236	0	2096063
RAIL	44	85	73	1172
CORRELATION	1218	1080	8176	12334
SQUARE	155904	274
FOLD	1247	1226	1226	472623	472623	0	2099349
RAIL	23	105	73	1173
CORRELATION	1219	1082	8176	12334
SQUARE	156032	274
FOLD	1248	1227	1227	473007	473007	0	2102858
RAIL	23	106	73	1174
CORRELATION	1220	1084	8176	12334
SQUARE	156160	274
FOLD	1249	1228	1228	473394	473394	0	2105964
RAIL	43	85	73	1175
CORRELATION	1221	1086	8176	12334
SQUARE	156288	274
FOLD	1250	1229	1229	473778	473778	0	2107344
RAIL	43	86	73	1176
CORRELATION	1222	1086	8176	12334
SQUARE	156416	274
FOLD	1251	1230	1230	474165	474165	0	2111683
RAIL	24	104	73	1177
CORRELATION	1223	1088	8176	12334
SQUARE	156544	274
FOLD	1252	1231	1231	474549	474549	0	2113709
RAIL	24	105	73	1178
CORRELATION	1224	1088	8176	12334
SQUARE	156672	274
FOLD	1253	1232	1232	474936	474936	0	2115565
RAIL	42	86	73	1179
CORRELATION	1225	1088	8176	12334
SQUARE	156800	274
FOLD	1254	1233	1233	475320	475320	0	2116643
RAIL	42	87	73	1180
CORRELATION	1226	1088	8176	12334
SQUARE	156928	274
FOLD	1255	1234	1234	475707	475707	0	2117912
RAIL	25	103	73	1181
CORRELATION	1227	1089	8176	12334
SQUARE	157056	274
FOLD	1256	1235	1235	476091	476091	0	2120503
RAIL	25	104	73	1182
CORRELATION	1228	1091	8176	12334
SQUARE	157184	274
FOLD	1257	1236	1236	476478	476478	0	2121385
RAIL	41	87	73	1183
CORRELATION	1229	1091	8176	12334
SQUARE	157312	274
FOLD	1258	1237	1237	476862	476862	0	2122423
RAIL	41	88	73	1184
CORRELATION	1230	1091	8176	12334
SQUARE	157440	274
FOLD	1259	1238	1238	477249	477249	0	2124546
RAIL	26	102	73	1185
CORRELATION	1231	1093	8176	12334
SQUARE	157568	274
FOLD	1260	1239	1239	477633	477633	0	2127938
RAIL	26	103	73	1186
CORRELATION	1232	1095	8176	12334
SQUARE	157696	274
FOLD	1261	1240	1240	478020	478020	0	2130127
RAIL	40	88	73	1187
CORRELATION	1233	1097	8176	12334
SQUARE	157824	274
FOLD	1262	1241	1241	478404	478404	0	2131049
RAIL	40	89	73	1188
CORRELATION	1234	1097	8176	12334
SQUARE	157952	274
FOLD	1263	1242	1242	478791	478791	0	2132101
RAIL	27	101	73	1189
CORRELATION	1235	1097	8176	12334
SQUARE	158080	274
FOLD	1264	1243	1243	479175	479175	0	2133000
RAIL	27	102	73	1190
CORRELATION	1236	1097	8176	12334
SQUARE	158208	274
FOLD	1265	1244	1244	479562	479562	0	2133876
RAIL	39	89	73	1191
CORRELATION	1237	1097	8176	12334
SQUARE	158336	274
FOLD	1266	1245	1245	479946	479946	0	2134953
RAIL	39	90	73	1192
CORRELATION	1238	1097	8176	12334
SQUARE	158464	274
FOLD	1267	1246	1246	480333	480333	0	2137887
RAIL	28	100	73	1193
CORRELATION	1239	1099	8176	12334
SQUARE	158592	274
FOLD	1268	1247	1247	480717	480717	0	2140195
RAIL	28	101	73	1194
CORRELATION	1240	1101	8176	12334
SQUARE	158720	274
FOLD	1269	1248	1248	481104	481104	0	2142144
RAIL	38	90	73	1195
CORRELATION	1241	1103	8176	12334
SQUARE	158848	274
FOLD	1270	1249	1249	481488	481488	0	2144177
RAIL	38	91	73	1196
CORRELATION	1242	1104	8176	12334
SQUARE	158976	274
FOLD	1271	1250	1250	481875	481875	0	2148452
RAIL	29	99	73	1197
CORRELATION	1243	1106	8176	12334
SQUARE	159104	274
FOLD	1272	1251	1251	482259	482259	0	2150242
RAIL	29	100	73	1198
CORRELATION	1244	1106	8176	12334
SQUARE	159232	274
FOLD	1273	1252	1252	482646	482646	0	2151918
RAIL	37	91	73	1199
CORRELATION	1245	1106	8176	12334
SQUARE	159360	274
FOLD	1274	1253	1253	483030	483030	0	2154202
RAIL	37	92	73	1200
CORRELATION	1246	1107	8176	12334
SQUARE	159488	274
FOLD	1275	1254	1254	483417	483417	0	2156061
RAIL	30	98	73	1201
CORRELATION	1247	1107	8176	12334
SQUARE	159616	274
FOLD	1276	1255	1255	483801	483801	0	2160283
RAIL	30	99	73	1202
CORRELATION	1248	1109	8176	12334
SQUARE	159744	274
FOLD	1277	1256	1256	484188	484188	0	2163031
RAIL	36	92	73	1203
CORRELATION	1249	1111	8176	12334
SQUARE	159872	274
FOLD	1278	1257	1257	484572	484572	0	2164039
RAIL	36	93	73	1204
CORRELATION	1250	1111	8176	12334
SQUARE	160000	274
FOLD	1279	1258	1258	484959	484959	0	2165310
RAIL	31	97	73	1205
CORRELATION	1251	1111	8176	12334
SQUARE	160128	274
FOLD	1280	1259	1259	485343	485343	0	2169398
RAIL	31	98	73	1206
CORRELATION	1252	1113	8176	12334
SQUARE	160256	274
FOLD	1281	1260	1260	485730	485730	0	2173111
RAIL	35	93	73	1207
CORRELATION	1253	1115	8176	12334
SQUARE	160384	274
FOLD	1282	1261	1261	486114	486114	0	2174305
RAIL	35	94	73	1208
CORRELATION	1254	1115	8176	12334
SQUARE	160512	274
FOLD	1283	1262	1262	486501	486501	0	2175590
RAIL	32	96	73	1209
CORRELATION	1255	1115	8176	12334
SQUARE	160640	274
FOLD	1284	1263	1263	486885	486885	0	2181320
RAIL	32	97	73	1210
CORRELATION	1256	1118	8176	12334
SQUARE	160768	274
FOLD	1285	1264	1264	487272	487272	0	2185125
RAIL	34	94	73	1211
CORRELATION	1257	1120	8176	12334
SQUARE	160896	274
FOLD	1286	1265	1265	487656	487656	0	2186286
RAIL	34	95	73	1212
CORRELATION	1258	1120	8176	12334
SQUARE	161024	274
FOLD	1287	1266	1266	488043	488043	0	2187318
RAIL	33	95	73	1213
CORRELATION	1259	1120	8176	12334
SQUARE	161152	274
FOLD	1288	1267	1267	488427	488427	0	2188287
RAIL	33	96	73	1214
CORRELATION	1260	1120	8176	12334
SQUARE	161280	274
FOLD	1289	1268	1268	488814	488814	0	2192133
RAIL	64	64	73	1215
CORRELATION	1263	1123	8176	12334
SQUARE	161664	274
FOLD	1290	1269	1269	489198	489198	0	2193737
RAIL	64	65	73	1216
CORRELATION	1264	1126	8176	12334
SQUARE	161792	274
FOLD	1291	1270	1270	489585	489585	0	2197607
RAIL	63	65	73	1217
CORRELATION	1267	1128	8176	12334
SQUARE	162176	274
FOLD	1292	1271	1271	489969	489969	0	2199816
RAIL	63	66	73	1218
CORRELATION	1268	1130	8176	12334
SQUARE	162304	274
FOLD	1293	1272	1272	490356	490356	0	2202550
RAIL	62	66	73	1219
CORRELATION	1271	1132	8176	12334
SQUARE	162688	274
FOLD	1294	1273	1273	490740	490740	0	2205883
RAIL	62	67	73	1220
CORRELATION	1272	1134	8176	12334
SQUARE	162816	274
FOLD	1295	1274	1274	491127	491127	0	2210827
RAIL	61	67	73	1221
CORRELATION	1275	1137	8176	12334
SQUARE	163200	274
FOLD	1296	1275	1275	491511	491511	0	2211951
RAIL	61	68	73	1222
CORRELATION	1276	1137	8176	12334
SQUARE	163328	274
FOLD	1297	1276	1276	491898	491898	0	2218949
RAIL	60	68	73	1223
CORRELATION	1279	1140	8176	12334
SQUARE	163712	274
FOLD	1298	1277	1277	492282	492282	0	2222723
RAIL	60	69	73	1224
CORRELATION	1280	1142	8176	12334
SQUARE	163840	274
FOLD	1299	1278	1278	492669	492669	0	2225540
RAIL	59	69	73	1225
CORRELATION	1283	1144	8176	12334
SQUARE	164224	274
FOLD	1300	1279	1279	493053	493053	0	2226583
RAIL	59	70	73	1226
CORRELATION	1284	1144	8176	12334
SQUARE	164352	274
FOLD	1301	1280	1280	493440	493440	0	2227571
RAIL	8	120	73	1227
CORRELATION	1285	1144	8176	12334
SQUARE	164480	274
FOLD	1310	1281	1281	493824	493824	0	2244630
RAIL	10	119	77	1232
CORRELATION	1294	1144	8176	12334
SQUARE	165632	274
FOLD	1311	1282	1282	494211	494211	0	2247449
RAIL	56	72	77	1233
CORRELATION	1295	1144	8176	12334
SQUARE	165760	274
FOLD	1312	1283	1283	494595	494595	0	2251511
RAIL	56	73	77	1234
CORRELATION	1296	1146	8176	12334
SQUARE	165888	274
FOLD	1313	1284	1284	494982	494982	0	2252521
RAIL	11	117	77	1235
CORRELATION	1297	1146	8176	12334
SQUARE	166016	274
FOLD	1314	1285	1285	495366	495366	0	2253378
RAIL	11	118	77	1236
CORRELATION	1298	1146	8176	12334
SQUARE	166144	274
FOLD	1315	1286	1286	495753	495753	0	2254383
RAIL	55	73	77	1237
CORRELATION	1299	1146	8176	12334
SQUARE	166272	274
FOLD	1316	1287	1287	496137	496137	0	2255332
RAIL	55	74	77	1238
CORRELATION	1300	1146	8176	12334
SQUARE	166400	274
FOLD	1317	1288	1288	496524	496524	0	2256470
RAIL	12	116	77	1239
CORRELATION	1301	1146	8176	12334
SQUARE	166528	274
FOLD	1326	1289	1289	496908	496908	0	2268019
RAIL	14	115	81	1244
CORRELATION	1310	1154	8176	12334
SQUARE	167680	274
FOLD	1327	1290	1290	497295	497295	0	2269080
RAIL	52	76	81	1245
CORRELATION	1311	1154	8176	12334
SQUARE	167808	274
FOLD	1328	1291	1291	497679	497679	0	2270259
RAIL	52	77	81	1246
CORRELATION	1312	1154	8176	12334
SQUARE	167936	274
FOLD	1329	1292	1292	498066	498066	0	2272744
RAIL	15	113	81	1247
CORRELATION	1313	1156	8176	12334
SQUARE	168064	274
FOLD	1338	1293	1293	498450	498450	0	2285411
RAIL	17	112	85	1252
CORRELATION	1322	1163	8176	12334
SQUARE	169216	274
FOLD	1339	1294	1294	498837	498837	0	2286931
RAIL	49	79	85	1253
CORRELATION	1323	1163	8176	12334
SQUARE	169344	274
FOLD	1340	1295	1295	499221	499221	0	2288112
RAIL	49	80	85	1254
CORRELATION	1324	1163	8176	12334
SQUARE	169472	274
FOLD	1341	1296	1296	499608	499608	0	2289340
RAIL	18	110	85	1255
CORRELATION	1325	1163	8176	12334
SQUARE	169600	274
FOLD	1342	1297	1297	499992	499992	0	2292000
RAIL	18	111	85	1256
CORRELATION	1326	1164	8176	12334
SQUARE	169728	274
FOLD	1343	1298	1298	500379	500379	0	2292943
RAIL	48	80	85	1257
CORRELATION	1327	1164	8176	12334
SQUARE	169856	274
FOLD	1344	1299	1299	500763	500763	0	2293884
RAIL	48	81	85	1258
CORRELATION	1328	1164	8176	12334
SQUARE	169984	274
FOLD	1345	1300	1300	501150	501150	0	2295028
RAIL	19	109	85	1259
CORRELATION	1329	1164	8176	12334
SQUARE	170112	274
FOLD	1346	1301	1301	501534	501534	0	2296304
RAIL	19	110	85	1260
CORRELATION	1330	1164	8176	12334
SQUARE	170240	274
FOLD	1347	1302	1302	501921	501921	0	2297272
RAIL	47	81	85	1261
CORRELATION	1331	1164	8176	12334
SQUARE	170368	274
FOLD	1348	1303	1303	502305	502305	0	2298581
RAIL	47	82	85	1262
CORRELATION	1332	1164	8176	12334
SQUARE	170496	274
FOLD	1349	1304	1304	502692	502692	0	2302437
RAIL	20	108	85	1263
CORRELATION	1333	1167	8176	12334
SQUARE	170624	274
FOLD	1350	1305	1305	503076	503076	0	2303718
RAIL	20	109	85	1264
CORRELATION	1334	1168	8176	12334
SQUARE	170752	274
FOLD	1351	1306	1306	503463	503463	0	2307105
RAIL	46	82	85	1265
CORRELATION	1335	1170	8176	12334
SQUARE	170880	274
FOLD	1352	1307	1307	503847	503847	0	2308101
RAIL	46	83	85	1266
CORRELATION	1336	1170	8176	12334
SQUARE	171008	274
FOLD	1353	1308	1308	504234	504234	0	2309142
RAIL	21	107	85	1267
CORRELATION	1337	1170	8176	12334
SQUARE	171136	274
FOLD	1354	1309	1309	504618	504618	0	2310183
RAIL	21	108	85	1268
CORRELATION	1338	1170	8176	12334
SQUARE	171264	274
FOLD	1355	1310	1310	505005	505005	0	2313144
RAIL	45	83	85	1269
CORRELATION	1339	1172	8176	12334
SQUARE	171392	274
FOLD	1356	1311	1311	505389	505389	0	2316165
RAIL	45	84	85	1270
CORRELATION	1340	1174	8176	12334
SQUARE	171520	274
FOLD	1357	1312	1312	505776	505776	0	2317112
RAIL	22	106	85	1271
CORRELATION	1341	1174	8176	12334
SQUARE	171648	274
FOLD	1358	1313	1313	506160	506160	0	2318253
RAIL	22	107	85	1272
CORRELATION	1342	1174	8176	12334
SQUARE	171776	274
FOLD	1359	1314	1314	506547	506547	0	2319314
RAIL	44	84	85	1273
CORRELATION	1343	1174	8176	12334
SQUARE	171904	274
FOLD	1360	1315	1315	506931	506931	0	2320490
RAIL	44	85	85	1274
CORRELATION	1344	1175	8176	12334
SQUARE	172032	274
FOLD	1361	1316	1316	507318	507318	0	2321792
RAIL	23	105	85	1275
CORRELATION	1345	1176	8176	12334
SQUARE	172160	274
FOLD	1362	1317	1317	507702	507702	0	2324641
RAIL	23	106	85	1276
CORRELATION	1346	1178	8176	12334
SQUARE	172288	274
FOLD	1363	1318	1318	508089	508089	0	2326862
RAIL	43	85	85	1277
CORRELATION	1347	1180	8176	12334
SQUARE	172416	274
FOLD	1364	1319	1319	508473	508473	0	2327865
RAIL	43	86	85	1278
CORRELATION	1348	1180	8176	12334
SQUARE	172544	274
FOLD	1365	1320	1320	508860	508860	0	2328897
RAIL	24	104	85	1279
CORRELATION	1349	1182	8176	12334
SQUARE	172672	274
FOLD	1366	1321	1321	509244	509244	0	2329967
RAIL	24	105	85	1280
CORRELATION	1350	1183	8176	12334
SQUARE	172800	274
FOLD	1367	1322	1322	509631	509631	0	2333011
RAIL	42	86	85	1281
CORRELATION	1351	1185	8176	12334
SQUARE	172928	274
FOLD	1368	1323	1323	510015	510015	0	2334154
RAIL	42	87	85	1282
CORRELATION	1352	1185	8176	12334
SQUARE	173056	274
FOLD	1369	1324	1324	510402	510402	0	2335605
RAIL	25	103	85	1283
CORRELATION	1353	1186	8176	12334
SQUARE	173184	274
FOLD	1370	1325	1325	510786	510786	0	2336978
RAIL	25	104	85	1284
CORRELATION	1354	1186	8176	12334
SQUARE	173312	274
FOLD	1371	1326	1326	511173	511173	0	2338102
RAIL	41	87	85	1285
CORRELATION	1355	1186	8176	12334
SQUARE	173440	274
FOLD	1372	1327	1327	511557	511557	0	2341135
RAIL	41	88	85	1286
CORRELATION	1356	1188	8176	12334
SQUARE	173568	274
FOLD	1373	1328	1328	511944	511944	0	2343767
RAIL	26	102	85	1287
CORRELATION	1357	1190	8176	12334
SQUARE	173696	274
FOLD	1374	1329	1329	512328	512328	0	2344836
RAIL	26	103	85	1288
CORRELATION	1358	1190	8176	12334
SQUARE	173824	274
FOLD	1375	1330	1330	512715	512715	0	2347924
RAIL	40	88	85	1289
CORRELATION	1359	1192	8176	12334
SQUARE	173952	274
FOLD	1376	1331	1331	513099	513099	0	2352899
RAIL	40	89	85	1290
CORRELATION	1360	1194	8176	12334
SQUARE	174080	274
FOLD	1377	1332	1332	513486	513486	0	2354629
RAIL	27	101	85	1291
CORRELATION	1361	1194	8176	12334
SQUARE	174208	274
FOLD	1378	1333	1333	513870	513870	0	2356474
RAIL	27	102	85	1292
CORRELATION	1362	1194	8176	12334
SQUARE	174336	274
FOLD	1379	1334	1334	514257	514257	0	2360243
RAIL	39	89	85	1293
CORRELATION	1363	1196	8176	12334
SQUARE	174464	274
FOLD	1380	1335	1335	514641	514641	0	2363415
RAIL	39	90	85	1294
CORRELATION	1364	1198	8176	12334
SQUARE	174592	274
FOLD	1381	1336	1336	515028	515028	0	2364430
RAIL	28	100	85	1295
CORRELATION	1365	1198	8176	12334
SQUARE	174720	274
FOLD	1382	1337	1337	515412	515412	0	2367799
RAIL	28	101	85	1296
CORRELATION	1366	1200	8176	12334
SQUARE	174848	274
FOLD	1383	1338	1338	515799	515799	0	2371221
RAIL	38	90	85	1297
CORRELATION	1367	1202	8176	12334
SQUARE	174976	274
FOLD	1384	1339	1339	516183	516183	0	2372107
RAIL	38	91	85	1298
CORRELATION	1368	1202	8176	12334
SQUARE	175104	274
FOLD	1385	1340	1340	516570	516570	0	2372977
RAIL	29	99	85	1299
CORRELATION	1369	1202	8176	12334
SQUARE	175232	274
FOLD	1386	1341	1341	516954	516954	0	2373962
RAIL	29	100	85	1300
CORRELATION	1370	1202	8176	12334
SQUARE	175360	274
FOLD	1387	1342	1342	517341	517341	0	2374889
RAIL	37	91	85	1301
CORRELATION	1371	1202	8176	12334
SQUARE	175488	274
FOLD	1388	1343	1343	517725	517725	0	2375872
RAIL	37	92	85	1302
CORRELATION	1372	1202	8176	12334
SQUARE	175616	274
FOLD	1389	1344	1344	518112	518112	0	2376825
RAIL	30	98	85	1303
CORRELATION	1373	1202	8176	12334
SQUARE	175744	274
FOLD	1390	1345	1345	518496	518496	0	2377866
RAIL	30	99	85	1304
CORRELATION	1374	1202	8176	12334
SQUARE	175872	274
FOLD	1391	1346	1346	518883	518883	0	2378860
RAIL	36	92	85	1305
CORRELATION	1375	1202	8176	12334
SQUARE	176000	274
FOLD	1392	1347	1347	519267	519267	0	2379819
RAIL	36	93	85	1306
CORRELATION	1376	1202	8176	12334
SQUARE	176128	274
FOLD	1393	1348	1348	519654	519654	0	2380714
RAIL	31	97	85	1307
CORRELATION	1377	1202	8176	12334
SQUARE	176256	274
FOLD	1394	1349	1349	520038	520038	0	2381888
RAIL	31	98	85	1308
CORRELATION	1378	1204	8176	12334
SQUARE	176384	274
FOLD	1395	1350	1350	520425	520425	0	2382847
RAIL	35	93	85	1309
CORRELATION	1379	1204	8176	12334
SQUARE	176512	274
FOLD	1396	1351	1351	520809	520809	0	2385313
RAIL	35	94	85	1310
CORRELATION	1380	1206	8176	12334
SQUARE	176640	274
FOLD	1397	1352	1352	521196	521196	0	2389013
RAIL	32	96	85	1311
CORRELATION	1381	1210	8176	12334
SQUARE	176768	274
FOLD	1398	1353	1353	521580	521580	0	2390012
RAIL	32	97	85	1312
CORRELATION	1382	1211	8176	12334
SQUARE	176896	274
FOLD	1399	1354	1354	521967	521967	0	2390972
RAIL	34	94	85	1313
CORRELATION	1383	1211	8176	12334
SQUARE	177024	274
FOLD	1400	1355	1355	522351	522351	0	2392086
RAIL	34	95	85	1314
CORRELATION	1384	1214	8176	12334
SQUARE	177152	274
FOLD	1401	1356	1356	522738	522738	0	2393118
RAIL	33	95	85	1315
CORRELATION	1385	1214	8176	12334
SQUARE	177280	274
FOLD	1402	1357	1357	523122	523122	0	2394314
RAIL	33	96	85	1316
CORRELATION	1386	1215	8176	12334
SQUARE	177408	274
FOLD	1403	1358	1358	523509	523509	0	2397908
RAIL	64	64	85	1317
CORRELATION	1389	1218	8176	12334
SQUARE	177792	274
FOLD	1404	1359	1359	523893	523893	0	2400677
RAIL	64	65	85	1318
CORRELATION	1390	1220	8176	12334
SQUARE	177920	274
FOLD	1405	1360	1360	524280	524280	0	2403289
RAIL	63	65	85	1319
CORRELATION	1393	1224	8176	12334
SQUARE	178304	274
FOLD	1406	1361	1361	524664	524664	0	2406615
RAIL	63	66	85	1320
CORRELATION	1394	1224	8176	12334
SQUARE	178432	274
FOLD	1407	1362	1362	525051	525051	0	2408641
RAIL	62	66	85	1321
CORRELATION	1397	1224	8176	12334
SQUARE	178816	274
FOLD	1408	1363	1363	525435	525435	0	2410806
RAIL	62	67	85	1322
CORRELATION	1398	1225	8176	12334
SQUARE	178944	274
FOLD	1409	1364	1364	525822	525822	0	2413590
RAIL	61	67	85	1323
CORRELATION	1401	1231	8176	12334
SQUARE	179328	274
FOLD	1410	1365	1365	526206	526206	0	2414718
RAIL	61	68	85	1324
CORRELATION	1402	1231	8176	12334
SQUARE	179456	274
FOLD	1411	1366	1366	526593	526593	0	2422896
RAIL	60	68	85	1325
CORRELATION	1405	1236	8176	12334
SQUARE	179840	274
FOLD	1412	1367	1367	526977	526977	0	2423953
RAIL	60	69	85	1326
CORRELATION	1406	1236	8176	12334
SQUARE	179968	274
FOLD	1413	1368	1368	527364	527364	0	2426602
RAIL	59	69	85	1327
CORRELATION	1409	1239	8176	12334
SQUARE	180352	274
FOLD	1414	1369	1369	527748	527748	0	2427687
RAIL	59	70	85	1328
CORRELATION	1410	1239	8176	12334
SQUARE	180480	274
FOLD	1415	1370	1370	528135	528135	0	2428693
RAIL	8	120	85	1329
CORRELATION	1411	1239	8176	12334
SQUARE	180608	274
FOLD	1416	1371	1371	528519	528519	0	2430989
RAIL	8	121	85	1330
CORRELATION	1412	1244	8176	12334
SQUARE	180736	274
FOLD	1417	1372	1372	528906	528906	0	2431940
RAIL	58	70	85	1331
CORRELATION	1413	1244	8176	12334
SQUARE	180864	274
FOLD	1418	1373	1373	529290	529290	0	2434596
RAIL	58	71	85	1332
CORRELATION	1414	1244	8176	12334
SQUARE	180992	274
FOLD	1419	1374	1374	529677	529677	0	2436924
RAIL	9	119	85	1333
CORRELATION	1415	1245	8176	12334
SQUARE	181120	274
FOLD	1428	1375	1375	530061	530061	0	2449069
RAIL	11	118	89	1338
CORRELATION	1424	1252	8176	12334
SQUARE	182272	274
FOLD	1429	1376	1376	530448	530448	0	2450286
RAIL	55	73	89	1339
CORRELATION	1425	1254	8176	12334
SQUARE	182400	274
FOLD	1430	1377	1377	530832	530832	0	2451575
RAIL	55	74	89	1340
CORRELATION	1426	1256	8176	12334
SQUARE	182528	274
FOLD	1431	1378	1378	531219	531219	0	2452738
RAIL	12	116	89	1341
CORRELATION	1427	1258	8176	12334
SQUARE	182656	274
FOLD	1432	1379	1379	531603	531603	0	2454335
RAIL	12	117	89	1342
CORRELATION	1428	1258	8176	12334
SQUARE	182784	274
FOLD	1433	1380	1380	531990	531990	0	2455585
RAIL	54	74	89	1343
CORRELATION	1429	1258	8176	12334
SQUARE	182912	274
FOLD	1434	1381	1381	532374	532374	0	2458026
RAIL	54	75	89	1344
CORRELATION	1430	1259	8176	12334
SQUARE	183040	274
FOLD	1435	1382	1382	532761	532761	0	2461535
RAIL	13	115	89	1345
CORRELATION	1431	1263	8176	12334
SQUARE	183168	274
FOLD	1444	1383	1383	533145	533145	0	2474501
RAIL	15	114	93	1350
CORRELATION	1440	1272	8176	12334
SQUARE	184320	274
FOLD	1445	1384	1384	533532	533532	0	2475396
RAIL	51	77	93	1351
CORRELATION	1441	1272	8176	12334
SQUARE	184448	274
FOLD	1446	1385	1385	533916	533916	0	2476462
RAIL	51	78	93	1352
CORRELATION	1442	1272	8176	12334
SQUARE	184576	274
FOLD	1447	1386	1386	534303	534303	0	2477576
RAIL	16	112	93	1353
CORRELATION	1443	1273	8176	12334
SQUARE	184704	274
FOLD	1456	1387	1387	534687	534687	0	2488260
RAIL	18	111	97	1358
CORRELATION	1452	1278	8176	12334
SQUARE	185856	274
FOLD	1457	1388	1388	535074	535074	0	2489983
RAIL	48	80	97	1359
CORRELATION	1453	1279	8176	12334
SQUARE	185984	274
FOLD	1458	1389	1389	535458	535458	0	2490992
RAIL	48	81	97	1360
CORRELATION	1454	1279	8176	12334
SQUARE	186112	274
FOLD	1459	1390	1390	535845	535845	0	2494402
RAIL	19	109	97	1361
CORRELATION	1455	1281	8176	12334
SQUARE	186240	274
FOLD	1460	1391	1391	536229	536229	0	2496147
RAIL	19	110	97	1362
CORRELATION	1456	1283	8176	12334
SQUARE	186368	274
FOLD	1461	1392	1392	536616	536616	0	2497165
RAIL	47	81	97	1363
CORRELATION	1457	1283	8176	12334
SQUARE	186496	274
FOLD	1462	1393	1393	537000	537000	0	2498853
RAIL	47	82	97	1364
CORRELATION	1458	1285	8176	12334
SQUARE	186624	274
FOLD	1463	1394	1394	537387	537387	0	2502524
RAIL	20	108	97	1365
CORRELATION	1459	1287	8176	12334
SQUARE	186752	274
FOLD	1464	1395	1395	537771	537771	0	2503393
RAIL	20	109	97	1366
CORRELATION	1460	1287	8176	12334
SQUARE	186880	274
FOLD	1465	1396	1396	538158	538158	0	2504388
RAIL	46	82	97	1367
CORRELATION	1461	1287	8176	12334
SQUARE	187008	274
FOLD	1466	1397	1397	538542	538542	0	2505293
RAIL	46	83	97	1368
CORRELATION	1462	1287	8176	12334
SQUARE	187136	274
FOLD	1467	1398	1398	538929	538929	0	2507404
RAIL	21	107	97	1369
CORRELATION	1463	1287	8176	12334
SQUARE	187264	274
FOLD	1468	1399	1399	539313	539313	0	2509425
RAIL	21	108	97	1370
CORRELATION	1464	1288	8176	12334
SQUARE	187392	274
FOLD	1469	1400	1400	539700	539700	0	2511679
RAIL	45	83	97	1371
CORRELATION	1465	1288	8176	12334
SQUARE	187520	274
FOLD	1470	1401	1401	540084	540084	0	2514999
RAIL	45	84	97	1372
CORRELATION	1466	1292	8176	12334
SQUARE	187648	274
FOLD	1471	1402	1402	540471	540471	0	2515901
RAIL	22	106	97	1373
CORRELATION	1467	1292	8176	12334
SQUARE	187776	274
FOLD	1472	1403	1403	540855	540855	0	2516960
RAIL	22	107	97	1374
CORRELATION	1468	1293	8176	12334
SQUARE	187904	274
FOLD	1473	1404	1404	541242	541242	0	2517845
RAIL	44	84	97	1375
CORRELATION	1469	1293	8176	12334
SQUARE	188032	274
FOLD	1474	1405	1405	541626	541626	0	2518880
RAIL	44	85	97	1376
CORRELATION	1470	1293	8176	12334
SQUARE	188160	274
FOLD	1475	1406	1406	542013	542013	0	2520064
RAIL	23	105	97	1377
CORRELATION	1471	1293	8176	12334
SQUARE	188288	274
FOLD	1476	1407	1407	542397	542397	0	2521556
RAIL	23	106	97	1378
CORRELATION	1472	1295	8176	12334
SQUARE	188416	274
FOLD	1477	1408	1408	542784	542784	0	2522905
RAIL	43	85	97	1379
CORRELATION	1473	1298	8176	12334
SQUARE	188544	274
FOLD	1478	1409	1409	543168	543168	0	2525096
RAIL	43	86	97	1380
CORRELATION	1474	1301	8176	12334
SQUARE	188672	274
FOLD	1479	1410	1410	543555	543555	0	2526219
RAIL	24	104	97	1381
CORRELATION	1475	1301	8176	12334
SQUARE	188800	274
FOLD	1480	1411	1411	543939	543939	0	2527216
RAIL	24	105	97	1382
CORRELATION	1476	1301	8176	12334
SQUARE	188928	274
FOLD	1481	1412	1412	544326	544326	0	2528304
RAIL	42	86	97	1383
CORRELATION	1477	1301	8176	12334
SQUARE	189056	274
FOLD	1482	1413	1413	544710	544710	0	2529447
RAIL	42	87	97	1384
CORRELATION	1478	1301	8176	12334
SQUARE	189184	274
FOLD	1483	1414	1414	545097	545097	0	2530580
RAIL	25	103	97	1385
CORRELATION	1479	1301	8176	12334
SQUARE	189312	274
FOLD	1484	1415	1415	545481	545481	0	2531977
RAIL	25	104	97	1386
CORRELATION	1480	1301	8176	12334
SQUARE	189440	274
FOLD	1485	1416	1416	545868	545868	0	2533286
RAIL	41	87	97	1387
CORRELATION	1481	1301	8176	12334
SQUARE	189568	274
FOLD	1486	1417	1417	546252	546252	0	2535285
RAIL	41	88	97	1388
CORRELATION	1482	1303	8176	12334
SQUARE	189696	274
FOLD	1487	1418	1418	546639	546639	0	2538818
RAIL	26	102	97	1389
CORRELATION	1483	1306	8176	12334
SQUARE	189824	274
FOLD	1488	1419	1419	547023	547023	0	2539993
RAIL	26	103	97	1390
CORRELATION	1484	1306	8176	12334
SQUARE	189952	274
FOLD	1489	1420	1420	547410	547410	0	2543037
RAIL	40	88	97	1391
CORRELATION	1485	1308	8176	12334
SQUARE	190080	274
FOLD	1490	1421	1421	547794	547794	0	2546891
RAIL	40	89	97	1392
CORRELATION	1486	1310	8176	12334
SQUARE	190208	274
FOLD	1491	1422	1422	548181	548181	0	2547899
RAIL	27	101	97	1393
CORRELATION	1487	1310	8176	12334
SQUARE	190336	274
FOLD	1492	1423	1423	548565	548565	0	2549378
RAIL	27	102	97	1394
CORRELATION	1488	1312	8176	12334
SQUARE	190464	274
FOLD	1493	1424	1424	548952	548952	0	2550333
RAIL	39	89	97	1395
CORRELATION	1489	1312	8176	12334
SQUARE	190592	274
FOLD	1494	1425	1425	549336	549336	0	2551317
RAIL	39	90	97	1396
CORRELATION	1490	1312	8176	12334
SQUARE	190720	274
FOLD	1495	1426	1426	549723	549723	0	2552532
RAIL	28	100	97	1397
CORRELATION	1491	1312	8176	12334
SQUARE	190848	274
FOLD	1496	1427	1427	550107	550107	0	2553480
RAIL	28	101	97	1398
CORRELATION	1492	1312	8176	12334
SQUARE	190976	274
FOLD	1497	1428	1428	550494	550494	0	2554700
RAIL	38	90	97	1399
CORRELATION	1493	1313	8176	12334
SQUARE	191104	274
FOLD	1498	1429	1429	550878	550878	0	2557787
RAIL	38	91	97	1400
CORRELATION	1494	1317	8176	12334
SQUARE	191232	274
FOLD	1499	1430	1430	551265	551265	0	2558723
RAIL	29	99	97	1401
CORRELATION	1495	1317	8176	12334
SQUARE	191360	274
FOLD	1500	1431	1431	551649	551649	0	2559722
RAIL	29	100	97	1402
CORRELATION	1496	1317	8176	12334
SQUARE	191488	274
FOLD	1501	1432	1432	552036	552036	0	2560959
RAIL	37	91	97	1403
CORRELATION	1497	1317	8176	12334
SQUARE	191616	274
FOLD	1502	1433	1433	552420	552420	0	2562022
RAIL	37	92	97	1404
CORRELATION	1498	1317	8176	12334
SQUARE	191744	274
FOLD	1503	1434	1434	552807	552807	0	2564531
RAIL	30	98	97	1405
CORRELATION	1499	1319	8176	12334
SQUARE	191872	274
FOLD	1504	1435	1435	553191	553191	0	2566630
RAIL	30	99	97	1406
CORRELATION	1500	1321	8176	12334
SQUARE	192000	274
FOLD	1505	1436	1436	553578	553578	0	2567752
RAIL	36	92	97	1407
CORRELATION	1501	1321	8176	12334
SQUARE	192128	274
FOLD	1506	1437	1437	553962	553962	0	2569784
RAIL	36	93	97	1408
CORRELATION	1502	1323	8176	12334
SQUARE	192256	274
FOLD	1507	1438	1438	554349	554349	0	2573246
RAIL	31	97	97	1409
CORRELATION	1503	1326	8176	12334
SQUARE	192384	274
FOLD	1508	1439	1439	554733	554733	0	2575032
RAIL	31	98	97	1410
CORRELATION	1504	1327	8176	12334
SQUARE	192512	274
FOLD	1509	1440	1440	555120	555120	0	2577935
RAIL	35	93	97	1411
CORRELATION	1505	1329	8176	12334
SQUARE	192640	274
FOLD	1510	1441	1441	555504	555504	0	2578930
RAIL	35	94	97	1412
CORRELATION	1506	1329	8176	12334
SQUARE	192768	274
FOLD	1511	1442	1442	555891	555891	0	2579858
RAIL	32	96	97	1413
CORRELATION	1507	1329	8176	12334
SQUARE	192896	274
FOLD	1512	1443	1443	556275	556275	0	2580862
RAIL	32	97	97	1414
CORRELATION	1508	1329	8176	12334
SQUARE	193024	274
FOLD	1513	1444	1444	556662	556662	0	2581795
RAIL	34	94	97	1415
CORRELATION	1509	1329	8176	12334
SQUARE	193152	274
FOLD	1514	1445	1445	557046	557046	0	2582798
RAIL	34	95	97	1416
CORRELATION	1510	1329	8176	12334
SQUARE	193280	274
FOLD	1515	1446	1446	557433	557433	0	2584944
RAIL	33	95	97	1417
CORRELATION	1511	1331	8176	12334
SQUARE	193408	274
FOLD	1516	1447	1447	557817	557817	0	2587466
RAIL	33	96	97	1418
CORRELATION	1512	1333	8176	12334
SQUARE	193536	274
FOLD	1517	1448	1448	558204	558204	0	2590888
RAIL	64	64	97	1419
CORRELATION	1515	1335	8176	12334
SQUARE	193920	274
FOLD	1518	1449	1449	558588	558588	0	2591977
RAIL	64	65	97	1420
CORRELATION	1516	1336	8176	12334
SQUARE	194048	274
FOLD	1519	1450	1450	558975	558975	0	2594335
RAIL	63	65	97	1421
CORRELATION	1519	1336	8176	12334
SQUARE	194432	274
FOLD	1520	1451	1451	559359	559359	0	2595430
RAIL	63	66	97	1422
CORRELATION	1520	1338	8176	12334
SQUARE	194560	274
FOLD	1521	1452	1452	559746	559746	0	2600327
RAIL	62	66	97	1423
CORRELATION	1523	1342	8176	12334
SQUARE	194944	274
FOLD	1522	1453	1453	560130	560130	0	2603767
RAIL	62	67	97	1424
CORRELATION	1524	1344	8176	12334
SQUARE	195072	274
FOLD	1523	1454	1454	560517	560517	0	2605674
RAIL	61	67	97	1425
CORRELATION	1527	1344	8176	12334
SQUARE	195456	274
FOLD	1524	1455	1455	560901	560901	0	2606947
RAIL	61	68	97	1426
CORRELATION	1528	1344	8176	12334
SQUARE	195584	274
FOLD	1525	1456	1456	561288	561288	0	2610462
RAIL	60	68	97	1427
CORRELATION	1531	1347	8176	12334
SQUARE	195968	274
FOLD	1526	1457	1457	561672	561672	0	2611484
RAIL	60	69	97	1428
CORRELATION	1532	1347	8176	12334
SQUARE	196096	274
FOLD	1527	1458	1458	562059	562059	0	2621581
RAIL	59	69	97	1429
CORRELATION	1535	1351	8176	12334
SQUARE	196480	274
FOLD	1528	1459	1459	562443	562443	0	2623030
RAIL	59	70	97	1430
CORRELATION	1536	1351	8176	12334
SQUARE	196608	274
FOLD	1529	1460	1460	562830	562830	0	2625455
RAIL	8	120	97	1431
CORRELATION	1537	1351	8176	12334
SQUARE	196736	274
FOLD	1534	1461	1461	563214	563214	0	2632362
RAIL	9	120	99	1434
CORRELATION	1542	1357	8176	12334
SQUARE	197376	274
FOLD	1535	1462	1462	563601	563601	0	2633366
RAIL	57	71	99	1435
CORRELATION	1543	1357	8176	12334
SQUARE	197504	274
FOLD	1536	1463	1463	563985	563985	0	2634470
RAIL	57	72	99	1436
CORRELATION	1544	1357	8176	12334
SQUARE	197632	274
FOLD	1537	1464	1464	564372	564372	0	2635531
RAIL	10	118	99	1437
CORRELATION	1545	1357	8176	12334
SQUARE	197760	274
FOLD	1546	1465	1465	564756	564756	0	2644905
RAIL	12	117	103	1442
CORRELATION	1554	1363	8176	12334
SQUARE	198912	274
FOLD	1547	1466	1466	565143	565143	0	2646140
RAIL	54	74	103	1443
CORRELATION	1555	1363	8176	12334
SQUARE	199040	274
FOLD	1548	1467	1467	565527	565527	0	2650214
RAIL	54	75	103	1444
CORRELATION	1556	1365	8176	12334
SQUARE	199168	274
FOLD	1549	1468	1468	565914	565914	0	2651203
RAIL	13	115	103	1445
CORRELATION	1557	1365	8176	12334
SQUARE	199296	274
FOLD	1550	1469	1469	566298	566298	0	2652570
RAIL	13	116	103	1446
CORRELATION	1558	1365	8176	12334
SQUARE	199424	274
FOLD	1551	1470	1470	566685	566685	0	2655229
RAIL	53	75	103	1447
CORRELATION	1559	1367	8176	12334
SQUARE	199552	274
FOLD	1552	1471	1471	567069	567069	0	2656834
RAIL	53	76	103	1448
CORRELATION	1560	1369	8176	12334
SQUARE	199680	274
FOLD	1553	1472	1472	567456	567456	0	2658023
RAIL	14	114	103	1449
CORRELATION	1561	1369	8176	12334
SQUARE	199808	274
FOLD	1562	1473	1473	567840	567840	0	2669024
RAIL	16	113	107	1454
CORRELATION	1570	1374	8176	12334
SQUARE	200960	274
FOLD	1563	1474	1474	568227	568227	0	2670381
RAIL	50	78	107	1455
CORRELATION	1571	1374	8176	12334
SQUARE	201088	274
FOLD	1564	1475	1475	568611	568611	0	2674110
RAIL	50	79	107	1456
CORRELATION	1572	1379	8176	12334
SQUARE	201216	274
FOLD	1565	1476	1476	568998	568998	0	2675043
RAIL	17	111	107	1457
CORRELATION	1573	1379	8176	12334
SQUARE	201344	274
FOLD	1574	1477	1477	569382	569382	0	2687779
RAIL	19	110	111	1462
CORRELATION	1582	1385	8176	12334
SQUARE	202496	274
FOLD	1575	1478	1478	569769	569769	0	2689110
RAIL	47	81	111	1463
CORRELATION	1583	1385	8176	12334
SQUARE	202624	274
FOLD	1576	1479	1479	570153	570153	0	2691433
RAIL	47	82	111	1464
CORRELATION	1584	1385	8176	12334
SQUARE	202752	274
FOLD	1577	1480	1480	570540	570540	0	2694400
RAIL	20	108	111	1465
CORRELATION	1585	1388	8176	12334
SQUARE	202880	274
FOLD	1578	1481	1481	570924	570924	0	2697879
RAIL	20	109	111	1466
CORRELATION	1586	1389	8176	12334
SQUARE	203008	274
FOLD	1579	1482	1482	571311	571311	0	2701252
RAIL	46	82	111	1467
CORRELATION	1587	1391	8176	12334
SQUARE	203136	274
FOLD	1580	1483	1483	571695	571695	0	2702318
RAIL	46	83	111	1468
CORRELATION	1588	1391	8176	12334
SQUARE	203264	274
FOLD	1581	1484	1484	572082	572082	0	2704636
RAIL	21	107	111	1469
CORRELATION	1589	1392	8176	12334
SQUARE	203392	274
FOLD	1582	1485	1485	572466	572466	0	2707365
RAIL	21	108	111	1470
CORRELATION	1590	1394	8176	12334
SQUARE	203520	274
FOLD	1583	1486	1486	572853	572853	0	2708354
RAIL	45	83	111	1471
CORRELATION	1591	1394	8176	12334
SQUARE	203648	274
FOLD	1584	1487	1487	573237	573237	0	2712262
RAIL	45	84	111	1472
CORRELATION	1592	1397	8176	12334
SQUARE	203776	274
FOLD	1585	1488	1488	573624	573624	0	2713430
RAIL	22	106	111	1473
CORRELATION	1593	1397	8176	12334
SQUARE	203904	274
FOLD	1586	1489	1489	574008	574008	0	2714674
RAIL	22	107	111	1474
CORRELATION	1594	1397	8176	12334
SQUARE	204032	274
FOLD	1587	1490	1490	574395	574395	0	2722282
RAIL	44	84	111	1475
CORRELATION	1595	1401	8176	12334
SQUARE	204160	274
FOLD	1588	1491	1491	574779	574779	0	2723351
RAIL	44	85	111	1476
CORRELATION	1596	1401	8176	12334
SQUARE	204288	274
FOLD	1589	1492	1492	575166	575166	0	2724598
RAIL	23	105	111	1477
CORRELATION	1597	1401	8176	12334
SQUARE	204416	274
FOLD	1590	1493	1493	575550	575550	0	2731230
RAIL	23	106	111	1478
CORRELATION	1598	1404	8176	12334
SQUARE	204544	274
FOLD	1591	1494	1494	575937	575937	0	2734804
RAIL	43	85	111	1479
CORRELATION	1599	1405	8176	12334
SQUARE	204672	274
FOLD	1592	1495	1495	576321	576321	0	2737653
RAIL	43	86	111	1480
CORRELATION	1600	1406	8176	12334
SQUARE	204800	274
FOLD	1593	1496	1496	576708	576708	0	2740772
RAIL	24	104	111	1481
CORRELATION	1601	1408	8176	12334
SQUARE	204928	274
FOLD	1594	1497	1497	577092	577092	0	2741703
RAIL	24	105	111	1482
CORRELATION	1602	1408	8176	12334
SQUARE	205056	274
FOLD	1595	1498	1498	577479	577479	0	2742670
RAIL	42	86	111	1483
CORRELATION	1603	1408	8176	12334
SQUARE	205184	274
FOLD	1596	1499	1499	577863	577863	0	2743699
RAIL	42	87	111	1484
CORRELATION	1604	1408	8176	12334
SQUARE	205312	274
FOLD	1597	1500	1500	578250	578250	0	2745020
RAIL	25	103	111	1485
CORRELATION	1605	1409	8176	12334
SQUARE	205440	274
FOLD	1598	1501	1501	578634	578634	0	2746279
RAIL	25	104	111	1486
CORRELATION	1606	1409	8176	12334
SQUARE	205568	274
FOLD	1599	1502	1502	579021	579021	0	2751827
RAIL	41	87	111	1487
CORRELATION	1607	1412	8176	12334
SQUARE	205696	274
FOLD	1600	1503	1503	579405	579405	0	2752896
RAIL	41	88	111	1488
CORRELATION	1608	1412	8176	12334
SQUARE	205824	274
FOLD	1601	1504	1504	579792	579792	0	2754249
RAIL	26	102	111	1489
CORRELATION	1609	1412	8176	12334
SQUARE	205952	274
FOLD	1602	1505	1505	580176	580176	0	2756939
RAIL	26	103	111	1490
CORRELATION	1610	1414	8176	12334
SQUARE	206080	274
FOLD	1603	1506	1506	580563	580563	0	2759010
RAIL	40	88	111	1491
CORRELATION	1611	1416	8176	12334
SQUARE	206208	274
FOLD	1604	1507	1507	580947	580947	0	2760289
RAIL	40	89	111	1492
CORRELATION	1612	1416	8176	12334
SQUARE	206336	274
FOLD	1605	1508	1508	581334	581334	0	2762945
RAIL	27	101	111	1493
CORRELATION	1613	1418	8176	12334
SQUARE	206464	274
FOLD	1606	1509	1509	581718	581718	0	2765609
RAIL	27	102	111	1494
CORRELATION	1614	1420	8176	12334
SQUARE	206592	274
FOLD	1607	1510	1510	582105	582105	0	2766958
RAIL	39	89	111	1495
CORRELATION	1615	1420	8176	12334
SQUARE	206720	274
FOLD	1608	1511	1511	582489	582489	0	2767967
RAIL	39	90	111	1496
CORRELATION	1616	1420	8176	12334
SQUARE	206848	274
FOLD	1609	1512	1512	582876	582876	0	2770157
RAIL	28	100	111	1497
CORRELATION	1617	1421	8176	12334
SQUARE	206976	274
FOLD	1610	1513	1513	583260	583260	0	2772960
RAIL	28	101	111	1498
CORRELATION	1618	1422	8176	12334
SQUARE	207104	274
FOLD	1611	1514	1514	583647	583647	0	2775132
RAIL	38	90	111	1499
CORRELATION	1619	1424	8176	12334
SQUARE	207232	274
FOLD	1612	1515	1515	584031	584031	0	2777426
RAIL	38	91	111	1500
CORRELATION	1620	1425	8176	12334
SQUARE	207360	274
FOLD	1613	1516	1516	584418	584418	0	2778421
RAIL	29	99	111	1501
CORRELATION	1621	1425	8176	12334
SQUARE	207488	274
FOLD	1614	1517	1517	584802	584802	0	2783578
RAIL	29	100	111	1502
CORRELATION	1622	1429	8176	12334
SQUARE	207616	274
FOLD	1615	1518	1518	585189	585189	0	2784549
RAIL	37	91	111	1503
CORRELATION	1623	1429	8176	12334
SQUARE	207744	274
FOLD	1616	1519	1519	585573	585573	0	2785603
RAIL	37	92	111	1504
CORRELATION	1624	1429	8176	12334
SQUARE	207872	274
FOLD	1617	1520	1520	585960	585960	0	2786666
RAIL	30	98	111	1505
CORRELATION	1625	1429	8176	12334
SQUARE	208000	274
FOLD	1618	1521	1521	586344	586344	0	2787921
RAIL	30	99	111	1506
CORRELATION	1626	1430	8176	12334
SQUARE	208128	274
FOLD	1619	1522	1522	586731	586731	0	2788867
RAIL	36	92	111	1507
CORRELATION	1627	1430	8176	12334
SQUARE	208256	274
FOLD	1620	1523	1523	587115	587115	0	2789871
RAIL	36	93	111	1508
CORRELATION	1628	1430	8176	12334
SQUARE	208384	274
FOLD	1621	1524	1524	587502	587502	0	2791206
RAIL	31	97	111	1509
CORRELATION	1629	1432	8176	12334
SQUARE	208512	274
FOLD	1622	1525	1525	587886	587886	0	2792134
RAIL	31	98	111	1510
CORRELATION	1630	1432	8176	12334
SQUARE	208640	274
FOLD	1623	1526	1526	588273	588273	0	2794023
RAIL	35	93	111	1511
CORRELATION	1631	1434	8176	12334
SQUARE	208768	274
FOLD	1624	1527	1527	588657	588657	0	2797002
RAIL	35	94	111	1512
CORRELATION	1632	1436	8176	12334
SQUARE	208896	274
FOLD	1625	1528	1528	589044	589044	0	2798292
RAIL	32	96	111	1513
CORRELATION	1633	1436	8176	12334
SQUARE	209024	274
FOLD	1626	1529	1529	589428	589428	0	2800122
RAIL	32	97	111	1514
CORRELATION	1634	1437	8176	12334
SQUARE	209152	274
FOLD	1627	1530	1530	589815	589815	0	2801935
RAIL	34	94	111	1515
CORRELATION	1635	1438	8176	12334
SQUARE	209280	274
FOLD	1628	1531	1531	590199	590199	0	2803046
RAIL	34	95	111	1516
CORRELATION	1636	1438	8176	12334
SQUARE	209408	274
FOLD	1629	1532	1532	590586	590586	0	2805804
RAIL	33	95	111	1517
CORRELATION	1637	1441	8176	12334
SQUARE	209536	274
FOLD	1630	1533	1533	590970	590970	0	2806804
RAIL	33	96	111	1518
CORRELATION	1638	1441	8176	12334
SQUARE	209664	274
FOLD	1631	1534	1534	591357	591357	0	2810872
RAIL	64	64	111	1519
CORRELATION	1641	1446	8176	12334
SQUARE	210048	274
FOLD	1632	1535	1535	591741	591741	0	2812224
RAIL	64	65	111	1520
CORRELATION	1642	1446	8176	12334
SQUARE	210176	274
FOLD	1633	1536	1536	592128	592128	0	2817480
RAIL	63	65	111	1521
CORRELATION	1645	1448	8176	12334
SQUARE	210560	274
FOLD	1634	1537	1537	592512	592512	0	2819224
RAIL	63	66	111	1522
CORRELATION	1646	1449	8176	12334
SQUARE	210688	274
FOLD	1635	1538	1538	592899	592899	0	2822557
RAIL	62	66	111	1523
CORRELATION	1649	1453	8176	12334
SQUARE	211072	274
FOLD	1636	1539	1539	593283	593283	0	2824681
RAIL	62	67	111	1524
CORRELATION	1650	1455	8176	12334
SQUARE	211200	274
FOLD	1637	1540	1540	593670	593670	0	2830011
RAIL	61	67	111	1525
CORRELATION	1653	1460	8176	12334
SQUARE	211584	274
FOLD	1638	1541	1541	594054	594054	0	2831187
RAIL	61	68	111	1526
CORRELATION	1654	1460	8176	12334
SQUARE	211712	274
FOLD	1639	1542	1542	594441	594441	0	2834273
RAIL	60	68	111	1527
CORRELATION	1657	1460	8176	12334
SQUARE	212096	274
FOLD	1640	1543	1543	594825	594825	0	2835251
RAIL	60	69	111	1528
CORRELATION	1658	1460	8176	12334
SQUARE	212224	274
FOLD	1641	1544	1544	595212	595212	0	2837527
RAIL	59	69	111	1529
CORRELATION	1661	1461	8176	12334
SQUARE	212608	274
FOLD	1642	1545	1545	595596	595596	0	2838473
RAIL	59	70	111	1530
CORRELATION	1662	1461	8176	12334
SQUARE	212736	274
FOLD	1643	1546	1546	595983	595983	0	2840070
RAIL	8	120	111	1531
CORRELATION	1663	1461	8176	12334
SQUARE	212864	274
FOLD	1652	1547	1547	596367	596367	0	2865571
RAIL	10	119	115	1536
CORRELATION	1672	1470	8176	12334
SQUARE	214016	274
FOLD	1653	1548	1548	596754	596754	0	2866620
RAIL	56	72	115	1537
CORRELATION	1673	1470	8176	12334
SQUARE	214144	274
FOLD	1654	1549	1549	597138	597138	0	2867582
RAIL	56	73	115	1538
CORRELATION	1674	1470	8176	12334
SQUARE	214272	274
FOLD	1655	1550	1550	597525	597525	0	2869056
RAIL	11	117	115	1539
CORRELATION	1675	1470	8176	12334
SQUARE	214400	274
FOLD	1664	1551	1551	597909	597909	0	2882234
RAIL	13	116	119	1544
CORRELATION	1684	1474	8176	12334
SQUARE	215552	274
FOLD	1665	1552	1552	598296	598296	0	2884555
RAIL	53	75	119	1545
CORRELATION	1685	1476	8176	12334
SQUARE	215680	274
FOLD	1666	1553	1553	598680	598680	0	2885491
RAIL	53	76	119	1546
CORRELATION	1686	1476	8176	12334
SQUARE	215808	274
FOLD	1667	1554	1554	599067	599067	0	2886633
RAIL	14	114	119	1547
CORRELATION	1687	1476	8176	12334
SQUARE	215936	274
FOLD	1668	1555	1555	599451	599451	0	2887474
RAIL	14	115	119	1548
CORRELATION	1688	1476	8176	12334
SQUARE	216064	274
FOLD	1669	1556	1556	599838	599838	0	2889177
RAIL	52	76	119	1549
CORRELATION	1689	1478	8176	12334
SQUARE	216192	274
FOLD	1670	1557	1557	600222	600222	0	2891253
RAIL	52	77	119	1550
CORRELATION	1690	1480	8176	12334
SQUARE	216320	274
FOLD	1671	1558	1558	600609	600609	0	2893988
RAIL	15	113	119	1551
CORRELATION	1691	1482	8176	12334
SQUARE	216448	274
FOLD	1680	1559	1559	600993	600993	0	2904934
RAIL	17	112	123	1556
CORRELATION	1700	1488	8176	12334
SQUARE	217600	274
FOLD	1681	1560	1560	601380	601380	0	2905837
RAIL	49	79	123	1557
CORRELATION	1701	1488	8176	12334
SQUARE	217728	274
FOLD	1682	1561	1561	601764	601764	0	2906827
RAIL	49	80	123	1558
CORRELATION	1702	1488	8176	12334
SQUARE	217856	274
FOLD	1683	1562	1562	602151	602151	0	2907843
RAIL	18	110	123	1559
CORRELATION	1703	1488	8176	12334
SQUARE	217984	274
FOLD	1692	1563	1563	602535	602535	0	2918018
RAIL	20	109	127	1564
CORRELATION	1712	1495	8176	12334
SQUARE	219136	274
FOLD	1693	1564	1564	602922	602922	0	2919109
RAIL	46	82	127	1565
CORRELATION	1713	1495	8176	12334
SQUARE	219264	274
FOLD	1694	1565	1565	603306	603306	0	2920370
RAIL	46	83	127	1566
CORRELATION	1714	1498	8176	12334
SQUARE	219392	274
FOLD	1695	1566	1566	603693	603693	0	2921637
RAIL	21	107	127	1567
CORRELATION	1715	1499	8176	12334
SQUARE	219520	274
FOLD	1696	1567	1567	604077	604077	0	2922726
RAIL	21	108	127	1568
CORRELATION	1716	1499	8176	12334
SQUARE	219648	274
FOLD	1697	1568	1568	604464	604464	0	2923874
RAIL	45	83	127	1569
CORRELATION	1717	1501	8176	12334
SQUARE	219776	274
FOLD	1698	1569	1569	604848	604848	0	2925422
RAIL	45	84	127	1570
CORRELATION	1718	1503	8176	12334
SQUARE	219904	274
FOLD	1699	1570	1570	605235	605235	0	2926663
RAIL	22	106	127	1571
CORRELATION	1719	1503	8176	12334
SQUARE	220032	274
FOLD	1700	1571	1571	605619	605619	0	2927641
RAIL	22	107	127	1572
CORRELATION	1720	1503	8176	12334
SQUARE	220160	274
FOLD	1701	1572	1572	606006	606006	0	2928645
RAIL	44	84	127	1573
CORRELATION	1721	1503	8176	12334
SQUARE	220288	274
FOLD	1702	1573	1573	606390	606390	0	2930206
RAIL	44	85	127	1574
CORRELATION	1722	1506	8176	12334
SQUARE	220416	274
FOLD	1703	1574	1574	606777	606777	0	2931223
RAIL	23	105	127	1575
CORRELATION	1723	1507	8176	12334
SQUARE	220544	274
FOLD	1704	1575	1575	607161	607161	0	2932411
RAIL	23	106	127	1576
CORRELATION	1724	1510	8176	12334
SQUARE	220672	274
FOLD	1705	1576	1576	607548	607548	0	2933321
RAIL	43	85	127	1577
CORRELATION	1725	1510	8176	12334
SQUARE	220800	274
FOLD	1706	1577	1577	607932	607932	0	2934272
RAIL	43	86	127	1578
CORRELATION	1726	1510	8176	12334
SQUARE	220928	274
FOLD	1707	1578	1578	608319	608319	0	2935224
RAIL	24	104	127	1579
CORRELATION	1727	1510	8176	12334
SQUARE	221056	274
FOLD	1708	1579	1579	608703	608703	0	2936442
RAIL	24	105	127	1580
CORRELATION	1728	1510	8176	12334
SQUARE	221184	274
FOLD	1709	1580	1580	609090	609090	0	2937549
RAIL	42	86	127	1581
CORRELATION	1729	1512	8176	12334
SQUARE	221312	274
FOLD	1710	1581	1581	609474	609474	0	2939122
RAIL	42	87	127	1582
CORRELATION	1730	1513	8176	12334
SQUARE	221440	274
FOLD	1711	1582	1582	609861	609861	0	2941026
RAIL	25	103	127	1583
CORRELATION	1731	1515	8176	12334
SQUARE	221568	274
FOLD	1712	1583	1583	610245	610245	0	2942204
RAIL	25	104	127	1584
CORRELATION	1732	1515	8176	12334
SQUARE	221696	274
FOLD	1713	1584	1584	610632	610632	0	2943987
RAIL	41	87	127	1585
CORRELATION	1733	1517	8176	12334
SQUARE	221824	274
FOLD	1714	1585	1585	611016	611016	0	2945083
RAIL	41	88	127	1586
CORRELATION	1734	1517	8176	12334
SQUARE	221952	274
FOLD	1715	1586	1586	611403	611403	0	2946459
RAIL	26	102	127	1587
CORRELATION	1735	1518	8176	12334
SQUARE	222080	274
FOLD	1716	1587	1587	611787	611787	0	2950039
RAIL	26	103	127	1588
CORRELATION	1736	1521	8176	12334
SQUARE	222208	274
FOLD	1717	1588	1588	612174	612174	0	2951005
RAIL	40	88	127	1589
CORRELATION	1737	1521	8176	12334
SQUARE	222336	274
FOLD	1718	1589	1589	612558	612558	0	2952050
RAIL	40	89	127	1590
CORRELATION	1738	1521	8176	12334
SQUARE	222464	274
FOLD	1719	1590	1590	612945	612945	0	2952992
RAIL	27	101	127	1591
CORRELATION	1739	1521	8176	12334
SQUARE	222592	274
FOLD	1720	1591	1591	613329	613329	0	2954005
RAIL	27	102	127	1592
CORRELATION	1740	1521	8176	12334
SQUARE	222720	274
FOLD	1721	1592	1592	613716	613716	0	2955427
RAIL	39	89	127	1593
CORRELATION	1741	1522	8176	12334
SQUARE	222848	274
FOLD	1722	1593	1593	614100	614100	0	2956450
RAIL	39	90	127	1594
CORRELATION	1742	1522	8176	12334
SQUARE	222976	274
FOLD	1723	1594	1594	614487	614487	0	2957570
RAIL	28	100	127	1595
CORRELATION	1743	1522	8176	12334
SQUARE	223104	274
FOLD	1724	1595	1595	614871	614871	0	2958729
RAIL	28	101	127	1596
CORRELATION	1744	1522	8176	12334
SQUARE	223232	274
FOLD	1725	1596	1596	615258	615258	0	2961690
RAIL	38	90	127	1597
CORRELATION	1745	1524	8176	12334
SQUARE	223360	274
FOLD	1726	1597	1597	615642	615642	0	2963586
RAIL	38	91	127	1598
CORRELATION	1746	1526	8176	12334
SQUARE	223488	274
FOLD	1727	1598	1598	616029	616029	0	2964624
RAIL	29	99	127	1599
CORRELATION	1747	1526	8176	12334
SQUARE	223616	274
FOLD	1728	1599	1599	616413	616413	0	2966568
RAIL	29	100	127	1600
CORRELATION	1748	1528	8176	12334
SQUARE	223744	274
FOLD	1729	1600	1600	616800	616800	0	2970896
RAIL	37	91	127	1601
CORRELATION	1749	1531	8176	12334
SQUARE	223872	274
FOLD	1730	1601	1601	617184	617184	0	2971818
RAIL	37	92	127	1602
CORRELATION	1750	1531	8176	12334
SQUARE	224000	274
FOLD	1731	1602	1602	617571	617571	0	2972879
RAIL	30	98	127	1603
CORRELATION	1751	1531	8176	12334
SQUARE	224128	274
FOLD	1732	1603	1603	617955	617955	0	2973944
RAIL	30	99	127	1604
CORRELATION	1752	1531	8176	12334
SQUARE	224256	274
FOLD	1733	1604	1604	618342	618342	0	2975179
RAIL	36	92	127	1605
CORRELATION	1753	1531	8176	12334
SQUARE	224384	274
FOLD	1734	1605	1605	618726	618726	0	2977134
RAIL	36	93	127	1606
CORRELATION	1754	1531	8176	12334
SQUARE	224512	274
FOLD	1735	1606	1606	619113	619113	0	2978417
RAIL	31	97	127	1607
CORRELATION	1755	1532	8176	12334
SQUARE	224640	274
FOLD	1736	1607	1607	619497	619497	0	2980787
RAIL	31	98	127	1608
CORRELATION	1756	1535	8176	12334
SQUARE	224768	274
FOLD	1737	1608	1608	619884	619884	0	2981750
RAIL	35	93	127	1609
CORRELATION	1757	1535	8176	12334
SQUARE	224896	274
FOLD	1738	1609	1609	620268	620268	0	2983126
RAIL	35	94	127	1610
CORRELATION	1758	1537	8176	12334
SQUARE	225024	274
FOLD	1739	1610	1610	620655	620655	0	2984416
RAIL	32	96	127	1611
CORRELATION	1759	1539	8176	12334
SQUARE	225152	274
FOLD	1740	1611	1611	621039	621039	0	2985395
RAIL	32	97	127	1612
CORRELATION	1760	1539	8176	12334
SQUARE	225280	274
FOLD	1741	1612	1612	621426	621426	0	2986596
RAIL	34	94	127	1613
CORRELATION	1761	1540	8176	12334
SQUARE	225408	274
FOLD	1742	1613	1613	621810	621810	0	2987614
RAIL	34	95	127	1614
CORRELATION	1762	1540	8176	12334
SQUARE	225536	274
FOLD	1743	1614	1614	622197	622197	0	2989258
RAIL	33	95	127	1615
CORRELATION	1763	1542	8176	12334
SQUARE	225664	274
FOLD	1744	1615	1615	622581	622581	0	2990688
RAIL	33	96	127	1616
CORRELATION	1764	1544	8176	12334
SQUARE	225792	274
FOLD	1745	1616	1616	622968	622968	0	2992716
RAIL	64	64	127	1617
CORRELATION	1767	1544	8176	12334
SQUARE	226176	274
FOLD	1746	1617	1617	623352	623352	0	2993731
RAIL	64	65	127	1618
CORRELATION	1768	1546	8176	12334
SQUARE	226304	274
FOLD	1747	1618	1618	623739	623739	0	2998240
RAIL	63	65	127	1619
CORRELATION	1771	1549	8176	12334
SQUARE	226688	274
FOLD	1748	1619	1619	624123	624123	0	3000727
RAIL	63	66	127	1620
CORRELATION	1772	1552	8176	12334
SQUARE	226816	274
FOLD	1749	1620	1620	624510	624510	0	3008240
RAIL	62	66	127	1621
CORRELATION	1775	1553	8176	12334
SQUARE	227200	274
FOLD	1750	1621	1621	624894	624894	0	3009507
RAIL	62	67	127	1622
CORRELATION	1776	1556	8176	12334
SQUARE	227328	274
FOLD	1751	1622	1622	625281	625281	0	3011930
RAIL	61	67	127	1623
CORRELATION	1779	1559	8176	12334
SQUARE	227712	274
FOLD	1752	1623	1623	625665	625665	0	3012840
RAIL	61	68	127	1624
CORRELATION	1780	1559	8176	12334
SQUARE	227840	274
FOLD	1753	1624	1624	626052	626052	0	3022241
RAIL	60	68	127	1625
CORRELATION	1783	1563	8176	12334
SQUARE	228224	274
FOLD	1754	1625	1625	626436	626436	0	3023205
RAIL	60	69	127	1626
CORRELATION	1784	1563	8176	12334
SQUARE	228352	274
FOLD	1755	1626	1626	626823	626823	0	3025180
RAIL	59	69	127	1627
CORRELATION	1787	1563	8176	12334
SQUARE	228736	274
FOLD	1756	1627	1627	627207	627207	0	3026311
RAIL	59	70	127	1628
CORRELATION	1788	1564	8176	12334
SQUARE	228864	274
FOLD	1757	1628	1628	627594	627594	0	3029603
RAIL	58	70	127	1629
CORRELATION	1791	1566	8176	12334
SQUARE	229248	274
FOLD	1758	1629	1629	627978	627978	0	3031690
RAIL	58	71	127	1630
CORRELATION	1792	1568	8176	12334
SQUARE	229376	274
FOLD	1759	1630	1630	628365	628365	0	3039276
RAIL	9	119	127	1631
CORRELATION	1793	1570	8176	12334
SQUARE	229504	274
FOLD	1768	1631	1631	628749	628749	0	3051406
RAIL	11	118	131	1636
CORRELATION	1802	1578	8176	12334
SQUARE	230656	274
FOLD	1769	1632	1632	629136	629136	0	3055107
RAIL	55	73	131	1637
CORRELATION	1803	1580	8176	12334
SQUARE	230784	274
FOLD	1770	1633	1633	629520	629520	0	3058136
RAIL	55	74	131	1638
CORRELATION	1804	1582	8176	12334
SQUARE	230912	274
FOLD	1771	1634	1634	629907	629907	0	3059073
RAIL	12	116	131	1639
CORRELATION	1805	1582	8176	12334
SQUARE	231040	274
FOLD	1780	1635	1635	630291	630291	0	3073802
RAIL	14	115	135	1644
CORRELATION	1814	1590	8176	12334
SQUARE	232192	274
FOLD	1781	1636	1636	630678	630678	0	3074998
RAIL	52	76	135	1645
CORRELATION	1815	1590	8176	12334
SQUARE	232320	274
FOLD	1782	1637	1637	631062	631062	0	3075977
RAIL	52	77	135	1646
CORRELATION	1816	1590	8176	12334
SQUARE	232448	274
FOLD	1783	1638	1638	631449	631449	0	3078486
RAIL	15	113	135	1647
CORRELATION	1817	1592	8176	12334
SQUARE	232576	274
FOLD	1784	1639	1639	631833	631833	0	3080358
RAIL	15	114	135	1648
CORRELATION	1818	1594	8176	12334
SQUARE	232704	274
FOLD	1785	1640	1640	632220	632220	0	3082990
RAIL	51	77	135	1649
CORRELATION	1819	1596	8176	12334
SQUARE	232832	274
FOLD	1786	1641	1641	632604	632604	0	3083930
RAIL	51	78	135	1650
CORRELATION	1820	1596	8176	12334
SQUARE	232960	274
FOLD	1787	1642	1642	632991	632991	0	3084952
RAIL	16	112	135	1651
CORRELATION	1821	1596	8176	12334
SQUARE	233088	274
FOLD	1796	1643	1643	633375	633375	0	3095453
RAIL	18	111	139	1656
CORRELATION	1830	1602	8176	12334
SQUARE	234240	274
FOLD	1797	1644	1644	633762	633762	0	3098984
RAIL	48	80	139	1657
CORRELATION	1831	1605	8176	12334
SQUARE	234368	274
FOLD	1798	1645	1645	634146	634146	0	3100070
RAIL	48	81	139	1658
CORRELATION	1832	1605	8176	12334
SQUARE	234496	274
FOLD	1799	1646	1646	634533	634533	0	3101431
RAIL	19	109	139	1659
CORRELATION	1833	1605	8176	12334
SQUARE	234624	274
FOLD	1808	1647	1647	634917	634917	0	3114575
RAIL	21	108	143	1664
CORRELATION	1842	1615	8176	12334
SQUARE	235776	274
FOLD	1809	1648	1648	635304	635304	0	3118244
RAIL	45	83	143	1665
CORRELATION	1843	1617	8176	12334
SQUARE	235904	274
FOLD	1810	1649	1649	635688	635688	0	3119824
RAIL	45	84	143	1666
CORRELATION	1844	1618	8176	12334
SQUARE	236032	274
FOLD	1811	1650	1650	636075	636075	0	3121008
RAIL	22	106	143	1667
CORRELATION	1845	1619	8176	12334
SQUARE	236160	274
FOLD	1812	1651	1651	636459	636459	0	3124515
RAIL	22	107	143	1668
CORRELATION	1846	1621	8176	12334
SQUARE	236288	274
FOLD	1813	1652	1652	636846	636846	0	3125443
RAIL	44	84	143	1669
CORRELATION	1847	1621	8176	12334
SQUARE	236416	274
FOLD	1814	1653	1653	637230	637230	0	3127698
RAIL	44	85	143	1670
CORRELATION	1848	1623	8176	12334
SQUARE	236544	274
FOLD	1815	1654	1654	637617	637617	0	3129562
RAIL	23	105	143	1671
CORRELATION	1849	1624	8176	12334
SQUARE	236672	274
FOLD	1816	1655	1655	638001	638001	0	3131241
RAIL	23	106	143	1672
CORRELATION	1850	1626	8176	12334
SQUARE	236800	274
FOLD	1817	1656	1656	638388	638388	0	3133266
RAIL	43	85	143	1673
CORRELATION	1851	1626	8176	12334
SQUARE	236928	274
FOLD	1818	1657	1657	638772	638772	0	3134395
RAIL	43	86	143	1674
CORRELATION	1852	1626	8176	12334
SQUARE	237056	274
FOLD	1819	1658	1658	639159	639159	0	3135319
RAIL	24	104	143	1675
CORRELATION	1853	1626	8176	12334
SQUARE	237184	274
FOLD	1820	1659	1659	639543	639543	0	3136796
RAIL	24	105	143	1676
CORRELATION	1854	1629	8176	12334
SQUARE	237312	274
FOLD	1821	1660	1660	639930	639930	0	3137842
RAIL	42	86	143	1677
CORRELATION	1855	1630	8176	12334
SQUARE	237440	274
FOLD	1822	1661	1661	640314	640314	0	3140944
RAIL	42	87	143	1678
CORRELATION	1856	1633	8176	12334
SQUARE	237568	274
FOLD	1823	1662	1662	640701	640701	0	3141857
RAIL	25	103	143	1679
CORRELATION	1857	1633	8176	12334
SQUARE	237696	274
FOLD	1824	1663	1663	641085	641085	0	3142814
RAIL	25	104	143	1680
CORRELATION	1858	1633	8176	12334
SQUARE	237824	274
FOLD	1825	1664	1664	641472	641472	0	3143784
RAIL	41	87	143	1681
CORRELATION	1859	1633	8176	12334
SQUARE	237952	274
FOLD	1826	1665	1665	641856	641856	0	3144746
RAIL	41	88	143	1682
CORRELATION	1860	1633	8176	12334
SQUARE	238080	274
FOLD	1827	1666	1666	642243	642243	0	3146886
RAIL	26	102	143	1683
CORRELATION	1861	1633	8176	12334
SQUARE	238208	274
FOLD	1828	1667	1667	642627	642627	0	3147967
RAIL	26	103	143	1684
CORRELATION	1862	1633	8176	12334
SQUARE	238336	274
FOLD	1829	1668	1668	643014	643014	0	3149374
RAIL	40	88	143	1685
CORRELATION	1863	1634	8176	12334
SQUARE	238464	274
FOLD	1830	1669	1669	643398	643398	0	3150563
RAIL	40	89	143	1686
CORRELATION	1864	1634	8176	12334
SQUARE	238592	274
FOLD	1831	1670	1670	643785	643785	0	3151609
RAIL	27	101	143	1687
CORRELATION	1865	1634	8176	12334
SQUARE	238720	274
FOLD	1832	1671	1671	644169	644169	0	3153421
RAIL	27	102	143	1688
CORRELATION	1866	1637	8176	12334
SQUARE	238848	274
FOLD	1833	1672	1672	644556	644556	0	3154513
RAIL	39	89	143	1689
CORRELATION	1867	1637	8176	12334
SQUARE	238976	274
FOLD	1834	1673	1673	644940	644940	0	3156149
RAIL	39	90	143	1690
CORRELATION	1868	1640	8176	12334
SQUARE	239104	274
FOLD	1835	1674	1674	645327	645327	0	3158345
RAIL	28	100	143	1691
CORRELATION	1869	1641	8176	12334
SQUARE	239232	274
FOLD	1836	1675	1675	645711	645711	0	3159197
RAIL	28	101	143	1692
CORRELATION	1870	1641	8176	12334
SQUARE	239360	274
FOLD	1837	1676	1676	646098	646098	0	3160179
RAIL	38	90	143	1693
CORRELATION	1871	1641	8176	12334
SQUARE	239488	274
FOLD	1838	1677	1677	646482	646482	0	3161074
RAIL	38	91	143	1694
CORRELATION	1872	1641	8176	12334
SQUARE	239616	274
FOLD	1839	1678	1678	646869	646869	0	3162220
RAIL	29	99	143	1695
CORRELATION	1873	1642	8176	12334
SQUARE	239744	274
FOLD	1840	1679	1679	647253	647253	0	3163215
RAIL	29	100	143	1696
CORRELATION	1874	1642	8176	12334
SQUARE	239872	274
FOLD	1841	1680	1680	647640	647640	0	3164560
RAIL	37	91	143	1697
CORRELATION	1875	1643	8176	12334
SQUARE	240000	274
FOLD	1842	1681	1681	648024	648024	0	3165582
RAIL	37	92	143	1698
CORRELATION	1876	1643	8176	12334
SQUARE	240128	274
FOLD	1843	1682	1682	648411	648411	0	3166716
RAIL	30	98	143	1699
CORRELATION	1877	1644	8176	12334
SQUARE	240256	274
FOLD	1844	1683	1683	648795	648795	0	3167784
RAIL	30	99	143	1700
CORRELATION	1878	1644	8176	12334
SQUARE	240384	274
FOLD	1845	1684	1684	649182	649182	0	3168836
RAIL	36	92	143	1701
CORRELATION	1879	1644	8176	12334
SQUARE	240512	274
FOLD	1846	1685	1685	649566	649566	0	3172935
RAIL	36	93	143	1702
CORRELATION	1880	1647	8176	12334
SQUARE	240640	274
FOLD	1847	1686	1686	649953	649953	0	3173860
RAIL	31	97	143	1703
CORRELATION	1881	1647	8176	12334
SQUARE	240768	274
FOLD	1848	1687	1687	650337	650337	0	3176309
RAIL	31	98	143	1704
CORRELATION	1882	1650	8176	12334
SQUARE	240896	274
FOLD	1849	1688	1688	650724	650724	0	3177341
RAIL	35	93	143	1705
CORRELATION	1883	1650	8176	12334
SQUARE	241024	274
FOLD	1850	1689	1689	651108	651108	0	3178396
RAIL	35	94	143	1706
CORRELATION	1884	1650	8176	12334
SQUARE	241152	274
FOLD	1851	1690	1690	651495	651495	0	3179389
RAIL	32	96	143	1707
CORRELATION	1885	1650	8176	12334
SQUARE	241280	274
FOLD	1852	1691	1691	651879	651879	0	3180324
RAIL	32	97	143	1708
CORRELATION	1886	1650	8176	12334
SQUARE	241408	274
FOLD	1853	1692	1692	652266	652266	0	3185075
RAIL	34	94	143	1709
CORRELATION	1887	1653	8176	12334
SQUARE	241536	274
FOLD	1854	1693	1693	652650	652650	0	3186122
RAIL	34	95	143	1710
CORRELATION	1888	1653	8176	12334
SQUARE	241664	274
FOLD	1855	1694	1694	653037	653037	0	3187037
RAIL	33	95	143	1711
CORRELATION	1889	1653	8176	12334
SQUARE	241792	274
FOLD	1856	1695	1695	653421	653421	0	3188320
RAIL	33	96	143	1712
CORRELATION	1890	1654	8176	12334
SQUARE	241920	274
FOLD	1857	1696	1696	653808	653808	0	3191263
RAIL	64	64	143	1713
CORRELATION	1893	1657	8176	12334
SQUARE	242304	274
FOLD	1858	1697	1697	654192	654192	0	3192178
RAIL	64	65	143	1714
CORRELATION	1894	1657	8176	12334
SQUARE	242432	274
FOLD	1859	1698	1698	654579	654579	0	3194317
RAIL	63	65	143	1715
CORRELATION	1897	1657	8176	12334
SQUARE	242816	274
FOLD	1860	1699	1699	654963	654963	0	3195284
RAIL	63	66	143	1716
CORRELATION	1898	1657	8176	12334
SQUARE	242944	274
FOLD	1861	1700	1700	655350	655350	0	3200667
RAIL	62	66	143	1717
CORRELATION	1901	1661	8176	12334
SQUARE	243328	274
FOLD	1862	1701	1701	655734	655734	0	3201651
RAIL	62	67	143	1718
CORRELATION	1902	1661	8176	12334
SQUARE	243456	274
FOLD	1863	1702	1702	656121	656121	0	3205572
RAIL	61	67	143	1719
CORRELATION	1905	1665	8176	12334
SQUARE	243840	274
FOLD	1864	1703	1703	656505	656505	0	3206786
RAIL	61	68	143	1720
CORRELATION	1906	1665	8176	12334
SQUARE	243968	274
FOLD	1865	1704	1704	656892	656892	0	3211598
RAIL	60	68	143	1721
CORRELATION	1909	1669	8176	12334
SQUARE	244352	274
FOLD	1866	1705	1705	657276	657276	0	3212621
RAIL	60	69	143	1722
CORRELATION	1910	1669	8176	12334
SQUARE	244480	274
FOLD	1867	1706	1706	657663	657663	0	3221281
RAIL	59	69	143	1723
CORRELATION	1913	1674	8176	12334
SQUARE	244864	274
FOLD	1868	1707	1707	658047	658047	0	3224094
RAIL	59	70	143	1724
CORRELATION	1914	1674	8176	12334
SQUARE	244992	274
FOLD	1869	1708	1708	658434	658434	0	3229854
RAIL	58	70	143	1725
CORRELATION	1917	1678	8176	12334
SQUARE	245376	274
FOLD	1870	1709	1709	658818	658818	0	3231157
RAIL	58	71	143	1726
CORRELATION	1918	1678	8176	12334
SQUARE	245504	274
FOLD	1871	1710	1710	659205	659205	0	3232897
RAIL	9	119	143	1727
CORRELATION	1919	1680	8176	12334
SQUARE	245632	274
FOLD	1872	1711	1711	659589	659589	0	3234433
RAIL	9	120	143	1728
CORRELATION	1920	1682	8176	12334
SQUARE	245760	274
FOLD	1873	1712	1712	659976	659976	0	3235507
RAIL	57	71	143	1729
CORRELATION	1921	1682	8176	12334
SQUARE	245888	274
FOLD	1874	1713	1713	660360	660360	0	3236421
RAIL	57	72	143	1730
CORRELATION	1922	1682	8176	12334
SQUARE	246016	274
FOLD	1875	1714	1714	660747	660747	0	3237631
RAIL	10	118	143	1731
CORRELATION	1923	1682	8176	12334
SQUARE	246144	274
FOLD	1884	1715	1715	661131	661131	0	3250268
RAIL	12	117	147	1736
CORRELATION	1932	1692	8176	12334
SQUARE	247296	274
FOLD	1885	1716	1716	661518	661518	0	3251916
RAIL	54	74	147	1737
CORRELATION	1933	1694	8176	12334
SQUARE	247424	274
FOLD	1886	1717	1717	661902	661902	0	3252892
RAIL	54	75	147	1738
CORRELATION	1934	1694	8176	12334
SQUARE	247552	274
FOLD	1887	1718	1718	662289	662289	0	3254377
RAIL	13	115	147	1739
CORRELATION	1935	1694	8176	12334
SQUARE	247680	274
FOLD	1896	1719	1719	662673	662673	0	3265285
RAIL	15	114	151	1744
CORRELATION	1944	1704	8176	12334
SQUARE	248832	274
FOLD	1897	1720	1720	663060	663060	0	3266501
RAIL	51	77	151	1745
CORRELATION	1945	1705	8176	12334
SQUARE	248960	274
FOLD	1898	1721	1721	663444	663444	0	3267735
RAIL	51	78	151	1746
CORRELATION	1946	1705	8176	12334
SQUARE	249088	274
FOLD	1899	1722	1722	663831	663831	0	3268816
RAIL	16	112	151	1747
CORRELATION	1947	1706	8176	12334
SQUARE	249216	274
FOLD	1900	1723	1723	664215	664215	0	3270322
RAIL	16	113	151	1748
CORRELATION	1948	1708	8176	12334
SQUARE	249344	274
FOLD	1901	1724	1724	664602	664602	0	3271435
RAIL	50	78	151	1749
CORRELATION	1949	1708	8176	12334
SQUARE	249472	274
FOLD	1902	1725	1725	664986	664986	0	3273481
RAIL	50	79	151	1750
CORRELATION	1950	1712	8176	12334
SQUARE	249600	274
FOLD	1903	1726	1726	665373	665373	0	3274595
RAIL	17	111	151	1751
CORRELATION	1951	1712	8176	12334
SQUARE	249728	274
FOLD	1912	1727	1727	665757	665757	0	3292737
RAIL	19	110	155	1756
CORRELATION	1960	1720	8176	12334
SQUARE	250880	274
FOLD	1913	1728	1728	666144	666144	0	3293768
RAIL	47	81	155	1757
CORRELATION	1961	1720	8176	12334
SQUARE	251008	274
FOLD	1914	1729	1729	666528	666528	0	3297586
RAIL	47	82	155	1758
CORRELATION	1962	1722	8176	12334
SQUARE	251136	274
FOLD	1915	1730	1730	666915	666915	0	3301141
RAIL	20	108	155	1759
CORRELATION	1963	1724	8176	12334
SQUARE	251264	274
FOLD	1924	1731	1731	667299	667299	0	3316805
RAIL	22	107	159	1764
CORRELATION	1972	1733	8176	12334
SQUARE	252416	274
FOLD	1925	1732	1732	667686	667686	0	3319412
RAIL	44	84	159	1765
CORRELATION	1973	1735	8176	12334
SQUARE	252544	274
FOLD	1926	1733	1733	668070	668070	0	3320534
RAIL	44	85	159	1766
CORRELATION	1974	1735	8176	12334
SQUARE	252672	274
FOLD	1927	1734	1734	668457	668457	0	3323766
RAIL	23	105	159	1767
CORRELATION	1975	1738	8176	12334
SQUARE	252800	274
FOLD	1928	1735	1735	668841	668841	0	3325035
RAIL	23	106	159	1768
CORRELATION	1976	1738	8176	12334
SQUARE	252928	274
FOLD	1929	1736	1736	669228	669228	0	3326116
RAIL	43	85	159	1769
CORRELATION	1977	1738	8176	12334
SQUARE	253056	274
FOLD	1930	1737	1737	669612	669612	0	3327262
RAIL	43	86	159	1770
CORRELATION	1978	1738	8176	12334
SQUARE	253184	274
FOLD	1931	1738	1738	669999	669999	0	3331371
RAIL	24	104	159	1771
CORRELATION	1979	1740	8176	12334
SQUARE	253312	274
FOLD	1932	1739	1739	670383	670383	0	3337281
RAIL	24	105	159	1772
CORRELATION	1980	1742	8176	12334
SQUARE	253440	274
FOLD	1933	1740	1740	670770	670770	0	3339392
RAIL	42	86	159	1773
CORRELATION	1981	1742	8176	12334
SQUARE	253568	274
FOLD	1934	1741	1741	671154	671154	0	3343909
RAIL	42	87	159	1774
CORRELATION	1982	1744	8176	12334
SQUARE	253696	274
FOLD	1935	1742	1742	671541	671541	0	3348725
RAIL	25	103	159	1775
CORRELATION	1983	1746	8176	12334
SQUARE	253824	274
FOLD	1936	1743	1743	671925	671925	0	3350690
RAIL	25	104	159	1776
CORRELATION	1984	1746	8176	12334
SQUARE	253952	274
FOLD	1937	1744	1744	672312	672312	0	3357041
RAIL	41	87	159	1777
CORRELATION	1985	1749	8176	12334
SQUARE	254080	274
FOLD	1938	1745	1745	672696	672696	0	3358167
RAIL	41	88	159	1778
CORRELATION	1986	1749	8176	12334
SQUARE	254208	274
FOLD	1939	1746	1746	673083	673083	0	3359270
RAIL	26	102	159	1779
CORRELATION	1987	1749	8176	12334
SQUARE	254336	274
FOLD	1940	1747	1747	673467	673467	0	3360720
RAIL	26	103	159	1780
CORRELATION	1988	1749	8176	12334
SQUARE	254464	274
FOLD	1941	1748	1748	673854	673854	0	3362373
RAIL	40	88	159	1781
CORRELATION	1989	1750	8176	12334
SQUARE	254592	274
FOLD	1942	1749	1749	674238	674238	0	3363372
RAIL	40	89	159	1782
CORRELATION	1990	1750	8176	12334
SQUARE	254720	274
FOLD	1943	1750	1750	674625	674625	0	3364531
RAIL	27	101	159	1783
CORRELATION	1991	1750	8176	12334
SQUARE	254848	274
FOLD	1944	1751	1751	675009	675009	0	3368092
RAIL	27	102	159	1784
CORRELATION	1992	1754	8176	12334
SQUARE	254976	274
FOLD	1945	1752	1752	675396	675396	0	3369134
RAIL	39	89	159	1785
CORRELATION	1993	1754	8176	12334
SQUARE	255104	274
FOLD	1946	1753	1753	675780	675780	0	3370217
RAIL	39	90	159	1786
CORRELATION	1994	1754	8176	12334
SQUARE	255232	274
FOLD	1947	1754	1754	676167	676167	0	3373030
RAIL	28	100	159	1787
CORRELATION	1995	1758	8176	12334
SQUARE	255360	274
FOLD	1948	1755	1755	676551	676551	0	3374105
RAIL	28	101	159	1788
CORRELATION	1996	1758	8176	12334
SQUARE	255488	274
FOLD	1949	1756	1756	676938	676938	0	3375626
RAIL	38	90	159	1789
CORRELATION	1997	1758	8176	12334
SQUARE	255616	274
FOLD	1950	1757	1757	677322	677322	0	3376611
RAIL	38	91	159	1790
CORRELATION	1998	1758	8176	12334
SQUARE	255744	274
FOLD	1951	1758	1758	677709	677709	0	3378357
RAIL	29	99	159	1791
CORRELATION	1999	1759	8176	12334
SQUARE	255872	274
FOLD	1952	1759	1759	678093	678093	0	3380450
RAIL	29	100	159	1792
CORRELATION	2000	1763	8176	12334
SQUARE	256000	274
FOLD	1953	1760	1760	678480	678480	0	3382394
RAIL	37	91	159	1793
CORRELATION	2001	1764	8176	12334
SQUARE	256128	274
FOLD	1954	1761	1761	678864	678864	0	3383411
RAIL	37	92	159	1794
CORRELATION	2002	1764	8176	12334
SQUARE	256256	274
FOLD	1955	1762	1762	679251	679251	0	3385337
RAIL	30	98	159	1795
CORRELATION	2003	1767	8176	12334
SQUARE	256384	274
FOLD	1956	1763	1763	679635	679635	0	3386407
RAIL	30	99	159	1796
CORRELATION	2004	1767	8176	12334
SQUARE	256512	274
FOLD	1957	1764	1764	680022	680022	0	3387463
RAIL	36	92	159	1797
CORRELATION	2005	1767	8176	12334
SQUARE	256640	274
FOLD	1958	1765	1765	680406	680406	0	3389100
RAIL	36	93	159	1798
CORRELATION	2006	1767	8176	12334
SQUARE	256768	274
FOLD	1959	1766	1766	680793	680793	0	3390198
RAIL	31	97	159	1799
CORRELATION	2007	1767	8176	12334
SQUARE	256896	274
FOLD	1960	1767	1767	681177	681177	0	3391413
RAIL	31	98	159	1800
CORRELATION	2008	1767	8176	12334
SQUARE	257024	274
FOLD	1961	1768	1768	681564	681564	0	3394385
RAIL	35	93	159	1801
CORRELATION	2009	1769	8176	12334
SQUARE	257152	274
FOLD	1962	1769	1769	681948	681948	0	3397563
RAIL	35	94	159	1802
CORRELATION	2010	1773	8176	12334
SQUARE	257280	274
FOLD	1963	1770	1770	682335	682335	0	3399445
RAIL	32	96	159	1803
CORRELATION	2011	1774	8176	12334
SQUARE	257408	274
FOLD	1964	1771	1771	682719	682719	0	3400442
RAIL	32	97	159	1804
CORRELATION	2012	1774	8176	12334
SQUARE	257536	274
FOLD	1965	1772	1772	683106	683106	0	3401485
RAIL	34	94	159	1805
CORRELATION	2013	1774	8176	12334
SQUARE	257664	274
FOLD	1966	1773	1773	683490	683490	0	3403556
RAIL	34	95	159	1806
CORRELATION	2014	1776	8176	12334
SQUARE	257792	274
FOLD	1967	1774	1774	683877	683877	0	3406258
RAIL	33	95	159	1807
CORRELATION	2015	1779	8176	12334
SQUARE	257920	274
FOLD	1968	1775	1775	684261	684261	0	3407710
RAIL	33	96	159	1808
CORRELATION	2016	1779	8176	12334
SQUARE	258048	274
FOLD	1969	1776	1776	684648	684648	0	3410265
RAIL	64	64	159	1809
CORRELATION	2019	1780	8176	12334
SQUARE	258432	274
FOLD	1970	1777	1777	685032	685032	0	3412830
RAIL	64	65	159	1810
CORRELATION	2020	1784	8176	12334
SQUARE	258560	274
FOLD	1971	1778	1778	685419	685419	0	3416592
RAIL	63	65	159	1811
CORRELATION	2023	1786	8176	12334
SQUARE	258944	274
FOLD	1972	1779	1779	685803	685803	0	3417566
RAIL	63	66	159	1812
CORRELATION	2024	1786	8176	12334
SQUARE	259072	274
FOLD	1973	1780	1780	686190	686190	0	3420889
RAIL	62	66	159	1813
CORRELATION	2027	1789	8176	12334
SQUARE	259456	274
FOLD	1974	1781	1781	686574	686574	0	3422049
RAIL	62	67	159	1814
CORRELATION	2028	1789	8176	12334
SQUARE	259584	274
FOLD	1975	1782	1782	686961	686961	0	3424012
RAIL	61	67	159	1815
CORRELATION	2031	1789	8176	12334
SQUARE	259968	274
FOLD	1976	1783	1783	687345	687345	0	3426102
RAIL	61	68	159	1816
CORRELATION	2032	1789	8176	12334
SQUARE	260096	274
FOLD	1977	1784	1784	687732	687732	0	3427941
RAIL	60	68	159	1817
CORRELATION	2035	1789	8176	12334
SQUARE	260480	274
FOLD	1978	1785	1785	688116	688116	0	3428872
RAIL	60	69	159	1818
CORRELATION	2036	1789	8176	12334
SQUARE	260608	274
FOLD	1979	1786	1786	688503	688503	0	3433186
RAIL	59	69	159	1819
CORRELATION	2039	1795	8176	12334
SQUARE	260992	274
FOLD	1980	1787	1787	688887	688887	0	3435404
RAIL	59	70	159	1820
CORRELATION	2040	1796	8176	12334
SQUARE	261120	274
FOLD	1981	1788	1788	689274	689274	0	3448071
RAIL	58	70	159	1821
CORRELATION	2043	1801	8176	12334
SQUARE	261504	274
FOLD	1982	1789	1789	689658	689658	0	3452145
RAIL	58	71	159	1822
CORRELATION	2044	1801	8176	12334
SQUARE	261632	274
FOLD	1983	1790	1790	690045	690045	0	3459206
RAIL	9	119	159	1823
CORRELATION	2045	1803	8176	12334
SQUARE	261760	274
FOLD	1984	1791	1791	690429	690429	0	3463242
RAIL	9	120	159	1824
CORRELATION	2046	1805	8176	12334
SQUARE	261888	274
FOLD	1985	1792	1792	690816	690816	0	3464860
RAIL	57	71	159	1825
CORRELATION	2047	1805	8176	12334
SQUARE	262016	274
FOLD	1985	1792	1792	690816	690816	0	3466415
RAIL	57	71	159	1826
CORRELATION	2047	1805	8176	12334
SQUARE	262144	274
FOLD	1985	1792	1792	690816	690816	0	3466509
RAIL	57	71	159	1826
CORRELATION	2048	1805	8176	12334
SQUARE	262144	274
FOLD	1986	1793	1793	691200	691200	0	3466514
RAIL	57	72	159	1826
CORRELATION	2048	1805	8176	12334
SQUARE	262144	274
FOLD	1987	1794	1794	691587	691587	0	3468790
RAIL	10	118	159	1827
CORRELATION	2049	1806	8176	12334
SQUARE	262272	274
FOLD	1988	1795	1795	691971	691971	0	3469759
RAIL	10	119	159	1828
CORRELATION	2050	1806	8176	12334
SQUARE	262400	274
FOLD	1989	1796	1796	692358	692358	0	3470713
RAIL	56	72	159	1829
CORRELATION	2051	1806	8176	12334
SQUARE	262528	274
FOLD	1990	1797	1797	692742	692742	0	3471799
RAIL	56	73	159	1830
CORRELATION	2052	1806	8176	12334
SQUARE	262656	274
FOLD	1991	1798	1798	693129	693129	0	3475010
RAIL	11	117	159	1831
CORRELATION	2053	1808	8176	12334
SQUARE	262784	274
FOLD	2000	1799	1799	693513	693513	0	3489855
RAIL	13	116	163	1836
CORRELATION	2062	1818	8176	12334
SQUARE	263936	274
FOLD	2001	1800	1800	693900	693900	0	3492146
RAIL	53	75	163	1837
CORRELATION	2063	1820	8176	12334
SQUARE	264064	274
FOLD	2002	1801	1801	694284	694284	0	3494799
RAIL	53	76	163	1838
CORRELATION	2064	1822	8176	12334
SQUARE	264192	274
FOLD	2003	1802	1802	694671	694671	0	3496071
RAIL	14	114	163	1839
CORRELATION	2065	1822	8176	12334
SQUARE	264320	274
FOLD	2012	1803	1803	695055	695055	0	3508334
RAIL	16	113	167	1844
CORRELATION	2074	1830	8176	12334
SQUARE	265472	274
FOLD	2013	1804	1804	695442	695442	0	3510141
RAIL	50	78	167	1845
CORRELATION	2075	1832	8176	12334
SQUARE	265600	274
FOLD	2014	1805	1805	695826	695826	0	3511985
RAIL	50	79	167	1846
CORRELATION	2076	1834	8176	12334
SQUARE	265728	274
FOLD	2015	1806	1806	696213	696213	0	3513003
RAIL	17	111	167	1847
CORRELATION	2077	1834	8176	12334
SQUARE	265856	274
FOLD	2016	1807	1807	696597	696597	0	3513918
RAIL	17	112	167	1848
CORRELATION	2078	1834	8176	12334
SQUARE	265984	274
FOLD	2017	1808	1808	696984	696984	0	3516181
RAIL	49	79	167	1849
CORRELATION	2079	1835	8176	12334
SQUARE	266112	274
FOLD	2018	1809	1809	697368	697368	0	3518079
RAIL	49	80	167	1850
CORRELATION	2080	1837	8176	12334
SQUARE	266240	274
FOLD	2019	1810	1810	697755	697755	0	3521924
RAIL	18	110	167	1851
CORRELATION	2081	1839	8176	12334
SQUARE	266368	274
FOLD	2028	1811	1811	698139	698139	0	3534515
RAIL	20	109	171	1856
CORRELATION	2090	1848	8176	12334
SQUARE	267520	274
FOLD	2029	1812	1812	698526	698526	0	3537297
RAIL	46	82	171	1857
CORRELATION	2091	1850	8176	12334
SQUARE	267648	274
FOLD	2030	1813	1813	698910	698910	0	3540095
RAIL	46	83	171	1858
CORRELATION	2092	1852	8176	12334
SQUARE	267776	274
FOLD	2031	1814	1814	699297	699297	0	3541113
RAIL	21	107	171	1859
CORRELATION	2093	1852	8176	12334
SQUARE	267904	274
FOLD	2040	1815	1815	699681	699681	0	3554645
RAIL	23	106	175	1864
CORRELATION	2102	1861	8176	12334
SQUARE	269056	274
FOLD	2041	1816	1816	700068	700068	0	3555800
RAIL	43	85	175	1865
CORRELATION	2103	1861	8176	12334
SQUARE	269184	274
FOLD	2042	1817	1817	700452	700452	0	3558170
RAIL	43	86	175	1866
CORRELATION	2104	1861	8176	12334
SQUARE	269312	274
FOLD	2043	1818	1818	700839	700839	0	3559835
RAIL	24	104	175	1867
CORRELATION	2105	1863	8176	12334
SQUARE	269440	274
FOLD	2044	1819	1819	701223	701223	0	3561627
RAIL	24	105	175	1868
CORRELATION	2106	1865	8176	12334
SQUARE	269568	274
FOLD	2045	1820	1820	701610	701610	0	3563118
RAIL	42	86	175	1869
CORRELATION	2107	1865	8176	12334
SQUARE	269696	274
FOLD	2046	1821	1821	701994	701994	0	3565006
RAIL	42	87	175	1870
CORRELATION	2108	1867	8176	12334
SQUARE	269824	274
FOLD	2047	1822	1822	702381	702381	0	3566934
RAIL	25	103	175	1871
CORRELATION	2109	1869	8176	12334
SQUARE	269952	274
FOLD	2048	1823	1823	702765	702765	0	3568008
RAIL	25	104	175	1872
CORRELATION	2110	1869	8176	12334
SQUARE	270080	274
FOLD	2049	1824	1824	703152	703152	0	3568987
RAIL	41	87	175	1873
CORRELATION	2111	1869	8176	12334
SQUARE	270208	274
FOLD	2050	1825	1825	703536	703536	0	3570101
RAIL	41	88	175	1874
CORRELATION	2112	1869	8176	12334
SQUARE	270336	274
FOLD	2051	1826	1826	703923	703923	0	3571091
RAIL	26	102	175	1875
CORRELATION	2113	1869	8176	12334
SQUARE	270464	274
FOLD	2052	1827	1827	704307	704307	0	3572225
RAIL	26	103	175	1876
CORRELATION	2114	1869	8176	12334
SQUARE	270592	274
FOLD	2053	1828	1828	704694	704694	0	3573960
RAIL	40	88	175	1877
CORRELATION	2115	1871	8176	12334
SQUARE	270720	274
FOLD	2054	1829	1829	705078	705078	0	3575499
RAIL	40	89	175	1878
CORRELATION	2116	1871	8176	12334
SQUARE	270848	274
FOLD	2055	1830	1830	705465	705465	0	3577406
RAIL	27	101	175	1879
CORRELATION	2117	1873	8176	12334
SQUARE	270976	274
FOLD	2056	1831	1831	705849	705849	0	3579876
RAIL	27	102	175	1880
CORRELATION	2118	1875	8176	12334
SQUARE	271104	274
FOLD	2057	1832	1832	706236	706236	0	3580938
RAIL	39	89	175	1881
CORRELATION	2119	1875	8176	12334
SQUARE	271232	274
FOLD	2058	1833	1833	706620	706620	0	3582112
RAIL	39	90	175	1882
CORRELATION	2120	1875	8176	12334
SQUARE	271360	274
FOLD	2059	1834	1834	707007	707007	0	3585826
RAIL	28	100	175	1883
CORRELATION	2121	1878	8176	12334
SQUARE	271488	274
FOLD	2060	1835	1835	707391	707391	0	3587407
RAIL	28	101	175	1884
CORRELATION	2122	1878	8176	12334
SQUARE	271616	274
FOLD	2061	1836	1836	707778	707778	0	3588557
RAIL	38	90	175	1885
CORRELATION	2123	1879	8176	12334
SQUARE	271744	274
FOLD	2062	1837	1837	708162	708162	0	3591088
RAIL	38	91	175	1886
CORRELATION	2124	1881	8176	12334
SQUARE	271872	274
FOLD	2063	1838	1838	708549	708549	0	3592113
RAIL	29	99	175	1887
CORRELATION	2125	1881	8176	12334
SQUARE	272000	274
FOLD	2064	1839	1839	708933	708933	0	3593636
RAIL	29	100	175	1888
CORRELATION	2126	1881	8176	12334
SQUARE	272128	274
FOLD	2065	1840	1840	709320	709320	0	3595628
RAIL	37	91	175	1889
CORRELATION	2127	1883	8176	12334
SQUARE	272256	274
FOLD	2066	1841	1841	709704	709704	0	3596707
RAIL	37	92	175	1890
CORRELATION	2128	1883	8176	12334
SQUARE	272384	274
FOLD	2067	1842	1842	710091	710091	0	3599362
RAIL	30	98	175	1891
CORRELATION	2129	1885	8176	12334
SQUARE	272512	274
FOLD	2068	1843	1843	710475	710475	0	3600907
RAIL	30	99	175	1892
CORRELATION	2130	1887	8176	12334
SQUARE	272640	274
FOLD	2069	1844	1844	710862	710862	0	3602474
RAIL	36	92	175	1893
CORRELATION	2131	1887	8176	12334
SQUARE	272768	274
FOLD	2070	1845	1845	711246	711246	0	3605235
RAIL	36	93	175	1894
CORRELATION	2132	1890	8176	12334
SQUARE	272896	274
FOLD	2071	1846	1846	711633	711633	0	3606370
RAIL	31	97	175	1895
CORRELATION	2133	1890	8176	12334
SQUARE	273024	274
FOLD	2072	1847	1847	712017	712017	0	3607496
RAIL	31	98	175	1896
CORRELATION	2134	1890	8176	12334
SQUARE	273152	274
FOLD	2073	1848	1848	712404	712404	0	3608469
RAIL	35	93	175	1897
CORRELATION	2135	1890	8176	12334
SQUARE	273280	274
FOLD	2074	1849	1849	712788	712788	0	3609704
RAIL	35	94	175	1898
CORRELATION	2136	1890	8176	12334
SQUARE	273408	274
FOLD	2075	1850	1850	713175	713175	0	3610834
RAIL	32	96	175	1899
CORRELATION	2137	1890	8176	12334
SQUARE	273536	274
FOLD	2076	1851	1851	713559	713559	0	3614113
RAIL	32	97	175	1900
CORRELATION	2138	1892	8176	12334
SQUARE	273664	274
FOLD	2077	1852	1852	713946	713946	0	3615583
RAIL	34	94	175	1901
CORRELATION	2139	1894	8176	12334
SQUARE	273792	274
FOLD	2078	1853	1853	714330	714330	0	3616753
RAIL	34	95	175	1902
CORRELATION	2140	1895	8176	12334
SQUARE	273920	274
FOLD	2079	1854	1854	714717	714717	0	3617764
RAIL	33	95	175	1903
CORRELATION	2141	1895	8176	12334
SQUARE	274048	274
FOLD	2080	1855	1855	715101	715101	0	3621376
RAIL	33	96	175	1904
CORRELATION	2142	1899	8176	12334
SQUARE	274176	274
FOLD	2081	1856	1856	715488	715488	0	3623510
RAIL	64	64	175	1905
CORRELATION	2145	1899	8176	12334
SQUARE	274560	274
FOLD	2082	1857	1857	715872	715872	0	3624815
RAIL	64	65	175	1906
CORRELATION	2146	1899	8176	12334
SQUARE	274688	274
FOLD	2083	1858	1858	716259	716259	0	3631686
RAIL	63	65	175	1907
CORRELATION	2149	1903	8176	12334
SQUARE	275072	274
FOLD	2084	1859	1859	716643	716643	0	3635383
RAIL	63	66	175	1908
CORRELATION	2150	1905	8176	12334
SQUARE	275200	274
FOLD	2085	1860	1860	717030	717030	0	3640739
RAIL	62	66	175	1909
CORRELATION	2153	1908	8176	12334
SQUARE	275584	274
FOLD	2086	1861	1861	717414	717414	0	3642039
RAIL	62	67	175	1910
CORRELATION	2154	1910	8176	12334
SQUARE	275712	274
FOLD	2087	1862	1862	717801	717801	0	3644804
RAIL	61	67	175	1911
CORRELATION	2157	1912	8176	12334
SQUARE	276096	274
FOLD	2088	1863	1863	718185	718185	0	3645907
RAIL	61	68	175	1912
CORRELATION	2158	1912	8176	12334
SQUARE	276224	274
FOLD	2089	1864	1864	718572	718572	0	3652064
RAIL	60	68	175	1913
CORRELATION	2161	1917	8176	12334
SQUARE	276608	274
FOLD	2090	1865	1865	718956	718956	0	3654007
RAIL	60	69	175	1914
CORRELATION	2162	1917	8176	12334
SQUARE	276736	274
FOLD	2091	1866	1866	719343	719343	0	3656433
RAIL	59	69	175	1915
CORRELATION	2165	1921	8176	12334
SQUARE	277120	274
FOLD	2092	1867	1867	719727	719727	0	3657510
RAIL	59	70	175	1916
CORRELATION	2166	1921	8176	12334
SQUARE	277248	274
FOLD	2093	1868	1868	720114	720114	0	3662233
RAIL	58	70	175	1917
CORRELATION	2169	1923	8176	12334
SQUARE	277632	274
FOLD	2094	1869	1869	720498	720498	0	3663801
RAIL	58	71	175	1918
CORRELATION	2170	1923	8176	12334
SQUARE	277760	274
FOLD	2095	1870	1870	720885	720885	0	3669004
RAIL	9	119	175	1919
CORRELATION	2171	1925	8176	12334
SQUARE	277888	274
FOLD	2096	1871	1871	721269	721269	0	3670631
RAIL	9	120	175	1920
CORRELATION	2172	1925	8176	12334
SQUARE	278016	274
FOLD	2097	1872	1872	721656	721656	0	3677454
RAIL	57	71	175	1921
CORRELATION	2173	1928	8176	12334
SQUARE	278144	274
FOLD	2098	1873	1873	722040	722040	0	3678916
RAIL	57	72	175	1922
CORRELATION	2174	1928	8176	12334
SQUARE	278272	274
FOLD	2099	1874	1874	722427	722427	0	3681679
RAIL	10	118	175	1923
CORRELATION	2175	1930	8176	12334
SQUARE	278400	274
FOLD	2100	1875	1875	722811	722811	0	3682693
RAIL	10	119	175	1924
CORRELATION	2176	1930	8176	12334
SQUARE	278528	274
FOLD	2101	1876	1876	723198	723198	0	3685817
RAIL	56	72	175	1925
CORRELATION	2177	1933	8176	12334
SQUARE	278656	274
FOLD	2102	1877	1877	723582	723582	0	3686880
RAIL	56	73	175	1926
CORRELATION	2178	1933	8176	12334
SQUARE	278784	274
FOLD	2103	1878	1878	723969	723969	0	3687941
RAIL	11	117	175	1927
CORRELATION	2179	1933	8176	12334
SQUARE	278912	274
FOLD	2104	1879	1879	724353	724353	0	3688892
RAIL	11	118	175	1928
CORRELATION	2180	1933	8176	12334
SQUARE	279040	274
FOLD	2105	1880	1880	724740	724740	0	3691996
RAIL	55	73	175	1929
CORRELATION	2181	1933	8176	12334
SQUARE	279168	274
FOLD	2106	1881	1881	725124	725124	0	3693034
RAIL	55	74	175	1930
CORRELATION	2182	1933	8176	12334
SQUARE	279296	274
FOLD	2107	1882	1882	725511	725511	0	3694182
RAIL	12	116	175	1931
CORRELATION	2183	1933	8176	12334
SQUARE	279424	274
FOLD	2116	1883	1883	725895	725895	0	3710357
RAIL	14	115	179	1936
CORRELATION	2192	1945	8176	12334
SQUARE	280576	274
FOLD	2117	1884	1884	726282	726282	0	3712077
RAIL	52	76	179	1937
CORRELATION	2193	1947	8176	12334
SQUARE	280704	274
FOLD	2118	1885	1885	726666	726666	0	3713121
RAIL	52	77	179	1938
CORRELATION	2194	1947	8176	12334
SQUARE	280832	274
FOLD	2119	1886	1886	727053	727053	0	3714278
RAIL	15	113	179	1939
CORRELATION	2195	1947	8176	12334
SQUARE	280960	274
FOLD	2128	1887	1887	727437	727437	0	3728942
RAIL	17	112	183	1944
CORRELATION	2204	1957	8176	12334
SQUARE	282112	274
FOLD	2129	1888	1888	727824	727824	0	3729858
RAIL	49	79	183	1945
CORRELATION	2205	1957	8176	12334
SQUARE	282240	274
FOLD	2130	1889	1889	728208	728208	0	3730911
RAIL	49	80	183	1946
CORRELATION	2206	1957	8176	12334
SQUARE	282368	274
FOLD	2131	1890	1890	728595	728595	0	3732482
RAIL	18	110	183	1947
CORRELATION	2207	1959	8176	12334
SQUARE	282496	274
FOLD	2132	1891	1891	728979	728979	0	3734321
RAIL	18	111	183	1948
CORRELATION	2208	1961	8176	12334
SQUARE	282624	274
FOLD	2133	1892	1892	729366	729366	0	3735226
RAIL	48	80	183	1949
CORRELATION	2209	1961	8176	12334
SQUARE	282752	274
FOLD	2134	1893	1893	729750	729750	0	3736752
RAIL	48	81	183	1950
CORRELATION	2210	1963	8176	12334
SQUARE	282880	274
FOLD	2135	1894	1894	730137	730137	0	3738311
RAIL	19	109	183	1951
CORRELATION	2211	1963	8176	12334
SQUARE	283008	274
FOLD	2144	1895	1895	730521	730521	0	3752266
RAIL	21	108	187	1956
CORRELATION	2220	1973	8176	12334
SQUARE	284160	274
FOLD	2145	1896	1896	730908	730908	0	3754148
RAIL	45	83	187	1957
CORRELATION	2221	1975	8176	12334
SQUARE	284288	274
FOLD	2146	1897	1897	731292	731292	0	3755507
RAIL	45	84	187	1958
CORRELATION	2222	1976	8176	12334
SQUARE	284416	274
FOLD	2147	1898	1898	731679	731679	0	3757591
RAIL	22	106	187	1959
CORRELATION	2223	1978	8176	12334
SQUARE	284544	274
FOLD	2156	1899	1899	732063	732063	0	3770006
RAIL	24	105	191	1964
CORRELATION	2232	1983	8176	12334
SQUARE	285696	274
FOLD	2157	1900	1900	732450	732450	0	3772712
RAIL	42	86	191	1965
CORRELATION	2233	1986	8176	12334
SQUARE	285824	274
FOLD	2158	1901	1901	732834	732834	0	3774717
RAIL	42	87	191	1966
CORRELATION	2234	1988	8176	12334
SQUARE	285952	274
FOLD	2159	1902	1902	733221	733221	0	3775646
RAIL	25	103	191	1967
CORRELATION	2235	1988	8176	12334
SQUARE	286080	274
FOLD	2160	1903	1903	733605	733605	0	3777496
RAIL	25	104	191	1968
CORRELATION	2236	1989	8176	12334
SQUARE	286208	274
FOLD	2161	1904	1904	733992	733992	0	3778563
RAIL	41	87	191	1969
CORRELATION	2237	1989	8176	12334
SQUARE	286336	274
FOLD	2162	1905	1905	734376	734376	0	3781170
RAIL	41	88	191	1970
CORRELATION	2238	1992	8176	12334
SQUARE	286464	274
FOLD	2163	1906	1906	734763	734763	0	3782330
RAIL	26	102	191	1971
CORRELATION	2239	1992	8176	12334
SQUARE	286592	274
FOLD	2164	1907	1907	735147	735147	0	3783289
RAIL	26	103	191	1972
CORRELATION	2240	1992	8176	12334
SQUARE	286720	274
FOLD	2165	1908	1908	735534	735534	0	3784235
RAIL	40	88	191	1973
CORRELATION	2241	1992	8176	12334
SQUARE	286848	274
FOLD	2166	1909	1909	735918	735918	0	3785905
RAIL	40	89	191	1974
CORRELATION	2242	1994	8176	12334
SQUARE	286976	274
FOLD	2167	1910	1910	736305	736305	0	3787344
RAIL	27	101	191	1975
CORRELATION	2243	1994	8176	12334
SQUARE	287104	274
FOLD	2168	1911	1911	736689	736689	0	3790320
RAIL	27	102	191	1976
CORRELATION	2244	1997	8176	12334
SQUARE	287232	274
FOLD	2169	1912	1912	737076	737076	0	3791280
RAIL	39	89	191	1977
CORRELATION	2245	1997	8176	12334
SQUARE	287360	274
FOLD	2170	1913	1913	737460	737460	0	3793165
RAIL	39	90	191	1978
CORRELATION	2246	1998	8176	12334
SQUARE	287488	274
FOLD	2171	1914	1914	737847	737847	0	3794328
RAIL	28	100	191	1979
CORRELATION	2247	1998	8176	12334
SQUARE	287616	274
FOLD	2172	1915	1915	738231	738231	0	3796393
RAIL	28	101	191	1980
CORRELATION	2248	2001	8176	12334
SQUARE	287744	274
FOLD	2173	1916	1916	738618	738618	0	3798296
RAIL	38	90	191	1981
CORRELATION	2249	2003	8176	12334
SQUARE	287872	274
FOLD	2174	1917	1917	739002	739002	0	3799359
RAIL	38	91	191	1982
CORRELATION	2250	2003	8176	12334
SQUARE	288000	274
FOLD	2175	1918	1918	739389	739389	0	3801323
RAIL	29	99	191	1983
CORRELATION	2251	2005	8176	12334
SQUARE	288128	274
FOLD	2176	1919	1919	739773	739773	0	3802897
RAIL	29	100	191	1984
CORRELATION	2252	2005	8176	12334
SQUARE	288256	274
FOLD	2177	1920	1920	740160	740160	0	3806546
RAIL	37	91	191	1985
CORRELATION	2253	2008	8176	12334
SQUARE	288384	274
FOLD	2178	1921	1921	740544	740544	0	3807550
RAIL	37	92	191	1986
CORRELATION	2254	2008	8176	12334
SQUARE	288512	274
FOLD	2179	1922	1922	740931	740931	0	3808692
RAIL	30	98	191	1987
CORRELATION	2255	2008	8176	12334
SQUARE	288640	274
FOLD	2180	1923	1923	741315	741315	0	3810304
RAIL	30	99	191	1988
CORRELATION	2256	2009	8176	12334
SQUARE	288768	274
FOLD	2181	1924	1924	741702	741702	0	3811390
RAIL	36	92	191	1989
CORRELATION	2257	2009	8176	12334
SQUARE	288896	274
FOLD	2182	1925	1925	742086	742086	0	3813700
RAIL	36	93	191	1990
CORRELATION	2258	2012	8176	12334
SQUARE	289024	274
FOLD	2183	1926	1926	742473	742473	0	3814810
RAIL	31	97	191	1991
CORRELATION	2259	2012	8176	12334
SQUARE	289152	274
FOLD	2184	1927	1927	742857	742857	0	3816112
RAIL	31	98	191	1992
CORRELATION	2260	2012	8176	12334
SQUARE	289280	274
FOLD	2185	1928	1928	743244	743244	0	3817255
RAIL	35	93	191	1993
CORRELATION	2261	2012	8176	12334
SQUARE	289408	274
FOLD	2186	1929	1929	743628	743628	0	3820312
RAIL	35	94	191	1994
CORRELATION	2262	2016	8176	12334
SQUARE	289536	274
FOLD	2187	1930	1930	744015	744015	0	3821700
RAIL	32	96	191	1995
CORRELATION	2263	2017	8176	12334
SQUARE	289664	274
FOLD	2188	1931	1931	744399	744399	0	3824472
RAIL	32	97	191	1996
CORRELATION	2264	2019	8176	12334
SQUARE	289792	274
FOLD	2189	1932	1932	744786	744786	0	3825419
RAIL	34	94	191	1997
CORRELATION	2265	2019	8176	12334
SQUARE	289920	274
FOLD	2190	1933	1933	745170	745170	0	3826483
RAIL	34	95	191	1998
CORRELATION	2266	2019	8176	12334
SQUARE	290048	274
FOLD	2191	1934	1934	745557	745557	0	3827494
RAIL	33	95	191	1999
CORRELATION	2267	2019	8176	12334
SQUARE	290176	274
FOLD	2192	1935	1935	745941	745941	0	3828505
RAIL	33	96	191	2000
CORRELATION	2268	2019	8176	12334
SQUARE	290304	274
FOLD	2193	1936	1936	746328	746328	0	3833876
RAIL	64	64	191	2001
CORRELATION	2271	2024	8176	12334
SQUARE	290688	274
FOLD	2194	1937	1937	746712	746712	0	3835902
RAIL	64	65	191	2002
CORRELATION	2272	2025	8176	12334
SQUARE	290816	274
FOLD	2195	1938	1938	747099	747099	0	3841178
RAIL	63	65	191	2003
CORRELATION	2275	2029	8176	12334
SQUARE	291200	274
FOLD	2196	1939	1939	747483	747483	0	3843227
RAIL	63	66	191	2004
CORRELATION	2276	2031	8176	12334
SQUARE	291328	274
FOLD	2197	1940	1940	747870	747870	0	3845045
RAIL	62	66	191	2005
CORRELATION	2279	2031	8176	12334
SQUARE	291712	274
FOLD	2198	1941	1941	748254	748254	0	3845937
RAIL	62	67	191	2006
CORRELATION	2280	2031	8176	12334
SQUARE	291840	274
FOLD	2199	1942	1942	748641	748641	0	3847881
RAIL	61	67	191	2007
CORRELATION	2283	2031	8176	12334
SQUARE	292224	274
FOLD	2200	1943	1943	749025	749025	0	3848931
RAIL	61	68	191	2008
CORRELATION	2284	2031	8176	12334
SQUARE	292352	274
FOLD	2201	1944	1944	749412	749412	0	3854750
RAIL	60	68	191	2009
CORRELATION	2287	2036	8176	12334
SQUARE	292736	274
FOLD	2202	1945	1945	749796	749796	0	3859280
RAIL	60	69	191	2010
CORRELATION	2288	2038	8176	12334
SQUARE	292864	274
FOLD	2203	1946	1946	750183	750183	0	3864521
RAIL	59	69	191	2011
CORRELATION	2291	2042	8176	12334
SQUARE	293248	274
FOLD	2204	1947	1947	750567	750567	0	3865603
RAIL	59	70	191	2012
CORRELATION	2292	2042	8176	12334
SQUARE	293376	274
FOLD	2205	1948	1948	750954	750954	0	3872665
RAIL	58	70	191	2013
CORRELATION	2295	2046	8176	12334
SQUARE	293760	274
FOLD	2206	1949	1949	751338	751338	0	3874623
RAIL	58	71	191	2014
CORRELATION	2296	2048	8176	12334
SQUARE	293888	274
FOLD	2207	1950	1950	751725	751725	0	3877337
RAIL	9	119	191	2015
CORRELATION	2297	2048	8176	12334
SQUARE	294016	274
FOLD	2212	1951	1951	752109	752109	0	3884098
RAIL	10	119	193	2018
CORRELATION	2302	2052	8176	12334
SQUARE	294656	274
FOLD	2213	1952	1952	752496	752496	0	3886311
RAIL	56	72	193	2019
CORRELATION	2303	2054	8176	12334
SQUARE	294784	274
FOLD	2214	1953	1953	752880	752880	0	3887851
RAIL	56	73	193	2020
CORRELATION	2304	2054	8176	12334
SQUARE	294912	274
FOLD	2215	1954	1954	753267	753267	0	3890050
RAIL	11	117	193	2021
CORRELATION	2305	2057	8176	12334
SQUARE	295040	274
FOLD	2216	1955	1955	753651	753651	0	3890931
RAIL	11	118	193	2022
CORRELATION	2306	2057	8176	12334
SQUARE	295168	274
FOLD	2217	1956	1956	754038	754038	0	3891838
RAIL	55	73	193	2023
CORRELATION	2307	2057	8176	12334
SQUARE	295296	274
FOLD	2218	1957	1957	754422	754422	0	3893504
RAIL	55	74	193	2024
CORRELATION	2308	2058	8176	12334
SQUARE	295424	274
FOLD	2219	1958	1958	754809	754809	0	3894834
RAIL	12	116	193	2025
CORRELATION	2309	2060	8176	12334
SQUARE	295552	274
FOLD	2220	1959	1959	755193	755193	0	3896983
RAIL	12	117	193	2026
CORRELATION	2310	2062	8176	12334
SQUARE	295680	274
FOLD	2221	1960	1960	755580	755580	0	3898046
RAIL	54	74	193	2027
CORRELATION	2311	2062	8176	12334
SQUARE	295808	274
FOLD	2222	1961	1961	755964	755964	0	3900237
RAIL	54	75	193	2028
CORRELATION	2312	2064	8176	12334
SQUARE	295936	274
FOLD	2223	1962	1962	756351	756351	0	3902531
RAIL	13	115	193	2029
CORRELATION	2313	2065	8176	12334
SQUARE	296064	274
FOLD	2232	1963	1963	756735	756735	0	3911453
RAIL	15	114	197	2034
CORRELATION	2322	2071	8176	12334
SQUARE	297216	274
FOLD	2233	1964	1964	757122	757122	0	3914345
RAIL	51	77	197	2035
CORRELATION	2323	2071	8176	12334
SQUARE	297344	274
FOLD	2234	1965	1965	757506	757506	0	3916544
RAIL	51	78	197	2036
CORRELATION	2324	2071	8176	12334
SQUARE	297472	274
FOLD	2235	1966	1966	757893	757893	0	3918725
RAIL	16	112	197	2037
CORRELATION	2325	2073	8176	12334
SQUARE	297600	274
FOLD	2244	1967	1967	758277	758277	0	3932724
RAIL	18	111	201	2042
CORRELATION	2334	2084	8176	12334
SQUARE	298752	274
FOLD	2245	1968	1968	758664	758664	0	3934218
RAIL	48	80	201	2043
CORRELATION	2335	2084	8176	12334
SQUARE	298880	274
FOLD	2246	1969	1969	759048	759048	0	3935842
RAIL	48	81	201	2044
CORRELATION	2336	2085	8176	12334
SQUARE	299008	274
FOLD	2247	1970	1970	759435	759435	0	3937987
RAIL	19	109	201	2045
CORRELATION	2337	2087	8176	12334
SQUARE	299136	274
FOLD	2248	1971	1971	759819	759819	0	3938884
RAIL	19	110	201	2046
CORRELATION	2338	2087	8176	12334
SQUARE	299264	274
FOLD	2249	1972	1972	760206	760206	0	3939849
RAIL	47	81	201	2047
CORRELATION	2339	2088	8176	12334
SQUARE	299392	274
FOLD	2250	1973	1973	760590	760590	0	3942459
RAIL	47	82	201	2048
CORRELATION	2340	2090	8176	12334
SQUARE	299520	274
FOLD	2251	1974	1974	760977	760977	0	3944542
RAIL	20	108	201	2049
CORRELATION	2341	2092	8176	12334
SQUARE	299648	274
FOLD	2260	1975	1975	761361	761361	0	3956273
RAIL	22	107	205	2054
CORRELATION	2350	2100	8176	12334
SQUARE	300800	274
FOLD	2261	1976	1976	761748	761748	0	3957139
RAIL	44	84	205	2055
CORRELATION	2351	2100	8176	12334
SQUARE	300928	274
FOLD	2262	1977	1977	762132	762132	0	3958975
RAIL	44	85	205	2056
CORRELATION	2352	2101	8176	12334
SQUARE	301056	274
FOLD	2263	1978	1978	762519	762519	0	3961154
RAIL	23	105	205	2057
CORRELATION	2353	2103	8176	12334
SQUARE	301184	274
FOLD	2272	1979	1979	762903	762903	0	3974365
RAIL	25	104	209	2062
CORRELATION	2362	2111	8176	12334
SQUARE	302336	274
FOLD	2273	1980	1980	763290	763290	0	3975298
RAIL	41	87	209	2063
CORRELATION	2363	2111	8176	12334
SQUARE	302464	274
FOLD	2274	1981	1981	763674	763674	0	3976275
RAIL	41	88	209	2064
CORRELATION	2364	2111	8176	12334
SQUARE	302592	274
FOLD	2275	1982	1982	764061	764061	0	3977212
RAIL	26	102	209	2065
CORRELATION	2365	2111	8176	12334
SQUARE	302720	274
FOLD	2276	1983	1983	764445	764445	0	3978825
RAIL	26	103	209	2066
CORRELATION	2366	2111	8176	12334
SQUARE	302848	274
FOLD	2277	1984	1984	764832	764832	0	3980139
RAIL	40	88	209	2067
CORRELATION	2367	2111	8176	12334
SQUARE	302976	274
FOLD	2278	1985	1985	765216	765216	0	3983209
RAIL	40	89	209	2068
CORRELATION	2368	2115	8176	12334
SQUARE	303104	274
FOLD	2279	1986	1986	765603	765603	0	3984556
RAIL	27	101	209	2069
CORRELATION	2369	2116	8176	12334
SQUARE	303232	274
FOLD	2280	1987	1987	765987	765987	0	3985656
RAIL	27	102	209	2070
CORRELATION	2370	2116	8176	12334
SQUARE	303360	274
FOLD	2281	1988	1988	766374	766374	0	3987648
RAIL	39	89	209	2071
CORRELATION	2371	2118	8176	12334
SQUARE	303488	274
FOLD	2282	1989	1989	766758	766758	0	3988977
RAIL	39	90	209	2072
CORRELATION	2372	2120	8176	12334
SQUARE	303616	274
FOLD	2283	1990	1990	767145	767145	0	3989959
RAIL	28	100	209	2073
CORRELATION	2373	2120	8176	12334
SQUARE	303744	274
FOLD	2284	1991	1991	767529	767529	0	3991207
RAIL	28	101	209	2074
CORRELATION	2374	2120	8176	12334
SQUARE	303872	274
FOLD	2285	1992	1992	767916	767916	0	3992563
RAIL	38	90	209	2075
CORRELATION	2375	2121	8176	12334
SQUARE	304000	274
FOLD	2286	1993	1993	768300	768300	0	3993742
RAIL	38	91	209	2076
CORRELATION	2376	2122	8176	12334
SQUARE	304128	274
FOLD	2287	1994	1994	768687	768687	0	3994834
RAIL	29	99	209	2077
CORRELATION	2377	2122	8176	12334
SQUARE	304256	274
FOLD	2288	1995	1995	769071	769071	0	3996551
RAIL	29	100	209	2078
CORRELATION	2378	2123	8176	12334
SQUARE	304384	274
FOLD	2289	1996	1996	769458	769458	0	3997676
RAIL	37	91	209	2079
CORRELATION	2379	2123	8176	12334
SQUARE	304512	274
FOLD	2290	1997	1997	769842	769842	0	3999873
RAIL	37	92	209	2080
CORRELATION	2380	2126	8176	12334
SQUARE	304640	274
FOLD	2291	1998	1998	770229	770229	0	4000802
RAIL	30	98	209	2081
CORRELATION	2381	2126	8176	12334
SQUARE	304768	274
FOLD	2292	1999	1999	770613	770613	0	4001931
RAIL	30	99	209	2082
CORRELATION	2382	2126	8176	12334
SQUARE	304896	274
FOLD	2293	2000	2000	771000	771000	0	4002961
RAIL	36	92	209	2083
CORRELATION	2383	2126	8176	12334
SQUARE	305024	274
FOLD	2294	2001	2001	771384	771384	0	4004237
RAIL	36	93	209	2084
CORRELATION	2384	2126	8176	12334
SQUARE	305152	274
FOLD	2295	2002	2002	771771	771771	0	4007322
RAIL	31	97	209	2085
CORRELATION	2385	2129	8176	12334
SQUARE	305280	274
FOLD	2296	2003	2003	772155	772155	0	4010749
RAIL	31	98	209	2086
CORRELATION	2386	2131	8176	12334
SQUARE	305408	274
FOLD	2297	2004	2004	772542	772542	0	4013608
RAIL	35	93	209	2087
CORRELATION	2387	2133	8176	12334
SQUARE	305536	274
FOLD	2298	2005	2005	772926	772926	0	4014958
RAIL	35	94	209	2088
CORRELATION	2388	2133	8176	12334
SQUARE	305664	274
FOLD	2299	2006	2006	773313	773313	0	4016717
RAIL	32	96	209	2089
CORRELATION	2389	2135	8176	12334
SQUARE	305792	274
FOLD	2300	2007	2007	773697	773697	0	4018236
RAIL	32	97	209	2090
CORRELATION	2390	2137	8176	12334
SQUARE	305920	274
FOLD	2301	2008	2008	774084	774084	0	4019118
RAIL	34	94	209	2091
CORRELATION	2391	2137	8176	12334
SQUARE	306048	274
FOLD	2302	2009	2009	774468	774468	0	4020152
RAIL	34	95	209	2092
CORRELATION	2392	2137	8176	12334
SQUARE	306176	274
FOLD	2303	2010	2010	774855	774855	0	4021850
RAIL	33	95	209	2093
CORRELATION	2393	2139	8176	12334
SQUARE	306304	274
FOLD	2304	2011	2011	775239	775239	0	4023477
RAIL	33	96	209	2094
CORRELATION	2394	2140	8176	12334
SQUARE	306432	274
FOLD	2305	2012	2012	775626	775626	0	4026503
RAIL	64	64	209	2095
CORRELATION	2397	2142	8176	12334
SQUARE	306816	277
FOLD	2306	2013	2013	776010	776010	0	4028639
RAIL	64	65	209	2096
CORRELATION	2398	2145	8176	12334
SQUARE	306944	277
FOLD	2307	2014	2014	776397	776397	0	4031041
RAIL	63	65	209	2097
CORRELATION	2401	2145	8176	12334
SQUARE	307328	277
FOLD	2308	2015	2015	776781	776781	0	4033508
RAIL	63	66	209	2098
CORRELATION	2402	2148	8176	12334
SQUARE	307456	277
FOLD	2309	2016	2016	777168	777168	0	4036918
RAIL	62	66	209	2099
CORRELATION	2405	2152	8176	12334
SQUARE	307840	277
FOLD	2310	2017	2017	777552	777552	0	4038228
RAIL	62	67	209	2100
CORRELATION	2406	2152	8176	12334
SQUARE	307968	277
FOLD	2311	2018	2018	777939	777939	0	4042972
RAIL	61	67	209	2101
CORRELATION	2409	2156	8176	12334
SQUARE	308352	277
FOLD	2312	2019	2019	778323	778323	0	4045068
RAIL	61	68	209	2102
CORRELATION	2410	2158	8176	12334
SQUARE	308480	277
FOLD	2313	2020	2020	778710	778710	0	4047378
RAIL	60	68	209	2103
CORRELATION	2413	2160	8176	12334
SQUARE	308864	277
FOLD	2314	2021	2021	779094	779094	0	4048311
RAIL	60	69	209	2104
CORRELATION	2414	2160	8176	12334
SQUARE	308992	277
FOLD	2315	2022	2022	779481	779481	0	4052719
RAIL	59	69	209	2105
CORRELATION	2417	2161	8176	12334
SQUARE	309376	277
FOLD	2316	2023	2023	779865	779865	0	4055735
RAIL	59	70	209	2106
CORRELATION	2418	2163	8176	12334
SQUARE	309504	277
FOLD	2317	2024	2024	780252	780252	0	4058642
RAIL	58	70	209	2107
CORRELATION	2421	2166	8176	12334
SQUARE	309888	277
FOLD	2318	2025	2025	780636	780636	0	4059635
RAIL	58	71	209	2108
CORRELATION	2422	2166	8176	12334
SQUARE	310016	277
FOLD	2319	2026	2026	781023	781023	0	4060721
RAIL	9	119	209	2109
CORRELATION	2423	2166	8176	12334
SQUARE	310144	277
FOLD	2328	2027	2027	781407	781407	0	4074956
RAIL	11	118	213	2114
CORRELATION	2432	2175	8176	12334
SQUARE	311296	277
FOLD	2329	2028	2028	781794	781794	0	4075943
RAIL	55	73	213	2115
CORRELATION	2433	2175	8176	12334
SQUARE	311424	277
FOLD	2330	2029	2029	782178	782178	0	4079240
RAIL	55	74	213	2116
CORRELATION	2434	2178	8176	12334
SQUARE	311552	277
FOLD	2331	2030	2030	782565	782565	0	4081751
RAIL	12	116	213	2117
CORRELATION	2435	2180	8176	12334
SQUARE	311680	277
FOLD	2332	2031	2031	782949	782949	0	4082631
RAIL	12	117	213	2118
CORRELATION	2436	2180	8176	12334
SQUARE	311808	277
FOLD	2333	2032	2032	783336	783336	0	4083565
RAIL	54	74	213	2119
CORRELATION	2437	2180	8176	12334
SQUARE	311936	277
FOLD	2334	2033	2033	783720	783720	0	4084598
RAIL	54	75	213	2120
CORRELATION	2438	2180	8176	12334
SQUARE	312064	277
FOLD	2335	2034	2034	784107	784107	0	4086113
RAIL	13	115	213	2121
CORRELATION	2439	2180	8176	12334
SQUARE	312192	277
FOLD	2336	2035	2035	784491	784491	0	4089748
RAIL	13	116	213	2122
CORRELATION	2440	2182	8176	12334
SQUARE	312320	277
FOLD	2337	2036	2036	784878	784878	0	4091750
RAIL	53	75	213	2123
CORRELATION	2441	2182	8176	12334
SQUARE	312448	277
FOLD	2338	2037	2037	785262	785262	0	4094502
RAIL	53	76	213	2124
CORRELATION	2442	2186	8176	12334
SQUARE	312576	277
FOLD	2339	2038	2038	785649	785649	0	4095683
RAIL	14	114	213	2125
CORRELATION	2443	2186	8176	12334
SQUARE	312704	277
FOLD	2348	2039	2039	786033	786033	0	4107996
RAIL	16	113	217	2130
CORRELATION	2452	2193	8176	12334
SQUARE	313856	277
FOLD	2349	2040	2040	786420	786420	0	4111314
RAIL	50	78	217	2131
CORRELATION	2453	2197	8176	12334
SQUARE	313984	277
FOLD	2350	2041	2041	786804	786804	0	4112311
RAIL	50	79	217	2132
CORRELATION	2454	2197	8176	12334
SQUARE	314112	277
FOLD	2351	2042	2042	787191	787191	0	4113279
RAIL	17	111	217	2133
CORRELATION	2455	2197	8176	12334
SQUARE	314240	277
FOLD	2360	2043	2043	787575	787575	0	4120566
RAIL	19	110	221	2138
CORRELATION	2464	2197	8176	12334
SQUARE	315392	277
FOLD	2361	2044	2044	787962	787962	0	4121504
RAIL	47	81	221	2139
CORRELATION	2465	2197	8176	12334
SQUARE	315520	277
FOLD	2362	2045	2045	788346	788346	0	4122778
RAIL	47	82	221	2140
CORRELATION	2466	2197	8176	12334
SQUARE	315648	277
FOLD	2363	2046	2046	788733	788733	0	4124276
RAIL	20	108	221	2141
CORRELATION	2467	2197	8176	12334
SQUARE	315776	277
FOLD	2364	2047	2047	789117	789117	0	4125276
RAIL	20	109	221	2142
CORRELATION	2468	2197	8176	12334
SQUARE	315904	277
FOLD	2365	2048	2048	789504	789504	0	4126398
RAIL	46	82	221	2143
CORRELATION	2469	2197	8176	12334
SQUARE	316032	277
FOLD	2366	2049	2049	789888	789888	0	4128861
RAIL	46	83	221	2144
CORRELATION	2470	2199	8176	12334
SQUARE	316160	277
FOLD	2367	2050	2050	790275	790275	0	4129797
RAIL	21	107	221	2145
CORRELATION	2471	2199	8176	12334
SQUARE	316288	277
FOLD	2376	2051	2051	790659	790659	0	4139648
RAIL	23	106	225	2150
CORRELATION	2480	2203	8176	12334
SQUARE	317440	277
FOLD	2377	2052	2052	791046	791046	0	4141594
RAIL	43	85	225	2151
CORRELATION	2481	2205	8176	12334
SQUARE	317568	277
FOLD	2378	2053	2053	791430	791430	0	4143347
RAIL	43	86	225	2152
CORRELATION	2482	2206	8176	12334
SQUARE	317696	277
FOLD	2379	2054	2054	791817	791817	0	4145194
RAIL	24	104	225	2153
CORRELATION	2483	2208	8176	12334
SQUARE	317824	277
FOLD	2388	2055	2055	792201	792201	0	4156671
RAIL	26	103	229	2158
CORRELATION	2492	2211	8176	12334
SQUARE	318976	277
FOLD	2389	2056	2056	792588	792588	0	4159787
RAIL	40	88	229	2159
CORRELATION	2493	2213	8176	12334
SQUARE	319104	277
FOLD	2390	2057	2057	792972	792972	0	4160773
RAIL	40	89	229	2160
CORRELATION	2494	2213	8176	12334
SQUARE	319232	277
FOLD	2391	2058	2058	793359	793359	0	4162495
RAIL	27	101	229	2161
CORRELATION	2495	2214	8176	12334
SQUARE	319360	277
FOLD	2392	2059	2059	793743	793743	0	4164113
RAIL	27	102	229	2162
CORRELATION	2496	2215	8176	12334
SQUARE	319488	277
FOLD	2393	2060	2060	794130	794130	0	4165878
RAIL	39	89	229	2163
CORRELATION	2497	2217	8176	12334
SQUARE	319616	277
FOLD	2394	2061	2061	794514	794514	0	4166865
RAIL	39	90	229	2164
CORRELATION	2498	2217	8176	12334
SQUARE	319744	277
FOLD	2395	2062	2062	794901	794901	0	4168169
RAIL	28	100	229	2165
CORRELATION	2499	2219	8176	12334
SQUARE	319872	277
FOLD	2396	2063	2063	795285	795285	0	4171624
RAIL	28	101	229	2166
CORRELATION	2500	2221	8176	12334
SQUARE	320000	277
FOLD	2397	2064	2064	795672	795672	0	4172600
RAIL	38	90	229	2167
CORRELATION	2501	2221	8176	12334
SQUARE	320128	277
FOLD	2398	2065	2065	796056	796056	0	4174176
RAIL	38	91	229	2168
CORRELATION	2502	2223	8176	12334
SQUARE	320256	277
FOLD	2399	2066	2066	796443	796443	0	4175261
RAIL	29	99	229	2169
CORRELATION	2503	2223	8176	12334
SQUARE	320384	277
FOLD	2400	2067	2067	796827	796827	0	4176474
RAIL	29	100	229	2170
CORRELATION	2504	2223	8176	12334
SQUARE	320512	277
FOLD	2401	2068	2068	797214	797214	0	4177613
RAIL	37	91	229	2171
CORRELATION	2505	2223	8176	12334
SQUARE	320640	277
FOLD	2402	2069	2069	797598	797598	0	4179830
RAIL	37	92	229	2172
CORRELATION	2506	2225	8176	12334
SQUARE	320768	277
FOLD	2403	2070	2070	797985	797985	0	4182006
RAIL	30	98	229	2173
CORRELATION	2507	2227	8176	12334
SQUARE	320896	277
FOLD	2404	2071	2071	798369	798369	0	4183171
RAIL	30	99	229	2174
CORRELATION	2508	2227	8176	12334
SQUARE	321024	277
FOLD	2405	2072	2072	798756	798756	0	4184909
RAIL	36	92	229	2175
CORRELATION	2509	2228	8176	12334
SQUARE	321152	277
FOLD	2406	2073	2073	799140	799140	0	4187653
RAIL	36	93	229	2176
CORRELATION	2510	2231	8176	12334
SQUARE	321280	277
FOLD	2407	2074	2074	799527	799527	0	4188785
RAIL	31	97	229	2177
CORRELATION	2511	2231	8176	12334
SQUARE	321408	277
FOLD	2408	2075	2075	799911	799911	0	4189852
RAIL	31	98	229	2178
CORRELATION	2512	2231	8176	12334
SQUARE	321536	277
FOLD	2409	2076	2076	800298	800298	0	4192793
RAIL	35	93	229	2179
CORRELATION	2513	2233	8176	12334
SQUARE	321664	277
FOLD	2410	2077	2077	800682	800682	0	4193945
RAIL	35	94	229	2180
CORRELATION	2514	2234	8176	12334
SQUARE	321792	277
FOLD	2411	2078	2078	801069	801069	0	4197439
RAIL	32	96	229	2181
CORRELATION	2515	2236	8176	12334
SQUARE	321920	277
FOLD	2412	2079	2079	801453	801453	0	4198592
RAIL	32	97	229	2182
CORRELATION	2516	2236	8176	12334
SQUARE	322048	277
FOLD	2413	2080	2080	801840	801840	0	4201570
RAIL	34	94	229	2183
CORRELATION	2517	2239	8176	12334
SQUARE	322176	277
FOLD	2414	2081	2081	802224	802224	0	4202747
RAIL	34	95	229	2184
CORRELATION	2518	2239	8176	12334
SQUARE	322304	277
FOLD	2415	2082	2082	802611	802611	0	4203960
RAIL	33	95	229	2185
CORRELATION	2519	2239	8176	12334
SQUARE	322432	277
FOLD	2416	2083	2083	802995	802995	0	4205020
RAIL	33	96	229	2186
CORRELATION	2520	2239	8176	12334
SQUARE	322560	277
FOLD	2417	2084	2084	803382	803382	0	4207510
RAIL	64	64	229	2187
CORRELATION	2523	2239	8176	12334
SQUARE	322944	277
FOLD	2418	2085	2085	803766	803766	0	4208545
RAIL	64	65	229	2188
CORRELATION	2524	2239	8176	12334
SQUARE	323072	277
FOLD	2419	2086	2086	804153	804153	0	4215020
RAIL	63	65	229	2189
CORRELATION	2527	2242	8176	12334
SQUARE	323456	277
FOLD	2420	2087	2087	804537	804537	0	4217839
RAIL	63	66	229	2190
CORRELATION	2528	2244	8176	12334
SQUARE	323584	277
FOLD	2421	2088	2088	804924	804924	0	4222993
RAIL	62	66	229	2191
CORRELATION	2531	2247	8176	12334
SQUARE	323968	277
FOLD	2422	2089	2089	805308	805308	0	4225363
RAIL	62	67	229	2192
CORRELATION	2532	2249	8176	12334
SQUARE	324096	277
FOLD	2423	2090	2090	805695	805695	0	4228869
RAIL	61	67	229	2193
CORRELATION	2535	2251	8176	12334
SQUARE	324480	277
FOLD	2424	2091	2091	806079	806079	0	4230591
RAIL	61	68	229	2194
CORRELATION	2536	2252	8176	12334
SQUARE	324608	277
FOLD	2425	2092	2092	806466	806466	0	4236128
RAIL	60	68	229	2195
CORRELATION	2539	2256	8176	12334
SQUARE	324992	277
FOLD	2426	2093	2093	806850	806850	0	4237183
RAIL	60	69	229	2196
CORRELATION	2540	2256	8176	12334
SQUARE	325120	277
FOLD	2427	2094	2094	807237	807237	0	4243000
RAIL	59	69	229	2197
CORRELATION	2543	2261	8176	12334
SQUARE	325504	277
FOLD	2428	2095	2095	807621	807621	0	4244036
RAIL	59	70	229	2198
CORRELATION	2544	2261	8176	12334
SQUARE	325632	277
FOLD	2429	2096	2096	808008	808008	0	4249201
RAIL	58	70	229	2199
CORRELATION	2547	2265	8176	12334
SQUARE	326016	277
FOLD	2430	2097	2097	808392	808392	0	4251509
RAIL	58	71	229	2200
CORRELATION	2548	2267	8176	12334
SQUARE	326144	277
FOLD	2431	2098	2098	808779	808779	0	4252592
RAIL	9	119	229	2201
CORRELATION	2549	2267	8176	12334
SQUARE	326272	277
FOLD	2432	2099	2099	809163	809163	0	4255869
RAIL	9	120	229	2202
CORRELATION	2550	2267	8176	12334
SQUARE	326400	277
FOLD	2433	2100	2100	809550	809550	0	4259172
RAIL	57	71	229	2203
CORRELATION	2551	2267	8176	12334
SQUARE	326528	277
FOLD	2434	2101	2101	809934	809934	0	4263010
RAIL	57	72	229	2204
CORRELATION	2552	2269	8176	12334
SQUARE	326656	277
FOLD	2435	2102	2102	810321	810321	0	4264052
RAIL	10	118	229	2205
CORRELATION	2553	2269	8176	12334
SQUARE	326784	277
FOLD	2444	2103	2103	810705	810705	0	4275308
RAIL	12	117	233	2210
CORRELATION	2562	2277	8176	12334
SQUARE	327936	277
FOLD	2445	2104	2104	811092	811092	0	4276222
RAIL	54	74	233	2211
CORRELATION	2563	2277	8176	12334
SQUARE	328064	277
FOLD	2446	2105	2105	811476	811476	0	4277392
RAIL	54	75	233	2212
CORRELATION	2564	2277	8176	12334
SQUARE	328192	277
FOLD	2447	2106	2106	811863	811863	0	4279553
RAIL	13	115	233	2213
CORRELATION	2565	2280	8176	12334
SQUARE	328320	277
FOLD	2448	2107	2107	812247	812247	0	4280587
RAIL	13	116	233	2214
CORRELATION	2566	2280	8176	12334
SQUARE	328448	277
FOLD	2449	2108	2108	812634	812634	0	4281483
RAIL	53	75	233	2215
CORRELATION	2567	2280	8176	12334
SQUARE	328576	277
FOLD	2450	2109	2109	813018	813018	0	4284564
RAIL	53	76	233	2216
CORRELATION	2568	2284	8176	12334
SQUARE	328704	277
FOLD	2451	2110	2110	813405	813405	0	4285544
RAIL	14	114	233	2217
CORRELATION	2569	2284	8176	12334
SQUARE	328832	277
FOLD	2452	2111	2111	813789	813789	0	4286583
RAIL	14	115	233	2218
CORRELATION	2570	2284	8176	12334
SQUARE	328960	277
FOLD	2453	2112	2112	814176	814176	0	4287487
RAIL	52	76	233	2219
CORRELATION	2571	2284	8176	12334
SQUARE	329088	277
FOLD	2454	2113	2113	814560	814560	0	4288852
RAIL	52	77	233	2220
CORRELATION	2572	2284	8176	12334
SQUARE	329216	277
FOLD	2455	2114	2114	814947	814947	0	4289818
RAIL	15	113	233	2221
CORRELATION	2573	2284	8176	12334
SQUARE	329344	277
FOLD	2464	2115	2115	815331	815331	0	4307429
RAIL	17	112	237	2226
CORRELATION	2582	2294	8176	12334
SQUARE	330496	277
FOLD	2465	2116	2116	815718	815718	0	4308623
RAIL	49	79	237	2227
CORRELATION	2583	2295	8176	12334
SQUARE	330624	277
FOLD	2466	2117	2117	816102	816102	0	4310765
RAIL	49	80	237	2228
CORRELATION	2584	2297	8176	12334
SQUARE	330752	277
FOLD	2467	2118	2118	816489	816489	0	4312407
RAIL	18	110	237	2229
CORRELATION	2585	2299	8176	12334
SQUARE	330880	277
FOLD	2476	2119	2119	816873	816873	0	4321727
RAIL	20	109	241	2234
CORRELATION	2594	2308	8176	12334
SQUARE	332032	277
FOLD	2477	2120	2120	817260	817260	0	4323000
RAIL	46	82	241	2235
CORRELATION	2595	2308	8176	12334
SQUARE	332160	277
FOLD	2478	2121	2121	817644	817644	0	4324414
RAIL	46	83	241	2236
CORRELATION	2596	2310	8176	12334
SQUARE	332288	277
FOLD	2479	2122	2122	818031	818031	0	4326055
RAIL	21	107	241	2237
CORRELATION	2597	2312	8176	12334
SQUARE	332416	277
FOLD	2480	2123	2123	818415	818415	0	4327026
RAIL	21	108	241	2238
CORRELATION	2598	2312	8176	12334
SQUARE	332544	277
FOLD	2481	2124	2124	818802	818802	0	4328095
RAIL	45	83	241	2239
CORRELATION	2599	2312	8176	12334
SQUARE	332672	277
FOLD	2482	2125	2125	819186	819186	0	4329345
RAIL	45	84	241	2240
CORRELATION	2600	2312	8176	12334
SQUARE	332800	277
FOLD	2483	2126	2126	819573	819573	0	4330701
RAIL	22	106	241	2241
CORRELATION	2601	2313	8176	12334
SQUARE	332928	277
FOLD	2492	2127	2127	819957	819957	0	4340889
RAIL	24	105	245	2246
CORRELATION	2610	2323	8176	12334
SQUARE	334080	277
FOLD	2493	2128	2128	820344	820344	0	4341882
RAIL	42	86	245	2247
CORRELATION	2611	2323	8176	12334
SQUARE	334208	277
FOLD	2494	2129	2129	820728	820728	0	4346375
RAIL	42	87	245	2248
CORRELATION	2612	2327	8176	12334
SQUARE	334336	277
FOLD	2495	2130	2130	821115	821115	0	4347690
RAIL	25	103	245	2249
CORRELATION	2613	2328	8176	12334
SQUARE	334464	277
FOLD	2504	2131	2131	821499	821499	0	4356871
RAIL	27	102	249	2254
CORRELATION	2622	2337	8176	12334
SQUARE	335616	277
FOLD	2505	2132	2132	821886	821886	0	4357955
RAIL	39	89	249	2255
CORRELATION	2623	2338	8176	12334
SQUARE	335744	277
FOLD	2506	2133	2133	822270	822270	0	4359022
RAIL	39	90	249	2256
CORRELATION	2624	2338	8176	12334
SQUARE	335872	277
FOLD	2507	2134	2134	822657	822657	0	4360419
RAIL	28	100	249	2257
CORRELATION	2625	2341	8176	12334
SQUARE	336000	277
FOLD	2508	2135	2135	823041	823041	0	4361431
RAIL	28	101	249	2258
CORRELATION	2626	2341	8176	12334
SQUARE	336128	277
FOLD	2509	2136	2136	823428	823428	0	4362463
RAIL	38	90	249	2259
CORRELATION	2627	2341	8176	12334
SQUARE	336256	277
FOLD	2510	2137	2137	823812	823812	0	4363707
RAIL	38	91	249	2260
CORRELATION	2628	2341	8176	12334
SQUARE	336384	277
FOLD	2511	2138	2138	824199	824199	0	4364783
RAIL	29	99	249	2261
CORRELATION	2629	2341	8176	12334
SQUARE	336512	277
FOLD	2512	2139	2139	824583	824583	0	4365894
RAIL	29	100	249	2262
CORRELATION	2630	2341	8176	12334
SQUARE	336640	277
FOLD	2513	2140	2140	824970	824970	0	4367018
RAIL	37	91	249	2263
CORRELATION	2631	2341	8176	12334
SQUARE	336768	277
FOLD	2514	2141	2141	825354	825354	0	4368019
RAIL	37	92	249	2264
CORRELATION	2632	2341	8176	12334
SQUARE	336896	277
FOLD	2515	2142	2142	825741	825741	0	4369114
RAIL	30	98	249	2265
CORRELATION	2633	2342	8176	12334
SQUARE	337024	277
FOLD	2516	2143	2143	826125	826125	0	4372865
RAIL	30	99	249	2266
CORRELATION	2634	2344	8176	12334
SQUARE	337152	277
FOLD	2517	2144	2144	826512	826512	0	4373923
RAIL	36	92	249	2267
CORRELATION	2635	2345	8176	12334
SQUARE	337280	277
FOLD	2518	2145	2145	826896	826896	0	4377497
RAIL	36	93	249	2268
CORRELATION	2636	2347	8176	12334
SQUARE	337408	277
FOLD	2519	2146	2146	827283	827283	0	4379940
RAIL	31	97	249	2269
CORRELATION	2637	2348	8176	12334
SQUARE	337536	277
FOLD	2520	2147	2147	827667	827667	0	4380846
RAIL	31	98	249	2270
CORRELATION	2638	2348	8176	12334
SQUARE	337664	277
FOLD	2521	2148	2148	828054	828054	0	4381854
RAIL	35	93	249	2271
CORRELATION	2639	2348	8176	12334
SQUARE	337792	277
FOLD	2522	2149	2149	828438	828438	0	4382856
RAIL	35	94	249	2272
CORRELATION	2640	2348	8176	12334
SQUARE	337920	277
FOLD	2523	2150	2150	828825	828825	0	4384004
RAIL	32	96	249	2273
CORRELATION	2641	2348	8176	12334
SQUARE	338048	277
FOLD	2524	2151	2151	829209	829209	0	4384898
RAIL	32	97	249	2274
CORRELATION	2642	2348	8176	12334
SQUARE	338176	277
FOLD	2525	2152	2152	829596	829596	0	4386330
RAIL	34	94	249	2275
CORRELATION	2643	2349	8176	12334
SQUARE	338304	277
FOLD	2526	2153	2153	829980	829980	0	4387228
RAIL	34	95	249	2276
CORRELATION	2644	2349	8176	12334
SQUARE	338432	277
FOLD	2527	2154	2154	830367	830367	0	4388439
RAIL	33	95	249	2277
CORRELATION	2645	2352	8176	12334
SQUARE	338560	277
FOLD	2528	2155	2155	830751	830751	0	4389358
RAIL	33	96	249	2278
CORRELATION	2646	2352	8176	12334
SQUARE	338688	277
FOLD	2529	2156	2156	831138	831138	0	4391863
RAIL	64	64	249	2279
CORRELATION	2649	2355	8176	12334
SQUARE	339072	277
FOLD	2530	2157	2157	831522	831522	0	4393627
RAIL	64	65	249	2280
CORRELATION	2650	2358	8176	12334
SQUARE	339200	277
FOLD	2531	2158	2158	831909	831909	0	4395968
RAIL	63	65	249	2281
CORRELATION	2653	2359	8176	12334
SQUARE	339584	277
FOLD	2532	2159	2159	832293	832293	0	4398601
RAIL	63	66	249	2282
CORRELATION	2654	2362	8176	12334
SQUARE	339712	277
FOLD	2533	2160	2160	832680	832680	0	4400885
RAIL	62	66	249	2283
CORRELATION	2657	2366	8176	12334
SQUARE	340096	277
FOLD	2534	2161	2161	833064	833064	0	4401976
RAIL	62	67	249	2284
CORRELATION	2658	2366	8176	12334
SQUARE	340224	277
FOLD	2535	2162	2162	833451	833451	0	4404181
RAIL	61	67	249	2285
CORRELATION	2661	2368	8176	12334
SQUARE	340608	277
FOLD	2536	2163	2163	833835	833835	0	4407840
RAIL	61	68	249	2286
CORRELATION	2662	2370	8176	12334
SQUARE	340736	277
FOLD	2537	2164	2164	834222	834222	0	4415066
RAIL	60	68	249	2287
CORRELATION	2665	2373	8176	12334
SQUARE	341120	277
FOLD	2538	2165	2165	834606	834606	0	4416253
RAIL	60	69	249	2288
CORRELATION	2666	2375	8176	12334
SQUARE	341248	277
FOLD	2539	2166	2166	834993	834993	0	4418297
RAIL	59	69	249	2289
CORRELATION	2669	2375	8176	12334
SQUARE	341632	277
FOLD	2540	2167	2167	835377	835377	0	4419515
RAIL	59	70	249	2290
CORRELATION	2670	2377	8176	12334
SQUARE	341760	277
FOLD	2541	2168	2168	835764	835764	0	4421666
RAIL	58	70	249	2291
CORRELATION	2673	2380	8176	12334
SQUARE	342144	277
FOLD	2542	2169	2169	836148	836148	0	4422988
RAIL	58	71	249	2292
CORRELATION	2674	2381	8176	12334
SQUARE	342272	277
FOLD	2543	2170	2170	836535	836535	0	4424016
RAIL	9	119	249	2293
CORRELATION	2675	2382	8176	12334
SQUARE	342400	277
FOLD	2548	2171	2171	836919	836919	0	4430804
RAIL	10	119	251	2296
CORRELATION	2680	2384	8176	12334
SQUARE	343040	277
FOLD	2549	2172	2172	837306	837306	0	4433589
RAIL	56	72	251	2297
CORRELATION	2681	2384	8176	12334
SQUARE	343168	277
FOLD	2550	2173	2173	837690	837690	0	4436125
RAIL	56	73	251	2298
CORRELATION	2682	2384	8176	12334
SQUARE	343296	277
FOLD	2551	2174	2174	838077	838077	0	4441061
RAIL	11	117	251	2299
CORRELATION	2683	2386	8176	12334
SQUARE	343424	277
FOLD	2560	2175	2175	838461	838461	0	4453672
RAIL	13	116	255	2304
CORRELATION	2692	2394	8176	12334
SQUARE	344576	277
FOLD	2561	2176	2176	838848	838848	0	4454952
RAIL	53	75	255	2305
CORRELATION	2693	2396	8176	12334
SQUARE	344704	277
FOLD	2562	2177	2177	839232	839232	0	4455984
RAIL	53	76	255	2306
CORRELATION	2694	2396	8176	12334
SQUARE	344832	277
FOLD	2563	2178	2178	839619	839619	0	4457011
RAIL	14	114	255	2307
CORRELATION	2695	2396	8176	12334
SQUARE	344960	277
FOLD	2564	2179	2179	840003	840003	0	4457987
RAIL	14	115	255	2308
CORRELATION	2696	2396	8176	12334
SQUARE	345088	277
FOLD	2565	2180	2180	840390	840390	0	4459288
RAIL	52	76	255	2309
CORRELATION	2697	2397	8176	12334
SQUARE	345216	277
FOLD	2566	2181	2181	840774	840774	0	4462992
RAIL	52	77	255	2310
CORRELATION	2698	2399	8176	12334
SQUARE	345344	277
FOLD	2567	2182	2182	841161	841161	0	4464134
RAIL	15	113	255	2311
CORRELATION	2699	2399	8176	12334
SQUARE	345472	277
FOLD	2568	2183	2183	841545	841545	0	4468038
RAIL	15	114	255	2312
CORRELATION	2700	2402	8176	12334
SQUARE	345600	277
FOLD	2569	2184	2184	841932	841932	0	4469507
RAIL	51	77	255	2313
CORRELATION	2701	2403	8176	12334
SQUARE	345728	277
FOLD	2570	2185	2185	842316	842316	0	4473448
RAIL	51	78	255	2314
CORRELATION	2702	2406	8176	12334
SQUARE	345856	277
FOLD	2571	2186	2186	842703	842703	0	4474570
RAIL	16	112	255	2315
CORRELATION	2703	2406	8176	12334
SQUARE	345984	277
FOLD	2580	2187	2187	843087	843087	0	4485232
RAIL	18	111	259	2320
CORRELATION	2712	2413	8176	12334
SQUARE	347136	277
FOLD	2581	2188	2188	843474	843474	0	4486351
RAIL	48	80	259	2321
CORRELATION	2713	2414	8176	12334
SQUARE	347264	277
FOLD	2582	2189	2189	843858	843858	0	4487546
RAIL	48	81	259	2322
CORRELATION	2714	2414	8176	12334
SQUARE	347392	277
FOLD	2583	2190	2190	844245	844245	0	4489719
RAIL	19	109	259	2323
CORRELATION	2715	2416	8176	12334
SQUARE	347520	277
FOLD	2592	2191	2191	844629	844629	0	4505635
RAIL	21	108	263	2328
CORRELATION	2724	2426	8176	12334
SQUARE	348672	277
FOLD	2593	2192	2192	845016	845016	0	4506817
RAIL	45	83	263	2329
CORRELATION	2725	2426	8176	12334
SQUARE	348800	277
FOLD	2594	2193	2193	845400	845400	0	4508299
RAIL	45	84	263	2330
CORRELATION	2726	2427	8176	12334
SQUARE	348928	277
FOLD	2595	2194	2194	845787	845787	0	4510291
RAIL	22	106	263	2331
CORRELATION	2727	2430	8176	12334
SQUARE	349056	277
FOLD	2596	2195	2195	846171	846171	0	4511297
RAIL	22	107	263	2332
CORRELATION	2728	2430	8176	12334
SQUARE	349184	277
FOLD	2597	2196	2196	846558	846558	0	4513187
RAIL	44	84	263	2333
CORRELATION	2729	2432	8176	12334
SQUARE	349312	277
FOLD	2598	2197	2197	846942	846942	0	4514287
RAIL	44	85	263	2334
CORRELATION	2730	2432	8176	12334
SQUARE	349440	277
FOLD	2599	2198	2198	847329	847329	0	4515257
RAIL	23	105	263	2335
CORRELATION	2731	2432	8176	12334
SQUARE	349568	277
FOLD	2608	2199	2199	847713	847713	0	4526494
RAIL	25	104	267	2340
CORRELATION	2740	2440	8176	12334
SQUARE	350720	277
FOLD	2609	2200	2200	848100	848100	0	4528046
RAIL	41	87	267	2341
CORRELATION	2741	2443	8176	12334
SQUARE	350848	277
FOLD	2610	2201	2201	848484	848484	0	4529126
RAIL	41	88	267	2342
CORRELATION	2742	2443	8176	12334
SQUARE	350976	277
FOLD	2611	2202	2202	848871	848871	0	4530220
RAIL	26	102	267	2343
CORRELATION	2743	2443	8176	12334
SQUARE	351104	277
FOLD	2620	2203	2203	849255	849255	0	4542870
RAIL	28	101	271	2348
CORRELATION	2752	2448	8176	12334
SQUARE	352256	277
FOLD	2621	2204	2204	849642	849642	0	4544260
RAIL	38	90	271	2349
CORRELATION	2753	2448	8176	12334
SQUARE	352384	277
FOLD	2622	2205	2205	850026	850026	0	4546078
RAIL	38	91	271	2350
CORRELATION	2754	2450	8176	12334
SQUARE	352512	277
FOLD	2623	2206	2206	850413	850413	0	4547240
RAIL	29	99	271	2351
CORRELATION	2755	2450	8176	12334
SQUARE	352640	277
FOLD	2624	2207	2207	850797	850797	0	4550555
RAIL	29	100	271	2352
CORRELATION	2756	2453	8176	12334
SQUARE	352768	277
FOLD	2625	2208	2208	851184	851184	0	4551733
RAIL	37	91	271	2353
CORRELATION	2757	2453	8176	12334
SQUARE	352896	277
FOLD	2626	2209	2209	851568	851568	0	4552872
RAIL	37	92	271	2354
CORRELATION	2758	2453	8176	12334
SQUARE	353024	277
FOLD	2627	2210	2210	851955	851955	0	4554492
RAIL	30	98	271	2355
CORRELATION	2759	2455	8176	12334
SQUARE	353152	277
FOLD	2628	2211	2211	852339	852339	0	4556300
RAIL	30	99	271	2356
CORRELATION	2760	2457	8176	12334
SQUARE	353280	277
FOLD	2629	2212	2212	852726	852726	0	4558523
RAIL	36	92	271	2357
CORRELATION	2761	2459	8176	12334
SQUARE	353408	277
FOLD	2630	2213	2213	853110	853110	0	4559737
RAIL	36	93	271	2358
CORRELATION	2762	2459	8176	12334
SQUARE	353536	277
FOLD	2631	2214	2214	853497	853497	0	4560869
RAIL	31	97	271	2359
CORRELATION	2763	2459	8176	12334
SQUARE	353664	277
FOLD	2632	2215	2215	853881	853881	0	4562493
RAIL	31	98	271	2360
CORRELATION	2764	2461	8176	12334
SQUARE	353792	277
FOLD	2633	2216	2216	854268	854268	0	4564142
RAIL	35	93	271	2361
CORRELATION	2765	2463	8176	12334
SQUARE	353920	277
FOLD	2634	2217	2217	854652	854652	0	4566287
RAIL	35	94	271	2362
CORRELATION	2766	2465	8176	12334
SQUARE	354048	277
FOLD	2635	2218	2218	855039	855039	0	4567440
RAIL	32	96	271	2363
CORRELATION	2767	2465	8176	12334
SQUARE	354176	277
FOLD	2636	2219	2219	855423	855423	0	4568449
RAIL	32	97	271	2364
CORRELATION	2768	2465	8176	12334
SQUARE	354304	277
FOLD	2637	2220	2220	855810	855810	0	4569581
RAIL	34	94	271	2365
CORRELATION	2769	2465	8176	12334
SQUARE	354432	277
FOLD	2638	2221	2221	856194	856194	0	4570922
RAIL	34	95	271	2366
CORRELATION	2770	2466	8176	12334
SQUARE	354560	277
FOLD	2639	2222	2222	856581	856581	0	4573069
RAIL	33	95	271	2367
CORRELATION	2771	2469	8176	12334
SQUARE	354688	277
FOLD	2640	2223	2223	856965	856965	0	4575578
RAIL	33	96	271	2368
CORRELATION	2772	2471	8176	12334
SQUARE	354816	277
FOLD	2641	2224	2224	857352	857352	0	4578257
RAIL	64	64	271	2369
CORRELATION	2775	2471	8176	12334
SQUARE	355200	277
FOLD	2642	2225	2225	857736	857736	0	4582702
RAIL	64	65	271	2370
CORRELATION	2776	2474	8176	12334
SQUARE	355328	277
FOLD	2643	2226	2226	858123	858123	0	4588713
RAIL	63	65	271	2371
CORRELATION	2779	2478	8176	12334
SQUARE	355712	277
FOLD	2644	2227	2227	858507	858507	0	4589849
RAIL	63	66	271	2372
CORRELATION	2780	2478	8176	12334
SQUARE	355840	277
FOLD	2645	2228	2228	858894	858894	0	4594040
RAIL	62	66	271	2373
CORRELATION	2783	2480	8176	12334
SQUARE	356224	277
FOLD	2646	2229	2229	859278	859278	0	4595295
RAIL	62	67	271	2374
CORRELATION	2784	2480	8176	12334
SQUARE	356352	277
FOLD	2647	2230	2230	859665	859665	0	4600044
RAIL	61	67	271	2375
CORRELATION	2787	2487	8176	12334
SQUARE	356736	277
FOLD	2648	2231	2231	860049	860049	0	4601137
RAIL	61	68	271	2376
CORRELATION	2788	2487	8176	12334
SQUARE	356864	277
FOLD	2649	2232	2232	860436	860436	0	4608836
RAIL	60	68	271	2377
CORRELATION	2791	2492	8176	12334
SQUARE	357248	277
FOLD	2650	2233	2233	860820	860820	0	4611328
RAIL	60	69	271	2378
CORRELATION	2792	2492	8176	12334
SQUARE	357376	277
FOLD	2651	2234	2234	861207	861207	0	4614503
RAIL	59	69	271	2379
CORRELATION	2795	2496	8176	12334
SQUARE	357760	277
FOLD	2652	2235	2235	861591	861591	0	4615620
RAIL	59	70	271	2380
CORRELATION	2796	2496	8176	12334
SQUARE	357888	277
FOLD	2653	2236	2236	861978	861978	0	4618607
RAIL	58	70	271	2381
CORRELATION	2799	2500	8176	12334
SQUARE	358272	277
FOLD	2654	2237	2237	862362	862362	0	4619699
RAIL	58	71	271	2382
CORRELATION	2800	2500	8176	12334
SQUARE	358400	277
FOLD	2655	2238	2238	862749	862749	0	4620865
RAIL	9	119	271	2383
CORRELATION	2801	2500	8176	12334
SQUARE	358528	277
FOLD	2664	2239	2239	863133	863133	0	4628868
RAIL	11	118	275	2388
CORRELATION	2810	2501	8176	12334
SQUARE	359680	277
FOLD	2665	2240	2240	863520	863520	0	4630716
RAIL	55	73	275	2389
CORRELATION	2811	2503	8176	12334
SQUARE	359808	277
FOLD	2666	2241	2241	863904	863904	0	4635783
RAIL	55	74	275	2390
CORRELATION	2812	2505	8176	12334
SQUARE	359936	277
FOLD	2667	2242	2242	864291	864291	0	4637128
RAIL	12	116	275	2391
CORRELATION	2813	2507	8176	12334
SQUARE	360064	277
FOLD	2676	2243	2243	864675	864675	0	4647444
RAIL	14	115	279	2396
CORRELATION	2822	2514	8176	12334
SQUARE	361216	277
FOLD	2677	2244	2244	865062	865062	0	4648642
RAIL	52	76	279	2397
CORRELATION	2823	2514	8176	12334
SQUARE	361344	277
FOLD	2678	2245	2245	865446	865446	0	4650190
RAIL	52	77	279	2398
CORRELATION	2824	2516	8176	12334
SQUARE	361472	277
FOLD	2679	2246	2246	865833	865833	0	4651258
RAIL	15	113	279	2399
CORRELATION	2825	2516	8176	12334
SQUARE	361600	277
FOLD	2680	2247	2247	866217	866217	0	4652702
RAIL	15	114	279	2400
CORRELATION	2826	2518	8176	12334
SQUARE	361728	277
FOLD	2681	2248	2248	866604	866604	0	4653804
RAIL	51	77	279	2401
CORRELATION	2827	2518	8176	12334
SQUARE	361856	277
FOLD	2682	2249	2249	866988	866988	0	4654862
RAIL	51	78	279	2402
CORRELATION	2828	2518	8176	12334
SQUARE	361984	277
FOLD	2683	2250	2250	867375	867375	0	4656261
RAIL	16	112	279	2403
CORRELATION	2829	2518	8176	12334
SQUARE	362112	277
FOLD	2684	2251	2251	867759	867759	0	4657247
RAIL	16	113	279	2404
CORRELATION	2830	2518	8176	12334
SQUARE	362240	277
FOLD	2685	2252	2252	868146	868146	0	4658495
RAIL	50	78	279	2405
CORRELATION	2831	2519	8176	12334
SQUARE	362368	277
FOLD	2686	2253	2253	868530	868530	0	4659663
RAIL	50	79	279	2406
CORRELATION	2832	2519	8176	12334
SQUARE	362496	277
FOLD	2687	2254	2254	868917	868917	0	4660796
RAIL	17	111	279	2407
CORRELATION	2833	2519	8176	12334
SQUARE	362624	277
FOLD	2696	2255	2255	869301	869301	0	4676803
RAIL	19	110	283	2412
CORRELATION	2842	2530	8176	12334
SQUARE	363776	277
FOLD	2697	2256	2256	869688	869688	0	4678433
RAIL	47	81	283	2413
CORRELATION	2843	2532	8176	12334
SQUARE	363904	277
FOLD	2698	2257	2257	870072	870072	0	4679716
RAIL	47	82	283	2414
CORRELATION	2844	2533	8176	12334
SQUARE	364032	277
FOLD	2699	2258	2258	870459	870459	0	4681385
RAIL	20	108	283	2415
CORRELATION	2845	2535	8176	12334
SQUARE	364160	277
FOLD	2708	2259	2259	870843	870843	0	4696783
RAIL	22	107	287	2420
CORRELATION	2854	2543	8176	12334
SQUARE	365312	277
FOLD	2709	2260	2260	871230	871230	0	4699325
RAIL	44	84	287	2421
CORRELATION	2855	2544	8176	12334
SQUARE	365440	277
FOLD	2710	2261	2261	871614	871614	0	4701170
RAIL	44	85	287	2422
CORRELATION	2856	2547	8176	12334
SQUARE	365568	277
FOLD	2711	2262	2262	872001	872001	0	4702138
RAIL	23	105	287	2423
CORRELATION	2857	2547	8176	12334
SQUARE	365696	277
FOLD	2712	2263	2263	872385	872385	0	4703486
RAIL	23	106	287	2424
CORRELATION	2858	2548	8176	12334
SQUARE	365824	277
FOLD	2713	2264	2264	872772	872772	0	4704380
RAIL	43	85	287	2425
CORRELATION	2859	2548	8176	12334
SQUARE	365952	277
FOLD	2714	2265	2265	873156	873156	0	4705341
RAIL	43	86	287	2426
CORRELATION	2860	2548	8176	12334
SQUARE	366080	277
FOLD	2715	2266	2266	873543	873543	0	4706376
RAIL	24	104	287	2427
CORRELATION	2861	2548	8176	12334
SQUARE	366208	277
FOLD	2724	2267	2267	873927	873927	0	4716731
RAIL	26	103	291	2432
CORRELATION	2870	2554	8176	12334
SQUARE	367360	277
FOLD	2725	2268	2268	874314	874314	0	4719844
RAIL	40	88	291	2433
CORRELATION	2871	2557	8176	12334
SQUARE	367488	277
FOLD	2726	2269	2269	874698	874698	0	4720818
RAIL	40	89	291	2434
CORRELATION	2872	2557	8176	12334
SQUARE	367616	277
FOLD	2727	2270	2270	875085	875085	0	4722941
RAIL	27	101	291	2435
CORRELATION	2873	2560	8176	12334
SQUARE	367744	277
FOLD	2736	2271	2271	875469	875469	0	4732678
RAIL	29	100	295	2440
CORRELATION	2882	2568	8176	12334
SQUARE	368896	277
FOLD	2737	2272	2272	875856	875856	0	4733789
RAIL	37	91	295	2441
CORRELATION	2883	2569	8176	12334
SQUARE	369024	277
FOLD	2738	2273	2273	876240	876240	0	4734834
RAIL	37	92	295	2442
CORRELATION	2884	2569	8176	12334
SQUARE	369152	277
FOLD	2739	2274	2274	876627	876627	0	4736631
RAIL	30	98	295	2443
CORRELATION	2885	2573	8176	12334
SQUARE	369280	277
FOLD	2740	2275	2275	877011	877011	0	4737768
RAIL	30	99	295	2444
CORRELATION	2886	2573	8176	12334
SQUARE	369408	277
FOLD	2741	2276	2276	877398	877398	0	4738886
RAIL	36	92	295	2445
CORRELATION	2887	2573	8176	12334
SQUARE	369536	277
FOLD	2742	2277	2277	877782	877782	0	4740397
RAIL	36	93	295	2446
CORRELATION	2888	2573	8176	12334
SQUARE	369664	277
FOLD	2743	2278	2278	878169	878169	0	4742950
RAIL	31	97	295	2447
CORRELATION	2889	2574	8176	12334
SQUARE	369792	277
FOLD	2744	2279	2279	878553	878553	0	4743958
RAIL	31	98	295	2448
CORRELATION	2890	2574	8176	12334
SQUARE	369920	277
FOLD	2745	2280	2280	878940	878940	0	4744897
RAIL	35	93	295	2449
CORRELATION	2891	2574	8176	12334
SQUARE	370048	277
FOLD	2746	2281	2281	879324	879324	0	4747800
RAIL	35	94	295	2450
CORRELATION	2892	2575	8176	12334
SQUARE	370176	277
FOLD	2747	2282	2282	879711	879711	0	4748959
RAIL	32	96	295	2451
CORRELATION	2893	2575	8176	12334
SQUARE	370304	277
FOLD	2748	2283	2283	880095	880095	0	4750407
RAIL	32	97	295	2452
CORRELATION	2894	2578	8176	12334
SQUARE	370432	277
FOLD	2749	2284	2284	880482	880482	0	4752578
RAIL	34	94	295	2453
CORRELATION	2895	2578	8176	12334
SQUARE	370560	277
FOLD	2750	2285	2285	880866	880866	0	4754828
RAIL	34	95	295	2454
CORRELATION	2896	2579	8176	12334
SQUARE	370688	277
FOLD	2751	2286	2286	881253	881253	0	4756845
RAIL	33	95	295	2455
CORRELATION	2897	2581	8176	12334
SQUARE	370816	277
FOLD	2752	2287	2287	881637	881637	0	4758534
RAIL	33	96	295	2456
CORRELATION	2898	2581	8176	12334
SQUARE	370944	277
FOLD	2753	2288	2288	882024	882024	0	4762241
RAIL	64	64	295	2457
CORRELATION	2901	2584	8176	12334
SQUARE	371328	277
FOLD	2754	2289	2289	882408	882408	0	4763249
RAIL	64	65	295	2458
CORRELATION	2902	2584	8176	12334
SQUARE	371456	277
FOLD	2755	2290	2290	882795	882795	0	4766630
RAIL	63	65	295	2459
CORRELATION	2905	2590	8176	12334
SQUARE	371840	277
FOLD	2756	2291	2291	883179	883179	0	4769312
RAIL	63	66	295	2460
CORRELATION	2906	2592	8176	12334
SQUARE	371968	277
FOLD	2757	2292	2292	883566	883566	0	4771582
RAIL	62	66	295	2461
CORRELATION	2909	2592	8176	12334
SQUARE	372352	277
FOLD	2758	2293	2293	883950	883950	0	4772681
RAIL	62	67	295	2462
CORRELATION	2910	2592	8176	12334
SQUARE	372480	277
FOLD	2759	2294	2294	884337	884337	0	4776264
RAIL	61	67	295	2463
CORRELATION	2913	2595	8176	12334
SQUARE	372864	277
FOLD	2760	2295	2295	884721	884721	0	4777715
RAIL	61	68	295	2464
CORRELATION	2914	2595	8176	12334
SQUARE	372992	277
FOLD	2761	2296	2296	885108	885108	0	4781451
RAIL	60	68	295	2465
CORRELATION	2917	2595	8176	12334
SQUARE	373376	277
FOLD	2762	2297	2297	885492	885492	0	4782618
RAIL	60	69	295	2466
CORRELATION	2918	2595	8176	12334
SQUARE	373504	277
FOLD	2763	2298	2298	885879	885879	0	4787237
RAIL	59	69	295	2467
CORRELATION	2921	2599	8176	12334
SQUARE	373888	277
FOLD	2764	2299	2299	886263	886263	0	4790549
RAIL	59	70	295	2468
CORRELATION	2922	2601	8176	12334
SQUARE	374016	277
FOLD	2765	2300	2300	886650	886650	0	4793472
RAIL	58	70	295	2469
CORRELATION	2925	2605	8176	12334
SQUARE	374400	277
FOLD	2766	2301	2301	887034	887034	0	4794857
RAIL	58	71	295	2470
CORRELATION	2926	2605	8176	12334
SQUARE	374528	277
FOLD	2767	2302	2302	887421	887421	0	4799538
RAIL	9	119	295	2471
CORRELATION	2927	2608	8176	12334
SQUARE	374656	277
FOLD	2768	2303	2303	887805	887805	0	4800391
RAIL	9	120	295	2472
CORRELATION	2928	2608	8176	12334
SQUARE	374784	277
FOLD	2769	2304	2304	888192	888192	0	4803020
RAIL	57	71	295	2473
CORRELATION	2929	2608	8176	12334
SQUARE	374912	277
FOLD	2770	2305	2305	888576	888576	0	4806205
RAIL	57	72	295	2474
CORRELATION	2930	2608	8176	12334
SQUARE	375040	277
FOLD	2771	2306	2306	888963	888963	0	4807502
RAIL	10	118	295	2475
CORRELATION	2931	2608	8176	12334
SQUARE	375168	277
FOLD	2780	2307	2307	889347	889347	0	4826839
RAIL	12	117	299	2480
CORRELATION	2940	2619	8176	12334
SQUARE	376320	277
FOLD	2781	2308	2308	889734	889734	0	4827841
RAIL	54	74	299	2481
CORRELATION	2941	2619	8176	12334
SQUARE	376448	277
FOLD	2782	2309	2309	890118	890118	0	4830322
RAIL	54	75	299	2482
CORRELATION	2942	2620	8176	12334
SQUARE	376576	277
FOLD	2783	2310	2310	890505	890505	0	4832068
RAIL	13	115	299	2483
CORRELATION	2943	2622	8176	12334
SQUARE	376704	277
FOLD	2792	2311	2311	890889	890889	0	4845844
RAIL	15	114	303	2488
CORRELATION	2952	2630	8176	12334
SQUARE	377856	277
FOLD	2793	2312	2312	891276	891276	0	4848442
RAIL	51	77	303	2489
CORRELATION	2953	2632	8176	12334
SQUARE	377984	277
FOLD	2794	2313	2313	891660	891660	0	4849458
RAIL	51	78	303	2490
CORRELATION	2954	2632	8176	12334
SQUARE	378112	277
FOLD	2795	2314	2314	892047	892047	0	4853751
RAIL	16	112	303	2491
CORRELATION	2955	2634	8176	12334
SQUARE	378240	277
FOLD	2796	2315	2315	892431	892431	0	4856828
RAIL	16	113	303	2492
CORRELATION	2956	2636	8176	12334
SQUARE	378368	277
FOLD	2797	2316	2316	892818	892818	0	4857770
RAIL	50	78	303	2493
CORRELATION	2957	2636	8176	12334
SQUARE	378496	277
FOLD	2798	2317	2317	893202	893202	0	4858953
RAIL	50	79	303	2494
CORRELATION	2958	2636	8176	12334
SQUARE	378624	277
FOLD	2799	2318	2318	893589	893589	0	4860323
RAIL	17	111	303	2495
CORRELATION	2959	2636	8176	12334
SQUARE	378752	277
FOLD	2800	2319	2319	893973	893973	0	4862562
RAIL	17	112	303	2496
CORRELATION	2960	2638	8176	12334
SQUARE	378880	277
FOLD	2801	2320	2320	894360	894360	0	4863796
RAIL	49	79	303	2497
CORRELATION	2961	2638	8176	12334
SQUARE	379008	277
FOLD	2802	2321	2321	894744	894744	0	4864929
RAIL	49	80	303	2498
CORRELATION	2962	2638	8176	12334
SQUARE	379136	277
FOLD	2803	2322	2322	895131	895131	0	4868043
RAIL	18	110	303	2499
CORRELATION	2963	2642	8176	12334
SQUARE	379264	277
FOLD	2812	2323	2323	895515	895515	0	4881773
RAIL	20	109	307	2504
CORRELATION	2972	2652	8176	12334
SQUARE	380416	277
FOLD	2813	2324	2324	895902	895902	0	4882830
RAIL	46	82	307	2505
CORRELATION	2973	2652	8176	12334
SQUARE	380544	277
FOLD	2814	2325	2325	896286	896286	0	4883945
RAIL	46	83	307	2506
CORRELATION	2974	2652	8176	12334
SQUARE	380672	277
FOLD	2815	2326	2326	896673	896673	0	4885008
RAIL	21	107	307	2507
CORRELATION	2975	2652	8176	12334
SQUARE	380800	277
FOLD	2824	2327	2327	897057	897057	0	4898611
RAIL	23	106	311	2512
CORRELATION	2984	2663	8176	12334
SQUARE	381952	277
FOLD	2825	2328	2328	897444	897444	0	4899614
RAIL	43	85	311	2513
CORRELATION	2985	2663	8176	12334
SQUARE	382080	277
FOLD	2826	2329	2329	897828	897828	0	4901893
RAIL	43	86	311	2514
CORRELATION	2986	2665	8176	12334
SQUARE	382208	277
FOLD	2827	2330	2330	898215	898215	0	4903678
RAIL	24	104	311	2515
CORRELATION	2987	2665	8176	12334
SQUARE	382336	277
FOLD	2828	2331	2331	898599	898599	0	4905547
RAIL	24	105	311	2516
CORRELATION	2988	2665	8176	12334
SQUARE	382464	277
FOLD	2829	2332	2332	898986	898986	0	4908426
RAIL	42	86	311	2517
CORRELATION	2989	2667	8176	12334
SQUARE	382592	277
FOLD	2830	2333	2333	899370	899370	0	4910172
RAIL	42	87	311	2518
CORRELATION	2990	2669	8176	12334
SQUARE	382720	277
FOLD	2831	2334	2334	899757	899757	0	4911446
RAIL	25	103	311	2519
CORRELATION	2991	2669	8176	12334
SQUARE	382848	277
FOLD	2840	2335	2335	900141	900141	0	4922545
RAIL	27	102	315	2524
CORRELATION	3000	2676	8176	12334
SQUARE	384000	277
FOLD	2841	2336	2336	900528	900528	0	4923756
RAIL	39	89	315	2525
CORRELATION	3001	2676	8176	12334
SQUARE	384128	277
FOLD	2842	2337	2337	900912	900912	0	4925042
RAIL	39	90	315	2526
CORRELATION	3002	2676	8176	12334
SQUARE	384256	277
FOLD	2843	2338	2338	901299	901299	0	4927419
RAIL	28	100	315	2527
CORRELATION	3003	2679	8176	12334
SQUARE	384384	277
FOLD	2852	2339	2339	901683	901683	0	4941469
RAIL	30	99	319	2532
CORRELATION	3012	2689	8176	12334
SQUARE	385536	277
FOLD	2853	2340	2340	902070	902070	0	4942747
RAIL	36	92	319	2533
CORRELATION	3013	2689	8176	12334
SQUARE	385664	277
FOLD	2854	2341	2341	902454	902454	0	4944949
RAIL	36	93	319	2534
CORRELATION	3014	2691	8176	12334
SQUARE	385792	277
FOLD	2855	2342	2342	902841	902841	0	4946390
RAIL	31	97	319	2535
CORRELATION	3015	2691	8176	12334
SQUARE	385920	277
FOLD	2856	2343	2343	903225	903225	0	4947609
RAIL	31	98	319	2536
CORRELATION	3016	2691	8176	12334
SQUARE	386048	277
FOLD	2857	2344	2344	903612	903612	0	4950232
RAIL	35	93	319	2537
CORRELATION	3017	2694	8176	12334
SQUARE	386176	277
FOLD	2858	2345	2345	903996	903996	0	4951446
RAIL	35	94	319	2538
CORRELATION	3018	2694	8176	12334
SQUARE	386304	277
FOLD	2859	2346	2346	904383	904383	0	4953858
RAIL	32	96	319	2539
CORRELATION	3019	2697	8176	12334
SQUARE	386432	277
FOLD	2860	2347	2347	904767	904767	0	4955027
RAIL	32	97	319	2540
CORRELATION	3020	2697	8176	12334
SQUARE	386560	277
FOLD	2861	2348	2348	905154	905154	0	4956189
RAIL	34	94	319	2541
CORRELATION	3021	2697	8176	12334
SQUARE	386688	277
FOLD	2862	2349	2349	905538	905538	0	4957328
RAIL	34	95	319	2542
CORRELATION	3022	2697	8176	12334
SQUARE	386816	277
FOLD	2863	2350	2350	905925	905925	0	4958463
RAIL	33	95	319	2543
CORRELATION	3023	2697	8176	12334
SQUARE	386944	277
FOLD	2864	2351	2351	906309	906309	0	4960359
RAIL	33	96	319	2544
CORRELATION	3024	2699	8176	12334
SQUARE	387072	277
FOLD	2865	2352	2352	906696	906696	0	4964734
RAIL	64	64	319	2545
CORRELATION	3027	2702	8176	12334
SQUARE	387456	277
FOLD	2866	2353	2353	907080	907080	0	4966955
RAIL	64	65	319	2546
CORRELATION	3028	2704	8176	12334
SQUARE	387584	277
FOLD	2867	2354	2354	907467	907467	0	4968889
RAIL	63	65	319	2547
CORRELATION	3031	2704	8176	12334
SQUARE	387968	277
FOLD	2868	2355	2355	907851	907851	0	4969902
RAIL	63	66	319	2548
CORRELATION	3032	2704	8176	12334
SQUARE	388096	277
FOLD	2869	2356	2356	908238	908238	0	4974350
RAIL	62	66	319	2549
CORRELATION	3035	2704	8176	12334
SQUARE	388480	277
FOLD	2870	2357	2357	908622	908622	0	4978262
RAIL	62	67	319	2550
CORRELATION	3036	2706	8176	12334
SQUARE	388608	277
FOLD	2871	2358	2358	909009	909009	0	4984296
RAIL	61	67	319	2551
CORRELATION	3039	2709	8176	12334
SQUARE	388992	277
FOLD	2872	2359	2359	909393	909393	0	4985538
RAIL	61	68	319	2552
CORRELATION	3040	2710	8176	12334
SQUARE	389120	277
FOLD	2873	2360	2360	909780	909780	0	4991109
RAIL	60	68	319	2553
CORRELATION	3043	2712	8176	12334
SQUARE	389504	277
FOLD	2874	2361	2361	910164	910164	0	4996033
RAIL	60	69	319	2554
CORRELATION	3044	2716	8176	12334
SQUARE	389632	277
FOLD	2875	2362	2362	910551	910551	0	5005331
RAIL	59	69	319	2555
CORRELATION	3047	2720	8176	12334
SQUARE	390016	277
FOLD	2876	2363	2363	910935	910935	0	5006533
RAIL	59	70	319	2556
CORRELATION	3048	2720	8176	12334
SQUARE	390144	277
FOLD	2877	2364	2364	911322	911322	0	5009593
RAIL	58	70	319	2557
CORRELATION	3051	2720	8176	12334
SQUARE	390528	277
FOLD	2878	2365	2365	911706	911706	0	5011002
RAIL	58	71	319	2558
CORRELATION	3052	2721	8176	12334
SQUARE	390656	277
FOLD	2879	2366	2366	912093	912093	0	5013400
RAIL	9	119	319	2559
CORRELATION	3053	2723	8176	12334
SQUARE	390784	277
FOLD	2880	2367	2367	912477	912477	0	5016558
RAIL	9	120	319	2560
CORRELATION	3054	2727	8176	12334
SQUARE	390912	277
FOLD	2881	2368	2368	912864	912864	0	5018405
RAIL	57	71	319	2561
CORRELATION	3055	2729	8176	12334
SQUARE	391040	277
FOLD	2882	2369	2369	913248	913248	0	5019522
RAIL	57	72	319	2562
CORRELATION	3056	2729	8176	12334
SQUARE	391168	277
FOLD	2883	2370	2370	913635	913635	0	5022535
RAIL	10	118	319	2563
CORRELATION	3057	2729	8176	12334
SQUARE	391296	277
FOLD	2884	2371	2371	914019	914019	0	5023432
RAIL	10	119	319	2564
CORRELATION	3058	2729	8176	12334
SQUARE	391424	277
FOLD	2885	2372	2372	914406	914406	0	5025866
RAIL	56	72	319	2565
CORRELATION	3059	2731	8176	12334
SQUARE	391552	277
FOLD	2886	2373	2373	914790	914790	0	5027127
RAIL	56	73	319	2566
CORRELATION	3060	2731	8176	12334
SQUARE	391680	277
FOLD	2887	2374	2374	915177	915177	0	5028220
RAIL	11	117	319	2567
CORRELATION	3061	2731	8176	12334
SQUARE	391808	277
FOLD	2896	2375	2375	915561	915561	0	5041095
RAIL	13	116	323	2572
CORRELATION	3070	2737	8176	12334
SQUARE	392960	277
FOLD	2897	2376	2376	915948	915948	0	5043477
RAIL	53	75	323	2573
CORRELATION	3071	2739	8176	12334
SQUARE	393088	277
FOLD	2898	2377	2377	916332	916332	0	5045680
RAIL	53	76	323	2574
CORRELATION	3072	2741	8176	12334
SQUARE	393216	277
FOLD	2899	2378	2378	916719	916719	0	5047882
RAIL	14	114	323	2575
CORRELATION	3073	2743	8176	12334
SQUARE	393344	277
FOLD	2908	2379	2379	917103	917103	0	5064574
RAIL	16	113	327	2580
CORRELATION	3082	2749	8176	12334
SQUARE	394496	277
FOLD	2909	2380	2380	917490	917490	0	5067627
RAIL	50	78	327	2581
CORRELATION	3083	2752	8176	12334
SQUARE	394624	277
FOLD	2910	2381	2381	917874	917874	0	5070119
RAIL	50	79	327	2582
CORRELATION	3084	2753	8176	12334
SQUARE	394752	277
FOLD	2911	2382	2382	918261	918261	0	5072180
RAIL	17	111	327	2583
CORRELATION	3085	2755	8176	12334
SQUARE	394880	277
FOLD	2912	2383	2383	918645	918645	0	5073137
RAIL	17	112	327	2584
CORRELATION	3086	2755	8176	12334
SQUARE	395008	277
FOLD	2913	2384	2384	919032	919032	0	5074137
RAIL	49	79	327	2585
CORRELATION	3087	2755	8176	12334
SQUARE	395136	277
FOLD	2914	2385	2385	919416	919416	0	5075125
RAIL	49	80	327	2586
CORRELATION	3088	2755	8176	12334
SQUARE	395264	277
FOLD	2915	2386	2386	919803	919803	0	5076274
RAIL	18	110	327	2587
CORRELATION	3089	2755	8176	12334
SQUARE	395392	277
FOLD	2916	2387	2387	920187	920187	0	5077247
RAIL	18	111	327	2588
CORRELATION	3090	2755	8176	12334
SQUARE	395520	277
FOLD	2917	2388	2388	920574	920574	0	5078387
RAIL	48	80	327	2589
CORRELATION	3091	2755	8176	12334
SQUARE	395648	277
FOLD	2918	2389	2389	920958	920958	0	5079504
RAIL	48	81	327	2590
CORRELATION	3092	2755	8176	12334
SQUARE	395776	277
FOLD	2919	2390	2390	921345	921345	0	5081053
RAIL	19	109	327	2591
CORRELATION	3093	2755	8176	12334
SQUARE	395904	277
FOLD	2928	2391	2391	921729	921729	0	5095918
RAIL	21	108	331	2596
CORRELATION	3102	2764	8176	12334
SQUARE	397056	277
FOLD	2929	2392	2392	922116	922116	0	5097092
RAIL	45	83	331	2597
CORRELATION	3103	2764	8176	12334
SQUARE	397184	277
FOLD	2930	2393	2393	922500	922500	0	5098204
RAIL	45	84	331	2598
CORRELATION	3104	2764	8176	12334
SQUARE	397312	277
FOLD	2931	2394	2394	922887	922887	0	5101861
RAIL	22	106	331	2599
CORRELATION	3105	2766	8176	12334
SQUARE	397440	277
FOLD	2940	2395	2395	923271	923271	0	5120377
RAIL	24	105	335	2604
CORRELATION	3114	2777	8176	12334
SQUARE	398592	277
FOLD	2941	2396	2396	923658	923658	0	5121667
RAIL	42	86	335	2605
CORRELATION	3115	2777	8176	12334
SQUARE	398720	277
FOLD	2942	2397	2397	924042	924042	0	5125332
RAIL	42	87	335	2606
CORRELATION	3116	2779	8176	12334
SQUARE	398848	277
FOLD	2943	2398	2398	924429	924429	0	5129386
RAIL	25	103	335	2607
CORRELATION	3117	2781	8176	12334
SQUARE	398976	277
FOLD	2944	2399	2399	924813	924813	0	5130785
RAIL	25	104	335	2608
CORRELATION	3118	2781	8176	12334
SQUARE	399104	277
FOLD	2945	2400	2400	925200	925200	0	5137409
RAIL	41	87	335	2609
CORRELATION	3119	2784	8176	12334
SQUARE	399232	277
FOLD	2946	2401	2401	925584	925584	0	5138592
RAIL	41	88	335	2610
CORRELATION	3120	2784	8176	12334
SQUARE	399360	277
FOLD	2947	2402	2402	925971	925971	0	5140599
RAIL	26	102	335	2611
CORRELATION	3121	2784	8176	12334
SQUARE	399488	277
FOLD	2956	2403	2403	926355	926355	0	5156342
RAIL	28	101	339	2616
CORRELATION	3130	2791	8176	12334
SQUARE	400640	277
FOLD	2957	2404	2404	926742	926742	0	5158289
RAIL	38	90	339	2617
CORRELATION	3131	2792	8176	12334
SQUARE	400768	277
FOLD	2958	2405	2405	927126	927126	0	5161091
RAIL	38	91	339	2618
CORRELATION	3132	2794	8176	12334
SQUARE	400896	277
FOLD	2959	2406	2406	927513	927513	0	5162764
RAIL	29	99	339	2619
CORRELATION	3133	2794	8176	12334
SQUARE	401024	277
FOLD	2968	2407	2407	927897	927897	0	5176855
RAIL	31	98	343	2624
CORRELATION	3142	2800	8176	12334
SQUARE	402176	277
FOLD	2969	2408	2408	928284	928284	0	5182800
RAIL	35	93	343	2625
CORRELATION	3143	2804	8176	12334
SQUARE	402304	277
FOLD	2970	2409	2409	928668	928668	0	5184208
RAIL	35	94	343	2626
CORRELATION	3144	2805	8176	12334
SQUARE	402432	277
FOLD	2971	2410	2410	929055	929055	0	5185723
RAIL	32	96	343	2627
CORRELATION	3145	2807	8176	12334
SQUARE	402560	277
FOLD	2972	2411	2411	929439	929439	0	5186854
RAIL	32	97	343	2628
CORRELATION	3146	2807	8176	12334
SQUARE	402688	277
FOLD	2973	2412	2412	929826	929826	0	5187949
RAIL	34	94	343	2629
CORRELATION	3147	2807	8176	12334
SQUARE	402816	277
FOLD	2974	2413	2413	930210	930210	0	5189143
RAIL	34	95	343	2630
CORRELATION	3148	2807	8176	12334
SQUARE	402944	277
FOLD	2975	2414	2414	930597	930597	0	5190583
RAIL	33	95	343	2631
CORRELATION	3149	2807	8176	12334
SQUARE	403072	277
FOLD	2976	2415	2415	930981	930981	0	5191836
RAIL	33	96	343	2632
CORRELATION	3150	2807	8176	12334
SQUARE	403200	277
FOLD	2977	2416	2416	931368	931368	0	5202467
RAIL	64	64	343	2633
CORRELATION	3153	2813	8176	12334
SQUARE	403584	277
FOLD	2978	2417	2417	931752	931752	0	5204185
RAIL	64	65	343	2634
CORRELATION	3154	2813	8176	12334
SQUARE	403712	277
FOLD	2979	2418	2418	932139	932139	0	5214793
RAIL	63	65	343	2635
CORRELATION	3157	2818	8176	12334
SQUARE	404096	277
FOLD	2980	2419	2419	932523	932523	0	5216616
RAIL	63	66	343	2636
CORRELATION	3158	2818	8176	12334
SQUARE	404224	277
FOLD	2981	2420	2420	932910	932910	0	5224788
RAIL	62	66	343	2637
CORRELATION	3161	2821	8176	12334
SQUARE	404608	277
FOLD	2982	2421	2421	933294	933294	0	5226125
RAIL	62	67	343	2638
CORRELATION	3162	2821	8176	12334
SQUARE	404736	277
FOLD	2983	2422	2422	933681	933681	0	5230884
RAIL	61	67	343	2639
CORRELATION	3165	2824	8176	12334
SQUARE	405120	277
FOLD	2984	2423	2423	934065	934065	0	5234170
RAIL	61	68	343	2640
CORRELATION	3166	2827	8176	12334
SQUARE	405248	277
FOLD	2985	2424	2424	934452	934452	0	5239950
RAIL	60	68	343	2641
CORRELATION	3169	2829	8176	12334
SQUARE	405632	277
FOLD	2986	2425	2425	934836	934836	0	5242167
RAIL	60	69	343	2642
CORRELATION	3170	2831	8176	12334
SQUARE	405760	277
FOLD	2987	2426	2426	935223	935223	0	5248467
RAIL	59	69	343	2643
CORRELATION	3173	2834	8176	12334
SQUARE	406144	277
FOLD	2988	2427	2427	935607	935607	0	5250565
RAIL	59	70	343	2644
CORRELATION	3174	2835	8176	12334
SQUARE	406272	277
FOLD	2989	2428	2428	935994	935994	0	5254298
RAIL	58	70	343	2645
CORRELATION	3177	2838	8176	12334
SQUARE	406656	277
FOLD	2990	2429	2429	936378	936378	0	5256892
RAIL	58	71	343	2646
CORRELATION	3178	2841	8176	12334
SQUARE	406784	277
FOLD	2991	2430	2430	936765	936765	0	5258056
RAIL	9	119	343	2647
CORRELATION	3179	2841	8176	12334
SQUARE	406912	277
FOLD	2996	2431	2431	937149	937149	0	5263314
RAIL	10	119	345	2650
CORRELATION	3184	2841	8176	12334
SQUARE	407552	277
FOLD	2997	2432	2432	937536	937536	0	5264389
RAIL	56	72	345	2651
CORRELATION	3185	2841	8176	12334
SQUARE	407680	277
FOLD	2998	2433	2433	937920	937920	0	5267927
RAIL	56	73	345	2652
CORRELATION	3186	2845	8176	12334
SQUARE	407808	277
FOLD	2999	2434	2434	938307	938307	0	5268971
RAIL	11	117	345	2653
CORRELATION	3187	2845	8176	12334
SQUARE	407936	277
FOLD	3000	2435	2435	938691	938691	0	5272487
RAIL	11	118	345	2654
CORRELATION	3188	2848	8176	12334
SQUARE	408064	277
FOLD	3001	2436	2436	939078	939078	0	5273560
RAIL	55	73	345	2655
CORRELATION	3189	2848	8176	12334
SQUARE	408192	277
FOLD	3002	2437	2437	939462	939462	0	5274855
RAIL	55	74	345	2656
CORRELATION	3190	2848	8176	12334
SQUARE	408320	277
FOLD	3003	2438	2438	939849	939849	0	5277910
RAIL	12	116	345	2657
CORRELATION	3191	2851	8176	12334
SQUARE	408448	277
FOLD	3012	2439	2439	940233	940233	0	5288074
RAIL	14	115	349	2662
CORRELATION	3200	2855	8176	12334
SQUARE	409600	277
FOLD	3013	2440	2440	940620	940620	0	5291567
RAIL	52	76	349	2663
CORRELATION	3201	2857	8176	12334
SQUARE	409728	277
FOLD	3014	2441	2441	941004	941004	0	5294283
RAIL	52	77	349	2664
CORRELATION	3202	2859	8176	12334
SQUARE	409856	277
FOLD	3015	2442	2442	941391	941391	0	5295368
RAIL	15	113	349	2665
CORRELATION	3203	2859	8176	12334
SQUARE	409984	277
FOLD	3024	2443	2443	941775	941775	0	5311072
RAIL	17	112	353	2670
CORRELATION	3212	2870	8176	12334
SQUARE	411136	277
FOLD	3025	2444	2444	942162	942162	0	5312092
RAIL	49	79	353	2671
CORRELATION	3213	2870	8176	12334
SQUARE	411264	277
FOLD	3026	2445	2445	942546	942546	0	5313127
RAIL	49	80	353	2672
CORRELATION	3214	2870	8176	12334
SQUARE	411392	277
FOLD	3027	2446	2446	942933	942933	0	5314176
RAIL	18	110	353	2673
CORRELATION	3215	2870	8176	12334
SQUARE	411520	277
FOLD	3028	2447	2447	943317	943317	0	5315305
RAIL	18	111	353	2674
CORRELATION	3216	2870	8176	12334
SQUARE	411648	277
FOLD	3029	2448	2448	943704	943704	0	5316330
RAIL	48	80	353	2675
CORRELATION	3217	2870	8176	12334
SQUARE	411776	277
FOLD	3030	2449	2449	944088	944088	0	5317649
RAIL	48	81	353	2676
CORRELATION	3218	2872	8176	12334
SQUARE	411904	277
FOLD	3031	2450	2450	944475	944475	0	5318839
RAIL	19	109	353	2677
CORRELATION	3219	2872	8176	12334
SQUARE	412032	277
FOLD	3032	2451	2451	944859	944859	0	5322862
RAIL	19	110	353	2678
CORRELATION	3220	2874	8176	12334
SQUARE	412160	277
FOLD	3033	2452	2452	945246	945246	0	5327222
RAIL	47	81	353	2679
CORRELATION	3221	2876	8176	12334
SQUARE	412288	277
FOLD	3034	2453	2453	945630	945630	0	5328335
RAIL	47	82	353	2680
CORRELATION	3222	2876	8176	12334
SQUARE	412416	277
FOLD	3035	2454	2454	946017	946017	0	5329521
RAIL	20	108	353	2681
CORRELATION	3223	2876	8176	12334
SQUARE	412544	277
FOLD	3044	2455	2455	946401	946401	0	5348896
RAIL	22	107	357	2686
CORRELATION	3232	2886	8176	12334
SQUARE	413696	277
FOLD	3045	2456	2456	946788	946788	0	5352023
RAIL	44	84	357	2687
CORRELATION	3233	2888	8176	12334
SQUARE	413824	277
FOLD	3046	2457	2457	947172	947172	0	5354407
RAIL	44	85	357	2688
CORRELATION	3234	2890	8176	12334
SQUARE	413952	277
FOLD	3047	2458	2458	947559	947559	0	5355466
RAIL	23	105	357	2689
CORRELATION	3235	2890	8176	12334
SQUARE	414080	277
FOLD	3056	2459	2459	947943	947943	0	5366214
RAIL	25	104	361	2694
CORRELATION	3244	2898	8176	12334
SQUARE	415232	277
FOLD	3057	2460	2460	948330	948330	0	5367277
RAIL	41	87	361	2695
CORRELATION	3245	2898	8176	12334
SQUARE	415360	277
FOLD	3058	2461	2461	948714	948714	0	5368682
RAIL	41	88	361	2696
CORRELATION	3246	2898	8176	12334
SQUARE	415488	277
FOLD	3059	2462	2462	949101	949101	0	5369841
RAIL	26	102	361	2697
CORRELATION	3247	2898	8176	12334
SQUARE	415616	277
FOLD	3060	2463	2463	949485	949485	0	5373775
RAIL	26	103	361	2698
CORRELATION	3248	2900	8176	12334
SQUARE	415744	277
FOLD	3061	2464	2464	949872	949872	0	5377458
RAIL	40	88	361	2699
CORRELATION	3249	2902	8176	12334
SQUARE	415872	277
FOLD	3062	2465	2465	950256	950256	0	5378787
RAIL	40	89	361	2700
CORRELATION	3250	2902	8176	12334
SQUARE	416000	277
FOLD	3063	2466	2466	950643	950643	0	5381066
RAIL	27	101	361	2701
CORRELATION	3251	2904	8176	12334
SQUARE	416128	277
FOLD	3072	2467	2467	951027	951027	0	5407467
RAIL	29	100	365	2706
CORRELATION	3260	2915	8176	12334
SQUARE	417280	277
FOLD	3073	2468	2468	951414	951414	0	5409087
RAIL	37	91	365	2707
CORRELATION	3261	2915	8176	12334
SQUARE	417408	277
FOLD	3074	2469	2469	951798	951798	0	5410811
RAIL	37	92	365	2708
CORRELATION	3262	2915	8176	12334
SQUARE	417536	277
FOLD	3075	2470	2470	952185	952185	0	5412631
RAIL	30	98	365	2709
CORRELATION	3263	2915	8176	12334
SQUARE	417664	277
FOLD	3084	2471	2471	952569	952569	0	5425843
RAIL	32	97	369	2714
CORRELATION	3272	2921	8176	12334
SQUARE	418816	277
FOLD	3085	2472	2472	952956	952956	0	5427629
RAIL	34	94	369	2715
CORRELATION	3273	2922	8176	12334
SQUARE	418944	277
FOLD	3086	2473	2473	953340	953340	0	5431641
RAIL	34	95	369	2716
CORRELATION	3274	2924	8176	12334
SQUARE	419072	277
FOLD	3087	2474	2474	953727	953727	0	5433067
RAIL	33	95	369	2717
CORRELATION	3275	2924	8176	12334
SQUARE	419200	277
FOLD	3088	2475	2475	954111	954111	0	5434630
RAIL	33	96	369	2718
CORRELATION	3276	2924	8176	12334
SQUARE	419328	277
FOLD	3089	2476	2476	954498	954498	0	5438484
RAIL	64	64	369	2719
CORRELATION	3279	2927	8176	12334
SQUARE	419712	277
FOLD	3090	2477	2477	954882	954882	0	5440266
RAIL	64	65	369	2720
CORRELATION	3280	2928	8176	12334
SQUARE	419840	277
FOLD	3091	2478	2478	955269	955269	0	5451425
RAIL	63	65	369	2721
CORRELATION	3283	2932	8176	12334
SQUARE	420224	277
FOLD	3092	2479	2479	955653	955653	0	5454526
RAIL	63	66	369	2722
CORRELATION	3284	2934	8176	12334
SQUARE	420352	277
FOLD	3093	2480	2480	956040	956040	0	5456821
RAIL	62	66	369	2723
CORRELATION	3287	2934	8176	12334
SQUARE	420736	277
FOLD	3094	2481	2481	956424	956424	0	5461014
RAIL	62	67	369	2724
CORRELATION	3288	2936	8176	12334
SQUARE	420864	277
FOLD	3095	2482	2482	956811	956811	0	5469757
RAIL	61	67	369	2725
CORRELATION	3291	2940	8176	12334
SQUARE	421248	277
FOLD	3096	2483	2483	957195	957195	0	5473232
RAIL	61	68	369	2726
CORRELATION	3292	2942	8176	12334
SQUARE	421376	277
FOLD	3097	2484	2484	957582	957582	0	5479221
RAIL	60	68	369	2727
CORRELATION	3295	2944	8176	12334
SQUARE	421760	277
FOLD	3098	2485	2485	957966	957966	0	5480513
RAIL	60	69	369	2728
CORRELATION	3296	2945	8176	12334
SQUARE	421888	277
FOLD	3099	2486	2486	958353	958353	0	5484789
RAIL	59	69	369	2729
CORRELATION	3299	2948	8176	12334
SQUARE	422272	277
FOLD	3100	2487	2487	958737	958737	0	5485814
RAIL	59	70	369	2730
CORRELATION	3300	2948	8176	12334
SQUARE	422400	277
FOLD	3101	2488	2488	959124	959124	0	5487827
RAIL	58	70	369	2731
CORRELATION	3303	2948	8176	12334
SQUARE	422784	277
FOLD	3102	2489	2489	959508	959508	0	5488768
RAIL	58	71	369	2732
CORRELATION	3304	2948	8176	12334
SQUARE	422912	277
FOLD	3103	2490	2490	959895	959895	0	5489784
RAIL	9	119	369	2733
CORRELATION	3305	2948	8176	12334
SQUARE	423040	277
FOLD	3112	2491	2491	960279	960279	0	5504173
RAIL	11	118	373	2738
CORRELATION	3314	2955	8176	12334
SQUARE	424192	277
FOLD	3113	2492	2492	960666	960666	0	5505641
RAIL	55	73	373	2739
CORRELATION	3315	2955	8176	12334
SQUARE	424320	277
FOLD	3114	2493	2493	961050	961050	0	5507652
RAIL	55	74	373	2740
CORRELATION	3316	2957	8176	12334
SQUARE	424448	277
FOLD	3115	2494	2494	961437	961437	0	5509189
RAIL	12	116	373	2741
CORRELATION	3317	2958	8176	12334
SQUARE	424576	277
FOLD	3116	2495	2495	961821	961821	0	5510997
RAIL	12	117	373	2742
CORRELATION	3318	2960	8176	12334
SQUARE	424704	277
FOLD	3117	2496	2496	962208	962208	0	5511913
RAIL	54	74	373	2743
CORRELATION	3319	2960	8176	12334
SQUARE	424832	277
FOLD	3118	2497	2497	962592	962592	0	5513213
RAIL	54	75	373	2744
CORRELATION	3320	2960	8176	12334
SQUARE	424960	277
FOLD	3119	2498	2498	962979	962979	0	5514750
RAIL	13	115	373	2745
CORRELATION	3321	2961	8176	12334
SQUARE	425088	277
FOLD	3128	2499	2499	963363	963363	0	5527195
RAIL	15	114	377	2750
CORRELATION	3330	2969	8176	12334
SQUARE	426240	277
FOLD	3129	2500	2500	963750	963750	0	5528342
RAIL	51	77	377	2751
CORRELATION	3331	2969	8176	12334
SQUARE	426368	277
FOLD	3130	2501	2501	964134	964134	0	5529511
RAIL	51	78	377	2752
CORRELATION	3332	2969	8176	12334
SQUARE	426496	277
FOLD	3131	2502	2502	964521	964521	0	5530809
RAIL	16	112	377	2753
CORRELATION	3333	2969	8176	12334
SQUARE	426624	277
FOLD	3140	2503	2503	964905	964905	0	5552559
RAIL	18	111	381	2758
CORRELATION	3342	2981	8176	12334
SQUARE	427776	277
FOLD	3141	2504	2504	965292	965292	0	5555023
RAIL	48	80	381	2759
CORRELATION	3343	2983	8176	12334
SQUARE	427904	277
FOLD	3142	2505	2505	965676	965676	0	5556087
RAIL	48	81	381	2760
CORRELATION	3344	2983	8176	12334
SQUARE	428032	277
FOLD	3143	2506	2506	966063	966063	0	5557589
RAIL	19	109	381	2761
CORRELATION	3345	2983	8176	12334
SQUARE	428160	277
FOLD	3144	2507	2507	966447	966447	0	5559895
RAIL	19	110	381	2762
CORRELATION	3346	2985	8176	12334
SQUARE	428288	277
FOLD	3145	2508	2508	966834	966834	0	5561893
RAIL	47	81	381	2763
CORRELATION	3347	2987	8176	12334
SQUARE	428416	277
FOLD	3146	2509	2509	967218	967218	0	5563620
RAIL	47	82	381	2764
CORRELATION	3348	2987	8176	12334
SQUARE	428544	277
FOLD	3147	2510	2510	967605	967605	0	5566961
RAIL	20	108	381	2765
CORRELATION	3349	2990	8176	12334
SQUARE	428672	277
FOLD	3148	2511	2511	967989	967989	0	5567994
RAIL	20	109	381	2766
CORRELATION	3350	2990	8176	12334
SQUARE	428800	277
FOLD	3149	2512	2512	968376	968376	0	5569185
RAIL	46	82	381	2767
CORRELATION	3351	2990	8176	12334
SQUARE	428928	277
FOLD	3150	2513	2513	968760	968760	0	5572785
RAIL	46	83	381	2768
CORRELATION	3352	2992	8176	12334
SQUARE	429056	277
FOLD	3151	2514	2514	969147	969147	0	5576784
RAIL	21	107	381	2769
CORRELATION	3353	2994	8176	12334
SQUARE	429184	277
FOLD	3160	2515	2515	969531	969531	0	5596365
RAIL	23	106	385	2774
CORRELATION	3362	3002	8176	12334
SQUARE	430336	277
FOLD	3161	2516	2516	969918	969918	0	5598319
RAIL	43	85	385	2775
CORRELATION	3363	3002	8176	12334
SQUARE	430464	277
FOLD	3162	2517	2517	970302	970302	0	5600158
RAIL	43	86	385	2776
CORRELATION	3364	3004	8176	12334
SQUARE	430592	277
FOLD	3163	2518	2518	970689	970689	0	5602427
RAIL	24	104	385	2777
CORRELATION	3365	3006	8176	12334
SQUARE	430720	277
FOLD	3172	2519	2519	971073	971073	0	5619229
RAIL	26	103	389	2782
CORRELATION	3374	3015	8176	12334
SQUARE	431872	277
FOLD	3173	2520	2520	971460	971460	0	5620670
RAIL	40	88	389	2783
CORRELATION	3375	3015	8176	12334
SQUARE	432000	277
FOLD	3174	2521	2521	971844	971844	0	5624218
RAIL	40	89	389	2784
CORRELATION	3376	3018	8176	12334
SQUARE	432128	277
FOLD	3175	2522	2522	972231	972231	0	5625195
RAIL	27	101	389	2785
CORRELATION	3377	3018	8176	12334
SQUARE	432256	277
FOLD	3176	2523	2523	972615	972615	0	5626229
RAIL	27	102	389	2786
CORRELATION	3378	3018	8176	12334
SQUARE	432384	277
FOLD	3177	2524	2524	973002	973002	0	5627373
RAIL	39	89	389	2787
CORRELATION	3379	3018	8176	12334
SQUARE	432512	277
FOLD	3178	2525	2525	973386	973386	0	5628447
RAIL	39	90	389	2788
CORRELATION	3380	3018	8176	12334
SQUARE	432640	277
FOLD	3179	2526	2526	973773	973773	0	5629601
RAIL	28	100	389	2789
CORRELATION	3381	3018	8176	12334
SQUARE	432768	277
FOLD	3188	2527	2527	974157	974157	0	5646700
RAIL	30	99	393	2794
CORRELATION	3390	3029	8176	12334
SQUARE	433920	277
FOLD	3189	2528	2528	974544	974544	0	5650646
RAIL	36	92	393	2795
CORRELATION	3391	3032	8176	12334
SQUARE	434048	277
FOLD	3190	2529	2529	974928	974928	0	5651697
RAIL	36	93	393	2796
CORRELATION	3392	3032	8176	12334
SQUARE	434176	277
FOLD	3191	2530	2530	975315	975315	0	5652775
RAIL	31	97	393	2797
CORRELATION	3393	3032	8176	12334
SQUARE	434304	277
FOLD	3200	2531	2531	975699	975699	0	5669500
RAIL	33	96	397	2802
CORRELATION	3402	3043	8176	12334
SQUARE	435456	277
FOLD	3201	2532	2532	976086	976086	0	5671565
RAIL	64	64	397	2803
CORRELATION	3405	3043	8176	12334
SQUARE	435840	277
FOLD	3202	2533	2533	976470	976470	0	5672683
RAIL	64	65	397	2804
CORRELATION	3406	3043	8176	12334
SQUARE	435968	277
FOLD	3203	2534	2534	976857	976857	0	5676342
RAIL	63	65	397	2805
CORRELATION	3409	3045	8176	12334
SQUARE	436352	277
FOLD	3204	2535	2535	977241	977241	0	5677700
RAIL	63	66	397	2806
CORRELATION	3410	3046	8176	12334
SQUARE	436480	277
FOLD	3205	2536	2536	977628	977628	0	5690662
RAIL	62	66	397	2807
CORRELATION	3413	3050	8176	12334
SQUARE	436864	277
FOLD	3206	2537	2537	978012	978012	0	5695572
RAIL	62	67	397	2808
CORRELATION	3414	3051	8176	12334
SQUARE	436992	277
FOLD	3207	2538	2538	978399	978399	0	5701305
RAIL	61	67	397	2809
CORRELATION	3417	3053	8176	12334
SQUARE	437376	277
FOLD	3208	2539	2539	978783	978783	0	5704974
RAIL	61	68	397	2810
CORRELATION	3418	3056	8176	12334
SQUARE	437504	277
FOLD	3209	2540	2540	979170	979170	0	5709525
RAIL	60	68	397	2811
CORRELATION	3421	3059	8176	12334
SQUARE	437888	277
FOLD	3210	2541	2541	979554	979554	0	5712324
RAIL	60	69	397	2812
CORRELATION	3422	3061	8176	12334
SQUARE	438016	277
FOLD	3211	2542	2542	979941	979941	0	5716090
RAIL	59	69	397	2813
CORRELATION	3425	3062	8176	12334
SQUARE	438400	277
FOLD	3212	2543	2543	980325	980325	0	5717925
RAIL	59	70	397	2814
CORRELATION	3426	3062	8176	12334
SQUARE	438528	277
FOLD	3213	2544	2544	980712	980712	0	5723595
RAIL	58	70	397	2815
CORRELATION	3429	3067	8176	12334
SQUARE	438912	277
FOLD	3214	2545	2545	981096	981096	0	5725358
RAIL	58	71	397	2816
CORRELATION	3430	3069	8176	12334
SQUARE	439040	277
FOLD	3215	2546	2546	981483	981483	0	5726514
RAIL	9	119	397	2817
CORRELATION	3431	3069	8176	12334
SQUARE	439168	277
FOLD	3216	2547	2547	981867	981867	0	5728002
RAIL	9	120	397	2818
CORRELATION	3432	3069	8176	12334
SQUARE	439296	277
FOLD	3217	2548	2548	982254	982254	0	5730419
RAIL	57	71	397	2819
CORRELATION	3433	3072	8176	12334
SQUARE	439424	277
FOLD	3218	2549	2549	982638	982638	0	5734547
RAIL	57	72	397	2820
CORRELATION	3434	3074	8176	12334
SQUARE	439552	277
FOLD	3219	2550	2550	983025	983025	0	5736900
RAIL	10	118	397	2821
CORRELATION	3435	3074	8176	12334
SQUARE	439680	277
FOLD	3228	2551	2551	983409	983409	0	5752880
RAIL	12	117	401	2826
CORRELATION	3444	3082	8176	12334
SQUARE	440832	277
FOLD	3229	2552	2552	983796	983796	0	5755664
RAIL	54	74	401	2827
CORRELATION	3445	3084	8176	12334
SQUARE	440960	277
FOLD	3230	2553	2553	984180	984180	0	5758367
RAIL	54	75	401	2828
CORRELATION	3446	3086	8176	12334
SQUARE	441088	277
FOLD	3231	2554	2554	984567	984567	0	5759378
RAIL	13	115	401	2829
CORRELATION	3447	3086	8176	12334
SQUARE	441216	277
FOLD	3232	2555	2555	984951	984951	0	5760444
RAIL	13	116	401	2830
CORRELATION	3448	3086	8176	12334
SQUARE	441344	277
FOLD	3233	2556	2556	985338	985338	0	5762952
RAIL	53	75	401	2831
CORRELATION	3449	3088	8176	12334
SQUARE	441472	277
FOLD	3234	2557	2557	985722	985722	0	5764651
RAIL	53	76	401	2832
CORRELATION	3450	3090	8176	12334
SQUARE	441600	277
FOLD	3235	2558	2558	986109	986109	0	5766250
RAIL	14	114	401	2833
CORRELATION	3451	3091	8176	12334
SQUARE	441728	277
FOLD	3244	2559	2559	986493	986493	0	5777980
RAIL	16	113	405	2838
CORRELATION	3460	3095	8176	12334
SQUARE	442880	277
FOLD	3245	2560	2560	986880	986880	0	5778855
RAIL	50	78	405	2839
CORRELATION	3461	3095	8176	12334
SQUARE	443008	277
FOLD	3246	2561	2561	987264	987264	0	5782278
RAIL	50	79	405	2840
CORRELATION	3462	3097	8176	12334
SQUARE	443136	277
FOLD	3247	2562	2562	987651	987651	0	5783282
RAIL	17	111	405	2841
CORRELATION	3463	3097	8176	12334
SQUARE	443264	277
FOLD	3256	2563	2563	988035	988035	0	5801095
RAIL	19	110	409	2846
CORRELATION	3472	3106	8176	12334
SQUARE	444416	277
FOLD	3257	2564	2564	988422	988422	0	5804708
RAIL	47	81	409	2847
CORRELATION	3473	3109	8176	12334
SQUARE	444544	277
FOLD	3258	2565	2565	988806	988806	0	5806757
RAIL	47	82	409	2848
CORRELATION	3474	3111	8176	12334
SQUARE	444672	277
FOLD	3259	2566	2566	989193	989193	0	5807861
RAIL	20	108	409	2849
CORRELATION	3475	3111	8176	12334
SQUARE	444800	277
FOLD	3260	2567	2567	989577	989577	0	5809817
RAIL	20	109	409	2850
CORRELATION	3476	3113	8176	12334
SQUARE	444928	277
FOLD	3261	2568	2568	989964	989964	0	5812136
RAIL	46	82	409	2851
CORRELATION	3477	3115	8176	12334
SQUARE	445056	277
FOLD	3262	2569	2569	990348	990348	0	5813181
RAIL	46	83	409	2852
CORRELATION	3478	3115	8176	12334
SQUARE	445184	277
FOLD	3263	2570	2570	990735	990735	0	5814493
RAIL	21	107	409	2853
CORRELATION	3479	3115	8176	12334
SQUARE	445312	277
FOLD	3264	2571	2571	991119	991119	0	5816316
RAIL	21	108	409	2854
CORRELATION	3480	3116	8176	12334
SQUARE	445440	277
FOLD	3265	2572	2572	991506	991506	0	5817445
RAIL	45	83	409	2855
CORRELATION	3481	3116	8176	12334
SQUARE	445568	277
FOLD	3266	2573	2573	991890	991890	0	5820498
RAIL	45	84	409	2856
CORRELATION	3482	3118	8176	12334
SQUARE	445696	277
FOLD	3267	2574	2574	992277	992277	0	5823249
RAIL	22	106	409	2857
CORRELATION	3483	3120	8176	12334
SQUARE	445824	277
FOLD	3276	2575	2575	992661	992661	0	5835458
RAIL	24	105	413	2862
CORRELATION	3492	3128	8176	12334
SQUARE	446976	277
FOLD	3277	2576	2576	993048	993048	0	5837315
RAIL	42	86	413	2863
CORRELATION	3493	3130	8176	12334
SQUARE	447104	277
FOLD	3278	2577	2577	993432	993432	0	5838693
RAIL	42	87	413	2864
CORRELATION	3494	3130	8176	12334
SQUARE	447232	277
FOLD	3279	2578	2578	993819	993819	0	5841686
RAIL	25	103	413	2865
CORRELATION	3495	3133	8176	12334
SQUARE	447360	277
FOLD	3288	2579	2579	994203	994203	0	5862247
RAIL	27	102	417	2870
CORRELATION	3504	3141	8176	12334
SQUARE	448512	277
FOLD	3289	2580	2580	994590	994590	0	5865974
RAIL	39	89	417	2871
CORRELATION	3505	3143	8176	12334
SQUARE	448640	277
FOLD	3290	2581	2581	994974	994974	0	5870563
RAIL	39	90	417	2872
CORRELATION	3506	3145	8176	12334
SQUARE	448768	277
FOLD	3291	2582	2582	995361	995361	0	5873580
RAIL	28	100	417	2873
CORRELATION	3507	3147	8176	12334
SQUARE	448896	277
FOLD	3292	2583	2583	995745	995745	0	5874572
RAIL	28	101	417	2874
CORRELATION	3508	3147	8176	12334
SQUARE	449024	277
FOLD	3293	2584	2584	996132	996132	0	5875587
RAIL	38	90	417	2875
CORRELATION	3509	3147	8176	12334
SQUARE	449152	277
FOLD	3294	2585	2585	996516	996516	0	5876574
RAIL	38	91	417	2876
CORRELATION	3510	3147	8176	12334
SQUARE	449280	277
FOLD	3295	2586	2586	996903	996903	0	5878253
RAIL	29	99	417	2877
CORRELATION	3511	3147	8176	12334
SQUARE	449408	277
FOLD	3304	2587	2587	997287	997287	0	5892218
RAIL	31	98	421	2882
CORRELATION	3520	3153	8176	12334
SQUARE	450560	277
FOLD	3305	2588	2588	997674	997674	0	5895502
RAIL	35	93	421	2883
CORRELATION	3521	3155	8176	12334
SQUARE	450688	277
FOLD	3306	2589	2589	998058	998058	0	5896678
RAIL	35	94	421	2884
CORRELATION	3522	3155	8176	12334
SQUARE	450816	277
FOLD	3307	2590	2590	998445	998445	0	5900704
RAIL	32	96	421	2885
CORRELATION	3523	3157	8176	12334
SQUARE	450944	277
FOLD	3316	2591	2591	998829	998829	0	5920487
RAIL	63	66	425	2890
CORRELATION	3536	3170	8176	12334
SQUARE	452608	277
FOLD	3317	2592	2592	999216	999216	0	5926516
RAIL	62	66	425	2891
CORRELATION	3539	3170	8176	12334
SQUARE	452992	277
FOLD	3318	2593	2593	999600	999600	0	5927591
RAIL	62	67	425	2892
CORRELATION	3540	3170	8176	12334
SQUARE	453120	277
FOLD	3319	2594	2594	999987	999987	0	5929660
RAIL	61	67	425	2893
CORRELATION	3543	3170	8176	12334
SQUARE	453504	277
FOLD	3320	2595	2595	1000371	1000371	0	5932516
RAIL	61	68	425	2894
CORRELATION	3544	3172	8176	12334
SQUARE	453632	277
FOLD	3321	2596	2596	1000758	1000758	0	5934547
RAIL	60	68	425	2895
CORRELATION	3547	3172	8176	12334
SQUARE	454016	277
FOLD	3322	2597	2597	1001142	1001142	0	5936715
RAIL	60	69	425	2896
CORRELATION	3548	3172	8176	12334
SQUARE	454144	277
FOLD	3323	2598	2598	1001529	1001529	0	5940344
RAIL	59	69	425	2897
CORRELATION	3551	3175	8176	12334
SQUARE	454528	277
FOLD	3324	2599	2599	1001913	1001913	0	5942024
RAIL	59	70	425	2898
CORRELATION	3552	3177	8176	12334
SQUARE	454656	277
FOLD	3325	2600	2600	1002300	1002300	0	5944831
RAIL	58	70	425	2899
CORRELATION	3555	3179	8176	12334
SQUARE	455040	277
FOLD	3326	2601	2601	1002684	1002684	0	5947928
RAIL	58	71	425	2900
CORRELATION	3556	3181	8176	12334
SQUARE	455168	277
FOLD	3327	2602	2602	1003071	1003071	0	5949070
RAIL	9	119	425	2901
CORRELATION	3557	3181	8176	12334
SQUARE	455296	277
FOLD	3332	2603	2603	1003455	1003455	0	5956278
RAIL	10	119	427	2904
CORRELATION	3562	3186	8176	12334
SQUARE	455936	277
FOLD	3333	2604	2604	1003842	1003842	0	5960722
RAIL	56	72	427	2905
CORRELATION	3563	3187	8176	12334
SQUARE	456064	277
FOLD	3334	2605	2605	1004226	1004226	0	5963198
RAIL	56	73	427	2906
CORRELATION	3564	3188	8176	12334
SQUARE	456192	277
FOLD	3335	2606	2606	1004613	1004613	0	5965540
RAIL	11	117	427	2907
CORRELATION	3565	3190	8176	12334
SQUARE	456320	277
FOLD	3344	2607	2607	1004997	1004997	0	5980047
RAIL	13	116	431	2912
CORRELATION	3574	3199	8176	12334
SQUARE	457472	277
FOLD	3345	2608	2608	1005384	1005384	0	5981055
RAIL	53	75	431	2913
CORRELATION	3575	3199	8176	12334
SQUARE	457600	277
FOLD	3346	2609	2609	1005768	1005768	0	5982179
RAIL	53	76	431	2914
CORRELATION	3576	3199	8176	12334
SQUARE	457728	277
FOLD	3347	2610	2610	1006155	1006155	0	5983657
RAIL	14	114	431	2915
CORRELATION	3577	3199	8176	12334
SQUARE	457856	277
FOLD	3348	2611	2611	1006539	1006539	0	5984798
RAIL	14	115	431	2916
CORRELATION	3578	3199	8176	12334
SQUARE	457984	277
FOLD	3349	2612	2612	1006926	1006926	0	5985827
RAIL	52	76	431	2917
CORRELATION	3579	3199	8176	12334
SQUARE	458112	277
FOLD	3350	2613	2613	1007310	1007310	0	5987855
RAIL	52	77	431	2918
CORRELATION	3580	3200	8176	12334
SQUARE	458240	277
FOLD	3351	2614	2614	1007697	1007697	0	5991358
RAIL	15	113	431	2919
CORRELATION	3581	3200	8176	12334
SQUARE	458368	277
FOLD	3360	2615	2615	1008081	1008081	0	6012355
RAIL	17	112	435	2924
CORRELATION	3590	3208	8176	12334
SQUARE	459520	277
FOLD	3361	2616	2616	1008468	1008468	0	6016242
RAIL	49	79	435	2925
CORRELATION	3591	3210	8176	12334
SQUARE	459648	277
FOLD	3362	2617	2617	1008852	1008852	0	6017723
RAIL	49	80	435	2926
CORRELATION	3592	3210	8176	12334
SQUARE	459776	277
FOLD	3363	2618	2618	1009239	1009239	0	6021708
RAIL	18	110	435	2927
CORRELATION	3593	3213	8176	12334
SQUARE	459904	277
FOLD	3372	2619	2619	1009623	1009623	0	6038430
RAIL	20	109	439	2932
CORRELATION	3602	3220	8176	12334
SQUARE	461056	277
FOLD	3373	2620	2620	1010010	1010010	0	6039394
RAIL	46	82	439	2933
CORRELATION	3603	3220	8176	12334
SQUARE	461184	277
FOLD	3374	2621	2621	1010394	1010394	0	6040659
RAIL	46	83	439	2934
CORRELATION	3604	3220	8176	12334
SQUARE	461312	277
FOLD	3375	2622	2622	1010781	1010781	0	6041863
RAIL	21	107	439	2935
CORRELATION	3605	3221	8176	12334
SQUARE	461440	277
FOLD	3376	2623	2623	1011165	1011165	0	6043477
RAIL	21	108	439	2936
CORRELATION	3606	3221	8176	12334
SQUARE	461568	277
FOLD	3377	2624	2624	1011552	1011552	0	6044666
RAIL	45	83	439	2937
CORRELATION	3607	3221	8176	12334
SQUARE	461696	277
FOLD	3378	2625	2625	1011936	1011936	0	6045759
RAIL	45	84	439	2938
CORRELATION	3608	3221	8176	12334
SQUARE	461824	277
FOLD	3379	2626	2626	1012323	1012323	0	6049743
RAIL	22	106	439	2939
CORRELATION	3609	3223	8176	12334
SQUARE	461952	277
FOLD	3380	2627	2627	1012707	1012707	0	6053220
RAIL	22	107	439	2940
CORRELATION	3610	3225	8176	12334
SQUARE	462080	277
FOLD	3381	2628	2628	1013094	1013094	0	6056766
RAIL	44	84	439	2941
CORRELATION	3611	3228	8176	12334
SQUARE	462208	277
FOLD	3382	2629	2629	1013478	1013478	0	6058987
RAIL	44	85	439	2942
CORRELATION	3612	3228	8176	12334
SQUARE	462336	277
FOLD	3383	2630	2630	1013865	1013865	0	6063195
RAIL	23	105	439	2943
CORRELATION	3613	3230	8176	12334
SQUARE	462464	277
FOLD	3392	2631	2631	1014249	1014249	0	6088210
RAIL	25	104	443	2948
CORRELATION	3622	3241	8176	12334
SQUARE	463616	277
FOLD	3393	2632	2632	1014636	1014636	0	6090233
RAIL	41	87	443	2949
CORRELATION	3623	3242	8176	12334
SQUARE	463744	277
FOLD	3394	2633	2633	1015020	1015020	0	6094411
RAIL	41	88	443	2950
CORRELATION	3624	3244	8176	12334
SQUARE	463872	277
FOLD	3395	2634	2634	1015407	1015407	0	6095454
RAIL	26	102	443	2951
CORRELATION	3625	3244	8176	12334
SQUARE	464000	277
FOLD	3404	2635	2635	1015791	1015791	0	6118166
RAIL	28	101	447	2956
CORRELATION	3634	3250	8176	12334
SQUARE	465152	277
FOLD	3405	2636	2636	1016178	1016178	0	6124132
RAIL	38	90	447	2957
CORRELATION	3635	3252	8176	12334
SQUARE	465280	277
FOLD	3406	2637	2637	1016562	1016562	0	6128474
RAIL	38	91	447	2958
CORRELATION	3636	3254	8176	12334
SQUARE	465408	277
FOLD	3407	2638	2638	1016949	1016949	0	6132237
RAIL	29	99	447	2959
CORRELATION	3637	3256	8176	12334
SQUARE	465536	277
FOLD	3408	2639	2639	1017333	1017333	0	6134124
RAIL	29	100	447	2960
CORRELATION	3638	3256	8176	12334
SQUARE	465664	277
FOLD	3409	2640	2640	1017720	1017720	0	6135839
RAIL	37	91	447	2961
CORRELATION	3639	3256	8176	12334
SQUARE	465792	277
FOLD	3410	2641	2641	1018104	1018104	0	6139321
RAIL	37	92	447	2962
CORRELATION	3640	3256	8176	12334
SQUARE	465920	277
FOLD	3411	2642	2642	1018491	1018491	0	6144062
RAIL	30	98	447	2963
CORRELATION	3641	3258	8176	12334
SQUARE	466048	277
FOLD	3420	2643	2643	1018875	1018875	0	6174597
RAIL	32	97	451	2968
CORRELATION	3650	3269	8176	12334
SQUARE	467200	277
FOLD	3421	2644	2644	1019262	1019262	0	6178765
RAIL	34	94	451	2969
CORRELATION	3651	3271	8176	12334
SQUARE	467328	277
FOLD	3430	2645	2645	1019646	1019646	0	6218892
RAIL	62	67	455	2974
CORRELATION	3666	3282	8176	12334
SQUARE	469248	277
FOLD	3431	2646	2646	1020033	1020033	0	6227093
RAIL	61	67	455	2975
CORRELATION	3669	3286	8176	12334
SQUARE	469632	277
FOLD	3432	2647	2647	1020417	1020417	0	6229874
RAIL	61	68	455	2976
CORRELATION	3670	3286	8176	12334
SQUARE	469760	277
FOLD	3433	2648	2648	1020804	1020804	0	6238216
RAIL	60	68	455	2977
CORRELATION	3673	3288	8176	12334
SQUARE	470144	277
FOLD	3434	2649	2649	1021188	1021188	0	6243242
RAIL	60	69	455	2978
CORRELATION	3674	3290	8176	12334
SQUARE	470272	277
FOLD	3435	2650	2650	1021575	1021575	0	6252591
RAIL	59	69	455	2979
CORRELATION	3677	3293	8176	12334
SQUARE	470656	277
FOLD	3436	2651	2651	1021959	1021959	0	6257444
RAIL	59	70	455	2980
CORRELATION	3678	3295	8176	12334
SQUARE	470784	277
FOLD	3437	2652	2652	1022346	1022346	0	6263926
RAIL	58	70	455	2981
CORRELATION	3681	3299	8176	12334
SQUARE	471168	277
FOLD	3438	2653	2653	1022730	1022730	0	6267626
RAIL	58	71	455	2982
CORRELATION	3682	3299	8176	12334
SQUARE	471296	277
FOLD	3439	2654	2654	1023117	1023117	0	6271998
RAIL	9	119	455	2983
CORRELATION	3683	3299	8176	12334
SQUARE	471424	277
FOLD	3448	2655	2655	1023501	1023501	0	6294186
RAIL	11	118	459	2988
CORRELATION	3692	3307	8176	12334
SQUARE	472576	277
FOLD	3449	2656	2656	1023888	1023888	0	6297925
RAIL	55	73	459	2989
CORRELATION	3693	3309	8176	12334
SQUARE	472704	277
FOLD	3450	2657	2657	1024272	1024272	0	6300850
RAIL	55	74	459	2990
CORRELATION	3694	3309	8176	12334
SQUARE	472832	277
FOLD	3451	2658	2658	1024659	1024659	0	6302875
RAIL	12	116	459	2991
CORRELATION	3695	3309	8176	12334
SQUARE	472960	277
FOLD	3460	2659	2659	1025043	1025043	0	6322968
RAIL	14	115	463	2996
CORRELATION	3704	3316	8176	12334
SQUARE	474112	277
FOLD	3461	2660	2660	1025430	1025430	0	6328410
RAIL	52	76	463	2997
CORRELATION	3705	3319	8176	12334
SQUARE	474240	277
FOLD	3462	2661	2661	1025814	1025814	0	6332811
RAIL	52	77	463	2998
CORRELATION	3706	3321	8176	12334
SQUARE	474368	277
FOLD	3463	2662	2662	1026201	1026201	0	6336093
RAIL	15	113	463	2999
CORRELATION	3707	3323	8176	12334
SQUARE	474496	277
FOLD	3464	2663	2663	1026585	1026585	0	6338744
RAIL	15	114	463	3000
CORRELATION	3708	3323	8176	12334
SQUARE	474624	277
FOLD	3465	2664	2664	1026972	1026972	0	6342596
RAIL	51	77	463	3001
CORRELATION	3709	3325	8176	12334
SQUARE	474752	277
FOLD	3466	2665	2665	1027356	1027356	0	6344650
RAIL	51	78	463	3002
CORRELATION	3710	3325	8176	12334
SQUARE	474880	277
FOLD	3467	2666	2666	1027743	1027743	0	6347971
RAIL	16	112	463	3003
CORRELATION	3711	3326	8176	12334
SQUARE	475008	277
FOLD	3476	2667	2667	1028127	1028127	0	6383097
RAIL	18	111	467	3008
CORRELATION	3720	3337	8176	12334
SQUARE	476160	277
FOLD	3477	2668	2668	1028514	1028514	0	6385519
RAIL	48	80	467	3009
CORRELATION	3721	3337	8176	12334
SQUARE	476288	277
FOLD	3478	2669	2669	1028898	1028898	0	6388226
RAIL	48	81	467	3010
CORRELATION	3722	3337	8176	12334
SQUARE	476416	277
FOLD	3479	2670	2670	1029285	1029285	0	6392093
RAIL	19	109	467	3011
CORRELATION	3723	3339	8176	12334
SQUARE	476544	277
FOLD	3488	2671	2671	1029669	1029669	0	6407023
RAIL	21	108	471	3016
CORRELATION	3732	3343	8176	12334
SQUARE	477696	277
FOLD	3489	2672	2672	1030056	1030056	0	6407934
RAIL	45	83	471	3017
CORRELATION	3733	3343	8176	12334
SQUARE	477824	277
FOLD	3490	2673	2673	1030440	1030440	0	6409568
RAIL	45	84	471	3018
CORRELATION	3734	3343	8176	12334
SQUARE	477952	277
FOLD	3491	2674	2674	1030827	1030827	0	6410922
RAIL	22	106	471	3019
CORRELATION	3735	3343	8176	12334
SQUARE	478080	277
FOLD	3492	2675	2675	1031211	1031211	0	6413300
RAIL	22	107	471	3020
CORRELATION	3736	3344	8176	12334
SQUARE	478208	277
FOLD	3493	2676	2676	1031598	1031598	0	6414258
RAIL	44	84	471	3021
CORRELATION	3737	3344	8176	12334
SQUARE	478336	277
FOLD	3494	2677	2677	1031982	1031982	0	6416341
RAIL	44	85	471	3022
CORRELATION	3738	3345	8176	12334
SQUARE	478464	277
FOLD	3495	2678	2678	1032369	1032369	0	6418511
RAIL	23	105	471	3023
CORRELATION	3739	3346	8176	12334
SQUARE	478592	277
FOLD	3496	2679	2679	1032753	1032753	0	6420202
RAIL	23	106	471	3024
CORRELATION	3740	3348	8176	12334
SQUARE	478720	277
FOLD	3497	2680	2680	1033140	1033140	0	6421574
RAIL	43	85	471	3025
CORRELATION	3741	3348	8176	12334
SQUARE	478848	277
FOLD	3498	2681	2681	1033524	1033524	0	6424478
RAIL	43	86	471	3026
CORRELATION	3742	3351	8176	12334
SQUARE	478976	277
FOLD	3499	2682	2682	1033911	1033911	0	6425573
RAIL	24	104	471	3027
CORRELATION	3743	3351	8176	12334
SQUARE	479104	277
FOLD	3508	2683	2683	1034295	1034295	0	6441170
RAIL	26	103	475	3032
CORRELATION	3752	3357	8176	12334
SQUARE	480256	277
FOLD	3509	2684	2684	1034682	1034682	0	6442841
RAIL	40	88	475	3033
CORRELATION	3753	3357	8176	12334
SQUARE	480384	277
FOLD	3510	2685	2685	1035066	1035066	0	6444069
RAIL	40	89	475	3034
CORRELATION	3754	3357	8176	12334
SQUARE	480512	277
FOLD	3511	2686	2686	1035453	1035453	0	6445625
RAIL	27	101	475	3035
CORRELATION	3755	3357	8176	12334
SQUARE	480640	277
FOLD	3520	2687	2687	1035837	1035837	0	6469334
RAIL	29	100	479	3040
CORRELATION	3764	3368	8176	12334
SQUARE	481792	277
FOLD	3521	2688	2688	1036224	1036224	0	6473295
RAIL	37	91	479	3041
CORRELATION	3765	3371	8176	12334
SQUARE	481920	277
FOLD	3522	2689	2689	1036608	1036608	0	6475583
RAIL	37	92	479	3042
CORRELATION	3766	3371	8176	12334
SQUARE	482048	277
FOLD	3523	2690	2690	1036995	1036995	0	6477991
RAIL	30	98	479	3043
CORRELATION	3767	3371	8176	12334
SQUARE	482176	277
FOLD	3524	2691	2691	1037379	1037379	0	6479445
RAIL	30	99	479	3044
CORRELATION	3768	3371	8176	12334
SQUARE	482304	277
FOLD	3525	2692	2692	1037766	1037766	0	6481020
RAIL	36	92	479	3045
CORRELATION	3769	3372	8176	12334
SQUARE	482432	277
FOLD	3526	2693	2693	1038150	1038150	0	6484893
RAIL	36	93	479	3046
CORRELATION	3770	3375	8176	12334
SQUARE	482560	277
FOLD	3527	2694	2694	1038537	1038537	0	6486024
RAIL	31	97	479	3047
CORRELATION	3771	3375	8176	12334
SQUARE	482688	277
FOLD	3544	2695	2695	1038921	1038921	0	6525609
RAIL	61	68	487	3056
CORRELATION	3796	3398	8176	12334
SQUARE	485888	277
FOLD	3545	2696	2696	1039308	1039308	0	6532766
RAIL	60	68	487	3057
CORRELATION	3799	3403	8176	12334
SQUARE	486272	277
FOLD	3546	2697	2697	1039692	1039692	0	6533904
RAIL	60	69	487	3058
CORRELATION	3800	3403	8176	12334
SQUARE	486400	277
FOLD	3547	2698	2698	1040079	1040079	0	6538220
RAIL	59	69	487	3059
CORRELATION	3803	3404	8176	12334
SQUARE	486784	277
FOLD	3548	2699	2699	1040463	1040463	0	6540537
RAIL	59	70	487	3060
CORRELATION	3804	3406	8176	12334
SQUARE	486912	277
FOLD	3549	2700	2700	1040850	1040850	0	6545324
RAIL	58	70	487	3061
CORRELATION	3807	3410	8176	12334
SQUARE	487296	277
FOLD	3550	2701	2701	1041234	1041234	0	6546527
RAIL	58	71	487	3062
CORRELATION	3808	3410	8176	12334
SQUARE	487424	277
FOLD	3551	2702	2702	1041621	1041621	0	6551221
RAIL	57	71	487	3063
CORRELATION	3811	3414	8176	12334
SQUARE	487808	277
FOLD	3552	2703	2703	1042005	1042005	0	6552945
RAIL	57	72	487	3064
CORRELATION	3812	3415	8176	12334
SQUARE	487936	277
FOLD	3553	2704	2704	1042392	1042392	0	6556311
RAIL	10	118	487	3065
CORRELATION	3813	3417	8176	12334
SQUARE	488064	277
FOLD	3562	2705	2705	1042776	1042776	0	6573652
RAIL	12	117	491	3070
CORRELATION	3822	3423	8176	12334
SQUARE	489216	277
FOLD	3563	2706	2706	1043163	1043163	0	6575495
RAIL	54	74	491	3071
CORRELATION	3823	3424	8176	12334
SQUARE	489344	277
FOLD	3564	2707	2707	1043547	1043547	0	6577123
RAIL	54	75	491	3072
CORRELATION	3824	3426	8176	12334
SQUARE	489472	277
FOLD	3565	2708	2708	1043934	1043934	0	6579674
RAIL	13	115	491	3073
CORRELATION	3825	3429	8176	12334
SQUARE	489600	277
FOLD	3574	2709	2709	1044318	1044318	0	6595209
RAIL	15	114	495	3078
CORRELATION	3834	3439	8176	12334
SQUARE	490752	277
FOLD	3575	2710	2710	1044705	1044705	0	6596154
RAIL	51	77	495	3079
CORRELATION	3835	3439	8176	12334
SQUARE	490880	277
FOLD	3576	2711	2711	1045089	1045089	0	6597431
RAIL	51	78	495	3080
CORRELATION	3836	3439	8176	12334
SQUARE	491008	277
FOLD	3577	2712	2712	1045476	1045476	0	6598646
RAIL	16	112	495	3081
CORRELATION	3837	3439	8176	12334
SQUARE	491136	277
FOLD	3578	2713	2713	1045860	1045860	0	6600021
RAIL	16	113	495	3082
CORRELATION	3838	3439	8176	12334
SQUARE	491264	277
FOLD	3579	2714	2714	1046247	1046247	0	6604895
RAIL	50	78	495	3083
CORRELATION	3839	3441	8176	12334
SQUARE	491392	277
FOLD	3580	2715	2715	1046631	1046631	0	6606096
RAIL	50	79	495	3084
CORRELATION	3840	3441	8176	12334
SQUARE	491520	277
FOLD	3581	2716	2716	1047018	1047018	0	6608220
RAIL	17	111	495	3085
CORRELATION	3841	3443	8176	12334
SQUARE	491648	277
FOLD	3590	2717	2717	1047402	1047402	0	6623370
RAIL	19	110	499	3090
CORRELATION	3850	3454	8176	12334
SQUARE	492800	277
FOLD	3591	2718	2718	1047789	1047789	0	6624393
RAIL	47	81	499	3091
CORRELATION	3851	3454	8176	12334
SQUARE	492928	277
FOLD	3592	2719	2719	1048173	1048173	0	6625442
RAIL	47	82	499	3092
CORRELATION	3852	3454	8176	12334
SQUARE	493056	277
FOLD	3593	2720	2720	1048560	1048560	0	6626620
RAIL	20	108	499	3093
CORRELATION	3853	3454	8176	12334
SQUARE	493184	277
FOLD	3602	2721	2721	1048944	1048944	0	6639772
RAIL	22	107	503	3098
CORRELATION	3862	3463	8176	12334
SQUARE	494336	277
FOLD	3603	2722	2722	1049331	1049331	0	6641144
RAIL	44	84	503	3099
CORRELATION	3863	3463	8176	12334
SQUARE	494464	277
FOLD	3604	2723	2723	1049715	1049715	0	6642460
RAIL	44	85	503	3100
CORRELATION	3864	3463	8176	12334
SQUARE	494592	277
FOLD	3605	2724	2724	1050102	1050102	0	6644102
RAIL	23	105	503	3101
CORRELATION	3865	3465	8176	12334
SQUARE	494720	277
FOLD	3606	2725	2725	1050486	1050486	0	6645552
RAIL	23	106	503	3102
CORRELATION	3866	3467	8176	12334
SQUARE	494848	277
FOLD	3607	2726	2726	1050873	1050873	0	6646930
RAIL	43	85	503	3103
CORRELATION	3867	3467	8176	12334
SQUARE	494976	277
FOLD	3608	2727	2727	1051257	1051257	0	6649028
RAIL	43	86	503	3104
CORRELATION	3868	3469	8176	12334
SQUARE	495104	277
FOLD	3609	2728	2728	1051644	1051644	0	6650827
RAIL	24	104	503	3105
CORRELATION	3869	3471	8176	12334
SQUARE	495232	277
FOLD	3610	2729	2729	1052028	1052028	0	6652154
RAIL	24	105	503	3106
CORRELATION	3870	3471	8176	12334
SQUARE	495360	277
FOLD	3611	2730	2730	1052415	1052415	0	6653685
RAIL	42	86	503	3107
CORRELATION	3871	3471	8176	12334
SQUARE	495488	277
FOLD	3612	2731	2731	1052799	1052799	0	6655130
RAIL	42	87	503	3108
CORRELATION	3872	3471	8176	12334
SQUARE	495616	277
FOLD	3613	2732	2732	1053186	1053186	0	6657028
RAIL	25	103	503	3109
CORRELATION	3873	3472	8176	12334
SQUARE	495744	277
FOLD	3622	2733	2733	1053570	1053570	0	6670372
RAIL	27	102	507	3114
CORRELATION	3882	3481	8176	12334
SQUARE	496896	277
FOLD	3623	2734	2734	1053957	1053957	0	6672209
RAIL	39	89	507	3115
CORRELATION	3883	3484	8176	12334
SQUARE	497024	277
FOLD	3624	2735	2735	1054341	1054341	0	6673346
RAIL	39	90	507	3116
CORRELATION	3884	3484	8176	12334
SQUARE	497152	277
FOLD	3625	2736	2736	1054728	1054728	0	6674675
RAIL	28	100	507	3117
CORRELATION	3885	3485	8176	12334
SQUARE	497280	277
FOLD	3634	2737	2737	1055112	1055112	0	6688236
RAIL	30	99	511	3122
CORRELATION	3894	3493	8176	12334
SQUARE	498432	277
FOLD	3635	2738	2738	1055499	1055499	0	6689941
RAIL	36	92	511	3123
CORRELATION	3895	3494	8176	12334
SQUARE	498560	277
FOLD	3652	2739	2739	1055883	1055883	0	6729656
RAIL	62	67	519	3132
CORRELATION	3918	3518	8176	12334
SQUARE	501504	277
FOLD	3653	2740	2740	1056270	1056270	0	6734764
RAIL	61	67	519	3133
CORRELATION	3921	3520	8176	12334
SQUARE	501888	277
FOLD	3654	2741	2741	1056654	1056654	0	6737907
RAIL	61	68	519	3134
CORRELATION	3922	3520	8176	12334
SQUARE	502016	277
FOLD	3655	2742	2742	1057041	1057041	0	6743060
RAIL	60	68	519	3135
CORRELATION	3925	3525	8176	12334
SQUARE	502400	277
FOLD	3656	2743	2743	1057425	1057425	0	6747172
RAIL	60	69	519	3136
CORRELATION	3926	3527	8176	12334
SQUARE	502528	277
FOLD	3657	2744	2744	1057812	1057812	0	6752228
RAIL	59	69	519	3137
CORRELATION	3929	3529	8176	12334
SQUARE	502912	277
FOLD	3658	2745	2745	1058196	1058196	0	6753249
RAIL	59	70	519	3138
CORRELATION	3930	3529	8176	12334
SQUARE	503040	277
FOLD	3659	2746	2746	1058583	1058583	0	6758394
RAIL	58	70	519	3139
CORRELATION	3933	3529	8176	12334
SQUARE	503424	277
FOLD	3660	2747	2747	1058967	1058967	0	6760680
RAIL	58	71	519	3140
CORRELATION	3934	3529	8176	12334
SQUARE	503552	277
FOLD	3661	2748	2748	1059354	1059354	0	6766881
RAIL	57	71	519	3141
CORRELATION	3937	3533	8176	12334
SQUARE	503936	277
FOLD	3662	2749	2749	1059738	1059738	0	6769941
RAIL	57	72	519	3142
CORRELATION	3938	3534	8176	12334
SQUARE	504064	277
FOLD	3663	2750	2750	1060125	1060125	0	6773350
RAIL	10	118	519	3143
CORRELATION	3939	3537	8176	12334
SQUARE	504192	277
FOLD	3664	2751	2751	1060509	1060509	0	6774225
RAIL	10	119	519	3144
CORRELATION	3940	3537	8176	12334
SQUARE	504320	277
FOLD	3665	2752	2752	1060896	1060896	0	6775026
RAIL	56	72	519	3145
CORRELATION	3941	3537	8176	12334
SQUARE	504448	277
FOLD	3666	2753	2753	1061280	1061280	0	6776097
RAIL	56	73	519	3146
CORRELATION	3942	3537	8176	12334
SQUARE	504576	277
FOLD	3667	2754	2754	1061667	1061667	0	6777223
RAIL	11	117	519	3147
CORRELATION	3943	3537	8176	12334
SQUARE	504704	277
FOLD	3676	2755	2755	1062051	1062051	0	6790532
RAIL	13	116	523	3152
CORRELATION	3952	3547	8176	12334
SQUARE	505856	277
FOLD	3677	2756	2756	1062438	1062438	0	6791772
RAIL	53	75	523	3153
CORRELATION	3953	3548	8176	12334
SQUARE	505984	277
FOLD	3678	2757	2757	1062822	1062822	0	6794644
RAIL	53	76	523	3154
CORRELATION	3954	3551	8176	12334
SQUARE	506112	277
FOLD	3679	2758	2758	1063209	1063209	0	6795762
RAIL	14	114	523	3155
CORRELATION	3955	3551	8176	12334
SQUARE	506240	277
FOLD	3688	2759	2759	1063593	1063593	0	6808429
RAIL	16	113	527	3160
CORRELATION	3964	3560	8176	12334
SQUARE	507392	277
FOLD	3689	2760	2760	1063980	1063980	0	6809491
RAIL	50	78	527	3161
CORRELATION	3965	3560	8176	12334
SQUARE	507520	277
FOLD	3690	2761	2761	1064364	1064364	0	6810664
RAIL	50	79	527	3162
CORRELATION	3966	3560	8176	12334
SQUARE	507648	277
FOLD	3691	2762	2762	1064751	1064751	0	6812077
RAIL	17	111	527	3163
CORRELATION	3967	3562	8176	12334
SQUARE	507776	277
FOLD	3692	2763	2763	1065135	1065135	0	6813396
RAIL	17	112	527	3164
CORRELATION	3968	3562	8176	12334
SQUARE	507904	277
FOLD	3693	2764	2764	1065522	1065522	0	6814563
RAIL	49	79	527	3165
CORRELATION	3969	3562	8176	12334
SQUARE	508032	277
FOLD	3694	2765	2765	1065906	1065906	0	6815666
RAIL	49	80	527	3166
CORRELATION	3970	3563	8176	12334
SQUARE	508160	277
FOLD	3695	2766	2766	1066293	1066293	0	6819727
RAIL	18	110	527	3167
CORRELATION	3971	3565	8176	12334
SQUARE	508288	277
FOLD	3704	2767	2767	1066677	1066677	0	6832894
RAIL	20	109	531	3172
CORRELATION	3980	3575	8176	12334
SQUARE	509440	277
FOLD	3705	2768	2768	1067064	1067064	0	6834286
RAIL	46	82	531	3173
CORRELATION	3981	3577	8176	12334
SQUARE	509568	277
FOLD	3706	2769	2769	1067448	1067448	0	6835292
RAIL	46	83	531	3174
CORRELATION	3982	3577	8176	12334
SQUARE	509696	277
FOLD	3707	2770	2770	1067835	1067835	0	6836606
RAIL	21	107	531	3175
CORRELATION	3983	3577	8176	12334
SQUARE	509824	277
FOLD	3716	2771	2771	1068219	1068219	0	6852665
RAIL	23	106	535	3180
CORRELATION	3992	3588	8176	12334
SQUARE	510976	277
FOLD	3717	2772	2772	1068606	1068606	0	6853590
RAIL	43	85	535	3181
CORRELATION	3993	3588	8176	12334
SQUARE	511104	277
FOLD	3718	2773	2773	1068990	1068990	0	6854789
RAIL	43	86	535	3182
CORRELATION	3994	3588	8176	12334
SQUARE	511232	277
FOLD	3719	2774	2774	1069377	1069377	0	6855861
RAIL	24	104	535	3183
CORRELATION	3995	3588	8176	12334
SQUARE	511360	277
FOLD	3720	2775	2775	1069761	1069761	0	6857100
RAIL	24	105	535	3184
CORRELATION	3996	3588	8176	12334
SQUARE	511488	277
FOLD	3721	2776	2776	1070148	1070148	0	6858175
RAIL	42	86	535	3185
CORRELATION	3997	3588	8176	12334
SQUARE	511616	277
FOLD	3722	2777	2777	1070532	1070532	0	6859236
RAIL	42	87	535	3186
CORRELATION	3998	3588	8176	12334
SQUARE	511744	277
FOLD	3723	2778	2778	1070919	1070919	0	6860348
RAIL	25	103	535	3187
CORRELATION	3999	3588	8176	12334
SQUARE	511872	277
FOLD	3724	2779	2779	1071303	1071303	0	6862365
RAIL	25	104	535	3188
CORRELATION	4000	3588	8176	12334
SQUARE	512000	277
FOLD	3725	2780	2780	1071690	1071690	0	6863829
RAIL	41	87	535	3189
CORRELATION	4001	3589	8176	12334
SQUARE	512128	277
FOLD	3726	2781	2781	1072074	1072074	0	6867304
RAIL	41	88	535	3190
CORRELATION	4002	3592	8176	12334
SQUARE	512256	277
FOLD	3727	2782	2782	1072461	1072461	0	6868405
RAIL	26	102	535	3191
CORRELATION	4003	3592	8176	12334
SQUARE	512384	277
FOLD	3736	2783	2783	1072845	1072845	0	6882187
RAIL	28	101	539	3196
CORRELATION	4012	3601	8176	12334
SQUARE	513536	277
FOLD	3737	2784	2784	1073232	1073232	0	6883163
RAIL	38	90	539	3197
CORRELATION	4013	3601	8176	12334
SQUARE	513664	277
FOLD	3738	2785	2785	1073616	1073616	0	6884217
RAIL	38	91	539	3198
CORRELATION	4014	3601	8176	12334
SQUARE	513792	277
FOLD	3739	2786	2786	1074003	1074003	0	6885799
RAIL	29	99	539	3199
CORRELATION	4015	3602	8176	12334
SQUARE	513920	277
FOLD	3764	2787	2787	1074387	1074387	0	6941838
RAIL	61	68	551	3212
CORRELATION	4048	3633	8176	12334
SQUARE	518144	277
FOLD	3765	2788	2788	1074774	1074774	0	6947336
RAIL	60	68	551	3213
CORRELATION	4051	3637	8176	12334
SQUARE	518528	277
FOLD	3766	2789	2789	1075158	1075158	0	6948378
RAIL	60	69	551	3214
CORRELATION	4052	3637	8176	12334
SQUARE	518656	277
FOLD	3767	2790	2790	1075545	1075545	0	6950923
RAIL	59	69	551	3215
CORRELATION	4055	3638	8176	12334
SQUARE	519040	277
FOLD	3768	2791	2791	1075929	1075929	0	6951997
RAIL	59	70	551	3216
CORRELATION	4056	3638	8176	12334
SQUARE	519168	277
FOLD	3769	2792	2792	1076316	1076316	0	6960446
RAIL	58	70	551	3217
CORRELATION	4059	3642	8176	12334
SQUARE	519552	277
FOLD	3770	2793	2793	1076700	1076700	0	6964074
RAIL	58	71	551	3218
CORRELATION	4060	3644	8176	12334
SQUARE	519680	277
FOLD	3771	2794	2794	1077087	1077087	0	6966674
RAIL	57	71	551	3219
CORRELATION	4063	3644	8176	12334
SQUARE	520064	277
FOLD	3772	2795	2795	1077471	1077471	0	6970104
RAIL	57	72	551	3220
CORRELATION	4064	3645	8176	12334
SQUARE	520192	277
FOLD	3773	2796	2796	1077858	1077858	0	6976506
RAIL	10	118	551	3221
CORRELATION	4065	3648	8176	12334
SQUARE	520320	277
FOLD	3774	2797	2797	1078242	1078242	0	6977839
RAIL	10	119	551	3222
CORRELATION	4066	3648	8176	12334
SQUARE	520448	277
FOLD	3775	2798	2798	1078629	1078629	0	6979241
RAIL	56	72	551	3223
CORRELATION	4067	3649	8176	12334
SQUARE	520576	277
FOLD	3776	2799	2799	1079013	1079013	0	6981520
RAIL	56	73	551	3224
CORRELATION	4068	3651	8176	12334
SQUARE	520704	277
FOLD	3777	2800	2800	1079400	1079400	0	6983566
RAIL	11	117	551	3225
CORRELATION	4069	3651	8176	12334
SQUARE	520832	277
FOLD	3778	2801	2801	1079784	1079784	0	6988617
RAIL	11	118	551	3226
CORRELATION	4070	3653	8176	12334
SQUARE	520960	277
FOLD	3779	2802	2802	1080171	1080171	0	6990088
RAIL	55	73	551	3227
CORRELATION	4071	3653	8176	12334
SQUARE	521088	277
FOLD	3780	2803	2803	1080555	1080555	0	6993057
RAIL	55	74	551	3228
CORRELATION	4072	3656	8176	12334
SQUARE	521216	277
FOLD	3781	2804	2804	1080942	1080942	0	6994490
RAIL	12	116	551	3229
CORRELATION	4073	3656	8176	12334
SQUARE	521344	277
FOLD	3790	2805	2805	1081326	1081326	0	7007734
RAIL	14	115	555	3234
CORRELATION	4082	3667	8176	12334
SQUARE	522496	277
FOLD	3791	2806	2806	1081713	1081713	0	7008591
RAIL	52	76	555	3235
CORRELATION	4083	3667	8176	12334
SQUARE	522624	277
FOLD	3792	2807	2807	1082097	1082097	0	7009671
RAIL	52	77	555	3236
CORRELATION	4084	3667	8176	12334
SQUARE	522752	277
FOLD	3793	2808	2808	1082484	1082484	0	7010855
RAIL	15	113	555	3237
CORRELATION	4085	3667	8176	12334
SQUARE	522880	277
FOLD	3802	2809	2809	1082868	1082868	0	7026975
RAIL	17	112	559	3242
CORRELATION	4094	3676	8176	12334
SQUARE	524032	277
FOLD	3803	2810	2810	1083255	1083255	0	7030191
RAIL	49	79	559	3243
CORRELATION	4095	3678	8176	12334
SQUARE	524160	277
FOLD	3803	2810	2810	1083255	1083255	0	7031212
RAIL	49	79	559	3244
CORRELATION	4095	3678	8176	12334
SQUARE	524288	277
FOLD	3803	2810	2810	1083255	1083255	0	7032769
RAIL	49	79	559	3244
CORRELATION	4096	3680	8176	12334
SQUARE	524288	277
FOLD	3804	2811	2811	1083639	1083639	0	7032782
RAIL	49	80	559	3244
CORRELATION	4096	3680	8176	12334
SQUARE	524288	277
FOLD	3805	2812	2812	1084026	1084026	0	7033946
RAIL	18	110	559	3245
CORRELATION	4097	3680	8176	12334
SQUARE	524416	277
FOLD	3806	2813	2813	1084410	1084410	0	7035479
RAIL	18	111	559	3246
CORRELATION	4098	3680	8176	12334
SQUARE	524544	277
FOLD	3807	2814	2814	1084797	1084797	0	7036682
RAIL	48	80	559	3247
CORRELATION	4099	3680	8176	12334
SQUARE	524672	277
FOLD	3808	2815	2815	1085181	1085181	0	7038764
RAIL	48	81	559	3248
CORRELATION	4100	3681	8176	12334
SQUARE	524800	277
FOLD	3809	2816	2816	1085568	1085568	0	7041605
RAIL	19	109	559	3249
CORRELATION	4101	3684	8176	12334
SQUARE	524928	277
FOLD	3818	2817	2817	1085952	1085952	0	7056277
RAIL	21	108	563	3254
CORRELATION	4110	3694	8176	12334
SQUARE	526080	277
FOLD	3819	2818	2818	1086339	1086339	0	7057433
RAIL	45	83	563	3255
CORRELATION	4111	3695	8176	12334
SQUARE	526208	277
FOLD	3820	2819	2819	1086723	1086723	0	7060018
RAIL	45	84	563	3256
CORRELATION	4112	3695	8176	12334
SQUARE	526336	277
FOLD	3821	2820	2820	1087110	1087110	0	7061652
RAIL	22	106	563	3257
CORRELATION	4113	3696	8176	12334
SQUARE	526464	277
FOLD	3830	2821	2821	1087494	1087494	0	7074773
RAIL	24	105	567	3262
CORRELATION	4122	3702	8176	12334
SQUARE	527616	277
FOLD	3831	2822	2822	1087881	1087881	0	7076595
RAIL	42	86	567	3263
CORRELATION	4123	3703	8176	12334
SQUARE	527744	277
FOLD	3832	2823	2823	1088265	1088265	0	7080264
RAIL	42	87	567	3264
CORRELATION	4124	3706	8176	12334
SQUARE	527872	277
FOLD	3833	2824	2824	1088652	1088652	0	7081833
RAIL	25	103	567	3265
CORRELATION	4125	3706	8176	12334
SQUARE	528000	277
FOLD	3834	2825	2825	1089036	1089036	0	7084073
RAIL	25	104	567	3266
CORRELATION	4126	3707	8176	12334
SQUARE	528128	277
FOLD	3835	2826	2826	1089423	1089423	0	7085386
RAIL	41	87	567	3267
CORRELATION	4127	3707	8176	12334
SQUARE	528256	277
FOLD	3836	2827	2827	1089807	1089807	0	7087693
RAIL	41	88	567	3268
CORRELATION	4128	3709	8176	12334
SQUARE	528384	277
FOLD	3837	2828	2828	1090194	1090194	0	7089058
RAIL	26	102	567	3269
CORRELATION	4129	3709	8176	12334
SQUARE	528512	277
FOLD	3838	2829	2829	1090578	1090578	0	7092422
RAIL	26	103	567	3270
CORRELATION	4130	3711	8176	12334
SQUARE	528640	277
FOLD	3839	2830	2830	1090965	1090965	0	7094565
RAIL	40	88	567	3271
CORRELATION	4131	3713	8176	12334
SQUARE	528768	277
FOLD	3840	2831	2831	1091349	1091349	0	7095949
RAIL	40	89	567	3272
CORRELATION	4132	3713	8176	12334
SQUARE	528896	277
FOLD	3841	2832	2832	1091736	1091736	0	7097007
RAIL	27	101	567	3273
CORRELATION	4133	3713	8176	12334
SQUARE	529024	277
FOLD	3874	2833	2833	1092120	1092120	0	7172484
RAIL	61	68	583	3290
CORRELATION	4174	3752	8176	12334
SQUARE	534272	277
FOLD	3875	2834	2834	1092507	1092507	0	7184110
RAIL	60	68	583	3291
CORRELATION	4177	3756	8176	12334
SQUARE	534656	277
FOLD	3876	2835	2835	1092891	1092891	0	7185732
RAIL	60	69	583	3292
CORRELATION	4178	3758	8176	12334
SQUARE	534784	277
FOLD	3877	2836	2836	1093278	1093278	0	7188556
RAIL	59	69	583	3293
CORRELATION	4181	3760	8176	12334
SQUARE	535168	277
FOLD	3878	2837	2837	1093662	1093662	0	7189707
RAIL	59	70	583	3294
CORRELATION	4182	3760	8176	12334
SQUARE	535296	277
FOLD	3879	2838	2838	1094049	1094049	0	7196832
RAIL	58	70	583	3295
CORRELATION	4185	3764	8176	12334
SQUARE	535680	277
FOLD	3880	2839	2839	1094433	1094433	0	7199523
RAIL	58	71	583	3296
CORRELATION	4186	3766	8176	12334
SQUARE	535808	277
FOLD	3881	2840	2840	1094820	1094820	0	7202539
RAIL	57	71	583	3297
CORRELATION	4189	3768	8176	12334
SQUARE	536192	277
FOLD	3882	2841	2841	1095204	1095204	0	7206394
RAIL	57	72	583	3298
CORRELATION	4190	3770	8176	12334
SQUARE	536320	277
FOLD	3883	2842	2842	1095591	1095591	0	7209434
RAIL	10	118	583	3299
CORRELATION	4191	3773	8176	12334
SQUARE	536448	277
FOLD	3884	2843	2843	1095975	1095975	0	7210468
RAIL	10	119	583	3300
CORRELATION	4192	3773	8176	12334
SQUARE	536576	277
FOLD	3885	2844	2844	1096362	1096362	0	7211419
RAIL	56	72	583	3301
CORRELATION	4193	3773	8176	12334
SQUARE	536704	277
FOLD	3886	2845	2845	1096746	1096746	0	7213060
RAIL	56	73	583	3302
CORRELATION	4194	3773	8176	12334
SQUARE	536832	277
FOLD	3887	2846	2846	1097133	1097133	0	7214194
RAIL	11	117	583	3303
CORRELATION	4195	3773	8176	12334
SQUARE	536960	277
FOLD	3888	2847	2847	1097517	1097517	0	7215177
RAIL	11	118	583	3304
CORRELATION	4196	3773	8176	12334
SQUARE	537088	277
FOLD	3889	2848	2848	1097904	1097904	0	7217183
RAIL	55	73	583	3305
CORRELATION	4197	3776	8176	12334
SQUARE	537216	277
FOLD	3890	2849	2849	1098288	1098288	0	7218445
RAIL	55	74	583	3306
CORRELATION	4198	3776	8176	12334
SQUARE	537344	277
FOLD	3891	2850	2850	1098675	1098675	0	7223132
RAIL	12	116	583	3307
CORRELATION	4199	3779	8176	12334
SQUARE	537472	277
FOLD	3892	2851	2851	1099059	1099059	0	7224914
RAIL	12	117	583	3308
CORRELATION	4200	3779	8176	12334
SQUARE	537600	277
FOLD	3893	2852	2852	1099446	1099446	0	7226168
RAIL	54	74	583	3309
CORRELATION	4201	3779	8176	12334
SQUARE	537728	277
FOLD	3894	2853	2853	1099830	1099830	0	7228400
RAIL	54	75	583	3310
CORRELATION	4202	3782	8176	12334
SQUARE	537856	277
FOLD	3895	2854	2854	1100217	1100217	0	7229648
RAIL	13	115	583	3311
CORRELATION	4203	3782	8176	12334
SQUARE	537984	277
FOLD	3904	2855	2855	1100601	1100601	0	7243339
RAIL	15	114	587	3316
CORRELATION	4212	3792	8176	12334
SQUARE	539136	277
FOLD	3905	2856	2856	1100988	1100988	0	7244321
RAIL	51	77	587	3317
CORRELATION	4213	3792	8176	12334
SQUARE	539264	277
FOLD	3906	2857	2857	1101372	1101372	0	7245586
RAIL	51	78	587	3318
CORRELATION	4214	3792	8176	12334
SQUARE	539392	277
FOLD	3907	2858	2858	1101759	1101759	0	7246783
RAIL	16	112	587	3319
CORRELATION	4215	3792	8176	12334
SQUARE	539520	277
FOLD	3916	2859	2859	1102143	1102143	0	7262856
RAIL	18	111	591	3324
CORRELATION	4224	3802	8176	12334
SQUARE	540672	277
FOLD	3917	2860	2860	1102530	1102530	0	7263788
RAIL	48	80	591	3325
CORRELATION	4225	3802	8176	12334
SQUARE	540800	277
FOLD	3918	2861	2861	1102914	1102914	0	7265029
RAIL	48	81	591	3326
CORRELATION	4226	3802	8176	12334
SQUARE	540928	277
FOLD	3919	2862	2862	1103301	1103301	0	7266131
RAIL	19	109	591	3327
CORRELATION	4227	3802	8176	12334
SQUARE	541056	277
FOLD	3920	2863	2863	1103685	1103685	0	7267860
RAIL	19	110	591	3328
CORRELATION	4228	3802	8176	12334
SQUARE	541184	277
FOLD	3921	2864	2864	1104072	1104072	0	7269051
RAIL	47	81	591	3329
CORRELATION	4229	3802	8176	12334
SQUARE	541312	277
FOLD	3922	2865	2865	1104456	1104456	0	7270679
RAIL	47	82	591	3330
CORRELATION	4230	3802	8176	12334
SQUARE	541440	277
FOLD	3923	2866	2866	1104843	1104843	0	7275205
RAIL	20	108	591	3331
CORRELATION	4231	3805	8176	12334
SQUARE	541568	277
FOLD	3932	2867	2867	1105227	1105227	0	7301606
RAIL	22	107	595	3336
CORRELATION	4240	3816	8176	12334
SQUARE	542720	277
FOLD	3933	2868	2868	1105614	1105614	0	7305533
RAIL	44	84	595	3337
CORRELATION	4241	3818	8176	12334
SQUARE	542848	277
FOLD	3934	2869	2869	1105998	1105998	0	7306923
RAIL	44	85	595	3338
CORRELATION	4242	3818	8176	12334
SQUARE	542976	277
FOLD	3935	2870	2870	1106385	1106385	0	7308136
RAIL	23	105	595	3339
CORRELATION	4243	3818	8176	12334
SQUARE	543104	277
FOLD	3944	2871	2871	1106769	1106769	0	7325650
RAIL	25	104	599	3344
CORRELATION	4252	3826	8176	12334
SQUARE	544256	277
FOLD	3945	2872	2872	1107156	1107156	0	7326829
RAIL	41	87	599	3345
CORRELATION	4253	3826	8176	12334
SQUARE	544384	277
FOLD	3946	2873	2873	1107540	1107540	0	7328221
RAIL	41	88	599	3346
CORRELATION	4254	3828	8176	12334
SQUARE	544512	277
FOLD	3947	2874	2874	1107927	1107927	0	7329764
RAIL	26	102	599	3347
CORRELATION	4255	3830	8176	12334
SQUARE	544640	277
FOLD	3948	2875	2875	1108311	1108311	0	7331131
RAIL	26	103	599	3348
CORRELATION	4256	3830	8176	12334
SQUARE	544768	277
FOLD	3949	2876	2876	1108698	1108698	0	7332407
RAIL	40	88	599	3349
CORRELATION	4257	3830	8176	12334
SQUARE	544896	277
FOLD	3950	2877	2877	1109082	1109082	0	7333521
RAIL	40	89	599	3350
CORRELATION	4258	3830	8176	12334
SQUARE	545024	277
FOLD	3951	2878	2878	1109469	1109469	0	7335024
RAIL	27	101	599	3351
CORRELATION	4259	3830	8176	12334
SQUARE	545152	277
FOLD	3952	2879	2879	1109853	1109853	0	7336624
RAIL	27	102	599	3352
CORRELATION	4260	3831	8176	12334
SQUARE	545280	277
FOLD	3953	2880	2880	1110240	1110240	0	7338022
RAIL	39	89	599	3353
CORRELATION	4261	3831	8176	12334
SQUARE	545408	277
FOLD	3986	2881	2881	1110624	1110624	0	7403537
RAIL	60	69	615	3370
CORRELATION	4304	3860	8176	12334
SQUARE	550912	277
FOLD	3987	2882	2882	1111011	1111011	0	7409236
RAIL	59	69	615	3371
CORRELATION	4307	3865	8176	12334
SQUARE	551296	277
FOLD	3988	2883	2883	1111395	1111395	0	7410698
RAIL	59	70	615	3372
CORRELATION	4308	3865	8176	12334
SQUARE	551424	277
FOLD	3989	2884	2884	1111782	1111782	0	7414699
RAIL	58	70	615	3373
CORRELATION	4311	3868	8176	12334
SQUARE	551808	277
FOLD	3990	2885	2885	1112166	1112166	0	7415902
RAIL	58	71	615	3374
CORRELATION	4312	3868	8176	12334
SQUARE	551936	277
FOLD	3991	2886	2886	1112553	1112553	0	7419601
RAIL	57	71	615	3375
CORRELATION	4315	3869	8176	12334
SQUARE	552320	277
FOLD	3992	2887	2887	1112937	1112937	0	7425846
RAIL	57	72	615	3376
CORRELATION	4316	3871	8176	12334
SQUARE	552448	277
FOLD	3993	2888	2888	1113324	1113324	0	7427487
RAIL	10	118	615	3377
CORRELATION	4317	3871	8176	12334
SQUARE	552576	277
FOLD	3994	2889	2889	1113708	1113708	0	7430351
RAIL	10	119	615	3378
CORRELATION	4318	3873	8176	12334
SQUARE	552704	277
FOLD	3995	2890	2890	1114095	1114095	0	7431581
RAIL	56	72	615	3379
CORRELATION	4319	3873	8176	12334
SQUARE	552832	277
FOLD	3996	2891	2891	1114479	1114479	0	7433110
RAIL	56	73	615	3380
CORRELATION	4320	3873	8176	12334
SQUARE	552960	277
FOLD	3997	2892	2892	1114866	1114866	0	7436431
RAIL	11	117	615	3381
CORRELATION	4321	3875	8176	12334
SQUARE	553088	277
FOLD	3998	2893	2893	1115250	1115250	0	7437607
RAIL	11	118	615	3382
CORRELATION	4322	3875	8176	12334
SQUARE	553216	277
FOLD	3999	2894	2894	1115637	1115637	0	7439204
RAIL	55	73	615	3383
CORRELATION	4323	3875	8176	12334
SQUARE	553344	277
FOLD	4000	2895	2895	1116021	1116021	0	7441718
RAIL	55	74	615	3384
CORRELATION	4324	3876	8176	12334
SQUARE	553472	277
FOLD	4001	2896	2896	1116408	1116408	0	7443492
RAIL	12	116	615	3385
CORRELATION	4325	3877	8176	12334
SQUARE	553600	277
FOLD	4002	2897	2897	1116792	1116792	0	7447769
RAIL	12	117	615	3386
CORRELATION	4326	3879	8176	12334
SQUARE	553728	277
FOLD	4003	2898	2898	1117179	1117179	0	7450540
RAIL	54	74	615	3387
CORRELATION	4327	3880	8176	12334
SQUARE	553856	277
FOLD	4004	2899	2899	1117563	1117563	0	7459090
RAIL	54	75	615	3388
CORRELATION	4328	3883	8176	12334
SQUARE	553984	277
FOLD	4005	2900	2900	1117950	1117950	0	7461318
RAIL	13	115	615	3389
CORRELATION	4329	3883	8176	12334
SQUARE	554112	277
FOLD	4006	2901	2901	1118334	1118334	0	7463033
RAIL	13	116	615	3390
CORRELATION	4330	3883	8176	12334
SQUARE	554240	277
FOLD	4007	2902	2902	1118721	1118721	0	7467719
RAIL	53	75	615	3391
CORRELATION	4331	3884	8176	12334
SQUARE	554368	277
FOLD	4008	2903	2903	1119105	1119105	0	7469584
RAIL	53	76	615	3392
CORRELATION	4332	3884	8176	12334
SQUARE	554496	277
FOLD	4009	2904	2904	1119492	1119492	0	7471716
RAIL	14	114	615	3393
CORRELATION	4333	3884	8176	12334
SQUARE	554624	277
FOLD	4018	2905	2905	1119876	1119876	0	7502854
RAIL	16	113	619	3398
CORRELATION	4342	3894	8176	12334
SQUARE	555776	277
FOLD	4019	2906	2906	1120263	1120263	0	7510156
RAIL	50	78	619	3399
CORRELATION	4343	3896	8176	12334
SQUARE	555904	277
FOLD	4020	2907	2907	1120647	1120647	0	7513551
RAIL	50	79	619	3400
CORRELATION	4344	3898	8176	12334
SQUARE	556032	277
FOLD	4021	2908	2908	1121034	1121034	0	7514955
RAIL	17	111	619	3401
CORRELATION	4345	3898	8176	12334
SQUARE	556160	277
FOLD	4030	2909	2909	1121418	1121418	0	7529003
RAIL	19	110	623	3406
CORRELATION	4354	3904	8176	12334
SQUARE	557312	277
FOLD	4031	2910	2910	1121805	1121805	0	7530228
RAIL	47	81	623	3407
CORRELATION	4355	3904	8176	12334
SQUARE	557440	277
FOLD	4032	2911	2911	1122189	1122189	0	7531614
RAIL	47	82	623	3408
CORRELATION	4356	3904	8176	12334
SQUARE	557568	277
FOLD	4033	2912	2912	1122576	1122576	0	7532887
RAIL	20	108	623	3409
CORRELATION	4357	3904	8176	12334
SQUARE	557696	277
FOLD	4034	2913	2913	1122960	1122960	0	7534239
RAIL	20	109	623	3410
CORRELATION	4358	3905	8176	12334
SQUARE	557824	277
FOLD	4035	2914	2914	1123347	1123347	0	7538861
RAIL	46	82	623	3411
CORRELATION	4359	3908	8176	12334
SQUARE	557952	277
FOLD	4036	2915	2915	1123731	1123731	0	7539871
RAIL	46	83	623	3412
CORRELATION	4360	3908	8176	12334
SQUARE	558080	277
FOLD	4037	2916	2916	1124118	1124118	0	7541233
RAIL	21	107	623	3413
CORRELATION	4361	3908	8176	12334
SQUARE	558208	277
FOLD	4046	2917	2917	1124502	1124502	0	7564944
RAIL	23	106	627	3418
CORRELATION	4370	3918	8176	12334
SQUARE	559360	277
FOLD	4047	2918	2918	1124889	1124889	0	7566101
RAIL	43	85	627	3419
CORRELATION	4371	3918	8176	12334
SQUARE	559488	277
FOLD	4048	2919	2919	1125273	1125273	0	7567510
RAIL	43	86	627	3420
CORRELATION	4372	3918	8176	12334
SQUARE	559616	277
FOLD	4049	2920	2920	1125660	1125660	0	7570522
RAIL	24	104	627	3421
CORRELATION	4373	3921	8176	12334
SQUARE	559744	277
FOLD	4058	2921	2921	1126044	1126044	0	7586433
RAIL	26	103	631	3426
CORRELATION	4382	3930	8176	12334
SQUARE	560896	277
FOLD	4059	2922	2922	1126431	1126431	0	7591317
RAIL	40	88	631	3427
CORRELATION	4383	3932	8176	12334
SQUARE	561024	277
FOLD	4068	2923	2923	1126815	1126815	0	7618878
RAIL	38	91	635	3432
CORRELATION	4392	3938	8176	12334
SQUARE	562176	277
FOLD	4069	2924	2924	1127202	1127202	0	7620764
RAIL	29	99	635	3433
CORRELATION	4393	3938	8176	12334
SQUARE	562304	277
FOLD	4094	2925	2925	1127586	1127586	0	7692497
RAIL	61	68	647	3446
CORRELATION	4426	3975	8176	12334
SQUARE	566528	277
FOLD	4095	2926	2926	1127973	1127973	0	7698287
RAIL	60	68	647	3447
CORRELATION	4429	3977	8176	12334
SQUARE	566912	277
FOLD	4096	2927	2927	1128357	1128357	0	7701013
RAIL	60	69	647	3448
CORRELATION	4430	3978	8176	12334
SQUARE	567040	277
FOLD	4097	2928	2928	1128744	1128744	0	7707405
RAIL	59	69	647	3449
CORRELATION	4433	3982	8176	12334
SQUARE	567424	277
FOLD	4098	2929	2929	1129128	1129128	0	7709070
RAIL	59	70	647	3450
CORRELATION	4434	3982	8176	12334
SQUARE	567552	277
FOLD	4099	2930	2930	1129515	1129515	0	7713400
RAIL	58	70	647	3451
CORRELATION	4437	3985	8176	12334
SQUARE	567936	277
FOLD	4100	2931	2931	1129899	1129899	0	7714682
RAIL	58	71	647	3452
CORRELATION	4438	3985	8176	12334
SQUARE	568064	277
FOLD	4101	2932	2932	1130286	1130286	0	7722079
RAIL	57	71	647	3453
CORRELATION	4441	3991	8176	12334
SQUARE	568448	277
FOLD	4102	2933	2933	1130670	1130670	0	7724824
RAIL	57	72	647	3454
CORRELATION	4442	3991	8176	12334
SQUARE	568576	277
FOLD	4103	2934	2934	1131057	1131057	0	7725999
RAIL	10	118	647	3455
CORRELATION	4443	3991	8176	12334
SQUARE	568704	277
FOLD	4108	2935	2935	1131441	1131441	0	7730500
RAIL	11	118	649	3458
CORRELATION	4448	3992	8176	12334
SQUARE	569344	277
FOLD	4109	2936	2936	1131828	1131828	0	7731435
RAIL	55	73	649	3459
CORRELATION	4449	3992	8176	12334
SQUARE	569472	277
FOLD	4110	2937	2937	1132212	1132212	0	7733250
RAIL	55	74	649	3460
CORRELATION	4450	3992	8176	12334
SQUARE	569600	277
FOLD	4111	2938	2938	1132599	1132599	0	7734972
RAIL	12	116	649	3461
CORRELATION	4451	3993	8176	12334
SQUARE	569728	277
FOLD	4112	2939	2939	1132983	1132983	0	7737837
RAIL	12	117	649	3462
CORRELATION	4452	3995	8176	12334
SQUARE	569856	277
FOLD	4113	2940	2940	1133370	1133370	0	7741270
RAIL	54	74	649	3463
CORRELATION	4453	3997	8176	12334
SQUARE	569984	277
FOLD	4114	2941	2941	1133754	1133754	0	7745571
RAIL	54	75	649	3464
CORRELATION	4454	3999	8176	12334
SQUARE	570112	277
FOLD	4115	2942	2942	1134141	1134141	0	7746779
RAIL	13	115	649	3465
CORRELATION	4455	3999	8176	12334
SQUARE	570240	277
FOLD	4116	2943	2943	1134525	1134525	0	7747662
RAIL	13	116	649	3466
CORRELATION	4456	3999	8176	12334
SQUARE	570368	277
FOLD	4117	2944	2944	1134912	1134912	0	7748971
RAIL	53	75	649	3467
CORRELATION	4457	3999	8176	12334
SQUARE	570496	277
FOLD	4118	2945	2945	1135296	1135296	0	7754015
RAIL	53	76	649	3468
CORRELATION	4458	4001	8176	12334
SQUARE	570624	277
FOLD	4119	2946	2946	1135683	1135683	0	7757413
RAIL	14	114	649	3469
CORRELATION	4459	4003	8176	12334
SQUARE	570752	277
FOLD	4120	2947	2947	1136067	1136067	0	7758360
RAIL	14	115	649	3470
CORRELATION	4460	4003	8176	12334
SQUARE	570880	277
FOLD	4121	2948	2948	1136454	1136454	0	7759262
RAIL	52	76	649	3471
CORRELATION	4461	4003	8176	12334
SQUARE	571008	277
FOLD	4122	2949	2949	1136838	1136838	0	7760937
RAIL	52	77	649	3472
CORRELATION	4462	4003	8176	12334
SQUARE	571136	277
FOLD	4123	2950	2950	1137225	1137225	0	7762199
RAIL	15	113	649	3473
CORRELATION	4463	4003	8176	12334
SQUARE	571264	277
FOLD	4132	2951	2951	1137609	1137609	0	7777923
RAIL	17	112	653	3478
CORRELATION	4472	4016	8176	12334
SQUARE	572416	277
FOLD	4133	2952	2952	1137996	1137996	0	7779109
RAIL	49	79	653	3479
CORRELATION	4473	4016	8176	12334
SQUARE	572544	277
FOLD	4134	2953	2953	1138380	1138380	0	7781263
RAIL	49	80	653	3480
CORRELATION	4474	4018	8176	12334
SQUARE	572672	277
FOLD	4135	2954	2954	1138767	1138767	0	7783368
RAIL	18	110	653	3481
CORRELATION	4475	4020	8176	12334
SQUARE	572800	277
FOLD	4144	2955	2955	1139151	1139151	0	7801177
RAIL	20	109	657	3486
CORRELATION	4484	4027	8176	12334
SQUARE	573952	277
FOLD	4145	2956	2956	1139538	1139538	0	7802763
RAIL	46	82	657	3487
CORRELATION	4485	4027	8176	12334
SQUARE	574080	277
FOLD	4146	2957	2957	1139922	1139922	0	7804338
RAIL	46	83	657	3488
CORRELATION	4486	4028	8176	12334
SQUARE	574208	277
FOLD	4147	2958	2958	1140309	1140309	0	7806631
RAIL	21	107	657	3489
CORRELATION	4487	4030	8176	12334
SQUARE	574336	277
FOLD	4148	2959	2959	1140693	1140693	0	7808672
RAIL	21	108	657	3490
CORRELATION	4488	4031	8176	12334
SQUARE	574464	277
FOLD	4149	2960	2960	1141080	1141080	0	7810542
RAIL	45	83	657	3491
CORRELATION	4489	4033	8176	12334
SQUARE	574592	277
FOLD	4150	2961	2961	1141464	1141464	0	7811658
RAIL	45	84	657	3492
CORRELATION	4490	4033	8176	12334
SQUARE	574720	277
FOLD	4151	2962	2962	1141851	1141851	0	7813805
RAIL	22	106	657	3493
CORRELATION	4491	4033	8176	12334
SQUARE	574848	277
FOLD	4160	2963	2963	1142235	1142235	0	7834187
RAIL	24	105	661	3498
CORRELATION	4500	4044	8176	12334
SQUARE	576000	277
FOLD	4161	2964	2964	1142622	1142622	0	7835254
RAIL	42	86	661	3499
CORRELATION	4501	4044	8176	12334
SQUARE	576128	277
FOLD	4162	2965	2965	1143006	1143006	0	7836887
RAIL	42	87	661	3500
CORRELATION	4502	4044	8176	12334
SQUARE	576256	277
FOLD	4163	2966	2966	1143393	1143393	0	7838327
RAIL	25	103	661	3501
CORRELATION	4503	4044	8176	12334
SQUARE	576384	277
FOLD	4204	2967	2967	1143777	1143777	0	7900192
RAIL	61	68	681	3522
CORRELATION	4552	4074	8176	12334
SQUARE	582656	277
FOLD	4205	2968	2968	1144164	1144164	0	7908712
RAIL	60	68	681	3523
CORRELATION	4555	4078	8176	12334
SQUARE	583040	277
FOLD	4206	2969	2969	1144548	1144548	0	7913796
RAIL	60	69	681	3524
CORRELATION	4556	4078	8176	12334
SQUARE	583168	277
FOLD	4207	2970	2970	1144935	1144935	0	7921496
RAIL	59	69	681	3525
CORRELATION	4559	4081	8176	12334
SQUARE	583552	277
FOLD	4208	2971	2971	1145319	1145319	0	7922833
RAIL	59	70	681	3526
CORRELATION	4560	4081	8176	12334
SQUARE	583680	277
FOLD	4209	2972	2972	1145706	1145706	0	7927010
RAIL	58	70	681	3527
CORRELATION	4563	4084	8176	12334
SQUARE	584064	277
FOLD	4210	2973	2973	1146090	1146090	0	7930299
RAIL	58	71	681	3528
CORRELATION	4564	4085	8176	12334
SQUARE	584192	277
FOLD	4211	2974	2974	1146477	1146477	0	7934029
RAIL	57	71	681	3529
CORRELATION	4567	4087	8176	12334
SQUARE	584576	277
FOLD	4212	2975	2975	1146861	1146861	0	7935354
RAIL	57	72	681	3530
CORRELATION	4568	4087	8176	12334
SQUARE	584704	277
FOLD	4213	2976	2976	1147248	1147248	0	7937908
RAIL	10	118	681	3531
CORRELATION	4569	4089	8176	12334
SQUARE	584832	277
FOLD	4222	2977	2977	1147632	1147632	0	7954314
RAIL	12	117	685	3536
CORRELATION	4578	4098	8176	12334
SQUARE	585984	277
FOLD	4223	2978	2978	1148019	1148019	0	7957402
RAIL	54	74	685	3537
CORRELATION	4579	4100	8176	12334
SQUARE	586112	277
FOLD	4224	2979	2979	1148403	1148403	0	7958993
RAIL	54	75	685	3538
CORRELATION	4580	4100	8176	12334
SQUARE	586240	277
FOLD	4225	2980	2980	1148790	1148790	0	7960257
RAIL	13	115	685	3539
CORRELATION	4581	4100	8176	12334
SQUARE	586368	277
FOLD	4226	2981	2981	1149174	1149174	0	7964860
RAIL	13	116	685	3540
CORRELATION	4582	4103	8176	12334
SQUARE	586496	277
FOLD	4227	2982	2982	1149561	1149561	0	7966029
RAIL	53	75	685	3541
CORRELATION	4583	4103	8176	12334
SQUARE	586624	277
FOLD	4228	2983	2983	1149945	1149945	0	7969524
RAIL	53	76	685	3542
CORRELATION	4584	4106	8176	12334
SQUARE	586752	277
FOLD	4229	2984	2984	1150332	1150332	0	7970864
RAIL	14	114	685	3543
CORRELATION	4585	4106	8176	12334
SQUARE	586880	277
FOLD	4230	2985	2985	1150716	1150716	0	7971759
RAIL	14	115	685	3544
CORRELATION	4586	4106	8176	12334
SQUARE	587008	277
FOLD	4231	2986	2986	1151103	1151103	0	7972735
RAIL	52	76	685	3545
CORRELATION	4587	4106	8176	12334
SQUARE	587136	277
FOLD	4232	2987	2987	1151487	1151487	0	7975026
RAIL	52	77	685	3546
CORRELATION	4588	4106	8176	12334
SQUARE	587264	277
FOLD	4233	2988	2988	1151874	1151874	0	7976683
RAIL	15	113	685	3547
CORRELATION	4589	4106	8176	12334
SQUARE	587392	277
FOLD	4234	2989	2989	1152258	1152258	0	7977778
RAIL	15	114	685	3548
CORRELATION	4590	4106	8176	12334
SQUARE	587520	277
FOLD	4235	2990	2990	1152645	1152645	0	7978993
RAIL	51	77	685	3549
CORRELATION	4591	4106	8176	12334
SQUARE	587648	277
FOLD	4236	2991	2991	1153029	1153029	0	7980582
RAIL	51	78	685	3550
CORRELATION	4592	4106	8176	12334
SQUARE	587776	277
FOLD	4237	2992	2992	1153416	1153416	0	7981786
RAIL	16	112	685	3551
CORRELATION	4593	4106	8176	12334
SQUARE	587904	277
FOLD	4246	2993	2993	1153800	1153800	0	7991217
RAIL	18	111	689	3556
CORRELATION	4602	4108	8176	12334
SQUARE	589056	277
FOLD	4247	2994	2994	1154187	1154187	0	7992245
RAIL	48	80	689	3557
CORRELATION	4603	4108	8176	12334
SQUARE	589184	277
FOLD	4248	2995	2995	1154571	1154571	0	7993709
RAIL	48	81	689	3558
CORRELATION	4604	4109	8176	12334
SQUARE	589312	277
FOLD	4249	2996	2996	1154958	1154958	0	7995724
RAIL	19	109	689	3559
CORRELATION	4605	4109	8176	12334
SQUARE	589440	277
