INPUT	65918227805814895914492416446976812927051420077802152280319852135735592923747	256	123	1284
FRAME	1	0	1	1	24
FOLD	1	1	1	768	768	0	44
FOLD	2	1	1	771	771	0	98
FOLD	4	3	3	2307	2307	0	191
FOLD	5	5	5	3846	3846	0	255
FOLD	6	7	7	5385	5385	0	315
FOLD	8	9	9	6921	6921	0	369
FOLD	9	11	11	8460	8460	0	441
FOLD	10	13	13	9999	9999	0	466
FOLD	12	15	15	11535	11535	0	722
FOLD	13	17	17	13074	13074	0	775
FOLD	14	19	19	14613	14613	0	828
FOLD	16	21	21	16149	16149	0	1029
FOLD	17	23	23	17688	17688	0	1095
FOLD	18	25	25	19227	19227	0	1132
FOLD	20	27	27	20763	20763	0	1499
FOLD	21	29	29	22302	22302	0	1577
FOLD	22	31	31	23841	23841	0	1624
FOLD	23	33	33	25380	25380	0	1714
FOLD	24	35	35	26919	26919	0	1758
FOLD	25	37	37	28458	28458	0	1875
FOLD	26	39	39	29997	29997	0	1915
FOLD	27	41	41	31536	31536	0	1974
FOLD	28	43	43	33075	33075	0	2000
FOLD	29	45	45	34614	34614	0	2062
FOLD	30	47	47	36153	36153	0	2091
FOLD	31	49	49	37692	37692	0	2156
FOLD	32	51	51	39231	39231	0	2208
FOLD	33	53	53	40770	40770	0	2314
FOLD	34	55	55	42309	42309	0	2339
FOLD	35	57	57	43848	43848	0	2459
FOLD	36	59	59	45387	45387	0	2494
FOLD	37	61	61	46926	46926	0	2572
FOLD	38	63	63	48465	48465	0	2597
FOLD	39	65	65	50004	50004	0	2657
FOLD	40	67	67	51543	51543	0	2687
FOLD	41	69	69	53082	53082	0	2776
FOLD	42	71	71	54621	54621	0	2814
FOLD	43	73	73	56160	56160	0	2879
FOLD	44	75	75	57699	57699	0	2905
FOLD	45	77	77	59238	59238	0	2958
FOLD	46	79	79	60777	60777	0	2982
FOLD	47	81	81	62316	62316	0	3056
FOLD	48	83	83	63855	63855	0	3111
FOLD	49	85	85	65394	65394	0	3194
FOLD	50	87	87	66933	66933	0	3219
FOLD	51	89	89	68472	68472	0	3273
FOLD	52	91	91	70011	70011	0	3301
FOLD	53	93	93	71550	71550	0	3365
FOLD	54	95	95	73089	73089	0	3390
FOLD	55	97	97	74628	74628	0	3490
FOLD	56	99	99	76167	76167	0	3518
FOLD	57	101	101	77706	77706	0	3578
FOLD	58	103	103	79245	79245	0	3602
FOLD	59	105	105	80784	80784	0	3687
FOLD	60	107	107	82323	82323	0	3732
FOLD	61	109	109	83862	83862	0	3787
FOLD	62	111	111	85401	85401	0	3815
FOLD	63	113	113	86940	86940	0	3944
FOLD	64	115	115	88479	88479	0	4012
FOLD	65	117	117	90018	90018	0	4076
FOLD	66	119	119	91557	91557	0	4102
FOLD	67	121	121	93096	93096	0	4164
FOLD	68	123	123	94635	94635	0	4192
FOLD	69	125	125	96174	96174	0	4273
FOLD	70	127	127	97713	97713	0	4298
FOLD	71	129	129	99252	99252	0	4358
FOLD	72	131	131	100791	100791	0	4385
FOLD	73	133	133	102330	102330	0	4436
FOLD	74	135	135	103869	103869	0	4473
FOLD	75	137	137	105408	105408	0	4537
FOLD	76	139	139	106947	106947	0	4576
FOLD	77	141	141	108486	108486	0	4636
FOLD	78	143	143	110025	110025	0	4660
FOLD	79	145	145	111564	111564	0	4715
FOLD	80	147	147	113103	113103	0	4741
FOLD	81	149	149	114642	114642	0	4808
FOLD	82	151	151	116181	116181	0	4832
FOLD	83	153	153	117720	117720	0	4889
FOLD	84	155	155	119259	119259	0	4915
FOLD	85	157	157	120798	120798	0	5011
FOLD	86	159	159	122337	122337	0	5050
FOLD	87	161	161	123876	123876	0	5111
FOLD	88	163	163	125415	125415	0	5149
FOLD	89	165	165	126954	126954	0	5226
FOLD	90	167	167	128493	128493	0	5251
FOLD	91	169	169	130032	130032	0	5362
FOLD	92	171	171	131571	131571	0	5390
FOLD	93	173	173	133110	133110	0	5445
FOLD	94	175	175	134649	134649	0	5470
FOLD	95	177	177	136188	136188	0	5532
FOLD	96	179	179	137727	137727	0	5569
FOLD	97	181	181	139266	139266	0	5641
FOLD	98	183	183	140805	140805	0	5665
FOLD	99	185	185	142344	142344	0	5733
FOLD	100	187	187	143883	143883	0	5759
FOLD	101	189	189	145422	145422	0	5833
FOLD	102	191	191	146961	146961	0	5862
FOLD	103	193	193	148500	148500	0	5921
FOLD	104	195	195	150039	150039	0	5947
FOLD	105	197	197	151578	151578	0	6003
FOLD	106	199	199	153117	153117	0	6027
FOLD	107	201	201	154656	154656	0	6081
FOLD	108	203	203	156195	156195	0	6119
FOLD	109	205	205	157734	157734	0	6213
FOLD	110	207	207	159273	159273	0	6252
FOLD	111	209	209	160812	160812	0	6312
FOLD	112	211	211	162351	162351	0	6339
FOLD	113	213	213	163890	163890	0	6393
FOLD	114	215	215	165429	165429	0	6419
FOLD	115	217	217	166968	166968	0	6473
FOLD	116	219	219	168507	168507	0	6504
FOLD	117	221	221	170046	170046	0	6562
FOLD	118	223	223	171585	171585	0	6588
FOLD	119	225	225	173124	173124	0	6651
FOLD	120	227	227	174663	174663	0	6676
FOLD	121	229	229	176202	176202	0	6736
FOLD	122	231	231	177741	177741	0	6767
FOLD	123	233	233	179280	179280	0	6832
FOLD	124	235	235	180819	180819	0	6884
FOLD	125	237	237	182358	182358	0	6957
FOLD	126	239	239	183897	183897	0	6983
FOLD	127	241	241	185436	185436	0	7039
FOLD	128	243	243	186975	186975	0	7065
FOLD	129	245	245	188514	188514	0	7189
FOLD	130	247	247	190053	190053	0	7216
FOLD	131	249	249	191592	191592	0	7299
FOLD	132	251	251	193131	193131	0	7325
FOLD	133	253	253	194670	194670	0	7394
FOLD	134	255	255	196209	196209	0	7424
FOLD	135	257	257	197748	197748	0	7488
FOLD	136	259	259	199287	199287	0	7527
FOLD	137	261	261	200826	200826	0	7611
FOLD	138	263	263	202365	202365	0	7641
FOLD	139	265	265	203904	203904	0	7769
FOLD	140	267	267	205443	205443	0	7801
FOLD	141	269	269	206982	206982	0	7865
FOLD	142	271	271	208521	208521	0	7892
FOLD	143	273	273	210060	210060	0	7972
FOLD	144	275	275	211599	211599	0	7997
FOLD	145	277	277	213138	213138	0	8064
FOLD	146	279	279	214677	214677	0	8089
FOLD	147	281	281	216216	216216	0	8151
FOLD	148	283	283	217755	217755	0	8176
FOLD	149	285	285	219294	219294	0	8280
FOLD	150	287	287	220833	220833	0	8310
FOLD	151	289	289	222372	222372	0	8374
FOLD	152	291	291	223911	223911	0	8399
FOLD	153	293	293	225450	225450	0	8460
FOLD	154	295	295	226989	226989	0	8486
FOLD	155	297	297	228528	228528	0	8553
FOLD	156	299	299	230067	230067	0	8581
FOLD	157	301	301	231606	231606	0	8647
FOLD	158	303	303	233145	233145	0	8672
FOLD	159	305	305	234684	234684	0	8736
FOLD	160	307	307	236223	236223	0	8761
FOLD	161	309	309	237762	237762	0	8830
FOLD	162	311	311	239301	239301	0	8855
FOLD	163	313	313	240840	240840	0	8907
FOLD	164	315	315	242379	242379	0	8932
FOLD	165	317	317	243918	243918	0	9000
FOLD	166	319	319	245457	245457	0	9052
FOLD	167	321	321	246996	246996	0	9124
FOLD	168	323	323	248535	248535	0	9153
FOLD	169	325	325	250074	250074	0	9210
FOLD	170	327	327	251613	251613	0	9236
FOLD	171	329	329	253152	253152	0	9289
FOLD	172	331	331	254691	254691	0	9313
FOLD	173	333	333	256230	256230	0	9380
FOLD	174	335	335	257769	257769	0	9405
FOLD	175	337	337	259308	259308	0	9465
FOLD	176	339	339	260847	260847	0	9504
FOLD	177	341	341	262386	262386	0	9559
FOLD	178	343	343	263925	263925	0	9628
FOLD	179	345	345	265464	265464	0	9684
FOLD	180	347	347	267003	267003	0	9709
FOLD	181	349	349	268542	268542	0	9786
FOLD	182	351	351	270081	270081	0	9811
FOLD	183	353	353	271620	271620	0	9870
FOLD	184	355	355	273159	273159	0	9895
FOLD	185	357	357	274698	274698	0	9953
FOLD	186	359	359	276237	276237	0	9992
FOLD	187	361	361	277776	277776	0	10052
FOLD	188	363	363	279315	279315	0	10081
FOLD	189	365	365	280854	280854	0	10146
FOLD	190	367	367	282393	282393	0	10175
FOLD	191	369	369	283932	283932	0	10237
FOLD	192	371	371	285471	285471	0	10261
FOLD	193	373	373	287010	287010	0	10318
FOLD	194	375	375	288549	288549	0	10344
FOLD	195	377	377	290088	290088	0	10404
FOLD	196	379	379	291627	291627	0	10443
FOLD	197	381	381	293166	293166	0	10512
FOLD	198	383	383	294705	294705	0	10538
FOLD	199	385	385	296244	296244	0	10594
FOLD	200	387	387	297783	297783	0	10639
FOLD	201	389	389	299322	299322	0	10748
FOLD	202	391	391	300861	300861	0	10772
FOLD	203	393	393	302400	302400	0	10828
FOLD	204	395	395	303939	303939	0	10854
FOLD	205	397	397	305478	305478	0	10923
FOLD	206	399	399	307017	307017	0	10963
FOLD	207	401	401	308556	308556	0	11033
FOLD	208	403	403	310095	310095	0	11067
FOLD	209	405	405	311634	311634	0	11130
FOLD	210	407	407	313173	313173	0	11153
FOLD	211	409	409	314712	314712	0	11206
FOLD	212	411	411	316251	316251	0	11233
FOLD	213	413	413	317790	317790	0	11305
FOLD	214	415	415	319329	319329	0	11338
FOLD	215	417	417	320868	320868	0	11410
FOLD	216	419	419	322407	322407	0	11451
FOLD	217	421	421	323946	323946	0	11505
FOLD	218	423	423	325485	325485	0	11529
FOLD	219	425	425	327024	327024	0	11586
FOLD	220	427	427	328563	328563	0	11617
FOLD	221	429	429	330102	330102	0	11703
FOLD	222	431	431	331641	331641	0	11733
FOLD	223	433	433	333180	333180	0	11798
FOLD	224	435	435	334719	334719	0	11856
FOLD	225	437	437	336258	336258	0	11936
FOLD	226	439	439	337797	337797	0	11992
FOLD	227	441	441	339336	339336	0	12047
FOLD	228	443	443	340875	340875	0	12087
FOLD	229	445	445	342414	342414	0	12186
FOLD	230	447	447	343953	343953	0	12210
FOLD	231	449	449	345492	345492	0	12273
FOLD	232	451	451	347031	347031	0	12298
FOLD	233	453	453	348570	348570	0	12403
FOLD	234	455	455	350109	350109	0	12428
FOLD	235	457	457	351648	351648	0	12472
FOLD	236	459	459	353187	353187	0	12511
FOLD	237	461	461	354726	354726	0	12557
FOLD	238	463	463	356265	356265	0	12586
FOLD	239	465	465	357804	357804	0	12629
FOLD	240	467	467	359343	359343	0	12668
FOLD	241	469	469	360882	360882	0	12714
FOLD	242	471	471	362421	362421	0	12737
FOLD	243	473	473	363960	363960	0	12824
FOLD	244	475	475	365499	365499	0	12855
FOLD	245	477	477	367038	367038	0	12906
FOLD	246	479	479	368577	368577	0	12932
FOLD	247	481	481	370116	370116	0	12989
FOLD	248	483	483	371655	371655	0	13029
FOLD	249	485	485	373194	373194	0	13075
FOLD	250	487	487	374733	374733	0	13098
FOLD	251	489	489	376272	376272	0	13160
FOLD	252	491	491	377811	377811	0	13185
FOLD	253	493	493	379350	379350	0	13242
FOLD	254	495	495	380889	380889	0	13284
FOLD	255	496	496	381660	381660	0	13328
FOLD	256	497	497	382428	382428	0	13385
FOLD	257	498	498	383199	383199	0	13429
FOLD	260	499	499	383970	383970	0	13522
FOLD	263	500	500	384741	384741	0	13813
FOLD	264	501	501	385509	385509	0	13861
FOLD	265	502	502	386277	386277	0	13906
FOLD	266	503	503	387048	387048	0	13948
FOLD	267	504	504	387816	387816	0	13996
FOLD	268	505	505	388584	388584	0	14042
FOLD	269	506	506	389355	389355	0	14091
FOLD	270	507	507	390123	390123	0	14142
FOLD	273	508	508	390891	390891	0	14397
FOLD	274	509	509	391659	391659	0	14445
FOLD	275	510	510	392430	392430	0	14506
FOLD	276	511	511	393198	393198	0	14552
FOLD	277	512	512	393969	393969	0	14610
FOLD	278	513	513	394737	394737	0	14713
FOLD	279	514	514	395508	395508	0	14766
FOLD	280	515	515	396276	396276	0	14808
FOLD	281	516	516	397047	397047	0	14851
FOLD	282	517	517	397815	397815	0	14900
FOLD	283	518	518	398586	398586	0	14992
FOLD	284	519	519	399354	399354	0	15036
FOLD	285	520	520	400125	400125	0	15125
FOLD	286	521	521	400893	400893	0	15179
FOLD	287	522	522	401664	401664	0	15225
FOLD	288	523	523	402432	402432	0	15289
FOLD	289	524	524	403203	403203	0	15339
FOLD	290	525	525	403971	403971	0	15388
FOLD	291	526	526	404742	404742	0	15442
FOLD	292	527	527	405510	405510	0	15486
FOLD	293	528	528	406281	406281	0	15527
FOLD	294	529	529	407049	407049	0	15575
FOLD	295	530	530	407820	407820	0	15649
FOLD	296	531	531	408588	408588	0	15701
FOLD	297	532	532	409359	409359	0	15751
FOLD	298	533	533	410127	410127	0	15815
FOLD	299	534	534	410898	410898	0	15865
FOLD	300	535	535	411666	411666	0	15907
FOLD	301	536	536	412437	412437	0	15994
FOLD	302	537	537	413205	413205	0	16043
FOLD	303	538	538	413976	413976	0	16091
FOLD	304	539	539	414744	414744	0	16135
FOLD	305	540	540	415515	415515	0	16178
FOLD	306	541	541	416283	416283	0	16225
FOLD	307	542	542	417054	417054	0	16272
FOLD	308	543	543	417822	417822	0	16336
FOLD	309	544	544	418593	418593	0	16385
FOLD	310	545	545	419361	419361	0	16434
FOLD	311	546	546	420132	420132	0	16483
FOLD	312	547	547	420900	420900	0	16528
FOLD	313	548	548	421671	421671	0	16589
FOLD	314	549	549	422439	422439	0	16642
FOLD	315	550	550	423210	423210	0	16702
FOLD	316	551	551	423978	423978	0	16747
FOLD	317	552	552	424749	424749	0	16792
FOLD	318	553	553	425517	425517	0	16868
FOLD	319	554	554	426288	426288	0	16918
FOLD	320	555	555	427056	427056	0	16961
FOLD	321	556	556	427827	427827	0	17009
FOLD	322	557	557	428595	428595	0	17058
FOLD	323	558	558	429366	429366	0	17106
FOLD	324	559	559	430134	430134	0	17151
FOLD	325	560	560	430905	430905	0	17194
FOLD	326	561	561	431673	431673	0	17241
FOLD	327	562	562	432444	432444	0	17288
FOLD	328	563	563	433212	433212	0	17354
FOLD	329	564	564	433983	433983	0	17409
FOLD	330	565	565	434751	434751	0	17459
FOLD	331	566	566	435522	435522	0	17507
FOLD	332	567	567	436290	436290	0	17567
FOLD	333	568	568	437061	437061	0	17611
FOLD	334	569	569	437829	437829	0	17679
FOLD	335	570	570	438600	438600	0	17741
FOLD	336	571	571	439368	439368	0	17806
FOLD	337	572	572	440139	440139	0	17865
FOLD	338	573	573	440907	440907	0	17914
FOLD	339	574	574	441678	441678	0	17967
FOLD	340	575	575	442446	442446	0	18013
FOLD	341	576	576	443217	443217	0	18054
FOLD	342	577	577	443985	443985	0	18101
FOLD	343	578	578	444756	444756	0	18148
FOLD	344	579	579	445524	445524	0	18192
FOLD	345	580	580	446295	446295	0	18235
FOLD	346	581	581	447063	447063	0	18282
FOLD	347	582	582	447834	447834	0	18329
FOLD	348	583	583	448602	448602	0	18373
FOLD	349	584	584	449373	449373	0	18427
FOLD	350	585	585	450141	450141	0	18480
FOLD	351	586	586	450912	450912	0	18553
FOLD	352	587	587	451680	451680	0	18625
FOLD	353	588	588	452451	452451	0	18683
FOLD	354	589	589	453219	453219	0	18757
FOLD	355	590	590	453990	453990	0	18806
FOLD	356	591	591	454758	454758	0	18850
FOLD	357	592	592	455529	455529	0	18896
FOLD	358	593	593	456297	456297	0	18943
FOLD	359	594	594	457068	457068	0	18989
FOLD	360	595	595	457836	457836	0	19032
FOLD	361	596	596	458607	458607	0	19077
FOLD	362	597	597	459375	459375	0	19124
FOLD	363	598	598	460146	460146	0	19171
FOLD	364	599	599	460914	460914	0	19215
FOLD	365	600	600	461685	461685	0	19285
FOLD	366	601	601	462453	462453	0	19333
FOLD	367	602	602	463224	463224	0	19382
FOLD	368	603	603	463992	463992	0	19445
FOLD	369	604	604	464763	464763	0	19491
FOLD	370	605	605	465531	465531	0	19558
FOLD	371	606	606	466302	466302	0	19630
FOLD	372	607	607	467070	467070	0	19783
FOLD	373	608	608	467841	467841	0	19838
FOLD	374	609	609	468609	468609	0	19888
FOLD	375	610	610	469380	469380	0	19936
FOLD	376	611	611	470148	470148	0	19979
FOLD	377	612	612	470919	470919	0	20059
FOLD	378	613	613	471687	471687	0	20109
FOLD	379	614	614	472458	472458	0	20157
FOLD	380	615	615	473226	473226	0	20206
FOLD	381	616	616	473997	473997	0	20257
FOLD	382	617	617	474765	474765	0	20306
FOLD	383	618	618	475536	475536	0	20351
FOLD	384	619	619	476304	476304	0	20394
FOLD	385	620	620	477075	477075	0	20440
FOLD	386	621	621	477843	477843	0	20494
FOLD	387	622	622	478614	478614	0	20540
FOLD	388	623	623	479382	479382	0	20586
FOLD	389	624	624	480153	480153	0	20628
FOLD	390	625	625	480921	480921	0	20694
FOLD	391	626	626	481692	481692	0	20744
FOLD	392	627	627	482460	482460	0	20790
FOLD	393	628	628	483231	483231	0	20912
FOLD	394	629	629	483999	483999	0	20961
FOLD	395	630	630	484770	484770	0	21007
FOLD	396	631	631	485538	485538	0	21093
FOLD	397	632	632	486309	486309	0	21154
FOLD	398	633	633	487077	487077	0	21200
FOLD	399	634	634	487848	487848	0	21247
FOLD	400	635	635	488616	488616	0	21293
FOLD	401	636	636	489387	489387	0	21354
FOLD	402	637	637	490155	490155	0	21436
FOLD	403	638	638	490926	490926	0	21500
FOLD	404	639	639	491694	491694	0	21547
FOLD	405	640	640	492465	492465	0	21617
FOLD	406	641	641	493233	493233	0	21686
FOLD	407	642	642	494004	494004	0	21745
FOLD	408	643	643	494772	494772	0	21799
FOLD	409	644	644	495543	495543	0	21843
FOLD	410	645	645	496311	496311	0	21920
FOLD	411	646	646	497082	497082	0	21968
FOLD	412	647	647	497850	497850	0	22012
FOLD	413	648	648	498621	498621	0	22056
FOLD	414	649	649	499389	499389	0	22104
FOLD	415	650	650	500160	500160	0	22151
FOLD	416	651	651	500928	500928	0	22194
FOLD	417	652	652	501699	501699	0	22239
FOLD	418	653	653	502467	502467	0	22312
FOLD	419	654	654	503238	503238	0	22367
FOLD	420	655	655	504006	504006	0	22462
FOLD	421	656	656	504777	504777	0	22566
FOLD	422	657	657	505545	505545	0	22614
FOLD	423	658	658	506316	506316	0	22660
FOLD	424	659	659	507084	507084	0	22705
FOLD	425	660	660	507855	507855	0	22748
FOLD	426	661	661	508623	508623	0	22794
FOLD	427	662	662	509394	509394	0	22873
FOLD	428	663	663	510162	510162	0	22921
FOLD	429	664	664	510933	510933	0	22966
FOLD	430	665	665	511701	511701	0	23012
FOLD	431	666	666	512472	512472	0	23072
FOLD	432	667	667	513240	513240	0	23117
FOLD	433	668	668	514011	514011	0	23203
FOLD	434	669	669	514779	514779	0	23337
FOLD	435	670	670	515550	515550	0	23417
FOLD	436	671	671	516318	516318	0	23541
FOLD	437	672	672	517089	517089	0	23605
FOLD	438	673	673	517857	517857	0	23656
FOLD	439	674	674	518628	518628	0	23721
FOLD	440	675	675	519396	519396	0	23773
FOLD	441	676	676	520167	520167	0	23818
FOLD	442	677	677	520935	520935	0	23863
FOLD	443	678	678	521706	521706	0	23910
FOLD	444	679	679	522474	522474	0	23961
FOLD	445	680	680	523245	523245	0	24005
FOLD	446	681	681	524013	524013	0	24082
FOLD	447	682	682	524784	524784	0	24146
FOLD	448	683	683	525552	525552	0	24228
FOLD	449	684	684	526323	526323	0	24293
FOLD	450	685	685	527091	527091	0	24340
FOLD	451	686	686	527862	527862	0	24385
FOLD	452	687	687	528630	528630	0	24429
FOLD	453	688	688	529401	529401	0	24475
FOLD	454	689	689	530169	530169	0	24520
FOLD	455	690	690	530940	530940	0	24591
FOLD	456	691	691	531708	531708	0	24710
FOLD	457	692	692	532479	532479	0	24772
FOLD	458	693	693	533247	533247	0	24883
FOLD	459	694	694	534018	534018	0	24952
FOLD	460	695	695	534786	534786	0	25017
FOLD	461	696	696	535557	535557	0	25096
FOLD	462	697	697	536325	536325	0	25146
FOLD	463	698	698	537096	537096	0	25191
FOLD	464	699	699	537864	537864	0	25239
FOLD	465	700	700	538635	538635	0	25283
FOLD	466	701	701	539403	539403	0	25346
FOLD	467	702	702	540174	540174	0	25392
FOLD	468	703	703	540942	540942	0	25438
FOLD	469	704	704	541713	541713	0	25483
FOLD	470	705	705	542481	542481	0	25529
FOLD	471	706	706	543252	543252	0	25574
FOLD	472	707	707	544020	544020	0	25707
FOLD	473	708	708	544791	544791	0	25774
FOLD	474	709	709	545559	545559	0	25822
FOLD	475	710	710	546330	546330	0	25865
FOLD	476	711	711	547098	547098	0	25916
FOLD	477	712	712	547869	547869	0	25963
FOLD	478	713	713	548637	548637	0	26006
FOLD	479	714	714	549408	549408	0	26084
FOLD	480	715	715	550176	550176	0	26131
FOLD	481	716	716	550947	550947	0	26175
FOLD	482	717	717	551715	551715	0	26220
FOLD	483	718	718	552486	552486	0	26291
FOLD	484	719	719	553254	553254	0	26338
FOLD	485	720	720	554025	554025	0	26387
FOLD	486	721	721	554793	554793	0	26431
FOLD	487	722	722	555564	555564	0	26476
FOLD	488	723	723	556332	556332	0	26524
FOLD	489	724	724	557103	557103	0	26567
FOLD	490	725	725	557871	557871	0	26612
FOLD	491	726	726	558642	558642	0	26655
FOLD	492	727	727	559410	559410	0	26716
FOLD	493	728	728	560181	560181	0	26785
FOLD	494	729	729	560949	560949	0	26834
FOLD	495	730	730	561720	561720	0	26880
FOLD	496	731	731	562488	562488	0	26926
FOLD	497	732	732	563259	563259	0	26987
FOLD	498	733	733	564027	564027	0	27066
FOLD	499	734	734	564798	564798	0	27111
FOLD	500	735	735	565566	565566	0	27157
FOLD	501	736	736	566337	566337	0	27203
FOLD	502	737	737	567105	567105	0	27246
FOLD	503	738	738	567876	567876	0	27409
FOLD	504	739	739	568644	568644	0	27528
FOLD	505	740	740	569415	569415	0	27648
FOLD	508	741	741	570186	570186	0	27919
FOLD	511	742	742	570957	570957	0	28213
FOLD	512	741	742	570189	570957	0	28269
FOLD	514	743	743	571728	571728	0	28396
FOLD	517	744	744	572499	572499	0	28557
FOLD	518	745	745	573267	573267	0	28628
FOLD	521	746	746	574035	574035	0	28785
FOLD	522	747	747	574803	574803	0	28871
FOLD	525	748	748	575571	575571	0	28993
FOLD	526	749	749	576339	576339	0	29044
FOLD	527	750	750	577110	577110	0	29098
FOLD	528	751	751	577878	577878	0	29169
FOLD	529	752	752	578649	578649	0	29236
FOLD	530	753	753	579417	579417	0	29288
FOLD	531	754	754	580188	580188	0	29339
FOLD	532	755	755	580956	580956	0	29396
FOLD	533	756	756	581727	581727	0	29463
FOLD	534	757	757	582495	582495	0	29517
FOLD	535	758	758	583266	583266	0	29614
FOLD	536	759	759	584034	584034	0	29663
FOLD	537	760	760	584805	584805	0	29732
FOLD	538	761	761	585573	585573	0	29795
FOLD	539	762	762	586344	586344	0	29871
FOLD	540	763	763	587112	587112	0	29917
FOLD	541	764	764	587883	587883	0	29963
FOLD	542	765	765	588651	588651	0	30014
FOLD	543	766	766	589422	589422	0	30065
FOLD	544	767	767	590190	590190	0	30111
FOLD	545	768	768	590961	590961	0	30155
FOLD	546	769	769	591729	591729	0	30206
FOLD	547	770	770	592500	592500	0	30257
FOLD	548	771	771	593268	593268	0	30304
FOLD	549	772	772	594039	594039	0	30349
FOLD	550	773	773	594807	594807	0	30401
FOLD	551	774	774	595578	595578	0	30451
FOLD	552	775	775	596346	596346	0	30533
FOLD	553	776	776	597117	597117	0	30581
FOLD	554	777	777	597885	597885	0	30644
FOLD	555	778	778	598656	598656	0	30742
FOLD	556	779	779	599424	599424	0	30790
FOLD	557	780	780	600195	600195	0	30859
FOLD	558	781	781	600963	600963	0	30911
FOLD	559	782	782	601734	601734	0	30962
FOLD	560	783	783	602502	602502	0	31025
FOLD	561	784	784	603273	603273	0	31086
FOLD	562	785	785	604041	604041	0	31139
FOLD	563	786	786	604812	604812	0	31190
FOLD	564	787	787	605580	605580	0	31280
FOLD	565	788	788	606351	606351	0	31331
FOLD	566	789	789	607119	607119	0	31382
FOLD	567	790	790	607890	607890	0	31439
FOLD	568	791	791	608658	608658	0	31499
FOLD	569	792	792	609429	609429	0	31563
FOLD	570	793	793	610197	610197	0	31616
FOLD	571	794	794	610968	610968	0	31752
FOLD	572	795	795	611736	611736	0	31806
FOLD	573	796	796	612507	612507	0	31852
FOLD	574	797	797	613275	613275	0	31911
FOLD	575	798	798	614046	614046	0	31964
FOLD	576	799	799	614814	614814	0	32037
FOLD	577	800	800	615585	615585	0	32083
FOLD	578	801	801	616353	616353	0	32135
FOLD	579	802	802	617124	617124	0	32185
FOLD	580	803	803	617892	617892	0	32233
FOLD	581	804	804	618663	618663	0	32287
FOLD	582	805	805	619431	619431	0	32375
FOLD	583	806	806	620202	620202	0	32432
FOLD	584	807	807	620970	620970	0	32478
FOLD	585	808	808	621741	621741	0	32537
FOLD	586	809	809	622509	622509	0	32606
FOLD	587	810	810	623280	623280	0	32695
FOLD	588	811	811	624048	624048	0	32856
FOLD	589	812	812	624819	624819	0	33038
FOLD	590	813	813	625587	625587	0	33118
FOLD	591	814	814	626358	626358	0	33167
FOLD	592	815	815	627126	627126	0	33222
FOLD	593	816	816	627897	627897	0	33270
FOLD	594	817	817	628665	628665	0	33320
FOLD	595	818	818	629436	629436	0	33371
FOLD	596	819	819	630204	630204	0	33418
FOLD	597	820	820	630975	630975	0	33463
FOLD	598	821	821	631743	631743	0	33513
FOLD	599	822	822	632514	632514	0	33562
FOLD	600	823	823	633282	633282	0	33611
FOLD	601	824	824	634053	634053	0	33656
FOLD	602	825	825	634821	634821	0	33707
FOLD	603	826	826	635592	635592	0	33757
FOLD	604	827	827	636360	636360	0	33822
FOLD	605	828	828	637131	637131	0	33871
FOLD	606	829	829	637899	637899	0	33955
FOLD	607	830	830	638670	638670	0	34007
FOLD	608	831	831	639438	639438	0	34054
FOLD	609	832	832	640209	640209	0	34100
FOLD	610	833	833	640977	640977	0	34150
FOLD	611	834	834	641748	641748	0	34201
FOLD	612	835	835	642516	642516	0	34259
FOLD	613	836	836	643287	643287	0	34349
FOLD	614	837	837	644055	644055	0	34399
FOLD	615	838	838	644826	644826	0	34461
FOLD	616	839	839	645594	645594	0	34540
FOLD	617	840	840	646365	646365	0	34623
FOLD	618	841	841	647133	647133	0	34697
FOLD	619	842	842	647904	647904	0	34764
FOLD	620	843	843	648672	648672	0	34830
FOLD	621	844	844	649443	649443	0	34879
FOLD	622	845	845	650211	650211	0	34928
FOLD	623	846	846	650982	650982	0	35003
FOLD	624	847	847	651750	651750	0	35050
FOLD	625	848	848	652521	652521	0	35099
FOLD	626	849	849	653289	653289	0	35189
FOLD	627	850	850	654060	654060	0	35256
FOLD	628	851	851	654828	654828	0	35321
FOLD	629	852	852	655599	655599	0	35385
FOLD	630	853	853	656367	656367	0	35466
FOLD	631	854	854	657138	657138	0	35516
FOLD	632	855	855	657906	657906	0	35564
FOLD	633	856	856	658677	658677	0	35634
FOLD	634	857	857	659445	659445	0	35717
FOLD	635	858	858	660216	660216	0	35773
FOLD	636	859	859	660984	660984	0	35837
FOLD	637	860	860	661755	661755	0	35901
FOLD	638	861	861	662523	662523	0	35954
FOLD	639	862	862	663294	663294	0	36034
FOLD	640	863	863	664062	664062	0	36159
FOLD	641	864	864	664833	664833	0	36308
FOLD	642	865	865	665601	665601	0	36404
FOLD	643	866	866	666372	666372	0	36457
FOLD	644	867	867	667140	667140	0	36503
FOLD	645	868	868	667911	667911	0	36550
FOLD	646	869	869	668679	668679	0	36598
FOLD	647	870	870	669450	669450	0	36646
FOLD	648	871	871	670218	670218	0	36705
FOLD	649	872	872	670989	670989	0	36789
FOLD	650	873	873	671757	671757	0	36888
FOLD	651	874	874	672528	672528	0	36992
FOLD	652	875	875	673296	673296	0	37112
FOLD	653	876	876	674067	674067	0	37277
FOLD	654	877	877	674835	674835	0	37356
FOLD	655	878	878	675606	675606	0	37430
FOLD	656	879	879	676374	676374	0	37522
FOLD	657	880	880	677145	677145	0	37624
FOLD	658	881	881	677913	677913	0	37690
FOLD	659	882	882	678684	678684	0	37767
FOLD	660	883	883	679452	679452	0	37815
FOLD	661	884	884	680223	680223	0	37863
FOLD	662	885	885	680991	680991	0	37920
FOLD	663	886	886	681762	681762	0	37971
FOLD	664	887	887	682530	682530	0	38017
FOLD	665	888	888	683301	683301	0	38067
FOLD	666	889	889	684069	684069	0	38129
FOLD	667	890	890	684840	684840	0	38211
FOLD	668	891	891	685608	685608	0	38266
FOLD	669	892	892	686379	686379	0	38327
FOLD	670	893	893	687147	687147	0	38378
FOLD	671	894	894	687918	687918	0	38426
FOLD	672	895	895	688686	688686	0	38514
FOLD	673	896	896	689457	689457	0	38567
FOLD	674	897	897	690225	690225	0	38631
FOLD	675	898	898	690996	690996	0	38718
FOLD	676	899	899	691764	691764	0	38847
FOLD	677	900	900	692535	692535	0	38970
FOLD	678	901	901	693303	693303	0	39047
FOLD	679	902	902	694074	694074	0	39095
FOLD	680	903	903	694842	694842	0	39144
FOLD	681	904	904	695613	695613	0	39189
FOLD	682	905	905	696381	696381	0	39250
FOLD	683	906	906	697152	697152	0	39316
FOLD	684	907	907	697920	697920	0	39384
FOLD	685	908	908	698691	698691	0	39453
FOLD	686	909	909	699459	699459	0	39504
FOLD	687	910	910	700230	700230	0	39552
FOLD	688	911	911	700998	700998	0	39624
FOLD	689	912	912	701769	701769	0	39695
FOLD	690	913	913	702537	702537	0	39751
FOLD	691	914	914	703308	703308	0	39801
FOLD	692	915	915	704076	704076	0	39865
FOLD	693	916	916	704847	704847	0	39915
FOLD	694	917	917	705615	705615	0	39975
FOLD	695	918	918	706386	706386	0	40050
FOLD	696	919	919	707154	707154	0	40141
FOLD	697	920	920	707925	707925	0	40196
FOLD	698	921	921	708693	708693	0	40247
FOLD	699	922	922	709464	709464	0	40293
FOLD	700	923	923	710232	710232	0	40342
FOLD	701	924	924	711003	711003	0	40390
FOLD	702	925	925	711771	711771	0	40447
FOLD	703	926	926	712542	712542	0	40497
FOLD	704	927	927	713310	713310	0	40545
FOLD	705	928	928	714081	714081	0	40608
FOLD	706	929	929	714849	714849	0	40670
FOLD	707	930	930	715620	715620	0	40770
FOLD	708	931	931	716388	716388	0	40863
FOLD	709	932	932	717159	717159	0	40929
FOLD	710	933	933	717927	717927	0	41016
FOLD	711	934	934	718698	718698	0	41112
FOLD	712	935	935	719466	719466	0	41277
FOLD	713	936	936	720237	720237	0	41420
FOLD	714	937	937	721005	721005	0	41509
FOLD	715	938	938	721776	721776	0	41556
FOLD	716	939	939	722544	722544	0	41616
FOLD	717	940	940	723315	723315	0	41699
FOLD	718	941	941	724083	724083	0	41746
FOLD	719	942	942	724854	724854	0	41795
FOLD	720	943	943	725622	725622	0	41866
FOLD	721	944	944	726393	726393	0	41918
FOLD	722	945	945	727161	727161	0	41987
FOLD	723	946	946	727932	727932	0	42034
FOLD	724	947	947	728700	728700	0	42083
FOLD	725	948	948	729471	729471	0	42131
FOLD	726	949	949	730239	730239	0	42177
FOLD	727	950	950	731010	731010	0	42262
FOLD	728	951	951	731778	731778	0	42314
FOLD	729	952	952	732549	732549	0	42362
FOLD	730	953	953	733317	733317	0	42409
FOLD	731	954	954	734088	734088	0	42457
FOLD	732	955	955	734856	734856	0	42527
FOLD	733	956	956	735627	735627	0	42580
FOLD	734	957	957	736395	736395	0	42630
FOLD	735	958	958	737166	737166	0	42703
FOLD	736	959	959	737934	737934	0	42753
FOLD	737	960	960	738705	738705	0	42802
FOLD	738	961	961	739473	739473	0	42848
FOLD	739	962	962	740244	740244	0	42911
FOLD	740	963	963	741012	741012	0	42964
FOLD	741	964	964	741783	741783	0	43010
FOLD	742	965	965	742551	742551	0	43058
FOLD	743	966	966	743322	743322	0	43114
FOLD	744	967	967	744090	744090	0	43188
FOLD	745	968	968	744861	744861	0	43256
FOLD	746	969	969	745629	745629	0	43326
FOLD	747	970	970	746400	746400	0	43378
FOLD	748	971	971	747168	747168	0	43433
FOLD	749	972	972	747939	747939	0	43481
FOLD	750	973	973	748707	748707	0	43527
FOLD	751	974	974	749478	749478	0	43602
FOLD	752	975	975	750246	750246	0	43654
FOLD	753	976	976	751017	751017	0	43727
FOLD	754	977	977	751785	751785	0	43784
FOLD	755	978	978	752556	752556	0	43845
FOLD	756	979	979	753324	753324	0	43897
FOLD	757	980	980	754095	754095	0	43951
FOLD	760	981	981	754866	754866	0	44057
FOLD	763	982	982	755637	755637	0	44390
FOLD	766	983	983	756408	756408	0	44558
FOLD	767	984	984	757176	757176	0	44611
FOLD	770	985	985	757944	757944	0	44768
FOLD	771	986	986	758712	758712	0	44821
FOLD	774	987	987	759480	759480	0	44962
FOLD	775	988	988	760248	760248	0	45014
FOLD	778	989	989	761016	761016	0	45150
FOLD	779	990	990	761784	761784	0	45204
FOLD	780	991	991	762555	762555	0	45254
FOLD	781	992	992	763323	763323	0	45305
FOLD	782	993	993	764094	764094	0	45355
FOLD	783	994	994	764862	764862	0	45408
FOLD	784	995	995	765633	765633	0	45477
FOLD	785	996	996	766401	766401	0	45538
FOLD	786	997	997	767172	767172	0	45609
FOLD	787	998	998	767940	767940	0	45670
FOLD	788	999	999	768711	768711	0	45741
FOLD	789	1000	1000	769479	769479	0	45808
FOLD	790	1001	1001	770250	770250	0	45914
FOLD	791	1002	1002	771018	771018	0	45970
FOLD	792	1003	1003	771789	771789	0	46022
FOLD	793	1004	1004	772557	772557	0	46076
FOLD	794	1005	1005	773328	773328	0	46127
FOLD	795	1006	1006	774096	774096	0	46177
FOLD	796	1007	1007	774867	774867	0	46267
FOLD	797	1008	1008	775635	775635	0	46316
FOLD	798	1009	1009	776406	776406	0	46365
FOLD	799	1010	1010	777174	777174	0	46419
FOLD	800	1011	1011	777945	777945	0	46472
FOLD	801	1012	1012	778713	778713	0	46518
FOLD	802	1013	1013	779484	779484	0	46571
FOLD	803	1014	1014	780252	780252	0	46626
FOLD	804	1015	1015	781023	781023	0	46675
FOLD	805	1016	1016	781791	781791	0	46753
FOLD	806	1017	1017	782562	782562	0	46817
FOLD	807	1018	1018	783330	783330	0	46871
FOLD	808	1019	1019	784101	784101	0	46925
FOLD	809	1020	1020	784869	784869	0	46972
FOLD	810	1021	1021	785640	785640	0	47020
FOLD	811	1022	1022	786408	786408	0	47075
FOLD	812	1023	1023	787179	787179	0	47127
FOLD	813	1024	1024	787947	787947	0	47174
FOLD	814	1025	1025	788718	788718	0	47227
FOLD	815	1026	1026	789486	789486	0	47302
FOLD	816	1027	1027	790257	790257	0	47379
FOLD	817	1028	1028	791025	791025	0	47446
FOLD	818	1029	1029	791796	791796	0	47492
FOLD	819	1030	1030	792564	792564	0	47544
FOLD	820	1031	1031	793335	793335	0	47615
FOLD	821	1032	1032	794103	794103	0	47835
FOLD	822	1033	1033	794874	794874	0	47892
FOLD	823	1034	1034	795642	795642	0	47951
FOLD	824	1035	1035	796413	796413	0	48001
FOLD	825	1036	1036	797181	797181	0	48048
FOLD	826	1037	1037	797952	797952	0	48126
FOLD	827	1038	1038	798720	798720	0	48186
FOLD	828	1039	1039	799491	799491	0	48251
FOLD	829	1040	1040	800259	800259	0	48323
FOLD	830	1041	1041	801030	801030	0	48372
FOLD	831	1042	1042	801798	801798	0	48425
FOLD	832	1043	1043	802569	802569	0	48476
FOLD	833	1044	1044	803337	803337	0	48524
FOLD	834	1045	1045	804108	804108	0	48570
FOLD	835	1046	1046	804876	804876	0	48624
FOLD	836	1047	1047	805647	805647	0	48710
FOLD	837	1048	1048	806415	806415	0	48760
FOLD	838	1049	1049	807186	807186	0	48814
FOLD	839	1050	1050	807954	807954	0	48868
FOLD	840	1051	1051	808725	808725	0	48932
FOLD	841	1052	1052	809493	809493	0	48983
FOLD	842	1053	1053	810264	810264	0	49030
FOLD	843	1054	1054	811032	811032	0	49080
FOLD	844	1055	1055	811803	811803	0	49133
FOLD	845	1056	1056	812571	812571	0	49181
FOLD	846	1057	1057	813342	813342	0	49229
FOLD	847	1058	1058	814110	814110	0	49282
FOLD	848	1059	1059	814881	814881	0	49332
FOLD	849	1060	1060	815649	815649	0	49405
FOLD	850	1061	1061	816420	816420	0	49493
FOLD	851	1062	1062	817188	817188	0	49547
FOLD	852	1063	1063	817959	817959	0	49599
FOLD	853	1064	1064	818727	818727	0	49648
FOLD	854	1065	1065	819498	819498	0	49697
FOLD	855	1066	1066	820266	820266	0	49749
FOLD	856	1067	1067	821037	821037	0	49830
FOLD	857	1068	1068	821805	821805	0	49880
FOLD	858	1069	1069	822576	822576	0	49930
FOLD	859	1070	1070	823344	823344	0	49984
FOLD	860	1071	1071	824115	824115	0	50032
FOLD	861	1072	1072	824883	824883	0	50080
FOLD	862	1073	1073	825654	825654	0	50130
FOLD	863	1074	1074	826422	826422	0	50182
FOLD	864	1075	1075	827193	827193	0	50235
FOLD	865	1076	1076	827961	827961	0	50284
FOLD	866	1077	1077	828732	828732	0	50330
FOLD	867	1078	1078	829500	829500	0	50382
FOLD	868	1079	1079	830271	830271	0	50432
FOLD	869	1080	1080	831039	831039	0	50506
FOLD	870	1081	1081	831810	831810	0	50574
FOLD	871	1082	1082	832578	832578	0	50630
FOLD	872	1083	1083	833349	833349	0	50680
FOLD	873	1084	1084	834117	834117	0	50728
FOLD	874	1085	1085	834888	834888	0	50781
FOLD	875	1086	1086	835656	835656	0	50835
FOLD	876	1087	1087	836427	836427	0	50883
FOLD	877	1088	1088	837195	837195	0	50934
FOLD	878	1089	1089	837966	837966	0	50981
FOLD	879	1090	1090	838734	838734	0	51067
FOLD	880	1091	1091	839505	839505	0	51171
FOLD	881	1092	1092	840273	840273	0	51221
FOLD	882	1093	1093	841044	841044	0	51351
FOLD	883	1094	1094	841812	841812	0	51434
FOLD	884	1095	1095	842583	842583	0	51487
FOLD	885	1096	1096	843351	843351	0	51574
FOLD	886	1097	1097	844122	844122	0	51670
FOLD	887	1098	1098	844890	844890	0	51724
FOLD	888	1099	1099	845661	845661	0	51776
FOLD	889	1100	1100	846429	846429	0	51827
FOLD	890	1101	1101	847200	847200	0	51874
FOLD	891	1102	1102	847968	847968	0	51926
FOLD	892	1103	1103	848739	848739	0	51978
FOLD	893	1104	1104	849507	849507	0	52025
FOLD	894	1105	1105	850278	850278	0	52098
FOLD	895	1106	1106	851046	851046	0	52201
FOLD	896	1107	1107	851817	851817	0	52313
FOLD	897	1108	1108	852585	852585	0	52377
FOLD	898	1109	1109	853356	853356	0	52455
FOLD	899	1110	1110	854124	854124	0	52542
FOLD	900	1111	1111	854895	854895	0	52610
FOLD	901	1112	1112	855663	855663	0	52664
FOLD	902	1113	1113	856434	856434	0	52714
FOLD	903	1114	1114	857202	857202	0	52763
FOLD	904	1115	1115	857973	857973	0	52816
FOLD	905	1116	1116	858741	858741	0	52879
FOLD	906	1117	1117	859512	859512	0	52941
FOLD	907	1118	1118	860280	860280	0	53016
FOLD	908	1119	1119	861051	861051	0	53079
FOLD	909	1120	1120	861819	861819	0	53161
FOLD	910	1121	1121	862590	862590	0	53253
FOLD	911	1122	1122	863358	863358	0	53324
FOLD	912	1123	1123	864129	864129	0	53373
FOLD	913	1124	1124	864897	864897	0	53461
FOLD	914	1125	1125	865668	865668	0	53520
FOLD	915	1126	1126	866436	866436	0	53572
FOLD	916	1127	1127	867207	867207	0	53624
FOLD	917	1128	1128	867975	867975	0	53705
FOLD	918	1129	1129	868746	868746	0	53780
FOLD	919	1130	1130	869514	869514	0	53853
FOLD	920	1131	1131	870285	870285	0	53944
FOLD	921	1132	1132	871053	871053	0	54004
FOLD	922	1133	1133	871824	871824	0	54089
FOLD	923	1134	1134	872592	872592	0	54152
FOLD	924	1135	1135	873363	873363	0	54227
FOLD	925	1136	1136	874131	874131	0	54300
FOLD	926	1137	1137	874902	874902	0	54384
FOLD	927	1138	1138	875670	875670	0	54438
FOLD	928	1139	1139	876441	876441	0	54511
FOLD	929	1140	1140	877209	877209	0	54590
FOLD	930	1141	1141	877980	877980	0	54669
FOLD	931	1142	1142	878748	878748	0	54741
FOLD	932	1143	1143	879519	879519	0	54816
FOLD	933	1144	1144	880287	880287	0	54879
FOLD	934	1145	1145	881058	881058	0	54940
FOLD	935	1146	1146	881826	881826	0	54991
FOLD	936	1147	1147	882597	882597	0	55041
FOLD	937	1148	1148	883365	883365	0	55155
FOLD	938	1149	1149	884136	884136	0	55233
FOLD	939	1150	1150	884904	884904	0	55284
FOLD	940	1151	1151	885675	885675	0	55371
FOLD	941	1152	1152	886443	886443	0	55438
FOLD	942	1153	1153	887214	887214	0	55515
FOLD	943	1154	1154	887982	887982	0	55570
FOLD	944	1155	1155	888753	888753	0	55618
FOLD	945	1156	1156	889521	889521	0	55717
FOLD	946	1157	1157	890292	890292	0	55790
FOLD	947	1158	1158	891060	891060	0	55842
FOLD	948	1159	1159	891831	891831	0	55891
FOLD	949	1160	1160	892599	892599	0	55964
FOLD	950	1161	1161	893370	893370	0	56024
FOLD	951	1162	1162	894138	894138	0	56097
FOLD	952	1163	1163	894909	894909	0	56164
FOLD	953	1164	1164	895677	895677	0	56226
FOLD	954	1165	1165	896448	896448	0	56287
FOLD	955	1166	1166	897216	897216	0	56340
FOLD	956	1167	1167	897987	897987	0	56390
FOLD	957	1168	1168	898755	898755	0	56489
FOLD	958	1169	1169	899526	899526	0	56575
FOLD	959	1170	1170	900294	900294	0	56626
FOLD	960	1171	1171	901065	901065	0	56674
FOLD	961	1172	1172	901833	901833	0	56766
FOLD	962	1173	1173	902604	902604	0	56856
FOLD	963	1174	1174	903372	903372	0	56908
FOLD	964	1175	1175	904143	904143	0	56992
FOLD	965	1176	1176	904911	904911	0	57047
FOLD	966	1177	1177	905682	905682	0	57119
FOLD	967	1178	1178	906450	906450	0	57206
FOLD	968	1179	1179	907221	907221	0	57255
FOLD	969	1180	1180	907989	907989	0	57305
FOLD	970	1181	1181	908760	908760	0	57360
FOLD	971	1182	1182	909528	909528	0	57409
FOLD	972	1183	1183	910299	910299	0	57481
FOLD	973	1184	1184	911067	911067	0	57540
FOLD	974	1185	1185	911838	911838	0	57589
FOLD	975	1186	1186	912606	912606	0	57639
FOLD	976	1187	1187	913377	913377	0	57688
FOLD	977	1188	1188	914145	914145	0	57789
FOLD	978	1189	1189	914916	914916	0	57855
FOLD	979	1190	1190	915684	915684	0	57907
FOLD	980	1191	1191	916455	916455	0	57989
FOLD	981	1192	1192	917223	917223	0	58041
FOLD	982	1193	1193	917994	917994	0	58098
FOLD	983	1194	1194	918762	918762	0	58148
FOLD	984	1195	1195	919533	919533	0	58204
FOLD	985	1196	1196	920301	920301	0	58265
FOLD	986	1197	1197	921072	921072	0	58341
FOLD	987	1198	1198	921840	921840	0	58405
FOLD	988	1199	1199	922611	922611	0	58457
FOLD	989	1200	1200	923379	923379	0	58508
FOLD	990	1201	1201	924150	924150	0	58557
FOLD	991	1202	1202	924918	924918	0	58610
FOLD	992	1203	1203	925689	925689	0	58657
FOLD	993	1204	1204	926457	926457	0	58729
FOLD	994	1205	1205	927228	927228	0	58801
FOLD	995	1206	1206	927996	927996	0	58867
FOLD	996	1207	1207	928767	928767	0	59018
FOLD	997	1208	1208	929535	929535	0	59069
FOLD	998	1209	1209	930306	930306	0	59117
FOLD	999	1210	1210	931074	931074	0	59163
FOLD	1000	1211	1211	931845	931845	0	59210
FOLD	1001	1212	1212	932613	932613	0	59263
FOLD	1002	1213	1213	933384	933384	0	59311
FOLD	1005	1214	1214	934155	934155	0	59627
FOLD	1006	1215	1215	934923	934923	0	59700
FOLD	1007	1216	1216	935691	935691	0	59813
FOLD	1008	1217	1217	936462	936462	0	59883
FOLD	1011	1218	1218	937233	937233	0	60029
FOLD	1016	1219	1219	938001	938001	0	60414
FOLD	1019	1220	1220	938769	938769	0	60563
FOLD	1020	1221	1221	939537	939537	0	60618
FOLD	1023	1222	1222	940305	940305	0	60825
FOLD	1024	1223	1223	941073	941073	0	60882
FOLD	1027	1224	1224	941841	941841	0	61021
FOLD	1028	1225	1225	942609	942609	0	61074
FOLD	1029	1226	1226	943380	943380	0	61127
FOLD	1030	1227	1227	944148	944148	0	61176
FOLD	1031	1228	1228	944919	944919	0	61224
FOLD	1032	1229	1229	945687	945687	0	61277
FOLD	1033	1230	1230	946458	946458	0	61330
FOLD	1034	1231	1231	947226	947226	0	61378
FOLD	1035	1232	1232	947997	947997	0	61426
FOLD	1036	1233	1233	948765	948765	0	61481
FOLD	1037	1234	1234	949536	949536	0	61535
FOLD	1038	1235	1235	950304	950304	0	61585
FOLD	1039	1236	1236	951075	951075	0	61655
FOLD	1040	1237	1237	951843	951843	0	61709
FOLD	1041	1238	1238	952614	952614	0	61764
FOLD	1042	1239	1239	953382	953382	0	61862
FOLD	1043	1240	1240	954153	954153	0	61960
FOLD	1044	1241	1241	954921	954921	0	62016
FOLD	1045	1242	1242	955692	955692	0	62078
FOLD	1046	1243	1243	956460	956460	0	62131
FOLD	1047	1244	1244	957231	957231	0	62179
FOLD	1048	1245	1245	957999	957999	0	62230
FOLD	1049	1246	1246	958770	958770	0	62318
FOLD	1050	1247	1247	959538	959538	0	62368
FOLD	1051	1248	1248	960309	960309	0	62419
FOLD	1052	1249	1249	961077	961077	0	62473
FOLD	1053	1250	1250	961848	961848	0	62526
FOLD	1054	1251	1251	962616	962616	0	62573
FOLD	1055	1252	1252	963387	963387	0	62637
FOLD	1056	1253	1253	964155	964155	0	62691
FOLD	1057	1254	1254	964926	964926	0	62744
FOLD	1058	1255	1255	965694	965694	0	62793
FOLD	1059	1256	1256	966465	966465	0	62841
FOLD	1060	1257	1257	967233	967233	0	62915
FOLD	1061	1258	1258	968004	968004	0	62971
FOLD	1062	1259	1259	968772	968772	0	63043
FOLD	1063	1260	1260	969543	969543	0	63108
FOLD	1064	1261	1261	970311	970311	0	63161
FOLD	1065	1262	1262	971082	971082	0	63215
FOLD	1066	1263	1263	971850	971850	0	63264
FOLD	1067	1264	1264	972621	972621	0	63314
FOLD	1068	1265	1265	973389	973389	0	63368
FOLD	1069	1266	1266	974160	974160	0	63461
FOLD	1070	1267	1267	974928	974928	0	63515
FOLD	1071	1268	1268	975699	975699	0	63564
FOLD	1072	1269	1269	976467	976467	0	63618
FOLD	1073	1270	1270	977238	977238	0	63687
FOLD	1074	1271	1271	978006	978006	0	63743
FOLD	1075	1272	1272	978777	978777	0	63791
FOLD	1076	1273	1273	979545	979545	0	63846
FOLD	1077	1274	1274	980316	980316	0	63900
FOLD	1078	1275	1275	981084	981084	0	63991
FOLD	1079	1276	1276	981855	981855	0	64041
FOLD	1080	1277	1277	982623	982623	0	64095
FOLD	1081	1278	1278	983394	983394	0	64146
FOLD	1082	1279	1279	984162	984162	0	64197
FOLD	1083	1280	1280	984933	984933	0	64286
FOLD	1084	1281	1281	985701	985701	0	64341
FOLD	1085	1282	1282	986472	986472	0	64396
FOLD	1086	1283	1283	987240	987240	0	64478
FOLD	1087	1284	1284	988011	988011	0	64535
FOLD	1088	1285	1285	988779	988779	0	64589
FOLD	1089	1286	1286	989550	989550	0	64641
FOLD	1090	1287	1287	990318	990318	0	64689
FOLD	1091	1288	1288	991089	991089	0	64762
FOLD	1092	1289	1289	991857	991857	0	64866
FOLD	1093	1290	1290	992628	992628	0	64925
FOLD	1094	1291	1291	993396	993396	0	65008
FOLD	1095	1292	1292	994167	994167	0	65061
FOLD	1096	1293	1293	994935	994935	0	65115
FOLD	1097	1294	1294	995706	995706	0	65166
FOLD	1098	1295	1295	996474	996474	0	65215
FOLD	1099	1296	1296	997245	997245	0	65267
FOLD	1100	1297	1297	998013	998013	0	65320
FOLD	1101	1298	1298	998784	998784	0	65375
FOLD	1102	1299	1299	999552	999552	0	65423
FOLD	1103	1300	1300	1000323	1000323	0	65474
FOLD	1104	1301	1301	1001091	1001091	0	65528
FOLD	1105	1302	1302	1001862	1001862	0	65579
FOLD	1106	1303	1303	1002630	1002630	0	65628
FOLD	1107	1304	1304	1003401	1003401	0	65701
FOLD	1108	1305	1305	1004169	1004169	0	65756
FOLD	1109	1306	1306	1004940	1004940	0	65810
FOLD	1110	1307	1307	1005708	1005708	0	65888
FOLD	1111	1308	1308	1006479	1006479	0	65939
FOLD	1112	1309	1309	1007247	1007247	0	66014
FOLD	1113	1310	1310	1008018	1008018	0	66127
FOLD	1114	1311	1311	1008786	1008786	0	66179
FOLD	1115	1312	1312	1009557	1009557	0	66275
FOLD	1116	1313	1313	1010325	1010325	0	66361
FOLD	1117	1314	1314	1011096	1011096	0	66419
FOLD	1118	1315	1315	1011864	1011864	0	66487
FOLD	1119	1316	1316	1012635	1012635	0	66541
FOLD	1120	1317	1317	1013403	1013403	0	66595
FOLD	1121	1318	1318	1014174	1014174	0	66645
FOLD	1122	1319	1319	1014942	1014942	0	66697
FOLD	1123	1320	1320	1015713	1015713	0	66769
FOLD	1124	1321	1321	1016481	1016481	0	66823
FOLD	1125	1322	1322	1017252	1017252	0	66905
FOLD	1126	1323	1323	1018020	1018020	0	67048
FOLD	1127	1324	1324	1018791	1018791	0	67127
FOLD	1128	1325	1325	1019559	1019559	0	67202
FOLD	1129	1326	1326	1020330	1020330	0	67255
FOLD	1130	1327	1327	1021098	1021098	0	67318
FOLD	1131	1328	1328	1021869	1021869	0	67423
FOLD	1132	1329	1329	1022637	1022637	0	67481
FOLD	1133	1330	1330	1023408	1023408	0	67578
FOLD	1134	1331	1331	1024176	1024176	0	67630
FOLD	1135	1332	1332	1024947	1024947	0	67771
FOLD	1136	1333	1333	1025715	1025715	0	67832
FOLD	1137	1334	1334	1026486	1026486	0	67886
FOLD	1138	1335	1335	1027254	1027254	0	67936
FOLD	1139	1336	1336	1028025	1028025	0	68011
FOLD	1140	1337	1337	1028793	1028793	0	68064
FOLD	1141	1338	1338	1029564	1029564	0	68118
FOLD	1142	1339	1339	1030332	1030332	0	68215
FOLD	1143	1340	1340	1031103	1031103	0	68282
FOLD	1144	1341	1341	1031871	1031871	0	68338
FOLD	1145	1342	1342	1032642	1032642	0	68392
FOLD	1146	1343	1343	1033410	1033410	0	68443
FOLD	1147	1344	1344	1034181	1034181	0	68494
FOLD	1148	1345	1345	1034949	1034949	0	68569
FOLD	1149	1346	1346	1035720	1035720	0	68639
FOLD	1150	1347	1347	1036488	1036488	0	68693
FOLD	1151	1348	1348	1037259	1037259	0	68742
FOLD	1152	1349	1349	1038027	1038027	0	68795
FOLD	1153	1350	1350	1038798	1038798	0	68871
FOLD	1154	1351	1351	1039566	1039566	0	68944
FOLD	1155	1352	1352	1040337	1040337	0	69051
FOLD	1156	1353	1353	1041105	1041105	0	69128
FOLD	1157	1354	1354	1041876	1041876	0	69182
FOLD	1158	1355	1355	1042644	1042644	0	69248
FOLD	1159	1356	1356	1043415	1043415	0	69317
FOLD	1160	1357	1357	1044183	1044183	0	69373
FOLD	1161	1358	1358	1044954	1044954	0	69469
FOLD	1162	1359	1359	1045722	1045722	0	69523
FOLD	1163	1360	1360	1046493	1046493	0	69575
FOLD	1164	1361	1361	1047261	1047261	0	69642
FOLD	1165	1362	1362	1048032	1048032	0	69696
FOLD	1166	1363	1363	1048800	1048800	0	69767
FOLD	1167	1364	1364	1049571	1049571	0	69872
FOLD	1168	1365	1365	1050339	1050339	0	69932
FOLD	1169	1366	1366	1051110	1051110	0	69985
FOLD	1170	1367	1367	1051878	1051878	0	70051
FOLD	1171	1368	1368	1052649	1052649	0	70126
FOLD	1172	1369	1369	1053417	1053417	0	70193
FOLD	1173	1370	1370	1054188	1054188	0	70260
FOLD	1174	1371	1371	1054956	1054956	0	70335
FOLD	1175	1372	1372	1055727	1055727	0	70390
FOLD	1176	1373	1373	1056495	1056495	0	70482
FOLD	1177	1374	1374	1057266	1057266	0	70535
FOLD	1178	1375	1375	1058034	1058034	0	70585
FOLD	1179	1376	1376	1058805	1058805	0	70640
FOLD	1180	1377	1377	1059573	1059573	0	70691
FOLD	1181	1378	1378	1060344	1060344	0	70745
FOLD	1182	1379	1379	1061112	1061112	0	70818
FOLD	1183	1380	1380	1061883	1061883	0	70887
FOLD	1184	1381	1381	1062651	1062651	0	70942
FOLD	1185	1382	1382	1063422	1063422	0	70993
FOLD	1186	1383	1383	1064190	1064190	0	71046
FOLD	1187	1384	1384	1064961	1064961	0	71108
FOLD	1188	1385	1385	1065729	1065729	0	71183
FOLD	1189	1386	1386	1066500	1066500	0	71235
FOLD	1190	1387	1387	1067268	1067268	0	71316
FOLD	1191	1388	1388	1068039	1068039	0	71367
FOLD	1192	1389	1389	1068807	1068807	0	71448
FOLD	1193	1390	1390	1069578	1069578	0	71516
FOLD	1194	1391	1391	1070346	1070346	0	71591
FOLD	1195	1392	1392	1071117	1071117	0	71667
FOLD	1196	1393	1393	1071885	1071885	0	71747
FOLD	1197	1394	1394	1072656	1072656	0	71823
FOLD	1198	1395	1395	1073424	1073424	0	71874
FOLD	1199	1396	1396	1074195	1074195	0	71926
FOLD	1200	1397	1397	1074963	1074963	0	71978
FOLD	1201	1398	1398	1075734	1075734	0	72029
FOLD	1202	1399	1399	1076502	1076502	0	72102
FOLD	1203	1400	1400	1077273	1077273	0	72166
FOLD	1204	1401	1401	1078041	1078041	0	72222
FOLD	1205	1402	1402	1078812	1078812	0	72272
FOLD	1206	1403	1403	1079580	1079580	0	72366
FOLD	1207	1404	1404	1080351	1080351	0	72435
FOLD	1208	1405	1405	1081119	1081119	0	72487
FOLD	1209	1406	1406	1081890	1081890	0	72539
FOLD	1210	1407	1407	1082658	1082658	0	72593
FOLD	1211	1408	1408	1083429	1083429	0	72644
FOLD	1212	1409	1409	1084197	1084197	0	72694
FOLD	1213	1410	1410	1084968	1084968	0	72785
FOLD	1214	1411	1411	1085736	1085736	0	72844
FOLD	1215	1412	1412	1086507	1086507	0	72895
FOLD	1216	1413	1413	1087275	1087275	0	72964
FOLD	1217	1414	1414	1088046	1088046	0	73030
FOLD	1218	1415	1415	1088814	1088814	0	73088
FOLD	1219	1416	1416	1089585	1089585	0	73140
FOLD	1220	1417	1417	1090353	1090353	0	73191
FOLD	1221	1418	1418	1091124	1091124	0	73268
FOLD	1222	1419	1419	1091892	1091892	0	73338
FOLD	1223	1420	1420	1092663	1092663	0	73389
FOLD	1224	1421	1421	1093431	1093431	0	73439
FOLD	1225	1422	1422	1094202	1094202	0	73490
FOLD	1226	1423	1423	1094970	1094970	0	73602
FOLD	1227	1424	1424	1095741	1095741	0	73687
FOLD	1228	1425	1425	1096509	1096509	0	73773
FOLD	1229	1426	1426	1097280	1097280	0	73827
FOLD	1230	1427	1427	1098048	1098048	0	73880
FOLD	1231	1428	1428	1098819	1098819	0	73931
FOLD	1232	1429	1429	1099587	1099587	0	73981
FOLD	1233	1430	1430	1100358	1100358	0	74032
FOLD	1234	1431	1431	1101126	1101126	0	74103
FOLD	1235	1432	1432	1101897	1101897	0	74182
FOLD	1236	1433	1433	1102665	1102665	0	74302
FOLD	1237	1434	1434	1103436	1103436	0	74352
FOLD	1238	1435	1435	1104204	1104204	0	74405
FOLD	1239	1436	1436	1104975	1104975	0	74456
FOLD	1240	1437	1437	1105743	1105743	0	74529
FOLD	1241	1438	1438	1106514	1106514	0	74586
FOLD	1242	1439	1439	1107282	1107282	0	74637
FOLD	1243	1440	1440	1108053	1108053	0	74686
FOLD	1244	1441	1441	1108821	1108821	0	74739
FOLD	1245	1442	1442	1109592	1109592	0	74790
FOLD	1246	1443	1443	1110360	1110360	0	74840
FOLD	1247	1444	1444	1111131	1111131	0	74902
FOLD	1248	1445	1445	1111899	1111899	0	75052
FOLD	1249	1446	1446	1112670	1112670	0	75117
FOLD	1252	1447	1447	1113441	1113441	0	75258
FOLD	1253	1448	1448	1114209	1114209	0	75307
FOLD	1254	1449	1449	1114977	1114977	0	75447
FOLD	1255	1450	1450	1115748	1115748	0	75513
FOLD	1258	1451	1451	1116519	1116519	0	75733
FOLD	1263	1452	1452	1117287	1117287	0	76141
FOLD	1264	1453	1453	1118058	1118058	0	76188
FOLD	1265	1454	1454	1118826	1118826	0	76238
FOLD	1266	1455	1455	1119597	1119597	0	76289
FOLD	1267	1456	1456	1120365	1120365	0	76346
FOLD	1270	1457	1457	1121133	1121133	0	76491
FOLD	1271	1458	1458	1121901	1121901	0	76547
FOLD	1274	1459	1459	1122669	1122669	0	77047
FOLD	1275	1460	1460	1123437	1123437	0	77107
FOLD	1276	1461	1461	1124208	1124208	0	77163
FOLD	1277	1462	1462	1124976	1124976	0	77278
FOLD	1278	1463	1463	1125747	1125747	0	77333
FOLD	1279	1464	1464	1126515	1126515	0	77391
FOLD	1280	1465	1465	1127286	1127286	0	77448
FOLD	1281	1466	1466	1128054	1128054	0	77500
FOLD	1282	1467	1467	1128825	1128825	0	77550
FOLD	1283	1468	1468	1129593	1129593	0	77628
FOLD	1284	1469	1469	1130364	1130364	0	77709
FOLD	1285	1470	1470	1131132	1131132	0	77765
FOLD	1286	1471	1471	1131903	1131903	0	77815
FOLD	1287	1472	1472	1132671	1132671	0	77872
FOLD	1288	1473	1473	1133442	1133442	0	77930
FOLD	1289	1474	1474	1134210	1134210	0	77983
FOLD	1290	1475	1475	1134981	1134981	0	78035
FOLD	1291	1476	1476	1135749	1135749	0	78094
FOLD	1292	1477	1477	1136520	1136520	0	78150
FOLD	1293	1478	1478	1137288	1137288	0	78204
FOLD	1294	1479	1479	1138059	1138059	0	78280
FOLD	1295	1480	1480	1138827	1138827	0	78338
FOLD	1296	1481	1481	1139598	1139598	0	78394
FOLD	1297	1482	1482	1140366	1140366	0	78462
FOLD	1298	1483	1483	1141137	1141137	0	78516
FOLD	1299	1484	1484	1141905	1141905	0	78572
FOLD	1300	1485	1485	1142676	1142676	0	78626
FOLD	1301	1486	1486	1143444	1143444	0	78692
FOLD	1302	1487	1487	1144215	1144215	0	78769
FOLD	1303	1488	1488	1144983	1144983	0	78827
FOLD	1304	1489	1489	1145754	1145754	0	78918
FOLD	1305	1490	1490	1146522	1146522	0	78998
FOLD	1306	1491	1491	1147293	1147293	0	79052
FOLD	1307	1492	1492	1148061	1148061	0	79108
FOLD	1308	1493	1493	1148832	1148832	0	79162
FOLD	1309	1494	1494	1149600	1149600	0	79213
FOLD	1310	1495	1495	1150371	1150371	0	79267
FOLD	1311	1496	1496	1151139	1151139	0	79323
FOLD	1312	1497	1497	1151910	1151910	0	79380
FOLD	1313	1498	1498	1152678	1152678	0	79435
FOLD	1314	1499	1499	1153449	1153449	0	79488
FOLD	1315	1500	1500	1154217	1154217	0	79545
FOLD	1316	1501	1501	1154988	1154988	0	79599
FOLD	1317	1502	1502	1155756	1155756	0	79704
FOLD	1318	1503	1503	1156527	1156527	0	79795
FOLD	1319	1504	1504	1157295	1157295	0	79854
FOLD	1320	1505	1505	1158066	1158066	0	79910
FOLD	1321	1506	1506	1158834	1158834	0	79991
FOLD	1322	1507	1507	1159605	1159605	0	80045
FOLD	1323	1508	1508	1160373	1160373	0	80101
FOLD	1324	1509	1509	1161144	1161144	0	80158
FOLD	1325	1510	1510	1161912	1161912	0	80209
FOLD	1326	1511	1511	1162683	1162683	0	80263
FOLD	1327	1512	1512	1163451	1163451	0	80356
FOLD	1328	1513	1513	1164222	1164222	0	80415
FOLD	1329	1514	1514	1164990	1164990	0	80466
FOLD	1330	1515	1515	1165761	1165761	0	80533
FOLD	1331	1516	1516	1166529	1166529	0	80596
FOLD	1332	1517	1517	1167300	1167300	0	80649
FOLD	1333	1518	1518	1168068	1168068	0	80702
FOLD	1334	1519	1519	1168839	1168839	0	80780
FOLD	1335	1520	1520	1169607	1169607	0	80839
FOLD	1336	1521	1521	1170378	1170378	0	80895
FOLD	1337	1522	1522	1171146	1171146	0	80992
FOLD	1338	1523	1523	1171917	1171917	0	81115
FOLD	1339	1524	1524	1172685	1172685	0	81214
FOLD	1340	1525	1525	1173456	1173456	0	81284
FOLD	1341	1526	1526	1174224	1174224	0	81360
FOLD	1342	1527	1527	1174995	1174995	0	81416
FOLD	1343	1528	1528	1175763	1175763	0	81473
FOLD	1344	1529	1529	1176534	1176534	0	81528
FOLD	1345	1530	1530	1177302	1177302	0	81579
FOLD	1346	1531	1531	1178073	1178073	0	81631
FOLD	1347	1532	1532	1178841	1178841	0	81708
FOLD	1348	1533	1533	1179612	1179612	0	81871
FOLD	1349	1534	1534	1180380	1180380	0	81935
FOLD	1350	1535	1535	1181151	1181151	0	82019
FOLD	1351	1536	1536	1181919	1181919	0	82079
FOLD	1352	1537	1537	1182690	1182690	0	82136
FOLD	1353	1538	1538	1183458	1183458	0	82218
FOLD	1354	1539	1539	1184229	1184229	0	82273
FOLD	1355	1540	1540	1184997	1184997	0	82329
FOLD	1356	1541	1541	1185768	1185768	0	82383
FOLD	1357	1542	1542	1186536	1186536	0	82434
FOLD	1358	1543	1543	1187307	1187307	0	82530
FOLD	1359	1544	1544	1188075	1188075	0	82609
FOLD	1360	1545	1545	1188846	1188846	0	82683
FOLD	1361	1546	1546	1189614	1189614	0	82752
FOLD	1362	1547	1547	1190385	1190385	0	82808
FOLD	1363	1548	1548	1191153	1191153	0	82865
FOLD	1364	1549	1549	1191924	1191924	0	82919
FOLD	1365	1550	1550	1192692	1192692	0	82973
FOLD	1366	1551	1551	1193463	1193463	0	83048
FOLD	1367	1552	1552	1194231	1194231	0	83106
FOLD	1368	1553	1553	1195002	1195002	0	83214
FOLD	1369	1554	1554	1195770	1195770	0	83294
FOLD	1370	1555	1555	1196541	1196541	0	83392
FOLD	1371	1556	1556	1197309	1197309	0	83472
FOLD	1372	1557	1557	1198080	1198080	0	83550
FOLD	1373	1558	1558	1198848	1198848	0	83617
FOLD	1374	1559	1559	1199619	1199619	0	83739
FOLD	1375	1560	1560	1200387	1200387	0	83817
FOLD	1376	1561	1561	1201158	1201158	0	83874
FOLD	1377	1562	1562	1201926	1201926	0	83940
FOLD	1378	1563	1563	1202697	1202697	0	84000
FOLD	1379	1564	1564	1203465	1203465	0	84058
FOLD	1380	1565	1565	1204236	1204236	0	84112
FOLD	1381	1566	1566	1205004	1205004	0	84165
FOLD	1382	1567	1567	1205775	1205775	0	84244
FOLD	1383	1568	1568	1206543	1206543	0	84303
FOLD	1384	1569	1569	1207314	1207314	0	84383
FOLD	1385	1570	1570	1208082	1208082	0	84482
FOLD	1386	1571	1571	1208853	1208853	0	84561
FOLD	1387	1572	1572	1209621	1209621	0	84631
FOLD	1388	1573	1573	1210392	1210392	0	84712
FOLD	1389	1574	1574	1211160	1211160	0	84769
FOLD	1390	1575	1575	1211931	1211931	0	84825
FOLD	1391	1576	1576	1212699	1212699	0	84916
FOLD	1392	1577	1577	1213470	1213470	0	84974
FOLD	1393	1578	1578	1214238	1214238	0	85027
FOLD	1394	1579	1579	1215009	1215009	0	85080
FOLD	1395	1580	1580	1215777	1215777	0	85137
FOLD	1396	1581	1581	1216548	1216548	0	85190
FOLD	1397	1582	1582	1217316	1217316	0	85260
FOLD	1398	1583	1583	1218087	1218087	0	85362
FOLD	1399	1584	1584	1218855	1218855	0	85441
FOLD	1400	1585	1585	1219626	1219626	0	85514
FOLD	1401	1586	1586	1220394	1220394	0	85592
FOLD	1402	1587	1587	1221165	1221165	0	85646
FOLD	1403	1588	1588	1221933	1221933	0	85703
FOLD	1404	1589	1589	1222704	1222704	0	85756
FOLD	1405	1590	1590	1223472	1223472	0	85811
FOLD	1406	1591	1591	1224243	1224243	0	85864
FOLD	1407	1592	1592	1225011	1225011	0	85920
FOLD	1408	1593	1593	1225782	1225782	0	85974
FOLD	1409	1594	1594	1226550	1226550	0	86025
FOLD	1410	1595	1595	1227321	1227321	0	86111
FOLD	1411	1596	1596	1228089	1228089	0	86189
FOLD	1412	1597	1597	1228860	1228860	0	86339
FOLD	1413	1598	1598	1229628	1229628	0	86405
FOLD	1414	1599	1599	1230399	1230399	0	86504
FOLD	1415	1600	1600	1231167	1231167	0	86562
FOLD	1416	1601	1601	1231938	1231938	0	86618
FOLD	1417	1602	1602	1232706	1232706	0	86689
FOLD	1418	1603	1603	1233477	1233477	0	86744
FOLD	1419	1604	1604	1234245	1234245	0	86802
FOLD	1420	1605	1605	1235016	1235016	0	86855
FOLD	1421	1606	1606	1235784	1235784	0	86909
FOLD	1422	1607	1607	1236555	1236555	0	86961
FOLD	1423	1608	1608	1237323	1237323	0	87017
FOLD	1424	1609	1609	1238094	1238094	0	87072
FOLD	1425	1610	1610	1238862	1238862	0	87174
FOLD	1426	1611	1611	1239633	1239633	0	87266
FOLD	1427	1612	1612	1240401	1240401	0	87325
FOLD	1428	1613	1613	1241172	1241172	0	87401
FOLD	1429	1614	1614	1241940	1241940	0	87469
FOLD	1430	1615	1615	1242711	1242711	0	87579
FOLD	1431	1616	1616	1243479	1243479	0	87658
FOLD	1432	1617	1617	1244250	1244250	0	87932
FOLD	1433	1618	1618	1245018	1245018	0	88020
FOLD	1434	1619	1619	1245789	1245789	0	88078
FOLD	1435	1620	1620	1246557	1246557	0	88133
FOLD	1436	1621	1621	1247328	1247328	0	88185
FOLD	1437	1622	1622	1248096	1248096	0	88241
FOLD	1438	1623	1623	1248867	1248867	0	88294
FOLD	1439	1624	1624	1249635	1249635	0	88348
FOLD	1440	1625	1625	1250406	1250406	0	88404
FOLD	1441	1626	1626	1251174	1251174	0	88463
FOLD	1442	1627	1627	1251945	1251945	0	88515
FOLD	1443	1628	1628	1252713	1252713	0	88570
FOLD	1444	1629	1629	1253484	1253484	0	88623
FOLD	1445	1630	1630	1254252	1254252	0	88702
FOLD	1446	1631	1631	1255023	1255023	0	88769
FOLD	1447	1632	1632	1255791	1255791	0	88826
FOLD	1448	1633	1633	1256562	1256562	0	88880
FOLD	1449	1634	1634	1257330	1257330	0	88957
FOLD	1450	1635	1635	1258101	1258101	0	89029
FOLD	1451	1636	1636	1258869	1258869	0	89113
FOLD	1452	1637	1637	1259640	1259640	0	89185
FOLD	1453	1638	1638	1260408	1260408	0	89271
FOLD	1454	1639	1639	1261179	1261179	0	89353
FOLD	1455	1640	1640	1261947	1261947	0	89406
FOLD	1456	1641	1641	1262718	1262718	0	89458
FOLD	1457	1642	1642	1263486	1263486	0	89525
FOLD	1458	1643	1643	1264257	1264257	0	89591
FOLD	1459	1644	1644	1265025	1265025	0	89644
FOLD	1460	1645	1645	1265796	1265796	0	89732
FOLD	1461	1646	1646	1266564	1266564	0	89799
FOLD	1462	1647	1647	1267335	1267335	0	89864
FOLD	1463	1648	1648	1268103	1268103	0	89920
FOLD	1464	1649	1649	1268874	1268874	0	89974
FOLD	1465	1650	1650	1269642	1269642	0	90138
FOLD	1466	1651	1651	1270413	1270413	0	90223
FOLD	1467	1652	1652	1271181	1271181	0	90278
FOLD	1468	1653	1653	1271952	1271952	0	90332
FOLD	1469	1654	1654	1272720	1272720	0	90399
FOLD	1470	1655	1655	1273491	1273491	0	90463
FOLD	1471	1656	1656	1274259	1274259	0	90516
FOLD	1472	1657	1657	1275030	1275030	0	90570
FOLD	1473	1658	1658	1275798	1275798	0	90654
FOLD	1474	1659	1659	1276569	1276569	0	90814
FOLD	1475	1660	1660	1277337	1277337	0	90886
FOLD	1476	1661	1661	1278108	1278108	0	90948
FOLD	1477	1662	1662	1278876	1278876	0	91020
FOLD	1478	1663	1663	1279647	1279647	0	91087
FOLD	1479	1664	1664	1280415	1280415	0	91171
FOLD	1480	1665	1665	1281186	1281186	0	91259
FOLD	1481	1666	1666	1281954	1281954	0	91326
FOLD	1482	1667	1667	1282725	1282725	0	91390
FOLD	1483	1668	1668	1283493	1283493	0	91481
FOLD	1484	1669	1669	1284264	1284264	0	91557
FOLD	1485	1670	1670	1285032	1285032	0	91793
FOLD	1486	1671	1671	1285803	1285803	0	91992
FOLD	1487	1672	1672	1286571	1286571	0	92189
FOLD	1488	1673	1673	1287342	1287342	0	92385
FOLD	1489	1674	1674	1288110	1288110	0	92664
FOLD	1490	1675	1675	1288881	1288881	0	92891
FOLD	1491	1676	1676	1289649	1289649	0	92985
FOLD	1492	1677	1677	1290420	1290420	0	93039
FOLD	1495	1678	1678	1291191	1291191	0	93320
FOLD	1498	1679	1679	1291962	1291962	0	93733
FOLD	1499	1680	1680	1292730	1292730	0	93813
FOLD	1500	1681	1681	1293498	1293498	0	93869
FOLD	1501	1682	1682	1294269	1294269	0	93922
FOLD	1504	1683	1683	1295040	1295040	0	94061
FOLD	1505	1684	1684	1295811	1295811	0	94138
FOLD	1510	1685	1685	1296579	1296579	0	94401
FOLD	1511	1686	1686	1297350	1297350	0	94452
FOLD	1512	1687	1687	1298118	1298118	0	94543
FOLD	1513	1688	1688	1298889	1298889	0	94597
FOLD	1514	1689	1689	1299657	1299657	0	94673
FOLD	1517	1690	1690	1300425	1300425	0	95115
FOLD	1518	1691	1691	1301193	1301193	0	95174
FOLD	1521	1692	1692	1301961	1301961	0	95620
FOLD	1522	1693	1693	1302729	1302729	0	95691
FOLD	1523	1694	1694	1303500	1303500	0	95756
FOLD	1524	1695	1695	1304268	1304268	0	95809
FOLD	1525	1696	1696	1305039	1305039	0	95862
FOLD	1526	1697	1697	1305807	1305807	0	95963
FOLD	1527	1698	1698	1306578	1306578	0	96024
FOLD	1528	1699	1699	1307346	1307346	0	96116
FOLD	1529	1700	1700	1308117	1308117	0	96223
FOLD	1530	1701	1701	1308885	1308885	0	96282
FOLD	1531	1702	1702	1309656	1309656	0	96341
FOLD	1532	1703	1703	1310424	1310424	0	96448
FOLD	1533	1704	1704	1311195	1311195	0	96520
FOLD	1534	1705	1705	1311963	1311963	0	96586
FOLD	1535	1706	1706	1312734	1312734	0	96646
FOLD	1536	1707	1707	1313502	1313502	0	96699
FOLD	1537	1708	1708	1314273	1314273	0	96756
FOLD	1538	1709	1709	1315041	1315041	0	96815
FOLD	1539	1710	1710	1315812	1315812	0	96872
FOLD	1540	1711	1711	1316580	1316580	0	96924
FOLD	1541	1712	1712	1317351	1317351	0	96979
FOLD	1542	1713	1713	1318119	1318119	0	97038
FOLD	1543	1714	1714	1318890	1318890	0	97097
FOLD	1544	1715	1715	1319658	1319658	0	97152
FOLD	1545	1716	1716	1320429	1320429	0	97233
FOLD	1546	1717	1717	1321197	1321197	0	97313
FOLD	1547	1718	1718	1321968	1321968	0	97396
FOLD	1548	1719	1719	1322736	1322736	0	97497
FOLD	1549	1720	1720	1323507	1323507	0	97565
FOLD	1550	1721	1721	1324275	1324275	0	97626
FOLD	1551	1722	1722	1325046	1325046	0	97702
FOLD	1552	1723	1723	1325814	1325814	0	97788
FOLD	1553	1724	1724	1326585	1326585	0	97847
FOLD	1554	1725	1725	1327353	1327353	0	97908
FOLD	1555	1726	1726	1328124	1328124	0	97965
FOLD	1556	1727	1727	1328892	1328892	0	98017
FOLD	1557	1728	1728	1329663	1329663	0	98072
FOLD	1558	1729	1729	1330431	1330431	0	98130
FOLD	1559	1730	1730	1331202	1331202	0	98188
FOLD	1560	1731	1731	1331970	1331970	0	98243
FOLD	1561	1732	1732	1332741	1332741	0	98320
FOLD	1562	1733	1733	1333509	1333509	0	98392
FOLD	1563	1734	1734	1334280	1334280	0	98458
FOLD	1564	1735	1735	1335048	1335048	0	98545
FOLD	1565	1736	1736	1335819	1335819	0	98602
FOLD	1566	1737	1737	1336587	1336587	0	98662
FOLD	1567	1738	1738	1337358	1337358	0	98755
FOLD	1568	1739	1739	1338126	1338126	0	98811
FOLD	1569	1740	1740	1338897	1338897	0	98888
FOLD	1570	1741	1741	1339665	1339665	0	98948
FOLD	1571	1742	1742	1340436	1340436	0	99005
FOLD	1572	1743	1743	1341204	1341204	0	99076
FOLD	1573	1744	1744	1341975	1341975	0	99133
FOLD	1574	1745	1745	1342743	1342743	0	99193
FOLD	1575	1746	1746	1343514	1343514	0	99251
FOLD	1576	1747	1747	1344282	1344282	0	99306
FOLD	1577	1748	1748	1345053	1345053	0	99382
FOLD	1578	1749	1749	1345821	1345821	0	99449
FOLD	1579	1750	1750	1346592	1346592	0	99506
FOLD	1580	1751	1751	1347360	1347360	0	99591
FOLD	1581	1752	1752	1348131	1348131	0	99653
FOLD	1582	1753	1753	1348899	1348899	0	99723
FOLD	1583	1754	1754	1349670	1349670	0	99790
FOLD	1584	1755	1755	1350438	1350438	0	99844
FOLD	1585	1756	1756	1351209	1351209	0	99902
FOLD	1586	1757	1757	1351977	1351977	0	99993
FOLD	1587	1758	1758	1352748	1352748	0	100066
FOLD	1588	1759	1759	1353516	1353516	0	100124
FOLD	1589	1760	1760	1354287	1354287	0	100179
FOLD	1590	1761	1761	1355055	1355055	0	100293
FOLD	1591	1762	1762	1355826	1355826	0	100356
FOLD	1592	1763	1763	1356594	1356594	0	100412
FOLD	1593	1764	1764	1357365	1357365	0	100489
FOLD	1594	1765	1765	1358133	1358133	0	100549
FOLD	1595	1766	1766	1358904	1358904	0	100605
FOLD	1596	1767	1767	1359672	1359672	0	100688
FOLD	1597	1768	1768	1360443	1360443	0	100745
FOLD	1598	1769	1769	1361211	1361211	0	100804
FOLD	1599	1770	1770	1361982	1361982	0	100861
FOLD	1600	1771	1771	1362750	1362750	0	100915
FOLD	1601	1772	1772	1363521	1363521	0	101014
FOLD	1602	1773	1773	1364289	1364289	0	101074
FOLD	1603	1774	1774	1365060	1365060	0	101151
FOLD	1604	1775	1775	1365828	1365828	0	101221
FOLD	1605	1776	1776	1366599	1366599	0	101279
FOLD	1606	1777	1777	1367367	1367367	0	101349
FOLD	1607	1778	1778	1368138	1368138	0	101431
FOLD	1608	1779	1779	1368906	1368906	0	101490
FOLD	1609	1780	1780	1369677	1369677	0	101565
FOLD	1610	1781	1781	1370445	1370445	0	101645
FOLD	1611	1782	1782	1371216	1371216	0	101745
FOLD	1612	1783	1783	1371984	1371984	0	101826
FOLD	1613	1784	1784	1372755	1372755	0	101903
FOLD	1614	1785	1785	1373523	1373523	0	101973
FOLD	1615	1786	1786	1374294	1374294	0	102055
FOLD	1616	1787	1787	1375062	1375062	0	102122
FOLD	1617	1788	1788	1375833	1375833	0	102220
FOLD	1618	1789	1789	1376601	1376601	0	102281
FOLD	1619	1790	1790	1377372	1377372	0	102336
FOLD	1620	1791	1791	1378140	1378140	0	102390
FOLD	1621	1792	1792	1378911	1378911	0	102446
FOLD	1622	1793	1793	1379679	1379679	0	102503
FOLD	1623	1794	1794	1380450	1380450	0	102559
FOLD	1624	1795	1795	1381218	1381218	0	102612
FOLD	1625	1796	1796	1381989	1381989	0	102688
FOLD	1626	1797	1797	1382757	1382757	0	102762
FOLD	1627	1798	1798	1383528	1383528	0	102818
FOLD	1628	1799	1799	1384296	1384296	0	102919
FOLD	1629	1800	1800	1385067	1385067	0	102991
FOLD	1630	1801	1801	1385835	1385835	0	103051
FOLD	1631	1802	1802	1386606	1386606	0	103142
FOLD	1632	1803	1803	1387374	1387374	0	103200
FOLD	1633	1804	1804	1388145	1388145	0	103256
FOLD	1634	1805	1805	1388913	1388913	0	103314
FOLD	1635	1806	1806	1389684	1389684	0	103391
FOLD	1636	1807	1807	1390452	1390452	0	103458
FOLD	1637	1808	1808	1391223	1391223	0	103512
FOLD	1638	1809	1809	1391991	1391991	0	103582
FOLD	1639	1810	1810	1392762	1392762	0	103789
FOLD	1640	1811	1811	1393530	1393530	0	103854
FOLD	1641	1812	1812	1394301	1394301	0	103949
FOLD	1642	1813	1813	1395069	1395069	0	104019
FOLD	1643	1814	1814	1395840	1395840	0	104084
FOLD	1644	1815	1815	1396608	1396608	0	104160
FOLD	1645	1816	1816	1397379	1397379	0	104218
FOLD	1646	1817	1817	1398147	1398147	0	104275
FOLD	1647	1818	1818	1398918	1398918	0	104332
FOLD	1648	1819	1819	1399686	1399686	0	104387
FOLD	1649	1820	1820	1400457	1400457	0	104462
FOLD	1650	1821	1821	1401225	1401225	0	104544
FOLD	1651	1822	1822	1401996	1401996	0	104634
FOLD	1652	1823	1823	1402764	1402764	0	104710
FOLD	1653	1824	1824	1403535	1403535	0	104786
FOLD	1654	1825	1825	1404303	1404303	0	104877
FOLD	1655	1826	1826	1405074	1405074	0	104936
FOLD	1656	1827	1827	1405842	1405842	0	105003
FOLD	1657	1828	1828	1406613	1406613	0	105082
FOLD	1658	1829	1829	1407381	1407381	0	105143
FOLD	1659	1830	1830	1408152	1408152	0	105198
FOLD	1660	1831	1831	1408920	1408920	0	105254
FOLD	1661	1832	1832	1409691	1409691	0	105331
FOLD	1662	1833	1833	1410459	1410459	0	105390
FOLD	1663	1834	1834	1411230	1411230	0	105446
FOLD	1664	1835	1835	1411998	1411998	0	105507
FOLD	1665	1836	1836	1412769	1412769	0	105563
FOLD	1666	1837	1837	1413537	1413537	0	105620
FOLD	1667	1838	1838	1414308	1414308	0	105714
FOLD	1668	1839	1839	1415076	1415076	0	105791
FOLD	1669	1840	1840	1415847	1415847	0	105864
FOLD	1670	1841	1841	1416615	1416615	0	105962
FOLD	1671	1842	1842	1417386	1417386	0	106022
FOLD	1672	1843	1843	1418154	1418154	0	106079
FOLD	1673	1844	1844	1418925	1418925	0	106209
FOLD	1674	1845	1845	1419693	1419693	0	106286
FOLD	1675	1846	1846	1420464	1420464	0	106367
FOLD	1676	1847	1847	1421232	1421232	0	106446
FOLD	1677	1848	1848	1422003	1422003	0	106506
FOLD	1678	1849	1849	1422771	1422771	0	106565
FOLD	1679	1850	1850	1423542	1423542	0	106621
FOLD	1680	1851	1851	1424310	1424310	0	106677
FOLD	1681	1852	1852	1425081	1425081	0	106734
FOLD	1682	1853	1853	1425849	1425849	0	106790
FOLD	1683	1854	1854	1426620	1426620	0	106842
FOLD	1684	1855	1855	1427388	1427388	0	106896
FOLD	1685	1856	1856	1428159	1428159	0	106951
FOLD	1686	1857	1857	1428927	1428927	0	107008
FOLD	1687	1858	1858	1429698	1429698	0	107088
FOLD	1688	1859	1859	1430466	1430466	0	107144
FOLD	1689	1860	1860	1431237	1431237	0	107255
FOLD	1690	1861	1861	1432005	1432005	0	107324
FOLD	1691	1862	1862	1432776	1432776	0	107410
FOLD	1692	1863	1863	1433544	1433544	0	107499
FOLD	1693	1864	1864	1434315	1434315	0	107555
FOLD	1694	1865	1865	1435083	1435083	0	107610
FOLD	1695	1866	1866	1435854	1435854	0	107674
FOLD	1696	1867	1867	1436622	1436622	0	107734
FOLD	1697	1868	1868	1437393	1437393	0	107809
FOLD	1698	1869	1869	1438161	1438161	0	107872
FOLD	1699	1870	1870	1438932	1438932	0	107980
FOLD	1700	1871	1871	1439700	1439700	0	108040
FOLD	1701	1872	1872	1440471	1440471	0	108094
FOLD	1702	1873	1873	1441239	1441239	0	108150
FOLD	1703	1874	1874	1442010	1442010	0	108203
FOLD	1704	1875	1875	1442778	1442778	0	108259
FOLD	1705	1876	1876	1443549	1443549	0	108321
FOLD	1706	1877	1877	1444317	1444317	0	108377
FOLD	1707	1878	1878	1445088	1445088	0	108435
FOLD	1708	1879	1879	1445856	1445856	0	108493
FOLD	1709	1880	1880	1446627	1446627	0	108546
FOLD	1710	1881	1881	1447395	1447395	0	108601
FOLD	1711	1882	1882	1448166	1448166	0	108658
FOLD	1712	1883	1883	1448934	1448934	0	108754
FOLD	1713	1884	1884	1449705	1449705	0	108835
FOLD	1714	1885	1885	1450473	1450473	0	108906
FOLD	1715	1886	1886	1451244	1451244	0	108960
FOLD	1716	1887	1887	1452012	1452012	0	109017
FOLD	1717	1888	1888	1452783	1452783	0	109075
FOLD	1718	1889	1889	1453551	1453551	0	109129
FOLD	1719	1890	1890	1454322	1454322	0	109219
FOLD	1720	1891	1891	1455090	1455090	0	109278
FOLD	1721	1892	1892	1455861	1455861	0	109334
FOLD	1722	1893	1893	1456629	1456629	0	109461
FOLD	1723	1894	1894	1457400	1457400	0	109515
FOLD	1724	1895	1895	1458168	1458168	0	109571
FOLD	1725	1896	1896	1458939	1458939	0	109642
FOLD	1726	1897	1897	1459707	1459707	0	109706
FOLD	1727	1898	1898	1460478	1460478	0	109763
FOLD	1728	1899	1899	1461246	1461246	0	109825
FOLD	1729	1900	1900	1462017	1462017	0	109901
FOLD	1730	1901	1901	1462785	1462785	0	110018
FOLD	1731	1902	1902	1463556	1463556	0	110084
FOLD	1732	1903	1903	1464324	1464324	0	110148
FOLD	1733	1904	1904	1465095	1465095	0	110204
FOLD	1734	1905	1905	1465863	1465863	0	110263
FOLD	1735	1906	1906	1466634	1466634	0	110342
FOLD	1736	1907	1907	1467402	1467402	0	110399
FOLD	1737	1908	1908	1468173	1468173	0	110458
FOLD	1740	1909	1909	1468944	1468944	0	110850
FOLD	1743	1910	1910	1469715	1469715	0	111016
FOLD	1744	1911	1911	1470483	1470483	0	111071
FOLD	1747	1912	1912	1471251	1471251	0	111595
FOLD	1756	1913	1913	1472019	1472019	0	112664
FOLD	1757	1914	1914	1472790	1472790	0	112765
FOLD	1758	1915	1915	1473558	1473558	0	112862
FOLD	1759	1916	1916	1474329	1474329	0	113000
FOLD	1760	1917	1917	1475097	1475097	0	113107
FOLD	1763	1918	1918	1475865	1475865	0	113428
FOLD	1764	1919	1919	1476633	1476633	0	113537
FOLD	1767	1920	1920	1477401	1477401	0	114189
FOLD	1768	1921	1921	1478169	1478169	0	114294
FOLD	1769	1922	1922	1478940	1478940	0	114398
FOLD	1770	1923	1923	1479708	1479708	0	114497
FOLD	1771	1924	1924	1480479	1480479	0	114596
FOLD	1772	1925	1925	1481247	1481247	0	114701
FOLD	1773	1926	1926	1482018	1482018	0	114842
FOLD	1774	1927	1927	1482786	1482786	0	114949
FOLD	1775	1928	1928	1483557	1483557	0	115049
FOLD	1776	1929	1929	1484325	1484325	0	115188
FOLD	1777	1930	1930	1485096	1485096	0	115321
FOLD	1778	1931	1931	1485864	1485864	0	115474
FOLD	1779	1932	1932	1486635	1486635	0	115608
FOLD	1780	1933	1933	1487403	1487403	0	115731
FOLD	1781	1934	1934	1488174	1488174	0	115848
FOLD	1782	1935	1935	1488942	1488942	0	115963
FOLD	1783	1936	1936	1489713	1489713	0	116095
FOLD	1784	1937	1937	1490481	1490481	0	116210
FOLD	1785	1938	1938	1491252	1491252	0	116325
FOLD	1786	1939	1939	1492020	1492020	0	116447
FOLD	1787	1940	1940	1492791	1492791	0	116564
FOLD	1788	1941	1941	1493559	1493559	0	116669
FOLD	1789	1942	1942	1494330	1494330	0	116771
FOLD	1790	1943	1943	1495098	1495098	0	116897
FOLD	1791	1944	1944	1495869	1495869	0	117000
FOLD	1792	1945	1945	1496637	1496637	0	117114
FOLD	1793	1946	1946	1497408	1497408	0	117263
FOLD	1794	1947	1947	1498176	1498176	0	117364
FOLD	1795	1948	1948	1498947	1498947	0	117472
FOLD	1796	1949	1949	1499715	1499715	0	117604
FOLD	1797	1950	1950	1500486	1500486	0	117714
FOLD	1798	1951	1951	1501254	1501254	0	117820
FOLD	1799	1952	1952	1502025	1502025	0	117932
FOLD	1800	1953	1953	1502793	1502793	0	118041
FOLD	1801	1954	1954	1503564	1503564	0	118148
FOLD	1802	1955	1955	1504332	1504332	0	118271
FOLD	1803	1956	1956	1505103	1505103	0	118404
FOLD	1804	1957	1957	1505871	1505871	0	118514
FOLD	1805	1958	1958	1506642	1506642	0	118622
FOLD	1806	1959	1959	1507410	1507410	0	118750
FOLD	1807	1960	1960	1508181	1508181	0	118841
FOLD	1808	1961	1961	1508949	1508949	0	118906
FOLD	1809	1962	1962	1509720	1509720	0	118969
FOLD	1810	1963	1963	1510488	1510488	0	119052
FOLD	1811	1964	1964	1511259	1511259	0	119121
FOLD	1812	1965	1965	1512027	1512027	0	119181
FOLD	1813	1966	1966	1512798	1512798	0	119249
FOLD	1814	1967	1967	1513566	1513566	0	119310
FOLD	1815	1968	1968	1514337	1514337	0	119368
FOLD	1816	1969	1969	1515105	1515105	0	119477
FOLD	1817	1970	1970	1515876	1515876	0	119540
FOLD	1818	1971	1971	1516644	1516644	0	119601
FOLD	1819	1972	1972	1517415	1517415	0	119728
FOLD	1820	1973	1973	1518183	1518183	0	119796
FOLD	1821	1974	1974	1518954	1518954	0	119871
FOLD	1822	1975	1975	1519722	1519722	0	119970
FOLD	1823	1976	1976	1520493	1520493	0	120057
FOLD	1824	1977	1977	1521261	1521261	0	120120
FOLD	1825	1978	1978	1522032	1522032	0	120182
FOLD	1826	1979	1979	1522800	1522800	0	120258
FOLD	1827	1980	1980	1523571	1523571	0	120327
FOLD	1828	1981	1981	1524339	1524339	0	120390
FOLD	1829	1982	1982	1525110	1525110	0	120450
FOLD	1830	1983	1983	1525878	1525878	0	120509
FOLD	1831	1984	1984	1526649	1526649	0	120567
FOLD	1832	1985	1985	1527417	1527417	0	120630
FOLD	1833	1986	1986	1528188	1528188	0	120707
FOLD	1834	1987	1987	1528956	1528956	0	120769
FOLD	1835	1988	1988	1529727	1529727	0	120850
FOLD	1836	1989	1989	1530495	1530495	0	120927
FOLD	1837	1990	1990	1531266	1531266	0	121032
FOLD	1838	1991	1991	1532034	1532034	0	121119
FOLD	1839	1992	1992	1532805	1532805	0	121180
FOLD	1840	1993	1993	1533573	1533573	0	121242
FOLD	1841	1994	1994	1534344	1534344	0	121316
FOLD	1842	1995	1995	1535112	1535112	0	121388
FOLD	1843	1996	1996	1535883	1535883	0	121488
FOLD	1844	1997	1997	1536651	1536651	0	121553
FOLD	1845	1998	1998	1537422	1537422	0	121613
FOLD	1846	1999	1999	1538190	1538190	0	121699
FOLD	1847	2000	2000	1538961	1538961	0	121760
FOLD	1848	2001	2001	1539729	1539729	0	121823
FOLD	1849	2002	2002	1540500	1540500	0	121969
FOLD	1850	2003	2003	1541268	1541268	0	122028
FOLD	1851	2004	2004	1542039	1542039	0	122111
FOLD	1852	2005	2005	1542807	1542807	0	122171
FOLD	1853	2006	2006	1543578	1543578	0	122259
FOLD	1854	2007	2007	1544346	1544346	0	122344
FOLD	1855	2008	2008	1545117	1545117	0	122433
FOLD	1856	2009	2009	1545885	1545885	0	122512
FOLD	1857	2010	2010	1546656	1546656	0	122620
FOLD	1858	2011	2011	1547424	1547424	0	122693
FOLD	1859	2012	2012	1548195	1548195	0	122795
FOLD	1860	2013	2013	1548963	1548963	0	122888
FOLD	1861	2014	2014	1549734	1549734	0	122950
FOLD	1862	2015	2015	1550502	1550502	0	123009
FOLD	1863	2016	2016	1551273	1551273	0	123070
FOLD	1864	2017	2017	1552041	1552041	0	123131
FOLD	1865	2018	2018	1552812	1552812	0	123193
FOLD	1866	2019	2019	1553580	1553580	0	123250
FOLD	1867	2020	2020	1554351	1554351	0	123333
FOLD	1868	2021	2021	1555119	1555119	0	123394
FOLD	1869	2022	2022	1555890	1555890	0	123464
FOLD	1870	2023	2023	1556658	1556658	0	123586
FOLD	1871	2024	2024	1557429	1557429	0	123676
FOLD	1872	2025	2025	1558197	1558197	0	123746
FOLD	1873	2026	2026	1558968	1558968	0	123852
FOLD	1874	2027	2027	1559736	1559736	0	123915
FOLD	1875	2028	2028	1560507	1560507	0	123975
FOLD	1876	2029	2029	1561275	1561275	0	124062
FOLD	1877	2030	2030	1562046	1562046	0	124140
FOLD	1878	2031	2031	1562814	1562814	0	124199
FOLD	1879	2032	2032	1563585	1563585	0	124259
FOLD	1880	2033	2033	1564353	1564353	0	124361
FOLD	1881	2034	2034	1565124	1565124	0	124425
FOLD	1882	2035	2035	1565892	1565892	0	124482
FOLD	1883	2036	2036	1566663	1566663	0	124616
FOLD	1884	2037	2037	1567431	1567431	0	124699
FOLD	1885	2038	2038	1568202	1568202	0	124792
FOLD	1886	2039	2039	1568970	1568970	0	124886
FOLD	1887	2040	2040	1569741	1569741	0	124945
FOLD	1888	2041	2041	1570509	1570509	0	125020
FOLD	1889	2042	2042	1571280	1571280	0	125108
FOLD	1890	2043	2043	1572048	1572048	0	125201
FOLD	1891	2044	2044	1572819	1572819	0	125281
FOLD	1892	2045	2045	1573587	1573587	0	125342
FOLD	1893	2046	2046	1574358	1574358	0	125403
FOLD	1894	2047	2047	1575126	1575126	0	125476
FOLD	1895	2048	2048	1575897	1575897	0	125577
FOLD	1896	2049	2049	1576665	1576665	0	125639
FOLD	1897	2050	2050	1577436	1577436	0	125706
FOLD	1898	2051	2051	1578204	1578204	0	125783
FOLD	1899	2052	2052	1578975	1578975	0	125867
FOLD	1900	2053	2053	1579743	1579743	0	125930
FOLD	1901	2054	2054	1580514	1580514	0	126025
FOLD	1902	2055	2055	1581282	1581282	0	126086
FOLD	1903	2056	2056	1582053	1582053	0	126145
FOLD	1904	2057	2057	1582821	1582821	0	126231
FOLD	1905	2058	2058	1583592	1583592	0	126312
FOLD	1906	2059	2059	1584360	1584360	0	126373
FOLD	1907	2060	2060	1585131	1585131	0	126431
FOLD	1908	2061	2061	1585899	1585899	0	126490
FOLD	1909	2062	2062	1586670	1586670	0	126572
FOLD	1910	2063	2063	1587438	1587438	0	126663
FOLD	1911	2064	2064	1588209	1588209	0	126741
FOLD	1912	2065	2065	1588977	1588977	0	126813
FOLD	1913	2066	2066	1589748	1589748	0	126892
FOLD	1914	2067	2067	1590516	1590516	0	126955
FOLD	1915	2068	2068	1591287	1591287	0	127090
FOLD	1916	2069	2069	1592055	1592055	0	127154
FOLD	1917	2070	2070	1592826	1592826	0	127213
FOLD	1918	2071	2071	1593594	1593594	0	127300
FOLD	1919	2072	2072	1594365	1594365	0	127363
FOLD	1920	2073	2073	1595133	1595133	0	127427
FOLD	1921	2074	2074	1595904	1595904	0	127513
FOLD	1922	2075	2075	1596672	1596672	0	127573
FOLD	1923	2076	2076	1597443	1597443	0	127659
FOLD	1924	2077	2077	1598211	1598211	0	127811
FOLD	1925	2078	2078	1598982	1598982	0	127917
FOLD	1926	2079	2079	1599750	1599750	0	127993
FOLD	1927	2080	2080	1600521	1600521	0	128051
FOLD	1928	2081	2081	1601289	1601289	0	128128
FOLD	1929	2082	2082	1602060	1602060	0	128189
FOLD	1930	2083	2083	1602828	1602828	0	128250
FOLD	1931	2084	2084	1603599	1603599	0	128346
FOLD	1932	2085	2085	1604367	1604367	0	128434
FOLD	1933	2086	2086	1605138	1605138	0	128498
FOLD	1934	2087	2087	1605906	1605906	0	128578
FOLD	1935	2088	2088	1606677	1606677	0	128661
FOLD	1936	2089	2089	1607445	1607445	0	128768
FOLD	1937	2090	2090	1608216	1608216	0	128830
FOLD	1938	2091	2091	1608984	1608984	0	128891
FOLD	1939	2092	2092	1609755	1609755	0	128951
FOLD	1940	2093	2093	1610523	1610523	0	129013
FOLD	1941	2094	2094	1611294	1611294	0	129070
FOLD	1942	2095	2095	1612062	1612062	0	129143
FOLD	1943	2096	2096	1612833	1612833	0	129209
FOLD	1944	2097	2097	1613601	1613601	0	129287
FOLD	1945	2098	2098	1614372	1614372	0	129348
FOLD	1946	2099	2099	1615140	1615140	0	129410
FOLD	1947	2100	2100	1615911	1615911	0	129469
FOLD	1948	2101	2101	1616679	1616679	0	129537
FOLD	1949	2102	2102	1617450	1617450	0	129619
FOLD	1950	2103	2103	1618218	1618218	0	129722
FOLD	1951	2104	2104	1618989	1618989	0	129810
FOLD	1952	2105	2105	1619757	1619757	0	129884
FOLD	1953	2106	2106	1620528	1620528	0	129947
FOLD	1954	2107	2107	1621296	1621296	0	130010
FOLD	1955	2108	2108	1622067	1622067	0	130069
FOLD	1956	2109	2109	1622835	1622835	0	130127
FOLD	1957	2110	2110	1623606	1623606	0	130221
FOLD	1958	2111	2111	1624374	1624374	0	130300
FOLD	1959	2112	2112	1625145	1625145	0	130360
FOLD	1960	2113	2113	1625913	1625913	0	130497
FOLD	1961	2114	2114	1626684	1626684	0	130557
FOLD	1962	2115	2115	1627452	1627452	0	130617
FOLD	1963	2116	2116	1628223	1628223	0	130682
FOLD	1964	2117	2117	1628991	1628991	0	130742
FOLD	1965	2118	2118	1629762	1629762	0	130804
FOLD	1966	2119	2119	1630530	1630530	0	130877
FOLD	1967	2120	2120	1631301	1631301	0	130939
FOLD	1968	2121	2121	1632069	1632069	0	131003
FOLD	1969	2122	2122	1632840	1632840	0	131152
FOLD	1970	2123	2123	1633608	1633608	0	131217
FOLD	1971	2124	2124	1634379	1634379	0	131287
FOLD	1972	2125	2125	1635147	1635147	0	131358
FOLD	1973	2126	2126	1635918	1635918	0	131437
FOLD	1974	2127	2127	1636686	1636686	0	131509
FOLD	1975	2128	2128	1637457	1637457	0	131685
FOLD	1976	2129	2129	1638225	1638225	0	131775
FOLD	1977	2130	2130	1638996	1638996	0	131834
FOLD	1978	2131	2131	1639764	1639764	0	131889
FOLD	1979	2132	2132	1640535	1640535	0	131946
FOLD	1980	2133	2133	1641303	1641303	0	132000
FOLD	1981	2134	2134	1642071	1642071	0	132101
FOLD	1982	2135	2135	1642842	1642842	0	132227
FOLD	1985	2136	2136	1643613	1643613	0	132362
FOLD	1990	2137	2137	1644381	1644381	0	132746
FOLD	1991	2138	2138	1645152	1645152	0	132794
FOLD	1992	2139	2139	1645920	1645920	0	132893
FOLD	1993	2140	2140	1646691	1646691	0	132970
FOLD	2002	2141	2141	1647459	1647459	0	133654
FOLD	2003	2142	2142	1648230	1648230	0	133711
FOLD	2004	2143	2143	1648998	1648998	0	133770
FOLD	2005	2144	2144	1649769	1649769	0	133827
FOLD	2006	2145	2145	1650537	1650537	0	133889
FOLD	2009	2146	2146	1651305	1651305	0	134090
FOLD	2010	2147	2147	1652073	1652073	0	134162
FOLD	2013	2148	2148	1652841	1652841	0	134756
FOLD	2014	2149	2149	1653609	1653609	0	134821
FOLD	2015	2150	2150	1654380	1654380	0	134883
FOLD	2016	2151	2151	1655148	1655148	0	134968
FOLD	2017	2152	2152	1655919	1655919	0	135100
FOLD	2018	2153	2153	1656687	1656687	0	135165
FOLD	2019	2154	2154	1657458	1657458	0	135287
FOLD	2020	2155	2155	1658226	1658226	0	135347
FOLD	2021	2156	2156	1658997	1658997	0	135412
FOLD	2022	2157	2157	1659765	1659765	0	135495
FOLD	2023	2158	2158	1660536	1660536	0	135580
FOLD	2024	2159	2159	1661304	1661304	0	135644
FOLD	2025	2160	2160	1662075	1662075	0	135857
FOLD	2026	2161	2161	1662843	1662843	0	135975
FOLD	2027	2162	2162	1663614	1663614	0	136041
FOLD	2028	2163	2163	1664382	1664382	0	136103
FOLD	2029	2164	2164	1665153	1665153	0	136184
FOLD	2030	2165	2165	1665921	1665921	0	136250
FOLD	2031	2166	2166	1666692	1666692	0	136313
FOLD	2032	2167	2167	1667460	1667460	0	136399
FOLD	2033	2168	2168	1668231	1668231	0	136482
FOLD	2034	2169	2169	1668999	1668999	0	136546
FOLD	2035	2170	2170	1669770	1669770	0	136612
FOLD	2036	2171	2171	1670538	1670538	0	136689
FOLD	2037	2172	2172	1671309	1671309	0	136753
FOLD	2038	2173	2173	1672077	1672077	0	136817
FOLD	2039	2174	2174	1672848	1672848	0	136880
FOLD	2040	2175	2175	1673616	1673616	0	136941
FOLD	2041	2176	2176	1674387	1674387	0	137001
FOLD	2042	2177	2177	1675155	1675155	0	137063
FOLD	2043	2178	2178	1675926	1675926	0	137126
FOLD	2044	2179	2179	1676694	1676694	0	137187
FOLD	2045	2180	2180	1677465	1677465	0	137268
FOLD	2046	2181	2181	1678233	1678233	0	137368
FOLD	2047	2182	2182	1679004	1679004	0	137433
FOLD	2048	2183	2183	1679772	1679772	0	137520
FOLD	2049	2184	2184	1680543	1680543	0	137583
FOLD	2050	2185	2185	1681311	1681311	0	137645
FOLD	2051	2186	2186	1682082	1682082	0	137710
FOLD	2052	2187	2187	1682850	1682850	0	137780
FOLD	2053	2188	2188	1683621	1683621	0	137848
FOLD	2054	2189	2189	1684389	1684389	0	137912
FOLD	2055	2190	2190	1685160	1685160	0	137976
FOLD	2056	2191	2191	1685928	1685928	0	138081
FOLD	2057	2192	2192	1686699	1686699	0	138159
FOLD	2058	2193	2193	1687467	1687467	0	138263
FOLD	2059	2194	2194	1688238	1688238	0	138368
FOLD	2060	2195	2195	1689006	1689006	0	138431
FOLD	2061	2196	2196	1689777	1689777	0	138531
FOLD	2062	2197	2197	1690545	1690545	0	138622
FOLD	2063	2198	2198	1691316	1691316	0	138690
FOLD	2064	2199	2199	1692084	1692084	0	138777
FOLD	2065	2200	2200	1692855	1692855	0	138842
FOLD	2066	2201	2201	1693623	1693623	0	138905
FOLD	2067	2202	2202	1694394	1694394	0	139003
FOLD	2068	2203	2203	1695162	1695162	0	139067
FOLD	2069	2204	2204	1695933	1695933	0	139128
FOLD	2070	2205	2205	1696701	1696701	0	139192
FOLD	2071	2206	2206	1697472	1697472	0	139255
FOLD	2072	2207	2207	1698240	1698240	0	139317
FOLD	2073	2208	2208	1699011	1699011	0	139378
FOLD	2074	2209	2209	1699779	1699779	0	139445
FOLD	2075	2210	2210	1700550	1700550	0	139509
FOLD	2076	2211	2211	1701318	1701318	0	139569
FOLD	2077	2212	2212	1702089	1702089	0	139701
FOLD	2078	2213	2213	1702857	1702857	0	139878
FOLD	2079	2214	2214	1703628	1703628	0	139949
FOLD	2080	2215	2215	1704396	1704396	0	140014
FOLD	2081	2216	2216	1705167	1705167	0	140076
FOLD	2082	2217	2217	1705935	1705935	0	140138
FOLD	2083	2218	2218	1706706	1706706	0	140201
FOLD	2084	2219	2219	1707474	1707474	0	140261
FOLD	2085	2220	2220	1708245	1708245	0	140366
FOLD	2086	2221	2221	1709013	1709013	0	140432
FOLD	2087	2222	2222	1709784	1709784	0	140517
FOLD	2088	2223	2223	1710552	1710552	0	140596
FOLD	2089	2224	2224	1711323	1711323	0	140660
FOLD	2090	2225	2225	1712091	1712091	0	140750
FOLD	2091	2226	2226	1712862	1712862	0	140814
FOLD	2092	2227	2227	1713630	1713630	0	140876
FOLD	2093	2228	2228	1714401	1714401	0	140974
FOLD	2094	2229	2229	1715169	1715169	0	141040
FOLD	2095	2230	2230	1715940	1715940	0	141125
FOLD	2096	2231	2231	1716708	1716708	0	141194
FOLD	2097	2232	2232	1717479	1717479	0	141283
FOLD	2098	2233	2233	1718247	1718247	0	141378
FOLD	2099	2234	2234	1719018	1719018	0	141471
FOLD	2100	2235	2235	1719786	1719786	0	141545
FOLD	2101	2236	2236	1720557	1720557	0	141632
FOLD	2102	2237	2237	1721325	1721325	0	141705
FOLD	2103	2238	2238	1722096	1722096	0	141770
FOLD	2104	2239	2239	1722864	1722864	0	141830
FOLD	2105	2240	2240	1723635	1723635	0	141892
FOLD	2106	2241	2241	1724403	1724403	0	141954
FOLD	2107	2242	2242	1725174	1725174	0	142017
FOLD	2108	2243	2243	1725942	1725942	0	142076
FOLD	2109	2244	2244	1726713	1726713	0	142189
FOLD	2110	2245	2245	1727481	1727481	0	142307
FOLD	2111	2246	2246	1728252	1728252	0	142388
FOLD	2112	2247	2247	1729020	1729020	0	142472
FOLD	2113	2248	2248	1729791	1729791	0	142553
FOLD	2114	2249	2249	1730559	1730559	0	142617
FOLD	2115	2250	2250	1731330	1731330	0	142687
FOLD	2116	2251	2251	1732098	1732098	0	142749
FOLD	2117	2252	2252	1732869	1732869	0	142837
FOLD	2118	2253	2253	1733637	1733637	0	142902
FOLD	2119	2254	2254	1734408	1734408	0	142965
FOLD	2120	2255	2255	1735176	1735176	0	143042
FOLD	2121	2256	2256	1735947	1735947	0	143116
FOLD	2122	2257	2257	1736715	1736715	0	143181
FOLD	2123	2258	2258	1737486	1737486	0	143307
FOLD	2124	2259	2259	1738254	1738254	0	143370
FOLD	2125	2260	2260	1739025	1739025	0	143477
FOLD	2126	2261	2261	1739793	1739793	0	143558
FOLD	2127	2262	2262	1740564	1740564	0	143623
FOLD	2128	2263	2263	1741332	1741332	0	143806
FOLD	2129	2264	2264	1742103	1742103	0	143873
FOLD	2130	2265	2265	1742871	1742871	0	143935
FOLD	2131	2266	2266	1743642	1743642	0	144033
FOLD	2132	2267	2267	1744410	1744410	0	144164
FOLD	2133	2268	2268	1745181	1745181	0	144225
FOLD	2134	2269	2269	1745949	1745949	0	144291
FOLD	2135	2270	2270	1746720	1746720	0	144380
FOLD	2136	2271	2271	1747488	1747488	0	144443
FOLD	2137	2272	2272	1748259	1748259	0	144535
FOLD	2138	2273	2273	1749027	1749027	0	144618
FOLD	2139	2274	2274	1749798	1749798	0	144707
FOLD	2140	2275	2275	1750566	1750566	0	144781
FOLD	2141	2276	2276	1751337	1751337	0	144869
FOLD	2142	2277	2277	1752105	1752105	0	144944
FOLD	2143	2278	2278	1752876	1752876	0	145032
FOLD	2144	2279	2279	1753644	1753644	0	145107
FOLD	2145	2280	2280	1754415	1754415	0	145199
FOLD	2146	2281	2281	1755183	1755183	0	145262
FOLD	2147	2282	2282	1755954	1755954	0	145325
FOLD	2148	2283	2283	1756722	1756722	0	145402
FOLD	2149	2284	2284	1757493	1757493	0	145462
FOLD	2150	2285	2285	1758261	1758261	0	145525
FOLD	2151	2286	2286	1759032	1759032	0	145609
FOLD	2152	2287	2287	1759800	1759800	0	145696
FOLD	2153	2288	2288	1760571	1760571	0	145774
FOLD	2154	2289	2289	1761339	1761339	0	145861
FOLD	2155	2290	2290	1762110	1762110	0	145925
FOLD	2156	2291	2291	1762878	1762878	0	145999
FOLD	2157	2292	2292	1763649	1763649	0	146158
FOLD	2158	2293	2293	1764417	1764417	0	146223
FOLD	2159	2294	2294	1765188	1765188	0	146285
FOLD	2160	2295	2295	1765956	1765956	0	146369
FOLD	2161	2296	2296	1766727	1766727	0	146434
FOLD	2162	2297	2297	1767495	1767495	0	146518
FOLD	2163	2298	2298	1768266	1768266	0	146598
FOLD	2164	2299	2299	1769034	1769034	0	146661
FOLD	2165	2300	2300	1769805	1769805	0	146725
FOLD	2166	2301	2301	1770573	1770573	0	146788
FOLD	2167	2302	2302	1771344	1771344	0	146850
FOLD	2168	2303	2303	1772112	1772112	0	146916
FOLD	2169	2304	2304	1772883	1772883	0	146990
FOLD	2170	2305	2305	1773651	1773651	0	147061
FOLD	2171	2306	2306	1774422	1774422	0	147126
FOLD	2172	2307	2307	1775190	1775190	0	147197
FOLD	2173	2308	2308	1775961	1775961	0	147302
FOLD	2174	2309	2309	1776729	1776729	0	147413
FOLD	2175	2310	2310	1777500	1777500	0	147481
FOLD	2176	2311	2311	1778268	1778268	0	147563
FOLD	2177	2312	2312	1779039	1779039	0	147628
FOLD	2178	2313	2313	1779807	1779807	0	147699
FOLD	2179	2314	2314	1780578	1780578	0	147763
FOLD	2180	2315	2315	1781346	1781346	0	147826
FOLD	2181	2316	2316	1782117	1782117	0	147895
FOLD	2182	2317	2317	1782885	1782885	0	147984
FOLD	2183	2318	2318	1783656	1783656	0	148119
FOLD	2184	2319	2319	1784424	1784424	0	148184
FOLD	2185	2320	2320	1785195	1785195	0	148247
FOLD	2186	2321	2321	1785963	1785963	0	148326
FOLD	2187	2322	2322	1786734	1786734	0	148391
FOLD	2188	2323	2323	1787502	1787502	0	148475
FOLD	2189	2324	2324	1788273	1788273	0	148543
FOLD	2190	2325	2325	1789041	1789041	0	148604
FOLD	2191	2326	2326	1789812	1789812	0	148667
FOLD	2192	2327	2327	1790580	1790580	0	148731
FOLD	2193	2328	2328	1791351	1791351	0	148793
FOLD	2194	2329	2329	1792119	1792119	0	148874
FOLD	2195	2330	2330	1792890	1792890	0	148944
FOLD	2196	2331	2331	1793658	1793658	0	149018
FOLD	2197	2332	2332	1794429	1794429	0	149209
FOLD	2198	2333	2333	1795197	1795197	0	149275
FOLD	2199	2334	2334	1795968	1795968	0	149343
FOLD	2200	2335	2335	1796736	1796736	0	149409
FOLD	2201	2336	2336	1797507	1797507	0	149469
FOLD	2202	2337	2337	1798275	1798275	0	149553
FOLD	2203	2338	2338	1799046	1799046	0	149638
FOLD	2204	2339	2339	1799814	1799814	0	149701
FOLD	2205	2340	2340	1800585	1800585	0	149763
FOLD	2206	2341	2341	1801353	1801353	0	149845
FOLD	2207	2342	2342	1802124	1802124	0	149913
FOLD	2208	2343	2343	1802892	1802892	0	149996
FOLD	2209	2344	2344	1803663	1803663	0	150062
FOLD	2210	2345	2345	1804431	1804431	0	150135
FOLD	2211	2346	2346	1805202	1805202	0	150198
FOLD	2212	2347	2347	1805970	1805970	0	150265
FOLD	2213	2348	2348	1806741	1806741	0	150326
FOLD	2214	2349	2349	1807509	1807509	0	150387
FOLD	2215	2350	2350	1808280	1808280	0	150464
FOLD	2216	2351	2351	1809048	1809048	0	150525
FOLD	2217	2352	2352	1809819	1809819	0	150584
FOLD	2218	2353	2353	1810587	1810587	0	150641
FOLD	2219	2354	2354	1811358	1811358	0	150700
FOLD	2220	2355	2355	1812126	1812126	0	150784
FOLD	2221	2356	2356	1812897	1812897	0	150849
FOLD	2222	2357	2357	1813665	1813665	0	150900
FOLD	2223	2358	2358	1814433	1814433	0	150960
FOLD	2224	2359	2359	1815204	1815204	0	151101
FOLD	2225	2360	2360	1815972	1815972	0	151154
FOLD	2226	2361	2361	1816740	1816740	0	151241
FOLD	2227	2362	2362	1817511	1817511	0	151308
FOLD	2230	2363	2363	1818282	1818282	0	151458
FOLD	2233	2364	2364	1819053	1819053	0	151744
FOLD	2234	2365	2365	1819824	1819824	0	151809
FOLD	2235	2366	2366	1820592	1820592	0	151866
FOLD	2236	2367	2367	1821363	1821363	0	151958
FOLD	2237	2368	2368	1822131	1822131	0	152020
FOLD	2238	2369	2369	1822902	1822902	0	152082
FOLD	2247	2370	2370	1823670	1823670	0	152825
FOLD	2248	2371	2371	1824441	1824441	0	152884
FOLD	2249	2372	2372	1825209	1825209	0	152948
FOLD	2250	2373	2373	1825980	1825980	0	153046
FOLD	2251	2374	2374	1826748	1826748	0	153122
FOLD	2254	2375	2375	1827516	1827516	0	153292
FOLD	2255	2376	2376	1828284	1828284	0	153358
FOLD	2258	2377	2377	1829052	1829052	0	153898
FOLD	2259	2378	2378	1829820	1829820	0	153965
FOLD	2260	2379	2379	1830591	1830591	0	154030
FOLD	2261	2380	2380	1831359	1831359	0	154091
FOLD	2262	2381	2381	1832130	1832130	0	154153
FOLD	2263	2382	2382	1832898	1832898	0	154220
FOLD	2264	2383	2383	1833669	1833669	0	154287
FOLD	2265	2384	2384	1834437	1834437	0	154374
FOLD	2266	2385	2385	1835208	1835208	0	154455
FOLD	2267	2386	2386	1835976	1835976	0	154554
FOLD	2268	2387	2387	1836747	1836747	0	154658
FOLD	2269	2388	2388	1837515	1837515	0	154748
FOLD	2270	2389	2389	1838286	1838286	0	154857
FOLD	2271	2390	2390	1839054	1839054	0	154926
FOLD	2272	2391	2391	1839825	1839825	0	155038
FOLD	2273	2392	2392	1840593	1840593	0	155103
FOLD	2274	2393	2393	1841364	1841364	0	155168
FOLD	2275	2394	2394	1842132	1842132	0	155241
FOLD	2276	2395	2395	1842903	1842903	0	155308
FOLD	2277	2396	2396	1843671	1843671	0	155369
FOLD	2278	2397	2397	1844442	1844442	0	155437
FOLD	2279	2398	2398	1845210	1845210	0	155503
FOLD	2280	2399	2399	1845981	1845981	0	155569
FOLD	2281	2400	2400	1846749	1846749	0	155632
FOLD	2282	2401	2401	1847520	1847520	0	155703
FOLD	2283	2402	2402	1848288	1848288	0	155774
FOLD	2284	2403	2403	1849059	1849059	0	155840
FOLD	2285	2404	2404	1849827	1849827	0	155902
FOLD	2286	2405	2405	1850598	1850598	0	156051
FOLD	2287	2406	2406	1851366	1851366	0	156120
FOLD	2288	2407	2407	1852137	1852137	0	156188
FOLD	2289	2408	2408	1852905	1852905	0	156267
FOLD	2290	2409	2409	1853676	1853676	0	156334
FOLD	2291	2410	2410	1854444	1854444	0	156422
FOLD	2292	2411	2411	1855215	1855215	0	156523
FOLD	2293	2412	2412	1855983	1855983	0	156588
FOLD	2294	2413	2413	1856754	1856754	0	156652
FOLD	2295	2414	2414	1857522	1857522	0	156744
FOLD	2296	2415	2415	1858293	1858293	0	156837
FOLD	2297	2416	2416	1859061	1859061	0	156909
FOLD	2298	2417	2417	1859832	1859832	0	156980
FOLD	2299	2418	2418	1860600	1860600	0	157048
FOLD	2300	2419	2419	1861371	1861371	0	157114
FOLD	2301	2420	2420	1862139	1862139	0	157176
FOLD	2302	2421	2421	1862910	1862910	0	157283
FOLD	2303	2422	2422	1863678	1863678	0	157350
FOLD	2304	2423	2423	1864449	1864449	0	157480
FOLD	2305	2424	2424	1865217	1865217	0	157545
FOLD	2306	2425	2425	1865988	1865988	0	157632
FOLD	2307	2426	2426	1866756	1866756	0	157717
FOLD	2308	2427	2427	1867527	1867527	0	157785
FOLD	2309	2428	2428	1868295	1868295	0	157861
FOLD	2310	2429	2429	1869066	1869066	0	157951
FOLD	2311	2430	2430	1869834	1869834	0	158018
FOLD	2312	2431	2431	1870605	1870605	0	158084
FOLD	2313	2432	2432	1871373	1871373	0	158149
FOLD	2314	2433	2433	1872144	1872144	0	158212
FOLD	2315	2434	2434	1872912	1872912	0	158333
FOLD	2316	2435	2435	1873683	1873683	0	158402
FOLD	2317	2436	2436	1874451	1874451	0	158465
FOLD	2318	2437	2437	1875222	1875222	0	158564
FOLD	2319	2438	2438	1875990	1875990	0	158652
FOLD	2320	2439	2439	1876761	1876761	0	158735
FOLD	2321	2440	2440	1877529	1877529	0	158802
FOLD	2322	2441	2441	1878300	1878300	0	158875
FOLD	2323	2442	2442	1879068	1879068	0	158944
FOLD	2324	2443	2443	1879839	1879839	0	159010
FOLD	2325	2444	2444	1880607	1880607	0	159073
FOLD	2326	2445	2445	1881378	1881378	0	159180
FOLD	2327	2446	2446	1882146	1882146	0	159247
FOLD	2328	2447	2447	1882917	1882917	0	159314
FOLD	2329	2448	2448	1883685	1883685	0	159393
FOLD	2330	2449	2449	1884456	1884456	0	159465
FOLD	2331	2450	2450	1885224	1885224	0	159532
FOLD	2332	2451	2451	1885995	1885995	0	159598
FOLD	2333	2452	2452	1886763	1886763	0	159707
FOLD	2334	2453	2453	1887534	1887534	0	159824
FOLD	2335	2454	2454	1888302	1888302	0	159892
FOLD	2336	2455	2455	1889073	1889073	0	160012
FOLD	2337	2456	2456	1889841	1889841	0	160077
FOLD	2338	2457	2457	1890612	1890612	0	160162
FOLD	2339	2458	2458	1891380	1891380	0	160250
FOLD	2340	2459	2459	1892151	1892151	0	160356
FOLD	2341	2460	2460	1892919	1892919	0	160464
FOLD	2342	2461	2461	1893690	1893690	0	160546
FOLD	2343	2462	2462	1894458	1894458	0	160612
FOLD	2344	2463	2463	1895229	1895229	0	160679
FOLD	2345	2464	2464	1895997	1895997	0	160742
FOLD	2346	2465	2465	1896768	1896768	0	160808
FOLD	2347	2466	2466	1897536	1897536	0	160875
FOLD	2348	2467	2467	1898307	1898307	0	160941
FOLD	2349	2468	2468	1899075	1899075	0	161004
FOLD	2350	2469	2469	1899846	1899846	0	161104
FOLD	2351	2470	2470	1900614	1900614	0	161172
FOLD	2352	2471	2471	1901385	1901385	0	161238
FOLD	2353	2472	2472	1902153	1902153	0	161325
FOLD	2354	2473	2473	1902924	1902924	0	161402
FOLD	2355	2474	2474	1903692	1903692	0	161470
FOLD	2356	2475	2475	1904463	1904463	0	161556
FOLD	2357	2476	2476	1905231	1905231	0	161646
FOLD	2358	2477	2477	1906002	1906002	0	161721
FOLD	2359	2478	2478	1906770	1906770	0	161836
FOLD	2360	2479	2479	1907541	1907541	0	161919
FOLD	2361	2480	2480	1908309	1908309	0	162002
FOLD	2362	2481	2481	1909080	1909080	0	162072
FOLD	2363	2482	2482	1909848	1909848	0	162139
FOLD	2364	2483	2483	1910619	1910619	0	162204
FOLD	2365	2484	2484	1911387	1911387	0	162296
FOLD	2366	2485	2485	1912158	1912158	0	162394
FOLD	2367	2486	2486	1912926	1912926	0	162460
FOLD	2368	2487	2487	1913697	1913697	0	162525
FOLD	2369	2488	2488	1914465	1914465	0	162607
FOLD	2370	2489	2489	1915236	1915236	0	162671
FOLD	2371	2490	2490	1916004	1916004	0	162737
FOLD	2372	2491	2491	1916775	1916775	0	162843
FOLD	2373	2492	2492	1917543	1917543	0	162912
FOLD	2374	2493	2493	1918314	1918314	0	162976
FOLD	2375	2494	2494	1919082	1919082	0	163057
FOLD	2376	2495	2495	1919853	1919853	0	163127
FOLD	2377	2496	2496	1920621	1920621	0	163194
FOLD	2378	2497	2497	1921392	1921392	0	163265
FOLD	2379	2498	2498	1922160	1922160	0	163370
FOLD	2380	2499	2499	1922931	1922931	0	163453
FOLD	2381	2500	2500	1923699	1923699	0	163566
FOLD	2382	2501	2501	1924470	1924470	0	163653
FOLD	2383	2502	2502	1925238	1925238	0	163727
FOLD	2384	2503	2503	1926009	1926009	0	163798
FOLD	2385	2504	2504	1926777	1926777	0	163877
FOLD	2386	2505	2505	1927548	1927548	0	163947
FOLD	2387	2506	2506	1928316	1928316	0	164015
FOLD	2388	2507	2507	1929087	1929087	0	164087
FOLD	2389	2508	2508	1929855	1929855	0	164154
FOLD	2390	2509	2509	1930626	1930626	0	164217
FOLD	2391	2510	2510	1931394	1931394	0	164281
FOLD	2392	2511	2511	1932165	1932165	0	164346
FOLD	2393	2512	2512	1932933	1932933	0	164455
FOLD	2394	2513	2513	1933704	1933704	0	164552
FOLD	2395	2514	2514	1934472	1934472	0	164623
FOLD	2396	2515	2515	1935243	1935243	0	164713
FOLD	2397	2516	2516	1936011	1936011	0	164820
FOLD	2398	2517	2517	1936782	1936782	0	164996
FOLD	2399	2518	2518	1937550	1937550	0	165080
FOLD	2400	2519	2519	1938321	1938321	0	165203
FOLD	2401	2520	2520	1939089	1939089	0	165285
FOLD	2402	2521	2521	1939860	1939860	0	165353
FOLD	2403	2522	2522	1940628	1940628	0	165419
FOLD	2404	2523	2523	1941399	1941399	0	165483
FOLD	2405	2524	2524	1942167	1942167	0	165579
FOLD	2406	2525	2525	1942938	1942938	0	165652
FOLD	2407	2526	2526	1943706	1943706	0	165716
FOLD	2408	2527	2527	1944477	1944477	0	165798
FOLD	2409	2528	2528	1945245	1945245	0	165865
FOLD	2410	2529	2529	1946016	1946016	0	165927
FOLD	2411	2530	2530	1946784	1946784	0	166000
FOLD	2412	2531	2531	1947555	1947555	0	166071
FOLD	2413	2532	2532	1948323	1948323	0	166139
FOLD	2414	2533	2533	1949094	1949094	0	166248
FOLD	2415	2534	2534	1949862	1949862	0	166314
FOLD	2416	2535	2535	1950633	1950633	0	166379
FOLD	2417	2536	2536	1951401	1951401	0	166460
FOLD	2418	2537	2537	1952172	1952172	0	166531
FOLD	2419	2538	2538	1952940	1952940	0	166620
FOLD	2420	2539	2539	1953711	1953711	0	166701
FOLD	2421	2540	2540	1954479	1954479	0	166770
FOLD	2422	2541	2541	1955250	1955250	0	166836
FOLD	2423	2542	2542	1956018	1956018	0	166899
FOLD	2424	2543	2543	1956789	1956789	0	166962
FOLD	2425	2544	2544	1957557	1957557	0	167028
FOLD	2426	2545	2545	1958328	1958328	0	167113
FOLD	2427	2546	2546	1959096	1959096	0	167203
FOLD	2428	2547	2547	1959867	1959867	0	167269
FOLD	2429	2548	2548	1960635	1960635	0	167335
FOLD	2430	2549	2549	1961406	1961406	0	167399
FOLD	2431	2550	2550	1962174	1962174	0	167475
FOLD	2432	2551	2551	1962945	1962945	0	167570
FOLD	2433	2552	2552	1963713	1963713	0	167728
FOLD	2434	2553	2553	1964484	1964484	0	167825
FOLD	2435	2554	2554	1965252	1965252	0	167891
FOLD	2436	2555	2555	1966023	1966023	0	167955
FOLD	2437	2556	2556	1966791	1966791	0	168023
FOLD	2438	2557	2557	1967562	1967562	0	168084
FOLD	2439	2558	2558	1968330	1968330	0	168146
FOLD	2440	2559	2559	1969101	1969101	0	168244
FOLD	2441	2560	2560	1969869	1969869	0	168311
FOLD	2442	2561	2561	1970640	1970640	0	168510
FOLD	2443	2562	2562	1971408	1971408	0	168580
FOLD	2444	2563	2563	1972179	1972179	0	168642
FOLD	2445	2564	2564	1972947	1972947	0	168708
FOLD	2446	2565	2565	1973718	1973718	0	168792
FOLD	2447	2566	2566	1974486	1974486	0	168871
FOLD	2448	2567	2567	1975257	1975257	0	168946
FOLD	2449	2568	2568	1976025	1976025	0	169014
FOLD	2450	2569	2569	1976796	1976796	0	169077
FOLD	2451	2570	2570	1977564	1977564	0	169244
FOLD	2452	2571	2571	1978335	1978335	0	169344
FOLD	2453	2572	2572	1979103	1979103	0	169410
FOLD	2454	2573	2573	1979874	1979874	0	169525
FOLD	2455	2574	2574	1980642	1980642	0	169612
FOLD	2456	2575	2575	1981413	1981413	0	169707
FOLD	2457	2576	2576	1982181	1982181	0	169812
FOLD	2458	2577	2577	1982952	1982952	0	169924
FOLD	2459	2578	2578	1983720	1983720	0	170030
FOLD	2460	2579	2579	1984491	1984491	0	170143
FOLD	2461	2580	2580	1985259	1985259	0	170254
FOLD	2462	2581	2581	1986030	1986030	0	170369
FOLD	2465	2582	2582	1986801	1986801	0	170629
FOLD	2466	2583	2583	1987569	1987569	0	170686
FOLD	2467	2584	2584	1988337	1988337	0	170878
FOLD	2468	2585	2585	1989108	1989108	0	171011
FOLD	2469	2586	2586	1989876	1989876	0	171139
FOLD	2470	2587	2587	1990644	1990644	0	171285
FOLD	2471	2588	2588	1991415	1991415	0	171451
FOLD	2478	2589	2589	1992186	1992186	0	172279
FOLD	2479	2590	2590	1992957	1992957	0	172393
FOLD	2480	2591	2591	1993725	1993725	0	172498
FOLD	2481	2592	2592	1994496	1994496	0	172677
FOLD	2482	2593	2593	1995264	1995264	0	172823
FOLD	2483	2594	2594	1996035	1996035	0	172989
FOLD	2492	2595	2595	1996803	1996803	0	174254
FOLD	2493	2596	2596	1997574	1997574	0	174358
FOLD	2494	2597	2597	1998342	1998342	0	174494
FOLD	2495	2598	2598	1999113	1999113	0	174674
FOLD	2496	2599	2599	1999881	1999881	0	174789
FOLD	2499	2600	2600	2000649	2000649	0	175183
FOLD	2500	2601	2601	2001417	2001417	0	175303
FOLD	2503	2602	2602	2002185	2002185	0	176177
FOLD	2504	2603	2603	2002953	2002953	0	176298
FOLD	2505	2604	2604	2003724	2003724	0	176413
FOLD	2506	2605	2605	2004492	2004492	0	176552
FOLD	2507	2606	2606	2005263	2005263	0	176689
FOLD	2508	2607	2607	2006031	2006031	0	176806
FOLD	2509	2608	2608	2006802	2006802	0	176920
FOLD	2510	2609	2609	2007570	2007570	0	177077
FOLD	2511	2610	2610	2008341	2008341	0	177250
FOLD	2512	2611	2611	2009109	2009109	0	177369
FOLD	2513	2612	2612	2009880	2009880	0	177492
FOLD	2514	2613	2613	2010648	2010648	0	177638
FOLD	2515	2614	2614	2011419	2011419	0	177794
FOLD	2516	2615	2615	2012187	2012187	0	177912
FOLD	2517	2616	2616	2012958	2012958	0	178026
FOLD	2518	2617	2617	2013726	2013726	0	178173
FOLD	2519	2618	2618	2014497	2014497	0	178334
FOLD	2520	2619	2619	2015265	2015265	0	178449
FOLD	2521	2620	2620	2016036	2016036	0	178565
FOLD	2522	2621	2621	2016804	2016804	0	178705
FOLD	2523	2622	2622	2017575	2017575	0	178847
FOLD	2524	2623	2623	2018343	2018343	0	178965
FOLD	2525	2624	2624	2019114	2019114	0	179036
FOLD	2526	2625	2625	2019882	2019882	0	179135
FOLD	2527	2626	2626	2020653	2020653	0	179268
FOLD	2528	2627	2627	2021421	2021421	0	179376
FOLD	2529	2628	2628	2022192	2022192	0	179453
FOLD	2530	2629	2629	2022960	2022960	0	179552
FOLD	2531	2630	2630	2023731	2023731	0	179656
FOLD	2532	2631	2631	2024499	2024499	0	179734
FOLD	2533	2632	2632	2025270	2025270	0	179806
FOLD	2534	2633	2633	2026038	2026038	0	179911
FOLD	2535	2634	2634	2026809	2026809	0	180010
FOLD	2536	2635	2635	2027577	2027577	0	180083
FOLD	2537	2636	2636	2028348	2028348	0	180156
FOLD	2538	2637	2637	2029116	2029116	0	180273
FOLD	2539	2638	2638	2029887	2029887	0	180403
FOLD	2540	2639	2639	2030655	2030655	0	180477
FOLD	2541	2640	2640	2031426	2031426	0	180546
FOLD	2542	2641	2641	2032194	2032194	0	180643
FOLD	2543	2642	2642	2032965	2032965	0	180794
FOLD	2544	2643	2643	2033733	2033733	0	180868
FOLD	2545	2644	2644	2034504	2034504	0	180938
FOLD	2546	2645	2645	2035272	2035272	0	181034
FOLD	2547	2646	2646	2036043	2036043	0	181134
FOLD	2548	2647	2647	2036811	2036811	0	181225
FOLD	2549	2648	2648	2037582	2037582	0	181341
FOLD	2550	2649	2649	2038350	2038350	0	181456
FOLD	2551	2650	2650	2039121	2039121	0	181556
FOLD	2552	2651	2651	2039889	2039889	0	181644
FOLD	2553	2652	2652	2040660	2040660	0	181716
FOLD	2554	2653	2653	2041428	2041428	0	181824
FOLD	2555	2654	2654	2042199	2042199	0	181926
FOLD	2556	2655	2655	2042967	2042967	0	181999
FOLD	2557	2656	2656	2043738	2043738	0	182067
FOLD	2558	2657	2657	2044506	2044506	0	182200
FOLD	2559	2658	2658	2045277	2045277	0	182341
FOLD	2560	2659	2659	2046045	2046045	0	182417
FOLD	2561	2660	2660	2046816	2046816	0	182509
FOLD	2562	2661	2661	2047584	2047584	0	182619
FOLD	2563	2662	2662	2048355	2048355	0	182727
FOLD	2564	2663	2663	2049123	2049123	0	182810
FOLD	2565	2664	2664	2049894	2049894	0	182904
FOLD	2566	2665	2665	2050662	2050662	0	183003
FOLD	2567	2666	2666	2051433	2051433	0	183124
FOLD	2568	2667	2667	2052201	2052201	0	183211
FOLD	2569	2668	2668	2052972	2052972	0	183324
FOLD	2570	2669	2669	2053740	2053740	0	183442
FOLD	2571	2670	2670	2054511	2054511	0	183542
FOLD	2572	2671	2671	2055279	2055279	0	183615
FOLD	2573	2672	2672	2056050	2056050	0	183718
FOLD	2574	2673	2673	2056818	2056818	0	183831
FOLD	2575	2674	2674	2057589	2057589	0	183964
FOLD	2576	2675	2675	2058357	2058357	0	184038
FOLD	2577	2676	2676	2059128	2059128	0	184130
FOLD	2578	2677	2677	2059896	2059896	0	184228
FOLD	2579	2678	2678	2060667	2060667	0	184329
FOLD	2580	2679	2679	2061435	2061435	0	184412
FOLD	2581	2680	2680	2062206	2062206	0	184523
FOLD	2582	2681	2681	2062974	2062974	0	184673
FOLD	2583	2682	2682	2063745	2063745	0	184788
FOLD	2584	2683	2683	2064513	2064513	0	184861
FOLD	2585	2684	2684	2065284	2065284	0	184931
FOLD	2586	2685	2685	2066052	2066052	0	185027
FOLD	2587	2686	2686	2066823	2066823	0	185137
FOLD	2588	2687	2687	2067591	2067591	0	185211
FOLD	2589	2688	2688	2068362	2068362	0	185279
FOLD	2590	2689	2689	2069130	2069130	0	185378
FOLD	2591	2690	2690	2069901	2069901	0	185509
FOLD	2592	2691	2691	2070669	2070669	0	185614
FOLD	2593	2692	2692	2071440	2071440	0	185721
FOLD	2594	2693	2693	2072208	2072208	0	185839
FOLD	2595	2694	2694	2072979	2072979	0	185992
FOLD	2596	2695	2695	2073747	2073747	0	186085
FOLD	2597	2696	2696	2074518	2074518	0	186179
FOLD	2598	2697	2697	2075286	2075286	0	186328
FOLD	2599	2698	2698	2076057	2076057	0	186422
FOLD	2600	2699	2699	2076825	2076825	0	186498
FOLD	2601	2700	2700	2077596	2077596	0	186572
FOLD	2602	2701	2701	2078364	2078364	0	186643
FOLD	2603	2702	2702	2079135	2079135	0	186709
FOLD	2604	2703	2703	2079903	2079903	0	186778
FOLD	2605	2704	2704	2080674	2080674	0	186846
FOLD	2606	2705	2705	2081442	2081442	0	186914
FOLD	2607	2706	2706	2082213	2082213	0	187008
FOLD	2608	2707	2707	2082981	2082981	0	187103
FOLD	2609	2708	2708	2083752	2083752	0	187189
FOLD	2610	2709	2709	2084520	2084520	0	187275
FOLD	2611	2710	2710	2085291	2085291	0	187350
FOLD	2612	2711	2711	2086059	2086059	0	187450
FOLD	2613	2712	2712	2086830	2086830	0	187552
FOLD	2614	2713	2713	2087598	2087598	0	187623
FOLD	2615	2714	2714	2088369	2088369	0	187701
FOLD	2616	2715	2715	2089137	2089137	0	187775
FOLD	2617	2716	2716	2089908	2089908	0	187843
FOLD	2618	2717	2717	2090676	2090676	0	187911
FOLD	2619	2718	2718	2091447	2091447	0	187977
FOLD	2620	2719	2719	2092215	2092215	0	188047
FOLD	2621	2720	2720	2092986	2092986	0	188192
FOLD	2622	2721	2721	2093754	2093754	0	188326
FOLD	2623	2722	2722	2094525	2094525	0	188422
FOLD	2624	2723	2723	2095293	2095293	0	188497
FOLD	2625	2724	2724	2096064	2096064	0	188566
FOLD	2626	2725	2725	2096832	2096832	0	188654
FOLD	2627	2726	2726	2097603	2097603	0	188740
FOLD	2628	2727	2727	2098371	2098371	0	188819
FOLD	2629	2728	2728	2099142	2099142	0	188914
FOLD	2630	2729	2729	2099910	2099910	0	188987
FOLD	2631	2730	2730	2100681	2100681	0	189056
FOLD	2632	2731	2731	2101449	2101449	0	189126
FOLD	2633	2732	2732	2102220	2102220	0	189268
FOLD	2634	2733	2733	2102988	2102988	0	189367
FOLD	2635	2734	2734	2103759	2103759	0	189449
FOLD	2636	2735	2735	2104527	2104527	0	189537
FOLD	2637	2736	2736	2105298	2105298	0	189605
FOLD	2638	2737	2737	2106066	2106066	0	189733
FOLD	2639	2738	2738	2106837	2106837	0	189922
FOLD	2640	2739	2739	2107605	2107605	0	189997
FOLD	2641	2740	2740	2108376	2108376	0	190066
FOLD	2642	2741	2741	2109144	2109144	0	190185
FOLD	2643	2742	2742	2109915	2109915	0	190256
FOLD	2644	2743	2743	2110683	2110683	0	190328
FOLD	2645	2744	2744	2111454	2111454	0	190405
FOLD	2646	2745	2745	2112222	2112222	0	190476
FOLD	2647	2746	2746	2112993	2112993	0	190563
FOLD	2648	2747	2747	2113761	2113761	0	190633
FOLD	2649	2748	2748	2114532	2114532	0	190701
FOLD	2650	2749	2749	2115300	2115300	0	190769
FOLD	2651	2750	2750	2116071	2116071	0	190843
FOLD	2652	2751	2751	2116839	2116839	0	190914
FOLD	2653	2752	2752	2117610	2117610	0	191007
FOLD	2654	2753	2753	2118378	2118378	0	191076
FOLD	2655	2754	2754	2119149	2119149	0	191184
FOLD	2656	2755	2755	2119917	2119917	0	191300
FOLD	2657	2756	2756	2120688	2120688	0	191394
FOLD	2658	2757	2757	2121456	2121456	0	191485
FOLD	2659	2758	2758	2122227	2122227	0	191560
FOLD	2660	2759	2759	2122995	2122995	0	191628
FOLD	2661	2760	2760	2123766	2123766	0	191754
FOLD	2662	2761	2761	2124534	2124534	0	191837
FOLD	2663	2762	2762	2125305	2125305	0	191932
FOLD	2664	2763	2763	2126073	2126073	0	192053
FOLD	2665	2764	2764	2126844	2126844	0	192145
FOLD	2666	2765	2765	2127612	2127612	0	192216
FOLD	2667	2766	2766	2128383	2128383	0	192298
FOLD	2668	2767	2767	2129151	2129151	0	192369
FOLD	2669	2768	2768	2129922	2129922	0	192439
FOLD	2670	2769	2769	2130690	2130690	0	192516
FOLD	2671	2770	2770	2131461	2131461	0	192586
FOLD	2672	2771	2771	2132229	2132229	0	192653
FOLD	2673	2772	2772	2133000	2133000	0	192723
FOLD	2674	2773	2773	2133768	2133768	0	192800
FOLD	2675	2774	2774	2134539	2134539	0	192867
FOLD	2676	2775	2775	2135307	2135307	0	192933
FOLD	2677	2776	2776	2136078	2136078	0	193039
FOLD	2678	2777	2777	2136846	2136846	0	193133
FOLD	2679	2778	2778	2137617	2137617	0	193213
FOLD	2680	2779	2779	2138385	2138385	0	193305
FOLD	2681	2780	2780	2139156	2139156	0	193372
FOLD	2682	2781	2781	2139924	2139924	0	193443
FOLD	2683	2782	2782	2140695	2140695	0	193534
FOLD	2684	2783	2783	2141463	2141463	0	193627
FOLD	2685	2784	2784	2142234	2142234	0	193695
FOLD	2686	2785	2785	2143002	2143002	0	193766
FOLD	2687	2786	2786	2143773	2143773	0	193833
FOLD	2688	2787	2787	2144541	2144541	0	193992
FOLD	2689	2788	2788	2145312	2145312	0	194066
FOLD	2690	2789	2789	2146080	2146080	0	194142
FOLD	2691	2790	2790	2146851	2146851	0	194212
FOLD	2692	2791	2791	2147619	2147619	0	194279
FOLD	2693	2792	2792	2148390	2148390	0	194346
FOLD	2694	2793	2793	2149158	2149158	0	194418
FOLD	2695	2794	2794	2149929	2149929	0	194487
FOLD	2696	2795	2795	2150697	2150697	0	194560
FOLD	2697	2796	2796	2151468	2151468	0	194631
FOLD	2698	2797	2797	2152236	2152236	0	194715
FOLD	2699	2798	2798	2153007	2153007	0	194789
FOLD	2700	2799	2799	2153775	2153775	0	194856
FOLD	2701	2800	2800	2154546	2154546	0	194922
FOLD	2702	2801	2801	2155314	2155314	0	194985
FOLD	2703	2802	2802	2156085	2156085	0	195070
FOLD	2706	2803	2803	2156856	2156856	0	195332
FOLD	2709	2804	2804	2157627	2157627	0	195533
FOLD	2710	2805	2805	2158395	2158395	0	195602
FOLD	2711	2806	2806	2159163	2159163	0	195681
FOLD	2712	2807	2807	2159934	2159934	0	195767
FOLD	2713	2808	2808	2160702	2160702	0	195827
FOLD	2716	2809	2809	2161470	2161470	0	196254
FOLD	2723	2810	2810	2162241	2162241	0	196652
FOLD	2724	2811	2811	2163012	2163012	0	196722
FOLD	2725	2812	2812	2163780	2163780	0	196784
FOLD	2726	2813	2813	2164551	2164551	0	196882
FOLD	2727	2814	2814	2165319	2165319	0	196998
FOLD	2728	2815	2815	2166090	2166090	0	197086
FOLD	2737	2816	2816	2166858	2166858	0	197955
FOLD	2738	2817	2817	2167629	2167629	0	198019
FOLD	2739	2818	2818	2168397	2168397	0	198089
FOLD	2740	2819	2819	2169168	2169168	0	198156
FOLD	2741	2820	2820	2169936	2169936	0	198229
FOLD	2744	2821	2821	2170704	2170704	0	198418
FOLD	2745	2822	2822	2171472	2171472	0	198500
FOLD	2748	2823	2823	2172240	2172240	0	199184
FOLD	2749	2824	2824	2173008	2173008	0	199260
FOLD	2750	2825	2825	2173779	2173779	0	199332
FOLD	2751	2826	2826	2174547	2174547	0	199436
FOLD	2752	2827	2827	2175318	2175318	0	199544
FOLD	2753	2828	2828	2176086	2176086	0	199841
FOLD	2754	2829	2829	2176857	2176857	0	199920
FOLD	2755	2830	2830	2177625	2177625	0	199989
FOLD	2756	2831	2831	2178396	2178396	0	200060
FOLD	2757	2832	2832	2179164	2179164	0	200134
FOLD	2758	2833	2833	2179935	2179935	0	200207
FOLD	2759	2834	2834	2180703	2180703	0	200277
FOLD	2760	2835	2835	2181474	2181474	0	200347
FOLD	2761	2836	2836	2182242	2182242	0	200420
FOLD	2762	2837	2837	2183013	2183013	0	200492
FOLD	2763	2838	2838	2183781	2183781	0	200582
FOLD	2764	2839	2839	2184552	2184552	0	200654
FOLD	2765	2840	2840	2185320	2185320	0	200728
FOLD	2766	2841	2841	2186091	2186091	0	200802
FOLD	2767	2842	2842	2186859	2186859	0	200869
FOLD	2768	2843	2843	2187630	2187630	0	201022
FOLD	2769	2844	2844	2188398	2188398	0	201119
FOLD	2770	2845	2845	2189169	2189169	0	201219
FOLD	2771	2846	2846	2189937	2189937	0	201306
FOLD	2772	2847	2847	2190708	2190708	0	201379
FOLD	2773	2848	2848	2191476	2191476	0	201454
FOLD	2774	2849	2849	2192247	2192247	0	201542
FOLD	2775	2850	2850	2193015	2193015	0	201613
FOLD	2776	2851	2851	2193786	2193786	0	201683
FOLD	2777	2852	2852	2194554	2194554	0	201757
FOLD	2778	2853	2853	2195325	2195325	0	201830
FOLD	2779	2854	2854	2196093	2196093	0	201901
FOLD	2780	2855	2855	2196864	2196864	0	201996
FOLD	2781	2856	2856	2197632	2197632	0	202085
FOLD	2782	2857	2857	2198403	2198403	0	202182
FOLD	2783	2858	2858	2199171	2199171	0	202254
FOLD	2784	2859	2859	2199942	2199942	0	202365
FOLD	2785	2860	2860	2200710	2200710	0	202462
FOLD	2786	2861	2861	2201481	2201481	0	202535
FOLD	2787	2862	2862	2202249	2202249	0	202604
FOLD	2788	2863	2863	2203020	2203020	0	202675
FOLD	2789	2864	2864	2203788	2203788	0	202749
FOLD	2790	2865	2865	2204559	2204559	0	202862
FOLD	2791	2866	2866	2205327	2205327	0	202975
FOLD	2792	2867	2867	2206098	2206098	0	203063
FOLD	2793	2868	2868	2206866	2206866	0	203139
FOLD	2794	2869	2869	2207637	2207637	0	203232
FOLD	2795	2870	2870	2208405	2208405	0	203304
FOLD	2796	2871	2871	2209176	2209176	0	203399
FOLD	2797	2872	2872	2209944	2209944	0	203496
FOLD	2798	2873	2873	2210715	2210715	0	203596
FOLD	2799	2874	2874	2211483	2211483	0	203704
FOLD	2800	2875	2875	2212254	2212254	0	203833
FOLD	2801	2876	2876	2213022	2213022	0	203912
FOLD	2802	2877	2877	2213793	2213793	0	203984
FOLD	2803	2878	2878	2214561	2214561	0	204055
FOLD	2804	2879	2879	2215332	2215332	0	204125
FOLD	2805	2880	2880	2216100	2216100	0	204198
FOLD	2806	2881	2881	2216871	2216871	0	204314
FOLD	2807	2882	2882	2217639	2217639	0	204386
FOLD	2808	2883	2883	2218410	2218410	0	204479
FOLD	2809	2884	2884	2219178	2219178	0	204569
FOLD	2810	2885	2885	2219949	2219949	0	204642
FOLD	2811	2886	2886	2220717	2220717	0	204737
FOLD	2812	2887	2887	2221488	2221488	0	204846
FOLD	2813	2888	2888	2222256	2222256	0	204962
FOLD	2814	2889	2889	2223027	2223027	0	205038
FOLD	2815	2890	2890	2223795	2223795	0	205110
FOLD	2816	2891	2891	2224566	2224566	0	205217
FOLD	2817	2892	2892	2225334	2225334	0	205300
FOLD	2818	2893	2893	2226105	2226105	0	205412
FOLD	2819	2894	2894	2226873	2226873	0	205485
FOLD	2820	2895	2895	2227644	2227644	0	205557
FOLD	2821	2896	2896	2228412	2228412	0	205643
FOLD	2822	2897	2897	2229183	2229183	0	205742
FOLD	2823	2898	2898	2229951	2229951	0	205854
FOLD	2824	2899	2899	2230722	2230722	0	205945
FOLD	2825	2900	2900	2231490	2231490	0	206021
FOLD	2826	2901	2901	2232261	2232261	0	206092
FOLD	2827	2902	2902	2233029	2233029	0	206162
FOLD	2828	2903	2903	2233800	2233800	0	206256
FOLD	2829	2904	2904	2234568	2234568	0	206334
FOLD	2830	2905	2905	2235339	2235339	0	206408
FOLD	2831	2906	2906	2236107	2236107	0	206493
FOLD	2832	2907	2907	2236878	2236878	0	206608
FOLD	2833	2908	2908	2237646	2237646	0	206720
FOLD	2834	2909	2909	2238417	2238417	0	206817
FOLD	2835	2910	2910	2239185	2239185	0	206911
FOLD	2836	2911	2911	2239956	2239956	0	206995
FOLD	2837	2912	2912	2240724	2240724	0	207072
FOLD	2838	2913	2913	2241495	2241495	0	207144
FOLD	2839	2914	2914	2242263	2242263	0	207260
FOLD	2840	2915	2915	2243034	2243034	0	207334
FOLD	2841	2916	2916	2243802	2243802	0	207412
FOLD	2842	2917	2917	2244573	2244573	0	207511
FOLD	2843	2918	2918	2245341	2245341	0	207586
FOLD	2844	2919	2919	2246112	2246112	0	207895
FOLD	2845	2920	2920	2246880	2246880	0	207987
FOLD	2846	2921	2921	2247651	2247651	0	208086
FOLD	2847	2922	2922	2248419	2248419	0	208166
FOLD	2848	2923	2923	2249190	2249190	0	208260
FOLD	2849	2924	2924	2249958	2249958	0	208336
FOLD	2850	2925	2925	2250729	2250729	0	208407
FOLD	2851	2926	2926	2251497	2251497	0	208496
FOLD	2852	2927	2927	2252268	2252268	0	208571
FOLD	2853	2928	2928	2253036	2253036	0	208652
FOLD	2854	2929	2929	2253807	2253807	0	208802
FOLD	2855	2930	2930	2254575	2254575	0	208883
FOLD	2856	2931	2931	2255346	2255346	0	208953
FOLD	2857	2932	2932	2256114	2256114	0	209052
FOLD	2858	2933	2933	2256885	2256885	0	209183
FOLD	2859	2934	2934	2257653	2257653	0	209265
FOLD	2860	2935	2935	2258424	2258424	0	209336
FOLD	2861	2936	2936	2259192	2259192	0	209412
FOLD	2862	2937	2937	2259963	2259963	0	209486
FOLD	2863	2938	2938	2260731	2260731	0	209601
FOLD	2864	2939	2939	2261502	2261502	0	209691
FOLD	2865	2940	2940	2262270	2262270	0	209773
FOLD	2866	2941	2941	2263041	2263041	0	209845
FOLD	2867	2942	2942	2263809	2263809	0	209915
FOLD	2868	2943	2943	2264580	2264580	0	209989
FOLD	2869	2944	2944	2265348	2265348	0	210087
FOLD	2870	2945	2945	2266119	2266119	0	210179
FOLD	2871	2946	2946	2266887	2266887	0	210253
FOLD	2872	2947	2947	2267658	2267658	0	210346
FOLD	2873	2948	2948	2268426	2268426	0	210421
FOLD	2874	2949	2949	2269197	2269197	0	210492
FOLD	2875	2950	2950	2269965	2269965	0	210643
FOLD	2876	2951	2951	2270736	2270736	0	210743
FOLD	2877	2952	2952	2271504	2271504	0	210926
FOLD	2878	2953	2953	2272275	2272275	0	211004
FOLD	2879	2954	2954	2273043	2273043	0	211153
FOLD	2880	2955	2955	2273814	2273814	0	211342
FOLD	2881	2956	2956	2274582	2274582	0	211424
FOLD	2882	2957	2957	2275353	2275353	0	211497
FOLD	2883	2958	2958	2276121	2276121	0	211606
FOLD	2884	2959	2959	2276892	2276892	0	211831
FOLD	2885	2960	2960	2277660	2277660	0	211918
FOLD	2886	2961	2961	2278431	2278431	0	211992
FOLD	2887	2962	2962	2279199	2279199	0	212194
FOLD	2888	2963	2963	2279970	2279970	0	212305
FOLD	2889	2964	2964	2280738	2280738	0	212429
FOLD	2890	2965	2965	2281509	2281509	0	212627
FOLD	2891	2966	2966	2282277	2282277	0	212734
FOLD	2892	2967	2967	2283048	2283048	0	212847
FOLD	2893	2968	2968	2283816	2283816	0	213017
FOLD	2894	2969	2969	2284587	2284587	0	213144
FOLD	2895	2970	2970	2285355	2285355	0	213225
FOLD	2896	2971	2971	2286126	2286126	0	213345
FOLD	2897	2972	2972	2286894	2286894	0	213493
FOLD	2898	2973	2973	2287665	2287665	0	213612
FOLD	2899	2974	2974	2288433	2288433	0	213712
FOLD	2900	2975	2975	2289204	2289204	0	213807
FOLD	2901	2976	2976	2289972	2289972	0	213958
FOLD	2902	2977	2977	2290743	2290743	0	214039
FOLD	2903	2978	2978	2291511	2291511	0	214115
FOLD	2904	2979	2979	2292282	2292282	0	214189
FOLD	2905	2980	2980	2293050	2293050	0	214261
FOLD	2906	2981	2981	2293821	2293821	0	214334
FOLD	2907	2982	2982	2294589	2294589	0	214434
FOLD	2908	2983	2983	2295360	2295360	0	214524
FOLD	2909	2984	2984	2296128	2296128	0	214598
FOLD	2910	2985	2985	2296899	2296899	0	214668
FOLD	2911	2986	2986	2297667	2297667	0	214741
FOLD	2912	2987	2987	2298438	2298438	0	214814
FOLD	2913	2988	2988	2299206	2299206	0	214885
FOLD	2914	2989	2989	2299977	2299977	0	215025
FOLD	2915	2990	2990	2300745	2300745	0	215125
FOLD	2916	2991	2991	2301516	2301516	0	215209
FOLD	2917	2992	2992	2302284	2302284	0	215297
FOLD	2918	2993	2993	2303055	2303055	0	215367
FOLD	2919	2994	2994	2303823	2303823	0	215445
FOLD	2920	2995	2995	2304594	2304594	0	215525
FOLD	2921	2996	2996	2305362	2305362	0	215597
FOLD	2922	2997	2997	2306133	2306133	0	215678
FOLD	2923	2998	2998	2306901	2306901	0	215759
FOLD	2924	2999	2999	2307672	2307672	0	215831
FOLD	2925	3000	3000	2308440	2308440	0	215983
FOLD	2926	3001	3001	2309211	2309211	0	216076
FOLD	2927	3002	3002	2309979	2309979	0	216170
FOLD	2928	3003	3003	2310750	2310750	0	216260
FOLD	2929	3004	3004	2311518	2311518	0	216353
FOLD	2930	3005	3005	2312289	2312289	0	216445
FOLD	2931	3006	3006	2313057	2313057	0	216522
FOLD	2932	3007	3007	2313828	2313828	0	216596
FOLD	2933	3008	3008	2314596	2314596	0	216693
FOLD	2934	3009	3009	2315367	2315367	0	216894
FOLD	2935	3010	3010	2316135	2316135	0	216968
FOLD	2936	3011	3011	2316906	2316906	0	217038
FOLD	2937	3012	3012	2317674	2317674	0	217114
FOLD	2938	3013	3013	2318445	2318445	0	217187
FOLD	2939	3014	3014	2319213	2319213	0	217257
FOLD	2940	3015	3015	2319984	2319984	0	217327
FOLD	2941	3016	3016	2320752	2320752	0	217464
FOLD	2942	3017	3017	2321523	2321523	0	217541
FOLD	2943	3018	3018	2322291	2322291	0	217612
FOLD	2944	3019	3019	2323062	2323062	0	217683
FOLD	2945	3020	3020	2323830	2323830	0	217751
FOLD	2946	3021	3021	2324598	2324598	0	217849
FOLD	2947	3022	3022	2325369	2325369	0	217937
FOLD	2950	3023	3023	2326140	2326140	0	218134
FOLD	2953	3024	3024	2326911	2326911	0	218322
FOLD	2954	3025	3025	2327679	2327679	0	218376
FOLD	2955	3026	3026	2328450	2328450	0	218425
FOLD	2956	3027	3027	2329218	2329218	0	218518
FOLD	2957	3028	3028	2329989	2329989	0	218602
FOLD	2958	3029	3029	2330757	2330757	0	218659
FOLD	2961	3030	3030	2331525	2331525	0	218872
FOLD	2968	3031	3031	2332296	2332296	0	219367
FOLD	2969	3032	3032	2333067	2333067	0	219482
FOLD	2970	3033	3033	2333835	2333835	0	219550
FOLD	2971	3034	3034	2334606	2334606	0	219683
FOLD	2972	3035	3035	2335374	2335374	0	219768
FOLD	2973	3036	3036	2336145	2336145	0	219840
FOLD	2982	3037	3037	2336913	2336913	0	220657
FOLD	2983	3038	3038	2337684	2337684	0	220723
FOLD	2984	3039	3039	2338452	2338452	0	220819
FOLD	2985	3040	3040	2339223	2339223	0	220894
FOLD	2986	3041	3041	2339991	2339991	0	220970
FOLD	2989	3042	3042	2340759	2340759	0	221166
FOLD	2990	3043	3043	2341527	2341527	0	221266
FOLD	2993	3044	3044	2342295	2342295	0	221962
FOLD	2994	3045	3045	2343063	2343063	0	222045
FOLD	2995	3046	3046	2343834	2343834	0	222121
FOLD	2996	3047	3047	2344602	2344602	0	222215
FOLD	2997	3048	3048	2345373	2345373	0	222304
FOLD	2998	3049	3049	2346141	2346141	0	222382
FOLD	2999	3050	3050	2346912	2346912	0	222457
FOLD	3000	3051	3051	2347680	2347680	0	222573
FOLD	3001	3052	3052	2348451	2348451	0	222664
FOLD	3002	3053	3053	2349219	2349219	0	222746
FOLD	3003	3054	3054	2349990	2349990	0	222823
FOLD	3004	3055	3055	2350758	2350758	0	222897
FOLD	3005	3056	3056	2351529	2351529	0	222971
FOLD	3006	3057	3057	2352297	2352297	0	223047
FOLD	3007	3058	3058	2353068	2353068	0	223125
FOLD	3008	3059	3059	2353836	2353836	0	223196
FOLD	3009	3060	3060	2354607	2354607	0	223311
FOLD	3010	3061	3061	2355375	2355375	0	223391
FOLD	3011	3062	3062	2356146	2356146	0	223499
FOLD	3012	3063	3063	2356914	2356914	0	223574
FOLD	3013	3064	3064	2357685	2357685	0	223746
FOLD	3014	3065	3065	2358453	2358453	0	223864
FOLD	3015	3066	3066	2359224	2359224	0	223944
FOLD	3016	3067	3067	2359992	2359992	0	224019
FOLD	3017	3068	3068	2360763	2360763	0	224093
FOLD	3018	3069	3069	2361531	2361531	0	224170
FOLD	3019	3070	3070	2362302	2362302	0	224247
FOLD	3020	3071	3071	2363070	2363070	0	224344
FOLD	3021	3072	3072	2363841	2363841	0	224435
FOLD	3022	3073	3073	2364609	2364609	0	224532
FOLD	3023	3074	3074	2365380	2365380	0	224615
FOLD	3024	3075	3075	2366148	2366148	0	224718
FOLD	3025	3076	3076	2366919	2366919	0	224831
FOLD	3026	3077	3077	2367687	2367687	0	224912
FOLD	3027	3078	3078	2368458	2368458	0	224988
FOLD	3028	3079	3079	2369226	2369226	0	225061
FOLD	3029	3080	3080	2369997	2369997	0	225161
FOLD	3030	3081	3081	2370765	2370765	0	225247
FOLD	3031	3082	3082	2371536	2371536	0	225327
FOLD	3032	3083	3083	2372304	2372304	0	225402
FOLD	3033	3084	3084	2373075	2373075	0	225477
FOLD	3034	3085	3085	2373843	2373843	0	225596
FOLD	3035	3086	3086	2374614	2374614	0	225676
FOLD	3036	3087	3087	2375382	2375382	0	225753
FOLD	3037	3088	3088	2376153	2376153	0	225828
FOLD	3038	3089	3089	2376921	2376921	0	225905
FOLD	3039	3090	3090	2377692	2377692	0	225982
FOLD	3040	3091	3091	2378460	2378460	0	226113
FOLD	3041	3092	3092	2379231	2379231	0	226227
FOLD	3042	3093	3093	2379999	2379999	0	226309
FOLD	3043	3094	3094	2380770	2380770	0	226387
FOLD	3044	3095	3095	2381538	2381538	0	226463
FOLD	3045	3096	3096	2382309	2382309	0	226598
FOLD	3046	3097	3097	2383077	2383077	0	226726
FOLD	3047	3098	3098	2383848	2383848	0	226808
FOLD	3048	3099	3099	2384616	2384616	0	226882
FOLD	3049	3100	3100	2385387	2385387	0	226985
FOLD	3050	3101	3101	2386155	2386155	0	227086
FOLD	3051	3102	3102	2386926	2386926	0	227183
FOLD	3052	3103	3103	2387694	2387694	0	227275
FOLD	3053	3104	3104	2388465	2388465	0	227352
FOLD	3054	3105	3105	2389233	2389233	0	227433
FOLD	3055	3106	3106	2390004	2390004	0	227603
FOLD	3056	3107	3107	2390772	2390772	0	227695
FOLD	3057	3108	3108	2391543	2391543	0	227816
FOLD	3058	3109	3109	2392311	2392311	0	227896
FOLD	3059	3110	3110	2393082	2393082	0	228037
FOLD	3060	3111	3111	2393850	2393850	0	228114
FOLD	3061	3112	3112	2394621	2394621	0	228190
FOLD	3062	3113	3113	2395389	2395389	0	228278
FOLD	3063	3114	3114	2396160	2396160	0	228381
FOLD	3064	3115	3115	2396928	2396928	0	228498
FOLD	3065	3116	3116	2397699	2397699	0	228591
FOLD	3066	3117	3117	2398467	2398467	0	228672
FOLD	3067	3118	3118	2399238	2399238	0	228748
FOLD	3068	3119	3119	2400006	2400006	0	228822
FOLD	3069	3120	3120	2400777	2400777	0	228899
FOLD	3070	3121	3121	2401545	2401545	0	228974
FOLD	3071	3122	3122	2402316	2402316	0	229050
FOLD	3072	3123	3123	2403084	2403084	0	229128
FOLD	3073	3124	3124	2403855	2403855	0	229240
FOLD	3074	3125	3125	2404623	2404623	0	229318
FOLD	3075	3126	3126	2405394	2405394	0	229460
FOLD	3076	3127	3127	2406162	2406162	0	229562
FOLD	3077	3128	3128	2406933	2406933	0	229652
FOLD	3078	3129	3129	2407701	2407701	0	229755
FOLD	3079	3130	3130	2408472	2408472	0	229875
FOLD	3080	3131	3131	2409240	2409240	0	229975
FOLD	3081	3132	3132	2410011	2410011	0	230071
FOLD	3082	3133	3133	2410779	2410779	0	230173
FOLD	3083	3134	3134	2411550	2411550	0	230253
FOLD	3084	3135	3135	2412318	2412318	0	230330
FOLD	3085	3136	3136	2413089	2413089	0	230406
FOLD	3086	3137	3137	2413857	2413857	0	230480
FOLD	3087	3138	3138	2414628	2414628	0	230556
FOLD	3088	3139	3139	2415396	2415396	0	230631
FOLD	3089	3140	3140	2416167	2416167	0	230728
FOLD	3090	3141	3141	2416935	2416935	0	230807
FOLD	3091	3142	3142	2417706	2417706	0	230928
FOLD	3092	3143	3143	2418474	2418474	0	231030
FOLD	3093	3144	3144	2419245	2419245	0	231105
FOLD	3094	3145	3145	2420013	2420013	0	231192
FOLD	3095	3146	3146	2420784	2420784	0	231295
FOLD	3096	3147	3147	2421552	2421552	0	231394
FOLD	3097	3148	3148	2422323	2422323	0	231476
FOLD	3098	3149	3149	2423091	2423091	0	231593
FOLD	3099	3150	3150	2423862	2423862	0	231721
FOLD	3100	3151	3151	2424630	2424630	0	231802
FOLD	3101	3152	3152	2425401	2425401	0	231879
FOLD	3102	3153	3153	2426169	2426169	0	231955
FOLD	3103	3154	3154	2426940	2426940	0	232031
FOLD	3104	3155	3155	2427708	2427708	0	232149
FOLD	3105	3156	3156	2428479	2428479	0	232281
FOLD	3106	3157	3157	2429247	2429247	0	232375
FOLD	3107	3158	3158	2430018	2430018	0	232478
FOLD	3108	3159	3159	2430786	2430786	0	232572
FOLD	3109	3160	3160	2431557	2431557	0	232649
FOLD	3110	3161	3161	2432325	2432325	0	232735
FOLD	3111	3162	3162	2433096	2433096	0	232817
FOLD	3112	3163	3163	2433864	2433864	0	232894
FOLD	3113	3164	3164	2434635	2434635	0	232968
FOLD	3114	3165	3165	2435403	2435403	0	233045
FOLD	3115	3166	3166	2436174	2436174	0	233123
FOLD	3116	3167	3167	2436942	2436942	0	233229
FOLD	3117	3168	3168	2437713	2437713	0	233337
FOLD	3118	3169	3169	2438481	2438481	0	233414
FOLD	3119	3170	3170	2439252	2439252	0	233525
FOLD	3120	3171	3171	2440020	2440020	0	233647
FOLD	3121	3172	3172	2440791	2440791	0	233861
FOLD	3122	3173	3173	2441559	2441559	0	233942
FOLD	3123	3174	3174	2442330	2442330	0	234019
FOLD	3124	3175	3175	2443098	2443098	0	234112
FOLD	3125	3176	3176	2443869	2443869	0	234191
FOLD	3126	3177	3177	2444637	2444637	0	234298
FOLD	3127	3178	3178	2445408	2445408	0	234393
FOLD	3128	3179	3179	2446176	2446176	0	234473
FOLD	3129	3180	3180	2446947	2446947	0	234549
FOLD	3130	3181	3181	2447715	2447715	0	234626
FOLD	3131	3182	3182	2448486	2448486	0	234702
FOLD	3132	3183	3183	2449254	2449254	0	234783
FOLD	3133	3184	3184	2450025	2450025	0	234859
FOLD	3134	3185	3185	2450793	2450793	0	234934
FOLD	3135	3186	3186	2451564	2451564	0	235011
FOLD	3136	3187	3187	2452332	2452332	0	235123
FOLD	3137	3188	3188	2453103	2453103	0	235251
FOLD	3138	3189	3189	2453871	2453871	0	235334
FOLD	3139	3190	3190	2454642	2454642	0	235437
FOLD	3140	3191	3191	2455410	2455410	0	235530
FOLD	3141	3192	3192	2456181	2456181	0	235610
FOLD	3142	3193	3193	2456949	2456949	0	235739
FOLD	3143	3194	3194	2457720	2457720	0	235847
FOLD	3144	3195	3195	2458488	2458488	0	235944
FOLD	3145	3196	3196	2459259	2459259	0	236065
FOLD	3146	3197	3197	2460027	2460027	0	236158
FOLD	3147	3198	3198	2460798	2460798	0	236281
FOLD	3148	3199	3199	2461566	2461566	0	236362
FOLD	3149	3200	3200	2462337	2462337	0	236439
FOLD	3150	3201	3201	2463105	2463105	0	236566
FOLD	3151	3202	3202	2463876	2463876	0	236683
FOLD	3152	3203	3203	2464644	2464644	0	236763
FOLD	3153	3204	3204	2465415	2465415	0	236839
FOLD	3154	3205	3205	2466183	2466183	0	236917
FOLD	3155	3206	3206	2466954	2466954	0	237012
FOLD	3156	3207	3207	2467722	2467722	0	237095
FOLD	3157	3208	3208	2468493	2468493	0	237178
FOLD	3158	3209	3209	2469261	2469261	0	237252
FOLD	3159	3210	3210	2470032	2470032	0	237326
FOLD	3160	3211	3211	2470800	2470800	0	237402
FOLD	3161	3212	3212	2471571	2471571	0	237640
FOLD	3162	3213	3213	2472339	2472339	0	237721
FOLD	3163	3214	3214	2473110	2473110	0	237805
FOLD	3164	3215	3215	2473878	2473878	0	237900
FOLD	3165	3216	3216	2474649	2474649	0	238010
FOLD	3166	3217	3217	2475417	2475417	0	238086
FOLD	3167	3218	3218	2476188	2476188	0	238158
FOLD	3168	3219	3219	2476956	2476956	0	238235
FOLD	3169	3220	3220	2477727	2477727	0	238310
FOLD	3170	3221	3221	2478495	2478495	0	238444
FOLD	3171	3222	3222	2479266	2479266	0	238570
FOLD	3172	3223	3223	2480034	2480034	0	238647
FOLD	3173	3224	3224	2480805	2480805	0	238719
FOLD	3174	3225	3225	2481573	2481573	0	238794
FOLD	3175	3226	3226	2482344	2482344	0	238870
FOLD	3176	3227	3227	2483112	2483112	0	238948
FOLD	3177	3228	3228	2483883	2483883	0	239023
FOLD	3178	3229	3229	2484651	2484651	0	239096
FOLD	3179	3230	3230	2485422	2485422	0	239169
FOLD	3180	3231	3231	2486190	2486190	0	239240
FOLD	3181	3232	3232	2486961	2486961	0	239317
FOLD	3182	3233	3233	2487729	2487729	0	239437
FOLD	3183	3234	3234	2488500	2488500	0	239515
FOLD	3184	3235	3235	2489268	2489268	0	239589
FOLD	3185	3236	3236	2490039	2490039	0	239851
FOLD	3188	3237	3237	2490810	2490810	0	240129
FOLD	3189	3238	3238	2491578	2491578	0	240182
FOLD	3190	3239	3239	2492346	2492346	0	240275
FOLD	3191	3240	3240	2493117	2493117	0	240350
FOLD	3194	3241	3241	2493888	2493888	0	240515
FOLD	3199	3242	3242	2494656	2494656	0	241045
FOLD	3200	3243	3243	2495427	2495427	0	241096
FOLD	3201	3244	3244	2496195	2496195	0	241171
FOLD	3202	3245	3245	2496966	2496966	0	241311
FOLD	3203	3246	3246	2497734	2497734	0	241374
FOLD	3206	3247	3247	2498502	2498502	0	241565
FOLD	3213	3248	3248	2499273	2499273	0	242045
FOLD	3214	3249	3249	2500044	2500044	0	242122
FOLD	3215	3250	3250	2500812	2500812	0	242190
FOLD	3216	3251	3251	2501583	2501583	0	242334
FOLD	3217	3252	3252	2502351	2502351	0	242420
FOLD	3218	3253	3253	2503122	2503122	0	242500
FOLD	3227	3254	3254	2503890	2503890	0	243460
FOLD	3228	3255	3255	2504661	2504661	0	243529
FOLD	3229	3256	3256	2505429	2505429	0	243627
FOLD	3230	3257	3257	2506200	2506200	0	243748
FOLD	3231	3258	3258	2506968	2506968	0	243837
FOLD	3234	3259	3259	2507736	2507736	0	244102
FOLD	3235	3260	3260	2508504	2508504	0	244205
FOLD	3238	3261	3261	2509272	2509272	0	244967
FOLD	3239	3262	3262	2510040	2510040	0	245048
FOLD	3240	3263	3263	2510811	2510811	0	245169
FOLD	3241	3264	3264	2511579	2511579	0	245252
FOLD	3242	3265	3265	2512350	2512350	0	245329
FOLD	3243	3266	3266	2513118	2513118	0	245409
FOLD	3244	3267	3267	2513889	2513889	0	245487
FOLD	3245	3268	3268	2514657	2514657	0	245565
FOLD	3246	3269	3269	2515428	2515428	0	245641
FOLD	3247	3270	3270	2516196	2516196	0	245722
FOLD	3248	3271	3271	2516967	2516967	0	245802
FOLD	3249	3272	3272	2517735	2517735	0	245878
FOLD	3250	3273	3273	2518506	2518506	0	246022
FOLD	3251	3274	3274	2519274	2519274	0	246113
FOLD	3252	3275	3275	2520045	2520045	0	246218
FOLD	3253	3276	3276	2520813	2520813	0	246312
FOLD	3254	3277	3277	2521584	2521584	0	246391
FOLD	3255	3278	3278	2522352	2522352	0	246471
FOLD	3256	3279	3279	2523123	2523123	0	246570
FOLD	3257	3280	3280	2523891	2523891	0	246673
FOLD	3258	3281	3281	2524662	2524662	0	246754
FOLD	3259	3282	3282	2525430	2525430	0	246833
FOLD	3260	3283	3283	2526201	2526201	0	246915
FOLD	3261	3284	3284	2526969	2526969	0	246992
FOLD	3262	3285	3285	2527740	2527740	0	247069
FOLD	3263	3286	3286	2528508	2528508	0	247191
FOLD	3264	3287	3287	2529279	2529279	0	247274
FOLD	3265	3288	3288	2530047	2530047	0	247351
FOLD	3266	3289	3289	2530818	2530818	0	247472
FOLD	3267	3290	3290	2531586	2531586	0	247595
FOLD	3268	3291	3291	2532357	2532357	0	247740
FOLD	3269	3292	3292	2533125	2533125	0	247823
FOLD	3270	3293	3293	2533896	2533896	0	247902
FOLD	3271	3294	3294	2534664	2534664	0	247983
FOLD	3272	3295	3295	2535435	2535435	0	248099
FOLD	3273	3296	3296	2536203	2536203	0	248225
FOLD	3274	3297	3297	2536974	2536974	0	248321
FOLD	3275	3298	3298	2537742	2537742	0	248402
FOLD	3276	3299	3299	2538513	2538513	0	248483
FOLD	3277	3300	3300	2539281	2539281	0	248561
FOLD	3278	3301	3301	2540052	2540052	0	248638
FOLD	3279	3302	3302	2540820	2540820	0	248719
FOLD	3280	3303	3303	2541591	2541591	0	248798
FOLD	3281	3304	3304	2542359	2542359	0	248900
FOLD	3282	3305	3305	2543130	2543130	0	249021
FOLD	3283	3306	3306	2543898	2543898	0	249100
FOLD	3284	3307	3307	2544669	2544669	0	249213
FOLD	3285	3308	3308	2545437	2545437	0	249293
FOLD	3286	3309	3309	2546208	2546208	0	249370
FOLD	3287	3310	3310	2546976	2546976	0	249450
FOLD	3288	3311	3311	2547747	2547747	0	249554
FOLD	3289	3312	3312	2548515	2548515	0	249631
FOLD	3290	3313	3313	2549286	2549286	0	249738
FOLD	3291	3314	3314	2550054	2550054	0	249818
FOLD	3292	3315	3315	2550825	2550825	0	249935
FOLD	3293	3316	3316	2551593	2551593	0	250067
FOLD	3294	3317	3317	2552364	2552364	0	250149
FOLD	3295	3318	3318	2553132	2553132	0	250243
FOLD	3296	3319	3319	2553903	2553903	0	250348
FOLD	3297	3320	3320	2554671	2554671	0	250461
FOLD	3298	3321	3321	2555442	2555442	0	250583
FOLD	3299	3322	3322	2556210	2556210	0	250665
FOLD	3300	3323	3323	2556981	2556981	0	250767
FOLD	3301	3324	3324	2557749	2557749	0	250846
FOLD	3302	3325	3325	2558520	2558520	0	250944
FOLD	3303	3326	3326	2559288	2559288	0	251065
FOLD	3304	3327	3327	2560059	2560059	0	251194
FOLD	3305	3328	3328	2560827	2560827	0	251314
FOLD	3306	3329	3329	2561598	2561598	0	251415
FOLD	3307	3330	3330	2562366	2562366	0	251523
FOLD	3308	3331	3331	2563137	2563137	0	251604
FOLD	3309	3332	3332	2563905	2563905	0	251690
FOLD	3310	3333	3333	2564676	2564676	0	251774
FOLD	3311	3334	3334	2565444	2565444	0	251854
FOLD	3312	3335	3335	2566215	2566215	0	251935
FOLD	3313	3336	3336	2566983	2566983	0	252011
FOLD	3314	3337	3337	2567754	2567754	0	252127
FOLD	3315	3338	3338	2568522	2568522	0	252230
FOLD	3316	3339	3339	2569293	2569293	0	252327
FOLD	3317	3340	3340	2570061	2570061	0	252451
FOLD	3318	3341	3341	2570832	2570832	0	252546
FOLD	3319	3342	3342	2571600	2571600	0	252630
FOLD	3320	3343	3343	2572371	2572371	0	252709
FOLD	3321	3344	3344	2573139	2573139	0	252813
FOLD	3322	3345	3345	2573910	2573910	0	252892
FOLD	3323	3346	3346	2574678	2574678	0	252971
FOLD	3324	3347	3347	2575449	2575449	0	253051
FOLD	3325	3348	3348	2576217	2576217	0	253136
FOLD	3326	3349	3349	2576988	2576988	0	253213
FOLD	3327	3350	3350	2577756	2577756	0	253331
FOLD	3328	3351	3351	2578527	2578527	0	253472
FOLD	3329	3352	3352	2579295	2579295	0	253556
FOLD	3330	3353	3353	2580066	2580066	0	253657
FOLD	3331	3354	3354	2580834	2580834	0	253752
FOLD	3332	3355	3355	2581605	2581605	0	253856
FOLD	3333	3356	3356	2582373	2582373	0	253959
FOLD	3334	3357	3357	2583144	2583144	0	254040
FOLD	3335	3358	3358	2583912	2583912	0	254119
FOLD	3336	3359	3359	2584683	2584683	0	254198
FOLD	3337	3360	3360	2585451	2585451	0	254276
FOLD	3338	3361	3361	2586222	2586222	0	254375
FOLD	3339	3362	3362	2586990	2586990	0	254455
FOLD	3340	3363	3363	2587761	2587761	0	254557
FOLD	3341	3364	3364	2588529	2588529	0	254651
FOLD	3342	3365	3365	2589300	2589300	0	254740
FOLD	3343	3366	3366	2590068	2590068	0	254851
FOLD	3344	3367	3367	2590839	2590839	0	254958
FOLD	3345	3368	3368	2591607	2591607	0	255079
FOLD	3346	3369	3369	2592378	2592378	0	255173
FOLD	3347	3370	3370	2593146	2593146	0	255340
FOLD	3348	3371	3371	2593917	2593917	0	255537
FOLD	3349	3372	3372	2594685	2594685	0	255769
FOLD	3350	3373	3373	2595456	2595456	0	255903
FOLD	3351	3374	3374	2596224	2596224	0	255990
FOLD	3352	3375	3375	2596995	2596995	0	256070
FOLD	3353	3376	3376	2597763	2597763	0	256179
FOLD	3354	3377	3377	2598534	2598534	0	256265
FOLD	3355	3378	3378	2599302	2599302	0	256346
FOLD	3356	3379	3379	2600073	2600073	0	256426
FOLD	3357	3380	3380	2600841	2600841	0	256535
FOLD	3358	3381	3381	2601612	2601612	0	256629
FOLD	3359	3382	3382	2602380	2602380	0	256712
FOLD	3360	3383	3383	2603151	2603151	0	256864
FOLD	3361	3384	3384	2603919	2603919	0	256991
FOLD	3362	3385	3385	2604690	2604690	0	257181
FOLD	3363	3386	3386	2605458	2605458	0	257273
FOLD	3364	3387	3387	2606229	2606229	0	257384
FOLD	3365	3388	3388	2606997	2606997	0	257496
FOLD	3366	3389	3389	2607768	2607768	0	257583
FOLD	3367	3390	3390	2608536	2608536	0	257683
FOLD	3368	3391	3391	2609307	2609307	0	257793
FOLD	3369	3392	3392	2610075	2610075	0	257882
FOLD	3370	3393	3393	2610846	2610846	0	257972
FOLD	3371	3394	3394	2611614	2611614	0	258081
FOLD	3372	3395	3395	2612385	2612385	0	258202
FOLD	3373	3396	3396	2613153	2613153	0	258291
FOLD	3374	3397	3397	2613924	2613924	0	258372
FOLD	3375	3398	3398	2614692	2614692	0	258502
FOLD	3376	3399	3399	2615463	2615463	0	258661
FOLD	3377	3400	3400	2616231	2616231	0	258746
FOLD	3378	3401	3401	2617002	2617002	0	258916
FOLD	3379	3402	3402	2617770	2617770	0	259024
FOLD	3380	3403	3403	2618541	2618541	0	259133
FOLD	3381	3404	3404	2619309	2619309	0	259254
FOLD	3382	3405	3405	2620080	2620080	0	259360
FOLD	3383	3406	3406	2620848	2620848	0	259478
FOLD	3384	3407	3407	2621619	2621619	0	259619
FOLD	3385	3408	3408	2622387	2622387	0	259715
FOLD	3386	3409	3409	2623158	2623158	0	259801
FOLD	3387	3410	3410	2623926	2623926	0	259881
FOLD	3388	3411	3411	2624697	2624697	0	260043
FOLD	3389	3412	3412	2625465	2625465	0	260131
FOLD	3390	3413	3413	2626236	2626236	0	260210
FOLD	3391	3414	3414	2627004	2627004	0	260290
FOLD	3392	3415	3415	2627775	2627775	0	260383
FOLD	3393	3416	3416	2628543	2628543	0	260469
FOLD	3394	3417	3417	2629314	2629314	0	260557
FOLD	3395	3418	3418	2630082	2630082	0	260637
FOLD	3396	3419	3419	2630853	2630853	0	260740
FOLD	3397	3420	3420	2631621	2631621	0	260828
FOLD	3398	3421	3421	2632392	2632392	0	261101
FOLD	3399	3422	3422	2633160	2633160	0	261186
FOLD	3400	3423	3423	2633931	2633931	0	261266
FOLD	3401	3424	3424	2634699	2634699	0	261364
FOLD	3402	3425	3425	2635470	2635470	0	261475
FOLD	3403	3426	3426	2636238	2636238	0	261565
FOLD	3404	3427	3427	2637009	2637009	0	261652
FOLD	3405	3428	3428	2637777	2637777	0	261732
FOLD	3406	3429	3429	2638548	2638548	0	261811
FOLD	3407	3430	3430	2639316	2639316	0	261916
FOLD	3408	3431	3431	2640087	2640087	0	262034
FOLD	3409	3432	3432	2640855	2640855	0	262116
FOLD	3410	3433	3433	2641626	2641626	0	262193
FOLD	3411	3434	3434	2642394	2642394	0	262272
FOLD	3412	3435	3435	2643165	2643165	0	262350
FOLD	3413	3436	3436	2643933	2643933	0	262455
FOLD	3414	3437	3437	2644704	2644704	0	262546
FOLD	3415	3438	3438	2645472	2645472	0	262625
FOLD	3416	3439	3439	2646243	2646243	0	262731
FOLD	3417	3440	3440	2647011	2647011	0	262813
FOLD	3418	3441	3441	2647782	2647782	0	262890
FOLD	3419	3442	3442	2648550	2648550	0	262970
FOLD	3420	3443	3443	2649321	2649321	0	263052
FOLD	3421	3444	3444	2650089	2650089	0	263133
FOLD	3422	3445	3445	2650860	2650860	0	263210
FOLD	3423	3446	3446	2651628	2651628	0	263288
FOLD	3424	3447	3447	2652399	2652399	0	263439
FOLD	3425	3448	3448	2653167	2653167	0	263524
FOLD	3426	3449	3449	2653938	2653938	0	263604
FOLD	3429	3450	3450	2654709	2654709	0	263859
FOLD	3432	3451	3451	2655480	2655480	0	264185
FOLD	3433	3452	3452	2656248	2656248	0	264284
FOLD	3434	3453	3453	2657016	2657016	0	264424
FOLD	3435	3454	3454	2657787	2657787	0	264589
FOLD	3444	3455	3455	2658555	2658555	0	265880
FOLD	3445	3456	3456	2659326	2659326	0	265978
FOLD	3446	3457	3457	2660094	2660094	0	266105
FOLD	3447	3458	3458	2660865	2660865	0	266231
FOLD	3448	3459	3459	2661633	2661633	0	266336
FOLD	3451	3460	3460	2662401	2662401	0	266691
FOLD	3458	3461	3461	2663172	2663172	0	267544
FOLD	3459	3462	3462	2663943	2663943	0	267747
FOLD	3460	3463	3463	2664711	2664711	0	267873
FOLD	3461	3464	3464	2665482	2665482	0	268085
FOLD	3462	3465	3465	2666250	2666250	0	268292
FOLD	3463	3466	3466	2667021	2667021	0	268454
FOLD	3472	3467	3467	2667789	2667789	0	269955
FOLD	3473	3468	3468	2668560	2668560	0	270075
FOLD	3474	3469	3469	2669328	2669328	0	270201
FOLD	3475	3470	3470	2670099	2670099	0	270364
FOLD	3476	3471	3471	2670867	2670867	0	270495
FOLD	3479	3472	3472	2671635	2671635	0	270844
FOLD	3480	3473	3473	2672403	2672403	0	270979
FOLD	3483	3474	3474	2673171	2673171	0	272050
FOLD	3484	3475	3475	2673939	2673939	0	272155
FOLD	3485	3476	3476	2674710	2674710	0	272240
FOLD	3486	3477	3477	2675478	2675478	0	272323
FOLD	3487	3478	3478	2676249	2676249	0	272411
FOLD	3488	3479	3479	2677017	2677017	0	272495
FOLD	3489	3480	3480	2677788	2677788	0	272605
FOLD	3490	3481	3481	2678556	2678556	0	272702
FOLD	3491	3482	3482	2679327	2679327	0	272833
FOLD	3492	3483	3483	2680095	2680095	0	272920
FOLD	3493	3484	3484	2680866	2680866	0	273003
FOLD	3494	3485	3485	2681634	2681634	0	273086
FOLD	3495	3486	3486	2682405	2682405	0	273171
FOLD	3496	3487	3487	2683173	2683173	0	273264
FOLD	3497	3488	3488	2683944	2683944	0	273350
FOLD	3498	3489	3489	2684712	2684712	0	273435
FOLD	3499	3490	3490	2685483	2685483	0	273540
FOLD	3500	3491	3491	2686251	2686251	0	273670
FOLD	3501	3492	3492	2687022	2687022	0	273758
FOLD	3502	3493	3493	2687790	2687790	0	273840
FOLD	3503	3494	3494	2688561	2688561	0	274091
FOLD	3504	3495	3495	2689329	2689329	0	274194
FOLD	3505	3496	3496	2690100	2690100	0	274293
FOLD	3506	3497	3497	2690868	2690868	0	274400
FOLD	3507	3498	3498	2691639	2691639	0	274553
FOLD	3508	3499	3499	2692407	2692407	0	274643
FOLD	3509	3500	3500	2693178	2693178	0	274729
FOLD	3510	3501	3501	2693946	2693946	0	274813
FOLD	3511	3502	3502	2694717	2694717	0	274897
FOLD	3512	3503	3503	2695485	2695485	0	275007
FOLD	3513	3504	3504	2696256	2696256	0	275107
FOLD	3514	3505	3505	2697024	2697024	0	275197
FOLD	3515	3506	3506	2697795	2697795	0	275281
FOLD	3516	3507	3507	2698563	2698563	0	275367
FOLD	3517	3508	3508	2699334	2699334	0	275484
FOLD	3518	3509	3509	2700102	2700102	0	275590
FOLD	3519	3510	3510	2700873	2700873	0	275711
FOLD	3520	3511	3511	2701641	2701641	0	275836
FOLD	3521	3512	3512	2702412	2702412	0	275972
FOLD	3522	3513	3513	2703180	2703180	0	276087
FOLD	3523	3514	3514	2703951	2703951	0	276208
FOLD	3524	3515	3515	2704719	2704719	0	276298
FOLD	3525	3516	3516	2705490	2705490	0	276383
FOLD	3526	3517	3517	2706258	2706258	0	276469
FOLD	3527	3518	3518	2707029	2707029	0	276554
FOLD	3528	3519	3519	2707797	2707797	0	276640
FOLD	3529	3520	3520	2708568	2708568	0	276723
FOLD	3530	3521	3521	2709336	2709336	0	276823
FOLD	3531	3522	3522	2710107	2710107	0	276964
FOLD	3532	3523	3523	2710875	2710875	0	277053
FOLD	3533	3524	3524	2711646	2711646	0	277138
FOLD	3534	3525	3525	2712414	2712414	0	277239
FOLD	3535	3526	3526	2713185	2713185	0	277326
FOLD	3536	3527	3527	2713953	2713953	0	277412
FOLD	3537	3528	3528	2714724	2714724	0	277571
FOLD	3538	3529	3529	2715492	2715492	0	277658
FOLD	3539	3530	3530	2716263	2716263	0	277778
FOLD	3540	3531	3531	2717031	2717031	0	277865
FOLD	3541	3532	3532	2717802	2717802	0	278002
FOLD	3542	3533	3533	2718570	2718570	0	278089
FOLD	3543	3534	3534	2719341	2719341	0	278175
FOLD	3544	3535	3535	2720109	2720109	0	278292
FOLD	3545	3536	3536	2720880	2720880	0	278406
FOLD	3546	3537	3537	2721648	2721648	0	278532
FOLD	3547	3538	3538	2722419	2722419	0	278635
FOLD	3548	3539	3539	2723187	2723187	0	278737
FOLD	3549	3540	3540	2723958	2723958	0	278825
FOLD	3550	3541	3541	2724726	2724726	0	278909
FOLD	3551	3542	3542	2725497	2725497	0	279005
FOLD	3552	3543	3543	2726265	2726265	0	279091
FOLD	3553	3544	3544	2727036	2727036	0	279193
FOLD	3554	3545	3545	2727804	2727804	0	279308
FOLD	3555	3546	3546	2728575	2728575	0	279443
FOLD	3556	3547	3547	2729343	2729343	0	279532
FOLD	3557	3548	3548	2730114	2730114	0	279617
FOLD	3558	3549	3549	2730882	2730882	0	279771
FOLD	3559	3550	3550	2731653	2731653	0	279876
FOLD	3560	3551	3551	2732421	2732421	0	279964
FOLD	3561	3552	3552	2733192	2733192	0	280048
FOLD	3562	3553	3553	2733960	2733960	0	280159
FOLD	3563	3554	3554	2734731	2734731	0	280247
FOLD	3564	3555	3555	2735499	2735499	0	280387
FOLD	3565	3556	3556	2736270	2736270	0	280489
FOLD	3566	3557	3557	2737038	2737038	0	280578
FOLD	3567	3558	3558	2737809	2737809	0	280664
FOLD	3568	3559	3559	2738577	2738577	0	280749
FOLD	3569	3560	3560	2739348	2739348	0	280831
FOLD	3570	3561	3561	2740116	2740116	0	280915
FOLD	3571	3562	3562	2740887	2740887	0	281041
FOLD	3572	3563	3563	2741655	2741655	0	281127
FOLD	3573	3564	3564	2742426	2742426	0	281235
FOLD	3574	3565	3565	2743194	2743194	0	281358
FOLD	3575	3566	3566	2743965	2743965	0	281444
FOLD	3576	3567	3567	2744733	2744733	0	281530
FOLD	3577	3568	3568	2745504	2745504	0	281655
FOLD	3578	3569	3569	2746272	2746272	0	281746
FOLD	3579	3570	3570	2747043	2747043	0	281829
FOLD	3580	3571	3571	2747811	2747811	0	281931
FOLD	3581	3572	3572	2748582	2748582	0	282017
FOLD	3582	3573	3573	2749350	2749350	0	282125
FOLD	3583	3574	3574	2750121	2750121	0	282242
FOLD	3584	3575	3575	2750889	2750889	0	282349
FOLD	3585	3576	3576	2751660	2751660	0	282458
FOLD	3586	3577	3577	2752428	2752428	0	282625
FOLD	3587	3578	3578	2753199	2753199	0	282737
FOLD	3588	3579	3579	2753967	2753967	0	282833
FOLD	3589	3580	3580	2754738	2754738	0	282939
FOLD	3590	3581	3581	2755506	2755506	0	283025
FOLD	3591	3582	3582	2756277	2756277	0	283112
FOLD	3592	3583	3583	2757045	2757045	0	283198
FOLD	3593	3584	3584	2757816	2757816	0	283307
FOLD	3594	3585	3585	2758584	2758584	0	283406
FOLD	3595	3586	3586	2759355	2759355	0	283492
FOLD	3596	3587	3587	2760123	2760123	0	283577
FOLD	3597	3588	3588	2760894	2760894	0	283781
FOLD	3598	3589	3589	2761662	2761662	0	283902
FOLD	3599	3590	3590	2762433	2762433	0	283999
FOLD	3600	3591	3591	2763201	2763201	0	284181
FOLD	3601	3592	3592	2763972	2763972	0	284268
FOLD	3602	3593	3593	2764740	2764740	0	284400
FOLD	3603	3594	3594	2765511	2765511	0	284603
FOLD	3604	3595	3595	2766279	2766279	0	284691
FOLD	3605	3596	3596	2767050	2767050	0	284812
FOLD	3606	3597	3597	2767818	2767818	0	284915
FOLD	3607	3598	3598	2768589	2768589	0	285003
FOLD	3608	3599	3599	2769357	2769357	0	285090
FOLD	3609	3600	3600	2770128	2770128	0	285173
FOLD	3610	3601	3601	2770896	2770896	0	285257
FOLD	3611	3602	3602	2771667	2771667	0	285365
FOLD	3612	3603	3603	2772435	2772435	0	285453
FOLD	3613	3604	3604	2773206	2773206	0	285562
FOLD	3614	3605	3605	2773974	2773974	0	285673
FOLD	3615	3606	3606	2774745	2774745	0	285758
FOLD	3616	3607	3607	2775513	2775513	0	285843
FOLD	3617	3608	3608	2776284	2776284	0	285948
FOLD	3618	3609	3609	2777052	2777052	0	286064
FOLD	3619	3610	3610	2777823	2777823	0	286200
FOLD	3620	3611	3611	2778591	2778591	0	286297
FOLD	3621	3612	3612	2779362	2779362	0	286406
FOLD	3622	3613	3613	2780130	2780130	0	286521
FOLD	3623	3614	3614	2780901	2780901	0	286630
FOLD	3624	3615	3615	2781669	2781669	0	286765
FOLD	3625	3616	3616	2782440	2782440	0	286870
FOLD	3626	3617	3617	2783208	2783208	0	286980
FOLD	3627	3618	3618	2783979	2783979	0	287075
FOLD	3628	3619	3619	2784747	2784747	0	287160
FOLD	3629	3620	3620	2785518	2785518	0	287245
FOLD	3630	3621	3621	2786286	2786286	0	287333
FOLD	3631	3622	3622	2787057	2787057	0	287447
FOLD	3632	3623	3623	2787825	2787825	0	287545
FOLD	3633	3624	3624	2788596	2788596	0	287636
FOLD	3634	3625	3625	2789364	2789364	0	287753
FOLD	3635	3626	3626	2790135	2790135	0	287883
FOLD	3636	3627	3627	2790903	2790903	0	287984
FOLD	3637	3628	3628	2791674	2791674	0	288070
FOLD	3638	3629	3629	2792442	2792442	0	288178
FOLD	3639	3630	3630	2793213	2793213	0	288281
FOLD	3640	3631	3631	2793981	2793981	0	288384
FOLD	3641	3632	3632	2794752	2794752	0	288477
FOLD	3642	3633	3633	2795520	2795520	0	288566
FOLD	3643	3634	3634	2796291	2796291	0	288653
FOLD	3644	3635	3635	2797059	2797059	0	288809
FOLD	3645	3636	3636	2797830	2797830	0	288955
FOLD	3646	3637	3637	2798598	2798598	0	289045
FOLD	3647	3638	3638	2799369	2799369	0	289129
FOLD	3648	3639	3639	2800137	2800137	0	289213
FOLD	3649	3640	3640	2800908	2800908	0	289293
FOLD	3650	3641	3641	2801676	2801676	0	289379
FOLD	3651	3642	3642	2802447	2802447	0	289470
FOLD	3652	3643	3643	2803215	2803215	0	289554
FOLD	3653	3644	3644	2803986	2803986	0	289661
FOLD	3654	3645	3645	2804754	2804754	0	289763
FOLD	3655	3646	3646	2805525	2805525	0	289876
FOLD	3656	3647	3647	2806293	2806293	0	289967
FOLD	3657	3648	3648	2807064	2807064	0	290050
FOLD	3658	3649	3649	2807832	2807832	0	290143
FOLD	3659	3650	3650	2808603	2808603	0	290265
FOLD	3660	3651	3651	2809371	2809371	0	290376
FOLD	3661	3652	3652	2810142	2810142	0	290480
FOLD	3662	3653	3653	2810910	2810910	0	290580
FOLD	3663	3654	3654	2811681	2811681	0	290682
FOLD	3664	3655	3655	2812449	2812449	0	290790
FOLD	3665	3656	3656	2813220	2813220	0	290889
FOLD	3666	3657	3657	2813988	2813988	0	290991
FOLD	3667	3658	3658	2814759	2814759	0	291097
FOLD	3668	3659	3659	2815527	2815527	0	291231
FOLD	3669	3660	3660	2816298	2816298	0	291393
FOLD	3672	3661	3661	2817069	2817069	0	292036
FOLD	3675	3662	3662	2817840	2817840	0	292345
FOLD	3676	3663	3663	2818608	2818608	0	292403
FOLD	3677	3664	3664	2819376	2819376	0	292519
FOLD	3678	3665	3665	2820147	2820147	0	292634
FOLD	3687	3666	3666	2820915	2820915	0	293333
FOLD	3688	3667	3667	2821686	2821686	0	293388
FOLD	3689	3668	3668	2822454	2822454	0	293604
FOLD	3690	3669	3669	2823225	2823225	0	293736
FOLD	3691	3670	3670	2823993	2823993	0	293802
FOLD	3694	3671	3671	2824761	2824761	0	294073
FOLD	3701	3672	3672	2825532	2825532	0	294578
FOLD	3702	3673	3673	2826303	2826303	0	294684
FOLD	3703	3674	3674	2827071	2827071	0	294777
FOLD	3704	3675	3675	2827842	2827842	0	294933
FOLD	3705	3676	3676	2828610	2828610	0	295133
FOLD	3706	3677	3677	2829381	2829381	0	295245
FOLD	3715	3678	3678	2830149	2830149	0	296542
FOLD	3716	3679	3679	2830920	2830920	0	296626
FOLD	3717	3680	3680	2831688	2831688	0	296733
FOLD	3718	3681	3681	2832459	2832459	0	296842
FOLD	3719	3682	3682	2833227	2833227	0	296944
FOLD	3722	3683	3683	2833995	2833995	0	297215
FOLD	3723	3684	3684	2834763	2834763	0	297309
FOLD	3726	3685	3685	2835531	2835531	0	298091
FOLD	3727	3686	3686	2836299	2836299	0	298186
FOLD	3728	3687	3687	2837070	2837070	0	298285
FOLD	3729	3688	3688	2837838	2837838	0	298394
FOLD	3730	3689	3689	2838609	2838609	0	298605
FOLD	3731	3690	3690	2839377	2839377	0	298700
FOLD	3732	3691	3691	2840148	2840148	0	298805
FOLD	3733	3692	3692	2840916	2840916	0	298969
FOLD	3734	3693	3693	2841687	2841687	0	299123
FOLD	3735	3694	3694	2842455	2842455	0	299225
FOLD	3736	3695	3695	2843226	2843226	0	299317
FOLD	3737	3696	3696	2843994	2843994	0	299431
FOLD	3738	3697	3697	2844765	2844765	0	299540
FOLD	3739	3698	3698	2845533	2845533	0	299736
FOLD	3740	3699	3699	2846304	2846304	0	299854
FOLD	3741	3700	3700	2847072	2847072	0	299965
FOLD	3742	3701	3701	2847843	2847843	0	300084
FOLD	3743	3702	3702	2848611	2848611	0	300178
FOLD	3744	3703	3703	2849382	2849382	0	300269
FOLD	3745	3704	3704	2850150	2850150	0	300380
FOLD	3746	3705	3705	2850921	2850921	0	300539
FOLD	3747	3706	3706	2851689	2851689	0	300633
FOLD	3748	3707	3707	2852460	2852460	0	300724
FOLD	3749	3708	3708	2853228	2853228	0	300838
FOLD	3750	3709	3709	2853999	2853999	0	300947
FOLD	3751	3710	3710	2854767	2854767	0	301040
FOLD	3752	3711	3711	2855538	2855538	0	301130
FOLD	3753	3712	3712	2856306	2856306	0	301357
FOLD	3754	3713	3713	2857077	2857077	0	301494
FOLD	3755	3714	3714	2857845	2857845	0	301661
FOLD	3756	3715	3715	2858616	2858616	0	301782
FOLD	3757	3716	3716	2859384	2859384	0	301894
FOLD	3758	3717	3717	2860155	2860155	0	302005
FOLD	3759	3718	3718	2860923	2860923	0	302158
FOLD	3760	3719	3719	2861694	2861694	0	302284
FOLD	3761	3720	3720	2862462	2862462	0	302428
FOLD	3762	3721	3721	2863233	2863233	0	302585
FOLD	3763	3722	3722	2864001	2864001	0	302703
FOLD	3764	3723	3723	2864772	2864772	0	302797
FOLD	3765	3724	3724	2865540	2865540	0	302907
FOLD	3766	3725	3725	2866311	2866311	0	303016
FOLD	3767	3726	3726	2867079	2867079	0	303122
FOLD	3768	3727	3727	2867850	2867850	0	303216
FOLD	3769	3728	3728	2868618	2868618	0	303323
FOLD	3770	3729	3729	2869389	2869389	0	303491
FOLD	3771	3730	3730	2870157	2870157	0	303586
FOLD	3772	3731	3731	2870928	2870928	0	303710
FOLD	3773	3732	3732	2871696	2871696	0	303848
FOLD	3774	3733	3733	2872467	2872467	0	303959
FOLD	3775	3734	3734	2873235	2873235	0	304064
FOLD	3776	3735	3735	2874006	2874006	0	304179
FOLD	3777	3736	3736	2874774	2874774	0	304292
FOLD	3778	3737	3737	2875545	2875545	0	304445
FOLD	3779	3738	3738	2876313	2876313	0	304538
FOLD	3780	3739	3739	2877084	2877084	0	304705
FOLD	3781	3740	3740	2877852	2877852	0	304827
FOLD	3782	3741	3741	2878623	2878623	0	304940
FOLD	3783	3742	3742	2879391	2879391	0	305051
FOLD	3784	3743	3743	2880162	2880162	0	305182
FOLD	3785	3744	3744	2880930	2880930	0	305360
FOLD	3786	3745	3745	2881701	2881701	0	305492
FOLD	3787	3746	3746	2882469	2882469	0	305586
FOLD	3788	3747	3747	2883240	2883240	0	305677
FOLD	3789	3748	3748	2884008	2884008	0	305785
FOLD	3790	3749	3749	2884779	2884779	0	305895
FOLD	3791	3750	3750	2885547	2885547	0	305989
FOLD	3792	3751	3751	2886318	2886318	0	306078
FOLD	3793	3752	3752	2887086	2887086	0	306185
FOLD	3794	3753	3753	2887857	2887857	0	306337
FOLD	3795	3754	3754	2888625	2888625	0	306444
FOLD	3796	3755	3755	2889396	2889396	0	306565
FOLD	3797	3756	3756	2890164	2890164	0	306704
FOLD	3798	3757	3757	2890935	2890935	0	306834
FOLD	3799	3758	3758	2891703	2891703	0	306943
FOLD	3800	3759	3759	2892474	2892474	0	307066
FOLD	3801	3760	3760	2893242	2893242	0	307234
FOLD	3802	3761	3761	2894013	2894013	0	307357
FOLD	3803	3762	3762	2894781	2894781	0	307508
FOLD	3804	3763	3763	2895552	2895552	0	307602
FOLD	3805	3764	3764	2896320	2896320	0	307753
FOLD	3806	3765	3765	2897091	2897091	0	307849
FOLD	3807	3766	3766	2897859	2897859	0	307943
FOLD	3808	3767	3767	2898630	2898630	0	308032
FOLD	3809	3768	3768	2899398	2899398	0	308125
FOLD	3810	3769	3769	2900169	2900169	0	308255
FOLD	3811	3770	3770	2900937	2900937	0	308389
FOLD	3812	3771	3771	2901708	2901708	0	308547
FOLD	3813	3772	3772	2902476	2902476	0	308668
FOLD	3814	3773	3773	2903247	2903247	0	308790
FOLD	3815	3774	3774	2904015	2904015	0	308883
FOLD	3816	3775	3775	2904786	2904786	0	308972
FOLD	3817	3776	3776	2905554	2905554	0	309094
FOLD	3818	3777	3777	2906325	2906325	0	309188
FOLD	3819	3778	3778	2907093	2907093	0	309279
FOLD	3820	3779	3779	2907864	2907864	0	309369
FOLD	3821	3780	3780	2908632	2908632	0	309461
FOLD	3822	3781	3781	2909403	2909403	0	309552
FOLD	3823	3782	3782	2910171	2910171	0	309690
FOLD	3824	3783	3783	2910942	2910942	0	309918
FOLD	3825	3784	3784	2911710	2911710	0	310064
FOLD	3826	3785	3785	2912481	2912481	0	310179
FOLD	3827	3786	3786	2913249	2913249	0	310270
FOLD	3828	3787	3787	2914020	2914020	0	310359
FOLD	3829	3788	3788	2914788	2914788	0	310459
FOLD	3830	3789	3789	2915559	2915559	0	310550
FOLD	3831	3790	3790	2916327	2916327	0	310675
FOLD	3832	3791	3791	2917098	2917098	0	310788
FOLD	3833	3792	3792	2917866	2917866	0	310886
FOLD	3834	3793	3793	2918637	2918637	0	310991
FOLD	3835	3794	3794	2919405	2919405	0	311084
FOLD	3836	3795	3795	2920176	2920176	0	311175
FOLD	3837	3796	3796	2920944	2920944	0	311301
FOLD	3838	3797	3797	2921715	2921715	0	311416
FOLD	3839	3798	3798	2922483	2922483	0	311511
FOLD	3840	3799	3799	2923254	2923254	0	311608
FOLD	3841	3800	3800	2924022	2924022	0	311765
FOLD	3842	3801	3801	2924793	2924793	0	312031
FOLD	3843	3802	3802	2925561	2925561	0	312126
FOLD	3844	3803	3803	2926332	2926332	0	312265
FOLD	3845	3804	3804	2927100	2927100	0	312399
FOLD	3846	3805	3805	2927871	2927871	0	312492
FOLD	3847	3806	3806	2928639	2928639	0	312595
FOLD	3848	3807	3807	2929410	2929410	0	312709
FOLD	3849	3808	3808	2930178	2930178	0	312821
FOLD	3850	3809	3809	2930949	2930949	0	312963
FOLD	3851	3810	3810	2931717	2931717	0	313079
FOLD	3852	3811	3811	2932488	2932488	0	313231
FOLD	3853	3812	3812	2933256	2933256	0	313328
FOLD	3854	3813	3813	2934027	2934027	0	313452
FOLD	3855	3814	3814	2934795	2934795	0	313567
FOLD	3856	3815	3815	2935566	2935566	0	313659
FOLD	3857	3816	3816	2936334	2936334	0	313760
FOLD	3858	3817	3817	2937105	2937105	0	313909
FOLD	3859	3818	3818	2937873	2937873	0	314002
FOLD	3860	3819	3819	2938644	2938644	0	314092
FOLD	3861	3820	3820	2939412	2939412	0	314209
FOLD	3862	3821	3821	2940183	2940183	0	314306
FOLD	3863	3822	3822	2940951	2940951	0	314398
FOLD	3864	3823	3823	2941722	2941722	0	314489
FOLD	3865	3824	3824	2942490	2942490	0	314582
FOLD	3866	3825	3825	2943261	2943261	0	314702
FOLD	3867	3826	3826	2944029	2944029	0	314798
FOLD	3868	3827	3827	2944800	2944800	0	314896
FOLD	3869	3828	3828	2945568	2945568	0	314994
FOLD	3870	3829	3829	2946339	2946339	0	315086
FOLD	3871	3830	3830	2947107	2947107	0	315176
FOLD	3872	3831	3831	2947878	2947878	0	315265
FOLD	3873	3832	3832	2948646	2948646	0	315393
FOLD	3874	3833	3833	2949417	2949417	0	315528
FOLD	3875	3834	3834	2950185	2950185	0	315620
FOLD	3876	3835	3835	2950956	2950956	0	315817
FOLD	3877	3836	3836	2951724	2951724	0	315920
FOLD	3878	3837	3837	2952495	2952495	0	316013
FOLD	3879	3838	3838	2953263	2953263	0	316218
FOLD	3880	3839	3839	2954034	2954034	0	316355
FOLD	3881	3840	3840	2954802	2954802	0	316450
FOLD	3882	3841	3841	2955573	2955573	0	316555
FOLD	3883	3842	3842	2956341	2956341	0	316660
FOLD	3884	3843	3843	2957112	2957112	0	316773
FOLD	3885	3844	3844	2957880	2957880	0	316866
FOLD	3886	3845	3845	2958651	2958651	0	316963
FOLD	3887	3846	3846	2959419	2959419	0	317050
FOLD	3888	3847	3847	2960190	2960190	0	317170
FOLD	3889	3848	3848	2960958	2960958	0	317285
FOLD	3890	3849	3849	2961729	2961729	0	317375
FOLD	3891	3850	3850	2962497	2962497	0	317464
FOLD	3892	3851	3851	2963268	2963268	0	317558
FOLD	3893	3852	3852	2964036	2964036	0	317681
FOLD	3894	3853	3853	2964807	2964807	0	317794
FOLD	3895	3854	3854	2965575	2965575	0	317884
FOLD	3896	3855	3855	2966346	2966346	0	317996
FOLD	3897	3856	3856	2967114	2967114	0	318090
FOLD	3898	3857	3857	2967885	2967885	0	318178
FOLD	3899	3858	3858	2968653	2968653	0	318264
FOLD	3900	3859	3859	2969424	2969424	0	318351
FOLD	3901	3860	3860	2970192	2970192	0	318464
FOLD	3902	3861	3861	2970963	2970963	0	318558
FOLD	3903	3862	3862	2971731	2971731	0	318646
FOLD	3904	3863	3863	2972502	2972502	0	318734
FOLD	3905	3864	3864	2973270	2973270	0	318911
FOLD	3906	3865	3865	2974041	2974041	0	319007
FOLD	3907	3866	3866	2974809	2974809	0	319097
FOLD	3908	3867	3867	2975580	2975580	0	319183
FOLD	3909	3868	3868	2976348	2976348	0	319229
FOLD	3910	3869	3869	2977116	2977116	0	319321
FOLD	3911	3870	3870	2977887	2977887	0	319413
FOLD	3914	3871	3871	2978658	2978658	0	319629
FOLD	3917	3872	3872	2979429	2979429	0	320205
FOLD	3918	3873	3873	2980197	2980197	0	320273
FOLD	3919	3874	3874	2980968	2980968	0	320356
FOLD	3920	3875	3875	2981736	2981736	0	320474
FOLD	3921	3876	3876	2982507	2982507	0	320573
FOLD	3930	3877	3877	2983275	2983275	0	321167
FOLD	3931	3878	3878	2984046	2984046	0	321225
FOLD	3932	3879	3879	2984814	2984814	0	321318
FOLD	3933	3880	3880	2985585	2985585	0	321410
FOLD	3934	3881	3881	2986353	2986353	0	321497
FOLD	3937	3882	3882	2987121	2987121	0	321866
FOLD	3944	3883	3883	2987892	2987892	0	322448
FOLD	3945	3884	3884	2988663	2988663	0	322545
FOLD	3946	3885	3885	2989431	2989431	0	322625
FOLD	3947	3886	3886	2990202	2990202	0	322751
FOLD	3948	3887	3887	2990970	2990970	0	322842
FOLD	3949	3888	3888	2991741	2991741	0	322936
FOLD	3958	3889	3889	2992509	2992509	0	327062
FOLD	3959	3890	3890	2993280	2993280	0	327198
FOLD	3960	3891	3891	2994048	2994048	0	327420
FOLD	3961	3892	3892	2994819	2994819	0	327557
FOLD	3962	3893	3893	2995587	2995587	0	327660
FOLD	3965	3894	3894	2996355	2996355	0	327963
FOLD	3966	3895	3895	2997123	2997123	0	328057
FOLD	3969	3896	3896	2997891	2997891	0	328853
FOLD	3970	3897	3897	2998659	2998659	0	328950
FOLD	3971	3898	3898	2999430	2999430	0	329043
FOLD	3972	3899	3899	3000198	3000198	0	329134
FOLD	3973	3900	3900	3000969	3000969	0	329227
FOLD	3974	3901	3901	3001737	3001737	0	329321
FOLD	3975	3902	3902	3002508	3002508	0	329413
FOLD	3976	3903	3903	3003276	3003276	0	329507
FOLD	3977	3904	3904	3004047	3004047	0	329601
FOLD	3978	3905	3905	3004815	3004815	0	329733
FOLD	3979	3906	3906	3005586	3005586	0	329831
FOLD	3980	3907	3907	3006354	3006354	0	329923
FOLD	3981	3908	3908	3007125	3007125	0	330156
FOLD	3982	3909	3909	3007893	3007893	0	330251
FOLD	3983	3910	3910	3008664	3008664	0	330345
FOLD	3984	3911	3911	3009432	3009432	0	330456
FOLD	3985	3912	3912	3010203	3010203	0	330607
FOLD	3986	3913	3913	3010971	3010971	0	330705
FOLD	3987	3914	3914	3011742	3011742	0	330799
FOLD	3988	3915	3915	3012510	3012510	0	330891
FOLD	3989	3916	3916	3013281	3013281	0	330985
FOLD	3990	3917	3917	3014049	3014049	0	331077
FOLD	3991	3918	3918	3014820	3014820	0	331171
FOLD	3992	3919	3919	3015588	3015588	0	331266
FOLD	3993	3920	3920	3016359	3016359	0	331358
FOLD	3994	3921	3921	3017127	3017127	0	331457
FOLD	3995	3922	3922	3017898	3017898	0	331551
FOLD	3996	3923	3923	3018666	3018666	0	331642
FOLD	3997	3924	3924	3019437	3019437	0	331745
FOLD	3998	3925	3925	3020205	3020205	0	331841
FOLD	3999	3926	3926	3020976	3020976	0	332057
FOLD	4000	3927	3927	3021744	3021744	0	332179
FOLD	4001	3928	3928	3022515	3022515	0	332310
FOLD	4002	3929	3929	3023283	3023283	0	332452
FOLD	4003	3930	3930	3024054	3024054	0	332567
FOLD	4004	3931	3931	3024822	3024822	0	332665
FOLD	4005	3932	3932	3025593	3025593	0	332758
FOLD	4006	3933	3933	3026361	3026361	0	332850
FOLD	4007	3934	3934	3027132	3027132	0	332944
FOLD	4008	3935	3935	3027900	3027900	0	333035
FOLD	4009	3936	3936	3028671	3028671	0	333153
FOLD	4010	3937	3937	3029439	3029439	0	333248
FOLD	4011	3938	3938	3030210	3030210	0	333342
FOLD	4012	3939	3939	3030978	3030978	0	333452
FOLD	4013	3940	3940	3031749	3031749	0	333547
FOLD	4014	3941	3941	3032517	3032517	0	333640
FOLD	4015	3942	3942	3033288	3033288	0	333739
FOLD	4016	3943	3943	3034056	3034056	0	333833
FOLD	4017	3944	3944	3034827	3034827	0	333966
FOLD	4018	3945	3945	3035595	3035595	0	334062
FOLD	4019	3946	3946	3036366	3036366	0	334213
FOLD	4020	3947	3947	3037134	3037134	0	334334
FOLD	4021	3948	3948	3037905	3037905	0	334433
FOLD	4022	3949	3949	3038673	3038673	0	334570
FOLD	4023	3950	3950	3039444	3039444	0	334689
FOLD	4024	3951	3951	3040212	3040212	0	334823
FOLD	4025	3952	3952	3040983	3040983	0	334934
FOLD	4026	3953	3953	3041751	3041751	0	335030
FOLD	4027	3954	3954	3042522	3042522	0	335123
FOLD	4028	3955	3955	3043290	3043290	0	335215
FOLD	4029	3956	3956	3044061	3044061	0	335310
FOLD	4030	3957	3957	3044829	3044829	0	335407
FOLD	4031	3958	3958	3045600	3045600	0	335501
FOLD	4032	3959	3959	3046368	3046368	0	335593
FOLD	4033	3960	3960	3047139	3047139	0	335750
FOLD	4034	3961	3961	3047907	3047907	0	335866
FOLD	4035	3962	3962	3048678	3048678	0	335960
FOLD	4036	3963	3963	3049446	3049446	0	336075
FOLD	4037	3964	3964	3050217	3050217	0	336210
FOLD	4038	3965	3965	3050985	3050985	0	336318
FOLD	4039	3966	3966	3051756	3051756	0	336415
FOLD	4040	3967	3967	3052524	3052524	0	336536
FOLD	4041	3968	3968	3053295	3053295	0	336631
FOLD	4042	3969	3969	3054063	3054063	0	336761
FOLD	4043	3970	3970	3054834	3054834	0	336877
FOLD	4044	3971	3971	3055602	3055602	0	336976
FOLD	4045	3972	3972	3056373	3056373	0	337090
FOLD	4046	3973	3973	3057141	3057141	0	337195
FOLD	4047	3974	3974	3057912	3057912	0	337313
FOLD	4048	3975	3975	3058680	3058680	0	337413
FOLD	4049	3976	3976	3059451	3059451	0	337531
FOLD	4050	3977	3977	3060219	3060219	0	337625
FOLD	4051	3978	3978	3060990	3060990	0	337717
FOLD	4052	3979	3979	3061758	3061758	0	337827
FOLD	4053	3980	3980	3062529	3062529	0	337924
FOLD	4054	3981	3981	3063297	3063297	0	338037
FOLD	4055	3982	3982	3064068	3064068	0	338135
FOLD	4056	3983	3983	3064836	3064836	0	338232
FOLD	4057	3984	3984	3065607	3065607	0	338325
FOLD	4058	3985	3985	3066375	3066375	0	338444
FOLD	4059	3986	3986	3067146	3067146	0	338555
FOLD	4060	3987	3987	3067914	3067914	0	338658
FOLD	4061	3988	3988	3068685	3068685	0	338750
FOLD	4062	3989	3989	3069453	3069453	0	338842
FOLD	4063	3990	3990	3070224	3070224	0	338971
FOLD	4064	3991	3991	3070992	3070992	0	339108
FOLD	4065	3992	3992	3071763	3071763	0	339220
FOLD	4066	3993	3993	3072531	3072531	0	339326
FOLD	4067	3994	3994	3073302	3073302	0	339451
FOLD	4068	3995	3995	3074070	3074070	0	339548
FOLD	4069	3996	3996	3074841	3074841	0	339648
FOLD	4070	3997	3997	3075609	3075609	0	339745
FOLD	4071	3998	3998	3076380	3076380	0	339893
FOLD	4072	3999	3999	3077148	3077148	0	340001
FOLD	4073	4000	4000	3077919	3077919	0	340123
FOLD	4074	4001	4001	3078687	3078687	0	340218
FOLD	4075	4002	4002	3079458	3079458	0	340313
FOLD	4076	4003	4003	3080226	3080226	0	340447
FOLD	4077	4004	4004	3080997	3080997	0	340552
FOLD	4078	4005	4005	3081765	3081765	0	340645
FOLD	4079	4006	4006	3082536	3082536	0	340743
FOLD	4080	4007	4007	3083304	3083304	0	340938
FOLD	4081	4008	4008	3084075	3084075	0	341147
FOLD	4082	4009	4009	3084843	3084843	0	341242
FOLD	4083	4010	4010	3085614	3085614	0	341355
FOLD	4084	4011	4011	3086382	3086382	0	341470
FOLD	4085	4012	4012	3087153	3087153	0	341587
FOLD	4086	4013	4013	3087921	3087921	0	341743
FOLD	4087	4014	4014	3088692	3088692	0	341890
FOLD	4088	4015	4015	3089460	3089460	0	342053
FOLD	4089	4016	4016	3090231	3090231	0	342188
FOLD	4090	4017	4017	3090999	3090999	0	342318
FOLD	4091	4018	4018	3091770	3091770	0	342447
FOLD	4092	4019	4019	3092538	3092538	0	342590
FOLD	4093	4020	4020	3093309	3093309	0	342711
FOLD	4094	4021	4021	3094077	3094077	0	342842
FOLD	4095	4022	4022	3094848	3094848	0	342942
FOLD	4096	4023	4023	3095616	3095616	0	343040
FOLD	4097	4024	4024	3096387	3096387	0	343179
FOLD	4098	4025	4025	3097155	3097155	0	343278
FOLD	4099	4026	4026	3097926	3097926	0	343371
FOLD	4100	4027	4027	3098694	3098694	0	343497
FOLD	4101	4028	4028	3099465	3099465	0	343594
FOLD	4102	4029	4029	3100233	3100233	0	343817
FOLD	4103	4030	4030	3101004	3101004	0	343931
FOLD	4104	4031	4031	3101772	3101772	0	344036
FOLD	4105	4032	4032	3102543	3102543	0	344133
FOLD	4106	4033	4033	3103311	3103311	0	344232
FOLD	4107	4034	4034	3104082	3104082	0	344387
FOLD	4108	4035	4035	3104850	3104850	0	344509
FOLD	4109	4036	4036	3105621	3105621	0	344626
FOLD	4110	4037	4037	3106389	3106389	0	344741
FOLD	4111	4038	4038	3107160	3107160	0	344835
FOLD	4112	4039	4039	3107928	3107928	0	344932
FOLD	4113	4040	4040	3108699	3108699	0	345332
FOLD	4114	4041	4041	3109467	3109467	0	345435
FOLD	4115	4042	4042	3110238	3110238	0	345570
FOLD	4116	4043	4043	3111006	3111006	0	345667
FOLD	4117	4044	4044	3111777	3111777	0	345759
FOLD	4118	4045	4045	3112545	3112545	0	345849
FOLD	4119	4046	4046	3113316	3113316	0	345937
FOLD	4120	4047	4047	3114084	3114084	0	346031
FOLD	4121	4048	4048	3114855	3114855	0	346139
FOLD	4122	4049	4049	3115623	3115623	0	346259
FOLD	4123	4050	4050	3116394	3116394	0	346358
FOLD	4124	4051	4051	3117162	3117162	0	346451
FOLD	4125	4052	4052	3117933	3117933	0	346542
FOLD	4126	4053	4053	3118701	3118701	0	346632
FOLD	4127	4054	4054	3119472	3119472	0	346723
FOLD	4128	4055	4055	3120240	3120240	0	346855
FOLD	4129	4056	4056	3121011	3121011	0	346975
FOLD	4130	4057	4057	3121779	3121779	0	347069
FOLD	4131	4058	4058	3122550	3122550	0	347200
FOLD	4132	4059	4059	3123318	3123318	0	347315
FOLD	4133	4060	4060	3124089	3124089	0	347444
FOLD	4134	4061	4061	3124857	3124857	0	347561
FOLD	4135	4062	4062	3125628	3125628	0	347669
FOLD	4136	4063	4063	3126396	3126396	0	347765
FOLD	4137	4064	4064	3127167	3127167	0	347858
FOLD	4138	4065	4065	3127935	3127935	0	347956
FOLD	4139	4066	4066	3128706	3128706	0	348049
FOLD	4140	4067	4067	3129474	3129474	0	348141
FOLD	4141	4068	4068	3130245	3130245	0	348266
FOLD	4142	4069	4069	3131013	3131013	0	348386
FOLD	4143	4070	4070	3131784	3131784	0	348491
FOLD	4144	4071	4071	3132552	3132552	0	348888
FOLD	4145	4072	4072	3133323	3133323	0	348986
FOLD	4146	4073	4073	3134091	3134091	0	349098
FOLD	4147	4074	4074	3134862	3134862	0	349196
FOLD	4148	4075	4075	3135630	3135630	0	349248
FOLD	4149	4076	4076	3136398	3136398	0	349408
FOLD	4150	4077	4077	3137169	3137169	0	349674
FOLD	4151	4078	4078	3137937	3137937	0	349738
FOLD	4152	4079	4079	3138705	3138705	0	349936
FOLD	4153	4080	4080	3139476	3139476	0	350033
FOLD	4156	4081	4081	3140247	3140247	0	350267
FOLD	4159	4082	4082	3141018	3141018	0	350496
FOLD	4160	4083	4083	3141789	3141789	0	350594
FOLD	4161	4084	4084	3142557	3142557	0	350657
FOLD	4162	4085	4085	3143328	3143328	0	350765
FOLD	4163	4086	4086	3144096	3144096	0	350868
FOLD	4164	4087	4087	3144867	3144867	0	350983
FOLD	4173	4088	4088	3145635	3145635	0	351848
FOLD	4174	4089	4089	3146406	3146406	0	351917
FOLD	4175	4090	4090	3147174	3147174	0	352014
FOLD	4176	4091	4091	3147945	3147945	0	352114
FOLD	4177	4092	4092	3148713	3148713	0	352183
FOLD	4180	4093	4093	3149481	3149481	0	352422
FOLD	4187	4094	4094	3150252	3150252	0	352930
FOLD	4188	4095	4095	3151023	3151023	0	353255
FOLD	4189	4096	4096	3151791	3151791	0	353345
FOLD	4190	4097	4097	3152562	3152562	0	353477
FOLD	4191	4098	4098	3153330	3153330	0	353597
FOLD	4192	4099	4099	3154101	3154101	0	353743
FOLD	4201	4100	4100	3154869	3154869	0	354792
FOLD	4202	4101	4101	3155640	3155640	0	354887
FOLD	4203	4102	4102	3156408	3156408	0	354994
FOLD	4204	4103	4103	3157179	3157179	0	355096
FOLD	4205	4104	4104	3157947	3157947	0	355193
FOLD	4208	4105	4105	3158715	3158715	0	355562
FOLD	4209	4106	4106	3159483	3159483	0	355702
FOLD	4212	4107	4107	3160251	3160251	0	356715
FOLD	4213	4108	4108	3161019	3161019	0	356817
FOLD	4214	4109	4109	3161790	3161790	0	356912
FOLD	4215	4110	4110	3162558	3162558	0	357012
FOLD	4216	4111	4111	3163329	3163329	0	357110
FOLD	4217	4112	4112	3164097	3164097	0	357207
FOLD	4218	4113	4113	3164868	3164868	0	357304
FOLD	4219	4114	4114	3165636	3165636	0	357399
FOLD	4220	4115	4115	3166407	3166407	0	357498
FOLD	4221	4116	4116	3167175	3167175	0	357625
FOLD	4222	4117	4117	3167946	3167946	0	357725
FOLD	4223	4118	4118	3168714	3168714	0	357821
FOLD	4224	4119	4119	3169485	3169485	0	357988
FOLD	4225	4120	4120	3170253	3170253	0	358110
FOLD	4226	4121	4121	3171024	3171024	0	358219
FOLD	4227	4122	4122	3171792	3171792	0	358315
FOLD	4228	4123	4123	3172563	3172563	0	358413
FOLD	4229	4124	4124	3173331	3173331	0	358543
FOLD	4230	4125	4125	3174102	3174102	0	358647
FOLD	4231	4126	4126	3174870	3174870	0	358855
FOLD	4232	4127	4127	3175641	3175641	0	358975
FOLD	4233	4128	4128	3176409	3176409	0	359073
FOLD	4234	4129	4129	3177180	3177180	0	359171
FOLD	4235	4130	4130	3177948	3177948	0	359267
FOLD	4236	4131	4131	3178719	3178719	0	359367
FOLD	4237	4132	4132	3179487	3179487	0	359470
FOLD	4238	4133	4133	3180258	3180258	0	359595
FOLD	4239	4134	4134	3181026	3181026	0	359767
FOLD	4240	4135	4135	3181797	3181797	0	359919
FOLD	4241	4136	4136	3182565	3182565	0	360049
FOLD	4242	4137	4137	3183336	3183336	0	360178
FOLD	4243	4138	4138	3184104	3184104	0	360279
FOLD	4244	4139	4139	3184875	3184875	0	360401
FOLD	4245	4140	4140	3185643	3185643	0	360522
FOLD	4246	4141	4141	3186414	3186414	0	360654
FOLD	4247	4142	4142	3187182	3187182	0	360752
FOLD	4248	4143	4143	3187953	3187953	0	360877
FOLD	4249	4144	4144	3188721	3188721	0	360976
FOLD	4250	4145	4145	3189492	3189492	0	361075
FOLD	4251	4146	4146	3190260	3190260	0	361194
FOLD	4252	4147	4147	3191031	3191031	0	361295
FOLD	4253	4148	4148	3191799	3191799	0	361394
FOLD	4254	4149	4149	3192570	3192570	0	361492
FOLD	4255	4150	4150	3193338	3193338	0	361592
FOLD	4256	4151	4151	3194109	3194109	0	361735
FOLD	4257	4152	4152	3194877	3194877	0	361835
FOLD	4258	4153	4153	3195648	3195648	0	361960
FOLD	4259	4154	4154	3196416	3196416	0	362059
FOLD	4260	4155	4155	3197187	3197187	0	362158
FOLD	4261	4156	4156	3197955	3197955	0	362333
FOLD	4262	4157	4157	3198726	3198726	0	362465
FOLD	4263	4158	4158	3199494	3199494	0	362611
FOLD	4264	4159	4159	3200265	3200265	0	362731
FOLD	4265	4160	4160	3201033	3201033	0	362829
FOLD	4266	4161	4161	3201804	3201804	0	362927
FOLD	4267	4162	4162	3202572	3202572	0	363024
FOLD	4268	4163	4163	3203343	3203343	0	363125
FOLD	4269	4164	4164	3204111	3204111	0	363223
FOLD	4270	4165	4165	3204882	3204882	0	363321
FOLD	4271	4166	4166	3205650	3205650	0	363423
FOLD	4272	4167	4167	3206421	3206421	0	363569
FOLD	4273	4168	4168	3207189	3207189	0	363677
FOLD	4274	4169	4169	3207960	3207960	0	363775
FOLD	4275	4170	4170	3208728	3208728	0	363928
FOLD	4276	4171	4171	3209499	3209499	0	364044
FOLD	4277	4172	4172	3210267	3210267	0	364388
FOLD	4278	4173	4173	3211038	3211038	0	364548
FOLD	4279	4174	4174	3211806	3211806	0	364680
FOLD	4280	4175	4175	3212577	3212577	0	364782
FOLD	4281	4176	4176	3213345	3213345	0	364901
FOLD	4282	4177	4177	3214116	3214116	0	365042
FOLD	4283	4178	4178	3214884	3214884	0	365145
FOLD	4284	4179	4179	3215655	3215655	0	365243
FOLD	4285	4180	4180	3216423	3216423	0	365341
FOLD	4286	4181	4181	3217194	3217194	0	365439
FOLD	4287	4182	4182	3217962	3217962	0	365538
FOLD	4288	4183	4183	3218733	3218733	0	365665
FOLD	4289	4184	4184	3219501	3219501	0	365765
FOLD	4290	4185	4185	3220272	3220272	0	365890
FOLD	4291	4186	4186	3221040	3221040	0	366054
FOLD	4292	4187	4187	3221811	3221811	0	366155
FOLD	4293	4188	4188	3222579	3222579	0	366269
FOLD	4294	4189	4189	3223350	3223350	0	366400
FOLD	4295	4190	4190	3224118	3224118	0	366504
FOLD	4296	4191	4191	3224889	3224889	0	366603
FOLD	4297	4192	4192	3225657	3225657	0	366700
FOLD	4298	4193	4193	3226428	3226428	0	366807
FOLD	4299	4194	4194	3227196	3227196	0	366943
FOLD	4300	4195	4195	3227967	3227967	0	367047
FOLD	4301	4196	4196	3228735	3228735	0	367146
FOLD	4302	4197	4197	3229506	3229506	0	367277
FOLD	4303	4198	4198	3230274	3230274	0	367434
FOLD	4304	4199	4199	3231045	3231045	0	367579
FOLD	4305	4200	4200	3231813	3231813	0	367770
FOLD	4306	4201	4201	3232584	3232584	0	367902
FOLD	4307	4202	4202	3233352	3233352	0	368029
FOLD	4308	4203	4203	3234123	3234123	0	368129
FOLD	4309	4204	4204	3234891	3234891	0	368229
FOLD	4310	4205	4205	3235662	3235662	0	368325
FOLD	4311	4206	4206	3236430	3236430	0	368424
FOLD	4312	4207	4207	3237201	3237201	0	368519
FOLD	4313	4208	4208	3237969	3237969	0	368616
FOLD	4314	4209	4209	3238740	3238740	0	368713
FOLD	4315	4210	4210	3239508	3239508	0	368841
FOLD	4316	4211	4211	3240279	3240279	0	368977
FOLD	4317	4212	4212	3241047	3241047	0	369078
FOLD	4318	4213	4213	3241818	3241818	0	369201
FOLD	4319	4214	4214	3242586	3242586	0	369358
FOLD	4320	4215	4215	3243357	3243357	0	369604
FOLD	4321	4216	4216	3244125	3244125	0	369733
FOLD	4322	4217	4217	3244896	3244896	0	369866
FOLD	4323	4218	4218	3245664	3245664	0	370007
FOLD	4324	4219	4219	3246435	3246435	0	370168
FOLD	4325	4220	4220	3247203	3247203	0	370448
FOLD	4326	4221	4221	3247974	3247974	0	370570
FOLD	4327	4222	4222	3248742	3248742	0	370674
FOLD	4328	4223	4223	3249513	3249513	0	370775
FOLD	4329	4224	4224	3250281	3250281	0	370871
FOLD	4330	4225	4225	3251052	3251052	0	370998
FOLD	4331	4226	4226	3251820	3251820	0	371158
FOLD	4332	4227	4227	3252591	3252591	0	371259
FOLD	4333	4228	4228	3253359	3253359	0	371359
FOLD	4334	4229	4229	3254130	3254130	0	371462
FOLD	4335	4230	4230	3254898	3254898	0	371564
FOLD	4336	4231	4231	3255669	3255669	0	371755
FOLD	4337	4232	4232	3256437	3256437	0	371858
FOLD	4338	4233	4233	3257208	3257208	0	371956
FOLD	4339	4234	4234	3257976	3257976	0	372077
FOLD	4340	4235	4235	3258747	3258747	0	372180
FOLD	4341	4236	4236	3259515	3259515	0	372305
FOLD	4342	4237	4237	3260286	3260286	0	372426
FOLD	4343	4238	4238	3261054	3261054	0	372551
FOLD	4344	4239	4239	3261825	3261825	0	372674
FOLD	4345	4240	4240	3262593	3262593	0	372772
FOLD	4346	4241	4241	3263364	3263364	0	372867
FOLD	4347	4242	4242	3264132	3264132	0	372968
FOLD	4348	4243	4243	3264903	3264903	0	373069
FOLD	4349	4244	4244	3265671	3265671	0	373166
FOLD	4350	4245	4245	3266442	3266442	0	373306
FOLD	4351	4246	4246	3267210	3267210	0	373410
FOLD	4352	4247	4247	3267981	3267981	0	373532
FOLD	4353	4248	4248	3268749	3268749	0	373637
FOLD	4354	4249	4249	3269520	3269520	0	373734
FOLD	4355	4250	4250	3270288	3270288	0	373836
FOLD	4356	4251	4251	3271059	3271059	0	373970
FOLD	4357	4252	4252	3271827	3271827	0	374083
FOLD	4358	4253	4253	3272598	3272598	0	374179
FOLD	4359	4254	4254	3273366	3273366	0	374276
FOLD	4360	4255	4255	3274137	3274137	0	374371
FOLD	4361	4256	4256	3274905	3274905	0	374466
FOLD	4362	4257	4257	3275676	3275676	0	374560
FOLD	4363	4258	4258	3276444	3276444	0	374683
FOLD	4364	4259	4259	3277215	3277215	0	374802
FOLD	4365	4260	4260	3277983	3277983	0	374898
FOLD	4366	4261	4261	3278754	3278754	0	375081
FOLD	4367	4262	4262	3279522	3279522	0	375180
FOLD	4368	4263	4263	3280293	3280293	0	375276
FOLD	4369	4264	4264	3281061	3281061	0	375444
FOLD	4370	4265	4265	3281832	3281832	0	375590
FOLD	4371	4266	4266	3282600	3282600	0	375818
FOLD	4372	4267	4267	3283371	3283371	0	375935
FOLD	4373	4268	4268	3284139	3284139	0	376040
FOLD	4374	4269	4269	3284910	3284910	0	376140
FOLD	4375	4270	4270	3285678	3285678	0	376267
FOLD	4376	4271	4271	3286449	3286449	0	376368
FOLD	4377	4272	4272	3287217	3287217	0	376467
FOLD	4378	4273	4273	3287988	3287988	0	376563
FOLD	4379	4274	4274	3288756	3288756	0	376661
FOLD	4380	4275	4275	3289527	3289527	0	376766
FOLD	4381	4276	4276	3290295	3290295	0	376864
FOLD	4382	4277	4277	3291066	3291066	0	376988
FOLD	4383	4278	4278	3291834	3291834	0	377091
FOLD	4384	4279	4279	3292605	3292605	0	377269
FOLD	4385	4280	4280	3293373	3293373	0	377475
FOLD	4386	4281	4281	3294144	3294144	0	377576
FOLD	4387	4282	4282	3294912	3294912	0	377631
FOLD	4388	4283	4283	3295680	3295680	0	377732
FOLD	4389	4284	4284	3296451	3296451	0	377829
FOLD	4390	4285	4285	3297219	3297219	0	377893
FOLD	4391	4286	4286	3297987	3297987	0	378001
FOLD	4392	4287	4287	3298758	3298758	0	378100
FOLD	4393	4288	4288	3299526	3299526	0	378184
FOLD	4394	4289	4289	3300294	3300294	0	378285
FOLD	4395	4290	4290	3301065	3301065	0	378560
FOLD	4398	4291	4291	3301836	3301836	0	378822
FOLD	4399	4292	4292	3302607	3302607	0	378967
FOLD	4402	4293	4293	3303378	3303378	0	379218
FOLD	4403	4294	4294	3304149	3304149	0	379324
FOLD	4404	4295	4295	3304917	3304917	0	379385
FOLD	4405	4296	4296	3305688	3305688	0	379441
FOLD	4406	4297	4297	3306456	3306456	0	379543
FOLD	4407	4298	4298	3307227	3307227	0	379639
FOLD	4416	4299	4299	3307995	3307995	0	380307
FOLD	4417	4300	4300	3308766	3308766	0	380373
FOLD	4418	4301	4301	3309534	3309534	0	380578
FOLD	4419	4302	4302	3310305	3310305	0	380763
FOLD	4420	4303	4303	3311073	3311073	0	380839
FOLD	4423	4304	4304	3311841	3311841	0	381155
FOLD	4430	4305	4305	3312612	3312612	0	381683
FOLD	4431	4306	4306	3313383	3313383	0	381834
FOLD	4432	4307	4307	3314151	3314151	0	381927
FOLD	4433	4308	4308	3314922	3314922	0	382065
FOLD	4434	4309	4309	3315690	3315690	0	382165
FOLD	4435	4310	4310	3316461	3316461	0	382268
FOLD	4444	4311	4311	3317229	3317229	0	383526
FOLD	4445	4312	4312	3318000	3318000	0	383617
FOLD	4446	4313	4313	3318768	3318768	0	383759
FOLD	4447	4314	4314	3319539	3319539	0	383915
FOLD	4448	4315	4315	3320307	3320307	0	384021
FOLD	4451	4316	4316	3321075	3321075	0	384288
FOLD	4452	4317	4317	3321843	3321843	0	384390
FOLD	4455	4318	4318	3322611	3322611	0	385292
FOLD	4456	4319	4319	3323379	3323379	0	385396
FOLD	4457	4320	4320	3324150	3324150	0	385497
FOLD	4458	4321	4321	3324918	3324918	0	385598
FOLD	4459	4322	4322	3325689	3325689	0	385843
FOLD	4460	4323	4323	3326457	3326457	0	385952
FOLD	4461	4324	4324	3327228	3327228	0	386052
FOLD	4462	4325	4325	3327996	3327996	0	386172
FOLD	4463	4326	4326	3328767	3328767	0	386328
FOLD	4464	4327	4327	3329535	3329535	0	386435
FOLD	4465	4328	4328	3330306	3330306	0	386564
FOLD	4466	4329	4329	3331074	3331074	0	386667
FOLD	4467	4330	4330	3331845	3331845	0	386783
FOLD	4468	4331	4331	3332613	3332613	0	386909
FOLD	4469	4332	4332	3333384	3333384	0	387017
FOLD	4470	4333	4333	3334152	3334152	0	387122
FOLD	4471	4334	4334	3334923	3334923	0	387225
FOLD	4472	4335	4335	3335691	3335691	0	387327
FOLD	4473	4336	4336	3336462	3336462	0	387434
FOLD	4474	4337	4337	3337230	3337230	0	387535
FOLD	4475	4338	4338	3338001	3338001	0	387639
FOLD	4476	4339	4339	3338769	3338769	0	387751
FOLD	4477	4340	4340	3339540	3339540	0	387884
FOLD	4478	4341	4341	3340308	3340308	0	388013
FOLD	4479	4342	4342	3341079	3341079	0	388152
FOLD	4480	4343	4343	3341847	3341847	0	388280
FOLD	4481	4344	4344	3342618	3342618	0	388384
FOLD	4482	4345	4345	3343386	3343386	0	388488
FOLD	4483	4346	4346	3344157	3344157	0	388608
FOLD	4484	4347	4347	3344925	3344925	0	388715
FOLD	4485	4348	4348	3345696	3345696	0	388860
FOLD	4486	4349	4349	3346464	3346464	0	388963
FOLD	4487	4350	4350	3347235	3347235	0	389088
FOLD	4488	4351	4351	3348003	3348003	0	389206
FOLD	4489	4352	4352	3348774	3348774	0	389311
FOLD	4490	4353	4353	3349542	3349542	0	389432
FOLD	4491	4354	4354	3350313	3350313	0	389538
FOLD	4492	4355	4355	3351081	3351081	0	389643
FOLD	4493	4356	4356	3351852	3351852	0	389746
FOLD	4494	4357	4357	3352620	3352620	0	389850
FOLD	4495	4358	4358	3353391	3353391	0	389990
FOLD	4496	4359	4359	3354159	3354159	0	390094
FOLD	4497	4360	4360	3354930	3354930	0	390220
FOLD	4498	4361	4361	3355698	3355698	0	390323
FOLD	4499	4362	4362	3356469	3356469	0	390439
FOLD	4500	4363	4363	3357237	3357237	0	390598
FOLD	4501	4364	4364	3358008	3358008	0	390728
FOLD	4502	4365	4365	3358776	3358776	0	390872
FOLD	4503	4366	4366	3359547	3359547	0	390994
FOLD	4504	4367	4367	3360315	3360315	0	391098
FOLD	4505	4368	4368	3361086	3361086	0	391201
FOLD	4506	4369	4369	3361854	3361854	0	391304
FOLD	4507	4370	4370	3362625	3362625	0	391413
FOLD	4508	4371	4371	3363393	3363393	0	391518
FOLD	4509	4372	4372	3364164	3364164	0	391620
FOLD	4510	4373	4373	3364932	3364932	0	391760
FOLD	4511	4374	4374	3365703	3365703	0	391910
FOLD	4512	4375	4375	3366471	3366471	0	392038
FOLD	4513	4376	4376	3367242	3367242	0	392160
FOLD	4514	4377	4377	3368010	3368010	0	392288
FOLD	4515	4378	4378	3368781	3368781	0	392423
FOLD	4516	4379	4379	3369549	3369549	0	392531
FOLD	4517	4380	4380	3370320	3370320	0	392635
FOLD	4518	4381	4381	3371088	3371088	0	392764
FOLD	4519	4382	4382	3371859	3371859	0	392869
FOLD	4520	4383	4383	3372627	3372627	0	392972
FOLD	4521	4384	4384	3373398	3373398	0	393111
FOLD	4522	4385	4385	3374166	3374166	0	393225
FOLD	4523	4386	4386	3374937	3374937	0	393328
FOLD	4524	4387	4387	3375705	3375705	0	393432
FOLD	4525	4388	4388	3376476	3376476	0	393593
FOLD	4526	4389	4389	3377244	3377244	0	393703
FOLD	4527	4390	4390	3378015	3378015	0	393832
FOLD	4528	4391	4391	3378783	3378783	0	393952
FOLD	4529	4392	4392	3379554	3379554	0	394057
FOLD	4530	4393	4393	3380322	3380322	0	394190
FOLD	4531	4394	4394	3381093	3381093	0	394300
FOLD	4532	4395	4395	3381861	3381861	0	394403
FOLD	4533	4396	4396	3382632	3382632	0	394506
FOLD	4534	4397	4397	3383400	3383400	0	394616
FOLD	4535	4398	4398	3384171	3384171	0	394744
FOLD	4536	4399	4399	3384939	3384939	0	394846
FOLD	4537	4400	4400	3385710	3385710	0	394970
FOLD	4538	4401	4401	3386478	3386478	0	395092
FOLD	4539	4402	4402	3387249	3387249	0	395193
FOLD	4540	4403	4403	3388017	3388017	0	395308
FOLD	4541	4404	4404	3388788	3388788	0	395460
FOLD	4542	4405	4405	3389556	3389556	0	395605
FOLD	4543	4406	4406	3390327	3390327	0	395759
FOLD	4544	4407	4407	3391095	3391095	0	395894
FOLD	4545	4408	4408	3391866	3391866	0	396031
FOLD	4546	4409	4409	3392634	3392634	0	396168
FOLD	4547	4410	4410	3393405	3393405	0	396306
FOLD	4548	4411	4411	3394173	3394173	0	396413
FOLD	4549	4412	4412	3394944	3394944	0	396518
FOLD	4550	4413	4413	3395712	3395712	0	396629
FOLD	4551	4414	4414	3396483	3396483	0	396735
FOLD	4552	4415	4415	3397251	3397251	0	396838
FOLD	4553	4416	4416	3398022	3398022	0	396983
FOLD	4554	4417	4417	3398790	3398790	0	397112
FOLD	4555	4418	4418	3399561	3399561	0	397230
FOLD	4556	4419	4419	3400329	3400329	0	397352
FOLD	4557	4420	4420	3401100	3401100	0	397459
FOLD	4558	4421	4421	3401868	3401868	0	397607
FOLD	4559	4422	4422	3402639	3402639	0	397823
FOLD	4560	4423	4423	3403407	3403407	0	397926
FOLD	4561	4424	4424	3404178	3404178	0	398045
FOLD	4562	4425	4425	3404946	3404946	0	398178
FOLD	4563	4426	4426	3405717	3405717	0	398285
FOLD	4564	4427	4427	3406485	3406485	0	398426
FOLD	4565	4428	4428	3407256	3407256	0	398533
FOLD	4566	4429	4429	3408024	3408024	0	398639
FOLD	4567	4430	4430	3408795	3408795	0	398746
FOLD	4568	4431	4431	3409563	3409563	0	398848
FOLD	4569	4432	4432	3410334	3410334	0	398951
FOLD	4570	4433	4433	3411102	3411102	0	399078
FOLD	4571	4434	4434	3411873	3411873	0	399188
FOLD	4572	4435	4435	3412641	3412641	0	399293
FOLD	4573	4436	4436	3413412	3413412	0	399455
FOLD	4574	4437	4437	3414180	3414180	0	399579
FOLD	4575	4438	4438	3414951	3414951	0	399794
FOLD	4576	4439	4439	3415719	3415719	0	399932
FOLD	4577	4440	4440	3416490	3416490	0	400064
FOLD	4578	4441	4441	3417258	3417258	0	400204
FOLD	4579	4442	4442	3418029	3418029	0	400310
FOLD	4580	4443	4443	3418797	3418797	0	400413
FOLD	4581	4444	4444	3419568	3419568	0	400517
FOLD	4582	4445	4445	3420336	3420336	0	400624
FOLD	4583	4446	4446	3421107	3421107	0	400731
FOLD	4584	4447	4447	3421875	3421875	0	400834
FOLD	4585	4448	4448	3422646	3422646	0	400986
FOLD	4586	4449	4449	3423414	3423414	0	401095
FOLD	4587	4450	4450	3424185	3424185	0	401199
FOLD	4588	4451	4451	3424953	3424953	0	401303
FOLD	4589	4452	4452	3425724	3425724	0	401404
FOLD	4590	4453	4453	3426492	3426492	0	401511
FOLD	4591	4454	4454	3427263	3427263	0	401622
FOLD	4592	4455	4455	3428031	3428031	0	401745
FOLD	4593	4456	4456	3428802	3428802	0	401856
FOLD	4594	4457	4457	3429570	3429570	0	401963
FOLD	4595	4458	4458	3430341	3430341	0	402066
FOLD	4596	4459	4459	3431109	3431109	0	402165
FOLD	4597	4460	4460	3431880	3431880	0	402266
FOLD	4598	4461	4461	3432648	3432648	0	402395
FOLD	4599	4462	4462	3433419	3433419	0	402537
FOLD	4600	4463	4463	3434187	3434187	0	402651
FOLD	4601	4464	4464	3434958	3434958	0	402750
FOLD	4602	4465	4465	3435726	3435726	0	402854
FOLD	4603	4466	4466	3436497	3436497	0	402956
FOLD	4604	4467	4467	3437265	3437265	0	403056
FOLD	4605	4468	4468	3438036	3438036	0	403189
FOLD	4606	4469	4469	3438804	3438804	0	403295
FOLD	4607	4470	4470	3439575	3439575	0	403395
FOLD	4608	4471	4471	3440343	3440343	0	403503
FOLD	4609	4472	4472	3441114	3441114	0	403723
FOLD	4610	4473	4473	3441882	3441882	0	403834
FOLD	4611	4474	4474	3442653	3442653	0	403943
FOLD	4612	4475	4475	3443421	3443421	0	404045
FOLD	4613	4476	4476	3444192	3444192	0	404147
FOLD	4614	4477	4477	3444960	3444960	0	404250
FOLD	4615	4478	4478	3445731	3445731	0	404351
FOLD	4616	4479	4479	3446499	3446499	0	404454
FOLD	4617	4480	4480	3447270	3447270	0	404561
FOLD	4618	4481	4481	3448038	3448038	0	404664
FOLD	4619	4482	4482	3448809	3448809	0	404767
FOLD	4620	4483	4483	3449577	3449577	0	404869
FOLD	4621	4484	4484	3450348	3450348	0	404969
FOLD	4622	4485	4485	3451116	3451116	0	405076
FOLD	4623	4486	4486	3451887	3451887	0	405178
FOLD	4624	4487	4487	3452655	3452655	0	405278
FOLD	4625	4488	4488	3453426	3453426	0	405416
FOLD	4628	4489	4489	3454197	3454197	0	405758
FOLD	4629	4490	4490	3454965	3454965	0	405812
FOLD	4630	4491	4491	3455733	3455733	0	405919
FOLD	4631	4492	4492	3456504	3456504	0	406062
FOLD	4632	4493	4493	3457272	3457272	0	406116
FOLD	4633	4494	4494	3458040	3458040	0	406253
FOLD	4634	4495	4495	3458811	3458811	0	406358
FOLD	4635	4496	4496	3459579	3459579	0	406411
FOLD	4638	4497	4497	3460347	3460347	0	406684
FOLD	4641	4498	4498	3461118	3461118	0	406858
FOLD	4642	4499	4499	3461889	3461889	0	406961
FOLD	4645	4500	4500	3462660	3462660	0	407300
FOLD	4646	4501	4501	3463431	3463431	0	407442
FOLD	4647	4502	4502	3464199	3464199	0	407510
FOLD	4648	4503	4503	3464970	3464970	0	407598
FOLD	4649	4504	4504	3465738	3465738	0	407713
FOLD	4650	4505	4505	3466509	3466509	0	407879
FOLD	4659	4506	4506	3467277	3467277	0	408531
FOLD	4660	4507	4507	3468048	3468048	0	408595
FOLD	4661	4508	4508	3468816	3468816	0	408701
FOLD	4662	4509	4509	3469587	3469587	0	408805
FOLD	4663	4510	4510	3470355	3470355	0	408881
FOLD	4666	4511	4511	3471123	3471123	0	409294
FOLD	4673	4512	4512	3471894	3471894	0	409871
FOLD	4674	4513	4513	3472665	3472665	0	409979
FOLD	4675	4514	4514	3473433	3473433	0	410070
FOLD	4676	4515	4515	3474204	3474204	0	410254
FOLD	4677	4516	4516	3474972	3474972	0	410387
FOLD	4678	4517	4517	3475743	3475743	0	410498
FOLD	4687	4518	4518	3476511	3476511	0	411836
FOLD	4688	4519	4519	3477282	3477282	0	411933
FOLD	4689	4520	4520	3478050	3478050	0	412081
FOLD	4690	4521	4521	3478821	3478821	0	412222
FOLD	4691	4522	4522	3479589	3479589	0	412331
FOLD	4694	4523	4523	3480357	3480357	0	412609
FOLD	4695	4524	4524	3481125	3481125	0	412716
FOLD	4698	4525	4525	3481893	3481893	0	413622
FOLD	4699	4526	4526	3482661	3482661	0	413731
FOLD	4700	4527	4527	3483432	3483432	0	413838
FOLD	4701	4528	4528	3484200	3484200	0	413996
FOLD	4702	4529	4529	3484971	3484971	0	414154
FOLD	4703	4530	4530	3485739	3485739	0	414265
FOLD	4704	4531	4531	3486510	3486510	0	414370
FOLD	4705	4532	4532	3487278	3487278	0	414476
FOLD	4706	4533	4533	3488049	3488049	0	414584
FOLD	4707	4534	4534	3488817	3488817	0	414689
FOLD	4708	4535	4535	3489588	3489588	0	414836
FOLD	4709	4536	4536	3490356	3490356	0	415038
FOLD	4710	4537	4537	3491127	3491127	0	415164
FOLD	4711	4538	4538	3491895	3491895	0	415284
FOLD	4712	4539	4539	3492666	3492666	0	415437
FOLD	4713	4540	4540	3493434	3493434	0	415549
FOLD	4714	4541	4541	3494205	3494205	0	415667
FOLD	4715	4542	4542	3494973	3494973	0	415777
FOLD	4716	4543	4543	3495744	3495744	0	415890
FOLD	4717	4544	4544	3496512	3496512	0	416025
FOLD	4718	4545	4545	3497283	3497283	0	416171
FOLD	4719	4546	4546	3498051	3498051	0	416278
FOLD	4720	4547	4547	3498822	3498822	0	416386
FOLD	4721	4548	4548	3499590	3499590	0	416495
FOLD	4722	4549	4549	3500361	3500361	0	416602
FOLD	4723	4550	4550	3501129	3501129	0	416725
FOLD	4724	4551	4551	3501900	3501900	0	416864
FOLD	4725	4552	4552	3502668	3502668	0	416972
FOLD	4726	4553	4553	3503439	3503439	0	417102
FOLD	4727	4554	4554	3504207	3504207	0	417255
FOLD	4728	4555	4555	3504978	3504978	0	417380
FOLD	4729	4556	4556	3505746	3505746	0	417507
FOLD	4730	4557	4557	3506517	3506517	0	417618
FOLD	4731	4558	4558	3507285	3507285	0	417727
FOLD	4732	4559	4559	3508056	3508056	0	417833
FOLD	4733	4560	4560	3508824	3508824	0	417942
FOLD	4734	4561	4561	3509595	3509595	0	418085
FOLD	4735	4562	4562	3510363	3510363	0	418195
FOLD	4736	4563	4563	3511134	3511134	0	418323
FOLD	4737	4564	4564	3511902	3511902	0	418430
FOLD	4738	4565	4565	3512673	3512673	0	418537
FOLD	4739	4566	4566	3513441	3513441	0	418685
FOLD	4740	4567	4567	3514212	3514212	0	418823
FOLD	4741	4568	4568	3514980	3514980	0	418971
FOLD	4742	4569	4569	3515751	3515751	0	419095
FOLD	4743	4570	4570	3516519	3516519	0	419205
FOLD	4744	4571	4571	3517290	3517290	0	419312
FOLD	4745	4572	4572	3518058	3518058	0	419422
FOLD	4746	4573	4573	3518829	3518829	0	419532
FOLD	4747	4574	4574	3519597	3519597	0	419744
FOLD	4748	4575	4575	3520368	3520368	0	419861
FOLD	4749	4576	4576	3521136	3521136	0	419967
FOLD	4750	4577	4577	3521907	3521907	0	420113
FOLD	4751	4578	4578	3522675	3522675	0	420221
FOLD	4752	4579	4579	3523446	3523446	0	420361
FOLD	4753	4580	4580	3524214	3524214	0	420520
FOLD	4754	4581	4581	3524985	3524985	0	420644
FOLD	4755	4582	4582	3525753	3525753	0	420755
FOLD	4756	4583	4583	3526524	3526524	0	420864
FOLD	4757	4584	4584	3527292	3527292	0	420998
FOLD	4758	4585	4585	3528063	3528063	0	421110
FOLD	4759	4586	4586	3528831	3528831	0	421240
FOLD	4760	4587	4587	3529602	3529602	0	421366
FOLD	4761	4588	4588	3530370	3530370	0	421478
FOLD	4762	4589	4589	3531141	3531141	0	421587
FOLD	4763	4590	4590	3531909	3531909	0	421696
FOLD	4764	4591	4591	3532680	3532680	0	421803
FOLD	4765	4592	4592	3533448	3533448	0	421910
FOLD	4766	4593	4593	3534219	3534219	0	422059
FOLD	4767	4594	4594	3534987	3534987	0	422166
FOLD	4768	4595	4595	3535758	3535758	0	422319
FOLD	4769	4596	4596	3536526	3536526	0	422472
FOLD	4770	4597	4597	3537297	3537297	0	422581
FOLD	4771	4598	4598	3538065	3538065	0	422690
FOLD	4772	4599	4599	3538836	3538836	0	422837
FOLD	4773	4600	4600	3539604	3539604	0	422951
FOLD	4774	4601	4601	3540375	3540375	0	423056
FOLD	4775	4602	4602	3541143	3541143	0	423180
FOLD	4776	4603	4603	3541914	3541914	0	423290
FOLD	4777	4604	4604	3542682	3542682	0	423398
FOLD	4778	4605	4605	3543453	3543453	0	423534
FOLD	4779	4606	4606	3544221	3544221	0	423643
FOLD	4780	4607	4607	3544992	3544992	0	423800
FOLD	4781	4608	4608	3545760	3545760	0	423966
FOLD	4782	4609	4609	3546531	3546531	0	424093
FOLD	4783	4610	4610	3547299	3547299	0	424216
FOLD	4784	4611	4611	3548070	3548070	0	424328
FOLD	4785	4612	4612	3548838	3548838	0	424436
FOLD	4786	4613	4613	3549609	3549609	0	424546
FOLD	4787	4614	4614	3550377	3550377	0	424680
FOLD	4788	4615	4615	3551148	3551148	0	424824
FOLD	4789	4616	4616	3551916	3551916	0	424934
FOLD	4790	4617	4617	3552687	3552687	0	425067
FOLD	4791	4618	4618	3553455	3553455	0	425209
FOLD	4792	4619	4619	3554226	3554226	0	425318
FOLD	4793	4620	4620	3554994	3554994	0	425455
FOLD	4794	4621	4621	3555765	3555765	0	425576
FOLD	4795	4622	4622	3556533	3556533	0	425685
FOLD	4796	4623	4623	3557304	3557304	0	425792
FOLD	4797	4624	4624	3558072	3558072	0	425944
FOLD	4798	4625	4625	3558843	3558843	0	426183
FOLD	4799	4626	4626	3559611	3559611	0	426294
FOLD	4800	4627	4627	3560382	3560382	0	426399
FOLD	4801	4628	4628	3561150	3561150	0	426523
FOLD	4802	4629	4629	3561921	3561921	0	426635
FOLD	4803	4630	4630	3562689	3562689	0	426742
FOLD	4804	4631	4631	3563460	3563460	0	426848
FOLD	4805	4632	4632	3564228	3564228	0	426955
FOLD	4806	4633	4633	3564999	3564999	0	427087
FOLD	4807	4634	4634	3565767	3565767	0	427193
FOLD	4808	4635	4635	3566538	3566538	0	427341
FOLD	4809	4636	4636	3567306	3567306	0	427471
FOLD	4810	4637	4637	3568077	3568077	0	427578
FOLD	4811	4638	4638	3568845	3568845	0	427870
FOLD	4812	4639	4639	3569616	3569616	0	428035
FOLD	4813	4640	4640	3570384	3570384	0	428210
FOLD	4814	4641	4641	3571155	3571155	0	428391
FOLD	4815	4642	4642	3571923	3571923	0	428533
FOLD	4816	4643	4643	3572694	3572694	0	428644
FOLD	4817	4644	4644	3573462	3573462	0	428776
FOLD	4818	4645	4645	3574233	3574233	0	428908
FOLD	4819	4646	4646	3575001	3575001	0	429061
FOLD	4820	4647	4647	3575772	3575772	0	429168
FOLD	4821	4648	4648	3576540	3576540	0	429275
FOLD	4822	4649	4649	3577311	3577311	0	429399
FOLD	4823	4650	4650	3578079	3578079	0	429512
FOLD	4824	4651	4651	3578850	3578850	0	429629
FOLD	4825	4652	4652	3579618	3579618	0	429742
FOLD	4826	4653	4653	3580389	3580389	0	429857
FOLD	4827	4654	4654	3581157	3581157	0	429964
FOLD	4828	4655	4655	3581928	3581928	0	430072
FOLD	4829	4656	4656	3582696	3582696	0	430183
FOLD	4830	4657	4657	3583467	3583467	0	430291
FOLD	4831	4658	4658	3584235	3584235	0	430398
FOLD	4832	4659	4659	3585006	3585006	0	430506
FOLD	4833	4660	4660	3585774	3585774	0	430641
FOLD	4834	4661	4661	3586545	3586545	0	430788
FOLD	4835	4662	4662	3587313	3587313	0	430908
FOLD	4836	4663	4663	3588084	3588084	0	431010
FOLD	4837	4664	4664	3588852	3588852	0	431118
FOLD	4838	4665	4665	3589623	3589623	0	431226
FOLD	4839	4666	4666	3590391	3590391	0	431343
FOLD	4840	4667	4667	3591162	3591162	0	431495
FOLD	4841	4668	4668	3591930	3591930	0	431605
FOLD	4842	4669	4669	3592701	3592701	0	431721
FOLD	4843	4670	4670	3593469	3593469	0	431839
FOLD	4844	4671	4671	3594240	3594240	0	432014
FOLD	4845	4672	4672	3595008	3595008	0	432124
FOLD	4846	4673	4673	3595779	3595779	0	432236
FOLD	4847	4674	4674	3596547	3596547	0	432343
FOLD	4848	4675	4675	3597318	3597318	0	432450
FOLD	4849	4676	4676	3598086	3598086	0	432557
FOLD	4850	4677	4677	3598857	3598857	0	432663
FOLD	4851	4678	4678	3599625	3599625	0	432770
FOLD	4852	4679	4679	3600396	3600396	0	432875
FOLD	4853	4680	4680	3601164	3601164	0	432984
FOLD	4854	4681	4681	3601935	3601935	0	433133
FOLD	4855	4682	4682	3602703	3602703	0	433264
FOLD	4856	4683	4683	3603474	3603474	0	433385
FOLD	4857	4684	4684	3604242	3604242	0	433503
FOLD	4858	4685	4685	3605013	3605013	0	433623
FOLD	4859	4686	4686	3605781	3605781	0	433749
FOLD	4860	4687	4687	3606552	3606552	0	433870
FOLD	4861	4688	4688	3607320	3607320	0	433992
FOLD	4862	4689	4689	3608091	3608091	0	434112
FOLD	4863	4690	4690	3608859	3608859	0	434231
FOLD	4864	4691	4691	3609630	3609630	0	434360
FOLD	4867	4692	4692	3610401	3610401	0	434672
FOLD	4870	4693	4693	3611172	3611172	0	434972
FOLD	4871	4694	4694	3611940	3611940	0	435047
FOLD	4872	4695	4695	3612708	3612708	0	435179
FOLD	4873	4696	4696	3613479	3613479	0	435467
FOLD	4874	4697	4697	3614247	3614247	0	435525
FOLD	4877	4698	4698	3615015	3615015	0	436073
FOLD	4878	4699	4699	3615783	3615783	0	436135
FOLD	4881	4700	4700	3616551	3616551	0	436460
FOLD	4884	4701	4701	3617322	3617322	0	436660
FOLD	4885	4702	4702	3618093	3618093	0	436786
FOLD	4888	4703	4703	3618864	3618864	0	437083
FOLD	4889	4704	4704	3619635	3619635	0	437211
FOLD	4890	4705	4705	3620403	3620403	0	437283
FOLD	4891	4706	4706	3621174	3621174	0	437338
FOLD	4892	4707	4707	3621942	3621942	0	437464
FOLD	4893	4708	4708	3622713	3622713	0	437588
FOLD	4902	4709	4709	3623481	3623481	0	438559
FOLD	4903	4710	4710	3624252	3624252	0	438630
FOLD	4904	4711	4711	3625020	3625020	0	438827
FOLD	4905	4712	4712	3625791	3625791	0	439013
FOLD	4906	4713	4713	3626559	3626559	0	439096
FOLD	4909	4714	4714	3627327	3627327	0	439542
FOLD	4916	4715	4715	3628098	3628098	0	440331
FOLD	4917	4716	4716	3628869	3628869	0	440540
FOLD	4918	4717	4717	3629637	3629637	0	440689
FOLD	4919	4718	4718	3630408	3630408	0	440850
FOLD	4920	4719	4719	3631176	3631176	0	441011
FOLD	4921	4720	4720	3631947	3631947	0	441141
FOLD	4930	4721	4721	3632715	3632715	0	442482
FOLD	4931	4722	4722	3633486	3633486	0	442609
FOLD	4932	4723	4723	3634254	3634254	0	442747
FOLD	4933	4724	4724	3635025	3635025	0	442875
FOLD	4934	4725	4725	3635793	3635793	0	442992
FOLD	4937	4726	4726	3636561	3636561	0	443463
FOLD	4938	4727	4727	3637329	3637329	0	443584
FOLD	4941	4728	4728	3638097	3638097	0	444679
FOLD	4942	4729	4729	3638865	3638865	0	444803
FOLD	4943	4730	4730	3639636	3639636	0	444934
FOLD	4944	4731	4731	3640404	3640404	0	445069
FOLD	4945	4732	4732	3641175	3641175	0	445198
FOLD	4946	4733	4733	3641943	3641943	0	445315
FOLD	4947	4734	4734	3642714	3642714	0	445436
FOLD	4948	4735	4735	3643482	3643482	0	445584
FOLD	4949	4736	4736	3644253	3644253	0	445713
FOLD	4950	4737	4737	3645021	3645021	0	445827
FOLD	4951	4738	4738	3645792	3645792	0	445940
FOLD	4952	4739	4739	3646560	3646560	0	446064
FOLD	4953	4740	4740	3647331	3647331	0	446192
FOLD	4954	4741	4741	3648099	3648099	0	446408
FOLD	4955	4742	4742	3648870	3648870	0	446541
FOLD	4956	4743	4743	3649638	3649638	0	446692
FOLD	4957	4744	4744	3650409	3650409	0	446852
FOLD	4958	4745	4745	3651177	3651177	0	446967
FOLD	4959	4746	4746	3651948	3651948	0	447116
FOLD	4960	4747	4747	3652716	3652716	0	447247
FOLD	4961	4748	4748	3653487	3653487	0	447374
FOLD	4962	4749	4749	3654255	3654255	0	447495
FOLD	4963	4750	4750	3655026	3655026	0	447610
FOLD	4964	4751	4751	3655794	3655794	0	447745
FOLD	4965	4752	4752	3656565	3656565	0	447897
FOLD	4966	4753	4753	3657333	3657333	0	448011
FOLD	4967	4754	4754	3658104	3658104	0	448162
FOLD	4968	4755	4755	3658872	3658872	0	448310
FOLD	4969	4756	4756	3659643	3659643	0	448438
FOLD	4970	4757	4757	3660411	3660411	0	448564
FOLD	4971	4758	4758	3661182	3661182	0	448701
FOLD	4972	4759	4759	3661950	3661950	0	448829
FOLD	4973	4760	4760	3662721	3662721	0	448986
FOLD	4974	4761	4761	3663489	3663489	0	449103
FOLD	4975	4762	4762	3664260	3664260	0	449240
FOLD	4976	4763	4763	3665028	3665028	0	449365
FOLD	4977	4764	4764	3665799	3665799	0	449491
FOLD	4978	4765	4765	3666567	3666567	0	449617
FOLD	4979	4766	4766	3667338	3667338	0	449773
FOLD	4980	4767	4767	3668106	3668106	0	449952
FOLD	4981	4768	4768	3668877	3668877	0	450123
FOLD	4982	4769	4769	3669645	3669645	0	450265
FOLD	4983	4770	4770	3670416	3670416	0	450380
FOLD	4984	4771	4771	3671184	3671184	0	450507
FOLD	4985	4772	4772	3671955	3671955	0	450635
FOLD	4986	4773	4773	3672723	3672723	0	450751
FOLD	4987	4774	4774	3673494	3673494	0	450865
FOLD	4988	4775	4775	3674262	3674262	0	450990
FOLD	4989	4776	4776	3675033	3675033	0	451149
FOLD	4990	4777	4777	3675801	3675801	0	451265
FOLD	4991	4778	4778	3676572	3676572	0	451401
FOLD	4992	4779	4779	3677340	3677340	0	451552
FOLD	4993	4780	4780	3678111	3678111	0	451783
FOLD	4994	4781	4781	3678879	3678879	0	451940
FOLD	4995	4782	4782	3679650	3679650	0	452083
FOLD	4996	4783	4783	3680418	3680418	0	452238
FOLD	4997	4784	4784	3681189	3681189	0	452374
FOLD	4998	4785	4785	3681957	3681957	0	452488
FOLD	4999	4786	4786	3682728	3682728	0	452601
FOLD	5000	4787	4787	3683496	3683496	0	452734
FOLD	5001	4788	4788	3684267	3684267	0	452847
FOLD	5002	4789	4789	3685035	3685035	0	452995
FOLD	5003	4790	4790	3685806	3685806	0	453109
FOLD	5004	4791	4791	3686574	3686574	0	453224
FOLD	5005	4792	4792	3687345	3687345	0	453358
FOLD	5006	4793	4793	3688113	3688113	0	453492
FOLD	5007	4794	4794	3688884	3688884	0	453622
FOLD	5008	4795	4795	3689652	3689652	0	453772
FOLD	5009	4796	4796	3690423	3690423	0	453912
FOLD	5010	4797	4797	3691191	3691191	0	454029
FOLD	5011	4798	4798	3691962	3691962	0	454143
FOLD	5012	4799	4799	3692730	3692730	0	454265
FOLD	5013	4800	4800	3693501	3693501	0	454379
FOLD	5014	4801	4801	3694269	3694269	0	454492
FOLD	5015	4802	4802	3695040	3695040	0	454605
FOLD	5016	4803	4803	3695808	3695808	0	454719
FOLD	5017	4804	4804	3696579	3696579	0	454833
FOLD	5018	4805	4805	3697347	3697347	0	454953
FOLD	5019	4806	4806	3698118	3698118	0	455146
FOLD	5020	4807	4807	3698886	3698886	0	455304
FOLD	5021	4808	4808	3699657	3699657	0	455442
FOLD	5022	4809	4809	3700425	3700425	0	455569
FOLD	5023	4810	4810	3701196	3701196	0	455773
FOLD	5024	4811	4811	3701964	3701964	0	455925
FOLD	5025	4812	4812	3702735	3702735	0	456049
FOLD	5026	4813	4813	3703503	3703503	0	456165
FOLD	5027	4814	4814	3704274	3704274	0	456278
FOLD	5028	4815	4815	3705042	3705042	0	456394
FOLD	5029	4816	4816	3705813	3705813	0	456509
FOLD	5030	4817	4817	3706581	3706581	0	456621
FOLD	5031	4818	4818	3707352	3707352	0	456737
FOLD	5032	4819	4819	3708120	3708120	0	456880
FOLD	5033	4820	4820	3708891	3708891	0	457009
FOLD	5034	4821	4821	3709659	3709659	0	457127
FOLD	5035	4822	4822	3710430	3710430	0	457241
FOLD	5036	4823	4823	3711198	3711198	0	457398
FOLD	5037	4824	4824	3711969	3711969	0	457666
FOLD	5038	4825	4825	3712737	3712737	0	457782
FOLD	5039	4826	4826	3713508	3713508	0	457899
FOLD	5040	4827	4827	3714276	3714276	0	458049
FOLD	5041	4828	4828	3715047	3715047	0	458214
FOLD	5042	4829	4829	3715815	3715815	0	458364
FOLD	5043	4830	4830	3716586	3716586	0	458515
FOLD	5044	4831	4831	3717354	3717354	0	458634
FOLD	5045	4832	4832	3718125	3718125	0	458750
FOLD	5046	4833	4833	3718893	3718893	0	458891
FOLD	5047	4834	4834	3719664	3719664	0	459007
FOLD	5048	4835	4835	3720432	3720432	0	459124
FOLD	5049	4836	4836	3721203	3721203	0	459261
FOLD	5050	4837	4837	3721971	3721971	0	459392
FOLD	5051	4838	4838	3722742	3722742	0	459516
FOLD	5052	4839	4839	3723510	3723510	0	459638
FOLD	5053	4840	4840	3724281	3724281	0	459808
FOLD	5054	4841	4841	3725049	3725049	0	459930
FOLD	5055	4842	4842	3725820	3725820	0	460044
FOLD	5056	4843	4843	3726588	3726588	0	460176
FOLD	5057	4844	4844	3727359	3727359	0	460294
FOLD	5058	4845	4845	3728127	3728127	0	460408
FOLD	5059	4846	4846	3728898	3728898	0	460522
FOLD	5060	4847	4847	3729666	3729666	0	460637
FOLD	5061	4848	4848	3730437	3730437	0	460760
FOLD	5062	4849	4849	3731205	3731205	0	460874
FOLD	5063	4850	4850	3731976	3731976	0	461029
FOLD	5064	4851	4851	3732744	3732744	0	461150
FOLD	5065	4852	4852	3733515	3733515	0	461287
FOLD	5066	4853	4853	3734283	3734283	0	461425
FOLD	5067	4854	4854	3735054	3735054	0	461542
FOLD	5068	4855	4855	3735822	3735822	0	461679
FOLD	5069	4856	4856	3736593	3736593	0	461834
FOLD	5070	4857	4857	3737361	3737361	0	461966
FOLD	5071	4858	4858	3738132	3738132	0	462090
FOLD	5072	4859	4859	3738900	3738900	0	462205
FOLD	5073	4860	4860	3739671	3739671	0	462315
FOLD	5074	4861	4861	3740439	3740439	0	462425
FOLD	5075	4862	4862	3741210	3741210	0	462570
FOLD	5076	4863	4863	3741978	3741978	0	462685
FOLD	5077	4864	4864	3742749	3742749	0	462797
FOLD	5078	4865	4865	3743517	3743517	0	462911
FOLD	5079	4866	4866	3744288	3744288	0	463091
FOLD	5080	4867	4867	3745056	3745056	0	463231
FOLD	5081	4868	4868	3745827	3745827	0	463355
FOLD	5082	4869	4869	3746595	3746595	0	463472
FOLD	5083	4870	4870	3747366	3747366	0	463583
FOLD	5084	4871	4871	3748134	3748134	0	463705
FOLD	5085	4872	4872	3748905	3748905	0	463818
FOLD	5086	4873	4873	3749673	3749673	0	463933
FOLD	5087	4874	4874	3750444	3750444	0	464044
FOLD	5088	4875	4875	3751212	3751212	0	464380
FOLD	5089	4876	4876	3751983	3751983	0	464525
FOLD	5090	4877	4877	3752751	3752751	0	464636
FOLD	5091	4878	4878	3753522	3753522	0	464747
FOLD	5092	4879	4879	3754290	3754290	0	464859
FOLD	5093	4880	4880	3755061	3755061	0	464970
FOLD	5094	4881	4881	3755829	3755829	0	465110
FOLD	5095	4882	4882	3756600	3756600	0	465228
FOLD	5096	4883	4883	3757368	3757368	0	465347
FOLD	5097	4884	4884	3758139	3758139	0	465461
FOLD	5098	4885	4885	3758907	3758907	0	465573
FOLD	5099	4886	4886	3759678	3759678	0	465684
FOLD	5100	4887	4887	3760446	3760446	0	465794
FOLD	5101	4888	4888	3761217	3761217	0	465910
FOLD	5102	4889	4889	3761985	3761985	0	466024
FOLD	5103	4890	4890	3762756	3762756	0	466134
FOLD	5104	4891	4891	3763524	3763524	0	466187
FOLD	5105	4892	4892	3764292	3764292	0	466438
FOLD	5106	4893	4893	3765063	3765063	0	466569
FOLD	5109	4894	4894	3765834	3765834	0	466831
FOLD	5112	4895	4895	3766605	3766605	0	467183
FOLD	5113	4896	4896	3767373	3767373	0	467242
FOLD	5114	4897	4897	3768144	3768144	0	467295
FOLD	5115	4898	4898	3768912	3768912	0	467454
FOLD	5116	4899	4899	3769683	3769683	0	467573
FOLD	5117	4900	4900	3770451	3770451	0	467651
FOLD	5120	4901	4901	3771219	3771219	0	468224
FOLD	5121	4902	4902	3771987	3771987	0	468301
FOLD	5124	4903	4903	3772755	3772755	0	468645
FOLD	5127	4904	4904	3773526	3773526	0	468894
FOLD	5128	4905	4905	3774297	3774297	0	469019
FOLD	5131	4906	4906	3775068	3775068	0	469276
FOLD	5132	4907	4907	3775839	3775839	0	469448
FOLD	5133	4908	4908	3776607	3776607	0	469533
FOLD	5134	4909	4909	3777378	3777378	0	469594
FOLD	5135	4910	4910	3778146	3778146	0	469716
FOLD	5136	4911	4911	3778917	3778917	0	469836
FOLD	5145	4912	4912	3779685	3779685	0	470868
FOLD	5146	4913	4913	3780456	3780456	0	470992
FOLD	5147	4914	4914	3781224	3781224	0	471128
FOLD	5148	4915	4915	3781995	3781995	0	471283
FOLD	5149	4916	4916	3782763	3782763	0	471422
FOLD	5152	4917	4917	3783531	3783531	0	471774
FOLD	5159	4918	4918	3784302	3784302	0	472539
FOLD	5160	4919	4919	3785073	3785073	0	472667
FOLD	5161	4920	4920	3785841	3785841	0	472840
FOLD	5162	4921	4921	3786612	3786612	0	473129
FOLD	5163	4922	4922	3787380	3787380	0	473254
FOLD	5164	4923	4923	3788151	3788151	0	473413
FOLD	5173	4924	4924	3788919	3788919	0	475139
FOLD	5174	4925	4925	3789690	3789690	0	475298
FOLD	5175	4926	4926	3790458	3790458	0	475426
FOLD	5176	4927	4927	3791229	3791229	0	475551
FOLD	5177	4928	4928	3791997	3791997	0	475832
FOLD	5180	4929	4929	3792765	3792765	0	476281
FOLD	5181	4930	4930	3793533	3793533	0	476471
FOLD	5184	4931	4931	3794301	3794301	0	477468
FOLD	5185	4932	4932	3795069	3795069	0	477665
FOLD	5186	4933	4933	3795840	3795840	0	477851
FOLD	5187	4934	4934	3796608	3796608	0	478002
FOLD	5188	4935	4935	3797379	3797379	0	478177
FOLD	5189	4936	4936	3798147	3798147	0	478391
FOLD	5190	4937	4937	3798918	3798918	0	478602
FOLD	5191	4938	4938	3799686	3799686	0	478768
FOLD	5192	4939	4939	3800457	3800457	0	478896
FOLD	5193	4940	4940	3801225	3801225	0	479081
FOLD	5194	4941	4941	3801996	3801996	0	479323
FOLD	5195	4942	4942	3802764	3802764	0	479485
FOLD	5196	4943	4943	3803535	3803535	0	479690
FOLD	5197	4944	4944	3804303	3804303	0	479881
FOLD	5198	4945	4945	3805074	3805074	0	480074
FOLD	5199	4946	4946	3805842	3805842	0	480258
FOLD	5200	4947	4947	3806613	3806613	0	480386
FOLD	5201	4948	4948	3807381	3807381	0	480574
FOLD	5202	4949	4949	3808152	3808152	0	480759
FOLD	5203	4950	4950	3808920	3808920	0	480882
FOLD	5204	4951	4951	3809691	3809691	0	481033
FOLD	5205	4952	4952	3810459	3810459	0	481240
FOLD	5206	4953	4953	3811230	3811230	0	481428
FOLD	5207	4954	4954	3811998	3811998	0	481572
FOLD	5208	4955	4955	3812769	3812769	0	481696
FOLD	5209	4956	4956	3813537	3813537	0	481894
FOLD	5210	4957	4957	3814308	3814308	0	482174
FOLD	5211	4958	4958	3815076	3815076	0	482299
FOLD	5212	4959	4959	3815847	3815847	0	482467
FOLD	5213	4960	4960	3816615	3816615	0	482656
FOLD	5214	4961	4961	3817386	3817386	0	482887
FOLD	5215	4962	4962	3818154	3818154	0	483030
FOLD	5216	4963	4963	3818925	3818925	0	483158
FOLD	5217	4964	4964	3819693	3819693	0	483391
FOLD	5218	4965	4965	3820464	3820464	0	483610
FOLD	5219	4966	4966	3821232	3821232	0	483820
FOLD	5220	4967	4967	3822003	3822003	0	483972
FOLD	5221	4968	4968	3822771	3822771	0	484161
FOLD	5222	4969	4969	3823542	3823542	0	484347
FOLD	5223	4970	4970	3824310	3824310	0	484470
FOLD	5224	4971	4971	3825081	3825081	0	484594
FOLD	5225	4972	4972	3825849	3825849	0	484778
FOLD	5226	4973	4973	3826620	3826620	0	484986
FOLD	5227	4974	4974	3827388	3827388	0	485110
FOLD	5228	4975	4975	3828159	3828159	0	485279
FOLD	5229	4976	4976	3828927	3828927	0	485488
FOLD	5230	4977	4977	3829698	3829698	0	485676
FOLD	5231	4978	4978	3830466	3830466	0	485829
FOLD	5232	4979	4979	3831237	3831237	0	485970
FOLD	5233	4980	4980	3832005	3832005	0	486155
FOLD	5234	4981	4981	3832776	3832776	0	486344
FOLD	5235	4982	4982	3833544	3833544	0	486501
FOLD	5236	4983	4983	3834315	3834315	0	486624
FOLD	5237	4984	4984	3835083	3835083	0	486875
FOLD	5238	4985	4985	3835854	3835854	0	487144
FOLD	5239	4986	4986	3836622	3836622	0	487275
FOLD	5240	4987	4987	3837393	3837393	0	487431
FOLD	5241	4988	4988	3838161	3838161	0	487632
FOLD	5242	4989	4989	3838932	3838932	0	487896
FOLD	5243	4990	4990	3839700	3839700	0	488037
FOLD	5244	4991	4991	3840471	3840471	0	488190
FOLD	5245	4992	4992	3841239	3841239	0	488379
FOLD	5246	4993	4993	3842010	3842010	0	488566
FOLD	5247	4994	4994	3842778	3842778	0	488748
FOLD	5248	4995	4995	3843549	3843549	0	488893
FOLD	5249	4996	4996	3844317	3844317	0	489096
FOLD	5250	4997	4997	3845088	3845088	0	489298
FOLD	5251	4998	4998	3845856	3845856	0	489426
FOLD	5252	4999	4999	3846627	3846627	0	489547
FOLD	5253	5000	5000	3847395	3847395	0	489759
FOLD	5254	5001	5001	3848166	3848166	0	489965
FOLD	5255	5002	5002	3848934	3848934	0	490099
FOLD	5256	5003	5003	3849705	3849705	0	490222
FOLD	5257	5004	5004	3850473	3850473	0	490407
FOLD	5258	5005	5005	3851244	3851244	0	490660
FOLD	5259	5006	5006	3852012	3852012	0	490843
FOLD	5260	5007	5007	3852783	3852783	0	490991
FOLD	5261	5008	5008	3853551	3853551	0	491180
FOLD	5262	5009	5009	3854322	3854322	0	491381
FOLD	5263	5010	5010	3855090	3855090	0	491516
FOLD	5264	5011	5011	3855861	3855861	0	491653
FOLD	5265	5012	5012	3856629	3856629	0	491848
FOLD	5266	5013	5013	3857400	3857400	0	492042
FOLD	5267	5014	5014	3858168	3858168	0	492164
FOLD	5268	5015	5015	3858939	3858939	0	492312
FOLD	5269	5016	5016	3859707	3859707	0	492526
FOLD	5270	5017	5017	3860478	3860478	0	492714
FOLD	5271	5018	5018	3861246	3861246	0	492888
FOLD	5272	5019	5019	3862017	3862017	0	493028
FOLD	5273	5020	5020	3862785	3862785	0	493217
FOLD	5274	5021	5021	3863556	3863556	0	493429
FOLD	5275	5022	5022	3864324	3864324	0	493610
FOLD	5276	5023	5023	3865095	3865095	0	493876
FOLD	5277	5024	5024	3865863	3865863	0	494083
FOLD	5278	5025	5025	3866634	3866634	0	494352
FOLD	5279	5026	5026	3867402	3867402	0	494512
FOLD	5280	5027	5027	3868173	3868173	0	494672
FOLD	5281	5028	5028	3868941	3868941	0	494898
FOLD	5282	5029	5029	3869712	3869712	0	495089
FOLD	5283	5030	5030	3870480	3870480	0	495223
FOLD	5284	5031	5031	3871251	3871251	0	495349
FOLD	5285	5032	5032	3872019	3872019	0	495542
FOLD	5286	5033	5033	3872790	3872790	0	495775
FOLD	5287	5034	5034	3873558	3873558	0	495916
FOLD	5288	5035	5035	3874329	3874329	0	496067
FOLD	5289	5036	5036	3875097	3875097	0	496282
FOLD	5290	5037	5037	3875868	3875868	0	496473
FOLD	5291	5038	5038	3876636	3876636	0	496601
FOLD	5292	5039	5039	3877407	3877407	0	496780
FOLD	5293	5040	5040	3878175	3878175	0	496968
FOLD	5294	5041	5041	3878946	3878946	0	497153
FOLD	5295	5042	5042	3879714	3879714	0	497383
FOLD	5296	5043	5043	3880485	3880485	0	497510
FOLD	5297	5044	5044	3881253	3881253	0	497725
FOLD	5298	5045	5045	3882024	3882024	0	497931
FOLD	5299	5046	5046	3882792	3882792	0	498092
FOLD	5300	5047	5047	3883563	3883563	0	498223
FOLD	5301	5048	5048	3884331	3884331	0	498411
FOLD	5302	5049	5049	3885102	3885102	0	498600
FOLD	5303	5050	5050	3885870	3885870	0	498751
FOLD	5304	5051	5051	3886641	3886641	0	498896
FOLD	5305	5052	5052	3887409	3887409	0	499080
FOLD	5306	5053	5053	3888180	3888180	0	499263
FOLD	5307	5054	5054	3888948	3888948	0	499390
FOLD	5308	5055	5055	3889719	3889719	0	499518
FOLD	5309	5056	5056	3890487	3890487	0	499713
FOLD	5310	5057	5057	3891258	3891258	0	500032
FOLD	5311	5058	5058	3892026	3892026	0	500174
FOLD	5312	5059	5059	3892797	3892797	0	500294
FOLD	5313	5060	5060	3893565	3893565	0	500508
FOLD	5314	5061	5061	3894336	3894336	0	500708
FOLD	5315	5062	5062	3895104	3895104	0	500831
FOLD	5316	5063	5063	3895875	3895875	0	500955
FOLD	5317	5064	5064	3896643	3896643	0	501135
FOLD	5318	5065	5065	3897414	3897414	0	501320
FOLD	5319	5066	5066	3898182	3898182	0	501505
FOLD	5320	5067	5067	3898953	3898953	0	501643
FOLD	5321	5068	5068	3899721	3899721	0	501858
FOLD	5322	5069	5069	3900492	3900492	0	502071
FOLD	5323	5070	5070	3901260	3901260	0	502242
FOLD	5324	5071	5071	3902031	3902031	0	502414
FOLD	5325	5072	5072	3902799	3902799	0	502531
FOLD	5326	5073	5073	3903570	3903570	0	502712
FOLD	5327	5074	5074	3904338	3904338	0	502835
FOLD	5328	5075	5075	3905109	3905109	0	502953
FOLD	5329	5076	5076	3905877	3905877	0	503099
FOLD	5330	5077	5077	3906648	3906648	0	503225
FOLD	5331	5078	5078	3907416	3907416	0	503347
FOLD	5332	5079	5079	3908187	3908187	0	503474
FOLD	5333	5080	5080	3908955	3908955	0	503628
FOLD	5334	5081	5081	3909726	3909726	0	503806
FOLD	5335	5082	5082	3910494	3910494	0	503941
FOLD	5336	5083	5083	3911265	3911265	0	504060
FOLD	5337	5084	5084	3912033	3912033	0	504180
FOLD	5338	5085	5085	3912804	3912804	0	504308
FOLD	5339	5086	5086	3913572	3913572	0	504430
FOLD	5340	5087	5087	3914343	3914343	0	504550
FOLD	5341	5088	5088	3915111	3915111	0	504669
FOLD	5342	5089	5089	3915882	3915882	0	504789
FOLD	5345	5090	5090	3916653	3916653	0	505145
FOLD	5346	5091	5091	3917421	3917421	0	505261
FOLD	5347	5092	5092	3918189	3918189	0	505498
FOLD	5348	5093	5093	3918960	3918960	0	505624
FOLD	5351	5094	5094	3919731	3919731	0	506034
FOLD	5356	5095	5095	3920499	3920499	0	506548
FOLD	5357	5096	5096	3921270	3921270	0	506602
FOLD	5358	5097	5097	3922038	3922038	0	506730
FOLD	5359	5098	5098	3922809	3922809	0	506855
FOLD	5360	5099	5099	3923577	3923577	0	506998
FOLD	5363	5100	5100	3924345	3924345	0	507643
FOLD	5364	5101	5101	3925113	3925113	0	507784
FOLD	5367	5102	5102	3925881	3925881	0	508104
FOLD	5370	5103	5103	3926652	3926652	0	508353
FOLD	5371	5104	5104	3927423	3927423	0	508498
FOLD	5374	5105	5105	3928194	3928194	0	508931
FOLD	5375	5106	5106	3928965	3928965	0	509078
FOLD	5376	5107	5107	3929733	3929733	0	509158
FOLD	5377	5108	5108	3930504	3930504	0	509260
FOLD	5378	5109	5109	3931272	3931272	0	509395
FOLD	5379	5110	5110	3932043	3932043	0	509523
FOLD	5388	5111	5111	3932811	3932811	0	510382
FOLD	5389	5112	5112	3933582	3933582	0	510459
FOLD	5390	5113	5113	3934350	3934350	0	510587
FOLD	5391	5114	5114	3935121	3935121	0	510714
FOLD	5392	5115	5115	3935889	3935889	0	510805
FOLD	5395	5116	5116	3936657	3936657	0	511240
FOLD	5402	5117	5117	3937428	3937428	0	512024
FOLD	5403	5118	5118	3938199	3938199	0	512213
FOLD	5404	5119	5119	3938967	3938967	0	512327
FOLD	5405	5120	5120	3939738	3939738	0	512501
FOLD	5406	5121	5121	3940506	3940506	0	512630
FOLD	5407	5122	5122	3941277	3941277	0	512756
FOLD	5416	5123	5123	3942045	3942045	0	514270
FOLD	5417	5124	5124	3942816	3942816	0	514381
FOLD	5418	5125	5125	3943584	3943584	0	514539
FOLD	5419	5126	5126	3944355	3944355	0	514714
FOLD	5420	5127	5127	3945123	3945123	0	514844
FOLD	5423	5128	5128	3945891	3945891	0	515204
FOLD	5424	5129	5129	3946659	3946659	0	515348
FOLD	5427	5130	5130	3947427	3947427	0	516695
FOLD	5428	5131	5131	3948195	3948195	0	516853
FOLD	5429	5132	5132	3948966	3948966	0	517051
FOLD	5430	5133	5133	3949734	3949734	0	517183
FOLD	5431	5134	5134	3950505	3950505	0	517316
FOLD	5432	5135	5135	3951273	3951273	0	517502
FOLD	5433	5136	5136	3952044	3952044	0	517663
FOLD	5434	5137	5137	3952812	3952812	0	517829
FOLD	5435	5138	5138	3953583	3953583	0	518005
FOLD	5436	5139	5139	3954351	3954351	0	518186
FOLD	5437	5140	5140	3955122	3955122	0	518328
FOLD	5438	5141	5141	3955890	3955890	0	518457
FOLD	5439	5142	5142	3956661	3956661	0	518585
FOLD	5440	5143	5143	3957429	3957429	0	518712
FOLD	5441	5144	5144	3958200	3958200	0	518840
FOLD	5442	5145	5145	3958968	3958968	0	518966
FOLD	5443	5146	5146	3959739	3959739	0	519125
FOLD	5444	5147	5147	3960507	3960507	0	519276
FOLD	5445	5148	5148	3961278	3961278	0	519413
FOLD	5446	5149	5149	3962046	3962046	0	519568
FOLD	5447	5150	5150	3962817	3962817	0	519709
FOLD	5448	5151	5151	3963585	3963585	0	519844
FOLD	5449	5152	5152	3964356	3964356	0	519970
FOLD	5450	5153	5153	3965124	3965124	0	520099
FOLD	5451	5154	5154	3965895	3965895	0	520390
FOLD	5452	5155	5155	3966663	3966663	0	520580
FOLD	5453	5156	5156	3967434	3967434	0	520747
FOLD	5454	5157	5157	3968202	3968202	0	520875
FOLD	5455	5158	5158	3968973	3968973	0	521004
FOLD	5456	5159	5159	3969741	3969741	0	521225
FOLD	5457	5160	5160	3970512	3970512	0	521389
FOLD	5458	5161	5161	3971280	3971280	0	521575
FOLD	5459	5162	5162	3972051	3972051	0	521727
FOLD	5460	5163	5163	3972819	3972819	0	521854
FOLD	5461	5164	5164	3973590	3973590	0	521980
FOLD	5462	5165	5165	3974358	3974358	0	522106
FOLD	5463	5166	5166	3975129	3975129	0	522234
FOLD	5464	5167	5167	3975897	3975897	0	522363
FOLD	5465	5168	5168	3976668	3976668	0	522490
FOLD	5466	5169	5169	3977436	3977436	0	522617
FOLD	5467	5170	5170	3978207	3978207	0	522794
FOLD	5468	5171	5171	3978975	3978975	0	522922
FOLD	5469	5172	5172	3979746	3979746	0	523077
FOLD	5470	5173	5173	3980514	3980514	0	523242
FOLD	5471	5174	5174	3981285	3981285	0	523387
FOLD	5472	5175	5175	3982053	3982053	0	523524
FOLD	5473	5176	5176	3982824	3982824	0	523763
FOLD	5474	5177	5177	3983592	3983592	0	523933
FOLD	5475	5178	5178	3984363	3984363	0	524065
FOLD	5476	5179	5179	3985131	3985131	0	524213
FOLD	5477	5180	5180	3985902	3985902	0	524386
FOLD	5478	5181	5181	3986670	3986670	0	524518
FOLD	5479	5182	5182	3987441	3987441	0	524645
FOLD	5480	5183	5183	3988209	3988209	0	524772
FOLD	5481	5184	5184	3988980	3988980	0	524922
FOLD	5482	5185	5185	3989748	3989748	0	525058
FOLD	5483	5186	5186	3990519	3990519	0	525218
FOLD	5484	5187	5187	3991287	3991287	0	525346
FOLD	5485	5188	5188	3992058	3992058	0	525503
FOLD	5486	5189	5189	3992826	3992826	0	525664
FOLD	5487	5190	5190	3993597	3993597	0	525792
FOLD	5488	5191	5191	3994365	3994365	0	525936
FOLD	5489	5192	5192	3995136	3995136	0	526097
FOLD	5490	5193	5193	3995904	3995904	0	526230
FOLD	5491	5194	5194	3996675	3996675	0	526358
FOLD	5492	5195	5195	3997443	3997443	0	526483
FOLD	5493	5196	5196	3998214	3998214	0	526609
FOLD	5494	5197	5197	3998982	3998982	0	526751
FOLD	5495	5198	5198	3999753	3999753	0	526885
FOLD	5496	5199	5199	4000521	4000521	0	527014
FOLD	5497	5200	5200	4001292	4001292	0	527172
FOLD	5498	5201	5201	4002060	4002060	0	527353
FOLD	5499	5202	5202	4002831	4002831	0	527531
FOLD	5500	5203	5203	4003599	4003599	0	527798
FOLD	5501	5204	5204	4004370	4004370	0	527935
FOLD	5502	5205	5205	4005138	4005138	0	528089
FOLD	5503	5206	5206	4005909	4005909	0	528217
FOLD	5504	5207	5207	4006677	4006677	0	528345
FOLD	5505	5208	5208	4007448	4007448	0	528471
FOLD	5506	5209	5209	4008216	4008216	0	528612
FOLD	5507	5210	5210	4008987	4008987	0	528760
FOLD	5508	5211	5211	4009755	4009755	0	528903
FOLD	5509	5212	5212	4010526	4010526	0	529090
FOLD	5510	5213	5213	4011294	4011294	0	529259
FOLD	5511	5214	5214	4012065	4012065	0	529428
FOLD	5512	5215	5215	4012833	4012833	0	529577
FOLD	5513	5216	5216	4013604	4013604	0	529712
FOLD	5514	5217	5217	4014372	4014372	0	529899
FOLD	5515	5218	5218	4015143	4015143	0	530171
FOLD	5516	5219	5219	4015911	4015911	0	530385
FOLD	5517	5220	5220	4016682	4016682	0	530562
FOLD	5518	5221	5221	4017450	4017450	0	530743
FOLD	5519	5222	5222	4018221	4018221	0	530877
FOLD	5520	5223	5223	4018989	4018989	0	531057
FOLD	5521	5224	5224	4019760	4019760	0	531187
FOLD	5522	5225	5225	4020528	4020528	0	531316
FOLD	5523	5226	5226	4021299	4021299	0	531449
FOLD	5524	5227	5227	4022067	4022067	0	531576
FOLD	5525	5228	5228	4022838	4022838	0	531714
FOLD	5526	5229	5229	4023606	4023606	0	531859
FOLD	5527	5230	5230	4024377	4024377	0	532013
FOLD	5528	5231	5231	4025145	4025145	0	532147
FOLD	5529	5232	5232	4025916	4025916	0	532310
FOLD	5530	5233	5233	4026684	4026684	0	532442
FOLD	5531	5234	5234	4027455	4027455	0	532626
FOLD	5532	5235	5235	4028223	4028223	0	532767
FOLD	5533	5236	5236	4028994	4028994	0	532930
FOLD	5534	5237	5237	4029762	4029762	0	533085
FOLD	5535	5238	5238	4030533	4030533	0	533220
FOLD	5536	5239	5239	4031301	4031301	0	533348
FOLD	5537	5240	5240	4032072	4032072	0	533475
FOLD	5538	5241	5241	4032840	4032840	0	533634
FOLD	5539	5242	5242	4033611	4033611	0	533788
FOLD	5540	5243	5243	4034379	4034379	0	533946
FOLD	5541	5244	5244	4035150	4035150	0	534081
FOLD	5542	5245	5245	4035918	4035918	0	534219
FOLD	5543	5246	5246	4036689	4036689	0	534350
FOLD	5544	5247	5247	4037457	4037457	0	534479
FOLD	5545	5248	5248	4038228	4038228	0	534660
FOLD	5546	5249	5249	4038996	4038996	0	534794
FOLD	5547	5250	5250	4039767	4039767	0	534922
FOLD	5548	5251	5251	4040535	4040535	0	535075
FOLD	5549	5252	5252	4041306	4041306	0	535216
FOLD	5550	5253	5253	4042074	4042074	0	535344
FOLD	5551	5254	5254	4042845	4042845	0	535478
FOLD	5552	5255	5255	4043613	4043613	0	535602
FOLD	5553	5256	5256	4044384	4044384	0	535757
FOLD	5554	5257	5257	4045152	4045152	0	535900
FOLD	5555	5258	5258	4045923	4045923	0	536025
FOLD	5556	5259	5259	4046691	4046691	0	536150
FOLD	5557	5260	5260	4047462	4047462	0	536375
FOLD	5558	5261	5261	4048230	4048230	0	536530
FOLD	5559	5262	5262	4049001	4049001	0	536677
FOLD	5560	5263	5263	4049769	4049769	0	536798
FOLD	5561	5264	5264	4050540	4050540	0	536922
FOLD	5562	5265	5265	4051308	4051308	0	537047
FOLD	5563	5266	5266	4052079	4052079	0	537209
FOLD	5564	5267	5267	4052847	4052847	0	537374
FOLD	5565	5268	5268	4053618	4053618	0	537551
FOLD	5566	5269	5269	4054386	4054386	0	538003
FOLD	5567	5270	5270	4055157	4055157	0	538148
FOLD	5568	5271	5271	4055925	4055925	0	538274
FOLD	5569	5272	5272	4056696	4056696	0	538397
FOLD	5570	5273	5273	4057464	4057464	0	538554
FOLD	5571	5274	5274	4058235	4058235	0	538682
FOLD	5572	5275	5275	4059003	4059003	0	538805
FOLD	5573	5276	5276	4059774	4059774	0	538930
FOLD	5574	5277	5277	4060542	4060542	0	539054
FOLD	5575	5278	5278	4061313	4061313	0	539185
FOLD	5576	5279	5279	4062081	4062081	0	539312
FOLD	5577	5280	5280	4062852	4062852	0	539453
FOLD	5578	5281	5281	4063620	4063620	0	539584
FOLD	5579	5282	5282	4064391	4064391	0	539783
FOLD	5580	5283	5283	4065159	4065159	0	539972
FOLD	5581	5284	5284	4065930	4065930	0	540099
FOLD	5584	5285	5285	4066701	4066701	0	540565
FOLD	5587	5286	5286	4067472	4067472	0	540878
FOLD	5588	5287	5287	4068240	4068240	0	540932
FOLD	5589	5288	5288	4069008	4069008	0	541060
FOLD	5590	5289	5289	4069779	4069779	0	541191
FOLD	5599	5290	5290	4070547	4070547	0	542237
FOLD	5600	5291	5291	4071318	4071318	0	542294
FOLD	5601	5292	5292	4072086	4072086	0	542456
FOLD	5602	5293	5293	4072857	4072857	0	542637
FOLD	5603	5294	5294	4073625	4073625	0	542702
FOLD	5606	5295	5295	4074393	4074393	0	543349
FOLD	5607	5296	5296	4075161	4075161	0	543419
FOLD	5610	5297	5297	4075929	4075929	0	543738
FOLD	5613	5298	5298	4076700	4076700	0	543956
FOLD	5614	5299	5299	4077471	4077471	0	544186
FOLD	5617	5300	5300	4078242	4078242	0	544440
FOLD	5618	5301	5301	4079013	4079013	0	544572
FOLD	5619	5302	5302	4079781	4079781	0	544717
FOLD	5620	5303	5303	4080552	4080552	0	544790
FOLD	5621	5304	5304	4081320	4081320	0	544925
FOLD	5622	5305	5305	4082091	4082091	0	545181
FOLD	5631	5306	5306	4082859	4082859	0	546063
FOLD	5632	5307	5307	4083630	4083630	0	546154
FOLD	5633	5308	5308	4084398	4084398	0	546562
FOLD	5634	5309	5309	4085169	4085169	0	546701
FOLD	5635	5310	5310	4085937	4085937	0	546796
FOLD	5638	5311	5311	4086705	4086705	0	547122
FOLD	5645	5312	5312	4087476	4087476	0	548025
FOLD	5646	5313	5313	4088247	4088247	0	548214
FOLD	5647	5314	5314	4089015	4089015	0	548335
FOLD	5648	5315	5315	4089786	4089786	0	548515
FOLD	5649	5316	5316	4090554	4090554	0	548690
FOLD	5650	5317	5317	4091325	4091325	0	548846
FOLD	5659	5318	5318	4092093	4092093	0	550469
FOLD	5660	5319	5319	4092864	4092864	0	550583
FOLD	5661	5320	5320	4093632	4093632	0	550720
FOLD	5662	5321	5321	4094403	4094403	0	550855
FOLD	5663	5322	5322	4095171	4095171	0	550988
FOLD	5666	5323	5323	4095939	4095939	0	551509
FOLD	5667	5324	5324	4096707	4096707	0	551760
FOLD	5670	5325	5325	4097475	4097475	0	553100
FOLD	5671	5326	5326	4098243	4098243	0	553255
FOLD	5672	5327	5327	4099014	4099014	0	553408
FOLD	5673	5328	5328	4099782	4099782	0	553680
FOLD	5674	5329	5329	4100553	4100553	0	553892
FOLD	5675	5330	5330	4101321	4101321	0	554060
FOLD	5676	5331	5331	4102092	4102092	0	554217
FOLD	5677	5332	5332	4102860	4102860	0	554358
FOLD	5678	5333	5333	4103631	4103631	0	554491
FOLD	5679	5334	5334	4104399	4104399	0	554681
FOLD	5680	5335	5335	4105170	4105170	0	554852
FOLD	5681	5336	5336	4105938	4105938	0	555007
FOLD	5682	5337	5337	4106709	4106709	0	555223
FOLD	5683	5338	5338	4107477	4107477	0	555397
FOLD	5684	5339	5339	4108248	4108248	0	555571
FOLD	5685	5340	5340	4109016	4109016	0	555773
FOLD	5686	5341	5341	4109787	4109787	0	555919
FOLD	5687	5342	5342	4110555	4110555	0	556056
FOLD	5688	5343	5343	4111326	4111326	0	556190
FOLD	5689	5344	5344	4112094	4112094	0	556327
FOLD	5690	5345	5345	4112865	4112865	0	556542
FOLD	5691	5346	5346	4113633	4113633	0	556725
FOLD	5692	5347	5347	4114404	4114404	0	556897
FOLD	5693	5348	5348	4115172	4115172	0	557034
FOLD	5694	5349	5349	4115943	4115943	0	557170
FOLD	5695	5350	5350	4116711	4116711	0	557332
FOLD	5696	5351	5351	4117482	4117482	0	557502
FOLD	5697	5352	5352	4118250	4118250	0	557691
FOLD	5698	5353	5353	4119021	4119021	0	557849
FOLD	5699	5354	5354	4119789	4119789	0	557987
FOLD	5700	5355	5355	4120560	4120560	0	558161
FOLD	5701	5356	5356	4121328	4121328	0	558319
FOLD	5702	5357	5357	4122099	4122099	0	558460
FOLD	5703	5358	5358	4122867	4122867	0	558595
FOLD	5704	5359	5359	4123638	4123638	0	558782
FOLD	5705	5360	5360	4124406	4124406	0	558919
FOLD	5706	5361	5361	4125177	4125177	0	559101
FOLD	5707	5362	5362	4125945	4125945	0	559267
FOLD	5708	5363	5363	4126716	4126716	0	559450
FOLD	5709	5364	5364	4127484	4127484	0	559851
FOLD	5710	5365	5365	4128255	4128255	0	560087
FOLD	5711	5366	5366	4129023	4129023	0	560270
FOLD	5712	5367	5367	4129794	4129794	0	560449
FOLD	5713	5368	5368	4130562	4130562	0	560683
FOLD	5714	5369	5369	4131333	4131333	0	560866
FOLD	5715	5370	5370	4132101	4132101	0	561039
FOLD	5716	5371	5371	4132872	4132872	0	561312
FOLD	5717	5372	5372	4133640	4133640	0	561547
FOLD	5718	5373	5373	4134411	4134411	0	561722
FOLD	5719	5374	5374	4135179	4135179	0	561892
FOLD	5720	5375	5375	4135950	4135950	0	562264
FOLD	5721	5376	5376	4136718	4136718	0	562448
FOLD	5722	5377	5377	4137489	4137489	0	562665
FOLD	5723	5378	5378	4138257	4138257	0	562967
FOLD	5724	5379	5379	4139028	4139028	0	563172
FOLD	5725	5380	5380	4139796	4139796	0	563391
FOLD	5726	5381	5381	4140567	4140567	0	563597
FOLD	5727	5382	5382	4141335	4141335	0	564025
FOLD	5728	5383	5383	4142106	4142106	0	564212
FOLD	5729	5384	5384	4142874	4142874	0	564448
FOLD	5730	5385	5385	4143645	4143645	0	564728
FOLD	5731	5386	5386	4144413	4144413	0	564908
FOLD	5732	5387	5387	4145184	4145184	0	565161
FOLD	5733	5388	5388	4145952	4145952	0	565468
FOLD	5734	5389	5389	4146723	4146723	0	565644
FOLD	5735	5390	5390	4147491	4147491	0	565842
FOLD	5736	5391	5391	4148262	4148262	0	566194
FOLD	5737	5392	5392	4149030	4149030	0	566456
FOLD	5738	5393	5393	4149801	4149801	0	566661
FOLD	5739	5394	5394	4150569	4150569	0	566934
FOLD	5740	5395	5395	4151340	4151340	0	567107
FOLD	5741	5396	5396	4152108	4152108	0	567248
FOLD	5742	5397	5397	4152879	4152879	0	567423
FOLD	5743	5398	5398	4153647	4153647	0	567598
FOLD	5744	5399	5399	4154418	4154418	0	567819
FOLD	5745	5400	5400	4155186	4155186	0	567969
FOLD	5746	5401	5401	4155957	4155957	0	568106
FOLD	5747	5402	5402	4156725	4156725	0	568269
FOLD	5748	5403	5403	4157496	4157496	0	568471
FOLD	5749	5404	5404	4158264	4158264	0	568702
FOLD	5750	5405	5405	4159035	4159035	0	568864
FOLD	5751	5406	5406	4159803	4159803	0	569003
FOLD	5752	5407	5407	4160574	4160574	0	569138
FOLD	5753	5408	5408	4161342	4161342	0	569388
FOLD	5754	5409	5409	4162113	4162113	0	569669
FOLD	5755	5410	5410	4162881	4162881	0	569807
FOLD	5756	5411	5411	4163652	4163652	0	569939
FOLD	5757	5412	5412	4164420	4164420	0	570107
FOLD	5758	5413	5413	4165191	4165191	0	570329
FOLD	5759	5414	5414	4165959	4165959	0	570465
FOLD	5760	5415	5415	4166730	4166730	0	570621
FOLD	5761	5416	5416	4167498	4167498	0	570763
FOLD	5762	5417	5417	4168269	4168269	0	570940
FOLD	5763	5418	5418	4169037	4169037	0	571075
FOLD	5764	5419	5419	4169808	4169808	0	571265
FOLD	5765	5420	5420	4170576	4170576	0	571407
FOLD	5766	5421	5421	4171347	4171347	0	571544
FOLD	5767	5422	5422	4172115	4172115	0	571819
FOLD	5768	5423	5423	4172886	4172886	0	572008
FOLD	5769	5424	5424	4173654	4173654	0	572146
FOLD	5770	5425	5425	4174425	4174425	0	572357
FOLD	5771	5426	5426	4175193	4175193	0	572520
FOLD	5772	5427	5427	4175964	4175964	0	572957
FOLD	5773	5428	5428	4176732	4176732	0	573178
FOLD	5774	5429	5429	4177503	4177503	0	573317
FOLD	5775	5430	5430	4178271	4178271	0	573452
FOLD	5776	5431	5431	4179042	4179042	0	573586
FOLD	5777	5432	5432	4179810	4179810	0	573759
FOLD	5778	5433	5433	4180581	4180581	0	573897
FOLD	5779	5434	5434	4181349	4181349	0	574037
FOLD	5780	5435	5435	4182120	4182120	0	574234
FOLD	5781	5436	5436	4182888	4182888	0	574444
FOLD	5782	5437	5437	4183659	4183659	0	574607
FOLD	5783	5438	5438	4184427	4184427	0	574747
FOLD	5784	5439	5439	4185198	4185198	0	574880
FOLD	5785	5440	5440	4185966	4185966	0	575018
FOLD	5786	5441	5441	4186737	4186737	0	575232
FOLD	5787	5442	5442	4187505	4187505	0	575362
FOLD	5788	5443	5443	4188276	4188276	0	575512
FOLD	5789	5444	5444	4189044	4189044	0	575652
FOLD	5790	5445	5445	4189815	4189815	0	575868
FOLD	5791	5446	5446	4190583	4190583	0	576087
FOLD	5792	5447	5447	4191354	4191354	0	576271
FOLD	5793	5448	5448	4192122	4192122	0	576459
FOLD	5794	5449	5449	4192893	4192893	0	576657
FOLD	5795	5450	5450	4193661	4193661	0	576788
FOLD	5796	5451	5451	4194432	4194432	0	576914
FOLD	5797	5452	5452	4195200	4195200	0	577045
FOLD	5798	5453	5453	4195971	4195971	0	577176
FOLD	5799	5454	5454	4196739	4196739	0	577330
FOLD	5800	5455	5455	4197510	4197510	0	577564
FOLD	5801	5456	5456	4198278	4198278	0	578139
FOLD	5802	5457	5457	4199049	4199049	0	578294
FOLD	5803	5458	5458	4199817	4199817	0	578428
FOLD	5804	5459	5459	4200588	4200588	0	578557
FOLD	5805	5460	5460	4201356	4201356	0	578690
FOLD	5806	5461	5461	4202127	4202127	0	578827
FOLD	5807	5462	5462	4202895	4202895	0	578955
FOLD	5808	5463	5463	4203666	4203666	0	579087
FOLD	5809	5464	5464	4204434	4204434	0	579220
FOLD	5810	5465	5465	4205205	4205205	0	579352
FOLD	5811	5466	5466	4205973	4205973	0	579489
FOLD	5812	5467	5467	4206744	4206744	0	579643
FOLD	5813	5468	5468	4207512	4207512	0	579799
FOLD	5814	5469	5469	4208283	4208283	0	579936
FOLD	5815	5470	5470	4209051	4209051	0	580099
FOLD	5816	5471	5471	4209822	4209822	0	580237
FOLD	5817	5472	5472	4210590	4210590	0	580379
FOLD	5818	5473	5473	4211361	4211361	0	580514
FOLD	5819	5474	5474	4212129	4212129	0	580645
FOLD	5820	5475	5475	4212900	4212900	0	580778
FOLD	5821	5476	5476	4213668	4213668	0	580827
FOLD	5822	5477	5477	4214436	4214436	0	580964
FOLD	5823	5478	5478	4215207	4215207	0	581100
FOLD	5826	5479	5479	4215978	4215978	0	581397
FOLD	5829	5480	5480	4216749	4216749	0	581904
FOLD	5830	5481	5481	4217517	4217517	0	581969
FOLD	5831	5482	5482	4218288	4218288	0	582022
FOLD	5832	5483	5483	4219056	4219056	0	582216
FOLD	5833	5484	5484	4219827	4219827	0	582353
FOLD	5842	5485	5485	4220595	4220595	0	583377
FOLD	5843	5486	5486	4221366	4221366	0	583436
FOLD	5844	5487	5487	4222134	4222134	0	583572
FOLD	5845	5488	5488	4222905	4222905	0	583883
FOLD	5846	5489	5489	4223673	4223673	0	583964
FOLD	5849	5490	5490	4224441	4224441	0	584636
FOLD	5850	5491	5491	4225209	4225209	0	584703
FOLD	5853	5492	5492	4225977	4225977	0	585310
FOLD	5856	5493	5493	4226748	4226748	0	585539
FOLD	5857	5494	5494	4227519	4227519	0	585700
FOLD	5860	5495	5495	4228290	4228290	0	586053
FOLD	5861	5496	5496	4229061	4229061	0	586199
FOLD	5862	5497	5497	4229829	4229829	0	586302
FOLD	5863	5498	5498	4230600	4230600	0	586379
FOLD	5864	5499	5499	4231368	4231368	0	586572
FOLD	5865	5500	5500	4232139	4232139	0	586799
FOLD	5874	5501	5501	4232907	4232907	0	587878
FOLD	5875	5502	5502	4233678	4233678	0	588001
FOLD	5876	5503	5503	4234446	4234446	0	588221
FOLD	5877	5504	5504	4235217	4235217	0	588446
FOLD	5878	5505	5505	4235985	4235985	0	588553
FOLD	5881	5506	5506	4236753	4236753	0	588949
FOLD	5888	5507	5507	4237524	4237524	0	589665
FOLD	5889	5508	5508	4238295	4238295	0	589807
FOLD	5890	5509	5509	4239063	4239063	0	589926
FOLD	5891	5510	5510	4239834	4239834	0	590117
FOLD	5892	5511	5511	4240602	4240602	0	590254
FOLD	5893	5512	5512	4241373	4241373	0	590509
FOLD	5902	5513	5513	4242141	4242141	0	592080
FOLD	5903	5514	5514	4242912	4242912	0	592207
FOLD	5904	5515	5515	4243680	4243680	0	592349
FOLD	5905	5516	5516	4244451	4244451	0	592538
FOLD	5906	5517	5517	4245219	4245219	0	592702
FOLD	5909	5518	5518	4245987	4245987	0	593097
FOLD	5910	5519	5519	4246755	4246755	0	593265
FOLD	5913	5520	5520	4247523	4247523	0	594594
FOLD	5914	5521	5521	4248291	4248291	0	594736
FOLD	5915	5522	5522	4249062	4249062	0	594903
FOLD	5916	5523	5523	4249830	4249830	0	595061
FOLD	5917	5524	5524	4250601	4250601	0	595203
FOLD	5918	5525	5525	4251369	4251369	0	595359
FOLD	5919	5526	5526	4252140	4252140	0	595538
FOLD	5920	5527	5527	4252908	4252908	0	595689
FOLD	5921	5528	5528	4253679	4253679	0	595864
FOLD	5922	5529	5529	4254447	4254447	0	596009
FOLD	5923	5530	5530	4255218	4255218	0	596149
FOLD	5924	5531	5531	4255986	4255986	0	596311
FOLD	5925	5532	5532	4256757	4256757	0	596455
FOLD	5926	5533	5533	4257525	4257525	0	596597
FOLD	5927	5534	5534	4258296	4258296	0	596738
FOLD	5928	5535	5535	4259064	4259064	0	596879
FOLD	5929	5536	5536	4259835	4259835	0	597084
FOLD	5930	5537	5537	4260603	4260603	0	597229
FOLD	5931	5538	5538	4261374	4261374	0	597396
FOLD	5932	5539	5539	4262142	4262142	0	597536
FOLD	5933	5540	5540	4262913	4262913	0	597678
FOLD	5934	5541	5541	4263681	4263681	0	597879
FOLD	5935	5542	5542	4264452	4264452	0	598055
FOLD	5936	5543	5543	4265220	4265220	0	598273
FOLD	5937	5544	5544	4265991	4265991	0	598440
FOLD	5938	5545	5545	4266759	4266759	0	598585
FOLD	5939	5546	5546	4267530	4267530	0	598723
FOLD	5940	5547	5547	4268298	4268298	0	598892
FOLD	5941	5548	5548	4269069	4269069	0	599040
FOLD	5942	5549	5549	4269837	4269837	0	599181
FOLD	5943	5550	5550	4270608	4270608	0	599321
FOLD	5944	5551	5551	4271376	4271376	0	599465
FOLD	5945	5552	5552	4272147	4272147	0	599699
FOLD	5946	5553	5553	4272915	4272915	0	599849
FOLD	5947	5554	5554	4273686	4273686	0	599988
FOLD	5948	5555	5555	4274454	4274454	0	600159
FOLD	5949	5556	5556	4275225	4275225	0	600317
FOLD	5950	5557	5557	4275993	4275993	0	600462
FOLD	5951	5558	5558	4276764	4276764	0	600602
FOLD	5952	5559	5559	4277532	4277532	0	600813
FOLD	5953	5560	5560	4278303	4278303	0	600961
FOLD	5954	5561	5561	4279071	4279071	0	601207
FOLD	5955	5562	5562	4279842	4279842	0	601433
FOLD	5956	5563	5563	4280610	4280610	0	601580
FOLD	5957	5564	5564	4281381	4281381	0	601721
FOLD	5958	5565	5565	4282149	4282149	0	601861
FOLD	5959	5566	5566	4282920	4282920	0	602021
FOLD	5960	5567	5567	4283688	4283688	0	602160
FOLD	5961	5568	5568	4284459	4284459	0	602353
FOLD	5962	5569	5569	4285227	4285227	0	602594
FOLD	5963	5570	5570	4285998	4285998	0	602887
FOLD	5964	5571	5571	4286766	4286766	0	603172
FOLD	5965	5572	5572	4287537	4287537	0	603354
FOLD	5966	5573	5573	4288305	4288305	0	603556
FOLD	5967	5574	5574	4289076	4289076	0	603770
FOLD	5968	5575	5575	4289844	4289844	0	603936
FOLD	5969	5576	5576	4290615	4290615	0	604077
FOLD	5970	5577	5577	4291383	4291383	0	604331
FOLD	5971	5578	5578	4292154	4292154	0	604499
FOLD	5972	5579	5579	4292922	4292922	0	604648
FOLD	5973	5580	5580	4293693	4293693	0	604826
FOLD	5974	5581	5581	4294461	4294461	0	605020
FOLD	5975	5582	5582	4295232	4295232	0	605243
FOLD	5976	5583	5583	4296000	4296000	0	605443
FOLD	5977	5584	5584	4296771	4296771	0	605607
FOLD	5978	5585	5585	4297539	4297539	0	605803
FOLD	5979	5586	5586	4298310	4298310	0	605975
FOLD	5980	5587	5587	4299078	4299078	0	606119
FOLD	5981	5588	5588	4299849	4299849	0	606261
FOLD	5982	5589	5589	4300617	4300617	0	606416
FOLD	5983	5590	5590	4301388	4301388	0	606591
FOLD	5984	5591	5591	4302156	4302156	0	606733
FOLD	5985	5592	5592	4302927	4302927	0	606871
FOLD	5986	5593	5593	4303695	4303695	0	607012
FOLD	5987	5594	5594	4304466	4304466	0	607152
FOLD	5988	5595	5595	4305234	4305234	0	607424
FOLD	5989	5596	5596	4306005	4306005	0	607582
FOLD	5990	5597	5597	4306773	4306773	0	607767
FOLD	5991	5598	5598	4307544	4307544	0	607915
FOLD	5992	5599	5599	4308312	4308312	0	608119
FOLD	5993	5600	5600	4309083	4309083	0	608513
FOLD	5994	5601	5601	4309851	4309851	0	608658
FOLD	5995	5602	5602	4310622	4310622	0	608795
FOLD	5996	5603	5603	4311390	4311390	0	608959
FOLD	5997	5604	5604	4312161	4312161	0	609149
FOLD	5998	5605	5605	4312929	4312929	0	609359
FOLD	5999	5606	5606	4313700	4313700	0	609546
FOLD	6000	5607	5607	4314468	4314468	0	609693
FOLD	6001	5608	5608	4315239	4315239	0	609907
FOLD	6002	5609	5609	4316007	4316007	0	610067
FOLD	6003	5610	5610	4316778	4316778	0	610228
FOLD	6004	5611	5611	4317546	4317546	0	610398
FOLD	6005	5612	5612	4318317	4318317	0	610571
FOLD	6006	5613	5613	4319085	4319085	0	610712
FOLD	6007	5614	5614	4319856	4319856	0	610851
FOLD	6008	5615	5615	4320624	4320624	0	610994
FOLD	6009	5616	5616	4321395	4321395	0	611188
FOLD	6010	5617	5617	4322163	4322163	0	611334
FOLD	6011	5618	5618	4322934	4322934	0	611476
FOLD	6012	5619	5619	4323702	4323702	0	611642
FOLD	6013	5620	5620	4324473	4324473	0	611861
FOLD	6014	5621	5621	4325241	4325241	0	612081
FOLD	6015	5622	5622	4326012	4326012	0	612223
FOLD	6016	5623	5623	4326780	4326780	0	612364
FOLD	6017	5624	5624	4327551	4327551	0	612503
FOLD	6018	5625	5625	4328319	4328319	0	612640
FOLD	6019	5626	5626	4329090	4329090	0	612831
FOLD	6020	5627	5627	4329858	4329858	0	612977
FOLD	6021	5628	5628	4330629	4330629	0	613125
FOLD	6022	5629	5629	4331397	4331397	0	613284
FOLD	6023	5630	5630	4332168	4332168	0	613425
FOLD	6024	5631	5631	4332936	4332936	0	613568
FOLD	6025	5632	5632	4333707	4333707	0	614031
FOLD	6026	5633	5633	4334475	4334475	0	614174
FOLD	6027	5634	5634	4335246	4335246	0	614342
FOLD	6028	5635	5635	4336014	4336014	0	614514
FOLD	6029	5636	5636	4336785	4336785	0	614674
FOLD	6030	5637	5637	4337553	4337553	0	614808
FOLD	6031	5638	5638	4338324	4338324	0	614940
FOLD	6032	5639	5639	4339092	4339092	0	615078
FOLD	6033	5640	5640	4339863	4339863	0	615215
FOLD	6034	5641	5641	4340631	4340631	0	615382
FOLD	6035	5642	5642	4341402	4341402	0	615590
FOLD	6036	5643	5643	4342170	4342170	0	615821
FOLD	6037	5644	5644	4342941	4342941	0	615961
FOLD	6038	5645	5645	4343709	4343709	0	616097
FOLD	6039	5646	5646	4344480	4344480	0	616230
FOLD	6040	5647	5647	4345248	4345248	0	616366
FOLD	6041	5648	5648	4346019	4346019	0	616507
FOLD	6042	5649	5649	4346787	4346787	0	616642
FOLD	6043	5650	5650	4347558	4347558	0	616782
FOLD	6044	5651	5651	4348326	4348326	0	617307
FOLD	6045	5652	5652	4349097	4349097	0	617465
FOLD	6046	5653	5653	4349865	4349865	0	617629
FOLD	6047	5654	5654	4350636	4350636	0	617781
FOLD	6048	5655	5655	4351404	4351404	0	617924
FOLD	6049	5656	5656	4352175	4352175	0	618190
FOLD	6050	5657	5657	4352943	4352943	0	618363
FOLD	6051	5658	5658	4353714	4353714	0	618514
FOLD	6052	5659	5659	4354482	4354482	0	618666
FOLD	6053	5660	5660	4355253	4355253	0	618819
FOLD	6054	5661	5661	4356021	4356021	0	618995
FOLD	6055	5662	5662	4356792	4356792	0	619157
FOLD	6056	5663	5663	4357560	4357560	0	619314
FOLD	6057	5664	5664	4358331	4358331	0	619487
FOLD	6058	5665	5665	4359099	4359099	0	619642
FOLD	6059	5666	5666	4359870	4359870	0	619894
FOLD	6060	5667	5667	4360638	4360638	0	619953
FOLD	6061	5668	5668	4361406	4361406	0	620327
FOLD	6062	5669	5669	4362177	4362177	0	620502
FOLD	6063	5670	5670	4362945	4362945	0	620581
FOLD	6064	5671	5671	4363713	4363713	0	620751
FOLD	6065	5672	5672	4364484	4364484	0	620906
FOLD	6068	5673	5673	4365255	4365255	0	621250
FOLD	6071	5674	5674	4366026	4366026	0	621596
FOLD	6072	5675	5675	4366797	4366797	0	621763
FOLD	6073	5676	5676	4367565	4367565	0	621858
FOLD	6074	5677	5677	4368336	4368336	0	621998
FOLD	6075	5678	5678	4369104	4369104	0	622158
FOLD	6076	5679	5679	4369875	4369875	0	622365
FOLD	6085	5680	5680	4370643	4370643	0	623644
FOLD	6086	5681	5681	4371414	4371414	0	623738
FOLD	6087	5682	5682	4372182	4372182	0	623907
FOLD	6088	5683	5683	4372953	4372953	0	624063
FOLD	6089	5684	5684	4373721	4373721	0	624134
FOLD	6092	5685	5685	4374489	4374489	0	624777
FOLD	6093	5686	5686	4375257	4375257	0	624847
FOLD	6096	5687	5687	4376025	4376025	0	625253
FOLD	6099	5688	5688	4376796	4376796	0	625510
FOLD	6100	5689	5689	4377567	4377567	0	625789
FOLD	6103	5690	5690	4378338	4378338	0	626114
FOLD	6104	5691	5691	4379109	4379109	0	626329
FOLD	6105	5692	5692	4379877	4379877	0	626420
FOLD	6106	5693	5693	4380648	4380648	0	626487
FOLD	6107	5694	5694	4381416	4381416	0	626681
FOLD	6108	5695	5695	4382187	4382187	0	626858
FOLD	6117	5696	5696	4382955	4382955	0	627896
FOLD	6118	5697	5697	4383726	4383726	0	627989
FOLD	6119	5698	5698	4384494	4384494	0	628165
FOLD	6120	5699	5699	4385265	4385265	0	628382
FOLD	6121	5700	5700	4386033	4386033	0	628487
FOLD	6124	5701	5701	4386801	4386801	0	629113
FOLD	6131	5702	5702	4387572	4387572	0	630141
FOLD	6132	5703	5703	4388343	4388343	0	630365
FOLD	6133	5704	5704	4389111	4389111	0	630496
FOLD	6134	5705	5705	4389882	4389882	0	630717
FOLD	6135	5706	5706	4390650	4390650	0	630904
FOLD	6136	5707	5707	4391421	4391421	0	631153
FOLD	6145	5708	5708	4392189	4392189	0	633143
FOLD	6146	5709	5709	4392960	4392960	0	633311
FOLD	6147	5710	5710	4393728	4393728	0	633529
FOLD	6148	5711	5711	4394499	4394499	0	633709
FOLD	6149	5712	5712	4395267	4395267	0	633859
FOLD	6152	5713	5713	4396035	4396035	0	634368
FOLD	6153	5714	5714	4396803	4396803	0	634549
FOLD	6156	5715	5715	4397571	4397571	0	635760
FOLD	6157	5716	5716	4398339	4398339	0	635934
FOLD	6158	5717	5717	4399110	4399110	0	636100
FOLD	6159	5718	5718	4399878	4399878	0	636296
FOLD	6160	5719	5719	4400649	4400649	0	636508
FOLD	6161	5720	5720	4401417	4401417	0	636687
FOLD	6162	5721	5721	4402188	4402188	0	636857
FOLD	6163	5722	5722	4402956	4402956	0	637055
FOLD	6164	5723	5723	4403727	4403727	0	637233
FOLD	6165	5724	5724	4404495	4404495	0	637381
FOLD	6166	5725	5725	4405266	4405266	0	637528
FOLD	6167	5726	5726	4406034	4406034	0	637706
FOLD	6168	5727	5727	4406805	4406805	0	637926
FOLD	6169	5728	5728	4407573	4407573	0	638077
FOLD	6170	5729	5729	4408344	4408344	0	638274
FOLD	6171	5730	5730	4409112	4409112	0	638453
FOLD	6172	5731	5731	4409883	4409883	0	638632
FOLD	6173	5732	5732	4410651	4410651	0	638796
FOLD	6174	5733	5733	4411422	4411422	0	638976
FOLD	6175	5734	5734	4412190	4412190	0	639217
FOLD	6176	5735	5735	4412961	4412961	0	639421
FOLD	6177	5736	5736	4413729	4413729	0	639573
FOLD	6178	5737	5737	4414500	4414500	0	639727
FOLD	6179	5738	5738	4415268	4415268	0	639909
FOLD	6180	5739	5739	4416039	4416039	0	640113
FOLD	6181	5740	5740	4416807	4416807	0	640266
FOLD	6182	5741	5741	4417578	4417578	0	640464
FOLD	6183	5742	5742	4418346	4418346	0	640643
FOLD	6184	5743	5743	4419117	4419117	0	640864
FOLD	6185	5744	5744	4419885	4419885	0	641015
FOLD	6186	5745	5745	4420656	4420656	0	641188
FOLD	6187	5746	5746	4421424	4421424	0	641390
FOLD	6188	5747	5747	4422195	4422195	0	641581
FOLD	6189	5748	5748	4422963	4422963	0	641744
FOLD	6190	5749	5749	4423734	4423734	0	641940
FOLD	6191	5750	5750	4424502	4424502	0	642149
FOLD	6192	5751	5751	4425273	4425273	0	642335
FOLD	6193	5752	5752	4426041	4426041	0	642484
FOLD	6194	5753	5753	4426812	4426812	0	642626
FOLD	6195	5754	5754	4427580	4427580	0	642807
FOLD	6196	5755	5755	4428351	4428351	0	642996
FOLD	6197	5756	5756	4429119	4429119	0	643148
FOLD	6198	5757	5757	4429890	4429890	0	643294
FOLD	6199	5758	5758	4430658	4430658	0	643465
FOLD	6200	5759	5759	4431429	4431429	0	643658
FOLD	6201	5760	5760	4432197	4432197	0	643879
FOLD	6202	5761	5761	4432968	4432968	0	644051
FOLD	6203	5762	5762	4433736	4433736	0	644252
FOLD	6204	5763	5763	4434507	4434507	0	644442
FOLD	6205	5764	5764	4435275	4435275	0	644636
FOLD	6206	5765	5765	4436046	4436046	0	644790
FOLD	6207	5766	5766	4436814	4436814	0	644962
FOLD	6208	5767	5767	4437585	4437585	0	645126
FOLD	6209	5768	5768	4438353	4438353	0	645274
FOLD	6210	5769	5769	4439124	4439124	0	645418
FOLD	6211	5770	5770	4439892	4439892	0	645579
FOLD	6212	5771	5771	4440663	4440663	0	645770
FOLD	6213	5772	5772	4441431	4441431	0	645922
FOLD	6214	5773	5773	4442202	4442202	0	646206
FOLD	6215	5774	5774	4442970	4442970	0	646435
FOLD	6216	5775	5775	4443741	4443741	0	646643
FOLD	6217	5776	5776	4444509	4444509	0	646793
FOLD	6218	5777	5777	4445280	4445280	0	646935
FOLD	6219	5778	5778	4446048	4446048	0	647104
FOLD	6220	5779	5779	4446819	4446819	0	647268
FOLD	6221	5780	5780	4447587	4447587	0	647421
FOLD	6222	5781	5781	4448358	4448358	0	647582
FOLD	6223	5782	5782	4449126	4449126	0	647781
FOLD	6224	5783	5783	4449897	4449897	0	647950
FOLD	6225	5784	5784	4450665	4450665	0	648125
FOLD	6226	5785	5785	4451436	4451436	0	648304
FOLD	6227	5786	5786	4452204	4452204	0	648495
FOLD	6228	5787	5787	4452975	4452975	0	648718
FOLD	6229	5788	5788	4453743	4453743	0	648872
FOLD	6230	5789	5789	4454514	4454514	0	649048
FOLD	6231	5790	5790	4455282	4455282	0	649263
FOLD	6232	5791	5791	4456053	4456053	0	649614
FOLD	6233	5792	5792	4456821	4456821	0	649779
FOLD	6234	5793	5793	4457592	4457592	0	649958
FOLD	6235	5794	5794	4458360	4458360	0	650162
FOLD	6236	5795	5795	4459131	4459131	0	650336
FOLD	6237	5796	5796	4459899	4459899	0	650489
FOLD	6238	5797	5797	4460670	4460670	0	650636
FOLD	6239	5798	5798	4461438	4461438	0	650802
FOLD	6240	5799	5799	4462209	4462209	0	650966
FOLD	6241	5800	5800	4462977	4462977	0	651114
FOLD	6242	5801	5801	4463748	4463748	0	651259
FOLD	6243	5802	5802	4464516	4464516	0	651456
FOLD	6244	5803	5803	4465287	4465287	0	651693
FOLD	6245	5804	5804	4466055	4466055	0	651848
FOLD	6246	5805	5805	4466826	4466826	0	652045
FOLD	6247	5806	5806	4467594	4467594	0	652215
FOLD	6248	5807	5807	4468365	4468365	0	652429
FOLD	6249	5808	5808	4469133	4469133	0	652578
FOLD	6250	5809	5809	4469904	4469904	0	652721
FOLD	6251	5810	5810	4470672	4470672	0	652903
FOLD	6252	5811	5811	4471443	4471443	0	653067
FOLD	6253	5812	5812	4472211	4472211	0	653264
FOLD	6254	5813	5813	4472982	4472982	0	653434
FOLD	6255	5814	5814	4473750	4473750	0	653600
FOLD	6256	5815	5815	4474521	4474521	0	653772
FOLD	6257	5816	5816	4475289	4475289	0	653917
FOLD	6258	5817	5817	4476060	4476060	0	654060
FOLD	6259	5818	5818	4476828	4476828	0	654254
FOLD	6260	5819	5819	4477599	4477599	0	654426
FOLD	6261	5820	5820	4478367	4478367	0	654573
FOLD	6262	5821	5821	4479138	4479138	0	654719
FOLD	6263	5822	5822	4479906	4479906	0	654910
FOLD	6264	5823	5823	4480677	4480677	0	655116
FOLD	6265	5824	5824	4481445	4481445	0	655280
FOLD	6266	5825	5825	4482216	4482216	0	655449
FOLD	6267	5826	5826	4482984	4482984	0	655620
FOLD	6268	5827	5827	4483755	4483755	0	656130
FOLD	6269	5828	5828	4484523	4484523	0	656283
FOLD	6270	5829	5829	4485294	4485294	0	656469
FOLD	6271	5830	5830	4486062	4486062	0	656628
FOLD	6272	5831	5831	4486833	4486833	0	656787
FOLD	6273	5832	5832	4487601	4487601	0	656946
FOLD	6274	5833	5833	4488372	4488372	0	657105
FOLD	6275	5834	5834	4489140	4489140	0	657272
FOLD	6276	5835	5835	4489911	4489911	0	657442
FOLD	6277	5836	5836	4490679	4490679	0	657616
FOLD	6278	5837	5837	4491450	4491450	0	657778
FOLD	6279	5838	5838	4492218	4492218	0	657949
FOLD	6280	5839	5839	4492989	4492989	0	658118
FOLD	6281	5840	5840	4493757	4493757	0	658265
FOLD	6282	5841	5841	4494528	4494528	0	658406
FOLD	6283	5842	5842	4495296	4495296	0	658589
FOLD	6284	5843	5843	4496067	4496067	0	658765
FOLD	6285	5844	5844	4496835	4496835	0	658937
FOLD	6286	5845	5845	4497606	4497606	0	659099
FOLD	6287	5846	5846	4498374	4498374	0	659257
FOLD	6288	5847	5847	4499145	4499145	0	659407
FOLD	6289	5848	5848	4499913	4499913	0	659555
FOLD	6290	5849	5849	4500684	4500684	0	659732
FOLD	6291	5850	5850	4501452	4501452	0	659915
FOLD	6292	5851	5851	4502223	4502223	0	660065
FOLD	6293	5852	5852	4502991	4502991	0	660213
FOLD	6294	5853	5853	4503762	4503762	0	660366
FOLD	6295	5854	5854	4504530	4504530	0	660528
FOLD	6296	5855	5855	4505301	4505301	0	660788
FOLD	6297	5856	5856	4506069	4506069	0	660942
FOLD	6298	5857	5857	4506840	4506840	0	661112
FOLD	6301	5858	5858	4507611	4507611	0	661565
FOLD	6302	5859	5859	4508379	4508379	0	661620
FOLD	6303	5860	5860	4509147	4509147	0	661798
FOLD	6304	5861	5861	4509918	4509918	0	661957
FOLD	6305	5862	5862	4510686	4510686	0	662009
FOLD	6306	5863	5863	4511454	4511454	0	662162
FOLD	6307	5864	5864	4512225	4512225	0	662451
FOLD	6314	5865	5865	4512996	4512996	0	663195
FOLD	6315	5866	5866	4513767	4513767	0	663344
FOLD	6316	5867	5867	4514535	4514535	0	663413
FOLD	6317	5868	5868	4515306	4515306	0	663507
FOLD	6318	5869	5869	4516074	4516074	0	663759
FOLD	6319	5870	5870	4516845	4516845	0	663946
FOLD	6328	5871	5871	4517613	4517613	0	665293
FOLD	6329	5872	5872	4518384	4518384	0	665416
FOLD	6330	5873	5873	4519152	4519152	0	665811
FOLD	6331	5874	5874	4519923	4519923	0	666042
FOLD	6332	5875	5875	4520691	4520691	0	666173
FOLD	6335	5876	5876	4521459	4521459	0	666721
FOLD	6336	5877	5877	4522227	4522227	0	666855
FOLD	6339	5878	5878	4522995	4522995	0	667386
FOLD	6342	5879	5879	4523766	4523766	0	667838
FOLD	6343	5880	5880	4524537	4524537	0	668097
FOLD	6346	5881	5881	4525308	4525308	0	668583
FOLD	6347	5882	5882	4526079	4526079	0	668795
FOLD	6348	5883	5883	4526847	4526847	0	668950
FOLD	6349	5884	5884	4527618	4527618	0	669082
FOLD	6350	5885	5885	4528386	4528386	0	669316
FOLD	6351	5886	5886	4529157	4529157	0	669574
FOLD	6360	5887	5887	4529925	4529925	0	671192
FOLD	6361	5888	5888	4530696	4530696	0	671348
FOLD	6362	5889	5889	4531464	4531464	0	671564
FOLD	6363	5890	5890	4532235	4532235	0	671883
FOLD	6364	5891	5891	4533003	4533003	0	672063
FOLD	6367	5892	5892	4533771	4533771	0	672651
FOLD	6374	5893	5893	4534542	4534542	0	673928
FOLD	6375	5894	5894	4535313	4535313	0	674197
FOLD	6376	5895	5895	4536081	4536081	0	674389
FOLD	6377	5896	5896	4536852	4536852	0	674724
FOLD	6378	5897	5897	4537620	4537620	0	674935
FOLD	6379	5898	5898	4538391	4538391	0	675144
FOLD	6388	5899	5899	4539159	4539159	0	677187
FOLD	6389	5900	5900	4539930	4539930	0	677327
FOLD	6390	5901	5901	4540698	4540698	0	677517
FOLD	6391	5902	5902	4541469	4541469	0	677720
FOLD	6392	5903	5903	4542237	4542237	0	677926
FOLD	6395	5904	5904	4543005	4543005	0	678404
FOLD	6396	5905	5905	4543773	4543773	0	678559
FOLD	6399	5906	5906	4544541	4544541	0	679812
FOLD	6400	5907	5907	4545309	4545309	0	679991
FOLD	6401	5908	5908	4546080	4546080	0	680162
FOLD	6402	5909	5909	4546848	4546848	0	680345
FOLD	6403	5910	5910	4547619	4547619	0	680534
FOLD	6404	5911	5911	4548387	4548387	0	680716
FOLD	6405	5912	5912	4549158	4549158	0	680869
FOLD	6406	5913	5913	4549926	4549926	0	681024
FOLD	6407	5914	5914	4550697	4550697	0	681315
FOLD	6408	5915	5915	4551465	4551465	0	681472
FOLD	6409	5916	5916	4552236	4552236	0	681681
FOLD	6410	5917	5917	4553004	4553004	0	681840
FOLD	6411	5918	5918	4553775	4553775	0	681997
FOLD	6412	5919	5919	4554543	4554543	0	682170
FOLD	6413	5920	5920	4555314	4555314	0	682675
FOLD	6414	5921	5921	4556082	4556082	0	682901
FOLD	6415	5922	5922	4556853	4556853	0	683080
FOLD	6416	5923	5923	4557621	4557621	0	683243
FOLD	6417	5924	5924	4558392	4558392	0	683555
FOLD	6418	5925	5925	4559160	4559160	0	683754
FOLD	6419	5926	5926	4559931	4559931	0	683924
FOLD	6420	5927	5927	4560699	4560699	0	684107
FOLD	6421	5928	5928	4561470	4561470	0	684279
FOLD	6422	5929	5929	4562238	4562238	0	684434
FOLD	6423	5930	5930	4563009	4563009	0	684642
FOLD	6424	5931	5931	4563777	4563777	0	684880
FOLD	6425	5932	5932	4564548	4564548	0	685039
FOLD	6426	5933	5933	4565316	4565316	0	685223
FOLD	6427	5934	5934	4566087	4566087	0	685425
FOLD	6428	5935	5935	4566855	4566855	0	685661
FOLD	6429	5936	5936	4567626	4567626	0	685816
FOLD	6430	5937	5937	4568394	4568394	0	686006
FOLD	6431	5938	5938	4569165	4569165	0	686162
FOLD	6432	5939	5939	4569933	4569933	0	686319
FOLD	6433	5940	5940	4570704	4570704	0	686541
FOLD	6434	5941	5941	4571472	4571472	0	686701
FOLD	6435	5942	5942	4572243	4572243	0	686885
FOLD	6436	5943	5943	4573011	4573011	0	687058
FOLD	6437	5944	5944	4573782	4573782	0	687337
FOLD	6438	5945	5945	4574550	4574550	0	687509
FOLD	6439	5946	5946	4575321	4575321	0	687703
FOLD	6440	5947	5947	4576089	4576089	0	687925
FOLD	6441	5948	5948	4576860	4576860	0	688119
FOLD	6442	5949	5949	4577628	4577628	0	688293
FOLD	6443	5950	5950	4578399	4578399	0	688451
FOLD	6444	5951	5951	4579167	4579167	0	688608
FOLD	6445	5952	5952	4579938	4579938	0	688761
FOLD	6446	5953	5953	4580706	4580706	0	688919
FOLD	6447	5954	5954	4581477	4581477	0	689094
FOLD	6448	5955	5955	4582245	4582245	0	689295
FOLD	6449	5956	5956	4583016	4583016	0	689485
FOLD	6450	5957	5957	4583784	4583784	0	689650
FOLD	6451	5958	5958	4584555	4584555	0	689806
FOLD	6452	5959	5959	4585323	4585323	0	689964
FOLD	6453	5960	5960	4586094	4586094	0	690117
FOLD	6454	5961	5961	4586862	4586862	0	690347
FOLD	6455	5962	5962	4587633	4587633	0	690548
FOLD	6456	5963	5963	4588401	4588401	0	690711
FOLD	6457	5964	5964	4589172	4589172	0	690867
FOLD	6458	5965	5965	4589940	4589940	0	691045
FOLD	6459	5966	5966	4590711	4590711	0	691209
FOLD	6460	5967	5967	4591479	4591479	0	691392
FOLD	6461	5968	5968	4592250	4592250	0	691583
FOLD	6462	5969	5969	4593018	4593018	0	691862
FOLD	6463	5970	5970	4593789	4593789	0	692059
FOLD	6464	5971	5971	4594557	4594557	0	692220
FOLD	6465	5972	5972	4595328	4595328	0	692416
FOLD	6466	5973	5973	4596096	4596096	0	692610
FOLD	6467	5974	5974	4596867	4596867	0	692779
FOLD	6468	5975	5975	4597635	4597635	0	692985
FOLD	6469	5976	5976	4598406	4598406	0	693161
FOLD	6470	5977	5977	4599174	4599174	0	693370
FOLD	6471	5978	5978	4599945	4599945	0	693693
FOLD	6472	5979	5979	4600713	4600713	0	693853
FOLD	6473	5980	5980	4601484	4601484	0	694009
FOLD	6474	5981	5981	4602252	4602252	0	694186
FOLD	6475	5982	5982	4603023	4603023	0	694375
FOLD	6476	5983	5983	4603791	4603791	0	694536
FOLD	6477	5984	5984	4604562	4604562	0	694710
FOLD	6478	5985	5985	4605330	4605330	0	694912
FOLD	6479	5986	5986	4606101	4606101	0	695079
FOLD	6480	5987	5987	4606869	4606869	0	695276
FOLD	6481	5988	5988	4607640	4607640	0	695483
FOLD	6482	5989	5989	4608408	4608408	0	695641
FOLD	6483	5990	5990	4609179	4609179	0	695857
FOLD	6484	5991	5991	4609947	4609947	0	696087
FOLD	6485	5992	5992	4610718	4610718	0	696286
FOLD	6486	5993	5993	4611486	4611486	0	696446
FOLD	6487	5994	5994	4612257	4612257	0	696665
FOLD	6488	5995	5995	4613025	4613025	0	696882
FOLD	6489	5996	5996	4613796	4613796	0	697061
FOLD	6490	5997	5997	4614564	4614564	0	697240
FOLD	6491	5998	5998	4615335	4615335	0	697397
FOLD	6492	5999	5999	4616103	4616103	0	697568
FOLD	6493	6000	6000	4616874	4616874	0	697721
FOLD	6494	6001	6001	4617642	4617642	0	697878
FOLD	6495	6002	6002	4618413	4618413	0	698033
FOLD	6496	6003	6003	4619181	4619181	0	698186
FOLD	6497	6004	6004	4619952	4619952	0	698367
FOLD	6498	6005	6005	4620720	4620720	0	698587
FOLD	6499	6006	6006	4621491	4621491	0	698767
FOLD	6500	6007	6007	4622259	4622259	0	698921
FOLD	6501	6008	6008	4623030	4623030	0	699103
FOLD	6502	6009	6009	4623798	4623798	0	699296
FOLD	6503	6010	6010	4624569	4624569	0	699463
FOLD	6504	6011	6011	4625337	4625337	0	699624
FOLD	6505	6012	6012	4626108	4626108	0	699890
FOLD	6506	6013	6013	4626876	4626876	0	700053
FOLD	6507	6014	6014	4627647	4627647	0	700202
FOLD	6508	6015	6015	4628415	4628415	0	700389
FOLD	6509	6016	6016	4629186	4629186	0	700575
FOLD	6510	6017	6017	4629954	4629954	0	700791
FOLD	6511	6018	6018	4630725	4630725	0	700953
FOLD	6512	6019	6019	4631493	4631493	0	701176
FOLD	6513	6020	6020	4632264	4632264	0	701349
FOLD	6514	6021	6021	4633032	4633032	0	701521
FOLD	6515	6022	6022	4633803	4633803	0	701671
FOLD	6516	6023	6023	4634571	4634571	0	701818
FOLD	6517	6024	6024	4635342	4635342	0	701967
FOLD	6518	6025	6025	4636110	4636110	0	702179
FOLD	6519	6026	6026	4636881	4636881	0	702380
FOLD	6520	6027	6027	4637649	4637649	0	702552
FOLD	6521	6028	6028	4638420	4638420	0	702794
FOLD	6522	6029	6029	4639188	4639188	0	703005
FOLD	6523	6030	6030	4639959	4639959	0	703156
FOLD	6524	6031	6031	4640727	4640727	0	703323
FOLD	6525	6032	6032	4641498	4641498	0	703508
FOLD	6526	6033	6033	4642266	4642266	0	703765
FOLD	6527	6034	6034	4643037	4643037	0	703927
FOLD	6528	6035	6035	4643805	4643805	0	704194
FOLD	6529	6036	6036	4644576	4644576	0	704457
FOLD	6530	6037	6037	4645344	4645344	0	704609
FOLD	6531	6038	6038	4646115	4646115	0	704762
FOLD	6532	6039	6039	4646883	4646883	0	704914
FOLD	6533	6040	6040	4647654	4647654	0	705095
FOLD	6534	6041	6041	4648422	4648422	0	705332
FOLD	6535	6042	6042	4649193	4649193	0	705533
FOLD	6536	6043	6043	4649961	4649961	0	705753
FOLD	6537	6044	6044	4650732	4650732	0	705980
FOLD	6540	6045	6045	4651503	4651503	0	706472
FOLD	6543	6046	6046	4652274	4652274	0	706880
FOLD	6544	6047	6047	4653042	4653042	0	706943
FOLD	6545	6048	6048	4653810	4653810	0	707103
FOLD	6546	6049	6049	4654581	4654581	0	707259
FOLD	6547	6050	6050	4655349	4655349	0	707315
FOLD	6550	6051	6051	4656117	4656117	0	707887
FOLD	6557	6052	6052	4656888	4656888	0	708579
FOLD	6558	6053	6053	4657659	4657659	0	708844
FOLD	6559	6054	6054	4658427	4658427	0	709006
FOLD	6560	6055	6055	4659198	4659198	0	709108
FOLD	6561	6056	6056	4659966	4659966	0	709338
FOLD	6562	6057	6057	4660737	4660737	0	709502
FOLD	6571	6058	6058	4661505	4661505	0	711052
FOLD	6572	6059	6059	4662276	4662276	0	711124
FOLD	6573	6060	6060	4663044	4663044	0	711315
FOLD	6574	6061	6061	4663815	4663815	0	711480
FOLD	6575	6062	6062	4664583	4664583	0	711556
FOLD	6578	6063	6063	4665351	4665351	0	712166
FOLD	6579	6064	6064	4666119	4666119	0	712253
FOLD	6582	6065	6065	4666887	4666887	0	712737
FOLD	6585	6066	6066	4667658	4667658	0	712993
FOLD	6586	6067	6067	4668429	4668429	0	713152
FOLD	6589	6068	6068	4669200	4669200	0	713566
FOLD	6590	6069	6069	4669971	4669971	0	713723
FOLD	6591	6070	6070	4670739	4670739	0	713819
FOLD	6592	6071	6071	4671510	4671510	0	713894
FOLD	6593	6072	6072	4672278	4672278	0	714073
FOLD	6594	6073	6073	4673049	4673049	0	714232
FOLD	6603	6074	6074	4673817	4673817	0	715553
FOLD	6604	6075	6075	4674588	4674588	0	715674
FOLD	6605	6076	6076	4675356	4675356	0	715849
FOLD	6606	6077	6077	4676127	4676127	0	716008
FOLD	6607	6078	6078	4676895	4676895	0	716121
FOLD	6610	6079	6079	4677663	4677663	0	716585
FOLD	6617	6080	6080	4678434	4678434	0	717457
FOLD	6618	6081	6081	4679205	4679205	0	717620
FOLD	6619	6082	6082	4679973	4679973	0	717802
FOLD	6620	6083	6083	4680744	4680744	0	718021
FOLD	6621	6084	6084	4681512	4681512	0	718230
FOLD	6622	6085	6085	4682283	4682283	0	718479
FOLD	6631	6086	6086	4683051	4683051	0	720598
FOLD	6632	6087	6087	4683822	4683822	0	720888
FOLD	6633	6088	6088	4684590	4684590	0	721056
FOLD	6634	6089	6089	4685361	4685361	0	721219
FOLD	6635	6090	6090	4686129	4686129	0	721478
FOLD	6638	6091	6091	4686897	4686897	0	721961
FOLD	6639	6092	6092	4687665	4687665	0	722212
FOLD	6642	6093	6093	4688433	4688433	0	723514
FOLD	6643	6094	6094	4689201	4689201	0	723745
FOLD	6644	6095	6095	4689972	4689972	0	723992
FOLD	6645	6096	6096	4690740	4690740	0	724168
FOLD	6646	6097	6097	4691511	4691511	0	724377
FOLD	6647	6098	6098	4692279	4692279	0	724542
FOLD	6648	6099	6099	4693050	4693050	0	724818
FOLD	6649	6100	6100	4693818	4693818	0	724982
FOLD	6650	6101	6101	4694589	4694589	0	725146
FOLD	6651	6102	6102	4695357	4695357	0	725321
FOLD	6652	6103	6103	4696128	4696128	0	725556
FOLD	6653	6104	6104	4696896	4696896	0	725789
FOLD	6654	6105	6105	4697667	4697667	0	725975
FOLD	6655	6106	6106	4698435	4698435	0	726142
FOLD	6656	6107	6107	4699206	4699206	0	726315
FOLD	6657	6108	6108	4699974	4699974	0	726505
FOLD	6658	6109	6109	4700745	4700745	0	726677
FOLD	6659	6110	6110	4701513	4701513	0	726844
FOLD	6660	6111	6111	4702284	4702284	0	727006
FOLD	6661	6112	6112	4703052	4703052	0	727170
FOLD	6662	6113	6113	4703823	4703823	0	727379
FOLD	6663	6114	6114	4704591	4704591	0	727624
FOLD	6664	6115	6115	4705362	4705362	0	727841
FOLD	6665	6116	6116	4706130	4706130	0	728043
FOLD	6666	6117	6117	4706901	4706901	0	728221
FOLD	6667	6118	6118	4707669	4707669	0	728389
FOLD	6668	6119	6119	4708440	4708440	0	728590
FOLD	6669	6120	6120	4709208	4709208	0	728781
FOLD	6670	6121	6121	4709979	4709979	0	728947
FOLD	6671	6122	6122	4710747	4710747	0	729129
FOLD	6672	6123	6123	4711518	4711518	0	729294
FOLD	6673	6124	6124	4712286	4712286	0	729480
FOLD	6674	6125	6125	4713057	4713057	0	729651
FOLD	6675	6126	6126	4713825	4713825	0	729831
FOLD	6676	6127	6127	4714596	4714596	0	730014
FOLD	6677	6128	6128	4715364	4715364	0	730179
FOLD	6678	6129	6129	4716135	4716135	0	730364
FOLD	6679	6130	6130	4716903	4716903	0	730530
FOLD	6680	6131	6131	4717674	4717674	0	730717
FOLD	6681	6132	6132	4718442	4718442	0	730908
FOLD	6682	6133	6133	4719213	4719213	0	731073
FOLD	6683	6134	6134	4719981	4719981	0	731269
FOLD	6684	6135	6135	4720752	4720752	0	731509
FOLD	6685	6136	6136	4721520	4721520	0	731722
FOLD	6686	6137	6137	4722291	4722291	0	731892
FOLD	6687	6138	6138	4723059	4723059	0	732056
FOLD	6688	6139	6139	4723830	4723830	0	732219
FOLD	6689	6140	6140	4724598	4724598	0	732413
FOLD	6690	6141	6141	4725369	4725369	0	732588
FOLD	6691	6142	6142	4726137	4726137	0	732755
FOLD	6692	6143	6143	4726908	4726908	0	732916
FOLD	6693	6144	6144	4727676	4727676	0	733124
FOLD	6694	6145	6145	4728447	4728447	0	733364
FOLD	6695	6146	6146	4729215	4729215	0	733531
FOLD	6696	6147	6147	4729986	4729986	0	733751
FOLD	6697	6148	6148	4730754	4730754	0	733939
FOLD	6698	6149	6149	4731525	4731525	0	734103
FOLD	6699	6150	6150	4732293	4732293	0	734289
FOLD	6700	6151	6151	4733064	4733064	0	734467
FOLD	6701	6152	6152	4733832	4733832	0	734634
FOLD	6702	6153	6153	4734603	4734603	0	734796
FOLD	6703	6154	6154	4735371	4735371	0	734961
FOLD	6704	6155	6155	4736142	4736142	0	735186
FOLD	6705	6156	6156	4736910	4736910	0	735378
FOLD	6706	6157	6157	4737681	4737681	0	735581
FOLD	6707	6158	6158	4738449	4738449	0	735790
FOLD	6708	6159	6159	4739220	4739220	0	735979
FOLD	6709	6160	6160	4739988	4739988	0	736200
FOLD	6710	6161	6161	4740759	4740759	0	736479
FOLD	6711	6162	6162	4741527	4741527	0	736653
FOLD	6712	6163	6163	4742298	4742298	0	736835
FOLD	6713	6164	6164	4743066	4743066	0	737047
FOLD	6714	6165	6165	4743837	4743837	0	737217
FOLD	6715	6166	6166	4744605	4744605	0	737379
FOLD	6716	6167	6167	4745376	4745376	0	737540
FOLD	6717	6168	6168	4746144	4746144	0	737704
FOLD	6718	6169	6169	4746915	4746915	0	737868
FOLD	6719	6170	6170	4747683	4747683	0	738030
FOLD	6720	6171	6171	4748454	4748454	0	738259
FOLD	6721	6172	6172	4749222	4749222	0	738439
FOLD	6722	6173	6173	4749993	4749993	0	738603
FOLD	6723	6174	6174	4750761	4750761	0	738786
FOLD	6724	6175	6175	4751532	4751532	0	738983
FOLD	6725	6176	6176	4752300	4752300	0	739156
FOLD	6726	6177	6177	4753071	4753071	0	739366
FOLD	6727	6178	6178	4753839	4753839	0	739575
FOLD	6728	6179	6179	4754610	4754610	0	739803
FOLD	6729	6180	6180	4755378	4755378	0	740002
FOLD	6730	6181	6181	4756149	4756149	0	740171
FOLD	6731	6182	6182	4756917	4756917	0	740335
FOLD	6732	6183	6183	4757688	4757688	0	740497
FOLD	6733	6184	6184	4758456	4758456	0	740697
FOLD	6734	6185	6185	4759227	4759227	0	740884
FOLD	6735	6186	6186	4759995	4759995	0	741048
FOLD	6736	6187	6187	4760766	4760766	0	741207
FOLD	6737	6188	6188	4761534	4761534	0	741372
FOLD	6738	6189	6189	4762305	4762305	0	741536
FOLD	6739	6190	6190	4763073	4763073	0	741697
FOLD	6740	6191	6191	4763844	4763844	0	741896
FOLD	6741	6192	6192	4764612	4764612	0	742065
FOLD	6742	6193	6193	4765383	4765383	0	742222
FOLD	6743	6194	6194	4766151	4766151	0	742378
FOLD	6744	6195	6195	4766922	4766922	0	742537
FOLD	6745	6196	6196	4767690	4767690	0	742716
FOLD	6746	6197	6197	4768461	4768461	0	742886
FOLD	6747	6198	6198	4769229	4769229	0	743120
FOLD	6748	6199	6199	4770000	4770000	0	743296
FOLD	6749	6200	6200	4770768	4770768	0	743456
FOLD	6750	6201	6201	4771539	4771539	0	743624
FOLD	6751	6202	6202	4772307	4772307	0	743828
FOLD	6752	6203	6203	4773078	4773078	0	743990
FOLD	6753	6204	6204	4773846	4773846	0	744173
FOLD	6754	6205	6205	4774617	4774617	0	744351
FOLD	6755	6206	6206	4775385	4775385	0	744535
FOLD	6756	6207	6207	4776156	4776156	0	744725
FOLD	6757	6208	6208	4776924	4776924	0	744902
FOLD	6758	6209	6209	4777695	4777695	0	745059
FOLD	6759	6210	6210	4778463	4778463	0	745233
FOLD	6760	6211	6211	4779234	4779234	0	745428
FOLD	6761	6212	6212	4780002	4780002	0	745587
FOLD	6762	6213	6213	4780773	4780773	0	745739
FOLD	6763	6214	6214	4781541	4781541	0	745900
FOLD	6764	6215	6215	4782312	4782312	0	746056
FOLD	6765	6216	6216	4783080	4783080	0	746242
FOLD	6766	6217	6217	4783851	4783851	0	746438
FOLD	6767	6218	6218	4784619	4784619	0	746604
FOLD	6768	6219	6219	4785390	4785390	0	746765
FOLD	6769	6220	6220	4786158	4786158	0	746925
FOLD	6770	6221	6221	4786929	4786929	0	747105
FOLD	6771	6222	6222	4787697	4787697	0	747266
FOLD	6772	6223	6223	4788468	4788468	0	747430
FOLD	6773	6224	6224	4789236	4789236	0	747589
FOLD	6774	6225	6225	4790007	4790007	0	747790
FOLD	6775	6226	6226	4790775	4790775	0	747995
FOLD	6776	6227	6227	4791546	4791546	0	748215
FOLD	6777	6228	6228	4792314	4792314	0	748271
FOLD	6778	6229	6229	4793082	4793082	0	748440
FOLD	6779	6230	6230	4793853	4793853	0	748604
FOLD	6782	6231	6231	4794624	4794624	0	748949
FOLD	6785	6232	6232	4795395	4795395	0	749477
FOLD	6786	6233	6233	4796163	4796163	0	749538
FOLD	6787	6234	6234	4796934	4796934	0	749587
FOLD	6788	6235	6235	4797702	4797702	0	749772
FOLD	6789	6236	6236	4798473	4798473	0	749940
FOLD	6790	6237	6237	4799241	4799241	0	749998
FOLD	6793	6238	6238	4800009	4800009	0	750454
FOLD	6800	6239	6239	4800780	4800780	0	751122
FOLD	6801	6240	6240	4801551	4801551	0	751290
FOLD	6802	6241	6241	4802319	4802319	0	751357
FOLD	6803	6242	6242	4803090	4803090	0	751470
FOLD	6804	6243	6243	4803858	4803858	0	751637
FOLD	6805	6244	6244	4804629	4804629	0	751856
FOLD	6814	6245	6245	4805397	4805397	0	755319
FOLD	6815	6246	6246	4806168	4806168	0	755388
FOLD	6816	6247	6247	4806936	4806936	0	755561
FOLD	6817	6248	6248	4807707	4807707	0	755795
FOLD	6818	6249	6249	4808475	4808475	0	755894
FOLD	6821	6250	6250	4809243	4809243	0	756357
FOLD	6822	6251	6251	4810011	4810011	0	756443
FOLD	6825	6252	6252	4810779	4810779	0	756838
FOLD	6828	6253	6253	4811550	4811550	0	757128
FOLD	6829	6254	6254	4812321	4812321	0	757339
FOLD	6832	6255	6255	4813092	4813092	0	757766
FOLD	6833	6256	6256	4813863	4813863	0	757945
FOLD	6834	6257	6257	4814631	4814631	0	758051
FOLD	6835	6258	6258	4815402	4815402	0	758133
FOLD	6836	6259	6259	4816170	4816170	0	758299
FOLD	6837	6260	6260	4816941	4816941	0	758504
FOLD	6846	6261	6261	4817709	4817709	0	759567
FOLD	6847	6262	6262	4818480	4818480	0	759695
FOLD	6848	6263	6263	4819248	4819248	0	759894
FOLD	6849	6264	6264	4820019	4820019	0	760159
FOLD	6850	6265	6265	4820787	4820787	0	760282
FOLD	6853	6266	6266	4821555	4821555	0	760777
FOLD	6860	6267	6267	4822326	4822326	0	761623
FOLD	6861	6268	6268	4823097	4823097	0	761796
FOLD	6862	6269	6269	4823865	4823865	0	761943
FOLD	6863	6270	6270	4824636	4824636	0	762173
FOLD	6864	6271	6271	4825404	4825404	0	762342
FOLD	6865	6272	6272	4826175	4826175	0	762515
FOLD	6874	6273	6273	4826943	4826943	0	766940
FOLD	6875	6274	6274	4827714	4827714	0	767091
FOLD	6876	6275	6275	4828482	4828482	0	767278
FOLD	6877	6276	6276	4829253	4829253	0	767497
FOLD	6878	6277	6277	4830021	4830021	0	767679
FOLD	6881	6278	6278	4830789	4830789	0	768160
FOLD	6882	6279	6279	4831557	4831557	0	768333
FOLD	6885	6280	6280	4832325	4832325	0	769565
FOLD	6886	6281	6281	4833093	4833093	0	769740
FOLD	6887	6282	6282	4833864	4833864	0	769911
FOLD	6888	6283	6283	4834632	4834632	0	770081
FOLD	6889	6284	6284	4835403	4835403	0	770260
FOLD	6890	6285	6285	4836171	4836171	0	770476
FOLD	6891	6286	6286	4836942	4836942	0	770665
FOLD	6892	6287	6287	4837710	4837710	0	770879
FOLD	6893	6288	6288	4838481	4838481	0	771090
FOLD	6894	6289	6289	4839249	4839249	0	771266
FOLD	6895	6290	6290	4840020	4840020	0	771439
FOLD	6896	6291	6291	4840788	4840788	0	771653
FOLD	6897	6292	6292	4841559	4841559	0	771948
FOLD	6898	6293	6293	4842327	4842327	0	772124
FOLD	6899	6294	6294	4843098	4843098	0	772295
FOLD	6900	6295	6295	4843866	4843866	0	772466
FOLD	6901	6296	6296	4844637	4844637	0	772679
FOLD	6902	6297	6297	4845405	4845405	0	772876
FOLD	6903	6298	6298	4846176	4846176	0	773103
FOLD	6904	6299	6299	4846944	4846944	0	773302
FOLD	6905	6300	6300	4847715	4847715	0	773488
FOLD	6906	6301	6301	4848483	4848483	0	773658
FOLD	6907	6302	6302	4849254	4849254	0	773862
FOLD	6908	6303	6303	4850022	4850022	0	774059
FOLD	6909	6304	6304	4850793	4850793	0	774230
FOLD	6910	6305	6305	4851561	4851561	0	774399
FOLD	6911	6306	6306	4852332	4852332	0	774568
FOLD	6912	6307	6307	4853100	4853100	0	774747
FOLD	6913	6308	6308	4853871	4853871	0	774955
FOLD	6914	6309	6309	4854639	4854639	0	775149
FOLD	6915	6310	6310	4855410	4855410	0	775366
FOLD	6916	6311	6311	4856178	4856178	0	775545
FOLD	6917	6312	6312	4856949	4856949	0	775751
FOLD	6918	6313	6313	4857717	4857717	0	775942
FOLD	6919	6314	6314	4858488	4858488	0	776115
FOLD	6920	6315	6315	4859256	4859256	0	776302
FOLD	6921	6316	6316	4860027	4860027	0	776476
FOLD	6922	6317	6317	4860795	4860795	0	776644
FOLD	6923	6318	6318	4861566	4861566	0	776849
FOLD	6924	6319	6319	4862334	4862334	0	777028
FOLD	6925	6320	6320	4863105	4863105	0	777265
FOLD	6926	6321	6321	4863873	4863873	0	777460
FOLD	6927	6322	6322	4864644	4864644	0	777722
FOLD	6928	6323	6323	4865412	4865412	0	777935
FOLD	6929	6324	6324	4866183	4866183	0	778106
FOLD	6930	6325	6325	4866951	4866951	0	778318
FOLD	6931	6326	6326	4867722	4867722	0	778592
FOLD	6932	6327	6327	4868490	4868490	0	778909
FOLD	6933	6328	6328	4869261	4869261	0	779103
FOLD	6934	6329	6329	4870029	4870029	0	779289
FOLD	6935	6330	6330	4870800	4870800	0	779497
FOLD	6936	6331	6331	4871568	4871568	0	779808
FOLD	6937	6332	6332	4872339	4872339	0	780011
FOLD	6938	6333	6333	4873107	4873107	0	780208
FOLD	6939	6334	6334	4873878	4873878	0	780384
FOLD	6940	6335	6335	4874646	4874646	0	780564
FOLD	6941	6336	6336	4875417	4875417	0	780737
FOLD	6942	6337	6337	4876185	4876185	0	780909
FOLD	6943	6338	6338	4876956	4876956	0	781081
FOLD	6944	6339	6339	4877724	4877724	0	781278
FOLD	6945	6340	6340	4878495	4878495	0	781463
FOLD	6946	6341	6341	4879263	4879263	0	781635
FOLD	6947	6342	6342	4880034	4880034	0	781805
FOLD	6948	6343	6343	4880802	4880802	0	782037
FOLD	6949	6344	6344	4881573	4881573	0	782329
FOLD	6950	6345	6345	4882341	4882341	0	782535
FOLD	6951	6346	6346	4883112	4883112	0	782707
FOLD	6952	6347	6347	4883880	4883880	0	782900
FOLD	6953	6348	6348	4884651	4884651	0	783072
FOLD	6954	6349	6349	4885419	4885419	0	783263
FOLD	6955	6350	6350	4886190	4886190	0	783455
FOLD	6956	6351	6351	4886958	4886958	0	783631
FOLD	6957	6352	6352	4887729	4887729	0	783814
FOLD	6958	6353	6353	4888497	4888497	0	784019
FOLD	6959	6354	6354	4889268	4889268	0	784195
FOLD	6960	6355	6355	4890036	4890036	0	784365
FOLD	6961	6356	6356	4890807	4890807	0	784536
FOLD	6962	6357	6357	4891575	4891575	0	784704
FOLD	6963	6358	6358	4892346	4892346	0	784878
FOLD	6964	6359	6359	4893114	4893114	0	785048
FOLD	6965	6360	6360	4893885	4893885	0	785283
FOLD	6966	6361	6361	4894653	4894653	0	785458
FOLD	6967	6362	6362	4895424	4895424	0	785628
FOLD	6968	6363	6363	4896192	4896192	0	785878
FOLD	6969	6364	6364	4896963	4896963	0	786055
FOLD	6970	6365	6365	4897731	4897731	0	786224
FOLD	6971	6366	6366	4898502	4898502	0	786392
FOLD	6972	6367	6367	4899270	4899270	0	786565
FOLD	6973	6368	6368	4900041	4900041	0	786738
FOLD	6974	6369	6369	4900809	4900809	0	786907
FOLD	6975	6370	6370	4901580	4901580	0	787156
FOLD	6976	6371	6371	4902348	4902348	0	787359
FOLD	6977	6372	6372	4903119	4903119	0	787552
FOLD	6978	6373	6373	4903887	4903887	0	787801
FOLD	6979	6374	6374	4904658	4904658	0	787978
FOLD	6980	6375	6375	4905426	4905426	0	788150
FOLD	6981	6376	6376	4906197	4906197	0	788686
FOLD	6982	6377	6377	4906965	4906965	0	788857
FOLD	6983	6378	6378	4907736	4907736	0	789023
FOLD	6984	6379	6379	4908504	4908504	0	789190
FOLD	6985	6380	6380	4909275	4909275	0	789352
FOLD	6986	6381	6381	4910043	4910043	0	789526
FOLD	6987	6382	6382	4910814	4910814	0	789695
FOLD	6988	6383	6383	4911582	4911582	0	789888
FOLD	6989	6384	6384	4912353	4912353	0	790078
FOLD	6990	6385	6385	4913121	4913121	0	790268
FOLD	6991	6386	6386	4913892	4913892	0	790433
FOLD	6992	6387	6387	4914660	4914660	0	790600
FOLD	6993	6388	6388	4915431	4915431	0	790765
FOLD	6994	6389	6389	4916199	4916199	0	790932
FOLD	6995	6390	6390	4916970	4916970	0	791134
FOLD	6996	6391	6391	4917738	4917738	0	791299
FOLD	6997	6392	6392	4918509	4918509	0	791491
FOLD	6998	6393	6393	4919277	4919277	0	791672
FOLD	6999	6394	6394	4920048	4920048	0	791873
FOLD	7000	6395	6395	4920816	4920816	0	792049
FOLD	7001	6396	6396	4921587	4921587	0	792244
FOLD	7002	6397	6397	4922355	4922355	0	792407
FOLD	7003	6398	6398	4923126	4923126	0	792571
FOLD	7004	6399	6399	4923894	4923894	0	792763
FOLD	7005	6400	6400	4924665	4924665	0	792935
FOLD	7006	6401	6401	4925433	4925433	0	793103
FOLD	7007	6402	6402	4926204	4926204	0	793381
FOLD	7008	6403	6403	4926972	4926972	0	793638
FOLD	7009	6404	6404	4927743	4927743	0	793811
FOLD	7010	6405	6405	4928511	4928511	0	793983
FOLD	7011	6406	6406	4929282	4929282	0	794151
FOLD	7012	6407	6407	4930050	4930050	0	794327
FOLD	7013	6408	6408	4930821	4930821	0	794498
FOLD	7014	6409	6409	4931589	4931589	0	794665
FOLD	7015	6410	6410	4932360	4932360	0	794835
FOLD	7018	6411	6411	4933131	4933131	0	795452
FOLD	7019	6412	6412	4933899	4933899	0	795520
FOLD	7020	6413	6413	4934667	4934667	0	795708
FOLD	7021	6414	6414	4935438	4935438	0	795887
FOLD	7024	6415	6415	4936209	4936209	0	796299
FOLD	7029	6416	6416	4936977	4936977	0	796990
FOLD	7030	6417	6417	4937748	4937748	0	797042
FOLD	7031	6418	6418	4938516	4938516	0	797221
FOLD	7032	6419	6419	4939287	4939287	0	797397
FOLD	7033	6420	6420	4940055	4940055	0	797458
FOLD	7036	6421	6421	4940823	4940823	0	797946
FOLD	7043	6422	6422	4941594	4941594	0	798790
FOLD	7044	6423	6423	4942365	4942365	0	799005
FOLD	7045	6424	6424	4943133	4943133	0	799085
FOLD	7046	6425	6425	4943904	4943904	0	799198
FOLD	7047	6426	6426	4944672	4944672	0	799381
FOLD	7048	6427	6427	4945443	4945443	0	799562
FOLD	7057	6428	6428	4946211	4946211	0	801046
FOLD	7058	6429	6429	4946982	4946982	0	801134
FOLD	7059	6430	6430	4947750	4947750	0	801332
FOLD	7060	6431	6431	4948521	4948521	0	801549
FOLD	7061	6432	6432	4949289	4949289	0	801640
FOLD	7064	6433	6433	4950057	4950057	0	802053
FOLD	7065	6434	6434	4950825	4950825	0	802139
FOLD	7068	6435	6435	4951593	4951593	0	802553
FOLD	7071	6436	6436	4952364	4952364	0	802881
FOLD	7072	6437	6437	4953135	4953135	0	803066
FOLD	7075	6438	6438	4953906	4953906	0	803399
FOLD	7076	6439	6439	4954677	4954677	0	803643
FOLD	7077	6440	6440	4955445	4955445	0	803776
FOLD	7078	6441	6441	4956216	4956216	0	803867
FOLD	7079	6442	6442	4956984	4956984	0	804188
FOLD	7080	6443	6443	4957755	4957755	0	804390
FOLD	7089	6444	6444	4958523	4958523	0	805538
FOLD	7090	6445	6445	4959294	4959294	0	805660
FOLD	7091	6446	6446	4960062	4960062	0	805866
FOLD	7092	6447	6447	4960833	4960833	0	806097
FOLD	7093	6448	6448	4961601	4961601	0	806230
FOLD	7096	6449	6449	4962369	4962369	0	806690
FOLD	7103	6450	6450	4963140	4963140	0	807740
FOLD	7104	6451	6451	4963911	4963911	0	807941
FOLD	7105	6452	6452	4964679	4964679	0	808152
FOLD	7106	6453	6453	4965450	4965450	0	808443
FOLD	7107	6454	6454	4966218	4966218	0	808662
FOLD	7108	6455	6455	4966989	4966989	0	808883
FOLD	7117	6456	6456	4967757	4967757	0	810827
FOLD	7118	6457	6457	4968528	4968528	0	811007
FOLD	7119	6458	6458	4969296	4969296	0	811213
FOLD	7120	6459	6459	4970067	4970067	0	811399
FOLD	7121	6460	6460	4970835	4970835	0	811587
FOLD	7124	6461	6461	4971603	4971603	0	812125
FOLD	7125	6462	6462	4972371	4972371	0	812319
FOLD	7128	6463	6463	4973139	4973139	0	813496
FOLD	7129	6464	6464	4973907	4973907	0	813677
FOLD	7130	6465	6465	4974678	4974678	0	813903
FOLD	7131	6466	6466	4975446	4975446	0	814137
FOLD	7132	6467	6467	4976217	4976217	0	814338
FOLD	7133	6468	6468	4976985	4976985	0	814538
FOLD	7134	6469	6469	4977756	4977756	0	814722
FOLD	7135	6470	6470	4978524	4978524	0	814903
FOLD	7136	6471	6471	4979295	4979295	0	815087
FOLD	7137	6472	6472	4980063	4980063	0	815269
FOLD	7138	6473	6473	4980834	4980834	0	815495
FOLD	7139	6474	6474	4981602	4981602	0	815781
FOLD	7140	6475	6475	4982373	4982373	0	816048
FOLD	7141	6476	6476	4983141	4983141	0	816233
FOLD	7142	6477	6477	4983912	4983912	0	816414
FOLD	7143	6478	6478	4984680	4984680	0	816638
FOLD	7144	6479	6479	4985451	4985451	0	816841
FOLD	7145	6480	6480	4986219	4986219	0	817023
FOLD	7146	6481	6481	4986990	4986990	0	817269
FOLD	7147	6482	6482	4987758	4987758	0	817539
FOLD	7148	6483	6483	4988529	4988529	0	817769
FOLD	7149	6484	6484	4989297	4989297	0	817982
FOLD	7150	6485	6485	4990068	4990068	0	818180
FOLD	7151	6486	6486	4990836	4990836	0	818363
FOLD	7152	6487	6487	4991607	4991607	0	818542
FOLD	7153	6488	6488	4992375	4992375	0	818720
FOLD	7154	6489	6489	4993146	4993146	0	818899
FOLD	7155	6490	6490	4993914	4993914	0	819083
FOLD	7156	6491	6491	4994685	4994685	0	819306
FOLD	7157	6492	6492	4995453	4995453	0	819513
FOLD	7158	6493	6493	4996224	4996224	0	819736
FOLD	7159	6494	6494	4996992	4996992	0	819961
FOLD	7160	6495	6495	4997763	4997763	0	820141
FOLD	7161	6496	6496	4998531	4998531	0	820347
FOLD	7162	6497	6497	4999302	4999302	0	820568
FOLD	7163	6498	6498	5000070	5000070	0	820755
FOLD	7164	6499	6499	5000841	5000841	0	820935
FOLD	7165	6500	6500	5001609	5001609	0	821148
FOLD	7166	6501	6501	5002380	5002380	0	821331
FOLD	7167	6502	6502	5003148	5003148	0	821535
FOLD	7168	6503	6503	5003919	5003919	0	821743
FOLD	7169	6504	6504	5004687	5004687	0	821924
FOLD	7170	6505	6505	5005458	5005458	0	822105
FOLD	7171	6506	6506	5006226	5006226	0	822333
FOLD	7172	6507	6507	5006997	5006997	0	822585
FOLD	7173	6508	6508	5007765	5007765	0	822771
FOLD	7174	6509	6509	5008536	5008536	0	822950
FOLD	7175	6510	6510	5009304	5009304	0	823129
FOLD	7176	6511	6511	5010075	5010075	0	823347
FOLD	7177	6512	6512	5010843	5010843	0	823600
FOLD	7178	6513	6513	5011614	5011614	0	823808
FOLD	7179	6514	6514	5012382	5012382	0	824001
FOLD	7180	6515	6515	5013153	5013153	0	824182
FOLD	7181	6516	6516	5013921	5013921	0	824415
FOLD	7182	6517	6517	5014692	5014692	0	824600
FOLD	7183	6518	6518	5015460	5015460	0	824814
FOLD	7184	6519	6519	5016231	5016231	0	825010
FOLD	7185	6520	6520	5016999	5016999	0	825226
FOLD	7186	6521	6521	5017770	5017770	0	825441
FOLD	7187	6522	6522	5018538	5018538	0	825672
FOLD	7188	6523	6523	5019309	5019309	0	825972
FOLD	7189	6524	6524	5020077	5020077	0	826237
FOLD	7190	6525	6525	5020848	5020848	0	826452
FOLD	7191	6526	6526	5021616	5021616	0	826654
FOLD	7192	6527	6527	5022387	5022387	0	826841
FOLD	7193	6528	6528	5023155	5023155	0	827039
FOLD	7194	6529	6529	5023926	5023926	0	827223
FOLD	7195	6530	6530	5024694	5024694	0	827410
FOLD	7196	6531	6531	5025465	5025465	0	827623
FOLD	7197	6532	6532	5026233	5026233	0	827852
FOLD	7198	6533	6533	5027004	5027004	0	828042
FOLD	7199	6534	6534	5027772	5027772	0	828244
FOLD	7200	6535	6535	5028543	5028543	0	828424
FOLD	7201	6536	6536	5029311	5029311	0	828602
FOLD	7202	6537	6537	5030082	5030082	0	828818
FOLD	7203	6538	6538	5030850	5030850	0	829042
FOLD	7204	6539	6539	5031621	5031621	0	829275
FOLD	7205	6540	6540	5032389	5032389	0	829458
FOLD	7206	6541	6541	5033160	5033160	0	829638
FOLD	7207	6542	6542	5033928	5033928	0	829838
FOLD	7208	6543	6543	5034699	5034699	0	830042
FOLD	7209	6544	6544	5035467	5035467	0	830286
FOLD	7210	6545	6545	5036238	5036238	0	830480
FOLD	7211	6546	6546	5037006	5037006	0	830665
FOLD	7212	6547	6547	5037777	5037777	0	830878
FOLD	7213	6548	6548	5038545	5038545	0	831094
FOLD	7214	6549	6549	5039316	5039316	0	831299
FOLD	7215	6550	6550	5040084	5040084	0	831489
FOLD	7216	6551	6551	5040855	5040855	0	831713
FOLD	7217	6552	6552	5041623	5041623	0	831912
FOLD	7218	6553	6553	5042394	5042394	0	832095
FOLD	7219	6554	6554	5043162	5043162	0	832280
FOLD	7220	6555	6555	5043933	5043933	0	832460
FOLD	7221	6556	6556	5044701	5044701	0	832650
FOLD	7222	6557	6557	5045472	5045472	0	832830
FOLD	7223	6558	6558	5046240	5046240	0	833036
FOLD	7224	6559	6559	5047011	5047011	0	833233
FOLD	7225	6560	6560	5047779	5047779	0	833435
FOLD	7226	6561	6561	5048550	5048550	0	833611
FOLD	7227	6562	6562	5049318	5049318	0	833786
FOLD	7228	6563	6563	5050089	5050089	0	833959
FOLD	7229	6564	6564	5050857	5050857	0	834131
FOLD	7230	6565	6565	5051628	5051628	0	834338
FOLD	7231	6566	6566	5052396	5052396	0	834529
FOLD	7232	6567	6567	5053167	5053167	0	834731
FOLD	7233	6568	6568	5053935	5053935	0	834910
FOLD	7234	6569	6569	5054706	5054706	0	835113
FOLD	7235	6570	6570	5055474	5055474	0	835298
FOLD	7236	6571	6571	5056245	5056245	0	835505
FOLD	7237	6572	6572	5057013	5057013	0	835742
FOLD	7238	6573	6573	5057784	5057784	0	835959
FOLD	7239	6574	6574	5058552	5058552	0	836136
FOLD	7240	6575	6575	5059323	5059323	0	836306
FOLD	7241	6576	6576	5060091	5060091	0	836506
FOLD	7242	6577	6577	5060862	5060862	0	836701
FOLD	7243	6578	6578	5061630	5061630	0	836887
FOLD	7244	6579	6579	5062401	5062401	0	837334
FOLD	7245	6580	6580	5063169	5063169	0	837694
FOLD	7246	6581	6581	5063940	5063940	0	838059
FOLD	7247	6582	6582	5064708	5064708	0	838433
FOLD	7248	6583	6583	5065479	5065479	0	838763
FOLD	7249	6584	6584	5066247	5066247	0	838977
FOLD	7250	6585	6585	5067018	5067018	0	839167
FOLD	7251	6586	6586	5067786	5067786	0	839357
FOLD	7252	6587	6587	5068557	5068557	0	839550
FOLD	7253	6588	6588	5069325	5069325	0	839752
FOLD	7254	6589	6589	5070096	5070096	0	839948
FOLD	7257	6590	6590	5070867	5070867	0	840481
FOLD	7260	6591	6591	5071638	5071638	0	841018
FOLD	7261	6592	6592	5072406	5072406	0	841118
FOLD	7262	6593	6593	5073174	5073174	0	841354
FOLD	7263	6594	6594	5073945	5073945	0	841672
FOLD	7272	6595	6595	5074713	5074713	0	843290
FOLD	7273	6596	6596	5075484	5075484	0	843391
FOLD	7274	6597	6597	5076252	5076252	0	843698
FOLD	7275	6598	6598	5077023	5077023	0	843972
FOLD	7276	6599	6599	5077791	5077791	0	844090
FOLD	7279	6600	6600	5078559	5078559	0	844661
FOLD	7286	6601	6601	5079330	5079330	0	845906
FOLD	7287	6602	6602	5080101	5080101	0	846172
FOLD	7288	6603	6603	5080869	5080869	0	846296
FOLD	7289	6604	6604	5081640	5081640	0	846503
FOLD	7290	6605	6605	5082408	5082408	0	846742
FOLD	7291	6606	6606	5083179	5083179	0	846985
FOLD	7300	6607	6607	5083947	5083947	0	849504
FOLD	7301	6608	6608	5084718	5084718	0	849688
FOLD	7302	6609	6609	5085486	5085486	0	849972
FOLD	7303	6610	6610	5086257	5086257	0	850226
FOLD	7304	6611	6611	5087025	5087025	0	850371
FOLD	7307	6612	6612	5087793	5087793	0	851146
FOLD	7308	6613	6613	5088561	5088561	0	851313
FOLD	7311	6614	6614	5089329	5089329	0	852053
FOLD	7314	6615	6615	5090100	5090100	0	852424
FOLD	7315	6616	6616	5090871	5090871	0	852655
FOLD	7318	6617	6617	5091642	5091642	0	853016
FOLD	7319	6618	6618	5092413	5092413	0	853252
FOLD	7320	6619	6619	5093181	5093181	0	853371
FOLD	7321	6620	6620	5093952	5093952	0	853459
FOLD	7322	6621	6621	5094720	5094720	0	853682
FOLD	7323	6622	6622	5095491	5095491	0	853932
FOLD	7332	6623	6623	5096259	5096259	0	855243
FOLD	7333	6624	6624	5097030	5097030	0	855356
FOLD	7334	6625	6625	5097798	5097798	0	855566
FOLD	7335	6626	6626	5098569	5098569	0	855781
FOLD	7336	6627	6627	5099337	5099337	0	855922
FOLD	7339	6628	6628	5100105	5100105	0	856387
FOLD	7346	6629	6629	5100876	5100876	0	857364
FOLD	7347	6630	6630	5101647	5101647	0	857607
FOLD	7348	6631	6631	5102415	5102415	0	857779
FOLD	7349	6632	6632	5103186	5103186	0	858047
FOLD	7350	6633	6633	5103954	5103954	0	858260
FOLD	7351	6634	6634	5104725	5104725	0	858473
FOLD	7360	6635	6635	5105493	5105493	0	860623
FOLD	7361	6636	6636	5106264	5106264	0	860815
FOLD	7362	6637	6637	5107032	5107032	0	861061
FOLD	7363	6638	6638	5107803	5107803	0	861308
FOLD	7364	6639	6639	5108571	5108571	0	861500
FOLD	7367	6640	6640	5109339	5109339	0	862024
FOLD	7368	6641	6641	5110107	5110107	0	862214
FOLD	7371	6642	6642	5110875	5110875	0	863670
FOLD	7372	6643	6643	5111643	5111643	0	863872
FOLD	7373	6644	6644	5112414	5112414	0	864067
FOLD	7374	6645	6645	5113182	5113182	0	864283
FOLD	7375	6646	6646	5113953	5113953	0	864517
FOLD	7376	6647	6647	5114721	5114721	0	864710
FOLD	7377	6648	6648	5115492	5115492	0	864911
FOLD	7378	6649	6649	5116260	5116260	0	865123
FOLD	7379	6650	6650	5117031	5117031	0	865367
FOLD	7380	6651	6651	5117799	5117799	0	865558
FOLD	7381	6652	6652	5118570	5118570	0	865768
FOLD	7382	6653	6653	5119338	5119338	0	865999
FOLD	7383	6654	6654	5120109	5120109	0	866284
FOLD	7384	6655	6655	5120877	5120877	0	866502
FOLD	7385	6656	6656	5121648	5121648	0	866712
FOLD	7386	6657	6657	5122416	5122416	0	866944
FOLD	7387	6658	6658	5123187	5123187	0	867161
FOLD	7388	6659	6659	5123955	5123955	0	867353
FOLD	7389	6660	6660	5124726	5124726	0	867545
FOLD	7390	6661	6661	5125494	5125494	0	867775
FOLD	7391	6662	6662	5126265	5126265	0	867977
FOLD	7392	6663	6663	5127033	5127033	0	868198
FOLD	7393	6664	6664	5127804	5127804	0	868408
FOLD	7394	6665	6665	5128572	5128572	0	868613
FOLD	7395	6666	6666	5129343	5129343	0	868830
FOLD	7396	6667	6667	5130111	5130111	0	869041
FOLD	7397	6668	6668	5130882	5130882	0	869275
FOLD	7398	6669	6669	5131650	5131650	0	869493
FOLD	7399	6670	6670	5132421	5132421	0	869713
FOLD	7400	6671	6671	5133189	5133189	0	869901
FOLD	7401	6672	6672	5133960	5133960	0	870130
FOLD	7402	6673	6673	5134728	5134728	0	870346
FOLD	7403	6674	6674	5135499	5135499	0	870552
FOLD	7404	6675	6675	5136267	5136267	0	870741
FOLD	7405	6676	6676	5137038	5137038	0	870928
FOLD	7406	6677	6677	5137806	5137806	0	871127
FOLD	7407	6678	6678	5138577	5138577	0	871329
FOLD	7408	6679	6679	5139345	5139345	0	871523
FOLD	7409	6680	6680	5140116	5140116	0	871828
FOLD	7410	6681	6681	5140884	5140884	0	872080
FOLD	7411	6682	6682	5141655	5141655	0	872295
FOLD	7412	6683	6683	5142423	5142423	0	872487
FOLD	7413	6684	6684	5143194	5143194	0	872675
FOLD	7414	6685	6685	5143962	5143962	0	872880
FOLD	7415	6686	6686	5144733	5144733	0	873082
FOLD	7416	6687	6687	5145501	5145501	0	873270
FOLD	7417	6688	6688	5146272	5146272	0	873456
FOLD	7418	6689	6689	5147040	5147040	0	873730
FOLD	7419	6690	6690	5147811	5147811	0	873939
FOLD	7420	6691	6691	5148579	5148579	0	874166
FOLD	7421	6692	6692	5149350	5149350	0	874394
FOLD	7422	6693	6693	5150118	5150118	0	874616
FOLD	7423	6694	6694	5150889	5150889	0	874826
FOLD	7424	6695	6695	5151657	5151657	0	875031
FOLD	7425	6696	6696	5152428	5152428	0	875217
FOLD	7426	6697	6697	5153196	5153196	0	875473
FOLD	7427	6698	6698	5153967	5153967	0	875890
FOLD	7428	6699	6699	5154735	5154735	0	876084
FOLD	7429	6700	6700	5155506	5155506	0	876273
FOLD	7430	6701	6701	5156274	5156274	0	876504
FOLD	7431	6702	6702	5157045	5157045	0	876704
FOLD	7432	6703	6703	5157813	5157813	0	876894
FOLD	7433	6704	6704	5158584	5158584	0	877079
FOLD	7434	6705	6705	5159352	5159352	0	877281
FOLD	7435	6706	6706	5160123	5160123	0	877503
FOLD	7436	6707	6707	5160891	5160891	0	877696
FOLD	7437	6708	6708	5161662	5161662	0	877885
FOLD	7438	6709	6709	5162430	5162430	0	878090
FOLD	7439	6710	6710	5163201	5163201	0	878313
FOLD	7440	6711	6711	5163969	5163969	0	878523
FOLD	7441	6712	6712	5164740	5164740	0	878756
FOLD	7442	6713	6713	5165508	5165508	0	878963
FOLD	7443	6714	6714	5166279	5166279	0	879207
FOLD	7444	6715	6715	5167047	5167047	0	879460
FOLD	7445	6716	6716	5167818	5167818	0	879694
FOLD	7446	6717	6717	5168586	5168586	0	879919
FOLD	7447	6718	6718	5169357	5169357	0	880124
FOLD	7448	6719	6719	5170125	5170125	0	880312
FOLD	7449	6720	6720	5170896	5170896	0	880501
FOLD	7450	6721	6721	5171664	5171664	0	880703
FOLD	7451	6722	6722	5172435	5172435	0	880946
FOLD	7452	6723	6723	5173203	5173203	0	881136
FOLD	7453	6724	6724	5173974	5173974	0	881406
FOLD	7454	6725	6725	5174742	5174742	0	881620
FOLD	7455	6726	6726	5175513	5175513	0	881821
FOLD	7456	6727	6727	5176281	5176281	0	882005
FOLD	7457	6728	6728	5177052	5177052	0	882193
FOLD	7458	6729	6729	5177820	5177820	0	882416
FOLD	7459	6730	6730	5178591	5178591	0	882631
FOLD	7460	6731	6731	5179359	5179359	0	882884
FOLD	7461	6732	6732	5180130	5180130	0	883064
FOLD	7462	6733	6733	5180898	5180898	0	883282
FOLD	7463	6734	6734	5181669	5181669	0	883490
FOLD	7464	6735	6735	5182437	5182437	0	883724
FOLD	7465	6736	6736	5183208	5183208	0	883973
FOLD	7466	6737	6737	5183976	5183976	0	884174
FOLD	7467	6738	6738	5184747	5184747	0	884366
FOLD	7468	6739	6739	5185515	5185515	0	884553
FOLD	7469	6740	6740	5186286	5186286	0	884760
FOLD	7470	6741	6741	5187054	5187054	0	884967
FOLD	7471	6742	6742	5187825	5187825	0	885162
FOLD	7472	6743	6743	5188593	5188593	0	885380
FOLD	7473	6744	6744	5189364	5189364	0	885572
FOLD	7474	6745	6745	5190132	5190132	0	885770
FOLD	7475	6746	6746	5190903	5190903	0	885963
FOLD	7476	6747	6747	5191671	5191671	0	886147
FOLD	7477	6748	6748	5192442	5192442	0	886328
FOLD	7478	6749	6749	5193210	5193210	0	886565
FOLD	7479	6750	6750	5193981	5193981	0	886785
FOLD	7480	6751	6751	5194749	5194749	0	887003
FOLD	7481	6752	6752	5195520	5195520	0	887209
FOLD	7482	6753	6753	5196288	5196288	0	887420
FOLD	7483	6754	6754	5197059	5197059	0	887607
FOLD	7484	6755	6755	5197827	5197827	0	887812
FOLD	7485	6756	6756	5198598	5198598	0	888010
FOLD	7486	6757	6757	5199366	5199366	0	888298
FOLD	7487	6758	6758	5200137	5200137	0	888509
FOLD	7488	6759	6759	5200905	5200905	0	888700
FOLD	7489	6760	6760	5201676	5201676	0	888887
FOLD	7490	6761	6761	5202444	5202444	0	889100
FOLD	7491	6762	6762	5203215	5203215	0	889302
FOLD	7492	6763	6763	5203983	5203983	0	889494
FOLD	7493	6764	6764	5204754	5204754	0	889688
FOLD	7494	6765	6765	5205522	5205522	0	889976
FOLD	7495	6766	6766	5206293	5206293	0	890183
FOLD	7498	6767	6767	5207064	5207064	0	890794
FOLD	7501	6768	6768	5207835	5207835	0	891289
FOLD	7502	6769	6769	5208603	5208603	0	891350
FOLD	7503	6770	6770	5209371	5209371	0	891609
FOLD	7504	6771	6771	5210142	5210142	0	891835
FOLD	7513	6772	6772	5210910	5210910	0	893050
FOLD	7514	6773	6773	5211681	5211681	0	893107
FOLD	7515	6774	6774	5212449	5212449	0	893322
FOLD	7516	6775	6775	5213220	5213220	0	893519
FOLD	7517	6776	6776	5213988	5213988	0	893584
FOLD	7520	6777	6777	5214756	5214756	0	894449
FOLD	7527	6778	6778	5215527	5215527	0	895538
FOLD	7528	6779	6779	5216298	5216298	0	895793
FOLD	7529	6780	6780	5217066	5217066	0	895887
FOLD	7530	6781	6781	5217837	5217837	0	896011
FOLD	7531	6782	6782	5218605	5218605	0	896208
FOLD	7532	6783	6783	5219376	5219376	0	896435
FOLD	7541	6784	6784	5220144	5220144	0	898058
FOLD	7542	6785	6785	5220915	5220915	0	898139
FOLD	7543	6786	6786	5221683	5221683	0	898344
FOLD	7544	6787	6787	5222454	5222454	0	898583
FOLD	7545	6788	6788	5223222	5223222	0	898689
FOLD	7548	6789	6789	5223990	5223990	0	899195
FOLD	7549	6790	6790	5224758	5224758	0	899290
FOLD	7552	6791	6791	5225526	5225526	0	899835
FOLD	7555	6792	6792	5226297	5226297	0	900267
FOLD	7556	6793	6793	5227068	5227068	0	900534
FOLD	7559	6794	6794	5227839	5227839	0	900908
FOLD	7560	6795	6795	5228610	5228610	0	901140
FOLD	7561	6796	6796	5229378	5229378	0	901260
FOLD	7562	6797	6797	5230149	5230149	0	901353
FOLD	7563	6798	6798	5230917	5230917	0	901559
FOLD	7564	6799	6799	5231688	5231688	0	901765
FOLD	7573	6800	6800	5232456	5232456	0	903033
FOLD	7574	6801	6801	5233227	5233227	0	903162
FOLD	7575	6802	6802	5233995	5233995	0	903371
FOLD	7576	6803	6803	5234766	5234766	0	903734
FOLD	7577	6804	6804	5235534	5235534	0	903885
FOLD	7580	6805	6805	5236302	5236302	0	904438
FOLD	7587	6806	6806	5237073	5237073	0	905456
FOLD	7588	6807	6807	5237844	5237844	0	905671
FOLD	7589	6808	6808	5238612	5238612	0	905840
FOLD	7590	6809	6809	5239383	5239383	0	906161
FOLD	7591	6810	6810	5240151	5240151	0	906396
FOLD	7592	6811	6811	5240922	5240922	0	906634
FOLD	7601	6812	6812	5241690	5241690	0	908870
FOLD	7602	6813	6813	5242461	5242461	0	909047
FOLD	7603	6814	6814	5243229	5243229	0	909254
FOLD	7604	6815	6815	5244000	5244000	0	909457
FOLD	7605	6816	6816	5244768	5244768	0	909658
FOLD	7608	6817	6817	5245536	5245536	0	910287
FOLD	7609	6818	6818	5246304	5246304	0	910512
FOLD	7612	6819	6819	5247072	5247072	0	912359
FOLD	7613	6820	6820	5247840	5247840	0	912630
FOLD	7614	6821	6821	5248611	5248611	0	912842
FOLD	7615	6822	6822	5249379	5249379	0	913055
FOLD	7616	6823	6823	5250150	5250150	0	913309
FOLD	7617	6824	6824	5250918	5250918	0	913567
FOLD	7618	6825	6825	5251689	5251689	0	913772
FOLD	7619	6826	6826	5252457	5252457	0	914005
FOLD	7620	6827	6827	5253228	5253228	0	914223
FOLD	7621	6828	6828	5253996	5253996	0	914427
FOLD	7622	6829	6829	5254767	5254767	0	914644
FOLD	7623	6830	6830	5255535	5255535	0	914891
FOLD	7624	6831	6831	5256306	5256306	0	915098
FOLD	7625	6832	6832	5257074	5257074	0	915305
FOLD	7626	6833	6833	5257845	5257845	0	915587
FOLD	7627	6834	6834	5258613	5258613	0	915821
FOLD	7628	6835	6835	5259384	5259384	0	916056
FOLD	7629	6836	6836	5260152	5260152	0	916274
FOLD	7630	6837	6837	5260923	5260923	0	916516
FOLD	7631	6838	6838	5261691	5261691	0	916729
FOLD	7632	6839	6839	5262462	5262462	0	916957
FOLD	7633	6840	6840	5263230	5263230	0	917176
FOLD	7634	6841	6841	5264001	5264001	0	917422
FOLD	7635	6842	6842	5264769	5264769	0	917648
FOLD	7636	6843	6843	5265540	5265540	0	917878
FOLD	7637	6844	6844	5266308	5266308	0	918082
FOLD	7638	6845	6845	5267079	5267079	0	918307
FOLD	7639	6846	6846	5267847	5267847	0	918515
FOLD	7640	6847	6847	5268618	5268618	0	918716
FOLD	7641	6848	6848	5269386	5269386	0	918970
FOLD	7642	6849	6849	5270157	5270157	0	919230
FOLD	7643	6850	6850	5270925	5270925	0	919464
FOLD	7644	6851	6851	5271696	5271696	0	919719
FOLD	7645	6852	6852	5272464	5272464	0	919947
FOLD	7646	6853	6853	5273235	5273235	0	920178
FOLD	7647	6854	6854	5274003	5274003	0	920445
FOLD	7648	6855	6855	5274774	5274774	0	920675
FOLD	7649	6856	6856	5275542	5275542	0	920878
FOLD	7650	6857	6857	5276313	5276313	0	921085
FOLD	7651	6858	6858	5277081	5277081	0	921301
FOLD	7652	6859	6859	5277852	5277852	0	921506
FOLD	7653	6860	6860	5278620	5278620	0	921739
FOLD	7654	6861	6861	5279391	5279391	0	921960
FOLD	7655	6862	6862	5280159	5280159	0	922166
FOLD	7656	6863	6863	5280930	5280930	0	922394
FOLD	7657	6864	6864	5281698	5281698	0	922598
FOLD	7658	6865	6865	5282469	5282469	0	922799
FOLD	7659	6866	6866	5283237	5283237	0	923048
FOLD	7660	6867	6867	5284008	5284008	0	923294
FOLD	7661	6868	6868	5284776	5284776	0	923581
FOLD	7662	6869	6869	5285547	5285547	0	923798
FOLD	7663	6870	6870	5286315	5286315	0	924057
FOLD	7664	6871	6871	5287086	5287086	0	924396
FOLD	7665	6872	6872	5287854	5287854	0	924600
FOLD	7666	6873	6873	5288625	5288625	0	924801
FOLD	7667	6874	6874	5289393	5289393	0	925024
FOLD	7668	6875	6875	5290164	5290164	0	925341
FOLD	7669	6876	6876	5290932	5290932	0	925587
FOLD	7670	6877	6877	5291703	5291703	0	925843
FOLD	7671	6878	6878	5292471	5292471	0	926099
FOLD	7672	6879	6879	5293242	5293242	0	926329
FOLD	7673	6880	6880	5294010	5294010	0	926591
FOLD	7674	6881	6881	5294781	5294781	0	926893
FOLD	7675	6882	6882	5295549	5295549	0	927147
FOLD	7676	6883	6883	5296320	5296320	0	927387
FOLD	7677	6884	6884	5297088	5297088	0	927725
FOLD	7678	6885	6885	5297859	5297859	0	927958
FOLD	7679	6886	6886	5298627	5298627	0	928189
FOLD	7680	6887	6887	5299398	5299398	0	928479
FOLD	7681	6888	6888	5300166	5300166	0	928816
FOLD	7682	6889	6889	5300937	5300937	0	929304
FOLD	7683	6890	6890	5301705	5301705	0	929575
FOLD	7684	6891	6891	5302476	5302476	0	929857
FOLD	7685	6892	6892	5303244	5303244	0	930064
FOLD	7686	6893	6893	5304015	5304015	0	930267
FOLD	7687	6894	6894	5304783	5304783	0	930472
FOLD	7688	6895	6895	5305554	5305554	0	930694
FOLD	7689	6896	6896	5306322	5306322	0	930928
FOLD	7690	6897	6897	5307093	5307093	0	931142
FOLD	7691	6898	6898	5307861	5307861	0	931424
FOLD	7692	6899	6899	5308632	5308632	0	931686
FOLD	7693	6900	6900	5309400	5309400	0	932049
FOLD	7694	6901	6901	5310171	5310171	0	932256
FOLD	7695	6902	6902	5310939	5310939	0	932463
FOLD	7696	6903	6903	5311710	5311710	0	932708
FOLD	7697	6904	6904	5312478	5312478	0	932948
FOLD	7698	6905	6905	5313249	5313249	0	933189
FOLD	7699	6906	6906	5314017	5314017	0	933390
FOLD	7700	6907	6907	5314788	5314788	0	933584
FOLD	7701	6908	6908	5315556	5315556	0	933800
FOLD	7702	6909	6909	5316327	5316327	0	934125
FOLD	7703	6910	6910	5317095	5317095	0	934341
FOLD	7704	6911	6911	5317866	5317866	0	934578
FOLD	7705	6912	6912	5318634	5318634	0	934771
FOLD	7706	6913	6913	5319405	5319405	0	934978
FOLD	7707	6914	6914	5320173	5320173	0	935172
FOLD	7708	6915	6915	5320944	5320944	0	935361
FOLD	7709	6916	6916	5321712	5321712	0	935569
FOLD	7710	6917	6917	5322483	5322483	0	935804
FOLD	7711	6918	6918	5323251	5323251	0	936090
FOLD	7712	6919	6919	5324022	5324022	0	936320
FOLD	7713	6920	6920	5324790	5324790	0	936533
FOLD	7714	6921	6921	5325561	5325561	0	936724
FOLD	7715	6922	6922	5326329	5326329	0	936927
FOLD	7716	6923	6923	5327100	5327100	0	937119
FOLD	7717	6924	6924	5327868	5327868	0	937400
FOLD	7718	6925	6925	5328639	5328639	0	937623
FOLD	7719	6926	6926	5329407	5329407	0	937822
FOLD	7720	6927	6927	5330178	5330178	0	938029
FOLD	7721	6928	6928	5330946	5330946	0	938324
FOLD	7722	6929	6929	5331717	5331717	0	938533
FOLD	7723	6930	6930	5332485	5332485	0	938730
FOLD	7724	6931	6931	5333256	5333256	0	938925
FOLD	7725	6932	6932	5334024	5334024	0	939119
FOLD	7726	6933	6933	5334795	5334795	0	939401
FOLD	7727	6934	6934	5335563	5335563	0	939627
FOLD	7728	6935	6935	5336334	5336334	0	939880
FOLD	7729	6936	6936	5337102	5337102	0	940111
FOLD	7730	6937	6937	5337873	5337873	0	940333
FOLD	7731	6938	6938	5338641	5338641	0	940537
FOLD	7732	6939	6939	5339412	5339412	0	940732
FOLD	7733	6940	6940	5340180	5340180	0	940783
FOLD	7734	6941	6941	5340948	5340948	0	941050
FOLD	7735	6942	6942	5341719	5341719	0	941327
FOLD	7738	6943	6943	5342490	5342490	0	941769
FOLD	7741	6944	6944	5343261	5343261	0	942312
FOLD	7742	6945	6945	5344029	5344029	0	942383
FOLD	7743	6946	6946	5344800	5344800	0	942430
FOLD	7744	6947	6947	5345568	5345568	0	942628
FOLD	7745	6948	6948	5346339	5346339	0	942824
FOLD	7754	6949	6949	5347107	5347107	0	943990
FOLD	7755	6950	6950	5347878	5347878	0	944057
FOLD	7756	6951	6951	5348646	5348646	0	944261
FOLD	7757	6952	6952	5349417	5349417	0	944459
FOLD	7758	6953	6953	5350185	5350185	0	944530
FOLD	7761	6954	6954	5350953	5350953	0	945171
FOLD	7768	6955	6955	5351724	5351724	0	945965
FOLD	7769	6956	6956	5352495	5352495	0	946171
FOLD	7770	6957	6957	5353263	5353263	0	946257
FOLD	7771	6958	6958	5354034	5354034	0	946389
FOLD	7772	6959	6959	5354802	5354802	0	946594
FOLD	7773	6960	6960	5355573	5355573	0	946878
FOLD	7782	6961	6961	5356341	5356341	0	948564
FOLD	7783	6962	6962	5357112	5357112	0	948670
FOLD	7784	6963	6963	5357880	5357880	0	948904
FOLD	7785	6964	6964	5358651	5358651	0	949116
FOLD	7786	6965	6965	5359419	5359419	0	949216
FOLD	7789	6966	6966	5360187	5360187	0	949736
FOLD	7790	6967	6967	5360955	5360955	0	949840
FOLD	7793	6968	6968	5361723	5361723	0	950315
FOLD	7796	6969	6969	5362494	5362494	0	950670
FOLD	7797	6970	6970	5363265	5363265	0	950918
FOLD	7800	6971	6971	5364036	5364036	0	951345
FOLD	7801	6972	6972	5364807	5364807	0	951592
FOLD	7802	6973	6973	5365575	5365575	0	951753
FOLD	7803	6974	6974	5366346	5366346	0	951870
FOLD	7804	6975	6975	5367114	5367114	0	952133
FOLD	7805	6976	6976	5367885	5367885	0	952449
FOLD	7814	6977	6977	5368653	5368653	0	953917
FOLD	7815	6978	6978	5369424	5369424	0	954046
FOLD	7816	6979	6979	5370192	5370192	0	954285
FOLD	7817	6980	6980	5370963	5370963	0	954606
FOLD	7818	6981	6981	5371731	5371731	0	954790
FOLD	7821	6982	6982	5372499	5372499	0	955428
FOLD	7828	6983	6983	5373270	5373270	0	957206
FOLD	7829	6984	6984	5374041	5374041	0	957545
FOLD	7830	6985	6985	5374809	5374809	0	957755
FOLD	7831	6986	6986	5375580	5375580	0	958192
FOLD	7832	6987	6987	5376348	5376348	0	958478
FOLD	7833	6988	6988	5377119	5377119	0	958873
FOLD	7842	6989	6989	5377887	5377887	0	961580
FOLD	7843	6990	6990	5378658	5378658	0	961767
FOLD	7844	6991	6991	5379426	5379426	0	962050
FOLD	7845	6992	6992	5380197	5380197	0	962406
FOLD	7846	6993	6993	5380965	5380965	0	962793
FOLD	7849	6994	6994	5381733	5381733	0	963429
FOLD	7850	6995	6995	5382501	5382501	0	963761
FOLD	7853	6996	6996	5383269	5383269	0	965395
FOLD	7854	6997	6997	5384037	5384037	0	965605
FOLD	7855	6998	6998	5384808	5384808	0	965810
FOLD	7856	6999	6999	5385576	5385576	0	966037
FOLD	7857	7000	7000	5386347	5386347	0	966256
FOLD	7858	7001	7001	5387115	5387115	0	966465
FOLD	7859	7002	7002	5387886	5387886	0	966716
FOLD	7860	7003	7003	5388654	5388654	0	966949
FOLD	7861	7004	7004	5389425	5389425	0	967174
FOLD	7862	7005	7005	5390193	5390193	0	967422
FOLD	7863	7006	7006	5390964	5390964	0	967632
FOLD	7864	7007	7007	5391732	5391732	0	967975
FOLD	7865	7008	7008	5392503	5392503	0	968216
FOLD	7866	7009	7009	5393271	5393271	0	968425
FOLD	7867	7010	7010	5394042	5394042	0	968645
FOLD	7868	7011	7011	5394810	5394810	0	968864
FOLD	7869	7012	7012	5395581	5395581	0	969097
FOLD	7870	7013	7013	5396349	5396349	0	969309
FOLD	7871	7014	7014	5397120	5397120	0	969558
FOLD	7872	7015	7015	5397888	5397888	0	969828
FOLD	7873	7016	7016	5398659	5398659	0	970039
FOLD	7874	7017	7017	5399427	5399427	0	970257
FOLD	7875	7018	7018	5400198	5400198	0	970490
FOLD	7876	7019	7019	5400966	5400966	0	970702
FOLD	7877	7020	7020	5401737	5401737	0	970909
FOLD	7878	7021	7021	5402505	5402505	0	971115
FOLD	7879	7022	7022	5403276	5403276	0	971369
FOLD	7880	7023	7023	5404044	5404044	0	971610
FOLD	7881	7024	7024	5404815	5404815	0	971856
FOLD	7882	7025	7025	5405583	5405583	0	972097
FOLD	7883	7026	7026	5406354	5406354	0	972303
FOLD	7884	7027	7027	5407122	5407122	0	972568
FOLD	7885	7028	7028	5407893	5407893	0	972818
FOLD	7886	7029	7029	5408661	5408661	0	973038
FOLD	7887	7030	7030	5409432	5409432	0	973318
FOLD	7888	7031	7031	5410200	5410200	0	973544
FOLD	7889	7032	7032	5410971	5410971	0	973751
FOLD	7890	7033	7033	5411739	5411739	0	973953
FOLD	7891	7034	7034	5412510	5412510	0	974159
FOLD	7892	7035	7035	5413278	5413278	0	974367
FOLD	7893	7036	7036	5414049	5414049	0	974580
FOLD	7894	7037	7037	5414817	5414817	0	974792
FOLD	7895	7038	7038	5415588	5415588	0	975025
FOLD	7896	7039	7039	5416356	5416356	0	975283
FOLD	7897	7040	7040	5417127	5417127	0	975537
FOLD	7898	7041	7041	5417895	5417895	0	975799
FOLD	7899	7042	7042	5418666	5418666	0	976085
FOLD	7900	7043	7043	5419434	5419434	0	976538
FOLD	7901	7044	7044	5420205	5420205	0	976937
FOLD	7902	7045	7045	5420973	5420973	0	977195
FOLD	7903	7046	7046	5421744	5421744	0	977413
FOLD	7904	7047	7047	5422512	5422512	0	977644
FOLD	7905	7048	7048	5423283	5423283	0	977855
FOLD	7906	7049	7049	5424051	5424051	0	978084
FOLD	7907	7050	7050	5424822	5424822	0	978308
FOLD	7908	7051	7051	5425590	5425590	0	978518
FOLD	7909	7052	7052	5426361	5426361	0	978740
FOLD	7910	7053	7053	5427129	5427129	0	978951
FOLD	7911	7054	7054	5427900	5427900	0	979158
FOLD	7912	7055	7055	5428668	5428668	0	979374
FOLD	7913	7056	7056	5429439	5429439	0	979586
FOLD	7914	7057	7057	5430207	5430207	0	979852
FOLD	7915	7058	7058	5430978	5430978	0	980065
FOLD	7916	7059	7059	5431746	5431746	0	980274
FOLD	7917	7060	7060	5432517	5432517	0	980526
FOLD	7918	7061	7061	5433285	5433285	0	980774
FOLD	7919	7062	7062	5434056	5434056	0	980986
FOLD	7920	7063	7063	5434824	5434824	0	981215
FOLD	7921	7064	7064	5435595	5435595	0	981426
FOLD	7922	7065	7065	5436363	5436363	0	981632
FOLD	7923	7066	7066	5437134	5437134	0	981835
FOLD	7924	7067	7067	5437902	5437902	0	982065
FOLD	7925	7068	7068	5438673	5438673	0	982292
FOLD	7926	7069	7069	5439441	5439441	0	982550
FOLD	7927	7070	7070	5440212	5440212	0	982825
FOLD	7928	7071	7071	5440980	5440980	0	983041
FOLD	7929	7072	7072	5441751	5441751	0	983251
FOLD	7930	7073	7073	5442519	5442519	0	983481
FOLD	7931	7074	7074	5443290	5443290	0	983734
FOLD	7932	7075	7075	5444058	5444058	0	983951
FOLD	7933	7076	7076	5444829	5444829	0	984156
FOLD	7934	7077	7077	5445597	5445597	0	984454
FOLD	7935	7078	7078	5446368	5446368	0	984681
FOLD	7936	7079	7079	5447136	5447136	0	984932
FOLD	7937	7080	7080	5447907	5447907	0	985143
FOLD	7938	7081	7081	5448675	5448675	0	985350
FOLD	7939	7082	7082	5449446	5449446	0	985566
FOLD	7940	7083	7083	5450214	5450214	0	985768
FOLD	7941	7084	7084	5450985	5450985	0	985970
FOLD	7942	7085	7085	5451753	5451753	0	986168
FOLD	7943	7086	7086	5452524	5452524	0	986427
FOLD	7944	7087	7087	5453292	5453292	0	986663
FOLD	7945	7088	7088	5454063	5454063	0	986874
FOLD	7946	7089	7089	5454831	5454831	0	987069
FOLD	7947	7090	7090	5455602	5455602	0	987264
FOLD	7948	7091	7091	5456370	5456370	0	987466
FOLD	7949	7092	7092	5457141	5457141	0	987680
FOLD	7950	7093	7093	5457909	5457909	0	987913
FOLD	7951	7094	7094	5458680	5458680	0	988178
FOLD	7952	7095	7095	5459448	5459448	0	988410
FOLD	7953	7096	7096	5460219	5460219	0	988632
FOLD	7954	7097	7097	5460987	5460987	0	988856
FOLD	7955	7098	7098	5461758	5461758	0	989054
FOLD	7956	7099	7099	5462526	5462526	0	989260
FOLD	7957	7100	7100	5463297	5463297	0	989461
FOLD	7958	7101	7101	5464065	5464065	0	989662
FOLD	7959	7102	7102	5464836	5464836	0	989862
FOLD	7960	7103	7103	5465604	5465604	0	990090
FOLD	7961	7104	7104	5466375	5466375	0	990385
FOLD	7962	7105	7105	5467143	5467143	0	990602
FOLD	7963	7106	7106	5467914	5467914	0	990803
FOLD	7964	7107	7107	5468682	5468682	0	991003
FOLD	7965	7108	7108	5469453	5469453	0	991202
FOLD	7966	7109	7109	5470221	5470221	0	991406
FOLD	7967	7110	7110	5470992	5470992	0	991685
FOLD	7968	7111	7111	5471760	5471760	0	991998
FOLD	7969	7112	7112	5472531	5472531	0	992218
FOLD	7970	7113	7113	5473299	5473299	0	992304
FOLD	7971	7114	7114	5474067	5474067	0	992514
FOLD	7972	7115	7115	5474838	5474838	0	992725
FOLD	7973	7116	7116	5475606	5475606	0	992776
FOLD	7974	7117	7117	5476374	5476374	0	992984
FOLD	7975	7118	7118	5477145	5477145	0	993195
FOLD	7978	7119	7119	5477916	5477916	0	993634
FOLD	7981	7120	7120	5478687	5478687	0	994010
FOLD	7982	7121	7121	5479458	5479458	0	994264
FOLD	7983	7122	7122	5480226	5480226	0	994338
FOLD	7984	7123	7123	5480997	5480997	0	994395
FOLD	7985	7124	7124	5481765	5481765	0	994613
FOLD	7986	7125	7125	5482536	5482536	0	994967
FOLD	7995	7126	7126	5483304	5483304	0	996166
FOLD	7996	7127	7127	5484075	5484075	0	996243
FOLD	7997	7128	7128	5484843	5484843	0	996458
FOLD	7998	7129	7129	5485614	5485614	0	996699
FOLD	7999	7130	7130	5486382	5486382	0	996774
FOLD	8002	7131	7131	5487150	5487150	0	997313
FOLD	8009	7132	7132	5487921	5487921	0	998258
FOLD	8010	7133	7133	5488692	5488692	0	998540
FOLD	8011	7134	7134	5489460	5489460	0	998635
FOLD	8012	7135	7135	5490231	5490231	0	998769
FOLD	8013	7136	7136	5490999	5490999	0	998983
FOLD	8014	7137	7137	5491770	5491770	0	999193
FOLD	8023	7138	7138	5492538	5492538	0	1000851
FOLD	8024	7139	7139	5493309	5493309	0	1000950
FOLD	8025	7140	7140	5494077	5494077	0	1001167
FOLD	8026	7141	7141	5494848	5494848	0	1001471
FOLD	8027	7142	7142	5495616	5495616	0	1001586
FOLD	8030	7143	7143	5496384	5496384	0	1002186
FOLD	8031	7144	7144	5497152	5497152	0	1002294
FOLD	8034	7145	7145	5497920	5497920	0	1002787
FOLD	8037	7146	7146	5498691	5498691	0	1003136
FOLD	8038	7147	7147	5499462	5499462	0	1003360
FOLD	8041	7148	7148	5500233	5500233	0	1003803
FOLD	8042	7149	7149	5501004	5501004	0	1004087
FOLD	8043	7150	7150	5501772	5501772	0	1004232
FOLD	8044	7151	7151	5502543	5502543	0	1004337
FOLD	8045	7152	7152	5503311	5503311	0	1004562
FOLD	8046	7153	7153	5504082	5504082	0	1004803
FOLD	8055	7154	7154	5504850	5504850	0	1006325
FOLD	8056	7155	7155	5505621	5505621	0	1006464
FOLD	8057	7156	7156	5506389	5506389	0	1006713
FOLD	8058	7157	7157	5507160	5507160	0	1006990
FOLD	8059	7158	7158	5507928	5507928	0	1007152
FOLD	8062	7159	7159	5508696	5508696	0	1007714
FOLD	8069	7160	7160	5509467	5509467	0	1008878
FOLD	8070	7161	7161	5510238	5510238	0	1009103
FOLD	8071	7162	7162	5511006	5511006	0	1009294
FOLD	8072	7163	7163	5511777	5511777	0	1009595
FOLD	8073	7164	7164	5512545	5512545	0	1009833
FOLD	8074	7165	7165	5513316	5513316	0	1010097
FOLD	8083	7166	7166	5514084	5514084	0	1012688
FOLD	8084	7167	7167	5514855	5514855	0	1012888
FOLD	8085	7168	7168	5515623	5515623	0	1013104
FOLD	8086	7169	7169	5516394	5516394	0	1013358
FOLD	8087	7170	7170	5517162	5517162	0	1013588
FOLD	8090	7171	7171	5517930	5517930	0	1014251
FOLD	8091	7172	7172	5518698	5518698	0	1014511
FOLD	8094	7173	7173	5519466	5519466	0	1016125
FOLD	8095	7174	7174	5520234	5520234	0	1016385
FOLD	8096	7175	7175	5521005	5521005	0	1016605
FOLD	8097	7176	7176	5521773	5521773	0	1016876
FOLD	8098	7177	7177	5522544	5522544	0	1017125
FOLD	8099	7178	7178	5523312	5523312	0	1017363
FOLD	8100	7179	7179	5524083	5524083	0	1017580
FOLD	8101	7180	7180	5524851	5524851	0	1017818
FOLD	8102	7181	7181	5525622	5525622	0	1018040
FOLD	8103	7182	7182	5526390	5526390	0	1018264
FOLD	8104	7183	7183	5527161	5527161	0	1018495
FOLD	8105	7184	7184	5527929	5527929	0	1018720
FOLD	8106	7185	7185	5528700	5528700	0	1018992
FOLD	8107	7186	7186	5529468	5529468	0	1019279
FOLD	8108	7187	7187	5530239	5530239	0	1019560
FOLD	8109	7188	7188	5531007	5531007	0	1019918
FOLD	8110	7189	7189	5531778	5531778	0	1020146
FOLD	8111	7190	7190	5532546	5532546	0	1020362
FOLD	8112	7191	7191	5533317	5533317	0	1020591
FOLD	8113	7192	7192	5534085	5534085	0	1020856
FOLD	8114	7193	7193	5534856	5534856	0	1021110
FOLD	8115	7194	7194	5535624	5535624	0	1021344
FOLD	8116	7195	7195	5536395	5536395	0	1021570
FOLD	8117	7196	7196	5537163	5537163	0	1021819
FOLD	8118	7197	7197	5537934	5537934	0	1022038
FOLD	8119	7198	7198	5538702	5538702	0	1022263
FOLD	8120	7199	7199	5539473	5539473	0	1022503
FOLD	8121	7200	7200	5540241	5540241	0	1022822
FOLD	8122	7201	7201	5541012	5541012	0	1023087
FOLD	8123	7202	7202	5541780	5541780	0	1023473
FOLD	8124	7203	7203	5542551	5542551	0	1023777
FOLD	8125	7204	7204	5543319	5543319	0	1024020
FOLD	8126	7205	7205	5544090	5544090	0	1024284
FOLD	8127	7206	7206	5544858	5544858	0	1024527
FOLD	8128	7207	7207	5545629	5545629	0	1024758
FOLD	8129	7208	7208	5546397	5546397	0	1024990
FOLD	8130	7209	7209	5547168	5547168	0	1025213
FOLD	8131	7210	7210	5547936	5547936	0	1025443
FOLD	8132	7211	7211	5548707	5548707	0	1025694
FOLD	8133	7212	7212	5549475	5549475	0	1026002
FOLD	8134	7213	7213	5550246	5550246	0	1026320
FOLD	8135	7214	7214	5551014	5551014	0	1026565
FOLD	8136	7215	7215	5551785	5551785	0	1026834
FOLD	8137	7216	7216	5552553	5552553	0	1027181
FOLD	8138	7217	7217	5553324	5553324	0	1027562
FOLD	8139	7218	7218	5554092	5554092	0	1027877
FOLD	8140	7219	7219	5554863	5554863	0	1028128
FOLD	8141	7220	7220	5555631	5555631	0	1028381
FOLD	8142	7221	7221	5556402	5556402	0	1028638
FOLD	8143	7222	7222	5557170	5557170	0	1028885
FOLD	8144	7223	7223	5557941	5557941	0	1029155
FOLD	8145	7224	7224	5558709	5558709	0	1029379
FOLD	8146	7225	7225	5559480	5559480	0	1029600
FOLD	8147	7226	7226	5560248	5560248	0	1029818
FOLD	8148	7227	7227	5561019	5561019	0	1030038
FOLD	8149	7228	7228	5561787	5561787	0	1030257
FOLD	8150	7229	7229	5562558	5562558	0	1030509
FOLD	8151	7230	7230	5563326	5563326	0	1030757
FOLD	8152	7231	7231	5564097	5564097	0	1030979
FOLD	8153	7232	7232	5564865	5564865	0	1031204
FOLD	8154	7233	7233	5565636	5565636	0	1031515
FOLD	8155	7234	7234	5566404	5566404	0	1031777
FOLD	8156	7235	7235	5567175	5567175	0	1032007
FOLD	8157	7236	7236	5567943	5567943	0	1032298
FOLD	8158	7237	7237	5568714	5568714	0	1032523
FOLD	8159	7238	7238	5569482	5569482	0	1032771
FOLD	8160	7239	7239	5570253	5570253	0	1033004
FOLD	8161	7240	7240	5571021	5571021	0	1033228
FOLD	8162	7241	7241	5571792	5571792	0	1033449
FOLD	8163	7242	7242	5572560	5572560	0	1033699
FOLD	8164	7243	7243	5573331	5573331	0	1033975
FOLD	8165	7244	7244	5574099	5574099	0	1034230
FOLD	8166	7245	7245	5574870	5574870	0	1034485
FOLD	8167	7246	7246	5575638	5575638	0	1034727
FOLD	8168	7247	7247	5576409	5576409	0	1034948
FOLD	8169	7248	7248	5577177	5577177	0	1035172
FOLD	8170	7249	7249	5577948	5577948	0	1035412
FOLD	8171	7250	7250	5578716	5578716	0	1035622
FOLD	8172	7251	7251	5579487	5579487	0	1035909
FOLD	8173	7252	7252	5580255	5580255	0	1036172
FOLD	8174	7253	7253	5581026	5581026	0	1036417
FOLD	8175	7254	7254	5581794	5581794	0	1036670
FOLD	8176	7255	7255	5582565	5582565	0	1036896
FOLD	8177	7256	7256	5583333	5583333	0	1037140
FOLD	8178	7257	7257	5584104	5584104	0	1037399
FOLD	8179	7258	7258	5584872	5584872	0	1037613
FOLD	8180	7259	7259	5585643	5585643	0	1037817
FOLD	8181	7260	7260	5586411	5586411	0	1038063
FOLD	8182	7261	7261	5587182	5587182	0	1038273
FOLD	8183	7262	7262	5587950	5587950	0	1038480
FOLD	8184	7263	7263	5588721	5588721	0	1038744
FOLD	8185	7264	7264	5589489	5589489	0	1039416
FOLD	8186	7265	7265	5590260	5590260	0	1039643
FOLD	8187	7266	7266	5591028	5591028	0	1039911
FOLD	8188	7267	7267	5591799	5591799	0	1040152
FOLD	8189	7268	7268	5592567	5592567	0	1040362
FOLD	8190	7269	7269	5593338	5593338	0	1040576
FOLD	8191	7270	7270	5594106	5594106	0	1040781
FOLD	8192	7271	7271	5594877	5594877	0	1041057
FOLD	8193	7272	7272	5595645	5595645	0	1041276
FOLD	8194	7273	7273	5596416	5596416	0	1041491
FOLD	8195	7274	7274	5597184	5597184	0	1041732
FOLD	8196	7275	7275	5597955	5597955	0	1042022
FOLD	8197	7276	7276	5598723	5598723	0	1042244
FOLD	8198	7277	7277	5599494	5599494	0	1042460
FOLD	8199	7278	7278	5600262	5600262	0	1042674
FOLD	8200	7279	7279	5601033	5601033	0	1042886
FOLD	8201	7280	7280	5601801	5601801	0	1043120
FOLD	8202	7281	7281	5602572	5602572	0	1043336
FOLD	8203	7282	7282	5603340	5603340	0	1043575
FOLD	8204	7283	7283	5604111	5604111	0	1043846
FOLD	8205	7284	7284	5604879	5604879	0	1044089
FOLD	8206	7285	7285	5605650	5605650	0	1044336
FOLD	8207	7286	7286	5606418	5606418	0	1044391
FOLD	8208	7287	7287	5607186	5607186	0	1044610
FOLD	8209	7288	7288	5607957	5607957	0	1044827
FOLD	8210	7289	7289	5608725	5608725	0	1044878
FOLD	8211	7290	7290	5609493	5609493	0	1045158
FOLD	8212	7291	7291	5610264	5610264	0	1045476
FOLD	8213	7292	7292	5611032	5611032	0	1045579
FOLD	8214	7293	7293	5611800	5611800	0	1045853
FOLD	8215	7294	7294	5612571	5612571	0	1046121
FOLD	8218	7295	7295	5613342	5613342	0	1046440
FOLD	8219	7296	7296	5614113	5614113	0	1046664
FOLD	8222	7297	7297	5614884	5614884	0	1046983
FOLD	8223	7298	7298	5615655	5615655	0	1047206
FOLD	8224	7299	7299	5616423	5616423	0	1047285
FOLD	8225	7300	7300	5617194	5617194	0	1047341
FOLD	8226	7301	7301	5617962	5617962	0	1047564
FOLD	8227	7302	7302	5618733	5618733	0	1047794
FOLD	8236	7303	7303	5619501	5619501	0	1049139
FOLD	8237	7304	7304	5620272	5620272	0	1049209
FOLD	8238	7305	7305	5621040	5621040	0	1049442
FOLD	8239	7306	7306	5621811	5621811	0	1049677
FOLD	8240	7307	7307	5622579	5622579	0	1049753
FOLD	8243	7308	7308	5623347	5623347	0	1050255
FOLD	8250	7309	7309	5624118	5624118	0	1051233
FOLD	8251	7310	7310	5624889	5624889	0	1051465
FOLD	8252	7311	7311	5625657	5625657	0	1051561
FOLD	8253	7312	7312	5626428	5626428	0	1051739
FOLD	8254	7313	7313	5627196	5627196	0	1051969
FOLD	8255	7314	7314	5627967	5627967	0	1052378
FOLD	8264	7315	7315	5628735	5628735	0	1054111
FOLD	8265	7316	7316	5629506	5629506	0	1054204
FOLD	8266	7317	7317	5630274	5630274	0	1054433
FOLD	8267	7318	7318	5631045	5631045	0	1054661
FOLD	8268	7319	7319	5631813	5631813	0	1054788
FOLD	8271	7320	7320	5632581	5632581	0	1055352
FOLD	8272	7321	7321	5633349	5633349	0	1055531
FOLD	8275	7322	7322	5634117	5634117	0	1056215
FOLD	8278	7323	7323	5634888	5634888	0	1056647
FOLD	8279	7324	7324	5635659	5635659	0	1056968
FOLD	8282	7325	7325	5636430	5636430	0	1057396
FOLD	8283	7326	7326	5637201	5637201	0	1057624
FOLD	8284	7327	7327	5637969	5637969	0	1057765
FOLD	8285	7328	7328	5638740	5638740	0	1057874
FOLD	8286	7329	7329	5639508	5639508	0	1058097
FOLD	8287	7330	7330	5640279	5640279	0	1058325
FOLD	8296	7331	7331	5641047	5641047	0	1059844
FOLD	8297	7332	7332	5641818	5641818	0	1060011
FOLD	8298	7333	7333	5642586	5642586	0	1060245
FOLD	8299	7334	7334	5643357	5643357	0	1060502
FOLD	8300	7335	7335	5644125	5644125	0	1060691
FOLD	8303	7336	7336	5644893	5644893	0	1061313
FOLD	8310	7337	7337	5645664	5645664	0	1062437
FOLD	8311	7338	7338	5646435	5646435	0	1062734
FOLD	8312	7339	7339	5647203	5647203	0	1062937
FOLD	8313	7340	7340	5647974	5647974	0	1063257
FOLD	8314	7341	7341	5648742	5648742	0	1063488
FOLD	8315	7342	7342	5649513	5649513	0	1063751
FOLD	8324	7343	7343	5650281	5650281	0	1066327
FOLD	8325	7344	7344	5651052	5651052	0	1066571
FOLD	8326	7345	7345	5651820	5651820	0	1066800
FOLD	8327	7346	7346	5652591	5652591	0	1067065
FOLD	8328	7347	7347	5653359	5653359	0	1067358
FOLD	8331	7348	7348	5654127	5654127	0	1068111
FOLD	8332	7349	7349	5654895	5654895	0	1068379
FOLD	8335	7350	7350	5655663	5655663	0	1070086
FOLD	8336	7351	7351	5656431	5656431	0	1070334
FOLD	8337	7352	7352	5657202	5657202	0	1070560
FOLD	8338	7353	7353	5657970	5657970	0	1070787
FOLD	8339	7354	7354	5658741	5658741	0	1071012
FOLD	8340	7355	7355	5659509	5659509	0	1071235
FOLD	8341	7356	7356	5660280	5660280	0	1071464
FOLD	8342	7357	7357	5661048	5661048	0	1071721
FOLD	8343	7358	7358	5661819	5661819	0	1072043
FOLD	8344	7359	7359	5662587	5662587	0	1072295
FOLD	8345	7360	7360	5663358	5663358	0	1072528
FOLD	8346	7361	7361	5664126	5664126	0	1072785
FOLD	8347	7362	7362	5664897	5664897	0	1073007
FOLD	8348	7363	7363	5665665	5665665	0	1073256
FOLD	8349	7364	7364	5666436	5666436	0	1073479
FOLD	8350	7365	7365	5667204	5667204	0	1073722
FOLD	8351	7366	7366	5667975	5667975	0	1073947
FOLD	8352	7367	7367	5668743	5668743	0	1074174
FOLD	8353	7368	7368	5669514	5669514	0	1074398
FOLD	8354	7369	7369	5670282	5670282	0	1074624
FOLD	8355	7370	7370	5671053	5671053	0	1074877
FOLD	8356	7371	7371	5671821	5671821	0	1075107
FOLD	8357	7372	7372	5672592	5672592	0	1075352
FOLD	8358	7373	7373	5673360	5673360	0	1075653
FOLD	8359	7374	7374	5674131	5674131	0	1075927
FOLD	8360	7375	7375	5674899	5674899	0	1076161
FOLD	8361	7376	7376	5675670	5675670	0	1076389
FOLD	8362	7377	7377	5676438	5676438	0	1076654
FOLD	8363	7378	7378	5677209	5677209	0	1076889
FOLD	8364	7379	7379	5677977	5677977	0	1077143
FOLD	8365	7380	7380	5678748	5678748	0	1077421
FOLD	8366	7381	7381	5679516	5679516	0	1077653
FOLD	8367	7382	7382	5680287	5680287	0	1077879
FOLD	8368	7383	7383	5681055	5681055	0	1078107
FOLD	8369	7384	7384	5681826	5681826	0	1078355
FOLD	8370	7385	7385	5682594	5682594	0	1078610
FOLD	8371	7386	7386	5683365	5683365	0	1078848
FOLD	8372	7387	7387	5684133	5684133	0	1079092
FOLD	8373	7388	7388	5684904	5684904	0	1079360
FOLD	8374	7389	7389	5685672	5685672	0	1079652
FOLD	8375	7390	7390	5686443	5686443	0	1080021
FOLD	8376	7391	7391	5687211	5687211	0	1080255
FOLD	8377	7392	7392	5687982	5687982	0	1080481
FOLD	8378	7393	7393	5688750	5688750	0	1080727
FOLD	8379	7394	7394	5689521	5689521	0	1080996
FOLD	8380	7395	7395	5690289	5690289	0	1081246
FOLD	8381	7396	7396	5691060	5691060	0	1081472
FOLD	8382	7397	7397	5691828	5691828	0	1081699
FOLD	8383	7398	7398	5692599	5692599	0	1081963
FOLD	8384	7399	7399	5693367	5693367	0	1082194
FOLD	8385	7400	7400	5694138	5694138	0	1082456
FOLD	8386	7401	7401	5694906	5694906	0	1082702
FOLD	8387	7402	7402	5695677	5695677	0	1082952
FOLD	8388	7403	7403	5696445	5696445	0	1083186
FOLD	8389	7404	7404	5697216	5697216	0	1083417
FOLD	8390	7405	7405	5697984	5697984	0	1083650
FOLD	8391	7406	7406	5698755	5698755	0	1083991
FOLD	8392	7407	7407	5699523	5699523	0	1084283
FOLD	8393	7408	7408	5700294	5700294	0	1084554
FOLD	8394	7409	7409	5701062	5701062	0	1084829
FOLD	8395	7410	7410	5701833	5701833	0	1085085
FOLD	8396	7411	7411	5702601	5702601	0	1085391
FOLD	8397	7412	7412	5703372	5703372	0	1085622
FOLD	8398	7413	7413	5704140	5704140	0	1085852
FOLD	8399	7414	7414	5704911	5704911	0	1086082
FOLD	8400	7415	7415	5705679	5705679	0	1086309
FOLD	8401	7416	7416	5706450	5706450	0	1086536
FOLD	8402	7417	7417	5707218	5707218	0	1086801
FOLD	8403	7418	7418	5707989	5707989	0	1087042
FOLD	8404	7419	7419	5708757	5708757	0	1087269
FOLD	8405	7420	7420	5709528	5709528	0	1087499
FOLD	8406	7421	7421	5710296	5710296	0	1087739
FOLD	8407	7422	7422	5711067	5711067	0	1087969
FOLD	8408	7423	7423	5711835	5711835	0	1088202
FOLD	8409	7424	7424	5712606	5712606	0	1088420
FOLD	8410	7425	7425	5713374	5713374	0	1088694
FOLD	8411	7426	7426	5714145	5714145	0	1088932
FOLD	8412	7427	7427	5714913	5714913	0	1089146
FOLD	8413	7428	7428	5715684	5715684	0	1089360
FOLD	8414	7429	7429	5716452	5716452	0	1089635
FOLD	8415	7430	7430	5717223	5717223	0	1089871
FOLD	8416	7431	7431	5717991	5717991	0	1090094
FOLD	8417	7432	7432	5718762	5718762	0	1090418
FOLD	8418	7433	7433	5719530	5719530	0	1090643
FOLD	8419	7434	7434	5720301	5720301	0	1090864
FOLD	8420	7435	7435	5721069	5721069	0	1091091
FOLD	8421	7436	7436	5721840	5721840	0	1091340
FOLD	8422	7437	7437	5722608	5722608	0	1091570
FOLD	8423	7438	7438	5723379	5723379	0	1091874
FOLD	8424	7439	7439	5724147	5724147	0	1092136
FOLD	8425	7440	7440	5724918	5724918	0	1092368
FOLD	8426	7441	7441	5725686	5725686	0	1092999
FOLD	8427	7442	7442	5726457	5726457	0	1093274
FOLD	8428	7443	7443	5727225	5727225	0	1093493
FOLD	8429	7444	7444	5727996	5727996	0	1093706
FOLD	8430	7445	7445	5728764	5728764	0	1093925
FOLD	8431	7446	7446	5729535	5729535	0	1094155
FOLD	8432	7447	7447	5730303	5730303	0	1094391
FOLD	8433	7448	7448	5731074	5731074	0	1094623
FOLD	8434	7449	7449	5731842	5731842	0	1094855
FOLD	8435	7450	7450	5732613	5732613	0	1095114
FOLD	8436	7451	7451	5733381	5733381	0	1095441
FOLD	8437	7452	7452	5734152	5734152	0	1095713
FOLD	8438	7453	7453	5734920	5734920	0	1095972
FOLD	8439	7454	7454	5735691	5735691	0	1096227
FOLD	8440	7455	7455	5736459	5736459	0	1096469
FOLD	8441	7456	7456	5737230	5737230	0	1096701
FOLD	8442	7457	7457	5737998	5737998	0	1097087
FOLD	8443	7458	7458	5738769	5738769	0	1097398
FOLD	8444	7459	7459	5739537	5739537	0	1097456
FOLD	8445	7460	7460	5740305	5740305	0	1097695
FOLD	8446	7461	7461	5741076	5741076	0	1097942
FOLD	8447	7462	7462	5741844	5741844	0	1098002
FOLD	8448	7463	7463	5742612	5742612	0	1098250
FOLD	8449	7464	7464	5743383	5743383	0	1098593
FOLD	8450	7465	7465	5744151	5744151	0	1098663
FOLD	8451	7466	7466	5744919	5744919	0	1098941
FOLD	8452	7467	7467	5745690	5745690	0	1099196
FOLD	8453	7468	7468	5746458	5746458	0	1099254
FOLD	8454	7469	7469	5747229	5747229	0	1099333
FOLD	8455	7470	7470	5747997	5747997	0	1099593
FOLD	8456	7471	7471	5748768	5748768	0	1099928
FOLD	8459	7472	7472	5749539	5749539	0	1100366
FOLD	8460	7473	7473	5750310	5750310	0	1100759
FOLD	8463	7474	7474	5751081	5751081	0	1101178
FOLD	8464	7475	7475	5751852	5751852	0	1101428
FOLD	8465	7476	7476	5752620	5752620	0	1101522
FOLD	8466	7477	7477	5753391	5753391	0	1101578
FOLD	8467	7478	7478	5754159	5754159	0	1101825
FOLD	8468	7479	7479	5754930	5754930	0	1102095
FOLD	8477	7480	7480	5755698	5755698	0	1103332
FOLD	8478	7481	7481	5756469	5756469	0	1103399
FOLD	8479	7482	7482	5757237	5757237	0	1103640
FOLD	8480	7483	7483	5758008	5758008	0	1103951
FOLD	8481	7484	7484	5758776	5758776	0	1104054
FOLD	8484	7485	7485	5759544	5759544	0	1104692
FOLD	8491	7486	7486	5760315	5760315	0	1105635
FOLD	8492	7487	7487	5761086	5761086	0	1105905
FOLD	8493	7488	7488	5761854	5761854	0	1106007
FOLD	8494	7489	7489	5762625	5762625	0	1106162
FOLD	8495	7490	7490	5763393	5763393	0	1106409
FOLD	8496	7491	7491	5764164	5764164	0	1106660
FOLD	8505	7492	7492	5764932	5764932	0	1108632
FOLD	8506	7493	7493	5765703	5765703	0	1108735
FOLD	8507	7494	7494	5766471	5766471	0	1108982
FOLD	8508	7495	7495	5767242	5767242	0	1109233
FOLD	8509	7496	7496	5768010	5768010	0	1109351
FOLD	8512	7497	7497	5768778	5768778	0	1109953
FOLD	8513	7498	7498	5769546	5769546	0	1110072
FOLD	8516	7499	7499	5770314	5770314	0	1110675
FOLD	8519	7500	7500	5771085	5771085	0	1111054
FOLD	8520	7501	7501	5771856	5771856	0	1111302
FOLD	8523	7502	7502	5772627	5772627	0	1111818
FOLD	8524	7503	7503	5773398	5773398	0	1112206
FOLD	8525	7504	7504	5774166	5774166	0	1112358
FOLD	8526	7505	7505	5774937	5774937	0	1112473
FOLD	8527	7506	7506	5775705	5775705	0	1112737
FOLD	8528	7507	7507	5776476	5776476	0	1113145
FOLD	8537	7508	7508	5777244	5777244	0	1115076
FOLD	8538	7509	7509	5778015	5778015	0	1115228
FOLD	8539	7510	7510	5778783	5778783	0	1115484
FOLD	8540	7511	7511	5779554	5779554	0	1115801
FOLD	8541	7512	7512	5780322	5780322	0	1115999
FOLD	8544	7513	7513	5781090	5781090	0	1116672
FOLD	8551	7514	7514	5781861	5781861	0	1117870
FOLD	8552	7515	7515	5782632	5782632	0	1118120
FOLD	8553	7516	7516	5783400	5783400	0	1118364
FOLD	8554	7517	7517	5784171	5784171	0	1118752
FOLD	8555	7518	7518	5784939	5784939	0	1119050
FOLD	8556	7519	7519	5785710	5785710	0	1119317
FOLD	8565	7520	7520	5786478	5786478	0	1121815
FOLD	8566	7521	7521	5787249	5787249	0	1122057
FOLD	8567	7522	7522	5788017	5788017	0	1122336
FOLD	8568	7523	7523	5788788	5788788	0	1122619
FOLD	8569	7524	7524	5789556	5789556	0	1122900
FOLD	8572	7525	7525	5790324	5790324	0	1123591
FOLD	8573	7526	7526	5791092	5791092	0	1123903
FOLD	8576	7527	7527	5791860	5791860	0	1125623
FOLD	8577	7528	7528	5792628	5792628	0	1125935
FOLD	8578	7529	7529	5793399	5793399	0	1126210
FOLD	8579	7530	7530	5794167	5794167	0	1126456
FOLD	8580	7531	7531	5794938	5794938	0	1126723
FOLD	8581	7532	7532	5795706	5795706	0	1126964
FOLD	8582	7533	7533	5796477	5796477	0	1127211
FOLD	8583	7534	7534	5797245	5797245	0	1127500
FOLD	8584	7535	7535	5798016	5798016	0	1127869
FOLD	8585	7536	7536	5798784	5798784	0	1128161
FOLD	8586	7537	7537	5799555	5799555	0	1128455
FOLD	8587	7538	7538	5800323	5800323	0	1128710
FOLD	8588	7539	7539	5801094	5801094	0	1128986
FOLD	8589	7540	7540	5801862	5801862	0	1129233
FOLD	8590	7541	7541	5802633	5802633	0	1129496
FOLD	8591	7542	7542	5803401	5803401	0	1129763
FOLD	8592	7543	7543	5804172	5804172	0	1130009
FOLD	8593	7544	7544	5804940	5804940	0	1130434
FOLD	8594	7545	7545	5805711	5805711	0	1130718
FOLD	8595	7546	7546	5806479	5806479	0	1131029
FOLD	8596	7547	7547	5807250	5807250	0	1131284
FOLD	8597	7548	7548	5808018	5808018	0	1131574
FOLD	8598	7549	7549	5808789	5808789	0	1131828
FOLD	8599	7550	7550	5809557	5809557	0	1132081
FOLD	8600	7551	7551	5810328	5810328	0	1132322
FOLD	8601	7552	7552	5811096	5811096	0	1132583
FOLD	8602	7553	7553	5811867	5811867	0	1132832
FOLD	8603	7554	7554	5812635	5812635	0	1133075
FOLD	8604	7555	7555	5813406	5813406	0	1133343
FOLD	8605	7556	7556	5814174	5814174	0	1133648
FOLD	8606	7557	7557	5814945	5814945	0	1133887
FOLD	8607	7558	7558	5815713	5815713	0	1134148
FOLD	8608	7559	7559	5816484	5816484	0	1134438
FOLD	8609	7560	7560	5817252	5817252	0	1134712
FOLD	8610	7561	7561	5818023	5818023	0	1134950
FOLD	8611	7562	7562	5818791	5818791	0	1135254
FOLD	8612	7563	7563	5819562	5819562	0	1135630
FOLD	8613	7564	7564	5820330	5820330	0	1135930
FOLD	8614	7565	7565	5821101	5821101	0	1136178
FOLD	8615	7566	7566	5821869	5821869	0	1136454
FOLD	8616	7567	7567	5822640	5822640	0	1136694
FOLD	8617	7568	7568	5823408	5823408	0	1136932
FOLD	8618	7569	7569	5824179	5824179	0	1137217
FOLD	8619	7570	7570	5824947	5824947	0	1137464
FOLD	8620	7571	7571	5825718	5825718	0	1137706
FOLD	8621	7572	7572	5826486	5826486	0	1137943
FOLD	8622	7573	7573	5827257	5827257	0	1138214
FOLD	8623	7574	7574	5828025	5828025	0	1138457
FOLD	8624	7575	7575	5828796	5828796	0	1138719
FOLD	8625	7576	7576	5829564	5829564	0	1139012
FOLD	8626	7577	7577	5830335	5830335	0	1139288
FOLD	8627	7578	7578	5831103	5831103	0	1139540
FOLD	8628	7579	7579	5831874	5831874	0	1139920
FOLD	8629	7580	7580	5832642	5832642	0	1140167
FOLD	8630	7581	7581	5833413	5833413	0	1140405
FOLD	8631	7582	7582	5834181	5834181	0	1140662
FOLD	8632	7583	7583	5834952	5834952	0	1140949
FOLD	8633	7584	7584	5835720	5835720	0	1141221
FOLD	8634	7585	7585	5836491	5836491	0	1141464
FOLD	8635	7586	7586	5837259	5837259	0	1141791
FOLD	8636	7587	7587	5838030	5838030	0	1142047
FOLD	8637	7588	7588	5838798	5838798	0	1142286
FOLD	8638	7589	7589	5839569	5839569	0	1142522
FOLD	8639	7590	7590	5840337	5840337	0	1142808
FOLD	8640	7591	7591	5841108	5841108	0	1143085
FOLD	8641	7592	7592	5841876	5841876	0	1143357
FOLD	8642	7593	7593	5842647	5842647	0	1143602
FOLD	8643	7594	7594	5843415	5843415	0	1143935
FOLD	8644	7595	7595	5844186	5844186	0	1144209
FOLD	8645	7596	7596	5844954	5844954	0	1144449
FOLD	8646	7597	7597	5845725	5845725	0	1144739
FOLD	8647	7598	7598	5846493	5846493	0	1144985
FOLD	8648	7599	7599	5847264	5847264	0	1145676
FOLD	8649	7600	7600	5848032	5848032	0	1145911
FOLD	8650	7601	7601	5848803	5848803	0	1146175
FOLD	8651	7602	7602	5849571	5849571	0	1146445
FOLD	8652	7603	7603	5850342	5850342	0	1146713
FOLD	8653	7604	7604	5851110	5851110	0	1146944
FOLD	8654	7605	7605	5851881	5851881	0	1147171
FOLD	8655	7606	7606	5852649	5852649	0	1147411
FOLD	8656	7607	7607	5853420	5853420	0	1147657
FOLD	8657	7608	7608	5854188	5854188	0	1147981
FOLD	8658	7609	7609	5854959	5854959	0	1148245
FOLD	8659	7610	7610	5855727	5855727	0	1148484
FOLD	8660	7611	7611	5856498	5856498	0	1148718
FOLD	8661	7612	7612	5857266	5857266	0	1148947
FOLD	8662	7613	7613	5858037	5858037	0	1149173
FOLD	8663	7614	7614	5858805	5858805	0	1149424
FOLD	8664	7615	7615	5859576	5859576	0	1149668
FOLD	8665	7616	7616	5860344	5860344	0	1149900
FOLD	8666	7617	7617	5861115	5861115	0	1150177
FOLD	8667	7618	7618	5861883	5861883	0	1150435
FOLD	8668	7619	7619	5862654	5862654	0	1150683
FOLD	8669	7620	7620	5863422	5863422	0	1150929
FOLD	8670	7621	7621	5864193	5864193	0	1151175
FOLD	8671	7622	7622	5864961	5864961	0	1151483
FOLD	8672	7623	7623	5865732	5865732	0	1151770
FOLD	8673	7624	7624	5866500	5866500	0	1152048
FOLD	8674	7625	7625	5867271	5867271	0	1152298
FOLD	8675	7626	7626	5868039	5868039	0	1152544
FOLD	8676	7627	7627	5868810	5868810	0	1152807
FOLD	8677	7628	7628	5869578	5869578	0	1153052
FOLD	8678	7629	7629	5870349	5870349	0	1153298
FOLD	8679	7630	7630	5871117	5871117	0	1153596
FOLD	8680	7631	7631	5871888	5871888	0	1153887
FOLD	8683	7632	7632	5872659	5872659	0	1154432
FOLD	8684	7633	7633	5873427	5873427	0	1154486
FOLD	8685	7634	7634	5874195	5874195	0	1154727
FOLD	8686	7635	7635	5874966	5874966	0	1154992
FOLD	8687	7636	7636	5875734	5875734	0	1155059
FOLD	8688	7637	7637	5876502	5876502	0	1155383
FOLD	8689	7638	7638	5877273	5877273	0	1155736
FOLD	8690	7639	7639	5878041	5878041	0	1155801
FOLD	8693	7640	7640	5878809	5878809	0	1156380
FOLD	8694	7641	7641	5879577	5879577	0	1156439
FOLD	8695	7642	7642	5880348	5880348	0	1156494
FOLD	8696	7643	7643	5881116	5881116	0	1156740
FOLD	8697	7644	7644	5881887	5881887	0	1156988
FOLD	8700	7645	7645	5882658	5882658	0	1157306
FOLD	8701	7646	7646	5883429	5883429	0	1157555
FOLD	8704	7647	7647	5884200	5884200	0	1157963
FOLD	8705	7648	7648	5884971	5884971	0	1158246
FOLD	8706	7649	7649	5885739	5885739	0	1158328
FOLD	8707	7650	7650	5886510	5886510	0	1158391
FOLD	8708	7651	7651	5887278	5887278	0	1158780
FOLD	8709	7652	7652	5888049	5888049	0	1159282
FOLD	8718	7653	7653	5888817	5888817	0	1160682
FOLD	8719	7654	7654	5889588	5889588	0	1160767
FOLD	8720	7655	7655	5890356	5890356	0	1161010
FOLD	8721	7656	7656	5891127	5891127	0	1161302
FOLD	8722	7657	7657	5891895	5891895	0	1161416
FOLD	8725	7658	7658	5892663	5892663	0	1161982
FOLD	8732	7659	7659	5893434	5893434	0	1163094
FOLD	8733	7660	7660	5894205	5894205	0	1163370
FOLD	8734	7661	7661	5894973	5894973	0	1163490
FOLD	8735	7662	7662	5895744	5895744	0	1163741
FOLD	8736	7663	7663	5896512	5896512	0	1164046
FOLD	8737	7664	7664	5897283	5897283	0	1164340
FOLD	8746	7665	7665	5898051	5898051	0	1168256
FOLD	8747	7666	7666	5898822	5898822	0	1168363
FOLD	8748	7667	7667	5899590	5899590	0	1168609
FOLD	8749	7668	7668	5900361	5900361	0	1168910
FOLD	8750	7669	7669	5901129	5901129	0	1169052
FOLD	8753	7670	7670	5901897	5901897	0	1169740
FOLD	8754	7671	7671	5902665	5902665	0	1169866
FOLD	8757	7672	7672	5903433	5903433	0	1170470
FOLD	8760	7673	7673	5904204	5904204	0	1170893
FOLD	8761	7674	7674	5904975	5904975	0	1171221
FOLD	8764	7675	7675	5905746	5905746	0	1171775
FOLD	8765	7676	7676	5906517	5906517	0	1172036
FOLD	8766	7677	7677	5907285	5907285	0	1172190
FOLD	8767	7678	7678	5908056	5908056	0	1172310
FOLD	8768	7679	7679	5908824	5908824	0	1172593
FOLD	8769	7680	7680	5909595	5909595	0	1172896
FOLD	8778	7681	7681	5910363	5910363	0	1174465
FOLD	8779	7682	7682	5911134	5911134	0	1174656
FOLD	8780	7683	7683	5911902	5911902	0	1174944
FOLD	8781	7684	7684	5912673	5912673	0	1175306
FOLD	8782	7685	7685	5913441	5913441	0	1175512
FOLD	8785	7686	7686	5914209	5914209	0	1176441
FOLD	8792	7687	7687	5914980	5914980	0	1177677
FOLD	8793	7688	7688	5915751	5915751	0	1177948
FOLD	8794	7689	7689	5916519	5916519	0	1178174
FOLD	8795	7690	7690	5917290	5917290	0	1178604
FOLD	8796	7691	7691	5918058	5918058	0	1178884
FOLD	8797	7692	7692	5918829	5918829	0	1179137
FOLD	8806	7693	7693	5919597	5919597	0	1184251
FOLD	8807	7694	7694	5920368	5920368	0	1184531
FOLD	8808	7695	7695	5921136	5921136	0	1184863
FOLD	8809	7696	7696	5921907	5921907	0	1185293
FOLD	8810	7697	7697	5922675	5922675	0	1185712
FOLD	8813	7698	7698	5923443	5923443	0	1186796
FOLD	8814	7699	7699	5924211	5924211	0	1187141
FOLD	8817	7700	7700	5924979	5924979	0	1188843
FOLD	8818	7701	7701	5925747	5925747	0	1189121
FOLD	8819	7702	7702	5926518	5926518	0	1189371
FOLD	8820	7703	7703	5927286	5927286	0	1189636
FOLD	8821	7704	7704	5928057	5928057	0	1189887
FOLD	8822	7705	7705	5928825	5928825	0	1190136
FOLD	8823	7706	7706	5929596	5929596	0	1190432
FOLD	8824	7707	7707	5930364	5930364	0	1190730
FOLD	8825	7708	7708	5931135	5931135	0	1190983
FOLD	8826	7709	7709	5931903	5931903	0	1191236
FOLD	8827	7710	7710	5932674	5932674	0	1191526
FOLD	8828	7711	7711	5933442	5933442	0	1191888
FOLD	8829	7712	7712	5934213	5934213	0	1192205
FOLD	8830	7713	7713	5934981	5934981	0	1192509
FOLD	8831	7714	7714	5935752	5935752	0	1192831
FOLD	8832	7715	7715	5936520	5936520	0	1193135
FOLD	8833	7716	7716	5937291	5937291	0	1193412
FOLD	8834	7717	7717	5938059	5938059	0	1193702
FOLD	8835	7718	7718	5938830	5938830	0	1194003
FOLD	8836	7719	7719	5939598	5939598	0	1194263
FOLD	8837	7720	7720	5940369	5940369	0	1194518
FOLD	8838	7721	7721	5941137	5941137	0	1194803
FOLD	8839	7722	7722	5941908	5941908	0	1195056
FOLD	8840	7723	7723	5942676	5942676	0	1195305
FOLD	8841	7724	7724	5943447	5943447	0	1195583
FOLD	8842	7725	7725	5944215	5944215	0	1195901
FOLD	8843	7726	7726	5944986	5944986	0	1196198
FOLD	8844	7727	7727	5945754	5945754	0	1196529
FOLD	8845	7728	7728	5946525	5946525	0	1196794
FOLD	8846	7729	7729	5947293	5947293	0	1197050
FOLD	8847	7730	7730	5948064	5948064	0	1197299
FOLD	8848	7731	7731	5948832	5948832	0	1197595
FOLD	8849	7732	7732	5949603	5949603	0	1197999
FOLD	8850	7733	7733	5950371	5950371	0	1198252
FOLD	8851	7734	7734	5951142	5951142	0	1198500
FOLD	8852	7735	7735	5951910	5951910	0	1198778
FOLD	8853	7736	7736	5952681	5952681	0	1199053
FOLD	8854	7737	7737	5953449	5953449	0	1199336
FOLD	8855	7738	7738	5954220	5954220	0	1199683
FOLD	8856	7739	7739	5954988	5954988	0	1200000
FOLD	8857	7740	7740	5955759	5955759	0	1200259
FOLD	8858	7741	7741	5956527	5956527	0	1200533
FOLD	8859	7742	7742	5957298	5957298	0	1200781
FOLD	8860	7743	7743	5958066	5958066	0	1201031
FOLD	8861	7744	7744	5958837	5958837	0	1201281
FOLD	8862	7745	7745	5959605	5959605	0	1201568
FOLD	8863	7746	7746	5960376	5960376	0	1201821
FOLD	8864	7747	7747	5961144	5961144	0	1202074
FOLD	8865	7748	7748	5961915	5961915	0	1202369
FOLD	8866	7749	7749	5962683	5962683	0	1202691
FOLD	8867	7750	7750	5963454	5963454	0	1202978
FOLD	8868	7751	7751	5964222	5964222	0	1203270
FOLD	8869	7752	7752	5964993	5964993	0	1203575
FOLD	8870	7753	7753	5965761	5965761	0	1203918
FOLD	8871	7754	7754	5966532	5966532	0	1204230
FOLD	8872	7755	7755	5967300	5967300	0	1204546
FOLD	8873	7756	7756	5968071	5968071	0	1204840
FOLD	8874	7757	7757	5968839	5968839	0	1205124
FOLD	8875	7758	7758	5969610	5969610	0	1205408
FOLD	8876	7759	7759	5970378	5970378	0	1205683
FOLD	8877	7760	7760	5971149	5971149	0	1206034
FOLD	8878	7761	7761	5971917	5971917	0	1206312
FOLD	8879	7762	7762	5972688	5972688	0	1206586
FOLD	8880	7763	7763	5973456	5973456	0	1206842
FOLD	8881	7764	7764	5974227	5974227	0	1207568
FOLD	8882	7765	7765	5974995	5974995	0	1207899
FOLD	8883	7766	7766	5975766	5975766	0	1208198
FOLD	8884	7767	7767	5976534	5976534	0	1208452
FOLD	8885	7768	7768	5977305	5977305	0	1208721
FOLD	8886	7769	7769	5978073	5978073	0	1208968
FOLD	8887	7770	7770	5978844	5978844	0	1209261
FOLD	8888	7771	7771	5979612	5979612	0	1209513
FOLD	8889	7772	7772	5980383	5980383	0	1209822
FOLD	8890	7773	7773	5981151	5981151	0	1210178
FOLD	8891	7774	7774	5981922	5981922	0	1210423
FOLD	8892	7775	7775	5982690	5982690	0	1210686
FOLD	8893	7776	7776	5983461	5983461	0	1210960
FOLD	8894	7777	7777	5984229	5984229	0	1211236
FOLD	8895	7778	7778	5985000	5985000	0	1211504
FOLD	8896	7779	7779	5985768	5985768	0	1211785
FOLD	8897	7780	7780	5986539	5986539	0	1212081
FOLD	8898	7781	7781	5987307	5987307	0	1212361
FOLD	8899	7782	7782	5988078	5988078	0	1212688
FOLD	8900	7783	7783	5988846	5988846	0	1212967
FOLD	8901	7784	7784	5989617	5989617	0	1213240
FOLD	8902	7785	7785	5990385	5990385	0	1213524
FOLD	8903	7786	7786	5991156	5991156	0	1213769
FOLD	8904	7787	7787	5991924	5991924	0	1214013
FOLD	8905	7788	7788	5992695	5992695	0	1214255
FOLD	8906	7789	7789	5993463	5993463	0	1214765
FOLD	8907	7790	7790	5994234	5994234	0	1215026
FOLD	8908	7791	7791	5995002	5995002	0	1215274
FOLD	8909	7792	7792	5995773	5995773	0	1215590
FOLD	8910	7793	7793	5996541	5996541	0	1215850
FOLD	8911	7794	7794	5997312	5997312	0	1216251
FOLD	8912	7795	7795	5998080	5998080	0	1216511
FOLD	8913	7796	7796	5998851	5998851	0	1216776
FOLD	8914	7797	7797	5999619	5999619	0	1217026
FOLD	8915	7798	7798	6000390	6000390	0	1217268
FOLD	8916	7799	7799	6001158	6001158	0	1217598
FOLD	8917	7800	7800	6001929	6001929	0	1217902
FOLD	8920	7801	7801	6002700	6002700	0	1218514
FOLD	8923	7802	7802	6003471	6003471	0	1219064
FOLD	8924	7803	7803	6004239	6004239	0	1219121
FOLD	8925	7804	7804	6005007	6005007	0	1219365
FOLD	8926	7805	7805	6005778	6005778	0	1219617
FOLD	8927	7806	7806	6006546	6006546	0	1219683
FOLD	8930	7807	7807	6007314	6007314	0	1220500
FOLD	8931	7808	7808	6008082	6008082	0	1220565
FOLD	8934	7809	7809	6008850	6008850	0	1221798
FOLD	8935	7810	7810	6009618	6009618	0	1221907
FOLD	8936	7811	7811	6010389	6010389	0	1222012
FOLD	8937	7812	7812	6011157	6011157	0	1222362
FOLD	8938	7813	7813	6011928	6011928	0	1222661
FOLD	8941	7814	7814	6012699	6012699	0	1223210
FOLD	8942	7815	7815	6013470	6013470	0	1223607
FOLD	8945	7816	7816	6014241	6014241	0	1224298
FOLD	8946	7817	7817	6015012	6015012	0	1224607
FOLD	8947	7818	7818	6015780	6015780	0	1224761
FOLD	8948	7819	7819	6016551	6016551	0	1224866
FOLD	8949	7820	7820	6017319	6017319	0	1225171
FOLD	8950	7821	7821	6018090	6018090	0	1225528
FOLD	8959	7822	7822	6018858	6018858	0	1227389
FOLD	8960	7823	7823	6019629	6019629	0	1227518
FOLD	8961	7824	7824	6020397	6020397	0	1227859
FOLD	8962	7825	7825	6021168	6021168	0	1228174
FOLD	8963	7826	7826	6021936	6021936	0	1228312
FOLD	8966	7827	7827	6022704	6022704	0	1229018
FOLD	8973	7828	7828	6023475	6023475	0	1230609
FOLD	8974	7829	7829	6024246	6024246	0	1230961
FOLD	8975	7830	7830	6025014	6025014	0	1231202
FOLD	8976	7831	7831	6025785	6025785	0	1231476
FOLD	8977	7832	7832	6026553	6026553	0	1232012
FOLD	8978	7833	7833	6027324	6027324	0	1232346
FOLD	8987	7834	7834	6028092	6028092	0	1234480
FOLD	8988	7835	7835	6028863	6028863	0	1234590
FOLD	8989	7836	7836	6029631	6029631	0	1234878
FOLD	8990	7837	7837	6030402	6030402	0	1235181
FOLD	8991	7838	7838	6031170	6031170	0	1235313
FOLD	8994	7839	7839	6031938	6031938	0	1235953
FOLD	8995	7840	7840	6032706	6032706	0	1236093
FOLD	8998	7841	7841	6033474	6033474	0	1237246
FOLD	9001	7842	7842	6034245	6034245	0	1237713
FOLD	9002	7843	7843	6035016	6035016	0	1238030
FOLD	9005	7844	7844	6035787	6035787	0	1238641
FOLD	9006	7845	7845	6036558	6036558	0	1238940
FOLD	9007	7846	7846	6037326	6037326	0	1239110
FOLD	9008	7847	7847	6038097	6038097	0	1239238
FOLD	9009	7848	7848	6038865	6038865	0	1239502
FOLD	9010	7849	7849	6039636	6039636	0	1239769
FOLD	9019	7850	7850	6040404	6040404	0	1241406
FOLD	9020	7851	7851	6041175	6041175	0	1241589
FOLD	9021	7852	7852	6041943	6041943	0	1241852
FOLD	9022	7853	7853	6042714	6042714	0	1242147
FOLD	9023	7854	7854	6043482	6043482	0	1242370
FOLD	9026	7855	7855	6044250	6044250	0	1243063
FOLD	9033	7856	7856	6045021	6045021	0	1244549
FOLD	9034	7857	7857	6045792	6045792	0	1244821
FOLD	9035	7858	7858	6046560	6046560	0	1245050
FOLD	9036	7859	7859	6047331	6047331	0	1245455
FOLD	9037	7860	7860	6048099	6048099	0	1245747
FOLD	9038	7861	7861	6048870	6048870	0	1246062
FOLD	9047	7862	7862	6049638	6049638	0	1248739
FOLD	9048	7863	7863	6050409	6050409	0	1248975
FOLD	9049	7864	7864	6051177	6051177	0	1249282
FOLD	9050	7865	7865	6051948	6051948	0	1249550
FOLD	9051	7866	7866	6052716	6052716	0	1249809
FOLD	9054	7867	7867	6053484	6053484	0	1250500
FOLD	9055	7868	7868	6054252	6054252	0	1250763
FOLD	9058	7869	7869	6055020	6055020	0	1252447
FOLD	9059	7870	7870	6055788	6055788	0	1252713
FOLD	9060	7871	7871	6056559	6056559	0	1253015
FOLD	9061	7872	7872	6057327	6057327	0	1253287
FOLD	9062	7873	7873	6058098	6058098	0	1253551
FOLD	9063	7874	7874	6058866	6058866	0	1253812
FOLD	9064	7875	7875	6059637	6059637	0	1254071
FOLD	9065	7876	7876	6060405	6060405	0	1254328
FOLD	9066	7877	7877	6061176	6061176	0	1254588
FOLD	9067	7878	7878	6061944	6061944	0	1254889
FOLD	9068	7879	7879	6062715	6062715	0	1255281
FOLD	9069	7880	7880	6063483	6063483	0	1255601
FOLD	9070	7881	7881	6064254	6064254	0	1255977
FOLD	9071	7882	7882	6065022	6065022	0	1256243
FOLD	9072	7883	7883	6065793	6065793	0	1256503
FOLD	9073	7884	7884	6066561	6066561	0	1256801
FOLD	9074	7885	7885	6067332	6067332	0	1257063
FOLD	9075	7886	7886	6068100	6068100	0	1257323
FOLD	9076	7887	7887	6068871	6068871	0	1257579
FOLD	9077	7888	7888	6069639	6069639	0	1257906
FOLD	9078	7889	7889	6070410	6070410	0	1258164
FOLD	9079	7890	7890	6071178	6071178	0	1258434
FOLD	9080	7891	7891	6071949	6071949	0	1258694
FOLD	9081	7892	7892	6072717	6072717	0	1258991
FOLD	9082	7893	7893	6073488	6073488	0	1259294
FOLD	9083	7894	7894	6074256	6074256	0	1259563
FOLD	9084	7895	7895	6075027	6075027	0	1259879
FOLD	9085	7896	7896	6075795	6075795	0	1260210
FOLD	9086	7897	7897	6076566	6076566	0	1260655
FOLD	9087	7898	7898	6077334	6077334	0	1260944
FOLD	9088	7899	7899	6078105	6078105	0	1261291
FOLD	9089	7900	7900	6078873	6078873	0	1261576
FOLD	9090	7901	7901	6079644	6079644	0	1261838
FOLD	9091	7902	7902	6080412	6080412	0	1262105
FOLD	9092	7903	7903	6081183	6081183	0	1262407
FOLD	9093	7904	7904	6081951	6081951	0	1262671
FOLD	9094	7905	7905	6082722	6082722	0	1262932
FOLD	9095	7906	7906	6083490	6083490	0	1263190
FOLD	9096	7907	7907	6084261	6084261	0	1263453
FOLD	9097	7908	7908	6085029	6085029	0	1263758
FOLD	9098	7909	7909	6085800	6085800	0	1264077
FOLD	9099	7910	7910	6086568	6086568	0	1264345
FOLD	9100	7911	7911	6087339	6087339	0	1264605
FOLD	9101	7912	7912	6088107	6088107	0	1264867
FOLD	9102	7913	7913	6088878	6088878	0	1265190
FOLD	9103	7914	7914	6089646	6089646	0	1265452
FOLD	9104	7915	7915	6090417	6090417	0	1265710
FOLD	9105	7916	7916	6091185	6091185	0	1266048
FOLD	9106	7917	7917	6091956	6091956	0	1266354
FOLD	9107	7918	7918	6092724	6092724	0	1266655
FOLD	9108	7919	7919	6093495	6093495	0	1266977
FOLD	9109	7920	7920	6094263	6094263	0	1267269
FOLD	9110	7921	7921	6095034	6095034	0	1267560
FOLD	9111	7922	7922	6095802	6095802	0	1267914
FOLD	9112	7923	7923	6096573	6096573	0	1268180
FOLD	9113	7924	7924	6097341	6097341	0	1268446
FOLD	9114	7925	7925	6098112	6098112	0	1268710
FOLD	9115	7926	7926	6098880	6098880	0	1268970
FOLD	9116	7927	7927	6099651	6099651	0	1269282
FOLD	9117	7928	7928	6100419	6100419	0	1269548
FOLD	9118	7929	7929	6101190	6101190	0	1269902
FOLD	9119	7930	7930	6101958	6101958	0	1270161
FOLD	9120	7931	7931	6102729	6102729	0	1270409
FOLD	9121	7932	7932	6103497	6103497	0	1270666
FOLD	9122	7933	7933	6104268	6104268	0	1270933
FOLD	9123	7934	7934	6105036	6105036	0	1271296
FOLD	9124	7935	7935	6105807	6105807	0	1271560
FOLD	9125	7936	7936	6106575	6106575	0	1271874
FOLD	9126	7937	7937	6107346	6107346	0	1272170
FOLD	9127	7938	7938	6108114	6108114	0	1272433
FOLD	9128	7939	7939	6108885	6108885	0	1272712
FOLD	9129	7940	7940	6109653	6109653	0	1273077
FOLD	9130	7941	7941	6110424	6110424	0	1273360
FOLD	9131	7942	7942	6111192	6111192	0	1273620
FOLD	9132	7943	7943	6111963	6111963	0	1273906
FOLD	9133	7944	7944	6112731	6112731	0	1274178
FOLD	9134	7945	7945	6113502	6113502	0	1274425
FOLD	9135	7946	7946	6114270	6114270	0	1274733
FOLD	9136	7947	7947	6115041	6115041	0	1275041
FOLD	9137	7948	7948	6115809	6115809	0	1275361
FOLD	9138	7949	7949	6116580	6116580	0	1275649
FOLD	9139	7950	7950	6117348	6117348	0	1275933
FOLD	9140	7951	7951	6118119	6118119	0	1276208
FOLD	9141	7952	7952	6118887	6118887	0	1276506
FOLD	9142	7953	7953	6119658	6119658	0	1276797
FOLD	9143	7954	7954	6120426	6120426	0	1277055
FOLD	9144	7955	7955	6121197	6121197	0	1277309
FOLD	9145	7956	7956	6121965	6121965	0	1277562
FOLD	9146	7957	7957	6122736	6122736	0	1277892
FOLD	9147	7958	7958	6123504	6123504	0	1278153
FOLD	9148	7959	7959	6124275	6124275	0	1278446
FOLD	9149	7960	7960	6125043	6125043	0	1278704
FOLD	9150	7961	7961	6125814	6125814	0	1278958
FOLD	9151	7962	7962	6126582	6126582	0	1279209
FOLD	9152	7963	7963	6127353	6127353	0	1279520
FOLD	9153	7964	7964	6128121	6128121	0	1279787
FOLD	9154	7965	7965	6128892	6128892	0	1280044
FOLD	9155	7966	7966	6129660	6129660	0	1280143
FOLD	9156	7967	7967	6130428	6130428	0	1280407
FOLD	9157	7968	7968	6131199	6131199	0	1280669
FOLD	9160	7969	7969	6131970	6131970	0	1281309
FOLD	9163	7970	7970	6132741	6132741	0	1282010
FOLD	9164	7971	7971	6133509	6133509	0	1282074
FOLD	9165	7972	7972	6134280	6134280	0	1282156
FOLD	9166	7973	7973	6135048	6135048	0	1282479
FOLD	9167	7974	7974	6135819	6135819	0	1282791
FOLD	9168	7975	7975	6136587	6136587	0	1282900
FOLD	9171	7976	7976	6137355	6137355	0	1283830
FOLD	9172	7977	7977	6138123	6138123	0	1283914
FOLD	9175	7978	7978	6138891	6138891	0	1284549
FOLD	9176	7979	7979	6139659	6139659	0	1284610
FOLD	9177	7980	7980	6140430	6140430	0	1284669
FOLD	9178	7981	7981	6141198	6141198	0	1284937
FOLD	9179	7982	7982	6141969	6141969	0	1285207
FOLD	9182	7983	7983	6142740	6142740	0	1285676
FOLD	9183	7984	7984	6143511	6143511	0	1286015
FOLD	9186	7985	7985	6144282	6144282	0	1286498
FOLD	9187	7986	7986	6145053	6145053	0	1286774
FOLD	9188	7987	7987	6145821	6145821	0	1286856
FOLD	9189	7988	7988	6146592	6146592	0	1286914
FOLD	9190	7989	7989	6147360	6147360	0	1287182
FOLD	9191	7990	7990	6148131	6148131	0	1287459
FOLD	9200	7991	7991	6148899	6148899	0	1288980
FOLD	9201	7992	7992	6149670	6149670	0	1289071
FOLD	9202	7993	7993	6150438	6150438	0	1289517
FOLD	9203	7994	7994	6151209	6151209	0	1290072
FOLD	9204	7995	7995	6151977	6151977	0	1290172
FOLD	9207	7996	7996	6152745	6152745	0	1290880
FOLD	9214	7997	7997	6153516	6153516	0	1292102
FOLD	9215	7998	7998	6154287	6154287	0	1292368
FOLD	9216	7999	7999	6155055	6155055	0	1292479
FOLD	9217	8000	8000	6155826	6155826	0	1292661
FOLD	9218	8001	8001	6156594	6156594	0	1292930
FOLD	9219	8002	8002	6157365	6157365	0	1293202
FOLD	9228	8003	8003	6158133	6158133	0	1298099
FOLD	9229	8004	8004	6158904	6158904	0	1298216
FOLD	9230	8005	8005	6159672	6159672	0	1298482
FOLD	9231	8006	8006	6160443	6160443	0	1298747
FOLD	9232	8007	8007	6161211	6161211	0	1298892
FOLD	9235	8008	8008	6161979	6161979	0	1299551
FOLD	9236	8009	8009	6162747	6162747	0	1299717
FOLD	9239	8010	8010	6163515	6163515	0	1300335
FOLD	9242	8011	8011	6164286	6164286	0	1300876
FOLD	9243	8012	8012	6165057	6165057	0	1301196
FOLD	9246	8013	8013	6165828	6165828	0	1301709
FOLD	9247	8014	8014	6166599	6166599	0	1301980
FOLD	9248	8015	8015	6167367	6167367	0	1302154
FOLD	9249	8016	8016	6168138	6168138	0	1302288
FOLD	9250	8017	8017	6168906	6168906	0	1302630
FOLD	9251	8018	8018	6169677	6169677	0	1303032
FOLD	9260	8019	8019	6170445	6170445	0	1304893
FOLD	9261	8020	8020	6171216	6171216	0	1305077
FOLD	9262	8021	8021	6171984	6171984	0	1305346
FOLD	9263	8022	8022	6172755	6172755	0	1305616
FOLD	9264	8023	8023	6173523	6173523	0	1305817
FOLD	9267	8024	8024	6174291	6174291	0	1306580
FOLD	9274	8025	8025	6175062	6175062	0	1307876
FOLD	9275	8026	8026	6175833	6175833	0	1308201
FOLD	9276	8027	8027	6176601	6176601	0	1308545
FOLD	9277	8028	8028	6177372	6177372	0	1308989
FOLD	9278	8029	8029	6178140	6178140	0	1309321
FOLD	9279	8030	8030	6178911	6178911	0	1309609
FOLD	9288	8031	8031	6179679	6179679	0	1316536
FOLD	9289	8032	8032	6180450	6180450	0	1316801
FOLD	9290	8033	8033	6181218	6181218	0	1317166
FOLD	9291	8034	8034	6181989	6181989	0	1317498
FOLD	9292	8035	8035	6182757	6182757	0	1317778
FOLD	9295	8036	8036	6183525	6183525	0	1318489
FOLD	9296	8037	8037	6184293	6184293	0	1318787
FOLD	9299	8038	8038	6185061	6185061	0	1320498
FOLD	9300	8039	8039	6185829	6185829	0	1320826
FOLD	9301	8040	8040	6186600	6186600	0	1321134
FOLD	9302	8041	8041	6187368	6187368	0	1321473
FOLD	9303	8042	8042	6188139	6188139	0	1321783
FOLD	9304	8043	8043	6188907	6188907	0	1322095
FOLD	9305	8044	8044	6189678	6189678	0	1322415
FOLD	9306	8045	8045	6190446	6190446	0	1322798
FOLD	9307	8046	8046	6191217	6191217	0	1323092
FOLD	9308	8047	8047	6191985	6191985	0	1323367
FOLD	9309	8048	8048	6192756	6192756	0	1323640
FOLD	9310	8049	8049	6193524	6193524	0	1324024
FOLD	9311	8050	8050	6194295	6194295	0	1324397
FOLD	9312	8051	8051	6195063	6195063	0	1324670
FOLD	9313	8052	8052	6195834	6195834	0	1324942
FOLD	9314	8053	8053	6196602	6196602	0	1325222
FOLD	9315	8054	8054	6197373	6197373	0	1325496
FOLD	9316	8055	8055	6198141	6198141	0	1325767
FOLD	9317	8056	8056	6198912	6198912	0	1326064
FOLD	9318	8057	8057	6199680	6199680	0	1326403
FOLD	9319	8058	8058	6200451	6200451	0	1326691
FOLD	9320	8059	8059	6201219	6201219	0	1326979
FOLD	9321	8060	8060	6201990	6201990	0	1327294
FOLD	9322	8061	8061	6202758	6202758	0	1327630
FOLD	9323	8062	8062	6203529	6203529	0	1328095
FOLD	9324	8063	8063	6204297	6204297	0	1328409
FOLD	9325	8064	8064	6205068	6205068	0	1328712
FOLD	9326	8065	8065	6205836	6205836	0	1329013
FOLD	9327	8066	8066	6206607	6206607	0	1329285
FOLD	9328	8067	8067	6207375	6207375	0	1329554
FOLD	9329	8068	8068	6208146	6208146	0	1329822
FOLD	9330	8069	8069	6208914	6208914	0	1330168
FOLD	9331	8070	8070	6209685	6209685	0	1330444
FOLD	9332	8071	8071	6210453	6210453	0	1330713
FOLD	9333	8072	8072	6211224	6211224	0	1330981
FOLD	9334	8073	8073	6211992	6211992	0	1331253
FOLD	9335	8074	8074	6212763	6212763	0	1331532
FOLD	9336	8075	8075	6213531	6213531	0	1332066
FOLD	9337	8076	8076	6214302	6214302	0	1332357
FOLD	9338	8077	8077	6215070	6215070	0	1332638
FOLD	9339	8078	8078	6215841	6215841	0	1333011
FOLD	9340	8079	8079	6216609	6216609	0	1333355
FOLD	9341	8080	8080	6217380	6217380	0	1333653
FOLD	9342	8081	8081	6218148	6218148	0	1333968
FOLD	9343	8082	8082	6218919	6218919	0	1334240
FOLD	9344	8083	8083	6219687	6219687	0	1334507
FOLD	9345	8084	8084	6220458	6220458	0	1334783
FOLD	9346	8085	8085	6221226	6221226	0	1335057
FOLD	9347	8086	8086	6221997	6221997	0	1335363
FOLD	9348	8087	8087	6222765	6222765	0	1335682
FOLD	9349	8088	8088	6223536	6223536	0	1336084
FOLD	9350	8089	8089	6224304	6224304	0	1336362
FOLD	9351	8090	8090	6225075	6225075	0	1336634
FOLD	9352	8091	8091	6225843	6225843	0	1336906
FOLD	9353	8092	8092	6226614	6226614	0	1337196
FOLD	9354	8093	8093	6227382	6227382	0	1337480
FOLD	9355	8094	8094	6228153	6228153	0	1338311
FOLD	9356	8095	8095	6228921	6228921	0	1338580
FOLD	9357	8096	8096	6229692	6229692	0	1338839
FOLD	9358	8097	8097	6230460	6230460	0	1339145
FOLD	9359	8098	8098	6231231	6231231	0	1339412
FOLD	9360	8099	8099	6231999	6231999	0	1339683
FOLD	9361	8100	8100	6232770	6232770	0	1339970
FOLD	9362	8101	8101	6233538	6233538	0	1340272
FOLD	9363	8102	8102	6234309	6234309	0	1340567
FOLD	9364	8103	8103	6235077	6235077	0	1340881
FOLD	9365	8104	8104	6235848	6235848	0	1341147
FOLD	9366	8105	8105	6236616	6236616	0	1341415
FOLD	9367	8106	8106	6237387	6237387	0	1341674
FOLD	9368	8107	8107	6238155	6238155	0	1341987
FOLD	9369	8108	8108	6238926	6238926	0	1342296
FOLD	9370	8109	8109	6239694	6239694	0	1342559
FOLD	9371	8110	8110	6240465	6240465	0	1342846
FOLD	9372	8111	8111	6241233	6241233	0	1343112
FOLD	9373	8112	8112	6242004	6242004	0	1343431
FOLD	9374	8113	8113	6242772	6242772	0	1343713
FOLD	9375	8114	8114	6243543	6243543	0	1344011
FOLD	9376	8115	8115	6244311	6244311	0	1344267
FOLD	9377	8116	8116	6245082	6245082	0	1344523
FOLD	9378	8117	8117	6245850	6245850	0	1344811
FOLD	9379	8118	8118	6246621	6246621	0	1345077
FOLD	9380	8119	8119	6247389	6247389	0	1345339
FOLD	9381	8120	8120	6248160	6248160	0	1345598
FOLD	9382	8121	8121	6248928	6248928	0	1345867
FOLD	9383	8122	8122	6249699	6249699	0	1346186
FOLD	9384	8123	8123	6250467	6250467	0	1346469
FOLD	9385	8124	8124	6251238	6251238	0	1346764
FOLD	9386	8125	8125	6252006	6252006	0	1347196
FOLD	9387	8126	8126	6252777	6252777	0	1347487
FOLD	9388	8127	8127	6253545	6253545	0	1347788
FOLD	9389	8128	8128	6254316	6254316	0	1348061
FOLD	9390	8129	8129	6255084	6255084	0	1348469
FOLD	9391	8130	8130	6255855	6255855	0	1348760
FOLD	9394	8131	8131	6256626	6256626	0	1349372
FOLD	9395	8132	8132	6257394	6257394	0	1349465
FOLD	9396	8133	8133	6258162	6258162	0	1349737
FOLD	9397	8134	8134	6258933	6258933	0	1350083
FOLD	9400	8135	8135	6259704	6259704	0	1350695
FOLD	9405	8136	8136	6260472	6260472	0	1351606
FOLD	9406	8137	8137	6261243	6261243	0	1351730
FOLD	9407	8138	8138	6262011	6262011	0	1352062
FOLD	9408	8139	8139	6262782	6262782	0	1352594
FOLD	9409	8140	8140	6263550	6263550	0	1352720
FOLD	9412	8141	8141	6264318	6264318	0	1353525
FOLD	9413	8142	8142	6265086	6265086	0	1353649
FOLD	9416	8143	8143	6265854	6265854	0	1354507
FOLD	9417	8144	8144	6266622	6266622	0	1354631
FOLD	9418	8145	8145	6267393	6267393	0	1354809
FOLD	9419	8146	8146	6268161	6268161	0	1355188
FOLD	9420	8147	8147	6268932	6268932	0	1355526
FOLD	9423	8148	8148	6269703	6269703	0	1356154
FOLD	9424	8149	8149	6270474	6270474	0	1356503
FOLD	9427	8150	8150	6271245	6271245	0	1357074
FOLD	9428	8151	8151	6272016	6272016	0	1357451
FOLD	9429	8152	8152	6272784	6272784	0	1357596
FOLD	9430	8153	8153	6273555	6273555	0	1357732
FOLD	9431	8154	8154	6274323	6274323	0	1358122
FOLD	9432	8155	8155	6275094	6275094	0	1358565
FOLD	9441	8156	8156	6275862	6275862	0	1360516
FOLD	9442	8157	8157	6276633	6276633	0	1360663
FOLD	9443	8158	8158	6277401	6277401	0	1360991
FOLD	9444	8159	8159	6278172	6278172	0	1361325
FOLD	9445	8160	8160	6278940	6278940	0	1361514
FOLD	9448	8161	8161	6279708	6279708	0	1362387
FOLD	9455	8162	8162	6280479	6280479	0	1364193
FOLD	9456	8163	8163	6281250	6281250	0	1364555
FOLD	9457	8164	8164	6282018	6282018	0	1364694
FOLD	9458	8165	8165	6282789	6282789	0	1364885
FOLD	9459	8166	8166	6283557	6283557	0	1365163
FOLD	9460	8167	8167	6284328	6284328	0	1365486
FOLD	9469	8168	8168	6285096	6285096	0	1367688
FOLD	9470	8169	8169	6285867	6285867	0	1367821
FOLD	9471	8170	8170	6286635	6286635	0	1368104
FOLD	9472	8171	8171	6287406	6287406	0	1368568
FOLD	9473	8172	8172	6288174	6288174	0	1368717
FOLD	9476	8173	8173	6288942	6288942	0	1369432
FOLD	9477	8174	8174	6289710	6289710	0	1369578
FOLD	9480	8175	8175	6290478	6290478	0	1370294
FOLD	9483	8176	8176	6291249	6291249	0	1370816
FOLD	9484	8177	8177	6292020	6292020	0	1371146
FOLD	9487	8178	8178	6292791	6292791	0	1371749
FOLD	9488	8179	8179	6293562	6293562	0	1372069
FOLD	9489	8180	8180	6294330	6294330	0	1372249
FOLD	9490	8181	8181	6295101	6295101	0	1372389
FOLD	9491	8182	8182	6295869	6295869	0	1372705
FOLD	9492	8183	8183	6296640	6296640	0	1373033
FOLD	9501	8184	8184	6297408	6297408	0	1374827
FOLD	9502	8185	8185	6298179	6298179	0	1375032
FOLD	9503	8186	8186	6298947	6298947	0	1375370
FOLD	9504	8187	8187	6299718	6299718	0	1375686
FOLD	9505	8188	8188	6300486	6300486	0	1375943
FOLD	9508	8189	8189	6301254	6301254	0	1376672
FOLD	9515	8190	8190	6302025	6302025	0	1378123
FOLD	9516	8191	8191	6302796	6302796	0	1378453
FOLD	9517	8192	8192	6303564	6303564	0	1378747
FOLD	9518	8193	8193	6304335	6304335	0	1379202
FOLD	9519	8194	8194	6305103	6305103	0	1379549
FOLD	9520	8195	8195	6305874	6305874	0	1379897
FOLD	9529	8196	8196	6306642	6306642	0	1382868
FOLD	9530	8197	8197	6307413	6307413	0	1383116
FOLD	9531	8198	8198	6308181	6308181	0	1383495
FOLD	9532	8199	8199	6308952	6308952	0	1383824
FOLD	9533	8200	8200	6309720	6309720	0	1384151
FOLD	9536	8201	8201	6310488	6310488	0	1384879
FOLD	9537	8202	8202	6311256	6311256	0	1385190
FOLD	9540	8203	8203	6312024	6312024	0	1387093
FOLD	9541	8204	8204	6312792	6312792	0	1387377
FOLD	9542	8205	8205	6313563	6313563	0	1387764
FOLD	9543	8206	8206	6314331	6314331	0	1388104
FOLD	9544	8207	8207	6315102	6315102	0	1388405
FOLD	9545	8208	8208	6315870	6315870	0	1388686
FOLD	9546	8209	8209	6316641	6316641	0	1389000
FOLD	9547	8210	8210	6317409	6317409	0	1389320
FOLD	9548	8211	8211	6318180	6318180	0	1389606
FOLD	9549	8212	8212	6318948	6318948	0	1389885
FOLD	9550	8213	8213	6319719	6319719	0	1390215
FOLD	9551	8214	8214	6320487	6320487	0	1390807
FOLD	9552	8215	8215	6321258	6321258	0	1391091
FOLD	9553	8216	8216	6322026	6322026	0	1391445
FOLD	9554	8217	8217	6322797	6322797	0	1391768
FOLD	9555	8218	8218	6323565	6323565	0	1392114
FOLD	9556	8219	8219	6324336	6324336	0	1392426
FOLD	9557	8220	8220	6325104	6325104	0	1392864
FOLD	9558	8221	8221	6325875	6325875	0	1393150
FOLD	9559	8222	8222	6326643	6326643	0	1393495
FOLD	9560	8223	8223	6327414	6327414	0	1394054
FOLD	9561	8224	8224	6328182	6328182	0	1394342
FOLD	9562	8225	8225	6328953	6328953	0	1394673
FOLD	9563	8226	8226	6329721	6329721	0	1395059
FOLD	9564	8227	8227	6330492	6330492	0	1395381
FOLD	9565	8228	8228	6331260	6331260	0	1395711
FOLD	9566	8229	8229	6332031	6332031	0	1396030
FOLD	9567	8230	8230	6332799	6332799	0	1396312
FOLD	9568	8231	8231	6333570	6333570	0	1396637
FOLD	9569	8232	8232	6334338	6334338	0	1396949
FOLD	9570	8233	8233	6335109	6335109	0	1397253
FOLD	9571	8234	8234	6335877	6335877	0	1397554
FOLD	9572	8235	8235	6336648	6336648	0	1397832
FOLD	9573	8236	8236	6337416	6337416	0	1398125
FOLD	9574	8237	8237	6338187	6338187	0	1398486
FOLD	9575	8238	8238	6338955	6338955	0	1398772
FOLD	9576	8239	8239	6339726	6339726	0	1399115
FOLD	9577	8240	8240	6340494	6340494	0	1399389
FOLD	9578	8241	8241	6341265	6341265	0	1399695
FOLD	9579	8242	8242	6342033	6342033	0	1400009
FOLD	9580	8243	8243	6342804	6342804	0	1400350
FOLD	9581	8244	8244	6343572	6343572	0	1400729
FOLD	9582	8245	8245	6344343	6344343	0	1401184
FOLD	9583	8246	8246	6345111	6345111	0	1401472
FOLD	9584	8247	8247	6345882	6345882	0	1401825
FOLD	9585	8248	8248	6346650	6346650	0	1402186
FOLD	9586	8249	8249	6347421	6347421	0	1402467
FOLD	9587	8250	8250	6348189	6348189	0	1402752
FOLD	9588	8251	8251	6348960	6348960	0	1403043
FOLD	9589	8252	8252	6349728	6349728	0	1403324
FOLD	9590	8253	8253	6350499	6350499	0	1403609
FOLD	9591	8254	8254	6351267	6351267	0	1403933
FOLD	9592	8255	8255	6352038	6352038	0	1404211
FOLD	9593	8256	8256	6352806	6352806	0	1404480
FOLD	9594	8257	8257	6353577	6353577	0	1404780
FOLD	9595	8258	8258	6354345	6354345	0	1405284
FOLD	9596	8259	8259	6355116	6355116	0	1405593
FOLD	9597	8260	8260	6355884	6355884	0	1406045
FOLD	9598	8261	8261	6356655	6356655	0	1406345
FOLD	9599	8262	8262	6357423	6357423	0	1406623
FOLD	9600	8263	8263	6358194	6358194	0	1406895
FOLD	9601	8264	8264	6358962	6358962	0	1407228
FOLD	9602	8265	8265	6359733	6359733	0	1407550
FOLD	9603	8266	8266	6360501	6360501	0	1407894
FOLD	9604	8267	8267	6361272	6361272	0	1408209
FOLD	9605	8268	8268	6362040	6362040	0	1408907
FOLD	9606	8269	8269	6362811	6362811	0	1409219
FOLD	9607	8270	8270	6363579	6363579	0	1409532
FOLD	9608	8271	8271	6364350	6364350	0	1409863
FOLD	9609	8272	8272	6365118	6365118	0	1410129
FOLD	9610	8273	8273	6365889	6365889	0	1410409
FOLD	9611	8274	8274	6366657	6366657	0	1410674
FOLD	9612	8275	8275	6367428	6367428	0	1410939
FOLD	9613	8276	8276	6368196	6368196	0	1411205
FOLD	9614	8277	8277	6368967	6368967	0	1411512
FOLD	9615	8278	8278	6369735	6369735	0	1411879
FOLD	9616	8279	8279	6370506	6370506	0	1412205
FOLD	9617	8280	8280	6371274	6371274	0	1412505
FOLD	9618	8281	8281	6372045	6372045	0	1412833
FOLD	9619	8282	8282	6372813	6372813	0	1413160
FOLD	9620	8283	8283	6373584	6373584	0	1413528
FOLD	9621	8284	8284	6374352	6374352	0	1413888
FOLD	9622	8285	8285	6375123	6375123	0	1414191
FOLD	9623	8286	8286	6375891	6375891	0	1414503
FOLD	9624	8287	8287	6376662	6376662	0	1414799
FOLD	9625	8288	8288	6377430	6377430	0	1415111
FOLD	9626	8289	8289	6378201	6378201	0	1415401
FOLD	9627	8290	8290	6378969	6378969	0	1415705
FOLD	9628	8291	8291	6379740	6379740	0	1416076
FOLD	9631	8292	8292	6380511	6380511	0	1416672
FOLD	9634	8293	8293	6381282	6381282	0	1417368
FOLD	9635	8294	8294	6382050	6382050	0	1417434
FOLD	9636	8295	8295	6382818	6382818	0	1417794
FOLD	9637	8296	8296	6383589	6383589	0	1418137
FOLD	9646	8297	8297	6384357	6384357	0	1420130
FOLD	9647	8298	8298	6385128	6385128	0	1420225
FOLD	9648	8299	8299	6385896	6385896	0	1420574
FOLD	9649	8300	8300	6386667	6386667	0	1420965
FOLD	9650	8301	8301	6387435	6387435	0	1421036
FOLD	9653	8302	8302	6388203	6388203	0	1421691
FOLD	9654	8303	8303	6388971	6388971	0	1421766
FOLD	9657	8304	8304	6389739	6389739	0	1422598
FOLD	9658	8305	8305	6390507	6390507	0	1422677
FOLD	9659	8306	8306	6391278	6391278	0	1422744
FOLD	9660	8307	8307	6392046	6392046	0	1423063
FOLD	9661	8308	8308	6392817	6392817	0	1423392
FOLD	9664	8309	8309	6393588	6393588	0	1423855
FOLD	9665	8310	8310	6394359	6394359	0	1424198
FOLD	9668	8311	8311	6395130	6395130	0	1424687
FOLD	9669	8312	8312	6395901	6395901	0	1425047
FOLD	9670	8313	8313	6396669	6396669	0	1425142
FOLD	9671	8314	8314	6397440	6397440	0	1425213
FOLD	9672	8315	8315	6398208	6398208	0	1425537
FOLD	9673	8316	8316	6398979	6398979	0	1425845
FOLD	9682	8317	8317	6399747	6399747	0	1427757
FOLD	9683	8318	8318	6400518	6400518	0	1427872
FOLD	9684	8319	8319	6401286	6401286	0	1428242
FOLD	9685	8320	8320	6402057	6402057	0	1428597
FOLD	9686	8321	8321	6402825	6402825	0	1428711
FOLD	9689	8322	8322	6403593	6403593	0	1429427
FOLD	9696	8323	8323	6404364	6404364	0	1430689
FOLD	9697	8324	8324	6405135	6405135	0	1431024
FOLD	9698	8325	8325	6405903	6405903	0	1431154
FOLD	9699	8326	8326	6406674	6406674	0	1431357
FOLD	9700	8327	8327	6407442	6407442	0	1431774
FOLD	9701	8328	8328	6408213	6408213	0	1432186
FOLD	9710	8329	8329	6408981	6408981	0	1434553
FOLD	9711	8330	8330	6409752	6409752	0	1434682
FOLD	9712	8331	8331	6410520	6410520	0	1435029
FOLD	9713	8332	8332	6411291	6411291	0	1435385
FOLD	9714	8333	8333	6412059	6412059	0	1435550
FOLD	9717	8334	8334	6412827	6412827	0	1436384
FOLD	9718	8335	8335	6413595	6413595	0	1436546
FOLD	9721	8336	8336	6414363	6414363	0	1437404
FOLD	9724	8337	8337	6415134	6415134	0	1437938
FOLD	9725	8338	8338	6415905	6415905	0	1438276
FOLD	9728	8339	8339	6416676	6416676	0	1438866
FOLD	9729	8340	8340	6417447	6417447	0	1439212
FOLD	9730	8341	8341	6418215	6418215	0	1439436
FOLD	9731	8342	8342	6418986	6418986	0	1439604
FOLD	9732	8343	8343	6419754	6419754	0	1439979
FOLD	9733	8344	8344	6420525	6420525	0	1440366
FOLD	9742	8345	8345	6421293	6421293	0	1442343
FOLD	9743	8346	8346	6422064	6422064	0	1442565
FOLD	9744	8347	8347	6422832	6422832	0	1442952
FOLD	9745	8348	8348	6423603	6423603	0	1443268
FOLD	9746	8349	8349	6424371	6424371	0	1443537
FOLD	9749	8350	8350	6425139	6425139	0	1444382
FOLD	9756	8351	8351	6425910	6425910	0	1446083
FOLD	9757	8352	8352	6426681	6426681	0	1446458
FOLD	9758	8353	8353	6427449	6427449	0	1446772
FOLD	9759	8354	8354	6428220	6428220	0	1447277
FOLD	9760	8355	8355	6428988	6428988	0	1447830
FOLD	9761	8356	8356	6429759	6429759	0	1448133
FOLD	9770	8357	8357	6430527	6430527	0	1451232
FOLD	9771	8358	8358	6431298	6431298	0	1451520
FOLD	9772	8359	8359	6432066	6432066	0	1451886
FOLD	9773	8360	8360	6432837	6432837	0	1452240
FOLD	9774	8361	8361	6433605	6433605	0	1452607
FOLD	9777	8362	8362	6434373	6434373	0	1453370
FOLD	9778	8363	8363	6435141	6435141	0	1453736
FOLD	9781	8364	8364	6435909	6435909	0	1455618
FOLD	9782	8365	8365	6436677	6436677	0	1456029
FOLD	9783	8366	8366	6437448	6437448	0	1456395
FOLD	9784	8367	8367	6438216	6438216	0	1456706
FOLD	9785	8368	8368	6438987	6438987	0	1457065
FOLD	9786	8369	8369	6439755	6439755	0	1457419
FOLD	9787	8370	8370	6440526	6440526	0	1457780
FOLD	9788	8371	8371	6441294	6441294	0	1458081
FOLD	9789	8372	8372	6442065	6442065	0	1458376
FOLD	9790	8373	8373	6442833	6442833	0	1458693
FOLD	9791	8374	8374	6443604	6443604	0	1459071
FOLD	9792	8375	8375	6444372	6444372	0	1459445
FOLD	9793	8376	8376	6445143	6445143	0	1459803
FOLD	9794	8377	8377	6445911	6445911	0	1460126
FOLD	9795	8378	8378	6446682	6446682	0	1460422
FOLD	9796	8379	8379	6447450	6447450	0	1460804
FOLD	9797	8380	8380	6448221	6448221	0	1461270
FOLD	9798	8381	8381	6448989	6448989	0	1461674
FOLD	9799	8382	8382	6449760	6449760	0	1461970
FOLD	9800	8383	8383	6450528	6450528	0	1462403
FOLD	9801	8384	8384	6451299	6451299	0	1462697
FOLD	9802	8385	8385	6452067	6452067	0	1462987
FOLD	9803	8386	8386	6452838	6452838	0	1463334
FOLD	9804	8387	8387	6453606	6453606	0	1463744
FOLD	9805	8388	8388	6454377	6454377	0	1464049
FOLD	9806	8389	8389	6455145	6455145	0	1464368
FOLD	9807	8390	8390	6455916	6455916	0	1464661
FOLD	9808	8391	8391	6456684	6456684	0	1464974
FOLD	9809	8392	8392	6457455	6457455	0	1465375
FOLD	9810	8393	8393	6458223	6458223	0	1465670
FOLD	9811	8394	8394	6458994	6458994	0	1465961
FOLD	9812	8395	8395	6459762	6459762	0	1466262
FOLD	9813	8396	8396	6460533	6460533	0	1466652
FOLD	9814	8397	8397	6461301	6461301	0	1466947
FOLD	9815	8398	8398	6462072	6462072	0	1467237
FOLD	9816	8399	8399	6462840	6462840	0	1467555
FOLD	9817	8400	8400	6463611	6463611	0	1467860
FOLD	9818	8401	8401	6464379	6464379	0	1468224
FOLD	9819	8402	8402	6465150	6465150	0	1468580
FOLD	9820	8403	8403	6465918	6465918	0	1468877
FOLD	9821	8404	8404	6466689	6466689	0	1469181
FOLD	9822	8405	8405	6467457	6467457	0	1469516
FOLD	9823	8406	8406	6468228	6468228	0	1469877
FOLD	9824	8407	8407	6468996	6468996	0	1470179
FOLD	9825	8408	8408	6469767	6469767	0	1470547
FOLD	9826	8409	8409	6470535	6470535	0	1470895
FOLD	9827	8410	8410	6471306	6471306	0	1471222
FOLD	9828	8411	8411	6472074	6472074	0	1471550
FOLD	9829	8412	8412	6472845	6472845	0	1472034
FOLD	9830	8413	8413	6473613	6473613	0	1472484
FOLD	9831	8414	8414	6474384	6474384	0	1472769
FOLD	9832	8415	8415	6475152	6475152	0	1473056
FOLD	9833	8416	8416	6475923	6475923	0	1473346
FOLD	9834	8417	8417	6476691	6476691	0	1473644
FOLD	9835	8418	8418	6477462	6477462	0	1473985
FOLD	9836	8419	8419	6478230	6478230	0	1474325
FOLD	9837	8420	8420	6479001	6479001	0	1474657
FOLD	9838	8421	8421	6479769	6479769	0	1474953
FOLD	9839	8422	8422	6480540	6480540	0	1475308
FOLD	9840	8423	8423	6481308	6481308	0	1475648
FOLD	9841	8424	8424	6482079	6482079	0	1475958
FOLD	9842	8425	8425	6482847	6482847	0	1476242
FOLD	9843	8426	8426	6483618	6483618	0	1476700
FOLD	9844	8427	8427	6484386	6484386	0	1476988
FOLD	9845	8428	8428	6485157	6485157	0	1477265
FOLD	9846	8429	8429	6485925	6485925	0	1477547
FOLD	9847	8430	8430	6486696	6486696	0	1477829
FOLD	9848	8431	8431	6487464	6487464	0	1478265
FOLD	9849	8432	8432	6488235	6488235	0	1478576
FOLD	9850	8433	8433	6489003	6489003	0	1478881
FOLD	9851	8434	8434	6489774	6489774	0	1479179
FOLD	9852	8435	8435	6490542	6490542	0	1479484
FOLD	9853	8436	8436	6491313	6491313	0	1479811
FOLD	9854	8437	8437	6492081	6492081	0	1480132
FOLD	9855	8438	8438	6492852	6492852	0	1480418
FOLD	9856	8439	8439	6493620	6493620	0	1480696
FOLD	9857	8440	8440	6494391	6494391	0	1480984
FOLD	9858	8441	8441	6495159	6495159	0	1481265
FOLD	9859	8442	8442	6495930	6495930	0	1481543
FOLD	9860	8443	8443	6496698	6496698	0	1481822
FOLD	9861	8444	8444	6497469	6497469	0	1482243
FOLD	9862	8445	8445	6498237	6498237	0	1482580
FOLD	9863	8446	8446	6499008	6499008	0	1482859
FOLD	9864	8447	8447	6499776	6499776	0	1483248
FOLD	9865	8448	8448	6500547	6500547	0	1483554
FOLD	9866	8449	8449	6501315	6501315	0	1483652
FOLD	9867	8450	8450	6502083	6502083	0	1484007
FOLD	9868	8451	8451	6502854	6502854	0	1484362
FOLD	9871	8452	8452	6503625	6503625	0	1484948
FOLD	9874	8453	8453	6504396	6504396	0	1485672
FOLD	9875	8454	8454	6505164	6505164	0	1485737
FOLD	9876	8455	8455	6505935	6505935	0	1485831
FOLD	9877	8456	8456	6506703	6506703	0	1486117
FOLD	9878	8457	8457	6507474	6507474	0	1486412
FOLD	9887	8458	8458	6508242	6508242	0	1488333
FOLD	9888	8459	8459	6509013	6509013	0	1488400
FOLD	9889	8460	8460	6509781	6509781	0	1488695
FOLD	9890	8461	8461	6510552	6510552	0	1488987
FOLD	9891	8462	8462	6511320	6511320	0	1489052
FOLD	9894	8463	8463	6512088	6512088	0	1489775
FOLD	9895	8464	8464	6512856	6512856	0	1489883
FOLD	9898	8465	8465	6513624	6513624	0	1490621
FOLD	9899	8466	8466	6514392	6514392	0	1490701
FOLD	9900	8467	8467	6515163	6515163	0	1490817
FOLD	9901	8468	8468	6515931	6515931	0	1491150
FOLD	9902	8469	8469	6516702	6516702	0	1491499
FOLD	9905	8470	8470	6517473	6517473	0	1492035
FOLD	9906	8471	8471	6518244	6518244	0	1492474
FOLD	9909	8472	8472	6519015	6519015	0	1492978
FOLD	9910	8473	8473	6519786	6519786	0	1493330
FOLD	9911	8474	8474	6520554	6520554	0	1493435
FOLD	9912	8475	8475	6521325	6521325	0	1493510
FOLD	9913	8476	8476	6522093	6522093	0	1493865
FOLD	9914	8477	8477	6522864	6522864	0	1494204
FOLD	9923	8478	8478	6523632	6523632	0	1495981
FOLD	9924	8479	8479	6524403	6524403	0	1496077
FOLD	9925	8480	8480	6525171	6525171	0	1496520
FOLD	9926	8481	8481	6525942	6525942	0	1496855
FOLD	9927	8482	8482	6526710	6526710	0	1496967
FOLD	9930	8483	8483	6527478	6527478	0	1497692
FOLD	9937	8484	8484	6528249	6528249	0	1498998
FOLD	9938	8485	8485	6529020	6529020	0	1499381
FOLD	9939	8486	8486	6529788	6529788	0	1499524
FOLD	9940	8487	8487	6530559	6530559	0	1499772
FOLD	9941	8488	8488	6531327	6531327	0	1500081
FOLD	9942	8489	8489	6532098	6532098	0	1500414
FOLD	9951	8490	8490	6532866	6532866	0	1503455
FOLD	9952	8491	8491	6533637	6533637	0	1503801
FOLD	9953	8492	8492	6534405	6534405	0	1504349
FOLD	9954	8493	8493	6535176	6535176	0	1504935
FOLD	9955	8494	8494	6535944	6535944	0	1505289
FOLD	9958	8495	8495	6536712	6536712	0	1506001
FOLD	9959	8496	8496	6537480	6537480	0	1506159
FOLD	9962	8497	8497	6538248	6538248	0	1506924
FOLD	9965	8498	8498	6539019	6539019	0	1507461
FOLD	9966	8499	8499	6539790	6539790	0	1507809
FOLD	9969	8500	8500	6540561	6540561	0	1508502
FOLD	9970	8501	8501	6541332	6541332	0	1508904
FOLD	9971	8502	8502	6542100	6542100	0	1509109
FOLD	9972	8503	8503	6542871	6542871	0	1509265
FOLD	9973	8504	8504	6543639	6543639	0	1509567
FOLD	9974	8505	8505	6544410	6544410	0	1509872
FOLD	9983	8506	8506	6545178	6545178	0	1511880
FOLD	9984	8507	8507	6545949	6545949	0	1512084
FOLD	9985	8508	8508	6546717	6546717	0	1512386
FOLD	9986	8509	8509	6547488	6547488	0	1512783
FOLD	9987	8510	8510	6548256	6548256	0	1513030
FOLD	9990	8511	8511	6549024	6549024	0	1513820
FOLD	9997	8512	8512	6549795	6549795	0	1515354
FOLD	9998	8513	8513	6550566	6550566	0	1515735
FOLD	9999	8514	8514	6551334	6551334	0	1516044
FOLD	10000	8515	8515	6552105	6552105	0	1516581
FOLD	10001	8516	8516	6552873	6552873	0	1516896
FOLD	10002	8517	8517	6553644	6553644	0	1517229
FOLD	10011	8518	8518	6554412	6554412	0	1520434
FOLD	10012	8519	8519	6555183	6555183	0	1520758
FOLD	10013	8520	8520	6555951	6555951	0	1521082
FOLD	10014	8521	8521	6556722	6556722	0	1521385
FOLD	10015	8522	8522	6557490	6557490	0	1521696
FOLD	10018	8523	8523	6558258	6558258	0	1522608
FOLD	10019	8524	8524	6559026	6559026	0	1522920
FOLD	10022	8525	8525	6559794	6559794	0	1524976
FOLD	10023	8526	8526	6560562	6560562	0	1525304
FOLD	10024	8527	8527	6561333	6561333	0	1525630
FOLD	10025	8528	8528	6562101	6562101	0	1525973
FOLD	10026	8529	8529	6562872	6562872	0	1526314
FOLD	10027	8530	8530	6563640	6563640	0	1526623
FOLD	10028	8531	8531	6564411	6564411	0	1526925
FOLD	10029	8532	8532	6565179	6565179	0	1527280
FOLD	10030	8533	8533	6565950	6565950	0	1527652
FOLD	10031	8534	8534	6566718	6566718	0	1528016
FOLD	10032	8535	8535	6567489	6567489	0	1528361
FOLD	10033	8536	8536	6568257	6568257	0	1528730
FOLD	10034	8537	8537	6569028	6569028	0	1529179
FOLD	10035	8538	8538	6569796	6569796	0	1529533
FOLD	10036	8539	8539	6570567	6570567	0	1529874
FOLD	10037	8540	8540	6571335	6571335	0	1530205
FOLD	10038	8541	8541	6572106	6572106	0	1530539
FOLD	10039	8542	8542	6572874	6572874	0	1530935
FOLD	10040	8543	8543	6573645	6573645	0	1531309
FOLD	10041	8544	8544	6574413	6574413	0	1531630
FOLD	10042	8545	8545	6575184	6575184	0	1531949
FOLD	10043	8546	8546	6575952	6575952	0	1532254
FOLD	10044	8547	8547	6576723	6576723	0	1532556
FOLD	10045	8548	8548	6577491	6577491	0	1532859
FOLD	10046	8549	8549	6578262	6578262	0	1533192
FOLD	10047	8550	8550	6579030	6579030	0	1533501
FOLD	10048	8551	8551	6579801	6579801	0	1533844
FOLD	10049	8552	8552	6580569	6580569	0	1534231
FOLD	10050	8553	8553	6581340	6581340	0	1534819
FOLD	10051	8554	8554	6582108	6582108	0	1535496
FOLD	10052	8555	8555	6582879	6582879	0	1536147
FOLD	10053	8556	8556	6583647	6583647	0	1536565
FOLD	10054	8557	8557	6584418	6584418	0	1536900
FOLD	10055	8558	8558	6585186	6585186	0	1537229
FOLD	10056	8559	8559	6585957	6585957	0	1537536
FOLD	10057	8560	8560	6586725	6586725	0	1537888
FOLD	10058	8561	8561	6587496	6587496	0	1538196
FOLD	10059	8562	8562	6588264	6588264	0	1538530
FOLD	10060	8563	8563	6589035	6589035	0	1538898
FOLD	10061	8564	8564	6589803	6589803	0	1539234
FOLD	10062	8565	8565	6590574	6590574	0	1539565
FOLD	10063	8566	8566	6591342	6591342	0	1539932
FOLD	10064	8567	8567	6592113	6592113	0	1540285
FOLD	10065	8568	8568	6592881	6592881	0	1540611
FOLD	10066	8569	8569	6593652	6593652	0	1540906
FOLD	10067	8570	8570	6594420	6594420	0	1541197
FOLD	10068	8571	8571	6595191	6595191	0	1541543
FOLD	10069	8572	8572	6595959	6595959	0	1541889
FOLD	10070	8573	8573	6596730	6596730	0	1542235
FOLD	10071	8574	8574	6597498	6597498	0	1542656
FOLD	10072	8575	8575	6598269	6598269	0	1542943
FOLD	10073	8576	8576	6599037	6599037	0	1543239
FOLD	10074	8577	8577	6599808	6599808	0	1543539
FOLD	10075	8578	8578	6600576	6600576	0	1543949
FOLD	10076	8579	8579	6601347	6601347	0	1544248
FOLD	10077	8580	8580	6602115	6602115	0	1544589
FOLD	10078	8581	8581	6602886	6602886	0	1544923
FOLD	10079	8582	8582	6603654	6603654	0	1545262
FOLD	10080	8583	8583	6604425	6604425	0	1545597
FOLD	10081	8584	8584	6605193	6605193	0	1546539
FOLD	10082	8585	8585	6605964	6605964	0	1546846
FOLD	10083	8586	8586	6606732	6606732	0	1547131
FOLD	10084	8587	8587	6607503	6607503	0	1547423
FOLD	10085	8588	8588	6608271	6608271	0	1547780
FOLD	10086	8589	8589	6609042	6609042	0	1548092
FOLD	10087	8590	8590	6609810	6609810	0	1548419
FOLD	10088	8591	8591	6610581	6610581	0	1548826
FOLD	10089	8592	8592	6611349	6611349	0	1549149
FOLD	10090	8593	8593	6612120	6612120	0	1549467
FOLD	10091	8594	8594	6612888	6612888	0	1549780
FOLD	10092	8595	8595	6613659	6613659	0	1550083
FOLD	10093	8596	8596	6614427	6614427	0	1550404
FOLD	10094	8597	8597	6615198	6615198	0	1550705
FOLD	10095	8598	8598	6615966	6615966	0	1551000
FOLD	10096	8599	8599	6616737	6616737	0	1551427
FOLD	10097	8600	8600	6617505	6617505	0	1551790
FOLD	10098	8601	8601	6618276	6618276	0	1552097
FOLD	10099	8602	8602	6619044	6619044	0	1552436
FOLD	10100	8603	8603	6619815	6619815	0	1552774
FOLD	10101	8604	8604	6620583	6620583	0	1553073
FOLD	10102	8605	8605	6621354	6621354	0	1553385
FOLD	10103	8606	8606	6622122	6622122	0	1553447
FOLD	10104	8607	8607	6622890	6622890	0	1553750
FOLD	10105	8608	8608	6623661	6623661	0	1554123
FOLD	10106	8609	8609	6624429	6624429	0	1554179
FOLD	10107	8610	8610	6625197	6625197	0	1554489
FOLD	10108	8611	8611	6625968	6625968	0	1554832
FOLD	10111	8612	8612	6626739	6626739	0	1555568
FOLD	10114	8613	8613	6627510	6627510	0	1556032
FOLD	10115	8614	8614	6628281	6628281	0	1556391
FOLD	10116	8615	8615	6629049	6629049	0	1556464
FOLD	10117	8616	8616	6629820	6629820	0	1556585
FOLD	10118	8617	8617	6630588	6630588	0	1556893
FOLD	10119	8618	8618	6631359	6631359	0	1557196
FOLD	10128	8619	8619	6632127	6632127	0	1559126
FOLD	10129	8620	8620	6632898	6632898	0	1559193
FOLD	10130	8621	8621	6633666	6633666	0	1559620
FOLD	10131	8622	8622	6634437	6634437	0	1560049
FOLD	10132	8623	8623	6635205	6635205	0	1560131
FOLD	10135	8624	8624	6635973	6635973	0	1560857
FOLD	10136	8625	8625	6636741	6636741	0	1560940
FOLD	10139	8626	8626	6637509	6637509	0	1561701
FOLD	10140	8627	8627	6638277	6638277	0	1561786
FOLD	10141	8628	8628	6639048	6639048	0	1561863
FOLD	10142	8629	8629	6639816	6639816	0	1562222
FOLD	10143	8630	8630	6640587	6640587	0	1562586
FOLD	10146	8631	8631	6641358	6641358	0	1562995
FOLD	10147	8632	8632	6642129	6642129	0	1563345
FOLD	10150	8633	8633	6642900	6642900	0	1563876
FOLD	10151	8634	8634	6643671	6643671	0	1564381
FOLD	10152	8635	8635	6644439	6644439	0	1564490
FOLD	10153	8636	8636	6645210	6645210	0	1564568
FOLD	10154	8637	8637	6645978	6645978	0	1564900
FOLD	10155	8638	8638	6646749	6646749	0	1565248
FOLD	10164	8639	8639	6647517	6647517	0	1566978
FOLD	10165	8640	8640	6648288	6648288	0	1567091
FOLD	10166	8641	8641	6649056	6649056	0	1567452
FOLD	10167	8642	8642	6649827	6649827	0	1567820
FOLD	10168	8643	8643	6650595	6650595	0	1567967
FOLD	10171	8644	8644	6651363	6651363	0	1568717
FOLD	10178	8645	8645	6652134	6652134	0	1570160
FOLD	10179	8646	8646	6652905	6652905	0	1570477
FOLD	10180	8647	8647	6653673	6653673	0	1570617
FOLD	10181	8648	8648	6654444	6654444	0	1570854
FOLD	10182	8649	8649	6655212	6655212	0	1571211
FOLD	10183	8650	8650	6655983	6655983	0	1571532
FOLD	10192	8651	8651	6656751	6656751	0	1574032
FOLD	10193	8652	8652	6657522	6657522	0	1574227
FOLD	10194	8653	8653	6658290	6658290	0	1574549
FOLD	10195	8654	8654	6659061	6659061	0	1574900
FOLD	10196	8655	8655	6659829	6659829	0	1575087
FOLD	10199	8656	8656	6660597	6660597	0	1575922
FOLD	10200	8657	8657	6661365	6661365	0	1576101
FOLD	10203	8658	8658	6662133	6662133	0	1576926
FOLD	10206	8659	8659	6662904	6662904	0	1577448
FOLD	10207	8660	8660	6663675	6663675	0	1577810
FOLD	10210	8661	8661	6664446	6664446	0	1578392
FOLD	10211	8662	8662	6665217	6665217	0	1578765
FOLD	10212	8663	8663	6665985	6665985	0	1578973
FOLD	10213	8664	8664	6666756	6666756	0	1579134
FOLD	10214	8665	8665	6667524	6667524	0	1579501
FOLD	10215	8666	8666	6668295	6668295	0	1579841
FOLD	10224	8667	8667	6669063	6669063	0	1581883
FOLD	10225	8668	8668	6669834	6669834	0	1582111
FOLD	10226	8669	8669	6670602	6670602	0	1582491
FOLD	10227	8670	8670	6671373	6671373	0	1582826
FOLD	10228	8671	8671	6672141	6672141	0	1583079
FOLD	10231	8672	8672	6672909	6672909	0	1583944
FOLD	10238	8673	8673	6673680	6673680	0	1585492
FOLD	10239	8674	8674	6674451	6674451	0	1585834
FOLD	10240	8675	8675	6675219	6675219	0	1586140
FOLD	10241	8676	8676	6675990	6675990	0	1586603
FOLD	10242	8677	8677	6676758	6676758	0	1586942
FOLD	10243	8678	8678	6677529	6677529	0	1587249
FOLD	10252	8679	8679	6678297	6678297	0	1592777
FOLD	10253	8680	8680	6679068	6679068	0	1593095
FOLD	10254	8681	8681	6679836	6679836	0	1593503
FOLD	10255	8682	8682	6680607	6680607	0	1593914
FOLD	10256	8683	8683	6681375	6681375	0	1594231
FOLD	10259	8684	8684	6682143	6682143	0	1595126
FOLD	10260	8685	8685	6682911	6682911	0	1595502
FOLD	10263	8686	8686	6683679	6683679	0	1597406
FOLD	10264	8687	8687	6684447	6684447	0	1597742
FOLD	10265	8688	8688	6685218	6685218	0	1598060
FOLD	10266	8689	8689	6685986	6685986	0	1598433
FOLD	10267	8690	8690	6686757	6686757	0	1598791
FOLD	10268	8691	8691	6687525	6687525	0	1599129
FOLD	10269	8692	8692	6688296	6688296	0	1599498
FOLD	10270	8693	8693	6689064	6689064	0	1599923
FOLD	10271	8694	8694	6689835	6689835	0	1600391
FOLD	10272	8695	8695	6690603	6690603	0	1600766
FOLD	10273	8696	8696	6691374	6691374	0	1601130
FOLD	10274	8697	8697	6692142	6692142	0	1601476
FOLD	10275	8698	8698	6692913	6692913	0	1601796
FOLD	10276	8699	8699	6693681	6693681	0	1602157
FOLD	10277	8700	8700	6694452	6694452	0	1602494
FOLD	10278	8701	8701	6695220	6695220	0	1602812
FOLD	10279	8702	8702	6695991	6695991	0	1603185
FOLD	10280	8703	8703	6696759	6696759	0	1603596
FOLD	10281	8704	8704	6697530	6697530	0	1603924
FOLD	10282	8705	8705	6698298	6698298	0	1604255
FOLD	10283	8706	8706	6699069	6699069	0	1604570
FOLD	10284	8707	8707	6699837	6699837	0	1604924
FOLD	10285	8708	8708	6700608	6700608	0	1605242
FOLD	10286	8709	8709	6701376	6701376	0	1605639
FOLD	10287	8710	8710	6702147	6702147	0	1606029
FOLD	10288	8711	8711	6702915	6702915	0	1606348
FOLD	10289	8712	8712	6703686	6703686	0	1606685
FOLD	10290	8713	8713	6704454	6704454	0	1607028
FOLD	10291	8714	8714	6705225	6705225	0	1607346
FOLD	10292	8715	8715	6705993	6705993	0	1607743
FOLD	10293	8716	8716	6706764	6706764	0	1608098
FOLD	10294	8717	8717	6707532	6707532	0	1608455
FOLD	10295	8718	8718	6708303	6708303	0	1608790
FOLD	10296	8719	8719	6709071	6709071	0	1609101
FOLD	10297	8720	8720	6709842	6709842	0	1609525
FOLD	10298	8721	8721	6710610	6710610	0	1609844
FOLD	10299	8722	8722	6711381	6711381	0	1610212
FOLD	10300	8723	8723	6712149	6712149	0	1610550
FOLD	10301	8724	8724	6712920	6712920	0	1610905
FOLD	10302	8725	8725	6713688	6713688	0	1611254
FOLD	10303	8726	8726	6714459	6714459	0	1611586
FOLD	10304	8727	8727	6715227	6715227	0	1611910
FOLD	10305	8728	8728	6715998	6715998	0	1612212
FOLD	10306	8729	8729	6716766	6716766	0	1612519
FOLD	10307	8730	8730	6717537	6717537	0	1612856
FOLD	10308	8731	8731	6718305	6718305	0	1613189
FOLD	10309	8732	8732	6719076	6719076	0	1613524
FOLD	10310	8733	8733	6719844	6719844	0	1613838
FOLD	10311	8734	8734	6720615	6720615	0	1614149
FOLD	10312	8735	8735	6721383	6721383	0	1614531
FOLD	10313	8736	8736	6722154	6722154	0	1614833
FOLD	10314	8737	8737	6722922	6722922	0	1615208
FOLD	10315	8738	8738	6723693	6723693	0	1615547
FOLD	10316	8739	8739	6724461	6724461	0	1615921
FOLD	10317	8740	8740	6725232	6725232	0	1616274
FOLD	10318	8741	8741	6726000	6726000	0	1616586
FOLD	10319	8742	8742	6726771	6726771	0	1616924
FOLD	10320	8743	8743	6727539	6727539	0	1617269
FOLD	10321	8744	8744	6728310	6728310	0	1617646
FOLD	10322	8745	8745	6729078	6729078	0	1617966
FOLD	10323	8746	8746	6729849	6729849	0	1618259
FOLD	10324	8747	8747	6730617	6730617	0	1618554
FOLD	10325	8748	8748	6731388	6731388	0	1618887
FOLD	10326	8749	8749	6732156	6732156	0	1619269
FOLD	10327	8750	8750	6732927	6732927	0	1619591
FOLD	10328	8751	8751	6733695	6733695	0	1619909
FOLD	10329	8752	8752	6734466	6734466	0	1620218
FOLD	10330	8753	8753	6735234	6735234	0	1620523
FOLD	10331	8754	8754	6736005	6736005	0	1620874
FOLD	10332	8755	8755	6736773	6736773	0	1621191
FOLD	10333	8756	8756	6737544	6737544	0	1621498
FOLD	10334	8757	8757	6738312	6738312	0	1621803
FOLD	10335	8758	8758	6739083	6739083	0	1622108
FOLD	10336	8759	8759	6739851	6739851	0	1622412
FOLD	10337	8760	8760	6740622	6740622	0	1622947
FOLD	10338	8761	8761	6741390	6741390	0	1623533
FOLD	10339	8762	8762	6742161	6742161	0	1623971
FOLD	10342	8763	8763	6742932	6742932	0	1624679
FOLD	10343	8764	8764	6743700	6743700	0	1624733
FOLD	10344	8765	8765	6744468	6744468	0	1625052
FOLD	10345	8766	8766	6745239	6745239	0	1625372
FOLD	10346	8767	8767	6746007	6746007	0	1625426
FOLD	10347	8768	8768	6746775	6746775	0	1625828
FOLD	10348	8769	8769	6747546	6747546	0	1626206
FOLD	10355	8770	8770	6748317	6748317	0	1627416
FOLD	10356	8771	8771	6749088	6749088	0	1627946
FOLD	10357	8772	8772	6749856	6749856	0	1628049
FOLD	10358	8773	8773	6750627	6750627	0	1628167
FOLD	10359	8774	8774	6751395	6751395	0	1628512
FOLD	10360	8775	8775	6752166	6752166	0	1628839
FOLD	10369	8776	8776	6752934	6752934	0	1630797
FOLD	10370	8777	8777	6753705	6753705	0	1630870
FOLD	10371	8778	8778	6754473	6754473	0	1631289
FOLD	10372	8779	8779	6755244	6755244	0	1631617
FOLD	10373	8780	8780	6756012	6756012	0	1631728
FOLD	10376	8781	8781	6756780	6756780	0	1632534
FOLD	10377	8782	8782	6757548	6757548	0	1632616
FOLD	10380	8783	8783	6758316	6758316	0	1633458
FOLD	10381	8784	8784	6759084	6759084	0	1633541
FOLD	10382	8785	8785	6759855	6759855	0	1633632
FOLD	10383	8786	8786	6760623	6760623	0	1634047
FOLD	10384	8787	8787	6761394	6761394	0	1634378
FOLD	10387	8788	8788	6762165	6762165	0	1634797
FOLD	10388	8789	8789	6762936	6762936	0	1635127
FOLD	10391	8790	8790	6763707	6763707	0	1635626
FOLD	10392	8791	8791	6764478	6764478	0	1635966
FOLD	10393	8792	8792	6765246	6765246	0	1636084
FOLD	10394	8793	8793	6766017	6766017	0	1636181
FOLD	10395	8794	8794	6766785	6766785	0	1636508
FOLD	10396	8795	8795	6767556	6767556	0	1636915
FOLD	10405	8796	8796	6768324	6768324	0	1638814
FOLD	10406	8797	8797	6769095	6769095	0	1638919
FOLD	10407	8798	8798	6769863	6769863	0	1639256
FOLD	10408	8799	8799	6770634	6770634	0	1639593
FOLD	10409	8800	8800	6771402	6771402	0	1639754
FOLD	10412	8801	8801	6772170	6772170	0	1640607
FOLD	10419	8802	8802	6772941	6772941	0	1642069
FOLD	10420	8803	8803	6773712	6773712	0	1642584
FOLD	10421	8804	8804	6774480	6774480	0	1642737
FOLD	10422	8805	8805	6775251	6775251	0	1642968
FOLD	10423	8806	8806	6776019	6776019	0	1643396
FOLD	10424	8807	8807	6776790	6776790	0	1643757
FOLD	10433	8808	8808	6777558	6777558	0	1646299
FOLD	10434	8809	8809	6778329	6778329	0	1646447
FOLD	10435	8810	8810	6779097	6779097	0	1646788
FOLD	10436	8811	8811	6779868	6779868	0	1647153
FOLD	10437	8812	8812	6780636	6780636	0	1647328
FOLD	10440	8813	8813	6781404	6781404	0	1648163
FOLD	10441	8814	8814	6782172	6782172	0	1648341
FOLD	10444	8815	8815	6782940	6782940	0	1649185
FOLD	10447	8816	8816	6783711	6783711	0	1649768
FOLD	10448	8817	8817	6784482	6784482	0	1650102
FOLD	10451	8818	8818	6785253	6785253	0	1650852
FOLD	10452	8819	8819	6786024	6786024	0	1651204
FOLD	10453	8820	8820	6786792	6786792	0	1651427
FOLD	10454	8821	8821	6787563	6787563	0	1651598
FOLD	10455	8822	8822	6788331	6788331	0	1652008
FOLD	10456	8823	8823	6789102	6789102	0	1652347
FOLD	10465	8824	8824	6789870	6789870	0	1654643
FOLD	10466	8825	8825	6790641	6790641	0	1654904
FOLD	10467	8826	8826	6791409	6791409	0	1655289
FOLD	10468	8827	8827	6792180	6792180	0	1655622
FOLD	10469	8828	8828	6792948	6792948	0	1655882
FOLD	10472	8829	8829	6793716	6793716	0	1656787
FOLD	10479	8830	8830	6794487	6794487	0	1658492
FOLD	10480	8831	8831	6795258	6795258	0	1658827
FOLD	10481	8832	8832	6796026	6796026	0	1659120
FOLD	10482	8833	8833	6796797	6796797	0	1659610
FOLD	10483	8834	8834	6797565	6797565	0	1659998
FOLD	10484	8835	8835	6798336	6798336	0	1660387
FOLD	10493	8836	8836	6799104	6799104	0	1663953
FOLD	10494	8837	8837	6799875	6799875	0	1664301
FOLD	10495	8838	8838	6800643	6800643	0	1664633
FOLD	10496	8839	8839	6801414	6801414	0	1664993
FOLD	10497	8840	8840	6802182	6802182	0	1665385
FOLD	10500	8841	8841	6802950	6802950	0	1666252
FOLD	10501	8842	8842	6803718	6803718	0	1666582
FOLD	10504	8843	8843	6804486	6804486	0	1668657
FOLD	10505	8844	8844	6805254	6805254	0	1669000
FOLD	10506	8845	8845	6806025	6806025	0	1669352
FOLD	10507	8846	8846	6806793	6806793	0	1669768
FOLD	10508	8847	8847	6807564	6807564	0	1670256
FOLD	10509	8848	8848	6808332	6808332	0	1670589
FOLD	10510	8849	8849	6809103	6809103	0	1670916
FOLD	10511	8850	8850	6809871	6809871	0	1671312
FOLD	10512	8851	8851	6810642	6810642	0	1671651
FOLD	10513	8852	8852	6811410	6811410	0	1671987
FOLD	10514	8853	8853	6812181	6812181	0	1672353
FOLD	10515	8854	8854	6812949	6812949	0	1672686
FOLD	10516	8855	8855	6813720	6813720	0	1673032
FOLD	10517	8856	8856	6814488	6814488	0	1673386
FOLD	10518	8857	8857	6815259	6815259	0	1673792
FOLD	10519	8858	8858	6816027	6816027	0	1674130
FOLD	10520	8859	8859	6816798	6816798	0	1674565
FOLD	10521	8860	8860	6817566	6817566	0	1674920
FOLD	10522	8861	8861	6818337	6818337	0	1675258
FOLD	10523	8862	8862	6819105	6819105	0	1675596
FOLD	10524	8863	8863	6819876	6819876	0	1676071
FOLD	10525	8864	8864	6820644	6820644	0	1676415
FOLD	10526	8865	8865	6821415	6821415	0	1676745
FOLD	10527	8866	8866	6822183	6822183	0	1677138
FOLD	10528	8867	8867	6822954	6822954	0	1677471
FOLD	10529	8868	8868	6823722	6823722	0	1677795
FOLD	10530	8869	8869	6824493	6824493	0	1678120
FOLD	10531	8870	8870	6825261	6825261	0	1678449
FOLD	10532	8871	8871	6826032	6826032	0	1678812
FOLD	10533	8872	8872	6826800	6826800	0	1679190
FOLD	10534	8873	8873	6827571	6827571	0	1679591
FOLD	10535	8874	8874	6828339	6828339	0	1679996
FOLD	10536	8875	8875	6829110	6829110	0	1680380
FOLD	10537	8876	8876	6829878	6829878	0	1680775
FOLD	10538	8877	8877	6830649	6830649	0	1681140
FOLD	10539	8878	8878	6831417	6831417	0	1681558
FOLD	10540	8879	8879	6832188	6832188	0	1681884
FOLD	10541	8880	8880	6832956	6832956	0	1682202
FOLD	10542	8881	8881	6833727	6833727	0	1682593
FOLD	10543	8882	8882	6834495	6834495	0	1682915
FOLD	10544	8883	8883	6835266	6835266	0	1683233
FOLD	10545	8884	8884	6836034	6836034	0	1683648
FOLD	10546	8885	8885	6836805	6836805	0	1684011
FOLD	10547	8886	8886	6837573	6837573	0	1684400
FOLD	10548	8887	8887	6838344	6838344	0	1684746
FOLD	10549	8888	8888	6839112	6839112	0	1685057
FOLD	10550	8889	8889	6839883	6839883	0	1685361
FOLD	10551	8890	8890	6840651	6840651	0	1685672
FOLD	10552	8891	8891	6841422	6841422	0	1685986
FOLD	10553	8892	8892	6842190	6842190	0	1686341
FOLD	10554	8893	8893	6842961	6842961	0	1686739
FOLD	10555	8894	8894	6843729	6843729	0	1687146
FOLD	10556	8895	8895	6844500	6844500	0	1687460
FOLD	10557	8896	8896	6845268	6845268	0	1687822
FOLD	10558	8897	8897	6846039	6846039	0	1688209
FOLD	10559	8898	8898	6846807	6846807	0	1688596
FOLD	10560	8899	8899	6847578	6847578	0	1688921
FOLD	10561	8900	8900	6848346	6848346	0	1689240
FOLD	10562	8901	8901	6849117	6849117	0	1689554
FOLD	10563	8902	8902	6849885	6849885	0	1689898
FOLD	10564	8903	8903	6850656	6850656	0	1690234
FOLD	10565	8904	8904	6851424	6851424	0	1690559
FOLD	10566	8905	8905	6852195	6852195	0	1690889
FOLD	10567	8906	8906	6852963	6852963	0	1691238
FOLD	10568	8907	8907	6853734	6853734	0	1691575
FOLD	10569	8908	8908	6854502	6854502	0	1692025
FOLD	10570	8909	8909	6855273	6855273	0	1692373
FOLD	10571	8910	8910	6856041	6856041	0	1692773
FOLD	10572	8911	8911	6856812	6856812	0	1693119
FOLD	10573	8912	8912	6857580	6857580	0	1693454
FOLD	10574	8913	8913	6858351	6858351	0	1693816
FOLD	10575	8914	8914	6859119	6859119	0	1694152
FOLD	10576	8915	8915	6859890	6859890	0	1694479
FOLD	10579	8916	8916	6860661	6860661	0	1695191
FOLD	10582	8917	8917	6861432	6861432	0	1696036
FOLD	10583	8918	8918	6862200	6862200	0	1696105
FOLD	10584	8919	8919	6862968	6862968	0	1696477
FOLD	10585	8920	8920	6863739	6863739	0	1696843
FOLD	10586	8921	8921	6864507	6864507	0	1696912
FOLD	10589	8922	8922	6865275	6865275	0	1697761
FOLD	10596	8923	8923	6866046	6866046	0	1698938
FOLD	10597	8924	8924	6866817	6866817	0	1699291
FOLD	10598	8925	8925	6867585	6867585	0	1699367
FOLD	10599	8926	8926	6868356	6868356	0	1699489
FOLD	10600	8927	8927	6869124	6869124	0	1699947
FOLD	10601	8928	8928	6869895	6869895	0	1700337
FOLD	10610	8929	8929	6870663	6870663	0	1702421
FOLD	10611	8930	8930	6871434	6871434	0	1702489
FOLD	10612	8931	8931	6872202	6872202	0	1702816
FOLD	10613	8932	8932	6872973	6872973	0	1703223
FOLD	10614	8933	8933	6873741	6873741	0	1703314
FOLD	10617	8934	8934	6874509	6874509	0	1704150
FOLD	10618	8935	8935	6875277	6875277	0	1704243
FOLD	10621	8936	8936	6876045	6876045	0	1705009
FOLD	10622	8937	8937	6876813	6876813	0	1705126
FOLD	10623	8938	8938	6877584	6877584	0	1705225
FOLD	10624	8939	8939	6878352	6878352	0	1705568
FOLD	10625	8940	8940	6879123	6879123	0	1706114
FOLD	10628	8941	8941	6879894	6879894	0	1706584
FOLD	10629	8942	8942	6880665	6880665	0	1706966
FOLD	10632	8943	8943	6881436	6881436	0	1707501
FOLD	10633	8944	8944	6882207	6882207	0	1707913
FOLD	10634	8945	8945	6882975	6882975	0	1708036
FOLD	10635	8946	8946	6883746	6883746	0	1708119
FOLD	10636	8947	8947	6884514	6884514	0	1708460
FOLD	10637	8948	8948	6885285	6885285	0	1708836
FOLD	10646	8949	8949	6886053	6886053	0	1710732
FOLD	10647	8950	8950	6886824	6886824	0	1710857
FOLD	10648	8951	8951	6887592	6887592	0	1711249
FOLD	10649	8952	8952	6888363	6888363	0	1711765
FOLD	10650	8953	8953	6889131	6889131	0	1711900
FOLD	10653	8954	8954	6889899	6889899	0	1712764
FOLD	10660	8955	8955	6890670	6890670	0	1714229
FOLD	10661	8956	8956	6891441	6891441	0	1714634
FOLD	10662	8957	8957	6892209	6892209	0	1714810
FOLD	10663	8958	8958	6892980	6892980	0	1715055
FOLD	10664	8959	8959	6893748	6893748	0	1715437
FOLD	10665	8960	8960	6894519	6894519	0	1715834
FOLD	10674	8961	8961	6895287	6895287	0	1718461
FOLD	10675	8962	8962	6896058	6896058	0	1718650
FOLD	10676	8963	8963	6896826	6896826	0	1719016
FOLD	10677	8964	8964	6897597	6897597	0	1719358
FOLD	10678	8965	8965	6898365	6898365	0	1719543
FOLD	10681	8966	8966	6899133	6899133	0	1720430
FOLD	10682	8967	8967	6899901	6899901	0	1720621
FOLD	10685	8968	8968	6900669	6900669	0	1721483
FOLD	10688	8969	8969	6901440	6901440	0	1722150
FOLD	10689	8970	8970	6902211	6902211	0	1722512
FOLD	10692	8971	8971	6902982	6902982	0	1723233
FOLD	10693	8972	8972	6903753	6903753	0	1723584
FOLD	10694	8973	8973	6904521	6904521	0	1723835
FOLD	10695	8974	8974	6905292	6905292	0	1724031
FOLD	10696	8975	8975	6906060	6906060	0	1724478
FOLD	10697	8976	8976	6906831	6906831	0	1724882
FOLD	10706	8977	8977	6907599	6907599	0	1727252
FOLD	10707	8978	8978	6908370	6908370	0	1727517
FOLD	10708	8979	8979	6909138	6909138	0	1727883
FOLD	10709	8980	8980	6909909	6909909	0	1728298
FOLD	10710	8981	8981	6910677	6910677	0	1728589
FOLD	10713	8982	8982	6911445	6911445	0	1729512
FOLD	10720	8983	8983	6912216	6912216	0	1731232
FOLD	10721	8984	8984	6912987	6912987	0	1731639
FOLD	10722	8985	8985	6913755	6913755	0	1731990
FOLD	10723	8986	8986	6914526	6914526	0	1732591
FOLD	10724	8987	8987	6915294	6915294	0	1732997
FOLD	10725	8988	8988	6916065	6916065	0	1733412
FOLD	10734	8989	8989	6916833	6916833	0	1736924
FOLD	10735	8990	8990	6917604	6917604	0	1737300
FOLD	10736	8991	8991	6918372	6918372	0	1737700
FOLD	10737	8992	8992	6919143	6919143	0	1738106
FOLD	10738	8993	8993	6919911	6919911	0	1738489
FOLD	10741	8994	8994	6920679	6920679	0	1739480
FOLD	10742	8995	8995	6921447	6921447	0	1739885
FOLD	10745	8996	8996	6922215	6922215	0	1742232
FOLD	10746	8997	8997	6922983	6922983	0	1742665
FOLD	10747	8998	8998	6923754	6923754	0	1743052
FOLD	10748	8999	8999	6924522	6924522	0	1743486
FOLD	10749	9000	9000	6925293	6925293	0	1743924
FOLD	10750	9001	9001	6926061	6926061	0	1744282
FOLD	10751	9002	9002	6926832	6926832	0	1744621
FOLD	10752	9003	9003	6927600	6927600	0	1744962
FOLD	10753	9004	9004	6928371	6928371	0	1745458
FOLD	10754	9005	9005	6929139	6929139	0	1745853
FOLD	10755	9006	9006	6929910	6929910	0	1746240
FOLD	10756	9007	9007	6930678	6930678	0	1746628
FOLD	10757	9008	9008	6931449	6931449	0	1747036
FOLD	10758	9009	9009	6932217	6932217	0	1747433
FOLD	10759	9010	9010	6932988	6932988	0	1747823
FOLD	10760	9011	9011	6933756	6933756	0	1748223
FOLD	10761	9012	9012	6934527	6934527	0	1748630
FOLD	10762	9013	9013	6935295	6935295	0	1748990
FOLD	10763	9014	9014	6936066	6936066	0	1749405
FOLD	10764	9015	9015	6936834	6936834	0	1749840
FOLD	10765	9016	9016	6937605	6937605	0	1750253
FOLD	10766	9017	9017	6938373	6938373	0	1750748
FOLD	10767	9018	9018	6939144	6939144	0	1751182
FOLD	10768	9019	9019	6939912	6939912	0	1751538
FOLD	10769	9020	9020	6940683	6940683	0	1751991
FOLD	10770	9021	9021	6941451	6941451	0	1752445
FOLD	10771	9022	9022	6942222	6942222	0	1752839
FOLD	10772	9023	9023	6942990	6942990	0	1753191
FOLD	10773	9024	9024	6943761	6943761	0	1753561
FOLD	10774	9025	9025	6944529	6944529	0	1753943
FOLD	10775	9026	9026	6945300	6945300	0	1754347
FOLD	10776	9027	9027	6946068	6946068	0	1754698
FOLD	10777	9028	9028	6946839	6946839	0	1755097
FOLD	10778	9029	9029	6947607	6947607	0	1755653
FOLD	10779	9030	9030	6948378	6948378	0	1756060
FOLD	10780	9031	9031	6949146	6949146	0	1756496
FOLD	10781	9032	9032	6949917	6949917	0	1756907
FOLD	10782	9033	9033	6950685	6950685	0	1757233
FOLD	10783	9034	9034	6951456	6951456	0	1757555
FOLD	10784	9035	9035	6952224	6952224	0	1757883
FOLD	10785	9036	9036	6952995	6952995	0	1758236
FOLD	10786	9037	9037	6953763	6953763	0	1758616
FOLD	10787	9038	9038	6954534	6954534	0	1759028
FOLD	10788	9039	9039	6955302	6955302	0	1759437
FOLD	10789	9040	9040	6956073	6956073	0	1759822
FOLD	10790	9041	9041	6956841	6956841	0	1760196
FOLD	10791	9042	9042	6957612	6957612	0	1760600
FOLD	10792	9043	9043	6958380	6958380	0	1760927
FOLD	10793	9044	9044	6959151	6959151	0	1761326
FOLD	10794	9045	9045	6959919	6959919	0	1761701
FOLD	10795	9046	9046	6960690	6960690	0	1762116
FOLD	10796	9047	9047	6961458	6961458	0	1762523
FOLD	10797	9048	9048	6962229	6962229	0	1762873
FOLD	10798	9049	9049	6962997	6962997	0	1763226
FOLD	10799	9050	9050	6963768	6963768	0	1763607
FOLD	10800	9051	9051	6964536	6964536	0	1764039
FOLD	10801	9052	9052	6965307	6965307	0	1764417
FOLD	10802	9053	9053	6966075	6966075	0	1764767
FOLD	10803	9054	9054	6966846	6966846	0	1765108
FOLD	10804	9055	9055	6967614	6967614	0	1765484
FOLD	10805	9056	9056	6968385	6968385	0	1765851
FOLD	10806	9057	9057	6969153	6969153	0	1766223
FOLD	10807	9058	9058	6969924	6969924	0	1766571
FOLD	10808	9059	9059	6970692	6970692	0	1766952
FOLD	10809	9060	9060	6971463	6971463	0	1767303
FOLD	10810	9061	9061	6972231	6972231	0	1767732
FOLD	10811	9062	9062	6973002	6973002	0	1768090
FOLD	10812	9063	9063	6973770	6973770	0	1768571
FOLD	10813	9064	9064	6974541	6974541	0	1769014
FOLD	10814	9065	9065	6975309	6975309	0	1769072
FOLD	10815	9066	9066	6976077	6976077	0	1769539
FOLD	10816	9067	9067	6976848	6976848	0	1770001
FOLD	10819	9068	9068	6977619	6977619	0	1770717
FOLD	10822	9069	9069	6978390	6978390	0	1771550
FOLD	10823	9070	9070	6979158	6979158	0	1771612
FOLD	10824	9071	9071	6979929	6979929	0	1771692
FOLD	10825	9072	9072	6980697	6980697	0	1772067
FOLD	10826	9073	9073	6981468	6981468	0	1772425
FOLD	10827	9074	9074	6982236	6982236	0	1772488
FOLD	10830	9075	9075	6983004	6983004	0	1773527
FOLD	10837	9076	9076	6983775	6983775	0	1774855
FOLD	10838	9077	9077	6984546	6984546	0	1775259
FOLD	10839	9078	9078	6985314	6985314	0	1775332
FOLD	10840	9079	9079	6986085	6986085	0	1775471
FOLD	10841	9080	9080	6986853	6986853	0	1775948
FOLD	10842	9081	9081	6987624	6987624	0	1776352
FOLD	10851	9082	9082	6988392	6988392	0	1778592
FOLD	10852	9083	9083	6989163	6989163	0	1778662
FOLD	10853	9084	9084	6989931	6989931	0	1779079
FOLD	10854	9085	9085	6990702	6990702	0	1779563
FOLD	10855	9086	9086	6991470	6991470	0	1779683
FOLD	10858	9087	9087	6992238	6992238	0	1780517
FOLD	10859	9088	9088	6993006	6993006	0	1780607
FOLD	10862	9089	9089	6993774	6993774	0	1781467
FOLD	10863	9090	9090	6994542	6994542	0	1781566
FOLD	10864	9091	9091	6995313	6995313	0	1781659
FOLD	10865	9092	9092	6996081	6996081	0	1782064
FOLD	10866	9093	9093	6996852	6996852	0	1782434
FOLD	10869	9094	9094	6997623	6997623	0	1782952
FOLD	10870	9095	9095	6998394	6998394	0	1783367
FOLD	10873	9096	9096	6999165	6999165	0	1784061
FOLD	10874	9097	9097	6999936	6999936	0	1784577
FOLD	10875	9098	9098	7000704	7000704	0	1784727
FOLD	10876	9099	9099	7001475	7001475	0	1784824
FOLD	10877	9100	9100	7002243	7002243	0	1785208
FOLD	10878	9101	9101	7003014	7003014	0	1785639
FOLD	10887	9102	9102	7003782	7003782	0	1787600
FOLD	10888	9103	9103	7004553	7004553	0	1787754
FOLD	10889	9104	9104	7005321	7005321	0	1788139
FOLD	10890	9105	9105	7006092	7006092	0	1788544
FOLD	10891	9106	9106	7006860	7006860	0	1788697
FOLD	10894	9107	9107	7007628	7007628	0	1789725
FOLD	10901	9108	9108	7008399	7008399	0	1791256
FOLD	10902	9109	9109	7009170	7009170	0	1791702
FOLD	10903	9110	9110	7009938	7009938	0	1791874
FOLD	10904	9111	9111	7010709	7010709	0	1792145
FOLD	10905	9112	9112	7011477	7011477	0	1792521
FOLD	10906	9113	9113	7012248	7012248	0	1792889
FOLD	10915	9114	9114	7013016	7013016	0	1795848
FOLD	10916	9115	9115	7013787	7013787	0	1796048
FOLD	10917	9116	9116	7014555	7014555	0	1796424
FOLD	10918	9117	9117	7015326	7015326	0	1796836
FOLD	10919	9118	9118	7016094	7016094	0	1797028
FOLD	10922	9119	9119	7016862	7016862	0	1797922
FOLD	10923	9120	9120	7017630	7017630	0	1798136
FOLD	10926	9121	9121	7018398	7018398	0	1799246
FOLD	10929	9122	9122	7019169	7019169	0	1799919
FOLD	10930	9123	9123	7019940	7019940	0	1800297
FOLD	10933	9124	9124	7020711	7020711	0	1800985
FOLD	10934	9125	9125	7021482	7021482	0	1801394
FOLD	10935	9126	9126	7022250	7022250	0	1801673
FOLD	10936	9127	9127	7023021	7023021	0	1801890
FOLD	10937	9128	9128	7023789	7023789	0	1802292
FOLD	10938	9129	9129	7024560	7024560	0	1802676
FOLD	10947	9130	9130	7025328	7025328	0	1805025
FOLD	10948	9131	9131	7026099	7026099	0	1805317
FOLD	10949	9132	9132	7026867	7026867	0	1805678
FOLD	10950	9133	9133	7027638	7027638	0	1806064
FOLD	10951	9134	9134	7028406	7028406	0	1806336
FOLD	10954	9135	9135	7029174	7029174	0	1807309
FOLD	10961	9136	9136	7029945	7029945	0	1809200
FOLD	10962	9137	9137	7030716	7030716	0	1809553
FOLD	10963	9138	9138	7031484	7031484	0	1809862
FOLD	10964	9139	9139	7032255	7032255	0	1810389
FOLD	10965	9140	9140	7033023	7033023	0	1810837
FOLD	10966	9141	9141	7033794	7033794	0	1811279
FOLD	10975	9142	9142	7034562	7034562	0	1814842
FOLD	10976	9143	9143	7035333	7035333	0	1815218
FOLD	10977	9144	9144	7036101	7036101	0	1815636
FOLD	10978	9145	9145	7036872	7036872	0	1816086
FOLD	10979	9146	9146	7037640	7037640	0	1816514
FOLD	10982	9147	9147	7038408	7038408	0	1817663
FOLD	10983	9148	9148	7039176	7039176	0	1818020
FOLD	10986	9149	9149	7039944	7039944	0	1820243
FOLD	10987	9150	9150	7040712	7040712	0	1820645
FOLD	10988	9151	9151	7041483	7041483	0	1821045
FOLD	10989	9152	9152	7042251	7042251	0	1821405
FOLD	10990	9153	9153	7043022	7043022	0	1821854
FOLD	10991	9154	9154	7043790	7043790	0	1822275
FOLD	10992	9155	9155	7044561	7044561	0	1822693
FOLD	10993	9156	9156	7045329	7045329	0	1823055
FOLD	10994	9157	9157	7046100	7046100	0	1823470
FOLD	10995	9158	9158	7046868	7046868	0	1823903
FOLD	10996	9159	9159	7047639	7047639	0	1824262
FOLD	10997	9160	9160	7048407	7048407	0	1824629
FOLD	10998	9161	9161	7049178	7049178	0	1825038
FOLD	10999	9162	9162	7049946	7049946	0	1825398
FOLD	11000	9163	9163	7050717	7050717	0	1825773
FOLD	11001	9164	9164	7051485	7051485	0	1826157
FOLD	11002	9165	9165	7052256	7052256	0	1826515
FOLD	11003	9166	9166	7053024	7053024	0	1826868
FOLD	11004	9167	9167	7053795	7053795	0	1827327
FOLD	11005	9168	9168	7054563	7054563	0	1827733
FOLD	11006	9169	9169	7055334	7055334	0	1828111
FOLD	11007	9170	9170	7056102	7056102	0	1828462
FOLD	11008	9171	9171	7056873	7056873	0	1828814
FOLD	11009	9172	9172	7057641	7057641	0	1829171
FOLD	11010	9173	9173	7058412	7058412	0	1829557
FOLD	11011	9174	9174	7059180	7059180	0	1829938
FOLD	11012	9175	9175	7059951	7059951	0	1830375
FOLD	11013	9176	9176	7060719	7060719	0	1830832
FOLD	11014	9177	9177	7061490	7061490	0	1831197
FOLD	11015	9178	9178	7062258	7062258	0	1831580
FOLD	11016	9179	9179	7063029	7063029	0	1831986
FOLD	11017	9180	9180	7063797	7063797	0	1832335
FOLD	11018	9181	9181	7064568	7064568	0	1832675
FOLD	11019	9182	9182	7065336	7065336	0	1833103
FOLD	11020	9183	9183	7066107	7066107	0	1833514
FOLD	11021	9184	9184	7066875	7066875	0	1833854
FOLD	11022	9185	9185	7067646	7067646	0	1834192
FOLD	11023	9186	9186	7068414	7068414	0	1834521
FOLD	11024	9187	9187	7069185	7069185	0	1834851
FOLD	11025	9188	9188	7069953	7069953	0	1835212
FOLD	11026	9189	9189	7070724	7070724	0	1835566
FOLD	11027	9190	9190	7071492	7071492	0	1835920
FOLD	11028	9191	9191	7072263	7072263	0	1836301
FOLD	11029	9192	9192	7073031	7073031	0	1836688
FOLD	11030	9193	9193	7073802	7073802	0	1837041
FOLD	11031	9194	9194	7074570	7074570	0	1837380
FOLD	11032	9195	9195	7075341	7075341	0	1837769
FOLD	11033	9196	9196	7076109	7076109	0	1838130
FOLD	11034	9197	9197	7076880	7076880	0	1838475
FOLD	11035	9198	9198	7077648	7077648	0	1838806
FOLD	11036	9199	9199	7078419	7078419	0	1839198
FOLD	11037	9200	9200	7079187	7079187	0	1839568
FOLD	11038	9201	9201	7079958	7079958	0	1839944
FOLD	11039	9202	9202	7080726	7080726	0	1840293
FOLD	11040	9203	9203	7081497	7081497	0	1840633
FOLD	11041	9204	9204	7082265	7082265	0	1841019
FOLD	11042	9205	9205	7083036	7083036	0	1841434
FOLD	11043	9206	9206	7083804	7083804	0	1841788
FOLD	11044	9207	9207	7084575	7084575	0	1842134
FOLD	11045	9208	9208	7085343	7085343	0	1842482
FOLD	11046	9209	9209	7086114	7086114	0	1842947
FOLD	11047	9210	9210	7086882	7086882	0	1843358
FOLD	11048	9211	9211	7087653	7087653	0	1843719
FOLD	11049	9212	9212	7088421	7088421	0	1844115
FOLD	11050	9213	9213	7089192	7089192	0	1844515
FOLD	11053	9214	9214	7089963	7089963	0	1845303
FOLD	11054	9215	9215	7090731	7090731	0	1845357
FOLD	11055	9216	9216	7091499	7091499	0	1845707
FOLD	11056	9217	9217	7092270	7092270	0	1846095
FOLD	11059	9218	9218	7093041	7093041	0	1846963
FOLD	11064	9219	9219	7093809	7093809	0	1847877
FOLD	11065	9220	9220	7094580	7094580	0	1847943
FOLD	11066	9221	9221	7095348	7095348	0	1848367
FOLD	11067	9222	9222	7096119	7096119	0	1848746
FOLD	11068	9223	9223	7096887	7096887	0	1848812
FOLD	11071	9224	9224	7097655	7097655	0	1849573
FOLD	11078	9225	9225	7098426	7098426	0	1851023
FOLD	11079	9226	9226	7099197	7099197	0	1851447
FOLD	11080	9227	9227	7099965	7099965	0	1851527
FOLD	11081	9228	9228	7100736	7100736	0	1851650
FOLD	11082	9229	9229	7101504	7101504	0	1852091
FOLD	11083	9230	9230	7102275	7102275	0	1852697
FOLD	11092	9231	9231	7103043	7103043	0	1855089
FOLD	11093	9232	9232	7103814	7103814	0	1855169
FOLD	11094	9233	9233	7104582	7104582	0	1855537
FOLD	11095	9234	9234	7105353	7105353	0	1855956
FOLD	11096	9235	9235	7106121	7106121	0	1856067
FOLD	11099	9236	9236	7106889	7106889	0	1857132
FOLD	11100	9237	9237	7107657	7107657	0	1857236
FOLD	11103	9238	9238	7108425	7108425	0	1858106
FOLD	11104	9239	9239	7109193	7109193	0	1858214
FOLD	11105	9240	9240	7109964	7109964	0	1858317
FOLD	11106	9241	9241	7110732	7110732	0	1858744
FOLD	11107	9242	9242	7111503	7111503	0	1859153
FOLD	11110	9243	9243	7112274	7112274	0	1859641
FOLD	11111	9244	9244	7113045	7113045	0	1860090
FOLD	11114	9245	9245	7113816	7113816	0	1860708
FOLD	11115	9246	9246	7114587	7114587	0	1861075
FOLD	11116	9247	9247	7115355	7115355	0	1861196
FOLD	11117	9248	9248	7116126	7116126	0	1861287
FOLD	11118	9249	9249	7116894	7116894	0	1861656
FOLD	11119	9250	9250	7117665	7117665	0	1862051
FOLD	11128	9251	9251	7118433	7118433	0	1864174
FOLD	11129	9252	9252	7119204	7119204	0	1864319
FOLD	11130	9253	9253	7119972	7119972	0	1864739
FOLD	11131	9254	9254	7120743	7120743	0	1865107
FOLD	11132	9255	9255	7121511	7121511	0	1865248
FOLD	11135	9256	9256	7122279	7122279	0	1866080
FOLD	11142	9257	9257	7123050	7123050	0	1867597
FOLD	11143	9258	9258	7123821	7123821	0	1868046
FOLD	11144	9259	9259	7124589	7124589	0	1868242
FOLD	11145	9260	9260	7125360	7125360	0	1868552
FOLD	11146	9261	9261	7126128	7126128	0	1868966
FOLD	11147	9262	9262	7126899	7126899	0	1869351
FOLD	11156	9263	9263	7127667	7127667	0	1872278
FOLD	11157	9264	9264	7128438	7128438	0	1872453
FOLD	11158	9265	9265	7129206	7129206	0	1872816
FOLD	11159	9266	9266	7129977	7129977	0	1873181
FOLD	11160	9267	9267	7130745	7130745	0	1873380
FOLD	11163	9268	9268	7131513	7131513	0	1874328
FOLD	11164	9269	9269	7132281	7132281	0	1874534
FOLD	11167	9270	9270	7133049	7133049	0	1875399
FOLD	11170	9271	9271	7133820	7133820	0	1876103
FOLD	11171	9272	9272	7134591	7134591	0	1876562
FOLD	11174	9273	9273	7135362	7135362	0	1877329
FOLD	11175	9274	9274	7136133	7136133	0	1877715
FOLD	11176	9275	9275	7136901	7136901	0	1877969
FOLD	11177	9276	9276	7137672	7137672	0	1878166
FOLD	11178	9277	9277	7138440	7138440	0	1878556
FOLD	11179	9278	9278	7139211	7139211	0	1878919
FOLD	11188	9279	9279	7139979	7139979	0	1881330
FOLD	11189	9280	9280	7140750	7140750	0	1881588
FOLD	11190	9281	9281	7141518	7141518	0	1881973
FOLD	11191	9282	9282	7142289	7142289	0	1882341
FOLD	11192	9283	9283	7143057	7143057	0	1882621
FOLD	11195	9284	9284	7143825	7143825	0	1883546
FOLD	11202	9285	9285	7144596	7144596	0	1885461
FOLD	11203	9286	9286	7145367	7145367	0	1885848
FOLD	11204	9287	9287	7146135	7146135	0	1886269
FOLD	11205	9288	9288	7146906	7146906	0	1886889
FOLD	11206	9289	9289	7147674	7147674	0	1887254
FOLD	11207	9290	9290	7148445	7148445	0	1887624
FOLD	11216	9291	9291	7149213	7149213	0	1891320
FOLD	11217	9292	9292	7149984	7149984	0	1891762
FOLD	11218	9293	9293	7150752	7150752	0	1892186
FOLD	11219	9294	9294	7151523	7151523	0	1892663
FOLD	11220	9295	9295	7152291	7152291	0	1893060
FOLD	11223	9296	9296	7153059	7153059	0	1894110
FOLD	11224	9297	9297	7153827	7153827	0	1894501
FOLD	11227	9298	9298	7154595	7154595	0	1896577
FOLD	11228	9299	9299	7155363	7155363	0	1897013
FOLD	11229	9300	9300	7156134	7156134	0	1897456
FOLD	11230	9301	9301	7156902	7156902	0	1897827
FOLD	11231	9302	9302	7157673	7157673	0	1898195
FOLD	11232	9303	9303	7158441	7158441	0	1898559
FOLD	11233	9304	9304	7159212	7159212	0	1898921
FOLD	11234	9305	9305	7159980	7159980	0	1899334
FOLD	11235	9306	9306	7160751	7160751	0	1899793
FOLD	11236	9307	9307	7161519	7161519	0	1900217
FOLD	11237	9308	9308	7162290	7162290	0	1900637
FOLD	11238	9309	9309	7163058	7163058	0	1901057
FOLD	11239	9310	9310	7163829	7163829	0	1901422
FOLD	11240	9311	9311	7164597	7164597	0	1901782
FOLD	11241	9312	9312	7165368	7165368	0	1902142
FOLD	11242	9313	9313	7166136	7166136	0	1902511
FOLD	11243	9314	9314	7166907	7166907	0	1902898
FOLD	11244	9315	9315	7167675	7167675	0	1903314
FOLD	11245	9316	9316	7168446	7168446	0	1903712
FOLD	11246	9317	9317	7169214	7169214	0	1904167
FOLD	11247	9318	9318	7169985	7169985	0	1904555
FOLD	11248	9319	9319	7170753	7170753	0	1904973
FOLD	11249	9320	9320	7171524	7171524	0	1905355
FOLD	11250	9321	9321	7172292	7172292	0	1905725
FOLD	11251	9322	9322	7173063	7173063	0	1906089
FOLD	11252	9323	9323	7173831	7173831	0	1906512
FOLD	11253	9324	9324	7174602	7174602	0	1906967
FOLD	11254	9325	9325	7175370	7175370	0	1907327
FOLD	11255	9326	9326	7176141	7176141	0	1907722
FOLD	11256	9327	9327	7176909	7176909	0	1908073
FOLD	11257	9328	9328	7177680	7177680	0	1908434
FOLD	11258	9329	9329	7178448	7178448	0	1908843
FOLD	11259	9330	9330	7179219	7179219	0	1909198
FOLD	11260	9331	9331	7179987	7179987	0	1909547
FOLD	11261	9332	9332	7180758	7180758	0	1909946
FOLD	11262	9333	9333	7181526	7181526	0	1910316
FOLD	11263	9334	9334	7182297	7182297	0	1910716
FOLD	11264	9335	9335	7183065	7183065	0	1911145
FOLD	11265	9336	9336	7183836	7183836	0	1911522
FOLD	11266	9337	9337	7184604	7184604	0	1911959
FOLD	11267	9338	9338	7185375	7185375	0	1912362
FOLD	11268	9339	9339	7186143	7186143	0	1912759
FOLD	11269	9340	9340	7186914	7186914	0	1913161
FOLD	11270	9341	9341	7187682	7187682	0	1913548
FOLD	11271	9342	9342	7188453	7188453	0	1913993
FOLD	11272	9343	9343	7189221	7189221	0	1914418
FOLD	11273	9344	9344	7189992	7189992	0	1914765
FOLD	11274	9345	9345	7190760	7190760	0	1915113
FOLD	11275	9346	9346	7191531	7191531	0	1915519
FOLD	11276	9347	9347	7192299	7192299	0	1915967
FOLD	11277	9348	9348	7193070	7193070	0	1916389
FOLD	11278	9349	9349	7193838	7193838	0	1916743
FOLD	11279	9350	9350	7194609	7194609	0	1917091
FOLD	11280	9351	9351	7195377	7195377	0	1917437
FOLD	11281	9352	9352	7196148	7196148	0	1917781
FOLD	11282	9353	9353	7196916	7196916	0	1918191
FOLD	11283	9354	9354	7197687	7197687	0	1918543
FOLD	11284	9355	9355	7198455	7198455	0	1918889
FOLD	11285	9356	9356	7199226	7199226	0	1919235
FOLD	11286	9357	9357	7199994	7199994	0	1919710
FOLD	11287	9358	9358	7200765	7200765	0	1920086
FOLD	11290	9359	9359	7201536	7201536	0	1920839
FOLD	11293	9360	9360	7202307	7202307	0	1921741
FOLD	11294	9361	9361	7203075	7203075	0	1921803
FOLD	11295	9362	9362	7203843	7203843	0	1922159
FOLD	11296	9363	9363	7204614	7204614	0	1922511
FOLD	11305	9364	9364	7205382	7205382	0	1924391
FOLD	11306	9365	9365	7206153	7206153	0	1924467
FOLD	11307	9366	9366	7206921	7206921	0	1924846
FOLD	11308	9367	9367	7207692	7207692	0	1925261
FOLD	11309	9368	9368	7208460	7208460	0	1925338
FOLD	11312	9369	9369	7209228	7209228	0	1926176
FOLD	11319	9370	9370	7209999	7209999	0	1927506
FOLD	11320	9371	9371	7210770	7210770	0	1927880
FOLD	11321	9372	9372	7211538	7211538	0	1927962
FOLD	11322	9373	9373	7212309	7212309	0	1928079
FOLD	11323	9374	9374	7213077	7213077	0	1928446
FOLD	11324	9375	9375	7213848	7213848	0	1928842
FOLD	11333	9376	9376	7214616	7214616	0	1931288
FOLD	11334	9377	9377	7215387	7215387	0	1931390
FOLD	11335	9378	9378	7216155	7216155	0	1931833
FOLD	11336	9379	9379	7216926	7216926	0	1932214
FOLD	11337	9380	9380	7217694	7217694	0	1932307
FOLD	11340	9381	9381	7218462	7218462	0	1933225
FOLD	11341	9382	9382	7219230	7219230	0	1933351
FOLD	11344	9383	9383	7219998	7219998	0	1934211
FOLD	11345	9384	9384	7220766	7220766	0	1934310
FOLD	11346	9385	9385	7221537	7221537	0	1934403
FOLD	11347	9386	9386	7222305	7222305	0	1934894
FOLD	11348	9387	9387	7223076	7223076	0	1935295
FOLD	11351	9388	9388	7223847	7223847	0	1935795
FOLD	11352	9389	9389	7224618	7224618	0	1936201
FOLD	11355	9390	9390	7225389	7225389	0	1936834
FOLD	11356	9391	9391	7226160	7226160	0	1937215
FOLD	11357	9392	9392	7226928	7226928	0	1937339
FOLD	11358	9393	9393	7227699	7227699	0	1937433
FOLD	11359	9394	9394	7228467	7228467	0	1937808
FOLD	11360	9395	9395	7229238	7229238	0	1938225
FOLD	11369	9396	9396	7230006	7230006	0	1940505
FOLD	11370	9397	9397	7230777	7230777	0	1940647
FOLD	11371	9398	9398	7231545	7231545	0	1941072
FOLD	11372	9399	9399	7232316	7232316	0	1941451
FOLD	11373	9400	9400	7233084	7233084	0	1941600
FOLD	11376	9401	9401	7233852	7233852	0	1942514
FOLD	11383	9402	9402	7234623	7234623	0	1944092
FOLD	11384	9403	9403	7235394	7235394	0	1944559
FOLD	11385	9404	9404	7236162	7236162	0	1944744
FOLD	11386	9405	9405	7236933	7236933	0	1945033
FOLD	11387	9406	9406	7237701	7237701	0	1945423
FOLD	11388	9407	9407	7238472	7238472	0	1945837
FOLD	11397	9408	9408	7239240	7239240	0	1948872
FOLD	11398	9409	9409	7240011	7240011	0	1949057
FOLD	11399	9410	9410	7240779	7240779	0	1949476
FOLD	11400	9411	9411	7241550	7241550	0	1949906
FOLD	11401	9412	9412	7242318	7242318	0	1950118
FOLD	11404	9413	9413	7243086	7243086	0	1951068
FOLD	11405	9414	9414	7243854	7243854	0	1951276
FOLD	11408	9415	9415	7244622	7244622	0	1952251
FOLD	11411	9416	9416	7245393	7245393	0	1952878
FOLD	11412	9417	9417	7246164	7246164	0	1953268
FOLD	11415	9418	9418	7246935	7246935	0	1954089
FOLD	11416	9419	9419	7247706	7247706	0	1954471
FOLD	11417	9420	9420	7248474	7248474	0	1954731
FOLD	11418	9421	9421	7249245	7249245	0	1954937
FOLD	11419	9422	9422	7250013	7250013	0	1955378
FOLD	11420	9423	9423	7250784	7250784	0	1955824
FOLD	11429	9424	9424	7251552	7251552	0	1958250
FOLD	11430	9425	9425	7252323	7252323	0	1958510
FOLD	11431	9426	9426	7253091	7253091	0	1958891
FOLD	11432	9427	9427	7253862	7253862	0	1959307
FOLD	11433	9428	9428	7254630	7254630	0	1959642
FOLD	11436	9429	9429	7255398	7255398	0	1960623
FOLD	11443	9430	9430	7256169	7256169	0	1962580
FOLD	11444	9431	9431	7256940	7256940	0	1962991
FOLD	11445	9432	9432	7257708	7257708	0	1963379
FOLD	11446	9433	9433	7258479	7258479	0	1964076
FOLD	11447	9434	9434	7259247	7259247	0	1964478
FOLD	11448	9435	9435	7260018	7260018	0	1964929
FOLD	11457	9436	9436	7260786	7260786	0	1968904
FOLD	11458	9437	9437	7261557	7261557	0	1969308
FOLD	11459	9438	9438	7262325	7262325	0	1969708
FOLD	11460	9439	9439	7263096	7263096	0	1970088
FOLD	11461	9440	9440	7263864	7263864	0	1970498
FOLD	11464	9441	9441	7264632	7264632	0	1971484
FOLD	11465	9442	9442	7265400	7265400	0	1971877
FOLD	11468	9443	9443	7266168	7266168	0	1974001
FOLD	11469	9444	9444	7266936	7266936	0	1974440
FOLD	11470	9445	9445	7267707	7267707	0	1974875
FOLD	11471	9446	9446	7268475	7268475	0	1975261
FOLD	11472	9447	9447	7269246	7269246	0	1975777
FOLD	11473	9448	9448	7270014	7270014	0	1976229
FOLD	11474	9449	9449	7270785	7270785	0	1976614
FOLD	11475	9450	9450	7271553	7271553	0	1977013
FOLD	11476	9451	9451	7272324	7272324	0	1977394
FOLD	11477	9452	9452	7273092	7273092	0	1977769
FOLD	11478	9453	9453	7273863	7273863	0	1978204
FOLD	11479	9454	9454	7274631	7274631	0	1978619
FOLD	11480	9455	9455	7275402	7275402	0	1979016
FOLD	11481	9456	9456	7276170	7276170	0	1979393
FOLD	11482	9457	9457	7276941	7276941	0	1979808
FOLD	11483	9458	9458	7277709	7277709	0	1980192
FOLD	11484	9459	9459	7278480	7278480	0	1980569
FOLD	11485	9460	9460	7279248	7279248	0	1980967
FOLD	11486	9461	9461	7280019	7280019	0	1981406
FOLD	11487	9462	9462	7280787	7280787	0	1981831
FOLD	11488	9463	9463	7281558	7281558	0	1982265
FOLD	11489	9464	9464	7282326	7282326	0	1982688
FOLD	11490	9465	9465	7283097	7283097	0	1983101
FOLD	11491	9466	9466	7283865	7283865	0	1983479
FOLD	11492	9467	9467	7284636	7284636	0	1983861
FOLD	11493	9468	9468	7285404	7285404	0	1984237
FOLD	11494	9469	9469	7286175	7286175	0	1984693
FOLD	11495	9470	9470	7286943	7286943	0	1985066
FOLD	11496	9471	9471	7287714	7287714	0	1985440
FOLD	11497	9472	9472	7288482	7288482	0	1985845
FOLD	11498	9473	9473	7289253	7289253	0	1986208
FOLD	11499	9474	9474	7290021	7290021	0	1986620
FOLD	11500	9475	9475	7290792	7290792	0	1986995
FOLD	11501	9476	9476	7291560	7291560	0	1987386
FOLD	11502	9477	9477	7292331	7292331	0	1987827
FOLD	11503	9478	9478	7293099	7293099	0	1988230
FOLD	11504	9479	9479	7293870	7293870	0	1988731
FOLD	11505	9480	9480	7294638	7294638	0	1989184
FOLD	11506	9481	9481	7295409	7295409	0	1989578
FOLD	11507	9482	9482	7296177	7296177	0	1989937
FOLD	11508	9483	9483	7296948	7296948	0	1990320
FOLD	11509	9484	9484	7297716	7297716	0	1990703
FOLD	11510	9485	9485	7298487	7298487	0	1991062
FOLD	11511	9486	9486	7299255	7299255	0	1991430
FOLD	11512	9487	9487	7300026	7300026	0	1991820
FOLD	11513	9488	9488	7300794	7300794	0	1992284
FOLD	11514	9489	9489	7301565	7301565	0	1992653
FOLD	11515	9490	9490	7302333	7302333	0	1993013
FOLD	11516	9491	9491	7303104	7303104	0	1993374
FOLD	11517	9492	9492	7303872	7303872	0	1993741
FOLD	11518	9493	9493	7304643	7304643	0	1994144
FOLD	11519	9494	9494	7305411	7305411	0	1994510
FOLD	11520	9495	9495	7306182	7306182	0	1994970
FOLD	11521	9496	9496	7306950	7306950	0	1995384
FOLD	11522	9497	9497	7307721	7307721	0	1995793
FOLD	11523	9498	9498	7308489	7308489	0	1996220
FOLD	11524	9499	9499	7309260	7309260	0	1996581
FOLD	11525	9500	9500	7310028	7310028	0	1996633
FOLD	11526	9501	9501	7310796	7310796	0	1996997
FOLD	11527	9502	9502	7311567	7311567	0	1997379
FOLD	11530	9503	9503	7312338	7312338	0	1998181
FOLD	11533	9504	9504	7313109	7313109	0	1999040
FOLD	11534	9505	9505	7313877	7313877	0	1999106
FOLD	11535	9506	9506	7314648	7314648	0	1999175
FOLD	11536	9507	9507	7315416	7315416	0	1999572
FOLD	11537	9508	9508	7316187	7316187	0	2000001
FOLD	11546	9509	9509	7316955	7316955	0	2001789
FOLD	11547	9510	9510	7317726	7317726	0	2001858
FOLD	11548	9511	9511	7318494	7318494	0	2002234
FOLD	11549	9512	9512	7319265	7319265	0	2002605
FOLD	11550	9513	9513	7320033	7320033	0	2002672
FOLD	11553	9514	9514	7320801	7320801	0	2003683
FOLD	11560	9515	9515	7321572	7321572	0	2005238
FOLD	11561	9516	9516	7322343	7322343	0	2005691
FOLD	11562	9517	9517	7323111	7323111	0	2005777
FOLD	11563	9518	9518	7323882	7323882	0	2005902
FOLD	11564	9519	9519	7324650	7324650	0	2006345
FOLD	11565	9520	9520	7325421	7325421	0	2006821
FOLD	11574	9521	9521	7326189	7326189	0	2009513
FOLD	11575	9522	9522	7326960	7326960	0	2009599
FOLD	11576	9523	9523	7327728	7327728	0	2010088
FOLD	11577	9524	9524	7328499	7328499	0	2010546
FOLD	11578	9525	9525	7329267	7329267	0	2010650
FOLD	11581	9526	9526	7330035	7330035	0	2011701
FOLD	11582	9527	9527	7330803	7330803	0	2011809
FOLD	11585	9528	9528	7331571	7331571	0	2012794
FOLD	11586	9529	9529	7332339	7332339	0	2012911
FOLD	11587	9530	9530	7333110	7333110	0	2013017
FOLD	11588	9531	9531	7333878	7333878	0	2013463
FOLD	11589	9532	9532	7334649	7334649	0	2013906
FOLD	11592	9533	9533	7335420	7335420	0	2014470
FOLD	11593	9534	9534	7336191	7336191	0	2014981
FOLD	11596	9535	9535	7336962	7336962	0	2015653
FOLD	11597	9536	9536	7337733	7337733	0	2016165
FOLD	11598	9537	9537	7338501	7338501	0	2016320
FOLD	11599	9538	9538	7339272	7339272	0	2016448
FOLD	11600	9539	9539	7340040	7340040	0	2016905
FOLD	11601	9540	9540	7340811	7340811	0	2017353
FOLD	11610	9541	9541	7341579	7341579	0	2019714
FOLD	11611	9542	9542	7342350	7342350	0	2019868
FOLD	11612	9543	9543	7343118	7343118	0	2020396
FOLD	11613	9544	9544	7343889	7343889	0	2020873
FOLD	11614	9545	9545	7344657	7344657	0	2021030
FOLD	11617	9546	9546	7345425	7345425	0	2022014
FOLD	11624	9547	9547	7346196	7346196	0	2023828
FOLD	11625	9548	9548	7346967	7346967	0	2024285
FOLD	11626	9549	9549	7347735	7347735	0	2024496
FOLD	11627	9550	9550	7348506	7348506	0	2024834
FOLD	11628	9551	9551	7349274	7349274	0	2025223
FOLD	11629	9552	9552	7350045	7350045	0	2025647
FOLD	11638	9553	9553	7350813	7350813	0	2028787
FOLD	11639	9554	9554	7351584	7351584	0	2028976
FOLD	11640	9555	9555	7352352	7352352	0	2029359
FOLD	11641	9556	9556	7353123	7353123	0	2029794
FOLD	11642	9557	9557	7353891	7353891	0	2030042
FOLD	11645	9558	9558	7354659	7354659	0	2031008
FOLD	11646	9559	9559	7355427	7355427	0	2031232
FOLD	11649	9560	9560	7356195	7356195	0	2032273
FOLD	11652	9561	9561	7356966	7356966	0	2032959
FOLD	11653	9562	9562	7357737	7357737	0	2033383
FOLD	11656	9563	9563	7358508	7358508	0	2034203
FOLD	11657	9564	9564	7359279	7359279	0	2034592
FOLD	11658	9565	9565	7360047	7360047	0	2034861
FOLD	11659	9566	9566	7360818	7360818	0	2035076
FOLD	11660	9567	9567	7361586	7361586	0	2035529
FOLD	11661	9568	9568	7362357	7362357	0	2035995
FOLD	11670	9569	9569	7363125	7363125	0	2038461
FOLD	11671	9570	9570	7363896	7363896	0	2038735
FOLD	11672	9571	9571	7364664	7364664	0	2039149
FOLD	11673	9572	9572	7365435	7365435	0	2039541
FOLD	11674	9573	9573	7366203	7366203	0	2039993
FOLD	11677	9574	9574	7366971	7366971	0	2041022
FOLD	11684	9575	9575	7367742	7367742	0	2042955
FOLD	11685	9576	9576	7368513	7368513	0	2043446
FOLD	11686	9577	9577	7369281	7369281	0	2043884
FOLD	11687	9578	9578	7370052	7370052	0	2044564
FOLD	11688	9579	9579	7370820	7370820	0	2045018
FOLD	11689	9580	9580	7371591	7371591	0	2045446
FOLD	11698	9581	9581	7372359	7372359	0	2049570
FOLD	11699	9582	9582	7373130	7373130	0	2049979
FOLD	11700	9583	9583	7373898	7373898	0	2050373
FOLD	11701	9584	9584	7374669	7374669	0	2050763
FOLD	11702	9585	9585	7375437	7375437	0	2051206
FOLD	11705	9586	9586	7376205	7376205	0	2052301
FOLD	11706	9587	9587	7376973	7376973	0	2052693
FOLD	11709	9588	9588	7377741	7377741	0	2055055
FOLD	11710	9589	9589	7378509	7378509	0	2055455
FOLD	11711	9590	9590	7379280	7379280	0	2055860
FOLD	11712	9591	9591	7380048	7380048	0	2056288
FOLD	11713	9592	9592	7380819	7380819	0	2056691
FOLD	11714	9593	9593	7381587	7381587	0	2057134
FOLD	11715	9594	9594	7382358	7382358	0	2057576
FOLD	11716	9595	9595	7383126	7383126	0	2057973
FOLD	11717	9596	9596	7383897	7383897	0	2058416
FOLD	11718	9597	9597	7384665	7384665	0	2058930
FOLD	11719	9598	9598	7385436	7385436	0	2059373
FOLD	11720	9599	9599	7386204	7386204	0	2059785
FOLD	11721	9600	9600	7386975	7386975	0	2060177
FOLD	11722	9601	9601	7387743	7387743	0	2060600
FOLD	11723	9602	9602	7388514	7388514	0	2061041
FOLD	11724	9603	9603	7389282	7389282	0	2061434
FOLD	11725	9604	9604	7390053	7390053	0	2061871
FOLD	11726	9605	9605	7390821	7390821	0	2062336
FOLD	11727	9606	9606	7391592	7391592	0	2062718
FOLD	11728	9607	9607	7392360	7392360	0	2063101
FOLD	11729	9608	9608	7393131	7393131	0	2063487
FOLD	11730	9609	9609	7393899	7393899	0	2063909
FOLD	11731	9610	9610	7394670	7394670	0	2064329
FOLD	11732	9611	9611	7395438	7395438	0	2064806
FOLD	11733	9612	9612	7396209	7396209	0	2065216
FOLD	11734	9613	9613	7396977	7396977	0	2065602
FOLD	11735	9614	9614	7397748	7397748	0	2066005
FOLD	11736	9615	9615	7398516	7398516	0	2066455
FOLD	11737	9616	9616	7399287	7399287	0	2066820
FOLD	11738	9617	9617	7400055	7400055	0	2067187
FOLD	11739	9618	9618	7400826	7400826	0	2067648
FOLD	11740	9619	9619	7401594	7401594	0	2068049
FOLD	11741	9620	9620	7402365	7402365	0	2068470
FOLD	11742	9621	9621	7403133	7403133	0	2068849
FOLD	11743	9622	9622	7403904	7403904	0	2069231
FOLD	11744	9623	9623	7404672	7404672	0	2069640
FOLD	11745	9624	9624	7405443	7405443	0	2070068
FOLD	11746	9625	9625	7406211	7406211	0	2070460
FOLD	11747	9626	9626	7406982	7406982	0	2070836
FOLD	11748	9627	9627	7407750	7407750	0	2071212
FOLD	11749	9628	9628	7408521	7408521	0	2071585
FOLD	11750	9629	9629	7409289	7409289	0	2072031
FOLD	11751	9630	9630	7410060	7410060	0	2072410
FOLD	11752	9631	9631	7410828	7410828	0	2072788
FOLD	11753	9632	9632	7411599	7411599	0	2073160
FOLD	11754	9633	9633	7412367	7412367	0	2073530
FOLD	11755	9634	9634	7413138	7413138	0	2073913
FOLD	11756	9635	9635	7413906	7413906	0	2074281
FOLD	11757	9636	9636	7414677	7414677	0	2074657
FOLD	11758	9637	9637	7415445	7415445	0	2075114
FOLD	11759	9638	9638	7416216	7416216	0	2075573
FOLD	11760	9639	9639	7416984	7416984	0	2076065
FOLD	11761	9640	9640	7417755	7417755	0	2076477
FOLD	11762	9641	9641	7418523	7418523	0	2076539
FOLD	11763	9642	9642	7419291	7419291	0	2076933
FOLD	11764	9643	9643	7420062	7420062	0	2077330
FOLD	11765	9644	9644	7420830	7420830	0	2077388
FOLD	11766	9645	9645	7421598	7421598	0	2077822
FOLD	11767	9646	9646	7422369	7422369	0	2078250
FOLD	11770	9647	9647	7423140	7423140	0	2079068
FOLD	11773	9648	9648	7423911	7423911	0	2079606
FOLD	11774	9649	9649	7424682	7424682	0	2080101
FOLD	11775	9650	9650	7425450	7425450	0	2080181
FOLD	11776	9651	9651	7426221	7426221	0	2080235
FOLD	11777	9652	9652	7426989	7426989	0	2080632
FOLD	11778	9653	9653	7427760	7427760	0	2081198
FOLD	11787	9654	9654	7428528	7428528	0	2083176
FOLD	11788	9655	9655	7429299	7429299	0	2083240
FOLD	11789	9656	9656	7430067	7430067	0	2083637
FOLD	11790	9657	9657	7430838	7430838	0	2084036
FOLD	11791	9658	9658	7431606	7431606	0	2084113
FOLD	11794	9659	9659	7432374	7432374	0	2085012
FOLD	11801	9660	9660	7433145	7433145	0	2086479
FOLD	11802	9661	9661	7433916	7433916	0	2086957
FOLD	11803	9662	9662	7434684	7434684	0	2087054
FOLD	11804	9663	9663	7435455	7435455	0	2087191
FOLD	11805	9664	9664	7436223	7436223	0	2087594
FOLD	11806	9665	9665	7436994	7436994	0	2088061
FOLD	11815	9666	9666	7437762	7437762	0	2090511
FOLD	11816	9667	9667	7438533	7438533	0	2090618
FOLD	11817	9668	9668	7439301	7439301	0	2091072
FOLD	11818	9669	9669	7440072	7440072	0	2091540
FOLD	11819	9670	9670	7440840	7440840	0	2091655
FOLD	11822	9671	9671	7441608	7441608	0	2092701
FOLD	11823	9672	9672	7442376	7442376	0	2092818
FOLD	11826	9673	9673	7443144	7443144	0	2093690
FOLD	11827	9674	9674	7443912	7443912	0	2093794
FOLD	11828	9675	9675	7444683	7444683	0	2093897
FOLD	11829	9676	9676	7445451	7445451	0	2094323
FOLD	11830	9677	9677	7446222	7446222	0	2094778
FOLD	11833	9678	9678	7446993	7446993	0	2095301
FOLD	11834	9679	9679	7447764	7447764	0	2095788
FOLD	11837	9680	9680	7448535	7448535	0	2096445
FOLD	11838	9681	9681	7449306	7449306	0	2096848
FOLD	11839	9682	9682	7450074	7450074	0	2096985
FOLD	11840	9683	9683	7450845	7450845	0	2097086
FOLD	11841	9684	9684	7451613	7451613	0	2097494
FOLD	11842	9685	9685	7452384	7452384	0	2098080
FOLD	11851	9686	9686	7453152	7453152	0	2100258
FOLD	11852	9687	9687	7453923	7453923	0	2100402
FOLD	11853	9688	9688	7454691	7454691	0	2100810
FOLD	11854	9689	9689	7455462	7455462	0	2101216
FOLD	11855	9690	9690	7456230	7456230	0	2101378
FOLD	11858	9691	9691	7456998	7456998	0	2102343
FOLD	11865	9692	9692	7457769	7457769	0	2104162
FOLD	11866	9693	9693	7458540	7458540	0	2104613
FOLD	11867	9694	9694	7459308	7459308	0	2104842
FOLD	11868	9695	9695	7460079	7460079	0	2105164
FOLD	11869	9696	9696	7460847	7460847	0	2105599
FOLD	11870	9697	9697	7461618	7461618	0	2106007
FOLD	11879	9698	9698	7462386	7462386	0	2109131
FOLD	11880	9699	9699	7463157	7463157	0	2109367
FOLD	11881	9700	9700	7463925	7463925	0	2109830
FOLD	11882	9701	9701	7464696	7464696	0	2110277
FOLD	11883	9702	9702	7465464	7465464	0	2110510
FOLD	11886	9703	9703	7466232	7466232	0	2111516
FOLD	11887	9704	9704	7467000	7467000	0	2111801
FOLD	11890	9705	9705	7467768	7467768	0	2112785
FOLD	11893	9706	9706	7468539	7468539	0	2113467
FOLD	11894	9707	9707	7469310	7469310	0	2113873
FOLD	11897	9708	9708	7470081	7470081	0	2114657
FOLD	11898	9709	9709	7470852	7470852	0	2115138
FOLD	11899	9710	9710	7471620	7471620	0	2115427
FOLD	11900	9711	9711	7472391	7472391	0	2115657
FOLD	11901	9712	9712	7473159	7473159	0	2116207
FOLD	11902	9713	9713	7473930	7473930	0	2116616
FOLD	11911	9714	9714	7474698	7474698	0	2119202
FOLD	11912	9715	9715	7475469	7475469	0	2119759
FOLD	11913	9716	9716	7476237	7476237	0	2120680
FOLD	11914	9717	9717	7477008	7477008	0	2121508
FOLD	11915	9718	9718	7477776	7477776	0	2122112
FOLD	11918	9719	9719	7478544	7478544	0	2124081
FOLD	11925	9720	9720	7479315	7479315	0	2127874
FOLD	11926	9721	9721	7480086	7480086	0	2128704
FOLD	11927	9722	9722	7480854	7480854	0	2129305
FOLD	11928	9723	9723	7481625	7481625	0	2130295
FOLD	11929	9724	9724	7482393	7482393	0	2130946
FOLD	11930	9725	9725	7483164	7483164	0	2131722
FOLD	11939	9726	9726	7483932	7483932	0	2137252
FOLD	11940	9727	9727	7484703	7484703	0	2137681
FOLD	11941	9728	9728	7485471	7485471	0	2138111
FOLD	11942	9729	9729	7486242	7486242	0	2138515
FOLD	11943	9730	9730	7487010	7487010	0	2138919
FOLD	11946	9731	9731	7487778	7487778	0	2140049
FOLD	11947	9732	9732	7488546	7488546	0	2140459
FOLD	11950	9733	9733	7489314	7489314	0	2143002
FOLD	11951	9734	9734	7490082	7490082	0	2143489
FOLD	11952	9735	9735	7490853	7490853	0	2143958
FOLD	11953	9736	9736	7491621	7491621	0	2144373
FOLD	11954	9737	9737	7492392	7492392	0	2144793
FOLD	11955	9738	9738	7493160	7493160	0	2145203
FOLD	11956	9739	9739	7493931	7493931	0	2145653
FOLD	11957	9740	9740	7494699	7494699	0	2146063
FOLD	11958	9741	9741	7495470	7495470	0	2146474
FOLD	11959	9742	9742	7496238	7496238	0	2146951
FOLD	11960	9743	9743	7497009	7497009	0	2147361
FOLD	11961	9744	9744	7497777	7497777	0	2147871
FOLD	11962	9745	9745	7498548	7498548	0	2148354
FOLD	11963	9746	9746	7499316	7499316	0	2148796
FOLD	11964	9747	9747	7500087	7500087	0	2149224
FOLD	11965	9748	9748	7500855	7500855	0	2149704
FOLD	11966	9749	9749	7501626	7501626	0	2150148
FOLD	11967	9750	9750	7502394	7502394	0	2150634
FOLD	11968	9751	9751	7503165	7503165	0	2151150
FOLD	11969	9752	9752	7503933	7503933	0	2151567
FOLD	11970	9753	9753	7504704	7504704	0	2151986
FOLD	11971	9754	9754	7505472	7505472	0	2152422
FOLD	11972	9755	9755	7506243	7506243	0	2152889
FOLD	11973	9756	9756	7507011	7507011	0	2153276
FOLD	11974	9757	9757	7507782	7507782	0	2153650
FOLD	11975	9758	9758	7508550	7508550	0	2154036
FOLD	11976	9759	9759	7509321	7509321	0	2154486
FOLD	11977	9760	9760	7510089	7510089	0	2155576
FOLD	11978	9761	9761	7510860	7510860	0	2156762
FOLD	11979	9762	9762	7511628	7511628	0	2157170
FOLD	11980	9763	9763	7512399	7512399	0	2157562
FOLD	11981	9764	9764	7513167	7513167	0	2157985
FOLD	11982	9765	9765	7513938	7513938	0	2158369
FOLD	11983	9766	9766	7514706	7514706	0	2158750
FOLD	11984	9767	9767	7515477	7515477	0	2159129
FOLD	11985	9768	9768	7516245	7516245	0	2159619
FOLD	11986	9769	9769	7517016	7517016	0	2160108
FOLD	11987	9770	9770	7517784	7517784	0	2160539
FOLD	11988	9771	9771	7518555	7518555	0	2160945
FOLD	11989	9772	9772	7519323	7519323	0	2161358
FOLD	11990	9773	9773	7520094	7520094	0	2161798
FOLD	11991	9774	9774	7520862	7520862	0	2162230
FOLD	11992	9775	9775	7521633	7521633	0	2162677
FOLD	11993	9776	9776	7522401	7522401	0	2163179
FOLD	11994	9777	9777	7523172	7523172	0	2163678
FOLD	11995	9778	9778	7523940	7523940	0	2164280
FOLD	11996	9779	9779	7524711	7524711	0	2164789
FOLD	11997	9780	9780	7525479	7525479	0	2165198
FOLD	11998	9781	9781	7526250	7526250	0	2165620
FOLD	11999	9782	9782	7527018	7527018	0	2165686
FOLD	12000	9783	9783	7527786	7527786	0	2166153
FOLD	12001	9784	9784	7528557	7528557	0	2166568
FOLD	12002	9785	9785	7529325	7529325	0	2166628
FOLD	12003	9786	9786	7530093	7530093	0	2167045
FOLD	12004	9787	9787	7530864	7530864	0	2167513
FOLD	12005	9788	9788	7531632	7531632	0	2167570
FOLD	12006	9789	9789	7532400	7532400	0	2168102
FOLD	12007	9790	9790	7533171	7533171	0	2168612
FOLD	12010	9791	9791	7533942	7533942	0	2169115
FOLD	12011	9792	9792	7534713	7534713	0	2169579
FOLD	12014	9793	9793	7535484	7535484	0	2170110
FOLD	12015	9794	9794	7536255	7536255	0	2170551
FOLD	12016	9795	9795	7537023	7537023	0	2170620
FOLD	12017	9796	9796	7537794	7537794	0	2170670
FOLD	12018	9797	9797	7538562	7538562	0	2171104
FOLD	12019	9798	9798	7539333	7539333	0	2171550
FOLD	12028	9799	9799	7540101	7540101	0	2173964
FOLD	12029	9800	9800	7540872	7540872	0	2174046
FOLD	12030	9801	9801	7541640	7541640	0	2174471
FOLD	12031	9802	9802	7542411	7542411	0	2174924
FOLD	12032	9803	9803	7543179	7543179	0	2175005
FOLD	12035	9804	9804	7543947	7543947	0	2175976
FOLD	12042	9805	9805	7544718	7544718	0	2177682
FOLD	12043	9806	9806	7545489	7545489	0	2178118
FOLD	12044	9807	9807	7546257	7546257	0	2178219
FOLD	12045	9808	9808	7547028	7547028	0	2178362
FOLD	12046	9809	9809	7547796	7547796	0	2178861
FOLD	12047	9810	9810	7548567	7548567	0	2179440
FOLD	12056	9811	9811	7549335	7549335	0	2181974
FOLD	12057	9812	9812	7550106	7550106	0	2182078
FOLD	12058	9813	9813	7550874	7550874	0	2182543
FOLD	12059	9814	9814	7551645	7551645	0	2182976
FOLD	12060	9815	9815	7552413	7552413	0	2183088
FOLD	12063	9816	9816	7553181	7553181	0	2184078
FOLD	12064	9817	9817	7553949	7553949	0	2184207
FOLD	12067	9818	9818	7554717	7554717	0	2185223
FOLD	12068	9819	9819	7555485	7555485	0	2185353
FOLD	12069	9820	9820	7556256	7556256	0	2185473
FOLD	12070	9821	9821	7557024	7557024	0	2185964
FOLD	12071	9822	9822	7557795	7557795	0	2186467
FOLD	12074	9823	9823	7558566	7558566	0	2187033
FOLD	12075	9824	9824	7559337	7559337	0	2187471
FOLD	12078	9825	9825	7560108	7560108	0	2188132
FOLD	12079	9826	9826	7560879	7560879	0	2188642
FOLD	12080	9827	9827	7561647	7561647	0	2188794
FOLD	12081	9828	9828	7562418	7562418	0	2188903
FOLD	12082	9829	9829	7563186	7563186	0	2189330
FOLD	12083	9830	9830	7563957	7563957	0	2189784
FOLD	12092	9831	9831	7564725	7564725	0	2192092
FOLD	12093	9832	9832	7565496	7565496	0	2192315
FOLD	12094	9833	9833	7566264	7566264	0	2192854
FOLD	12095	9834	9834	7567035	7567035	0	2193318
FOLD	12096	9835	9835	7567803	7567803	0	2193510
FOLD	12099	9836	9836	7568571	7568571	0	2194518
FOLD	12106	9837	9837	7569342	7569342	0	2196451
FOLD	12107	9838	9838	7570113	7570113	0	2196891
FOLD	12108	9839	9839	7570881	7570881	0	2197101
FOLD	12109	9840	9840	7571652	7571652	0	2197492
FOLD	12110	9841	9841	7572420	7572420	0	2198009
FOLD	12111	9842	9842	7573191	7573191	0	2198457
FOLD	12120	9843	9843	7573959	7573959	0	2201705
FOLD	12121	9844	9844	7574730	7574730	0	2201918
FOLD	12122	9845	9845	7575498	7575498	0	2202406
FOLD	12123	9846	9846	7576269	7576269	0	2202862
FOLD	12124	9847	9847	7577037	7577037	0	2203189
FOLD	12127	9848	9848	7577805	7577805	0	2204283
FOLD	12128	9849	9849	7578573	7578573	0	2204529
FOLD	12131	9850	9850	7579341	7579341	0	2205574
FOLD	12134	9851	9851	7580112	7580112	0	2206252
FOLD	12135	9852	9852	7580883	7580883	0	2206746
FOLD	12138	9853	9853	7581654	7581654	0	2207785
FOLD	12139	9854	9854	7582425	7582425	0	2208235
FOLD	12140	9855	9855	7583193	7583193	0	2208529
FOLD	12141	9856	9856	7583964	7583964	0	2208767
FOLD	12142	9857	9857	7584732	7584732	0	2209313
FOLD	12143	9858	9858	7585503	7585503	0	2209735
FOLD	12152	9859	9859	7586271	7586271	0	2212586
FOLD	12153	9860	9860	7587042	7587042	0	2212893
FOLD	12154	9861	9861	7587810	7587810	0	2213346
FOLD	12155	9862	9862	7588581	7588581	0	2213827
FOLD	12156	9863	9863	7589349	7589349	0	2214204
FOLD	12159	9864	9864	7590117	7590117	0	2215250
FOLD	12166	9865	9865	7590888	7590888	0	2217465
FOLD	12167	9866	9866	7591659	7591659	0	2218027
FOLD	12168	9867	9867	7592427	7592427	0	2218413
FOLD	12169	9868	9868	7593198	7593198	0	2219093
FOLD	12170	9869	9869	7593966	7593966	0	2219629
FOLD	12171	9870	9870	7594737	7594737	0	2220155
FOLD	12180	9871	9871	7595505	7595505	0	2224481
FOLD	12181	9872	9872	7596276	7596276	0	2224940
FOLD	12182	9873	9873	7597044	7597044	0	2225481
FOLD	12183	9874	9874	7597815	7597815	0	2225965
FOLD	12184	9875	9875	7598583	7598583	0	2226384
FOLD	12187	9876	9876	7599351	7599351	0	2227574
FOLD	12188	9877	9877	7600119	7600119	0	2228027
FOLD	12191	9878	9878	7600887	7600887	0	2230710
FOLD	12192	9879	9879	7601655	7601655	0	2231221
FOLD	12193	9880	9880	7602426	7602426	0	2231719
FOLD	12194	9881	9881	7603194	7603194	0	2232145
FOLD	12195	9882	9882	7603965	7603965	0	2232643
FOLD	12196	9883	9883	7604733	7604733	0	2233134
FOLD	12197	9884	9884	7605504	7605504	0	2233555
FOLD	12198	9885	9885	7606272	7606272	0	2234079
FOLD	12199	9886	9886	7607043	7607043	0	2234605
FOLD	12200	9887	9887	7607811	7607811	0	2235020
FOLD	12201	9888	9888	7608582	7608582	0	2235519
FOLD	12202	9889	9889	7609350	7609350	0	2236072
FOLD	12203	9890	9890	7610121	7610121	0	2236691
FOLD	12204	9891	9891	7610889	7610889	0	2237093
FOLD	12205	9892	9892	7611660	7611660	0	2237550
FOLD	12206	9893	9893	7612428	7612428	0	2237964
FOLD	12207	9894	9894	7613199	7613199	0	2238440
FOLD	12208	9895	9895	7613967	7613967	0	2238923
FOLD	12209	9896	9896	7614738	7614738	0	2239401
FOLD	12210	9897	9897	7615506	7615506	0	2239927
FOLD	12211	9898	9898	7616277	7616277	0	2240346
FOLD	12212	9899	9899	7617045	7617045	0	2240817
FOLD	12213	9900	9900	7617816	7617816	0	2241235
FOLD	12214	9901	9901	7618584	7618584	0	2241694
FOLD	12215	9902	9902	7619355	7619355	0	2242159
FOLD	12216	9903	9903	7620123	7620123	0	2242635
FOLD	12217	9904	9904	7620894	7620894	0	2243128
FOLD	12218	9905	9905	7621662	7621662	0	2244362
FOLD	12219	9906	9906	7622433	7622433	0	2244796
FOLD	12220	9907	9907	7623201	7623201	0	2245219
FOLD	12221	9908	9908	7623972	7623972	0	2245642
FOLD	12222	9909	9909	7624740	7624740	0	2246075
FOLD	12223	9910	9910	7625511	7625511	0	2246492
FOLD	12224	9911	9911	7626279	7626279	0	2246969
FOLD	12225	9912	9912	7627050	7627050	0	2247463
FOLD	12226	9913	9913	7627818	7627818	0	2247912
FOLD	12227	9914	9914	7628589	7628589	0	2248413
FOLD	12228	9915	9915	7629357	7629357	0	2248820
FOLD	12229	9916	9916	7630128	7630128	0	2249220
FOLD	12230	9917	9917	7630896	7630896	0	2249685
FOLD	12231	9918	9918	7631667	7631667	0	2250085
FOLD	12232	9919	9919	7632435	7632435	0	2250553
FOLD	12233	9920	9920	7633206	7633206	0	2251005
FOLD	12234	9921	9921	7633974	7633974	0	2251506
FOLD	12235	9922	9922	7634745	7634745	0	2251960
FOLD	12238	9923	9923	7635516	7635516	0	2252972
FOLD	12239	9924	9924	7636284	7636284	0	2253039
FOLD	12240	9925	9925	7637052	7637052	0	2253524
FOLD	12241	9926	9926	7637823	7637823	0	2254047
FOLD	12242	9927	9927	7638591	7638591	0	2254109
FOLD	12243	9928	9928	7639359	7639359	0	2254599
FOLD	12244	9929	9929	7640130	7640130	0	2255099
FOLD	12245	9930	9930	7640898	7640898	0	2255193
FOLD	12248	9931	9931	7641666	7641666	0	2256153
FOLD	12251	9932	9932	7642437	7642437	0	2256700
FOLD	12252	9933	9933	7643208	7643208	0	2257269
FOLD	12255	9934	9934	7643979	7643979	0	2257834
FOLD	12256	9935	9935	7644750	7644750	0	2258307
FOLD	12257	9936	9936	7645518	7645518	0	2258381
FOLD	12258	9937	9937	7646289	7646289	0	2258441
FOLD	12259	9938	9938	7647057	7647057	0	2258911
FOLD	12260	9939	9939	7647828	7647828	0	2259407
FOLD	12269	9940	9940	7648596	7648596	0	2261525
FOLD	12270	9941	9941	7649367	7649367	0	2261595
FOLD	12271	9942	9942	7650135	7650135	0	2262011
FOLD	12272	9943	9943	7650906	7650906	0	2262495
FOLD	12273	9944	9944	7651674	7651674	0	2262587
FOLD	12276	9945	9945	7652442	7652442	0	2263586
FOLD	12283	9946	9946	7653213	7653213	0	2265385
FOLD	12284	9947	9947	7653984	7653984	0	2265848
FOLD	12285	9948	9948	7654752	7654752	0	2265954
FOLD	12286	9949	9949	7655523	7655523	0	2266124
FOLD	12287	9950	9950	7656291	7656291	0	2266614
FOLD	12288	9951	9951	7657062	7657062	0	2267126
FOLD	12297	9952	9952	7657830	7657830	0	2270177
FOLD	12298	9953	9953	7658601	7658601	0	2270277
FOLD	12299	9954	9954	7659369	7659369	0	2270707
FOLD	12300	9955	9955	7660140	7660140	0	2271197
FOLD	12301	9956	9956	7660908	7660908	0	2271326
FOLD	12304	9957	9957	7661676	7661676	0	2272347
FOLD	12305	9958	9958	7662444	7662444	0	2272487
FOLD	12308	9959	9959	7663212	7663212	0	2273565
FOLD	12309	9960	9960	7663980	7663980	0	2273685
FOLD	12310	9961	9961	7664751	7664751	0	2273802
FOLD	12311	9962	9962	7665519	7665519	0	2274322
FOLD	12312	9963	9963	7666290	7666290	0	2274856
FOLD	12315	9964	9964	7667061	7667061	0	2275555
FOLD	12316	9965	9965	7667832	7667832	0	2276152
FOLD	12319	9966	9966	7668603	7668603	0	2276847
FOLD	12320	9967	9967	7669374	7669374	0	2277287
FOLD	12321	9968	9968	7670142	7670142	0	2277443
FOLD	12322	9969	9969	7670913	7670913	0	2277556
FOLD	12323	9970	9970	7671681	7671681	0	2278006
FOLD	12324	9971	9971	7672452	7672452	0	2278555
FOLD	12333	9972	9972	7673220	7673220	0	2280997
FOLD	12334	9973	9973	7673991	7673991	0	2281180
FOLD	12335	9974	9974	7674759	7674759	0	2281636
FOLD	12336	9975	9975	7675530	7675530	0	2282071
FOLD	12337	9976	9976	7676298	7676298	0	2282254
FOLD	12340	9977	9977	7677066	7677066	0	2283317
FOLD	12347	9978	9978	7677837	7677837	0	2285209
FOLD	12348	9979	9979	7678608	7678608	0	2285771
FOLD	12349	9980	9980	7679376	7679376	0	2285995
FOLD	12350	9981	9981	7680147	7680147	0	2286382
FOLD	12351	9982	9982	7680915	7680915	0	2286884
FOLD	12352	9983	9983	7681686	7681686	0	2287323
FOLD	12361	9984	9984	7682454	7682454	0	2290712
FOLD	12362	9985	9985	7683225	7683225	0	2290964
FOLD	12363	9986	9986	7683993	7683993	0	2291431
FOLD	12364	9987	9987	7684764	7684764	0	2291900
FOLD	12365	9988	9988	7685532	7685532	0	2292187
FOLD	12368	9989	9989	7686300	7686300	0	2293247
FOLD	12369	9990	9990	7687068	7687068	0	2293498
FOLD	12372	9991	9991	7687836	7687836	0	2294593
FOLD	12375	9992	9992	7688607	7688607	0	2295307
FOLD	12376	9993	9993	7689378	7689378	0	2295781
FOLD	12379	9994	9994	7690149	7690149	0	2296694
FOLD	12380	9995	9995	7690920	7690920	0	2297126
FOLD	12381	9996	9996	7691688	7691688	0	2297427
FOLD	12382	9997	9997	7692459	7692459	0	2297713
FOLD	12383	9998	9998	7693227	7693227	0	2298163
FOLD	12384	9999	9999	7693998	7693998	0	2298597
FOLD	12393	10000	10000	7694766	7694766	0	2301479
FOLD	12394	10001	10001	7695537	7695537	0	2301822
FOLD	12395	10002	10002	7696305	7696305	0	2302312
FOLD	12396	10003	10003	7697076	7697076	0	2302769
FOLD	12397	10004	10004	7697844	7697844	0	2303112
FOLD	12400	10005	10005	7698612	7698612	0	2304288
FOLD	12407	10006	10006	7699383	7699383	0	2306560
FOLD	12408	10007	10007	7700154	7700154	0	2307086
FOLD	12409	10008	10008	7700922	7700922	0	2307514
FOLD	12410	10009	10009	7701693	7701693	0	2308209
FOLD	12411	10010	10010	7702461	7702461	0	2308652
FOLD	12412	10011	10011	7703232	7703232	0	2309147
FOLD	12421	10012	10012	7704000	7704000	0	2313287
FOLD	12422	10013	10013	7704771	7704771	0	2313686
FOLD	12423	10014	10014	7705539	7705539	0	2314191
FOLD	12424	10015	10015	7706310	7706310	0	2314681
FOLD	12425	10016	10016	7707078	7707078	0	2315180
FOLD	12428	10017	10017	7707846	7707846	0	2316382
FOLD	12429	10018	10018	7708614	7708614	0	2316882
FOLD	12432	10019	10019	7709382	7709382	0	2319240
FOLD	12433	10020	10020	7710150	7710150	0	2319723
FOLD	12434	10021	10021	7710921	7710921	0	2320223
FOLD	12435	10022	10022	7711689	7711689	0	2320662
FOLD	12436	10023	10023	7712460	7712460	0	2321123
FOLD	12437	10024	10024	7713228	7713228	0	2321577
FOLD	12438	10025	10025	7713999	7713999	0	2322035
FOLD	12439	10026	10026	7714767	7714767	0	2322492
FOLD	12440	10027	10027	7715538	7715538	0	2322931
FOLD	12441	10028	10028	7716306	7716306	0	2323357
FOLD	12442	10029	10029	7717077	7717077	0	2323890
FOLD	12443	10030	10030	7717845	7717845	0	2324312
FOLD	12444	10031	10031	7718616	7718616	0	2324715
FOLD	12445	10032	10032	7719384	7719384	0	2325143
FOLD	12446	10033	10033	7720155	7720155	0	2325651
FOLD	12447	10034	10034	7720923	7720923	0	2326080
FOLD	12448	10035	10035	7721694	7721694	0	2326565
FOLD	12449	10036	10036	7722462	7722462	0	2327047
FOLD	12450	10037	10037	7723233	7723233	0	2327479
FOLD	12451	10038	10038	7724001	7724001	0	2328653
FOLD	12452	10039	10039	7724772	7724772	0	2329082
FOLD	12453	10040	10040	7725540	7725540	0	2329544
FOLD	12454	10041	10041	7726311	7726311	0	2329987
FOLD	12455	10042	10042	7727079	7727079	0	2330403
FOLD	12456	10043	10043	7727850	7727850	0	2330804
FOLD	12457	10044	10044	7728618	7728618	0	2331253
FOLD	12458	10045	10045	7729389	7729389	0	2331746
FOLD	12459	10046	10046	7730157	7730157	0	2332171
FOLD	12460	10047	10047	7730928	7730928	0	2332586
FOLD	12461	10048	10048	7731696	7731696	0	2333002
FOLD	12462	10049	10049	7732467	7732467	0	2333490
FOLD	12463	10050	10050	7733235	7733235	0	2333911
FOLD	12464	10051	10051	7734006	7734006	0	2334327
FOLD	12465	10052	10052	7734774	7734774	0	2334739
FOLD	12466	10053	10053	7735545	7735545	0	2335255
FOLD	12467	10054	10054	7736313	7736313	0	2335694
FOLD	12468	10055	10055	7737084	7737084	0	2336213
FOLD	12469	10056	10056	7737852	7737852	0	2336631
FOLD	12470	10057	10057	7738623	7738623	0	2337082
FOLD	12471	10058	10058	7739391	7739391	0	2337505
FOLD	12472	10059	10059	7740162	7740162	0	2337920
FOLD	12475	10060	10060	7740933	7740933	0	2338778
FOLD	12478	10061	10061	7741704	7741704	0	2339761
FOLD	12479	10062	10062	7742472	7742472	0	2339827
FOLD	12480	10063	10063	7743240	7743240	0	2340285
FOLD	12481	10064	10064	7744011	7744011	0	2340786
FOLD	12482	10065	10065	7744779	7744779	0	2340850
FOLD	12485	10066	10066	7745547	7745547	0	2341929
FOLD	12486	10067	10067	7746315	7746315	0	2341988
FOLD	12489	10068	10068	7747083	7747083	0	2342968
FOLD	12492	10069	10069	7747854	7747854	0	2343548
FOLD	12493	10070	10070	7748625	7748625	0	2344042
FOLD	12496	10071	10071	7749396	7749396	0	2344657
FOLD	12497	10072	10072	7750167	7750167	0	2345188
FOLD	12498	10073	10073	7750935	7750935	0	2345267
FOLD	12499	10074	10074	7751706	7751706	0	2345342
FOLD	12500	10075	10075	7752474	7752474	0	2345873
FOLD	12501	10076	10076	7753245	7753245	0	2346352
FOLD	12510	10077	10077	7754013	7754013	0	2348418
FOLD	12511	10078	10078	7754784	7754784	0	2348499
FOLD	12512	10079	10079	7755552	7755552	0	2348998
FOLD	12513	10080	10080	7756323	7756323	0	2349479
FOLD	12514	10081	10081	7757091	7757091	0	2349572
FOLD	12517	10082	10082	7757859	7757859	0	2350611
FOLD	12524	10083	10083	7758630	7758630	0	2352400
FOLD	12525	10084	10084	7759401	7759401	0	2352880
FOLD	12526	10085	10085	7760169	7760169	0	2352999
FOLD	12527	10086	10086	7760940	7760940	0	2353189
FOLD	12528	10087	10087	7761708	7761708	0	2353696
FOLD	12529	10088	10088	7762479	7762479	0	2354183
FOLD	12538	10089	10089	7763247	7763247	0	2357072
FOLD	12539	10090	10090	7764018	7764018	0	2357180
FOLD	12540	10091	10091	7764786	7764786	0	2357620
FOLD	12541	10092	10092	7765557	7765557	0	2358091
FOLD	12542	10093	10093	7766325	7766325	0	2358214
FOLD	12545	10094	10094	7767093	7767093	0	2359319
FOLD	12546	10095	10095	7767861	7767861	0	2359454
FOLD	12549	10096	10096	7768629	7768629	0	2360509
FOLD	12550	10097	10097	7769397	7769397	0	2360656
FOLD	12551	10098	10098	7770168	7770168	0	2360786
FOLD	12552	10099	10099	7770936	7770936	0	2361287
FOLD	12553	10100	10100	7771707	7771707	0	2361730
FOLD	12556	10101	10101	7772478	7772478	0	2362351
FOLD	12557	10102	10102	7773249	7773249	0	2362789
FOLD	12560	10103	10103	7774020	7774020	0	2363490
FOLD	12561	10104	10104	7774791	7774791	0	2364020
FOLD	12562	10105	10105	7775559	7775559	0	2364191
FOLD	12563	10106	10106	7776330	7776330	0	2364315
FOLD	12564	10107	10107	7777098	7777098	0	2364817
FOLD	12565	10108	10108	7777869	7777869	0	2365283
FOLD	12574	10109	10109	7778637	7778637	0	2367836
FOLD	12575	10110	10110	7779408	7779408	0	2368029
FOLD	12576	10111	10111	7780176	7780176	0	2368479
FOLD	12577	10112	10112	7780947	7780947	0	2368968
FOLD	12578	10113	10113	7781715	7781715	0	2369163
FOLD	12581	10114	10114	7782483	7782483	0	2370202
FOLD	12588	10115	10115	7783254	7783254	0	2372200
FOLD	12589	10116	10116	7784025	7784025	0	2372659
FOLD	12590	10117	10117	7784793	7784793	0	2372886
FOLD	12591	10118	10118	7785564	7785564	0	2373252
FOLD	12592	10119	10119	7786332	7786332	0	2373772
FOLD	12593	10120	10120	7787103	7787103	0	2374259
FOLD	12602	10121	10121	7787871	7787871	0	2377683
FOLD	12603	10122	10122	7788642	7788642	0	2377913
FOLD	12604	10123	10123	7789410	7789410	0	2378366
FOLD	12605	10124	10124	7790181	7790181	0	2378917
FOLD	12606	10125	10125	7790949	7790949	0	2379226
FOLD	12609	10126	10126	7791717	7791717	0	2380393
FOLD	12610	10127	10127	7792485	7792485	0	2380658
FOLD	12613	10128	10128	7793253	7793253	0	2381733
FOLD	12616	10129	10129	7794024	7794024	0	2382462
FOLD	12617	10130	10130	7794795	7794795	0	2382952
FOLD	12620	10131	10131	7795566	7795566	0	2383941
FOLD	12621	10132	10132	7796337	7796337	0	2384397
FOLD	12622	10133	10133	7797105	7797105	0	2384761
FOLD	12623	10134	10134	7797876	7797876	0	2385054
FOLD	12624	10135	10135	7798644	7798644	0	2385539
FOLD	12625	10136	10136	7799415	7799415	0	2385995
FOLD	12634	10137	10137	7800183	7800183	0	2388899
FOLD	12635	10138	10138	7800954	7800954	0	2389261
FOLD	12636	10139	10139	7801722	7801722	0	2389733
FOLD	12637	10140	10140	7802493	7802493	0	2390187
FOLD	12638	10141	10141	7803261	7803261	0	2390596
FOLD	12641	10142	10142	7804029	7804029	0	2391932
FOLD	12648	10143	10143	7804800	7804800	0	2394264
FOLD	12649	10144	10144	7805571	7805571	0	2394722
FOLD	12650	10145	10145	7806339	7806339	0	2395128
FOLD	12651	10146	10146	7807110	7807110	0	2395847
FOLD	12652	10147	10147	7807878	7807878	0	2396300
FOLD	12653	10148	10148	7808649	7808649	0	2396741
FOLD	12662	10149	10149	7809417	7809417	0	2400941
FOLD	12663	10150	10150	7810188	7810188	0	2401346
FOLD	12664	10151	10151	7810956	7810956	0	2401862
FOLD	12665	10152	10152	7811727	7811727	0	2402340
FOLD	12666	10153	10153	7812495	7812495	0	2402815
FOLD	12669	10154	10154	7813263	7813263	0	2404082
FOLD	12670	10155	10155	7814031	7814031	0	2404533
FOLD	12673	10156	10156	7814799	7814799	0	2406997
FOLD	12674	10157	10157	7815567	7815567	0	2407530
FOLD	12675	10158	10158	7816338	7816338	0	2408060
FOLD	12676	10159	10159	7817106	7817106	0	2408593
FOLD	12677	10160	10160	7817877	7817877	0	2409053
FOLD	12678	10161	10161	7818645	7818645	0	2409546
FOLD	12679	10162	10162	7819416	7819416	0	2409968
FOLD	12680	10163	10163	7820184	7820184	0	2410401
FOLD	12681	10164	10164	7820955	7820955	0	2410852
FOLD	12682	10165	10165	7821723	7821723	0	2411373
FOLD	12683	10166	10166	7822494	7822494	0	2411886
FOLD	12684	10167	10167	7823262	7823262	0	2413131
FOLD	12685	10168	10168	7824033	7824033	0	2413568
FOLD	12686	10169	10169	7824801	7824801	0	2413983
FOLD	12687	10170	10170	7825572	7825572	0	2414403
FOLD	12688	10171	10171	7826340	7826340	0	2414872
FOLD	12689	10172	10172	7827111	7827111	0	2415291
FOLD	12690	10173	10173	7827879	7827879	0	2415761
FOLD	12691	10174	10174	7828650	7828650	0	2416334
FOLD	12692	10175	10175	7829418	7829418	0	2416831
FOLD	12693	10176	10176	7830189	7830189	0	2417300
FOLD	12694	10177	10177	7830957	7830957	0	2417726
FOLD	12695	10178	10178	7831728	7831728	0	2418165
FOLD	12696	10179	10179	7832496	7832496	0	2418699
FOLD	12697	10180	10180	7833267	7833267	0	2419212
FOLD	12698	10181	10181	7834035	7834035	0	2419658
FOLD	12699	10182	10182	7834806	7834806	0	2420085
FOLD	12700	10183	10183	7835574	7835574	0	2420578
FOLD	12701	10184	10184	7836345	7836345	0	2421004
FOLD	12702	10185	10185	7837113	7837113	0	2421431
FOLD	12703	10186	10186	7837884	7837884	0	2421855
FOLD	12704	10187	10187	7838652	7838652	0	2422319
FOLD	12705	10188	10188	7839423	7839423	0	2422830
FOLD	12706	10189	10189	7840191	7840191	0	2423259
FOLD	12707	10190	10190	7840962	7840962	0	2423707
FOLD	12708	10191	10191	7841730	7841730	0	2424298
FOLD	12709	10192	10192	7842501	7842501	0	2424741
FOLD	12710	10193	10193	7843269	7843269	0	2424807
FOLD	12711	10194	10194	7844037	7844037	0	2425250
FOLD	12712	10195	10195	7844808	7844808	0	2425683
FOLD	12715	10196	10196	7845579	7845579	0	2426578
FOLD	12718	10197	10197	7846350	7846350	0	2427572
FOLD	12719	10198	10198	7847118	7847118	0	2427636
FOLD	12720	10199	10199	7847889	7847889	0	2427751
FOLD	12721	10200	10200	7848657	7848657	0	2428242
FOLD	12722	10201	10201	7849428	7849428	0	2428723
FOLD	12723	10202	10202	7850196	7850196	0	2428806
FOLD	12726	10203	10203	7850964	7850964	0	2430126
FOLD	12727	10204	10204	7851732	7851732	0	2430209
FOLD	12730	10205	10205	7852500	7852500	0	2431152
FOLD	12733	10206	10206	7853271	7853271	0	2431758
FOLD	12734	10207	10207	7854042	7854042	0	2432270
FOLD	12737	10208	10208	7854813	7854813	0	2432947
FOLD	12738	10209	10209	7855584	7855584	0	2433454
FOLD	12739	10210	10210	7856352	7856352	0	2433565
FOLD	12740	10211	10211	7857123	7857123	0	2433652
FOLD	12741	10212	10212	7857891	7857891	0	2434097
FOLD	12742	10213	10213	7858662	7858662	0	2434555
FOLD	12751	10214	10214	7859430	7859430	0	2436934
FOLD	12752	10215	10215	7860201	7860201	0	2437040
FOLD	12753	10216	10216	7860969	7860969	0	2437547
FOLD	12754	10217	10217	7861740	7861740	0	2438119
FOLD	12755	10218	10218	7862508	7862508	0	2438236
FOLD	12758	10219	10219	7863276	7863276	0	2439259
FOLD	12765	10220	10220	7864047	7864047	0	2441005
FOLD	12766	10221	10221	7864818	7864818	0	2441563
FOLD	12767	10222	10222	7865586	7865586	0	2441685
FOLD	12768	10223	10223	7866357	7866357	0	2441883
FOLD	12769	10224	10224	7867125	7867125	0	2442428
FOLD	12770	10225	10225	7867896	7867896	0	2442908
FOLD	12779	10226	10226	7868664	7868664	0	2445832
FOLD	12780	10227	10227	7869435	7869435	0	2445957
FOLD	12781	10228	10228	7870203	7870203	0	2446427
FOLD	12782	10229	10229	7870974	7870974	0	2446965
FOLD	12783	10230	10230	7871742	7871742	0	2447111
FOLD	12786	10231	10231	7872510	7872510	0	2448176
FOLD	12787	10232	10232	7873278	7873278	0	2448321
FOLD	12790	10233	10233	7874046	7874046	0	2449551
FOLD	12791	10234	10234	7874814	7874814	0	2449695
FOLD	12792	10235	10235	7875585	7875585	0	2449833
FOLD	12793	10236	10236	7876353	7876353	0	2450423
FOLD	12794	10237	10237	7877124	7877124	0	2450916
FOLD	12797	10238	10238	7877895	7877895	0	2451627
FOLD	12798	10239	10239	7878666	7878666	0	2452153
FOLD	12801	10240	10240	7879437	7879437	0	2452937
FOLD	12802	10241	10241	7880208	7880208	0	2453414
FOLD	12803	10242	10242	7880976	7880976	0	2453602
FOLD	12804	10243	10243	7881747	7881747	0	2453745
FOLD	12805	10244	10244	7882515	7882515	0	2454240
FOLD	12806	10245	10245	7883286	7883286	0	2454744
FOLD	12815	10246	10246	7884054	7884054	0	2457345
FOLD	12816	10247	10247	7884825	7884825	0	2457532
FOLD	12817	10248	10248	7885593	7885593	0	2458049
FOLD	12818	10249	10249	7886364	7886364	0	2458527
FOLD	12819	10250	10250	7887132	7887132	0	2458740
FOLD	12822	10251	10251	7887900	7887900	0	2459928
FOLD	12829	10252	10252	7888671	7888671	0	2461952
FOLD	12830	10253	10253	7889442	7889442	0	2462476
FOLD	12831	10254	10254	7890210	7890210	0	2462730
FOLD	12832	10255	10255	7890981	7890981	0	2463195
FOLD	12833	10256	10256	7891749	7891749	0	2463741
FOLD	12834	10257	10257	7892520	7892520	0	2464239
FOLD	12843	10258	10258	7893288	7893288	0	2467970
FOLD	12844	10259	10259	7894059	7894059	0	2468248
FOLD	12845	10260	10260	7894827	7894827	0	2468725
FOLD	12846	10261	10261	7895598	7895598	0	2469236
FOLD	12847	10262	10262	7896366	7896366	0	2469548
FOLD	12850	10263	10263	7897134	7897134	0	2470671
FOLD	12851	10264	10264	7897902	7897902	0	2470954
FOLD	12854	10265	10265	7898670	7898670	0	2472184
FOLD	12857	10266	10266	7899441	7899441	0	2472995
FOLD	12858	10267	10267	7900212	7900212	0	2473479
FOLD	12861	10268	10268	7900983	7900983	0	2474464
FOLD	12862	10269	10269	7901754	7901754	0	2474992
FOLD	12863	10270	10270	7902522	7902522	0	2475395
FOLD	12864	10271	10271	7903293	7903293	0	2475747
FOLD	12865	10272	10272	7904061	7904061	0	2476233
FOLD	12866	10273	10273	7904832	7904832	0	2476750
FOLD	12875	10274	10274	7905600	7905600	0	2479842
FOLD	12876	10275	10275	7906371	7906371	0	2480212
FOLD	12877	10276	10276	7907139	7907139	0	2480754
FOLD	12878	10277	10277	7907910	7907910	0	2481357
FOLD	12879	10278	10278	7908678	7908678	0	2481809
FOLD	12882	10279	10279	7909446	7909446	0	2483052
FOLD	12889	10280	10280	7910217	7910217	0	2485488
FOLD	12890	10281	10281	7910988	7910988	0	2485975
FOLD	12891	10282	10282	7911756	7911756	0	2486411
FOLD	12892	10283	10283	7912527	7912527	0	2487191
FOLD	12893	10284	10284	7913295	7913295	0	2487711
FOLD	12894	10285	10285	7914066	7914066	0	2488239
FOLD	12903	10286	10286	7914834	7914834	0	2492744
FOLD	12904	10287	10287	7915605	7915605	0	2493183
FOLD	12905	10288	10288	7916373	7916373	0	2493674
FOLD	12906	10289	10289	7917144	7917144	0	2494158
FOLD	12907	10290	10290	7917912	7917912	0	2494669
FOLD	12910	10291	10291	7918680	7918680	0	2496021
FOLD	12911	10292	10292	7919448	7919448	0	2496518
FOLD	12914	10293	10293	7920216	7920216	0	2498866
FOLD	12915	10294	10294	7920984	7920984	0	2499337
FOLD	12916	10295	10295	7921755	7921755	0	2499935
FOLD	12917	10296	10296	7922523	7922523	0	2500464
FOLD	12918	10297	10297	7923294	7923294	0	2500917
FOLD	12919	10298	10298	7924062	7924062	0	2501380
FOLD	12920	10299	10299	7924833	7924833	0	2501832
FOLD	12921	10300	10300	7925601	7925601	0	2502355
FOLD	12922	10301	10301	7926372	7926372	0	2502816
FOLD	12923	10302	10302	7927140	7927140	0	2503268
FOLD	12924	10303	10303	7927911	7927911	0	2503766
FOLD	12925	10304	10304	7928679	7928679	0	2504310
FOLD	12926	10305	10305	7929450	7929450	0	2504883
FOLD	12927	10306	10306	7930218	7930218	0	2505401
FOLD	12928	10307	10307	7930989	7930989	0	2505886
FOLD	12929	10308	10308	7931757	7931757	0	2506357
FOLD	12930	10309	10309	7932528	7932528	0	2506824
FOLD	12931	10310	10310	7933296	7933296	0	2507262
FOLD	12932	10311	10311	7934067	7934067	0	2507789
FOLD	12933	10312	10312	7934835	7934835	0	2508241
FOLD	12934	10313	10313	7935606	7935606	0	2508679
FOLD	12935	10314	10314	7936374	7936374	0	2509117
FOLD	12936	10315	10315	7937145	7937145	0	2509577
FOLD	12937	10316	10316	7937913	7937913	0	2510038
FOLD	12938	10317	10317	7938684	7938684	0	2510518
FOLD	12939	10318	10318	7939452	7939452	0	2510959
FOLD	12940	10319	10319	7940223	7940223	0	2511418
FOLD	12941	10320	10320	7940991	7940991	0	2511867
FOLD	12942	10321	10321	7941762	7941762	0	2512316
FOLD	12943	10322	10322	7942530	7942530	0	2512754
FOLD	12944	10323	10323	7943301	7943301	0	2513227
FOLD	12945	10324	10324	7944069	7944069	0	2513774
FOLD	12946	10325	10325	7944840	7944840	0	2514215
FOLD	12949	10326	10326	7945611	7945611	0	2515184
FOLD	12950	10327	10327	7946379	7946379	0	2515269
FOLD	12951	10328	10328	7947147	7947147	0	2515731
FOLD	12952	10329	10329	7947918	7947918	0	2516199
FOLD	12955	10330	10330	7948689	7948689	0	2517282
FOLD	12960	10331	10331	7949457	7949457	0	2518404
FOLD	12961	10332	10332	7950228	7950228	0	2518470
FOLD	12962	10333	10333	7950996	7950996	0	2518938
FOLD	12963	10334	10334	7951767	7951767	0	2519384
FOLD	12964	10335	10335	7952535	7952535	0	2519484
FOLD	12967	10336	10336	7953303	7953303	0	2520671
FOLD	12968	10337	10337	7954071	7954071	0	2520770
FOLD	12971	10338	10338	7954839	7954839	0	2521812
FOLD	12974	10339	10339	7955610	7955610	0	2522423
FOLD	12975	10340	10340	7956381	7956381	0	2522943
FOLD	12978	10341	10341	7957152	7957152	0	2523620
FOLD	12979	10342	10342	7957923	7957923	0	2524189
FOLD	12980	10343	10343	7958691	7958691	0	2524292
FOLD	12981	10344	10344	7959462	7959462	0	2524367
FOLD	12982	10345	10345	7960230	7960230	0	2524846
FOLD	12983	10346	10346	7961001	7961001	0	2525298
FOLD	12992	10347	10347	7961769	7961769	0	2527485
FOLD	12993	10348	10348	7962540	7962540	0	2527575
FOLD	12994	10349	10349	7963308	7963308	0	2528040
FOLD	12995	10350	10350	7964079	7964079	0	2528724
FOLD	12996	10351	10351	7964847	7964847	0	2528831
FOLD	12999	10352	10352	7965615	7965615	0	2529820
FOLD	13006	10353	10353	7966386	7966386	0	2531548
FOLD	13007	10354	10354	7967157	7967157	0	2532029
FOLD	13008	10355	10355	7967925	7967925	0	2532170
FOLD	13009	10356	10356	7968696	7968696	0	2532370
FOLD	13010	10357	10357	7969464	7969464	0	2532843
FOLD	13011	10358	10358	7970235	7970235	0	2533303
FOLD	13020	10359	10359	7971003	7971003	0	2536296
FOLD	13021	10360	10360	7971774	7971774	0	2536425
FOLD	13022	10361	10361	7972542	7972542	0	2536880
FOLD	13023	10362	10362	7973313	7973313	0	2537331
FOLD	13024	10363	10363	7974081	7974081	0	2537485
FOLD	13027	10364	10364	7974849	7974849	0	2538575
FOLD	13028	10365	10365	7975617	7975617	0	2538725
FOLD	13031	10366	10366	7976385	7976385	0	2539878
FOLD	13032	10367	10367	7977153	7977153	0	2540033
FOLD	13033	10368	10368	7977924	7977924	0	2540176
FOLD	13034	10369	10369	7978692	7978692	0	2540668
FOLD	13035	10370	10370	7979463	7979463	0	2541169
FOLD	13038	10371	10371	7980234	7980234	0	2541878
FOLD	13039	10372	10372	7981005	7981005	0	2542396
FOLD	13042	10373	10373	7981776	7981776	0	2543130
FOLD	13043	10374	10374	7982547	7982547	0	2543668
FOLD	13044	10375	10375	7983315	7983315	0	2543863
FOLD	13045	10376	10376	7984086	7984086	0	2544009
FOLD	13046	10377	10377	7984854	7984854	0	2544492
FOLD	13047	10378	10378	7985625	7985625	0	2544961
FOLD	13056	10379	10379	7986393	7986393	0	2547575
FOLD	13057	10380	10380	7987164	7987164	0	2547801
FOLD	13058	10381	10381	7987932	7987932	0	2548307
FOLD	13059	10382	10382	7988703	7988703	0	2548784
FOLD	13060	10383	10383	7989471	7989471	0	2549027
FOLD	13063	10384	10384	7990239	7990239	0	2550079
FOLD	13070	10385	10385	7991010	7991010	0	2552178
FOLD	13071	10386	10386	7991781	7991781	0	2552679
FOLD	13072	10387	10387	7992549	7992549	0	2552962
FOLD	13073	10388	10388	7993320	7993320	0	2553399
FOLD	13074	10389	10389	7994088	7994088	0	2554249
FOLD	13075	10390	10390	7994859	7994859	0	2554773
FOLD	13084	10391	10391	7995627	7995627	0	2558469
FOLD	13085	10392	10392	7996398	7996398	0	2558734
FOLD	13086	10393	10393	7997166	7997166	0	2559224
FOLD	13087	10394	10394	7997937	7997937	0	2559712
FOLD	13088	10395	10395	7998705	7998705	0	2560065
FOLD	13091	10396	10396	7999473	7999473	0	2561345
FOLD	13092	10397	10397	8000241	8000241	0	2561666
FOLD	13095	10398	10398	8001009	8001009	0	2562925
FOLD	13098	10399	10399	8001780	8001780	0	2563812
FOLD	13099	10400	10400	8002551	8002551	0	2564393
FOLD	13102	10401	10401	8003322	8003322	0	2565443
FOLD	13103	10402	10402	8004093	8004093	0	2565964
FOLD	13104	10403	10403	8004861	8004861	0	2566345
FOLD	13105	10404	10404	8005632	8005632	0	2566638
FOLD	13106	10405	10405	8006400	8006400	0	2567111
FOLD	13107	10406	10406	8007171	8007171	0	2567605
FOLD	13116	10407	10407	8007939	8007939	0	2570900
FOLD	13117	10408	10408	8008710	8008710	0	2571259
FOLD	13118	10409	10409	8009478	8009478	0	2571784
FOLD	13119	10410	10410	8010249	8010249	0	2572340
FOLD	13120	10411	10411	8011017	8011017	0	2572734
FOLD	13123	10412	10412	8011785	8011785	0	2573941
FOLD	13130	10413	10413	8012556	8012556	0	2576487
FOLD	13131	10414	10414	8013327	8013327	0	2577022
FOLD	13132	10415	10415	8014095	8014095	0	2577478
FOLD	13133	10416	10416	8014866	8014866	0	2578286
FOLD	13134	10417	10417	8015634	8015634	0	2578785
FOLD	13135	10418	10418	8016405	8016405	0	2579257
FOLD	13144	10419	10419	8017173	8017173	0	2583702
FOLD	13145	10420	10420	8017944	8017944	0	2584157
FOLD	13146	10421	10421	8018712	8018712	0	2584635
FOLD	13147	10422	10422	8019483	8019483	0	2585222
FOLD	13148	10423	10423	8020251	8020251	0	2585739
FOLD	13151	10424	10424	8021019	8021019	0	2587050
FOLD	13152	10425	10425	8021787	8021787	0	2587603
FOLD	13155	10426	10426	8022555	8022555	0	2590046
FOLD	13156	10427	10427	8023323	8023323	0	2590580
FOLD	13157	10428	10428	8024094	8024094	0	2591081
FOLD	13158	10429	10429	8024862	8024862	0	2591556
FOLD	13159	10430	10430	8025633	8025633	0	2592023
FOLD	13160	10431	10431	8026401	8026401	0	2592521
FOLD	13161	10432	10432	8027172	8027172	0	2593090
FOLD	13162	10433	10433	8027940	8027940	0	2593562
FOLD	13163	10434	10434	8028711	8028711	0	2594878
FOLD	13164	10435	10435	8029479	8029479	0	2595335
FOLD	13165	10436	10436	8030250	8030250	0	2595826
FOLD	13166	10437	10437	8031018	8031018	0	2596335
FOLD	13167	10438	10438	8031789	8031789	0	2596863
FOLD	13168	10439	10439	8032557	8032557	0	2597324
FOLD	13169	10440	10440	8033328	8033328	0	2597774
FOLD	13170	10441	10441	8034096	8034096	0	2598337
FOLD	13171	10442	10442	8034867	8034867	0	2598804
FOLD	13172	10443	10443	8035635	8035635	0	2599366
FOLD	13173	10444	10444	8036406	8036406	0	2599860
FOLD	13174	10445	10445	8037174	8037174	0	2600388
FOLD	13175	10446	10446	8037945	8037945	0	2600851
FOLD	13176	10447	10447	8038713	8038713	0	2601309
FOLD	13177	10448	10448	8039484	8039484	0	2601773
FOLD	13178	10449	10449	8040252	8040252	0	2602302
FOLD	13179	10450	10450	8041023	8041023	0	2602874
FOLD	13180	10451	10451	8041791	8041791	0	2603413
FOLD	13181	10452	10452	8042562	8042562	0	2603970
FOLD	13182	10453	10453	8043330	8043330	0	2604529
FOLD	13183	10454	10454	8044101	8044101	0	2605005
FOLD	13186	10455	10455	8044872	8044872	0	2606049
FOLD	13189	10456	10456	8045643	8045643	0	2607044
FOLD	13190	10457	10457	8046411	8046411	0	2607120
FOLD	13191	10458	10458	8047179	8047179	0	2607616
FOLD	13192	10459	10459	8047950	8047950	0	2608095
FOLD	13201	10460	10460	8048718	8048718	0	2610669
FOLD	13202	10461	10461	8049489	8049489	0	2610731
FOLD	13203	10462	10462	8050257	8050257	0	2611269
FOLD	13204	10463	10463	8051028	8051028	0	2611801
FOLD	13205	10464	10464	8051796	8051796	0	2611890
FOLD	13208	10465	10465	8052564	8052564	0	2613234
FOLD	13209	10466	10466	8053332	8053332	0	2613320
FOLD	13212	10467	10467	8054100	8054100	0	2614311
FOLD	13215	10468	10468	8054871	8054871	0	2615002
FOLD	13216	10469	10469	8055642	8055642	0	2615486
FOLD	13219	10470	10470	8056413	8056413	0	2616119
FOLD	13220	10471	10471	8057184	8057184	0	2616630
FOLD	13221	10472	10472	8057952	8057952	0	2616730
FOLD	13222	10473	10473	8058723	8058723	0	2616813
FOLD	13223	10474	10474	8059491	8059491	0	2617349
FOLD	13224	10475	10475	8060262	8060262	0	2617894
FOLD	13233	10476	10476	8061030	8061030	0	2620333
FOLD	13234	10477	10477	8061801	8061801	0	2620435
FOLD	13235	10478	10478	8062569	8062569	0	2620979
FOLD	13236	10479	10479	8063340	8063340	0	2621472
FOLD	13237	10480	10480	8064108	8064108	0	2621588
FOLD	13240	10481	10481	8064876	8064876	0	2622715
FOLD	13247	10482	10482	8065647	8065647	0	2624678
FOLD	13248	10483	10483	8066418	8066418	0	2625166
FOLD	13249	10484	10484	8067186	8067186	0	2625318
FOLD	13250	10485	10485	8067957	8067957	0	2625560
FOLD	13251	10486	10486	8068725	8068725	0	2626045
FOLD	13252	10487	10487	8069496	8069496	0	2626529
FOLD	13261	10488	10488	8070264	8070264	0	2629747
FOLD	13262	10489	10489	8071035	8071035	0	2629887
FOLD	13263	10490	10490	8071803	8071803	0	2630372
FOLD	13264	10491	10491	8072574	8072574	0	2631067
FOLD	13265	10492	10492	8073342	8073342	0	2631240
FOLD	13268	10493	10493	8074110	8074110	0	2632344
FOLD	13269	10494	10494	8074878	8074878	0	2632509
FOLD	13272	10495	10495	8075646	8075646	0	2633722
FOLD	13273	10496	10496	8076414	8076414	0	2633886
FOLD	13274	10497	10497	8077185	8077185	0	2634057
FOLD	13275	10498	10498	8077953	8077953	0	2634548
FOLD	13276	10499	10499	8078724	8078724	0	2635100
FOLD	13279	10500	10500	8079495	8079495	0	2635821
FOLD	13280	10501	10501	8080266	8080266	0	2636345
FOLD	13283	10502	10502	8081037	8081037	0	2637155
FOLD	13284	10503	10503	8081808	8081808	0	2637645
FOLD	13285	10504	10504	8082576	8082576	0	2637843
FOLD	13286	10505	10505	8083347	8083347	0	2638000
FOLD	13287	10506	10506	8084115	8084115	0	2638508
FOLD	13288	10507	10507	8084886	8084886	0	2639045
FOLD	13297	10508	10508	8085654	8085654	0	2641968
FOLD	13298	10509	10509	8086425	8086425	0	2642222
FOLD	13299	10510	10510	8087193	8087193	0	2642789
FOLD	13300	10511	10511	8087964	8087964	0	2643283
FOLD	13301	10512	10512	8088732	8088732	0	2643539
FOLD	13304	10513	10513	8089500	8089500	0	2644775
FOLD	13311	10514	10514	8090271	8090271	0	2646933
FOLD	13312	10515	10515	8091042	8091042	0	2647430
FOLD	13313	10516	10516	8091810	8091810	0	2647759
FOLD	13314	10517	10517	8092581	8092581	0	2648294
FOLD	13315	10518	10518	8093349	8093349	0	2648784
FOLD	13316	10519	10519	8094120	8094120	0	2649298
FOLD	13325	10520	10520	8094888	8094888	0	2653046
FOLD	13326	10521	10521	8095659	8095659	0	2653328
FOLD	13327	10522	10522	8096427	8096427	0	2653887
FOLD	13328	10523	10523	8097198	8097198	0	2654438
FOLD	13329	10524	10524	8097966	8097966	0	2654750
FOLD	13332	10525	10525	8098734	8098734	0	2655969
FOLD	13333	10526	10526	8099502	8099502	0	2656292
FOLD	13336	10527	10527	8100270	8100270	0	2657905
FOLD	13339	10528	10528	8101041	8101041	0	2658799
FOLD	13340	10529	10529	8101812	8101812	0	2659303
FOLD	13343	10530	10530	8102583	8102583	0	2660392
FOLD	13344	10531	10531	8103354	8103354	0	2660903
FOLD	13345	10532	10532	8104122	8104122	0	2661275
FOLD	13346	10533	10533	8104893	8104893	0	2661589
FOLD	13347	10534	10534	8105661	8105661	0	2662146
FOLD	13348	10535	10535	8106432	8106432	0	2662652
FOLD	13357	10536	10536	8107200	8107200	0	2665961
FOLD	13358	10537	10537	8107971	8107971	0	2666330
FOLD	13359	10538	10538	8108739	8108739	0	2666835
FOLD	13360	10539	10539	8109510	8109510	0	2667322
FOLD	13361	10540	10540	8110278	8110278	0	2667779
FOLD	13364	10541	10541	8111046	8111046	0	2669038
FOLD	13371	10542	10542	8111817	8111817	0	2671640
FOLD	13372	10543	10543	8112588	8112588	0	2672294
FOLD	13373	10544	10544	8113356	8113356	0	2672829
FOLD	13374	10545	10545	8114127	8114127	0	2673637
FOLD	13375	10546	10546	8114895	8114895	0	2674196
FOLD	13376	10547	10547	8115666	8115666	0	2674729
FOLD	13385	10548	10548	8116434	8116434	0	2679172
FOLD	13386	10549	10549	8117205	8117205	0	2679722
FOLD	13387	10550	10550	8117973	8117973	0	2680731
FOLD	13388	10551	10551	8118744	8118744	0	2681257
FOLD	13389	10552	10552	8119512	8119512	0	2681810
FOLD	13392	10553	10553	8120280	8120280	0	2683024
FOLD	13393	10554	10554	8121048	8121048	0	2683573
FOLD	13396	10555	10555	8121816	8121816	0	2686036
FOLD	13397	10556	10556	8122584	8122584	0	2686623
FOLD	13398	10557	10557	8123355	8123355	0	2687192
FOLD	13399	10558	10558	8124123	8124123	0	2687738
FOLD	13400	10559	10559	8124894	8124894	0	2689101
FOLD	13401	10560	10560	8125662	8125662	0	2689567
FOLD	13402	10561	10561	8126433	8126433	0	2690037
FOLD	13403	10562	10562	8127201	8127201	0	2690525
FOLD	13404	10563	10563	8127972	8127972	0	2691073
FOLD	13405	10564	10564	8128740	8128740	0	2691583
FOLD	13406	10565	10565	8129511	8129511	0	2692052
FOLD	13407	10566	10566	8130279	8130279	0	2692558
FOLD	13408	10567	10567	8131050	8131050	0	2693079
FOLD	13409	10568	10568	8131818	8131818	0	2693554
FOLD	13410	10569	10569	8132589	8132589	0	2694024
FOLD	13411	10570	10570	8133357	8133357	0	2694511
FOLD	13412	10571	10571	8134128	8134128	0	2695006
FOLD	13413	10572	10572	8134896	8134896	0	2695555
FOLD	13414	10573	10573	8135667	8135667	0	2696049
FOLD	13415	10574	10574	8136435	8136435	0	2696574
FOLD	13416	10575	10575	8137206	8137206	0	2697050
FOLD	13417	10576	10576	8137974	8137974	0	2697562
FOLD	13418	10577	10577	8138745	8138745	0	2698067
FOLD	13419	10578	10578	8139513	8139513	0	2698602
FOLD	13420	10579	10579	8140284	8140284	0	2699081
FOLD	13421	10580	10580	8141052	8141052	0	2699150
FOLD	13422	10581	10581	8141820	8141820	0	2699624
FOLD	13423	10582	10582	8142591	8142591	0	2700118
FOLD	13426	10583	10583	8143362	8143362	0	2701201
FOLD	13429	10584	10584	8144133	8144133	0	2702398
FOLD	13430	10585	10585	8144901	8144901	0	2702479
FOLD	13431	10586	10586	8145672	8145672	0	2702608
FOLD	13432	10587	10587	8146440	8146440	0	2703134
FOLD	13433	10588	10588	8147211	8147211	0	2703608
FOLD	13442	10589	10589	8147979	8147979	0	2706030
FOLD	13443	10590	10590	8148750	8148750	0	2706103
FOLD	13444	10591	10591	8149518	8149518	0	2706643
FOLD	13445	10592	10592	8150289	8150289	0	2707118
FOLD	13446	10593	10593	8151057	8151057	0	2707202
FOLD	13449	10594	10594	8151825	8151825	0	2708770
FOLD	13450	10595	10595	8152593	8152593	0	2708859
FOLD	13453	10596	10596	8153361	8153361	0	2709946
FOLD	13456	10597	10597	8154132	8154132	0	2710587
FOLD	13457	10598	10598	8154903	8154903	0	2711079
FOLD	13460	10599	10599	8155674	8155674	0	2711843
FOLD	13461	10600	10600	8156445	8156445	0	2712364
FOLD	13462	10601	10601	8157213	8157213	0	2712505
FOLD	13463	10602	10602	8157984	8157984	0	2712592
FOLD	13464	10603	10603	8158752	8158752	0	2713170
FOLD	13465	10604	10604	8159523	8159523	0	2713746
FOLD	13474	10605	10605	8160291	8160291	0	2716369
FOLD	13475	10606	10606	8161062	8161062	0	2716494
FOLD	13476	10607	10607	8161830	8161830	0	2717043
FOLD	13477	10608	10608	8162601	8162601	0	2717583
FOLD	13478	10609	10609	8163369	8163369	0	2717733
FOLD	13481	10610	10610	8164137	8164137	0	2718845
FOLD	13488	10611	10611	8164908	8164908	0	2720791
FOLD	13489	10612	10612	8165679	8165679	0	2721318
FOLD	13490	10613	10613	8166447	8166447	0	2721462
FOLD	13491	10614	10614	8167218	8167218	0	2721688
FOLD	13492	10615	10615	8167986	8167986	0	2722226
FOLD	13493	10616	10616	8168757	8168757	0	2722835
FOLD	13502	10617	10617	8169525	8169525	0	2725973
FOLD	13503	10618	10618	8170296	8170296	0	2726119
FOLD	13504	10619	10619	8171064	8171064	0	2726710
FOLD	13505	10620	10620	8171835	8171835	0	2727217
FOLD	13506	10621	10621	8172603	8172603	0	2727379
FOLD	13509	10622	10622	8173371	8173371	0	2728559
FOLD	13510	10623	10623	8174139	8174139	0	2728723
FOLD	13513	10624	10624	8174907	8174907	0	2729845
FOLD	13514	10625	10625	8175675	8175675	0	2730010
FOLD	13515	10626	10626	8176446	8176446	0	2730171
FOLD	13516	10627	10627	8177214	8177214	0	2730699
FOLD	13517	10628	10628	8177985	8177985	0	2731230
FOLD	13520	10629	10629	8178756	8178756	0	2731940
FOLD	13521	10630	10630	8179527	8179527	0	2732439
FOLD	13524	10631	10631	8180298	8180298	0	2733273
FOLD	13525	10632	10632	8181069	8181069	0	2733821
FOLD	13526	10633	10633	8181837	8181837	0	2734032
FOLD	13527	10634	10634	8182608	8182608	0	2734196
FOLD	13528	10635	10635	8183376	8183376	0	2734768
FOLD	13529	10636	10636	8184147	8184147	0	2735277
FOLD	13538	10637	10637	8184915	8184915	0	2738157
FOLD	13539	10638	10638	8185686	8185686	0	2738388
FOLD	13540	10639	10639	8186454	8186454	0	2738964
FOLD	13541	10640	10640	8187225	8187225	0	2739512
FOLD	13542	10641	10641	8187993	8187993	0	2739764
FOLD	13545	10642	10642	8188761	8188761	0	2740990
FOLD	13552	10643	10643	8189532	8189532	0	2743159
FOLD	13553	10644	10644	8190303	8190303	0	2743796
FOLD	13554	10645	10645	8191071	8191071	0	2744102
FOLD	13555	10646	10646	8191842	8191842	0	2744573
FOLD	13556	10647	10647	8192610	8192610	0	2745093
FOLD	13557	10648	10648	8193381	8193381	0	2745635
FOLD	13566	10649	10649	8194149	8194149	0	2749477
FOLD	13567	10650	10650	8194920	8194920	0	2749795
FOLD	13568	10651	10651	8195688	8195688	0	2750301
FOLD	13569	10652	10652	8196459	8196459	0	2750824
FOLD	13570	10653	10653	8197227	8197227	0	2751139
FOLD	13573	10654	10654	8197995	8197995	0	2752490
FOLD	13574	10655	10655	8198763	8198763	0	2752817
FOLD	13577	10656	10656	8199531	8199531	0	2754136
FOLD	13580	10657	10657	8200302	8200302	0	2754994
FOLD	13581	10658	10658	8201073	8201073	0	2755534
FOLD	13584	10659	10659	8201844	8201844	0	2756634
FOLD	13585	10660	10660	8202615	8202615	0	2757213
FOLD	13586	10661	10661	8203383	8203383	0	2757677
FOLD	13587	10662	10662	8204154	8204154	0	2758024
FOLD	13588	10663	10663	8204922	8204922	0	2758568
FOLD	13589	10664	10664	8205693	8205693	0	2759233
FOLD	13598	10665	10665	8206461	8206461	0	2762414
FOLD	13599	10666	10666	8207232	8207232	0	2762824
FOLD	13600	10667	10667	8208000	8208000	0	2763330
FOLD	13601	10668	10668	8208771	8208771	0	2763914
FOLD	13602	10669	10669	8209539	8209539	0	2764333
FOLD	13605	10670	10670	8210307	8210307	0	2765643
FOLD	13612	10671	10671	8211078	8211078	0	2768485
FOLD	13613	10672	10672	8211849	8211849	0	2769095
FOLD	13614	10673	10673	8212617	8212617	0	2769578
FOLD	13615	10674	10674	8213388	8213388	0	2770524
FOLD	13616	10675	10675	8214156	8214156	0	2771054
FOLD	13617	10676	10676	8214927	8214927	0	2771674
FOLD	13626	10677	10677	8215695	8215695	0	2778379
FOLD	13627	10678	10678	8216466	8216466	0	2778861
FOLD	13628	10679	10679	8217234	8217234	0	2779333
FOLD	13629	10680	10680	8218005	8218005	0	2779894
FOLD	13630	10681	10681	8218773	8218773	0	2780383
FOLD	13633	10682	10682	8219541	8219541	0	2781813
FOLD	13634	10683	10683	8220309	8220309	0	2782359
FOLD	13637	10684	10684	8221077	8221077	0	2785080
FOLD	13638	10685	10685	8221845	8221845	0	2785648
FOLD	13639	10686	10686	8222616	8222616	0	2786145
FOLD	13640	10687	10687	8223384	8223384	0	2786741
FOLD	13641	10688	10688	8224155	8224155	0	2787217
FOLD	13642	10689	10689	8224923	8224923	0	2787714
FOLD	13643	10690	10690	8225694	8225694	0	2788314
FOLD	13644	10691	10691	8226462	8226462	0	2788796
FOLD	13645	10692	10692	8227233	8227233	0	2789301
FOLD	13646	10693	10693	8228001	8228001	0	2789824
FOLD	13647	10694	10694	8228772	8228772	0	2790479
FOLD	13648	10695	10695	8229540	8229540	0	2790986
FOLD	13649	10696	10696	8230311	8230311	0	2791479
FOLD	13650	10697	10697	8231079	8231079	0	2792071
FOLD	13651	10698	10698	8231850	8231850	0	2792566
FOLD	13652	10699	10699	8232618	8232618	0	2793059
FOLD	13653	10700	10700	8233389	8233389	0	2793577
FOLD	13654	10701	10701	8234157	8234157	0	2794115
FOLD	13655	10702	10702	8234928	8234928	0	2794605
FOLD	13656	10703	10703	8235696	8235696	0	2795175
FOLD	13657	10704	10704	8236467	8236467	0	2795729
FOLD	13658	10705	10705	8237235	8237235	0	2795807
FOLD	13659	10706	10706	8238003	8238003	0	2796312
FOLD	13660	10707	10707	8238774	8238774	0	2796834
FOLD	13661	10708	10708	8239542	8239542	0	2796894
FOLD	13662	10709	10709	8240310	8240310	0	2797566
FOLD	13663	10710	10710	8241081	8241081	0	2798139
FOLD	13666	10711	10711	8241852	8241852	0	2799180
FOLD	13669	10712	10712	8242623	8242623	0	2800024
FOLD	13670	10713	10713	8243394	8243394	0	2800621
FOLD	13671	10714	10714	8244162	8244162	0	2800766
FOLD	13672	10715	10715	8244933	8244933	0	2801081
FOLD	13673	10716	10716	8245701	8245701	0	2801586
FOLD	13674	10717	10717	8246472	8246472	0	2802224
FOLD	13683	10718	10718	8247240	8247240	0	2804973
FOLD	13684	10719	10719	8248011	8248011	0	2805048
FOLD	13685	10720	10720	8248779	8248779	0	2805557
FOLD	13686	10721	10721	8249550	8249550	0	2806061
FOLD	13687	10722	10722	8250318	8250318	0	2806184
FOLD	13690	10723	10723	8251086	8251086	0	2807599
FOLD	13691	10724	10724	8251854	8251854	0	2807744
FOLD	13694	10725	10725	8252622	8252622	0	2808885
FOLD	13697	10726	10726	8253393	8253393	0	2809530
FOLD	13698	10727	10727	8254164	8254164	0	2810094
FOLD	13701	10728	10728	8254935	8254935	0	2811065
FOLD	13702	10729	10729	8255706	8255706	0	2811595
FOLD	13703	10730	10730	8256474	8256474	0	2811760
FOLD	13704	10731	10731	8257245	8257245	0	2811961
FOLD	13705	10732	10732	8258013	8258013	0	2812502
FOLD	13706	10733	10733	8258784	8258784	0	2813022
FOLD	13715	10734	10734	8259552	8259552	0	2815827
FOLD	13716	10735	10735	8260323	8260323	0	2815972
FOLD	13717	10736	10736	8261091	8261091	0	2816702
FOLD	13718	10737	10737	8261862	8261862	0	2817275
FOLD	13719	10738	10738	8262630	8262630	0	2817442
FOLD	13722	10739	10739	8263398	8263398	0	2818736
FOLD	13729	10740	10740	8264169	8264169	0	2820843
FOLD	13730	10741	10741	8264940	8264940	0	2821415
FOLD	13731	10742	10742	8265708	8265708	0	2821617
FOLD	13732	10743	10743	8266479	8266479	0	2821948
FOLD	13733	10744	10744	8267247	8267247	0	2822504
FOLD	13734	10745	10745	8268018	8268018	0	2823108
FOLD	13743	10746	10746	8268786	8268786	0	2826622
FOLD	13744	10747	10747	8269557	8269557	0	2826807
FOLD	13745	10748	10748	8270325	8270325	0	2827393
FOLD	13746	10749	10749	8271096	8271096	0	2827997
FOLD	13747	10750	10750	8271864	8271864	0	2828214
FOLD	13750	10751	10751	8272632	8272632	0	2829433
FOLD	13751	10752	10752	8273400	8273400	0	2829641
FOLD	13754	10753	10753	8274168	8274168	0	2830907
FOLD	13755	10754	10754	8274936	8274936	0	2831122
FOLD	13756	10755	10755	8275707	8275707	0	2831328
FOLD	13757	10756	10756	8276475	8276475	0	2832018
FOLD	13758	10757	10757	8277246	8277246	0	2832703
FOLD	13761	10758	10758	8278017	8278017	0	2833507
FOLD	13762	10759	10759	8278788	8278788	0	2834116
FOLD	13765	10760	10760	8279559	8279559	0	2835049
FOLD	13766	10761	10761	8280330	8280330	0	2835667
FOLD	13767	10762	10762	8281098	8281098	0	2835982
FOLD	13768	10763	10763	8281869	8281869	0	2836226
FOLD	13769	10764	10764	8282637	8282637	0	2836811
FOLD	13770	10765	10765	8283408	8283408	0	2837440
FOLD	13779	10766	10766	8284176	8284176	0	2840694
FOLD	13780	10767	10767	8284947	8284947	0	2840960
FOLD	13781	10768	10768	8285715	8285715	0	2841511
FOLD	13782	10769	10769	8286486	8286486	0	2842197
FOLD	13783	10770	10770	8287254	8287254	0	2842518
FOLD	13786	10771	10771	8288022	8288022	0	2843895
FOLD	13793	10772	10772	8288793	8288793	0	2846440
FOLD	13794	10773	10773	8289564	8289564	0	2846990
FOLD	13795	10774	10774	8290332	8290332	0	2847359
FOLD	13796	10775	10775	8291103	8291103	0	2848025
FOLD	13797	10776	10776	8291871	8291871	0	2848572
FOLD	13798	10777	10777	8292642	8292642	0	2849140
FOLD	13807	10778	10778	8293410	8293410	0	2853286
FOLD	13808	10779	10779	8294181	8294181	0	2853637
FOLD	13809	10780	10780	8294949	8294949	0	2854216
FOLD	13810	10781	10781	8295720	8295720	0	2854787
FOLD	13811	10782	10782	8296488	8296488	0	2855219
FOLD	13814	10783	10783	8297256	8297256	0	2856562
FOLD	13815	10784	10784	8298024	8298024	0	2856965
FOLD	13818	10785	10785	8298792	8298792	0	2858466
FOLD	13821	10786	10786	8299563	8299563	0	2859526
FOLD	13822	10787	10787	8300334	8300334	0	2860148
FOLD	13825	10788	10788	8301105	8301105	0	2861392
FOLD	13826	10789	10789	8301876	8301876	0	2862091
FOLD	13827	10790	10790	8302644	8302644	0	2862518
FOLD	13828	10791	10791	8303415	8303415	0	2862910
FOLD	13829	10792	10792	8304183	8304183	0	2863463
FOLD	13830	10793	10793	8304954	8304954	0	2864081
FOLD	13839	10794	10794	8305722	8305722	0	2867680
FOLD	13840	10795	10795	8306493	8306493	0	2868143
FOLD	13841	10796	10796	8307261	8307261	0	2868745
FOLD	13842	10797	10797	8308032	8308032	0	2869345
FOLD	13843	10798	10798	8308800	8308800	0	2869808
FOLD	13846	10799	10799	8309568	8309568	0	2871207
FOLD	13853	10800	10800	8310339	8310339	0	2874056
FOLD	13854	10801	10801	8311110	8311110	0	2874598
FOLD	13855	10802	10802	8311878	8311878	0	2875125
FOLD	13856	10803	10803	8312649	8312649	0	2876124
FOLD	13857	10804	10804	8313417	8313417	0	2876652
FOLD	13858	10805	10805	8314188	8314188	0	2877170
FOLD	13867	10806	10806	8314956	8314956	0	2882239
FOLD	13868	10807	10807	8315727	8315727	0	2882814
FOLD	13869	10808	10808	8316495	8316495	0	2883370
FOLD	13870	10809	10809	8317266	8317266	0	2883896
FOLD	13871	10810	10810	8318034	8318034	0	2884489
FOLD	13874	10811	10811	8318802	8318802	0	2885815
FOLD	13875	10812	10812	8319570	8319570	0	2886322
FOLD	13878	10813	10813	8320338	8320338	0	2889490
FOLD	13879	10814	10814	8321106	8321106	0	2890126
FOLD	13880	10815	10815	8321877	8321877	0	2890915
FOLD	13881	10816	10816	8322645	8322645	0	2891480
FOLD	13882	10817	10817	8323416	8323416	0	2892232
FOLD	13883	10818	10818	8324184	8324184	0	2892920
FOLD	13884	10819	10819	8324955	8324955	0	2893527
FOLD	13885	10820	10820	8325723	8325723	0	2894161
FOLD	13886	10821	10821	8326494	8326494	0	2894805
FOLD	13887	10822	10822	8327262	8327262	0	2895359
FOLD	13888	10823	10823	8328033	8328033	0	2895920
FOLD	13889	10824	10824	8328801	8328801	0	2896468
FOLD	13890	10825	10825	8329572	8329572	0	2897090
FOLD	13891	10826	10826	8330340	8330340	0	2897625
FOLD	13892	10827	10827	8331111	8331111	0	2898155
FOLD	13893	10828	10828	8331879	8331879	0	2898871
FOLD	13894	10829	10829	8332650	8332650	0	2899443
FOLD	13897	10830	10830	8333421	8333421	0	2900831
FOLD	13898	10831	10831	8334189	8334189	0	2900916
FOLD	13899	10832	10832	8334957	8334957	0	2901430
FOLD	13900	10833	10833	8335728	8335728	0	2901945
FOLD	13901	10834	10834	8336496	8336496	0	2902016
FOLD	13902	10835	10835	8337264	8337264	0	2902793
FOLD	13903	10836	10836	8338035	8338035	0	2903438
FOLD	13910	10837	10837	8338806	8338806	0	2905862
FOLD	13911	10838	10838	8339577	8339577	0	2906454
FOLD	13912	10839	10839	8340345	8340345	0	2906641
FOLD	13913	10840	10840	8341116	8341116	0	2906773
FOLD	13914	10841	10841	8341884	8341884	0	2907317
FOLD	13915	10842	10842	8342655	8342655	0	2907899
FOLD	13924	10843	10843	8343423	8343423	0	2910822
FOLD	13925	10844	10844	8344194	8344194	0	2910892
FOLD	13926	10845	10845	8344962	8344962	0	2911461
FOLD	13927	10846	10846	8345733	8345733	0	2912261
FOLD	13928	10847	10847	8346501	8346501	0	2912439
FOLD	13931	10848	10848	8347269	8347269	0	2914034
FOLD	13932	10849	10849	8348037	8348037	0	2914137
FOLD	13935	10850	10850	8348805	8348805	0	2915313
FOLD	13938	10851	10851	8349576	8349576	0	2915966
FOLD	13939	10852	10852	8350347	8350347	0	2916504
FOLD	13942	10853	10853	8351118	8351118	0	2917220
FOLD	13943	10854	10854	8351889	8351889	0	2917835
FOLD	13944	10855	10855	8352657	8352657	0	2917943
FOLD	13945	10856	10856	8353428	8353428	0	2918032
FOLD	13946	10857	10857	8354196	8354196	0	2918593
FOLD	13947	10858	10858	8354967	8354967	0	2919352
FOLD	13956	10859	10859	8355735	8355735	0	2922220
FOLD	13957	10860	10860	8356506	8356506	0	2922439
FOLD	13958	10861	10861	8357274	8357274	0	2923020
FOLD	13959	10862	10862	8358045	8358045	0	2923606
FOLD	13960	10863	10863	8358813	8358813	0	2923765
FOLD	13963	10864	10864	8359581	8359581	0	2925185
FOLD	13970	10865	10865	8360352	8360352	0	2927449
FOLD	13971	10866	10866	8361123	8361123	0	2928052
FOLD	13972	10867	10867	8361891	8361891	0	2928220
FOLD	13973	10868	10868	8362662	8362662	0	2928547
FOLD	13974	10869	10869	8363430	8363430	0	2929174
FOLD	13975	10870	10870	8364201	8364201	0	2929745
FOLD	13984	10871	10871	8364969	8364969	0	2933403
FOLD	13985	10872	10872	8365740	8365740	0	2933561
FOLD	13986	10873	10873	8366508	8366508	0	2934197
FOLD	13987	10874	10874	8367279	8367279	0	2934737
FOLD	13988	10875	10875	8368047	8368047	0	2934921
FOLD	13991	10876	10876	8368815	8368815	0	2936171
FOLD	13992	10877	10877	8369583	8369583	0	2936375
FOLD	13995	10878	10878	8370351	8370351	0	2937648
FOLD	13996	10879	10879	8371119	8371119	0	2937849
FOLD	13997	10880	10880	8371890	8371890	0	2938045
FOLD	13998	10881	10881	8372658	8372658	0	2938577
FOLD	13999	10882	10882	8373429	8373429	0	2939141
FOLD	14002	10883	10883	8374200	8374200	0	2939936
FOLD	14003	10884	10884	8374971	8374971	0	2940476
FOLD	14006	10885	10885	8375742	8375742	0	2941351
FOLD	14007	10886	10886	8376513	8376513	0	2941990
FOLD	14008	10887	10887	8377281	8377281	0	2942221
FOLD	14009	10888	10888	8378052	8378052	0	2942398
FOLD	14010	10889	10889	8378820	8378820	0	2942931
FOLD	14011	10890	10890	8379591	8379591	0	2943472
FOLD	14020	10891	10891	8380359	8380359	0	2946608
FOLD	14021	10892	10892	8381130	8381130	0	2946842
FOLD	14022	10893	10893	8381898	8381898	0	2947434
FOLD	14023	10894	10894	8382669	8382669	0	2947982
FOLD	14024	10895	10895	8383437	8383437	0	2948243
FOLD	14027	10896	10896	8384205	8384205	0	2949548
FOLD	14034	10897	10897	8384976	8384976	0	2951887
FOLD	14035	10898	10898	8385747	8385747	0	2952460
FOLD	14036	10899	10899	8386515	8386515	0	2952790
FOLD	14037	10900	10900	8387286	8387286	0	2953305
FOLD	14038	10901	10901	8388054	8388054	0	2953846
FOLD	14039	10902	10902	8388825	8388825	0	2954430
FOLD	14048	10903	10903	8389593	8389593	0	2958716
FOLD	14049	10904	10904	8390364	8390364	0	2959032
FOLD	14050	10905	10905	8391132	8391132	0	2959594
FOLD	14051	10906	10906	8391903	8391903	0	2960260
FOLD	14052	10907	10907	8392671	8392671	0	2960643
FOLD	14055	10908	10908	8393439	8393439	0	2961960
FOLD	14056	10909	10909	8394207	8394207	0	2962405
FOLD	14059	10910	10910	8394975	8394975	0	2963886
FOLD	14062	10911	10911	8395746	8395746	0	2964848
FOLD	14063	10912	10912	8396517	8396517	0	2965528
FOLD	14066	10913	10913	8397288	8397288	0	2966665
FOLD	14067	10914	10914	8398059	8398059	0	2967257
FOLD	14068	10915	10915	8398827	8398827	0	2967762
FOLD	14069	10916	10916	8399598	8399598	0	2968123
FOLD	14070	10917	10917	8400366	8400366	0	2968667
FOLD	14071	10918	10918	8401137	8401137	0	2969272
FOLD	14080	10919	10919	8401905	8401905	0	2972897
FOLD	14081	10920	10920	8402676	8402676	0	2973350
FOLD	14082	10921	10921	8403444	8403444	0	2973903
FOLD	14083	10922	10922	8404215	8404215	0	2974442
FOLD	14084	10923	10923	8404983	8404983	0	2974924
FOLD	14087	10924	10924	8405751	8405751	0	2976374
FOLD	14094	10925	10925	8406522	8406522	0	2979155
FOLD	14095	10926	10926	8407293	8407293	0	2980707
FOLD	14096	10927	10927	8408061	8408061	0	2981191
FOLD	14097	10928	10928	8408832	8408832	0	2982040
FOLD	14098	10929	10929	8409600	8409600	0	2982620
FOLD	14099	10930	10930	8410371	8410371	0	2983173
FOLD	14108	10931	10931	8411139	8411139	0	2988176
FOLD	14109	10932	10932	8411910	8411910	0	2988674
FOLD	14110	10933	10933	8412678	8412678	0	2989221
FOLD	14111	10934	10934	8413449	8413449	0	2989816
FOLD	14112	10935	10935	8414217	8414217	0	2990375
FOLD	14115	10936	10936	8414985	8414985	0	2991844
FOLD	14116	10937	10937	8415753	8415753	0	2992460
FOLD	14119	10938	10938	8416521	8416521	0	2994913
FOLD	14120	10939	10939	8417289	8417289	0	2995487
FOLD	14121	10940	10940	8418060	8418060	0	2996119
FOLD	14122	10941	10941	8418828	8418828	0	2996716
FOLD	14123	10942	10942	8419599	8419599	0	2997281
FOLD	14124	10943	10943	8420367	8420367	0	2997799
FOLD	14125	10944	10944	8421138	8421138	0	2998431
FOLD	14126	10945	10945	8421906	8421906	0	2998976
FOLD	14127	10946	10946	8422677	8422677	0	2999734
FOLD	14128	10947	10947	8423445	8423445	0	3000310
FOLD	14129	10948	10948	8424216	8424216	0	3000901
FOLD	14130	10949	10949	8424984	8424984	0	3001445
FOLD	14131	10950	10950	8425755	8425755	0	3002021
FOLD	14134	10951	10951	8426526	8426526	0	3003164
FOLD	14137	10952	10952	8427297	8427297	0	3004508
FOLD	14138	10953	10953	8428065	8428065	0	3004592
FOLD	14139	10954	10954	8428833	8428833	0	3005219
FOLD	14140	10955	10955	8429604	8429604	0	3005812
FOLD	14141	10956	10956	8430372	8430372	0	3005891
FOLD	14144	10957	10957	8431140	8431140	0	3007187
FOLD	14151	10958	10958	8431911	8431911	0	3009246
FOLD	14152	10959	10959	8432682	8432682	0	3009801
FOLD	14153	10960	10960	8433450	8433450	0	3009933
FOLD	14154	10961	10961	8434221	8434221	0	3010081
FOLD	14155	10962	10962	8434989	8434989	0	3010626
FOLD	14156	10963	10963	8435760	8435760	0	3011166
FOLD	14165	10964	10964	8436528	8436528	0	3014106
FOLD	14166	10965	10965	8437299	8437299	0	3014178
FOLD	14167	10966	10966	8438067	8438067	0	3014716
FOLD	14168	10967	10967	8438838	8438838	0	3015259
FOLD	14169	10968	10968	8439606	8439606	0	3015358
FOLD	14172	10969	10969	8440374	8440374	0	3017117
FOLD	14173	10970	10970	8441142	8441142	0	3017220
FOLD	14176	10971	10971	8441910	8441910	0	3018370
FOLD	14179	10972	10972	8442681	8442681	0	3019098
FOLD	14180	10973	10973	8443452	8443452	0	3019754
FOLD	14183	10974	10974	8444223	8444223	0	3020559
FOLD	14184	10975	10975	8444994	8444994	0	3021113
FOLD	14185	10976	10976	8445762	8445762	0	3021289
FOLD	14186	10977	10977	8446533	8446533	0	3021400
FOLD	14187	10978	10978	8447301	8447301	0	3021939
FOLD	14188	10979	10979	8448072	8448072	0	3022600
FOLD	14197	10980	10980	8448840	8448840	0	3025485
FOLD	14198	10981	10981	8449611	8449611	0	3025616
FOLD	14199	10982	10982	8450379	8450379	0	3026148
FOLD	14200	10983	10983	8451150	8451150	0	3026695
FOLD	14201	10984	10984	8451918	8451918	0	3026846
FOLD	14204	10985	10985	8452686	8452686	0	3028096
FOLD	14211	10986	10986	8453457	8453457	0	3030127
FOLD	14212	10987	10987	8454228	8454228	0	3030781
FOLD	14213	10988	10988	8454996	8454996	0	3030944
FOLD	14214	10989	10989	8455767	8455767	0	3031205
FOLD	14215	10990	10990	8456535	8456535	0	3031805
FOLD	14216	10991	10991	8457306	8457306	0	3032370
FOLD	14225	10992	10992	8458074	8458074	0	3035994
FOLD	14226	10993	10993	8458845	8458845	0	3036181
FOLD	14227	10994	10994	8459613	8459613	0	3036866
FOLD	14228	10995	10995	8460384	8460384	0	3037499
FOLD	14229	10996	10996	8461152	8461152	0	3037730
FOLD	14232	10997	10997	8461920	8461920	0	3038948
FOLD	14233	10998	10998	8462688	8462688	0	3039159
FOLD	14236	10999	10999	8463456	8463456	0	3040512
FOLD	14237	11000	11000	8464224	8464224	0	3040749
FOLD	14238	11001	11001	8464995	8464995	0	3040935
FOLD	14239	11002	11002	8465763	8465763	0	3041483
FOLD	14240	11003	11003	8466534	8466534	0	3042065
FOLD	14243	11004	11004	8467305	8467305	0	3042892
FOLD	14244	11005	11005	8468076	8468076	0	3043496
FOLD	14247	11006	11006	8468847	8468847	0	3044406
FOLD	14248	11007	11007	8469618	8469618	0	3045005
FOLD	14249	11008	11008	8470386	8470386	0	3045275
FOLD	14250	11009	11009	8471157	8471157	0	3045460
FOLD	14251	11010	11010	8471925	8471925	0	3045999
FOLD	14252	11011	11011	8472696	8472696	0	3046620
FOLD	14261	11012	11012	8473464	8473464	0	3049890
FOLD	14262	11013	11013	8474235	8474235	0	3050161
FOLD	14263	11014	11014	8475003	8475003	0	3050896
FOLD	14264	11015	11015	8475774	8475774	0	3052015
FOLD	14265	11016	11016	8476542	8476542	0	3052419
FOLD	14268	11017	11017	8477310	8477310	0	3053792
FOLD	14275	11018	11018	8478081	8478081	0	3056373
FOLD	14276	11019	11019	8478852	8478852	0	3057027
FOLD	14277	11020	11020	8479620	8479620	0	3057390
FOLD	14278	11021	11021	8480391	8480391	0	3057973
FOLD	14279	11022	11022	8481159	8481159	0	3058532
FOLD	14280	11023	11023	8481930	8481930	0	3059155
FOLD	14289	11024	11024	8482698	8482698	0	3063819
FOLD	14290	11025	11025	8483469	8483469	0	3064213
FOLD	14291	11026	11026	8484237	8484237	0	3064848
FOLD	14292	11027	11027	8485008	8485008	0	3065538
FOLD	14293	11028	11028	8485776	8485776	0	3065923
FOLD	14296	11029	11029	8486544	8486544	0	3067370
FOLD	14297	11030	11030	8487312	8487312	0	3067793
FOLD	14300	11031	11031	8488080	8488080	0	3069408
FOLD	14303	11032	11032	8488851	8488851	0	3070420
FOLD	14304	11033	11033	8489622	8489622	0	3071133
FOLD	14307	11034	11034	8490393	8490393	0	3072485
FOLD	14308	11035	11035	8491164	8491164	0	3073061
FOLD	14309	11036	11036	8491932	8491932	0	3073485
FOLD	14310	11037	11037	8492703	8492703	0	3073887
FOLD	14311	11038	11038	8493471	8493471	0	3074446
FOLD	14312	11039	11039	8494242	8494242	0	3075096
FOLD	14321	11040	11040	8495010	8495010	0	3078965
FOLD	14322	11041	11041	8495781	8495781	0	3079452
FOLD	14323	11042	11042	8496549	8496549	0	3080088
FOLD	14324	11043	11043	8497320	8497320	0	3080773
FOLD	14325	11044	11044	8498088	8498088	0	3081273
FOLD	14328	11045	11045	8498856	8498856	0	3082686
FOLD	14335	11046	11046	8499627	8499627	0	3085614
FOLD	14336	11047	11047	8500398	8500398	0	3086146
FOLD	14337	11048	11048	8501166	8501166	0	3086732
FOLD	14338	11049	11049	8501937	8501937	0	3087758
FOLD	14339	11050	11050	8502705	8502705	0	3088392
FOLD	14340	11051	11051	8503476	8503476	0	3089004
FOLD	14349	11052	11052	8504244	8504244	0	3094284
FOLD	14350	11053	11053	8505015	8505015	0	3094802
FOLD	14351	11054	11054	8505783	8505783	0	3095417
FOLD	14356	11055	11055	8506548	8506548	0	3099317
FOLD	14357	11056	11056	8507316	8507316	0	3099956
FOLD	14358	11057	11057	8508087	8508087	0	3100542
FOLD	14359	11058	11058	8508855	8508855	0	3101154
FOLD	14360	11059	11059	8509626	8509626	0	3101838
FOLD	14361	11060	11060	8510394	8510394	0	3102465
FOLD	14362	11061	11061	8511165	8511165	0	3103087
FOLD	14363	11062	11062	8511933	8511933	0	3103667
FOLD	14364	11063	11063	8512704	8512704	0	3104226
FOLD	14365	11064	11064	8513472	8513472	0	3104829
FOLD	14366	11065	11065	8514243	8514243	0	3105390
FOLD	14367	11066	11066	8515011	8515011	0	3105945
FOLD	14368	11067	11067	8515782	8515782	0	3106523
FOLD	14369	11068	11068	8516550	8516550	0	3106603
FOLD	14370	11069	11069	8517318	8517318	0	3107236
FOLD	14371	11070	11070	8518089	8518089	0	3107852
FOLD	14374	11071	11071	8518860	8518860	0	3109102
FOLD	14377	11072	11072	8519631	8519631	0	3110587
FOLD	14378	11073	11073	8520399	8520399	0	3110673
FOLD	14379	11074	11074	8521170	8521170	0	3110746
FOLD	14380	11075	11075	8521938	8521938	0	3111386
FOLD	14381	11076	11076	8522709	8522709	0	3112026
FOLD	14382	11077	11077	8523477	8523477	0	3112130
FOLD	14385	11078	11078	8524245	8524245	0	3113314
FOLD	14392	11079	11079	8525016	8525016	0	3115232
FOLD	14393	11080	11080	8525787	8525787	0	3115851
FOLD	14394	11081	11081	8526555	8526555	0	3115956
FOLD	14395	11082	11082	8527326	8527326	0	3116104
FOLD	14396	11083	11083	8528094	8528094	0	3116705
FOLD	14397	11084	11084	8528865	8528865	0	3117293
FOLD	14406	11085	11085	8529633	8529633	0	3120389
FOLD	14407	11086	11086	8530404	8530404	0	3120476
FOLD	14408	11087	11087	8531172	8531172	0	3121040
FOLD	14409	11088	11088	8531943	8531943	0	3121649
FOLD	14410	11089	11089	8532711	8532711	0	3121802
FOLD	14413	11090	11090	8533479	8533479	0	3123434
FOLD	14414	11091	11091	8534247	8534247	0	3123545
FOLD	14417	11092	11092	8535015	8535015	0	3125094
FOLD	14420	11093	11093	8535786	8535786	0	3125828
FOLD	14421	11094	11094	8536557	8536557	0	3126405
FOLD	14424	11095	11095	8537328	8537328	0	3127284
FOLD	14425	11096	11096	8538099	8538099	0	3127993
FOLD	14426	11097	11097	8538867	8538867	0	3128132
FOLD	14427	11098	11098	8539638	8539638	0	3128239
FOLD	14428	11099	11099	8540406	8540406	0	3128899
FOLD	14429	11100	11100	8541177	8541177	0	3129511
FOLD	14438	11101	11101	8541945	8541945	0	3132562
FOLD	14439	11102	11102	8542716	8542716	0	3132699
FOLD	14440	11103	11103	8543484	8543484	0	3133490
FOLD	14441	11104	11104	8544255	8544255	0	3134170
FOLD	14442	11105	11105	8545023	8545023	0	3134396
FOLD	14445	11106	11106	8545791	8545791	0	3135849
FOLD	14452	11107	11107	8546562	8546562	0	3137946
FOLD	14453	11108	11108	8547333	8547333	0	3138655
FOLD	14454	11109	11109	8548101	8548101	0	3138854
FOLD	14455	11110	11110	8548872	8548872	0	3139174
FOLD	14456	11111	11111	8549640	8549640	0	3139839
FOLD	14457	11112	11112	8550411	8550411	0	3140468
FOLD	14466	11113	11113	8551179	8551179	0	3144126
FOLD	14467	11114	11114	8551950	8551950	0	3144301
FOLD	14468	11115	11115	8552718	8552718	0	3144925
FOLD	14469	11116	11116	8553489	8553489	0	3145507
FOLD	14470	11117	11117	8554257	8554257	0	3145707
FOLD	14473	11118	11118	8555025	8555025	0	3147001
FOLD	14474	11119	11119	8555793	8555793	0	3147204
FOLD	14477	11120	11120	8556561	8556561	0	3148485
FOLD	14478	11121	11121	8557329	8557329	0	3148704
FOLD	14479	11122	11122	8558100	8558100	0	3148894
FOLD	14480	11123	11123	8558868	8558868	0	3149512
FOLD	14481	11124	11124	8559639	8559639	0	3150234
FOLD	14484	11125	11125	8560410	8560410	0	3151019
FOLD	14485	11126	11126	8561181	8561181	0	3151593
FOLD	14488	11127	11127	8561952	8561952	0	3152844
FOLD	14489	11128	11128	8562723	8562723	0	3153579
FOLD	14490	11129	11129	8563491	8563491	0	3153840
FOLD	14491	11130	11130	8564262	8564262	0	3154071
FOLD	14492	11131	11131	8565030	8565030	0	3154708
FOLD	14493	11132	11132	8565801	8565801	0	3155301
FOLD	14502	11133	11133	8566569	8566569	0	3158648
FOLD	14503	11134	11134	8567340	8567340	0	3158912
FOLD	14504	11135	11135	8568108	8568108	0	3159512
FOLD	14505	11136	11136	8568879	8568879	0	3160206
FOLD	14506	11137	11137	8569647	8569647	0	3160514
FOLD	14509	11138	11138	8570415	8570415	0	3161938
FOLD	14516	11139	11139	8571186	8571186	0	3164518
FOLD	14517	11140	11140	8571957	8571957	0	3165095
FOLD	14518	11141	11141	8572725	8572725	0	3165458
FOLD	14519	11142	11142	8573496	8573496	0	3166052
FOLD	14520	11143	11143	8574264	8574264	0	3166688
FOLD	14521	11144	11144	8575035	8575035	0	3167391
FOLD	14530	11145	11145	8575803	8575803	0	3171927
FOLD	14531	11146	11146	8576574	8576574	0	3172270
FOLD	14532	11147	11147	8577342	8577342	0	3172937
FOLD	14533	11148	11148	8578113	8578113	0	3173619
FOLD	14534	11149	11149	8578881	8578881	0	3174043
FOLD	14537	11150	11150	8579649	8579649	0	3175623
FOLD	14538	11151	11151	8580417	8580417	0	3176044
FOLD	14541	11152	11152	8581185	8581185	0	3177481
FOLD	14544	11153	11153	8581956	8581956	0	3178464
FOLD	14545	11154	11154	8582727	8582727	0	3179040
FOLD	14548	11155	11155	8583498	8583498	0	3180329
FOLD	14549	11156	11156	8584269	8584269	0	3180967
FOLD	14550	11157	11157	8585037	8585037	0	3181421
FOLD	14551	11158	11158	8585808	8585808	0	3181777
FOLD	14552	11159	11159	8586576	8586576	0	3182402
FOLD	14553	11160	11160	8587347	8587347	0	3183225
FOLD	14562	11161	11161	8588115	8588115	0	3186956
FOLD	14563	11162	11162	8588886	8588886	0	3187391
FOLD	14564	11163	11163	8589654	8589654	0	3188080
FOLD	14565	11164	11164	8590425	8590425	0	3188668
FOLD	14566	11165	11165	8591193	8591193	0	3189144
FOLD	14569	11166	11166	8591961	8591961	0	3190590
FOLD	14576	11167	11167	8592732	8592732	0	3193561
FOLD	14577	11168	11168	8593503	8593503	0	3194213
FOLD	14578	11169	11169	8594271	8594271	0	3194791
FOLD	14579	11170	11170	8595042	8595042	0	3195830
FOLD	14580	11171	11171	8595810	8595810	0	3196412
FOLD	14581	11172	11172	8596581	8596581	0	3196977
FOLD	14594	11173	11173	8597343	8597343	0	3205588
FOLD	14595	11174	11174	8598114	8598114	0	3206261
FOLD	14596	11175	11175	8598882	8598882	0	3206933
FOLD	14597	11176	11176	8599653	8599653	0	3207521
FOLD	14598	11177	11177	8600421	8600421	0	3208222
FOLD	14599	11178	11178	8601192	8601192	0	3208814
FOLD	14600	11179	11179	8601960	8601960	0	3209395
FOLD	14601	11180	11180	8602731	8602731	0	3209973
FOLD	14602	11181	11181	8603499	8603499	0	3210645
FOLD	14603	11182	11182	8604270	8604270	0	3211393
FOLD	14604	11183	11183	8605038	8605038	0	3212178
FOLD	14605	11184	11184	8605809	8605809	0	3212809
FOLD	14608	11185	11185	8606580	8606580	0	3214090
FOLD	14609	11186	11186	8607348	8607348	0	3214150
FOLD	14610	11187	11187	8608116	8608116	0	3214726
FOLD	14611	11188	11188	8608887	8608887	0	3215306
FOLD	14614	11189	11189	8609658	8609658	0	3216644
FOLD	14619	11190	11190	8610426	8610426	0	3218251
FOLD	14620	11191	11191	8611197	8611197	0	3218359
FOLD	14621	11192	11192	8611965	8611965	0	3218968
FOLD	14622	11193	11193	8612736	8612736	0	3219710
FOLD	14623	11194	11194	8613504	8613504	0	3219844
FOLD	14626	11195	11195	8614272	8614272	0	3221081
FOLD	14633	11196	11196	8615043	8615043	0	3223303
FOLD	14634	11197	11197	8615814	8615814	0	3223973
FOLD	14635	11198	11198	8616582	8616582	0	3224116
FOLD	14636	11199	11199	8617353	8617353	0	3224333
FOLD	14637	11200	11200	8618121	8618121	0	3224903
FOLD	14638	11201	11201	8618892	8618892	0	3225564
FOLD	14647	11202	11202	8619660	8619660	0	3229201
FOLD	14648	11203	11203	8620431	8620431	0	3229302
FOLD	14649	11204	11204	8621199	8621199	0	3229892
FOLD	14650	11205	11205	8621970	8621970	0	3230608
FOLD	14651	11206	11206	8622738	8622738	0	3230778
FOLD	14654	11207	11207	8623506	8623506	0	3232492
FOLD	14655	11208	11208	8624274	8624274	0	3232662
FOLD	14658	11209	11209	8625042	8625042	0	3233901
FOLD	14661	11210	11210	8625813	8625813	0	3234641
FOLD	14662	11211	11211	8626584	8626584	0	3235271
FOLD	14665	11212	11212	8627355	8627355	0	3236163
FOLD	14666	11213	11213	8628126	8628126	0	3236883
FOLD	14667	11214	11214	8628894	8628894	0	3237075
FOLD	14668	11215	11215	8629665	8629665	0	3237215
FOLD	14669	11216	11216	8630433	8630433	0	3237834
FOLD	14670	11217	11217	8631204	8631204	0	3238470
FOLD	14679	11218	11218	8631972	8631972	0	3241545
FOLD	14680	11219	11219	8632743	8632743	0	3241711
FOLD	14681	11220	11220	8633511	8633511	0	3242370
FOLD	14682	11221	11221	8634282	8634282	0	3242966
FOLD	14683	11222	11222	8635050	8635050	0	3243150
FOLD	14686	11223	11223	8635818	8635818	0	3244612
FOLD	14693	11224	11224	8636589	8636589	0	3246995
FOLD	14694	11225	11225	8637360	8637360	0	3247643
FOLD	14695	11226	11226	8638128	8638128	0	3247868
FOLD	14696	11227	11227	8638899	8638899	0	3248224
FOLD	14697	11228	11228	8639667	8639667	0	3248813
FOLD	14698	11229	11229	8640438	8640438	0	3249400
FOLD	14707	11230	11230	8641206	8641206	0	3253298
FOLD	14708	11231	11231	8641977	8641977	0	3253511
FOLD	14709	11232	11232	8642745	8642745	0	3254100
FOLD	14710	11233	11233	8643516	8643516	0	3254942
FOLD	14711	11234	11234	8644284	8644284	0	3255313
FOLD	14714	11235	11235	8645052	8645052	0	3256664
FOLD	14715	11236	11236	8645820	8645820	0	3256905
FOLD	14718	11237	11237	8646588	8646588	0	3258381
FOLD	14719	11238	11238	8647356	8647356	0	3258620
FOLD	14720	11239	11239	8648127	8648127	0	3258903
FOLD	14721	11240	11240	8648895	8648895	0	3259503
FOLD	14722	11241	11241	8649666	8649666	0	3260125
FOLD	14725	11242	11242	8650437	8650437	0	3261056
FOLD	14726	11243	11243	8651208	8651208	0	3261676
FOLD	14729	11244	11244	8651979	8651979	0	3262736
FOLD	14730	11245	11245	8652750	8652750	0	3263429
FOLD	14731	11246	11246	8653518	8653518	0	3263756
FOLD	14732	11247	11247	8654289	8654289	0	3263998
FOLD	14733	11248	11248	8655057	8655057	0	3264656
FOLD	14734	11249	11249	8655828	8655828	0	3265248
FOLD	14743	11250	11250	8656596	8656596	0	3268766
FOLD	14744	11251	11251	8657367	8657367	0	3269070
FOLD	14745	11252	11252	8658135	8658135	0	3269758
FOLD	14746	11253	11253	8658906	8658906	0	3270367
FOLD	14747	11254	11254	8659674	8659674	0	3270696
FOLD	14750	11255	11255	8660442	8660442	0	3272169
FOLD	14757	11256	11256	8661213	8661213	0	3274766
FOLD	14758	11257	11257	8661984	8661984	0	3275462
FOLD	14759	11258	11258	8662752	8662752	0	3275883
FOLD	14760	11259	11259	8663523	8663523	0	3276560
FOLD	14761	11260	11260	8664291	8664291	0	3277201
FOLD	14762	11261	11261	8665062	8665062	0	3277800
FOLD	14771	11262	11262	8665830	8665830	0	3282420
FOLD	14772	11263	11263	8666601	8666601	0	3282826
FOLD	14773	11264	11264	8667369	8667369	0	3283461
FOLD	14774	11265	11265	8668140	8668140	0	3284277
FOLD	14775	11266	11266	8668908	8668908	0	3284725
FOLD	14778	11267	11267	8669676	8669676	0	3286353
FOLD	14779	11268	11268	8670444	8670444	0	3286775
FOLD	14782	11269	11269	8671212	8671212	0	3288306
FOLD	14785	11270	11270	8671983	8671983	0	3289362
FOLD	14786	11271	11271	8672754	8672754	0	3290001
FOLD	14789	11272	11272	8673525	8673525	0	3291350
FOLD	14790	11273	11273	8674296	8674296	0	3292047
FOLD	14791	11274	11274	8675064	8675064	0	3292529
FOLD	14792	11275	11275	8675835	8675835	0	3292941
FOLD	14793	11276	11276	8676603	8676603	0	3293547
FOLD	14794	11277	11277	8677374	8677374	0	3294227
FOLD	14803	11278	11278	8678142	8678142	0	3298258
FOLD	14804	11279	11279	8678913	8678913	0	3298786
FOLD	14805	11280	11280	8679681	8679681	0	3299437
FOLD	14806	11281	11281	8680452	8680452	0	3300149
FOLD	14807	11282	11282	8681220	8681220	0	3300718
FOLD	14810	11283	11283	8681988	8681988	0	3302284
FOLD	14817	11284	11284	8682759	8682759	0	3305509
FOLD	14820	11285	11285	8683527	8683527	0	3308716
FOLD	14821	11286	11286	8684295	8684295	0	3309390
FOLD	14832	11287	11287	8685063	8685063	0	3315811
FOLD	14833	11288	11288	8685831	8685831	0	3316471
FOLD	14834	11289	11289	8686602	8686602	0	3317103
FOLD	14835	11290	11290	8687370	8687370	0	3317698
FOLD	14836	11291	11291	8688141	8688141	0	3318345
FOLD	14837	11292	11292	8688909	8688909	0	3318938
FOLD	14838	11293	11293	8689680	8689680	0	3319633
FOLD	14839	11294	11294	8690448	8690448	0	3320331
FOLD	14840	11295	11295	8691219	8691219	0	3320926
FOLD	14841	11296	11296	8691987	8691987	0	3321518
FOLD	14842	11297	11297	8692758	8692758	0	3322173
FOLD	14845	11298	11298	8693529	8693529	0	3323493
FOLD	14848	11299	11299	8694300	8694300	0	3324877
FOLD	14849	11300	11300	8695068	8695068	0	3324984
FOLD	14850	11301	11301	8695836	8695836	0	3325701
FOLD	14851	11302	11302	8696607	8696607	0	3326348
FOLD	14860	11303	11303	8697375	8697375	0	3329194
FOLD	14861	11304	11304	8698146	8698146	0	3329290
FOLD	14862	11305	11305	8698914	8698914	0	3329890
FOLD	14863	11306	11306	8699685	8699685	0	3330482
FOLD	14864	11307	11307	8700453	8700453	0	3330562
FOLD	14867	11308	11308	8701221	8701221	0	3331917
FOLD	14874	11309	11309	8701992	8701992	0	3334290
FOLD	14875	11310	11310	8702763	8702763	0	3334908
FOLD	14876	11311	11311	8703531	8703531	0	3335049
FOLD	14877	11312	11312	8704302	8704302	0	3335203
FOLD	14878	11313	11313	8705070	8705070	0	3335813
FOLD	14879	11314	11314	8705841	8705841	0	3336412
FOLD	14888	11315	11315	8706609	8706609	0	3339703
FOLD	14889	11316	11316	8707380	8707380	0	3339801
FOLD	14890	11317	11317	8708148	8708148	0	3340396
FOLD	14891	11318	11318	8708919	8708919	0	3341094
FOLD	14892	11319	11319	8709687	8709687	0	3341211
FOLD	14895	11320	11320	8710455	8710455	0	3343227
FOLD	14896	11321	11321	8711223	8711223	0	3343348
FOLD	14899	11322	11322	8711991	8711991	0	3344744
FOLD	14902	11323	11323	8712762	8712762	0	3345510
FOLD	14903	11324	11324	8713533	8713533	0	3346189
FOLD	14906	11325	11325	8714304	8714304	0	3347123
FOLD	14907	11326	11326	8715075	8715075	0	3347755
FOLD	14908	11327	11327	8715843	8715843	0	3347894
FOLD	14909	11328	11328	8716614	8716614	0	3348004
FOLD	14910	11329	11329	8717382	8717382	0	3348703
FOLD	14911	11330	11330	8718153	8718153	0	3349366
FOLD	14920	11331	11331	8718921	8718921	0	3352608
FOLD	14921	11332	11332	8719692	8719692	0	3352745
FOLD	14922	11333	11333	8720460	8720460	0	3353441
FOLD	14923	11334	11334	8721231	8721231	0	3354036
FOLD	14924	11335	11335	8721999	8721999	0	3354191
FOLD	14927	11336	11336	8722767	8722767	0	3355569
FOLD	14934	11337	11337	8723538	8723538	0	3358038
FOLD	14935	11338	11338	8724309	8724309	0	3358724
FOLD	14936	11339	11339	8725077	8725077	0	3358917
FOLD	14937	11340	11340	8725848	8725848	0	3359220
FOLD	14938	11341	11341	8726616	8726616	0	3359824
FOLD	14939	11342	11342	8727387	8727387	0	3360490
FOLD	14948	11343	11343	8728155	8728155	0	3364361
FOLD	14949	11344	11344	8728926	8728926	0	3364550
FOLD	14950	11345	11345	8729694	8729694	0	3365150
FOLD	14951	11346	11346	8730465	8730465	0	3365785
FOLD	14952	11347	11347	8731233	8731233	0	3366085
FOLD	14955	11348	11348	8732001	8732001	0	3367468
FOLD	14956	11349	11349	8732769	8732769	0	3367777
FOLD	14959	11350	11350	8733537	8733537	0	3369102
FOLD	14960	11351	11351	8734305	8734305	0	3369321
FOLD	14961	11352	11352	8735076	8735076	0	3369572
FOLD	14962	11353	11353	8735844	8735844	0	3370275
FOLD	14963	11354	11354	8736615	8736615	0	3370907
FOLD	14966	11355	11355	8737386	8737386	0	3371866
FOLD	14967	11356	11356	8738157	8738157	0	3372488
FOLD	14970	11357	11357	8738928	8738928	0	3373565
FOLD	14971	11358	11358	8739699	8739699	0	3374239
FOLD	14972	11359	11359	8740467	8740467	0	3374520
FOLD	14973	11360	11360	8741238	8741238	0	3374744
FOLD	14974	11361	11361	8742006	8742006	0	3375392
FOLD	14975	11362	11362	8742777	8742777	0	3376052
FOLD	14984	11363	11363	8743545	8743545	0	3379471
FOLD	14985	11364	11364	8744316	8744316	0	3379780
FOLD	14986	11365	11365	8745084	8745084	0	3380391
FOLD	14987	11366	11366	8745855	8745855	0	3381042
FOLD	14988	11367	11367	8746623	8746623	0	3381352
FOLD	14991	11368	11368	8747391	8747391	0	3382760
FOLD	14998	11369	11369	8748162	8748162	0	3385493
FOLD	14999	11370	11370	8748933	8748933	0	3386288
FOLD	15000	11371	11371	8749701	8749701	0	3386646
FOLD	15001	11372	11372	8750472	8750472	0	3387252
FOLD	15002	11373	11373	8751240	8751240	0	3387886
FOLD	15003	11374	11374	8752011	8752011	0	3388553
FOLD	15012	11375	11375	8752779	8752779	0	3393305
FOLD	15013	11376	11376	8753550	8753550	0	3393662
FOLD	15014	11377	11377	8754318	8754318	0	3394364
FOLD	15015	11378	11378	8755089	8755089	0	3394980
FOLD	15016	11379	11379	8755857	8755857	0	3395369
FOLD	15019	11380	11380	8756625	8756625	0	3396898
FOLD	15020	11381	11381	8757393	8757393	0	3397298
FOLD	15023	11382	11382	8758161	8758161	0	3398943
FOLD	15026	11383	11383	8758932	8758932	0	3399996
FOLD	15027	11384	11384	8759703	8759703	0	3400791
FOLD	15030	11385	11385	8760474	8760474	0	3402202
FOLD	15031	11386	11386	8761245	8761245	0	3402791
FOLD	15032	11387	11387	8762013	8762013	0	3403271
FOLD	15033	11388	11388	8762784	8762784	0	3403691
FOLD	15034	11389	11389	8763552	8763552	0	3404289
FOLD	15035	11390	11390	8764323	8764323	0	3404880
FOLD	15044	11391	11391	8765091	8765091	0	3408990
FOLD	15045	11392	11392	8765862	8765862	0	3409455
FOLD	15046	11393	11393	8766630	8766630	0	3410058
FOLD	15047	11394	11394	8767401	8767401	0	3410670
FOLD	15048	11395	11395	8768169	8768169	0	3411257
FOLD	15061	11396	11396	8768934	8768934	0	3419030
FOLD	15070	11397	11397	8769702	8769702	0	3424858
FOLD	15071	11398	11398	8770473	8770473	0	3425575
FOLD	15072	11399	11399	8771241	8771241	0	3426307
FOLD	15073	11400	11400	8772012	8772012	0	3426974
FOLD	15074	11401	11401	8772780	8772780	0	3427790
FOLD	15075	11402	11402	8773551	8773551	0	3428452
FOLD	15076	11403	11403	8774319	8774319	0	3429088
FOLD	15077	11404	11404	8775090	8775090	0	3429767
FOLD	15078	11405	11405	8775858	8775858	0	3430410
FOLD	15079	11406	11406	8776629	8776629	0	3431183
FOLD	15080	11407	11407	8777397	8777397	0	3431978
FOLD	15081	11408	11408	8778168	8778168	0	3432660
FOLD	15084	11409	11409	8778939	8778939	0	3434351
FOLD	15087	11410	11410	8779710	8779710	0	3435765
FOLD	15088	11411	11411	8780478	8780478	0	3435890
FOLD	15089	11412	11412	8781246	8781246	0	3436651
FOLD	15090	11413	11413	8782017	8782017	0	3437366
FOLD	15099	11414	11414	8782785	8782785	0	3440530
FOLD	15100	11415	11415	8783556	8783556	0	3440614
FOLD	15101	11416	11416	8784324	8784324	0	3441373
FOLD	15102	11417	11417	8785095	8785095	0	3442059
FOLD	15103	11418	11418	8785863	8785863	0	3442153
FOLD	15106	11419	11419	8786631	8786631	0	3443571
FOLD	15113	11420	11420	8787402	8787402	0	3445932
FOLD	15114	11421	11421	8788173	8788173	0	3446688
FOLD	15115	11422	11422	8788941	8788941	0	3446803
FOLD	15116	11423	11423	8789712	8789712	0	3446965
FOLD	15117	11424	11424	8790480	8790480	0	3447696
FOLD	15118	11425	11425	8791251	8791251	0	3448423
FOLD	15127	11426	11426	8792019	8792019	0	3451939
FOLD	15128	11427	11427	8792790	8792790	0	3452052
FOLD	15129	11428	11428	8793558	8793558	0	3452677
FOLD	15130	11429	11429	8794329	8794329	0	3453299
FOLD	15131	11430	11430	8795097	8795097	0	3453420
FOLD	15134	11431	11431	8795865	8795865	0	3455439
FOLD	15135	11432	11432	8796633	8796633	0	3455570
FOLD	15138	11433	11433	8797401	8797401	0	3457165
FOLD	15141	11434	11434	8798172	8798172	0	3458045
FOLD	15142	11435	11435	8798943	8798943	0	3458681
FOLD	15145	11436	11436	8799714	8799714	0	3459583
FOLD	15146	11437	11437	8800485	8800485	0	3460327
FOLD	15147	11438	11438	8801253	8801253	0	3460479
FOLD	15148	11439	11439	8802024	8802024	0	3460594
FOLD	15149	11440	11440	8802792	8802792	0	3461235
FOLD	15150	11441	11441	8803563	8803563	0	3461988
FOLD	15159	11442	11442	8804331	8804331	0	3465274
FOLD	15160	11443	11443	8805102	8805102	0	3465457
FOLD	15161	11444	11444	8805870	8805870	0	3466133
FOLD	15162	11445	11445	8806641	8806641	0	3466860
FOLD	15163	11446	11446	8807409	8807409	0	3467060
FOLD	15166	11447	11447	8808177	8808177	0	3468679
FOLD	15173	11448	11448	8808948	8808948	0	3471131
FOLD	15174	11449	11449	8809719	8809719	0	3471835
FOLD	15175	11450	11450	8810487	8810487	0	3472044
FOLD	15176	11451	11451	8811258	8811258	0	3472370
FOLD	15177	11452	11452	8812026	8812026	0	3473065
FOLD	15178	11453	11453	8812797	8812797	0	3473720
FOLD	15187	11454	11454	8813565	8813565	0	3477868
FOLD	15188	11455	11455	8814336	8814336	0	3478104
FOLD	15189	11456	11456	8815104	8815104	0	3478833
FOLD	15190	11457	11457	8815875	8815875	0	3479492
FOLD	15191	11458	11458	8816643	8816643	0	3479758
FOLD	15194	11459	11459	8817411	8817411	0	3481285
FOLD	15195	11460	11460	8818179	8818179	0	3481530
FOLD	15198	11461	11461	8818947	8818947	0	3483048
FOLD	15199	11462	11462	8819715	8819715	0	3483313
FOLD	15200	11463	11463	8820486	8820486	0	3483554
FOLD	15201	11464	11464	8821254	8821254	0	3484231
FOLD	15202	11465	11465	8822025	8822025	0	3484996
FOLD	15205	11466	11466	8822796	8822796	0	3485933
FOLD	15206	11467	11467	8823567	8823567	0	3486590
FOLD	15209	11468	11468	8824338	8824338	0	3487637
FOLD	15210	11469	11469	8825109	8825109	0	3488384
FOLD	15211	11470	11470	8825877	8825877	0	3488771
FOLD	15212	11471	11471	8826648	8826648	0	3489012
FOLD	15213	11472	11472	8827416	8827416	0	3489650
FOLD	15214	11473	11473	8828187	8828187	0	3490310
FOLD	15223	11474	11474	8828955	8828955	0	3494018
FOLD	15224	11475	11475	8829726	8829726	0	3494338
FOLD	15225	11476	11476	8830494	8830494	0	3494983
FOLD	15226	11477	11477	8831265	8831265	0	3495625
FOLD	15227	11478	11478	8832033	8832033	0	3495978
FOLD	15230	11479	11479	8832801	8832801	0	3497604
FOLD	15237	11480	11480	8833572	8833572	0	3500479
FOLD	15238	11481	11481	8834343	8834343	0	3501128
FOLD	15239	11482	11482	8835111	8835111	0	3501509
FOLD	15240	11483	11483	8835882	8835882	0	3502200
FOLD	15241	11484	11484	8836650	8836650	0	3502869
FOLD	15242	11485	11485	8837421	8837421	0	3503525
FOLD	15251	11486	11486	8838189	8838189	0	3508862
FOLD	15252	11487	11487	8838960	8838960	0	3509239
FOLD	15253	11488	11488	8839728	8839728	0	3509913
FOLD	15254	11489	11489	8840499	8840499	0	3510554
FOLD	15255	11490	11490	8841267	8841267	0	3510967
FOLD	15258	11491	11491	8842035	8842035	0	3512646
FOLD	15259	11492	11492	8842803	8842803	0	3513067
FOLD	15262	11493	11493	8843571	8843571	0	3514683
FOLD	15265	11494	11494	8844342	8844342	0	3515836
FOLD	15266	11495	11495	8845113	8845113	0	3516501
FOLD	15269	11496	11496	8845884	8845884	0	3517930
FOLD	15270	11497	11497	8846655	8846655	0	3518556
FOLD	15271	11498	11498	8847423	8847423	0	3519029
FOLD	15272	11499	11499	8848194	8848194	0	3519518
FOLD	15273	11500	11500	8848962	8848962	0	3520200
FOLD	15274	11501	11501	8849733	8849733	0	3520925
FOLD	15285	11502	11502	8850498	8850498	0	3527540
FOLD	15290	11503	11503	8851263	8851263	0	3530164
FOLD	15305	11504	11504	8852034	8852034	0	3538963
FOLD	15306	11505	11505	8852805	8852805	0	3539715
FOLD	15307	11506	11506	8853573	8853573	0	3540489
FOLD	15308	11507	11507	8854344	8854344	0	3541305
FOLD	15309	11508	11508	8855112	8855112	0	3542026
FOLD	15310	11509	11509	8855883	8855883	0	3542763
FOLD	15311	11510	11510	8856651	8856651	0	3543470
FOLD	15312	11511	11511	8857422	8857422	0	3544268
FOLD	15313	11512	11512	8858190	8858190	0	3545029
FOLD	15314	11513	11513	8858961	8858961	0	3545795
FOLD	15315	11514	11514	8859729	8859729	0	3546510
FOLD	15316	11515	11515	8860500	8860500	0	3547212
FOLD	15317	11516	11516	8861268	8861268	0	3547292
FOLD	15318	11517	11517	8862036	8862036	0	3548043
FOLD	15319	11518	11518	8862807	8862807	0	3548788
FOLD	15322	11519	11519	8863578	8863578	0	3550262
FOLD	15325	11520	11520	8864349	8864349	0	3551683
FOLD	15326	11521	11521	8865117	8865117	0	3551807
FOLD	15327	11522	11522	8865888	8865888	0	3551877
FOLD	15328	11523	11523	8866656	8866656	0	3552675
FOLD	15329	11524	11524	8867427	8867427	0	3553384
FOLD	15338	11525	11525	8868195	8868195	0	3556354
FOLD	15339	11526	11526	8868966	8868966	0	3556476
FOLD	15340	11527	11527	8869734	8869734	0	3557217
FOLD	15341	11528	11528	8870505	8870505	0	3558040
FOLD	15342	11529	11529	8871273	8871273	0	3558137
FOLD	15345	11530	11530	8872041	8872041	0	3559711
FOLD	15352	11531	11531	8872812	8872812	0	3562106
FOLD	15353	11532	11532	8873583	8873583	0	3562866
FOLD	15354	11533	11533	8874351	8874351	0	3562980
FOLD	15355	11534	11534	8875122	8875122	0	3563158
FOLD	15356	11535	11535	8875890	8875890	0	3563849
FOLD	15357	11536	11536	8876661	8876661	0	3564553
FOLD	15366	11537	11537	8877429	8877429	0	3568311
FOLD	15367	11538	11538	8878200	8878200	0	3568436
FOLD	15368	11539	11539	8878968	8878968	0	3569169
FOLD	15369	11540	11540	8879739	8879739	0	3569938
FOLD	15370	11541	11541	8880507	8880507	0	3570068
FOLD	15373	11542	11542	8881275	8881275	0	3572055
FOLD	15374	11543	11543	8882043	8882043	0	3572228
FOLD	15377	11544	11544	8882811	8882811	0	3573746
FOLD	15380	11545	11545	8883582	8883582	0	3574638
FOLD	15381	11546	11546	8884353	8884353	0	3575383
FOLD	15384	11547	11547	8885124	8885124	0	3576461
FOLD	15385	11548	11548	8885895	8885895	0	3577249
FOLD	15386	11549	11549	8886663	8886663	0	3577403
FOLD	15387	11550	11550	8887434	8887434	0	3577527
FOLD	15388	11551	11551	8888202	8888202	0	3578277
FOLD	15389	11552	11552	8888973	8888973	0	3578996
FOLD	15398	11553	11553	8889741	8889741	0	3582304
FOLD	15399	11554	11554	8890512	8890512	0	3582460
FOLD	15400	11555	11555	8891280	8891280	0	3583174
FOLD	15401	11556	11556	8892051	8892051	0	3583871
FOLD	15402	11557	11557	8892819	8892819	0	3584054
FOLD	15405	11558	11558	8893587	8893587	0	3585511
FOLD	15412	11559	11559	8894358	8894358	0	3588269
FOLD	15413	11560	11560	8895129	8895129	0	3588915
FOLD	15414	11561	11561	8895897	8895897	0	3589162
FOLD	15415	11562	11562	8896668	8896668	0	3589536
FOLD	15416	11563	11563	8897436	8897436	0	3590180
FOLD	15417	11564	11564	8898207	8898207	0	3590909
FOLD	15426	11565	11565	8898975	8898975	0	3595069
FOLD	15427	11566	11566	8899746	8899746	0	3595286
FOLD	15428	11567	11567	8900514	8900514	0	3595937
FOLD	15429	11568	11568	8901285	8901285	0	3596696
FOLD	15430	11569	11569	8902053	8902053	0	3596952
FOLD	15433	11570	11570	8902821	8902821	0	3598494
FOLD	15434	11571	11571	8903589	8903589	0	3598736
FOLD	15437	11572	11572	8904357	8904357	0	3600238
FOLD	15438	11573	11573	8905125	8905125	0	3600485
FOLD	15439	11574	11574	8905896	8905896	0	3600717
FOLD	15440	11575	11575	8906664	8906664	0	3601380
FOLD	15441	11576	11576	8907435	8907435	0	3602033
FOLD	15444	11577	11577	8908206	8908206	0	3602949
FOLD	15445	11578	11578	8908977	8908977	0	3603717
FOLD	15448	11579	11579	8909748	8909748	0	3604782
FOLD	15449	11580	11580	8910519	8910519	0	3605439
FOLD	15450	11581	11581	8911287	8911287	0	3605736
FOLD	15451	11582	11582	8912058	8912058	0	3606005
FOLD	15452	11583	11583	8912826	8912826	0	3606664
FOLD	15453	11584	11584	8913597	8913597	0	3607294
FOLD	15462	11585	11585	8914365	8914365	0	3610939
FOLD	15463	11586	11586	8915136	8915136	0	3611239
FOLD	15464	11587	11587	8915904	8915904	0	3612031
FOLD	15465	11588	11588	8916675	8916675	0	3612713
FOLD	15466	11589	11589	8917443	8917443	0	3613050
FOLD	15469	11590	11590	8918211	8918211	0	3614549
FOLD	15476	11591	11591	8918982	8918982	0	3617476
FOLD	15477	11592	11592	8919753	8919753	0	3618155
FOLD	15478	11593	11593	8920521	8920521	0	3618544
FOLD	15479	11594	11594	8921292	8921292	0	3619272
FOLD	15480	11595	11595	8922060	8922060	0	3619991
FOLD	15481	11596	11596	8922831	8922831	0	3620798
FOLD	15490	11597	11597	8923599	8923599	0	3625849
FOLD	15491	11598	11598	8924370	8924370	0	3626391
FOLD	15492	11599	11599	8925138	8925138	0	3627069
FOLD	15493	11600	11600	8925909	8925909	0	3627862
FOLD	15494	11601	11601	8926677	8926677	0	3628340
FOLD	15497	11602	11602	8927445	8927445	0	3630029
FOLD	15498	11603	11603	8928213	8928213	0	3630473
FOLD	15501	11604	11604	8928981	8928981	0	3632083
FOLD	15504	11605	11605	8929752	8929752	0	3633183
FOLD	15505	11606	11606	8930523	8930523	0	3633864
FOLD	15508	11607	11607	8931294	8931294	0	3635226
FOLD	15509	11608	11608	8932065	8932065	0	3635940
FOLD	15510	11609	11609	8932833	8932833	0	3636488
FOLD	15511	11610	11610	8933604	8933604	0	3636921
FOLD	15512	11611	11611	8934372	8934372	0	3637604
FOLD	15541	11612	11612	8935137	8935137	0	3654222
FOLD	15542	11613	11613	8935905	8935905	0	3654921
FOLD	15543	11614	11614	8936676	8936676	0	3655740
FOLD	15544	11615	11615	8937444	8937444	0	3656483
FOLD	15545	11616	11616	8938215	8938215	0	3657288
FOLD	15546	11617	11617	8938983	8938983	0	3657996
FOLD	15547	11618	11618	8939754	8939754	0	3658656
FOLD	15548	11619	11619	8940522	8940522	0	3659328
FOLD	15549	11620	11620	8941293	8941293	0	3660156
FOLD	15550	11621	11621	8942061	8942061	0	3660889
FOLD	15551	11622	11622	8942832	8942832	0	3661554
FOLD	15552	11623	11623	8943600	8943600	0	3661626
FOLD	15553	11624	11624	8944368	8944368	0	3662279
FOLD	15554	11625	11625	8945139	8945139	0	3663037
FOLD	15555	11626	11626	8945907	8945907	0	3663149
FOLD	15556	11627	11627	8946675	8946675	0	3663830
FOLD	15557	11628	11628	8947446	8947446	0	3664566
FOLD	15560	11629	11629	8948217	8948217	0	3665946
FOLD	15563	11630	11630	8948988	8948988	0	3666721
FOLD	15564	11631	11631	8949759	8949759	0	3667467
FOLD	15565	11632	11632	8950527	8950527	0	3667583
FOLD	15566	11633	11633	8951298	8951298	0	3667643
FOLD	15567	11634	11634	8952066	8952066	0	3668538
FOLD	15568	11635	11635	8952837	8952837	0	3669222
FOLD	15577	11636	11636	8953605	8953605	0	3672432
FOLD	15578	11637	11637	8954376	8954376	0	3672511
FOLD	15579	11638	11638	8955144	8955144	0	3673282
FOLD	15580	11639	11639	8955915	8955915	0	3673957
FOLD	15581	11640	11640	8956683	8956683	0	3674037
FOLD	15584	11641	11641	8957451	8957451	0	3675547
FOLD	15591	11642	11642	8958222	8958222	0	3678042
FOLD	15592	11643	11643	8958993	8958993	0	3678789
FOLD	15593	11644	11644	8959761	8959761	0	3678905
FOLD	15594	11645	11645	8960532	8960532	0	3679077
FOLD	15595	11646	11646	8961300	8961300	0	3679846
FOLD	15596	11647	11647	8962071	8962071	0	3680567
FOLD	15605	11648	11648	8962839	8962839	0	3684542
FOLD	15606	11649	11649	8963610	8963610	0	3684657
FOLD	15607	11650	11650	8964378	8964378	0	3685322
FOLD	15608	11651	11651	8965149	8965149	0	3686281
FOLD	15609	11652	11652	8965917	8965917	0	3686412
FOLD	15612	11653	11653	8966685	8966685	0	3688457
FOLD	15613	11654	11654	8967453	8967453	0	3688586
FOLD	15616	11655	11655	8968221	8968221	0	3690094
FOLD	15619	11656	11656	8968992	8968992	0	3690921
FOLD	15620	11657	11657	8969763	8969763	0	3691749
FOLD	15623	11658	11658	8970534	8970534	0	3692690
FOLD	15624	11659	11659	8971305	8971305	0	3693360
FOLD	15625	11660	11660	8972073	8972073	0	3693536
FOLD	15626	11661	11661	8972844	8972844	0	3693668
FOLD	15627	11662	11662	8973612	8973612	0	3694431
FOLD	15628	11663	11663	8974383	8974383	0	3695103
FOLD	15637	11664	11664	8975151	8975151	0	3698673
FOLD	15638	11665	11665	8975922	8975922	0	3698832
FOLD	15639	11666	11666	8976690	8976690	0	3699679
FOLD	15640	11667	11667	8977461	8977461	0	3700355
FOLD	15641	11668	11668	8978229	8978229	0	3700527
FOLD	15644	11669	11669	8978997	8978997	0	3702150
FOLD	15651	11670	11670	8979768	8979768	0	3704918
FOLD	15652	11671	11671	8980539	8980539	0	3705706
FOLD	15653	11672	11672	8981307	8981307	0	3705913
FOLD	15654	11673	11673	8982078	8982078	0	3706242
FOLD	15655	11674	11674	8982846	8982846	0	3706906
FOLD	15656	11675	11675	8983617	8983617	0	3707673
FOLD	15665	11676	11676	8984385	8984385	0	3712293
FOLD	15666	11677	11677	8985156	8985156	0	3712516
FOLD	15667	11678	11678	8985924	8985924	0	3713254
FOLD	15668	11679	11679	8986695	8986695	0	3714041
FOLD	15669	11680	11680	8987463	8987463	0	3714295
FOLD	15672	11681	11681	8988231	8988231	0	3715963
FOLD	15673	11682	11682	8988999	8988999	0	3716288
FOLD	15676	11683	11683	8989767	8989767	0	3718237
FOLD	15677	11684	11684	8990535	8990535	0	3718566
FOLD	15678	11685	11685	8991306	8991306	0	3718864
FOLD	15679	11686	11686	8992074	8992074	0	3719862
FOLD	15680	11687	11687	8992845	8992845	0	3720676
FOLD	15683	11688	11688	8993616	8993616	0	3721733
FOLD	15684	11689	11689	8994387	8994387	0	3722495
FOLD	15687	11690	11690	8995158	8995158	0	3724043
FOLD	15688	11691	11691	8995929	8995929	0	3724792
FOLD	15689	11692	11692	8996697	8996697	0	3725097
FOLD	15690	11693	11693	8997468	8997468	0	3725336
FOLD	15691	11694	11694	8998236	8998236	0	3726011
FOLD	15692	11695	11695	8999007	8999007	0	3726693
FOLD	15701	11696	11696	8999775	8999775	0	3730438
FOLD	15702	11697	11697	9000546	9000546	0	3730868
FOLD	15703	11698	11698	9001314	9001314	0	3731637
FOLD	15704	11699	11699	9002085	9002085	0	3732384
FOLD	15705	11700	11700	9002853	9002853	0	3732780
FOLD	15708	11701	11701	9003621	9003621	0	3734308
FOLD	15715	11702	11702	9004392	9004392	0	3737313
FOLD	15716	11703	11703	9005163	9005163	0	3738374
FOLD	15717	11704	11704	9005931	9005931	0	3738779
FOLD	15718	11705	11705	9006702	9006702	0	3739967
FOLD	15719	11706	11706	9007470	9007470	0	3740778
FOLD	15720	11707	11707	9008241	9008241	0	3741630
FOLD	15729	11708	11708	9009009	9009009	0	3746843
FOLD	15730	11709	11709	9009780	9009780	0	3747273
FOLD	15731	11710	11710	9010548	9010548	0	3748077
FOLD	15732	11711	11711	9011319	9011319	0	3748798
FOLD	15733	11712	11712	9012087	9012087	0	3749248
FOLD	15736	11713	11713	9012855	9012855	0	3750870
FOLD	15737	11714	11714	9013623	9013623	0	3751335
FOLD	15740	11715	11715	9014391	9014391	0	3752957
FOLD	15743	11716	11716	9015162	9015162	0	3754209
FOLD	15750	11717	11717	9015930	9015930	0	3759033
FOLD	15751	11718	11718	9016698	9016698	0	3759723
FOLD	15752	11719	11719	9017469	9017469	0	3760378
FOLD	15777	11720	11720	9018237	9018237	0	3773849
FOLD	15778	11721	11721	9019008	9019008	0	3774588
FOLD	15779	11722	11722	9019776	9019776	0	3775426
FOLD	15780	11723	11723	9020547	9020547	0	3776211
FOLD	15781	11724	11724	9021315	9021315	0	3776988
FOLD	15782	11725	11725	9022086	9022086	0	3777659
FOLD	15783	11726	11726	9022854	9022854	0	3778355
FOLD	15784	11727	11727	9023625	9023625	0	3779023
FOLD	15785	11728	11728	9024393	9024393	0	3779692
FOLD	15786	11729	11729	9025164	9025164	0	3780406
FOLD	15787	11730	11730	9025932	9025932	0	3780476
FOLD	15788	11731	11731	9026700	9026700	0	3781237
FOLD	15789	11732	11732	9027471	9027471	0	3781955
FOLD	15790	11733	11733	9028239	9028239	0	3782014
FOLD	15791	11734	11734	9029007	9029007	0	3782733
FOLD	15792	11735	11735	9029778	9029778	0	3783496
FOLD	15793	11736	11736	9030546	9030546	0	3783564
FOLD	15794	11737	11737	9031314	9031314	0	3784347
FOLD	15795	11738	11738	9032085	9032085	0	3785034
FOLD	15798	11739	11739	9032856	9032856	0	3785778
FOLD	15799	11740	11740	9033627	9033627	0	3786543
FOLD	15802	11741	11741	9034398	9034398	0	3787303
FOLD	15803	11742	11742	9035169	9035169	0	3788027
FOLD	15804	11743	11743	9035937	9035937	0	3788138
FOLD	15805	11744	11744	9036708	9036708	0	3788197
FOLD	15806	11745	11745	9037476	9037476	0	3788941
FOLD	15807	11746	11746	9038247	9038247	0	3789801
FOLD	15816	11747	11747	9039015	9039015	0	3793374
FOLD	15817	11748	11748	9039786	9039786	0	3793464
FOLD	15818	11749	11749	9040554	9040554	0	3794149
FOLD	15819	11750	11750	9041325	9041325	0	3794829
FOLD	15820	11751	11751	9042093	9042093	0	3794918
FOLD	15823	11752	11752	9042861	9042861	0	3796482
FOLD	15830	11753	11753	9043632	9043632	0	3799087
FOLD	15831	11754	11754	9044403	9044403	0	3799781
FOLD	15832	11755	11755	9045171	9045171	0	3799888
FOLD	15833	11756	11756	9045942	9045942	0	3800052
FOLD	15834	11757	11757	9046710	9046710	0	3800881
FOLD	15835	11758	11758	9047481	9047481	0	3801673
FOLD	15844	11759	11759	9048249	9048249	0	3805453
FOLD	15845	11760	11760	9049020	9049020	0	3805584
FOLD	15846	11761	11761	9049788	9049788	0	3806359
FOLD	15847	11762	11762	9050559	9050559	0	3807060
FOLD	15848	11763	11763	9051327	9051327	0	3807185
FOLD	15851	11764	11764	9052095	9052095	0	3809233
FOLD	15852	11765	11765	9052863	9052863	0	3809364
FOLD	15855	11766	11766	9053631	9053631	0	3810996
FOLD	15858	11767	11767	9054402	9054402	0	3811921
FOLD	15859	11768	11768	9055173	9055173	0	3812641
FOLD	15862	11769	11769	9055944	9055944	0	3813623
FOLD	15863	11770	11770	9056715	9056715	0	3814380
FOLD	15864	11771	11771	9057483	9057483	0	3814533
FOLD	15865	11772	11772	9058254	9058254	0	3814655
FOLD	15866	11773	11773	9059022	9059022	0	3815487
FOLD	15867	11774	11774	9059793	9059793	0	3816270
FOLD	15876	11775	11775	9060561	9060561	0	3819633
FOLD	15877	11776	11776	9061332	9061332	0	3819855
FOLD	15878	11777	11777	9062100	9062100	0	3820622
FOLD	15879	11778	11778	9062871	9062871	0	3821367
FOLD	15880	11779	11779	9063639	9063639	0	3821557
FOLD	15883	11780	11780	9064407	9064407	0	3823247
FOLD	15890	11781	11781	9065178	9065178	0	3825917
FOLD	15891	11782	11782	9065949	9065949	0	3826685
FOLD	15892	11783	11783	9066717	9066717	0	3826906
FOLD	15893	11784	11784	9067488	9067488	0	3827265
FOLD	15894	11785	11785	9068256	9068256	0	3828071
FOLD	15895	11786	11786	9069027	9069027	0	3828788
FOLD	15904	11787	11787	9069795	9069795	0	3833393
FOLD	15905	11788	11788	9070566	9070566	0	3833641
FOLD	15906	11789	11789	9071334	9071334	0	3834371
FOLD	15907	11790	11790	9072105	9072105	0	3835078
FOLD	15908	11791	11791	9072873	9072873	0	3835397
FOLD	15911	11792	11792	9073641	9073641	0	3836980
FOLD	15912	11793	11793	9074409	9074409	0	3837295
FOLD	15915	11794	11794	9075177	9075177	0	3838835
FOLD	15916	11795	11795	9075945	9075945	0	3839125
FOLD	15917	11796	11796	9076716	9076716	0	3839417
FOLD	15918	11797	11797	9077484	9077484	0	3840149
FOLD	15919	11798	11798	9078255	9078255	0	3840888
FOLD	15922	11799	11799	9079026	9079026	0	3841941
FOLD	15923	11800	11800	9079797	9079797	0	3842631
FOLD	15926	11801	11801	9080568	9080568	0	3843869
FOLD	15927	11802	11802	9081339	9081339	0	3844610
FOLD	15928	11803	11803	9082107	9082107	0	3844971
FOLD	15929	11804	11804	9082878	9082878	0	3845227
FOLD	15930	11805	11805	9083646	9083646	0	3845954
FOLD	15931	11806	11806	9084417	9084417	0	3846650
FOLD	15940	11807	11807	9085185	9085185	0	3850676
FOLD	15941	11808	11808	9085956	9085956	0	3851047
FOLD	15942	11809	11809	9086724	9086724	0	3851864
FOLD	15943	11810	11810	9087495	9087495	0	3852593
FOLD	15944	11811	11811	9088263	9088263	0	3852977
FOLD	15947	11812	11812	9089031	9089031	0	3854671
FOLD	15954	11813	11813	9089802	9089802	0	3857751
FOLD	15955	11814	11814	9090573	9090573	0	3858517
FOLD	15956	11815	11815	9091341	9091341	0	3858967
FOLD	15957	11816	11816	9092112	9092112	0	3859750
FOLD	15958	11817	11817	9092880	9092880	0	3860506
FOLD	15959	11818	11818	9093651	9093651	0	3861208
FOLD	15968	11819	11819	9094419	9094419	0	3866562
FOLD	15969	11820	11820	9095190	9095190	0	3866982
FOLD	15970	11821	11821	9095958	9095958	0	3867795
FOLD	15971	11822	11822	9096729	9096729	0	3868510
FOLD	15972	11823	11823	9097497	9097497	0	3868972
FOLD	15983	11824	11824	9098259	9098259	0	3875370
FOLD	16010	11825	11825	9099030	9099030	0	3889729
FOLD	16011	11826	11826	9099801	9099801	0	3890453
FOLD	16012	11827	11827	9100569	9100569	0	3891230
FOLD	16013	11828	11828	9101340	9101340	0	3892030
FOLD	16014	11829	11829	9102108	9102108	0	3892766
FOLD	16015	11830	11830	9102879	9102879	0	3893477
FOLD	16016	11831	11831	9103647	9103647	0	3894192
FOLD	16017	11832	11832	9104418	9104418	0	3894981
FOLD	16018	11833	11833	9105186	9105186	0	3895780
FOLD	16019	11834	11834	9105957	9105957	0	3896591
FOLD	16020	11835	11835	9106725	9106725	0	3897417
FOLD	16021	11836	11836	9107496	9107496	0	3898124
FOLD	16022	11837	11837	9108264	9108264	0	3898190
FOLD	16023	11838	11838	9109032	9109032	0	3898973
FOLD	16024	11839	11839	9109803	9109803	0	3899807
FOLD	16025	11840	11840	9110571	9110571	0	3899877
FOLD	16026	11841	11841	9111339	9111339	0	3900612
FOLD	16027	11842	11842	9112110	9112110	0	3901338
FOLD	16028	11843	11843	9112878	9112878	0	3901403
FOLD	16029	11844	11844	9113646	9113646	0	3902098
FOLD	16030	11845	11845	9114417	9114417	0	3902826
FOLD	16031	11846	11846	9115185	9115185	0	3902890
FOLD	16032	11847	11847	9115956	9115956	0	3902952
FOLD	16033	11848	11848	9116724	9116724	0	3903683
FOLD	16034	11849	11849	9117495	9117495	0	3904532
FOLD	16037	11850	11850	9118266	9118266	0	3905504
FOLD	16038	11851	11851	9119037	9119037	0	3906233
FOLD	16041	11852	11852	9119808	9119808	0	3907020
FOLD	16042	11853	11853	9120579	9120579	0	3907742
FOLD	16043	11854	11854	9121347	9121347	0	3907858
FOLD	16044	11855	11855	9122118	9122118	0	3907917
FOLD	16045	11856	11856	9122886	9122886	0	3908694
FOLD	16046	11857	11857	9123657	9123657	0	3909485
FOLD	16055	11858	11858	9124425	9124425	0	3912805
FOLD	16056	11859	11859	9125196	9125196	0	3912895
FOLD	16057	11860	11860	9125964	9125964	0	3913657
FOLD	16058	11861	11861	9126735	9126735	0	3914495
FOLD	16059	11862	11862	9127503	9127503	0	3914638
FOLD	16062	11863	11863	9128271	9128271	0	3916263
FOLD	16069	11864	11864	9129042	9129042	0	3918722
FOLD	16070	11865	11865	9129813	9129813	0	3919436
FOLD	16071	11866	11866	9130581	9130581	0	3919554
FOLD	16072	11867	11867	9131352	9131352	0	3919737
FOLD	16073	11868	11868	9132120	9132120	0	3920536
FOLD	16074	11869	11869	9132891	9132891	0	3921320
FOLD	16083	11870	11870	9133659	9133659	0	3925302
FOLD	16084	11871	11871	9134430	9134430	0	3925428
FOLD	16085	11872	11872	9135198	9135198	0	3926240
FOLD	16086	11873	11873	9135969	9135969	0	3926965
FOLD	16087	11874	11874	9136737	9136737	0	3927102
FOLD	16090	11875	11875	9137505	9137505	0	3929307
FOLD	16091	11876	11876	9138273	9138273	0	3929472
FOLD	16094	11877	11877	9139041	9139041	0	3931093
FOLD	16097	11878	11878	9139812	9139812	0	3932036
FOLD	16098	11879	11879	9140583	9140583	0	3932762
FOLD	16101	11880	11880	9141354	9141354	0	3934005
FOLD	16102	11881	11881	9142125	9142125	0	3934738
FOLD	16103	11882	11882	9142893	9142893	0	3934931
FOLD	16104	11883	11883	9143664	9143664	0	3935077
FOLD	16105	11884	11884	9144432	9144432	0	3935917
FOLD	16106	11885	11885	9145203	9145203	0	3936685
FOLD	16115	11886	11886	9145971	9145971	0	3940451
FOLD	16116	11887	11887	9146742	9146742	0	3940636
FOLD	16117	11888	11888	9147510	9147510	0	3941451
FOLD	16118	11889	11889	9148281	9148281	0	3942165
FOLD	16119	11890	11890	9149049	9149049	0	3942375
FOLD	16122	11891	11891	9149817	9149817	0	3944051
FOLD	16129	11892	11892	9150588	9150588	0	3946889
FOLD	16130	11893	11893	9151359	9151359	0	3947634
FOLD	16131	11894	11894	9152127	9152127	0	3947907
FOLD	16132	11895	11895	9152898	9152898	0	3948318
FOLD	16133	11896	11896	9153666	9153666	0	3949103
FOLD	16134	11897	11897	9154437	9154437	0	3949850
FOLD	16143	11898	11898	9155205	9155205	0	3954755
FOLD	16144	11899	11899	9155976	9155976	0	3955035
FOLD	16145	11900	11900	9156744	9156744	0	3955810
FOLD	16146	11901	11901	9157515	9157515	0	3956570
FOLD	16147	11902	11902	9158283	9158283	0	3956859
FOLD	16150	11903	11903	9159051	9159051	0	3958505
FOLD	16151	11904	11904	9159819	9159819	0	3958864
FOLD	16154	11905	11905	9160587	9160587	0	3960576
FOLD	16155	11906	11906	9161355	9161355	0	3960875
FOLD	16156	11907	11907	9162126	9162126	0	3961153
FOLD	16157	11908	11908	9162894	9162894	0	3961884
FOLD	16158	11909	11909	9163665	9163665	0	3962667
FOLD	16161	11910	11910	9164436	9164436	0	3963761
FOLD	16162	11911	11911	9165207	9165207	0	3964535
FOLD	16165	11912	11912	9165978	9165978	0	3965733
FOLD	16166	11913	11913	9166749	9166749	0	3966464
FOLD	16167	11914	11914	9167517	9167517	0	3966806
FOLD	16168	11915	11915	9168288	9168288	0	3967081
FOLD	16169	11916	11916	9169056	9169056	0	3967904
FOLD	16170	11917	11917	9169827	9169827	0	3968737
FOLD	16179	11918	11918	9170595	9170595	0	3972814
FOLD	16180	11919	11919	9171366	9171366	0	3973161
FOLD	16181	11920	11920	9172134	9172134	0	3973967
FOLD	16182	11921	11921	9172905	9172905	0	3974732
FOLD	16183	11922	11922	9173673	9173673	0	3975128
FOLD	16186	11923	11923	9174441	9174441	0	3976944
FOLD	16193	11924	11924	9175212	9175212	0	3980160
FOLD	16194	11925	11925	9175983	9175983	0	3980928
FOLD	16195	11926	11926	9176751	9176751	0	3981409
FOLD	16196	11927	11927	9177522	9177522	0	3982214
FOLD	16197	11928	11928	9178290	9178290	0	3982953
FOLD	16198	11929	11929	9179061	9179061	0	3983760
FOLD	16209	11930	11930	9179826	9179826	0	3991422
FOLD	16214	11931	11931	9180591	9180591	0	3993980
FOLD	16215	11932	11932	9181359	9181359	0	3994472
FOLD	16246	11933	11933	9182133	9182133	0	4011183
FOLD	16247	11934	11934	9182901	9182901	0	4012025
FOLD	16248	11935	11935	9183672	9183672	0	4012846
FOLD	16249	11936	11936	9184440	9184440	0	4013694
FOLD	16250	11937	11937	9185211	9185211	0	4014502
FOLD	16251	11938	11938	9185979	9185979	0	4015358
FOLD	16252	11939	11939	9186750	9186750	0	4016166
FOLD	16253	11940	11940	9187518	9187518	0	4016983
FOLD	16254	11941	11941	9188289	9188289	0	4017786
FOLD	16255	11942	11942	9189057	9189057	0	4018538
FOLD	16256	11943	11943	9189828	9189828	0	4019272
FOLD	16257	11944	11944	9190596	9190596	0	4019359
FOLD	16258	11945	11945	9191364	9191364	0	4020300
FOLD	16259	11946	11946	9192135	9192135	0	4021195
FOLD	16260	11947	11947	9192903	9192903	0	4021277
FOLD	16261	11948	11948	9193671	9193671	0	4022155
FOLD	16262	11949	11949	9194442	9194442	0	4022900
FOLD	16263	11950	11950	9195210	9195210	0	4022983
FOLD	16264	11951	11951	9195978	9195978	0	4023759
FOLD	16265	11952	11952	9196749	9196749	0	4024515
FOLD	16266	11953	11953	9197517	9197517	0	4024597
FOLD	16267	11954	11954	9198288	9198288	0	4024683
FOLD	16268	11955	11955	9199056	9199056	0	4025407
FOLD	16269	11956	11956	9199827	9199827	0	4026187
FOLD	16270	11957	11957	9200595	9200595	0	4026273
FOLD	16271	11958	11958	9201366	9201366	0	4026348
FOLD	16272	11959	11959	9202134	9202134	0	4027069
FOLD	16273	11960	11960	9202905	9202905	0	4027797
FOLD	16276	11961	11961	9203676	9203676	0	4028618
FOLD	16277	11962	11962	9204447	9204447	0	4029477
FOLD	16280	11963	11963	9205218	9205218	0	4030405
FOLD	16281	11964	11964	9205989	9205989	0	4031341
FOLD	16282	11965	11965	9206757	9206757	0	4031489
FOLD	16283	11966	11966	9207528	9207528	0	4031573
FOLD	16284	11967	11967	9208296	9208296	0	4032415
FOLD	16285	11968	11968	9209067	9209067	0	4033171
FOLD	16294	11969	11969	9209835	9209835	0	4036590
FOLD	16295	11970	11970	9210606	9210606	0	4036696
FOLD	16296	11971	11971	9211374	9211374	0	4037413
FOLD	16297	11972	11972	9212145	9212145	0	4038230
FOLD	16298	11973	11973	9212913	9212913	0	4038369
FOLD	16301	11974	11974	9213681	9213681	0	4040010
FOLD	16308	11975	11975	9214452	9214452	0	4042667
FOLD	16309	11976	11976	9215223	9215223	0	4043476
FOLD	16310	11977	11977	9215991	9215991	0	4043699
FOLD	16311	11978	11978	9216762	9216762	0	4043934
FOLD	16312	11979	11979	9217530	9217530	0	4044645
FOLD	16313	11980	11980	9218301	9218301	0	4045496
FOLD	16322	11981	11981	9219069	9219069	0	4049736
FOLD	16323	11982	11982	9219840	9219840	0	4049886
FOLD	16324	11983	11983	9220608	9220608	0	4050697
FOLD	16325	11984	11984	9221379	9221379	0	4051554
FOLD	16326	11985	11985	9222147	9222147	0	4051759
FOLD	16329	11986	11986	9222915	9222915	0	4054030
FOLD	16330	11987	11987	9223683	9223683	0	4054198
FOLD	16333	11988	11988	9224451	9224451	0	4055836
FOLD	16336	11989	11989	9225222	9225222	0	4056757
FOLD	16337	11990	11990	9225993	9225993	0	4057465
FOLD	16340	11991	11991	9226764	9226764	0	4058563
FOLD	16341	11992	11992	9227535	9227535	0	4059310
FOLD	16342	11993	11993	9228303	9228303	0	4059573
FOLD	16343	11994	11994	9229074	9229074	0	4059783
FOLD	16344	11995	11995	9229842	9229842	0	4060621
FOLD	16345	11996	11996	9230613	9230613	0	4061442
FOLD	16354	11997	11997	9231381	9231381	0	4065086
FOLD	16355	11998	11998	9232152	9232152	0	4065281
FOLD	16356	11999	11999	9232920	9232920	0	4065998
FOLD	16357	12000	12000	9233691	9233691	0	4066790
FOLD	16358	12001	12001	9234459	9234459	0	4067009
FOLD	16361	12002	12002	9235227	9235227	0	4068641
FOLD	16368	12003	12003	9235998	9235998	0	4071396
FOLD	16369	12004	12004	9236769	9236769	0	4072288
FOLD	16370	12005	12005	9237537	9237537	0	4072699
FOLD	16371	12006	12006	9238308	9238308	0	4073367
FOLD	16372	12007	12007	9239076	9239076	0	4074673
FOLD	16373	12008	12008	9239847	9239847	0	4075763
FOLD	16382	12009	12009	9240615	9240615	0	4080562
FOLD	16383	12010	12010	9241386	9241386	0	4080818
FOLD	16384	12011	12011	9242154	9242154	0	4081514
FOLD	16385	12012	12012	9242925	9242925	0	4082236
FOLD	16386	12013	12013	9243693	9243693	0	4082519
FOLD	16389	12014	12014	9244461	9244461	0	4084179
FOLD	16390	12015	12015	9245229	9245229	0	4084499
FOLD	16393	12016	12016	9245997	9245997	0	4086215
FOLD	16394	12017	12017	9246765	9246765	0	4086502
FOLD	16395	12018	12018	9247536	9247536	0	4086782
FOLD	16396	12019	12019	9248304	9248304	0	4087590
FOLD	16397	12020	12020	9249075	9249075	0	4088356
FOLD	16400	12021	12021	9249846	9249846	0	4089492
FOLD	16401	12022	12022	9250617	9250617	0	4090217
FOLD	16404	12023	12023	9251388	9251388	0	4091526
FOLD	16405	12024	12024	9252159	9252159	0	4092273
FOLD	16406	12025	12025	9252927	9252927	0	4092626
FOLD	16407	12026	12026	9253698	9253698	0	4092965
FOLD	16408	12027	12027	9254466	9254466	0	4093675
FOLD	16409	12028	12028	9255237	9255237	0	4094376
FOLD	16418	12029	12029	9256005	9256005	0	4098468
FOLD	16419	12030	12030	9256776	9256776	0	4098884
FOLD	16420	12031	12031	9257544	9257544	0	4099655
FOLD	16421	12032	12032	9258315	9258315	0	4100416
FOLD	16422	12033	12033	9259083	9259083	0	4100823
FOLD	16425	12034	12034	9259851	9259851	0	4102585
FOLD	16432	12035	12035	9260622	9260622	0	4105840
FOLD	16433	12036	12036	9261393	9261393	0	4106625
FOLD	16434	12037	12037	9262161	9262161	0	4107085
FOLD	16435	12038	12038	9262932	9262932	0	4107886
FOLD	16436	12039	12039	9263700	9263700	0	4108644
FOLD	16481	12040	12040	9264465	9264465	0	4134808
FOLD	16482	12041	12041	9265233	9265233	0	4135614
FOLD	16483	12042	12042	9266004	9266004	0	4136354
FOLD	16484	12043	12043	9266772	9266772	0	4137078
FOLD	16485	12044	12044	9267543	9267543	0	4137922
FOLD	16486	12045	12045	9268311	9268311	0	4138655
FOLD	16487	12046	12046	9269082	9269082	0	4139441
FOLD	16488	12047	12047	9269850	9269850	0	4140289
FOLD	16489	12048	12048	9270621	9270621	0	4141209
FOLD	16490	12049	12049	9271389	9271389	0	4141958
FOLD	16491	12050	12050	9272160	9272160	0	4142736
FOLD	16494	12051	12051	9272931	9272931	0	4144437
FOLD	16495	12052	12052	9273699	9273699	0	4144523
FOLD	16496	12053	12053	9274467	9274467	0	4145341
FOLD	16497	12054	12054	9275238	9275238	0	4146091
FOLD	16498	12055	12055	9276006	9276006	0	4146173
FOLD	16499	12056	12056	9276774	9276774	0	4147043
FOLD	16500	12057	12057	9277545	9277545	0	4147821
FOLD	16501	12058	12058	9278313	9278313	0	4147909
FOLD	16504	12059	12059	9279081	9279081	0	4149793
FOLD	16505	12060	12060	9279849	9279849	0	4149881
FOLD	16506	12061	12061	9280620	9280620	0	4149958
FOLD	16507	12062	12062	9281388	9281388	0	4150783
FOLD	16508	12063	12063	9282159	9282159	0	4151578
FOLD	16509	12064	12064	9282927	9282927	0	4151671
FOLD	16510	12065	12065	9283698	9283698	0	4151755
FOLD	16511	12066	12066	9284466	9284466	0	4152511
FOLD	16512	12067	12067	9285237	9285237	0	4153383
FOLD	16515	12068	12068	9286008	9286008	0	4154291
FOLD	16516	12069	12069	9286779	9286779	0	4155135
FOLD	16519	12070	12070	9287550	9287550	0	4156112
FOLD	16520	12071	12071	9288321	9288321	0	4156946
FOLD	16521	12072	12072	9289089	9289089	0	4157100
FOLD	16522	12073	12073	9289860	9289860	0	4157182
FOLD	16523	12074	12074	9290628	9290628	0	4157929
FOLD	16524	12075	12075	9291399	9291399	0	4158733
FOLD	16533	12076	12076	9292167	9292167	0	4162366
FOLD	16534	12077	12077	9292938	9292938	0	4162470
FOLD	16535	12078	12078	9293706	9293706	0	4163256
FOLD	16536	12079	12079	9294477	9294477	0	4164031
FOLD	16537	12080	12080	9295245	9295245	0	4164165
FOLD	16540	12081	12081	9296013	9296013	0	4165743
FOLD	16547	12082	12082	9296784	9296784	0	4168557
FOLD	16548	12083	12083	9297555	9297555	0	4169455
FOLD	16549	12084	12084	9298323	9298323	0	4169594
FOLD	16550	12085	12085	9299094	9299094	0	4169809
FOLD	16551	12086	12086	9299862	9299862	0	4170676
FOLD	16552	12087	12087	9300633	9300633	0	4171425
FOLD	16561	12088	12088	9301401	9301401	0	4175715
FOLD	16562	12089	12089	9302172	9302172	0	4175883
FOLD	16563	12090	12090	9302940	9302940	0	4176715
FOLD	16564	12091	12091	9303711	9303711	0	4177466
FOLD	16565	12092	12092	9304479	9304479	0	4177625
FOLD	16568	12093	12093	9305247	9305247	0	4180112
FOLD	16569	12094	12094	9306015	9306015	0	4180282
FOLD	16572	12095	12095	9306783	9306783	0	4182039
FOLD	16575	12096	12096	9307554	9307554	0	4182979
FOLD	16576	12097	12097	9308325	9308325	0	4183838
FOLD	16579	12098	12098	9309096	9309096	0	4184951
FOLD	16580	12099	12099	9309867	9309867	0	4185757
FOLD	16581	12100	12100	9310635	9310635	0	4185955
FOLD	16582	12101	12101	9311406	9311406	0	4186113
FOLD	16583	12102	12102	9312174	9312174	0	4186859
FOLD	16584	12103	12103	9312945	9312945	0	4187713
FOLD	16593	12104	12104	9313713	9313713	0	4191506
FOLD	16594	12105	12105	9314484	9314484	0	4191745
FOLD	16595	12106	12106	9315252	9315252	0	4192605
FOLD	16596	12107	12107	9316023	9316023	0	4193836
FOLD	16597	12108	12108	9316791	9316791	0	4194137
FOLD	16600	12109	12109	9317559	9317559	0	4196066
FOLD	16607	12110	12110	9318330	9318330	0	4198940
FOLD	16608	12111	12111	9319101	9319101	0	4199789
FOLD	16609	12112	12112	9319869	9319869	0	4200069
FOLD	16610	12113	12113	9320640	9320640	0	4200517
FOLD	16611	12114	12114	9321408	9321408	0	4201326
FOLD	16612	12115	12115	9322179	9322179	0	4202091
FOLD	16621	12116	12116	9322947	9322947	0	4207014
FOLD	16622	12117	12117	9323718	9323718	0	4207289
FOLD	16623	12118	12118	9324486	9324486	0	4208190
FOLD	16624	12119	12119	9325257	9325257	0	4209237
FOLD	16625	12120	12120	9326025	9326025	0	4209540
FOLD	16628	12121	12121	9326793	9326793	0	4211267
FOLD	16629	12122	12122	9327561	9327561	0	4211585
FOLD	16632	12123	12123	9328329	9328329	0	4213508
FOLD	16633	12124	12124	9329097	9329097	0	4213877
FOLD	16634	12125	12125	9329868	9329868	0	4214190
FOLD	16635	12126	12126	9330636	9330636	0	4215033
FOLD	16636	12127	12127	9331407	9331407	0	4215977
FOLD	16639	12128	12128	9332178	9332178	0	4217241
FOLD	16640	12129	12129	9332949	9332949	0	4218174
FOLD	16643	12130	12130	9333720	9333720	0	4219462
FOLD	16644	12131	12131	9334491	9334491	0	4220424
FOLD	16645	12132	12132	9335259	9335259	0	4221040
FOLD	16646	12133	12133	9336030	9336030	0	4221498
FOLD	16647	12134	12134	9336798	9336798	0	4222664
FOLD	16648	12135	12135	9337569	9337569	0	4223588
FOLD	16657	12136	12136	9338337	9338337	0	4228502
FOLD	16658	12137	12137	9339108	9339108	0	4228901
FOLD	16659	12138	12138	9339876	9339876	0	4229908
FOLD	16660	12139	12139	9340647	9340647	0	4230667
FOLD	16661	12140	12140	9341415	9341415	0	4231094
FOLD	16664	12141	12141	9342183	9342183	0	4232987
FOLD	16675	12142	12142	9342948	9342948	0	4240050
FOLD	16676	12143	12143	9343719	9343719	0	4240778
FOLD	16717	12144	12144	9344487	9344487	0	4264477
FOLD	16718	12145	12145	9345258	9345258	0	4265371
FOLD	16719	12146	12146	9346026	9346026	0	4266142
FOLD	16720	12147	12147	9346797	9346797	0	4266953
FOLD	16721	12148	12148	9347565	9347565	0	4267856
FOLD	16722	12149	12149	9348336	9348336	0	4268733
FOLD	16723	12150	12150	9349104	9349104	0	4269589
FOLD	16724	12151	12151	9349875	9349875	0	4270354
FOLD	16725	12152	12152	9350643	9350643	0	4271162
FOLD	16726	12153	12153	9351414	9351414	0	4272000
FOLD	16729	12154	12154	9352185	9352185	0	4273576
FOLD	16732	12155	12155	9352956	9352956	0	4275384
FOLD	16733	12156	12156	9353724	9353724	0	4275472
FOLD	16734	12157	12157	9354492	9354492	0	4276250
FOLD	16735	12158	12158	9355263	9355263	0	4277091
FOLD	16736	12159	12159	9356031	9356031	0	4277182
FOLD	16739	12160	12160	9356799	9356799	0	4278929
FOLD	16740	12161	12161	9357567	9357567	0	4279024
FOLD	16743	12162	12162	9358335	9358335	0	4280728
FOLD	16744	12163	12163	9359103	9359103	0	4280823
FOLD	16745	12164	12164	9359874	9359874	0	4280904
FOLD	16746	12165	12165	9360642	9360642	0	4281774
FOLD	16747	12166	12166	9361413	9361413	0	4282606
FOLD	16748	12167	12167	9362181	9362181	0	4282706
FOLD	16749	12168	12168	9362952	9362952	0	4282792
FOLD	16750	12169	12169	9363720	9363720	0	4283567
FOLD	16751	12170	12170	9364491	9364491	0	4284517
FOLD	16754	12171	12171	9365262	9365262	0	4285419
FOLD	16755	12172	12172	9366033	9366033	0	4286191
FOLD	16758	12173	12173	9366804	9366804	0	4287185
FOLD	16759	12174	12174	9367575	9367575	0	4287975
FOLD	16760	12175	12175	9368343	9368343	0	4288136
FOLD	16761	12176	12176	9369114	9369114	0	4288223
FOLD	16762	12177	12177	9369882	9369882	0	4289107
FOLD	16763	12178	12178	9370653	9370653	0	4289921
FOLD	16772	12179	12179	9371421	9371421	0	4293708
FOLD	16773	12180	12180	9372192	9372192	0	4293817
FOLD	16774	12181	12181	9372960	9372960	0	4294720
FOLD	16775	12182	12182	9373731	9373731	0	4295530
FOLD	16776	12183	12183	9374499	9374499	0	4295707
FOLD	16779	12184	12184	9375267	9375267	0	4297461
FOLD	16786	12185	12185	9376038	9376038	0	4300263
FOLD	16787	12186	12186	9376809	9376809	0	4301047
FOLD	16788	12187	12187	9377577	9377577	0	4301207
FOLD	16789	12188	12188	9378348	9378348	0	4301456
FOLD	16790	12189	12189	9379116	9379116	0	4302294
FOLD	16791	12190	12190	9379887	9379887	0	4303068
FOLD	16800	12191	12191	9380655	9380655	0	4307555
FOLD	16801	12192	12192	9381426	9381426	0	4307746
FOLD	16802	12193	12193	9382194	9382194	0	4308514
FOLD	16803	12194	12194	9382965	9382965	0	4309367
FOLD	16804	12195	12195	9383733	9383733	0	4309561
FOLD	16807	12196	12196	9384501	9384501	0	4311985
FOLD	16808	12197	12197	9385269	9385269	0	4312197
FOLD	16811	12198	12198	9386037	9386037	0	4313952
FOLD	16814	12199	12199	9386808	9386808	0	4315046
FOLD	16815	12200	12200	9387579	9387579	0	4315934
FOLD	16818	12201	12201	9388350	9388350	0	4317135
FOLD	16819	12202	12202	9389121	9389121	0	4318021
FOLD	16820	12203	12203	9389889	9389889	0	4318229
FOLD	16821	12204	12204	9390660	9390660	0	4318399
FOLD	16822	12205	12205	9391428	9391428	0	4319220
FOLD	16823	12206	12206	9392199	9392199	0	4320081
FOLD	16832	12207	12207	9392967	9392967	0	4324053
FOLD	16833	12208	12208	9393738	9393738	0	4324265
FOLD	16834	12209	12209	9394506	9394506	0	4325114
FOLD	16835	12210	12210	9395277	9395277	0	4325978
FOLD	16836	12211	12211	9396045	9396045	0	4326227
FOLD	16839	12212	12212	9396813	9396813	0	4328021
FOLD	16846	12213	12213	9397584	9397584	0	4331104
FOLD	16847	12214	12214	9398355	9398355	0	4332072
FOLD	16848	12215	12215	9399123	9399123	0	4332367
FOLD	16849	12216	12216	9399894	9399894	0	4332883
FOLD	16850	12217	12217	9400662	9400662	0	4333809
FOLD	16851	12218	12218	9401433	9401433	0	4334584
FOLD	16860	12219	12219	9402201	9402201	0	4339787
FOLD	16861	12220	12220	9402972	9402972	0	4340077
FOLD	16862	12221	12221	9403740	9403740	0	4340904
FOLD	16863	12222	12222	9404511	9404511	0	4341802
FOLD	16864	12223	12223	9405279	9405279	0	4342128
FOLD	16867	12224	12224	9406047	9406047	0	4343994
FOLD	16868	12225	12225	9406815	9406815	0	4344320
FOLD	16871	12226	12226	9407583	9407583	0	4346117
FOLD	16872	12227	12227	9408351	9408351	0	4346458
FOLD	16873	12228	12228	9409122	9409122	0	4346794
FOLD	16874	12229	12229	9409890	9409890	0	4347608
FOLD	16875	12230	12230	9410661	9410661	0	4348406
FOLD	16878	12231	12231	9411432	9411432	0	4349605
FOLD	16879	12232	12232	9412203	9412203	0	4350373
FOLD	16882	12233	12233	9412974	9412974	0	4351697
FOLD	16883	12234	12234	9413745	9413745	0	4352461
FOLD	16884	12235	12235	9414513	9414513	0	4352907
FOLD	16885	12236	12236	9415284	9415284	0	4353226
FOLD	16886	12237	12237	9416052	9416052	0	4354064
FOLD	16887	12238	12238	9416823	9416823	0	4354917
FOLD	16896	12239	12239	9417591	9417591	0	4359609
FOLD	16897	12240	12240	9418362	9418362	0	4360038
FOLD	16898	12241	12241	9419130	9419130	0	4360865
FOLD	16951	12242	12242	9419895	9419895	0	4390460
FOLD	16952	12243	12243	9420663	9420663	0	4391267
FOLD	16953	12244	12244	9421434	9421434	0	4392120
FOLD	16954	12245	12245	9422202	9422202	0	4392928
FOLD	16955	12246	12246	9422973	9422973	0	4393737
FOLD	16956	12247	12247	9423741	9423741	0	4394518
FOLD	16957	12248	12248	9424512	9424512	0	4395348
FOLD	16958	12249	12249	9425280	9425280	0	4396230
FOLD	16959	12250	12250	9426051	9426051	0	4397154
FOLD	16960	12251	12251	9426819	9426819	0	4398131
FOLD	16961	12252	12252	9427590	9427590	0	4399000
FOLD	16962	12253	12253	9428358	9428358	0	4399087
FOLD	16963	12254	12254	9429126	9429126	0	4399952
FOLD	16964	12255	12255	9429897	9429897	0	4400841
FOLD	16967	12256	12256	9430668	9430668	0	4402573
FOLD	16970	12257	12257	9431439	9431439	0	4404295
FOLD	16971	12258	12258	9432207	9432207	0	4404387
FOLD	16972	12259	12259	9432978	9432978	0	4404464
FOLD	16973	12260	12260	9433746	9433746	0	4405245
FOLD	16974	12261	12261	9434517	9434517	0	4406040
FOLD	16975	12262	12262	9435285	9435285	0	4406133
FOLD	16978	12263	12263	9436053	9436053	0	4407977
FOLD	16979	12264	12264	9436821	9436821	0	4408068
FOLD	16982	12265	12265	9437589	9437589	0	4409780
FOLD	16983	12266	12266	9438357	9438357	0	4409873
FOLD	16984	12267	12267	9439128	9439128	0	4409956
FOLD	16985	12268	12268	9439896	9439896	0	4410721
FOLD	16986	12269	12269	9440667	9440667	0	4411574
FOLD	16987	12270	12270	9441435	9441435	0	4411683
FOLD	16988	12271	12271	9442206	9442206	0	4411775
FOLD	16989	12272	12272	9442974	9442974	0	4412615
FOLD	16990	12273	12273	9443745	9443745	0	4413471
FOLD	16993	12274	12274	9444516	9444516	0	4414503
FOLD	16994	12275	12275	9445287	9445287	0	4415392
FOLD	16997	12276	12276	9446058	9446058	0	4416380
FOLD	16998	12277	12277	9446829	9446829	0	4417237
FOLD	16999	12278	12278	9447597	9447597	0	4417396
FOLD	17000	12279	12279	9448368	9448368	0	4417478
FOLD	17001	12280	12280	9449136	9449136	0	4418247
FOLD	17002	12281	12281	9449907	9449907	0	4419078
FOLD	17011	12282	12282	9450675	9450675	0	4422734
FOLD	17012	12283	12283	9451446	9451446	0	4422855
FOLD	17013	12284	12284	9452214	9452214	0	4423636
FOLD	17014	12285	12285	9452985	9452985	0	4424507
FOLD	17015	12286	12286	9453753	9453753	0	4424642
FOLD	17018	12287	12287	9454521	9454521	0	4426439
FOLD	17025	12288	12288	9455292	9455292	0	4429339
FOLD	17026	12289	12289	9456063	9456063	0	4430308
FOLD	17027	12290	12290	9456831	9456831	0	4430476
FOLD	17028	12291	12291	9457602	9457602	0	4430753
FOLD	17029	12292	12292	9458370	9458370	0	4431538
FOLD	17030	12293	12293	9459141	9459141	0	4432362
FOLD	17039	12294	12294	9459909	9459909	0	4436902
FOLD	17040	12295	12295	9460680	9460680	0	4437088
FOLD	17041	12296	12296	9461448	9461448	0	4437903
FOLD	17042	12297	12297	9462219	9462219	0	4438727
FOLD	17043	12298	12298	9462987	9462987	0	4438902
FOLD	17046	12299	12299	9463755	9463755	0	4441245
FOLD	17047	12300	12300	9464523	9464523	0	4441434
FOLD	17050	12301	12301	9465291	9465291	0	4443114
FOLD	17053	12302	12302	9466062	9466062	0	4444152
FOLD	17054	12303	12303	9466833	9466833	0	4445526
FOLD	17057	12304	12304	9467604	9467604	0	4447748
FOLD	17058	12305	12305	9468375	9468375	0	4449508
FOLD	17059	12306	12306	9469143	9469143	0	4450035
FOLD	17060	12307	12307	9469914	9469914	0	4450379
FOLD	17061	12308	12308	9470682	9470682	0	4452054
FOLD	17062	12309	12309	9471453	9471453	0	4453782
FOLD	17071	12310	12310	9472221	9472221	0	4460731
FOLD	17072	12311	12311	9472992	9472992	0	4460994
FOLD	17073	12312	12312	9473760	9473760	0	4461833
FOLD	17074	12313	12313	9474531	9474531	0	4462630
FOLD	17075	12314	12314	9475299	9475299	0	4462898
FOLD	17078	12315	12315	9476067	9476067	0	4464745
FOLD	17085	12316	12316	9476838	9476838	0	4467957
FOLD	17086	12317	12317	9477609	9477609	0	4468737
FOLD	17087	12318	12318	9478377	9478377	0	4469027
FOLD	17088	12319	12319	9479148	9479148	0	4469547
FOLD	17089	12320	12320	9479916	9479916	0	4470328
FOLD	17090	12321	12321	9480687	9480687	0	4471141
FOLD	17099	12322	12322	9481455	9481455	0	4476459
FOLD	17100	12323	12323	9482226	9482226	0	4476763
FOLD	17101	12324	12324	9482994	9482994	0	4477645
FOLD	17102	12325	12325	9483765	9483765	0	4478451
FOLD	17103	12326	12326	9484533	9484533	0	4478791
FOLD	17106	12327	12327	9485301	9485301	0	4480718
FOLD	17107	12328	12328	9486069	9486069	0	4481102
FOLD	17110	12329	12329	9486837	9486837	0	4482938
FOLD	17111	12330	12330	9487605	9487605	0	4483266
FOLD	17112	12331	12331	9488376	9488376	0	4483593
FOLD	17113	12332	12332	9489144	9489144	0	4484383
FOLD	17114	12333	12333	9489915	9489915	0	4485267
FOLD	17117	12334	12334	9490686	9490686	0	4486426
FOLD	17118	12335	12335	9491457	9491457	0	4487281
FOLD	17121	12336	12336	9492228	9492228	0	4488665
FOLD	17122	12337	12337	9492999	9492999	0	4489455
FOLD	17123	12338	12338	9493767	9493767	0	4489851
FOLD	17124	12339	12339	9494538	9494538	0	4490181
FOLD	17125	12340	12340	9495306	9495306	0	4491038
FOLD	17126	12341	12341	9496077	9496077	0	4491917
FOLD	17139	12342	12342	9496839	9496839	0	4499534
FOLD	17188	12343	12343	9497610	9497610	0	4526062
FOLD	17189	12344	12344	9498378	9498378	0	4526884
FOLD	17190	12345	12345	9499149	9499149	0	4527777
FOLD	17191	12346	12346	9499917	9499917	0	4528567
FOLD	17192	12347	12347	9500688	9500688	0	4529350
FOLD	17193	12348	12348	9501456	9501456	0	4530221
FOLD	17194	12349	12349	9502227	9502227	0	4531036
FOLD	17195	12350	12350	9502995	9502995	0	4531991
FOLD	17196	12351	12351	9503766	9503766	0	4532794
FOLD	17199	12352	12352	9504537	9504537	0	4534567
FOLD	17200	12353	12353	9505305	9505305	0	4534674
FOLD	17201	12354	12354	9506073	9506073	0	4535621
FOLD	17202	12355	12355	9506844	9506844	0	4536566
FOLD	17205	12356	12356	9507615	9507615	0	4538267
FOLD	17210	12357	12357	9508383	9508383	0	4540273
FOLD	17211	12358	12358	9509154	9509154	0	4540371
FOLD	17212	12359	12359	9509922	9509922	0	4541255
FOLD	17213	12360	12360	9510693	9510693	0	4542414
FOLD	17214	12361	12361	9511461	9511461	0	4542641
FOLD	17217	12362	12362	9512229	9512229	0	4544661
FOLD	17218	12363	12363	9512997	9512997	0	4544782
FOLD	17221	12364	12364	9513765	9513765	0	4546611
FOLD	17222	12365	12365	9514533	9514533	0	4546718
FOLD	17223	12366	12366	9515304	9515304	0	4546813
FOLD	17224	12367	12367	9516072	9516072	0	4547614
FOLD	17225	12368	12368	9516843	9516843	0	4548543
FOLD	17226	12369	12369	9517611	9517611	0	4548659
FOLD	17227	12370	12370	9518382	9518382	0	4548750
FOLD	17228	12371	12371	9519150	9519150	0	4549528
FOLD	17229	12372	12372	9519921	9519921	0	4550314
FOLD	17232	12373	12373	9520692	9520692	0	4551345
FOLD	17233	12374	12374	9521463	9521463	0	4552226
FOLD	17236	12375	12375	9522234	9522234	0	4553198
FOLD	17237	12376	12376	9523005	9523005	0	4553983
FOLD	17238	12377	12377	9523773	9523773	0	4554156
FOLD	17239	12378	12378	9524544	9524544	0	4554248
FOLD	17240	12379	12379	9525312	9525312	0	4555138
FOLD	17241	12380	12380	9526083	9526083	0	4556033
FOLD	17250	12381	12381	9526851	9526851	0	4562757
FOLD	17251	12382	12382	9527622	9527622	0	4562976
FOLD	17252	12383	12383	9528390	9528390	0	4564329
FOLD	17253	12384	12384	9529161	9529161	0	4565155
FOLD	17254	12385	12385	9529929	9529929	0	4565318
FOLD	17257	12386	12386	9530697	9530697	0	4567148
FOLD	17264	12387	12387	9531468	9531468	0	4570731
FOLD	17265	12388	12388	9532239	9532239	0	4571618
FOLD	17266	12389	12389	9533007	9533007	0	4571834
FOLD	17267	12390	12390	9533778	9533778	0	4572128
FOLD	17268	12391	12391	9534546	9534546	0	4572955
FOLD	17269	12392	12392	9535317	9535317	0	4573886
FOLD	17278	12393	12393	9536085	9536085	0	4579014
FOLD	17279	12394	12394	9536856	9536856	0	4579200
FOLD	17280	12395	12395	9537624	9537624	0	4580114
FOLD	17281	12396	12396	9538395	9538395	0	4580994
FOLD	17282	12397	12397	9539163	9539163	0	4581186
FOLD	17285	12398	12398	9539931	9539931	0	4584116
FOLD	17286	12399	12399	9540699	9540699	0	4584386
FOLD	17289	12400	12400	9541467	9541467	0	4586218
FOLD	17292	12401	12401	9542238	9542238	0	4587352
FOLD	17293	12402	12402	9543009	9543009	0	4588218
FOLD	17296	12403	12403	9543780	9543780	0	4589886
FOLD	17297	12404	12404	9544551	9544551	0	4591374
FOLD	17298	12405	12405	9545319	9545319	0	4591826
FOLD	17299	12406	12406	9546090	9546090	0	4592173
FOLD	17300	12407	12407	9546858	9546858	0	4593285
FOLD	17301	12408	12408	9547629	9547629	0	4594186
FOLD	17310	12409	12409	9548397	9548397	0	4598841
FOLD	17311	12410	12410	9549168	9549168	0	4599225
FOLD	17312	12411	12411	9549936	9549936	0	4600632
FOLD	17313	12412	12412	9550707	9550707	0	4602111
FOLD	17314	12413	12413	9551475	9551475	0	4602611
FOLD	17317	12414	12414	9552243	9552243	0	4604485
FOLD	17324	12415	12415	9553014	9553014	0	4607676
FOLD	17325	12416	12416	9553785	9553785	0	4608616
FOLD	17326	12417	12417	9554553	9554553	0	4608929
FOLD	17327	12418	12418	9555324	9555324	0	4609490
FOLD	17328	12419	12419	9556092	9556092	0	4610270
FOLD	17329	12420	12420	9556863	9556863	0	4611130
FOLD	17338	12421	12421	9557631	9557631	0	4619088
FOLD	17339	12422	12422	9558402	9558402	0	4619620
FOLD	17340	12423	12423	9559170	9559170	0	4621059
FOLD	17341	12424	12424	9559941	9559941	0	4622435
FOLD	17342	12425	12425	9560709	9560709	0	4622799
FOLD	17345	12426	12426	9561477	9561477	0	4625409
FOLD	17346	12427	12427	9562245	9562245	0	4625806
FOLD	17349	12428	12428	9563013	9563013	0	4628070
FOLD	17350	12429	12429	9563781	9563781	0	4628705
FOLD	17351	12430	12430	9564552	9564552	0	4629132
FOLD	17352	12431	12431	9565320	9565320	0	4630226
FOLD	17353	12432	12432	9566091	9566091	0	4631258
FOLD	17356	12433	12433	9566862	9566862	0	4632814
FOLD	17357	12434	12434	9567633	9567633	0	4633826
FOLD	17360	12435	12435	9568404	9568404	0	4635296
FOLD	17363	12436	12436	9569172	9569172	0	4638632
FOLD	17364	12437	12437	9569940	9569940	0	4639711
FOLD	17423	12438	12438	9570708	9570708	0	4672429
FOLD	17424	12439	12439	9571476	9571476	0	4673271
FOLD	17425	12440	12440	9572247	9572247	0	4674158
FOLD	17426	12441	12441	9573015	9573015	0	4674969
FOLD	17427	12442	12442	9573786	9573786	0	4675780
FOLD	17428	12443	12443	9574554	9574554	0	4676702
FOLD	17429	12444	12444	9575325	9575325	0	4677656
FOLD	17430	12445	12445	9576093	9576093	0	4678587
FOLD	17431	12446	12446	9576864	9576864	0	4679572
FOLD	17434	12447	12447	9577635	9577635	0	4681381
FOLD	17437	12448	12448	9578406	9578406	0	4683208
FOLD	17438	12449	12449	9579174	9579174	0	4683297
FOLD	17439	12450	12450	9579942	9579942	0	4684221
FOLD	17440	12451	12451	9580713	9580713	0	4685112
FOLD	17449	12452	12452	9581481	9581481	0	4689541
FOLD	17450	12453	12453	9582252	9582252	0	4689635
FOLD	17451	12454	12454	9583020	9583020	0	4690581
FOLD	17452	12455	12455	9583791	9583791	0	4691528
FOLD	17453	12456	12456	9584559	9584559	0	4691638
FOLD	17456	12457	12457	9585327	9585327	0	4693526
FOLD	17457	12458	12458	9586095	9586095	0	4693677
FOLD	17460	12459	12459	9586863	9586863	0	4695471
FOLD	17461	12460	12460	9587631	9587631	0	4695580
FOLD	17462	12461	12461	9588402	9588402	0	4695704
FOLD	17463	12462	12462	9589170	9589170	0	4696613
FOLD	17464	12463	12463	9589941	9589941	0	4697432
FOLD	17465	12464	12464	9590709	9590709	0	4697587
FOLD	17466	12465	12465	9591480	9591480	0	4697682
FOLD	17467	12466	12466	9592248	9592248	0	4698560
FOLD	17468	12467	12467	9593019	9593019	0	4699581
FOLD	17471	12468	12468	9593790	9593790	0	4700661
FOLD	17472	12469	12469	9594561	9594561	0	4701486
FOLD	17475	12470	12470	9595332	9595332	0	4702491
FOLD	17476	12471	12471	9596103	9596103	0	4703526
FOLD	17477	12472	12472	9596871	9596871	0	4703769
FOLD	17478	12473	12473	9597642	9597642	0	4703896
FOLD	17479	12474	12474	9598410	9598410	0	4704722
FOLD	17480	12475	12475	9599181	9599181	0	4705643
FOLD	17489	12476	12476	9599949	9599949	0	4709569
FOLD	17490	12477	12477	9600720	9600720	0	4709695
FOLD	17491	12478	12478	9601488	9601488	0	4710531
FOLD	17492	12479	12479	9602259	9602259	0	4711453
FOLD	17493	12480	12480	9603027	9603027	0	4711604
FOLD	17496	12481	12481	9603795	9603795	0	4713511
FOLD	17503	12482	12482	9604566	9604566	0	4716516
FOLD	17504	12483	12483	9605337	9605337	0	4717617
FOLD	17505	12484	12484	9606105	9606105	0	4717877
FOLD	17506	12485	12485	9606876	9606876	0	4718252
FOLD	17507	12486	12486	9607644	9607644	0	4719185
FOLD	17508	12487	12487	9608415	9608415	0	4720080
FOLD	17517	12488	12488	9609183	9609183	0	4724972
FOLD	17518	12489	12489	9609954	9609954	0	4725181
FOLD	17519	12490	12490	9610722	9610722	0	4726003
FOLD	17520	12491	12491	9611493	9611493	0	4726917
FOLD	17521	12492	12492	9612261	9612261	0	4727115
FOLD	17524	12493	12493	9613029	9613029	0	4729866
FOLD	17525	12494	12494	9613797	9613797	0	4730059
FOLD	17528	12495	12495	9614565	9614565	0	4731843
FOLD	17531	12496	12496	9615336	9615336	0	4732918
FOLD	17532	12497	12497	9616107	9616107	0	4734178
FOLD	17535	12498	12498	9616878	9616878	0	4735411
FOLD	17536	12499	12499	9617649	9617649	0	4736336
FOLD	17537	12500	12500	9618417	9618417	0	4736589
FOLD	17538	12501	12501	9619188	9619188	0	4736779
FOLD	17539	12502	12502	9619956	9619956	0	4737633
FOLD	17540	12503	12503	9620727	9620727	0	4738630
FOLD	17549	12504	12504	9621495	9621495	0	4742831
FOLD	17550	12505	12505	9622266	9622266	0	4743067
FOLD	17551	12506	12506	9623034	9623034	0	4743983
FOLD	17552	12507	12507	9623805	9623805	0	4744813
FOLD	17553	12508	12508	9624573	9624573	0	4745077
FOLD	17556	12509	12509	9625341	9625341	0	4746967
FOLD	17563	12510	12510	9626112	9626112	0	4750431
FOLD	17564	12511	12511	9626883	9626883	0	4751293
FOLD	17565	12512	12512	9627651	9627651	0	4751638
FOLD	17566	12513	12513	9628422	9628422	0	4752250
FOLD	17567	12514	12514	9629190	9629190	0	4753100
FOLD	17568	12515	12515	9629961	9629961	0	4754052
FOLD	17577	12516	12516	9630729	9630729	0	4759542
FOLD	17578	12517	12517	9631500	9631500	0	4759882
FOLD	17579	12518	12518	9632268	9632268	0	4760743
FOLD	17580	12519	12519	9633039	9633039	0	4761678
FOLD	17581	12520	12520	9633807	9633807	0	4762034
FOLD	17584	12521	12521	9634575	9634575	0	4764172
FOLD	17585	12522	12522	9635343	9635343	0	4764536
FOLD	17588	12523	12523	9636111	9636111	0	4766376
FOLD	17589	12524	12524	9636879	9636879	0	4766779
FOLD	17590	12525	12525	9637650	9637650	0	4767137
FOLD	17591	12526	12526	9638418	9638418	0	4767995
FOLD	17600	12527	12527	9639189	9639189	0	4773993
FOLD	17601	12528	12528	9639957	9639957	0	4774443
FOLD	17602	12529	12529	9640728	9640728	0	4774795
FOLD	17659	12530	12530	9641496	9641496	0	4805852
FOLD	17660	12531	12531	9642267	9642267	0	4806781
FOLD	17661	12532	12532	9643035	9643035	0	4807753
FOLD	17662	12533	12533	9643806	9643806	0	4808625
FOLD	17663	12534	12534	9644574	9644574	0	4809536
FOLD	17664	12535	12535	9645345	9645345	0	4810365
FOLD	17665	12536	12536	9646113	9646113	0	4811225
FOLD	17666	12537	12537	9646884	9646884	0	4812245
FOLD	17667	12538	12538	9647652	9647652	0	4812333
FOLD	17668	12539	12539	9648420	9648420	0	4813200
FOLD	17669	12540	12540	9649191	9649191	0	4814150
FOLD	17672	12541	12541	9649962	9649962	0	4815897
FOLD	17675	12542	12542	9650733	9650733	0	4817744
FOLD	17676	12543	12543	9651501	9651501	0	4817832
FOLD	17677	12544	12544	9652272	9652272	0	4817970
FOLD	17678	12545	12545	9653040	9653040	0	4818786
FOLD	17679	12546	12546	9653811	9653811	0	4819597
FOLD	17688	12547	12547	9654579	9654579	0	4823703
FOLD	17689	12548	12548	9655350	9655350	0	4823798
FOLD	17690	12549	12549	9656118	9656118	0	4824633
FOLD	17691	12550	12550	9656889	9656889	0	4825540
FOLD	17692	12551	12551	9657657	9657657	0	4825634
FOLD	17695	12552	12552	9658425	9658425	0	4827516
FOLD	17696	12553	12553	9659193	9659193	0	4827616
FOLD	17699	12554	12554	9659961	9659961	0	4829478
FOLD	17700	12555	12555	9660729	9660729	0	4829589
FOLD	17701	12556	12556	9661500	9661500	0	4829688
FOLD	17702	12557	12557	9662268	9662268	0	4830609
FOLD	17703	12558	12558	9663039	9663039	0	4831566
FOLD	17704	12559	12559	9663807	9663807	0	4831698
FOLD	17705	12560	12560	9664578	9664578	0	4831801
FOLD	17706	12561	12561	9665346	9665346	0	4832689
FOLD	17707	12562	12562	9666117	9666117	0	4833562
FOLD	17710	12563	12563	9666888	9666888	0	4834598
FOLD	17711	12564	12564	9667659	9667659	0	4835475
FOLD	17714	12565	12565	9668430	9668430	0	4836652
FOLD	17715	12566	12566	9669201	9669201	0	4837535
FOLD	17716	12567	12567	9669969	9669969	0	4837717
FOLD	17717	12568	12568	9670740	9670740	0	4837810
FOLD	17718	12569	12569	9671508	9671508	0	4838763
FOLD	17719	12570	12570	9672279	9672279	0	4839842
FOLD	17728	12571	12571	9673047	9673047	0	4843998
FOLD	17729	12572	12572	9673818	9673818	0	4844132
FOLD	17730	12573	12573	9674586	9674586	0	4845019
FOLD	17731	12574	12574	9675357	9675357	0	4845928
FOLD	17732	12575	12575	9676125	9676125	0	4846078
FOLD	17735	12576	12576	9676893	9676893	0	4848099
FOLD	17742	12577	12577	9677664	9677664	0	4851229
FOLD	17743	12578	12578	9678435	9678435	0	4852175
FOLD	17744	12579	12579	9679203	9679203	0	4852350
FOLD	17745	12580	12580	9679974	9679974	0	4852626
FOLD	17746	12581	12581	9680742	9680742	0	4853594
FOLD	17747	12582	12582	9681513	9681513	0	4854538
FOLD	17756	12583	12583	9682281	9682281	0	4859453
FOLD	17757	12584	12584	9683052	9683052	0	4859634
FOLD	17758	12585	12585	9683820	9683820	0	4860465
FOLD	17759	12586	12586	9684591	9684591	0	4861393
FOLD	17760	12587	12587	9685359	9685359	0	4861592
FOLD	17763	12588	12588	9686127	9686127	0	4864212
FOLD	17764	12589	12589	9686895	9686895	0	4864429
FOLD	17767	12590	12590	9687663	9687663	0	4866312
FOLD	17770	12591	12591	9688434	9688434	0	4867368
FOLD	17771	12592	12592	9689205	9689205	0	4868411
FOLD	17774	12593	12593	9689976	9689976	0	4869696
FOLD	17775	12594	12594	9690747	9690747	0	4870619
FOLD	17776	12595	12595	9691515	9691515	0	4870864
FOLD	17777	12596	12596	9692286	9692286	0	4871064
FOLD	17778	12597	12597	9693054	9693054	0	4871969
FOLD	17779	12598	12598	9693825	9693825	0	4872843
FOLD	17788	12599	12599	9694593	9694593	0	4877169
FOLD	17789	12600	12600	9695364	9695364	0	4877418
FOLD	17790	12601	12601	9696132	9696132	0	4878354
FOLD	17791	12602	12602	9696903	9696903	0	4879205
FOLD	17792	12603	12603	9697671	9697671	0	4879483
FOLD	17795	12604	12604	9698439	9698439	0	4881428
FOLD	17802	12605	12605	9699210	9699210	0	4885015
FOLD	17803	12606	12606	9699981	9699981	0	4885938
FOLD	17804	12607	12607	9700749	9700749	0	4886259
FOLD	17805	12608	12608	9701520	9701520	0	4886798
FOLD	17806	12609	12609	9702288	9702288	0	4887747
FOLD	17807	12610	12610	9703059	9703059	0	4888562
FOLD	17816	12611	12611	9703827	9703827	0	4894010
FOLD	17817	12612	12612	9704598	9704598	0	4894328
FOLD	17818	12613	12613	9705366	9705366	0	4895195
FOLD	17819	12614	12614	9706137	9706137	0	4896117
FOLD	17820	12615	12615	9706905	9706905	0	4896476
FOLD	17829	12616	12616	9707664	9707664	0	4903571
FOLD	17830	12617	12617	9708432	9708432	0	4904463
FOLD	17831	12618	12618	9709203	9709203	0	4905350
FOLD	17892	12619	12619	9709977	9709977	0	4936741
FOLD	17893	12620	12620	9710748	9710748	0	4937582
FOLD	17894	12621	12621	9711516	9711516	0	4938528
FOLD	17895	12622	12622	9712287	9712287	0	4939363
FOLD	17896	12623	12623	9713055	9713055	0	4940322
FOLD	17897	12624	12624	9713826	9713826	0	4941154
FOLD	17898	12625	12625	9714594	9714594	0	4942055
FOLD	17899	12626	12626	9715365	9715365	0	4942994
FOLD	17900	12627	12627	9716133	9716133	0	4943964
FOLD	17901	12628	12628	9716904	9716904	0	4944873
FOLD	17902	12629	12629	9717672	9717672	0	4944964
FOLD	17903	12630	12630	9718440	9718440	0	4945900
FOLD	17904	12631	12631	9719211	9719211	0	4946865
FOLD	17905	12632	12632	9719979	9719979	0	4946947
FOLD	17906	12633	12633	9720747	9720747	0	4947899
FOLD	17907	12634	12634	9721518	9721518	0	4948759
FOLD	17910	12635	12635	9722289	9722289	0	4950622
FOLD	17913	12636	12636	9723060	9723060	0	4951777
FOLD	17914	12637	12637	9723831	9723831	0	4952637
FOLD	17915	12638	12638	9724599	9724599	0	4952733
FOLD	17916	12639	12639	9725370	9725370	0	4952871
FOLD	17917	12640	12640	9726138	9726138	0	4953940
FOLD	17918	12641	12641	9726909	9726909	0	4954953
FOLD	17927	12642	12642	9727677	9727677	0	4959348
FOLD	17928	12643	12643	9728448	9728448	0	4959452
FOLD	17929	12644	12644	9729216	9729216	0	4960375
FOLD	17930	12645	12645	9729987	9729987	0	4961243
FOLD	17931	12646	12646	9730755	9730755	0	4961352
FOLD	17934	12647	12647	9731523	9731523	0	4963164
FOLD	17935	12648	12648	9732291	9732291	0	4963270
FOLD	17938	12649	12649	9733059	9733059	0	4965309
FOLD	17939	12650	12650	9733827	9733827	0	4965459
FOLD	17940	12651	12651	9734598	9734598	0	4965593
FOLD	17941	12652	12652	9735366	9735366	0	4966484
FOLD	17942	12653	12653	9736137	9736137	0	4967385
FOLD	17943	12654	12654	9736905	9736905	0	4967499
FOLD	17944	12655	12655	9737676	9737676	0	4967609
FOLD	17945	12656	12656	9738444	9738444	0	4968527
FOLD	17946	12657	12657	9739215	9739215	0	4969449
FOLD	17949	12658	12658	9739986	9739986	0	4970519
FOLD	17950	12659	12659	9740757	9740757	0	4971459
FOLD	17953	12660	12660	9741528	9741528	0	4972471
FOLD	17954	12661	12661	9742299	9742299	0	4973396
FOLD	17955	12662	12662	9743067	9743067	0	4973656
FOLD	17956	12663	12663	9743838	9743838	0	4973767
FOLD	17957	12664	12664	9744606	9744606	0	4974632
FOLD	17958	12665	12665	9745377	9745377	0	4975705
FOLD	17967	12666	12666	9746145	9746145	0	4979973
FOLD	17968	12667	12667	9746916	9746916	0	4980112
FOLD	17969	12668	12668	9747684	9747684	0	4981026
FOLD	17970	12669	12669	9748455	9748455	0	4981925
FOLD	17971	12670	12670	9749223	9749223	0	4982080
FOLD	17974	12671	12671	9749991	9749991	0	4983978
FOLD	17981	12672	12672	9750762	9750762	0	4987298
FOLD	17982	12673	12673	9751533	9751533	0	4988190
FOLD	17983	12674	12674	9752301	9752301	0	4988388
FOLD	17984	12675	12675	9753072	9753072	0	4988686
FOLD	17985	12676	12676	9753840	9753840	0	4989581
FOLD	17986	12677	12677	9754611	9754611	0	4990565
FOLD	17995	12678	12678	9755379	9755379	0	4995571
FOLD	17996	12679	12679	9756150	9756150	0	4995778
FOLD	17997	12680	12680	9756918	9756918	0	4996725
FOLD	17998	12681	12681	9757689	9757689	0	4997676
FOLD	17999	12682	12682	9758457	9758457	0	4997895
FOLD	18002	12683	12683	9759225	9759225	0	5000561
FOLD	18003	12684	12684	9759993	9759993	0	5000818
FOLD	18006	12685	12685	9760761	9760761	0	5002852
FOLD	18009	12686	12686	9761532	9761532	0	5003967
FOLD	18010	12687	12687	9762303	9762303	0	5004923
FOLD	18013	12688	12688	9763074	9763074	0	5006310
FOLD	18014	12689	12689	9763845	9763845	0	5007170
FOLD	18015	12690	12690	9764613	9764613	0	5007440
FOLD	18016	12691	12691	9765384	9765384	0	5007670
FOLD	18017	12692	12692	9766152	9766152	0	5008682
FOLD	18018	12693	12693	9766923	9766923	0	5009600
FOLD	18027	12694	12694	9767691	9767691	0	5014141
FOLD	18028	12695	12695	9768462	9768462	0	5014638
FOLD	18029	12696	12696	9769230	9769230	0	5015576
FOLD	18030	12697	12697	9770001	9770001	0	5016480
FOLD	18031	12698	12698	9770769	9770769	0	5016809
FOLD	18034	12699	12699	9771537	9771537	0	5018862
FOLD	18041	12700	12700	9772308	9772308	0	5022760
FOLD	18042	12701	12701	9773079	9773079	0	5023803
FOLD	18043	12702	12702	9773847	9773847	0	5024152
FOLD	18044	12703	12703	9774618	9774618	0	5024733
FOLD	18045	12704	12704	9775386	9775386	0	5025642
FOLD	18046	12705	12705	9776157	9776157	0	5026658
FOLD	18057	12706	12706	9776922	9776922	0	5034776
FOLD	18062	12707	12707	9777687	9777687	0	5037844
FOLD	18063	12708	12708	9778455	9778455	0	5038238
FOLD	18080	12709	12709	9779232	9779232	0	5048054
FOLD	18127	12710	12710	9779997	9779997	0	5075191
FOLD	18128	12711	12711	9780768	9780768	0	5076272
FOLD	18129	12712	12712	9781536	9781536	0	5077152
FOLD	18130	12713	12713	9782307	9782307	0	5078141
FOLD	18131	12714	12714	9783075	9783075	0	5079110
FOLD	18132	12715	12715	9783846	9783846	0	5080182
FOLD	18133	12716	12716	9784614	9784614	0	5081151
FOLD	18134	12717	12717	9785385	9785385	0	5082273
FOLD	18135	12718	12718	9786153	9786153	0	5083428
FOLD	18136	12719	12719	9786924	9786924	0	5084450
FOLD	18139	12720	12720	9787695	9787695	0	5086435
FOLD	18140	12721	12721	9788463	9788463	0	5086583
FOLD	18141	12722	12722	9789231	9789231	0	5087568
FOLD	18142	12723	12723	9790002	9790002	0	5088676
FOLD	18143	12724	12724	9790770	9790770	0	5089074
FOLD	18144	12725	12725	9791538	9791538	0	5090032
FOLD	18145	12726	12726	9792309	9792309	0	5090938
FOLD	18152	12727	12727	9793080	9793080	0	5094054
FOLD	18153	12728	12728	9793851	9793851	0	5095044
FOLD	18154	12729	12729	9794619	9794619	0	5095154
FOLD	18155	12730	12730	9795390	9795390	0	5095309
FOLD	18156	12731	12731	9796158	9796158	0	5096793
FOLD	18157	12732	12732	9796929	9796929	0	5097730
FOLD	18166	12733	12733	9797697	9797697	0	5102401
FOLD	18167	12734	12734	9798468	9798468	0	5102524
FOLD	18168	12735	12735	9799236	9799236	0	5103413
FOLD	18169	12736	12736	9800007	9800007	0	5104363
FOLD	18170	12737	12737	9800775	9800775	0	5104510
FOLD	18173	12738	12738	9801543	9801543	0	5106453
FOLD	18174	12739	12739	9802311	9802311	0	5106566
FOLD	18177	12740	12740	9803079	9803079	0	5108547
FOLD	18178	12741	12741	9803847	9803847	0	5108688
FOLD	18179	12742	12742	9804618	9804618	0	5108819
FOLD	18180	12743	12743	9805386	9805386	0	5109935
FOLD	18181	12744	12744	9806157	9806157	0	5110841
FOLD	18182	12745	12745	9806925	9806925	0	5110961
FOLD	18183	12746	12746	9807696	9807696	0	5111069
FOLD	18184	12747	12747	9808464	9808464	0	5112214
FOLD	18185	12748	12748	9809235	9809235	0	5113116
FOLD	18188	12749	12749	9810006	9810006	0	5114222
FOLD	18189	12750	12750	9810777	9810777	0	5115131
FOLD	18192	12751	12751	9811548	9811548	0	5116344
FOLD	18193	12752	12752	9812319	9812319	0	5117223
FOLD	18194	12753	12753	9813087	9813087	0	5117453
FOLD	18195	12754	12754	9813858	9813858	0	5117566
FOLD	18196	12755	12755	9814626	9814626	0	5118430
FOLD	18197	12756	12756	9815397	9815397	0	5119322
FOLD	18206	12757	12757	9816165	9816165	0	5124016
FOLD	18207	12758	12758	9816936	9816936	0	5124445
FOLD	18208	12759	12759	9817704	9817704	0	5125486
FOLD	18209	12760	12760	9818475	9818475	0	5126485
FOLD	18210	12761	12761	9819243	9819243	0	5126654
FOLD	18213	12762	12762	9820011	9820011	0	5128918
FOLD	18220	12763	12763	9820782	9820782	0	5132195
FOLD	18221	12764	12764	9821553	9821553	0	5133140
FOLD	18222	12765	12765	9822321	9822321	0	5133342
FOLD	18223	12766	12766	9823092	9823092	0	5133647
FOLD	18224	12767	12767	9823860	9823860	0	5134538
FOLD	18225	12768	12768	9824631	9824631	0	5135541
FOLD	18234	12769	12769	9825399	9825399	0	5140888
FOLD	18235	12770	12770	9826170	9826170	0	5141097
FOLD	18236	12771	12771	9826938	9826938	0	5142041
FOLD	18237	12772	12772	9827709	9827709	0	5142989
FOLD	18238	12773	12773	9828477	9828477	0	5143272
FOLD	18241	12774	12774	9829245	9829245	0	5146045
FOLD	18242	12775	12775	9830013	9830013	0	5146293
FOLD	18245	12776	12776	9830781	9830781	0	5148375
FOLD	18248	12777	12777	9831552	9831552	0	5149540
FOLD	18249	12778	12778	9832323	9832323	0	5150490
FOLD	18252	12779	12779	9833094	9833094	0	5151891
FOLD	18253	12780	12780	9833865	9833865	0	5152888
FOLD	18254	12781	12781	9834633	9834633	0	5153159
FOLD	18255	12782	12782	9835404	9835404	0	5153377
FOLD	18256	12783	12783	9836172	9836172	0	5154486
FOLD	18257	12784	12784	9836943	9836943	0	5155358
FOLD	18266	12785	12785	9837711	9837711	0	5160446
FOLD	18267	12786	12786	9838482	9838482	0	5160719
FOLD	18268	12787	12787	9839250	9839250	0	5161695
FOLD	18269	12788	12788	9840021	9840021	0	5162705
FOLD	18270	12789	12789	9840789	9840789	0	5163010
FOLD	18273	12790	12790	9841557	9841557	0	5165141
FOLD	18280	12791	12791	9842328	9842328	0	5168945
FOLD	18281	12792	12792	9843099	9843099	0	5170120
FOLD	18282	12793	12793	9843867	9843867	0	5170564
FOLD	18283	12794	12794	9844638	9844638	0	5171228
FOLD	18284	12795	12795	9845406	9845406	0	5172240
FOLD	18321	12796	12796	9846171	9846171	0	5195268
FOLD	18362	12797	12797	9846939	9846939	0	5217946
FOLD	18363	12798	12798	9847710	9847710	0	5218965
FOLD	18364	12799	12799	9848478	9848478	0	5220052
FOLD	18365	12800	12800	9849249	9849249	0	5221076
FOLD	18366	12801	12801	9850017	9850017	0	5222129
FOLD	18367	12802	12802	9850788	9850788	0	5223178
FOLD	18368	12803	12803	9851556	9851556	0	5224447
FOLD	18369	12804	12804	9852327	9852327	0	5225564
FOLD	18370	12805	12805	9853095	9853095	0	5226666
FOLD	18371	12806	12806	9853866	9853866	0	5227584
FOLD	18374	12807	12807	9854637	9854637	0	5229657
FOLD	18377	12808	12808	9855408	9855408	0	5231981
FOLD	18378	12809	12809	9856176	9856176	0	5232170
FOLD	18379	12810	12810	9856944	9856944	0	5233177
FOLD	18380	12811	12811	9857715	9857715	0	5234245
FOLD	18381	12812	12812	9858483	9858483	0	5234398
FOLD	18384	12813	12813	9859251	9859251	0	5236603
FOLD	18391	12814	12814	9860022	9860022	0	5240204
FOLD	18392	12815	12815	9860793	9860793	0	5241258
FOLD	18393	12816	12816	9861561	9861561	0	5241386
FOLD	18394	12817	12817	9862332	9862332	0	5241585
FOLD	18395	12818	12818	9863100	9863100	0	5242523
FOLD	18396	12819	12819	9863871	9863871	0	5243449
FOLD	18405	12820	12820	9864639	9864639	0	5248200
FOLD	18406	12821	12821	9865410	9865410	0	5248322
FOLD	18407	12822	12822	9866178	9866178	0	5249245
FOLD	18408	12823	12823	9866949	9866949	0	5250262
FOLD	18409	12824	12824	9867717	9867717	0	5250417
FOLD	18412	12825	12825	9868485	9868485	0	5252486
FOLD	18413	12826	12826	9869253	9869253	0	5252669
FOLD	18416	12827	12827	9870021	9870021	0	5254561
FOLD	18417	12828	12828	9870789	9870789	0	5254673
FOLD	18418	12829	12829	9871560	9871560	0	5254779
FOLD	18419	12830	12830	9872328	9872328	0	5255723
FOLD	18420	12831	12831	9873099	9873099	0	5256621
FOLD	18421	12832	12832	9873867	9873867	0	5256730
FOLD	18422	12833	12833	9874638	9874638	0	5256838
FOLD	18423	12834	12834	9875406	9875406	0	5257879
FOLD	18424	12835	12835	9876177	9876177	0	5258814
FOLD	18427	12836	12836	9876948	9876948	0	5259991
FOLD	18428	12837	12837	9877719	9877719	0	5260978
FOLD	18431	12838	12838	9878490	9878490	0	5262132
FOLD	18432	12839	12839	9879261	9879261	0	5263027
FOLD	18433	12840	12840	9880029	9880029	0	5263254
FOLD	18434	12841	12841	9880800	9880800	0	5263370
FOLD	18435	12842	12842	9881568	9881568	0	5264327
FOLD	18436	12843	12843	9882339	9882339	0	5265268
FOLD	18445	12844	12844	9883107	9883107	0	5269519
FOLD	18446	12845	12845	9883878	9883878	0	5269669
FOLD	18447	12846	12846	9884646	9884646	0	5270691
FOLD	18448	12847	12847	9885417	9885417	0	5271718
FOLD	18449	12848	12848	9886185	9886185	0	5271894
FOLD	18452	12849	12849	9886953	9886953	0	5274111
FOLD	18459	12850	12850	9887724	9887724	0	5277543
FOLD	18460	12851	12851	9888495	9888495	0	5278440
FOLD	18461	12852	12852	9889263	9889263	0	5278657
FOLD	18462	12853	12853	9890034	9890034	0	5278982
FOLD	18463	12854	12854	9890802	9890802	0	5279890
FOLD	18464	12855	12855	9891573	9891573	0	5280853
FOLD	18473	12856	12856	9892341	9892341	0	5285992
FOLD	18474	12857	12857	9893112	9893112	0	5286189
FOLD	18475	12858	12858	9893880	9893880	0	5287133
FOLD	18476	12859	12859	9894651	9894651	0	5288044
FOLD	18477	12860	12860	9895419	9895419	0	5288286
FOLD	18480	12861	12861	9896187	9896187	0	5291141
FOLD	18481	12862	12862	9896955	9896955	0	5291375
FOLD	18484	12863	12863	9897723	9897723	0	5293452
FOLD	18487	12864	12864	9898494	9898494	0	5294662
FOLD	18488	12865	12865	9899265	9899265	0	5295705
FOLD	18491	12866	12866	9900036	9900036	0	5297231
FOLD	18492	12867	12867	9900807	9900807	0	5298178
FOLD	18493	12868	12868	9901575	9901575	0	5298461
FOLD	18494	12869	12869	9902346	9902346	0	5298688
FOLD	18495	12870	12870	9903114	9903114	0	5299749
FOLD	18496	12871	12871	9903885	9903885	0	5300801
FOLD	18505	12872	12872	9904653	9904653	0	5305646
FOLD	18506	12873	12873	9905424	9905424	0	5305965
FOLD	18507	12874	12874	9906192	9906192	0	5306860
FOLD	18508	12875	12875	9906963	9906963	0	5307879
FOLD	18509	12876	12876	9907731	9907731	0	5308196
FOLD	18512	12877	12877	9908499	9908499	0	5310299
FOLD	18523	12878	12878	9909264	9909264	0	5317145
FOLD	18524	12879	12879	9910035	9910035	0	5318093
FOLD	18597	12880	12880	9910803	9910803	0	5358872
FOLD	18598	12881	12881	9911574	9911574	0	5359800
FOLD	18599	12882	12882	9912342	9912342	0	5360793
FOLD	18600	12883	12883	9913113	9913113	0	5361851
FOLD	18601	12884	12884	9913881	9913881	0	5362855
FOLD	18602	12885	12885	9914652	9914652	0	5363870
FOLD	18603	12886	12886	9915420	9915420	0	5364828
FOLD	18604	12887	12887	9916191	9916191	0	5365724
FOLD	18605	12888	12888	9916959	9916959	0	5366730
FOLD	18606	12889	12889	9917730	9917730	0	5367779
FOLD	18607	12890	12890	9918498	9918498	0	5367870
FOLD	18608	12891	12891	9919266	9919266	0	5368919
FOLD	18609	12892	12892	9920037	9920037	0	5369960
FOLD	18612	12893	12893	9920808	9920808	0	5372028
FOLD	18615	12894	12894	9921579	9921579	0	5374041
FOLD	18616	12895	12895	9922347	9922347	0	5374133
FOLD	18617	12896	12896	9923118	9923118	0	5374209
FOLD	18618	12897	12897	9923886	9923886	0	5375154
FOLD	18619	12898	12898	9924657	9924657	0	5376223
FOLD	18620	12899	12899	9925425	9925425	0	5376330
FOLD	18623	12900	12900	9926193	9926193	0	5378576
FOLD	18630	12901	12901	9926964	9926964	0	5381951
FOLD	18631	12902	12902	9927735	9927735	0	5383035
FOLD	18632	12903	12903	9928503	9928503	0	5383131
FOLD	18633	12904	12904	9929274	9929274	0	5383342
FOLD	18634	12905	12905	9930042	9930042	0	5384273
FOLD	18635	12906	12906	9930813	9930813	0	5385268
FOLD	18644	12907	12907	9931581	9931581	0	5389973
FOLD	18645	12908	12908	9932352	9932352	0	5390069
FOLD	18646	12909	12909	9933120	9933120	0	5391037
FOLD	18647	12910	12910	9933891	9933891	0	5392091
FOLD	18648	12911	12911	9934659	9934659	0	5392379
FOLD	18651	12912	12912	9935427	9935427	0	5394402
FOLD	18652	12913	12913	9936195	9936195	0	5394527
FOLD	18655	12914	12914	9936963	9936963	0	5396716
FOLD	18656	12915	12915	9937731	9937731	0	5396892
FOLD	18657	12916	12916	9938502	9938502	0	5397010
FOLD	18658	12917	12917	9939270	9939270	0	5397939
FOLD	18659	12918	12918	9940041	9940041	0	5398876
FOLD	18660	12919	12919	9940809	9940809	0	5398992
FOLD	18661	12920	12920	9941580	9941580	0	5399106
FOLD	18662	12921	12921	9942348	9942348	0	5400069
FOLD	18663	12922	12922	9943119	9943119	0	5400969
FOLD	18666	12923	12923	9943890	9943890	0	5402051
FOLD	18667	12924	12924	9944661	9944661	0	5402947
FOLD	18670	12925	12925	9945432	9945432	0	5404100
FOLD	18671	12926	12926	9946203	9946203	0	5404995
FOLD	18672	12927	12927	9946971	9946971	0	5405211
FOLD	18673	12928	12928	9947742	9947742	0	5405322
FOLD	18674	12929	12929	9948510	9948510	0	5406304
FOLD	18675	12930	12930	9949281	9949281	0	5407335
FOLD	18684	12931	12931	9950049	9950049	0	5411653
FOLD	18685	12932	12932	9950820	9950820	0	5411836
FOLD	18686	12933	12933	9951588	9951588	0	5412725
FOLD	18687	12934	12934	9952359	9952359	0	5413677
FOLD	18688	12935	12935	9953127	9953127	0	5413854
FOLD	18691	12936	12936	9953895	9953895	0	5415823
FOLD	18698	12937	12937	9954666	9954666	0	5419184
FOLD	18699	12938	12938	9955437	9955437	0	5420112
FOLD	18700	12939	12939	9956205	9956205	0	5420318
FOLD	18701	12940	12940	9956976	9956976	0	5420642
FOLD	18702	12941	12941	9957744	9957744	0	5421667
FOLD	18703	12942	12942	9958515	9958515	0	5422613
FOLD	18712	12943	12943	9959283	9959283	0	5427983
FOLD	18713	12944	12944	9960054	9960054	0	5428195
FOLD	18714	12945	12945	9960822	9960822	0	5429197
FOLD	18715	12946	12946	9961593	9961593	0	5430092
FOLD	18716	12947	12947	9962361	9962361	0	5430325
FOLD	18719	12948	12948	9963129	9963129	0	5433339
FOLD	18720	12949	12949	9963897	9963897	0	5433582
FOLD	18723	12950	12950	9964665	9964665	0	5435647
FOLD	18726	12951	12951	9965436	9965436	0	5436907
FOLD	18727	12952	12952	9966207	9966207	0	5437831
FOLD	18730	12953	12953	9966978	9966978	0	5439323
FOLD	18731	12954	12954	9967749	9967749	0	5440390
FOLD	18732	12955	12955	9968517	9968517	0	5440709
FOLD	18733	12956	12956	9969288	9969288	0	5440990
FOLD	18734	12957	12957	9970056	9970056	0	5442017
FOLD	18735	12958	12958	9970827	9970827	0	5443063
FOLD	18744	12959	12959	9971595	9971595	0	5448233
FOLD	18745	12960	12960	9972366	9972366	0	5448575
FOLD	18746	12961	12961	9973134	9973134	0	5449472
FOLD	18831	12962	12962	9973899	9973899	0	5497830
FOLD	18832	12963	12963	9974667	9974667	0	5498866
FOLD	18833	12964	12964	9975438	9975438	0	5499953
FOLD	18834	12965	12965	9976206	9976206	0	5500895
FOLD	18835	12966	12966	9976977	9976977	0	5501897
FOLD	18836	12967	12967	9977745	9977745	0	5502867
FOLD	18837	12968	12968	9978516	9978516	0	5503937
FOLD	18838	12969	12969	9979284	9979284	0	5504977
FOLD	18839	12970	12970	9980055	9980055	0	5506058
FOLD	18840	12971	12971	9980823	9980823	0	5507031
FOLD	18841	12972	12972	9981594	9981594	0	5508120
FOLD	18844	12973	12973	9982365	9982365	0	5510188
FOLD	18845	12974	12974	9983133	9983133	0	5510286
FOLD	18846	12975	12975	9983901	9983901	0	5511273
FOLD	18847	12976	12976	9984672	9984672	0	5512384
FOLD	18850	12977	12977	9985443	9985443	0	5514472
FOLD	18855	12978	12978	9986211	9986211	0	5516762
FOLD	18856	12979	12979	9986982	9986982	0	5516847
FOLD	18857	12980	12980	9987750	9987750	0	5517909
FOLD	18858	12981	12981	9988521	9988521	0	5518938
FOLD	18859	12982	12982	9989289	9989289	0	5519029
FOLD	18862	12983	12983	9990057	9990057	0	5521187
FOLD	18869	12984	12984	9990828	9990828	0	5524573
FOLD	18870	12985	12985	9991599	9991599	0	5525558
FOLD	18871	12986	12986	9992367	9992367	0	5525779
FOLD	18872	12987	12987	9993138	9993138	0	5525961
FOLD	18873	12988	12988	9993906	9993906	0	5526869
FOLD	18874	12989	12989	9994677	9994677	0	5527918
FOLD	18883	12990	12990	9995445	9995445	0	5532736
FOLD	18884	12991	12991	9996216	9996216	0	5532844
FOLD	18885	12992	12992	9996984	9996984	0	5533900
FOLD	18886	12993	12993	9997755	9997755	0	5534881
FOLD	18887	12994	12994	9998523	9998523	0	5535013
FOLD	18890	12995	12995	9999291	9999291	0	5537050
FOLD	18891	12996	12996	10000059	10000059	0	5537195
FOLD	18894	12997	12997	10000827	10000827	0	5539365
FOLD	18895	12998	12998	10001595	10001595	0	5539492
FOLD	18896	12999	12999	10002366	10002366	0	5539622
FOLD	18897	13000	13000	10003134	10003134	0	5540925
FOLD	18898	13001	13001	10003905	10003905	0	5542166
FOLD	18899	13002	13002	10004673	10004673	0	5542292
FOLD	18900	13003	13003	10005444	10005444	0	5542414
FOLD	18901	13004	13004	10006212	10006212	0	5543376
FOLD	18902	13005	13005	10006983	10006983	0	5544500
FOLD	18905	13006	13006	10007754	10007754	0	5545623
FOLD	18906	13007	13007	10008525	10008525	0	5546535
FOLD	18909	13008	13008	10009296	10009296	0	5547669
FOLD	18910	13009	13009	10010067	10010067	0	5548640
FOLD	18911	13010	13010	10010835	10010835	0	5548865
FOLD	18912	13011	13011	10011606	10011606	0	5548985
FOLD	18913	13012	13012	10012374	10012374	0	5550025
FOLD	18914	13013	13013	10013145	10013145	0	5551049
FOLD	18923	13014	13014	10013913	10013913	0	5556057
FOLD	18924	13015	13015	10014684	10014684	0	5556236
FOLD	18925	13016	13016	10015452	10015452	0	5557235
FOLD	18926	13017	13017	10016223	10016223	0	5558216
FOLD	18927	13018	13018	10016991	10016991	0	5558405
FOLD	18930	13019	13019	10017759	10017759	0	5560575
FOLD	18937	13020	13020	10018530	10018530	0	5564012
FOLD	18938	13021	13021	10019301	10019301	0	5565125
FOLD	18939	13022	13022	10020069	10020069	0	5565358
FOLD	18940	13023	13023	10020840	10020840	0	5565713
FOLD	18941	13024	13024	10021608	10021608	0	5566679
FOLD	18942	13025	13025	10022379	10022379	0	5567687
FOLD	18951	13026	13026	10023147	10023147	0	5573132
FOLD	18952	13027	13027	10023918	10023918	0	5573368
FOLD	18953	13028	13028	10024686	10024686	0	5574318
FOLD	18954	13029	13029	10025457	10025457	0	5575240
FOLD	18955	13030	13030	10026225	10026225	0	5575493
FOLD	18958	13031	13031	10026993	10026993	0	5578730
FOLD	18959	13032	13032	10027761	10027761	0	5578993
FOLD	18962	13033	13033	10028529	10028529	0	5581136
FOLD	18965	13034	13034	10029300	10029300	0	5582424
FOLD	18966	13035	13035	10030071	10030071	0	5583417
FOLD	18969	13036	13036	10030842	10030842	0	5585022
FOLD	18970	13037	13037	10031613	10031613	0	5586113
FOLD	18971	13038	13038	10032381	10032381	0	5586626
FOLD	18972	13039	13039	10033152	10033152	0	5586916
FOLD	18973	13040	13040	10033920	10033920	0	5587930
FOLD	18974	13041	13041	10034691	10034691	0	5588879
FOLD	18987	13042	13042	10035453	10035453	0	5596525
FOLD	19068	13043	13043	10036224	10036224	0	5641229
FOLD	19069	13044	13044	10036992	10036992	0	5642302
FOLD	19070	13045	13045	10037763	10037763	0	5643374
FOLD	19071	13046	13046	10038531	10038531	0	5644307
FOLD	19072	13047	13047	10039302	10039302	0	5645351
FOLD	19073	13048	13048	10040070	10040070	0	5646325
FOLD	19074	13049	13049	10040841	10040841	0	5647328
FOLD	19075	13050	13050	10041609	10041609	0	5648457
FOLD	19076	13051	13051	10042380	10042380	0	5649459
FOLD	19079	13052	13052	10043151	10043151	0	5651385
FOLD	19082	13053	13053	10043922	10043922	0	5653483
FOLD	19083	13054	13054	10044690	10044690	0	5653574
FOLD	19084	13055	13055	10045458	10045458	0	5654510
FOLD	19085	13056	13056	10046229	10046229	0	5655520
FOLD	19094	13057	13057	10046997	10046997	0	5659939
FOLD	19095	13058	13058	10047768	10047768	0	5660052
FOLD	19096	13059	13059	10048536	10048536	0	5661038
FOLD	19097	13060	13060	10049307	10049307	0	5662072
FOLD	19098	13061	13061	10050075	10050075	0	5662166
FOLD	19101	13062	13062	10050843	10050843	0	5664251
FOLD	19108	13063	13063	10051614	10051614	0	5667407
FOLD	19109	13064	13064	10052385	10052385	0	5668484
FOLD	19110	13065	13065	10053153	10053153	0	5668608
FOLD	19111	13066	13066	10053924	10053924	0	5668777
FOLD	19112	13067	13067	10054692	10054692	0	5669678
FOLD	19113	13068	13068	10055463	10055463	0	5670753
FOLD	19122	13069	13069	10056231	10056231	0	5675477
FOLD	19123	13070	13070	10057002	10057002	0	5675620
FOLD	19124	13071	13071	10057770	10057770	0	5676775
FOLD	19125	13072	13072	10058541	10058541	0	5677803
FOLD	19126	13073	13073	10059309	10059309	0	5677926
FOLD	19129	13074	13074	10060077	10060077	0	5680038
FOLD	19130	13075	13075	10060845	10060845	0	5680196
FOLD	19133	13076	13076	10061613	10061613	0	5682102
FOLD	19134	13077	13077	10062381	10062381	0	5682234
FOLD	19135	13078	13078	10063152	10063152	0	5682358
FOLD	19136	13079	13079	10063920	10063920	0	5683254
FOLD	19137	13080	13080	10064691	10064691	0	5684252
FOLD	19138	13081	13081	10065459	10065459	0	5684402
FOLD	19139	13082	13082	10066230	10066230	0	5684523
FOLD	19140	13083	13083	10066998	10066998	0	5685424
FOLD	19141	13084	13084	10067769	10067769	0	5686403
FOLD	19144	13085	13085	10068540	10068540	0	5687466
FOLD	19145	13086	13086	10069311	10069311	0	5688601
FOLD	19148	13087	13087	10070082	10070082	0	5689742
FOLD	19149	13088	13088	10070853	10070853	0	5690847
FOLD	19150	13089	13089	10071621	10071621	0	5691089
FOLD	19151	13090	13090	10072392	10072392	0	5691212
FOLD	19152	13091	13091	10073160	10073160	0	5692248
FOLD	19153	13092	13092	10073931	10073931	0	5693157
FOLD	19162	13093	13093	10074699	10074699	0	5697646
FOLD	19163	13094	13094	10075470	10075470	0	5697812
FOLD	19164	13095	13095	10076238	10076238	0	5698714
FOLD	19165	13096	13096	10077009	10077009	0	5699698
FOLD	19166	13097	13097	10077777	10077777	0	5699889
FOLD	19169	13098	13098	10078545	10078545	0	5701898
FOLD	19176	13099	13099	10079316	10079316	0	5705306
FOLD	19177	13100	13100	10080087	10080087	0	5706267
FOLD	19178	13101	13101	10080855	10080855	0	5706486
FOLD	19179	13102	13102	10081626	10081626	0	5706840
FOLD	19180	13103	13103	10082394	10082394	0	5707854
FOLD	19181	13104	13104	10083165	10083165	0	5708778
FOLD	19190	13105	13105	10083933	10083933	0	5714326
FOLD	19191	13106	13106	10084704	10084704	0	5714555
FOLD	19192	13107	13107	10085472	10085472	0	5715565
FOLD	19193	13108	13108	10086243	10086243	0	5716581
FOLD	19194	13109	13109	10087011	10087011	0	5716861
FOLD	19197	13110	13110	10087779	10087779	0	5719767
FOLD	19198	13111	13111	10088547	10088547	0	5720031
FOLD	19201	13112	13112	10089315	10089315	0	5722199
FOLD	19204	13113	13113	10090086	10090086	0	5723496
FOLD	19205	13114	13114	10090857	10090857	0	5724506
FOLD	19208	13115	13115	10091628	10091628	0	5726097
FOLD	19211	13116	13116	10092396	10092396	0	5728550
FOLD	19212	13117	13117	10093164	10093164	0	5729462
FOLD	19303	13118	13118	10093932	10093932	0	5776994
FOLD	19304	13119	13119	10094700	10094700	0	5778055
FOLD	19305	13120	13120	10095471	10095471	0	5779237
FOLD	19306	13121	13121	10096239	10096239	0	5780366
FOLD	19307	13122	13122	10097010	10097010	0	5781428
FOLD	19308	13123	13123	10097778	10097778	0	5782424
FOLD	19309	13124	13124	10098549	10098549	0	5783452
FOLD	19310	13125	13125	10099317	10099317	0	5784601
FOLD	19311	13126	13126	10100088	10100088	0	5785626
FOLD	19312	13127	13127	10100856	10100856	0	5785706
FOLD	19313	13128	13128	10101624	10101624	0	5786666
FOLD	19314	13129	13129	10102395	10102395	0	5787592
FOLD	19317	13130	13130	10103166	10103166	0	5789752
FOLD	19320	13131	13131	10103937	10103937	0	5791966
FOLD	19321	13132	13132	10104705	10104705	0	5792059
FOLD	19322	13133	13133	10105476	10105476	0	5792136
FOLD	19323	13134	13134	10106244	10106244	0	5793218
FOLD	19324	13135	13135	10107015	10107015	0	5794293
FOLD	19333	13136	13136	10107783	10107783	0	5798803
FOLD	19334	13137	13137	10108554	10108554	0	5798917
FOLD	19335	13138	13138	10109322	10109322	0	5799979
FOLD	19336	13139	13139	10110093	10110093	0	5800988
FOLD	19337	13140	13140	10110861	10110861	0	5801078
FOLD	19340	13141	13141	10111629	10111629	0	5803202
FOLD	19347	13142	13142	10112400	10112400	0	5806486
FOLD	19348	13143	13143	10113171	10113171	0	5807611
FOLD	19349	13144	13144	10113939	10113939	0	5807741
FOLD	19350	13145	13145	10114710	10114710	0	5807917
FOLD	19351	13146	13146	10115478	10115478	0	5809061
FOLD	19352	13147	13147	10116249	10116249	0	5810148
FOLD	19361	13148	13148	10117017	10117017	0	5814967
FOLD	19362	13149	13149	10117788	10117788	0	5815085
FOLD	19363	13150	13150	10118556	10118556	0	5816136
FOLD	19364	13151	13151	10119327	10119327	0	5817188
FOLD	19365	13152	13152	10120095	10120095	0	5817323
FOLD	19368	13153	13153	10120863	10120863	0	5819464
FOLD	19369	13154	13154	10121631	10121631	0	5819596
FOLD	19372	13155	13155	10122399	10122399	0	5821894
FOLD	19373	13156	13156	10123167	10123167	0	5822049
FOLD	19374	13157	13157	10123938	10123938	0	5822179
FOLD	19375	13158	13158	10124706	10124706	0	5823321
FOLD	19376	13159	13159	10125477	10125477	0	5824289
FOLD	19377	13160	13160	10126245	10126245	0	5824452
FOLD	19378	13161	13161	10127016	10127016	0	5824585
FOLD	19379	13162	13162	10127784	10127784	0	5825671
FOLD	19380	13163	13163	10128555	10128555	0	5826704
FOLD	19383	13164	13164	10129326	10129326	0	5827833
FOLD	19384	13165	13165	10130097	10130097	0	5828874
FOLD	19387	13166	13166	10130868	10130868	0	5830105
FOLD	19388	13167	13167	10131639	10131639	0	5831134
FOLD	19389	13168	13168	10132407	10132407	0	5831394
FOLD	19390	13169	13169	10133178	10133178	0	5831530
FOLD	19391	13170	13170	10133946	10133946	0	5832666
FOLD	19392	13171	13171	10134717	10134717	0	5833705
FOLD	19401	13172	13172	10135485	10135485	0	5838419
FOLD	19402	13173	13173	10136256	10136256	0	5838600
FOLD	19403	13174	13174	10137024	10137024	0	5839995
FOLD	19404	13175	13175	10137795	10137795	0	5840998
FOLD	19405	13176	13176	10138563	10138563	0	5841209
FOLD	19408	13177	13177	10139331	10139331	0	5843311
FOLD	19415	13178	13178	10140102	10140102	0	5846973
FOLD	19416	13179	13179	10140873	10140873	0	5848023
FOLD	19417	13180	13180	10141641	10141641	0	5848260
FOLD	19418	13181	13181	10142412	10142412	0	5848664
FOLD	19419	13182	13182	10143180	10143180	0	5849624
FOLD	19420	13183	13183	10143951	10143951	0	5850655
FOLD	19429	13184	13184	10144719	10144719	0	5856724
FOLD	19430	13185	13185	10145490	10145490	0	5856972
FOLD	19431	13186	13186	10146258	10146258	0	5858059
FOLD	19432	13187	13187	10147029	10147029	0	5858988
FOLD	19433	13188	13188	10147797	10147797	0	5859300
FOLD	19436	13189	13189	10148565	10148565	0	5862267
FOLD	19437	13190	13190	10149333	10149333	0	5862536
FOLD	19448	13191	13191	10150101	10150101	0	5870023
FOLD	19449	13192	13192	10150869	10150869	0	5870357
FOLD	19450	13193	13193	10151640	10151640	0	5870630
FOLD	19539	13194	13194	10152408	10152408	0	5918459
FOLD	19540	13195	13195	10153179	10153179	0	5919406
FOLD	19541	13196	13196	10153947	10153947	0	5920375
FOLD	19542	13197	13197	10154718	10154718	0	5921313
FOLD	19543	13198	13198	10155486	10155486	0	5922262
FOLD	19544	13199	13199	10156257	10156257	0	5923195
FOLD	19545	13200	13200	10157025	10157025	0	5924255
FOLD	19546	13201	13201	10157796	10157796	0	5925317
FOLD	19547	13202	13202	10158564	10158564	0	5925403
FOLD	19548	13203	13203	10159332	10159332	0	5926458
FOLD	19549	13204	13204	10160103	10160103	0	5927478
FOLD	19550	13205	13205	10160871	10160871	0	5927568
FOLD	19551	13206	13206	10161639	10161639	0	5928588
FOLD	19552	13207	13207	10162410	10162410	0	5929667
FOLD	19555	13208	13208	10163181	10163181	0	5931805
FOLD	19558	13209	13209	10163952	10163952	0	5932941
FOLD	19559	13210	13210	10164723	10164723	0	5934074
FOLD	19560	13211	13211	10165491	10165491	0	5934162
FOLD	19561	13212	13212	10166262	10166262	0	5934221
FOLD	19562	13213	13213	10167030	10167030	0	5935255
FOLD	19563	13214	13214	10167801	10167801	0	5936463
FOLD	19572	13215	13215	10168569	10168569	0	5940948
FOLD	19573	13216	13216	10169340	10169340	0	5941030
FOLD	19574	13217	13217	10170108	10170108	0	5942116
FOLD	19575	13218	13218	10170879	10170879	0	5943073
FOLD	19576	13219	13219	10171647	10171647	0	5943156
FOLD	19579	13220	13220	10172415	10172415	0	5945295
FOLD	19586	13221	13221	10173186	10173186	0	5948627
FOLD	19587	13222	13222	10173957	10173957	0	5949664
FOLD	19588	13223	13223	10174725	10174725	0	5949784
FOLD	19589	13224	13224	10175496	10175496	0	5949962
FOLD	19590	13225	13225	10176264	10176264	0	5951058
FOLD	19591	13226	13226	10177035	10177035	0	5952174
FOLD	19600	13227	13227	10177803	10177803	0	5957389
FOLD	19601	13228	13228	10178574	10178574	0	5957518
FOLD	19602	13229	13229	10179342	10179342	0	5958480
FOLD	19603	13230	13230	10180113	10180113	0	5959548
FOLD	19604	13231	13231	10180881	10180881	0	5959710
FOLD	19607	13232	13232	10181649	10181649	0	5961855
FOLD	19608	13233	13233	10182417	10182417	0	5961975
FOLD	19611	13234	13234	10183185	10183185	0	5964020
FOLD	19612	13235	13235	10183953	10183953	0	5964140
FOLD	19613	13236	13236	10184724	10184724	0	5964256
FOLD	19614	13237	13237	10185492	10185492	0	5965316
FOLD	19615	13238	13238	10186263	10186263	0	5966452
FOLD	19616	13239	13239	10187031	10187031	0	5966623
FOLD	19617	13240	13240	10187802	10187802	0	5966764
FOLD	19618	13241	13241	10188570	10188570	0	5967773
FOLD	19619	13242	13242	10189341	10189341	0	5968785
FOLD	19622	13243	13243	10190112	10190112	0	5970036
FOLD	19623	13244	13244	10190883	10190883	0	5971046
FOLD	19626	13245	13245	10191654	10191654	0	5972334
FOLD	19627	13246	13246	10192425	10192425	0	5973307
FOLD	19628	13247	13247	10193193	10193193	0	5973579
FOLD	19629	13248	13248	10193964	10193964	0	5973725
FOLD	19630	13249	13249	10194732	10194732	0	5974818
FOLD	19631	13250	13250	10195503	10195503	0	5975893
FOLD	19640	13251	13251	10196271	10196271	0	5980561
FOLD	19641	13252	13252	10197042	10197042	0	5980740
FOLD	19642	13253	13253	10197810	10197810	0	5981886
FOLD	19643	13254	13254	10198581	10198581	0	5982862
FOLD	19644	13255	13255	10199349	10199349	0	5983051
FOLD	19647	13256	13256	10200117	10200117	0	5985214
FOLD	19654	13257	13257	10200888	10200888	0	5988837
FOLD	19655	13258	13258	10201659	10201659	0	5989922
FOLD	19656	13259	13259	10202427	10202427	0	5990179
FOLD	19657	13260	13260	10203198	10203198	0	5990593
FOLD	19658	13261	13261	10203966	10203966	0	5991688
FOLD	19659	13262	13262	10204737	10204737	0	5992650
FOLD	19668	13263	13263	10205505	10205505	0	5998144
FOLD	19669	13264	13264	10206276	10206276	0	5998371
FOLD	19670	13265	13265	10207044	10207044	0	5999437
FOLD	19679	13266	13266	10207803	10207803	0	6006696
FOLD	19772	13267	13267	10208577	10208577	0	6058040
FOLD	19773	13268	13268	10209348	10209348	0	6059208
FOLD	19774	13269	13269	10210116	10210116	0	6060348
FOLD	19775	13270	13270	10210887	10210887	0	6061601
FOLD	19776	13271	13271	10211655	10211655	0	6062604
FOLD	19777	13272	13272	10212426	10212426	0	6064099
FOLD	19778	13273	13273	10213194	10213194	0	6065226
FOLD	19779	13274	13274	10213965	10213965	0	6066500
FOLD	19780	13275	13275	10214733	10214733	0	6067690
FOLD	19781	13276	13276	10215504	10215504	0	6068674
FOLD	19782	13277	13277	10216272	10216272	0	6068740
FOLD	19783	13278	13278	10217040	10217040	0	6069856
FOLD	19784	13279	13279	10217811	10217811	0	6070835
FOLD	19785	13280	13280	10218579	10218579	0	6070906
FOLD	19786	13281	13281	10219347	10219347	0	6072025
FOLD	19787	13282	13282	10220118	10220118	0	6073062
FOLD	19788	13283	13283	10220886	10220886	0	6073148
FOLD	19789	13284	13284	10221654	10221654	0	6074117
FOLD	19790	13285	13285	10222425	10222425	0	6075247
FOLD	19793	13286	13286	10223196	10223196	0	6076433
FOLD	19794	13287	13287	10223967	10223967	0	6077672
FOLD	19797	13288	13288	10224738	10224738	0	6079117
FOLD	19798	13289	13289	10225509	10225509	0	6080395
FOLD	19799	13290	13290	10226277	10226277	0	6080481
FOLD	19800	13291	13291	10227048	10227048	0	6080541
FOLD	19801	13292	13292	10227816	10227816	0	6081630
FOLD	19802	13293	13293	10228587	10228587	0	6082797
FOLD	19811	13294	13294	10229355	10229355	0	6087261
FOLD	19812	13295	13295	10230126	10230126	0	6087355
FOLD	19813	13296	13296	10230894	10230894	0	6088456
FOLD	19814	13297	13297	10231665	10231665	0	6089500
FOLD	19815	13298	13298	10232433	10232433	0	6089591
FOLD	19818	13299	13299	10233201	10233201	0	6091774
FOLD	19825	13300	13300	10233972	10233972	0	6095552
FOLD	19826	13301	13301	10234743	10234743	0	6097070
FOLD	19827	13302	13302	10235511	10235511	0	6097188
FOLD	19828	13303	13303	10236282	10236282	0	6097386
FOLD	19829	13304	13304	10237050	10237050	0	6098413
FOLD	19830	13305	13305	10237821	10237821	0	6099392
FOLD	19839	13306	13306	10238589	10238589	0	6104772
FOLD	19840	13307	13307	10239360	10239360	0	6104886
FOLD	19841	13308	13308	10240128	10240128	0	6105966
FOLD	19842	13309	13309	10240899	10240899	0	6106952
FOLD	19843	13310	13310	10241667	10241667	0	6107078
FOLD	19846	13311	13311	10242435	10242435	0	6109444
FOLD	19847	13312	13312	10243203	10243203	0	6109588
FOLD	19850	13313	13313	10243971	10243971	0	6111744
FOLD	19851	13314	13314	10244739	10244739	0	6111885
FOLD	19852	13315	13315	10245510	10245510	0	6112005
FOLD	19853	13316	13316	10246278	10246278	0	6112975
FOLD	19854	13317	13317	10247049	10247049	0	6114023
FOLD	19855	13318	13318	10247817	10247817	0	6114170
FOLD	19856	13319	13319	10248588	10248588	0	6114310
FOLD	19857	13320	13320	10249356	10249356	0	6115414
FOLD	19858	13321	13321	10250127	10250127	0	6116541
FOLD	19861	13322	13322	10250898	10250898	0	6117876
FOLD	19862	13323	13323	10251669	10251669	0	6118876
FOLD	19865	13324	13324	10252440	10252440	0	6120152
FOLD	19866	13325	13325	10253211	10253211	0	6121174
FOLD	19867	13326	13326	10253979	10253979	0	6121469
FOLD	19868	13327	13327	10254750	10254750	0	6121604
FOLD	19869	13328	13328	10255518	10255518	0	6122750
FOLD	19870	13329	13329	10256289	10256289	0	6123926
FOLD	19879	13330	13330	10257057	10257057	0	6128783
FOLD	19880	13331	13331	10257828	10257828	0	6128956
FOLD	19881	13332	13332	10258596	10258596	0	6129981
FOLD	19882	13333	13333	10259367	10259367	0	6131018
FOLD	19883	13334	13334	10260135	10260135	0	6131224
FOLD	19886	13335	13335	10260903	10260903	0	6133434
FOLD	19893	13336	13336	10261674	10261674	0	6137003
FOLD	19894	13337	13337	10262445	10262445	0	6138093
FOLD	19895	13338	13338	10263213	10263213	0	6138330
FOLD	19896	13339	13339	10263984	10263984	0	6138776
FOLD	19897	13340	13340	10264752	10264752	0	6139875
FOLD	19898	13341	13341	10265523	10265523	0	6140921
FOLD	19911	13342	13342	10266285	10266285	0	6149596
FOLD	20008	13343	13343	10267056	10267056	0	6202129
FOLD	20009	13344	13344	10267824	10267824	0	6203290
FOLD	20010	13345	13345	10268595	10268595	0	6204301
FOLD	20011	13346	13346	10269363	10269363	0	6205427
FOLD	20012	13347	13347	10270134	10270134	0	6206505
FOLD	20013	13348	13348	10270902	10270902	0	6207644
FOLD	20014	13349	13349	10271673	10271673	0	6208737
FOLD	20015	13350	13350	10272441	10272441	0	6209747
FOLD	20016	13351	13351	10273212	10273212	0	6210836
FOLD	20019	13352	13352	10273983	10273983	0	6213353
FOLD	20020	13353	13353	10274751	10274751	0	6213437
FOLD	20021	13354	13354	10275519	10275519	0	6214612
FOLD	20022	13355	13355	10276290	10276290	0	6215733
FOLD	20023	13356	13356	10277058	10277058	0	6216053
FOLD	20024	13357	13357	10277826	10277826	0	6217157
FOLD	20025	13358	13358	10278597	10278597	0	6218282
FOLD	20026	13359	13359	10279365	10279365	0	6218356
FOLD	20029	13360	13360	10280133	10280133	0	6220628
FOLD	20032	13361	13361	10280904	10280904	0	6221898
FOLD	20033	13362	13362	10281675	10281675	0	6223054
FOLD	20036	13363	13363	10282446	10282446	0	6224411
FOLD	20037	13364	13364	10283217	10283217	0	6225599
FOLD	20038	13365	13365	10283985	10283985	0	6225689
FOLD	20039	13366	13366	10284756	10284756	0	6225763
FOLD	20040	13367	13367	10285524	10285524	0	6226857
FOLD	20041	13368	13368	10286295	10286295	0	6228220
FOLD	20050	13369	13369	10287063	10287063	0	6232944
FOLD	20051	13370	13370	10287834	10287834	0	6233047
FOLD	20052	13371	13371	10288602	10288602	0	6234059
FOLD	20053	13372	13372	10289373	10289373	0	6235109
FOLD	20054	13373	13373	10290141	10290141	0	6235226
FOLD	20057	13374	13374	10290909	10290909	0	6237586
FOLD	20064	13375	13375	10291680	10291680	0	6241265
FOLD	20065	13376	13376	10292451	10292451	0	6242500
FOLD	20066	13377	13377	10293219	10293219	0	6242639
FOLD	20067	13378	13378	10293990	10293990	0	6242858
FOLD	20068	13379	13379	10294758	10294758	0	6243890
FOLD	20069	13380	13380	10295529	10295529	0	6244982
FOLD	20078	13381	13381	10296297	10296297	0	6250331
FOLD	20079	13382	13382	10297068	10297068	0	6250463
FOLD	20080	13383	13383	10297836	10297836	0	6251478
FOLD	20081	13384	13384	10298607	10298607	0	6252550
FOLD	20082	13385	13385	10299375	10299375	0	6252699
FOLD	20085	13386	13386	10300143	10300143	0	6255160
FOLD	20086	13387	13387	10300911	10300911	0	6255565
FOLD	20089	13388	13388	10301679	10301679	0	6258211
FOLD	20090	13389	13389	10302447	10302447	0	6258360
FOLD	20091	13390	13390	10303218	10303218	0	6258493
FOLD	20092	13391	13391	10303986	10303986	0	6259560
FOLD	20093	13392	13392	10304757	10304757	0	6260686
FOLD	20094	13393	13393	10305525	10305525	0	6260840
FOLD	20095	13394	13394	10306296	10306296	0	6260978
FOLD	20096	13395	13395	10307064	10307064	0	6262013
FOLD	20097	13396	13396	10307835	10307835	0	6263019
FOLD	20100	13397	13397	10308606	10308606	0	6264249
FOLD	20101	13398	13398	10309377	10309377	0	6265410
FOLD	20104	13399	13399	10310148	10310148	0	6266743
FOLD	20105	13400	13400	10310919	10310919	0	6267848
FOLD	20106	13401	13401	10311687	10311687	0	6268117
FOLD	20107	13402	13402	10312458	10312458	0	6268245
FOLD	20108	13403	13403	10313226	10313226	0	6269247
FOLD	20109	13404	13404	10313997	10313997	0	6270391
FOLD	20118	13405	13405	10314765	10314765	0	6275608
FOLD	20119	13406	13406	10315536	10315536	0	6275810
FOLD	20120	13407	13407	10316304	10316304	0	6276852
FOLD	20121	13408	13408	10317075	10317075	0	6277934
FOLD	20122	13409	13409	10317843	10317843	0	6278147
FOLD	20125	13410	13410	10318611	10318611	0	6280471
FOLD	20132	13411	13411	10319382	10319382	0	6284326
FOLD	20135	13412	13412	10320150	10320150	0	6287020
FOLD	20136	13413	13413	10320918	10320918	0	6288203
FOLD	20243	13414	13414	10321686	10321686	0	6349173
FOLD	20244	13415	13415	10322454	10322454	0	6350364
FOLD	20245	13416	13416	10323225	10323225	0	6351446
FOLD	20246	13417	13417	10323993	10323993	0	6352581
FOLD	20247	13418	13418	10324764	10324764	0	6353685
FOLD	20248	13419	13419	10325532	10325532	0	6354861
FOLD	20249	13420	13420	10326303	10326303	0	6356153
FOLD	20250	13421	13421	10327071	10327071	0	6357382
FOLD	20251	13422	13422	10327842	10327842	0	6358418
FOLD	20254	13423	13423	10328613	10328613	0	6360664
FOLD	20257	13424	13424	10329384	10329384	0	6363111
FOLD	20258	13425	13425	10330152	10330152	0	6363192
FOLD	20259	13426	13426	10330920	10330920	0	6364256
FOLD	20260	13427	13427	10331691	10331691	0	6365505
FOLD	20261	13428	13428	10332459	10332459	0	6365586
FOLD	20264	13429	13429	10333227	10333227	0	6368193
FOLD	20265	13430	13430	10333995	10333995	0	6368276
FOLD	20268	13431	13431	10334763	10334763	0	6370883
FOLD	20271	13432	13432	10335534	10335534	0	6372126
FOLD	20272	13433	13433	10336305	10336305	0	6373282
FOLD	20275	13434	13434	10337076	10337076	0	6374501
FOLD	20276	13435	13435	10337847	10337847	0	6375703
FOLD	20277	13436	13436	10338615	10338615	0	6375795
FOLD	20278	13437	13437	10339386	10339386	0	6375874
FOLD	20279	13438	13438	10340154	10340154	0	6377033
FOLD	20280	13439	13439	10340925	10340925	0	6378074
FOLD	20289	13440	13440	10341693	10341693	0	6383024
FOLD	20290	13441	13441	10342464	10342464	0	6383165
FOLD	20291	13442	13442	10343232	10343232	0	6384374
FOLD	20292	13443	13443	10344003	10344003	0	6385434
FOLD	20293	13444	13444	10344771	10344771	0	6385544
FOLD	20296	13445	13445	10345539	10345539	0	6387765
FOLD	20303	13446	13446	10346310	10346310	0	6391501
FOLD	20304	13447	13447	10347081	10347081	0	6392722
FOLD	20305	13448	13448	10347849	10347849	0	6392870
FOLD	20306	13449	13449	10348620	10348620	0	6393091
FOLD	20307	13450	13450	10349388	10349388	0	6394304
FOLD	20308	13451	13451	10350159	10350159	0	6395473
FOLD	20317	13452	13452	10350927	10350927	0	6401055
FOLD	20318	13453	13453	10351698	10351698	0	6401198
FOLD	20319	13454	13454	10352466	10352466	0	6402374
FOLD	20320	13455	13455	10353237	10353237	0	6403531
FOLD	20321	13456	13456	10354005	10354005	0	6403716
FOLD	20324	13457	13457	10354773	10354773	0	6406174
FOLD	20325	13458	13458	10355541	10355541	0	6406316
FOLD	20328	13459	13459	10356309	10356309	0	6408659
FOLD	20329	13460	13460	10357077	10357077	0	6408817
FOLD	20330	13461	13461	10357848	10357848	0	6408958
FOLD	20331	13462	13462	10358616	10358616	0	6410190
FOLD	20332	13463	13463	10359387	10359387	0	6411331
FOLD	20333	13464	13464	10360155	10360155	0	6411477
FOLD	20334	13465	13465	10360926	10360926	0	6411619
FOLD	20335	13466	13466	10361694	10361694	0	6412706
FOLD	20336	13467	13467	10362465	10362465	0	6413962
FOLD	20339	13468	13468	10363236	10363236	0	6415336
FOLD	20340	13469	13469	10364007	10364007	0	6416519
FOLD	20343	13470	13470	10364778	10364778	0	6417893
FOLD	20344	13471	13471	10365549	10365549	0	6418966
FOLD	20345	13472	13472	10366317	10366317	0	6419281
FOLD	20346	13473	13473	10367088	10367088	0	6419435
FOLD	20347	13474	13474	10367856	10367856	0	6420645
FOLD	20348	13475	13475	10368627	10368627	0	6421918
FOLD	20357	13476	13476	10369395	10369395	0	6427202
FOLD	20358	13477	13477	10370166	10370166	0	6427417
FOLD	20359	13478	13478	10370934	10370934	0	6428619
FOLD	20360	13479	13479	10371705	10371705	0	6429661
FOLD	20361	13480	13480	10372473	10372473	0	6429879
FOLD	20374	13481	13481	10373238	10373238	0	6438546
FOLD	20479	13482	13482	10374006	10374006	0	6500878
FOLD	20480	13483	13483	10374777	10374777	0	6502102
FOLD	20481	13484	13484	10375545	10375545	0	6503311
FOLD	20482	13485	13485	10376316	10376316	0	6504576
FOLD	20483	13486	13486	10377084	10377084	0	6505800
FOLD	20484	13487	13487	10377855	10377855	0	6506994
FOLD	20485	13488	13488	10378623	10378623	0	6508224
FOLD	20486	13489	13489	10379394	10379394	0	6509323
FOLD	20487	13490	13490	10380162	10380162	0	6509397
FOLD	20488	13491	13491	10380930	10380930	0	6510462
FOLD	20489	13492	13492	10381701	10381701	0	6511629
FOLD	20492	13493	13493	10382472	10382472	0	6514225
FOLD	20495	13494	13494	10383243	10383243	0	6516852
FOLD	20496	13495	13495	10384011	10384011	0	6516959
FOLD	20497	13496	13496	10384782	10384782	0	6517030
FOLD	20498	13497	13497	10385550	10385550	0	6518195
FOLD	20499	13498	13498	10386321	10386321	0	6519353
FOLD	20500	13499	13499	10387089	10387089	0	6519438
FOLD	20503	13500	13500	10387857	10387857	0	6522186
FOLD	20504	13501	13501	10388625	10388625	0	6522279
FOLD	20507	13502	13502	10389393	10389393	0	6524584
FOLD	20510	13503	13503	10390164	10390164	0	6525735
FOLD	20511	13504	13504	10390935	10390935	0	6527008
FOLD	20514	13505	13505	10391706	10391706	0	6528340
FOLD	20515	13506	13506	10392477	10392477	0	6529399
FOLD	20516	13507	13507	10393245	10393245	0	6529489
FOLD	20517	13508	13508	10394016	10394016	0	6529560
FOLD	20518	13509	13509	10394784	10394784	0	6530719
FOLD	20519	13510	13510	10395555	10395555	0	6531824
FOLD	20528	13511	13511	10396323	10396323	0	6537010
FOLD	20529	13512	13512	10397094	10397094	0	6537115
FOLD	20530	13513	13513	10397862	10397862	0	6538304
FOLD	20531	13514	13514	10398633	10398633	0	6539420
FOLD	20532	13515	13515	10399401	10399401	0	6539555
FOLD	20535	13516	13516	10400169	10400169	0	6541979
FOLD	20542	13517	13517	10400940	10400940	0	6545857
FOLD	20543	13518	13518	10401711	10401711	0	6547021
FOLD	20544	13519	13519	10402479	10402479	0	6547149
FOLD	20545	13520	13520	10403250	10403250	0	6547347
FOLD	20546	13521	13521	10404018	10404018	0	6548554
FOLD	20547	13522	13522	10404789	10404789	0	6549748
FOLD	20556	13523	13523	10405557	10405557	0	6555147
FOLD	20557	13524	13524	10406328	10406328	0	6555321
FOLD	20558	13525	13525	10407096	10407096	0	6556558
FOLD	20559	13526	13526	10407867	10407867	0	6557802
FOLD	20560	13527	13527	10408635	10408635	0	6557949
FOLD	20563	13528	13528	10409403	10409403	0	6560431
FOLD	20564	13529	13529	10410171	10410171	0	6560586
FOLD	20567	13530	13530	10410939	10410939	0	6563165
FOLD	20568	13531	13531	10411707	10411707	0	6563321
FOLD	20569	13532	13532	10412478	10412478	0	6563464
FOLD	20570	13533	13533	10413246	10413246	0	6564642
FOLD	20571	13534	13534	10414017	10414017	0	6565771
FOLD	20572	13535	13535	10414785	10414785	0	6565951
FOLD	20573	13536	13536	10415556	10415556	0	6566109
FOLD	20574	13537	13537	10416324	10416324	0	6567296
FOLD	20575	13538	13538	10417095	10417095	0	6568466
FOLD	20578	13539	13539	10417866	10417866	0	6569730
FOLD	20579	13540	13540	10418637	10418637	0	6570951
FOLD	20582	13541	13541	10419408	10419408	0	6572409
FOLD	20583	13542	13542	10420179	10420179	0	6573583
FOLD	20584	13543	13543	10420947	10420947	0	6573923
FOLD	20585	13544	13544	10421718	10421718	0	6574086
FOLD	20586	13545	13545	10422486	10422486	0	6575257
FOLD	20587	13546	13546	10423257	10423257	0	6576338
FOLD	20598	13547	13547	10424022	10424022	0	6583814
FOLD	20603	13548	13548	10424787	10424787	0	6587184
FOLD	20714	13549	13549	10425558	10425558	0	6650739
FOLD	20715	13550	13550	10426329	10426329	0	6651836
FOLD	20716	13551	13551	10427097	10427097	0	6653041
FOLD	20717	13552	13552	10427868	10427868	0	6654291
FOLD	20718	13553	13553	10428636	10428636	0	6655431
FOLD	20719	13554	13554	10429407	10429407	0	6656642
FOLD	20720	13555	13555	10430175	10430175	0	6657845
FOLD	20721	13556	13556	10430946	10430946	0	6658932
FOLD	20724	13557	13557	10431717	10431717	0	6661482
FOLD	20725	13558	13558	10432485	10432485	0	6661555
FOLD	20726	13559	13559	10433253	10433253	0	6662728
FOLD	20727	13560	13560	10434024	10434024	0	6663968
FOLD	20730	13561	13561	10434795	10434795	0	6666275
FOLD	20735	13562	13562	10435563	10435563	0	6668721
FOLD	20736	13563	13563	10436334	10436334	0	6668794
FOLD	20737	13564	13564	10437102	10437102	0	6670078
FOLD	20738	13565	13565	10437873	10437873	0	6671170
FOLD	20739	13566	13566	10438641	10438641	0	6671247
FOLD	20742	13567	13567	10439409	10439409	0	6674482
FOLD	20743	13568	13568	10440177	10440177	0	6674576
FOLD	20746	13569	13569	10440945	10440945	0	6677642
FOLD	20749	13570	13570	10441716	10441716	0	6679845
FOLD	20750	13571	13571	10442487	10442487	0	6681434
FOLD	20753	13572	13572	10443258	10443258	0	6682704
FOLD	20754	13573	13573	10444029	10444029	0	6683886
FOLD	20755	13574	13574	10444797	10444797	0	6684003
FOLD	20756	13575	13575	10445568	10445568	0	6684083
FOLD	20757	13576	13576	10446336	10446336	0	6685422
FOLD	20758	13577	13577	10447107	10447107	0	6686791
FOLD	20767	13578	13578	10447875	10447875	0	6692088
FOLD	20768	13579	13579	10448646	10448646	0	6692230
FOLD	20769	13580	13580	10449414	10449414	0	6693414
FOLD	20770	13581	13581	10450185	10450185	0	6694729
FOLD	20771	13582	13582	10450953	10450953	0	6694886
FOLD	20774	13583	13583	10451721	10451721	0	6697161
FOLD	20781	13584	13584	10452492	10452492	0	6701256
FOLD	20782	13585	13585	10453263	10453263	0	6702340
FOLD	20783	13586	13586	10454031	10454031	0	6702471
FOLD	20784	13587	13587	10454802	10454802	0	6702686
FOLD	20785	13588	13588	10455570	10455570	0	6703780
FOLD	20786	13589	13589	10456341	10456341	0	6705023
FOLD	20795	13590	13590	10457109	10457109	0	6710824
FOLD	20796	13591	13591	10457880	10457880	0	6710982
FOLD	20797	13592	13592	10458648	10458648	0	6712242
FOLD	20798	13593	13593	10459419	10459419	0	6713311
FOLD	20799	13594	13594	10460187	10460187	0	6713470
FOLD	20802	13595	13595	10460955	10460955	0	6716032
FOLD	20803	13596	13596	10461723	10461723	0	6716245
FOLD	20806	13597	13597	10462491	10462491	0	6718644
FOLD	20807	13598	13598	10463259	10463259	0	6718794
FOLD	20808	13599	13599	10464030	10464030	0	6718939
FOLD	20809	13600	13600	10464798	10464798	0	6720137
FOLD	20810	13601	13601	10465569	10465569	0	6721795
FOLD	20811	13602	13602	10466337	10466337	0	6722058
FOLD	20812	13603	13603	10467108	10467108	0	6722229
FOLD	20813	13604	13604	10467876	10467876	0	6723382
FOLD	20814	13605	13605	10468647	10468647	0	6724639
FOLD	20817	13606	13606	10469418	10469418	0	6725975
FOLD	20818	13607	13607	10470189	10470189	0	6727167
FOLD	20821	13608	13608	10470960	10470960	0	6728549
FOLD	20822	13609	13609	10471731	10471731	0	6729623
FOLD	20823	13610	13610	10472499	10472499	0	6729921
FOLD	20824	13611	13611	10473270	10473270	0	6730087
FOLD	20825	13612	13612	10474038	10474038	0	6731300
FOLD	20950	13613	13613	10474803	10474803	0	6804731
FOLD	20951	13614	13614	10475571	10475571	0	6805994
FOLD	20952	13615	13615	10476342	10476342	0	6807178
FOLD	20953	13616	13616	10477110	10477110	0	6808283
FOLD	20954	13617	13617	10477881	10477881	0	6809458
FOLD	20955	13618	13618	10478649	10478649	0	6810538
FOLD	20956	13619	13619	10479420	10479420	0	6811711
FOLD	20959	13620	13620	10480191	10480191	0	6814028
FOLD	20962	13621	13621	10480962	10480962	0	6816390
FOLD	20963	13622	13622	10481730	10481730	0	6816478
FOLD	20964	13623	13623	10482498	10482498	0	6817634
FOLD	20965	13624	13624	10483269	10483269	0	6818833
FOLD	20974	13625	13625	10484037	10484037	0	6823894
FOLD	20975	13626	13626	10484808	10484808	0	6823986
FOLD	20976	13627	13627	10485576	10485576	0	6825225
FOLD	20977	13628	13628	10486347	10486347	0	6826480
FOLD	20978	13629	13629	10487115	10487115	0	6826569
FOLD	20981	13630	13630	10487883	10487883	0	6829266
FOLD	20982	13631	13631	10488651	10488651	0	6829353
FOLD	20985	13632	13632	10489419	10489419	0	6831715
FOLD	20988	13633	13633	10490190	10490190	0	6832903
FOLD	20989	13634	13634	10490961	10490961	0	6834114
FOLD	20992	13635	13635	10491732	10491732	0	6835385
FOLD	20993	13636	13636	10492503	10492503	0	6836554
FOLD	20994	13637	13637	10493271	10493271	0	6836661
FOLD	20995	13638	13638	10494042	10494042	0	6836736
FOLD	20996	13639	13639	10494810	10494810	0	6837867
FOLD	20997	13640	13640	10495581	10495581	0	6839033
FOLD	21006	13641	13641	10496349	10496349	0	6844220
FOLD	21007	13642	13642	10497120	10497120	0	6844341
FOLD	21008	13643	13643	10497888	10497888	0	6845473
FOLD	21009	13644	13644	10498659	10498659	0	6846556
FOLD	21010	13645	13645	10499427	10499427	0	6846671
FOLD	21013	13646	13646	10500195	10500195	0	6849117
FOLD	21020	13647	13647	10500966	10500966	0	6852861
FOLD	21021	13648	13648	10501737	10501737	0	6854073
FOLD	21022	13649	13649	10502505	10502505	0	6854204
FOLD	21023	13650	13650	10503276	10503276	0	6854419
FOLD	21024	13651	13651	10504044	10504044	0	6855782
FOLD	21025	13652	13652	10504815	10504815	0	6857021
FOLD	21034	13653	13653	10505583	10505583	0	6862882
FOLD	21035	13654	13654	10506354	10506354	0	6863025
FOLD	21036	13655	13655	10507122	10507122	0	6864314
FOLD	21037	13656	13656	10507893	10507893	0	6865575
FOLD	21038	13657	13657	10508661	10508661	0	6865736
FOLD	21041	13658	13658	10509429	10509429	0	6868148
FOLD	21042	13659	13659	10510197	10510197	0	6868310
FOLD	21045	13660	13660	10510965	10510965	0	6870813
FOLD	21046	13661	13661	10511733	10511733	0	6870978
FOLD	21047	13662	13662	10512504	10512504	0	6871129
FOLD	21048	13663	13663	10513272	10513272	0	6872357
FOLD	21049	13664	13664	10514043	10514043	0	6873460
FOLD	21050	13665	13665	10514811	10514811	0	6873621
FOLD	21051	13666	13666	10515582	10515582	0	6873772
FOLD	21052	13667	13667	10516350	10516350	0	6874999
FOLD	21053	13668	13668	10517121	10517121	0	6876193
FOLD	21056	13669	13669	10517892	10517892	0	6877598
FOLD	21063	13670	13670	10518660	10518660	0	6881976
FOLD	21064	13671	13671	10519428	10519428	0	6883165
FOLD	21065	13672	13672	10520199	10520199	0	6884279
FOLD	21186	13673	13673	10520967	10520967	0	6954197
FOLD	21187	13674	13674	10521738	10521738	0	6955300
FOLD	21188	13675	13675	10522506	10522506	0	6956547
FOLD	21189	13676	13676	10523277	10523277	0	6957860
FOLD	21190	13677	13677	10524045	10524045	0	6959071
FOLD	21191	13678	13678	10524816	10524816	0	6960325
FOLD	21192	13679	13679	10525584	10525584	0	6960401
FOLD	21193	13680	13680	10526352	10526352	0	6961542
FOLD	21194	13681	13681	10527123	10527123	0	6962723
FOLD	21197	13682	13682	10527894	10527894	0	6965257
FOLD	21200	13683	13683	10528665	10528665	0	6967554
FOLD	21201	13684	13684	10529433	10529433	0	6967627
FOLD	21202	13685	13685	10530204	10530204	0	6967756
FOLD	21203	13686	13686	10530972	10530972	0	6969002
FOLD	21204	13687	13687	10531743	10531743	0	6970163
FOLD	21213	13688	13688	10532511	10532511	0	6975630
FOLD	21214	13689	13689	10533282	10533282	0	6975752
FOLD	21215	13690	13690	10534050	10534050	0	6976992
FOLD	21216	13691	13691	10534821	10534821	0	6978073
FOLD	21217	13692	13692	10535589	10535589	0	6978153
FOLD	21220	13693	13693	10536357	10536357	0	6981043
FOLD	21221	13694	13694	10537125	10537125	0	6981138
FOLD	21224	13695	13695	10537893	10537893	0	6983473
FOLD	21227	13696	13696	10538664	10538664	0	6984895
FOLD	21228	13697	13697	10539435	10539435	0	6986136
FOLD	21231	13698	13698	10540206	10540206	0	6987436
FOLD	21232	13699	13699	10540977	10540977	0	6988583
FOLD	21233	13700	13700	10541745	10541745	0	6988704
FOLD	21234	13701	13701	10542516	10542516	0	6988790
FOLD	21235	13702	13702	10543284	10543284	0	6990172
FOLD	21236	13703	13703	10544055	10544055	0	6991358
FOLD	21245	13704	13704	10544823	10544823	0	6996290
FOLD	21246	13705	13705	10545594	10545594	0	6996410
FOLD	21247	13706	13706	10546362	10546362	0	6997576
FOLD	21248	13707	13707	10547133	10547133	0	6998772
FOLD	21249	13708	13708	10547901	10547901	0	6998887
FOLD	21252	13709	13709	10548669	10548669	0	7001320
FOLD	21259	13710	13710	10549440	10549440	0	7005134
FOLD	21260	13711	13711	10550211	10550211	0	7006295
FOLD	21261	13712	13712	10550979	10550979	0	7006455
FOLD	21262	13713	13713	10551750	10551750	0	7006700
FOLD	21263	13714	13714	10552518	10552518	0	7007848
FOLD	21264	13715	13715	10553289	10553289	0	7009029
FOLD	21273	13716	13716	10554057	10554057	0	7014789
FOLD	21274	13717	13717	10554828	10554828	0	7014945
FOLD	21275	13718	13718	10555596	10555596	0	7016143
FOLD	21276	13719	13719	10556367	10556367	0	7017288
FOLD	21277	13720	13720	10557135	10557135	0	7017452
FOLD	21280	13721	13721	10557903	10557903	0	7019874
FOLD	21281	13722	13722	10558671	10558671	0	7020066
FOLD	21284	13723	13723	10559439	10559439	0	7022501
FOLD	21285	13724	13724	10560207	10560207	0	7022666
FOLD	21286	13725	13725	10560978	10560978	0	7022826
FOLD	21287	13726	13726	10561746	10561746	0	7023935
FOLD	21290	13727	13727	10562514	10562514	0	7026126
FOLD	21291	13728	13728	10563282	10563282	0	7027288
FOLD	21296	13729	13729	10564053	10564053	0	7030261
FOLD	21419	13730	13730	10564824	10564824	0	7098845
FOLD	21420	13731	13731	10565595	10565595	0	7100034
FOLD	21421	13732	13732	10566363	10566363	0	7101275
FOLD	21422	13733	13733	10567134	10567134	0	7102481
FOLD	21423	13734	13734	10567902	10567902	0	7103782
FOLD	21424	13735	13735	10568673	10568673	0	7105023
FOLD	21425	13736	13736	10569441	10569441	0	7106281
FOLD	21426	13737	13737	10570212	10570212	0	7107381
FOLD	21427	13738	13738	10570980	10570980	0	7107444
FOLD	21428	13739	13739	10571748	10571748	0	7108729
FOLD	21429	13740	13740	10572519	10572519	0	7109899
FOLD	21430	13741	13741	10573287	10573287	0	7109967
FOLD	21431	13742	13742	10574055	10574055	0	7111177
FOLD	21432	13743	13743	10574826	10574826	0	7112453
FOLD	21435	13744	13744	10575597	10575597	0	7114973
FOLD	21438	13745	13745	10576368	10576368	0	7116309
FOLD	21439	13746	13746	10577139	10577139	0	7117603
FOLD	21440	13747	13747	10577907	10577907	0	7117687
FOLD	21441	13748	13748	10578678	10578678	0	7117808
FOLD	21442	13749	13749	10579446	10579446	0	7118975
FOLD	21443	13750	13750	10580217	10580217	0	7120276
FOLD	21452	13751	13751	10580985	10580985	0	7125776
FOLD	21453	13752	13752	10581756	10581756	0	7125856
FOLD	21454	13753	13753	10582524	10582524	0	7126993
FOLD	21455	13754	13754	10583295	10583295	0	7128291
FOLD	21456	13755	13755	10584063	10584063	0	7128390
FOLD	21459	13756	13756	10584831	10584831	0	7131419
FOLD	21460	13757	13757	10585599	10585599	0	7131516
FOLD	21463	13758	13758	10586367	10586367	0	7133935
FOLD	21466	13759	13759	10587138	10587138	0	7135204
FOLD	21467	13760	13760	10587909	10587909	0	7136343
FOLD	21470	13761	13761	10588680	10588680	0	7137805
FOLD	21471	13762	13762	10589451	10589451	0	7138973
FOLD	21472	13763	13763	10590219	10590219	0	7139095
FOLD	21473	13764	13764	10590990	10590990	0	7139187
FOLD	21474	13765	13765	10591758	10591758	0	7140629
FOLD	21475	13766	13766	10592529	10592529	0	7142002
FOLD	21484	13767	13767	10593297	10593297	0	7147235
FOLD	21485	13768	13768	10594068	10594068	0	7147370
FOLD	21486	13769	13769	10594836	10594836	0	7148714
FOLD	21487	13770	13770	10595607	10595607	0	7149837
FOLD	21488	13771	13771	10596375	10596375	0	7149961
FOLD	21491	13772	13772	10597143	10597143	0	7152430
FOLD	21498	13773	13773	10597914	10597914	0	7156517
FOLD	21499	13774	13774	10598685	10598685	0	7157654
FOLD	21500	13775	13775	10599453	10599453	0	7157816
FOLD	21501	13776	13776	10600224	10600224	0	7158090
FOLD	21502	13777	13777	10600992	10600992	0	7159382
FOLD	21503	13778	13778	10601763	10601763	0	7160597
FOLD	21512	13779	13779	10602531	10602531	0	7166820
FOLD	21513	13780	13780	10603302	10603302	0	7166968
FOLD	21514	13781	13781	10604070	10604070	0	7168252
FOLD	21515	13782	13782	10604841	10604841	0	7169370
FOLD	21516	13783	13783	10605609	10605609	0	7169540
FOLD	21525	13784	13784	10606368	10606368	0	7175416
FOLD	21526	13785	13785	10607136	10607136	0	7176732
FOLD	21527	13786	13786	10607907	10607907	0	7177879
FOLD	21528	13787	13787	10608675	10608675	0	7178126
FOLD	21529	13788	13788	10609446	10609446	0	7178319
FOLD	21654	13789	13789	10610220	10610220	0	7249574
FOLD	21655	13790	13790	10610991	10610991	0	7250856
FOLD	21656	13791	13791	10611759	10611759	0	7252170
FOLD	21657	13792	13792	10612530	10612530	0	7253476
FOLD	21658	13793	13793	10613298	10613298	0	7254686
FOLD	21659	13794	13794	10614069	10614069	0	7255951
FOLD	21660	13795	13795	10614837	10614837	0	7257270
FOLD	21661	13796	13796	10615608	10615608	0	7258470
FOLD	21664	13797	13797	10616379	10616379	0	7261181
FOLD	21665	13798	13798	10617147	10617147	0	7261254
FOLD	21666	13799	13799	10617915	10617915	0	7262491
FOLD	21667	13800	13800	10618686	10618686	0	7263645
FOLD	21668	13801	13801	10619454	10619454	0	7263720
FOLD	21669	13802	13802	10620222	10620222	0	7265051
FOLD	21670	13803	13803	10620993	10620993	0	7266338
FOLD	21677	13804	13804	10621764	10621764	0	7270437
FOLD	21678	13805	13805	10622535	10622535	0	7271639
FOLD	21679	13806	13806	10623303	10623303	0	7271734
FOLD	21680	13807	13807	10624074	10624074	0	7271850
FOLD	21681	13808	13808	10624842	10624842	0	7273038
FOLD	21682	13809	13809	10625613	10625613	0	7274429
FOLD	21691	13810	13810	10626381	10626381	0	7280667
FOLD	21692	13811	13811	10627152	10627152	0	7280760
FOLD	21693	13812	13812	10627920	10627920	0	7281983
FOLD	21694	13813	13813	10628691	10628691	0	7283213
FOLD	21695	13814	13814	10629459	10629459	0	7283312
FOLD	21698	13815	13815	10630227	10630227	0	7286360
FOLD	21699	13816	13816	10630995	10630995	0	7286468
FOLD	21702	13817	13817	10631763	10631763	0	7289054
FOLD	21705	13818	13818	10632534	10632534	0	7290772
FOLD	21706	13819	13819	10633305	10633305	0	7292119
FOLD	21709	13820	13820	10634076	10634076	0	7293586
FOLD	21710	13821	13821	10634847	10634847	0	7294775
FOLD	21711	13822	13822	10635615	10635615	0	7294882
FOLD	21712	13823	13823	10636386	10636386	0	7294968
FOLD	21713	13824	13824	10637154	10637154	0	7296279
FOLD	21714	13825	13825	10637925	10637925	0	7297661
FOLD	21723	13826	13826	10638693	10638693	0	7303905
FOLD	21724	13827	13827	10639464	10639464	0	7304022
FOLD	21725	13828	13828	10640232	10640232	0	7305315
FOLD	21726	13829	13829	10641003	10641003	0	7306580
FOLD	21727	13830	13830	10641771	10641771	0	7306706
FOLD	21730	13831	13831	10642539	10642539	0	7309674
FOLD	21737	13832	13832	10643310	10643310	0	7314908
FOLD	21738	13833	13833	10644081	10644081	0	7316092
FOLD	21739	13834	13834	10644849	10644849	0	7316338
FOLD	21740	13835	13835	10645620	10645620	0	7316621
FOLD	21741	13836	13836	10646388	10646388	0	7317940
FOLD	21742	13837	13837	10647159	10647159	0	7319267
FOLD	21753	13838	13838	10647924	10647924	0	7328312
FOLD	21758	13839	13839	10648689	10648689	0	7331806
FOLD	21759	13840	13840	10649457	10649457	0	7332029
FOLD	21770	13841	13841	10650225	10650225	0	7340081
FOLD	21781	13842	13842	10651002	10651002	0	7344746
FOLD	21888	13843	13843	10651770	10651770	0	7407264
FOLD	21889	13844	13844	10652538	10652538	0	7408827
FOLD	21890	13845	13845	10653309	10653309	0	7410198
FOLD	21891	13846	13846	10654077	10654077	0	7411827
FOLD	21892	13847	13847	10654848	10654848	0	7413093
FOLD	21893	13848	13848	10655616	10655616	0	7414500
FOLD	21894	13849	13849	10656387	10656387	0	7415873
FOLD	21895	13850	13850	10657155	10657155	0	7417119
FOLD	21896	13851	13851	10657926	10657926	0	7418406
FOLD	21899	13852	13852	10658697	10658697	0	7421198
FOLD	21902	13853	13853	10659468	10659468	0	7423793
FOLD	21903	13854	13854	10660236	10660236	0	7423873
FOLD	21904	13855	13855	10661004	10661004	0	7425230
FOLD	21905	13856	13856	10661775	10661775	0	7426420
FOLD	21906	13857	13857	10662543	10662543	0	7426484
FOLD	21909	13858	13858	10663311	10663311	0	7429255
FOLD	21916	13859	13859	10664082	10664082	0	7433640
FOLD	21917	13860	13860	10664853	10664853	0	7435067
FOLD	21918	13861	13861	10665621	10665621	0	7435152
FOLD	21919	13862	13862	10666392	10666392	0	7435280
FOLD	21920	13863	13863	10667160	10667160	0	7436727
FOLD	21921	13864	13864	10667931	10667931	0	7438072
FOLD	21930	13865	13865	10668699	10668699	0	7443821
FOLD	21931	13866	13866	10669470	10669470	0	7443905
FOLD	21932	13867	13867	10670238	10670238	0	7445199
FOLD	21933	13868	13868	10671009	10671009	0	7446412
FOLD	21934	13869	13869	10671777	10671777	0	7446514
FOLD	21937	13870	13870	10672545	10672545	0	7449574
FOLD	21938	13871	13871	10673313	10673313	0	7449672
FOLD	21941	13872	13872	10674081	10674081	0	7452330
FOLD	21944	13873	13873	10674852	10674852	0	7453763
FOLD	21945	13874	13874	10675623	10675623	0	7455071
FOLD	21948	13875	13875	10676394	10676394	0	7457194
FOLD	21949	13876	13876	10677165	10677165	0	7459322
FOLD	21950	13877	13877	10677933	10677933	0	7459554
FOLD	21951	13878	13878	10678704	10678704	0	7459762
FOLD	21952	13879	13879	10679472	10679472	0	7462030
FOLD	21953	13880	13880	10680243	10680243	0	7464138
FOLD	21962	13881	13881	10681011	10681011	0	7470728
FOLD	21963	13882	13882	10681782	10681782	0	7470916
FOLD	21964	13883	13883	10682550	10682550	0	7472438
FOLD	21965	13884	13884	10683321	10683321	0	7473761
FOLD	21966	13885	13885	10684089	10684089	0	7473940
FOLD	21969	13886	13886	10684857	10684857	0	7476581
FOLD	21976	13887	13887	10685628	10685628	0	7480723
FOLD	21977	13888	13888	10686399	10686399	0	7481996
FOLD	21978	13889	13889	10687167	10687167	0	7482171
FOLD	21979	13890	13890	10687938	10687938	0	7482430
FOLD	21980	13891	13891	10688706	10688706	0	7483687
FOLD	22007	13892	13892	10689468	10689468	0	7502078
FOLD	22018	13893	13893	10690239	10690239	0	7507536
FOLD	22019	13894	13894	10691010	10691010	0	7507744
FOLD	22124	13895	13895	10691778	10691778	0	7567336
FOLD	22125	13896	13896	10692549	10692549	0	7568589
FOLD	22126	13897	13897	10693317	10693317	0	7569958
FOLD	22127	13898	13898	10694088	10694088	0	7571298
FOLD	22128	13899	13899	10694856	10694856	0	7572644
FOLD	22129	13900	13900	10695627	10695627	0	7574051
FOLD	22130	13901	13901	10696395	10696395	0	7575391
FOLD	22131	13902	13902	10697166	10697166	0	7576653
FOLD	22132	13903	13903	10697934	10697934	0	7576791
FOLD	22133	13904	13904	10698702	10698702	0	7578018
FOLD	22134	13905	13905	10699473	10699473	0	7579309
FOLD	22137	13906	13906	10700244	10700244	0	7581994
FOLD	22140	13907	13907	10701015	10701015	0	7584588
FOLD	22141	13908	13908	10701783	10701783	0	7584667
FOLD	22142	13909	13909	10702554	10702554	0	7584729
FOLD	22143	13910	13910	10703322	10703322	0	7586024
FOLD	22144	13911	13911	10704093	10704093	0	7587382
FOLD	22145	13912	13912	10704861	10704861	0	7587465
FOLD	22148	13913	13913	10705629	10705629	0	7590057
FOLD	22155	13914	13914	10706400	10706400	0	7594168
FOLD	22156	13915	13915	10707171	10707171	0	7595411
FOLD	22157	13916	13916	10707939	10707939	0	7595502
FOLD	22158	13917	13917	10708710	10708710	0	7595653
FOLD	22159	13918	13918	10709478	10709478	0	7596941
FOLD	22160	13919	13919	10710249	10710249	0	7598162
FOLD	22169	13920	13920	10711017	10711017	0	7603845
FOLD	22170	13921	13921	10711788	10711788	0	7603935
FOLD	22171	13922	13922	10712556	10712556	0	7605180
FOLD	22172	13923	13923	10713327	10713327	0	7606434
FOLD	22173	13924	13924	10714095	10714095	0	7606535
FOLD	22176	13925	13925	10714863	10714863	0	7609451
FOLD	22177	13926	13926	10715631	10715631	0	7609570
FOLD	22180	13927	13927	10716399	10716399	0	7612201
FOLD	22183	13928	13928	10717170	10717170	0	7613537
FOLD	22184	13929	13929	10717941	10717941	0	7614739
FOLD	22187	13930	13930	10718712	10718712	0	7616334
FOLD	22188	13931	13931	10719483	10719483	0	7617718
FOLD	22189	13932	13932	10720251	10720251	0	7617847
FOLD	22190	13933	13933	10721022	10721022	0	7617951
FOLD	22191	13934	13934	10721790	10721790	0	7619155
FOLD	22192	13935	13935	10722561	10722561	0	7620441
FOLD	22201	13936	13936	10723329	10723329	0	7625922
FOLD	22202	13937	13937	10724100	10724100	0	7626053
FOLD	22203	13938	13938	10724868	10724868	0	7627385
FOLD	22204	13939	13939	10725639	10725639	0	7628564
FOLD	22205	13940	13940	10726407	10726407	0	7628703
FOLD	22208	13941	13941	10727175	10727175	0	7631385
FOLD	22219	13942	13942	10727940	10727940	0	7638752
FOLD	22220	13943	13943	10728711	10728711	0	7640067
FOLD	22357	13944	13944	10729479	10729479	0	7717046
FOLD	22358	13945	13945	10730250	10730250	0	7718415
FOLD	22359	13946	13946	10731018	10731018	0	7719738
FOLD	22360	13947	13947	10731789	10731789	0	7720978
FOLD	22361	13948	13948	10732557	10732557	0	7722221
FOLD	22362	13949	13949	10733328	10733328	0	7723437
FOLD	22363	13950	13950	10734096	10734096	0	7724787
FOLD	22364	13951	13951	10734867	10734867	0	7726066
FOLD	22365	13952	13952	10735635	10735635	0	7727365
FOLD	22366	13953	13953	10736406	10736406	0	7728582
FOLD	22369	13954	13954	10737177	10737177	0	7731287
FOLD	22370	13955	13955	10737945	10737945	0	7731356
FOLD	22371	13956	13956	10738713	10738713	0	7732693
FOLD	22372	13957	13957	10739484	10739484	0	7733881
FOLD	22375	13958	13958	10740255	10740255	0	7736573
FOLD	22380	13959	13959	10741023	10741023	0	7739250
FOLD	22381	13960	13960	10741794	10741794	0	7739314
FOLD	22382	13961	13961	10742562	10742562	0	7740695
FOLD	22383	13962	13962	10743333	10743333	0	7742001
FOLD	22384	13963	13963	10744101	10744101	0	7742083
FOLD	22387	13964	13964	10744869	10744869	0	7744791
FOLD	22394	13965	13965	10745640	10745640	0	7748688
FOLD	22395	13966	13966	10746411	10746411	0	7750022
FOLD	22396	13967	13967	10747179	10747179	0	7750125
FOLD	22397	13968	13968	10747950	10747950	0	7750281
FOLD	22398	13969	13969	10748718	10748718	0	7751505
FOLD	22399	13970	13970	10749489	10749489	0	7752877
FOLD	22408	13971	13971	10750257	10750257	0	7758720
FOLD	22409	13972	13972	10751028	10751028	0	7758820
FOLD	22410	13973	13973	10751796	10751796	0	7760190
FOLD	22411	13974	13974	10752567	10752567	0	7761411
FOLD	22412	13975	13975	10753335	10753335	0	7761525
FOLD	22415	13976	13976	10754103	10754103	0	7764867
FOLD	22416	13977	13977	10754871	10754871	0	7764979
FOLD	22419	13978	13978	10755639	10755639	0	7767730
FOLD	22422	13979	13979	10756410	10756410	0	7769147
FOLD	22423	13980	13980	10757181	10757181	0	7770330
FOLD	22426	13981	13981	10757952	10757952	0	7771934
FOLD	22427	13982	13982	10758723	10758723	0	7773341
FOLD	22428	13983	13983	10759491	10759491	0	7773492
FOLD	22429	13984	13984	10760262	10760262	0	7773602
FOLD	22430	13985	13985	10761030	10761030	0	7774964
FOLD	22431	13986	13986	10761801	10761801	0	7776312
FOLD	22440	13987	13987	10762569	10762569	0	7781953
FOLD	22441	13988	13988	10763340	10763340	0	7782083
FOLD	22442	13989	13989	10764108	10764108	0	7783408
FOLD	22497	13990	13990	10764876	10764876	0	7813082
FOLD	22512	13991	13991	10765641	10765641	0	7820325
FOLD	22593	13992	13992	10766412	10766412	0	7866742
FOLD	22594	13993	13993	10767180	10767180	0	7868107
FOLD	22595	13994	13994	10767951	10767951	0	7869354
FOLD	22596	13995	13995	10768719	10768719	0	7870662
FOLD	22597	13996	13996	10769490	10769490	0	7871956
FOLD	22598	13997	13997	10770258	10770258	0	7873175
FOLD	22599	13998	13998	10771029	10771029	0	7874609
FOLD	22600	13999	13999	10771797	10771797	0	7875986
FOLD	22601	14000	14000	10772568	10772568	0	7877219
FOLD	22604	14001	14001	10773339	10773339	0	7879810
FOLD	22607	14002	14002	10774110	10774110	0	7882481
FOLD	22608	14003	14003	10774878	10774878	0	7882586
FOLD	22609	14004	14004	10775646	10775646	0	7883903
FOLD	22610	14005	14005	10776417	10776417	0	7885143
FOLD	22619	14006	14006	10777185	10777185	0	7890890
FOLD	22620	14007	14007	10777956	10777956	0	7891023
FOLD	22621	14008	14008	10778724	10778724	0	7892297
FOLD	22622	14009	14009	10779495	10779495	0	7893579
FOLD	22623	14010	14010	10780263	10780263	0	7893734
FOLD	22626	14011	14011	10781031	10781031	0	7896445
FOLD	22633	14012	14012	10781802	10781802	0	7900703
FOLD	22634	14013	14013	10782573	10782573	0	7901990
FOLD	22635	14014	14014	10783341	10783341	0	7902155
FOLD	22636	14015	14015	10784112	10784112	0	7902401
FOLD	22637	14016	14016	10784880	10784880	0	7903677
FOLD	22638	14017	14017	10785651	10785651	0	7905047
FOLD	22647	14018	14018	10786419	10786419	0	7911205
FOLD	22648	14019	14019	10787190	10787190	0	7911306
FOLD	22649	14020	14020	10787958	10787958	0	7912626
FOLD	22650	14021	14021	10788729	10788729	0	7913885
FOLD	22651	14022	14022	10789497	10789497	0	7914107
FOLD	22654	14023	14023	10790265	10790265	0	7917201
FOLD	22655	14024	14024	10791033	10791033	0	7917372
FOLD	22658	14025	14025	10791801	10791801	0	7920147
FOLD	22661	14026	14026	10792572	10792572	0	7921593
FOLD	22662	14027	14027	10793343	10793343	0	7922870
FOLD	22665	14028	14028	10794114	10794114	0	7924341
FOLD	22666	14029	14029	10794885	10794885	0	7925618
FOLD	22667	14030	14030	10795653	10795653	0	7925806
FOLD	22668	14031	14031	10796424	10796424	0	7925962
FOLD	22669	14032	14032	10797192	10797192	0	7927314
FOLD	22670	14033	14033	10797963	10797963	0	7928674
FOLD	22683	14034	14034	10798725	10798725	0	7937360
